reviewId,userName,userImage,content,score,thumbsUpCount,reviewCreatedVersion,at,replyContent,repliedAt
gp:AOqpTOH4jkWwTSrxrMPtNh8BTXIRhuF1xcJU_XZhymOEkUx316zZJq4dxvKwbRua52N9jRzbfo2GZKQZRlPp--I,Mark Line,https://play-lh.googleusercontent.com/-sRdTa820adI/AAAAAAAAAAI/AAAAAAAAAAA/AMZuucmeF8MFFbecNHNIuwtNr-XDHgu_ZQ/photo.jpg,Best dating app ....love you lovezy💓💓💓,5,2,,2021-01-26 18:36:39,,
gp:AOqpTOF7AYLk7uHZOXqHb_eQ9d3z_pgCM7SjMLzzQ_hx1wNMq3BgB4gC26kftDZQm0TAY39EnDXbGfjUS_mTVAw,DVL sports,https://play-lh.googleusercontent.com/a-/AOh14GjpWbiD3BD--2xsoEKOzKF67NGjHukLkKEk9ma_,"Fantastic dating app,love you both..thanks lovezy...",5,9,,2020-11-26 20:04:21,,
gp:AOqpTOEFvVNRO9JeSmKAhcBT5EBVb2fUWX-NCpE38FsMntD2-VGpLaCcf10ZXc00eJ4r13uBC7yiNSvuv7_VOjM,zasia vlog,https://play-lh.googleusercontent.com/a-/AOh14GgVUZdBPC9O2abLVh_jSexA7atzOK-5-6Gobk2g,"💓Good app, better than others...💓",5,11,,2020-11-26 20:00:49,,
gp:AOqpTOFvj8z3z8f8e-L2gYiOxzRm6afkxWc2sb5ZYRljmrQHdZupYNFejKrE2HNhzw3UG6wa7KJQ8Vpp6cXgthE,Rusiru 735,https://play-lh.googleusercontent.com/-0hnA-S231aM/AAAAAAAAAAI/AAAAAAAAAAA/AMZuuckJIGisMa0cYkQnlnSFXdRWOyXHdA/photo.jpg,Superb dating app..😘😘😘😘,5,9,,2020-11-26 19:58:06,,
