reviewId,userName,userImage,content,score,thumbsUpCount,reviewCreatedVersion,at,replyContent,repliedAt
gp:AOqpTOEI67Ggx0GqJNWWKLAJXhH8ipvCLjg3FeYqckYPgguPGehNmlqu2Yozw8T499VLF_CBD6AczS9dzPO9O8g,payal k,https://play-lh.googleusercontent.com/a-/AOh14Gije4ja9-BRNc6kaddzU0lsinHgNrhdHX1UfoeaYg,Can't select a card for full size while browsing. Can't save or share either.,1,2,1.1,2020-01-04 10:23:25,,
gp:AOqpTOFAmR8hHRmpUF-46Hx6I1XjutHsDy0ydQcR87zJosVGK9y1HnKAp3fxIdWXhtuvFPU6r-0q18dhh_YmaUM,Đặng Trang,https://play-lh.googleusercontent.com/a-/AOh14Gixy65RQwKE0kVNC1Z4lAo1DIScIxn9pEe3ehpoJg,Cannot unlock bonus audio even though I've entered my email and click sign up button. The popup dialogue simply closed and nothing happened. Already tried several times.,4,0,1.1,2019-12-05 19:54:31,,
gp:AOqpTOF-1jWF05n0RRo5yeq6MOQSmhHXOMzJ53evnoMsrloqva8726rAdaSYOTnZ79nPHmp7_9fS78ejrv9XmMc,Honey H Vachhani,https://play-lh.googleusercontent.com/a-/AOh14Gh4qGfDeVDKJJ3Og6bvXZhl8E-d4Mq-2Pf4p2OUd0Y,I love anything and everything by Louise hay ❤️ its such a beautiful gift for any day to start with . thank you Soo much ❤️,5,2,1.1,2019-05-08 13:01:14,,
gp:AOqpTOE0gFlz3Ka4OPNoqOMsvcgFKhdP19SlByXy9INI79wWToD4c58_5FYKRydbh-wlR358EF0rTrMrK5T5EjY,Natasha Fox,https://play-lh.googleusercontent.com/a-/AOh14Ghui_c4QkRlp2ytlr354yUoMA1BODBak-5BW3fvaIY,A daily notification would be nice.,3,6,1.1,2019-03-22 02:53:58,,
gp:AOqpTOFJkXDYuyWiMcbRr3OaZuZWkyg0Kl_10jsFRLwgsA7veUdAbviDfUEiW6yZyhZJVzrBaAZbqTQn6wUFERg,Sangeeta S,https://play-lh.googleusercontent.com/a-/AOh14Gi84r1xml5rpYvIaaD5PERXt5G4UVK9YpQosRogMA,Absolutely wonderful affirmations. Each and every affirmation you draw lifts you up.,5,1,1.0,2018-11-18 23:56:55,"Hi Sangeeta S, Thanks for the good review! We are happy to hear that you are enjoying the app.",2018-11-27 15:06:24
