reviewId,userName,userImage,content,score,thumbsUpCount,reviewCreatedVersion,at,replyContent,repliedAt
gp:AOqpTOE5jZ-qnWX9V9L5aN1uMu3Voul1SGIUZa2QEtbagQBmB8lvFiWSytMzf9cpUY5NX2fNpOAmzguDboDSQyE,Frixed,https://play-lh.googleusercontent.com/a-/AOh14GiqhqNOK4LsBMeE6u7sCiKmrcS_JGtXJOMPdFUD0A,I have a bug with the game it keeps loading..,5,0,1.13,2021-01-29 08:25:04,,
gp:AOqpTOHe7aT1UO4L3Ed77zP3AHQshInevNzinHOUWNV1zsyVNR9J1xWpk1_zhjXQsmH4o036ZkY4NDLifrlVeu8,XD3ADX,https://play-lh.googleusercontent.com/a-/AOh14GjHN87ci6QH5JCYhllG-j86geTBxZpZ0mBPcP0A,"Honestly the BEST rhythm game ever made, truely unique. Controls are smooth but good luck at higher levels as this is the Dark Souls of all rhythm games and Thumper offers up a challenge so hard it will have rage gamers destroying their homes. Graphics are nice but at higher levels it can become almost impossible to see everything comming at you. Music in this game is so refreshingly industrial. Give us another Thumper! Darker, with deathstep industrial music, which is perfect 4 a game like this",5,1,1.13,2021-01-17 13:28:04,,
gp:AOqpTOFLqAQtZFMZlYIMZQ5ZcIQlHnLXC2Xua5Wxgji_HRvzwKYb_UodHbYCpdMYaY4_AS2uY9FWoc-BGSxQ4HE,patch 1105,https://play-lh.googleusercontent.com/a-/AOh14GhdT58BtxGjjjJHeyrYPqZuJvnW5t5aDunvajGO,Sick beats,5,0,1.13,2021-01-11 23:09:57,,
gp:AOqpTOH87WUv6xYIM9lzgxIi0zSLpSNq0AzzTePKj9blNOQV65kIMlw3FmWfQjMqsPea4yr3VY8Ji5cL_-H35Ak,James Orbase,https://play-lh.googleusercontent.com/a-/AOh14Ggdrq10py8HQBdx18NAFRauCv5o9Uth6icPPHwVCA,"Okayish port. The swipes are the hardest part of this game unlike the console ports. If there were button options, the gameplay might be saved. But S ranking Level 4 onwards is a nightmare with gestures.",2,2,1.13,2020-12-17 05:24:10,,
gp:AOqpTOFoh02pbQuk4VHU2JOA9zdu7eJ1HbeLlNM-4L-rAnDbTrQtWmT9ZrErkXnpEMJ87Tns8OjRdFvXs5W58t0,J P,https://play-lh.googleusercontent.com/a-/AOh14GiCg7TeY7mHkri-c1Viue6qEHgAjvn-2DgPhg4lPg,"Play with headphones, enjoy the ride",4,0,1.13,2020-12-14 04:43:47,,
gp:AOqpTOHjWe3zUeqaK2Byq6OBS4vGBqTX8dr26UlKY8pplBVktv2-MjLehV13htr17X2TTUYARWBvJM-i866RmI8,Ian MacLellan,https://play-lh.googleusercontent.com/a-/AOh14Gh8ElKmiYNPmnHysgMKK-ma8y4CNGG2N0mZa07iQ4U,"Very good for a mobile port, a bit finicky on the controls but it's still exactly the same as it is on console and PC",4,0,1.13,2020-11-25 17:59:55,,
gp:AOqpTOHRhxm43M2i4FraxW170UXLc7pTg7CRnuNmXfDYsy6fRE63WOZi1MpZI2agtEjBmdaS-Ck5Xv6ovwT4tlI,Алексей Тихонов,https://play-lh.googleusercontent.com/-WCWPzd6-y2w/AAAAAAAAAAI/AAAAAAAAAAA/AMZuuclRE3_ZyXHlaXusph9twC40kWyr9g/photo.jpg,Good game to play on the go.,5,0,1.13,2020-11-24 06:10:54,,
gp:AOqpTOEQPoxfh_u6NbSUDjTXWH1F-Le7DM_7AHsA-YH9Jc6QTBXJvfPnnjaX4osIQuvadh3ibk1dHK95Q9PeWAU,ליאור שטרן,https://play-lh.googleusercontent.com/-8ehum5t_-8g/AAAAAAAAAAI/AAAAAAAAAAA/AMZuuck6ev7_eHjW9c4u1hPIiYj4giAUww/photo.jpg,"Absolute treat! A rythem game with unique horror visuals. Runs without hickups, doesn't require suspicouse permissions and no micro transactions! I want to see more games like this one become popular in the play store You dont see it in the screenshots, but the game supports landscape mode. The game also supports gamepads (worked with my xbox one controller)",5,3,1.13,2020-11-23 23:10:00,,
gp:AOqpTOEByOX0iE61v8xEJ3Tz4-zR0WxcbBklIvhLOOwtmX7bE6rJyty0T6dz_JSMRHbwEdWRr9wmrf-UOsJFvlU,Dr Hassaan Shahid,https://play-lh.googleusercontent.com/a-/AOh14GhmVN12fxDjsDTTHZXpHqkwJE4n2AtaWMkWlMZd-nE,My new favourite game .,5,0,1.13,2020-11-21 00:46:23,,
gp:AOqpTOHLfo_VFuNhCkSJrnAWWXJYMOZyiwSGiNLAsg1zSIjc3XtExxrhw687RmBfsC0c3S6GabsMvGaRkdE19Y0,TheGioGrande,https://play-lh.googleusercontent.com/a-/AOh14GiUOzMmnVVZAlAzoZF6GGjFl0B9RNgRJtHMD60AQw,"Good mobile conversion! I first bought it for PSVR, then on PCVR, and now this mobile version. While I still prefer the VR experience, being able to play Thumper portably is a nice-to-have. Controls are as good as they get for touch, and the performance is stellar. Very well optimized for a game I've now triple dipped in. Good work DROOL 👏",5,2,1.13,2020-11-17 19:29:49,,
gp:AOqpTOER1h87joRG4NrtMs0ysTktc4HpMzqUpehEDZUUGStD3L_miklxet0_pWxeeLjB12A8yCMsy4zu2qj385w,noire_21,https://play-lh.googleusercontent.com/a-/AOh14GiccgxJzivRIuh9RPz3zD75S8wn5l_UFYwOrpvq,Enjoyable!!!,5,0,1.13,2020-11-17 12:06:15,,
gp:AOqpTOERERofBUfixqq4AYUMBFNMTJRv2lwOsDPc4CVbjvrWT8T_2YRsiQyK1y1YwgQzBWOU_Zr6xqOa4Gqyy-w,Santanu Nath,https://play-lh.googleusercontent.com/-TGvzT6jmf6g/AAAAAAAAAAI/AAAAAAAAAAA/AMZuuckFj8LrWpFyRZjFsZriap50Zyxn4Q/photo.jpg,"Third class game, I want refund.",1,0,,2020-11-17 06:17:28,,
gp:AOqpTOFz-PS-QLdkWr2GjgoQ6MfcSeCosXtiayBes75p3hqxM9KR-EEmfuVnBVDGwNiXEfivrGJn3JT-I2jUdN0,Steve May,https://play-lh.googleusercontent.com/a-/AOh14GgxQ-Cz5hvv1SbQf1arKxF2ZKBaenrSuP6fPLtNHjE,One of the best games I've ever played.,5,0,1.13,2020-11-16 23:51:56,,
gp:AOqpTOHV7bHqozsNYwkLMSqhp-TZMobGdlp2w0Df2U3hEyw4kfXZakJ9jNq0Tv5w2w0qnMMqREN63M0dWshnRm4,Ian Holstrom,https://play-lh.googleusercontent.com/a-/AOh14Gj_2clQrZDp7oSVIouwwvEeU_edWJmigj9nNjwvqw,"Refunded. Swipe detection seems to be either delayed or simply poor overall. Love the game on PC (& in VR), but this swipe implementation is obnoxious. It seems you have to swipe very early for detection to occur, or otherwise you get smeared against the wall from a failed turn. It just isn't as immediate or flawless as a direct input device - I wish they included an on screen button option. There are also instances where the smaller screen further obscures taps around corners. Played on Note 9.",2,9,1.13,2020-11-16 15:33:34,,
gp:AOqpTOHj-OB2zrzU6MgVkNOBezsHZNX3nbCfTZ0dUBGyQJhuCHaPwLTJofWvXqmm5Nsb2skSIJheWuGpNCwobSg,Ruby J. Scheme,https://play-lh.googleusercontent.com/-Pq0aY26EOpQ/AAAAAAAAAAI/AAAAAAAAAAA/AMZuuclpq_ZNZotxW2cpuNV3nDvSASo5WQ/photo.jpg,"Gorgeous dark runner. Not my kind of game, though.",3,0,1.13,2020-11-16 05:30:06,,
gp:AOqpTOFBh3LswpUsZPb6e7Q39MfRLcz3Qch9hyXaxKdny3NYYTvPqVt_mm69VjKs2FzSaj1O5iuVVW5_3nrNZKs,VISHAL RATANPAL,https://play-lh.googleusercontent.com/a-/AOh14GjVQ2uubsciTBda9zjYw3rsyDOcqpDUK9oUEWdz_Q,Awesome game.,5,0,1.13,2020-11-16 02:39:56,,
gp:AOqpTOHGPxtG__TihLZcgtXbRAFDpzmz7snvdyI5Iqav31YNuQRAlmICEEQaAGq5rcyGdwr8CXOYT3yxgTy45Gw,Román Rodríguez,https://play-lh.googleusercontent.com/a-/AOh14Gi-PbUTf9E72LV6F84_Uy0UbVzcUZm-hkygwwr0mA,This game is AMAZING.,5,0,1.13,2020-11-15 21:45:06,,
gp:AOqpTOHM6JQQBvbHP8Ys2-k9co5xHfsGK6L0_9kaI9YCMi9BtWNibKagqwVXBKOR10YlgDE8hZIChaCTxsl8Ki8,Gerald Singh,https://play-lh.googleusercontent.com/-LcJxIz426so/AAAAAAAAAAI/AAAAAAAAAAA/AMZuucl7P6Oy90N5osuWoHHjJIXZMsmDXQ/photo.jpg,This game is awesome beautiful graphics and stunning but easy controls 👍👍👍👍👍👍👍👍👍👍👍,5,0,1.13,2020-10-02 08:38:32,,
gp:AOqpTOGpeX4liycr4JZgSgXtW1cFP4zBSVHI4xiU7Y42tjg2CHk0aTPCk1l6RJlR9I-WcXtzRB43VEZBMlHPQYE,Double Cleff,https://play-lh.googleusercontent.com/-o-8pCSSe_C4/AAAAAAAAAAI/AAAAAAAAAAA/AMZuuckFq-89QyOCfrE2-O-NEpXhTUZ_VA/photo.jpg,My favorite game of all time.,5,0,1.13,2020-09-30 19:08:05,,
gp:AOqpTOGDHS3P7tUcnIR6-YJEQu3BeTOkuqJNWymRF6zi_eKUli29VB03cbwRqXCPGAiTdWBkZJKb0xn3EwN5U9Q,Asher Griffin,https://play-lh.googleusercontent.com/a-/AOh14GiayU9agqH150-lyqBFU99h7ihK6FDyHTq8CugLkA,"Amazing Addictive gameplay, adrenaline pumping music, great difficulty curve, makes you feel like a DJ when you hit those combo's. Great fun and hidden gem. Big Up Drool!",5,1,1.13,2020-09-28 23:45:32,,
gp:AOqpTOHJZj2ARpYZmZl8kihKbsXAorCev5zIDRfhg3OYyTXxM-WZwAnr1DSQGr3CH8H_kKfYHZjUOjoK1Ul1ZG4,Mickey L.,https://play-lh.googleusercontent.com/a-/AOh14GjuS8Utrozfa-aszo1im2xiKP0exBTu-T2QdPms,"For a rythm game, I was surprised that it'd make me feel nervous. There's something scary about it that makes your heart ""Thump"". Getting good scores is's not easy, but not too hard that you want to give up I don't recommend it if you're feeling anxiety; tho when I play it, I kind of space out of my sorroundings.",5,9,1.13,2020-09-08 16:35:41,,
gp:AOqpTOFNDmFL8kmd15vFFI7dNC7f7PDKEwSyQJC6eUakdSbJCglk9eUFAPlC1E1VjDV-_6vKzlZetPC-W9k1-ts,Logan Campbell,https://play-lh.googleusercontent.com/-kdDpwfDd6o4/AAAAAAAAAAI/AAAAAAAAAAA/AMZuucnlB-qkDEkQbOYZHM3GEthQp7l79Q/photo.jpg,Just as great as the PC version!,5,0,1.13,2020-09-08 10:21:53,,
gp:AOqpTOHC38h6q2tK4MQvH3O_-kbxP4AsP0DANzffGqvxrL3mgc0cwp6upGgi3qLyBSKE2QScBUpAQV_FBIaT0Q0,Cameron Erdly,https://play-lh.googleusercontent.com/a-/AOh14Gg8qtf-NtMYVTdJmZlP-Hd5KIVwpSgixS-f6mdx,This is an amazing game and even more amazing considering its a mobile port of a console game! 5 stars,5,0,1.13,2020-09-03 04:15:13,,
gp:AOqpTOHDlbNLn8Xeu-Lx0NcGNStNeztH4zI3PBc2twVyAlVzqJl-1_ISNJgbQbDhZiUCmQaMf0rRJWBPqLLj2no,Matthew Hansen,https://play-lh.googleusercontent.com/a-/AOh14GgLpbpTfc6EebL9SZ8iT5xMqRYx5WIPLUUZhsg4,"I'm so proud of you Drool!! Its even harder than. I thought! In the past I've played on PS4, but it was my dads and with my little brother, and his Fort ite addiction I couldn't always at. So I bought a Pocket copy for my Galaxy 9! Controls are easy to get used to, if your me. But I would recommend changing the Lane Change controls. One thing I want is a wide screen view! If you can do that, I'd give a 20-star, if I could!! Thanks alot Drool!!! -Smallberry",5,2,1.13,2020-08-11 13:08:16,,
gp:AOqpTOFGSoRrrsNxms9uzmVp3qjwetab2auQ1VgzNFjbStSoCWo8nCvfBi28SZP0daz88CKykENqo-iGzu_RY-Y,Akshay Dabhadkar Music,https://play-lh.googleusercontent.com/a-/AOh14GjCVPW4XVOlO20IGMmHoofH4_qCmDQT9dY7BFSa7Q,One word - INCREDIBLE.,5,0,1.13,2020-08-08 08:19:40,,
gp:AOqpTOFg1oH1elVHsWmD2bJ-YbaoaplBMXmIWXC186mYr144sXxAGwsNVh7B0cpFBofP2kJvHdBvukmUsXeUPEs,Ben Sommer,https://play-lh.googleusercontent.com/a-/AOh14GhiYNnpIdK_dw5SHcdZaoYvNWP9lnB1RRDjmBuN,great game,5,0,1.13,2020-08-05 09:01:34,,
gp:AOqpTOGV60Icoc-wiHfwoX5l-fnIdCA22tp1UH9cDXqaLSyBG5biofsn2GUqVCTuulqKOADHvBA11w5LuVGWPYA,Kevin Valdes,https://play-lh.googleusercontent.com/-RGOb68FHHAY/AAAAAAAAAAI/AAAAAAAAAAA/AMZuucmjKwa0iF0iYogdRW2vrUGfIOzuVg/photo.jpg,"Fantastic rhythm game, challenging. Headphones recommended.",5,0,1.13,2020-07-25 22:16:56,,
gp:AOqpTOEeFzRzhO271NAhDVa-Bkp-O9rEJDGxijdaL-WDO_63aIsYUrx-hql7f8ETHaUAG7iSjaETdn9bOroXouE,John Jennings,https://play-lh.googleusercontent.com/a-/AOh14GgBC8fqK2j_uDHSlQQ-VQVq30T5c7IJ6P0U53npOQ,Great on mobile and Sideloads onto my Nvidia Shield just fine!,5,0,1.13,2020-07-20 07:53:22,,
gp:AOqpTOHvexYTzCPT8bVtuPQW70sNdkISsmdbYfMPs9nN1h50mYq2y5w_L6wgGCk8-rETSP6dt6f489EnwJ68-mo,Youcef Ladjal,https://play-lh.googleusercontent.com/a-/AOh14Gi8NmJQOtrfbWb4nYlBLP4OdkIuQCyGJt65hCMMZA,"Five stars game right here. No less. The smooth 60fps are one of the best aspects of Thumper. The music, the sound and the art are incredible! Please use wired headphones for a better experience. The controls are easy to understand but so far my reflexes are bad ... I need to train a little more. I'm 2 levels in and it's already one of the best mobile game I've ever played! I'll try it with my PS4 controller and see if I'll do better.",5,12,1.13,2020-07-17 15:44:46,,
gp:AOqpTOFWlFjR7mnRF_OcVkLBOQ9s1ntW7hnmlfZ4npUwCKozdfr5Via-PbsreKXJAiCK24awTV2zbhwBBWQVkMM,Phillip,https://play-lh.googleusercontent.com/-T7IKamtdE6I/AAAAAAAAAAI/AAAAAAAAAAA/AMZuuckPz68_OjHB3uqHlSxeHRs8m0hpZQ/photo.jpg,"Pretty game and I like the concept but it doesn't work very well on a touchscreen. The parts where you have to hold followed by a turn will require you to use both thumbs but the touch detection seems to have problems. If there is a sequence of hold, turn, hold, turn all in a row it seems impossible to get it to work right. I found it unplayable with that issue.",2,5,,2020-07-17 10:15:38,,
gp:AOqpTOHPFaTz6NrrDq5TQ6UvxrPBN4Jn0L3mS4vNJqXUk5FPkeof8W4k-JpJ_TyF4KxFWlzbMDh5zXqKY3Wf4bM,Nick Motsarsky,https://play-lh.googleusercontent.com/-Jumr2CAuGos/AAAAAAAAAAI/AAAAAAAAAAA/AMZuucmcQmX5Z1HR8nBwonujX9Phkw6IPA/photo.jpg,"Add PC-style graphic settings, please.",5,0,1.13,2020-07-14 20:08:13,,
gp:AOqpTOFS4zKes7u3zyGGV8l6s9GBc2mLDagUOk_7WpYVf0Xfzq4yvRGTC02rrKWGPexJRAPxWRn5-IwSSmbMBCI,Sora Udagawa,https://play-lh.googleusercontent.com/a-/AOh14GhKrjbyTqnP0umsJFC8XTKwkNJDUAHMStFdul1w7g,Amazing.,5,0,1.13,2020-06-16 14:00:36,,
gp:AOqpTOFZfOLZV6G4uBicdMnqQZ4LmEp9ctf9XePjT4Uw0FxDaxx5XOr7IpE4uw6RsYPX81ceAnrOW8tZINWZSk4,shortcut613,https://play-lh.googleusercontent.com/a-/AOh14GiDNuwmn2BqsKwCIR0i-TBQKZyQ5ZBjlQ6kpWcBVQ,Incredible,5,0,1.13,2020-06-07 08:25:59,,
gp:AOqpTOEK0yonuVNc7pnUAqa7Q91NJu5VaBaKJrSbJ75tbaJXW4VVcb49Ct2Eoq-J23t8pOStL8mlRzUS2SIi8QY,Yonatan Epstein,https://play-lh.googleusercontent.com/a-/AOh14Ggxv7x-vJy-C_wCMHUr-P1l6HXMLuffpIVacqgzX9U,"Didn't expect it to be that good. The game is exactly the same quality as the Stadia version. This ain't no half-baked mobile version. I'll even say it's harder because swiping takes more time then using a joystick. One thing tho, for some reason the bass felt much weaker then on Stadia while using the same earbuds. Can't wait to see what Drool is going to do next.",5,19,1.13,2020-05-30 07:24:33,,
gp:AOqpTOGjVLf9YFdzlNDTI663QLkKaV--VpFdEeRCZ_KKAntYhR3FoVMTMTa3b-r_PrY_RyXNOPPwTWywY6We5aw,Craig Townsend,https://play-lh.googleusercontent.com/-V0whyvRdl7U/AAAAAAAAAAI/AAAAAAAAAAA/AMZuuclIkMH_LAg8nHqdcxCRIHSp9bjZtg/photo.jpg,"Excellent, one of the best rhythm games ever made. Playable on touch screen, but you're probably gonna want to buy a pad for this one",5,0,1.13,2020-05-17 21:37:17,,
gp:AOqpTOGdpReBYi0LhUtHA-hTxuFwOMQN0HECdJuhOMKI_ghSgl5081Qj8Mn-SOealAbVdLMQixCZJGrtQcNLcFg,tariq mahajne,https://play-lh.googleusercontent.com/a-/AOh14GhFZdf6OfE8r9NBU8kbqWhDmuDX5E3v4_Wwdeyohg,A unique rhythm game,5,0,1.13,2020-05-15 19:15:41,,
gp:AOqpTOGvN_E7lDG4BoB3mTI9-Z3tcqvxQa_BS8MASIVmx6m-V39Yy1mwCapcrNuUN_qquwOALPGeZi4R95zgPAc,Mr. Pennyvan,https://play-lh.googleusercontent.com/-I8MYnrxgYms/AAAAAAAAAAI/AAAAAAAAAAA/AMZuuckB2K_44ZkyplRD9vWJU7bs8jf1bA/photo.jpg,"Disappointing The controls are very hard to get down and at sometimes are unresponsive. When I swipe to turn left and right, I have to drag my finger the whole length of my screen, because if I don't, my swipe is too small and the game doesn't recognize me as trying to turn. And even if I do, my character turns at the END of my swipe so I have to swipe BEFORE the wall actually hits me. This means I have to go off-beat to not get hit by any obstacles.",2,9,,2020-04-25 12:11:41,,
gp:AOqpTOFoS7dqqawPGM-Gt8C_TIYTPkFbU8rWYaj6OktA-OhG1i0iRkcXbSBDbqObaZQt663zYxQyQkGvbEb4OPc,Kevin Delorme,https://play-lh.googleusercontent.com/a-/AOh14Gj5TCEhfvKZxy-njJNKhjOLrruA_FEJyIzKYCPJ,"Best...game...ever. These guys did a good job on this game. Is there a possibility of adding vr gameplay to this game? I see that this game is available in vr, but what abouy the mobile version, so i can connect my controller and stick it in a vr headset.",5,1,1.13,2020-04-19 15:50:08,,
gp:AOqpTOEzjqRkUjkvtW7WUCQ3iPx-WUN_FooSHCbbpJDjw-1iBcOIOHSyuulm3z3g1fD2AATz83uYSAfi3so8VPU,justin wyatt,https://play-lh.googleusercontent.com/a-/AOh14GgG8aGq-vSF3OXob0LF9a8C6a_1iysZKcKAwZdHBw,The best rhythm game periods. There isnt one word in the game because that's how good it is,5,0,1.13,2020-04-07 22:20:47,,
gp:AOqpTOGZO2jVe_KSZaYE_60XzDjfAqQm2_G93D6Cn8X1p5chNo_4iYUfm499gjdShY8OPTu6r2pGvwkXc1eYevk,Shayne Read,https://play-lh.googleusercontent.com/-4KLu6VpkaVQ/AAAAAAAAAAI/AAAAAAAAAAA/AMZuuclBiRx5LIGAOInRIhkY3x9KUAVJog/photo.jpg,"Excellent work Drool. As far as I can tell so far this isn't some half baked mobile version of the game; they've actually ported the full game from other platforms to Android, and given it a user friendly touch interface and scaled it to work well in portrait mode. On top of that, the game recognizes a controller, allowing me to pair my Bluetooth controller, turn it to landscape and effectively play it exactly as I would on any other platform.",5,5,1.13,2020-04-03 01:50:45,,
gp:AOqpTOGYkScSNGqj6Ot0s46nR9Y3TUsCfebvEZikMfZ6ITtTzyFf22tH89HSBGg03WMSnSmFA0u3q6cgITA_qv8,TZ Lai,https://play-lh.googleusercontent.com/a-/AOh14GgmftFQq_KC8cQEdTctqHl4TUStc4iOIp_8ASwakZ8,Cloud save is not working but this is a game I don't mind to start all over again.,5,0,1.13,2020-04-02 21:21:51,,
gp:AOqpTOEyEAWysWP6qz1N_f3s47Ca4A9LORke6FQVVRtvvrYRg1thDtX8iQ69y30lCacelsMqhbL6ELsPdLVxS34,HimDim gaggillTRON,https://play-lh.googleusercontent.com/a-/AOh14GhZE88u8gObMn3_hCHsjzNSoIW1DzCA1aWqI4Nm,"Hands down this is by far the most original and different mobile app game if it's kind and for.every reason it's arguably the most intense, fasanating and energetic flow with Psy feel and play leaves me breathless. This game with a killer phone like my LG V50 thinQ any phone with a snapdragon. And some killer headphones. This is a fantastic and most importantly beyond the mind's eye of games. Geometry and in and out of dimensions there's nothing like this. 5*",5,1,1.13,2020-03-21 21:37:36,,
gp:AOqpTOEn2DEHkrOx7u_8CFiprJuDc-9De2ielMiDhQQD0NTpEnKZ41SN4_fK6Tlm60V17weMRlUe5hh5O_pJqVA,Dietmar Schröder,https://play-lh.googleusercontent.com/-Jyg-LCmYDig/AAAAAAAAAAI/AAAAAAAAAAA/AMZuuckxB_qLFjyWiMzX0kgKig2qYLij3g/photo.jpg,It would be great if you could add support for Android TV (i.e. Nvidia Shield).,4,0,,2020-03-19 01:43:36,,
gp:AOqpTOEa50yncK0FL7mrfHGcbMy-JGnR0WCGzkfnJUy4Cjck_6ACM49OavuJj_YJIzrlxVMstnmtUBxcCc-kYm4,Royale Pissmat,https://play-lh.googleusercontent.com/a-/AOh14GgPNzgX2tI-kahA9M7N9wwb4kEXRE_oAfO2ySdaDA,"I love it but on a phone its just too hard. My reactions are fine. But when I get higher points and the beetle shines blue and I get a bonus point right before a turn plus having to hit another blue and also hit gold bars it almost blinds you from seeing the turns. I'd imagine this works fine on pc or console but on a phone screen this is just hard as nails. Plus you cant arrange the buttons. I find this impossible on landscape, so I use portrait. But no arranging of buttons cramps my left hand",5,0,1.13,2020-03-03 13:13:57,,
gp:AOqpTOHglJ6Rew4jk1_KXUeDN6iO0qy1Ir6PE657u7IcZGxzF_9oLcmGqpF7H0kmSv88f9-bcoUwSEgSZJc14Ho,Pokezy,https://play-lh.googleusercontent.com/a-/AOh14Gi5FKaFbtjKBH29EdTWNuM2On8iyVzCM1MlPkmXG6U,Amazing game!! Beat the whole game,5,0,,2020-02-19 20:52:57,,
gp:AOqpTOF3SosgY6t9VZ7N4qQS0GQVQyRBA3NVsAzjwB4kAnXxQUy9yZ77yVm48OmyogpEwIbv9-KJfGJ2adUR70U,DIGGY DOG,https://play-lh.googleusercontent.com/a-/AOh14GjFfV8ggzMjkGy-OJXVXJalUp7ivwVxrzMFees5uw,The best rythem game ever,5,0,1.13,2020-02-19 17:54:39,,
gp:AOqpTOH7-5cZbV32DZfR9KnjsVlcII766cm56MmYdZBnEMp6FfXr3rTZCkSQ6uWbX8vSFexLbZez54hxksTzwGs,evan,https://play-lh.googleusercontent.com/a-/AOh14GjQtvf7MpaM0cKW_KeC-Xm18r-b1C0nzAHXpacQcQ,Had this on xbox and playstation. Glad I can have it on my phone now!,5,0,1.13,2020-02-15 02:37:45,,
gp:AOqpTOFIYq_Qg_5rsqJXTHJTDU2rwVkS9G9SSvV9ydmtzjc9YseZOmZ-jrODBxBewJ420JmlS3DTXuMam4FqNGo,Lewis Jackson,https://play-lh.googleusercontent.com/a-/AOh14GiEgvRGJutOT1vAKVldUMLsFKNEWXi5_1adLx3U1A0,Perfect Android port of one of my favourite rhythm games. Bluetooth gamepad also works 100%. Well worth the money.,5,0,1.13,2020-02-13 08:09:22,,
gp:AOqpTOHSqCNfgvmfgDjCN0wuNrlBBTJZBsx6e99BmJb-JTHCirIIme7ojbPBgmeypEtm4V9hKPUrhtpeEt1xLPM,Troy Lauffer,https://play-lh.googleusercontent.com/a-/AOh14GiSJXPnGnwqo5Tts7B4sNkE4wU7t0VrVkaFTMzU3vk,"Slick as snot, hard as balls, genuinely freaky. It's too hard for most of you.",5,0,1.13,2020-02-06 01:00:12,,
gp:AOqpTOElimer2CimjMHtX_9xF-fCKabgdq3BrJW017ExA7Dn6uu-H7eSfTnwfSZScc7pTTyysP9XHwIm0ESVd_U,Alcor The Wise,https://play-lh.googleusercontent.com/a-/AOh14GjjyQXlJg9DzYGfS2Yp1Lc2C43IE3vFuyAn2r1DBw,"I can see why there are so many complaints about the controls, and while I do agree, I found that with enough practice you didn't need to make every press absolutely perfect as the game gave you some wiggle room. However later on, in boss levels, that wiggle room tended to be more problematic as if you messed up then you had to start that phase over. Despite that, this mobile version carries over all the feel of the PC version but I do wish there was more to hitting the notes, like vibrations.",4,7,1.13,2020-02-03 07:46:20,,
gp:AOqpTOHoZvHUzXPtpCWP39VWiS0fEzlBV4SqGaLf6v3p5wwJMA9q9d_zl4JN-8F1vRvtmj7eHE0ADLeYFBMG44M,Thomas Chan,https://play-lh.googleusercontent.com/a-/AOh14GieyMGPmvG156oZQsMtXsxshU1gtpmz7QwcH1YvfA,"Great concept, great graphics, but the controls aren't that good if you aim for perfect timing. Button contols would be way more responsive than swipe controls and I hope it could be added as an option.",5,0,1.13,2020-01-23 07:38:03,,
gp:AOqpTOH0OPRmp2uIQB_m_mp0BNrMwl3RT0yxEJV6dPuJM26lFHmpv_3_HlmDH--mwG_VNlrqHvGvJx6J_RI6uPY,Alex Simpson,https://play-lh.googleusercontent.com/a-/AOh14GieuafIAj_IEQcq5noKXjcZqPXUeufik7gOVuzy-w,Absolutely fantastic game. Already had it on Switch and still bought it here. Definitely recommend playing with headphones.,5,0,1.13,2020-01-17 01:59:50,,
gp:AOqpTOFVGLC7H4skWvG7T42lTpHkGI006rUZQXRTktH8C-V1nmvwk4WmgAbhbwNl3AnPE-CUg-YPmCow1PmpTis,Some Body,https://play-lh.googleusercontent.com/a-/AOh14GioBJr6FXj3Nk7c1ZgiMTN8qBzxaIh9AmUUTNcbMw,"30 seconds in and it's just as addicting as on stadia! The experience in mobile is very different but the get is such an amazing concept that it works on every platform that it's moved to so far. My one gripe is that the bettle vibrates when holding the phone still. At first I thought it was because I hadn't had my coffee yet. It could be that the accelerometer in my phone jitters, but there should be some stabilizing put in to smooth out the beete jitters that others have complained about too",4,1,1.13,2020-01-12 05:00:13,,
gp:AOqpTOFn3IGm-wcGI0AEPqSnSwwcr-rBzCW4xHGIyCyXM7pw4DKtyC0d3Hzc-6prbLvHVqq2HP7xLmOdtJ5xaNk,Illia Chiernov,https://play-lh.googleusercontent.com/a-/AOh14GhZaOVixYVF-EAMfq3e8j1HEVFG8O4iKTH9tkv3wg,One of a kind psychodelic rhythm game. Very good at that.,5,0,1.13,2020-01-02 08:45:30,,
gp:AOqpTOHJJbLokXt9B8yT28Mbn-nXXa21iBL7KR6cz91zX6auu7NzSQ9FWw5p-1rJWq8jdI4jBvW1Jrb_qvctgTM,Tianna Wiggins,https://play-lh.googleusercontent.com/a-/AOh14GhgGLje5xNFKbHEEcFsk124ldswnGxDqmjOJXug5Q,I liked it,5,0,,2020-01-02 03:37:35,,
gp:AOqpTOE5wAvfpK7q_W_JnOusD-AoOjyRApGOLqhKkNPC2gqaV6e5gI-AwBY7JhRMoo45nyf0YshmEmGZ3s2lEJc,Brian D'Souza,https://play-lh.googleusercontent.com/a-/AOh14GgOKlMDfCOd8HV-I16jSnvxBAwV67wrPj9BtjNnVSo,"This game is very short. You can complete it within a day. You get an adrenaline rush playing this, it's that fast & exciting. The music is cool too. I would like if the dev add the option to continue from a particular level instead from the beginning of each level. I got it on saleand would suggest others to get it on sale too since the game is too short for the price they are asking it for. I'm waiting for a sequel.",5,24,1.13,2020-01-01 05:02:25,,
gp:AOqpTOHJvy89jURGq4z_jPr4sx3XZsUobUDx7uTFbfts7s6Um4UsfAhqviq9ie7ieRZqe-uwSIMlyk7h0y031ps,It's Andy,https://play-lh.googleusercontent.com/a-/AOh14GhxA6uJHlpqeujncMFfluGszni8TgtqnLDEc3NG,Very challenging and thrilling. Was excited when this was finally added to mobile.,5,1,1.13,2019-12-26 11:47:06,,
gp:AOqpTOGd8FpKQijctNpIZpp3OLoes-YI1AH8eqWM1yKh4gf5gqh8TBJzfyHl7T9C5IrIRm_kgiC_rlyJOdxgViM,Julian Cohen,https://play-lh.googleusercontent.com/a-/AOh14GiKXltnFwb9QcXcs_4DI-58GQPXVYOjO37PvEMv,Boring,2,0,,2019-12-25 10:52:50,,
gp:AOqpTOHIpN4lLiyyZg8ZC1qHqLUXPc0zXeMpTw0It-id_Sm5v2UuHyoP8SNqGZ9wdOfqX1Nb90ULYo5B31mnmQY,Mike Watts,https://play-lh.googleusercontent.com/a-/AOh14GidJmDKPJpYXNAFeLJZOrxoCVyyJSunFvlqOd83cvs,Love this on PC but found it very tricky to play on phone due to audio sync issues and also swiping after holding doesn't seem to register correctly. Seems it needs a bit of fine tuning. Refunded for now but may revisit if there are improvements made.,1,1,,2019-12-24 14:15:37,,
gp:AOqpTOHBgJK-nu0uUL10NVfou_rUj1tfi6eWQ1iGlVjldCSvyQ3i4IYoi-siov6X0xL1BijQQOANhLLQ4LhYFHk,James Smith,https://play-lh.googleusercontent.com/a-/AOh14GjRD-1w1dThEqsouOa2ybVk1wijhXk32a_Sl0tufQ,Unreal. Own it on all other platforms! Please make more games like this.,5,1,1.13,2019-12-16 05:27:46,,
gp:AOqpTOGh9BZ2jmcxFkOLn-QjNbc4A76CMWGep3uelCBqaocsbYUclMUKYPBZf9fiU8NgleyPsUqgkiPk4AJ0w1E,Dante h,https://play-lh.googleusercontent.com/a-/AOh14GiVIECfEqV8_opm7KoouhAHAfp5lTiVNK1Vzn0jcw,One of the best games on mobile. The difficulty is perfect as it is definitely challenging but I never got frustrated with a level or felt it was unfair.,5,3,1.13,2019-12-07 08:00:38,,
gp:AOqpTOF_Z5IFGpXw5E4jexDKS-_q5k8gf02RN5QL0sFwmN63BKjh4BdxgRaJ1SM5lSSD39B29NpiyT_daw3ngeg,Chris Wells,https://play-lh.googleusercontent.com/a-/AOh14GgtMh6yrCedRuQmJDFueV7gSv6yAhIhePu3oayN9Q,Great rhythm game but the screen wobble effect is nauseating even after only a couple of minutes. I had to refund and uninstall due to this so please add an option to disable it and I may consider repurchasing in the future. Also an audio sync option would be nice so it would be possible to align the audio if using Bluetooth headphones.,3,2,1.13,2019-12-03 16:45:52,,
gp:AOqpTOGoORnzVCYL6TIEH5IfAJMYY_mMeAPJQoqgaNct1uFIl5H0mP2q29_jWWtfAG6RvY8IJndNry5kIL6EkC0,Ethan Schantz,https://play-lh.googleusercontent.com/-6QRa2s6TaFI/AAAAAAAAAAI/AAAAAAAAAAA/AMZuuck4paYS2dKGlqVLANmn0_L7WT-uaQ/photo.jpg,"Really liked the concept of this game, but on my Lenovo phone graphical glitches make it unplayable",1,6,1.13,2019-12-01 09:26:06,,
gp:AOqpTOHXOVyQ_VfkKd2YvPCAy2Yjo9Zgb2s0Dodor9cBN1uFRgckhJf6rEb4ySM_fChpQ7Sz2JYHlfL37-1rkZE,David Cunado,https://play-lh.googleusercontent.com/a-/AOh14Gg7yO6HPsESQYmIv1-pY2tGm-Skcj0uZ4p8G5LxLxQ,Gave it a try and wow so beautiful and amazing.,5,0,1.13,2019-11-30 15:18:48,,
gp:AOqpTOHl1vi2bJ2d1jZ2SWWNt7X9T9sWGACnW3tcsscfiR1DsMpo_eHJwTG6t0i2y2oXZn2_bBhwhpq3XW-kIPQ,Dean Wright,https://play-lh.googleusercontent.com/a-/AOh14GjhVjRW8esJFEFE6HVY5gNEOlQZqkIhxYXXOX7cYw,Crazy game!! Brilliant,5,0,1.13,2019-11-29 09:38:47,,
gp:AOqpTOGgBoUQr3IZXRWGdjrre0C8sBB5wconpPwkeVt23cyqhFVMfMVOk8zh64_5VVwdLc495GxmJ1sXXmC6MGk,Richard Walker,https://play-lh.googleusercontent.com/-FB-XV61tR4c/AAAAAAAAAAI/AAAAAAAAAAA/AMZuucnWKXsmxLlMo4CwS8hRPrYkhk4IkA/photo.jpg,Just installed it and sound stutters through wired headphones and speaker. Will be refunding. Moto G6,2,1,1.13,2019-11-29 07:17:07,,
gp:AOqpTOE3z48gjoXTjUGYuMQXBgKEQbGVnSBFRd9FDWj-RRpCj3Li5o15i7y-O8S2e92_1WUTRC0D9xBnhf3Bo6w,Cris Austria,https://play-lh.googleusercontent.com/a-/AOh14GiQdz_jfYljiMyboFzgLL6DJIJaPipoiZECiKZQFbY,The best rhythm game on any platform!,5,0,1.13,2019-11-29 07:10:46,,
gp:AOqpTOFn5TSdBiln3jbKTkgWazKdmh8D3jKR-m_Pwv_CNUvENOHD8TSiJv91yNBsF9uVOCghrjuBp_xO-WxuedI,Tuguldur Altankhuyag,https://play-lh.googleusercontent.com/a-/AOh14GhtoRkh72jK9q6wrI9N9AwwQ27YyZEFbLWXnWIC,I love it :D,5,0,1.13,2019-11-28 12:08:16,,
gp:AOqpTOGc1U-if-91o__avvSa6ylhtmY7ikXTjnaCjzYGOsQqnBsDJj8T1fPQJjBn4W8pODMB6cOH6zvoTRuWQRU,Richard Peake,https://play-lh.googleusercontent.com/a-/AOh14GhtBL1Tfqr9hv-kzrwSvt_-e3c2BZV4rs95qjawQA,Creepy? Scary? Fun!,5,0,1.13,2019-11-18 15:22:51,,
gp:AOqpTOE1lUdAsOGWfsnYTev6sWs1RsPJOidau-GelQ_cTZUJ6ZV_sc19dBynqsFhSopRNVd8Hm2ccEsIm-N_ObA,Emrald Blitz,https://play-lh.googleusercontent.com/a-/AOh14GjKqdRsyI5hLOjMy1arCXqz8rk8P6hbE4atCTFkNQ,"its a fun game, a challenge, and an absolute blast",5,0,,2019-11-18 10:12:01,,
gp:AOqpTOE3vhL2d8pd47qePbSWYYOqhojM9azTf5MkNU1r_ivpIZ0kD6IJgyvEq8mfhFnG8TXtwkIgkEtukAnGPKI,Sverre Rabbelier,https://play-lh.googleusercontent.com/a-/AOh14GhaPQcjS2x7cULa3_XP_udkOPpXi_4A2WD6SZmR,Works really great with a controller too!,5,0,1.13,2019-10-25 09:05:58,,
gp:AOqpTOHy97VxtesDKkyTV2puG1WW-Ix10j-FE8J9hk-MAoVxEbva70Onct-huus5ylicgXQGgsv_-1Sq2MSAUc0,Marek Lukaštík,https://play-lh.googleusercontent.com/-yVcbP1tE_Do/AAAAAAAAAAI/AAAAAAAAAAA/AMZuucmLfrF1q4FaItq7A6KREidt4av_dQ/photo.jpg,"awsome! Pretty hard with touch controlls, visuals are stunning! Xbox bt controller works now and its way better with it! No fullscreen support in Samsung DEX mode sadly :(",5,5,1.13,2019-10-24 05:07:32,,
gp:AOqpTOG7iyvYXwny7YSRy-K7qzQoMQRWQpBi9boKI17C5xqzJiwskgFfjPxoWFCPQDHv9O4kLMovUdavY2HbefI,Frøya Berg Navjord,https://play-lh.googleusercontent.com/a-/AOh14Giodo7RzFzH7rWwJReScVRUsAwFSL06u7Zu58t1wQ,Fun and challenging,5,1,1.13,2019-10-20 14:36:01,,
gp:AOqpTOHGIirlKJqKVhA79iSRQIM55xMvSQS8832hiGSGIRsmyTx04YtJiMwN5T5JKQRomS6Z8YAst8VWsvXwfqo,Bernard Hinton,https://play-lh.googleusercontent.com/-ISkw7Bys-1A/AAAAAAAAAAI/AAAAAAAAAAA/AMZuuclKffdanTGeawmrQ0e3AAaT7pbqQA/photo.jpg,Great!,5,0,1.13,2019-10-16 16:11:29,,
gp:AOqpTOGg4HjowKapeNb93e0mKiOU9MX8O9ku9Bsj5tWnRYYRHRnw94vMAQH1TGRbhkIHnvSrn8awPjjh6XM5BIE,Simon Carter,https://play-lh.googleusercontent.com/a-/AOh14Gj737KAdHRLHG97-CtNn9y57qo2hp4X8uiWf3q_ow,Don't know how viable it is but would like Android TV support too. EDIT: actually works fine on TV now with controller support. DEV: you need to change one line of code to give this full TV compatibility!,5,12,1.13,2019-10-04 05:45:37,Checkout update 1.13. It adds support for gamepad controllers. We've decided not to officially support Android TV.,2019-10-05 04:52:41
gp:AOqpTOFXLOxf4a_biFAoUsd8-bxDFtGbqcRWBE0QZ8rldG7R8Sd5shYjPAPAFz-3BMlcfFZExmcbASspIq2ho94,Fenyx,https://play-lh.googleusercontent.com/a-/AOh14GjUTCaViL9636BDtkMo3tanCBf337OUlYz3jKT1iw,"Edited review: This is still a great game - if you use a gamepad. Otherwise, play on a different platform. I love this game on PSVR, but as others have stated, mobile controls could use a lot of work. Was hoping for keyboard support, since this game is also on PC, but seeing as that doesn't appear to be in the works, I'll probably uninstall. Too bad - would have loved to hone my skills on my tablet as well.",4,7,1.13,2019-09-30 18:07:10,"We don't have plans for keyboard support, but checkout update 1.13. It adds support for gamepad controllers.",2019-09-30 17:08:29
gp:AOqpTOGS7WDOVIERSK1H4ATySssNi3ME3kqf6rGg7jXHQWAnSE_vt4eaVsPNLunFYvaHF2Wdg8XHAJoBOLAYumA,Logan Curtright,https://play-lh.googleusercontent.com/a-/AOh14Gj8Kv_kJQkTYY-uqXoyI7CHXNAlvfEg_yohzKhNRA,"Amazing, the biggest rush on android. The sound, graphics, and controls make for a buttery experience that keeps you immersed and sweating to keep that combo going. A huge shout out to the caring devs who just added controller support (9/28/19). The support was well implemented and has the game feeling fresh and more fluid than ever.",5,21,1.13,2019-09-30 17:17:56,Checkout update 1.13. It adds support for gamepad controllers.,2019-09-30 16:52:43
gp:AOqpTOELwZbTE_ZfO3Lqn7b7kxRuIR7CZymk8LZJHr_bUCUrPgcLf1on9WqVbP1w-OWkVBY8XFQFXobibVwfPfQ,Iban O'Launez,https://play-lh.googleusercontent.com/a-/AOh14GiJZH1Xux4BRN4IRAC7senyfP-Cy6V0B1JutgE6Ow,I can't believe they added gamepad support! Now this game is perfect and totally worth the price. I love it 😍,5,4,1.13,2019-09-30 14:57:26,,
gp:AOqpTOFBuLzQPFZl1nrYLPHDtbME3_ID4mMn-VjQXM-rCXNo96mO7UXWFEcJGSyo1NTYvzKhugZaFx776-6xUPU,D'andrae G,https://play-lh.googleusercontent.com/a-/AOh14Gj8qv3r199_dMIoo5EBey9Lukd6il224gqVogMZdA,KEEP YOU WANTING MORE!!,5,0,1.12,2019-09-07 23:44:10,,
gp:AOqpTOFFzbKr_UvWkXG6uPtUanMDdfpEE7HUCFLUKd9lYQ5OauF56FtRUrR8jxt8YtGBmIUjXDxSEzYwulfG5dE,Greedy Animal,https://play-lh.googleusercontent.com/a-/AOh14GhRLF_Umj795CGoizdKZvaezCC9FvrY32sV_9ZEdg,Absolutely incredible!,5,0,1.12,2019-08-25 19:02:38,,
gp:AOqpTOGGcKfws58H_L8-rPekNX9De1GDI5YmwfH4HN_F_aIIRewr7asFfOsqZ5UhiLffUxmQeD1LnExN3guQUpM,Yan Grant,https://play-lh.googleusercontent.com/a-/AOh14Ggp54wrZjmKRIUPReRo7jEp1EFrYqEhtNFTOcgQVA,"As some who has played this game on PS4, I really enjoyed it to the point of getting 100% on it. The problem with This pocket version is mostly to do with the controls. Sometimes it doesn't work how it's meant to (swiping up to jump then swiping left or right to turn was the biggest issue), making it seem almost impossible. The quality in the sound had some issues but the overall high quality of the game never fails to impress me.",2,2,,2019-08-24 03:20:54,Checkout update 1.13. It adds support for gamepad controllers.,2019-09-30 16:51:50
gp:AOqpTOFEasn4xNx8y8bcCUnFvTM1c_8gEFLK4toyfQElhmS2YFvsfY0OvgC9biCEe2922k2YAVP4rRPBMeZTNFY,UniKr0n1c,https://play-lh.googleusercontent.com/a-/AOh14GjfqBaVLQvpLqmzbEs1OPDciBOkfog9ipKO-apbPA,Lane Switching is an actual pain in the rear and that's the only flaw. But it's such a big one.,4,7,1.12,2019-08-23 10:55:34,Checkout update 1.13. It adds support for gamepad controllers and you might find lane switching easier with a controller.,2019-09-30 16:52:14
gp:AOqpTOEy1V7WrEWALzWmqOmAj2OOIU0QsLMSxHJv5jZrSULPfyUfVvJy1MnYHjvNlDD4xasJXe8d8DXM4J8idl8,Russel Reclusado,https://play-lh.googleusercontent.com/a-/AOh14GjqrpbL788CCC4cBhKnGvnW_mNx10EKzf_8IvMXAw,"What a ride. After so many deaths, and having to retry again and again, i finally finished beat it (normal). Its atmospheric and cinematic music compliments its abstract and trippy visuals. Some levels are really hard. some levels require you to memorize certain movements, due to the fact that some movements (turning left and right, thumping) is normally visible from afar, unfortunately some levels hinder you from seeing ahead by adding absurd turns, overall the game is heart pounding and a gem.",5,2,1.11,2019-08-14 08:31:06,,
gp:AOqpTOGTpNTDlR0n0hgz2RkiDugCiaxgKdPjzUVIN2bjBK5yrp3gMEIVxuduvTHB4ZtgdYKpBu3Q10S2fyDESmI,Nik Brooks,https://play-lh.googleusercontent.com/a-/AOh14GgB7VZbhMWNdnvZMxjyzJVTDhxRJZlgh74l2ihAWw,"Okay I am going to give this a thumbs up and a 5 star review, firstly it looks absolutely stunning, amazing graphics and runs like a rabbit on steroids, it is fast, very fast indeed. I have yet to spend a decent amount of time playing it but I can see that it is going to be a real challenge and I also have to familiarise myself with the controls and gameplay. Looks great and looking forward to losing myself in this when I have some free time.",5,1,1.11,2019-07-29 14:13:01,,
gp:AOqpTOFA73MSsNQ8qHAReOGZa-Tzw9OKb54bgamKZwWED280hUWATGI0DKNQUj7d8CCq_DcrpzLCFknFLlkrx9c,Josh F,https://play-lh.googleusercontent.com/-6q1OVM92HDA/AAAAAAAAAAI/AAAAAAAAAAA/AMZuuclsCRvXht3dKr-3z7Kjrri6hfLF6A/photo.jpg,"Amazing game. a rhythm game with a twist. Beautiful graphics, and addicting. Probably one of the best games you can buy on the play store.",5,0,1.11,2019-07-13 12:20:28,,
gp:AOqpTOE9bfKp0ZlJQ5zWIJlpwdeJN8xfl7rEECy5r8AvMgA6mmbDO_5Nzy8zmuouaKvan6Rh2hkX8NgRG4nLBC4,A Google user,https://play-lh.googleusercontent.com/EGemoI2NTXmTsBVtJqk8jxF9rh8ApRWfsIMQSt2uE4OcpQqbFu7f7NbTK05lx80nuSijCz7sc3a277R67g,Works perfectly on Xiaomi A1. Amazing game.,5,0,1.11,2019-07-06 03:06:54,,
gp:AOqpTOF3gAZDUhxD4rsiLrunhbASTROVqI663ri1mFMzEUlNhPL1lqD6yYWzUVNqk3EZwDBj6UjJ7MCCAPzeFoI,Lance Muzie,https://play-lh.googleusercontent.com/a-/AOh14GhLRCh0jUWZN13_C0c_oMgBSARkhamDNVuJBnMxY5I,reallocate cool in your mind.,5,0,1.11,2019-06-20 19:36:59,,
gp:AOqpTOH5aOgnDrNuuA50lYfcUbwWW3TA-Ou8jYYiZutLMXjX1e-YtmN_BD0f7PbsP9z3Z-sglOujaSyGSIx0mHU,Min Thiha Soe,https://play-lh.googleusercontent.com/a-/AOh14GihZeTJGOtbFIyeY5Gl4LY7Ir8X-Yg0cY36nvdENw,Challenging yet fun once you know how to play.,5,0,1.11,2019-06-10 09:31:18,,
gp:AOqpTOEPA3Bow6XVMm3m0bZsGdPnyzo0II7nJDtHMAR4HnqLM90bQA-4MoEivPZIW3D-gxelIfjBkrXXPhch5OQ,CH Fouche,https://play-lh.googleusercontent.com/a-/AOh14GhATPCLG9bsKilLogOhmhnFzUcGgsql_ZVXQMkGoA,Brilliant game.,5,0,1.11,2019-06-08 04:06:09,,
gp:AOqpTOHQcBt1y1dYOXkMDrXMPn7PY3xTo8rDwEDm294_HF_1xIZyNf76vPISccjiIM6yQ_2AThBUiBd-qcsRBvY,Lucas Roy-chatel,https://play-lh.googleusercontent.com/-56uiZx_-3VU/AAAAAAAAAAI/AAAAAAAAAAA/AMZuucmjwtdRG_4xahh-l8ZGaMR_ksuoMw/photo.jpg,"Its a great game. I bought this on steam and bought it again here, because its worth it.",5,1,1.11,2019-06-06 07:55:25,,
gp:AOqpTOEryAWRQZIileDN-u5Gva-cx8h3s76C5ALzoOe50OV6QTERDau7Us4ds5zc-wumeFWtD5BbNc4bp3x9CUo,Tiffany Cathey,https://play-lh.googleusercontent.com/a-/AOh14GgX-t9BLbQ_hlfqrUYstK-9iSYbUxyP280xxN-g7A,EPIC SOUNDTRACK AND GAMEPLAY. I play this game on my PS4 and absolutely adore it. A rhythm game that actually feels satisfying when you successfully completely sequences.,5,1,1.11,2019-06-04 15:49:48,,
gp:AOqpTOFxBiEKSebpHqybZTVKeDpSbDhKvPJZlDC5nAPZA3YYbxhfzH9fCUHbbb_sCOH4tJzTIBRI7qXAE9-ooB8,Carl W.,https://play-lh.googleusercontent.com/a-/AOh14GiyzkBLNByDwJNS3rCM6EfUigeLoO_jWOCEbQDwiw,Great port of the PC/console experience!,5,0,1.11,2019-06-03 08:49:59,,
gp:AOqpTOGfeI3C2-t7wAxIv2BKJt1HIqnfklYFhPZ2OthErpgFzaR2v-3v0Q8kZPS64NcOLJToMSzH5jLuq_LRYGw,Toothless' Saddle,https://play-lh.googleusercontent.com/a-/AOh14Giq64zc_XTdJEVi1DKiDX6R0eqVDRzeyvOVgU6G5Q,"Truely an underrated game, well worth the money!",5,1,1.11,2019-05-30 11:44:09,,
gp:AOqpTOFvTLI0f-nMTrVv8jc_i8GbZe57DRewTAWLewo4glqHUci_w-j2beJHkQivtBRw3GGa_BZZeh1-ooVj0yA,Daniel Mann,https://play-lh.googleusercontent.com/a-/AOh14GiTKduIKKdPBJLxHYCEWahPobjajI2RDbYRT8p3Dg,it's amazing you can easily follow the beat and just go with it,5,0,1.11,2019-05-29 18:20:20,,
gp:AOqpTOEYmYMwIojcnJ2lfsMzPZXKTaTdxXpaK19EcpUt6MOhptogwG9O56_C6zaDe5EdIYKgEuWPQiILQDHxUWg,Elie Talissé,https://play-lh.googleusercontent.com/a-/AOh14Ggx4SS5x8wD3k_2cMCv_8mDIiitBRxcGGjkhWiiERc,"Fantastic game, a visual and audio prowess. Bought for PSVR in 2017 but never finished until this Android version came out because of how comfortable it is. Surprisingly faithful and playable, I'm still blown away by how polished it is and the Noclip/GDC talks about its production are very interesting. Kudos to Brian, Marc and everyone who contributed. This game definitely doesn't need a sequel, yet this template would work so well for a series with different moods/themes. A work of art.",5,26,1.11,2019-05-29 15:50:41,,
gp:AOqpTOEEZJEOVepkFQEcfYDMEjlgnahm2gcmTAeyoHSsiZHjpniEzO7dnEhuSkiwlN82yr594qmL_eC9LTHEFCk,Vantablack,https://play-lh.googleusercontent.com/a-/AOh14Ggm3FQvJkNWs72E5DmGzR2FK4dacWuleTtHy5CH_Q,"Ever since ive seen people play this on youtube ive wanted to play it. thanks SO much for making it on mobile! stunning graphics, addictive refined gameplay, and the beats! thats a 5 star from me.",5,0,1.11,2019-05-28 23:25:50,,
gp:AOqpTOHyyCKhCQ3aT6-YPdYWN8wjIx1U_6d4sfGF_ZXPiVSlLAjbeduB82dKU-i553rWqOuIa-WfoCIsV9u0rVc,NICK F,https://play-lh.googleusercontent.com/a-/AOh14Gia7K7B8lEAC9F6ZOmZ_pOmJZgDaNkZMxvt_ixdfQ,love this game well worth the price,5,0,1.11,2019-05-27 10:30:08,,
gp:AOqpTOEKcHXGGCD3UxQnVAE29OkCrfgly35gAD1PfXmjX8R1ovUNc-pmYS4TeahS_yglO6IzQLnDg3WkBvWMaQ4,Liu Hongkun,https://play-lh.googleusercontent.com/a-/AOh14GhGUYC_uBIANP2rW0lqore_rTbnrxED1S77oSMUlQ,"I loved this game on my PC, but on Android, the audio coming through Jaybird X4 is fragmented and bugged but audio played through the loudspeakers is fine. If this issue is fixed, the game would be perfect. edit: it works perfectly fine on wired earphones, so yeah 10/10 goty",5,3,1.11,2019-05-27 05:05:04,"Yes sorry, we don't recommend bluetooth headphones because they have high latency and can create audio issues. We mention this in the store description, so sorry if you missed that.",2019-05-27 04:27:37
gp:AOqpTOGD0gsyFGtbn_pMMs9Jfp1EiOxiUquktTzN5VQgd_Al2plHTPp_fvO6WavpRLUjosFBOFk1EZo_oFwERvw,Nicholas Wright,https://play-lh.googleusercontent.com/a-/AOh14Gjusmn72jS00NCzhzGFa_KBYfeHH5VUqk3CDTXWpg,"I've been wanting this game for some time but it was 27 dollars on the switch so I thought I'd hold off for a sale or something. Then I found a mobile version! I am very happy with it so far, I've gotten to level 4 and it is getting a little difficult now because I need to adjust to switching lanes. Overall, very happy with the purchase, and I highly recommend this game for anyone who is a fan of rhythm games.",5,0,1.10,2019-05-24 12:02:41,,
gp:AOqpTOEnGgo5dmFbvmr1dgd5H0lMYBl_i0XeFMfG8IBB4E7PwfvrV750_Du9_BMeNyjzlpc_McfyNrG7pFvra5o,The Tasty Tango,https://play-lh.googleusercontent.com/a-/AOh14GhDMtCx_hL9JztdCGisRwIfGaFntVRcBba2dpgj,"The controls are responsive, except for when they aren't. And I'll take damage even though I'm tapping or swiping the screen when I should.",3,1,,2019-05-23 03:31:13,Checkout update 1.13. It adds support for gamepad controllers and you might find that an easier way to play.,2019-09-30 16:58:09
gp:AOqpTOEXxRSHg1_fke7HRLwhqzpcgRowWpGiPuxACxWbYTRoVeIjrp5w-Ec5zTNtj2vVlAkJx_6Cnk2HT3nyRzE,Carlos Jungstedt,https://play-lh.googleusercontent.com/a-/AOh14GiPsuMBEvNIteMpuzzQSVsbVDayJrEMaTSNSvpWaiY,"Sound is bugged (it staggers) from day 1. First patch solved it, next patch broke it again and its been broken ever since. I've decided to wait and see if they would fix it again instead of refunding and now I bitterly regret it",1,33,1.10,2019-05-22 07:38:55,,
gp:AOqpTOFwa5A2VxlY8b3XduBkjYwNzEeGDjLAs6s36CnGFBVL00eCFJqmW5rqmZhr9aWrr-r2EjNY91s9-UvpUpE,Brandon Longwell,https://play-lh.googleusercontent.com/a-/AOh14Gj7S6_ukbSSM05VLkkIgL9yTojLOkZt-gMaWNJNRA,"I first encountered this game on PSVR, it was an amazing challenge. This mobile version is working great, feels like the same game!",5,0,1.10,2019-05-19 15:51:28,,
gp:AOqpTOFdRYq7xHDDBxKIEeo52LEpHhApzSc6UR1ImuFsO2BLFJjNgXgsyCmj6ziGARUbSpHnBMn2HIMzxKU2ytA,Pardeep Bhakar,https://play-lh.googleusercontent.com/a-/AOh14Gh2Xd-1p48uxHFRmPOZ5Q4GyewjG4p0khRo81az,"I want my money back, does not work.....",1,1,1.10,2019-05-19 14:34:54,"Thanks, have you tried the latest update? It seems to fix the issue for many of our players. If it doesn't work for you, could you contact us at drool@drool.ws so that we can work together to figure it out?",2019-05-27 04:20:07
gp:AOqpTOFJxNNSOzVzZUHCByIrbI1UJlqfeSXzTUA3jJBFSZAppLFP9rAMwYkBasTB_8OCcVYp4aaLeIP0IEYbtIw,VGA_cable [Vega],https://play-lh.googleusercontent.com/a-/AOh14GhlU8tHJvI_wvjDnvb1Wz0GnwCiT-hsIxr5-a75BQ,"My only complaint is the audio is popping from this version, but the gameplay is still there. Get it on pc or try it in VR. One of the most unique rhythm games out there.",3,0,1.10,2019-05-13 03:11:19,"Thanks for your review. We're aware of audio issues on some devices. If you e-mail us at drool@drool.ws, we can try to figure out the issue on your device and hopefully get a fix out soon.",2019-05-27 04:21:34
gp:AOqpTOHqpocXRL5AjC4EKB0qYhoYKS3NQ7V3T1tXqehvVvD-WrAqLUmIg8r-9ZstnTy0A3-MLwcmnLf-KxgVLz8,GrumbleGrim,https://play-lh.googleusercontent.com/a-/AOh14GiuIBICEyJ9pwHnQspEppB4cKQiabtPuuCZw8p1RQ,"So hard! Yet so satisfying! This game is a very simple concept, but do not mistake it for a casual gaming experience. It is intense, and will fill you with dread. Translates perfectly to the mobile platform.",5,0,1.10,2019-05-12 12:48:06,,
gp:AOqpTOEeGqf3JrG-zuDREmmTzg4Tgix2qO6MePxWQYB_xAERmxDlIvLLlFi9QuyR4vt906tcV95f8RuQPLmnTpw,Anthony Nichols,https://play-lh.googleusercontent.com/a-/AOh14Gge0rzghIlDrsZmGqAFWKp_MIqgKbxREmMaNzT3Wgk,"Awful controls. Spent 3 minutes trying to get through the first tutorial... you have to click perfectly or you fail. Not fun, just stressful.",1,4,,2019-05-11 16:23:06,Checkout update 1.13. It adds support for gamepad controllers and you might find that an easier way to play.,2019-09-30 16:58:59
gp:AOqpTOGBeLHk7lrH1S2ZQVZQRrp-fBAGCv5_n8xDbakYCSWDatt1fzN9j4gLLp87E9eBf6GM1wr0LnELNroKsi0,Default 666,https://play-lh.googleusercontent.com/a-/AOh14GixPqlcHIioWiaQeZStxfdRtfYkI4NKW6Xr_rogSw,bro this is probably one of the best games I've ever played. beautiful as well it's well made,5,0,1.10,2019-05-06 11:15:51,,
gp:AOqpTOHSh8NMrze4EHT2GU7IcLY2sJxMBAGgKxYfdIesbT1_IuaFGnAjqUsyKrgW5MIWV9JFdILFti82CCMRfRA,Gabriel Zeitune,https://play-lh.googleusercontent.com/a-/AOh14GiwLt16a2H2m4JVeJg4dY7pxTtAc7zyb_xXYi_Mi4U,I love this game! I have it on pc and switch too and it's the same experience on mobile. perfect!,5,0,1.10,2019-05-05 04:03:57,,
gp:AOqpTOFiePgfFEPSeJbe_Nlq6AqEaFjashmS646AFNGgMtaPuuCn94CxsgDSwgdrb-PYn6ZR8MLCAZnZ6835nm8,Donee Fitra,https://play-lh.googleusercontent.com/a-/AOh14GiayUAV-hLhQboWAd6nBvT8HRbTcbFuBYwIaTNy1w,Bring more levels,5,0,1.10,2019-05-03 01:17:24,,
gp:AOqpTOGYyqpULG-xPPYRGeZROlx9ndOEynvyB5I-pa-bip5nvbd50dv_mcUlornItl2cQwxP38Q8TY9atz6eUEk,Johnny Si- Joestar,https://play-lh.googleusercontent.com/a-/AOh14Gitrt2vWD8ZU8CRA-n0xZeO8-Y_hJTgifBpYjKc,PERFECT!!!! THRILLING!!! BOOTIFUL!!! ITS THE BEST MOBILE GAME I EVER DOWNLOADED AHHHHH THE SOUNDS ARE SO AWESOME IM SO HAPPY I BOUGHT THIS GAME THANK YOU MOM FOR GIVING BIRTH TO ME OMGGGGGGGGGGGGG 😍😍😖😖,5,1,1.10,2019-04-30 03:53:45,,
gp:AOqpTOGm7WbkwwRpmFRWNOeVxiqb44rWQha3MX-WFGArabVYLqHPydtZnAFLTCx_3Hep340BobKZOjhUWwIMrw0,Joshua Witt,https://play-lh.googleusercontent.com/a-/AOh14GhxpVDr84kRO8EvdU8kDO3yh8PSsf9rIYqYGMu3KA,"Loved it on PS4, but it crashes on the first splash screen on Nvidia Shield tablet EDIT: Works great now, thanks!",5,3,1.10,2019-04-28 23:01:41,Thanks for letting us know. Get the latest update (1.06) and it should work great on your Shield Tablet.,2019-03-15 08:53:02
gp:AOqpTOHnAhTqVMuvKmueSyhrOCir_qPTjxY69j6krtvHaxzAjBvm_Au0a7QXReNiac8tCXJpFve07q0XUtSGHT0,Alexander Knegt,https://play-lh.googleusercontent.com/a-/AOh14GjeKmxOML9VgEz4XV7wBJDGd8bDnCmwITLceftWQBk,GOTY 3 years in a row.,5,0,1.10,2019-04-26 14:29:47,,
gp:AOqpTOH1PMXeHcnFZAyuR60Nj27KrjD6NKVFW3tC3UHYwJpjxHh8HEIkDzU9e4A9XhTL04ozy5-vnngx0sYxG2A,Andrew Wesson,https://play-lh.googleusercontent.com/a-/AOh14GhCzLMXWb6FkJtWum5YXuynb2uiX9EdlNZzUOb_dQ,great port of a great game. controls are surprisingly good though still not as easy to use as a controller.,5,0,1.10,2019-04-23 11:08:33,Checkout update 1.13. It adds support for gamepad controllers.,2019-09-30 16:59:49
gp:AOqpTOEYv-o4tB-d4yCYmHlIBw44Ph_kh9YpWoOn0oSOgKFH9bgaVQSeyAiKoufYJzm_huZJSQtyD-4waAkT--k,Lucio Carpinato,https://play-lh.googleusercontent.com/a-/AOh14GhVDOCQv_ndMCBKNeG-NIMA7PT-GO-OECXMKKmd6A,"addiciting game and great controls, however, my only complaint is a BUG that causes my bluetooth heaphones to only produce flatulence and only work when contected via wire.",4,0,1.10,2019-04-23 10:32:52,"Yeah sorry, it's a known issue and because Thumper runs in ""low latency"" audio mode on Android, we can't fix it. We just have to recommend wired headphones or speakers (as we mention in the store description).",2019-05-27 04:22:58
gp:AOqpTOGQJOjA-HL7AZKV8EZ_o-5CuracqsQ1K6bkLiLeseefk7WfzW_DcQ61vxx29RSVbcsJqkJpoI9AtLqpkKs,Michael Miyagishima,https://play-lh.googleusercontent.com/a-/AOh14GhIw3Z17G5mRvz3ee1vbEVHPxA-eUJAMrCGHW_HNw,the only problem i have with the game is that bluetooth headphones doesnt work.,4,1,1.10,2019-04-22 06:34:42,"Yeah sorry, it's a known issue and because Thumper runs in ""low latency"" audio mode on Android, we can't fix it. We just have to recommend wired headphones or speakers (as we mention in the store description).",2019-05-27 04:23:14
gp:AOqpTOFXmC_fHFa5DAl3YUVED6K8C55cPsNeSNreKeC0wZ-BcxAQK1KQzlZNcecP2zs4QYCrZCPtVgWS0RWxes4,Jadon Findley,https://play-lh.googleusercontent.com/a-/AOh14GhuQwXRPDElzpSqIJoGF2YO7aHsldG6fFDBSeiu,"they need to add better controls. I have the vr game on the way but I think this needs some work. controls and fix the game to fit the screen properly because on my note 9, it is wonky. other than that I love the game",2,1,,2019-04-17 22:21:32,Checkout update 1.13. It adds support for gamepad controllers.,2019-09-30 17:00:13
gp:AOqpTOG2krZCIQa-BMf-6gZaJqVLas0ghv8AinAoh3MIsRGgwIW6zDl7kofCOa01Z2yUrrPG5DTc-j6yqqrehy0,Mark Palmer,https://play-lh.googleusercontent.com/a-/AOh14GhbFmY0BREy_XGFWwTrIwsQ9Avb_Gv-CIAMV_vZwkA,I want to love this game but it's much too difficult.,3,0,1.10,2019-04-17 16:21:15,Checkout update 1.13. It adds support for gamepad controllers and you might find that an easier way to play.,2019-09-30 17:00:29
gp:AOqpTOHyNGwrzcNB7y4-jG2riDc4mZTVoDFf10e2E6kg_cHOV0qiDmoD97xOSrjTpnNgQk4jKAJUjdLhGGKgkXc,Sean Anthony,https://play-lh.googleusercontent.com/-jDUq2Jq9o60/AAAAAAAAAAI/AAAAAAAAAAA/AMZuuckrUhjVJVsQhrbT9bpFsP48L5c5pg/photo.jpg,"Great game ,takes some time to master but its fun and the visuals are great ,wish mobile games with this kind of gameplay were more common .Please give us more levels and modes 🙏🙏🙏this is a masterpiece of a game you've made.",5,0,1.10,2019-04-15 06:35:15,,
gp:AOqpTOGO68ZDQnGTN-JIJ08kyQCSPuTJ7ZYLcwZwD7ySzgomHFnHkDdXQq7jqeeU6OwMRs-HMJU8UcYYIkds9QA,Dryw,https://play-lh.googleusercontent.com/a-/AOh14Gh0EWi_PxZzVmfORbeTWLk2_iId8Dj18gGfzA0ccg,I can finally play my favorite rhythm game on my phone. Can't believe how well it works.,5,0,1.10,2019-04-15 01:02:50,,
gp:AOqpTOEzFH5Cdj75Ao3DXjh6_FOUJqDIb1S05R65v104KGS5X_nkET08dfRY6lqCuC5XiS4ryPGs1w1BTkQRevA,Shinra Electric Company,https://play-lh.googleusercontent.com/a-/AOh14GiyY7L9J1pGerW3gODHjFzHX53R_Rke4NUakYRrNA,Having just as much fun as PC version.,5,0,1.10,2019-04-12 16:16:09,,
gp:AOqpTOGMMHTuNBREkjvirU_bjH4Uz0CqdANJ8Vs9r5NWWRu7hLINbsG7qAnVEW08BYOH9zy-_J8T6Mj2nGQvWd4,James Neal,https://play-lh.googleusercontent.com/a-/AOh14Ggcgq4JDpbK5tJ544XX4sPoT2iMiDUZpmaMTbye,I'm just like OMG WHAT IS GOING ON?!? WHY IS A GIANT BUTTHOLE SHOOTING TORPEDOES AT ME?!?! WHY AM I THROWING BOMBS AT A GIANT BUTTHOLE?!?! GREAT GAME.,5,0,1.10,2019-04-12 15:36:37,,
gp:AOqpTOELpNwXEKqG-5sA5f0hvJN5Bhc6AYfq1il-V7ynQKc_Eguou6YL0kzPcPZY4bd96GliGFkiJTvB8muhCac,Gawen Crow,https://play-lh.googleusercontent.com/a-/AOh14Gg8EnVWx7pN8yTlP4Dw8lcWwb3EaL3B84TMDEiMug,"This game is thrilling, beautiful & challenging simultaneously. Highly recommend. Looks & sounds amazing on my OnePlus 6T",5,1,1.10,2019-04-12 13:11:22,,
gp:AOqpTOFpx8cULArqc-VOb6uvljH8KGiUhTR87Z8lL9580TwPAk4yvULLqTG39pra3dAbUl1QR3eaVuks_r5OwwU,James Loizeaux,https://play-lh.googleusercontent.com/a-/AOh14GjxFOAJ7wZbKvLT5vTZ1k02sN6VFjCCUIr475wmAg,"It's Thumper, one of the greatest rhythm games of all time, on your phone. It's dark, noisy and intense, even on a small screen.",5,0,1.10,2019-04-12 11:00:42,,
gp:AOqpTOEm0L3bpwirzWc9HuysFqJ7O5Lgf9LfbBW2dyM7yLGMqRG0VzKbRJEdK2mgxyrmP7mlqRtoPeY6W-T6Y38,Reuben Foley,https://play-lh.googleusercontent.com/a-/AOh14GjNK66K8uu34Tvp3BUmebfMH1JI0PYLF2U9wbUF9aE,"incredible, console-quality game. most buy.",5,0,1.10,2019-04-11 18:17:06,,
gp:AOqpTOE_DOxaVhbCaoh2LHyPpZmRfuW8PHpSeww5h_Pzk3tTETNRUZL6bARRRmv5RKOKlKQxotYrceX_qmnQiu0,Jake,https://play-lh.googleusercontent.com/a-/AOh14GjqxPB0FRXJIsGuQMkYzg3ezRRjnx3njEzMx2cGvg,"absolutely ADORE this game! I got it on sale and was not disappointed. I would love to play this on my youtube channel, but unfortunately this is a HUGE battery strain on my Galaxy Note 9, making gaming session impossible unless plugged in. Please fix this, or drop me a steam key? lol",4,2,1.10,2019-04-10 18:05:45,"We've done what we can to optimize energy use, but bottom line is pushing lots of pixels at 60 frames per second is gonna eat battery. Have you tried reducing the resolution under the OPTIONS menu? That might make a significant difference.",2019-04-11 02:51:17
gp:AOqpTOH3jcoSoT7LNF5Kn9xDAXwisRQPUxllDSuf9iTFBhNAhj0Lnv0LwAAS55Gv3sAB0qCh0Er4Qsx1AfOejcQ,TheUniqueGamer,https://play-lh.googleusercontent.com/a-/AOh14Gja7TpkY3dWTrl0kJsH7EI-DGmyTUOsK-d5YVthbQ,"Wow, i mever thought good old thumper would be on android! A dream come true for me! It looks brilliant for an android version, it plays wonderfully and genuinely feels like it was made for android. Some games when they are ported over to android are awfully optimised and have terrible controls, but not this. Thumper was probably the third or forth game i got for my ps4, and it was well worth the price on there. And on android i think it goes the exact same! Thankyou developers!",5,5,1.10,2019-04-10 13:55:07,,
gp:AOqpTOEc8YYo4sqdxyJdVlOFZCReMSAJMF9txTUKm-ZqVwIkwNpCKcA5nTpMrC3ipbxOI3BWoPpf7oirPsGdZ6s,Steven Farquharson,https://play-lh.googleusercontent.com/a-/AOh14GhOjFl-rxbxk_YXpokbhgL4cx_wJtIz6aY9FR5Wxg,"incredibly hard, but sooo addictive... loved it on PsVr, just as good on my phone. looks amazing and love the music. Runs silky smooth on Razer Phone. Thanks for this great game 😊",5,1,1.10,2019-04-10 09:56:37,,
gp:AOqpTOEOojr1TovLS2hlMULyJ0lKn5I9z0ziJKP8dbpampvvwnMS7S0pUhESwzx5VvgK_f20iniaJZ6UeUEdIlg,Richard Mortlock,https://play-lh.googleusercontent.com/-3g3FV_HREzw/AAAAAAAAAAI/AAAAAAAAAAA/AMZuucmOGm8lVoKOiCLe_6nxZ-M89sk6_Q/photo.jpg,Perfect!! I also have this game on PSVR and the Nintendo Switch and even though I'm not an expert at it or anything it has that 'just one more go' to it that it's a perfect game to play in small chunks. It looks gorgeous on the phone and massive kodos on the developers for not going for the 'free to play' route with the game and releasing it at a very fair price. The only thing they could add maybe is an easy mode which gives you more lives but less score.,5,12,1.10,2019-04-10 08:36:02,,
gp:AOqpTOExFQ7ckWfNNoVegMGSxjqLYR0dd4SWn95n9s6InJfcZpXU9vDc8b6jBTljGVPZEVzpVRAVO7_Jb81-tKI,Wes Schoenhofer,https://play-lh.googleusercontent.com/a-/AOh14GhZLUwiOxWmmmdcJjpA6s6jJ8fcrPoxyh5_Jcx6ZxA,Sooooo good. Love this game in VR. Perfect port and just as fun as the original. Runs perfectly smoothly on my LG g6. This is a major go.,5,3,1.10,2019-04-10 04:35:27,,
gp:AOqpTOG_oaiWn-hNBCkDdq2eOkZxu3PSyszU2t4sFdxELhPfquO2Om1RyLBXwIOHSRYYZn0pD4dKCiAUwC_FtGc,Max Vaughan,https://play-lh.googleusercontent.com/a-/AOh14Gj3tkmX_MqD9eTcnCfeAXwv7fFT39yM2Y3Iks3FipY,"No game has made me break a sweat more than this. Its a genuinely stellar experience, every hit you take feels painful and every hit you make feels amazing. The controls are for the most part good but can get a little sticky with consecutive bends but it's nothing too troublesome. Being able to switch orientation is incredibly handy and theres drawbacks and benefits to both modes. The rhythm, while not melodic as such, will get you tapping along while simultaneously making you uncomfortable. 87%",4,22,1.10,2019-04-09 14:45:05,Checkout update 1.13. It adds support for gamepad controllers and you might find that a more comfortable way to play.,2019-09-30 17:02:24
gp:AOqpTOG6106JyADQnyQG4RpXcNP_-F0rZHwccyCcrFSeINfH1esJ9P53CVXVbgJY-Ca9wGhsldDTj7PSsEhtN5Q,ABBADÕN the Void Wanderer,https://play-lh.googleusercontent.com/a-/AOh14Gg8x8HY4Px6zFN9ig55MTw4asuKhEYg_cIrJRt5,you really need to make it where we can have the options to play with the controller or use touch screen I probably won't purchase again on phone until controller options are available,2,0,,2019-04-09 13:33:06,Checkout update 1.13. It adds support for gamepad controllers.,2019-09-30 17:02:30
gp:AOqpTOFFobpPgP1rpkSmemsXn2Tz-iNA9HCPDHIjbKmKWj7RSEWtUJDV6hNRRrpQq7A8gJCy-HA5GVROytPuRxI,PyrowX,https://play-lh.googleusercontent.com/a-/AOh14GhW_htvYVmUEMZV-1eTOB0hmDuuN8y2ajzz7fk0IA,"I have thumper on pc and it's honestly amazing. Thus I downloaded it on my phone too. I generally use Bluetooth in ear headphones. The problem is that when I'm using those headphones, thumper just kinda dies. The music is what i can only describe as choppy, as in its like after every note there's a pause, making the game impossible to play with sound and really not fun without. I love this game so I'm hoping, developers, that you fix that. I don't think the problem is on my end.",2,4,1.10,2019-04-09 10:34:04,"We use a ""low latency"" audio mode because low audio/video latency is needed (Android by default has bad latency). This mode can cause stuttering with bluetooth. But the bigger problem is that bluetooth also adds a lot more latency itself. 

We recommend speakers/wired 'phones. This is mentioned in the store description, so sorry if you missed that.",2019-04-09 16:57:31
gp:AOqpTOHFPdPSaxSyjpoA-1JnUqEz9CEXN9cVZ9dH8hOBQfcgr3UvvRRBsOLOvR-XN9D_t4vWfJtFiGkB8W_OkOk,Corey Shaughnessy,https://play-lh.googleusercontent.com/a-/AOh14GhFxjiYnQEvkaX9K3NEaQXgkf5dDHPmRzK6_lA_Pl4,Unholy god,5,0,1.10,2019-04-08 22:43:43,,
gp:AOqpTOHSsY3RB65wYVbxiMQ5k1LMhb52JoComFBXm2eJqA5Hg4SjMTa5v1xg3TsawTxDlfQz4OOA_PRplfVfTRU,Ben Marriott,https://play-lh.googleusercontent.com/a-/AOh14GjVIJ3OaiagAYzqbP3itqXhmwM8r9HC_tnItXHvPA,Fantastic port of the game for Android. I originally played this on the PS4 in VR and the mobile version is just as good!,5,1,1.10,2019-04-08 05:52:19,,
gp:AOqpTOFWAP4cGVu9SbwZTitTewBF3KPEs_tdwMhOomn9ubaRMBauARKVAnItLKvrOkiLZYrtrA6XH6pKXx7ROF8,HechEff,https://play-lh.googleusercontent.com/a-/AOh14GiYVDO8Q5MhGD_p6IxfJ0wLbEpNo8Rdb_zGQvcoqg,I am triangle.,5,0,1.10,2019-04-08 02:49:19,,
gp:AOqpTOFF_HX3dNtdPUNlDZFqfW-zKKtfv1hk2jt54MooN8jIxMU5iKWd6cRlOqE43kh1QOz6gytGkyjveCeUbxo,E Vasquez,https://play-lh.googleusercontent.com/a-/AOh14Gj4LyfLSsl1FEG9FlCSN1N3-Jwm-dJXmL0pySkO1A,"Awesome game! I love it so much, I bought it on PS4, Switch and now Android!",5,4,1.10,2019-04-08 02:21:07,,
gp:AOqpTOGLcWX5yB1bTOiOc8cUjKBG6gR-9ESD4Wm5XolH6JwCDIY80CycZ0jO0u3DVOErmBvneSpgp49x5hII_Uc,Zsolt Horváth,https://play-lh.googleusercontent.com/-c4jOCLn61u0/AAAAAAAAAAI/AAAAAAAAAAA/AMZuucnSIYsWqgnZU6HucbkNNxniyRGRnQ/photo.jpg,"hi. I also use Asus ROG Phone. I have no problem. The game is simple, spinning, I really like it! Thanks for the developers! 👍 update: I play the game 3 days and I became addicted! It's simply crazy! Love it! 👍👍👍",5,7,1.09,2019-04-08 00:32:48,,
gp:AOqpTOFgEgGNz2FHxiXl3_nAeeMieJIpll7wqUFZ9iMG5RCHKiRVG_bRsB_5IQbifkOqynr9GLASUKxcYSyP5FQ,Stanislav Serbezov,https://play-lh.googleusercontent.com/a-/AOh14GghnB9R0f0jotBCCuRbLWuiVDxiYmdGtjgyzWm5Rg,"Reaponse to the Dev: The gameplay seems smooth on all resolutions, however controlls do appear to be more responsive on a lower resolution.",4,11,1.10,2019-04-07 17:30:28,Maybe it's the frame rate? You can try reducing the resolution under the Options menu to see if that helps.,2019-04-07 16:44:55
gp:AOqpTOF93M9IkqHCE8fV8rdEJgDyWDl8K6sY5c1n2peMIOs1Y7AmABnhatZJg7jIs8NR9NJsWqnAkZofdNj49FE,david mcavoy,https://play-lh.googleusercontent.com/-KDsArOhdawA/AAAAAAAAAAI/AAAAAAAAAAA/AMZuucm3oSlsLmrPJ7E1tGEIkV6p6m2-Fg/photo.jpg,no touch response at all so cant start game on moto g6 plus.,1,13,1.10,2019-04-07 10:38:55,Please try the latest update (version 1.11). It should fix this issue.,2019-05-27 04:25:01
gp:AOqpTOFkHvXvffIhm08JsX54Shq0S3ybOffhsbBW34qCv2w2CaDNTnov9IIbz9amQ7z5IQqenr1Zh2y7eONMizo,John Chapman,https://play-lh.googleusercontent.com/a-/AOh14GgXWUw6_B66UruEhRWYbSFESstG3ufvaBg5-3kCsdg,"I bought this on pc, then on the switch, now on mobile. The developers have done a fantastic job porting it across. I don't say this about many games but this is an absolute masterpiece. A real work of art.",5,2,1.09,2019-04-07 10:20:17,,
gp:AOqpTOGgTLFjaE04g9bbhFbxRQYgRNrAWYUVzsFQRo_XuPhT2NAfLhsVohy2gFpzZEkNGShaWmaLgY7dlgJ4yuU,duncan murigu,https://play-lh.googleusercontent.com/-7I9LWadRoRw/AAAAAAAAAAI/AAAAAAAAAAA/AMZuuclMHGja_WDPG1aLKwz-2NwyiKN_Vg/photo.jpg,its a very intense game. definitely worth it and lots of fun.,5,0,1.09,2019-04-07 07:31:41,,
gp:AOqpTOGBog1XNAuxDJFDrEE6SaEEWZp9F3qvgYRETj0ota3IkO6ozNPFFg6e7vV9rbos0svePurLF9Gzhb2njsY,William Dharma,https://play-lh.googleusercontent.com/a-/AOh14GjlnthHqV3AF42LPC6qyRcGtpKz86lRt0kHHAECcg,"really nice game,i love this",5,0,1.09,2019-04-07 07:00:49,,
gp:AOqpTOHUeDF3uio4G9mCKNH9C7327ku8r6nitcysWvtRP7bkrQt4_DBFgjYzDbH3XoYJvITqNkwqfBfCDg0_LZk,UMomHasTheBigGay,https://play-lh.googleusercontent.com/a-/AOh14GhvR9h1vqY_QxIMnzlS2DRiswY9V_cXr14_HFGAjQ,Nice to see a real game on android. I've been distraught on ES Blades and this game has certainly cheered me up and reminded me that not all of android games are trash. Most are but there's some gems.,5,1,1.09,2019-04-07 06:16:27,,
gp:AOqpTOGN3P47LnRiV90MJDcl00u-j2qir4pjY-T2aM5heSOn5IZbWppiF5xbd1ODn6Ulf0xKu3dmV0kkoaHNyC0,Charles Clout,https://play-lh.googleusercontent.com/-NZb-YLZMytc/AAAAAAAAAAI/AAAAAAAQo74/AMZuucnrQSCba9uEdzqbZoe7w0S6im4aYw/photo.jpg,"Thumper can't work on mobile, can it? Yes. Yes it can. All the madness of the Pc and console versions but in your pocket. It controls perfectly and I've already enjoyed a good session in game. From someone that has experienced the game on a standard display & Steam VR, the mobile version is just as graphically stunning, the soundtrack is just as good and the gameplay faithful to the original. Well executed game. Buy it! 😁",5,56,1.09,2019-04-06 15:10:19,,
gp:AOqpTOGHaLrHuxhIFrkxK4bGqfWWJvDW5TVzSC_hO5H-mNUmT6p5YJ5_f_tgZtSFIoL0u7POZzE8zAGLnF2hh_o,dan,https://play-lh.googleusercontent.com/a-/AOh14Gi4wW_YnyYyZ48l-KQMBbpd06Id2lg330zNRPrXJw,"Would have never expected this game to come to mobile, but it transitioned perfectly. Looks great, sounds great, and controls great even with touch controls. Having no audio issues with wired headphones and it's pretty common knowledge to not use wireless with rhythm games.",5,5,1.09,2019-04-05 19:03:31,,
gp:AOqpTOH0NN5JaEhsr5AKNcSFbt_wYTmKX6DKIYAFq2uQDujjcfrFCxynYS16avy2bOeZ2-XNiq2ViI0GhShPdNQ,Jarif Rahman,https://play-lh.googleusercontent.com/a-/AOh14GjeA_CuIE6Nsrv9UJR90FxT-Hvi4Q_7-vfoTVcxLA,Cool game.,5,0,1.09,2019-04-05 14:44:25,,
gp:AOqpTOGIY9zBaJwCsUq2RaGGHTJy-NwaOGU-wiKUVHBIjcyey-f7pguKo7tjTqZfUzHLUgtRGWm7qYA2rKroWHU,Nolan S,https://play-lh.googleusercontent.com/a-/AOh14GgMIiKOTmu8JQ0eY4N7AIOfdPH68R31iClp3khCV9Q,"Gorgeous game. Challenging, but not impossible. The colors and graphics really shine. One of the most beautiful, immersive games I have on my phone. I catch myself watching the background, and zoning out on the gameplay. Very highly recommended. No money nonsense, the game is robust after purchase. Worth it. Worth it. Worth it.",5,11,1.09,2019-04-05 09:57:59,,
gp:AOqpTOGWDjxrhHAcf3i5YPD6ROEfUnAUsgD8wi3XEEBm9D9qvzmuG_pNJ2Lp1DosgMFUrufGgDZwRIldbNEiybo,Lance Kim,https://play-lh.googleusercontent.com/-DhbN7LF9fxA/AAAAAAAAAAI/AAAAAAAAAAA/AMZuuck5xjXeHcW-ueP7xdPJm0Wt5YXFfQ/photo.jpg,"Great game! Loved playing this on PSVR, now I get to play it on my phone too. Works perfect on my Sony Xperia XZ Premium. Good job guys!",5,0,1.09,2019-04-05 08:31:04,,
gp:AOqpTOHqCaBcDT44yxDSbUd9J0ABMRtu_KGrMAPIYCdun77j_SewVeWrR96sTrK-D1M_ytphLI8ELUdrS4JWBbs,Jeff Schenk,https://play-lh.googleusercontent.com/a-/AOh14Gj7CNBGvJOx0xyRP4Gi-sTOaqvcA80Rv_M3QFj8,new update fixes all of the issues I had. awesome game!,5,0,1.07,2019-03-30 05:28:39,"Thanks for letting us know. Please update to version 1.05, it should fix the rendering issue with your S10+.",2019-03-13 18:34:35
gp:AOqpTOF8Nq-kgtKexfAEitnv-yd4P_rJUJ3rIB-IjvQsIjf00Os6qsFURfrkmoF0EhoElAbH1Ojepu2hlQzv0WI,Chris Snider,https://play-lh.googleusercontent.com/a-/AOh14GjFIIX-wf2xQMdFyjxbPYUqu9G3bUDMDWnaZbzE3A,"Thumper is one of my favorite games. I have played a lot of it on PC, Switch, and PS4. Having it in my pocket at all times is great. There's no other game -- mobile or otherwise -- that can touch Thumper's razor-honed rhythmic feedback. This is probably the ONLY game I've ever seen translated to mobile that has managed to keep the full experience intact.",5,80,1.09,2019-03-27 10:50:00,Thanks for the feedback. Check out the latest update (1.09). The pause button is now in the upper-right in both portrait and landscape orientations.,2019-03-24 18:02:15
gp:AOqpTOE4qWKx7xgwONtEQW8J13oXlidKAHXZKPjEOTJBsJbw0MeOzDFu9J57U6z94-1ilPRRLqZ9IgW-g_8m-Ow,A Google user,https://play-lh.googleusercontent.com/EGemoI2NTXmTsBVtJqk8jxF9rh8ApRWfsIMQSt2uE4OcpQqbFu7f7NbTK05lx80nuSijCz7sc3a277R67g,"Pausing requires ""long tap"" to reduce unintentional pauses. the update made me rate it.",4,1,1.08,2019-03-22 12:10:28,,
gp:AOqpTOEe7lh71LVbdrJNRE9D6IHUcLH1JwO2EwjQtg4NwWR1isBivzzipjITRELcj0rLfNkIz5I8xF4CoZNK4VI,Pieter Van Hulst,https://play-lh.googleusercontent.com/-Suz7XOEaEzQ/AAAAAAAAAAI/AAAAAAAAAAA/AMZuucmvTsT9Ia6Vcc6mHD4Afzo7XCn5iQ/photo.jpg,problem with the sound on my Asus Rog Phone. It stutters really badly which makes the game unplayable. Will update the score once the issue is fixed.,2,67,1.07,2019-03-20 11:40:26,"Sorry to hear that, are you using bluetooth/wireless headphones by chance? We'd like to fix this, but could use more information on your device. Please e-mail us at drool@drool.ws -- thanks!",2019-03-22 00:17:48
gp:AOqpTOFknK1Ef-UpgzEV-W5yh6_vnKDft3BbzVIKHDbfvKCViz8en5cW7wL-AkS1gHAXCCDtM91BKkQEa-EyG_Y,Richard Cruz,https://play-lh.googleusercontent.com/a-/AOh14GjAdBGBW50oE8WYUVP0GJOo6309TisWG-8GHDJ7HA,"I don't normally give reviews, BUT this is probably one of the best mobile games I've ever played. Worth every penny",5,0,1.07,2019-03-18 18:49:38,,
gp:AOqpTOGJyIMPdWhqcCyFW23UTKBObb6xHm5aMPXbp0N89VURZMj7LNpowdt-vOKg2G5DcWKM1V61-EtlC8mi4rk,Craig Adams,https://play-lh.googleusercontent.com/a-/AOh14Ghzo_Mo71-kx124rZ-W6llLmoWKrNWol9cWYLP9XA,A fantastic spin on the rhythm genre that plays better on a touch interface in place of a controller. The percussive focus of the gameplay is unique and thrilling. An audio delay calibration option is sadly missing and will almost assuredly impact the experience on some devices. Recommended.,5,15,1.06,2019-03-16 10:58:51,,
gp:AOqpTOHEP9BiDwflWGmmYAQ2VAgXGj3_oeknBAp6pRg3dyZPjVDWTQQNHYLBP9P2djgRGUeVlf3NISJnEfeMm68,Farfama Hargaaya,https://play-lh.googleusercontent.com/a-/AOh14GiSkwTN2B7kWlOR3sDYLqWkAvYJ1tdHLHnL3sLJ2Yk,"Exhilarating and tons of fun, but the one thing stopping me from giving it 5 stars is the lane switch controls. The game is too fast to rely on tilt. It's also too sensitive. On screen button lane switch is frustrating because you have to focus your touch on one spot and the game is too fast to keep track of that in your mind when you're lane switching and thumping immediately after.",4,4,1.04,2019-03-13 03:15:46,Checkout update 1.13. It adds support for gamepad controllers.,2019-09-30 17:05:44
gp:AOqpTOETQn_LbJakH9jCPqQG1fA3Ae1aYEst47rYMzZwuFqZowDELYqfCLOsCzgE-YLUS9IlUIkw1nSSRTdUNyE,A Google user,https://play-lh.googleusercontent.com/EGemoI2NTXmTsBVtJqk8jxF9rh8ApRWfsIMQSt2uE4OcpQqbFu7f7NbTK05lx80nuSijCz7sc3a277R67g,"I just got a new phone, the S10+ and when i re-downloaded this game the track the player uses was not visible. I love this game and I hope this gets fixed soon. will give 5 star if fixed. ____________________________ edit: thanks for the update! as promised, 5 stars! thanks so much, I really love this game! :)",5,7,1.05,2019-03-13 02:57:03,Thanks for letting us know!,2019-03-13 04:47:57
gp:AOqpTOFxgGtgOoa71u3UycCfDbJPdajq4KLqpplSwC_nDwsZHVabE4RhUMibIgucXKVziuqiFTWnJ4TIYCG6Wjw,Retro Bliss,https://play-lh.googleusercontent.com/a-/AOh14GiZubcP7gxl6Q9DJVlgYW7Y48GGZ0c8SbOMNHJ1ug,"Amazing game! love it on psvr and now my phone. worked perfectly on my pixel 2 XL, but it has massive graphical issues on my galaxy s10+ whether it's using the full screen or not.",5,1,1.04,2019-03-07 04:38:06,Thanks for letting us know. Please update to version 1.05 is should fix the rendering issue with your S10+.,2019-03-13 04:50:31
gp:AOqpTOFPEU6sjKtiSMrt1axWf6qNnbfCJlrPTrwwgyYg-j1Hi1mE1qzKoCtlUFixbyjlHw_MZNCPi2YlF67ZGoU,A Google user,https://play-lh.googleusercontent.com/EGemoI2NTXmTsBVtJqk8jxF9rh8ApRWfsIMQSt2uE4OcpQqbFu7f7NbTK05lx80nuSijCz7sc3a277R67g,Very intense game. Two thumbs up!,5,4,1.04,2019-03-06 09:21:21,,
gp:AOqpTOHLlfeSbUflwRV9XECKUJqJENnDwBVOTm6q1jQPLfOIqsprk7qpMFtjb29DZrtHsQbRvieEJWteX6wIkDI,hansation,https://play-lh.googleusercontent.com/a-/AOh14GjcXEGKLjKlCypbhsXnXNypsCEnFkLIWZ0VCcba,A Must..,5,1,1.03,2019-03-05 06:48:01,,
gp:AOqpTOE4Bzzo-RKVzddfBNUDEcygz8CXuZ84lq8MVoNNDsyQq3x9-8_oIVfu4u7sM2_NFFErSedW05xiYAPJxO4,Sergio B,https://play-lh.googleusercontent.com/-t9gzqs-_X3s/AAAAAAAAAAI/AAAAAAAAAAA/AMZuucn3DK4X5RoqSDQAZg4hJD6bX41nCQ/photo.jpg,Amazing game. I played the PS4 version and seeing this running smoothly on a phone with perfect touch controls is simply incredible!,5,0,1.03,2019-03-05 04:30:28,,
gp:AOqpTOEvB21BwsPhz-Tx2bgQvIqLvI6aoS45-nE8ZA48xuHk61TkufkUdE07yb-nsjQ1YNyaTnRYTz0DjtrT-zE,Matthew Fry,https://play-lh.googleusercontent.com/a-/AOh14GgFncL8wgIY41xo5BIaSaYvvm2kHTd6e92XW8zymDg,"The game is beautiful and runs smooth as butter on Pixel 3. I'm glad that a port was done to Android. However I went for 4 stars because I honestly cannot understand how the game works. I hear it is a ""call and response"" game but I don't hear the calls clearly and the timing of responses is not apparent to me.",4,4,1.03,2019-03-05 00:03:12,,
gp:AOqpTOF_AATf89Tx5k3C0ZQZ2jVTCZ7SUN2eoeKBllkMmwMvBT6HCVeGylAe4JIrqabHCFFbY2n8KQvQljgDESo,Johnny Morrison-Howe,https://play-lh.googleusercontent.com/a-/AOh14GjcNBzQFmm7ixU7C5EWXoybGhASt_BR26kPSBZXueQ,"Amazing game, touch controls work surprisingly well even if used to console controls; I'd like to see a split touch system too though if it works.. Using Bluetooth earphones (no LL codec) isn't so bad when you already know what to expect, but wired is better. Also, there's no option to use all of the screen - the part where the status bar would be is blacked and there's no option to make use of it!",5,1,1.03,2019-03-04 14:32:40,,
gp:AOqpTOFbw4Ra7jt39EvaGkfROMxpoMuDczxywGQV-deWpjduEp5ufMepx80JTHjMGNX4RF9tD9LRNv8-JJ7rHxM,Brandon Peters,https://play-lh.googleusercontent.com/a-/AOh14Ggd6Jfd2pa3TqayMUykqLqx5Kr-IS28Yk_FKHtC,"No free to play garbage, this is a skill based game. It's a nightmare coaster where you shoot music at giant evil shapes. Why didn't you buy it yet?",5,0,1.02,2019-03-04 07:06:33,,
gp:AOqpTOFJpIHSHrgTBVzEfklZLtn_Ivh8WH9WA4IDGJeVnMaUW6AXXuLtiJK5vCSmtzDBLhnNXmZQGTuicoHfwjk,SpaceMonkie,https://play-lh.googleusercontent.com/a-/AOh14Gi1tDm_UJ2gMYmz8o2aYF5MKivWXnDR_74okmiq06A,fun and challenging.,5,0,1.02,2019-03-03 12:32:18,,
gp:AOqpTOE97hxkEVR8lj3qVamWBh2l3tzoQNh-iX5E35IzrML3cWR_9VaoP41kABr_6Tblvzi8xXXMDxEhIyDtTVs,Jack Thompson,https://play-lh.googleusercontent.com/a-/AOh14GhNbbMXOnSoS01YGwrNxvGQtLv_GQPNxjRADBuFKw,"Fantastic 1:1 port, wasn't expecting it to be the exact same version as the consoles but it is! The only thing I'd ask is for a link system so that I can try and beat the high scores I got while going for the platinum on ps4 while I'm on the go 😁 keep it up guys and please release some DLC already!",5,1,1.02,2019-03-03 09:43:03,,
gp:AOqpTOH6yXJdBZE9_tmvQb49gM2TshlweOpG6LUFkaEPEdzl38urwisI1Gz3gDOuc0CM04VdokFhOFxHxMz5soU,Brandon Saumier,https://play-lh.googleusercontent.com/-jopQy72ONys/AAAAAAAAAAI/AAAAAAAAFVc/AMZuuckX7L_L09q-EZ40oltoJCu_ePYQpA/photo.jpg,Crazy and unique game! love it!,5,0,1.02,2019-03-01 20:38:10,,
gp:AOqpTOFS8MMEcKzNS3OTTl0BRjigTprriuXjykB0Qg4I3kJjlVRLEblv80mBzE9vyXCzWYr4uGFGPsVK5S4itkM,Valery Guskov,https://play-lh.googleusercontent.com/a-/AOh14Ghz5oUTCMkkJiLA574P0rfchogFIV1pwFh65ZSX7g,"a very good game, visual quality seems to be on par with pc and performance is great at least on my device. I find that mobile controls raise difficulty though, so simplifying controls(eg. assigning jump to tap) or adding controller support would help a lot.",4,1,1.02,2019-03-01 07:17:02,Checkout update 1.13. It adds support for gamepad controllers.,2019-09-30 17:06:07
gp:AOqpTOGIGPKqjiyVRFjz61cxKjvtfRV-iz_i1xlgBL9bdEJ7RgT8i2XOqshwmcRLvjL66nsS3Uu415PEeftAMM8,Ethan Micallef,https://play-lh.googleusercontent.com/a-/AOh14GhpQ-pbmE8VPvNYLxq0T56ohicNj3rdi87SJ3SbMQ,"Came to review this immediately after world 1. I own the PSVR version and bought this one out of principal, not expecting to enjoy it nearly as much, but within the first minute I had shut off the lights in my room and was reaching for headphones to play at full blast. This game looks, sounds, feels and runs fantastic, and I was pleasantly surprised to find that this was easily playable in both portait and landscape mode. Also has perfect opportunities to screenshot for cool phone wallpapers, so",5,9,1.02,2019-02-28 20:28:32,,
gp:AOqpTOHEwiVRaatd33b4mIVVspkxI_1s03baDe0OlHppwePWxDNHRfsJUyYqFHlk6qQTiKZ5lBibI2ZvbKgjfiw,Novian Media Productions,https://play-lh.googleusercontent.com/a-/AOh14GizcyjQx0rAl8H5e-8iOKZSospiWp7Yt9gYDOaYeA,"it doesnt sync well with bluetooth, other great game!",5,0,1.02,2019-02-28 15:42:39,,
gp:AOqpTOHu8lx9MwvA4KdRZlxHqo9X0EAbwxCfLij334T4wDsPx5LUvefLoim8i62zvkqdDXFZ01zPbaH1krAwXG8,Felipe Delacruz,https://play-lh.googleusercontent.com/a-/AOh14Gha6yd1mT20KKIAa7ES5j9LonFORVdOyfkP3wiwng,great game!!,4,0,1.0,2019-02-27 14:02:25,,
gp:AOqpTOFCPom4OvmP3oq_wrwCOiDMKlU6xiHkR70SApgmmddPTd_NEU3SC9lnLVa0Ab3FXswxRJjwSNjvVdVGsiU,A Google user,https://play-lh.googleusercontent.com/EGemoI2NTXmTsBVtJqk8jxF9rh8ApRWfsIMQSt2uE4OcpQqbFu7f7NbTK05lx80nuSijCz7sc3a277R67g,Very cool game. The controls are not always responsive.,4,0,1.02,2019-02-27 11:50:57,Checkout update 1.13. It adds support for gamepad controllers.,2019-09-30 17:06:19
gp:AOqpTOEzEDcoRsxJtnFM2v4Xl6SZXIimKDEf3LVmulKQNsAhsnvrqi-1_J4BbHu76mRnZKgH0cn5KS9587jYb9I,Tyler Wintringham,https://play-lh.googleusercontent.com/a-/AOh14GjPM-bYK08FJ8paG7ax5p4Olm7ofGYzHyJ_FG4_bQ,Not as good of graphics as I had imagined but it IS a fun and unique game and still earns the 5 stars. I'm also glad I'm not forced to used gyroscope,5,2,1.02,2019-02-27 04:55:16,,
gp:AOqpTOHSVfKzeDP4grsFyBd8HUjjiHY_TbEGOKrv6XYDReBzYumDltdvbK68WZDPOPF7QnVl0H73Pik5fq5DCHY,Chris Muff,https://play-lh.googleusercontent.com/a-/AOh14Ggo3RsCiietjiDY7ZBkH3M-5zsDYY0D0UqtL36TdQ,"Works well on a Galaxy S6 with the resolution set to low. I've experienced framerate drops when crossing checkpoints on medium resolution. Other than that, it's a solid port of the PC version. Bluetooth audio doesn't work (yet) and I kind of wish there was a calibration option.",5,0,1.02,2019-02-26 18:12:44,,
gp:AOqpTOGY--4uWR9igAkz-cqTAjqjZwI7OSKp24pwV7beqkvIIZlF8suBRsC7YNzeGHpjMsgIzARBxQLgFB7hTx0,A Google user,https://play-lh.googleusercontent.com/EGemoI2NTXmTsBVtJqk8jxF9rh8ApRWfsIMQSt2uE4OcpQqbFu7f7NbTK05lx80nuSijCz7sc3a277R67g,"I am going to give this a 5 star because of how smooth the controls are. also I love being able to play this game wherever I want on my phone, they have fixed the graphics and they are BEAUTIFUL! I love using my high end headphones to listen to this soundtrack in-game, I'll give you more stars... you deserve it :) ☆☆☆☆☆☆☆☆☆☆☆☆☆☆☆☆☆☆☆☆☆☆☆",5,5,1.02,2019-02-26 16:49:54,,
gp:AOqpTOEFH3RJWc30y95EcoblOre50NoEPI97bBugEc-NUsVfl7UeGRmZT3TSBje4N0cqiRCdhSs5NZpD_wCWLkE,A Google user,https://play-lh.googleusercontent.com/EGemoI2NTXmTsBVtJqk8jxF9rh8ApRWfsIMQSt2uE4OcpQqbFu7f7NbTK05lx80nuSijCz7sc3a277R67g,Wear Headphones!,5,0,1.02,2019-02-25 19:59:40,,
gp:AOqpTOFaUics8GFa0GoKovJ-HzEKYXsolL9k-rHCo9lzeSroTuIgP0kqzS1KUJeCR9goplyXgHXtdNupH-2QCDA,Nick Letsom,https://play-lh.googleusercontent.com/a-/AOh14GiMLslKTiLGDGMI4asuFKLWu-xFJ-623EWSqUwW67Y,"Already owned this on Switch and double-dipped it without hesitation. Easily one of my favorite rhythm games, and the Android port feels solid and complete. You guys did great!  Edit: If I could make one recommendation, it would be to add controller support and target Android TV. It would be great to play this on my Shield TV. Maybe even cloud saves? But still, very happy with what it is out of the box.",5,5,1.02,2019-02-25 13:53:11,Checkout update 1.13. It adds support for gamepad controllers.,2019-09-30 17:06:35
gp:AOqpTOEL2Aa2uygJB6uD8Tu3t70M53JFRm7qTCQUwc39YshB8NBfK8xBliabvM9Z8vPVe8k0xVxJgng2fLDvMpo,sfxchampion,https://play-lh.googleusercontent.com/a-/AOh14Gir3PRP_56t9NVGnfjdPZY6rp3mQ-Ze9ufsnkEf3A,Pretty good but would even better if you supported the dynamic vibration system on thr xz2 premium,4,2,1.02,2019-02-24 09:19:38,,
gp:AOqpTOGAj_nTO-LsXllgRgZG5gqnvX9iWoHwohGN8uyivt1OnPpnlx_dE39K1-C-WO_iaeQegL0IeHlNLme7Zkw,Jessie Whiley,https://play-lh.googleusercontent.com/a-/AOh14GhlD9x9Ku3zOHFWwUUu39vpdT65o3NAJkW8-yJUYw,"FINALLY! Been waiting, i think, a year for this to arrive on Android. I own this now on PS4, Switch, iOS and and now... finally Android. Still beautiful. Still fun. Still Thumper. Sucks it took so long to arrive, though.",5,0,1.02,2019-02-24 09:17:56,,
gp:AOqpTOFnCxi65_EQBhTTGW8FhIHt6683X3QLBS_ykP1usnbz4Dc31UhIuE_JvGRAPfZOax27htXn6HG2OuTJlmA,blk dragon,https://play-lh.googleusercontent.com/a-/AOh14GhaXfOGcAjeJTcRXpjTQ_h4qA0rAznyFyAjmFwr,I now can play on my phone as well as VR! Finally something that catches my attention. Thanks!,5,0,1.02,2019-02-24 06:38:19,,
gp:AOqpTOHzjaUVyhyh_Jln4PGjDbSJSmcEzPSaIM41pUrcVcl8ixqgXJkNpUZAiL_1ZYEc4n06C__ev7jBv1hG2hM,Jeremy Craig,https://play-lh.googleusercontent.com/-1td8eAWYU6M/AAAAAAAAAAI/AAAAAAAAAAA/AMZuucm7PmhTIgcZX_8ZsVv3_2qKfYginw/photo.jpg,"very cool, feels very natural and the experience is very simlar to the pc for me. Only gripe I have is the inability(or my lack of ability to find the option) to disable the vibration.",5,4,1.02,2019-02-24 02:21:46,,
gp:AOqpTOEEEDsVNoNKbAXMteWu2zNdbDZSqQVNziSfuKIaqht4PLrSViBs9EnSkkyjPkvtrTu8vV5s998PuwFg0PU,jon R,https://play-lh.googleusercontent.com/a-/AOh14GiLfR6NxWD-f_AuFGXHLWPeUSeg66r7eN_C1r0XBw,after updating to the neweat version the game is running perfectly on my phone. absolutely loving having a mobile version of this game. great support by Drool.,5,1,1.02,2019-02-23 18:18:36,Can you get the latest update and try again please? That should fix the graphical issue in the 1.0 version.,2019-02-23 06:14:14
gp:AOqpTOEYJnhBEx9-yZbBXPlLdBrZEwY0m0krTxKTeGFfB2eEy1fsY47RfvRN3ysq072HzGPoD-F8xabRItPHBLA,Jens Knutson,https://play-lh.googleusercontent.com/a-/AOh14GhXXZx8SmazKk4daH9H0CEWe0YhuLJgeauIGl1wEiU,"Amazing, first rate experience. One of the best mobile games I've ever played. Worth it at twice the price!",5,0,1.02,2019-02-23 15:13:01,,
gp:AOqpTOGJfQW55BHq7Ju825YlaFrQTQB5piXFjhjNOgpSq8wjlV9QoCAIxdC_24Ie7bX5mJLaZxfnTdvzz_abcy4,C S,https://play-lh.googleusercontent.com/a-/AOh14GgoLdljI6VQ8KUUmwKc-zb_HF3eXDVaGPkDDC2yrg8,"Fun game! it's just challenging enough to be fun without being too frustrating, and the effects are very satisfyingly intense (use headphones!)",5,3,1.02,2019-02-23 12:46:55,The Pixel 3 graphics issue is now fixed! Just get the latest version.,2019-02-23 04:04:34
gp:AOqpTOGj_3r518q0xX3RSWl8ZGHoulOBTUq3qP93ZA0xwE2OdT6_McomD0PzgGRzwJqCQEEwZKLPXLzHOPf31hM,Ceasar187,https://play-lh.googleusercontent.com/a-/AOh14GgfNtf2pjnhvUmBrUWKhZBZUIJWJSLUW1usr-tMsA,Amazing amazing straight up!!! Samsung j7 prime runs beautifully!!!!,5,2,1.02,2019-02-23 12:36:35,,
gp:AOqpTOEH8mwEY_He2U8mPx-BskHVz04n4MBjoBu8wBidQARI5nEhPurpcMTx9zeh6i3OIAW46zjFBO4lqqhMrkw,A Google user,https://play-lh.googleusercontent.com/EGemoI2NTXmTsBVtJqk8jxF9rh8ApRWfsIMQSt2uE4OcpQqbFu7f7NbTK05lx80nuSijCz7sc3a277R67g,I had initially refunded this game but the developer reached out and the issue with the walls and track not rendering has been resolved! Other improvements have been rolling out as well. Fantastic!!!,5,3,1.02,2019-02-23 10:59:04,,
gp:AOqpTOHna9AJxI0qa1er1tuV_Ifk-RCmUgO9X2pG4bSaNqRnOOFY2QK5Cn8VlZqejP8pOQ2DRIvNRVflGpBa4KA,Marcel Perry,https://play-lh.googleusercontent.com/a-/AOh14Gh5F2Rn4kccoZbmRPFTamAmgQjvSnS18QZu_Zb4Fg,"Liking it so far, but experiencing graphic tearing on high detail with Note 9. Medium seems fine. Edit: Fixed",5,3,1.02,2019-02-23 10:50:22,,
gp:AOqpTOExtbPX7Px4Dmk9rfAHy55eFTCYYOc_r7vf7Ef0uc5_yfK2fxeX415HsCJTFK0fEbAsR6wahqhAeHWNadw,Richard Ward,https://play-lh.googleusercontent.com/a-/AOh14GjFIvxImHDMPH8sXnn2F57230B24yLyQUvUWd2Njg,"The game looks fun, but lacks a calibration so it feels off beat. How a dev releases a rhythm-based game without an option to calibrate is beyond me, especially considering the vast differences in phones out there... I'd say hold off on buying until the kinks are worked out.",2,5,1.02,2019-02-23 09:19:50,"We don't have calibration on any platform. You need BOTH low audio + video latency for the game. Calibration would add video latency to match audio latency, but that would result in sluggish controls. Your S8+ should be very capable of running it with low latency. We recommend turning off power saving, gestures, and avoiding bluetooth audio.",2019-02-23 21:58:59
gp:AOqpTOHVfQbBBhhdXrqRNS7PIbwRS4HgyokbynuJ_K07IQQ3oJmIqX_DZfEcgieZJPXDyA-iXbiKUlMCznCBAe4,Smumbo,https://play-lh.googleusercontent.com/a-/AOh14GjXOjPQfKwK_9il19fB8dSfuJqmrfnUJuTpGc6v_w,Best rhythm game ever! Developer promptly replied and fixed my only issue with it.,5,4,1.02,2019-02-23 08:04:10,Thanks for pointing out the aspect issue. If you get the latest update (1.02) the game should now use the full screen on your S8 Plus.,2019-02-23 04:03:50
gp:AOqpTOF-VCkvgAlSviz2iW8UP2kB7KG9wDxCReYygNsoP5Lqz3FFQ5P-bmjOe2cCevL8IwWyLrtNm4nF7kODljs,Pobega,https://play-lh.googleusercontent.com/a-/AOh14GgfOZ2wzf691nFSJ6Qq9FqS2sMgVLAKUt87GhwMrQ,"Great port! Overall it works swell, but a few early complaints: * swipe for turns feels like it comes out late? I feel like I have to input it early rather than on the beat. * on the topic of swipe, it just looks weird that after the swipe I continue the motion for a while (even though i just did a quick swipe). * Is the sound effect for the level end node just missing? It seems much harder on mobile to get that consistently whereas on PS4 there was a sound effect that played as you approached",5,1,1.01,2019-02-23 06:48:33,,
gp:AOqpTOEVS5aaoL2hFwTFrD9iIEaGfLG31vUXSore3jmcr51OY_-4wLybza-3rP7RisebiHKLgBpPwoLIwM6wbV0,Jacob Schmugge,https://play-lh.googleusercontent.com/-_IfJTiwv7jA/AAAAAAAAAAI/AAAAAAAAAAA/AMZuucnpDEF6yPaSdHgum0vFwf0DWOcG7Q/photo.jpg,"Update : the triple-tap option for screen zoom in my Pixel 2XL was causing the latency issues. The game is impressively responsive now. Can't figure out timing. I'm not sure if I'm having latency issues or what. I've played this on the Oculus Rift quite successfully, but it's been a while, so maybe I forgot how to play or I just started sucking since it's first Rift release? Whatever it is I'm finding it unplayable. Looks just as good as I remember.",5,0,1.01,2019-02-23 00:35:44,,
gp:AOqpTOHdnWpKCVE-fg0exOjAZwfTocicxoOVm4MeY9xerIAH_i0uySldDgt4hD_oGpViDGzXoT_o0zMdlrKuLbA,Andrew Muljadi,https://play-lh.googleusercontent.com/a-/AOh14GjbUgJ_ObJWTCEQENPl1NP6TByDJtpDVNZdkC8QDA,Im glad you listened! i ask for this game to be on android and its here! even though it took quite a while.,5,0,1.01,2019-02-22 23:15:00,,
gp:AOqpTOGx55fyAgZPlR62f9xQJ9F06AtDLRhFY7PHqzNQDyWeG7c9NhZVmMvKS7vuMdtSol1steAOsnIUtyk3O6s,A Google user,https://play-lh.googleusercontent.com/EGemoI2NTXmTsBVtJqk8jxF9rh8ApRWfsIMQSt2uE4OcpQqbFu7f7NbTK05lx80nuSijCz7sc3a277R67g,Mini port of the excellent console game. Stunning graphics and still has the intense timing.,5,0,1.01,2019-02-22 22:45:29,,
gp:AOqpTOF_xbFauBmLCaa8xYwx8BSUWRKpWvzKuo6R56C2B6wiZ2i7DiI6TiocTfFM0KxtLQk4QnAwFSJ3iQBRcjc,Chris Lee,https://play-lh.googleusercontent.com/a-/AOh14GiGOWNote4vuOPiN3CJaq1HfHOVOszwBeeWtjfL5Gc,I really don't play many mobile games but this one is fantastic.,5,0,1.01,2019-02-22 21:31:46,,
gp:AOqpTOGIF114InDzQ5KPvu30WTznK4KR2nQKGfwxjv4zTEUgb1ywtBKRkk5hvZFYQXA_D1t1vm9zXkbg81SmAIs,Kevin Aaronson,https://play-lh.googleusercontent.com/a-/AOh14GhUdHI95r5tv8k_5-rm8nNx_O7ZZqgYYCxXI3JMb1o,visual artifacts on galaxy note 9: fixed,5,1,1.0,2019-02-22 19:07:44,,
gp:AOqpTOEhxOnS1bXNAmA9smhghj5BssXyqvQv3MnsHp5bpZtKaNZBqcp9eAOggHB9cYvv7GbaoBeF_vVt1zTrrIQ,Thomas Mulvany,https://play-lh.googleusercontent.com/-wgClsriIXBo/AAAAAAAAAAI/AAAAAAAAAAA/AMZuucl90pTbf7szQ6iLR3rQu2uzDNEtHQ/photo.jpg,"Played this at EGX 3 years ago and was blown away! My game of the show, hands down... but my computer is lacking... anything haha it can play Sportsfriends, Speedrunners, the alpha version of Arena Gods and 8 player Clusterpuck 99... and my collectiveness/money has gone onto board games and hosting game nights now... but.. yeah where was I? Playing it for the first time today on my phone has been a dream come true. absolutely sublime :D my phone's battery says otherwise. it does drain it abit.",5,2,1.01,2019-02-22 16:25:43,,
gp:AOqpTOH2cohemFFtggT2D8uEb6ubSTUH3-oSEbvBohtPaZUGXtQ-W74Io5pjB2McBs4oTsLjcScb8OCrExgfd14,Colter Wehmeier,https://play-lh.googleusercontent.com/a-/AOh14GjPPMZTUcc4-3QD62jfYfDVnnT5IXsTgabBTdfxyYc,I adored Thumper on PC and look forward to showing this around. Thumper is absolutely gorgeous in portrait mode. Its tilt/touch controls are more forgiving than I remember which is good for mobile. Audio delay compensation would be a nice feature but this is relatively cheap so it's not a deal breaker. This is a perfect mobile game. - Just be weary of crushing your phone or pulling gnarly faces in public. The intensity just keeps mounting as you play.,5,5,1.01,2019-02-22 15:52:02,Thanks for letting us know! Please get the 1.01 update (available now). It will fix this issue for you.,2019-02-22 14:33:50
gp:AOqpTOFuUZ01QGSQyEcbrwngd8l_cWBmw0pl8w8LdY6YLp7MbjSwiqql7bpXNGEfJSV7p-weP_BoVOZS503toSg,Doug V.,https://play-lh.googleusercontent.com/a-/AOh14GgynYbyT87SaBCZ6btjQciDArKi16nLHUWDjUPICkY,game works flawlessly now on my oneplus 6T after update! kudos to the game devs for the quick fix.,5,5,1.01,2019-02-22 14:46:47,"Not sure if you're already refunded, by the 1.01 update (available now) should fix this issue for you.",2019-02-22 14:30:48
gp:AOqpTOGr8_fkzGxkh7Gzr2MPo71KqFojjJEvDnsAQOOfmILgEaF3vE2fFIFLktyOGEDSzEL5jFxKkugm1aFNDDs,Talha Muhammad,https://play-lh.googleusercontent.com/a-/AOh14GjfzXTQ2N5kN7781JnzGy6j3WweMy5GNCstiZdHwcE,issues are fixed! works like a charm now. thanks drool!,5,0,1.0,2019-02-22 14:35:24,Thanks for letting us know! Please get the 1.01 update (available now). It will fix this issue for you.,2019-02-22 14:32:45
gp:AOqpTOFs7-KMK3tOfqxMescYDQ-McYjBTR2_ofmWG8TCT0qd_EjcOPYDCJ6676FjvEfCeWUd58xhETLAXtpd2rQ,Gonzo R.,https://play-lh.googleusercontent.com/a-/AOh14Gipjr0Be1Ba5jM8FvrCFvPuINuHhw2H59A5fqOs,"Beauty! Fast response from devs, great game!",5,0,1.01,2019-02-22 14:35:18,Thanks for letting us know! Please get the 1.01 update (available now). It will fix this issue for you.,2019-02-22 14:32:56
gp:AOqpTOEwqwwrVt-RtCG2U0FfW_NIp2b5nw5GvydHSyULWwv-G5hTTT28-yOlOU4XDrlcPNsrPSOqyCRFQ0YMBuA,A Google user,https://play-lh.googleusercontent.com/EGemoI2NTXmTsBVtJqk8jxF9rh8ApRWfsIMQSt2uE4OcpQqbFu7f7NbTK05lx80nuSijCz7sc3a277R67g,"I emailed the developers about my issues with getting the game to run, and they released an update the next day that fixed everything. The game runs very well and is incredibly fun. The unique aesthetic and feel of the game is so engrossing and the controls translated really well to touch. Highly recommended!",5,13,1.01,2019-02-22 12:52:47,,
gp:AOqpTOGKc5949Le2ZjmjrPaehzHu9mglSIdg0HR5i1ldIkF1M00SjaMvsAhJxUZylgaio7nVPDAcG8dVuly-jAg,A Google user,https://play-lh.googleusercontent.com/EGemoI2NTXmTsBVtJqk8jxF9rh8ApRWfsIMQSt2uE4OcpQqbFu7f7NbTK05lx80nuSijCz7sc3a277R67g,"1.01 update edit: working beautifully on OnePlus 6T now! I am so hyped!! Someone else mentioned Bluetooth audio is great, so I tested with OnePlus Bullets Wireless, and can confirm that the audio delay is on point! The same review mentioned landscape support, in which I did not know since my rotation is locked. That's also great! I can't wait to get to the final levels and see how hectic it is with touch controls! Good stuff, Drool!",5,7,1.01,2019-02-22 10:35:57,,
gp:AOqpTOFwb0cObQ7EcWuKj4cjEfYChCgQd1Y65eR7OFNrWrPjRAsggJMq6h0fbD0P-4Y7tEbd-7xX2BZEaPzq5Bs,Rex Hicks,https://play-lh.googleusercontent.com/a-/AOh14GgUEMcNwJrpcz1RWeTTYyL9UFcv4J_Z6o53LCAC3A,Fixed glitches on s9 plus. The game is beautiful and a perfect translation to mobile.,5,2,1.01,2019-02-22 10:13:07,,
gp:AOqpTOHic2MFtOKZrN_RJYfjfzIJKReisH-NV-yU3WSPh8OPdVY64ryJWSkAezV0YnuS4XtysgXmjVJVTmC6qGg,Cain Hiryu,https://play-lh.googleusercontent.com/a-/AOh14Gg86fi__pMg2inCOJhfnVXFH59JJesAiyJhZ7QqaA,"Somehow, thumper made it to mobile! One of my favorite games, I highly recommend everyone gives this beautiful, terrifying game a try!",5,0,1.01,2019-02-22 10:08:46,,
gp:AOqpTOEp_-OzN_HbLY3a8INj4_CViMhbVY55uXEC4fEYl5ElchtVf5cJSARPFRBWftR25WvcTeOBiQTYfu6gCig,Alex Holshouser,https://play-lh.googleusercontent.com/-CBLoAvS9lA8/AAAAAAAAAAI/AAAAAAAAAAA/AMZuuckTT7HlK9Qjy9JzULtEJiPgO9mf2g/photo.jpg,"Samsung S9+, Android 9. There is a graphical display glitch which renders the track invisible and the game unplayable. EDIT: The develops responded very promptly and fixed the display bug for the effected devices. This is an amazing game, regardless of which platform its released on and well worth the small asking price.",5,7,1.01,2019-02-22 09:43:21,,
gp:AOqpTOEXNVkDBKq3ZTPn--tAOXgi4ydN-1p5MtD78QXKXZg0Ig3_JukoTB1btQKUJWBmB6PPzdb6M2nUtQyHj1k,Maani Yousofi,https://play-lh.googleusercontent.com/a-/AOh14Gj5qjaumXdnsdiBBwr0fF2wa7f51dB-DdmfJ0tTJA,LDAC Causes stuttering issues. ***PROS*** -Great performance - small file size - Bluetooth audio is awesome and compensates the delay! - controls are great: one handed! (tilt or drag) - landscape and portrait views available - you can change resolution but great framerate on 1080p on snapdragon 636,5,3,1.0,2019-02-22 09:34:03,,
gp:AOqpTOEUVznVYbD7hLN1FTWyRfcqgUYZ-UF680vcpBGHZ4Dsu-dt9Ot5_oShivvv9LSnXBT14C2v8NEJWflaW-g,Jesse Eisenhower,https://play-lh.googleusercontent.com/a-/AOh14GhxyuGApPNRbI-SJff4EUGIh-IONQi2Gd_m6quC,the best looking and sounding mobile game that has ever been made,5,0,1.0,2019-02-22 09:07:25,,
gp:AOqpTOHVFg6LLbwmvDaUdv98I0ePUL7J1S-PM4dztqqFsxtddpdVK4L-PSX3xOvFwR4Mr9BeDCwJqnCVHl3M6_g,lenolds carrasco,https://play-lh.googleusercontent.com/a-/AOh14Gje7YpfTanfugUv2vyPnD8E8eKaE232b6a1QqDc,This game is awesome. If you played this on the PS or PC you will enjoy this. it'll take some getting used to the controls but they did a great job of makeing it intuitive and easy to adjust.,5,0,1.0,2019-02-22 07:59:18,,
gp:AOqpTOGDmcIJ3q8HqMZcFLUwQKa0apEydiCg3QR6zJQygpJHTi2oXMJIOfadnDNJq67X9urPM7Tt-FEoJLemCwI,Angelo Cicero,https://play-lh.googleusercontent.com/a-/AOh14GgiF0GLuNSM1IyzJ5doO9t1f6f-pnvV0tMQmH1odXQ,My favorite rhythm game of all time. So glad to see a great implementation on Android. Any fan of Guitar Hero etc. will probably enjoy it a lot.,5,1,1.0,2019-02-22 07:24:36,,
gp:AOqpTOEf9Uww2r9uCD_EvhPwz1Nu9586ckfMYBVep3X7SgeqVAa95dRnaNQGxdHQOD5RvLMA6QYJdXo9JP-HavA,Brian B,https://play-lh.googleusercontent.com/a-/AOh14GgxGqZrzmWX-AC3Vny0XhbAj2i4xJVocZAuj7dPEvM,"can't see a thing, track doesn't draw on pixel 3",1,12,,2019-02-22 06:38:25,Thanks for letting us know! Please get the 1.01 update (available now). It will fix this issue for you.,2019-02-22 14:32:12
gp:AOqpTOEKZ5-ihQY_gVnb_CYCMxO_5nPUJ67FgBoiZMmGApwtOKy4aEmoTwfUXq76It9HwdVo2wLL2_fytMT9yvE,James Rieger,https://play-lh.googleusercontent.com/a-/AOh14GiZyazm3QqmV4pNOLc1cHdH44LW5VnCdx9592fm,"No problems for me. The game is as great as ever, and easily my favorite mobile game.",5,0,1.0,2019-02-22 05:38:44,,
gp:AOqpTOG7OWrDYhEAmCOpuhcV24f2kKXH-5uG_ggggy8OTVOGOnqlTt2zbNxted7fE6puw_snT2av-Rrnzr8jYYY,Michael O'Connor,https://play-lh.googleusercontent.com/a-/AOh14GgIB4v59fz2-PwvEgh-usXBWR3P0UPRqd_fdfGC8g,"Thumper is an absolutely fantastic game on console and VR, and I have no doubt that it is a great port from all the glowing reviews I've seen. But on my Xperia XZ2... well... the lane and the obstacles are invisible. This renders the game essentially unplayable on my device. If this problem is fixed, I will gladly buy the game again. But for anyone who also owns an Xperia XZ2, I recommend avoiding it for now.",1,4,,2019-02-22 04:29:59,Thanks for letting us know! Please get the 1.01 update (available now). It will fix this issue for you.,2019-02-22 14:32:28
gp:AOqpTOFG_7CTrAiNP5pPnivEQzPzwPSvyiQszhwnONIn4fq649HY53jCMZXd7depbX706JA4CQya62HW8DHVy6M,Cruise Deshevy,https://play-lh.googleusercontent.com/a-/AOh14GjXcshLq4wSNFBkLgsNi17SN8Dz2E8N0rbdilD3PA,"Portrait and Landscape modes and a full polished release on Android , how could you say no. 3 different graphical settings and they all look great. The rushing heart beating gameplay stays intact , a nice port indeed.",5,0,1.0,2019-02-21 21:49:09,,
gp:AOqpTOEpVITahFwLcEjzeLBO_ZuXCZEMnqGWzYEFJnIGOvYtZAdF8iCS--zfUJc74wzIgwEc17fChibG8D-BnJs,Gerardo Dominguez,https://play-lh.googleusercontent.com/a-/AOh14GhMYODF1Gn8OcLawqcg0bVk-NU90y1FdNgVwZ_T1fk,Graphical glitches on Pixel 3,1,4,,2019-02-21 18:16:16,Thanks for letting us know! Please get the 1.01 update (available now). It will fix this issue for you.,2019-02-22 14:31:15
gp:AOqpTOHIEnmGLz2mKzwoYXCR4OPW8Oq1QipgAhBzgEwXJqHaogFwkYcetzN0ZOYkhT1rIAxBbeiIOORt_L3AwSo,Xaiver Hamilton,https://play-lh.googleusercontent.com/a-/AOh14GhPMwBgv_JFTZM18KP_GnWSFOmnnKnh3eVDjDW_Nw,this is a cool game. keep it up guys!,5,0,1.0,2019-02-21 14:11:06,,
gp:AOqpTOFcGhXrBnPlzi4S4i73PfFzWYDg9_ze5ApiT7hmw0k1RdXEWtpDR05i9axy74pSijLhrz1RSvST2QLLCEc,Jeremy Gilman,https://play-lh.googleusercontent.com/-K7zBTV3Czj8/AAAAAAAAAAI/AAAAAAAAAd8/AMZuucmRzDdSIKRMwWopIpx9cwgNzWLuww/photo.jpg,This game is amazing. I am stunned at how well the PC experience translates to mobile. Don't miss it.,5,1,1.0,2019-02-21 11:33:44,,
gp:AOqpTOE4Sd-T-BlrlY1q2WMoxXMF6XVVPCBQ2ZEJzYg4xdlRngQC4hCc-sllvPwVpr1tE0-EjbjEyZ6PUAN3Esk,Marc Barnes,https://play-lh.googleusercontent.com/a-/AOh14GgnyFZVXCs7w3yvuGxUw9osBbSHGHlJ5NkOwjKKKg,"Fantastic! This is the 3rd way I've played Thumper and the talented devs always know how to play to the strengths of each platform. This version is looking spectacular as ever, looking great in portrait orientation. Stoked that it made it to Android!",5,0,1.0,2019-02-21 11:20:15,,
gp:AOqpTOHTIzjcOVZPxKSaQju2E24kU_Z0O9CfKKVUDEQZ5GmZlobfIxrJpz5sw-HvunI-8R7_A8yjwA-rtM5cFj0,Nicholas Kettler,https://play-lh.googleusercontent.com/a-/AOh14GgzRrQCifZyqyymTFjLLvCPbV4n9NxFqRg7IF28iW0,"Honestly one of my favorite games ever made. Really challenging and tests your ability to understand odd and strange rhythems. Dont lose hope if you get stuck, you can get through everything with practice and focus. Levels 5, 7, and 9 can be really brutal to understand at first because of the odd time signatures. I will say the mobile version is probably inferior to a console or pc just because touch controlls are a little harder. But if its your only option, then its still a good one.",5,13,1.0,2019-02-21 10:14:22,,
gp:AOqpTOHXgKp9Ojrbx4U_VB8atBeVF4j86t5jIhowY4gBXjJ7kD_62f4l6BL2ZH_8hoxTi5tMBlNTH-L1yVsK0tg,Evyatar Meshulam,https://play-lh.googleusercontent.com/a-/AOh14Gh8hJ3FreXxPFDmPKW6JkY7uSOiBsJx8_Li0cpLPQ,amazing. better on pc and consoles.,5,1,1.0,2019-02-21 09:20:42,,
gp:AOqpTOEDb6ekGvohbqSBV9oRvvUWm8shpCr7lSGq-Wx-uMX3M0skyyvp5jHXj06hIzbEWw6IniDuWvEU5LxQl7w,MK1 Murica,https://play-lh.googleusercontent.com/a-/AOh14GhzjhgzmNLhLoVqOfvur7aNfzUGr4O1DFZfb-lbdQ,really guys? come on.,1,4,,2019-02-21 09:18:06,You have a Galaxy S9? Please get the 1.01 update (available now). It will fix the graphical issues for you.,2019-02-22 14:32:07
gp:AOqpTOHwFFmVtVbraGWCXbCtDMC26wpqsuARxtHlySxJC1PFm67VhkXGPIYRoykW7BjyS44_WsieCJkTQ87qx_U,Rhory True,https://play-lh.googleusercontent.com/a-/AOh14Gg9Loy6G3KLTujd-Pu7wV2Ip2yhAnT-623wgp36,Lots of visual bugs and issues. I'm on a Pixel 3 XL. Maybe my device is incompatible. Will repurchase and update in the future.,2,4,,2019-02-21 08:59:56,Thanks for letting us know! Please get the 1.01 update (available now). It will fix this issue for you.,2019-02-22 14:32:35
