reviewId,userName,userImage,content,score,thumbsUpCount,reviewCreatedVersion,at,replyContent,repliedAt
gp:AOqpTOHAkOTcgHan4mE6NahrKGO88SwNlERSDmhcyNdLnxZyvo02eWbtrBQx3rrXf0ObczaAQCLs5yiEEuUa6M8,David Schell,https://play-lh.googleusercontent.com/-HYw0zIKtdFQ/AAAAAAAAAAI/AAAAAAAAAAA/AMZuuckkIu3XA3rTWa8NYiLEKHec7NW15A/photo.jpg,Fun,5,0,1.4.10,2021-02-05 16:01:15,,
gp:AOqpTOFOxVFYmMKCJtf_P6SBqKrzNnc9NIFF3o_2PMI1stslHbvC--JaV2TLjVRvxjDEio-XcLJb2bqX5PeNp1g,Mary Costea,https://play-lh.googleusercontent.com/a-/AOh14GgJDiIF9Rpa6JKpkEbPQviFYnEV_qRsm460wk3H_w,Fair,3,0,1.4.10,2021-01-31 23:48:05,,
gp:AOqpTOH1oJODMzknyJpYgfOURzsWf6FS4sqK2u3XcSE6wwQo56efrJ-ctuEr1yL5uYf-GbdCtP7hj9fLsJLCq0E,Marc Forrester,https://play-lh.googleusercontent.com/a-/AOh14GjUmWyJU4pvK0It57p0um6STHKlbnLCDAGAK1c,"Had some difficulty setting controller inputs because the game defaults to WASD on keyboard. Virtual mouse was locked out, had to use an OTG adapter to access the menu and to rename characters.",3,0,1.4.10,2021-01-29 10:34:02,"Hi, glad you were able to get to Options/Input Map and select the mapping you desire. Apologies for the difficulties without mouse support; I'll take a look into allowing mouse support for applicable devices, thanks.",2021-01-29 17:27:06
gp:AOqpTOGptJympx4eUAk9nlOyqotlo5qvHa3zAjFGUlhPPoMBNBEoQSsK9S67FLKunyE2HLBjkIBRgsxeWHY9XA8,Thomas Bittner,https://play-lh.googleusercontent.com/-FpT473lUv_U/AAAAAAAAAAI/AAAAAAAAAAA/AMZuuclIXc6LJ8wLUdkY4xFolzxzstLIzA/photo.jpg,In the early days of SNES this type game would have cost 50 bucks.,5,0,1.4.10,2021-01-28 10:15:00,Thank you so much! I really appreciate it 😊,2021-01-28 10:19:32
gp:AOqpTOG1NAtAWHeimdjyWx5xV-XNXx09B63dLHyQO7Nw1KjomaYOMPi_qweD9RZxlk07FFQ0c9Pskn2CLItuN7Y,Gerald Euton,https://play-lh.googleusercontent.com/-W9YoUNqrJxM/AAAAAAAAAAI/AAAAAAAAAAA/AMZuuckjPkkDun_35lWOletAALsByBG70Q/photo.jpg,Its what if says it is. It has a very nice old school feel and its worth the few bucks.,5,0,1.4.10,2021-01-23 13:41:14,Thank you! Glad you enjoy it,2021-01-23 18:00:56
gp:AOqpTOEOxHHAendADuzD3FP8Ll2QVVsOYJuLpzHFoN2Mm-dI2q5Po0fI3Cq0hZos0VZtV7TP8hQ8tKTDzXD9iyQ,Raven Brooks,https://play-lh.googleusercontent.com/a-/AOh14GjKHZwoXaajrkKAcAstovFQsimyT5ayLvtSaico,Love it!,5,0,1.4.10,2021-01-18 17:16:21,Thanks!,2021-01-23 18:01:05
gp:AOqpTOFkzWH7ejpv7gqYOslcYJ-nGoLwE2VnMDDh9_Ap3VTC_nVcIgBY5zlE35aJw7SdHA5uWFbyVb_FrcgegZA,James Noe,https://play-lh.googleusercontent.com/-5QG_AOgw47U/AAAAAAAAAAI/AAAAAAAAAAA/AMZuucnxjbF7a9gfSCccGe0XmYEvrUFbTA/photo.jpg,Please fix. To slow to battle load will not load battle . takes to long. Thank you.,4,0,1.4.10,2021-01-16 14:52:44,"Hi James thanks for letting me know, I'd be happy to take a look. Please send me an email at jischoler@dunamisgames.com or use the support button in the game and I will follow up with you.",2021-01-17 09:15:27
gp:AOqpTOH_ygFddoqdW8l-O6WS7qhO01p9AaHxlchBAd6NoJTuKcE_fiufm5oSSEos8DV-PnPNMPQMGBB2j-J44uI,Who loves arbys? I love arbys!,https://play-lh.googleusercontent.com/a-/AOh14Ggy5oCETJhpP2j4gibNxj_6_28AoBCz6HBTqAcWOw,Its really good for a mobile rpg it doesn't have the prettiest graphics but it has a way better than the kemco rpgs,5,0,1.4.10,2020-11-26 08:38:36,,
gp:AOqpTOEd1lpc_CCwoMRej3MzLVbimhcojNC01EUjZeYmTG4P3Zbk0Ie83qeg4kSGooot1a1L2wYKhGnewULlbPI,Bob,https://play-lh.googleusercontent.com/a-/AOh14Ggio8bA8vcsAX4Ug-s5BP3WTUVgpnfiDdrN_pf4,"Amazing, addictive and just a simply beautiful RPG. 10/10 We need more RPG's like this.",5,0,,2020-09-25 00:33:45,Thank you! So glad you enjoyed it.,2020-09-26 21:47:23
gp:AOqpTOFmsT7pYxd6rLmn461eIKCpEPjHDqAasH8zFIjkmvGH8TbtNJmSxjtTdaRND8EZT3xv0nalGd5MQ2HCv6c,Jay Serrano,https://play-lh.googleusercontent.com/a-/AOh14GiUW0di4EVHRVjrUL3yKW1QEcMtTOT3w72nNEfAzPI,"Brings me back to the good ol' days of the first Final Fantasy on the NES, a lot of heart & effort was put into this game & for that it's worth the $4.00, two thumbs up for the developers.😁👍👍",5,4,1.4.10,2020-09-20 09:13:40,Thank you so much!,2020-09-22 08:39:20
gp:AOqpTOEeXOxxnhJQPc9Rzq1aIjVtUFZxPkpUyMAcP3qF5dP0ivfZoZOrj5eLDJlbT4sWvkFrfMuqSyeTlseMxWY,Robert Shaver,https://play-lh.googleusercontent.com/-H7iZ8nQHXB0/AAAAAAAAAAI/AAAAAAAAAAA/AMZuuclgdvHPH2RscyumdVA3Stdk1SDCAA/photo.jpg,Enjoyable...,5,0,1.4.10,2020-08-21 10:14:02,,
gp:AOqpTOHJpGhXqYYrzqKtmkhDDuHb34NaouamL1hEg9Guxj6NIRd9UYmbeFnpq82yG9aaqLGvcAJDYshFKXA4RPk,Jamie Hopkins,https://play-lh.googleusercontent.com/a-/AOh14GhV-Ehidv32MZrTb3rDSE89Y2v9vMTfbyMc14VohA,Fun game,5,0,,2020-08-01 08:26:58,,
gp:AOqpTOFVtK30v5aHfyDB5YvqpNdM3lsmU1FZMki26tG3N7HsKXaz4vc7dFwc8ZwwdrkmSIchm59UFelZs033DlE,Mychael Neff,https://play-lh.googleusercontent.com/-n2aQqAIUZ8U/AAAAAAAAAAI/AAAAAAAAAAA/AMZuucn3f-qs8v0yuKF8iqBBTjhxzgafXA/photo.jpg,Love the game the monsters are cool looking the game is smooth and you progress quickly if you keep moving maybe in the sequal there can be a way to use 8 heros in battle nerf the power and gold gain down alittle and make it possible to recruit monsters along the way just a thought either way this game is easily worth the few dollars and i would have paid an easy $10 for this game it does need a reddit page i believe as well 5/5 from me every time ps could use a bigger key pad in my opinon ❤,5,4,1.4.10,2020-07-26 04:05:28,,
gp:AOqpTOFr0AmUO2VHkrP7dDe8dfLtODBx3p35Iy2PxTb7lzKDgdjxx0xvfdhfHGABhWiFOYry37zq_ejgjltxBZA,Patrick Walsh,https://play-lh.googleusercontent.com/-GDe61pRS4CE/AAAAAAAAAAI/AAAAAAAAAAA/AMZuuckjKKW8ikFUYEdwO6I8TfUjZacFxg/photo.jpg,"This game really needs macros, a few programmable slots where you can assign actions to each character and then just select the macro instead of having to individually instruct each character what to do every single round. Like if you want to do anything but just having everyone do a melee attack. For example maybe you want your wizard to cast fire 1 or 2 instead of doing a pointless attack with their weapon. I've seen this in other games and it works quite well.",3,9,1.4.10,2020-07-25 16:31:49,"Hi Patrick, thanks for the update and glad to hear you enjoy the game overall. Leaving the links here in case others have Issues. Here is a link to a walkthrough for it: https://gamefaqs.gamespot.com/android/255152-eternal-concord/faqs/77576/beralith. If that's not enough I will personally send you pictures and a walkthrough. Thanks.",2019-08-13 21:48:25
gp:AOqpTOHTmfYZnOcPdCDvyCmH0696H5H3M9VM-TAWxZlmy2t8QCPe8IYiOEwVfL6lU81q4uEvUsuvQX47lVbOFU8,Carl Applebaum,https://play-lh.googleusercontent.com/a-/AOh14GjvyJ6PWTi79P6E8jaJDb8Mt6WHcTTjprhTuJo4,Decent rpg formats price,5,0,1.4.10,2020-07-05 14:55:06,Thanks glad you like it!,2020-07-08 08:44:36
gp:AOqpTOHxzbfniVqUVG6bhuXzbpIpLkwIa_akVmz9s7fcgZ6ws7FclRhZJiqkYzS9QE8WgWVmOt6eja1M6Ozg-VI,Kathy wulforst,https://play-lh.googleusercontent.com/-7TE2kQWWWT4/AAAAAAAAAAI/AAAAAAAAAAA/AMZuucm6KcftOv_KKedNnu9OT1kkYpCt1w/photo.jpg,Great game always looking for whimsikull and fun,5,0,1.4.10,2020-06-28 11:21:22,Thank you for the review!,2020-07-08 08:44:25
gp:AOqpTOFtrFwVm65a_2ktQJiVqIKmagAONwnySvZhJBsuesLYz8k3OhBxhCInQt_tGf305DLbNaMXxm-mgkUj-qQ,Rickey Ramey,https://play-lh.googleusercontent.com/-s8aQXFIHcY0/AAAAAAAAAAI/AAAAAAAAAAA/AMZuuckmlK46QPHjtqQ8Klg3rWz1dP9M2w/photo.jpg,Well rounded game😁,5,0,1.4.10,2020-06-26 13:00:51,Thank you!,2020-07-08 08:44:07
gp:AOqpTOFmQa3UaVsJYS_DE0JRUS7_MfmmpwZT5rYQYkSSeoBtVG7CcXcpHMaeu_DFOQgr6BQ5r4GWy2AksHD9RrU,LG JeremyYT,https://play-lh.googleusercontent.com/a-/AOh14GhoK7O5pfYZE2Cusm56JOrJt8NUFY2gf0UasQTRRA,Classic,5,0,1.4.10,2020-06-06 23:06:02,,
gp:AOqpTOEJazLMaintSseSbXMDfNcRAemCOpryss9oy5TEKbUME4bDXoI2LFGmruw5l22AjayRzIMCB4ZiR8AQ1zY,Karlos Danger,https://play-lh.googleusercontent.com/-Gh-xzfrSfWk/AAAAAAAAAAI/AAAAAAAAAAA/AMZuuclor4x-lgGvU4lxHZAMJo1Af3GRgw/photo.jpg,Great game that has that classic rpg vibe.,5,0,1.4.10,2020-05-09 06:06:22,Thank you so much!,2020-05-09 08:04:11
gp:AOqpTOGl2ClxskYf6WmCEvLqogylVAaPQVywfEcSiQNS8vLUQ4XPjfaaYou_phqWaIC4fKWUEvyfEjEPvd8okjE,Berry Knows,https://play-lh.googleusercontent.com/a-/AOh14Ggav5QdwrJlrt3xieILBaI6xrQtogIBkg4Uv-60cg,"This game is fun! The story is great! The characters are wonderful. It is a very interesting game. The developer is active in responding as well, if you comment any issues they are quick to respond. I think there are some negative perspectives on the game, but they are based off of opinion not actual experience. This game is fun, enjoyable, and worth the price paid for such a wonderful game. One level will aggravate you though!! 😂 lol! But once you solve it, You will be pleased again! >^_^<",5,1,1.4.10,2020-05-08 06:48:28,Thanks for the review! I'll take a look at the graphical glitches you mentioned.,2020-04-09 15:14:53
gp:AOqpTOEd1hFRixt9R97Ec-EqvxA4sFkk79sbK1UNRi-4-ojhbmgmij1nqE2yrn6LP0ZqOJAL6TzwW4CCvajBCks,Michael Eisenstein,https://play-lh.googleusercontent.com/a-/AOh14GiLlh_V6IyW5Ab3foWc65ANbITm2YmSwawNq3hFBwA,So far so good. Haven't really played enough yet to know but so far I like it.,5,0,1.4.10,2020-04-08 21:35:53,,
gp:AOqpTOEcUkwRsDeEbCiwXnxL5XjcKWmzLsmlP2hE_oA7kOTm2GYAWBVpLtPzgMSRoekJGOyzcHzhqDfE7WiaQU0,Joseph Fitzsimmons,https://play-lh.googleusercontent.com/-eBWaPXt5Ji8/AAAAAAAAAAI/AAAAAAAAAAA/AMZuucnNo7CJeCw8XJLgdSxVUyJ5UqKuOQ/photo.jpg,Quick gaining stats early on with classic abilities and deep themes. I look forward to seeing the progression of the heroes and learning more about their pasts.,5,0,1.4.10,2020-04-07 20:53:05,,
gp:AOqpTOFFLrDtGAzDC9jlEvd_YO89RCpXD7q34eyofvDbcfNCYC1OKvJnyrTCInQv1BPbECh1EhVB8F5KRKdXBwU,Robert Jacoby,https://play-lh.googleusercontent.com/a-/AOh14GgL0-D8Pzwgm9-udOJVzsQgp8AzIpaAZxoLK6n_,Great way to pass the time,5,0,1.4.10,2020-04-04 13:38:53,,
gp:AOqpTOElxDJWFrcm15L4pIBi36Ud6CqmJRKTuxFul-b8V0D2B_cJCklZ5BNyvv8S_Gw0Ji5uBr3WZJWaXk5sXSE,Eric Adams,https://play-lh.googleusercontent.com/-VMg14cXblIo/AAAAAAAAAAI/AAAAAAAAAAA/AMZuucnDJmr02vbAge44yV7yIFPBGflOvA/photo.jpg,Reminds me of FF1!!,5,0,1.4.10,2020-04-04 09:31:48,,
gp:AOqpTOEJk26KBEW8efC78r57nBWu8zShIjmDv1Cp16N4qzeyio9WMEVdApJSG8AAypSuc-wsalzDmayeX2nP1ZU,Michael Moore,https://play-lh.googleusercontent.com/a-/AOh14Giennl6ScQmVpG5DHBPILK6hB-VhImd5V2aS5Dvkg,I've just finished the main story in the game and i enjoyed it a lot. The game is fun and reminds me of rpg's when i first started playing them.,5,0,1.4.10,2020-04-04 05:43:19,,
gp:AOqpTOFzTixoAv_u0-AuENYNwbrjrPxFMiXC7lC1rVMDtC7SmeVuvNLay2bU_9HmWgzEw8UBD2Pg6WOoDgH7AwI,paul roscoe,https://play-lh.googleusercontent.com/-N55ViA07aPg/AAAAAAAAAAI/AAAAAAAAAAA/AMZuucmTuf0c6zwCA69jC5bcHt7Sfb_ImQ/photo.jpg,great game nice one dev,5,0,1.4.10,2020-04-04 03:07:53,,
gp:AOqpTOGh9AdjmpYx1ulaEVmiCrJTrjVwermUly9jKF67WXmwI_MaBZK9GICArUTMBkYXUlz8NAlBy-JsESXElBM,hikikomori,https://play-lh.googleusercontent.com/-vPjTlrxzaNQ/AAAAAAAAAAI/AAAAAAAAAAA/AMZuuclUPR48yeD-pvRJFbbYQfy5worAvA/photo.jpg,Have not played it yet but thankfully you added achievements... I'm in my achievement hunting phase and it suck :(,5,0,1.4.10,2020-04-02 18:54:41,,
gp:AOqpTOEPhj_PbUvE8BS_2SyV38bwGyUtoNyrsdjU4gAg8E34cNLX1jbXV3JlXlsiSFnsQnOFX1urW8duInYhLQ4,Sora 0441,https://play-lh.googleusercontent.com/-8JAZZVdY7ss/AAAAAAAAAAI/AAAAAAAAAAA/AMZuuckSNLMxG6vnRkeB00qt5IKlT3SaFw/photo.jpg,"I haven't made it far but I can tell I'll enjoy it. I love the feel of the game and how it plays, the next game I make will be a lot like this...but a change I would do is fix the xp throttle, I haven't left the starting area yet because I'm grinding to lv 5 and ive noticed a reduction in xp...I understand the concept behind it but I like the grind",5,3,1.4.10,2020-02-18 14:42:48,,
gp:AOqpTOEAqAicVJslVUJ1xorv5STIdgkUIBdX46qTMvdI5fMJa4J07DyLqyK23xsCBejQBc3FlbXaK-l3xB45MtU,lee cast,https://play-lh.googleusercontent.com/a-/AOh14Gge0_pwUf2Y0fHD7eG6i17VS65dINtDg4GUCalOOQ,Fun classic game better then most kemco game were its all about money but not this one great rpg games if you are looking for something oldschool,5,0,1.4.10,2020-01-31 08:56:15,,
gp:AOqpTOHB8-MwW5s5L2YWekxJcxWwE8hNE9P3fxEIn4plnt-ev9_EWDu646AKvshsJMfGZNa7Hgb5FNGA_Q8oTkA,Heaven Lee,https://play-lh.googleusercontent.com/a-/AOh14GgnWyjO8UawlXhGQVSbWDQWmEnZD5UcKRFiSomf,Lots of fun!,5,0,1.4.10,2020-01-30 10:40:37,,
gp:AOqpTOHhq9DjAT95u-b6Pbb6N_Ks3JAyAu_lIr1vjwzqfaFHIA5o-zZjlCxLJphzv5N2oJDT7n3IWeGHZecfslc,jieuxx,https://play-lh.googleusercontent.com/a-/AOh14GiSm6vxcTMb-kgEPIdxvVRTnEMetlsS-I7Nb0uRww,Fun,5,0,1.4.10,2020-01-10 14:19:32,,
gp:AOqpTOEtl6gdLxdu6_LsXzxmkchXV-O8j2par7G92FVS3xfJtnTq9g0M9j0jSFjhZrnn6sr0ExnGTP9RY3XZei0,Aaron Charles,https://play-lh.googleusercontent.com/-AnmN2boir5M/AAAAAAAAAAI/AAAAAAAAAAA/AMZuuckTU_Oq-S9Z0sHY4rxVljCIm2JcNg/photo.jpg,Great refreshing game for fans of old school RPGs. Right up there with Final Fantasy!!!,5,1,1.4.10,2020-01-09 16:50:25,,
gp:AOqpTOFCHDM2KE2yjxmoJvXq5rFSH047rPcXLO50MtlVL-ieIuMfxbhMSJh2WkhaissLntde1CC4RFY1lI4V5rM,Steve Rife,https://play-lh.googleusercontent.com/a-/AOh14GhI6mxUoXkptLDkD66R9mlpfvxKaGWqUk2P3GLT,Old school rpg I have been looking for. Fun and nostalgic.,5,0,1.4.10,2020-01-03 19:41:27,,
gp:AOqpTOE8t1FZJYEzEE85N9gtlzthnSabQnIQbFueq2S30PewBAUfwaldccdHCxzHllYsyrGTVitfjF-DZaL6-D4,Troy Lewis,https://play-lh.googleusercontent.com/a-/AOh14Gj0qFnTNyjUwVlo0Lrp0oFgRiPE912jgOhPkDWz,"I really wish the D-pad and the ""OK"" button were both moved about half an inch toward the center of the screen. And I am really unimpressed with the design of the chests. It's a basic looking box colored purple and it's just ugly, sorry. Other than those 2 things I am really enjoying this game. Definitely worth 2 bucks to get a great non-Kemco RPG.",5,3,1.4.10,2019-12-22 16:26:45,,
gp:AOqpTOGkXHz3uJa8T_kko9xwR6KvdB3M3YaMfNkT5zjqjk2rpb93Czhky_nIWI_DHeSFuM32gcvVyUwYQxeoorQ,Chris Hall,https://play-lh.googleusercontent.com/-Ar9Gfh5tazo/AAAAAAAAAAI/AAAAAAAAAAA/AMZuucmabFNiT3ivK6g5Hr7g791PsWR9VA/photo.jpg,"Pretty standard RPG so far and fun. Auto battle features are always appreciated when grinding is needed. The only slight downside I can see so far, is the save, buy and inventory systems. There is a lot of button pushing that needs to be done to save and return to game, buy and equip things and to use items, this could all be streamlined. Weapons, armor and accessories should be able to be bought, sold, equipped and weighed against current equipment, all on the same screen. Otherwise, it's great",4,8,1.4.10,2019-12-22 09:25:51,,
gp:AOqpTOEucEKCLTfpdwvlrFNUaGzWpt0J1SPb4Sv2Kz9QVu4sBr_YUi25W3GBM2HqvqI85AJGUizVMESe59P7N70,Heather klug,https://play-lh.googleusercontent.com/-5RTgApEWobk/AAAAAAAAAAI/AAAAAAAAAAA/AMZuuclw3hjPmZrgUhSsxdXV7iEhyMx6MA/photo.jpg,The game is captivating and easy to figure out. Smooth controls. Decent story so far. Not to much monologue. The colors are bright. The graphics are cute and distinctive. It reminds of the old ff games. Great exploration so far. You can grind endlessly for everything. Great work so far!,5,0,1.4.10,2019-12-22 07:29:15,,
gp:AOqpTOF4dWemYho40OQem5eJFO2FvObHjMFqZ4IGJEakVfeB3nFHE9R7PnquvQrgSA3SAKdU2NKbRSaHUBZTQcE,John no,https://play-lh.googleusercontent.com/-hUp-y6xBvGw/AAAAAAAAAAI/AAAAAAAAAAA/AMZuuckeF1WBvAZZ4soPHwDTu19DjmQD0Q/photo.jpg,As of all games of this style theres is always room to grow but compared to others on phone this is the first in awhile that first boss killed me for tryning to rush it witch was a very pleasant surprise cant wait to enjoy rest of the game using different team for harder difficulty feels very nostalgic like the first final fantasy,4,1,1.4.10,2019-12-21 13:36:36,,
gp:AOqpTOF1RfSQo7a4bK9JQ402BNOToXRJCVMYyQ4bNYXyz92EPUCTBxdlGpV8ZR_mHCe5BUAKGPUFbxi4pvnX-q8,Ryan Flynn,https://play-lh.googleusercontent.com/-mT3RbeEvcSs/AAAAAAAAAAI/AAAAAAAAAAA/AMZuuckBTOA-az0g-5FwgZILtxrYIVrfzg/photo.jpg,Really great game so far. Good team selection. First time I have played a JRPG with customizable team members to pick game difficulty,5,0,1.4.10,2019-12-21 04:09:25,,
gp:AOqpTOHyBY1paQMfVPUbM2DjOufm73bnXuUytuunsTwEn4ZGJxN_O47tevKfZcFyuyQQFNEJ6No8xvOyZcNQkh8,Phill Owen,https://play-lh.googleusercontent.com/-2aVz0swPJik/AAAAAAAAAAI/AAAAAAAAAAA/AMZuuclMc0BFW1bwW-PKsZ0KyCvimz3ODQ/photo.jpg,Not far into the game but I am really enjoying it. Good old skool battle system and good choice of classes,4,0,1.4.10,2019-12-21 03:49:57,,
gp:AOqpTOHxYBau4h4QJX1xNEJUvMrf7TT8kGpJ9ZW9ytPUyOTiPbc_IEP5ETV1HKf_5chw5BNBu9wa4uSUumP7ZQk,Madeline Sherrod,https://play-lh.googleusercontent.com/-ge0h2ndb-SM/AAAAAAAAAAI/AAAAAAAAAAA/AMZuuck4bNw8Y5L2adB2L8FrB0e_F1svAg/photo.jpg,Great love letter to an era of JRPG's found on video store rental shelves.,5,0,,2019-12-12 18:24:21,,
gp:AOqpTOG5ZbMbQZDxRgQ0cMzz77Q2dwUy5kM86UNRU_tLCgDUOVPY4yXP0T8ZvEQHLJD7_KILKbfX6SLLnLJ8BrU,Rich Jones,https://play-lh.googleusercontent.com/a-/AOh14GikjWW_PPpcHOxeFJ1904U9-2Q338aLNBMsztSP,"Jrpg's are my favorite genre and this may be the best one on mobile I've found! Certainly the best new IP. Controls are smooth, well written, the achievements are a neat addition, and the battles are great with cool animations. If the classics aren't doing it for you, then you cannot go wrong with this game. I'll be playing a lot of it going forward.",5,3,1.4.10,2019-12-11 09:22:31,,
gp:AOqpTOGfojI2P6wgWu9COPLA4Typ1xCAudo1wyhftdRiQX8PH_-EU3gHeUvUCEvnCfQmDjj8S8rZt_OQjHvverk,george k,https://play-lh.googleusercontent.com/-w-gwde0HigY/AAAAAAAAAAI/AAAAAAAAAAA/AMZuucn9dbklJKPbcZVY3m2NbfS8oQAR7Q/photo.jpg,Good old school rpg,5,0,1.4.10,2019-11-19 21:32:26,,
gp:AOqpTOFMASMya3h9Cj5qoaInYmeqm4F1oiVwvRt7iUM9Zd0lX5Se8xeZZca0vkaO5xzWdoLOtZNmWcjYKQV0-Vs,Robin McGee,https://play-lh.googleusercontent.com/-VSZBTgGhzdQ/AAAAAAAAAAI/AAAAAAAAAAA/AMZuucmY5N4PC_UB_ckdp54zsm5C3G3XOQ/photo.jpg,Not bad love the style,5,0,1.4.10,2019-10-28 22:12:37,,
gp:AOqpTOHvFUugpjqQ_BG8HPBhGrLbLqF3jsm5vHJHsUlplBYZtHQCF909UABKwSZOkw6KtzUDVQsLeqqI2C4gaOE,Matthew Sing,https://play-lh.googleusercontent.com/-5bSuVPpSgB4/AAAAAAAAAAI/AAAAAAAAAAA/AMZuuclEYqKIruKtWM0mJCUy7pCvts4qBQ/photo.jpg,Game super hard but fun,4,0,1.4.10,2019-10-13 13:36:51,,
gp:AOqpTOEwtD3-iwVogL9576CfhNeDwG8in5T4N2_W2EgaS-vHRW8Z99EaZJaaY46CzGTckNc1XJ1xe3GVyw4ezvo,nickname nickname,https://play-lh.googleusercontent.com/-4UoZ74jy3t0/AAAAAAAAAAI/AAAAAAAAAAA/AMZuuckHRwd8gFxEOm4u69cRZJsMmAezPQ/photo.jpg,amazing game,5,0,1.4.10,2019-10-11 02:06:00,,
gp:AOqpTOH3yu6BN62jQ_Go3C5VXH3XRMvWFlauo3Qf43hd0kAK69oWRdZ5G9MGIxsE1tXhRWoxwdf6QVacVtT-sys,Hreg Bon,https://play-lh.googleusercontent.com/a-/AOh14GgQ2hIZWgfQXxkvBKAVPN6InFF7gP-7EVDUUNxvjw,Sweet JRPG-style game,5,0,1.4.10,2019-09-26 21:12:46,,
gp:AOqpTOEc9sLSYmEYf6W0meDjzRTvnolrtrfZ4usQ82wtpn0XggawY7v2PZ10H5Pv7HbPBz5fnWW-URr1PUox76U,Ryan Frieden,https://play-lh.googleusercontent.com/a-/AOh14Gh5NWWexwGajNqW2hjdOEudPo7GB6gv1XiUvQYc6w,Solid gameplay. Definitely worth the small cost.,5,0,1.3.4,2019-09-24 18:33:53,,
gp:AOqpTOGWXkT614ychnymeTwo3zBP1k7OHm2K21mxe1N088LtSp2JtF2-SLT-BgwvraV0wYw55JQUtAuzfWHEuaE,Glynner Me,https://play-lh.googleusercontent.com/a-/AOh14Gi483dXOwjjOgCsGf4ZCY_WjEaa00JPvtUL9RTbCY0,"It's a really good JRPG right up until the disappointingly difficult last boss battle. I'm not mindlessly grinding just to stand a chance. If it decides you're dead, it just wipes you out.",4,1,1.3.4,2019-09-21 04:04:05,Thanks for the review! I have an update coming out next week that will include tweaks to the final boss so his magic abilities don't hit so hard. In the meantime feel free to send me an email if you have any other issues. Thanks again.,2019-09-21 08:38:47
gp:AOqpTOEPrC_oIu1VjtLBShvULn8saixyMtZrfstgCu1cSdw1dvk_UbLLCPBBuRLRj160S_177hmrqWS4gtjNpIk,A Google user,https://play-lh.googleusercontent.com/EGemoI2NTXmTsBVtJqk8jxF9rh8ApRWfsIMQSt2uE4OcpQqbFu7f7NbTK05lx80nuSijCz7sc3a277R67g,So far this is a fair play.,5,0,1.3.4,2019-09-16 08:18:18,,
gp:AOqpTOGKs8Cp13_KgfqJuv7NsiZURpUC_YT7xA-2TCOQnQYSb1u-_W4Cq-nBeyyV1Kd94jmlBzK2oOhjPeIBsoE,John Viccks,https://play-lh.googleusercontent.com/-iyYus-QckT0/AAAAAAAAAAI/AAAAAAAAAAA/AMZuucm90DAFwgR6Ki7SlajFbyXAJ9sfMg/photo.jpg,I like it,5,0,1.3.4,2019-09-12 21:59:21,So glad you enjoy it!,2019-09-21 08:40:08
gp:AOqpTOE6WSyjMg9uKr7lxOjGzmkgzPBtlxFhEuqYs0EZhYla2kj0JFWxW4BxcUmIzepTA4bQDPkfRK88wKSDfeU,brian douce,https://play-lh.googleusercontent.com/-kJwtNEafg8M/AAAAAAAAAAI/AAAAAAAAAAA/AMZuucnFGHB9c3jyxb4qPni5Eo4FS51SPg/photo.jpg,Ok so far,3,0,1.3.4,2019-09-11 09:59:38,,
gp:AOqpTOE7PH7LMyhCWSPu18R1GNtUb3KAVbAd8Vtsj1PyP5_XX-jJl-yWh4pzOn1uqJQN7zLAecHkrEwhUZ2R-DU,Rusto Chango,https://play-lh.googleusercontent.com/-PDYmkiYUWok/AAAAAAAAAAI/AAAAAAAAAAA/AMZuucmiw8KwSXYkiVHQr9OCmJHReruCMw/photo.jpg,"Very decent JRPG. Much like the original Dragon Warrior or FFI. The leveling is about right, and feels rewarding each time as you get significant stat increases. A floating joystick would be nice, but the d-pad works just fine. I would have liked some cooler effects on the abilities. I'd have liked to have some secret ultimate weapons and equipment I could get before the main game's end boss. I didn't find the game grindy at all. Just grind until you can afford the newest equipment. Thanks.",5,1,1.3.4,2019-09-10 05:24:05,"Thank you so much for your review! So glad to hear you enjoy it. I really appreciate the feedback, I'll be sure to keep those suggestions in mind.",2019-09-21 08:41:16
gp:AOqpTOGlq9IGEtr_Q73Imgb5-u3ejXOT7vNCG8daxGwBxn69yuZye8b9vvNy6Dfez08N0hdnM_C-l53qDd3qHAU,Nick Johnson,https://play-lh.googleusercontent.com/a-/AOh14GhlFZzgp6Szqaq-p2xJLLlm4qnX2hbxkOJtuWN7vQ,A solid JRPG. Controls are workable but clumsy.,5,0,1.3.4,2019-09-08 08:22:31,,
gp:AOqpTOGTgFUu1Huu3olDPOupMx-CnNW4gVk7TYs2KeG4uKZZ5zEs0fSShuxJdTbo8Utsb5M__mE_CZPRapflOyE,Coarse Dragon,https://play-lh.googleusercontent.com/a-/AOh14GjUzr6TvJwgBz8nkNYxv1FT1k-WZlRYCk1xEB_P,"Wow! Old school RPG that is really well done. I don't love the controls (wish it was touch for everything) but what is there works really well. I like the different characters, they will make for interesting reply. Story so far is interesting. I like the monster listing with drop entries. Fun game for all old schoolers and newbies alike. Keep up the good work and thanks.",5,4,1.3.4,2019-08-29 14:55:22,Thank you so much!,2019-09-21 08:42:23
gp:AOqpTOFk79ImkANAT2krbKhiMvflkM7x0bN9O0DSaLdRWAdEq4oM0ipf7X_QoD7KqmKJ4Fnrz5UsiFm1X553f3U,Michelle Oldfield,https://play-lh.googleusercontent.com/a-/AOh14Gg1jEEYoI4HumQU3NiP3_PncoCGaqHcHJ48FHde6A,really good,5,0,1.3.4,2019-08-20 12:36:56,,
gp:AOqpTOGvhBg3RNJZIyTILkV8wchReAww9NviMncqdbclBcpnC9t6Z4KgvOHoHW66am_bxsELStgtpMmlSwrKqnE,Luiz Carlos Rios-Abreu,https://play-lh.googleusercontent.com/a-/AOh14GiC4aw0eonWbIiHG7CcalIRQuXYe3H1sFNuR83suw,"Very interesting concepts. Even though the player builds 4 custom characters, much like the original Final Fantasy, the characters have their own lines! That makes move like a more story centric game, the tries to keep the player moving with a leveling system that discourages grinding in one place.",5,1,1.3.4,2019-08-17 09:50:54,,
gp:AOqpTOGUyBTuFLvEnbSu3JX1AVT3lon7iCZ-F2IuIykCfoeUkCyAQqEHdpdBL4hyY-skUjZBxFSTqklj4tSLeoA,DisVet MarCiv33,https://play-lh.googleusercontent.com/a-/AOh14GhycK_gibAsiEie2H2h6KYiovMrZRFa7NAEhoiq,"I like the classic feel. Though I've grown accustomed to modern graphics, I felt ready for a good, classic, story based RPG. I appreciate that this game HAS a story and didn't block the path with every conceivable pay wall trope. I can grind levels if it gets tough, or enjoy the challenge. I can create my own team, and not need to replace a character mid game with a higher star count to win. Quests are meaningful and not a 'daily log-in' grind. This should be the norm, not the exception.",5,5,1.3.4,2019-08-05 00:54:10,,
gp:AOqpTOEOLfEM8IUH__Pm0gsLnSe5aTjouYQpDQp8ej7vx2xyvyd84doDrqrxK5of6m3FqUCiiQ6n4129aGzwgzM,Andrew Gould,https://play-lh.googleusercontent.com/-4OXztDGyuhM/AAAAAAAAAAI/AAAAAAAAAAA/AMZuucl3JwGI6iHig9uukcu12WbbGJtv_Q/photo.jpg,Great fun at a low price. The choice of classes gives a lot of variety in gameplay.,5,1,1.3.3,2019-08-03 09:18:38,,
gp:AOqpTOHy1U0fMsp7ycot4xzq2Ucfo9HtT-viabs8-RqZ4zucSzRs2r8RGva_TH_lv-6su0BU2FKmPWDgjNiUkJk,Hell Cat,https://play-lh.googleusercontent.com/a-/AOh14GjO7hGXlr4dyPaam4ZASFphcqRCdMg5Xn8Txd0Z,Loving my experience thus far. Lots of ways to customize your party makes it replayable to see what each class can really do.,5,2,1.3.3,2019-08-02 17:07:50,,
gp:AOqpTOHEcPMis7Dvru9OdokFkIjb__ew-W9Ly_81wkteMjOY6CvWVw4Qh0MJMdPA08csCzOKtQ194-TRq5Be26g,Stefan Roberts,https://play-lh.googleusercontent.com/-1CDJF5vlWLA/AAAAAAAAAAI/AAAAAAAAAAA/AMZuuckoQ5jlJWtncJJbmBejNxnhXC-C_w/photo.jpg,"Really enjoying so far, has a real charm about it!",5,0,1.3.3,2019-07-31 18:50:37,,
gp:AOqpTOFdvxAG60fH_W-oXAsUwARBSf8g9rf1KKDT4FtYhtfQe3ikebH6ZLRSeFhH1L4wFEW8akgraS1DQDcLUFE,Anthony Collins,https://play-lh.googleusercontent.com/-ASnMzPil_g8/AAAAAAAAAAI/AAAAAAAAAAA/AMZuucnwdDLFTpOQYAdwNR5RSmvsyeKAtg/photo.jpg,takes me back to classic RPGs like suikoden 1 and 2 great game,5,0,1.3.2,2019-07-29 11:53:10,,
gp:AOqpTOFcKEha50VmVgNpzrI53HqbBbtGF_JTBIfjbe6mL-_Hpd6ddtvXd5LuFRA9pDbynNB9xL5mWMZlRc_xV_M,Doug McGuire,https://play-lh.googleusercontent.com/a-/AOh14GiU-juGbQ8HlGWkTQKAlQeA-W2I-N6WVRQJ2pxZmg,I've enjoyed the best rpg's for well over 20 years now. Eternal Concord does not disappoint. Very well done. I'll be watching for future releases. I believe you could easily design more fleshed out console rpg's with great success!👍👍,5,9,1.3.1,2019-07-26 18:07:36,"Such high praise, thank you so much for your review! I'm so glad you enjoyed it and I look forward to making more. People like you are the reason I make games!",2019-07-28 07:54:06
gp:AOqpTOG0nl6aX2t0UrNQfwjlHa28wQLg46S7gq_uKAngWwfjq3hTjae0BGp6IOyAzkW36u3ZHN-Dgm4m2caC1Kg,Matthew Smith,https://play-lh.googleusercontent.com/-9rkk4DEe5Gc/AAAAAAAAAAI/AAAAAAAAAAA/AMZuucmucprdYNMYINbk7SDMDMPI8GdhXg/photo.jpg,Last update made a great game even better! Added bluetooth controller capability. Mapping is super easy and works great! Thank you so much for adding! 5+ stars!!!,5,3,1.2.6,2019-07-22 08:34:28,,
gp:AOqpTOGcvrJOW4o7dhXx0SJjTB4De5cjogBCLsrtXkWHceD-o7gTDsw9dU5jWSMgdkNXIk16edtHZkZSGTyHZYg,howy zowy,https://play-lh.googleusercontent.com/-OGWO--b7S2c/AAAAAAAAAAI/AAAAAAAAAAA/AMZuucnhXAiJzzZeUJJlNXzcLK_qIkaGrA/photo.jpg,no replay value. no in app purchases but it shows. if you hold your breath you will die,1,0,1.3.1,2019-07-22 00:40:29,"Hello, sorry to hear you are having issues dying. If you would like any help at all please use the Support button in game and I'd be happy to help you with battle tactics. Based on testers and consumer feedback the average game length is 10-15 hours for the main story, and 5-10 for bonus content, for a total of 15-25 hours overall. Thanks!",2019-07-22 07:58:20
gp:AOqpTOHHJiozdHvCRNRbvPtF4Fu8EEn_0KsysBCwH36GBjWPKzygpwSQk9Fh1IqJo_yYt_rW5NTYMg8PVJnQ3oo,Charles Thomas,https://play-lh.googleusercontent.com/a-/AOh14GhUY1aPGi1JNRY3dRay1kocQ1ZqeOlSBGbb2tUbhg,reminds me of old school Final Fantasy. Kinda why I bought it. Worth.,5,1,1.2.6,2019-07-19 13:48:42,,
gp:AOqpTOGLLtq3IAJki7xggST91urTOGPJ4ozXO7WNnB8VM-TW96VQSsjFegSNXb0uCjTc2E4PexyW-JLdS39jAkA,Anthony Fatiga,https://play-lh.googleusercontent.com/-cBALNMFUQvM/AAAAAAAAAAI/AAAAAAAAAAA/AMZuucm5RZyzRPRTd0cvNw_mKjhmn6tQjQ/photo.jpg,fun old school RPG.,5,0,1.2.6,2019-07-17 11:28:14,,
gp:AOqpTOE8L6lZUBDbaTDz7AwMV_ypKWSsOXpzV5ZgeLSgMRDbzRHGDjCRU3dyXg1ufyk9AmiG2Ix06igq3JjKBrk,Kim Crawley,https://play-lh.googleusercontent.com/a-/AOh14GjZAhZueXVW8IRSVR8beEJDpUi8kT0hyyE4rPQLSEk,Good for old school JRPG fans.,5,0,1.1.11,2019-07-06 16:00:09,so glad to hear you are enjoying it!,2019-07-22 08:00:11
gp:AOqpTOHbIipBfIkGw77ZHHscX4htQKRk5MtjJ3qWUuWMkX65s4yVQ0Ce4bBQNmD0T_djojpGUMu5Bk-oEPGnqHQ,Timothy Thomas,https://play-lh.googleusercontent.com/-P1n2yMtwzBU/AAAAAAAAAAI/AAAAAAAAAAA/AMZuuckiDkHRO1zNChDI7CVzaworjKPTWg/photo.jpg,great fame,5,0,1.1.11,2019-07-05 18:46:17,,
gp:AOqpTOGA9dtOO4UNQGDUSf5uaYCqcYN81i5m_7qw_-1G01Isn6d1NfMxHq30erYLxT7CYaR1wnHrDUYIj4WyCAs,Terri Breakey,https://play-lh.googleusercontent.com/-6EBiTvrExas/AAAAAAAAAAI/AAAAAAAAAAA/AMZuucmLfwDlmdWwxoSwBei7owo7_qOhwg/photo.jpg,i really like this game. fun old school rpg,5,0,1.1.11,2019-07-01 18:02:53,Thank you so much!,2019-07-22 07:59:51
gp:AOqpTOE5OGTXDJGi9Ar2eQBDArvvI_YGunuQcLfwC9PEQmmC5W-DyUOAq1pJx2KxE61E4iiXp4HpbDHO0CVmYvU,Brian Wilson,https://play-lh.googleusercontent.com/a-/AOh14GgherEGpb9qZzJlOAA6s65Q5uCn6knPT8PxI284,"I just beat the second boss after completing the second dungeon, it is an excellent game and I highly recommend it if you enjoy the old-school JRPGs. The story is well thought out and developed, and it has that old school simplicity that so many modern games are missing. If you enjoyed Dragon Warrior/Dragonquest, Final Fantasy I, and Golden Sun then you will love this game. The level grinding to get levels isn't too bad, but I enjoy that since to me it's relaxing. Just be patient.",5,0,1.1.11,2019-06-25 06:08:00,Thank you so much for the review! So glad to hear you are enjoying it so far.,2019-06-25 10:11:00
gp:AOqpTOHqHuXm6O3iqmEMjC062R36cANKZO-WVt4vY45cjAlLz3LsejFh8T--Bx96lXaUsnhiUPXEEznzNJjPW_c,Frazer Scott,https://play-lh.googleusercontent.com/a-/AOh14GhauK-iC0I-9aT8cb2-_mkQXcXw6FVPu1w4SdOF,"good game so far, the weakest point is the story doesn't really do anything new. it looks great and the music is good. The battle system is standard turn based and exactly what you want from this kind of game. The game seems well balanced with difficulty.",5,2,1.1.11,2019-06-18 08:38:57,,
gp:AOqpTOE972_ffLIvJlHwy1lEYQ-goqLvpqJzEVYiVP53MYadEFJ8syGtEEGxz31jU2rZIFoS2FMGkQzq3aE7_Fs,Skip Bartley,https://play-lh.googleusercontent.com/-UzpVWMnXYT0/AAAAAAAAAAI/AAAAAAAAAAA/AMZuucm6wiB6vbnOdeeQF6U1DCU3t8Ffqg/photo.jpg,well done! lil fae gal wants a review. clever I say. clever. I'm having a blast!,5,0,1.1.11,2019-06-17 02:02:35,Thank you so much for the review! So glad to hear you are enjoying it. People like you are the reason I make games!,2019-07-22 07:59:40
gp:AOqpTOEHygCXqP0ybubTGfBQG7xQBSv7hmss0nFRd37I7OgA_zBs7S_4GEwnKNKYM5UDcU17-S8_T6h2jPFGl-4,Charles Hatfield,https://play-lh.googleusercontent.com/a-/AOh14GjpoeExxZXlz0F26Al8DsGL2pLzu2xscLUuRx-x9A,"This is really a great game, it brings me back to when i was a kid and I just love the old game feel. the game is challenging and really fun, I have one request, is there anyway we can do both genders for all the classes? I also like the little things about this game, like snow falling and the sand blowing in area, just really cool! So I beat the game today and I loved it, the Demon King was no joke, this is one of my favorite games! thank you for such a great game!",5,10,1.1.11,2019-06-14 23:26:13,Thank you so much! So glad you like all the details I have in the game. Unfortunately due to budget I wasn't able to add male and female faces and animations for all classes. I already have plans to do that in my next RPG though.,2019-04-14 08:13:21
gp:AOqpTOEfeFeEQzVriHjMCCDmXl2cl_KidhnfRvj76RMV7U5-vnomii20FCH29xUyCsHVgoN1uVkRNFpqHzs9_bk,invaderhatred,https://play-lh.googleusercontent.com/a-/AOh14GhwL38eR5mxeMItZLx7VzmARdu_d8QV45uFLcBT,"Well worth the money, brings me back to old school Lufia....",5,0,1.1.11,2019-06-14 15:12:55,,
gp:AOqpTOGLxyXtRNjk4XKFHF99REbdJ-p-TPkjEOCvy36rmmIHmusAOWUxuDFLGGnexhdFSaouEE9Pu4yHLVlj4zQ,David Longshore,https://play-lh.googleusercontent.com/-djcqh8SJhVc/AAAAAAAAAAI/AAAAAAAAAAA/AMZuuclhQpxNSnnC_uczV9RgKlhZjkIuZw/photo.jpg,Fun so far!! Seems like a good buy to me... Keep em coming Mr Creator!,5,1,1.1.11,2019-06-05 23:05:40,Thank you so much!,2019-06-07 17:00:51
gp:AOqpTOFlGIvCQVYTSsfSr962cjZ2-OEj4_dy06gU31cdDuPMY8ID-X99KVEeFkuRh8r-pyVSluWngtQuqhvGIWU,A Google user,https://play-lh.googleusercontent.com/EGemoI2NTXmTsBVtJqk8jxF9rh8ApRWfsIMQSt2uE4OcpQqbFu7f7NbTK05lx80nuSijCz7sc3a277R67g,know you said previously that you wanted this game to be a throwback but would love to see one tap movement option instead of d-pad. bad tendon in left wrist makes it hard to play with splint on.,3,5,1.1.11,2019-06-04 12:28:13,"Hi, sorry to hear your concerns about the tent, and thanks for emailing me. I just responded to your email with an in-depth reason for my decision there. I hope that helps. Also thanks for the suggestion about touch screen movement, I will definitely take that into consideration. Take care.",2019-03-28 14:38:38
gp:AOqpTOF3mRbYT2Cu7k7Tctf0ZCpkjxv6YRDr0QdTfXY194onl_qnog4HRUIUSNcbd3m5VzU-LS7ElapS-iWiLfU,Kevin Kunkel,https://play-lh.googleusercontent.com/-XLaAfJnedT4/AAAAAAAAAAI/AAAAAAAAAAA/AMZuuckacCWuf3sMm2iEm3cpAkPZYt3Kdg/photo.jpg,This game is a waste of money. It's a lousy rpg that grants you less experience as you level up. Do not purchase it.,1,2,,2019-06-03 00:58:52,"Hi Kevin, actually I designed my game to give you more experience when you are at lower levels for your benefit; that is why it goes down as you level up. Feel free to contact me if you have any questions, thanks!",2019-06-03 06:34:54
gp:AOqpTOEnYygjZ4Q_ysxvgktRnj4Xms3PCwCFs9gAP6Qo7fkHK-V5NIHuRpHRl9GwxoxTdoKMdxesgRuNnLpGiLs,Colleen Harper,https://play-lh.googleusercontent.com/a-/AOh14GjAN4iMLZ2DL-F2Ol33fy4z046UY9MlHeZIX6s2Hg,great nostalgic adventure game,5,0,1.1.10,2019-05-27 20:02:51,,
gp:AOqpTOGWZq8H6rfqz4Bczctr6vhiHsbAbKR07267qPGDGWf5702NAhjeiwsYLcwLtU2sAokzYgnXQ2pONnJyBIM,Bobby Dye,https://play-lh.googleusercontent.com/a-/AOh14GisJ_62fwNchzNwbVoVdC5ZK49Yf8otwKg2tFTNAw,"So far I'm enjoying this game. It has a good classic feel. i would give it a 5 if it wasn't for a loading issue. When i start the game back up after closing it out, typically i have to restart it a few times before i can play. it loads to a blacked out screen with the control buttons. I cant do anything besides close it out and try again. but besides thats, its fun. if this problem gets fixed ill come change my review to a 5.",4,2,1.1.10,2019-05-24 13:33:00,"Thanks for the feedback! Sorry to hear about the black screen; I haven't encountered that on any of the devices I test with, but I'd love to help out if possible. Could you either email me more details using the in-game contact button, or head over to the Facebook page at https://www.facebook.com/DunamisGames/ and let me know? Thanks again!",2019-05-24 13:50:47
gp:AOqpTOGOYA9ZjWYUkdR0hfM1WzUhXOqb3xbs-KtPkOaybJNeHJPi_roAF6CoGF9Z0fT1hShUyVQR0I-atWrPrCo,Toni A McChargue,https://play-lh.googleusercontent.com/a-/AOh14GghC92sML6iIvrwSeIRCbi_ES79UpzW-Cx3TO97,"enjoying the game, just started it, so far so good.",5,0,1.1.10,2019-05-20 14:42:41,,
gp:AOqpTOFGT1vCoslXciDnUtrREhRnLLjScBiS6QPmMDatEwClRQ1thBzJiAlbgLaImP1sqWpZ-YUxtAko9eothZ4,Brian Ohmer,https://play-lh.googleusercontent.com/-g85C-JddbRc/AAAAAAAAAAI/AAAAAAAAAAA/AMZuucmr4tpkYilaD9vSg7xMwqfziTua0g/photo.jpg,fun retro RPG...i can see myself ticking away the clock just to see the next twist in the story....i suppose i will just ha98see how it pans out..thanks dev for the nostalgia...well done.,5,0,1.1.10,2019-05-20 06:04:18,,
gp:AOqpTOHVmEsyu7y6B82Oyy5T2ZorEp-uuQ_CjTg57e6mKe2Xb5T2NUcNT1XbnyuVCqAN4GQZYbPBTwZ9-ymU5mU,Christopher Shafer,https://play-lh.googleusercontent.com/-1FWmhScT6yw/AAAAAAAAAAI/AAAAAAAAAAA/AMZuuckj_OvJbSD3jg0rMHx_7EpfJiVgyg/photo.jpg,I like it. Wish there were more games like this on mobile.,5,0,1.1.10,2019-05-11 00:15:22,,
gp:AOqpTOE9eJ7s8NrIbZXDhlrY-CTj2_7VH9DtV20qoMIGY-ZrWnhaHW9q-EwQ6yUPNFyBaQSAftMjKFKez-Z-Yms,Leslie Jantzen,https://play-lh.googleusercontent.com/-eWJtDlMPD60/AAAAAAAAAAI/AAAAAAAAAAA/AMZuucmxtvoq_zMdwdhx9r_h8NOLeP660g/photo.jpg,fun little game. refreshingly old school.,4,0,1.1.10,2019-05-08 21:32:50,,
gp:AOqpTOGL8TmWZEIPPjdtVS5lea00a1TRRn6ScqjP3WY7x-bMgpSnYV8ZoxM_lC5uKrhIQ5STAl9CQVxipNbn8cs,J.P. Vaile,https://play-lh.googleusercontent.com/a-/AOh14Gg6dkFDlXXF7zri0oNsNjeRQhhs8V-4_6MKem_3,Old school turn based rpg. No issues,5,0,1.1.10,2019-05-08 09:47:06,,
gp:AOqpTOFb6s4U3vU-EIdek276ttx7J8soHA1nR429XkWT0HsoIHZuw3ubHNzu7T-aedr-nsVSkafhtcbhGKNLJ6Q,D,https://play-lh.googleusercontent.com/a-/AOh14GihAmzmWlVIRssBQyJbYrwVDb1HPcquKaTPeriy_s4,worth every penny. great game!!!,5,0,1.1.10,2019-05-07 01:41:04,,
gp:AOqpTOFfOkZc9vvpy5s4SuKuRQQqfuzblNRI2skOCd8kWzhGs9sEyfQcxPyW8K1LzZkn8E0urEX7WeBf3Hi1YG8,Mark Jordan,https://play-lh.googleusercontent.com/a-/AOh14GhHp-FfF8pQqUfVJkzqVgQVekVSpwrT0nY6NGqCSQ,"great game very fun,like it a lot.",5,0,1.1.10,2019-05-05 12:13:34,,
gp:AOqpTOGSNb9YFAsC3nF9foebznbidwN5ZC5evrq6dXOoZdJzXn0GLyQGtYq8XomGlUJrN1peoqsZDwElJyVRuuI,kyle gorham,https://play-lh.googleusercontent.com/a-/AOh14Gih17CT0lkDYSMOvquHyTe19ftxQQ4hotbBFbNEmg,great game,5,0,1.1.10,2019-05-04 21:26:16,,
gp:AOqpTOHzyaH32Vf6Rh5kADt3UxQBHtG0voJxEciM6uzaxc3biIj21oXiLeftS1_1sM8_mWTeEyv1gLZCtcivC2U,ouchfoss,https://play-lh.googleusercontent.com/-Qs8tuSNOJAA/AAAAAAAAAAI/AAAAAAAAAAA/AMZuuclug7X7UjU2EV2wjhx8nIP0wyhrCw/photo.jpg,Reminds me of the early final fantasy games. very well done!,5,0,1.1.9,2019-05-03 23:33:13,,
gp:AOqpTOEpK7Gked9L_smLCOEdQ7j_RgH_n-3EGKusHH-JrytWDDSxkabyjknZrraCMSgk5hTXzyt5h_Z-27YnKrw,I love chihuahuas,https://play-lh.googleusercontent.com/a-/AOh14GixB-38gmpH1fuwGxEvZPWs9-_Zf2iiWn0IxgE-cQ,love this game a kind of reminds me of Final Fantasy worth all the money I paid for it great job.,5,0,1.1.10,2019-05-02 09:06:16,,
gp:AOqpTOEITvloFwV0XQUQmtHqeHXLZo93C_itA0YLlHOqL4ZBbSWKm_wtZrdKoOcIRiKQ85LcXz-umlHZQc7zR_Y,Muffdiver Cumsack,https://play-lh.googleusercontent.com/-uZAmXh6iCDs/AAAAAAAAAAI/AAAAAAAAAAA/AMZuucnXOtFsztwRzpArHK5JN4RuFKdo9Q/photo.jpg,Love it,5,0,1.1.10,2019-04-23 03:46:42,,
gp:AOqpTOGwnPvC8q42B8dtDAF8MbbY0uno5FiS3EJ1reUMlh1c09P47KL-qCbO6Po9Cov0wPZUGlre2_cNgGsccFI,Robert Fulmer,https://play-lh.googleusercontent.com/a-/AOh14Gg2XmaTLemiwf0fMQre4w3xKlVMXAw_SmQSIQPR,It's exactly what I was looking for not too easy and not ridiculously grindy,5,0,1.1.10,2019-04-20 11:46:54,,
gp:AOqpTOHD3XCXs3iz-dWEgJQNXWR_DVHvcZkTtYtWqBsp57vOGGBve7N7gV1U_gvipHXJpG2g3tzhJ46mf5zSCVY,J Staples,https://play-lh.googleusercontent.com/a-/AOh14Gh4weV297leNmAcrniZ6B601Gx1B-4_jejuyHuKlw,excellent,5,0,1.1.10,2019-04-12 05:28:18,,
gp:AOqpTOGcZXkc9ozjmESV_aOwRHtYfSPEhSJP67_b-hkEl5OKCZuHfheamHmW2EvH_DSYbCWnqvLh-tHB7MCxJN4,Utopiano009 P,https://play-lh.googleusercontent.com/-jK0fBjW0if0/AAAAAAAAAAI/AAAAAAAAAAA/AMZuucnN2LVtLxWLOQvliBDfcW-iHH01Pg/photo.jpg,"I unfortunately regret having purchased this game. The sound files are buggy and pop. Also, they loop very abruptly. It was enough to turn me off so much that I turned the game off within 10 mins. I hope you fix the sound problems cause it looks like a decent game. Thanks.",1,0,1.1.9,2019-04-08 13:51:01,"I'm sorry to hear about your issue with the music. As a solo developer I try my best to provide the best experience for as many as possible. If you could email me using the in-game button, store contact email, or Facebook page (https://www.facebook.com/DunamisGames/) with the level and your device I'd be happy to try to mitigate the issue. Thanks.",2019-04-08 14:11:20
gp:AOqpTOHh3QMmKerYIRfgF-krdDv_Gq_SIen_pqSn5MF9v9zqv1tmzZi5S59e1UzokxGn7b-U-ZKwfIA682UToxg,Vini Miranda,https://play-lh.googleusercontent.com/a-/AOh14GgSSnW_GL7ShlALj57O1lJZOwEwqqVMcItoClCTyA,"I really enjoyed playing this game, gave me a real nostalgic feeling of Snes games. The battle system is very interesting, the classes seem well balanced, and monsters were fun to fight. The only reason I didn't give 5 stars is because I feel the game was rather short and lacked involvement in the story part. The game offers some beautiful cave maps and towns, but we don't get any incentive to spend much time there. I think Lufia could inspire them for Eternal Concord 2.",4,2,1.1.9,2019-04-04 16:29:16,,
gp:AOqpTOGtp5UB78URXWg4XxWv00buw0tklhE2p6j-uMfHMcnEnuWDwzWwPBMQBblzu3Br4X3ObipunCCKzzEWYEE,archbpc,https://play-lh.googleusercontent.com/-6SiM0UeztCg/AAAAAAAAAAI/AAAAAAAAAAA/AMZuuckRZ8zPp3fFjnHkhKzwKvKtlFvJpA/photo.jpg,"gr3at fun so far, like the controls great for passing time on long journeys. easy to pick up.",5,0,1.1.9,2019-04-03 11:13:52,,
gp:AOqpTOHaHDXupz2L24yfuSgWD5OgqMXutnsp4e4tQY5dQeXDfltO8qEgzgzVDp8h_ibqyTQdXGrBG2LC0xlJq0c,The Bullish Goat,https://play-lh.googleusercontent.com/a-/AOh14Ggg2kdR0RZ2Nk1oCcU5avdedWXfK0EY4iYat3owQQ,great so far but in stuck in the autumn forest for 3 days now and i cant get to the east ... the king told me to go there and i cant even remember what he asked me to do but im completely lost in that forest and my progression in the gsme has come to a halt .,5,0,1.1.9,2019-04-02 16:14:18,"Glad to hear you enjoy it! If you're still stuck in Dacia forest feel free to contact me using the email button in the game, or you can head over to the Facebook page and message me

https://www.facebook.com/DunamisGames/

Thanks!",2019-04-03 10:41:40
gp:AOqpTOHRla5Qy5X0Y5dHQAYFYy4tWYmvP7u6bt3Kbv5Zw94A2tEbraTSqyNYXoMBdLJ-JkcVNuNIrwwPxGnkHWo,chris brady,https://play-lh.googleusercontent.com/--9U0XsgitsI/AAAAAAAAAAI/AAAAAAAAAAA/AMZuucnicu4IpsfB-qbVXbywvPB4vrCH4g/photo.jpg,worth the money. very ff1. love the retro,5,1,1.1.9,2019-04-02 01:43:27,Thank you so much!,2019-04-03 10:42:01
gp:AOqpTOEFYt5TlSBIR3O75yCsSmfXFt5V83D8MrXCyTuwDbEsd1ZasC-ANIsFtTkq8ukvW5mpLfrlNYKs90WeTns,kim hypes,https://play-lh.googleusercontent.com/a-/AOh14Gg33f-cmbBfcYEGJ33mLc_ukxpv1Z4IWCtu6prbR-g,love the game.just wish all the lock doors would open up.love the storyline.it would be nice when u go into towns an dungeons tht there would be a little map up in the corner so u could see where ur going an where u been.but overall it is worth the money.ty for keeping the price low.good game.,5,2,1.1.9,2019-04-01 23:01:23,,
gp:AOqpTOFy06krn2ea_droIBmFiz6azMIKR-Zn_nvFrURrbmeehWbqv37KKJewPJLcAJLP7ljHH6hyjRRQq38H9tQ,A Google user,https://play-lh.googleusercontent.com/EGemoI2NTXmTsBVtJqk8jxF9rh8ApRWfsIMQSt2uE4OcpQqbFu7f7NbTK05lx80nuSijCz7sc3a277R67g,Thank you for this game Dunamis Games. Brings back many fond memories of the days before 3D Graphics.A game to be played and enjoyed.,5,2,1.1.9,2019-03-28 16:14:17,"Thank you so much for the review, I'm so glad to hear you enjoy it!",2019-03-29 09:55:23
gp:AOqpTOHBLdSkXEnNMfkJStSk761_MwUdr2r9pZ7sNLfKdZNK2Dokq2dcl4n2atdVielA09TaDXmaGJ_S2QL9h-c,Ashleigh Dezzy151,https://play-lh.googleusercontent.com/a-/AOh14GgZxC4-kQw-BRLXe562g4rn9ucORMM_f1u_wPkukg,"Love it, but im no good at games, so please help me in dacia forest.. Lol!",5,0,1.1.3,2019-03-27 17:00:20,"Hi Ashleigh thanks for the review! I'd love to help you through Dacia, feel free to use the email contact button in the game or head over to the Facebook page at https://www.facebook.com/DunamisGames",2019-03-27 22:30:31
gp:AOqpTOG_imPhVrZ1HttbmyZ3ekgL8Q2wdupbLWs7jDMglV16QK4S9pEkNVk71Kz3UyQzQMNLNstS-xnrCYhZj4g,William Falls,https://play-lh.googleusercontent.com/a-/AOh14GgICKp9LC1qLo1WRJajFiwOENL-yv_uL5rx3MR1_A,"Its pretty fun once you get the ball rolling. A little tip to get started: You need to grind xp and coins to start off with, as the first boss isn't adviseable until you reach lvl 5 with all gear bought for your party.",5,13,1.1.9,2019-03-26 20:57:54,,
gp:AOqpTOFEJxrfNdmO59lmA5HcFABq7fvAfrsJp-adj8lsmyDIzJmTHF8BvVVnMp3apnXPnuVLXIfGYTMKWWvpMNk,Dancing Spider,https://play-lh.googleusercontent.com/-88mxP_FE6jE/AAAAAAAAAAI/AAAAAAAAAAA/AMZuuckKSgTUr5lat9LTLe1HA6eWij0KPA/photo.jpg,fun,5,0,1.1.9,2019-03-26 18:57:24,,
gp:AOqpTOGG1fqw5BBE04Da748Pso2EGKT31KQ8HikC4n_03ytYwa4WMmLY7aVTzupZ3cdnY9FT9uvHQRWOq8jkbqU,A Google user,https://play-lh.googleusercontent.com/EGemoI2NTXmTsBVtJqk8jxF9rh8ApRWfsIMQSt2uE4OcpQqbFu7f7NbTK05lx80nuSijCz7sc3a277R67g,fun old school rpg!,5,0,1.1.3,2019-03-24 13:05:23,,
gp:AOqpTOHDVfMt3MPZRZmRYHfl47BH90ZMCa_iG2-gxwZY--Bp3FNhf0Q0aTjgf4CTNmatbnsnj5n6cNBBViYmLi8,Francisco Murillo,https://play-lh.googleusercontent.com/-rsn-llonOvM/AAAAAAAAAAI/AAAAAAAAAAA/AMZuuckEzF579ejdatVjZNQiCmbDm4Xetg/photo.jpg,Loving the retro RPG feel.,5,0,1.1.3,2019-03-23 14:28:55,,
gp:AOqpTOEeL195ZCn0ae5Ihba8vpDpX_qCHaep5EgrA41zF4fp0GYrAuWi03Pw1wG_SoUPnVmWbcVt7ZYXCVpa47Q,Steve Dau,https://play-lh.googleusercontent.com/-OFzEWGpoSfU/AAAAAAAAAAI/AAAAAAAAAAA/AMZuucmRN_pSJSIJefDI_V15SuOWnZLCUQ/photo.jpg,ok,5,0,1.1.3,2019-03-23 11:01:33,,
gp:AOqpTOEDSPt9rhp5FIWvdGjDy5cixAkSCN3gbklPmwROZTDaB9pqea0N3mZ1JY1xxmXqNko-RGE5qGI-u4-8o18,Robert Hoggard,https://play-lh.googleusercontent.com/-J_QxDfLpfco/AAAAAAAAAAI/AAAAAAAAAAA/AMZuucm3zJtXwueuSXOZ6Uspb4GpUxRAcg/photo.jpg,"Great retro game with a great story....and I love the fact that you can choose which classes of characters you want in your party right from the start! The game is challenging with diverse monsters and bosses, equipment and items, and even has abilities you gain automatically at different levels as you progress through the game.",5,13,1.1.3,2019-03-22 19:09:58,,
gp:AOqpTOGjVpx_KcmCxTvAyjmQ-eLjf_HI6ZlEsjdoMybz4zAvyX1e05n78aJPpG1j50IsAFOnijEmfImevZiSji0,Shane Dugan,https://play-lh.googleusercontent.com/a-/AOh14GjF1dJoVfWpGVMQ-tjBSSofiIAuR-7QMjaX7k1FiA,Great game,5,0,1.1.3,2019-03-22 13:54:30,,
gp:AOqpTOFHWGahW45YUyICrqYE1_hWvQiVDfMjpI39tmuTtK9w3SBkzSGYu04OwWfOPugw9juBGuBcRpweHYOUQd0,Brooks Horn,https://play-lh.googleusercontent.com/-QZhuvK09k1s/AAAAAAAAAAI/AAAAAAAAAAA/AMZuucmlHLmxmdE3wiqPTdXjXDX5vlVZIQ/photo.jpg,"I'm enjoying the game. I would like a game plus mode after beating it also different and stronger equipment on 2nd, 3rd or 4th playthrough. I think that would be awesome.",5,3,1.1.3,2019-03-20 01:05:16,Thank you so much! Thanks for the great suggestion too I'll take that into consideration.,2019-03-20 09:38:20
gp:AOqpTOEx5m_Pm5yiCQzQfvnfO2Ik9mz6caiB6RGM3-M6zwpXyCjIwHTG-kTUzwJGKm4_toUv4iA7LoNxlix21ak,Studly Spuch,https://play-lh.googleusercontent.com/-WhXrz5hqOgo/AAAAAAAAAAI/AAAAAAAAABU/AMZuucmgkjnzlTm3WrHPvcHmyherEYjXyg/photo.jpg,I dont like how u fight the same bad guys and get less and less experience points,1,1,,2019-03-19 16:14:05,"I appreciate your honesty. For teams whose level is below the average enemy's level you actually get more experience than you're supposed to for your benefit. Also I made sure that you never get less than 50% of the experience they give in order to balance it. Feel free to contact me via email or Facebook if you have any other concerns, thanks!",2019-03-19 16:45:22
gp:AOqpTOFJDnzGNpsQwnJBPfGqizgwM0pbZNAslG6l7G7iBlJlwb88wBDs-Iyphh32GLCHZLSobxjIMmk8fKN4XWI,Robert Borne,https://play-lh.googleusercontent.com/-6Mjb3m7HuK0/AAAAAAAAAAI/AAAAAAAAAAA/AMZuucl2aVhQ84xO2ml8fz9tT9q4iA7D5w/photo.jpg,I'm having a lot of fun with this game.,5,0,1.1.3,2019-03-18 01:55:11,,
gp:AOqpTOH15DpqTasi9VU45_FEGtlBN_N2LqI_cAeebOh1ZrQPFQcklWr_SQZvI3av66StZykReHe0ZbbbAHBQB88,First Name Last Name,https://play-lh.googleusercontent.com/-DAMfamg58m0/AAAAAAAAAAI/AAAAAAAAAAA/AMZuucnvIeS8_5pJQGBcCO1KwEkXc3GaIg/photo.jpg,Hmmmmm k,3,1,1.1.3,2019-03-17 19:23:03,"Hello, thanks for the feedback. If you have any thoughts or suggestions please feel free to email me through the in-game contact button or visit my Facebook page at https://www.facebook.com/DunamisGames/. Thanks!",2019-03-17 21:36:34
gp:AOqpTOGFcCmbS9B9i02aUYe-NCHsrkJMT_3MOHbrPLMst_cjR3GXOUPaZMV6TdaHuO6QpeQMKOXnxVZHNFTKp0g,matt d,https://play-lh.googleusercontent.com/-4L1aeG7SGHs/AAAAAAAAAAI/AAAAAAAAAAA/AMZuucll7Rzfv_M4JwfhDGqPyT4evKa6Kg/photo.jpg,fun game. nostalgic for these simple oldschool rpgs. not many of em these days.,5,0,1.1.3,2019-03-17 06:43:09,,
gp:AOqpTOFPIFSzVP82c2tdKe7kQtXi-_O7YtgarhvdIyZc6PiDTG_JV9ANwsguL-FRvMX1XuRcLmBP71eTMiSNC2k,A Google user,https://play-lh.googleusercontent.com/EGemoI2NTXmTsBVtJqk8jxF9rh8ApRWfsIMQSt2uE4OcpQqbFu7f7NbTK05lx80nuSijCz7sc3a277R67g,"Definitely reminds me of Final Fantasy from the NES but with the charaters in your party showing personality as they talk to each other. Gameplay is classic and the story is basic. However, there's a charm here that has me playing for many hours. Worth the purchase! Update - Finally completed the game and, for the most part, thoroughly enjoyed. End game offers a few more things to do which offers a challenge for completionist. Overall, solid game.",5,5,1.1.2,2019-03-15 03:27:33,"Thank you, I really appreciate it!",2019-03-10 09:25:20
gp:AOqpTOEvq9a4RhzvaOnU5SWnxWw_B5zbw1gRFQGVgK3Mf7EzAQP6kJ6-DZbpcE1xDPtXxQVzEHxd9rXbltP_KWE,Dylan Jiacalone,https://play-lh.googleusercontent.com/a-/AOh14GgPUsxv7cLcnEcECRDHxYRnBPalTfwF8VcryDVFhg,aeesome experiance,5,1,1.1.2,2019-03-13 18:15:28,,
gp:AOqpTOFx8kDl_KHS6fyuxkjQP3-GrYC11lgbfFzSI-G65ylIvBkB6hKrMHBlwU-HAzSFojWI8jngwkluHacJyUM,Dustin Warne,https://play-lh.googleusercontent.com/-XzgKP-1brUk/AAAAAAAAAAI/AAAAAAAAAAA/AMZuuckezk_R8xJBzKZHzrRjyM12s8mpng/photo.jpg,just getting started but tis fun so far,5,1,1.1.2,2019-03-12 06:31:21,,
gp:AOqpTOEmhRBf5fvm4xvENfwjM1DM2nAQ8KyQ7mugntUvJurHrg2dfALdgMoxOQcW_E_z3VEsccLYJtiiN4hR_fg,Naomi M,https://play-lh.googleusercontent.com/-vEL7IPBtG70/AAAAAAAAAAI/AAAAAAAAAAA/AMZuuckzctCm5UI6s0KvsXYWLT5EtJD3zQ/photo.jpg,"if you want to play an old style rpg this is the game for you. I've been playing for awhile and finally beat the main story, just working on some of those little side things that make rpgs fun.",5,1,1.0.8,2019-03-12 00:53:37,,
gp:AOqpTOHDJyjZDwNZZ2oa5vtGSaWd6286AHWYzsVsSXlmUojmgqswa-ibDeE_hoaWv-eqIo6qdYnxabLk2vOe-fY,Andrew,https://play-lh.googleusercontent.com/-cHANcVxgTBk/AAAAAAAAAAI/AAAAAAAAQI8/AMZuucnevGsfY1D_-ZadNuoOF8XVP54kJw/photo.jpg,"I've only played a few hours so far and I'm really enjoying it. Definitely giving me that old school JRPG feeling. Updated: I really liked playing this, however I have no idea what to do currently in the game and can't seem to find anything to put me back on track. Also the enemies difficulty seems to ramp up considerably between areas and requires a lot of leveling to keep up with. Great graphics and gameplay though. Just needs a little finessing.",5,4,1.0.7,2019-03-12 00:00:14,Thanks for the review and feedback! If you need help getting back on track or want to discuss the ramp up further feel free to use the in-game contact button or post at https://www.facebook.com/DunamisGames/. Thanks again!,2019-03-12 08:21:53
gp:AOqpTOG0nbUgLBLiqjbF8Ibjv_YC_-I7H6CZgGybUP8LY-ki-vee-ZPk2T-EK4B5tbC-fgc0U0ejIa7n-vqcwNw,Spiral Out,https://play-lh.googleusercontent.com/a-/AOh14Ggl7nO4o3RpH5am8szq9Fh9QkUUyC780zgdCMbJ,5/5,5,0,1.1.2,2019-03-11 22:20:28,,
gp:AOqpTOGO7OXgnWrt4owq9c8sAi_Q2sh6J3PHpV4bPimPyMXkw861SIYeoiniQIm_rSg9se3Q2PgbjdOp-FNCGGM,劉袖坤,https://play-lh.googleusercontent.com/a-/AOh14Gj270O7VpzrldNS7q0IvZGr0fQsFfXmH4w1uiKYow,There's a typo for that one knight in King James' castle... He says your instead of you're.,5,0,1.1.2,2019-03-11 16:35:43,Thank you so much! I'll be sure to fix it in the next update.,2019-03-11 17:37:37
gp:AOqpTOHymZWWCDcqUno5her5FiQE-GcW7mmAPniLc2-_WldpJLuVldNw1f0zqDOld2ZR4JwVStp6PN1i6x_Ynbk,A Google user,https://play-lh.googleusercontent.com/EGemoI2NTXmTsBVtJqk8jxF9rh8ApRWfsIMQSt2uE4OcpQqbFu7f7NbTK05lx80nuSijCz7sc3a277R67g,Great game! Everything I wanted and well worth the minimal price. Get it.,5,0,1.1.2,2019-03-10 11:38:57,"Thank you so much, and thanks for the suggestion about the analog option!",2019-03-10 17:30:58
gp:AOqpTOGj-Wp_BRbWSdQunqmRJ6pdSdCARddqyYObAG8QR0T7TMN5O9oSRxhS5wZa0JA1t0eD-UyTrKlKpu7WGCI,Matthew Sullivan,https://play-lh.googleusercontent.com/-hiolopnY_fI/AAAAAAAAAAI/AAAAAAAAAAA/AMZuuckugNix3fWFwgQt3dNNIt1jlhpMzg/photo.jpg,I've been stuck in Dacia forest for days! Please help!,5,2,1.1.2,2019-03-10 00:07:07,"Oh no! If you have a chance, email me using the game's contact button in options or you can head over to the Facebook page at https://www.facebook.com/DunamisGames/ and message me and I can help.",2019-03-10 09:17:21
gp:AOqpTOEymYDKtD1s21xiH3x7edwxrHSzxE3X4WKa_NdAmInWhqUnoiUc42xoyr5VuArhOptLl3bHtckIs7IZ9s0,robert huffman,https://play-lh.googleusercontent.com/-EKMcnnasVeA/AAAAAAAAAAI/AAAAAAAAAAA/AMZuucnFH1phwxXyUNKomP4mG-szV_ZgDQ/photo.jpg,decent,5,0,1.1.2,2019-03-09 21:10:32,,
gp:AOqpTOFfe9i4QClNxGDVxZpJ-JR_pkG-LVsILyGf-iPJcVpcRMIt7_NK5CYo3GIZ-zkN1pQAP8tXEZR103U572U,A Google user,https://play-lh.googleusercontent.com/EGemoI2NTXmTsBVtJqk8jxF9rh8ApRWfsIMQSt2uE4OcpQqbFu7f7NbTK05lx80nuSijCz7sc3a277R67g,"Haven't even started the actual gameplay yet, but fantastic so far as you can get into the grit of the base team to start with! Many classes, with descriptions, and an estimate of how difficult the game will be with the party you have. Very cool.",5,2,1.1.2,2019-03-09 19:03:50,"So glad you like the various classes you can choose from, thank you!",2019-03-10 09:24:49
gp:AOqpTOG_kG9DrdfqeD04e9gbZIH_79Pg_OSLe7FIOonGxyfFuvgwWNzQRHdGTin7wiTzUVJG_kfSAklGTJCRb8c,Hippy HD,https://play-lh.googleusercontent.com/-XnTO_vE4jQE/AAAAAAAAAAI/AAAAAAAAAAA/AMZuucnLMJ5SkseKoPxHJCsFFH_BLBMoPw/photo.jpg,"Just started but the game brings back some great memories from old rpgs. Love the turn based and for a mobile game story isn't bad. Could use a bit more direction at times, but overall solid solid game.",5,0,1.0.8,2019-03-07 20:07:05,Thank you so much!,2019-03-07 20:57:01
gp:AOqpTOHa4uFf5KRHSEw3Hm_IiGjHWtAf-aH1zquCff5ZP6h5jnh40UY1w6kT_PECAk3DAffcyEmWvuy4pGtRAWU,BleachKiller419,https://play-lh.googleusercontent.com/a-/AOh14GizcqlDqv6i2kk86dmL-3noMpHi3VtR9-vI0G_a,Nice and nostagic,4,1,1.1.2,2019-03-07 17:45:11,,
gp:AOqpTOEyfBLGXZmH3XCmYrMeEnrkKvgUvFusRegHptRwEXFbH-95pkyzQwYobSVE6rz6wYuE-0yHe3krzJmW3tw,Paula Russell,https://play-lh.googleusercontent.com/-v_0mHnaZTrk/AAAAAAAAAAI/AAAAAAAAAAA/AMZuuclYkyy5Pgh4NPulcQb7A3TxjiJUPg/photo.jpg,"I love this gem of a game, old school cool.",5,0,1.1.0,2019-03-06 16:54:42,,
gp:AOqpTOERS6uCVSW7C8kYT3kSBFtqYyU8rKOpz5K2Q5VpDWDv5c1wnMFGBlXcMKqehhjnBL6LNlGf5qEScDd33tI,quotetheraven72,https://play-lh.googleusercontent.com/-hu3JsglLnuk/AAAAAAAAAAI/AAAAAAAAAAA/AMZuucmqEHa4ZXtOuPGRWMWmVZanRgRg4w/photo.jpg,"Would be 5 stars if it logged into Google play. Currently attempts to but fails. The game itself is a very good rpg, plays well, fitting music. I reccomend this game. Developers, please fix the Google play log in issue (thanks in advance). Updated my rating to 5 stars due the prompt response from Dunamis Games. The Google play issue is not yet fixed, but it's great to see a company that responds so quickly. Sadly, there are other developers who don't get back to you at all. Thanks again Dunamis",5,3,1.1.0,2019-03-05 15:33:59,"Thanks for the review! I will be sure to check into the Google Play sign in issue. If you have any additional feedback or issues feel free to let me know using the game's contact button, or my Facebook page at https://www.facebook.com/DunamisGames/. Thanks again! By the way, have a fix I'm testing today and will hopefully have it released tomorrow.",2019-03-06 10:28:49
gp:AOqpTOF3HHOGyqJKlm8kv3p4hkE8DQH68kSXjCoIBD_h-9Hd46amS_37vt7UaastGtw8Fy1BPjIb7ZzZwjYTsUY,Nate Roberts,https://play-lh.googleusercontent.com/a-/AOh14Gg2p_upL9yC--IH_8d-gRUdh0CeXutCMsgpHY7k,A great game. Friends with the developer a nd he is a great guy that does amazing work.,5,1,1.1.0,2019-03-04 22:18:37,Thanks Nate :),2019-03-05 07:56:00
gp:AOqpTOHhqmxpG7mrj85K3LWmjGka_7cLbLhWpr2mlHmQWAdfYnbUSg7stkOC4IlofDiyWpkkr_2zb8edPwBa4Xs,Darryl Wilson,https://play-lh.googleusercontent.com/a-/AOh14Gi8JQ3lc0AwmqFOQ0NB1t2bKt6VhkOw-UlkmR8wPQ,love it,5,0,1.0.8,2019-03-03 20:25:49,,
gp:AOqpTOFTM6nlSG12gEnGpvXV2egdncQViLIi8lGsZePy7pJHTcegZRXqlDSSo21C_pFvGdFxlFJax0IXLeZnFDE,Kyle Batson,https://play-lh.googleusercontent.com/-6PDHojNCJzM/AAAAAAAAAAI/AAAAAAAAAAA/AMZuucmVPFNQFIJAURxQbr1efoVv3md5mw/photo.jpg,excellent turn based rpg. fun and balanced thus far,5,0,1.0.8,2019-03-02 15:45:26,,
gp:AOqpTOESXeOaYzirnk4WgLC9QOg9HT733N2hcv68MCaQJ-2WAK9w3p-7DJNk6fQAM0RLpfqOxntujOwxbkUr-3E,Isabel Johnson,https://play-lh.googleusercontent.com/a-/AOh14GgVp554LYTBJ8X8I0m8Ic1BsAuAp6ZebIujB7TmgZ8,Pretty good,4,0,1.0.8,2019-03-01 18:19:33,,
gp:AOqpTOH2pwUgMhpXzPmYMSeYQprKMN6nx1Ob9IKbjU2SPRhmhyUyXSEZpBAWgUOYS6gshS4RGSadz4LjIcR0EnI,Steven Williams,https://play-lh.googleusercontent.com/-BsrwGvYMydk/AAAAAAAAAAI/AAAAAAAAAAA/AMZuuclLYU2b3ffCuTMW2vpjvEn5ZBUcrw/photo.jpg,i bought it. i do not regret it.,5,0,1.0.8,2019-03-01 12:26:19,,
gp:AOqpTOHXw7SGvcjRHKlzZ1yRrnaA3Dh3Zafteqm9SAMH7oI6KMD5kioFjFEBuBdObijMtDwbMMovzcx6ikEF6rg,Derek Cardwell,https://play-lh.googleusercontent.com/a-/AOh14GjOCaF6R-WLmDxfESbw8IllwE3LJFFRZW7Rb833,Cute so far.,3,0,1.0.8,2019-02-28 20:40:55,"Hi Derek, thanks for the review! If you have any questions or suggestions feel free to contact me using the contact button the game. Thanks again!",2019-03-01 12:28:26
gp:AOqpTOHXJMKvADu3Gav0cMY-OHss-tzj0R2FoQUFA3mCu2zLcN-sepl8bZRrLtIMQJSQ5dyDXCvYJNB4ZHtrQ9I,Jason Donaglia,https://play-lh.googleusercontent.com/-GeSv-v3NKcc/AAAAAAAAAAI/AAAAAAAAAAA/AMZuucl7kidqQHbGuc5RPBgRrZFKPActuQ/photo.jpg,"fun nice little game!no complaints so far just maybe a fee sugestions i see the developer is very active in responses which is awsome and rare!Good game man i hope more updates will come and more content...suggestions add enemy hp gauge,,maybe a way to chech quedt details i am stuck in dacia forest now cant figure how to exit i found the hints but when i try i still cant exit.Maybe drop encounter rate just a little i cant walk for 3 seconds before next battle which is good for grinding!!",4,0,1.0.8,2019-02-28 08:11:04,"Hi Jason, thanks for the review and feedback! I do have a task to add an HP bar to enemies in battle so I'm glad we're on the same page. I'll take a look at the encounter rates too :). If you have any other feedback or need help in Dacia feel free to use the contact button in game or post at https://www.facebook.com/DunamisGames/. Thanks again!",2019-02-28 08:21:43
gp:AOqpTOHRf981CrVYzEKkzEQsFbgHdIrGo7aAfFgoFysrN3yBz5_7WzeO-GqXEcc7qrwlCISBsF3-YBRSl1tQst8,Clifford Ronholdt,https://play-lh.googleusercontent.com/-ORI-kWSzyOQ/AAAAAAAAAAI/AAAAAAAAAAA/AMZuucnZug3TDQZZwAy6UaasWczYbgE2AA/photo.jpg,so far its pretty good. if you like snes era rps. this is the game for you.,5,0,1.0.8,2019-02-27 21:41:43,,
gp:AOqpTOGr7wLqEPzEf9G1pE5XxhoapN-ewy0XF7p7On6FW2Z7pUC6iTbJpVIn5CFhbX2iJz1-m9yUREPG6xYY5TI,Marcus Durden,https://play-lh.googleusercontent.com/a-/AOh14GjR4-uFQ_8G1NsiEV8K91m2bgEb5L6Ag9YrzZ7J9w,"Good graphics, clean controls",5,0,1.0.8,2019-02-27 14:04:30,,
gp:AOqpTOH4pKNI60GaHIFuCx9sEDQ_Z-dexAblQ1BQ3sxBnmPXMOX16onYFwvGkanDpAbLfKHhtxp6dSGL5IAbK7I,Tay Clark,https://play-lh.googleusercontent.com/a-/AOh14GiaMYYKqPbJUgR4lqf0ckWcmQgdbfKVWTziBH2mug,if you are a final fantasy fan you will love this,5,1,1.0.8,2019-02-26 11:57:37,,
gp:AOqpTOGXWYPos2YTWnVkFjtQllhT-C6Z-QjSWxLGGepRz96Q0f6A_exLZk1S0FpeW7FVwzXUCPmX-hJ4Criuk1A,S Slover,https://play-lh.googleusercontent.com/a-/AOh14GgUIOrp2q7JOkCj2sX8F9cZhfBwimmXnobKSOHJ,"From the opening cut scenes, the NPC dialouge and the world you explore you will find that this is a really well made RPG. There's a good sense of pacing and the gameplay is enjoyable. It's well worth the purchase price. 👍",5,1,1.0.8,2019-02-24 23:51:49,"Thank you so much, that means a lot to me! So glad you enjoy it :)",2019-02-28 08:22:23
gp:AOqpTOEhxQCrhJR7KhYgfsu72_DZtkoTrNWZaJQzWkW4DqasaVTMWMrt_h2mm-rJBpjWuKd4amfZAZhCts32TIU,A Google user,https://play-lh.googleusercontent.com/EGemoI2NTXmTsBVtJqk8jxF9rh8ApRWfsIMQSt2uE4OcpQqbFu7f7NbTK05lx80nuSijCz7sc3a277R67g,very entertaining,5,0,1.0.8,2019-02-23 22:43:15,,
gp:AOqpTOFkkReB84iBJ42Rq-ySJ88muAv505I04peaD8kCAjpFtOP09yCjIcxhUeFN2M7jgdRcf2rR9T6PpE5KQ4E,Josh Tompkins,https://play-lh.googleusercontent.com/a-/AOh14GjvcrSy_kK3VxTLX-S4zGbTlBc5lEXV7Ph7t4T9MQ,"love these old style games, this one is Similar to ff 1, however does anyone know how to get through Beralith B2 room 2, I've been stuck walking around the dark room with no light trying to figure out how to progress for days now, I'm about to give up, lol.",5,2,1.0.8,2019-02-22 10:11:57,"Thank you for the review! And thanks for using the contact button in the game to contact me. We've already discussed via email but wanted to just note here that I sent along a hint, hope it works out. Thanks again!",2019-02-22 10:56:12
gp:AOqpTOFABjVCMKssYAzX7LQJeeIAODFcMH52HYKdS_PHc5hKdm4ERbTZayMvHNzw3dh86erCgqJHSK2wxvsi5ac,Mary Brown,https://play-lh.googleusercontent.com/-JwH4SK4fCiY/AAAAAAAAAAI/AAAAAAAAAAA/AMZuuclLmQ3F_XhiTtyLpQKH3ICOGAkXNg/photo.jpg,Fun game reminds me of the classic rpg's but needs maps for the dungeons too dark to see!!,5,0,1.0.8,2019-02-22 05:32:36,,
gp:AOqpTOHZiRU6IN7YWIrqbSG-In76zjLas50hRJh7yCPIh1QjkL6PPM6Xv15wT9jVEfWKEesWKnfNZDMulypdhm4,A Google user,https://play-lh.googleusercontent.com/EGemoI2NTXmTsBVtJqk8jxF9rh8ApRWfsIMQSt2uE4OcpQqbFu7f7NbTK05lx80nuSijCz7sc3a277R67g,Love this game. It been fun from the beginning,5,2,1.0.8,2019-02-17 20:22:00,,
gp:AOqpTOE9k_6GdNgs1HO51Q6nZ5ONRov3BPw81jXpLule0cc4NJql7SH2rhFtXLzNkob2S1qjvJGIQl77HUsdH94,John Dievendorff,https://play-lh.googleusercontent.com/-6Ndg7RMfhNg/AAAAAAAAAAI/AAAAAAAAAAA/AMZuucmjUW1RhxB6fzsjJ24M5AIc-6D38w/photo.jpg,awesome game brings back some good memories!!!!,5,1,1.0.8,2019-02-16 19:10:19,,
gp:AOqpTOGsH96W_RA0moBWfoPVFXHxprP5Ior3EH8Shc5_sGj8FvpCXWRVSgprK32LDwQlUDgISaYvZOVgxYKkzx4,Jericho of Absolution,https://play-lh.googleusercontent.com/a-/AOh14GjYJFRpeS_JkMzPDactX_J0WFWpfhKcXh1E6m4iug,"I gotta say, i'm impressed with what i've played so far. Usually when it comes to RPGs for moblie, they are ok or at least adverge at best. But here, i can tell there is love and passion put into it. The characters, the gameplay, and just the overall feel that it gives. It gives the feeling of Final Fantasy, but certainly holds it's own in being a thing of it's own. The only thing is the controls are a bit wanky, but everything else is great. THIS, is what mobile games should be. Buy. It.",5,3,1.0.7,2019-02-05 18:43:34,"Thank you so much for your review! I am so glad to hear that my passion for RPGs has shown through the game. Feel free to message/email me if you have any suggestions for improving the controls. Thank you again, people like you are the reason I make video games!",2019-02-08 10:47:27
gp:AOqpTOEJgbc30bQ_XS8sf1ypQYg3YKLCdtIAg_lY6vP9w3w164f88DrK6nYdID3DNZ3aBtwJ6byFVv3u1WuLE_U,Derek Sturges,https://play-lh.googleusercontent.com/-BxwkAw_0rGQ/AAAAAAAAAAI/AAAAAAAAAAA/AMZuucmlEatRjdQDRivl9Yn8_ggtPz4i8A/photo.jpg,"fun game! reminiscent of FF dimensions and those like it. very well done, hoping for a sequel. couple bugs? the controls can be a little jumpy at times, tho it can be ignored after you play for a bit. also not sure if the ""elflike"" village accessible later in the game is unfinished, or if i have to wait until later to see the rest.",5,3,1.0.5,2019-01-30 19:33:07,"Hi Derek, thank you for the review and feedback for my game! Glad to hear you enjoyed it. I have made a note about the controls being ""jumpy"" and will see what I can do. Also, you are correct that there is a bit more at Niacia after the game. I have updated the conversation to make that clearer and will push it in the next update. Thanks again!",2019-01-31 08:40:57
gp:AOqpTOEPTkDeQjrONoZXZSCD-NDddj7dMPXbNxFuQntZS9886beMQNgriFpORxwAgCY1SvJlj3UY3zz0pVrRSfk,Tylor Toth,https://play-lh.googleusercontent.com/-AcwZvSXP-ls/AAAAAAAAAAI/AAAAAAAAAAA/AMZuuckQ_nbx8mxCqXgt7UIX72qmi310-A/photo.jpg,nice,5,0,1.0.5,2019-01-26 17:37:03,,
gp:AOqpTOHq7KSSiciINe71pJjTX96Rg_6O6F9FUIpW83-GqsKlcX8uJDlRO0iEfV6aRxhUpu4tRBMRQ3jz6HtKlzU,Rodney Quinones,https://play-lh.googleusercontent.com/-EieEZfkB-qs/AAAAAAAAAAI/AAAAAAAAAAA/AMZuucnDfRY6aoPS5ZgbyfnElDja8kvlfQ/photo.jpg,lots of fun and exploring,5,2,1.0.5,2019-01-24 21:15:20,,
gp:AOqpTOHWmTzRBUVtfFXjmaataky5u899qx3LNR4PZez959CO8-yzYNUJVuY_5yh9Wsy5KeLPSfp5Cuy_dh2ctOc,Robert Koppman,https://play-lh.googleusercontent.com/-Hw9JRw7q_yk/AAAAAAAAAAI/AAAAAAAAAAA/AMZuucnc9-wOLO_OO-v7G-SvQc2O6w_FsQ/photo.jpg,nice game,5,0,1.0.5,2019-01-24 10:49:59,,
gp:AOqpTOEyHt1KBzbt_g7NpCXSuX5Lut-whhAHZTefv7D9W9BpoXwFDXzkkRGojW1AknQijZn6gMqdnMu0oMni5_o,Ethan Smith,https://play-lh.googleusercontent.com/-nEPeqMEFHl4/AAAAAAAAAAI/AAAAAAAAAAA/AMZuuckr9Wa0MSK9dv7lKlBfFHzDHxyw0w/photo.jpg,"I'm an old school gamer. I like that this is just a game...no in-app purchases to speed up progression, no multi-player component... it's simply a game that you can play by yourself at your own pace!!",5,4,1.0.3,2018-12-22 01:02:42,,
gp:AOqpTOEfRQ1Uagm30Cyc0NGgcGOxgJXnxaEVbJfiyhqN6r9wMQcTo_pabE3-Vg4R19T0ZzzMpd0Ub195bx4UgxU,A Google user,https://play-lh.googleusercontent.com/EGemoI2NTXmTsBVtJqk8jxF9rh8ApRWfsIMQSt2uE4OcpQqbFu7f7NbTK05lx80nuSijCz7sc3a277R67g,"I laughed, I cried, and that was all before the second dungeon! I love the game, but it is my game so I'm probably a bit biased 😉.",5,8,1.0.1,2018-12-19 11:33:03,,
