reviewId,userName,userImage,content,score,thumbsUpCount,reviewCreatedVersion,at,replyContent,repliedAt
gp:AOqpTOHDSodIVMwZW7r4IYli9pWEAeGsax7Rv5ungX-5ZA5DQD65SyIluKXeDqONRwIvwzzRYUsT-4bV-iNg9Q,Don The Legend,https://play-lh.googleusercontent.com/-AezDyLVqmqA/AAAAAAAAAAI/AAAAAAAAAAA/AMZuucmC6n01axofEiXcae6rRs8s0gaC4g/photo.jpg,great game,5,0,3.0,2020-02-04 10:02:53,,
gp:AOqpTOGVk_JLuGYfgvwPNe8OhJwn5CA9UptMV4q-Vv8K9nSZhblew3CJePtKpFkH1UcTEtjJnEzTr-9PgKETlg,David Harley,https://play-lh.googleusercontent.com/-Orn3ayikMEs/AAAAAAAAAAI/AAAAAAAAAAA/AMZuuckrQOVoN05ACBLw7u7AV_WN9ZuhTA/photo.jpg,One of the funnest construction games out there !!!,5,1,3.0,2020-01-20 06:23:21,,
gp:AOqpTOFtLyMyph8TruHrqMQyY_4COQIcOBgggzIko6RtnqkI0WDbBPKIcQghYh5MOpELGiYwWiTe7ms7839Zkw,Gustavo Mendonça,https://play-lh.googleusercontent.com/a-/AOh14GgPqJFnrIqTtlXrgs09bwbbxmsP4BgTDSG9CxtKEFU,"This game is so funny, it's kind of confusing in the first sight, but when you understand how to play it, it's so good to distract your mind of the daily response.",4,8,3.0,2019-12-11 11:01:23,,
gp:AOqpTOGZJjCiExgJ2XxaZ5B0NPzVCUk95Qi7LZKSFrGHn8l_xEoI6rbUZUHpx2WhqrdD7cPAApypWDBDnHjlfA,Jimmy Damnit,https://play-lh.googleusercontent.com/a-/AOh14GhJ124e1NEsKD5mD9S5xJ5Q43OkOxJaW_QQPvOkjA,Fun,5,1,3.0,2019-10-11 01:48:40,,
gp:AOqpTOHijACp4g1udjaKx-PP9iHm235pUDKPpaB5WsghsBWxk2E_Y9t3LKRdgd_gE_xaUhD-3Ajo7wHcUIpKng,DLN,https://play-lh.googleusercontent.com/a-/AOh14GjFsN8l6zirlTxlzhc_jHwyzcKk6d9W_YdW1M8iEg,very fun game on android check it out on steam too,5,10,3.0,2019-06-12 04:33:12,,
gp:AOqpTOFI89vBmLVmhWIt4tgB2lejcQnLCRU218wHL46oJ2HWVyOkUoyzaK2UJgfEIGN1KtlIr_thfSsMjvAWsA,László Lukovszki,https://play-lh.googleusercontent.com/a-/AOh14GhGaH2Pamj6Smwm7sljYwaD1l2O3jDMjqB73K8hqA,tough little cab :),5,2,,2019-06-08 08:09:03,,
gp:AOqpTOHRzFjpoXU9OYBJ9DUmn0bpy8Jkr3QXmz87qfZDLETcarmWLZmMUfl1cQgy_IkYpUcT73bFVBt95tsEDA,FLOR van der Ven,https://play-lh.googleusercontent.com/a-/AOh14Gi7oRYjdtM-DsE6iyFe3lxJiWTDhlYQj136b_z5hA,Great!,5,0,1.4,2018-08-03 12:03:18,,
gp:AOqpTOECpd-75Vr4F-nEr2SnMRAFGGQ7OHfGFRBTKMenXH7Mvi6VsWveeVFtUaY-Vnt_fkRqQAz-95cPgfQOUg,Art Agsalud,https://play-lh.googleusercontent.com/a-/AOh14GjXP0bhNEDz0-e46P5_wWYN3ktErpG7yAl6cm15,I did not like the game waste of money,1,0,1.4,2018-06-16 23:41:50,,
gp:AOqpTOHutfBh7vwCgVN9PDAROvhwCgV-cedPZPqNFuQqLaHVVBBMFJe6K7HybEOIBDQmRwfq9uYCoX_hnb5nDQ,the chadster78,https://play-lh.googleusercontent.com/a-/AOh14GiY528I8eDK61c8uraIi6FUXI-394ko1WUhs85H,Whack,1,0,1.4,2018-06-07 20:44:57,,
gp:AOqpTOEZAFfYRcfLQQFmWKd7iN09S5yaDpJs2EHdHl6Wm4fs481FMsCNIHGfGjkNxEsZiKH3-q8hxMi1HR87lg,Alex Vasquez,https://play-lh.googleusercontent.com/a-/AOh14GgcVk0scip-O0gCz3HA3fgk9WcvxYNIij4GTl5b_Q,please make another one I have yet to find a game that I fully completed because it was FUN and  CHALLENGING,5,0,1.2,2018-01-15 13:56:43,,
gp:AOqpTOEXhgSaRUvdtF0D6N6OpndU7uXCA9RTi8y1Fc7mtxwJfAUzqm6wTPcmCdJBU3YwHbmBY4K_aOH687UO_w,Leonel Bixano,https://play-lh.googleusercontent.com/a-/AOh14GjiKoQTebKIQ2ZakMkPBc15n2OPCyfRXUC72LVq,"I think this amazing game, and the graphics are friendly",5,1,1.4,2017-12-23 10:45:41,,
gp:AOqpTOF71odPbDDmpjHN846mGXYNUa6jpwpL0bO1Egrcdf6BobxRkeIJRQA4YkPUKsB9Xl8qj2PPfoStPFqLOQ,Alex,https://play-lh.googleusercontent.com/a-/AOh14Gigc-Iuuc21osiYnpxLKlPxqz1cZ9hRCnW709Lz,I was thinking you build and then drive like crazy but no you can only drive .,1,0,1.4,2017-11-29 13:35:53,,
gp:AOqpTOFw96APKMoCNFxQCE-iL9aXBu6gmnR7dZvzJ5cMSiZmk-IuCVUdApS9Ot1zCqXgtY4-anqii0T2gvn70Q,Mark Anderson,https://play-lh.googleusercontent.com/-8BGF8gHcBkY/AAAAAAAAAAI/AAAAAAAAAAA/AMZuucnGsTBJDjr4T8skjxIO7_vvi8SNsg/photo.jpg,Very addictive trying to get all of the bolts. Great physics and gameplay.,5,0,1.4,2017-10-10 18:34:32,,
gp:AOqpTOGBWk3Tk7fmBSUa8dO-mkUgwUelyfpZWUsuDpg0kRness4eLELxElLte-KF2uViEto45IRl7SUk3N-EdQ,Ethan Harris,https://play-lh.googleusercontent.com/a-/AOh14Gi7uQvKaWiTyqXXzLjfr0XFlc5uY6Ex1FG0FSgr,"Too much hand holding.  Please, give me the option to turn off all the ""help.""  Figuring it out for myself is the part I find most fun.  It's also stupid that the cars rotate forward when you press on the gas.  Give me the option to reverse it.",4,3,1.4,2017-10-08 20:21:14,,
gp:AOqpTOGM8dPVaMtyoulhG6jKqpAp99Zl40BizRomdWatuFWILvigYaCltQSsuWVL1x1ao6cGL8eN5yfBsvaXjw,Gerhard Lourens,https://play-lh.googleusercontent.com/a-/AOh14GjQ42_bFRaYns8k7EGyJe6kMGpg9xDquHdLuqjE,Impressed,5,0,1.4,2017-10-04 13:39:47,,
gp:AOqpTOE1paL8mWMqSFbd6TZeBhMABrDo5bCG6kUokwZBD6iywLgTkX10lz3mKMog6Q_GuiZDYLrxsMq0sP5N8Q,Christopher Wipperman,https://play-lh.googleusercontent.com/a-/AOh14GhMHKSnGG7p0RKd3tzdkgvT2FZIY_49hQpFXUu4Sg,"Finally, a game that combines strategy, building, driving & blowing s#!t up.  I'm hooked!",5,1,1.4,2017-07-19 22:57:30,,
gp:AOqpTOEuVr0wEV94fUqnxeyroDicp7Tld3UBjb3zBFLg9EL9axZT6qwDxXWsTp82VLUYQSKn_Bds2LetQYBnVA,Jinwoo kim,https://play-lh.googleusercontent.com/a-/AOh14GhvXVcvguOw-edaOPA_zo9XdjCbiVJTiPxB3rB5Sw,Best game in the world!,5,0,1.4,2017-07-15 15:00:30,,
gp:AOqpTOHQ0krOyAOL2GjuTZ44wpOJlMj1HPGfjsgu3TkR0u-r7XnUh-8y4Yzf82_4oGmcwARy1AdXSkJq9slElQ,Nick,https://play-lh.googleusercontent.com/-zEVOJ5E-_zQ/AAAAAAAAAAI/AAAAAAAAAAA/AMZuuck4pTE4upS68_uKbAtplajvK3_lpA/photo.jpg,This whole series be some of the funnest games on the play store!,5,0,,2017-06-26 11:14:26,,
gp:AOqpTOGlJFX8is8RwvdKqERNvCNqVu_zWxnIJ6jZsBMnWwIwwgAc2YTzhBafXlM00zH6OAq0gRE-H31HAaEYEw,Ernest A Padovani jr,https://play-lh.googleusercontent.com/-GrCntMO9IeU/AAAAAAAAAAI/AAAAAAAAAAA/AMZuuckz1p1Da3-SHy61Sc3B6oWf2rN9uA/photo.jpg,Keeps you on your toes. .. I've played different games  .... this is one of the best,5,1,1.4,2017-05-02 19:05:36,,
gp:AOqpTOFtdCCjYuusrbbRQ7GOp-dLeaLJm354of3mYZBx8rIsbAC3g7AQTiPLE5x8QVz2iAGDO4q5Nm0NtJhBpg,A Google user,https://play-lh.googleusercontent.com/EGemoI2NTXmTsBVtJqk8jxF9rh8ApRWfsIMQSt2uE4OcpQqbFu7f7NbTK05lx80nuSijCz7sc3a277R67g,"My five and four year old play with me. They say they live the music and building stuff, they love explosions to.",5,2,1.4,2017-04-27 16:27:50,,
gp:AOqpTOHSTz8pXG8VEv1_4upUyi0m_EO2B2JuiE8_T7Hq0Ne6gME5n3Eed4ffXwm3WKaxlGQTn5R58Uze2GHuFg,Yohanes Nugroho,https://play-lh.googleusercontent.com/a-/AOh14Gh7px2QNTTg7-ncMzwAHclp5NBM4ip1rawEmifTeg,Cool game.,4,1,1.4,2017-04-10 07:28:03,,
gp:AOqpTOE5lz7Oeekiod_6L7zY-gp1Cvrvt_hVtPMLFhj2uYax3rYh4gZt3euBZ05W0_9-lVTqPqXFPA_6bviU-A,Benjamin Sperry,https://play-lh.googleusercontent.com/a-/AOh14GiNxT2MOloOvvbZBEJIaDq55OQ2PChDowQf-F2X,Title says it all,3,1,1.4,2017-01-06 17:22:11,,
gp:AOqpTOG4MUK0Olw-7e6PRbts2HTYAVLOQ1tAaQsv2XjbfKBH-nqzj97kA3ORe9YGw8DI5Q67HIc4vZvFx5LLGw,William M.,https://play-lh.googleusercontent.com/-l04tZpSwmPc/AAAAAAAAAAI/AAAAAAAAAAA/AMZuuclRBjSJL-w44UGCX3f3lUdZnsfwEQ/photo.jpg,"Latest update adds nag notifications. You're now paying money to be bothered on your phone. No way to turn this ""feature"" off.",1,4,1.4,2017-01-04 06:18:20,,
gp:AOqpTOG1XpeyKIbeakBzU0xLo4pdXB9jCd3nXA8jblSbM5X3uXT1zi3I7uM4d1OGN4BB9k4m5imWDINFukL8sw,Colin Spotswood,https://play-lh.googleusercontent.com/-rW6JlQVVXAA/AAAAAAAAAAI/AAAAAAAAAAA/AMZuuckhcnkkG6P-PkrEfdOMAAApM2dlQw/photo.jpg,Fun and interesting,5,1,1.4,2017-01-02 16:05:19,,
gp:AOqpTOE5YBEwUNa_LozxGgbMimlMXEsjq8TkDXm5YzxgLUhKxgXV9iwbsCW6X1YvND3iTKI05tFjpiBTGB0hhA,Shane Hills,https://play-lh.googleusercontent.com/-hs39lm95ejc/AAAAAAAAAAI/AAAAAAAAAAA/AMZuuclq9tqD6bLg7J77OVXuIGPcyo6fag/photo.jpg,Hangs on startup. Refunded,1,0,,2016-12-24 11:31:19,,
gp:AOqpTOFcVQU3oGMBMS3OkOWEUBj_nDmJ2rpVL_0aCRm6lH_1wryqPhPtyxh7zFvGgjQtijjEVrjW5emd8EVkhQ,Pengemis Utara,https://play-lh.googleusercontent.com/-yuYRMMsehwI/AAAAAAAAAAI/AAAAAAAAAAA/AMZuucnwc-_sHg6Ot58PsXh3A9FmvzJaNQ/photo.jpg,Difficult game but fun,4,1,1.4,2016-12-11 03:38:43,,
gp:AOqpTOGfQr7UHOGQXyZaMd6YRKceD-9-GBdM0MQaPgcCTMqab9Q7Xlfc2SAE_YdIAXD_UpJp5DgHwPxUrYx7wg,Jessica Laforest,https://play-lh.googleusercontent.com/-oL09C4zacXo/AAAAAAAAAAI/AAAAAAAAAAA/AMZuuclkp-j6M5UYg2oBKntgSAj3QvPxag/photo.jpg,I love playing bridge building games instant games so yeah this one so it's like the mind,5,1,1.4,2016-10-17 14:29:00,,
gp:AOqpTOGRPp0L3CdjlYkA4-VG6rjKNSUo2xxahHQv8f1UFmWcg4PQBtGdrq5aMrqpir4mJDrpCQZ4anGFjXNaEQ,James Hacklander,https://play-lh.googleusercontent.com/a-/AOh14Gj3E0N7P-lHEY9JZs59_Nv_3V-UiwhgMOX8ZgvllGk,"It's a good game. It combines the mechanics of a bridge-building game with the ability to control the vehicle. It's a great idea, and we'll polished, but there is one major flaw which I find incessantly irritating and unintuative.  Control of the vehicle's pitch while in the air is backwards. Accelerating would cause the body to rotate opposite the wheels, and the nose to lift. In game it dives. Please fix this.",4,65,1.4,2016-10-16 19:37:47,,
gp:AOqpTOGXDcUBnHp6XwuIj3TMBNU9vjrALwTcwTRy7T3DtgrAvTcd_1wahsQkrBedg6VkI2WtCAvzU4GbR2-FaQ,rano irmawan,https://play-lh.googleusercontent.com/-9v2ttWdJ48o/AAAAAAAAAAI/AAAAAAAAAAA/AMZuuclVtGEmJ0AqmC4Kgae5fAtz4g4fkQ/photo.jpg,tidak ada iklan.. manteb,5,1,1.4,2016-10-11 22:44:21,,
gp:AOqpTOEH6mqkto24sDntyq7i6nguCWaLECvR9tptBDnUBnuO2061Mw1TYKwAd1FDmtAejnPsANdsk-PkV-Ft5A,Got to Weld,https://play-lh.googleusercontent.com/a-/AOh14Gi2D-pDK2DGeTuBv3LtU8Ux9sgtdS2PBEcHdSAUrQ,It's great I love it I hope they make more fracas for this one,5,3,1.4,2016-09-28 05:29:33,,
gp:AOqpTOG82DQEr6bJKCehHRgB1fjfA4Ny8P-OquFzu8MvKSg2h2QsIxNoPVS24ZpFuzRZzNSC-VdY0lOF-IL-dA,Ali Haltam,https://play-lh.googleusercontent.com/a-/AOh14GirbREIm5IG5i-ETO3eBe_rffH9d3fh0ZoMTnohqQ,Next level in physics gaming!,5,1,1.4,2016-09-27 03:56:19,,
gp:AOqpTOHrQLgnY4cfKw0CBwZ46YirXrh-0QMyvjybXWJ8_qo_4zgApEeQftHw4hPIGyG9xBIKiTtD3YEpi-RNtA,Bert Macklin,https://play-lh.googleusercontent.com/a-/AOh14GglQmfFiky-ReZMhCCFHeuhtA9C0HBAcIE2A66ZfQ,"A puzzle game with stunts and explosions, it sounds like an odd mix but it's really great. Playing the regular bridge constructor helps you blast through the levels in a breeze, which is unfortunate because it makes the game seem very short. But I can't say it was not worth it.",5,63,1.4,2016-09-26 07:32:41,,
gp:AOqpTOHjEHbJBhf7xrZvW72DGZWAZPiTuFijQ1rQTBlnniPJO-N4tyl04DU-OFeKj2NAa3_Q7I6VKjH85fhNxA,Clint Andrews,https://play-lh.googleusercontent.com/-5zFGBqOjgus/AAAAAAAAAAI/AAAAAAAAAAA/AMZuuckctm9QRsBYnLtvj3PrCTyCDtH7NA/photo.jpg,Fun,4,1,1.4,2016-09-23 03:54:10,,
gp:AOqpTOEkAq6tYoXfeslcgL6nmgMI1gQguXse6YhLxQWZgD9F7M6ocABqH7o9FTF3FnieYOgMqb7kej-z2FqUhw,Shreyas Pande,https://play-lh.googleusercontent.com/a-/AOh14Gg7NaGQcZs502Vch3-YbKTt97AL732Q8MTbWP35hQ,"Great game, controller support will be appreciated",3,1,1.4,2016-09-22 01:41:31,,
gp:AOqpTOGvrZYABY8q3y_5gakR_uxlH6YHbsymbeFZ3RMmbVdFQS1RXIVkuEAhnEeHAGOrHbVWVEDRHhz6dRQbpA,the duck,https://play-lh.googleusercontent.com/a-/AOh14Gi6rWJuwhslTYYTTvyW7eJhd-azZ3ePD5aULrZikpk,Fun and challenging,5,1,1.4,2016-09-18 16:37:31,,
gp:AOqpTOHm2x0eHtXFaWjg1Y5MoaF-t2Ezb5foGqysVM8-EorJI1j59LMPVSUbyfzqNfj4mi9DjdNtne_BJGm2vA,Robertus Mariyanto,https://play-lh.googleusercontent.com/a-/AOh14Gjf9AoNp5KPVF6Sw1GHVedS6vkSsNdAIcyhlU5cxw,"Great, this game killing my time",5,2,1.4,2016-09-17 23:42:02,,
gp:AOqpTOGV5rp5ZeE2yYzK07C0uZLi6T12lesd3-dcxDv9fXJYMzX-YeRDuttXXehTVmKDqz7ueyV_gg6TksG_uw,Matthew Thyer,https://play-lh.googleusercontent.com/a-/AOh14GhKmImYvGDcSVcV7H8X55S1tByaRok4ZPkIRRkLC7A,Introducing a whole new level of challenges. Lots of fun. Well done to the BC crew.,5,4,1.4,2016-09-16 16:54:32,,
gp:AOqpTOHClaMlI1b3o5AHrf0moPl6zesZih2ccyAnx7iZC9lbjBuYALAEzlDFn5qjgxjuTia6ZHKdw67J4DGGVg,David Trystman,https://play-lh.googleusercontent.com/a-/AOh14GiSYx2NtpGNOOZE-S3Pa4O6OJK1NQjUObkbkafg,"No reason to make calls, know my contacts, and view my pics. Among other things. Give me a good reason and I'll up my rating",1,85,1.4,2016-09-16 15:08:59,,
gp:AOqpTOFPjGmE7N6re-u9U0vOWIRZNf26DVrve1L20BpS4JIRar0yPNdrPWK0MdzqGjhMhzkk3hbFQr8w2XzEYQ,Guilherme Tworkowski,https://play-lh.googleusercontent.com/a-/AOh14Gjyl9WK_Eq1Q9A1wqK3AR2Q9VQZvX8GTuxfZMNy8g,Very nice and well made game. Worth it,5,1,1.4,2016-09-10 20:01:22,,
gp:AOqpTOGtnV90x-d6oRb9ojTV__kxvjRCkBvSbnZxiadfry7KUkLcD-wPySIa9UKxebvx073uWHEezm8S52Ak6w,William Lee,https://play-lh.googleusercontent.com/a-/AOh14GhpCab6_lZpDlnptsFgqFxuovVEV59K0K3E7IWOU24,Keeps me distracted for hours!,5,27,1.4,2016-09-04 21:20:51,,
gp:AOqpTOFOVtfJd6RPDbhwbLTiiLiBOCiTOiNUvFr1gELCQ_MC2ZzqLpX_iwHvXXjs_fBGuxTPMhgBPjpbe92MVg,A Google user,https://play-lh.googleusercontent.com/EGemoI2NTXmTsBVtJqk8jxF9rh8ApRWfsIMQSt2uE4OcpQqbFu7f7NbTK05lx80nuSijCz7sc3a277R67g,Quite fun... bit of brain bubble gum...,4,1,1.4,2016-08-28 01:13:34,,
gp:AOqpTOFiH96iATLV_rWUqq5tYZhJfXZQrbAhQdgBvBaHUsRjGKDA19CY5uPpNU0mrFPt2GSOcEyInnGDRaCmBg,Richard Hizkia Katiandagho,https://play-lh.googleusercontent.com/-3PTUziDsVGo/AAAAAAAAAAI/AAAAAAAAAAA/AMZuucnZv_cYyWT2kIcwNTEBqjNJo6UPMw/photo.jpg,I like this game..,4,0,1.4,2016-08-19 10:19:12,,
gp:AOqpTOGBlJlPcp2QXwJCvttVg2bynODIWBlPbotnVTs4GS-WVhz9gWVaD6PBsnAdh4o3fpTC94QSOyPVMAXGjg,Christa Browell,https://play-lh.googleusercontent.com/-xiALgEaM2Mo/AAAAAAAAAAI/AAAAAAAAAAA/AMZuucnGt1Xv4bgHLzbZjHtXq_OvpSQOtQ/photo.jpg,Lots of fun,5,2,1.4,2016-07-18 14:19:16,,
gp:AOqpTOHQvk-L0MrEw736a_LkP3I98SxOVoT2AYDllP3Y3d9AqA3N_-kmbhV-gqmeXAff4W4T0hGpOt2bgu5ftg,Rodrigokik13,https://play-lh.googleusercontent.com/a-/AOh14Gi24m_N32-6viFW9psJ2V0uzPUsZBKNov90ndv3Ew,simple loved it,5,6,1.4,2016-06-21 20:50:08,,
gp:AOqpTOHt9_vuPk6bQBA0P6xAm0_GQpFfinejsv0-8YYAyDaZjUe5ZIJdQu8Ha0WK4iiUla6iaaTxTWTblWQBhQ,Wade Rohde,https://play-lh.googleusercontent.com/-Gi-Pp4vRR-Q/AAAAAAAAAAI/AAAAAAAAAAA/AMZuucldPbpfMsH72VJtkdns2dYWa--Tzg/photo.jpg,Cant build from preexisting parts. Just moves them. Will upvote if resolved,2,2,1.4,2016-06-21 20:46:41,,
gp:AOqpTOFa8VlspGJowHHtMSvc-0GXwWJqrNziKfFczl30VuO8CTq423NPsAVafeMiDHJ_pY3VHcctw7tMLCrtMw,Michael Plymale,https://play-lh.googleusercontent.com/a-/AOh14GgC2h3MwHYiVgxOQHc-FoeAUvHe1pSQue51PoU8,I was honestly and pleasantly surprised by how fun this game really is.,4,2,1.4,2016-06-07 22:11:42,,
gp:AOqpTOG0TuN4Io-Zy6PjoWHhVy7FQ_6ITi7k8KvFWjGJWmvUDQ7VwsEr8KW1DvO8kycdflVtsKBJXnJ5NHluag,Camron Gray,https://play-lh.googleusercontent.com/a-/AOh14GhU64L-pigJqJSxHushdXmmjxSywG5BBqzT0F-lNJY,Hard. At least more challenging than the OG bridge games. Fun...but pretty hard.,4,51,1.4,2016-05-01 13:30:29,,
gp:AOqpTOHT3QdCqpeJjaobc7HYdVZRmrhOYZrwUauva6IJVM6peKaQJ9C1ZBZ1HevMt4hFeva-NfVzrgJRakxC3g,Pamela Hartwig,https://play-lh.googleusercontent.com/a-/AOh14Gjl9u3A3vqa9drRm4a_1bWcugukQuZIHYh5xfLYmg,Epic,3,2,1.4,2016-04-23 07:16:02,,
gp:AOqpTOH7CjqyR4bxrW1PFs7awr-1XeqZLqy4UgTzLqmCZwQUdYOqX1i4viw4RO-5_PELBzeCV6nSyfS1WOqC-w,Steve A,https://play-lh.googleusercontent.com/a-/AOh14GiJcB8xM_6UbW4ZN2459OixyVoGffltHMjKqFPCgw,Best $1.99 I ever spent.,5,6,1.4,2016-04-08 14:18:35,,
gp:AOqpTOFHA5FoKhgp_sBq7oMVUpBLHDbDQivs8JV9s_lXBareOCr_BYmz8pzksKh4QIZyRJIuhIDka3iXoTSTQg,Luke Kingan,https://play-lh.googleusercontent.com/a-/AOh14Gi1wYQ-jBUL_GUUb6BcoSSrjudHJ16jidhcFj2i,Fun but agraphating,3,14,1.4,2016-04-05 11:37:13,,
gp:AOqpTOFbqQ-8ljoAnPTRDvFTtgBAmBr4lt5sqJHt29DhLmLYd-ubnHMjpCl6HPUMMSMGt2w510fNZyA6ezZISw,panzerfäust,https://play-lh.googleusercontent.com/a-/AOh14Gi35ssx_z8RYNJRKY2_z6P1yqVtQTt5FPiqK4lMRQ,This is a great game for stunts and brige building,5,32,1.4,2016-02-24 14:12:29,,
gp:AOqpTOGBTMEUtc5G2CHDiAd0xJNOvf1M57QFYpG5OI-8nh4jayGFoQsCDm2QtLodeJPR27QihiqmyglexUwViA,John J Starr,https://play-lh.googleusercontent.com/a-/AOh14GhrsyxnrObpFnfqK10TonqpyKBf1WkktrJkAFN8qA,Yuss,5,3,1.4,2016-02-09 23:03:14,,
gp:AOqpTOF99ixeKx4KOJQ3tL4Gq6NBMpIqcqnHS-mbc9AgY36FqRkdHH_yCJfq5yt_-rfCxMdZMyA_4ZZCBq2boQ,Justin D,https://play-lh.googleusercontent.com/-jBzgpmWqQkQ/AAAAAAAAAAI/AAAAAAAAAAA/AMZuucnF1nJbSW0coTYt3aOCGFr4LDZ9pg/photo.jpg,Fun game some kind of playground would be great.,5,0,1.3,2016-01-11 12:07:34,,
gp:AOqpTOHyLaeHCNQgnGfQ20S-n2BEAN5IH7VW2GxLjYf-KmAWmkaVNOQYR5KjdIl6MNM4VA0kD7hynVjW9z5X0g,A Google user,https://play-lh.googleusercontent.com/EGemoI2NTXmTsBVtJqk8jxF9rh8ApRWfsIMQSt2uE4OcpQqbFu7f7NbTK05lx80nuSijCz7sc3a277R67g,...on coke!,5,1,1.3,2016-01-08 06:22:29,,
gp:AOqpTOEKS6_gLbUg0LltwqJfuYwzyh22ejRXA6HZPwmoAAtCwyWJiF8l4U1zYrcAchuLrdi-Q7W1DXihi5-pIw,Gavin Cowie,https://play-lh.googleusercontent.com/a-/AOh14GhdgF5FAB8yAvKsK2A7SCXYVKZBfLePid5qiDx9pWQ,I had a blast.,5,0,1.3,2015-12-31 14:01:23,,
gp:AOqpTOEprmh0BUg7IX36tx8TamRgQ21xsrH17y5AxRqQ5qgc7B4GRYCDYuWeSR1XkgAMUDRrCAYkccw2FNyJ5A,elchy,https://play-lh.googleusercontent.com/a-/AOh14Ggijjqo5fPOaxI6_lbj5wUJmxZaQjT5jzxKIssCHw,game itself is not bad as expected,4,0,1.3,2015-12-27 00:14:18,,
gp:AOqpTOFFRVsQHwvERd8slysHM2WjIicTmrwGvosgLqGlF8ktlt9aJSdPf1gtRzmCFgsCENzeJ_DooPLxBKz8RA,Andy Parker,https://play-lh.googleusercontent.com/a-/AOh14GjQGbIROj-qDX085IodnvgW2rXehj-Q5cbJ8QWJOm0,Can't put this down. Very playable and addictive.,5,0,1.3,2015-12-18 08:51:05,,
gp:AOqpTOF1EXJfvjZwFVUlxLE1DLGgLU38lkuvFzqoQdz5zkIvmJOveoqnDZNk9rlun3KPgrAZBzNUNbOmVJt9vA,Cees Koelewijn,https://play-lh.googleusercontent.com/a-/AOh14Gg8u3n5OuubVY4olWrj6oUQu06wTcpaDDTPgxz3iIo,"This game, although somewhat limited, is awesome. It's like Trial Bike and the original BC had a baby. The driving controls could use some improvements.",4,1,1.3,2015-12-10 12:23:43,,
gp:AOqpTOEN8BbfDrwyxzwfi9g3y3HkpoqWDAFQLuA-E2cRRc3syjBo5IAsz6lbNmptV9yU7WcgqNob_UoyrCtdfg,wolverine,https://play-lh.googleusercontent.com/a-/AOh14GjhjleiNUAZMfUprrpGe7uaXcCmhtGun-Hn0rF2-qQ,Super awesome,5,0,1.3,2015-12-09 07:55:59,,
gp:AOqpTOHTKx8F3msxfMSNLiJ9nE7A687tUpOABzk5ZXwSW4QGrrGym0geiOogrPksW11srxf6peck9P4SXy1Rdw,Alison Phiri,https://play-lh.googleusercontent.com/-HhHb9QePz3c/AAAAAAAAAAI/AAAAAAAAAAA/AMZuuclyjd31EQjM-a9RG70No0E2OuOH_w/photo.jpg,Cool,5,0,,2015-12-09 04:57:41,,
gp:AOqpTOFauJOR0NawoRGYOXiREn_wwvH71XO0qexiwFQMgTlXjV08aWb4JPvByS5C0EaqlezDGWT6YX649S0-2w,Michael McCray,https://play-lh.googleusercontent.com/a-/AOh14Ghl0Qkssg68ElbMAuaK2PLoyHridaM-gqHcsvYB8g,More levels please.,3,0,1.3,2015-12-08 13:05:15,,
gp:AOqpTOF4upqyle_JJzXUJ5N9Y47vbpZZRzCG6scZ02AjqR71xgOMVy8unAAGWIcsJoUalMvcpSKwaAoBvkXDTQ,Will Racerdude,https://play-lh.googleusercontent.com/-ruEu-V67UKI/AAAAAAAAAAI/AAAAAAAAAAA/AMZuuckpl6-uYWyVyV03ds01uDgdnnCQgg/photo.jpg,"Works flawlessly on my Nexus 10. If you enjoyed Bridge Constructor &/or BC Playground, you will almost certainly enjoy this. It is similar to BC Playground, in that you have a lot of freedom to build and experiment with various materials and approaches. However, there are budgetary constraints and objectives for each level; some required and others optional. The game's first levels teach you the characteristics of the vehicles, and how to drive them, and then progress into building the ramps and other structures you'll use to achieve your objectives. The replay value is good, too. It's fun to go back to levels and take a different approach. Great fun!",5,0,1.2,2015-11-25 14:10:20,,
gp:AOqpTOH6YwPR_YCrxm7eBu8JT7ISwZFK5jO7c-XLX86o614QBv30L9pW5heaVFaeBXo8pUu59R-OzEeK0a8PRg,Peter Bailey,https://play-lh.googleusercontent.com/a-/AOh14GhLVyMNpGxofi3s10YjOn6IAeGXzc5em2WHH8Kv,Like it like it love ittttttt,5,0,1.3,2015-11-24 00:06:02,,
gp:AOqpTOHcBtwIjtGXx6WgTjx9pSDELDkXUcTf6fds-e2BOav6Jdga-D7CQ_WLYrPD9y5t_VLOt7FrPaXqi_PU9Q,Gene Campbell,https://play-lh.googleusercontent.com/a-/AOh14GghZ5gEs_7MzlcKZVgVyInXnVIIBw4HyZOMyDXBxw,Great game,5,0,1.3,2015-11-11 14:56:29,,
gp:AOqpTOGiqpyM0advaIjXbSN1zuqKrkGttji1iyJEFzl9YgQSxe3f_d6e2QYgq7wJot10tzOt8dS1PTpBhDot4g,Mick Tindall,https://play-lh.googleusercontent.com/a-/AOh14GgNf2hnJdIwoicxVRKG8ZhShDZauhgiNr8rrT83a1Q,On Nexus 6,1,1,1.3,2015-11-07 16:23:03,"Hey Mick, sorry for the late reply. Does this issue still occur in the latest version? If yes, please drop us a short mail to support@headupgames.com and we'll have a closer look.",2015-12-16 02:48:08
gp:AOqpTOG6DttHYWpVdTnG7sJ2HfzTTvTfk2NyLJU0AK_SLSQQTENZEPXZwZ6h9giXeh5HYDhCSF9iq3FsKfrFDQ,Patrick Hines,https://play-lh.googleusercontent.com/-jIoJ6uu9ntM/AAAAAAAAAAI/AAAAAAAAAAA/AMZuucncFiaQWleBKZOU3SN-7RGhh8WjMA/photo.jpg,Could use a little more freedom on the building of ramps to accomplish each goal,5,0,1.3,2015-11-06 14:05:18,,
gp:AOqpTOF4h-_QX1mgAnFoyyF8DO3ScP9OD3DgIpT8v1922q4YlBM6HEYzwkdU8mkvmBL8L0Nk-8SSzQGVgq_f0A,Deez Nuts,https://play-lh.googleusercontent.com/-xQhdDiNqxpw/AAAAAAAAAAI/AAAAAAAAAAA/AMZuuckLD8SvoS9b09sJ8KsNxzvhSDv4_Q/photo.jpg,I have already bought the game and read the reviews about it and was impressed but when I tried it I couldnt even load the first level. I tried at least five times and every time it froze my phone and I had to restart my phone. Still have yet to play it and I cant get a refund. I do not approve of it,1,6,1.3,2015-11-02 18:44:06,"Can you please contact our support and help us find a solution to your crash problem: support@clockstone.com
Thanks!",2015-11-04 06:14:51
gp:AOqpTOGiJ_qQKFWnqeFW_97TI0fYKMVAQXRXTI3AmHzGD-wLU6ZEJetQP-Suy0fk8CuBoFTyqeohB3bgY7KL4A,Christiaan Davel,https://play-lh.googleusercontent.com/-VUqKT3zk8QE/AAAAAAAAAAI/AAAAAAAAAAA/AMZuuclDKkpN43vh1gg6CC6xvZlzriPbqw/photo.jpg,Can't download,1,0,,2015-11-01 05:48:17,"Hey Christiaan, sorry for the late reply. Does this issue still occur in the latest version? If yes, please drop us a short mail to support@headupgames.com and we'll have a closer look.",2015-12-16 02:49:14
gp:AOqpTOFwAXEvtdZLPvZtJ9L19NWipVfvnYZOIY1k6RHQwCDAdxeUBw0-fI4VCg80MoikOb1eSg9qYXzJ7JvIsw,Andrew Denny,https://play-lh.googleusercontent.com/-jsiR9NgCE4c/AAAAAAAAAAI/AAAAAAAAAAA/AMZuucms63UuIY2qu4w8Lb_8C7wGGQocFA/photo.jpg,Alright. Prefer the other bridge constructors,4,1,1.3,2015-10-30 18:34:49,,
gp:AOqpTOH0QXl5UXk_xL1n0jS0EIlGqBHZqOZCCQKT4UIC-0iCec8OtBN2ITl2PNh39v8WuBYWcChgxlvsqI1gHQ,Craig Pougnet,https://play-lh.googleusercontent.com/a-/AOh14GgWJquqn-LlQzcNYIcHKNHpbGz6aOEVHKjw714w2g,Game is good but not sure why it needs access to my camera and microphone in the recent update..,3,0,1.2,2015-10-27 13:31:37,"The latest update of Everyplay (the tool we use to let you share your replay videos) now supports recording your voice or a video together with your replay. I agree the permission looks suspicious but it's a nice feature. Yet, if more people complain about the permission we will have to disable it.",2015-10-28 04:03:20
gp:AOqpTOHiuZY9yupTAIv_A41tIdUa2cRKnygdyZng9P_naOLdhQsEFyoAT-JFe_tyG6x2IYYUli4Ppd_QQzIJUw,Chris Burke,https://play-lh.googleusercontent.com/-vAQDdvtJyOc/AAAAAAAAAAI/AAAAAAAAAAA/AMZuucmbn97pWYv7B7PBUNZwmTlpUAV4sw/photo.jpg,"Have a Nexus 6 and game crashes after first level. Complete it and hit ""next level"" and game crashes.",1,1,1.3,2015-10-27 06:09:09,"Hey Coach C, sorry for the late reply. Does this issue still occur in the latest version? If yes, please drop us a short mail to support@headupgames.com and we'll have a closer look.",2015-12-16 02:49:45
gp:AOqpTOFqxxWjBEWDqCC1veEpRnak0sdKZ74bu1daZ1sgPNq6oXbjjnu01AOzflbOjCmw4CDnlzQXUFYSsyxcPw,Name,https://play-lh.googleusercontent.com/a-/AOh14GiesDCoHHj5vRm7277o-c2Od7Nm5L6TaI9jrJP4TA8,SO FUN,5,0,1.2,2015-10-25 15:27:37,,
gp:AOqpTOHHR43bzltJVF3UUqaV8yyeEkWQm2D17DJAPMledKD-NeeVehLwVTBccVBFRxqb_1gpTv6RWiQ189Hz4A,Skardious !,https://play-lh.googleusercontent.com/-VBHmgI92KtE/AAAAAAAAAAI/AAAAAAAAAAA/AMZuucmrSPjCGVG8yS2u6C833-HdXAYdAg/photo.jpg,Looking forward to more levels soonish! Please!,5,0,1.2,2015-10-25 04:44:43,,
gp:AOqpTOGiNZs3hTpYndOGGe7HDSBsAv-vCf0qBkVuoE8QY0SmxxO4lFgEA5uPljD6zBml7vKGoqx8-E-HD_vOig,Evan Rosewicz,https://play-lh.googleusercontent.com/-FWepAgp6YLY/AAAAAAAAAAI/AAAAAAAAKps/AMZuucn4DPgmQuVfOEqXHHnAfJtrUuANcw/photo.jpg,"I've played all of the Bridge Constructor games and this newest game is really fun. I wish it were longer though. Also, the game Achievements don't seem to be working at all even though I'm signed in.",4,0,1.2,2015-10-22 11:41:11,,
gp:AOqpTOE1TKgVV8mjeR6LUChIWYDG9lKzeipRZ_OOUMaVTGYMWoHoS78W9pz3zq0dg9fQFnDTihlk_XRCq3ru0A,Joe Saunders,https://play-lh.googleusercontent.com/a-/AOh14GgIFNEuparErvBZFJffe97wnZgV29gHLvdPuxwFJg,Game crashes after the first level,1,1,1.2,2015-10-19 02:33:29,"Hi Joe,
Thanks for your review. Please drop us a short mail to support@headupgames.com and we'll try to figure out why the game is not working on your device. 
Best,
Team Headup",2015-10-19 04:59:51
gp:AOqpTOG-wcicXkKY20vWI0_CLZeq8afJrarHxxltcp4ZuSwdtOjuXNxiq3RSj7faU9GtNYcZpNqUKoEptDXwZA,dairyland matt,https://play-lh.googleusercontent.com/a-/AOh14Gg0gQ1oBVwMXlktWDmSI1BNEejZHqWAjQ69fXsklg,addictve,5,0,1.2,2015-10-18 13:40:14,,
gp:AOqpTOFuudH2ZIm_xXnwFfksjerCQPNjRIsBuVnjLdDTSqD3QCug17bIydRta41Arc3jgXKsONF2RGJgY8OJmg,Chris Williams,https://play-lh.googleusercontent.com/a-/AOh14Gi6vcIWF4imdAa8vHzKFV2OKe4gSNkKY3KhccmSXw,Really good so far,4,0,1.2,2015-10-17 17:40:25,,
gp:AOqpTOGmr_AqYutnbZAEWwCeR-PeffyeeYFEXqYDLa_2lYt1B_VS8-04qQw-KJl_9IcfnxdKpp-rDbxqvqcFrw,Lowell Meyer,https://play-lh.googleusercontent.com/a-/AOh14GhYbSMQdtyZwuSBreqlr0C8KTMtELqlrtntyreD-X0,"I've played all three previous BC games.  This concept seems great, but on the very first level where you can build (not the first tutorial level, the first one where it tells you to actually build) I honestly can't figure out how to move the bridge pieces; I'm doing what the tutorial says and nothing happens.  I'm totally stuck.  Is this a bug?   I'm on a galaxy S6.  UPDATE: after force close and relaunch it's working now.  I'm not sure what was wrong previously.  UPDATE 2: I updated my wording to clarify.",4,3,1.2,2015-10-14 10:54:49,"Hi Lowell! That's a tutorial level, the building and removing functions are locked at first entry to prevent newcomers from doing things they don't know yet. Only when you return to the level, building and removing is possible. To move pieces hold your finger down on a joint for a moment. When the little effect appears you can move it around.",2015-10-14 01:47:23
gp:AOqpTOHJrtgRMdOSHoOfl5g0euhVCet6vAjBZGmtDt0cVnKSy8oMs1gLmZbS9PMFN_firmZ_7rRk0A3_sMq7cw,Jim Birmingham,https://play-lh.googleusercontent.com/a-/AOh14GilS3ACead2gA5-GReaWOBmL6aaOe67dJxwLO0D,Crashes at the end of the first level .EVERY TIME! Can't go any further. Needs updated. I'm running a Nexus 6. Not rooted or modded. Completely stock.,1,4,1.2,2015-10-14 10:45:30,"Hi Jim,
Thanks for your review, please drop us a short e-mail to support@headupgames.com and we can investigate further.
Best,
Team Headup",2015-10-19 05:02:51
gp:AOqpTOG_aTEKe5GqhG9nNtXyLp3eSlFzI3CACWlWjcaQrN7rPxeGG-8-mtjgpZG-Kf6MRvNK1tsqs7xB7UkKaw,C - Dubbz,https://play-lh.googleusercontent.com/a-/AOh14GhfzfUA10gFMZZmyYcZH8IhZa7MWgCM0r_TLYspu2I,Crashes whenever you try and move on to the next level after completing a level,1,1,,2015-10-13 19:05:29,"Hi Connor,
Thanks for your review, please drop us a short e-mail to support@headupgames.com and we can investigate further.
Best,
Team Headup",2015-10-19 05:03:11
gp:AOqpTOEric5rSSQDNro5uRd_4e2d-uQPTSv88kYTfk8m5O9npy9qRfdoUmBRwlOMyNVDYpdbtgFznrPoF0Wcfg,Bart Krause,https://play-lh.googleusercontent.com/a-/AOh14Ghmwi4sz8JyYgm8xh9Zn0s_GW1W2UazAg2W5rdHuA,Crashes repeatedly.,2,1,,2015-10-13 17:55:59,"Hi Bart,
Thanks for your review, please drop us a short e-mail to support@headupgames.com and we can investigate further.
Best,
Team Headup",2015-10-19 05:03:18
gp:AOqpTOF_risrD9UJRFHgh2g9GYwSn8UipSsAiwgeWoGMwVRXDPAtrMgMuFs3_4vCCEDZmOVzrRVp16G07BofZg,Craig Miller,https://play-lh.googleusercontent.com/a-/AOh14Gi8Al2ul8BKbQmemTPcu0jfFCAEeUwEQmoZ5yd1h2U,Having it not force stop after every level is pretty key for a successful game.,2,1,,2015-10-13 08:56:58,,
gp:AOqpTOGgpXYn_WCmCdxJohjp2DtSMnlhuRX-EtJULXGY_gLl7fPMbOuX9g4yXazQa4k3t597j2sDZwy_fqWY2w,Nathaniel Bain,https://play-lh.googleusercontent.com/-rURhJwUx944/AAAAAAAAAAI/AAAAAAAAAAA/AMZuuckpZepVTmHsniqEG1AEMIZq2dQLtA/photo.jpg,Awesome! It's what I wanted to be able to do in the last game.,5,0,1.2,2015-10-13 05:04:22,,
gp:AOqpTOH2jqENXLoFVUZmCKVc1LwFEjZq52nE8WnGQrYbD9WlnpRyroAkdJY55un0VXlIA0QYKaNsqPp-5fie6Q,Adam Mcguinness,https://play-lh.googleusercontent.com/a-/AOh14GiWPbtCdc0Lzz27g0m_GQ4AV1ob9AX0fkAY-PLrLg,Seems to be a decent game so far. It would be nice to have the option to switch the way the car controls in the air. Rotating backwards under acceleration would make more sense and feel more intuitive.,3,1,1.2,2015-10-13 03:24:54,,
gp:AOqpTOFjBC0Wz48YCYGLJK_xwCoApaAd-4C1NBIB20gZcMsidWbmJVTVY89NegyISN13RGJ6j8D4VU42T8UJ0w,Gregory Peterson,https://play-lh.googleusercontent.com/a-/AOh14Gi-9g_6AKB2FWWEvdnhbBMYJc1_-pSOfg7q_lKadQ,Game is well worth it.,5,0,1.2,2015-10-12 13:26:23,,
gp:AOqpTOFlm0qbjApGYaEQIc8tRwmzSw33ZkOdorUqTE3cdf9sojZEo-sMzeZhDwuJWT9SJqy0QzCq17c33MiE0A,Hein Van Tonder,https://play-lh.googleusercontent.com/-0W9vCpZwvV0/AAAAAAAAAAI/AAAAAAAAAAA/AMZuuckJhZSVPFyoveRkwKHCGtERwHU4OQ/photo.jpg,Cant refund it,1,0,1.2,2015-10-12 11:17:08,"Hi Hein,
Thanks for your review, please drop us a short e-mail to support@headupgames.com and we can refund your purchase.
Best,
Team Headup",2015-10-19 05:05:11
gp:AOqpTOH3Srr5wLkYEkQWVJ-XHbGYD8BaDfAgdtRmCMHj2rJ_Uqn7okBQcmxE32NmKjpNsK_Vc3dWwpepKsqEeA,Josh Sammons,https://play-lh.googleusercontent.com/a-/AOh14GhkUhw0jp7WxkMCljEgHK4HCt6fKgWdEi51NChaZQ,Driving could be better but the building is on point.,4,0,1.2,2015-10-10 13:12:30,,
gp:AOqpTOHaYrgMbdC-VhTWaMWcRF1pCeZRIsv4yms3UjI75eOI6F1YBxoL9KNd8KSM7dlAGrbSeahs3QLeKhDHSA,Wendelin Reich,https://play-lh.googleusercontent.com/a-/AOh14GipeYZe4zzGJE-GLfrtjTLTW7G1OiJLvu-3hdCTrYs,Trials meets Amazing Alex,5,1,1.2,2015-10-09 12:03:15,,
gp:AOqpTOEEH8ELxxZrmLHDUwE2mVBFcwXldLtGxOXRY1jfF1UEJ2poPfKmQK40hQpFxe5qq6RGh2UdrbgxPOl0_A,Mark's Beautiful Landscapes,https://play-lh.googleusercontent.com/a-/AOh14Gj4MeXH-9zS5qi5cCLJVY_AZFND6C0LGyYSsBvSfA,"Driving portion is rubish just throttle and brake trying control angle with throttle in air which doesn't work very well, very disapoiting",3,1,1.2,2015-10-09 09:05:43,,
gp:AOqpTOHnFblFFkiMfENz8RuyUYhF9ewZjAkIYrl8Smy_blEmxub4dyPdnUDUEGaAXkqrXpsPNsg7fT0jYCw7kw,Cow Town,https://play-lh.googleusercontent.com/a-/AOh14GiqJHvlPUYjQ3s5y7zZ0Ylmum8bedPmOQOUjJ2VHXU,"Out of all of the Bridge Constructors, stunts tops them all! It's an absolute  blast :)",5,0,1.2,2015-10-09 01:30:50,,
