reviewId,userName,userImage,content,score,thumbsUpCount,reviewCreatedVersion,at,replyContent,repliedAt
gp:AOqpTOE8K001PVAbjxxcpTzHsVWM6aZoIkmcpko8vhLjnspuoGvw82BTK5ZtB_uzo4h5JdzfirREMwnMdkqhdVk,Monika Marguerite Lux,https://play-lh.googleusercontent.com/a-/AOh14Gh7ISFqTY-pjfyJ62MLdILWwYRHa0oMKWAgHPtQSA,Does not open neither foreground nor background photo and doesn't have a refund option!!!,1,5,1.3,2020-11-29 20:37:38,,
gp:AOqpTOG1_OYT_kGXhEQTWdhUNYTjRpwjvTGSGbIRmXL6F9vTMyOSEERzGzXHgIL2utkC03uk-_bOOfdEXQmllGA,Felix J,https://play-lh.googleusercontent.com/a-/AOh14Gj7bnzwMirJMR_J4az_gDjJigAhEJOqH6cx5GDBLw,"On my first day with the App I took 12 pics of HS graduates, they all were great but on Fathers day I did a few but even that it said was saved , they were not, WHY?????",3,1,1.3,2020-06-21 18:52:17,,
gp:AOqpTOEvXADsav_N1yTrWVqBzUJMb3qBR_S4jywePiyOY697bGHi_JQ-aJU451zucM-dI9gwGx3CGvfzbTohGoI,Aes D,https://play-lh.googleusercontent.com/a-/AOh14Gj2pFpPNCaNHxXFTPwwOpSuozJxqoOkKUjzbw2l7Q,"This is the best green screen app I've used. Very user friendly. So far, no glitches and the ads aren't intrusive. Please don't change a thing! ;) 5 stars!",5,6,2.0,2020-04-01 07:52:51,,
gp:AOqpTOGCF83m-OPbfJZJiJGWUJbW1CT5x5xwMqwFFHv_Is9RuxmW3xbngTyQ7UMovFWI2lRLa_uo-uBKoTuyimA,Heidi Pedersen,https://play-lh.googleusercontent.com/-uBfQEgUot14/AAAAAAAAAAI/AAAAAAAAAAA/AMZuuck6berNjBxegFxX5LS4wVQXcS_i_g/photo.jpg,Used it for a year but suddenly it stopped uploading photos.,4,5,2.0,2020-02-24 21:58:38,,
gp:AOqpTOFS7aW6SWYMH4-kpy9wL8M3Tb0cZF-aZGTUzBzLiWyI5aRcUrUfX2PVRhM_0Fy07heHmnW6Y1Fh1otDbVE,Jordan Singh,https://play-lh.googleusercontent.com/a-/AOh14GjBEmSSidcXRIbXSiIRP8WlBmfqP-Jw-fTSqKOReg,"Every thing is perfect, but only one thing is missing can't resize image size it's stuck with Resolution 1400X1000 not good! For example if you have High definition pictures after edit automatically Change to 1400X1000 it's low resolution image which makes not clear. Please update this app and fix this problem.",4,8,2.0,2019-11-02 10:55:06,,
