reviewId,userName,userImage,content,score,thumbsUpCount,reviewCreatedVersion,at,replyContent,repliedAt
gp:AOqpTOHszIRLytDPB3KXhwd5CF3NgcC6pFVVr46gQGdwSIMlyvBJrt9SKfdhETLx8DVYRQbaoiNF0Q4hOlHbfFs,Gary Horton,https://play-lh.googleusercontent.com/a-/AOh14GiO3ecP193AUpMiXAbMMAhPvZWItl9xiCXEFg9HAEo,D;,1,0,1.3,2021-02-03 23:45:34,,
gp:AOqpTOGSvl7m-nKQUEk31-U4mHk0uDzyfb0gBv1nOJkgDurNVmBFQVPVIidpOytfTYnw_E8rzUN0pUzFqRlFVjY,Kennedy Gekonge,https://play-lh.googleusercontent.com/-pgp2UKDpqjc/AAAAAAAAAAI/AAAAAAAAAAA/AMZuucn6q8lVAuR-FaTzcW-G2qNwePbhfA/photo.jpg,Move it awesome the best games ever💖💖💖,5,0,,2021-01-17 07:41:40,,
gp:AOqpTOHpGU4vbiEvGzhRB6e_EN-hjBbXuvoFOO5-kFzohtpjew5q2zvcDe2IVtrhwY-NRjWQAUoKNnd6zN6yhYY,Teggy Maris,https://play-lh.googleusercontent.com/-MUjUcqIEKXY/AAAAAAAAAAI/AAAAAAAAAAA/AMZuuckgZJxEcfMgKl3hXSkhe-OORELTmw/photo.jpg,"It's a good game but when I get to water it won't show the water icon so I can't drink, please fix it",2,7,1.3,2020-12-28 18:23:51,,
gp:AOqpTOEAohqhVIMm0WUyawHX_n9mgtN-t-JTzKu68X_EsiBI1rVVfa16kkvk5jxdU058BRt5yB3SYpEl3ftnGuI,fazzie moosh,https://play-lh.googleusercontent.com/-UYeofwWJcwI/AAAAAAAAAAI/AAAAAAAAAAA/AMZuucmx-GkuHug5AyAtMs2tJ7xXMwi-8g/photo.jpg,"I love this game but when I get a mate it will make a copy of the animal and it wont move, so please fix this",3,6,1.3,2020-12-21 04:53:10,,
gp:AOqpTOE7-bOaYkVJUm0IsfNOSUP2D5BImXlV-E_bwDAFux8nb3GaBl_6IDhoybjcByZCERjpCMMVB-I0ajhNEWU,Malia Kachelhoffer,https://play-lh.googleusercontent.com/-T3x8J3b_iSA/AAAAAAAAAAI/AAAAAAAAAAA/AMZuucltePM97JfBjd3eZjLkeeK1SKBkIA/photo.jpg,So fun game love it!,5,1,1.3,2020-12-11 22:45:58,,
gp:AOqpTOFprjVp-qUgQg2a_PTFcTp6kfQhmwmaeRSV8HJaPJrQNwsNvniGCB6l_kHfK-gcrx5fJEv-8vrLjwhX0mY,Jasmine Goode,https://play-lh.googleusercontent.com/-KEBCRpTZGCk/AAAAAAAAAAI/AAAAAAAAAAA/AMZuucn_mPp9DvyJfQZqTOJ9bjUTlCL4Cw/photo.jpg,I do not think you should download I can not eat my prey I do not see any more animals that I should see this game is not like the others I like the wolf one but this one is not very fun I think you should not download this game,1,0,1.3,2020-12-01 14:49:57,,
gp:AOqpTOHlchQQnef7jyHeYBkPDnfroWVXEmsevdNhms9e2pSxapTQMVSuD_rWIT809wgvt9h988rxSJpGIL1FQTM,shana gordon,https://play-lh.googleusercontent.com/-h1aAvusrvIo/AAAAAAAAAAI/AAAAAAAAAAA/AMZuucmuSti0cbQXVZzCMzMF-N36u0hitA/photo.jpg,Good game but the river is to far. And bulls don't have udders,3,0,1.3,2020-11-30 10:34:50,,
gp:AOqpTOHlka6i8DAkYykczr41ceTtpfVYEfJPR1AFTc5xIqp6OcyjV6CvqowlqF_28KZLmYQn_OHanGFkIDgM_x8,Wanda Stuntz,https://play-lh.googleusercontent.com/-HEq2szk63_I/AAAAAAAAAAI/AAAAAAAAAAA/AMZuucm_FlNYSwudrdyx93lfd-0U4clA5A/photo.jpg,Fights the camera spins around and I can't get a mate,1,0,,2020-11-27 12:50:20,,
gp:AOqpTOHtt_pywWTHlEXxMf1GhldUKDmD5wwMHr-bO9W_RHLARpe6V7uureMnXr0T71WOk8MT7afNpjrsV8yTxXs,will gil,https://play-lh.googleusercontent.com/-Wtg1GA6fDog/AAAAAAAAAAI/AAAAAAAAAAA/AMZuuclaZaL9rrLCpYLQXGjVHKXoe9pBfg/photo.jpg,Love it can you make a new game called ultimate cat simulator 2 .,5,1,,2020-11-17 13:43:55,,
gp:AOqpTOF1VbbPCIAbpyD3qKhHf-dchWxx10TfeTP-NGjqsfPalGDv6pgK5ivRNhoNU6WObTBE4KaYt1HAGHMwtBU,Apple ʕ •ᴥ•ʔ,https://play-lh.googleusercontent.com/a-/AOh14Gj_ayFyJMa7CTC9KZcrvQJSOWy9XhZDkmviekZIWQ,"Glitch, by updating it they made it worse",1,0,1.3,2020-10-31 17:17:37,,
gp:AOqpTOGI0KiM-p2MIoWoaB4q2f3Pqm5DOTThmW-q1jwt0_dalR20KGOrqNbVQPoklYUyiVKL_KFtjcPqK-U2KzU,Tanja Sahli,https://play-lh.googleusercontent.com/-PA17UMHXkgk/AAAAAAAAAAI/AAAAAAAAAAA/AMZuucl2QHJmswNuf8mokKA9k6_rCmuo6w/photo.jpg,I love this game but I have a problem when I mate I don't get that animal it makes a copy and can't move it does not do anything so please fix this soon ps I love your games and create a game called ultimate unicorn simulotor,5,9,1.3,2020-10-25 19:26:32,,
gp:AOqpTOEoZTLMwm4qg1DFid5vy6tIOqGAXscLxhn2pYbD_d2hYxunzhcquk9WI7K9He2kSyomL0qoQfe76S7Ld4w,Michelle Benitez,https://play-lh.googleusercontent.com/a-/AOh14GhgbzVt7IyewBh1fGM3CR-wu_NIm-GTmZ5A3mCj,👍 GREAT,5,0,,2020-10-23 15:50:55,,
gp:AOqpTOEEDnrzCt92stjKcSn09JBGf2KvUVEFvx_88Qvk7SGjfWg2i_cAJ69Zmq4s8S5-y0zL60eQnsS5JxefErg,Vincent Ochieng,https://play-lh.googleusercontent.com/a-/AOh14GhRiwPxQlZazOWyhCYaJnaVliF382RUaYQH6EewQw,LOVE,5,0,,2020-10-23 13:56:57,,
gp:AOqpTOHEc0AmH20h_RfaFh6igKeMy0yvxW711Uwy693t84CbjTRi5W3zXv2SZc-Q6haqhLQKC-AyjuFwdWmO3DA,s k,https://play-lh.googleusercontent.com/a-/AOh14GhpBSIObE7kxdrPj_W62rySJC9cb8BYm2t2R5akUQ,So boring and I'm trying 2 get a refund becasue I never play it and I bought it by mistake,1,0,1.3,2020-10-18 14:09:12,,
gp:AOqpTOHkqLkiuavVO-xYfVZRTgt0OFuOF0vDDXAYbRPqidD9itGsyZGfKgR8ib5VLkZouKoq-3QZJTPUQUtmq3E,CrazyCat Pepper,https://play-lh.googleusercontent.com/a-/AOh14Gi5U5myrWQjXADhY3JZU1oOWbSY6dUAnKVJnF1o,When I try to get a mate when I was a pig the pig I wanted to mate with like pooped out another pig and I could interact with it as if it was in my family but when I went out of the game and went back into it later my mate was gone and when I switched to the cow I couldn't gain any exp,1,0,1.3,2020-10-10 05:15:19,,
gp:AOqpTOH_dxlyH9fQSumdb2K4bQYx2SriGIbJ0nje9GuTVUhrw449baEfQokqliTcmzt8D4nMhiCo4T_ZVNHBQCE,Gallybear1 Gaming,https://play-lh.googleusercontent.com/a-/AOh14GiQHNhMBONiuzOw_trblAOHAtpDcLSa4p6e2B5c0Q,I can't drink water pls fix ;),4,1,,2020-09-27 14:14:21,,
gp:AOqpTOFs0xEUGg-zhW193CbQZPI_3olS05qrSOEziE_knJHmzygP5kX3ZMspfkPjG0YMEjM-3KfWSXK0t4cmeRw,MAD MAD,https://play-lh.googleusercontent.com/a-/AOh14GgVkemVAgMIXlxRAcT91flmqiXC5QQpdWUcOpN2hg,I like the game but when i ram into a animals the animal freezes and i cant move jump or make sounds,5,1,1.3,2020-09-22 14:52:49,,
gp:AOqpTOG_txfVQnYp8SGayfMlWxP31Fbi8Lp8MzUj7NOwGbPR2946ABKNhQp-j2gWsKaUTrGXbIpwY7pMDwt8LHE,Treedom Witlove,https://play-lh.googleusercontent.com/a-/AOh14GiIu9RefeCBhmE-1fDKQBMF0GiFrwVA-JVHqz2sd64,I'll give it four stars but like it's glitchy but I like it a lot,4,1,1.3,2020-09-21 08:39:46,,
gp:AOqpTOFvWN2wuBt2kDu7az-J7fWDgDwiHcqDqIl0zPyQKlYqHJvYTjtw1QrumrT7cZN6UcFqf43san-5RjRR5lU,nancy Nebelski,https://play-lh.googleusercontent.com/-LCRFbs53OjI/AAAAAAAAAAI/AAAAAAAAAAA/AMZuucn3YGMNs9BujHuxClA--ZFXBzrTEg/photo.jpg,This sucks I bought this thinking it was as good as the other games you have. But it is not. You can't get a mate game needs fixing. Please fix it so I can be proud to own it.,1,3,1.3,2020-09-19 22:50:33,,
gp:AOqpTOFzSnkkTBVahHdxLv_732MNdFLoOOLxENBVv7BBGtnvvab8yimDXlwy8qCvIo6R9EI4uG6PKmw9pVNBmPE,Anna Gaming,https://play-lh.googleusercontent.com/a-/AOh14GhToeqtq2bFe_Dq4PHrxfOZg7lW9565CAdmIiXQ,This game is the worst game ever I'm crying because I can't get a mate so sad please fix that and if I can I'll make it a 5 star so yeah bye I hope you fix that,1,1,,2020-08-24 08:30:47,,
gp:AOqpTOHlr2oxc0LnUQ6jF8HNRwDU0Y0pnPLw0UOEyPIy98FiMsKDSIKVLncC1iBiMFanCP8uubSPvaOLvqUnAAM,Nat Lat,https://play-lh.googleusercontent.com/a-/AOh14Ghl13_aWlAe44HZ6YdCDcXQYYPhuq6_6QXdl82l,Bad,1,0,,2020-08-18 10:17:55,,
gp:AOqpTOFQn9CSlm1I8LZq45duG29YLCyCjEOJqrRMQdUjbZESAQnmC34hx9ZeCUS3UVpP7HCHO2N23EJjZKH8TLk,Mangle fazbear,https://play-lh.googleusercontent.com/a-/AOh14GiV9FO3yrCOglKLVDxCY7X1Q2Pz9s98x5v6y4tH,I love this game but I can't get a mate,4,0,1.3,2020-08-15 07:49:39,,
gp:AOqpTOEpI3WK3LNIuS4COb0slWIRzgNyOIPb2jrtnvgqiMt8lZrHrE6OrAAOzHavBqGblAV3mG0cKYKQbHsBfXA,sdsdftreiopq frost,https://play-lh.googleusercontent.com/a-/AOh14GgPNbTZmyUbDBodDWY1pa-LHQyktVvqY3KpL7lK,It's ok,1,0,,2020-07-14 14:36:03,,
gp:AOqpTOHqsfjkMZNY-hM_dTaWKxEj8RA8zfMbwfT7tcxVMWeWBjam8AO12r3YebMPi-yGE_Ngdz9D06QDUBQnbws,iiGothic Pinkii,https://play-lh.googleusercontent.com/a-/AOh14GhC6SfQtjuImWxPV40UYVaw4zMXiAH0VcZrn0i4Vw,"Should maybe add some more stuff. Also, you can't add anyone to your pack, even after you got them at half their life. Good animal graphics, but please fix this.",3,5,1.3,2020-06-23 15:22:38,,
gp:AOqpTOFeSqk45irbg6vnQiqNQsuPvDmgk-qJL7GUSm4B5WCt4_6WQME2Sd3OXWp5lMMksZm1GlBecvDC-iMuj2g,Alexis Warren,https://play-lh.googleusercontent.com/-P0ve253BRDU/AAAAAAAAAAI/AAAAAAAAAAA/AMZuuckY5Pof9MNChf_5PWreJDXqduM1ug/photo.jpg,Hmmmm A,3,0,1.3,2020-06-17 05:55:05,,
gp:AOqpTOFyWdMVsEx9jjF8Aweex5JvjKy-yDV5GV4xWdqlQizOTvUL8GnnIXHgZ7vbv6UVxFHlu4uGM7JRd6YydbY,SG,https://play-lh.googleusercontent.com/a-/AOh14GjVWDCzEPqOAJf-D2EvXsGnK6HEfxLhmwmio1Vt,"Had potential, but bugs made it unplayable. Gluten's other games are usually extremely high quality, and this one just falls short.",2,5,,2020-06-16 21:41:56,,
gp:AOqpTOHwPpmtv5l_YArfkGGRqHv0KMmXkiWSqcOSNKHjsR5wAxtMbXq6NOfj95wcTj82TYWaeOnK5zVaV8XtSCI,Alicia Iraheta,https://play-lh.googleusercontent.com/a-/AOh14GjqpW2b4AME86hmLSLFUlO2lzXOqX_rHKGszKCY8w,"It's ok, but I can't find a mate at level 5. When I follow the instructions, it glitches and makes me kill my mate.",3,1,1.3,2020-06-10 06:37:48,,
gp:AOqpTOFKuYdjlFPbMeUInnJmNTu6U54DteUKL39tyKtKJMuLLXprKa3s-FpJYBhD5WAlTXtMMzORrLobxrHJ8CM,star jones,https://play-lh.googleusercontent.com/a-/AOh14Gg1sFq5gf2QUTO2p7AsVx7eGyDZOhEuguulqkFc2w,i love the game but put some people in it you know for the animals if i choose to be a farm animal. Also maybe make some quest and a guardian. Also added a water trough as well and a house make look like a real animal farm,4,9,1.3,2020-05-24 14:54:58,,
gp:AOqpTOHCBb7fyMXGV98EoShJPW0v-uKaLAtI5MvlGDPH9uKtwR4wsDirV4oc6nJPt2niWAZuX6JwdlXDTQs6WxE,yaboi kee,https://play-lh.googleusercontent.com/-L0Ey2sbwsBc/AAAAAAAAAAI/AAAAAAAAAAA/AMZuucmEbASXzE-aoo1HTYZ2e4fqi5pl6Q/photo.jpg,Every time I kill something it stops me from moving,1,0,1.3,2020-05-23 14:16:51,,
gp:AOqpTOFpDII8ymyRoEc-7SFtR8NFfABsqRuUMs_r6YHO0UEVSEX29FCbLO6BmV3W5VSI7XVt17NOH9l_v3S9afI,starry night,https://play-lh.googleusercontent.com/a-/AOh14GhLbq3485Z5UeE2tkXamVhsq02EfE7B35scy7Ds,This game is amazing but when I bought it it took FOREVER to install and instead of taking my google play credit balance it took my money from my account! I do not recommend buying this game with google play balance it took about an hour to install I dont recommend buying this game if you are impatient or very serious about your money but besides all the bad things about it it is a wonderful game and I recomend it if you have always wanted to know what it is like to be born as an animal. 3/10,3,20,1.3,2020-05-03 12:50:42,,
gp:AOqpTOHXJFRr5WvsIk4nUNdiEvFafI5cNrYuMWIjSi7CRW-SPxliFmsmf0haO5sRcviWQEdi6qWeXoNuUOaOSoE,Harien Gradford,https://play-lh.googleusercontent.com/-jJIttV77X4E/AAAAAAAAAAI/AAAAAAAAAAA/AMZuucl90CWI-AS0BHoZl5XIyXzhxlD_ZA/photo.jpg,Great but male cows don't have udders,5,1,1.3,2020-04-11 16:47:01,,
gp:AOqpTOHe4npplbyGeyZ_ldzuUQouKbOF5MADx_Kc46pQv4NdIJI6mdjGraZM9Y6pNE2IOD3kDS9_WNFECw9NcYs,Kalea And Sunny,https://play-lh.googleusercontent.com/a-/AOh14GhaG1VrcMniJeHsEBRQclrSllMD3-SXilea-RewlA,"I really hope that you come back to this game to fix the camera getting stuck on pouncing, the not being able to get a mate, and all the other many bugs in this game. I'd prefer having this fixed before getting a new ultimate simulator 2.",3,15,,2020-04-08 17:49:30,,
gp:AOqpTOHI36v_-tRf8R_J-r4DdSc_vSpeF6UMDbijXzCew0b2P6-wlD9mYrJJmINbJIi8A6rUuhKFUM94CkGf6gw,Alandra Sochia,https://play-lh.googleusercontent.com/-6IpqiqlduKY/AAAAAAAAAAI/AAAAAAAAAAA/AMZuucnfKqD6zHX-AIcj-GjJ4BT-liNN7w/photo.jpg,I hate the game I can't eat in the game I can't get a mate I tried many times I can't fight enemies every time I do it spins I want my money back I hate thisit would be a good game if it would work and stop these glitches also I hate it that I can't drink water everytime I try drinking water I go through the water and just go underneath the and I don't even die it's a glitched and if I get killed by one of the animals I'm not dead at all and just sitting there with my life still the,1,5,1.3,2020-04-01 13:55:11,,
gp:AOqpTOF9JUSrqVExjuoULqAe8A3YwA7MLUljalgKxU_gxAWHJhx8pjEkEOUYKWllQsv8IE-iPQ_BAhIQ9rDwDV4,Brian Hanlon,https://play-lh.googleusercontent.com/-7iadsK75dcw/AAAAAAAAAAI/AAAAAAAAAAA/AMZuuck6IZBHa0365hMygks5OUPKVgAjlA/photo.jpg,I Normalg like your games but I have two issues 1 when I do a perfect pounce the animal takes no damage and when I attack it normally it still won't take any damage 2 when I'm at water the animal won't drink it and I will not be downloading this game until these problems are fixed,1,0,1.3,2020-02-21 02:02:23,,
gp:AOqpTOFmurF2ngMP73KRhB5KTroW1h-UrTmcxIjLun7NE2_9rF6x-OgqetrEWGaAuGk7djqr3cF80OUHKTJrc1I,Lizuma,https://play-lh.googleusercontent.com/a-/AOh14GjvCCRhWLtOqmx3uYVEPlNQaqWQjvVLukgJVHkH5qs,"A WEIRD error in this game: you can play as a cow but for some reason you can make it male, which is impossible in real life. Cows are the females of a species known as cattle, while bulls are the males. And it's...um...really weird finding a mate that's a cow when I'm a cow and not a bull, which seem to not exist in this game. Would be great if you renamed cow to cattle and made the male a bull and female a cow. AND WHAT'S UP WITH THE CAMERA AFTER A POUNCE? Please fix, for now 2 stars... sorry",2,6,1.3,2020-02-20 14:41:11,,
gp:AOqpTOEtykB1yVH700OEXCY9_0B-zZ3c3qkm03ll5Ud3R9XMXFoyE7_imGEXyvts-T-5QDtSLYIjzldrDrrtGw4,Static Rainbow123,https://play-lh.googleusercontent.com/a-/AOh14GiY_fsp45eqWG7AaA9QeTRJEgG75PbGYqPB0YBW,"I really like the idea of the game itself, and the graphics are very nice, but since your most recent (and first in a looong time) update, I can't see my other family members. I'm on the right levels and everything, but they're just not there. It's very irritating because I really want to play as my other characters. Hills are also difficult to climb, and fighting is impossible. Needs some serious work.",1,1,1.3,2020-02-16 09:14:19,,
gp:AOqpTOFUVZj3T-60srqkV_mvLfsAH28Zo0_rgCfHfY3nHtEipyRqjlY6Pf6wYVy_hWXLvEpNce-shCuaTt4cK0o,Princess Johnson,https://play-lh.googleusercontent.com/a-/AOh14GjOv3d1LgJlrecvSAkBmR3aY-nCwSiYQbXfdZ7gcQ,Sooooooo good I sireis Richmond,5,1,,2020-02-11 23:04:20,,
gp:AOqpTOEozL23T2GH8lalGPXzoR8JzKCegk-MjDVTZ9vj3oypWLgbVpWjYUBU498rxZdKJB-tvC5l6FWCYtONE5A,Rachel Hudson,https://play-lh.googleusercontent.com/a-/AOh14GjMvAHOf6VE7Ze8B5CdiyjxrV3ogkQumssEFXq0pQ,"I love this game but there are a couple bugs that completely ruin it for me. One being when an enemy is pounced, the camera gets stuck on that enemy and I'd have to change camera view to fix it. The other being the only way I'm able to get exp to level up is by eating. Killing things gives me no exp at all which makes leveling up and unlocking new animals long, boring and almost impossible. As a suggestion for a game, an ultimate desert sim would be cool. Love your games but fixes are needed",3,10,,2020-01-27 14:31:13,,
gp:AOqpTOENopBgdo6Bazs2i_-W-Ms8SB_n-UHbj1DLqheA52HBrVzE4vOE59LMYHi5XiIyu84CNOGnQEpsaj_O71o,brenda campbell,https://play-lh.googleusercontent.com/a-/AOh14GgUYfl_dOwnNs2NAE7y4vWsRFRagHKvYqh4FUpYOg,Cool kid,5,1,1.3,2020-01-23 22:22:10,,
gp:AOqpTOHuGH6B3liajQtnWB2mgsAeQOqTXJgZaU0l_xnN-XQ5EJUPFg2Rouxy1_PqeUzIZ2Jxc3tkYE33NxjCino,Emma Diedrich,https://play-lh.googleusercontent.com/a-/AOh14GiBY4FFshcAuzEnDPWxfvdM-aRz9Dvalxq4oPpo9dU,"It's a fun game. I really enjoy your games, I hope you make an Ultimate Mythical Creature simulator, like griffins, and flying dogs and flying cats",5,14,,2020-01-04 21:10:59,,
gp:AOqpTOFvkkKoRa-f-l0X9UpOQNOnUfgfePgtsBBpytIWvGVFK0G8Ma94c00e1pqRYorLG1bNDVLBvMZS49WLcmI,jayme and Lulu,https://play-lh.googleusercontent.com/a-/AOh14GiAtUX8Yguj-OScBog47Je2KkMy29Ekr8ifEaYHXA,I like this game alot but there is one BIG problem for me as a cow..... I can't DRINK anything :( pls fix I went to pond trying to drink and couldn't pls fix ty! -jayme and lulu,4,1,,2019-12-31 08:06:21,,
gp:AOqpTOGv4eF88okAePnjW36eyQS_ivamP4tGSIwSKXTf1SrXkmFxcQSSxaJcb6fJiXDW_TYh_xeuAMT-pjS2aTk,VixenBeast,https://play-lh.googleusercontent.com/a-/AOh14Gj_hBjLqeYBz2ZNOxlAu4gStZuAe3-oagI-TnM3,"It's pretty fun, but my one problem is WERE IS THE WATER in the farm!! I always have to travel far to get to water, how do I get eater in the farms?",4,8,1.3,2019-12-24 03:37:22,,
gp:AOqpTOFIAR6GKEOhAbKluTPUdCkVVz6DbofER-vD1dAweH_yXaCiqMTJGxq5ggW_UJdNWiGGOP2ZL-yhKUawjsM,LEOPARD CAFE,https://play-lh.googleusercontent.com/a-/AOh14Gi2pqpVIpoxsxe_3i90KYXSf-d-JYKGT3HxGzGZTQ,Great!! Love your work big fan but can you make a mystic animal one for unicorns pegasus and griffin and many more!,5,2,1.3,2019-12-14 09:21:07,,
gp:AOqpTOGDDh9QWrLI9ULKpA4bX5lmxzbqoZwSAaoyyYhV1JdXpo6VzbYvMl6xgUXp5brs3FPvK5JR2s43hZW4c7Y,Shonta Black,https://play-lh.googleusercontent.com/a-/AOh14GjGnCChQ0yOSi7cSRkP2qLSQI_EVmrQ-3PexzJO4Q,Do you think you can fix the bug were if you kill a animal it gives you no exp and if you attack a animal it runs away but when you go close it attacks and please fix where if you targeted a animal your suck and cant move. It is a good game.,3,2,1.3,2019-11-30 12:13:17,,
gp:AOqpTOHzWJsbHpR316tABeT2q9J63xIfdqqU5moTquCsx2Q1BlKgKzGODvSXUKfrxq5C_1NsJMSqjvMB1kq5ub8,Bunni,https://play-lh.googleusercontent.com/a-/AOh14GjFkNv8f9919uQ9JAWl0cTK3hRoEmhq59LP-CSaKw,"First I'd like to say sorry. I normally like my experiences with you gluten free games, but this game has a MAJOR bug. Until it is fixed dont expect me to download this game again. The bug makes you do a pounce, you do it and after you are stuck on the camera it has for it. I have tried killing the thing I have been going after, and toggling my settings. All you can do it reset saves. I am very disappointed, I hoped this game would be a great experience. Thank you, and please fix this issue.",1,6,,2019-11-29 09:47:45,,
gp:AOqpTOEZpOV0mQb_j-ddvQc1AfDVWcXckY_zLeX6yoTBX-V9umxY9rXAJQJGR4XZXjHDJ-39LPuyfNemV6HK27c,Mysterious Beauty,https://play-lh.googleusercontent.com/a-/AOh14Gh-wRDHBirWIB22j8tPFiMzoFr2fG0KrSTLbd86,"The graphics are good, but the pounce feature ruined the experience for me. You can use it, but even if you get a perfect pounce, your target doesn't take any damage and you then have to fight them, sometimes after attempting to pounce on a target my animal won't walk when I move the joy stick and I have to restart the game, and when I get to a body of water, the animal doesn't recognize it as water, so i can't drink it, and can even walk on the bottom of the lake or pond.",3,12,,2019-11-27 07:05:57,,
gp:AOqpTOHFZTxW1c5HDVJ77-IzKQh0_8miBFYHZIfNgWOAATQGhXPQunaGk_qzuL1y9ksb-tfORp_OnMs45Y2eFys,Iris Alexandria,https://play-lh.googleusercontent.com/-1hPUWa_8bTA/AAAAAAAAAAI/AAAAAAAAAAA/AMZuuckYh_nsIlRHXGCyD1hIAy5CmVCb3Q/photo.jpg,Love the game get it if you like baby pigs i only have one problem is i cant get a mate in the game and it just spawns a difrent pig i rate 4 staes my favret animal is pigs too love it 😁🙂♥️♥️♥️♥️,4,0,1.3,2019-11-20 19:08:52,,
gp:AOqpTOG_KSGV4n0N5x6ZH7VNxU0afhcTZc0fQyrzNuOj33FboXAH3ryeiuVtAGHkmhaQNL5DE1BNuIVl3dlc5wU,Eternity Lee,https://play-lh.googleusercontent.com/-ZvmLUW1SLjw/AAAAAAAAAAI/AAAAAAAAAAA/AMZuucl86_9IjJ7_4J2leVsUdt4g1sagLg/photo.jpg,I love all of your games! You make the best games! Please make more!,5,1,1.3,2019-11-17 11:07:12,,
gp:AOqpTOG7gS_tZs3zMFonPgIsT9m-n5686fNojXKXZTXiPGE3Qe74fKxtPoRBZHLOSgnNQLZj2NaizIHVKu3vRmk,Michael breen,https://play-lh.googleusercontent.com/-UeJSJj0qOKI/AAAAAAAAAAI/AAAAAAAAAAA/AMZuuck2sSH8vofcf87sNjM6EMwtiuCWow/photo.jpg,So good I love it can you please ad more animals thank you,5,3,,2019-11-02 03:14:46,,
gp:AOqpTOHm-hrIyfcOEkjyl6O4b15popjXStBMV77op5PHwiFl2TShoFLGcLAtewRApyd0FJKsynE79eumtcSuxyE,Julie Cureton,https://play-lh.googleusercontent.com/-ahcjgDdc1dw/AAAAAAAAAAI/AAAAAAAAAAA/AMZuuclX7g0aJ4u1DxGqWMtis31ESaS1DQ/photo.jpg,"I would rate a full 5 stars but UGH it wont give me the XP when I kill something like a wolf and it wont let me eat the grass just hay and mushrooms and tiny bushes so can you fix those please,thank you!",3,0,1.3,2019-10-14 14:33:09,,
gp:AOqpTOFn7Q_-uif9nEj7cOMYruEhsChLhmC5NhGyfjWW6R25V-eevEV79aeEVGZCtSz3nN3q3kpBa-2uEYurkV0,Chiz,https://play-lh.googleusercontent.com/a-/AOh14GhMdjrOdT8BWZhVm3UPodf6RMrRAYe2cxS2Y12-IA,Controls SUCKKKK,2,0,,2019-10-12 12:11:34,,
gp:AOqpTOGgSiCvkYU3a8fTsdQGDZR3Zd4aFbEW8aMyDAR3o0H9fX2siwMfTurbkwzZQhxMHurzGawUhyheFen26aw,Crystal Jones,https://play-lh.googleusercontent.com/a-/AOh14GhKR5E3z_eYTad_-uqCNpX3GVdIzwvGWrPsGI-xag,The others are great but every time you do a pounce it bugs the screen and etc it can be worse,1,0,,2019-10-03 12:21:03,,
gp:AOqpTOG8GxI0O1kprHWAibpiUc6FarlfpbUPwHzLugnWQsHs3s5kwk2PbJx2-dNi_qeYHAvygPFCcx_DNkgIdnw,Shannon Marchetti,https://play-lh.googleusercontent.com/a-/AOh14Gi71NvXUN127WqvE6YVfxhI4NQjLAn9-rllCJVREII,"As beautiful as this app is, the game is so incredibly glitched out in comparison to the apps you've made previously. For example: i don't get EXP when I've 'killed' an animal. The camera gets extremely out of control. I can't make anyone my mate, they just run from you. When you hop on a log, you automatically get 500EXP for no reason - to which you can continuously do. There's more, however these are the biggest issues. Please fix your game, because it has such great potential I wanna see used",1,12,1.1,2019-09-29 04:30:17,,
gp:AOqpTOFLD5VPKSl3ToXCOucRR71CU1OytleVns6HAJyLrRGMbi1nYgXdSG9XDUXsZN7IwcKw-9N7ksnyVJRHa48,Angel Muiri,https://play-lh.googleusercontent.com/a-/AOh14Gh_joBzKJ0sREnQNxH9Ip8xfwWw5WvKGkgxTuoHag,"The idea of the game is great, but it's incredibly glitchy. Every time I fight an animal, it glitches out hard and starts spinning uncontrollably. I can't get any of the xp from the fights. I never get anything from dig spots. Trying to level by just eating food from bushes is hard. Please fix the glitches!",2,13,1.3,2019-09-25 20:44:46,,
gp:AOqpTOGL3LOiPOadSLy80xoIpE1c6MTF5snx_AevhTc7qlV08uowEedJLAIcQMlT2S3ZeQL4C_0ZyYfNwp5TTwg,Green Bean,https://play-lh.googleusercontent.com/a-/AOh14Ghs2BYbcxNngAZsSlz75PqjwAf_pp1JX4bJPOyFDg,It won't let me drink water nor do the pounce!! 😡😡😡👿👿👿,2,0,1.3,2019-09-14 10:47:12,,
gp:AOqpTOH_C7C1XmADUpZjT6a88DCbGzasRJDNT5qK2PC0LIDJio-Nqo_xfxJvNByN01GD7s2S29aMiMjtutGwdmU,Ln X,https://play-lh.googleusercontent.com/a-/AOh14Gira3JzHartzUYYicFW4UqwQIjsshJYeo8BuPTyBw,1+ star if you fix all the bosses the all run away So are the other animals and I can't mate please fix this :(,4,0,1.3,2019-09-14 07:50:04,,
gp:AOqpTOG4mmXyQwb1Am9LGFTrJggO4OKFbLUQsT5F91qsYU7fl90IHM0KM9K8RD0Tcp4qEGqI5bBr1_QtvNrp-4U,Jan Rucker,https://play-lh.googleusercontent.com/-XpFNBBBVnPE/AAAAAAAAAAI/AAAAAAAAAAA/AMZuucmUtdavhBcOhpy50FWJ12_1sCQEaw/photo.jpg,Takes to long to level up,4,0,1.3,2019-09-03 19:12:27,,
gp:AOqpTOH991GgTVhRIwv_GlBuxnmpTGrGHG_ZKFf-fgIfN56C5a7NtOmpVZc4-fFo87xNMA59MglmFHNHQ1e7mUY,Anne Romero,https://play-lh.googleusercontent.com/a-/AOh14GgJ32UmK33B_1737IR2TUmaE6Nh62bGuHRBDXyWtWI,when you updated this game it got even worse please fix it,1,1,1.3,2019-08-17 06:27:23,,
gp:AOqpTOGgERvYA-KLxMUTjiYea0rCttgIKBkjaNSj7lVrm4dE0ZeZPoF_1JAlXfVJqMvDJK9pszPJebzw5WPJHkI,Christopher Ellis,https://play-lh.googleusercontent.com/-O_FZnNpECDc/AAAAAAAAAAI/AAAAAAAAAAA/AMZuucln7sL1boNr9ZyWRNdE-DWq8VEhfg/photo.jpg,it won't let me do anything but eat but I've had before and it was great hope u fix it,5,1,,2019-08-05 04:11:14,,
gp:AOqpTOHWkfyH2tzXvK9Avbo-NTUrTCl_dGXbzhVSpkx6utEHIf1K4zQfWLWcZjmBjmS7fDtIIhVeiycwOepFOcE,I am V,https://play-lh.googleusercontent.com/a-/AOh14GgUR81o1VHFtveQaKlld7Zb_3JJMnSC7_lC0oBcgA,I just want to know when the next game will come out because it's taking a long time and your next game should be ultimate australia simulator where you can play as animals like kangaroos dingoes walabys goanas koalas and platipuses,3,0,1.1,2019-07-31 01:41:06,,
gp:AOqpTOFpPO_7b25h3z9t3IJ0SQNUU8pnp1K0to0SQzStXeFLIdAgSEhYLtL6fgLUM2niQSWONJZZuP9pMNTLwfo,Michael Chun,https://play-lh.googleusercontent.com/-V2jjSxlfFmM/AAAAAAAAAAI/AAAAAAAAAAA/AMZuuckmTm1yY6iVTr6UDkb31Fbtz2Y5Wg/photo.jpg,"I like ur games.I was going to ask u if u could make a ultimate prairie dog simulator, ultimate budgie simualtor ( make it realistic.plz) and a ultimate ostrich simulator.",5,10,1.1,2019-07-29 23:52:14,,
gp:AOqpTOFhIc-67YVq6FfzzGRnvBhIk6f1MoeDJAz2m6IuVE8gZDxA8ekq703qraMyktnWNM4qVwkPQ1lYEa0HIO8,Hayden,https://play-lh.googleusercontent.com/-A43UWTts_os/AAAAAAAAAAI/AAAAAAAAAAA/AMZuucm_TxYQz7T9WkyE0fuMQT1x2Tem3g/photo.jpg,"Game glitches after performing a suprise attack on an enemy... after the attack I cannot move my animal any more, and the enemy can then continuously attack me until i'm dead...please fix with update.",3,1,1.3,2019-07-19 16:52:00,,
gp:AOqpTOF4RFYJTR7bIgLtgJ57AjgVWJac5GCm9Hu0VH5SvdVsXpSzgX6V94Efa_7DRxTA4FsMsLia9oRRZch4pCo,Mason Adair,https://play-lh.googleusercontent.com/-fu35nUAyYms/AAAAAAAAAAI/AAAAAAAAAAA/AMZuuckBCS4n97HNCt9er0qIG-Mb-ZY-sw/photo.jpg,I hate that it lags but overall really good game,4,7,1.3,2019-07-11 19:59:01,,
gp:AOqpTOH5oMY1E0sGkT19VNf0gPFDEpCgVhNUbiy1D9GQ3Mq4Z0E2cipjrO0SFvMNT85Lt41vPg__Os5XiLdp3I4,Kevin Walton,https://play-lh.googleusercontent.com/a-/AOh14Gi2ydU7v-x8Boq79_d7ipU0W6p59FnpBFRz7rIC,I can't kill anything and it won't let me drink please fix this.,1,7,1.3,2019-07-07 17:46:01,,
gp:AOqpTOGvEz6zHf-jAP97wrOKHW2HV2Gc7ciEFmpZWpNGxHq7esNq_IqZVjMQEKQh4g7qnvJBuCEd85LW0VezOLg,「 LazyKailani 」,https://play-lh.googleusercontent.com/a-/AOh14Gi-fpJ9Tm6PztJvrGxpqwLeTK0D1G5N0JBEqw2dnWs,"I love the game so much!!!!! but when you guys updated it i had alot of issues, when i charge at the others animals, it would go to a screen were i cant control anymore, when i kill a animal, i cant eat it, pls fix, i dont want to complain,",3,1,1.3,2019-07-05 16:18:58,,
gp:AOqpTOFerZwcIeLhJR132CjOmQ9h-Mgb4jKzJvaz-vsXS4RK9NwlefB6XDqv_lA5QKaAY7uZiRnGjkDqaSgO7TQ,Aquamarine,https://play-lh.googleusercontent.com/a-/AOh14GjGPDpteKt1VndPTOIQDjDCiliLYB8TN3d2_2d9JA,Glitchy and barely working.,1,0,,2019-07-04 13:47:09,,
gp:AOqpTOGWXfpb4MZ3DPY2OJBiD3GpqPgk935YV5TaX6zS3H5vMYBk7ZpHB4xOL9JJi5WE4uDKdUWR1QqwagHcoEw,Ohno Antonio,https://play-lh.googleusercontent.com/a-/AOh14Gj0uVMLEUqUZZzKjO-eJSnakuooMqm7BWWLS15FrA,"I love it.. but it's a little glitchy and laggy. Anyway, can you please make a ultimate insect Sim? I will totally buy it if you do.",4,6,1.3,2019-06-30 08:25:00,,
gp:AOqpTOGqZnK8HATy897r47Ns73DXhCAwpf64Djj8rtloSwvWo5o7jVcL_4jj0Ww7nVapSrWtRW_nOTKVWFJy9-M,GasolineGutz,https://play-lh.googleusercontent.com/a-/AOh14GjjCaouLgoJr09ppoYVYsWPCLOUnsyigzsPCMdfOg,"I am a lover of your games however this one is ridiculous. It wont let me fight, drink, it glitches like crazy, and the water goes invisable. I bought this hoping it would be as wonderful as your other games but I am disapointed. Please try and Fix these problems so other people can enjoy and wont waste their money.",1,1,,2019-06-26 19:33:48,,
gp:AOqpTOF_C9H1ywrin2uACE5jxFJHZr15AbW5kCDO9cPI_pMnYq5r8fVbgvuGYP76vOBCy5Fs1ctiS1IeuoaPk_4,Peanut,https://play-lh.googleusercontent.com/-XcHQeF7gDww/AAAAAAAAAAI/AAAAAAAAAAA/AMZuucknHTpHR5MnN7jC4Uc33kPclLAtoQ/photo.jpg,when are you gonna start making games again your games are sooo fun I've been playing them for years now so if you could make another game that would be awesome,5,1,,2019-06-25 13:20:04,,
gp:AOqpTOFNJWcqxZXtqwHy8w89WeRMJMNiLHamYTd9zthcEnXLRLYMd6pzBsMnT9UhJ5MAe_Hfev2xWLO2X5f9klk,Ashy Dragon,https://play-lh.googleusercontent.com/a-/AOh14GinpT09ALp6qLM98ehnNLbDEtTQJ3Hy2d5s4SkC,"THIS IS GARBAGE!!! Every time I pounce on a animal it just stays on that animal I pounced on even if I try to switch animals, ALSO it wont let me eat most plants like the other games, and wont let me drink the water, DO NOT INSTALL!!!! Until it's fixed, Ibwont be installing it any time sooner",1,1,,2019-06-24 20:29:07,,
gp:AOqpTOFm8FAiA1ARTX0wqU1U9OpzaLhv3a6oPdVqC7W9P1mBGj1Vy-Ssie2RwEyn8RK4A7gYf2dvK_RuGVVN55I,ashley pate,https://play-lh.googleusercontent.com/a-/AOh14GhYsZTst8sOAqZdnHdOAH8ux-Yrhwhnpm9mgTUFnA,It doesn't let me drink.,1,1,1.1,2019-06-24 16:56:17,,
gp:AOqpTOFgYBr_sI_WMzVBGHNMSi-fmvA8r8V2cxxA5zxQvISNAL6DQfzbQxeUpba_wo9jVADaOW1mlLFl2U5Wnl8,Aurora Light,https://play-lh.googleusercontent.com/a-/AOh14GhtXoyGCkX6j-Eq14Z2nwLdfjS8mnFMC7ySDgiq,"A good game but not the best one. I played many of the glutenfree games and just compared to the others it could be better. I mainly got this one for the farms; on Ultimate Fox Simulator there was many great farms. So naturally I assumed that this would have at least as good quality farms as that fox sim...compleatly wrong. The farms on this are way smaller, hardly any animals on them, and are just sad little farms. The map I did not think was as impressive as it could be either.",4,0,,2019-06-24 16:17:53,,
gp:AOqpTOFRcdkItqMw4Te1phw3HM38UpHtwkDM7m1Q_t6RR6vMnaMLA3VKEwbFPzsZdkApV5e-DOyMZtnfia2sciA,Jessica Lynn,https://play-lh.googleusercontent.com/a-/AOh14GiGj31_T3qE7Z59DC0n4P1MAvYYJXFDXfsT87DUeQ,"When you guys updated this game, You mde it WORSE. The animals are messed up and when i attack them they disappear. And the logs are messed up as well. When I run into one, It doesn't work when i am being chased. When i was lv 5, I couldn't get a member in my family. Thats how yall mad the game worse. Please FIX it.",1,21,1.3,2019-06-24 14:26:17,,
gp:AOqpTOGfUnNDDF3B6ZvuVkhPV9YKQE2NFM-bsPNQgO4a_rct4rXPdP5O_hjxi51hFIqXGWiB61mM4SIovRwoo_4,Dakota Linnemeyer,https://play-lh.googleusercontent.com/-sCE73j2khdk/AAAAAAAAAAI/AAAAAAAAAAA/AMZuuclS4awVpP3ZRGD5XbItySdoHUWa1w/photo.jpg,So much fun playing as my favorite farm animals. Thanks again for the great games.,5,1,1.1,2019-06-22 14:21:16,,
gp:AOqpTOGYQq-QJrn2ATFPgZkD-9ccCLk_d1T1AWnrWhwhSx7vXvZwqu2kouLfhVfgHLbVMvHPfGnbLEoo0yNe6Aw,A Google user,https://play-lh.googleusercontent.com/EGemoI2NTXmTsBVtJqk8jxF9rh8ApRWfsIMQSt2uE4OcpQqbFu7f7NbTK05lx80nuSijCz7sc3a277R67g,"It's AWESOME!!! But I would recommend an Ultimate African Wild Dog 
simulator.",5,9,1.3,2019-06-17 10:54:03,,
gp:AOqpTOGmya3M6zHlkypRFymQ-2nol_U8MfVOBUyo9uaEkYcybCgUISGf1LYAI0sVZY1EZSTHz6kmEQBG-NuA7V4,blackandwhitefox 1023,https://play-lh.googleusercontent.com/-iEZAlbPZBzE/AAAAAAAAAAI/AAAAAAAAAAA/AMZuuckJtFgE2_wMdqtkQhA-rmeP_ZGeAw/photo.jpg,I cant kill things properly. in you artic game as the moose you could at least kill things but in this game the animal just dies before you actually kill it leaving you with no xp. also it spins just like the artic game.,1,2,,2019-06-09 10:41:06,,
gp:AOqpTOEnGegVbmAHbPmRmaHOdTRdudjyxDTMtfp-9jVGJIbaU2UbB-2n9MBkyRRarCniDC-zLcl6s7fLOhU5ZNE,Sarah,https://play-lh.googleusercontent.com/a-/AOh14Gjhscveyq-I0vY3aa7KK-gniVwKQfhuRLUfnrJn2w,"I paid for this game and thought there was not going to be any problems. The game was great and there was nothing wrong with the animals I earned (the pig, cow, mouse, and goat). Then, the animals suddenly started glitching. I knew that all simulators did that sometimes, but this situation was worse. (For all my animals I had) The head profile on the top left of the screen was blurry, the XP bar was blank, my mate was gone, and when I killed an animal I glitched into the ground. I want a refund.",2,10,1.3,2019-06-06 16:14:08,,
gp:AOqpTOGTBrp6LtUzsbAXZZXX4JKB7tPTO-46rKo4bhuUMBRvXFj8m5L97rxpZZuFvy1eIh3w10xk8Ji5ReWikrc,nichole curtis,https://play-lh.googleusercontent.com/a-/AOh14GjqHqXxa5HN1MoM7d59hO6Rfp3b3iN_395xFOsy,update please,4,24,1.1,2019-06-03 17:18:52,,
gp:AOqpTOGdE81fdb8LX-8rnHTB1njR0T9_hSGiAPScJFH29H42i2rjenzVUoPf0OkzZ76ISR_AC7KcufUDqwfrOis,Spring Bonnie,https://play-lh.googleusercontent.com/a-/AOh14GiGSj0sVD6hAo9uCFg6r7eW5WUY3X1AAgwM0Cfa9Q,the home near the patch of water is my home and i alwase try to drinck it but it wont let me so i go further in and i can walk and run under that water pls fix that. otherwise love the games! ;),4,1,1.1,2019-05-27 16:15:04,,
gp:AOqpTOF8B0iMGjGNPcxGQSTYW74AdTggx1yyyt8x_ZVEOuVxQmNSJAYIrq23CY8Q2-etsXLdYyElVH-sflB_qGg,Kim Chi,https://play-lh.googleusercontent.com/a-/AOh14Gj8hdsLqkJSjHHbwhZNm3zYghzWT_3pHqUn3M3nNzE,Ultimately this game was pretty fun. Although it wasn't as fun as some of the other sims but it was okay.,3,1,,2019-05-27 07:16:23,,
gp:AOqpTOFZZnNAAW-KDvhHC4GgB6xmqahw3zh-Yo5hpykcaVltv8dT3CiNfIkLUMYXAgQ6js0jp7OUf84ubtgZ9T8,Mal Calh,https://play-lh.googleusercontent.com/-3qpoWUKY_Dk/AAAAAAAAAAI/AAAAAAAAAAA/AMZuucmirAgbVWXaIaeECyLNSnw20oWa2A/photo.jpg,I like it u should do more games,5,1,1,2019-05-25 03:42:12,,
gp:AOqpTOHXL0M5mD1hlax34cfo2daYxRfXpL1nvdEphRI-HZZ554FfEuf1FZCfiZuZ2bEn4M5rH8_UhKTcRTIfvOU,Naomi Mead,https://play-lh.googleusercontent.com/-1jJewmNePsI/AAAAAAAAAAI/AAAAAAAAAAA/AMZuuclRI2rp8CirCJ6mWwr3PPm-Q65I_A/photo.jpg,Awesome Great,4,2,,2019-05-22 20:35:37,,
gp:AOqpTOEHx-VlgwcvW2vcdcPgX7gQmsWIrS7O9y0xHifosGLRverF6yMfeQ-cnKRF3RBYeRNJfIfPQ1A5qYSrHPk,Jotaro Kujo,https://play-lh.googleusercontent.com/a-/AOh14Gj2RKvV5ir0HXMokbhyYzLzPK0d5-4Ifbo5UmarMw,plz fix the water it's up in the sky instead where its supposed to be in the lake,3,0,,2019-05-12 12:30:05,,
gp:AOqpTOFr1nRpDj6adAkffAu0NMt31gWsOevx5fO33oT-Pg-uf0jHc9mxULLzV26Hcek4oUASYmi7FZh5vpToa3k,The animatoin bean,https://play-lh.googleusercontent.com/a-/AOh14GiVehaGsoafucsRimfUbNW9erQmf9rxA3C5XJH1jA,I love this game but there should be humans to take care of the animals and you should really really make a game ultimate Zoo simulator I would love that so much,3,1,,2019-04-22 07:10:12,,
gp:AOqpTOHFRrEiW-4O4R7FcuiCAfGQ-dtR4wOPyX8ArQnFvlmak7HVO8IeKNvErouwQLSWmq7OBY7hpkarZaJ0vJ0,brooke renay,https://play-lh.googleusercontent.com/a-/AOh14GhM1kmE7NXPyRVeVuNHM754C05dOv1CUnFq-iDDsQ,the game is great other than graphics I feel like your game is pretty good but you should change the way the animals move I feel like I should have a realistic movement through there animal creations. and you're wondering why I only gave me four Stars well maybe kind of change the graphics and the animal then you'll get a five star. thank you for reading my review.,4,19,1.1,2019-04-13 10:37:32,,
gp:AOqpTOEZ2Ds-MdynAHZEqdPu9-bVg-stRHUC9RXAgNYKfzdJdzfx4wmROF02im-3IqR0lnUAN4LuE34In4RX0r8,A Google user,https://play-lh.googleusercontent.com/EGemoI2NTXmTsBVtJqk8jxF9rh8ApRWfsIMQSt2uE4OcpQqbFu7f7NbTK05lx80nuSijCz7sc3a277R67g,I hate it becau$e it never let me go $traight and then the joy$tick will ju$t $top entirely.,3,0,1.1,2019-04-07 13:20:14,,
gp:AOqpTOF3qiaQek5eqMEH8Mv9AFUkxEaNkwNmeUiGNrYurfrGgczJzTfHTX3ABi6r2z4MOL77i63ZXJQPcbuwRds,idk I am bored,https://play-lh.googleusercontent.com/a-/AOh14Gi2fjrWVlvU6_dyMAI6MLfsCR49AXghLA-lAn37vg,hate that you have to level up to be other animals,1,1,,2019-04-04 09:02:33,,
gp:AOqpTOECcjuGENLseTqoq6gAg3qGfxZi0w3nAzFiqjasRHvjuQIPiyPtVBE5SI6F_-zhUAgtTUH_jSrY2j4xefc,lexy me,https://play-lh.googleusercontent.com/a-/AOh14GjQzmzfoY9AybnCuCWN7WvCq4BHBCWAtIbw-nPq,meh.,1,2,,2019-03-22 04:03:42,,
gp:AOqpTOFwyhTXZfqPlgVpTkg7ykML9v5fXynEW1tVKDrwG3T2Te5OmqearNmXDEzVTAqHrEFlY4cpUgWRhtxkhhs,Mel Hampton,https://play-lh.googleusercontent.com/-DjsPqIoiZFw/AAAAAAAAAAI/AAAAAAAAAFk/AMZuucmPE8ah1h24jLcfNwLRIjZFH4zGgQ/photo.jpg,Its very boring hope yall come out with something better,1,2,,2019-03-16 23:49:14,,
gp:AOqpTOERNiaN_g5Jh6SsvwrDqexMGuKrqjQlDCZav_vKPqXvVhMRrOxq8YPQrmK5oNSTi5MGQwmcejgCzkDTdLM,A Google user,https://play-lh.googleusercontent.com/EGemoI2NTXmTsBVtJqk8jxF9rh8ApRWfsIMQSt2uE4OcpQqbFu7f7NbTK05lx80nuSijCz7sc3a277R67g,can't drink water,2,0,,2019-03-14 17:16:59,,
gp:AOqpTOHJZuj2Y0Mp-kePu9wh8VcStUSDcZUp3dLG-4WXBuFAOOI9ngPPt03Ha0PMM8nujdeb-Wkr5Kc7N3ZaZY0,Hola Como estas,https://play-lh.googleusercontent.com/a-/AOh14GhAmag1I1_hHGtozGM9svb_mZLZAX1CIEPjDr9Shw,I want to get wild craft,5,1,,2019-03-13 14:42:14,,
gp:AOqpTOHNhG6cIcKA80VMSmFdD1wSvDiNdfpFB93EEtgE5M-TDQ7C8CHzcE1C2el7SpDDSx2JCfwarOVCU8RWke4,ďïņøşâvę,https://play-lh.googleusercontent.com/a-/AOh14GggRJxP-_yQUsSVVjElVRjt7zmkJgGs59q-Y8LDjQ,I got a idea do a animal extinct simulator,4,1,,2019-03-10 11:15:25,,
gp:AOqpTOHW2FdcBLumnd9bTzueor9Yij9HUKuSM4U6sL2eOR3Ur2IGWTt_OVmsEYZeOR4e6ziOJedh5V8plmdCtDk,A Google user,https://play-lh.googleusercontent.com/EGemoI2NTXmTsBVtJqk8jxF9rh8ApRWfsIMQSt2uE4OcpQqbFu7f7NbTK05lx80nuSijCz7sc3a277R67g,i love this game i just wish that the other ones had a little bit of more time put in to them,5,1,1.1,2019-02-19 00:45:35,,
gp:AOqpTOHv5XE_OjavFRjvCEu3m1KXyhzi-ahx5AXp3lVLu8xlnKMuYwNmSU6x2QocW3745VKkURH1esCNVNJMBnM,shadowlily stuff,https://play-lh.googleusercontent.com/a-/AOh14Gi9H6VqDSPgXYuyctQ5s9CE_r_ABd7kpow3ge52XQ,Can you make a worrior cat simulator pls,5,18,1.1,2019-02-15 08:41:50,,
gp:AOqpTOFM03xc1ctI_7ILeg8Bu0pchQkbW1osWEySW-nqApv0NaCgq46ZgvgqnSnd9awsNkA0awBQf1i8gfVumRg,fox love,https://play-lh.googleusercontent.com/a-/AOh14Gg1MNs2SXA7OMVgmzjnHHFKT-1UbJ0mPfQzIvYB,You can't drink the water from the lake.,3,0,,2019-01-20 09:24:13,,
gp:AOqpTOFR1burc609zwJ73QYZNntoua_9JwFXExW6AMAaOitc2sC7GvwbRCnjXkQgkTwV2gg8WB4pOmQnKbc2rrE,A Google user,https://play-lh.googleusercontent.com/EGemoI2NTXmTsBVtJqk8jxF9rh8ApRWfsIMQSt2uE4OcpQqbFu7f7NbTK05lx80nuSijCz7sc3a277R67g,Great good but when I try to Lock the screen it doesn't work I tried it sooo many times but yeah still doesn't so I think u should look ib to that a try to fix but all ur other games are amazing maybe it's a bug or something like that I'll give u five stars fot the effort though don't take it personal k 😊😊😊😊😊😊😊😊😊😊😊😊😊😊😊😊😊😊😊😊😊😊😊😊😊😊😊😊😊😊😊😊😊😁😁😁😁😁😁😁😁😁😁😁😁😁😁😁😁😁😁😁😁😁😁😁😁😁😁😁😁😁😁😁😁😁😁😁👋👋👋😁😁😁😁😁,5,3,1.1,2019-01-11 01:44:04,,
gp:AOqpTOHslsXL-S9OXpey1b7TV9OVlT8kjQryh60DNjUQBQe-YVpHs3k_IF9qOzuRVIGWpZpws9-xoe4mK-RKwU8,Ray bug,https://play-lh.googleusercontent.com/a-/AOh14Gij0MmjvdeaQSIXjpjgBsCR2uXNcm1zezQxlJbWRg,the grounds graphics are kinds bad,1,2,,2019-01-05 14:42:42,,
gp:AOqpTOHgpzWCkmPmHyOFa4kUFFkGzMUL7lMO5kvTjOYGorBekzqHExA6JX1oH9h00_cqaJ-Ad7P1uiqtyfBkkBU,A Google user,https://play-lh.googleusercontent.com/EGemoI2NTXmTsBVtJqk8jxF9rh8ApRWfsIMQSt2uE4OcpQqbFu7f7NbTK05lx80nuSijCz7sc3a277R67g,you kant see the buls bols and peenes,5,1,1.1,2019-01-05 05:34:25,,
gp:AOqpTOFfoQ8bHlZhNp-5XY1YrqWFIxv_IYdXJWgMu8eI2dnTG4qjft2lmQtE_lA1sdrwIBw2sPW2KIByKZZ6kEM,A Google user,https://play-lh.googleusercontent.com/EGemoI2NTXmTsBVtJqk8jxF9rh8ApRWfsIMQSt2uE4OcpQqbFu7f7NbTK05lx80nuSijCz7sc3a277R67g,love the game😍😍also i do agree with some of the comments i will say a few that i really like and think you should add #1the dust storms do need to stop#2you should put a bucket of water in the stables for all the farm animals#3i think you should add a game thats called Ultimate Mystical Creatures that would have like unicorns and dragons all kinds of creatures.Ok that's all i wanted to say hope you do add these thank you Bye☺️☺️,5,27,1.1,2019-01-03 17:32:40,,
gp:AOqpTOFsUCQakcLOq8-NdXC5k8Pie-SOduAt3lkusSQvDJTU84ph3oZUMFarI0y_U3vj4UuWfhtW17LYDC3NI8g,Eleanor Lines,https://play-lh.googleusercontent.com/a-/AOh14GgfEntM_kbGZO38D6I_4XL84WpLcTa10WoXH2KlPA,can you add a Ultimate pet simulator and Ultimate bug simulator plz I would definitely buy it!!!!!,3,2,1.1,2019-01-03 08:39:31,,
gp:AOqpTOEuL1hB_3OXIFqTR4bH4hAi-dmO6c0U98MfXDoaUucgBB722hckm2PRlFmbxdDyKqEQ9YD5uTtqLVTLKKM,Debbie Courville,https://play-lh.googleusercontent.com/a-/AOh14Gjkn-pjuCmII1U14yzaTpHy4p6iaIkq4_waUHncF-g,"It was a great game, mabey it was the best from gluten free games",5,2,1.1,2018-12-21 05:51:57,,
gp:AOqpTOH8DIYxURmHOjjnf6TtC9C4oWv_hAwkkF35NbiMy9PklhKHemirRu_xpUh8gXRmHH5ocd9PS9HmPClFNB8,Aard Vark,https://play-lh.googleusercontent.com/a-/AOh14GiZfxp2BbjJKkUmAeisl7ec_KHa4pEW63f0sLGpDA,meh,3,0,,2018-11-24 20:21:59,,
gp:AOqpTOEL_Xx1a9AdI0axrWjUwV5dpH6jeRgcLEFWw_4f3ybbOsHc95vlu-HstVh7chMa0YBmtQaXQBhr2ZeXwys,A Google user,https://play-lh.googleusercontent.com/EGemoI2NTXmTsBVtJqk8jxF9rh8ApRWfsIMQSt2uE4OcpQqbFu7f7NbTK05lx80nuSijCz7sc3a277R67g,I love the game,5,2,1.1,2018-11-23 23:21:26,,
gp:AOqpTOG5GH_SmDUZSE5eh4RUGULn9mWxd67TEbOYCsVyiYroiAY0GbaoVscdL2T6dg89Geca0xhFqTuNgfl6LJ8,Kangeroo Man,https://play-lh.googleusercontent.com/-UuWprv5bBDE/AAAAAAAAAAI/AAAAAAAAAAA/AMZuucnieL3ZhqUizON2xdmyY4Tabfs4gg/photo.jpg,"Other than the bad graphics, it's a good game. I can just ignore the graphics. Like most of your games, this is awesome!",5,1,1.1,2018-11-18 12:14:48,,
gp:AOqpTOEG3uq42jwZu7MuV5Zy1-DMfbS2aj3K0MaR2sA17Z4giK2yKtk3xXhO34YmXevizqJnL6h3A1MjjOi7EG8,Bonnie White,https://play-lh.googleusercontent.com/-N5rPUN0ij3A/AAAAAAAAAAI/AAAAAAAAAAA/AMZuucmhXz8vRtAq_Bd8yZDFjDz6DxWy9A/photo.jpg,This is the master sword and other simulaters is Gannon =}===>👹✔,5,1,1.1,2018-11-16 12:59:43,,
gp:AOqpTOECVQpnlXqv6P1iXqqn5bWaFYhoWkBUcMMnqiC5PIy2nWgUtagHRj5_id8TRp3FOqVw2VHCPMuG7J3Vsr0,A Google user,https://play-lh.googleusercontent.com/EGemoI2NTXmTsBVtJqk8jxF9rh8ApRWfsIMQSt2uE4OcpQqbFu7f7NbTK05lx80nuSijCz7sc3a277R67g,It is a really good game love the way it looks,5,1,1.1,2018-11-10 11:24:34,,
gp:AOqpTOGKeP4tSoLioT4T44hAAemoBnodEDEg_IPdLhHPMulmGzp7fKoGfDlH9eDTQYkex43H7iCZXkSbJYf2Kxs,Ali 1176,https://play-lh.googleusercontent.com/a-/AOh14GjlEsvxlu16f8GpBwji4cUkq5abZWjmKYfa6HApgQ,"I LOVE the game but i have a struggle on trying to find water to drink, i go up to the lakes but they never let me drink it, please fix this.but overall its a great game!",5,1,1.1,2018-11-02 09:09:31,,
gp:AOqpTOFTqDmMeiWOFwdFPLXV3yt4E68JuRUH9nDgunzRLbhW3ZU8WZJobWijcpcF3mqYxOGxiHIpeiYOSjsk83c,Luna Moon,https://play-lh.googleusercontent.com/a-/AOh14GjP-ZjcX_RkfDQ3RZXavazECud_fMbzvCGFIOLp0w,I really like the game also maybe for the next game can be about insects like bees you can build your own nest or ants and have a queen,5,3,1.1,2018-11-01 05:07:48,,
gp:AOqpTOG6XRqSEIQDhJEfBoxWXDl7lxftZoYE4K-A138W3by1H58R8P53ATNGK_g7RMSZSqhDD1zZco5iGhGxQIM,Kawaii_cupcake Games,https://play-lh.googleusercontent.com/a-/AOh14Gh7I03mIo9_y0kBuBPD15xU4-lzU_m-pdNr_b166Q,I'm not giving the game a five star cause you cannot have babies😣😣😣😣😣😒😯😒😒😒😬😬😬😬😬👽👻☠💀👺👹👿😈👾💩,3,0,1.1,2018-10-29 03:34:46,,
gp:AOqpTOFyiawrXbUqMHbKeWGuWmj6IhAAHAxVKE2gn8S708k9Feu-e9x5zYNCkPvE60Q8zKzSBrk2M1ea-m8e2lw,Abbey Johnson,https://play-lh.googleusercontent.com/a-/AOh14GgVVeZXGFW8vv-HI10CZasXiLfEgdUlVK_8mfNXxw,Please add it so we can drink water please,4,0,1.1,2018-10-28 13:06:37,,
gp:AOqpTOGEYrk3RMBapolEELBNZ62q4Pf7CIWB73govnsM4nJd61M58o0Uf-6ENfpqod-0NObxtoH9EpCaMm8xRys,Dawn Van Stean,https://play-lh.googleusercontent.com/a-/AOh14GjO9qIWS3azxPti3ue5afWjPB_TyVkn8JBcJm-lzg,you guys gotta step up your game it seems like you only care about cash now.,3,1,1.1,2018-10-23 00:18:44,,
gp:AOqpTOGxDDEz5G-4lR0mmDqw01Ziy5L1bnJPVB2A0QD8rNBNSu5r3Dj25m91E3d_xkBV6Gi15o8rawppP8C5pDw,Candice Bennett,https://play-lh.googleusercontent.com/a-/AOh14Gh-BGKFv-nvCJ8u39iguqLrFYpxpzXqDUJFElfXCQ,My daughter #Love it,5,1,1.1,2018-10-20 08:54:10,,
gp:AOqpTOENpeKOn2in_e-CKMTdcO_abnZ-hYina_vNH9cKtDrTwgdDvel7uB_7w2DJNHfQPTluKPfrAILVt-Q-TvI,Becca Kraus,https://play-lh.googleusercontent.com/-NZYu-ztsvDM/AAAAAAAAAAI/AAAAAAAAAAA/AMZuucngy7RhRFHhyLbGFqAWh8-tA0731A/photo.jpg,"It's annoying and the AI is not good at all. I really thought it was going to be good. Sorry, but this was a no.",1,1,,2018-10-17 21:13:57,,
gp:AOqpTOG9--Ste4VgbvbY5rRU9177RaPQDXHdXXYXO2X4fpU2L21msD9osIxv5Dg-bVHsyTM4rwlTXKCMqiCscUY,A Google user,https://play-lh.googleusercontent.com/EGemoI2NTXmTsBVtJqk8jxF9rh8ApRWfsIMQSt2uE4OcpQqbFu7f7NbTK05lx80nuSijCz7sc3a277R67g,Tyui,5,0,1.1,2018-10-11 18:00:42,,
gp:AOqpTOELrAiYvp1KxNm88Dmr-qiA6DAeBeLEZkFngINZLH2vFXonSeTg22wbyOpenJhxvYFuR8cZY5TgChh4nv0,love is all u need JB,https://play-lh.googleusercontent.com/a-/AOh14GjhvEkdyCeqR7W2Rc-LpdnGSK6L3O8UWCy8WCGH,This game has all of my fav animals,5,1,,2018-10-08 18:15:33,,
gp:AOqpTOEdkIb6s-p2sZwir4KwYyuqb8M0zxAbDQPH0-p4WpacdkGJBPwMcExbkfbg-aogrh7lfSuXZ0uT5DmtWgU,A Google user,https://play-lh.googleusercontent.com/EGemoI2NTXmTsBVtJqk8jxF9rh8ApRWfsIMQSt2uE4OcpQqbFu7f7NbTK05lx80nuSijCz7sc3a277R67g,"Control's r sometimes really hard but other than that, great game😄",4,0,1.1,2018-10-06 10:50:13,,
gp:AOqpTOHAkoXCJqtIp5zf60zJ8gVmciTnfhRsp6n9O7yVCAM-Vpzdj2NNvadjCbP7btZsHAyVqz7FAQJmzIcE9Qc,Maddison Abel,https://play-lh.googleusercontent.com/a-/AOh14GgPWAl7XlJydKtZpTsAzY0Qbeq12g0mNpNTwguhJQ,"I have played some of your games but this one is bad than other old ones. I think so bc whwn i attack it spins around and i dont know how to fix it, the water i cant drink from it and everything is under the water, the moutains are to steep, controls are hard bc i clicked on the lock camera and its meant to say lock so u cant move the camera without the animal moving. I really think this game is so bad that i waste $1.29 on it and im so sad make the price just $1.00",3,21,1.1,2018-10-05 03:00:47,,
gp:AOqpTOGkYpd723udrVr0ZhgTDgK7Gg_-Xt7IeXolKvBnOLGXdYZ9nfKvRRA_MNDZydov6Tm074YqfUNGzZVt66M,Dustin Rupe,https://play-lh.googleusercontent.com/-zpVCy97kt0M/AAAAAAAAAAI/AAAAAAAAAAA/AMZuucmQya3FwWR3Snv37xD88k8XKwEbvA/photo.jpg,Love it. Cows can drink water at the spot closest to the first farm,5,1,1.1,2018-09-23 18:51:03,,
gp:AOqpTOGKbzF5flftt5emVsI8NDeBNv4Srfrxdkv-oaleOhzxh9aC3-zTsRPL3QUvlzSviRC9ba6qu9NPWpznIeE,FURBABIES-Puppy ID Whelping Collars,https://play-lh.googleusercontent.com/a-/AOh14Gi0Yg9YYz2z42-hMQXIOUWYWGch-AHNNmsLqzh7Sfc,"Great game but it is a little glitchy, but is has good graphics and controls, it would be cool if you made a ultimate human game with no glitchs.",5,7,1.1,2018-09-17 16:36:43,,
gp:AOqpTOEAfKTLZV0JIeLRpgo0Qdbdwa4p9uvFqwpLBWSl0JtDbXypEIF1j1Cq6InUPgSQgYhlS_kjEEg87LnvbrQ,MonsterUp ÝĄŞŠ,https://play-lh.googleusercontent.com/a-/AOh14GhVka1l0fr_Ur4vyg9s9or7STNj3jLZ5xMQ_sM3lQ,"I like the game, but please fix the cow drinking glitch and make the Male cow not have a utter",4,1,1.1,2018-09-16 07:11:20,,
gp:AOqpTOE8Wapp2XWW2ZfG-iPTrvq5fu7VK6dpq9UdYOrFqxGbCiZ61pHXz7hUcB4VUGPQCTienOkgxEEBVcB6rL8,A Google user,https://play-lh.googleusercontent.com/EGemoI2NTXmTsBVtJqk8jxF9rh8ApRWfsIMQSt2uE4OcpQqbFu7f7NbTK05lx80nuSijCz7sc3a277R67g,I LOVE IT BUT CAN YOU PLEASE ADDED A FARM CAT! 😊 BC IT WOULD BE A GREAT PREDATOR AND I JUST THINK IT WOULD BE NICE ANYWAYS KEEP UP THE GOOD WORK!,5,3,,2018-09-15 04:02:48,,
gp:AOqpTOHfZbmxSEc16iswIxQ7qusS6o-rZqN0SmWJQpU8KbtdwtJjplGwtdW8Shm_YLx2edivELdvS8PeIUeu2qU,Rumors,https://play-lh.googleusercontent.com/a-/AOh14GiMRK2Jvd7oZwcyEnhxvBNt8QtZuVQJtZDtoHHXiQ,Love it!,5,0,1.1,2018-09-11 18:03:47,,
gp:AOqpTOF3uPB54zxj0h8sGkIDJHpiKbrW8Kup5UXVVoR3KyUQAG2ImRaYZQwqI2aEt1BkxG8eNP76_c469CckqGs,erin nation,https://play-lh.googleusercontent.com/a-/AOh14GgagffCIIwPZPQ-E_tcBTgotiJWQzS8oL7DyD2wDA,Sucks won't download but the others did fix it!,5,1,1.1,2018-08-26 19:42:52,,
gp:AOqpTOGwqIxlmXI0xAbB9TTcKxsuzFkPkTn8OM5zChRhYGb4r6mrnbtJ0sW8pkc_2pY_SRq8mLVh2suPd59aeFk,Vanilla Cookie,https://play-lh.googleusercontent.com/-aO7D-IHBjRU/AAAAAAAAAAI/AAAAAAAAAAA/AMZuucnJSYfFNt55x1XgfAiztfn0i2Km_w/photo.jpg,"I like it very much but the P.O.V of the animals could be a little bit better, I LOVE Gluten Free Games and right now I'm watching Tinker Bell so do you guys think you can make a Ultimate Fairy Simulator? Ya know, the wings will be different (AKA just like the dragon simulator) and the the different fairies will depend on there power - fairies that I want {Water fairy, winter fairy, garden fairy, tinker fairy, wind fairy, animal fairy, light fairy. If you guys can add ur own fairies, that is...if you will make the simulator. That's all I wanna say, baiii!",4,19,1.1,2018-08-26 02:11:04,,
gp:AOqpTOGZV4VKzjK8eMgAtGfP6onYdVKUQ4xQUk_CxFqDOvX8s2jJe8ktHHnLT76_I-JXkpBq3yqkZ9iwV0mkywg,Melanie henderson9642,https://play-lh.googleusercontent.com/a-/AOh14Gg-NVPh-gvxZUejaV3TeEm6Iq5NrmtkwoW_yhLY,Terrible,1,2,1.1,2018-08-17 22:29:28,,
gp:AOqpTOH41DqgtV_xqfOoGsL_D2SroqLUOPUC1iKoWV-gQw4-6H_bRGQHRRN5tyhl0TX5e3_m4hN6t5FtoOK5mxs,kamille smith,https://play-lh.googleusercontent.com/a-/AOh14GjeXl1adXAT5LPyjh_Ke3Bsnbz7UDcsOIsyUZV3,"It's awesome but would love if you could display where our mates are on the 
map and as a mouse or whatever I wish I had to give to make my den/burrow 
It would also be fun if there was someone taking care of me like a farm 
hand or farmer or something it would be really cool also I would like to 
start out as a baby",4,2,,2018-08-17 18:53:46,,
gp:AOqpTOGEQHZKLqR_Pr37m2VHjURlcsJUZvBMalNO0kobCQDzlim2d_e-YRp6inoirPBetRwqcogsMdYogEdGEig,Nikki Fahy,https://play-lh.googleusercontent.com/a-/AOh14GgWtF1Y8sHBdxTRgBz60ftH1T4tlF3v6lbSglQCEA,"💝😻I love it, playing as a little mouse melts my heart, IT IS SO ADORABLE, 
it makes me freeze in love when I see the pig roll in the mud, and when the 
mouse has babies, OMG so adorable!!!!!!!?!!??!??!🐾🐾",5,0,1.1,2018-08-13 14:23:16,,
gp:AOqpTOGnTvzSRgFJKZtip2JR2ZcGWsV7fcHPHJRdgYe5S3qsORsDkCPyS3jLQ38Br2GiXM9_b-_jWqEWquttTE8,Anthony Grilo,https://play-lh.googleusercontent.com/a-/AOh14GgXQXlN56-HJU3hudEdA4mJdtEOUMv99Ps50-pZfQ,"Can you make a worrior cats simulator please 😻😻😻😻 and a griffon 
simulator please",5,1,,2018-08-13 09:30:24,,
gp:AOqpTOG7WbIeJUCoKYxyvduJsTT0ISdBd9hECHW-6iskMC8utp70P_XdBkn2MrQkHaI7yjoNT580wgB3scOxnLY,A Google user,https://play-lh.googleusercontent.com/EGemoI2NTXmTsBVtJqk8jxF9rh8ApRWfsIMQSt2uE4OcpQqbFu7f7NbTK05lx80nuSijCz7sc3a277R67g,"Hi I LOVE THIS GAME but is there anyway you can make another game like 
maybe ultimate unicorn simulator Lol please or maybe even like ultimate 
husky simulator but please make a new game I've been waiting since ultimate 
farm simulator",5,3,1.1,2018-08-12 06:16:56,,
gp:AOqpTOEjSmeCkyOfxAdK_PJdJlvnTAxk_FrCWsGJh3zHcwNOja3U_6LVHraomEEeP2RdM8NKXrDJpeAcOOr4MUw,The Happy Pandas,https://play-lh.googleusercontent.com/a-/AOh14Gi3tR3OhsQ0ilgY01R9ZDFPJmx8lDcNYyoPBVs8,Love this game so much❤ can't wait for you to make more!,5,2,1.1,2018-08-06 07:41:49,,
gp:AOqpTOFhjTzPBBR6d0VhjhyvDhtYeb-zTIZrBsNS2CHKi89ktjdKOelqsTHQLsOJ4fUS2hH8iuY6YDYquVpq0-0,sazh,https://play-lh.googleusercontent.com/a-/AOh14GhRhnbhFKEUD6wyJdDqTwd7U7nPEgEFq9P5plXjjA,"Good game, but please, fix the glitch where you can can just walk through 
water. It doesn't let me swim, but I think only with one of the water 
sources. Also, the floating fish and plants! By the way, can you make an 
ultimate fossa OR ultimate rodent simulator? If you made one of these I 
would be REALLY happy!",4,10,1.1,2018-08-04 22:06:10,,
gp:AOqpTOEs5FYjTynigUZsQKps0kZs3bfDuq7cgh0W2zMN04bA98qNLr4PPApl_Vf2uCI7U_7ZWMjg9HN2YlIwtdM,Yee Yee,https://play-lh.googleusercontent.com/-VwRY4FN_ECU/AAAAAAAAAAI/AAAAAAAAAAA/AMZuucmTzQOSADMEJHYBWIYFOZMupFZWIA/photo.jpg,"Hello I would like to inform you that there is a glitch that makes my cow 
fly upside down I cannot move only go up and down😞 when I started the 
game, Please fix this issue, it's not good for the game or its a waste of 
money thank you for your time to listen",3,2,,2018-08-03 13:36:03,,
gp:AOqpTOGhAHyVSbufekB-9HJrJDDJczGKIUPxNBxn4Z-WFdKJdt6DbCqCQr9Ad-zlzGfnTdmxu6AMqf3Dd4-4XrI,Hailey Hendershot,https://play-lh.googleusercontent.com/a-/AOh14GgWImnhrljI_pMeGCKHlnlMvFo9f7m-4Zz3aAQnnVM,"Thank you so much for making a game with a chicken playable animal. Heres 
my next request: Ultimate Cyotie Simulator. Please respond if you like the 
idea.😊",5,7,1.1,2018-08-02 17:51:27,,
gp:AOqpTOFJAGL3OwNM-PSIRcI80d94ZPdBgV7VQ6d4BaMcFdVgbZIdkLdPI0tbh029tsjbk2dDzziLSul9vuTFvmU,_ Bryanz333,https://play-lh.googleusercontent.com/a-/AOh14GiMQt3QMoiFX1LZ5DkxrOgmGUmz21Vjg2OvuWH1sQ,"I LOVE ALL OF YOUR ULTIMATE GAMES, I have some ideas.. ok maybe ultimate 
insect sim that would be awesome like you can be ants, wasps or 
bees,praying mantis even scorpions or spiders i hope you can see this oh 
and maybe ultimate mythcal creature sim like griffins,hydra,manticore,and 
kraken. I love everyone of you who make these games or maybe there is only 
one :)",5,3,,2018-07-27 15:51:53,,
gp:AOqpTOGWE_t6cGP9ExzdEtpbeirpEMV6T44keK-gbiMd6AIW8GlGQ5McEaFZrUjRzSwiMQkY5NxGh1RrP3oUDvE,A Google user,https://play-lh.googleusercontent.com/EGemoI2NTXmTsBVtJqk8jxF9rh8ApRWfsIMQSt2uE4OcpQqbFu7f7NbTK05lx80nuSijCz7sc3a277R67g,"I love this game so MUCH I've always wanted to be a chicken and I 
can!!!!!!!!! 🐓🐥🐔",5,2,1.1,2018-07-22 11:31:19,,
gp:AOqpTOFHXZz_NXGX3Y9cHy66JqmBJPt_QHvZpZKl-szKntAFOKKQPgP7Juzsh9fQAIvyDKryfYAbfoPcUpfQqJY,Sylvia Turner,https://play-lh.googleusercontent.com/-gTJRptKvedU/AAAAAAAAAAI/AAAAAAAAAAA/AMZuucnoTFHSaLUvIvOuE9qpoCyzcFGcew/photo.jpg,Please remove the meat in dens I can not get rid of it.,5,2,,2018-07-21 13:00:56,,
gp:AOqpTOGIt3F8OKxmRwR8OR84uvaSO_PpEgQmETAWdnU9RmXy8ERSlcmMgaUUffS0cIhUJ9nQWdFaU-qX1emiMw4,Dino Ben,https://play-lh.googleusercontent.com/a-/AOh14GgMh1coxxk32K7mRZTAJwwriAcP5rXoRqbRD_YXgg,Awesome,5,1,1.1,2018-07-21 09:12:10,,
gp:AOqpTOET6FWI0toYCzicWqwzOOI732iLtz7Y4jwacrUcp02rPXOGCPUUcRCBNbU1Y5hh9B1zZBXEfMttp9sWQRo,A Google user,https://play-lh.googleusercontent.com/EGemoI2NTXmTsBVtJqk8jxF9rh8ApRWfsIMQSt2uE4OcpQqbFu7f7NbTK05lx80nuSijCz7sc3a277R67g,"I love the game but the only thing that needs fixing is that animals can go 
and walk underwater?????🤔 I even found a carcass underwater. As other 
players said, the cow and pig are unable to drink water. And I suggest that 
there be more animals on the farm because it seems lonely and deserted. And 
in the first picture it shows sheep, a cow, and chickens. Also can you make 
the dust storms stop. It gets really annoying especially at night when I 
can't see. 😡😠 . And for all simulators, I can't find a mate at level 5 
for most of them. For the people reading this review, please get the game, 
it is AMAZING, despite the bugs. But I feel like, Gluten Free isn't putting 
that much effort into the new simulators After reading other reviews, I can 
somewhat agree that your games ARE going downhill, though I don't want to 
be offensive👇⛰ . I think that you should take some time instead of making 
new simulators and start fixing and improving all the simulators. Please do 
this, it would make more people get the game. Thank you again for making a 
new wonderful game, Gluten Free! 🐷🐄🐁🐐🐥🐴🐑🐎",4,4,1.1,2018-07-19 06:26:10,,
gp:AOqpTOHQnkjWjqZr1DiY-p7fW-UPpKNJybMFIudr-qB4mjeTsv20GZbzQdPNqUg6GJmgr8GVVkNA-EF19X-ZFXI,Vigilance x,https://play-lh.googleusercontent.com/a-/AOh14GiUCzwA9xnAU1j2vHcHFzpbCwfAcLEKVNJGp56P5w,"Hey I know your taking a break and all but after you're break can you make 
ultimate desert swamp and thylacine these are my request I hope you do them 
have a nice 1-2 yr break!",5,4,1.1,2018-07-17 19:19:05,,
gp:AOqpTOG-5VSvautVNbvUvq_ji861GiFp3xdpiS7tltSt0ilV4nwHvbEVyaMKDXnyG3JUFkM2mp_vKr4Wsd7_Km0,Kyennalla_ _,https://play-lh.googleusercontent.com/a-/AOh14Gh8ZqeG0DZIhYrMgfie_3YLLNXMk6d1FSj1i0HzPqo,"Honestly.? I've played all the simulators you've put out and well... You're 
going down hill. Fast. I love the games but the graphics are getting worse 
the ground is clipping through itself the animals movements are weird when 
you change to a cow males don't have utters... It is extremely off about 
the animal and male ""cows"" have larger horns than females I don't like 
being harsh if I am but if things continue the way they are you won't be 
getting any money from me.... And I'm sure a lot of people will feel the 
same judging by the other comments....",2,14,1.1,2018-07-11 21:53:13,,
gp:AOqpTOEetBV8rFfP52YPnBom2snJMJ9taafuwBMQLzTx2twWTgNr7yool-CF1EImpxegP487EZxce0bZwPv_kC0,larry the lion,https://play-lh.googleusercontent.com/a-/AOh14GgEmOs0k80jfI-khy4YM249ZYV9QyIsqEPlCKqE,Ultimate Australia,5,4,1.1,2018-07-08 17:00:54,,
gp:AOqpTOGpnE4eIzuHgkI_JkBB7iw1O6qcAb5huFhtzM1pWZPRo2aFgO9reUaZikBMnweqiFjtfAR0-w4m_C9OyzQ,Mikasa Ackermann,https://play-lh.googleusercontent.com/a-/AOh14GiA14Pr19ke9r3yTcaTubXAwCeAYMj4xJ9i9cq8RA,"¢αи υ мαкє αи υℓтιмαтє кαиgαяσσ ѕιм σя υℓтιмαтє σттєя ѕιм ρℓѕ ιf υ ∂σ ι 
ωιℓℓ яαтє αℓℓ gαмєѕ 5 ѕтαя ρℓѕ αи∂ тнαик υ",4,5,1.1,2018-07-07 16:05:55,,
gp:AOqpTOHEc-5tRoxSwJ9bxO639fx0ddQ6oe1oPUDq_TnmP0_gsWUAmtbYxvTlpNLo6uNaC6W3zUuDmueUQEgpZ7c,vickie lynn,https://play-lh.googleusercontent.com/a-/AOh14GggiuVKj5R8rQQ2gkeIWLAfqqO6g3UNL1REXo7V,"I would really like in Ultimate Pet simulator where you can play as geckos 
and birds and sugar gliders especially",5,6,1.1,2018-07-02 16:16:56,,
gp:AOqpTOHdUWVVe7qOQ6wjnrmhPKKXaMXWG7Kovm32oJH9f82452L1nZ8IpwDzKvFqaesZ5jacJsvH31j1dwxghz8,the Snake Eyes and chuckles show gijccc,https://play-lh.googleusercontent.com/a-/AOh14Gjd_yUyLsPTdtXNXmw7kmSOghwgCwjEyEo_qlhX0A,"Sorry i was so harsh with asking for my money back can you make 
a........lam siulator ( baby sheep )",5,3,1.1,2018-07-02 09:02:15,,
gp:AOqpTOHByGbXjDxYQ6JUitw0y2zUy3GTB3jzoodTn2tWikWcjgtEKTnPxKeom4cuiVeFOYArcAeip0Lc1-Bz_44,hi hi,https://play-lh.googleusercontent.com/-Y9EEZIKPsrI/AAAAAAAAAAI/AAAAAAAAAdA/AMZuucl-Ss5WIz18d5A76Di03sIMNolCyw/photo.jpg,"I love all your games with a passion! And the graphics are outstanding in 
this sequel!! But I have a few ideas..Ultimate Street Simulator 
with=(Pigeons,Rats,Dog,Cat, Squirrel,Racoon) Ultimate Pet simulator 
with=(Dogs,Cats, Horse's,Parrots,Mice,Fish,Ect) Or Ultimate Wolf Simulator 
I thought since the last wolf one was Soo good then make a remake with the 
new models and skins and terrain! PLEASE make one of these sometime please !",5,3,,2018-07-01 09:56:12,,
gp:AOqpTOFpJittC13PhgCsTm8QcWYqxZml89T18Nsq_p0x-gFMBeMj1BzYCR91Ob7zjxadHMC3QKFjBCYlEH83DYI,Eugenia Ahmedof,https://play-lh.googleusercontent.com/-2FQImQ8OGko/AAAAAAAAAAI/AAAAAAAAAAA/AMZuuclBl3UVi6uEUSHID4_SfCmbJVb30w/photo.jpg,"well the game is okay... most animals sink into the water and cant drink... 
the farm is very plain... plus i died a bunch cuz of no water. and boredom.",2,6,1.1,2018-06-29 20:23:44,,
gp:AOqpTOGcsX5QX7W-ssA8R7MEBt8AXTzJENuc5O7_d2k0hwQZQy9JWQlHSZ80j3ezRerMDbThKR9_tFXF84TcPlk,Samantha Ward,https://play-lh.googleusercontent.com/a-/AOh14Gicz0TTA1p6jQeh1YAweD0F3jkUCqnk53ux6Pdd2g,"I think it's a amazing game, but a couple of things I would like to change. 
1)The cow can't drink 2) The hills are hard to get up 3) Can you put a 
water bucket in the stable for cows.",4,13,1.1,2018-06-24 00:10:03,,
gp:AOqpTOF66PDgFK9whXD84nJxfUH7Fb9_DHZIfueRki_nsXWIMgcDyHXCdRffjmkrFt3pDHZdOjlyb0wjWujl7oU,John Kerr,https://play-lh.googleusercontent.com/-cD6wO3YA1Yw/AAAAAAAAAAI/AAAAAAAAAAA/AMZuuck9QXL8_SVt-3TOIC8GRVcrz-Lpig/photo.jpg,Can we be a death thingy please answer,4,2,1.1,2018-06-23 11:37:17,,
gp:AOqpTOG9Fe-JVS4AksoYVDA9TTGixpEtOhJ5lfsebbMKjwEvvz62JlMDUYfYMkXRejf6WW5nmLscKdTcre3srGA,Axenatow Adventures,https://play-lh.googleusercontent.com/a-/AOh14Gia8mpIz9vvAT23uTcLsriPW4Ca4ciz0OhT5yv5,"I like the game and its fun but I can't drink the water at all I'm pretty 
much walking underwater",4,4,1.1,2018-06-22 09:08:19,,
gp:AOqpTOEMFuVipEaTD3T5oz5seJQx5KxDo9NhY2NnKON1UKeewmwZpPS7Y6F2PX-0s23gIazsmTZ_QMz7X7_8mTQ,Gypsy Hairston,https://play-lh.googleusercontent.com/a-/AOh14GjpMdtkp0_adbWzkhg80QvOlPJLtqSGzKFN7-KG,"I loved this game, as I do all the other games! I have a small idea for a 
new game. It will be like a rodent simulation. You cam be a hamster, rat, 
and so many more. You can be wild or you can live in a house.",5,4,,2018-06-20 13:27:16,,
gp:AOqpTOGx033qe28R9IX474yfd7gevWRPipiaQnzJPwjp8M6ezbU0MYQ1Q2yD1O35AcHiSEuctSoJguBK16udP90,Georgann Mittal,https://play-lh.googleusercontent.com/-4VkF1cDOYT8/AAAAAAAAAAI/AAAAAAAAAHU/AMZuuclVbLOtKwmRcJfDOtxMRvU4GdU8eQ/photo.jpg,"Thanks for fixing the water I found away to drink water where there is a 
den or barn with a big garden and a shed you can drink water good job you 
should do a ultimate animals online or ultimate pet",5,7,1.1,2018-06-18 10:51:11,,
gp:AOqpTOEVZtE6jnL-s5ZJ_3mz34Rd5sI803rf8tRSkKlG1uVNU1i2AEwPyU5nF7GWeckfMoqLBLdPd10W9ZybHIA,Jazzmyne Myles,https://play-lh.googleusercontent.com/a-/AOh14Gh4ulQ_VMUkXoqHC1zolw3c2RAsUobhmpltzfLV1AA,I love the game but it won't let me drink water,4,3,1.1,2018-06-17 18:48:30,,
gp:AOqpTOFKEw6YBxmGy1gD03bMcciSDFD7jVY8O5xuiQM5Op_k6G9PivzL9G_XudYZupK8DPlPf_uDnoPZrx5ddlw,William Bizier,https://play-lh.googleusercontent.com/a-/AOh14GhSv6n6lpgwJXmYkFHgxdLZ8l7t1hc_2qYdpUV3vg,Please make insect simulator,5,5,1.1,2018-06-16 13:53:02,,
gp:AOqpTOG6yiSVjxmvy89YFkuBOdoNyFnTWM7tZmfEUVfeT_Zr914OQl-UO7UMl13j-_MQ8DXob-0hEP04xY3uFt8,Emma Skowronski,https://play-lh.googleusercontent.com/-YZZLhEpsubs/AAAAAAAAAAI/AAAAAAAAAAA/AMZuucmZdkfFiNI0VaI0kC3abImK6fGZsg/photo.jpg,I love these games and cannot wait to play this one! 😃,5,2,,2018-06-16 07:25:16,,
gp:AOqpTOHq-6yKgmrDXHzbDf1Th22uMDsE4YpdzL6Edwgb-EHxsaqRc0DZ1lGRTFfWKiC4JHiHcLBGSdvVlHd6tks,Terra V,https://play-lh.googleusercontent.com/a-/AOh14GgDaJwIymi3_fCWR0WSZhiiyaE1YjTP9UnWd9P0Qg,"i love your games BUT PLEASE PLEASE PLEEEEEEASE smooth out the mountains! i 
cant get to the places on the map because the moutains are too steep! or 
change the map so its easier to find the smoother terrain. and please do 
this to all of your games. i have this problem with the other simulators as 
well. ive played most of these and i love them but they can become very 
hard to control/manuver through ☹",3,26,1.1,2018-06-15 07:36:14,,
gp:AOqpTOFBk-sh7ktr_iunWzyBNP2mu-oaD9LGeI63hKhkfhJ1A_hwuvESvGL0XfbXaC-2dxu46BwlRD3rF9yV_TU,Bruce wilkins,https://play-lh.googleusercontent.com/a-/AOh14GiqKcggdK98dHHYfAoTQagoZL0wivz41GXMcU1Ppw,This is amazing i love a lot can you make a ultimate reptile amphibian sim,4,5,1.1,2018-06-09 23:23:35,,
gp:AOqpTOEzOV6rYYMmwFrwDC5HkWMO_6qkLxjM8pZk3btvYezh8QgB8nAah05-W4TPLVJLlTIw8oL3kaai1wKqsn4,A Google user,https://play-lh.googleusercontent.com/EGemoI2NTXmTsBVtJqk8jxF9rh8ApRWfsIMQSt2uE4OcpQqbFu7f7NbTK05lx80nuSijCz7sc3a277R67g,"It's a pretty good game But add guinea pigs,cats,dogs!!please",5,5,1.1,2018-06-09 18:46:43,,
gp:AOqpTOH2Pr13pT4SaXmAR42aYZfh70fwZGafkON6tIU9_E50lX1oIqO-vbAZXUfJr8MuAkCaMkCypewlbIAc-vA,A Google user,https://play-lh.googleusercontent.com/EGemoI2NTXmTsBVtJqk8jxF9rh8ApRWfsIMQSt2uE4OcpQqbFu7f7NbTK05lx80nuSijCz7sc3a277R67g,Why can't I drink water why can't I drink water,4,6,1.1,2018-06-08 11:12:38,,
gp:AOqpTOFDKYTeNctn1si7BtVVDL2wgum5F0QgkN78ueHdTb93Z2eZbzJ-ezMbh3g9SJqXlJtBCNEv_s3Omr-VFP8,A Google user,https://play-lh.googleusercontent.com/EGemoI2NTXmTsBVtJqk8jxF9rh8ApRWfsIMQSt2uE4OcpQqbFu7f7NbTK05lx80nuSijCz7sc3a277R67g,This amazing but we cows we need to get milk,5,3,1.1,2018-06-07 13:18:24,,
gp:AOqpTOHP-HgaTQOQenRs_L4um34tRFobZjlwUGa4dIkiwMHhyesJoS8yTxVyPmoQYS_MWF8-kbWLl_3HeBVRS9Y,Polar Bears,https://play-lh.googleusercontent.com/a-/AOh14Ggl5-dc18ifZXWSbXmjqbNI2ZbrnS8uxXTiYenv,"This is from someone who has played all of your games from the beginning- 
and at first your games improved massively, but your most recent games like 
this and the arctic simulater and forest simulater have declined massively 
from the standard of work previously. The graphics seem hurried and 
unrealistic.. I am sad to see your games going downhill.",2,61,1.1,2018-06-04 23:55:33,,
gp:AOqpTOFsGI-XtRHzgI-K1_3Hw0YSh1VSHByFT5Hg_Sn-4tCJVj8jHT0NFn2zro7ERg13c9E1I3lkrwmKU6gmJUc,Fox Oreo,https://play-lh.googleusercontent.com/a-/AOh14GiubJocYejSjZZCYXh1gzizu6KsH2BwaOeRg4oMJA,"Gluten free pls respond. Could u add a ultimate rabbit simulator plssss it 
would be so fun tysm bai",5,10,1.1,2018-06-04 16:41:19,,
gp:AOqpTOH-dvBV_QbA1jRKvj-hqqIALvUSjUwXVuNfyGwDDO7-GgiZI55BZ9n_2qbbwzF08t7f4HMLDDGI267jxXk,Sarah Panda,https://play-lh.googleusercontent.com/a-/AOh14GgfW5qUhZCNrVUeYKyCuoQFniFnkGmmwB5prJhO0w,"Very hard finding mates, I didn't even see one! Also, you can't drink 
water...",5,8,1.1,2018-06-04 05:05:25,,
gp:AOqpTOGnzlTtltJAIMaqlU6ZglBD6HzeQyvTaIH188BPg3wgroxpjnzBmD1d1gQm_GigWNWRVkCXyU70cDRtIjU,Caitlyn Long,https://play-lh.googleusercontent.com/-Im4Pe3A2nRY/AAAAAAAAAAI/AAAAAAAAAAA/AMZuuckyDWUV2NhkVageQTj8poFF4Ape2A/photo.jpg,"A fantastic game. A few problems though. 1) a donkey Moves slightly tilted 
back 2) cows can't drink water, when going to swim, instead they walk or 
run underneath the water. 3)in the mice home (haystacks) a cow can get in 
because the top haystack of the entrance is walkthrough. 4) most trees are 
walkthrough. Those are the reasons I gave it 4 star, fix some and I will 
definitely give 5. Also, a suggestion, maby as a chicken in the farm, a fox 
will come into the area looking for food and you have to hide or kill it to 
protect your family. If you do take this suggestion, can you only put the 
fox in for 2 or so minutes? Thank you for a fantastic game! No wonder (in 
the time I am now) it is in the top 10 simulants! Bye!",4,25,1.1,2018-05-30 02:14:14,,
gp:AOqpTOEBzgtHmiWwgLG18uWk27BBbU-cYiI-I_cwdQf0ZS28m7vS6NT2CC5gkXZdSYZ7u9xd0R62-vXkGJheiVw,Riain Isgar,https://play-lh.googleusercontent.com/a-/AOh14GhswH_eH7rpSaqw5vptxPLHXUYGsJfl4izRJED9,"Just some more ideas! Ultimate rodent sim! And maybe ultimate fish? 
Ultimate insect sim! Ultimate wild sim!",5,12,1.1,2018-05-29 12:08:59,,
gp:AOqpTOEGCM6uW0M1p7PMiEP6ONrj8HPUohTqlFYIQMGRxk-TANLQIYcwtXybWeXYbeX3R9085FxanUu0mQUVL7E,Spring Marie,https://play-lh.googleusercontent.com/a-/AOh14Ghlmq0LQSlOlNMtl54LiE5y02nNxSN5_u1WH4GwfA,"I love all your games my mom tho of this and I think it was cool if you 
made a bug simulation were you be different bugs and stuff like that 👍👍",5,20,1.1,2018-05-29 00:31:52,,
gp:AOqpTOGVjNkBeDVmPvmRcHjoq9i_qHcplNCDZ7uvC1EMXWNPl42zwpM-hvIjI9m0ZBcqRBlYao2ZLGRmr64mKRs,Damyia,https://play-lh.googleusercontent.com/a-/AOh14GhCscg3DQ0wIhzUN6UKE4AdjoKndAniP5pOnkts5A,U cant drink water and thats some bs,5,2,,2018-05-28 13:22:06,,
gp:AOqpTOHMkw7dhr-fDDr2-5kgoPyzTZKERJ0kPxuuPEz4xwhBfGJkdqBdtGKf9YTdJL_F-3jqoxwURgBcIOVm6qI,puppy hope,https://play-lh.googleusercontent.com/a-/AOh14GjLxejZj7TtGf2V3aws8vneMiXaM0YVYvQ4z6Tk_Q,I❤🐷🐖🐖🐖🐖🐖🐓🐓🐓🐀🐀🐀🐃🐃🐃🐎🐎🐎🐐🐐🐐🐏🐏🐏🐏ans donkey,5,5,1.1,2018-05-27 22:15:20,,
gp:AOqpTOHBzdKPbCKJvdryOtHuQTCRhtXpJVGVaeakb2BPKIVnNX1iLIA8UCOtf_j_unuR6hD0mOg_o28WlF6xji8,A Google user,https://play-lh.googleusercontent.com/EGemoI2NTXmTsBVtJqk8jxF9rh8ApRWfsIMQSt2uE4OcpQqbFu7f7NbTK05lx80nuSijCz7sc3a277R67g,Good,5,4,1.1,2018-05-27 16:33:53,,
gp:AOqpTOFiCtQJ9dUVIJzy1fQheLrKmmun23gK6UtDKPrDpdidj1XwuaJuXYDBUkLdufOumK0mSIvdPZfuBJLinis,Stxpid gxrl,https://play-lh.googleusercontent.com/a-/AOh14GgbQglJm4eN_oyQcbUFkjv6WJaVewKbAJaapihYIQ,The best thing ever,5,4,,2018-05-26 11:52:30,,
gp:AOqpTOE1c6aOOMnb4n7N4IaBZqIsmeHq06lJfY3SoKKKc9EwaVUYkmkcobcANRczpqUwJaTgygKLs45vXpmtrPY,Indoraptor101 gaming,https://play-lh.googleusercontent.com/a-/AOh14GjHWwF2ikjsRN_liyQfZDfEM4azlo_7Fu0MD2L9Yg,"As soon as I downloaded this game i played as the cow and got it to lvl 5 
and also can you make an ultimate bug simulator or ultimate kaiju simulator",5,14,1.1,2018-05-24 09:59:05,,
gp:AOqpTOH0JgI3SI0zn5T3bT5uhBCaIxuaZLoEdJaeE3EeUcyWa9htSpkp4oflMBdLP2_Odd2hK_s40ACuW87_xuU,Shadow Ninja,https://play-lh.googleusercontent.com/-ppXKgQosoM4/AAAAAAAAAAI/AAAAAAAAAAA/AMZuucnBRroypyGO-7KCVJ0uiw8cU660wQ/photo.jpg,The camera lock fore the ultimate jungle simulator isn't looking properly,5,7,1.1,2018-05-23 21:41:07,,
gp:AOqpTOFXSh5oojwLmxuePq0fdiWVNn2Ml5hxsx9JQOGRbuQPe3spExE4jY-qmg7pPeFPkWH8PY3IVwWjjYbjhuI,project zorgo is fake,https://play-lh.googleusercontent.com/a-/AOh14Gj5ZFtD4GAV5EJgCzeQ_F1gdyQ61aEr8cZRiYI0Nw,I love piggys,5,9,1.1,2018-05-22 15:26:49,,
gp:AOqpTOHulC6i4sjo1lqvkjyHfF8OQK6wY-MxyBTIVaHVXVfVNoqtwxA1WOudnznVRNVSYQd6gACfImD4yVvJIp4,A Google user,https://play-lh.googleusercontent.com/EGemoI2NTXmTsBVtJqk8jxF9rh8ApRWfsIMQSt2uE4OcpQqbFu7f7NbTK05lx80nuSijCz7sc3a277R67g,I love itt!!,5,8,,2018-05-21 17:01:05,,
gp:AOqpTOEHBkNcNJvBpH-I0IutZFIQSY9H2iwvckMSF3AXkQwzIhzzNt1vk3Lr247QjH1muxHaz2XrSbY9Y0q-9m0,Galaxy Wolf,https://play-lh.googleusercontent.com/a-/AOh14GggNnEP6o5ILD5uC89vVFx3wafC8gsd5KstTBbqrw,Good game! I've found a bug which I'll email you about. Overall a fun game.,4,10,1.1,2018-05-21 08:32:45,,
gp:AOqpTOH0w4T4sSAgJCEyE_Bu6v3X0Mc3aszAqpKDdGBqFjGdbmPsj-HSIc2C4vrysMob9L8GT-abSEKaNyTLUg4,Jill Elicano-Tan,https://play-lh.googleusercontent.com/-8Evhz-ZUjHY/AAAAAAAAAAI/AAAAAAAAAAA/AMZuuclA7DdVfinxS7SFAG6MyfYDsTBfAA/photo.jpg,Giving 1 star because the app won't even download,1,6,,2018-05-21 08:09:05,,
gp:AOqpTOHJYUFfKvQz_OTv4KBaC8gOeauw2q3vsPJIIRiz_2sFHrRDixAOw24Pj-88di2_55Pdj6BQw3V6LhHJuJw,Han Margrave,https://play-lh.googleusercontent.com/a-/AOh14Gjc0X1MHdzv90DQEls6WE1PalSpSOpTMmIu0YeDIw,"I have always loved these games, they are beautiful ❤️❤️❤️❤️❤️❤️❤️❤️❤️",5,15,1.1,2018-05-20 13:10:27,,
gp:AOqpTOF3ME9BK8SY9OvQaHigZz_LatynCp5HzbcmcOWQh9rZyLMt0eJULo7l4zWAx9tdWOhy28pcjPTRcxnpTBU,DeathQueen 56,https://play-lh.googleusercontent.com/a-/AOh14Gh9hOG8ct9tu21WJ6pc5WskYw8cLMS7MAxnG0a6Ug,plz fix the glichs but amazing and plzz make a insect simulator plzz,4,7,1,2018-05-19 17:28:40,,
gp:AOqpTOF2ovpTsXHzTG8iOOac8C1KF2sSlcC1Kpmn1HkGmMbMcYIPJ6ALIQqJeTPwwMow155mKSDPM4JLRGGuuPw,The Deli,https://play-lh.googleusercontent.com/a-/AOh14Gi8xo3gukGqRTwwEgYGmNd6QydMb80YcjAzsJG3Ow,Love it! I'll miss you Gluten!!,5,8,1,2018-05-18 21:43:45,,
gp:AOqpTOHHLZCyeMBeXdhKhV2VQrRzo1fnhoFc5Tl6yygb52t6ZFk8uPFbQAsr-Wsj8UHLN4QpnxH6r9P0I2ropYQ,Puppywaffles 38,https://play-lh.googleusercontent.com/a-/AOh14Gi8FdPW4vLT602CvAfDGIJBbDH0HO8aEbTcGNbnF4I,"Ok you can't drink water, when you eat hay it doesn't increase hunger",3,11,1,2018-05-18 20:57:10,,
gp:AOqpTOHjrwlBjWhVxVJk5xZKv5bw4E5AsKvFdCW16fsX_klzGkvFT6iII09QpmQPrCE_i1Uzp5nSF6nrAKpXoLo,Oditte,https://play-lh.googleusercontent.com/-ZeKy4MFYAVw/AAAAAAAAAAI/AAAAAAAAAAA/AMZuuclPw8zKn6qZPgjH-wW_m7k6xI2wRg/photo.jpg,I love it!!,5,6,1,2018-05-18 13:39:50,,
gp:AOqpTOF-U53EqU6EMzl7v7jOGT1F4nQjuP8D9-wuowehpgstI_eYYcmNTwQeQjKq3XV8YHaCNcVryStsjeC8vz0,Angel McDonald,https://play-lh.googleusercontent.com/-oQ7Q0JgM-1U/AAAAAAAAAAI/AAAAAAAAAAA/AMZuuck51C1cbhQ7IikMe9qJDtQOJvW6DA/photo.jpg,Thank you so much! I love the animals it's so cute!,5,10,1,2018-05-18 13:17:56,,
gp:AOqpTOGDdS67f0jVFoML4LwG5D4cDT7oXHa455Ktk2q3v0EVkGWqGLYZ1eJzkdl5IHi4D99xV-1aUz_JWNkkaTI,Muzahir Kazmi,https://play-lh.googleusercontent.com/-3xE9SxwOvdU/AAAAAAAAAAI/AAAAAAAAAAA/AMZuuckIh069ztgaUf-m222XmAO_a3RexQ/photo.jpg,When i turn on the game it closes fix it,5,6,,2018-05-18 10:05:29,,
