reviewId,userName,userImage,content,score,thumbsUpCount,reviewCreatedVersion,at,replyContent,repliedAt
gp:AOqpTOFkoiq91sp-BNXKuCuWvbsGfJoz57ll7zLvCg7Y5A43zAtLVfJmbNCaGas1GZkn0QJLmwAIVw45pJ0j,Jaydee Cox-Chairman,https://play-lh.googleusercontent.com/-iPNh1OS9aoI/AAAAAAAAAAI/AAAAAAAAAAA/AMZuucnrbqTR3zhfsrvZRfX1v4jHenUFGQ/photo.jpg,"Great game, but I'm having difficulty hatching more youngsters",3,0,1,2021-02-01 08:27:14,,
gp:AOqpTOElAmlaMTSYiWAW1XyL1KLMqnh8mF7xC8LnTGqHxaoH4n5XJ_9TR5OCxlWEahJyY3oAc2mMWXQiKg4C,Isiah Rice,https://play-lh.googleusercontent.com/a-/AOh14GgS8mSMkICOrJ0tRxl23Vz97WIaiam0w08sPWPt,Every single time I fall through invisible floors Then I get respond The creators need to test out their game before releasing it to the public It's very laggy,1,0,1,2021-01-30 10:51:52,,
gp:AOqpTOFweC5k0tifUeXwmNwSkWjYrcAcLWgGkkoAgwBiF2-UabWXPuh84-nAvlibjLwGisL2jUPs2Tjt5_aP,Nicole King,https://play-lh.googleusercontent.com/-JTixVcquOXY/AAAAAAAAAAI/AAAAAAAAAAA/AMZuucn6CCSgARpKT9Ih9HZ3jgnEktnuOA/photo.jpg,This game I love it but I play then it stops and I have do go back into the game pls help😭,3,0,1,2021-01-28 00:36:25,,
gp:AOqpTOHkjB1sdQqPfWUtRzkKgUq8nVj7HECT7-4-yWZ5wx6onLwacSj_ifGF7Io6zlUjCDEz3ZRxXqC0aNx-,Niño Vincent Ardillos,https://play-lh.googleusercontent.com/a-/AOh14GhcFJ6ndMhtGkoPKvpgwySQNh75o3r0VQuPTpkw,Its amazing😍💖,5,0,1,2021-01-27 20:50:07,,
gp:AOqpTOGATpZk01TveRjrZctrFNZsq9Ro2Vz4WzhGS45z7vHQQT53n8S_M3_FGzJCTxJawq-l-TKUvU7e9yhL,Y R,https://play-lh.googleusercontent.com/-UVeu2Hlgfn8/AAAAAAAAAAI/AAAAAAAAAAA/AMZuuclI_qQv_AQRX-sctOs24-Ek88plkA/photo.jpg,add a grab button.add eggs and make it shake and hatch.when you jump on something you could climb to where you want and your clan members would do that to and add humans also if the animal is to small to get on their back I wish it would say grab so you can grab it.And also your members would get hungry and thirsty and would sometimes fight.and I wish they would look for food for the pack too and I wish there were more trees and grass,2,5,1,2021-01-22 16:16:55,,
gp:AOqpTOHgo65V75up0Ue_zGXI9tBAmMaAe7ooBw20yvlakqcmS5rcBu1wZ-JTesNAPt1Tw0sHuGJTlYn5KpUm,Boba fett,https://play-lh.googleusercontent.com/a-/AOh14GgitFMi6xMZyHOlK4UQTCsWUprwu_zNfKtCgk-InQ,Its an awsome game i love to play it but i wish it was not so glitchy:(,5,0,1,2021-01-16 19:24:33,,
gp:AOqpTOHtbopaAJSPpbvoPENsAZD-ztLdv-UqB_NpOU0tlI5sdEeaNVX8Bwy7U3Zqyvg19f2lEaV5pXstdj5d,fandom name for april should be april showers lol,https://play-lh.googleusercontent.com/a-/AOh14GhzIJ3RGU6YpbHJikS_pD8Ab53D0XOnNVpEiMm2XA,"Good game, few bugs and glitches but thats fine.",1,1,1,2021-01-16 08:03:50,,
gp:AOqpTOFsEZYYlAFuRqovV6SnNRLsK8GL2eLjcCCwHtQong-XAO_5oZBAbz-t1pJXpDQXzHlfimIsfjf-GqNX,Criselda Brown,https://play-lh.googleusercontent.com/-qOyEC_gWli0/AAAAAAAAAAI/AAAAAAAAAAA/AMZuucnul17eJiWy3ud2QdPck_gTJ71Dvg/photo.jpg,To Many glitches. Im always falling falling through rocks and it would the world will become purple and I would always teleport back to where I live,4,0,1,2021-01-04 10:26:41,,
gp:AOqpTOHgwhAfZwamTOgkjSPk5AFhCIb4NZDdvOMy4vVYH2naGSc1k8KOL4W_saw4qAEEm1ew4Z-a5Sy9QJ_L,Sierra Storms,https://play-lh.googleusercontent.com/-B71k3lYC9aE/AAAAAAAAAAI/AAAAAAAAAAA/AMZuucmShyWRC2Ni2nV7kw0pprjhFYYvRw/photo.jpg,"I love the game but, where's the first raptor sim? Anyway this games awsome. But theres a glitch if I feed my mate or if I'm fighting a animal I glitch through the world and the screen goes pink and I die, so could u fix that plz?",4,0,1,2021-01-01 08:59:07,,
gp:AOqpTOHe39Tf72MKJ7r2Oq5vOSjGUQ2duXOVF-N3Mx25J4B_71Kd4vX_4VMsZ56MvapQM2GuDCck3H-70xjc,cj bros gaming,https://play-lh.googleusercontent.com/a-/AOh14GgfdoMz8GKtT8tp5MLU5pt5O26VvahocAumJ2kxdQ,Ez,5,0,,2020-12-08 12:05:47,,
gp:AOqpTOFynPduTm_6o2CpOX7q0xyCMmRAXrnTySO34tkBUvVwsNwQ6k05qOg-IlFlltUHq-PIa5KMvusF_Mp8,molly Watkins,https://play-lh.googleusercontent.com/a-/AOh14GgRAMfV_B4H2zEMTHY7TLwXNvFBibfo7WP_NCaK6qw,I cant even have babies when i try and press the button when the time is up it just flashes,1,0,1,2020-12-04 16:15:42,,
gp:AOqpTOFgiFGLzCLH8005PdVUynPCA53UzHE9j5xhOTR4uLm7VheMPW9s3i0vDN19bHTfHOBqSFlzdulVPSEB,xXItzWølfieYTXx,https://play-lh.googleusercontent.com/a-/AOh14Ghira37SFtlaEV9_4MxYc_rHuezWiX3Nn_cCIkX3Q,I don't like the game like if I run to a hill it makes me fall out of the world and it's not fun I don't know why I bought ur game it keeps making me fall off the world it's annoying can u fix it so I can play with nothing like that I said,1,0,1,2020-12-04 12:46:29,,
gp:AOqpTOG87lAwPjk4M-kSgJHYfT4_9w7ItqXSKMrb1hHClcNKI5U8oCkCFbPKAxqatt62sXodX-cwn4fidz2Q,Lizuma,https://play-lh.googleusercontent.com/a-/AOh14GjvCCRhWLtOqmx3uYVEPlNQaqWQjvVLukgJVHkH5qs,"It seems okay I guess...like the other Ultimate 2 games its mostly unplayable on my tablet though and I must use my PC. Theres this strange thing about the lava. It acts like you're being damaged but you dont lose health if you step into the lava, all it does is create a really shaky screen. Isnt lava supposed to hurt you?",3,9,1,2020-12-01 09:40:06,,
gp:AOqpTOHURPWZLgqNnrGCg2YqKUsTy1-fqvdl2iyPneIxlYG6nHxwsdr-JYM6FPBotcT15BK7PqPt2zLjEQM4,galaxy owl,https://play-lh.googleusercontent.com/a-/AOh14GjxyjJbJdKQvMOglAGr3Z_xGhRG9DfWEnsFmnhoBGw,"like a lot of your previous games, the graphics are great, the controls are great and the over all experince is enjoyable. the only probelm is when i try to hatch the baby it just sits on a cutsceen while the screen blinks.",4,0,1,2020-11-26 09:02:59,,
gp:AOqpTOE-kpOJcJmkGb8nDeCuwvPHnQLgVlPZaX1myXWrhfb40PorsLJ2u23Nv6S9j8A-qfQt-YVWM1MJrPZy,Frank Bruno,https://play-lh.googleusercontent.com/-usYbxQdJ3nw/AAAAAAAAAAI/AAAAAAAAAAA/AMZuuclfsOrqR5GKqySMyh1OvwiA1pDjiQ/photo.jpg,I love this game but you dont have now dinosaur plz make now dinosaur like sinop Plz and a trex and a fly dinosaur Thx,5,1,1,2020-11-24 16:23:29,,
gp:AOqpTOHyl3nu8WVyY1gnDp3c1axTPEN_BPuXnXtNpYZB6KvUjkS6qCe3MPJp8fF16q7nUxaVyMgQVS0h9d_k,Crystal Stonebreaker,https://play-lh.googleusercontent.com/-VSx3kcnAY-g/AAAAAAAAAAI/AAAAAAAAAAA/AMZuucndKaonlXxT-jl4miS7nfmBQ9GPsA/photo.jpg,"While I really do like these games and this game as well. It's got good graphics, I love the tail physics, it just gets so. Dang. Laggy. To the point where I just kind of freezes and then I need to reset my phone because I'm not able to go back to home since at this point my whole phone is lagging. That and every now and then, usually when you're climbing something, you'll kind of fall through the map and then the screen will go all pink then you'll die, that get a little frustrating.",3,14,1,2020-11-19 05:38:51,,
gp:AOqpTOH1asuA_1j9-jDR2k05axZ7wZju1HT1-TXe3Lk3j8bnPcvYSQH5LPxZnmbDp9PSBmTiOdhkBE4E8yQQ,Luxxx,https://play-lh.googleusercontent.com/a-/AOh14Gh8iRnTLy5VivIdomjmhcV5-vKqbTbIEnKPTxYcAw,Ayyyyyyyyyyyyyyyyyyyyyyyy,5,0,1,2020-11-14 14:11:17,,
gp:AOqpTOEIRRNX7Ywnv5X4MFAJ6YlSN4B91InRMMeB6sPkhVer7bkXr0qsoS2zFjm0iMP89cnDNgdXbgls1_BX,Lemur animates,https://play-lh.googleusercontent.com/a-/AOh14GjLzyWfD1NWfC3To0y77r06LnKfrdio249owNGltw,Can't have more than 1 child at a time,3,0,,2020-11-13 12:06:15,,
gp:AOqpTOE6wf8lxwK2t8wSnmQOeLQOwx8sGitZqjlEaQvEpI3jC92odLHdDIDi6w9JWu65ntGFFnmhEFy73pJ4,Dino Ben,https://play-lh.googleusercontent.com/a-/AOh14GgMh1coxxk32K7mRZTAJwwriAcP5rXoRqbRD_YXgg,I want a ultimate killer whale 2 simulator,5,0,1,2020-11-05 14:32:54,,
gp:AOqpTOHVyVTdcUTMSIUbugdUKUeUMsNup46PAzKQfio_aft740AkVwl3h18B4NHxbhlZ0KdLAGFlU6gNqN3V,Gacha Sky Potato,https://play-lh.googleusercontent.com/a-/AOh14Gjs9EDqCn30dgYDDhipr8OHFT2_IUFKKE7mnEZk,Hello it's really good but when I press birth it does it but it took long so please fix it,4,0,1,2020-11-04 17:38:34,,
gp:AOqpTOHmIyegmJUllpjX03PVwtm_oCNrbqnPKW9K3yPUuONuSrIlskrg8cqFJEPQoDb1fhOejs4Z-aU0Vgro,Joe DiBruno,https://play-lh.googleusercontent.com/a-/AOh14GiVSIof3gOSZczPzgha6p0SwdMMxEzwfodYhqYa,The egg hatching is not working,4,0,1,2020-11-04 08:48:02,,
gp:AOqpTOFKqk__SbFP7Xhky8fhs5sHRXpFxjIfF_diyx-IXifKWt_rxuBbUJjRfY9mVrjQAZ2V62NwAw6vj_iN,Neo Hyena,https://play-lh.googleusercontent.com/a-/AOh14Gi5VsmrGfZ5GuqY1rgtsxDZ4LI1STm3lBeZp33W,"As always I absolutely love your games. I've had no problems with lag, mostly because I know to turn the graphics down to the lowest- and even then the game looks amazing. Only issue I've had with this app is that my egg won't hatch, it sort of gets stuck at this screen that gets dark and then light again. Am I supposed to wait..? Anyways, love your games. ♡",5,13,1,2020-11-04 07:27:14,,
gp:AOqpTOETP4BPBDJsHqUEiRXWrWXRmyP4ZDipF5G-lMp4QALRXNuh3iTr6PyqUM4gPRPSAtxvnOB62Y2TkgUO,Lucy Harmer,https://play-lh.googleusercontent.com/-I4SrxfYSY0o/AAAAAAAAAAI/AAAAAAAAAAA/AMZuucnv-0JCSjeoT70YFz1SY6NG649Ffg/photo.jpg,Bad,2,0,,2020-11-02 01:30:09,,
gp:AOqpTOHUpfE6hxaWEVELwrVb36dq1X0ooaj0Elpzx7G0Z5LjVGdYIlPIa4LgesWFQoCYHznzFD2PfL8XgPlE,Lightshadow the dragon,https://play-lh.googleusercontent.com/a-/AOh14GhvXVhtEIguakbESHA3tYEOQxr9Ha5v4xjTSUqS,I love this game its very beautiful. But I have an egg that won't hach idk but when I press the baby raptor icon to make it born it does the animation but its on the camara idk why its happening but please fix it. Also I want a cat sim 2,4,0,1,2020-10-31 15:30:49,,
gp:AOqpTOH30Rq1v7nvSvvjLCEoaGxPVSlfkTSPrWar_5WmLd-WpNcjoXwtiUJSPUyTCqe05ZazFxhzMusV7mCB,Wolfer Wolfer,https://play-lh.googleusercontent.com/a-/AOh14GhxNQBuo7ByJ7qk3_tAIDqRT5Pgf9I1FApOJtp49w,"I absolutely adore this app. Though there are a few glitches. One major glitch is where each time I attempt to hatch my young, it gets stuck on this black screen, constantly blinking.",1,4,1,2020-10-29 11:40:39,,
gp:AOqpTOEYr3fLLRcfqQ16uWlKSNf6sjqr_eCm7z1sJN5AOGkrEsSDQKV3IJqmdA_Z9ZV6RsCG80Cmgjfkx5Ql,snowygalaxy wolf,https://play-lh.googleusercontent.com/a-/AOh14GhnAIrqpC6qDEspWMAzC1rROT3Ur3NqRDgiUgAfGg,This game is good and cool please do a ultimate rabbit simulator i love rabbits im giving this game five star's good job 👏,5,0,1,2020-10-27 12:34:09,,
gp:AOqpTOFuw8NYOrbEzkmV6J2DyKgdk9twWukl6LcuF3BmU3auJJxwaSGCALFqQZI4p71DALMLCWNzM-hvsD53,Jessica Goldman,https://play-lh.googleusercontent.com/a-/AOh14Gioxt_U5F2kMVU2tWLW8Sy8Mk9LwJhJC93UktkmoQ,I loved it its very beautiful and realistic i just wish u could play as a rex and the other dinosaurs,5,1,1,2020-10-25 17:19:56,,
gp:AOqpTOEL8EMSvKBQCuO5vwi5Ja8A8ivxWuBi2zkqjs2A4p4pjxfdoBYhzjCiIA70oDF6DPyY1fIXHd6CokN6,white rabbit,https://play-lh.googleusercontent.com/a-/AOh14GjJcC8E2U1lPIE809txrkUZqqJ_-x97uok9W9Gw,IT WONT LET ME REFUND SCAMMM!!!!,1,0,,2020-10-20 02:33:28,,
gp:AOqpTOG2QtozitDoG1D6pWoTDIgzTN-BZSn7iE6d7CdMls94KjJEt_LtvVHhP86sxxooE96igVLzWKv-16ce,Baby Girl,https://play-lh.googleusercontent.com/-QbozrhB6SLs/AAAAAAAAAAI/AAAAAAAAAAA/AMZuuckAKB2BGPlAbPhx03awWnk0Njh4Tw/photo.jpg,Its great. But one. Problem can you fix. The. Fall though glich its really anyoing and one more thing plzzzz. Plzzz. Fix the baby glich please Great games tho,4,0,,2020-10-18 21:15:19,,
gp:AOqpTOEp3sSKlb769tAawgndaJh_gqnoYPV6JJ1sihcVf_jf4L46HJybWtz1JmwPIWXtKTTP5x5vzo0iTq4n,nichole curtis,https://play-lh.googleusercontent.com/a-/AOh14GjqHqXxa5HN1MoM7d59hO6Rfp3b3iN_395xFOsy,Still overheats my phone battery but not too many glitches.,2,0,1,2020-10-10 14:25:20,,
gp:AOqpTOG5qoLR9aGGC1TVLatNunP90S2zcvlpoPcT1_O5fE5e5DJYq7qGTXZhDPTR6Edb_Bl1ZkqT2xFnH9R5,꧁J a c e꧂,https://play-lh.googleusercontent.com/a-/AOh14GiezTC-4ArqQ23-oMRrwjmfoOI5rdB65a93FEr2zg,So the fish quest is very very annoying and I can't collect scales for it.....Can you fix the bug...I know you don't really look at these but I really hope you do!good game tho..,4,0,1,2020-10-10 10:15:29,,
gp:AOqpTOGAGvIXxdkfsOzOJu_dUxd96DcyXNTog6cSpV3cn9UdgxS7n5n8rI4EfecYdmKwWY3Vg8ntLU6drULY,Nyx Craddock,https://play-lh.googleusercontent.com/a-/AOh14GioqdEosj_AT-s56CI0KOJ_i-xL_fY1UQVMI03hDQ,"Very cool but when my babies try to hatch, they never do then I have to keep closing out the game if I want to play as my current raptors, please fix this and then I will rate five stars",4,2,1,2020-10-10 06:28:09,,
gp:AOqpTOETqyjf-dqvfcxFytpKfDPFVWB66jUC9EVBb1pwYvvbTGPiEU6dZoBCFQmKnXmby9qRahzbpJGCcA_t,Josh Va,https://play-lh.googleusercontent.com/-7uCDNR_2u7o/AAAAAAAAAAI/AAAAAAAAAAA/AMZuucnhpTDBLkEi5RwJegppghJKbPq_jg/photo.jpg,"I usually give five stars to a gluten free games ultimate simulator, but there's just one issue that keeps coming up; when I try to climb up a hill or mountain I fall through, die, and respawn back at home. It's weird and very frustrating. The game as a whole is really good and fun, but that one little thing just just takes away a star and really wish gluten free games would fix it.",4,18,1,2020-10-08 07:53:40,,
gp:AOqpTOGhkXPfORvy9badBNPZlYfMi8AHIdOQsxc2IrIn9zWaESAvn_INnHxMjQAzylrjZkiLO6X5hjkng5p3,N Raisor,https://play-lh.googleusercontent.com/a-/AOh14Gija1CUlBG1fesK8HvYrhi22fV_qojAKazK24sy,Cubs don't hatch,4,0,,2020-10-07 13:01:58,,
gp:AOqpTOFJcM-ysaZG3smHQN62o28w3Us9uy6bFj0j73y7UCPjzxYKtfhzhTnj16DgqxP93ODrs0e2RfyDuPVa,Business Matters,https://play-lh.googleusercontent.com/-kBU1GvE4i88/AAAAAAAAAAI/AAAAAAAAAAA/AMZuucn9jpYfkkX41e_9mV23dgZCDHlRqQ/photo.jpg,This Game absolutely great! I Like this Game Because You Get To play as a raptor And Survive A Prehistoric world. But there is this annoying Glitch that if I try to go up a Mountain I fall into a Pink weird Void PLEASE fix this Bug! Could you also add a Volcano To the Lava Place? Cool. (Are Some of the bosses even dinosaurs?),4,9,1,2020-10-07 08:27:54,,
gp:AOqpTOEBDpt8LIlzFc-ufbDcP4FEKBFsBdIAWZePc6S2TRIwZpgeTwZWz7vrpdHZJy5p7BJ-N0XSr9TmZ0BK,Kelly Kuesis,https://play-lh.googleusercontent.com/a-/AOh14GieB7IFJDyMBtsQvB0KmUJ5C-9lJB3XEMOR8HmMQA,"Like most of your games sadly this game glitches and lags way to much that it makes it really hard to enjoy the game, keep up the process of making your games better! Also your should make a ultimate ""deer simulator"" I think it would be a great success and quite enjoyable, and what I liked or rather loved about your games is you put reality with imagination, definitely keep going with this rpg/reality thing,because that is what makes you stand out from the rest! Start adding more abilities&skins",1,14,1,2020-10-07 01:49:16,,
gp:AOqpTOFRTSajCfPCzyZbwXyfd76YlNvQA9q8DMwdyHVj0lcHSuqy9p51It3kYyKPYAX8ptwZdAedpm--u_Eu,eagle the hybrid dragon,https://play-lh.googleusercontent.com/a-/AOh14GgQHBPJ5aQgJ5W0GMVgt2Mr8qMxFkryILZeDv9ZhA,I love how hard you work on the game but we need a coach button so the prey won't see us so easily,5,3,1,2020-10-04 17:52:28,,
gp:AOqpTOHJS_6RChMRY1mwFUD1QTim8rHUaY2PxPca5QOmGUFELXUCwmCMlYZFoqRc-8dvAxMgcuaMH6s1y5Is,Shonta Black,https://play-lh.googleusercontent.com/a-/AOh14GjGnCChQ0yOSi7cSRkP2qLSQI_EVmrQ-3PexzJO4Q,When im on level 15 it says my baby is in the companion group. Bu when im on relationships it says my babies are not there! Please fix this bug. And the bug were you fall through the ground sometimes. And when i birth all my babies it freezes on the blinking screen so you have to log out and come back in. All my babies didnt get birthed! Only 1 please fix these bugs too! I still love you guys! And i can't have more raptor but just 2 because of the breed glitch. Now i have to restart again.❤GG,4,19,1,2020-09-30 13:49:04,,
gp:AOqpTOH5_drzUSxj2uXH38tSSGPmloKIEtMg-KMZg-GtMDb6y0C_gS4shwpVdLNxCzxaVvJ4IO9XhhySY17O,ReaLᎥzϻ,https://play-lh.googleusercontent.com/a-/AOh14GgCT8EjfthINNoBosCBtOJ1GV598AsfKyYio7-ayw,"This Raptor Sim is absolutely amazing, almost flawless! There are still quite a few bugs that need to be fixed but I'm sure the devs will take care of it in future updates. Also if possible can you guys rearrange a few things in the UI that I feel will make the gameplay experience much smoother, can you make it so that when your raptor needs to eat or drink the buttons will pop-up on the right side of the screen just like the run button does which will make it easier to perform the task at hand.",5,10,1,2020-09-21 12:37:21,,
gp:AOqpTOEt7AZcQfnSs9YVva6-spvDZEHUC_K55t46beBfa51ZjrIkglqI2ig2gO0JkogK-vvEN1K05S3y2pe-,Georgann Mittal,https://play-lh.googleusercontent.com/-4VkF1cDOYT8/AAAAAAAAAAI/AAAAAAAAAHU/AMZuuclVbLOtKwmRcJfDOtxMRvU4GdU8eQ/photo.jpg,I keep falling through a hill and one of the other dens are in the mountains and i can only travel through the water and im scared to even go or try to climb a hill cause I think I might fall and i die out of the map please fix it it's so annoying that I keep falling out of the map when I climb a mountain,1,1,1,2020-09-19 08:04:06,,
gp:AOqpTOGqyiWgH1S-Ds5DiiBCsN8-1KLgkGBgvKGN-GRXJPQgELxkw4_jhwcPWpW5A0WO9VsOZMY4ct6gJneu,A Google user,https://play-lh.googleusercontent.com/EGemoI2NTXmTsBVtJqk8jxF9rh8ApRWfsIMQSt2uE4OcpQqbFu7f7NbTK05lx80nuSijCz7sc3a277R67g,I keep falling through the Earth please fix this bug 🤬 overall the game is fine .this is the only problem thanks for listening.,4,0,1,2020-09-18 07:31:56,,
gp:AOqpTOEfNu15Lpgqf5cR-mGT-_wfoIbpAcwb2Af2OkYVd88uGyukjnVlZlEsBqVr5zZDHPpXjKoSR32memAk,Melanie Beck,https://play-lh.googleusercontent.com/a-/AOh14GinSYJem5hZOBYWKrI5KCvU7kufUbRYtsm5oBxBOw,Blurry?,1,0,1,2020-09-14 13:05:28,,
gp:AOqpTOFX6dFmm34XPhBXsn4ftyAxanO0-i2dUJm5ErleyWotgv6IUWFpIgJ8lfZI15xKYlUwjVdNdWj7FRCb,REX 558,https://play-lh.googleusercontent.com/a-/AOh14GgQco4JHkPX3M9aJoj8jh1Oo-MU8PaAZn7YhfE6qg,This game is such a sight but please please please remake the dragon game i would be more happy about your company???!!!!,5,0,1,2020-09-10 15:26:46,,
gp:AOqpTOFPgDhXE2s4oNII2487efqrCZILbeSSTHhjmkKhMm2r35kBqa-t9Nf1gt9hPcXwkJq4u1uwke1WFcnG,xxunknown x,https://play-lh.googleusercontent.com/a-/AOh14Gi8gq8Zli-KqTV2YRNdbGNSSO35hCKIl0R5jzsVrg,when you attack other dinos you go flying up in the air and when you run or go up a hill you go under the map in the water and drown. Can you please fix the bugs and glitches in this game and the rest of the games as well.,1,0,1,2020-09-08 02:36:02,,
gp:AOqpTOHCY7ROfWKKfjvVLBqcwpg7CnJ_iiYZGm48HfJ4K3tKVuXy1ttoM1FvNKKKghw_cLtyGpzaO_hQ4MiO,Recep Ozturk,https://play-lh.googleusercontent.com/a-/AOh14GhVfJ8592Wgs-qCu8gnIesdY_MxLX4JYO4qpgwjDg,I love it it is a great game and you can make baby raptor's and grow in to adult raptor. And make ulmate t-rex sim!,5,0,1,2020-09-06 07:18:46,,
gp:AOqpTOHrz-NkX9cqZqg7d0SHQnwlbmaEzVmtp3ZvXahEOKy3ebDWV3tavZLMffpffwO_LZelP9xXQFhxtklQ,Amb Arr,https://play-lh.googleusercontent.com/-Xr9YFcwXYSA/AAAAAAAAAAI/AAAAAAAAAAA/AMZuucnbkJYvMX71hNvyk5-xL9mWKRjJsA/photo.jpg,"This is a pretty good game, I love it. Aside from the fact that there are glitches, but ya know that's to be expected, I find a way around that. But, when I can't hatch a 3rd egg, that's a no go for me. Please please please fix this!",3,0,1,2020-09-04 22:19:46,,
gp:AOqpTOG2JzMZxCJSbXW9VuWT-RG_N1D-aPMPY1fT_L8JVBWaxkf5kyvXF1GiuUo7gGbLsqLN6eJqMpPh6zhC,Aelene Kay,https://play-lh.googleusercontent.com/a-/AOh14GjcY2sg4ovttULhE8DmUJ4WJkROm8MK5B4fnlglSA,Its a good game it just has a few bugs like i keep falling out of the world when i run,4,0,1,2020-09-04 17:34:04,,
gp:AOqpTOFIaw779Fd2GcgtkCuSZqmjyt20EqAiGYEBASIOZRkzRzaDnaA95KhFiE8PxWcm3CumHiexKuJqUX4J,Moonrise07,https://play-lh.googleusercontent.com/a-/AOh14GikJ0NA7DUSQWUZfDmauA8Rv6gD3SiVSRfhubwGnA,I cant drink and I'll uninstall if not fixed,1,1,1,2020-09-01 10:24:52,,
gp:AOqpTOEB_ekcfWl-1fkcnDXO5Ynd0H0zfKsAp8AH686nYkh_zXUL1bk5MGY3_499xwVfLgSS-Ohr7Ic94m4R,esaajit tubers Mahomed,https://play-lh.googleusercontent.com/a-/AOh14GjQR49OdTRqDfd1Sse6kXuESyTONn6DH7WGl23Z7Q,"One question: why them glitches I tried the graphics but nothing, also I keep falling out of the world with me doin' nothin' ya' know? pls fix this problem. Plus where are them crocodiles at? pls add them did you know crocs have been living with dinos. Anyways keep up the good work i know! you can create more Awesome games😉😁",5,7,1,2020-08-31 03:14:39,,
gp:AOqpTOHFcydMPj8uycJPqqNJHS1Hb3nhnVoZIHK0Q4wWC4zMPZT3n36-h_iRkwEmKepYYgZi4AyoDc1xPdkd,Ayden Gammage,https://play-lh.googleusercontent.com/-JxktNO7BbDs/AAAAAAAAAAI/AAAAAAAAAAA/AMZuucmhbEVEotx1PuDkF0p40Oqz1OvnyA/photo.jpg,"This game is amazing just like spider sim 2 nothing is wrong with this I have the same words from spider sim comment thanks so much , I love dinos but id'e love for you to make a t.rex sim 2 it would be great😁😁😁😁",5,0,1,2020-08-30 15:30:42,,
gp:AOqpTOEJU1W1K3M40wuyX8re4xeOTE-9mMKO_yFhMVA_8_oDKWYjxEfaTNG2JE05O9d31vyW41hn-XEtLn1N,MEE6,https://play-lh.googleusercontent.com/a-/AOh14GgXMrdOjFhoY_xC5JZHoD82j7T5rLDQFY8jQ4Dftw,Good game you should get one thing you need to do tho is when you get a game and you don't hav a level 5 animal and you delete the game and you need to buy it again pls fix that,5,0,1,2020-08-30 07:49:17,,
gp:AOqpTOGiFVhZGTlQDt432kfpjqLTS9wQRIqeG1BPLaxfnkQFPnTYO1kVCZ6qnV_Bhh-a_5Z0iglfQt1y0q27,Racquel Escobedo,https://play-lh.googleusercontent.com/-zEkp2glFLt0/AAAAAAAAAAI/AAAAAAAAAAA/AMZuuckcfRRsSdk4KAJpGb9vcc9kIisIhw/photo.jpg,I love this game but right now im into warrior cats so could you make a warrior cats game . That there will be all the clans then you will start as a kit and your parents will be there and your litter mates and sometimes there will be a war with the other clans and storms. Pls try to do this🐱,4,1,,2020-08-28 21:04:01,,
gp:AOqpTOGoFptCJSmMK3w6u6YbqHqvPrIjXh5SsChyFuXRCbJSLbjvQQ7Bklmdwl8EfPIYLDhe-4om_-4BpGAa,Rich Jenner,https://play-lh.googleusercontent.com/a-/AOh14GjwKTzvHqNmmmP2ejfKmMl5amxO7Fn4k4OjUdkq6w,Can you plz fix the egg hacthing bug PLZ,3,0,1,2020-08-27 15:36:01,,
gp:AOqpTOHTdLCWkJ9brcf1ywqAsPnA_-vZmZRUTrO_zDAxJ0is7qiZc5QJrDnvgy0zbfv2PFpK4Hqx0eNRQWYY,animals fantastic,https://play-lh.googleusercontent.com/a-/AOh14Gjizl6PDKXaS6Tlb5TpzvzrLE2nync_RsQiowk4fg,I love it,5,0,1,2020-08-27 09:19:48,,
gp:AOqpTOEVUPajkkL7UtKIR2ohEresP-7x1McS_vSYztmk23Qztj-0EDz98mA8GCCplMu7aoF1_3uspdHNmr7P,Axel Lopez,https://play-lh.googleusercontent.com/-ry2UnqHRPho/AAAAAAAAAAI/AAAAAAAAAAA/AMZuuclQMPSYbv5a7o5cttS5UHxzFJeYLg/photo.jpg,Interesting and fun,5,0,1,2020-08-24 13:01:01,,
gp:AOqpTOHIM1aallSLTzUonOfVeAx37L2NF33HEhM2oxW8rL_H2OPi9oh5hW5i__DjyC2q1tQFH719GeJSQv5c,Aadesh,https://play-lh.googleusercontent.com/a-/AOh14GikXuJEc1DkUhlVZd9lmITgUVVYbIkkLR_MbR48cg,"Awesome game! it's surely the best game you guys made! it also seened like there is only one person controling this company! I think you are one of the most underrated Game creators ever! but there is a bug, i got a cub and i made it sit for 15 minutes of course, then when i tried to hatch it.. those eye closing and opening thing repeats itself again and again and i dont get the baby.. it's kinda annoying, i think you guys should fix it, btw you were creative about the bosses..",5,25,1,2020-08-19 04:03:25,,
gp:AOqpTOF8bAuXUJjy0KR4sUEkY83Kr2_rmkmf0C04-BLUoEagCFyMwFVFAW3GuM5nyN2uF1BBSHOm70HL-DzO,Kayla Bazemore,https://play-lh.googleusercontent.com/a-/AOh14GjOL3lD0PrWJcoN9aoU7fOiXVZBXvO4SnGUa1Bqtg,"This truly is an amazing game. It's actually one of favorites. I can play for hours on end. There are a few bugs, but that's to be expected. Love this game.",4,0,1,2020-08-19 02:28:18,,
gp:AOqpTOGdK_blmTUFvPyKmjbnCl3ZvzUocywZpsOJbc_TO0FN_8daRsS7RMcVzD9-4XMI19i11H_rXgeul9gv,Amanda McAleese,https://play-lh.googleusercontent.com/-Goad-IZP9RY/AAAAAAAAAAI/AAAAAAAAAAA/AMZuucmHLdwzLiT7RDG2Xe60KbCHFYLBXw/photo.jpg,This is the best game in the world,5,0,1,2020-08-17 19:16:12,,
gp:AOqpTOGFDnzODsllWyqwVuKfRn6PqVdVhhaiDVOp120VFj119-iJCMPiT0vITXDY8Lk3_s_6dVCVokLzhrM7,Quèèn Baby Phacè,https://play-lh.googleusercontent.com/a-/AOh14GhG4hiCQOLQ4Pfp5tqXo7axj36BwC-_-h35AEDO,Just started playing the dinosurs look funny and they put out a little bit too much but it's okay I like it good game,4,0,1,2020-08-17 09:07:24,,
gp:AOqpTOFSQNUEDMOVqQ-Ro-LBQqBwcmqB1kjZklkIKcjAILM3Sq2RSVrATWg-6LHnP2MIxtrsxdoumZnfUeSA,Blyke BJ,https://play-lh.googleusercontent.com/a-/AOh14Gjlx77MYCvGYTrI0DVzi7zTfI4bVrwSXsfwK18L3g,Fun!!! Maybe a bunny version? Sorry for asking- just a suggestion! But good gameeeeee loveee itttt,5,0,1,2020-08-15 20:38:19,,
gp:AOqpTOHRbAubUbLoKnPg7p504-wUdeH1rKsqnM9blrVRDsJNK77JCqftUnh33_LfJSV45unAZpbF-uyqnD_H,Mangle fazbear,https://play-lh.googleusercontent.com/a-/AOh14GiV9FO3yrCOglKLVDxCY7X1Q2Pz9s98x5v6y4tH,I have all of the Games and there soooooo good but this one wow it is amazing,5,0,1,2020-08-14 11:35:08,,
gp:AOqpTOG4KGzKpqtSYwP-hPJ-ZHtUxsaxmtFXjHvAAjsYIeLF81WBXGCGdx4OxDfpDKSRCe-PqKDkLgZlPb4Q,blehmemeneh blue,https://play-lh.googleusercontent.com/-0sAufByJyIw/AAAAAAAAAAI/AAAAAAAAAAA/AMZuucnnbuzmG9TOixkeH36snjQJU64Tjg/photo.jpg,"It's a good game, and expectedly beautiful and fun. However, it really really needs polish. In my opinion, it's almost unplayable. You can't hatch eggs because everything will turn black, you can't run over any hills because you will fall into an all-encompassing pink void, you can't really hunt because the dead dinosaurs turn into permanent twisted landmarks. If I hadn't played the other games, I would uninstall. However, I know that all of this can be fixed, and I have faith in this game :)",3,23,1,2020-08-13 08:12:02,,
gp:AOqpTOE12iMCsjkPN91nikksARhzQXRAhAtewH7RX9XZg8nSYPny8LT77zTjyHkGv5WoFN_jq3FtFkMas0JM,Toxicity Imvu,https://play-lh.googleusercontent.com/-iCEPTbAc6qQ/AAAAAAAAAAI/AAAAAAAAAAA/AMZuuclJmb2vjAw_mOHMhYwg_u_MN4kRoQ/photo.jpg,"I love it, of course there's glitches and some.. strange dinosaur behavior (like Parasaur walking on two legs when it can probably switch from two to four) and the hill glitch but all is fine! A suggestion for customization in the future could be some scars or more variants of the feather feature",5,1,1,2020-08-12 01:37:42,,
gp:AOqpTOF4VaCG9ijKpXFq2dbNr6sT-_it1uoS_iCsA6xKTzYGlJeP0qpJyYFOIlzyhTa2S4dr-mCVAkUn2ZEQ,Tsering Shakyawalker,https://play-lh.googleusercontent.com/-TOLgWruQAXM/AAAAAAAAAAI/AAAAAAAAAAA/AMZuucltl-ioaMhk-cNVC8YQNwWkh03Y8w/photo.jpg,"I have played these games for a long time and the newest ones are great but breeding is way too complicated, please making breeding and mating a lot and i mean a lot easier please. Also please make a solo crocodile game please",5,0,1,2020-08-10 14:41:03,,
gp:AOqpTOHceJZ9glyR1mHtwBgM9JYLMvUMF84dEopt0QrpUWuBuvlg2g6UWp5ruOQCNx2KroZkrnzpvYgdi2Zm,Melyssa Kennedy,https://play-lh.googleusercontent.com/a-/AOh14Gh5PVMTVIeCr6CWiBrdYZXBe3YZC5KK8xd8_dXH,"Breeding's broken. You should be able to zoom out further from your raptor, as pouncing is impossible if you can't see the prey's whole body. Dead food moves from you as you try to eat it. Mates push food out of way. I'd like to see more feathers on the raptors, as many were completely covered in downy feathers. I switched to my mate and fell through the ground and I died. Creatures and objects vanish sometimes as I approach them. Ankies rear up on two legs and twirl. Parasaurs run tilted over.",4,2,1,2020-08-10 07:02:32,,
gp:AOqpTOFfCyekuuAf-Z0Kab6BdRGIdK5yd1OHH4LZEcUL4Gcob8HAx2QgEKOsk1y5MWN1CQ8Q5-rKI83XAd5r,Antonio Geronime,https://play-lh.googleusercontent.com/a-/AOh14GjV_heCBb-lcp4X4BSDf6tAvTx_My27TE-mZX1S,I like the game. But falling into the pink void is to easy. I'll be racing with Ranger and then I'll fall into the void.,4,0,1,2020-08-08 07:21:22,,
gp:AOqpTOGxbjww-RS3xX7OKNJwBpu6Ft8PZv2Q1EzrBhngcmxq3u4jOUYbfUlvcwYHuQV6Kk3s6yFu6giXH34M,Godzilla2014,https://play-lh.googleusercontent.com/a-/AOh14Gix8XY61h5Y-gkmGDXHGA2Cg9yq_HlgpF6pyKynYxA,Nice game but when you go on the hill it gitch pls fixt it,4,0,1,2020-08-08 06:03:04,,
gp:AOqpTOHwkRVxluxN0Gj8wHW4-nwqaK85Du9Z6eMvASmEk-KretVYXypYRVpN0Gn2PVNFg1vN9CauXGRS0mfv,Gerald Singh,https://play-lh.googleusercontent.com/-LcJxIz426so/AAAAAAAAAAI/AAAAAAAAAAA/AMZuucl7P6Oy90N5osuWoHHjJIXZMsmDXQ/photo.jpg,Nice game 👏 lovely game plz make a dirmorpadon sim Thanks,5,1,1,2020-08-08 03:45:15,,
gp:AOqpTOFjace1NjO9iNE5sGVKaYmCLfu8zvlLn2C-NevCbIyVmo_CgcBpuU9bUCsv1k4TPXInROSacroIgafC,Kaylyn Howard,https://play-lh.googleusercontent.com/-qvTEw0Oclag/AAAAAAAAAAI/AAAAAAAAAAA/AMZuuclQ6SAHKaFYn3VESPvq07eg0zuCOw/photo.jpg,Please fix the egg hatching glitch. I have 3 eggs I can't hatch bc they got stuck blinking when born,3,2,1,2020-08-08 01:05:50,,
gp:AOqpTOEE6E9wN6ZcNF6BHxYWrOtsVrJ4AanuhggHKF2jU8FgbhWQNB1KTPw9gj7N49d9zwGCwk3WrAQdSjvr,Potato Potatoes,https://play-lh.googleusercontent.com/a-/AOh14GgRN5DDsfGhK3yF68mIUGOnKfBbon7fAN70H7L88A,Y'know i accedently pressed refund so i click buy again but i think it took money off the card and not my google play money,4,0,1,2020-08-07 18:02:02,,
gp:AOqpTOGSq_KA7VSum-TCg2fSgQZbcJRpZHfvbHBFddx13mnuBHiPNSum1q7PqPhSQrDVJalBByqk67Bu_bXI,Springtrap,https://play-lh.googleusercontent.com/a-/AOh14GgU_JjP9F4xtS5Tx-q-Pj4Xe3jcjqGR2WcYVcalIQ,I love the game its amazing and fun to play,5,1,,2020-08-07 08:48:12,,
gp:AOqpTOEaQ1m_Qgtv3O8UZtI8_Pwy-St8OeOWpvRHwYYs9c5FmUOwG43MQGMBBaa4Kw5JnSJE4xvOVqFFckfQ,Just Neko,https://play-lh.googleusercontent.com/a-/AOh14GizYkoUldWKTyCdsujsNhehHxKD7VJ_jDl7RsK-zg,"Yesss! I've seen the youtube video you guys have uploaded about this game, and I've been waiting and waiting for it to come out! I'm satisfied completely with all the beautiful graphics. Just a few bugs/glitches to fix, but you just realesed the game so that's to be expected. Cant wait for all the other updates and games you guys make. 💕👍 Keep up the great work!! 😁😊 (oh and can u make a Ultimate Dragon sim 2? I LOVED the first one. Would love if u made a second! Thanks!)",5,29,1,2020-08-05 12:23:24,,
gp:AOqpTOFFMKwMvTN5r5zAOkHzRbdama4cWBSNv3v2q3J-m3zix6dQ7BYzeWhOwClqE0ubWVPdU9--FjtNZNhL,MelanatedGoddess,https://play-lh.googleusercontent.com/a-/AOh14GhxWSwuivSVFuf-7p7jmGEvG9gmvtB3tAQVKbrAxQ,Gluten free can you make a ultimate saber tooth tiger 2 I would love that,5,0,1,2020-08-02 18:51:47,,
gp:AOqpTOH_YgPk_6hgbzl6782nvNUoJk3ITK6AO8wbnO6R49Sk_pYozNvefDnQ8acpgdfaaatOsUU9HyRvoBZf,Jisoo M,https://play-lh.googleusercontent.com/a-/AOh14Git0SMEu7-1yush9w4LGkrlS-0PbabxdGgJhZFA,-It's cool..but can you add home send and wait please!. -Fix Egg problem.,4,0,1,2020-08-02 13:46:33,,
gp:AOqpTOE1DaEaOW6AHuwShc-SNBwAMJqKnO7TkQta3Jete-YCBn_6ZnyWvOm-awqGbRFaGtcndxBsfHfm9Skm,will gil,https://play-lh.googleusercontent.com/-Wtg1GA6fDog/AAAAAAAAAAI/AAAAAAAAAAA/AMZuuclaZaL9rrLCpYLQXGjVHKXoe9pBfg/photo.jpg,I. Love this game it is thee best it I ceep falling in the map but can u make ultimate horse sim 2 u can be wild or tamed.,4,1,1,2020-08-02 10:08:16,,
gp:AOqpTOE5Fbj8utVa-1b2TpvqpLwehHYDxgIg9EomFKv9Md83f7cL6LU4wWqWMdLgS2SX8HqCJIaVGF_D2NPA,꧁Blue Bells꧂,https://play-lh.googleusercontent.com/a-/AOh14Gg1BSSQ8NST0dqORaM20sUno4LYKLDV9wiWrK_pSQ,Id give it a 5 star because i like ur games but i think the models should be changed they are knda akward If u do change the models thanks,5,0,1,2020-08-02 07:55:00,,
gp:AOqpTOEtE5RrVZ3071VV_ILPQm1PQrpNshRO0auZ4VX3zxQ36OxWornbnWWYIoQoCxKs0ZDBvfEcYG6SbTsg,edward obasuyi,https://play-lh.googleusercontent.com/-b2Bg7xy1Bn8/AAAAAAAAAAI/AAAAAAAAAAA/AMZuuckO8Ki-0PnSK53frnSXqBReAk9qgA/photo.jpg,It's so good and when it's raining it will make the water further near the land It's like saw real,5,1,1,2020-08-02 00:49:02,,
gp:AOqpTOGMc5279Kr8YY57gn5tHG3V0iYUP0AqmLNGKm4i4tqJfavixZskQvzXYOj5LsQAgDOorzposJOIgh6D,Taehya Baca,https://play-lh.googleusercontent.com/-ijbUlbGGNNM/AAAAAAAAAAI/AAAAAAAAAAA/AMZuuclnHunfVs3ukE0lrgZlHujLQhfjyw/photo.jpg,"I love all of the GFG and i know this just came out and i already LOVE it but I read the other comments saying that when you run up mountains you fall through and end up in a pink void the same thing happens to me, also it gets really glitchy when I run for longer amounts of time",4,1,1,2020-08-01 21:03:47,,
gp:AOqpTOHp088CgUqDpK7Jf3ifL0x_jJoX5mw_xp0gvMvWdRn-kxKTRHczSGaIS_dL_33P2conVhA9loOG4sX4,ReverseHappy,https://play-lh.googleusercontent.com/a-/AOh14GgtZ21hzzgn0Wow8DtRhVPfus-6O7dfZnsTKhuzcA,"I'm so happy with the current process! And I love the tail mechanics. With this game, I can finally use the breeding and relationship tab. The only issue is going up hills. The raptor ends up going through the hill into a pink void. That is also the issue with fighting big dinosaurs. Another thing is hatching eggs. It leaves me in a black screen fading in and out of the scene. Even when I'm at the level to hatch eggs it would let me.",3,29,1,2020-07-30 12:50:40,,
gp:AOqpTOG0GZpe-zIhIFwkEPtLbtJC-puTIFxfeFhOtfI7BxDyFT5LlJ637jy_TaN6cKR3PxqeTv63S45We9mY,ĐąrkFįřəÇröwFøX,https://play-lh.googleusercontent.com/a-/AOh14GiJroxJWYvderHtRfGRHs7-h5H6vfIT34SmPTNOXw,The game is so realistic i love it but after u reach level 20 the egg for some reason dose not hatch But over all the game is cool,4,2,1,2020-07-29 15:18:34,,
gp:AOqpTOH0Cu74A8sABTgHw9WJTRIisdr7qDhAbeoV9g0fXjqmcBfoU7LSNtZiaxHeHymDtMphEozcv414-0XF,Maranda Seifts,https://play-lh.googleusercontent.com/a-/AOh14GhUc7jHe-E0rvgA0YWDIxn6Ib_Z7-HAxSOYXnXOxA,"The app is absolutely perfect, but there is one major problem. I wanted to hatch both of my eggs that i laid, i could hatch one of them, but the other wouldnt and i went into that sort of blinking thing and it couldnt stop, and so i had to re-enter the app. But when i came back in it did the same thing when i pressed the hatch thing. Can you please fix this bug? Ty",4,0,1,2020-07-29 12:27:41,,
gp:AOqpTOFnZTAhbCzCVAhvg07Wmv-VRi2Yyr1U-e92QDlbBDHWTw4ruSUDGVahKuObEg_sOukrJgAMR4lJlcea,Beatrice Pemberton,https://play-lh.googleusercontent.com/-TCSGuK31WmU/AAAAAAAAAAI/AAAAAAAAAAA/AMZuucn2NVyQjdoWewSdKrKL_sfyPciZYg/photo.jpg,I just want to know how do you build in this game,4,0,1,2020-07-27 22:55:52,,
gp:AOqpTOG6WxB_nWxWFkiZOBKwBXDZqsxeJeuYzIpkEIPI8sCNbaoNyAlQrQmS9umoFU-hqtEugjrEuQFayUvM,Dodd Garger,https://play-lh.googleusercontent.com/a-/AOh14GhWwhSn2HK_O1reJGEUvunhqPrwRF9yYsKl7dzm,Very glitchy and I can't refund it.. 😞,1,4,,2020-07-27 20:04:47,,
gp:AOqpTOGFBNHjoD-DUlfGTReyGa5oQmN8rCVidKzqi5QgmeTVmlysu74E2igK5-bAidl9woRL0fIJJes2w4MU,LeahKC,https://play-lh.googleusercontent.com/a-/AOh14GhEz6xWt_s4SH_-z6LeoENBuQtJbMp_C10EQ7XEhK4,"Honestly this is great. Abit of lag but thats normal for a new game. Just 1 bug I have vitnessed when I try and hatch a baby. The screen just stays in a blinking animation and I won't go until I exit the game. I stayed on it for about 5 mins to see if it was just a long animation but no its definitely a bug. Just wanted to let you know. But thank you for your time, your doing great!",4,9,,2020-07-27 14:31:31,,
gp:AOqpTOEeY2rc_XrzmG6nyKGgT87GI1C7xxYzS5fDWOEdRrOHXY0r_SNy7bQLeWTOkVE9pPivwhLaDcR2WlGk,Florence Owusu,https://play-lh.googleusercontent.com/a-/AOh14GgdeAohLAHiKHPfOZtUGyeWK2iYzdDTAV_sBzuI7w,Gluten free games you are miracle workers. Breeding glitch is finally fixed. I can now breed. Though there is a restriction such us getting stuck on eye blinking screen. And falling into pink things pls fix though I will give you 4 stars bc of breeding eye glitch. Thank you,4,0,1,2020-07-27 04:36:12,,
gp:AOqpTOHccaPS-y3wmjdzDin92IaVQ-TDg3ouudCsbsv-19ofYk1pkhinnKeRuU3agwzAdXUf2xpQGUsyGQb2,Static Rainbow123,https://play-lh.googleusercontent.com/a-/AOh14GiY_fsp45eqWG7AaA9QeTRJEgG75PbGYqPB0YBW,"Extremely laggy and sometimes when walking up or down a hill I'll glitch through the ground and into a pink void. Also, hatching new eggs gets stuck on the blinking screen and when eating my pack members will run into the food, moving it and making me get stuck. But the game is doing nicely so far. Definitely a huge improvement and you're doing great 👍 keep it up and don't give up on this game.",4,35,1,2020-07-26 21:03:40,,
gp:AOqpTOH0b15ZfFogg78eX_9I1oB3foHpWyRuZrkqNOJ6E1Yfi9oa6FjAKQa7PqNducbTW-QPPOIgnytvO6uJ,Random Artist,https://play-lh.googleusercontent.com/a-/AOh14Gh7r-IapvcAoLYcvyf4PGSC8ELyRDWBT2Nsshjapg,Same as the fox sim. Very laggy on lowest graphics and I tend to fall through the ground. First few minutes run good but it just gets worse and worse.,3,4,1,2020-07-25 11:34:39,,
gp:AOqpTOEEyG8GQ7W2R1TVXJiMu0QcE1g4w9I5HpeXSsATLEJrCtKGdzdN57RsCHLTUr1Bowscy2shG2mtgYkT,Alexis Warren,https://play-lh.googleusercontent.com/-P0ve253BRDU/AAAAAAAAAAI/AAAAAAAAAAA/AMZuuckY5Pof9MNChf_5PWreJDXqduM1ug/photo.jpg,OMG SO COOOOOL ❤❤❤❤❤,5,0,1,2020-07-25 08:23:21,,
gp:AOqpTOE1ItpqotUCmXN6BM1RLSNLz8ZExRUcW1fXyYIxqQNUjepUyUCxC1Y8GdiPuu3tXOHEOzcAio9K5YA3,hound. mutt,https://play-lh.googleusercontent.com/a-/AOh14GjOzFpp7m6xhQ8Rqb5QMiwH1uOAFiwK22pNWhWhaw,"Really the best dino sim on mobile I've played, but First, as soon as I try to hatch a baby, the game gets stuck on the blinking eye screen and I can't do anything but move the camera until I restart the game. I play the games from GFG as soon as they come out, these next observations are universal in them all. The mates should just be normal packmembers. She tries to eat right as I do, pushes the food away and gets my character stuck in the eating animation. Prey dissapers while you chase it",3,11,1,2020-07-24 22:51:46,,
gp:AOqpTOFRs_EAV43eL-k8GGMSIl2DJxdPM2_heQA4Rcj_-kPWQzJRIChpyJ1ASDt06RHN7sPmPL8w51QKQLL6,Jonathan Wang,https://play-lh.googleusercontent.com/-uoa3NTZLbvU/AAAAAAAAAAI/AAAAAAAAAAA/AMZuucnmCnuNxCUewpnuBLBAgsKYUnazwA/photo.jpg,"Solid and Phenomenal Game by itself, with only a few (but major) bugs, such as how your raptor falls through the terrain when climbing up inclines, and as always, optimization for better performance is always welcome!",4,2,1,2020-07-24 20:31:27,,
gp:AOqpTOGvQUSihACPfYhLOIFFmWIHPFEoqeaveVMEeAbo_XJg4HbgNagf5-BdedcB7soUiSuk47XfAG5y0LtN,Godly Crusher,https://play-lh.googleusercontent.com/a-/AOh14GiCm8_1ovwBvc7q3G62yu8JzAjB7QSmcURv_RlBwQ,It's cool,5,1,1,2020-07-24 14:42:46,,
