reviewId,userName,userImage,content,score,thumbsUpCount,reviewCreatedVersion,at,replyContent,repliedAt
gp:AOqpTOHTMRR-SRN35UwlVR_lhmF5bsoxW7YaLbglnRseIjsUO01RJ-93H9fdFVFgZLw4qkwrdGB_FHKqBMTNezA,Jo g.,https://play-lh.googleusercontent.com/a-/AOh14GiDwGQvnSHoHhQAbdok5AsxvH80a3F_Ldp2zE3_lZo,WOOOOOOW!,5,0,1.2.7,2021-02-07 17:53:20,,
gp:AOqpTOGNZGLd_nLbXgfG8G8BMB_Lsw0NUl_cshS2H5Lb5LC_X6Rh782sR8uwVRpe22F65b9gLHeFSU1wFvoYFi8,Anthony Burgess,https://play-lh.googleusercontent.com/a-/AOh14GjH71GzExqfs1y7Cho6B_XZQMVCU9nriDTUB1if,"More levels, please.",5,0,1.2.7,2020-10-16 04:40:38,,
gp:AOqpTOHhvxfT2axJ2HKsl87JJteGdIerG3OfASgVxgxIYZ99Sk7qfvfRCB5qCIQELNJfSeVQUnziZdAWPgP6JCo,Michael Vargas,https://play-lh.googleusercontent.com/a-/AOh14GjsDrbSc7RReAhcAH3Hp0pT95Ryzf1RhI9xgQcZHw,"After someone on the AndroidGaming subreddit recommended Tile Snap, I noticed the developers name looked awfully familiar so I check and what do you know... it's the developer of Dissembler, one of my favorite puzzle games of all time. And then I noticed he also developed Boson X, one of the most underrated runners. This guy has a great track record and Jumpgrid is another great addition to his library. Gives some serious Super Hexagon vibes in it's simple art style and fast paced action.",5,1,1.2.7,2020-05-11 21:53:00,,
gp:AOqpTOH2C3nhr_oADVanskm9cA6MSgmEovzuzkb5kMBYuu-60GTiyzNUo9BFIDoLJVYWZBS1n1Iz8BWYvmHPCv0,Mike Surtees,https://play-lh.googleusercontent.com/a-/AOh14GgYKl_ESY5hZ0R_XPtfXay1c76FtZDhtkJstkFbNA,"Starts easy, but gets fiendishly hard",5,0,1.2.7,2020-05-04 11:20:03,,
gp:AOqpTOFreL3o5qZ7DYMyFWOtRWmG-ShLCMDcFl-EbYpl3_V0AUGiQ7otNL9RIZeFZcYpMLrYSa0_yOIinzrAVXs,Andrea Landaker,https://play-lh.googleusercontent.com/a-/AOh14GghgR_sto9oPVX8fr_D19a6nBc6fwiNBlBah3pxwQ,"Simple concept, fast-paced challenging fun! Wish it was also available for older devices as my kids love it so much! Congrats on the Indiecade nomination.",5,3,1.2.7,2019-10-14 18:11:09,,
gp:AOqpTOFBfXHUwEJEE1I60dffEpHO-fCPY3DsIK3kVquamfajLTUwQZnfc35zmHmC4I4EgOD7G7hxzcC6mrMSqgk,Shuhei Aoki,https://play-lh.googleusercontent.com/a-/AOh14GhU5R1CC9sFhK2Hnm7oHKPRDsITbam-lHJcJxdqjQ,Found this at indiecade and it was hands down one the most addicting game at the event. The levels are hard (in a good way) and the effects are really nice. The game also makes it really easy to keep on retrying (which makes it even more addictive). Also.. FIRST,5,6,1.2.7,2019-10-13 14:17:46,,
