reviewId,userName,userImage,content,score,thumbsUpCount,reviewCreatedVersion,at,replyContent,repliedAt
gp:AOqpTOEwurAwfGEBni2tqw1EQlEhRNiOCaLmyg8g79pStj4Pw5VHcQ2eYIe9JVTLCTUt9LAT0dmJvCHKM9sA4w,strawberry,https://play-lh.googleusercontent.com/-uA_MNl9QUrc/AAAAAAAAAAI/AAAAAAAAAAA/AMZuucmm6PNUpGisNfGpi9vvKkmo-fGMXQ/photo.jpg,"I couldn't figure out how to get a refund in the two days after buying, trying, and not liking it. Improve this process please.",1,0,,2020-08-28 17:20:11,,
gp:AOqpTOFk4cBYvYSbZ9ooQaiWefbWEenlGqpMrb2IP75vVCh_j0CZGsS5KCm4_XS4nrLasmLagNtTlBiOMVv-9Q,Bobby Absher,https://play-lh.googleusercontent.com/a-/AOh14GjHcvX4Gcb34bGo8onZBIm1moeuQhFbk6kRdYfj,"Every time I place a tile for my castle, it asks me to install Google play games. Very annoying. But still playable and very well done.",4,4,1.1.0,2020-06-26 16:49:56,,
gp:AOqpTOH5YO--dea2H_57QOCHCU0srxZ4crpzcBggIXWqOGnsW4J4ZdfUSuBYOW-5GxTLOD9G6Zi-dqnqvRTVbQ,Joshua Gouge,https://play-lh.googleusercontent.com/a-/AOh14GiDHk9L_6Tm9k7K29Msh4TF-YqydjZra94Tq0pNGA,"This is a really good game. And the developers are very quick to fix any problem. I had an issue in the penulitimate update, which was addressed and fixed within a day via the last update.",5,6,1.1.0,2020-06-16 09:37:10,,
gp:AOqpTOEZr2TN3Bz89wG_p_AseOP35dGoInh17BfPOW2YPRtfpiY2i0JnmqMBrDXzY8ImGbSwFaHngZjNEBk-Iw,Juliette D,https://play-lh.googleusercontent.com/a-/AOh14GjMAiM95DUmXpwzdLkAc0uUwshOYtB3i8-G68Ec0w,"THANK YOU! The developer has added pinh to zoom which makes the tiny tiles much easier to see, so added a star. I still wish there was an outline/highlight option for tiles instead of the shaking movement which makes me a little dizzy when trying to pick and match. Boardgamearena does this highlight stuff nicely. This app is very unusual because even though it has portrait and landscape mode, it chooses this based on your device and there seems to be no way to change. But not horrible, just odd",4,12,1.1.0,2020-06-16 08:56:36,"Hello, sorry for the inconvenience. We added an option to manually zoom in in the latest update based on your feedback, hope it helps!",2020-06-16 07:42:36
gp:AOqpTOHHGHKwi5EvnU0PRHt16bUnACyqe6LDywjl_S9hpijZsKaIWBusenTKOc1Czp9mJJil2p6R8-v1u4TIgw,Paul Staker,https://play-lh.googleusercontent.com/a-/AOh14GiiscgoizyU2k1OLzK4_i3soEOc0iwyA2_e0GrttA,"great version of the boardgame. Wisely kept the feeling of manipulating the components, unlike the vast majority of other mobile boardgames.",4,1,1.0.4,2020-06-16 08:07:30,"Hello, sorry for the issue, we fixed this bug in the latest update.",2020-06-16 07:39:24
gp:AOqpTOH6NP5PQsH8D4TIVDaxOi8P82Qal4mUPFHfeXrlmBk408mta-hNxW7JmYmBvd1NwfQBI6GNAJfXaqqPBg,Rattenus Rattoonus,https://play-lh.googleusercontent.com/-3oLmLIZ56f8/AAAAAAAAAAI/AAAAAAAAAAA/AMZuuckmooX3_-EutSHuhErSJpCXY57D9g/photo.jpg,The beautiful tiles are so small on my tablet. Why cant it just be zoomed? Surely an easy work-a-round is possible... EDIT: devs have updatedthe gameto include zoom and autozoom! Much better. Thanks!,5,6,1.1.0,2020-06-16 07:49:03,"Zoom in options added in latest update based on your feedback, thank you!",2020-06-16 07:42:59
gp:AOqpTOEmI7zA6jgw-wfFSRk4tCseA2emNnotza91w5xZgNAEfnwRWf1TQR5FwHnDTsemookFBy9hCVyQpWfdsA,Marius Lohri,https://play-lh.googleusercontent.com/a-/AOh14GjhqSksgMFAJcs8Ut08Sn2fgafcS7Cr3Sm7cOo5qw,"A beautiful game, if only there were a 2-player version which would allow for a bigger board.",3,2,1.0.4,2020-04-02 13:37:08,"Hello, we added two zoom options in  the latest update, hope it helps!",2020-06-16 07:40:29
gp:AOqpTOG1FXHUo-Lg3JGBq3v1gA9jEGBxtMBP3S22dRJlfNC9sEyRzgM9bj0UouQMThPlTRpHil38FgjdtN17Cw,Andrew Dabrowski,https://play-lh.googleusercontent.com/a-/AOh14GhBlUcgC2ocRiWs-p2PPK25iV4HvZyBoIQm1i4MKg,"Good game, poor UI It's hard to tell the available tiles apart from the others. Why the dev didn't just gray out the lower levels I have no idea. 2020-03-05: ""Gray out"" does not mean ""black out"", just make it clear they're not active.",3,5,1.0.4,2020-03-05 10:13:43,"It's a hard problem, you need to be able to see tiles at lower levels too to decide which tile to pick as your first move. EDIT: but they are a bit grayed out! We tried making them darker but they were too hard to read for our testers :( thank you for taking the time to reply!",2020-06-16 07:44:53
gp:AOqpTOGWtoV-sCDgqHAeRRBlmq0NKGlOnvJy_dTBYZglf8f4TL5DMCBf3TDHoAxONcbzCI2AJNWb2pC-KKRRtw,Andrew Tickner,https://play-lh.googleusercontent.com/a-/AOh14GgDkm3D2ozBZWncjHq5nlJOMzY7ygOeisid_clwEw,"Nice adaptation, however would be greatly improved with the option of a random dragon and spirit card selection. Edit: Raised to 4 stars due to feature update ...",4,3,1.0.3,2020-03-05 04:18:15,"Hello! We added this feature in the latest update, thank you!",2020-03-05 03:49:29
gp:AOqpTOH7hHUL1Gk48SCbFbixPTwSBlAImadSZYNxKj7Qu9jS_0tjvqB0A2n6AkQNSMcjpNmuEm_lqp3lauY_bA,Katherine Roan,https://play-lh.googleusercontent.com/-HQ1Dto6h1tI/AAAAAAAAAAI/AAAAAAAAAAA/AMZuuclnF-gEgUvnebPXnacdgSHTeZ36wA/photo.jpg,Unusable for me as I don't want Google Play Games installed and it mentions it on just about every choice. Kept 2 stars as it seems to work otherwise.,2,0,,2020-02-22 16:53:12,,
gp:AOqpTOHDdk97ScKyi3QWVIFyMCK2-2Y6aYmcztrk7D_yc_eB5M_GMEI6frSXIe8q6zjt_ZapO4R-Is17MMNPpg,Ruby J. Scheme,https://play-lh.googleusercontent.com/-Pq0aY26EOpQ/AAAAAAAAAAI/AAAAAAAAAAA/AMZuuclpq_ZNZotxW2cpuNV3nDvSASo5WQ/photo.jpg,"Beautiful port of the original boardgame. (This is no traditional mahjong, nor the modern tile matching puzzle solitaire, but a multiplayer tile laying boardgame influenced by the aforementioned solo puzzle) Yet there are some problems : strangely enough, it's more readable on a smartphone than on a tablet with a screen twice the size! And I had a annoying problem when playing a tile covered all the empty spaces of my board.",3,4,1.0.3,2020-02-07 06:19:38,"Zoom in option added in latest update, thank you! Other bugs should also be fixed. Sorry  for the inconvenience!",2020-06-16 07:45:36
gp:AOqpTOEJtFVctkM50aJVp-JcVvdWGIGW3GThhHoF9wLscwnYoaHbgsQgUmPNBtABqKfzT59MxUGhfr842OpfLg,M Aaaa,https://play-lh.googleusercontent.com/-HnMR4s0vGpA/AAAAAAAAAAI/AAAAAAAAAAA/AMZuuclM9MpOgh7fV7pMqr4F-Pu2MFexWQ/photo.jpg,It's become my new go to game I like to play. I like it's different take on boring old mahjong. Super fun.,5,2,1.0.3,2020-01-08 09:49:55,,
gp:AOqpTOGk-DwtbhU9V9XHD2SBFc-wF2oaFP6LlK_XrW0T8zijXtXZpIW0Be4KMiOj5XqSUgP_SxI_qj_U-ojRNg,Shawn Sieben,https://play-lh.googleusercontent.com/a-/AOh14GgZhIMInVJEL3EhXjq9yeelyrVL1qGEmN1wAFVojg,"Great game and it works extremely well on my older tablet. Only thing I wish was done was increase the size of the pile of tiles, increase the size of the shrine and destroy tile buttons, and maybe somehow make the various laters of tiles easy to distinguish from one another. I have insanely good vision according to my optometrist and this game is difficult for me to even read everything on. Other than that though, everything is great!",4,4,1.0.3,2020-01-07 22:13:38,,
gp:AOqpTOG6LSAxRVfXsFl9eJ-NFqmYRWknhBlV3xY7_UJ01dmGWvvU5lg6X29EsVcmHAeioPORServUInzXMaToQ,Onno Ackema,https://play-lh.googleusercontent.com/-YCvuUQS30GI/AAAAAAAAAAI/AAAAAAAAAAA/AMZuucm52Zw5tIukmY1RH0FAadet_HhqQg/photo.jpg,very good game. please add permanent zoom and undo button.,4,1,1.0.3,2020-01-07 05:15:35,,
gp:AOqpTOH1NvCjy74ufy1nzOyv9_yEYl2M8dxSzhGkRe6cT6tG_C1tn1pbuYYgr6JEeQUCyCVe79QKNRQXmgsC7A,Jonathon Godfrey,https://play-lh.googleusercontent.com/a-/AOh14Gj8ZeE9dh38u6CUkCSYCGOWS0wWqOgnoP4VXVFVwl8,"Enjoyable, but needs an undo option!",4,0,1.0.3,2020-01-05 00:24:44,,
gp:AOqpTOFbvZ1mFriN3MA_0pXA0PIgnPvkQCRVlETPln9iJOMpno9ec4o6myBOmhxeeH7l7fkw4hNbo9YubB3MNA,Roll 4 It Dice,https://play-lh.googleusercontent.com/a-/AOh14GitKAsKAC_2dnsY-5SJnjUKkmmNXRBBCfYEVamfS_w,Bad for people with vision problems. Tiles are super tiny on phone or tablet with no zoom option. Had to uninstall and refund. Sadness.,1,7,,2019-12-25 18:09:17,Hello! I'm sorry for the inconvenience. There is now a manual zoom option via pinching and an auto-zoom option where after a tapping a tile the screen zooms 200%.,2020-06-16 07:48:20
gp:AOqpTOF0SbAu-UcGEGpDolR7rIwXChnzXT7YNohXtXfX4FIkIs-i1iFFTApLSXonYdKlj-ki-fItTI5zTSjRBg,Pedro Pereira,https://play-lh.googleusercontent.com/a-/AOh14GiVvXDJ1fmwW1LaoCxwucPYMldI23gfJ-C2N0Umhq8,App has been updated and is working fine now. Love the board game and this app is an excellent adaptation. Great stuff.,5,3,1.0.2,2019-12-20 08:43:54,"Very sorry for the inconvenience, it should be fixed now if you update the app!",2019-12-18 01:32:23
gp:AOqpTOF51JbXCAGCMOnzIyh8WEw8kt2u1R78w8dsKwo7Ph1C-vnkBjDr9UXpH7OfTiJvpEhfArY4ej__w_OACw,Luca Francesco Rossi,https://play-lh.googleusercontent.com/a-/AOh14GikpnTrqBQe9ewW7B7vJQbaf4RLGvY7gIJYCcR3Lf8,Very enjoyable puzzle game! The multiplayer option works really nicely and the soundtrack is super good!,5,2,1.0.1,2019-12-16 06:30:08,,
gp:AOqpTOFmHDXS8f3wLe1cFsexMSJBLrVPbGjvPw0dpiSDH4ZF6qqQ5Iq4TOb_mt9q2Hj45dGu5fvmjDUGzwmTKg,jaeon crighton,https://play-lh.googleusercontent.com/a-/AOh14Gjr4hFD0tiBOX69b_wQk8o6m8fWP5198AMQEdGdUA,First one🤙,5,2,1.0.1,2019-12-14 09:14:53,,
