reviewId,userName,userImage,content,score,thumbsUpCount,reviewCreatedVersion,at,replyContent,repliedAt
gp:AOqpTOFxaDfKCh3VQEdKMGiLX690OCSRhDsMSqgDmS7t0uRLVXpWu7lnCgArtRgIq-uyMXM8M9DsNu9eFtH4EA,Gabriella T,https://play-lh.googleusercontent.com/a-/AOh14Gj9HSqqshHlpgsQZrPJxjUJ6ltVPKH7TIykithDiis,"This is honestly perfect, and I mean PERFECT for my needs! For a tiny fee thus planner will help you plan everything necessary, you can add notes to your calendar - easily update your various collections and bundles, etc! It's just... So great",5,0,2.4.0,2021-02-05 07:26:32,,
gp:AOqpTOGqUCe94b5vrYDcNPcrejkROQQO6WPBqjWb9BO__O7LdaqEobot0sfAwRr-fc8ZVTPvgQvuftVo46yczA,Kate,https://play-lh.googleusercontent.com/a-/AOh14Gj-GJeHdIbUW-9zgCBP7bArUr-gVlv4LqRT_6rNxXU,"Probably useful for older versions of the game, needs a way to change bundles to do remix bundles. Long press would be a good way to edit.",3,1,,2021-01-20 14:21:12,,
gp:AOqpTOEq1tinz7nTPYI9Tx7GPWi28kxQf5vcHMn2vfqz65mAm0E0D6qd-yIlkViCfzw4T7tjaJfW8Lfx_kr2Tg,Cooper Hogan,https://play-lh.googleusercontent.com/-WRFUunNrvPw/AAAAAAAAAAI/AAAAAAAAAAA/AMZuuclwYPgkviQ4OG-cEhMW2iIgrVGoxw/photo.jpg,Such a good app to help you play stongly recommed to mostly newer players but app helpdull for everyone .,5,0,2.4.0,2021-01-20 03:27:08,,
gp:AOqpTOHgSgvqJan74jXMO4_FVgSrlVKisUXjXBQLTMIPtO8Sif12RG4XZGRJ2hlJ0L2ywjuoDlO7GWsOIbUAKA,Ravyn Bostwick,https://play-lh.googleusercontent.com/a-/AOh14GjR-PMqIA4rrUUlw5f5OrEP0xcpwl5uBN3ToT5ZMQ,"I absolutely LOVE this app! But I took a star off because of a feature I feel is missing. A checklist for the shipped items, it would make things for a completionist so much easier..",4,1,2.4.0,2021-01-18 13:33:49,,
gp:AOqpTOGBThJQds2k1fhXV2Gc3nSsEyIGiTiNPAy2CVD0SCQwnKbnmEWrvYlMueSVAUVPzRUNnzNTt9W3NfBS1g,Rupe W,https://play-lh.googleusercontent.com/a-/AOh14Gj7vxaPo0BnbiAWQsJNcSJDy9BffGILijtjm7LKvQ,"Worth the money! I really like this app and I consult with it every time I play. It is great for keeping track of collections and for easy access to good gifts for Stardew friends. You can have multiple farms on it so no need to lose progress if you start a new run. Interface is very nice, looks good and works well. Would be cool to have an inventory tracker for recipes so I can ensure I have all ingredients but it is still fantastic as it is. Thanks!",5,9,2.4.0,2021-01-08 04:49:54,,
gp:AOqpTOFdqdnCjsc37EekAnybTdQjUXxdArIDm0YDancjwwu6FlmKsQNhh7ciuUWcPXsU1RXsG7mIeVJX_LxRJg,Xynith Peregrine,https://play-lh.googleusercontent.com/-dCH1G6zTOJ8/AAAAAAAAAAI/AAAAAAAAAAA/AMZuuclOagnCltMAL_PMFOzXSRF-pTb1zg/photo.jpg,Needs updating... The bulletin board is different in 1.5,3,1,2.4.0,2021-01-02 18:10:33,,
gp:AOqpTOF8m0TKtkDIxrNYJQhK3QqXmWFmalkbbaLemtjSdZ_OEqr7DuhKTCxa-LyOUb2Eqzri_8bbqQBM6qRobw,NinjaCyber Cat,https://play-lh.googleusercontent.com/a-/AOh14GhOjf1ts2Nv3h_xOHkcgD_57CwxWwn46tycOgja,Neat I like the simple layout ❤️ I was kinda disappointed that it didn't contain any of the crafting recipes tho.,4,1,2.4.0,2020-12-31 23:23:12,,
gp:AOqpTOGAXB1FkCEyyJraB7yDpWHs-vAL8pzNRTI7Dfx_D4HPE-H37VvefgT7XYDbvTcwIwEXr4gtWGrA_Sz6zA,ReddTortilla,https://play-lh.googleusercontent.com/a-/AOh14GgI5KOl526KqEhvsx7NoKQw1X-BoGWcLhPA0KRlYA,Love how this app works but with the new update the app could use a upgrade also.,5,0,2.4.0,2020-12-30 22:40:25,Thank you Kelly :) I'm very glad you like it,2018-08-16 02:22:11
gp:AOqpTOGr41jKpLg-FZJoR1MqKIigVc_R2e7MZ-LsLb-br4dmRi45wBzVgI_f3N5qey5PZUnIrSUeSTOwy6w5Ew,Sven Lammertink,https://play-lh.googleusercontent.com/a-/AOh14GhUHAO0SsqkMgzm5lAbjDfBK46q0NtufGK3l7t0Ww,III Stars; No Flounder.,3,0,2.4.0,2020-12-02 05:12:50,,
gp:AOqpTOEyP9o3OYA67iHx6w2dOu3_YFnfZC2l8pHM42PfIBI2G3iiDObIYGnBuxvT83inMJbas_Ss7B9Ft_BXRw,Robert Gioia,https://play-lh.googleusercontent.com/a-/AOh14Ggg5Vjr1ATHGxOqwKfrZ_goC-c8AtdsoP9M29S-SA,"Love the app, really useful so I don't miss the traveling cart and the queen of sauce episodes, birthdays and such. Would be better if the villagers location schedules were in the app instead of an external link. Edit: I appreciate you adding the list of what the universal loves /likes/ neutral /dislike gifts are that I asked for on last review. I know this doesn't get updated much, mainly due to the game not getting many changes.",5,29,2.4.0,2020-11-08 22:12:17,Thank you for the comment :) I wanted to include the schedules since the first release but I didn't antecipated the amount of work it took to add all that information. Unfortunately I had to leave that for later but I'll implement it in the future,2018-10-08 14:35:37
gp:AOqpTOEa1RBmAPcixc62QVFSQk_1HMlkDi5TIF4XQk37QqxFr7vgu3C8Pmg9uwoa-NXrKbFSY9RX3upc2e9JZA,johnny Schmitt,https://play-lh.googleusercontent.com/-uz06ccGPtM4/AAAAAAAAAAI/AAAAAAAAAAA/AMZuucmZXuuem_Gk5fvAT0L6n-kmbt3bBg/photo.jpg,"Best stardew valley guide yet, extreamly user friendly, but I wish it had a couple things I've seen in some of the other stardew apps like hide tasks when completed, a search bar, crop, fish and ore stats like rairity, difficulty, and for crops $ per day. Still a great app but could be better, hope dev's see this and add said stuff to app",4,4,,2020-10-14 17:11:42,,
gp:AOqpTOGJZWjG_4uPdOykJhqD5L2C9IMEQeAJWqDva319GmE0Mrb2eLGyRZbKLAsntDu8iZFZDk5uWMfAq4IJjA,Truth will set you free Wow,https://play-lh.googleusercontent.com/a-/AOh14GguGTY1-21X2t1Mtc1V5gIaNCwO9HTds0nqsYOO,I like it since I'm a beginner.,4,0,2.4.0,2020-08-27 14:36:19,,
gp:AOqpTOGA8fn4ZZ1hQaHGnFNDawlC4Soy5fyWVg7x-HywP-3q20yiCKbOFRzQ-9yHQg-_h2ood-4VNV8BxHEuLw,Vorttex,https://play-lh.googleusercontent.com/a-/AOh14Ghi5dtbbh4s1wqe12t7SwDPm8AZ4COf7gCyj-xH,"Seems the app is no longer supported or updated, thus having missing content which will most likely not be added.",3,2,2.4.0,2020-08-22 21:21:11,,
gp:AOqpTOES2q7RYvZR_-8E2PhTrzrWWStAYqnEmkaio7zzLf06eyGKQEXg78-2R8TX0L3ljULNobahXgfasYwOmw,Tamara Frank,https://play-lh.googleusercontent.com/a-/AOh14Gilo7aO2icxZgczjif2_skElIxmWDvjBNOAvXTBuA,"It has everything you need, amd it's easy to use! Highly recommend!",5,0,2.4.0,2020-07-29 12:06:42,,
gp:AOqpTOF59PXVNBDWR_4n8EWIyB78WqiPVJPZl1GeYF3nt4yG7BaN-_Qob9s4rrM4lonkx_ZTT5rPaH7biuQ3Tg,Emma Matthews,https://play-lh.googleusercontent.com/a-/AOh14GjyDaj5FefJggOLiGcjIJNg1Epfe6Ir4CMC4Zoe,I find it very easy to use and the fact that you can add notes to the calendar itself is very handy.,5,0,2.4.0,2020-07-04 16:49:33,,
gp:AOqpTOEIhMP0uI37ao_pCXk-7L2XYAWn8GialwJTgg_tAJ-EqSUmXP6S3O-NtdkSWkwSaINtmzZbzK_6jMUUHA,Rebecca Andrews,https://play-lh.googleusercontent.com/a-/AOh14GijhMRjRBOx2pnTS6coo4u1uzhGTI76NqjwV1DnEQ,Easy to use. Great for replays. Links to the Wiki for more comprehensive information. I would prefer not having a link to more comprehensive information but this is a great app for the cost.,4,1,2.4.0,2020-06-11 18:39:49,,
gp:AOqpTOGXFHQCNgFvbSKsmKkefQt0vNruVcmuGRfskhtcZOrCX1oNjcdag7i05UP4vzUyTCrmL5IIh_Hkaf-PrA,Jorgy 411,https://play-lh.googleusercontent.com/a-/AOh14Gh50hnaCADmi7JMhX0Ik5-sj9YnRQCwlRT5gf4gqQ,"Very useful as a checklist! Doesn't have all the information the wiki has, but it also never claimed to be a wiki. Its a thorough checklist for the CC and museum. I also think the daily planner is very helpful to remind me to do things that I may otherwise forget about. Would love to see a more expanded version of the villagers, though. Something like heart events, questions that help friendships, an actual integrated set up to locate a villager without linking to the wiki, quests, etc.",5,7,2.4.0,2020-04-10 18:02:24,,
gp:AOqpTOEtA7h022riZZoJ2y1Fu5amUP7kB3ru60d-NRpB54d6d3VLtGJ2UAFDyquKLIdBbdvAUfcfIi884g5FKw,Erika Turner,https://play-lh.googleusercontent.com/a-/AOh14Gjtsvbl9QUKK-vAIXzHO8vN9Qh5HVhQRZNaEyigptU,"I've been trying out a few of the companion apps for Stardew Valley and this one is nice, except virtually all functionality is nil with the absence of a search function.. I'm glad I used my rewards money on this or else I'd be sorry, even for the loss of 99 cents lol",1,1,2.4.0,2020-04-06 18:09:17,,
gp:AOqpTOGxemNAoE7SR983fNxZuvy7YvtsqnBzZL8lMD9BTVjwU3sFZCjiZZPv1uxXcm2_HVPSFVBw41oVRnsWFg,Hidden Storms,https://play-lh.googleusercontent.com/a-/AOh14GiafTi0n4eKTnbBe7U2M01t8Ybvj6KpC-SQ7zOi,"I have seen a lot of stardew companion apps; some free, some paid. I haven't tried the others, nor would I want to after this! I had a google play store coupon for a free download of an app at a certain price. I figured I'd try since I never purchase apps. I would recommend this to everyone. I truly believe this is not only worth the money for the creators time and efforts, but for how beautiful and simple this app is. I love it!",5,7,2.4.0,2020-03-29 19:22:02,Aww thanks :) I really appreciate your review. I'm glad you've found it helpful. Have fun!,2020-03-30 00:49:26
gp:AOqpTOED_nyWaQE1qjkDAqNCDr1u0CAn3S_iNhX9JotYMUI3NppzE1Bb-Ri-Uh-Wj1d4ASI60ijoqq8FBnfyhQ,Emily Wells,https://play-lh.googleusercontent.com/-v2Qx4eAOnxk/AAAAAAAAAAI/AAAAAAAAAhs/AMZuucl_FO0JKjaJe33_MYh5Iigg-gRDXQ/photo.jpg,Since the game had its 1.4 update this is no longer the best planner but it's still decent.,4,0,2.4.0,2020-03-27 19:12:17,,
gp:AOqpTOFTAdhGM-5v7zKEBMlpJvNulrX-Ql4tsfWO7lrpbvzg_3ykWBPASURez5MtkXU8kk3y_grmfrSORHpzJg,Leah Cagley,https://play-lh.googleusercontent.com/a-/AOh14GiNzARF_BjIgK7dDLfi3nJpG25PPAENrTX9j95NVg,"Very easy to use, only thing I would add would maybe be a rare crow, items cooked, and maybe a star drop tracker. But maybe that's just me. Its definitely worth the purchase!",5,1,2.4.0,2020-03-27 10:14:45,,
gp:AOqpTOFFbJLFMrDEZBOjJjeAIwIRTXcSZBxZEh6CgKhrXJAEYrm83AOTHG97Nw-7ii550ROluD51P6FlrkgflA,A Google user,https://play-lh.googleusercontent.com/EGemoI2NTXmTsBVtJqk8jxF9rh8ApRWfsIMQSt2uE4OcpQqbFu7f7NbTK05lx80nuSijCz7sc3a277R67g,"A huge help in such an overwhelming game! Would love to see other checklists that are essential to achievements as well, but otherwise, it's amazing and runs perfectly.",4,0,2.4.0,2020-03-17 14:40:04,,
gp:AOqpTOEAv6XsSX2BC978PXB8NJpx0k5mERCYpcWnZHxK4UZ9djvw6se13KDdPBc61wFAJg_nA4ItE-ddj2Wpaw,Adam Pratt,https://play-lh.googleusercontent.com/-tsiTBszgrUg/AAAAAAAAAAI/AAAAAAAAAAA/AMZuucmWJ_lVWnXst-MeCDFghd-KtTVKUA/photo.jpg,"Constantly crashing,will not open at all. Have uninstalled and reinstalled and have the same problem",1,0,2.4.0,2020-03-05 08:28:16,,
gp:AOqpTOHqx2v_Fy-Z8OOagi6qaVyedxxba8745hbPHK9wkvXAfclTlc16Kna_lSLL-8waIVsjUoms_HzkcfDh1A,Allyssa Streeper,https://play-lh.googleusercontent.com/a-/AOh14GiaqFREzuafZZk8ybwpkrZkzQOmVJaKgvLMf5cI88U,Been using this app while playing SDV for around a year now and I love it. It's missing the food collection and I'd love to see updates for the 1.4 patch or maybe a way to track who you've gifted to each week. But overall I don't have any complaints. I forgot about this one for a bit and downloaded another one and didn't like the layout at all so I went hunting for this one again.,5,11,2.4.0,2020-02-19 04:57:04,,
gp:AOqpTOEIuU9ewSDRkqML96d1d0eeEfJzHRYlBExzKd0bNELfKpIreb5Tyt_PHdorOE19-wMhkAM3QyYX1X0rjA,Nathan Cooke,https://play-lh.googleusercontent.com/-grJnFSTuirA/AAAAAAAAAAI/AAAAAAAAAAA/AMZuucmSKA7h9aamW18ngLJXk91AJLmNNQ/photo.jpg,This is my favourite Stardew planner. It has almost everything you need but it does have a couple things that could be better. For instance it has links for each villagers schedule but that just leads to the wiki. It would be nice to have a crop listing with $/day stats and the like and a recipe guide but overall it is an amazing planner,4,13,2.4.0,2020-02-11 20:47:04,,
gp:AOqpTOHuP8bIA4SDGOuefL0tpz1TmxfYv6BJchmqUuVwYrq4wng8Ut4DeCCoJwn_UeV47C9YMbLFzJoZp79OSw,Dante N,https://play-lh.googleusercontent.com/a-/AOh14Ggrb-1Etb2-oozqajQDiG0MeDYspCMqa1v0zzq7,"Very useful! But needs more info, update when tha game updates and schedules in the app rather than just going to the wiki",4,0,2.4.0,2020-01-02 12:21:34,,
gp:AOqpTOHmdq1cZpZ2GIYDBEzxHhYAOfmFfwwlXUBojxIpDagoTRD_oaaBVTRs4spLGFswoFyhWuGVk8jpu07kHg,Kevin KYS,https://play-lh.googleusercontent.com/a-/AOh14GiZ9uC4eCiqSNvq2zg0InjVp9W6DkmwydJJ7oRtZw,No more update. There's a better app which offers very much greater content. Not worth for money.,1,0,2.4.0,2019-12-27 22:56:51,,
gp:AOqpTOHLQyIcYy8dL8iPBEuQMiPSx4U0tN840fdcsxfvPqzoE1APlQSLC4cTh9jOlgydRz9wbXaOS46VElMN3g,Patrick Cosyns,https://play-lh.googleusercontent.com/-Sqr97uC1awI/AAAAAAAAAAI/AAAAAAAAAAA/AMZuuck5FXXF7TbkjvwlHxILvJ0c89c8SQ/photo.jpg,Super helpful. I found myself going to the villager and season wiki pages often. This really speeds it up and is worth every penny to have on your phone,5,9,2.4.0,2019-12-06 07:32:00,,
gp:AOqpTOFWm30oOA2dG9T77NZ1Cmh7QmH8ogE91NAurlXxjhQzcZwDWBS23sTz_7E2B-X6N97Ceu5QNHMnhLsQGw,Maxx Cayer,https://play-lh.googleusercontent.com/a-/AOh14Gjkos5fgIzVSqAJ4Rnt-0FIM8lRiXsigT3r-VyaqA,"Fantastic App, I use it everytime I'm on Stardew! 😊",5,0,2.4.0,2019-12-01 17:20:03,,
gp:AOqpTOEKuQNcRi2JitMWoKslS2kPmMC1Fr588RsnBtMjvGbSDX2BICQsfQmGG599mzZawqVcRZjRrzZMkljTTg,Pedro Augusto Alves,https://play-lh.googleusercontent.com/-BWSMMCd7O1o/AAAAAAAAAAI/AAAAAAAAAAA/AMZuucmTFK0kd9OxDx_BzbhC97dzFK_SXA/photo.jpg,"Great, I use it for every save",5,0,2.4.0,2019-10-06 11:33:54,,
gp:AOqpTOGUA4myuUkFx3lgq_yebZSF9pqvGhtEHb5VxlyrRpgOlby138S1jvaa3xyRHwuBdSbA7LB5RrfbKWGX-A,Jamie John,https://play-lh.googleusercontent.com/a-/AOh14Gj2XyQSO0bs-bqY9waK8_8vdN8jWP-T-G4vcopqeCk,Thank you so much for this app! I no longer miss birthdays and love the lists for bundles and the museum! I use it on the daily.,5,2,2.4.0,2019-10-04 14:40:42,,
gp:AOqpTOF6qZpbToYb_GVzYQ8p6a6yK9ezHeUnOhIcWaedSrqvHt26HZ8nKKrvfXSaiK4Q4drafMKroDPYAFvzjw,Jen Premo,https://play-lh.googleusercontent.com/a-/AOh14GgkRg49zCVgIGx8JnfEMdgSYMHFMottEh1bJ5b4tA,"I like the layout and it has most of everything I need. My only suggestion is to add a section that lists all the farm upgrades (how much of each material how much an upgrade costs, like coops, barns, stable, etc.) and also make the villager schedules available offline.",3,2,2.4.0,2019-10-03 15:36:43,,
gp:AOqpTOHTnYUxYmlpBVITk9_AeDFaTg25eW2RttbyuQuh1sdPF9YP5uPPdRVp2y2jCm_WvxJOdfCQvYqnw83PRQ,Cecilia Forbes,https://play-lh.googleusercontent.com/a-/AOh14GjQBEIbDIZL8lCkjLj4pGus0QrEpKf9O9zqlorj,Super helpful until I switched phones and redownloaded the app only to find my data gone :( Is there a way to transfer data?,4,0,,2019-09-21 10:09:43,,
gp:AOqpTOELP2ej_fMmwvMtx0ab4H-nsf7GUBJ-fD244km5cw7KVYwDemnkzTDDoCPfQ09QwqDBd9pWWh-A1lNiOg,Keen,https://play-lh.googleusercontent.com/a-/AOh14GgYE-06AYgF9JBH3DsW8CeRrvvBa2am6sXHIEMJpA,Its okay. It's annoying to find things to check off because they have them in a different order in the app than they do in the game. They also don't track everything that the game tracks. No recipes or anything.,2,1,2.4.0,2019-09-12 10:21:49,,
gp:AOqpTOGCsvVVmVVvOHtsvNMOupWaaBN7vlsfsFuCDtiwIxCTzJcKhu6_EQSR8RTvQeCSfE3ZAeN2LqkSP4REng,Anthony M,https://play-lh.googleusercontent.com/a-/AOh14GgdeHuMZE3eRl94hGfn7F4fFritrXF9Y4oGsgW5Pac,Please please please make the schedules of the villagers available offline it's the only thing keeping me from using this app but other than that it's great and the whole layout is neat :),4,7,2.4.0,2019-08-20 19:59:21,,
gp:AOqpTOGD1p1ccK5T1i9isg3OttLbRV68UT_M-isVEcVg0wpwP6mqFT-YyfC7QpYp-DuR-EWVGni8at6UNA3Kdg,Matilyn Stargel,https://play-lh.googleusercontent.com/a-/AOh14GgZMhPhMAq_9dd0oxN7n1eUIAmCsa77uucc3N_Sbg,"this app is great! i use it often, however i wish that you didnt have to leave the app to look at npc character schedules, and i wish it would also say what materials youd need for buildings (ie. coops, barns, sheds). i still have to go on the wiki or ask robin what i need.",4,0,2.3.2,2019-07-07 17:00:57,,
gp:AOqpTOGFpxOMNyVfbUQpcRn-S7pFC2RRfz628F4Xb0w5WtkMRqYBouegyIXGv78ryhUubtYS_pYdFDRY1Gs5FA,Richard Small,https://play-lh.googleusercontent.com/a-/AOh14Gi8DzQb-poXrsRwW6ufOLNMp17dDSzPkUKUKGCH,"Does not allow the editing of notes. Does not show the locations of villagers per season. Does not show items, their use if any, and where to get them.",3,2,2.3.2,2019-07-03 19:56:40,,
gp:AOqpTOFLjOR2IrR1UyG1GhUjMOGp9JzuOlY3D0AqDpbKAn63az48M225gGW-wEWKJ8fSKxdx5LkKIy2QiZ_BTQ,Antonio Reimer,https://play-lh.googleusercontent.com/a-/AOh14GhB5_dHI4nQ14Z6G_KeHkijjuAGClQFP-MuuU5u,perfect companion for tracking your progress across multiple farms. Very helpful daily reminder of to-dos to help you keep up with recipes and the traveling salesman. Community center and museum progress checklist is fantastic and accompanied by very useful images of all items. locations and times for all fish. Just the best companion to an amazing game. lots of updates and bug fixes as well. truly an app that is more than just a money grab. 2 word review: WORTH IT!,5,1,2.3.2,2019-06-27 14:50:53,,
gp:AOqpTOHNhYDAtEQt5D01N0nfBewAjD7TEaKSyfEPc4SqKD-E-RRJUfdx62KZ1hmiAP-ZIen29L625qYvxTRC4A,Brooke Muranko,https://play-lh.googleusercontent.com/a-/AOh14Gh-NAMkX8BB0WLMFvSgC4wbswfATfPzsJW5zshPB4w,"I absolutely love this app. I've used it every time I play stardew valley to keep track of everything. It's been a lifesaver tracking bundles and villager likes/dislikes especially. I wish it had more in it about the game itself, like where to find items besides fish and bundle items or a list of automatic NPC requests in our journal. This app gets the job done, but it has so much potential for more.",4,8,2.3.2,2019-05-25 01:44:49,,
gp:AOqpTOFBSRift5kah2AWgeyQRs4irkd31WxvmMegdC83EvD2ihqg6yeXoF1UybIN8AjIC-x0fVTaYNjXW27skw,Meagan McLay,https://play-lh.googleusercontent.com/a-/AOh14GgadQohl9AiOMWmfx65g3_VlwG2CX9xoL7DBwhQ,"If I don't use the app frequently, itdoesn't save the bundle completion, which is expremely annoying.",2,0,2.3.2,2019-04-21 15:52:30,,
gp:AOqpTOHPddsg9dKO71fD2QhBlF6xW67Epk0az9UV6tqmJkM5KDc2lKNtCfcvPB9PbHiLtgJgCMozFBFPMznuyQ,Bagus Satrio,https://play-lh.googleusercontent.com/-OQacm0IOtJg/AAAAAAAAAAI/AAAAAAAAAAA/AMZuucmmr6b4jz9ncGyjS_JYTlmg0dE4JQ/photo.jpg,Add offline schedule please.,4,0,2.3.2,2019-04-20 03:25:44,,
gp:AOqpTOFYT5KYRhFBAWIzJMSLCSDOI2OOkfVATXkGT36YgnLch628Ch9hcx5ZUkz-PvGQ3Fp5EXNruMi-ZH2fyQ,Goth Bear,https://play-lh.googleusercontent.com/a-/AOh14GjYOAEF9qzNiM55dwcTLnfmbLxe2rCeBVWh0yqmkQ,"It is dam near perfect, it has multiple profiles a day by day planer a list for the community center and museum ect. Well done devs.",5,0,2.3.2,2019-04-18 13:41:17,,
gp:AOqpTOFpyBrCO2adKT6Ep6Kvvcdfbdjpfs3hhK9CuZOxSVOwXAwaWpm3j546N97wYWO1ND6qZNQjfRusLXSkxw,Richard Durón,https://play-lh.googleusercontent.com/-H_Ost7WufAw/AAAAAAAAAAI/AAAAAAAAAuA/AMZuucljZipEWpt4XdlHoxhjpXu5Tc1ZAg/photo.jpg,"I have tried all the the apps like this. Paid for them all to test them. My opinion is this app needs some work. I paid $1.99 on another app for pro features and it was actually worth it. But this was almost $3 but has LESS features. The UI is good & runs smooth. However, the main problem I personally have is as fallows: The villager's schedules shouldn't have to be viewed externally. Not for a paid app. I do NOT want a refund or anything. Just Please change this one flaw. 🙏✌️",3,5,2.3.2,2019-04-08 03:30:10,,
gp:AOqpTOF74KvgYpG0xMkB7gGm_hRm-NzVjJiqYu0ATEsd4qiQ71uguVZ2LShfseRNXiDLKcApbEW6az6TFedDsQ,Bunny Wilder,https://play-lh.googleusercontent.com/-wzu1rm0de24/AAAAAAAAAAI/AAAAAAAAAAA/AMZuuclYhZWXIldUt9qLaSzyKyMLakQffA/photo.jpg,"great app. super helpful. would love if I could sort fish by season as well as alphabetically. would be great to have an ""as catalogued"" sort option as well.",5,0,2.3.2,2019-03-31 21:16:49,,
gp:AOqpTOEhT4COHDYhzB0RaiP5QS3_nVHiBSBkrNEn0DjAVQ-GiPc6G3G102h150179nE8meRdl_SAaXqPiQ74Aw,Phil,https://play-lh.googleusercontent.com/a-/AOh14GiXG9kSaUdxd6I2I06rXa0kwsvpgq0wW-WEllS8QA,Should have add schedule in the app not just a link to website,4,0,2.3.2,2019-03-30 04:41:55,,
gp:AOqpTOFSZ-8kicG4S6r4M-9g1zShhoAdYjZVf6SsJonCd5xdIkP4AAODgjtEkMzQUj7sN01L7XpKtplXy9bxtA,A Google user,https://play-lh.googleusercontent.com/EGemoI2NTXmTsBVtJqk8jxF9rh8ApRWfsIMQSt2uE4OcpQqbFu7f7NbTK05lx80nuSijCz7sc3a277R67g,"Fantastic resource. The ONLY thing it's missing is crop information. Prices, availability, grow time and such. Will update review if they appear 😉",4,1,2.3.2,2019-03-24 14:11:02,,
gp:AOqpTOFlpdQtqNsVrV0h98NRIP05NgVXnxsVX0rwtmRLQcAu_izs6Qw1cCWYsWnsCtvMgdJoID9aamJk1VLGFg,Angin Agir,https://play-lh.googleusercontent.com/a-/AOh14GjkE4qA4E1hB5Edvli3oto45Al7oWJmG4pKtcEMEQ,"It's very helpful and easy to use but it still requires to use the the internet to show villagers schedule its definitely not the worth buying for, please add some details so I could play offline peacefully.",2,1,2.3.2,2019-03-20 05:46:31,,
gp:AOqpTOEIFmvMB01lvbtZ9RjionM_9cZDp8xqmcxNzqBWv2674M8_K6NcOwczMH-3xDEEy79mnxk_nh-RGb41LA,Zack Babcock,https://play-lh.googleusercontent.com/a-/AOh14Giks9PVGTd1KFNgau-S3CAPfnj6vvXpT22puqNp6g,great app. maybe add crafting recipes for non standard items?,5,0,2.3.2,2019-03-05 18:59:05,,
gp:AOqpTOHU2UzqRAfhsxXTBYYginLQuScqbvUO1yZD9COW2CxV0yIrKTWGeO8bGoa--f_lhal8BNprWADe8jibCg,Megan Penno,https://play-lh.googleusercontent.com/a-/AOh14Gj53f6GjqBgYM7Wa-xdH3KbN2y3LYJYDppv36eIG-U,This app is pretty useful. I love the tips about last day to plant crops. Would be very convenient to be able to search items to see which bundle uses it. A lot of times I know I need something but I cant remember which bundle it goes in. Once that feature is added I think its worthy of 5 stars,3,0,2.3.2,2019-03-02 11:48:36,,
gp:AOqpTOH6kp3hSIwPia32NUOVOOWoeXkcZZYbvnzBgI2T2T_2rQvvky4kCUoHJm2wiywoeTxS2KMoT1fAdxc4zw,Heather Oo,https://play-lh.googleusercontent.com/a-/AOh14Gi8pKafK0Pj8OHZZO_-wYh7mSrzATDhvgwJxOXHsQ,"Not usefull. Does nor sync with game, have to use internet search either way.",1,0,2.3.2,2019-02-28 06:19:50,,
gp:AOqpTOEUc9RmBZSycGh2tU9IUzZSUQxLmXTb7Dgfh-UxkJ1Rm59SQfWATkMgTCnkyE-Eaneq1bCkH_gXUblt-Q,Madison Sauve,https://play-lh.googleusercontent.com/a-/AOh14GgRCIe8xsPX_sIA6QcoS-7_11Cxnwlc6QyhGLlE5Q,"really well done application. only a few small things missing, but they would take a lot of work to add (i.e. recipes, allow ediable notes (i made a spelling mistake in my one note so i had to retype)) but nothing major. :)",5,1,2.3.2,2019-02-23 09:31:01,,
gp:AOqpTOHyzVyfY-Yw91gUWVfSi0t8NHLHNQtaUlVAo7ynPeNpAJSUQ9c_6HnEQfzuuUp9vYUYGkVObtHyIcQTZA,Kerri Braden,https://play-lh.googleusercontent.com/a-/AOh14GjnGOeGC1stSYzawb6_xlLKfB0XizxsqK3QJ-XNyA,All the information you need at your fingertips! Wonderful app!!!,5,0,2.3.2,2019-02-18 07:36:28,,
gp:AOqpTOGF_d9dXdgfJ6rIOIrn-qAuvu0ymoGtsNbnbCnkr62FCbdU8EnqjzJE2OBNKVRLdn7Gg8QdSY0RhFwIMA,Priscilla Donis,https://play-lh.googleusercontent.com/a-/AOh14GjQ3Cl30V156sZcna5c6tgvuQGcMZEXeuDru2ws_Q,The only companion app you will ever need for Stardew Valley! Seriously in love with how helpfull it has been! ❤,5,0,2.3.2,2019-02-15 04:15:11,,
gp:AOqpTOEEvxwyDkwnPBvbJQlsH9VIMjn205-g422yZUeu7yyNFL9EUJz8UB9VOuIJ-InHVQ0bday5BDZJHOrX-A,Thijs H.,https://play-lh.googleusercontent.com/a-/AOh14GhwcD1SwF33_tf51VIqs6oVcjEq8mOFR6pxoQEsrno,Great UI and easy to use app with lots of information and tracking.,5,0,2.3.2,2019-02-10 02:17:38,,
gp:AOqpTOFXRFQUpuYp7WTB7PFqTCiKb9SwETweSoD57UKefUhs7jZZ1i1yVx5IizUebuZu456RyQsHQDYpcFP4pg,Mark Turnitonanov,https://play-lh.googleusercontent.com/a-/AOh14Gg4vlcpxAZvkMkG4Wr06pNQClxNi8NUJ-xA4Aq-ZQ,Just what you need,5,0,2.3.2,2019-02-06 09:36:30,,
gp:AOqpTOGm0kfp8qA0dmWDvrKKo23ZbeJ6Gn3XoFGaC1o5r-B6SbjTIoi1kai0G_NFynVLyE1yWC__sWp86YZA4A,Cee Bad Gamer,https://play-lh.googleusercontent.com/a-/AOh14GgtvsrEB4VsEFV-bTZxNGc3yD_vysAdnJpQ3PaErA,"The app is very clean and user friendly. The low score comes from the fact that it is overall very lacking in its content and absolutely not worth paying for. No villagers schedule, no crafting list, no collections list (just the museum and fish)... Really the bare minimum. You're better off having the wiki open and downloading one of the many available spreadsheet with checklists.",2,104,2.3.2,2019-02-06 05:08:38,,
gp:AOqpTOGUKEsWjnJfC14JBLjD9tdFLFwHrGYlm6xxaLvdrJJ-EG_c06CHMRdxtGcDptFZT5IcBCVv8mrqoYhwRA,rat t,https://play-lh.googleusercontent.com/a-/AOh14GgEtCX0Miopa7eeSPTLD6PxlCxLuSS2ZzTL6mbFwQ,it doesn't have much for the value of the money and its not as usefull when it is offline. I would only get this if there is nothing else you can find :(,2,2,,2019-02-05 19:20:16,,
gp:AOqpTOHjCqTGmuXSd1qTyM5TKaufc_UcNtZxGyplyXdSmAGT_9RlSOKhExcVcc0x6voKUPemXdIIlTZETX6OMQ,Jeffrey Rufino,https://play-lh.googleusercontent.com/a-/AOh14GiSReCNf_FwU3zvMR_V1Bri1YbIYe9m34EC4i1R75c,worth every penny. this keeps me up to date with my farm. thank you so much.,5,0,2.3.2,2019-01-30 17:08:32,,
gp:AOqpTOGshC_mDnJ1tUZBBSufPqgNMyorb578wjBiLYROu0I1rs2rT8ESC00wWItyz5QHOGJREpEn3aSPBflNvw,Jeff Farnsworth,https://play-lh.googleusercontent.com/-FXXoWHAICgQ/AAAAAAAAAAI/AAAAAAAAAAA/AMZuucnaYKgrNdgtjvKspkQuVluu77zJPw/photo.jpg,Would prefer if there was a checklist for heart events and details on triggering them built in.,4,0,2.3.2,2019-01-29 23:29:29,,
gp:AOqpTOG0r3UicWBigFZc6M9PffNdTZen9VsL0aVEURoguKmeYtPIeDT2L3C9NNT1lggMGzsC4NEbwyp96K9ceg,LaDonna Jones,https://play-lh.googleusercontent.com/a-/AOh14GiokI2Vor5ry_sj2cvR7ETgh2zv73biVwfimMeC,Extremely handy.,5,0,2.3.2,2019-01-28 10:44:26,,
gp:AOqpTOHWMUHg5RTa-_r4sSYi3mEiDUqnUYdnER_K8rzztqPua7r5mo86RqslKtCxZjrlJwWhhbbw0t67VZup7Q,Tim Martin,https://play-lh.googleusercontent.com/a-/AOh14Gh8uBjfGGF9DJQWkq36u8F5Z4KySi4UgBrvXN0j6A,"Mostly good, however often it will close and reload after turning the screen on my Oneplus 5 (OOS 9.0.0) even when it's the active app. This makes using it frustrating.",3,1,2.3.2,2019-01-23 00:28:45,,
gp:AOqpTOGPuDJqbuhgoSf-boQk8IkcY7jEaCKClwm73Ma7-4MyQsyOA3Z4B6DE8AUpkZahiVuHb43b2nnz5q64_A,Anna J,https://play-lh.googleusercontent.com/a-/AOh14GjbVWbngmwLtU5rln1Jt5AwXAj4mVeiSz8OuV4z,"i really like this app! very handy, organised and easy to use! the only thing i would say i miss are: 1. recipes and an additional checklist for every recipe (like fish and artifacts) 2. some type of search engine for all items that shows how much each villager likes the item",4,43,2.3.2,2019-01-21 08:07:08,,
gp:AOqpTOFuG0IS3kmKnyuvja8xo1nF_2s4yE15RRiZ_I9QLz3MOBw5zQly8cQmRfi-MVatZj_5FrzF5sF8rzuMOA,A Google user,https://play-lh.googleusercontent.com/EGemoI2NTXmTsBVtJqk8jxF9rh8ApRWfsIMQSt2uE4OcpQqbFu7f7NbTK05lx80nuSijCz7sc3a277R67g,"such a good app! i usually forget what i have done if i dont play for a while and end up starting, but now i can keep track of everything and have the wiki guide at my finger tips!",5,0,2.3.2,2019-01-15 05:53:31,,
gp:AOqpTOGSwVfNxZAm157BLnxs_QhGcUrJx6vqHxpPdT4tZghqWyF0I_S7oPPDj60aEbVLXiYqsSFboIiEE9mDPQ,Astra Elura,https://play-lh.googleusercontent.com/a-/AOh14GhzveUc821f8xXxuGfaAcyDSCKNzdmP0tQpE5AOmQ,"This is extremely handy, while I would like more content added in general, I also do really appreciate the simple and easy to use interface",4,0,2.3.2,2019-01-15 05:04:39,,
gp:AOqpTOFh_kxI2GOxh679b8ZtXqyR5gIL2ZkNpeGm1JJQKm--UJYBAISUxnPrppR1CpjBwcGN7ohU8UMGRyDqLQ,Mojave_Dream,https://play-lh.googleusercontent.com/a-/AOh14Gh87RNZ9_7Y2jYAAYx5s9E1XkNtDMKeBnFU_SQt,"This app is good, but i think it could use more detail. It sometimes directs you to the wiki, when it could easily just clarify within the app itself",4,1,2.3.2,2019-01-13 15:29:22,,
gp:AOqpTOG_hIHPWek5tyECvnV6HARlcOQlotCAit8G4fKrLCruNcF3yWdyPZrcRxM4DIutj04vWngI8BHPoFQLLg,Blake Manson,https://play-lh.googleusercontent.com/a-/AOh14GgJQcLv-vQctO7iG7D-13U32OdnZZXzUBSCH-HU9Q,"A great app with lots of info, and the bundle checker is great. The fact that it can save multiple farms makes it one of the best Stardew tools apps.",5,0,2.3.2,2019-01-11 20:55:12,,
gp:AOqpTOE1ym9yFMiyhOVLY9El77Gbx4q_8jOFTm3JkwMxcfgnwW3-C_Cj8EaXLAfk6loeYbP6B4El9Vze2guTUA,Easterlyn,https://play-lh.googleusercontent.com/a-/AOh14GgLnenJuHj3BwEPZAqUY8xh9cAwUPG0bbCyOafK,"This is a five star app, hands down. The calendar feature is fantastic and easy and lets me add my own notes. the bundles check list is convenient. What would make this app even better us just more content and lists. There is already a list of all fish, perhaps add a list of all crops, recipes, museum items, and more!",5,1,2.3.2,2019-01-09 15:29:14,,
gp:AOqpTOH7wFn-q00r5e9mzQIuK7zOg4poJTohMlGykt2JEl0udOLiNoyMqhvBVYlFTHd_2et6GOkJQFVH-JKR_w,Justin Mooney,https://play-lh.googleusercontent.com/a-/AOh14GiJBMsgigtOlaeSF7TrovdoTN4EZmSAeg71Yks5Tg,The app is pretty good but lacking in content. I would like to know what buildings I can build what the material cost is and what animals it houses. Also a list of animals you can get and how to obtain them. a list of crops/seasons and the gold cost and where to get them. Maybe a hint menu for the most valuable crop for the season and the bundle needed for the season for the community center. this app is ok but doesn't offer anything more than a free app.,3,19,2.3.2,2019-01-08 13:25:06,,
gp:AOqpTOHLAqP_szagQ2wSpWZ1u9XkCjBsdWzvTh1zlyaqa33XGaw7-qRPYlxdYQBjSd6y43iUNOBfN53s7p5Ynw,Dantte Sousa,https://play-lh.googleusercontent.com/a-/AOh14GhjbTcNJH7psAcnHXJ-cts8U9nD3GVVwgh-i07-1Q,Best companion app for stardew valley.,5,0,2.3.2,2019-01-04 18:24:26,,
gp:AOqpTOFl4Ohy5bvGqOZq8BvAYQ92rWreTLQ1zyL0ab3JwS0zJye8Z8xtIj7xPimhQuIbcUmImfC9tGxx3BraxA,Meghan K,https://play-lh.googleusercontent.com/-Y2dP7C_acr8/AAAAAAAAAAI/AAAAAAAAAAA/AMZuucmNwCfCSipFfGUGKISCy9nktCwFcw/photo.jpg,"This is a great app for people who like to keep their farms organised and have their progress all in one easy to reference place. Clean, easy-to-use interface and the informative reminders make this a great tool. The only thing I would love to see added is the ability to set the custom reminders to repeat every 'x' days for things that don't work on a weekly schedule. Highly recommend this app.",4,7,2.3.2,2019-01-02 19:17:12,,
gp:AOqpTOEVfv84Hw3eCgqRTKmI27pPKSaFLKp7GuqCdB4dhbxbgkwSXmYRxw1goJieqU7gY9ScAjnMFkOlwfDAVw,Matt Hughes,https://play-lh.googleusercontent.com/a-/AOh14Gh2kLdGUNBby6dXViN-WgEwrgXa_Xd9xzT-mtJ84v8,"Great basic reference. Looking forward to more features like farm upgrade references, recipes and crafting.",4,0,2.3.2,2018-12-31 10:44:22,,
gp:AOqpTOE11r-7BoQ90v7HI2RAccwViHG3IWiXeukq0Wj1sgLDyCt2sKJWNmVtRsd8LBFeDGj36trJx8lh3o_zBw,Pyragen,https://play-lh.googleusercontent.com/a-/AOh14Gg--rwOeIZaqKWc-V1muiV50kYe6FMKCkNJYmO1tA,This app has helped me with keeping track with my farm and I really like it I hope that more features can be added in such as the villagers schedules.,5,0,2.3.2,2018-12-31 06:46:47,,
gp:AOqpTOFjk8GXgi_YM7i5NR7dFZGtyzwBBHKSbgY52AQ0pTr2iIGQb2EVvUP1WtBn1I9yj7_9XFAJWJCcCupAuA,Gilles Albert,https://play-lh.googleusercontent.com/a-/AOh14Gguh8XG9jpAhyZmY_AB-yZEyn8VxqNtY6v54paLsxs,"I absolutely love this app. However, it keeps crashing on my Google Pixel everytime the phone goes on standby.",3,2,2.3.2,2018-12-29 05:39:08,,
gp:AOqpTOEzSk81fczoadJiCWKuN70mhKmrWeeiZAdk5XOYpSBAWatrxXA2KVo11B9sPjX2zNUtpiiUme0r42jcUw,Kelly Hwang,https://play-lh.googleusercontent.com/a-/AOh14GhHTlDexfrrzs3ToKpcmDY3Bpp5-Dv7EykZViiHkA,4 stars for the planner calendar functionality... makes my life in stardew so much easier and productive!! couldnt be happier to have paid for this app. If i could make a suggestion to also include recipe and building ingredient breakdowns in their own sections so i can refer to the wiki even less... then ill change my review to 5 stars!,4,24,2.3.2,2018-12-28 12:09:30,,
gp:AOqpTOH11KJt0TloXa353-YHV4L7q67a_RLVBMmPV92jp414zqPOWhHggWf0bICco33J2-eiFJUDsRG23ARyyw,Mikkela h.,https://play-lh.googleusercontent.com/a-/AOh14Gim-JnS352064wN59rgWpJ5gyuVBx_OcL5qnuQw,This is a great app. I love being able to put notes on certain days and I was pleasantly surprised to find out I could even make the notes repeat. The interface is very well laid out and nice to look at as well.,5,0,2.3.2,2018-12-27 21:30:47,,
gp:AOqpTOEULUcWMaV5SUnoSfcOMUYMfKCmCpp3FiKC8rdwWQLdiGMZdIThOUSBqNCntEMM-2XEHTfRRSsIUbxFrA,Samantha Gates,https://play-lh.googleusercontent.com/-9HgdQAXtdHA/AAAAAAAAAAI/AAAAAAAAAAA/AMZuucm4Iir4Mx_GKQv5-0HK7Q1BtPvypw/photo.jpg,This is an amazing app. It was great with helping me not waste time in Stardew Valley. I especially love the fact that you can have multiple farms because I have the game for both PC and PS Vita.,5,1,2.3.2,2018-12-26 17:56:23,,
gp:AOqpTOHV0IcQuk-sf9rYPrhEcK_q8YtGw-4AUPXSuf5Kf5YCFuRzuWXWKs-S91Ah6J60JzEdqHioHZrRilqQqQ,Pascal Lorenz,https://play-lh.googleusercontent.com/a-/AOh14GintdCBBiw9FhQmb8-eR4IFM4xEh3-efyhyDp82,"Unfortunately doesn't work on my Huawei p20 pro, just gets stuck in the initial loading/start screen.",3,0,,2018-12-22 03:05:11,"Sorry to hear you couldn't open the app, however, that is a bug that sometimes happens to some users and I wasn't able to reproduce and fix it. Normally users are able to make it work by reinstalling the app or just by waiting some time, maybe you can try that. Also, I have a lot of installs on Huawei P20 pro devices, so it's not a phone problem.",2018-12-22 04:01:54
gp:AOqpTOGP9p-WclWKgO8s3haazH1MwoN8jeLdXYZuO21wjcA66fFhrQ8rKF_kHX7aKpVrnO8jI5Ex6vmx55LnAQ,lauren,https://play-lh.googleusercontent.com/a-/AOh14GhxZpNBY_RelWZvC6vrew8A2NChInpGU7l108RmGg,so so helpful i love it,5,0,2.3.2,2018-12-21 12:58:47,,
gp:AOqpTOGK3A1s2UPdA3U3EKj2jEeblr8szEUvNvEWldhKNkSxPRzGTQjxzWvmsqAos5EILvNU5d7YalazqwWNpg,Laurel,https://play-lh.googleusercontent.com/a-/AOh14GjVNkbX57Fmp6JtHjd0nOtgWyVekCOf16GdOJdcpQ,"It's extremely useful! I wish the fish were organized by season, though. Adding the villager schedules into the actual app would be nice too.",4,2,2.3.2,2018-12-21 09:39:14,,
gp:AOqpTOEWBi01lUq2pKWD20Hq8lGJwrgrEBtDpDNR1jRs2_PalcP1LQ0t18MeQ5xyCKCTP23vVDQbq9V_9CL8xA,Brittany Doherty,https://play-lh.googleusercontent.com/a-/AOh14GieahrNGCEaVt9zgbjeNwtPhQM60zFKDNsww7mpTQ,"This app is a really wonderful companion to the game. UI is very clean and easy to use, and I love being able to add notes and keep track of bundles. I'd love to be able to have more info on farming though, like a planner of how many days to harvest, that sort of thing!",5,4,2.3.2,2018-12-17 03:22:59,,
gp:AOqpTOEpwaPRrwctXlS2dD0MxP92zpt4lAZCXp7PXwJ1TIBz5DI7NdUre318-_7ZSPkwx4kVEnDImyElUuOOqA,Robert Michaud,https://play-lh.googleusercontent.com/a-/AOh14GhbvuDhLhcvTbw8vt6vVjWn5FlnvZUwljjiouAJ-g,This is exactly what I was looking for. It reminds you of things to do during specific days and is especially useful if you don't want to miss out on anything. It's also a lot faster than searching for something on the wiki and even links you to it for certain things.,5,12,2.3.2,2018-12-13 17:31:37,,
gp:AOqpTOF2aP1mHFZIJkO0grYjUs2VTObbUTh4w5gyskPVp6V7wxUSwIMQYiqHaPEmZKin4c_Znn2TkDbhqk0W8w,Silvia Amstalden Aguillera,https://play-lh.googleusercontent.com/a-/AOh14Gjf3qX10GQR0LkWSQNM5eIrWoX0ti9aojaxp0ipow,Great app!,5,1,2.3.2,2018-12-09 19:12:36,,
gp:AOqpTOH3R3I8biLDyqvJFGONwHgs9MQmPfS1PnSJ-AM8SrQfRzvjOg2_UoDwejQR-wIrRnXkXnAbBYoHq9OUyQ,Hector Ramirez,https://play-lh.googleusercontent.com/a-/AOh14GjdSxMYTygot6hr9cjpEpEMjjDz8ceVCmZoePZrHA,Excellent app.,5,1,2.3.2,2018-12-07 18:53:23,,
gp:AOqpTOFmnH2tIo7FbJXWD7EamK8U5jrLyTBfNIY6cgYEr3wLfcnldlaZ0Eiw8iDYBqEzmQKO1K8TG4jcRiLmAw,Emily Greene,https://play-lh.googleusercontent.com/a-/AOh14Gh2lfjwXeI1LtSL-PGtMprldTtMTUXXiGvg73W8bUc,"This is an amazing app to use with Stardew Valley! It helps you keep track of everything, from to do lists for each in-game day, to what types of fish you've caught, to every individual villagers likes and dislikes! The user interface is incredibly clean and so easy to use. Love it!",5,20,2.3.2,2018-12-06 20:45:48,,
gp:AOqpTOE1GB15NInNkij2FkPmqn0yyX2bKEt7RAvurdxtEuIHUrNn8_xUMJzukaGInzy2PGMMJ6GNJWEbLzs7Ig,Tony Philson,https://play-lh.googleusercontent.com/-DPlv5AwS-qc/AAAAAAAAAAI/AAAAAAAAAAA/AMZuucnDA0povWAGEhRrNrwBu3Jt2BkHmg/photo.jpg,"This app is genius, it is the perfect tool to help out in stardew valley. A little more information here and there but for the most part simply amazing. Shout out to the creator,nice job and keep up the good work . The only request i have is maybe put some more tips or suggestions on how to go about your days efficiently to be successful,im having a little trouble financially first season.",5,0,,2018-11-26 09:27:37,,
gp:AOqpTOHIuVrHEbWiyZqsgAYwWf-i4omKZSfa6FlJzmWB23F0oYiIk8-M-LU5N0WeRjQ0G0bG0wtyw3KDsw9l-A,ßuttflakes McCoy,https://play-lh.googleusercontent.com/a-/AOh14GhBQ7-c33qBDWFvzFD1-dWWFHcuAnkLoeOde-7t_w,Best Stardew app out here!,5,7,2.3.2,2018-11-24 17:30:23,,
gp:AOqpTOEPATR9rqpZ6Ak_o6y6qNTa1hwvNvEwUrnUuUpBw5qchIQMDh_XNe8kkGSO3EkOru4gJ9wYbrYeJNZDhw,oussama,https://play-lh.googleusercontent.com/a-/AOh14Gj-YPPqFCRORyXNyQt56uyW7VTsNdN7Xo8s5A2P,Super helpful app,5,4,2.3.2,2018-11-23 09:58:22,,
gp:AOqpTOHDaWI58fpdotXN9eOEn1dWheoHiaOUHXK8Ehaqi3wQnmJzlQyuLMreuEyvxEdCmiUSQ5d_vKRek4pjAw,Andrea Molyneux,https://play-lh.googleusercontent.com/a-/AOh14Gi967ZRPulsHdsJKKfGjpD2UgUePqYVc9oO6HYK,"So glad that a description for ""all universal loves"", etc. was added!",5,8,2.3.2,2018-11-19 09:44:53,,
gp:AOqpTOGHjtWmKyHeI3XeCtkoxuTSDxnqxk3mF6332G6QtKASMY0XB727ZqfMEe422TK43Z1inkd2hLIG0VPVdQ,Steam Wallet,https://play-lh.googleusercontent.com/a-/AOh14GgP2oFo69Q7ZVs643N1PtmouM06LZ1WItPt7C-a,"good app, but need more improvement such as crops prices, animal detail, and seed growth duration information",4,0,2.2.1,2018-11-18 15:08:23,,
gp:AOqpTOHQtEBVUXYxUi_4mqKajs6R_TpqWCDVn27ImDVVpXQubQFYw_fb1qTk87LWzTTwcUyRzlfoBt-FHEJbGw,Christopher E,https://play-lh.googleusercontent.com/a-/AOh14GhmxeqrbiMrM8n0V8DnkPYE1_kgUedTJh5cfJ6nMQ,Love this app. A must have for Stardew farmers.,5,1,2.2.1,2018-11-18 13:34:38,,
gp:AOqpTOE49loZ-fmWjS7cnogDn7Yab4ewXuTC948deq7qMh63lPGVAL-y8KnnfOex4K9wooEfNl7ctNcbC_OkQQ,Guy Parker,https://play-lh.googleusercontent.com/a-/AOh14GgNNEsjL7hLrERkbiseziDCeX5GUTf1O96SKz4z,Good but has to improve in bugs,4,0,2.2.1,2018-11-18 10:54:05,,
gp:AOqpTOHZakzzQjDXgX3clOgRzu7nAuOAyQYFpTxI8jSv4CbDVFZC_bjM16BV5QdlVpBrEO2tpAgx64QA0XEYIA,Sarah Prentice,https://play-lh.googleusercontent.com/a-/AOh14GhPr45KLpT_fU6cA87ctJ_kY1w4GB7NoDTBxY8skQ,"I love this app, it's very user friendly and definitely helps me keep on top of things like birthdays and the community bundles, amongst other things. Would be great to see an update with information on how to trigger heart events under each villager.",5,4,2.2.1,2018-11-18 00:39:04,,
gp:AOqpTOEn_c0w61Lczki9cP6TGjb5V5c0ol1_OS9lkXqNrtf11Z1ENZ1KzwTSGT4xhNJKc5PcvTu14QvttrMQxQ,Tim LaValley,https://play-lh.googleusercontent.com/-Bk0aNjn324A/AAAAAAAAAAI/AAAAAAAAAAA/AMZuucnVx667_dMlx4LrDuLmqVm22xgpfw/photo.jpg,"Love this app! Will say if it could get a tracker for Recipes, and item craft tracker that would be awesome! Otherwise keep up the good work!",5,7,2.2.1,2018-11-10 19:26:18,,
gp:AOqpTOE--J5Ss6rGg235K-gg8f-m51LcIW3sSWWbolsHh9l7CUHSnAUbOATnjSL8vbkAyEKLvenn-kfxSK2kEQ,Kevin Bean,https://play-lh.googleusercontent.com/a-/AOh14GizXEKLymV0rQZzKawC0D5fxR9nNo5si0e8j94S,Needs crafting checklist to mark off what items have been crafted for the achievement. Would also be nice to have a cooking one as well.,2,4,2.2.1,2018-11-10 07:00:27,,
gp:AOqpTOFYpbxawYcE417bV-lbi4nMKJFZxl5O65q1MPkkibaoafnuyAIG53IS7wwnlLB0m6s06GVe6JtHkSAYVQ,Nate Lilke,https://play-lh.googleusercontent.com/a-/AOh14GhtaaQuOlxn-MxZadGdDQ2ktrO4s5cTkXgp63O4wg,Great app for a stardew valley player. Only thing I'd like to see is having the time schedules for where to find everyone in the app rather than linking. From other reviews it sounds like this is planned but not added yet. One other suggestion is maybe support for landscape orientation as I use it mainly on my tablet but can't set it on my desk with the stand landscape and use this app.,5,4,2.2.1,2018-11-10 00:19:32,,
gp:AOqpTOHC0acJ7LOsiaxefPTPkgGXxfMgTK785-xwXyxRY1x0vHkgyuLY2w67Lts91y5bZQSbI2zkyngxWb1zcg,Melissa Lawson,https://play-lh.googleusercontent.com/a-/AOh14Gibu1Toa5yR4zrZ9Wz3xVglVsAGi_TbXhhBYwzUUA,Super helpful for keeping track of tasks and bundles!,5,1,2.2.1,2018-11-08 19:09:31,,
gp:AOqpTOF3DBNNRINbVtf_c6iMeKSn67sv52vq2FWR3nZse4RNKhTq0U52bB2S0PeMSOn80k78BHuId67vogSJCA,Aron Mahuika,https://play-lh.googleusercontent.com/-qjURv4KPcNA/AAAAAAAAAAI/AAAAAAAAAAA/AMZuuckm5paQnm7UjoWbVK4KseIC9tmz7A/photo.jpg,Great app easy to use interface. Highly recommend it.,5,0,2.2.1,2018-11-08 00:02:10,Do you mind sending me a screenshot to mail@hiugo.com? I'm not aware of what's happening with the images and I can't replicate the issue in my devices. Thanks!,2018-11-07 16:48:29
gp:AOqpTOEHchwyr5ri7iofgiI1B3Nw73-qBJibbO2F7QGkgsugEVlntq1b7WOGWXh3GmquwdeGrXlhfTCtcXZKsQ,Böðvar Friðriksson,https://play-lh.googleusercontent.com/a-/AOh14Gh7_Jl4ljxX1YpvfJuoXiZ6oOT0StyqaAW0kF8x,Very useful!,5,0,2.2.1,2018-11-07 11:49:15,,
gp:AOqpTOEEIz34QlVqpk36mt0l_hwY8IpI-KpD_6mA3mxM1cB_iAm4OTXSEG-DO1KbOERcL92eXPrKaCLOaSTlLQ,Ekoria Morris,https://play-lh.googleusercontent.com/a-/AOh14Gi_a6YvMxDbrJs4CxXTnwgkC0yDwORwBfbnOSnU,It sucks that the images were copyright. I feel like it could use more info. Please consider adding a check list for cooking and all the recipes. At least a checklist.,4,6,2.2.1,2018-11-06 18:36:10,,
gp:AOqpTOFz6YThQOj4wxdRcKB9-YaSS3YCCs8Dx6KRRbPukjfoL1SIykyC3upbWskku7vgJDyM8joCjADCPBaqrQ,Sownow Sauce Review,https://play-lh.googleusercontent.com/a-/AOh14Gg8qjdQZ390N_jkyFgeEU7h0jQePWVT9HVJeuc_dg,Best one.,5,1,2.2.1,2018-11-06 14:26:43,,
gp:AOqpTOFkMp1arCN6Llo24xh6a03M6DXnJ1r0pSaJutZS9h4c1hBT2gklXB6i5UFG-NpU26DqMvFnMhWwoyYQ7w,هتان الصائغ,https://play-lh.googleusercontent.com/a-/AOh14GhvXUzw4m_-9SzX9RtueaOV65YjXp2JSQ4Yj2Th0A,I like this app very much But I wish that we can have crafting list we can check 5/5 stars for this app as it helps me a lot,5,0,2.1.1,2018-11-05 04:14:11,,
gp:AOqpTOHTnr6bfG_mQQRIwrTT8KTjUh307qBwE9vjvFH7N-wDcqu6rdaYS821cwNN4YpOV-sGVSDud9jj-eab9g,Marissa Herrmann,https://play-lh.googleusercontent.com/a-/AOh14GhZidLzSZ5iH4Y4FHMcjQxPBx8K08C117vWvYcSyw,Doesnt work on android apparently. Waste of my money since it will never load past the title screen,1,0,2.1.1,2018-11-01 12:18:16,"Hello Marissa, I'm sorry you aren't able to load the app. Please kill the app and try to open it again to see if it works. If you want, you can always ask for a refund on Google Play, if you need more assistance please drop me a message on mail@hiugo.com, I'll try to help you the best I can",2018-11-01 12:22:38
gp:AOqpTOFrYJ808xgbpgCJqk9WdgIXNginr7YhLGeQqQZ4LLJfJUSvPPJSZexYzddb582EBkHyiQiLcVzetgFBbQ,jesse hall,https://play-lh.googleusercontent.com/a-/AOh14Gigt6_vZQqzongvUobfrAbhsnG0hMIYgqu6_SnEoLs,I love this app. It's so convenient to have all the info I need whether it be villagers favorite gifts or the community center checklist and even just knowing when the last day to plant certain crops in time for one last harvest of that specific crop. Honestly the app was a steal for the price its priced at. And with daily advice like what days to check the TV at and what days you can visit the traveling cart this app is well worth every penny!,5,3,2.1.1,2018-10-31 05:05:37,,
gp:AOqpTOEhsbsFFnaK_G0EtrG0VswQ7O2A7wxxQsP6_53Nz6mhzCHEsgpJS1KLnP8Bj1CzRttsg2hyptjjx5toLg,Hogz Tcp,https://play-lh.googleusercontent.com/a-/AOh14GhNS4W-ywPfkiokZLxYLN_g4wd0qpibJmUn32Kt6Q,"This app is incredibly useful thanks to the ability to have multiple farms. The fact that you can also check off artifacts, minerals, bundles and fish you have acquired really helps to keep me on track of what I want to do. The calander is great and the gift guide is wonderful. I just wish there was building info. Throw that in and it's five stars from me. Thanks for the great product.",4,0,2.1.0,2018-10-30 02:09:44,"Hello farmer, thank you very much for your comments :) I'm actually planning to including buildings in the next releases",2018-10-31 04:53:57
gp:AOqpTOErNQVu54DA_zxujUBPZ-nt3ieGlx7T82ddW_o61L9xV8SUZrzuwqoSL0HWDq5sXwILDX9IRwrBQ6Xyiw,Asia Dacus,https://play-lh.googleusercontent.com/-O0m6gqY8q7o/AAAAAAAAAAI/AAAAAAAAAAA/AMZuucl3bSMhcAwaMEA9grmKGYopudyePA/photo.jpg,"It's great! I just wish there was more info about farm buildings or to do list, that would be awesome!",5,1,2.1.1,2018-10-29 19:27:04,"Hello farmer, thank you very much for your comments :) I'm planning to had buildings to the next releases",2018-10-31 04:53:05
gp:AOqpTOEga7e-bqyvhMP1xhuHPQ9uEDAQvn6kOnHAizjk5pBg88kIl_-Ej36teAwxVT2IwhIEYst4ObFrUTr83Q,Daniel Vail,https://play-lh.googleusercontent.com/a-/AOh14GhmTxWiC2QmBAeegrbthbbT_azAsV6jpzRr7DZ0Mw,Fantastic app for tracking the day today goings on in Stardew Valley in addition to farm progress with regards to the museum and the Community Center.,5,0,2.1.0,2018-10-29 12:14:16,Thank you very much for you comment Daniel :) I'm very glad you're enjoying the app!,2018-10-31 04:51:52
gp:AOqpTOFVdBa6M9mwLii1-m7b2LgY0D_gEKHA9oRTHToQfUUJLTG8UkYHLn0nU4biszYjmYk_d6pbXLDEKLM4uA,Palat Srisawan,https://play-lh.googleusercontent.com/a-/AOh14Gi6-vKt0zbzm0pZhx3cdbD_hTQ60ILe4vb-CS5I,Pls add crafting guide in the next updates. This app is very helpful.,5,3,2.1.1,2018-10-28 22:55:03,"Hello Palat, thank you for your comment :) crafting is already on my backlog, thank you!",2018-10-31 04:51:16
gp:AOqpTOEGN1SyisDmaeeVoOKhVJT4SXnnI98CA0as51-bca0A-2fxCUAN-ShI3Q0HFT3fS9GHQ5IcCIonGB3mtA,A Google user,https://play-lh.googleusercontent.com/EGemoI2NTXmTsBVtJqk8jxF9rh8ApRWfsIMQSt2uE4OcpQqbFu7f7NbTK05lx80nuSijCz7sc3a277R67g,"Edit: You need this app if your a Stardew lover. It's so pretty and easy to use. It gets updated constantly with the dev listening to users! Eventually it'll be like the Wiki but better and easier to find things. Couldn't ask for more, I've recommended to several friends and they all love it. 15/10 totally worth the money!",5,5,2.1.1,2018-10-28 16:25:01,Thank you so much for the awesome comment! I'm glad you're enjoying the app so far :) and there are more updates coming very soon!,2018-08-03 10:23:54
gp:AOqpTOGg-uKcFgv0XqVtEbcXaWMbd8-4bKzOBCrcOxdb71rJMU8HrwTvMJ0TT_tb632ZgFBpUwsW9qwuVzGy0Q,Arah Sales,https://play-lh.googleusercontent.com/a-/AOh14Ggrbze6njFiZYD9_obzwzmfsFfBuzLGlAna9MKN-Q,It's wonderful and very convenient,5,1,2.1.0,2018-10-28 12:52:30,,
gp:AOqpTOHwoZs1V9Cpw70x8ALVNlA7UlJvBUxfRBNrZWIZMB5__ZMKVfPCIqcbWGv9zpO37SeGD7g1sJvwSBRt3g,Austin Hixson,https://play-lh.googleusercontent.com/a-/AOh14GiPPUOVYIrDAj_lO6kfXngdGX7MiLQjnJ-lSdD4nw,"I have really been enjoying the clean design and UI of this app. It is very apparent the developer has thought of the end user. I feel it would be nice to be able to track progression for skills and tools (and their accompanying costs) as well as having a resource of costs for farm building upgrades in the app. It would definitely help with the completionist in me! All in all, a great app, and I'm looking forward to seeing the continued updates. Thanks for your work!",5,2,2.1.0,2018-10-28 08:52:08,,
gp:AOqpTOF4AsSB2tsDOdyE2w27vRnpPVdNBRYbBXzFWLQuocwQ3lh3lv6Yl7auweCDquV7WSC8OorTkD2XfAOCzw,Jolie Collins,https://play-lh.googleusercontent.com/a-/AOh14GgsU8SQLYZiImLdITRm8s_Pz2XiqVVd8rkjW6xE8g,it won't load past the green page that says Stardew Valley Planner :/ it looks like it's very helpful but I guess I'll never know and now I can't even get a refund,4,1,2.1.0,2018-10-27 18:09:23,"Hello Jolie, I'm so sorry to hear that. Please try to kill the app (maybe try to force stop it) and see if it fixes the problem. In the meantime, feel free to send me a message to mail@hiugo.com and I'll try to assist you the best I can",2018-10-28 03:15:51
gp:AOqpTOHLSFwQOu1Nn6hWT96vY7BVZqbpdWmKSGPkag5drihjFyMODqxjwImk8-NbaoFElgeaZLKhCx-jr5NKhA,Isaac,https://play-lh.googleusercontent.com/-6EOyKmXIvU0/AAAAAAAAAAI/AAAAAAAAAAA/AMZuuckf6KYqDy4Fh5A57fGkZGxPAMGwtQ/photo.jpg,"This is a great app! Easy interface, great day planner, but it seems to have everything but store and shop menus; that would be my one suggestion. Thank you for the great app :)",4,1,2.1.0,2018-10-26 22:03:02,"Hello Isaac, thank you for the review :) please keep in mind that I'm still improving the app and I'm adding new features as soon as I can",2018-10-28 03:20:34
gp:AOqpTOFkemo8MroEIbDUShWQRbNX7Gel5knjEdEMqe3C5-rbV_oD_JhrlAB3uAULaU5bdRHA5rB4PDBifo5mmA,Brett Hoffman,https://play-lh.googleusercontent.com/a-/AOh14Gg7N7gHxnHf3IdwOUovJce7xhq4Ugu4IINt0KLpLQ,"Love it! All I can ask for is a crop profit calculator. Google ""stardew profits"" to see what I'm talking about. Something like this would really make my day.",4,2,2.1.0,2018-10-24 20:36:03,"Hello Brett :) that feature has actually been requested previously but I'm still to trying to figure out how I could implement it. It is very complex and almost an app on its own, but I'll try to see if I do something about it",2018-10-28 03:18:56
gp:AOqpTOFlSb5fMZIi0abW4aIl6oFkIPhcBR8HU90d0Np6chOzf1BRELnEGJFgoyrTeRdBuZCkQFo5QdIotUX0Hg,Kieran Kniveton,https://play-lh.googleusercontent.com/a-/AOh14GgfyzJ6JCCJkIdB7FRDoZHytYWepfyL6LIbDjeA,"Genuinely only bought this because the UI looks real good, so I thought I'd give you my money. Edit: can now confirm the UI is real nice to use.",5,1,2.1.0,2018-10-23 12:48:16,Thank you so much Kieran :) I'm very glad to know that you're enjoying the app!,2018-10-28 03:16:40
gp:AOqpTOFfuzj6PFj7A0nIAqLDAR4rLwLSWvEw-kY9T_oky3zEwG0CNdsObShoGKgakR7Ia-90flh3qN_iFojelg,Andrea St. Clair,https://play-lh.googleusercontent.com/a-/AOh14GiKCATo5ULDU-uZSgXTTOaf3hV3Nj274aanovusBQ,"This app helps me keep track of all the items I harvested, found, and donated. The app gives a daily list that helps the farmer know when to plant certain items. Get this app if you want to maximize your Stardew experience. I'm so glad I found it!",5,1,2.1.0,2018-10-20 17:27:42,I'm very glad that you are enjoying the app :) thank you very much for the kind comment,2018-10-22 01:25:52
gp:AOqpTOGx2W3079odEgjs3o0lbVTht6eczAsjY5Q9d8cysjkdpolegb8AkQiIjhK-xtseFIoTbGoaOV_J2OAjTw,Wood 4 Specialist,https://play-lh.googleusercontent.com/a-/AOh14GjMHAgGaRjxrbe2kJU-vGgL_CA5BCqtn_GXhptoRg,Thank you for making the app. Its amazing. Looking forward for the nicer interface. Thanks again!,5,1,2.1.0,2018-10-16 11:53:41,Thank you very much :) it's awesome to read these kind of comments!,2018-10-18 09:11:31
gp:AOqpTOHq9TLB5yHjSrwvg-MYPUVPUPrgiNx9M1FRY9TcDnc_9Xpe3tpFFzTlzjr2uwtGyf6bOmu8iO_oNtJvGg,Raziel9988,https://play-lh.googleusercontent.com/a-/AOh14Gi3gnlnX16M3GYaRqNAsfiDLQkKDNGpeY2MJGQR8Q,Very well put together,5,1,2.1.0,2018-10-10 04:29:20,Thank you very much :),2018-10-11 08:50:10
gp:AOqpTOH5gceJEiy3WHRxyjA7wPkuulpR0ZiPg9EZeRduxs5q01VDUM0k6U1MGr8_zj35yWtKH__ZM9KNpBbAqQ,gghero,https://play-lh.googleusercontent.com/a-/AOh14GgJCxU7zunN9nxjWkwlzt1gVLj0dv6RRFJK3oWpIA,"Comprehensive and fun to use. The design looks clean and the interface is very nice. The calendar and planner features are very useful, as are the various checklists and villager list with all their info. I do wish they would include the villagers' timetables and a cooking section (checklist of all the ingredients needed + recipes and where to obtain them) since I find myself opening the wiki to check this often. Other than that it l only have good things to say about it",5,12,2.1.0,2018-10-10 02:32:26,Thank you very much for the comment :) I'm planning to add all the features you've mentioned in the future!,2018-10-11 08:51:47
gp:AOqpTOEUqqeOnfNcfWnw8X94WG8TAohl54PSGjCo-2O_G5FqnDQUe7mUh-YIAqfYlpLBL0bLZNji_m706UIsXw,Michael Crago,https://play-lh.googleusercontent.com/a-/AOh14Gg3ytz0iQ8nzW_fqCAC0EpR4LR3MwR5C1ogQ5i1TA,While not comprehensive (yet) this app is great! I can easily find what villagers love and special events. I didn't think I would use it very much when I first bought it. But I find I use it more than the wiki!,5,1,2.1.0,2018-10-08 14:40:49,Thank you very much Michael :) That's awesome to hear!,2018-10-09 01:31:15
gp:AOqpTOFQ2pA6J28XMkXMHVzBdTyAU1Y_oYrgHlNRZyj-F9xi8pXYHe-noucN2zzjjk-GWL3yGxqUD2opN-N2PA,Tati Cappelari,https://play-lh.googleusercontent.com/a-/AOh14GgDvZHGnY95oiRhd0FoZY0xNlTnYIF-O5UtC0JDHA,"Great app, very helpful! Would love if there was also a checklist for achievements and recipes.",5,2,2.1.0,2018-10-02 20:37:12,Thank you very much Tatiane :) I'll add your suggestions to my backlog to see if it's something I could implement in the app,2018-10-03 15:26:41
gp:AOqpTOHDj9buh4w9GAJFBM7qyhxR8TQVhpGvpR9_YDhyLSW4bVQiOaXAlbZsgRvClMf0uxY9y7sMaRm3Ds3O3A,Eric Lee,https://play-lh.googleusercontent.com/a-/AOh14GiW5caqSfwv0o-IBhB5UWw-Ck_IyhIpU7cmJgSmWg,"Great app, just would like to have the different farm maps so Im not always having to laod a web page to look for them.",5,2,2.1.0,2018-10-02 14:10:56,Thank you very much Eric :) I'll add your suggestion to my backlog to see if it's something I could implement in the app,2018-10-03 15:25:35
gp:AOqpTOHdSOJdRBMfQNKq8vAROgn0PooOZA5wLIKL-8cOpOIjKGPDymK6KvrcoJ_zGnzNPRoau-YuQ2uygDoBUQ,Stephanie Harman,https://play-lh.googleusercontent.com/a-/AOh14GgTWa9Q9ohWLV92Z2TczhvZrh1uESAbU6R8MZStbQ,I am loving the update and the fact that I can plan for multiple farms!!! Yay!! Love it! Please keep adding! This app gets better and better with every update!,5,5,2.1.0,2018-10-02 03:14:25,Thank you so much for the comment Stephanie. I do want to keep updating the app and add some new features like the one's you're suggesting :),2018-08-30 09:51:16
gp:AOqpTOEe3TGtFwbqVwVpnF9WtBlPtPcGDNgwGdOy3KOjnJAJN3zulyWg-7zuvdPwocSc-xo5-n5k5ktFOfGlGg,TalentedWaste,https://play-lh.googleusercontent.com/a-/AOh14GhW_RgegBwzGx1AP8miNRiJKO3X4MrpM29Fu3c-uA,Great work! Love the app. Simple and to the point.,5,2,2.1.0,2018-09-30 13:06:14,Thank you very much :),2018-09-30 13:38:31
gp:AOqpTOEI4MyWk2I764cNsLqvOKD2DM8bGt6gIAGXg-r6OrN3vZn2UTTXtsg7VPqYQwheBGRdWWGB954K5yLBKw,Palarista,https://play-lh.googleusercontent.com/a-/AOh14GgqIjDiRaceMDaEMfscZfsWWvpRxgLUBV1nrpxXYg,I really like the app and the interface. The developer really does listen to the reviews and suggestions! I highly recommend this app. If you have any suggestions you can just put them in your review! I love this app and every cent was worth it.,5,11,2.1.0,2018-09-30 08:51:22,"Thank you for the comment! Villager's will be implemented soon. Unfortunately the work needed to add all the data is huge so I had to release the app without it. But don't worry, that feature is coming soon :)",2018-08-24 13:06:16
gp:AOqpTOGw5_pLL3qUy4FHf1x_KOayxWSnBCHRkoELagP8VM4BtpzxlKJMeMwZHb9XcDHFnPPGqmOt2_PnEt10lg,Irene Richards,https://play-lh.googleusercontent.com/a-/AOh14GgUgAgR5e9YYzypkpAq2dJ5h2WY9ymihqjM4g0rgg,"Love the app, can't wait to see how it evolves!",5,2,2.1.0,2018-09-30 06:29:18,Thank you very much :) more updates are on the way,2018-09-30 13:39:04
gp:AOqpTOGtJWE4TtQfaLlSt3QfsbsYwmqKJfwY7i8A8O9z_BIe7_KiQ4bveVAZxcdU6OiW8hDsucfc6PVPIEzdwQ,Koemi Tachibana,https://play-lh.googleusercontent.com/a-/AOh14GgwMqqSKEs1vG5gRR6cy-zebPf6ydFVgLwYuN62hQ,"This app costs a little bit, but it's pretty thorough, and very helpful if you're a collector. I found it worth the price for sure.",5,1,1.3.0,2018-09-28 11:22:36,Hello Ciaran :) I'm very glad you found the app useful! Thank you very much!,2018-09-29 13:27:24
gp:AOqpTOFm-FVOvC5nL2ZbINJ8N2FpNG8e8MandvQpGC2dIKQ1RqR16cAb50QyuH0NI7fZPKlHmYAnkCCuNZnaCw,Mandy Lenton,https://play-lh.googleusercontent.com/-5iEXWitkbEk/AAAAAAAAAAI/AAAAAAAAAAA/AMZuucmlvKycMFWpVtHtZTm-a6aGXDvNlA/photo.jpg,"Hey great App, I know it's a working progress, A list of crops, made items that we can check off as we play would make this perfect",5,1,1.3.0,2018-09-28 04:46:36,Thank you very much Mandy :) I already have those suggestions in my backlog. I'll give them a look after I release the multiple farms feature,2018-09-28 04:51:20
gp:AOqpTOE_DC6UrCzeo0jb-_ULWUqfVVbIweD9R7YyHRjsIY20MOGZJgp3mBeRY9xhQN0I_jEZA72xqjjOg2w67g,Sam Thorneycroft,https://play-lh.googleusercontent.com/a-/AOh14GjQJodiTZ2Un5lWc9LHMYdkk8MQzx182EChobKhzA,"Great app makes bundles easier to track (includes a ticklist), great work from the dev. Well worth the £1.99",4,1,1.3.0,2018-09-25 14:04:39,Thank you :) I'm very glad to know you're enjoying the app,2018-09-25 16:22:18
gp:AOqpTOE49NHK6TM5QtzpytA6B7M7w1Iu3lNtx7K9KFuwmSeVPT7nIyoL0fzgtvmUkHLnN1sPCDAQ9xRCJ5aN8g,Michelle M,https://play-lh.googleusercontent.com/-6U151iuX4H0/AAAAAAAAAAI/AAAAAAAAAAA/AMZuucn6cl6Jtz5Aw9IvrmaYzwVMinsaLA/photo.jpg,To be honest I haven't even opened it yet but I've been eyeing this app for days and it's just what I need. I'll update if anything changes but I doubt it.,5,1,1.3.0,2018-09-23 00:39:17,Thank you very much for the blind trust :) I really hope the app is what you expected,2018-09-23 03:56:58
gp:AOqpTOFFnJKo0tjjUio5gRO0omHhSTdu2lBfjDUJAPavoAnzbzrUDwKyx2svN7kZFnUc7wnQ-TlCgFYQUm5DVA,Brandon VanBurger,https://play-lh.googleusercontent.com/a-/AOh14Gj9g-nonaBwwEcJbg1D6Fci5VtWw71QnzG7D6oSAQ,"Such a great app! It is exactly what I was looking for! Also, the fact that the developer plans on adding things suggested by the SV community is just amazing. Thank you so much for creating this wonderful app! I look forward to the future updates you have planned, and other updates that come about along the way. :)",5,1,1.3.0,2018-09-21 00:37:08,Aww thank you so much for those words :) it's super awesome to know my work is being appreciated,2018-09-21 01:10:21
gp:AOqpTOEk_z_8VRxp91JguBHKJeLJ5htJHWEZYzGWqUbFVhS93ymmqAqoVGBku0SjCDsOGu7qfz1iBpT8JdjoUg,Katrya Duangkham,https://play-lh.googleusercontent.com/-478lfmHV6m8/AAAAAAAAAAI/AAAAAAAAAEU/AMZuuckIPxc5nGjNxK4ZKBuvaLxGhimeHA/photo.jpg,"Absolutely beautiful and such a helpful app, especially when I'm playing on the bus and I don't have internet to look up stuff. Simple and easy to use. I hope the schedule of each character is eventually added if it isn't too difficult!!",5,1,1.3.0,2018-09-20 20:18:49,Thank you so much for your comment Katrya :) I'm hopping to deliver the schedule as soon as possible but it'll take some time to add everything,2018-09-21 01:14:57
gp:AOqpTOGcO5Buc1wyaNwz47eKZZbXwErz_qFx1i2in5hodlCllVBLMHKFWOjnrgCyLXpVbmlo80BShzFyDsyvsA,Bradley Goode,https://play-lh.googleusercontent.com/a-/AOh14GjBBcKY1o1LNpPMRcnnNoUP86fTOCN45c6G_PcMLw,"App is awesome and very helpful. Saves a lot of time running back and forth to the community center, which is the main reason I bought the app. Couple things that could make it better, add event information, and the ability to have multiple profiles(?) for multiple saves.",5,2,1.3.0,2018-09-17 07:48:28,"Hello Bradley, thank you very much for your comment, I'm glad you're enjoying the app so far! The next release of the app will support multiple farms, I just need some more time to finish the development :)",2018-09-17 08:00:20
gp:AOqpTOHdYuDrONV7TWZkEbp10SXIiiwdsL-v5I5zRazE0nqX2laEJn87tyousYkOSyVsYfctDqzu28z5kVBsvQ,Caitlyn Wiley,https://play-lh.googleusercontent.com/a-/AOh14Gi-NBy8JDiQa2Ca3-0TkjRg1WC1Rq5QOC8y8AJzqA,"This app is great! Every piece of information I've ever wanted is in here, plus the daily planner has reminders already in it for birthdays, last day to plant crops, fruit harvest seasons, etc.",5,1,1.3.0,2018-09-16 09:59:04,Thank you so much Caitlyn :) I'm very glad you're enjoying the app,2018-09-16 11:53:13
gp:AOqpTOHbsZQJOm6PsGC9P1ZoNEHUJWFJ7s7xtxK3VKvNHLrp-lBNBL6whILQKYQELeWTq0fqZyk_K7CIppA5MQ,Victoria Zareba,https://play-lh.googleusercontent.com/a-/AOh14Gg9HotfR2HIkdxgjwJSfO86d4SxP595BpfgjRPEGg,"This is exactly what I was looking for! I always had to go on the wiki on my phone/pc. This is a nice small app that shows everything you need, definitely worth the money as well. :)",5,2,1.3.0,2018-09-16 09:56:38,Thank you so much Victoria :) I'm very glad you're enjoying the app,2018-09-16 11:52:11
gp:AOqpTOEi5YCMLcNxo5-7Ido_Wlc9klFZIab5-6h1KLZaryzLqSqQt__iTqiwPljpi3trfTtGUS6nXOHyNrj0xw,Danielle Michaud,https://play-lh.googleusercontent.com/-wkMS7pLQxNU/AAAAAAAAAAI/AAAAAAAAAAA/AMZuucnCplUjbKAkBNohklAhjUUrSzWaow/photo.jpg,"Hi! Thanks so much for putting this together, this is awesome! One suggestion - is it possible to have ""notes"" on file recurring annually (like your anniversary)? That would be awesome. Other than that, i'm really diggin it! Thanks again!!",5,1,1.3.0,2018-09-14 09:46:43,"Thank you so much Danielle :) not sure if I understood your suggestion correctly, but if you add a new note repeating ""only once"" it will be displayed every year (maybe I need to show that in a better way)",2018-09-14 09:54:42
gp:AOqpTOHYnvRTRZMvRKf7kTc-N-16xUM7AvTE7KHgNl_VBOod0IA-cuxUMKNykNurhKAgGB1XKFomENpV0XqLTg,Tiffany Spearman,https://play-lh.googleusercontent.com/-VkOSn8GLXks/AAAAAAAAAAI/AAAAAAAAAAA/AMZuucnImWGR5MN4yroBBD9G4ifSlX9lKw/photo.jpg,"This app is wonderful, and I love not having to open the wiki to get all the information I need at a glance! I also love the various checklists available! One suggestion- is it possible to add a log of Robin's buildings and the requirements to build each? That would help me so much!",5,1,1.3.0,2018-09-09 09:40:58,"Thank you so much for the comment! Yes, buildings will be added eventually, it's already planned :)",2018-09-10 00:16:48
gp:AOqpTOENW1P8Ql3bonYSn2qfeNavUInETB3awaPkkCbTmznvAtylnmxCsw2uVD0c3VwMOBNkwBbgvC4yVIbeEQ,A Google user,https://play-lh.googleusercontent.com/EGemoI2NTXmTsBVtJqk8jxF9rh8ApRWfsIMQSt2uE4OcpQqbFu7f7NbTK05lx80nuSijCz7sc3a277R67g,"I love how it helps with getting organized in the game. One of my favorite features is the daily calendar, which reminds me of special events, birthdays, special sales at the traveling cart, Krobus, Sandy's, or even last days to plant a certain crop for the season.",5,1,1.3.0,2018-09-07 14:55:04,,
gp:AOqpTOEi8F3vdg1iCNe3eYf1aC8tU6TDxOp7Jnbf3VTsU4zcwRecHtCxmBZSV5i4_vKAC-p5CdYAdyrGKL0LMA,April,https://play-lh.googleusercontent.com/a-/AOh14Ghl4i2hNeqPxvKHOTsIUxQajqQMmJbP4kEUivjGBg,"Awesome! This app has come in incredibly handy every single time I play the game. I have a terrible memory, so being able to add notes and prioritize things right in the app for upcoming days has been a lifesaver. Highly recommended.",5,2,1.3.0,2018-09-04 07:50:42,Thank you! I'm so glad you find the app useful :),2018-09-04 08:06:54
gp:AOqpTOHth6JIYmwpU8FfUELWYAkbkdq-NoChlhN-108A4eMJXVTanmlrFtB0qCRbxBU8mEa_Wu96r-7Igud42w,Sanmwich Mah,https://play-lh.googleusercontent.com/a-/AOh14Gjc9gujhhiPERa1WALEYAj2tq0YLK_koQnPcfjS,It's so practical when you don't know yet hoe to play perfectly! 😄 Its easy to use and the pictures given with it help a lot 😄,5,1,1.3.0,2018-09-03 09:29:13,Thank you so much Sanmwich :) I'm very glad the app is being helpful to you,2018-09-03 17:05:47
gp:AOqpTOGQit5h9ad5z7JRFsEdkR7EjVAZu0mqs3r1Yhgxqmy1et_jmieJw4q3GPxJVNzOIZ75XeYKYrsrcxX1RA,Lori Provost,https://play-lh.googleusercontent.com/-gKH1HEViBcQ/AAAAAAAAAAI/AAAAAAAAAAA/AMZuuclYEqWtYKaW75ddH0zek1sIVMkTyA/photo.jpg,Oh and a checklist for items shipped would be great too,4,0,1.3.0,2018-08-31 13:57:50,"Thank you, added to the backlog",2018-08-31 17:53:56
gp:AOqpTOHijGU7_tPpGzQoYj2Z9F0l-E0xhYrgX2bOYRoGj-F0ycrREgDumo5jAwfNOpfTlgKcP-syaS95O7decw,Felix,https://play-lh.googleusercontent.com/-CQyFoHak28I/AAAAAAAAAAI/AAAAAAAAANw/AMZuucl3WgkBi63FFDNZBT_9acDZTIIDIQ/photo.jpg,Great app. Super helpful. A crop planner would be really helpful with potential profit info. There is also a bug where pressing back exits the app rather go back.,4,2,1.3.0,2018-08-27 09:53:09,,
gp:AOqpTOEj85JIKuY7LOewr2tFq-y4Rq9KkdnkhrDWzkXS7awRNwHyoTBix-Iukc6Vxf7VmUP2KjsECH2TVBpdZg,Jessi Pae,https://play-lh.googleusercontent.com/-Z0vn-jpkeuY/AAAAAAAAAAI/AAAAAAAAAAA/AMZuuck5hKnjf0tVNJHZVR-IEo5kwJXgoA/photo.jpg,"I wish it showed universal likes, dislikes not what just people liked it's confusing,",4,2,1.3.0,2018-08-26 08:40:20,That feature was already requested and I'll add that information as soon as I can :),2018-08-26 13:40:29
gp:AOqpTOFBDHEgbS_6-bqSAWrvsucFucSmXzzYeIRAiiOUw56Ws6S4i6xxPWXRGW_gPJ42EEoEf5kYIq4AkkuyxQ,Omni-Straid,https://play-lh.googleusercontent.com/a-/AOh14GiOfpfs36fanHw83sG5zJ9aPgFBeD4PeFl67gVcDQ,"This app is amazing, thank you very much. Just one thing though, if I could, could you maybe add an option to input the size of fish you caught? :D thanks again :)",5,1,1.3.0,2018-08-24 15:43:53,"Thank you so much for the kind comment. Unfortunately adding an option to add the size of the caught fishes isn't on my plans. I tried to create a very simple app (just one click to toggle items) and I'm not sure how I could implement that without adding some extra complexity to it. Anyway, I'm going to add it to my backlog for later!",2018-08-26 13:38:55
gp:AOqpTOHAXzW-33LRZfCDtw_LCvtONJhwe-LS81f5dbumgHl-6DB07vnx-cByVWc9V1YGUHfkaX8RcBgYaHWung,Alexandra Huff,https://play-lh.googleusercontent.com/a-/AOh14Ggb_rpgGCTVnJh5C3qnMCS9e-h3TQ6-1jq4XGRAvRc,"So helpful, it's nice to not have to constantly be pulling up the wiki. From the sounds of things it's being added to as well, I look forward to what the app has in store in the future!",5,1,1.3.0,2018-08-23 14:44:49,Thank you so much for the comment Alexandra :) I'm very glad you liked app!,2018-08-23 15:20:17
gp:AOqpTOH0wtCvSu4opSjDh_bzISEJrtjHhaKxJ0JHEE3XmXbkX8gK1nFx0Xu4xRG4TmoGePU6VYrfK7e2TrFxSQ,itzel. torres,https://play-lh.googleusercontent.com/-JFbGg9EtZQ0/AAAAAAAAAAI/AAAAAAAAY3o/AMZuuckittErZrv7CbOlC0wXdVR6oCgwNg/photo.jpg,"Thank you so much for this very helpful planner, very much appreciated! :D",5,0,1.3.0,2018-08-12 21:22:19,"Hello Itzel, I'm so glad you're enjoying the app ! Thank you so much for the kind words :)",2018-08-13 02:13:06
gp:AOqpTOH4HZ57UQ4nt50UWVmMq0OzmSf-UIXL_M4CGZmUIk-b77MJe2ps0z4FhR2dy16oAzmwFq7AtZTvjUObLw,Stephanie Tung,https://play-lh.googleusercontent.com/a-/AOh14Ggh1stf3pZzW5ORqzqXAlq-mszy1lrGegIykN7gsw,"Love it! I love how you can add notes that reminds you of things and can 
set it to every day, week or season! Just to make this more perfect is if 
there was a way to filter the things already caught or just know what 
fruits or veggies to keep to cook useful dishes.",5,6,1.3.0,2018-08-10 23:22:16,"Hello Stephanie, thank you so much for the lovely comment! I'm adding those suggestions to my backlog and I'll try to see how I can implement those in a future release :)",2018-08-11 01:16:32
gp:AOqpTOHJWFbXxGMJUWYOi4JR6rSDLQyPWC0AF-XSEKSIqD1nbZ5sdTdPFPvNuUEJkWgAPlfXrj5uafR73hdWAQ,Dan Ohlsen,https://play-lh.googleusercontent.com/a-/AOh14GiRbEcIvoXErpBoW3iB2O6aWjKGSifsmSWkDvtV7ck,"Fantastic app with lots of descriptive features! The developer keeps it 
updated and keeps optimizing it as well.",5,0,1.3.0,2018-08-10 16:05:50,Hi Dan! Thank you so much for the kind words :) I'll continue to update the app as much as I can,2018-08-10 16:10:04
gp:AOqpTOGPjrNWPF2JcMcjNul5oG3T3i2BsTURy-s1jsfCAhiKO1797i-KKHoqOUE5LL6k3dRYuC-mWqPauuQjUA,Liangchen Chen,https://play-lh.googleusercontent.com/a-/AOh14Gji5VvQy3xi8LlZSbcM3ndpi6zIE2ok8tCjrM94,"Thank you for this awesome app! Very useful. Maybe considering adding some 
wiki info (for example showing universal like/dislike instead of need to 
open browser) And some general info would make it perfect. Hope that's 
achievable but current verion is already great!",5,1,1.2.0,2018-08-09 12:21:37,Hello Liangchen! That's very achievable and I'm planning to do it in a future release :) I had to remove some of those features in the beginning because it takes much time to add all that info. Thanks a lot for the review!,2018-08-09 12:26:32
gp:AOqpTOE9PsdWAw035B_KoanvvcLb85lX7X5NmJkLaQGd5J_hotia8LLFPM82jxBWTxQAVA243PD8o03Y7slXLQ,Corwin Todd,https://play-lh.googleusercontent.com/-k4MfuKb7JZM/AAAAAAAAAAI/AAAAAAAAAAA/AMZuuclO-HfjcbEXXIikKlYJsc6rl9tqhw/photo.jpg,"Amazing app! It allows me to make notes ahead of time and includes a 
tracker for the museum and the community center. It even includes hot links 
to birthday gifts and a planner with all the events and birthdays for each 
NPC. VERY well organized! Keep up the good work 5*",5,1,1.2.0,2018-08-09 09:36:33,Thank you so much for the awesome review Krow :) I'm glad you're enjoying the app so far. I'm planning to add more features very soon!,2018-08-09 09:41:07
gp:AOqpTOEHdSqlCbv_ystNMudtIsqzaKZDaHTSim2f_5wJUXbSqAK4Dc2qtn8R9d-HvDHehhMcYGmwOOCq2Pxbwg,Jazmyn Williams,https://play-lh.googleusercontent.com/a-/AOh14GhsDTag6ozQlBGL6Yqt2xRGM6jAM34KEokldsYQ_A,"I really loved this app so far! Especially from being from an independent 
person. I have two recommendations though! It would be really cool if you 
could have tabs to different worlds, like for example I have two farms and 
it would be cool if I could use this app for both instead of just one. 
(like you launch and it asks what farm you'd like to use) and also to maybe 
have a link connected to things like 'universal likes' and small things 
like that",5,2,1.2.0,2018-08-07 12:34:37,"Hello Jazmyn, thank you very much for the awesome review! I think you'll be happy to hear that I'm already working on a feature to allow users to have multiple farms on the app, I hope to have it finished as soon as possible. Universal likes/hates/etc will also be included in a future release :)",2018-08-07 12:53:25
gp:AOqpTOGKtZuFC3unRMD53cIiRyBqgBYWwduPLhL7KWMfzI-0ZgRQ-x81aFLXBvonDeYS-0t3D5I6ppKDbmMnCg,Tino Genovese,https://play-lh.googleusercontent.com/-rB8Me-XOTgk/AAAAAAAAAAI/AAAAAAAAAAA/AMZuucl-ZyjrVPnkn4Jgq-k_Kxwo6TK9rQ/photo.jpg,"Very well done. Easy to use format. Helps keep track collectables and 
events.",5,1,1.2.0,2018-08-06 10:57:28,I'm glad you're enjoying the app so far Tino :),2018-08-06 12:06:39
gp:AOqpTOEYgGIZ04miO-3hxJpAS7AUW_MByilVArggx0W7m8Gl9hV9E7MxM2ZrfRi_SlP6azj-F6EUxhnAUZkGJQ,Shrimpxwarrior,https://play-lh.googleusercontent.com/a-/AOh14Gi-pZqYaGXuEXFzBke7aFO2Q7GCw8dV5FEgBkyYLQ,"I love this app! It helps me keep track of alot of things! It is worth the 
buy! A few suggestions is make a list of artifacts that could be found and 
checked off! Also I would really love to see a drop down schedule instead 
of a linkto the wiki! Otherwise the app has a wonderful look an system!",5,2,1.2.0,2018-08-05 13:38:53,"Thank you so much for the awesome review :D I'm planning to include the museum in the next update (artifacts + minerals), like I've included the fishes in the latest one. About the schedule, I wanted to include it when I first released the app, but the amount of data I needed was huge so I postponed that for later, but don't worry, it'll come!",2018-08-05 13:43:55
gp:AOqpTOEjhF9N7qxUwBAUxDgiLqOziVJ375uI_h5_uHNpbMSH9WFXPtpGr0M1onkjXsV-SmhUF8kpM5D_Dyw1yw,Katie Louise,https://play-lh.googleusercontent.com/-mBKc0kMJTMU/AAAAAAAAAAI/AAAAAAAAAAA/AMZuucnNZfr7jFiMZ2g0haKuQVy4mmw8sg/photo.jpg,"Saw this on Reddit and now I use this app every time I play SDV. Lovely 
clean design. Looking forward to future updates! :)",5,1,1.2.0,2018-08-04 17:51:44,I'm very glad you're enjoying the app Katie :) thank you for the review,2018-08-05 02:41:12
gp:AOqpTOFAL31MmEjX2qTS9OedDaPUZU9FDNm2TV5nStwY_Ge9MoVUhIxBLEr6SvYn83S_rDoi9fFyYnTv-plIsA,Amy Collins,https://play-lh.googleusercontent.com/-q3UqjieR2T8/AAAAAAAAAAI/AAAAAAAAAAA/AMZuuckZCdkffrHGjFQeaeiFASslabbS_A/photo.jpg,"Amazing! I'm so happy I've found this app. It really helps keep me 
organized and on track with my Stardew goals!",5,0,1.2.0,2018-08-04 08:52:10,Hello Amy. I'm so glad you found the app useful! Thank you so much for the kind review :),2018-08-04 09:20:45
gp:AOqpTOGrIvC43YpJieOkDNvcboPAD6IiKS4of6ifm-GDmt-r7UsWRHvjPQBu6oZjqXxzzFUuqUs1HiTKa4e8Pg,Alexandra Piotukh,https://play-lh.googleusercontent.com/a-/AOh14GgCdG4NLPkpBFxUmBw0BIDN9Pg2aqndERPCqbnjDQ,"Perfect. Fast, responsive, has all info easily accessible. Much love.",5,2,1.0.2,2018-07-26 04:14:53,"Thank you for the kind comment Alexandra, I'm glad you're enjoying the app :)",2018-07-26 04:21:34
gp:AOqpTOFQJrBzP1yn-TszJMeB0evLREulK9BDeoHUTgMPjOnGXNs4__7hJNVj0yPT951dBn5HG9DSS2nIr6rQzQ,Diana Summers,https://play-lh.googleusercontent.com/a-/AOh14Gje9zVQEBSUP1cp3HAjrV1AaNjefPW4JSJVLIaKEQ,"Found this via Reddit and immediately knew I had to buy it. I love playing 
SDV on my Switch but I'm really bad at remembering things like what I need 
for bundles or what I need to do next time I play. This seems like the 
perfect fix!! Once I get the chance to thoroughly use it I'll update my 
review.",4,1,1.0.2,2018-07-26 02:45:31,"Hello Diana, I'm glad you found the app useful! Please give it a try and tell me what you think :)",2018-07-26 02:49:21
