reviewId,userName,userImage,content,score,thumbsUpCount,reviewCreatedVersion,at,replyContent,repliedAt
gp:AOqpTOEhBl9wQk9mRS3xOs3gdcukaQ2S4PgdmNC1MzHQOD395VqjDGk1daM0hUwo6vXnkaDZwezufy-CwmdKQQ,Trevor Reynolds,https://play-lh.googleusercontent.com/a-/AOh14Gg3VVAXIAhZ7mjfaCM_acnw47iVf2tt8iHhtkJY5Q,Could get more for the money,3,1,1.0.1,2021-01-24 16:45:09,,
gp:AOqpTOH6NFzUEGQ2cg5jK8RGFp-ldo5-OXejy4GFpKAiP38IJGNIw-55nAH4I5YZ_QBc9QwZtyL2UA-5voq0DA,Chad Smith,https://play-lh.googleusercontent.com/-jMyckFDXdmE/AAAAAAAAAAI/AAAAAAAAAAA/AMZuuck8I-IRWRcLNtAs6RAJwZmRwzeJaA/photo.jpg,No longer recognized by gboard a couple weeks after purchase.,3,1,1.0.1,2020-12-15 12:31:44,,
gp:AOqpTOHZ9dVYX4h8e8nXoKoI7868CTn1dXZjhYfVc_mThNgJ2Lr9zPLXAwoh1zOrypEycvLyvHlFajWOP6rW6g,Matthew Cohen,https://play-lh.googleusercontent.com/-q1YcEdQMhzk/AAAAAAAAAAI/AAAAAAAAAAA/AMZuuck4oNQnE4_ZEF7JBI4cE19u6IiUFw/photo.jpg,Love it,5,2,1.0.1,2020-12-11 02:10:18,,
gp:AOqpTOFb3L8uDfm2VV8zS6Cd2msEPVPVtotc6D_rtzsT40XfSdaLAYvIaMtnuge1wTr8sKNJCVhnPsn_v8lCGQ,Daniel Bartoli,https://play-lh.googleusercontent.com/a-/AOh14Ghie-M9zLaKsoi8yZ3Gac9niAaeaaikWAZz5xV0evA,Worthless,1,6,,2020-06-15 04:46:38,,
gp:AOqpTOGTCAnh8YeuhNtig9dI2d45iRDoP3FASEMiLuX4XKivABtsGBL4chhibHzi1Q83d3cwyAjm10dQbhInmA,Faust Salagianu,https://play-lh.googleusercontent.com/-9yC-H9U9Ktc/AAAAAAAAAAI/AAAAAAAAAAA/AMZuucka2ZVBBF0p7FdWtNXS6nDbH48fhQ/photo.jpg,It's not working!!!,1,11,1.0.1,2020-05-03 18:08:09,,
gp:AOqpTOEoQmYX9ebk5B76KLU0VdRgo6mEYSCZQ4jXdJD2YI_NjCY2sEYtGfKpRbMGlzYdS4vKRF9u3QcWkXQyzg,J Goldfuss,https://play-lh.googleusercontent.com/-E4KEntzrEck/AAAAAAAAAAI/AAAAAAAAAAA/AMZuucm92U2ejBMEmiVP0LywesY2-jbmPg/photo.jpg,Not really worth it...,1,11,,2020-01-14 18:08:27,,
gp:AOqpTOG_RGpU2HdiZ9X_8t3HZZyYVCOB2oeZ4mBeYFvFBpbFkQZlaePJ2aG0_UoI-6cyLTGaVZpISWmLGJOJiQ,Garrett Fitzgerald,https://play-lh.googleusercontent.com/a-/AOh14GgMl6KDDrMI5IG4u5-nqmRFegW-58IyWxJzw5W2_g,Not what I thought. Didn't add to keyboard stickers on Samsung phone,1,8,,2019-12-01 17:12:43,,
gp:AOqpTOGOQbkoxdKISrHTu9vdzS6hJz76RKKSa-PyCPCAHy2bfP7gR7dhyjieLC1npECyuYZrQC6NR7JlMfIZ5g,Duncan Ma,https://play-lh.googleusercontent.com/a-/AOh14GjCT2sQ7x8uD7xwT6BL29gomd8HQCL2F3fEY68dHA,Great app wish their were more stickers though,3,87,1.0.1,2019-10-12 14:50:52,,
gp:AOqpTOEpCoWDPjCkRsXvWfk_moyfao3kICGTgRc9ylWcF7jKmeCNHWu6DKJwHcSPCw8kcxlJqDFFAmHbAfLHJg,Márcio Guedes,https://play-lh.googleusercontent.com/a-/AOh14GgVXY0IBKak3VsVJKJgTKf1PDC8qTnW0rJ8Yy5ZoJQ,"Wasteful, useless and uggly stickers.",1,19,1.0.1,2019-10-10 18:31:52,,
gp:AOqpTOH5x9K3t-C2l3CfiOAwbxHLFhd8Ogddue9nbO98V0dmHuSRpKCGE59n5IYOMHmfZQVWp96jxSCErDaaXQ,Karezza Lira,https://play-lh.googleusercontent.com/a-/AOh14Gh0epj9xHKQ55uNEKMRqvA7MUhKVxejZ9v4aC0y,"they didnt appeared in my stickers when I searched for them, mo instructions, have to go to app select the stickwr and share it -.- then select app and chat then send it , unisntalling",1,109,,2019-08-02 11:12:20,,
gp:AOqpTOEKePwjz2OISmtZf4sSAePL0FZOZrTnj_4oTom7aMZMMbylRT4wVgDLhFkzuhaUlvS3F7YYlk1uUGuZVw,G D,https://play-lh.googleusercontent.com/a-/AOh14GhjKxgEG6kUeSkt1aJ2_vCGBjXbSeD4dOYpY--xvro,"Paid for them, and now they don't work. I can see them in the keyboard's sticker drawer but they no longer show up in the actual message. Don't buy.",1,107,1.0.1,2019-04-26 09:01:24,,
gp:AOqpTOFnx8p37nfZ78j2M2VW59vdkv5aTOZ-GVjuLRySz14_9vRsvjDeAuLdc_Oy9F8uRj1re_AR8cqL7DOiMQ,Mr. M,https://play-lh.googleusercontent.com/a-/AOh14GiDUU2CsWp84KJeLsx60VvDAHTROuhDbkAu34mYTvg,"It's not worth the price, only 24 stickers? Cmon, no face stickers? Only with background? This thing is worth 0.99 and I'm saying that because I love StarWars. Don't buy untill it low its price or create more than 50 stickers like other FREE apps.",1,158,1.0.1,2019-02-07 03:03:24,,
gp:AOqpTOE3xXCYonOKiZjfQu4W4WY-U95yy2z8rxDV48C8K-20rb56u4F9JmdqyxzLAL0fHcDqN9v5e-4gBzOlJA,Brent Mayes,https://play-lh.googleusercontent.com/a-/AOh14Gj2UkyVbSZMHuFX_M4j3-rnnDLnY1IhEiHZoXgpFA,"It was good, and the stickers were great and high quality, but until the 
recent Google Keyboard update, I can't use them anymore. They don't even 
show up. :/ Disappointed.",1,112,1.0.1,2018-06-20 20:28:26,,
gp:AOqpTOFFrh2Bkw8mip10kOwB1lOvAe5pG6aADmLypD7EkBLIGgTOskDg1ezgZWRPloGpnpiC9G1RyNZWlfg-jA,A Google user,https://play-lh.googleusercontent.com/EGemoI2NTXmTsBVtJqk8jxF9rh8ApRWfsIMQSt2uE4OcpQqbFu7f7NbTK05lx80nuSijCz7sc3a277R67g,"Cute and useful. Just wish they'd show up right in the messenger under the 
sticker options instead of having to open the app",4,63,1.0.1,2018-06-01 19:52:14,,
gp:AOqpTOFHLhyHeFKVHyKcdjVn2urlVOHrvmYfvby3SUasweWCCQD0q-v1skGDtp7lD1wyNaM-djE_W4gkLyKAnw,Ms. Cas Hollingsworth,https://play-lh.googleusercontent.com/a-/AOh14Gh11A1FPRayE_YtcHGCuCfK6AL3YcLmH0n0ApsTb1U,Since the update these stickers no longer work.,2,92,1.0.1,2018-01-29 21:22:14,,
gp:AOqpTOE6flXWfFrG8fadpu6XEN7PGYz1LA6peyp_5bJ1KplGpcf8pT3sWGY4qmsMi5lmP4kWczKBYmBRZZHrPw,Revan -,https://play-lh.googleusercontent.com/a-/AOh14GjxMqS7NfO0_fq63r41ev7X5sBwQsm3sUutkvwqJg,Add more stickers,5,99,1.0.1,2017-12-30 14:03:06,,
gp:AOqpTOHTzz--i25LMzmEWLeaR7J-1Us3tiMpJJys4uDyPqdrjJpXcWI3Bj9PSedliBrtGnDJTRpZCrwGn2fYhg,Dean Miller,https://play-lh.googleusercontent.com/a-/AOh14GiUgNwbzIlHR4Ql4XcHwNOfLhsHsikVzwQ5b2XaBg,Works great with Gboard.,4,117,1.0.1,2017-10-25 08:44:03,,
gp:AOqpTOE8kXzGiY9G4A-LMBCVUCyrNsgJ9p7yfP1mMUoCHVx3I5dCCQBG_lp1MFZtw9B-F4zbdRhdUgepr36V6g,Nicole Tomasic,https://play-lh.googleusercontent.com/a-/AOh14GgulGBurNzwyywSIfp4qOhKx0uoDihFzuNFkH7mFRU,Since the Gboard update I can't access these stickers on Gboard. It's irritating on my Moto G4 plus. It was working earlier.,2,263,1.0.1,2017-10-05 18:57:58,,
gp:AOqpTOFIiqWDlAIKwYUlRL6rJdgi-FC41Dv04EsI-6YXQje3wBfwSwNiE8f_bl9B3DjsumYZRYZXe-swj32Jbg,David S,https://play-lh.googleusercontent.com/a-/AOh14Gg-onmywLoFNaHE5layBHv4nUzktC9-mU5C6V4_sQ,Good app. Nice stickers... could use more for the price.,4,177,1.0.1,2017-09-14 18:46:12,,
gp:AOqpTOEZPUqAmsutWnVnBfV-rNc1LRmvgglw_i_i-ajldFmeyUCvbj36Bs1ylcje9x4K2oZ14SvyMHmK2Ceiag,Dustin Kane,https://play-lh.googleusercontent.com/a-/AOh14Gistw-s5ycX2eOMtBWA450PTDB3WF8Piw2GGySJ4Q,These stickers are so 💯🔥👌. There's a sticker for so many reactions I might have. Plus some super random ones like the jawa and the tusken raider one and this sticker pack is just so dank,5,365,1.0.1,2017-09-06 09:52:20,,
gp:AOqpTOFbZ2CFLvjeoE8EmbLyqbVjv47lP1fpsgaYjRLsoFlwpv3sgg-aOH20Ws8Ozx1Yt5keJRZPXWPiQRenPw,Bryce Reall,https://play-lh.googleusercontent.com/a-/AOh14GiTKFNJlSZyEy0w56A9f1rOZE7GWhLCQDKPOKSQhqA,"Not worth it, it's like 20 images for $2. Disney being Disney",2,192,1.0.1,2017-09-06 06:56:20,,
gp:AOqpTOG_W4IKnEHZDzrjJVPhI2U9cwFywULEjhBUfHiFGQP4SevV3xSuvVDaQIH-0aqJAhIeCgrQjV844wPXoQ,Craig Matt,https://play-lh.googleusercontent.com/a-/AOh14Gj2cNIB6ngFdlJjntZz5_TbzpiQz556gKXCPXTkjis,Love it but that's allot of money for so few stickers.,3,181,1.0.0,2017-08-22 12:19:52,,
