reviewId,userName,userImage,content,score,thumbsUpCount,reviewCreatedVersion,at,replyContent,repliedAt
gp:AOqpTOFLoiFYSVzxkM53EYcw26_jt79iCYAEPWekjWp1LC5kcSCGZwkYYBoB56QzEf_z7mIN5woOY0s4gVJp-nA,Kirby Kirbyfan180,https://play-lh.googleusercontent.com/a-/AOh14GhY8tmrVmulA9nIrpuNV9vdMlWh-Ipp72OO47fY,Its very good,5,0,1.5.49,2021-02-01 07:41:36,,
gp:AOqpTOGl8_iJD8Y41yVk_S-7Y_NecV26SlJ5nGQjzw8TNMF25kfFrHt3C7xwnUuEUFZnrqNveaug_6bVZoRdlVo,Michael Echeverry,https://play-lh.googleusercontent.com/a-/AOh14GhnV63E93yvbAh2w4BPEt4S5p_bXLzBSbuk74E9aA,I Like It!,5,0,1.5.45,2020-10-21 07:24:49,,
gp:AOqpTOFrs3kl0H8EOK7macUIG9QKAiqp7DlJBhri88IdfJWBA04ttwyjB2g6iL4ejzJ7sko9Wyq9gDFdtOrvhKM,xroberto30x mejia,https://play-lh.googleusercontent.com/a-/AOh14Gjd8lWlzzKoIrfxnbfTB2ep8ehssrVntsvLeUYfGw,"I love this app, the neogeo pocket is one of the consoles i ever wanted but i couldn't afford it 😫",5,3,1.5.45,2020-08-29 13:17:48,,
gp:AOqpTOGj7X55ocE_O_KuqltiRs96CP5QkRFWrg7lQE5DoDFK348M2BTkt34-lEXUxGGJqkqmY66933QacnFBASo,Timmy Burden,https://play-lh.googleusercontent.com/-md8ya7c-xIs/AAAAAAAAAAI/AAAAAAAAAAA/AMZuuckmm32vxamr9Rt8EAzp2YcsDiOJtQ/photo.jpg,Some games work fine others just crash at a certain point. Gals fighter hard locks after playing for a few minutes. Pocket tennis refuses to run. Metal slug first mission crashes after a few levels. Mainly the jet fighter when your supposed to exit the jet it crashes. Tried it on another new system same crashes. I wish it would play these games as the pocket didn't have that many games. All other games seem to work fine.,3,7,1.5.45,2020-06-30 13:51:50,,
gp:AOqpTOFBUIhb8q7FSt0I1yQV7UC26io5HmWk7xG77NCWVpOywR8oSrftk2iX7e6qQsVeI_58VgR8UxhvYsZahPc,Kyle Van Beek,https://play-lh.googleusercontent.com/-HS_dfVUdEHY/AAAAAAAAAAI/AAAAAAAAAAA/AMZuucmVqHUo6G81OmrWRPhplv91BghpdA/photo.jpg,So far so good. I've never used an emulator and this one has been super simple. I got to play an ultra rare game that I'd probably never see in the wild and for that alone its worth the money. All the other fun neo geo games are just icing on the cake. I dont normally emulate unless I have too and I have to give props for this app. Thanks and keep up the good work!,5,4,1.5.37,2019-12-02 18:12:18,,
gp:AOqpTOEDhejIzNBBkNaba0lV8VGtn77aLTeuD8BoBZDeBMiNd14UR0wK13Nc63IIc4q3eLmIKHvTvXUkhxyb9LY,MuppetMations,https://play-lh.googleusercontent.com/a-/AOh14Gg2p7lQYiOfBqylKfTx9ktjv5HdvWKvh1tZF2c6rz0,"Awesome! When I Tried Sonic Pocket Winter.... (A Hack Of Sonic Pocket Adventure) It Worked!!!! Now I Can Plays As Sonic, Tails, And Knuckles!!!!",5,5,,2019-03-09 21:41:18,,
gp:AOqpTOHMXhPzZSKnwa1CmJ7uFsq2ksoGW_FfnOONh_gGUjxBVAIYBFTHhC_aKe8kA2Gk3y7e1QP66dVYxGYBdaU,A Google user,https://play-lh.googleusercontent.com/EGemoI2NTXmTsBVtJqk8jxF9rh8ApRWfsIMQSt2uE4OcpQqbFu7f7NbTK05lx80nuSijCz7sc3a277R67g,Very good app great developer bought multiple emulators from Robert broglia always great I haven't been having any of the problems that's everyone else is having can I suggest to the people having problems with they're roms its not the roms it's where you get them some just don't work I had the same problem with new super Mario on drastic tried another site worked perfectly the best place to download roms for this emulator is coolrom. Com google neogeo pocket roms download do so quickly downloadable roms are being removed slowly but surely online thank you Robert definitely happy with this purchase,5,10,1.5.37,2018-09-26 18:00:14,,
gp:AOqpTOF5uTvVYDMjDd7v_c-w4WlJkUudZsruhMQOnGuPK9E-EFCfbPldljk1G_ZD5yVofcHorr9CwYiz77Ms5Uk,Aron Alliston,https://play-lh.googleusercontent.com/a-/AOh14Ggy5UXJrjRPc_qEP_O0NeFeyx0OidcuwQlBfMo81w,"audio is broken, developer is not responding",1,6,1.5.37,2018-09-09 23:11:34,,
lg:AOqpTOE_U8ohNiY7P2cVLaM6hTo3NoKjAVQ7vDBYf0KYr1JWbDUoqRYZeGF_RdxQaPZ4a6bXksXOL3RSUztxPUc,A Google user,https://play-lh.googleusercontent.com/EGemoI2NTXmTsBVtJqk8jxF9rh8ApRWfsIMQSt2uE4OcpQqbFu7f7NbTK05lx80nuSijCz7sc3a277R67g,"Decent. Some games have a few bugs (trying to play Rockman Battle and Fighters on it results in none of the options consistently working, verified my dump to make sure it wasn't the issue, and I had a random crash in Gals Fighters), but I've also played through most of Biomotor Unitron and SNK vs Capcom Card Fighters Clash with no issues.  also, auto-savestate is still a little iffy and games seem to be a lot more likely to lock up after loading state",3,12,1.5.34,2017-02-03 18:16:04,,
lg:AOqpTOFQ6Kw2-2J14lwqH_6K0LMDJ-KUo_SJy-FO96uwGWO-X1vO9RapM-e88l34raEzvNSwHSahFY7cYdOaZC0,A Google user,https://play-lh.googleusercontent.com/EGemoI2NTXmTsBVtJqk8jxF9rh8ApRWfsIMQSt2uE4OcpQqbFu7f7NbTK05lx80nuSijCz7sc3a277R67g,Works with Card Fighters and Last Blade so Im happy with it,5,6,1.5.34,2016-09-08 08:08:49,,
gp:AOqpTOEWR7PXzuBAw6awMn3p700re_eHjMw2Eeju506UzjMNAfOMfmN77HXpM5CnjvxeABjSlFpefZqw4GT5whQ,Jeremy Oberg,https://play-lh.googleusercontent.com/a-/AOh14GgMC4Bgtc2MdgJxrRsEtHlfSfSHs2cJyj66zUa4QxA,"Of all the games I've tried the only one that doesn't seem to work is Pocket Tennis Color. I've tried ROMs from different sources, but all of them fail to load. A remedy would be superb!",4,3,1.5.34,2016-07-25 08:07:23,,
gp:AOqpTOE_xhBStz8NWkvw3TnlXTVV_BD8yMdmw1_OYxU7gRI_sTm08kuQZRHfulx4L17hGN8SuFQba3Pd3NYVpuA,Luc Fournier,https://play-lh.googleusercontent.com/a-/AOh14GiArEgdezTaj9ePiT3LXg9nwGjPydp4BxPzOdY7XOw,Works perfect and easy to use!,5,0,1.5.28,2016-06-05 14:56:43,,
gp:AOqpTOGkVrn4O1nXXwmtIlESmkLKP5WDmd40QfMvslPuGiFyA4-btv1Z8e3P3wtr70zkSQ08_o5-Fyi35U-J4I8,Tim Matrix,https://play-lh.googleusercontent.com/a-/AOh14GiyiysNuW3AcJhPRvwC5Wbe1rvRGr1k7WxEND3r,Excellent. Bought it just to play Sonic Pocket adventure.,5,3,1.5.28,2016-03-09 02:01:20,,
gp:AOqpTOH7TFqel3BYf8COkHOItR3EV6l7MR4QsnAn2QnGtfLtAf8AdRwg5ixDvFmietPzRzPxtF-sAmg-eGtmFlQ,A Google user,https://play-lh.googleusercontent.com/EGemoI2NTXmTsBVtJqk8jxF9rh8ApRWfsIMQSt2uE4OcpQqbFu7f7NbTK05lx80nuSijCz7sc3a277R67g,Love it to play poket king of fighters!,5,5,1.5.28,2015-10-13 15:14:30,,
gp:AOqpTOF3K5EwkOicDmTnHmrDv6KahOYDA3vH0QEgfE1j4AeKQ_jIIA_3yGq0OpD6GnUM93qfFe34B-X67TxJgyk,Anthony James Martinez,https://play-lh.googleusercontent.com/-Z4uEcISFMAA/AAAAAAAAAAI/AAAAAAAAAAA/AMZuucmd_uTW_cSktXg15ciRW7ho-YNzUA/photo.jpg,Fast and easy to use. No bios folder loading nothing.  So simple,5,2,1.5.20,2014-11-09 22:28:06,,
gp:AOqpTOEKX6CsTjyqmt8xrHChKoKyHbvsww29cAcfTFJDye_eOFnurPccxi7yNHdkVM5rafZcwSQGDW6J3v_6Fpk,Zakk Machemer,https://play-lh.googleusercontent.com/-tvicciQwRS4/AAAAAAAAAAI/AAAAAAAAAAA/AMZuuckzZer91Qx6_Tlkx5YQldPZMSexow/photo.jpg,"Now I can pway sanic and lots of classic fighters, puzzle game, and rpgs on my Nvidia shield",5,3,1.5.20,2014-10-29 03:53:07,,
gp:AOqpTOHMVxvF1de_nYcTW3_YrZ01f0myiNqOy1QXKoCpGGMFp5AzjGJlByDTgaAG-VzbyPalEVALRUJLiUo7VXo,Luis Nido,https://play-lh.googleusercontent.com/a-/AOh14Ggbnq8kn3MxyG2rn_YoMakHFYA4EJTKJNaaOFCNDg,I remember the day I bought my NeoGeo Pocket Color. This little system was awesome and now with this emulator I have been brought back to my times with this system. It works flawless and has played every game I have tried! Definite buy!!!,5,4,1.5.20,2014-09-24 17:44:17,,
gp:AOqpTOETgzp0Sbp92r7SbDWNwO88vl6QEwQJjOrJ_Gqo1aFp9aV4O8PGg6XDm1AEJ8rCXRcJ9i1UVcTqfGRoeG4,Pedro Matos,https://play-lh.googleusercontent.com/a-/AOh14GinrjkEPX_pP6NdkFrC95nuf82zbi6XHf5iIIV-aA,Love it. Have a Neogeo Pocket but not having a front/back light is killer.,5,0,1.5.19,2014-06-10 12:53:12,,
gp:AOqpTOGEbBJBrvMfm5H9VfRmWysq12CeW6NZOsB6I6XHcAyf1StStd88hF5HlytBHiHaYC-gTXVZngDtMGxmx_o,lil fatkid,https://play-lh.googleusercontent.com/a-/AOh14GgYqiNRcteDeH3J1scyokl_c04XaslFFGKKiX0f,Best emulators out there,5,0,1.5.12,2013-07-25 18:58:03,,
gp:AOqpTOGBlYK4NMWy7zmKyvYLBgmoQfH2MgGTzk8VknUnOPp3_206lv2JKa7diKBhlLkPewDVdUND4cOZ3oYnqk4,Christopher Yarbor,https://play-lh.googleusercontent.com/-IhQg9WEM3mE/AAAAAAAAAAI/AAAAAAAAAAA/AMZuuckWVo8EAB-SgXEmXhjjW-P6PNerSw/photo.jpg,Works best !!,5,1,,2013-06-11 21:15:36,,
gp:AOqpTOECIw0E2CqCrnJApC3SwYn0uXrKt-0DgjlBb461QaqD31HJCVabfWQn1pweRGdGY-iRH95yEPAxCm9pRE8,Relly J,https://play-lh.googleusercontent.com/a-/AOh14GhkstEUE_cWEuFx9MfP0p6vpY88_XCl5RfpIEleRw,Every emulator made by this developer is excellent and works fantastic!,5,2,1.5.10,2013-03-31 22:03:30,,
gp:AOqpTOGZr_r8oJCjHg2WejVAlh2ufmwhxNoIvQDV_SYj6Py8CVz8Y_HWH4bT_PmfgTw6QTvtY_rUtjKA5x125pE,Jason M,https://play-lh.googleusercontent.com/-Uy5u6GSRTU0/AAAAAAAAAAI/AAAAAAAAAAA/AMZuuckoe-Lr0kO2lh58xOXspvEQhimOPw/photo.jpg,"A truly excellent NGPC emulator, totally worth the price.   This creator's emulators are all top notch",5,1,1.5.9,2013-03-25 17:36:40,,
gp:AOqpTOGfxqNsA1Gl8U8bKHFgte9_z71t_0LHDvW76r7a65saLnk85iUnRlErm0BnNNfXAgt_JdeSZuO7Xd8K5H8,Daniel Silva,https://play-lh.googleusercontent.com/-OQFFTonOwzY/AAAAAAAAAAI/AAAAAAAAAAA/AMZuuckGYcVsHS3DARSAnhO2LfEv9xW1nQ/photo.jpg,I have a few questions how u get games on this ive tried all i know. And so far i am not able to,4,1,1.5.7,2013-01-27 17:48:38,,
gp:AOqpTOFws7OsN9wbHWT1fvC1q1rtMJLr8tAd9C9tEENYY843O8eGm8vf3t24a6eqr3KbT2lo5VeqoRgmhXmJIYM,Gerry Fisher,https://play-lh.googleusercontent.com/a-/AOh14GiA0FYTJ1nREFyRyZTzKfJrSp8z5wd2RvWXhppV,"It's at least the best emulator of this long-lost, under-appreciated system I've ever used. Works with all my old roms!",5,1,1.5.6,2013-01-08 09:31:29,,
gp:AOqpTOGwjbDtkCt9R8m3KsiZfzxMpnWQEVQCFMInbwHbFuQcpIaPcsMrJGTiVGzyQwVuahFxAzT1lQq_aJqJlzM,A Google user,https://play-lh.googleusercontent.com/EGemoI2NTXmTsBVtJqk8jxF9rh8ApRWfsIMQSt2uE4OcpQqbFu7f7NbTK05lx80nuSijCz7sc3a277R67g,"Works great even with all the fast paced fighting games, only one game doesn't work, pocket tennis, once thats fixed it will be a 5 star emu easily worth in the $10 - $15 range, thats how good this emu is...",4,1,1.5.3,2012-12-13 19:49:03,,
lg:AOqpTOHjG9vT4uyGm5-E4IliygjwiGYVASZgYjr6EYIKETs03IfD2BI8j6EY_TQ6OlEOeaw4MB6Hs4u125ueRYo,A Google user,https://play-lh.googleusercontent.com/EGemoI2NTXmTsBVtJqk8jxF9rh8ApRWfsIMQSt2uE4OcpQqbFu7f7NbTK05lx80nuSijCz7sc3a277R67g,Amazing emulator. 5 stars. You won't regret this purchase. Awesomeness all around. Multiplayer and cheat support next?,5,0,1.4.34,2012-10-14 21:58:06,,
lg:AOqpTOEh1SYi5R2WkOFBZ2Ol4CSx03P59cXLiybTHnu_S00NyAAe9txd0bYRngEHtCpvbezRmhyJ55OTNUHVYjY,A Google user,https://play-lh.googleusercontent.com/EGemoI2NTXmTsBVtJqk8jxF9rh8ApRWfsIMQSt2uE4OcpQqbFu7f7NbTK05lx80nuSijCz7sc3a277R67g,Works perfectly!!!,5,1,1.4.34,2012-10-12 19:41:01,,
lg:AOqpTOFjo4Khi1MlILGP1UBr4RU27RbtT4uWvNqRpoyDR3uXMEB3E6lXn41-cHNbYVWefYs-KByQ-TQHEVf-m7w,A Google user,https://play-lh.googleusercontent.com/EGemoI2NTXmTsBVtJqk8jxF9rh8ApRWfsIMQSt2uE4OcpQqbFu7f7NbTK05lx80nuSijCz7sc3a277R67g,"This man is worth every penny you can throw at him! The emulator he make are all excellent product, are functional from the get go AND are full of little tweaks that make the more hardcore emulation buff please, allow him to customize his game experience.  Color pallet, video mode, aspect ratio and zoom with integer to preserve pixel ratio... This man is reading my mind and allow me to run my games like I want!  I have bought all of his emulator and I suggest you do the same if you need any of the system he support! This review is a general one for all of his product, but honestly it applied to all of the product since I never had a problem with ANY of them!  Enjoy!",5,5,1.4.34,2012-10-07 13:12:20,,
lg:AOqpTOFB30HSBw2l-bC8TIwluNkgaLmq8USgmx9u6dnEViGDHVQp3C2rCQFjS8RHaLCaRA80PCAqbf9MzfkrrQo,A Google user,https://play-lh.googleusercontent.com/EGemoI2NTXmTsBVtJqk8jxF9rh8ApRWfsIMQSt2uE4OcpQqbFu7f7NbTK05lx80nuSijCz7sc3a277R67g,"Works just like the real thing (and runs better than on the pc). Now I can lose countless hours on card fighter clash, again :-D (running on xperia U)",5,1,1.4.32,2012-09-20 03:46:57,,
lg:AOqpTOFsUkKPJbr-QsrCHUe3AqfAOhhYvhrNE_jRTYxB03t0VIPJ4PWz6gVoKLuhODKCn0vvqOIdeq4wgd4lf9M,A Google user,https://play-lh.googleusercontent.com/EGemoI2NTXmTsBVtJqk8jxF9rh8ApRWfsIMQSt2uE4OcpQqbFu7f7NbTK05lx80nuSijCz7sc3a277R67g,Works great on xperia play 4G,5,0,1.4.32,2012-08-30 16:52:31,,
lg:AOqpTOGtnwdTNE2ZeB11C4oRCz4d1BiIJH28AkVuYdtG2xo1Q7S-nds1dRe59hHKbuca2Tat9aM4kHAl79if1Fo,A Google user,https://play-lh.googleusercontent.com/EGemoI2NTXmTsBVtJqk8jxF9rh8ApRWfsIMQSt2uE4OcpQqbFu7f7NbTK05lx80nuSijCz7sc3a277R67g,Words cannot express my satisfaction!,5,0,1.4.29,2012-07-22 14:36:19,,
lg:AOqpTOEETltKwIUIDl82w2ycn_d-hjHEQCljyGYBu_HwMu7Air8dvPCIXkQaDSRnHkBau_oAMC7_RtJ2kxqIhHA,A Google user,https://play-lh.googleusercontent.com/EGemoI2NTXmTsBVtJqk8jxF9rh8ApRWfsIMQSt2uE4OcpQqbFu7f7NbTK05lx80nuSijCz7sc3a277R67g,"Works flawlessly on xperia play. Loving cardfighters clash, played this loads about 10 years ago, back into again, it's an amazing game.",5,0,1.4.22,2012-03-18 07:33:19,,
lg:AOqpTOEVhsmMAGcv57Qr6fZG7DMB3BsQZfQPMTKh0VxhpdflAQoMSTHQ3xOW8x_6UhS5X5Avl0SzHU-ShTuYCho,A Google user,https://play-lh.googleusercontent.com/EGemoI2NTXmTsBVtJqk8jxF9rh8ApRWfsIMQSt2uE4OcpQqbFu7f7NbTK05lx80nuSijCz7sc3a277R67g,"Its perfect, brings back the old days. By the way other developers drop their projects. This man gives hope!",5,0,1.4.22,2012-03-16 11:43:40,,
lg:AOqpTOEbWZyoBnIImTZyu7fIzI_rv2JN7YVlTMFJZ7NgCfazGvK55oRIig-aD6Qycqzftb6DNJPxOIlrJKR-TYY,A Google user,https://play-lh.googleusercontent.com/EGemoI2NTXmTsBVtJqk8jxF9rh8ApRWfsIMQSt2uE4OcpQqbFu7f7NbTK05lx80nuSijCz7sc3a277R67g,You can't go wrong with this guys emulators.,5,2,1.4.19,2012-03-05 22:18:26,,
lg:AOqpTOHpcrwQhdpx1w_28tCJeDM9GQhCCJ3nrWjIzvL8GdHm7JsK8FDXf3CsOM-g14KlnoIi0cKzo3a1eb98_Ck,A Google user,https://play-lh.googleusercontent.com/EGemoI2NTXmTsBVtJqk8jxF9rh8ApRWfsIMQSt2uE4OcpQqbFu7f7NbTK05lx80nuSijCz7sc3a277R67g,Bought on my HTC sensation just so I could play card fighters clash. Works a treat and hassle free. Great emulator,5,0,1.4.16,2012-02-28 15:56:07,,
lg:AOqpTOEw5GNrpXwPCVZ7iQWVf6Y9579bvVxiLCMNeGjOMfNXU3zWB0qDui3DJjn1kWpBYPqyxWuVrQ9pmtpQ5S0,A Google user,https://play-lh.googleusercontent.com/EGemoI2NTXmTsBVtJqk8jxF9rh8ApRWfsIMQSt2uE4OcpQqbFu7f7NbTK05lx80nuSijCz7sc3a277R67g,"46 years old and playing metal gear solid again, but using the icontrolpad it's just like using a real ngp. Takes me right back to being, er, 34 again! Loving it, great emulator!",5,0,1.4.16,2012-02-19 04:32:54,,
lg:AOqpTOFG1oKF2f1cfGbzYDwveYJpBxb_Mt7zU2Iw02thWdIUppu_oiZRDHGpOY0-tN_SJR4fA69rYKnYGiVduy0,A Google user,https://play-lh.googleusercontent.com/EGemoI2NTXmTsBVtJqk8jxF9rh8ApRWfsIMQSt2uE4OcpQqbFu7f7NbTK05lx80nuSijCz7sc3a277R67g,Great emulator I love playing capcom vs snk,5,0,1.4.13,2012-01-26 11:17:59,,
lg:AOqpTOHKx1044KxJhRo3Xwhatyr3CYKxEOydmNwYvp088lBTP5Mv8z1Le8HciZlk-DEApn_7r4qMVX6SWJtDiLE,A Google user,https://play-lh.googleusercontent.com/EGemoI2NTXmTsBVtJqk8jxF9rh8ApRWfsIMQSt2uE4OcpQqbFu7f7NbTK05lx80nuSijCz7sc3a277R67g,Loads cardfighters clash. Happy now.,5,0,1.4.13,2012-01-16 18:00:07,,
lg:AOqpTOE1N8gnMcbqPQJN33JTba9tpqWsQY3ArZIUvNLzhYRbjA5t5MnH22SpBwCSUB1FL24ziJFZClvvmR2KWZk,A Google user,https://play-lh.googleusercontent.com/EGemoI2NTXmTsBVtJqk8jxF9rh8ApRWfsIMQSt2uE4OcpQqbFu7f7NbTK05lx80nuSijCz7sc3a277R67g,"Fantastic effort, updated constantly, developer easy to get in touch with, couldn't ask for more.	Had problems, developer fixed them, Galaxy S2 runs like a dream now.  Kudos to this guy, worth the coinage.",5,1,1.4.13,2012-01-02 15:57:58,,
lg:AOqpTOHEs0HTeUsf_vMb9ObMJbE6ISYnEvdjZ4oprTDJKvGXgK9YJT_Bi4Pj530keqpdP1zVwDB-TspbJIp6ePw,A Google user,https://play-lh.googleusercontent.com/EGemoI2NTXmTsBVtJqk8jxF9rh8ApRWfsIMQSt2uE4OcpQqbFu7f7NbTK05lx80nuSijCz7sc3a277R67g,Been waiting 2 years for a Neo Geo Pocket Color emulator. Best money I've spent on the market.,5,2,1.4.12,2011-12-31 20:33:28,,
lg:AOqpTOEZ-Ibt794XmCY0qMoJgh9vYNGIdBSJcSx-GakqlXDYh6l-6vAtFs8vMynQ20vS4EolHfzEmLBD3fU-v-I,A Google user,https://play-lh.googleusercontent.com/EGemoI2NTXmTsBVtJqk8jxF9rh8ApRWfsIMQSt2uE4OcpQqbFu7f7NbTK05lx80nuSijCz7sc3a277R67g,"Works perfectly with the Xperia Play - There's even enough space in the tank to keep Spotify running in the background while playing Card Fighters Clash!  While there was an issue with running Flavor's patched English translation of Card Fighter's Clash 2, Robert was quick to respond - providing a solution to working around the problem, and pledging a fix for the next update. You couldn't ask for anything more helpful than that, really.  Give this man your money - it's a great app, just like the others!  (For those after running the latest English CFC2 patch on V1.4.12 - The issue is something to do with the CPU timing during the translator credits/intro. Simply create a save state on the PC version of NeoPop at the game's actual title screen and then move it over to the phone, and you're golden!)",5,4,1.4.12,2011-12-27 04:03:40,,
lg:AOqpTOFznOzYDteco5vq8Ji9ruyveZr2zQhkdurSRX9GHmE9F2cNK1sd8MWNKXnTuV3BWusf9NSGVRcrnyrXlss,A Google user,https://play-lh.googleusercontent.com/EGemoI2NTXmTsBVtJqk8jxF9rh8ApRWfsIMQSt2uE4OcpQqbFu7f7NbTK05lx80nuSijCz7sc3a277R67g,I love being able to play my favorites again. Works perfectly on my Xperia Play! Bravo!,5,2,1.4.8,2011-11-29 17:46:30,,
lg:AOqpTOGSIZkJtAalOyQL3JwwiSpG8cJCp6nIE8pWYbrigKGmh6ll15xVmE7lNYg1GxtG0HV54b_Bhhyrehburtg,A Google user,https://play-lh.googleusercontent.com/EGemoI2NTXmTsBVtJqk8jxF9rh8ApRWfsIMQSt2uE4OcpQqbFu7f7NbTK05lx80nuSijCz7sc3a277R67g,Amazing. I loved playing my NGPC games back in the days. Works very well.,5,3,1.4.8,2011-11-27 13:25:53,,
lg:AOqpTOHIyIt2u4Fq019LTeM8pLvsSRqeNipOYBsrd8nzMNuMC45w1AwNHh5WCx0psOMqp6eXKrWUGJeUYlDK-Os,A Google user,https://play-lh.googleusercontent.com/EGemoI2NTXmTsBVtJqk8jxF9rh8ApRWfsIMQSt2uE4OcpQqbFu7f7NbTK05lx80nuSijCz7sc3a277R67g,Well done. I had problems running @the beginning but figured it out. Dreams do come true. Cheers!,5,1,1.4.7,2011-11-21 22:57:34,,
lg:AOqpTOEGA2d47cVJBS4jyYrQgpvvWsaL5rZWsOVQeLIPhdyjdsMDvnL1KomtymvTpULjjP8-PiYMZxXlUSVJvzw,A Google user,https://play-lh.googleusercontent.com/EGemoI2NTXmTsBVtJqk8jxF9rh8ApRWfsIMQSt2uE4OcpQqbFu7f7NbTK05lx80nuSijCz7sc3a277R67g,Worth the 5 bucks the I have two of your emulators both worth it,5,1,1.4.4,2011-09-30 09:12:56,,
