reviewId,userName,userImage,content,score,thumbsUpCount,reviewCreatedVersion,at,replyContent,repliedAt
gp:AOqpTOHB4uniwpZLNijJbXI972RJv1X-sTM0A9TGYhtWYZsJ55YsQ7AvIWNqYM7mEUjPXGB2OVn1JjuKeD8aLw,Markus Rice,https://play-lh.googleusercontent.com/a-/AOh14GjDPQZzXvPfai9Xupc2zEaqeUV66mNrvaT9DvAIrA,I found a glitch in the game that made me like it even more! Please dont remove the glitch. (I wont say how to do the glitch just in case it gets patched) The glitch is awesome,5,12,,2020-03-23 08:53:30,,
gp:AOqpTOEbEOd5AG3DmO5mGsPLeJH8WCuuQ3cpc4mMfmXbe8k2wPxdEd9zimLAITQaJXowUVNKA7hnUXGF8kyarg,Daniel Olson,https://play-lh.googleusercontent.com/a-/AOh14GiBI48usJKV64DL7wtKwc48M7mmU-Yw_3OHspo2IQ,This game is really fun and realistic.,4,4,1.3,2020-03-01 18:58:08,,
gp:AOqpTOFMDnxiXMdDQsLL54Onoob71eHaKT1Lwj32exI5jsKlVWF6nymZygw33aP_mUE865os8sHT-9HsN2W0uQ,Floki911 Walsh,https://play-lh.googleusercontent.com/-fCBaex6TbJI/AAAAAAAAAAI/AAAAAAAAAAA/AMZuucmIfsT-FjtquhVRyU5jGUW1PQujtQ/photo.jpg,This game is brilliant!!! I love when I go to a mountain and see a beautiful space thing! If you reply to this review I want to say keep up the magic work. Please do,5,14,,2019-09-23 11:35:42,,
gp:AOqpTOFtxzsYe8Mk9XPePMy6nI4SqWWLkitdd_LGvv8IW5hkQ3J2i1dKEqjd_MjYj48-ollyf74TLs43wI6DYw,Pris Sparkles,https://play-lh.googleusercontent.com/a-/AOh14GgwOHMHLozZhVXGoxFIyv6B3tfHTpybz3FHlJfHGw,i really want to try this game but the polar bear is not even walking to catch the food. it upside down.,4,21,,2019-05-24 11:24:38,,
gp:AOqpTOFUmmVsPOJhK21MFv_UlPBAXqqFUuxXESwGv6F6Bv4oA1NAuPIKADm9J_SRB-SstM5U_oQ0pr59i8TTGg,A Google user,https://play-lh.googleusercontent.com/EGemoI2NTXmTsBVtJqk8jxF9rh8ApRWfsIMQSt2uE4OcpQqbFu7f7NbTK05lx80nuSijCz7sc3a277R67g,Guys this is not fair that i should kill a innocent lemming and I hate it to kill the lemming and i think that is not fair,5,8,1,2018-09-13 18:26:14,,
gp:AOqpTOGjGOgiM0tWlH7LLx-lG3L_kN3wHwBpYJHGlRGYwLQc8mMh_i48pBdU-B7qbTnRvvEG9Uehb8VxNYmSPQ,A Google user,https://play-lh.googleusercontent.com/EGemoI2NTXmTsBVtJqk8jxF9rh8ApRWfsIMQSt2uE4OcpQqbFu7f7NbTK05lx80nuSijCz7sc3a277R67g,"I enjoy that Gluten Free doesn't have ads or in-app purchases! It's better 
to charge full price for a game and give the player what they need to play 
from the get-go, with the ability to unlock items through play, than to 
offer a reduced price but then charge real money to get necessary items. 
'Free' games are even worse-who are they kidding? They're money pits! PS: 
would you folks do a dino park simulator?",4,10,1,2018-07-16 20:25:33,,
gp:AOqpTOF1rzkw6ZSvnfK_GPNjkALU4vzB5jpPGG52tF2N7UDK2GHZvbmRFm_mbwghn1x8ddyRH--ZU2snoJ2QOg,A Google user,https://play-lh.googleusercontent.com/EGemoI2NTXmTsBVtJqk8jxF9rh8ApRWfsIMQSt2uE4OcpQqbFu7f7NbTK05lx80nuSijCz7sc3a277R67g,"This is a great game! There was a glitch where I could not go home because 
it didn't let me go forward. But I love the ice cave! It was amazing with 
all those prehistoric beasts locked in there. But can you make more ocean 
animals? They are kind of hard to find. But great game!",4,3,1,2018-06-05 10:27:40,,
gp:AOqpTOHHKrjn298zu8dgirPZel2zVcxz1aQdrbAMADlIStZ-57vSZFJ_o2Ee9xgQa40Bi0q3We43idgseQO0EQ,Rain InTheRiver,https://play-lh.googleusercontent.com/a-/AOh14GhsHlZZPpP64w_2HTs36S8BZqC3nToFGutCszUulw,👍,5,0,1,2018-05-22 19:31:53,,
gp:AOqpTOG39mNZ0_tRM5U2_5oJYwK5nMbD-6ZvNtEwec9NIQbSTha-ug_YFQYUVWoSyZhZSRify12kpokrDXcE8Q,amelio zubin,https://play-lh.googleusercontent.com/a-/AOh14GjeHvZQ7kxODp2UitoAil8Vu7NU-CciH0U0Ij4mZA,Love it,5,0,,2017-11-23 10:40:18,,
gp:AOqpTOGdCHlWlif_lzVtVcIm6EsYztO8W99HFSnsKmbRR4TplfpHujIk9S0Ao_d8atEmaprx16In8eNv32FMOw,Joel Hart,https://play-lh.googleusercontent.com/a-/AOh14GhG4Y65nSfhEgddtqGBzgcdBUlGDUpr5UoS1xh2,Addfeddddd,5,0,1,2017-11-05 20:34:41,,
gp:AOqpTOGR-aj4RgM4LfXFSzVkb_oj0c0GXZeZopqdmcRiB4mP96as1r9WSsqIcRgnPSEbY1ZpOjdfn65dPgXwZA,Odd Foot Studios,https://play-lh.googleusercontent.com/a-/AOh14GhcMnwRfxu4h33XSQDAwNim1ovh36YSIpRzYQUFhQ,See I don't think seeing inside of the polar bear is very... umm... realistic... so I also.umm... I think that the polar bear should fly cuz why tf not :D and how do u have kids?,1,0,1,2017-10-21 21:27:31,,
gp:AOqpTOFKEvmw8KZsD_g_eXR8WYLlkCV8l_PfA358gN8np55mRw3MqNqK23JoGC-Th3Z2f7bJleDkqkC6MyopRw,A Google user,https://play-lh.googleusercontent.com/EGemoI2NTXmTsBVtJqk8jxF9rh8ApRWfsIMQSt2uE4OcpQqbFu7f7NbTK05lx80nuSijCz7sc3a277R67g,I love being a Bear,5,0,1,2017-10-05 11:09:50,,
gp:AOqpTOEuWMOTB2_vAWfPuhfQY-NcmnEehBE_yr-0nyFVngrgYtLuAMA3l3DlGI8-sKiGzNfT4cN9SFhhKLPymA,John Arrington,https://play-lh.googleusercontent.com/-OWvIfeXyURU/AAAAAAAAAAI/AAAAAAAAAAA/AMZuucnotrK2B9hu3ziu58xF_tXOuBndgA/photo.jpg,make ulitmate dog simulator,5,0,1,2017-09-02 06:33:11,,
gp:AOqpTOGGi_bMNgt3DAGKCLf4ZQ8eE2pZgSAqoyG1PVtnktHO7Pl0YqhrRtLTU3s6aNtPxJKyVoZqzB6HNMvAHw,Megan Rounds,https://play-lh.googleusercontent.com/-XGJO_sRvAes/AAAAAAAAAAI/AAAAAAAAAAA/AMZuucl6gyfK1oCd3VwbKgC-spewQTwSdw/photo.jpg,Game is very,5,0,1,2017-08-22 15:48:37,,
gp:AOqpTOEZlaU-4pVdd9OQDnLHTrnbM2ZVPD5MLtH1Afc-ExJhaOQ77Hgh0ryYxut1xnUs6pfAQjhdhF3NOHSycg,A Google user,https://play-lh.googleusercontent.com/EGemoI2NTXmTsBVtJqk8jxF9rh8ApRWfsIMQSt2uE4OcpQqbFu7f7NbTK05lx80nuSijCz7sc3a277R67g,It won't even let barely play it it lags me out!!!  Want a refund on eagle simulator!!!,1,0,1,2017-08-09 22:11:24,,
gp:AOqpTOEUjdys0btJ7nRjCDaVOozsmixStiLjscRM--UBASsNMIU7l4Ann4EWT9Xj3I7v16cW6b0FkjyjoISebw,cat girl,https://play-lh.googleusercontent.com/-bP-ui3YSImU/AAAAAAAAAAI/AAAAAAAAAAA/AMZuucm4imM0IsJE3jh9X7zFj7lBKNCmOw/photo.jpg,I would have gave it five stars if your could have a cub sooner and have cubs at levels 5 though 20 instead  of 5 and  10 and 15 and 20.  Fix please then I will give it five stars.,4,0,1,2017-07-06 10:17:37,,
gp:AOqpTOGAoPqvo593caWxFwj7CHZ2k17KHoECZ_9i42ORLITN3ibIar7lBLyiv9EaBP0eSmuy6PoMj7Fq1bX57A,Royce Martin,https://play-lh.googleusercontent.com/a-/AOh14Ggq539u1KxRoTOANCb3yzsEx_Mj9-5G0VlNqZaLpA,I can't stop playing u guys games they are so addictive,5,0,1,2017-06-28 06:37:42,,
gp:AOqpTOEGwK5Yz_Mqk9g5BhwxUZkLHsGsgmvO-r6USBOARjRNALjNKXj-63KBbYRnVmnXcBBDho4ZnmLvLmXCkA,Bret Chet,https://play-lh.googleusercontent.com/-4d_qobvAd4I/AAAAAAAAAAI/AAAAAAAAAAA/AMZuucm_uHThsBSfnp7f_s0KoNUgpIZZdQ/photo.jpg,I still want that ocean simulator,5,0,1,2017-06-14 09:07:54,,
gp:AOqpTOHIcGof2KpHmkptc8zLO7wMpIVVnva8NE9vpg87GbQDRSnD4-Dvh9Mpum7lXhfRAPhKQmwQ2n6rAdyl9w,Meaningless WildChild,https://play-lh.googleusercontent.com/a-/AOh14GgNqbvMXR4YsrOYCC-h2apm6u-XnkodAImtK2w0pg,This game is amazing I love the giant glacier with dinosaurs and other prehistoric beasts it rules but u should make it where that glacier floats to the global warming part and melts so then this animals are free and are the new bosses,5,2,1,2017-05-28 23:39:10,,
gp:AOqpTOHVsgO1t4Q6lSPTOnz-bzyJbHyyEEaOaJ0g49iTgsQcQSjANQs09E9W-GFfQ2polDzZWxJipcX06i9Qdg,AVRIL WESSON,https://play-lh.googleusercontent.com/a-/AOh14GixYjBX90YvmRRDz7Hp7jDw1lsLryEcanE_ijc,Your games are absolutely the best animal and dinosaur games ever Gluten.I love this game but if I don't want the game any longer can't I refund it then I can get another game that cost the same and it will be free because I refunded this one. I am just saying it does get kind of boring you know what I am saying. But still great game loved it.Cya pls answer to what I have said. Or just update game to make better thanks for your time.,5,20,1,2017-04-25 22:21:02,,
gp:AOqpTOEcMMfANBBkka0xw47VQOuLkFcdncvApytF91ccRfkIfJEbRmOMDM1So74SDp3poi6jOIPxtrQGKkuKIA,Thandi Wright,https://play-lh.googleusercontent.com/-2zLP13jUccY/AAAAAAAAAAI/AAAAAAAAAAA/AMZuuckU7YeLNcWupcT9HzNgQui5N-MbRg/photo.jpg,I LOVE IT! I LOVE ALL YOUR GAMES! But can i ask you...... PLZ MAKE ANOTHER ONE WHERE YOU HAVE 4 BABIES! THANK YOU!,5,0,1,2017-03-28 13:02:36,,
gp:AOqpTOGbS4cxsRexcSg3F_gXmxzLV2ATuujm5A05hASngWY686rAsg_zo9T5hhKdizqldwPxZM9DK5z6xuIWsw,Bree,https://play-lh.googleusercontent.com/a-/AOh14Gj9KgI193VtNulBPlGCAJ1E8SbJZh1Tu5B0tJBz7Q,Buuuut they need to add more sea animals and to were you can eat them add atleadt an Angler fish for a boss,4,0,1,2017-03-14 17:03:53,,
gp:AOqpTOGFzWKFajIC-_BCh5X1aiecKfiGS9daMHnY87F6s4fi7Yi18YSJq8b38Qkj23v3G47zQefqHPgg9iITtQ,Denise DaPonte,https://play-lh.googleusercontent.com/-zZFJlowKYYs/AAAAAAAAAAI/AAAAAAAAAAA/AMZuucm-D1XBSEl2Znj1gOZhy-jjlEHCbA/photo.jpg,MORE,3,0,1,2017-03-11 14:01:56,,
gp:AOqpTOETb2P_B7c6EeQSsi0ygAHYPceiAu3XD2EkyRwCjZgAdkMFgLLVL7j7r8AArFNkQzJNB5LF18O3yGWLKw,Jay Sloan,https://play-lh.googleusercontent.com/-dyeru1NoHso/AAAAAAAAAAI/AAAAAAAAAAA/AMZuuckKd1EpjDHEaZ9137lDDD-6XeTUug/photo.jpg,this is the best game ever,5,0,1,2017-03-05 14:40:10,,
gp:AOqpTOFwLi66OTJz2CC-5UZKfRgx_DWQUDLLeHb7w28nhrPJYccMf0Z0Ctbb3bejK0CbfWPGbJnZF_Trqcmz8Q,SpoodleNoodle Supreme,https://play-lh.googleusercontent.com/a-/AOh14Ghrqc5fhA13i4wre-zjsx9yi1gAnXmt4eSzjfKjzA,It's a good game but it's not fun to me,1,0,1,2017-01-16 00:52:59,,
gp:AOqpTOEAQU4DmMj7UAlBRKVvXzBIxlDzm5dbh5mGaNuy572Rhd1yF3xWrgawOVH3-J3aBgZf23pKwuNu-faWdw,Audrey May Jolly,https://play-lh.googleusercontent.com/a-/AOh14GiF172DzhUdts0F5qtxTpm7hBau-WyDa9eun8-ENw,Hate it. Just kidding I love it soooooooooo much  wow I need to play this often,5,0,1,2016-11-16 16:16:22,,
gp:AOqpTOFCRAdYap4rkW1qPVhcbx-00Pxd3Zx8q6N7OKbfQ9igztwo1jwdGdjnzwmyKyKS4kt2gK7Frtuc8DnbzA,lana f,https://play-lh.googleusercontent.com/a-/AOh14GgQjE24thLGDESrKmBFzq22VvOMjn9WpWSbbbYatA,I love it so much it's the best poler bear game I've ever played in my life,5,0,1,2016-11-07 19:22:24,,
gp:AOqpTOHn7hGbbIEY92OVG9RwtbSCyJBXqWW4_KWSRnG3rcDWOqUDca4Qt1Mi5blwlNeqOKSfDSzrxCvr6axzVQ,Kardia Kardia,https://play-lh.googleusercontent.com/-w3Z_dkxYy8U/AAAAAAAAAAI/AAAAAAAAAAA/AMZuucl7NT3tQmeWTuTDywMjm1Ws-C0KKw/photo.jpg,Actually two usual things I found a ice cave and I found a frozen huge fish like a dinosaur and I saw way worse than that A KRAKEN I Found a ENTRANCE TO IT!!!!! 0_0 well it attack me?,5,0,1,2016-10-15 23:04:42,,
gp:AOqpTOHQcYGK76CHG0EEooovZg-1NoElRlZz4zPZKwIv5oXH4U4eGQBspDWkYLMoGvA_Oj73SK8FCHUfgLeMWA,Josiah Jenkins,https://play-lh.googleusercontent.com/a-/AOh14Gg_vrKA5SQNxP_cL1gWf-lV75lL2csDZQsFrXB2,"I like it and all, but no boss battles. And how does a polar bear kill a humpback whale",3,1,1,2016-10-12 14:15:23,,
gp:AOqpTOHpe-9D1_8cWHyNymuI1cFvEPiOd5DNismeoIa3wash-rjrQbAJrcDQBTfl0WR1FWlwqvnIT4ukfqd88A,Fandom Fanatic,https://play-lh.googleusercontent.com/a-/AOh14Gja5xxRK7mrsfNoTt4ZsvFXACkR5TeCFuEEpzqkDg,I cant open it,2,0,1,2016-10-11 18:13:02,,
gp:AOqpTOGy2boR3H7uu6bj56S3-Bsi_q6tISojfyDWahbceFurKei-Bqhn22oRSX6KLQSeMx4qX1Wc-mgbIno2zw,Tierney Trueman,https://play-lh.googleusercontent.com/a-/AOh14GhEDBzJK6VVbsYIB9jctUeyZz3vqBxQx5uzzOrepQ,Worth the money,5,0,1,2016-10-11 10:52:39,,
gp:AOqpTOGN1NYJR0lTgtQm3KlmqxwwqJjtftK49VtsundG2Nm5ykavZ59HEY7UgiA-hIoDKThtT95_XH5gHYqokQ,Tiahra Johnson,https://play-lh.googleusercontent.com/-BDVvMAFp3R8/AAAAAAAAAAI/AAAAAAAAAAA/AMZuucl1RuTlmPC02jhlCHJWrK27PJywYA/photo.jpg,Graphics are good but I wanted to be able to breed imediatly after lvl 5 but noo you have to get to certain lvls to breed,1,0,1,2016-10-02 15:56:52,,
gp:AOqpTOHqPeOwOiapCXe9FqpmqikbeeLsotX1zs7-kLs-s8iVoImoapNdA7EMM9caYarU5HUW9ldrq6ojJ_0u6g,Troy Thompson,https://play-lh.googleusercontent.com/a-/AOh14GhIWy52Or9VEfQ9HxdJFkp3MdUtpaJ2M4waWb1QWg,Omg it downloaded soooooooo fast lol dx like Inna couple seconds it did it wow fast tablet now I'm in love with this game wow and I just found water and a seal and a octopus lol,5,0,1,2016-10-01 10:11:03,,
gp:AOqpTOE4ovCkkh289LB_JpYcO7VnVeQoZy9G_rLKXhUHdQOV16BZxJ_rqwD0T2zVlIX1sNb1h-1DuMX_yx1O8w,Sugar Glider Mommy,https://play-lh.googleusercontent.com/a-/AOh14GgmcmUN2x56TX8c0fxt0J762gFVmm8ShyMnZvjJZw,I love this game! Soooo awsome! I looooove it when it you swim!,5,0,1,2016-08-26 22:34:45,,
gp:AOqpTOF7MYrrQql1iM72XbKU3uabMBDR6fmae5n1d9nDA38_PMQln0T1S0jtQG9sEc_WYr250Nhqvb-C0tOmuQ,Tisha Autrey,https://play-lh.googleusercontent.com/a-/AOh14GiHv7akyq1vb-KLRV9Hr45ju1m3aEfcq2KIFwldHw,Very GOOD love it,5,0,1,2016-08-23 18:12:00,,
gp:AOqpTOG45Gn1wHA4h8QMeV28yAbxF5GtsnPPNqQ16lGd0p0x9qxyziiCj2FR5gunCgq1I3cPU0Pv01RsUj7Rmg,Flamin' Bear,https://play-lh.googleusercontent.com/a-/AOh14Gj1XkDosMlfkC0d0uMHBc62rSEIqEA-PhMx0m3MBw,Bears? Instant 5/5,5,0,1,2016-08-07 14:03:01,,
gp:AOqpTOF7nTkgwPPNueG_AV8B_aG_CnpL9nkzuCXkIIzIzEIfv2lFfpuBv8eFPpZbIDqNqfdV6vRPBADgzKLzdA,Andrea Berta,https://play-lh.googleusercontent.com/a-/AOh14GiwDig-nq_RFKB5x70SFiAC95VFMoDAqWsy5U7aHoU,Well I have to say that I don't like this game I LOVE IT I have 2 games this one and stray cat and will you make it free PLZ PLZ my mum doesn't like spending money plz plz and I'm scared of going in the water I mean I go there and I'm ready I'm on level 31not kidding and I go there then my girlfriend sinks in the water and I freaked out and I go there just trying to get in but one time all my family sinked and I went in there and then I just went like ahhhhhhh and I freaked out so much I fanted but I came back so I'm going in there right now need to face it Hazel ahg,5,2,1,2016-08-07 09:30:27,,
gp:AOqpTOEGSsqtfmQQY-X4_PEzkhCspXAKjv938Wz4t7rHm85424T9WvX_tN4OmCZKzUdlsxZ3sYHt2TK2YwMwDA,Simple Bean,https://play-lh.googleusercontent.com/a-/AOh14GjlHlv2poCUl_upFGmNrrllrV4pYt-u9HAbVykCjw,Hi gluten buddies i really want to know can you make a ultimate polar bear simulator. ALSO PLZ MAKE A ULTIMATE PENGUIN SIMULATOR,5,0,1,2016-08-01 08:25:36,,
gp:AOqpTOGQOpmXhQF0jsDg1IXAD4Ji-MboIzVQNb1zGeiLH5rqOAt7vYKCUhxfotZ3HecllBxCbuZXRm8KLyefug,Phat_Wrat,https://play-lh.googleusercontent.com/a-/AOh14GgR57Y6VZYCXaNJnCzjC-WBa3sbVKZ7BOm1bvNaGg,Very briefly and realistic,5,0,1,2016-07-30 13:02:30,,
gp:AOqpTOELDYp8yj_0YBPK3VDehqEROaENUmOocLs89QWTpi1YTFGNdf9deK-LmlAi9MTVcKAy4TEdnpSl-KIk6g,Kelpers AJ,https://play-lh.googleusercontent.com/a-/AOh14Gi49ys7u7LbW1FL3beHvPjboeVR8yEFJFD5e0NrIQ,after a day i tried ididnt like it i cant get my refund what a waste!!!!!!!!!!!!!!!!!!! I WAS GOING TO GET STRAY CAT BUT KNOW I CANT SCINCE THEREIS NO REFUND,1,0,,2016-07-28 16:47:58,,
gp:AOqpTOH3CwenKItR59AAYeIxZPrcUPg2fU05zwAATPH0RXKTrue8qSIesblYmcbIvTJA2ve1ngJAkF1TfmQYBQ,Zyn,https://play-lh.googleusercontent.com/a-/AOh14GhK2o6_sslUHlJKlzNoYXUx2NS7NX7LUfbAMGILPA,Love  it  could  you  please  make  a  squirrel  Sim  were you  have  to  collect  acorns for  the  winter  and  you  can  send  what  season  it is please  write  back,5,0,1,2016-06-29 19:57:48,,
gp:AOqpTOFPan4PJ6zFl9DgPwS5sGKeYOAnvmxBgcOhrS-jcNW6VO57pBuyInU2gv4-lLhBqbQuEK4w5JFWp4kg9w,Kaitlin Kaitlin,https://play-lh.googleusercontent.com/-VKl5IBSBHlo/AAAAAAAAAAI/AAAAAAAAM8M/AMZuucnwN5FFm0XcaCk9c8rN9UyXdC_IvQ/photo.jpg,Can you make a penguin simulator?😇😇😇😇😇😇😇 PLEASE,5,0,1,2016-06-16 10:08:04,,
gp:AOqpTOGu7dneUoglEF_zmpkL1pI22kOhV_Dcfsz_n-23Lwaw0qeoHPr4HzsvbHtanKreL9j4qJOCKPEed9hatw,Repoboy 24,https://play-lh.googleusercontent.com/a-/AOh14Ghv6WHAyg6YRNpR1oXYWoe98jq6egOZJZHCWNVFRA,Ok,5,0,1,2016-05-24 15:29:17,,
gp:AOqpTOEzTfDBM8NQn0_55S3jS62XVkTB9VQLkXElbhoNWxqD2waPWcFZncuN_ga2MolKYrb7CqUiDAWTJO8bxA,Firefly Animations,https://play-lh.googleusercontent.com/a-/AOh14Gj5PogOOoa4bRQYXRchVTkt36J_3oaxlIt2_BdXeA,I think this game is pretty cool  but please update it to an ultimate simulator.,5,0,1,2016-05-23 19:32:39,,
gp:AOqpTOFJnp3uUPPUH7kvwHnMFp5Pk3388hPg2jP6v1bKsH3OFkBoiuwIJ4vSFhu1gyC9aW0esADbDn0mXvSfsw,Bore Ragnarok,https://play-lh.googleusercontent.com/a-/AOh14Gig6CfF56uWGB9iYQ4--CAKG5td54ctZ-3VGdqzNQ,"Can i get a refund?! Like, right now?",1,0,1,2016-04-24 08:55:33,,
gp:AOqpTOEmEWyvYRVxIctbkFFpHAq0jFNhPlUiY7uod1FB1LEQVzNTuRmXDODTMlBj6alMvy3UD50F_jfSLrEdaw,Alicia Wynn,https://play-lh.googleusercontent.com/a-/AOh14GjlRaWB4tnmV9Foyh9GCxaPwK2W2rbplzYRw3g2fA,I love this  you NEED TO!!!,5,0,,2016-04-23 12:43:19,,
gp:AOqpTOG0sXtrOEuG7H-YgvyqAG0dYecpvo1UL_zfFKwVPpo01g2b6dtKgtyG0LwREaIPPIh_q4ozRhAZO6oA1g,Bunni,https://play-lh.googleusercontent.com/a-/AOh14GjFkNv8f9919uQ9JAWl0cTK3hRoEmhq59LP-CSaKw,OK its good but not many fish spawn so don't waste your time at the sea hunting,5,0,1,2016-04-18 10:43:00,,
gp:AOqpTOGNjul_R8ze-bMdPDSSNkoW6iJXj47bMW93KleHYOjptbfqpb8zU4_um9dSMYvevEQnzS4Zb0ACxVTofg,Ed naki,https://play-lh.googleusercontent.com/-drgGbWLax9I/AAAAAAAAAAI/AAAAAAAAAAA/AMZuuclluyBNVNozGX5s5d74-gl73JOYmg/photo.jpg,I love this game so much its amazing!,5,0,1,2016-04-17 15:43:54,,
gp:AOqpTOF88f9HOD59U62YjyAMdc4VC1d3toLaGBz_-P9ALZqQ14-B94DTiDvEUdCIHnPRrfXHJrbMO0CW-0jP4g,Silly Goose,https://play-lh.googleusercontent.com/a-/AOh14Gg19lgH2zxnNdo-tnzpxRXX-pfp9MVu0isYnA_dYg,You get a home get to go in the ocean  so easy  to  kill love my family on here  you get to sleep  and there is no adds,5,0,1,2016-04-17 07:47:48,,
gp:AOqpTOH_qFcT8AM2UK9SY4SVk6CT1geapUmc39Fq_dlVGz5-rs6TqTR-3ZIPdZ0xLbE4OfK2cn6zFFD5DbZaBg,Jazmin Mitchell,https://play-lh.googleusercontent.com/-1g38qHhhr_E/AAAAAAAAAAI/AAAAAAAAAAA/AMZuucli76uxO7WuEp3BmhzF-8y7lFWdRA/photo.jpg,If you make it free I will get it😸,1,0,1,2016-04-05 14:54:04,,
gp:AOqpTOGEKeSDsKl9OWe6MekHVITnwIt7S2RChxyU4QTyhEgMNl_P0DFJkC6Fe3YHhDThPAU_IrNeP-bHPMB8Zg,HI MY NAME'S CATRINA,https://play-lh.googleusercontent.com/a-/AOh14GjQI5PtoPuKEMtbOdG-6I1fLZz2AYaBoStLaOZNkV0,Yay,4,0,1,2016-03-25 12:04:01,,
gp:AOqpTOHv5qD0VFkXTHgzWukHPvEXvN8gyOP-S0TZqgS4FbNohDv7kqJ7qXGEHxCskt0Zba4_LQgfs97SIlLaUw,Vanessa Makinson-Sanders,https://play-lh.googleusercontent.com/a-/AOh14GihgDtXdWyHDe3oFjA6nDEmDdFUn6x7rEmbmeIfNg,I love the game but add more things like more animals and bosses. And please make penguin sim. Add humans and multiplayer mode. That would be awesome! Add more family members and homes,5,0,1,2016-03-19 09:43:45,,
gp:AOqpTOEr_U-eRX4-TWOVtaXJcMWIaV5Cp3QtryO-sNnMMd0Z-g0aPKiTUJV8UCAJt_76o8Q0yZNMx3Q6SRoaIg,Savannah Holston,https://play-lh.googleusercontent.com/a-/AOh14Gi2lSycbTEp1IYYIwPoT28PmLyU-4PIgEv5xw8rSA,I don't care for it but its a good app,4,0,1,2016-03-16 17:46:38,,
gp:AOqpTOFfdD4B0mwFhUl4PGFjRInbj8ymlYPTjL5ufhSeF8wSflW0GzbX-cebHPsms9y410tDPu_ShZ0SvReUhA,Abbie,https://play-lh.googleusercontent.com/a-/AOh14Gj-oVm3JWumOL30mjzhnMatNrhALvVWuZwyVwl1tQ,"I had to kill a lemming a tiny furry kind lemming!😭😭😭😭😭😭😿😿 two weeks later I'm over the sadness and i have killed loads more lemmings they taste good  ;) if you say it's bad I hate you OK😠😠could you add a sniff button and you have to sniff out seal nursery's where there are seal pups,polar bears do acutely do this",5,2,1,2016-03-16 15:56:25,,
gp:AOqpTOHaAW24TcE3qoxtlcFgQH4mANDy_5hHaFqQDSrs7Gc-8ioxIEEwxMSjHo-bNmF5nJXluToIdw6wZdBt6Q,Seafarer's Reef,https://play-lh.googleusercontent.com/a-/AOh14GjoeX6kjyF8E4snZtN6JVXo72uPe7BONKCUO3nXdtg,All the games you make are incredible but I have an idea: an adventure an animal can have with any type of animal the player chooses and the animal is born and grows throughout you play when old enough it leaves its family and survives in the wild (with other animals) and breeds and gives birth also humans try to capture the animal and its family and have to fight back or escape.Maybe it could be called ULTIMATE ANIMAL SIMULATOR I would appreciate that sooooooooo much:-)😁😁😁😁😁😁😁😁😁,5,0,,2016-03-05 06:02:24,,
gp:AOqpTOHg2Vhu5Dz2M_0FmesFfRrREn5xihHBUVftq0wJpj9oYes29VVkZxDU9WRycJ_AomyTI2L9tZDidcKlGA,Marquan Douglas,https://play-lh.googleusercontent.com/-pYYTjHFLpBs/AAAAAAAAAAI/AAAAAAAAAAA/AMZuucmtWmJe0foIGFmwarYgIy7AUb8hgg/photo.jpg,This game is the best,5,0,1,2016-03-01 10:04:43,,
gp:AOqpTOGTfiCDGjhJGbsm2OxDE6Yni4NoDHmWVoB5ei0sROLOa1MPFyWxHyZAOJyQbMs4hjNP6D3IO5ojGd0FMw,Goat,https://play-lh.googleusercontent.com/-Q5fnV76JglI/AAAAAAAAAAI/AAAAAAAAAAA/AMZuucl27sOlFBXOgefk5Rc_qDv3GHIxJA/photo.jpg,It would be fun if you added them and if we had more land to walk on,4,0,1,2016-02-26 06:12:53,,
gp:AOqpTOHfPp939Nhtc3pS3xTemOOax6ay_SyO_s_9lwqJ-TvKo4BJ18bmpk3Ay9aZJCNbE-NNEJvf4wHhip8Urg,Julissa Arjon,https://play-lh.googleusercontent.com/a-/AOh14Ghd2R8rFChbvapWidB_B8-RgZCKGMKXqKITalpqAK8,"Kind if fun, but not really... I can't put food in my den, some animals are really hostile and I don't like how the den is so invisible. The water's really far away too.",3,0,1,2016-02-07 11:00:21,,
gp:AOqpTOH9yCjefPYHb0hT4M10BSCt8pBnZ3EaN92XWCZ8r4bIyloAeF7x0QmduOX4uuOokr3lUFy9mTkjwRux2g,Joandry Perrine,https://play-lh.googleusercontent.com/a-/AOh14GigpzNChLQJoCibrh2tRJD8qrdJ0b1vAxOpuGu-atI,It is good,4,1,1,2016-01-31 16:46:40,,
gp:AOqpTOHB492Sr0-hxlV72vj02LV0G-lgbHpkAArwBv2AzNi-vN4nyXR05hU6TqSFih1bJ-fJObGXYON9U0rWFw,Manu Croiala,https://play-lh.googleusercontent.com/a-/AOh14GiJelzlOVWg8e9dEM-MC3_82jyUiEk5kxMpTzw7,It was okay,4,0,1,2016-01-29 09:02:47,,
gp:AOqpTOH6cypqRoXPeUn9SqlFpZhyUSbpMp60LegBhhM4AmQMzIngLRAEndgupU8ru2afGwDnzrVUO-1lgKdshA,Olivia Bennett,https://play-lh.googleusercontent.com/a-/AOh14GjnQiGsT7w1jlm6BKnmjcoaTfLvfRGrGIeHHTaDnQ,"I love this game!!!!! Its amazing, the only thing is that when I kill a deer, they fly up and float, then disappear? You should get this game!!",5,0,1,2016-01-09 13:39:46,,
gp:AOqpTOHqnDUz_ifpXwNSHzn83oRZl7oMTWckdDsO8msSTASH9C59RLyDY8DP3k0sk-m7oly5jjFjsvdWA2mx_g,Brittney Sutherland,https://play-lh.googleusercontent.com/a-/AOh14GjCC9TdRldZoIBk786FkuutxIyKfykPIKfVgdGCYw,As some. But could you make it so you can see the northern lights better and that they aren't there in the day?,4,0,1,2016-01-08 03:24:53,,
gp:AOqpTOFT-6XqjUftSTU93vWM1FHiztmkrbeMIya3aa1oMQrE4q1DNYoFxZjbvcrX1L7y8PSGWDfxGD88c5YEvA,Dave Kav,https://play-lh.googleusercontent.com/a-/AOh14GgWBdhFpgk8sqLfo-AfKKK8Xn7Nk6vL9eSX2-odZA,Terrific  terrific terrific!,5,0,1,2016-01-02 09:14:37,,
gp:AOqpTOHWl-zEnHixEYJ0eWyQq7AA1pxKr6rfRpb1mpaOyXdLQxKzB5qXz7CmHMwDGfJ9D_Dx7iIFIXxKQKHmkA,Okina Kemuri,https://play-lh.googleusercontent.com/a-/AOh14GiEd0NGV8TU8ASbldmTAf6kSzA5J4d2tdvpBX40dQ,So fun! MAKE MORE LIKE THIS!  I loooooooooooove your games! Pleeeeeeeeeeeeas make more!,5,0,1,2015-12-24 08:38:58,,
gp:AOqpTOFadmZFQK33IDFVIIQEe5qwQk_Hs2P6h4Z_d7Dkfby8ijcOEUU1C3rxuV74rPd54tLOXT9pgfqOguAXVA,flipfox65 mastergamer,https://play-lh.googleusercontent.com/a-/AOh14GhUU5xf6EpkOkS2rEx4v13AivMommNaxIHMnoO0hQ,Love it,5,0,1,2015-12-22 20:38:40,,
gp:AOqpTOECjq96Oc1Gi3GGGJB-KnzHA0Y9V3TE26yUfzqZHDxYbaUfG_jcjCW6FOH4cMzZ0utXjiHdYBpNWmxXwg,Jalyn Olivarez,https://play-lh.googleusercontent.com/-ha4u5FpFuZ8/AAAAAAAAAAI/AAAAAAAAAAA/AMZuucnWMm9ej4Eqy_MVkIayvGA6DSye5Q/photo.jpg,There is a problem ever since the stray cat simulator I can't play them?!!?!?!if u know how to fix then please reply back.😊,5,0,1,2015-12-18 18:49:36,,
gp:AOqpTOFB-Na2bBT5msR1-jlaibO7LlB0GKxl1YFjbq_p_S1RSKeg2MDtc-9suxssG-X0VD-m9-SRuBufj8KKxw,Matt and Jenn Russell,https://play-lh.googleusercontent.com/-cZNVLyGz75w/AAAAAAAAAAI/AAAAAAAAAAA/AMZuuck2bq5-CU-9vSLFLabCXx8-E0Qx3A/photo.jpg,I love it,5,0,1,2015-12-17 15:24:50,,
gp:AOqpTOHqQoXapranP3q2L8EqoQtyAgJOTivfcN3uyMEQaywGUyjSIepydsZ_XTl-TQlDlRXJknyPlNk8gDUFUw,the leroycrushers and Joshua,https://play-lh.googleusercontent.com/a-/AOh14GiIy8FicrMjgvdeQTwCfs69KgiWrb76LXUlhPQb,Fun,5,0,1,2015-12-13 16:53:40,,
gp:AOqpTOGWOhNme3Vq4tGpW2-YyWWMSWKOX8Q5FtilIyi9w3hyXQG7MFCSQT7uYDbUr6xdHXc0XR53bFE-wgqd7w,RAINBOW BUNNIE,https://play-lh.googleusercontent.com/a-/AOh14GiOt5umXECThTT-I-IjqjBw4HlUsgOcpn4SepxotQ,Lags some bugs but I love your games,4,0,,2015-12-07 05:29:24,,
gp:AOqpTOHOqhcs71B1ZnxFPDb2yIqT9XznMZID3eQbv_0BGcUu_79PNMSFIsNPs1AJmSH_NaBX6hrjIKJ6C1qM5A,Heather Ordonia,https://play-lh.googleusercontent.com/-afZj8Ygfx5M/AAAAAAAAAAI/AAAAAAAAAAA/AMZuuclKAw-2o45PeKYreyT5VT46YDJX1w/photo.jpg,You can kill all kinds of stuff,5,0,1,2015-12-06 08:34:55,,
gp:AOqpTOEwR3QumK1M8pArkywNfPJlJ7LjgTrbZPLeAgpTsxaeOI5owm04fqPkby2uVEmztxVmZciIvLAMN4LYBg,A Frog,https://play-lh.googleusercontent.com/a-/AOh14GiuhFtKiknyZSw27KSKYMWiyojRGCM9CXEpjJ3cbnI,Enjoy it i think in is osome!!!!!,5,0,1,2015-11-29 18:45:39,,
gp:AOqpTOG1RNbvPz0-ONODwunEvjMCWMX27q-FAxsd54fvF1cDWIzyGDQfdgaz3CnHtnWBuqpPtR0cVTL6_A_F8g,Tiffany F,https://play-lh.googleusercontent.com/a-/AOh14GjikC3UuD_aYEe3EERcxxq0SPlgNgGPRWGnVSJo-QE,Supper glichy like all your other games and hard to move csmra and walk,3,0,1,2015-11-28 11:50:52,,
gp:AOqpTOEXGDxA1T_DUFjGjg4hF3-CoQgRhphlUL_Pdd5l4GhZsR69V7--W4ErpPT4LhcKoeVXeHAqQjLYopa8qg,Philip Sherrill,https://play-lh.googleusercontent.com/a-/AOh14GhX1OkEkVCY8l0TIw0sgZ7RTfE2IxKIfCwgexBf8A,Got bored after 3 minutes,1,1,,2015-11-07 18:57:09,,
gp:AOqpTOGDqRAO2xYp2mpJMBVFvm7tVz99-SDR6VBIAU26zWmqjp4yphSHudbm_P0Ka0g-KpSeP1XaVW_eBt8Inw,Toy Freedy Toy Freedy,https://play-lh.googleusercontent.com/a-/AOh14Gj1VRaMQ-rKV5Qo6M5uCxOrz7zEPrdFiJ9eu45Q,I hate it,1,0,,2015-10-19 07:46:09,,
gp:AOqpTOHl5OLIBILB7JEj6MzcjmFKGice6K7dDalaTGjJjy9Inv6vVHaWz-so1tvb2WJbF-XiPodCCVQSYCFTkA,Antonio Simmons,https://play-lh.googleusercontent.com/-QKSSir1dRuA/AAAAAAAAAAI/AAAAAAAAAAA/AMZuuckTIySM0OzcJCRux1djDO8S0a52dA/photo.jpg,Can u guys plz make an ultimate polor  bear simulator  because the first game I every buyed was 1 of your guys games,5,0,,2015-10-17 15:49:17,,
gp:AOqpTOHe4W2OJEhhWZGubW_ChtM-KujXqRHc4VoB7ruheGiZrWUW4t9W6vC_9M_1luWL9HHQNMPIU7fwIxtbrA,Sophia,https://play-lh.googleusercontent.com/--Zk708UdqGY/AAAAAAAAAAI/AAAAAAAAAAA/AMZuucnGtvKKSnaIooaj2oSKOLAZrSn7ww/photo.jpg,"So so,amazing!So cute to!I love when you get a den and like 3 or 4 cubs because they help you attack other animals like seals,deer,moose wolves its so good!:O I love jumping in the article sea and swimming in there and like...fighting creatures like fish or whales!!!!!!!!!!!!!!And I like it when you pounce and when you swim+attack that's my favourite bit in app!I love changing colours to:).Pls don't make any changes only make more dens,thx.Pls download. So many fantastical  features too.Great fun game thx!!!=-O",5,1,1,2015-10-14 10:34:44,,
gp:AOqpTOGujXQhqssdzlJeYeJLRRQXLr62wvpecWRGtwOjnuk6dTUJIBcdTaAaNNJ31f5EsCdm8XaWMf42JjiX0A,G. Hilliard ツ,https://play-lh.googleusercontent.com/a-/AOh14Gj6S5Madl_g6M87jE2-CLfJwbL_QTmo9J18T_JYuHU,How do u get to water,4,0,1,2015-10-12 19:33:03,,
gp:AOqpTOFuQpfWYxQ_NdVJqkbVOz9SY-MKng4fmJj3hScqWAFROw5DG4ZK-iuP5f46g1LFNTVvqBpuF_36LROnqg,MLP LunaLight,https://play-lh.googleusercontent.com/a-/AOh14Ghj6hBObpL9UVmHb_sUUmbg1aGMTfcV9MZRsIY-2A,"Can you please make a Baby Simulator. This is how I would like it to be: Your just born, so your in a hospital! (At the start you get to choose if you go strait into your mothers arms, or in a incubator). These are the actions: Cry, Throw, Suck, and Grab!!! So, let's get back to what I would like it to be. You also can laugh at level (or age) 2-3 weeks (Which is 2-3 days of playing) and then your first tooth will start to come through when your 10 weeks (10 days) and so on! This a handful of work. Do this x",5,27,1,2015-10-12 15:34:12,,
gp:AOqpTOF29g-dyclnoQ3RFxTSUIELEACSIWLEk6vKT_zl3pF2G7plukH1VscZzmULnOh4RUBs1rSnMS4feKxFHA,Alia Jordan,https://play-lh.googleusercontent.com/-EHDGju7fwa8/AAAAAAAAAAI/AAAAAAAAAAA/AMZuucmWIH54HWGmw75lIcgzLr62TDiZHw/photo.jpg,I was thinking  that maybe you can leave the cubs in the den and the mate and me go to hunt and then there is other polar  bears and we can be friends or enemy's  and maybe if possible  some animals  try to kill the babies  and it zooms into the cub so we know and all 4 of the cubs play together while the mate and i hunt. Update: also when i swim i keep disappearing and cant  get up,5,2,1,2015-10-11 10:44:32,,
gp:AOqpTOELaQLcpBKp4Bl08SYWODF6BSObGEZRuHvds3yt9ZSekaqOaFjcG4fvRKf-HNkr_O-zksOmMcKvSUcFXA,Mais R,https://play-lh.googleusercontent.com/a-/AOh14GgraY6BHAJPxGf-dk5gkc6BaEZ9VILYBIF1UCAuow,AWESOME!!!!,5,0,1,2015-10-10 07:14:40,,
gp:AOqpTOGpu73uUVdKP5OxkUTOU4vO51GzMVJXXqTp7b9aac2jYdD6gKSgIDVrPYL8_dGctjR88wWovVDY8XuKuQ,Ookayy •,https://play-lh.googleusercontent.com/a-/AOh14GhRbglnhjFi_tDbJz9xakHnJHebCjKno8Z45zmzeg,I LOVE THIS GAME IT IS SO FABULOUS PLZ CONTINUE GLUTEN FREE GAMES I LOVE U AND U SHOULD MAKE A HUMMING BIRD ONE TOO,5,0,1,2015-10-09 16:08:41,,
gp:AOqpTOHC5C95lHQU8pAHt5q2-L71TgLpTBqkwnANQHFKjkKcvmxb10m1IQ0ETvVLCA1-tyHBGHQs974MGeEl8A,Tsubaki Tab Chan,https://play-lh.googleusercontent.com/a-/AOh14GgP1bG5uOfGcUaIVg1IykXZxONyTHCYFm5u3ppWFQ,But how do you sleep?,3,0,1,2015-10-09 14:17:12,,
gp:AOqpTOF-8w7xF5T32iPGx6z1aD9nGA2LeW0vGut2MLzz2qVgBUisDu2K999hWhnlY3xfOCA59S3RmPLXT_9MGw,michael geissler,https://play-lh.googleusercontent.com/-AeSkvmAUsO4/AAAAAAAAAAI/AAAAAAAAAAA/AMZuucmS1ZiMk-b66oaX5H41sPJfhyP5sg/photo.jpg,One suggestion have a wild version where you can just approach the animals instead of them attacking us or running off we can just run free,5,0,1,2015-09-26 04:22:37,,
gp:AOqpTOGzlCKkAnWVnUqdFifvXDx5Hgl3XtzkysjoQtBAJ73GUsk9ynV4Fn30Fq1UXkxxMzR9OXgGVYmRoaGH3g,Sky Dillon,https://play-lh.googleusercontent.com/a-/AOh14GgrjcSbtP2N27nek5WavPi6LTA7byShLrzY8NiSPw,"Its a grate game but it needs an option to relocate your den, and needs more not frozen drinking holes, it is a great game but not worth money.",3,0,1,2015-09-25 17:21:54,,
gp:AOqpTOE4DL4wMr1NGgGqdjf12HS-8AQ3mKlRMg-kxf4b9DD72NL2paw73mMaVp63MiiwcwT6-4ql_-HdSVw3uA,Joel Hart,https://play-lh.googleusercontent.com/-JhMGOZORaLE/AAAAAAAAAAI/AAAAAAAAAAA/AMZuucl3BNa7wm4_ZJYE9A-KM3a5zPnXNw/photo.jpg,"It,s awsemmm",5,0,,2015-09-20 14:42:11,,
gp:AOqpTOGFlLMpwcytvjfJSqqwQcg4KGj3MfeBW-EC4sbt6tTc3YnxdCWtlmbcTra9N66jIS3mRkvyOssfBzmV3g,Malachi Weiss,https://play-lh.googleusercontent.com/-Uja5WlEWvnY/AAAAAAAAAAI/AAAAAAAAAAA/AMZuuclgt46TpNccXhrD1fhkQwz93Rt2wg/photo.jpg,Loved it but give better graphics,5,0,1,2015-09-19 04:36:33,,
gp:AOqpTOH1Mo5-59W99DKiKYagWvXx9YtD5dX5P71X0q2k2WU_uEscz9RAD6_xpPmMHodpq_Ttx_iBh4hrkBY5Zg,KJ Jones,https://play-lh.googleusercontent.com/a-/AOh14Ghu6EGukGWA3S2SzwYz1JtUMfuY45cCgOZ1RKiSAQ,I love it,5,0,1,2015-09-15 07:31:14,,
gp:AOqpTOF9SfDFYA_al16enIMn9VyKWnWu7IjrNeh-TFojsfTy4h2piufx0Zm7SxR9vTUeGhRGVPlTyPfEiCZefw,Jamie Griffis,https://play-lh.googleusercontent.com/-AJ2LsI79im8/AAAAAAAAAAI/AAAAAAAAAAA/AMZuucmxyTj7v9b2-jmLzGlnwP3P2tVYDg/photo.jpg,"It's  good  but it needs more animals and more baby  poler bears, I had it, I wasted my money but  yall  can get this game .",3,0,,2015-09-12 06:46:54,,
gp:AOqpTOGySagnWscA3BeBku8hs2c590VvSSErdjCA1CfHdT_ZA5bdyurLtE1BXRTu2NdnvN5c4KxZhphBhN08_A,Matt Crowder,https://play-lh.googleusercontent.com/a-/AOh14Gjenw0oErsCm0880xOGszbvcFapjs0ArLFEV-A3ow,Having trouble changing the in game options. The graphics are way to dark at night. Cant see anything.,2,0,1,2015-09-01 12:42:31,,
gp:AOqpTOEDkAftykOv6BeFZLH8vPEuP-xjUCU7VdvMBzG7_nMOuSJAp1gcqNf4XVC8l7dDzcgfpcH-9lGF4E7JLg,Rube Yates,https://play-lh.googleusercontent.com/a-/AOh14Gjfj3KdsDyXQJyMZVT2Q55QLJ88lvsjNUwcWM3jHQ,There is a heart on the map but no mate when I go there. Please fix this.,4,0,,2015-09-01 12:04:38,,
gp:AOqpTOEyGQwXHTfnkM6Rh9aS6u0XC1lDPtDe0cZQcG22kLd0F7BEUNv1lH_cVtFMvzqZ9l72r-H52X9vzY8Xdw,shosho mm,https://play-lh.googleusercontent.com/a-/AOh14GjogvDqwSpwWZNSQTOy7XCLKZ-1cKoBhdl6HHgR0A,Mohqmmed,5,0,1,2015-08-09 13:08:37,,
gp:AOqpTOERisAwo4tW-iRvT7PR2BSFVYZ89t2786fVKgvTJYlkyBR8uXa-2M9g2ZGKXZ0FDXt9YLBAxYhNUXA8hg,Cohen Bane,https://play-lh.googleusercontent.com/-edz7WtJZV94/AAAAAAAAAAI/AAAAAAAAAAA/AMZuuckCTG0diacMT_h1s1w-RdaEd0P8uw/photo.jpg,Loved,5,0,1,2015-07-07 17:25:16,,
gp:AOqpTOFsowNGQknLXCsWAzrTPuSSEacvAnyzsMHBRjcrald5A-JaVS-ZzpSI_xYGTbxl_oGB83BTGIFEMntDgw,minty. //,https://play-lh.googleusercontent.com/a-/AOh14GijTRex5XlNJlg8M-5zjjz12ZuC0xx_vDdN4y2OUg,Can you make seal sim,5,0,1,2015-07-02 17:38:58,,
gp:AOqpTOFcQy3qftWjhEaW5u4KXfUVfFGH3skutfekbRorXqpIX527lQojLqbx4WsbNxsaTBugLtEw-59VV6QMiw,Elena von Hardenberg,https://play-lh.googleusercontent.com/a-/AOh14Gjpfy3E-oT_PsRCYzbbJw2x02Ri_-f3Ae4_q-a9yw,"My favorite one 😀 I still think you need another dinosaur sim and a unicorn sim in a magical world ;o I like games that are mythical and new and full of surprises. Also, how about seasons?",5,0,1,2015-06-23 15:31:13,,
gp:AOqpTOFwvCOuOXtehOLk2ZlCYYYrNXbyE6EGMFzbvns8OiedVALG111YIp2h3OKXiFRo7fJo70V1n_Qqx0F0PA,Kenzie Rust,https://play-lh.googleusercontent.com/-VjO7leIeniE/AAAAAAAAAAI/AAAAAAAAAAA/AMZuuckDFdACjHjCDy4y9EyoLsxSRowS6A/photo.jpg,I LOVE all your games. Can you make a monkey simulator please. Thanks.,5,2,1,2015-06-21 11:52:07,,
gp:AOqpTOF65rZRNo47WMY4Z1q8CWB0vrR5tM_yGSOrJltExoGgqiYRKc4fEc3arh-EZfC1C8UoIvvTncKVuV7Gyg,sunflower,https://play-lh.googleusercontent.com/a-/AOh14Gjax2T9BCt6K8TiFWdzMeBXh46vNJG-LWSBUO8t7w,Maybe you could add a small town with houses and some roads near the beach. There could be trash cans behind each house that you can eat from maybe. Thats what you would have to do to make me give you five stars!,3,0,1,2015-06-19 05:23:54,,
gp:AOqpTOHF4dJlBzU4y6wRV7Pacbvtr7niF_2n9-gs6S-GcfapQrMH29VjpjgqmYeGC9VUDm_25spf7zDfUyMe4A,Donyae,https://play-lh.googleusercontent.com/a-/AOh14Gh26KXecEe9pv8t2n35m2iuVKKY5eT8z5Z_56g8Yg,I am only 10 and I have almost all of your games (25 to be exact) good job gluten Free games I love that there are dinosaurs frozen in the ice dinosaurs!!!!!,5,1,1,2015-06-10 15:11:37,,
gp:AOqpTOGaiS4L_7S1KIH5P2CheAGgTeWy8EbterpZe1BZhohZSitYl7C6jFN9PQmHvgB9cHcvZnb89CU8nuJ-ig,Paul Crichton,https://play-lh.googleusercontent.com/a-/AOh14GiVC7nA8LDadouIre_04QXbXX4gaj6AKIMgfc1ypGo,Love all of these gluten free simulation games. But I really love polar bears,5,0,1,2015-06-07 21:41:37,,
gp:AOqpTOHyvGShn1vd-7wDxhw8cosXmWxch4096wzYWXZVKSY0do_fFZHyOKliWsfXlI3AuUS0J2NYNG-PW3SCkg,sadia zairoodin,https://play-lh.googleusercontent.com/-JMdX8SGp8Zc/AAAAAAAAAAI/AAAAAAAAAAA/AMZuucl81XLa8c8vx2X0777uFongyPTU4Q/photo.jpg,It's awesome and i almost have all or ur guys games,5,0,1,2015-06-06 02:38:39,,
gp:AOqpTOGUNarCg3DGZy9GiG7qZ12EKKdQ7ga96Mfs5uMNEu8UyAcd4zt-YM6oI1gjD8MfijpU8_erYGXDqPB2BA,brian dunn,https://play-lh.googleusercontent.com/-iVbi2AK38tE/AAAAAAAAAAI/AAAAAAAAAAA/AMZuucmu0MP5EFkzbKeTyx6CPPfEJf3bpw/photo.jpg,The graphics look awesome. Do you think u can make a manta ray simulator,5,0,1,2015-05-31 15:07:46,,
gp:AOqpTOFej15RkcFjIopo3oWpmMIVlJkZ1RO55Elx0VZ-W_BozchS97Q5FreV02e7wuvELj2QpfDwZvDLvwDjTQ,yoink,https://play-lh.googleusercontent.com/a-/AOh14GgRfMAVGc6AFnEkq_NC6zB3cLrw8IuUNWu5NVNS0mQ,"This is one of the best simulators you have ever made, not only because you can go underwater, but because you made it. You make the best simulators on earth, and I have a simulator suggestion. Can you make a llama simulator? It would mean so much to me! Ok thx bai. ~✌😘",5,3,1,2015-05-31 14:18:59,,
gp:AOqpTOGrZZxUEyO76BUOfXkunSKOp5j_OuQRMHiFW0oh0AQiZ5hhiz2Kgqh5R2qqrQPJ457ya8lk3iTPCA_ssg,jan McLay,https://play-lh.googleusercontent.com/-h6FEoiZhEOw/AAAAAAAAAAI/AAAAAAAAAAA/AMZuuclrQ31mHhT2K_I5Czs3mkYCeLdj9A/photo.jpg,Awesome,5,0,1,2015-05-28 17:32:31,,
gp:AOqpTOHDdwA8S-psLjwalxtRt7sWFY2Ms_Db9NIQuHMlMguYl2uIbkf3OmdW4Ki-IunqGL3nPLj1w0h0VoAYxQ,Mittens Georgia,https://play-lh.googleusercontent.com/a-/AOh14GiwkyKles1bwPTB8E9EkIOBeR0UPCn-4_91qo0jg-g,This game is awesome! My sister has wolf simulator and it has different back grounds. I want back grounds to be in all the gluten free games. But I still really love polar bear simulator.The cubs are so cute!,5,0,1,2015-05-25 04:31:53,,
gp:AOqpTOGJlHEqhDJkbEO_nDE9lMZovsS3xecCIWdO7i43gV49oG4sNAdM9T6WF9YW7ogWutrDqzeSclPa0pjMkg,Kelsey Walter,https://play-lh.googleusercontent.com/a-/AOh14GjJYO0IlhTU7CdzGWuTW-Oa-SEo1-JNqVHn4ikzrw,This is so epic......I love i!! What's even more epic is the ocean you can go into!!!! Keep up the spectacular work! Oh is it possible you could make a phoenix simulator?  Just curious. Thanks for everything you do!!!!,5,2,1,2015-05-22 14:59:19,,
gp:AOqpTOF3Qu0aplWywEHzjjsNMg7UFesb-Ke5hr6FuUVOdZ8yIG-auahF7K5h8JMJBxU8OY3enHoHOznikgPMAw,Olivia Byheway,https://play-lh.googleusercontent.com/-WePZZgeJYA4/AAAAAAAAAAI/AAAAAAAAAAA/AMZuuclaXeIZ-_69SgK28dm_PnZO4rRcxw/photo.jpg,Pls could you do a huming bird simulator,5,0,,2015-05-19 07:53:47,,
gp:AOqpTOFxcaw1cP2Jz4EhoF9ps_cWp6iVPZlAbl5XyxO0OjwrDmVeiiyuNlVMtKn6tyXcK4XkfLehUoUQe2YQyw,izzy,https://play-lh.googleusercontent.com/a-/AOh14GjlDaCqbClQr0d6eKKLQdWMJrcxqFUVeSPDq2cuJQ,"May I make a suggestion? When the water is frozen when you jump on it I think it should break because in real life that is what would happen right?? And one more thing, there should b eskimos like in the cat game with spears and things and the polar bears should be able to snoop around in the igloos! Thanks for considering and btw I think ALL of your simulators are awesome!",5,21,1,2015-05-11 13:22:58,,
gp:AOqpTOFYtaErJf9kZDYXP78jRfKU7jaesKM-owH8S6R7caYCpSEZFdv7KQS5UXJ_vapY0LbOfyKXj2Lc6VN2xg,A Google user,https://play-lh.googleusercontent.com/EGemoI2NTXmTsBVtJqk8jxF9rh8ApRWfsIMQSt2uE4OcpQqbFu7f7NbTK05lx80nuSijCz7sc3a277R67g,"Please make a flying squirrel sim, peacock sim, woodpecker sim, swan sim, raccoon sim and lemur sim",5,0,1,2015-05-08 07:49:28,,
gp:AOqpTOH_L94s_DHtw-NAK_HSCrbh4aG58ps1I7Jqqn3dhZzZj5zXUGNpyhCr3kNPlU8YSUgTpnAnu9I0F5Rceg,Møūrnîng Døvês,https://play-lh.googleusercontent.com/a-/AOh14GgGO1PzVl892b1-EisVJsm_ghThfBLLFTqKQ5WLlQ,Make a penguin sim,5,1,1,2015-05-04 18:05:51,,
gp:AOqpTOEvEuRiGcv7b0uNLpB_b8lkqgkLkKcq2l8kFG7Q0DK6QOUq4jiB3aI97VjaYtyFzmngphaxjcyjV-5sWQ,Rocky DD,https://play-lh.googleusercontent.com/a-/AOh14GjRqI5bezfxfUAdQPUjX4_Blma2tqg8SekWRKMu,It is so real its like I can touch it I just love it sooooooooooooooooooooooooooooooo much,5,0,1,2015-05-02 09:59:38,,
gp:AOqpTOEUrZbZEfS_CSPEanaHU9D37QfuiR_MFz0U2gHtJwg1cRKy1TuP-GURQoPQrG4KX_CmmmnGYkFGtc1H0A,Fluttershy Lyman,https://play-lh.googleusercontent.com/-NozXlH430lM/AAAAAAAAAAI/AAAAAAAAAAA/AMZuuclw9iYMLz2_CpA0nnYi7N0MfHUd8A/photo.jpg,"Can you please add mates though? I have been trying to find one for so long! And there should be multiplayer. But awesome game, recommend it to ages 7-107. And also, it is too hard to turn and you should be able to break ice.",5,0,1,2015-04-25 09:02:15,,
gp:AOqpTOELovp9sA3A9YqIjJ_bDPm_K_i-q0g_b9wZ5ncZbVKGTtQ0qrKEp9Jx_fVrQVJpaHXZ1oi7KSRuvfiTIg,Helen Frayn,https://play-lh.googleusercontent.com/-R8SphAVDr2U/AAAAAAAAAAI/AAAAAAAAAAA/AMZuucnD2my3N4ujQ3b-cEg-CGupdidS8g/photo.jpg,How do you go under water and when is your next game coming out ???:-P :-P :-P,3,0,1,2015-04-24 11:54:09,,
gp:AOqpTOFHY2hcyrSBWh04TSuG1P4EYZwGA-3yDx5Ddbi4NuVJjCxnM-sATk-1tEasfQcSBxseJU_YJnDwdAIXdQ,Dana Johnson,https://play-lh.googleusercontent.com/a-/AOh14GhEnwTAk9LCpbSb3F86Mpl3m2Z4B3H0zr4mfNMzyQ,"I couldn't believe my eyes at what I was playing.. This game, is the best game in the entire appstore!",5,0,,2015-04-20 17:24:03,,
gp:AOqpTOEcDMdc3pheF42_ty9yjcpAMj-2XHpkTkD8GlMxS3utXmOghPACojFB_T-y0fdiP1EG6BZKObakYhe2xw,coco cat,https://play-lh.googleusercontent.com/a-/AOh14GgMMBGP6EaMqbOp6X4BxVhcoXmPu3Vp1dIBTtaT,Wow this is the best game ever one problem though my food is disappearing,5,6,1,2015-04-14 06:59:25,,
gp:AOqpTOHSYPNao4J3gt1s-SoSCY97XXcwQUxWIolxKF8XtYMioTgZBdcterkJx0a5ON0nU62fleATzx-VEu8Avg,Mary Maxon,https://play-lh.googleusercontent.com/-_r6zdX-Gmm8/AAAAAAAAAAI/AAAAAAAAAAA/AMZuucmLFA1kpcH3vBzJaCiYKC-vum099w/photo.jpg,"This game is really fun. But I found some glitch. Some of the animals are walking sideways and when attack they sometimes end up  upside down on top of the polar bear. And sometimes when the bear is in chase the animal being chase dissapers in the snow . but other than that the game has beautiful graphics, pls fix the bugs :-) ohh and the ice cave , FREAKEN AWESOME!!!    Question, when will I run into another polar bear??? And have cubs??",4,0,,2015-04-13 14:15:22,,
gp:AOqpTOGpqmIASNjfBf5J3AKkaX3BOlBoyRCCKxIkFa6w--gtTdJw9F9BA4LXMRuYTvkfBFmUbTI1JKSK99RQ8w,Mega Kof,https://play-lh.googleusercontent.com/-oPDIsFyuet0/AAAAAAAAAAI/AAAAAAAAAAA/AMZuuck03_f0FJiE_NnQb3nwg3-DsbM4XA/photo.jpg,Make zebra Sim,5,1,1,2015-04-10 10:27:27,,
gp:AOqpTOHT4JU3pl3IibE1WlElyTug-StFSnUckwWfJ2J-VoE5MKOTXhS_3n-mFenol_vjE_TrvS01apygEDaNMg,Taryn Suess,https://play-lh.googleusercontent.com/-A4dk2vtiYnU/AAAAAAAAAAI/AAAAAAAAAAA/AMZuucml7PktVlEhkD99aW_Q4bJG40TrLA/photo.jpg,This game is amazing but i have 1 problem it says u can have cubs but.....how do you get them?,5,0,1,2015-04-07 06:00:16,,
gp:AOqpTOGjMpKpeSpFhblOC4t-YStOO3KDhMETpn2EyMdrLK4t8doErm6HJj8rOYdd43XWiirCCb-OWONI3VBZMw,Laura Schmitt,https://play-lh.googleusercontent.com/a-/AOh14Gjg9gT2MiBKgqM6WZyx68Kfe5bIE8w2S558xdR62Q,Great! ★★★★★ =3,5,0,1,2015-04-05 15:35:45,,
gp:AOqpTOHe5N6CDcgpc5bg8VPES5YOBFn-QUZjk78XVLBsV2JCT4dLJbF2GOq3qdVV_Q_F-a3VlNvaKp74lwZOXQ,Richard Peterson,https://play-lh.googleusercontent.com/-1_dksdS-Kgw/AAAAAAAAAAI/AAAAAAAAAAA/AMZuucl-8ZEH525kh8Me0Ofvpe_kqlQCxg/photo.jpg,I would love it if you could make a seal and monkey sim it would be amazing  this game is great but the fish glitch and get stuck in the sea floor otherwise it is a great game thx-,5,1,1,2015-04-01 07:59:44,,
gp:AOqpTOFbBKmoXYQ0hOU33oCPQTcLAzUiR4Uz1GyVXkj_N5bcvI00Z-PmbkZbBXKbi3lUqhjgPqanN0y_kvoJbA,Ryleeelizabeth Shimon,https://play-lh.googleusercontent.com/-QJVJtraKWh8/AAAAAAAAAAI/AAAAAAAAAAA/AMZuucnms9v0MWdwd-JEefZEZEar1T6fnQ/photo.jpg,Its so fun I love to play it,5,0,1,2015-03-27 19:57:04,,
gp:AOqpTOEkAqd2wSt8L7DEcbelb1gmQm0DIaDRdYLFRPMeKOyGVjDacraeiyDj3olr7N6q8HvSFMlI7zN15_SH2w,NicoleTowns1,https://play-lh.googleusercontent.com/-MgWXdx6X05o/AAAAAAAAAAI/AAAAAAAAAAA/AMZuuclaFaxhQm4Vaor48FLhK6nZV6zckQ/photo.jpg,Make a bee sim plz thanks,5,0,1,2015-03-22 09:31:00,,
gp:AOqpTOH6c24sSy6czdlD8e9r1jwNpdTUfyF6oKfT_D_13puV35p2Tmf32jobJXWJgWnLQqhnSgbBpo6ldDwb6g,Lucy Ford,https://play-lh.googleusercontent.com/-T1vgHghoqHk/AAAAAAAAAAI/AAAAAAAAAAA/AMZuuckrcpLmT-Caz87ROXCb2ge7iEyVCQ/photo.jpg,"AWESOME, This is the best animal sim game you guys made yet!!!! I think it would be cool to see you guys make a multiplayer animal simulator game!!!!",5,0,,2015-03-21 20:53:01,,
gp:AOqpTOGUkX779OonfUTuWQBJ2dvywf4evazefKnAOKRG5V0Sp51_b71cdXJDSJfU33XtiL8aRIybK7w6oAMdAg,Cadburi _,https://play-lh.googleusercontent.com/a-/AOh14Ggnx_ppZFDLCIdZ4QQ7FjbQTkNaIrjB133wx_9lPA,Can you make more games like meerkat simulator i love it if you do that,4,1,1,2015-03-21 12:13:50,,
gp:AOqpTOF28EAmuQfIxadYhhmAFp4P0QCbBwdzphLJG0-zAqEyQkvbGDkAvtT9vW9r-FsyvworJlf7r4n27E-_Hw,E E,https://play-lh.googleusercontent.com/a-/AOh14GjFom5U6XWKrJNTeS7IrYksQm-sB-9c7LWLipjQIQ,"Its so adventurous. I was just in a cave made of ice and i saw frozen prehistoric creatures, it was amazing. I also like the fact that the polar bears get to go deep in the ocean and hunt. Keep up the good work.",5,0,1,2015-03-21 08:47:41,,
gp:AOqpTOE0uFSXbNMKKW_ewunNanZeSGSJDRgxmVOyxChHDPLj_C6P58RuxA8bSrkzF0SYH9uaEw_MAD1TgKq0_Q,Jami Jones,https://play-lh.googleusercontent.com/a-/AOh14Ghq0UMwBg0buE3shgspyNao2Qr5FotjTAcTWVo2-g,Must get! I own other simulators but this one is best. There are prehistoric creatures frozen in ice. I love all your games and maybe make a tree frog one!😀😀😀😀😀😀🐱🐱🐱🐱🐱🐹🐁🐦I hope you reply!,5,0,1,2015-03-20 18:41:16,,
gp:AOqpTOEGzK7oyOMWd4hMGql_6z3X4f81mALAjGo6PwaofIO7LjsboTyoKSC_VvlWpa5FZm5u6qjq1Rn4lzr9_g,Melissa Castenholz,https://play-lh.googleusercontent.com/a-/AOh14GgvR-DPa7hON9WbUxsqwGnC5YyHJGLjmNz9Inq2,Gluten Free this is a good question is it possible to release the Dino's and giant squids? Respond if that is possible or you can do that. I hope you respond to that great question!,5,0,1,2015-03-19 13:48:08,,
gp:AOqpTOG09VzZoiKLoXXbj_qVTEh91RPj_UNBccMLjP4wrdUS_Y3VNJ5yDKmZUqC4fJCGkfeBb4LslOetqoM3oA,Cheynne Munoz,https://play-lh.googleusercontent.com/-I7pHB8p2U2Q/AAAAAAAAAAI/AAAAAAAAAAA/AMZuucld3fZuQuReMQ3bMq1A38HLbE-c3Q/photo.jpg,It is alsome,5,0,1,2015-03-19 11:08:42,,
gp:AOqpTOEI3FPoyhZ9Ciiqv1t6IgZKxyEfOAtJgsXZ0rBpDHVzY-pUbeYQ8nZtl2R96A5tHhu2fuMh6aXnzKdpXA,Cameron Funderburk,https://play-lh.googleusercontent.com/-OlWp9pfsTi4/AAAAAAAAAAI/AAAAAAAAAAA/AMZuuckh2CwfvT6c0wHwFE_7vbGbDcp8tg/photo.jpg,A liger is a male lion and a female tiger a liger us real and is also the biggest cat in the world nobody will challenge a liger PS please respond make to wear a lion and a tiger territory overlaps and make it to where a liger can hunt any animal in the world please please please please awnser I'm 10,5,0,1,2015-03-18 13:57:52,,
gp:AOqpTOGaSx0wBQJL9AhQiMp5xaTdISajphThdSD0MxnYzKJkwOMOq6vLV5xunX1OXO1ZzXdlui-ZXYcGg_W-Cw,Torr Gauld,https://play-lh.googleusercontent.com/a-/AOh14GhVFdjrOkh6sCEiyFGwQz-MuY41byk4HSTDzUuMSw,"Get it, it is the best app ever",5,0,1,2015-03-18 13:39:44,,
gp:AOqpTOHCa-chhgmc73Q97YWTBT35X2BWG8dPvh9MrDrOUze48EBfkvw4pMu1yPUPjNMUtJmh-xXYBWzvCUpveg,Ellen Kelso,https://play-lh.googleusercontent.com/-_Nb2kRhJBfA/AAAAAAAAAAI/AAAAAAAAAAA/AMZuuclJV3ACJLSiBGccTRvKd48ozWZesA/photo.jpg,So awesome and cute plus its really easy p.s to the girls you have to be a boy polar bear but you get a mate and have for cubs,5,0,1,2015-03-17 01:38:03,,
gp:AOqpTOHUdjFdtOAVZjf2_HFMaR_wzTbDVli0I6ISlH0jJ9Sepf-C7XdI2Bw3x3zz9QfGVn_2ZOC5W6D87T4MjQ,Jamie Branch,https://play-lh.googleusercontent.com/a-/AOh14GitJd_jWIv5on-9aaV-z_Clei3mfI8T-vjh0sP8EQ,I thought it was great you should try it,5,0,1,2015-03-15 16:14:09,,
gp:AOqpTOHr_RPjBsdgxxMbu8JepOd-LwDApyqXD_aZPmpm6xe3dPGjsY_PR0cWhFf4oMLNbLdIMTsxSKIeulM19w,Chelsea Rose,https://play-lh.googleusercontent.com/a-/AOh14GhCgodFR9uOpTYm5B3wYWYs5AJfI-B6GlrJ14eN,The background glitches plz fix,3,1,1,2015-03-15 07:28:36,,
gp:AOqpTOGe4U3jzPANCCfJn8W5ALXabiTB-YwKwuLQyCXbnJfRqxcRbsYwWWy3hSqt_o0dhrkKtl4q78B1yTOwDQ,Bryony Reason,https://play-lh.googleusercontent.com/a-/AOh14Gg7Kdwl30AHP97AWI52SHYU7sCrtMtzsMzwxl9d,I love it,5,0,1,2015-03-14 06:10:23,,
gp:AOqpTOGtFLPN2Bpo-cok3EeoV_05QZKgpkJn6O-iUi0Rl-E6ppBBNNrkD2HpRnHl_1AdC8TMECKewKIE_r_0vg,andrew dodge,https://play-lh.googleusercontent.com/-Sn23ZcNuUi0/AAAAAAAAAAI/AAAAAAAAAAA/AMZuucl65k4YlKUyLJ7iiXUpl6GsDkTFCQ/photo.jpg,Its awsome,5,0,1,2015-03-12 04:37:54,,
gp:AOqpTOFIAX5nvezk3uJDh1nYuNR2m_QVjyiIECoumSGCUN1Ov3T3McdT3gnu-lxmNwmIQ4Fh4Mn8NeHNZZ_o6Q,Vent_With_Fury,https://play-lh.googleusercontent.com/a-/AOh14Gh2OfmONAhvbekIEPlT-6Iip8-P__SxzMjz_HyPNA,"Make a cat sim pls.ps,love your work on all your simulators",5,1,1,2015-03-07 18:07:45,,
gp:AOqpTOHvW7bM5hxdQF5nqbll8vHI5OESsr_WwgMqvgbO1jubJ74_kn_I8UXqPQp9oyB4aGY66qFWtiFoeInHpA,wyatt!!,https://play-lh.googleusercontent.com/a-/AOh14GgbqXONt9Axtr_dVQjUG3aTdS42v-mmtvFim4xS5Q,"When I was eating a moose, it stood up XD",5,1,1,2015-03-05 17:33:47,,
gp:AOqpTOFv7g-8M6tPSekfLnawKtB1Gj66hlh4ZQOxT-V9bQdScq2OEl-wjUaNWrDobdzkpRqZ1NdHSu16nCh47Q,Natalie Franco,https://play-lh.googleusercontent.com/-EoSuLgyna_c/AAAAAAAAAAI/AAAAAAAAAAA/AMZuucnzerNFuU2iqsAqWvOD1Q0EeCD64g/photo.jpg,Needs to download fast!!!!!!!!!!!!!!,1,0,1,2015-03-02 16:21:37,,
gp:AOqpTOGEAOvR-XxBEwY3SxSUrSAlMCN-sUE1v8oaNmVFMMEMqvJLJXfPnhb0rzq_34VEjOrPF9-tP1-tB3sDDA,Da Comedy Show,https://play-lh.googleusercontent.com/a-/AOh14Gix5s4RdhHVwMRNsXSxesUWRh4RWenUGFu2nmm4Ow,I love it so much,5,0,,2015-03-02 15:10:25,,
gp:AOqpTOFeVsnpTtpZcJQNk92KE_657bZFf4_-UeOqGKt-kgR2sQdg-SlKGrunyAxB3yzYwWAqLWAdOOM2Gm4h7w,samantha jackson,https://play-lh.googleusercontent.com/a-/AOh14GiG4uAwnZteMUg6XV2nYiDHH_IQqtMXiP4fVurJ,THIS THE BEST GAME I EVER HAD :D,5,0,1,2015-03-02 12:54:13,,
gp:AOqpTOHuQ2KBrbfqFgKSauXgCM8WXj0PduazqueXWGDxU3R7NKzRgRmRy5ZvbLI5WagBYMI6a1NCEPD4LEP4ng,Alessandra Eva Trotman-Hyde,https://play-lh.googleusercontent.com/-UU-4HsaSQcc/AAAAAAAAAAI/AAAAAAAAAAA/AMZuucnQoJxjZCWtMDibUACiWFOZpSWu0Q/photo.jpg,I loved it😁,5,0,1,2015-03-02 10:42:28,,
gp:AOqpTOEx-vOVDqK8Z5-rzK_wOrCPAyCf153bf9hR4jFtA2kpo1QLmO2klxmjciNyIgJW9ic4gT_ELhCWQmoUlQ,Usefulcanine 19,https://play-lh.googleusercontent.com/a-/AOh14GhnMiI7gtta-RI3oucFAPm2766ENAGxEgvfoSO8rg,"It's okay but it can do better. I tried carrying an animal to the cave and it disappeared halfway there's. GLUTEN FREE GAMES,please let the  polar bear carry animals into the cave.",5,0,1,2015-03-02 05:40:03,,
gp:AOqpTOE2LGSuDKLo9OviqQpbTg7y2qlbU8Pvozz5LA8cbynF6dlWCCW3YqfwSt9oA1eeou8X7lisaGBbAgfZCQ,Tiffani Clarke,https://play-lh.googleusercontent.com/-z4nwu4rl2qQ/AAAAAAAAAAI/AAAAAAAAAAA/AMZuuclnYiTwM8jGi3QGPN9D9xl5ZvlZYg/photo.jpg,This game is so cool its like playing stray dog simulator,5,0,1,2015-02-28 20:38:12,,
gp:AOqpTOGlYSHYLGlYbeoXNiIz3VRBXB0DTvw0TdOkKGE0AMPmtXDosBI3NCxhCEJ47fkEmP0At1KKiLfPKlGJDQ,D MAN,https://play-lh.googleusercontent.com/--cvoB2KfHKg/AAAAAAAAAAI/AAAAAAAAAAA/AMZuuclSR3MExA8LHnJi2N2jkkC8pxleyQ/photo.jpg,Is a hyena simulator the next or could you make it the next one please reply,5,2,1,2015-02-28 14:39:39,,
gp:AOqpTOFjvPxhnAQpUatVP6pTo3ABZgoLWolorbAnycWMoN44w3lN1ul04_3G-xO9CJR1NJYBivBYrKhTC6mXcQ,Tyrel Brown,https://play-lh.googleusercontent.com/-hq5tlDhQO5Y/AAAAAAAAAAI/AAAAAAAAAAA/AMZuucnDVD7rkwi1iwKR1IUsUfK22yM4jA/photo.jpg,I love this because you can fight in battles swim raise your family and have a good home. Carry food and eat it. Bond with your family. Also roar and have fun,5,0,1,2015-02-27 04:43:51,,
gp:AOqpTOHCsZdWMscyLLJJmePoNu2cmWRnUtEGbkCRrl3o4W_HkTb7jdLTD0Q31veVt8Aze0PaDe4s3Jhrjs0-kw,Sloan Dietterick,https://play-lh.googleusercontent.com/a-/AOh14Gi9ltVVSphDM162r2bpgTL8W8RfSdROyqJnqYRQ,"It's my 1st of your games and I love it, but the controls on the left side are hard 2 keep control of. If the control would be smoother, I would definitely give 5 stars. It's just a little frustrating when I keep getting stuck in something and cant get out.",4,3,1,2015-02-26 15:16:07,,
gp:AOqpTOFF7SMuvV9MNvPooOxjOS_Lyd7aFEJoBpd_grWM0rPbKYN0F74Qretjw9hpKGtoVtWBDuJrM_09jK1IMQ,Gerardo Vazqudz,https://play-lh.googleusercontent.com/-2J4TulKiSOM/AAAAAAAAAAI/AAAAAAAAAAA/AMZuuclnqU2k9TwT1FxvSHhlos1-m_pGDw/photo.jpg,If you  swim you  can't  drink  so it long,4,0,,2015-02-22 06:58:19,,
gp:AOqpTOHMRWb0srL8JDFnJEtIv5v-3_INuL50ZCdOh6j8o1G5hlKcEQL3AY-6mlAeSCjCoJNZL8kALyK2BJrsFQ,Melissa Delgado,https://play-lh.googleusercontent.com/a-/AOh14GgJ6xtkRNnsjZOWXKaB5jedtasYeAg9IvLtJlV7sA,Plzplzplzplzplz make some type of fish sim or anything that breaths water sim.oh and I love  it,5,0,1,2015-02-22 05:52:01,,
gp:AOqpTOHI2u_mTrrO2JWb_c0hWYhwfXQsS1q65NkXaaBcS1Hza2IPBlLEqwwO0YwrE0om5ijrT1gtCE8g9JSxyw,Poppy Clarke,https://play-lh.googleusercontent.com/-AUwzB1Ny_OU/AAAAAAAAAAI/AAAAAAAAP10/AMZuuck2Ole8CZ5OGVG5LXa__59HjI9NYg/photo.jpg,"I think you should make these simulators: rat/mouse, cat/house cat, penguin, falcon, update the fox simulator, =)",4,0,1,2015-02-22 03:07:36,,
gp:AOqpTOEVOgIh98mwgormZMxeIG5bGy_v6s8YkdzectaJ6MQBDVteBDErbwOAxE65_ybCBA0NhNW4Xcb_tBGwGQ,Ashley Bodyk,https://play-lh.googleusercontent.com/-KH-B55HtDI0/AAAAAAAAAAI/AAAAAAAAAAA/AMZuuckpGCE-z44ols9jZGS7SkMIs2yISA/photo.jpg,"Wow I liked this polar bear simulator because of the underwater ability there was orcas , whales , fish , seals , and bubbles . I also think the snow den is great for the game .",4,0,1,2015-02-20 19:51:08,,
gp:AOqpTOHrRIWi08Mp6ySkZRmyXPRGveuMB0yoIrkpTS5PlUBh-j_D_yDvex8FgNlr1rr2YjOKbTCYAWf2cdU6lw,leah w,https://play-lh.googleusercontent.com/a-/AOh14GhRXjNqSypLQCUOxrQsen_4LrPJzHAz2-iqjH7Ecg,"I have a range of different simulation games such as: fox sim, wolf sim, eagle sim, tiger sim, horse sim and cheetah sim and by far the polar bear sim is the best. I love this game! I definitely recommend it. :-)",5,0,1,2015-02-20 02:52:26,,
gp:AOqpTOHujV_kJnMaIFgn_RiQR-qeLp8hYdSrHMu-5gJYcAwKhWoVYEYe-T_v6X0MB74LcmO_wpTNM-cTTuIFFA,Gerald Xeno,https://play-lh.googleusercontent.com/a-/AOh14Gj5caCZmcdYOuXc0ShfKeFzc87yrvOJLmTfihQaIw,Plz plz plzzzzz make a toothless sim because i love toothless and u guys make the best games and i thought why not ask them to make a toothless sim and ps the iceburg was a great idea at firs i thought it was a pond but when i went in side i freaked out because i saw a giant perestoric fish i dont remember the name but i was afraid to go ferther because i thought i would see meglodon and im scared of him :/.....but any was keep making those games because i love them and can u guys add multi player cause i dont like playing alone but keep up the good work gg ^_^,5,7,1,2015-02-19 13:17:57,,
gp:AOqpTOFsv3aRXlxnvMqYr7vKI9olwgPWSdEc155bi51ljkRq94E6tO80UD9k3tHd4y4JGhDW0b5AoOhmXUnWqw,albietross,https://play-lh.googleusercontent.com/a-/AOh14Gjhjz7KAMTQw6QVo2RTZYNeRcCt3Z0GgrFy0mlu,Bbbbbbbbaaaaaaaaaďdddddddddddd,1,0,1,2015-02-19 07:54:01,,
gp:AOqpTOHOaNVwwOt_Spy5bTCSnx4Td6UsQ2cva0Z3Mq8E7j86Pd64ZXfeb0-Vva27nbWws-ZmoSWhW6i2tt3E6Q,lensole,https://play-lh.googleusercontent.com/a-/AOh14GhLxJYp6h0rpGzMLC21AIW-UeOxLSXpbYu9HueYEg,"I friking love the ice chamber with the prehistoric creatures in the walls and floor!!!!!!!!! If anyone else wants to see this look on the map and in the middle of the sea you have to see this!!!!!! (Look around the ice chamber to find the entrance) I think its a great idea can you gluten free games, reply pleeeeeeeeeeeeeeeeeeeeeeeeeeeeessssssssssssse",5,0,1,2015-02-19 02:22:57,,
gp:AOqpTOE8jaN0mpHJPq4MRWNoMXFH8hTC4ncZDlo3WF-7GiC9Dugyddo0p9u-elt2j_-HMEFZMRRijwMyderRhQ,Amarnie,https://play-lh.googleusercontent.com/a-/AOh14Ghlfn5hfY7NXtANATZet-DyYGYQlAlbf2ktE8F7xQ,You shold add an ability to break ice because the ice castle/lair thing has alot of creatures that have ablitys tobe awesome creatures that you can battle,3,0,1,2015-02-17 21:37:24,,
gp:AOqpTOFSNBO_y0IFfxEV52c8N-qtccz2BGykFHL6A3675MHzuIzPJcI6jxw513TlbwYg9SsEF-1Tv_ZYs-QZ9A,Mr Bow,https://play-lh.googleusercontent.com/a-/AOh14GhFsK9n4sEh-Dfgx9AtUtFXNdRFTNmIS0VrWH4y,This is the dumbest  game I have ever played it has bad controls the pouncing sucks and if you wait to long you can't get a refund this game is just horrible,1,0,1,2015-02-17 18:23:16,,
gp:AOqpTOFid3BxeD3jlB_M9G6GqPnMSweJNo1C8lS6pK3iZRFikCxhMbdAfWubeDKJWiMHNNjk1ZhG0hOWo3QWcw,Ciara,https://play-lh.googleusercontent.com/a-/AOh14GgORsYwMA7yjzPB52WyxvV5BxqpI_U3oTIK5zqQvA,I love it even more than dog simulator,5,1,1,2015-02-17 11:14:58,,
gp:AOqpTOHE1QFzMFWc0Xj6qfPqkJOTz8DOVCg0YOO9KxTkLJJk_ASSMOOXQ8MJ_a5ugs1Ka2oYDL8m-KfXWfki_A,lily willson,https://play-lh.googleusercontent.com/a-/AOh14GhyWtXSIg5AvWlON0sI9dkq51eKFpfYt7jzvRkeAg,Sarah of course u can open it my sister can open it,5,0,1,2015-02-17 00:54:14,,
gp:AOqpTOGFIAd6etkWUYgZ2zLwKUeGG7rBenwNkzy1KcJ0aLEkiVd7aNJ2ex4ApjWZJYtk_iBcJLfabgttOA-8fg,Sabrina Villavicencio,https://play-lh.googleusercontent.com/a-/AOh14GjZbaeSnEOvnL0PryE3pkN_UqisRhR0nSUb7PH3,I love it but I really think you guys should make a orca simulator for sure I will buy it plz read this:-) :-) :-) :-) :-) :-) !!!!!!!!!!,5,0,1,2015-02-16 12:58:42,,
gp:AOqpTOECMr30JzNYSMyzydt3mDQpPAzEj-wWXJJXlBRZS3xt1UxYjOWZdjiAkUmjW929ssmAx8_hvSGfYbPAaQ,Milana Clark,https://play-lh.googleusercontent.com/-agJt25hOnTo/AAAAAAAAAAI/AAAAAAAAAAA/AMZuucn_CnRNpdJ3k7ojLU-MpOKV50n0jg/photo.jpg,Omg I know its only a dollar of but really make it free and when I got this on my phone it glitches a lot but I don't like that so make it stop,5,0,,2015-02-16 07:29:27,,
gp:AOqpTOG_C4XdGnclaw_RMRDIgPZJxHvRylihSXDKGgPFXj1QQ51bcOItulIxrFnlIrLnsVmXpVWbThfxGcdKJg,Abbey Curtiss,https://play-lh.googleusercontent.com/a-/AOh14GgKx2sBcJO0u8d1CmrBTAkVCngR5QByg9_t27GyBpw,Herpys,3,0,1,2015-02-15 10:48:37,,
gp:AOqpTOHAM_X5vkSP0l_kG9xinyuG37KXsKr5VcebnPYls0mZbLJUQiaTGMI9Q-fEfmVqeGHJm7eelTGb8I6rVA,Anonymous One,https://play-lh.googleusercontent.com/a-/AOh14GgN_aNuPvbyxVknHZONqWAu0QNX_SKAzdREjIpfukE,"I love it! This is truly a one of a kind game. I love the ice cave too. And how you put dinosaurs who froze inside the ice. I really love how you also put in a giant squid that's inside the ice too. Being a girl who loves animals, this game is wonderful, great job, well done. 🐲🐱",5,4,1,2015-02-13 05:38:55,,
gp:AOqpTOHZLTxfCZiIMZJC5fHboV4ZtYSL0a0suTJ6_Ue8Y-pFfRLAfwcpx8tj3H-yYzDn19jvs0ZZCQQSz3qj5w,Kate Mora,https://play-lh.googleusercontent.com/-sna_7TtELs8/AAAAAAAAAAI/AAAAAAAAAAA/AMZuucma49s4oqAOGXcbAX6P5IoVJqPbmw/photo.jpg,It's so adorable and I like it how you could swim under water! make a deer simulator like in a forest with five deers in the group!,5,2,1,2015-02-11 16:49:48,,
gp:AOqpTOGhpYqBVfdMDRpSgHb5kv8sUHi4mGHg4DfwkNXDtJRWLDqnIoAQkA7M69mFeMva-fuQ2LxMp5JTKkJLRw,Al C,https://play-lh.googleusercontent.com/a-/AOh14GgzhM6EDpdapp8IjSESwQZhieS5hVgiM4Dx3AuW,Looks bad on the ad but great when you play. Very good thanks gluten free games.,5,0,1,2015-02-09 16:03:08,,
gp:AOqpTOHXZRxPO51tNjMR70NtY0xOzL7xNIATkixnTWrENZC56Yr6-fgGEjE4WCSPwuSDwNEa6H0MEKLMsQ6qgQ,realmadyid thfc,https://play-lh.googleusercontent.com/-9qYTawbvb9k/AAAAAAAAAAI/AAAAAAAAAAA/AMZuuckFYN7J6J0vFlawCYDiU1TGNWzMKA/photo.jpg,Love it love it😍,5,0,1,2015-02-08 05:06:14,,
gp:AOqpTOFpolxJ-rjNlHkxekXfIgrOl_e1n3GkPdOa7iemEmNRf9olvddwyMZhg4Eo1rw_JCmpUWr4_4nXntOzlA,scout 1591,https://play-lh.googleusercontent.com/a-/AOh14GjbS1BL90Z0BidMsb1g5V00_Vt-GyLU4L3NlygSbQ,I am speechles it is mega awesome,5,0,1,2015-02-07 19:41:18,,
gp:AOqpTOHXsjaBGT-0vBa9lS1lxYTo1nO9Dqv_colDf0rKCNuam6-Tj00_IltkK-ArpVmg7GL0DNPSOUi0xhQ1mQ,Robby Nichols,https://play-lh.googleusercontent.com/-qWduWrMFXTE/AAAAAAAAAAI/AAAAAAAAAAA/AMZuuclTJJb0ImVZZgDGX6sR0pl5Wy2KJw/photo.jpg,I hate this game I unstalled it and I can't get back my money,1,0,,2015-02-07 19:02:44,,
gp:AOqpTOHn5IdkPq8Ni6ogqGRbfHZaI28GI6Ya2_oEU3CNX0SD2-W_KbDHhXsAro1VrXYg-_PbgJ2SRCVW_V5zcA,Kevin Weaver,https://play-lh.googleusercontent.com/a-/AOh14GjbfJUwt3Ntf46-XyGgeWW7qChmhmDuGsLSsbx89g,"I love all your games! I know u mostly make games focused on animal simulators but could u make a warrior simulator that's kinda like skyrim, have your own horse to battle on or battle on foot and companions who battle with u and the ability to gain new weapons and armor after defeating opponents. and battle dragons and other beasts",5,0,,2015-02-07 18:29:51,,
gp:AOqpTOGH06dUtcxkPY5t1SRmF6Q1zww3kanUSMc9FAyCVhvFmMpScCs_9kTAAOSc8Ev_VCXc8rdhNtaFsUyv4A,Shania Pepin,https://play-lh.googleusercontent.com/a-/AOh14Gil40Dt9gh187MXCa7S9v7MRJfjKCAUgoGA1iz1,This is awesome your games blow me away you keep this up I'm a fan and I hope you make leopard Sim not the snow leopard a jungle leopard 😁😀😄,5,1,1,2015-02-07 11:26:05,,
gp:AOqpTOGSb36b6M7KeJRXkh4-QJCywI_cu7egxcPXo_K4iFcywSzn85t18v1Na3P-GDCjoVDvd5BzCuNYe_IwVg,Jonathan Artale,https://play-lh.googleusercontent.com/-BJqdmSc1EKU/AAAAAAAAAAI/AAAAAAAAAAA/AMZuucnz4IcG-6r7bgXpBh0tx5Ygmqjrfw/photo.jpg,The polor bear is so cute and the game is fun,5,0,1,2015-02-06 16:50:45,,
gp:AOqpTOFf_4OXnMgv7eGJv2tW0CNqi5v0qpMWXt6S1CwMOVv_fwvWojeGBuYUJHq5jAj2spGM_m1fq35GYXYFww,A Google user,https://play-lh.googleusercontent.com/EGemoI2NTXmTsBVtJqk8jxF9rh8ApRWfsIMQSt2uE4OcpQqbFu7f7NbTK05lx80nuSijCz7sc3a277R67g,Good game,5,0,1,2015-02-05 15:54:51,,
gp:AOqpTOGg56kaBgASMVTlMQvxlUDsMObsnAq1bb784VK-O-Evzar3qTwqYBYIL4gYIQhTaixIy5igQTL-6PrCZg,Mark Buy,https://play-lh.googleusercontent.com/a-/AOh14GgwmsOvNZHxlUKO5YVVMWiXeC-FJ4BTyik4MjdZ,Good,5,0,1,2015-02-02 22:24:27,,
gp:AOqpTOGrskXmMPL56lGZTiWTwbAtqxLy_xVBHknH413rU14sglzc4RQ-BFS3ohHUD_3N8-PCu03J0FDwIYZj-Q,Alexander Fuller-Shapcott,https://play-lh.googleusercontent.com/a-/AOh14Gi37jfyyF7aaYLvE2RKSkWUCgcOMe2FtQ7Cj8b5tA,Wow,5,0,,2015-02-02 13:00:37,,
gp:AOqpTOF2wPYUirFBNH-O65YrOvEAKLqAJddPjnuQkPtzBfuUbuXaLwZ7dXlzHKSJEp6ien00BJQu243CELbbvA,Adam Hubbard,https://play-lh.googleusercontent.com/a-/AOh14GjDVWqiRsmJ1tc8hufy1EbSQOIeaYMGcNH0nySWPw,This game is awesome,5,0,1,2015-02-01 16:48:20,,
gp:AOqpTOEUoLpLCukMSKGNbrzXcfNmN08S5DQpTRattqebvmLB_wNvqUMyhsKIE7m3AI8t4eWaZv-ZmVW_Ru1oqQ,Frank Murphy,https://play-lh.googleusercontent.com/a-/AOh14GjeH9BlTdCR4UuBelGBseeRM_G-_KK6bSE5sWCW8O8,"Maybe you could add different polar bears like neighbors and the cubs could get along and you could go hunting together while the cubs go play but not to long because they might put themselves in danger! Also you could make your cubs do some work like: Fighting, Hunting, etc something like  that AND maybe like in the lion simulator you could add other enemy lions that challenge you or you could challenge them and become the king of the jungle like in Lion King? Eh idk just a thought!.😂😂",4,54,1,2015-02-01 10:53:40,,
gp:AOqpTOF5w51c2sMrM79Ll5ENPhU91LJ3wi7dSlboXzKhqfY2cjhuF4zJKsP5gBZj6kTIJVWwBLIYsPeQCKlbpg,Harien Gradford,https://play-lh.googleusercontent.com/-jJIttV77X4E/AAAAAAAAAAI/AAAAAAAAAAA/AMZuucl90CWI-AS0BHoZl5XIyXzhxlD_ZA/photo.jpg,"Love it but what's with the frozen creatures also can you make a hyena simulator and have pack members and please please please pleeeeeeeease make a falcon simulator and you can unlock colors like Peregrine Falcon, American Kestrel and Gyra Falcon and if were at level 15 we can live in a city just like the wolf simulator and also at level 15 we can unlock falcon dive. Gluten free games can you also make a hippo and rhino simulator",5,1,1,2015-01-29 12:32:05,,
gp:AOqpTOEKkmEWqnCq0Ibl39l0qXS-zM-wvS7U0ZxV9coPQZvpUiRK30BXty95dJtQd4FsQUCeLW6qalfOWTz-yw,Italia Schaffer,https://play-lh.googleusercontent.com/-bm8ZEXSUL4U/AAAAAAAAAAI/AAAAAAAAAAA/AMZuuckjPCl4ub6Is9R_rx78gJSKbgLHhQ/photo.jpg,When I saw this game I freaked out I had to install it immediately when I played it I was amazed I love the dinosaurs in the ice ihave all your animal sims I know you guys make the best simulators when is the new simulator coming out?,5,1,,2015-01-29 12:01:09,,
gp:AOqpTOG7q9WhyCkhLNMpopDbbAaNFU6rcYNoRSE1LU3F1FjfxexO6LwVCM2pkJzX8ZF5f22Bf9mAbsdMP0dWSw,Mike Michalak,https://play-lh.googleusercontent.com/a-/AOh14GhHMCD19Ln8T9yb3bQvooZj6Zq4AxN5NSBGeJNGMQ,I AM A BIG FAN OF THIS GAME POLAR BEARS ARE JUST MY FAVORITE  ANIMALS,5,1,1,2015-01-28 16:34:26,,
gp:AOqpTOG9KnyCfMy2oaFwMWsrOzyMUSSCU-YLOzQIJja63HouPvcV27_33I4Nm4PJGkGxBKVXb74_bGK-veffUQ,Daniel price,https://play-lh.googleusercontent.com/-rxkiu1o0S0U/AAAAAAAAAAI/AAAAAAAAAAA/AMZuuckN9x9g6cAU7WPd4Ul2TPsZBknVTg/photo.jpg,I would rate both of the polar bear and sabertooth games 5 stars but there are a few problems i mentioned in the tiger review. I give the tiger a 3 and bear a 2 only because i personaly like the tiger better however if the problems were fixed i would rate 5 for both,2,0,1,2015-01-27 17:47:17,,
gp:AOqpTOHgAAbnTM2YlhfW-6Y66lqITaPXQiVYx_yxLcZT0j2pKjSft3Ll0jN1f10jS5EXtMCjm_RsF8gXIh_XOg,MiscellaneousGaming,https://play-lh.googleusercontent.com/a-/AOh14Ghkn2jnMJjx5WXWp4-1fNDvMpTk8aGFPj0m5v8dzQ,"It won't let me open them is it a bug or a glitch? I am still having problems with sabertooth, snow leopard and owl Sim. Please fix, thank you. I am using a tablet. It's a HP Intel. Please see to that and keep making great games!",2,28,1,2015-01-26 17:55:16,"Hey Sarah, which tablet? If i know the models and version of android I can do tests!",2015-01-12 21:17:13
gp:AOqpTOGoomK2jAwxrcKRPEXKtQGAUSBUYlMj2HfcrrtnsynZ65wt2NH1hb8Wz2nUlDmunIJ1GgM4jtY2bGkhuw,Bakugou.,https://play-lh.googleusercontent.com/a-/AOh14GitW1brzzF-0CZa_X_qlPBv_HgS4IIy3CzsGZaHiA,But am insiling it :-),5,2,1,2015-01-26 16:05:32,,
gp:AOqpTOEESjzjOU8rL2TJ7h1yxhKNGTBw1rAuxL3T6Ajuk5fjEcu3m0L3RJ6SkAN6zNiX9ucP-DnJOosFirdbCQ,VultureCulture,https://play-lh.googleusercontent.com/a-/AOh14Gi6_wVUb64RX9QewgOWAiPuJOeBAbnJVKEMgC3Ks4Q,"Hello Gluten Free Games. Ever scince I got my first game from you I fell in love with your games. And this is one of my favorites. Also could you tell me if there is an estimated amount of time when each of your games games come out? I have seen suggestions on a Dog Simulator and I absolutely can't wait for it! Thanks for your time. Awesome games, keep up the good work!",5,80,1,2015-01-25 17:18:02,,
gp:AOqpTOHS3zqD4GEAxiKNOVBKaPt1S78hAIT57vOxNAIbjlQiGgyB-DXEDEW3cTFqIksiOY8W-UVKIKfUCuFvfg,Elizabeth Smith,https://play-lh.googleusercontent.com/a-/AOh14Gj0doSu_ZrGmeZeN8G-s4b8ervggAV_IhITtIvsXek,The game has potential but the map is inaccurate a little and I really wanna break the ice and fight that giant sea monster in the ice at the bottom right corner pleeaassseee also can you make it so the animals arent so fast?,4,0,1,2015-01-25 16:31:33,,
gp:AOqpTOFju15RHXCcRZWn6l2ySPf37v2Lk32p-Q6Fyf7gixjL0tZktZ6goW-P-pcseC5Qkbc-Y35cd1XCIduXcw,Marco Griffin,https://play-lh.googleusercontent.com/a-/AOh14GjcpZQ_2-z9uiYDvhBlEuCerNEzU4NfcxSdFvWk,Love it so much u can go in the water and fight killers nice,5,1,1,2015-01-25 07:10:48,,
gp:AOqpTOHJBLiSHtZQMw3EWovyEfov5lUaxupwHOhaObEaXu2T2xVAmFZ8_UZ4-sGRAeE3dX9BJVYi5FppVu3fGg,Mikasa Ackerman,https://play-lh.googleusercontent.com/a-/AOh14GhagX9AM0UdiqI273DmcXANs2H9vyAGDy2jXnxiBg,"I love this game but I think it would be cool with if you had to fight other polar bears for territory,send you mate away until its time for another cub,and could pick up your cub. Nothing is wrong with the app Its really cool. looking forward to the next game you make. (☆^ー^☆)",5,1,1,2015-01-24 15:41:48,,
gp:AOqpTOHII38OaInwxNl4HHGz1c7_w8aM59-CdTZVZ08e9hzdzL65tb5hm24OiLVlYNXNrBEjZfL1KbpzsUW5dg,Alesha Wade,https://play-lh.googleusercontent.com/a-/AOh14GgGMCeOkFY3FCmJ6lIIwy071pZXBCHzbMTnZa9Y9w,The best ever game just got a few to many animals,5,1,1,2015-01-24 09:02:36,,
gp:AOqpTOFC0HDcpjznv9RAi3pC31goR-vtis-ODLaRn3RZdcyuEoS36aSLAF2JYPiJe9Hfn26PC2c1f92WhDghcw,Tabatha Howard,https://play-lh.googleusercontent.com/-nIViu1zdq4Y/AAAAAAAAAAI/AAAAAAAAAAA/AMZuuclUQvMWH8G_7i6eITz8Sa5mKN6NmA/photo.jpg,I just want to know are youbthe male or is the other bear the male?,5,1,,2015-01-24 06:33:51,,
gp:AOqpTOGZLn_kAXVl4oQg09gY_tIZ3NKTPEkMsz3598QYlIgcdDQvPsGj5jzQZ7CCH6hyLm7qOXuKcRMqYYkJSg,marvel Clay,https://play-lh.googleusercontent.com/a-/AOh14GiZZcFGMZtTK5hUJbFuQoeH4yghPtq0JMWbH3t5,Love it best.!,5,0,1,2015-01-23 11:40:43,,
gp:AOqpTOGKTr1bC2M1asNKKMIhvg8mc8qNoQwgQoZonJlDTyaxiwjEsEJDNAgvv74RaBc8ZNTmVoG8gR2R3lFlQQ,Winter Faolán,https://play-lh.googleusercontent.com/a-/AOh14GhGFQGSn2aXjfO8PZSmRAQzEJvqnx83thQ9CbJSicc,"I got this as soon as it came out. I love the new ocean! I wish you could break the ice with a button then dive into the hole. Also, in this game I also take random damage, just like in your Wolf Simulator (which I accidentally deleted! D:  ) so, yeah. Please make the following simulators if you want to: Leoplurodon Sim, pterodactyl Sim, maybe a fish Sim, husky Sim, human Sim?, and if you could make a new dragon Sim. One where there is a different dragon model and you can: breathe any element you choose in the beginning, can swallow humans or smaller creatures whole (swallowing without digesting = protecting could be an element), can possibly customize the dragon (spikes, size, tail length, color, eye color, element, attacks, etc.),  and can the Sim have just flat ground with hills and stuff but not just floating islands? Maybe a couple small ones. If you do this I will never stop playing. I will rate infinity stars. This is a project though, and it could take a LONG time. (Could you also add lakes/ocean and be able to be different animals in the game and maybe make it multiplayer?) Please e-mail me if you will make this or not. I would like to know. Thank you for being the best :)",5,20,1,2015-01-22 19:15:44,,
gp:AOqpTOGVOaf9C6v8KizzBAEbK757WYEI2eepvYwajkSGNvjWN0KdFFjwk0NLfd0J9D9H8wGzOq8qsY9K9cgmjA,Renia Roman,https://play-lh.googleusercontent.com/a-/AOh14GjizspCLLgbGF8BmvLbLlvclKL8n8J0G9GRLq1Y,"Foods rare, n its kinda laggy. Overall, other than that its good.",3,1,1,2015-01-22 16:55:39,,
gp:AOqpTOFPuqAiqy_EebvopKC4v-VFstbdd5D59BaVAX6psoeNuU8jvfisYRwGYnz5IkNSkD1U1KhWA-EWFiLWBg,Tikki,https://play-lh.googleusercontent.com/a-/AOh14GgoHr1gEDOggNiObZsY762A8Vzc0rCog3ypIZFBfw,Love the northern lights and that u can carry ur thingies but in an earlier comment u said u r hard at work on a dog sim. Please do you start as a puppy? Please do you be a border collie? And please can u use my ideas ty. Plz reply... 🐕🐶,5,1,1,2015-01-22 09:16:11,,
gp:AOqpTOGrBi6VOZ9JrP7iQ6zVlZ1ZPgOnnYVUfaMtoRjr7Aa6pGZXpIcaIP2_Q2ZozMfhfpraVNgqAD_tV7y-bg,Brandi Sanchez,https://play-lh.googleusercontent.com/a-/AOh14Gh_GFudCCtq9NAOoABQxrwAO_p-6nDstPULAOad0Q,The Cubs grow up look on the cover the small one and see behind  the small one it have way grown up. So I want the update  to be that you have a bigger pride  in  the  game and that you have 16 poler bears in your pride and make it so you can play with people  on the game,5,0,1,2015-01-21 17:35:18,,
gp:AOqpTOGtiqt1TPP_OLc9Q_PuDn5HkeajBA__TAMvr5mK8GmeE3vIXv42w77T25jMhGcpMeqXAK2x2cYPDc5ELA,MysticalMoosen,https://play-lh.googleusercontent.com/a-/AOh14GjDDKhGfceYb6zotKFe9q_st-gTkuKXqReMSQGkGA,The game is great I have one request please make a penguin simulator or a bobcat simulator.,5,1,1,2015-01-21 16:31:49,,
gp:AOqpTOHFR2Lrw-pFGVtqhDJ1XIRQ5rVzPBw0M5nzLnUtOUAva5DIne4eh7r54J5q2oYq6gfzYHOetrM714z5FQ,Daphne Youngblood,https://play-lh.googleusercontent.com/-FVkRtB-6mf4/AAAAAAAAAAI/AAAAAAAAAAA/AMZuucn_qQx9QkPxqp4pxZA4k0K-mOnBsg/photo.jpg,Finally a polar bear sim I love that you can carry your good and I herd your working on a dog.sim and when should it be done,5,1,1,2015-01-21 15:00:25,,
gp:AOqpTOG4ygoWYnI08n1n0I79XZt6805-gc5l5_TYYq8ueAjVaEpu_hGSjcb2E8S4GtldUB6CetPv-4ktIqy0sg,Julian Papa,https://play-lh.googleusercontent.com/-F_wR5cHCnw0/AAAAAAAAAAI/AAAAAAAAAAA/AMZuucmwucSySxp8EnO1kRHRVDtgyZpTfA/photo.jpg,Can't open,1,0,1,2015-01-21 06:21:29,,
gp:AOqpTOHl47QmrH7yJGYsNsvQ73AWmnxOYt6LWQhCy2TCFPKmVu8D5u1z8k7zE_gyuzslkZfZ7_jU4Tt-NJk_6g,Megan Artes,https://play-lh.googleusercontent.com/a-/AOh14GgtPjRUdqAHNgc6FxHiPIm8R12sdRKAUeItEwbWzQ,All your simulators are great. Nothing bad 💞💞💞💞👏💖💙,5,0,1,2015-01-19 21:51:39,,
gp:AOqpTOEQM7ycaPkf1lhk5Zd-jE-4-PgHOwqXCvEao8eoHz2RWF-xX7FzCo43ea_TciOcC6kVYsvABmQXXjVoWg,Joey Davis,https://play-lh.googleusercontent.com/-zwEqt-8g0Yo/AAAAAAAAAAI/AAAAAAAAAAA/AMZuuckNJAwcvjdu4tJYgflxCnVuRObmOQ/photo.jpg,I love it,5,0,1,2015-01-19 07:01:16,,
gp:AOqpTOFYQjudOtQTx-_C3ut_06bwIM8EQQj-7KasVQT21R1Krm0waLTCmNXi4z777vOXaKAA-jFVW5vibWIWfQ,Caleb Bastin,https://play-lh.googleusercontent.com/-yxtCH-bAIdM/AAAAAAAAAAI/AAAAAAAAAAA/AMZuucn5KL75Va4akkh75scabYxwhNXuNw/photo.jpg,There is some places were I can't go that is part of the map can you fix that so I can get my prey and get to my home.,4,1,1,2015-01-18 08:04:29,,
gp:AOqpTOHuY0d8wrqzxq6TCFNEMkkB4nyBtta34JUSDr4GtJoOf7vpE3ekonsXZbPThTfpdbUqFhlwnGxSOK9Wsg,Kevin Rodriguez,https://play-lh.googleusercontent.com/a-/AOh14GgStYMyAMPZk2oZAOqE0-R9QP8hBViHGlGOLSSe,"Im loving this game c: is there a way you could add some achievements? That would be really cool,  please.",5,0,1,2015-01-17 20:46:57,,
gp:AOqpTOFbIBTIqPkLu7ZC6b3FVM1bvwyOFdXvPPaRbHeBdTi5DtgHXb2ms0K2xWTF6chmcNRIkoJG6hiN4UURpg,Moomin74,https://play-lh.googleusercontent.com/a-/AOh14GjlglO-jiVUawLPloVfvXhu_E_419XT25knVk9yb2Y,Have just started playing this game and have to say am really impressed. Great graphics. The polar bear controls well and the game world is immersive and fun to explore. Also no ads whatsoever! Hooray! Playing this game made me think a rabbit simulator based on Watership Down would be cool.,5,0,1,2015-01-17 07:45:14,,
gp:AOqpTOFkZ9E6p5tvMHFvc_HLEb7eEB5d64UvWPuJdsowobvy3NVZ4DwuEHwCkGJ2McPsTHiPchWonBkmRrh6Kw,Rose Riffey,https://play-lh.googleusercontent.com/-QZaNALJMLZQ/AAAAAAAAAAI/AAAAAAAAAAA/AMZuucmYU0c7AqGTK1P4Mz6eAHAaww5pmQ/photo.jpg,Please make a mermaid simulator with hunters and people,5,0,1,2015-01-16 17:58:03,,
gp:AOqpTOHh7O_T84uYqbyNd5R7CXQmk3rZcWCedihyRGB311dWAsa8lYKJNCD77Kd2gQEt90I5n8ldlhYbIMxZpQ,Carole Brown,https://play-lh.googleusercontent.com/-zDXOXiUL_c0/AAAAAAAAAAI/AAAAAAAAAAA/AMZuucl5ChDdZIfPY2-F1ZS6s9Mhhtj5xA/photo.jpg,"Loved, loved loved it! But could you possibly make a hyena simulator?  Thanks :)",5,1,1,2015-01-15 20:34:06,,
gp:AOqpTOFRpXL29bwR0Amyoua4jzaTrzIEBJvSOXaVfBDBXLFGyRo6-mrxKA_z7Hd1zfH32fbU9wRoi8pGZE1EDQ,just George,https://play-lh.googleusercontent.com/a-/AOh14GjSVZGhCootDFCpVkVpucjxKXvJ-rh8PCUwR2UR,Bought the sabertooth tiger sim now I own four other animals. Loads of fun when you're on a 12 hour shift from hell,5,0,1,2015-01-15 07:00:05,,
gp:AOqpTOEhR5E-LqbY4qmr0iFRyAh0leUT9TiNFWT1F4acmMCC9R_1UFN3oW2oZdg3stFIWbTm57xoWljYfw7Ukg,Zeph Robertson,https://play-lh.googleusercontent.com/-jahKMi55lKQ/AAAAAAAAAAI/AAAAAAAAAAA/AMZuucnbvyijlqNjjOnLNtZ2mTub_rJPiQ/photo.jpg,make it have about 10 bison and the other bison can have babies too and the babies they cannot fight for themselves I make wolf tried to attack you and Stocking down,5,2,1,2015-01-14 14:24:19,,
gp:AOqpTOE6gNrWWS1ipOXp5XSCU3Ues9GwgxtJNhecu03428OiSboShWXnSEZQ-pZo9mQbkuvMN8TFScn95PD2IA,adenova,https://play-lh.googleusercontent.com/a-/AOh14GjUP6XLGptqaTEBGsAz5I21SJBq2y1JLcJElU_F8w,"Thanks for the simulator, its in my favorite ones now! I saw in the comments that you were making a dog one, so excited!!! Anyway, there are a few errors in the game. Whatever animal you kill, its icon is on the next animal you attack, like the bear on the Wolf Simulator. Plus, whenever I want my family to stay home, they don't respond unless I give then treats. Other than that, 5 stars!!",5,2,1,2015-01-13 18:11:32,,
gp:AOqpTOE0v6q_wIzm3bSI7zQrN2w3ZjTjCjGgTg8OAmJz55NflbE-BhELhRtzr9lXPolLbVg3M7sy2w7lPenYqw,Maegan Tyrone,https://play-lh.googleusercontent.com/a-/AOh14Gh2u7NoHuO9dw3tJOzQ4uhKnwD-AD1qm6vZyuLMWA,Can you make a komodo Dragon simulator,5,2,1,2015-01-12 15:34:19,,
gp:AOqpTOEagL2uNtdsxmn_9BQaVcpsArQJ05uhTvbnjJ37zyAtg8pY7ZifWOrZuVbB_EdFD_27q5y_WHB6Osng0A,StarGeek,https://play-lh.googleusercontent.com/a-/AOh14GgNv01rO1xbBEXDZk_wWkWMgKtkmDXl8zgEOXi5LA,Totally recommend this game! It's awesome. I do have a few requests. Could you make the seals spend some time in the water too? They look pretty funny flopping on land^_^ And also could you put  little breathing holes in the ice that seals use in the wild? So then you could add an action where the polar bear can hopefully find a seal in the hole and pounce on it. Causing instant death if lucky. I just thought that would be cool to add. Also maybe could the polar bear be able to roll around in the snow?,4,20,1,2015-01-12 15:17:03,,
gp:AOqpTOHbI2A8S4bfTP5aEli_CMKfR3oGaM6N34JnfFF_D76hvUMbABhKNAJhQepY-E0elLV7TIFsyaY--5h1LQ,Gamo Gey,https://play-lh.googleusercontent.com/-L-vH4ILfstw/AAAAAAAAAAI/AAAAAAAAAAA/AMZuuclzhkambbysspJsBj6yuUBFWl0h6A/photo.jpg,This is cool but I really hate when the bear gets stuck  in the water and can't  get out yiu guys should make a seal simulator  and a dog and cat simulator! !,5,3,1,2015-01-12 02:26:42,I am hard at work on a dog sim now!,2015-01-12 21:17:27
gp:AOqpTOHc1vwQWjqzVqQzrSlJdq7Y27d2Pay72y0WWJ6bUipKcfwJFHX1wdtuDzo4hGf4yyGv1RbqOdtEZ0VMkA,JJ Hopko,https://play-lh.googleusercontent.com/-cAXQCKujOTc/AAAAAAAAAAI/AAAAAAAAAAA/AMZuucmPepuDvkMBSuOJhd873hJalD2Qpg/photo.jpg,Look i love it but make a dogcsim ok😲😲😲😲😲!!,5,0,1,2015-01-11 18:19:34,Working on that right now!,2015-01-12 21:17:39
gp:AOqpTOEsRENofx-sGq5jc--uBkwb0vaQOSlq1D9vyqjcZdSNfdqfNnevCtxs9DDk732parMk1qNpXlgkKMFvuA,Jadyn Partride,https://play-lh.googleusercontent.com/a-/AOh14GhevCMx6XUzaJ4uEqzB32Z3snPoCLuZFf5ddwXF,As soon as I saw it I down loaded. I have 1 questions... when is the next animal simulator coming out? :D  This is a great game,5,1,1,2015-01-11 16:48:22,"The next one might take a little longer than usual. its been the most requested and it's time I finally make it, but it's pretty different from the usual sims so it might take an extra week or so! Thanks!",2015-01-11 17:54:25
gp:AOqpTOHJkFEuRw_OVZjzl71IjGaalga_PAQrA0og55wV3ONe7HA6ln4hylkZhOYw2Sl7q3Un6epUY45Fcmyfdw,Pattaya K,https://play-lh.googleusercontent.com/-GM2CV7eB3q8/AAAAAAAAAAI/AAAAAAAAAGY/AMZuucm_KMmQAfRzFp_ESIeEpLC3uUumUA/photo.jpg,"It's so great. I love that I could carry my prey! Now I don't have to worry about predators making me run away! I could just run to my den! I would love a stray dog simulator! But if you make it, please don't make it so you could kill cats. Like a scare meter! When it runs out the cat runs away. Then it adds to a happiness meter. That would be so cool! Also there should be different dog breeds like: Labrador retriever, Rottweiler, Chow Chow, Chihuahua, Shih-zu, Saint Bernard, Australian Cattle dog, Border collie, and my favorite: The fluffy Poodle!!!!!! Nice game! ~5 stars!",5,7,1,2015-01-11 13:38:54,Thanks Sonya! Also you must be psychic! =),2015-01-11 17:54:52
gp:AOqpTOH4iYMQDtq70zwKEBMSnT5_X2iWrdR0XnA6FrLS38oXzu20SRUD2nBJqgK2ocQ_zqrPSpnGmBA3bZvLBg,Blaze Gamer,https://play-lh.googleusercontent.com/a-/AOh14GgW10lK6mL9EWcPt63C1O8-lBN1AsBEH0Ho4Egbxg,Awesome! This is one of your best simulators... keep it up please! :) This is a big map by the way haha,5,1,1,2015-01-11 08:48:36,Haha thanks!,2015-01-11 09:18:54
gp:AOqpTOFq6Ej2-YMalaKLZAIUDMojqoRghMbpG5CuEXxWVUEZpQArUrkZbkT8DqnfVylNJwkVjoT44t5uhC_jug,Nataliya Danilova,https://play-lh.googleusercontent.com/a-/AOh14GhJYFQb7d30ddhhQTOQEyqdQUIGOA4qAI3thoYPXA,"This is my first comment, I am a Polar Bear lover too!♥♥♥♥",5,1,1,2015-01-11 06:16:50,Thanks! =),2015-01-11 09:18:41
