reviewId,userName,userImage,content,score,thumbsUpCount,reviewCreatedVersion,at,replyContent,repliedAt
gp:AOqpTOGngYYspW56BZKlB3nr2j_ULltAWDuxdO0iWLg1j1BqSMnhQmsCUkyryV1n25tsHvF-DBKKo34LEXu8-JI,jonathon Wolfe,https://play-lh.googleusercontent.com/a-/AOh14Gg-wD8TRO7TpTBSAh-sody2eoxkDWQbFI-Vckr8,Great game,5,0,1.5.3,2021-01-19 19:33:54,,
gp:AOqpTOFFqEp8ZZbegiJyOabesSqEeyNmankrjx6fEnbzqaCDiIAvTJUaLbRL2IiiW56r1ReZWA0XvQHBagD_v-s,Tonya Butler,https://play-lh.googleusercontent.com/-gCSsoBm30Co/AAAAAAAAAAI/AAAAAAAAAAA/AMZuucnWJ8V1MMykmC332-WAGMVZGKq82A/photo.jpg,I love this game....it's the same as being inside a casino you always need one more number to win! Hahaha,5,2,1.5.3,2021-01-05 13:50:26,,
gp:AOqpTOH7jNHmozalfZ2EQrqdjUXjwhL-GPfsoUWothewClZ5Kp0BoV4LwincVLvjvxsgfOMH4qNg1nRzpcFTz-0,Shantell Jones,https://play-lh.googleusercontent.com/a-/AOh14GgeoLK_3okspuKanqwPtUdg5ybXRMdjVfUJ_U9uSQ,Fun could be like the real game but where's the real bucks,4,0,1.5.3,2020-12-05 13:32:10,,
gp:AOqpTOEyRIYWW6yKgVgvboMrm6-nF7nkhnrU3zdXoG3f-rAt_LegW9OxXAQljUCcQbkj-_JpvkndWujtH-gmOgw,Chaser Magoo,https://play-lh.googleusercontent.com/-dV7_ugmNaoU/AAAAAAAAAAI/AAAAAAAAAAA/AMZuucnNKwTaLMm0Y3B2vTSHeOjAq-u7QA/photo.jpg,Great game very realistic u never win love it!,5,1,,2020-09-06 12:48:18,,
gp:AOqpTOHCL8K_11zoc4RSdjuu5nP92lLLsbyM7IEWixcHNqKsWF1_FUGItTU7i2dCFj7ACvRoWXV2mJ8I4QXED4A,HRH Trevor James,https://play-lh.googleusercontent.com/a-/AOh14GiWJdZAx0T7MO2nebEkD_E6gMTDIPz2iHtwlwt_Ng,It's great!,4,0,1.5.3,2020-08-10 20:14:04,,
gp:AOqpTOFuvDiuxEGGvVmwBNlmaIJVl2fRC_dkp28UVPXPymsXDwHRh8Jyd6DYuEVvMW7DLVlVMTF-n1r5wvKlzL4,roberta major,https://play-lh.googleusercontent.com/-CTCQiGW9GdU/AAAAAAAAAAI/AAAAAAAAAAA/AMZuucmbWselxa5UVvJfEe1n68oCCFYp9w/photo.jpg,itz a good but i thought this was a real $ game sure i oaid 1.99$ be nice if this was real $$ and also might want to the play button on the right side,2,6,1.5.3,2020-07-25 04:30:36,,
gp:AOqpTOEx6IIOdxT-r-M2wF910hd5Coh0aBaXprR66zrDsAJyHbzIg6SAqp35lVjte5QYUueXS9RTxCcEmjZbhws,Antoinette Dematos,https://play-lh.googleusercontent.com/-nFYiVJUq68U/AAAAAAAAAAI/AAAAAAAAAAA/AMZuuck_Xrudx93xzPKaF8Ce4e5GTcEMmA/photo.jpg,Great,5,1,1.5.3,2020-06-14 23:24:20,,
gp:AOqpTOFSO8OPwjvy4k-83rZXOXVJYNyYFgS6FqjABGCgadppgMiZd7UktD28m622BK3qr7L2dTC89v4U74E-f6s,Stephanie Parry,https://play-lh.googleusercontent.com/a-/AOh14Gina2qCcCj0cFrRIoBFp7FKYuxmTNgCSZM3SNVyTA,Not as good as the real game but fun to play,4,0,1.5.3,2020-03-25 17:04:48,,
gp:AOqpTOG_-z1hhYAWAslST2Kk9aNevY1CLAExnkfy8bh_t97pn0XWSGnpxiDRf3aboV-B_KR5T197lKFjYU6ZbPk,Charles Leclair,https://play-lh.googleusercontent.com/a-/AOh14GjcEFngkrgmIYLM45GkIamV-fAVpdQIL8-qmkKAbw,"i like the game,it needs to be more like the casino version more numbers and it needs auto spins",3,7,1.5.3,2020-03-13 16:20:07,,
gp:AOqpTOHq0CwfSvRP3hgNEg5aTwDZWgQ-MVaAVMbGN_NqenoyqMQ7assI5AcgJvRJoeeL3bArg69hKI9717lT2tM,April Esquibel,https://play-lh.googleusercontent.com/a-/AOh14GiPrptmHWLKcUmHONtFruobRY04F1q7f0eUVH_N2g,I like it,5,2,1.5.3,2020-01-26 11:42:48,,
gp:AOqpTOE7EBntwE_ny10bitrSNOwHtlzgvIDRTaCjC3_5eke-tBl72JA-gFOPgT1PS2JfMQmNICPvNOLFk6s42f4,john vanhorn,https://play-lh.googleusercontent.com/-wO3ApekIHmQ/AAAAAAAAAAI/AAAAAAAAAAA/AMZuucmknl95NRYTYwopLzY1Pg3091U2qQ/photo.jpg,Bigger bets please,5,1,1.5.3,2020-01-22 20:23:41,,
gp:AOqpTOEN0HE6rr59bfXSdwYKm3O7TNHJLaXdrvpfwLkb4_PMb95QYA2e1yPGoJkRfUPtZweGczi0w6OMxtWXhjw,vanessa davis,https://play-lh.googleusercontent.com/-us6bSTBuzjk/AAAAAAAAAAI/AAAAAAAAAAA/AMZuucnEH8zIUj6KCtzofrObJKMgKUwAlA/photo.jpg,I love this game. It is just like casino version. Great app.,5,4,1.5.3,2019-12-28 15:58:04,,
gp:AOqpTOHHi_8Ea704Ep4zZV7ozNegrEzN3h9puHKOXFYnFkCTKMe7MuQLEA0UqKkVLbOYE3bB2llEK6OzbTATNXw,Barbara Herling,https://play-lh.googleusercontent.com/a-/AOh14Gh16-cHeVt_OKbzc6tUICt2BdGKdkvG9z1Vb-ew1w,Doesn't let you win very much,3,2,1.5.3,2019-12-11 14:08:08,,
gp:AOqpTOHBHrbh6XfRJDFWZGoDoeJWkYVqU6NMq0aP68tCJpYfkDQXkkF_hsZ45GDKUlrmyHt5f_yAr22_MKgLgBs,francine garcia,https://play-lh.googleusercontent.com/a-/AOh14Ghsr7ZzYy_7K6stMJsGJeilaI4XBxTglZnPmU1Q,"It was a trip of a lifetime, I'm a winner!!!",5,2,1.5.3,2019-11-19 01:33:19,,
gp:AOqpTOF8nw5smyEkP30bAGUAaZIyat8vs1PQR5YiCmq3c9TZ_Jdeyl5mPX84wUlAzDk5hli1fvEgrs5J6xGBPJ4,Hero For Hire,https://play-lh.googleusercontent.com/a-/AOh14GjwyjdZj8ZExrYhvHgn7Cb-yLXs9h2nvjd0AV6vng,Just like the axing play. It would get 5 stars if it wouldn't drop out of game play at the touch of any utton..,4,1,1.5.3,2019-10-23 19:17:55,,
gp:AOqpTOF5fawjWpH1zxyKaqoechJhXfWyFeBFmEoN80tpU-rIlOx0Ci8zrMznnnW1DDRBBVU6_PXnFLGX7rwzEds,Jonya Ciganovich,https://play-lh.googleusercontent.com/a-/AOh14GjWEh_M2NJPrTQ0yAHaDL4rURNpLnMhaORySIsjRQ,My all time fave!,5,1,1.5.3,2019-10-23 13:05:53,,
gp:AOqpTOEZY5vSjZ2PEa9BbaaTuQVhOcKOdjJ2S9jdvdJsrU0retj7LP95Gx_M6W6dDFleyVyG1DjltTizEAWND4c,Angela Duran,https://play-lh.googleusercontent.com/a-/AOh14GjywJWN1jlUaKdPSnXz0oRiHEUQbitUlNIXoDzSsw,I could do without the ads but two thumbs up for me.,4,4,,2019-10-22 15:57:05,,
gp:AOqpTOFc7QkV28xj2H8KXCkrrGq_ayXDeqhsxvVske1Nj3Kx6gfZhuBAQWUvq49wSiKEAf8mmJThWAkc4T2I6iI,Dan Virgilio,https://play-lh.googleusercontent.com/-GjogI3zCPJ4/AAAAAAAAAAI/AAAAAAAAAAA/AMZuucllGmqNk21g9vc3Z8440PzN_dA_0Q/photo.jpg,Eevreat game just like the realthing,5,3,1.5.3,2019-09-02 23:24:10,,
gp:AOqpTOG4x0t3BYjFxink4ZCK-QpFGt48_ob5ORBcEEofcpDWbm9EE6aqWIxDH6oYfKFuZO7nhs9-q-hJzikX1-c,bizkit,https://play-lh.googleusercontent.com/-kthVNd800qQ/AAAAAAAAAAI/AAAAAAAAAAA/AMZuucmvsRlhBz3izKltC25CqygpEVrpmg/photo.jpg,slow and low bets,1,3,,2019-08-02 23:12:22,,
gp:AOqpTOF5ekZPwueg7jnzb1vkixnJXbyTPRc8fcVpg5r-dQwSX3IRen4laVNbVwi7PBL_Ekj3GyrWJa8hQ_wUSbM,Rlaunius Simmons,https://play-lh.googleusercontent.com/a-/AOh14GiLXFPp_OYXtEKcFoRa48cYH1t9-9R4gGQfSuUnzA,HEY I REALLY LIKE THIS GAME AND IT HELPS ME OUT WITH THE SAME AT THE CASINO,5,2,1.5.3,2019-07-04 02:56:05,,
gp:AOqpTOGFHfJyv7qdZDH1_fS1f5nae_FrfdWiHyMRadADWXgbW0Ef-GdfWPZcBzmszUQElRx8WrKpsE5sZk5o1wI,Mark Kills,https://play-lh.googleusercontent.com/-da_nWn-YsAk/AAAAAAAAAAI/AAAAAAAAAAA/AMZuuckGHtfA4fnVt-xPVu4NEyFDwVrHTA/photo.jpg,alright,5,1,1.5.3,2019-06-17 02:25:57,,
gp:AOqpTOHFXIoCuBEiDqblZJlX-iwkBHwVredlByx8GaiNJbwFl9UOjzTdLFzV1zzvJ5ArnQXAZ1XYR63OXmfjxuI,Archie Ansteth,https://play-lh.googleusercontent.com/-GCF_ZZqyf2k/AAAAAAAAAAI/AAAAAAAAAAA/AMZuuck0_aOPE-qlX-3NNCyISB3MrMYXQQ/photo.jpg,Love it! As close as I can get to the Casino at home.,5,2,1.5.3,2019-05-14 08:27:52,,
gp:AOqpTOFbM3hSRLaKybJQwIHs9Uu9faSqLZNkrFMLZePcnf9Evj6m6NJtdkvUPtz4n0RnOqu0F-hjVMZBh7XI7g8,Debbie Ozuna,https://play-lh.googleusercontent.com/a-/AOh14GhIvf7hJLDJDA7cJHhalPWohE1LLSeRHhBzlKvNWSs,fun,5,2,1.5.3,2019-05-07 14:48:31,,
gp:AOqpTOERy8OGjW_TEeMJHtJe_QaEq37WNt7Tk9gW9hhcdOiJ0PrT6AvrGAMat0cuLYAHMsK03uknsPlO3i_FLlI,Thomas Hafner,https://play-lh.googleusercontent.com/-pf7jBAwJiEc/AAAAAAAAAAI/AAAAAAAAAAA/AMZuuckb-PaoA0WkKMVkli1cDXE5xYUZlQ/photo.jpg,"Guilt free enjoyment.  Works just like the casino version with one exception -  this one will refill your credits when you run out.  How great is that, nothing to buy.",5,21,1.5.1,2019-05-07 09:15:28,,
gp:AOqpTOGCkz2_U0eTVouF5bYdI-aE3lfYNbkTwSYyp8pzgib7Y2_k_EbrxryNG6RteO84mRT_Hc67PFW4IUc5HYs,Darla Williams,https://play-lh.googleusercontent.com/a-/AOh14GhS8zMqcIdkPKhAznNx5cGaQVcHlWd0iEdQZG-HMQ,love it!,5,1,1.5.3,2019-05-04 17:05:03,,
gp:AOqpTOErHCoVcjdhYa6e7_8BaOMRa_TSE5aBRHsn46I065W3jRnd_VgEW71jl0vrMiDPFyskl1PaOhIfic6QDd8,tonya romero,https://play-lh.googleusercontent.com/a-/AOh14GgIpOXFIhDv2D0Jyd0P1Pq_SVZFZPoEdnjQBVdwBw,this is a fun tume and fun when u had a hard day at work relaxing time,5,2,,2019-01-10 22:23:33,,
gp:AOqpTOFN4TmKhaGtfIX-ipPd8ZdUtoT8YgGqqP_F48nNKMqrVvc2K8xMPEljAhhE5Yroils1xWMYXXXxjQAzzSs,A Google user,https://play-lh.googleusercontent.com/EGemoI2NTXmTsBVtJqk8jxF9rh8ApRWfsIMQSt2uE4OcpQqbFu7f7NbTK05lx80nuSijCz7sc3a277R67g,"Works great on my Samsung Galaxy J3, enjoy the realness of the game. Thanks",5,6,,2018-11-10 22:29:56,,
gp:AOqpTOGWDlDsdmptQSlE6VmCeGLV_S2hleDciU01EAeNCuCcKsuVgDyn6wPSZmZ6_AUJ5Rp-s5GtXOBXjWGGtR8,Al Oak,https://play-lh.googleusercontent.com/a-/AOh14Gh0ve1bjYGrpLT1Ujgx5d18Yrm3GikfAkggnFxEOQ,Awesome,5,1,1.5.3,2018-11-01 00:13:27,,
gp:AOqpTOELVpT4jwE1lA6I-3Y9EspZyP1mxswRygSZoHTYtqrG16sEwQTRu_N-TH8sDG0qfm0A8G08CdHfxzVCyiE,A Google user,https://play-lh.googleusercontent.com/EGemoI2NTXmTsBVtJqk8jxF9rh8ApRWfsIMQSt2uE4OcpQqbFu7f7NbTK05lx80nuSijCz7sc3a277R67g,Not to shabby,3,1,1.5.3,2018-10-19 19:38:34,,
gp:AOqpTOFhOs6sXS_qI-uCzd6-tz-d9BAYp2164NN576hUEHYHZVqikYuRQYIOlmgrT2JCA9282Ygv_nGNR-0jYZI,TheSpanncorp,https://play-lh.googleusercontent.com/-3MM6k0atX4A/AAAAAAAAAAI/AAAAAAAAAAA/AMZuucmGCtmg9txsmPUkKNHHSDWiFlL9Ig/photo.jpg,It's like being at the casino without losing money,5,1,1.5.3,2018-10-03 19:15:38,,
gp:AOqpTOGhYZ6MPNt2wev_cZ9Cnva24Hkazz4O6hR3IF4fI3kSaDHhi4KYDAviw5OwdzJ4HCcuLVwhaeR0nUJgUWs,ANDRE ANTOSIAK,https://play-lh.googleusercontent.com/-fju5yg30Bb8/AAAAAAAAAAI/AAAAAAAAAAA/AMZuuclZ1qdQC-HrHEt616laaGVeIAfX_w/photo.jpg,ANDRE ADAM ANTOSIAK,5,1,1.5.3,2018-10-02 04:40:59,,
gp:AOqpTOEDr3u_IEoRVq5oRpRqz1RL_ePWjBS9kfQyVH646sN-9AkZK0fh5o4Wp17VKxiX6fyOtSTRyUM3aADGkuw,A Google user,https://play-lh.googleusercontent.com/EGemoI2NTXmTsBVtJqk8jxF9rh8ApRWfsIMQSt2uE4OcpQqbFu7f7NbTK05lx80nuSijCz7sc3a277R67g,"Most people will agree, losing is not fun.",2,2,1.5.3,2018-09-26 22:34:31,,
gp:AOqpTOEIkUo5VqQd0rI5yVMeQ7QZl5cJlefwK_Lh2tx4veA0vep7hFHhuZJ0NnjLffCWMpu8xflPMDJhGKPSFBQ,Joey Parrow,https://play-lh.googleusercontent.com/-pkrT6wDxvkc/AAAAAAAAAAI/AAAAAAAAAAA/AMZuucmJRC3CyGNPbkegs7YynI-tDznusw/photo.jpg,"I love this in the casino, but it won't download. Sketchy",1,4,1.5.3,2018-09-12 21:25:20,,
gp:AOqpTOFXKvM5LF1Cm3ec2PKZ8ZdZFYLfNr8aL5D0S-DJNBhNs8UN16_PkFmkvMgw5pqJ-v1MQ_FtEqNY5LTaYZc,Byron C Jennings,https://play-lh.googleusercontent.com/a-/AOh14Ggpij4JcZkg5iXYp01GsDpOrsWG6ODczFyTED2qRw,Awesome. Awesome,5,3,1.5.3,2018-09-02 05:10:29,,
gp:AOqpTOFyGpNel23L1mgXRtyVeQMoCSvyXa1Ce7hIHaK1K0WV66tKR53S4btz0dsglbtcVsXkyqfLCVd2Ko6YF-0,Kelly Rooks,https://play-lh.googleusercontent.com/-MJQeAFSJf88/AAAAAAAAAAI/AAAAAAAAAAA/AMZuucn49W6VsHG0r1y03-6rfFN2xK2RYA/photo.jpg,Just like the one at the casino,5,3,1.5.3,2018-07-01 19:55:11,,
gp:AOqpTOG4AU8XSkOHCw03Qelytsivgoo6QZ677NdZSZi7u1ouSCDmH091WmdVlCI68UevNzzTjP0kaPh28R5jRcU,Beverly Taylor,https://play-lh.googleusercontent.com/-sWpb5DCDKSA/AAAAAAAAAAI/AAAAAAAAAAA/AMZuuclTvoFEi_6SnR60zK7FlJsFsJ-2yA/photo.jpg,"I love that I don't ever have to use actual $$ to play, it's a good 
timepasser.",5,1,1.5.3,2018-04-16 06:30:16,,
gp:AOqpTOFxTX0UECqPKRtramGNABFc1QZpDKJNeTUT19PLinUeouUwQ9sCUiyEEIEuAByMbzHGeBA5cnKo-GlrqJw,Jamie Martin,https://play-lh.googleusercontent.com/-rTYHMoy5ynE/AAAAAAAAAAI/AAAAAAAAAAA/AMZuuclm5B-fpUI8Jn2AsCt7qbl37aB-Pw/photo.jpg,"Just like the real casino, but would be nice if you could bet higher than 10!",5,4,1.5.3,2018-03-16 23:00:13,,
gp:AOqpTOEUGjogG4rUN7udrXpkPVPi5zv2FqKeA9sKr8u79-xoy4E_0HGGpSrpGjIcc6M8Wm94FPnJwgGl80I81n8,Jordan Nehl,https://play-lh.googleusercontent.com/-_AU2CE76WWU/AAAAAAAAAAI/AAAAAAAAAAA/AMZuuckZfLIqz0pgpgKpYIJzxE8iKGbXGw/photo.jpg,Nothing like the real Cleopatra keno by game king in the casino,2,1,1.5.3,2018-03-05 15:05:16,,
gp:AOqpTOGgvwy5BFFxfDcfSSFBhWnFFVUCA68e4oxEHYgenMxWtDLIvIW_Df52Ewy9ADwVDwYWzCo7SrrynbkEorA,Adam Denney,https://play-lh.googleusercontent.com/-G-OPT7DTd2M/AAAAAAAAAAI/AAAAAAAAAAA/AMZuuclIdI7phJ6s3hA6_wJLiKtcOF2gUQ/photo.jpg,Would be nice to add another speed i play with my speed up and its just slow so im always switching keno games and at the casino there speed is perfect and would be even better if u would add dollar the the selection otherwise its still a great game.....UP DATE PLEASE NEED TO ADD 1$ AND PLEASE WHEN U HIT NUMBERS THAT PAY SHOULD HIGHLITE IN THE PAYTABLE BOX AND NEED TO SPEED IT UP THEN YALL GET MY 5TH STAR,3,10,1.5.3,2017-12-17 01:58:52,,
gp:AOqpTOEl1sDesKRlaYhm2n1AL_2J5PTysrlMUlda9wZjzZxrONxhhzKZS6cBCErys0ApKBpfq3LYgOx8El5jCZI,Kristine Heglin,https://play-lh.googleusercontent.com/a-/AOh14GjdJOsCH6kXEJ7MgauCmqwZssWoB6lmNQLlfXMnxdw,Awsome♡♡♡♡,5,3,1.5.3,2017-11-09 13:28:42,,
gp:AOqpTOGvkj9O3TebKWl-2fwdZ_1TBIdGLhAPqSS7bBpcw6qeHqoRXxubeRGBNGL4M5jtos7CsqLzMFyf75KEAHE,Anthony L. Thomas,https://play-lh.googleusercontent.com/a-/AOh14GjGt3Y81-840flmgYx1N8Q7a-x2u3m7FWpHel0,Totally addicted to this game!!! I love it!!!,5,7,1.5.3,2017-10-31 02:04:09,,
gp:AOqpTOHSQXJJ5A_FuQvX71sYviFuSm0gE6MSQHfrbXPd-OuIKBsQDwjieA288_TUxcZlXrUNRkZdRGpHx7wHFJg,S Fisher,https://play-lh.googleusercontent.com/a-/AOh14GjZu0j0nKnUUAIA2GwmSMyVR9BMtDvDWx0put419g,Awesomeness.   Wish it had 4 card Cleopatra also 😟,5,3,1.5.3,2017-10-29 06:58:51,,
gp:AOqpTOGPTap2VdMQ9eSXj0hrh0I66E5TplaOnzx5wr3wAQBfgejvCBwKSiYTXdc0uXWR1DY6Gx3i8wnJiZpVnKs,Bryna Potter,https://play-lh.googleusercontent.com/-v4QdoRcnT4A/AAAAAAAAAAI/AAAAAAAAAAA/AMZuuckHTlkdwr3F5EQIc-Er5AZDIt57cg/photo.jpg,Great game,5,2,1.5.3,2017-10-27 19:50:58,,
gp:AOqpTOHz5ZNSYnhaRKfqj2RggoKukjnnLrKz1PvmsDtISuMddRVFE9Stvr-DHqkOY4xHgimRkC0Bp0ECfYY_VDI,A Google user,https://play-lh.googleusercontent.com/EGemoI2NTXmTsBVtJqk8jxF9rh8ApRWfsIMQSt2uE4OcpQqbFu7f7NbTK05lx80nuSijCz7sc3a277R67g,Luv it,5,0,,2017-10-26 23:20:31,,
gp:AOqpTOFvbscZWy_BKFcpEBZUd_dhE6WG_QCUkgR81j5ZFQCWgQinzkiVIfArc15vkiuDqOKW9oQ7zcK57lYMEX4,A Google user,https://play-lh.googleusercontent.com/EGemoI2NTXmTsBVtJqk8jxF9rh8ApRWfsIMQSt2uE4OcpQqbFu7f7NbTK05lx80nuSijCz7sc3a277R67g,Awesome...fun,5,3,1.5.3,2017-10-23 20:00:40,,
gp:AOqpTOE62tI8p3biv7pohqdUnkoY2qIuvf3Cv4VZS6cxQZ1E6-VMUkcsCUrkYzdeY2Bb3BP_cQejp26YSlYuXXs,Stephen Wicker,https://play-lh.googleusercontent.com/-HH-SDUIyOzQ/AAAAAAAAAAI/AAAAAAAAAAA/AMZuuckiL_Iy6Mqduc3cHSjZHa1a52AWDg/photo.jpg,Great game at a great price,5,7,1.5.3,2017-10-15 14:14:34,,
gp:AOqpTOFHXfRsG5oQ6D5cj2iaK5KinlT_kk90y3ds8s9s1l3zMLSaSGbQ301DisL82ptDdF5t8nAtxl0xtCf-z9Q,dustin bull,https://play-lh.googleusercontent.com/a-/AOh14Ggd_dXSMlHykKKGevDt82CuTi63hIrrPZYEH-kB,Love it works great,5,8,1.5.3,2017-10-12 23:40:36,,
gp:AOqpTOHSY2IHRa5lyipECGXg77ouStmOvbJo8oCmi7Y7mZNvBocD4lpWpv7gdjfMS7TfAY3ez4H6_5CIvg55dNs,Gwen Newman,https://play-lh.googleusercontent.com/a-/AOh14Gj9F2ODbSsdTr2HCRAHd7mO_YNwS7ZPMtUCUqSU,Best game ever!!!,5,2,1.5.2,2017-09-18 11:40:27,,
gp:AOqpTOGQqe079nBk9O9xtwmixom4dCrga2uA2x8z2ib-p68oNPIkvRzYOxIkfy4UQAMvu_8c9Hyt4unYKgTo39c,Enrique Zapata,https://play-lh.googleusercontent.com/a-/AOh14GiLe4QH1izwILFFnILK_ERAWAWj6msHBiGk9MvooA,The app needs major improvement  the game is slow and the graphics are not that great. I want this game to have instant results when choosing the fastest speed .also if you do not touch the screen it will go off when playing . So im requesting a refund. Uninstalling app.,3,5,1.5.2,2017-09-07 22:04:35,,
gp:AOqpTOFvCj65TEJ9VaM4pLXYPkcZa9U_XYlgVS3a6lfEqZkncbC-mg-CscLlL0kV1J-WpzI15DYBEnKJyGkiNFA,Greg Schleifer,https://play-lh.googleusercontent.com/-EHNjBJxtw68/AAAAAAAAAAI/AAAAAAAAAAA/AMZuuclmPbTFWOgKJg_lKo1TbUBLLcUrZg/photo.jpg,Great game hours of fun,5,0,1.5.1,2017-08-07 01:28:02,,
gp:AOqpTOFepD6apmQT1owI5qpbTTPx4bAM2jdADqSIKsWjSBhyhwzCLLiSCYGm1o5-AHoSoLezeRLErMfXHCF7zsI,Louis Schick,https://play-lh.googleusercontent.com/-PnjecI5naLI/AAAAAAAAAAI/AAAAAAAAAAA/AMZuucm035Kauw6OKewKDQ8ORPlQoHtauA/photo.jpg,Feels like I'm playing at the casino,5,0,1.5.1,2017-08-05 14:27:03,,
gp:AOqpTOHFjMKrbtfYtU_BlX6A0GHinv85P2YJ5qJJCXXQlkXO908oyAwd-0D6TFE-HMnaBg8XqTY3NNRcPzP02GM,Ralphy Mariano,https://play-lh.googleusercontent.com/-QU7PCo7cTC8/AAAAAAAAAAI/AAAAAAAAAAA/AMZuucnj3OO-Llps9Tlhf6eLCgfQcfqHKQ/photo.jpg,"LOVE PLAYING THIS GAME ON MY I-PAD, AND IT HELPS ME ESPECIALLY  PLAYING IT IN A REAL CASINO $$$$$$$$",5,0,1.5.1,2017-07-26 15:51:32,,
gp:AOqpTOFWlPSKWGVqbgUKI_8V18HhltcE1wMSde3FGYKelWSO6D-ojxKSgfMTvt7wMCBisCfIM8Hu10ReHA8OlPo,YOGI B,https://play-lh.googleusercontent.com/a-/AOh14Ghu_1gbauMjKZ7_gXYui1giL8YYr01LxGOFTsaz,I am an avid keno player of love this game!,5,0,,2017-07-23 01:09:18,,
gp:AOqpTOH9Gnj6AmEPlWkLScY0eIwgeSDE8RptlFz8OVbt_WPqsMS-G7g7T5AxOEZhfmCJy_pwm_3Dx7r1935ZB_s,Jeffery Burns,https://play-lh.googleusercontent.com/a-/AOh14GgXT56nE5bGNPTHbku4VGAGPyqJWmOwf4p16Gwx,Look keno,5,0,1.5.1,2017-07-22 02:02:46,,
gp:AOqpTOGmabDLIV9NXTcZ5Micsb3yMmpr_1JQmcoOUN4WB3OLO9nN_pvbHWEKhDZqFfes32XhSsihsYW14rwodRA,Heather Batchelor,https://play-lh.googleusercontent.com/a-/AOh14GidwdzL3PcxhMb4DA5VKrKWXULmgqjT0AM_9qHXNcw,"Scarab!! You need a scarab, not a crown.. music I had to turn off or go to sleep..and the winning sounds are just odd..like you've dropped $. Doesn't make you feel like you've won.. Also hits don't light up and this is way tighter than playing keno for actual real $$.. only saving grace is they give you more credits when you run out.. a few minor tweaks and it could be a fun 5star game.",2,1,1.5.1,2017-07-21 11:18:24,,
gp:AOqpTOEZPeh7G-vIyVay8voxfDY_V1wckbAHy6BeuZx08BlU8W3JKlYfKck8lSI6adckd-krqiiGGhO0t_Xyfi8,Kirk Kenan,https://play-lh.googleusercontent.com/-3MroOoC_opU/AAAAAAAAAAI/AAAAAAAAAAA/AMZuuckKruKri56c8nmWeatWLpAuXSR1uw/photo.jpg,I love it,5,0,1.5.1,2017-07-19 18:56:19,,
gp:AOqpTOHPHyY4Prp8ezV5fOJ9uiFOxr5ZnbUVIlEeEe2iPgmFhcDX6oueuA4YEofIYjhNmPtK-HMpgVU66LtSd90,IB Good SouthSide,https://play-lh.googleusercontent.com/a-/AOh14Gj_9SG1-zIgCPys6jRpS_aGVYaeMD6MNLr1N_fTyQ,It's pefect,5,0,1.5.1,2017-07-14 08:26:43,,
gp:AOqpTOF2UQ4u4b91sYzz10KsiDkIbAI5nEZyCusvZ8lDTJWj-ARqC2-tBLp843Aly5B3ogMAhBQ8NmU9gVRfovI,Will Massie,https://play-lh.googleusercontent.com/-D0IC_rzBDkw/AAAAAAAAAAI/AAAAAAAAAAA/AMZuuck6aZtlIGbea9G5RYtY5N6C878m1g/photo.jpg,"Don't like to be bored. For two bucks, ""watyagonnado?""",4,0,1.5.1,2017-07-09 22:08:33,,
gp:AOqpTOHn2McCIMbl78HaGivTmIYf_12rJxBImKg2dD0KoUtBINUzGJPs64Zn1p1-vP5KjI3Xcy_1v73JIMKT_GA,A Google user,https://play-lh.googleusercontent.com/EGemoI2NTXmTsBVtJqk8jxF9rh8ApRWfsIMQSt2uE4OcpQqbFu7f7NbTK05lx80nuSijCz7sc3a277R67g,Its a great game to play its just like at the casino,5,0,1.5.1,2017-07-09 14:48:48,,
gp:AOqpTOFY78eDsRYcflCc0leF8NAQAgKDbo7yalQlO65y59JJ8AzaCk0HNQRyowSjM6loR6kwZGEi3Be39uGWZEs,ADRIAN WARE,https://play-lh.googleusercontent.com/a-/AOh14GitXCN00U4O5OZOhBHkJOqFWF3Qe0QrdTvTbP4Vgg,Great duplicate,5,0,1.5.1,2017-07-06 15:35:58,,
gp:AOqpTOEaHH0448hL45IZ8z4wnDCMyjxRh4W4W06h8wHhoyQa0dMQdELYOkiZ-QOC5PJM3vRFWh2nZhW9bOoj5pI,Christopher Langevin,https://play-lh.googleusercontent.com/a-/AOh14Ggl12GPUNHB3maeMf2EldCroKrn_Kad_WSORND7GdY,It makes the time pass,3,0,1.5.1,2017-06-28 13:57:03,,
gp:AOqpTOHrX2d2OvBp9x5-QfOunNL9rfMoMHsZ7uCCFVVlyOYlcTQrkVpI2Hmbm_y3WCMIUsuoNS0c4G-MOWMth7M,David Perez,https://play-lh.googleusercontent.com/a-/AOh14GiYtihBW0NeAaPxArqFu-jTZ0pZUyIxaw3PEgUCJA,Best Cleopatra Keno Online!!,5,0,1.5.1,2017-06-25 08:50:59,,
gp:AOqpTOEXVY_vjgNUH7TIpBhQu0eTNxqv3JiIJCHxMS-D_eZq-dGKP4lYPS2T60d8NxwbQmYWVhXjA2Ih42G_YAM,Judith Williams,https://play-lh.googleusercontent.com/a-/AOh14GjkMLJHNEiXeSxc2OCRSCoa1f_BlQ8i4oPjzuGd,Awesome fun,5,0,1.5.1,2017-06-14 21:24:39,,
gp:AOqpTOGcAZFvFmopEer89_Cclk4HJb7v55s9ptUkIMlob6TsM533wnjDEHK6gFe0An_J4PZA4kknCqj7u8AztcA,A Google user,https://play-lh.googleusercontent.com/EGemoI2NTXmTsBVtJqk8jxF9rh8ApRWfsIMQSt2uE4OcpQqbFu7f7NbTK05lx80nuSijCz7sc3a277R67g,Excellent game,5,0,1.5.1,2017-06-09 11:24:37,,
gp:AOqpTOEnmV0NYvtigfdBDkmJLl3csTMJrGpHr-d_rqGUwGSv6Mok29yzWZEe2S_ku2TkhwgegwNiEQ2HEpjyDrc,Johnny Martinez,https://play-lh.googleusercontent.com/a-/AOh14GilNvgInwYfoqyirNoTrqtGFkOFBhEoISJvyhr6mg,We should have autoplay,5,0,1.5.1,2017-05-20 19:54:33,,
gp:AOqpTOEK34fGRAQ8GF1VoJI3ebZgw4qiBB-FR6yJZqJoP6KhpJs9wKOlSxGVBAG3wOfMFXY0qpJtX2j70PyzIVA,Crystal Cameron,https://play-lh.googleusercontent.com/a-/AOh14Ggx26qEantowwrH9wdH-UDCE-pJGQSsgqC2Kqy0Ug,Awesome and addicting.,5,0,1.5.1,2017-05-16 23:53:41,,
gp:AOqpTOHkm3HX1B53Gz4_Tul1TE3TC5aXhYkeSEFj7MLdeyavFGaxPfjCnK9NRUGaO5u3_2bb5lDIHyntC3hZlMA,Damien Lettsome,https://play-lh.googleusercontent.com/-7mQW24txScg/AAAAAAAAAAI/AAAAAAAAAAA/AMZuuck_V2niGbp1o2-QYIlNcQfYcOsyfw/photo.jpg,Just like the casino game,5,0,1.5.1,2017-05-16 10:25:03,,
gp:AOqpTOGlq2MZs4fhP1jUNRrI6aJ_S1TaOXjXIlMimnj-RNj833xV5RL4GSm52di1DCJ5XcIBLN7848mgIcob5Z0,Lani Broderick,https://play-lh.googleusercontent.com/-xlcgZnSvbek/AAAAAAAAAAI/AAAAAAAAAAA/AMZuucn2Jka0Xamktcmx-zQlZlGmxcL7zg/photo.jpg,"Great game, fun to play! I would like to see daily bonuses though.",5,0,1.5.1,2017-05-09 17:20:50,,
gp:AOqpTOGE1ZbLJQqT7_Q3vJXYN0LKdnP8iYoEtfF9BrgQkR9SWJK2irURlWmUtFv13gDmYMSoy1-yMV-oaXsHE6w,jennifer sprengle,https://play-lh.googleusercontent.com/-QNV_zaxAcys/AAAAAAAAAAI/AAAAAAAAAAA/AMZuucmnVlZHMTCzyLrBCvw5StG8VKHm9Q/photo.jpg,Just started playing so not really sure about it yet.,5,0,1.5.1,2017-04-22 05:20:42,,
gp:AOqpTOFNnEbCmENcFqFrIp6p3N2Uh5EkkqqT9b1RIwXTY-nKf9wR3HlKowRVR2h50Elq8Wwk7q4uJml_OxB9XW8,Dark Elite gamer,https://play-lh.googleusercontent.com/a-/AOh14Gjl_qx5I3OH5Fy7qtEsjnELwZTB1HDjNAY19Y4a3A,"Fast speed sometimes slows down , otherwise game is fun.",4,0,1.5.1,2017-03-31 23:35:40,,
gp:AOqpTOFTKM9pEhnoOspFi1Q9B-mIz8xFewPsEnwQAQhauxnQYJwLxFBpNB8D9kcd0wPXSVP_fhjC-5oX8NS7XtY,star Iyar-tanaka,https://play-lh.googleusercontent.com/a-/AOh14GizYr4yO1-DTqwFdxdBraxwM_e7vroYk3OtsKTlhw,Awesome!!!,5,0,1.5.1,2017-03-20 22:50:36,,
gp:AOqpTOEm8Zz15ejeX8N2EBOmH2qza2V9vNW-HCGGop_9JMJ6O_Bh2T6c3oaTo-896urDNldrcF3wovOTFUiL_j4,Jordan Bernstein,https://play-lh.googleusercontent.com/-6cH24wLm1_0/AAAAAAAAAAI/AAAAAAAAAAA/AMZuucmuiq5uzdlUlEICLH14hOh21eA9iA/photo.jpg,"Very similar to the real casino version, but it is a bit tight. To many bonus completes",4,1,1.5.1,2017-03-10 16:49:32,,
gp:AOqpTOHwaDg8TX3PweR94LXGx8tID4--1r1ECTwMc35I--vRmaAUgB_6ygjiKH-f1ovWApsA_oeN3C7s171Qzhg,Justin Evans,https://play-lh.googleusercontent.com/-uFj1cFWCbpk/AAAAAAAAAAI/AAAAAAAAAAA/AMZuucmHXcDiRRG4sE3tWrUzxGBZ2pEZ5Q/photo.jpg,"feels like playing the real thing. great way or anyone new to get a feel on how she hits IE pattern, frequency and number. only difference s you only have to spend $2 for lifetime of playing and you chase the crown not a tick. highly rec commend getting this app... PS NEVER NEED TO DO IN APP PURVHASES LITERALLY A 2 DOLLAR INVESTMENT...",5,10,1.5.1,2017-02-27 23:05:40,,
gp:AOqpTOH83eJqVpep3zHPB8vvxOis-DjKtlGdHMFgYms7bC3CmNfUzPv3L6f3kfgitAtkY6bUq2I6Q9oel9APUr4,Todd Dorris,https://play-lh.googleusercontent.com/-mgDlcFpUDYw/AAAAAAAAAAI/AAAAAAAAAAA/AMZuuclkPODSYOEcP3IkTsbRWkuGkA9sFQ/photo.jpg,Awesome,5,0,1.5.1,2017-01-30 10:50:36,,
gp:AOqpTOF_xI84ijfHUoyTzTpOrqpjR0Q6aQ8kJYtMb6zczUVGmp1Mm6UnDG1lUMVjNHFznQi78kHgRNrTLAMrR8o,CHARLENE,https://play-lh.googleusercontent.com/a-/AOh14Gh7T5ieRgXI-sAxdKpD5Age4HkHEs4fwO0RgqlMUQ,Great game to play rather than the traditional keno. I enjoy it a lot.,5,1,1.5.1,2017-01-13 04:05:07,,
gp:AOqpTOFfPRFJqFuOT51cClGLI3EaDISqGeByqHRKc3svjCEnFH7VsW68K-zDwUhHl753kPSdAeNJd42oY-xEdbU,Warren Bozek,https://play-lh.googleusercontent.com/a-/AOh14GjL0VOJ15jcVmlO1uIP5jOUpm27smJMJd3pjvu1,You guy's truly need to give out more coins lose in up the payouts I love the game but want to  win too just a thought please update your game soon,3,0,1.5.1,2017-01-06 07:16:22,,
gp:AOqpTOHpfCIHPKLDb_7LefgAHYpGMdfJEcLSS8xfEw5QXckuRXrDoYxiIERHVpkVpjZSad0HA-otPjygQeMsd-4,Brad Taylor,https://play-lh.googleusercontent.com/a-/AOh14GjIMfSheay1js1nv7RoTErulso3EsMYZbGG9vFfeg,Fun game been playing it just today glad I bought it,5,0,1.5.1,2016-12-29 14:47:57,,
gp:AOqpTOERohAsZZH_cY_dDGQ9ZSS5SDFkbqsLMyzx1e_HfeAXJMiqvWrebu5PW5YL7UgRMXHLZVqJeVlvgXhAc2s,Lisa Wagner,https://play-lh.googleusercontent.com/a-/AOh14Gg1uWwHd5ebNHs_d2R9uOXz5EcJUigENqajWh-jVA,"Just like at the casino, its perfect. Win /Loss ratio is about the same as the casino too. But here you can play 1,5,10, 25 cent bet increments and when u run out, u get another $100 in credits without having to wait any length of time and you dont have to leave the game screen to go collect more credits. Ive had it for about 3 years, no bugs, never crashed once, and it doesnt restart or not close, screw up anything on my phone. Its just flawless. It really is Cleopatra keno.",5,0,1.5.1,2016-12-27 00:11:47,,
gp:AOqpTOGaCuWWF4ddgVQL_151YZyADK9hOODcUZXZeqQFSbvCsmQaW9GFOBVt3xhnnh1cPFYUgcGcU5qL3YY_Zy4,Denise Boleng,https://play-lh.googleusercontent.com/a-/AOh14Gg1thvXX-VfaLBf5m6LAPfCknIUkbz5hkN8r6g-LA,Awesome game....I do wish we can bet  .50 of even $1. Increment,4,0,1.5.1,2016-12-11 22:01:59,,
gp:AOqpTOGTVqyxoRVnijo5NJWOvlsaY4qWNAuyX2P-kwiVg6FA3t_0Ysy1N9hWLmQaU8gLijcvtIemSS0AgqGaR1E,Juls Casteel,https://play-lh.googleusercontent.com/-zEYmc8X1VXU/AAAAAAAAAAI/AAAAAAAAAAA/AMZuucl8vBNPcFhWAhQmrxKm5Nw2fOLwUQ/photo.jpg,love it,5,0,1.5.1,2016-12-06 08:57:20,,
gp:AOqpTOHxkFnsxLIlzm3Rf1WiYaYuT8nfSmPdShwQbdh1eHMmZrW4YsOK7bDen1RQdIs3-9FQUOWXb2Mb_d37sWc,Lindsey Antuna,https://play-lh.googleusercontent.com/-E1NIxGhTVpA/AAAAAAAAAAI/AAAAAAAAAAA/AMZuucnRioHTE8-Ndov4-idC7CetWaAF6w/photo.jpg,So much fun. Could play for hours.,5,0,1.5.1,2016-12-03 10:29:35,,
gp:AOqpTOFwqxGukxkmenihtmcJve4HYrmsilWgS9zQMc_8CDST1rKVhzrBF9xb-APODlsrjU1xb2Xz0fZAT1KVkC4,megan mcdonald,https://play-lh.googleusercontent.com/-hEfgC4Wd8h0/AAAAAAAAAAI/AAAAAAAAAAA/AMZuucltdnoLeD_UYWf5LvdpbGlMxMaLxA/photo.jpg,Love it! Just like the one at the casinos.,5,0,1.5.1,2016-11-21 13:42:47,,
gp:AOqpTOERgV4II-hzNNcTeXbPxckdjbakl-mOIiYtA8z5R3klLx_dzYN0ulfzV3oxDcaZGPRl96LZpmqSKNO1Gc8,Carol Ahart,https://play-lh.googleusercontent.com/-kYNj9sfYY4w/AAAAAAAAAAI/AAAAAAAAAAA/AMZuuclE3GrXu6Gdx-MYeBgvfbrYrW-D7A/photo.jpg,Love it,5,0,1.5.1,2016-11-15 18:35:00,,
gp:AOqpTOHMhwoBRSs-dHzcBvJTVNuO60_cy0umen2R6TeL1_qvdzsYJzfAzhWTzEx5TD5Ie9ageFVW4-DDF_tMDJ8,Jacy M Groves,https://play-lh.googleusercontent.com/-o6pi20oXUN8/AAAAAAAAAAI/AAAAAAAAAAA/AMZuucnaqM3-O74L2dHTbvcSBGjYJ7DplQ/photo.jpg,Just like playing at the casino!!!,5,1,1.5.1,2016-10-30 02:45:53,,
gp:AOqpTOGiprZv05A7pnZW6FrFEvD3hlmqJfzTc3RLIF6iW-YsaHS8zISnOiYRln4PGdtPUgmXj4HjNdm7abwje7s,david molina,https://play-lh.googleusercontent.com/-887v4Ylhtrw/AAAAAAAAAAI/AAAAAAAAAAA/AMZuucnfwFE8mWi2tFuXcvK6B23CLRb2WA/photo.jpg,Just love it just like keno.,5,0,1.5.1,2016-10-26 01:30:09,,
gp:AOqpTOFu0pqv8LcgS6W2MZk8QIvaTO7gKo8-PVkSuW3jXPhjOm4pxh7GGd7W2lkgBNmVOKksO6qVuOAkPL8Icpg,Laura Mickey,https://play-lh.googleusercontent.com/a-/AOh14GgxRo7Bey6pn7fyjwKKLpOYXErpr44r2EEkyr1SDVs,"Unique and exciting, the added horror one just adds to the fun. Hard to put down. Great odds and graphics too! Thanks Guys!",5,0,1.5.1,2016-10-23 02:44:30,,
gp:AOqpTOHFjKZrA27WNp8tPUsCPdY18sZR3ldtEchoDMYFlIa_CRggabp4A4tZDiiXGaiJ2ZyLcQ-0ZJZeyrxs0w4,Blake Ferris,https://play-lh.googleusercontent.com/a-/AOh14GgaVBiUGlkKMgXJAePvAeGUow9Zkrr9XxweaEXGSQ,Excellent game,5,0,1.5.1,2016-10-01 19:53:09,,
gp:AOqpTOFcGfGajs0K1s9PLqyecjA1CLvO3-D4o8ieFx_ZnOLVxyNtlvrj3T98FYMVtNvgpiGJznx09Y2oMJeyoVo,LIndi Bjornson,https://play-lh.googleusercontent.com/-Edd9PxUyWUA/AAAAAAAAAAI/AAAAAAAAAAA/AMZuucm2pHeMC_-N5wem5A_vus-IwoPrEg/photo.jpg,Great game,5,1,1.5.1,2016-09-28 15:27:58,,
gp:AOqpTOHEjI4Fr67vgqjpaSyEeVexyXvlTASVovcilILQPHDy_0iWErvS4F_d_8P0uYkZWboDKJ2Hp_ucsECeLPM,Marjyna Williams,https://play-lh.googleusercontent.com/a-/AOh14GjXXL-MMscCQUYgBwJJh9v6ooW6reAgcFbP1s0efQ,Thumbs down,2,4,1.5.1,2016-09-28 02:51:01,,
gp:AOqpTOHLAb-SSgohDAzMPGQfTW5RKowr21Q4a58mwW4XDbZcJXujZZ-uA3VDjLVt-lK8977jiHfpyutrUesqsXA,Candii Sweetz,https://play-lh.googleusercontent.com/a-/AOh14GiBsBbFUTg4rVxjO_OoACJKFA9gwIfvBIoqHbIj1hg,It's ok I think it could be better,3,0,1.5.1,2016-09-26 04:34:17,,
gp:AOqpTOF_MrjmxinaqKVACRBCdEWCw9DCdtAoCu2BvkjaAFF3gMOquaycbjHQNtQrP4JUwm8gwPNC9zT-aKhmqho,Kim Thomas,https://play-lh.googleusercontent.com/a-/AOh14GjIoWIapVSBSFERPvfx84sFYPJnxI5CumGcJ1AP,Will not load,5,0,1.5.1,2016-09-19 17:23:48,,
gp:AOqpTOHNqTVPoOntRFY84A5H0clcIGBZIwWlK0oJh0YeQieRLqF2UccbKa5d13I18vOiq-UWbzXCYSoYyO9bLw0,Joseph Eichhorn,https://play-lh.googleusercontent.com/-FwRIpL1wWbY/AAAAAAAAAAI/AAAAAAAAAAA/AMZuuckRRXZlfclU8EMolTIOTkH5m7RpOw/photo.jpg,Purchase comes with 2 games,5,1,1.5.1,2016-09-09 15:54:39,,
gp:AOqpTOFaz94drZn7_uvoOdFsqEjAZXtkuqgq3JA-5y0Ydq04JjtT53uCSdRK4Qe1LO1zuDTPfCLhg-9gKQGAg9w,Irene Sanchez,https://play-lh.googleusercontent.com/a-/AOh14Gg3Cy2y3Zr4jt5nW-01AQqV1gJN-3pzx8O0XIE4Kw,Good version.,5,0,1.5.1,2016-08-22 17:06:15,,
gp:AOqpTOF7BubIboSaLf_8NbRlRQl6RgPzvGNaYwRjGNIrTkffLiM0XlGDzX9dWQnGfkGO0BcbNiezDmk9s8co8do,Jen Chosa,https://play-lh.googleusercontent.com/a-/AOh14Ghqg1USX8GOUz6cTZbUQOIvbtDxxB-za6hDy1vo-Q,You know what would be even cooler upgrade this game to 4 card Cleo..my #1 game wen I go to the casino in walker. :),5,0,1.5.1,2016-08-14 01:14:21,,
gp:AOqpTOGEgG1eDgeDpVHR1oyUV4tgXVjDC5qOuLRtslJY0QJbsqEo9hlsS6YVAT5fEAfuIF_4G0UMC8-SH5dPPWA,Jona Calderon,https://play-lh.googleusercontent.com/a-/AOh14GgXIXADb4_IyWHUgxC5e22V7R0vQMH-PTfhh30oYg,Awesome like the real video Keno I loved to play in Reno. .,5,0,1.5.1,2016-08-12 04:53:12,,
gp:AOqpTOGoFdTRrwcEGjL7dQWXASJLy2NjxNO_Jn3RfEJUmLR-O2L7Fwd-RbDCe8Ka1Hepik9_f3-puSZdlRcUsn4,Casey Corman,https://play-lh.googleusercontent.com/a-/AOh14GhKQrRgsMH2TT9j4Q4YOkPM5c6h2koEeuHsYgqj,Great,5,0,1.5.1,2016-08-11 17:53:29,,
gp:AOqpTOG51U6uoMVFKg4ee6NhgTUOZYvaZOlkRMZEZ0N0hQ6fAgAn_-eLIljYVw8Icm-AYbkY3sumFKqZfG0PxeM,Carlos Riano,https://play-lh.googleusercontent.com/a-/AOh14GhJO_6czARLTlrDreY9laQXL4Zkkloz1FBAAtMJowg,Lots of fun keeps you playing!!!,5,0,1.5.1,2016-08-10 11:06:52,,
gp:AOqpTOEmzIScIoWbTN5Y-66RBhHn31-yvxwwcEWycfVz6HWkiQCPW5VcZmO5APKcc-DLUv7rPbsYeIvSwKX6Sgk,Ray Ramirez,https://play-lh.googleusercontent.com/-r5Kk6t5cJN8/AAAAAAAAAAI/AAAAAAAAAAA/AMZuucmhyb30Cr5FqbzJMnFiqE-zMFYXCw/photo.jpg,It is a good game,3,0,1.5.1,2016-08-08 23:39:00,,
gp:AOqpTOHQ_Ppy9U8lJlKNPqTRgc1QmqW8tQ8FwqyUY-8iejZYV3ZJjRXaXxwm8mwxG6asY63BV9xMyAhJ-8Dg-vs,Carol Weber,https://play-lh.googleusercontent.com/-gxd84EHmDpU/AAAAAAAAAAI/AAAAAAAAAAA/AMZuuclm9SEoDQZ3266TUVSIWf4O0kxTiA/photo.jpg,It would be nice to win once in awhile.,3,0,1.5.1,2016-08-07 14:45:34,,
gp:AOqpTOGExfz42QbCL57KEdCmmnmJxpXv0uaNJ7gyxe_Ukb8kRbXRzgUz2w2sbW5ct5djCxdu8wFEpZC9pItxt2g,Kendra McDowell,https://play-lh.googleusercontent.com/a-/AOh14GilDpnzgbZPMjeYjBY7f05v76Uzw_P1cL-ZvnZQTg,I love this game,4,0,1.5.1,2016-06-29 12:06:08,,
gp:AOqpTOGvvFU-lfjaALFw15EV2Xql1_f-3xEAglC-Ykd69YsV8k6i1DsTvO-MYaIySXRM16y7rqhJZQk6mrNVxPA,Chris Pierce,https://play-lh.googleusercontent.com/-yH9EzuxuAQc/AAAAAAAAAAI/AAAAAAAAAAA/AMZuuck0zGcSKgnvE4NMC8qafDDvlq4Gpg/photo.jpg,Just like the casino. Lots of fun. Love it!!!!,5,0,1.5.1,2016-05-30 09:55:31,,
gp:AOqpTOGpGm3TMRr7iqGo1LByQF5HmWz13OTs9OALE-Vj05olkrqzxrsdLV_TrZQkAQNYqc14zADtETeGjtNgMBw,Brett Guzardo,https://play-lh.googleusercontent.com/-lqCGBW0RDmk/AAAAAAAAAAI/AAAAAAAAAAA/AMZuuckhMtjbb5AE5t0PCYeFz4TTxtxmpA/photo.jpg,I played this at The Golden Nugget in Lake Charles and did good. But I do like to wager $1 each pull,5,1,1.5.1,2016-05-30 04:09:27,,
gp:AOqpTOHlYhvfLQrWzKDbbu5PFQwvo6rEE4LQQhDcXBB6D1jm6dwX85XjY_K-bBrthh_3FxsjV_YofkBCedCq2ps,Larry Smith,https://play-lh.googleusercontent.com/a-/AOh14GizJXeUIRrueSOO5b7eXABrT0v7rDGDFvYmt4EL,JUST LIKE THE CASINO GAME,5,0,1.5.1,2016-05-07 23:56:01,,
gp:AOqpTOH9dhpNZu_uF9Pn9hrehEHSduIrLwJiomekb0IzMDbgc8oheVuDEJGhYhk6iV7TjTVXT2iTsoTOco8EYi8,Southern IcedTea,https://play-lh.googleusercontent.com/a-/AOh14GibbHPrVG9wOdL2XHaDA8K7mOmWafoUJYl_yl0pglw,Basic,1,0,1.5.1,2016-05-04 13:58:43,,
gp:AOqpTOFUgCC-nkMuFLX7AVTkRb6RND5ubr9epqlojiKAGYAsrlvFB3XgQIelaX4TomqU8cA4TxcRrYbD5CZAwFE,Gary Galbraith,https://play-lh.googleusercontent.com/a-/AOh14Gg1DpN04EIcF88k6BO-FDonrlD04Iwa6VfSOD1lD5k,"As much fun as at the club,..",4,0,1.5.1,2016-04-24 02:13:35,,
gp:AOqpTOF287s4vKMnWSyKlOmuvnyh8Jp4i6lb7LmqxOFbedxwmXcI6h0X8YkkF86pvcQsZ_3_E6d7g4cNbAgsQ28,GE Davis,https://play-lh.googleusercontent.com/-PdoOKem7V9g/AAAAAAAAAAI/AAAAAAAAAAA/AMZuucnx7E_oycI0xKOFojlw2AKMQ_Y1XA/photo.jpg,Great game,5,0,1.5.1,2016-03-30 07:45:04,,
gp:AOqpTOFKfUsfHgLhb-1FrbiJFv0UDF2OU0X1r4ugdOlDVPvIfYVxMMsPbxsWV9TTj-0fQwMLlycJGcb82dzX2wQ,Gina Lockaby,https://play-lh.googleusercontent.com/-KbZi851ysWA/AAAAAAAAAAI/AAAAAAAAAAA/AMZuucnYcf7XrbOd3EZOw7LSy8Exc-MTnA/photo.jpg,Awesome game just like playing in the casinos,5,0,1.5.1,2016-03-19 08:03:48,,
gp:AOqpTOGkhgRDk5bbeQOCrX66mT15GUfClpI1Gm75P0BeixEIxmlr_66HdFdU1LhCq4E8k6Tm4iN739FE-6ksXwA,Joli G,https://play-lh.googleusercontent.com/-cDpefHcoM9s/AAAAAAAAAAI/AAAAAAAAAAA/AMZuucnvQHv9r5-UZ-rb85qjhre91fKX9g/photo.jpg,Fun game! Please add higher denominations.,5,0,1.5.1,2016-03-06 23:21:27,,
gp:AOqpTOExjhVdM8hyjF5zPmkfjL1XN14n6Q3vKzbvaoxqedTLaWv4b6McTkTZSJ0mr4WAATR6nR30y2d5FYke55A,Robert Dominguez,https://play-lh.googleusercontent.com/a-/AOh14Gg8fMMIIck3kfRnAohEyOa8dCEoHeH3Nq7rTQ4-XA,Very good app,5,2,1.5.1,2016-02-26 03:00:54,,
gp:AOqpTOEAo_t5RNACB_BEsJxrcx-hKlevywuWEgrg1FFv4MRboe2KholTUNoPc8czMuaNFcfudHg8el6e30ZEViU,T Catellier,https://play-lh.googleusercontent.com/a-/AOh14Gj8YJEtmf9f0mrA2Ut_PIG_ZLNZNN1IT56Ahpv6Nw,Doesn't let u win any more than the real thing.great practice,5,1,1.5.1,2016-02-21 07:51:58,,
gp:AOqpTOEarMbqthEtdpmi4Uezbn0xSnt1NoNqRPI8RJEnpynYbQuLl6g2fm8NetmDoMLkC6MfCimfHJKY69wQn1g,Christian Jones,https://play-lh.googleusercontent.com/a-/AOh14GiVYhb6OhAeDzCgOY708_g6rgnmXRTStISckiapfA,This is almost like being at the casino but the max bet should be 25 units,5,0,1.5.1,2016-02-08 17:47:55,,
gp:AOqpTOGAI8xUqSelA5biqLEaoPrQ9Og10Vg6jg0qavuHr8etuQyw_BFm9VHESyK76g3wfjeekTIKgsFCWKVyErw,Raquel Kay,https://play-lh.googleusercontent.com/-UfzKAgdnD6w/AAAAAAAAAAI/AAAAAAAAAAA/AMZuucnjTkngIYF0Y7NkzHzZ_GDK7nmrgg/photo.jpg,CX.,5,0,,2016-02-05 07:13:15,,
gp:AOqpTOFtz6zImwaAZSeRm9iaoCWzGJEmauAzfKcNYOTPqrYPruF1UyFOLlJC1t-wYJQRefI9ODvEvZKgg1-i8MY,RICHARD MORALES II,https://play-lh.googleusercontent.com/a-/AOh14GiipW6Lweqv0Ah9XP3Tv5EOQNXTXRhgLFkWTo7KFg,Fun línea,4,0,1.5.1,2016-01-28 23:02:29,,
gp:AOqpTOHQ9xCyxYG7KUXb_8pjM3famL-WGYRr27G5iF6VDQiTPFZ0Y8j4vNvqJkZmD6ZLZ91TY9bjc2fiIy6Nz-A,Travis Brown,https://play-lh.googleusercontent.com/-j1TgTM1DTCQ/AAAAAAAAAAI/AAAAAAAAAAA/AMZuuckxcoPzfwd5cHp7H5rOdBiyCCVn0Q/photo.jpg,Exactly like casino.  Wish they would make 4 card version.,5,1,1.5.1,2016-01-23 14:07:44,,
gp:AOqpTOFjv0FwWly20aYcMW8TcYwwgCrYapil1fLDyLQfBZLQnc9R9c86F3Dx2-Gtgo_N4GlZYCDm_7sUKi6qrEo,D Clark,https://play-lh.googleusercontent.com/a-/AOh14Ggkzv53bz8XHv6wLzHwWvFSw8FnlFQF7of-QwKy2Q,Its worth paying for it.,5,0,1.5.1,2016-01-08 22:44:25,,
gp:AOqpTOEA4b-sHDj5zMqpma0hI6nOYRBzwdj-0c4xfORpMxRhc0vHubmcdUvk5AvmpPhgTBBgJ-i13GoV2_EqLsc,Andy Reddick,https://play-lh.googleusercontent.com/-R1G-765xs9c/AAAAAAAAAAI/AAAAAAAAArg/AMZuucn-GG6VqqgwiFQuV2i8Y_SgAXGwOQ/photo.jpg,Worth the purchase😀,5,0,1.5.1,2016-01-06 14:15:31,,
gp:AOqpTOEzTfaCrg7eAObxUO33AEknASuwkxzmOg-Jn7XLbqDrMAI6b8xy7pghH8immi3mbhmrNLX8HpaIbRRAlcc,Mike Lauretti,https://play-lh.googleusercontent.com/a-/AOh14GjPoQsUt5zjdLL6h6L5ov3MpTSb2ArFwk8quXKQGw,I play this game on the slot machine at my local casino.   It is an exact replica.  Great job by right developers.,5,0,1.5.1,2016-01-04 12:57:39,,
gp:AOqpTOFxk48wb6CDBSPOn4h9uQ7se2bwUH_b9Br0K28vCCPhW724YNuZkhPs4hgvAYK9YdFpYgc4tYxaDjq5wHg,Breeze May,https://play-lh.googleusercontent.com/a-/AOh14GjUecVF2_oaZIV7ZiiblLXzoykKpv30ignXptp4Sw,Awesomeness just like the actual game,5,0,1.5.1,2016-01-04 10:36:08,,
gp:AOqpTOH_wobXnig1OGOtMM7HAEWvrkItLypayh9CPL7LfvsbGV8XaTP742hg2MNvJUVxb18WM-fcYuOKPM1d4zE,Patty Cabrera,https://play-lh.googleusercontent.com/-VVGEpRCfclQ/AAAAAAAAAAI/AAAAAAAAAAA/AMZuucmoXPlLRqeuK1XZqaHXt3CAZtB5Jw/photo.jpg,"Would like it to win a little more, but I like it just fine. It is my fave. Great game!",5,1,1.5.1,2016-01-03 19:22:26,,
gp:AOqpTOHNH37O_fisBJBvsKHq7783OqmxyK7A7B9EhrFBcAJ3urYeCjKhVkgZqO7pgtl04PS0ivm759wKtd_HX6A,Tina G,https://play-lh.googleusercontent.com/a-/AOh14GhXi6W_Nigy8ZD7_5QPhjRAs6knWgWQJWernxHo,There are free games out there that are just as fun and are not as tight with more bonuses...don't waste your money.,3,4,1.5.1,2015-12-30 23:48:08,,
gp:AOqpTOFmSIJMlU1Zhq4myq66vk_1GSXj_PDSifbTk2HpP__8VqjgHcqCzM42PR4fDVih2RpZnjNze2Oh3_9ghO0,Cherish Heglin,https://play-lh.googleusercontent.com/-RIGhNl4ejYk/AAAAAAAAAAI/AAAAAAAAAAA/AMZuuclVMMDR6wyvpHnvRNymKl6F3ufFkA/photo.jpg,Love it and its a great game to play,5,0,1.5.1,2015-12-28 21:47:12,,
gp:AOqpTOHSrz-fb0tgzVS8yqksKrtuyZRHqay0V-9vNacxmXHoMynA1ekDoN561BBS9X87CMTODg6B6vjJadnQwvs,Sam Bragg,https://play-lh.googleusercontent.com/a-/AOh14GiB8AZDomV5lSRr3P1BkAfOEln5u3rQm4BQ9w8DTQ,love the game im hooked,5,0,1.5.1,2015-12-23 20:47:15,,
gp:AOqpTOGQYatNTDGQye4RMCm6gWpcUlMkwhAC3Wi_wqtBKW_NMZiGvKfCTt7CBgrbUremay45XTrrdeJqIVRir6E,Brenda Perrin,https://play-lh.googleusercontent.com/a-/AOh14GjMssjzAG7g9XMYvpqaR6T6GBK140As5EdfeIEC3Q,This game is awesome!!! It is just like the game in the casinos. It is one of the best keno games for android.,5,1,1.5.1,2015-11-25 01:49:47,,
gp:AOqpTOHayAGmVUFWlEjtclO5-HaeOafpRJIJ2FF8BINl-Q6xT5a4aNShuPk8BJk9rT7TJPSwT6oewDwPWYgemZc,Kim Cash,https://play-lh.googleusercontent.com/a-/AOh14Gj6Tgjw5zILVHVjA_nUcpj40FprYyIjkaMddzis,"I enjoy playing this in the casinos, but can't go very often....this helps the gambling urge. And doesn't put me in debt! But then again, these winnings don't pay the rent or buy groceries.Entertainment only...",5,1,1.5.1,2015-11-16 21:50:12,,
gp:AOqpTOGq1lRGGgGAj0qv10nZqM5QybFJcMWouGt2MiULn0Fb0h_euDbrCB3gZ3FVuby7m5GG21rZmejkcJqCnG0,Warren Butler,https://play-lh.googleusercontent.com/a-/AOh14GgoQn9lnZQjmvUFK-x-msrkgxvfMLDr_p9mJvd5JYw,Need to highlight the hits in the win box when you hit enough numbers were having to look at the credits to see  win plus waiting on the numbers wow they come to slow even on fastest settling please fix and I'll put down 5th star thanks other than that l love it,4,4,1.5.1,2015-11-16 16:57:49,,
gp:AOqpTOEi8ss_Nk81U5qhCqoyKHa_Eg58KALf2NwNzcintfe7aUpjrNzpQXd_qe3tIQ1PAaofbz1nxO458s3inJA,Chris Phillips,https://play-lh.googleusercontent.com/-gPqAkoJSKBs/AAAAAAAAAAI/AAAAAAAAAAA/AMZuucnFVQI7piTwPdphxKJVmZ_lxlVL8w/photo.jpg,Fun fun fun!!!,5,0,1.5.1,2015-11-05 09:15:11,,
gp:AOqpTOFWBjNoaFo53imnBBjdFUE5O1FnqdEMR9KB2izRyz1iV_ADJKFhLlk4lT8bMFG7r7OHZLALG1V_Cj95Ns4,JoAnn Stewart,https://play-lh.googleusercontent.com/-GiwjQQAt_jw/AAAAAAAAAAI/AAAAAAAAAAA/AMZuucmp1lsNwTxeE1lFNLZFhwPGxmUn1w/photo.jpg,Need to increase the max bet,4,0,1.5.1,2015-11-03 19:39:01,,
gp:AOqpTOHckoG7yaJiA7Y_M7Uo1gj5pj-r7wVQV20PHKUf9-G37YxivK9nq62IMmKh08h5QU0rUWB4q2qfr4G1XAk,Carl Stout,https://play-lh.googleusercontent.com/a-/AOh14GiLutW3eAnTosfsYZmTcnHzj7UgU9bpKTVlojzNfhw,This is an  Addictive game but it sure is fun for everyone. Get er done...having funnnn,5,0,1.5.1,2015-11-01 00:37:02,,
gp:AOqpTOHCYa0e1lhrigOvyMF3Ro43POhJYzLhLdKz_awuhtNEcapxK1mfLcAcEun-iURkyZ6D1sjLvFaYXfJzIK8,chris goodrich,https://play-lh.googleusercontent.com/-1f68E7pobY8/AAAAAAAAAAI/AAAAAAAAAAA/AMZuuck7C9BZImywt80_g5if0BNUrxkK8Q/photo.jpg,Too slow and needs bigger bet options,3,0,1.5.1,2015-10-16 20:47:04,,
gp:AOqpTOH81mQMqQsST3hQ_g73q85Q2qkOviZtLKzb7bfNI6CD36j0u96cdtklOQrXsUPKoH4XGdwELZj_tBerRPs,john powers,https://play-lh.googleusercontent.com/a-/AOh14Gj9nAyveeqrwgKn8_oPlrQ0MAMR9G4fogkueYGA0A,Fun!,5,1,1.5.1,2015-10-12 23:20:25,,
gp:AOqpTOFva7Azdu90B5Zy2qtaBsUoOHyryOjSehVFN3Raxlo9dm2dp8_sGGCWf3b9HHChGrCC97deoCWxI5FAE38,Ed Barry,https://play-lh.googleusercontent.com/-GW2v8XvhjiM/AAAAAAAAAAI/AAAAAAAAAAA/AMZuuckO9Bl3cNKhQfKuv4rGEbfh4JlJ2w/photo.jpg,Like,4,0,,2015-10-09 21:12:30,,
gp:AOqpTOG2Q7dbC_KXwBtcbL90Q2jIQn4-GRy093ANxfIwS88QC1Cw14_tJvZnkCiAScqya9EVGtaSg6l5gXScvlc,AA HARMON,https://play-lh.googleusercontent.com/-B9OoZAJOVxI/AAAAAAAAAAI/AAAAAAAAAAA/AMZuucntsWXODBnVZN-Y60Z_gtj8cYJ6cQ/photo.jpg,I've played this game I'm six or seven real casinos and I'm semi-addicted to it. The app doesn't disappoint.,4,0,,2015-10-01 09:19:29,,
gp:AOqpTOFsaRi0VRzwqmCBgA6fSww-uftFqB5OqWsiQTcZ6XB4a3iA6IRGxt6UsM799SG9WZC7RC5hBiEDIKl0Ku4,Christine Gray,https://play-lh.googleusercontent.com/a-/AOh14GjN9VtdZIPagA0yH3lco6pYqoS-6rcy5DHzPHpx6MQ,"It's cool. Bonus rounds are few, and then they are stingy payouts if any at all. Fun",4,2,1.5.1,2015-09-27 08:24:28,,
gp:AOqpTOF8I11cHcp8lsl7DbUHO-jdESdMiFmORVXAlvt0lUKM8ENSiCRLQ-HgOEKHaebvQf28VRkNTOXujHSD_cI,Roxanne Agredano,https://play-lh.googleusercontent.com/a-/AOh14Gi3fVZM-5yzK-VTst2SQPA-j_0WpYtw_DN93otaEts,I love this app. I haven't noticed any glitches.  It is addicting and I'm saving money by not playing it at Pechanga!,5,3,1.5.1,2015-09-23 06:51:39,,
gp:AOqpTOHpaAqILnF_zwnt9457uPaTX6GAeQ0F0OwMO0J-Rq8XfurRGItqZ2_stvPpNJ0iDV-PHmCJsBIPeSRdOyM,ZACH3RY H3RRINGTON,https://play-lh.googleusercontent.com/a-/AOh14GgobMb9zCBXxgr8GVBOfaYFvInRnrRC6IhzQc5K,It is what it is,4,0,1.5.1,2015-09-19 04:26:44,,
gp:AOqpTOH8TGIz01WPLQKBd_IDEQo7WKVPqUZUqMxYh0evpow0Z2qZacvym0yn4vABdtw1MyP_efCgA9IfI80TSR8,DeDe Feller,https://play-lh.googleusercontent.com/-FpJgdDq25CQ/AAAAAAAAAAI/AAAAAAAAAAA/AMZuucmKl8DWknaMGKDhExEOc3GpnI9uRw/photo.jpg,"I play this game at casino. This plays just like it, thanks!",5,0,1.5.1,2015-09-05 16:18:10,,
gp:AOqpTOFrtfENb94K4f5uPFBFcuBwa5U8e46MBDpMb8ib9HTUxHSgdtpGLIblI_7Lw38imzDNjpHxtrNTRFro_88,Tina Rust,https://play-lh.googleusercontent.com/-Ki1pN0I0iL0/AAAAAAAAAAI/AAAAAAAAAAA/AMZuuclilU05UhLM_l6s0Nsp92R2iqEU1A/photo.jpg,The best game ever,5,0,,2015-09-04 13:59:19,,
gp:AOqpTOEze8AaeJCG3WhknqyTezaPuIuDJD0oJFgb6npYM4fEZUirHBLIGTkFarJAhrg7Tb_nsDD8LI4WqEotpN4,Wilson Garcia,https://play-lh.googleusercontent.com/a-/AOh14GiTjdgTeYowiQHJ5ErQ4RdAPI7cqP_LsgwlljRQpw,I like this one!,5,0,1.5.1,2015-08-31 21:46:29,,
gp:AOqpTOE88ukKZIrc8dd-EfHvWVrVnT7583C4MTyyVWmGo4fmi9KYIGQgQ9WXmy4ybWaS-IwR0PWCCyDbbORPm9Y,Terry Oliver,https://play-lh.googleusercontent.com/-owSqHK_6u7o/AAAAAAAAAAI/AAAAAAAAAAA/AMZuuclOiEKyBi34CiuOrM-PsM4oIlnnVw/photo.jpg,Just like at the casino.  Wish speed could be faster though,4,1,1.5.1,2015-08-31 01:06:12,,
gp:AOqpTOEOAxWlr3Cml1vNiq1AFpHdkY1S3YDK5403B7v0qXA78awhho2puVugNsuIt4mfCvZftH5B_BeX-iAU1Xw,Jr Picard,https://play-lh.googleusercontent.com/a-/AOh14GhRyoyVfNHx70gMejXPJC7qp0m-BChmiKY7guNlBg,It's cool,4,0,1.5.1,2015-08-23 00:48:58,,
gp:AOqpTOE_FU74b6d5Rp0C5gKfoaybQZOFH3Yh83MpL-fi4jM687EAIbaXM7jPkELnylkGQjL4iSFEvHsFGp1XfYE,Ericca Bryant,https://play-lh.googleusercontent.com/-57__J6lYcN4/AAAAAAAAAAI/AAAAAAAAAAA/AMZuucnaqu_qw0Q1pWtycoZOVHMeWs7_kw/photo.jpg,I'm addicted love it,5,0,1.5.1,2015-08-22 18:11:50,,
gp:AOqpTOH7Afj-8X4fJKuJnyJBSuJYS6DuQErGPHer_KfCKVm4VzbX38el-ixI1G8CQeHrKRaoZcMLuFMaycpNnwA,Charlene Sluder,https://play-lh.googleusercontent.com/a-/AOh14Gju4s0GA5cDzzOUrcTuDrh007Y0aEzHAaO7tn1tpQ,It's great,5,0,1.5.1,2015-08-16 13:24:51,,
gp:AOqpTOF0f30WRXeQajuKa_K4zrfqOaCqtW8ut8iB-d8V3EccC6qZSA1AfACav_TSD1viOhRNzHqq8JdrF9xcOhM,deborah talent-mascott,https://play-lh.googleusercontent.com/-NVUVf45GQtU/AAAAAAAAAAI/AAAAAAAAAAA/AMZuucnZe9CnD4pdKzwgz_nCWtL-pac8OQ/photo.jpg,"Just like the ones i play at the casino. You never let me run out of credits, and I don't even have ask.  I just love it, I play a lot of games but this is my absolute favorite. Its hassle free, Try it!! You'll Love it!!!!  One little thing if it had a auto play button I would like that very much.",5,19,1.5.1,2015-08-13 23:28:40,,
gp:AOqpTOG0ITm5N9_c_-3zLk85guHTF2wXRff5_KXZUdzACKbLpRIiesvju2D5sUqKkmNEahm_eq10ud-jJsCRizg,Elizabeth Boulier,https://play-lh.googleusercontent.com/a-/AOh14GhZwKiI1c7Hl8JiKsmOv2Mpujpzm-e6VOWCKbZ0cg,Awesome games,5,0,1.5.1,2015-08-12 19:34:14,,
gp:AOqpTOF2LyUpoLPpFwATaZiYh-pLQ6HWTYCo-4--lVA4_qm18LtNNvRCAhKcaSsofJ01WXxWKU4SLdckWTgMqLA,Tim Yanke,https://play-lh.googleusercontent.com/a-/AOh14Gj0yNrcJDh4D4fry88uSwNmO8-dTn1riCKY21-FKQ,Just like the casino.,5,0,1.5.1,2015-08-08 20:15:05,,
gp:AOqpTOH_6m6Wngt4BM-KSQZV_glYpSaqngpSHQ26MrfeIOe1RbVGYvrTWC7kxyk5wxpkgX_0ak1H5GbvAcwaCCI,Jeffry Hays,https://play-lh.googleusercontent.com/-Grb9-XrcAyY/AAAAAAAAAAI/AAAAAAAAAAA/AMZuucmrQg1DGBam1VEU4n8loB37NxUjTw/photo.jpg,"Don't waste your money! In about 1,000 plays, I have yet to hit more than 5 numbers out of 8, 9, or 10! You seldom get your bet back, and it isn't fun at all!",1,3,1.5.1,2015-08-07 08:04:35,,
gp:AOqpTOEP4I9WQ79Hb2yFIjo06OABwSH0gYdLHfIsix34Y0f8EfSBaszORI7Ne6UtWFr0y7Vs0cYAn_dNxWvEMxA,Geoff Nagy,https://play-lh.googleusercontent.com/a-/AOh14GgWNDsBEhsk0wT8uBtM2NwxLLtZ_0mVSX4TftJhEQ,"I love keno and this is a good game, wish the odds were a little better, but don't we all...",5,3,1.5.1,2015-08-05 21:59:56,,
gp:AOqpTOGb2afMSGu60Jwul7w61hPV1Wf6Wi1fJ9rS84KPecWGv3vEqDzYn5tOg4gS-GV5fwuUDHdDqKe0vBr-IMU,Edye Bonds,https://play-lh.googleusercontent.com/a-/AOh14GgTDPAgsqv9Fz7NwNYjcVCZDgjGYSDvfC-KxmIHFw,Pretty realistic! I hardly ever win :-),3,1,1.5.1,2015-08-03 03:24:26,,
gp:AOqpTOHMBPb59J9soEZwBj4tHNVJry6j7dus1hWYl9RZkReptyBhwvEx9VF7QyhYLAHbvPAnouxhBk03QSdNkbU,Albert Alarcon,https://play-lh.googleusercontent.com/a-/AOh14GhKFeA-Plz9NwgSIfiiBsAoUYDOH-fMePVaLv2Kzls,I use it to warm up for the real game,4,0,1.5.1,2015-08-01 23:08:22,,
gp:AOqpTOFbUn9jT-tFUgYptbChtgmhlNks1OB132RkJ2WOE3bZDoAFIP4g1EPrHSdQHdQOvQtR_CPYFOovc0Lpeok,TAMMY HARDIE,https://play-lh.googleusercontent.com/-qNuAvKp691A/AAAAAAAAAAI/AAAAAAAAAAA/AMZuucnJKUF-HtlEhDp8NK_Nd8d_JP80qQ/photo.jpg,"I just bought this game and so glad that I did. I usually don't buy the games,and actually this is my first one but I'm glad I did. Its just like the casino Cleopatra. I am having loads of fun and I would recommend Cleopatra keno to everyone. Try it out. You definitely won't be disappointed.",5,1,1.5.1,2015-07-23 22:35:06,,
gp:AOqpTOGy4A81vo7dKF-YWaFunxBpzpMG0fOlPk4s2ieQYXy14gSmBDnkB78kq3ANkvotgrhjrmQ07KRmQq98mZc,Michelle Mika,https://play-lh.googleusercontent.com/a-/AOh14Gge1sYP24OCuUq64hmivQhNX4MMLShe-WBxSKqX,just like the casino.  thumbs up.,5,0,1.5.1,2015-07-19 22:28:54,,
gp:AOqpTOFIRiwn6H01m3oZzbVkTkrvStcR6aCfJ7BFRa6AuuzkroIBxv1086QA-BpnCA6uQUWiPDOIf_K-2TGv3no,Jeremy Henry,https://play-lh.googleusercontent.com/-BYX_7wap-70/AAAAAAAAAAI/AAAAAAAAAAA/AMZuucmhfq0DK2F55UM23bmroD1tsRv-ZA/photo.jpg,Plays just like the casino version. Takes your money. At least it's free. Great app,4,2,1.5.1,2015-07-13 14:14:57,,
gp:AOqpTOEbEvwed9HuP1AV9_wE_h-1P1VwPeMXzCltk0Hs7TsDSNq2pCzS5HLTJM_GSZ64_2eNAAJyTv1MCSJFee8,Darrell Trombley,https://play-lh.googleusercontent.com/a-/AOh14GjqBaiDf4ia8IuG7DMJ0hX0_rlAfZ3NJIVTHhWLEg,I do not think the product is finished please remake mote like the Cleopatra found in casinos.,5,0,1.5.1,2015-07-13 09:18:22,,
gp:AOqpTOHcUP_mZuj_73UY-fYbvf63lQjlQNGt2ehAkmMQJuhSVjI3gZSX-xac1YOA5BT_cP3QU89sLWMJn2tcfwQ,JA Jr,https://play-lh.googleusercontent.com/a-/AOh14Gi9oqRZSvkbaTIpECb3D8q-rMDPecx7_7lTgi72,I play nothing else !!!!!,5,0,,2015-07-11 07:52:11,,
gp:AOqpTOEDJD48eTKd0d-c7G9nO8l7pdV9cAWC-gTVIdER13RQgx22s5DaozmMyA6u-f8y4Ab_xS7LSDCKdNTdPJc,Michele P.,https://play-lh.googleusercontent.com/-0sc9lLP0uZU/AAAAAAAAAAI/AAAAAAAAAAA/AMZuuclVhROsRaUvTWiTu8J5_uW5OsmtRw/photo.jpg,Keno,5,0,1.5.1,2015-07-03 14:39:03,,
gp:AOqpTOHP7g41gdqquZ2PVwjRQWXtR4MFdJqTYS5vmix-Vt0ZWQfiowZTXnt6AR-JYSeHuxWEWwqkowCuv9YufFU,Kevin D Taylor,https://play-lh.googleusercontent.com/a-/AOh14GgsveK5zrA_klqymAJumh_r4LTV9Tb59PrYKGO_bQ,Just like the real thing in the casino. Love it.,4,0,1.5.1,2015-06-24 16:28:52,,
gp:AOqpTOGO8uhTf8q_lM0o2W8RcKdAoYfBirT6c7XY18SA4w7OdRu4Es5pd2E3bcFO5038DKK0dSF8rDkQkT3hbs0,Heather Tanton,https://play-lh.googleusercontent.com/-MPWb4S0R2RM/AAAAAAAAAAI/AAAAAAAAAAA/AMZuucmrigxi7bX4L-k2-v7gMmbi6Cw6YQ/photo.jpg,Boring. Waste of money!!!!!,1,0,1.5.1,2015-06-17 02:27:13,,
gp:AOqpTOGbdiJNNC0HIuse1r7rD7tiILezBtgr30kgevjKKgCvA6QBFhr7xYIRhCaaRuQy9rRKP6-mlcyoHLX4fXc,Kara Riley,https://play-lh.googleusercontent.com/a-/AOh14GhVfAW825_e-EeOXU1T3efA7LIziLT6T_zL-0ZETQ,Great app. I play this at our casino n I must say it's pretty close to the real deal...just wish the casino was as generous. ...thumbs up,4,1,1.5.1,2015-06-01 00:59:49,,
gp:AOqpTOGi_X-gMVwfy2l4Fq9FQ4knF5ISRbEeWdjmb-K5tNtF-9u51Lo63P7YudcJR0OYTiGtoBjaVJZudQlEAc0,polkadot candycane,https://play-lh.googleusercontent.com/a-/AOh14GiFjSzLMVbdCclGJ4ZxqMKZt_-Ik0C8crAZQ835,Just like I wrote in the title. I thought the title was the description. Its a good game.,5,0,,2015-05-19 19:12:35,,
gp:AOqpTOGQPioUvhpooLZc5u6Csjx1AZnZceKfptMjiNdORKgfEAPfdnH1wWB8dGzs_4FI26bFgrKY8ZktrRUb3bY,Antoinette Wright,https://play-lh.googleusercontent.com/-rpr1Jd5DFLE/AAAAAAAAAAI/AAAAAAAAAAA/AMZuuckGe7JVS30XPmuWt3BkhFiUAdynZw/photo.jpg,Game is just like the real one in the casinos.  Fun and exciting.,4,1,1.5.1,2015-05-08 14:31:55,,
gp:AOqpTOFLFPc5JhAJIWKTHtZdHfo7Kp6UoAnOuunfHjz_vWviuJFKl_1rEcTIdTkSjmyYB53tjj4AZfSXJI3nMdY,Martin Torres,https://play-lh.googleusercontent.com/a-/AOh14GilptrVIHG7vAuo_VwytzeFU5HlEPjzPz8jafsikA,Seems Like Bonus Round Goes On Forever Even At Max Speed Its Too Slow. I Would Rate 5 Stars If The Speed Increased But Until Then Im Stuck At 4 :(,4,15,1.5.1,2015-05-06 18:13:36,,
gp:AOqpTOHRMtJ2WA5Q89wguvtDeq9Sme0ZHZA4MCNmOFbClgmvYiMz91MPHQg9kUDOZsCLNjpiVJT9w7WOPqorNuo,Niki Harvey,https://play-lh.googleusercontent.com/a-/AOh14Gh063fMB_juB-k4vvtMcGnH_AQNjRWsi_KPRa3M804,Love it,5,0,1.5.1,2015-04-29 00:39:41,,
gp:AOqpTOF8J8gdu35Z5la1MZm5gBPokN2AOZPwPDnIO2WXgvg5fXWjv5cKrf7IltdEn2ty3HVPszDi8tZqOouVSUs,My Favorite Things,https://play-lh.googleusercontent.com/a-/AOh14Gg0WI_sPGWqJsTeW7ciYKuuNZwJtxFsuD--QxSfEQ,"Wld like more payouts in the bonus and or more bonuses once in a while. Make it more exciting but overall,  its good.",3,1,1.5.1,2015-04-26 00:27:21,,
gp:AOqpTOH2gKAqqY9LJVJXhxy--WDZtEoa_Xo_McXhimuJUIU39MHV5zmClUVaZoT1nlHEPxbnRtxEm1Enf5R7DF0,Terri Johnson,https://play-lh.googleusercontent.com/a-/AOh14Gikgd0_3hmOTV7NFJBpbrkL0S0QfCSqthZqOzE8ZQ,Awesome!!,5,0,1.5.1,2015-04-22 05:01:26,,
gp:AOqpTOEM_rPAIYTacf4_MHfT5HKxTUdwbpK_rufrPG6KEOqDXHwykj0fMUtPRrywUayD1HWbwGjxXWJURH_6nt0,Toyse Smith,https://play-lh.googleusercontent.com/-nBJBp45MkLM/AAAAAAAAAAI/AAAAAAAAAAA/AMZuucnEGFKEqj8-hlYctwzeLxiNpt42KA/photo.jpg,"I LOVE THE SH. T OUT OF CLEOPATRA KENO. USED TO PLAY IT AT THE CASINO.BUT SINCE I HAVE CANCER NOW!! IT'S SO MUCH BETTER AT HOME KICKING BACK  IN MY PJs smoking my blunt laying in my bed .on my meds it's great!! KEEP IT PUSHING ( CLEOPATRA KENO) IM RIGHT HERE ( I BOUGHT U) IM NOT GOING NO WHERE. ( I WOULD LOVE TO HIT 8 OUT OF 8 THAT WOULD BE THE BOMB!!""",5,3,1.5.1,2015-04-16 18:53:35,,
gp:AOqpTOHucMdeP4ku7VcJUzspj3pcFZiai4XjqvUB0t2R3Mrg4F4ufvJH58kriUz3PZsdbf1j8d9Vptfe0Y9Rgdk,Carolyn Augustine,https://play-lh.googleusercontent.com/a-/AOh14GiyDc7whmghRv68GJo2-KePUbbd2tV2LGO842mFhQ,Amazing game!,5,1,1.5.1,2015-04-13 10:35:46,,
gp:AOqpTOH41uTGJolhqrwzd3jC3BLQMe1JFxynNBwm6p1qMMgCTYhHN_n6wVHu8br4EffJhiPyV7BdVUR8SunEPZM,Phyllis Terry,https://play-lh.googleusercontent.com/-KpxDtYe0yJE/AAAAAAAAAAI/AAAAAAAAAAA/AMZuucnymTU2rNmSAXw6-Unyr9hT2jm8rg/photo.jpg,Queen Bytch,5,0,1.5.1,2015-04-05 12:16:16,,
gp:AOqpTOEy4iS83aYQ41Hd1A6MyF8g4hSYzHtRbFm6Z0bdaD-exjAxARyKx7o5FHd0lYLpBYksbBNvl1BfkGX8V1Q,Steven Babauta,https://play-lh.googleusercontent.com/a-/AOh14GjS3KezQs_Tnf51RWyE0YbV0bp3MERjUxxONg5h6g,It's definitely irritating just like at the casino...lol..Still got me hooked though.,4,0,1.5.1,2015-04-03 23:03:11,,
gp:AOqpTOEJiCaPT_xDXkVn_B8LV_O9AT5ev1JrmWdAK8dt0V90kclJjszSbmcA-1Sj-ZDzKp_TOYQiwUteOYYEMZw,Chad Hamilton,https://play-lh.googleusercontent.com/-mgCj-2MDK2k/AAAAAAAAAAI/AAAAAAAAAAA/AMZuuck_7_ZwHkN_Xbo48kmtgkcZF1cX9Q/photo.jpg,Needs to be able to bet higher other than that good game,5,0,1.5.1,2015-03-30 07:36:21,,
gp:AOqpTOFWo8RfRLq8I4uIO-XPgt26B8WrkdYmaJV4wgdW2dKIno3o82i7l6XbLpZXvBH53faZQwd7boZLKbuArB0,william roseberry,https://play-lh.googleusercontent.com/a-/AOh14GhSr_RRrdDDBv795fK7vsvM9PrxgQp0-yNvfDhUDQ,,4,0,,2015-03-17 10:43:26,,
gp:AOqpTOHCP7VIScxxSDY0FfXnmF0MvkTZkNvNO3U0lNMFu6wDEMwqAO1BcQTCUsdnUP0v_TaG3JJDrTd9OVKZiPY,Ti Hults,https://play-lh.googleusercontent.com/-MR9jvWK5g0Q/AAAAAAAAAAI/AAAAAAAAAAA/AMZuuclUu9XcNCJv7CZ7X4ck41wzlIuZSg/photo.jpg,Plays like the real version. Graphics are a bit different. Would be nice if you could speed it up a bit more.,4,1,1.5.1,2015-03-11 22:54:22,,
gp:AOqpTOG230XChsLcNOPU3j8qhL6vY2L6BFH9nnxBiWOFwzz48vKnw-Cg7cWqOM_uzdssSXuiaSi53916ayEQOB4,Roderick Walker,https://play-lh.googleusercontent.com/a-/AOh14GinJ26SCg_aT3oxvXvNUD4oEmowN9Tk9GVY3GwUnQ,"Payouts are tighter than Vegas, but I don't mind the challenge. The bonus is frustrating though ( too many Bonus Completes). Also, hate the music, puts you to sleep. Great clone of my fav casino game though👍",3,10,1.5.1,2015-03-10 22:22:50,,
gp:AOqpTOG6E9wBhECHp8XaEONZyVyxlHlh7sCOAzT6VpLYc87WSnk2xNyQ5MVk5i3HZXXGefyhCXOCwUGlqkHi2t0,Jess James,https://play-lh.googleusercontent.com/a-/AOh14Gh2YTN0T7aVV_Q6kh7OELNVtjvGTj_A5VmYvjN_ww,Just like casino!!!,5,0,1.5.1,2015-03-05 13:56:45,,
gp:AOqpTOE9kXASiSslYWtFpKjzrd3Nm83IPPH_6lIV80AieeA4uYv5WE3rWin3UbN661_y4RbjrivLPe88bTMVMEM,Michael Fireworks,https://play-lh.googleusercontent.com/a-/AOh14GjCZ8_WdfPilsAxMgTsA1vnU5-RAwe8Y3_8HeaZDg,"Close to the real thing. PUT THE BUG IN TAKE OUT CROWN! Please UPDATE on making the winning sounds better instead of someone dropping money when you win? PLEASE ""SHOW"" the wins LIGHT UP ON THE LEFT SIDE IN RED!!!!! This way it will feel more real and fun to look at. Show the win drop down the grid in red as you get more numbers. After a win in Bonus have it add the credits when you return to the game like the real CLEO. Also with the winning sound go longer per credits won! Climbing tones!! PLEASE FIX!!",1,28,1.5.1,2015-03-04 09:07:29,,
gp:AOqpTOFOdgNc3n1lY1GnGvRq6XbZJKJFwbTXajZYFGPNgHqJ7bLXfjZwL0CYO3ELOVTqK1N3CMXmFGbDvgI2MDo,Ronin Warrior,https://play-lh.googleusercontent.com/-z2q3e1qbCng/AAAAAAAAAAI/AAAAAAAAAAA/AMZuucmAu9Ccyd7ntgtPV1rV8u099cv9sg/photo.jpg,Give me my money back u cheap scape. It is not the real Cleopatra keno. If anything the keno creators of Cleopatra should sue u.......,1,5,1.5.1,2015-03-04 06:53:37,,
gp:AOqpTOGO5th-SuC2SVrtg6Xy8OTM-phEnkN3K93UC91nqN4eczvM61muAn_VmQwtupmSdezY2DF3K1d4dfiPgAw,Lil This Lil That,https://play-lh.googleusercontent.com/-4MLyH3ZZvgs/AAAAAAAAAAI/AAAAAAAAAAA/AMZuucnwoTZB-jlMGGnusqB5RTQ1gHtYTg/photo.jpg,This is the worst keno in the store...Don't waste your money! Nothing like the real thing...The program is set way too tight...Negative in every category played for a few hours...Also hit numbers do not highlight as in real life...Bonuses are VERY RARE...Very cheesy. ..Keno Keno for free is way better!,1,0,1.5.1,2015-02-22 06:47:42,,
gp:AOqpTOFTx01yqTQsSzKe5dI545EahZ_JWBvn8OMzY5f8SV8rDEqj1Yw7CVRtMHVaO-v2MjPkKiT7T4H-sv7lew4,shaw palmer,https://play-lh.googleusercontent.com/a-/AOh14Gi2qZGTTsHim11kkYUhsFgIGzyf3fqEWm8pj9aZ,One of the best keno games ever!  Very much like the real thing.,5,0,1.5.1,2015-02-17 22:42:36,,
gp:AOqpTOE44_wuGtgl6_XHDH4YUiGhig9jCB3r50w6QJb_5sQV4QbNaOse18O9qC1qXP19zerZmqZlA555dlroASY,idontwannabeyouanymore,https://play-lh.googleusercontent.com/-cQIsL80COmk/AAAAAAAAAAI/AAAAAAAAAAA/AMZuucn7zuImWnXOSQw5URnJzllWj706FA/photo.jpg,"This game is pretty awesome the only problem I have is I play every combination there is and very rare do I win, let alone get a bonus.....but it's free money your playing with so it's fun.",4,0,1.5.1,2015-02-09 17:47:27,,
gp:AOqpTOHcrx_KE16bWASjmo8NHdnUU-Lr5vArOjBtJzpdrgoRx4P-0e3pzskAsx-i2bVuAhyn9P1qSpg-wWTccMk,Maryanne C,https://play-lh.googleusercontent.com/-V6DTbwf2zk0/AAAAAAAAAAI/AAAAAAAAAAA/AMZuucmyDqPcGvMUYczWTG64_GCLtcgvKA/photo.jpg,Just like the casino version....Love this game!,4,0,1.5.1,2015-01-21 19:53:04,,
gp:AOqpTOGtNF0x4fx73j6CD-F0I-3jnRAzHbE0GAXsc-qKvhNuAakoQT6YnJZH_DpGn8KdWM6B35jsf5fGeoKy35g,Shawn Ringle,https://play-lh.googleusercontent.com/a-/AOh14Gj6evOu0qUNfWEy9Qq2PH05DfYiLkWQJUBLUkcpqrE,Wow,5,0,1.5.1,2015-01-17 08:56:51,,
gp:AOqpTOFTw-BpCtKWRB1b_Hvt8e1MBoEkB62_kIqwqJV2hXqG77n88-DP5e_Bmpk5g5KaYeQHCMXm1g75J7siuKk,Some Guy,https://play-lh.googleusercontent.com/a-/AOh14GgLiXRb5ysIeVTMHGzUd5pAqCEY3Lpi1-4yohUOrw,"It's funny to read about the people that say this game doesn't ""hit""...retards!!! it's a game of CHACE based on RANDOM f**king #'s!! Maybe ur #'s are s**t and that's why you don't hit!! Dija ever think of that?? The game is great!! Looks and plays just like the real Vegas machines.",5,4,1.5.1,2015-01-14 19:13:01,,
gp:AOqpTOHGR1TyRqSzuZ2ruyCfkQT7Hs39sS_7xjZ3kUKFtKvqcWFJaM0vwdvQkhFIj-yPydzN0NU4SLcxsRy8lB8,Jeremy Mcneely,https://play-lh.googleusercontent.com/-iia6IMvvrbE/AAAAAAAAAAI/AAAAAAAAAAA/AMZuucnsk8LuHnxjcGmS_kwebmQcvZfNZw/photo.jpg,It's is just like the game it's fun,5,1,1.5.1,2015-01-11 13:35:21,,
gp:AOqpTOEsE7OqLoCEEupiU7B9aozR4hV5voNjqhVH9iLik0A6ulEq6JDQB0pCMwvSgzVg9PykpGKI19Nb4FWqFTo,Randy Searels,https://play-lh.googleusercontent.com/a-/AOh14GjtEQhbV52FTHhm79ZHl-RqN3C7SbvLMJlbUsOyDw,Excellent Keno Game,4,0,,2014-12-31 06:18:48,,
gp:AOqpTOHKAY5eo54v7ZIqnAVqZulF7MXn2IbGGXRaj6oK2VG5OhByFm0zk_KgeCZE0NzMsLjEBTyyWuJG73AL6uQ,Jeffrey Coates,https://play-lh.googleusercontent.com/a-/AOh14GiqXsgy6wSz4ANzgfyQAxJdGHkhPzHpNpnpasqXCg,Just like playing at the Casino.,5,0,1.5.1,2014-12-25 01:46:47,,
gp:AOqpTOF6xl1zutHRjmlbUuhWRGREeAjuPhYdRaovVr7dUHwOr3NH2cHOh1CcjrCOym4EnQZsorbxLx76dv5BBoo,Tanya Girl,https://play-lh.googleusercontent.com/a-/AOh14GiqZvd2ZKwh7nze-oNA5HTFIdyoAHG_HROTn0ALtA,I always played this in the casino now I got it on my phone for Free and ain't tricking off my real money,5,0,1.5.1,2014-12-08 21:57:44,,
gp:AOqpTOGh_2kOGWtiBAvyBrSy75Rma7qjAfyYX_AcV1ZEHtCmKNkTT1fzDMv4sOCtF95va5jHxY8RAQjdEfDUZvQ,Ida Gill,https://play-lh.googleusercontent.com/-F6-BAwZWay8/AAAAAAAAAAI/AAAAAAAAAAA/AMZuucnnRz_K_xE4Xo5CbnkylLJ9qjOIXw/photo.jpg,Luv it great game to pass the time.,5,0,1.5.1,2014-12-06 14:43:18,,
gp:AOqpTOFhLSZD_sS-dfDS6RNBMu1nqBKsGyrW31t66o4x6J38Q9qrRXYxQ0-sJQl5wuXuL9hUk98NGm9Tk0JIHpQ,Josh Emerson,https://play-lh.googleusercontent.com/-OWL1gVaj6jE/AAAAAAAAAAI/AAAAAAAAAAA/AMZuucnbWYwTWhqquTQE64oOFVx_j1RlzA/photo.jpg,Love this game,5,0,1.5.1,2014-12-06 14:17:28,,
gp:AOqpTOHW5lZbseUTr88NiuVOaXc7b8-Ns327EmC3auXXqEOmMmPzvT4a_eOEBuyf26Ufrgh63guHT0AK_WlYQ-U,Angel Roybal,https://play-lh.googleusercontent.com/-xukRK0q7LpA/AAAAAAAAAAI/AAAAAAAAAAA/AMZuucm_I0LEInI0NMxQlW03fVKRbuV99g/photo.jpg,"I like playing Cleopatra, but this game rarely ever hits,  if you want a better review, let us win once in while!!!! I give it 1 star till you make game more enjoyable!!!",1,1,1.5.1,2014-12-04 19:19:40,,
gp:AOqpTOGky0I4yLCQ8bI5OhMQKIZUfb4a_kVjWIu_eZB29-6bFjxz68cH-ONzHkGV175TjSOZoI4mnuFLO23GNUA,David Bennett,https://play-lh.googleusercontent.com/-KwsQ0-X7zm4/AAAAAAAAAAI/AAAAAAAAAAA/AMZuucnZN7rQWnoYS_n8Gl9Howp27JIxNA/photo.jpg,YOU UPDATED THIS APP AND NOW ITS HORRIBLE NO BONUS GAMES AND.   WHEN I DO GET ONE IT S***S ON ME!!!,1,6,1.5.1,2014-11-28 19:14:30,,
gp:AOqpTOHsnH6iY8RQ0bKU98M7bfw8tLyEhJOwiNEH9ETzY51uOILZAb7VMHKWaPNR1v96oiR-brZfSGnJFEh_qAk,James Wynen,https://play-lh.googleusercontent.com/a-/AOh14GiLlLl7Zu78IT90pVxxzvrwYIqneTr-oGWCkDVLdg,Man I'm from Vegas n this is pretty close to the real deal... N I love that I never run completely outta money... So much more fun than playin on Boulder... Lol... Thanks n u should make one for 4 card cleo keno...!!,5,3,1.5.1,2014-11-27 02:58:48,,
gp:AOqpTOGiJjzhzRmd4GDnYVTKiiBDsFhK7AsWneBvSuze0PfX0KWvA3Q7riDiK5x3N8s5YfSEGV9iyeOBheGSj5k,matt conley,https://play-lh.googleusercontent.com/a-/AOh14Gh2JeUKRKs1--gtZ_2iNA2ZDpjZJ-tt3RDUn9F0m2s,Just like the casino game!,5,0,1.5.1,2014-11-18 17:48:01,,
gp:AOqpTOE0Cl52OlaY6vEwYoogG6Oin70Cwag0REJZgd9g94lzWtzJMfSzG981wCOwg2tRnYsOjUxcaTRBHBCiFZY,lillian mcisaac,https://play-lh.googleusercontent.com/-Z0EorYPoipg/AAAAAAAAAAI/AAAAAAAAAAA/AMZuuck-9BR2Ye0HL6PDWaI9mGtKplTlxA/photo.jpg,Recommend for any keno lover. Worth the money,5,0,1.5.1,2014-11-16 12:59:34,,
gp:AOqpTOGXCkF3W6A9qsCx5EQOGpiu-lCuiQ_she2eGvcZX1P6O436hyy2Y60p0qH35vjVmKBk1anYAnr4Zu-YZog,Cassie Collins,https://play-lh.googleusercontent.com/a-/AOh14GhXhPIIr9uF4ADsEWSmJ2TZDf09SDNOk9r7mLD7hhM,Love it.. finally!! Just like the casino!!,5,1,1.5.1,2014-10-25 23:00:38,,
gp:AOqpTOFVLHq5Wh9hYsDAG3hTHac_AhMw6TGga3agiDz2MIVDRQ33zWLC7D4lzYFMgbTRhQTh2HSJfA_xHDxZfXE,janet leon,https://play-lh.googleusercontent.com/a-/AOh14GhYsgLsZ_qKTZG8CbTZH2YMv-NTLPUox6ACbPtx6Q,Plays just like the one at the casinos!!!,5,0,1.5.1,2014-10-15 13:09:43,,
gp:AOqpTOEe6fxm0RPUMFUBZGDDDXM932gJ___6tKmlbI13Fzbb3c5JuwX9qDsacWizoIo1-U4GwQW2eud4Tu5_xpE,LISA SOOK,https://play-lh.googleusercontent.com/-IqVZDdmZT28/AAAAAAAAAAI/AAAAAAAAAAA/AMZuucnnzr0u9WFR4-dMqpMt7QzDS6TkJw/photo.jpg,It is not let me play my game let me the game last night just want my money,1,1,1.5.1,2014-10-13 09:57:32,,
gp:AOqpTOFXxLADGRqrmDvX_Y0KtqsU4lbGZOnmQXynjIP2MCndbBcYe2wRuRS2IluCRjqPXg0AMg_INjD55yF-vY4,Ynot Swells,https://play-lh.googleusercontent.com/-oYI9FHwDy8I/AAAAAAAAAAI/AAAAAAAAAAA/AMZuucmg60DEnrP8U6khE_aXdYODUSKJSg/photo.jpg,Love the game,5,0,1.5.1,2014-10-12 10:25:07,,
gp:AOqpTOEbbiXEj_U9vwju_s0ioEr2btPkseKiFrwmwfIyD5nmB8WqIKMRHCRn4IsXqmReJQaIpCnZLlp7mSEk450,Craig Dupree,https://play-lh.googleusercontent.com/-8SiM7sv1xPQ/AAAAAAAAAAI/AAAAAAAAAAA/AMZuuck_hzf_gdGu8NxlMM5QHe18uo95uA/photo.jpg,"We need more money, $1 n $5. N we need to be able to bet more.",4,0,1.5.1,2014-10-05 19:34:30,,
gp:AOqpTOENPXZOugn2A3xUlDd49Y9HFtFX3AdCGYq12Obt0ACNaIgBlE7c8f-iAnX-5ux3zbkbof9WNfIXCcik4GQ,Art Gill,https://play-lh.googleusercontent.com/a-/AOh14GiZDzbc6dCwkoc70xHiE-fdki8rR7yJyh7yDcVveDU,Acts the same as the ones in casino that I have wasted way too much money on. Please add $1 bet (😯),5,26,1.5.1,2014-10-03 06:40:06,,
gp:AOqpTOHC7RScovY0OWGBadk8nHp35swcZFRARhJGwU_iTClUawdsmkpf8f2Vd6XblxeP-AG_WIeeGAS_xVxAxfI,Mike Dominic,https://play-lh.googleusercontent.com/-3xTQ96oCWh4/AAAAAAAAAAI/AAAAAAAAAAA/AMZuuckHMz9btbwv3rVT3ybgPlzObX507w/photo.jpg,Same as you ones I wasted money on in places.,5,2,1.5.0,2014-10-02 08:56:18,,
gp:AOqpTOHR3Sg3gR94f7SThZvl1fDJsvjaMwaOkfVviIIpQlPJnh0ICcQiKgv2ufqCoRAG62MLNYfQpFnBlbaJyH8,Donna Yetter,https://play-lh.googleusercontent.com/-lMQNom9hUYg/AAAAAAAAAAI/AAAAAAAAAAA/AMZuuckdHfCLv39Ap_ytEBAC7JrD_0BMnw/photo.jpg,Update is fine. As with the real thing bonus games will come. Still fun to play. Best part is I'm not spending money to play. lol,5,0,1.5.0,2014-09-28 19:32:49,,
gp:AOqpTOHn6joJLeabrsSHUo12Ob5LEtx0ZUJXor1jGyo8JxVH6AAz68Vyop8adlfSWJsTEmQgIGiDqQy1mhire1c,Frank Cook,https://play-lh.googleusercontent.com/a-/AOh14GhIRgJOev7BK32ee3jacfBX_SnuVMOuBnMmGT6c6Q,"1 of my favorite games at the casinos is Cleopatra Keno, and now i have it in the palm of my hands and its almost identical to the casino version plus you have the option to play in Horror mode. Gotta Love It. I would have given it 5 stars if it would let me win more. Thanks a bunch to the creator!$!",4,0,,2014-09-24 22:35:03,,
gp:AOqpTOFkuTDR-85DS7ps3e2DAUmYNzsUG6tW8SybCoagCFcIygbNzMA-MRgbKiDgYLGRInP1ZFwngvHeWrd0L84,lil Lynn,https://play-lh.googleusercontent.com/a-/AOh14GiDhgNPJFYw8TSpMGf3nd8NASJUehAdi78eW9BrHA,Great game,5,0,1.5.0,2014-09-21 22:27:41,,
gp:AOqpTOHIsl9KgeZ9-KL5Fse4oDR2CqSWrulaDVf604wWsV7mGt0A2KJxynBlvjT3C4_gJzhxDPxFbQLQo4hEJuk,James Boshey,https://play-lh.googleusercontent.com/a-/AOh14GiV-7XvCsDgeouVQqOBea_SJExSK5N59-LgD2-m,Thanks I've been waiting!!,5,0,1.5.0,2014-09-17 20:51:05,,
gp:AOqpTOF9SiDfn0aj_rP0xZqDLwrwjwnH76Zv9m9S3QKU_KAGWMOFJtowCsnI-Ip6kdZIIryqH8h1zD9DZ2Rh-vU,robin thrush hall,https://play-lh.googleusercontent.com/-qYYy08UxiRw/AAAAAAAAAAI/AAAAAAAAAAA/AMZuucmSt8se3QHwKWuATdVXH_XVIZ39pg/photo.jpg,So fun!,5,1,1.5.0,2014-09-16 12:24:55,,
gp:AOqpTOHyW4lV5tlJnbsQlE3_kR3y_fSBCmtqL71g20BSpHFi0eHmxeaW7i6vqAxFR_U6d1OUE1qIpV1youJxGBY,Stephanie Perez,https://play-lh.googleusercontent.com/-_C6cSZ8qCfY/AAAAAAAAAAI/AAAAAAAAAAA/AMZuucnM_N0bn-WOaXxbQw64WH5Y2F_wDQ/photo.jpg,Very much like the casino game version,5,0,1.5.0,2014-09-12 17:59:44,,
gp:AOqpTOFvM7Q2ojLEudqn5RAqzUVXyhho5-wKAJtAlNDqGiuHb5ZQ0lrF8aold3cT1tbCwmA-PZ8uMFA_GDbyzQU,Tonia Smith,https://play-lh.googleusercontent.com/a-/AOh14GhcBneU80l5gSzJgqxIQs_mCjnFgNfwwuuOouBfmg,Awsome,5,0,1.4.1,2014-09-02 08:06:06,,
gp:AOqpTOFrvhC-_X90Izi4qu8oN1kahyCfRn2KnPToDLzQnSPBq8iQwfEkOnSdXc3HFFy2VsizvVbwXYfpxJbChpI,Sylvia M Cginnis,https://play-lh.googleusercontent.com/-oVsU_SlSeEU/AAAAAAAAAAI/AAAAAAAAAAA/AMZuucnxBWnQjGP2-AI-sUhZdjF6t2zDWw/photo.jpg,I love it,5,0,1.4.1,2014-09-01 10:42:17,,
gp:AOqpTOHi6JZRJtr8kctC4biu9Os2ZF1p-8UWgMkMauf0Tzo7O-5tn3gIOeFc2NhKoa1EtZkMJKWV0g9Hcb661QM,Sky Mansfield,https://play-lh.googleusercontent.com/-UBSTi5M7MVg/AAAAAAAAAAI/AAAAAAAAAAA/AMZuucnS86-F-ZdBOELHj8DzY2-NvMwleg/photo.jpg,The first casino app I've come across that actually mirrors the real thing.,5,1,1.4.1,2014-08-31 23:12:38,,
gp:AOqpTOE5zvjd_KPIrdtcEJ-_t7owP-NHOhgHJoK90WAmfNs6aihvFAlsA9bNYXWaRgDFY8gDc_x7cb3hCpyZm-A,Alia Dorr,https://play-lh.googleusercontent.com/a-/AOh14Ghu9WPQdMo4aJhniVQRnsDNNems3AM33XvkhFO35A,I love this game!! It's just like my favorite casino game!!!,5,0,1.4.1,2014-08-29 10:17:26,,
gp:AOqpTOEN_oCFhfT2oE4aQ_P85NQEGH1UwFifTxwJsh-YnpTolnxOfZYqUV_gvrok9yIdRvssOI4Qk_bdXOnkDc4,ReeNa Ready,https://play-lh.googleusercontent.com/a-/AOh14GjWTYFXDOw9s4l-xk2fnDqm2RcP8fQfta-TXkxSVDA,..all 12 of them...,5,0,1.4.1,2014-08-28 15:35:12,,
gp:AOqpTOFxvCguQAzngf65P18Jm8wcaZP1Wrie_OEmeu3xcuN9j3urOxjdmtFzSDyignTp-IctpF1NeK3JmnhmmRo,John Shilling,https://play-lh.googleusercontent.com/a-/AOh14GgX-DqHq0sJ2vTRXnnRVKlg7ZMpmXZscDFvuR6USA,This app works exactly like the game I play at the local casino. It is a great way to try different playing methods to increase the chance of winning more often.,5,0,1.4.1,2014-08-25 19:40:58,,
gp:AOqpTOGOBOCv7Dj0IV0oAcyEiRiTSsrUWNxQNWmmlwSfQC4PZiCrj_XqYsYrHaRB77XMzLGr13pJut1m8Bx46HQ,seamonkey 122918,https://play-lh.googleusercontent.com/a-/AOh14Gg7vbTZ50ZQkUdPRFsOFJDpmYzUcC-jmpjaXF_u,This reminds me so much of the one at the casinos. Cleopatra keno is my favorite keno game ever.,5,1,1.4.1,2014-08-21 07:43:08,,
gp:AOqpTOFV3eqDi4OJBEU3CS5ZNib9LRt5xNSv518INfv1WRRY-dA7--eWLAABMZ8xSC5b9PgKQLCG_BUWw9OAkPs,Gordon Nelson,https://play-lh.googleusercontent.com/-9SoRsxfiTV8/AAAAAAAAAAI/AAAAAAAAAAA/AMZuuckxRk5q_in7Nq3l4qGrkQQSIusbvg/photo.jpg,Not enough money to bet on the game.,3,0,1.4.1,2014-08-15 07:53:42,,
gp:AOqpTOF4qT0IetBg63bGHAIM7al7tYCyQsLHrpEvK8V70NxW5TElipe7oyV4IejjQDdKh4zFuvv1mW26kJk8Gb0,Carolyn,https://play-lh.googleusercontent.com/-BLgGuhLXUlU/AAAAAAAAAAI/AAAAAAAAAAA/AMZuuckLG19hClpgQcePbv7EpX8pkt-H4g/photo.jpg,I enjoy this game. I would like to be able to bet more than 10 credits though.  Edit: today the game wont work at all. When I set my bet none of the other buttons work. Disappointing...,3,2,1.4.1,2014-08-09 18:16:09,,
gp:AOqpTOGQYLXWYBOHe1hZYQR4xkx2fMradh2Bq_FwD4W0ofrM-xnll8g-C7E9PrLVHeLctMXELnDUYuHmSVLLMy8,Cristin Peterson,https://play-lh.googleusercontent.com/a-/AOh14Gi_aYgeVsQvRa-kXlatXukxsy9UYOJSv5k7V7CAGA,Really good,5,0,1.4.0,2014-08-04 20:04:12,,
gp:AOqpTOET_kknuoc6Tsc2Y3BwWdenIwZupXPwJGNAtIB8rNfbJ458hWBhwQA_dJHY8JM3PXlvnyxv1qC5bNTCDSM,Tina Woods,https://play-lh.googleusercontent.com/a-/AOh14GjlPWojD6VsBu02UJucTjlTTQziYPPIe5_ephHmqA,Perfect exact to the ones in the casino,5,0,1.4.0,2014-08-04 01:27:31,,
gp:AOqpTOFDU2NEB4mJLxdR8zXcjhZrT4B_j_Iie313LgUhNZOjMzP8aS59mIATNGqO2dspDTAiW4iIBNtjOIDtrP4,Tami Stewart,https://play-lh.googleusercontent.com/-KhH4X0WXMz0/AAAAAAAAAAI/AAAAAAAAAAA/AMZuucnJ5IFqLdt8DcO27T6xUxF0S3QmJQ/photo.jpg,THE BEST GAME OVERALL,5,0,1.4.0,2014-07-30 08:21:57,,
gp:AOqpTOFv3tVvqQkV9i7oeb8VmOX7mXImcRaYEVyQnQklCDMDUxDW5XSZ9LquCQrtRqLy_DPREBrqqgDXbzMLQLQ,Terry Hall,https://play-lh.googleusercontent.com/-3EKkhCzciVA/AAAAAAAAAAI/AAAAAAAAAAA/AMZuuckx-WfFhZpDAFSgP53l2W7z9tixiQ/photo.jpg,Just like the game in the real casinos. Enjiy passing the time playing it,5,0,,2014-07-28 12:49:11,,
gp:AOqpTOEwP_5ZeNTMhwjkcoJTSyMrQY0Laiz98MpylEPN6e6Fn3th-ODwTut8y1HsoZmEGeTzKylTyIcdjqTFR0Y,Shannon Talavera,https://play-lh.googleusercontent.com/a-/AOh14Ggnweto6hHy8AsYWX0VPRABW8hrIiQZk_UjoLRo,"I really love this game! It""s just like the real thing. It reminds me of playing at the casino when I lived in Reno NV.",5,0,1.4.0,2014-07-26 14:15:54,,
gp:AOqpTOEIZPw-X7OGVIqaM2wNj5rRePZBaffwvlWV1aqalmpjmq1gi1F3hLWxNH3JquPd5mMk9KieWE0hblAYxfM,Ozzy Impson,https://play-lh.googleusercontent.com/-IlVf2bDIH4w/AAAAAAAAAAI/AAAAAAAAAAA/AMZuucl7hns2WdwsfY5qBMfUfg4AUFj7Mg/photo.jpg,Fun,4,0,1.4.0,2014-07-20 13:43:06,,
gp:AOqpTOFNgGyni4DmgCFkZCJoczms7wt_dmWSWc-V8pcl7D0oZ1LGbTqu0KQ8UBi4gdrTY4M17Ix_3fU1CHiVl0I,Skip Smith,https://play-lh.googleusercontent.com/a-/AOh14GiwpHCUefnLCN7juYA6vt_kjiInOjaCqD_2rOuD,Love this,5,0,1.4.0,2014-07-19 01:51:21,,
gp:AOqpTOEMGOaRwFs4F_4adoGTEzAUwbZLvg6bmlD1HYQuOiQ7p3vtZUhqA_hXs0xwyfmhi9grLr8AE6ggWEehL6U,Debara Ozuna,https://play-lh.googleusercontent.com/a-/AOh14GhmHuFvu65UlrPKudC82ZXLBFDxd4vo1sHwGk0I1A,THIS GAME IS REALLY FUN TO PLAY...JUST LIKE THE CSINOS IT TAKES AWAY A LOT OF PLAY MONEY BEFORE U HIT SOMETHING BIG...I AM HAPPY I BOUGHT THIS GAME...EVEYONE AVE FUN AND ENJOY.,5,1,1.4.0,2014-07-18 20:30:32,,
gp:AOqpTOEoRrkGr-5BMABEOEF2a30PRi5DmRkdf-OkCrfjAMEBPi4vGXlZ75zro9acsuh4Wv2lbvbh2UHtMAPe5Uk,Robert Peterman,https://play-lh.googleusercontent.com/a-/AOh14GimQ1KOOaLtQauEsq9v4aIxs9Z6hT1tP1Nqfnx9,"Very realistic, just like casino.",5,0,1.4.0,2014-07-17 17:25:34,,
gp:AOqpTOFtNuekzTWXtGX3xXNx7uud983u451gIto-KJ3cQCcP5j0Ccfmpt04oG5FZ8wJrR4Ad6e51AKZkzvCpPyY,CONCEPCION SANDOVAL,https://play-lh.googleusercontent.com/a-/AOh14GieBpa_5vsyeDE9EL77xSY7ylE59OLxux0zM4giBfo,I love it!!!!,5,1,1.4.0,2014-07-16 21:50:19,,
gp:AOqpTOE06W5VbLIuK6z7LWdtDQgYbJw-hHZ-Iq1vE30vT3Vu0pDVyDremwDO7pFQkFDXOVEJI2uespgeslxBIx8,lisa wagner,https://play-lh.googleusercontent.com/-70hpNAVr-LY/AAAAAAAAAAI/AAAAAAAAAAA/AMZuucli8ufNnhzq5h8ATHy34SWEusmM0A/photo.jpg,"i been trying to install this app i PURCHASED for six HOURS now. this thing is so slow. its not my phone either , this is the only app ive had a problem with. if i cant install it, im gonna rip its developer a new one. so much that he/she will wish they were never born",2,0,1.1.0,2014-07-10 17:57:29,,
gp:AOqpTOHdYOR9DIB6mAIDPp-9PqBR8zdd7CappM3t5Z7jN90K_FWsHIOi2IGT41WkLiO5bwWqZ2QsJDfyd5Dt7yw,unicornsaremything lily,https://play-lh.googleusercontent.com/-LXMzo79Q3aA/AAAAAAAAAAI/AAAAAAAAAAA/AMZuucm1oBcwBZJqFMobmUw8mz8v6db96g/photo.jpg,I love the game but it keeps closing up and going back to main menu after about 10 games. Please fix it or I will uninstall.,2,0,1.1.0,2014-07-01 04:52:28,,
gp:AOqpTOHTZlb-CsuPp_uIfEcyOhB9N5UZf4ICQlYeij-CxwnRgvi3m11vODOfjA5GMVJu6kxV1aTCBg-WAK835PE,Christina Scott,https://play-lh.googleusercontent.com/a-/AOh14Gj1WOm_T9PMYeQOtFeQvFklDmzgFa9iXdR2dRWk,This was the best game everrrrrrr,5,1,1.0.0,2014-06-09 21:34:50,,
gp:AOqpTOHq6CZfp7NqCZt4bqkh_w6szr87TFMQuSnsxnC39Q18xqqGLHHS2hE6Gm_C9HJ7pENp5NHQrmmyopFgg8Q,Emma Costello,https://play-lh.googleusercontent.com/-Xvx8k3EeS9k/AAAAAAAAAAI/AAAAAAAAAAA/AMZuucl3IXYwYzYqIl4skCEbqcJdS4FAvg/photo.jpg,The game sucks don't waste your money buying it max bet is only 4 credits bets are from 1cent - 25 cents  they should at least made it max bet 10 credits to put more thrill into it but it's a okay game just needs more thrill to it,1,0,1.0.0,2014-05-22 19:50:41,,
gp:AOqpTOEk6mVDuMold_AirWLuW9ttBfKTT5IA0wD0Uo1p3SwseqpXQp7SIhCLZ1h8NGCNsbqs0DD8l-oeLtdPe0s,A Allen,https://play-lh.googleusercontent.com/-DA8-UJnJDGA/AAAAAAAAAAI/AAAAAAAAAAA/AMZuuclWxgcW1sNqvaQU9ekAO6QQ9-EQYg/photo.jpg,"I go to the casino a few times a month and play Cleopatra Keno, this game replicates it well and keeps me playing for hours. Love the stats and horror theme too. Best Keno app I have found for sure.",5,2,1.0.0,2014-05-17 21:43:26,,
