reviewId,userName,userImage,content,score,thumbsUpCount,reviewCreatedVersion,at,replyContent,repliedAt
gp:AOqpTOGPFekQ2uATMjvEJb_mQ_35KeYoX2MrZo6PgM7jsJcUGiZvSXhjRDBUh5ElXaTHrjnp1RRiB0Wcs3JYuw,upset_zay,https://play-lh.googleusercontent.com/a-/AOh14Ggt5KJNuxmlTU1DmRIQphqdfAWRbd4Lw4JPsRmJrg,this app SUCKS!!!!,1,0,2.1.0,2021-01-18 18:08:19,,
gp:AOqpTOHKtnPfTkXbPSICGnT02xpUxUor914aKr_lbfSO1MrCszFVvZwEVwPusH2wlr8LD1GQKwkfMyk0xEOC6w,Future Amen Honesty,https://play-lh.googleusercontent.com/a-/AOh14GhPvJyDPJVVDyFuQvg9_C51_mLXduaj2lqSVNIw,I am having trouble with it it is glitching and I need a way to get my money back or a new recording studio,1,2,2.1.0,2020-11-08 20:06:03,,
gp:AOqpTOHPU9OiNfM4CuUIXbvUzmJJfjQ0cWVIystiHKuVn3KlfyEmPrac88F5cebAZhjrxiOjivlw0vdVHqj8gw,Colin Jones,https://play-lh.googleusercontent.com/a-/AOh14GgTfOJvAMPuxs2ta9GatQhWZvLh0sAIcQjZYTe8Og,Perfect,5,0,2.1.0,2020-11-01 01:30:38,,
gp:AOqpTOFHCLg2pTrb2HIGBY1Epuo_kMtNXCtNYE7sW3Qtfv81r4n5QBibs5z0Gqld7JX_OnHDprt_eSDB3BhkDA,Evans Sam,https://play-lh.googleusercontent.com/-Bui4smxGpNg/AAAAAAAAAAI/AAAAAAAAAAA/AMZuuclJ2Hy1lYROgKuo13lZHYOTSdcJQg/photo.jpg,All of u are fake pls dont buy it,1,1,2.1.0,2020-10-07 16:23:57,,
gp:AOqpTOE0sYYTvYM6q8qFNe8_-bauwt395joj5uZEiRkTzfchaMx01Ea2jTrDqjvnKq5z8Xv6uN8hMb0G6VNayw,Lil.E Wahsquonaikezhik,https://play-lh.googleusercontent.com/a-/AOh14Ghg5JzgOMnBzo9yA_qSu5MmQyj7ovVrCMoCQtGPBA,I'm an artist tryna make songs.i can upload a mp3 file and record over very fast and easy.lots of instruments when you buy the program.few bug issues but works fine.works well for recording artists,2,17,2.1.0,2020-09-30 00:35:25,,
gp:AOqpTOH5-NOCAbSeEkgTMcy_-Zgq-rl4uxj0ZjNluW1zWnDWd5CYNNBdGb4i4lOrjjaFEwDFRuDZRmwZcnBmNQ,Aleksander T,https://play-lh.googleusercontent.com/-pVo5EfjiKn4/AAAAAAAAAAI/AAAAAAAAAAA/AMZuucn2Kye7hb_4VxRcY5F7YhDwEuB5xA/photo.jpg,"Worst app on play store, please give refund.",1,2,2.1.0,2020-04-27 06:02:05,,
gp:AOqpTOEH5-R6btEgG10VC4w-vAMoRl2PLqs9-gKl7lZd5rNhJAZEVUdgeJLzASZNchrUfGL7H4WePl5exLKDfQ,Chris Thoeye,https://play-lh.googleusercontent.com/-xYLmL0YAAfc/AAAAAAAAAAI/AAAAAAAAAAA/AMZuucm8LZe7rYZs1hcuIU3wxwAwOCEvjQ/photo.jpg,Doesnt work at all on my android. Total waste ! 1 star is too much.,1,19,2.1.0,2020-03-08 12:34:42,,
gp:AOqpTOG6O7d24DP1kqjxO9u2JhDrIL6thhHyw_CxJtwOsS9DNRp9Hwp3pqbI7K5BDkR6IY-XeJLpTtRWHzwRSA,Willie Smith,https://play-lh.googleusercontent.com/-O737HsO6i3I/AAAAAAAAAAI/AAAAAAAAAAA/AMZuucmfrEGb_lFlTosvScxdzX_NDpCJ8g/photo.jpg,Great,5,0,2.1.0,2020-01-10 01:40:07,,
gp:AOqpTOFAZxIALw1bCO7yE9qySwLmFhUukCvM3eRQiJ5YY3q0hAw4OnX45Yti9Bei5pdV9Ocnq1vdviobYNBf9A,Michael Els,https://play-lh.googleusercontent.com/a-/AOh14GgpYojmz0PFG5C5QMPrypf8L6Xt_dqy_cts2l1EKg,"I paid to get this app but it does not work on my device, I would like a refund please?!",1,5,2.1.0,2019-10-18 01:39:23,,
gp:AOqpTOGVjeGCY_WPBfVx8DVs_EnBTbLS3GK0k61Jolb16wUd0eoqdGRTXMw2oqK-KxmUPJMCr_jXD3gGP7ECUw,asap dollaz,https://play-lh.googleusercontent.com/a-/AOh14Gi5sOHJmKIhyA-CrDObCUQf4HeSRfZmfQWIJYXHSQ,🙅‍♂️🙅‍♂️🙅‍♂️🙅‍♂️🙅‍♂️,1,0,,2019-09-28 12:47:14,,
gp:AOqpTOEfZz2T8rw95WlJWKUhkUZoQpOVZ79USXoD9eLMG5nDvuE9OsBmY245puDULSOKZPPENYnqHY4iSxQJ_A,karl clancy,https://play-lh.googleusercontent.com/-ik4tZ6S9c2Q/AAAAAAAAAAI/AAAAAAAAAAA/AMZuucmCcEjpBQZWlP65qus0BEo-qxDPsw/photo.jpg,"Not as described.. cant cross fade, clunky interface and distortion of my imported files.. a user manual that is essentially useless and simply stopped the first time of using.. nah, poor.",1,32,,2019-09-11 07:47:19,,
gp:AOqpTOHxSdrRTDHUOSgS2NWVeEJ4SF2nsidQ8RTKXUJStCmsQDyfWqJNaSgoJHGNmF0_0fhiF4e7tBjIMM0glw,Zacharias Turk,https://play-lh.googleusercontent.com/-yjMVyrRDKA0/AAAAAAAAAAI/AAAAAAAAAAA/AMZuuclFYxWLbSPWaIrcmCzofNUYVO6D5g/photo.jpg,"This app is usless, I cant record any vocals. it either just plan out doesnt play, or places vocals anywhere it wants on the beat.",1,29,2.1.0,2019-08-15 09:39:10,,
gp:AOqpTOHNGyE3Co_ETCR027Bg31zTmv7hBiIOx88hV4vDDkH3vPTznMeGgGWTYbX0RzSZngtNitpxTuxI6F5D8g,Lee Hartley,https://play-lh.googleusercontent.com/-MhK3CP7XsD4/AAAAAAAAAAI/AAAAAAAAAAA/AMZuuckUEBkwCNDeYMURqw-s60QPxWHM2Q/photo.jpg,"I wish that I could, not give this app a zero, but a NEGATIVE 5 STAR! I have NEVER heard or seen such low quality drum kits! THERE ARE NO QUALITY MUSIC MAKING APPS ON ANDROID! PIRIOD! WHY!?",1,68,,2019-07-21 18:02:55,,
gp:AOqpTOE5RJNdC9UytGCUqaWkoz8ZyTQJ76CRWsZPsXkk-Ft9UoLsHBp30YUZoYWQ1Yha2Px0VVwlZhBpiAC-Yg,vusimuzi reece,https://play-lh.googleusercontent.com/a-/AOh14GioEvl_6kpnUD4ap-JI1Rj-GVm5jMz53Rbfcde0,nice,5,0,2.1.0,2019-07-10 13:47:45,,
gp:AOqpTOECU07D1VIAJm7A93Rh_D6nayrd60HMqESF6rLsX2X75uVirt3N7WtUuj1KqmB6zttBocsPs3A2YvogbQ,Joseph Bolanos,https://play-lh.googleusercontent.com/a-/AOh14GhfSy_kCiHp93H9CT0teWgnjUN-FfZqPz2ZE7ex,2019 this sucks. App won't open now. just hangs. so much for wasted money!,1,7,,2019-05-30 19:29:13,,
gp:AOqpTOFubv8HDWPUb_tsMy8TETuR0SAzvWzWlCkdTLfxB3smH2QnND1a-0MTAUmRkuP0nPXrqsEj5or4HjHyzg,Keenan Partridge,https://play-lh.googleusercontent.com/-QZRWFnBgwYA/AAAAAAAAAAI/AAAAAAAAAAA/AMZuucnDmjPTrg12uzcqxbBt3PEdkp1W5A/photo.jpg,Completely pointless because of all the bugs!,1,9,8.0.0,2019-05-12 11:29:10,,
gp:AOqpTOFGuGU72_dpuphnVoqZ5K0eL8N12FSnK70MlTsXEIfkH67syEDGjSwd-oLt3J6XTcM8Xygnl1h7obElRQ,Rafaella Prieto,https://play-lh.googleusercontent.com/a-/AOh14GiV5BEMtW6Z2_VmjbIMowTxMwD0pC27q2yp0JrF7A,glitvhes too much deserves no stars. DO NOT WASTE YOUR MONEY,1,7,,2019-05-10 17:21:06,,
gp:AOqpTOGYSlwKPszxmZ18jwgBYKtTQLRcZYVxUHf217gFVOybBIvMeZ-R1YJbbnY3aZRhoRNc65XCZpuZfO8A9w,Zakk Schrom,https://play-lh.googleusercontent.com/a-/AOh14GijE07wgbfa2E6xPErLStJiHsVaXqxY9vOwIl_y2Q,"terrible, buggy, rip off. i want my money back does nothing",1,23,2.1.0,2019-02-22 11:40:36,,
gp:AOqpTOHljvpIpSvx4d93ebrHJZ_aZlxNG93Sij0dK56vhID1wvM43LLYklSQ_EXPSlZwcRPAzYpYjwo38VfJ3g,Lyfe Kaotiq,https://play-lh.googleusercontent.com/a-/AOh14GiAh90UIPbw1AI7-zX3GHMxYqM78vVJU0XaRfLY,okay...so there's no setting for changing the time signature or meter. You can only record. adding an instrument means trying to play the keys and strings on your phone. yay .25% fret size. done. waste of money.,1,89,2.1.0,2019-01-30 15:28:16,"You can change the time signature and the meter, just make a long tap on the metronome button.In the manual there is all the information, if you still have difficulty, please contact me. Thanks.",2019-01-30 23:34:21
gp:AOqpTOGo5lqE4SFBvCTo0GlFhKwcLNaPVJUwlYuN3Z72sEg2UdwyaSyihS3Hxgff6yCcsIeIhLdU3gnsqWnr-g,H.I.M,https://play-lh.googleusercontent.com/a-/AOh14Gh-JGKfnEnWMvxH4Md2pS8xGbZZ25xixy6HwSf7Sg,App needs a lot of work. It closes everytime I go to record anything. Please let us know when the app is ready to be used again because I would really love to download it as I've had great experiences with it in the past.,1,0,1.5.0,2019-01-13 07:18:26,,
gp:AOqpTOFyDfHDFfWH13Y19gZq-B3mhnAZD1NtcWvFpNf4V-uB26dPN07ZtnIC1AGaLQsFSvB28NB__90OLz9BkQ,mac red,https://play-lh.googleusercontent.com/a-/AOh14GhUx0wYiifBNXrDtuUrcuDQad7p9Y-HUsmWyxt_,how do i get back my refund ? this is bad bad,1,8,2.1.0,2018-12-24 03:13:11,,
gp:AOqpTOEImYkd1pKb7e7RaghMHAvva-XXn5PoJyhkIfaX7jiGNAPM7NiO9WnDwXveOFu-21bzo2Rud6zgpFTkdA,Veronica Blunt,https://play-lh.googleusercontent.com/a-/AOh14GjIRr3y0b421gmpQ6cDyD-68zTuhYeAqaKNQ0GY,"seems user friendly - but not the app is not friendly at all when it comes 
to importing other tracks.",1,7,2.1.0,2018-07-18 03:20:11,,
gp:AOqpTOGKNk5_B6uZD_x4YThMqlmAD_fk4oIO0KvQHVjwQgxP-SmfKV7TpQl3YLEOjhFqhinPUwNCz2XiN-rRkg,Alanna Good,https://play-lh.googleusercontent.com/-yCrAnUDNlM4/AAAAAAAAAAI/AAAAAAAAAAA/AMZuuck6-9odd66qoMhOMvXde2X2fw9nMQ/photo.jpg,"People crazy. Yes it does crash at times but its a whole music studio for 
4.00. Come on now. I made really nice music coming from am ableton live 9 
user. The instruments are manual and are actually able to make beautiful 
sounds. I can even sing with the guitar. Dont sleep on it. I successfully 
mixed down and everything.",4,17,2.1.0,2018-07-16 17:09:34,,
gp:AOqpTOGB6qha2J46MQnqpTCPl0F28QwvflsRa__sqK2euU8khGPH0PYsmaXgBOPj5I91lfSruYnJd2hXicBjlQ,Antwan Frazier,https://play-lh.googleusercontent.com/a-/AOh14Gju8HYH5QH5t1X1hVnYgFm8BW4H3PjQsPaqJmswEw,I think this app is wonderful,5,2,2.1.0,2018-07-10 13:21:19,,
gp:AOqpTOGYiIDyNkjzcG9ZGUPEoO-27QRMEgRTDt_s8BefIKWTzWENFPSSZ9AEry201ed4QU29ZmdvdaBibPjEIw,London Dane,https://play-lh.googleusercontent.com/-tWwqAQhDhP0/AAAAAAAAAAI/AAAAAAAAAAA/AMZuuclVUL2H50MovgA5HynNeGm4aYuGow/photo.jpg,I want a refund. It does not work!,1,4,2.1.0,2018-06-28 11:46:37,,
gp:AOqpTOGPAiCM49sG9W4b3ykNpCMkAChJxcDZc2jh0ZcllmrhcyrllusNZw_W8U-TzFMbuuh-04G9RciUCq8Ehg,Manie Beatz,https://play-lh.googleusercontent.com/-HuhNbJOdbjg/AAAAAAAAAAI/AAAAAAAAAAA/AMZuucnPjHwoEBUrZEtPvnyC68dq-gmhsg/photo.jpg,Needs a mix factor,1,2,2.1.0,2018-06-24 21:08:04,,
gp:AOqpTOFyyvzMXYih9sck0rbwXr4mpIPpgTm1A7kZVrLeT-EOB34MU1bz569MP2VFKKNzlkX-R89fH0IF1og9BQ,Lyons J,https://play-lh.googleusercontent.com/a-/AOh14GgrfCAf_Zac6iz3ntVkRIY35WdbTT4pMFDzTHGK,Great 2 have,5,1,,2018-06-22 11:18:00,,
gp:AOqpTOEHx_1HEw4V4sI_Oy9frXPvqCDpeYWSD4cv-bzDW-IaaHWW5ULTZdkoh0HXivmEFLoZwEerLw8entE4ZQ,david reynolds,https://play-lh.googleusercontent.com/-K11pxIn3Wh0/AAAAAAAAAAI/AAAAAAAAAAA/AMZuuclwLhaht6SvYkrFeO-XMZS6y793_w/photo.jpg,"This app used to be great but now for some reason its gone completely 
downhill i paid for the full version ages ago and worked fine did 
everything i needed now it wont play sound throu my headphones continuesly 
crashes and glitches its just poooohhhhh",1,2,2.1.0,2018-04-25 10:21:44,,
gp:AOqpTOECARdyTZupVrmhe1uj6cEHoZU9f6MPdRldCfzFUo3lb4zJrs1HK6qXbtfnygXzeT77NExOvd_6byKegA,Josh Parker,https://play-lh.googleusercontent.com/-VnQQUDlcmzc/AAAAAAAAAAI/AAAAAAAAAAA/AMZuuclPMdFIOCtMxxjFyV71a9BWdLQnAw/photo.jpg,"I need a refund, it doesn't allow to save and play music made.",1,6,2.1.0,2018-04-15 19:17:01,,
gp:AOqpTOH8k6lc5OMP4V6gmhmd2zj8JEq4ZjMA6ZE9itroOw2gcdVq94vgPaV0xxRUxnVRuZBJKaFY6sLmG5qPSA,Gt mindless,https://play-lh.googleusercontent.com/-qMKb6b857gQ/AAAAAAAAAAI/AAAAAAAAAAA/AMZuuckgDFHMGAns1NkHoF-50XpX2nv9Mw/photo.jpg,how am i gonna get refunded for this app or is there a better recorder app you guys can exchange for this one,2,1,,2018-02-27 16:44:07,,
gp:AOqpTOE1G1HJL1yHB5kSNXY6CDj3UK4EWCm1oVh0tVtp7kW6ptBNLFXrmkBBpUQ77RIqU56QadB0HnFJuIa9Jw,Giovonne Don Tv,https://play-lh.googleusercontent.com/a-/AOh14Gh0xUvijf_AP6W3kZPOj3cbeoLhuqmQUa94_oUCxg,DonSanSoSavageApproved,5,2,2.1.0,2018-01-12 08:16:58,,
gp:AOqpTOE9uIjIqQLslrqN-87QfOK7eMN93gxZ3LQjkNIMn3RFz9-eHcBwPISSiHdB7iUVzhXqrUpyt-fPECY3jw,Wilfredo Rodriguez,https://play-lh.googleusercontent.com/a-/AOh14Ghj7_cWDjgz_PnrbMtFkGWtZ4i8CNNIe2Z_5PJ8,"So far, so good.",5,1,2.1.0,2017-12-03 19:53:27,,
gp:AOqpTOGcwI9ZM9m2w9XRdh4ImAXntPVT5cWIcTnctP8fwZId2W63nPa6oYX5eyBFf3t3ODYmca5B3PfK8v7SPA,Rebecca Cook,https://play-lh.googleusercontent.com/a-/AOh14Gir1UM71ae3BRCLRMUJK4Udx-VyIz7fr19B0bQhFY8,Wouldn't work right for me. Basically just froze. Had issues importing instrumentals and actually recording on them.,1,1,,2017-11-21 09:02:18,,
gp:AOqpTOHOVve0SPWH1PoGBJqhipEmVJKfhIRUq0LXwlgIpYPYz3I8KYylZfVESR9IqugWT0mcgI7DzuK2itcXLw,Arcorian,https://play-lh.googleusercontent.com/a-/AOh14GjoPsTxLlxidoY7KzRa5UBN695lBCAo689eg1bisFk,"The app won't split sound files properly. I was so excited that I finally found and audio editor app that can split audio files and insert any other audio and merge... nop, not happening with this one. I dont know why this little companies keep asking  money for their apps that dosnt work. This app should be free untill you make it work properly.",1,72,2.1.0,2017-11-06 19:11:15,,
gp:AOqpTOFK_NvOCuv4939e2hH0H9k2PJEm4S66vgIxaxHOWmHyMU2QvgPEBI2SRJ1ssHC1WxoLev_ave7vop7czQ,C. Hinds,https://play-lh.googleusercontent.com/a-/AOh14GjOiVBHQ5da0MLCYzai06YxzBPZNxfrKQ0JiupxifM,My only problem is exporting any file you make out of the app. And a little more effects please. But exporting a big CON,3,15,1.5.0,2017-09-09 12:33:36,,
gp:AOqpTOEMhx7fX6lMh0ZroVNAaa-PFtMTpeFJK-9UxzOIcKSpILuK511pJwTDZh3sTlRdvCBfBBgxGvXTgrdBwQ,N J,https://play-lh.googleusercontent.com/-fC5_4lPjP_s/AAAAAAAAAAI/AAAAAAAAAAA/AMZuucmOQrnmStYtO3PMFtYX8G-et2Tx9Q/photo.jpg,Worst one I've downloaded so far it shuts off about every 10-20 mins if you're not recording but if you are it stays up sometimes up to a hour I had the free version of this app and it worked better than the other end you have to purchase but if they fixed it from shutting down so much and a few minor bug fixes it would actually be an alright app!,1,25,2.1.0,2017-07-20 08:10:23,,
gp:AOqpTOF8VH-G6lOnwpt-0KvBUwQ9Xis5Fjn4AYN5og7S3hPW7dUs5tx-n0vsRoNkng-Z85J-fnM7fpS1BecgjQ,MARKANTHONYLAMAR MILLS,https://play-lh.googleusercontent.com/a-/AOh14GiEq_qmiTdrYX6Vz7cvzIkJtYaezYt0lpU04gK10w,Thank you for the app.,5,3,2.1.0,2017-07-07 22:38:12,,
gp:AOqpTOE_Fq0N-DJKO7s-0rdbzF8q063zpRbn8gZKvI19UGsJ2sz_h7CHSFGgUuPh200zjLXgzfOAcAgmivgkbw,Lee Braaten,https://play-lh.googleusercontent.com/a-/AOh14Gh_5vkkYYWUSfrZCUuBZwF62BEZZw-rrhBMv9ghEMk,constantly crashes,1,3,2.1.0,2017-06-14 19:00:22,,
gp:AOqpTOF1foAShiBggP0vq7evbPcAao-kXBs3EWRVKxMLxXwsgTyC0hKbnKWHvyoRbCdHiXuIhO36Cg1tmxZvzQ,Los Orozco,https://play-lh.googleusercontent.com/-eqHctUJ-_9s/AAAAAAAAAAI/AAAAAAAAAAA/AMZuucm2a7aPlPtolY5qcLrnB3lZaax_Pw/photo.jpg,"far better than most ,,gotta work quick tho n save ,could use a mixing station but still ends up 2nd in the recording process.",5,1,,2017-03-31 16:52:58,,
gp:AOqpTOFin9qg8zNdbyQXaIFQMl1u83jjlq5ZE81rjzxYJo-cAv2yF5DzIKpIYPB7Vxloegv8kh7nVbbtnvfP7w,LYONS J,https://play-lh.googleusercontent.com/a-/AOh14Gi4aTMTBj8pJ2W2aAlU84nXsHCMV-9sA72QBI0CJA,It does shut down but it is. Free and I think it's just too much power for cell phones.It may shut down to protect phone.I do like it nothing else like it being free .The rest of them are nice but don't have voice recording. So yeah get it it's worth it.BUT it is cheap lot of bugs need to b fixed yet,3,73,2.1.0,2017-01-31 06:23:38,,
gp:AOqpTOG1YXpMP4_ip1sWQT5EmXIzz054Fc2i5BsjRycoqpVSg2qvvvoD2oRwFwj7uRO_u4oWvfDx0W0YweuFAQ,Jeffrey Boogie TwoBickTolbert jr,https://play-lh.googleusercontent.com/a-/AOh14GgSQa0y6rRcieYkQWt3VCSzdDDJP5_7xO0GVlvw2g,2bick or Nothing,5,22,2.1.0,2016-12-01 05:58:46,,
gp:AOqpTOHKRbBcLoVsEzEmJwdepQMbCI3snoqMdQNVIlnfnuTepSvgvI3zSMf8spHfYpRmTSt8QsdOFJqiOnnvZA,Kash Game,https://play-lh.googleusercontent.com/-4c31nQ3X9_U/AAAAAAAAAAI/AAAAAAAAAAA/AMZuucn4f3zSjNXqEmYEUiEr_Be2qONhGw/photo.jpg,It all rigght,5,26,2.1.0,2016-11-25 02:29:46,,
gp:AOqpTOGK1fHJJOAdrhAFNMUxlYHLOe0JbbnfRrXPTjbRI0hcUxEs599E4dTvTxM6JjRcx2PUP9AC4JEplklOQw,kings man,https://play-lh.googleusercontent.com/--pF_TvEozKs/AAAAAAAAAAI/AAAAAAAAAAA/AMZuucmXMuu7kIPIEhTeG2tmQ_kX3eRuzw/photo.jpg,don't like,1,20,2.1.0,2016-11-08 15:20:04,,
gp:AOqpTOFbyhKz7U4K8YG4xZFVNscIwcub66tCX5rZOFmUuHuSYaAjW9DHCP30fERfBOpbYIgQmnXVipWc_ZOIwA,UPDATED PUBG MOBILE HACK YAYA!,https://play-lh.googleusercontent.com/-7tcV1SsEdKA/AAAAAAAAAAI/AAAAAAAAAAA/AMZuucn4GRKOuWC0QXl6O7KlL6WUowoPTA/photo.jpg,"Everybody hating that's because everyone don't know what they doin, good app",4,0,1.5.0,2016-09-30 23:43:14,,
gp:AOqpTOEjU0zJ-4ph7Jt014m9IUDaKlxzKdMoxmTMNCNXyWcd7uzAR_G_DyOm6cGaMHHYaZvu16qpxUKGeSlIIQ,Oli LO,https://play-lh.googleusercontent.com/a-/AOh14Gi5E044AHCs38BcdoY0n97nToVi_7pWCwNDvSI_IQ,"I vé been croocked. Banking account has been paying thé app and nothing on m'y phone. If i don t sée any refund proposal, Glauco!, y'r on your way to hear a Nice buzz on thé web!!!! Or just send me thé App Bloody Hell",1,0,,2016-09-24 01:38:14,,
gp:AOqpTOGgKkttk4GO_LqsNKX3L0HtP6TWt79V-vtHdGGXVe9sUHTn0z-eC4SaTlz8W9Ahef6xsB9XZPN4VZ0ayQ,BLACKMAN DETERMINED,https://play-lh.googleusercontent.com/a-/AOh14Ggp5MCa6HvkSzGG4mptIg9kD2EF6jw4eB4WBNs7_g,Crashes a hundred percent more than any app should but setup looks like a recording app should butt has too much latency so with that being said totally bad recording app to be paid for to be honest it crashes so much and then with latency issues it wouldn't hurt the developer to let the whole app be free because it is not worth the amount money they're asking for at this point,2,0,1.5.0,2016-09-19 13:46:58,,
gp:AOqpTOHfFRlqU9l1MBHoGCP8ZldAZT8cjocUSPRQTRlsO0Ad3oWj0JsyO96jSZZAePvdeNQ1U5zZLmZwyLrDUg,Joshua Binyard,https://play-lh.googleusercontent.com/a-/AOh14GjTMbsN34hIOfvSo6HBTWepyT4wttVv5AOLBUi1Uw,Like a model that looks good only after she is photo shopped. This software looks great but doesn't work.,1,0,,2016-09-07 08:43:06,,
gp:AOqpTOG-ky6BJYL7U_6Zj-d1SzOwd29lW_Rrl42x-AI8ZsKxmvppDw9-d7G2y3CCNSKGmbCY9vf-tDvnUURVWQ,Dakota Myers,https://play-lh.googleusercontent.com/a-/AOh14Ggt76nN3om8mwadeHSxnEj69wtMml6VIGjx6BcyFA,Locks up when I try to open it I want a refund,1,1,,2016-08-29 11:28:20,,
gp:AOqpTOEOpVwszIr7DZU9kqA9Z7pQ-Edy-olbLd93RVg1UGHsazheHANVjTyaOfjhYX6e3NDcOYWhaJd_mWr1bA,Sdawggy Dawgg,https://play-lh.googleusercontent.com/a-/AOh14GigooYmJkzHigBd_W6q5FYmtG-wPZVM7FVLRya49g,Could not import what I wanted want my money back this is so a waste of my time,1,1,,2016-08-26 16:31:25,,
gp:AOqpTOFuM8_wHLwMug2VBbRE-QWh0NY-fijuqb8iVW98OvksvI8jAC633UtcUtn22KITjOaAoVNM-DpW1KZHnA,cody slater,https://play-lh.googleusercontent.com/a-/AOh14Gj2U36XJqa_HCBMbFLUMaFp_qqSV4WyddJRWPs9Rg,This app has great quality but crashes way too much. Fix the crashing issue and this app would be amazing,3,0,1.5.0,2016-08-17 10:36:22,,
gp:AOqpTOExYrNV31TIT8u2BQOhWwD4K__JF3RbAAP7bxu4AlMnZ6hSIPxSawt2yHGqyxUIwmc7TyrDRv-WicAiBA,Money Holmes,https://play-lh.googleusercontent.com/a-/AOh14GjWJNd6Tb10pR_PlCQiLnQS_SkJ6oKDRXQLmZ225Q,It's Money Hoe,5,0,1.5.0,2016-08-05 10:54:19,,
gp:AOqpTOF4tAuazH2G2emINkDFoAJ2EHhTXCcQudhRP4qB8-4rpvdvHlP-z9G3AwflpYp4I_n7gjdEcY2oID7aqA,Ken S,https://play-lh.googleusercontent.com/a-/AOh14GjOdOYJPBTS9XqA5b_JDc7Xp10-BKCwm8sguO9l4g,This app is garbage. It doesn't record my voice or guitars. It makes piping and crackling sounds instead. In my opinion it deserves negative stars.,1,0,1.5.0,2016-07-06 09:31:43,,
gp:AOqpTOG_7xCd6Ck_FXg-dl3-ZHO9zBDzcUxrA8UCo5HoLhKhjrQ1sVry6B4oFC7XxhFxMqOs1v68YrBXjpVljQ,Meredith Littleton,https://play-lh.googleusercontent.com/-DZPj_Jc74oo/AAAAAAAAAAI/AAAAAAAAAAA/AMZuucn8VjgJ1S93xmecGNxD_l6updKglw/photo.jpg,"I wish to export the file. Either as an audio or an Mp3. Unlike a few people here I downloaded the lite version so I knew it worked on my Sony M4.  But, if I can't export a file or save it as an mp3 it's completely useless you may as well have never created it.",2,0,1.5.0,2016-06-30 05:57:34,,
gp:AOqpTOEatOV7Zjf0cnkwSPwGvUWAL8HFitm2RF8ZaVUeYmnJ8k-VkiP32goZQyeo4oWEaogoljVxZKAPkkgR-A,Amanda Fortner,https://play-lh.googleusercontent.com/-509zUd2mW18/AAAAAAAAAAI/AAAAAAAAAAA/AMZuuclpc1TzQGI7DbEHBPDMAzydH5LfLw/photo.jpg,Waste of money,1,1,,2016-06-28 21:22:51,,
gp:AOqpTOHdlw3bCvgFUq3g3CqD9ZhvkgqopsSnVUMmI0r6u57bssB2I9xccBHCAgbg9sgvmbzPIRc6A90SeKoPkA,Raul Sanchez,https://play-lh.googleusercontent.com/-o4c8akTxW0o/AAAAAAAAAAI/AAAAAAAAAAA/AMZuuclVZh6MttACj_A_HZddy_WYjnfCUg/photo.jpg,My main concern cant record everything im sayn if im gointo fast,2,1,,2016-05-16 21:06:26,,
gp:AOqpTOG6cLRXhe9PmIQ0ziA78IrZi8V49YAKsnbTxQt62FMVrPiP21h5a8oqhK5TI59nztzfwISXB7r8Y08PGQ,Tyler Nofsinger,https://play-lh.googleusercontent.com/a-/AOh14GhK0YNZ6F-NWuqzDmb_TWsTobgBoGzEctczfsi_bQ,Save your money. I want my money back,1,1,1.5.0,2016-05-02 17:23:07,,
gp:AOqpTOE4hTbltNoG-N_K_n9nR2Jzq-zXSSS68FiqgsbFe3LG5Tm2aV4jhaxUcKgZ2aPIZrGOzlJt7BfX6kWyPQ,Yacoba // Yahuza Yasara,https://play-lh.googleusercontent.com/a-/AOh14GixgWozwxu5XJhSPU1v4XURXxNEKA79NrOxkbg-sA,Please add a better mic hookup and please make pan options and vocal clean up options.,1,0,1.5.0,2016-04-18 08:57:08,,
gp:AOqpTOHCcb3avBIQHOYnqzH8ldhNpjZEvZVUSk6ARN9QwnkEoen7T62l6Aei6mJ6onB_sKgXIq--xGNmg5ji7Q,William Johnson,https://play-lh.googleusercontent.com/-7T59XsiyUaI/AAAAAAAAAAI/AAAAAAAAAAA/AMZuucnaQwIYE6xIDlDT3KTNz6opuzMy2A/photo.jpg,"This app is pretty much like any basic recording app with a few bells and whistles that just so happens to glitch a bit too much. I got the lite version which was pretty mediocre, so I bought the full version thinking it would be worth something. I was completely wrong. This app crashes way too much, the reverd sucks, which is the only effect available, the live monitoring delays like a motherf*****. It was four bucks, so you get what you paid for right?",1,1,1.5.0,2016-04-17 01:32:20,,
gp:AOqpTOGLzFFjKbAqDas4GplBXnFgKz1OpRQokq46E5VjZNjoZNxZ-p_60S6Uc3mV7SFs069qgyZLBwrbKV63Lg,Keyana Boulware,https://play-lh.googleusercontent.com/a-/AOh14Gg3SqyQzDxL7SNAIyuOHZzlEoL8b-Cvx-R4b0k_gg,Aside from the occasional force closing and screen sleeping it's a pretty good app to test out your new song before professional recording,3,0,1.5.0,2016-04-06 10:21:19,,
gp:AOqpTOFqZQpc07ICKF-vmGwkJdbwLOEvCDVi7_tlh-Nek9vm1V5dPCVBAfeWeuUkTublRFjsEpozuX_YjaU_nA,Sukkot Master!,https://play-lh.googleusercontent.com/a-/AOh14Gg7tF2MArASE0Rl10NYm8p99F9v0B6ME73bzWG6,Joke,1,1,,2016-03-31 20:12:38,,
gp:AOqpTOFdHYNmVC-JNux-p6SqhkG0DzbWzDDJmhZNPQmAyqSI0mzZTuPpQ4rHnFqYlwbXN3RkOtKiSWWQJP0nRA,iwannabeur21,https://play-lh.googleusercontent.com/-xl7eAd2QhKo/AAAAAAAAAAI/AAAAAAAAAAA/AMZuucmaUxR9SbgLEiI9XonvJF6naBicfA/photo.jpg,This app crashes as soon as i import my music it's whack! Waste of money,1,1,,2016-02-29 19:54:35,,
gp:AOqpTOEIgnPBhL8V81C_JagM8hTwJNKVCvWEFidAE-afpIxOPQTAv-2tbf9nglzdmhfBtQDP1dKZI7nc1RlZIA,mike horse,https://play-lh.googleusercontent.com/-F_Ow_YcEnfY/AAAAAAAAAAI/AAAAAAAAAAA/AMZuuclsI3YFmp5C9nv_PIPgfO5Utc-ufg/photo.jpg,Still waiting on a refund for this non working product,1,1,,2016-02-12 18:41:19,,
gp:AOqpTOEt3WUXjFx7I9VYTV673R1mMkfw1DdinDr0HlldlpKLM67OEEwHXZQCEj9Tw4dE7vpDUIzbvcC5JdPdzg,Calan Galugan,https://play-lh.googleusercontent.com/-pFfY3Elv7qM/AAAAAAAAAAI/AAAAAAAAAAA/AMZuuclFUDNBZqxS0GnDRqCyzVMz6G9Rkg/photo.jpg,"Really, used close to 500mb to download after purchase and the app doesn't work....at all. Cannot import sounds, just keeps asking to choose file. And the sound import is gone. Useless,  How about a refund....and my data back!!!",1,0,1.5.0,2016-02-06 11:55:41,,
gp:AOqpTOG981bbNvgMEvxeGQe75yfzVQubPW--LOHMsvqcUUEQOc6K2mInGIOULY5MvfcWW0FOI9hhOdlmpYxXbw,Paul Wheeler,https://play-lh.googleusercontent.com/a-/AOh14GimuE9TN96AgRGNqkY8GCHt9W2qrBliaU5GWxDGXA,"Crashes at the end of a recording, infuriating.",1,1,,2016-02-03 07:28:01,,
gp:AOqpTOFH67f3B8N4i9JPqhyWV1_YPU18fDe1JR07q3TkpT7HPfJhZZGvchcOjPk3UiqdKj0zCvNkugRkrFo57g,Daryl Zavala,https://play-lh.googleusercontent.com/a-/AOh14GiVN7WU6h_NfwhCZEz57t-G5luFyaojZRm7zHxOoFg,Records but the audio is distorted and can't fix it.,1,0,1.5.0,2016-01-19 20:08:21,,
gp:AOqpTOFcxsfWB790x7sn23iOzAPSuwEeKU7DGgVWrdgaRNv5SXValIxDHTGHpJSAfxQHsdjsUbZcooZlOt3ugQ,Southside King Productions Tynch,https://play-lh.googleusercontent.com/a-/AOh14GgACDdMa8MM2A38I_HmxT-TctjjwpW8l7Lc1_xy2Q,This app is a wonderful app :) it supports mics my blue yeti n this app is outstanding! Great job guys. You more or less just have to know what you are doing to use this i guess. For me its done more then needed. Thanks 100! If possible please try to incorporate an auto tune?,5,1,1.5.0,2016-01-02 18:25:26,,
gp:AOqpTOEy-un97PmJLJvxtcw8G-_O_eWMjTO-vg-Tta3xgbAMuYTglvV0GJ87zEy8ws9qvywxMnSj73JGogyc7g,Adnan Kassim,https://play-lh.googleusercontent.com/a-/AOh14GjBX6s4EzN77BOubxW3T_-xn3aKgqW7dLYxGncEvg,Cool,5,1,1.5.0,2015-12-31 11:05:08,,
gp:AOqpTOGbg8KCOpUhkn16An3own3BixaBnOOkFISoXq3SHdyhpq8Xs25oQTE8QViPWXYTVK_eHZ2KI5oyMXnbFw,My Walk My Talk,https://play-lh.googleusercontent.com/a-/AOh14GjT9nAGhZXW-MzxMr3u1a3IYZL963yl3Y4AlcQ80w,Recording mid song and crashes waste of money waste of time,1,1,,2015-12-14 11:38:17,,
gp:AOqpTOGAB5xJ_OU7N9SYb3b3B7xuIHJWtxKC1K7V4oMMIxmJ-Dy1bB-SCisNYvUW7tWPUYTGVTVrbgETfG6WAA,A Google user,https://play-lh.googleusercontent.com/EGemoI2NTXmTsBVtJqk8jxF9rh8ApRWfsIMQSt2uE4OcpQqbFu7f7NbTK05lx80nuSijCz7sc3a277R67g,"Sucks. First I couldn't install it because it takes up too much space.  Then I deleted tons of apps and stuff to make room , finally installed it and then it keeps downloading resources everytime I open it, which takes 6-10 minutes , then I look and don't see resources so I import a mp3 file I mixed with another app and it ends up closing on me. I should have hit the refund button when I had the chance when it couldn't finish installing the first time. Wah!!",1,0,,2015-12-12 21:55:57,,
gp:AOqpTOGoQ4BTsIbCZxqJSxjz_Roa06cENcd3L5GIbCKnTsX3sMF0fKhXO1Gu_QhavzWHJz3Q1rPPtb5dhM5VrA,Yiani Barlas,https://play-lh.googleusercontent.com/a-/AOh14Gh1FfXi_onsoXCrKtuWbwA6-vH_fcsyfry2QNzF9A,Why when I try to record more than two tracks they don't align up correctly the second track always starts 2-3 measures after the first track starts when something has been recorded,5,1,1.5.0,2015-12-10 19:03:38,,
gp:AOqpTOEOxoBwNT8f3q7ymw9zhn-7coeuPiEQ2xPGMlRdqvQELlDn4H1d4y3aMXO6LH7Y_GylDGYu79haBn0rmQ,aydo Kaydo,https://play-lh.googleusercontent.com/a-/AOh14GgxerKL8NUL0BBB1tyHgWLV473JMxfC8OEs8YmvX7k,If there was any lower I would rate it that I want a full refund,1,0,1.5.0,2015-11-25 13:38:32,,
gp:AOqpTOFUUBHrsfVYXDP89FCQm4SGasX3kI70mgkSScav-aj8TBUQIH3X8-MOMNLuxFUK8izu3hh_maQqjiofSw,marquan riley,https://play-lh.googleusercontent.com/-08TdLUaQZxY/AAAAAAAAAAI/AAAAAAAAAAA/AMZuuclFwrXoElPYhaoiFsyyX0SbpRZ8zw/photo.jpg,This app is great i wish it had a auto tune effect as well. Still over all a awesome app,5,0,1.5.0,2015-10-16 04:12:26,,
gp:AOqpTOH7Ty4KQqiGHIVXILS7VFtteRvNxOy7IZEWkE74vofrpA75sqCzkB30oiUiC883cSdqf7oqgJ3JTsd8IA,Robert Zsugya,https://play-lh.googleusercontent.com/a-/AOh14GgXp67zGLgTqAznKG83sPertQKrG2lpFZhCDpMCcw,Good for my needs,5,0,1.5.0,2015-10-08 11:27:55,,
gp:AOqpTOF6CnDoUqauKnkMZHzCFyDGVbQVLP_eS1NSrYiSxy8lPiWd9R92J6dqkg8VUNwRGXJY31EcMWx8FcAt6g,Ryan White,https://play-lh.googleusercontent.com/a-/AOh14Gin5emfWZ647r4g6etK551vPJ5OzBHChl1aCasodA,Shuts down.  A complete waste,1,0,1.5.0,2015-09-26 20:49:34,,
gp:AOqpTOFo1bwz-lUMkK2BQUyan6XVBPbd-X0ySRSX3vQQwELeDcC-e4NQLLDXWl3MvW9PIpDjnBvDQPhsQMr-qQ,Shannon K,https://play-lh.googleusercontent.com/a-/AOh14GjLI4Dx6MVtVdBJMg4ueRhm1-qvCm6bh7ejgPH2,Not sure. Error installing it for the tenth time.,3,1,,2015-08-27 03:51:01,,
gp:AOqpTOEJgyodwO9LQNcDQI18EqqYCG7iXdo5Y3qe4pYUZS3Ek2Vyso5hkj8TH1_gwg-uFz1KA-2FQmVKGkzg9Q,Ashley Smith,https://play-lh.googleusercontent.com/a-/AOh14GhgQeS8V2NTxqmwBb98Oj-C-wwu_jckT1SnRMioJw,Force closes all of the time. And I have mixed down the same song 8 times and can't find it. By the time I had a chance to use it was to late to get a refund.,1,0,1.5.0,2015-08-04 18:59:26,,
gp:AOqpTOFrpgYhs4V2PCjiAQ9Ajy4HlJfuaGv38pJsJithkpUSPTHYBcvUF_sG-gmRp0eW-unDhXy34KAjrVQ-ow,Pinkavelli VEVO,https://play-lh.googleusercontent.com/a-/AOh14GiUhYjhb1WPtxKjtDhuv3yUDcbRQLQraIwHXz1Dyg,Try putting your phone on airplane mode when using this program. Food for thought you wash the dishes,5,1,1.5.0,2015-08-02 04:57:00,,
gp:AOqpTOGMUN7yFgJYAw0csAENs4PZJY8z1zABINOD0GZfp3bmW-T6Xx4I6L0k_al8fCziafzy_ATRDrZ7Gyou5A,Major Lackey,https://play-lh.googleusercontent.com/-foppIxOkn0o/AAAAAAAAAAI/AAAAAAAAAAA/AMZuucn3tUcWEjRC7dCPuOKYeZgGUrHURA/photo.jpg,"It's not recording after a certain amount of tracks, screw y'all",1,1,,2015-07-31 16:04:46,,
gp:AOqpTOEQEANVgBfwABaDGAt8CyUSVk3RpfE4afi2fWJq8YcmdRJLZ3bAwDNyBJAGfLdpeC5_JP9W4ZFcD_2h1w,Deion Carter,https://play-lh.googleusercontent.com/-KtVz5ESeeGI/AAAAAAAAAAI/AAAAAAAAAAA/AMZuucm2tpFpfqvRfR0USKcmk34MaTVcTg/photo.jpg,Looking for to build a recording studio at with many artists and producers to sign and create music with,5,2,,2015-07-25 15:03:14,,
gp:AOqpTOGygJkttrb4s-g1_xJzdLeGtwSTW1vvl0dfYM0uUsykzywdiOsVyooBPVBYGlmoT2ub7mPOAnylnhQe0A,Brandi English & Henry English,https://play-lh.googleusercontent.com/a-/AOh14GhpK-nCoLp2JU64GvYcELb10dfOaR8yCILQOtBAow,It may have a few faults but as far as being able to record and write ur own music with vocals and it being a free app makes it number one to me. I have tried every studio app android has to offer and this is even better than caustic. Its not going to be perfect people. If u want perfection go pay a recording studio $4000.00 to record ur demo. As far as being free i love it. Thanks!,5,0,,2015-07-13 12:24:28,,
gp:AOqpTOGFg1N9ZdRYT1gLWkSEowTYuP6cj9qzl7jgrcL6gdHFAy53pBfiGw-2oMxWsGv29AzAq39h0oqnc3jQjg,Luis Florentine,https://play-lh.googleusercontent.com/a-/AOh14GgH5o-Ze5C99QH0ysCgx6Wpb8x2Dexvl0GYRaXT,"This app might seem like it is really good by the pictures and all that, but it has no effects other than panning and reverb which makes it really bad when you're trying to compress a sound that you have recorded or just simply want other effects like delay or modulation. Besides that it also crashes a lot and you're better off with the free version because it lets you record, save, and edit.",1,0,1.5.0,2015-07-04 21:58:05,,
gp:AOqpTOFzyQ2dnh8jlJpXuYIWBuJHTK17IOJusiDZNRuq_CrgkGLjckld14getI8z3v5CT3AvFmxLt6VixLcIhw,tyler mcneal,https://play-lh.googleusercontent.com/a-/AOh14Ggw3khKii0hzXBDyzDxA3skt7CxhJZhW6az-HYAUg,Waste of money. Slows my tablet down so much that I can only record 2 tracks before it starts skipping and then freezes. Dont waste your money,1,0,,2015-06-18 19:15:26,,
gp:AOqpTOH2brM4mhcylszM808abYzfSoyjt4g0APuUnW8IiWbDxug1UejHLxt8Eh1Xa1nJ2pTVa28BVWGkKzJ9ng,Zain Bahloul,https://play-lh.googleusercontent.com/a-/AOh14Gisj-rKgt2zmXq2LDn8Hynzyy5K9GgW8PmmsXkilg,needs to come with an update to fix crashes soon otherwise it would be a very very good program,2,0,1.5.0,2015-06-04 00:50:32,,
gp:AOqpTOGBz7v6uDinlFfOwlLSk4ecCWNqHTJONNOlWzrDwwtV4h9dnT75zUrCLb4el7oRVOH-nuQsY6Rzj-fO5w,Bando Ent,https://play-lh.googleusercontent.com/a-/AOh14GgqHrwhRJxqrPdwzJaxMruCEMh9oNJh8t4LQ3hZ9A,I actually like it however it does shut Down a lot but I have music on sound cloud because of this app search chopper9 homicide on soundcloud,5,0,1.5.0,2015-05-13 10:57:47,,
gp:AOqpTOFHWeghHig-tpoHN_LCspKSEEYngnznxc1Q0vT_thwMkNOqGxk9Lsu7ISOwpntMI_RagHxHebe0oE_WYA,Quinton Lester,https://play-lh.googleusercontent.com/-UBDCsDygjWU/AAAAAAAAAAI/AAAAAAAAAAA/AMZuucnnP3BfCA68n0lm0nt5ktc-MSnZ6Q/photo.jpg,Free studio time,5,0,1.5.0,2015-04-28 15:23:12,,
gp:AOqpTOFuMISyF6xu9AHonWok3vJldvfxwcY_KiOTX7LQyV8t5d4ZvyHRKRuR0viV5lGNkumY5iaBk8L8Pr0C0g,mohamed alnggar,https://play-lh.googleusercontent.com/a-/AOh14GhmOz1VaKuuW3eBftzggqCL7X12O3CxtROJROc-wA,How can i get a refund,2,1,,2015-04-18 21:39:18,,
gp:AOqpTOEw3jv7lwKRmkXOJ1jIy8OJ4W_NR4rH1C2riUydkyuDpYPMk-RTEdEimQBplmWZmP_vTJDXDZOqxW1_IA,ct delcruz,https://play-lh.googleusercontent.com/a-/AOh14GgNjS3yxGiZ80RVDQWsP26hiSyfdK6hC6FRV1uZhA,It's an okay app... except how it tends to crash and sometimes doesn't import your files. Need to constantly save my work so I can make progress in between crashes.,3,0,1.5.0,2015-04-11 01:37:20,,
gp:AOqpTOGmG2dFl8-sZaIMpzCrp16K9llxpzCmdFodsCWXgdVXTLYV66D3CCP0It8N73l6BXzZW_qHXoeuRKkUYg,Markanthony Mills,https://play-lh.googleusercontent.com/a-/AOh14GgVzEhhIq-FM6oQYIgSxWX-pvfLvZYy9P8l81bcKQ,Love you.,5,0,1.5.0,2015-04-03 14:15:23,,
gp:AOqpTOGMZV-I9zfiJ5mJ5x3Z8pLbaaKurNj0neyEMvg6t3aoQTMh8pfu5X9EZXaTY6SP0pVWEP4bRndD4Zjoag,Ben Taylor,https://play-lh.googleusercontent.com/-ZLyVuRs34ec/AAAAAAAAAAI/AAAAAAAAAAA/AMZuucmkqRETLmYLYIcdfLULbSskhsRC3g/photo.jpg,How do I get a refund,1,0,1.5.0,2015-03-14 18:39:36,,
gp:AOqpTOE-OFasg0Mxbvv2RkmFrra1Nwbz_toGNFDQBldJZzCrsvI3OV8mWTU-U5XI7RN_zNZcsyPxbj3I7viDGg,Isaias Felipe,https://play-lh.googleusercontent.com/a-/AOh14GgtdKsCbOjYQi8potWOR1wMl-cPrFXwdPnP99Dn7Q,I want my money back. Everytime I finish recording it closes out!!,1,1,1.5.0,2015-02-19 15:56:02,,
gp:AOqpTOGCZUqqE6zu1ZGZP_MU7uCSjxbytf-htv40hmDdR1kt7Rcw-aSh9ew52rnhurrHT7X7jJN15TyXKURbhA,Del Beatzz,https://play-lh.googleusercontent.com/a-/AOh14Gib4vKsC6m4kPdRvLIu7n_THfwzG2JHFUIU17VuQg,It's a cool app but they need to make some adjustments to the sound quality. It's sound like it's defected,2,1,1.5.0,2015-02-14 10:17:43,,
gp:AOqpTOEt5UyRE3v7Os1Or0rtnGDTJuhq-p6mQG4p4uD60zPX_M1ve1SCVFS0LfM7D3SxycdY18oYfMgMwK-AsQ,Raziel Owens,https://play-lh.googleusercontent.com/a-/AOh14Ggjo4TTY1ol0o_RJvRvK7cpuh_r949SVXC5BdGtvA,This app sucks! It keeps closing whenever I try to import audio...smh...if I wanted to waist money I would have given it to my wife!! Lol but seriousley...no good..note 3 user here..,1,32,1.5.0,2015-02-05 23:42:26,,
gp:AOqpTOEBPBwsvE58NNPzL25nPkeDPKQ_avh7gxh-b7bnzIlECU_rubirt2BDGZLY7n1Bfrg2yz_GvASk_bYLaA,Phillip Elder,https://play-lh.googleusercontent.com/-Zb-Cou6EBIA/AAAAAAAAAAI/AAAAAAAAAAA/AMZuucnUE4NIObnN3PniTGiOqsft9TQq_g/photo.jpg,I could record all I want but I could never hear the play back.... uninstalled and want my money back,1,1,,2015-02-02 09:12:35,,
gp:AOqpTOF1MUQS1dwY5hhS9_RoumzM2_0YNK2zZidW1Rmlxx0HhEhUCBwnh73nuyVZDScITsnFLzYKZVf0X6XfMw,Stephen Norberg,https://play-lh.googleusercontent.com/-TYsCVJyMhL0/AAAAAAAAAAI/AAAAAAAAJxQ/AMZuucn5hHPMlDK_vq-teEhJHkiYDC6t8g/photo.jpg,Waste,1,0,1.5.0,2015-02-01 21:01:38,,
gp:AOqpTOGVqwhBmcir2ZFqwc5BKnia1HwqT2p75vhf4Z4kCDky0xvpiv7x9p8zc9z5HTwjx603YdQ3K3yjzE7ZnQ,Scott Kyng,https://play-lh.googleusercontent.com/a-/AOh14GivnT89vwMJpvUwjAZEvm8_n2goHWuzSCAZffZU6g,Waste of money,2,1,1.5.0,2015-01-26 12:06:00,,
gp:AOqpTOGdbIcfO7XwRZXtaotTgKrDLFenUOi5X20BFNL_21zefYe3UpGV76x1gAQwS99IdKzoY1f-OCaZ00trFw,Cameron Risch,https://play-lh.googleusercontent.com/-6c0Ua_lGKkQ/AAAAAAAAAAI/AAAAAAAAAAA/AMZuuclGt8El2J2I5obqhZ4yVTmndPIXLA/photo.jpg,Can I plz have a refund on this app it speeds up my vocals when I try to record into it directly someone help,1,0,1.5.0,2015-01-21 19:05:00,,
gp:AOqpTOGdxQiCiqAmtDuSjPw1CbnbViu5f-7QTCBX7XTZVFvPLlirXctPVreF-YarX8nedEYeUkHwX8a08rGBNA,William Douglas,https://play-lh.googleusercontent.com/-Ni0Q7hKZKpM/AAAAAAAAAAI/AAAAAAAAAAA/AMZuucmXqWlye5YsXNa7jAZez1nmAhtITQ/photo.jpg,"Crashes, annoying delay when recording vox, zero plug ins, reverb doesn't work, and the midi instruments are a joke. I got better response from a talkboy  from the 90s. This had to have been coded for a school project.",1,13,1.5.0,2014-12-30 18:19:15,,
gp:AOqpTOFDLlR9OIoiCw9EFX4TR0dQ1-vXhRkIIhq54y2VVC8OeDA89WSVoospGSITwoM78TQgoJ7thAm_POI0oQ,S B,https://play-lh.googleusercontent.com/a-/AOh14Gil1fWUFT-ykBFEkss0w856N2U5NJcMyAAjT94sgw,Crashes every time..although the work doesn't get deleted. Its pretty annoying ..and on top of that when recording under metronome the tracks always fall off beat,2,0,1.5.0,2014-12-30 12:46:22,,
gp:AOqpTOEuchywJIe3EqICAFxcXns2cnPi8uph02VMfu44woAqTzUKvCxWxZhAPZdS3inL-yZQJQLWzEq52HmXdg,AUDEAY AKA CEO cuervo,https://play-lh.googleusercontent.com/a-/AOh14GibMinX9MRNWucOILlhH7wM_qFKFVe_4rJ3_vBjYA,No good i cnt edit my track to tack monotone off,1,0,1.5.0,2014-11-11 12:54:12,,
gp:AOqpTOE3f2T4kWQqtZkftA_kDOBAaFMQcDVmGe6CCOa8l5Y_nKO9yukPx5YZI9TrRwW1kSLzWdmilf0OCXx3SA,Herman Slaughter,https://play-lh.googleusercontent.com/a-/AOh14GgWy1Fuc7AmRrNXqoVoySLK7GRoF_uWKKn6ktAG,Help . Dont know if it works How about a refund? = Beware of products by this co.,1,1,,2014-11-10 04:57:30,,
gp:AOqpTOGeiXTtLiOnt5yWaUGubl5_kmqutZy2l-I1VIHYPmH8TzQXgpzAUitCgWYN6aVHpDZEFWBymXnvR9Bn6g,hagen kelzke,https://play-lh.googleusercontent.com/-uq1Oqmw6BBU/AAAAAAAAAAI/AAAAAAAAAAA/AMZuucnpjd2ezMDCAdZMHJqFliKKF8IDLA/photo.jpg,Does not work and even if it did it has so few features reverbs or other required recording tools waste of money,1,0,1.5.0,2014-11-07 06:34:06,,
gp:AOqpTOFB-eJYI3bYImE6dceE2SeZQ_Gvm9aTCVUqxwGKNOXyUejBA2AUWLq8SzkTrMHrUivTK9tWeMJe7k5apw,Vinnie Cairns,https://play-lh.googleusercontent.com/-A0_J4UPkWaI/AAAAAAAAAAI/AAAAAAAAAAA/AMZuucmT9750_1iLQD5o4TNA68Mor2UCNw/photo.jpg,Haven't been able to record more than 16 bars of audio without it stopping.  Might as well have opened the window and thrown £2.50 into the street.  Useless.,1,1,1.5.0,2014-11-07 06:01:27,,
gp:AOqpTOH4QbABDeKB-eRgDWCdjGnNjUr01MG5jVGXG637WJ9i67Px1wycuUPPP54lj8GUcXm9YMxM6Jdf0NCiLw,armondo Young,https://play-lh.googleusercontent.com/a-/AOh14GgSWSX7AJAeE5F16_EMQnbyonT2wGvshI9Mpfg9RA,Can't record crashes repeatedly,1,0,1.5.0,2014-11-06 09:51:53,,
gp:AOqpTOGL7SB5eiVRklQTcNGiVznVJ8Sc14emTG9XBh9Mnn6t4Nwfm7K7Vx1071H-8hIq0nvwB6xf-6-axh49eA,Katelan Marcial,https://play-lh.googleusercontent.com/a-/AOh14Gitk1voexcYj7kGyLOGCpf7lhhb1Y1cE3vqD2LtKg,I want a refund NOW!!! 😠,1,0,1.5.0,2014-10-24 16:11:43,,
gp:AOqpTOFpR13pJwuXBqExNGbNBYXpr4Av-5K2UymrD3D_5NZB82sjPX3TFLSdFVNGcj2le5gN2kT8JypZ4PI9fg,Lee Foreman,https://play-lh.googleusercontent.com/a-/AOh14Gg0wE4P6mrJ-sSTLSmQz4rRwYMCY0Eiz2GT2aQfVQ,"It would be a great app if it didn't crash constantly. Save yourself the $5,its not even worth that.",2,0,1.5.0,2014-10-13 18:25:36,,
gp:AOqpTOF_az-jknuNVUQEL8_rgu0mzZ8VWayLTOjH8MHO2moQysfXrv5WLh_zguXCohBnXBV8d3LyiQhSLGlEQA,mike misher,https://play-lh.googleusercontent.com/-zlM2k78WhK8/AAAAAAAAAAI/AAAAAAAAAAA/AMZuucmu3Wz737KEO0Mnfx4s0aT18T6rTQ/photo.jpg,Needs some work,3,0,1.5.0,2014-10-06 00:40:50,,
gp:AOqpTOG-OmcGcNCwE3ht6cYSxycwCb_PHt2jvDR5RXmP_B9CP8Du1cbCoJkfeHXQxxG1yMNl4ZaZNOptLb4r_Q,Rage Page,https://play-lh.googleusercontent.com/a-/AOh14GjkFJn1FH1f6R5a5sMfJ4pmZ69WZ7bK0fBV7T4PKQ,This app is very glitchy wont stay open during sessions on my galaxy tab 3,1,1,,2014-10-05 15:46:27,,
gp:AOqpTOFaiwKVHk_VESf90so657Q0kkxW3f7VUauxMhvyt6aUVGVL6Tx4Iv3uhu1pg1DNJeQcHza_ZZBsIEo9vw,Thomas Eversole,https://play-lh.googleusercontent.com/a-/AOh14GgTEE8Oi1P6Rie2_KeXCRPLlgbHrJrJTgQQBG8DBg,"I tried all live instruments just to see how the app holds up. The drum track recorded ok - had trouble pasting the last segment. (Memory?) Impossible to record a live guitar track with live drums. App studders and stammers and bogs down - and I've got a dual core ZTE unico! Fix the crashes and memory requirements and I'll 5 star this. Until then, it has unusable features. Enjoy my $4.",3,0,1.5.0,2014-09-19 22:43:53,,
gp:AOqpTOE7qUx-Db5ELvKMtNnCTSUNubpjJ-PJXqGUkevNCE-dKqRn3Kr8PXu3-O_75-6ZN-JsiHhd6kdZAfoPkQ,Barbara Wafer,https://play-lh.googleusercontent.com/a-/AOh14GhVqLt7rmw2cSAUBsPJXeR5IK1eUn0f0ARvfpvC,"I need my money back from this crap, everything I keep trying to do keep crashing, I need a refund asap please",1,1,1.5.0,2014-09-10 14:03:45,,
gp:AOqpTOE7nxztlC6gQJuUwGQqbpfBuBnWwknkaSBWZVidmy8H5eWmR6VCtZxS0LTS3KG7RNe9Tk2wSO-LMcrFTA,Hasbullah Nazlan,https://play-lh.googleusercontent.com/a-/AOh14Gg7dwPdXMpN5Smbl_VAuTd4kq69WI-Slpfx0wvczQ,Niceeeeee,5,1,,2014-09-05 11:52:00,,
gp:AOqpTOEpZMzj3h-nFXXNADn_3PZc7hWhbgjSv2QwBBj_IqZek8HcrDoRigbJ9N895n1RASfwOsCZuXAEx0ynww,Noneof Yourbi,https://play-lh.googleusercontent.com/a-/AOh14GhngPEm1_nRr1M2n303tFJ4wY1igqR45EjMcvEHZw,It's on the money need to be able to use a focusrite interface though,5,0,1.5.0,2014-09-03 19:10:07,,
gp:AOqpTOGCU-Tn6cSLOkpiHnqDk-K4Y7sYZTbxpBE5lv1zpIbjU9B0LmupUg8eFIadn8Wpl6kHaWjKSS_5HrE7Gw,Drea Shakur,https://play-lh.googleusercontent.com/-IHsLalPag-E/AAAAAAAAAAI/AAAAAAAAAAA/AMZuuckX9IJ0L5It-xbfi7XNZoiiuTIIiw/photo.jpg,This app could be cool if it actually worked. I stupidly paid the $3.99 hoping that it would crash less and also to export my music... guess what? DOESN'T WORK. I Attempted several times to save but doesn't even give an option to change the location. I want a freaking refund!!!,1,23,1.5.0,2014-09-01 16:07:20,,
gp:AOqpTOGVrHnNHts8Vc_6h9G6R6f8GxQvr7ORAMeWfMe3Nw2vzh7_paxljGEMUAUHY8dkwYrCQPR6XuvIIb3YHA,Scoopy Doopy,https://play-lh.googleusercontent.com/-52zU3om0mqA/AAAAAAAAAAI/AAAAAAAAAAA/AMZuucn341MhL15g-6zYsjlmNLHptFEQyA/photo.jpg,"This app is so close to replacing the only IOS app truly missing on Android i.e Garageband.  I feel a bit of loving attention to the interface and workflow and this will be a killer app.  Little things like resizing the tracks or even the keyboard (despite it having a slider to do this) did not leap out at me.  However, in some ways it´s better than Garageband.  Changing octaves for example is very intuitive.  However, I am yet to find a way to turn the metronome off.  I think the guitar requiring two hands to play is a mistake. Although plainly more realistic, it´s not practical on a mobile device or in fact, anything except a guitar.  Garageband handles this well.  The piano keyboard is fine though IOS managed touch sensitivity (I´m guessing by using the size of the finger impression on the screen) which is missing on this app.  I don´t expect this app to have all the funky accompaniment grooves that Garageband has but you can see an attempt has been made in this direction which is impressive.  I really hope the developer invests some time in the really dull stuff, the tiny details to take this to a really smooth, glossy product because here we nearly have a gem.",4,3,1.5.0,2014-08-28 09:27:34,,
gp:AOqpTOHzzBzXu3WSdRhyrx67Ey3xISx-HPo_AxilG0X0t3xTdIyGb72afkz_xWxMiFnfquomqDdS8_b0KuXwCQ,Riki Graham,https://play-lh.googleusercontent.com/a-/AOh14GiQR83ZdAPq7aX_g2FNRXpsWLFiAlCKUrnprS9z,"I own a brand-spanking new Galaxy S5, this program ran great for a week, and now; suddenly it is buggy mcbugbug!! Stops on an error every five minutes! Why????",2,2,1.5.0,2014-08-19 21:45:50,,
gp:AOqpTOEIrbOcIprn6fXPnHtMqdDqHa04DqCnGVJdxP5VwO6ynpzvTOAWyxLG5w3a-phb_OIdZdlkBNya7LWlsA,Ira Jamison,https://play-lh.googleusercontent.com/a-/AOh14Gi5psc0YrcC0LNBPih2H3H8ay9VDaD6-finWa_l,Man snow,5,1,,2014-08-12 09:43:38,,
gp:AOqpTOFDTvrv5buymSB8oA-TNIHkubJYAF9gEGtrl1UwOe5wCLsBjloKh4-bm_VzUa6IC4riLzVEaBEMortKIw,Audra James,https://play-lh.googleusercontent.com/-LquuwmY3kzU/AAAAAAAAAAI/AAAAAAAAAAA/AMZuuclfhkAIYaTV0R3n-bMQd80-jKZuqQ/photo.jpg,It doesn't do what you said it would. I can't import my own beat or nothing. I want my money back,1,1,,2014-08-07 09:37:17,,
gp:AOqpTOEh0LlL8aze1PR-fcpESci2kEupPa3K4_3Ti5Ju5xWQb66G6TExdptwpEUH5TqUQDAtewaLzt6--YS6Fg,Mickel Brown,https://play-lh.googleusercontent.com/a-/AOh14GgvdDMbOrDzjm3y0zg8yuq6F_HJ98oaouvxWJgyZA,Nice,5,0,1.5.0,2014-07-17 15:44:51,,
gp:AOqpTOEq2l0Rca9pJBLHcLajLVCy_NdVztiZK70apJ63STNvjK_QzCyLxZ2_j8FZYyno7LY6HRJPM15Xt2oIfw,R.Edward Stanton,https://play-lh.googleusercontent.com/-UvEeFA50e_w/AAAAAAAAAAI/AAAAAAAAAAA/AMZuucn7q1iLCiKVPE-m22i26c5nDZ3xzg/photo.jpg,It looks good but I get no play back after importing audio. And I have an audio engineering degree.,1,0,1.5.0,2014-07-13 21:24:43,,
gp:AOqpTOE3EaCv0yaMp0eKTkskWEPRKjOBGc3j-pkLvx_P5KE5JN1-FfPb6-8WIw0tTf2r8PRc2QLYWNOhViC-Kw,Kay Dee,https://play-lh.googleusercontent.com/a-/AOh14Ggsd0js7Pv3UD4kn01e61rZP0kXlNWwYWPFoAxA5yE,Love this app,5,0,1.5.0,2014-06-24 09:51:07,,
gp:AOqpTOHKIUMIKNhp8zFOKRgg-tm3UllTw7fzYP_QsHnFDlbxHDeqd2jpnSQkW6KT53Gyajo3rPX55CceGWMHZA,Kentrey Mac,https://play-lh.googleusercontent.com/-ZElB_H1p27g/AAAAAAAAAAI/AAAAAAAAAAA/AMZuuck1RGR7P-NSIEWbCnMv42cBdBbosw/photo.jpg,It dont do wat itz supposed ta do.... it keep shutting down while im trying to import 1 of my songs.... & it shuts down while im recording.... i want a refund....,1,31,1.5.0,2014-06-20 19:14:15,,
gp:AOqpTOHYgCn_qItThQxhLFGxF7gGWDOlv7Ghgogkv0pwt4-S5M7vp2RjsSn8rpnl4hRJpA03TNBR-PTW7PuhyQ,Jay Kleaver,https://play-lh.googleusercontent.com/a-/AOh14Gg5AK062cUZYT0-LlulurUKTU5mveG0DxIddLMfdA,I use to think this app was great all it does is shutdowns in the middle of recording always some form of error that results in shutting it down i dont want a refund i want you to fix it!!! Otherwise this app could be the best. Get your ish together. .,2,0,1.5.0,2014-06-17 15:11:44,,
gp:AOqpTOHH1fnL10UywuQHuJmH_NKEfBd5-sQxUp259e5i0E7jSgWCoYiT2ItHEiVRDT-oUD8MZZIcP1qgSAVwRw,Richard Masterson,https://play-lh.googleusercontent.com/a-/AOh14GiHEsCe8fmmAt-MqZjQUIHN05RL8rN1KKGSPzffFA,metronome plays while recording. no way to work with multiple tracks at a time. glitchy. NEEDS UPDATE!!! may work well with tablet devices.,1,0,,2014-06-06 20:04:07,,
gp:AOqpTOEsIlKVkt6Pbbb2DQNOWiuHDdUboudmJQXEoa5z_twDwgaxGOxK6gwu3dZZJt078Ft2AY8G2dw2XQ_zDw,Devon Clapper,https://play-lh.googleusercontent.com/a-/AOh14Ggykz0gJrLYtCCDj2OL-HWR5xt8-7jEXjCznQKpLg,Great,5,1,,2014-06-03 14:18:23,,
gp:AOqpTOE9RXChcfmrsUuc8kvjPVNPiT0zgy__lUI4_q8nzjSK8H1uupUFXryyu7kTEh4-AghMtKBzNvErwuNCrQ,Pat Harding,https://play-lh.googleusercontent.com/a-/AOh14GhXzYo5EhM7u2CGRGd9pAGWX2hWWCOr2s_yd5aDJw,The bass crashes the app. Use with caution,2,0,1.5.0,2014-05-28 16:48:58,,
gp:AOqpTOHCALaQjW1oahpDZNIfM9giM8UJeq2i_hVCNXW6A5lCYsyDwvTbyeWvzLAWg-GD9j4Yy3F3bObZOz0N-w,Tyler Shoobert,https://play-lh.googleusercontent.com/a-/AOh14GiwFpDkx7DpZya2K6FMffsUq55thK2VMmNHIQRMyA,It needs a manual so people know how to use it I want a refund,1,1,1.5.0,2014-05-20 04:30:54,,
gp:AOqpTOFby3yarJ5fx318WPRynzJI4VudWIdCSrVsHAKLSvOwjSkUUVk4uZEr9dpoYmlszthVQOVM8jI_OROrWw,Groove Growth,https://play-lh.googleusercontent.com/a-/AOh14GgKfgl5JUqaxf7G5q7i-kk6kH4lYPz4JtoWNxK-oQ,Unsatisfied on quality not worth purchasing!!! 😠mad I bought this. I need a refund please,1,1,1.5.0,2014-05-14 11:12:04,,
gp:AOqpTOG3toZXAw8AR4lGn-D8Fg7mQtveD1uC_G-kdnKKHm_1oWDDXHXs8JwxNzJs5Ug9eqrJp0ZIF6QiqqfMKA,Sheldon Gaynor,https://play-lh.googleusercontent.com/a-/AOh14GjmM6mVTw-dJ2AQLL8o7xrQN79Ch4ljLPNZibo1GQ,I didn't even get to record... Crashing to much,2,0,1.5.0,2014-05-01 07:22:51,,
gp:AOqpTOGn_l6JxbZSMfecvjYUtMgkwhRAYCsBHjUexQhkukMASFXoGK4afKQLJn6UcIwFx0ub6A_UL7Gg5k7A4g,George Marsden,https://play-lh.googleusercontent.com/-nEpODeytP4E/AAAAAAAAAAI/AAAAAAAAAAA/AMZuucl8A1s2kFdi_Ixz7CsvDHWLNBYiCA/photo.jpg,I've used this for 5 minutes and it crashes every time. I WANT A REFUND !!!,1,0,1.5.0,2014-04-26 05:53:59,,
gp:AOqpTOFcU03fiKNELNa9LGQ8GPQfYUpu5UpUB1kN8odbcXYFfQekJ1Q2xGvFDOKg00rGNnBLglRo5aqRYynVog,C J,https://play-lh.googleusercontent.com/-mL3k9c3Anxk/AAAAAAAAAAI/AAAAAAAAAAA/AMZuucnWFPZMHB5AKBbqfJYa5YQzuIeAfg/photo.jpg,I would appreciate a refund this app literally screams when I open it or try to record.,1,1,1.5.0,2014-04-21 17:47:15,,
gp:AOqpTOF6lZwrJnYxSCLNdgRAxvKzJiM4smjSKjIlbhy8Ta8XGsEz-G0Npij7wu-1PkhhbnMs4U7aUPMbBtRBIA,Jamal Hamp,https://play-lh.googleusercontent.com/-7gTEdRpX1DM/AAAAAAAAAAI/AAAAAAAAAAA/AMZuucl86I4xYoPMml9twpmDYyJf5-cpRA/photo.jpg,I need my refund this is a rip off app continuously to crash and i just purchased it today....THANKS in ADVANCE,1,0,1.5.0,2014-04-15 18:24:45,,
gp:AOqpTOHF8sRqDftt0NOpYq5CF-lGASf9U2UsMfpD1GMqsUQGsnTTpJ7wG3dJ9G5wiRSujNRSY2vEHS62DUZzPA,Max G,https://play-lh.googleusercontent.com/-cEboaGXRXr0/AAAAAAAAAAI/AAAAAAAAAAA/AMZuucneeSniMeBLhh0rpoDC_igDT1UbXA/photo.jpg,"I'm having problems importing my previous files from ""sound recorder"". There's too many files to dig into in order to find my music. Also, would be nice to have some preset drum beats or something. I love the sound quality though.",2,9,1.5.0,2014-04-15 05:14:30,,
gp:AOqpTOFhin_gNmSIACzx-_LYj2ECQdg-aGbeabVCi6O7xrQNQDBpubUdcP_UgHu_PYLDe7rwIJXWUoMymoFP_A,James Williams,https://play-lh.googleusercontent.com/a-/AOh14GhGMwxmr72ACwn2IMfBUVrBug1zJM6yXkHUwYHH,Good,5,0,1.5.0,2014-04-12 01:37:17,,
gp:AOqpTOF66nrvvvAYYvEQd7rSSA7w7ztZ0FiYiuUYOTonOTGYXswQrnkzImUvfiLb4yskzWplYXIjw4DFkeCUkQ,Tinky Winky,https://play-lh.googleusercontent.com/--YGKMT8JTKE/AAAAAAAAAAI/AAAAAAAAAAA/AMZuuckIdShptA11BwHCXAkgDndLiNyaRA/photo.jpg,This app is terrible I want a refund I have Samsung galaxy note 3 and it doesn't work piece of crap,1,1,1.5.0,2014-04-07 05:05:39,,
gp:AOqpTOHjhoWlQYZco3iYXC8O_hhJnRNOcMt3twIsh34HGAnt78BddHElvNnVPtcRstqdqji53e8zknsmWzEQnA,Casey Kelley,https://play-lh.googleusercontent.com/a-/AOh14GhRDE4yN9CHQcLtup2lt3f1oU8k3MIfqp5U5qsgl2c,It crashed every time I tried to use the mic function. I tried uninstalling and reinstalling it and it still didn't work.,1,0,1.5.0,2014-04-06 09:53:29,,
gp:AOqpTOGFTLE_OwrahgznZvbsILOjbEJKIzHeD4RbWg-ya_Mx9wJajVlFHg9QCJj48eJBMnfQq5gDmpyA9-_10Q,Ray Blood,https://play-lh.googleusercontent.com/-WZ65Ki2uBBk/AAAAAAAAAAI/AAAAAAAAAAA/AMZuucl5y68x-sNRGD7CCRk6nv8OVal_Rg/photo.jpg,Wont upload my music i want a refund thanks,1,1,,2014-03-29 18:53:00,,
gp:AOqpTOFbEjwbLmhOermJnR2zK2fy-PS7lLiaJDEWBmW8cFknxCyZR50FXisZ_HX4tbdinXAZKBXr_yInq0mItg,E V Electric vehicle,https://play-lh.googleusercontent.com/a-/AOh14GgmaELXADyId-i2dh3-w3D666W5REZh2c0Blw7kuA,It really crashes alot. And when it stop doing that. sound really cracking when you play back what you recorded back to see how it sound. Please let me know what I have to do to get my money back I'm uninstalling it now   !!!,1,14,1.5.0,2014-03-28 06:49:07,,
gp:AOqpTOE9oNUPWJUJz6tFQkhx29NMIZxHE6hxhXIPUJmrqekXLLfkdPrwszcQFASkjAI8PIHlnFPs-lVpqp52hQ,carlos miller,https://play-lh.googleusercontent.com/a-/AOh14GiTb4P_-M5fq9lB8ABB7NLK_0Y98IieEQAHGm1SCQ,Will not down load and I just paid money for this app need my money back,1,1,,2014-03-20 12:02:18,"Hi Carlos,
send me please an email with the number and date of the transaction and I will send the money back.
Bye
Glauco",2014-03-26 01:51:08
gp:AOqpTOFls35zpj8BguuaxtDIA5hBKZGdG7Qjc2JzkLPmzeXeA7E0ZehLgkcehlxS5ulbls0vQ0mFVf7P6gm8Ig,Washburn Kelly,https://play-lh.googleusercontent.com/a-/AOh14GgyOHfvx-COLNPicQ_s0d9elZDzZWa6tbHawPwBDA,PLEASE I WANT MY REFUND  this App keeps stopping everything i press record and i am giving annoyed of it. please give me back my refund this App is useless,1,0,,2014-03-16 12:47:22,"Hello, send me please an email with the number and date of the transaction and I will send the money back.
Bye
Glauco",2014-03-26 01:50:40
gp:AOqpTOH9DwIFxGlEmzpI3zP8GuXKidRB6tc7UU7YrUkf2E7l7Hv37945Zl2fz7yVdz8uU90vewpvVC3B9zq5Tg,Ray Langenhoven,https://play-lh.googleusercontent.com/a-/AOh14Gin35zIA1myydffvKElHb3Yp7sBt1aU-miV6EPLQw,"I need a refund, it crashes every single time I press record, so I can't use this app for what I want...which is to record my voice over beats.  Please refund me. I bought this yesterday.",1,0,1.5.0,2014-03-16 04:07:17,"Hi Ray,
send me please an email with the number and date of the transaction and I will send the money back.
Bye
Glauco",2014-03-26 01:50:25
gp:AOqpTOGQpmNoUM1udzwdzBjfC6nJydWn5IpD-u8Xxtz91jJpo1SKVewx_G1fEy8d2flMQj61NCRFwEOMqy3RLw,Colby Smith,https://play-lh.googleusercontent.com/-yv9nfzrDzAw/AAAAAAAAAAI/AAAAAAAAAAA/AMZuucmCHP8OPHS95JHpieZrq2MjDCcR2w/photo.jpg,It!! Free version is a little touchy would like to be able to lock certain tracks in place. I bought the full version and now it doesn't work! !,1,0,1.5.0,2014-03-12 22:25:49,"Hi Colby,
the free and pro version are identical, the only difference in the pro version is: there is no advertisement and there are 24 tracks and other features are active.",2014-03-26 01:49:21
gp:AOqpTOFoFTEB0cJvUUQA-PQbZDO21jphhHmiUqnbbk1rmP8OY5YPpRl2QOE7QSCiw9rAiBvFcs8dzCvAV0cRXw,Joe Wade,https://play-lh.googleusercontent.com/a-/AOh14GhDjJAKIaZDRL6guzU_ZSXw3nEhJUr7gDNkVm8sXA,"The closest thing to ""Garage Band"" for Android.  Awesome!!",5,0,1.5.0,2014-02-28 22:37:01,,
gp:AOqpTOGEVNLXzDU8qYsWXNjkklF8jKhkXa7qmHzUL7G9w5FnXuGeA972-aALfmDWhrv29f0xuiwQCukJwEBHmg,Tyler Groves,https://play-lh.googleusercontent.com/-6zEraLo3Mx0/AAAAAAAAAAI/AAAAAAAAAAA/AMZuucmnILzbgDDDqFR2dLltvK6z26YQcw/photo.jpg,,5,1,,2014-02-28 00:11:31,,
gp:AOqpTOHVwuFfGVVPqhISlvK89ozvDTkL7PnWuuKQi9dg7Zlbb5zmVWCRtBIx_NZB8I-9n-y07qNuDSFSdl6qcw,Adele Miller,https://play-lh.googleusercontent.com/-UmvAzpmWi3o/AAAAAAAAAAI/AAAAAAAAAAA/AMZuuclJdeOmTQT7tYuzFT2VcWvEsfnaGw/photo.jpg,"Can't programme. Or record Anything...crashes every 30 seconds or so. Really annoyed.wish I had never bought it. Only bought the other day,want money back..as doesn't work.",1,3,1.5.0,2014-02-27 02:05:29,,
gp:AOqpTOE7Uq17OT5FMagbeVeUg81tqcISfawsvvzaebwP_0hLbQ9U48jFqNaaPOxvZrC_SiOgYn4ostNEFoCpig,Lafayette Simpson,https://play-lh.googleusercontent.com/a-/AOh14GjRMQQXGEUw5AvJGO9a9WWtAj7rpQpkFJ22atNV,I hope to see some sort of midi controls or quantize and groove features in the future.,2,0,1.5.0,2014-02-26 13:41:32,,
gp:AOqpTOHwYJ7G02FSDqCNf_SssyPTnIYHFWIvELE96Ek7jpbCi7E8Pqhb7QR4eSAF_la1TsE_zYfOkyDwUzyuTg,christopher gray-sprecco,https://play-lh.googleusercontent.com/a-/AOh14GjO0WdnrzDJ59a5wq0WpweQLbvYDBt4HP2C_bdGsfE,"The app did not run on my Samsung g3 tablet, I was impressed by the quick refund and polite service.",4,0,1.5.0,2014-02-25 13:19:46,The app work good on Sg3 Tab.  Try to restart your device.  ,2014-02-11 05:17:19
gp:AOqpTOHw_7_TY15-zOqKRqQQeOr1qXAqg_NHylkoosJxVb8WrX17Fn0nEyIVdIIVJ8pwA_f07niXoygmcC2v0Q,Tony Cardinali,https://play-lh.googleusercontent.com/a-/AOh14GhQ52-DHq7RS45B-Cks8S6ipvfFYpKoKjRn-BaQRA,No way to adust mic input level in app Galaxy GT-P5113 I cant use this app;  would like to find an alternative app that works how I need,3,0,1.5.0,2014-02-21 13:36:43,,
gp:AOqpTOF5lCWMy1h9aUk1hS6Ju7a8-NMePxu43dJX-wiPcCz910PB8pcgVMf8ehAh2Nghz0NZrtwygyVeG50w0A,Larry Walden,https://play-lh.googleusercontent.com/a-/AOh14GjYJVAEfJxjMurXk_TG6gamkEqM_YcHn8EETq49kw,I would appreciate my refund. It does not work on my phone. Thank you,1,7,1.5.0,2014-02-07 10:08:10,,
gp:AOqpTOG3WAVwyHQsOLW0DELr8dGnw1SuxD7VOyRqMdF4Estmny1CchSqkIHOj4WGiTgP5FMibtJ3aB81O85owg,Random Stuff,https://play-lh.googleusercontent.com/a-/AOh14GjOx_vWnFbg8HOmD7MjGDuuFiZ6Yot2rFO4IUI3bQ,I purchased this thinkn the guitar would auto strum the guitar dont really work how i like it but im disapointed would appreciate if the creator would email me and i will turn it too 5 stars bt at the moment not happy,1,1,1.5.0,2014-02-05 22:07:33,"Hi, the guitar auto strum if you want. Contact me and i help you tu use the app.",2014-02-11 10:48:48
gp:AOqpTOGmcuWDwrHyHTLKAQ-vr7zARXdi77ysFXwJmigbAN-bsOySWJvVujvQxSUgl2sZlpM1WHa6imFwgs9rtQ,NHV303,https://play-lh.googleusercontent.com/a-/AOh14Gjdv0PBlnkUecMfUl3HXGHHtNYtdhv65tR43ge4xw,"I'll pay $100 if you also have sheet music view.  The piano roll is good, but sheet music view is better.  Be the first pro music creator on Android.",5,6,1.5.0,2014-02-04 00:57:00,,
gp:AOqpTOGocAePe237srblJivn94ZUTehFhxt0d6qoo2qUX1TdTK2Six7Xa3Md2xhhrNQcwo2MU2m87W1OBaBDkg,Mr. Lee,https://play-lh.googleusercontent.com/a-/AOh14GiWEYdliG-PLPZQlZsUQlf2sgiSN2fCu71D-Lku,after purchasing the Pro....I imported one of my files to the track...Now I cannot hear ANYTHING when I hit the play button... It also interrupts the audio on my othe music apps.... I believe there is a bug somewhere in the Audio input/output - importing and conversion Audio - and Editing notes on the piano roll...However if I open a Audio app with all of the audio driver kinks and bugs fixed - it overpowers this unfinished app and my Audio begins to work again... Killing my GS4... Thats just my two cents,1,2,1.5.0,2014-01-30 00:05:43,,
gp:AOqpTOF6kg_fnZCff558K6VXmRSgAdmwQjwdUiAxeWPeJQ3aKvXBMtUzx5_dVZmGK0iHn2OZNgi9CLFoHbbXRQ,luis aguirre,https://play-lh.googleusercontent.com/a-/AOh14GhyD5S3Y5Frn-KqCVKx8_YpK9FOIVPYc3jkcBByOQ,alike,5,1,,2014-01-29 22:52:10,,
gp:AOqpTOFvomzQYRGYZNceEtRNHjU-ULdDL8I7-dHgezruLumCRzwBl-cJuGwhhEzVo3R9PDZxJrnTG8OSFPqezQ,Ello Oku,https://play-lh.googleusercontent.com/a-/AOh14GhdRwk1kz_6pQRbMApBHFEPc1hOdJu9E9__qLbcIg,I see a nice future for this app.,5,0,1.4.5,2014-01-12 16:36:53,The problem of cracks has been fixed with an update.,2014-01-12 13:34:56
gp:AOqpTOE5QI-GGa2_vwdQgWVKNkerBAARpdcd9t2Vqn3rrL1siUOsxJnyCEJHbt17FRT-Z6yWpZE72ayJ7F209g,Caleb Ross,https://play-lh.googleusercontent.com/a-/AOh14GjBKgBbCHglZJ_P2CFg0hyBcXErm6ULEOq9-DczBYY,"I installed this app, used it to record for 5 seconds and now my microphone on my nexus 7 no longer works. At all. Thanks guys for breaking my tablet! You owe me a new one.  *REPLY*  With my device on a table, unmoving, I created a track and hit record, I wanted to seesee where the recording level was at. Recorded for 5 second, then hit stop. It recorded audio, at quite a high level. I deleted that audio track, created a new track and suddenly the program crashed. When I reopened it, created a new track, no mic level. Closed, tried again. Reboot, try again. Use Google now, no mic. Skype, no mic. The device hadn't been moved, only the software had used the mic and it WAS working when the program crashed as I had just finished recording with it. I don't know what else it could have been.",1,0,,2014-01-10 00:12:38,"It is impossible that the application can break the microphone.We did a lot of testing on devices widely used as Nexus7.
RecordingStudio have been installed 1331 times on Nexus 7, no one has reported problems with the microphone.The app is installed on more than 27,000 devices.The app uses  the standard methods provided by Android to capture audio.",2014-01-22 02:25:49
gp:AOqpTOFYtbTBdPXP760y95F8cfMXVlpI9yHnjnctLxcmIv0vGOBc_WPQhffYBvvw8am8CosHEXFOh-rbxb8cjQ,Laura Brasseaux,https://play-lh.googleusercontent.com/a-/AOh14GiTCitWIUyh53iVOf87GTYhZ2ZpSYoXWDx156TynQ,Tried using this program on two different devices and it force closes on both.,1,0,1.4.0,2014-01-07 01:00:06,,
gp:AOqpTOHHyGtFKNlKNHAkQOsNCvFzQa_W5S4Fdl0kKXQCJVGqSzXZR_KiCQUMn-obDct_0XYUdim6e1yzVEvd0Q,Jerelle Mullins,https://play-lh.googleusercontent.com/-vwFqt_RGnPk/AAAAAAAAAAI/AAAAAAAAAAA/AMZuuck_-N--1aDzuAW3hEAgIC7BhbN75w/photo.jpg,Its a rip off so don't buy it. You can't import audio so don't buy,1,1,1.4.0,2013-12-31 01:15:30,The problem has been resolved. An update is available.,2014-01-12 13:25:44
gp:AOqpTOHTa1kjjqCQ9E_fJXgzDwZ0tgiVzQ9i0goloCPM9PZbXXExIIIF1tIcQDQPp51m-cVpOSMYQ46tDCVADA,Jethaniel Nixon Sr.,https://play-lh.googleusercontent.com/a-/AOh14GhLM39IF1-B8NfvdZwNDMTYisEYRlCbSecUnl12KCQ,Nice,5,1,,2013-12-17 06:27:54,,
gp:AOqpTOEQMw2BQ4Y3IpTMLmtmVnC_u_Rp83PithI6P95UFt7aAlvGccy9RFe2t_WCDiT98NsjWL7aiASSsw5Srg,Vienna Rose Da Re,https://play-lh.googleusercontent.com/a-/AOh14GgIW5L7CPmM_hnJczdiDfS3P3xlgJlqyzGoHObKNQ,The interface is coo but needs work but is the only app ive found that get the job done. Nice!,4,2,,2013-12-13 22:19:29,,
gp:AOqpTOG_sFsFoxnTiwi_m40O32CM30tGK8zGJ0J8nfdZyE0zIT8GLALUuU30p7MGbjT5li6YrcSaF7L_hi_6gA,Elizabeth Brown,https://play-lh.googleusercontent.com/a-/AOh14GhdQyNwOJ4sJ_sjWp_tKHa1CrOrAlGqpeNrAflo,I paid for this app and having problems with import songs to it from my songs I have recorded in my mp3 music download and 4wav songs or any area on my phone that has my recordings of my songs period.I press music and then other options but it wont pull up the place I have all my songs or music but 2 songs. please fix and I would give a 5 stars. I have a note2,2,1,1.3.0,2013-12-12 04:32:03,Now you can import files from external sd card.,2014-01-14 09:33:00
gp:AOqpTOGAQYMOIvqtKNFz9fXiMGxvI1P-nIl00X2JYx-BU9OiCSi7jCEvBOQ_uuH3aY730j2cdarCcSRhR3CJDg,Gutta Maine,https://play-lh.googleusercontent.com/a-/AOh14GgxftpuNa-Nk1miaIhBIQV8o7m8d7OjOqLAonmmyA,Keeps crashing and forecloses everytime I open app,1,0,1.3.0,2013-12-11 01:30:05,,
gp:AOqpTOEthITNHbd_U63WyrCljdhqckTnSwWs2vURUSCs5cyvvyyp1YwUTcYu_hIu3njhscqgPPv0XtybWjQLzA,Anatolio Ramirez,https://play-lh.googleusercontent.com/a-/AOh14GjEuc2pxlMATVxbeDIk29hle70Jw3-1nW1orXc5,"Unable to import audio, please fix. Samsung galaxy s3...",3,0,1.1.0,2013-12-05 18:02:26,Problem solved: update available.,2013-12-06 09:49:44
gp:AOqpTOFXM8CJrDC0RQFljg926N5KLaKCWc5BNKPj5709jR86v0lKVuBeUBF5LZ8bz56rM8vELBRmws2vPQWmtw,Y-Jimson Buonya,https://play-lh.googleusercontent.com/-L9NL0CC2P3M/AAAAAAAAAAI/AAAAAAAAAAA/AMZuuclJSHRvapenijAjmf9O782mWosKYw/photo.jpg,It look good but for some reason unable to import audio. And since I paid for it I would like to see better improvements.,3,0,1.1.0,2013-12-02 20:51:16,Problem solved: update available,2013-12-06 09:49:50
