reviewId,userName,userImage,content,score,thumbsUpCount,reviewCreatedVersion,at,replyContent,repliedAt
gp:AOqpTOE92_e0hwzelR7eFNrxUt7m6kJQdLrrqR4f9Ura7RptuZHHAYJ9aviWwSslagpCqK33gj71VpnQ--J2BKo,Maxamillious Titan,https://play-lh.googleusercontent.com/-Opo5sDg4Dm0/AAAAAAAAAAI/AAAAAAAAAAA/AMZuuclJa9-cwVXlxyH_sZZyKjQurglKlA/photo.jpg,"Cooooool game, but keep updating::::::thx for response,",4,0,1.3.14,2021-02-05 01:29:24,"Thanks for kind review, hopefully next bigger update will be available during next week.",2021-02-03 02:44:36
gp:AOqpTOH9oAbyG-FUCJ9X7622X-1TPy8xDUKOWhqN-0ffFSRTG0genL0Ke-iGC8bQ2SIOt_IwTDjn88onsKpcoyk,Terry Ings,https://play-lh.googleusercontent.com/a-/AOh14GirPt1R8ZKcrmuJM39Jz0nkxnZuA9kV8FNZ0UgLow,"Great Game Lots of Fun, Should deffintly add a way to play local Multiplayer from more then one device, Hot seat is fun but more devices in a LAN game would be great!",4,0,1.3.14,2021-01-18 05:44:10,,
gp:AOqpTOGVWiPNp89V7XzHHxBziqnm4GhOS7ixAXlXVV15Xlsep5pZ9sGywPqRImD1YrJvaJaz6ekee_fIf8uBrBQ,Robert Merkouris,https://play-lh.googleusercontent.com/-tL32Vk96tGc/AAAAAAAAAAI/AAAAAAAAAAA/AMZuucnDPG4YaHmpu6gzLWPoCgg89KAWbg/photo.jpg,"The game itself is quite fun and each faction feels unique to the game which is also great. The only reason I am giving this 4 stars is due to a game crash during a battle where everything was frozen after the enemy turn, and because some of the objects on the world map have been spotty in whether they show up or not. Overall a fun game that scratches the itch of a turn based fantasy strategy game!",4,1,1.3.14,2021-01-11 02:41:41,"Thanks for kind review, could I ask you for contacting us over the email. So we can find what exactly went wrong and fix it. Because we have never experienced such a problem.",2021-01-13 23:23:10
gp:AOqpTOEZuaB5grUmIZTYKKqvFmj8ofjT26pdWAMVZOenuFzOgMXl--U-ez5rogweVkpGiB1Emrsn60bm5mlsLRg,Jonny B,https://play-lh.googleusercontent.com/-kbW33e2iKiM/AAAAAAAAAAI/AAAAAAAAAAA/AMZuuclRBMsYUcyLbOYEO5DDJrM8XQG8_g/photo.jpg,I must be missing something because this game is so boring. I found it on a list of top rated strategy games but there's virtually no strategy involved. You literally just recruit monsters and walk around the map fighting people. There are no decisions to make - you don't even pick the hero you start with. And no story/campaign mode either. So disappointed.,1,2,1.3.14,2020-12-31 07:21:00,"We are sorry that you dont find our game as exiting as you thought. Maybe you really missed something, because you can select the hero in main menu(during game setup) and in horizon of weeks we will release new update with improved gameplay and right after it will hopefully finish campaign mode. So if you give us one more chance, we would be glad",2021-01-03 00:26:57
gp:AOqpTOGfAYvqhBui5zI5zisO25IkLOd1fAXmrizaQcDbdXXsl1c3v8KjhE58jbv6qri2RPdo9vBXWdZIsOv_eEU,fu hjk,https://play-lh.googleusercontent.com/-JWzAFb6P38k/AAAAAAAAAAI/AAAAAAAAAAA/AMZuucmcOImyfSkHQzC-d1D8CwvW3Tfmdg/photo.jpg,"Waste of money. The movement of troops is spoty, very difficult to select a piece and move it. There really isn't much strategy to the game. Its very simple minded. Although it has some of the aspects of a strategy game its arrangement is very juvenile. If not for the difficulty of moving troops I'd say it would be a good game for kids but it's too frustrating to move around the board",1,0,,2020-12-23 09:01:51,"We are sorry that our game doesnt fulfill your expectations. But we never experienced such a feedback connected to difficulties with troops moving. Moreover most of the users said exact opposite, that it is user friendly and easy to use. Can you be more specific what is problematic on your device? Or you can contact me over the email. Thanks",2021-01-03 00:34:34
gp:AOqpTOELlbQhamHlCQr8lxu0ANh8t1Xw0bq7jRi5SG4-qu7-neR03KwEyeoyc8On9ChLxHxUiSAXv--J57mHCYM,Quenten Visser,https://play-lh.googleusercontent.com/-MC1wQwab878/AAAAAAAAAAI/AAAAAAAAAAA/AMZuucntSPlEf5Aod6lGeabOVB58zBUulw/photo.jpg,"A really good game. Has a bit of a learning curve, especially with the startegy. I remember skipping levels and thinking it was impossible, only to come back later and wonder why it was so easy.",5,0,1.3.14,2020-12-18 19:30:12,"Thanks for kind review, we really appreciate it. About the learning part, it really could be challenging but we are now testing a new version with improved tutorial too. So we hope it will helps a lot.",2021-01-03 00:36:32
gp:AOqpTOGg-6MzoSMwo2pucBjC60bzW8tvWOkur-bnNZuIlUN31cpZjvpod5kbS7FPwIGQndfy2GtFmq6-aIVL2a4,Troy Dalton,https://play-lh.googleusercontent.com/a-/AOh14GgD2rZ9qkY7aWnVBme2MiqQXxT9UIxRThaQxIhy,"Best game I've seen in a long time. Worth purchasing just to support developers like this, with no IAP and a lot of skill. I find it a shame that many of the best games for Android have such low sales. I was mad when IAP was introduced and, I have come to the conclusion that too many people rather buy their way out of using their brains. HoF is what I think mobile games should be. If you like tactical turn-based games, HoF is a must! Story mode will be even better.",5,6,1.3.14,2020-12-01 08:49:05,"Thanks for kind review, we really appreciate it and it keep us moving forward.",2020-11-27 04:17:29
gp:AOqpTOE567PnU0URZR9N-uodVnv7Wej7oVvhBTG-PP1ebqPR-Q3QE1sNrvfHXIRF6s35EFsFlu2iaF4kZUGU5t8,Michael Crane,https://play-lh.googleusercontent.com/a-/AOh14GjvMo8-XN-6yqyb8KU8fnv8mEOHJzF-Tb8YgbqjSQ,"Terrific game. Challenging, gorgeous, intuitive controls (once you get the hang of it). Would love to see some stats when you finish a match, like each faction's total gold collected, units created/killed. But if you like turn-based strategy this hits the spot",5,0,1.3.14,2020-11-27 03:10:42,"Thanks for nice review, we appreciate it. Moreover thank you for your idea about post match statistics, I really like it. I will try to add it asap.",2020-11-27 04:27:03
gp:AOqpTOHpoUiL17T6xg_Z6mu6D-79b4Zbgu1sOU3nZSoRB4oo18V2QtvAZZj5SIdQt-XiWnuF2cKXUA0kH-HZ5uU,Joseph Guilbert,https://play-lh.googleusercontent.com/-NMLVY9O_nWs/AAAAAAAAAAI/AAAAAAAAAAA/AMZuucl0aYMN6RUqP74jaaGnGSLCyHf1hA/photo.jpg,Bought the game when it first released on Android. Never had any issues the devs are very active and it continues to get better. Highly recommend to fans of the genera. Not to mention that I love the style of art.,5,0,1.3.12,2020-11-22 14:55:11,"Wow, thanks for such a kind review. We really appreciate it. Moreover, new update with campaign mode is coming soon",2020-11-27 04:36:24
gp:AOqpTOFWKvvIJBdxS_5f6u3WU5dT8aVtLw73604fLvbUsybgdNu7QkR1c6kPJDd5QsiYFiqDc-qzMSJwhiyXa1Q,Mateus CB,https://play-lh.googleusercontent.com/a-/AOh14GgsLbKXhUNZ0xMNm85dm-Ibc6rKKrfpPyEPrX5LAg,"Just started playing, but so for amazing. Been wanting a strategy, with no micro-purchase that most games have. My brother and I are also developers, and thought we haven't made a game in a while, we know how challenging it is. Excellent work. I'm definitely looking forward to new additions. I think some form of story based progression would be cool. Also, I appreciate how tough the game is, reminds me of older games, where you really had to work at it!",5,2,1.3.14,2020-10-12 19:13:44,"Thanks for kind review, we really appreciate it. We currently preparing the story mode, but it is little bit more complex than we expected. But we are almost finishing it.",2020-10-20 03:08:09
gp:AOqpTOE6y-zRjKtMwh1_XncOGAzai5HUib4p3YzU4zTx2LtRh9qjbWcyY39GqL5erGd-EUAeBZGv5z50TC2eFzs,Kevin Gauthier,https://play-lh.googleusercontent.com/a-/AOh14GirpWbCNHZhrX5JMQ7QZJuukh0eCjUdDbR4q5ShLw,"Very well made game,great graphics... It does get difficult,possibly a pay wall,but it could be my lack of skill,lol... Not a bad game,tho!!",5,1,1.3.12,2020-09-20 08:07:58,"Thanks for your kind review. Well, the game could be little difficult in the beginning. But there is also diffuculty setup in main menu during map selection.",2020-09-30 08:10:11
gp:AOqpTOE1I38mXZddBIqfUk4gA_Okmztoev4smz3FTMXm9iI-JCp9SCzdbLDNsJKO6TP-63kF7CbPKBxe8X_XWc0,Michael Christopher,https://play-lh.googleusercontent.com/a-/AOh14GgkcLwSlFW11UpEkcKeY1pST3OuMEp-vwgHZRk5MQ,"Looked like a great game. The reviews were promising so I spent the $2. The game is pretty lopsided. It takes way too long to build the army up. Meanwhile, the enemy leader is killed and within just a few minutes is back and even more powerful than before.",1,1,,2020-09-14 04:32:09,"We are sorry that the game doesn't fulfil your expectations. We know that the game needs some skill, but you can lower difficulty in scenario setup in main menu. This is the game mechanics, where whenever you or your opponent hero dies, he will be ressurected in nearest town in three days. Anyway feel free to contact me over the email for refund",2020-09-30 08:28:49
gp:AOqpTOH5m03b_2ZznjDN3aYC74CtqK13v8KRLUIeEzV_ptUSqtZz8Svya4mFBA5vqCVtdg6LKBIl3-asUJK3jF0,Jim Bakes,https://play-lh.googleusercontent.com/a-/AOh14Gh9NpHunUZnXxcSRIr-7iHzvgLl4FE5V56Z1NCo,Hero's of MM meets Age of Wonders with thoughtful adaptions to make it more phone-friendly. Light turn based strategy with impressive graphics for the type. 100% worth the up-front price with no nasty grasping iaps in sight. Love the sound of your planned improvements- lots of potential here.,5,2,1.3.12,2020-08-27 06:47:30,"Thanks for kind the review, we really appreciate it. It pushes us forward.",2020-09-07 10:18:31
gp:AOqpTOGob2yPNAIKy5ijQN2Ycq0l2GunzqY4LXUUVmU1yRYz9bSMY5iWz7J_A-h7MCbJJAbHb1FGXslH-0f9yX4,Joshua Gouge,https://play-lh.googleusercontent.com/a-/AOh14GiDHk9L_6Tm9k7K29Msh4TF-YqydjZra94Tq0pNGA,Great turn based game! Love the new update!,5,2,1.3.11,2020-06-28 11:21:47,,
gp:AOqpTOEH-nMUIUtlCFHr0w5eh_e1pOKzITPMCOLFHnYt6rFhmsiC8jbAppzMst3cfyiVGnOpvVrwGmNCSTcVoRI,Eugene Nechiporuk,https://play-lh.googleusercontent.com/a-/AOh14GhmPc-6BiKonno1Oth0h0EziGmkDYojLHqKh7xU,Great game. Some story mode would be great.,5,3,1.3.10,2020-05-31 08:22:44,"Thanks for kind review, we are just working on campaign mode, so hopefully it will be ready soon",2020-06-02 02:08:25
gp:AOqpTOHVdz0IrT40k7njIJvzFos5rNemmx7Di1okb_bFnZvL131t9Nlve1pnm7DaMnJaLa4bbTWXf9JFx8AeIDI,LG JeremyYT,https://play-lh.googleusercontent.com/a-/AOh14GhoK7O5pfYZE2Cusm56JOrJt8NUFY2gf0UasQTRRA,Game is alright. Not something that would get me sucked in for hours. My suggestion is add in a auto mode for people who work. Don't got hours to sit and press my phone all day waste of nature,3,1,1.3.10,2020-05-18 14:17:33,"Thanks for comment. Currently you have option to resolve battles automatically, could you be more specific, how auto mode proposed by you, should work? Or you can contact us over the email, due Google Play comment length restriction.",2020-05-20 00:34:42
gp:AOqpTOFYFFWHnfzTXRNmbYqm_FP0O0TUQw5DA83qnTtiMmIjfk7kDOgQ28wM4vxerLhSjL6M_WpWw5GRxu4bZno,Wasyl Koliada,https://play-lh.googleusercontent.com/a-/AOh14Gg0nKnDY2nPTRhOQcgtazc-sqiHxibftvcYoGs4,"hi, where are the new maps? when will the campaigns be added? the game is great keep it up!",5,0,1.3.10,2020-03-13 00:19:06,"Hi, thanks for review, about maps and campaign, we are still working on it. Unfortunatelly we had few issues that need more work, but we hope it will be ready soon.",2020-03-16 01:10:53
gp:AOqpTOHKhpF2m_SxhLUl02SOx0munMvdWwnI-osMzsFr5xVLVybH-avmlZLRcDVR1FNUJv-5lgbb_WvcB177m3E,Muhammad Aizat Che Azemi,https://play-lh.googleusercontent.com/a-/AOh14GgKObrUXxvGy6gqPooTCcpMQevalXeoaz9FGSQyUA,Fun game. Gets repetitive after 10 hours or so,4,0,,2020-02-29 19:11:22,"Thanks for review, we are preparing campign and some more improvements in gameplay...",2020-03-02 11:46:41
gp:AOqpTOHWdeEZRs8eQMjPSapSKQQr-UB333x5t-nkHL45TbHAy0cqKNAgFeuWhz-VjE0b0i9kImpzrO0SIqTIia8,Chris Newnham,https://play-lh.googleusercontent.com/a-/AOh14GjWR2HXQ3yHMjTB96lirit0YjCYa7bD1MIzz7y0TM0,Really high quality and no in app purchases.,5,0,1.3.9,2020-02-22 23:37:51,"Thank you, we are still working on it and hopefully more maps and campaign will be ready soon.",2020-02-28 05:38:54
gp:AOqpTOEXzyz81UylT1hYiaIZLl3NMR9Z6yUDvzhUY2UikWVmUuQ4hm8O4fmuvk6V-FiPm8m9CXvc-0-rOsWMuRQ,Mans Broekgaarden,https://play-lh.googleusercontent.com/-H4AOIGAtmZg/AAAAAAAAAAI/AAAAAAAAAAA/AMZuucn7LWl5xutMt_c8mgCyA4P7SU2Nsg/photo.jpg,"Cool game! Looking for a HOMM type game for a long time, and this one comes close! Interesting characters, town development, interesting classes, and quite well balanced! Hope that the game keeps developing with cool updates, perhaps a campaign mode?",5,4,1.3.9,2020-02-01 16:42:42,"Thanks for nice review, we are just working on campaign mode..",2020-02-02 02:38:20
gp:AOqpTOEWOK9xQcJCwpSCDzgRrdBcr9JpSJOntEG9y8fSmA4wroVbk40Z8Io6lu_fRxgxc2PAmuYMVvNSC-2VQro,N3v3rM0r3,https://play-lh.googleusercontent.com/a-/AOh14GiY7v6YdTeBPMI8L9ac-AW-A-2vuE9qM6i5bzL1zA,"Fantastic with a couple requests. It would be cool if there was a full story mode within the game. Secondly, It would be neat if you could unlock more heroes for each race. Have one starter and make it so a second and third could be unlocked, maybe even a choice of different hero to start with. Over all though, fantastic game, well made and I love it!",5,0,,2020-01-19 23:31:07,"Thanks for kind review, we are currently preparing campaign story. Hopefully it will be available soon. About more heroes, we plan it too. But at first we need to implement higher priority things like campaign, hero skill trees and more. You can choose hero in scenario configuration page in main menu, by clicking on shield with questionmark.",2020-01-22 04:14:00
gp:AOqpTOFRRaVWv629dkCQpRfNxLZg1skMIxth0jPa7QKVy0HrVeEQtOebnrIZcq6zrry4s6hjL8RqmuKt9HdHbs4,Butch Yenter,https://play-lh.googleusercontent.com/a-/AOh14GgGIN53gNC9ODnhRpLYFfpGOug3-8HqiMsYzC6FYg,Totally worth the $.,5,0,1.3.8,2019-11-03 01:14:03,,
gp:AOqpTOGxLTDzN845c2wvVMrVei4enBly2CCbndGnNCHwmUkiRRlcGbLYNB5WAmmidDKmWn_BANib46pNL2rWhko,Chris Hoyt,https://play-lh.googleusercontent.com/a-/AOh14GgxUoZSqKQQGS73S5AUqBteuxOg3fBEywRuMy9H_A,This is what Heroes of Might and Magic V (HOMM) should have been!,5,2,1.3.6,2019-09-22 10:49:09,"Thanks for kind review, we really appreciate it. Moreover lots of new maps will be added this week.",2019-09-23 05:52:11
gp:AOqpTOEtVvavJK6XOFT-VlW8Oxv8FeHVoe6wEjML08V-wHLBO5w78Y-ZZJKKeIAaU9C1cXKkdoB2uL6KuGb3I5s,K A,https://play-lh.googleusercontent.com/a-/AOh14GgsrI6_c8C2ZM8pyQ-EwUeofFf0aIQrQbAXtZLKkFU,"Solid turn base strategy, needs more engaging story and faster battle mechanics. Has a lot of potential though",4,1,,2019-09-21 00:59:47,"Thanks for your review, we are curently working on the campaing mode. Hopefully it will be ready soon. Can you be more specific about battle mechanics? We are quite open for any good tips. Feel free to contact me over the email..",2019-09-23 05:50:57
gp:AOqpTOGiQx94mNX-TqhhmmA2uPTReSBgpGLG8Aqgjwgww4pgl3GCg_8JetHqIflQUXszYFB5DjE53VIhjv9uGdw,stefan iordache,https://play-lh.googleusercontent.com/-rrr9ccyZKMQ/AAAAAAAAAAI/AAAAAAAAAAA/AMZuucnEopnYpYo-xZ4TazxLoYlTcdNRaA/photo.jpg,"amazing. All it needs it's an update :). More content, otherwise, well done!",5,0,1.3.6,2019-08-13 05:43:57,"Thanks for kind review, new update with with enhanced world maps and lots of new scenarios coming really soon.",2019-08-15 00:03:42
gp:AOqpTOFdcKaUEcpIwVEVyZi9vX7v7pjmQdWs1eXf6F-XEBafHhfHo5y2PYwCR85wNJ8xA1aYOV3B0qmgzB3D7w4,Andrew Dabrowski,https://play-lh.googleusercontent.com/a-/AOh14GhBlUcgC2ocRiWs-p2PPK25iV4HvZyBoIQm1i4MKg,"Really cute game, but needs an undo button and volume control. Version 1.3.6: so buggy I have to abandon most games.",3,1,1.3.6,2019-08-10 06:58:27,"Thanks for your feedback, undo button will be really helpful and we add it to our todo list. Unfortunately it will be little bit harder to implement and we need to work on items with higher priority. So I can't estimate, when it will be ready.
About volume control, we are just reworking all sounds with sound designer and volume control will be too.",2019-03-17 16:12:42
gp:AOqpTOED5kofkO4tglWaQXra5SEwvAAfp2HlR23Qs7qyA9Nsp_2tyBWderclZxvhLYVGaLc9-QBU_NakN0l-3tI,Ely Conn,https://play-lh.googleusercontent.com/-bomt83RRg6M/AAAAAAAAAAI/AAAAAAAAA0U/AMZuucnavq2oAXQvDHOe-VV_DjSytBEP6w/photo.jpg,blank screen on start up,1,1,1.3.6,2019-08-09 20:03:48,"Hi, we are sorry about that, but never experienced similar problem. Could you contact us on email. So we can make further investigation, whats wrong?",2019-08-15 00:06:55
gp:AOqpTOH1zRAGnghUFquUH2AmhpGBY8j3-VBJZSgH4vUEiuiISYQm7g0KFbStgggjAvWr0qQH-R6zCEpwBaHucAc,Vitaly R.,https://play-lh.googleusercontent.com/a-/AOh14GhOJpVyHQOjjrB9h5b_6CC2bYJB3shrVCu3YI2dTA,"Great overall experience. Great graphics. The game seriously lacks content in it's current state. You should introduce larger maps, or give a tool to the players to build their own maps. Huge units upkeep price cripples the overall gameplay and game experience.",4,1,1.3.6,2019-08-05 03:56:34,"Thanks for review, we are just finishing new update where you can find enhanced maps and lots of new scenarios. Hopefully it will be ready within a week or two.",2019-08-15 00:08:49
gp:AOqpTOFrbbCimmVePxphiQEB-6gIyGXiIonfblQuvA6aiRoJiB-B3RzL2D-vp2l9xYHlwbt1d1HDssW8b1jc64E,Drew Viersen,https://play-lh.googleusercontent.com/-mCB2GoAqnRM/AAAAAAAAAAI/AAAAAAAAAAA/AMZuuclgaYeRo0e4JDvbPmmTMQWPeaOj5A/photo.jpg,content is a work in prgorss but game play and strategy is quite good. look forward to updates,5,0,1.3.6,2019-08-02 18:18:10,"Thanks for your review, new update with lots of new scenarios and enhanced maps will be available in week or two.",2019-08-15 00:10:50
gp:AOqpTOF6pfhuO_nBFJQyvjEQOcIrTvLsYfJ7G1osLDIFPyPIlEjeO_TE1s6f8WxeHu83dMUPqcy8mxf2alLT5CU,Aaron Bramson,https://play-lh.googleusercontent.com/a-/AOh14Ghk5yFDv37PoaF2pGsXuCoNOOs2A_ah6Qf3La1zxw,"Maybe a great game, but it doesn't seem to have a settings panel anywhere to turn off audio. It's an instant deal breaker for me.",1,0,,2019-07-31 08:00:30,"We are sorry that absence of mute button is such breaker. We hope that classic mobile volume will be enough. But ok, we will add it in next update.",2019-08-01 11:13:34
gp:AOqpTOGCv-K4D2qzRYc-BxgNpHEsc8_FoFDcdHrECf9HgwZUM-ie2WuKFdTQg6jbkRbjGhqj7eDLScOPptNfho8,Andrew Later,https://play-lh.googleusercontent.com/a-/AOh14Gh7JpPzLkoy3phbufxQVDjvbGZsgzdA3EqLBeyKJg,tried to play the tutorial and the game would not let me move on. it would want me to click on a specific building or location but did not do anything when I did.,2,1,,2019-07-30 18:19:26,"Could you be more specific, in what section of tutorial problem appers. We once experienced quite same problem, when user should use long click on specific building (for more information about place), but only tries normal click. Isn't it the same problem? You can contact me over the email too.",2019-07-31 05:30:00
gp:AOqpTOEO07BSNJ24q6Up85FTWa5kOftKETY6_M6gFmcBroQM5FFoDYBSJSAsN-aJyGLOa8QDVzO9A9_ADNpuuuI,Orion Gunning,https://play-lh.googleusercontent.com/-ekGB9K-kKM8/AAAAAAAAAAI/AAAAAAAAB2E/AMZuucliEuuqeny2YOMp4Tk41mrvQfy7QQ/photo.jpg,Greet HOMM type game. Well worth the price and surprisingly polished. I'm yet to find a bug. Looking forward for any future updates. Great job again.,5,6,1.3.6,2019-07-22 17:23:40,"Thanks for kind review, next update will be ready in few weeks and bring lots of new maps, with enhanced graphics.",2019-07-25 09:50:57
gp:AOqpTOGDmyw_U6INtziwPsmdAyVSCwnTJPu70rGNJO0oKhaqoUmqf0Ul9uiQjuMa890JsN1d66ZLhgnaVT27cuI,mihai duma,https://play-lh.googleusercontent.com/a-/AOh14Gi0Ei2KNc70lzwS7VMtIXxh93JbzWLA82_rf49ANA,This is a great game.,5,0,1.3.6,2019-07-21 02:58:47,,
gp:AOqpTOF13dHJTaB7clfNOrBdZFxFq4R6xfMXAZg6cpumcNlEjMNjd7VVVFgamfSsA_RTnHes4XG6JrcGBjtivrY,Fayez Al Shehri,https://play-lh.googleusercontent.com/a-/AOh14Gj8slbiflaEsoYfKS1LYh8h-hydBwGWSEj9R2PS_w,can't wait for a sequel,5,0,1.3.6,2019-07-20 07:33:41,,
gp:AOqpTOEOxhg1Fmrzzqv0RrS_Uv3Udk-p8NhMIsr8WWwYExgsPkykbBbm6SykrBg_kLkdzX82c_SqE46EK2N4cyw,Jared DiCioccio,https://play-lh.googleusercontent.com/a-/AOh14GjMm3sac7eLZChgAz4YUaHdcrvYj8Fimlctotb4Iss,"This game is a lot of fun but it runs its course way too fast. Theres a decent variety of playable races but theres no campaign, so you run out of scenarios pretty fast. But its perfect for when you need to kill a half hour or so.",5,6,1.3.6,2019-07-19 14:38:09,,
gp:AOqpTOE0zAMg2VCJXQ_sxU_ukn_HHk3aeLjcbM6xfcWpRI16J93l1dK6JrN9baUqHHFwGGKIbasVaxSUH7amluY,Nathan Booth,https://play-lh.googleusercontent.com/a-/AOh14Gg9_C88zpZc2W2CQZXXLPZoKMOBXAUpEzdRQlPKBJk,"game is generally fun and easy to pick up. not much depth yet, as all skills/upgrades are selected for you (no tree choices). also, a more detailed manual or forum would be nice.",5,2,1.3.5,2019-07-11 02:53:36,"Thanks for the review, you are right skill/upgrades are quite simple, but we are just thinking about some more complex leveling system, with more choises for player. About dividing units, you need to drag&drop unit to any free slot in your army, then small bar over unit slot appears, where you can choose how many units will stay in old slot.",2019-07-11 00:21:56
gp:AOqpTOFV_9PrGJsdkAAB7RleCD34OmAl3o0P2Ba-KrPy-R1fDjxOcWW2fA3c5K6qVYS5tpsZrtnkIPWBoATKxIs,Aymeric Delattre,https://play-lh.googleusercontent.com/-hXEEBelOt1s/AAAAAAAAAAI/AAAAAAAAAAA/AMZuuck2zxFdcgNBT417JQm4woq8643hIQ/photo.jpg,it's ok as a HOMAM like but the battle controls are just not good enough edit - thank you to the team and kudos to them for getting in touch!,3,0,,2019-07-10 00:00:17,"Thanks for feedback, can you be more specific what you miss in battle controls? We are always open to improvements, so feel free to contact us over the email.",2019-07-04 03:53:03
gp:AOqpTOHSKzci0zWggFBjpTVuONCMFvfHrcpZdXN_gf9GSvp-Z3ABm7l4Kq91ihL_mhLr-pNPAI3admixUY3iado,Mike Atkinson,https://play-lh.googleusercontent.com/a-/AOh14GgPoIZgZqFh3nKrinEVaBQfBlkd3LrCtjNk-_3cdg,"A great mobile ""Heroes of _____"" game - if you liked heroes of might and magic, this is for you. Whilst it's not as deep as those games, and is seriously lacking a campaign mode, it's fun, the combat is tight, and it presents a challenge.  From what I can tell, this has been a passion project for a team of 2. They've resisted the temptation to add IAP's, and the game really shines for it. Absolutely worth the money.",5,8,1.3.4,2019-07-09 05:48:17,"Thanks for kind review, campaign is definitely planned to be. Unfortunaly we have some other things with higher priority, that need to be done before, like random map generator or revision of heroes leveling system. But right after that we will focus on campaigns. We just finished new dwarf faction, that is available in update.",2019-07-11 00:01:03
gp:AOqpTOH94N8fmA3NV-EcNAJmnbbAH4B0t4kho1XeGeaUv_4bcLuX1PDZXbTgXjHJrifEFwWNMm_xnLLOnimQxFA,Bhooshan Rajpathak,https://play-lh.googleusercontent.com/a-/AOh14Gi3ghcpu-HBrGCRzNaXTi61h46FjnSXpqwFCvTLxQ,Good old memories back! The game mimicks Homm. I liked the spells. No online multiplayer? why?,4,0,1.3.4,2019-07-08 22:52:16,"Thanks for your review, we are still working on our game. Online multiplayer is in our plans right after new faction(will be available in few days) and random map generator.",2019-07-09 03:26:12
gp:AOqpTOEN2pH2tFqkzellYV7KAuurmoG02UsVXlV71GHp6p5-Ul5-NFP4oGhmQcMLPBx8Clmj4cX85aGdzSObBho,William Pyman,https://play-lh.googleusercontent.com/-hzY1v1ZWqGk/AAAAAAAAAAI/AAAAAAAAAAA/AMZuucmk4vllPaLJ-TItmnVSSKZu803i0A/photo.jpg,"3d app version of PC Heros of Might and Magic, Great job 👍",5,0,1.3.4,2019-07-05 12:27:47,,
gp:AOqpTOF6fB1jE8BdRWbXZREVNHq8kt_D0BvTDd0lsgmBwTFxl1Q5GSq7w0FQ8iIB8T6YFO9cX0VDjXRif3nYAWc,alex F,https://play-lh.googleusercontent.com/-uaJ1lsVlLM4/AAAAAAAAAAI/AAAAAAAAAAA/AMZuucmarWWnqnQGQjHuYhdAq5qZnqflFw/photo.jpg,"Things i hope to see. Double map size maybe even triple. Which brings up more heros would be needed 2-3. More gear for heros/exploraition map activities. If you have more than one army drag your other army into battle within a certain radius feature..Looks like online multiplayer will be added one day, which is exciting to see. I really enjoy the game so far and hope to see it progress into something bigger. Raise the price if you have to :)",5,3,1.3.4,2019-06-18 09:47:29,,
gp:AOqpTOF2sOeRGI7t6PrcUiBM1GJsb7Dl8TAIUw6OMDmixqe2l5yhCaqi9BkxcfATcnKAyjXayrbAITJaLTAYBjA,Jorge Moreira,https://play-lh.googleusercontent.com/a-/AOh14GiXQXf4EvaQ7xWdUXN6zbEm60kUWGTI50l40h7J,good . more factions and map generation would be great,5,0,1.3.4,2019-06-16 11:25:52,"Thank for feedback, both mentioned things will be ready soon. New dwarf faction is almost ready, we are in final testing stage.",2019-06-17 01:59:56
gp:AOqpTOEnhYChlF8O-biApsWefYWw5Qw4qYeliMzvJsRb-pRi97EMOcWY1Ab2jOvohlSjLQq4MWvd_X6OdXCwYhQ,Adam thompson,https://play-lh.googleusercontent.com/-u0rnQy28-qQ/AAAAAAAAAAI/AAAAAAAAAAA/AMZuucl6O89hNwWcu-rbvsbGu17WnWoj1g/photo.jpg,Great game! good graphics and gameplay made me want dig out my old homm games. Was abit let down with no campaign or story to it. I think it would have pushed it to five star. Glad you added another race though whats next dwarves or humans ?,4,1,1.3.4,2019-06-15 14:06:49,"Thanks for support, we are just finishing new dwarfs faction. Moreover we are working on random map generator. After that we can focus on campaign mode.",2019-06-16 04:09:43
gp:AOqpTOEF4yaIJX3Fp3efPQh7QN6n3thdEUxxTIwj0qUjTy7ZFjoxBjTsKMAR3NaYj2FnM7Ke4rqTM0_10E5pOqQ,Krisztián Horváth,https://play-lh.googleusercontent.com/a-/AOh14GhIetyrftU__vfJKE4uy5c5STVkbaQtHvj2cc9VgDw,"Awesome game! I have been looking for this blend for a while now. Thanks for leaving that in app store nonsense out! Should you want to expand on this system further, that would be sweet! (Like some added hero progression.)",5,6,1.3.4,2019-06-09 02:51:32,"Thanks for feedback, we have plan to improve hero leveling system at all. Basically we want to add skill tree, so you will be able to decide what skills do your hero would have.",2019-06-09 07:55:34
gp:AOqpTOFHro5M_UPMRlI0jXIwDzM2yGTY7mupxTokyEEuQdOjvtR9JBevzERIDKJ1DF2QaTrN1PeVwuOTH2cqktA,Kami Ga,https://play-lh.googleusercontent.com/a-/AOh14Gj9P9qEaZT-9fdWP6B75ocz2OKk4l2_0BEngMbz_A,This is going to be good. its ok right now as it stands ( more of a three star ) I gave four stars because this has alot of potential. hopefully it will be on par with games like age of wonders before long.,4,0,,2019-06-04 10:10:15,,
gp:AOqpTOFDbYSyqHLE_PbhItOdKcNrFKNj9-YHTR-djEr7I9X_nGonK5V_HFvxuh6G0iAAA8ALm9CuiGfm_5U8crU,David Lucy II,https://play-lh.googleusercontent.com/a-/AOh14GjQBrv_bJp64n1jzxHCfwo9zCMuhG9Xx1oWLtqTH0U,"The game is definitely fun and reminds me of playing Hero's of Might and Magic. Hot seat takes me back to early 90s PC gaming with my brother. The maps could be larger but it's 100% worth the money. I hope to see scenario updates in the future. Oh, and no IAPs!!! Don't see that very much without spending $10+",5,3,1.3.3b,2019-05-31 11:08:13,,
gp:AOqpTOFBaB2-OLUCncF1hqsf3ZG8uKeR4Ltn7OJiGmublsExkzZlZg4PFny4ALohrectRL0sUa9x5LDxMjrNGUg,Kevin Dando,https://play-lh.googleusercontent.com/a-/AOh14Ghpf-RSlEH39qsLHRhVNWRu2-KK-6lkvF3DNpJrRQ,"Great game, reminds me of how Heroes of Might and magic, the PC game is. Just needs alot more levels, or maybe even an auto generator. Not even sure if that's possible but still worth a shot.",4,2,1.3.3b,2019-05-20 05:27:58,"Hi, thanks for feedback, we are actually preparing new playable faction and right after this, we will focus on random map generator.",2019-05-20 11:37:30
gp:AOqpTOGp-2LP8P8G4k92JXWt32-v8DGLUdPSGE9-MuDI0nwW8j4mnZELCh6xjTKEvVjr3NDywAzviqs3DSgPD_Y,Sosh Howell,https://play-lh.googleusercontent.com/a-/AOh14GjYA3AhqaOwaEqMyCAPGQR0leiBXeC964hJG9tk,superbly well done. please make more games and more content!,5,1,1.2.4,2019-04-21 09:00:05,"Thanks for feedback, we are just working on random map generator and enhancing world maps at all",2019-04-22 11:54:08
gp:AOqpTOEOH-2doO0Qx8f0zt3IqaBTYGT1wGUXRRcq21pHhLdIbB7ixYPmRx0hPnNJQuDZWOjmdNPcPW373C32XSs,iljohn,https://play-lh.googleusercontent.com/a-/AOh14GhwkyFwNR8xW3Ay5yaGHbOnsrXNPtqscIm6XB_4Pg,love the game never left a review before but this will this game was definitely worth doing so. played with 2 of my buddies at NTC cause we were bored and he was searching up this game. was skeptical at first but we spent 4 hrs playing it as hot seat. we all ended up buying the game. only thing we need it the multiplayer function so we could play together when we're out in the field,5,2,1.2.4,2019-03-25 23:45:55,"Thanks for your review, we have online mulitplayer quite high in our todo list. So we hope, it won't take a long time and it will be available..",2019-03-26 06:42:27
gp:AOqpTOG7yEgEkme_nTok5u55h6E_T6ah-4XBxofb6cQnreAPyVYrwyika6XpkyOgwuBQMrtNbKSkWrR-GG2dlr4,Andreas Flatzek,https://play-lh.googleusercontent.com/a-/AOh14Gh-HpzXQ5_0vUwKQUvtBsqDwoeEUyE8LQ1N8VwA1w,"Dobry den ;) Alas I have some issues: 1. Edit: The tutorial is now working and Lord Hycis is moving before I enter the enemy territory and even in the when I enter it 2. Not many sounds. E.g. I am using a spell like a fireball but it makes no sound, that is not satisfying... When you move you should hear sounds depending on the unit like footsteps, wings, an ethereal sound etc. And when the whole army moves it would be nice to hear a marching sound. I like the graphics",4,1,1.2.4,2019-03-18 01:47:45,"Thanks for feedback, I will take a look at problem in tutorial you mentioned. You are right with point two, we are just working with sound designer on adding all in-game sounds and effects to our game. We hope that it will be ready during month.",2019-03-17 16:00:11
gp:AOqpTOH_qmirNj_IgR6VBwlwEqBh7K3DIMfyZGt_ypvmD_S6CdK4Fc2QXiraiv2f70XuiPyUkrnc8fr4BNIt_W0,yanshuly,https://play-lh.googleusercontent.com/a-/AOh14GjMj1D0poPo5Dynu5FrqyDqQt8bYSzrVAh1g2o_,need more meat. like a story missions,2,3,1.2.3,2019-02-16 06:55:16,"Thanks for feedback, you are right, we just added new orcs faction and now we can focus on campaign and enchancing world map.",2019-02-18 13:56:46
gp:AOqpTOFmZl4uPSrY_sDN-Sm1hoL729b9MUCU7ECInURCXMI1JV18KjXMxCh3ObHo7FhQruR1CWfatB-GxdZdopM,Lee Couget,https://play-lh.googleusercontent.com/-xsLeWii_Eak/AAAAAAAAAAI/AAAAAAAAAAA/AMZuuckhrJp5NRWi0fmopLfNaGBeRc95vw/photo.jpg,"It's ok. I like the art style, but animations could be smoother. Also, the game needs a campaign mode rather than a just a handful of skirmish maps. S9",3,4,1.2.2,2019-02-07 08:44:52,"Thanks for feedback, you are right, we just added new orcs faction and now we can focus on campaign and enchancing world map.",2019-02-18 13:57:02
gp:AOqpTOHN1Ytb8Vx0SHCC7quEvQmFvvFjdZ1gOkFNlMBXPcpbrVRnFZUAcp3vowjIsapWQ3DZoms1ZyVFAssozq0,Patrick Menard,https://play-lh.googleusercontent.com/a-/AOh14GgAWpljvIRF23RsK21UQEhNN7qeuHF-bLmBFKLkqQ,Feels a little bit incomplete... missing soundtrack and SFX during gameplay... etc! I hope these issues will be settle with a much needed (audio) update to make a better game experience! 🤞,3,0,,2019-01-12 18:10:03,,
gp:AOqpTOF86Qof3aY91iPQeqlMboBayqDkEgObXwhlCU2fECnPlLHmiv1cocviGcGrZhVd3u4ZbjMYXtLHwze6-vo,Jacob Dozier,https://play-lh.googleusercontent.com/a-/AOh14GjamHRQ-WhHT0lfcDFLQVcvaWTuGcis0_-f1IaWidA,This is great all around. The game is really fun and the devs show dedication to continued development. I've seen the devs reading feedback and actually acting on it. I also appreciate that there is a reasonable price for the game and no microtransactions. Can't wait to see what the future brings for this game/team.,5,1,1.01,2019-01-08 15:56:55,"Thanks for support, we hope the next bigger update (new faction and several scenarios) will be ready within a month.",2019-01-09 03:29:31
gp:AOqpTOFcHNRzdxYM31-UtLsv1krfjlEQBEheRF_ILOzwvUoHDsdfIR4xbArzxXRmZdLGxG6mEB3ovJKM2XWs1ZM,Ignotas Mikalauskas,https://play-lh.googleusercontent.com/-BKVxzNVOyXU/AAAAAAAAAAI/AAAAAAAAAAA/AMZuucl6aqeuX_Qw2ZC75MusFL8_WOEhkA/photo.jpg,"Awesome artstyle, nice map mechanics, but lacks combat and strategic depth. It feels that most of the battles are just won by bigger armies. Also, would be great to see more races, and maybe leveling up of normal units. The game controls make it easy to take accidental actions screwing up any advantage. It might be easily fixed by introducing some sort of a redwing button.",3,1,1.02,2019-01-08 11:53:58,"Thanks for your feedback, new faction is coming soon. Rewind button is really good idea, especially in battle map. We will take a look, how complicated it would be implement it. Good point.",2019-01-09 03:33:14
gp:AOqpTOHxracAtYZ7iSgnu7Rg0tziVluyBxMdEIH7i0cWJi-wHiZYy6YFkCEmxRNjnEkcDf09ewxR1PE1REsGGKY,andrew birnbaum99099o9o99 pi OP 98,https://play-lh.googleusercontent.com/a-/AOh14GhSAng2RdtuyhcbPWSEpUFOQjIyXmP13ous1z_U,"great game, alot like Age of wonders or Heroes of might and magic. I can't wait for new content.",5,1,1.01,2019-01-06 20:31:54,"Thanks for your support, we would like to introduce new faction and few new scenarios in beginning of february.",2019-01-07 01:58:34
gp:AOqpTOHb09xAFapgqA_wbcbgPW1LHqpK85fy5qxn520jPynPcBjzLj21eCgQwBQKhRMW_OLLMWBL1elj_z8Hx10,Kris Taeleman,https://play-lh.googleusercontent.com/a-/AOh14GirZ02IbSbyF9-u63DqE0q6_Pky9xISqqxrDZpcmg,I've been waiting for these kinds of games without microtransactions. Played the tutorial and that alone is worth the price.,5,0,1.01,2019-01-05 20:50:46,,
gp:AOqpTOHlK4BG_dUJZ6VHxzygW0GBigxE8-QQDPT7QwECwemP_4Wq-pqGAwUAATK5JCyxZOCxgoUnKUxU0jprfRE,A Google user,https://play-lh.googleusercontent.com/EGemoI2NTXmTsBVtJqk8jxF9rh8ApRWfsIMQSt2uE4OcpQqbFu7f7NbTK05lx80nuSijCz7sc3a277R67g,It is a nice game that can be improved and extended. Worth playing.,4,1,1.0,2018-12-20 14:48:05,"Thanks, for your review. We are still improving our game and preparing new content. So it should get even better.",2018-12-20 15:14:31
gp:AOqpTOHt7TvnMq83S0gxw90a2cBiTieLy_Hlc6AT5_TF-6sLpcve_uLo4E6zqTo12z3oeRhax7MQ31a6K79MpTA,Pierre Lizotte,https://play-lh.googleusercontent.com/-EGCyZ3lJscU/AAAAAAAAAAI/AAAAAAAAAAA/AMZuuckRhjM3O_NZ3AWOTejTNcntpNSWFQ/photo.jpg,"I don't want to be too negative because I'd like to see it succeed. The biggest issue is that there is almost no content, a dozen units, 2 races.. I really would like to see more, so support the dev and hope he keeps working it.",3,3,1.0,2018-12-20 05:37:28,"Thanks for your review. We are still working on our game and we would like to add two more factions to play, but due to the size of team, it will take some time.. So please be patient.",2018-12-20 15:03:25
gp:AOqpTOHMlevctIzrTuaP9ChictZfj-d3nS6KoYigdXRqH_15-w8C3G0AHYajI010gghhShoRSWi_LlWiqI-PN78,Lukáš Ther,https://play-lh.googleusercontent.com/a-/AOh14GituDz6tPVFjXYdDUuoSrRisBriJhDvo-lE4UGdkpk,"Great game but for now still too buggy to consider paying for it. Hope future updates will focus on fixing them. (game overwrites your save files with autosave, random bug that causes that you can't end your turn)",1,0,1.0,2018-12-18 06:09:31,,
gp:AOqpTOG1oKtNpr-MJCJvD7uCtOkapRpQZG2j16n9Pt8nn2ZgKn-FkTaheKCmnq-L15M_oPtNfMdNWlDP_PS_0M8,Tomáš Mrtka,https://play-lh.googleusercontent.com/a-/AOh14GijfpKmTN0xpxhMTUUDttfUkmZ2ZS-KywV4WDTH,"Very likeable game with fantastic 3D rotate view. If you like games like Heroes, you will like this one as well..",5,3,1.0,2018-12-11 06:52:30,,
