reviewId,userName,userImage,content,score,thumbsUpCount,reviewCreatedVersion,at,replyContent,repliedAt
gp:AOqpTOELZRWjfrZ_9_UihOfZ-PYtXnRDO477Ju29ORMU9L68C4VLzmPIdKK8qHDYvxl1eK3hv94cM1UbdbT7YG0,Emmanuel Morales,https://play-lh.googleusercontent.com/-S8D6ExBA0I8/AAAAAAAAAAI/AAAAAAAAAAA/AMZuuclcBEIpuq0eHNGNPFmKA8N1jaG4xw/photo.jpg,Muy bueno muy util,5,0,5.1.0,2020-12-26 17:02:40,,
gp:AOqpTOF9fGnQLEHCv8_hpCI4MDRD0C34SonHEx7NCJOHnECvNq70k3AlIuEaxZ3mSKEU1r6l9PohTPuGbpQ5W1E,Eddy Adonay,https://play-lh.googleusercontent.com/a-/AOh14GiQUo8JAQeDRxeum3MkQ0tQsBoz928wU011aQ_jsA,it is a great app. Just need updates. GBY. Good job brothers.,5,0,5.1.0,2020-12-17 16:28:39,,
gp:AOqpTOGEk_K8xPLHI7txbXSxWB0xFCDdXmw_1ffiP8M2cPhG2CjkgtkDbk60a29T7y23Yw6XFN2uu8kBF7NEz4s,Jesse Serna,https://play-lh.googleusercontent.com/-tylcx6vpE1I/AAAAAAAAAAI/AAAAAAAAAAA/AMZuucnT6bLC64-3AMCHwjBgiCxKs0ko-A/photo.jpg,"Very poorly translated in English. added words and sentences, please take time to rewrite songs correctly to match melodies and words to its Spanish version. D.T.P",1,0,,2020-11-29 17:59:01,,
gp:AOqpTOH7ga28MmEj4JBbK-xkL_ZbkntUjnVpIpS5CrBiaanotcXaF6eWw05q6X0Ob7DjFhS9kkK-3UalRPug-PY,The people's reviewer,https://play-lh.googleusercontent.com/-rUZWlALRSNQ/AAAAAAAAAAI/AAAAAAAAAAA/AMZuucl6W-RFfPBEgymkTEj3-1mbcJfcPg/photo.jpg,Great work,5,0,5.1.0,2020-08-16 18:16:11,,
gp:AOqpTOGCylLO_VD-gLc8TnZCgbACmU4OSmDb4TFvfXJeR_DHxoOq3BUp2JXPs055cu3o4pBWEkKbmUhXa1VcMAU,Rebecca Vargas,https://play-lh.googleusercontent.com/a-/AOh14Gi_ZHbst6vrnskVOQhZqvRLpsEX7aDWx8v2f-fcWg,I love it because is in English and Spanish,5,0,5.1.0,2020-08-03 18:25:40,,
gp:AOqpTOHSlwjfVAYJuzeIW4SQP961my3VlIARx4caplqBRJLgCK3SZ1MxoDwGOW3DbkNXjPuJyeAFaiuh7A5BVXI,Miguel Funez,https://play-lh.googleusercontent.com/-1j6wI9abfpQ/AAAAAAAAAAI/AAAAAAAAAAA/AMZuuckgKzWACSUq6fWZ0Ek_khwBcH1aRg/photo.jpg,Perfect 👌.,5,0,5.1.0,2020-08-03 11:57:16,,
gp:AOqpTOHZ05lDkxxxyonmOaEwEFOOFUfguC9I6DtpMPrGYZcanEqjL4NGbvOk8RtnIlr2szmWjiMxsj-htaYVgYg,lohruama Ramos,https://play-lh.googleusercontent.com/a-/AOh14GhSU_jP7w-JM0BMe1xuMd_ESi_zJP-WVPcBROiaIA,Love how it can be used in English and Spanish love how easy it is to look for the hens I recommend it for anyone that's looking for a Himnario ! GPY brothers for making this app it comes in handy!,5,3,5.1.0,2020-08-03 01:42:51,,
gp:AOqpTOFfFC33BDwpVZYRu2r0sHkHvMfoLrhyIEHY3NWC4h7yOb6R40dz-M_upGveIQl7-OcNOrGJZ3-cv5Cv4kY,Pablo Garcia,https://play-lh.googleusercontent.com/-bdAJKiUOnEk/AAAAAAAAAAI/AAAAAAAAAAA/AMZuuckBTCSqNRZrrYHA35ziHSL46ZcxHw/photo.jpg,Hermoso hermanos dlb y sigan adelante LO RECOMIENDO MUCHO SU HERMANO DE LAS VEGAS NV .......,5,0,5.1.0,2020-07-31 16:16:35,,
gp:AOqpTOHQBEk88IFeEXkTDtO4VKr0UEOB4CQsv6BlP4Qi2JhgvVEry-DLKCCLLI1MvHfEIZxLucpAoKe0XQyWbqA,Jessandvero Valadez,https://play-lh.googleusercontent.com/-RO4RzDxkR8c/AAAAAAAAAAI/AAAAAAAAAAA/AMZuucma2-xjs86HIB7VPlLm5raD8uHU0A/photo.jpg,"I really enjoy some features, but i really dont like that i have to go to app in play store to find it all over agsin jus6 to open it. It doesnt allow me to place it on my home screen. Gpy",3,1,5.1.0,2020-06-10 20:39:50,,
gp:AOqpTOHwBr_2-6-K7xnGD6XvlfBaP7BK3zFE8EkTylRXzhJLrB1IybN6cCPosy4Gq196mj5wyww0sDiKxQEB0mA,Winifred Ihe,https://play-lh.googleusercontent.com/-vVhdRHFWosE/AAAAAAAAAAI/AAAAAAAAAAA/AMZuucmt4dIuCwvStii81Et6P8EgGGm66Q/photo.jpg,"Just discovered this version, It's very helpful.",5,0,5.1.0,2020-06-08 03:30:27,,
gp:AOqpTOH0luj-RVbiLQtUjfLy4o0N_07hJTL2gUisjqIBgdirxEsXVKjMhq1LQsJbLIQi3HHmfQt5zQJ0mNL_9xE,David Amni Seq,https://play-lh.googleusercontent.com/a-/AOh14GiPiWSnVAg6Oo_z9Yxzj74ZInxIVvAEoQqv7vXLElM,Great app for your last minute church books,5,1,5.1.0,2020-06-01 02:42:16,,
gp:AOqpTOEHCo7l5KKcLL5BDdG_rzudIc3D8SbmuHmBtN3r5tAFo9y6gk_6mj0UmYa9DeVOWGAyAe0ZxTdI8Rc-nSg,Diana Orozco,https://play-lh.googleusercontent.com/a-/AOh14GjOcHLAuJkretZXNngXiRrL1fZAIL9OuQXHA6HLLw,"I absolutely love that you can customize the color and that the hymns are in English and Spanish. i truly appreciate all the time,care and hard work you have all put in to this app .God pay all my brothers and sisters . God bless you",5,6,5.1.0,2020-05-30 18:46:18,,
gp:AOqpTOGx02M46GIk5IKQ33Px8FKbC7nnye0Cj0Yth6rgYAyRKk6RDPpe4dida3-AfumLW_-vHPwrF76C411jcrw,Jim jam wolf,https://play-lh.googleusercontent.com/a-/AOh14GiZtXTHHuYvI0kBM3kB1YKroocl8othS6vskRQf,Yo amor la aplicación para la iglesia de la luz de mundo.,5,0,,2020-05-24 08:22:24,,
gp:AOqpTOEDtUnQ147GfsCAvM6sUNMfU-E_zguHKp0X739J8ikDMHYCS5DE1aVbTkzExCl2Joi8PjB6yJIgzEU_gWI,Heber Velazco,https://play-lh.googleusercontent.com/a-/AOh14GghYjIMlWq80qKcAP7HkPVW2o1hXnaEVcLVppR9,"To the one that provides and is with us always ,glory to God.",5,0,,2020-05-16 22:04:15,,
gp:AOqpTOE9TEdWQBupjf6VRSQ4sHK3TbUr4MA3_f42XOkm6e_N2hkANmQX-682TchlFZgpiXOHhUGxBjuQOqob_GQ,gethse molina1,https://play-lh.googleusercontent.com/a-/AOh14Gi0YDh9KREqAIwFYMWlZ4n8aizLDhMPdzAFupvomw,Amazing,5,0,5.1.0,2020-04-25 19:34:22,,
gp:AOqpTOExxU9VJYQSqelNTDLXB7mT9AwAVSNczMFJMinOfxON9feZIODAGNSexVY6ZLE42FbxDFkXFpTkXcBvsjk,Sandra Loera,https://play-lh.googleusercontent.com/a-/AOh14GjunLtjmkQ5DR44q8kXmS06UuVGMe4NAu-cS7EH,Dlp herm me encanto dlb,5,0,5.1.0,2020-04-16 19:09:13,,
gp:AOqpTOGNOGu-gPnzRyOZ5zxh4a1YP7xzbTr0_uAByD0AbCjl75vzv0427wXKoRoB4HJpN9UX5cLZ_SnBJmG2iDc,Anthony Mora,https://play-lh.googleusercontent.com/-dadJZ4H9YJk/AAAAAAAAAAI/AAAAAAAAAAA/AMZuucmWQY-qfMDsd_RSGHyoQk-nkPEqbA/photo.jpg,I need a himn in english,5,0,5.1.0,2020-04-14 21:13:45,,
gp:AOqpTOHkAxS2wVu0UHUEJvd6YV5XDWb7zDlqF9K-Sdh9JT_Ddr3Aqi9XDQerIA7Gr-LBzp8CDbvDno0cWLP_MbA,Nathanial Palomar,https://play-lh.googleusercontent.com/-PY3oKmqS5g0/AAAAAAAAAAI/AAAAAAAAAAA/AMZuuckYYAPmwGjV-Y3es1EBcV62oVh_Sw/photo.jpg,Good app,5,0,5.1.0,2020-04-12 13:50:29,,
gp:AOqpTOF8YPmqFknnjvk8O4YD1fG_O6jeq_jARMBDVQJYQ6pKis9PKyOR-NENNiOfAl5dLzYzlo7mEyyVYNHuX_Q,Jay Lopez,https://play-lh.googleusercontent.com/a-/AOh14GiUjxnKhT6JktB84eyGAVreLC8RPQgocYvwsIfqxQ,Excellent app Dlp por compartir,5,0,5.1.0,2020-04-07 18:15:26,,
gp:AOqpTOFgz2HhxIZEBuHabUxuli7aATzCoUpW-EwZX63kriVzYeMwekwx-fXUTEyFc66zHJigy-tv1Qpnir3Zw9M,Daniel Hernandez,https://play-lh.googleusercontent.com/a-/AOh14GiGkf1ozspwvPHdcQ7UdybiarFdkq_NalF8B3GEtg,Exceptional,5,0,5.0.0,2020-03-16 20:29:41,,
gp:AOqpTOFRSiaZS_lgXU55bNNP0V-gOzifAbekIp433WLZfC7JmiXSs-gGg4jBV04WZkLJariJ70q-xqowWsduCjg,Alma Moreno,https://play-lh.googleusercontent.com/a-/AOh14GgbhDfTI5pVgKY4Cnizj2nABQFnScvRZXVp4iRQVA,"Very easy to use. Convenient, so you don't need to carry another book. Especially when in choir, and already carry enough books.",5,1,5.0.0,2020-03-10 17:48:32,,
gp:AOqpTOF_urhb68219HPePODOYoxyfmsTOcw5SWzr17WGrHMic-v-CWq0Tgjfb_jV5Cdl54_ajiOCQA_lrnSJbkU,Zimba Orto,https://play-lh.googleusercontent.com/a-/AOh14GhjzGn93_8dQUNc59r_EVLEkHI1Gx-39xV1L1Jq,Great,5,0,5.0.0,2020-02-13 15:13:59,,
gp:AOqpTOE0vIwkbSyPorpqGDWHtca34b9SDtbGHyW0baUxUoOscAhH59EmDX5JFCzyNtv2baQifuaafvkPJfbyaHc,Mario Cortez,https://play-lh.googleusercontent.com/a-/AOh14GgBAqDQzcTZHjurQac1ugKRncz3neFu0GgLGFoJkA,Bueno,5,0,5.0.0,2020-02-01 16:55:44,,
gp:AOqpTOEO9xTc3mdEZE9rDE8Hz3Qvi0zoWLmOWTMJVnYWoJCWCsD1TtFtG3b6IW95kL4bN1-DpE9hXNIbcAGpq4A,Jeiel Munoz,https://play-lh.googleusercontent.com/-ciDw-ecLrx0/AAAAAAAAAAI/AAAAAAAAAAA/AMZuuclpG709GtGMX22kZM_VdqH_p131SQ/photo.jpg,Good job,5,0,5.0.0,2020-01-20 18:50:48,,
gp:AOqpTOH3JhxF9jIaohreURdFjYAF_2anul4ZLPIqP2WlzDgxa2_By3prpVh_GXL7OLsG809iciF381Ogx7pvJO4,Hermanos Velasquez Alcaraz,https://play-lh.googleusercontent.com/a-/AOh14GhTYu_hB-NkKLI9uSBrnzhR_nMFHETYmS4xhuNvakw,"Lpds, I enjoy using this app but I really liked the previous change Of language, it was much easier. Now I have to go to settings then press on language, choose the language and go back. It was much easier with a push of a button. This hymnal has been more precise than others that I have used. I hope you can change that option the way it was. GPY ☺",4,2,5.0.0,2020-01-16 10:51:16,,
gp:AOqpTOH_1nUJBpwSdciqsngS33kGfXjIdtuE5SB0ikUAZBCX262oVUhKzDhIq9zkW9sv01_KVwYg5u1jKsUTd5o,salomon rodriguez,https://play-lh.googleusercontent.com/-0EpNZ_uZ9jA/AAAAAAAAAAI/AAAAAAAAAAA/AMZuucmT9Yk44kMKY9oxcAbVC8kzeC-oHQ/photo.jpg,I like it.,5,0,5.0.0,2020-01-07 18:52:31,,
gp:AOqpTOFdaxfZx4FdOXgnPK8TB96j-gN9fLM4kl1h1cUz_UGec_eNSkNwiSTKJxwM0lLaTgacTtyO-xAhLgDEFtU,ramon raiz,https://play-lh.googleusercontent.com/-MYyvCeqokNE/AAAAAAAAAAI/AAAAAAAAAAA/AMZuuckdJKFVuIkqaFSSmxuF3XMSTnLGOA/photo.jpg,I love it,5,0,5.0.0,2019-12-28 17:41:21,,
gp:AOqpTOF4liQ4D1VNjmNzwXZa-FeUsZiBEvl4BiS5dNgWD35PZhFfX0qtBj8FxJ1fMVR5qx8gq_Z7rPowEav70gk,Sandra Hernandez,https://play-lh.googleusercontent.com/a-/AOh14GiIrroPe_COixDjapWLy_2vhXoBU9WgAXLvQRn2,Está muy bien hecho el poder tener también acceso a los cantos q quitaron y los adicionales muy bueno Dlsp por su ezfuerso Dlsb,5,0,5.0.0,2019-12-23 08:01:24,,
gp:AOqpTOELaYFkHtUshOuzGC0JPnPDWQ4kQGyUZ0SyTLqWwHYKJlWKUfher611ohzNIRDdeGHYwt06ltSLXeQxsXE,N. R.,https://play-lh.googleusercontent.com/-kc21nGhKoG0/AAAAAAAAAAI/AAAAAAAAAAA/AMZuuckYZRwiXvJ_PU-_cKRuBWuJGz_J1Q/photo.jpg,Me gustaria que tambien estuvieran por categoria. Como las que son de consagracion. De avivamientos etc. Me gusto la nueva actualización donde uno puede personalizar como se ve el himnario. También estaría bien si tuvieran la tonada de las alabanzas. Ya que hay varias almas nuevas que les ayudaría saber la tonada. Aún así me gusta la aplicación. Fácil de navegar en ella. Dlsp a los creadores de esta aplicación.,3,0,5.0.0,2019-12-23 05:14:02,,
gp:AOqpTOFKxSoJMFvsU5u6WIWNc9_92NN3PzFqXTmq2EvjJg7d7dsOhzb4F8gyw3jdlI93J2ugVBuai2mvoSpsRoQ,Noemi García,https://play-lh.googleusercontent.com/a-/AOh14Gg2uu9ZoSNELyOmI_TphkkXDyb-P_qCVYlLkshaYpk,"The updates are great! New fonts, layout, category breakdown...great work!!",5,0,5.0.0,2019-12-16 11:20:23,,
gp:AOqpTOFQFLJPjBxoot7W9Wo3GFvfXcnbXTOinva8H5aYn0VhTxJPELYvotPG-uENv-WxUJr8UesUzJgnmOxycZY,Sean Cortez,https://play-lh.googleusercontent.com/a-/AOh14GhadGaSRLdsiP8VTrCfNjFheaPPuc1XFjfPF2ppYg,I can't save anything on my favorites.,5,0,5.0.0,2019-12-15 22:41:22,,
gp:AOqpTOHBpI50Faw6dzo3wu-UIv4uBLQmoBhsoty6mDR4btLEYbHSL2mD8cR4yl3kNu9Z43qkU0uUWccWmKrXJl4,Pietro Fileni,https://play-lh.googleusercontent.com/a-/AOh14GjkA0JdLI_5cD5GhOVAtCugcfZK6g4zSUWXNvyLxg,Good job!,5,0,5.0.0,2019-12-15 07:52:00,,
gp:AOqpTOH28lf-UzQGwRLct9tQeo3CSZwRbl-L4y8uwv1cHO7BWHoJlEFJHbdayEvWqsLPQbJmW82CpzV0ipbKkK8,Jay Williams,https://play-lh.googleusercontent.com/-EMG71WEoTu0/AAAAAAAAAAI/AAAAAAAAAAA/AMZuucmWAtNLEG3-KkD7ILdezSkTbqrPow/photo.jpg,Excellent,5,0,,2019-11-12 15:52:58,,
gp:AOqpTOGrie9-lGAWdiN8BpiA75Y99qWqzLrgpCRw297LgPkdb0Kt3wYOQQQfW4yXdVwnx4krmxIDTzjU_EhdnaI,Hector Ferrara,https://play-lh.googleusercontent.com/a-/AOh14Gi_jZg0KyU8uDKDcQrN6plTkne5TPvocWphHTVjjyA,Lots of misspellings words...,2,0,4.2.1,2019-09-15 23:02:14,,
gp:AOqpTOHi7uz8TjVeuSxTpdBnz1cZ12rqA1bF-rPKk4u07vC_Yebv-iScT_JrTa15df4d-h33xkVj69Pn46rDAxU,Jose Melgares,https://play-lh.googleusercontent.com/--cawQJmLMvo/AAAAAAAAAAI/AAAAAAAAAAA/AMZuuclKW-iorYPrtnGPAHZh5mFNnQO2sQ/photo.jpg,beutiful,5,0,4.2.1,2019-07-10 18:30:20,,
gp:AOqpTOFrqAjxMjfgJQRugXWn5kz-Y6IfJjRK8J9yOqUtk4X8biCsv9tDjBhU1JF6ZrAf2IuLZLVCzhAyK3_7Na0,Daddy's Tech N' More,https://play-lh.googleusercontent.com/a-/AOh14GisOzSir_wG95qkGm1U0RVNBic95eMbeQIwO8rzFw,Perfecto,5,0,4.2.1,2019-06-07 21:37:03,,
gp:AOqpTOGZCmQmOT3fBMzbodzyvO7ILpRz0jyrqQXNl7fa4Je7KgAK63z67dZEJk3A1JJZ2QAETIQYOPuII6dm85w,Eddie Castillo,https://play-lh.googleusercontent.com/a-/AOh14Gi02ZnOB241JXz3w-6mGNKvPy5CwbsFOF62vbLXuw,Need faster updates/se ocupan actualizaciones mas rapidas.,4,0,4.2.1,2019-06-06 11:06:08,,
gp:AOqpTOGHjWUN7w2Xjtw-ccwScoIp8lKXYIHWkv-0FCi2AMQ0ElNvdrxxiibJd8X-YWoX_BTLY0WjlFudL97wmbo,David Vazquez,https://play-lh.googleusercontent.com/a-/AOh14GiRgDDw5hACnmzIKgqml4tpYYg9dcOYnOVy1S1asA,me parece util,4,0,4.2.1,2019-04-25 15:50:54,,
gp:AOqpTOFh_4lwyEySwR1VW3fn_KO-AZEJWszE4DDs-ldUmOpew9cm5wfxjlh-BbjGOEsHUKhWroiPOwkanLcQCR0,marcos llunas,https://play-lh.googleusercontent.com/-piVpvYTZDcA/AAAAAAAAAAI/AAAAAAAAAAA/AMZuuckMddQRAo7oYLJ4lt_u1yMUgIM3ww/photo.jpg,Awesome,5,0,,2019-04-10 07:49:14,,
gp:AOqpTOExaCS5bF6nnD_nd5N1njk27UNV-qjKSvmy2EvZRdThlCF9RRtUrHqkXZ9C9kA3FJB_M6h2XH7KsI-MdD4,angel vazquez,https://play-lh.googleusercontent.com/a-/AOh14GgP0qM7LQdN6BKsOR9RrA7iPfQbRljzSgBtAL_b,exelente,5,0,4.2.1,2019-04-01 18:26:13,,
gp:AOqpTOHz-P6OS8o8inXnnlWTvODCXwENy7cvMgqRb0vqStSgafJJSGFShPAB5K22rjRrbJ2now3SKdxf4uMWNo0,Nelson Hernandez,https://play-lh.googleusercontent.com/a-/AOh14GhXQZY3J9cvAnzuAclmAwAjcxq3gj1zSbvJUPlPwA,great app,5,0,4.2.1,2019-03-22 13:12:33,,
gp:AOqpTOG2yFPNFnlsl_SC3-WmfEtmB9nDS3QI9047uSuN_of2uKuuYrJzJiWTFaXEoGMfMhhUtnuxEHNmGmUJ7L8,Alexander Rivera,https://play-lh.googleusercontent.com/a-/AOh14GjYe2G8JCPtIaEobp26UodrDPy4fo-Bv7Y5uALm,"wonderfull,amazing,is so great,to have it 2 in one,,,so clever,,GPY...",5,0,,2019-03-21 22:36:10,,
gp:AOqpTOGOsV0YnsQAwwFghbU1MGJFv4Lvrj1KwKBoDvH83QTNzOUAMuKZXDIOjcRb5uefJ78Zy4-jkGmcAXjBZtk,Helen Sanchez,https://play-lh.googleusercontent.com/a-/AOh14GieQkf82b_JfoX0bNgnx2VYMcgyp2d9m1B0Klhe_g,I love these hymns. I sing them as I leave my God's house.,5,1,4.2.1,2019-03-16 16:59:13,,
gp:AOqpTOFLzN0lIClc3ZbEc4rlbzyOCtoADRSdP7T_IbSO63i-GhuppPYjEylnt-HujVIc0aSAM12OAikxIlYuuUk,Libna,https://play-lh.googleusercontent.com/a-/AOh14GgGPsJzeR0iW6FYo33lEMC0YmzbyzLqKIbUV6MZ6L8,Amazing app! Allows fast and easy navigation good job brothers Gpy,5,3,4.2.1,2019-03-11 20:32:21,,
gp:AOqpTOGgrGeZl0WCblxwtgjroB8hC_n7fmJLJSQRzkyAhFoZAgyVlrceDK_HUckx3U9VabGbgYSFdCZNw3LCFxw,gilberto mexicano,https://play-lh.googleusercontent.com/-svRrydHa7EE/AAAAAAAAAAI/AAAAAAAAAAA/AMZuucmS_eAZb9NJ6osvGsK03qgfNBVzow/photo.jpg,dlp,5,0,4.2.1,2019-02-27 17:28:14,,
gp:AOqpTOGf2pwKBDsIRmUF8z4Dt_C2iK-dLG-UqqkYjAL18WPmWMhB23K7GGa38niqm9jQIVfD9e1ARKQEAkPtoFk,Josh Bonilla,https://play-lh.googleusercontent.com/-4w-ts5Cy948/AAAAAAAAAAI/AAAAAAAAAAA/AMZuuckt3dBTU6cUwc_LJGTtXJr0TJQdMw/photo.jpg,Great app,5,0,4.2.1,2019-02-24 08:30:16,,
gp:AOqpTOG8jGziH7LM2dzfYN7YApsDS2VEDXFzalPi4eOy3vdvjduTfqQd14J1qpzEVefdDfB7hhQol_f3rkHMJIQ,basti herrera,https://play-lh.googleusercontent.com/a-/AOh14GhQTyGP-0IUJ2YHbtvH6k1z2rKKQQl08MC1TTHp,😅😇,5,0,4.2.1,2019-02-19 06:57:09,,
gp:AOqpTOHp6Ro3JQ8zonr6vKCJPt1WXygXORSSsyj2qp0BNoza9KOHQAWk5nhvBiStY068N6Uo8uC357OkP-rKjsA,Ricardo Garcia,https://play-lh.googleusercontent.com/-l9oKKLNUZkY/AAAAAAAAAAI/AAAAAAAAAAA/AMZuucmU3h1c1vt-MMsGAAB1TjQc1OK4pw/photo.jpg,muy buena,5,0,4.2.1,2019-02-10 18:57:38,,
gp:AOqpTOGtG3J0FQNRp1G0CBRfzSKc6IFWRud132pxSkRX-zpjU9QLrC8XO42KnKNQhkB7oafDsGW4XSqg7xB7kNc,Michelle Whaler,https://play-lh.googleusercontent.com/-S4Kq1UrVDP4/AAAAAAAAAAI/AAAAAAAAAAA/AMZuuclJP-mdYGgz0ttjF1jFfZpSkAgKAw/photo.jpg,i love it i only need to know how to sing to a rythym how the song should be sang,5,3,4.2.1,2019-02-09 08:46:29,,
gp:AOqpTOFEHK-SVqzRhQFBIffs2tqOiOz37sph7aHHzAAdok0i34SaBmVXhynQo3ujDFMS0s69YVAU1SM49bl0c-Y,Joshua Borunda,https://play-lh.googleusercontent.com/a-/AOh14GgmvV86FmRED7g9ucyeVVWnf6ZJ6sOj8etcE3YACg,"GREAT, but there are a few typos in the spanish versions.",4,3,4.2.1,2019-02-06 16:42:54,,
gp:AOqpTOFsNbGEyjsuf0s5iKvBApKVSUzW8k2fbf2iOj0j86VkAYCVDdu2gTBjdr3I8kvst1tQ5oP2t8BSuzXBi40,crystal rivas,https://play-lh.googleusercontent.com/a-/AOh14GiAi5WsNFKIgmT4ZFzc3QMjZiDbfRFqcQWfwzK9mXI,lldm😍,5,0,4.2.1,2019-02-03 16:34:36,,
gp:AOqpTOFtyLK0ujMQmZ3_f5dzcaa8UFOO3Hq5eIV1UkBh2XZOq7ii2kP9rQ1cFJU71xjf6ovy94aTeZbhQv3hD6w,A Google user,https://play-lh.googleusercontent.com/EGemoI2NTXmTsBVtJqk8jxF9rh8ApRWfsIMQSt2uE4OcpQqbFu7f7NbTK05lx80nuSijCz7sc3a277R67g,GPY very useful,5,2,4.2.1,2018-12-26 17:12:09,,
gp:AOqpTOGU8wx-Vf__XON_wuW3ZNVE2lu_0hIxfmEjdHyDRpdTBOC7tKeTko2fr0Vh5NfZZmFzfyZxAlfPH00a0nE,A Google user,https://play-lh.googleusercontent.com/EGemoI2NTXmTsBVtJqk8jxF9rh8ApRWfsIMQSt2uE4OcpQqbFu7f7NbTK05lx80nuSijCz7sc3a277R67g,the best. El mejor,5,2,4.2.1,2018-12-23 09:34:08,,
gp:AOqpTOEolca8sPtAAOJACYe22bnSY6yLp-uPSvS3-W0UgWpaLglTN3nPkwXKXXMiBw1Os9DlCh2qQwdC0vY4QkE,A Google user,https://play-lh.googleusercontent.com/EGemoI2NTXmTsBVtJqk8jxF9rh8ApRWfsIMQSt2uE4OcpQqbFu7f7NbTK05lx80nuSijCz7sc3a277R67g,better translation would be great,3,0,,2018-12-08 11:17:49,,
gp:AOqpTOFtZ_NGjNkWlUq_v3MKPQAOmjs3yUKGb4G80Bq0lj_xZ9I_drKMc_9HU_5LLXiAuDelTzp7udVu4U0QU04,Elda Castro,https://play-lh.googleusercontent.com/a-/AOh14GgTE8_wjdSX6X2biAnLwiFvHhLtBgrzQOmZ6oshmQ,Dios les pague y Dios los bendiga!,5,5,4.2.1,2018-11-19 09:10:53,,
gp:AOqpTOGxNntfW95F-puo2RhSpAqymQ7QGU11ISzqiolEUwnZWuUMJvLRSOEDyES5f3xWKQJlpW3ZFZek6x3DV3Y,Giezi Lechuga,https://play-lh.googleusercontent.com/a-/AOh14GhCWg_NgCMhZWhhv_aE3ohtkdqOvWmeLwQ1KBcB2A,Cantos nueva era no tienen traduccion? Que pasa?,5,0,4.0.2,2018-10-26 13:43:52,,
gp:AOqpTOGkXupVaJuV_WOL3kb6BWiN3LzhKq8IJ1VQFIO2oe91XcYUhyS1vljLnhTUll7Q41Fud1N09i47CkiIAVo,the Joey,https://play-lh.googleusercontent.com/a-/AOh14GieWoR6ramV6NypCHFYDuiYdQVOTSGYOI5zm1bMfP0,La aplicación está muy bien hecha y me sirve mucho. Pero la versión en inglés necesita ser actualizada. Ninguno de los cantos que hemos cantando son como están en está aplicación.,4,2,4.0.2,2018-09-26 09:14:01,,
gp:AOqpTOGzOBmsk4SvSUB69dT_jg-xqYbgLGUDCUJgO9ezIhSXDiNAiHtCOHMC94qByt3Gk4KVaZZEvEo-Eq0TMNE,Manualidades y Juegos divertidos,https://play-lh.googleusercontent.com/a-/AOh14Ghd4yii2TAUK8OuC7SaWDOlIk640cWsLA5_APtDRw,It is cool,5,0,4.0.2,2018-09-16 13:33:41,,
gp:AOqpTOE0SRVdcXvin75D4_YnGdCSRtwf-G0rcSEttlf-U1kCUazdhHUgPCWCGZfsgsWYEFMukh5vN4kolyU8Y5E,Ketsia Pardo,https://play-lh.googleusercontent.com/a-/AOh14GhsLw5H5EIaj0h3pErAh4kEt7k7BekPEEZhMe3AJg,Dlp por esta aplicación. Me sirvio mucho.,5,0,4.0.2,2018-08-14 18:51:33,,
gp:AOqpTOEkg4pRIONS07_1v3VMM5_LrFboQAARedUY8NWK9AgC2R4Vc7PBVJfdCJaW6Tu71-5GhI42Skin9V3X00k,Rosemary Soto,https://play-lh.googleusercontent.com/-B1EDeTHJZMM/AAAAAAAAAAI/AAAAAAAAAAA/AMZuucmoYu_xtIfriByKY4GHkv8pe3mIig/photo.jpg,When are they going to down load the new one 2018 santa cena gbu,5,2,4.0.2,2018-08-11 20:50:39,,
gp:AOqpTOEzjcY5OYAICnaMy03OtRRuUle0hIg3TKFf3v0cpStkYYYXWznOciw6R_knj-GwtiVYd8W2W2j5JtZLi9Q,Veronica Saenz,https://play-lh.googleusercontent.com/a-/AOh14Ghl9ukrvImUORzD5KQlZ2UMmFa7By4m9PpffJBGeMQ,I wished the app had the aong selection by topic too.,3,0,4.0.2,2018-07-05 19:18:44,,
gp:AOqpTOFztRquA1V6LaX4jd787KyO1B4nKoHjsE_rXUiVA_RAYbgslaACdWJ3ser7DL5tpimwQO6HccckEa7cAWk,A Google user,https://play-lh.googleusercontent.com/EGemoI2NTXmTsBVtJqk8jxF9rh8ApRWfsIMQSt2uE4OcpQqbFu7f7NbTK05lx80nuSijCz7sc3a277R67g,"Es la versión más precisa en mi opinión. Es fácil de usar para cambiar de 
versión español al inglés.",5,0,,2018-06-25 12:18:54,,
gp:AOqpTOHZXdDOx0lrrxY9V7sc8COFeuPO_h13DD7W9ntAQbdKAhkdOBRt9h0J4Y83_3Pxn2iYE7Gzo9pQKpDAs8E,LLDM Coachella California,https://play-lh.googleusercontent.com/--1r1Bq8d1jw/AAAAAAAAAAI/AAAAAAAAAAA/AMZuuclDlXfVUU1_Z2U2TAWbZg_5aVU7WA/photo.jpg,Dlp,5,2,,2018-05-07 09:51:57,,
gp:AOqpTOFbxq_GD-eirQQgIBreDAlWDTdkL7i7KPkURBECVHVmUQkKDLekwOH-bYFXqdv_xt79WwJB6ic9r-ZeETI,Jackal Sniper With a type 50,https://play-lh.googleusercontent.com/a-/AOh14Ghw0ARHEkVWa5eSrNFcuOCU6rK4dvILUevuU94GBw,Dlp Brothers,5,0,4.0.0,2018-05-01 17:24:32,,
gp:AOqpTOEjXpeUEx4JxpkdVl-gX0W6K2uuM4W7IKLVZHpeFGnzI6RbgZe5x-T8IJCQLw9IbIIzczWaRpJOhIFXKa4,Luiz Torres,https://play-lh.googleusercontent.com/-gss-88Agu7c/AAAAAAAAAAI/AAAAAAAAAAA/AMZuucnzp5a0LlI8eDgDBZApA2pg39q7Ug/photo.jpg,Good job,5,0,4.0.0,2018-04-22 10:07:44,,
gp:AOqpTOHOsRYSbVD0S8Ji3NjFrRY7QiYPPU7LnxCKzqe4R6Wqgms1fRk5WBzRbAqb92snmImj-1oWFeECC-QqV8g,Ehuler Gonzalez,https://play-lh.googleusercontent.com/a-/AOh14GjGmkMEmHW20cz1nztfvPBK-K5xlvP88OE_MbeRaA,Perfect,5,0,4.0.0,2018-04-19 19:02:32,,
gp:AOqpTOGoQ1axL-NVoeXGEbLb1JPUZkp5Cxb9xcPgoi8pyN2eapY9Nsum4t4byhaZEhTaBm4EmxTfO3cnYaNLHYI,Cynthia Ambriz,https://play-lh.googleusercontent.com/-0GbijyyjDiw/AAAAAAAAAAI/AAAAAAAAAAA/AMZuuckBPVBv00iFKQI6111ULb7dcM-PuA/photo.jpg,The cantos were not the same wording as the English hymn.,2,0,4.0.0,2018-04-15 13:40:45,,
gp:AOqpTOElWyCXPQuOh5W1r8vU_ltsHIRMFJrhlWYL-JJNfHKB5yonUFYb9G4U0A3lzlLfFJvQ37qHZMyMIZjl8ic,Valentin Sibrian,https://play-lh.googleusercontent.com/a-/AOh14GiADRrJC5YZgoQrZRybfQhUx2_AOZRi_FYolffX,Good job,5,0,4.0.0,2018-04-11 18:55:50,,
gp:AOqpTOFKhm55lXQADW2zcQfaWevGuNePb-cME3oH7WIGShLN80Ub9Ri7StM7_kEEXJjfOEY3YPBBbLclYeVrTd0,Eva Lugo,https://play-lh.googleusercontent.com/a-/AOh14Ghyan7JkYE0xwo3sQz6vgFVvwHPvSQPVvGXZx8S6Q,Love it brothers God pay u,5,1,4.0.0,2018-03-29 19:15:18,,
gp:AOqpTOFgni16Ys8l9ghV6M4QYUprGW40DSqYk20NaCswa6CVf4j8IDuFKQaBIuGG19r5I7ndemYeBskEU4TpJhg,Robert Serrano,https://play-lh.googleusercontent.com/a-/AOh14Ghgio_w3RnOe5q4ERaMD-h2B8s66xzS-JA10t2RVhU,"DLP, todo bien hecho",5,0,4.0.0,2018-03-10 16:34:56,,
gp:AOqpTOHgZyH0BOn3zD8ybhnR_BtWQh9cTS1UCvSoeX4jtAqOZDt13q8rbcNDvF7dN_bOXB8vKQ3r7RhG06R09qk,Raquel Villarruel,https://play-lh.googleusercontent.com/a-/AOh14GjWTaQcvK_A95LU7M6o53Tw7rO7GSS2-v7MPDmfF4E,Dlp brothers love the app 👍💙,5,0,4.0.0,2018-03-09 18:43:22,,
gp:AOqpTOENUuIu3xMzyHbOl8gVQxq0dBkgOaC4kSOOrd-6QPme1OGztghK_K2EmKE6IVBy5ouU0KfTIG0qKGxttFA,Tano Sinaloa,https://play-lh.googleusercontent.com/a-/AOh14Ggkc88D-wYX23PQx_0KCKHNO6kV5jHAivuqOHeEomg,Some cantos are not from original himnario,2,0,4.0.0,2018-03-07 06:03:32,,
gp:AOqpTOGEmZzr3KV9CjG1jbCd2xfvfw4GTaC6nvIWSmZo-Ofmks8vhUmwU0FEnvyZ-r7tipcP1NZuFJ75_lwcy04,A Google user,https://play-lh.googleusercontent.com/EGemoI2NTXmTsBVtJqk8jxF9rh8ApRWfsIMQSt2uE4OcpQqbFu7f7NbTK05lx80nuSijCz7sc3a277R67g,I love it ! may God bless to Lord 💓💓 NJG,5,1,3.0.1,2018-02-26 19:18:33,,
gp:AOqpTOE266xNdXyAAdfpPEYE_9phk-td_dlRmva5Wt0HWtPPDmOCB-GNcPZ24LgxSDPtMKYwJTwcORE9Erih5WE,ʀᴀɴᴅᴏᴍ ᴘᴇʀsᴏɴ,https://play-lh.googleusercontent.com/-jc1V9HjDCI0/AAAAAAAAAAI/AAAAAAAAAAA/AMZuucmfMdRaN9eYg6PdLZJjUAAaGV5Tdg/photo.jpg,Lpds hnos podrían actualizar la versión de inglés al nuevo himnario que ha salido porfavor. Así todos contaremos lo mismo. Dios les  pague y los siga bendiciendo en su trabajo.,4,0,0.2.0,2017-11-27 18:02:58,,
gp:AOqpTOGAq9OIDm2i4LVASooO4-OmsxQrfl67oVJJ6qlPp3gS2vzWv4wT-WYS5a0cCfYYJOhLc350KRBXG2Kc-TE,Betsy Mi,https://play-lh.googleusercontent.com/a-/AOh14GgWUNuZ5_9UHrH71ppqLboomsAB6JtGN2sd0V3UYOQ,Todavia hay alabanzas que no estan actualizadas...,2,1,0.0.1,2017-07-29 06:21:29,,
gp:AOqpTOE1b1EQoodpIbfZahZabigdKZtMn_PXFrgjrp9RxBuiucfbAcVgewk3BC-L0DbdEI0uRbZzGPG7tybrDIU,Jacob Juarez,https://play-lh.googleusercontent.com/-8TPAF7P0UeA/AAAAAAAAAAI/AAAAAAAAAAA/AMZuuckMGK4Tp-c93IPkFuxjUaVmItArTA/photo.jpg,No esta hecha por CCB donde es el único que está autorizado de hacer el himnario,5,13,0.0.1,2017-07-25 08:54:22,,
gp:AOqpTOHXhqEJja6-vcVI4l0Xkq05tph_9TndxYU1FABKjWcd52FKFKAvQ6BmrmNwpmlc4m3j65DbjRTQRCP15KE,Daniel Reynoso,https://play-lh.googleusercontent.com/a-/AOh14GgsG78KcHbSsdDBHpXnc42R88jwczcGGVO9IRK8,Finally someone put out a new version. Thanks,5,1,0.0.1,2017-07-24 17:42:45,,
gp:AOqpTOEVClE9xh3ovVFnY0JgkpSQ8li6y1XVJtrF4gN3X7P-3VtaimzUh4YMr8D_OwOLzSEk-I1dBO2sPRZjgQw,Cornnelio Zuniga,https://play-lh.googleusercontent.com/-OyOL5j8sRwc/AAAAAAAAAAI/AAAAAAAAAAA/AMZuuclU8i-iC3YKSg4qolbyK_38G6dPQg/photo.jpg,No tiene la traduccion al ngles como el himnario anterior.,2,2,0.0.1,2017-06-25 14:10:09,,
