reviewId,userName,userImage,content,score,thumbsUpCount,reviewCreatedVersion,at,replyContent,repliedAt
gp:AOqpTOE8LOzpo4-Q4DKGN_NibQo2pby_l8Q_W2tNN7PeE0__vg9B-8Qk5IteoTqbmpWv1gocrjJsRyYD3qIIEoE,LJ Schafer,https://play-lh.googleusercontent.com/-H77oidfn5-A/AAAAAAAAAAI/AAAAAAAAAAA/AMZuuck7wTMA5k04Dja834nOQwsOkj2jIg/photo.jpg,I love this app,5,0,1.0,2021-02-03 16:43:42,,
gp:AOqpTOGIVLsjRyU4O6fbXvj7g2resCdhJraZpVLMmClURaY47oEouGrFxAxRs9r8XrwUbGvnt-ENzxaBVZuGzjs,Dan Thyman,https://play-lh.googleusercontent.com/a-/AOh14GiKJXy0wdlwrsHO-qmUKP9cIv6DSn46O5KvIJKS,Pepe needs a hug. 🤗♥️,5,0,1.0,2021-01-29 17:40:24,,
gp:AOqpTOHnah49OC_vYguDNzF_PI7uP_YdEUqcJfHq36-Or5aBS1y_vsSHetCZ_x0GCIVsJ4pJ2mgZPgDNLoAIhX4,Nicholas Legnon,https://play-lh.googleusercontent.com/-an4mKVOkfbo/AAAAAAAAAAI/AAAAAAAAAAA/AMZuuclBW1Y0dTMeC908aQMdIrjmirk0ow/photo.jpg,Fun to use,5,0,1.0,2021-01-22 17:25:09,,
gp:AOqpTOHeZ0nLSo_OttrS0j0qDQkM_zTr5_pidrOhLydBhZ4JN9ax0NgpAGTqOqBRbVCtCC7JsaBJw0MJZMmP5Yo,Dowlen GENTRY,https://play-lh.googleusercontent.com/a-/AOh14GjU2hV6n7yYdFclhO8lzF8zB2heSSF7DFcHanOggQ,I get to put all sorts of memes on my videos it's really cool,5,0,1.0,2021-01-21 20:49:51,,
gp:AOqpTOEaJ5lGU9GWTzceqy6KKgFJecAUE51VQWP07dfv-rNrKeuZYpL4nWXDsBYikNMfyw4UC4mLPTJLir6x5tU,Eric Tiefenbacher,https://play-lh.googleusercontent.com/a-/AOh14GgN29TTca2cfAhg_GSriyL146bMa3xPCIQ518Uz,Peep I love you😀😀😀😀😀😀,5,0,1.0,2021-01-18 05:22:33,,
gp:AOqpTOEjmW2YPqPN5F58dDnQMyrgyYjOYAwVgUmk82Qucgpr3ZaguFqny1Yw954Y3NQQhVJk8oozi6s1wQILW2I,raymonds account,https://play-lh.googleusercontent.com/a-/AOh14GgyNl1bVOWbvysNwlnmovsx56Al7lUejoUiYge0ow,The game is really cool i bought it And it sounds great!,5,0,1.0,2021-01-16 14:20:41,,
gp:AOqpTOGza5iqiPsXo8Eb08lR5gMrvYMs4TLWFsArUZvcLR9bZuAPH8boCp9RodJEQ-HMoCwBM__Yx36jM_xnFzk,Ryan Slade,https://play-lh.googleusercontent.com/a-/AOh14Gj7C2hBNir3fYK8V0puy1wTjjPwRJ4o-BFRXOwB,The app is awesome been using it for ages to screw about with friends but recently all of the buttons on my favourites page have become unresponsive showing they are permanently pressed down. Hopefully thats fixable.,4,10,1.0,2020-12-27 13:44:20,,
gp:AOqpTOFWv3L1b2O78oThiOJGZvM1IcqxiNAzP0hk0IPu_5XPsCiD7qXi4AomL8u5LcF26ZDoUTU96nU-Oo_pTuY,Brian Lazo,https://play-lh.googleusercontent.com/a-/AOh14Gh7MkmXqtnr8YZrNIZyeo6y0_KxgaYPHrCFlLp_U2w,I just love this app so much,5,0,1.0,2020-12-26 18:52:12,,
gp:AOqpTOGpKm7EofBAoVoC-7xU3Lfri44GRIALNg7AO-43qNnOCp7Z7IuouNAeod3gow4uf80RIKz4yQHlQa-0aQ4,sm64mods secret,https://play-lh.googleusercontent.com/a-/AOh14GgXOQ2ApOa_LQ7A02qYkTxF__o_XB40ENiHAxfg_g,It's Very Good But It Will Not Let Me Add My Own Sounds It Just Kicks Me Out The App,5,0,1.0,2020-11-30 04:35:41,,
gp:AOqpTOFkxSpdHHqdtK9Qos_aymVpkIpnqC2BYdypmkR23dK2cqAOHYSX7S6Wy0Shu1GIM9qN04SRLn_yCWzYORA,Tiffany White,https://play-lh.googleusercontent.com/a-/AOh14GhMH6Oe62Fe0mpuiQyXgMKl8i4NxfYujc-O1IbCpEk,Its funny as hell,5,0,1.0,2020-11-27 17:39:27,,
gp:AOqpTOH_tWMb4K8lGrsG4oSR8qZFMa2rPkMiSCmMUFBX8mzjbPZorjDLuw1A6ijazqreOr7X3yAxjGIbooy_agY,WeTrippy Mayne,https://play-lh.googleusercontent.com/a-/AOh14GiTHkNK8WDzWB0HBA9XYr0Qx0tkMoBr4ApHpMKcUZw,This is garbage. Don't buy the gold version.,1,13,1.0,2020-11-13 03:09:22,,
gp:AOqpTOECCsKQny5jTrznlb4XELu5rFqweQ8ZFrZgAyPhW0emcQ-NwAkZ-Dxm9kAbfmS_KdlTWbD6tGaEQHFz_oU,Ashten Nolan,https://play-lh.googleusercontent.com/a-/AOh14GhTJsrJNPaaKzt7ZuzuVfyjSQAbU9IehFe0qrqC,Noice meme,5,0,1.0,2020-11-09 10:51:33,,
gp:AOqpTOFNaXX2fYPISMs7IqWH-xK2Dr_atAJuSVC8pnJlLl9-_4KSWh-T38jHuvnRh4T0MrdpGIGwoMUsiQR6VfE,Gaz,https://play-lh.googleusercontent.com/a-/AOh14Gh-2b6J4oRVjl02BtcvTb_RbU94NRIMgtDLvptFCg,Would be dope to if you could add some it's always sunny in philadelphia,4,0,1.0,2020-11-08 05:06:40,,
gp:AOqpTOGlGQADEyioKwZbvyTgUWaIchMkTDXjMrzryKnYc2dSn6dmUosi6645gdA2AWJAGNktHERg_xOF-qM2-3c,DeepDitch,https://play-lh.googleusercontent.com/a-/AOh14GhofYBoE_Q1tLG7ppDzyqyGhYTxBFz14cQLwUHktw,Why does it take so long upsate,4,0,1.0,2020-11-05 07:43:15,,
gp:AOqpTOHAKTmYMVNyGLzs7zzWGqGT6WeWiUeuROkl9p-J6--T0hZCpSv9UZI2kOkgmF5_qsvz3ITZrOw6OR2NrXw,HeroHunted85,https://play-lh.googleusercontent.com/a-/AOh14Gi__hpgpCU_I3B9kerHXj2NUFniz-TV-T8IiOPnTA,Great variety of sounds.,5,0,,2020-10-25 10:48:21,,
gp:AOqpTOH8-brNmwi7m7eJFExkGibmpWuSjQ1T_PK5SXiFqG8BsJEMMRFs2PZd7AelaRkk862uzLw5D4nEdIBHkBg,Dead Bush,https://play-lh.googleusercontent.com/a-/AOh14GivRgvc9G4ccxei1IyFyP4g1CQeKOsDwv2rrlXvDw,"The app works really well, I recommend buying it!",5,0,1.0,2020-10-24 15:01:26,,
gp:AOqpTOHgymDK6EbD16cViMuos4fiUo1Ga244cRfZGEL3aNi8Gfo6Gwhl14y0oAAWs6tdWo5d2YifdlEDjG5i4q8,Oddly Boi,https://play-lh.googleusercontent.com/a-/AOh14Gg4jGPkHIAfVIgN1xfiz0Yt9-7iGJ9Z8BbRzMP4EQ,"I bought this send to friends and it doesnt work for them to play it, I have a samsung and they have an iOS. It works to send but doesnt work for them to play the sound pls help",3,11,1.0,2020-10-22 15:49:17,,
gp:AOqpTOFiWdFQdRmt9ZqN1to6jsvzQVIrzioE89ERyplVGbV_0cVaYgzyBCcplf_HPDJc9oqPH0Op_AlLDPXTWaE,Lord Dovahkiim,https://play-lh.googleusercontent.com/a-/AOh14Gj8wsO4XWRBq-8Da63kJIdKIQZlGTPWWkU0UTtZEQ,Great app however the sound buttons arnt lining up with the text on the memes 1 page. Not sure if this is just me or an actual bug.,5,11,1.0,2020-10-10 15:15:12,,
gp:AOqpTOHtvO5YCpnp1uGntkg6IGEeLBQkRRC-XP4p6xDXf_ldM2LDkkzdny-avrTmsDhk6RnJBKMtzg2MxCa9F9I,Communist Flamingo,https://play-lh.googleusercontent.com/a-/AOh14GjBHvEbjjC6iLPCKjPs60xPXFEKQxLiFShIpgsy,The newest update made my favourites messed up,3,0,1.0,2020-09-24 11:23:47,,
gp:AOqpTOFNFRfDa0oXtIip4iT-r1PxuTQ95HC2MyNIz-62A-B-6P385923wTN1_Lj3wEyD4Pg1dlbSzqtPGq0roAg,logobombo,https://play-lh.googleusercontent.com/a-/AOh14GhQtUOfQun5KxEhdNDGOPqzoFG_YnAi695KEIBfAw,I love how many memes there are but some aren't on there that are here today,5,0,1.0,2020-09-17 16:02:21,,
gp:AOqpTOHBZfH8nv5odWzAcKn7idkC6W_Rb8X4C9bpMGeZUlyPxOdO-COLj1f51ZVafca_oKiyIRYqpOfeTwuPL9w,Uwu Clan,https://play-lh.googleusercontent.com/a-/AOh14GjJLwubuPZJ6FKjEzE6Jks8klTTXcgipTXJlk-fgg,Great app i wish you had i like ya cut g,5,1,1.0,2020-09-16 09:59:14,,
gp:AOqpTOFQb3yOoqNAOTIlabSXDoh94Pr1L49pNUYrwWrvOXbhZPgzOia2zKWs7zT2FRihBL6PBIbzeGufqFG8ETc,night boy gaming yt,https://play-lh.googleusercontent.com/a-/AOh14Gjn1nlHvqaM6Kl8VQmm_nCsA69PX-o3kyZfGxOjJw,The best app ever!!!!!!!!,5,0,1.0,2020-09-15 11:28:53,,
gp:AOqpTOF6r3ougSCQ8uir5hvBwH4qNshQ3qm13jN-9CYooP7ZDO4NNa8i_MKXAf0oXk8L2BVH1W5ofRPJcFdQQ8M,Half Ease,https://play-lh.googleusercontent.com/a-/AOh14Gj4hnPTKBUkPUUtCZiYfom0gOmlFCRJUMbE98YFmQ,Great. Hope theres always update for new meme sound,4,1,1.0,2020-09-10 21:51:00,,
gp:AOqpTOFjw1lCQnPNKwwMTDBTRyAEdD-LfEm-4PBm87LXiGW9Dt9SLwt7o32y569PLubOXWjrMldbqDDwU8Mq4lM,Benjamin Faure,https://play-lh.googleusercontent.com/a-/AOh14GjQyV29Rjdpt2vaXAfneFwNoumzEigjJ_o1OKgKPfM,"Mostly functional, but buggy favorites screen and icons.",3,3,1.0,2020-09-10 17:54:13,,
gp:AOqpTOFCNOu87qa7gfDg0082nnBqgiFLmTE4KG_e5cqao3CCEefiK8tQhypQ7910MJMavTNNzo8nmbGM3kIiRPE,HD - Gaming,https://play-lh.googleusercontent.com/-VU7I7JREXFQ/AAAAAAAAAAI/AAAAAAAAAAA/AMZuuclxmnZ_wYRgkYIWlDUGK9UfayJJUQ/photo.jpg,"It's a great Soundboard in my opinion, but it won't let me in anymore. I'm really upset about it, so please do fix it. :(",3,31,1.0,2020-09-07 20:47:14,,
gp:AOqpTOHqYwKV-xqXGQeVAddPFfMBuwnRuUfZZjIMPrvIxKIr0jXnAjKtnMKcIVuhINphZD88Pyi4hxe5AHA-chs,Nico K,https://play-lh.googleusercontent.com/-exh4W69-KI4/AAAAAAAAAAI/AAAAAAAAAAA/AMZuuclhJxc2k3GaKiG6l_LOuQGFNEJapQ/photo.jpg,What's new? -You can no longer open the app,3,3,1.0,2020-09-07 03:04:54,,
gp:AOqpTOH2IRA6fj0pPQN8sL6SWjyiXNECd2zX1S4eSv5LL2jjxeAJCEL_481tIfQE_dwL9keI7mEX9RcAcbzLXJI,Tangible Machi45,https://play-lh.googleusercontent.com/a-/AOh14Gj7o0ns1oLIqTfOtMBq_Myyv1BZQemXR5_ZUqcY,"Please update the import audio think, because everytime I try to upload a mp3 file it crashes",4,1,1.0,2020-09-05 20:12:36,,
gp:AOqpTOEX1FXexbwzeboSn4Ey5NAEafZr9_iMygzLEoaJpFdI0IJVKetpRTvrXHt-c05LlktEApQTcptlbj6oqD0,Adian Maestas,https://play-lh.googleusercontent.com/-z_Mh9RWd50s/AAAAAAAAAAI/AAAAAAAAAAA/AMZuuclTzx4LlY5iE_UWISkkoa03CguXlw/photo.jpg,It's Been A Good App But Lately It Has Been Shutting Off By Itself,5,2,1.0,2020-09-05 16:30:05,,
gp:AOqpTOHTizrydN_y5fknmyHKs3vgwkceXfA9BjtnqgP3uOUqeCxNH27mfdpXWoWLtO9Hbn83w2t8jwggBcNV9Pg,"Dantalian, the great duchesse of hell",https://play-lh.googleusercontent.com/a-/AOh14Gg0Jt-68NBnXcRKCnOPLfDdYwbJtS0sHHtXbOaY-A,"I really like the app and i would like to contribute to it development by reporting an error in the meme 1 page from the button "" meow meow nibba "" to bellow it isn't coordinated, to be more specific instead of the "" meow meow nibba "" sound its the "" do you honestly think you are funny "" sound that plays and instead of this one its the"" wow that was **** "" and thats all folks wich i've been helpful for you ! EDIT : and some pictures and names are in disorder !",5,31,1.0,2020-09-04 08:21:28,,
gp:AOqpTOHmR4z8e4lykTnTv_9-anlY6VnjameLQYoqevr_f2HihenR0Db_91XGwrDY6moYsTVKZ1hN5aGin5tPnC4,Tonyflamingo,https://play-lh.googleusercontent.com/a-/AOh14GjKvEZt7XHmxC3ZMny72PMBgZUB9GsNEyxfmBxYOg,Update pls,5,1,1.0,2020-08-27 11:20:13,,
gp:AOqpTOFxiZ8X6fq7MKwnCN1l1lfqD2f3SdIOOoWwBlwHl1zGmWUVG8uKPe0c4REQht6NsDaCyma0yQC4F95q5o0,CZ CZ,https://play-lh.googleusercontent.com/a-/AOh14GggbNh-6pRRz_faJP7M8dcTjUTF796tp0Resgix-BM,Fix descriptions/pictures and you get 5 stars!!!!! What da hell is even that!!!!,1,3,1.0,2020-08-26 17:14:32,,
gp:AOqpTOEebeB-jukolGGF-PkGPPPdMqe--r1PkykjKSmboIJHf-rRdMv58FzAmt-GJyb26-T2mCu2G9obh4N1FZo,Eric Ardron,https://play-lh.googleusercontent.com/a-/AOh14GiklHQ9_4KZN4WuUNcK-GJxKiHKfR0Sw3Rx83EXZA,Fun sound board app wish they would add new sounds tho,4,0,1.0,2020-08-26 11:14:54,,
gp:AOqpTOGhDCF1bBAyVxiHyeqVqb-cDRWkbs3cfL2kg7RKFVmGo9AN3ki-WP77J-ejYzICgVj8MImsbQrQw0JNxTc,Yodi Firnando,https://play-lh.googleusercontent.com/a-/AOh14GhEJ4EftsXqHaRT7KmxknfixnZwoR5aqjH-RKsK,Awesome,5,0,,2020-08-22 23:46:34,,
gp:AOqpTOGIj7glTEc4aHhQA9G_v5nQinA6CncfTr3fhr1McVCvSNZJbshaU8pXqVNOZsaZlbQZOke4lOVu_SdC2G0,Burn Shadow,https://play-lh.googleusercontent.com/a-/AOh14Gho7jI8wDtUWMT-_Je_MRN8tZuLObGXx6AXaZud,I love this app it so useful and i love the gold version that come with it,5,0,1.0,2020-08-07 11:13:27,,
gp:AOqpTOH4kTfI5cTMHYv75L_m-N50dSZtr4HVvIsNfFLz-VZ1HEwnTFyISNsUTGnpT8gEFpJOuBXhrBuj6Q6utFk,The Knight,https://play-lh.googleusercontent.com/a-/AOh14GiFOeCjRK4wdXOSkkwCvjtdn9U3sPZoPjtK5zwsiQ,this is a godly level meme and Vine soundboard app,5,0,1.0,2020-08-02 21:04:03,,
gp:AOqpTOFNG_eU1v5dkjTYQXyovZIRyWgbIi_ZTwJI1TJxb4Vc8UNgEt8v9N1t1iagw_Slfnh_TsYThcsxZc_ZzjE,Aden Berg,https://play-lh.googleusercontent.com/a-/AOh14Gj-vcC56zM3vEfYz4GHyGJNPtWlhqGOnxg_3eyW,KEEP ADDING MORE MEMES!!!!!!!!!!!!!,5,0,1.0,2020-08-02 06:36:22,,
gp:AOqpTOG59kHxaHGrZMvoxssJ7l55k7qqrRojwi89QVMhx44jenyOX0cywwn7cLADSbMUenTaQ4IBXrN4I1gzD5s,Paper Bag Guy,https://play-lh.googleusercontent.com/a-/AOh14Gglc6zrkJlnEUG0RlxHEUYOvfJ01QVmJj-W9hSkFA,"Excellent variety of memes and sounds, weird glitch on some of the lists where the titles and pictured buttons don't match up.",4,15,1.0,2020-07-30 08:08:59,,
gp:AOqpTOH7iglvPPwsKzo0pG4chpat36HOb87ZRKcZSgyMeKWLWJeJ-xfcpoSZfISEZxyHGthG4zyJUqXmK2Swx5E,Leon Riley,https://play-lh.googleusercontent.com/a-/AOh14Gi1S4BjAi2SMNZcTVsY2HmVaOaItDy-9CWCj_aXGg,Very good sound board brings back many good memories and I now always have it on standby for funny moments,4,7,1.0,2020-07-30 04:44:29,,
gp:AOqpTOHKqYpPxyItdqHNmOlbWT5_21z2v6Z2T1oDmgEJQT3vPzyTy2h_XSTo2G0YiZBbqaQulgxYLP6kiCOaKT8,Joseph Iorillo,https://play-lh.googleusercontent.com/-RaTVQgfgl5c/AAAAAAAAAAI/AAAAAAAAAAA/AMZuuckZ-XvOaxWWI-oHDTDjqZGAdKXFhg/photo.jpg,Jeff is a great 👍 👌 👏 🙌 😀 😄 👍,5,0,1.0,2020-07-26 11:45:15,,
gp:AOqpTOGGgkX-DXWhZSSFSxcG1rdsgwA8bN9I-qvfSqSPAR5WhKrCwOxbPJWrXy35s9qvlxuagxzTINBWkWLAkh0,My Grains,https://play-lh.googleusercontent.com/a-/AOh14Gh5UPGlJsl_glPmMleRJn5_vHBOqwZ-Lt2lfiaocA,"As soon as ""No don't it"" is added I'm rating 5 stars",3,0,1.0,2020-07-15 11:36:51,,
gp:AOqpTOHfHdEOFeCMNUBgGP0d-OWKQ_9jta13yu0gdBcmFQUcEqawxAP33rDANAWi7KuCpnZbUBEXkockCR9Pc1I,y2k tyi,https://play-lh.googleusercontent.com/-3ppmQ_Q2AAE/AAAAAAAAAAI/AAAAAAAAAAA/AMZuuckW9wJHljduGYDF4VMWF1brApjcmg/photo.jpg,It's has all my favorite memes and I can use them when ever I want with smooth quality.,5,2,1.0,2020-07-04 17:27:27,,
gp:AOqpTOFjnpEpFyEnQhypazbNo1mpOHrwFEy0TAKSTZbe8XsZxQ7fzxZl8wdVvSo93NtqRe-BxVjKUDZdnvX4zyw,Austin Fisher,https://play-lh.googleusercontent.com/a-/AOh14GgfRtfmkHMF7yiTeOC5h63DGO0aexhCSpEQRldI,Can't wait for Ronahldino Soccer 64 to get added,4,1,1.0,2020-07-03 15:45:23,,
gp:AOqpTOHYSN8jVK1vEAaluke0i30N8EbJrtA40QcWtGbKnHLc_n6CZTAu-03jtztATtPx-2WjK8p_bg7df30inpk,Emilia Lang,https://play-lh.googleusercontent.com/-wnmP-tgD1UU/AAAAAAAAAAI/AAAAAAAAAAA/AMZuuclx7p5Y5ke7sKaTs0Uhv7Aq37ettQ/photo.jpg,"Truly life changing. If you're on the fence about paying for an app, this one is worth every penny.",5,5,1.0,2020-06-21 21:31:32,,
gp:AOqpTOFeAt8td1sCOz5WZuIuvigzXZSjknu9wydIf_dAGS9X00xMLAxi1lh2XG26g631dM-rEEzCKPL1c1filpI,Zac Roberson,https://play-lh.googleusercontent.com/a-/AOh14GhpWashA_TIkQJEw-3hTqvm9XR8bJym6ABvu3mRKg,"I love the app, great sounds! Only bad thing is that a bunch of the pictures don't match the descriptions.",4,23,1.0,2020-06-15 19:10:26,,
gp:AOqpTOGisPGw3w09esLjO6VhbcVPTZUWbYQEs1sENAjFfBXSdEeRkC3IyeyrXuRG1GQdS-knasW0eeaJSlQfQ30,pickle_boy 80,https://play-lh.googleusercontent.com/a-/AOh14GgTH5GK0GAGEaoexhxL8Eyq3EhTq5wlXTcea5bd,Definitely worth $3,5,0,1.0,2020-06-14 10:22:27,,
gp:AOqpTOH4VNiIM4m6H3g104LGDkU156cP-t5nQBWKxCr6dySygiC8t6PPgYxZQBMa8y951RLTOadWdI9yC-64mWg,Michael Souther,https://play-lh.googleusercontent.com/-jyKh_WnuQ-E/AAAAAAAAAAI/AAAAAAAAAAA/AMZuucn_qPcMCly4IU01epPgYsI4AJPwXA/photo.jpg,This app is damn hilarious and perfect for seige moments.,5,3,1.0,2020-06-09 14:02:24,,
gp:AOqpTOHOFhgdms5AY8s_Yn4YfMtlgPhzki2l9ZKeqSGI6_CL4HSSa91hXwPHWtxTFPYV0X-XMioSf-8G0EBx-NI,Your Local Weeb,https://play-lh.googleusercontent.com/a-/AOh14GhumoOQ5obSnPe-28gALvDIHeh685ZupCb0M_SUzQ,For all the memer's out there you will love this,5,0,1.0,2020-06-08 02:27:09,,
gp:AOqpTOFibkdG_bE8xlxz82N52eof3_hFIeJnUwpXTbCfpmvvWhO3Sw8GmOATi2qrw2KCyjHc9My4yPekF0yrivU,Jace Jacobs,https://play-lh.googleusercontent.com/-RY8C2GxchPA/AAAAAAAAAAI/AAAAAAAAAAA/AMZuuckZtonzIuKhia4SgocBqv_8mc_v8w/photo.jpg,If u made it to where my phone wouldn't shut off by itself that would be great,3,0,,2020-06-06 17:50:32,,
gp:AOqpTOHVz3iJJirnneLNp30ttKIHxhRFHKi5Xsb0IWDBaCsHUxo63BENDMQwd9R3qT83pA9TyPKij-yJu2A3oBU,XS-RSX _,https://play-lh.googleusercontent.com/a-/AOh14GjKcl1bx9eMewvl6CUG7Zi0__O5zBKD-D_zHExBgA,I use it on my gaming setup and now i don't need a streem sound bored,5,4,1.0,2020-06-06 14:57:20,,
gp:AOqpTOFviUOfLKRAvccwN1K5fXcQWxJwTH_aSVMe2VvI3t6tvQf1TxqclJXdgR947gNvsa3DTBFyNlH6wxOwhF4,Autumn Kelly,https://play-lh.googleusercontent.com/a-/AOh14Gja693N8SAwJ4DnSyviiz-UMuPS8-Net0yuPD8zoQ,"I love this app honestly. The only reason I don't give five stars is because some of the names/pictures aren't aligned properly specifically the ones under ""Meme 1"" otherwise the app is amazing.",4,35,1.0,2020-05-29 16:20:01,,
gp:AOqpTOGgR-fmkQ_c72hWNwHGbTW3Cq1KXvImusYmzk69fWJWJLKk1qStBk6TX3XUJyFSphNL-jRCiS_e3Tkpo3o,Purand Games,https://play-lh.googleusercontent.com/a-/AOh14GgmgQipIEANHbsrBKTYX7rn-tNCyRqRKVmgns9HVg,Very epic,5,0,1.0,2020-05-28 07:37:05,,
gp:AOqpTOHEKMoyOZCyLODITE0Pnlx4aaXLhlM2fcQMKor4nZ8amD8ecPEcbXu51mXiO-VhySP1h6dw8Cu1IM2J6T4,Tim Green,https://play-lh.googleusercontent.com/a-/AOh14GgIe_9pTJun4WPFprh0-CaZUe7M318avjkWnyDjIQ,Love it!! Hope to see more sounds soon,5,4,1.0,2020-05-24 12:29:16,,
gp:AOqpTOH8mOyMwPO7Em6rAchExD7OdLRHKS9jOFs77g0-aijNzMonlTZuNiOqCfgF75Ge49PZDOXtDaGkUGTlNAw,xelitegamer999,https://play-lh.googleusercontent.com/a-/AOh14GhT2npb19asHd5J51Wealfv20poM4pkr4_3Ixj2Qw,The last update made the button unlined so now I dont know what button does what like the directed by is now something else I n my fav,2,1,1.0,2020-05-22 13:24:37,,
gp:AOqpTOFUBNUixxbeJQmR305G3XzQgnCL-mKMeguledngkY1QgK2G7hQ53jjot0So_Ud4RoCEjK_UYrWERO-oiIM,Melanie Smith,https://play-lh.googleusercontent.com/-HqRw8pLEehs/AAAAAAAAAAI/AAAAAAAAAAA/AMZuucmKkRtpE66Voc2fDRAikFBzvCWqPw/photo.jpg,Gooood i love it,5,0,,2020-05-20 17:56:48,,
gp:AOqpTOEJTUnhipDrneFjDJ8ZYezjqzev_eIb2WaE1CgNwAG4gW9ef1kWSEzeJoAMM-lTVVyYiZt_bcZXupr8550,Uncle Pat,https://play-lh.googleusercontent.com/a-/AOh14GjSSUc4AfJRun1hKxwUBN82GrjF69kT7pI7Xukw,"I randomly add different sounds from this to my ringtone, leave it at the phone drop off at work, then call it from my office. I love the reactions I get.",5,34,1.0,2020-05-19 14:46:05,,
gp:AOqpTOFX-Hj2QF0VhKa_Xo_7x9nTMgHlBUC8o1m8U_zXVdCq5UUmg6jQqJufm6r7qb9cY30VYkyP8xnA85_YElE,Domingo Medina,https://play-lh.googleusercontent.com/a-/AOh14Ggc9jaw9hYgyVbBCYzMT9tFzw46NiR6CBdN0972sQ,Need more,4,1,1.0,2020-05-16 21:12:55,,
gp:AOqpTOEfSpZomk67mN4pUYevdMLztQbRx7fxWc7g4l7o_3cEYJqZ54YFqjWVfp_JzEoTYOVCL8_LZewliiAf5hk,Drew Dickens,https://play-lh.googleusercontent.com/a-/AOh14Ghh22vWtYbzTjPfquYsygjC31NEj1oAjm1H1MRlqQ,After buying the app I found out the premium version has all the wrong labels to the pictures. Gets confusing fast.,2,24,1.0,2020-05-14 22:25:13,,
gp:AOqpTOHOTjomAFw5iSPYFEZgN06nT3IF4S-uU7mN_ReyExsEt8K0HkNnKRjmmpE_InwDHUrl5oKEK7iz36rPKJU,Brenton Davis,https://play-lh.googleusercontent.com/a-/AOh14GgW6_mAgqprM3cV8oqCe-H7_TqJOgIl1-2eenrS,"This is my favorite soundboard app, just hope it gets new sounds soon, the last update was ages ago, and I'd like to see some sounds for tiger King and the dudes dancing with the coffin 😂",5,25,1.0,2020-05-01 12:04:19,,
gp:AOqpTOHDEsv8BKZMIQDaV1XuEZFr-PEXm9SginUjiWiedLpdogXuc3cLb8pOZQSXloqm2Zk4-u7VU4Ku02vvEzE,Веселин Атанасов,https://play-lh.googleusercontent.com/a-/AOh14GjpY5CIAUB5rHdzAl98Yv5963fwTHMOgzQgXXFA,Epic,5,0,1.0,2020-04-27 12:24:18,,
gp:AOqpTOExD3IaJr7wFggb4VP62bCvAUNmfWVc2mgkvhusE0P3X1RVKw1mBFtm6yPsCmKLHn5XfXSj01QCsed9Lus,Pandu_,https://play-lh.googleusercontent.com/a-/AOh14GigkA9rhKfc5ybgUobUJRImLjrHz7Lv6rtAX0P0KA,Best sound board but please ass more memes.🐻👌👍😷,5,3,1.0,2020-04-26 05:47:12,,
gp:AOqpTOHS3hIUdk0H404Aaqc2eOVYmUO4SRd_dm5KGIPKcOVtDjloPPw78l5mp6AcX4qC9Iw-2gcjzmpyXPL8MCk,John Wick,https://play-lh.googleusercontent.com/a-/AOh14GjWN26itzwgKREuxj6eB8R1JsGf-JaXE_wnQGQ6,The best,5,0,,2020-04-23 05:13:42,,
gp:AOqpTOGYnYlTUhX2q_U_tAUWjmPNWuKAqudH4RpAVt6L1MKAACxeYgJPJly2b7hgQ_f1lQqE7JQyCOuhcCFk9tU,Rapada,https://play-lh.googleusercontent.com/a-/AOh14GgWPy4MFEmioZgSRI1iwCCHTlLgIm1UGnjYMJ2suw,Works amazing with my car's PA system,5,2,1.0,2020-04-21 12:58:21,,
gp:AOqpTOHztOi-3_gpgUOMfrpnqBU3v5YnLQvQBEwNpAMT5X5SWldXMTP_r3zMQErDAOIxPwyv0FiemGKEn_2fwzs,Gabe AC,https://play-lh.googleusercontent.com/a-/AOh14GhWsdJF0PmNd4hJ5rhZIU_YDxJDGIXVxU17qcow,Great!!!,5,0,1.0,2020-04-21 10:42:48,,
gp:AOqpTOHXePDZjwgDLggpQpozVo-EjPVWFJbX9izII77wD5-Mydw76dLcmL7Tzumu9LLbZChwAmeCuMXfLANpuXY,Tamriel Forever,https://play-lh.googleusercontent.com/a-/AOh14GjC8_iusdqJdL6_TdlKuhUFpCxKgjbSBbNgAppUMg,It's a soundboard app. What more would a person expect?,5,5,1.0,2020-04-18 11:24:59,,
gp:AOqpTOFWDp1FecW7yv5Kn2PL3lUHD30gu5Ku0d1BtzKtajZkmpYysbc4T1LkVgcBsWUtzh9k-y0rmNFl6maezME,Frisk Dreemurr Gaming,https://play-lh.googleusercontent.com/-UnLGlJaZpZQ/AAAAAAAAAAI/AAAAAAAAAAA/AMZuuckN294Pf7jGxivxEBB_WBX2UyjzTA/photo.jpg,It was cooler in a way but when i bought it but it still wouldn't let me get the gold version tab. Honestly a slight waste of my money and I'd think it'd be nice to fix that. Other than that its got mostly different and more memes and vines.,3,0,,2020-04-16 20:06:42,,
gp:AOqpTOGa94xMv8q9qUbSZUQIsu86_B4ZJMNRdV3Bgk6o2KcsLJnvUUwP-6k9TVJs5gEBmJa_Tc8biG8EIHO_gRM,bradley mclaughlin,https://play-lh.googleusercontent.com/a-/AOh14GhiZftVXsuD_y_QgX2hVGAuukfcoMP5vM_-2nYpjg,Awesome stuff super funny honestly worth it if you use a soundboard alot like me but then again for all you know im a dog wearing a peice of bread hoping to bamboozle you lol nah its awesome love it,5,12,1.0,2020-04-13 23:31:04,,
gp:AOqpTOHGINVkzdIlyC9J-qiEz-jcUnP98Q_9v91uRTTWa-SiVSynINJxXmPTLMj1JkacarphX0SoYRF8TeYojeo,Auto meter,https://play-lh.googleusercontent.com/a-/AOh14GgHRmyRW0mMzmKYF4gFlAddO-3XqAPsf4YudzVb1Q,Cool man,5,0,1.0,2020-04-10 18:31:57,,
gp:AOqpTOEH1uVTMTb1j3LFh-71K8fGps9-yde9MRApVHUnBwQAvjSiw5yNs1zI5JQ59OuLAdj2dbKmBIvoWOSIDgw,stuart jordan,https://play-lh.googleusercontent.com/-VXMVmhSeY2g/AAAAAAAAAAI/AAAAAAAAAAA/AMZuuckqQFBIFbitjkkSOGqtRei4HiwYdg/photo.jpg,Loud and fun,5,2,1.0,2020-04-10 13:43:04,,
gp:AOqpTOHgABzUeCa0PlMm0bjLioSWoYaS654KM-Gr83IQDatwWCyXaDMQWMDF7MT2hFT7mD_Y6zuQiIx-zH1Lu3s,Dylan Schoon,https://play-lh.googleusercontent.com/a-/AOh14GjZAmgoBF7IHYtcsSbCtgrjeu9HJ60hJ5dVyeZ3Mg,Fun and engaging! Well worth your time!,5,9,1.0,2020-04-07 15:57:35,,
gp:AOqpTOGDHnCkiuUWHBfvOxN0zR1dz6skX-MPYGomSpj3AXRsupEVRM2LvAecHeNO0NZvV6baQm4HtNy6dpCs17c,Mr.Piggles,https://play-lh.googleusercontent.com/a-/AOh14GgSZJaRzqBkTB5TFosEtnjWXeO-_LphFBUUN1mJWQ,Loads of awesome and funny sounds this is great I use it everyday 👍😁,5,3,1.0,2020-03-29 04:07:06,,
gp:AOqpTOHMpcXp3IjiKRpeK6Ia5O8p_EahipmO0vHJm7s3-lTPWDGIs3xVByNTbIdiVH1QUfdJaDFn6TVHYQrjTsg,cleex _gummi,https://play-lh.googleusercontent.com/a-/AOh14GiRs38ZarBGXsdSvqt88k9MYclnhJfoEcXDU2fK,Would be cool if you more buttons like youtube memes,4,1,1.0,2020-03-27 10:04:24,,
gp:AOqpTOF-pz6GolcLAcqgd5GrjREYQhr9MjCi6CKQ1d8wuxnepAdMUJksHt9TuFpZ61t50mhPWSQb6wraxnDgUC4,Jake Lima,https://play-lh.googleusercontent.com/a-/AOh14Gjfkl1lZ6YTNPDF1Kszs4n8UCF89lkThKRWMnU7mw,its fun to laugh at and make tik toks with sometimes laggs,4,3,1.0,2020-03-23 22:08:15,,
gp:AOqpTOGuIK_g9ia7i46TXu7cSjqaON0ij9WtULAHJMheP-IwpMN6osI__5_jCM-WHt3IlfasuQWE51ZChOyEBcA,Bish baby,https://play-lh.googleusercontent.com/-KIRYomzEFcU/AAAAAAAAAAI/AAAAAAAAAAA/AMZuucl6bbRXrd_bfj1lPl73pkuep_OTnQ/photo.jpg,Top teir gangster shidd,5,0,1.0,2020-03-16 20:34:56,,
gp:AOqpTOHo1n9iOcIfjj3vvzmQ-AuXmdUk3vaAj9eYm63yEGI39MR8B1QtmZo3bKBfU1_R0nKwWs4mNHfgTBKXTWg,David Bobo,https://play-lh.googleusercontent.com/a-/AOh14Gge4iPd1hNvIjhBOrzAO6OKUUhAGv7yS433Y0Mwmg,Um why wont it upload the latest version on the gold? It updates on the one you dont gotta pay but not on the one you did pay for? Please fix,4,2,1.0,2020-03-14 22:41:00,,
gp:AOqpTOGyCAoBoLSYjigX3rDu5rh-19lxaLiuA1UnmD-PaPt3K2FdYVTp3Pfxo3vCWCAWp-xQEcr2b-gLKAadAUw,nexxtdwade,https://play-lh.googleusercontent.com/-1akYFMjeEOU/AAAAAAAAAAI/AAAAAAAAAAA/AMZuuckEcEn9PI4eytkpUDM4VR2P8HHIeg/photo.jpg,This app is simply the best meme board.,5,1,1.0,2020-03-13 22:54:27,,
gp:AOqpTOEiw6-2oHAOVLeXi_qLg7ncqe5AGMQ4tg__bILggw9urnSJ2fjg49T2ws44aedJ700g7biSxeghghCnLFI,tizz1 __,https://play-lh.googleusercontent.com/a-/AOh14Gj5OGp3J_Y8uxULBujZpb2r8Zr3felSTj-I4Qqo0A,A few memes isnt their,4,1,1.0,2020-03-07 14:46:25,,
gp:AOqpTOHdS_8U0n06VE8-Ztaq9sQLYMtU_yz8N7l3q0w1Rptr2AqO4LtBlxs9HZSBVwMVV7ALM3xJrVG2N1UlHW4,Greg Lyons,https://play-lh.googleusercontent.com/a-/AOh14GgqZQKH5R17_ij_M45024YV3EO3XedE4XxwoYsEWg,Good,5,1,1.0,2020-03-07 10:19:14,,
gp:AOqpTOGYM6M2t3UE-Rt3KFXr9GFYfhyWoVRGMOrf6wm_FCo4CL_zM7rXrM-Fw_HHYGjV30VsmVaYvG2CTHgUXPA,Nik Sam,https://play-lh.googleusercontent.com/a-/AOh14GjZZobC8iXLwx4UXNBdfdxvJitPjREdVKw0H_No,"Love this app it has all the memes I love. God Bless you for creating this, you're doing God's work.",5,4,1.0,2020-03-03 01:05:39,,
gp:AOqpTOGih8r2TNwUdT1ZepVtDcB3035gx8DV5rkVVwf5WbjuYkU4GYWw79wOWTXscZoTjW4g1A_dJ8-ay4YzjhE,Andre D,https://play-lh.googleusercontent.com/a-/AOh14GiFOhVQ60WFImqG45iqOe-Ou5T4ZVwG03P31AXf9w,5/5 super autistic if you're lazy and need meme sfx pay this fool,5,1,1.0,2020-02-29 20:57:06,,
gp:AOqpTOEFZ-mIeLiYDL1QdCQ4k2qvZnj1uPTbyIIkIh8ZIgtiN0SY04R6gmQ8RhROWC9KDY0p6T5fMWWS14u7o30,Nektarios P,https://play-lh.googleusercontent.com/-_WIwtqF_U0c/AAAAAAAAAAI/AAAAAAAAAAA/AMZuucmDFiRh1o0yB87Tt3_KavsRJoffGQ/photo.jpg,"says ""cannot attach"" on text messages, please fix. after a month not fixed and no contact from developer , reduced rating to 3 stars.",3,3,1.0,2020-02-27 11:00:04,,
gp:AOqpTOFLJWeCtw86oUoaKsfCPs8_dWNsCAdIvzFb6R6Hp3U91kUFWVIZz_IQLOSCqaYIlWYB3UnOkUKk-7ABxuw,Cody Hawes,https://play-lh.googleusercontent.com/-gDOnuEeCA5o/AAAAAAAAAAI/AAAAAAAAAAA/AMZuucnbWloegXqhcBQOi55ghuJM7R6YDQ/photo.jpg,"Please add an overlap feature, perfect app and I love it. Got my memes on the go ;P",5,2,1.0,2020-02-26 12:06:35,,
gp:AOqpTOF9XdQ0WEN3Fyb7rTyO_tPW8qHUBeOlRCJ1nDG8UgUY6OvtQ6UBY9ScUYwJvrnB8apHV4oAcet7_gVZImI,Brenden Spears,https://play-lh.googleusercontent.com/a-/AOh14GjbkzbitDt_RAq6R4smrY9tXu1Cn9qMA1R6xmtPEQ,Absolutely amazing and you can request new sounds to be added they're really good about it too seems like new ones are added almost daily! Definitely worth it as someone who uses these kinds of things alot,5,23,1.0,2020-02-23 19:06:06,,
gp:AOqpTOHpwaakx_rFO2PfJeEBa8asWN3feLRdnbRF82QzAXYrsbk3Afg27dssPXcwNG6kBYLDiTEZ00rJVmlhgG4,Justin Barrow,https://play-lh.googleusercontent.com/-N0mDECci1j8/AAAAAAAAAAI/AAAAAAAAAAA/AMZuucl9BroTfJFvePV2iDM_I4A7Fkk1Og/photo.jpg,Not the memes that I wanted I went back to refund it wasn't there I WANT A REFUND,1,4,,2020-02-16 01:03:07,,
gp:AOqpTOEDrzrsIa8QUzlTj8I84hye5oWVuZJC8rlBfiI7hIvR87925zYW1KJIMd6_yknZExnnfh20GqhJqsf0_-k,Brennen Bailey,https://play-lh.googleusercontent.com/a-/AOh14GjdrEYfC5NcivVWHfKJB_HRHfRQNL5Oq9DUBL9Fgw,I wan tmfxu,5,3,1.0,2020-02-10 17:05:15,,
gp:AOqpTOFXa05W8gROTRhn4sIGEXSuFBzFTDK0ipmARWoH9-yd9G-8AlUeNksKupJ9HUKBLng8FF1oNJZQQWACLaw,Alckadum777,https://play-lh.googleusercontent.com/a-/AOh14Ghslxa6LiGAE-p7b7yF2CtXw8nSm0N2_gFZdZqA,😁,5,3,1.0,2020-02-10 08:53:04,,
gp:AOqpTOFXXoelukgGh78ktYWAOobqBslXqw6pmBrMPPKo_4VZd4L9Y5H5udHp6ucjUkbGrXt-m7GMGe-jP0E7ID4,Region 39,https://play-lh.googleusercontent.com/a-/AOh14GiRrIBhZ8uDULw202rlLEccP-bCWz5EfbHewrJe,Hilarious! Best soundboard. One piece of feedback though - fix the compression - some are super quiet while others are super loud (the somebody toucha my spaghet is waaY too quiet),4,19,1.0,2020-02-07 22:32:43,,
gp:AOqpTOEW4qBwoNb7S7ELyAmRTvk89SeE9LYj8F0YSq_sBMvmInNMa1tN9KkEpyuP5wY2e36rrRYiGyfPBSjYqTM,O7 Vids,https://play-lh.googleusercontent.com/a-/AOh14GjoG8U0kHnhR-ZdoUqWW5B-mT43O5JQDTIrfElN,Love the app,5,1,1.0,2020-02-06 20:44:08,,
gp:AOqpTOGOm3S9iSS_CYLyorghDLxctnuIu8K86-kafeSL5p1tmW7N8eh8tGX2y18UKReock8FPDwNReOX7Pv3MR4,ST Gaming,https://play-lh.googleusercontent.com/a-/AOh14GhsYL9saMdb2fVMRMTPwDmqvi-dZcA_QU_BDTDp7Q,I love this soundboard but the only thing is in the recent update some memes got taken off 9f there and I would love them to come back on there,5,4,1.0,2020-02-05 15:00:10,,
gp:AOqpTOFK6IsgQiBJTObR-UNh-8XANFy85LHKxnHHaTHaMhXohn1LZTmlWIHxrlhNU6nmVbPSZzfV4ZSQ0GOdBFU,Dylan Redacted,https://play-lh.googleusercontent.com/a-/AOh14Ghdy-cJTQw-Dp6qVSH0Yhdnpz06t7ErneA_GrtU6w,"Latest update screwed up favorited buttons, they'll play the wrong sound bit or when trying to add the app will tell you it's already in favorites when it's not.",2,15,1.0,2020-02-03 20:05:32,,
gp:AOqpTOH0JSTaJcUuSrQ_cI2dyDY_MpV6nSNwxdLfy9IRAr9zAm1WzKojGqORK47QY7XZmBW-rqAldvr7x3vECxE,Liam Badenhorst,https://play-lh.googleusercontent.com/-PukFFgiWuBg/AAAAAAAAAAI/AAAAAAAAAAA/AMZuucmbpWo3Cd4cemKk5MwKOfsqiGTV8A/photo.jpg,Awesome but.... It doesn't have all the memes but still it's awesome,5,3,1.0,2020-02-02 20:36:17,,
gp:AOqpTOHDOJZzUCr6wL2249BNbuy9yQ4CcVFdjLWZQj914j61NuNLB5Mew0Jsj3NoLzpQkXRD8HHsBGU9QMya74E,CrustiCole,https://play-lh.googleusercontent.com/a-/AOh14Gi5ZMmRWoW96wwcLZSq71_Tr3jp_3ESwH1bBtzu,I hate that I have to rate it 5 stars to play it but I have to,5,1,1.0,2020-02-01 10:44:06,,
gp:AOqpTOGDrYTJMW1aJcYoHXH0XjhCA1AQd756el4tkCqOFyAcwCIKMZureb6-0ETN7IsOIexMrigcRCMoC_5Yy60,Reece Rolfe,https://play-lh.googleusercontent.com/-XJpnyd8Hwyk/AAAAAAAAAAI/AAAAAAAAAAA/AMZuuckJHXIJuKqPOS4tUEN09CeQrLeO-Q/photo.jpg,Its the only good soundboard i know,5,3,1.0,2020-02-01 05:02:46,,
gp:AOqpTOH_9O3sCsRMzbB4q9gbu24vUdWNs8RqDSYP5jIwWTSHeponMMG2-6_Y9Px1iYenNlEpKGX3xUAddiL_f_I,Orange,https://play-lh.googleusercontent.com/a-/AOh14GgPtjiG_45pJout-QAkwQA3Dlpwm1YRFYL2tsn4,COCAINE RUIN YOUR BRAIN,5,1,1.0,2020-01-31 19:10:52,,
gp:AOqpTOFlAhUZWvZdpwQQWuzPOEe5Gk64l4yr2RNeNLPIAxfyjScQDh7X7DvXYJaFWaGc4ecRplYKyRTw_CoEumc,Dagger Wilhelm,https://play-lh.googleusercontent.com/a-/AOh14Gh0Gjpn8d4c3Hx6_xdWEvXmhFnT7lhxGcQJOOVS,I'm in love with it <3,5,1,1.0,2020-01-29 23:01:37,,
gp:AOqpTOGTnO3iBT5Unzmdn-PesaRneJEAj-SOMLg62MrbfL-YTDSHeBFpodFfYxN9iahaDpyPRlj8ibXZZHFyblc,Riley Richardson,https://play-lh.googleusercontent.com/-KON_d4X4hKE/AAAAAAAAAAI/AAAAAAAAAAA/AMZuucndUJZA-sYgzvu0HIClpkl8s2mdww/photo.jpg,Hilarious and it's great for pranks,4,1,1.0,2020-01-28 15:20:42,,
gp:AOqpTOHOz2wp2b4S1n4HcrLQSY0NAhEE7_9PBtiHCstT1Y2nmkt3esgLbzy-8KP4lei9YRMGNcLvbzUGfyndBhg,Clayton Harrison,https://play-lh.googleusercontent.com/a-/AOh14GiQ-2NqpKFvgjNqJNNCCgFDDrcL6m7R2qrlR3I59A,Brilliant. I am a comedian and this has opened up so many new avenues for my show.,5,3,1.0,2020-01-28 06:06:03,,
gp:AOqpTOE7gSpl7EnEsN6I2roVSjhH_B5myS-7xNCCSRltpLq6h5rrPRgmbRz5mFDMsKFi3BtSFsPu9G9aGYzWJcI,Seth Jones,https://play-lh.googleusercontent.com/-VMYoPS6xrJc/AAAAAAAAAAI/AAAAAAAAAAA/AMZuucmx8vsL54fiQ0UTgQUjhed0tH0QQQ/photo.jpg,Great resource for meme sounds and notification tone's,5,2,1.0,2020-01-23 02:23:25,,
gp:AOqpTOGTUWlA2y4gcAk9YQHG4bC5PnC3ZpibiDlfApiufYi9Df4_0lAYem8_ksf0C6EWKMzTdl_HD7FTi3cmrEw,Hnplace,https://play-lh.googleusercontent.com/a-/AOh14Gih2dDn1PGV48pDKkAD31HWsQ1rZqXG_hD00ct6wg,R.I.P VINE #doitforthevine,5,2,1.0,2020-01-20 16:54:45,,
gp:AOqpTOFEp4NJTVMNOorS1oHLHbUMTKfVwRlrMAQZ_cMfbZi-St-A1NLyXNuvJxt5gusND1XJ5SaZ-gQ6_wTFLtI,pikachu32,https://play-lh.googleusercontent.com/a-/AOh14Git6plIAmIU3VlD1E_M6nWbHcDzL9_37wBg64qQJw,Epic but if you get the free version it says gold 1-4 but it doesn't say it in the GOLD version?,5,4,1.0,2020-01-20 06:00:01,,
gp:AOqpTOEILrQ8URF4LWA2C-JtMv0k8NKicZL3KTxQ6MnGXVxdodnmqUY0ycn8maooHEYQzVOhavRp8IbvtJiarHk,Owen Gamble,https://play-lh.googleusercontent.com/-rxYXFNugGoM/AAAAAAAAAAI/AAAAAAAAAAA/AMZuuclM27Ej4k7g4Rz7_kUmDMVh6NFWew/photo.jpg,Iss good,5,1,1.0,2020-01-18 06:50:40,,
gp:AOqpTOFuOxuLv2EX9XCYYZbJy11XSUneD3HI-jzg9pQ8b0zNFfvCYExp4-_fo6Tpj1AeZOmv7Eqkm7a3OVnDEBk,RedFIREFOX 2491,https://play-lh.googleusercontent.com/-U0NiXotrDP0/AAAAAAAAAAI/AAAAAAAAAAA/AMZuucncU_Gc7upvwzN86VDaTkBLpkfXLw/photo.jpg,Love it. One thing I would like is to be able to separate them into categories.,5,8,1.0,2020-01-13 15:24:55,,
gp:AOqpTOFbsWicLA_YyuYxC6DRKj79RI76-4R-l8lleObfKChvf-y7VVOH6KfCmrXfqm-jPROmXeKSlWQEF3B6Wvo,Blake Ellard,https://play-lh.googleusercontent.com/a-/AOh14GhdQx7rlrdwxk_G5fCaWL4dwNAJrNo_6anVSHkzyw,I love this app. So many good sounds 👌🏻👌🏻,5,3,1.0,2020-01-11 23:45:20,,
gp:AOqpTOGWCfz_R_yq4304q9jBl-xnUDsQw4SORM9xlx5-TNSQw9Zuf0tT9-XojhA_We-arYjX_35cFNd2FDA3mKw,billy Cook,https://play-lh.googleusercontent.com/-O05Eh0xIkLU/AAAAAAAAAAI/AAAAAAAAAAA/AMZuuclpJipja2UQzO-oN8Lji7V1DUzajw/photo.jpg,*click* noice,5,1,1.0,2020-01-10 03:54:47,,
gp:AOqpTOECsiCc7tk_ECIlRsG39g8nLG6QiV-D9YDTW_-5dh7gCxfHLHPWViziawtCZ-r0_Z2DcyEWITFaaNeI4Hs,Pamela Swager,https://play-lh.googleusercontent.com/-kZSlhLRy2Kg/AAAAAAAAAAI/AAAAAAAAAAA/AMZuuckZNE7NeI40rYRzzuOgPBWquHKD5w/photo.jpg,Lovd it,5,1,1.0,2020-01-05 15:20:17,,
gp:AOqpTOE9nwMsfmMGcvXfCei5UQAD6B6Qhv4ujYBp99KL0wUXfV5wvT1rp2gB1lKWJG-iTd8tvqfHWSrD3PgJ5Yo,Mr Aziz,https://play-lh.googleusercontent.com/a-/AOh14GhWptE5P2APgRlbUE7FDfobp4-DoS43drj95_ut,This is awesome 😂😂😂,5,1,1.0,2019-12-29 18:01:43,,
gp:AOqpTOHlD5OZYmQr2CkTL_bOBs3NsNEjHy7HWZ_1zZ1AYSoBmvYuSVQwo6kIARQeIuD5aPqajXg3J80x_fEVJIA,JIEYZシ,https://play-lh.googleusercontent.com/a-/AOh14GgBvpqLxNhVOLnvyHZn74XnDdzbyp81_4X7A0tLUw,I gave one coz the price is too expensive,1,5,1.0,2019-12-29 15:52:38,,
gp:AOqpTOHSXvkuXgA7tBYubIBvlo3cmR_37ZrDfIAJs6daVjYssZvmhhUuEBbmfsF4TAw1fAcgY9iW_V52chs_kK4,Keegan Kramer,https://play-lh.googleusercontent.com/a-/AOh14GhibqhCcicZBgvvweXODDmUHxfjFIcnVYt_G5HgGA,It should have way more sounds. Add more sounds,2,11,1.0,2019-12-29 09:30:29,,
gp:AOqpTOFeGBlaJpyIw6yThnvV2q_hbqOJ9twuUOmiG6B8wt7JLuTpk9hrbbF6sSJcDqmiF5qodvurDkMHlEx2-Zs,Alex Jones,https://play-lh.googleusercontent.com/a-/AOh14GiqwI6WYVfU9sVLmCAU91qL0PEPhx9VLzdad9H2,An AMAZING app! It has vines/memes I was sure it wouldn't have! I bought the gold version not 5 mins after downloading! Nice interface and helpful favourites tab. 👍👍👍,5,21,1.0,2019-12-26 13:29:57,,
gp:AOqpTOHVs9wm61l5XBqbkSh5dABYQwJ7RgVTWaMw-LOfMy_PJPI4eKCfaAzFvumkZ004ydn4IK4a689Ci_R3zNY,zak thorpe,https://play-lh.googleusercontent.com/-PDS_6nOy6jI/AAAAAAAAAAI/AAAAAAAAAAA/AMZuuckmHNvj2yz_8Jcy-0ybup13VSFidA/photo.jpg,I love it too much I have lost many friends due to this app and I'm pretty sure it's why my parents split up.,5,2,1.0,2019-12-23 14:05:45,,
gp:AOqpTOEZgMusLAd9a84W4gYkwAuW7Cq58UH0I4X-jidWmnRrW04HkwE-s3KFbTpSSfowZHGGk6d0QzTQWsypvNY,Vodou Dragon,https://play-lh.googleusercontent.com/-PboYM_GpDTY/AAAAAAAAAAI/AAAAAAAAAAA/AMZuucnkARnIcp0C0yPoDAZrcamrR1AK6w/photo.jpg,Great variety,5,1,1.0,2019-12-23 10:32:20,,
gp:AOqpTOHCHgJvG-qRKchnuW_dmPiTAVKY9NDI2QErblAsv-rSnfb6DbpeGUqTtNf-VSQemQYX3_LnNnPluPvLbg4,Christine Barnard,https://play-lh.googleusercontent.com/a-/AOh14GiA8llfBjC20l9A_1XQOJKO3s6Fy-WvoZKdPAw1hv8,Good crashes on section 7,4,2,1.0,2019-12-21 15:41:45,,
gp:AOqpTOHhhq0e3mBnQNrf5xZuZutGaXjzRqhDiLriyXyWUopxxWaIHKjEcfdNTfL7X6l7udi5kxS7B6vSqDC_1Sc,Christopher guerrero,https://play-lh.googleusercontent.com/a-/AOh14GiH7CUxt9uq6YbLJLnWmrGwB1aL9OjnrrUSrqlwmA,"Amazing, best $1.47 ever spent",5,1,1.0,2019-12-20 17:10:56,,
gp:AOqpTOEzkOzz6zdL5C7YavYiUn0D-QPibAuIfZbGI3cZy8c3D48jl8tR7SAta12tArcd9sHE2sBMEIh8qPAliao,eli skrastins,https://play-lh.googleusercontent.com/a-/AOh14GjOIy0DATmz8vIdVlgztIems1yNPa8KfPJIESUrfA,Pretty damn good. Would love a favourite section,4,3,1.0,2019-12-20 11:44:19,,
gp:AOqpTOEcZogoAZ1ZwAaF6AqKDaLWHibsXfU4RgxbJWfOg4mhTVHdKaNQn9jbshJ09xx8_Kveu4pe-f_hCYz66d4,DBD BANISHER,https://play-lh.googleusercontent.com/a-/AOh14Gh-mmQdeYKkKdSvIc3wFLllvIkPUzBzdLt1gQeE5Q,Great but I need the fitness gram pacer test.,5,2,1.0,2019-12-18 15:29:41,,
gp:AOqpTOEmHMD_Gqep5oUSS-A8WS8JYnYIOuHDsobzt79n-biRcEWy8CxgOG9PmoinDsPsUTX-6ib40WmvPm3Kdfw,Jacetheace Richardson,https://play-lh.googleusercontent.com/a-/AOh14Gi9DdZfpFQfW2WNo_lwCV7IbgnNaFDvgHQYkTjqFg,Cool,5,1,1.0,2019-12-16 14:22:20,,
gp:AOqpTOEX0dH7xUuV-t4VaTxwfeFiFg-uTcooasq9sHF4dfpkp4WB15hejl3cNEXaejvDyyjEXHWxc3qMhmglYcE,Tyler Smith,https://play-lh.googleusercontent.com/a-/AOh14GhvL8vk5_K6q_mR62nxOmem4fOJLx6AAsjzFHAt3w,I love this app i use it to troll in call of duty it has all the popular memes and its cheap.,5,6,1.0,2019-12-13 22:12:01,,
gp:AOqpTOEVJeNLTQLexc_1xIFYx2wzGaiKAST_woPvSjZEFX2AiTqNKvST5KZ_oNVajfU9nnRNNRAeyMi6fREWY9M,Michael Mowery,https://play-lh.googleusercontent.com/-H6_FSDzNaGQ/AAAAAAAAAAI/AAAAAAAAAAA/AMZuuclQA2fg-msllh0wSETHtWWbcY2F-Q/photo.jpg,The fun is over 9000!!!!!!!!,5,5,1.0,2019-12-13 21:00:45,,
gp:AOqpTOFY3HCgDZQZThpva45lx3WsL04q5wFIlygRVYiYdDChvPri0vrL_OSlNURhGboxKkXQifGRCTmn-QU19M8,Lynn Nevada,https://play-lh.googleusercontent.com/a-/AOh14Gh9Fx9d9XSnoJ1uTkQgcFgvcRcZXuB2HW0T5dcqjg,Its so funny,5,2,1.0,2019-12-13 05:22:27,,
gp:AOqpTOFWwvstSl6kzeNEf8JXoyQMjnOx5xo8zwvUZnF10zHD-2WQvS7JhibHc5ND5ch597Jmgn3MvzHE-Us7j4o,oliver oliver,https://play-lh.googleusercontent.com/a-/AOh14GgTMShcsbnA903LcMRKgwqcKr1bxleH58ArraZI-A,Pretty gay,5,3,1.0,2019-12-08 10:50:12,,
gp:AOqpTOH-J29m_03_p1EoQo2coNlhuR1YnMuFjSjTD4vx3UlEUpC5DDkv5RGg5ite0EQBpiPd8IXPMOGUMc8ZSjA,Dominic Kaufmann,https://play-lh.googleusercontent.com/-GxBEP3nv6kA/AAAAAAAAAAI/AAAAAAAAAAA/AMZuucmHqSZS4ySuZx3FMaxuvfYjfJAntw/photo.jpg,Much meme such wow,5,6,1.0,2019-12-07 12:31:38,,
gp:AOqpTOHo5W_D9eUlrPFmrcUoNdJGamUkudmkHhI3NeXfzlDv3rk7Ksm2pS9XqAYC4BVqh1lKbuq6SixxpY-tzF8,Aleksandar Jovanovic,https://play-lh.googleusercontent.com/a-/AOh14GixY5_ksGgkIZsNhlc4R55m0JOtF2vTWPqNjsC4Zw,Tha best boiiii,5,6,1.0,2019-12-04 02:42:05,,
gp:AOqpTOHEBc-L29bIV_DvYsuPMYJPrzEJVZJlcfpSVtNC805Feyhn3b2AZXoFTf-GhqJRDOPEWsO_IZCSLJsLos8,Avanti Gutierrez,https://play-lh.googleusercontent.com/a-/AOh14GiHyvBqAE3rmBX4Y5EGOGA94JrkZpW3USpGhE9i,Amazing,5,3,1.0,2019-12-01 14:27:50,,
gp:AOqpTOEKrSCOt6BnNI8Etfm66hKHO1RArf_BVfsHCLhuWhbjBKZvH3hLEpk0NP6FNw4FcwN67N0ANWa7lxishok,Nameless 261,https://play-lh.googleusercontent.com/a-/AOh14GjRTGw5wjbbo7WKjR74Zfmi_du_GkCxGcRszVnG0Q,"It works fine now, it has some good sounds but misses some other memes or vines. Nonetheless still a good app.",4,29,1.0,2019-12-01 01:41:27,,
gp:AOqpTOFUasJQC2QYPDbAH9UaL9Ck1FeZw03pl2BRRgR6kHdySrzxA_AoEWXXDGjQfy7CWaFZSatDGqdoC8TxaIs,LynnSwan/ Swan.,https://play-lh.googleusercontent.com/a-/AOh14GhgvmZDnrk9-ehMxOMkHFiRzwqJF_kZ8TrqBuWI9ug,Like it,5,5,1.0,2019-11-27 18:43:13,,
