reviewId,userName,userImage,content,score,thumbsUpCount,reviewCreatedVersion,at,replyContent,repliedAt
gp:AOqpTOFQ7pEPMKyw-x4Sp4QpwuYsVxDoFStjSFHbrViHJRkTS0QLWRhJdJe7v7K342CqfGVuFq4kgKJbUyhaVQ,Pallas Athena,https://play-lh.googleusercontent.com/a-/AOh14Ghh6NCkZLAtVPqqbGn9fbrPLg_jneAyFY9jtJU36w,I love it...I love it!! The graphics are cheesy but that's part of it's charm. The storyline cracks me up! And I love all the food choices...it's just crazy fun to play.,5,0,1.2,2021-02-05 09:38:08,,
gp:AOqpTOH767GI96tdr6oO6OJEAXnzte6rSByyeH8aJzC2Q8SkuXuZK08_iA45YhdcyCeJxhiSugltaRMVG1tRKw,Spence Latimer,https://play-lh.googleusercontent.com/-ig_Xyzb2xQk/AAAAAAAAAAI/AAAAAAAAAAA/AMZuuclyzwE4OnKLtOSUrmlZBQm9W_SfQQ/photo.jpg,Awesome game! When will you guys come out with another one?,5,0,1.2,2021-01-28 10:47:28,,
gp:AOqpTOHAfrKS0F6JM6aM4RYBY_sQOvdly3YlDJlVJ8hC23jRqzxfmLIc6-czxEsoa0fvpOO9FERK2Nenrb4qBQ,Donil Walker-King,https://play-lh.googleusercontent.com/-Og9c44jifVQ/AAAAAAAAAAI/AAAAAAAAAAA/AMZuuckPUUv5yrqmg_BCp7nEYI3PMLifyg/photo.jpg,Addicting!,5,0,1.2,2021-01-24 09:30:57,,
gp:AOqpTOG53F35qChJnZTSYyfjJgIVDH5lNYoeQwTHbdEkGgcgS5G-OkeKDsJ1IAurd-0AsTrgdWHtVrj_0LVpEw,TweetyTaffy,https://play-lh.googleusercontent.com/a-/AOh14GjwKp2dIKceOHdvqzvkOnlKxqHVZ_cGe9UisNeWMA,The Best Burger Game on the Market. I Enjoy it.,5,0,1.2,2021-01-18 10:48:49,,
gp:AOqpTOEedDC4bsqQBOW4s3J-chZkVJ5LMw1TzqC8ypgQs3AYVZE5V4lRjm7GCAzE9ppQOfVIJFV2upfPkq1d1A,Justin&Kristina Porter,https://play-lh.googleusercontent.com/a-/AOh14GiNojY3apn2edGczyr8KkXD2fX7-_-c_rmC9uAn,I will always love this game!!,5,0,1.2,2021-01-18 09:10:53,,
gp:AOqpTOEksodLpaUEkxpsQ46rt49Gxil-R4m8IJCghI56ajsqPwi6cdxzYEhylCZluxTrG9vhQ71bowzXoYXj7g,Love Mystery,https://play-lh.googleusercontent.com/a-/AOh14GhRlhTJ-cyE9jGX8NZZx79ZH_4fHPYu388mF-dAKyU,PLEASE UPDATE PLEASE UPDATE PLEASE UPDATE! OMG 😱 so freaking excited they actually updated it. Is the best NEWS sinceI was 🐣 born ❤😭😭,5,0,1.2,2021-01-07 02:55:41,haha!  Thank you for the kind words!,2018-12-13 12:02:26
gp:AOqpTOFIsU9VwBdFX-A3zig9EB5whAj6vUaAHhC42KubDF1WUIHqx-jG81bKWBbTls3_Pv29G8ClOsOnifqTMA,Annie King,https://play-lh.googleusercontent.com/a-/AOh14GhsHNk7hBx_MGkYP2fG9Mu9JEpk7dUFyjlN_21nKQ,"Very nice game, I have been playing for days and really enjoy it :)",5,1,1.2,2020-12-30 19:42:01,,
gp:AOqpTOFIfipvWjswJvdfC5hP1Ay-y-ini8Amowq4kjJ0pe0Zd2ZYFXIZEsLOn_0E_NdvHKMURC1kc5idGkA8Dg,Alice Johnson,https://play-lh.googleusercontent.com/-bX6-B0AIkao/AAAAAAAAAAI/AAAAAAAAAAA/AMZuucknpL2g59XJjwy4iF_VPOXCSQXsBw/photo.jpg,I like this game,1,0,1.2,2020-12-30 07:07:23,,
gp:AOqpTOGCQ3jTfZIllWgpdaB7OXwPI4x5QKHOi928b_Kqp9YDsF2ZE5qymt8wza6RxRyjnaZX7waHLR20tLzqlQ,Reima Rie,https://play-lh.googleusercontent.com/a-/AOh14GiyRTS2KkeO692aQKU3k64hyQIGfgX_iCQQuVtVIA,Love this game! Especially rest mode!,5,0,1.2,2020-12-29 16:58:46,,
gp:AOqpTOHqFywo16_y0tJ-GmCE0r-qdQVPuibJcfAxiWIC1aTeX1dU6VXtYhld6zQRvidB-ZPTsMIX7t-8Jk268A,Rachel Anderson,https://play-lh.googleusercontent.com/-Lo1UgibtMQM/AAAAAAAAAAI/AAAAAAAAAAA/AMZuuck3AfU-rBEQtWT7-yk4GU-o5GQ2mQ/photo.jpg,I love this game- keep coming back after years,5,0,1.2,2020-12-22 22:16:09,,
gp:AOqpTOGI_t00fxsbFhYv2aplxdJVgMwl2eTHCJed4gyb1Ka3PiIOB5NWb5xlPMQutJfT_pzaj9AAqucvVWfwGQ,Gayle Steel,https://play-lh.googleusercontent.com/-lbwsrUmSo_A/AAAAAAAAAAI/AAAAAAAAAAA/AMZuuclQAYJzg-nV79Cgz2Tk80i_l9yrQw/photo.jpg,"I have come back to this game for years. One off payment, nothing else needed. When I say years I mean yeeaaarrrsss. This is a game I played the first version of on the pc and NEVER got bored of. Highly recommended... No adds no lives.. No money for up grades. Just skill..... Sigh I still haven't beaten it😏",5,45,1.2,2020-11-17 11:42:21,,
gp:AOqpTOFLhe3GRjSU4ozWwewPG1RmYEvc4PKM331hfno2ZIbMrmE7bnOsTkvuKbvB4hOhRZFkL2Hg0e4Q-WNA1g,Misty Lackey,https://play-lh.googleusercontent.com/-SCvVpFSPSR0/AAAAAAAAAAI/AAAAAAAAAAA/AMZuuclYJ4LUDlZENALWRbuu59A6RVm3Ng/photo.jpg,Cool good,5,0,1.2,2020-10-27 15:13:09,,
gp:AOqpTOG-F3EbKBvLkthLanOo0rA5nDYBbWA1JMenOga6ZLXm4Z_IsR53COhoV3YLuqpLM-gUbSNSxjWv71cTAQ,Jasmine Ford,https://play-lh.googleusercontent.com/a-/AOh14GhIY5_qSz9ZvhKaShNCWpWD5yI7Y_J0M1cf2Ke78w,👍🏽,5,0,1.2,2020-10-16 23:22:10,,
gp:AOqpTOEPh_OCZyKoGq2ugUFf-9ELzHu1j75uixXSNjEWyjU4BHu0_FE3Zm6uxPmwxmd1cs_Ee_xswGG-nbstew,Tricia Sims,https://play-lh.googleusercontent.com/a-/AOh14Gg6JvJflK_n-n8R_iHj_0CpuSfwYRB3NVy8exH4uw,Active game. Keeps you jumping.,5,2,,2020-09-24 07:26:41,,
gp:AOqpTOGBjhgfEx0ZS1VosVfNMUNCbde_xezGQR3WErL4AKFoNXaCIqdSL804oN-4cZHb2FyuesjzxR4gnWH51Q,Rupali bhatnagar,https://play-lh.googleusercontent.com/a-/AOh14GjROAlVf-XpVY6wMICe33IM0pk1M5Eu97bwJChc,"I've played this game for around 10+ years now, first on the PC and then mobile. It's worth the purchase, haven't encountered any issue with this. Non addictive and time-pass game, would love to see an upgrade of this soon! Looking forward for Burger shop 3 and more!",5,34,,2020-09-16 08:45:21,,
gp:AOqpTOGbARl8cmU9ir2LGusdrg521Th8UdXEd6wCto5KSE8lHFEbMG-USStsRb9pNaGME6vzB8ZEs2mYUAQIaQ,Adam HANCHARIK,https://play-lh.googleusercontent.com/-8xmb3g_DwJY/AAAAAAAAAAI/AAAAAAAAAAA/AMZuuclXQDTFFQgH87_xyZ6T6RF7omByTw/photo.jpg,Its an amazing fun game.,5,0,1.2,2020-08-23 18:13:56,,
gp:AOqpTOGNzxN7_c51HxoS6DCIwhOIFI_z1SGQ0BttbwdsYOG02mP6IpFgfdwtv8l68vTjsVdeHa7q_9ZB4y57DA,Luis E,https://play-lh.googleusercontent.com/a-/AOh14GgtCFQ_5QxlWMDQOe-JhcP-pzc5UwNfTZ_jsi-i,"I used to play the original Burger shop and the second on my laptop and it's great that it is now here on the phone, I have a much better time clicking😄",5,14,,2020-08-16 13:17:05,,
gp:AOqpTOEkn7I8W5M9xz2en6Mw4Qwt5sPkGnM-SMLnXndohEVXpGcllALCSeWZwNzl3Kym4uZwA866m6CZ5eN7Qg,OhShesPatti Cakes,https://play-lh.googleusercontent.com/a-/AOh14Ghk5-Q8dr--FRBaMyO3jcWHvH76gzLOateDW7WXCw,Nice game,5,0,,2020-07-30 22:04:21,,
gp:AOqpTOEI6247qKwMQyR2FwF68GE_kzCCkcUJcUaNH--DhJk0vOpUJhmEQ4x5Fzsgb-Pqon4VS9dcH93Jw2pp8w,Darcie Gonzales,https://play-lh.googleusercontent.com/a-/AOh14GjPnzBPTAIJPGUUUBIkTgila2u-LQ7vsrS9ET4oSw,"I love this game. Fun, nice increase in difficulty, fantastic story. Originally played on a tablet but it's great on a phone, too.",5,55,1.2,2020-07-26 17:39:55,,
gp:AOqpTOHKL20Q617BZjEu9FRry9qvp9RdVfaHjkU5fqvS2iFbHXRYGZkJHik4MjjHyh7IWc4qrT2-UOpp2cZ13A,Christi F,https://play-lh.googleusercontent.com/-s-5O8NqIebU/AAAAAAAAAAI/AAAAAAAAAAA/AMZuucmegHJAh4TI_eReqovlC7VUEP0cTw/photo.jpg,"Amazing game, i can't get enough. I am really hoping for more levels, or a burger shop 3. But until then, since I've beaten everything with perfect, I'm going to have to uninstall and reinstall to play it all over again.",5,82,1.2,2020-07-22 18:41:07,,
gp:AOqpTOEzq6gjf6CGQTok1HxvF2SGeUDsSD4o2RSaPHvbMeBkpbfAdu1fzX72qB76a-HZPeGIMu084XHO1qUoZg,Corey Brown,https://play-lh.googleusercontent.com/-7bKwHzhqiDs/AAAAAAAAAAI/AAAAAAAADyA/AMZuuck14Na8SZkaKzO5XIHlqKfRout5tw/photo.jpg,Challenging but fun,5,3,1.2,2020-07-22 06:26:36,,
gp:AOqpTOFdeEf6OEZkr9ci7K1B7PH7RsfMBvRtFJCYGJGlucDQUMmmTLCLdxzO6_iRTRQI4hjBgJX2_qAi2yXGsQ,Charlie Scott,https://play-lh.googleusercontent.com/-fqQUITgI0hQ/AAAAAAAAAAI/AAAAAAAAAAA/AMZuucnyPoYgYa0EqPJdnxsLDCHY_uHCHA/photo.jpg,"Wonderful game, been playing for years. Never gets old",5,12,1.2,2020-07-18 04:12:10,,
gp:AOqpTOGKavCxxNcsBqtTS5HIqzXsR1Jc-ShJRK3QAGbayA_1e7GS6sDfZBm5jmu5T4sBo0FvjTUIo8yfnCXgdw,Doug McGuire,https://play-lh.googleusercontent.com/a-/AOh14GiU-juGbQ8HlGWkTQKAlQeA-W2I-N6WVRQJ2pxZmg,Excellent. Quality family game.,5,1,,2020-06-18 08:34:24,,
gp:AOqpTOHlKdmT1fFFDS0nOm_NmdBWTOVBP2kTyDgwdIj-__osBDs_0GufgeZ9PX91AnWSaJPSJJBnrH5GYOF92Q,Miranda Landis,https://play-lh.googleusercontent.com/a-/AOh14GjPc3Z1icjtThCgjmcQCJ8c3XuMqAk46N-lM8uZYg,It's a good game to play,5,0,1.2,2020-06-16 17:05:19,,
gp:AOqpTOEd7fmmgqQghSz-cbB2QnGZUbd72DmGTA728oX4Y21M_zBAt0Oi5jyZwSWIy7iuu2IVZf5IrwEKwDKHTg,Jonathan Butts,https://play-lh.googleusercontent.com/-ck2kZvy-dek/AAAAAAAAAAI/AAAAAAAAAAA/AMZuucnBVBOZVqwTlu962MJ_SfsTAqmIWA/photo.jpg,Our profile is named Jonathan and Cyndi and I dont see extreme mode! Are you sure you added it? I dont know that you added it because it wont even show on our profile,1,66,1.2,2020-06-12 09:10:45,"Thanks for playing! Extreme Mode is unlocked when you complete Expert Mode.  The button for Extreme Mode will appear when you beat Story Mode, and it will unlock when you beat Expert Mode.",2020-06-12 12:58:13
gp:AOqpTOHzBcNJsgSZdp0Vju2PZ9v8cUUta0utg03sgA5Scor6roqBkIbFOIjtgvr7BN-z07Gx_5n6Uzw72U9qjQ,Harry Hippo,https://play-lh.googleusercontent.com/-WIOZv6p1WOs/AAAAAAAAAAI/AAAAAAAAAAA/AMZuuclRu3CZ9YR6HtYMtGmAUhzu-tXRNg/photo.jpg,This is one of the best cooking games that has so many levels and challenges WITHOUT breaking your bank at all! I don't recall any in app purchases 👌,5,7,1.1,2020-05-26 05:26:05,,
gp:AOqpTOE-IVDTeLSHa_l5kvRz_sB5lw5GOJ9xATJ0TKXWYKu3V0NJdqIWvzSOSMAYsKobYK8WF7mjvGdeZzscsg,Thomas Nash,https://play-lh.googleusercontent.com/-1uKVHDrs94I/AAAAAAAAAAI/AAAAAAAAAAA/AMZuucni-EZpSePZEmbCrrBwLd3YPZFRyg/photo.jpg,Terrific game! It's fast-paced and exciting. There are various menu items so you don't get bored putting them together. Getting help from the robot is a bonus that makes the game even better.,5,39,1.1,2020-05-17 23:15:47,,
gp:AOqpTOE1eTH7eWSo9DHgPNB4PRc4XS-Kz18Jn1tbGQ9HwDAeSiK_TyEhYBJJ_zyTIDHVp4oJGls_u680FBoRQw,Nicolay Atkins,https://play-lh.googleusercontent.com/a-/AOh14Giq5Q9NyWWUKOhMP5HljQuWx-lz_8l-7xaaZitoSw,Fun,3,0,1.1,2020-05-17 11:46:53,,
gp:AOqpTOHQDCu4oFspgt1UpDgvAu5ApNdAy1qh7Bwx1xF3VM4LxPmLlTwK-LLIgnvEXha5kUYlf0DIOWp-B5rfyA,Catherine Bagano,https://play-lh.googleusercontent.com/a-/AOh14Gh3j88LemKo0qZReGr-QA-RonwRsbkW6Yq0b-uSrQ,Its cool....,5,0,1.1,2020-05-17 08:20:13,,
gp:AOqpTOG5KU3lIk5KZXot2b4O102nI6ELLZh7dQWyZSMWWPA7lKhwCxuQtAxYPR99GrZGuku6JxJd_AEO0OL6cQ,Alfha Robby,https://play-lh.googleusercontent.com/a-/AOh14Gjfa2Yg9PpivOkgzxVyluMQjjKbZAxIBs5tkfCw,"Its even better than the pc version, no butchered content though too bad this game didn't support cloud save feature which mean once you uninstall this app you lose your origress and have to start from beginning.",5,20,,2020-05-12 03:29:35,,
gp:AOqpTOHY5AkYi2Z6L1olalEzaPVqnHfIhxFATzKZj83eX1YqMnfQVxDdY2i1tEHlLtYboj5UKGPRUAUGk7ug_Q,vaishnavi mayekar,https://play-lh.googleusercontent.com/a-/AOh14Gi7BLoDsbWhQdlkl4oOSD8MehxKUEVm1c1rQI_2ztw,This game is great,5,0,1.1,2020-05-05 23:46:55,,
gp:AOqpTOHctykg89FZjMCFqtUZiUC5952YLFNcblvbNCj6goMOheHm3y3rnu8CQJNB75p8riKkda8A7xQzy2ICwA,Vanessa Tieman,https://play-lh.googleusercontent.com/a-/AOh14Gjq95P4sue5SRSC2HxeybI6AazZk887D2sY2P4MRNE,"This was one of my favorite games on the computer when I was a kid and was just as fun and challenging as I remember. I love having the multiple game modes, and the story of story mode is so bizarre I love it! I appreciate that perfect scores on levels are a challenge but not unattainable. I would highly recommend this game! 😄",5,58,1.1,2020-05-03 20:39:26,,
gp:AOqpTOHIqiNK1GwqBeozXS5zN5LFitqRSQbLBEU28hdQBw4p5nvtP1lknfYUIOOz9DgPZVSrcwaGHEZ3x6q5jA,marilyn collard,https://play-lh.googleusercontent.com/-o9pAaG8gYMM/AAAAAAAAAAI/AAAAAAAAAAA/AMZuuckJ18ND1Ou4lPARUpxqqDrNC_17nw/photo.jpg,Great game,5,0,1.1,2020-04-27 18:39:23,,
gp:AOqpTOFI9_50qWLT3mXR4hQ4rcvanaE3DQSgFXwN0_oIHDPbfCjxmlcG8yg3tsRFi3aQGI-0IXEfI2lWrKPI-w,Lanni aripiqih Daulay,https://play-lh.googleusercontent.com/a-/AOh14GhuY0CPXzwjEj9r3sHwRmvzqVDzs3WgFRT7unxWzg,Always my fav game,5,0,,2020-04-25 21:38:40,,
gp:AOqpTOGPo-A4gPHfBve-v_F5yLV0MHW2MvjWt8ay7S7EmpxZQKQSYk5Jb9YSnvIVxH3Hz1IoD69trkT8JGql5g,Veronica Bellamy,https://play-lh.googleusercontent.com/-WANXmE5Hg2E/AAAAAAAAAAI/AAAAAAAAAAA/AMZuucm0PSxdJ1b1C2dbuIZRPbr0pzUsbQ/photo.jpg,Love it,5,0,1.1,2020-04-23 16:33:02,,
gp:AOqpTOEUIymdAMItx5sSs0YVUX2ZCRu42cBIif2i1hh8VXcVpjgF4pmZUSzftXPAzKaPMiroamqwAEgcaWyhiw,Catherine Rusciano,https://play-lh.googleusercontent.com/a-/AOh14GjnlWGRBkkaHhJfyBurECLmZl7EERZbMc4ar-pX,Great way to pass the time. Loved this game years ago on PC,5,5,1.1,2020-04-20 21:02:06,,
gp:AOqpTOHGAIfK3J8ajwgjx0C57-rYbpBfVYthJuyNdNEFoNBS4gRkdhh7kJgYL8H5Fg_FQgN-os_aYkzxG9L4yQ,Triston S,https://play-lh.googleusercontent.com/-e3BCnCITVkM/AAAAAAAAAAI/AAAAAAAAAAA/AMZuucnY7RJOOvOG1W7xgjNwbt3rk2dLiw/photo.jpg,"Best cooking game, pay once and you get the whole game, no pay walls, no waiting, play as much as you like. Wish they made a third",5,26,1.1,2020-04-19 12:24:34,,
gp:AOqpTOEGOVSVB3zAb3FoWGQH5PSdOxyg2tcNyYAzOw0iLtypPnZkSXr7vfRtvl1Dq2ErSDJuQpUzqYvxkponKQ,Gwen Goodall,https://play-lh.googleusercontent.com/-S2fDzRZXNWw/AAAAAAAAAAI/AAAAAAAAAAA/AMZuucmEg1YimWhOz3dlZaBjgUUSu43F5w/photo.jpg,Exceptional,5,1,1.0,2020-04-18 17:45:54,,
gp:AOqpTOH51YzeIW0TBvpde-5X2VeDvTMnO9sAHx0fZPNoxHRzy1md7_rdkG8JqSyjlmtCf2okwuPKNEc6IZBNuQ,Stephanie C,https://play-lh.googleusercontent.com/a-/AOh14Gg_FkWbF78PBXnq3svkf1OD_jY81a87qcCzfrnb1A,Awesome game make more burger shops!!!,5,0,1.1,2020-04-11 22:01:53,,
gp:AOqpTOGOj2a9rXrBMUhGa20clqJ6cV7giqmse1tHl7h6um9ZSCRacXdYt2cj8ixnTeL7iddDCffwO024ghXPHg,autumn wagner,https://play-lh.googleusercontent.com/-6GQfcggtLuU/AAAAAAAAAAI/AAAAAAAAAAA/AMZuucnnr2wXBLZufmiLOaVrhjx3CeN8Qw/photo.jpg,Loved it,5,0,1.1,2020-04-08 16:23:45,,
gp:AOqpTOF6KoZxmuNv1wNPOYUY_tf0FiGF_lT1bAZOLYB9uBcOudJAGDiY0EryEF_bmJ0aP10YERUL1OtFilS6KA,Renee Feaster,https://play-lh.googleusercontent.com/-A5GrOEpYikQ/AAAAAAAAAAI/AAAAAAAAAAA/AMZuuckurHWCuTbLTurrXHYpZCbdNmw71A/photo.jpg,Love it very much,5,0,1.1,2020-04-01 12:09:22,,
gp:AOqpTOHxd8XVobWYnIyXL0t2IEoSHq6Ipul97zcXVekCyJdPfqte1L9HMWhRsR5Jjt9sI_AdFH02P73o2cx8bw,Moe Martin,https://play-lh.googleusercontent.com/a-/AOh14GjnxWIchc_YeXi4YPPv7_q7oB8NTy1HlF6qqd0cmw,I LOVE this game!,5,0,1.1,2020-03-28 13:08:46,,
gp:AOqpTOEtwo4A2W-Lm3w7RwJFUfJ_yAGJyTFa5FRXK2L9_CSQk4yfeVWvDd5p2cVgPKvNl2q3BjgysHE_ULQ7bA,Corbyn Tauarua,https://play-lh.googleusercontent.com/-qPe5uCzVvKc/AAAAAAAAAAI/AAAAAAAAAAA/AMZuucnoOL1KWEvtJaesFQ5lxa5RLXF9UA/photo.jpg,"Really fun, worth the money.",5,0,1.1,2020-03-27 18:38:46,,
gp:AOqpTOF3icWgb9OR8rayOJpsz5YDqI8ypss5xC9elrBstAd5bRBa-NX9H3tAWu9Fv3ps5KcWrBGj1pqzv0Lm_A,Maria Austin,https://play-lh.googleusercontent.com/-VU7wdoaTXPs/AAAAAAAAAAI/AAAAAAAAAAA/AMZuuck51ToF3rQ_4oLkT4mixmPdVcHefw/photo.jpg,"Good fun,,,thank you!",5,0,1.1,2020-03-25 12:20:26,,
gp:AOqpTOHi9Un6EVwF-RCMa5ft6qJCEry4jgrKbCppdiSr6-nSVOG4AZ0Y0c3TV9o3eG5b7ZOrzW9pHg9OljbUsg,Nur Ashwad,https://play-lh.googleusercontent.com/a-/AOh14GjY9Oc3PLFP-mTg0mn4uesjTFqkivkARBSdDIBN5g,brings back memories,5,0,1.1,2020-03-20 20:02:44,,
gp:AOqpTOHK0GxbBmJ0Cm5-er_qe4fLC8papvrq8WGmy7OKPARSg9jkvb0zhvvbgxA-rv4k3TArj0_X1SzeOZVvwA,Bojan Ravančić,https://play-lh.googleusercontent.com/-87MCDLCf8Uw/AAAAAAAAAAI/AAAAAAAAAAA/AMZuucmOxhtuOurGF1-qTUz-EkPkv_ltPA/photo.jpg,"Awesome game! Lots of new stuff and customers, fun and fast experience, great graphics and story. Well done!",5,50,1.1,2020-03-09 13:30:42,,
gp:AOqpTOEuS0HeCNGLiglE4H8TJ857InTfgmhWm8lcqfNnQ38kZqTFSCFNkXPfB9au8knbgYMbC4WlvBAq8w8ARg,Lucy Merrell,https://play-lh.googleusercontent.com/-_PhnFq4o5zo/AAAAAAAAAAI/AAAAAAAAAAA/AMZuucnBf3aWNsZPJMaQ0JUGPvJfXwMMWA/photo.jpg,"I love this game... Played the first one, and I sure hope there is a 3rd one coming out. Big Kiddos!",5,2,1.1,2020-03-01 07:48:02,,
gp:AOqpTOF76SWG2NJhNLjrrCjEhIGCofOIzguVcXbj7MtgXkhtlaEhwTlH5gFrM6B228mAZ2LoBWfegGcH-d5DtQ,April Crowder,https://play-lh.googleusercontent.com/a-/AOh14GhVSUeHPQgPtMAIIY9TFoqdKqf24UhBKpt1lsfg,Like it,5,0,1.1,2020-03-01 00:37:01,,
gp:AOqpTOEnYjmS_TE8DVaKKV5wmFjLEpZxkFMRPMUlxVWQ3G61XCTarfxsV34qQkSS2yE0myWPB7unAM5jMpwYPw,Puspaningtyas Ichsan,https://play-lh.googleusercontent.com/a-/AOh14GjdmEZ9Rsh7VhZQUNtwqRqxE3Jt67vMO76GBi5W,LOVE THIS GAME SOOOOOO MUCH,5,0,1.1,2020-02-29 15:41:33,,
gp:AOqpTOFMykdciAZFco_gQNTDVIDeIganByvcgFzuJIacD4ZCc_fCjMv4Kyy74wlpLvGyFiZodfYmuYv9YSMdQg,Nicholas Kwiecien,https://play-lh.googleusercontent.com/-91cxWsDrQf4/AAAAAAAAAAI/AAAAAAAAAAA/AMZuuckknc1DvrGqu0OfdHlhM_Ap4uPoxw/photo.jpg,Literally just doing 4 stars because 4.9 is better than 5,5,3,1.1,2020-02-28 20:36:27,,
gp:AOqpTOE_NB4TDyGBrsEPO0WFoJEk1edfjVbf2EeHVLLl8KbpCckvhatiuCjsWNWxe7D_w06xjzriMz13UAUzKw,Skyler Summerford,https://play-lh.googleusercontent.com/-PxJ9A05XkIM/AAAAAAAAAAI/AAAAAAAAAAA/AMZuucloFM8IXQFtBZUvFYbis_0XpCEOWw/photo.jpg,I like this game,5,0,1.1,2020-02-23 02:09:17,,
gp:AOqpTOEAuXhUYnLOVB5ftfkUGGflIXt1qBa20cGlJIigHYTXQHfR6aq6BK_W_VwuSW5UMr4u4D_LFzcCirR_mw,Debra Smith,https://play-lh.googleusercontent.com/-_Cv7GsmfGb0/AAAAAAAAAAI/AAAAAAAAAAA/AMZuucnPRXKbiuTydngQmEH4w6IdD9RNew/photo.jpg,Good game,5,0,1.1,2020-02-20 21:42:35,,
gp:AOqpTOGaIpsrkAebx_XazVYAbdNDnuakCmta9nU8obeJSaWgxk9nQNRPMTgAv7Kt4GCgTSZA0REAliRU_xM6mQ,Not Today,https://play-lh.googleusercontent.com/a-/AOh14GjOdqIYdOBqs5BkhDMIlBdNt_3o6x91y-lTcTil3A,"What a great game, better than the other and is awesome ad free. I didn't realize the customer was getting mad over the man not having a shirt 🤣 so cool to see a variety of different things with this game. I love it. What I don't like is that this is the 2nd time I have gotten a new phone and I hace to pay again for ad free play. I paid twice and have the reciepts in my Google transation history. I should not have to keep paying. I lowered my stars because of this!",1,10,1.1,2020-02-07 19:04:26,Thank you for the kind words!,2018-12-13 12:01:46
gp:AOqpTOGnki3NkXZT39uXCwizZymuDPP-hHOEqf1IbfPo1XrvZtzdGlMUn5cubkz6Pkgc8-45BTNf9M3doKwWuQ,Joe Jones,https://play-lh.googleusercontent.com/-_M9F6yHNJlI/AAAAAAAAAAI/AAAAAAAAAAA/AMZuuclcsEeyin_WaoIMxJjEvStUkZWF2w/photo.jpg,This game is amazing!!!!!!!!!!😀😃😊☺😃😄,5,0,1.1,2020-01-30 20:26:42,,
gp:AOqpTOFhGMI5oN8P6ZnqZwltCt2Sg0z0spvzQyjGi8eZX2q25V4DgkFsSx-JAaLzogU50QZ1fEZpN6vsPQEt8Q,Rachel Barrett,https://play-lh.googleusercontent.com/a-/AOh14GhTPJHEVlqrYJ0WvJ3mXuQA1ULPzDukKY1fgSixxQ,Love! You must try!,5,0,1.1,2020-01-30 15:29:49,,
gp:AOqpTOEm977Dk7-St8OIuYZEBq4kXv4QkmS_IhTadwRR1qjGzFs6y4TDguBl_p7S3jft0QaFUEDa5DjRkFNbsw,K.elaine Dunlap,https://play-lh.googleusercontent.com/-iFwEVWDCAmo/AAAAAAAAAAI/AAAAAAAAAAA/AMZuuck82i6fk-ulRcb64Z93K8fl1tlzMQ/photo.jpg,Not long enough even the one i paid for,1,11,,2020-01-28 09:25:22,,
gp:AOqpTOF3eu5h0l86-A161TeAwNnRXRAKnDMql7t6cVkQ5vkOz-JGhS-Pm4j-GCJU2zD04mYriyoDQtHzsu4lcw,Tonya Bradley,https://play-lh.googleusercontent.com/a-/AOh14GgUXnGV-vXwXpEs5KFiL6_HxSIV3CksICgwXw6I_A,My favorite game runs smoothly !!!!!!👍👍👍👍👍👍,5,0,,2020-01-25 18:34:14,,
gp:AOqpTOH8PdXYU8u3mIs4HCIKMZ8MnJfbJ5EhuuNy87S6eOK0Usif44wof-VIz4djlHlw58wuZUCytuDDY2PUPA,Jeannette Powell,https://play-lh.googleusercontent.com/-MDEyv3q7T_Q/AAAAAAAAAAI/AAAAAAAAAAA/AMZuucm0X8i3UvfnhYf36PeFoO1q8xcl8Q/photo.jpg,Great game lots of fun,5,0,1.1,2020-01-23 16:16:08,,
gp:AOqpTOFLjwNlxKOVyL5gbPblkwIAZ0LdqSyIkC5LQE4_ikVjV3nu2PWIIvaojP8xLSjO8TNPsN5_KfGLtoefYg,Jerrica Hummel,https://play-lh.googleusercontent.com/-3ggIxyj9OuA/AAAAAAAAAAI/AAAAAAAAAAA/AMZuucl675uFNoFWYJ3HfbJMlbuKa2amag/photo.jpg,"I've been playing this game for years! I love the fact that it's on mobile, and I think it would be amazing if you were to make a new version!",5,5,1.1,2020-01-17 19:32:56,,
gp:AOqpTOGlDhbLVBT-tw6Yt3BWu2uLaNXhbdQooTp_RnQo1bVA2JoAfh1ZEzXSCwtXaezhpmxFxBT9kLXXk2Q0tw,Alice Johnson,https://play-lh.googleusercontent.com/-7-A02Vvd7Zc/AAAAAAAAAAI/AAAAAAAAAAA/AMZuuckFHpGrF3D6gBMKUDrvmvklj57J1A/photo.jpg,I really love playing Burger Shop 2 it is a great game,5,1,,2020-01-15 21:24:15,,
gp:AOqpTOGQ7HLKd_6qLKCSrKT9gbz_sgIrJEcoxfZv00vohHOWNDn80h4Bg3IcOdlq8cZTSfFlHX57iQY4Xkl1tw,laura denton,https://play-lh.googleusercontent.com/a-/AOh14GiE1YDWF2gHt8NWhZw90hdsyR8yofY1c3aYFoJ09Z8,I love the games it's awesome when are you going to make a burger shop 3???,5,0,,2020-01-08 06:57:01,,
gp:AOqpTOFl3DpURr0g-NIcT9-IQwF4ZOE3EQAgmDGQgR9WRSLTKZ5TzxJdwweJdsb94tGxjjapUFlaFbAYzWdCsA,Oly Bonita,https://play-lh.googleusercontent.com/a-/AOh14Ggfae_XCafukcHeDB-dFwznS-B2pXni-V0xTv6JTA,The BEST game and free😁,5,0,1.1,2020-01-02 20:37:37,,
gp:AOqpTOFC5F1dythVRl3U6GKMfXG22Vj48F7uLJRrPgPulxqpp7Qj33G_MV5b2cB-XjVUXNm-Mx41b4D_mHZ5AQ,Janika Sofia,https://play-lh.googleusercontent.com/-_PfMF5vGrxI/AAAAAAAAAAI/AAAAAAAAAAA/AMZuucneXSGBezj1erd93XWMf8nWiLJ4uA/photo.jpg,"Awesome game! One of my favorites. I like how #2 offers different challenges like breakfast, lunch and dinner levels.",4,27,1.1,2019-12-23 17:59:12,,
gp:AOqpTOHNqiuqjH8VG6U6N0dA0zO7CgYBVO7BNVr_j1UlTyQt1xwvIRTXO5CRQzdyR5ricN5hQZV7WI80hA_YWQ,Cidney Matthews,https://play-lh.googleusercontent.com/-7gNUF_xa6i4/AAAAAAAAAAI/AAAAAAAAAAA/AMZuucmUAd-BLKjY6d8RZYMeHdaexafeFA/photo.jpg,Awesome,5,0,1.1,2019-12-20 10:53:37,,
gp:AOqpTOEHD9gDPOtWZNpCmOksNOal-t8HdfviKbrhqXj1VluhAUkyVw8AjbKWda44XpKmYlgCsKGcAmek4jthxg,LaTisha KIRKLAND,https://play-lh.googleusercontent.com/a-/AOh14Gh8eNDKNQJqm1-8xXkIUcgfYw4xeaGldQSadtikuA,"Same as original,what's different?",3,0,1.1,2019-12-13 16:51:24,,
gp:AOqpTOHlj-yAGUXHVQqaYvBfk4HUqf4lwmGzyICmsKaEREPSBdRJdA2UCqjjKE2y3GXQWsm5vMyF8DDkVaQrLA,sarah love,https://play-lh.googleusercontent.com/a-/AOh14GiA53tM-15cr39qVEewF258nsgSLo3E4RKnRxetuw,Fun,5,0,1.1,2019-11-20 19:11:12,,
gp:AOqpTOEF8Co19wGKX7LX64pHIBNDGA2UoBHQKyL9cBIugtb506l1gpTBMvWzsuMR1Vo_54DIgb5YLY2Z-mQeIA,Kimberli Clayton,https://play-lh.googleusercontent.com/-focyilXRXIA/AAAAAAAAAAI/AAAAAAAAAAA/AMZuucmrk-dkOkGjTy-8856NqF4LS_frpw/photo.jpg,Hi I love this game ❤️ a lot it keeps me busy a when I play the game it helps the day go buy faster 😉 and I like the fact that the price of this game was real. Reasonable I just want to who ever made this game. Sher genius and that you for making this game and no charging an arm and a leg so the. People like me who love playing this game can afford to buy it and play it as much as they want to play the game a Kimberli Clayton,5,9,1.1,2019-11-15 14:06:41,,
gp:AOqpTOHCmnfzL-doLCEcX_ogGQ8QkHxUT_h3Icx4xzFRi7tBNtuqD8iklveZxv_UI5JOIhxcAj5cVUuxrPvgHw,malding tofu,https://play-lh.googleusercontent.com/a-/AOh14Gi2XWKwyu8Fl_XgqT7-0Y0LlcfxF2qzS7R7Qoko,I played this game back in 2010 when it was available on PC and it was great. So glad it's been brought back and ported to mobile. Thanks for bringing my childhood back. :) The person who created the story/dialogue for the game deserves a raise if he's still working there.,5,82,1.1,2019-11-10 07:58:18,,
gp:AOqpTOHaeBIm7j_V784D9s2MezDHV_lxaM2uBl-7T0oWjbt1CmGmoMCmdPC7CiE_9do0PXtX79Or6ikKPQ2leg,lorraine spicer,https://play-lh.googleusercontent.com/a-/AOh14Gg4Nsu7CGyqMag8AAOvinFOzanrMgpkQzhH_I3g,This is a super good game,5,0,1.1,2019-10-13 13:05:26,,
gp:AOqpTOH4T9ZAvoK6QuUcupFPye5dOdXvTPoUeEMrAjiy7Bm5fDBEkqV3UMIBE5VEHpl8IMk2gRdMxTlAuaiXOw,Felis Dee,https://play-lh.googleusercontent.com/a-/AOh14GjCOoc9p3f65kTZc0MQnEozv9fO536StLMEsNziRN8,"I have this game on my computer, and it is so addictive. I was so happy to find this app for my phone and tablet. The controls are even better with touch screen, and will definitely help me alleviate my carpal tunnel syndrome. I also love that they had a single pay option. Worth every penny I paid for it.",5,146,1.1,2019-10-13 06:27:17,,
gp:AOqpTOHdfwO32kY7NgJu4yImASF7db0lLTrTrjogF3aUm-kzJ3E5a2hOPK5ScJfUuRQ-8EDcIfmw10fV6EQgbw,DAVID BROWN,https://play-lh.googleusercontent.com/-BxwFQBoJSDE/AAAAAAAAAAI/AAAAAAAAAAA/AMZuuckpppNXvWX_SG310-jJNXElq2gXVw/photo.jpg,"Better than working at a restaurant for real,cant stop playing .",5,0,,2019-10-06 21:22:04,,
gp:AOqpTOHd2VHrmA8GuAzSaUOgE_rbLGA-UhiSY8slBMULuO4S7A4nmxZG6WGFU8IyUs7-6jJvsCDbAdFaFEgneQ,Super Christina caudill,https://play-lh.googleusercontent.com/a-/AOh14Gg0yFQS5o-OEk9WwqJjBvs8GUFtz0uEYQyCK6arIQg,Best food game,5,0,1.1,2019-09-25 09:36:56,,
gp:AOqpTOEB5gA6pQvRnsr2BlV6rYozueEDok3zGwsjMC9gqK27ilTDLTKvlHvMc839EEDsmHKcbIBc1KyVsiILsQ,Abra St. John,https://play-lh.googleusercontent.com/a-/AOh14Gjse-JHCc268ISvXAPhAd0ZqYsUOEusZTVOYko1Ww,I wish there were more levels !,5,3,1.1,2019-09-01 21:59:15,,
gp:AOqpTOGACy5im_RV-tb2bAU86tIEn0kcGuhDNz85SHId2AVy36sOp9a1qL57jyV6ajc14crstc-OaRKh0dhtOg,Pat abrams Abrams,https://play-lh.googleusercontent.com/a-/AOh14Ghg-kqy9T_P0OrQUctZoa0pw-z3qPi4xPy6M3pYVg,I love this game,5,0,1.1,2019-09-01 08:26:43,,
gp:AOqpTOFxS5qXdCLGUA1hkOxG1_zEl-TjE3Vgf5hUZP-m9hA7FJdrB5vV1aWmxNmB8ZFs5Im0p6BaYXkfyI-Ucw,mira zainal,https://play-lh.googleusercontent.com/a-/AOh14Gj1PjnsmB21d2o5np9wf7Db_ZGJKaAUssZFg3adSQ,I HAVE BEEN PLAYING ALL BURGER SHOP SERIES AND ITS DAMN SUPERB AND ADDICTIVE.. TQ.. LOVE BURGER SHOP😘,5,2,1.1,2019-08-24 09:21:29,,
gp:AOqpTOEj_YzWYVQCg6SKbWka55wnaNFcMcJG1hQ78UhOs2QW0a8VOLvQRBy7cy9G9mXj4OMgcE98D3w71AfWxw,Noah McBride,https://play-lh.googleusercontent.com/a-/AOh14GglndkXlOEVA0OigyG7ADRit_Ev0g7Y3WjmGdE5,I love this game its even better than the original and I have completed and perfected all the levels of story mode it is very fun,5,10,1.1,2019-08-16 18:16:15,,
gp:AOqpTOGdQU54VFuXQHnowqHm5qldaqkvwnxcQHZTxIeBrEXB1vFRPMlgjViArGJ4mLlqbncqLzBT8ReHMasCCA,Michelle Tsunikova,https://play-lh.googleusercontent.com/-IjMJHKhdwWw/AAAAAAAAAAI/AAAAAAAAAAA/AMZuucmaTkk4BUCq9VQC8KHvS-yS92FfXA/photo.jpg,One of the best games I have played,5,1,1.1,2019-08-15 03:36:46,,
gp:AOqpTOFH4IvaFE6nwZYPJ-nzu_1whyNdwoW9YLZ1b5ljLc41HhQRsm6iIMwOKB1KIo7tu0jhjXoNumNlYkFtgw,Anthony Brown,https://play-lh.googleusercontent.com/a-/AOh14GiszxURkr3w0k39JcJxw3ZBmQC9O1bRqNfoD1_b,"Easily the best food serving game, hope to see a Burger Shop 3 at some point.",5,2,1.1,2019-08-08 09:04:49,,
gp:AOqpTOHOmSGAoBkPRDbfgYQn8d0ui40KXdHob-fR3ckyuZvz5dG-mvYSCb-4qvnQasQ_f2lNHWZYWtS4HptT2g,Keith Harcus,https://play-lh.googleusercontent.com/a-/AOh14Ghdffs3p0uyzrA9hv5raotlZH14HvsWGZ5EDCJU,"I'm not ashamed to admit, I've got this on three formats. This version is really good. it's more responsive on the touch screen. It improves a lot from the first one but if you havent played it, get that too.",5,1,1.1,2019-07-20 14:17:50,,
gp:AOqpTOHWYkpcD3d3jNjemrAwFMZilGvHtRmWCfLwOCk29eRSLG44bQRwhIMSJmJD5XkUAjujgZuecb_3KndPrg,The Dusty Barn Door,https://play-lh.googleusercontent.com/a-/AOh14Gh_nswJ_lytbYvYTM9KDcYMP1F78FHWi4R1dVm3rA,favorite game!! I absolutely love this game!! havent had a problem with it yet! I'm completely addicted!!,5,6,1.1,2019-07-11 15:13:10,,
gp:AOqpTOE7ZPc4S680LqH10VxEu2XV62fcqfG4q1nYYc4ra78T5BiZmz0Th79r-lX0-JndgAcgX63mHnw6RGXF4Q,Nathan Marsh,https://play-lh.googleusercontent.com/a-/AOh14GhOIXkdYDDM00YOb0k_EBniltoHPj96WF1D0unG,Fun game,5,0,1.1,2019-07-05 14:20:12,,
gp:AOqpTOFKyP5xXGFiOgQzCZwyQJS7nAIP6lJ-62CiSpekEOuNT3tv55FZB3taAA2EXlvH35cgy08Pxe5KC3Mo9Q,Douglas Illusion,https://play-lh.googleusercontent.com/a-/AOh14Gg1Km2c7E6hlMxffiKlSYzYq5FF78Pv2BdjFjYl,CRAPPY CRAPPY GAME,1,55,1.1,2019-07-04 12:38:25,,
gp:AOqpTOEpLHj3MxLzw86lKz6Faomud3V9SxN3hkZ4u4cZgmpuZ80D-DCsuUppg8IiAQOQ-FOmd6J0sy7CMLm8RQ,Shari Arms,https://play-lh.googleusercontent.com/-k6dkrCdE__Q/AAAAAAAAAAI/AAAAAAAAAAA/AMZuucnruK155qsQxYmONFPRQMkUSHEgYA/photo.jpg,fun and entertaining!,5,0,1.1,2019-06-29 11:21:41,,
gp:AOqpTOEGMTsHR1EeSIrBAs60HfoTx28mdC-VyVdAGTIzszT84Oj47vhBV5d4Y74Ok4QRQJm8Y-1FZCaHpsu18w,Francine Carr,https://play-lh.googleusercontent.com/a-/AOh14Gj_y2sa1ImRkNfTPZ0QGfN867pX3hlcIuTmV-e8gA,great,5,0,1.1,2019-06-26 17:51:09,,
gp:AOqpTOH66HUVzZkd7yzGeVn-fuXrAcvE2W_E9z4ihWp2Sux4ivzWHh7bGeExpj_KhECsxXfc4e3oy81jYgvjcQ,Liz Ross,https://play-lh.googleusercontent.com/a-/AOh14GhVPzSoMpmh2klRdi54RRwGGzibB9fvVeOv89Gj5g,so addictive! hoping to find a burger shop 3?.... :),5,2,1.1,2019-06-22 16:06:41,,
gp:AOqpTOG50Px786SQM8MK_KSQkMW7tAyNaJveyM4Mx_PRckdbYT3jMOHELdZy7PUmCbrES8hZqAox6vcDe9Ze6g,Coolkid6677,https://play-lh.googleusercontent.com/a-/AOh14Gj-hDwqrNppChjq-KfPhfn6AMEluF-3PD84ocfZnw,nostalgia incarnate.,5,1,1.1,2019-06-22 06:54:07,,
gp:AOqpTOGIPHI3luefzvnbBRwsGkOgOJ4NxUbhe0SJYPx6DWpTqo9TOWWwNcguF7Pdux-TfH3vccl3bH6KmBoIsA,Lisa Bee,https://play-lh.googleusercontent.com/a-/AOh14Gi2f_BhsNMQAUw9-3q128npwcg43ZGHAbA92Ao8,love this game! Hope there is more to come,5,2,1.1,2019-06-21 18:26:55,,
gp:AOqpTOHDBMkjXe6mnLdu_C7KvMvwtKNUoIgn-Hl6jmazraQmQ8WccGt19hr28xppaaqYHWloPc0jdicg4H2axw,Nancy Rosengren,https://play-lh.googleusercontent.com/a-/AOh14GgwPQtRNv9DMSC9PoDds4oNOY8QH6_NphGkKa7gCw,As fun and challenging as ever. But it is worth the $1.99 to not have adds. (Play faster.),5,23,1.1,2019-06-21 11:53:14,,
gp:AOqpTOG-MezeVLThRbJe7rBA2tmFQBUnr9Lbu4iZP8NIJoa8plVmqxbFqFcIbSfQJSdCJUY3ECinHANxDn5PeQ,Kevin D,https://play-lh.googleusercontent.com/-cNNneaZMqaI/AAAAAAAAAAI/AAAAAAAAAAA/AMZuucniripooxC-wLqf5ZZWahsHBU34VA/photo.jpg,Great gameplay with no ads & p2w. A gift.,5,3,1.1,2019-06-18 12:33:42,,
gp:AOqpTOFyE2-h1b66JvUY5OmHJy2u0suKdwnFNpN7LgaTWx3Utq80VMrkygsyoTXrkGNLAYkiN3-qAMg3tD_Oxg,brian moss,https://play-lh.googleusercontent.com/-_ZxHN6zDVKo/AAAAAAAAAAI/AAAAAAAAAAA/AMZuuckVb6kweNADXtbIG6QoKIiT_dyoSQ/photo.jpg,really good game!,5,0,1.1,2019-06-15 17:47:52,,
gp:AOqpTOEORoX0gNPu7XWwZ1YO6vIxMLaR027jIKHUyxyr2X9YCK-yaVdVrXklpbnhMxa-9XD4ey3G31MSNnFnKg,Gwyneth Dawes,https://play-lh.googleusercontent.com/-jtifIFAsHEU/AAAAAAAAAAI/AAAAAAAAAAA/AMZuuckQwU3wuwGumMpmoEzLs2zVxZNWCQ/photo.jpg,Reviewed before and repeating it. A fantastic restaurant game. One of the finest. INSTALL and enjoy. This is the Deluxe which is purchased and kept in Library for repeated enjoyment. Same goes for all the Burger Shop games on offer. Developers should consider a Burger Shop 3..hopefully free.,5,75,1.1,2019-06-15 02:03:03,,
gp:AOqpTOHVX69JTKRWfXWyaRe58Q1Ik_fVwLFdULPViSNifvEBM9_pEWjqHdf5k1MpgPS_MMWAgKkELSa_ptm43w,Shirley Henry,https://play-lh.googleusercontent.com/a-/AOh14Gis8MSK0waT4Td7HGqWtrbwx-vx-h0ONqhK_QN3nQ,i love you,5,1,1.1,2019-06-14 14:27:42,,
gp:AOqpTOF4N2QnMRyVnwmc4kSSV6Dw407-jK8udPYyvJoekPEz9H1pYiE5TVHAfym8YuHbEOX2izJHF2YIsfw-Ww,Tom Carson,https://play-lh.googleusercontent.com/a-/AOh14GgfIciVa8wcAIjdqOlnKyYFXgHejgKh4yD3ueBScg,One of the top 5 Android cooking games of all time.,5,6,1.1,2019-06-12 18:26:35,,
gp:AOqpTOG-N2FT7Sr5Qx3gSSJ-9-IqDFIV28d2TBTzT8KeujfMMoartHFYa_mScCwV8SWTP6xxw_vvZgnERuxpfA,Gdess 2001,https://play-lh.googleusercontent.com/a-/AOh14GhFgexZWgQW9ZueCSB20BS1j4ZiU7aBDOd0YhcciK0,Loved the first Burger Shop and Burger Shop 2 is even better.,5,3,1.1,2019-06-11 10:52:17,,
gp:AOqpTOFinQmPL3XtqWw0vf7Zsff9mowGR_0feEwVUABjJcioKaL-XL74gsgg0ewSDYm1GwRHFz3972qkL-GUYQ,hmj 2020,https://play-lh.googleusercontent.com/a-/AOh14GigSuVnAnKHDuVZLlgz9CWyZpDWhTU195h-qJ1SAQ,good game,5,0,1.1,2019-06-07 18:56:29,,
gp:AOqpTOHBYBLtNMfnPQnxzUFz384ZnfGwQ1STzNsXFcZdsVq1eMwo4KLfhXAVKg6KX4UTZabYdCZutxKr2aEVfg,Tiffany,https://play-lh.googleusercontent.com/a-/AOh14GhNsmnaUQmI4RGWT8ZUfW0xjV8wiVeYEn-7kLjJGA,I honestly like it- i beat the whole thing. please make a burger shop 3.,5,9,1.1,2019-06-01 22:11:51,,
gp:AOqpTOHPhT6XoEwxgnfvWG61D-VHWIhN2hmYs_Hlfud49DBEVCbO7EryLFGxp5S6iERkotjYp3TpFpIXYoXY9w,Quantum Looking Glass,https://play-lh.googleusercontent.com/a-/AOh14GhDil4uCNm2fSHjLDKTO5QeDEumdR38H_VajIzDqA,"I really enjoy playing this game! I have tried many different cooking/restaurant style games, but this one is pretty unique to me. The story line is unsual and the upgrades happen quickly. Very addictive!",5,48,1.1,2019-05-31 19:28:40,,
gp:AOqpTOGDr6ZWrHhWD-youVQmcyXNrKskNk8B2Xz-0Izsnh9FYy_Y3XSS7_asFCH8LeHPEg2Go-9gv7ucMfuGNA,Chris McLaren,https://play-lh.googleusercontent.com/-IS3-fL99yJg/AAAAAAAAAAI/AAAAAAAAAAA/AMZuucnLvWQw8x8uROQAEK7Nu3c_uzSJQw/photo.jpg,good game,5,0,1.1,2019-05-31 12:05:16,,
gp:AOqpTOETYNM_b2rrNNgUIJSD0TM5pMNadB8arXciSOLkOzuC2x5OJT9oBU_ZnG6QNSPx-6EEE81Uz2X-FnnUMA,Sasikala Soundararajan,https://play-lh.googleusercontent.com/-3PGjmjviMek/AAAAAAAAAAI/AAAAAAAAAAA/AMZuucnwVSJ-l-1Ize0Ha4W4gPREA5GKjw/photo.jpg,its interesting,5,0,1.1,2019-05-15 08:55:59,,
gp:AOqpTOGwLkZKS50u6i-aS3iVI5SolO7A_LvcvBFy7rk1TolPpEtnqhVgCnWuVrqrgrX0yTO_CRPr81cwPyQObQ,Shevanti Haynes,https://play-lh.googleusercontent.com/a-/AOh14Ghiwf6ivtZ0QKa2HKbpheGUIrV9t2Wxo8iZc4yL6dQ,not so easy to get all the best stars👍🏾,5,0,1.1,2019-05-13 01:50:52,,
gp:AOqpTOENniZgvvCiphCvnwQbxeHwj5SEl67Ux3wunTw2QeKcSuI2AOcuyfAOeLnJsMj1aSvDK3UsESOxw50qMg,Rhonda VanAlstyne,https://play-lh.googleusercontent.com/-mdWTUcTJoIA/AAAAAAAAAAI/AAAAAAAAAAA/AMZuuckurwd8bz22EJbAohhfjTxoOJqbhA/photo.jpg,love this game,5,0,1.1,2019-05-07 17:43:09,,
gp:AOqpTOHc277Eun61m7IyTNurbow0oEHOitpJ4JqISZJSM19V6jsysYdKUqRGugyQbNfidTQVYxqwiO4ocdmnqA,Phyl Will,https://play-lh.googleusercontent.com/a-/AOh14Gj_2GDi2PacGNRmRQBr7b65uxP5S5PJqF8u5bU34No,😍😍😍,5,1,1.1,2019-05-07 17:33:04,,
gp:AOqpTOEkoLFUIq4u52Fh6w7cKxpiN3QvbSSjVo5Iv8CPPSZYB8ynN-_3zgol05OGhQZzGFPf4E7xKistz6EzTg,Ashley Aquila,https://play-lh.googleusercontent.com/-20lWvgfyq08/AAAAAAAAAAI/AAAAAAAAKTs/AMZuucnaOIEEM2PziCb0BpsXjsmx-atrzg/photo.jpg,"WISH THERE WAS A WAY TO SYNC PROGRESS, FACEBOOK OR GOOGLE SYNC WOULD HELP IF WE CHANGE DEVICES I DON'T WANT TO START OVER!!? ):",4,4,1.1,2019-05-06 10:35:27,,
gp:AOqpTOENn42dBStgfAkpCd7-4-YGDiaiAnhuPVvrDlsYyJnr0x-1NvjvQBuFSKv6mOqM1yFbN8mThg79YuLizg,Whitney Ball,https://play-lh.googleusercontent.com/-ANiLusfTEIo/AAAAAAAAAAI/AAAAAAAAAAA/AMZuuclZpMipqykLWkig0cxi9D__gMJUBg/photo.jpg,Good game,5,0,1.1,2019-04-27 19:28:15,,
gp:AOqpTOHdC-1mplAxlPl9GJ7im581MKBKLwvoHlz-2zzWKO0_4jhzFzWHVZhl0GEeaNK-TqKiOfTMF4XP6V_C3w,Joan Molloy,https://play-lh.googleusercontent.com/-8QINP1UghAU/AAAAAAAAAAI/AAAAAAAAAAA/AMZuucliuGkcWHvPabbc5VBDzBlmEXNyeQ/photo.jpg,"Super game, hours of fun",5,0,1.1,2019-04-27 07:49:54,,
gp:AOqpTOFVn1hHwJSBnd6XBl2v39qmaXxo-HjLcVlTmPOjyAVAzTZpSBdsOmPVkqwTXJ57oUp7uOCg1QGdJcHu6g,Sheri Jacobs Skeels,https://play-lh.googleusercontent.com/a-/AOh14GhcvKM9LwotyOyYsb8INDZhGjln04nrZUPQ2Vv2Nw,love this game it's very addictive and very fun to,5,1,1.1,2019-04-22 11:01:29,,
gp:AOqpTOEZ3uURaSDRrHoX-5aqxv0GDuJSXNv7MvUGfmPBnhXOgVhkA5zLSn6jtPfj-2cJBh4VIOYH61bCV10m0w,Agnes Branch,https://play-lh.googleusercontent.com/-_2cCWHfCMxk/AAAAAAAAAAI/AAAAAAAAAAA/AMZuucmaU2nzgxUnTmLZa4ZvFLnRqjc9YA/photo.jpg,good game really enjoy playing!🤗,5,1,,2019-04-18 19:36:21,,
gp:AOqpTOF4TaRjXZEb1Isw7sr6jnmOnfyI3zpkeOGTr3QPLu6A_K7wZlr31_-Oh4mSEgFdZJrJA6QjTy0s9bzQ7Q,Ahmad Qusem,https://play-lh.googleusercontent.com/a-/AOh14GjSQ3Be_Nqo3qOflSNhFDggvy1HM8nGLkWt07I8,Nice Game,5,0,1.1,2019-04-13 03:22:03,,
gp:AOqpTOHAmVzC1waGbM2KsnOgLKl2NpGI2oy5qqErhPz_k42B5Pt1QPhu9KC0o7lrao98X5yi-nOnQnMt4ng6wA,Lindsey Hogle,https://play-lh.googleusercontent.com/-RZAPfbXxChc/AAAAAAAAAAI/AAAAAAAAAAA/AMZuucmAXUVWhdvwsuJzGoGxBEb5_7w6jQ/photo.jpg,i love thus game!!,5,0,1.1,2019-04-12 19:25:04,,
gp:AOqpTOHCCJw75L5higwBi4RcckzK2XsDdxCBNbgcdSgVkXxtUM1a33ofMg2OyJ9tddG65Fc5Lbv5CTrAod6aDg,Marianne Jarnagan,https://play-lh.googleusercontent.com/-YyIuWp0zJOY/AAAAAAAAAAI/AAAAAAAAAAA/AMZuucm3HvRnow4O_s4ryGQDqVgnN6SkAA/photo.jpg,"Fun game, good pacing, runs without issues. Loads more content from Burger Shop 1 that was worth the sticker price. Highly recommended for anyone who enjoys games like Diner Dash.",5,13,1.1,2019-04-10 09:14:12,,
gp:AOqpTOHdGKjoIlWYCe-3say0Om-o3jERyOTIU93Rk2X6OvBTmWLQT1vy85cO8mylozcJpEqwmXSqeyqwsHYn-Q,Tierra Davis,https://play-lh.googleusercontent.com/a-/AOh14GjY6CYFuIBUg52ZOqpKTGkfLUjGBnPLk6zxw6E6XQ,awesome,5,0,1.1,2019-04-07 20:35:24,,
gp:AOqpTOGDRC8XKpQggqbKBj9TmPflCTdQX2OrbbswL1gk5d8PUdR8WErkYZTSeaxWhIEqcqv41P3hFcMts8HE1Q,Frank the BlobFish,https://play-lh.googleusercontent.com/a-/AOh14Gjxas7PNDsPe0rTl7OVJMDJBhaHRZbezVzeifGOGg,great game,5,1,1.1,2019-04-04 21:00:48,,
gp:AOqpTOHVdv-rjk_W0nAQkFGRRnvzIAdRw5nd1MwbocwHkkIMOqeKFPpHsfyE0yCwr5bFh56mVTROvl9HeXpDxw,Jami Theresa Williams,https://play-lh.googleusercontent.com/a-/AOh14GgX6ORygUilrxj71WrPsYO5GHkNX-CA3X-EiAU3CA,I have been playing this game for years... a good way to relax and unwind after a long stressful day. lots of fun,5,5,1.1,2019-03-31 15:40:13,,
gp:AOqpTOGLVy-1OUicWHfCgkAWoHZHMETFZcEGrac89_K9SrgaYNUq5NdHx3uUyau87mgDZJMFsCpsfL-OAfSlkg,yakov tayrimov,https://play-lh.googleusercontent.com/-ZucYtzg7Jzw/AAAAAAAAAAI/AAAAAAAAAAA/AMZuucm0S6ovasT7VOI6X2CftAdx3UZYIA/photo.jpg,good game,5,0,1.1,2019-03-21 15:26:23,,
gp:AOqpTOGvz5qcjcy8PVYdRCXquKQXOL-m7qE-vVKcY9SZNale2RNkNGHp08nvswmcNLqLwL3OfETLDNYfhAU18A,Susan Wilson,https://play-lh.googleusercontent.com/-PXQ4YQUUDeY/AAAAAAAAAAI/AAAAAAAAAAA/AMZuucleclyjtrMWcxxV4XXJQA-TQxQaZQ/photo.jpg,Great game,4,2,1.1,2019-03-21 09:31:46,,
gp:AOqpTOGKtmKHpxq4o6hAWu_o0G4RA6dhmFo3FWd8Y49CNZ0hoUylXbYwqVUyPGLmWITPsxwa8m-1WW1V_fF0TQ,Terry Lee Flynn,https://play-lh.googleusercontent.com/-PskOkBorarg/AAAAAAAAAAI/AAAAAAAAAAA/AMZuuckj5qw8VFOrwMs_0gGAI6Hk7WIEpA/photo.jpg,"fast paced, fun",5,0,1.1,2019-03-12 04:33:49,,
gp:AOqpTOEW3pJz-8EbNSKemQCqd3hUswHOzxNlheiFcoMj9T4bn_cGbCqP9Isl0IpHCSrgGSE_cfJr7o2cpo0N0Q,Katie Davis,https://play-lh.googleusercontent.com/-5o4a4GuAfmA/AAAAAAAAAAI/AAAAAAAAAAA/AMZuuclh9_oZC5UbFavZ3V7XFm8VukOv-g/photo.jpg,Love it,5,0,1.1,2019-03-11 12:33:20,,
gp:AOqpTOGO9QFx4mFm-GAN0fnCNrsocAZPAAq3FPaN68LFtAppRtU9aTofZFdXYg3np-_FZr_PieKiSeE4gfAaJQ,A Google user,https://play-lh.googleusercontent.com/EGemoI2NTXmTsBVtJqk8jxF9rh8ApRWfsIMQSt2uE4OcpQqbFu7f7NbTK05lx80nuSijCz7sc3a277R67g,This game is so relaxing and enjoyable. The money was totally worth it when buying the Deluxe version of the game. This game is non stop fun when you buy or install it on your computer or your mobile device.,5,19,1.1,2019-03-09 22:07:25,,
gp:AOqpTOENRYIS1QV6rQ_L4sP0ALow_aGJru3Tc9Wlmeoy_ehLas7xr4aQ5SDlOYl3d-Fr6jcRoSiWhLjF-H0bJg,anthony pretzer,https://play-lh.googleusercontent.com/--dng7bjzHHQ/AAAAAAAAAAI/AAAAAAAAAAA/AMZuuckuqMVoAGbKrqeHCznDb3A4mqsg4g/photo.jpg,"a ,very fun and exciting game",5,0,1.1,2019-03-08 19:02:29,,
gp:AOqpTOE62Pnthre1UwvK_Ucv1GRin6IX9yh1fq4pidwmQXg66dj1DuZdtg_gVT8GgROLyM7-3pDWB1cjx6efvg,Calla Dain,https://play-lh.googleusercontent.com/a-/AOh14GjPtkYKQOVqWzbIva3oK0zWEk800AZ77iw8Fu-R,"great game, no micro transactions, just play",5,2,1.1,2019-03-06 15:49:50,,
gp:AOqpTOFKgOMVl3s2uMB4NzwH8169zNvpoa3-R1nt0Dtbmouwn7Bk4Epav8OdGiizihVyLLnsxaGNWfBxdUtAKA,Bari Trammell,https://play-lh.googleusercontent.com/-hi_YgC4SGNI/AAAAAAAAAAI/AAAAAAAAAAA/AMZuucl_nJZs_un6cV_V5j-V7TQjmRa0pw/photo.jpg,I love Burger Shop 1 and Burger Shop 2 the creators of these games deserve a standing ovation... Well done !!! Where is Burger Shop 3 ???,5,4,1.1,2019-03-01 11:22:29,,
gp:AOqpTOEwaJdd5_FZ5b56p2d1_zCz7N7IzpV_3lV-po23Gl54Zl4nbYsFtSBx78f0CQtjlwLSb_BmOE1-M2Sd6g,Angeline Huffman,https://play-lh.googleusercontent.com/a-/AOh14Gj1KvBqlXVL1tGJ9GcIGCeZ6Z9pR9yN75ptukxTAA,Really fun game and no additional purchases neccessary.,5,1,1.1,2019-02-28 10:34:50,,
gp:AOqpTOFxC0BHghLLFt1w5IeGd-msRL6DQQN6Cd3hf-ma2hIiGYZbnK3p7ledXHx1aGtcZOKFc8WdzFej4Tuk2w,A Google user,https://play-lh.googleusercontent.com/EGemoI2NTXmTsBVtJqk8jxF9rh8ApRWfsIMQSt2uE4OcpQqbFu7f7NbTK05lx80nuSijCz7sc3a277R67g,its fun love this game,5,0,1.1,2019-02-25 16:55:52,,
gp:AOqpTOFctnBWr0DeRlOtV-Njp8yGpi4E5aGViOhHZA-t6WSNpmJb4qlW-d7U_WG05rn-JJi_ekwvaV3VW-zv0w,Benedicta E,https://play-lh.googleusercontent.com/a-/AOh14Gi38Temxr8ihH_gSQsdwW1nqyKO6VHP3qccZVoyDw,"Fun, punny, hilarious.",5,0,1.1,2019-02-25 03:32:00,,
gp:AOqpTOEB6D3_fpSraTEZKxMgWs-5uI3cvxFPWPq7QkgeWL3n1ccCufbPmK8cv4T0iLDNBMNSGLcjIPbbMTV77g,Minecraft Spider Pro,https://play-lh.googleusercontent.com/a-/AOh14GiRMSGf8a3TX1FD7Fh9p8N7U5eQg5fNXSomZGAqMg,grate game,5,0,1.1,2019-02-24 09:56:23,,
gp:AOqpTOHo_NxVuxbIp6gDx8sYLWQsiqAoK_CSCRN9jbqPVvf9dS_LTky-00VHD0OzXKSVIGIrz4p5Q2nFzJhoxw,A Google user,https://play-lh.googleusercontent.com/EGemoI2NTXmTsBVtJqk8jxF9rh8ApRWfsIMQSt2uE4OcpQqbFu7f7NbTK05lx80nuSijCz7sc3a277R67g,This next is a great game with different levels so you can play at your own pace and skill. I love it and highly recommend.,5,7,1.1,2019-02-19 18:54:46,,
gp:AOqpTOHIH8CdvXKeV-uXnbCyfYUrQYJyG1UNXDuqZvb81yNyx_gbbwhiVrQ1-I83i_tqYP3W8pLM0UJbpNd2Bg,Cameron Thierauf,https://play-lh.googleusercontent.com/a-/AOh14GiQ8G3QnScsWEaiR_uDaT2IgLWX0JA0N7vMWcTMCA,"great face paced game, lots of fun",5,4,1.1,2019-02-14 20:04:28,,
gp:AOqpTOHUotCh3_UG9xxYAVw8sNCEUoa7qBbGLn-oDaAnpro1EsLNtWgEG161STeAdO3Llq_5w_ill_z38mWASw,Yesenia Benitez,https://play-lh.googleusercontent.com/a-/AOh14Gg4P1f4Y4Ks0SK5L-YqqN1nIj43T00snKjGbKYEuA,addicted!!!! 👌💯,5,0,1.1,2019-02-13 18:06:50,,
gp:AOqpTOFNpdfLaSp2adAfu__LIW8fzxqYNCRE7sX6ZNMeUt3RsPKMMWAbBUQwgsLS4zba0K271ZZDo0rVKx56Qg,Deidra Bennett,https://play-lh.googleusercontent.com/a-/AOh14GhBaOosa8ECGrnOdRT2BaRXglfRtm9oZuxiX57Wt3I,I own all 3 burger shops I really hope they come out with more games every soon,5,1,1.1,2019-02-10 21:48:51,,
gp:AOqpTOGI47XaUgbyap0igZZVO7_vif-dY19SRGkYeT4iNJAFloqfSoWeA1k7jGFc5Q_y18ZmmRt9Hzm-b6oKFg,Ellena Watson,https://play-lh.googleusercontent.com/-Fo2CVettIyI/AAAAAAAAAAI/AAAAAAAAAAA/AMZuuckO2hWwFZiPCI4Ah3VtmHD-Nn4uzw/photo.jpg,"The BurgerShop games are the only honest food game online. They say free....they mean free! No need for diamonds or stars to advance, just your prowess with the game. Its challenging, fast moving, with cowgirls and clowns. Really....what more could you want!😊",5,74,1.1,2019-01-26 07:31:02,,
gp:AOqpTOEEReqBZCh_MmoRSye-pvG8fXjsivGI50eEJl7OoIV8wQctrCWnvCrhs5snB2B98phI9-ifaoov-ea3rw,Lisa Perry,https://play-lh.googleusercontent.com/a-/AOh14GjGdfIv4t26s1hILxN_uAOaPI-zE2orPRb0XPQwpQ,love this game,5,0,,2019-01-14 08:07:06,,
gp:AOqpTOG1x7NGkpx05DwPLR8gXy06FCHMqLH0pDIIfsGNScXGOn20iXFCZ27lwkGoHqpPtHGhk1IBbarqXIH5Ew,A Google user,https://play-lh.googleusercontent.com/EGemoI2NTXmTsBVtJqk8jxF9rh8ApRWfsIMQSt2uE4OcpQqbFu7f7NbTK05lx80nuSijCz7sc3a277R67g,"Much like any game, it takes patience and a bit of skill to fully beat it. And now that I have, I give this game 5 stars! Relax Mode helps you relax with the orders while Expert Mode challenges you more. Love this game a lot! Can't stop playing!",5,87,1.1,2019-01-10 19:47:36,,
gp:AOqpTOGWEIcsuVlB4h78wtg8akBuxGdW5Wxl2eijg8LsKGsRoE-V4nWNoPWopw-MZWYKxsligovOy5FjOOyHrw,Matthew Carlos,https://play-lh.googleusercontent.com/a-/AOh14GjaXEZ8i1hKiWen_cSu76liwAitmllx32wSe9GovQ,Great game! Definitely worth the money,5,1,1.1,2019-01-07 04:40:30,,
gp:AOqpTOFUVxD6XXN5GAuGvEffvTY5fZBv1lDsoe196K7_yCAo6zgbZLew-mWBAisQ7qqFjeSCKsgQk-Dn0ymbXw,Ktanaqui,https://play-lh.googleusercontent.com/a-/AOh14GgcSPQTQ3huiibF66lKigKrgXgGaPh6bvbwF9Ws,"The right kind of sequel, Burger Shop 2 brings backs everything and more that was great about the first game. It even goes the extra mile to skip the slimy microtransactions and ads, giving you a full, complete, and beautiful game up front. Thank you!",5,123,1.1,2019-01-06 20:53:17,,
gp:AOqpTOEujxX6iewXfGD_MO7Jq0noxCxxlDQNIFnef2oCYj_c_0d5rnEglgcKN_U759t4ZugCKWA6FxddbeUX9Q,Lily Lian,https://play-lh.googleusercontent.com/a-/AOh14GgEeUfmX57-C7BDkrl6cdcshdh7cwAbw2bYi-9MVw,best ever game,5,0,1.1,2018-12-25 20:21:04,,
gp:AOqpTOHv-Ypxt3rxd0IPodQgErKDwRIq81tKjmwLFlgYwGobRfPCMmNygv4FZXLpL68FIwfeIw2Tx74Er30C-A,Stephanie Lowe,https://play-lh.googleusercontent.com/a-/AOh14Ghd-vvY3X-CxA1aX0KmylDYMQnrIj18KZuIWDyD,I love this game!😊,5,3,1.1,2018-12-14 23:34:44,,
gp:AOqpTOHNYmg7f36EmnGVLBQ9RwWUNDZ78-qCjNrAoV5EMORwKyhWg0P3mSkvZSSBopI2O6EJgE7iNvTjoIVP8A,Angela Kitchens,https://play-lh.googleusercontent.com/-Z1K1w3K8i6c/AAAAAAAAAAI/AAAAAAAAAAA/AMZuucn9rQ8re8u9NzRLkcoxUuGsrAwMaA/photo.jpg,I love this game.,5,0,1.1,2018-12-01 16:53:47,,
gp:AOqpTOERtKZ1rxEVcLyxNE0C869QG_O_IpJ56nZA-tvK924K2ItF85eunX8plQ_y9bobpBwXbgRMx4UbzPJwDw,carebearkiller5,https://play-lh.googleusercontent.com/a-/AOh14GiTbXPCVPwPK6zghVkFDzY_qpmQ3KpRxB65yAb6ZFk,One of my favorite games. I love to beat it with all stars. Enjoyable replayability.,5,11,1.1,2018-11-30 13:22:58,,
gp:AOqpTOGveu0QgGmwT4wH-WvPlI-kHp8dGPOEY_EEDhmUct2Z1vftAgR1795kdHXUrTW_MSeTt30esjok_mGlGw,Anita Locantore,https://play-lh.googleusercontent.com/-AlSlIYOWRwI/AAAAAAAAAAI/AAAAAAAAAAA/AMZuucmfZpiv0vy0prlBBKwQoBZMV6hqqA/photo.jpg,Very much fun with enough challenge and options to suit any mood!,5,5,1.1,2018-11-24 13:49:40,,
gp:AOqpTOE7uV2_VU39ZW3R5uV_HUU5fvdHzdaybhF_hLk3CLJakBs13hHB0jF8Kruv-g6a1zhWaj8Djhewn8QybA,Phil Taprogge,https://play-lh.googleusercontent.com/a-/AOh14GjGb1ljCWN3d2MtleULkEVpaQQEuRaum99iH9r76Q,"If you played the first one, this is more of the same, but with more variety.",4,14,1.1,2018-11-22 05:05:04,,
gp:AOqpTOH7MxtYJ12Tvb-CmN_dpKKQuZ23SUgXB3a4aXwTUfX1oagVYx34NFVM9pxIH5iV2E0xYdK-EvZ0ReSfNg,Linda LaPrad,https://play-lh.googleusercontent.com/-VHn-jLS6NGU/AAAAAAAAAAI/AAAAAAAAAAA/AMZuucnnDN3mCYrwt8RTq6FCEe1LR6t97A/photo.jpg,I didn't see any difference at all but still enjoyed playing it,5,9,1.1,2018-11-02 14:26:10,,
gp:AOqpTOFry-lsIIS0UnG7DyaWkZrqHVk3SZBEu3ufu5VAparjaWo8c_WgKj6Y08rxY0PYNKCmuWYlK-CVwixZBg,Deirdra Megowan,https://play-lh.googleusercontent.com/a-/AOh14Ggc1yl8NtcoH7X7wMJMhm7QNaX7VKdmevlzFBhqLg,"One of my favorite games on the app store, so glad they came out with a 2! Challenging, but not absurdly so and enough to keep it interesting.",5,28,1.1,2018-10-27 14:36:37,,
gp:AOqpTOGpr1llnqlHrHPQksAV5WFf4w1d_5wZnVN22Rn7LOyRJj4aIs2o6-Z7jtgh-N3LoDC7ZAiRPxy0yeiN5Q,Edna Dillingham,https://play-lh.googleusercontent.com/a-/AOh14GhDAh3ZMX2WPkPFGPNmBgKoQiw-oBWWMKBmpnEL2vI,Love it,5,0,,2018-10-21 12:34:05,,
gp:AOqpTOHO7yM0D7w4FlsX0Zy694wYXZgRMtjmhNDhWjaJiSRyxHVVs6u2pvobfVeI6gAYCuV45XYHcXPdFuRMsg,Sydney West,https://play-lh.googleusercontent.com/-oRD9mC7q2uE/AAAAAAAAAAI/AAAAAAAAAAA/AMZuuckOMYoeFEAO_lfuaWwkWa6TQseBLw/photo.jpg,Best computer game to app adaptation ever,5,4,1.1,2018-09-28 19:52:34,,
gp:AOqpTOGUT3avngu12XeWVT6L9b9jcKGvu19xAzjeIDdyL1VCIhFIJ8yOOZqTzrkTUg1l66do1ro35jPgDH6Qnw,Andrea Brown,https://play-lh.googleusercontent.com/-SGq2irlRlGs/AAAAAAAAAAI/AAAAAAAAAAA/AMZuucki2SKn2uhIwUONUiolwFUvpuizTQ/photo.jpg,Good times!,5,3,1.1,2018-09-27 22:41:28,,
gp:AOqpTOElmCXAp_wyzUjAjwQqAKINfIKk0QQpkUUGgdZ2DYPknVb_pW6nn3afetMRR-0OxJhD7bd5FHzKrO8HjQ,Melena B,https://play-lh.googleusercontent.com/a-/AOh14GgCE1SZ1wB6XugkAwinT9CwHo24r-XGKH1z9ly0Ag,Its a good game to pass time with i enjoy it.,3,5,1.1,2018-09-23 21:36:29,,
gp:AOqpTOFl8VkmwX_yPA6jWWBmyNzaTGXNvIFZQhJj7NEVX2BC7KXskwSOvzo4LCf7avgW-qX1SfHICdhh2SU5AA,Santashia Gaston,https://play-lh.googleusercontent.com/-mJopQAKDPTs/AAAAAAAAAAI/AAAAAAAAAAA/AMZuucnwJlZOCUv6YVGtE7po5FTG2gztSQ/photo.jpg,I feel that the game is worth it and still have the same story but more different as it brings new surprises and exciting challenges as well,5,47,1.1,2018-09-22 19:49:16,,
gp:AOqpTOEOVERinIvRT_T7DM8nA9lDU7VBA2lt1cGYrLHIFPBLNJyElC8yArXPIlJNQi0ryP45XSCOyvr7q22bXA,Terri Townsend,https://play-lh.googleusercontent.com/-6gaUlchGbIw/AAAAAAAAAAI/AAAAAAAAAAA/AMZuucnnRKgXv3pZfz4i3_wnBTkrkuVUiA/photo.jpg,Awesome game! Use to play it on the computer a few years ago nice to see it as app now.,5,14,1.1,2018-09-22 09:33:35,,
gp:AOqpTOHqrTz2vttGsMnLkFNsmubifmB9RBHw1cvZhnY5099ElJc704q_HNWxa6OmjuQshHuInDsn-UDGGS12JQ,Paula Yates,https://play-lh.googleusercontent.com/-xHXwriKXrjM/AAAAAAAAAAI/AAAAAAAAAAA/AMZuucnVt5WZ2GU0iiAoUDRT0dAf2ubLIA/photo.jpg,Amazing game :),5,1,1.1,2018-09-21 15:58:11,,
gp:AOqpTOGMvfxAIyKDqiNTNn80oqdAzskt6RzVHym-vjxsD_onAVg9oWkuuhHKZu5sXr2x7TcqYpHMxKi7Ol1lcg,Angel Quintos,https://play-lh.googleusercontent.com/a-/AOh14GiEotEFuvCF2HU5Eq20MyprRtL-zVYmhRDh72Qj9w,I LOVE THIS GAME VERY MUCH SO ADDICTING 😂😍,5,4,1.1,2018-09-21 04:21:46,,
gp:AOqpTOGlgnZdJ9pM6eBeZmJS-mZ2R107KneUCipcemblIQvXykAtTtl0TvpFV4C0_s9x3L6dhWM8SpZmBMAzRQ,KK Willis,https://play-lh.googleusercontent.com/a-/AOh14Gj3mMWEvs_EEwgYw5-i5uCPg2z0ex4SQfyV58982A,Love this game glad they finally put it on Google,5,1,,2018-09-17 17:14:41,,
gp:AOqpTOGZ2dzhwIQRewtsLLmIFQVrrTyP4KisIdlleR62rLgshAgHPsqZBQkOvbgDjWTAdQLo0L_fH51VzggPtw,Mahiya Bagchi,https://play-lh.googleusercontent.com/a-/AOh14Gg0wwZiuXeEiCHkJcf440rI_PvPGS-ajlA-ObskUw,Wonderful game i loved it i am in the level 172now!!😚😚😚,5,10,1.1,2018-09-16 00:20:29,,
gp:AOqpTOGPY1InGdrXJnwN9GKvmtMvRilOgtV1wBjAIiSKD6LfRR9DFPMaS6yGltYm6-LURj5HEtz72nD_uXBJKw,Jane Callan,https://play-lh.googleusercontent.com/a-/AOh14GhtRHDXhVMDkld-py1FAl6QcoAOah-ixKMqRKQkcQ,"Best game ever. Loved it on PC, love it on mobile ❤️",5,10,1.1,2018-09-10 11:07:46,,
gp:AOqpTOEQUpAc7GzsOx_Cw8t8z8PQj892VrRD-xXZthWH5MbHLsRFEiCDlLotFwKO5TudsF6fdYLIoL65jsMmHQ,Sotiris Tastanis,https://play-lh.googleusercontent.com/a-/AOh14Gi7YNaK_xo4D1dOx9Yp1i8sfuKiN3OnenA0bs---Q,P e r f e c t i o n .,5,0,1.0,2018-09-01 11:01:50,,
gp:AOqpTOE-b73FX05JGWmEYvOZz7gHcrT7-2reeMvl2kRX18LFxJkVDEpF7lotXlIbOOzoY1hzcVGMkKWJTnalYg,Erica Nic Rainne,https://play-lh.googleusercontent.com/a-/AOh14Gi-cRGLIiiIK0CG-jn4XrJV3MML-njjVH71CN8RLw,Absolutely LOVED the first burger shop and was so excited when this came out. Well worth the purchase. I only wish the game was longer and had even more levels. I'll be praying for a burger shop 3 at some stage! No other cooking game can compare 😊😊👌🏼👌🏼,5,2,1.0,2018-08-29 09:45:22,"Thank you for the kind words!  We are working on Burger Shop 3, but we do not have a release date at this time.",2018-12-13 12:00:50
gp:AOqpTOHYk41qjQ4Y6ApZV5FFhuFLI-UF1FrGyKfBZoouBqRZN2sQk3Bw62HUGacUu05qopVgcsLh7rx-t7AbiQ,Aldi Rahmansyah,https://play-lh.googleusercontent.com/a-/AOh14GgRH8SjplIvusM3sE9dLUPBPyo_yNRdHZ419Z_i,Fun game!,5,0,,2018-08-25 00:52:17,,
gp:AOqpTOHK-Br2hOmA385ViJ_2Wf1VG56scU65YWXQiF0BEpWIZwrVQYJhk2hwNqSpJ3AfvA_dqom0VX0zpKpSgw,Tonia Wilson,https://play-lh.googleusercontent.com/a-/AOh14GhL06LTbYI6vyVZoKjXYAGqHsnYYwpCEXmk-IdeDQ,I like this game,5,0,1.0,2018-08-22 20:00:07,,
gp:AOqpTOGgTJlt17wrtn7ArbMQteSl12ZIxZV9gdKgO83ap8ii9VV7m6h8Qfg_SHONTokC3jTn1EucE786VuIVVg,Shadonna Webb,https://play-lh.googleusercontent.com/a-/AOh14GhwQoEtajmJhW_grQBtiqaKlGp-Xp73txMaM8v7Z4s,I love this game I have it for PC and phone,5,0,1.0,2018-08-16 16:01:25,,
gp:AOqpTOG4Qh8S8Kd4wrt0YZdKuLFshqMlFkttWtPMdEbSRPELSGGr5pCaaaojWZfVrDE9A8wh1sEAMEd3HaqkPw,Mona Marasigan,https://play-lh.googleusercontent.com/a-/AOh14GifKbH2QzlDJBEEDjkQ__rh06TV2LIp8IOtvIJrOQ,This was my favorite game on my pc. Still love this game on my handphone❤.,5,0,1.0,2018-08-15 09:10:22,,
gp:AOqpTOHjP5j2nRTK-3UduhHB0LVSBjAI3wh1JIE9nnIW7jrpXXvrTGVombrCmXFC8I4Iyl2rA0Q8vsxKVFuilg,Krista,https://play-lh.googleusercontent.com/a-/AOh14GhhDIze2sBHigeeQrhJQn6LlAi-VBhOhoTdgMa2fQ,My favorite!,5,0,1.0,2018-08-15 08:52:08,,
gp:AOqpTOGtTALG_Sa0lcXA2-4DiE4qoDt66R4WvNqutYqIyp6V_Hjbu1GwgKWA5FzFydP3vkOqVTcPIpVdYiHgwg,Mayra Alvarado,https://play-lh.googleusercontent.com/-2N-jmVkWFN8/AAAAAAAAAAI/AAAAAAAAAAA/AMZuucm9pSNL_QPoome4C4co0y2cdDD7sg/photo.jpg,It's a fun addicting game,5,0,1.0,2018-08-10 22:46:11,,
gp:AOqpTOFpD3yXScsckbrPDHpXJEOkuZb0bXSQW_-ZQ51luHsjzJ-szlXxGhS9ivJRzkISD2vyQe7K9lLmn0mSNg,Rachel Osborne,https://play-lh.googleusercontent.com/-gUe2hEkF6Cg/AAAAAAAAAAI/AAAAAAAAAAA/AMZuucl-0IgX3HNgXHHEmf6ArW9YjH676A/photo.jpg,"I love burger shop so am so excited that burger shop 2 has come out. Every 
bit as good as the original, slick gameplay that feels good, very addictive 
and with a big dose of humour too in the story and different customers. 
Well done gobit games and thank you for another top game.",5,1,,2018-08-08 08:15:07,Thank you for the kind words!,2018-12-13 12:01:36
gp:AOqpTOHgBcgu0b3Fx1hM6vUbcctKiegvvm8gTf2FZ9B5m1WDnHepTx0LJ5REaWSGS4eiwze1jZQzVLckh8YLmA,TransmissionFilms,https://play-lh.googleusercontent.com/a-/AOh14GjaneJI_JFRiAndRZEhk8IkhRO0QUR0V5rv1jnr,I love playing this game,5,0,1.0,2018-07-27 10:58:21,,
gp:AOqpTOEBOMM2rmZYDsd-1bwUzO_z9rhEhVgRFYmq6hs-hqCxy1jrYtgSQIMuWflt7iDAkOUiQuGb7b3hP-uKsg,A Google user,https://play-lh.googleusercontent.com/EGemoI2NTXmTsBVtJqk8jxF9rh8ApRWfsIMQSt2uE4OcpQqbFu7f7NbTK05lx80nuSijCz7sc3a277R67g,"Fun, simple yet challenging. Perfect!",5,1,1.0,2018-07-23 11:54:32,,
gp:AOqpTOE0baLJ7rHVuOrsz4rC7vW0_pHitreBN2UefCrev6OygpY0aZV8-VVUaJJZPsWRyC7u7J__ZsXgawr91A,A Google user,https://play-lh.googleusercontent.com/EGemoI2NTXmTsBVtJqk8jxF9rh8ApRWfsIMQSt2uE4OcpQqbFu7f7NbTK05lx80nuSijCz7sc3a277R67g,I love this game,5,2,,2018-07-15 12:43:28,,
gp:AOqpTOFSU26iv76_LvZOR792n-63TRwA_schDRJt5CakD7KdqsHGTA_S5R0MClYiuds0SfODRtgULmnF_5LOlg,Henry Boyer,https://play-lh.googleusercontent.com/a-/AOh14GhgaFwVp--be5rkGaI7yvG53LiBVxvSoyg-fF1fZg,I keep playing and playing can't stop,5,0,1.0,2018-07-07 20:20:39,,
gp:AOqpTOF5iRwKr_n0qqG425fKo7_T1ynuNmbjp_MUzin_MfHShVG7vMH6rInRGrrN-oS29E01jmU0HaSmfcgNhA,Andy Nystrom,https://play-lh.googleusercontent.com/a-/AOh14GgpAaTDqZZS4ql_kwO0ZHqInSz5uofjiNxy_tvAeQ,Awesomeness,5,0,1.0,2018-07-03 23:53:27,,
gp:AOqpTOGSCQfbX7wacbWZI8dZjDktFN_9ZEZ2iLdOXEAkzjNcHhzan_UJTZxaqadNgHjiu25B7s2x4HXIdkNCwg,Kyrin Harris,https://play-lh.googleusercontent.com/a-/AOh14Gg3OhilbSM3KNhErtP4_oD4bGY5-SsT3cDDpxkE,Glad that is on the app I like play this better than first one,5,2,1.0,2018-07-02 22:02:52,,
gp:AOqpTOHEnVOdIcxnzlO9N_V0DEJ3C3c_elMU3QnN_7b055V2vtJmNOhUS9FnpqIPh6NOrNb0NAG7fTc36LX7XA,Rabia Usman,https://play-lh.googleusercontent.com/-pTJxCYZFWaA/AAAAAAAAAAI/AAAAAAAAAAA/AMZuuclu9tqePw0jd-V5ngLzNjJLohvHfA/photo.jpg,Love it,5,0,1.0,2018-06-28 09:27:08,,
gp:AOqpTOH-xu0AHJ7E45k7hpjULUQzGYSyqQhcYxHpx0iUQuLtS_DDBLp6BC9cW8-FTw1YbXtsDyDeinWQeQVMhw,Linette Pope,https://play-lh.googleusercontent.com/a-/AOh14GgWut7rpyoU4ARe7pEtXewqrnMNqVpDI8xF3JhJgg,"Big fan! Been waiting for part 2 to come out for Android! Love this game. 
They should make part 3!",5,2,1.0,2018-06-24 08:29:45,,
gp:AOqpTOGuGi84W_bRG2M7K3xI5RlxqYVhaoahC-muduKlWr0z4iIb29H7RYYswsyATPiPSpIL9IuiEQAkrGy5Gw,Donny Vosburgh,https://play-lh.googleusercontent.com/a-/AOh14GjZlKz5Wi85sT0vlCzvadO5q8fOKCYoGnMmdh2Vqg,Great game! Very entertaining!,5,0,1.0,2018-06-23 15:15:50,,
gp:AOqpTOHsmYjFSjJ3jiQzXI6i-6xUl6k7BLAuafdISB78KtgPLEIeFebWlTODVeHqQrzT_epsHn7m5TrMRy5PwA,the magic series,https://play-lh.googleusercontent.com/a-/AOh14Gijfcw6F52IK7JaiKxPIcKgK8n0c8r9PiugdKJwpA,I love it everybody you should buy it!!!! ....... NOWW,5,0,1.0,2018-06-23 03:04:53,,
gp:AOqpTOFCaCZa_JljQLNwoZAy9TU5Zd_EB3PNDDSz50qycfbgnXsFfLjTf3qNEKkPCrxC3mLq1bMGHSX4qbEb5A,Maryna Yurchenko,https://play-lh.googleusercontent.com/a-/AOh14GglPgzfEzyCL1KtsO5kQFfNWGA0J2bX2h7dGPgriQ,"Love the game, no extra purchases necessary to play unlike many other 
games! Graphics could be a little better.. And so far there is no 
difference between the free and the deluxe versions...",5,9,1.0,2018-06-21 09:27:44,,
gp:AOqpTOHRCzcf2N5dQOcNzxjd_eGGkBs74Ecp9xcvV0ubzuc25D4Qt5lLnX_htkQCX7mhhpibX5lggkEyqSbSiA,Denise Brown,https://play-lh.googleusercontent.com/-dUoKckNR-KI/AAAAAAAAAAI/AAAAAAAAAAA/AMZuuckLPABqgy331-rysqh9-YTauOOGyw/photo.jpg,Loved it! Been playing for years! Never get tired of it!,5,3,1.0,2018-06-15 23:40:48,,
gp:AOqpTOGUJUxB4GcW8_Me_bWg7RMsELgy85w_m-yw6svJEm4COV-BkocURrQQDY2mRYFY0Ym38Onw1C6V51SeDQ,Steve Olive,https://play-lh.googleusercontent.com/a-/AOh14GhbXik3Bt8pucTwXeX3IL7cgkHEamrr3FtW-ZnBsw,Thx very much,5,0,1.0,2018-06-14 09:32:58,,
gp:AOqpTOFl-Z0HqnvEzI6NpcywujtwQDr7PtyWO_dRo4BqPpOLOHUVyW8UR5cIxFgOv2GbvpAfFlDhzSpLT9ThHw,SINTHEMIX29,https://play-lh.googleusercontent.com/a-/AOh14GhWifdr5SGNY1bfcwlOwk0gY0f3nrfCXF6hVrWv,"Brilliant. Had this years ago on my pc when it first came out as I'd played 
the first one and loved it. This is brilliant on Android too and would 
highly recommend if you love time management games. And it's so cheap. I 
also have the first one on my phone and when I saw this one had finally 
been added I bought it without hesitation or checking the demo.",5,7,1.0,2018-06-14 09:12:36,,
gp:AOqpTOGhsbJbGmmVAvk8YB9D7kjKstxZmeO3Vo8Mio1udweBO7HxTmoBBpTrJ0MZCL29SQG2oDTU2vihBqMAUg,Angela Easterbrook,https://play-lh.googleusercontent.com/-lwFkeEOIZJ8/AAAAAAAAAAI/AAAAAAAAAAA/AMZuuck26s1uRbdMJUBXLovDythyNC49hA/photo.jpg,Easy to play,5,1,1.0,2018-06-13 04:59:43,,
gp:AOqpTOHMwUfNPRJF00jSXu41g1Bs9Pj1TZGoqzdQ8QqATYfhJ0HNQZQAjvH0e4FLA3dSKjNtzJFPCXMkJCsrvw,rmg xeno,https://play-lh.googleusercontent.com/-AggtdP5u8tg/AAAAAAAAAAI/AAAAAAAAAAA/AMZuucnkXTGGGitfwgOYy1EiWlS7TJROiw/photo.jpg,Always loved these games and was so happy to find it for the app market,5,1,1.0,2018-06-01 10:41:11,,
gp:AOqpTOFaj1UKb9NN2TlwZM5B8CMFjyvNMsPgoHZ3G6ZzK_6iCFGmVa11j6-GRH4tKUN7W90JLFLpmXNkdB3q_g,Sabina Petrine,https://play-lh.googleusercontent.com/a-/AOh14GjXth0X4HmuyEkMo91XGT59uB926PRszL7hd7IZEnY,"Love this game! Have it on the PC as well as android and it's great fun to 
play. Hoping for the 3rd installment",5,0,1.0,2018-05-29 13:42:28,,
gp:AOqpTOG3qBAGmgCl0HbvERblKO0Tpwl0zTqzs0x_RmP7cKrpWs9unHnTAqmakJIRYh8s6G4ysslGYjQeiU_YEQ,Silvia Sandy,https://play-lh.googleusercontent.com/a-/AOh14Giweq4klb74txuALddJ5rrAkHJCQHjiUp_SIoZIqA,Really addictive!!,5,0,1.0,2018-05-26 07:04:33,,
gp:AOqpTOGGIaWWA3kahV8HaAZ39rWvyng-H-W2i-lNZFMrIRAKJL1MafhoWz1sd5Vu2u7XEjYknlucEfM3Tymgng,Elizabeth Fung,https://play-lh.googleusercontent.com/-T47ulsaEv80/AAAAAAAAAAI/AAAAAAAAAAA/AMZuuckOlGC6xRwEOGPUM93Si-bGdSfUJw/photo.jpg,Good game,5,1,1.0,2018-05-26 05:28:08,,
gp:AOqpTOHrHv9AWGJME21A7PRL7lBkozBU1j9tXXGTBf6FxLIk1ahtkNHPWqTo_ThX98DCSTAxwpYhruEAUZVd6Q,Ryan DW,https://play-lh.googleusercontent.com/-rwPDwjXTvRQ/AAAAAAAAAAI/AAAAAAAAA70/AMZuucmpkHZk9qPHVvo-nTiPjFk89C7gpw/photo.jpg,Fun!,5,1,1.0,2018-05-25 15:12:03,,
gp:AOqpTOEjK2gzP7Qxa8ZG1gVKNjksm84mLptKgeNDdRGful6TzF9u9G907fD4rKrmlITJTmjCaAFaSaDPjI-AtQ,Tooty Thomas,https://play-lh.googleusercontent.com/a-/AOh14Gg_Z_SiWmtGH9V7FR_dSYBaMCtckS9D9swBZbOBWg,"Please make a 3,4 5 I'm waiting this game is just awesome I love it very 
much",5,1,1.0,2018-05-22 12:44:38,,
gp:AOqpTOHDKDD_jL_PR2ucNkSubj_E5zGW9dY2i7nhRK1SsjbVewerdbd1wc1B1jJ71EoiNdzaJmYMyM-p6Zp5fA,J Davis,https://play-lh.googleusercontent.com/-VpjnOQbJ78Q/AAAAAAAAAAI/AAAAAAAAAAA/AMZuucnIcGd436pWeEyNi9K0jQf1dR5ohQ/photo.jpg,Just as fun as burger shop original. Love them both.,5,1,1.0,2018-05-10 10:05:49,,
gp:AOqpTOFgEm57oVBiDeW2sdbpKDGSOJyG3AXEdqMHwTnxaYoZf1Qt-_a-pdqlYvSnSq5TwPzu2pwxWJS1iSE8_g,•,https://play-lh.googleusercontent.com/a-/AOh14GgNGkxYS3YDLTI8v5Q5uYlTAniKopYX_QlsWYqIEw,"I played this game when i was just a kid. Now im 13 an i love it. Thanks 
for the game. Plz burger shop 3",5,3,1.0,2018-04-27 08:44:15,,
gp:AOqpTOHwwIqcAVlLJ8CDUDSvDTlINrfZlrL68KZFmziRQGn5r_FEHyGkIURbHlkihajMxgrU-shM1YtGumzqyg,sonya webb,https://play-lh.googleusercontent.com/a-/AOh14GiOdWehTS9pP_6jQ3gFmj3F0f4EFVgFls8ZGlo2DQ,Waiting for Burger Shop 3😊😉,5,1,1.0,2018-04-24 20:30:20,,
gp:AOqpTOHKlu-OJRRfc6Ei96UNPibr-NOn-m1PtmlVv0G9GY0j-O0OXqYvONEJu4esYgFvSJdAYm7ahIghD8BEWQ,Laura Armentrout Hubbard,https://play-lh.googleusercontent.com/a-/AOh14GhT_Bya_E-pRWkyFddC3_Hufg1plizl4pOO9zLLyA,"Fun! Stresses me out a bit but, fun. lol",5,0,1.0,2018-04-24 18:33:22,,
gp:AOqpTOG4QSABodM7dos0dG84lVnpDunVsV007ESZrNpQuU5CUyhvz76FsN2EFXBvvbhesp2aijxgCHGkOR4eJA,kaylee rodall,https://play-lh.googleusercontent.com/a-/AOh14GgBw4zHcoDfl8Um6e8fAkwBYbU0iq0V9RBv6t_4nnI,Great game,5,0,1.0,2018-04-24 10:28:09,,
gp:AOqpTOGJhMq6V1SYX3T4vZUj1HJPDp9FbKOdI3O3sBHNeZUc7iZbia0YP5EVOJLivXAD_JMN8SaCMnaYUFlx9A,Angie Jackson-Gott,https://play-lh.googleusercontent.com/-DFfi3api_XM/AAAAAAAAAAI/AAAAAAAAAAA/AMZuuckhJ8sFJHnCThsEon4FViqJOcn3mw/photo.jpg,Fun time management skills game,5,0,1.0,2018-04-23 20:04:18,,
gp:AOqpTOF9OqNlj4JLFJowwpyv_zxuZscjdA6SVYdAnWlF8EVoCL0107ak14NsNwRPHsbb7sjP-kcUuzmbe14_5A,Victoria Pitts,https://play-lh.googleusercontent.com/a-/AOh14GjJWYjiuf5aCxJ9NYcz5GWFYpUnvNMVNm6Pp0WiBw,Ready for #3,5,0,1.0,2018-04-23 12:34:42,,
gp:AOqpTOGhsEwv4VDYHf0EONzQZePeiNp8FjU84VDcMpZfcMG-Xgd2hZXEhGjJvISNGtRzHLynJVfQ4BrLDXhGLw,Paul Wallis,https://play-lh.googleusercontent.com/a-/AOh14GhJbb0ZIFQmOIcdoGkMg83WPPGJ_fs1AFVLeUHF,Still great game.  Now even better on android.,5,2,1.0,2018-04-19 09:36:23,,
gp:AOqpTOGOPGSxXk9IuM8D3AMpbg-8RB3RVQznWvEsEU53kpUg6OmQ5mPQduYyvBD3mvfUltGq8S0ayhjUDeaSMQ,Sara Wilhelm,https://play-lh.googleusercontent.com/a-/AOh14GgWVWBdw9bQ_6EdroX229P2qq209VTGQNxMqFTl,I LOVE this game!!!,5,0,1.0,2018-04-18 23:26:10,,
gp:AOqpTOHltjn6XjX5jwdPTAlqKnrEYxsXaV5Kfu2k__QAOXvO41Y9q1YNYlPddaIRNJnhQircKH4ri86D2qPMJw,Joy Bates,https://play-lh.googleusercontent.com/a-/AOh14GgEqVbsIVYnWPMFg2-kZ3pf6oLE6WAQ_zzLiCt4Pw,This is the best restaurant game I ever played😍😍😍😍😍😍😁😁😁😀,5,0,1.0,2018-04-15 08:55:35,,
gp:AOqpTOH_lJBpSmDrYKiI10F_uLZuDABPOWJ9S4Vsgl9perRdN-5IX7A6tggAH5_gWUNlnQm2tN2CmTALJ-mqhg,Karen Christman,https://play-lh.googleusercontent.com/a-/AOh14GikUBRxf1pxLQ5YHU6fF188tMYfHUJAygmL3t5qaA,"I've been waiting for this game to come out on a mobile device for a while 
now and it was so worth the wait, it is so much fun and a great way to pass 
time",5,2,1.0,2018-04-13 02:35:10,,
gp:AOqpTOHROTYGQoCi9FUXC_M7QfL72BuwxZ6aVaIOslFt5Gh_aOQj6wwpQWT4McIaCEI_NVMjxYcjAblmDOckDA,A Google user,https://play-lh.googleusercontent.com/EGemoI2NTXmTsBVtJqk8jxF9rh8ApRWfsIMQSt2uE4OcpQqbFu7f7NbTK05lx80nuSijCz7sc3a277R67g,"Super fun, been waiting for the mobile version for ages!",5,2,1.0,2018-04-12 15:16:45,,
gp:AOqpTOGiScoqGA16CkJFcGhiy9tl04lkr5eqgO5dkwHda6p-zzPV7JvlJx86e4TvOdVpQVwWve0iU-r0vfr8IQ,Minecraft god boy,https://play-lh.googleusercontent.com/a-/AOh14GhwFoyKiIn0ojZR9UkRFdTrJwVRWWZpLSWTLBnHIw,I always loved this game from the 1st time I played.,5,0,1.0,2018-04-09 18:04:44,,
gp:AOqpTOF9FuHQc9dFPAblFqF-NMcBe3CavJZQM10JXxTaf81JJfc8gkJ6OpWwG0bGxCyrTbTnBvXWWQhpwnSi3g,Charigold Malapitan,https://play-lh.googleusercontent.com/a-/AOh14Ghhlpj9Ol8gd_rhbfIYPnxLXMqeeda2xHKXtJiO,This game is totally the best burger game ever!!. And I love playing this game so so much even if the burger games 1 and 2. But this is so cool and more much enjoyable I taught.. And I do really definitely love this game so much!!. And I already finished all the levels on story mode relaxe mode and most especially in Expert mode. And at story mode I realized that the alien is my boss. And also the owner ahahahaha.,5,10,1.0,2018-04-09 05:16:17,,
gp:AOqpTOFbUdT9QeKzP3i1gvtcZMiXK20ZAg_8-Rtjv7AKjwYfKc4uV0C9aih4JCtWmIMEx8lysxYIaAF-7khWQA,Amy Wright,https://play-lh.googleusercontent.com/a-/AOh14Gh9B65CkqsEG_vXTqV-KPX-Y6Q_aqd09HMiLAyK,Can't believe one of my all time favorite games has a sequel! Yay!!!!!,5,3,1.0,2018-04-08 19:58:45,,
gp:AOqpTOEJ2ty_jpEeQOW8Wb3mmxP9XQKOlQO4iPHkcT7Df2tQ-MMGIL3iZhyxgtn1Y-8ftYzZOrYfTM_HG5BJ0g,Elizabeth Vaughan,https://play-lh.googleusercontent.com/a-/AOh14GhAfdbrQCG5R3WgvRwePAfb82xImctmp8JxV8hPpw,Love this game,5,2,1.0,2018-04-03 14:19:38,,
gp:AOqpTOGnvX3IdAuhVTGa0NLcNcapLqA_sNPdZ2PLmUp2tJmbMhm-XZ8bxX0YG0nX6EvtaDB6lrUI9P-S2iFULg,sharon van wyk,https://play-lh.googleusercontent.com/a-/AOh14GjH41Jp5-BvuRPmKv94xahWhLsJL3FRxjM-9drPLg,I love burger shop!,5,2,1.0,2018-04-02 07:28:21,,
gp:AOqpTOG5oK5-aFMINahQOmYPOzpXwc9rGO08dz9HXcxrFRrAFBlrJLbquIThDGi1Y8YH-y7Gt3bTUMd-KnOgtA,Abeer Maadarani,https://play-lh.googleusercontent.com/a-/AOh14GjvEN1QJBxLQnq67fhq4shjp6_PU2-I9xlJO-Jv,"@GoBit Games Thanks for the heads up! I found the aliens in expert mode 😂 I finished the whole game with 5 stars and I wish it wasn't over. Good game length if you're looking to complete the whole thing! If you're bored and looking for something challenging, this is definitely a good pick!",5,41,1.0,2018-04-01 12:11:21,Thanks for playing!  You will (spoiler alert) encounter the aliens at the end of expert mode :-),2018-03-27 21:18:39
gp:AOqpTOHol79fEH7gbOT3jvb_6EFKt7jowLMSUJPQ7E1PYoonP-UJorcXi6TkbuUaxqNlWMOaHs_GMD6lEICFlA,Cafel Ong,https://play-lh.googleusercontent.com/a-/AOh14Ghxq7umjX5DT7m2nJWGRcs13vYGQdvcgBjXaYPA4g,"I'm waiting for this sequel at mobile since I'm playing at pc, really glad dev can port this to mobile!!! time to get waste again for burger",5,5,1.0,2018-03-31 16:28:34,,
gp:AOqpTOGYE5P8XlQH7YK3lHsYHWzCP3pECrmmTTBZVgHj5B9sRgBHpAZaavB8uaWO7Lp0qV1FlndUOxpVNxE7rw,Tara Lewis,https://play-lh.googleusercontent.com/a-/AOh14Gj1KN_a99vP3ZF0h4-1O9VlAkcPwpusbtyLPmGO7g,Been waiting for you to put it on the tablet Thanks,5,2,1.0,2018-03-29 14:46:32,,
gp:AOqpTOETgkC8E9_oEtYa4_q7ZNX14Bfe2U7EJ4TMd-uqWST8tirIad_B5G-BIKNeN_XqXNYx3vlurknbkb_9gA,Siri L. Bates,https://play-lh.googleusercontent.com/a-/AOh14GhL-MaOtz9agZ5VueYn9cNdI0StxXCfqloDwMsUVg,I played the original so many times. So glad they finally came out with a new version.,5,5,1.0,2018-03-29 04:39:44,,
gp:AOqpTOFxHvEJIiSBNBG7Atsin0vG-GG6Mw2bfxxY3rMtqGQEGbBNLw4qWni19hUzaWRUfvtSFsk8JeTdlSIGCw,Bianca Ilic,https://play-lh.googleusercontent.com/-NDGbA_kYaa8/AAAAAAAAAAI/AAAAAAAAAAA/AMZuucmMM77WD-8tKh7Nw_JIyEjFxkEB0A/photo.jpg,As always well worth the money.,5,1,1.0,2018-03-28 16:16:41,,
gp:AOqpTOHUxZjMQsccYncKn81oJxX6tKzraU_SM0KXVd37PJqsvEIbwhCsj_1uLpwp5mOXW6Y2rx-Nl1ml0BhIkA,ellen adamson,https://play-lh.googleusercontent.com/-isOxJGooHBc/AAAAAAAAAAI/AAAAAAAAAAA/AMZuucmXalZ-2fSkjdw172dtw2a-H3b4XQ/photo.jpg,"Loved the first game, loving this one too. Its fun, it's challenging and there's plenty of variety through food options, cooking methods etc. I'm hoping to see a third installment in the future!",5,4,1.0,2018-03-26 07:43:04,,
gp:AOqpTOF0-iQOiaHBYEKeYK4WIUU__VsEEWR1bXTllmgkgWyxAuj_LAxxhA1p2dEfTXfP7SbIzTBFjWuLCUBReA,Bonnie Schork,https://play-lh.googleusercontent.com/a-/AOh14Gg_QOAW7_veA3buMx1VuyKpg3do-CZOkDSID-MF,I'VE BEEN WAITING SO LONG FOR THIS. I LOVE THIS GAME,5,3,1.0,2018-03-20 10:35:31,,
gp:AOqpTOGynbQJDFnGi7CJW-9r9Wbu_Qxv0Uv8XuBeEPuAC0iE4dH1nPMinO7TY8FAcLc33S-h95FnHrubITtmXw,Heather Lewis,https://play-lh.googleusercontent.com/-_DBrYSrqejk/AAAAAAAAAAI/AAAAAAAAAAA/AMZuucll5PahddRyf5A_t_cOgHiOskyS_A/photo.jpg,Love it,5,1,1.0,2018-03-17 15:15:22,,
gp:AOqpTOFKFtyXU248WWk7Lp0U2xqkBuX4i0OTBJ4C83o7kQZE1xOGdrJpdr3aqrPeY6sRWRmNY2pjGAnmyEb_6A,Sins Pead,https://play-lh.googleusercontent.com/a-/AOh14GgyQhLMWnr06qMVV6BX9FozMFOSdDgC5LPzyrEk,Very creative level names,5,2,1.0,2018-03-17 04:12:14,,
gp:AOqpTOEjGSk7NbN3FPjCxZqqE_UipH9OhO-XgNGG92RAOHKqki286vz_Hwc9hq2YDitakyG-DmPot9JTDMG6PA,Linda Cardenas,https://play-lh.googleusercontent.com/-buOwCaBYfC8/AAAAAAAAAAI/AAAAAAAAAAA/AMZuuckGD8SJ5-I0QnmNDaHo2j3SAe2DEQ/photo.jpg,Great game 👌,5,2,1.0,2018-03-16 14:39:58,,
gp:AOqpTOE3Bpc0-ntwlD5hn4xtpxLUhUka-Bziy6ZEfPztfBFL6cOxfA1w8Tcv5xPpqEtor25cxJyrAPqPRxQp4A,Evan Brewer,https://play-lh.googleusercontent.com/-O4GLUaP05Vg/AAAAAAAAAAI/AAAAAAAAAAA/AMZuuclITkNfRODumddvtJkqIs88ex0k2w/photo.jpg,Great game you need to do more games like this,5,3,1.0,2018-03-15 15:13:21,,
gp:AOqpTOFuFas8E2fwuDwlp-3Ax7NjdksEimYJ9sRi4GnTFCmPDGLXdG5k3QYWURMl_GvG73g8wl2cnpe_q-CLlw,Barbara Bricker,https://play-lh.googleusercontent.com/-p_SRmzGrRoc/AAAAAAAAAAI/AAAAAAAAAAA/AMZuuckb15zE6CJKM6f5xN52ajlWDGbr9A/photo.jpg,This is a very fast paced awesome game.,5,2,1.0,2018-03-14 10:30:31,,
gp:AOqpTOESotk7XyvpR5Ekz4X8dz3nlzul2TsjEoNrx3QPJSzD8h9NZBXjrFAdCT8Ht0Nm0Wwcdqth3VeqhMjOEQ,MelissaJ90,https://play-lh.googleusercontent.com/a-/AOh14Gjj1vu0uq5MSfUvMRWZyHrN9B1yQP6BUxAgVAIDyg,Ive always loved the burger shop games. Well worth the money and i have never had any issues,5,3,1.0,2018-03-14 03:12:29,,
gp:AOqpTOFzrBLP8Is0vcKDa120GM1FFyCnzuZcgUpP6z2n5WF5LPVPhy9ENgMsaYyo7EAqXOhJOcPaf608yQ0h4w,ADTROLN182,https://play-lh.googleusercontent.com/a-/AOh14Gj6xRtScJZii7CMGC3bF0YQmEw_64FU5aGrpM0G2A,Omg i love it! So addictive. I am on level 80 something and only just downloaded it haha,5,3,1.0,2018-03-13 20:59:29,,
gp:AOqpTOFOD0L6yAnxQTS6DPGW11H5jq04K_GN2Jr9qMHv7v5BRLOjsKlNj_oLRxRyrb7YAEA5ZUz8eKMyusu6Zw,Sarah Boyle,https://play-lh.googleusercontent.com/-SC9jgnHOwCA/AAAAAAAAAAI/AAAAAAAAAAA/AMZuucnQd3t4vAIiLlWnTCDLcWt3A7UMHw/photo.jpg,"I like this one much more that the first burger ship. It's a lot more fun, with different menus and so far no in app purchases. All good.",5,7,1.0,2018-03-12 05:49:09,,
gp:AOqpTOFwfpem6VM9H00M9AUdLcuWvRaBH7Vw4dbEWF1xOpXwTBCHQx5PWShOE1yjoLd6P61LRCuoxFrURJy2oQ,Aaron Fischbach,https://play-lh.googleusercontent.com/a-/AOh14Gh08L_NMNfjry0nWqvEp8aCmdg-bZsKLQriGA9ABVc,I like burger shop 2 on Android because it's very nice and beautiful and I also have burger shop 1 with free full versions with burger shop 2,5,3,1.0,2018-03-10 08:06:28,,
gp:AOqpTOGSd61mnO5w7x1rfZk4CF34E2G-_5Rb7ZVwrl-UILejxJgeN6MSGevLyGTSUeqNldaCbJ9CaWT3mDZoLw,Funn Lim,https://play-lh.googleusercontent.com/a-/AOh14GjYVP0z4K2MAHtJGt26-jinXOjgmaZcrp_5Oy7CVA,"I had both games in PC ver,  then iOS ver and I am certainly paying for android ver. Still waiting for burger shop 3! Anyway whether ver 1 or ver 2, on any platform,  always makes me hungry for burgers. Graphic is still current,  gameplay is perfect.  Best there is & worth every penny.  An update. Graphics gorgeous,  gameplay amazingly fast.  Still the best game of this genre.",5,89,1.0,2018-03-07 22:17:00,,
gp:AOqpTOHwUcT6vt950ypR9_B2AYwkKxUAVdFqG798ArX0uhpVBpWVTzlhI6KgpZ4tGYi6e8jwd7JJATC4DKmnjg,A Google user,https://play-lh.googleusercontent.com/EGemoI2NTXmTsBVtJqk8jxF9rh8ApRWfsIMQSt2uE4OcpQqbFu7f7NbTK05lx80nuSijCz7sc3a277R67g,"I need to uninstall the game, since I'm playing with the game instead of working. It's too addictive!",5,10,1.0,2018-03-06 11:26:27,,
gp:AOqpTOFMzpOWQtoo5DSI1bjn_qdY0ajPZ8i7DETdeJNbdyB0quDVif1SeOHtme3CBqa6cSBwbuLYAuV3neSK6Q,Mari lynn Allen,https://play-lh.googleusercontent.com/a-/AOh14GitCpGxbz4KctTZMWtVCjs4m9TyM9MNpNp0Q1fKJg,So fun I can play for hours,5,3,1.0,2018-03-04 12:24:25,,
gp:AOqpTOHvqG1ohSU4n7hLxvHebCcMMpTuqAZNyb4tZxXm_21vPu_LQDcncYAdOUXg1Ff3ANWjP4fJMHRD1gzdnQ,A Google user,https://play-lh.googleusercontent.com/EGemoI2NTXmTsBVtJqk8jxF9rh8ApRWfsIMQSt2uE4OcpQqbFu7f7NbTK05lx80nuSijCz7sc3a277R67g,Love it,5,3,1.0,2018-03-04 10:22:59,,
gp:AOqpTOHnRhomrF5jQXj4dtT9bxcTYFne6hYyO10JtgfSijBZFVkjvOThuML7YU6h6H9JQoulOuYnYO4DiO2NKQ,Early Curfew,https://play-lh.googleusercontent.com/-s0sHfk_bqFw/AAAAAAAAAAI/AAAAAAAAAAA/AMZuucmGQfH-SG7YZnTsMRPoX4Zzn3LHpA/photo.jpg,This game helped me to get fast at finger taping,5,3,1.0,2018-03-04 09:24:00,,
gp:AOqpTOE1m_lbk4rDFQqegD7qfK3tKlL8UMi656EEP-7P1WRnLBrkh72pyTbO3o7U1IRQLNgxbB-JryeaiV7QvA,veronica love star,https://play-lh.googleusercontent.com/a-/AOh14GgoEgah8cCLJdETq1-qspG_Rzz3B7HNuE6sGAn5hA8,Love it,5,4,1.0,2018-02-28 07:29:12,,
gp:AOqpTOFwEasQMjOjCs4GwW2-1CzbNIFbEoUVcSrh0PzhuFI8sLIkLI7Y8BrOf5Xy0W72KHJbTEK1UHMbEUs8aQ,Carolina Moreira,https://play-lh.googleusercontent.com/a-/AOh14GhgZaIj3BkBs3YrWi5NGZC9pAYSfDetQtjKKtuk,"I've loved this game ever since I played it on pc I don't know how many years ago, and honestly, it's still got one of the tightest control schemes I've ever seen in a game, even across platforms, and there isn't a single second where I'm not having fun. This is an amazing game, no doubts about it.",5,24,1.0,2018-02-24 14:05:38,,
