reviewId,userName,userImage,content,score,thumbsUpCount,reviewCreatedVersion,at,replyContent,repliedAt
gp:AOqpTOF3fdX_OpWBYVohmaAiZ3DHHA5rh5xcYrCfGGe6yqCGN-kA1ldrjRW3GKh4td8XSnIU9ph7Fvv79Sgn6UM,subterranean sync,https://play-lh.googleusercontent.com/a-/AOh14GjpeAdUfihoUBor4hRWubF1lchgpcT5Yn_GceYo,So glad he got a better platform here now was hard to find his Android apps for awhile now. This guy is simply the best. I first tried the free power nap one and bought this is my favorite one! Been using him since my first iPhone 3G back in the day!,5,0,1.0-positivity,2020-11-18 20:07:46,,
gp:AOqpTOHTrmMCUSQAidCXg3pTudhW4WOlMsyhFfXs5OVkgvtbWPFzJ5WGwu37TZRXL6IpZhpf4i8csj8ZPTF8KSE,jabo GOMEZ,https://play-lh.googleusercontent.com/a-/AOh14Gh69gSgZnKZevyCl0zYnDko1UVWEgYn6L9tjCxNIw,Must have! Great for 'active' kids. I use it all the time and have for years.,5,0,5.0.1,2020-09-21 19:14:16,,
gp:AOqpTOFV3lNb1eR5JTnBLt-4Hjw-dBUqmrQ3EQSNM1nMR1kH3I8St0AApDovraIFHC0IFO4Hl1ABwTJDwsA1Mak,Catherine Casteel,https://play-lh.googleusercontent.com/-Gz-nOfpRGjw/AAAAAAAAAAI/AAAAAAAAAAA/AMZuucn7bR27vUHJ92w53SeIuHhLuQ-PSQ/photo.jpg,Great app listen every night at bed time.,5,0,5.0.1,2020-01-22 20:40:20,,
gp:AOqpTOGDbn-LzIP38_T45EKt9vPM0_LmDM7YENgQgbAQpQBIH8KEjv25xDpVT5QWHeeP0G2vPYCBbI8_V2jXNYg,Alda Potgieter,https://play-lh.googleusercontent.com/a-/AOh14Ghb_vOSnqfkXqT-aMGyN3DZDzSoESjvUqKO01n9qQ,Been using its for about 10 years Thanx Andrew,5,0,5.0.1,2019-11-25 16:51:32,,
gp:AOqpTOFhFeMW6iCURArUazXmmBOHcuoWRUhy3dy-gCqkZJYgNHNB2F0blmTGGd3wtdXhceB_bIo9GD5-MsD0hEE,Ashley Baughman,https://play-lh.googleusercontent.com/a-/AOh14GhY8V1B26fq2xc4sFrQ5gMpmjv-e4eUzRgnZP6-Fyk,Life changing! Andrew is the very best!,5,0,5.0.1,2019-10-02 18:04:42,,
gp:AOqpTOGzZl1gbjBZP7pkSjStlO2DBe9V6qCSymmnA8RUa29ltvIrM5D3SXUTJhPp15oSJkEP5BIlk3oTGoRlWsY,Pamela Crawford,https://play-lh.googleusercontent.com/a-/AOh14GjWR11cqyhIKrR8I6d94dldQWNXF4RKNI5YO1id,works for me,5,0,,2019-07-26 17:51:05,,
gp:AOqpTOHReH3XMXKMhrYzK1BL2riM7-5nM-F-WzGjGrlDVJRDRP8ZJinIEg7Xh27_tnlEhgn8Geo6Tg0Gm2gI33A,Frances Edge,https://play-lh.googleusercontent.com/a-/AOh14GjzD0vidOu6s-AU5MwBd4UCe2ZnpntMhY-QeW0G2A,"I absolutely cannot fall asleep.wothout using at least one of Andrew's apps. when I am having severe sleep issues, I use Deep Sleep. if I start feeling like I'm sliding into binge eating, I'll use Lose Weight. I used Stop Drinking to help my alcohol addiction. Recently, I have been using Positivity to battle some depression.",5,7,5.0.1,2019-07-07 21:22:31,,
gp:AOqpTOF2hwDURKeTKKihec3diaGhqIVXaWDlYG6uzils8XfKT4Vj8iWijHYqQLuMDDQ3udAXBTT5i8GMzXCE678,Kiran Ramachandran,https://play-lh.googleusercontent.com/a-/AOh14Ghr4_Mo2Sc5M25se20Vp2E__bgjgYAcL8Pv_10Pag,Waking up daily with a positive outlook..amazing app.,5,0,5.0.1,2019-06-01 04:04:59,,
gp:AOqpTOEpSactmgFCn3bvye_JvDNA1QITmLLgP-9MinCLi47ZLijCCPrFX5Gi-XDuHllJb9MGMRz17ot4cOYBPzo,A Google user,https://play-lh.googleusercontent.com/EGemoI2NTXmTsBVtJqk8jxF9rh8ApRWfsIMQSt2uE4OcpQqbFu7f7NbTK05lx80nuSijCz7sc3a277R67g,Incredibly relaxing and oddly energising at the same time. Helping me through a challenging period. Would highly recommend.,5,0,5.0.1,2019-04-01 07:07:27,,
gp:AOqpTOHUjTWFbE4otHXBigRqYcNA2Bns8UwHRWp2WEBBVQG6EtIwI3S25cXrIMSZ3ie-zQ1qnoXq3HKwgOHeaDw,A Google user,https://play-lh.googleusercontent.com/EGemoI2NTXmTsBVtJqk8jxF9rh8ApRWfsIMQSt2uE4OcpQqbFu7f7NbTK05lx80nuSijCz7sc3a277R67g,Excellent settings continuous sessions of your choose ending with sleep or wake up and words spoken non invasive non threatening wording .so easy to let go into relaxation state of mind,5,1,,2019-02-15 08:11:21,,
gp:AOqpTOETO0C4jM8zims6qX-EscV48XLNO-nAMoizWwF8hNbyQh45zKfHDtgwrud0xtr-oHlD_YVeEAbEVkw-Y9Y,Christopher GV,https://play-lh.googleusercontent.com/a-/AOh14GhLPsB7xYU99fzXaq9Qea6F8mX-eQOeqI3nRHwosQ,"Great app, but there is no option to move to external SD. Otherwise good app.",4,3,5.0.1,2019-02-12 09:24:58,,
gp:AOqpTOGr1UTAvgXClh9mkWTKJx1b6l12C_xa-eUsWsrVrzn8_Q2chx3_Mchq9FuHiIUS3PZKWX7iGvCYbbhBYuE,Melissa Walling,https://play-lh.googleusercontent.com/a-/AOh14GgWCM17z0XbvvtzuUdrGNBKQUW3IIGb5JKG-iAT4Q,"I cannot say enough wonderful things about this app and the other meditation apps like it. The adjustability of the programming is fantastic, Andrew Johnson's voice is magical. I fell asleep listening to it just about every night , even bought special sleeping headphones to wear just so I could use this app. I highly recommend this app and others like it for just about an ailment you have in your life. Get Good quality sleep! And meditate! It will change your life.",5,9,5.0.1,2018-12-05 08:42:07,,
lg:AOqpTOHAz8-uafCiVZ0Q4qHjdwEnLWw4TJ32pJzo4WO6Jt9GJLj9n6cmErbiVuCzr6oIaFIfQYTr33448TouRtI,A Google user,https://play-lh.googleusercontent.com/EGemoI2NTXmTsBVtJqk8jxF9rh8ApRWfsIMQSt2uE4OcpQqbFu7f7NbTK05lx80nuSijCz7sc3a277R67g,"Mr. Andrew Johnson thank you so much for helping me throughout the years to 
recover and become a better person I've been using your therapy for 6 years 
now and I absolutely love it. Nothing else worked for me except for your 
therapy thank you again and God bless you",5,1,5.0.1,2018-07-09 00:11:57,,
gp:AOqpTOGjnZonDX-8Ym-VQk5OAtJqVBffn9E1lzsWXcJ-B6PCrgq9dQI1yzmiUTCmg6LZFNA8CPUTRan0DyhB-P0,Elyse P,https://play-lh.googleusercontent.com/a-/AOh14GhQqBdYTQS8xM8AyfBuXhgtJJO_Wu12JQ5q4pTzrA,Favourite sleep app!!,5,0,5.0.1,2018-05-30 04:32:29,,
gp:AOqpTOFmIaWoU91jKp-fm0tuZEF859yrPN0aSj4yGb-6VbK5Omk5hmRyxYSxmu_ExNa3em2IROnpO-ZBwmXwjYw,Jen,https://play-lh.googleusercontent.com/a-/AOh14GiZkYGtl7wVkYMF1hrzki5Surctib0RbD35CDiD3A,Perfect way to start my day!,5,0,5.0.1,2018-03-16 06:36:02,,
gp:AOqpTOGoNN2cvoTmTvSIMm0qI1k39OE06gFFXW5RjytljR9Knuwd4tC4dCzUM47EfrD3MDpq2a_fXc-QKVSOjlg,Andrew Klein,https://play-lh.googleusercontent.com/a-/AOh14GglLYf_-bhwd3szxuV9zPiHoQbwrSSIRaHNeQEZDQ,"I personally liked it but when I upgraded to family Google account it says it's eligible for moving to the family library but won't let me do so, uninstalled and reinstalled and everything, no go. Please fix and I'm happily put back to 5 star!",3,0,5.0.1,2018-03-06 12:55:35,,
gp:AOqpTOF29Z2m759Vp2wIkj3MzjUD2dgvsKy4bUp0GCKeUP3jqywDBRqC4A6pSQ8UZ0PvppG3KH3QX2XkMWv2JEY,Sarah Stamplecoski,https://play-lh.googleusercontent.com/a-/AOh14GjoWj5SXAirDWNC5RYoeBCweflbsmC1Eg6EwdGFzg,"Wow. This may be the best money I've ever spent. Super fan. This is the most relaxing voice you'll ever hear. I love the affirmations. Great for self confidence, mood, anxiety, feelings of helplessness, or stress. Please treat yourself to this.",5,0,5.0.1,2017-12-20 19:29:20,,
gp:AOqpTOE_YnYweGk7nsqpD_QEBNLajPqFmHUFhxt8oLQDWh0GQNnSEElPsGpOrgMrJ-5wEyDLRHvzWXlBYHxermY,J. Khattra,https://play-lh.googleusercontent.com/-kFYOIVSl0ro/AAAAAAAAAAI/AAAAAAAAAAA/AMZuuclXiEEynwCNK17actXpNas7k0XbVw/photo.jpg,I was skeptical at first... been using app for a few weeks now and I feel like my coping mechanisms have improved and I'm feeling more confident in myself. Also think I'm more content and more grateful. Thanks so much. Life changing,5,3,5.0.1,2017-12-04 12:14:17,,
gp:AOqpTOGS5C5-VcmU1sylJYbV45cKL_mA-XgyIvNOzYjXEiE7ktMWTLLKrmzUc7-_g_VEDF38q9aTPfxgMQIDhR0,Todd Ramsay,https://play-lh.googleusercontent.com/a-/AOh14Gjnravaw11XYh4w20pSLFzwAWQJIYHuImUlpM5S,Wow!!! Thank you Andrew. You have possibly saved my life i have been in a really dark place i have used this app for a week now and im already on the up and up im feeling really good already. The universe put ot to the test this morning i was in a minor car accident and although i was shaken i was still happy and positive about life which surprised me and those close to me. Thank you so much for helping me see the positive in life. Thank you thank you thank you.,5,5,5.0.1,2017-11-15 23:37:53,,
gp:AOqpTOFv6ZE0Ua6BMFQfD5kThtNnMAat0J8XHKESd7uLg6Zca_RHnzVJMeQ7mO1Cfy0WLc23MWpS4PUwPuvPQUA,Loren Gutierrez,https://play-lh.googleusercontent.com/a-/AOh14GjxFKiz2LgRW0vm-FDnEzL1alRVVGTZgDOIZdlxgg,Not enough options for meditations.,1,1,,2017-06-22 16:08:12,,
gp:AOqpTOGMIQ1E5fWTb4UvNJL2207-wo4z1gCO3eXkAmsv2Th09pifLM0WwbvFJ52G2HAJjdNnO9mViWz3XqXSEec,Jonathon Walker,https://play-lh.googleusercontent.com/a-/AOh14Gj6PPCfYc69t7H4h62fZtvkqBr5kSyRO3UtdhPXAQ,Best set of apps like this I have ever used. Effective !!!,5,0,5.0.1,2017-05-12 04:00:48,,
gp:AOqpTOFsI0BUGgkLa7huvF3y0mcC8uFhGM3ECuzMnn3xNgYXcouH4TQmTNYnB8ZoO2S6fQPzEu_wXZ_iYrXviw8,Carrie W. Lane,https://play-lh.googleusercontent.com/a-/AOh14GhxHvtR_IAR6EQ6yx7hHLx5AD4iRAZH2BCBJMaW,Love it! His voice and scripts are wonderful.,5,0,5.0.1,2017-04-14 19:12:38,,
gp:AOqpTOFjgSWkMJTvATz7myZvoNvTDoLi98BadvRwXzqXpJhvzIlcT4LeTBlrNIPJBE67qiJKe-lxEH0kSV1vuHk,Beki Thomson,https://play-lh.googleusercontent.com/a-/AOh14GiqPe-ujXWlosiSkkDqTuMkOe7CbynwDYH5dKREyFY,"I like the app but there is a whole lot of noise in the recording . It's very annoying,  especially when listening at a low level. Please re-record it and give us an update.",1,5,5.0.1,2016-12-24 04:17:14,,
gp:AOqpTOF3qNI8tX01kH0vFVnhTZ28jcPNE4PCY13AwLvci3p9nZRAaQGf0amwE00DscVopcaQ0FuFOdY1bV4Nt9U,Dagney Hollander,https://play-lh.googleusercontent.com/a-/AOh14GiFxCY5aqOiUTYl2PIB0qGQvFbydIBkIaXncheV8A,"His voice is soothing, everyone I play it for loves it. The message is unique.",5,2,5.0.1,2016-11-22 22:08:56,,
gp:AOqpTOFX_OMXkTKPeBFvrFNeE5_fuPVdQ2lEgKB7yeItC8AZ1beuXhRCrEhpzVKmLy0x3v_V1x3WF8O1hRaAuw0,A Google user,https://play-lh.googleusercontent.com/EGemoI2NTXmTsBVtJqk8jxF9rh8ApRWfsIMQSt2uE4OcpQqbFu7f7NbTK05lx80nuSijCz7sc3a277R67g,I adore his voice. It as very soothing.,5,0,5.0.1,2016-09-24 15:24:18,,
gp:AOqpTOEeKbG6riWSJFF8CLyOK56D6XmobNq29fXp6URyNQZ2oFlSEzrWkIXFGoLVRDCM5ytLvojTqEQRd2l9Qcw,Scott Putnam,https://play-lh.googleusercontent.com/a-/AOh14GiRAbevxqGQ-FNxjkeJnXKCmJ_xceU2E2Aa1A6UAw,How the heck do you close the app?  A simple X in upper corner would be nice,4,3,5.0.1,2016-09-20 08:35:02,,
gp:AOqpTOFLLzOcRxZiRVJc8puzRCXsZmfzGDb2Z7_Jrvd_nKvM3liwlBrfphrHTxOYjQjTIwxXjb5UOsPmt9Fy85k,Siana Wrighton,https://play-lh.googleusercontent.com/-cBy1hKqiQk8/AAAAAAAAAAI/AAAAAAAAAAA/AMZuuck2oQlcadlSWpk4TXi36ySErlPGZQ/photo.jpg,Love this however adjusting the volume takes my phone off silent and the short induction takes me down into sleep despite choosing awaken at the start.,3,1,5.0.1,2016-08-12 01:16:34,,
gp:AOqpTOHFL8W2BsERRkbf2TnbWeNVbVoE58pLdtZUsLUAynxM5VbkWoSPl4bhXLQVWApcmHUXRjOrMVEpSybd0hg,Ste-J Willy,https://play-lh.googleusercontent.com/-6jhptnUAKUY/AAAAAAAAAAI/AAAAAAAAAAA/AMZuucmIBvXQ_toMnAe9ghJWxiGgrwpS-A/photo.jpg,Fantastic,5,0,5.0.1,2016-07-12 15:47:29,,
gp:AOqpTOEOvqyVA5Gl4uoulSU1cVnY2c_VpMm6gpYuxJMcqIgdO7JmYrw2JTXHQMh9aDYjmC8dOz3f6prgB0iZ8jQ,Karina B,https://play-lh.googleusercontent.com/-1zoknC3HwQU/AAAAAAAAAAI/AAAAAAAAAAA/AMZuucnKCvZD8WA6PH8dpuJiJ_EQdKgU2A/photo.jpg,Really the only thing i can sleep soundly to,5,0,5.0.1,2016-05-07 14:19:51,,
gp:AOqpTOEpN_JkCmHNDKhMdgz4BZebMOVQEZditPdBwqsnZe4QpK2u2J0u2qBwcF-mfJo9esgKcH1_7RLsLRN64KI,Maria Buscemi,https://play-lh.googleusercontent.com/a-/AOh14Gj7bpPjyYagnysgkKrROd7T-hqpwlYrrcNxKG3D,These meditations are perfect for relaxing at the end of the day and getting a positive focus for tomorrow.,5,1,5.0.1,2016-05-01 20:59:48,,
gp:AOqpTOFJFchMi2wIYsIFTL_VO-lKoi9ZOxi5306LM8Fow5NNRxgZwQiiAZf_hdaqmB_ovZFzJeq-23PG3YV45JM,Patti Madrill,https://play-lh.googleusercontent.com/a-/AOh14GjVc_DXi7b6loVmB6EhcumbC7c_xMnIkKAaPQf3Kw,It really works.,5,0,5.0.1,2016-04-13 13:46:23,,
gp:AOqpTOH0j3zaNDHDa0sijeYhOg9m5pLKFTz_MZ1X7fConQmdNT0fWNvXx5S5qZwySkCghWg_HncQgWHdirHZR1U,Kirsty Daniels,https://play-lh.googleusercontent.com/a-/AOh14GhBhoAZiI4d6kItg9cK4umb99yEav4NRk_EWIukEwo,This guy is so so good. I love his voice and how he makes the whole world around you disappear so you only focus on his voice. So helpful!  xxxxx,5,0,5.0.1,2016-04-08 18:02:42,,
gp:AOqpTOHqsZNc2Vfe_f0PaN19FnHO8feMFhdlauNEGI11LPS8jcYYNwjKBMt5Xg64AB_wbSGvBPBYKQjhKx6WZ94,Jasmine Butt,https://play-lh.googleusercontent.com/a-/AOh14Gjv6uaiyoiKWPxy6VDBM2ZqnRF-ldSjMcLR6wPHFQ,This application is very relaxing. Andrew Johnson has this incredibly calming voice. I find I drift off to sleep and I absorb the messages subliminally whilst I'm asleep. In past I've had nights where I just can't drift off or as soon as I do I anxiously worry about things that aren't necessary. I used this application after three major incidents. Usually I would spiral into self destruct mode but I'm finding that I have a much more positive  outlook on life and I'm much happier in general.,5,19,5.0.1,2016-03-31 06:59:01,,
gp:AOqpTOGPohu58CsrQeLcm9z5MAdCtgmX1EpnWoon0cB1V_8bybuUmcZZwn4ptx9iGBlt2vYAEBKiIM26iCD7QUo,Brooke Blanke,https://play-lh.googleusercontent.com/a-/AOh14GiYuu_bTTBdR_r_5nWL9fOqS8vlP5X15fBkkyL2,I love this app. It has helped me so much when I use it consistently!,5,0,,2016-03-13 13:31:45,,
gp:AOqpTOFDK6DJSpw-igDUGkqOwLfJQLoNHOkjazuwidiifiq82kWqwUOQk8eI5CSA_J9es7fCJdBnnL1QgkAgIOA,Kim Randall-Flores,https://play-lh.googleusercontent.com/a-/AOh14GigJENPYpZJHajg_rs_9L7J2EpV9nQh5vrc7e2DRA,"I have Chronic Daily Migraines & I was going through a hospital Migraine Clinic and in they have a Biofeedback program, but I used Andrew's meditation apps (I have them all! Instead of their preprogrammed one's.",5,12,5.0.1,2016-02-06 03:57:21,,
gp:AOqpTOFerNLdYAux2H90xDf_8NYiK8eDfQuwbXuzPINYtXl0EyB7N16nka-emaASDNbFh7OWV3hI1x7rDGRQge8,Nikolaj Nemoliajev,https://play-lh.googleusercontent.com/-Fo9lKCONOuo/AAAAAAAAAAI/AAAAAAAAAAA/AMZuuclw2ulnvpnQK11FeEpXUlkboFly4w/photo.jpg,Life saver ;) I mean it..,5,2,5.0.1,2016-01-18 13:21:35,,
gp:AOqpTOE3AzrUSnZ2Tva1m-lXvH0qlx2zzrtDHE26cbQOvLEH0ydquLn8jlKg7nkTrrZCnFa8NmkOQtjT9wSq9UU,Denise Marie,https://play-lh.googleusercontent.com/a-/AOh14GinHf-gAiKo9zFc0hazlAZa0VwAEG69zNUVOtIplg,"Great app to get you out of negative thinking and habits which can cause depression, anger and sadness. It has helped me tremendously in the past with issues but I still listen to it at times to keep me on track when I feel bit down, anxious or in a negative rut. His soothing voice is hypnotic alone.",5,0,,2016-01-08 19:21:01,,
gp:AOqpTOEI5TG4SvW8ae91EOjgNbain97SnGi9LlYAcdDlrZHXKuM9LiMgG23pyWjXPMro744v0OKDG18sKdpsYtA,David Trout,https://play-lh.googleusercontent.com/a-/AOh14GhA8BhAjndBSXI8zwSVPn19_UR-oSwgBDV-6rEx,"A few of the reviews spoke of sound editing problems, I'm happy to say that there are none in this version. Just got this one and it is up to the high level I've seen in his other apps.",5,8,5.0.1,2016-01-06 19:23:26,,
gp:AOqpTOETIKy-ylE-7linsUXQ_A5WGbwX0CR15uwPhXzHpk29GWuA7B2--XxG00dFxi6dAC4_W_Bk3GEydzxtgdo,G B,https://play-lh.googleusercontent.com/a-/AOh14Ghy57k2opgIt21ybXV0Y9dtg0VW7O_veeb1LAvXvQ,Intro built on practices used in his other meditations. Invigorating.,5,1,5.0.1,2015-10-28 05:02:22,,
gp:AOqpTOHmJQMrqn0IHYeBuH8SRNfe8zxI0gX94O-Tt0V2y8CLl_w7BKqO0l3CLmyWcIPv939sqFzlqZx9pQDgnyg,anita regler,https://play-lh.googleusercontent.com/-CK-93lXaAhI/AAAAAAAAAAI/AAAAAAAAAAA/AMZuucmr6E7HKbowGoRrNAnuMp_Bgq1srQ/photo.jpg,Really great the make you relax fall asleep and you will wake up in a more positive way.,5,5,5.0.1,2015-10-23 03:50:48,,
gp:AOqpTOHxTwmv6m1XcZc8j8RWDkDYhWJz5v7aP16szVCT6rCAoVM9MOgadYCzTcuZu1nWnaIeKyePhALKYrg1FsA,Cat Brown,https://play-lh.googleusercontent.com/a-/AOh14GgYTU3mTRANEc11TxSJtlm5aSnG8jylX-kzHnDx,Good app. Andrews voice well suited to the task but very poor editing. Shame.,3,1,4.2.0,2015-08-14 01:30:41,,
gp:AOqpTOHoXJ__NN4KwiNIPXyoTy9a7j1inPk-uDmbhy5aJcxZ61z00tdsrq_YzeKDtkQLbZhscxoFYN5vH2ixEpo,Katie Walker,https://play-lh.googleusercontent.com/-NC9txP_j-gM/AAAAAAAAAAI/AAAAAAAAAAA/AMZuucka5uVGB0fMJNqyd6Cu2ILCRO5Slw/photo.jpg,Fantastic,5,0,4.2.0,2015-08-07 21:20:19,,
lg:AOqpTOHeA5sU1zfkjZxkOCl9E5-aIWfwPL9-fP2WhuOcot2aAX9wOBBcOQPl4wJ_Vp9g9En0pe7LbLvyLj_ubK4,A Google user,https://play-lh.googleusercontent.com/EGemoI2NTXmTsBVtJqk8jxF9rh8ApRWfsIMQSt2uE4OcpQqbFu7f7NbTK05lx80nuSijCz7sc3a277R67g,Please remove the music from the scripts. It's unpleasant and discourages some users people from actually using the app.,2,1,4.2.0,2015-08-07 20:47:20,,
gp:AOqpTOF5NAXiz-foRHWJkK1qJbBh9dUCouzBTON95U9WMPEXH7VpwaGK0fpYV519LvJgHONuAIvHXoNV78xdvqU,Mei Coronado,https://play-lh.googleusercontent.com/a-/AOh14Gj0D9lMuK-CZoq6C4CRNKsk20Ud3oqTNwIO_HYExQ,"I used this as a follow up app, where I first used the "" move on "" app to deal with some bad feelings that surfaced after a miscarriage.(Regrets and guilt from the past). This one is the one that smoothed the rawness over for me. I also gifted this to my sister. She slept well, but always was tense and stressed. I felt her self esteem was low, and this app she says does help her (sleep) relaxed. I think there should be more of these, I own so many, it feels like I got serious issues :-)",5,1,4.2.0,2015-05-24 00:22:34,,
gp:AOqpTOEr9ra-WQJB0mq_gHZw-HL-CE956TZsCZR__ZXw1oYhu1354vNfLD33CXpfhqauRBXPrOAwMvFpqj17ShE,Moneef Sultan,https://play-lh.googleusercontent.com/a-/AOh14GhDkBBhPmfEgeuoZk6-Z03LS0kE-Omix2ot8aYZvw,Wish the interface was as sophisticated as the one for apple.,4,0,4.2.0,2015-04-23 03:10:45,,
gp:AOqpTOEER5VceQO83l1O8Jo3K7R5G6hZH55c4jkK1_7sve9Cc0_HcGuePpCBw4_dzqTyM1-Gl1SnSi9GJml4ieU,Gemma Green,https://play-lh.googleusercontent.com/a-/AOh14Gjfjjx8_tgrjhmdymP4NADv4BOCcxxWsBue2ujYUM0,Wonderfully soothing and uplifting. I have bipolar and Andrews aps have helped me cope while cutting back my medication.,5,0,4.2.0,2015-02-23 12:22:01,,
gp:AOqpTOGJKQcb3OckbTYO4rXmYcQy70bonn1hTjkRnEQx5i_tjkGI3bAOLzY0r7SjiBWBdl2376QRVOShU1i7G6U,Abel B,https://play-lh.googleusercontent.com/a-/AOh14GjAd_kNt2SA6sefpQ0KZFK8Smrgj9uZezWTA9JPFw,"I have a few of his programs and I like them. This one however, is the weakest of the 5 I've purchased. The statements are too general, unlike his other programs (which are usually very specific, well thought out statements). I recommend ""build confidence"" over this one.",2,2,4.2.0,2015-02-17 05:23:03,,
gp:AOqpTOH3dXJ2XmeN34g76e38sR1rmNgZ8GKwp7Bx1Tkcd6XIFJaE75BwtqkkO2wwBq5I99FOuPSTaFRvLkLLkao,Amin J,https://play-lh.googleusercontent.com/a-/AOh14GipGSk4fCQQHLMt77EPy0rhzD3rMY70h7xkeQWbrd8,"I bought this app a few days ago and listened to it a few times. The editing is really bad. Sound cuts off and even one part is exactly repeated. At one point when he asks to press two fingers against each other, he says he will ask it again later on but it never happens! The app is supposed to make it easy to concentrate but is not. Please fix the audio editing.",2,2,4.2.0,2014-12-27 15:01:43,,
gp:AOqpTOHKJKoK-x78JLu16C59lh7YC2aZ3g1Z9tC2_3XdqLIlVxT-1jgAkiiWxcLUxgBZn8cdOu8N37QAkeeqU5I,H G,https://play-lh.googleusercontent.com/-m27uq2DxZlU/AAAAAAAAAAI/AAAAAAAAAAA/AMZuucnV5goZIlsyPplBSx4lYYAvcTBgAA/photo.jpg,Love them all and I have a few,5,0,,2014-12-19 13:48:06,,
gp:AOqpTOHWoTH27tQo0kP9IVcoYUe-IdxpYYUyMG4KeLlCWtj1OdJMyzD_oiho96LT390PjEIRvEd-OUyyQYF2Qb8,andrew pumphrey,https://play-lh.googleusercontent.com/-hZM97tF-aXQ/AAAAAAAAAAI/AAAAAAAAAAA/AMZuucmUOruTApSzMnO16hfQNbaTB5Ksnw/photo.jpg,I like each of the programs Andrew has.. Each word he speaks I let it become apart of myself.. In my opinion he is really good at guiding you into a relaxed state.. I always fall asleep or feel a lot better after listening. Definitely worth it. Thanks Andrew.,5,0,4.2.0,2014-09-08 22:33:26,,
lg:AOqpTOFn2Mo-lZwKq-kvDP1N5oNVj-q0pN96zeGDq0gXO2ecb1MOm0e3sbV4-u1e0WnslhqOY44_BCcgI4PcMys,A Google user,https://play-lh.googleusercontent.com/EGemoI2NTXmTsBVtJqk8jxF9rh8ApRWfsIMQSt2uE4OcpQqbFu7f7NbTK05lx80nuSijCz7sc3a277R67g,Andrew Johnson has spoiled me! Ii cant listen to any other recorded hypnotherapists. Thanks!,5,2,4.2.0,2014-04-30 21:29:51,,
gp:AOqpTOHGLpZxyRt9wI3kTFT4Ed0WlTWVUw-_xLRX_v9mh_cr7axzjOV5N8uCmIxYT52-_pEbnZ9xkkqznsyrIYw,Jean McCarron,https://play-lh.googleusercontent.com/a-/AOh14Ghhd0M69mYaeGsBTPvOEy3N0XmBebCzxt_w6Gg4Vg,"This is such a soothing app. I sometimes have difficulty falling asleep and this app is great! Andrew's voice is so relaxing, I feel completely at peace when listening to this after a long day. I find when I listen TO this app at night, I wake up literally feeling more positive. Total believer!",5,0,4.2.0,2014-04-10 15:53:15,,
gp:AOqpTOFBCycAPkCpPqDhqXceOmo9cp-gG1lipy1JoULvH75yzz5zfzjIVFV3ODq0ZjUJF0C366LBP2mLMOS2KxY,Gary Collins,https://play-lh.googleusercontent.com/a-/AOh14GiIo8gsWiF8CassDA8B-5rpEiyNuRckknBRIdQsIEs,"this is the first of andrews apps i have used, it is well worth the money, i have downloaded almost all of them since.. thank you.",5,1,4.2.0,2014-04-04 18:38:22,,
gp:AOqpTOHBnvSIKUuU1iR_SiOLUqnsjX1FO1mwpEWOCzi0lQ9cMosyXQUA01mHyD5EvX7oHuX8Snrajuyg5izI5f4,Gemma M,https://play-lh.googleusercontent.com/a-/AOh14GjBVJZ6h0awYKwdLFBTOYQIhu4T4d1iLnATBqmF3A,Sounds like it was pieced together but still does the job,4,0,3.3,2013-11-21 16:40:13,,
gp:AOqpTOEUURSiyPoBgK3f107EZrHjlJS8twOOHDgFWEzklWsoE5WteH9ejS1kvYeX1ymSou8vW1lyfk9PfP9O0yI,Jessika Mae,https://play-lh.googleusercontent.com/a-/AOh14Gj0rnlOd1pvsrUTBW3-yopl7W8r-z6B2eiUvWMF20E,Worth every penny!!,5,0,3.3,2013-11-17 19:22:19,,
gp:AOqpTOFcZ4RJxXamaiocIdCLb-eEtwG31vSQVFhGz8sJ7h6KUknjlQ7YUNNMXXfah-4t54yU0JmTTBQIH7731Uw,Kristopher Harrison,https://play-lh.googleusercontent.com/a-/AOh14GiJXmB7FulN4QQ4gcn56c84aZEQhsvzAnulcB0iYA,When turning off the screen to make the screen blank the audio cuts off! Please change this as some of the apps have this function & its so much better...would be a 5* if so! That aside fab work its great!!,4,0,3.3,2013-10-30 15:53:50,,
lg:AOqpTOEnrhM85D3US5xfEn8MUd6AY6BDMXroqQSHFnz-bNEp1U6HSH7f5_598ab8aCjvFgTc7vyNnnWMgtg_w_w,A Google user,https://play-lh.googleusercontent.com/EGemoI2NTXmTsBVtJqk8jxF9rh8ApRWfsIMQSt2uE4OcpQqbFu7f7NbTK05lx80nuSijCz7sc3a277R67g,"I have several of his recordings, this is one of my favorites. Recommend it... Andrew Johnson's voice is very relaxing. I recommend any of his products. I have several of his relaxation tapes and they work! He is also great about answering emails if you have questions; he is a true professional and believes 100% in what he is doing.",5,0,3.3,2013-09-29 05:42:42,,
gp:AOqpTOGOMTTDmj5Eg1x0sndAG-srwcD_y6PzdJpGxUPMjge495kDMmQkZGsZhWbzS3jMKv9nKfAuwv0PeAfcf38,Dominicube MJ,https://play-lh.googleusercontent.com/a-/AOh14Ghx_wXDj-jCmYZ4ztJq-roVsDQdWnYQk20zMEX3hw,All of these are great.... They can be saved to SD and really effective for relaxing! Only downside is if the android phone doesn't have enough space for apps.,5,1,3.3,2013-07-27 12:18:18,,
gp:AOqpTOGMH65eEce8KFLlZS4d7typoEP3VguDYrtuUOh7wXeDMp30QK9ovjX0cHe3fv88ES2mCFlqB6waufotX48,Eric Olsen,https://play-lh.googleusercontent.com/a-/AOh14GhwxIN9CyLcjOAjKod330NejQrDr7SSrs1tJ0JOgg,This is a great meditation with a truly skilled and comforting male voice as a guide. I found myself relaxed and inspired.  I especially like the customization options that allow you to adjust the length of the meditation and tailor it to going to sleep or waking up at the end.  This will definitely be a valuable tool in my quest to bring more optimism into my life.,5,0,3.3,2013-06-28 05:36:20,,
gp:AOqpTOFyJ2AsCd7ymowm2VMslzI-bPSbW5gWgu5x22Ie4YLtS0-1Qe1SHGuZb_rA4SufiTZAnbUW6dY_dvP1Hek,mf fortissimo,https://play-lh.googleusercontent.com/a-/AOh14GiWgLStA_dQFzMyTiPFpuFXLIhoRYiYywRDG1j6,You will love this app.,5,0,3.3,2013-02-28 19:45:37,,
gp:AOqpTOGbiF0HQbbzrB40byMhr99gVJfu6PW14D_F6deAhe5omF9plTibxR-N5hAcq7MJI2pVDjkHaFMUoe9nCRc,Krisha Fabia-Quiason,https://play-lh.googleusercontent.com/a-/AOh14GipdgqPEwjU1l9yZxl_7tx3nMxyCVhPp_-cdVQoBQ,It works!,5,0,3.3,2013-01-18 18:58:52,,
gp:AOqpTOFg0Ut6Pd7ITfPHmyu9IxxO-uPLC0IOgQuSpu0Ra7e0LO0FBYiothfo2-R9s7yXVPruK9hMb4zHM8MCSVI,Nova Wright,https://play-lh.googleusercontent.com/a-/AOh14GgyuzyV5JIe1ziLBdEhJaPE9l6uv7vcPRn4OVounY4,"I have other of his apps, LOVE THEM. This one has the longest pauses in between sessions, it isn't constructed as well and it disappoints me. Still a fan of Andrew but this one should be updated!!",2,2,3.3,2012-12-18 07:24:47,,
lg:AOqpTOGsT-YGuE0p6M0mB71XGzAQ3GHMPbvgxOIJNN99xJlaNK8GaqS8A0VRy5dDoiyZdrNK88ByORhdHC7jN5U,A Google user,https://play-lh.googleusercontent.com/EGemoI2NTXmTsBVtJqk8jxF9rh8ApRWfsIMQSt2uE4OcpQqbFu7f7NbTK05lx80nuSijCz7sc3a277R67g,"I'm quite skeptical of this stuff but recently found myself in a deep depression due to life circumstances. I felt no hope and was feeling very insecure.  I was willing to give anything a shot because I do not like taking medication for stuff like that.  I tried this one night before bed,  fell asleep midway, but woke up with an odd sense of happiness and general feeling of ""everything is fine"". I know this helped me,  I use this every night since and it just gets better every day! Thank you!!",5,1,3.3,2012-11-16 10:26:38,,
lg:AOqpTOHH8ifU8X7uWnD869t-z5GAtiAekZtTilgqMRI-5yrwUhfrLtGM9eDfKtrL1HayEi1L9qvuEsxxM3w0Vs8,A Google user,https://play-lh.googleusercontent.com/EGemoI2NTXmTsBVtJqk8jxF9rh8ApRWfsIMQSt2uE4OcpQqbFu7f7NbTK05lx80nuSijCz7sc3a277R67g,"I always fall asleep during the introduction when listening to it in bed so have to use actual content when I'm on the train and not as relaxed and open to subliminal suggestion but it still works a bit like CBT in that it makes me think what I could do to make the statements on the recording a reality,  which is great! Worth the relatively low cost of under £2.",5,0,3.3,2012-10-31 12:52:37,,
lg:AOqpTOG3FOHACsd5_Mvi33n_WWEtfpfS65hGsH2L0R-Cfrogg679CFG8RS8NAXBH_34O6Kz50Ev5b2N1FM4CUyk,A Google user,https://play-lh.googleusercontent.com/EGemoI2NTXmTsBVtJqk8jxF9rh8ApRWfsIMQSt2uE4OcpQqbFu7f7NbTK05lx80nuSijCz7sc3a277R67g,"several obvious breaks where audio clips weren't blended well, says the same thing twice, fingers pressed but no reason why and never mentions again.  Seems like they tried to make more money w/out actually recording a new track.",1,1,3.3,2012-10-19 19:33:39,,
lg:AOqpTOHKPxnZ7JH-EZZc0PS6SmhRVxb1TksR21kIJGOIvYfKFcvVveEGvVJDTrm-CYVZUabCYfJYvPVvx4FD0n8,A Google user,https://play-lh.googleusercontent.com/EGemoI2NTXmTsBVtJqk8jxF9rh8ApRWfsIMQSt2uE4OcpQqbFu7f7NbTK05lx80nuSijCz7sc3a277R67g,Very relaxing. Nicely paced. My favorite so far.,5,1,3.3,2012-09-16 17:47:46,,
lg:AOqpTOGF63tVqOnCKSu653KXi27YK9F6F_leHmS1qUXS-pjXSLVji2SobXLHluykIsY7hbGOQdM8W8LDHlpj7So,A Google user,https://play-lh.googleusercontent.com/EGemoI2NTXmTsBVtJqk8jxF9rh8ApRWfsIMQSt2uE4OcpQqbFu7f7NbTK05lx80nuSijCz7sc3a277R67g,"I love it can't sleep without him, helped me from my anger and suicidal thoughts, thank you Andrew you saved my life",5,0,,2012-09-09 02:51:46,,
lg:AOqpTOEZnO49GrfdV7fO5-kV35gzjUWXMcvtT3DDrtQAQ5iaSW_BsEfJFBaoug7BGw43T6hKj76AW9qBc-IP6ns,A Google user,https://play-lh.googleusercontent.com/EGemoI2NTXmTsBVtJqk8jxF9rh8ApRWfsIMQSt2uE4OcpQqbFu7f7NbTK05lx80nuSijCz7sc3a277R67g,I don't usually review apps but this one is worth it. I fall asleep before the end almost every night! The best way I can describe his voice would be if Sean Connery and Bob Ross had a baby...LOVE IT!  $2.99 is not too much to pay for the best sleep I've ever experienced.,5,9,3.3,2012-08-08 06:31:21,,
lg:AOqpTOG83I5X2fHK7-6en0RlOrSkIGworC9Tn5T8BOlzG-TltvlTNTQUQFIuvNVKz-ZZyBLedK3lSSKikaezrqs,A Google user,https://play-lh.googleusercontent.com/EGemoI2NTXmTsBVtJqk8jxF9rh8ApRWfsIMQSt2uE4OcpQqbFu7f7NbTK05lx80nuSijCz7sc3a277R67g,Add 1 star for update. Emails still unanswered. Find user interface restrictive. Effectiveness uncertain. Relatively pricey!,3,1,3.3,2012-08-08 03:18:06,,
lg:AOqpTOFHVwN1z7Lm5nQ_gb4oqFIQKTEN23xPQSgKQ2Clpq8gcfZAvMvWIP_FNpImdgpuTAsNcVMkgrq36A1z-yQ,A Google user,https://play-lh.googleusercontent.com/EGemoI2NTXmTsBVtJqk8jxF9rh8ApRWfsIMQSt2uE4OcpQqbFu7f7NbTK05lx80nuSijCz7sc3a277R67g,"Great voice, great app.",5,0,3.3,2012-07-30 10:47:01,,
lg:AOqpTOEfLA_VHFd8ie-aguyTI3b13QJNFcIo9lI4D0Q8xod4L0AIwMiqtrpK5Gs1EZGu1ECzrwV3PbEpIbqemF0,A Google user,https://play-lh.googleusercontent.com/EGemoI2NTXmTsBVtJqk8jxF9rh8ApRWfsIMQSt2uE4OcpQqbFu7f7NbTK05lx80nuSijCz7sc3a277R67g,"Downloaded w/o any issues.  Runs as expected.  Been listening to it for a few days, and it appears to be therapeutic and no doubt a nice dose of ""positive"" in my otherwise hectic life.  Simple, effective and inexpensive.",5,1,3.3,2012-07-10 09:44:40,,
lg:AOqpTOECb1DbYxXr_WMiELin7pMmWq6ts7C49ptvW1Mw8MvOvXr8MUKlHxvsrau_qAJsbJt0Wkb07cLT8KS5Ix8,A Google user,https://play-lh.googleusercontent.com/EGemoI2NTXmTsBVtJqk8jxF9rh8ApRWfsIMQSt2uE4OcpQqbFu7f7NbTK05lx80nuSijCz7sc3a277R67g,Always makes me feel good about myself and relaxes me,5,1,3.3,2012-06-25 16:33:05,,
lg:AOqpTOGEcC91eML0s8yubmaCYa9KrmJ0iaqJk5kEBzC8l8oVcDKiSqnT7TKiHZSOqcn-zVEFyZJM4Eeneh41kw4,A Google user,https://play-lh.googleusercontent.com/EGemoI2NTXmTsBVtJqk8jxF9rh8ApRWfsIMQSt2uE4OcpQqbFu7f7NbTK05lx80nuSijCz7sc3a277R67g,Love it,5,0,,2012-05-23 14:41:18,,
lg:AOqpTOFm2o44cK1sBucrkd_Il4fYH5YTSGGbsFp9aAM6J2ywHJgM2TkkqGEFW-9cAaF-23cVYhOc2w-RjvPrt18,A Google user,https://play-lh.googleusercontent.com/EGemoI2NTXmTsBVtJqk8jxF9rh8ApRWfsIMQSt2uE4OcpQqbFu7f7NbTK05lx80nuSijCz7sc3a277R67g,Great customer service! Awesome product!,5,0,,2012-05-22 21:17:11,,
lg:AOqpTOEILMPNJJYvRzHwjwVLJ4rA6OazwjfnGxcj6DynTSt6a3QW3awiQr8vrEs8FjfdupoPY-R13pf_o7_VTuo,A Google user,https://play-lh.googleusercontent.com/EGemoI2NTXmTsBVtJqk8jxF9rh8ApRWfsIMQSt2uE4OcpQqbFu7f7NbTK05lx80nuSijCz7sc3a277R67g,This program has helped me so much and really appreciate your understanding of what people such as myself needs. Thank you so very much.,4,2,3.3,2012-05-22 21:02:45,,
lg:AOqpTOH2RC7sA5Ur4zrdsjTH98uyvyz68jf0J_kcIRDnCw69OoAGPDud0n4Ol5Ngd3eH70LT-W22WATQV0i1VLs,A Google user,https://play-lh.googleusercontent.com/EGemoI2NTXmTsBVtJqk8jxF9rh8ApRWfsIMQSt2uE4OcpQqbFu7f7NbTK05lx80nuSijCz7sc3a277R67g,What does the update do?,1,0,1.0,2012-05-22 06:17:21,,
lg:AOqpTOHQ34F-FzQZNorKGihlx-R0GQtpld0IbQqb_6JD9cj3LKDeQGzDVuE1rIW0E_-Jciff4nDR1lNKYp21i1Q,A Google user,https://play-lh.googleusercontent.com/EGemoI2NTXmTsBVtJqk8jxF9rh8ApRWfsIMQSt2uE4OcpQqbFu7f7NbTK05lx80nuSijCz7sc3a277R67g,"Just listened for first time, very soothing and relaxing, definitely feel calmer.",4,0,1.0,2012-05-17 00:26:42,,
lg:AOqpTOFhFTOmzZ6Ix-OJwEOt6TfvLctOiW744F0Dy_k-LIkn1rQH0uLmzajKZjk_MwmL8PC5maxeYDnp0wmjdXU,A Google user,https://play-lh.googleusercontent.com/EGemoI2NTXmTsBVtJqk8jxF9rh8ApRWfsIMQSt2uE4OcpQqbFu7f7NbTK05lx80nuSijCz7sc3a277R67g,Great app!,5,0,1.0,2012-03-14 21:02:36,,
lg:AOqpTOEPxn6hemXbyIgvwAUEygkjTVf8Xj51NPsu_CLizPeiyHJk1Jw1MgDzp6nbk1nGlACLJbmOAtlXejzE1OY,A Google user,https://play-lh.googleusercontent.com/EGemoI2NTXmTsBVtJqk8jxF9rh8ApRWfsIMQSt2uE4OcpQqbFu7f7NbTK05lx80nuSijCz7sc3a277R67g,it would be great if i can optionally turn off the voice.,4,1,1.0,2012-01-18 05:50:31,,
lg:AOqpTOGyff7aPFAafr6cOViRR-maGHEhLLnzb81L_9UQePlcvGB2FQaSEtXYBojigfepiO8kpfHDWNMBDHctkvE,A Google user,https://play-lh.googleusercontent.com/EGemoI2NTXmTsBVtJqk8jxF9rh8ApRWfsIMQSt2uE4OcpQqbFu7f7NbTK05lx80nuSijCz7sc3a277R67g,".... if there was a 'move to SD' option. Still a good app but though. Come on Andrew, tweak it a little bit will ya?",4,2,1.0,2011-12-06 09:33:05,,
lg:AOqpTOHH2JuBKdmWE5Gva8c4uabKKTwiWohLxxWzyglIEC6lUAqmF7ddnl1DjuMfDcelzh2C4UKrZpeWZ3qcn-M,A Google user,https://play-lh.googleusercontent.com/EGemoI2NTXmTsBVtJqk8jxF9rh8ApRWfsIMQSt2uE4OcpQqbFu7f7NbTK05lx80nuSijCz7sc3a277R67g,Love it! Made me feel better.,5,0,1.0,2011-11-15 01:34:04,,
lg:AOqpTOHKOWI-YrKehhXyP3p8_ZjxISORJjQW53Ttk8QIlALRsKUvYwiPNvEByd2_cWqHiyRs7HaJELG2r7UqH_8,A Google user,https://play-lh.googleusercontent.com/EGemoI2NTXmTsBVtJqk8jxF9rh8ApRWfsIMQSt2uE4OcpQqbFu7f7NbTK05lx80nuSijCz7sc3a277R67g,AJ makes the best apps in this genre,5,0,1.0,2011-10-31 22:51:50,,
lg:AOqpTOEomDBUDdISRsHEtUrXtgyOhgxuRcDE9UYKLNi_kPEO_XCMGLu8k4gn44QX87xMHePpOuvxF6fhtgm0_UU,A Google user,https://play-lh.googleusercontent.com/EGemoI2NTXmTsBVtJqk8jxF9rh8ApRWfsIMQSt2uE4OcpQqbFu7f7NbTK05lx80nuSijCz7sc3a277R67g,I have all of Andrew's apps each and every one of them has help me and my family...,5,0,1.0,2011-10-02 13:05:09,,
lg:AOqpTOHCLCU67LlZtRGnKjHlZuVLTa7y1E2EZeM9ycpNMrkGboVb0fS98SwJaHjymYC28bxqeDDZ6eroNVQAsS4,A Google user,https://play-lh.googleusercontent.com/EGemoI2NTXmTsBVtJqk8jxF9rh8ApRWfsIMQSt2uE4OcpQqbFu7f7NbTK05lx80nuSijCz7sc3a277R67g,Cant live without this app love all his apps . He also has a facebook page that is very helpful,5,0,1.0,2011-07-08 07:53:08,,
lg:AOqpTOH01IaJCMYueZWN8nh7xLS-RzDeoXOfp2gA7hgOa14dVkh_ek2fX8NsKv3WyZ3LxVckzzyYV6Dtrh16c9o,A Google user,https://play-lh.googleusercontent.com/EGemoI2NTXmTsBVtJqk8jxF9rh8ApRWfsIMQSt2uE4OcpQqbFu7f7NbTK05lx80nuSijCz7sc3a277R67g,2nd app from you that hasn't downloaded :( refund,1,0,1.0,2011-06-14 16:13:01,,
lg:AOqpTOEtJhBlexb7Exn8vkrgq6yFhKin5gB8grENo8UbsyUPJ56ILlrCAgmzDokzxzqEBpV3VOr6ybM9C9QVnVI,A Google user,https://play-lh.googleusercontent.com/EGemoI2NTXmTsBVtJqk8jxF9rh8ApRWfsIMQSt2uE4OcpQqbFu7f7NbTK05lx80nuSijCz7sc3a277R67g,"this is my second app from andrew. the first one i got was the deep sleep. that was fine. however, this app wont finish downloading. neee to refund",1,0,1.0,2011-05-16 17:48:06,,
lg:AOqpTOE-eiO24baiwrxRB8lVPU7LqPwFGnX8XaEJii_bu8EtY7rzH1t6G2Urb13QvV01h_QXe75quFnebWuLayU,A Google user,https://play-lh.googleusercontent.com/EGemoI2NTXmTsBVtJqk8jxF9rh8ApRWfsIMQSt2uE4OcpQqbFu7f7NbTK05lx80nuSijCz7sc3a277R67g,It feels natural. It feels comfortable.,5,2,1.0,2011-05-16 09:06:15,,
lg:AOqpTOHZ6lnXlS7Ga9QP1A3RZg7zclh93rfpnEEyIqVfzp-dxfO1qYX_TXLq5rfMaEjXM0OjRrXEsm5mf59sE1E,A Google user,https://play-lh.googleusercontent.com/EGemoI2NTXmTsBVtJqk8jxF9rh8ApRWfsIMQSt2uE4OcpQqbFu7f7NbTK05lx80nuSijCz7sc3a277R67g,Good worth the money,5,0,1.0,2011-05-01 15:59:54,,
lg:AOqpTOF4RZMRkDqXXZUnBPWC2Bceq1EVGTE81aC6GUH_TVzrk5iwnwwgsa2-hZNkwdpBnT1EaqGhTeEv76SkhuI,A Google user,https://play-lh.googleusercontent.com/EGemoI2NTXmTsBVtJqk8jxF9rh8ApRWfsIMQSt2uE4OcpQqbFu7f7NbTK05lx80nuSijCz7sc3a277R67g,"Noticed that i was being positive woke up feeling good talked positive, good things happened. You saved my life andrew thank u",5,3,1.0,2011-04-04 03:12:33,,
lg:AOqpTOEqH51cBnJdqKUSLyufwuJ0HKFNmASena3vJx2ArAXrp0TOo3ceSLmweTCFLS7CNbzMpNxPLIEBHzP4ZnU,A Google user,https://play-lh.googleusercontent.com/EGemoI2NTXmTsBVtJqk8jxF9rh8ApRWfsIMQSt2uE4OcpQqbFu7f7NbTK05lx80nuSijCz7sc3a277R67g,This REALLY WORKS! I bought most of these & plan to buy more...,5,1,1.0,2011-03-10 12:48:07,,
lg:AOqpTOFEiseR6AptfLcnEhkw2_Ik8tBQSYsTmyyehgZDmf6seKMfxc6Y2_WEjO4PNUo_y9NzLsYZJ6F3w0XxYGY,A Google user,https://play-lh.googleusercontent.com/EGemoI2NTXmTsBVtJqk8jxF9rh8ApRWfsIMQSt2uE4OcpQqbFu7f7NbTK05lx80nuSijCz7sc3a277R67g,Woke up in the best mood!,5,1,1.0,2011-03-03 15:46:48,,
lg:AOqpTOGFOHm7eGhcIImoatD-UiR9Y4iJBROSnaxEFU_5ij5ClA_zBvOSn7KvPEQmZg3Lqk_wcnf89bhGBjsigWI,A Google user,https://play-lh.googleusercontent.com/EGemoI2NTXmTsBVtJqk8jxF9rh8ApRWfsIMQSt2uE4OcpQqbFu7f7NbTK05lx80nuSijCz7sc3a277R67g,Very relaxing. Enjoy listening to his voice.,5,0,1.0,2011-03-03 09:26:33,,
lg:AOqpTOGWKaLs8fBGpBoM0jRim87XtNut88EMgNA5shCx1TxX4oVAJqMdtEQBbFb4-aOP70SpFSNMUBvryGkcBj8,A Google user,https://play-lh.googleusercontent.com/EGemoI2NTXmTsBVtJqk8jxF9rh8ApRWfsIMQSt2uE4OcpQqbFu7f7NbTK05lx80nuSijCz7sc3a277R67g,Rarely buy apps. Now proud owner/regular user of 10 from his series. No Regrets. Do regret every single other purchase same category. Well done. Thx,5,3,1.0,2011-01-19 03:21:26,,
lg:AOqpTOGj3SoQ0ybWefFWJihWE4a5P-agNeEUa4HyxAF8HlSuFK3vCky7oW2hFdNenMnnNH2q0IgL0RLHf93mAvg,A Google user,https://play-lh.googleusercontent.com/EGemoI2NTXmTsBVtJqk8jxF9rh8ApRWfsIMQSt2uE4OcpQqbFu7f7NbTK05lx80nuSijCz7sc3a277R67g,Wouldn't download. Got refund.,1,0,1.0,2011-01-18 19:57:13,,
lg:AOqpTOGaqSu24SwwBLYz5uBLQqNEoOsD69AHFB5erXraxDoGyecetJGTkiIjZi_xheaFTNu2wiDiQP7SsL3MtlE,A Google user,https://play-lh.googleusercontent.com/EGemoI2NTXmTsBVtJqk8jxF9rh8ApRWfsIMQSt2uE4OcpQqbFu7f7NbTK05lx80nuSijCz7sc3a277R67g,"My fav to sleep to, relaxing.",5,0,1.0,2011-01-16 01:59:26,,
lg:AOqpTOEsUynH3ihcEZXh5aUBFBZ49Do9zB6vsdwyVaidIxXBexALcMdwVIvDgeNIoIvry9OJ1zWNMqg2EqjbBdE,A Google user,https://play-lh.googleusercontent.com/EGemoI2NTXmTsBVtJqk8jxF9rh8ApRWfsIMQSt2uE4OcpQqbFu7f7NbTK05lx80nuSijCz7sc3a277R67g,"Amazing. Andrew's programs are definitely worth the $3. I have 5 of them, and listen to them before bed!",5,2,1.0,2011-01-04 08:06:38,,
lg:AOqpTOE8vcpSiQieD1xPZ7nltHvRkNjCpUj9mcUf9UdfiHXaEBdCRi-02NUx63tKcMZwHphujk3kTtm7WcJa294,A Google user,https://play-lh.googleusercontent.com/EGemoI2NTXmTsBVtJqk8jxF9rh8ApRWfsIMQSt2uE4OcpQqbFu7f7NbTK05lx80nuSijCz7sc3a277R67g,Love it,5,0,1.0,2011-01-03 19:54:41,,
lg:AOqpTOE_8kzWfx1bpiAOiVggEQOsKTkmFBRQzeSr_6JVfGCDlFrevhd3Zj2Yl_wbFal5JMJbbheW-tjqDh7DAD0,A Google user,https://play-lh.googleusercontent.com/EGemoI2NTXmTsBVtJqk8jxF9rh8ApRWfsIMQSt2uE4OcpQqbFu7f7NbTK05lx80nuSijCz7sc3a277R67g,"Start every day with this app, you will love it.",5,0,1.0,2010-12-07 06:48:26,,
lg:AOqpTOGaXiST21lbjsHyMCp7M0RI5ym9DCktyTEEAuOAz1NZNtiEO5OwRmEChzq-wx76eG8DjFOMOjlmbef4xWg,A Google user,https://play-lh.googleusercontent.com/EGemoI2NTXmTsBVtJqk8jxF9rh8ApRWfsIMQSt2uE4OcpQqbFu7f7NbTK05lx80nuSijCz7sc3a277R67g,"Amazing app. Great relaxation, however I fall asleep before finishing the audio. I dream better and get better sleep. I'll have to try during the day.",5,1,1.0,2010-11-29 04:45:50,,
lg:AOqpTOH1Hf5y3utwrS0Qv6L2QbVd9ciOzacWQ5NheU9P-k0ZS7D5Od_oPUlFIEhQFbq0LbYhkGZogw8qcVxsL_E,A Google user,https://play-lh.googleusercontent.com/EGemoI2NTXmTsBVtJqk8jxF9rh8ApRWfsIMQSt2uE4OcpQqbFu7f7NbTK05lx80nuSijCz7sc3a277R67g,Great app but not for me.,5,1,1.0,2010-11-27 13:16:20,,
lg:AOqpTOE31aylzyDH5G-03wRDMvM1Gn2nHkp6vhTtN19zu6sFIhhxOJNOy_aU6XoqvM_QUNBd3i22jm-ZUJ1wIV0,A Google user,https://play-lh.googleusercontent.com/EGemoI2NTXmTsBVtJqk8jxF9rh8ApRWfsIMQSt2uE4OcpQqbFu7f7NbTK05lx80nuSijCz7sc3a277R67g,Smoking weed and listening to his apps is the best medication and therapy.,5,20,1.0,2010-11-01 14:30:09,,
lg:AOqpTOHYvfhOwkMNgwAmQP-4K_DEi1_pkkNadivVdBeCVuZay-WXbL-OB_SPh6nZjpC2h8J-YCxsunWwmUy6BFQ,A Google user,https://play-lh.googleusercontent.com/EGemoI2NTXmTsBVtJqk8jxF9rh8ApRWfsIMQSt2uE4OcpQqbFu7f7NbTK05lx80nuSijCz7sc3a277R67g,Amazing. Put me to sleep and made me feel happier! Must download!,5,0,1.0,2010-10-11 20:47:38,,
lg:AOqpTOFTjydvKLGa0Lcs6DcPhWUlPZB2Y3qagyxjm6XOMB82gBK2wYkedxr-cOmyrqCKT498vEtrW0yyxAwWUU4,A Google user,https://play-lh.googleusercontent.com/EGemoI2NTXmTsBVtJqk8jxF9rh8ApRWfsIMQSt2uE4OcpQqbFu7f7NbTK05lx80nuSijCz7sc3a277R67g,"I love this app; puts me in a nice mood and reduces stress. So far, this is the only app I've bothered to buy again when moving from iTouch to Droid",5,3,1.0,2010-09-28 09:14:06,,
lg:AOqpTOF5uDBfSACV6A4cQvyU6TWLP5PnKUVNH8P_aa7BtOvWF0djVX1Xp6Wn38q6iqqGdWPDUL9KuILwpg7NiiE,A Google user,https://play-lh.googleusercontent.com/EGemoI2NTXmTsBVtJqk8jxF9rh8ApRWfsIMQSt2uE4OcpQqbFu7f7NbTK05lx80nuSijCz7sc3a277R67g,I have 10 of his apps and love them all!!!!,5,0,1.0,2010-09-25 05:21:22,,
lg:AOqpTOGqjwmO49F9V0-WLN_F8zkqzYb276gvDewlj6yxCh-pBquGfkRn6KSji-qiYGaj9E6YFpa9NpPT90NMa9M,A Google user,https://play-lh.googleusercontent.com/EGemoI2NTXmTsBVtJqk8jxF9rh8ApRWfsIMQSt2uE4OcpQqbFu7f7NbTK05lx80nuSijCz7sc3a277R67g,Content missing on app. Force quit alot,2,1,1.0,2010-09-22 03:57:42,,
lg:AOqpTOFCcOF6fG_tHqHzT31AkVmYhisuwLZM4BOg2VXNlu38ky0-wI0P6tHWpZyHnBs2_aq8uzoLzf_ZnQUpwTc,A Google user,https://play-lh.googleusercontent.com/EGemoI2NTXmTsBVtJqk8jxF9rh8ApRWfsIMQSt2uE4OcpQqbFu7f7NbTK05lx80nuSijCz7sc3a277R67g,This really helps me after a super frustrating day at work. I luv the hivebrain/ Andrew apps.,5,0,1.0,2010-08-04 23:08:34,,
lg:AOqpTOFfpOO2GOJEzSMm3pJpCZ6uP2rlCO9talv0LkTX25U5HsHkk5hKYOoyiI2amjouUikVNUK-EVl8r6OLjog,A Google user,https://play-lh.googleusercontent.com/EGemoI2NTXmTsBVtJqk8jxF9rh8ApRWfsIMQSt2uE4OcpQqbFu7f7NbTK05lx80nuSijCz7sc3a277R67g,Great program! Downloads in no time at all on the motorola droid,5,0,1.0,2010-05-04 14:46:21,,
lg:AOqpTOGHttO2He88WvaS34QkUnnvJvnjkaJs9ohRTkpKU3ijCx1ncNjDHclDG7bLgDt8CijLoSWlp2xu6VvUrZY,A Google user,https://play-lh.googleusercontent.com/EGemoI2NTXmTsBVtJqk8jxF9rh8ApRWfsIMQSt2uE4OcpQqbFu7f7NbTK05lx80nuSijCz7sc3a277R67g,It won't even bein downloading??,1,2,1.0,2010-04-26 20:24:58,,
