reviewId,userName,userImage,content,score,thumbsUpCount,reviewCreatedVersion,at,replyContent,repliedAt
gp:AOqpTOFQ8TgimhGpsBHekRaAPV0l4ko3CjG8zDCfy2tXofq5F29jCCAr4puCUYkxlTHOtfTiNjToPfpcfuJOjQ,Aaron Anderson,https://play-lh.googleusercontent.com/-Wjo_rnCw37c/AAAAAAAAAAI/AAAAAAAAAAA/AMZuucnz-ywEAZTMycdfwgNTfuAEV_iMLg/photo.jpg,"Just as useless as the real police. Blue lives don't exist and cops are useless racists used by the rich, anybody who enjoys this game is a terrible person.",1,0,,2021-02-09 11:10:50,,
gp:AOqpTOErCiH3jzx6V_Asaxe7wfVf9HPfQykZD-1jFqos_25LOEKL0OJMzyJ6g72KdjuhfaLqaZBPRU8CIsUEhg,ransell ortiz,https://play-lh.googleusercontent.com/a-/AOh14GiVXv4fxOqamLpPzR_aSuayNduJTX9K2hAXVJIM,This is more movie than a game. It has forgotten what it actually is.,1,0,1.0.21,2021-02-02 16:46:30,,
gp:AOqpTOELEDvo084VSDExpwMAiIWMum83nP0rqaWsr9QWZuAy6c4JPOwSshwa3Dx2p0mO9MCi3st_NlB6Rs45tA,Josh newing,https://play-lh.googleusercontent.com/-huHhFZGt9QQ/AAAAAAAAAAI/AAAAAAAAAAA/AMZuucmmaGn3E9qwm4a8xELf1n9gB8L15A/photo.jpg,"I think the concept and and idea is in the right place to have a really awesome game, however this game is very lacking and limited. I think they should have kept it like the first one, and added on. You can have a bit of fun with this game, but I find it leaves you wanting more.",3,3,1.0.21,2021-02-02 14:30:18,,
gp:AOqpTOGYTlZbejbldTNxYIBl2qsCxn-EhFKd_AvZzZ3yeWWCMg0sacffism1zssSdBBrfznREBHvp8P0Qcd3XQ,Tshepo Selepe,https://play-lh.googleusercontent.com/-cGu8dZdbfa0/AAAAAAAAAAI/AAAAAAAAAAA/AMZuucnLCcis8Sw_nCC7v5hT2zvG3xxJhQ/photo.jpg,"Great game... more improved than the 1st one... my only problem is that it was too short, I still wanted more lol... but nice game worth downloading...",5,0,1.0.21,2021-01-21 01:16:26,,
gp:AOqpTOEo0B_hs-N2iilaMj5bdQcMfHpNqk4Ug4d2zNhe4h2y0eKpKF3gukZW5oCXZzTLGU6n4X4Mte5d7AsTRw,Matt Cyr,https://play-lh.googleusercontent.com/a-/AOh14GiGLzHCacq_Kzu87_05mXasHRIrI8ekom1dmUFkZw,Font so small it makes the game completely unplayable.,1,0,1.0.21,2021-01-11 01:24:15,,
gp:AOqpTOH8c8-FoT1TbI17MxrKo7agbnK6ZIkcFGajyDK0ZRFdiMrPbXKxIXq6BbgWZ43R4Ar-gwNwzHpvt-97jg,Richard,https://play-lh.googleusercontent.com/a-/AOh14GiO-GuTirt2QK8gHQQpkqvZi5sMK58daLV9rYXG4Q,"The opening cutscreen/dialog is so, so long. Gave up as I prefer the game mechanics over the story. It would be brilliant if there was a sandbox mode.",3,0,,2020-12-30 10:28:00,,
gp:AOqpTOHhYy0g9e7UdzJih7dH2a-B296Pe7Bqzb_r68mKTbQYU5BrjcNt6an6y-JNaw9P2oGSELLqWQoWriTx7w,Caden Ward,https://play-lh.googleusercontent.com/--1PoJoFnVcA/AAAAAAAAAAI/AAAAAAAAAAA/AMZuucmAXuEVVL2ar3gruLfvLO3SUBMCtg/photo.jpg,"It's an amazing game, but sometimes the combat gets pretty difficult and the suspects can swark you. Not being able to have shifts like the first game got me at first. It took me a while to realize what I was doing wrong and I overcame that. But shifts would be nice.",5,3,,2020-12-26 13:39:48,,
gp:AOqpTOFii3GDd-NKTsNWSkTBbu7U-4hffDlvodiMP8rK-8iaDjANgPmYugpwhbf06crBl0ynoYT8tjT5HjuDZA,Mateus Farias,https://play-lh.googleusercontent.com/a-/AOh14GjMlbKvnppNhua4HFI-2Iai8PJqnXM56Y2uKecl3A,Amazing game,5,0,1.0.21,2020-12-17 00:25:25,,
gp:AOqpTOHUQqIglcXYO6haqG5MKVXQub8WnGWUpdEDTL4DSBGjVlM2g6oQKcPV1R1dp78dFiBnHIuaRptMxVJ9PQ,Henry Mills,https://play-lh.googleusercontent.com/-RgrQzWmJVms/AAAAAAAAAAI/AAAAAAAAAAA/AMZuucmFqkigFS4WS_FDdGn6AJ8B1b6Mwg/photo.jpg,"F***ING amazing, love the art style, the story, the pace, awesome work really never been so immersed in a game! Hope there is a third!",5,1,1.0.21,2020-12-06 16:29:34,,
gp:AOqpTOFxswq2lFZNQOz1wzMbxV3CPRriSrsFtD85RkP94hoUTBLjRYzGZuZcaZfNOeIHUJRL2lrA6rGpexVXOQ,anime pink fox gaming 25,https://play-lh.googleusercontent.com/a-/AOh14GiGlHQEqSMCUH__NhRKgLUhOXjHCN9yYD1hhfK4,Just need sandbox mode or custom day without story or a training mode for practice.,5,1,1.0.21,2020-12-06 09:29:31,,
gp:AOqpTOFWlXc2ZUlLmUJKEhgQ-NAAmIsnInOJf7O82bo8N2EtkUsBNyhLKvpsXQnKcmQMp-9g5OyzfpBf2cqxEQ,Josh Emberley,https://play-lh.googleusercontent.com/a-/AOh14GjCF6jEjnYef7hHS6yZIQfFaG5Tp1opvufxpRk9Mg,"This is a fantastic game!! So well done! And works wonders on Android! My only complaint, and it's a tiny one compared to how awesome the game is, is that it eats battery life! But 5/5 all the way!",5,4,1.0.21,2020-12-04 18:33:28,,
gp:AOqpTOFWWzQ_uNCfG2WVeOxO2gu58zNSO6jATQafFIOM0Jtw_Rt7WA4Tm0la0BVhVbRNAAHZM6C2YtCtBeJtgQ,Dominic Dennis,https://play-lh.googleusercontent.com/-CdTg9hlZ4zM/AAAAAAAAAAI/AAAAAAAAAAA/AMZuuckssBGXK2L8onoAMAhx7cTVuEYfRw/photo.jpg,"It takes all the good bits from the first and adds more depth and rpg elements. The cut scenes are far too long, but I have still spent many hours playing. *However* the learning curve is so so steep and at one point becomes ridiculous from one decision you make, then you have to go back to start. After hours and hours. No good am afraid",3,13,1.0.21,2020-12-02 21:11:42,,
gp:AOqpTOGY3VBcx8bE2Jk7eq86YXri7Do8TtXhztBqvEu7clHdpNpHHmgqtk7n2uR-1kaPRVAgMz0MgM9FOqBuiQ,JetsFlyingOffATrain,https://play-lh.googleusercontent.com/a-/AOh14GhkkunHXHMTmQiLtEKPxuJ9ot3QVMtXl0atZgjV,Very epic story Unique graphics Great Police Sim,5,0,1.0.21,2020-12-01 12:28:34,,
gp:AOqpTOFjfpkEtcYgpVHq1CuukzL0lMbx3qpuixbs7hccGveu9UYF4lWxYgtXbt-M0hnDL14DJbQ0ElNRifUImQ,Jason Shi,https://play-lh.googleusercontent.com/a-/AOh14GimWcviC0FYlD0ovQh2_UMNs7j2bzRZZVFf68nmSA,That was more of a movie than a game...,2,0,,2020-11-28 07:10:05,,
gp:AOqpTOGHkZ7SenXUE0kJlnLueTbyyXGsYiJ2pxD_bkQijjEbipjiHiatB085m9z6okPnylKSTmAmsPFA-dFMbQ,John H,https://play-lh.googleusercontent.com/a-/AOh14GgatWnSYyhmPjhPRbckdGy_wYIB0UpcPmN9MDWW,"Unplayable. Literally. For me anyway. How ANYONE can get through the rambling incoherent tripe dialogue that goes on and on and on and on at the start. I've never experienced anything like it and I've been gaming since 92. I skipped a scene of jovial banter (it was that or tear my eyes out) and some guy ended up dead. I got this game on sale and feel ripped off. Gameplay and visuals are fine. Comic book xcom, nothing special.",1,23,1.0.21,2020-11-27 19:52:30,,
gp:AOqpTOGFKw06dTq7bP8W8GNSnBEGA8QwQzEKTLDn7Rvu3l1yXYgAW8sSnMYtDbqJebZ9VcXQaOqDrIPP5lIAjw,Liam McCarthy,https://play-lh.googleusercontent.com/a-/AOh14GiGFVQyr7orHIRpc4YWY0BYMlulqIvSxdi0C7zX,"The game is shorter than the 1st one but makes up for it in the story. Basically like the 1st game but better. Yes, the cutscenes are long but the story is good and you can actually follow it this time. The turn based combat is a good start kind of janky sometimes and overly difficult at other times. Though overall quite the peefect sequel especially for the series fans.",4,18,,2020-11-01 10:53:53,,
gp:AOqpTOFPYCA4e1V9BbG-pUC_X21C6q_3rMPMVxUKtWzC-iM2DGHtG_AgA0MSpQSgnd5o_IqNrrMclPQGbZfscQ,M DP,https://play-lh.googleusercontent.com/a-/AOh14GhWhuApWIk7M3yssajE43ejQs9xhs5pXZQgIfDWGyM,"Give it time, its a decent game. Yes the narrative sections can be too long, and some parts are way too difficult compared to the rest of the game, but still worth it.",4,1,1.0.21,2020-10-13 10:20:14,,
gp:AOqpTOGifltsnM0Y76kbLweNWMNto5OgOqPPLUtvk5D84bOz8WwZE-5JhuOdypPLyk7vQBzLH5YU9Rn6UrnJaQ,Nicholas Meuse,https://play-lh.googleusercontent.com/-Ya_3BsVho7A/AAAAAAAAAAI/AAAAAAAAAAA/AMZuuclQPaBiHSqLFqP77WXaSBzRTBQksg/photo.jpg,"Really fun and entertaining game that gets more in depth as it progresses. TITP2 changes just enough over time that in never becomes stale. And it's fun to pretend to be a police officer while still being able to do corrupt things and not get stuck in the ""everyday hero"" archetype. The first one is good too but the added mechanics and assault nose just makes this one of the rare sequels to outshine it's predecessor. 10 stars if I could",5,7,1.0.21,2020-09-26 01:28:07,,
gp:AOqpTOEobe0coQbPFDgzSQyzJtz-3pK1jhauxtCRsHOibMEG0QVBXLPTvrzBYIYI2egf33UV63JD5N7AJ-aDqw,Explore Games,https://play-lh.googleusercontent.com/a-/AOh14Gj150D9E4KNhVtq1_h57It32hZPbr9HVyOQo4B2eA,"Far too many cutscenes, and the app is unstable. It started off OK, but then it started randomly crashing when entering an interrogation or a tactical battle. After replaying the same day 8 times to have it crash at the end of the day, I am finally giving up. If the app had worked I would have given it 3 stars. I think more work needed to go into gameplay, and I think if you are going to focus so much on story it should include more choices to keep people engaged.",1,15,1.0.21,2020-09-25 13:49:32,,
gp:AOqpTOFj12YSGB0fqrZ-RdywgveAXckYMj3NzKwfDeRfG-2iWJTp6G7pfDucUyiM20Gx3a-HsLNW9mVRHyMfUA,Winko,https://play-lh.googleusercontent.com/-LzRXS3ttzLY/AAAAAAAAAAI/AAAAAAAAAAA/AMZuucmwUoTqsa_fQRas1tGOriOGy0-hAA/photo.jpg,"I was so hyped for this game when I heard about it, but the game crashes before I can do anything. I've seen YouTube playthoughs of this game and I wanted to play it for myself, but it seems like either the game has a bug or my tablet is not good enough to support it.",1,0,,2020-09-20 03:50:09,,
gp:AOqpTOHcXAi6qa92hcroG6ZRCJmMsTXMVhWijHQzG-hsD0reJwbbwGvuWth9R7UYGe9KY27aInhNSPSq7MHisQ,ASHY,https://play-lh.googleusercontent.com/-GKYNv2oBk2o/AAAAAAAAAAI/AAAAAAAABAM/AMZuucnDZxfq3lFXvrXdY9XhZ9ugLq7Hng/photo.jpg,"Honestly , don't bother! Just download the 1st game instead. The improvements they've made are wasted by cut scene after cut scene. Awfull! Should put in a sandbox mode! Also needing a certain amount ic professionalism for missions is silly. Ever heard of rookie cops???? Its s shame ,? I love the 1st game ,? But this needs massive revamping and massive rethinking !",1,7,1.0.21,2020-09-17 04:05:06,,
gp:AOqpTOHIddOou2kKZEQYaBz7T4eDzP_RTjhriARcJSzHf6PqlyoVfjc9Wl1KJuhRdaHbt99eMCbKeoVrOqU31A,Bob Pinto,https://play-lh.googleusercontent.com/-MrhDGHH501A/AAAAAAAAAAI/AAAAAAAAAAA/AMZuuckPABCtZ0p1Mydcn_ZJ3U4vb9HpPw/photo.jpg,Way to short,4,0,1.0.21,2020-09-16 23:49:35,,
gp:AOqpTOGji0CQ4y139ZYNApcVe7HKLWWCKlFezyUsr5mBj7ryydkL603BmgZVQIRKyLypWh2e9KP63jZ-ZVtphA,Ahmad Alberto,https://play-lh.googleusercontent.com/a-/AOh14GhPrVKgrxC_scUdM3R55mbLJrd0i5iNtUaiojjlOg,Perfect...,5,0,1.0.21,2020-09-14 09:20:15,,
gp:AOqpTOFtkGkB2Fab_sCDO9HJ_NC4K4uwjY8bZDrDD-oRUivZUnfeK4UuzPMbESSnPvFWObw28_eqQ12iSSrYkg,Gaming With Khyren,https://play-lh.googleusercontent.com/a-/AOh14GgrIEYGNc4dv5j8KsyK2D--J6U4W5oI0iUExDOV,Its good,5,1,1.0.21,2020-09-13 18:04:16,,
gp:AOqpTOENDGG56RXdRDXtgcpdZgYgNJt4rV0LKjXomp2JL8tgc6oXXmrR_rkNZqcGGOnTMfeLUbj8Wk5kD1QckQ,Jayce Dorrington,https://play-lh.googleusercontent.com/a-/AOh14GjvdspGpdIYIFbXpDHTNpnj9jjTs1WHmAYv_7NVKg,WAY too much cutscenes for the amount of actual gameplay. Cutscenes do not heavily change the gameplay making them feel tiring. Disappointed on this sequel.,1,0,,2020-09-09 00:58:32,,
gp:AOqpTOGYS_oiiAoZgeqBv96Qx3oTsgtv-aQ0iFnshhj2A50BDVgjybssVrgmXDsdI4pskvo9ml25f68sI7ZzlQ,Caleb Turner,https://play-lh.googleusercontent.com/-T_5NbDJmo3M/AAAAAAAAAAI/AAAAAAAAAAA/AMZuucnamYEdCPLs9ZT6yWL-HpkSOpzvvA/photo.jpg,"Absolutely insane amount of cutscenes. I have been 2 days now trying to sit and play this, but have played about a total of about 2-5 mins. Cut scenes that aren't needed, the majority of lines in the cutscenes are unnecessary and take forever to get through. Much more of a movie, don't expect to play much. Waste of money if you expect anything along the lines of the first.",1,43,1.0.21,2020-09-06 09:32:04,,
gp:AOqpTOFze1OMS5eo_pvF0bW9rryHK3zE4osvVtL0oC0S1FSBmfKgzDvs66UdcKG2DdMluSZ_8-WPmb3HHbg5hA,Senpai Eli,https://play-lh.googleusercontent.com/a-/AOh14GhEU35diHnlSJu4cBBa81YMRh9ppsBbvJrL5eUT,"Its great,fun,strategic and all that But the problem is how the game crashes at certain times what i mean is the game crashes by going to black screen and makes me restart the whole day again that's so annoying. Besides that everything else is great.",5,9,1.0.21,2020-09-05 13:29:08,,
gp:AOqpTOHXu99N14wNd19ePh55csyMXHbPHEiwFRxh-sIY_iVEozHMIn0KBWDlb1M80GohmDRAo6QE0Ed5U-er9A,Dayle Jackson,https://play-lh.googleusercontent.com/-MjbcKD5ACnw/AAAAAAAAAAI/AAAAAAAAAAA/AMZuuclseicYy3tqTyixA9E5qKTru32_lw/photo.jpg,BORING! Too much un-interactive story telling not enough game play,1,0,,2020-09-04 19:04:57,,
gp:AOqpTOGOMMQ5TEINgqaib9MeVcva-T20cuwevekqjJhRnWm9M-Mr5SpY0vGAT--BhPQ36nshtZeGOt6nW7PzQQ,Caleb Agles,https://play-lh.googleusercontent.com/a-/AOh14GjH5Tf5DETBrYUwB0CwSjYn38jb6bnbTJaAE9yq,Why cant i spend my caps anymore? I need more cops but i cant buy amymore,1,0,1.0.21,2020-08-30 09:48:57,,
gp:AOqpTOEIoI1-TRn5J3eAxm1oK7LLoDgpFKmfLnLu1RhLYUu_9nXFFW4vbSePLgJxM8WfL3XZdHldlwOSwuhS_w,Andrew Meeke,https://play-lh.googleusercontent.com/a-/AOh14GgFvufuRMUGtGc7TExh2Oi9t7PCCwjp3-Qtgo9bYw,"EDIT: Deleted. This is supposed to be a game but with the cut scenes it plays like the most boring movie ever. Everything that people have said about the cut scenes is right. There are too many of them, and they are so slow to play out. They pause while someone is walking along which doesn't add suspense or develop the story, it is just dull. I've been playing for about 30 mins and have only done one mission so far. I'll give it another 10 mins or so and if it doesn't perk up I'm uninstalling.",1,14,1.0.21,2020-08-23 06:50:39,,
gp:AOqpTOFqhvChfkUnsHzRy7STbz_vooNvrPSaZEuO3NWd4YblVRGl2oh3nyJtqkOo_kwXVEorG_0cJXcW2QsiTQ,Luke Hyde,https://play-lh.googleusercontent.com/-A2fLPFfEpvw/AAAAAAAAAAI/AAAAAAAAAAA/AMZuuclUqTIW6ZxO723sQWWAV3KhnNSlzQ/photo.jpg,Endless cut scenes. Even with the skip option you spend 15 mins just skipping things until you can actually do something. Then you get to your first mission and.... More cut scenes.,1,1,,2020-08-15 11:48:10,,
gp:AOqpTOHfAo-dV_jyQdlD4hHesYQX0IVHUNpg1gKkgzeKJiE2KkEjiTbhP7IR69be6Qm5GbGz6i-_l-WfFiQ30Q,Sean Coyle,https://play-lh.googleusercontent.com/-E9izpz9INr8/AAAAAAAAAAI/AAAAAAAAAAA/AMZuuckB9L2ffO5tl5hRQ7lB62nMAiq0EA/photo.jpg,"Absolutely love the first installment and I like the new tactical features BUT: the cutscenes in this episode are painfully boring and long, so much so that I stopped playing. Truly is a shame they ruined the game with them.",2,5,1.0.21,2020-08-14 20:07:26,,
gp:AOqpTOGDngQ4juS1EzwI7yopW6qR95qPXjpVTvI-tYZYFCOIom0mwVemk-d-feWQXPbOhrM5_vN1o4_bEytT9Q,Ely Brettaigne,https://play-lh.googleusercontent.com/a-/AOh14GgUZ1CoAJKFn55oNzPgTGT3oYjRIUd-dXx3AtxhRw,Tiny! Must be played on a tablet or phablet. Impossible to play on a phone.,1,0,1.0.21,2020-08-04 06:24:04,,
gp:AOqpTOHLQqGYVxq4eSlmaDrUk9u5WP0WSG5UlHDg6uuRof8Lv-E5uSwJFKLHmXUQ3hZFALustmCjFwMGWWiwSg,A M,https://play-lh.googleusercontent.com/-if_vMCE7IeY/AAAAAAAAAAI/AAAAAAAAAAA/AMZuuclpKegON-rtCNKxoKcD8iW2XiLMRQ/photo.jpg,"One of the deeoest most engrossing ganes on the market at the minute. Although the plot is less well grounded than the first, casting off sone of the heavy overtones and offering more variety and pkayer chouce has given this game more character and vitality than its predecessor.",5,1,1.0.21,2020-07-31 19:46:05,,
gp:AOqpTOFucKfLqG9_MOpjJqpBxWSBta1ErHGcjUz1VsbYv5KNwzL45a5bpwhzGMQRSbv2geaD9LI-xapp4etvHg,Brian Kubo,https://play-lh.googleusercontent.com/a-/AOh14Ggu-4CPKXYjgsAu2lq_7ody4aGs87PcHLOuX_4gRQ,"Great game ruined by awful cutscenes. When you actually get to play the game, it's like the first one but better. I'm a fan of the tactical missions they put you in but their a little clunky and require a few redos to even understand them. The new functions they added make the game so much more funand complex. You are required to use alot more strategy than in the first game. Would love to rate it higher but I cant overstate how painful the cutscenes are.",2,13,1.0.21,2020-07-30 22:32:59,,
gp:AOqpTOH5rb6Luk-96qYLajRwVwIMYU3s9t8BxwIjitb2auOxGmF2VtjEalAGjJJWmJGj1Ud8GuQmiX-asGcvQQ,Sean O'Mahony,https://play-lh.googleusercontent.com/a-/AOh14GhV3Z8fSdIh3t8x6jsbmvad6sPVJsMddorH8KXH,Painfully boring cut scenes. Can only assume that they're there to stop you from trying the game out while you still have time to get a refund,1,1,1.0.21,2020-07-29 11:51:03,,
gp:AOqpTOF-LjsvQ3t_jEcisr1Bb49rUwl60y0hZzUxLgZDwzcokzVqqg11hYhjk5FlK2fp3uJQhji1IQZ578k_FA,Mr Pumpkin,https://play-lh.googleusercontent.com/a-/AOh14Gh_bLkD3RFcWQDkEAvVDDlskat95RR9fEaXn9knjA,The dialogue is worse than oblivion,1,0,,2020-07-28 23:23:30,,
gp:AOqpTOFt016hWyKOh4ZsNHII-IQl1OGPH0xNDql--fmdM9sRWtv8zr-XJB1DhlA-WceKhucgj7zfonSmfF7qqQ,Movintar,https://play-lh.googleusercontent.com/-XYZnzAph9nY/AAAAAAAAAAI/AAAAAAAAAAA/AMZuuclkxNUqUceHzbKMX56-hCYUqGILMA/photo.jpg,"Potential to be fantastic ruined by the RTS mini game. An option to turn that off, as its hard and boring, and I will increase to 5, as I think it would be worth it then.",2,4,1.0.21,2020-07-26 11:16:18,,
gp:AOqpTOEsEmQ9m7Bkak_yJiMGCcVs-jdZbFt0d9AmBYaNTlbGzfMHByQ89sv1vp5u6nFv4BgQWWZ-jjgYXc2LQw,Sidney Bradshaw,https://play-lh.googleusercontent.com/a-/AOh14GitwGg3g6sWb6PtQMYF8oKhTvV8YIh2piu4k0xRcw,"Love the game so far but I can't progress past the necktie base. The game crashes before the assault every time. I also think that a more developed customisation system for your officers is needed, so you can change type of firearm or ammo etc. I know that the developers probably won't change the mobile version too much though.",5,5,1.0.18,2020-07-09 13:16:40,,
gp:AOqpTOEdFdF6YsER9Hc2zeghwscOHLOyKLqUeX5VOdtAXQfHoL9XY5diqafyknlK8lFMy2f0UUbTSMdsHjNT5w,Nick,https://play-lh.googleusercontent.com/a-/AOh14GjVft0G3ySXuTG8NHyJtOLPf5NzgizDRTlemvk8gg,"The gameplay seems somewhat improved over the first one. They've made some smart tweaks to the management gameplay and added a whole XCOM-style tactical layer that seems alright. The story is maybe even more in-your-face than the first game though, especially initially. There are a LOT of cutscenes, and some dialogues probably did not need to be as long as they are. But I think what's actually pretty rotten about this game is the bait and switch they pull on you with the protagonist. The woman you see on the cover? You're not playing as her.",2,10,,2020-06-19 03:17:32,,
gp:AOqpTOE5D0qS4g5XwRNaFhulRHkfXuEF3ZcO3qCk8PNv5FbqSnQ7jqIlq9SIhX_iOg4tTq8LK_YWxkpizrhPFw,John D;,https://play-lh.googleusercontent.com/a-/AOh14GiX_pa9XbqeZXQHY4kQCLN199TbjzqcWDueW4-JmA,Great game there is a learning curve,5,1,1.0.21,2020-06-11 12:34:24,,
gp:AOqpTOHW5F0mIa1ciXMJZvzNHTlzTYyF_KzQtqKDWF4kWOPC2ZgXbWirz6eYzyaOzHcTUX_lNd1LoRDaZ19DFw,Christian Farrell,https://play-lh.googleusercontent.com/a-/AOh14Gg2v3S-hjPN6Ew3vTsQfy9qvyHC1tmJplfREhELIA,Constantly stuck in a cycle of guys not showing up or coming in drunk or randomly deciding they dont want to be cops. Then I have 3 days of no tabs and have to start over. It's so easy to fail when you make your guys so high maintenance. Regret paying for this but it's a good game when it actually works. And the music is horrible. And if you send your guys on those special missions for some reason they always decide they no longer want to be cops so I decided I'm not sending anyone ever.,1,1,1.0.21,2020-06-04 04:22:33,,
gp:AOqpTOEABisLu14LlKHEFx5gaqoaFoqh0rGVho4cOCASYQOCAVWJQNeFjhN-1M6eFk1ifO0nFQoWRFQ6NESiwQ,Steven Holsinger,https://play-lh.googleusercontent.com/a-/AOh14GifNtGq11bGgiCJ0ZSmgdySBqZODWAyEz-c3MPj_Q,Doesn't work when I open the game,1,0,1.0.21,2020-05-28 09:24:17,,
gp:AOqpTOF9ONgr0DVz9RXF7kmgYHwIhiaNJAhEDrv-TsDpPVrjwPaT0j8xhQNp60kEUF7z8yTg8KPVgDqYxAsjpA,Southern Peepz,https://play-lh.googleusercontent.com/a-/AOh14Gg2zwTfveFlqqdkm02Iz-2niqLej2ai2C17kPS88w,"I was playing the game for 10 mins and still didn't get to actually play it. It was all cut scenes, and even though I skipped all of them they just kept coming. So I deleted it cause I already hate games that have long tutorials and this is just ridiculous. I cant imagine how many more cut scenes are back to back in this game.",2,24,1.0.21,2020-05-24 19:08:20,,
gp:AOqpTOHFF38Xt8r35iX7bn_y8ECpUdqxGasBYFO-xXGGpj7b9e6DNyr06tGGGa9oGujqkccIKGLhBa2NsfX5CQ,Yfydydhdhdhdhhdh Hdhfgbhddhd,https://play-lh.googleusercontent.com/-QNRPH2aUHDs/AAAAAAAAAAI/AAAAAAAAAAA/AMZuuclYrB1sYnRpSA9I_-sV_BTwHslztw/photo.jpg,Good Rerun On This Game On Rerun I Mean You Made This Is The Police The 2016 Game You Made That Game Really Good And This Game Also Too,5,0,1.0.21,2020-05-16 13:37:01,,
gp:AOqpTOH_mzUhBTP8fG5ZfkyA72EGKm55K98IagDMK6E46BN6aIhwzLQXEl5AUg6Cl-hNjOBoumDoq1wz8UrX-Q,kezung,https://play-lh.googleusercontent.com/-o1X984WWY40/AAAAAAAAAAI/AAAAAAAAAAA/AMZuuckeHLMucQNqKaXozU21heISfqmeDw/photo.jpg,"Awesome gameplay, reminds one of steel tactics for the pc. But the storyline is really amateurish and confusing.",4,1,1.0.21,2020-05-06 12:53:53,,
gp:AOqpTOEsF9CydgVDhMpdCWWPbGnTBUpsnNvjfNgPpvtOcX1FOL6OjQa8N8A4Plh8dHDpLiWFyJhRoWQeXleZCw,Kendrick Hyde,https://play-lh.googleusercontent.com/a-/AOh14GhugCRs3qgC5zQAgzZ2ztww7YQfRWvoXpHQ_AdY1Q,The gameplay is good but for the love of God make a way for people who don't care about the story (it drudges on) to skip it faster or something. There's 30 freaking cutscenes you have to go through in the begining before you can get to playing the game and even with holding to skip all of them it'll be like 10 minutes before you play the game,3,26,1.0.21,2020-05-06 09:56:24,,
gp:AOqpTOGYB-hWj-TIs78hgz4rf0sxQBhXp9r8yHCWlY6VbyJjbUUvsRzGvSbQnMA4gjmwE7Toh1kGRE3odq-cBg,Dante Cruz,https://play-lh.googleusercontent.com/a-/AOh14Gg11s0aor-x23sDu0sIX72KTepoh3ecER848Hepnw,I was expecting more honestly. I'm not sure if this is a game or a god damn movie.,1,0,1.0.21,2020-05-01 04:08:56,,
gp:AOqpTOEZRd6pW94SRYzf1Du_miQYPhly7malgiUrIV0rUT9a-B76tuZEub7DG_9VMYbdF_drmnoYZ5HKpF2bOA,Tail Twisters,https://play-lh.googleusercontent.com/a-/AOh14Gik0eVFzqBhAngVxJVKb9JvJu9mmoWWSOUBMN3Y0Q,First ones better,1,0,,2020-04-18 22:24:41,,
gp:AOqpTOHXw_2WugKl9lfCf24qPcffopULgTAwYY63ie0FpVmDbJa-NQptNB8ij3Nc6ECJ5jCtTXKuHASL-5wUpA,HorizonsDeadKid,https://play-lh.googleusercontent.com/a-/AOh14GhYmpMWwgmoZnbAoYxnTWnGrLybpfM9_3puYlEzog,Not a good sequel.,1,0,,2020-04-17 16:40:11,,
gp:AOqpTOGYhLzwkRwCdV-pF1u_QaWUW0OV7UnhrbjHI5VPkPCWU8cQhncuwsOCUmFnQg_LFCXKTD-Oau1fvQ4z1A,jdog,https://play-lh.googleusercontent.com/a-/AOh14GgyoLRgQsk2sl3UBGvRh9ha4SSn25vlu9SoE0HJAr0,I love the first one. This one is impossible. Turn based RTS missions were added and they are impossible. Fix this game it's unplayable.,1,3,1.0.21,2020-04-17 09:08:37,,
gp:AOqpTOFlMMJW2rXN-vs49F5mrjenHqaxjMZ_8hK3lm6_4uBy8xlLWtQ7XBYVMu3YWi1V0tdZWWCgM3uITz-ajw,Josedavid Rodas,https://play-lh.googleusercontent.com/-IpSM-pdWIUs/AAAAAAAAAAI/AAAAAAAAAAA/AMZuucmtvYGrnLdibh9Zx2LSCOqi2v-sxA/photo.jpg,It's a slightly above boring game. Not worth 10 dollars.,3,1,1.0.21,2020-04-15 05:12:32,,
gp:AOqpTOF2s3o-3AMJRLn04jO5Vqy9UsIrxaHsJQRfY8J-D7HG2kT_ZHq_AnksJUXltmHTdiUnwK3tRpjB7A89Gg,Stephanie Magee,https://play-lh.googleusercontent.com/a-/AOh14GhcF-PGBneW0Vls2PeT9iw-8KR9XnIy98x0kIKZfAQ,Freaking awesome i liked the first one but this has totally surpassed it by a long ways ... I dont usually give 5 stars but if any game app deserves 5 its definately this one! RECCOMEND DEFINATELY !!!,5,3,1.0.21,2020-04-15 05:01:10,,
gp:AOqpTOGAtISLC1vFCW51hqoAsukMXj9Y7s2_JCBwc5Q38iUNDP4509JrM61Yfi06WPcdfj5yjkYxYghXNWVyRA,Robert Field,https://play-lh.googleusercontent.com/a-/AOh14Gj3QMR4Q94gVCxA-6_tQM6_tPPOxxUdF7auZCBl9Q,Absolutely endless cutscenes. There's probably a great game in here (I enjoyed the first one) but an hour of cutscenes with virtually no gameplay is just ridiculous.,2,2,,2020-04-14 18:56:34,,
gp:AOqpTOFHj25DOJPgV1SGtO3qv9Je36Mlxn5-9WsGROvoOEfFM9pm_nTRNOmOc5h5PQA9iQFx-447PF2bHZSjFg,dendy demon,https://play-lh.googleusercontent.com/a-/AOh14GiybSNn3UY_nbxpjJOVg2orXzlh-7NsyBIVnGXd,Love it just I like always were is the endless mode,5,0,,2020-04-13 21:10:32,,
gp:AOqpTOGa9MoePNKN2njlkSz7PlFtsUH2y8r7dXkHcBkR1-El2aR1e5fsG8_XMphukx8eOLILFC_bkL3qJ0OUBQ,Timothy Brunell,https://play-lh.googleusercontent.com/a-/AOh14Gg0TjXqR56_Y9m5W_xFHzQdNAug7-PaHRK-CUgM,"Absolutely amazing game, I own the first one on my PS4, and this experience is way more satisfying and addictive than it's predecessor, since it's free with my game pass, I'm gonna buy it on my PS4 so I can play on a big screen and on the go",5,2,1.0.21,2020-04-13 04:23:08,,
gp:AOqpTOHq9R2bs9NEXZ90Rfz2tXGsfoVD6DNj-wM9sf9n3MBOIUK-GtNese36bx6YYm3wMeWN0rLQqrydw0Hexg,IgnusFlamebringer,https://play-lh.googleusercontent.com/-NR_w4W814uk/AAAAAAAAAAI/AAAAAAAAAAA/AMZuucmvP4txQQgQKmU-ZKldvyyCq_KXvw/photo.jpg,"It's a good game with a good story, but... I just couldn't play Jack. He was so mean and I didn't want to be so mean.... I wish we either had a choice of which character to play as, or some kind of choice in our character's actions. Without those, I had to uninstall.",4,1,,2020-04-12 09:08:01,,
gp:AOqpTOE209BgpbUYALQVwMqYhz7cTLrXhMAjTNsU6w-Pl8jEEeFf6MeVZ1Tnz60KTcPLRaHd3RTWVQCAHHHZwg,Harry Bouras,https://play-lh.googleusercontent.com/a-/AOh14GhcD1SxKwePlM6BHLz4T3bpQzvNPyufGAbv5tLV5fo,"I am really sorry but the game is overly difficult and has no fun being constantly in Chuck Norris difficulty. It is a pity actually as the first one of the series was way more enjoyable than this sequel. Half of the police squad is drunk or refuse to go on a mission, the professionalism in missions is constantly spiraling up making it impossible to follow cop development, money is draining like crazy... do you expect players to manage to reach the ending?",1,41,1.0.21,2020-04-10 18:19:57,,
gp:AOqpTOHPYa2LqBlC8Nv82Jh0vy7JkgIHgP5uMEnHOde1j98Ajk5mbU1oddeFp1M38EoMbPnqzVNEqw6y7ceLNw,Callahan Phoenix,https://play-lh.googleusercontent.com/-lYPbSrOsKyA/AAAAAAAAAAI/AAAAAAAAAAA/AMZuucl5H39M6rB9Zux_D7KhS-xTvG1Caw/photo.jpg,"It's an ok game. I guess I like it. The new combat scenarios are pretty fun, if challenging. The story is long and bunched up very closely at the beginning. Even after just two weeks of in-game time, the missions that you send your officers to are too high level and show up too often for you to be even able to play. The choices for each mission are fun though. Another big problem is officers don't want to do their jobs half the time even if they have ""respect"" for you, which I think does nothing",3,34,1.0.21,2020-04-09 16:03:07,,
gp:AOqpTOHhspdzUFkDcSjGJUVCnXhHUo_-PKyMAaWFlEPQuYpfBdHJGd2jbDltnBsUC1icxCJwjXkD_F7RpDKYNQ,Parker Nystrom,https://play-lh.googleusercontent.com/a-/AOh14GhL2R_PjcZkP4Ik7tfX7IWWh54os9fldNEZnzM0,"A disappointing experience. I played through the first four days, which was enough to be frustrated with my character being demonstrably feckless, useless, and dickish in cinematics, all the while being constantly stymied by what I can only hope is the worst police force in fiction or reality. Every morning a third of my ""officers"" are begging off work because they ate a pinecone or some other pretext, and then the ones who do show up just straight up refuse to answer codes because they're lazy",3,31,1.0.21,2020-04-05 02:59:24,,
gp:AOqpTOGyNA2VX7Df9YLl5ZxmMDplJnql4T4BJjjjmnuFKQZ0e5vh4kHzProoQWPf1f8YkJ2uddeqWJadzK0Uvg,S Saleem,https://play-lh.googleusercontent.com/-gTIGT92YNyw/AAAAAAAAAAI/AAAAAAAAAAA/AMZuuckEfiFSmiwQbZUeKNSBJLFv8gMTmw/photo.jpg,What a frustrating experience. How anyone can find this fun is beyond me. A tutorial followed by an hour of cutscenes. Story and dialogue actually put me to sleep. If you're going to make it so story heavy at least make it interesting.,1,11,1.0.21,2020-04-01 22:35:07,,
gp:AOqpTOFgYDVCUNxbkQilDQJDuQluajO2EFu1ZWzmxd_4iKlbBC_KFbfcR5zJc5AELE7T15ru1GxWduVlLCj3VQ,A F,https://play-lh.googleusercontent.com/a-/AOh14GjbR3N8GnLud9wNoVP0a0CFRNyLJTvWIqKzOSWmtw,Very bad writing and overly long dialogue that leads to nowhere. Focus on the gameplay! The first once was so much better.,2,1,,2020-03-30 18:56:14,,
gp:AOqpTOFDeIeTrXfwwT0mgOkwKG97iJjCt1lx7wX8MzI_2CZ8CkYWO7qWqoXulcmYvprkzx-bI0RiA7U29QvpYA,Austin Shenk,https://play-lh.googleusercontent.com/-oxNAWwhDdJQ/AAAAAAAAAAI/AAAAAAAAAAA/AMZuuclac0nPMSwe6j5e6INT-dNen7_RxQ/photo.jpg,Surprisingly really fun.,5,1,1.0.21,2020-03-10 00:13:55,,
gp:AOqpTOFr93V4Txec8iqTVHyPbv6lbJG2Xue5p6WMYDsarTp1aZSAcO1_G5HReSI6EieA_VS6856qcdRbXTX8rA,Lucas Kinnaman,https://play-lh.googleusercontent.com/-XDO00zA8Nsc/AAAAAAAAAAI/AAAAAAAAAAA/AMZuuclyrG3E6BVNAXUedNGzpOxkXSCUAg/photo.jpg,"Loved the first one, love this one. However, the high star requirements and spamming of calls make the game a lot more difficult as it progresses. More importantly, after Dec 23 and all of the cutscenes that come with it, the game gets stuck on the loading screen with the blue and green lights rather than the next day starting. I cannot advance in the game. EDIT: Changing my review to five stars! I informed the creators of this matter and within two days I am back to playing without problems!",5,49,1.0.21,2020-03-04 16:54:00,,
gp:AOqpTOF8RC8qksP9mTWaHWjWdynYQTgkGBoYkNzvH5e_2eLxO7ScYJmYrEna2p4jw_UgMI3mX1KmDt1tbWpDKg,Henry Yahya,https://play-lh.googleusercontent.com/-oBN13EwUeQU/AAAAAAAAAAI/AAAAAAAAAAA/AMZuuclZH3gFQphezNCny0Dz9HLnFEHGpA/photo.jpg,"Love it... this game play well on Asus Zenfone max pro M1. I'm willing pay game like this again in the future, and I heard their Dev had released another game named ""rebel cops"" on PC. Hope it was released on Android too next time.",5,13,1.0.20,2020-02-29 10:28:27,,
gp:AOqpTOFfads1sFQEuqxUiYj-h6PTs2t9Rpu7f6fBr_SIYf2PlJx3jiPyW9HbaN1iRgOOfZSjtJaZB1KBCIPKZQ,kaydenl_,https://play-lh.googleusercontent.com/a-/AOh14GiFPnG6D93Bmmg4yURrV5At4w378awsN9b_6LssIQ,"At the seventh day, carter's jar was literally overflowing with 200+ tabs lmao",5,0,1.0.20,2020-02-25 05:13:31,,
gp:AOqpTOGZ2gHSbY0dpQUXzLjoAlgR3k5S0VnLJUWepDkgF9Yuk0FKgUoklhKlViGrMbC8xwjipRkC03VVGx8uEw,Haris Marjuki,https://play-lh.googleusercontent.com/-Vw9PJ2CfUPc/AAAAAAAAAAI/AAAAAAAAAAA/AMZuucnGeqEB0qHa8_m5rNB7_H27TKKKMQ/photo.jpg,"Please solve the bugs. I spent 30 mins on a mission and at the end of the day, the map hanged and I cannot end my day. Dont be a disgrace.",1,9,1.0.20,2020-02-24 21:10:14,"Hey there,
and sorry for the trouble. On which day did you experience this problem? Does it happen everytime on that specific day or was it just once? Have you tried to take a different ""route"" through the day?
Kind regards,
HG-Support",2020-02-26 07:10:35
gp:AOqpTOGRljnKxlh9nFSrlIjk2PkAw5noJ2U2SAErUAft3khjp2PEcZ7xj7wAm8BdPtttn9-JanF3F3ApczlE3A,Adam Williams,https://play-lh.googleusercontent.com/a-/AOh14GgvyfXjmXH6O_FwHUH7FqT-XAZiJ3V1rNuqsMCHeg,"Great follow-up to the stellar first game in the series. Introduces new tactical missions (think X-COM) which are a ton of fun. Everything is very well written and voice acted, and the investigations you get the chance to conduct are challenging without being frustrating or unintuitive. My main quibble is that the player doesn't have enough control over the narrative; not many consequential choices can be made. Also sorely lacking is the option to skip a single line of dialogue during cutscenes.",4,1,,2020-02-19 16:59:45,,
gp:AOqpTOFr8kF-V7Z869xPnPzxHNT98jb_GjjU-IK0PpWIhexf_F2c0NlsgYpjs9VxNetQAbbGMyDgu1FLky-YYg,Cory Martin,https://play-lh.googleusercontent.com/-mf2A1DZrQo8/AAAAAAAAAAI/AAAAAAAAAAA/AMZuuclu00p0SflkE9qRXu7E2SwPllM1mg/photo.jpg,"Just like the first game, with some new twists and gameplay mechanics, some crashing issues but decent response time from support team",4,1,1.0.18,2020-02-17 08:22:27,,
gp:AOqpTOH_0keYIXp4EiKXIF46Wd4aCxSoUMGJWVn6g_CBJUPHV224LlVK4ftXsp9Y7jwyUiHscFxdoCII6A3pQg,Pascual martinez,https://play-lh.googleusercontent.com/a-/AOh14GhE05JQgCvmaqlTuECUzW0BwuHkUvJKNlt6DZqMYA,"I love the first game 100%. This game is good, the mechanics are definitely a step up(if you enjoy much more control exp: equipping specific gear. How much professionalism is need for a specific call etc...) what kills this game for me afterwards is how cringy boyd is in the story... the whole story is 🚮. Also why did you guys take out the: skip line option? I hope if you make a third you guys need to give a option to play story or sandbox.( having to beat the game sucks lol) stil a fan. Fix it",3,8,1.0.18,2020-02-14 20:07:36,,
gp:AOqpTOG07tQg4TNpk3iXGk_tt28z3dtYFbXtSq7qHyNymsFJKR41ic35dT4MxAmBM0X-UrQzPi8VC_Q91As69g,Ian Lee,https://play-lh.googleusercontent.com/a-/AOh14GjQmfIprWwwwDhQ4sb2bKrXjAiZYDhJIeruoEbyPw,"There is waaaaaaay to much story to this and its not even a good one yet. An hour playing and the only game play was a lame tutorial. Definitely not worth $8. I want a refund. You wait a day to inform me I could have gotten a refund had a asked for one within a few hours after buying it...? Gee, yall are a help. Give me my money back!",1,12,1.0.18,2020-02-12 20:16:40,"Hey there,
This is a very story heavy game and it's no secret. But google usually allows for a 2 hours period in which you can test the game and then just refund it by uninstalling. This should be enough to test the game and if you don't like it, which you noticed after an hour, get your money back. 
Kind regards,
HG-Support",2020-02-11 07:45:06
gp:AOqpTOE4XsbIcwRTd8Ah8uqnHXyr8DSx0zxHcVORrgp3N7zfJ9c70dXS2v2-rrYIlNh5-jHNvwdhEQAmj5XqAg,MockOverdrive,https://play-lh.googleusercontent.com/-2QMolk5lEt0/AAAAAAAAAAI/AAAAAAAAAAA/AMZuucmyoTf9Wjss_1XzThg2JK9xUVzBDw/photo.jpg,"Around December 10th, the stars required to respond go up from roughly 1,000 to 2,000 this is ridiculous and does not allow me to respond to any calls. 1 Star until devs fix this stupid star requirement problem.",1,4,1.0.18,2020-02-10 21:02:53,,
gp:AOqpTOFKVyEGdbGOgbS4AdqUPKDBbcWPD1iO2ZiAJ0imbb9pThtsIBdyU1oAxBqKJn3oYMfc4PJaBqF2_DGeJA,Kenyadi Thompkins,https://play-lh.googleusercontent.com/a-/AOh14GiTTdhO2OTLYCkO2RUUNtiiHNnzvxI2vrY-UrbfRA,Unacceptable... Paid 7.99 and can't even get pass the first scene 🤦🏾‍♂️🤦🏾‍♂️🤦🏾‍♂️🤦🏾‍♂️... Fix immediately or give full refund... Damn shame love the first version too..,1,2,1.0.18,2020-02-07 05:52:46,"Hey there,
sadly, your device is rather weak performance wise. Have you tried to lower the graphics settings in the main menu to see if that makes any difference?
Kind regards,
HG-Support",2020-02-11 07:47:36
gp:AOqpTOHXTf512vz_iGboWS0ssQ4kp8b2AOeLxTndMQZDcV2I7c50UwKR4WNHW9tGXw7ufCzoVNCKTlzGfYsing,Joe Kolundzic,https://play-lh.googleusercontent.com/-sS-nTiuGU4Q/AAAAAAAAAAI/AAAAAAAAAAA/AMZuucmNa21GdvF4o7vt7b5o-TenTIhriQ/photo.jpg,"Loved the first installment of the game, was looking forwars to this but got bored for the game to start after 40 minutes of cut scenes. Deleted, uninstalled and refunded. Wadte of time 💩",1,3,,2020-02-01 14:03:20,,
gp:AOqpTOFA0Nhc8Ncp2v5TF5js0sGmRxCS3qFDFgMM4kGCIc8zznK4xUcLpz5z4DBqxpYKgeU3djTfK91zL6eYhQ,Bu11et,https://play-lh.googleusercontent.com/a-/AOh14GhprQUvfEAXLwfhp3-0-eHLIy9jk60k8p20JkzFqQ,Good game ruined be a boring forced story with cutscenes so so soooo long that are so boring and you can skip them but you have to hold and hold and hold and tap and tap for ages just to get through to the actual good gameplay so you don't have to sit through a boring story.,3,5,1.0.18,2020-02-01 02:29:45,,
gp:AOqpTOF1BFPsknBB2JjRRWIEAKvgWP2n76bjmtainn9PlANSn5fbUEJGLARPXG64loAtUxbqRPymhK-bw6JQZA,Chris Fontanes,https://play-lh.googleusercontent.com/a-/AOh14GjNGmNQ2kl5fhDj_-s6VzwOJDU4UvjjLbiDRrcTp-8,"Hey guys, if you wanted to make an animated film you should have just done that! I just wanted to play a game.",2,2,1.0.18,2020-01-23 16:49:15,,
gp:AOqpTOFBt4YUypVApOCrvdODkKroFdiygAMP0WTnWxl-tBd4G-L0I-n63XEHuD_mzPLPoWe1PGssBUlqMn0VUA,Phumlani Mtshali,https://play-lh.googleusercontent.com/a-/AOh14Gj5gPbDGKcJnyExESERg8DlWojpCPNF65Q7rkRrzQ,"This is a masterpiece of a story, gameplay. A thinking man's action game, role playing without the grind.",5,0,1.0.9,2020-01-22 08:47:52,,
gp:AOqpTOFg1vGTMjxkbD4vo8vDgNMyjg6M89iTQgEoulyPhRcT9IOCJDub6PMFWQtT6cfxWUgFa8SFJJv_ZTYbXQ,M H,https://play-lh.googleusercontent.com/-rVch5r8heeA/AAAAAAAAAAI/AAAAAAAAAAA/AMZuuclhJUxRcizcKslJPr7QrjWi9OFZrA/photo.jpg,"An amazing game with issues. a very good sequel with everything that I wished to have on the first one and even more. But...to my opinion 1.the gameplay in the tactical play is too hard and lacks fluency, a bit frustrating and not fun to a point that I stop playing. 2.for some reason few of the officers are doing actions automatically which ruins the whole tactical play. 3.The police officers are way too problematic in their moods and behavior... which limits you way too much. Thank you",4,5,1.0.18,2020-01-21 07:00:54,,
gp:AOqpTOF1nPWP4CxxDSLxaomuE1dhXUY91yKsu5wEAtl3AlUFXNlhzfGcqoisoGrfEX3pgt6v7hQ8qXEi8OzeCA,Forrest Hill,https://play-lh.googleusercontent.com/-wf5IoiBs4UU/AAAAAAAAAAI/AAAAAAAAMoA/AMZuucmtc5MF2poO5Hul_m5lJkMQsy4pbQ/photo.jpg,Worst game I've ever played. They refused me a refund. Dont fall for it.,1,4,1.0.18,2020-01-20 11:26:49,,
gp:AOqpTOF4UeYcg0m2_VM8tQBYEypE1BwMw7unMRa-dkbESDwTZAXajSOoh7GF8l9rN7HSxuGe2pJ0VMZUv2nl6w,Adam Gregory,https://play-lh.googleusercontent.com/a-/AOh14GjUEPTEo7N77wUH0aX7d7mm6tzgqusK3nJdJ7LvxQ,This Game Is Good Except You Get Stuck After Half Hour Of Play The Game.The Game will kick you out of the game its self and you have to repkay same mission How Do I get my money back game is not working right,1,1,1.0.18,2020-01-18 05:06:34,,
gp:AOqpTOGpFBtjebh8olPZ8u4ICqFjXWCHqA4itsHXJ-3y_FlVbSJmVzgSFwVIBGOJHZNX6JD_xkfJXhEBeSpESw,Robert Beach,https://play-lh.googleusercontent.com/-oWvO0-SeU4A/AAAAAAAAAAI/AAAAAAAAAAA/AMZuuckqzL2nREmcbkho3UVZrTsDKG466A/photo.jpg,"Absolutely beautiful game great buy.......when it runs. Tired of it freezing*only after you progress far enough past returnability* ,fps drops,kicking me out, all the way to changing my home and lock wallpaper. I've optimized my device and still no playability.i was actually going to dev team for some great game ideas but I will not, nor will I be recommending this game to anyone. Until this is fixed or even glanced over my ruling is final.",1,2,1.0.18,2020-01-17 16:31:58,,
gp:AOqpTOE4T9Jf0AHmrNq8MZNyK5uL79wb0lVS-KACZeRzcXXVdJb86wH9HvrTfBMZ9T6r78S6SYnDjknletgsIQ,Tom Gorman,https://play-lh.googleusercontent.com/-0BTjY2K_HV4/AAAAAAAAAAI/AAAAAAAAAAA/AMZuucmUlPlTWOb6baCLJfs628S82ijoMg/photo.jpg,At the end of every shift games crashes and I'm forced to restart the day,2,3,1.0.18,2020-01-15 09:55:42,,
gp:AOqpTOH4HRvtOQ_3eyInTBSw3pcW-9IEYFLiOjhr8n2FeVNiZaUzi4xZ64xzxaISx1bE2F01PUOVxZqHnww3DA,max lane,https://play-lh.googleusercontent.com/a-/AOh14GjSQ_CZLTRKqdgRiF6Mt7QOTtxIlDuXAyFDtUSc,"This game has a ton of lag and is impossible to play. Please update to fix this, so far it is a scam for 8 bucks. I followed the things that the support team told me to do, is it possible for me to get a refund.",1,7,1.0.18,2020-01-14 16:28:14,"Hey there, and sorry for the trouble. Your device is very weak which probably causes the lag you are talking about. If you haven't already, please try to lower the graphics settings in the main menu and make sure there are no other apps running in the background. If the issue persists, please contact us support@handy-games.com. HG-Support",2020-01-14 04:58:38
gp:AOqpTOE1WA_uRppe6T3FBaM1VpLN3tp2VCIZcim3lMU8TMaisgmySK8a5tWjuF2BK8lVszpa6DjPg70M6iatkg,Rory Poulson,https://play-lh.googleusercontent.com/a-/AOh14Gjq56tdIOSQcZvHbB5-d_s4Ph4d6cdSS8PXM7oE,"Gameplay of assigning jobs to your team and leading investigations is as good as expected, but there is an issue of difficulty when staff dont turn up to work or straight up quit. You put effort into bolstering your force only to be shafted by poor RNG and unforeseen consequences. The cutscenes could use better writing as there are no likeable characters. Last but not least whats with the xcom knockoff in the game, it doesnt feel fun just a stress fest?",2,13,1.0.18,2020-01-12 03:58:57,,
gp:AOqpTOFmCgdaELkrCbWImxqZxxIRdFA4Ivp_SljTG2RySOifIN9noDXNODCwGBRuXZYcVepOJXqx1Dx1F12eKA,Danyel Coles,https://play-lh.googleusercontent.com/a-/AOh14Gidi3UP_Rn0jGBhXBMGUnJeUYQLaDpDQZdHcjUB,"Well I bought the game on the 9th of this month, caught it on sale, and since I like the first one I decided to give it a go! Every time I get to the mission on the 25th day (in the game) and are sending the cops in to apprehend the suspects, the game just suddenly forces close, always! Please fix or contact me if its something on my end and I will change my rating!",3,2,1.0.18,2020-01-11 04:59:24,,
gp:AOqpTOEzlf2Nr8uic_WLfxr3qOzdAwx8Qp-Xu98W5PzHjuPKDzSaPo569CkyPs0l-sotJNbPhumKU-dUU1GZuQ,Conrad Nolan,https://play-lh.googleusercontent.com/a-/AOh14Gi3PPSmFLf-XOdAPa108En1D4ihjkwUom7pMfE22Q,"I don't know what the game is like because there is too much story which I personally found completely boring and disappointing as I liked the look of the game and its concept. This isn't a game that grips you from the beginning, maybe it would if you played the first one? I tried to play it and got to the point where they find the drugs and deleted the game out of boredom.",1,18,1.0.18,2020-01-11 00:49:05,,
gp:AOqpTOFmJgDFZM-_cOpky9ANq5pVskQ3ILC0f5CViMHcEgUR1Hl_qyTXkcPSDRiUiXcaF2xYEf-k38wY6YQlwQ,Ben Butler,https://play-lh.googleusercontent.com/a-/AOh14GiJ3Os3XKSTnWNn7Q3B-QoIMSY0JLs9QkqC6ngaqw,"I love this game, but I swear the black jack mini game is rigged. I managed to get two 19s in a row and both times the AI got 21. Still really fun though.",5,1,1.0.18,2020-01-08 20:08:53,,
gp:AOqpTOFslKNP98hrkK-ER_f5fcdQ_FuMyfuOgbFVskcDLOOJOOYf_Atf4Lyse8nyrcLKBK0mZdDnMwA3ParHMA,Dibble FPV,https://play-lh.googleusercontent.com/a-/AOh14GiAicohlUtRrsJuS5m94JYJuBgf4zWr0JQBfMcvVA,Put aside an hour of your life for the longest cut scenes in the world. Just start the game already jeez. If I wanted to watch a film I'd put on Netflix.,1,4,1.0.18,2020-01-07 11:17:49,"Hey there,
the game is very story driven and we know that especially in the beginning it takes a long time to get to actual play, but that's just how the game was designed. But they get shorter and less frequent later in the game, and you can also skip them by longpressing!
Kind regards,
HG-Support",2020-01-10 07:30:55
gp:AOqpTOGM2195qn_25xx6cdjyzNBpraOcexP9NusBE7vN6s98gmaVfNioIMGmk8gfzkl5BFvkGYh4RIvVlbs0wQ,Jason Hahn,https://play-lh.googleusercontent.com/-rzEP7nsE6Ps/AAAAAAAAAAI/AAAAAAAAAAA/AMZuucnc1DlBqcbNAkszl94Nmtcg0g0GsQ/photo.jpg,"Crashes more times than makes sense for such an expensive game. I've played the same day over and over and over again, always losing my progress. I like this game and want to play more but I'm really close to asking for a refund.",2,2,1.0.18,2019-12-24 19:11:23,,
gp:AOqpTOHkZZJoSKJSUNymHhGR9YHkoxti0kGdpvE71vJbnz8q7XTbhseXpAQQaxZU3DVOp13fIQLxN4Wg8aJPvg,Iván Gil Ibañez,https://play-lh.googleusercontent.com/a-/AOh14Giz-cRtn6a8t6_ZJ0V3M3LMCpsshRliu3pOhl-P_6c,"Simply amazing. The perfect sequel to one of the best games of this decade — kind of what The Godfather Part II was in its time. It takes the foundations of the first game and improves upon every single aspect of them. Great story, graphics, gameplay... What else can I say? Buy it (and the first one) now!",5,32,1.0.18,2019-12-17 14:35:21,,
gp:AOqpTOFmVlaA9VAaCgSNdw7fqZDek_I2Ndmt-Py9CdOJ32IaixuajblhB1aMGjjSc71CgTadlVUwcWFeiotAmg,Clarisse Mae Llorca,https://play-lh.googleusercontent.com/a-/AOh14GjSOJJ8Upda1aUJa3oIQpzwd6TXsV1heuMOusjkRw,Love the new features! Not as smooth as TITP 1 tho. It's very laggy and feels heavy on the phone. I have a Samsung A9 2018.,3,0,1.0.18,2019-12-14 17:47:55,,
gp:AOqpTOHoTA2eBF7buHj1IGUYZOJeUy_GjImeaaQPg6bcxngAPRHh8b2_fYiT-L_dLU0JHEugRnwBwOulGJM1Hw,Ahmed Kandil,https://play-lh.googleusercontent.com/a-/AOh14GgWWcaaDiLkyoodGN9zvpeHSv4yyUei9IoMiRI1bg,"The Greatest game ever, great story, great moves and everything is beautifully done. Just needed to be longer and with more cases to solve and more side stories. And maybe a mode could be added which allows you to play continuously with update ability.",5,7,1.0.18,2019-12-11 17:59:46,,
gp:AOqpTOHOtWYdW059ZoUuGN-O1oPa6AQs1P1_ueFlW8ogD_LT6xDhMDXI8Lg-UfWhVfDu5a0aw4xGw79Uejy5lw,Quinton Modge,https://play-lh.googleusercontent.com/-3Bwa8GhuDEE/AAAAAAAAAAI/AAAAAAAAAAA/AMZuucmrhV7FU-CgH6PuETVnB9iH_7T6kA/photo.jpg,Haven't been able to pass Nov 25 due to constant crashes.,2,6,1.0.18,2019-12-02 14:19:23,,
gp:AOqpTOEvtwUO1o2h5WlKZdFu_c7BduPMdglP1cHuxRToIomWab0X-3V4D6Vwrp3bWXWEpEw5cIQH8_QMEvP6KA,Siobhan Noble,https://play-lh.googleusercontent.com/-VVGnMmvExik/AAAAAAAAAAI/AAAAAAAAAAA/AMZuucke90nfn8kIvM6-zbGxy4psva0JEA/photo.jpg,"The game is great but it keeps turning itself off whenever something new happens, so I have to play the same day several times to make any progress. It is extremely annoying.",2,17,1.0.18,2019-11-28 14:23:31,,
gp:AOqpTOHBHjbwK2U4HFTwzLOmXxNyK7rcLo0WSS9yAwkTwd1Ge55qv3Gri2jLmJsXudE5d68T6SwxjTWSFf0xVQ,3lettersL0L,https://play-lh.googleusercontent.com/a-/AOh14GgwNtgD_ctrX5wR5FzlGjanfetmN5eoqCAGLQ3W,"Edit : Bugs Are Fix , Finally Still after finish the game there is no endless mode like the original game thus the game has no replayability",3,9,1.0.8,2019-11-19 16:49:10,,
gp:AOqpTOFh32kFAeTGQvP3frSGN6UkkcZg5OGm0u_scBR0HIneaxZwL6_b-kTooqIU5FOC4lW558f8znMrGZ-Qzw,Wesley Fischer,https://play-lh.googleusercontent.com/a-/AOh14GiklYCejo65O224gEoYGbjWAqoPQXJdndCi7FCX,It keeps crashing after a few days on my tablet .. Id love to play it though,3,1,1.0.18,2019-11-10 06:06:27,"Hey there,
and sorry for the trouble! Your device is rather weak performance wise, but you can try to reduce the graphics settings in the main menu to see if that helps with the frequent crashes!
Kind regards,
HG-Support",2019-11-20 06:51:03
gp:AOqpTOEKjhWIvpWIqDK87aVIxcSbl6MuBKftFp5fAIP11VwAa5tJBaO8px9mQPdz2JSFPBT2n1Gb-RhPnd-SIw,High Life,https://play-lh.googleusercontent.com/a-/AOh14GjpUkgqXu2cghHWcZoErGmfE3EOABTgc102eMh9,"I LOVED The First 1. This 1 I Hate. The Story Part Is Annoying, I'm CONSTANTLY Skipping Cuz Its Slow And Takes Away From Actual Gameplay. If I Wantex To Read I Wouldve Grabbed A Book. To Each Their Own. Refunding.",2,3,1.0.15,2019-11-03 17:10:47,"Hey there,
sorry you feel that way, but TITP has always been a very story driven game. And that's why we implemented the ""skip"" feature which was meant to make this more enjoyable for people who don't like that much story!
Kind regards,
HG-Support",2019-11-04 02:43:36
gp:AOqpTOEk9YRCCG3JOTAXJ7e2gsM49aPKLuOkf8tIb19ukVc1I2hFQSI8rEI1Ky0bddmy2dgBujQ9Qz2g6rYZtw,Jayson Decker,https://play-lh.googleusercontent.com/-pLgMMAdTBt4/AAAAAAAAAAI/AAAAAAAAAAA/AMZuucl4v4NGPb1SstPRKRfz61u8SihEMg/photo.jpg,What a joke of a response. Nowhere in the descriptions the game does it mention that the game is the complete opposite of reality with cops refusing to go out on calls since they want to play cards.,1,10,1.0.15,2019-10-29 12:11:05,"Hey there,
we know this can be infuriating at times, but it's how the game is supposed to be! You need to find the your loyal cops out of your recruits and keep them by your side to make your life easier!
Kind regards,
HG-Support",2019-10-28 02:29:24
gp:AOqpTOEmT17zZsjyJAiSFJgHRCxeiSUYgHFDfWl3JNAbYOBLDFZ84H3dugPQy9IExmCJjn0xxaYrafP2D_Sfag,Alan Contreras,https://play-lh.googleusercontent.com/a-/AOh14GgvX6k93KPk2584cQgPcUbrT10aUYpCSbCKuH9ooA8,"Only played this game 2 and it was the intro because it didn't save, and I wish I could get a refund because it's not worth all the money I paid for..",1,10,1.0.15,2019-10-24 13:09:23,"Hey there,
the intro is a rather long scene and it takes a while to get to the first save point. Once you reached that checkpoint though , the game saves more frequently!
Kind regards,
HG-Support",2019-10-28 02:27:36
gp:AOqpTOHJYr_mDtIdzKcdMJ9psiEUHwxJ8RxKfX7NTnsRnQD0hP8kaYyulLFNCM2Sp4uv6MQVu5kBwUntmWL0YQ,Jeremy Roberts,https://play-lh.googleusercontent.com/a-/AOh14GjiUAzXUbGARrBVcUsYgoq54GcTb2czqFnswG4wEQ,"I really love the first game and just started the second , maybe the best Mobile games out but the lagging on the second games is killing me it catches up if i pause but if there is an update that could change it that would be great . Keep up the good work these games are amazing.",4,10,1.0.15,2019-10-21 06:15:40,,
gp:AOqpTOHu3wx_gBuTEObdxF_uwdL8j2hMxlfptnRoojHRii22Qc6EAag_oHw_wUkjvL6QrUDy_DQYGkEMfDfAnA,Stephen Pierce,https://play-lh.googleusercontent.com/a-/AOh14Gjks4rI6_Y8jGQrE97PKux_AP7UWI7Gd4ey4T62Hg,Laggs horrible glitchy have game on xbox 1 love it but on my phone not work a penny let alone 7.99 they are charging,1,4,1.0.15,2019-10-18 20:40:35,"Hey there,
you're phone seems to be rather weak performance wise, maybe you can try to lower the graphics setttings in the main menu to see if that helps?
Kind regards,
HG-Support",2019-10-28 02:26:49
gp:AOqpTOH68Gqi3CAXT0-J3P1KPCiRqq70ZAit-QvlzLBseC8HFwkCdzvy4rKoqfOhxvhP8TDd1FQOxyA11Ae4tQ,Georgio Estephan,https://play-lh.googleusercontent.com/a-/AOh14GhcDQ8HE41iCkGgr6FvvqINZMiwt5fxPh7OASeGHw,"Cool game and a great sequel, works good on my Honor8X, the only problem here is just when you receive messages or a call, when you tab out of the game it resets which kinda annoying.",4,5,1.0.14,2019-10-13 02:52:03,,
gp:AOqpTOFcc7Tw0j16rfCTPD0U0zhRVi4NMwmn1hcObb333yeWjw1bd2N9ZZx5mKXsBZiDQNI3WuI5GDfxOyNV7w,Arthur Atut,https://play-lh.googleusercontent.com/a-/AOh14GhSxnRGK1j2pZ4ZA2F0Y8zzAkOI6OM0uyDGALe7,Great!,5,0,1.0.14,2019-10-01 00:06:07,,
gp:AOqpTOFsI0yAUw29LlNqAvDAP1pznTqviLxuBqAf2C6FXtD-1S_NBl8Mj8cpiPS1Vc1ZQ4cI0BIEdpNtuYR26Q,Rambling Thunder,https://play-lh.googleusercontent.com/a-/AOh14GiW1qy5wdelY7ik8HxZ7oRFfz-w3Kv3m0Fu3X_eew,Perfect on Galaxy Tab S6. A lot of improvement from the first game. do we have cloud save?,5,0,1.0.14,2019-09-29 05:13:29,,
gp:AOqpTOEf44lZQfEvgE7luiRJnD1SdG5ZYtL5ONNpUYSPtpl3qazwpfH6rm0SeuNmfXLreo9iDCfPtGbbwIR_Aw,bryn jasper,https://play-lh.googleusercontent.com/a-/AOh14Gg1DLAqjATROU3rfFRfzL1AbnWX-gNumly5-3SxAA,I Still Dont Understand To Play But The GamePlay And Story So Amazing.. I Try To Play Slowly To Understand It..,4,0,1.0.14,2019-09-29 04:57:37,,
gp:AOqpTOHPf5IDRIC76UKf6EVl4xvTszTtyjc9z1Z0bMQpjAQ6EH_eRGM8GUdeL3wZXIG1CUWOTxSUmO0ksZX9pw,Lone wolf,https://play-lh.googleusercontent.com/a-/AOh14GgdMl2egy7w6m-og7oV8arBqUlfSz-IbedZ7xlSZy0,Its okay but lags badly when your on a opperisions or missions with alot of enemys or friendlys,4,1,1.0.14,2019-09-28 19:18:00,,
gp:AOqpTOETU7Ef7yWJM4rXuvncNa7z7UnX77pG89Evxrstt4U9mhoJHSdtKGRP9IP6x4M9pivePzdIx1DRjnoThQ,WilsonDGhost 1,https://play-lh.googleusercontent.com/a-/AOh14Gitu_ldr5UKPLaCz0_eaCMroXM4I0F6gwLbwY2Tcg,"I loved ""This is the police"" but this is a damn shame i can't go 5 seconds without the game either crashing or lagging, ik this game is good on pc but damn even most pc ports are better than this smh I feel like it shouldn't be lagging like this on my phone so until the crashing and lagging is completely fixed I'll give this game a 1 Star",1,10,1.0.9,2019-09-26 13:51:15,Thanks for your feedback. We released several updates that should improve the situation and it looks like you didn't install them. Please try to update and if the problem persists contact our support@handy-games.com. Your device is on the lower edge of supported devices.,2019-09-27 02:06:55
gp:AOqpTOEUzTsMMNLh5f6KkoQwctBIKusKt-M3Ea2G9XuF9720eg85JFO1t6mAGFb3oo40A0YWfD53xkvtgeOnuw,Nathan Heggie,https://play-lh.googleusercontent.com/-qy5t8lHx2Ks/AAAAAAAAAAI/AAAAAAAAAAA/AMZuucllv96Jz4lgnlg_ePhl33poA_1d1Q/photo.jpg,Brilliant sequel much more to do then the first police game makes you feel more involved and hands on with everything especially like the turn based assaults welldone game devs for bringing this great game to mobile love it well worth a buy.,5,4,1.0.13,2019-09-24 02:16:11,,
gp:AOqpTOEA424d8Pq8zXI4iDlFy-JMUn3KShLdvdbvGW67FQY6xZ7-hH0T1mdXrXQKeBo5INBVUEAKZooE6MQEwA,Andrew Vann,https://play-lh.googleusercontent.com/a-/AOh14GgEfY5zs_7lK1yFc5rKcFA7ttjBDBkhJaBRnSvRDg,Needs work. The game is laggy even for the note 9. The audio for the cut screen do not match with the background images and text. The first game is great. If you fix all this then I'll consider rebuying.,3,0,,2019-09-21 14:47:52,,
gp:AOqpTOEhLuEFc2h9fa8PG1n6lN3_eeUudAYeXmNg9AP4IxerSNG5HkID9GLCPLvYMKrsrG1gThLmMrOHUvua9w,Josh Wegener,https://play-lh.googleusercontent.com/-x_fc0qIcrf8/AAAAAAAAAAI/AAAAAAAAA6s/AMZuucmM5eorRTUKFUbA1yutAOhk1mWm0g/photo.jpg,Small text and hard to read. If you get a phone call you lose your current progress. So far the story's not that bad.,2,4,1.0.13,2019-09-21 14:00:38,,
gp:AOqpTOHdt6ng53B_-Cs5whVSwoWnU8rIUIihrj1TcK_6HCO_4CmqM5IbthizHKbJKMafNY9f8AMya9OU-fZX9Q,Philip DeFord,https://play-lh.googleusercontent.com/a-/AOh14Gib15BmY2TElXLFp-9HvMZu79OWoeijdsNJollS8_0,"I'm just going to cut right to the chase here - just like TITP1, the voice acting in this game is not its strong suit. Unfortunately the first, oh, 45 minutes is story with one or two tutorial-style minigames thrown in. It honestly makes opening the app again a difficult choice even though I'm at the actual gameplay section now.",3,5,1.0.10,2019-09-20 22:56:20,,
gp:AOqpTOEOTlU1ZJcg9ssduztscz_IN3XbSf4R9EA3Le0goSJdfy_ibL9bEyTDu3How6XJkx4Xc4JhfoxeZoNYLQ,Pekka Door,https://play-lh.googleusercontent.com/a-/AOh14GhSChUo4cdCzvA5UEemJQQKMehmTDHEuxyMKZ2Q,"Good story, good way to manage your missions. I find it really hard to get money on the start of december. So frank got arrested. Game over. :(",4,0,1.0.9,2019-09-20 16:30:19,,
gp:AOqpTOHK5glO8iq_osovc5F2mreo86e7ABOc6C13NPoSMcPyKvqZrKX93nhebQeOf9NxVubE9ihLNe78uXNgIQ,Mateo Saidi,https://play-lh.googleusercontent.com/-IdmRYvidsOU/AAAAAAAAAAI/AAAAAAAAAAA/AMZuucnnb5lLltP0QcHwYeyMirO0m6CDsQ/photo.jpg,"A really cool game that continues the story of Jack Boyd and implements all kinds of new features like being able to control deputies in turn-based tactical missions, a new setting, new characters, an all-new progression system for your deputies with skills that change how they respond to callouts and a ton more,... Would recommend.",4,13,1.0.8,2019-09-18 22:10:46,,
gp:AOqpTOHnIe_5YZgrGA6N3Bcrt-S-4DVHeuOINXsqybzXuRmhmB_k9M7q-4aqP76oLv1vs5jdj3YRq1W8eR36hA,orcalegion,https://play-lh.googleusercontent.com/a-/AOh14GgywGAsdNiGOh8TnbKhZZDM7V10gW6LLUKtbwFWNA,"Most bugs seem to be fixed I really enjoy the game but it should only be played on a tablet a normal phone is too small, also if you get stuck you will need to lookup walkthroughs",5,3,1.0.9,2019-09-18 09:32:01,,
gp:AOqpTOFz6hRyrM9hMPeeklrFhJhYkvVn368en7A3j6_dcOXdULU-Km2cc2CVbiPu_QRkp2GeecfBaBc1KNaBhw,Eddie Harris,https://play-lh.googleusercontent.com/-rZiuP6IMdYg/AAAAAAAAAAI/AAAAAAAAAAA/AMZuucmeyU1kQIfEe_J-RPyYpgq-FqhlCA/photo.jpg,Still doesnt work frame rate is crazy slow.....may i have my refund.,2,2,1.0.9,2019-09-17 11:35:43,We are sorry to hear that. Please contact our support@handy-games.com for that matter. Thanks.,2019-09-18 00:15:22
gp:AOqpTOEWKO68se60g188zDBZ_EGLhXpLvbw81qQM3gYw5uR1Zpzp2-oYAl89Lm1C1Zs0Mxny4b2HQRvX9zVMtw,Ahmad Pintu,https://play-lh.googleusercontent.com/a-/AOh14GgXOZKW8Q3WfTcks1YI5ulzt8BjlCTnGrqUDsiddQ,Fix this game..when i m want play my screen blank,2,1,1.0.9,2019-09-17 00:26:14,"Hi there, please try to re-install and restart your device. We are currently investigating this issue, but some users report after re-installing it worked.",2019-09-17 01:00:29
gp:AOqpTOE_wTjBdtinrVnk6UW_PW67beH4a4l_2IoygZysFeXH-R3GpTd1LV5PdrcwEG1bX3W48Ww5VDYkkZCm9g,Doug R,https://play-lh.googleusercontent.com/a-/AOh14GgFgHILHACvzDZ8KWKUVGOJINBY-nH5Na8sI391_g,I really wanted to play this since I truly enjoyed the first one but apparently this game is only for people with perfect vision. The text is so small with no option to enlarge. I couldn't even get past the first case without serious eye strain.,1,36,1.0.9,2019-09-16 19:00:38,,
gp:AOqpTOGI0VyFAwgjex2Xqucddc8uKjZk0XhqUfzo9wwdN07wGXtCAs6YdzS9rsuHNL74poJG2EfAeAzFqzGIyA,Christopher Schmitz,https://play-lh.googleusercontent.com/-jOJl67xT3T0/AAAAAAAAAAI/AAAAAAAAAAA/AMZuucmLTXIHrCNH39985Uxq4U9WTAJHbQ/photo.jpg,"Great game, entertaining story. 2 things that could be improved: the size of the user interface (its difficult to hit some of the decisions on smartphones) and the checkpoints being the only option to save your progress (a normal day can take up to 15 minutes to play, then suddenly a tactical mission appears and you have to play up to another 20 minutes to not lose your progress)",4,7,1.0.8,2019-09-16 02:46:42,,
gp:AOqpTOHThG9PeKsAnjdG2G6Su8jHo0i3tJ3Fy_ZvuWBBDhM7-zkNwflBk0Gvi8SztMW-sVZ4eIIMlrKubeF0zQ,Michael Dy,https://play-lh.googleusercontent.com/a-/AOh14GjSKLe-QbYKkwzddUdQqJ3h9kSQoE2SdjWmHG45lA,"I remember buying this on Steam then never getting the chance to play it. Now that I can play it on my phone, I've enjoyed every minute of it. The story telling is great, but somethings may be a bit hard to understand if you never played the first game. Pick it up!",5,2,1.0.9,2019-09-15 08:33:38,,
gp:AOqpTOHdCcZUe2QWxHSExxEhaukrt2y8JD9mhly4LofD898sCR_2DD6tanRTybyYl6c--lfi216mRdm9GSVc8w,Go Ez Law Divorces,https://play-lh.googleusercontent.com/a-/AOh14GgNIFBQqRk4UhjNeC2LKWlHmJkZGEJ9YChITUNucA,Great game but very infuriating when you cant do anything since you dont have police and you get arrested.,2,0,1.0.9,2019-09-14 17:04:15,,
gp:AOqpTOEi5l4fYOM39MhW75uV3rxdaO6-Lxh6g85xASzakhPPPpRdaBghSMt3sN0sbZH2KNXWIDSCwyguuOgniw,Stephen Jurist,https://play-lh.googleusercontent.com/a-/AOh14GgS_0nxCbTpobTBQI0K5ObxzwXl1SqaQShV1qQefA,"No crashes, missing text fixed, great game Using: Galaxy S10",5,1,1.0.8,2019-09-14 10:08:44,"Thanks for your feedback! We are working on a fix for the missing texts! Kind regards,",2019-09-13 05:29:55
gp:AOqpTOGngP8Cx6P1uWCk6nwLTKBByG9YoL1TuGrnWvXjKSw7eN8JMn6hs3Krnrt_e6dB5uMvbWjBKESNyJemmw,Kayla Faucher,https://play-lh.googleusercontent.com/-vHPTPIzj_hc/AAAAAAAAAAI/AAAAAAAAAAA/AMZuucnDeAnMfungIvTdXUvsSxxZp9kw9A/photo.jpg,Game wont open this if frustrating,1,2,1.0.9,2019-09-14 08:26:59,"Hi there, please try to re-install and restart your device. We are currently investigating this issue, but some users report after re-installing it worked.",2019-09-16 04:22:06
gp:AOqpTOGtGahLzTmwE1XoT5uUUu6NhOOqO2ktNQnzG2A-6RKJJt7hekRrDhAZYJe0_6UefWLPQr4R5UxFocyK8g,Eki Saputra,https://play-lh.googleusercontent.com/a-/AOh14GiPozsIX_WiybPau9iQjc97No7Okp-lbzvWW73dJg,"i got the blank screen and stuck after handy games loading, and i try to delete my cache and data, also restart my phone, but this is a same things, not working on my samsung galaxy A7, please fix this develop, and i gift you 5 star, thanks.",5,9,1.0.9,2019-09-14 06:57:25,Hi there and sorry for your trouble. We are currently working on a fix for the starting issues that some users reported. Thank you for your patience.,2019-09-13 03:35:41
gp:AOqpTOF2WKmFMSLvMi3Lc4KD9o5Qjt0EEuPUEzUakihWI-DVCvFfdQ2wy1kEdeR71ZKTWhNxk_b1eLV535iQ1Q,Ryan Edwards,https://play-lh.googleusercontent.com/a-/AOh14Ghj2mJa5Wecz2mNhgf2Mz7XU-2F-JI5Q7ZwvOKIzw,"Loving the game so far! I'm really picky when it comes to games, but the moment I watched the first few cutscenes I knew this game would keep me entertained! It's amazing how you tell the story using that animation style. It feels like watching a movie. Thanks for a great game so far. On a side note... If I leave the game while playing those missions where you control your team, on my return the progress is lost and I need to go through the whole day again. Those missions can take a while!",5,4,1.0.9,2019-09-14 05:58:40,,
gp:AOqpTOFPND6bj31EBd5xBbvebPtY4oUIatmn7QBAOmzHaZQPTP2BrLq-eZAIvPhoY81i0qMDsJ98uGhh-d9b8g,حسام العقيّل,https://play-lh.googleusercontent.com/a-/AOh14GhDaJlpxQDqOja1wvakpV34IkBlfluLniXes6UnfJQ,"Great game realistic simulation, there is a note the size of the writing line is too small and difficult to read the text, I hope that is fixed... Thanks",5,1,1.0.8,2019-09-14 02:33:07,,
gp:AOqpTOEMS2mdMH-tYLvqucPIw2KhAt_FhgX9PhN82n-jLLQtHD_sSxFiSEygx9mF2jyhrFuYnbSM67HvFpSpWA,hillbilly picker,https://play-lh.googleusercontent.com/-MAcsGIWJbKQ/AAAAAAAAAAI/AAAAAAAAAAA/AMZuucmYXFOc6AXWkH77hqCwZipmAEtCoQ/photo.jpg,Game crashes and runs extremely slow(update) after new update game just goes to black screen,1,7,1.0.9,2019-09-13 21:55:55,Hi there and sorry for your trouble! Did you try to restart your device or if nothing helps reinstall the game? It should work on your device. Thanks!,2019-09-14 02:16:21
gp:AOqpTOErkvCisXMLyFvRoTO2JLgzwZlcArWXel51tZWvzHsVMrVFr0kDIiyTAEMNZfbi0HIFXO1_RMukkSZQCw,Tyler Durden,https://play-lh.googleusercontent.com/-xJGr0JbB0bA/AAAAAAAAAAI/AAAAAAAAAAA/AMZuucnnzSG_8E2lNiph3hDBw6UQN-4S2A/photo.jpg,Works great and looks great on Galaxy S10+ Love this game so far and the 1st one also. Excited to get farther into it. Glad to see a good quality game on the app store. They're getting few and far between. Thanks.,5,6,1.0.9,2019-09-13 21:37:08,,
gp:AOqpTOGEEJTkqhVrrhHsHTmKoGvu53aMxYc1QdJrKEF3FOboDkRBS2cPl0Ilip38ABDsE01rCzVRuu9fKFHS_Q,Trash can,https://play-lh.googleusercontent.com/-0jkZ9LCJ5Z0/AAAAAAAAAAI/AAAAAAAAAAA/AMZuucnoOMjuIwhU-fDR46n1C1VvSwtaAA/photo.jpg,PLEASE GIVE ME A REFUND SUCKS,1,0,1.0.9,2019-09-13 21:30:23,,
gp:AOqpTOF7fyjZGrUXSWc-Xxso1LzssJRZ5eB3s0LiuT73KkPAGRtUSasAFkvfVNqCKVc9BwPXZ89dzftQpTroqQ,Saurabh Singh,https://play-lh.googleusercontent.com/a-/AOh14GgxaRreWQMX0fHxCig_OeKQIl9GgkYQu4eRWdaYqQ,"Game kept stopping. I am on 26th November and I am not able to start the tactical mission because everytime i start the mission, game stops. I have already played the 26th November 3 times but still havent been able to complete the day. Dont know what to do. Please rectify this.",1,6,1.0.8,2019-09-13 11:46:21,"Hi, did you try after the 1.09 update? Your device is on the lower edge of supported devices but it should work after the update. Thanks.",2019-09-16 13:23:48
gp:AOqpTOGnekEN0Fl8nl0_-6T1u7AJ7QLNSSeW54gB8t-86blX-tMoOk38yg72mB0JYuW1s_VFIQEjI5EMuB19aw,Christopher Wipperman,https://play-lh.googleusercontent.com/a-/AOh14GhMHKSnGG7p0RKd3tzdkgvT2FZIY_49hQpFXUu4Sg,Gameplay is incredibly slow. Lots of reading extremely long storylines which definitely require complete attention. Not a game you can play casually. (Edit - now to top it off they refused my refund even though I played the game for less than 20 minutes - so I payed $8 for a horrible game I don't want).,1,5,,2019-09-13 06:32:52,,
gp:AOqpTOGHaOFrSvx5s6AVY4HThEn1t1sc3f0Gq2NZnEhHFNjLUO1vYhld0mfxohjtTkr1MIAA32Ap_kLk-26M7w,Ciprian Almasan,https://play-lh.googleusercontent.com/a-/AOh14GhEaO_SACXmkUAd00fKNcdZKym15lB4DyHVe_St,"I love this game and I have loved it ever since it came out on PC so I am super happy I can get to play it on my phone. I have recommended it to all my friends xD. Just one small issue, sometimes the writing is too small and also during missions it would be great if we could zoom in and out on the action. Overall great game, thank you.",5,5,1.0.8,2019-09-12 22:49:56,,
gp:AOqpTOHn6FFpDaWx0nZP-cZFZLCD6cyDdA2YpbIy1WQHd8eQPjDlSc2N9Xo3C1bk80KFynEUt3h86vfM8EOwfA,Gareth Dailey,https://play-lh.googleusercontent.com/a-/AOh14GgUTdlI0E7SG4bpPuWRsS0HSXvWUZoNaERdJzlVsw,"Initially had black screen on load, was fixed after clearing storage and redownloading assets through the game and not the play store. At first blush the game doesn't seem to be optimized for people with big fingers. I miss-press all the time when moving people. I also played this on pc, as well as the original. Please, I'm begging you, add a survival mode of some type with progression. This would be a fantastic sim but I keep getting bogged in story.",3,1,,2019-09-12 21:00:21,,
gp:AOqpTOEE2MnnUJ3hEPdfAZdSHSA42WZ8SLUl5hwIw84CfC4KDV5F9GHK8qQYbm-MtK0VDDBTpUqKiDv9ZqsVuQ,micko pass,https://play-lh.googleusercontent.com/a-/AOh14GiZqz106CAnwz0FD9LzfwZK61m04WiKeDPecxULTQ,The game always crashes i think too many bugs...please fix the game,2,9,1.0.8,2019-09-12 20:10:32,Hi there and sorry for your trouble. We are currently working on a patch to fix crash issues on weaker devices. Thank you for your patience.,2019-09-13 03:29:37
gp:AOqpTOGR00YrraldDj7yUTyKWXkGrmj1Aw2UfpXu5MlVsu8_9GQhzDeXUay1dLJgNaAty-nw7CK0hDoV7ORJ5Q,SuperSlayin Steve,https://play-lh.googleusercontent.com/a-/AOh14GiI-yOFmIKZPNPpKZ4XY_581hWrEm5EsbfEOD2tlQ,I guess this wasnt made for phones,2,6,,2019-09-12 15:34:10,,
gp:AOqpTOHONhRvRv45VZOGUXO4gdrlyqKvAW0WppmcWBr1B9VfOKs7oA05q80ULBCQ0w_4A6np_KrjuJiIxds0Vg,Yessenia Ortega,https://play-lh.googleusercontent.com/-Dt3jTk_BWa8/AAAAAAAAAAI/AAAAAAAAAAA/AMZuuck4qPlxgyDAMiLWhvoZkLaXyDgYKw/photo.jpg,Waste of my money,1,4,1.0.8,2019-09-12 14:04:57,We are sorry to hear that you did not enjoy the game. If however you have technical issues that prevent you from playing please contact our support: support@handy-games.com  so we can help you! :),2019-09-13 03:37:01
gp:AOqpTOHtgMzDV-KJmv5FIUxOKqgLSKIaxjMrcUyusxRuXi9SVb18EO4-G30kJYbcvU4Si8BrCt-D1-Kl8ukspQ,Sol Finder,https://play-lh.googleusercontent.com/a-/AOh14GjAg7vYpnkNqFqNIHPjlhKDMUwsN5PvvpVvjBgcZg,Yeah... game starts but just shows the logo of the company that made the game then it's a black screen for as long as I have the game open. I left it open for 30 mins to see if it was just loading but the game never worked.,1,29,1.0.8,2019-09-12 13:16:03,"Thanks for your feedback and sorry for the trouble! Have you tried to restart the device and start the game again? We are aware that the game sometimes has problems at start. That seems to be random and we are working on a fix. Kind regards,",2019-09-13 00:18:47
gp:AOqpTOG4JueUTdrtJms2qbZa_1Qg4zjHusKh05SubKu704UmfZQEz_w9aJXdTBzBzkiOs-D5SALeedDerv1f5w,Chris Lazenby,https://play-lh.googleusercontent.com/a-/AOh14GiyKNkTW0nhNuhPytWQ5B-KUqYbki9KYqKwQQ_nYog,"Playing on an Samsung S9, crashed constantly and then reaching the main game, the game wouldnt let me assign officers to a case, so refunded",2,7,,2019-09-12 05:08:34,Hi there and sorry for your trouble. We are currently working on a patch to fix some crash issues. Thank you for your patience!,2019-09-13 03:31:29
