reviewId,userName,userImage,content,score,thumbsUpCount,reviewCreatedVersion,at,replyContent,repliedAt
gp:AOqpTOFQWmPM0_6q3rT0MlhxclixTkqyN2Me5B5iCfdwuJH7Vcs3z3sOFesVhXA0CHR_clMMtt5Q9HaCcvizXQ,Nikos Kiriakidis,https://play-lh.googleusercontent.com/-TXBiVzROcn4/AAAAAAAAAAI/AAAAAAAAAAA/AMZuucmrLpNG3GREM7lRY_8oWh6Hzzt2og/photo.jpg,Nice game. I like the concept and the design.,5,0,1.4.4,2021-02-04 00:46:15,,
gp:AOqpTOFcCze5NPOjIvUKYhUuC1KoO5T7WZ3bhnNBQQ4W8PjPMnZ5LfhbYPsN1dHE_YtJfpSltyCMX9O6ouZZ9A,Daniel Zheng,https://play-lh.googleusercontent.com/a-/AOh14GjeWWzsusxuZMTpnxH6_0whbz1jBwaCBXby6_h7Jg,Great game with an amazing soundtrack,5,0,1.4.4,2020-12-18 16:52:14,,
gp:AOqpTOGe-ePZzJ3Mef3P7ioovqBCtEOiu4Z_JSsUYHGxwL0mYpF6qrwwr7BDdAEbK7Ykcq12wKePrMmIUYkQzQ,Dyno,https://play-lh.googleusercontent.com/a-/AOh14GgFVw9NqAc7yelMdyhaiKSaLYqzWHsVRe0ZY4GpZQ,Nice little puzzle game.,5,0,1.4.4,2020-07-30 13:24:46,,
gp:AOqpTOFoVbOvUupDzySEemC0dmJB9TpuU1ocISMUHbD2N5RCqhv712trLoitvpocw-xRr3jWgPuAbw0VHEWstQ,Rohan Sharma,https://play-lh.googleusercontent.com/a-/AOh14GjBweB419LLFoR8kq_CqUAwBXyzAOFYU3CxT3kyihI,Good game mechanics. Challenging puzzles. Excellent music and gameplay experience.,5,1,1.4.4,2020-07-29 09:01:20,,
gp:AOqpTOFcMKdxtXxVT39zO58jX52b2VLepYFYIJpmxTBZjtSlzArXQDUJZO2SAxcSKO8shkzi6J4u6Jertp8QWw,S. L.,https://play-lh.googleusercontent.com/-tDyVKopOVck/AAAAAAAAAAI/AAAAAAAAAAA/AMZuucl3qfhAXzL9JZ2lfa5oCd_44mwgcw/photo.jpg,"This is a very nice, relaxing and fun game. Thank you! 🙂",5,0,1.4.4,2020-06-17 03:30:10,,
gp:AOqpTOGpD-uqtUahSjHCVksqbUZK2rXVoIzIob0Y_fG1Z1KVsqu73TS2F_xSa9v6UQ9q-IUrrVjQth6Yl96H-Q,Scarecrow,https://play-lh.googleusercontent.com/a-/AOh14GjAsoonrGkRryV8FrZPv9elLXce02BrqzGmyfaNiQ,Amazing. The gameplay is fantastic and the aesthetic is very pleasing. Overwhelmingly postive on steam and the high rating on here dont lie. The game is brilliant.,5,2,1.4.4,2020-06-16 06:31:42,,
gp:AOqpTOFMwRzOiqkgSrrJC6yV9GsnIjT1RMRAjI1Aiu-2YIp6TNiREHFhz843pv5-bGuAtVhgSfC7q-OKEOo6vw,Private Citizen,https://play-lh.googleusercontent.com/a-/AOh14Gjy3tiB54gbReRTzWy880YFRuhIqB7BWhzb7YnJJA,Good puzzle game.,5,0,,2020-05-18 03:04:16,,
gp:AOqpTOGSslnpOaEL-MKfxectvGCdEbFmlsSVFogpFrOJf-cMSKAPz3UTI_Monq8AxHZU_LH6xpQaX8mee95XPQ,David Anderson,https://play-lh.googleusercontent.com/-TaCbwBGCwrE/AAAAAAAAAAI/AAAAAAAAAAA/AMZuuclx2bGJNWX0Xrw8aVRBJQDobO2wuQ/photo.jpg,Nice chilled out puzzle game. Give it a go. You won't be disappointed,5,0,1.4.4,2020-02-06 09:49:13,,
gp:AOqpTOGzAVGcxD8kgz1FS1var4Zijv7-Kx-c4Ktxe8c27KSrka05Xi8-kS_tYeT81IKqC1LeZUaI3LL32xInNQ,Vishnu Prasad K,https://play-lh.googleusercontent.com/a-/AOh14GgtYJw1lr3TupM97wUvcquUNNajEnUdRziR7rDyWw,"Nice game, hopefully the initial loading time of the game improves. It's seems to be a long wait for the app to open and start playing.",5,1,1.4.4,2019-12-27 10:15:16,,
gp:AOqpTOHAEeWv833_VgTTOEoAR104bCLo-YZWCMakUUbH0eeKMzDdzeIHhL6nej2TM1-_rKmhM60znEtkzVrEAw,Kevin Dobson,https://play-lh.googleusercontent.com/a-/AOh14Gi_KzqiOJSLlNop74KBSVxWpFc_WK19k6_yvx46,"Great game, challenging and absorbing,",4,0,1.4.4,2019-12-14 11:13:13,,
gp:AOqpTOFTRfjaVmGD0mLyg53-oVYzJPXxf0mddcu5H-O8TBAZDxpDaBTt8RSjBMFxeH5ma7pB90foVZlQvRHLkQ,Mike,https://play-lh.googleusercontent.com/a-/AOh14Gh-m6i13klpzhetLBzGuPWoiMpTKRF5N_j1ovE4DA,"Reviews and release notes say the infinite sign in bug is fixed, but it isn't for me. I just purchased the game and have not been able to play it.",1,5,1.4.4,2019-12-08 19:12:11,,
gp:AOqpTOHhmuIg-vi-qieJFRpF_EV2iT0lrh3IUyfPp9JGPKUM3eidRkP1HjAK-k73aICHjyPkIEid3xIPI6RslQ,Mystery,https://play-lh.googleusercontent.com/a-/AOh14GiFZU6-V6HGfOHQShvYzteiEfT6jXQM_LFf7hexzA,"I love these simple, yet effective puzzles.",5,0,1.4.4,2019-11-02 21:03:09,,
gp:AOqpTOEkL4NNd9qtOgjH9sUsTcqzQQy0LRUz9cVB6aASCtfRWEgFi-ZIqDfanxutiG5txTTXmsBLYzueeaTzag,Juju Seekar,https://play-lh.googleusercontent.com/-R5uIDb5fKfM/AAAAAAAAAAI/AAAAAAAAAAA/AMZuucmW-WHXabE0_Xpiq4cr458hNHMdtQ/photo.jpg,"Not a fan of these type of games,but I purchased it anyway. May never play it, WHY you ask? BECAUSE WHEN A DEVELOPER IS AS RESPONSIVE TO PROBLEMS AS THESE SEEM TO BE, THEY SHOULD BE SUPPORTED.GOOD on you Dev, enjoy.",5,0,1.4.4,2019-11-01 20:31:06,,
gp:AOqpTOGuoIBHb1iXPMDJE19GxY2WlvBHbvUE0yNV6jFrU7x4jo6iyujeAINS0s7guZh8kbSqJZwaYHbGDJn77A,Tony Reuter,https://play-lh.googleusercontent.com/a-/AOh14Gjmth71x_QCRtVsTIXF1hbrGTZf8yiM2xtCIaGz9A,This game is very instructive on how knights move. Each puzzle is just so enjoying for me as chess is my hobby. 5/5,5,4,1.4.4,2019-10-07 11:46:29,,
gp:AOqpTOGybGeAknFZTWZImawpihiaZMUuS6E7B8gjzFve4HIrM9UIhvx7aKddsRnELix6yBC8Zs8QwEeUjDnFxg,Mike King,https://play-lh.googleusercontent.com/-NhXKY0Fes8A/AAAAAAAAAAI/AAAAAAAAAAA/AMZuucnE7OjjBbbAosJXscC8UPy2XgOodg/photo.jpg,Initially there was a login problem with this gamethe developers rapidly corrected. This is exactly the kind of rapid reply from developers that should be commonplace. Excellent game and I'm happy to give it a high rating now.,5,4,1.4.4,2019-09-28 09:38:06,"An upfront apology for this issue, this is a bug.

This was previously noted and patched, however, it seems that we mistook the nature of the problem, and it wasn't fixed at all for several users.

A new patch is currently in the works, and should rollout (hopefully) between today and tomorrow.

Update: The issue has been fixed :)",2019-09-28 04:57:51
gp:AOqpTOGxYR-3ATqcuqe1weYc-GahrVtqRoPYHDnekcAb4gzQpASkTYGBCXe6gttakOF41sxBQrSw5CHq6rWh6A,Nathan,https://play-lh.googleusercontent.com/a-/AOh14GgoeDBH1_tpog75Qr0hWPoOII1GadmExTqZ4565PQ,The unavoidable google play service login that you can't pass ruins the game for me.,1,5,1.4.3,2019-09-23 19:11:44,"Hi, we're very sorry you are having issues with the Google Play sign in process, it was supposed to be an issue that was previously fixed, but due to a misjudgment over what the issue was, it was never successfully patched.

Do expect a fix soon.

Update: This issue has been fixed :)",2019-09-28 04:59:37
gp:AOqpTOGlz0sAGSbLTBRPIzpn_aUg4cmV5NAYHy9UXPlM_FxXbxO-6fKa-rf4FxP_8HhBYqOqcfi2qzoWGjKI9w,Sean,https://play-lh.googleusercontent.com/a-/AOh14GhM-B0EjxmJzuHyj7olB1X729VSJtKQ0a9aio91LQ,Very creative and nice ambient mix,4,1,1.4.3,2019-08-22 00:24:45,,
gp:AOqpTOGgvjkb3EnFzfWzWHiXP6wo7A-SlFCLcYlqC3cE_m6-zYqwi3ob0OSMam1wEhqOXXSyiqAB02zNPBpk3Q,Josh Meehan,https://play-lh.googleusercontent.com/a-/AOh14Gi-pxOZ5Qz59ILwrrkArAFWo8l0Ob3Rh6XfDvQZ,"Clean, adless, quiet music, good puzzles and good graphics.",5,3,1.4.3,2019-07-18 15:43:06,,
gp:AOqpTOHeo1vlWweQ21sDfH2mk__F0bV5WqKrCfb9rTDlxrhMnRNigWwP5YbCZ3zTjBXMPRqPsDbU6JnWCPvNEQ,Bwallker,https://play-lh.googleusercontent.com/a-/AOh14GgSErojIPjJtIzDmNJ_XZuVJffegINNXYeyUrIllg,Great puzzle game. Simple yet fun.,5,3,1.4.3,2019-06-09 14:19:32,,
gp:AOqpTOEYXdDgDgpwxbSy6f6XEMcoUwHYNAiSwygpB__pzwC55RnybvvoGmphTbGneSTMmWSb2xXDiYY1muVgIA,ramzu,https://play-lh.googleusercontent.com/a-/AOh14Gj0XjU8G6fWuVw8XNj0NtEee9UedUx-VhOOrF5zHA,its fun chess- quiz like game,5,1,1.4.3,2019-03-17 08:30:54,,
gp:AOqpTOEbeJfu4yzLzoXcDvuWkeRL8-cAZR6dBwPZdkA08eRWujyqmmuYIYBpwEEToGby-37A5neEnxN45Xae_A,Pablo R.,https://play-lh.googleusercontent.com/a-/AOh14GhBLzyrIAeqZPwRHv6IOBFuqvu21ZkrqSo8qJEv-A,"Excelente juego. Presenta problemas con la interfaz (en Oneplus One, Android 7.1.2): el texto parpadea y desaparece.",5,4,1.4.3,2019-03-13 16:01:10,,
gp:AOqpTOHoJ8By1L-26HPHvn1C5p6FYJKmlbzu5cyWaoQ4SQ6-ItTR1DWQja7AknJWTMvNMZSUfHqmZ5R7eWeAjg,Kyle Ott,https://play-lh.googleusercontent.com/-1foAljOG1Js/AAAAAAAAAAI/AAAAAAAAAAA/AMZuuclkv44sRGkaRTSgAcqrHDe8RH-63A/photo.jpg,Simple and creative puzzle game that uses the careful planning of chess.,5,2,1.4.3,2019-03-12 05:03:46,,
gp:AOqpTOEiWW6ANLQdkEnw0lykViTW5bcEFbeV2Lag-Z2_Tbi-GvjkDQXGw96NQDjlN1H2ALJMC5rcGkvNiqlOgg,Marcin Masalski,https://play-lh.googleusercontent.com/a-/AOh14GjW-1V1k3JiE0vfKxVYplNs5c-euEUsqv20-463nEk,The achievements don't seem to be unlocking... Update: thanks for fixing it so quick 😁,5,2,1.4.3,2018-11-14 11:41:08,"Thank you for taking your time to inform us of the achievement problem.

There was an issue after the last update that disabled achievements.

If you update the game, the issue should be fixed now, and all missing achievements will be given on the title screen

If you could update your review accordingly, it would be appreciated :)

Have a nice day",2018-11-14 08:52:28
gp:AOqpTOHu8U-FVZQFBk3NHItiFss2DHij28WpL6Wozfwolq3vPOv5fhnJW_dh4yiPrmF6X9GwE4lTSIKjDgMBuQ,Jon Milne,https://play-lh.googleusercontent.com/a-/AOh14Gg2z0AeVkYk8Q9YtolX4mk-zDgVZ2GpDrduivp2,Ridiculously addictive and clever. Love this!,5,0,1.4.1,2018-10-22 02:50:54,,
gp:AOqpTOFnRdZZxJV7cfVKo1wd05HvEb-1K_nAzhVSuU-x9B6V-eo5seoy2qapHI3BzZnIJ6DyJ2_XLVnpRWchxw,JCarlos Salazar,https://play-lh.googleusercontent.com/-tlAMaehaEsk/AAAAAAAAAAI/AAAAAAAAAAA/AMZuucmTVfuqoKabyuhR4rVmTuDWQAX9Vw/photo.jpg,The beauty of simplicity,5,0,1.4.1,2018-10-05 21:46:16,,
gp:AOqpTOGzRx4tx-9BHPzA7LuqF_EbJK1Cf_f0YYa9qbBN4UKXhLpoxdU0lffEvtcy8UfCwWbpRaOl4C_klsGqGw,Pablo Acevedo,https://play-lh.googleusercontent.com/a-/AOh14GiKT8Nr4RuHzjPUYHrvGL6yjq8N78UTGvCv8fisxQ,Great game. Real chill,5,0,1.4.1,2018-07-29 08:51:52,,
gp:AOqpTOHuvCpZzC5gHSexNJdvi8hkYvLgHrSb40_QkjR9t3Fq13gICkjLltpj3gntGK256DQAk0BRmQHJu3ceNA,Artöm N,https://play-lh.googleusercontent.com/-Ob360JHfzZA/AAAAAAAAAAI/AAAAAAAB9dk/AMZuuclWX-lSbTWQeaaaEZhkwtRQWaCJLg/photo.jpg,"Fairly soon gets very boring. Complexity of puzzles increases by putting 
more stuff on a board, so that there's just more and more of going back and 
forth with every piece.",3,0,,2018-06-14 04:32:46,,
gp:AOqpTOFcHAFNTaJK9xTtsQ9Bvuj7gNlIbO0RG1GfBCYWnilK88VSPHWqKriu1lTif3u1_SMCIW6pTP4nvD-2mw,A Google user,https://play-lh.googleusercontent.com/EGemoI2NTXmTsBVtJqk8jxF9rh8ApRWfsIMQSt2uE4OcpQqbFu7f7NbTK05lx80nuSijCz7sc3a277R67g,Elegant puzzles with a simple concept and sleek design.,5,0,1.4.1,2018-06-09 19:33:59,,
gp:AOqpTOESFZ0suhQHvdO-WVeh1rOEq1b5awqgRbyrifgGg3OgXpB8P9z0LJVa3Ck9pf_j2VjF3k2XNk93X0Lgrw,DOODLE NOODLE,https://play-lh.googleusercontent.com/-fkFVOh1d_cE/AAAAAAAAAAI/AAAAAAAAASo/AMZuucmvKKuytWNWfKHLrSK5HPxlAkZfNw/photo.jpg,It's great time pass and break from work.,5,0,1.4.1,2018-05-15 08:27:16,,
gp:AOqpTOG6bP6po1th7bI1SIIAQSkNpj2b4iAutXR3xi9FF0QQeLZUa3gxdfvgEWLUIQwk2PNSF69ljzKPVRh8IA,Robert Wahler,https://play-lh.googleusercontent.com/a-/AOh14Gifd_vhcgVW0NL-YPfauc-_nxBODH9vi_U5VybFAA,Knights is a really clever minimalist puzzle game. I played it a bunch when it came out last year on Steam. It is really nice to finally have a mobile version as its minimalist touch interface is right at home on my tablet.,5,6,1.4.1,2017-11-29 10:46:02,,
gp:AOqpTOHaezAbCgrAGzqoQaWrZDYGoXK1zQCcAAA2-EI197ryFehlxJqf4xniGnJ_3FvNyiwyLPhmTF-mD28TvQ,Daniel Wee,https://play-lh.googleusercontent.com/a-/AOh14GhFjvFkGZVLAXEAVeycd3yWijmIbmehiNz-ab7U-lU,Great to pass time. Smooth control and interface.,5,0,1.4.1,2017-11-26 01:22:02,,
gp:AOqpTOFTxVNhpRH4K8e7DrWJL5KRLNEnjFgXT3DnsItxj-BIT4OvN3NfPPUWPzqejKot0sI8l_BFre5_-WzCfA,william nelson,https://play-lh.googleusercontent.com/a-/AOh14GjV8euFAYtakxP9FtYfJISFUgKEoa92lWuV4Dkw,Love this app,5,0,1.4.1,2017-11-22 14:23:27,,
gp:AOqpTOEekPbr8sQVaOpMh7L0rtRHzZRhHTzbG0IS7O-rHO7ci5zGNCCYICkArL9ATyzrUx6EkB_jNlRHdjDfWg,sanjay amrutkar,https://play-lh.googleusercontent.com/a-/AOh14Gg_RN_BEPiSLUr54mxr_XkDJRY1csSnY7jLXq6LAyA,Awesome game!!!!! Improves your way of solving the problem in a different way!!!,5,1,1.4.1,2017-11-22 05:14:25,,
gp:AOqpTOHBn9KCt0SIgB2sJ8L_Etu0-02jyCrmw3pLt7xSWseMe1KI57PgIo0iZdxkyaaQhQ3vv6n37TaWJgh9Ow,A Google user,https://play-lh.googleusercontent.com/EGemoI2NTXmTsBVtJqk8jxF9rh8ApRWfsIMQSt2uE4OcpQqbFu7f7NbTK05lx80nuSijCz7sc3a277R67g,Intuitive and challenging.,4,0,1.4.1,2017-11-20 17:47:38,,
gp:AOqpTOHau8s85fCYxwsqNEWcerSPX_U99dpneQaz0OxRENJtpPGD_evuzSzJqYu7Mllf4Isl7ZSl-cO9VAyNYw,Ankit Ganguly,https://play-lh.googleusercontent.com/a-/AOh14Gh_3ZZuBDj5s_xXHlt3jkUa3Z0DVCqiJWDrin1heg,very engaging puzzle game. loved it!,5,0,1.4.1,2017-11-18 01:59:50,,
gp:AOqpTOH_zx83wMgg1HBhSTA0NwAwXov3V-5YNCPKLUVMy3tFmMTtVK_Us9oQdXQxCJ0STsKdoFZlUWOPbH09EA,Warot Tantithumpoosit,https://play-lh.googleusercontent.com/--cqcofUB4ic/AAAAAAAAAAI/AAAAAAAAAAA/AMZuuckl4G7xRYyvkb3sd_wSacUMfH6rbg/photo.jpg,Great work,5,0,1.4.1,2017-11-16 17:32:35,,
gp:AOqpTOFFP9UxVgXXL6D5TectmkR4wXQaDkWTIr_YTvdHMxzu6L6j2sOMe8cQznfdwp77ygQA_CYHLyiPRZWqyA,Saket Sourav,https://play-lh.googleusercontent.com/a-/AOh14GgO-DVbcA980RINi-YYEmClLA7Wf92g-y9spT8ldQ,• Minimal design • Easy Gameplay • Refreshing Music,5,0,1.4.1,2017-11-16 05:32:13,,
gp:AOqpTOG17qO_7Vwqpz9d3wBrL7133Bvr6TpjGuWdC0el3abnOaR3zUfvEde2q5BWw45Xzcp_yIUR36GsSL2Zaw,Rajat Kumar,https://play-lh.googleusercontent.com/a-/AOh14GiJ8iQDWxBGaxSy__RZYleW3XuqYeWaunM3i7Jp,Polished Unique Addictive and equally tough,5,0,1.4.1,2017-11-16 04:41:43,,
gp:AOqpTOG6shFvoShE73e4kIS5wtYMEmZzAQ4Zl707jH0HNlHMW96nimWL4w1H-6PXl_YKKc-iG90_HnuM326YJg,Juneja H,https://play-lh.googleusercontent.com/a-/AOh14GgyDclsC2kfECJQfXf-mcBCWB15TrNRD7xOKDhG-A,"Artwork is nice, concept too is good. But it starts to feel monotonous soon. Maybe Needs a little bit more of some kinda animation to spruce things up just by a notch. The simplicity is one of the USP, and I hope that is maintained ALWAYS.",4,14,1.4.1,2017-11-15 03:12:49,,
gp:AOqpTOFa21vhkiiGLtKuyIjwtfMWGVsLAwCASPoy4HL9gO-Le6ATE8LdObhDboa_0RJ5Toet0nRMF8-wINslPA,Jonathan Hill,https://play-lh.googleusercontent.com/a-/AOh14GjSf-EhGceEyTgqgc219SMQBFh-uiCEoSnk9063jA,"It's a really novel game. How ever when I'm playing the menus all flicker all the time. I'm running on a nexus 5 and it's very distracting, hopefully you'll fix it soon, because I love the game  😊",4,0,1.4.1,2017-11-15 01:28:46,,
gp:AOqpTOG5Cs0B-7TKjkGvGanuyW-vRmanAXCrQ0CHiH8aJR7TGkHDCLv-RJFIaqe1pV3Gt_SnCouejkK1of3sXQ,Basim Rauf,https://play-lh.googleusercontent.com/a-/AOh14GgMrv7YR1PlvmsN8J31tcpB_RXPGJDvyn8g4XnLcxU,Very fun and addictive,5,0,1.4.1,2017-11-15 01:19:41,,
gp:AOqpTOGOeFJIOkH-1a_ZDZvc9xi096Rt5JatVedKSxN6-nOYJtd6TX5WUT6M1dgVIgTyzK_QCcF0_5DYpb_DPw,JK Wilcox,https://play-lh.googleusercontent.com/a-/AOh14Gh9tjgI4yo_Pku5NtrmssTj8MrOq_8CaMqYq-_L4w,"Ay Chichuahua !!!  Thanks a lot Bro. Very polished, incredibly unique and an exquisite relaxing music. A game perfectly balance for hungry minds who seeks for complexity challenges in simplicity, BRAVO!!!. There are just so few games (you can even count them with the hand's fingers) that relax you instead of giving you anxiety or getting aggressive. For chess's lovers a delight, and always keeps you challenging you as the levels become more complex. Just Never lose your relax motive when developing next updates.  One Bug: Battery gets too hot playing this game and the Screen Turn off every 30 seconds. Nexus 5X on Android Oreo 8.1-beta. Thanks in advance",5,9,1.4.1,2017-11-15 00:22:37,,
gp:AOqpTOF6_0ejRhR7dIaUOj5nBbUupT81514bmDpFxNBjDwJXU8m77xiRv89pm6gUafFZ_zEZU9EgMW6UXr10aw,Yoko VM,https://play-lh.googleusercontent.com/a-/AOh14GiGT1akwDzIEDkiRxRGNvF8_N7ewCuJFY6QAjdymA,"It's a good strategy game, with really easy mechanics, I loved it. &lt;3",5,4,1.4.1,2017-11-14 07:21:04,,
gp:AOqpTOGoEGNgjuwFMVLXcm124CWscsVNWd_TEhH-wOKctoj3BR7ynpL5lWpEkb6BdRcIPqYnQ0exZQaYEVGK3A,Nithin K,https://play-lh.googleusercontent.com/a-/AOh14Gi4RPlKmLjB8E8sVa-0H5KymADNNot4mOHcfb5Brw,"Really good.. need more tougher levels. It would be great if you can add other pieces (rook, bishop etc)as obstacles.",5,1,1.4.1,2017-11-13 19:46:35,,
gp:AOqpTOH6qXw0HBeD-RFn0aP_OVAXhnoam1wHCn2aGeqRTlq7xScZ5ES8rpDS0RcBV1pX6Eb6D6EJFqA744tUgA,Andrew Hammett,https://play-lh.googleusercontent.com/a-/AOh14GiFVLl5sB88NG11mcBdX05D19PkGwDyFEwOazPbMvg,So many horses,5,2,1.4.1,2017-11-12 19:00:01,,
gp:AOqpTOHnzbtXpMlzFYtE_4d0zV9xC5rR8MRoHYdOHcsz91bpSljMjK-dVs77rnt5Km5wZBwNeH87UBs3jxla3A,Vince Berling,https://play-lh.googleusercontent.com/-Kmn_saeaUGk/AAAAAAAAAAI/AAAAAAAAAAA/AMZuucmf1IWD-iNMaebikvcm9q98rMbXKg/photo.jpg,"Simple, challenging, unique, fun. I have never left a review before. Game is pretty goddamn sweet and the music is great too",5,4,1.4.1,2017-11-11 23:08:58,,
gp:AOqpTOHv0KkQwIHRTQTPiKmC399sz_kSyO1OEGbGrRrDC6c2RAVoWSXY9w7TF2ouGT3-Y5TvPI8YlZ14bNQ0DQ,sourav arora,https://play-lh.googleusercontent.com/-lWaTqrbvDck/AAAAAAAAAAI/AAAAAAAAAAA/AMZuuckAvxNyB4GcBbzQXraSN0Ii2gF8dg/photo.jpg,"Game ended so soon and so less packs, I wants to play more 😟",3,1,1.3.4,2017-10-10 21:53:48,,
gp:AOqpTOEkAm__hgOOZKjaRedXU4_hqTmBFtB1dXJw_jdoaFBz21JNsg20yRJRHb2jr-vvGp--ma03QInSx-jtog,George Tsai,https://play-lh.googleusercontent.com/a-/AOh14GhpynKCYx1_j3BEVQCjiDJnn9d0Kf-56efOwpZf-iE,Well polished and a good challenge. Will definitely keep me busy and improve my game simultaneously.,5,2,1.3.4,2017-09-19 12:31:43,,
gp:AOqpTOF-WWtUMnvt7bMZI106mzMczx0rqCtxvd0ynGe0TNdigjWx1amMughOnSJpaBO7slIMsh0gYz0GAhGlMg,Jonathan Daniels,https://play-lh.googleusercontent.com/a-/AOh14Gi9J8Q9bO9rErYcWVl0DJgRlKpDsUkmIp06gMM2Jg,Cool little puzzle game.,5,3,,2017-09-17 09:07:47,,
