reviewId,userName,userImage,content,score,thumbsUpCount,reviewCreatedVersion,at,replyContent,repliedAt
gp:AOqpTOHm1QZkQiwa-KVJ2k6FV2H4ROvoVXm_HMj6bEUbeRQr7jrMfC40PWh1ccbGxpL9ax4pZEM3lYz2-xw66g,Lauren Polezogopoulos,https://play-lh.googleusercontent.com/-MfzFYzyXKd0/AAAAAAAAAAI/AAAAAAAAAAA/AMZuucms00xGG11V-k6FsHdR6Hk5KSKHGg/photo.jpg,I love how I can make and unlock different buildings and roads.,5,0,19.1.87,2021-01-23 10:33:13,,
gp:AOqpTOE42D3Jb4PEHZZoXH_2GXLwX_lWDybj8kwabEm4Upu21vXbqz87gENRX7tZKrC74L19G04_rJGc8H7BXQ,Corbin Grady,https://play-lh.googleusercontent.com/-1QIx5t3O4dA/AAAAAAAAAAI/AAAAAAAAAAA/AMZuuckpRKqsMnPq4_TptEZeHEX9PCaYVg/photo.jpg,It's fun,4,0,19.1.87,2021-01-14 18:35:11,,
gp:AOqpTOH8VB7IJYp7GsEDK0hvSZ-Yq3nQT0b3KnagNFkI6MMw9Z_sD--ZZ02dT0AUnSinNi9j3WZi51Ko3yiA-Q,saima khan,https://play-lh.googleusercontent.com/a-/AOh14GhWZ-AX13XesLdRLzJ6BaGpxy0DzENEAT3twjgB9Q,My toddler loves this game,5,0,19.1.87,2021-01-10 02:16:55,,
gp:AOqpTOGZ0h5Fu4xkjV7-ugZwuhNVi97S71VCm4ZyI8Ai1IRyL0he-mwD9SsAgGPJIcRNznW7IZNuN4_X268YWg,Nedžla Sokić,https://play-lh.googleusercontent.com/-JVP49iv595E/AAAAAAAAAAI/AAAAAAAAAAA/AMZuuclUtiCc_lG8mxegrqSJoByCIeJtCw/photo.jpg,I LOVED😙😗😘😍💘❤💓💕💖💗💞💙💚💛💜💞💝 this game for YEARS,1,0,19.1.87,2020-12-31 11:25:35,,
gp:AOqpTOGhEAHbrgmzD5hi7GXeBLTl9dMKoFY6Kj8zjh-E_VDCVL61ecxsjHhJHuszzvimsENpn6jkko61AmZsEQ,Fawaz Al Saleh,https://play-lh.googleusercontent.com/-MIK8yWCnUL0/AAAAAAAAAAI/AAAAAAAAAAA/AMZuuclwGSqvchQ6v4cPugzshNj74buK5Q/photo.jpg,does not work,1,0,19.1.87,2020-12-05 04:39:35,,
gp:AOqpTOEKFjzbHs5XJOee9-32LN4VH_G1LguRWyUZ5vjb6qF5HnZr2fEXC6brjX0xGoE7-vg1jjkPc9nA8TvIcw,Kiki A,https://play-lh.googleusercontent.com/a-/AOh14GiAMikg3NgNVD0uCXycj6wgo0VKDiFZgBVrKBCFZw,really good app,5,0,19.1.87,2020-11-14 08:52:04,,
gp:AOqpTOEiz0lNOXEvD5GC2wJewhjaFyvKoXqrycITshvJCXT2twnqTN9gUkXpkJvk08HlSWv6LDJoZnOZf1lv6A,big bob,https://play-lh.googleusercontent.com/a-/AOh14GirYjpI55qxT1dwbnEK2vLzNjZMG_arL9c_chEfmw,We,1,0,,2020-11-01 18:22:51,,
gp:AOqpTOG945M7LHfoU5QE3jsSfiUXZ8Q4EP59SARKLIwSEjT00AkrtmAbHpsMXamPZdaCwgh9IbOjn_vUKFlEEg,kan kun,https://play-lh.googleusercontent.com/-JCa3wRKOaQc/AAAAAAAAAAI/AAAAAAAAAAA/AMZuuckOwkYKEscfxzFm4BsVoKevZ5WNRA/photo.jpg,keren 👍👍👍👍👍,5,0,19.1.87,2020-10-09 01:10:05,,
gp:AOqpTOG0w0HeP1UL-x8-uMDzP_qS-Ke_ULE0vkeSOt6yIuNaXEREs0nSemEHrVIvRIwo3BRUJGcQdom1vw-u1A,iamthegamer590,https://play-lh.googleusercontent.com/a-/AOh14GjDvwyM3Bnc1Ee20wtFoNA29wmdyzONUoIL8_HRWA,50k downloads pls can u get more,5,0,,2020-09-19 06:50:43,,
gp:AOqpTOE-PI3Mg6YguNOC6vt_6H9E7UX-WMe7eY3G_Tbcx8BCpA-U3uyj8XlhanTi5LLxv_ExCPDY7_P3G_vVeg,Andre Andre,https://play-lh.googleusercontent.com/a-/AOh14GiliQ4nUXlqihIV1X5CRyE7sF_UvoJfrNfgOEKHrw,Whos agree on hoopa city 3? Come on Dr. Panda,5,0,19.1.87,2020-09-04 03:24:56,,
gp:AOqpTOGSN6atEUZKOnCPngwKQheazkNVEkHY8dUyYZF7zE_WF-y8rmZoEeinN1sx7pxQHuOM3lLtqYyE-U7Zbg,hayhay aqila burman,https://play-lh.googleusercontent.com/a-/AOh14GgJ8E0ylM7m9sT-XZC8vclQak9XyXV8ZChTnpz0CQ,Me in nidonesia,5,0,,2020-08-21 05:00:26,,
gp:AOqpTOHgBiSgyTLNGUWPfWK3et5Q6ulOhD2sqyttFdvyLu8GgfXY30fqEv1VJd_4bY7DjyHcV97kG1PizFzg7A,Brighton O'Connor,https://play-lh.googleusercontent.com/-rVk-LCbrLQo/AAAAAAAAAAI/AAAAAAAAAAA/AMZuucn9bHEN5uZ24UbWYlRkTt_-y23d_Q/photo.jpg,It is soooooooo fun! infact i recomaend dr panda game's to evry one and keep up the good work 😍,5,3,19.1.87,2020-08-07 11:57:41,,
gp:AOqpTOFih5xZCcEQxzHJythC6hqvatyzgSwd7QXKW1eXh3R42sfwFDyg4yMWSEJNHKqTzGIR3UcLPmxSVEyfDg,Richard Low,https://play-lh.googleusercontent.com/a-/AOh14Gid406eKtv09euCP32VAmwHU-ysgDyYgJbVJ-PUkQ,This is such a great game because you can build your own city and unlock things.,5,2,19.1.87,2020-07-18 15:13:22,,
gp:AOqpTOG9N_5F0mds1gQ1llfZcAyXzeqGsRx5bkp0bjlOOBGBs_1PQSkSDAlpihTaW1kgmFkdrqBq77mpnUw_YQ,jj ddll,https://play-lh.googleusercontent.com/-RJ2HiKqJZtM/AAAAAAAAAAI/AAAAAAAAAAA/AMZuucnRzsvZw05dELE0WgC2CDYj8fqrTQ/photo.jpg,This game is the best! Also if you have a skyscraper I want to have access to all the floors!,5,12,19.1.87,2020-06-29 08:48:33,,
gp:AOqpTOGHjh918wac-i3hdZx0P6vaaIcv7ChJcUfohJ1VD7tO8jZEu1pmWIdUUCnCBc3KfqZwK3RZddT10B92qA,p&e videos !,https://play-lh.googleusercontent.com/a-/AOh14Gip_9KC5-bNsQaGOvXucMdTAr40_ATXRTQWZjoiVw,I love building and discovering new buildings this is a good game dr panda the company should keep on working on new games that's all I need to say 🤩,5,16,19.1.87,2020-06-09 18:05:07,,
gp:AOqpTOEd-K9flRXxSMYIlVOIzRGh08YoWcFZRR-VETsL8C9QFHEbwpp7btODwpJ0Tha9uOiS6Onyh-Q1I0UXuw,Marlon Guildford,https://play-lh.googleusercontent.com/a-/AOh14GjR6J1YjOllr8QeHozZkN5pZWGoPm0lNvNFuSnPBts,It does not work the screen goes black that why I give it a 1 🌟,1,2,19.1.87,2020-05-16 06:15:56,,
gp:AOqpTOEtPV2C5mOUazJ6MZebGEKxaxmhRMxhY4HYQ7lT1ytSwCIWKsnAQAABH2NXOW6QmS7tt8X4qiXZl1hlQQ,Coolguy egg 2,https://play-lh.googleusercontent.com/-_xWdP_nSsbA/AAAAAAAAAAI/AAAAAAAAAAA/AMZuuclTKf1DrMEvPZXLJ4nOkfb8t-SakQ/photo.jpg,ITS AWESOME but you should make it so people can die so I can do the purge anyway 5 STARS,5,1,19.1.87,2020-04-20 18:57:32,,
gp:AOqpTOGQ4yvOydZtUrNRpZPdwAom1Q6rVEmemMxB5CrA8wn4T9-BKFKSZnvDicFPLAHnUliFejaW0cV1dpVAYw,Awesome Cookies,https://play-lh.googleusercontent.com/a-/AOh14GgVcbJaAmz1SzwYbv7A4l1R6aZGMk3AlnISaB4TzQ,Its a awesome game!!!,5,0,,2020-04-12 18:44:14,,
gp:AOqpTOGoNDpckUz109oLHdF4kAj-RoYQJqqVOb8K3RRVTtchKEtd74yaUZw8PxDCV-fb77VXKPys1ZIov7wHnw,J J GoAnimate My Animations In 2021 Of The YT Team,https://play-lh.googleusercontent.com/a-/AOh14GjEr7wCw_Gbu5_0M-I9HpEE6N9j6mezwjgXwZPWvw,What About You Make Hoopa City 3,5,4,,2020-03-12 10:49:45,,
gp:AOqpTOFTtHeN4rwVrawgYCbH8wXm3jNCEP2gwpYj5XfJzl0mk7vTixFk2004nbKU51yJQ54w-pE5mm1tWPKZNQ,Oliver Kubaczyk,https://play-lh.googleusercontent.com/a-/AOh14Gh31Eh9x6K19q5zRJDFv_ikDkeVV53ryih-hMnyJg,😅😂🤣😂😂😂😅😂🤣🤣😂😅😅😅😂😂🤣🤩,4,1,19.1.87,2020-02-29 00:24:44,,
gp:AOqpTOF6xtRLDgkjcoTe9-DbREpNGarIQoRGYFzDhJfEr-E_gwndOoIJnw_zVEfQx75hguY1FBgqwpBFYrWB6w,Anderson Jeannot,https://play-lh.googleusercontent.com/-BfASyo_t_0Q/AAAAAAAAAAI/AAAAAAAAAAA/AMZuucm3Lu5bHAMSKEWNdcBzqLnt17Zn_Q/photo.jpg,I just..understand by my name I have no idea why this happened,1,1,19.1.87,2020-01-19 11:13:27,,
gp:AOqpTOG7Gzi5mzlNlhrCQLkiXbZJMS8zStUYmD-6UzJEoi-7Uxif2tfHrLfsO5Gt4cEXwSd4Q7auYxUmk7kldQ,Yours Shreya,https://play-lh.googleusercontent.com/a-/AOh14GhM0e23AhbfleeX2QRJatiH2oKcvwDf84zQGXtaqA,Nice game big world events,5,1,19.1.87,2019-12-07 05:54:59,,
gp:AOqpTOGZQlXvtaZD_xn5lag9uhgRijOvULzqsmgYI8iBXyoEbmjaEL1uGoNbnJ1_eLI3AYAiN5iKZa6emvRD7A,Nix B,https://play-lh.googleusercontent.com/a-/AOh14GiEx2nxhd8BSGs89fOV2zurZPxj_6IojeBF9X3TRA,Great app!,5,1,19.1.87,2019-11-29 03:07:17,,
gp:AOqpTOF4CGcxL6_vokaf0IHxQS7gMIuFmQ8PV2aVUb2bNWXFIsZ3WWhKbBHNxAXvShpR54QzuSdck7zrTx0LNQ,ricky bell,https://play-lh.googleusercontent.com/a-/AOh14GjzALpEB_E5JwY2SYdEvfxrdX9pboRvy41mHWkj_A,Daughter loves this one. Good graphics and very cute. I would love to see the controls in this game to make a cities skylines mobile game.,4,12,19.1.87,2019-11-13 07:09:16,,
gp:AOqpTOEGsmQ73P5IMuMvTu3-zj8QVvI-UAM9Kd73eydF1wYxxgqqRG_ApZgqHCaDucSTHcDO7GrigJjVsJRKvQ,fresh assassin,https://play-lh.googleusercontent.com/a-/AOh14Gi0Gh_lOJqhkE7cDyX9yvbrwriTDG9WIPH6x7hT0A,To download,1,1,19.1.87,2019-10-28 09:45:45,,
gp:AOqpTOHqunWj9I_rgUlpErbNjAra1--v025iyiPfmDZxZmcbgmAY9KgWpm85rZsk_pdD9B5Bn4kxwnwco18LTg,K W,https://play-lh.googleusercontent.com/a-/AOh14GgVrq1PkICz5LCMVb4uBXKJc51t7nhRck5JnLCA0SY,"I LOVEEEEE THIS GAME!, but it would be cool if you could update it so that you could go down stairs with the characters, like with the airport or the big house, also if the airplane could go up into the sky if you tap it and it would do a cutscene and you would go into one of the other citys you've made I'm just saying I'm just saying.",5,43,19.1.87,2019-10-24 20:50:14,,
gp:AOqpTOG9BA4bXZKZmFhyahpAV72oqClFyQjBHO2Z8Erc2Wtc_Ak3_7o5QrFS6FTUIxDt6s2BknAQaPRzGxgBPw,Zara :-P,https://play-lh.googleusercontent.com/a-/AOh14Ghw0iARK8a83anwJI8ekklYE6tLuJm8_00bBaGLYg,"hi, it's a very good game but there are some bugs that I would like you to fix and there's a alert that says that this app may not be optimistic for your device so can you please fix that as well. 🙏😃😄😅",5,36,19.1.87,2019-10-24 09:36:16,,
gp:AOqpTOEg76yQwNxmG-21Tatm8_VJFdVMkLEdmwbIRZFRpCWgnI1DTz_spO7WIjxEuTU_uk_SSAZoX6OpXu-HEg,Ivy Le,https://play-lh.googleusercontent.com/-H9mz4kxeOUY/AAAAAAAAAAI/AAAAAAAAAAA/AMZuucl52A-1FqcIgJfQx-M1w52PC5891w/photo.jpg,Super duper fun.,5,3,19.1.87,2019-10-19 09:08:24,,
gp:AOqpTOG2n_03yjbltNe0cz050ZQoRp-Gze_pRTwloVKmbZFePVtgeOTRUWjViQOxjprMPLbTya5Y203Tko27zw,Lara Tallman,https://play-lh.googleusercontent.com/-RtjOzYwhDhs/AAAAAAAAAAI/AAAAAAAAAAA/AMZuucmWjKqw8yMYv3_vinsZUov5LDDu1w/photo.jpg,"Here is what I would like you to fix in the game. 1. The animals should have 👦. 2. If they have kids, make a bed for them. The house should have beds, too. 3. The stairs, elevators, and escalators should make the animals go to another floor. 4. The animals should have 👚. I'm going to have to rate it 2 🌟 if you don't fix it. Otherwise I'll rate it 5 🌟.",2,67,1.2,2019-10-06 07:27:30,,
gp:AOqpTOHwZcxvTdkC2d2uvziTSQ9W_xcw2gIBZn4EV0M9hx2k54xauN95Ygu83RN5dqAhESxtSXSxc7GqtjqMtg,Sandip Fokmare,https://play-lh.googleusercontent.com/-OCHQOqKc6v4/AAAAAAAAAAI/AAAAAAAAAAA/AMZuucnkSz23VcArWGDbnPKy_L51HBlk2A/photo.jpg,I love hoopa city 2,5,2,19.1.87,2019-09-27 20:30:26,,
gp:AOqpTOFdA5HfeDbfvLhYvjcjz1Ju-CI_6edEWdoWGo2M2hbNrdYC6N7zdSJZPhA2xdAjHMzToW7fzorPOzRc-w,Katie Dalton,https://play-lh.googleusercontent.com/-KiIBr0tLSxQ/AAAAAAAAAAI/AAAAAAAAAAA/AMZuucn8rPadHwOl1KLkUoa9zPja3OrWtw/photo.jpg,a game for children this is a pretty good game,3,5,19.1.87,2019-08-18 18:55:54,,
gp:AOqpTOEdE9RYUl2E_cFZSgcr6JmGmjHsSBXZq8IIC_77cAZNDTVrZ6Oi1PCB47UqowuPMFIJ-Qu_K-tS2Add5A,Labelle Marc-Antoine,https://play-lh.googleusercontent.com/a-/AOh14GjrUrCqn8e_K9oprVhZJMdSHfbSLhF7ssHaxrI2,my kids Love it,5,4,19.1.87,2019-08-14 11:21:04,,
gp:AOqpTOEZBdBvQN0xoSTF0_yHDWCPpzAc-Bl7rFBNTHvTexk9umnWq4Psb3czOnlqbZ6KLyGIuqQkfrTYpfmfpg,Abdullah Iltaf Cheema,https://play-lh.googleusercontent.com/-jolb-S9l_Ug/AAAAAAAAAAI/AAAAAAAAAAA/AMZuuck6cafCNxaX20oKBh1MHLFLTFFAeQ/photo.jpg,good,5,2,19.1.87,2019-08-01 06:58:02,,
gp:AOqpTOEtyTse78ib2QNECBK3J93ekRoh-moW5Ww1aiVpIZYhpiXHIG0KEdK7nPJqZkidZfC8lx4Jlj5G_55nGA,Latonyia Blissett,https://play-lh.googleusercontent.com/a-/AOh14GhJHNsDKvfX7S3Wisbg60_h7caTlZX2d2su_WTsqE0,when I build a house it's fun,4,5,19.1.87,2019-07-19 05:28:23,,
gp:AOqpTOEdOGV12ON6yOF2nT6YjIyFywyQg57tjPIMtoVZ3Fslo1RNBPctkG4Ht3sP9EEi68uHiPwhsdlXDu7GeA,HarryPotter Ron and Hermione,https://play-lh.googleusercontent.com/a-/AOh14GiO12FSDlVhT4WmQHL2sJPY1ZGQe3eLl1Nk2DLY,😉😉😊😊🖒🖒🖒🖒🖒🖒🖒💟💟💟💟💟 Super game! !!!!!!!!!!!!!!!!!!!,5,4,19.1.87,2019-07-02 12:41:13,,
gp:AOqpTOHR5d7ZfYdtt967__Vk9DB1I35xMpOfY_qAGmLmYpMx4mBE1m5i0RK-MimZwX918QHQ_yGdhfbBBgeabg,otalia castillo,https://play-lh.googleusercontent.com/a-/AOh14GiwdjHMLyo4cRFU51HzIEyKDjC65kT7HZxYbgx90Q,this game is so cool,5,5,19.1.87,2019-06-14 21:24:35,,
gp:AOqpTOE4SwlFn4Bm7zChLXi-ht3Fe9TpxqZhhr3AUEA2T9sknC9inWb6_rK_Z8T4VV_7MCdlWohNU8oIreQozA,Doaa Tawfik,https://play-lh.googleusercontent.com/-yagVdoQ6Dyc/AAAAAAAAAAI/AAAAAAAAAAA/AMZuucmfaWUNrxvEWZLO4hrnbB8rly16fg/photo.jpg,i love hoopa city 2,5,6,19.1.87,2019-06-13 10:09:06,,
gp:AOqpTOEnAesnJBpU5mFyh1JbXlsqs04XPXwQRYaJnA_y1Xy2N41yowYEWE4LAqQvtILo9cBKLBgDlj8cPqg_pw,Naura Syadza,https://play-lh.googleusercontent.com/a-/AOh14GjkVDwa6KX50mecOuRCYFAQzOOp8eOwy0T51xP_,This game is so Amazing. I'm so love this game.,5,15,19.1.87,2019-06-03 20:37:32,,
gp:AOqpTOE8PM6LNAyzf16LCyVwaZn62HgD7coDu9TzpLN7OcLHzEz8BV_Qk0tw9wKU4zO6NQUNoGx4n7YjgH8X1w,nancy pettit,https://play-lh.googleusercontent.com/a-/AOh14GjGViw1rq64wSNsqR0RSKc8gZ-W2ctnqa6iylnBDQ,great game bio,5,4,1.2,2019-04-08 18:25:17,,
gp:AOqpTOFcv9oEx-l4NprFSTrf2lD2SFvA0HzgOWkWq7lMr4to3tkqh3xCH6qrI0IuyzD0_4xoJFxcWdgmaagVMg,A Google user,https://play-lh.googleusercontent.com/EGemoI2NTXmTsBVtJqk8jxF9rh8ApRWfsIMQSt2uE4OcpQqbFu7f7NbTK05lx80nuSijCz7sc3a277R67g,this is the best game ever you guys rock and we already know the combination to the hiking mountain,5,10,1.2,2019-03-30 12:53:52,,
gp:AOqpTOEMbrPZrrf96I4_zjZ7IxdxhROhNoOO_jNFZyjS-J2_LHYBK7y_XdE9mZgCNnyVyJPIUSbv_M_guvDiaA,Michelle O'Herlihy,https://play-lh.googleusercontent.com/-rpIssWewswE/AAAAAAAAAAI/AAAAAAAAAAA/AMZuucnXIFY5-nCBG7jPPevUE9cRij7knA/photo.jpg,this game was great but now it keeps crashing. please fix and i will change my rating to 5 stars.,1,41,1.2,2019-03-24 13:47:58,,
gp:AOqpTOHpgZ1boIC8beLN77r44L6GrgrXHX4NJp_EhdbEzFUvV3PrWstZDhcxymydImFVLCck356b_Sh5o6oHJg,swarup nayak,https://play-lh.googleusercontent.com/-HPFBZ_f0XqI/AAAAAAAAAAI/AAAAAAAAAAA/AMZuucktPtWExynCWRBTmBjnE1AA5L6Lag/photo.jpg,Very............. nice,5,2,1.2,2019-03-05 09:19:41,,
gp:AOqpTOFCV3AL-Fa9i33EsHGhhaoQm3lnVvbWqcfcmMtAhO7C98XLnbnnqNrNr0UEBp5ZIE1U07y9jFcs97HQWA,Umer Mahasin,https://play-lh.googleusercontent.com/a-/AOh14GhHTw-TT1TAN4aBS5LptJ7HbXxK32gtG-82kBzOpw,your game download free please free this game and all games,5,2,1.2,2019-02-20 02:08:29,,
gp:AOqpTOEDO0HYU84yJ-G0pJbWGQL9PzoS_BVTvKBDbLpZL9OCcPk1sc3Xjcz9qGuK3VgdGNvfMvFNDb5X-99v3g,R.A. Songs,https://play-lh.googleusercontent.com/-nBQul6XjAD8/AAAAAAAAAAI/AAAAAAAAAAA/AMZuuckKKGt3-k4A1R4YIFq87PrrbrNP4A/photo.jpg,good job,5,1,1.2,2019-02-09 06:40:59,,
gp:AOqpTOHrAW4jhocKcKEJrDiZHyIOr-ITOJRDC7tkgiMAJ7BCj_h7dqrjQZh16Xpb56krHTnAcTmQ2oPbCRErOQ,A Google user,https://play-lh.googleusercontent.com/EGemoI2NTXmTsBVtJqk8jxF9rh8ApRWfsIMQSt2uE4OcpQqbFu7f7NbTK05lx80nuSijCz7sc3a277R67g,fell,5,0,,2019-02-08 10:09:03,,
gp:AOqpTOEoRjszycN_1cxnmVZmRh9YS4YGTdQE8ibslpcYZpnk3WV0y0wtwWYcxmAvyPmu1-HJKpi-jA0PmoJm1g,A Google user,https://play-lh.googleusercontent.com/EGemoI2NTXmTsBVtJqk8jxF9rh8ApRWfsIMQSt2uE4OcpQqbFu7f7NbTK05lx80nuSijCz7sc3a277R67g,أنا أحب العب ابليز افتحو الا العب,5,2,1.2,2019-01-19 00:43:32,,
gp:AOqpTOHnS8xXAD6wofOmOFZtobI_-NNuu6ekVQEWy58eGGMAe5EwMA53QS0mYmB5rGe5SrKimDwf512iL_nbMg,Kadar Tanuwidjaja,https://play-lh.googleusercontent.com/a-/AOh14Ghj7vhCJh3McPVyDhrsKEyMSKczjeRw3izG3MfErw,Excellent games,5,1,1.2,2019-01-16 01:55:34,,
gp:AOqpTOHpttAbpGDmh7U0UZIltmM_ngrim_He43MLYABeUpAiwiwC1wImzwiY1GGJdqIUk4Uflt9iRhIPp0agOA,Bigby Wolf,https://play-lh.googleusercontent.com/a-/AOh14GjJvQMA97qeXA58jVEUH-Q6ZFG4wFVm9wzn4L8hQg,I like the game ' that is hack game bit this building is not unlock but I unlock all,5,9,,2019-01-03 22:26:30,,
gp:AOqpTOHbrmf1WkATskF7B7PJ-7YJSeoTkopXU8fmVvQysfDFdNSbf1_E8bVORqcqS_TMV_PwhfEezGDgkvhg3Q,tortie cat rules 1974,https://play-lh.googleusercontent.com/a-/AOh14Gh7ObKk1DLjrKPhoCXi_vUQPbQo79ai44sll3plyw,I love it,5,3,1.2,2019-01-03 09:27:08,,
gp:AOqpTOEg5_c-h2kzOXQ0WWGiUaaZl2jMDK2tVj0aur1Y2NWDlaArsubQZr-O5d75HZa9X3AjvbT3I3ipTcSE4A,Elsa Khan,https://play-lh.googleusercontent.com/-pOmys-6rQ_o/AAAAAAAAAAI/AAAAAAAAAAA/AMZuucnjWJFolYDCXtQ0NDl3aO2Dat97Yg/photo.jpg,this is the best game I ever download,5,4,1.2,2019-01-03 03:38:11,,
gp:AOqpTOF0guNtte_alImCI_ql86Qiu6vg1pCGDsGp5dxwwBVyl2dPtb-mhhlI6dFHKEtPjk2wfaNRtZsehGhCQw,Arj Garena,https://play-lh.googleusercontent.com/a-/AOh14GjGObDsfrrZld1eIVacRz-SPIhI513Uscj_Pntn6g,"This app was great. Highly recommendable most esp. with the kids at age of six and above. Even I, enjoying playing this game too!😅",4,12,1.2,2019-01-02 20:10:55,,
gp:AOqpTOGtDBmvNltnGCFNCELPKi4lJ_eIxk4Bnx6sxUsjHM3hRV4qg-wk3DICR3xSvJiGTsT2iZa-O41XJ2jzHg,A Google user,https://play-lh.googleusercontent.com/EGemoI2NTXmTsBVtJqk8jxF9rh8ApRWfsIMQSt2uE4OcpQqbFu7f7NbTK05lx80nuSijCz7sc3a277R67g,NiCE GAME,5,3,1.2,2019-01-02 19:19:40,,
gp:AOqpTOF6SJTGU4Y2nFITkd-zqz3gG48NrqBoVfwawWTtJmFTQrABMD2o-LkZUh5ZZW93LrNL1KkFU6jVBWXgYQ,Sarah James,https://play-lh.googleusercontent.com/a-/AOh14GhOrZOzahCRCjB9hB5fKz8nRVKSjN_njvDdlAgaIg,There are no tutorials so you have no idea whats going on. The graphics are horrible.,1,12,,2019-01-02 08:54:44,,
gp:AOqpTOHVl3WYwP_5dak7P680LxR4p55d3rcx2gdELY4YcmNwU-MLyKzMoGa3ievqGWnrqdbLEImoXvGT3hSkbg,A Google user,https://play-lh.googleusercontent.com/EGemoI2NTXmTsBVtJqk8jxF9rh8ApRWfsIMQSt2uE4OcpQqbFu7f7NbTK05lx80nuSijCz7sc3a277R67g,my sister loves the app,5,6,,2018-12-31 15:52:03,,
gp:AOqpTOH_LTzpJP462oopCXxecHBSM4z-bHB14QvpDyRkF1wI5Jb_Q7zp-5FsDpVE-rLA4YwefrH-SZuzgQylOw,Raed Abeda,https://play-lh.googleusercontent.com/-qBJgYv8cqwk/AAAAAAAAAAI/AAAAAAAAAAA/AMZuucnNny7IlFfayHvJ00uCVn89ETwYLw/photo.jpg,حلا ابده,5,1,1.2,2018-12-31 08:34:33,,
gp:AOqpTOFsLxRfBG2J2zM8fFdkNQk-kdvNvVvge1rs86REHulVtbYlxr1CGzbaNczU1OVhMDi3I8-pgKMimKNCkQ,A Google user,https://play-lh.googleusercontent.com/EGemoI2NTXmTsBVtJqk8jxF9rh8ApRWfsIMQSt2uE4OcpQqbFu7f7NbTK05lx80nuSijCz7sc3a277R67g,how build airport,5,3,1.2,2018-12-31 07:55:46,,
gp:AOqpTOGx1bRf8BGoFEpa-0rztVWLt0IbOmOInkprlh0FQmpwVWrzVXYWGgpJiR1ZtZRXQ537nLOHnbyPa1xo8A,Kelly Buckner,https://play-lh.googleusercontent.com/-Gdu8G5bECvc/AAAAAAAAAAI/AAAAAAAAAJc/AMZuuckMnB752845ZhQ7VOgphVSZj4IMgA/photo.jpg,"I absolutely love this game! Even though it's for younger kids, and I may seem a bit to old for it. it is very interactive, and very detailed! I just got it and already felt like I should leave a review.",5,20,1.2,2018-12-30 00:04:08,,
gp:AOqpTOGQfA11-BVim7SrAOk0eoya47-Oelsn3cWkv76rc90-oZU4d9z0MVt42mP8yxNS6Z77UpFEJ-TV8T8bgg,Hugo Serrano,https://play-lh.googleusercontent.com/a-/AOh14GhdSE2kLSWbJcfxogdSJWvmlSSVp2mb1EyCi4iT2A,I must say I've been genuinely surprised by the quality of content by and attention to detail. My daughter spends hours figuring out every building recipie. when she finds one there's still plenty to do inside building. More than enough for first city building experience. even I became somewhat addicted. congratulations. worst every penny although I received it on sale.,5,113,1.2,2018-12-29 13:04:02,,
gp:AOqpTOFZ2BZzs08he7Zq8BgjI6OB5onHWoVz9tS943GL5sJFwfdAPr1m6g9a_etheyxERFb5Ng2-wLaKuZV3KA,Emily Phillips,https://play-lh.googleusercontent.com/a-/AOh14GjxLMeYoS9CJeLwny2FuFnkRqSWGeC5ycTqnXMGWA,it is such a good game. But can be confusing.,5,11,1.2,2018-12-29 00:49:48,,
gp:AOqpTOGo0dAAHt5Lkpytwj1Dmv1NHnE7Z5yMVfJhZr35tLOs0X07rGEIshvqUtXDZ51iIBH_nRIMKNrJd4psqA,Aziffariz Mohd Nor,https://play-lh.googleusercontent.com/a-/AOh14Gj9csVXuWmnRTpaGC2pQoUsLX2jYvaHu0NUmLokFg,this game is amazing!,5,3,1.2,2018-12-28 22:57:40,,
gp:AOqpTOE3uUPLuKJJ202EIzfojkbdoynNuxWBZwNHmW3Evr47BQHt_NxP6CzGU-d0RjIc2mU6wC4xrjOMjKy7kg,MARIA CECILIA RANOLA-VILLEGAS,https://play-lh.googleusercontent.com/a-/AOh14GiqsnEHEmi81cylxi2JlNAojzsHvKuk12r_PX10Ow,🐱🐻🐮🐘🐵!,5,1,,2018-12-28 18:04:24,,
gp:AOqpTOEw-vZc566-Prm-bnLs0tA07aEWKdQabyXcOxeLigsnHEGV3fS1sCWBvTD3r4-83VOR9tOAn9R_Dd8Lpw,Kuljeet Singh Cheema,https://play-lh.googleusercontent.com/a-/AOh14GgqsVBhQMcfRLL8HMsYyuA2pgqnzEv8DHP96W5R,I love this game sooo much. I have no words to describe this game. please free dr panda school.,5,9,1.2,2018-12-28 06:04:05,,
gp:AOqpTOHt5LJh1SyIn8PAGpA2HMClJsVyhLYE9g0uBYPAjT7QQORSfvmAbrTmOeFXLFT5pwGGPUJ30-yWXX_0nA,A Google user,https://play-lh.googleusercontent.com/EGemoI2NTXmTsBVtJqk8jxF9rh8ApRWfsIMQSt2uE4OcpQqbFu7f7NbTK05lx80nuSijCz7sc3a277R67g,this game is amazing its good of you guys for making it free. i reccomend this game to everyone. :3&:3,5,15,1.2,2018-12-27 05:03:18,,
gp:AOqpTOH4DUDCG2RNTsMtkp_RApVAye60ZPRTgIC566kFli2C9Cl-5t9nt0rrrlB9iBIdP4kzZcJObdiZUYZD8g,Suspense Week,https://play-lh.googleusercontent.com/a-/AOh14GineFSV0qLJYiQwWJ6uZFASPCvoC90067VH64sjxA,Nice game.more over easily play this game.,3,8,,2018-12-27 02:12:10,,
gp:AOqpTOFWdXzQ9caejFkv13JdxVfU7NNeZTiL87kMichpoqjmdlbLcv5uaF1IfN0H2kn8HUgrBxvEoydWjvWP0A,Stuart Blott,https://play-lh.googleusercontent.com/a-/AOh14GhRRbvbrFli3cjREYM7d5aUWjtgbUyNhYCAKmdMFPU,it was really fun eploring the game,5,5,,2018-12-26 22:20:45,,
gp:AOqpTOEkyMljjVZQGUxts_zHfy_-f4OkpXeVxjVhMbuSHSnI1H7JC3u3m6x1i4OH0hQN9SwwfJylHLhC4rbRgg,K.Jr.,https://play-lh.googleusercontent.com/a-/AOh14GiVMQYPfVb1w4ASCFeT8VNTo4MZWM8Z3uo9JI1LZg,😚😚😚😚😚😚😚,5,3,1.2,2018-09-29 19:22:49,,
gp:AOqpTOHhEcwg2EVuDjBtUJbgvSOtwclZ9PJQGWissHB6JUB1ew9TcToO41gIFltLR_e9iVCxNJvHDppB1Fdx0w,Joy Orvis,https://play-lh.googleusercontent.com/a-/AOh14GjQpEEL1uelZ6YTfA8G8mtdHkIiOqM4CAS3vqy2sg,Can you add a racetrack to the game,5,5,1.2,2018-07-21 17:48:55,,
gp:AOqpTOGXttrgOFWgXtZo9iymjwx_HS1abYMV9ShJdVBya4cy0rrrK5_vpQpN8XqdJ2-rOaLDrNJeCfxIervtEQ,Totally Not Anna,https://play-lh.googleusercontent.com/a-/AOh14GiQngTh51cOB-Cir0-srNVCOBwQ796Gh_Od_uQzGA,Refund please great game i completed refund,5,7,1.2,2018-06-09 10:29:37,,
gp:AOqpTOEsWyE-NStIXQbWv6Infm3KkKX3f6ulDMletW7L2AC6xlZBys4Ac77N_xwVFxpfE8a18t0MIyFHHRa1CQ,Sauron The Dark Lord,https://play-lh.googleusercontent.com/a-/AOh14Giv9D6bEcYKptmDQlMRw4iCIL5ppAi85UwmhZZdXg,Good but there was a bug. The citizens keep on appearing in one place.,4,7,1.2,2018-05-27 07:41:13,,
gp:AOqpTOGflp50rE-2gGUFIylCL0CH66I1JrTa1kIvvVrOo8ITumXl50l82eKCpmYFIUqVGQQLOUssHdKnF88TNw,Nevaeh loves cake,https://play-lh.googleusercontent.com/a-/AOh14GibOy6JVPL6uuwwpumymDaOayPk9OgKj-QxPkw_,I play this game all the time,5,4,1.2,2018-04-28 17:48:45,,
gp:AOqpTOGdaupcrNea1Wu2Jn3w5oU8In51QB2BFUtosfsMGGKH-cuRyohNqES6GFi-S_n8-7g96wo0JkAvXmru6w,møøn_kîđ,https://play-lh.googleusercontent.com/a-/AOh14GhO3sFBygcrl6jfCZ6wRMADKdlSxKOdgQ0JUD0a9Q,Oooooooooooooooooooooooooooooooooooooooooooooooooooooooooooooooooooooooooooooooooooooooo oooooooooooooooooooooooooooooooooooooooooooooooooooooo k,5,6,1.2,2018-04-02 08:30:13,,
gp:AOqpTOEmXkbghN0iCDHc43-XxLuJtiREIXLPdGAjyIsISbiG_pU4vz30CMOZR7yb3E8ydI9qB5Rw2SLcfYLbAg,A Google user,https://play-lh.googleusercontent.com/EGemoI2NTXmTsBVtJqk8jxF9rh8ApRWfsIMQSt2uE4OcpQqbFu7f7NbTK05lx80nuSijCz7sc3a277R67g,thisis awsome i recomand this game i love to be creative and i am so creative when i play this,5,4,1.2,2018-03-16 17:40:08,,
gp:AOqpTOEDGhNjFzyJPwIqc1pDflmQ2Y0LYtWe26Ka6uOXEmvkCVSMevopmVkK_Hk2U-V9L9-jYVMwBnX7ZiWuAw,Elsie M,https://play-lh.googleusercontent.com/a-/AOh14GgPJ0kG6DVifNT9aaiWmWG3L6TT2MJwYHTSfcUPNz8,The most fun part was figuring out the equations to build the more complex buildings. It was very exciting for my 8 year old and I every time we discovered one. Too much fun. We could easily spend hours on this game. Always a fan of Dr. Panda!,5,32,1.2,2018-01-28 12:11:24,,
gp:AOqpTOH6Sop3ut0751JatXJTJQ4OHqF9eqcVvtZUx1Q2pIo0ieF1dE4W5z9wq4XaE2cSGekYGrGa3NjaHpTQdQ,YSN XANOJI,https://play-lh.googleusercontent.com/a-/AOh14GgoreHNBvzixj1eVJS8zTKtavYRvbfqsDYtJafFqQ,I don't know how to make the air port,5,2,,2018-01-17 15:42:45,,
gp:AOqpTOG0c8jKQ9_qtETA8n00-wUyBbzB-2TWYs5lkzhfxIyYzjl1HgP9iSLWwgcnw1ayaQhPFSZgu1B2ZSeDhg,Sister Tubers,https://play-lh.googleusercontent.com/a-/AOh14GiMw-afcy3VCXAuNrjhOxM0ehe9mIY_DBwRCWBrew,It is ok,3,34,1.2,2017-12-07 02:06:26,,
gp:AOqpTOFkb6sf4PkEiBotHuiC9fdP9apkZPO70tDlJtXDYifyALu8_vtNHJe6lvbATH1NcL-kcxY5ehD4zZmjQw,Safaa Fouda,https://play-lh.googleusercontent.com/a-/AOh14GiBPQFY7yKpmYW6PDh_lAjFM1SwpB4ZRIuZ3RywaA,"I paid the money and never got the game. It says ""download pending"" then nothing happens after.....I want my back or the game.",1,4,,2017-11-04 10:18:42,,
gp:AOqpTOFjjAflzTjrPMUfGMLBJSo0-Hjm2A_YmSOaQQDiAOtoR1pAiG_79sz-zhlFMmXbi0kyWgbvMZDxDQiP1g,Amy Bales,https://play-lh.googleusercontent.com/-7PAHIGvurHw/AAAAAAAAAAI/AAAAAAAAAAA/AMZuucmwaI9n0aJwbGdGG_w51rjyd0yv1g/photo.jpg,😊😊😊💖💖💖,5,7,1.2,2017-09-12 05:17:18,,
gp:AOqpTOHNyTI_QXI5izP6005bVWVNgRB7JulQkzt_hSU_JznDUzkNbbwA9FYqtP8C2D_6iVlZ83BF0ZalNELiTg,momo momo momo momo momo momo,https://play-lh.googleusercontent.com/a-/AOh14GhspVi3Xhi2O7mtwxx4sSBBesn6UB6rprdYBXO40A,GHG CH GHG CV get a new,5,4,1.2,2017-09-07 06:27:24,,
gp:AOqpTOHSqNMxe9CuqRkvuhpVWl5FTQ26xYCdh18CpnInqMXfPi4yFLbIhHWM3E5vl_x3Tbv62ks1Y6P9eLiTYg,Jeff Dalzell,https://play-lh.googleusercontent.com/a-/AOh14GhDrBpOkGu6OgavmKX-OMh2BJWs6mq9ZUlpK5_v,The game crashes within a minute. AVOID this game,1,11,1.2,2017-09-02 16:29:51,,
gp:AOqpTOGQErHpsSwp0DrG-QaYfmIwpnp35ZqJVhOT67ojk7ZMCpYrmcqNFzoX6HyqHoaQZ7LtYs4-3NWex83cUQ,Ryan Roman,https://play-lh.googleusercontent.com/-s7tX7VHWTsw/AAAAAAAAAAI/AAAAAAAAAAA/AMZuuclXHQYvRYN6VusAKYAWTvzd3re-qw/photo.jpg,"I can't stress how much I Love this game! If you like sim city but hate paying ripoff prices then you love this game it's far better then sim city  it's had a lot of heart put into it and they go as far to put detales into the buildings you can play in all the buildings, get it . you won't regret it",5,94,1.2,2017-08-16 01:44:13,,
gp:AOqpTOFeHyxxQJI3rFMBP1Ko6dxnpbSyo1OZL-tmwqnXfTFSkQo_XtNu6zztMI4pWPKrVOxdm5J8HI2pya2jJA,sleepy bear uwu,https://play-lh.googleusercontent.com/a-/AOh14Gg27XeXw8uzUmivhh0e7ivsSiDQzKmQ_pYeZ3g4iw,Meep,5,7,1.2,2017-08-14 21:35:50,,
gp:AOqpTOGLdtkaO-J_N1z1fnNEbgLLkQHurC5ClQEiZKyFsg7MhmqE-OSgqKEikxgrcHosWA-f25R0JUwUkUyDhg,Farah Irdina,https://play-lh.googleusercontent.com/a-/AOh14GgAxnm6StOuu2MTHtCOAvWruGoG2DOjGCCoLg72Hw,Cool,5,7,1.2,2017-08-13 05:45:30,,
gp:AOqpTOEJb4Jm2iPasn1onmOaAI0d9_HAU5p_uv3vLGrKu9JQ3JiEf5IzRH8y2HC_epDmLY26rx4tmD8HG6sHjw,the incredible JJ and mat,https://play-lh.googleusercontent.com/a-/AOh14GiTCq-_IBl49o-e6XslXUgHvLsCS0GZaYpmsDO4,Amazing,5,3,1.2,2017-08-01 02:29:15,,
gp:AOqpTOEKc54B-HatTjyx2QX1emh1UzayS_46fSZC7Wod7rg8v2a7XPSVV_JWUnlO9Cd9Lk5BHXWtUlcG3I8TOA,Tasneem Sagri,https://play-lh.googleusercontent.com/a-/AOh14GjAjHxirrs20ZAbuJBy5OfeD5c0AO56DULAcfzFxII,IK THE COMBINATION GIR THR MOUNT ITDS ALL THE FOUR,5,7,1.2,2017-07-27 03:35:59,,
gp:AOqpTOG0lNyuoi7N_6T6MQGDUBMrurS7s3qX1406k8fOE9CPG3QSnmgbXoV5JuWQLIHb7SAPsz7Dkvd1EBKCpA,Arabelle Brooks,https://play-lh.googleusercontent.com/-RKwp-tMYsjI/AAAAAAAAAAI/AAAAAAAAAAA/AMZuucnREduiT0oUGJ3jdXUNDwm5oY159w/photo.jpg,I really like this game even though sometimes it's glitchy. I really dont mind but its a little bit slow. I love all the docter panda games you  guys make! Keep up the good work.,5,3,1.0,2017-06-18 20:43:05,,
gp:AOqpTOEPu8QQ1gUJGKXEbivh3N7nwy2_wzlGAjZdroDXC4A_xQSNeTC3H-cT3LMgVzVaTfyDjhkkO-bG_KiP3w,Greg Capello,https://play-lh.googleusercontent.com/a-/AOh14GjxNd7yg9JaTphkXfiohILYq_S_ccYJq1uirN0M2Aw,It's an awesome game! You should try it out.,5,16,1.2,2017-04-24 15:42:41,,
gp:AOqpTOHKeYBl1j24xGN89AZ7eYkKBDpgxMuPDhOJL2i3x_XQvUhpfuvmuaGMjKn9_CdQ0DJPLzmRTrKecJhB_A,Ieke de Groot,https://play-lh.googleusercontent.com/a-/AOh14GhLMm2V6EU9DyJBP1QVJR7QDkyw5Np2gEgV1gUSFw,When there is A elevator I can't switch off floors please do something. Thanks,4,17,1.2,2017-04-23 22:28:54,,
gp:AOqpTOFMYZ_31NWykdb0sWWUQVaHovo_2BtE6PMZiAq3MOW3Jn6nZWpt2BLw-fsJK-zfG4_J4Vp-jpbiu1Pdow,babygirlatwell,https://play-lh.googleusercontent.com/a-/AOh14Ginaui6eL3s4lF47ye0pK1-y8LlEwj3uHTImJW1INM,"need more buildings. should put hoppa city one buildings into the game too, like, umbrella shop and food stores. good game.",5,3,1.0,2017-04-21 18:10:43,,
gp:AOqpTOF3mTp6JXx4Hht-bEzRJaJutCAOq7JFG6NNlW_4E9I3hX6lkS5uzpoGTEOU__q3qYSF0hgpcGNh3j_qIA,D S,https://play-lh.googleusercontent.com/a-/AOh14GjmK8jfqwcCigspX4DM0g0kCpdtHjIdC9WoMFSLWw,I like it !! !!,5,10,1.2,2017-03-02 15:12:44,,
gp:AOqpTOH-0AKqtDPNlrydkU5CLzhX0XL_vymkTBBI2UeFPVp8mAWobGKBbS2wtC6QlAfjTOJOwlGhtNbiEORiFg,W,https://play-lh.googleusercontent.com/a-/AOh14GjngQSu6ivWYNhAUbAURgaAVZYD1aHl6xDBlzfyvQ,I downloaded Hoopa city 2 And i thought Google Play was updating the app,5,21,1.2,2017-03-01 20:14:18,,
gp:AOqpTOHScJGumw33KlEK2Xtpn4-zn_kdRO87MZoVGC8F6odjG9mazUsHvCUooyyokUdKWHe7FK-ExZdGw2y10A,Rina Itupun,https://play-lh.googleusercontent.com/-5ox5Ma25cPw/AAAAAAAAAAI/AAAAAAAAAAA/AMZuucn3zC8Y4hQqi7qr2oQnDxy2Hs6fkQ/photo.jpg,This sooooooooo good,5,4,1.0,2017-01-27 20:30:40,,
gp:AOqpTOGYyHpSc6XiYxfGRzSi6tNP6p-I6-sN10LUIxPTdthDjI_EdO938MtxjJU6LPJldvjbTKIziQVHhIjrfg,William Richards,https://play-lh.googleusercontent.com/-ncvW-lDhXYM/AAAAAAAAAAI/AAAAAAAAAAA/AMZuuck_41W_EgGEvFRrHtyQ79yM6WHRnA/photo.jpg,It's great but I don't know how to delete,4,6,1.0,2017-01-13 20:56:33,,
gp:AOqpTOHNBMZYuxbjfoTrtoFLu_2fkuDnwb_alIq9b57N1u-ymXLzvnbPrMbcCbvOi5ET8ZoyidYTPl_WhXzPmA,klara lacoss,https://play-lh.googleusercontent.com/a-/AOh14GipKpRsgoBQYMrzlFNcp4jxBqeVxw_Qfgsz61xiLQ,"I bought the app on my iPad and it is amazing, but on my phone it won't open.",1,7,1.0,2016-12-26 10:30:43,"Hi, 

Sorry to hear you're having issues with the game. Can you tell us more via support@drpanda.com, what model devices you're using and any error message that might appear. We'd like to help you as soon as possible! 

Thanks, 
- Dr. Panda Team",2016-12-27 01:03:43
gp:AOqpTOGZJr-VAGadOLC_g2cEs_XPdA9vIMtN1upbVFMv1diWP5bROVSgXQSv_8km2i5nlrHL6UrxitGTtvHzwQ,jose lima,https://play-lh.googleusercontent.com/a-/AOh14GhULQJZNc2SL26gZK5suTOBScviA73TNtOuXDRJpA,"This has to be like the best city building game yet. I love how you can go inside the building and interact with different stuff. Make more buildings, like a carnival or hair salon. Great game anyway.",5,4,1.0,2016-12-25 07:03:53,"Hi Jose, 

Love reading your comments, keep posting new ideas we're always listening ! 

Thanks! 
- Dr. Panda Team",2016-12-28 21:59:14
gp:AOqpTOEc-MvOq4HqfdKSQcxW7HRPEswucHqBPZROHeEYSJw-3T1uE587qX7ri4Ly-IKigjvUgVXndXq_uEwsCw,Karim Hefnawy,https://play-lh.googleusercontent.com/a-/AOh14GjDaEvlf28EI_wx9OPv6YHZdRE2CKHy0JQaoyq5ng,👍👍👍👍,5,6,,2016-12-24 02:59:28,,
gp:AOqpTOG0Yly3r1LkUD3mYw2NUA0jjnHRjFx70tcvtGPsZonEnHVzd58bRbtS6qsTS7jdo6-O3MOk7BWJ2Z-lpQ,Kerry Wright,https://play-lh.googleusercontent.com/-i6t5bvBoqDw/AAAAAAAAAAI/AAAAAAAAAAA/AMZuuckCxIWeYGh24Nb8vh-IV2KicbrfZA/photo.jpg,Looks great.,5,3,1.0,2016-12-14 11:19:06,,
gp:AOqpTOESdIm8RLpAb9IoueXZo8gwRYJHkD0_CgGO7l68BNQrpzH8ML8muXboWP-OAKwoaeag8ZFp2Rhr14Yldw,Chloe,https://play-lh.googleusercontent.com/a-/AOh14Gjmxj-b9VgA2aParN5ilCa2LvPo63uLwVxgco21bfQ,"Downloaded the game and everything was fine, but it will not open.",2,5,1.0,2016-12-08 07:17:41,"Hi Cloqi,

Thanks for getting in touch. We've updated the game, this issue should be solved with the last version of the game. Can you try updating your game? If you're still having issues you can contact us at support@drpanda.com. We'll be happy to help you. 

Many Thanks, 
- Dr. Panda Team",2017-02-23 01:05:25
gp:AOqpTOFdOoDOjxTUMf_P5QACdklRutpRLmsNys1srKCnjYjQVTBvQNbfgIcSBAIFvv7XTtRxMTpO7_VeIJu16w,Ramona Krohn,https://play-lh.googleusercontent.com/-4cHWJw32ZhY/AAAAAAAAAAI/AAAAAAAAAAA/AMZuucnaY3gUdxsHPrYglMk6prpNayUblQ/photo.jpg,My kids and me love both versions. It is fun and creative!,5,5,1.0,2016-11-24 15:24:05,,
gp:AOqpTOGTazRsjJ1jyiV6OnCgRcfZZKBS1fuQ5qp1cSvTlMp2pAXMouhEHCZA6YAKhVqN0q4GMTF6_ZAQKnbhXw,Nico Pogs,https://play-lh.googleusercontent.com/a-/AOh14Giqm6Fr9xCsoY0YCxiEAIHQwa74tk6nkWAxdD76,All it says is unfortunately hoopa city2 has stopped this games sucks! Please refund our money back,1,6,1.0,2016-11-23 04:02:02,"Hi Nico,

We're sorry you experienced this problem. We've made an update, this issue should be solved with the last version of the game. Can you try updating your game? If you're still having issues you can contact us at support@drpanda.com. We'll be happy to help you. 

Many Thanks, 
- Dr. Panda Team",2017-02-23 01:25:43
gp:AOqpTOE0db6O0BXbX2OnCX9taJ3JN6nA3oBcRqS2LA1sXbM5k_BkKlA2a1YFeng3QkkUAKEzBZcpxJ7_M0HPRA,Tina Dearing,https://play-lh.googleusercontent.com/a-/AOh14Gheq5miX3jTEZglQHPOl8VY4YfQizwgrQUlpDJj9r0,"I downloaded this game for my kids and they are going to be so excited - they love the puzzle aspect of discovering the buildings in the first game as well as the sandbox aspect of building their world and destroying it. They love the characters, and in this game they are able to interact and follow them further! My sons play the first game with each other and tell each other stories about what's happening so I can only imagine that they are going to have even more fun here. My kids are 3 and 5.",5,37,1.0,2016-11-23 01:10:07,,
gp:AOqpTOGl3QrB5JjaU1TFLIwhjbdHhOZa4KSU62a-YAyjwr10aq6RqS3QKrDxHd7DTaMHRDTyq183aYFQe26oJg,Michelle Yepez,https://play-lh.googleusercontent.com/--ZzgXlhze_k/AAAAAAAAAAI/AAAAAAAAAAA/AMZuuckj28OF4sKDEmswCidyQH4yuG9Fzw/photo.jpg,It wouldn't start!,1,8,1.0,2016-11-20 13:58:02,"Hi Michelle, 

We're sorry you experienced this problem. We've made an update, this issue should be solved with the last version of the game. Can you try updating your game? If you're still having issues you can contact us at support@drpanda.com. We'll be happy to help you. 

Many Thanks, 
- Dr. Panda Team",2017-02-23 01:26:07
gp:AOqpTOHV57Vu04XdTB2dI_bGiUndxMhic3V2sWlZ_4uR7yFo6HTatjWo1o3nf0w-60y_8E_EaFG6MNw0Uu3N7Q,dork haus,https://play-lh.googleusercontent.com/-W0MO0o5vOaI/AAAAAAAAAAI/AAAAAAAAAAA/AMZuucncE9WDLtInRPaf_JtGFycg4O57ZQ/photo.jpg,Samsung tab,1,8,,2016-11-20 09:34:10,"Hi Dork, 

We're sorry you experienced this problem. We've made an update, this issue should be solved with the last version of the game. Can you try updating your game? If you're still having issues you can contact us at support@drpanda.com. We'll be happy to help you. 

Many Thanks, 
- Dr. Panda Team",2017-02-23 01:26:19
gp:AOqpTOF80O-nTMwHFAcBBMYQnvP4aADXlyT5LQ_MvU-TmRBdrGw-CVc0-tuFt3jnaMC0hutY342XAFgne1DQTQ,Stuart Frost,https://play-lh.googleusercontent.com/-8AM97A2eu5E/AAAAAAAAAAI/AAAAAAAAAAA/AMZuucnK5vQ83ZrQJzycZycNLc556Cicnw/photo.jpg,Title says it all,5,6,1.0,2016-11-19 05:43:34,,
gp:AOqpTOE2nGHIsQxWh9fGCDdp5RTaDVcsfnD6_BW85eBki-tXVibaWSj2iy88cQSrWf6rEN1UW3eHw1KRp6mt9g,Amanda Martin,https://play-lh.googleusercontent.com/-wwVmiRMkyrk/AAAAAAAAAAI/AAAAAAAAAAA/AMZuuclUoi4BQ8NiY_tihnrL_aNlzsSDDA/photo.jpg,Didn't know that this game was out was very happy to get this one  didn't see it in the new and updated game list for some reason but came cross it looking at a another game,5,17,1.0,2016-11-18 14:35:53,,
gp:AOqpTOEfobegNVfHGnM6EACxE7bL6tueNTQvvQYIyZYkkrDx8_PLcS5FkTQKtHd1t2YmabCSaFVhGJ_1hKRiag,Paul Sandberg,https://play-lh.googleusercontent.com/-2dGtflcsOn0/AAAAAAAAAAI/AAAAAAAAAAA/AMZuucnRhBX5TTI694zMa4ITpC7kMts2Kg/photo.jpg,"Randomly zooms in, then stays there. Won't let you pinch to zoom out and see a panorama of the city you've built. Very major bug.",3,11,1.0,2016-11-18 09:37:36,,
