reviewId,userName,userImage,content,score,thumbsUpCount,reviewCreatedVersion,at,replyContent,repliedAt
gp:AOqpTOEVKiqkjckTg5SdO5aDnjGiQ_rym02o4_exYSlPzL235QQovuWGWNuwvAbF_Cse1j3lcRMy36Sh3wWmLvc,Kumar Rajmani Bapat,https://play-lh.googleusercontent.com/a-/AOh14GjjqbOqYLUAi5CUIlR1BXmTQUzJOX5WybjHRzAqAA,nice one,5,0,,2021-01-25 11:00:58,,
gp:AOqpTOFQFEurEmi3t8nDCGHfY4b7GCGCZbyarwx3adQwqKP9ebUnJn5K1BpSx1s5-RdR0by9ixRYsdsFwZW0npw,Justin Soodjinda,https://play-lh.googleusercontent.com/a-/AOh14GiEQ9zLy16glXBjkLPZH538ANoyS938uSgO4PVdXA,Working well for receipts,5,0,3.2.8,2021-01-25 02:27:33,,
gp:AOqpTOGtw0i8DEHt7lwXQSvOZmHLSFpZuQBw8sR-OKnCoA41m00mjuq4mEh1vJpUQHz72BbP6bR3seenUFs3StI,Northlandish,https://play-lh.googleusercontent.com/a-/AOh14Ggpz39i9ajABVnBQSDgFSLn-Ao_pvMrpg8Ppofaxg,"In June of 2018 devs claimed that MEGA cloud support was in development, but even now, December of 2020, nothing has happened on that front, which isn't good enough. Another drawback is that when you upload a .PDF to OneDrive (the only cloud upload I've tested so far), you're not given the option to choose where you want that file to be stored, it's just uploaded to some unspecified location in your OneDrive account, which isn't user-friendly at all, as you then have to waste time locating it.",2,17,3.2.8,2020-12-09 04:34:45,"Dear IBV,

Thanks for your feedback.
SD card will be supported soon, and mega cloud account is in developing.

Regards,",2018-06-03 20:27:05
gp:AOqpTOG4HJC2he9nr_t1LoPTIWoBQcltE_Edys5VQgeqimJcUpBkcBH1kuhB95Rh3InCSb14DURD3BwjfZQicsg,cynthia trevino,https://play-lh.googleusercontent.com/a-/AOh14GgekoiEV9CNVczzamhJUWCUH1WeMgkrw9CrF315zg,The camera is blury. Document doesn't come out clear.,1,0,3.2.8,2020-12-05 20:42:14,,
gp:AOqpTOG37Nh_KQ5qTJUZ0X7tOx5PZclmEMDHDXoyWFegRshFlE5x3-HkBpZDM7JyF02M4yQd21q5JE5D0LP0hys,Shane Vallery,https://play-lh.googleusercontent.com/-AkKAm8cnPEw/AAAAAAAAAAI/AAAAAAAAAEU/AMZuucnCe_FXwZ_2W4xeTIg_64-6y2n_gA/photo.jpg,You can take photos and convert it into pdfs. Sometimes the edits can get a little screwy but overall this is an extremely solid product,4,5,3.2.8,2020-10-16 15:50:42,,
gp:AOqpTOGrBLk8L0DHkaiDEwoK554TKDYeuwIE0eJRNiD9xR_-Y4OPrYG1623JAQTAjp50x7WduiYgPWSmaQ3ssr8,TechnologyEP,https://play-lh.googleusercontent.com/a-/AOh14GgjOefxYDtJ7AkG6zQjIXbZV_WwldtR5GU5N9h0aw,Easy to use and quick,5,1,3.2.8,2020-08-21 01:41:56,,
gp:AOqpTOGTZIwX0yTVxDINCKoHapG3G4CfyzH4E6YpYIiUEXPfEOgTkhMXKq5EYjK6xexewzRnQgfRwEfKKwlsQ94,Ramaz Talebi,https://play-lh.googleusercontent.com/-7s8NQ0rfedA/AAAAAAAAAAI/AAAAAAAAAAA/AMZuuckECUGhk0R4le7wu5SCtG5W5hEWAQ/photo.jpg,Am using easy scanner Pro 2 years am happy with this app Thanks,4,1,3.2.8,2020-08-19 02:34:39,,
gp:AOqpTOGCKa6qLA5LPa1xb8fuIJ_OCnbNVyg4RtmO41eotxry8Mc4T9brU4KWRgwVAJlid7vfKwXnt6RTGiFWvrc,Office files,https://play-lh.googleusercontent.com/-hnUP-kIOs3k/AAAAAAAAAAI/AAAAAAAAAAA/AMZuuclwtrT5d50JpCyzZgrbSAzDd-Pn2g/photo.jpg,Best,5,0,3.2.8,2020-07-16 18:58:04,,
gp:AOqpTOEk_gWIpfPNw2ouzIGw-Z9EkDNZUnHqaEaD6DLKG8M-HKC2XQQJET6MMyxjgM4tdhiPbaiyIih_SadYFuQ,Gigi Silk,https://play-lh.googleusercontent.com/a-/AOh14GjOmHjfiXJLefxzy6xAOF8jAOgXMRTCjQV6i6lKZA,So easy to use and I love the feature that you can edit and adjust the document setting from the app.,5,5,3.2.8,2020-07-12 15:42:01,,
gp:AOqpTOFPXQC3oQppExOaGmrCDE8Q0yPSIX-fWSnA01ptCHNqol_5xs08QGeydvBalRAiz2e91OhPMPPE-355nSQ,S Arya,https://play-lh.googleusercontent.com/-mW8VrYROt8w/AAAAAAAAAAI/AAAAAAAAAAA/AMZuucmCgqvBHV5TchzOK0sFjzEsMaKFTg/photo.jpg,"Great app for scanning, no need to buy a scanner.",5,1,3.2.8,2020-07-11 10:40:11,,
gp:AOqpTOEqw2u3UNSv6YSB6WNYWbjU_UQ3bLqVRitzQxQkapCF3W3X723mTdG4izlDiuE-gzO7UVcFMvOD8bsCL2w,Sahil lath,https://play-lh.googleusercontent.com/a-/AOh14GhQeO9cNgUcIHaWe_IyWn8ZWt_nB5aWaYo2q2xF,Kindly Update 🙏,4,0,,2020-06-29 17:49:28,,
gp:AOqpTOFHjS8sJfOS2a81anYZhxbzuo20SdJMgQ2TDNuUPvJoFM2pDfcxv9D-BT59KEvI2wZV4islfcq3hO_RIIU,Pavlos.M,https://play-lh.googleusercontent.com/-MFc5MLtqRB0/AAAAAAAAAAI/AAAAAAAAAAA/AMZuucl666s99IoCxNYeCj5-bf1cN26mZA/photo.jpg,"Fully satisfied, amazing job!",5,0,3.2.8,2020-05-13 03:34:59,,
gp:AOqpTOEVFmV2rz6Xacq7tEs_5TqwTpOYyQGNhvQYsQObys7L6nrQxdWNazqizf1YBIZsi-w4GyQ1_cGDI2H--zc,Mario Ivanković,https://play-lh.googleusercontent.com/a-/AOh14GhJKC9IqZRkdzyR2PCORC5myWc4U9cskI8XJtzD,Great app,5,0,3.2.8,2020-04-29 09:17:32,,
gp:AOqpTOFYJkgcsPF1h3AMQ2ZvTHxYZJsqyVce5XvdNlJfX9U5ddzJ74NKAaDnP_ABtkva6sArpOuBI2wH3xYLE38,Crafting World,https://play-lh.googleusercontent.com/a-/AOh14Ggo-FUcX3bEIuoBK0r0wgmTHR7sB-4TA0euna5Cpg,Best scanner,5,0,3.2.8,2020-03-18 21:07:22,,
gp:AOqpTOFZDpW_giVFkzKeNQR94QF6iZCLFlV7dx7z6y92PskBigUc1yFgU3tBqm6HU0URfpdXwbxngPNJ23DEK2A,David Doherty,https://play-lh.googleusercontent.com/-4mkiucQXZaQ/AAAAAAAAAAI/AAAAAAAAAAA/AMZuucn5l9WibIvZUDOcDIacA68ZxMxvgQ/photo.jpg,Not as good as the apple version,1,0,3.2.8,2020-03-13 15:08:22,,
gp:AOqpTOFH9KgSC2UrDqJOl3s6q8XAiys4nH1RG-ASwB57e9TBCdW4q7-qFqz2KLWYFzGo2OGD28TncbK5nJf7Uek,Juancarlos Avila,https://play-lh.googleusercontent.com/-A0WS04R2Ujo/AAAAAAAAAAI/AAAAAAAAAAA/AMZuucnD3iElslXKA5kDb6stY-zFB34YyA/photo.jpg,I have a lot of trouble trying to take the picture and them the image quality it was very poor.. need to fix the crop...too ....thanks for the refund.,1,6,,2020-02-28 12:05:08,,
gp:AOqpTOFx1SeIfKZMGy5q-ChCzTCwjlH9h8V_iNFqqai3sImmVrJlzy8ZMawCtH9TPD-0U9koMoY-07zYVsRuWUo,art greenough,https://play-lh.googleusercontent.com/-MRXUFOk2VdQ/AAAAAAAAAAI/AAAAAAAAAAA/AMZuuckUKQueq6la6oKLpIJHmr8v9W1FnA/photo.jpg,Awesome app,5,0,3.2.8,2020-02-22 18:18:53,,
gp:AOqpTOEjbT-bsqKLTc8DxVDE7bRjRV2luyr3EkaB9zHLjiRpVtxL1RvNo-eIpatYxYCuuKTHdX8KUh7BgOTZ_ac,Palemoon317,https://play-lh.googleusercontent.com/a-/AOh14Gi0WH5wjqgygnEviul2f2gCiBHkhlFVwB4rqP8zUA,need zooming feature while editing,3,0,3.2.8,2020-02-19 16:23:04,,
gp:AOqpTOGrphMtn0rQ7OttDeqEUkFpAK4mRv6JOJycK1pdkpuYxzIY1j_BSeKTxjR2bvAZsLFoHjLJnK9DRjaSOTI,Marcus Vo,https://play-lh.googleusercontent.com/-7oj_Oxg6Kqo/AAAAAAAAAAI/AAAAAAAAAAA/AMZuucmRLXbCAEsoYKZZJQu4NLgSisBRzw/photo.jpg,Great images scanner app!,5,0,3.2.8,2020-02-01 13:26:00,,
gp:AOqpTOGN27IkztL2oihMOqo183FG_75Z0uv0ndQW26eD-uou6LD0kSwzACVuGSvr2ENYxq8_vIeta74Aydd9ApE,Rachel McKinnies,https://play-lh.googleusercontent.com/a-/AOh14GggNkBwVvXysKuhlGTYfNVVfBNMIrm8GM-TnJor,Super easy to use.,5,0,3.2.8,2020-01-31 06:48:51,,
gp:AOqpTOHo45aQ1l-1Fcia8M2VEWqup5JanugBs8v1nTQbck-KxpIZkhHIQ24OPCi2zoDUzhEekG4AXa8SpBYt63g,Dirty Ramirez,https://play-lh.googleusercontent.com/a-/AOh14GgPzrzdNYwu4TwGiBrN_BHoXBcuoOc9bZJ6ju4C,"Doesn't worth buying. Because: - Doesn't have middle handles for crop quadrangle. - Auto crop is terrible and unusable. - Rotate icon show rotation to the left while it actually rotates right. - Loud sound by default - I don't even want to dig settings to find how to turn it off (if it even possible). - It's enough, deleted it. Dev, take care of your app or delete from here: it is a trash even amid free apps",2,23,,2020-01-06 22:59:42,,
gp:AOqpTOEBYJ7Sv8IFhzia3WMvEhhdhcxxTk5o-bSOG58UeVNqWxJiLnBVAwujMD8b8PCnDSNWwIiDvtgmnUT7FWw,a. cristo,https://play-lh.googleusercontent.com/a-/AOh14GgipBXLG7QaD_arVnAyk8v2He9-ky44uvZ4QLA4nQ,Wery good apps.,5,0,3.2.8,2019-12-31 08:38:12,,
gp:AOqpTOE71igMHqMQmjIEVF_gjr-ILefrdxL_cwuS2vYZpFEb_uRyrn-7RQnXCT0u1Hbpg2kmIufhVuzcyHsJfs0,Michelle Bellinger,https://play-lh.googleusercontent.com/-y2c30wuogqg/AAAAAAAAAAI/AAAAAAAAAAA/AMZuucl7coAU3MwQLjxy3FqV0X0iIOJqoQ/photo.jpg,So easy to use. Love it. Best scanning app I have used.,5,2,3.2.8,2019-12-15 19:41:29,,
gp:AOqpTOEPGi6iJxsHfp0txmg6K1knK8l3ggheLAp5IU3T0slzceWeITLKB5gZH1oo1Hz1tMIusjdT6fBQrAKOf94,Marius Johnson,https://play-lh.googleusercontent.com/-WpPfu6pu7HI/AAAAAAAAAAI/AAAAAAAAAAA/AMZuucmq7dLIgm7mrHBf4WqFWX5TeKXRQw/photo.jpg,Good,4,0,3.2.8,2019-12-12 00:05:15,,
gp:AOqpTOF2WkW5ur0HSW7n1zr-nxy4hhR6qPeYnPtsfSEWOJib5yAwj0dueH59n6eWsSZcsgys8VYTM7jKkLsoNxQ,Sai Saiedfar,https://play-lh.googleusercontent.com/-xZggGpGDwh4/AAAAAAAAAAI/AAAAAAAAAC0/AMZuuckhNd6YM2iv8M2GipFmWPKp70aY3w/photo.jpg,This is my new default PDF scanner. Great app,5,0,3.2.8,2019-11-21 17:38:39,,
gp:AOqpTOECiD01smzk5LdmvRjFzQbfOhloyXkAk-Ga5brv-9xcPHW39bctgFpecY3rQ9-46Y4KEyiH7lbkqrkTSns,Santiago Franco,https://play-lh.googleusercontent.com/a-/AOh14GiJGjb4bIkMRO9UfwsYhDag9Z1rvmBmsqpsyx7NA3c,I really like this app. I only got it about a day ago but so far it's exactly what I need,5,1,3.2.8,2019-11-20 14:25:38,,
gp:AOqpTOHYHAwxVF5akYyMl-DuczWkfbg4QLhX6xhLI10OR233I4KNTMxmMjkcNlFbWgW0gujPAJ0EM-unucR3Fvg,Richard Trammell,https://play-lh.googleusercontent.com/-yxIIUI9-bdg/AAAAAAAAAAI/AAAAAAAAAAA/AMZuuclWpJxvKusrAdv8MmUOmv9rlKRuDA/photo.jpg,Easy to use. Works great with my Note when working on the go. Strongly recommend,5,1,3.2.8,2019-11-15 03:47:33,,
gp:AOqpTOGLnJSD1k24T1AJ_wFqYrsTgG1KjJvJmG8K5ZuSbh08JgDw39vrVfoaSE2RQKjvQusSGBp8kHeITIy4JQQ,S Gabriel,https://play-lh.googleusercontent.com/-ZVZpMAsVc-Y/AAAAAAAAAAI/AAAAAAAAAAA/AMZuucl6GJXKGQ8w0QBVyy6IZ8-ZKxkmPw/photo.jpg,"Worth every penny, does great quality scans with lots of filters, as well as so many options like re-scanning a scan - awesome! And I was thrilled to find that the text recognition is really very good! 💗 Just one thing I'd like to suggest - My Pictures folder now has over 150 folders, each containing single scans! A separate folder for them elsewhere, like in DCIM perhaps, would be so much more ideal, and I would really like to have My Pictures folder back! 🙏🏻 Thank you! 💗",5,36,3.2.8,2019-11-09 11:10:55,,
gp:AOqpTOFnE9FR_rcKKqgDvJyqQ9a8mXA22JB6oDWKh19Wuq5ZzclOYl1GoUu6LzhPb0eU5Ocj_D2sTn8TI4RMHQo,Justin Hocking,https://play-lh.googleusercontent.com/a-/AOh14Gjji9SrNNAaqHYx4FMLH1E87_YbrJ-udWRPBVb4,Works as intended,5,0,3.2.8,2019-11-03 09:51:23,,
gp:AOqpTOGWCWP9Vv4MaBJEgpdxNJ5kvcuPmioSB_VYN7-2E_coOJZryYyJuDoAkFOE-HsAJkCc9_3R3nBPRJow2tg,Scott S,https://play-lh.googleusercontent.com/-qilHdKgr4CQ/AAAAAAAAAAI/AAAAAAAAAAA/AMZuucmhdP8wVtQPeXXzj91X5sXBt7sJ5g/photo.jpg,The quality of the documents are terrible.,1,1,,2019-10-31 11:13:51,,
gp:AOqpTOGupBJ4tVsKrzcMgU-Gyb88jnWNiULcUWU5K7i_ZtBZWnLeIxOaJGYfQBh3l0GI2Etg0tQ56RuwHwObCpU,Oleg Kuperman,https://play-lh.googleusercontent.com/a-/AOh14GjfSruo88rAR2tLyE1obmEuggwW9yY8o_TmL4RJ4A,Always liked this app,5,0,,2019-10-26 06:33:19,,
gp:AOqpTOEBApu_woQrBrHmkidvRjeyXAtXEcn-3rwzi_ZyHRB-4edgqYrYsKwr5Lnfof3ZJhkZ8QyGn33355g5gA8,MIGUEL HERNANDEZ,https://play-lh.googleusercontent.com/a-/AOh14GhJ-uoptl5s1wytm4DXs8s_3-ZRZmnzRu1CFfYrjg,Is unbelievable helpful to keep me organized!!!👍,5,2,3.2.8,2019-10-13 23:04:05,,
gp:AOqpTOFxNRzVqYr64cGzyfb6aCaf69CVXsgdeypm21_VvY--jDhPtjX9Yb7SCc2nEib1bpCiBMlnF-vDjsZ0XoQ,Britt MacSween,https://play-lh.googleusercontent.com/-nIEHHzRDCEo/AAAAAAAAAAI/AAAAAAAAAAA/AMZuuckj3pJV-uUCuccTVtxNusErY97jow/photo.jpg,"I ended up getting a refund within 24 hours. I am glad other people posted reviews because I knew I wasn't crazy. I know how to focus a camera. I'm scanning documents and contracts and need clear text, but no matter what I did it was blurry. Kind of annoying considering it's the most expensive scanner to PDF app. Should probably have better quality if you want to be the most expensive.",1,10,,2019-09-16 14:06:53,,
gp:AOqpTOH58c9uJocW5_u-yuz2qBiIXPOxp2wFfHbm7y0EzDjdy7JUf7kVqKVUFbEyhKFJ9lKWHFJVDo4inAqBO7I,Andrew Baker,https://play-lh.googleusercontent.com/a-/AOh14Gj7w2-WVzT2nv8BZtkB2BnUfoDvIwWNYu5IrZrB0g,Not being able to add pages to a document later has me looking for different app.,2,28,3.2.8,2019-09-16 07:51:36,,
gp:AOqpTOHUodHm7UNNrd4kvfowYbGnlSe3Bzc9-OZuoyoNuFrmUaYNe_ysv6hTsm2uACdHkfeed4FwMKVhl4QJ9jI,Herbert Sitompul,https://play-lh.googleusercontent.com/a-/AOh14GhnqwJGOqpowacfnA0JcWeluze3abZNZxku6HZQJg,To me the application good working and help my activity.,5,1,3.2.8,2019-08-28 20:33:35,,
gp:AOqpTOHYB5SAVIAX8cFrNm1WgiOpiuJjm3AFQJohBAyjxriaOYXGvrJAniOIskdQBQhj0adFdB3w03NmXbszdVk,inessame,https://play-lh.googleusercontent.com/-YFuT4ugZhBQ/AAAAAAAAAAI/AAAAAAAAAAA/AMZuuckiptonBxTJNJIf4Sew6NfNcHb1Xg/photo.jpg,Nice app to scan.,5,0,3.2.8,2019-08-25 02:49:17,,
gp:AOqpTOFfO-EW3q-45HZoxLpw7BRRG1dvfL-M89n0riaL0-6twSs4r9hLirS--LJSI5ayllCLeE5PVXbJv9H2b4o,Dan Mizrahi,https://play-lh.googleusercontent.com/-IG9JLfWqSIY/AAAAAAAAAAI/AAAAAAAAAAA/AMZuucmndNjK8GJiSCgnZNB44oUNi8vJjA/photo.jpg,great app doesnt requiere suscriptions like others its the best one,5,10,3.2.8,2019-08-19 12:18:43,,
gp:AOqpTOESy7rwdxwE-VLGtREhwzkmHH93_fIXKIPJSejBKZztrw4lquTs_fMRbA2NEo-PrZ_qgMW57rk0WaHdGNc,Richard Hansen,https://play-lh.googleusercontent.com/-t3qky2bj-7E/AAAAAAAAAAI/AAAAAAAAAAA/AMZuucnSZ2f3gJ-llGzd9JoRt0xsHHNIPw/photo.jpg,works great,5,0,3.2.8,2019-08-16 14:46:23,,
gp:AOqpTOGdDNCC_DAn5VY7M9it4VT9xUFuc7eOeD2_mRHgPDaE0_jp_MtOjj0Zqoh34BNHFqYWCbdNmq2UiW9v8jY,Cecilia jimenez,https://play-lh.googleusercontent.com/-sZBPiHqrGho/AAAAAAAAAAI/AAAAAAAACGY/AMZuuclHjUMIxaDsOKbjIlzNu-yGKpAxPg/photo.jpg,Excellent!,5,0,3.2.8,2019-07-25 11:17:58,,
gp:AOqpTOEajdPqQcxc2BHAv2bxxb_bC6haDVK03pvqv9F_UxBTtEopCRu69HXLvSS-m3T8dIk-Kf513A4noi0-0Us,Nurananto Ananto,https://play-lh.googleusercontent.com/a-/AOh14GiomFnjV704-6_iXigHBSlQ61FOkYA2Ecr81qAe8A,nice app,5,0,3.2.7,2019-06-29 20:26:46,,
gp:AOqpTOF9t70YwypMuhlrzEusozwuUiKcHz_4_bcO5sZDvurAAKPXtDdfigpWgXTM-5yQOeNhVqRRrL2EmWZF1mw,Mustafa Toktas,https://play-lh.googleusercontent.com/-nhR2fFlMrlY/AAAAAAAAAAI/AAAAAAAAAAA/AMZuucn8bnr2dGMHKVRnHeBABwGW6ykKWw/photo.jpg,Very useful still 5 stars,5,2,3.2.7,2019-06-15 05:58:57,,
gp:AOqpTOGxDqPsz5XmXl1SUfcU9lnVOJv0QkAgjCSsriAi9EnZHTVCazB3lPAvqTZKq75vQTLvvOncPg-wtOA4SRE,man oj,https://play-lh.googleusercontent.com/a-/AOh14GjGqtSaNthY0aqO9Fp0PBgFMo9PCPFgyQa4lqrluQ,Good scanner,5,0,3.0.3,2019-06-14 19:33:12,,
gp:AOqpTOHmi38YAIbZ8Wn0-NQYCHUg-omX4Aw3yqxEtX16yz-wDlsN-_bTdB_DfZDJnioiv_h70_LjOB2qBjsWDYk,A Google user,https://play-lh.googleusercontent.com/EGemoI2NTXmTsBVtJqk8jxF9rh8ApRWfsIMQSt2uE4OcpQqbFu7f7NbTK05lx80nuSijCz7sc3a277R67g,Nice cropping facility and saving as PDF why No option to select what folder to choose pictures from? there seems to be no browsing facility. Only scroll down endless pics in completely random order. Settings should specify for example DCIM or SCREENSHOTS etc.,4,13,3.2.7,2019-06-12 21:47:05,"Dear,

Thanks for your feedback.

The picture in gallery is now arranged in time created order. It mean newest picture will be on top and so on. This is same concept as FB Messenger.

Your idea is great and we will consider to add it in future release.

Thanks,",2019-06-13 20:37:43
gp:AOqpTOHDnOFKjiSG7GoSbIFQdlTv-n7tiTGaMWhvD4SZTeR_L29bgN_iGgPoXav4DWlOMeE-hy66rTByC5qfcoY,Sheila Pack,https://play-lh.googleusercontent.com/a-/AOh14GgeITQZzE7hedmY4kLF4xmUlyy7tVvTyNFoQbSj,"doesn't work correctly, doesn't detect edges to correct proportions",1,4,,2019-06-08 03:22:22,,
gp:AOqpTOHqp0hSdkyFTLJ4-rsqRPrnNG5cNdvUMfF7u3BCyVCWCOaiN50gU0tykWU-4WjrHFmia9YFUasdas1cseE,Nhung Nguyen,https://play-lh.googleusercontent.com/a-/AOh14GjTxgKFvCoNO6KyRRjtYMkf1yGij14zPrjZ-KHWMQ,Useful app for me,5,1,3.2.7,2019-06-07 08:10:22,,
gp:AOqpTOEPvVuOdnOhooxeL9Emnx-8Z7WS9zcouGnYMK_ekFYnlE3o9QPjxc671U14_Lbnjbx9N55mGJg1-HplvWg,Ricardo Lepe,https://play-lh.googleusercontent.com/a-/AOh14GgacmhpP6O2Ld79sBbPp8yQHGfYbUbDveq75YA2oA,pictures are not clear,2,2,3.2.7,2019-06-04 23:07:50,,
gp:AOqpTOFLh4uHTUDpJrZC4E2d-ug6wJ-pFQdSiYl55UBtEQyahJWlI-pqngNewjGmfDbwyiov4rqs3EqoeZIgLeM,Brandon Whaley,https://play-lh.googleusercontent.com/-lmq6HWMcSj0/AAAAAAAAAAI/AAAAAAAAAAA/AMZuucmZ7Vpbz-kWYnwZxlj78vpZq6RaQg/photo.jpg,Quality in scans is okay. I really wish there was auto-cropping though. It is very inconvenient to have to crop every scan that I make. Especially after having to pay so much for this app.,2,7,3.2.4,2019-05-24 13:57:43,,
gp:AOqpTOEmXMoXLfToZW3WV9nedctkbig2K5PCDGZyaatftzdvtw7gQekTt10nLhs8yzRtG3Y2nwfY8vf6RXQtiJ8,Gilbert,https://play-lh.googleusercontent.com/a-/AOh14GiOlvdgLwLyOupP2_MFdBHKteHkkjXcL0z4sBB6pw,great app,5,0,3.2.3,2019-04-24 12:36:31,,
gp:AOqpTOEd7D-vpBFoReA39PHGXQml9ZgG-k-4OO80pV8u2oBGuLFtvqB4GKZU4Xz0JJyQnAkparMC0tTY_UfQ2TI,Nayellin Reyes,https://play-lh.googleusercontent.com/a-/AOh14GiDmz8uUgTwC2lGBhLbR4ccEdzG5YoXMT5DriaN,excellent,5,0,3.2.3,2019-04-23 16:46:16,,
gp:AOqpTOERuIS9lGo-6Ec87wFEjTIUs-b_vmfcE2g3bHIIqD__lFV5h_WiTa3eT4SPnsiTN1lmQFmSKhba98iALv4,Breanna Beem,https://play-lh.googleusercontent.com/a-/AOh14Gh1J9j9MggmAvJqS7zF2RftBcgfgz3HZvctH2Zd1w,Awesome app,5,0,3.2.3,2019-04-17 21:18:41,,
gp:AOqpTOGwXdK4Q6AXo4vKrBH8s1vHrI7-1gweiQp0JI2J5okGM_x0SS5iyQHFBvvrLucfSxeZuyl-FpLhDIwKd0Y,Irek Misiak,https://play-lh.googleusercontent.com/-X4Pj4PjvcDI/AAAAAAAAAAI/AAAAAAAAAAA/AMZuucmczpUKjHGQ-dfpCj34rZV6a6ArBQ/photo.jpg,just beginning to appreciate it,5,0,3.2.2,2019-04-17 06:15:48,,
gp:AOqpTOGVGHvqYrkO152vWaSI34ezwR7791r672N4jjDT0vnNU8qpRBnT4TbJeDP3t2ZQG2pjALWRLRYKzTg8C0Q,Dawn Cutler,https://play-lh.googleusercontent.com/-Kdg-Rw6QhIk/AAAAAAAAAAI/AAAAAAAAAAA/AMZuuclyO5wBwwCLQHkuTBBlWOkJY19Pdg/photo.jpg,scans were faded and not clear,1,1,,2019-04-10 14:54:02,"Dear Dawn,

The scan is faded maybe cause by blurry capture, please hold your phone steady until document is focused clearly and capture.

Thanks,",2019-04-10 16:21:56
gp:AOqpTOG8-18Q-5ORbQvElLqqmDbVsNvrbP5TwdC24HjK04fZvyFAxOu5Z1Usr8TqeoTlTIcPAeXJxq2ACAo3t1c,Abdul Mughees,https://play-lh.googleusercontent.com/a-/AOh14GhCHRNi8QjuJqMsFe4A5pXD6TgIq-NP7HBxj0X1Dg,"Still no backup and restore option? And no response from developer so down to one star. Though other than the missing life savers, the app is very good. But don't know what will happen to the data when I will change my phone. Backup?",1,1,3.2.2,2019-04-07 09:23:36,"Dear Abdul,

Since all document in app are offline, so your data cannot be found on new device unless you copy all app from the old phone, or upload your doc to cloud.  

Thanks for your feedback, we are considering adding export and import data for easier backup solution.

Thanks in advanced,",2019-04-08 23:10:46
gp:AOqpTOFDdN_ZE3jnOfFi3azz7RSR8aCOq5G1AZ7yRuoidUp7YLilXsr5opOMVqCGPhYlQAnvjQQR6YRShezTCOQ,Anna Cui,https://play-lh.googleusercontent.com/-hxIbAMB-txY/AAAAAAAAAAI/AAAAAAAAAAA/AMZuucll-zcBZlmjaUanwhzzt35miGpBhA/photo.jpg,The image quality is poor no matter what setting I used using an LG phone.,2,4,,2019-03-31 09:08:24,"Dear Anna,

Please make sure your camera focus is right and keep your phone stable while capturing photo. Moreover, you can try apply various filter to archive your expected quality.
If above guide not help, you can mail us your image via support@bfery.com for better support.

Thanks,",2019-03-31 19:18:38
gp:AOqpTOHEdQckcGv-TGqXa8xGKSw9yhju_blDmXNCVZgL_kwnJP7Nkw4H0VFI5nw2kApreBg3SoPz8Tr0A-ElLrc,Mark Williamson,https://play-lh.googleusercontent.com/-SPxkqGRjQW4/AAAAAAAAAAI/AAAAAAAAAAA/AMZuucnGBWm8jsIbKpuRKNQ-VnRrLbZQzQ/photo.jpg,Excellent performance and functionality,5,0,3.2.2,2019-03-18 15:29:48,,
gp:AOqpTOEVWK5Np_Xn-zFk9HTm7ZgdE4Ne996wJe2MW8jqpwLOq534TtuljTeg2ID5ntMyGp3Ayng3wrAdWZXwxEo,Mario Garcia,https://play-lh.googleusercontent.com/-qmjEYFa_zyE/AAAAAAAAAAI/AAAAAAAAAAA/AMZuuckZmg1K9cSe7HghjwJzSgcyW5GSYA/photo.jpg,perfect,5,0,3.2.2,2019-03-13 06:46:55,,
gp:AOqpTOEMcjFJTsdj-IiV8cb6H4bCn6vwGPKRANDnupq7TvyiB95uEWB793t-wxiKpAyV3HekC7F_bZPv6dsBNNM,afiq kuze,https://play-lh.googleusercontent.com/-AtMdLrr1B8g/AAAAAAAAAAI/AAAAAAAAAAA/AMZuuckdvfuoDYahDWGgkIiVyDg4vd4QXQ/photo.jpg,not clear,1,0,3.2.2,2019-03-10 21:03:46,,
gp:AOqpTOF_3xaQXoU5iQduPl4zBod7cY5QdwkkZFh2lPL8P97zC7VI_Qjb8xDR2Kw5I3jOeC6czOph-DgyosCqPV0,Dawn Iwamasa,https://play-lh.googleusercontent.com/a-/AOh14GjentYdTXWQ30kqevm8QUv5ZNFkbkhi-1F79eBkyTw,The description says you can batch scan but this is NOT a feature of the app. I asked for a refund and the support didn't respond to my email. Don't bother with this app.,1,14,3.2.2,2019-03-08 09:53:18,"Dear Dawn Iwamasa,
Our app do support scanning in batch mode.
You can take multiple pictures and our app will automatically detects your documents for borders, sharpens scanned content and export to a single PDF file.
Hope you will have a better experience using our app",2019-03-10 03:38:45
gp:AOqpTOGwCCvjIWPuOSSfgbGNQqmJmBZ_bVwKIWFuhUNuU8H01KZUkrhrEgxTVhk6i7AEfWtmMZYKNeJjfqubH8M,Harto Sutomo,https://play-lh.googleusercontent.com/-yCIHfDQHn4c/AAAAAAAAAAI/AAAAAAAAAAA/AMZuuckIh_xugc3nNNMtBjLHNPjxR1QNgg/photo.jpg,ok,5,0,3.2.2,2019-03-04 18:34:02,,
gp:AOqpTOFksuQTP_QSgPtp-s6spr-tR2oXA3nqYTqu_E9X_kbuPdS9xX1JFYwWAYr_a47oXNljSe8AWNBtkxtOHWk,Kisalay Somani,https://play-lh.googleusercontent.com/a-/AOh14GhpfUDJAU1Kb5tD0LbJa34nvYfeQTHKBtptVZD7,I think the image quality of the scan can be improved but the software is okay. Does what it claims and simple enough to use.,5,5,2.2.3,2019-03-01 23:57:45,,
gp:AOqpTOEGCqJsGwlbsA_uRg0RBnQrziMwtBNxDBeZDrevK8AnfhTzMCinbVumRrSrcNcjxnC1PCBYOgmC3zm7EUo,Agustin Viera,https://play-lh.googleusercontent.com/-dPkBLQt4gSA/AAAAAAAAAAI/AAAAAAAAAAA/AMZuuckPA-4KGX6-5jFv9Z1yspCG2JFpRg/photo.jpg,simple!!!,5,1,3.2,2019-02-22 12:08:04,,
gp:AOqpTOEat8RRfKua2II57OwRAI1vOw7tgZtzt5rGuCEZATDDWtIkhExy2JMFw8XhbjqwwSPYcvkgFjKv0VFeaSI,Francis Burns,https://play-lh.googleusercontent.com/-ziYSC0VeLPs/AAAAAAAAAAI/AAAAAAAAAAA/AMZuucl_QNcdsfqM9tb81lwRKNT5kE3wfQ/photo.jpg,easy to use and send the documents to other devices.,5,2,3.1.1,2019-02-22 05:28:22,,
gp:AOqpTOF1TiAic82XUz5DWKfCqdSyj8Q0wZG78FLps0PvYGtQ6NUknDfA1yIeWGZEhshRicOVXL2XjjRlj4XapzE,Kim Nancarrow,https://play-lh.googleusercontent.com/-gJ0V4NbMXrA/AAAAAAAAAAI/AAAAAAAAAAA/AMZuucklGgjJwTsYz9miTxMFsmuTTjSSAg/photo.jpg,Doesn't convert to PDF so no good for document handling - makes it fairly redundant.,2,3,3.2,2019-02-21 21:16:23,"Dears,

Our app support exporting to PDF or JPEG files.
Don't hesitate to contact us via email support@bfery.com for instruction details!",2019-03-10 03:41:52
gp:AOqpTOHM0NYg-PH7babDBE-ZWiw76xWitrmQtiAxMRYsboWD6Hm8V7rUcR8VB_aHX0_VSGQZES074kXDGsfizkU,Niels Wijk,https://play-lh.googleusercontent.com/a-/AOh14Gh4DytjiwcWLuseA8pP7U2J06Ve_wprg8hJAiJD4g,"Works very well. It would be super helpful if one could drag the edges too (instead of only the corners) when cropping, like in Google drive.",4,10,3.2,2019-02-20 05:43:57,Thanks for your feedback! We will consider to support that feature in future release!,2019-02-20 07:15:08
gp:AOqpTOEybeJYdn8tI5bZO7g_T5_MwewhJ8goenLU4bytgSCyN2UUKDC98eqCMD7gWVldiBJn7UouOBWpeUf_5Q4,Saif__________,https://play-lh.googleusercontent.com/a-/AOh14GhT40e9o_0-QFuiCJN4zdjhQpPLvGIU0zWAzHJhdlA,"Excellent service,",5,0,3.2,2019-02-11 05:14:32,,
gp:AOqpTOGRuDb2CIyfDbqAOVSV96-tlzmHF3AIK__LcEiRvgXashzrsV7hpS3NVoWXbXz4m8E0l7HvQ_rmnMx8n0I,A Google user,https://play-lh.googleusercontent.com/EGemoI2NTXmTsBVtJqk8jxF9rh8ApRWfsIMQSt2uE4OcpQqbFu7f7NbTK05lx80nuSijCz7sc3a277R67g,very good application...,5,0,3.1.1,2019-01-31 21:11:59,,
gp:AOqpTOHoa_F5WvzTejWf5EOaH-HVsBJZMMdPTewbAKLG12APg3tR7_7gDbKKA5Fz9IMcXwyRPZVzRiVAFrPFisI,jessica trempala,https://play-lh.googleusercontent.com/-chTihh05Khw/AAAAAAAAAAI/AAAAAAAAAAA/AMZuuclO4kKRlcTB1_--t8kSR57AFZ5U1g/photo.jpg,Just pay the money.,5,0,3.1.1,2019-01-22 09:10:19,,
gp:AOqpTOEaTSIy8CAXjRGOL91PvGJtsF_zd2fgu7MvFPHazTVhckhwTddXHRdxJtiAtMOzWh6t9mTJQl0gKexiNMs,Sankar Raj,https://play-lh.googleusercontent.com/a-/AOh14GgSLb09LRmqDRfVrQTIQF19ayYsj6DgKnm_-cZzVQ,goood quality prints. can get it in pdf and upload to cloud. awesome.,5,2,2.2.3,2019-01-08 06:30:46,,
gp:AOqpTOHaQ8IU5xXBXHKajL6G7ZTzNRKmdNR0YAF5jbtO5f0baLJKN9w8yCVmAyhFs0a8lzVX7W50WtpsvMUh2wY,रविन्द्र शर्मा,https://play-lh.googleusercontent.com/a-/AOh14Gjk8SAeDeMcRZXDDAPJnRUgXfX0Hgqa8BTVKqkNzg,wrost app... pic quality dull on 16mp camera. uninstalled app.,1,0,3.1.1,2018-12-27 09:32:11,"Dear,

We sorry for your bad experience, please updatebto the latest version try again.

Thanks,",2019-02-16 17:26:54
gp:AOqpTOHnoO-pfZz2v_y2dJauJPaFmKFDdta6kvuhgwwbyCWwbGJ9qkVjWw2_bMKGirQqGRcn6AJOmI0rxNZS4Gg,Branislav Stojanovic Private,https://play-lh.googleusercontent.com/a-/AOh14GhbfBLOy4I3OOXjCrjAseXFHO9nxtwIUqA8Pfx65kA,Crashing like a boss... In a bad way,2,0,3.1.1,2018-12-07 07:30:31,"Dear Branislav,

We sorry for your bad experience and would like to make a refund for you since app does not work properly on your phone. Please give us your invoice info for refund.

If possible you can report issue when app crash then we investigate your issue.

Thanks in advance,",2018-12-11 03:11:51
gp:AOqpTOGMznzVueugW5wmk8xjtCUwfX8PqjPH12HR4qAB3WOofSYw2uODZ-KNVDybbGiugevDysalCmvDNBIBFQY,Nathan Allen,https://play-lh.googleusercontent.com/a-/AOh14GgpIIuZKkho3FQhzB3y-_2wytvDNtt_qiHRn6O7ww,Have not taken full advantage of this app yet but I am very thankful for what I have used,5,3,3.1.1,2018-11-30 11:27:02,,
gp:AOqpTOGrJbc3azr13Ol0PYtRmB_E_byUxkmDOTgLpOxNMu2KVIprx2B6pl_Alfb9zaf9vynm0ObOMjR9C22VBs4,Col. Jim Worrall,https://play-lh.googleusercontent.com/-2c_Js8WRkic/AAAAAAAAAAI/AAAAAAAAAAA/AMZuuckXghGrnw7u5DHmMcohpsvCe6X1ug/photo.jpg,"Scary permissions including read and write to contacts, record audio and full network access. Does NOT support TIFF or faxing. Deleted",1,12,3.1.1,2018-11-25 02:31:00,"Hi Jim,

We do not request permission to read & write contact, please check again. Record audio is requested for Voice command in camera, network is for uploading your doc to cloud. And moreover, we do not support FAX as described in app description. 

Thanks,",2018-11-25 22:12:47
gp:AOqpTOFHGftFYw1svNMKITh-fKF-TPsOFVDl8rWWtSlzKw-7WsvaGs28Plkm55jsNQavPqhBldWn9dQePv-Gbqw,Marios Miltiadou,https://play-lh.googleusercontent.com/a-/AOh14Gha-SoLG1KETFWMcQbTuNprrrRR7UzeV7lkVSdEWA,Easy to scan documents on the go!!!!,4,4,3.1.1,2018-11-22 02:08:49,,
gp:AOqpTOHTUdFkMXRuZRaRX-6RBm6YYhiywZl5Ru3zUaKloNw5HLypgHBmc0Moz2nD5upzn6NbNalvut4pd4tt9lQ,Tay Roy,https://play-lh.googleusercontent.com/a-/AOh14GjtNP2bAxUCEOzGw9__2JmlM0TbhVWvnjiLK_tjqQ,Amazing apps,5,0,3.1.1,2018-11-14 23:23:27,,
gp:AOqpTOFSQvzbsqjnMQ8gvJYbYUYhAb3N_S6P1WNFOUGGsvZTqKJDhqt3n1rdSDRxbcIDzq2B6dcQ8-GNrQbJjdo,A Google user,https://play-lh.googleusercontent.com/EGemoI2NTXmTsBVtJqk8jxF9rh8ApRWfsIMQSt2uE4OcpQqbFu7f7NbTK05lx80nuSijCz7sc3a277R67g,I scan aroun 15 to 25 pages for remote accounting to send to our main office. This app will confuse similar documents and repeat a scanned page rather than accept the next page unless I press save after every page. Not happy at all.,2,8,3.1.1,2018-11-01 07:50:33,,
gp:AOqpTOHRTY7LFCmNyCaHszArvPfNFcEkL6_hxfz6UwQq_PjNOUCtn6uZ8wQepUA490ZWy1Ag1pgo4--5fz-d9vg,Julia Hanson,https://play-lh.googleusercontent.com/-80oljae2I2g/AAAAAAAAAAI/AAAAAAAAAAA/AMZuuclRSJ__IcEDQhWoRcZeXDTc5XENOA/photo.jpg,Worth the price! Great scans and uploads directly into my drive. Perfect for school.,5,6,3.1.1,2018-10-29 14:01:46,,
gp:AOqpTOGDiEtjKzhQfVHqVwAZvRMe-vUr35lxMf1FO6j1SYXqKAYUsJWzy7Lw6aMAh3aZOMcakiTMfan6Bx1edJ8,Eyob Yilma,https://play-lh.googleusercontent.com/a-/AOh14GiEfuWEM_YaUB-yvvVYufDIELQHr-D5SrMEe5SB,Wow like it,5,1,3.1.1,2018-10-24 03:10:48,,
gp:AOqpTOH5pCzm5nvXldOpex7hmNFzuC-BgNxnxY5_Ol4QnFeISqUKXrDB7gFz4fH37mXKSsxtZSS8a7I2p2hTQqw,Shawn Stewart,https://play-lh.googleusercontent.com/a-/AOh14GiVaY4DzI1pyejG6zOEFJV1ncArKeuTgIGpx5mxlQ,Great app,5,1,3.1.1,2018-10-16 03:14:36,,
gp:AOqpTOFnrP98XrTeQtGwWRZyDtDHkLGV6PZ0laEoOd40hTInMNPr0CMx5Fr0CN1lYndIGRyknF8taEgGn9c15rc,Ankit Somaiya,https://play-lh.googleusercontent.com/-hH11yp8tmxE/AAAAAAAAAAI/AAAAAAAAAAA/AMZuucnNbTsVNJ0iyXUcneopj6QhklrOng/photo.jpg,Nice application,5,1,,2018-10-14 00:38:06,,
gp:AOqpTOFO2HMs8JWhkVTvn1VapEGBLoNl4uhHS7JIo42cgBdjkdkHCVNYvhfbDCeH_FHJp9Q9ucbCCq-1zU-FK24,Mark Nesbitt,https://play-lh.googleusercontent.com/a-/AOh14GjlIJERXgTaIe8y4kK7TKIQNfS3tC0c7wbKTniwNg,Crops the text at random points,1,1,3.1.1,2018-10-08 22:49:06,,
gp:AOqpTOEWJLY_OHNIePYiXdijGCYovyMtqeroiRyS248p2F798C0RyveEP01PExQz4jPZlQEvNQbJ9vZNszzS_yY,Eduardo,https://play-lh.googleusercontent.com/-ZTPDlzwRq3M/AAAAAAAAAAI/AAAAAAAAAAA/AMZuuckrushEno23ek6Zz2QK2UBUsHfOTQ/photo.jpg,Excellent,5,2,3.1.1,2018-10-03 10:06:07,,
gp:AOqpTOHYc_Ln5HfztC9JGkhAMLgbneza6OIP7Qzi84lbDaoS9Y8b1V2tZst4lXel37a4SzFhgmKi0VyHEOkmEwk,Tarik el Hadri,https://play-lh.googleusercontent.com/a-/AOh14Gj9xbSVxpBw8EbPshd5c-Hw7hFoyTTiig57un3nT2s,"Awesome app, and easy to use. I love it",5,3,3.1.0,2018-09-25 04:23:29,,
gp:AOqpTOET3iYA5w2GA2urfyxmChpScczc6ynx7GSTbU0g-6W0LGU11YF9o1ZPYx3A1ap1kJ6BXBxSotsOQketKFM,Fiona Gardner,https://play-lh.googleusercontent.com/a-/AOh14GgBQaLVOXtx-qWRSoc2372J9K7fN5d1MA6NNRilug,The app scans terribly!,1,2,3.0.3,2018-09-13 22:48:40,,
gp:AOqpTOEzyW372i6QCrRemxnQfamRIalfqxvhPM5QT1ZxU-nXwbfGQrVmGKEaLzde0EdDLNHi0m45hWgAQRYMvIk,Andrea Bigoni,https://play-lh.googleusercontent.com/a-/AOh14GiVA0h4cbwsfnj6oFZ48uy1npRjsU9Tix06djIQNQ,Useful app that make pdf from jpg. It automatic correct all the imperfection of the photo like when you use a proper scanner!,5,1,3.0.3,2018-08-31 00:46:46,,
gp:AOqpTOEHQcLEceWGOv2yt4RKkP9MATKr573q2nrp4nfsweF0dfgY7_ovl-h5wWmHIZEROfeutF3ALnotpU9IaAU,Franz Gabriel,https://play-lh.googleusercontent.com/a-/AOh14Gh6KcE-EOsmURq1hfHHqtWXbRoBNeUMQMgyVgXa2g,"Good apps, well done, great job! 😃",4,0,3.0.3,2018-08-27 23:21:55,,
gp:AOqpTOGxaMRJxzRZLCYy8btP2o4lY8q7y3C4rPB-UUofYNzm07uEldE4gHVs6_t3OV3_3YA7MAe1R_B9BB3lczQ,Sharon Smith,https://play-lh.googleusercontent.com/a-/AOh14GigH5nLOwfYCVbHmTWfaZ74sdx_n0JoPVHKwlf_-A,It works,5,0,3.0.2,2018-07-31 05:05:18,,
gp:AOqpTOFeGkVgXAz8p49_mCNUwur3T50v5yykuaxfST0QlLXNPVLYIWajfmOypp2mftJ2gXSfp-6_aJJq_8UXNwM,Nicole Platon,https://play-lh.googleusercontent.com/-TlbucIuDVXA/AAAAAAAAAAI/AAAAAAAAAAA/AMZuucmNa8jeYiTCLQnKL7PfngQ7BqJTGg/photo.jpg,"Since the upgrade, everything I scan it auto cropped so I lose half my 
image every time",1,0,3.0.2,2018-07-30 05:07:41,"Hi Nicole,

You can recrop when apply filter.
We will let you an option to adjust crop multi pages before applying filter.

Thanks,",2018-08-23 07:15:30
gp:AOqpTOEUkn_8vwUKx32GB9OiuKWimI3un1v1whC6UvFeAEE5beHYjchvu0J0Dp0DhAIHVvEM3XtooHItQOj4dGE,A Google user,https://play-lh.googleusercontent.com/EGemoI2NTXmTsBVtJqk8jxF9rh8ApRWfsIMQSt2uE4OcpQqbFu7f7NbTK05lx80nuSijCz7sc3a277R67g,Wonderful! Love it! Makes sending docs super easy,5,0,3.0.2,2018-07-25 09:04:05,,
gp:AOqpTOHndImjHgbo7H0XcGio1jLAbQjM0ORgiOFkjjFirqZFPWg6FGM_0vt9Bw5wxA8qFvksyXkHCkMy0kFqGts,Asatru Patriot,https://play-lh.googleusercontent.com/a-/AOh14GjwK8Zzb5_NsDt-yQTqUKDpkyhN9FThEJuOaHHirQ,"Every time I try to scan a screenshot on my phone, the app crashes. If this 
gets fixed, I will change my rating.",1,1,3.0.2,2018-07-23 16:11:08,"Hi,

Sorry for your bad experience.
Please explain more detail about your use case. We are not clear what is ""scan a screenshot"".
Please mail to support@easy4u.org for better suport.

Thanks,",2018-07-23 17:29:34
gp:AOqpTOH6dH12AXx3T7hxgLZL6MHRw2XBZcFeE6j_WwfTGwGMeR9S_OM7ussK17pi2UURxYVgxNAjz0MR_OreTLE,ALVARO CARABALLO,https://play-lh.googleusercontent.com/a-/AOh14GgTjlfeeMTjJdvYm2bwyg2JkIiqv4tA_BhGcDNENaM,it's a good scan app documents very usefull and important,4,1,3.0.2,2018-07-23 09:00:16,,
gp:AOqpTOGv39yOZ37DSIvR1hsvLQRV2hpeRGR3j9Ot6CqZbH3RstTuU-VAhtiJJ1j8Gbi6BHXOUCKomBKnnfAGuN0,A Google user,https://play-lh.googleusercontent.com/EGemoI2NTXmTsBVtJqk8jxF9rh8ApRWfsIMQSt2uE4OcpQqbFu7f7NbTK05lx80nuSijCz7sc3a277R67g,"Going backwards. Default crop needs work to catch most of the useful stuff 
with 1st shot. One doesn't see what's caught unless click crop.",3,1,3.0.2,2018-07-21 15:40:11,"Hi Nick,

Thanks for your valuable feedback. There are some tips that can make the app works as you expect:
1. Set default filter to white in settings.
2. The auto crop cannot cover 100% accuracy, but you can archive almost 100% by capturing document on darker background (ex white, bright paper on brown, gray wood or darker background).

Thanks,",2018-07-21 07:41:45
gp:AOqpTOHqLHfMil4OvNg2vP2H-x9C4xYyfhSTcPXIZ8pkR7zZiwQYhUt42DxleMiE_UOdJH9B0Sk4ozh36ZgDp_U,Michael Fuchs,https://play-lh.googleusercontent.com/a-/AOh14GiwxojX8gC83O_tEzDo4vQIMvIGqPG3UafeoVHI5JA,It let me save to my phone and not the cloud so I could email right away...,5,0,2.2.3,2018-07-20 12:13:45,,
gp:AOqpTOGAkXNqp_Kzvr2yWAYwBE6NeX56AlHDf8DjiBWGg0lKE3rPxEJfL7jnyzGU-BJIotBjUxfiuMosV98jipU,Mauro Alejandro,https://play-lh.googleusercontent.com/a-/AOh14GiXwWvv0k0ILB1O_9gIJfpBW52cFkTXgzUTVbHrXw,Great app works perfect on scanning docs and sharing.,5,0,3.0.2,2018-07-19 06:49:38,,
gp:AOqpTOEUgCK1rPv9ce2CcGCw4xsPSo2-QFyQRIvA585jYv0MuDpFtD3pmPi3f_mGuU5XUhrv0cx-_LTd_fH63vg,Majed Alangari,https://play-lh.googleusercontent.com/a-/AOh14GhC9fa-V6TZ2Nwo0--QPsAPE5qKtGbULZq_wfCM,Why can't I reedit a picture again???,2,0,3.0.0,2018-07-18 08:19:09,"Hi Majed, 

After complete scan process you cannot edit picture/document content. You can retake to replace that page.

Thanks,",2018-07-18 21:04:05
gp:AOqpTOGiPRhm4NKm4MLfiGTR1EnV3On3tyWvo-6IJ1n3v7oEpdFzkTpbEzAjC81MY6rNZ2yjS_1uy56Xdp9DQPM,Jus- X,https://play-lh.googleusercontent.com/a-/AOh14GhxT82gnVnvzEwR4zg2O_IBx0aB_AxbC3a0FNQ7HbA,"I like the new version. Gives the outdated look a much needed update to UI. 
No tutorials and where things moved to, you have to figure things out on 
your own, butt once you get used to it it's a great refresh of an already 
good app. I suggested feature though, folders for scans.",5,0,3.0.1,2018-07-17 18:41:21,,
gp:AOqpTOHm1YTAs5oLn4QjCpbr04F3ekW5nezM7J5AdFQ0npqxUUMu4iCwFS8phA96acczh2d3uyt_NIw7JaILx5M,A Google user,https://play-lh.googleusercontent.com/EGemoI2NTXmTsBVtJqk8jxF9rh8ApRWfsIMQSt2uE4OcpQqbFu7f7NbTK05lx80nuSijCz7sc3a277R67g,Update ruined a good app.,2,0,3.0.1,2018-07-16 02:05:36,"Hi,

Please give us more detail regarding to the problem you are facing.

For better support plz mail via support@easy4u.org.

BRs,",2018-07-16 02:08:15
gp:AOqpTOGtbkL7mRjpKMYDtb64RHdycvH50krJYagHPWSCBthLVta13PmBQLiCyi0gFUrEQulw6owI8tDGs2w86MQ,Galdino Geremia,https://play-lh.googleusercontent.com/a-/AOh14GgNGage3ybQimKSGFv6LaSoodfXP9Q0tb1c1wEV3g,Very good!,4,0,3.0.1,2018-07-15 14:38:46,,
gp:AOqpTOH5o9CXuFdrsrJ3DddJtMg01V7rFCUbqkmiLhyMVXQ6Z-p0cibDrsnd9BnGLKDROpqK_-TMvDKGXz-ln3I,A Google user,https://play-lh.googleusercontent.com/EGemoI2NTXmTsBVtJqk8jxF9rh8ApRWfsIMQSt2uE4OcpQqbFu7f7NbTK05lx80nuSijCz7sc3a277R67g,Just does what it promises.,5,0,2.2.3,2018-07-08 03:15:43,,
gp:AOqpTOEZxRuSyZoTQfnM_NL4xsMUqBvmbNBTKxGWs5wRWEVIAsUez25HeG5xauIO_brzvgr7aWnIn-5886k_LaU,Dave Kelso,https://play-lh.googleusercontent.com/-P1PxfiwltXg/AAAAAAAAAAI/AAAAAAAAAAA/AMZuucnTHUTatQGaqGx6DPLGwaJnoLqxHQ/photo.jpg,Seems to work as advertised.,4,0,2.2.3,2018-07-05 09:04:12,,
gp:AOqpTOHZWVxt03yaYJt3oG8zubW0hHf5hxBARQbE3pyAzHydTxMuGQDojmO2QhpPhxLljuE3aWjX6qODm5OGH2E,Rober tas,https://play-lh.googleusercontent.com/-DqrCVypltgk/AAAAAAAAAAI/AAAAAAAAAAA/AMZuuckBajjDyLQR79A4Fn-HkaRyW0R2Bw/photo.jpg,"Too bad for that price, on ios working much better.",1,0,2.2.3,2018-07-05 07:40:50,,
gp:AOqpTOFCWzfutYtEB3sQ94A42Mgje26GzURmmtP6t3q2iXls4XBx6iIA_fX9UEVtJdkiAtj1Q5rQs-bM7T6LhwI,Saeid Golbidi,https://play-lh.googleusercontent.com/a-/AOh14GgLaCIJzL1crp1R8WVYpU2UErc1_3ztlICvKdibEEo,Very useful and handy.,5,0,2.2.3,2018-07-02 13:30:00,,
gp:AOqpTOEDAsy4MSyGvYfi4a-9INWOyE1HiqcSWFAWmhRSIEIZTxG7EDKgPxD_dXyQAXqnBhKzJL-DiITXjguafrw,Darcy Barnes,https://play-lh.googleusercontent.com/a-/AOh14GhE9jWoaPu_fUzU6SSnLxvzgZwG3nqaswwd9P-VpA,"Overall really simple and easy too use, does what it says it does, as well 
as allows for upload to the top cloud services.",5,0,2.2.3,2018-06-25 10:57:44,,
gp:AOqpTOFUnHokjAEcwS-8BQ4ImH4U1W38viqukioZTSb9XMJOx3HjvHZbxgLlG6vsIxb9yuxwx9EFl52AzmBOmg0,Nicholas Carr,https://play-lh.googleusercontent.com/a-/AOh14GgJpbljV_MLw8MBRd5I_dOiVAGTLvyiBcmsjfjq,"Why can't I take multiple page pics rapidly, then batch edit like the free 
ones on here? Lame.",1,1,2.2.3,2018-06-20 19:45:14,"Dear Nicholas,

Batch feature will be available on pro soon. We need to ensure it works stable on multiple devices first. 

Thanks for your concern,",2018-06-20 19:48:41
gp:AOqpTOE6At9Njdh2KQgdCLXVTxCwO2BvOjbDbNV39QgCZ9EgAdwrLSxIc-bD_wl9D3V2xsgOmzNoN1Ekawqy1Mc,A Google user,https://play-lh.googleusercontent.com/EGemoI2NTXmTsBVtJqk8jxF9rh8ApRWfsIMQSt2uE4OcpQqbFu7f7NbTK05lx80nuSijCz7sc3a277R67g,"Not a bad app but the iOS version is VERY different and way better 
constructed. Cant batch add photos, editing is cumbersome and you have to 
go to settings to change docent size, not like iOS where it is right in the 
editing section. Not worth the money when there are other free services.",3,1,2.2.3,2018-06-13 13:57:58,"Hello,

Batch scan is now available on free version and will be intergrate to pro soon, once it's stable.

Thanks",2018-06-13 19:34:47
gp:AOqpTOE2RITIF9o1ELnXqg_QqziSW7NY1DWTbUsfMMdkbLFKkW0DELMV1IseEqho5egtw-NSZYNqUbi8w4Hd_yM,Michael Morris,https://play-lh.googleusercontent.com/-eIoDhp4m-6c/AAAAAAAAAAI/AAAAAAAAAAA/AMZuuckMYkBfir1wBdyCEQCKzfsSmxVz3Q/photo.jpg,"This app only seems to work with one document at a time. It won't combine 
multiple scans into a single PDF. I don't recommend it.",2,0,2.2.3,2018-06-13 07:48:45,"Dear Michael,

Batch scan is now available on free version and we will bring on pro once it's stable. You can try it.

Besides, for current pro version, you can always add new pages to any document and create pdf with it. Yoh can also move pages between documents.

Thanks,",2018-06-13 19:33:21
gp:AOqpTOE3RCr-rOslFbcwzrbWeyYzkineE-kdu43zkMc_-yB4kUoNHWM5xD5cMHlUiV4uk19BiyUs1QW5fNT0Zvw,Krausar Malik,https://play-lh.googleusercontent.com/a-/AOh14Ghj7GjvRtcJ6V2dy5_VeeURb87tE0Yt1aGpDDfwdw,"Need a little more improvement but still better than other apps. Merger of 
2 or more images is required to make it better.",5,0,2.2.3,2018-06-12 03:56:54,,
gp:AOqpTOHjR_urnTti9X0MtXUgDAvuc-SbMZ0O-rG5hjkvtZ14Y41c-WnRbnaUPAmPqCk0iW2BLP1e1qfREBzKnNM,Subhro Paul,https://play-lh.googleusercontent.com/a-/AOh14Ggae_6eo5pCmxFUzCthJIr_tPATIn3TZeqY4KUe0A,Amazing productivity tool,5,0,2.2.3,2018-06-11 10:29:59,,
gp:AOqpTOHnXknfLbdullhx21Afy5kZw5HY2OAScSNRSDtxqHW0jy_0e5uZHT8xpDAO-t9udHS6p_7S6r95WFuethY,Bammidi Simhachalam,https://play-lh.googleusercontent.com/a-/AOh14GgxjmnfbuMZwL8zsXODp2B9R_03g9uS95_nPFNZ,Nice app,5,0,2.2.3,2018-06-10 02:22:34,,
gp:AOqpTOFaUnUY7DEHySKH9igfO3lEWudNRjTlF1SLIIrLVyBjRCtnH9BT86nwjl4fgVw1GGYweFOUv2GLePst5YY,Paulo Roman,https://play-lh.googleusercontent.com/-XN-WLL4PMS4/AAAAAAAAAAI/AAAAAAAAAAA/AMZuuclyNa0EAmYEy4f0rHdMZAjUofeUZQ/photo.jpg,Nice,4,0,2.2.3,2018-06-09 11:55:38,,
gp:AOqpTOE8qrn2OzseDEo_waquLTbiP3k2ME51T2teRdVLl3cscUolfXoJePw9Tir8OBpd6t5nhxy_lZIdp9LtWHw,Fred Weiler,https://play-lh.googleusercontent.com/-rcyFkJoBcGU/AAAAAAAAAAI/AAAAAAAAAAA/AMZuuclOmWDapM3-Jm9LgSgqdQQ5UeEcKg/photo.jpg,It's a great for a truck drive to scan paperwork and pictures love it,5,0,2.2.3,2018-06-08 12:02:42,,
gp:AOqpTOH8VrrFiI2pCyhD7c5VxCYXoqXDJrn5ACTMXOgZpFmcC8vBYZAcIkj6-lRwiLAC2pay5J8NpFYVLdDN4YA,A Google user,https://play-lh.googleusercontent.com/EGemoI2NTXmTsBVtJqk8jxF9rh8ApRWfsIMQSt2uE4OcpQqbFu7f7NbTK05lx80nuSijCz7sc3a277R67g,"Have used this app since our scanner went down at work and so far has 
worked above and beyond what I expected.",5,0,2.2.3,2018-06-06 11:42:50,,
gp:AOqpTOFZZbpzo62Dyh26IReRMXOVR1qzFJgWouepD2W0OMvSWkYMfsdf9178iz9BNS1DSpjoJ2l0X8wzCXaCaHM,Pushkar Limbu,https://play-lh.googleusercontent.com/a-/AOh14GgfIb1br13DMpyMrEWJU5xRihmDcmvd7A2qeRmFPQ,great app,3,0,2.2.3,2018-06-04 22:26:14,,
gp:AOqpTOE-PFmbTQ8rChzDeS6VdFZ0zD5mVEZ2wnB8OlpkVh-srEu1eo9NlpqcBJ_qo-EZjQ0GTtmv8lMs0PytTPA,Александр Кожевников,https://play-lh.googleusercontent.com/a-/AOh14GgTIiY5zBW_ad3kCNf2rrgwjoN6e03KpS4wyr2LfQ,Good app.,5,0,2.2.3,2018-06-04 09:44:57,,
gp:AOqpTOGqBa3qZXqgTRXQimN2-oesOZDQLozGfCOtpveYnvQiSLSdOXFTVffwiEqoX_EZ8Nk_L_6-EDoZIAmS85s,hernan d Mondragon,https://play-lh.googleusercontent.com/a-/AOh14GjpN_uHzJi6M-K3KCRwLDdRK_a1g9ZM2F30sMLajQ,So far so good!,5,0,2.2.3,2018-06-04 07:48:55,,
gp:AOqpTOHtUrUXWObAAhyM08NMchXhobPGvYnL2oaQIcUbvcr_ul35bP1am3L6jUp1w_QJdOQPgcn6idSrMMXQl_o,venkatesh G,https://play-lh.googleusercontent.com/a-/AOh14GgQPhGnLOAgLd9E88ai6_KKG3nQuYlM_3t7JYy0mA,"CamScanner this is the perfect scanner app This app is nothing when 
compared to CamScanner",2,0,2.2.3,2018-06-04 06:48:17,,
gp:AOqpTOHqB8SMoisRqeWYa_kIGal6nQ06bgA3wtUbvBimLOUz43busqueHahhJ_3mB3nZdmZWmMn4kTG39VKtp5g,M Sepex,https://play-lh.googleusercontent.com/a-/AOh14GgZLevRUWXFMo6NUFswccfilQyNVjWW5uNEoypy,Good apps,5,0,2.2.3,2018-06-03 18:48:15,,
gp:AOqpTOFgr-jBSWwVIWM7A5vu_O45WFu1pB9oj-4EG68yaMROQA9_R44jzJQ6F6qkOACUcg0bQMU-pK9wwfFodiI,Spencer Bishop,https://play-lh.googleusercontent.com/a-/AOh14GhlizT5RbLkNOYUPFAkrEkZmZycWRwRbv2voFe6XDU,"No batch mode.... This app only let's you scan one image at a time. I've 
never ever had only one image to scan ever. Cam Scanner is free and works 
great and has batch mode for multiple documents to be scanned. You can 
email them as pdf or you can send them as text.",1,1,2.2.3,2018-06-03 05:09:46,"Dear Spencer,

You can find all feature you mentioned with Easy Scanner free version, with ads included (like Cam Scanner). Please try it if it fit what you need. We gonna integrate Easy Scanner free to pro version soon.

Regards,",2018-06-03 05:53:05
gp:AOqpTOH1F78bdhpLi3xUZziODJjJDK3VfPsykMSnB3NcZdVpxwNaUFkVtRKdzm6tuptV7v8N-fv4NmSREzrfwS0,Triple 0's,https://play-lh.googleusercontent.com/a-/AOh14Ggn-ZHmsCbHXKfzwb7ZPvF-HvRlr_6M4Ji1ToACdw,Cool good 4 work suppose 😣,5,0,2.2.3,2018-06-02 01:23:54,,
gp:AOqpTOEdSRHGigNEDxjZVVmuEFGlIT3RNUL14fUg0UGluGgBMiNGf3_WH9lQLdLHwqGfEk5DN1AO840h1iym3QE,John C,https://play-lh.googleusercontent.com/-K-6c83umy_Q/AAAAAAAAAAI/AAAAAAAAAAA/AMZuucmIvznTzjrYiXrXD08qmjh_5XIfGw/photo.jpg,It is great for scans in the field. Thank you,4,0,,2018-06-01 20:30:51,,
gp:AOqpTOETdFMLtv8T-8hz28vBG8L1dhp_fOd43To-VlfC-dh-MAfuUnlVQzWA7VfRXmbXgz5qhcjsfeqPd8y9odU,dd jj,https://play-lh.googleusercontent.com/a-/AOh14GiRgInjQxhjtNPk_raKcVglzMPoHd7amvaUVdOXdg,Good,4,1,2.2.3,2018-06-01 16:37:30,,
gp:AOqpTOGXVu0P21cz5mWWeDdfmi-CgcnGJzmz7zLawRB17edie7VknL9u9XNZ1aU0aXhDSLDJrqjfYvS7aNnoBoY,Vin L,https://play-lh.googleusercontent.com/-CVg7qSjIaxA/AAAAAAAAAAI/AAAAAAAAAAA/AMZuuckxM17vf8Z4-_iG8NJtP4smxFkI_g/photo.jpg,Text scanner does not look ok. Color scans are too light.,4,0,2.2.3,2018-06-01 16:26:50,,
gp:AOqpTOGpwwsb3F6wC6c1wDiWwAo3WkG1thZF2yj0oT0LImVWoyeHf17aG5be36kdTDyZgNGRnvWf7p93tHPac-s,Emma L.,https://play-lh.googleusercontent.com/a-/AOh14GhFoYWab03IfdYgkdo5SehdC-BBlhEnPcgtNgf0SrM,free this weekend !,5,1,,2018-06-01 15:00:26,,
gp:AOqpTOHdaXq4KDNjttdbJ06P3R0GzU3R9wu0vGrF2vhQlGiPVxpJvFhq8v2Ksl4t_kDsGlnOiKUmfPqL3l9qUDI,Ahmed Ali Memon,https://play-lh.googleusercontent.com/a-/AOh14GjOfRCKdS0rW_4CVyehurbCa0zE5gtStZl-RMybNg,The CamScanner works better than this.,2,0,,2018-06-01 14:23:47,,
gp:AOqpTOEMcnRtiAi5hqvIvgg3sGLjHQoro1JRAFwkNWXMPQ_C90d3YTLwF9C4EI9McGgA9Tqf4eAlsEoV0BJE5Tk,bloodsoaked vengeance,https://play-lh.googleusercontent.com/a-/AOh14GgNBypUfwf45Eg-VpVnv6bUi_mt8bvcthBpAQw,This app sucks,1,0,2.2.3,2018-06-01 11:56:11,"Dear Bloodsoaked,

Sorry to hear that.
Can you descibe more detail regarding to your problem?

Thanks,",2018-06-03 20:28:13
gp:AOqpTOF6JiLl_vlUd_c195lWl1161Bujb-87ye0-pJZbGy5UC9yROeh2vFou0zIKKKtF-xBVp3dlJ-WOpQRwjp8,x y,https://play-lh.googleusercontent.com/a-/AOh14Gjz4AuTi4LqjKtGVsNc-zOoe8Mc5NDTxcXPK9YJFQ,If there will be OCR option I will change this review,2,0,,2018-06-01 11:36:21,"Dear Pawel,

OCR will be bring to pro in next releases.

Thanks,",2018-06-03 20:29:08
gp:AOqpTOEy4nSqkipdzQAaMd_Ym2IeXsuDL33Xv-IC3raL9dXYQn_0iBAFk0zTHoUBG6XYrE5ameZ_675HhYvtwE0,Aron Chubb,https://play-lh.googleusercontent.com/a-/AOh14GjKvQPLsCCc-9H8mXxykmqHsFMHC37b4CauK_-w,Perfect. Does what I need; nothing more.,5,0,2.2.3,2018-06-01 10:05:46,,
gp:AOqpTOHBlDSCpLKTZFVdXfR5vbtFc4HrF6p5-tMT3wfWmMQVsg0ZRLaAqpayCTXUZvWLo6RIIxt5Vtu9s2CHkMg,Henry Test,https://play-lh.googleusercontent.com/-aHvbv1A5UoQ/AAAAAAAAAAI/AAAAAAAAAAA/AMZuucm8yZAR9yjd7Z3YABhTHnnheNLJ9g/photo.jpg,Easily scan and share my docs,5,0,2.2.3,2018-06-01 04:21:40,,
gp:AOqpTOHKtPtgRHr9LPq9lnrjue9AqVqU1SW7l-cjmR1bRIcbhcIN5bRxkAaO6vE8HYmgnvMDuA5RvlWwDrskMxw,Hồng Tươi Nguyễn,https://play-lh.googleusercontent.com/a-/AOh14GgkbW9Tkn290FGVcs5_ssmHXOj-4bDfOJswFHAV,This app really deseres to buy.,5,0,2.2.3,2018-06-01 02:49:38,,
gp:AOqpTOE3Mtp821dKRFxyd3TktYCIfcXOAXm9_9YGBHcBAqihvqe3PJMAb8ly9YGa5TXI1mhzT-nI73FibPRXffI,Gem Gem,https://play-lh.googleusercontent.com/-I4ef7eJDQ0k/AAAAAAAAAAI/AAAAAAAAAAA/AMZuuckmVWFBnyHxvQj4uAI0iuxAmk5A-A/photo.jpg,Easy to scan,5,0,2.2.3,2018-06-01 02:43:45,,
gp:AOqpTOGc5WVPyqw4m05xL7s8yYuHjLtxz5fDr7pjq91yP2mAH6I6YanireuPoImCOWHjQnr-v7bTS-2Hn4UmoQY,A Google user,https://play-lh.googleusercontent.com/EGemoI2NTXmTsBVtJqk8jxF9rh8ApRWfsIMQSt2uE4OcpQqbFu7f7NbTK05lx80nuSijCz7sc3a277R67g,Great scan quality,5,0,2.2.3,2018-06-01 02:35:11,,
gp:AOqpTOGJDA7M4LSQzr64EnJ71en_DqOk2Vs1PxD27_sa5U0FQCuvAg8JUOhm10hfl0WlNbUQ20y0D4XB8CAg4GA,Nick C,https://play-lh.googleusercontent.com/-Jx7SzZkEMZs/AAAAAAAAAAI/AAAAAAAAAAA/AMZuucl6fR2AHznEIqqc_555VrVLk3YygQ/photo.jpg,"Cant use it. Keeps saying something about disabling screen overlay? 
Disabled everything and still wont work.",1,0,2.2.3,2018-05-31 21:58:49,"Hello Nick,

Have you using Facebook or Messenger app? Usually this error occour with FB Messeger app.
You can try solution here: https://www.howtogeek.com/271519/how-to-fix-the-screen-overlay-detected-error-on-android/

Hope it can solve your problem, otherwise please mail us via support@easy4u.org for beeter support.

Thanks,
Easy4U",2018-06-03 20:45:50
gp:AOqpTOGUUi8bd2i_XmGcNUI6h0ihHu2KRkhAgdLalu-pLeqHKk56uOWeRET8j7X54OYQuMbvCwdwljesY3PuSWo,Ned Beaumont,https://play-lh.googleusercontent.com/a-/AOh14GgMx9RABtmwLiL5B2JRoQbVfU6pIhShUUSWg9OUnQ,Love this App,5,0,2.2.3,2018-05-30 13:27:26,,
gp:AOqpTOEFusLhfefZWbW4ZuuP7_6NEGRcq1jOhxwgFLSb7IBsFutNWW0nymMDdqy0p-NhlYYNbQ6vxVa8DbgEbNo,Kayli Robles,https://play-lh.googleusercontent.com/a-/AOh14Gixke6AmYUpwYhiTOAp1Tz_6lB7DmsuUtduS3gu3_U,"I like the app. It doesn't work too well on my tablet, however, and 
sometimes I have to go with black and white when scanning quality is bad, 
but it's good enough to use for most documents",4,10,2.2.3,2018-05-28 21:00:36,,
gp:AOqpTOH-3FNhwFQCAOr6LEPVTURnayenF0rthkDsShqiA9XQ_aj_DSm2TMhh3XyG0ZO4RbTBJ3rG5ObutZXZpnM,Matti Räty,https://play-lh.googleusercontent.com/a-/AOh14GhJbIAvm2DK8Pua2xDlS9rnqgoGASUFE4UsO_g0NUg,"Would be nice if I could choose a folder where to upload on Google Drive. 
Now need to manually move files after upload.",3,2,2.2.3,2018-05-22 23:17:42,,
gp:AOqpTOE3qaelzjvuSfAOtgxL9gl7DYMI6QZ1jhPFdOcoDfXJajyaQIeNJuw1dwsy2Xmu5kUy0YpDnsFhty4-jd8,Dynamic Neural Retraining System,https://play-lh.googleusercontent.com/a-/AOh14Ggt7c8_1oOAVaesGtqzTvrPVAfmY6EBQfr9M7GDrQ,"Simple, convenient and portable Perfect!",5,1,2.2.3,2018-05-16 12:24:37,,
gp:AOqpTOHHsZtNL-ZnQHpSvX4A4VzTgItC3AM36ad_2zeCkTG646PEhGF0gcIvaASdj4DZQ5H0gB__Tfaaj4krj5k,Richard Morley,https://play-lh.googleusercontent.com/a-/AOh14GhuAs2TGLzS1pn19E_spGkmQ3kdysZTlghWtt5FvQ,Fantastic for tax records,5,1,2.2.3,2018-05-06 09:55:40,,
gp:AOqpTOEoAU88ZQmwx-HchOf-_qd4kwqQK-mh853F4NYamBzZTYsaIrrWpeUF4ZvNN9ZfneqPWc7AW8mSW3YPCeY,Alain Rueff,https://play-lh.googleusercontent.com/a-/AOh14GgevNh74SogTvqmOHu3UZK13VQZmpaZzUnOUa9vSA,Great app,5,1,2.2.3,2018-05-05 01:05:53,,
gp:AOqpTOEQTwDcEKoHR2NwbKKttZ_DnAiQVwPGBdu4Fl3iixuqESdyPvGY_IW-VRCZ7oQ-Z5CMjP_Zg3Vayv3tAfs,Dan Thompson,https://play-lh.googleusercontent.com/a-/AOh14Gg3pS82f7SQ7Mi1o4Wsda8LB31WIkrGpgHxX9LVDGE,"App works good, but can't save to 64g sd card, have to save to 16g device 
memory. WHY",3,2,2.2.3,2018-05-04 09:06:07,,
gp:AOqpTOGkinefCUcDpgVqpwRfbinVndn8g-RqJ72kh4L5N0rLIpAzjwmqfWJfmnZQK0VhNUheTaqckdEcd5mWvA4,Jean-Francois Cuylits,https://play-lh.googleusercontent.com/a-/AOh14GjDqJHIP94Ax5GRs--aDU6hh62jb_3lNuZ6ctY_Gg,This app make near nothing,1,0,,2018-04-21 04:57:51,,
gp:AOqpTOEdjSj1B1MXdJMufKLFEgleUD1TV0sw43YRgtX2RLRY54lKuEbwFjdXjeA33EAMaS7HYvbWHyG8wFvs-x8,Beth Fallin,https://play-lh.googleusercontent.com/-uk_1EBJTq4s/AAAAAAAAAAI/AAAAAAAAAAA/AMZuucnPFKmklfzwRrk40TpLPbVd6dbRkA/photo.jpg,Total waste if money.  I need to scan multiple pages.  Not able to.  Need to create separate folders.  Not possible.  Why did I spend $5.99?,1,2,2.2.3,2018-04-04 16:23:56,"Dear Beth,

All Easy Scanner features are declared on Play Store, please check it again.

You can add pages to same document one by one. Howerver, batch scan are tested stable, which allow you tonscan multiple pages within one scan session. We are going to apply for pro user soon this month.

Thanks for using Easy Scanner.
Keep in touch.",2018-04-05 23:34:01
gp:AOqpTOH14UQw4-MiXIx9j15UPukg0vFlbjjyK5VOT5Yh6BlIGTOJqAhDmme8tNdMi5x0ufGR29r9ZVls0BXhGkM,Michael Chapman,https://play-lh.googleusercontent.com/-BQRhwH5fVus/AAAAAAAAAAI/AAAAAAAAAAA/AMZuucm9b4BAhVzd1IsCLzWOTI2bp3LgEA/photo.jpg,This app works ok but I do not seem to be able to scan multiple pages into one document. This function  something I use all the time.,3,20,2.2.3,2018-03-12 15:36:50,"Dear Michael, 

You can add pages to same document one by one. Howerver, batch scan are tested stable, which allow you tonscan multiple pages within one scan session. We are going to apply for pro user soon this month.

Thanks for using Easy Scanner.
Keep in touch.",2018-04-05 23:33:35
gp:AOqpTOGgup1UeoddhvRE4F2iNTAzJCJ-EPgiJadrUp_yr-75QIicOH51pVO5j5sGlLPYq1L_OWnCv6igCfiC2rw,Dammy Adeniji,https://play-lh.googleusercontent.com/-wRF64a1PYY0/AAAAAAAAAAI/AAAAAAAAAAA/AMZuucm5vH83JRsksfrdi3v8G5v2VIhoCg/photo.jpg,Poor detectection of borders and poor for organizing and sharing,2,0,2.2.3,2018-02-17 07:43:14,,
gp:AOqpTOGNk55r1ImSBykwVxXFLmAaWDaH87S9_VQv6ctStIT_5HnnTgJdq_NpsT3yhEF3SyI0V3rzxr8e2-BxlGM,Tim Warner,https://play-lh.googleusercontent.com/a-/AOh14Ghx7XCbn1qxRiB84xl-dtrYi-4TsaCYxWba-YXfDig,Great quality and pretty easy,4,0,2.2.3,2018-02-11 10:15:32,,
gp:AOqpTOGWU_MEcUdSHHsyn_XDbjRqwZGc6TtmDZUXtUkf58qtyfXHaNvNOuxbXxakkmYZifpTW1HScVppGjQEjas,Luke Wrobel,https://play-lh.googleusercontent.com/a-/AOh14Gie3shyCYQlNieHRI2keXt0usW0SxkpLRsUcbMDlg,Its an awesome scanning app. Best one out there for android. Ive tried like all of them and this one has everything you need to scan papers and then do whatever you gotta do with them. Well worth the 5.99$ spent!,5,1,2.2.2,2018-01-26 21:47:45,,
gp:AOqpTOHiX5kvzKN5SrHESIwoNDGQzoyzkX2Icsg5R4ybrZ2HGuGkRvUGkFcjNQ3NbJgJjIDlVIXTw6Xfg1xoWBU,Christopher Reid,https://play-lh.googleusercontent.com/a-/AOh14Gjq15itE82ndZySoILOqWLB24QoVgarmHQ5IHbtVg,Brilliant App! Very useful!,4,0,2.2.2,2017-12-04 13:59:18,,
gp:AOqpTOEoYEwbieovFkD5NMGzfGcKi1VKhOEdwfwMrS8MnGCDFeH1hZZQfgPnz4z4D-caNcoFCWKVhGoPRH-XMPU,BestBeshBestZ Wongworapanya,https://play-lh.googleusercontent.com/a-/AOh14Gi_9an0AUVnLRZBV_hvp8cdTlXDezcN8lAX7Ng,awesome,5,0,2.2.2,2017-12-04 03:02:18,,
gp:AOqpTOHYgU2R9NhOKYCgKGwz_UnRmOU2utYVdfyoPiY7LHFvPhwpi7vbkU0e_l49Tk_hFNSlm31CfCEe4iuPEl0,Craig Silman,https://play-lh.googleusercontent.com/a-/AOh14GhoyE2sA031bH8Qe4cvqKQLxrifgrzFZWiDmrVJ,It sucked. Waste of money.,1,3,2.2.2,2017-11-18 19:24:45,"Dear Craig,

Could you let us know your trouble so we can help?

Regards,",2017-11-29 08:22:27
gp:AOqpTOH1HZ6YzhfipJ1PsZhweNTbPugXW8SX6PxTQ6MvPgemGb1NC4GJBw-08iuFDmV_OHvpdvmMIYMPe4qCXOo,Saurabh Kumar Dubey,https://play-lh.googleusercontent.com/a-/AOh14GgW9dc1PMq2iqsSqagGHETEsflrITlzgQrZNIkD,"Nice interface, useful menus.",5,0,2.2.2,2017-11-01 05:08:08,,
gp:AOqpTOEK51icM8QsoogHbZczz2vKFdB0LayZyPqCsS4FB1OE9LoZoWVOAxp7LuLpx-WKkAdncL9jOl2ozQTMN1A,Thilina Bandara,https://play-lh.googleusercontent.com/a-/AOh14GhwtcYlb4HTGbfTf0OQtivGvmoyBFPbY2wcCw0vYg,Best App,5,0,2.2.2,2017-10-27 01:01:44,,
gp:AOqpTOEzHWCthamVHoCNov_MlUPcOxkzFNAcsO17P9JpJ5UB43lvIKE-1P_OVq972VOumBLxRjz_3QrOewkpShI,Eyad hameed,https://play-lh.googleusercontent.com/-6XQ20MEfPFU/AAAAAAAAAAI/AAAAAAAAAAA/AMZuucm-hK2l84Bw1Nhz5vSnkSIe6wbtzg/photo.jpg,Good,5,0,2.2.2,2017-09-23 00:03:11,,
gp:AOqpTOHK-mlrV4E8BfFm414vUw8knLxNoX7ZemwnrJp8qp9Hte6sxGezPyMvy0ypAkF4SyYwJbPpDm9_B80ful0,sakti perwira,https://play-lh.googleusercontent.com/-UQ_T2UImrgc/AAAAAAAAAAI/AAAAAAAAAAA/AMZuuckFMYEAKjU5dtz2UxlAbgdx7U9W1Q/photo.jpg,very good app,5,0,2.2.2,2017-08-25 21:54:19,,
gp:AOqpTOGhl8DiJjO4bPM7hSsHyTrl__GmYmlcDTXqVSkFq68R-uYWs9EeqY4nrSuCq01OlM4AspbxAQhcV8orzuQ,KISHAN SOMAIYA,https://play-lh.googleusercontent.com/-YndT_CecfWk/AAAAAAAAAAI/AAAAAAAAAAA/AMZuucm8veh-JQq5c7LSYKGAFAup1maJCA/photo.jpg,"The scanner .... Class of it,'s own",5,8,2.2.2,2017-08-22 05:40:14,,
gp:AOqpTOFZeZYBeUtsJzdRUxOnSq69mfV9x6nwe8UxArQnUFPSSpUou1Q1LxKDmp6-PuePDe28EPBS36tXzKDa2l0,Rajesh Mahanta,https://play-lh.googleusercontent.com/a-/AOh14GhtUIDzckrIa83brjJ1uvo8xAP1LQ8peA0EdCyIrA,Thanks,4,1,2.2.2,2017-08-18 10:46:41,,
gp:AOqpTOFpx7ZrbQeajMKHREK8q4glT8eYZmC7OXKdncIH9wHbU_tZQqogsmvHn_aP5l2CsxM8S3CDLZSdxmbJDd4,David J,https://play-lh.googleusercontent.com/-mnkYMTyd16k/AAAAAAAAAAI/AAAAAAAAAAA/AMZuucm8UNXO2Ci92dRhCDoUDCH2X-RgIw/photo.jpg,Excellent tool and fast way to share document,5,0,,2017-08-15 06:20:57,,
gp:AOqpTOGna2zUV5qZRSIHHhY5OY38UyA9xZMel2rsVeFfhn5nQY7KTaDn7Exe5J88rqNN5tA2r0toXZQdU7dxol4,Thao Nguyen Trung,https://play-lh.googleusercontent.com/a-/AOh14GiTysNusGSlK6MXZ67llrfAsHEG-tpB3AOsY5xoWw,Very useful app help me out to send PDF instantly,5,14,2.2.2,2017-08-09 03:50:20,,
gp:AOqpTOGmGTIuXCrZeuW0O0Nw0loKesIm8YZCmOVpJw9ofQTBBkVtLEKix-2d0b0JUgHUVJm-_eHh_jfPQnkodLw,Tom Larder,https://play-lh.googleusercontent.com/a-/AOh14GjG0ro8la0atWXHVaw52HMeZ8dWJCiXkKucIDAr,Worth it!,4,2,2.2.2,2017-08-02 11:55:58,,
gp:AOqpTOEy24Ky0klcie8tLcdB6viAjcURnYVI99QTk45-HMZUMnEUs5Mv5-y_zqST5uqGJThLQdMY4zQYyBsYe0k,A Google user,https://play-lh.googleusercontent.com/EGemoI2NTXmTsBVtJqk8jxF9rh8ApRWfsIMQSt2uE4OcpQqbFu7f7NbTK05lx80nuSijCz7sc3a277R67g,Not sure,4,1,2.2.2,2017-07-19 21:38:48,,
gp:AOqpTOFIxie25k_NVOERdsH9Ob5-1a6IcIY31M2DPwkfIG1r7GB73CYfhAIqVEXVF0KMeV_SpkypRstXrLCd0hY,Linh nguyễn thùy,https://play-lh.googleusercontent.com/-JYz7IM-_h8Y/AAAAAAAAAAI/AAAAAAAAAAA/AMZuuckgy5mdraWxXMiBKZ_UAXOGKWKNBQ/photo.jpg,Awesome scanner app for docs and pics and great PDF options... Amazing,5,16,2.2.2,2017-07-06 08:57:54,,
gp:AOqpTOFm_x8ZmCQ2CH03RuALhEajR8RMrS2LrULN0gHcXS-GGraDIBCr7j-KQ6cw07GQJS9SVxlIcgYlQWEjJ0E,Marie Beaton,https://play-lh.googleusercontent.com/a-/AOh14Ghz0Cmb5vDmbsgLM_rDxUm4lVlm8T7HwAmv4nzU,"Works VERY well for small to medium scanning jobs while on the go. Use it to scan and resize homework to upload to online course sites, scan medical test requisition for storage and sharing, scanning old photos from albums, etc. Very handy, cropping feature works well, sharing of scanned images easy.",5,21,2.2.2,2017-07-05 08:30:49,,
gp:AOqpTOG2R02iqQOgGtmHtYEhMYiT2RtgfCAaDTh5xX4g3hkECY13vnTxJ64zha5qynNC-PDJJky74wx6tvV8gfE,Nitin Garg,https://play-lh.googleusercontent.com/a-/AOh14GhUY1Zfza_W1N1zzU2AJ1scEQFvxbrPpUjorGBWQg,"Fealing cheated, it doesn't auto detect the borders on Android phone.",2,1,2.2,2017-06-19 08:55:01,"Sorry for your bad experience with our app! The accuracy of border detection feature depends on many elements such as brightness, camera's quality, the contrast between background and document, ... Hope you can try again and feel the difference!",2017-06-21 10:00:16
gp:AOqpTOEI35fIyFPQaaCJGum5LoxNs1NrIwuddptK25ydzlrBddtNw3MaUNtqU-S1m1g5VjV7WF17dLxeD1MCgQQ,Ticky Tabujara,https://play-lh.googleusercontent.com/a-/AOh14GhnaJEaKIhdO5BNgGYutG9BxbfCWKYIwkyUTgPF,It works perfectly. It saved me much money becsause I don't have to buy an expensive scanner anymore I can just scan documents and send them on the move. Very convenient.,5,2,2.1.2,2017-05-27 09:40:29,,
gp:AOqpTOHFVRVq_bZ1OqpiFfPYp4LCPfJSwMSyuAd1o0ROTwRKXiBMWMTe8e0x27aEh-1LI08wLGg-sRPL8o_VXKc,Sparkling Gem,https://play-lh.googleusercontent.com/a-/AOh14GgREUiNFaYGHy5d5ex25HX1d1cPPnl7B41zKaL_BA,Amazing app. Save time going to a scanner machine. Perfect PDF quality for printing documents,5,5,2.1.2,2017-05-24 04:08:04,,
gp:AOqpTOH4y9q6KyOn8ZxKOWdg4HJmCasYe4yP4cJh-bRcKGfv2arlp7pW1oq8Vi8Y851FUdRj87AVALJzGoQbvoA,Khánh Đỗ,https://play-lh.googleusercontent.com/a-/AOh14GhNXssXDgPmZu_N6DbiuTVelZllwR1zSZMPd_BsBA,Best scanner app!  Very easy to use and beautiful design. It helps me a lot in my business. It keeps my documents organized and has many powerful feature behind little three dots. What I like the most is Save feature. It has many options and can export my documents to pdf or image files.  Keep up the good work guys!,5,2,,2017-05-23 21:38:34,,
gp:AOqpTOFd8Mnu6E4miCUp_Zkx-O2SZM3_uq9uGPf6B1ZzyEsEJ1pcJKxgYQRpEfMgUTDf1eTLJNSuiN8HyP1X-0c,Shy K,https://play-lh.googleusercontent.com/a-/AOh14GhwEQYWvf_vCpOtdpq6Ztzi_x_m08hn9nxv7P8yKls,The iOS version of this works so much better. Why don't have you an auto capture feature. Once the document is in view the system captures and crops it automatically? Would like to see a better user interface.,3,5,2.1.2,2017-05-13 19:19:54,"Hello,

Thanks for your feedback. 

Live screen capture have some issue about quality, small text is out focus sometimes and not stable so we do not apply yet.

Anyway we have new feature to release in next few days, we hope you will like it.

Thanks in advanced,",2017-05-22 17:30:31
gp:AOqpTOHMMhTE0-hxeNZxZdqWIhvUFRlAO-53vUhSSIin3JTdFYTh-Sy09hTCtQPyKz9KAxJQqwaALtrjVai2f14,Kieran Duggan,https://play-lh.googleusercontent.com/a-/AOh14Gjb0o_lgmtXI8nCc7rzbwyKWJvb96p5PV_mHM8C,"Simple, easy and convenient for my work files to be sent without setting foot in the office to submit anything. Recommend trying it out.",5,8,2.0.2,2016-11-07 11:07:48,,
