reviewId,userName,userImage,content,score,thumbsUpCount,reviewCreatedVersion,at,replyContent,repliedAt
gp:AOqpTOGpEtyzkrqIdvfWbLM4XHHUvqqplFZx6xi3m-yKns6sQvtupUhbUPiJoNpACCJCwlC5Z_uN87ldMBDZzdY,Shannon Lawrence,https://play-lh.googleusercontent.com/a-/AOh14GhAQspfTb0-nVGsmF_F-qoNYVHbT4t4WoTHAirP6YE,Good,4,0,1.5,2020-01-15 05:31:12,,
gp:AOqpTOGO3YjmtBRdzE4-yrLXjQOrfHdnCayvSEzRKDqENM80XRqgSDaHU8wX6KOliJZkJl2X27QKM2Ti_l0FsQ0,Stacy Skubinna,https://play-lh.googleusercontent.com/a-/AOh14GjVsP-7PCTODfpJExZqh_NVIRO_T40tTo05ZiKoCqw,Love this app because of all the information it provides. Always up to date!,5,3,1.3,2019-04-18 17:59:05,,
gp:AOqpTOEMHvrUoBOW1cGfndsUW4hz5u08HL0l9Hln4uS1kRqbuipwZHANb7l_st7j2uFERsLVD1OsDj_UBNOASLc,A Google user,https://play-lh.googleusercontent.com/EGemoI2NTXmTsBVtJqk8jxF9rh8ApRWfsIMQSt2uE4OcpQqbFu7f7NbTK05lx80nuSijCz7sc3a277R67g,Love it!,5,1,,2017-07-18 08:45:48,,
gp:AOqpTOGOM8jICDf0WmtRhmEWwjbgHb4vuGWgqaJX6ESSRHfo5-q69HdwdfSFip4XpSFnH0-CP1UVkOl_PWl4m_w,Kris H.,https://play-lh.googleusercontent.com/-kFooYBloxNM/AAAAAAAAAAI/AAAAAAAAAAA/AMZuucmTaeXYRX9Z-GJd_7AbQceBfSOIsw/photo.jpg,Great idea,5,0,1.0,2016-06-27 16:38:35,,
