reviewId,userName,userImage,content,score,thumbsUpCount,reviewCreatedVersion,at,replyContent,repliedAt
gp:AOqpTOFd4Lspk7n3pizwqrnd4DNcUDQDYaepd_lM82f29jU6vRFq_BE3FhIEnV-MMQgN5Du_ArHaVUfdBfE_0Tk,Samantha Quiroz,https://play-lh.googleusercontent.com/a-/AOh14Ghj8N0NN3R9eDWZ43OjG7A6a2r04G3HlvYyFjeP3A,Love this!,5,0,17.0,2021-01-29 18:01:06,,
gp:AOqpTOGbzT5GPTRHaxx2j7yChMYqgi3-wTv4d2kTeqlgkiSKfRvnLf1BFmz8jAvoe4sGB5a8J0gm3xAKVUdzkg8,Nicki V.,https://play-lh.googleusercontent.com/-GeOr9V8b6vE/AAAAAAAAAAI/AAAAAAAADic/AMZuucl21aB2GOA5gFKTJSebUeP4rMdPzQ/photo.jpg,It's cute but the Lite version is free and basically the same. They have the same patterns and fonts. One would think for a paid app there would at least be updates.,2,1,17.0,2021-01-12 14:08:25,,
gp:AOqpTOGrd6nhsliZPRdvYlaCk1MivdxRC4x36jZ8x-JMkIZJV7wPnNPjElmSBNNO8gUICPkxGTKTYh1QAkJ5D3I,Autumn Abner,https://play-lh.googleusercontent.com/a-/AOh14GifyiqrVKI5DLulFz5ZmTbLBIOywPk678VzQ5oxGA,Love this app is easy to use and fun. Wish they would add more backgrounds and such but is fun and cute.,5,2,17.0,2020-11-27 04:27:36,,
gp:AOqpTOG-HGjb9LC7VltrLCWICcDF3IsFv6kn7x5QU4SHTsFJvQvWpgYQMmW0jhDAN3O5g1Xi3J7wBLW9O0l5wgI,AS A,https://play-lh.googleusercontent.com/-2MDkGL88Ry4/AAAAAAAAAAI/AAAAAAAACQU/AMZuucnUytfeMFYgpVrLO9QRkCoV-6V06Q/photo.jpg,Just LOVE it so much! Some times I just play making different designs. Made multiple backgrounds for every season. People always comment when they see them. Would love to buy more design sets to do more.,5,2,17.0,2020-04-01 18:53:51,,
gp:AOqpTOGDtZsQUtDQDGOk9-alWM0fZZWgUMKI_7gft3HdaAylIlTpeZeqelvkZxK_6-ZuM2SOykOiNRdnPZPRPzY,Tiana,https://play-lh.googleusercontent.com/-Fu0_z_xerQ0/AAAAAAAAAAI/AAAAAAAAAAA/AMZuucmM2WYMhnHEk9X3ExhN5LA8QZFzMA/photo.jpg,"It's a nice app but what you see is what you get. They don't really update the backgrounds or fonts, so eventually it becomes obsolete. There aren't too many holiday options either. Definitely could use a little love and attention for sustainability.",3,9,17.0,2019-12-06 03:50:17,,
gp:AOqpTOE2SmYT5p1GEnjhY7hL2WEwplQ6F4b_by8zQh29pCqxjPp4vVWXJ4KqDZOJcuIrpC3Ok7rMQHc3BV-8eYA,Carrie Miller,https://play-lh.googleusercontent.com/a-/AOh14GixuTtnWnavRqDxUi9mKwG5041M3y2N3NTy_tpzQw,"This is a great app. But seriously, you need to add more holiday backgrounds. Their is nothing for thanksgiving and all the Christmas ones are the same as always. Switch to some new backgrounds and fonts. I would then give it 5 stars.",4,15,17.0,2019-11-05 13:40:20,,
gp:AOqpTOEhTPI6-E7pazstkO6f6ot1xcP3pa1C0fOUsb-Wez2F29Y26RRYi_Jda0ri0LO6VWgOCS-BtH2QbURKw10,Amy Hodge,https://play-lh.googleusercontent.com/a-/AOh14Gj5TWsBI__Qdv_LGUWXRgaS2DD7bddVwwSwO3hhLQ,wish the gingham checked patterns worked,4,5,17.0,2019-06-26 17:54:07,,
gp:AOqpTOFGG8vEqXx1o4IwqtF2mFylM4RrWM0i_XLwYljxNTqL_lbCNyI2GR8t2DBlcaonO3StEI1t29X4qqWPesU,Terri Gipson,https://play-lh.googleusercontent.com/a-/AOh14GjdbWRUylqTV9PMPeMFyCDqRE_1pMZYLbohyNvhYRs,one of my fav apps. love the variety of choices,5,3,17.0,2019-04-23 10:14:27,,
gp:AOqpTOETWArMyrdhsXIGRHmRPRO_gD9UMaT39xqE3VrOI3p1K2CnNF2XejYLv-wh3nwQJZWtWodxoyfV_naR6CM,Elizabeth Brewer,https://play-lh.googleusercontent.com/-fV6RN5sCE0U/AAAAAAAAAAI/AAAAAAAAAAA/AMZuucnmzjrwEV6dyq7yT66Y0Cim52nriw/photo.jpg,Loved the app until you took the vine monogram away!!!! Please bring it back!!!!!,1,1,15.0,2019-04-03 12:47:39,,
gp:AOqpTOHXeeEH9nF64deKuXqMui_i85ZlHKzh3eaxCGA3WFA1EqMVh2Zwml6FNNVNl623NJQoMiSVLEwq0Z0YJFc,Kayla Sawyer,https://play-lh.googleusercontent.com/-mJokms3n_BU/AAAAAAAAAAI/AAAAAAAAAAA/AMZuucl7lraM7QXAwxF_4lV_4M-ygJhRLw/photo.jpg,so far loving it,4,2,17.0,2019-03-12 15:00:59,,
gp:AOqpTOHtbbz3tQvNNMA4CaaPhUTyNdhuYrM5ElL7HO-XNo4wGjjoSrfTFz5gXv14FVUzb6JNcttB4cb5l0OObFE,Christy Mccall,https://play-lh.googleusercontent.com/a-/AOh14GgPrrtxn28lHUETvo1X5if2Xa8lO0cS2N1ifhRVvA,Awesome app!,5,4,17.0,2019-01-12 10:00:24,,
gp:AOqpTOG1d2-7LFBTdzDL3fz5es7_tgSmk5CMOODAHZNhWxqqw_KBlX4MrFOjEBfl2yEryTcWS-n937mF-ghR8Uo,A Google user,https://play-lh.googleusercontent.com/EGemoI2NTXmTsBVtJqk8jxF9rh8ApRWfsIMQSt2uE4OcpQqbFu7f7NbTK05lx80nuSijCz7sc3a277R67g,"The app will open,but when I hit the plus symbol to make my monogram the app stops working. I was so excited too. when I saw that y'all had added it back to the app store. I bought something I can't even use! Im really disappointed and I use to love this app I had used it years. There is no options for me to update because is says its already updated. I opened the app and it closes as soon as I hit the plus button.",1,1,,2018-09-16 19:52:54,,
gp:AOqpTOEEpv4w5t51MPVhgs23VHR7PSIbmbH8ar7Wt2dfUCSS-8LyUZjKcs9T0kAlrGN_ede0u05ZvRe1tfRZBMA,Taylor Hill,https://play-lh.googleusercontent.com/-OLDqc34y0lU/AAAAAAAAAAI/AAAAAAAAAAA/AMZuuckwFX6DZa67WQpg7i8ZW2JPuPxtJQ/photo.jpg,I don't like you cant do 2 middle names,3,0,15.0,2018-07-30 17:06:14,,
gp:AOqpTOFVX_Ja9b0JxnDqGWKFP2RO10QBEvowzyPz8eZTG5OcV-1GAoSsSlLJcvNDEs0XZ1OiiDc9XGpJ0ktnOtM,Valentina Simmons,https://play-lh.googleusercontent.com/a-/AOh14Gj73Etjc4v0lDJNbvj1SXiS54-T6RMgOsaUQ4cjsg,"Absolutely loved this app enough to pay for it. I've barely used it since 
the vine font was removed. Highly disappointing.",2,2,15.0,2018-07-15 16:10:50,,
gp:AOqpTOFjlWqJwNXsXzINmTZYZ2-PV7Dut4D0klAND25CaMyHfr9Smxk4kGIkE2HyP3vqD81ah9wTy6m-T2VyaDE,silversone 300,https://play-lh.googleusercontent.com/a-/AOh14GgInPyOb8KBLeGvL06LIUM3jKt5RrafUT9c-YM,Love is i can make wallpapers for family and friends,5,0,10.0,2018-07-04 10:27:54,,
gp:AOqpTOH9gtICQW9HPVlGMD2iijBHISzG-V8ualUzCva0kZbPZLDcSkqGtlSrNBNGVWukeUhf8s4aw5dt0Uv1GvQ,nascar pays,https://play-lh.googleusercontent.com/a-/AOh14GibKNdNnyqIrs7hE0_xqBz4Xjw6Fh2HNZs3_gwnNK8,Bring the vine font back,2,0,15.0,2018-06-23 17:30:51,,
gp:AOqpTOHo8oLx7uIlRKJQmSvtwEKhmaleOxGEuYg3G6mM8wcaXXOdtueGrej-cpyG2fBmxjOJegPu5YJjl_jB2JU,Brenda Tennyson Peters,https://play-lh.googleusercontent.com/a-/AOh14Gg-8cb3Q8pW-6CXwiGEjaYAflDvH0DO1UsFKjFgBQ,"Had the paid version last year but couldn't find it when re installing. Re 
paid and now paid version is no different than the free version. What's up 
with that? Very disappointed.",2,0,15.0,2018-06-18 19:09:13,,
gp:AOqpTOFiiFWJRsnW3mvpYfjQ9DyJWv3VXOScXAFfllVmhU80oFgKv2YA0vzJFDnb5-j-YhpqOpiy7feVox092Q8,Patty Smith,https://play-lh.googleusercontent.com/a-/AOh14Gjfokou-TtACd5QuKbHPMKkureOc35PtblGbnuMuw,Loved this app till you took away the vine font.,1,0,15.0,2018-06-13 05:27:40,,
gp:AOqpTOEeZYAT53Ug6llMU48_WD8JfiRP1_Xza2w7D9bkWXlL0K9NKsoO2e59UKxKSp1ATHKijVjbAgy42dI33CQ,Tammie Marshall,https://play-lh.googleusercontent.com/-94L0Nkwio5Q/AAAAAAAAAAI/AAAAAAAAAAA/AMZuucndgidSDcpBebX9vnKRRBqMiYIGAA/photo.jpg,Why take away the vine font I've used forever please bring it back,2,1,15.0,2018-06-03 06:45:59,,
gp:AOqpTOE8oXqDzxyetMqNSOC1Yli3OtYp20ANmpuAM4TSjLoWPFsUXWzjPwNmHc10HJQ_F65Kj_5v2moMGoCaEPE,S Cortez,https://play-lh.googleusercontent.com/a-/AOh14GjHw67K_tP75fk9z9-QVJ3jx1NB0_kKdPtAF8IXhg,Love it,4,0,15.0,2018-05-07 09:54:24,,
gp:AOqpTOFh-sefT_o9JAwTWkolgVpMTxJbp2H7rD6tVhmXPnsRH1q_yacl1eJwbEGP3rfRfqzjlOY0-ZwV-7jImvM,Kayla Forehand,https://play-lh.googleusercontent.com/a-/AOh14GjfHLQ79FTfWDfQ7teahVyN0qRAiPXVTTAMmYIZzw,Amazing well worth it,5,0,15.0,2018-05-05 13:57:58,,
gp:AOqpTOEWYR9zFUmrK5PWAly8CAysoQw3hxsTyyLKH3QDePGoz3mHAxJu449ZZVHoBTtsVNWWsL5Ng6gpDPEGrNI,lindy perez,https://play-lh.googleusercontent.com/-nUF-ALxtZTs/AAAAAAAAAAI/AAAAAAAAAAA/AMZuucm0WXuAnZpmB1mdYvsT5fjHtswNMw/photo.jpg,"Like everyone else on here I miss the vine font. The other fonts you offer 
don't seem alined or centered. Very frustrating considering I paid money 
for this and have been using it forever. Now pretty much useless. Can't 
even go back and edit my old designs. It was the one font I used the most.",1,10,15.0,2018-04-28 21:35:06,,
gp:AOqpTOHDM3UP7X58Fd1eIkCrhOzRWJcSVnG252GV8OGrBFIvbHSKoHCyNbh0_wRdIaZaol8MWPHvQM2uJG8NHuk,Chrisanthea Reed,https://play-lh.googleusercontent.com/a-/AOh14GjCGYb6NAbEeOn_ytHbVSw4ItyS_KokgRHTQjfHw7U,"I purchased this app over 1 year ago When I tried to download it to my new 
phone, it's making me pay for it again.",1,2,15.0,2018-04-19 14:10:24,,
gp:AOqpTOFkLXtTJpopasJN8lRZDWnlQG6HwVrSbky0LvwbRGVE3Ui9Lt-NwtVQXnD9lOinHPAmLj4WLb5MhC5IXJs,Faye Thompson,https://play-lh.googleusercontent.com/-TCQGokSHTCg/AAAAAAAAAAI/AAAAAAAAAAA/AMZuucmSFDa_zqxLmG9oZlGDPTSZrjuCtQ/photo.jpg,You need new stuff. I love this app.,5,0,15.0,2018-04-15 12:40:18,,
gp:AOqpTOH1qBHanYGYdh2A2os1xWz4wa7fRbEXiJk_gHyRBTY7l1-xELgE_o1jX9qI43_dcM_349ASyy_0u7nQXL4,A Google user,https://play-lh.googleusercontent.com/EGemoI2NTXmTsBVtJqk8jxF9rh8ApRWfsIMQSt2uE4OcpQqbFu7f7NbTK05lx80nuSijCz7sc3a277R67g,"Love this app!! It's the best!!! I really miss the vine font!! It was one of the many reasons I purchased this app!! It would be wonderful if it returned!!! I would have offered 5 stars, but losing vine was extremely disheartening!!!",4,3,15.0,2018-03-29 20:02:13,,
gp:AOqpTOH2GdRztX5BH0m-i3XgIMiuhc5uH0CVZjfByoBdip_QuEXhTY6pReYkClYUmQAhtYW_Jxm9cd74EXBVk70,Marie Moore,https://play-lh.googleusercontent.com/a-/AOh14GiFylKeKxql34GTyIkvpY5JC6lWmhMwBSH_O4EOJnI,Love it,5,0,15.0,2018-03-24 17:19:24,,
gp:AOqpTOHaVicwXiE0jLTFW5ux_jrQncet6lMmfJppNaRO5c6_N_w-bC9xC80qf26d6zcdjsSgkuhu_A_gNEN9vro,A Google user,https://play-lh.googleusercontent.com/EGemoI2NTXmTsBVtJqk8jxF9rh8ApRWfsIMQSt2uE4OcpQqbFu7f7NbTK05lx80nuSijCz7sc3a277R67g,Very disappointed in the vine font monogram being taken away!!,1,0,,2018-03-19 14:47:17,,
gp:AOqpTOHIjWRMmvOiNXPJP6SFX9AkKpfgcXolkD2x5qbRjoS_GvwI3F5JN3nk7eYPj-pGkMuvfniVkS1o5i5VieM,Dianne McNorrill,https://play-lh.googleusercontent.com/-DNXXMFib8fE/AAAAAAAAAAI/AAAAAAAAB5s/AMZuucl2YVICrW5_CMTlih1IU9IVYZkPXA/photo.jpg,My favorite app until I went to make new phone wallpapers and the vine font is gone! VERY DISAPPOINTED!,1,7,15.0,2018-03-07 19:56:46,,
gp:AOqpTOEyy-5zrmIC9ZlMZU4LmHKV_r7fbnVzw4MPd4T8VhFkKpscZbqky56HWmyKMdr6v1xN1JM_ui3YkhlzHzI,A Google user,https://play-lh.googleusercontent.com/EGemoI2NTXmTsBVtJqk8jxF9rh8ApRWfsIMQSt2uE4OcpQqbFu7f7NbTK05lx80nuSijCz7sc3a277R67g,Loved,5,2,15.0,2018-03-01 03:46:46,,
gp:AOqpTOE_Wfx2ooUNyata8hkz5ct0pSCdZymH6cYLXcLqbKb0SgyHzCaUDcTSY9VJzNIBgLPtqfAzOl-MQf-fZFk,Tangela H. Beard,https://play-lh.googleusercontent.com/a-/AOh14Giofk3T0t6ZMfbYWkcoy81edzLlF8G0YAUid4KAYm8,I really like this app. Please add the split letter monogram. This is my favorite app ❤ Please bring back the vine font. Pleeeeese 😥,5,1,15.0,2018-02-21 22:09:26,,
gp:AOqpTOFB6gnY4qCiAGlixAiJjJ6pY98DOTnkf0im2Drw11glBXArNf_6drcxrU4SYqjU7SKjY0pvCrp2Favfx1I,Kimberely Doerr Martin,https://play-lh.googleusercontent.com/a-/AOh14GhkQKGyiYavgC1Qu9w_U8R5HFUSmRKptsS2bWqu,"Wish there were a way to import fonts, but nothing beats it if you're in need of a quick monogram. Thank you!",4,6,15.0,2018-02-05 08:08:45,,
gp:AOqpTOEOcNvxxzrD8k-RtdjiLI_NdEls02KkrLs41awLdvMQItRh0lfb0tHqxGcmSuIYX08fzcv33rofwi3143o,Amy Plott,https://play-lh.googleusercontent.com/a-/AOh14Ghr6y1f2M6I2M-neI4VEZBqXqD_MOecZu_qqLn3H0Q,Best and easiest app for monograms I've tried,5,0,15.0,2018-01-28 12:16:23,,
gp:AOqpTOHJd9bjx_XeQM-fPZQJPe25CZDkqHtZ30ehrttTZvD0rsoeRWGIc34uEx-SfwZHX9KfJEU9j4y0w4v2ukQ,A Google user,https://play-lh.googleusercontent.com/EGemoI2NTXmTsBVtJqk8jxF9rh8ApRWfsIMQSt2uE4OcpQqbFu7f7NbTK05lx80nuSijCz7sc3a277R67g,Why did you take away the original vine font?! I loved this app until you did that!,2,0,15.0,2018-01-27 06:18:48,,
gp:AOqpTOHFn4kLKWMOxVUDmC_aElNCPwBs9Qx7hbHzlZ9lvFwOCR4rFkorkdxuFTuxmix-4B4ZImX-SJvzcsz0UGw,Starr Clark,https://play-lh.googleusercontent.com/-UjYTFY-1igk/AAAAAAAAAAI/AAAAAAAAAAA/AMZuucm9ErA-1n8DWU4_mGy2US6gNn1piw/photo.jpg,Love it!,5,1,15.0,2018-01-20 14:12:37,,
gp:AOqpTOFua68De0q9_sqdJVPLD6S1C2UL_ExfB3BL7YtqBKSCGiodmMckdO5JCc_aoZn3Z-1qD5QaMjapKDnAqI8,Jennifer Morton,https://play-lh.googleusercontent.com/a-/AOh14GhF0Hj8z7GJKLQCi7fdcXmqdNJnkDPrmlOc3MEgKA,"I am giving 2 stars due to taking away the vine font.  I have used your app for years now & all the sudden, the vine font disappears?? Fix this & I'm sure a lot of your users will revise their ratings.",2,19,15.0,2018-01-13 18:32:06,,
gp:AOqpTOGzK-KYZDIOhpldOFcpb6j6Naj7i8MBv5izdfZmDjzfgbz79ZC41mIO0h3wTVQMppdsYFP5Ff2Cu0RpVfw,Tasha Norton,https://play-lh.googleusercontent.com/-t0rSEgZfK8w/AAAAAAAAAAI/AAAAAAAAAAA/AMZuucnuuY6PyPS0vfsWVbD1CCOyY6Jvfg/photo.jpg,Loved this app until you removed the vine monogram....BRING IT BACK!,5,6,15.0,2018-01-13 15:42:23,,
gp:AOqpTOEGVag_CBEXKLbYAYLbISHMAtMBPfrIMDC-rIc8HjgNnuZwmZn3hhWQOpUspofDk4CAuMEvjSi6i6ujIgM,Meagan Harris,https://play-lh.googleusercontent.com/-2iN7XKCPVEI/AAAAAAAAAAI/AAAAAAAAAAA/AMZuucn9COMNqqnNovotZDEQpP8N4CWc9Q/photo.jpg,"I love it, but I'm really missing the vine monogram. Please bring it back!",5,8,15.0,2018-01-11 16:58:00,,
gp:AOqpTOE1q5qnpjNrDTawKLMI04sfU_mb8YoVHpz72nKOX4z3N4fkwvCUA5YWGgulrUnO9SsAHmc3x05Zwg7W1m0,DENISE HASELDEN,https://play-lh.googleusercontent.com/-PrFUg5k2G-g/AAAAAAAAAAI/AAAAAAAAAAA/AMZuucnNqoerczu7dDqrkrt--Mr8Wixusw/photo.jpg,Love it but please bring back the vine monogram!,5,6,15.0,2018-01-06 17:32:11,,
gp:AOqpTOFrqujdXOCXx3J_AGI914PWuMTHx-Am7aqQzbkNBglrLFZMSFbKBr9GSMcSn4Z3LVk7k58ivvlbZsYYB6g,Brooklyn Truscott,https://play-lh.googleusercontent.com/-6qYcEGq0QUs/AAAAAAAAAAI/AAAAAAAAAAA/AMZuuckLQBr4659bYh1-RC6S8N5Jv8bKiQ/photo.jpg,It doesn't work for me anymore. I have the updated version on my S8 and it just gives me a blank screen :(,3,0,14.0,2018-01-04 22:05:59,"Hi Brooklyn, I'm so sorry about that! We have fixed the bug that was causing this issue. If you update the app to version 15.0 it should now start working normally. The problem was around the auto-hiding navigation bar on Samsung S8 and Note8 devices. If it's still not working for you please send us an email at support@firelitstudios.com! - Derek",2018-01-08 23:59:21
gp:AOqpTOHF4y_aIMJ_wbsstkje_fs6dp5Lh_z220gqWnRZtshfs52F1T986nwL5X1ytJWPghYhHGUkY5GgJjSUKHw,Julie H,https://play-lh.googleusercontent.com/-YYi-B1TKKKs/AAAAAAAAAAI/AAAAAAAAAAA/AMZuuckfIt1a76WeIn0_RxlCGWirXoVfuQ/photo.jpg,Sucks! I want the vine monogram back! That was the whole purpose of buying the app!,1,17,15.0,2018-01-03 20:45:30,,
gp:AOqpTOELKUfUJawFTe5o3UqVDlcpmV00fcoSnbVT-7ewazDj18R850fnQkHgN6ZiyKrkKj49x_y8hveYd77MpIM,Makeyla S.,https://play-lh.googleusercontent.com/-tk0uA3wE0aE/AAAAAAAAAAI/AAAAAAAABfQ/AMZuuclc_QHBUXHOY7brBQy9B671xQ8ZcA/photo.jpg,"This app was great, but it will no longer allow me to monogram it just gives me a white screen.",3,0,14.0,2018-01-02 04:10:20,"Hi Makeyla, we're really sorry about that! We've fixed the bug that was causing this issue. If you update the app it should now start working normally. The problem was around the new auto-hiding navigation bar on Samsung S8 and Note8 devices. If you're still having issues please do send us an email at support@firelitstudios.com!",2018-01-04 00:00:37
gp:AOqpTOF1FGyvzBikz0nfT7m0f2Ab9WHKf9wdsu8rClIKrPW_ymFh03Gchx3IlQC7TmedCUjDi63_IBX7soQ4l64,A Google user,https://play-lh.googleusercontent.com/EGemoI2NTXmTsBVtJqk8jxF9rh8ApRWfsIMQSt2uE4OcpQqbFu7f7NbTK05lx80nuSijCz7sc3a277R67g,I paid for it and all I get is a white screen,1,0,14.0,2018-01-01 14:40:48,"Hi Tammy, we're really sorry about that! We've fixed the bug that was causing this issue. If you update the app it should now start working normally. The problem was around the new auto-hiding navigation bar on Samsung S8 and Note8 devices. If you're still having issues please do send us an email at support@firelitstudios.com!",2018-01-04 00:02:02
gp:AOqpTOFarMMvtni1r8omeqkJP85XxUZyKTgS8NCCMvqibSNNejRYg2KaEEiret3q56xy8VwyDfExVYq3LOmxwAI,A Google user,https://play-lh.googleusercontent.com/EGemoI2NTXmTsBVtJqk8jxF9rh8ApRWfsIMQSt2uE4OcpQqbFu7f7NbTK05lx80nuSijCz7sc3a277R67g,it worked for one day and stopped i want my money back!!,1,0,14.0,2018-01-01 10:09:55,"Hi there, we're really sorry about that! We've fixed the bug that was causing this issue. If you update the app it should now start working normally. The problem was around the new auto-hiding navigation bar on Samsung S8 and Note8 devices. If you're still having issues please do send us an email at support@firelitstudios.com!",2018-01-04 00:02:18
gp:AOqpTOH_H9a9r88woimQBgGtb7fYG7NOiY-JCXUxEmv43yuHC41GralGVRAg1O02r2Pjq_ZAtVy-y5r97L8QjIE,M. S,https://play-lh.googleusercontent.com/-6ej37G3xLCY/AAAAAAAAAAI/AAAAAAACLVQ/AMZuuclvNcoXU_t0_KoQIugmu2kzbSxEgA/photo.jpg,I usually love this app but since Android last update it will no longer work on my phone I have the Galaxy S8,3,0,14.0,2017-12-31 12:28:32,"Hi M., we're really very sorry about that! We've fixed the bug that was causing this issue. If you update the app it should now start working normally. The problem was around the new auto-hiding navigation bar on Samsung S8 and Note8 devices. If it's still not working for you, please do send us an email at support@firelitstudios.com!",2018-01-04 00:03:41
gp:AOqpTOEOq3p6DJM1E6y8TOXcogBu3KOfPD9NDTf4l9RcX3nI5OH_KZZrjhDZDkoMIBMQGk73jeDumhEE62k97hA,Danyelle Blalock,https://play-lh.googleusercontent.com/a-/AOh14Gj0sIGKTriLXX1JmIw5yE0jUsuDpKJrFJenH-opRQ,I have had this app forany years and loved it.  Since the new update it will not let me open it :( I have sent many pleas for help but no contact  yet!  Plz help me fix it because I love this app.,2,0,14.0,2017-12-31 08:36:14,"Hi Danyelle, we're very sorry about that! We believe the bug that was causing this issue should now be fixed - if you update the app it should now start working normally. If still not working for you, please do send us an email at support@firelitstudios.com!",2018-01-04 00:06:24
gp:AOqpTOGuqmWv8rZErkWlfJ7ivTfvnIMJrMoVN7xQUs30cgOyn-YV_Zijkx_MLkRgzUteXnhmVucih2dkV-FIT9o,Rebecca Harrell,https://play-lh.googleusercontent.com/a-/AOh14GjeRHZ_a7HyhJXrQ9QAK1pDutuSQGI-6aZrA1exLA,Right now I can't get it to make a new monogram. When I hit the plus sign I get a white blank screen. Please fix it.,5,11,14.0,2017-12-30 20:17:34,"Hi Rebecca, we're really very sorry about that! We've fixed the bug that was causing this issue. If you update the app it should now start working normally. The problem was around the new auto-hiding navigation bar on Samsung S8 and Note8 devices. If it's still not working for you, please do send us an email at support@firelitstudios.com!",2018-01-04 00:07:13
gp:AOqpTOH-A0BHEq91c0wbP09FMMeBPPUxeS83xgnezHEcdmgAoWaU3KQh6gWcK_LZh_cupoeruqZtLDjTx0Yzg2Q,Tara Lewis,https://play-lh.googleusercontent.com/a-/AOh14GiZ5LglyHp3tCsNK9hK6QArCIR2sNuDlFRjrnd8-w,"After the update on 12/24/2017, the app no longer works.",1,0,14.0,2017-12-30 10:25:09,"Hi Tara, we're really very sorry about that! We've fixed the bug that was causing this issue. If you update the app it should now start working normally. The problem was around the new auto-hiding navigation bar on Samsung S8 and Note8 devices. If it's still not working for you, please do send us an email at support@firelitstudios.com!",2018-01-04 00:07:29
gp:AOqpTOHrlZnYjsoa6Sz1l_jzABDhTOaWN5vcNIH3zCq_wk1LNAbqObNZv_nmwZJuIdgr0ojS6ku98oo4NYTRHyE,holly montgomery,https://play-lh.googleusercontent.com/a-/AOh14GhWpAcjX5ObRb30M6IJgDCwRrSyA8jt4TfX6RjCsg,It's just a blank screen,1,0,14.0,2017-12-29 08:29:57,"Hi Holly, we're really very sorry about that! We've fixed the bug that was causing this issue. If you update the app it should now start working normally. The problem was around the new auto-hiding navigation bar on Samsung S8 and Note8 devices. If it's still not working for you, please do send us an email at support@firelitstudios.com!",2018-01-04 00:07:44
gp:AOqpTOEmh0Uv0DIIRalEXmfpiTL-nL9xiVESsJC8cB-DdVafvZ0toCzXqR0WqrUZLmrC5JagS4zfBRO-ANJ-8kY,Beverly Butler,https://play-lh.googleusercontent.com/a-/AOh14Ghy0cIftu95dXBuPqopaRaAjhbtk7DHdPhUYXNMMQ,"Thank you so much for bringing this app back. It is amazing!!!!!! I have been watching to see it back to download. I didn't hesitate, I bought it!!!!!",5,0,14.0,2017-12-28 23:52:56,,
gp:AOqpTOGIUysOGm2a0uiCWWpg1getFm-OltAo41PEf9XXE-kOvOMP3ZWQUsnOexJgDWTOnyUJ_AsAEMwRFNFE7wc,Debra Butt,https://play-lh.googleusercontent.com/a-/AOh14GikGeg0RnPcRKDQDDk1_LOYx_DDXQhLZwnJntlLsA,Can't get it to work,2,1,14.0,2017-12-28 20:04:48,"Hi Debra, we're really very sorry about that! We've fixed the bug that was causing this issue. If you update the app it should now start working normally. The problem was around the new auto-hiding navigation bar on Samsung S8 and Note8 devices. If it's still not working for you, please do send us an email at support@firelitstudios.com!",2018-01-04 00:07:57
gp:AOqpTOGVAQajSekTtNIZjLMrl9vmMNQS26UD_YaZg47Sfj_sNPpDCwML2gncB6rZ4SZnG72HLD6D4bq5gfmqm3w,Fran Poole,https://play-lh.googleusercontent.com/-u8TYE451PvA/AAAAAAAAAAI/AAAAAAAAAAA/AMZuucnD1Fc7aYCGL_2DoOS8mIRD5c4_LQ/photo.jpg,I can not access thw app anymore,1,1,14.0,2017-12-28 15:23:27,"Hi Fran, we're really very sorry about that! We've fixed the bug that was causing this issue. If you update the app it should now start working normally. The problem was around the new auto-hiding navigation bar on Samsung S8 and Note8 devices. If it's still not working for you, please do send us an email at support@firelitstudios.com!",2018-01-04 00:08:06
gp:AOqpTOFXtx9bttFFuDNVDBfN1CS6tiS-Kc0d7Mw5C4_Bvwffm_YrqSR54mvxr7746OCkMyBxJ7IiEkPHCA-g3jc,Chris Caston,https://play-lh.googleusercontent.com/-jYRmbBYDiRk/AAAAAAAAAAI/AAAAAAAAAAA/AMZuucmtK61fK_52JNnzcYAds9i6GjKJ7A/photo.jpg,Don't have the old styles we used.,1,2,14.0,2017-12-27 21:55:10,,
gp:AOqpTOHrZ0KIsfhAI_-SEb6u1IkMenvHaXNf2E7TYzhOUPE8M_55R4z4xE76fvIwf_rj2rDFJZK8eRzXhjb34f0,Kristy Townsel,https://play-lh.googleusercontent.com/a-/AOh14GjK3f5dhgN_esAia7CpVRg6KcuplZsqhHqhgsJz,Still can't access it even with the update  there is just a blank screen,1,3,14.0,2017-12-26 22:12:51,"Hi Kristy, we're really very sorry about that! We've fixed the bug that was causing this issue. If you update the app it should now start working normally. The problem was around the new auto-hiding navigation bar on Samsung S8 and Note8 devices. If it's still not working for you, please do send us an email at support@firelitstudios.com!",2018-01-04 00:08:15
gp:AOqpTOEROjHfhYtQSs34cCcFYPVKyirFX5F4Pgw6V4nZvL_C9c-1RiF7KJE_gaNflqJ-Vyw3FTNQhayuSA7EUMg,Conseka Parrish,https://play-lh.googleusercontent.com/a-/AOh14GgqY3mYIuHalCeGbJJNbq_GZA2ct3Hv14OF4Yvj,Cannot access what I originally purchased!!!!! Big Let Down and Major Upset,1,8,14.0,2017-12-26 13:37:55,"Hi Conseka, we're really very sorry about that! We've fixed the bug that was causing this issue. If you update the app it should now start working normally. The problem was around the new auto-hiding navigation bar on Samsung S8 and Note8 devices. If it's still not working for you, please do send us an email at support@firelitstudios.com!",2018-01-04 00:08:23
gp:AOqpTOFriIzfK1ISXbrKzDz1TLrzNnSqI-SJa64xBQ2W9uypQEitUa3FqFzs_n760Xs36-1aTwEkn6IUDQW-E9o,Ashley Lucas,https://play-lh.googleusercontent.com/-DeidMjgvlTQ/AAAAAAAAAAI/AAAAAAAAAAA/AMZuucnjgUWackiRdeai-0OAcOzzz7D7Ig/photo.jpg,Can't access it since the new update. Paid for the app and can't use it now.,1,3,14.0,2017-12-26 10:45:59,"Hi Ashley, we're really very sorry about that! We've fixed the bug that was causing this issue. If you update the app it should now start working normally. The problem was around the new auto-hiding navigation bar on Samsung S8 and Note8 devices. If it's still not working for you, please do send us an email at support@firelitstudios.com!",2018-01-04 00:08:30
gp:AOqpTOHGvwhW3d3bwl1WS6CqrFwScjHqrXhC73Ih8fBaGhsjnepFu4NA1NSQNZmdoAnKle3wZ1Xvft3qXnqLObo,Sara Fowler,https://play-lh.googleusercontent.com/a-/AOh14GgF4KCxd8Ksa3n82z_PSKA8rfkDn93S3aBkgt3_kE0,Best monogram app out there,5,0,14.0,2017-12-26 04:20:38,,
gp:AOqpTOGmuat4ioT9lXPPV5VBz88gLdnteu3rywq-uW7M4-llPMzZo0nc91R8o03bH95ezHJNGGb1ze4K-4IaztQ,Javannah Hinton,https://play-lh.googleusercontent.com/a-/AOh14GiXdhXVU09JzLTj1-pW2ehMqN07jYptq4H8ElE1ep4,I updated and still cannot access content. Paid for this app and cannot use.,1,2,14.0,2017-12-25 15:15:14,"Hi Javannah, we're really very sorry about that! We've fixed the bug that was causing this issue. If you update the app it should now start working normally. The problem was around the new auto-hiding navigation bar on Samsung S8 and Note8 devices. If it's still not working for you, please do send us an email at support@firelitstudios.com!",2018-01-04 00:08:38
gp:AOqpTOEU_K_iqOsWocToUPpjain3gjp1YQrvMjoQlycapBTr9touGFiV42_RF3-mtnG-55wB1lo97UyQe9aPKbo,Tricia Binnion,https://play-lh.googleusercontent.com/a-/AOh14GiU29FS6_KFabaRYZMVylNl1FcQtLUl5GTarsvOkg,Thanks for the update and love the new additions but can you please add back the original vine monogram?,4,24,14.0,2017-12-25 04:08:58,,
gp:AOqpTOHHjH7QIWvq8PtE62HxMnv36NlqmQg8dMumaYEd6n_OAklvVauIHXng4SueooICsel0dbMT3M0PBgmuYiM,김민규,https://play-lh.googleusercontent.com/a-/AOh14GisW2Mz7Cw6AXNsoXLTN1v9BR-q6nl4yC9DimUmXA,Finally!! A brand new update!! Thank you. Thank you!! ❤❤❤❤,5,0,11.0,2017-12-24 22:22:20,,
gp:AOqpTOHSsYFr0a29eoH_Iz42pfNJv9u0Y57spUg1AsZP7vunVd89obP-gsemuRYLrpix66-D3jmXS3Eg0NKjp98,Victoria Leach,https://play-lh.googleusercontent.com/-A554J3zUhc4/AAAAAAAAAAI/AAAAAAAAAAA/AMZuucnR2N-wsP8kl-ysV_31WbbH_wHqFg/photo.jpg,"Loved it at first, but needs more backgrounds and options. I have the paid version and have found some other monogram apps that are free with the same (and more) options.",3,0,11.0,2017-11-12 08:51:32,,
gp:AOqpTOFP21LDO-SEysLGm6S5McdeHwjBcLtc5Q26jUHaonVQ7I2Dal9OaPaDIHMnSFBH2Sl7WQ78LhoHcoiFA94,Kimberly Lincoln,https://play-lh.googleusercontent.com/a-/AOh14Gh-XWPAxtvTIwA97eAqj6lAPrgH0shf60Zy9jpHAW8,Does this app exist any more?  when I do into it.. the screen goes WHITE and never comes back on... I LOVED THIS APP !! where is it !!,2,2,11.0,2017-10-30 17:17:59,,
gp:AOqpTOEiA7KxE8fGOKtbYM8o4NYyVnS_M9c8f4pe3iga7sV1mgSiptLRGi5V2UKZ5hAvigFnnI_TvQ6IFp6rl5I,Unique True Crime Obsessed,https://play-lh.googleusercontent.com/a-/AOh14GhnLI13emQ8t8CvP8aiS2kZ7ha-nuytqNvaWUg_cig,"I see everyone complaining about the diamond monogram. I have never seen that on mine! I wondered why! Well, needless to say, I did some deep digging into this app by using an apk extraction. If you look at all the fonts used, they're some of the MOST EXPENSIVE FONTS ONLINE. Idk if they really paid the prices I seen on the webpage but after looking up sources, and seeing that the app is only 99 cents, I'm sure if you had the diamond monogram before, and it's gone, it's probably because most of the fonts used on this app are like $90.00+. However, I do wish for more options!",5,1,11.0,2017-07-13 14:26:57,,
gp:AOqpTOEHVLb6Uzv6yb9SxnVBSD0gwk2ZbRm1V95_PsAYe4Y66XlrVSJlww3DDBfXlS_eOZyUaVjZuLiPQsJVLpg,Lindsay Ridgley,https://play-lh.googleusercontent.com/a-/AOh14GgkDBprSpsPuIMWJdaJVNZHLr1eHP1kJoUWWm_u,"Like all of the other complaints about this app, I have paid for it 3 times and it reverted back to the Lite version. Very annoyed! Get it together, Monogram It! What happened to the diamond shaped monogram??",1,3,11.0,2017-04-26 06:01:27,,
gp:AOqpTOG3CsFDYwDE2Fkjx9_WWDcp6qYbvsDhp0wnb8TN9ueFI4YxhT9mio6f1oXzPWyuPaaix-6iqLh-26-z4BQ,Audrey Fitzgerald,https://play-lh.googleusercontent.com/a-/AOh14GhE0Y_sNvbJg9qLYp6vWHtod3nedqdG5OzZPR4VQw,This app is amazing. It let's me make monograms for my school supplies and it is very helpful.,5,22,11.0,2017-03-25 15:12:40,,
gp:AOqpTOGxDZLbMxd7y8aYNly6_5uTm_7yL5-erCxWuQQ1D3i36iuT5y8xJw0hSDzSmnkaNByOM6P3yE4iirkYRlk,Barbi Scheel,https://play-lh.googleusercontent.com/-F3zB9GEolgQ/AAAAAAAAAAI/AAAAAAAAAAA/AMZuucm4ziBQwfCXIVHhqyl4QzE5DYVdjA/photo.jpg,"Went to use this app today and it's no longer on my phone. When I search GooglePlay, it does not show up. I searched for it on the computer and it says ""not available in your country"", I'm in USA. I did see that it shows as ""installed"" on the side panel, but can not find it anywhere to use it! I need this app!!!!",2,4,11.0,2017-02-25 11:04:20,,
gp:AOqpTOEGRGLYgutIVUtlKf4wFGcMNgA_C0AZJCNExY8li9B2Q-QEk5Qt92QOvgFFJuj9XAvAK6RI928qqrrD9Es,Anndria Thorne,https://play-lh.googleusercontent.com/a-/AOh14GhIAYKvxJPwpGJj42DAD_1ZeFV80Fv9_RMYLfBNS8E,"I'm rather angry.... I downloaded the paid version...i was all of a sudden switched to ""lite"". I realized it bc i no longer had access to the diamond shaped monogram...i figured it was because i was now on the lite version...so i REPURCHASED the monogram it app. still no diamond shape - though when i first purchased it it was there! WHERE IS IT I WANT IT BACK AND NOW I HAVE PAID FOR THIS STUPID APP TWICE!!!!!!",1,6,11.0,2017-02-21 11:47:48,,
gp:AOqpTOGDKcwgIaGhGdnaJVaYK2d_oshQxsVqjgDfTSQrj5BFcCkHDKuRX14v2wg2YFurVW-pZnfEnWqmyuXYMKI,Anna Fowler,https://play-lh.googleusercontent.com/-MqjyvoP7ACM/AAAAAAAAAAI/AAAAAAAAAAA/AMZuuclndxLGN7BSUtMqMt8v9x-tQEeczA/photo.jpg,Used to be great. I have the paid version wich is no different than the free. Missing monograms now. Never updates with new fonts or monogram fonts it's very plain. I would like to have all my monogram fonts back please and maybe some new ones!!!,1,4,11.0,2017-02-19 22:54:23,,
gp:AOqpTOGHikHZmZKa4ZndCEZSRGjcB9Y6YS18pMsG2ddF4UyfwW4BFAW7Yni-EPyUeXZt48CSGMipDcgVE27LVjU,Laura Jaquish,https://play-lh.googleusercontent.com/-WfQcn1-L2Fo/AAAAAAAAAAI/AAAAAAAAAAA/AMZuucmrPRjoB65zCLdJ9SQ65wCN6PeXQg/photo.jpg,Love this app! Just had to replace download on a mother phone.  Where is the square 3 letter monogram?,5,1,11.0,2017-02-18 11:52:27,,
gp:AOqpTOFau3SKSnfhkOXw_2rVTtEYnIy7xA6rs4xWA-yY49_974lM66pQTXq11Vx9uzcwnN5ZYvqEBAA_gJQlSUY,Yainet Maza,https://play-lh.googleusercontent.com/a-/AOh14GiGmUGVu30j7PNqkZvb87UdflVaXd4a2ljuHAcqPw,"I really love this app, just wish it had more options. More fonts, backgrounds. Maybe even let us use multiple colors on the font.",4,2,11.0,2017-02-18 04:04:46,,
gp:AOqpTOFzOWxOQ_65MDdXnGBc-XdpkaFpLpBsVC79EzuRS5kPh0s9NlPmpxhWQq4TLTy_SHSQ-NxTPLn37LIWXyM,Robin C,https://play-lh.googleusercontent.com/a-/AOh14GjQRyj3CUDTvgcNo_wlHJyukexmJ-Z6nAVsjLyE,"Would like to be able to change font size. After last update the font is too large for me. Also to be able to move the name or initials around (bottom of page or top of page, etc... Thank you",4,1,10.0,2017-02-10 23:44:19,,
gp:AOqpTOF1M7S46WpA4bH4mOIs65yEr17jfh8tJ3opgIGxN5RjaRTCRUavm4DmkNJNALkIFPDBWcGBkiAaHqfp6DU,Jenn Maddox,https://play-lh.googleusercontent.com/a-/AOh14GiM1j9oo17kblsWpm3EkY5wWeHFqfEh9WqehMxtyn8,"It's ok. It could b wayyyy better tho. Looking forward to some updates, l",3,0,10.0,2017-01-22 14:07:17,,
gp:AOqpTOE0V_WqFHqAlyJI6SxKmrDbUFFlHxCduC1r66hWlBCATP_cXWLcu_LWhQICGGQtZvonSP5bgIZKMEQbcns,Debra Beringer,https://play-lh.googleusercontent.com/a-/AOh14GiKjuCn4WB_4N6mzqHNXTwig7DaCpdD22bmXqOUvQ,This is literally the cutest,5,0,10.0,2017-01-14 11:22:55,,
gp:AOqpTOHb2BHuTMyJcmxs4fNpA6gntocj8fPLOQpLbJz3BE6YboE2ElxW-h_8uhjjknJ2mEV0PzHXSq1LMr6nXZM,tonya brooks,https://play-lh.googleusercontent.com/a-/AOh14GjRM0ckag7YelO14tLiGyMNG2WBtn99Q2iQXi-rag,Love it!,5,0,5.0,2017-01-08 19:29:03,,
gp:AOqpTOFrg282fzzAOCdnyFYDy1yIV3gwnNvMlXAixWMNafTAv1sLYuJpm_Je1AHe6GK8DFmZiZviGAPbrjafIEY,Jody Greathouse,https://play-lh.googleusercontent.com/a-/AOh14GhZd-GKTbxHFlGgjEejJrmIoxcaaaHuisLrDg8eXdc,I liked it at first but nothing ever changes. Get some new backgrounds or something.,3,1,10.0,2016-12-23 07:12:04,,
gp:AOqpTOF963Gxhrw9pGuFVwsPNd2MkNivyUGbLQHPBXXF_arpXth0HAxR4hjhCLFRqGnilzvgKquy8WqFRE0PYxc,Jeanette DeFriend,https://play-lh.googleusercontent.com/a-/AOh14GiQDh0M-CkNyNN44Kj8XglRCnkzwsiJQN8vgrLk7_s,"There is a workaround if you don't like the black bars, at least on the Note 5, which is what I have. I basically took a picture of the finished monogram, cropped it so that it was only the background with the monogram without the white on the top and bottom, and saved it in my gallery. Then picked that picture in my gallery for the wallpaper and it filled the page. Hope that makes sense.",5,18,10.0,2016-11-13 17:20:01,,
gp:AOqpTOHxqC6juU6j3uk8JVOMiDJygsaOmI2QZDo1CGQwJ3HsVuM794wGn0d4z0AFUfcqFSniiIX-8dwLxeqv_MM,Sarah Griggs,https://play-lh.googleusercontent.com/a-/AOh14GiNg9BrAc3fVYMgRyu2QC0fc1B6SOmWzFD2nYXe4HQ,"I like the app and all the options in it for preset designs.  I wish I could change the size of things though, like the font size and medallions.  Very limited in that aspect.",3,14,10.0,2016-11-12 21:22:33,,
gp:AOqpTOFDTluMQQI9UlzJenB0aJlq_9Rv3gzxVQJ-fBZScsN0b2SbvJZ-meOBxRSX45P2-nuY3aU0JWeefe5H3-w,Cheyenne Cazares,https://play-lh.googleusercontent.com/a-/AOh14Ghii6W_XLIFHpNRRP33WMIHFiGLqIHmXX29KQqESw,The best app! Defiantly worth .99¢!!,5,9,10.0,2016-09-19 13:14:31,,
gp:AOqpTOFEO4Qx-8vil33cohI0bQj28jbLug-u3ceXDodNM5cW8VWCVRkhHlBzCCUxp-lRqfHLpLL2T0tZUuriew0,What's The Story Morning Glory,https://play-lh.googleusercontent.com/a-/AOh14GgF_-9f1_d3iHf2dgGYRnpUNoffDxognUudDpz-oQ,"I always get asked by family, friends, and some strangers about my beautiful monogrammed wallpapers. I really love this app!",5,6,10.0,2016-09-18 09:19:47,,
gp:AOqpTOG6GSwsR4yQDB2NaXAmVI7907oVgrY2CzL5A3yYGwO1WNBwz-lwmiWDEHwWARp_eebyX3srydfzqlq9sDY,Iya Himecchi,https://play-lh.googleusercontent.com/a-/AOh14GgbcJZQjutgCoLhGn3FKHM2_2xXfnMhfEa2KwF04A,"Love this app!! Easy to use, but would be great if you can add/allow Japanese (Kanji) characters. 😉",5,0,5.0,2016-04-22 12:33:37,,
gp:AOqpTOEU4xx8qSFB4mZ5DkxOIDxwjN6Z_wgwtwCIG2dPM0BbXBSoyGDGNFwL446reB46sDX7G57C7auiLf7em_4,Tyffani A.,https://play-lh.googleusercontent.com/-Ofz7i9YvXBc/AAAAAAAAAAI/AAAAAAAAAAA/AMZuucnHx9uiuS31gBAVv-bJeZXj3USFtw/photo.jpg,"I love this app, but I'd really like to be able to put the tags in other positions. I don't always want it directly in the middle. Also more shapes and background designs would be awesome, you really don't get a lot of choices.",4,3,5.0,2016-04-21 16:35:48,,
gp:AOqpTOFIcO7Z_kVwrqIrUjZSXBNqRvsOCZlvlukNbY3ENMH4ZDhHNnof8nBrhq6hRy0QD5AGcoRRDlu3F-7QCm8,Kristi Little,https://play-lh.googleusercontent.com/a-/AOh14GjwenvxEovssj1XDrOI5VB8uFXhmWtjCPSLvmCcVF4,I would love to have more color options.... like being able to pick two colors of my choice.... but I love this app.,4,0,5.0,2016-04-15 21:42:20,,
gp:AOqpTOETSHDwUsk0wInQ1I3m6u78QuXrsGGD_X_2AekUqcagKzSuV1KV2nhhmyrDwYCIq0PbvXW1z0EPtkSHkFQ,Jennifer Eaves,https://play-lh.googleusercontent.com/a-/AOh14GineQzpmCUf-jKxQf7ySXk4Ndqx9SJ3dKtciYhvMw,It worked for a few days and now when I save a file it's blank,1,0,5.0,2016-04-02 09:31:36,,
gp:AOqpTOH3kGOvZRlWGaG4W_2vMlZv-C-9KjNgWTFVblnGNqT41zWxWxTK2wYNoN1K5BgQOnyMVXfucq2gI00QQ8Y,Kim Knight,https://play-lh.googleusercontent.com/-HWXlztK4_WA/AAAAAAAAAAI/AAAAAAAAAAA/AMZuuclUpntOaLE_HAK72MejWyonKnSsdg/photo.jpg,I use it a lot and need more backgrounds,4,0,,2016-03-28 09:09:40,,
gp:AOqpTOGar7TY8yiuYSXo1ODUz0Y3f-2eQnFSIeSuwCk-0et-PHS4uikiiO_z7zP_5yR0YlCbk50Sm-eaC9kp0Ok,Cassandra Whittington,https://play-lh.googleusercontent.com/a-/AOh14GiBCTtA9C1KCoFMIKAxRxA8I709FshZIX-X_Ps0Ng,Love love love the multitude of options,5,0,,2016-03-15 14:14:58,,
gp:AOqpTOEn2zfj2FHbohjB1ER9bD2xU83VRXgMTljMaUa0kRSL6vcNqUHvRUAGTvcI8Q0Ng1aqgz4evPFtzNXkBdY,Penny Smith,https://play-lh.googleusercontent.com/a-/AOh14GgdbPe-TBwAAfy9pFP8UjB43Lqg1M6LhM-CgnCv,They need to give you more name options,3,0,5.0,2016-03-13 18:07:30,,
gp:AOqpTOGrIhyk7R4uRtRD0hbn4PpXJb6VtGYVZzj7wrtFXJo5mW-xiy-36EzuAiOVbNjzJxN2OZn9_MoCpwsDjc8,Jennifer Maynor,https://play-lh.googleusercontent.com/-GcFEeT1B0r0/AAAAAAAAAAI/AAAAAAAAAAA/AMZuuckAUWL1uX9UL9CqYPfIhFWW_AJBGw/photo.jpg,I have tried and tried to get the font size bigger on my Android and there is just not an option to do so? Am I missing it? If not why isn't this an option for Android users?,2,0,5.0,2016-03-03 13:23:27,,
gp:AOqpTOEQ_faVRBi_9HACz_GGMzc1vwqNlqxEbh-9cj1rW4fpB0mh17M1OdSrM2_YxoumLxRe7roW_NP1YpEDUDc,Patty Pena,https://play-lh.googleusercontent.com/a-/AOh14GgogZ-oE2XjqBXU7725C-C5Sh8XKuRrfvN34uB94g,I like this app except for the fact that you can't type anything below the Monogram. I hope you will allow space for date or subheading.,3,2,5.0,2016-03-02 22:06:20,,
gp:AOqpTOGUkeNGO9ggNh5LxVYb34_wHv0pmex2ifjiRu2QenEJGZainTa9lDT0jeK5HxYSxr0vqhiFBZDvOaqliiw,Pamla McNeer,https://play-lh.googleusercontent.com/a-/AOh14Gimpqb_aCCL-TPumE88aK-Fo_lenfMSatGsSmsBAA,I wanted sparkle and it is not there it is the exact same as the free one. Also it will not download on my tablet.👎,1,0,,2016-03-02 02:59:03,,
gp:AOqpTOGnl4Rlk2LQ7TFuI3qxr4X27cofn19ISZF4oJ0_-sZ8OfE11jYb5hqGYgtQHF04ENtThhgXSDgHA_jHixM,Dovie's Place,https://play-lh.googleusercontent.com/a-/AOh14Ggzw3Y9wvUNCADNqdr5UDS3wZlGAn3fTzIzLzJnSg,This is so easy to use!! I would like to see a few more font options for the monograms but I love that I can email the font to myself!!!,5,0,5.0,2016-03-01 11:27:38,,
gp:AOqpTOHNxFWFzq5WOcv053cjjccbAydSRCtQ2OHOkY6l0xuVb1cqtoFHS0LUWPGOwppJ9YCX9ESAvED6UVPWN64,Pamla McNeer,https://play-lh.googleusercontent.com/-jIQGE4Key58/AAAAAAAAAAI/AAAAAAAAAAA/AMZuuclPqQkLerzmTog3XJqXdQ6sMCimew/photo.jpg,"I have already paid for it, and it will not install! I need this app. Not happy at all.",1,0,,2016-03-01 11:03:16,,
gp:AOqpTOFJo77d6XqBP7NQz2ju8V0fPi73kU77EqbFgoUfU93zpRaZqji_C4PFmGMMyiM0dhk2kuGU7RisoK5SPfc,Jourdan Carolan-Winterhof,https://play-lh.googleusercontent.com/-CO1BO56U8tQ/AAAAAAAAAAI/AAAAAAABFaU/AMZuuckvvuECbua0T0zZkMjhw6GMhDty_g/photo.jpg,"If I'm paying for the full version of an app, I would hope it would be updated regularly. I'm disappointed.",4,3,5.0,2016-02-28 14:31:03,,
gp:AOqpTOG5yYGldjuVq9Ai8GowyGpLLegwIXV192N9jYyUuMWLvtIQy6ceUD2G0yLPsC3zp-Ia2tYt10PMS8rmcE4,Leigha McVickers,https://play-lh.googleusercontent.com/a-/AOh14GhBhTXgx9uSPm-6eGshm_-BRu-WJqWcQ6uC1GOBIA,Everything is unlocked very cute wallpaper way better than the lite version,5,0,5.0,2016-02-26 13:25:31,,
gp:AOqpTOF4FYbqAhe-VR9hdhLN6RENwZkh6JnzZ4G-6-urf-zfRnU7Bw7mPdH-4oMvZ3FHtlwBfTpWUTHYsWAhOHo,Nicole Fulwider,https://play-lh.googleusercontent.com/a-/AOh14GgpkwCxxpnCaOzZc2xiiwej6MP7zhEJ4-ayrQXOMw,Luv the selection and the font. Perfect,5,0,5.0,2016-02-23 16:39:10,,
gp:AOqpTOE14GSg27Q70vdf1W06M8-mNJqiuPp3XFHLAP5Kj9tEHa8SZmVOeQYpJj1XvoIPRjxwPdzlTz4FLRViG1g,Nicole Walskey,https://play-lh.googleusercontent.com/a-/AOh14Ggdg-7WZH1h7PdGkeEhmaSwfVnVWJzIccfIw2RW3w,Best monogram app ever. Lots of choices and many uses!,5,0,5.0,2016-02-15 20:58:02,,
gp:AOqpTOER0dJMopIvHhQodw5se_GUzfa0zbQCwYXhxIqMWnztzb1lzvphX82jnK2SiPoJJYCD0ylr_mS0xHySGXo,peachyy _,https://play-lh.googleusercontent.com/a-/AOh14Gh6L5lRQ3_MEFv0zMlX2brZFpR5y8eVgs7hZXl5OA,The app was fine until all the sudden every time I try to use a another background that doesn't come on the app it says out stops working. The backgrounds on the app work fine.,3,1,5.0,2016-02-13 11:27:13,,
gp:AOqpTOGlZT7IRIFICh1pV1WST4Pay2gLzms0wbnvmYNacTSX6Av8QexoB84MTJhtR8vOCR7wO8-wYUq1OBadbgA,Stacey Flowers,https://play-lh.googleusercontent.com/-6XazKsMbj28/AAAAAAAAAAI/AAAAAAAAAaw/AMZuuckj9-dSsvmZFq0XJHpyv09zP7LTcA/photo.jpg,"Please LABEL the colors! I can't distinguish between black, dark brown and navy when I use this app for my jewelry designs!",3,12,5.0,2016-02-10 14:02:25,,
gp:AOqpTOHRZTcS3Rm24o8xKVLQYI5hWo_kInS9C0OF0FfTkOayUQBBhrAMfl_7Iwa2GLhkt5695tohrNZi_gSRKYE,Brenda Williams,https://play-lh.googleusercontent.com/a-/AOh14GiZvAvS6qfBQsdob7tiqJ0rz1w7y_WWP-ly3lKoxeo,"I love this app, however the device I used when purchasing the app, I no longer use. Is there a way I can transfer it to my new device?",5,3,5.0,2016-02-04 21:46:35,,
gp:AOqpTOG8x_K3ct_oe4seIQAjTRi1h2pAv5YyYbiQJTTmJHbVtFzXfcm1JJO2NyavfUtVnEcL7sa5NQqH3KiDUYE,Leanna N,https://play-lh.googleusercontent.com/a-/AOh14Ggp6yStupt6n7Ww42Ci37oBqMPc3thKVhUbXvoY,Beautiful backgrounds but it doesn't fit my screen. Refunded.,2,0,,2016-01-27 16:51:36,,
gp:AOqpTOEVRagAykbTIIjCt5jA8R_MjpdZxkpJi97R3aki1sZMOzFashqybuE56GuUKkvD0v7QIOyBt0U_7HzIru4,JORDAN STANLEY,https://play-lh.googleusercontent.com/-caYi4pEcBwg/AAAAAAAAAAI/AAAAAAAAAAA/AMZuucnZ1s86Oc6nXgOdIMMINkoJ3yEDcQ/photo.jpg,ITS AMAZING,5,0,5.0,2016-01-13 16:02:19,,
gp:AOqpTOExhKqfihU6s2Us1Q6GT4BvQkS15YAHvo2N-ZIj5NFWTuvjMgHrMQVoPwHH95-z0e8XsvSJ0kGnWGP3zTo,Destiny Irvin,https://play-lh.googleusercontent.com/-UlMsoPtuzU0/AAAAAAAAAAI/AAAAAAAAAAA/AMZuuclwx1QGHFY-2C772oeR0PyQxxm9ag/photo.jpg,Great graphics!!,5,0,5.0,2016-01-10 08:39:29,,
gp:AOqpTOFk6orR3Ms8ulR7SiHRxT971phTrDVVQSGfYG0TJ1_wqNGa9OkTVtuLfU_lLpQY34EVi1mEd-BbZ6mZPX8,Ashley Jones,https://play-lh.googleusercontent.com/a-/AOh14GjEuQ_YQ6iOhWAbG5WTz_8DoSK4vsrqtblCeIal4w,Amazing!!!,5,0,5.0,2016-01-08 16:41:05,,
gp:AOqpTOFXL3hj6jYxe6zJjx3jRNf05L6DqANCQyHcEufJ3LQIRqtFQTvCwqce9318EkWMgsGUrpuooFeqmqXapXU,Jerrika Caudill,https://play-lh.googleusercontent.com/a-/AOh14GjFkHlRIl_AlNAJX9HT_N_BHfXiZB6qgu1ZF3Tj,"I like it but it needs more wallpapers. Please add more wallpaper! But anyway, the wallpapers available are super hd and I really like that about this app alot. But everything else is great! 👍 just add more wallpapers.",4,0,5.0,2016-01-04 11:46:24,,
gp:AOqpTOGWTJvQ08e2LhsUFlZCHfdqDyA8M1YEaKRJl5s_hY5NDGsHzsBcixWqYTS5ZThpq1jKfbO-rXHh_2NvM7k,Mummy Oxo,https://play-lh.googleusercontent.com/a-/AOh14Ggh2Kxmz5Codt89rcuFxHnqqztkhti6zwUDni93Hg8,After using the monogram it lite app I decided to upgrade and buy the paid for version but was so disappointed to find that it's exactly the same as the free version,3,0,,2015-12-31 02:56:58,,
gp:AOqpTOEHvI-aH3Rp71gxG8vciqQ1vpjjkbbTnGwz9s_r_Yx5KsiWrPl3XmDgnq7AiKcsgRhDU6QNRpYIKPW9_vU,itzz ny,https://play-lh.googleusercontent.com/a-/AOh14GgvxsCn_UGYdx8vtlVxj9r8j3dy9aLaVcJ4pC9PRA,I got the gift card,1,0,5.0,2015-12-29 13:16:58,,
gp:AOqpTOE8y5hLRxe582BmN0HytC3Mg6rnZdNgkKWMMvePvUvQZsyZFx663-8Fx8GRDAv9bjd-KVeDqiUi-DMhnSg,Amy Dahl,https://play-lh.googleusercontent.com/a-/AOh14GhVGOXGE4Yngu38Lg9yt9yKxPFIh63LK1fbi2_8,Makes great looking monograms.,5,0,,2015-12-17 20:07:01,,
gp:AOqpTOHG0_wD-Euva4ww0YlnXOtPLPN3PHeqF9TawiO1DUrniZD-GKeay8kkGOKC7LWCGzYBUveG4R3j1_4wjZc,Lauren Kirk,https://play-lh.googleusercontent.com/a-/AOh14GhcEVRIROuzXwDN6KP9Jcx9mm90WD6zKhTC5KJ8VQ,"This is DEFINITELY the BEST monogram app on Google play! There is a wide range of colors, patterns, frames, fonts; you can even use one of your own picture as a background! I love this app and I highly recommend it!",5,4,5.0,2015-12-15 18:33:05,,
gp:AOqpTOFwlwYnAhBCqaXCiaFBQQ87M7X3zwFnorVe8UJAEhFBRWbvTyLOCRzYInd4crTVlzg8x_t3YauomuxUFEw,Misti,https://play-lh.googleusercontent.com/a-/AOh14Ghjic-9kL9_kGLHxhKILvI9AMOWv6JdJ2RVjBuO8Q,Love It,5,0,5.0,2015-12-12 10:10:10,,
gp:AOqpTOG9ljBDw1jrh_hxqdhVU7S4B5hQVivSJCN6xGcl4C-nIyR5W0Nu1fLV67CiH-mtG1RKnX_bTkVGhKP0-CA,Amber Bates,https://play-lh.googleusercontent.com/-jw5alk5AUsQ/AAAAAAAAAAI/AAAAAAAAAAA/AMZuucnF0D4pUeRYZDGR9RdO_8fUfMldSw/photo.jpg,I love what I can do with it,5,0,5.0,2015-12-05 18:05:19,,
gp:AOqpTOHA_C8z-SXAm691dcF7aaAHGOOBbQT336hcE6y1D9dJ5XhKFFtWEM-NwGkEQ3PzOCGW9loKCovkIy_vX7o,Hannah S,https://play-lh.googleusercontent.com/a-/AOh14GjDy2a5eUoLQ3HSg1yxiK7D0g95aY9Qy3YBruJN,I used to love this app when I had it on my iPhone 2 years ago. I have it on my android now and we never get updates or new backgrounds.... Why did I pay for something that never gets new features....?,2,1,5.0,2015-12-04 19:18:43,,
gp:AOqpTOHKHiEno1JM_DypoxPuBqCVJ9Jq9k7lpCQxnCcueaHdVbOEsuK2Tjt117lLFlPiP6ZXmYewZCjcNP-Rlto,Anna Zimmerman,https://play-lh.googleusercontent.com/a-/AOh14GhfU2C7-uCpNBpzfLs5tcaEfbHW6ZOn89j_BFuGlJw,??? Otherwise it's a good app,4,0,5.0,2015-11-28 09:07:46,,
gp:AOqpTOE-Qf4gCs3K8BVGU9a-btjN0Z3Glf0jKHHhobojece0Td3zwTwk2fyH-n8bP3SsR_rxd0LKSxPLdt1ySqw,Ms.Kayla,https://play-lh.googleusercontent.com/a-/AOh14GhXtkwovZ_DMfQzlSLR-u7284d34sy9ZpHTpirHfg,Need to update it....,2,2,5.0,2015-11-27 12:46:46,,
gp:AOqpTOF1vRQhBJ1VzB78MooMNMKXfASIOs3ordQkjJJyg89SthOlrYatrFGYaen7Rc5vSirVt1g-u3vYEsbn11A,Katie Gipson,https://play-lh.googleusercontent.com/-vOg--75kKKw/AAAAAAAAAAI/AAAAAAAAAsk/AMZuucm8gFNvuPIfDdorpyfDLMXFZlwk1w/photo.jpg,"I really liked this app on my old phone,  but it doesn't fit the screen on my new phone. Is there anything I can do to fix this?",3,2,5.0,2015-11-26 21:49:23,,
gp:AOqpTOHTeitnu5uDsWtvg0oOOYBHFJMJJ2iQ6XgauaGZbbD-YSY_s9iYXFxD4fW5pH7RY06lKP-5pYchxYqqrQE,Tiana Bishop,https://play-lh.googleusercontent.com/a-/AOh14Gg-Jt3-75EOneN5Cjgwun3-ybnZlA14I3t4Hs8NWQ,Need new layouts please,5,0,5.0,2015-11-17 08:36:14,,
gp:AOqpTOHfs_TXfsD_IpfmP3-fSigaZfo3DNO2hjEV_ZtnJitngOcogp1yA4P2jesfRhJ2RHWqrgHlV8qA2ywDYgE,Lucy Lewis,https://play-lh.googleusercontent.com/a-/AOh14GiuGfSpDVLLqS08uE2gHFTN_FOkg-3JnCxO5lqm,"I absolutely love this app but would really like to see more and nee backgrounds, emblems & possibly more fonts :)",4,0,5.0,2015-11-16 19:14:38,,
gp:AOqpTOH425cUZbVkiuK_Q-BfXVTHnxMx8AMVlgvImZBZO5Y_p7k9Ful5w80N_myDaPq9uwDxibcQCABraHPsdQM,Kimberly Romero,https://play-lh.googleusercontent.com/a-/AOh14GidhNAPE6ce4YZTO2iqLpgy20djVN-zNKhGGrFySg,I had this app on my tablet and i loved it. Sadly it wouldnt let me redeem my purchase when i got my new phone but i still bought it again and have fallen in love all over again. I definitley wish more wallpapers were added as well as more fonts. And if you could resize and move the monogram around tht would be really cool,5,0,,2015-11-16 15:02:00,,
gp:AOqpTOGdoUfByCheBa46-lQucKeu5m88m6-9iNK6YNogLj54EMVXy6q-SIfcBW0UAOGFl-FdhcUiIQrcPNfdNjs,Bailey Bassett,https://play-lh.googleusercontent.com/a-/AOh14GgOGNAl-8HIKOkggN7TcFYLgUhQ5Fnd-x7DDVQi,It's alright but really needs some new backgrounds....has not had any updates in forever....just boring,2,1,5.0,2015-11-15 11:17:05,,
gp:AOqpTOFAl0wHU8IHlIRV3NrstNqFhboP-5LOOGne-TNSRjm4hHAUvK5BjYhfTFAoSDWyk-ZSqJhetL8Msp4WLhE,Miranda Clark,https://play-lh.googleusercontent.com/a-/AOh14GiZL9M2Gs2rjuDMbTbB_QyBGOviW01tHPaMgIU8,"This is a great app except: my friend had this app and that's what got me to buy it... but she had the duck background but I couldn't find it. I didn't have it as an option. I bought the 99 cent one, too! I looked everywhere and it wasn't on the backgrounds. There wasn't an update that I had to download to get it but I was very disappointed. Maybe you should fix that. Thanks.",4,0,5.0,2015-11-07 15:40:34,,
gp:AOqpTOHpuF-QzRhq3yzjxRJortZh8zy5cWv04H7pj-bxzPdJ5Gnqv4uWdjUoalzJImosHaL5oXr_Vzhg0yAPqVI,Denise Nicole,https://play-lh.googleusercontent.com/a-/AOh14GgYSymJMr6O7hHfXTnHf5i9cCv-dbjsop52nu5Ocg,Mgf,5,0,5.0,2015-11-03 17:32:00,,
gp:AOqpTOFepKhT_NPhi_ATizLMaix0AWpUzsS90IaH_EB9gNi_MG7AYW3a6f3NHlAbfwGxwqCUXKzDskBKu9o7qvA,Lisvel Hernandez,https://play-lh.googleusercontent.com/a-/AOh14GhOGkKkbQgSbFUMUTvuKeskWIpKA1hGiHGWf5ddmmg,"The app it's really cool but I think that some things should be added. Things like the ability to move (or place) the text to any place on the wallpaper, not just the center... Let you resize it, add more fonts and shapes.",3,3,5.0,2015-10-26 07:38:13,,
gp:AOqpTOGeTA6kYfiyk-fyrZbJKg1efb6Dk-5yWaefPICU0Bm0Ts-eTVpkCTKPs1-lkcnJPf8SrEKvOeS85_7Ruto,Cherie Roberson,https://play-lh.googleusercontent.com/a-/AOh14Gi-ayDAjda_vCii3cx0uK5YYIYQXjrOYK199RjGCQ,When will we see a new update with more choices,5,1,5.0,2015-10-25 19:32:47,,
gp:AOqpTOF_UL7KVbN53ngoM1q47Tev2T8rVFXZGeylSbWpO6_uKiqcMJb_2IOdtng9Y0BGCsuBoHD0_syuuS4G5ko,Joanne Mooney,https://play-lh.googleusercontent.com/-5pBJNku5iQU/AAAAAAAAAAI/AAAAAAAAAAA/AMZuuckkIYxnqZJqJ7ZPVZiNaWHEjSgdRQ/photo.jpg,Loveit..it's fun!!!,5,0,5.0,2015-10-25 13:28:20,,
gp:AOqpTOF3Hk9fuDvlFD5Z3WBEFbv8K7S5XhSIznSlAkqdeVSy5V0_l2q_MSV4p_Y1XzTvc-r0GYhfTVG0OUlFT90,Maggie Moore,https://play-lh.googleusercontent.com/a-/AOh14Gh7OZZn5V2LI_f0v-KJj5zca1wFYuLLOoTz9Uty5g,It is a very good app but it needs new backgrounds.,3,0,5.0,2015-10-23 17:48:06,,
gp:AOqpTOGax5CWLu1dGvl7fLy1f6aL6laVuyYUIXj2Hs4W6E-p8Oix8PaD1ziCz9iK10beyvmKxpxX0sMMCum-Dp8,Jodi Allen,https://play-lh.googleusercontent.com/a-/AOh14GihWVYrnZRFUOCNOkfTumqTAavJbypKDtk10W27vg,"So girlie, so fun! Thanks so much!",5,0,5.0,2015-10-21 19:59:25,,
gp:AOqpTOEuSjzt6r1hhoVUcmaZKQ_0JmH63FDP8_6F1ca_Crs08y3YCMr9aIk9BOhbjp_S42Wb-52MlXUhHHmCCF8,Amanda Claybrook,https://play-lh.googleusercontent.com/a-/AOh14Gjlw3BqYzbGAyKAZrMJk_tJnibBD6eK1Z7m5LGn5g,I like this app. Would change my rating to 5 stars if the capability to adjust the size and position of the text and background shape was added.,4,0,5.0,2015-09-28 18:40:30,,
gp:AOqpTOEhdpH4xJWtOjYNF8mf01iqF9wDmqmI-iH5nA_q55vYVlrMCIMHs2I75OHYw5GlU8-a9SNusdqk4it_Q3Y,Sherry Edwards,https://play-lh.googleusercontent.com/a-/AOh14Gjil_3lDTZLBnEtxCWM9wnuIAZhB084CyVxQcharuc,Easy to use. Would love some new additions!,5,0,5.0,2015-09-26 20:50:40,,
gp:AOqpTOHhW5rvnhbFxvmFUu6VAVEScvWX_qyt4i67HnOerrpUHD-HsC82rFjGaAnQ6M-riZnxx0rx-s_gd3LmIzY,Laura Leftwich,https://play-lh.googleusercontent.com/a-/AOh14Gg7c6oz9wbd00OWtGG69DkmeTltemgnpTVQpBZKzg,Charged twice for my tablet and phone.,1,0,5.0,2015-09-23 16:12:56,,
gp:AOqpTOHmH2eopY3lEWwR9JKuoZurVVL_JUZrq2swkW4ExMoEb6vvI72yZQXSdK1v6OZaV2Iou-WT6WKD_tN5iMM,ananda enyndita,https://play-lh.googleusercontent.com/a-/AOh14GjP0xV-cC0WRGPSRe6V3979sBNYGjZMJcykC6QJZxU,Like it so much.. 😍😍😍 can mix n match colour,5,0,,2015-09-20 10:27:16,,
gp:AOqpTOGu1tc34YVoyG_e2MqAvlKxjftjvYE-JwAFG8Kqg0kxipYoFpe4-9nesJMDY0jZ9x4WW4FkHG6jqegAqcI,Moni,https://play-lh.googleusercontent.com/a-/AOh14GhO-trTgZzsnZGo0hKp5uw_gRM43DA20bH2kIMO0pg,I love it just love it,5,0,5.0,2015-09-13 16:17:49,,
gp:AOqpTOFKDjqFzFmiuY42z47GVkZnwWaG-ky6Z-zLgq10q1iT-qDk6P2i3Hj2-tXrtDy40WC0OmlY3c55XXjMHHI,Crystal Capps,https://play-lh.googleusercontent.com/a-/AOh14GiCZatvMEPZkqZZ6RsdQHHZLunJHWTi4H1bRAFhTg,Its pretty cool☆☆☆☆,4,0,5.0,2015-09-09 22:50:20,,
gp:AOqpTOFqvPyI72csZRonZCl4wK74XvXxxLiuneWX3W34X1tCTWu0cx7ghQFfFtBz3J2Crx8eks1pW7zBmue8KAk,Victoria,https://play-lh.googleusercontent.com/a-/AOh14GhJ_zN7d8A0qQYWQYIa6rkR5Dr5lEGWiSPI_iwlZ-I,Love the app but..... Will give it five. stars if you can resize the wallpaper to fit your home screen. I have a Note 4 and it doesn't fill the whole screen. I have annoying spaces on the top and bottom of the screen. Please fix!,3,0,5.0,2015-09-08 13:26:51,,
gp:AOqpTOGBkITms00XsfK1VcpHBPVDq0X6iJFVFtNLFzCUMQxT0q4MS67kr7tK1GHPQa-mMdfR405f26Iohcz1Axk,Juakena Hinton,https://play-lh.googleusercontent.com/-A44fkp5swWE/AAAAAAAAAAI/AAAAAAAAAAA/AMZuucmA9-x_EbORib8kvmTRGZruZJmyqQ/photo.jpg,Just awesome!! Everything I wanted..,5,0,5.0,2015-09-01 08:18:24,,
gp:AOqpTOG6qtsqbTDcTGzg6SnIFBhxLCb5YeFGN8eoWacKqHfzseet4uuThZJOrSm80RclBKi6Pq4q4N-RrCmVuw8,Nora Cleveland,https://play-lh.googleusercontent.com/a-/AOh14GijVzHggUZm14fP8EcJU_3D1aMw7ae79_bjEC7dD3s,Love the backgrounds!,5,0,5.0,2015-08-30 11:05:13,,
gp:AOqpTOFK8jnzMcMiF87T4M1vDPN_EVKE3RBRu-Ur8ZaFeuc4NxZt5gAGVSPFlhk4v1WtcQmum1RmVnaIC_bJNYA,Karthik Krishnan,https://play-lh.googleusercontent.com/a-/AOh14Gi8nfO0UwV3mHD3goF4-3JTyZa-fdJbzO_slPxYqZc,Would be even better if the monogram location can be moved.,5,1,5.0,2015-08-21 22:07:34,,
gp:AOqpTOEG5zexbDQYxc6M1LKa-J37az3HV0A_qGbH9i3TQjpoS0hFfP9IAlnmb2_iagDOdl03fEXXnET2UC7zwuY,Hanava Crafty Designs-Debbie N,https://play-lh.googleusercontent.com/a-/AOh14GhM8JKxKbkkR_p1ZcnQLkiDkTWQra3sSIdgvUureVM,It would be nice however if the Android version had the same fonts and backgrounds as the IPhone version!  Why???,4,0,5.0,2015-08-16 17:48:04,,
gp:AOqpTOF7UpM42te04rXKpSeuxYTjm0Ax47cEMUcohy09eCv3P6-3MRc1HiItomi3_28IkfH2eImtTS_EErbNXWs,Katherine Mussman,https://play-lh.googleusercontent.com/a-/AOh14GiUDAmqENZIqTORW91V3zEozFO9_EI56q6VELjxkYg,Luv it!,5,0,5.0,2015-08-06 13:11:01,,
gp:AOqpTOFtyvCzB3jxVO6AxQArOA1Pe-XLRClduVuFW1NXO5Msbbob94Sd2U-2LGQ8fChqwfDH50POaTqAFwah3aQ,derp kaneki-kun,https://play-lh.googleusercontent.com/a-/AOh14Gh1yZcHGkoZFwLcMvv4Ajj9_Xr9HwscJRAgDnQ-0w,Buy it!!!! Its so worth It! Personilizatin is great and this app makes it easy to monogram your wallpaper!,5,0,5.0,2015-08-06 13:07:50,,
gp:AOqpTOFEkEdX_RkTa-UqhQ75TYwJSD7dN0o5B_WkMjrak9KUSNAND-zCjwxfLjY01QUGuce5vLpMXZsZzDwTN5A,Kourtney Boykin,https://play-lh.googleusercontent.com/a-/AOh14Gg1ZByJ0iz-pCM5KgCgv_NhicrkZFgX9WusrB4g,I love it!!!!!!!!!!!!!!!,5,0,5.0,2015-08-04 23:03:24,,
gp:AOqpTOHcDPQpLGyF3sF2D7W2jIFtg0n3d-52rFljEO-2NqBbqBdnIaLiPB-ONHPTKZip4xXfKJT1bpkxSD-jM4M,Valerie Hudson,https://play-lh.googleusercontent.com/-CNOsOodQ_GI/AAAAAAAAAAI/AAAAAAAAAAA/AMZuuckWyRjAyNFxHuuJ3RglEJPTDrHgAQ/photo.jpg,When will more backgrounds be added?,4,0,5.0,2015-08-04 10:21:38,,
gp:AOqpTOHgvcPf0Byvy8VsP1NY4TZaidJrSxkSUsQ5CJcCgV6-6v9MZV_bQleCaXa3LKzOt1etirQjDRZ-5hYKUAw,Krissy Green,https://play-lh.googleusercontent.com/-60vk_x9IwW8/AAAAAAAAAAI/AAAAAAAAAAA/AMZuuclqfdKWW10qi0enM0NjFMKAumMd7w/photo.jpg,NEEDS AN UPDATE!  With some good backgrounds!,3,1,5.0,2015-08-04 03:16:13,,
gp:AOqpTOFNjkR75SHsQc-pJZOF5VGw2P8NhexYmxlyXxvmzUg6C31bQ4EsQFDFatnPjcDzQ4Z9p5iJjlMl8A9mL2o,Vanessa McCusker,https://play-lh.googleusercontent.com/-JR-vR-NSDkM/AAAAAAAAAAI/AAAAAAAAAAA/AMZuucl8-El9AG7kIT5wNTzXcoCyo__PEg/photo.jpg,It won't let me get the app i want a refond,1,0,5.0,2015-07-22 22:29:11,,
gp:AOqpTOHfnYIQgF52YZ09RBaeCrVlZUUF6vFgGci8UmyNvDVU8abMBYhCAbJcBPxZLabU4i--nsETgfVFP1Nq12E,Gold Iwe,https://play-lh.googleusercontent.com/a-/AOh14Ggn83Xsl0c0D9x-6MVMBiEL1I-k450CgpCFOtgZ,So good,5,0,5.0,2015-07-15 13:21:11,,
gp:AOqpTOFl01sBduv31Sn7ovgauarpQv0jssK_SbNtfcpXZTCx4i9QaetKR1RVHdtIG1MRfc8eJkqIm-WB_utsYvg,Kaylee Boren,https://play-lh.googleusercontent.com/a-/AOh14GjZKgtktBjZknWZthipgP7dw35RPnlp4g0ju1Ku0w,I love this app its awesome it works great you have to download it,5,0,5.0,2015-07-07 19:26:17,,
gp:AOqpTOHipsgSbEFoabZ0ZgKlqV_zM6NdkVDih5KPBMQk5PKmXehCo8PlYPdZNaQOk2LSzDx7b-e6xgu3wqInjBI,Anne Wilbanks,https://play-lh.googleusercontent.com/a-/AOh14Gi-Ax6S9CTS8qyVr4hV9AFIhgHoWSA4nMMako51Zg,I really like that you can use your own backgrounds. Easy to use.,5,0,5.0,2015-06-19 18:13:57,,
gp:AOqpTOG3kzKteXFee2y1N11s5yfC9WR4ugpopo--TRjbWZ_k-5A9xqa04w7j-okehRsskwBoyAoMVXN-gEpKQbk,Courtney Brown,https://play-lh.googleusercontent.com/a-/AOh14GhdPryD-rrL14XLTQgbQelC5GPpbSWItM4clm8VRA,"I already had the lite version for FREE, I downloaded this expecting more backgrounds... there is ABSOLUTELY NO DIFFERENCE in this app and the free one.",1,2,5.0,2015-06-16 14:35:14,,
gp:AOqpTOFvMXJqQXB2QQ0nP9HFSdNQpBYmkbLHINi5yvx6WPKLPzh-AN3zOgHBXVGf9VTvVCn58nzr6p-coNZ9iHA,Zim,https://play-lh.googleusercontent.com/a-/AOh14GgbFEIqbEM5ZrQxGICqL5Np6THDkHqa7LmiyPBIGyw,"If you can put a full screen for the picture that we use while we select are own background. When I chose my one background it just selecting a square area, I want the whole picture. Hope you can put a option for that. And one more thing a logotype for arranging my own letter, ex.. Horizontal, vertical, diagonal. Thank you.",4,1,5.0,2015-06-12 07:48:04,,
gp:AOqpTOHL-VXGDyA9W1HG6ZnApYuE0CPHxk83UbD07USWaGhRPlsd5945zMFNWI2SzY2-FHTYmlVTV6H3gJRA4Vc,Mark M.,https://play-lh.googleusercontent.com/-Q2XuF_oKSxI/AAAAAAAAAAI/AAAAAAAAAAA/AMZuuckdQeIZRj-htQeF6_5HOCiXm_-OMA/photo.jpg,"My daughter loves this app! She says that she wishes there was an Olaf sticker for summer. I even created one for myself and (not that I have it as my background, I just saved it on my daughter's tablet) and I'm very surprised by all the amazing fonts and backgrounds. Thanks, Firelit Studios.",5,2,5.0,2015-06-11 12:26:07,,
gp:AOqpTOG6cu0MfMJciXckjYelP-lKWiLavdW64OArmhvCrAr7fpfu6G0UaOXFXyH7dqwDKo9ZHjKGWYeVAIhg2Io,Allie Martinez,https://play-lh.googleusercontent.com/-PT8RSuj3KCA/AAAAAAAAAAI/AAAAAAAAAAA/AMZuucmyTPlQpmTpOZSpILqgrAbv5TZldg/photo.jpg,This app is amazing,5,0,5.0,2015-06-10 15:44:32,,
gp:AOqpTOGxlNZwi8YvOcsqlj3IOvtQUkqy0ygKkMBM19k8D8fESjVhgcyEIQoDiBSE0ceUq2bYQTMJMHD3HsF8KdA,Dr. Courtney Marie Herbert,https://play-lh.googleusercontent.com/a-/AOh14Ghe9e0Ks5TPD9bOBqRKrGF76rEXCdK9b6QGepUY4jc,Well done. Just keep adding more :),5,0,5.0,2015-06-04 11:42:59,,
gp:AOqpTOHn3_4ShAYfb53rrd-A4cTPQos4f3A-7z0HTslkI2xtkwuTVnWigVzPIt9TsF7Td_T9AnZN0xg2I4MVgHg,Emily Chambers,https://play-lh.googleusercontent.com/a-/AOh14GhDGQMO0_LnJHtDB4w0Hr1tO2NiQewUZMji49YplA,I love this app. It let's you create your own custom wallpapers!,5,0,5.0,2015-06-02 23:03:14,,
gp:AOqpTOF6alpgnba2UMQlAxrqcxMM4Ea6Wbw6Nl-zFHyCYRb9aArUW6aPN8QFf__ziMn6hgDxHEWKUq3lriou2y0,Abby -G-,https://play-lh.googleusercontent.com/-HFnZlpuKYOA/AAAAAAAAAAI/AAAAAAAAAAA/AMZuucnSXK6PfjicKupYH45O1k25wBPVYw/photo.jpg,Needs more fonts,4,0,5.0,2015-05-31 11:21:59,,
gp:AOqpTOEAdxRYmy3_jYnHq7ESIC4g8lLpPe_VeL4jPBPCGUt5TXyYhMSVUthIAzcO0zqrbiUGEwwfi79C3PsU9mY,Kristina Garcia,https://play-lh.googleusercontent.com/-f0XO-9QSj8c/AAAAAAAAAAI/AAAAAAAAAAA/AMZuucmauXe_YAr7mfKtNr-p574LrMfMfQ/photo.jpg,"Where are all the cute backgrounds that come on the iPhone app? On the iPhone one, there's faith backgrounds and tribal and glittery and much much more!! Disappointed that none of those are on here 😠",2,19,5.0,2015-05-30 11:20:24,,
gp:AOqpTOE9ruNtKWKM0tyhE0Hhlh-C7Y81lEtMljWivFQDxWOIkk5dcEG1rtU8iRw3I2y5OGJ0X1okNBkxar9PHNs,Juanita,https://play-lh.googleusercontent.com/a-/AOh14GhNBtY14m5RipBCNaKOl2GVzfQipDrq-SLrGx_rog,"No complains about this app, it's just what I was looking, I only wish that the part where you put your name could be moved to wherever you want on the screen. It's overall good, i'd recommend it!",5,1,5.0,2015-05-27 13:39:42,,
gp:AOqpTOFPZmsPGuXuHQwlDMurY-Quchn7wdYzsXErwU89Z05NMAJ7V4Zqc-r-LivEQi39maafzlpiczOe9vnY-Ik,Josh Cook,https://play-lh.googleusercontent.com/a-/AOh14GhQg2dcU4a_A9iSUCbnBrVkjLk0NCVVzfvrhjfBgw,"I should have tested this app before the 2 hour window expired 😒 I have major ADD and lost track of time while on a wallpaper download spree ☺ - it's an OK app. Just OK. I could accomplish everything this app provides with 2 apps (that I already own) I can think of off the top of my head - but with more options and freedom (colors, patterns, fonts, overlays, etc.). I'm not saying it's a bad app, just that it's average and not quite the versatile tool I was hoping for. Ability to use your own color schemes and addition of effects/overlay/custom font would take this app a lot further in my opinion. But what do I know 😒",3,3,5.0,2015-05-21 19:23:20,,
gp:AOqpTOH59Fte1YQ2MUUR1fC-85GwjHdbb-3b6a1fd9GOCXuVEdVtFdI36gZS4EKtUODn2N70NJpobP7bdRrcTWo,Katie Dunn,https://play-lh.googleusercontent.com/a-/AOh14GgiSXWIsuWNxDRXa5EjdSoqHJXlQhcheslIeiIpGQ,I LOVE this app but PLEASE update more often!!!!,4,0,5.0,2015-05-20 05:12:18,,
gp:AOqpTOG6MBwSInW_fCYSW1QyZif4VCsTFpKUHpwflMZDeLZf6kcW72at5NR70suJADfZNa8x9jT-cJ3sI3TXZXQ,Jacqui Skinner,https://play-lh.googleusercontent.com/a-/AOh14Gg65rGu2E2416M6QjXtlfKbkY6YffdxBn1FyIWn8Fg,Best money ive ever spent.  Wish they had note fonts and designs but hey im not to picky,5,0,5.0,2015-05-13 13:40:45,,
gp:AOqpTOHcoVB-OWCi9xi0BXkB_P25el1A9qS1Tch-nt94I840ecYyNJpH3ELkRWx56ar2aRz7FfZIwE04H00PFq8,Katarina Rhodes,https://play-lh.googleusercontent.com/a-/AOh14GhctSkxLTkHoZHFrKlKETmyqPPcQWgdNHgtiA98jA,I love the app but there needs to be more variety of backgrounds and fonts,4,0,5.0,2015-04-28 19:45:47,,
gp:AOqpTOE1DntyFodQLyFYKH5KfLSiLeh_SSSAns3sNuU2qhBfMGBa9s21qRKPUIrUlLnpYDARVs2bEoACq80pkxY,Jessica Hollenbach,https://play-lh.googleusercontent.com/-hsnJRNzwwCQ/AAAAAAAAAAI/AAAAAAAAAL4/AMZuuckCVZozKxlu14WuIcVQqEVuRl9aHg/photo.jpg,Love this app but think it's time to add some more new backgrounds!!!,5,1,5.0,2015-04-15 10:38:26,,
gp:AOqpTOGoczBROUMXArBfZa0rsIJ2wO9se2uMRwNuj3zaxejnlBDFwta__MeCXetQ6GSrvELrwyJtgC4pbz_6Q0M,Nikki's Crafty Life,https://play-lh.googleusercontent.com/a-/AOh14GhDfKnKez2aK6PsdfUQ7pbS9waMfGDdRO65k0HNCBw,I really like this app! Its really fun to design cute wallpaper for my phone. Works great.,5,23,5.0,2015-04-05 11:30:46,,
gp:AOqpTOEk-Ulxqxmtl6O4VzIDTidUOibBZ17jefbdyfjBvoaGoOPmak_ETRuvs1M5u2uerJBCZK7nb8QYrNs2r34,Hayden Strebeck,https://play-lh.googleusercontent.com/-RhAoWm2Gwbk/AAAAAAAAAAI/AAAAAAAAAAA/AMZuuclV8pwexyBJSR1F_XXKa0BhOs-6oQ/photo.jpg,Booo,1,1,5.0,2015-04-04 06:01:56,,
gp:AOqpTOESLjtVes3KEyKRE2i3_t3Oixud0dBFhdmMYGNmHlnK9tfJ5bs8EfIppzWd-uA_jHALF7faUH6GweSRzWA,Naomi Bayne,https://play-lh.googleusercontent.com/a-/AOh14GhVMO2VlCQ49ujlbWIGOPrAeNaoJFCCOV3-9tk_Tg,I WANT A REFUND,1,0,,2015-04-03 17:51:02,,
gp:AOqpTOFZYhp6CXPXwwT5Zw_HWTeURAS9ub2Ne7lzySFwGZSEg9rzJlCwaXamWXx0wBCXy5dxBnFQvIuvo1RTp5s,Gabrielle Diaz,https://play-lh.googleusercontent.com/-PFJ5aGey-QE/AAAAAAAAAAI/AAAAAAAAAAA/AMZuuclI0x7n-uIdi5AI1C5dyZiGqRUXXg/photo.jpg,Love it,5,0,5.0,2015-04-01 19:56:15,,
gp:AOqpTOFDCX_RG-HJeuVzO5h8MOAzi7yC97TPI4JZekj2KNEmgBhob8tbTl1YL6TFacRCf4lSYFGtGMrBN_eSg_o,jo jo,https://play-lh.googleusercontent.com/-GUUoSGItu7U/AAAAAAAAAAI/AAAAAAAAAAA/AMZuucl_KbrDEJBEQeCBnBggAzJXfKQ5cQ/photo.jpg,"Fun, more fonts please!",5,0,5.0,2015-04-01 00:34:09,,
gp:AOqpTOGgCpU7iAsrizlYL0fhBajh5mR4sMnbC2sdZJszVVxi62mmnoOUnpIvqzimsbbM0Cq8PGaXtP_1xKBbnq0,Janice Carleen Anderson,https://play-lh.googleusercontent.com/a-/AOh14GgWh-ZIlRKAWgW2hSD6mCU5E4cc1p3cxujUdKMRqw,Make your monogram..save and send to your pc and import into your cameo...works great..,5,7,5.0,2015-03-14 08:01:45,,
gp:AOqpTOGwMOSNdyJQRsDS0O7FUeRPAb31NZvJ2zN6jtzjtj7scSSIcE0Oti_4sCkidkzmPS4bFLIWDtHPxrfvDxg,Vanessa Perdue,https://play-lh.googleusercontent.com/-lASjenoE7T4/AAAAAAAAAAI/AAAAAAAAAAA/AMZuucnGdJqVBPFrUcjHXs27ydXx6wpCvw/photo.jpg,"It's free, the templates and fonts are amazing. By far my favorite app. I have no negative comments whatsoever!",5,0,,2015-03-13 11:46:23,,
gp:AOqpTOF9KBLYmAGZXK2OEMeEMPT_tdAivhKG54LJ6k7j8djDr02Dyx5J5E2_BtOO_VdSksmLhqxBaTeYGhZuHBo,Emily Ulrey,https://play-lh.googleusercontent.com/a-/AOh14GhHBffBcn4B5m06Mc5tdKLG8lExYdWOBWl1XWmH_Q,Awesome!  Love the app...great backgrounds and endless options to create gorgeous monogram wallpapers!  Love it:),5,0,5.0,2015-03-11 11:17:17,,
gp:AOqpTOFqwy85rF1ZtlLy4lNNUayXp3WAzWtAE4etQx9pQxdP00aXlzRnxF5DdPplcwFcu8Uo-LuZ_A6Z5utPn_A,Birdlegs Bear,https://play-lh.googleusercontent.com/a-/AOh14Gj022TJQSRG3_kv1wl74yrFEdMdkX3V_3B-muLhRw,But other than that it was great!!!!!!!!!!! ☺😊😀😁😂😃😄😅😆😉😛😚😘😙😍,4,0,,2015-03-06 18:39:01,,
gp:AOqpTOHU9lXsma5JqvVoPFb6dytRg3G79GLKcsLWAGWZC36bil_D3iMQFQ7_ZNXLCsOXbXJqE-j9lZ03hgzCJrk,Nancy Tirado,https://play-lh.googleusercontent.com/-4I84N6KGuWc/AAAAAAAAAAI/AAAAAAAAAAA/AMZuucnGC8o9Yfl7x3topRv6D2sAX9bUVA/photo.jpg,I have made some absolutely gorgeous backgrounds using this app. Everyone who loves monograms should get this. The best 99 cents I have ever spent. Deserves more than 5 stars!,5,2,5.0,2015-03-04 21:26:01,,
gp:AOqpTOExD2zb65_rDK4lYuCKT5gNbmw8H0yUeKysOLEnWN540W0G7NQfef2_GsydEbx8MN7rqs99C4MKfGoVgA0,Nikki Rucker,https://play-lh.googleusercontent.com/-dx4PNbEvM90/AAAAAAAAAAI/AAAAAAAAAAA/AMZuucm_RavkGX4g3eTaAHvcVVdSdnQvAg/photo.jpg,Monagram it is a wonderful Monagram app and I am so happy with it! But I would like if you could access all of the new designs and founts for free instead of 99 cents. Overall I love it!!!!!,4,0,5.0,2015-03-03 13:25:28,,
gp:AOqpTOHF4hSxg-rrNvS441KP4PyGTzWq9pP46N092vkSGs9XrE2a4-Bufo8wUJb1Ds2xRw9vB4z1D9Ei7UzkbVc,Lindsey Higgins,https://play-lh.googleusercontent.com/a-/AOh14GgFyhVQa_3OUZLlqxVSCRxvFElHSrGWyEXB8647LA,Love this app! Just wish it had a zebra print!,5,0,5.0,2015-03-01 21:57:22,,
gp:AOqpTOFNsow9Bf8uyDxyVsfivRPCqz2wOnjI5w1rCjBrgTeIyWtEhIvNGSxRyNvcUDO3QD_VRYbN2AFkU0vtSjQ,Grace H,https://play-lh.googleusercontent.com/a-/AOh14GinnOH6db87LHlUGjFPxC0bk70VrhGIDp-0vVSCVw,Amazing app... made so many monogram,5,0,,2015-02-28 18:21:16,,
gp:AOqpTOEqQaG_NNNnDbf4rADywQ6wb7tGHtuTmiIgqY3Ofx8yUCSruF8DV5VO8c3E3_SCcVSXy0-4WVjFbPwyphI,Hope Houston,https://play-lh.googleusercontent.com/a-/AOh14Gge1AtYTJnIEwo2tanprj1buqPoSzI69fzP10bJWss,I love it!,5,0,5.0,2015-02-27 06:48:31,,
gp:AOqpTOGwRqlykqKNS4Ku3KOC8yaHxQpUfJq4bxaH2MV5SRum0ds96ozGm67Pyj2a9EimQRGOxBLkr6cFBAS90v4,Brandy Barnes,https://play-lh.googleusercontent.com/a-/AOh14GghvJa6hF4d9h31tPPsAYEVRr2G36aU_asKBzaBUM8,Love all the different options. Very easy to use.,4,0,5.0,2015-02-25 05:36:36,,
gp:AOqpTOFqroM6qh9ViuTPZtE5a8H6Jb_M3v0Bmv6ickia_Nc3MO1tT8y5QBlE6aLUOvbE8AUWJf6mXeZCE543m2E,Kayla Edmonds,https://play-lh.googleusercontent.com/a-/AOh14Gh0GfKI_3mhsQPgIrM0JfYNQYl52j2LTOCGWgWQsCU,I love it,5,0,5.0,2015-02-22 13:20:54,,
gp:AOqpTOHb1Uz6l1JF06aTEPUdw6uDrDpGlOf_H4WFO40pjFN1gSgWGLUbNLCfcfTqLCSZoG9YDz1X8Y-t5RSGOwE,Oo Cris oO,https://play-lh.googleusercontent.com/a-/AOh14GhdVi2zjoIDTZYCrlDuRrwG7ERfZPfCo1Rwlke8Tog,Awsome app ty :),5,0,5.0,2015-02-20 04:01:19,,
gp:AOqpTOG4V8DmqsU1PwgYHYNON2Qduwt2He3DpKpJFa7ptKmDYsG_8SoKIrjJVNruvnpIvkhzsQ0NEpFBjPr9_nI,Rachael Rachael,https://play-lh.googleusercontent.com/a-/AOh14Gg0ogIPxaLjCVxje5tswbMVfwyvyJW2qgQtEEudPPc,This app is amazing!! 👍,5,1,5.0,2015-02-19 21:32:27,,
gp:AOqpTOGgVZBT904nI0P9kSgh9vAdvrlu2Y68azj56ydFyB9Z_QBkZyWVQ0OPOqKh3IM04cOOfj10Qht28HvFFR4,Taylor Kidd,https://play-lh.googleusercontent.com/a-/AOh14GhKR_qJ5T-DM6CxEdFLeDOH7olim7_h84K6VXYafA,Best app eva,5,0,5.0,2015-02-19 18:11:59,,
gp:AOqpTOEWoGZHOwy6JJWvVAiuqqLw6RkiyVOvwK4OKuJvVOoVJfgUDisuoUNXs5c4C0GqKIMCdcWgKXqtDcvOKeA,arveen lmao,https://play-lh.googleusercontent.com/a-/AOh14GjbaTngJ8Sbl-irZuA1DbzcMhmXc_5o275FRHzIUw,"Now I could customize my own wallpapers , with my name, with cool logos n stuffs 💗",5,0,5.0,2015-02-18 20:02:00,,
gp:AOqpTOH3LH9U7YJ-g4LIjn1kHHqcYOFz7V5Zkz_8lTmmITcpgM1WXX4fu565jlOYmXRvsGVku7Dc0_gh-GOFRjw,Diana Rodriguez,https://play-lh.googleusercontent.com/a-/AOh14GjN5v2M1DJcbr-H7S5rZ7tbHAvaV46tC_CJMFEg,This thing is awesomd,5,0,5.0,2015-02-17 10:01:37,,
gp:AOqpTOG2nGduKIfSkC5Ij7VJLA4C7bLY6_59k0d6R_aRSVl1WoqamEl5W_ys1HChMeEiwQp4v70RYmAKLxNX_bQ,Jess Nobles,https://play-lh.googleusercontent.com/a-/AOh14GiBkgBAnJ5UmksO2956YSl7SFwT30KQAHatCkzYBw,The best monogram app I've seen. Maybe update more often and possibly add more name styles. Overall well-done,5,0,5.0,2015-02-16 14:48:20,,
gp:AOqpTOHhqhnfxZBBWDfYiOESDZsK4HvQVHdRng-ns1q9K-Si0NPH1lPSg5V_kHXe6EuxfhneXQPq5aVeEE6WIfs,Gracie Whitehead,https://play-lh.googleusercontent.com/a-/AOh14Ghjr29sg4O4TizGS9jbpvS4kklC3ApY0j1DkaQIbA,U definently need to download this guys its the best app ever!!!!,5,0,5.0,2015-02-15 13:38:07,,
gp:AOqpTOGL0nM_TsQqx4YDiQA91BZMVqxI1kDneXVIMNOlAipWqmeiVhBpjGBv37IE-m90WY09kPL6aYl3W9frT9U,B Duffie,https://play-lh.googleusercontent.com/a-/AOh14GgAdsPmfA4yuFNSGtcMSDV4BSB9L9vP6mIyeR9hIg,"I really do like this app. I can't figure out how to add pictures to it, is all. Otherwise, I'd rate it 5 stars. I can only create backgrounds.",1,7,5.0,2015-02-15 00:41:41,,
gp:AOqpTOG929iJrUuJRe7s-r45F1e7i-LA8Upp5y3aVa7FiiwGiYHlpVXOn5e6NFM6wCxkqKNN8-fmjD1bY1doL7E,Princess Kardashian,https://play-lh.googleusercontent.com/-2XGBcDHYpig/AAAAAAAAAAI/AAAAAAAAAAA/AMZuucnTGFoYZUqHqG28zR3pai67DUy6Ig/photo.jpg,not bad what I like about it you can put what ever you want I like that fact you guys have my fav color pink love it a buck can't be it very cool I can put the hold name or I can write what ever I wanted so it very lady like,4,0,5.0,2015-02-14 19:11:41,,
gp:AOqpTOE5KPRhFmzDkbw0q2xdSE1LlC-EKZYKYtsPr0ZOJTGcjnHBkRtfYHBxnxyePROT9F8rRqlVWWOQq35XBqc,Jake Elizondo,https://play-lh.googleusercontent.com/a-/AOh14GiYwsP8y5an8fd7IuAvcKMHokQ5sVTJNA-W7i3y5w,Great app for guys and girls perfect,5,1,5.0,2015-02-14 17:38:11,,
gp:AOqpTOGFfrnJaR4s23nDFAVbO5XT6i_T6MefnwHXxUEE-DMuBgEffpBNTQ3J7-1_C1GWlJBYP6Hak6O8mP_E6bI,Lorrie Plummer,https://play-lh.googleusercontent.com/a-/AOh14GiIphkzxCSaEWpoWSlrOHkoED1pmrx5LtdzGwJG,So Much Style! So Much  Fun!,5,0,5.0,2015-02-13 18:06:25,,
gp:AOqpTOHxp7PYkf4s7zoGoJgdskKp6q87MtuvGRPHFRI_0-VJwzT1BvD7WrKmnM-sA_Wy97vjgTR6F0b8SROGOtY,Harmony Starling,https://play-lh.googleusercontent.com/-H2JTg6PMeB0/AAAAAAAAAAI/AAAAAAAAAC8/AMZuucnglFegw9Rmp2Ocye6UCn2H9jh6QQ/photo.jpg,Awesome fonts and prints,5,0,5.0,2015-02-13 16:59:37,,
gp:AOqpTOE8cKgeaBiUQeoMRe_OA_mrLLYBEz7g8Jx-rDPNFCkB__PjOdkGE2aqvStutO1uKz4NTDdxQqTbG1D-30c,Jessica Martinez,https://play-lh.googleusercontent.com/a-/AOh14GixmCrPaL-n2bwYH54aU_kaKJjj2G7GFt8zNJ29ro0,💟 it,5,2,5.0,2015-02-11 08:24:13,,
gp:AOqpTOGNVNtpQ6qExKEotr7W2ORSq4rsJZYd9Qru0iGIo2-y6FnyQv-9xH-_UTvioZf1sWQdqvOnIzwQOp8FOQQ,Jennifer Elizondo,https://play-lh.googleusercontent.com/-ka5NSmSl6mg/AAAAAAAAAAI/AAAAAAAAEVg/AMZuuclvRrk3h04J7RD31AOMD6RqOyJ9Fg/photo.jpg,Love it! Everything I've been looking for,5,1,5.0,2015-02-11 05:13:04,,
gp:AOqpTOGI5d4yVouXYUEQqLwlOTgM33HhZtyEmxm3ywsX1qNCpm1G2Dbp20e0Mh_nHYsscCdaDLNzCN9LpMB-jJ4,Dakota McDaniel,https://play-lh.googleusercontent.com/a-/AOh14GgBMVVMmHYLsLha0Gy9RZVnEU79G3O-klqYbuGbyg,"Awesome but It would be cool if they could add some valentine backgrounds (hearts, ribbon,roses etc)",4,0,4.0,2015-02-03 18:58:39,,
gp:AOqpTOETufz8UiEtEf38zAwZboSKhdhLCoTW05iY2CYIGcE7_H_vouzHDftBKMG-0u8IZRSwsR_oG4Yq1p1uG10,Kiandria Cannon,https://play-lh.googleusercontent.com/a-/AOh14GjuRsHDG4hh021VhQvSLHmt9VSeLz4AuU8lOHj4Ug,"This is the best app ever, so many choices to choose from and they're all so cute!",5,0,4.0,2015-02-02 14:39:53,,
gp:AOqpTOHYIVK1AIphH_hC7ght5C1CeZUuuJ1-umAex8wWEoJ8ROhbUVFnYVF12cFxnAeUImuOiz__eFDXSt4Mjzk,Ohayo,https://play-lh.googleusercontent.com/-SMVAEnXZkQo/AAAAAAAAAAI/AAAAAAAAEjQ/AMZuucnQGPLPV8c8mr_4X02g9YZXJlRIXQ/photo.jpg,Highly recommended... Makes my phone alive!!! Can't take my eyes off it... Please develop more app... Will definitely purchase more from this company again...,5,0,4.0,2015-01-29 17:01:59,,
gp:AOqpTOHoQufOfWnhr2ijN4AOw89p93hx49bHmVa1Xw-H3Tv7HNrZmJNQDqsUXdXuWJ4eJOdNu_l9Ce-bsJZ9AQs,A Google user,https://play-lh.googleusercontent.com/EGemoI2NTXmTsBVtJqk8jxF9rh8ApRWfsIMQSt2uE4OcpQqbFu7f7NbTK05lx80nuSijCz7sc3a277R67g,Very elegant,5,0,,2015-01-26 09:52:38,,
gp:AOqpTOEtGamucdCn6Qf3GawpDXbW4FDHmnUoTdjzfR984rYpDuVAPKVWsYF6dgKFrjuGgva-JQDjbquqVTdu7UE,Indah Sari,https://play-lh.googleusercontent.com/a-/AOh14GjTilBeel2kaksRSjECIs2sy32_An8oF9uC1ZDdeA,I love it ^_^,5,0,4.0,2015-01-22 22:58:22,,
gp:AOqpTOH6WB58nw_Vh_hDA_bRn3B7EfwET9Dgss0haMWpXet9LNJSpNf-owafzlHmBvfwr0vnAQftrYYeP4Fw-20,Candace Peppers,https://play-lh.googleusercontent.com/a-/AOh14Gi9esEeZl7VpzeLYz35jzpaPqP_J4hG45v0PV48DA4,I love the app but I can't save my wallpapers to my gallery :(,4,0,4.0,2015-01-22 20:11:11,,
gp:AOqpTOH3rFgV6--n3yuti8d8UQBR9iLB6S7Ip2vFLovE64ZULFuQZEkDX5bZ_MFeBYmdfvSRjoZ9rhNSbIAzbfM,Kadijatou Jabbi,https://play-lh.googleusercontent.com/a-/AOh14GjS8Q1cge2mM9h8QilW2TNQnVC_Q6HQ-g_FZYP7pQ,Luv it!!!,5,0,4.0,2015-01-21 06:56:57,,
gp:AOqpTOGeq-iYIZ_qVACOElES8rVNC4pekkzRjT1g-pRSMshIjIP4LeyvEMrOi4uv02ZvI3O8Rq8-jynXi_1LeZE,Allison Simpson,https://play-lh.googleusercontent.com/a-/AOh14GhuF78N3HJr7eHMG-v7GJk2XRUM52Z4C4xFgNwl,Worth every penny! Would you consider adding solid color backgrounds?  Thanks so much for a fun app!,5,0,4.0,2015-01-18 08:41:17,,
gp:AOqpTOEoH4G_KLkFbSX74ClAdRUm1Yg0lbsoVWF2g09b1zs-61RFQqhRXM9YRBkFePCT9-psl5Vb_ggh5do655g,Dawn Ronski,https://play-lh.googleusercontent.com/a-/AOh14Giiu6hp98hwZHmvmArX5TRbxY85CMvcvOsBl1f62g,Only complaint is that I have the Samsung  Note and it doesn't  expand to cover the entire screen unless it's  in sleep mode.,5,0,4.0,2015-01-17 14:02:06,,
gp:AOqpTOFZkhRAUewYK4L6BwoceVxiwJNP57696nGm8qXIoag-QcsLkrV2YH_6wMebQsb18zluVnapbVDhaZzvB7o,Grace Johnson,https://play-lh.googleusercontent.com/-Ofr1Pc1Hscw/AAAAAAAAAAI/AAAAAAAAAAA/AMZuuck7OOBqXSHxcGWlXy2sIJfFw8_Mgw/photo.jpg,The backgrounds should all have the San colors but they don't. And they need to so that way if u want match u can but u can't,3,1,4.0,2015-01-13 13:07:21,,
gp:AOqpTOGovd_6lKdzZ3JelEMSPmu7wLeSX9VirlovufroL0vTGYvPusF8-6FAmk91B013OTxTCKDDMrapOH3J06E,Charnelle,https://play-lh.googleusercontent.com/a-/AOh14Ghdsi74CkITLFkGpj-ER5Hdf6VcZgWVsA4bd_vm9MA,I love this wallpaper app!!!!! :D,5,0,4.0,2015-01-12 18:58:37,,
gp:AOqpTOEFix1GR9ykfniBcCU1G8sY6XH6_KJ0UZJ90YpNUV7BTXEzlIL5fcagQzgeFlLvkHAh9hDK20tlSkA4tA0,Bernice Wilson,https://play-lh.googleusercontent.com/-FllhqeVlh2E/AAAAAAAAAAI/AAAAAAAAAAA/AMZuucnpViAw9QING0FAI7GbPXsM3XRW9Q/photo.jpg,Monogram wallpaper,5,0,4.0,2015-01-11 07:18:32,,
gp:AOqpTOEOO4rn_KQEDRZWeREVAqdJTnx5Q1BuNDFupvE3DgvMJD0E_QcH7iUMGQeFnOiql0zGYisBv2ODPu3Q4Zo,Andrea Williams,https://play-lh.googleusercontent.com/-tjlhO1zXaXg/AAAAAAAAAAI/AAAAAAAAAAA/AMZuucliQ5RbRF00hzukV8ao94McrrYbEQ/photo.jpg,Brilliant,5,0,4.0,2015-01-10 16:26:59,,
gp:AOqpTOGTQOOgmqM7lgGXNGo5YK7iZXi0xaRkYnNgb3QOrrGzjbcN4OjxqbSYOxQrCOzZm_2tFxwvpvB2onezyM0,Haley Montgomery,https://play-lh.googleusercontent.com/-gPp-vxTOLuA/AAAAAAAAAAI/AAAAAAAAAAA/AMZuuclDgTIoHTYE1iPKt9qVozVXUhXyRA/photo.jpg,Cool,5,0,,2015-01-10 10:29:05,,
gp:AOqpTOFSLnK04Hs12WG-Sg-2dbWgjklTg6MC4fn5VcfatB7BPihECNBuzs0pmLfa65gFHcRRqXLL8HYLouU52Y4,Gracie Lu Freebush,https://play-lh.googleusercontent.com/a-/AOh14GgQahJ70EjbRfCiF9CO7YYjotHm-ZRQU5NgTlS9,One of the best wallpapers!,5,0,4.0,2015-01-09 10:02:06,,
gp:AOqpTOGS-uj3QfTUnaWmWyuW-hFh87B_TSy1szMAirz2iIMHKHZ-AKUCxRuunF2KQ2xoKZF2LqUmYT_yNMKvXxg,Christian Neal,https://play-lh.googleusercontent.com/a-/AOh14GgJFkKyR1MDofgJGAf7pal8s-Qdceu0yblGVKZ2Cg,There's so many creative choices to choose from. I highly recommend downloading this app.,5,1,4.0,2015-01-08 18:37:08,,
gp:AOqpTOFb0jwS0W6yABbvaIVpMePfurzVZFbg3q77Rax2lsfxbnygez37dUndK0rcp3YAS8iWb0km8vyNb_eEo6w,Shannon Pollard,https://play-lh.googleusercontent.com/a-/AOh14GifoimkVNnig9JqyhblT38pMFwjdgm6d_JDCHmQEQ,So far so great!!! Highly recommended!,5,0,4.0,2015-01-06 08:26:49,,
gp:AOqpTOHPcVPHA81ZEnaQ-ZDwznX3lrkk5ZUW5z7HTl-tQyCJ39TTpDpCdvBnm9tjHpoE0AGaxcbZyOnhlDzcMqI,Tracy King,https://play-lh.googleusercontent.com/a-/AOh14GiP7peCEKPovgFKuDaadSsUZeuPnGZhtNa1MEHouQ,BY FAR THE VERY BEST MONOGRAM APP IN THE GOOGLE PLAY STORE!! U WILL NOT BE DISAPPOINTED I PROMISE! LOVE IT! KEEP UP THE GOOD WORK!,5,1,4.0,2015-01-05 06:40:57,,
gp:AOqpTOFn9TDEvE7TeSwnLufyd-9AljelG7w6lTzAWqcH5IhsA3LTUmucyMSVulctpdQPdxolvFUXUdS14RjQ3MA,Katelyn Walden,https://play-lh.googleusercontent.com/a-/AOh14Gj2Vr1vpiViB8cnQXZq3XjjVWH2s6VWb-q53x51D4o,"I'm preppy, this just makes it a whole new world of preppy!! Phones and tablets, yes, yes, yes!",5,0,3.0,2015-01-04 14:24:02,,
gp:AOqpTOEjPd1b3UyhlDsLo8pgEvUz8vYC74OacxboFd4rpQOuyHz1JhJ4p8a2ZNhMKcXyt_MvgpDRkkZ0ff8wz5Q,Caelyn Griffin,https://play-lh.googleusercontent.com/a-/AOh14GjzGgGlsAd_umVPB8wO0kgunCcFUdQQYbuf-_A3-g,Well this might change I haven't tried everything bit what I've done looks AMAZING 😍😍,5,0,3.0,2015-01-04 11:36:36,,
gp:AOqpTOFXzoBD-poqYyaZBgcLDxb1YUdByFAx7vvclzLwElyvkq2a0NPd1ESmhWNFG7S_vsyDxTedm8xxB5C4Ius,Chelsey H,https://play-lh.googleusercontent.com/a-/AOh14Gj5KCH77BX17s3bQTJWbqj-n9k38miRYi0KCKg,"I really really really like this app, I just wish there was a way to move the monogram anywhere in the image, make it bigger, smaller, rotate it whatever. That would be really cool. The app is great though!",4,0,3.0,2015-01-02 03:13:21,,
gp:AOqpTOGlSb9s-RbWsSU5gPZtPc9K9W7erFDcyJhPr4clFYKQPUWQTe97OypgDYZwVqHxcv9zdKVTeWptVvEezL0,Kathleen Perrin,https://play-lh.googleusercontent.com/a-/AOh14Gg2zEPVO7dGVZ-OicFo33nUUMlcCtfothBINFMLiA,"Love it ,I have  a problem  I can't  stay away from using it, decisions ,decisions.",5,0,3.0,2015-01-01 12:27:39,,
gp:AOqpTOFVNMxhfmygL8nHKH7VPEzrea7W-PC4pbbU_Jhbj-Q7cTrY8x_rFA2Jk2HjA-YZuMfqyQXbkH5iuZnzRw8,Nibella Love,https://play-lh.googleusercontent.com/a-/AOh14GjYt0eK8pMjqGLwkpMkoHjzPIUUTWmqM2NuX7b3eA,"Had someone buy this for me and I love❤ it, now I can make my own customized wallpaper.",5,0,3.0,2014-12-31 17:31:34,,
gp:AOqpTOGq0qai2Tmpi57PL30qB0SkVK59wlEpq-yGIEbGW_me0poL8gdqbGgsQZTo_V4vMNKavXoTRE45TCxlnCg,Jillian Bohlmeyer,https://play-lh.googleusercontent.com/-Di9ljRUYGtM/AAAAAAAAAAI/AAAAAAAAAAA/AMZuucmOim7rW-YNxasB6GqBgc1omuY8gQ/photo.jpg,I love it but it won't let me use pictures from my gallery for backgrounds.,4,0,,2014-12-30 08:03:50,,
gp:AOqpTOEom_K-hvGhVtC2Hw3G-S14s7vcghAPmRDlktlVSg4xMOfXWuTa9iqwUma964p3qf8TxRMb36U1-IClrHc,Miranda Whitehead,https://play-lh.googleusercontent.com/a-/AOh14GhY5dpKpmMIx0zm67R5ntc_sXH0ooXgg_NmvjorkA,This is best monogram app out there by far...love it!!!,5,0,3.0,2014-12-28 13:26:24,,
gp:AOqpTOFyzh2V-vM1IUozKsFENToy6BQU0Z4kVhM_-fUQXAtbUzAFu5qeUZMV4_TTOVWlDboNoLJABLh0CaICPvU,Deserae Watkins,https://play-lh.googleusercontent.com/a-/AOh14GitW6of8Atqmzs5FTu3GDm2BocrG03A7KbrQz6W6Q,Love this app!!!,5,0,3.0,2014-12-26 22:54:24,,
gp:AOqpTOESVHqLUId5Q3KuNerC3zQZ_xo8xkTkKrwmaBUAENaL5mEzBorIQv-ZtFyecihR8QbG6WrJ8-zn-Cm6BNs,Jenna Karp,https://play-lh.googleusercontent.com/a-/AOh14GhQmozMU-cSCL4ivRTz9w6bu-maifidrqPUpaz8I2Q,Awesome,5,0,3.0,2014-12-26 16:58:49,,
gp:AOqpTOHDuVTxqlF_WvWIwYcLsYs7PXXDMTfdxQrE_8GG8e4dgz3RoB580aiuNmRUAx_OeGld1bJbV0AnfsUgEW8,Jillian Thomas,https://play-lh.googleusercontent.com/a-/AOh14Gh4HXLr6kPqjKcRYZeBFY_vyLj9TR8ex4_ptIt3lNQ,"This is a wonderful app! It is definitely worth 99 cents! Great for making backgrounds for your phone or tablet, with lots of great fonts,colors,styles and more. HIGHLY RECOMMENDED ♥",5,1,,2014-12-24 12:02:14,,
gp:AOqpTOG2TY1RTUJd1C2TWH7_eqOavusujPDETMvb7f13USUDOTR-iEKDcUgBFsOAQX7kX4Su4AmucE3myESAz1o,Kaleigh Powers,https://play-lh.googleusercontent.com/-Qpp3MPjvZtc/AAAAAAAAAAI/AAAAAAAAAAA/AMZuucn_9l_6x-Yn7Z1uiCuQyCVyZY29mg/photo.jpg,This app is wonderful. Really cute backgrounds. I adore it!,5,0,3.0,2014-12-24 06:29:11,,
gp:AOqpTOFyLI7X_txDZMxRNQmo5f99r1LXoa6ELImavHAkEOdAeZErjKBWDXV7AkZPwgFBIWaUTh_16cdkpHOco_o,Emma gornall,https://play-lh.googleusercontent.com/a-/AOh14GiHbxxK_8j0gfox5S8J7qAfN4MqRH0lnLWxDPLRgQ,"I tried updating it but it didn't work so I've uninstalled it then tried to install it again, I've tried about 7 times and each time the download just cancels itself on 97%",1,0,3.0,2014-12-24 06:12:40,,
gp:AOqpTOH8B4PNatiO0X3HJlY28A8ETSalKDiL1rgKQ5P0hIC-yH7XLgiMF_Z8rQwd9qnMIRG-ZIzeWK3Puko5eMc,Megan Kallis,https://play-lh.googleusercontent.com/a-/AOh14Gg2RrlNeEEmhZYitYOeyA4l-cpaNRS8KvfnFwXVKqA,"I love this app so far! Beautiful patterns and fonts. However, I would love the ability to use greek letters in the fonts!",4,1,2.0,2014-12-19 23:20:39,,
gp:AOqpTOFv37R8xGAN4-DlkLZX06mQSW8TCTJaR-UW0JbbkdPn3GRiTsza0XGLkKutoyY_UBRtzJ_AM39glKCxFh8,Jovita A.,https://play-lh.googleusercontent.com/a-/AOh14Gisefqdd7CfzdmfiV3xEB1S5JvsqFlCI1-dbhPMfyU,Absolutely love it,5,0,2.0,2014-12-19 11:36:12,,
gp:AOqpTOGauovW3h0AOxw3zomYRdpBZYCoxnoE2ln6useiELkp1uoHXbdnTUpyg0ay9Pl88-ahbmJOIvo9zKI_n1k,Camy Blackwood,https://play-lh.googleusercontent.com/a-/AOh14Ghog06g-8o_IeZP6mrMbfCh6j9FQ6iJHWxYy-nI,I wish there was more designs,4,0,2.0,2014-12-09 03:36:06,,
gp:AOqpTOGoeo3Ne1I16VCois_9iAx_x97zkCL-lVsyZg8USw0s3N1sJPjcNp6lkmkp7NNRjUAUrTGqmWg9xbuaMZE,Shannon Hortman,https://play-lh.googleusercontent.com/-GCxjOeNYnmI/AAAAAAAAAAI/AAAAAAAAAAA/AMZuucklllUC8ZIf70NogLoACwaKwS7-aA/photo.jpg,This app is great but it needs more holiday backgrounds.  There are some Halloween backgrounds but I want Christmas.,3,2,2.0,2014-12-06 12:09:32,,
gp:AOqpTOGfL8KleKfB1kfRPviCSyE6tGfPL4uNtN2QLcAnDUeAy_AgNvc_2heqy60iecY3Em-h19RswjewFcoxpP4,Kate Cody,https://play-lh.googleusercontent.com/-wuNeNe0UvG8/AAAAAAAAAAI/AAAAAAAAAAA/AMZuuckZUHiFe9508oRQCBo1NhNxQdpofA/photo.jpg,"It is almost Christmas now, yet it hasnt updated since Halloween!",4,1,2.0,2014-12-06 11:26:15,,
gp:AOqpTOERBLkspOwQtFoAhszT0EdBv59Gclse2kvSpguihA-1JJkJFJAuYl1KLJxvMOQEnc3wb6FDDJxYOqvL-30,A Google user,https://play-lh.googleusercontent.com/EGemoI2NTXmTsBVtJqk8jxF9rh8ApRWfsIMQSt2uE4OcpQqbFu7f7NbTK05lx80nuSijCz7sc3a277R67g,"Add more background, like holiday-themed and I'll love it even more!",5,1,2.0,2014-12-03 01:18:19,,
gp:AOqpTOE0eXe47jDLkYCsuV9RC2TGYehwlui49VfBTNEPllOk9G0Rfzn9UlaaEU2ulv2ZX4wyaLFkC71q2RyzFyw,Rachel Thompson,https://play-lh.googleusercontent.com/a-/AOh14GifFK06g8yKuWXjsQPaeDG4BHeTYrYA2d37BaZv,"However, I can't figure out how to make a Monogram in landscape mode?",4,0,2.0,2014-11-29 18:23:07,,
gp:AOqpTOERNGuNWYU1Dx4BNCM0gVPrx_lC7BKPiEqp5sKwFK9CWcaJiPAlv11rKcC5nis3Zn_hPM2ixujAmPQj7cE,Kate Klingensmith,https://play-lh.googleusercontent.com/a-/AOh14Ggr-tg0vUMQutkc2otFuT3x962hDpFqoYXFSlF7EQ,Needs to update faster!,4,0,,2014-11-28 20:05:01,,
gp:AOqpTOHf9stfOGV0OSXZiic50h5dJ-4iWeVj2Ke6p4zF5WwDXZaYcYyqSmKFt-SZ3RSb623s4WNLZVKLjiQj1Wg,N B,https://play-lh.googleusercontent.com/--57n-edKJQk/AAAAAAAAAAI/AAAAAAAAAAA/AMZuucnZXSP5XutVvaajsWVJmRR4bkkzrg/photo.jpg,I love it but more wallpapers please! Christmas too please!!,3,2,2.0,2014-11-27 20:11:43,,
gp:AOqpTOHq5y_2tQGBqF2Zyv6hVkVWIANstJGcZC5l1yH2kvCHnxHnmMTclyjxoSFcS4hmjeVT1ZKfOea1H-cUGBw,K U I N S H Y I A,https://play-lh.googleusercontent.com/a-/AOh14GjsB4Jj2Dywn7KmWf2yU3Mwl0tLfHzedjDL5SVvcA,Will this update for xmas,5,0,2.0,2014-11-25 20:44:44,,
gp:AOqpTOFEtVpQV_qGgQ8Zk2grQDeU9f2ySnpEIdQfsqgL88rnTGg4XbBc6mEbw3f8DEskPlZ7mTi8iAkiAj_nHIM,Heather Burks,https://play-lh.googleusercontent.com/a-/AOh14Gi5AGMqe0LzyTNKJTqm7MAEpbpyHcHLHPum1rkmZH0,Really needs more backgrounds and the ability to change the colors more. Had an app on iPhone that was updated constantly and had much better backgrounds. Please update soon!!,3,0,,2014-11-23 19:29:35,,
gp:AOqpTOGdSEIFvPvxRYzec_weKm0tEAU2Bpq5HJ9l5coBpPRVGvdnsCDuT7RNoEUzek3BO0O6NryQ_bHVXjimBcs,leslie bettner,https://play-lh.googleusercontent.com/a-/AOh14GiE_mERg9lmbSznzwihoZNLI7Qdbqre7pU73LoSTg,I'm hooked!,5,0,2.0,2014-11-23 17:10:23,,
gp:AOqpTOHcX9KrmnHnIQwTz4sNFdClR2DXdWL-4tJW24RUToznooa_cm_VQ76-XOaChn-NRD18tQ9B8PembEeR16o,Mackenzie Lewis,https://play-lh.googleusercontent.com/a-/AOh14GjS7_8he04WbYHSjCcIIKVxI--RgppEtww-khPB1A,Forget the cheesy games that are impossible to get through with out buying the extra help... This is now be my new boredom buster!,5,0,2.0,2014-11-20 08:26:22,,
gp:AOqpTOGbpcmrV7OD7te8eb35mnc5NCA_mdu3kY3d10tRPTSKJQlYkdpVrSaRHF9QBLjEFfDONxSSJf-5_czTdeQ,Melissa Stuart,https://play-lh.googleusercontent.com/a-/AOh14GggQVp60vXZelkfKle805ojcoR18xjyG2iQSuxT6Ww,Having entirely too much fun since discovering this app!!,5,0,2.0,2014-11-18 19:43:34,,
gp:AOqpTOHAayVG0GLmNiCZ9POYeHlRGxq7iVLaYaM_eIa0Hufrtiw_eMMfYmxYo0Yi8XPJS4g995iKXKbwwN_GB5A,Carla Quinn,https://play-lh.googleusercontent.com/a-/AOh14Girts07WHo_N0jFb4XnUzX5eq8gA3BbUrMxEVI4YCo,I bought it because I can print straight from this app. That makes this app the bomb diggity. Would love to be able to add fonts. And an update with more holiday wallpaper would be awsome.,4,1,2.0,2014-11-18 05:13:05,,
gp:AOqpTOGCs0qVu4BKsg2aGIFLcAHu8TgyeFrncgto1A36fZbNpOi6kd3mM8-cV6OHyHs5QrxtbZF8479s5sFqY4M,a_day_in_the_life_of_mom,https://play-lh.googleusercontent.com/a-/AOh14GjRKTx_zUL1J0KGaqmHEfdT_btIX5ytFnx9fvBm8Ag,Ive tried to download this on LTE speed on my LG Flex and it will not download at all. Disappointing.Going to request refund.,2,0,,2014-11-16 14:13:45,,
gp:AOqpTOHDciR9GyhpB59kDLLZuQX139LArJ8BZNRqlv6IgzBBAInQGAAhb9jvr_sgXcQff4AFkrRS0oF7cFDn48Q,Kimacha Bell,https://play-lh.googleusercontent.com/a-/AOh14GhfWcocj9v0nGhrM8PuW4RHuEfoI9Grny8tnlZpsA,Love this app bc you're customizing ﻿the wallpaper you want .,5,0,,2014-11-14 12:51:07,,
gp:AOqpTOEDlMh6IRk1MLxtDTahK_BmL53Om_NVH1le4rh4OJFfDaruulHS3yHWgtSezoRO8bULJNYpH3MwlSSTfxo,Amy from GA,https://play-lh.googleusercontent.com/-PpXkGffem4A/AAAAAAAAAAI/AAAAAAAAAAA/AMZuuclxIBJhtwinI7HR-rhJfug5IiFQjw/photo.jpg,Worth buying! Such cute backgrounds.,5,0,2.0,2014-11-11 18:55:08,,
gp:AOqpTOElODTY-PwwrV6qWuyMd2Z9-UX-EB840rtPcPuavG6Yxpb2tT5Ha-bfgvcLXACxX-n8bExonOyEUL_zx2U,Bruce W,https://play-lh.googleusercontent.com/a-/AOh14Gguo7EEM2hljK2HsXeDxOmf_oeTbIyEseZe7QsWVw,Love this app!,5,0,2.0,2014-11-10 00:53:41,,
gp:AOqpTOHCxluHcfR58a4iRvPCVK9vvpxsvY-x1fzHTAiotAY0Fm6Kv9FC5_mn68Mr7uUhpCQwafB3cTTg282uBQs,Lauren Boughton,https://play-lh.googleusercontent.com/-ZMtH8GkeH2U/AAAAAAAAAAI/AAAAAAAAAAA/AMZuucmE7eIPOx6ekRSMKreUVpYKA8b3Hg/photo.jpg,Love all the designs! Finally I have a background for my devices that I actually like!,5,0,2.0,2014-11-08 22:32:03,,
gp:AOqpTOGc9Qz5cnfhiX9gl8FvDr1R08XwXW7C0o18UvFWN2zKVikMqG2rOIxi-W40yjdRSMVmt4wnfHY-nxMIFbg,Kelsey Hubbard,https://play-lh.googleusercontent.com/a-/AOh14Ggn-i5E359En6C4P2mNzujgtE37bctrovXUyHVc,This is officially now my favorite app! It is worth the money! I would definitely recommend it.,5,0,2.0,2014-10-26 06:58:20,,
gp:AOqpTOE-rT_CT2eykXJ46rCLdUI7nozChlJnQphzuDldn2aD3ae6zWkH1r4cIWT1h85_x99nwS7mO3pV8BRMUbY,Dee Ann Goossen,https://play-lh.googleusercontent.com/a-/AOh14GhrOMGUZXvvzC5zdt9hSxFxgNlLXxhM_iqwSFB2LQ,I love it!!,5,0,2.0,2014-10-24 11:30:35,,
gp:AOqpTOGU4ohQgtvSL97HGUMeP7dDYwgNLlFmPDPiD1DTzQHe9evRDbAM8U2ccp0EaBj3yke7Z6-iuUhXZFVDwWk,Annalisa Camba,https://play-lh.googleusercontent.com/a-/AOh14GgmZsqBDd40A8xDhVj9UheMxQ0-aD8CR_e9TI0B4A,I love anything monogrammed!  Worth every penny,5,1,2.0,2014-10-24 00:54:36,,
gp:AOqpTOEk1Nlv1hi-bR0yR2nB8NA4Wqxcw6x6ENNTWjGj2m9Smc9iNt_6jNU_uznRpZMBxGic5sHRe32G7uSo9w0,Kayla R Combs,https://play-lh.googleusercontent.com/a-/AOh14Gg1c306qzlos42AbS_hO30kDMEB9H1k27fCQMS5nA,"I love this app. The patterns are so beautiful. I love how I can create something that's uniquely me. However, I was hoping this app would have more backgrounds, stickers, and fonts than it actually has. Hoping more may be added soon, and maybe make it to where it can be stored on the SD card? Other than that, It's pretty great. Keep up the good work.",5,2,2.0,2014-10-23 17:48:29,,
gp:AOqpTOFMdcHISMOfU-bfx1CHXKoGqbgQ34Go_WwdVzf2khLQdgwOnXgfRHKUGxqLJoFkQqoUV699wvl3ArjAXKA,JE BunnyMom,https://play-lh.googleusercontent.com/a-/AOh14GjAufjeaUzk9zjI4BpTmNZOUjc8JWoJgYehOD_2mA,"Really enjoy this, worth the $ for sure. I 💚 the new update. I'm very happy. 👏😍",5,2,2.0,2014-10-20 21:46:49,,
gp:AOqpTOGdQKXfD5E-Oab-56RBa33XdMeVepTOJIE22oNsMCZ6x7utqHbxR9lAc-b3lA1wOWqbf3MCUX0eRIvfZZM,Amber Henry,https://play-lh.googleusercontent.com/a-/AOh14GhfRkZQein49Gdv7TrmOx0k8OgqNlpzZ0K83JgYrA,"I ike the color options but I really wish there were more fonts, more backgrounds, and that you could really make your own. For example the chevron background, letting you customize each line with the color you want. Also being able to fit more text on the little space given. Even though it's only .99 it needs more stuff on it. .99 cents can go a long ways elsewhere. Overall it's nice. Needs updated. Needs new.",3,1,1.0,2014-10-14 23:40:57,,
gp:AOqpTOEso1ok6VUtFIFTqaqowo4ZGbAMnd73NRbS5cHvxjA3U7s9fyEFwyV_GBzNfOHvREgWmI2KVvtLLwAJ_-k,dulce sanchez,https://play-lh.googleusercontent.com/a-/AOh14GiOCHqs5EWuwzTVFQrl6tGYpn_LgH9r_nAcp7T0xw,I love this app it works so good. It has many different designs and you can custom it the way you want. It is so good and paying for it is so worth it. I loved it so much and I'm sure everyone else will!!,5,0,1.0,2014-10-09 16:01:01,,
gp:AOqpTOEmX4tgwa1ZL1mErSIc1o5IJHpGBO5ZvV8y2NunNvQihdXXBkW53jfhR2wlJg5VzeDpFMYfGRuQnhaTrmo,Toni Caldwell,https://play-lh.googleusercontent.com/a-/AOh14Gh8XdRI8-qWKKYBFMBQIKAJbestZ98GstLOwsv9,"To me, I think y'all could at least add more fronts and backgrounds :)",5,1,1.0,2014-10-07 14:40:43,,
gp:AOqpTOFdta5i8DhAMO-67rRvAtGWdH1L4XOIFj1XZWQRY_64Elq-Ky8aXPokx00Nrr8gc0mRoVh1zResTpDaDjM,Asia Perez,https://play-lh.googleusercontent.com/a-/AOh14GiNc0coqP45YiqCPvhEfzHujonOamLJLgG0ZnmG6g,This is by far the best monogram app on the play store completely satisfied 👌👍👏,5,0,1.0,2014-10-03 17:27:40,,
gp:AOqpTOHo32q36GWZcO1sLBZh_S1G8eG6OYyJniZMYrBVGAkw_fT8XXqszjfOHc1epjbhq1l4VLe3Z8_Z7tQO-nM,Mary Catherine Hornaday,https://play-lh.googleusercontent.com/a-/AOh14GjmdRix3CzPxpN0YSgLX0BE9ug9T8kAtiHPzK_Qpw,It is totally worth the money!!!!!!,5,0,1.0,2014-09-21 10:26:08,,
gp:AOqpTOHNLsn-AT3Ih7JY8ssQZrWZwuKIb305GV_sTs7gmweLe3qxRHuFRgV_wgHHS_ZOTK6VAdcJG6HYwphLVtg,Riza Kharbe,https://play-lh.googleusercontent.com/a-/AOh14Gipy7DAyBFUcyNb4EawI5smxZPXceGJ28rOvgs5pYA,I luv it...but there should be a custom button...like they make one for u and u write ur name in it,4,0,1.0,2014-09-15 17:15:04,,
gp:AOqpTOHK2oWdpWxQh56ZM7EAqfB7RHXPasJaZuIzUD2O530K3W3uahTKdfphs3BbK6RwTHHHZlqxQxNHMK3NhDc,Tayla Divitini,https://play-lh.googleusercontent.com/a-/AOh14Gh5Iv5zRROS4PIIzzSaD2Pv5P_-oIfntwT780wrLg,5 stars all the way!,5,0,1.0,2014-09-14 08:41:15,,
gp:AOqpTOHxPqzQyajqcAIkKPfn_ode2DYgdWZtUf1LAA4m4OU0OJOHVdA1tlN59wSqilQV0iLYuUfr8igvqH9vdqs,bryce Erickson,https://play-lh.googleusercontent.com/-qrz1iO_tj5A/AAAAAAAAAAI/AAAAAAAAAAA/AMZuucntDIygRG-ZR3LVY-w-qvz-lK369w/photo.jpg,There is nothing wrong with it at all.I love this app,5,3,1.0,2014-09-10 14:53:06,,
gp:AOqpTOFMn174u0SJLyo2vSuEat4LV7OFlG767HKq4vgNuoJJtHI4eabe6NxAUXvTffpmrYwFiqBMp1vIUXgciqg,Amya Cross,https://play-lh.googleusercontent.com/a-/AOh14Gg7yTYQiPq1kB3OQQPeunilFLkDZiFuPnhM744kiA,Great just wish I could make my own background,4,2,1.0,2014-09-08 04:42:35,,
gp:AOqpTOHg5A07aEhI5s9T3ahRbbuaNSAvpdUm9OXoRXLN4FtdppWXnqEPiozkcd3dbxPdlDY4iDcAsrGbt5yLumQ,Sonja Lay,https://play-lh.googleusercontent.com/a-/AOh14Gir0Wr3QxP2UmBJZ4qurWp3WFWPW4leK7vOwovKnw,Can't find a con!,5,1,1.0,2014-09-03 13:44:45,,
gp:AOqpTOG6n3defgbCy64dgtn_A8xnj64cgxPBuyxv1lP4fyabUvar5_W7ge9sFme4tgzouan6A-tjxWYIUerRJPY,Erin Jolley,https://play-lh.googleusercontent.com/a-/AOh14GhvJfSixxbgKAsjzw3WYimUu5BgED8TONt9U10sEg,Amazing and fun,5,1,1.0,2014-08-15 18:35:19,,
