reviewId,userName,userImage,content,score,thumbsUpCount,reviewCreatedVersion,at,replyContent,repliedAt
gp:AOqpTOHEphGbBEvg4zGXa2aEspzLy0P4R55Ga9ppNdKPrk7PDQ67I-8_dl8I6xZB4fuEUBbycCDppQbYtSh3jnQ,Scott Towler,https://play-lh.googleusercontent.com/a-/AOh14Gi_fab7IslXSWP4Vq2EM_8sWmvvMReyCWwZYn3FMg,This game determines if in phone call and what phone numbers you call. I don't see any assurances that they don't do this. Developer might want to fix this. I used to like this game but not with that problem going on.,1,0,,2021-02-09 00:40:24,,
gp:AOqpTOHjhDnMMIBbxdcuQinGZKQGOd3IY8M8GAAqaVAXJOjGZyfVoc0K8bz1Whm2532jPW65rrby1XGCdXLxuxc,Tim Bishop,https://play-lh.googleusercontent.com/a-/AOh14Gh84SZCIUkrqXQBPPrtGsH0OIpCTrwao7y0f2hUVcA,Why does a pinball game need access to my phone call log?,1,1,1.6.25,2020-12-31 13:20:12,,
gp:AOqpTOGd2XxGSU3oV6IywFwPAuB65ZQumIAnsYVUZNZuNhCKzF29tqD9ivcP1VbEAp1cGKha08VWZUAruT9qIKo,Ken LeBlanc,https://play-lh.googleusercontent.com/a-/AOh14GjqS4JqmRzLDtWDAMBBiDQVrKh8Uzz7CfF5LZ9R5OE,Ball moves way too slow. Feels like I'm playing on the moon. Zen pinball has much more realistic ball physics.,1,5,,2020-08-10 17:33:10,,
gp:AOqpTOGerSv5hmQXM99eBNQzqpq0JuwtGKYDfmu6ro4_KEHHsyJ_H-zlg0y4jttlTyAEQ1lqM3W71VZXkJJ9EXQ,Arion Kinei,https://play-lh.googleusercontent.com/-gNcwkahB09E/AAAAAAAAAAI/AAAAAAAAAAA/AMZuucmJ_Z-UkMPiDxC8NN5WEKPchA-ciA/photo.jpg,"Well worth premium. Runs smooth. Reactive flippers, tilt is properly tuned. No complaints. Love this game.",5,8,1.6.25,2020-04-09 13:41:05,,
gp:AOqpTOH44p7FYgbBssF5a8AaMRbwITb8ybSudU4ydaOK3GUIxtjKP3-20oQjEltTAnkU2m-xAb-Udkxmaz_tZFM,Damon Rolls,https://play-lh.googleusercontent.com/-LtjFH0b9vRU/AAAAAAAAAAI/AAAAAAAABSQ/AMZuuclyORRTHN1WvTcy_K1tNMiKSwPkAQ/photo.jpg,"BETTER THAN REMASTERED, LESS THAN HALF THE PRICE. NO BS, JUST GAMEPLAY. I want to open an app and play, I don't want all of the distracting garbage that makes you wait, obstructs the view, and hampers the remastered version. Scores and community exist here, but you can just tap and play, avoiding the noise.",4,33,1.6.25,2019-04-27 13:44:33,,
gp:AOqpTOFHQfrwFTTpFHsGjElfVZQ2zr7Lc64DBf7xIAAHakbhZrqdeM13aKZZMn4WKea1qMXclllFZt-HGTDUqvE,Mike Donnelly,https://play-lh.googleusercontent.com/-jFcWHOuq9wo/AAAAAAAAAAI/AAAAAAAAAAA/AMZuucmulr_J6HA6NR4YAEQyfTv-5rz1fA/photo.jpg,great,5,1,1.6.15,2019-04-04 15:53:21,,
gp:AOqpTOHIRWPwGwSVd1KqjhedpVzaxD4II_1G_CWgtD33SOFQcrlOlKZ1h8fv-HTHp2qAt39e4JmrAAuYg2sQkFw,Hanif Hussain,https://play-lh.googleusercontent.com/a-/AOh14GhviMZn-67bEVWFFUrhLUhUW91lD-cp0CEGuOX5uw,Same as any free pinball game. Don't buy.,3,28,1.6.25,2018-11-14 06:14:34,,
gp:AOqpTOGTJjIgec-NPn2Jx1JAbhB_d7D8lUNuYdsBMen5J19rsC4c3FLs1Okfazu55sRppnXQRl8nsmhlBfPomEw,John James,https://play-lh.googleusercontent.com/a-/AOh14Gi7ySkAv7ab5EB0v8IYKdioryLrvEDdrKrkgEC-UPM,"The flippers stick making game unplayable. When it works the game is fab. 
If this could be fixed then I would give it a glowing 5 star review for the 
game. I couldn't see anywhere else to report this problem.",3,16,1.6.25,2018-08-14 04:18:00,,
gp:AOqpTOEbEAbgcQfParR4pkA12jvEQGX952ynhF6AwX9ByEdUI3jXpogyolT8wKWFtx3RpdKEm5nA2hsxp9LEGnY,Sam Schafer,https://play-lh.googleusercontent.com/-OJ5gCBJ-ZFQ/AAAAAAAAAAI/AAAAAAAAAAA/AMZuucnMjK6Y4df2kruY5gI6vsT5wuDXXQ/photo.jpg,Great pinball game. Sadly it lags horribly on Pixel XL and is unplayable. I play it on an old phone. I would happily give it 5 stars if it played on my Pixel.,4,18,1.6.25,2018-01-02 04:56:28,,
gp:AOqpTOHiMdi1JKb5zX6Naggavvfv4H2TJYKspXzlp0FfIHeaHeJCfY5qKjyf7yVz4Xhx3pK_MM9kjVDeT8Rq_54,Toyz4twats1,https://play-lh.googleusercontent.com/a-/AOh14GjhhEz-wiwp1EmQ3GpPUyKaG41nOmeUyGCc3C7t,"Good, bad, and ugly!  Good graphics and ball physics.Very impressive! Bad sticking right flipper that has been patched over and over and still sticks or freezes. Ugly that those of us who paid for the premium version weren't given a crack at the reloaded version and are stuck without mods or new tables. Great way to show how much you care about OUR support of your game, and I'm being sarcastic. That sucks. You want us to spend more for the same game with some changes and new tables you should have offered to us first. This is the only game I'm purchasing from you, I feel burned.",4,4,1.6.15,2017-08-19 06:00:54,,
gp:AOqpTOFYLBiolnvPwzUCRQHi_3RQxnmBuOOOjDA-6UHpYVfJfzhLXBWciklaEbSPtmKic5L3DxaQXGax9yIv7eA,Grady Dawson,https://play-lh.googleusercontent.com/a-/AOh14GiZYcinO_kZQwz7sxGiyL2-grhLG2pxHeeyw1E0eg,This game rocks!!,5,1,1.6.15,2017-08-12 02:22:08,,
gp:AOqpTOEq7KZs8lDisw5_va7ztZnCMNzV6dmyzYWeQ9Zfn05K_7TzPtIKVTnditz-33tHRS-GBZIsN-O0x2NPUX8,Paul Misner,https://play-lh.googleusercontent.com/a-/AOh14GjxEVKvZLxdMtdA0rL_QlDOoGYL-hpNcExaUT_A,"Great game. Best physics I've found on a game. Grab a cold one, put on some rock, and have fun",5,2,1.6.15,2017-05-14 14:18:47,,
gp:AOqpTOFQVC_dUNVB5WY94bltiUwVotjGl_ZS75O2xZpLF_MVfAgDgfIUgSZ0HkUWXsDp1y_yV8X5gtod4QZfM1c,Towbuster Steven,https://play-lh.googleusercontent.com/a-/AOh14GgisBP8I6aKPvn2ln0z1gNo1Iu5lWK0fy_h5zZLzQ,The real pinball machines never worked perfect this game is as perfect as it gets.,5,3,1.6.15,2017-04-08 22:54:46,,
gp:AOqpTOFLj6c4wPFq4JVqNWAzM45eFbDPn0AUwOyFrboDfSfrCZwfj_A8hdoXpvlDXn6MMlk1ho87xoYTiMcCuyM,Lou Saucier,https://play-lh.googleusercontent.com/-qFyS_8rDg28/AAAAAAAAAAI/AAAAAAAAAAA/AMZuucmn3jrYq9IDy3fBa4uPSTjQq3-Aqg/photo.jpg,Pinball as I remember it.,5,1,1.6.15,2017-04-02 15:30:17,,
gp:AOqpTOHXsvuYXObx91Suju4lxKibeA_QaXSFa6WDaY0sOT_pZASnFRwHZbshwpwuMKXv5g-57BCtaQxoKeMNMy4,Attila Ambrozai,https://play-lh.googleusercontent.com/a-/AOh14GiFVjb2r-lGBphc0gKKLB2WFEx1E6C_OU-depk-szI,The best 2D pinball game in my opinion.,5,1,1.6.15,2017-01-09 02:17:01,,
gp:AOqpTOEwOxrPRx2OvpXvqa6zyIscVYqn3nO9bp9xpidM1muLjz6OtuMHi0c_ggoAx5EWCsmtmaQDICdGpy_n6io,Nigel Ormsvik,https://play-lh.googleusercontent.com/a-/AOh14GjV0Lj4L7N2erp0OytNKGI6uhhixvkUdgMc8HvZWQ,"Great classic pinball, a few more tables would be a bonus and worth paying for.",4,2,1.6.15,2017-01-03 00:52:18,,
gp:AOqpTOEc-rgmnmPlJ7V_5vaG9dVmgYUMzDk12ZX-Ymt7xHwioGD9wi6y6AvLfItZCA_Q_m27uVtxs_A0KxAEnPM,Kevin Jones,https://play-lh.googleusercontent.com/a-/AOh14Gion6TpkOQjhZBHoSSbh2FcmGdk1sf-u7u7r6MVfw,Kicks ASS,5,2,1.6.15,2016-12-07 09:29:25,,
gp:AOqpTOGZy7kACYtEEN5U_vrv2Mgfu-qUpjX7tbMUN5gfddBM5P6Dj7YYuNWXnXG5FNP3YUcB8MOmgOqc958iHTw,Shannon Boatman,https://play-lh.googleusercontent.com/a-/AOh14Gh8fge1KictbLv_zIOBGCzCIPHPfFibfRL19ZKt90g,LG -G4 user. Smooth play. Great graphics. Loads of fun for a pinball player. Would be nice to see some more tables added.,5,3,1.6.15,2016-05-21 20:35:14,,
gp:AOqpTOGU2rqejKjxZ04oxMd-IWplHQQIZ2jqATBrbvwZEkkHrj2uBELQLOUiCxVUoZa94HJpSmZOQ5UHNXu6wyg,Louis Naturani,https://play-lh.googleusercontent.com/a-/AOh14GhnQ-DfmSNXWLnBjKN7HsBYhpWMvzK2Oztv_Q4OFg,Love it.,5,0,1.6.15,2016-05-07 17:08:55,,
gp:AOqpTOFDgjJwrCu23-rufst0wj2WFcROaYAYpGbPpSVqGWvIWqb_TAKKKuZi1QpC-yZ2uTs2G_jnWqmFCY2SeVQ,Milan Popović,https://play-lh.googleusercontent.com/a-/AOh14GiZ8fXOdJIaaT3-q5J1kg75L06n6nCMWSsfSc0S,"There are couple of annoying bugs that happen often on Fastball table: ball flying off the table and getting stuck under the flippers, and game being unresponsive whenever tilt happens. Both are game breaking and process needs to be terminated. On Wild West table space between flippers is way too wide, ball keeps draining a lot. 1/5 stars because of these bugs, but goes to 5/5 if and when devs finally get around to fixing them. Also, make the flippers stronger, they're too weak.",1,29,1.6.15,2016-05-06 17:56:47,,
gp:AOqpTOGf8s9T6vx6OtkpQ_yDp7k6_Rg7DKgwLudDDBOIyAHbewBnr9lktGDUWIqU5hpSfKZ-8AcvO7op2CpUTxw,Warren Cottrell,https://play-lh.googleusercontent.com/a-/AOh14Gh7jUmrC0knzfLSpiwQBrCTR5Y7V_DVhewW_i0SLg,"when the game tilts, it locks up",1,2,1.6.15,2016-03-14 16:37:57,,
gp:AOqpTOFUZJvd70j_-2PRXCpfjr1QByNJfcgDlniEHtWYdmcIRe_OgB6Zxo4v2a_x5wvPOx6Rpf-bBtXplSgLnqA,Robert White,https://play-lh.googleusercontent.com/a-/AOh14GjmS2bps1GjhUPcUo-4cbPymmhTdA5e8cJPTBx3,Good,4,3,1.6.15,2016-01-22 22:14:18,,
gp:AOqpTOFJH2x4P6VD7U73T34_lOD5Or5N2IlyWAxxBYmCQPO26fRiILFFe5ZgIacOpH5ckxNrknhds7pGZv_to5U,Tsukiko YAMAMURA,https://play-lh.googleusercontent.com/a-/AOh14GhxUYZvM99V93uSKl0t9CdC8njrKYbQ8ZS9IhKY,This pinball app is seriously total! Sick action & cool choice of themes. One of the freaking topmost! Worth the £'s.,5,4,1.6.15,2016-01-15 04:48:45,,
gp:AOqpTOGeBZuSlZAqRTzhJXxWuVm5oUdhzUlRjaAfZUR7vCwv_759vpNBgiWjJ9rppoZHD0KGuWktES-jtvQWQLQ,David Adler,https://play-lh.googleusercontent.com/a-/AOh14Gi4xrPHzFhXJPkqJQ-xPWcHA3_M_86pFve_pxu9hQ,"Good reaction to screen touches, low price for full game. Baseball table is my favorite. Would be cool to see a car based one!",5,2,1.6.15,2016-01-04 22:16:15,,
gp:AOqpTOHwDkx-QkmwxlacORwyRnGFMkTSyeq4-ua_azbxa8XrBwXFicfF0f55GP05w_tIJc4DXVbOXcSZf-Zw3v4,Scott Krall,https://play-lh.googleusercontent.com/-XZvXKoz8Vjs/AAAAAAAAAAI/AAAAAAAAAAA/AMZuuclbkFutPAjwyBVyxtiuRpEw0s4SGQ/photo.jpg,Wasn't sure what to expect but thought flipper response lagged and lacked power. Maybe due to playing on Galaxy Tab A.  Graphics and physics were excellent. Probably won't keep because of the soft flippers. Too bad...,3,30,1.6.15,2015-11-26 23:36:12,,
gp:AOqpTOHG8hPlKwZeXWGCIW66G0dvOkn2GeHWRSZ7stG_QVGUTXpZtUn9_oRh1_rMNoTQv1fY0Rlzk5a4oZJiOH0,Mike Gianetti,https://play-lh.googleusercontent.com/-syOcfGretuo/AAAAAAAAAAI/AAAAAAAAAAA/AMZuuclMekCl9D9tdChoxwX95o6kk39yHg/photo.jpg,It's a great entertaining way to kill time but am extremely unhappy as $2.99 premium version is so far EXACTLY the same as version I didn't pay for....was hoping for more tables,4,4,1.6.15,2015-11-08 12:48:56,,
gp:AOqpTOHROJzDPhXg4bDDhCBMGvAmC0CRoKEL2DJXFaNEenFxQchrNdHzJYUg4LV3UEmX3wfCCBkvz_symjgTWVM,Zoa's Video Games & Arcade Tours,https://play-lh.googleusercontent.com/a-/AOh14Gj-WQfZi0pVNr-6WcVVgDGICxTonr9aGCwKqEclgw,Its not bad in terms of pinball on the go and music and sound effects.  5 tables is a lot for a free.  I paid 2.99 for the premium.  Its worth it!,4,28,1.6.15,2015-10-04 18:20:51,,
lg:AOqpTOHmppbQx3J9LuWj9M6MsTs5AKGAlDGlMB1tF85l2RKRuODechWjM-edpWONRCnfnyMDKgx87tgD6QJBgEA,A Google user,https://play-lh.googleusercontent.com/EGemoI2NTXmTsBVtJqk8jxF9rh8ApRWfsIMQSt2uE4OcpQqbFu7f7NbTK05lx80nuSijCz7sc3a277R67g,"Game played pretty nicely and overall is well made. I did have one instance where the pinball got stuck and then caused a force close. I also cannot detect any ""tilt"" by tilting or shaking the phone.",2,1,1.6.15,2015-10-04 14:48:09,,
gp:AOqpTOHsaZr5-Ngny71aiPrJTSOMbOgUxMqJ9hWAYMDmN8FbDpjlTACk-RPgeWgnYskqUlY_Rt7og8n5DExJkmc,Matthew Shephard,https://play-lh.googleusercontent.com/a-/AOh14GhOSsIuNqs-tKZkg6mtieRCTWG1Q3Ko60hPj9fRKg,"This game is pretty awesome! The physics in this game are awesome, random map assignment in multi-player is really cool too. Sometimes have one ball, sometimes have 3. Devs respond to bug reports and inquiries quite quickly too! Props to them! I've actually got ads blocked anyway but I've purchased this to support the devs. They deserve it!",5,6,1.6.15,2015-09-21 21:50:50,,
gp:AOqpTOHJZE71ZHslBQ3Tf_VoNciloCg1pIJbXFgSmcIthrE_jYMdMDW44t_nYoAiDkgpoPdVvvpjIG1izQEP4JQ,marinekjb1611,https://play-lh.googleusercontent.com/-INtbNvTqmwM/AAAAAAAAAAI/AAAAAAAAAAA/AMZuucmAD_a6LehNhWm4TQXVtyX1W9zezg/photo.jpg,"I only have a few complaints. I've been playing Fastball a lot and I've been having issues with the left flipper not working when I hit the left side of the screen. Sometimes it'll work, sometimes it won't. Happens almost always when the ball is near the flipper. The other problem on Fastball is, as another player mentioned, sometimes, when it goes partway up the ramp on the left, it'll disappear and reappear in the middle of the screen. I've also had a time when the ball was hit and disappeared.",4,40,1.6.15,2015-08-20 12:42:42,,
gp:AOqpTOFlrPctS2NAgT_1S4CJ3eovoDy6VukxRJzbJRZubHbAMZ8TDOuDA6451_q0NqYA0BICyaGWrre7QeDwZf0,Mark Draper,https://play-lh.googleusercontent.com/a-/AOh14Gikq0m38BiW68raBQgmuCXHhgYRXPYOArcfyqB3cQ,"Glad I got paid version... All tables are interesting but stuck on baseball... Maybe it's the crowd noise but something is missing from the other tables after playing this one... Ball will jump around once in a while but not a deal breaker... Great work..!.  Nexus 6. Oh BTW, I might consider playing multi but I can't change the name or avatar. It says you can do it on ""profile  page"" but I can't find that... Sorry if that sounds lame....Better not mean FB... I don't do FB.",5,23,1.6.15,2015-07-31 06:41:19,,
gp:AOqpTOHPF507mF38oidHpmgM3Ovke8yeom-2MJGYUVxW56fVT8C4nIVIk-XEqQEXiqAzJciJccRcWV1Nr5kOnFs,Scott Murphy,https://play-lh.googleusercontent.com/-BoVkQqnZzJg/AAAAAAAAAAI/AAAAAAAAAAA/AMZuucnVkLQXJ1hVJB_e8JeD81phbznh4g/photo.jpg,Can't get enough of the Breakout table,5,1,1.6.15,2015-07-28 20:31:39,,
gp:AOqpTOEMn4JBoPeiZPcppvoI_mab6WsEUpZ6AcSILWowJWmPWjnG9fDBDs0QCGJZ177dR3Df1E5BjDwcKCYEaJg,Paul Rice,https://play-lh.googleusercontent.com/-ItbET4sqeAs/AAAAAAAAAAI/AAAAAAAAAAA/AMZuuck7IjlW69YN-uE6wkEqFIJ6GS4pYQ/photo.jpg,Love it,5,2,1.6.15,2015-07-27 08:41:02,,
gp:AOqpTOEvXSlisxbucRzExwrkfYzcWqDQSxRRd5YYRLI33fq0fxswsWAOdHIOO6MsilW9BRZX0ECmMFY-zOLfyK4,Mr,https://play-lh.googleusercontent.com/a-/AOh14Gia4ZEqzoC9G8n2E_nEkTPDn_hd2Ii5D9k-Jf1IXg,I Love this Game. It Brings back alot of Gooood Memories! Lol,4,4,1.6.15,2015-07-25 20:59:00,,
gp:AOqpTOGjXAU9cRBR73DiNFZ3ReQKPSXWjx9pyGJ5cCbXd6rPTmErBPpSnTxc7ecrpskM6hH5mlnWX8wTpSMLuN0,ARC OF TRANCE,https://play-lh.googleusercontent.com/a-/AOh14GgpxD97ihMTaP9jzIO4xlYdiY7UIQCXK-_-0KAyCw,Really boring tables,1,1,1.6.5,2015-06-18 14:45:46,,
gp:AOqpTOF3PaLlLM9kEL-bRx3IBebLvhPOBoiVlXxukR_Vdt5w9ZfUG2DILhsotGARN87N28ffZuTXZCmY4Pn1iUU,Travis Poole,https://play-lh.googleusercontent.com/-6jBMVCKl3D4/AAAAAAAAAAI/AAAAAAAAAD0/AMZuucmZMX9wQHWZTbOA5HVEdPCAP51xjw/photo.jpg,Good app. But not worth the price at all.,1,0,,2015-05-25 18:31:07,,
gp:AOqpTOF22OAOAIfxpS19D3PfL7bADzjfcC8-KycXak9l84RkBh_wKj8MM69Sv0v4Pxuxv4qEfqoJKIn5lzdoefI,MarBearCat,https://play-lh.googleusercontent.com/a-/AOh14GiDD6a58gcVVwauvkeTTU4987bus5RwsVwHw2tjXQ,Seems you can no longer post your high scores on line. Too bad.,4,3,1.6.15,2015-05-10 07:20:16,,
gp:AOqpTOFPZW8haIqFhxcy9egn5GPCroVBsvGyb1CzTYE3MTvqU9USRZmdAlQznZcFXlI3j9lyWBNrbEelITadcYQ,Frankie Nguyen,https://play-lh.googleusercontent.com/a-/AOh14Ghy8uii36kju7Zt5a7q7Z9vHo4nY7AV7kLsDzRM-A,Good fun killing time.,5,5,1.6.15,2015-03-30 10:05:10,,
gp:AOqpTOHLcI6YnugUvFeH_qF3fizcXfsxcYM1N_WPpWZQOUfReZnSt2deFAkqOTz7QfKps_FVZ5Ly6-xUBG_xhZo,Sky SeaSun,https://play-lh.googleusercontent.com/-ulUcXLcUQVc/AAAAAAAAAAI/AAAAAAAAAAA/AMZuucm8yj9WA-SXimqjYhBOOozzMZm2qg/photo.jpg,Pinball Arcade is the real deal...with real machines that people played. This is fun but not great.I did purchase the pro version to support the Devs because it's the right thing to do...and the only way to enjoy games at a low cost with no ads and no in app purchases. Thanks!,3,2,1.6.12,2015-02-27 07:14:25,"Thanks, it is appreciated!",2015-02-27 08:04:39
gp:AOqpTOFVwv1spoQyydlLsAN1ud-xjuoTezzOT6scJ6PLjYLvQBxK4X65oduU6tyqd3y1Y0v1LCCxYlXZnMo_MPQ,Donald Dickson,https://play-lh.googleusercontent.com/a-/AOh14GgoE78-MsA54qkYq_n3EA01mU3fumlmRimXTCvpOA,Works great.,5,1,1.6.7,2015-02-27 00:04:07,,
gp:AOqpTOGPQm2Pxv9ES5qO4gGRwqqKDqSURgqun1oGz9QWVNdDalXsJRLWlI-2wIJXjPD9FbswrkxfoknApBqppxI,Joe Nixon,https://play-lh.googleusercontent.com/a-/AOh14GhQACuBdySyKjA07jr9wUv1iOXKVHAOxUQxxM3m,"Amazing game guys, best game out there. One problem and one request, I have the premium version but recently starting to get ads, reinstalling doesn't seem to fix the problem, and please more tables!!!",4,1,1.6.7,2015-01-12 17:07:14,,
gp:AOqpTOFH8b8AqfeVQgpx-9Bn93zb0AXe0yWt4vpBlR8_RiAUDmALCuwuomh4albu6mEJvn5Q1Km_p9HH25G83es,A Google user,https://play-lh.googleusercontent.com/EGemoI2NTXmTsBVtJqk8jxF9rh8ApRWfsIMQSt2uE4OcpQqbFu7f7NbTK05lx80nuSijCz7sc3a277R67g,Try Zen Pinball or The Pinball arcade instead.,1,1,1.6.7,2015-01-03 01:07:27,,
gp:AOqpTOF4qDlOAWNuT2RwRtshbnP6c9C5HGE9ZEVuLNSBQzusoNVWviW4hUW8EZcQ0fa4TJOZzuF6NePj8bR1y4c,A Google user,https://play-lh.googleusercontent.com/EGemoI2NTXmTsBVtJqk8jxF9rh8ApRWfsIMQSt2uE4OcpQqbFu7f7NbTK05lx80nuSijCz7sc3a277R67g,Fun to play,5,1,1.6.7,2014-12-31 17:27:11,,
gp:AOqpTOEknrDjNWdFhUGZ0H6s9x8LZxbzuCaVQv2bzJU033SmJ7ulxOqQSTj7mnCEu156jxK5Le0bbhoUVldawro,jimmy evak,https://play-lh.googleusercontent.com/a-/AOh14GiIT0P1NT0rPpe--yxULREKJsbj3dujahNe5u3Jyg,,5,1,1.6.7,2014-12-17 19:33:23,,
gp:AOqpTOHBVwOBrL_jw-GQIcSoxmfZOr9NXcDvFTax3XfGIcEE5EyPyoc7UvPT1nDTJR1KiKmiLbIZY9nK1cUf3Is,Garth Giles,https://play-lh.googleusercontent.com/-JFAZd4m_Pec/AAAAAAAAAAI/AAAAAAAAAAA/AMZuuckhJ-rO7BCJOFEvBBuTHkf4DtcikQ/photo.jpg,Without Scoreloop it's like a ship without an ocean...,3,1,1.6.7,2014-12-14 00:53:24,,
gp:AOqpTOHI7aztKezQ8bQ9jo_uxKfLl_OC3bTY2Q1ht5VRKKTuVEZA7MsMS8Z7B9kyWAA0pyxiyFhI3EPxL1KyOxo,Dwayne Heath,https://play-lh.googleusercontent.com/a-/AOh14GgRi_sqa12xKaW3JsKgBs9eYb4H_gg-Ehga40avOQ,Cannot play multi player. .installed premium. .still. .nu thin,2,1,1.6.7,2014-12-06 23:20:06,,
gp:AOqpTOEsYBTONJT1OeLekWM2tJr3Ybzb_FiaaClr7PVelbzhQbJ_Vkn6Zt61S4EuoaOcHOiIgPSkp-yOrzxudKI,Becky Gibson-Roseberry,https://play-lh.googleusercontent.com/a-/AOh14GinEqPSyG1_awAtVNL-1Z4lIwdi22vzmH_Hs0vqVw,"I play the Wild West game exclusively, and it's so much fun. Love it when I just have time to kill. Simply fun entertainment!",5,3,1.6.7,2014-11-18 10:18:43,,
gp:AOqpTOHyUqFblZg6XmtXj-yu_PZXflkm9A0HcBH2ULGh90sUDthKeV8voc7K6FkorfKZwkAV8elXgC1xrLIYaeo,Ross Lagos,https://play-lh.googleusercontent.com/a-/AOh14GhxRtxAbAd8sjO0AandNlup7EF6AinNHYzWIc_6,Very good game!!,5,1,1.6.7,2014-11-18 02:16:05,,
gp:AOqpTOHELaTJLwi2VUPoyiGHDisinBbZKrEZlH-M4seIJQSZmn9P_xjh_L160Wcten2s4TVXUZb1WyyM6q4S-5E,Michael Johnson,https://play-lh.googleusercontent.com/-V3SIbUI6-B8/AAAAAAAAAAI/AAAAAAAAAAA/AMZuuckIh0WNuAoRk16CyXfRrEoNrzxz2Q/photo.jpg,"Good table themes, unique design and worth the purchase. Bumped down to 4 stars, when tables tilt flippers stay up and ball cannot leave play. Must close app after that.",4,2,1.6.7,2014-11-17 16:15:24,,
gp:AOqpTOFAaVwvFNKUMEBjah5pzdL3wita7SPvRz3BTlvZD62UPqK8UsIS0g2co3yYzEYFVfo7shnjmzApWmNZSos,Ryan M,https://play-lh.googleusercontent.com/-xLzXT-tuQyI/AAAAAAAAAAI/AAAAAAAAAAA/AMZuucnxRdGULjm0yZGOG_aHKCqlnXeRwA/photo.jpg,Nicely done.,5,1,1.6.7,2014-11-15 11:43:22,,
gp:AOqpTOFmXR40N0PIcSesoBgmDfXM8mpHp8Nxe47zNrK2HRbL8kf7liAVi7uxEp9xUeQOJ-SApjVryNR_JJAlfjE,Julian C,https://play-lh.googleusercontent.com/a-/AOh14GjNil0FFFbpp-0TUrPFka5NtAQ9_v3KpiHw6ZHwGw,Had it for ages. Decided to buy,5,1,1.6.7,2014-11-14 19:00:32,,
gp:AOqpTOE55bfAt2vZQKRtVJ0QmUK8jDbAss6LEGPKkR87oazuiOUF-b50pHeYIXihV0V_veWWXbGbbErs4fcUvPQ,Talvin Staton,https://play-lh.googleusercontent.com/a-/AOh14GhgNNJBQjGcpkFZKgxajkGFfUpz40zUcqXys9uDGw,Give u lot fun for this,5,1,1.6.7,2014-11-01 23:50:45,,
gp:AOqpTOG5aUtByfwXFO3F79tYg_C6qYZOXi7xHswdZOWBfE3HphWdogDLgt0mTd0SGHJqOW124dhRxcd-g3pe_nA,Bob Lawrence,https://play-lh.googleusercontent.com/a-/AOh14GjnffuL9SEJyPE-TkB4mFFUHnpr0C1w-4Zl-akV,"When playing fastball games back-to-back, the outs and innings counters don't reset. They will display zero, but as soon as you get your first out, the display shows the previous game's final count plus the new out. Also, when hitting into the ball spiral, it frequently will record a single, regardless of how many bars were lit up. Finally, when hitting part way up the return ramp (just into the entry area, the ball suddenly displays in the middle of the game board.",3,3,1.6.7,2014-10-25 13:13:56,,
gp:AOqpTOFHl45_4XHrK5YUGfBVthKmy7fGqO7AVW40SZzjRLbTi9TyHPXlNzCqucWJQLjz0Lf9gZduAbWPYdgL204,Kathryn Matticks,https://play-lh.googleusercontent.com/a-/AOh14GgKFumZK8ighqn-Lqx_AAEQ-k3avVw1yYICI1RLRtU,Great game with multiple tables !,5,2,1.6.7,2014-10-21 22:29:09,,
gp:AOqpTOHO1nkBZnSStQ5_4hJawtfure8rpR3OusNXNL1sN9qlFBWKMM5hLu9LlhQW9LLRbUhhI9_iRaDfqYUVGWU,Kevin Ramsay,https://play-lh.googleusercontent.com/a-/AOh14Gjhf2i72jV5dh3fdpQPkA9VlKfdi7WB9mQiXnFpag,I just thought I'd say how good this developer is.  I've sent emails regarding various things and I've always had a reply within a day which explains everything. I really appreciate a company that supports customers after they've purchased a product - no matter how simple the question. great game and great company,4,2,1.6.7,2014-09-28 15:09:53,,
gp:AOqpTOGZ_1mMMiRIgTNriqspUjt-BhKAIbN6bOyDr9EboGK1YenmcSxMIKUgWTxm4EQpykGoYmJIm8nyLcp_rn0,Hank D,https://play-lh.googleusercontent.com/a-/AOh14GjdUVzF0NZuwNqvnF8107zTK5hIRKlPOI2T4GLLNFE,Most realistic bumper action,5,1,1.6.7,2014-09-20 08:21:16,,
gp:AOqpTOHP855BVPorlzmFrRajl2C0jk7QNyrftbvVBWkRFz5rLk672zNHo1CSE4c8todKArfJCqFGCCAYafBUwLA,Kyle Treadway,https://play-lh.googleusercontent.com/a-/AOh14GhJN_iRUXhvIaK-slG5Xp9wYms487QsE-517VRo,"Great pinball feel... Needs more tables, but still worth the price.",5,1,1.6.7,2014-09-13 09:14:20,,
gp:AOqpTOFlbTIdtjHvEw8oKOxMLdVcIJzcHbyLfLeCZZGMhYApbLRZCAlq_CPnaTXKsbcTAevm1lyhXgK1fjNvScI,tim shackleford,https://play-lh.googleusercontent.com/-6t2e25SBhvs/AAAAAAAAAAI/AAAAAAAAAAA/AMZuucl7tQHgwjthfJXHf7EqrhEotYSs8w/photo.jpg,"I loved the free version, and now i got the full version just to support this awesome developer! However it would be cool if we could play the game in 1080p instead of stretching the game to fit the screen...",5,1,1.6.7,2014-09-12 14:15:42,,
gp:AOqpTOEBrW1ocFaizWKfdTqd7QuGjZVUIzvdC4obxVUkwpk4U1YFWBj5Qbu_J0OmD3Lw8htFVjt6CMr__AYaZXk,Aluminum Chicken,https://play-lh.googleusercontent.com/a-/AOh14Gj1K2QKWazJ2T9d4qfJlOxUulNOEDHWwZ3_VIntig,Very disappointed with the laziness of the flippers. Could have been a decent pinball game otherwise.,1,2,1.6.7,2014-08-31 09:57:59,,
gp:AOqpTOERTeG3bT_0sohQmBRO8dOQrLReS5A7pLEgJZhh_tOnqMw7Amfb674goZv7mSWg1cOiMYht9aabEsfNXs0,Danny Maynard II,https://play-lh.googleusercontent.com/a-/AOh14GjUjXA3PMmGw7WOhHIPRh486RkNOmlEBKXg3PJOYQ,"Works, don't need all the permissions for a game app!!!",4,2,1.6.7,2014-08-27 19:15:14,,
gp:AOqpTOGJj5QuC6eu1F750wTS4kEL-rHXnVhShop6yiEdwbem-VLElkdsgzKyCiZHLmqILw6AvcrYS-8CtL9pj1g,A Google user,https://play-lh.googleusercontent.com/EGemoI2NTXmTsBVtJqk8jxF9rh8ApRWfsIMQSt2uE4OcpQqbFu7f7NbTK05lx80nuSijCz7sc3a277R67g,Super,5,2,1.6.7,2014-08-24 16:08:56,,
gp:AOqpTOGSQravS6Vv7DSgjXUcfqQdQt90iVW8ewdpbY78Hc7jued0diVOemGjreN_Pfx3YHATFSQta3X7sA7E4qk,TR Temple,https://play-lh.googleusercontent.com/a-/AOh14GjW6jc9x2XHSj95_wiTPT8R34O79uI6gkIRFzM37g,More tables...one more star. ;-),4,2,1.6.7,2014-08-24 10:53:29,,
gp:AOqpTOFIy7GmDFArAErpHdn2R8Vo1z1h2Dl64lx9AqlIolIlkGJ4qbXr4xhNCjrlmLxR1c9WDH02qi_R9gQhy18,scrubs 13,https://play-lh.googleusercontent.com/a-/AOh14GienHk7xKS-4RCuIhTFtVHBidMo2RyV_0UR_3su,"Free non-premium has developed problems repeatedly crashing. Not able to get past the 1st screen. May have to uninstall, although my high score in Brix is in the 500 million range. :-(",2,0,1.6.5,2014-08-20 16:00:12,,
gp:AOqpTOHnMdpb1rp85YOuVY4ZtP1EPESCh7DYOrwVdumkqBeTJlyA7r3JfxEc7nrrhZvWZaublGJT2QyzcZAj88U,Rami Hermes,https://play-lh.googleusercontent.com/a-/AOh14GjJw8JURGMYzv-msiL4ylpiOt9a1W9FZ-ubgSYXeRY,Games crashes constantly,1,1,1.6.5,2014-08-13 01:02:27,,
gp:AOqpTOGjdHvHO8MNOg61YHrRTuxRJ7zXHF-hANr2UFYOC4axj8CCzO-a-zA6E7Gu6kLeqXoiPgsr2xalBtSLJow,Jack Hart,https://play-lh.googleusercontent.com/a-/AOh14GjSVzkKPmkZSGf7Jp5LEMSu4eS9ZNYOk7prXGFujA,"It's a great game. The tables are very well-designed, and the ball physics are fluent, which are two of the most important things in a pinball game. It doesn't have too many bells and whistles which I find enjoyable. The sound effects are nice as well, same with the graphics. My only complaint is the absence of music on all tables except the Wild West table. It would make the game more enjoyable.",4,5,1.6.5,2014-07-16 10:26:33,,
gp:AOqpTOHslssjGnfbx_Wu-NfSKzejioKbGDqa9QINWH3uI34cYoNa-OQ95G9_1FIG7goSjgJsZNeb5NiOcsxMR5w,Robert Sneddon,https://play-lh.googleusercontent.com/-x-xmBOEED3k/AAAAAAAAAAI/AAAAAAAAAAA/AMZuuck-NfNk8_59i38Uo4sI8b3AtOXYMA/photo.jpg,It's above avg. For pinball on a media device . Some apps of this kind are crap. This one is a pleasent surprise,4,0,1.6.5,2014-07-15 09:44:10,,
gp:AOqpTOHQECPbRIkw1NVwMVy-KJBL5q6bwA1HAJA2zsLnRmSmPaJE8l9bwBrCEAIb1Bb9d4AgTQpXzNAeIik3Oec,Ted Bear,https://play-lh.googleusercontent.com/a-/AOh14GjeOnNR0pqDdMXgGOZuaLFzBYgcvZuMATcT4muy,"Don't get me wrong, the other tables are nice, but the baseball table is so well made...  This is a pretty good pinball game, it doesn't have all the bells and whistles of other games, focussing on the game itself. Good move in my opinion.",5,1,1.6.5,2014-06-14 07:15:34,,
gp:AOqpTOEu0OU_6sulVVwensdN5qOrPuHawGOnD-zjNFNqY-DQ7dSg-oLCEaRBSYOnRkD2Hev_P5l_Oo7xtl5ny7A,JF-05 hotmail com,https://play-lh.googleusercontent.com/-BSs_TvDXtoo/AAAAAAAAAAI/AAAAAAAAAAA/AMZuucnMsycxzXimSDNJJJs7_ueR5W3HRQ/photo.jpg,Should fix the top left little game of the softball for android 2,4,1,1.6.5,2014-05-14 16:06:39,,
gp:AOqpTOEneH2C2xWDfPAiuPrCQDZzLFSSGfZtfQRMIFRb_Dd1BRjWVhY2Xg8d5eMOHvF4h__6MZZXS_g9PVncpbk,James Malkin,https://play-lh.googleusercontent.com/a-/AOh14Gi7ke0zExm9vkIsslNO3OiyEe3Qw4rWhxREK81-KLo,I think the title says it all!,5,1,1.6.5,2014-05-14 07:23:23,,
gp:AOqpTOFLj_D8ahP-_OKBDpoyOGTSQOUhNQkBRrcKvbtlGuPTdSjGAxFPYSEWnx0zRU_CsmbfjIH1UE4JTQ2mom8,Kevin Harris,https://play-lh.googleusercontent.com/a-/AOh14Gg5DQzRpip_umG17RKAeWIJpS-yMH1soA67nX7S,"Paid apps should develop ... Needs some new tables (a retro table would be fun), and the stuck flipper bug should be fixed. Otherwise a nice time waster.",3,0,1.6.5,2014-05-09 23:36:06,,
gp:AOqpTOHwTuvYUuRv9CFXEP6MBYFd8BkWC85Oa8WvCsUy1NqRjtqV2Ju1JwUVN7OVnRoqCb9K3rBVRE5C8X3EyEU,Sheila Jones,https://play-lh.googleusercontent.com/-R_hnqG-kHdU/AAAAAAAAAAI/AAAAAAAAAAA/AMZuucmmzA8lZN4nKFfxZuij5bO7zxBa6A/photo.jpg,Keeps frezzing in the multi challenge n I lose my ball.So since I upgraded it's been doing it,3,0,1.6.5,2014-04-29 10:44:15,,
gp:AOqpTOGdaL07Q7RpQtunUJcFckPhG6nNDaeY29X3GadFW5CSSkItwjUqgWmHZTq4SBI6_bYmBmWQyD6raTBQ-6g,Robert Oda,https://play-lh.googleusercontent.com/a-/AOh14GgNko44CxWUEWpbKfmKkeQNrwNtsMjLJ8c7Ajx-Dw,Great variety of tables.  Never get bored.,5,1,1.6.5,2014-04-19 14:12:45,,
gp:AOqpTOFQ3zBalp1Nfac5rgSjxIgLg2Bufcn5xANfV9XX9ZJINWBJ7j_BNOa_N_1vFaD_dhRm2aJC-Hn2PONEZl4,Frank's Barbershop,https://play-lh.googleusercontent.com/a-/AOh14GhAdMZ-ryhJmp4PPZT5WvYnBcAPIW8H-uIovMpNvQ,Just bought this for my galaxy s4 and started playing the baseball game.  Super fun until the flippers freeze. Costs me all my balls every game.  I want my balls!!!,2,1,1.6.5,2014-04-15 07:38:15,,
gp:AOqpTOGyH1jWcVKqyNaOctQqoepFHtzWdKEhyqpVIBfEMwWI_vnw8vXJGpJ64Rh6pgEAfgz12A1jaD6PGrDLmFQ,Helen Santoleri,https://play-lh.googleusercontent.com/a-/AOh14GgrfqUkFIavWnl1a-JS3ns5sstYyYNPtm2slLMT2Q,"You have to get this game! It's the closest thing to the actual arcade game, including the sound effects! GET IT ;-)",5,1,1.6.5,2014-04-14 23:02:28,,
gp:AOqpTOFIErlF8NAh9ColnJrSGPP-2OLlQs3KpiczmUwYmmDxrQjWHUMd_2wLlZgMD4_H23wWTFpzXWaBnATdH2g,Faye,https://play-lh.googleusercontent.com/a-/AOh14GhXkR6pDyfcsTXTnxRhoAgDtLzCs2aLdMfiy4Qjfw,Rather addictive. Often accidentally hit play again as last ball is lost.,5,1,1.6.5,2014-04-01 21:03:16,,
gp:AOqpTOHJRTaIhsnon6KlQxk7cyxblWbZbf9niYSoLQABqxx-GJ7QVu8YeTEvvl1xOpgssfuqppko5gza6qpI064,Izzythefool,https://play-lh.googleusercontent.com/a-/AOh14GjwTGbkIi-ZI4d45QFd5Ypu0vbH8QrxajnnEz8F,"Perfect phone time wasting game. Not as flashy as some of the other apps, which is enjoyable. More gimmicks dosent always equal fun.",5,5,1.6.5,2014-02-24 02:29:42,,
gp:AOqpTOEydBC3s80-8zhh8LWDnrEn0qyD6XaMwwF2nT6vZ7H8AS0UteFfFJlOhvHNAv9ik9_tqSpgJcwGmg91Fg0,George Turnbom,https://play-lh.googleusercontent.com/a-/AOh14GhB8-ATsgEkP9ikKuga3xPLZJsfT0KFyJEJetNEYw,The gameplay is the best!  I havn't play a game like this in years.   Thank You!!    Duaine,5,0,1.6.5,2014-02-24 01:16:17,,
gp:AOqpTOGHoHdrxGd8dv4kNahgQVFSGCoYszCy56R49o5QLlvRWqv075Vt_EXvXg9X1YRIFxkCbbN-slbqiX-CJDA,William Pearson,https://play-lh.googleusercontent.com/a-/AOh14GjCQEqB64vm6dLSRtCCUv7U3p8WIV-XWhY-GN66,I love it.  Pinball fun anytime!!!,5,1,1.6.5,2014-02-08 11:41:05,,
gp:AOqpTOH2qdipjnFr-kPZOH55P33bpFxsXw8xU0SlW46IAV0enp8XiG3aGXtm-dDIZZSGQXVRLFUgQQ3LHduO0r4,Steven Richards,https://play-lh.googleusercontent.com/-NfBX51bLR5Q/AAAAAAAAAAI/AAAAAAAAAAA/AMZuucnHwBhBGlUZo9fEt40nAVWDkyUuVw/photo.jpg,Being old enough to remember the proper arcade Pinball machines that you hardly ever see now this game gives a pretty good fix. Mind you sound can annoy others!,4,1,1.6.5,2014-01-20 00:19:56,,
gp:AOqpTOG6R-UC3M57B65U-6T8eTC2rKHWz_ksNPhbSX8qXoId1D2kb1k2W_Io8Bbr1-TSxRreR2GfULG6Kw_3EWA,Brandon Green,https://play-lh.googleusercontent.com/a-/AOh14GjfyjKZ4miydoDzwPS6YUG4TuRLYxwLHuMzzFF36w,Awesome,5,1,,2014-01-15 07:54:31,,
gp:AOqpTOFM96ZkOffQbEY6mSyohgKXQUIhwzFbTOveYrgBh29Vq2Pf3HO8uznI_8GPAmK8tU80pEcus83FlQomjFk,Matthew Crabb,https://play-lh.googleusercontent.com/-ZkNiyrFQgdo/AAAAAAAAAAI/AAAAAAAAAAA/AMZuuclJuxSFi2IVVZ0bzzouWnfjnCKNnw/photo.jpg,"Best I've played in a ""hot minute""",5,1,1.6.5,2014-01-03 03:45:09,,
gp:AOqpTOF8YEa9d83a9VEArSlxUW4g2wYUPmKzRSgcdCpKRj_PUz7UKeJ_lkqSnmGvsSgT-r7QJFYdXgCMdroTEpY,Jack Touchstone,https://play-lh.googleusercontent.com/-4sCZVLG5FIQ/AAAAAAAAAAI/AAAAAAAAAAA/AMZuucmz7Wa3gJzQosjzJw6Pb8S3y1kQow/photo.jpg,This is a great pinball app. The controls are very fluent and it runs smoothly.,5,0,1.6.5,2013-12-26 22:53:30,,
gp:AOqpTOHXZLzAjdmxXfi6HC3-YfNyKupORspVqNoqIOJiALuZ_SdGggGYFE8WjtuB6cAI5fiKtEt4gnw60lTxKVY,A Google user,https://play-lh.googleusercontent.com/EGemoI2NTXmTsBVtJqk8jxF9rh8ApRWfsIMQSt2uE4OcpQqbFu7f7NbTK05lx80nuSijCz7sc3a277R67g,"Very playable tables, excellent realistic sound effects. There is perhaps room for improvement but i have tried all the others and reckon this is the best by some margin. Some others are a little more polished perhaps, but the tables are graphically too busy. Pinball Deluxe has two tables i love to play and is worth it just for those two. Excellent game :-)",5,5,1.6.5,2013-12-25 02:57:42,,
lg:AOqpTOGylUT93kzU91p3jwYEz2Seu3NvMYoO5t2rY3r7GUP8tFo3HmEQ-tRdm353HL54tL8tPQnoiXNNOwfP4Hg,A Google user,https://play-lh.googleusercontent.com/EGemoI2NTXmTsBVtJqk8jxF9rh8ApRWfsIMQSt2uE4OcpQqbFu7f7NbTK05lx80nuSijCz7sc3a277R67g,Worth the money! Great job.,5,1,1.6.5,2013-12-24 22:01:56,,
gp:AOqpTOGAAIcM1No0kxyuzbcNQnJxygPZOdVJSkp8m1knO7-9rWYHxH2gbvZEKmbJPSlbEr14j1GiuhO7QSgHNAU,Pa Vel,https://play-lh.googleusercontent.com/-yoDejytAN6M/AAAAAAAAAAI/AAAAAAAAAAA/AMZuuckr0alccZwIK7S2zFtwByU4YHEpzg/photo.jpg,5+,5,0,1.6.4,2013-11-19 01:21:11,,
gp:AOqpTOGAafLj4awuvwtSEW4L8YY3FQ4vAeAXZHDq_A8T3z44QkTQFAPgd3t5zL0vEsyQ_okkMiUEmmIGWLHIs4I,Liam W,https://play-lh.googleusercontent.com/a-/AOh14GjACXOW41iTGT2dP_uT0kPnVoHLUNA1WuLpe3aEgg,"Fantastic game, brings back fond memories of hours lost to Pinball Dreams on my Amiga back in the day.   Beautiful design - still looks and plays great upscaled on the Nexus 5.  Even better would be an update to use the new immersive true full screen on 4.4 - who needs software buttons to exit? Play until your battery dies!",5,2,1.6.0,2013-11-09 15:43:12,,
gp:AOqpTOFI7URr2ATNDda6Wn_ANNrr60VCDRW_YMwFa7eTyEj4NMMLXGQlMdSW-5jIVkWGlpU7WOjPOxkryCNLuc0,Sun Blokka,https://play-lh.googleusercontent.com/-YvZ0ty_Cp-o/AAAAAAAAAAI/AAAAAAAAAAA/AMZuucmLPppa4uUNN6ZO_n1hbSAXT4J9YQ/photo.jpg,the ONLY pinball game worth playing.,5,2,1.6.0,2013-11-05 13:32:49,,
gp:AOqpTOHwCP-vbZ5r7pXsCsQYxUyqJEzW_LD0Ivh5oEK7lQci3w1rZjMEBwV94cTlzaN1MLkDYQLiVRsUh-sLDjM,Alan Ward,https://play-lh.googleusercontent.com/a-/AOh14GgsrURaraThf4la0a6n8-gANB4SPRLwvvfD-werUg,Wish I could get a refund. Locks up to much and flippers are slow and sometime don't work at all.,2,2,1.6.0,2013-10-28 17:29:53,,
lg:AOqpTOH9YN1iG4fmHWsjfGHHRoBLiyan-DD1Sr4KOjuDzoEgo6Btgx0lTR4T0PujrqMPH2670RKzGtaUGar3gSA,A Google user,https://play-lh.googleusercontent.com/EGemoI2NTXmTsBVtJqk8jxF9rh8ApRWfsIMQSt2uE4OcpQqbFu7f7NbTK05lx80nuSijCz7sc3a277R67g,Best pinball game I'v ever played.,5,4,1.6.0,2013-10-07 19:47:07,,
gp:AOqpTOH67QAQEIdUtDiVyR17__1LaKKQbWs1vxMuagXKYyEJL04xnHmxe1-QtAc1JhVt_iJdzSE3zSkEABdIyIA,Gary Ross,https://play-lh.googleusercontent.com/a-/AOh14GgxDbuBz8JzoMegENDxGoRRr6HH5C05CQjEKl9k,Really addictive. Thanks for adding a new table. Love it.,5,1,1.6.0,2013-09-22 06:25:07,,
lg:AOqpTOHfIF1CShQ-10T9fGduHQall5BDsDltHNplMAmc4tFzWA-eCKo4R8m3IdIVe4q3Y0YZYUI2smUDwqDAjJA,A Google user,https://play-lh.googleusercontent.com/EGemoI2NTXmTsBVtJqk8jxF9rh8ApRWfsIMQSt2uE4OcpQqbFu7f7NbTK05lx80nuSijCz7sc3a277R67g,This game is smoking! Great job.,5,4,1.6.0,2013-09-21 20:28:32,,
gp:AOqpTOHMpsV6XjHNUGgROIaiTlHmDv5DiuAy32sGroo92rTnPNYVoePAYCobUiKfhCpBKj9EnGzXz3pO2KLs4yQ,Aaron Bowers,https://play-lh.googleusercontent.com/a-/AOh14GiR810thHT-YxcI7OYErRQV6VxjiInl_vYiXM_S,This is the best pinball game.  I've had it on three phones with only minor glitches great game keep it up,5,1,1.6.0,2013-09-20 09:41:11,,
gp:AOqpTOGRJqdx3Sf3noaCPMag9a-dEK2ZpGd0mlMoWj6-oAWWdNbzCILY_ZLqne3cckYA3Y0f2d0ZkdiyrUPgbjQ,Theodoros Orfanidis,https://play-lh.googleusercontent.com/a-/AOh14GiUL2Yz-1Mv-ICCz86Zc-PF9O3MIoIQ27IxPMpPzU0,The new multiplayer module looks blurry. Did anyone test it on high resolution screens?,4,2,1.5.1,2013-08-31 04:09:16,,
gp:AOqpTOEGLEa9gEcVx3EB_XFoaD6O5vsqwNg1Kp8EeRfa6JJgOoYb-wUgZ42oHCHTnXPuKhWHqku35m4SVITBBqI,Pete Zee,https://play-lh.googleusercontent.com/a-/AOh14Gja5ABvC3l_IAA76UWc_z8RChvBRxvc2u_dxa9NFw,why is the game running as a service and bugging me with notifications all the time??? No option to turn it off either. At the verge of uninstalling this crap.,1,3,1.5.1,2013-08-23 11:05:44,"Hi, I have just tested the sound prompt on a phone and it works here. Maybe you can try turning it on/off and restart the game to see if that can help?
- Dev",2013-06-13 10:21:05
lg:AOqpTOHNnyOHnRdji9UTfI5HSuJLBL45pUAxqjl1Qptd5jLRs637Ihz_-hxd1kb-jg48d8JLsouLy4NVgsrTH4M,A Google user,https://play-lh.googleusercontent.com/EGemoI2NTXmTsBVtJqk8jxF9rh8ApRWfsIMQSt2uE4OcpQqbFu7f7NbTK05lx80nuSijCz7sc3a277R67g,Love the game.  Unfortunately it does crash a lot when loading up tables in the paid version.  Disappointing.,3,2,1.5.0,2013-08-09 15:54:31,,
gp:AOqpTOEvZ8l1sR-PhRKUTP4wWo1K6a3g8NZZeG9laK8AOTRuaxGHjASFke2ge6l0I_pJ2Wyg5C4nYrRG8DrwrwI,DanK. KutiPie,https://play-lh.googleusercontent.com/-7qtLat4_fEQ/AAAAAAAAAAI/AAAAAAAAAAA/AMZuuckoCfmay65u3boeutW0MEiO66doIQ/photo.jpg,Awesomeness at its best!!!!,4,2,1.5.1,2013-08-01 20:18:05,,
gp:AOqpTOHoCndSXfs-L2cTPDRcncyhQ3BB0i2AiYRjoedX3jmkCHDp3OnsISWEcG6KwpibGVnQqRA73z4TlgAk4_8,Joshua Nunn,https://play-lh.googleusercontent.com/-N3fcXUsTaXQ/AAAAAAAAAAI/AAAAAAAAAAA/AMZuucnNyP-oWsVxD9rd4mWs9Ld7ZxCsJw/photo.jpg,"All of the tables are excellent, except for the ""Outer Space"" themed pinball table, which is weak at best.  Did the developer test this one much prior to putting it out?  The uppermost part hardly gets any gameplay...",4,1,1.5.1,2013-07-30 20:57:49,,
gp:AOqpTOE2y98mdws2lKFxE9LTD9AMopYxtpYnLRIdBQqXgTq1cn0pgKzUcqv08hl1UyYB9tJ00NgOVOxv8bM1GfA,John Chapman,https://play-lh.googleusercontent.com/-Fl_KLyMYULA/AAAAAAAAAAI/AAAAAAAAAAA/AMZuuckrBNzQn85cHb37uYkBADbC1AlFhA/photo.jpg,Not sure what the issue was .but this has always been one of the best games on my phone,4,2,1.5.1,2013-06-17 12:12:12,Happy that the issue is resolved,2013-06-29 14:36:50
gp:AOqpTOF0652Sz4I5xIbDBeZxsK-Q8tV0FxMXlh9lG8FOP1HzH1aVfV376bGviUulDVW-rUrftZIvoahTy3HXOLQ,Dimitur Stefanov,https://play-lh.googleusercontent.com/a-/AOh14GhaAJOgilEVsOzu_hmcsnSl1hOjdXKoTR3bnQE9FQ,Love it,5,1,1.5.1,2013-06-16 22:38:48,,
gp:AOqpTOF7D4_orpQyeOlMGsiMyGXqiaHXFmwgHCIJdE-oOIGRzGk0odXpd_D2Gc52jH8bhnjJzf8v3lx7GsB0cVA,Thomas Stanley,https://play-lh.googleusercontent.com/a-/AOh14Ggfsh8cDSmb8_z5S65qaihqUGZi6JLRcgPSSD6miA,"Some control glitches, but fun.",4,0,1.4.5,2013-06-15 20:26:57,,
gp:AOqpTOEitYPSPDpvWk6VIV4euNO11WmHtZZE0exr45RcAfwfdL9cotHJ9PXcgoNhWVRDaGjSHwTXDs6tvMTU2vQ,A Google user,https://play-lh.googleusercontent.com/EGemoI2NTXmTsBVtJqk8jxF9rh8ApRWfsIMQSt2uE4OcpQqbFu7f7NbTK05lx80nuSijCz7sc3a277R67g,"Yes,  so I am graying,  but pinball makes me feel young.  Been playing this since the BlackBerry platform.  100's of hours on these tables.",5,1,1.4.5,2013-06-11 16:17:51,,
gp:AOqpTOE4ZTYzof-G2ooWICnQbk4tW2YQ4uY9xOfwsZetNtNlkJOZHTCV6hPm_8cWSwFQP7ksGRpf98NctCT0u5s,Rob Jones,https://play-lh.googleusercontent.com/a-/AOh14GgpaV8c9DKDSphkyVLiUkW0b6nLQk-8XUW2R3z8UMg,Adding multiplayer is awesome!,5,1,1.4.5,2013-06-10 21:09:25,,
lg:AOqpTOG1DcvtUCW9vaj7Xs7ugea45WfDOi9O-GAdtaRKissSNNBWaV8jnwRRRtKSc4Wbqzg8QnY3SmcEURzDzjw,A Google user,https://play-lh.googleusercontent.com/EGemoI2NTXmTsBVtJqk8jxF9rh8ApRWfsIMQSt2uE4OcpQqbFu7f7NbTK05lx80nuSijCz7sc3a277R67g,-1 star for sub-par sound effects. Otherwise it's the best pinball game on cellphones.,4,1,1.3.11,2013-06-01 20:49:04,,
gp:AOqpTOG8C-cAKgHZswwVmsX99xYG6M579YNebBpNKqCryBsJdIFVlN_9zR4Tnd4MO4woUkclLIEwj5uxePbP6Go,James Myers,https://play-lh.googleusercontent.com/-nU9w6XAtaVM/AAAAAAAAAAI/AAAAAAAAAAA/AMZuucmgueRCL1MS7zKaXQy_lAOfMM1sRA/photo.jpg,Need to add more than the few you have on here.,3,0,,2013-05-09 00:26:28,,
gp:AOqpTOHf-l6PAj9QvbQdAnTfM9IphA0VPxIzo-fIsEgq8ly-zbzDRrrPP2q94hJZ8hKbkXG8NNYBQpvp1WLw2m0,Robert Mortenson,https://play-lh.googleusercontent.com/-95BR98aWGD8/AAAAAAAAAAI/AAAAAAAAAAA/AMZuucmsj1qGMhHmDNfZ1WWMQXCmHepHCw/photo.jpg,I love this app. with great graphics and great gameplay I love the tables also I wish there could be a few more tables but all in all it's the best pinball I've seen.,5,1,1.4.1,2013-03-11 12:35:18,,
gp:AOqpTOHSuL1YKxyIxrNmOWSGeseyBvAscjTJQX0Ybag8uMGIwwptUjolluKfD_Y8TF_H1uxacG4w-vGFaC8Ce50,Joseph Gondek,https://play-lh.googleusercontent.com/-6ImiAJnrS38/AAAAAAAAAAI/AAAAAAAAAAA/AMZuucmAmsyrXW08UWB1OQ1izHW4AOMK5w/photo.jpg,purchased last year-plays great-even better when updated to fit the full screen size on 10'' tablet,4,1,1.4.2,2013-03-09 12:50:12,,
gp:AOqpTOFi6_q0BdUcy9HRyjvXftt3zo9VTkfQxoOdAOEhwTWK3EZ7VZ2LLNgm6iQYcs1vaWdWeYgpLRzn_pIFUEM,stewart fordyce,https://play-lh.googleusercontent.com/a-/AOh14Gi6-FMBgGlv4T7H7FXcy940_SI3jBOU1YZ6kt6Kbw,"Very very nice app. Love the sound, the humour, and delightful game",5,1,1.4.2,2013-03-09 10:42:22,,
gp:AOqpTOFBbU5JIIqrfbhFWzVLS5GHzgJemmSjVqXlWsTrkmKKsl6tK2zkQndifiiSMLG_1Gzf2GFS0nLxMKqaXDo,Thomas Sanford,https://play-lh.googleusercontent.com/-MhBYJxG_zBg/AAAAAAAAAAI/AAAAAAAAAAA/AMZuucm2Ba75bsTBr3YxvTpTOG_YNAnWew/photo.jpg,Locks up phone and lags i love the game and i paid for it so it shouldnt lag please fix it is a fun game. Galaxy s3,4,1,1.4.2,2013-03-08 09:54:26,,
gp:AOqpTOFaJp8-IRdG1wWISdKPgCiLvsbI4Ay1SU92VHlsV6VH1RbYgoeNdw8XvqF8LRWqBDuIxm4pTTO0DlkBCuM,Jamie BG,https://play-lh.googleusercontent.com/a-/AOh14Gixf0zLzQ1faz0jn-3u4nn3k2lndHpcU1NFbOiTfA,Sticks a bit but getting much better with each update.,4,1,1.4.1,2013-03-08 08:00:13,,
gp:AOqpTOHrZvyx1aUl9hiMKGeIju3us4l3cDPpAAXkJBXOMfv_qNcd4XUEcFDTXprJc-NfPy_iytnDzVm5rL-QzFk,Daniel Clarkson,https://play-lh.googleusercontent.com/a-/AOh14GhykuddgXyry-7Enn51QGhODpFwtqzFLqKssj2qFA,it's a well constructed app,4,0,1.4,2013-03-03 10:25:55,,
gp:AOqpTOGUrQhlwv9YwhoYV5MQU_qoLJK42GHeXHYnosVtBaqxY38fwoPGAnoq6qM7SYmCXAg8G_t-MnnMHgdmwr4,alan carr,https://play-lh.googleusercontent.com/a-/AOh14Gi2sirrfIz5cJSu1lXZzjhv5qkRh2Jl9LA4nvJhdA,"Very sluggish on n7000. Also, flippers hang on occasions. *If anything, the latest update is even worse. The ball is unbelievably laggy, with the flippers even worse. Bring back the earlier version...",2,2,1.4.1,2013-03-03 07:18:56,,
gp:AOqpTOGMw4PWaTH9n6hjtoq-addeAtGumtevMBkhxy0rGAnyJmSCu97B895o1I7vFpiScEk-CzeILO72li9bW6E,harri manni,https://play-lh.googleusercontent.com/a-/AOh14GhRo2p-o92THt_Aa-qKeQ6G19aXY9epMbpZ8fDDY6A,Love the new upgraded graphics!,4,1,1.4,2013-03-02 09:58:14,,
gp:AOqpTOF_FQySF76vF6fCbry0dQlgrtL2QFvrML9g7jmgi_yAQ9KJWcwFvHaXqYrKNshdp9tVzne82ua6GGG33Oc,Tim Piper,https://play-lh.googleusercontent.com/a-/AOh14Gi9UDc5ZktD8gf034ZP5U0TAeBsrhgIq4EyjrzoXQ,"Since the latest update, my Asus crashes when trying to play all tables.",1,2,1.4,2013-02-28 04:45:51,,
lg:AOqpTOHTbLb_YvWJdweGqFt98fiHs8jdurhPvHFnBLyIvlOnoDw4jdxVrnMd31WH3-VOIZBZRmj8AhrEyzFnmZw,A Google user,https://play-lh.googleusercontent.com/EGemoI2NTXmTsBVtJqk8jxF9rh8ApRWfsIMQSt2uE4OcpQqbFu7f7NbTK05lx80nuSijCz7sc3a277R67g,"Bought this app as loved the lite version, but refused to start on my phone, so sadly very disappointed",1,0,,2013-02-25 13:20:52,,
gp:AOqpTOFh6ZUffABEONj4og9XC-n37cpL3kW-rcbA_pxyZnE0cjjzmKcNDIHneTT2ZQnb3XWGRL9v2TlJHm9n6Mk,Blagoj Gjuzelov,https://play-lh.googleusercontent.com/a-/AOh14Gi8aOBloTrWfRQlLf4R4aNDC2r3MXLocoamUqV9,"i was not able to play this purchased game on S3, but with so called new update with hd support graphics is like my old nitendo64 from 80's, and smootnes like watching tape movie, it freezes on every few seconds.....",2,1,1.3.11,2013-02-18 13:41:34,,
gp:AOqpTOFlyL9APijxbISqEunyRGDOLuJb_kOQal9BAHaFql81cv5dX7WKzHXTsLPgDy0iAalpMCjW88h06vczXhY,Tab Ruppel,https://play-lh.googleusercontent.com/-jJtF6EFwz6c/AAAAAAAAAAI/AAAAAAAAAAA/AMZuuck20HrtjHY5dGPsSRRTnq1m0o5A9Q/photo.jpg,"It's good to see the developer back in the game, as this is the best pinball app out there. Would love to see some new tables in future updates. The current tables are very well made but if I had to choose, I'd say the Carnival & the Underwater tables are my personal favorites :-)",5,1,1.4,2013-02-17 11:12:46,,
gp:AOqpTOFInBAsxqRWFsd1tn4Odql1-N4ft5NCLFKNSI4z7gY1yHPSnGwQ_P-unmiauGIrzGZV1NP22tdc02fFZ3Y,Jason Rosner,https://play-lh.googleusercontent.com/a-/AOh14Gj4cq0KxwQzE8RzfuJSKikcf3EoRESLDit9F6HO,BOOMSHAKALAKA!!!!!!!!,5,1,,2013-02-16 15:01:52,,
gp:AOqpTOGUM-ZHFlRmVg92zPYLll_OcG5h2ANJZsqcVFAE7dTvSQy8J-fB-uicPS3Zq1xl8I84SBPEX3d74N06yU0,Ben Tilley,https://play-lh.googleusercontent.com/a-/AOh14GhYvH3RC7en_bXu1ZtkoZ7-iZjv4OcjwyMj_ync-g,"Bought this full version ages ago, and it was great. However, my anti virus picked the app up as malware after a recent update. Un installed.",1,0,,2013-02-14 06:23:18,,
gp:AOqpTOEOms-MgZQZCyVLHezTx2D9Q137IhQIHtzakga0qn4QlbMr3weP1FP8JpGroNDjtKmQQWQ0hBuiD1LQgjY,Chris Sautter,https://play-lh.googleusercontent.com/a-/AOh14GjMzYAZGLGgE5vdtREoDAuMLz9dNoIo9I1hEZkMSQ,"Very accurate interface, I played this game a lot. It really needs new tables though. There hasn't been an update in a long time.",4,0,,2013-02-08 18:01:52,,
gp:AOqpTOGKLq3MMViBgbqnMvP3YfkeDLNNJyJXFh3_43_L0wuBn3n5I6QFZ4_2LW_fVbnc3Ih57FZ25iQYCRriIyE,A Google user,https://play-lh.googleusercontent.com/EGemoI2NTXmTsBVtJqk8jxF9rh8ApRWfsIMQSt2uE4OcpQqbFu7f7NbTK05lx80nuSijCz7sc3a277R67g,"I've always enjoyed pinball machines; yet, as a computer & communications pro, I have always found the ""pinball"" games offered for computers and handheld devices to be poor substitutes... Until now... This app is one of the best pinball games I have ever found; fast, realistic gaming action, coupled with an assortment of true-to-life tables and excellent sound effects, combine to make this app addictive and enjoyable! I only used the ad-supported version for an hour before upgrading; it's that good! Thanks!",5,1,,2013-01-28 02:34:39,,
gp:AOqpTOFqoPB5B6V4msQv1MeTf9akZlR-QoesILFuUtyxmeWhlItxyoEsb6kAKw6Aii4zP8oZRTPv0xm0RZFWlxU,Motonari Ninomiya,https://play-lh.googleusercontent.com/-MVA2ZVZDAjI/AAAAAAAAAAI/AAAAAAAAAAA/AMZuucn0qjnB2s-J9twyBPWDpNPN0TMYFQ/photo.jpg,it doesn't come with full screen....... could you fix them plz otherwise it would be 5 star :D,4,1,1.3.11,2012-12-28 03:20:04,,
gp:AOqpTOEYL7VIwFc0TR3d03KNuBhFD-q6EbhlAIYlC-2SCC3Ylkl_w-FTmGaHW2sTKMu6OifYFxOYPXVbCaGbkgc,Louis Stevens,https://play-lh.googleusercontent.com/a-/AOh14GgPeihUAZWx4DsQ5henzsrfSx5O_aCp7apGMKQKKg,"Its a great app, but I don't even have a huge phone and it still doesn't scale.",2,0,,2012-12-08 08:43:52,,
lg:AOqpTOEWOvZfhRj1MBKm7lKX-L0nsEbAY2OoPwuy0qHwnW1fCISxSIuIf4grfN7ZtOb2esAxq5h9jDsUdyWHkro,A Google user,https://play-lh.googleusercontent.com/EGemoI2NTXmTsBVtJqk8jxF9rh8ApRWfsIMQSt2uE4OcpQqbFu7f7NbTK05lx80nuSijCz7sc3a277R67g,Doesn't scale for larger devices like Nexus 7 and Galaxy Note. Otherwise it would be a solid 4 stars. At least the paid version should fix this.,3,2,1.3.11,2012-12-02 05:33:01,,
lg:AOqpTOGg2pw6MX2jzZT3DmLKRAG1ZUcB6U3A02Z_YbHmaQ_tDf8a0WMtbfhDr_gLBR67TTZefQYW5FubjCpWWqE,A Google user,https://play-lh.googleusercontent.com/EGemoI2NTXmTsBVtJqk8jxF9rh8ApRWfsIMQSt2uE4OcpQqbFu7f7NbTK05lx80nuSijCz7sc3a277R67g,Could use more maps,5,0,,2012-11-11 13:50:12,,
lg:AOqpTOH9-QJ_JOCXQZ7UYX0r4uxLArTyRXiSFdyZ0LQQd4MoAKhjsE5lgges0P_FqeB2iLHXXYYVF13tADbXSfg,A Google user,https://play-lh.googleusercontent.com/EGemoI2NTXmTsBVtJqk8jxF9rh8ApRWfsIMQSt2uE4OcpQqbFu7f7NbTK05lx80nuSijCz7sc3a277R67g,good game but bnot coming fullscreen in samsung s3.......  if the devoloper have any idea.... then ... pls help me,5,2,1.3.11,2012-11-10 18:05:55,,
lg:AOqpTOH203GWvn8JP4aksYonrV7jJMxbtO-VcSlpci-7gZ9Ssm-Wv807To2sTZSjEF7grxXLhQHb6fAxEPA5QOE,A Google user,https://play-lh.googleusercontent.com/EGemoI2NTXmTsBVtJqk8jxF9rh8ApRWfsIMQSt2uE4OcpQqbFu7f7NbTK05lx80nuSijCz7sc3a277R67g,Legendary game... Got premium version to say thanks,5,1,1.3.11,2012-11-06 22:27:31,,
lg:AOqpTOGqmYsNFLp4_-Sw8w-XA1A-9pGpacTsZVeM0L8lKGwC1tgFWp6CuxGlE2gvYT_Zzkr6wIB179JzlII9Mbs,A Google user,https://play-lh.googleusercontent.com/EGemoI2NTXmTsBVtJqk8jxF9rh8ApRWfsIMQSt2uE4OcpQqbFu7f7NbTK05lx80nuSijCz7sc3a277R67g,Great!,5,1,1.3.11,2012-11-01 21:33:10,,
lg:AOqpTOFxx02phm6TC_UDcVRc_GpLYvR4XEByhIGOqKoiWwZEOArS1bFKtv03MbLVCAdgTSDATCl4sGYRBit6hiI,A Google user,https://play-lh.googleusercontent.com/EGemoI2NTXmTsBVtJqk8jxF9rh8ApRWfsIMQSt2uE4OcpQqbFu7f7NbTK05lx80nuSijCz7sc3a277R67g,"This is an awesome game, but after so long it really needs an update to work on higher resolution devices. Couldn't recommend this game anymore.",3,4,1.3.11,2012-10-24 12:44:22,,
lg:AOqpTOFhmYgj7lPUfg3h60hNelmtdoFNS_sQ53jZBabiSNj8bP-3bmOO0HQzhB4SqX38_S0k3sfhwYq--iT2aq8,A Google user,https://play-lh.googleusercontent.com/EGemoI2NTXmTsBVtJqk8jxF9rh8ApRWfsIMQSt2uE4OcpQqbFu7f7NbTK05lx80nuSijCz7sc3a277R67g,Flippers frequently stick in up position making this unplayable.,2,8,1.3.11,2012-10-22 13:45:31,,
lg:AOqpTOHhn0na4v8hMxW_JYcgXByXUzBfcuK3gd8JCpxjDt2Az61NPmvwpiJ976EQzr1KERzYdbfnQhIyZoOq1rk,A Google user,https://play-lh.googleusercontent.com/EGemoI2NTXmTsBVtJqk8jxF9rh8ApRWfsIMQSt2uE4OcpQqbFu7f7NbTK05lx80nuSijCz7sc3a277R67g,"Seemed like a cool game, but the game only.filled half my screen and I didn't see a setting to adjust. Had to refund.",2,0,,2012-10-03 13:17:47,,
lg:AOqpTOEvONSlXPxTPNgdniO0WFdjriyyQoxHr4Yh9-jjV2e_DCwT2mvha0LA19gqePcZT6TLav48kFBBFatuQIQ,A Google user,https://play-lh.googleusercontent.com/EGemoI2NTXmTsBVtJqk8jxF9rh8ApRWfsIMQSt2uE4OcpQqbFu7f7NbTK05lx80nuSijCz7sc3a277R67g,"Purchased as I was informed it was compatable with my tablet. Possibly it is if I want to play a game just over 1 quarter the size of my screen, which I don't. A complete waste of money, and now I cannot even trust the information before buying games.",1,1,1.3.11,2012-09-13 04:49:02,,
lg:AOqpTOH3b1dqGfQPByTFdTEugocl218dxdHhSV7Tsu5H7XGC0tHRDdPuheuUEi2UBUz9xPPYJy5vLgH6g9C3-kc,A Google user,https://play-lh.googleusercontent.com/EGemoI2NTXmTsBVtJqk8jxF9rh8ApRWfsIMQSt2uE4OcpQqbFu7f7NbTK05lx80nuSijCz7sc3a277R67g,"Developer's description is very veryaccurate very accurate and not exaggerated at all. Easily 5 stars, with the exception of needing a few more tables.",4,1,1.3.11,2012-09-01 13:32:58,,
lg:AOqpTOFABzVG-hu0Czua1j3wvbhShZ_xgE3ARWcDQJfM2q4UGOfOd2g_da1e87V8AFYniGONHnQf0mrRb2o4GiA,A Google user,https://play-lh.googleusercontent.com/EGemoI2NTXmTsBVtJqk8jxF9rh8ApRWfsIMQSt2uE4OcpQqbFu7f7NbTK05lx80nuSijCz7sc3a277R67g,Fun and addicting!  Five stars if you fix random crashing!!,3,1,1.3.11,2012-07-23 18:12:08,,
lg:AOqpTOFm19WzzfXibu3t90ALSHd8YPnSS5_zIbjdPdhHMCNx8LvPFmUeiAzxbdiAd1-ETsLvwirHVIW4yvHVaq4,A Google user,https://play-lh.googleusercontent.com/EGemoI2NTXmTsBVtJqk8jxF9rh8ApRWfsIMQSt2uE4OcpQqbFu7f7NbTK05lx80nuSijCz7sc3a277R67g,AWESOME!,5,1,1.3.11,2012-07-20 17:40:07,,
lg:AOqpTOFOf5rnWcj3ciAE6EvFtR2tI8IrGzC0v0ggg39D7znd2RxbL7Rclm9Y9hq8bFTy1TbSzYNgLxbjKuXHNFM,A Google user,https://play-lh.googleusercontent.com/EGemoI2NTXmTsBVtJqk8jxF9rh8ApRWfsIMQSt2uE4OcpQqbFu7f7NbTK05lx80nuSijCz7sc3a277R67g,Beats all other Pinball games. Had this on my Blackberry and LOVE all the new tables included in this one! Awesome time waster. Great for anybody.,5,4,1.3.11,2012-07-18 05:31:57,,
lg:AOqpTOGudPhjCeJlMhQTzrGBG105tO67Y05lfgRElSCYTWbciw0EHCj2KkBf6AEC5XjOnThcOIP7czuAdQJfV50,A Google user,https://play-lh.googleusercontent.com/EGemoI2NTXmTsBVtJqk8jxF9rh8ApRWfsIMQSt2uE4OcpQqbFu7f7NbTK05lx80nuSijCz7sc3a277R67g,PINBALL,5,1,,2012-07-14 15:49:20,,
lg:AOqpTOGod513mKfVGf2KAg1VkkMyMjxTOfQyd9-9MfpZyPcUnVKYyiPywu3F2RHXMY1zNTgvB7vQ3PJjOjdXmag,A Google user,https://play-lh.googleusercontent.com/EGemoI2NTXmTsBVtJqk8jxF9rh8ApRWfsIMQSt2uE4OcpQqbFu7f7NbTK05lx80nuSijCz7sc3a277R67g,Super,5,1,1.3.11,2012-06-11 00:51:45,,
lg:AOqpTOHkjw1OiW2Brh-Krj077Vo_GkTrdlkxNQ2n9yEx1YFIOldi9KLH6u9pZVPb-zmBPI0Zn1fyWY5R597pnyg,A Google user,https://play-lh.googleusercontent.com/EGemoI2NTXmTsBVtJqk8jxF9rh8ApRWfsIMQSt2uE4OcpQqbFu7f7NbTK05lx80nuSijCz7sc3a277R67g,Addicting,5,2,1.3.11,2012-05-10 00:28:41,,
lg:AOqpTOGybP57KbwxDFTH4Rs4JHUUwQTB_Pgx9mxoa9mHRR5jPzap13bPO1nvFRG1ZOffjoOA2oytqYn4JsQ-4Ys,A Google user,https://play-lh.googleusercontent.com/EGemoI2NTXmTsBVtJqk8jxF9rh8ApRWfsIMQSt2uE4OcpQqbFu7f7NbTK05lx80nuSijCz7sc3a277R67g,Nice game. Reminds me about all the truck stops along the highways that I traveled.,5,0,1.3.11,2012-05-03 20:24:53,,
lg:AOqpTOEhvrL5OZbx6eqN5cL0o31FDxwIjCKyi36KE59Fy495VOZD0lD4YqWOVc3_zCHNJah1OaYW67uTAycOwoY,A Google user,https://play-lh.googleusercontent.com/EGemoI2NTXmTsBVtJqk8jxF9rh8ApRWfsIMQSt2uE4OcpQqbFu7f7NbTK05lx80nuSijCz7sc3a277R67g,FUN,5,2,1.3.11,2012-04-28 11:44:12,,
lg:AOqpTOHbJcj5ZRHK0lh6Ii4HCuKCBwgs5Etb7HvKsIXISoMHAnWUA1Hnjh11v8GydgIQuAlE8NgnzlT7lIFFelk,A Google user,https://play-lh.googleusercontent.com/EGemoI2NTXmTsBVtJqk8jxF9rh8ApRWfsIMQSt2uE4OcpQqbFu7f7NbTK05lx80nuSijCz7sc3a277R67g,"This is a fantastic game but it would be better if I could rotate the screen. I find the flippers a but too close together in portrait. I think it would be better if people could between portrait and landscape. Apart from that, it is,a brilliant game.",4,2,1.3.11,2012-04-27 08:58:31,,
lg:AOqpTOFCFo_lvKdHYnpF97POxqzUdFAcmA8osNCDDACtfv7mxL3ghaANlwBqoHDIalexfJtLxTnv-oUBkD3HIl4,A Google user,https://play-lh.googleusercontent.com/EGemoI2NTXmTsBVtJqk8jxF9rh8ApRWfsIMQSt2uE4OcpQqbFu7f7NbTK05lx80nuSijCz7sc3a277R67g,Best pinball I've seen. Addictive and lots of fun!,5,2,1.3.11,2012-04-06 07:06:21,,
lg:AOqpTOEWk0jMLb4OVXWaHQff6MEYMhRo_O_5mvu2dtonjahfcbNwbmMgve9l7YmqgGLEW5mLhSG4Sl9YvCIfasA,A Google user,https://play-lh.googleusercontent.com/EGemoI2NTXmTsBVtJqk8jxF9rh8ApRWfsIMQSt2uE4OcpQqbFu7f7NbTK05lx80nuSijCz7sc3a277R67g,I love this game,5,0,,2012-04-01 15:43:40,,
lg:AOqpTOGNMNRHebRYOzR8g45ZjKAVJoNAFztqt8drE3Fyp5fM0IeBmTC11WkBbEie6LIOwoREgKBoJ2Qv5I7quXg,A Google user,https://play-lh.googleusercontent.com/EGemoI2NTXmTsBVtJqk8jxF9rh8ApRWfsIMQSt2uE4OcpQqbFu7f7NbTK05lx80nuSijCz7sc3a277R67g,Still the best pinball runs smoothly with good graphics would prefer if ball had more weight its a  little bouncy,5,6,1.3.11,2012-02-25 15:27:00,,
lg:AOqpTOFYXWHiha-0qcJ7Uu8yAppov9CjjQ0hIT6ExJbFb-Yf7R93bUbJ-eLH6rwJmh6wU48VB9X2Ehx-4UP3Auo,A Google user,https://play-lh.googleusercontent.com/EGemoI2NTXmTsBVtJqk8jxF9rh8ApRWfsIMQSt2uE4OcpQqbFu7f7NbTK05lx80nuSijCz7sc3a277R67g,Fantastic!,5,4,1.3.11,2012-02-02 09:16:06,,
lg:AOqpTOFQMc2pZQH1nLmOwYR9776wmStMRuKb8hVaMwMAuVpxqAf4yXaf5AkVkP6QfZXkKCLmeJ5ktSYIWw8C9QU,A Google user,https://play-lh.googleusercontent.com/EGemoI2NTXmTsBVtJqk8jxF9rh8ApRWfsIMQSt2uE4OcpQqbFu7f7NbTK05lx80nuSijCz7sc3a277R67g,Haven't had this app for too long.  Worked fine when I first got it.  Updated 1/24/12 and now all I get is a black screen.  First app ever that didn't run on my phone.   HTC Thunderbolt.  Update: Just moved it to SD card and now it's working again!,4,6,1.3.11,2012-01-24 21:37:54,,
lg:AOqpTOFifgsfc3q_cPvHlWVNJS2yySmwNHO2DRcNNeymq9ss_k0P7zrRkkIcnVu1tWg1IkuplNtJsBZNi30AmXc,A Google user,https://play-lh.googleusercontent.com/EGemoI2NTXmTsBVtJqk8jxF9rh8ApRWfsIMQSt2uE4OcpQqbFu7f7NbTK05lx80nuSijCz7sc3a277R67g,Great! No problems here,5,2,1.3.11,2012-01-13 00:47:50,,
lg:AOqpTOG_2wkLvTF__JM1CBv_zi8DBnx2ZriK2zoTw-DfZ2XoHvbz_ye1aTDYhJAq_tmZdxxCMhgvx162lqj888w,A Google user,https://play-lh.googleusercontent.com/EGemoI2NTXmTsBVtJqk8jxF9rh8ApRWfsIMQSt2uE4OcpQqbFu7f7NbTK05lx80nuSijCz7sc3a277R67g,It really fixes the performance issue. It's like if I had a new phone :-),5,3,1.3.11,2012-01-12 08:35:25,,
lg:AOqpTOGCLDPL4tSG-7OqRGJh_avBLfsYr0FrTaOgw6g3p9Wzm86fpCdTJsYn_80HT5-Sn2TdwHkQbUEfF7TYJno,A Google user,https://play-lh.googleusercontent.com/EGemoI2NTXmTsBVtJqk8jxF9rh8ApRWfsIMQSt2uE4OcpQqbFu7f7NbTK05lx80nuSijCz7sc3a277R67g,"Great game but since last update, the game animation is laggy, hopefully, I ve backed up the previous version, which is smoothier.",3,1,1.3.3,2012-01-08 08:48:09,,
lg:AOqpTOGMev8KNYY87aXfYaVQLYsF0B0GyRkXCwqHQ-rokMILqKIP6CVLNnNKcPevYxr6QGbYdw6OqgPaCQE73eg,A Google user,https://play-lh.googleusercontent.com/EGemoI2NTXmTsBVtJqk8jxF9rh8ApRWfsIMQSt2uE4OcpQqbFu7f7NbTK05lx80nuSijCz7sc3a277R67g,Finally a pinball game worth coming back to! Very fun to of variety and cool boards. If you want a great pinball game definitely worth the money even at 2.99. EVO 3D,5,5,1.3.10,2011-12-27 23:56:22,,
lg:AOqpTOFszxAJoZB0kBTMZ2LiWynJgXJfSWeV40tGPogWL74Bd63G2OWrmfSRZgmT9DG1OK9QukwvkRbB9Zy03Gc,A Google user,https://play-lh.googleusercontent.com/EGemoI2NTXmTsBVtJqk8jxF9rh8ApRWfsIMQSt2uE4OcpQqbFu7f7NbTK05lx80nuSijCz7sc3a277R67g,There is no way to set this up so the whole table is visible. The table is always moving under the screen making this a non-pinball like experience.,1,3,1.3.3,2011-12-05 13:17:55,,
lg:AOqpTOHz6ScbzNMYqO1uVyvWa5WHMBlvKJJeT0-bCLVoR5x4uDcmOojMAalSLXuIJDXjnpPN97aXCGustMZrOGg,A Google user,https://play-lh.googleusercontent.com/EGemoI2NTXmTsBVtJqk8jxF9rh8ApRWfsIMQSt2uE4OcpQqbFu7f7NbTK05lx80nuSijCz7sc3a277R67g,"Love the game, if you could fix the flippers locking up I would give a 5.",4,2,1.3.3,2011-12-04 15:47:51,,
lg:AOqpTOG9jBeFK-mxT7WocYiAYxSrXDvgtuIp2Kv-zN-qgfCVitmOxx1h4yQ_ANQhkyLnHHp_CFRGuv8c2j6iV80,A Google user,https://play-lh.googleusercontent.com/EGemoI2NTXmTsBVtJqk8jxF9rh8ApRWfsIMQSt2uE4OcpQqbFu7f7NbTK05lx80nuSijCz7sc3a277R67g,EXCELLENT!!!,5,0,1.3.3,2011-12-03 15:25:43,,
lg:AOqpTOFAM18nNiAOLcBY_g0GlUUym_5_W-aJqQkcrFfm6FYypyaYEKWWfZZBub6ILKMtLO8D66_GYaExm-6qGyE,A Google user,https://play-lh.googleusercontent.com/EGemoI2NTXmTsBVtJqk8jxF9rh8ApRWfsIMQSt2uE4OcpQqbFu7f7NbTK05lx80nuSijCz7sc3a277R67g,"Love it. Fantastic game for my HTC Flyer 7"" tablet. It's like the tablet was made to play this game.",5,1,1.3.3,2011-12-03 01:07:57,,
lg:AOqpTOEnCTWwHAlmT0o6UEBc7vtVRfDVGea0PKr-wHmJ7gghH7ni-bADFvhM2YSqxQv4LWicKRiRbTGl49AH4bo,A Google user,https://play-lh.googleusercontent.com/EGemoI2NTXmTsBVtJqk8jxF9rh8ApRWfsIMQSt2uE4OcpQqbFu7f7NbTK05lx80nuSijCz7sc3a277R67g,Excellent! These people have done everything right!,5,0,1.3.3,2011-11-28 19:06:10,,
lg:AOqpTOFYCofN5Le1urz0027Cv0NXzQRm66hhjbtiq2v3_SnSnK34-8WZ1eycxA3a6Kgt3axJB71SNFWRzfhLIIM,A Google user,https://play-lh.googleusercontent.com/EGemoI2NTXmTsBVtJqk8jxF9rh8ApRWfsIMQSt2uE4OcpQqbFu7f7NbTK05lx80nuSijCz7sc3a277R67g,"Game not in full screen, even though indicate It can go to HD resolution. Please update for galaxy Note. Would give 5 star if it work full HD SGN",3,3,1.3.3,2011-11-28 02:26:54,,
lg:AOqpTOG2Q9CBKh_Bd9gH2O9vYRcEh_Cz6GS69L_hXywbkL8sCIJ40r2uKHtDft9on8ICBMGUPXgP317XBwWDaDc,A Google user,https://play-lh.googleusercontent.com/EGemoI2NTXmTsBVtJqk8jxF9rh8ApRWfsIMQSt2uE4OcpQqbFu7f7NbTK05lx80nuSijCz7sc3a277R67g,Best pinball game yet,5,1,1.3.3,2011-11-27 13:56:24,,
lg:AOqpTOGUGOmPSBnljSRgBweKsJcMeu_tnCmTr6PrXitEVP2glbBlSVvSO7A6im1C6196XYV5A-15b6-qtNG-er0,A Google user,https://play-lh.googleusercontent.com/EGemoI2NTXmTsBVtJqk8jxF9rh8ApRWfsIMQSt2uE4OcpQqbFu7f7NbTK05lx80nuSijCz7sc3a277R67g,Flawless multitouch on Droid X. Haven't had any crashes. Good sound. No significant problems. Interested in what is going to be added.,5,1,1.3.3,2011-11-27 13:32:06,,
lg:AOqpTOFrNQXe_Cqzw664BNWaLoeufkpHX9h3bgAhnI58yFgVt9ZmrYcEvXZIyfOQHJzs6RtpmPV9BFrfgWRt4Y8,A Google user,https://play-lh.googleusercontent.com/EGemoI2NTXmTsBVtJqk8jxF9rh8ApRWfsIMQSt2uE4OcpQqbFu7f7NbTK05lx80nuSijCz7sc3a277R67g,"Excellent physics, sound and responsiveness. Great graphics, a rare gem in a sea of rubbish apps",5,5,1.3.3,2011-11-11 02:17:12,,
lg:AOqpTOErzBM-Bg6AaI1-QOq0ZLW1_pIXWFWQzyuxQMzMOKyn_AKcnqehoFZSBaa7ZDF2tENfm6gpeaXRRCEht2c,A Google user,https://play-lh.googleusercontent.com/EGemoI2NTXmTsBVtJqk8jxF9rh8ApRWfsIMQSt2uE4OcpQqbFu7f7NbTK05lx80nuSijCz7sc3a277R67g,Great game. Love the choice of pinball machines.,5,2,1.3.3,2011-11-05 22:01:49,,
lg:AOqpTOFv8EXpxzSH0gahHbE4TgDJFp1F1oNsDfhxYsWRyWFzgCKA8-EY9DP_D21d_vDXmbMQ_XpbdoYDY-oL8ps,A Google user,https://play-lh.googleusercontent.com/EGemoI2NTXmTsBVtJqk8jxF9rh8ApRWfsIMQSt2uE4OcpQqbFu7f7NbTK05lx80nuSijCz7sc3a277R67g,"Was really great until the game crashed and closed to the home screen. I was in the middle of a really good game, too!",2,0,1.3.3,2011-10-22 17:24:32,,
lg:AOqpTOEZ1-rsey6eekvsk6YmW5OlE_2-cErHoK4hibDD_6zK0tLIEX7NWP0KI2lvKAiqFamvRpC0wgOnI0ZPAKc,A Google user,https://play-lh.googleusercontent.com/EGemoI2NTXmTsBVtJqk8jxF9rh8ApRWfsIMQSt2uE4OcpQqbFu7f7NbTK05lx80nuSijCz7sc3a277R67g,Brilliant game but getting a lot of freezing & fc using a Galaxy SII. The bricks table is fantastic.,4,1,1.3.3,2011-10-19 15:06:41,,
lg:AOqpTOEelGi589aceTInp0Kq5Cvf48B1awewjzDhotrrE1NiN0UyQnle7i3mwum9WGfhJbJET-B0FZiLWipBS7w,A Google user,https://play-lh.googleusercontent.com/EGemoI2NTXmTsBVtJqk8jxF9rh8ApRWfsIMQSt2uE4OcpQqbFu7f7NbTK05lx80nuSijCz7sc3a277R67g,"I really like the game but it randomly forcecloses in the middle of a game. This has happened on every board.  I was on the space one, 18 mil points and climbing and it just force closed on me :-( Didnt keep my score. I have the epic 4g touch. Dont know if the game needs to be updated.",3,1,1.3.3,2011-10-10 11:29:50,,
lg:AOqpTOGYAmLZXBvlC5SAKNXkbdK6E2ZSNPhY00LohOMldWFRckcKnPOMtzahpbpqPPlOja8Pilxy0F59xWAICb0,A Google user,https://play-lh.googleusercontent.com/EGemoI2NTXmTsBVtJqk8jxF9rh8ApRWfsIMQSt2uE4OcpQqbFu7f7NbTK05lx80nuSijCz7sc3a277R67g,Had the free version for ages and jumped on this when a paid for version was available,5,2,1.3.3,2011-10-04 04:39:26,,
lg:AOqpTOH-5qB5tVksWYWHS2w2UlGmtXOkk5jZ4MXGeckF4VGwEtulPLDrBzeXOb4JliuUR_jMkhCUzfiVJDUhs3s,A Google user,https://play-lh.googleusercontent.com/EGemoI2NTXmTsBVtJqk8jxF9rh8ApRWfsIMQSt2uE4OcpQqbFu7f7NbTK05lx80nuSijCz7sc3a277R67g,"Brix table could survive as a separate app, but it's included! Great physics & graphics. Runs well. Inspire 4G.",5,2,1.3.3,2011-09-26 05:40:05,,
lg:AOqpTOHk0dpmzx3YmUi4NuJpV6xMFZFu2cLZVHyihnJvWVXepvSeLSzjk2NaNg8G8pLD9zwKswEs_AVG36StAW0,A Google user,https://play-lh.googleusercontent.com/EGemoI2NTXmTsBVtJqk8jxF9rh8ApRWfsIMQSt2uE4OcpQqbFu7f7NbTK05lx80nuSijCz7sc3a277R67g,Been waiting for the perfect pinball game on android and this is it!! ;-),5,3,1.3.3,2011-08-29 19:33:23,,
lg:AOqpTOHosUXgZeqBlwLMEaAlRisSiOczA6YKb0E9db-ZBYlIDPYuA52dymUVtPlFW8TezgLvLez-xqvj_vjbFds,A Google user,https://play-lh.googleusercontent.com/EGemoI2NTXmTsBVtJqk8jxF9rh8ApRWfsIMQSt2uE4OcpQqbFu7f7NbTK05lx80nuSijCz7sc3a277R67g,Fun,5,3,1.3.3,2011-08-27 21:42:59,,
lg:AOqpTOGyias0tPEKwpRGjY-q0AY1W1Pkoi9USqNcKCz0EmjjXruVXlpBL4sZWzvAHpKhlj01vUq2-BWlw6W1SuM,A Google user,https://play-lh.googleusercontent.com/EGemoI2NTXmTsBVtJqk8jxF9rh8ApRWfsIMQSt2uE4OcpQqbFu7f7NbTK05lx80nuSijCz7sc3a277R67g,Addicted. Beautiful. EVO,5,0,1.3.3,2011-08-20 06:17:50,,
lg:AOqpTOHwQujP-pf0qDZCvP83wBDW7ioOJiPpdj1HEleesAN1PUIEAljegIV5TjaI9T9tk4-OpE8hRCA_JsmGQaQ,A Google user,https://play-lh.googleusercontent.com/EGemoI2NTXmTsBVtJqk8jxF9rh8ApRWfsIMQSt2uE4OcpQqbFu7f7NbTK05lx80nuSijCz7sc3a277R67g,"Nice game, I especially like the variety of tables. The newest one is great, Breakout was never that much fun to play! ;-)",5,1,1.3.3,2011-08-20 03:10:12,,
lg:AOqpTOHPdktI5BvkBaug3msUU_Sp40ud9zOn6Hs-QsT9ls9Ms-majh9_k-wokWH5VYNvqvq1dPI92PHMpLMXcbo,A Google user,https://play-lh.googleusercontent.com/EGemoI2NTXmTsBVtJqk8jxF9rh8ApRWfsIMQSt2uE4OcpQqbFu7f7NbTK05lx80nuSijCz7sc3a277R67g,Love this game works great.Thank you for the paid version. I hate ads and never click on them. Sprint Nexus S 4G,5,3,1.3.1,2011-08-17 13:49:19,,
lg:AOqpTOFaiQrgDwemOfDYt3oeK2xIjPTou45J_pNVET4v_niCGOUFqVr0n6CpnWmz4KSL5PnNB6sWcvyegq7tUYE,A Google user,https://play-lh.googleusercontent.com/EGemoI2NTXmTsBVtJqk8jxF9rh8ApRWfsIMQSt2uE4OcpQqbFu7f7NbTK05lx80nuSijCz7sc3a277R67g,"Was a big fan of the free version, I am glad there is finally a paid version with no ads. And I love the new table Brix.",5,3,1.3.1,2011-08-14 10:46:39,,
