reviewId,userName,userImage,content,score,thumbsUpCount,reviewCreatedVersion,at,replyContent,repliedAt
gp:AOqpTOFP9E-WDd0cA1WmAto2Nbniig18IoA3X8JgtmnLIJPGwZMq-u3XSQCm5byJdso6GtCEB7DDAZAgSsXe2LI,Dave Borko,https://play-lh.googleusercontent.com/-YWApkqiSFcE/AAAAAAAAAAI/AAAAAAAAAAA/AMZuuclM6b5mBrkpZWjmoiMrQFCXx3cYCw/photo.jpg,"This app sucks, wanted for golf cart and it took me to roads I shouldn't be on. Actually a hazard is more appropriate for this thing",1,0,3.9,2021-02-09 11:28:51,"Hi Dave,
We are very sorry to hear this! Can you please email us at villagesgps@gmail.com with the ""Starting address"" and ""Ending address"" and we will fix it.
We rely on our customers to help us out. There 100s of miles of roads & golf cart paths.

If anyone has ANY issues, please contact us at villagesgps@gmail.com.
Thank you,
Villages GPS Team",2021-02-09 16:37:03
gp:AOqpTOEtFr6MVpIP53k0wTxPAWnHl-qv1XErEo6qu7HZENgMlyYFv_xJLAqseWWIpGPMoUTiK953IZvnGmG7i4s,Steve Vieau,https://play-lh.googleusercontent.com/a-/AOh14GgD2pUtusZmgMmHY2s9uXXu93hQpykLZUEOz8104g,"When I PAY for an app, I expect NOT to see any ADS! Even though they are at the bottom of the app, they are still annoying!",2,2,3.9,2021-02-02 09:27:58,"Hi Steve,
We redesigned the whole app from scratch and are trying to help pay for it. It was VERY expensive, and we didn’t want to raise the price.

It is just one banner at the bottom but...Don’t worry... you will not see the ads during Navigation.
If anyone has ANY issues, please contact us at villagesgps@gmail.com.
Thank you,
Villages GPS Team",2021-02-09 16:33:03
gp:AOqpTOHk5Xdlf9KMyUuEp71IVMhPBUaxwwX9_AZMyWGCdUd-g55Knaffe66xlsleeBUdLAThxiEhFlFJwCee3hI,Jack McGee,https://play-lh.googleusercontent.com/-rsVxuitTBcQ/AAAAAAAAAAI/AAAAAAAAAAA/AMZuucnY_035WJxH8xile6G0Bk8NeMBOKQ/photo.jpg,Can't get bed version to load or to refresh with update,1,0,3.9,2021-01-14 12:10:48,"Hi,
The app updates anything we have done when you open the app.
Can you give us more information at Villagesgps@gmail.com so that we can help?
If anyone seeing this has any issues, please email us and we will get you going.
Thank you,
Villages GPS Team",2021-01-15 13:37:58
gp:AOqpTOEegBsAR7M2pYWBCqqbKe6ewB0bLn3qGyVQRmnmEBnbDSqsJkuKpTk4ZbL2jTmv6K_c5qXFhbmhYtBPWeE,Jeff Caldwell,https://play-lh.googleusercontent.com/-qt31fP5vrkg/AAAAAAAAAAI/AAAAAAAAAAA/AMZuucncKBNehGfmXhSHbM4Oh1kALpDHpA/photo.jpg,"Great App. Much better than ""The Villages"" map app.",4,0,3.9,2021-01-02 04:39:13,"Hi Jeff Caldwell, Thank you so much, and Happy New Year :-)
Villages GPS Team",2021-01-03 07:03:27
gp:AOqpTOGa5mSs3_g2TDsn7_j-i_3ZAo-iJB5NRsOCkH1dhDOmlPGWjbKPc14EeQxyF0q3FAWpVC-rXZeVQoqboec,Judy Wilson,https://play-lh.googleusercontent.com/-aeQLQ1WuVmw/AAAAAAAAAAI/AAAAAAAAAAA/AMZuucn6H2AlfcolNhnN0ao0wUOo99FXTg/photo.jpg,Great ap that works,5,0,3.9,2020-12-12 17:36:53,"Hi Judy Wilson, Thank you so much and Happy Holidays :-) Villages GPS Team",2020-12-13 04:59:13
gp:AOqpTOHL12CQadb291zP2pzPE8gVXem2ISU-JD-V3anM2BozoKONGnWKgONy9oOylpC8fRcq018EVyyxkqlHigo,Andreas Prinsen,https://play-lh.googleusercontent.com/-bjC02ETqIqw/AAAAAAAAAAI/AAAAAAAAAAA/AMZuucliDL3y7S3ohwWnZFHPQvmOQ2pvHg/photo.jpg,My house is not on your map. Do no good for me for now. I think once it is updated it will be a good app. We live in Ava Village. Google map doesn't have us. Only Waze has us shown on their map. Can you let me know once this us updated?,2,3,3.9,2020-12-11 18:41:13,"Hi Andreas Prinsen, I'm sure we have it. Follow these steps: Click ""Search""... In the blank space above type in your address. If your address in a newer place like near Fenney, type in the address but use ""Wildwood"" instead of The Villages. If anyone has ANY issues, please contact us at villagesgps@gmail.com. Thank you, Villages GPS Team",2020-12-13 04:58:17
gp:AOqpTOFCgBPueBc5rEuvcKJ1vmjGlJUbKPsJ20PWAVGfQCRo6v-oyvTL8koX7ynosjI6HAUEhX6q-obMW6x1CQw,Connie King,https://play-lh.googleusercontent.com/-QKh5N0hGR1c/AAAAAAAAAAI/AAAAAAAAAAA/AMZuucmjUcUspkQ6ZslDyv5uckxajDC_wQ/photo.jpg,This app sucks!!! Does not give turn by turn directions. Very dissapointed!!!,1,0,3.9,2020-11-27 11:41:27,"Hi Connie King, it sounds like you may have been trying to use Point to Point. This feature is NOT Navigation Directions… To get Directions with Navigation, find the place you want to go to and once you find it, click directions by Automobile or Golf Cart. Now you are good to go. If anyone has ANY issues, please email us at villagesgps@gmail.com",2020-11-27 14:20:38
gp:AOqpTOHA7lz_72BcWVXmyRkQEc_z0-6y2KNu9eR0G9V5AAugZibD8Zl8ecOJd32Qs6y7GeNJOW4xf25LI3hFTdc,Rick J,https://play-lh.googleusercontent.com/-bMhReWT5lBs/AAAAAAAAAAI/AAAAAAAAAAA/AMZuuckDrxD9vkamRb3I3XMx4msOk8djeg/photo.jpg,"Great idea, but got lost more than I found my destination! Don't waste you money!",2,1,3.9,2020-11-08 02:55:18,"Hi Rick J, We haven't had any reports of any wrong directions. Please contact us with your Start address and To address so we can check that ok? If anyone has ANY issues, please contact us at villagesgps@gmail.com. Thank you, Villages GPS Team",2020-11-08 11:26:21
gp:AOqpTOE49nSXGzXkJU6_4YzZkSYJM5m715BBfNy1fyzwH_d4SCjL7-OGmLjYeFQPOSs9-0CX3TSnJL0FMcH-rFQ,Maryanne Pazienza,https://play-lh.googleusercontent.com/a-/AOh14GhxikJJSzyDzhlnZehZ-I6KrDS4gKbl2pI_NngWEg,Needs all the new Complexs and Bridges.,3,0,3.9,2020-10-10 16:51:29,"Hi Maryanne, we are working on all of the new places as fast as possible and it should all show very soon! Thank you, Villages GPS Team",2020-10-12 06:08:16
gp:AOqpTOEgkQ0qQRjcKYHMgz8XtrRc-uesPJgdvPQmnlYHGVP5GKQGJKTqhTHiUEDLoueKGtVzvQyXp5Ib1V5WIss,T M,https://play-lh.googleusercontent.com/a-/AOh14GiZgMDdOvFh_Y1r_6Gt5R_-4Ii7aCpcBw0mH3wpCg,Junk app save your money this could have worked better written by a 12 year old,1,0,3.9,2020-07-14 05:21:55,"Hi Thomas M, we are kindly asking you again to please contact us at Villagesgps@gmail.com and explain any issues you are having with the app. Thank you, Villages GPS Team",2020-07-14 06:07:17
gp:AOqpTOF5Si5yc7bA6bBTAeSp3xABZcp0agWaG-lLqYjehJXkad9nAMa7vmYMxijCXGgxYFrQxGO-YajCmbFprFk,John Mobiluan,https://play-lh.googleusercontent.com/-U7GK7VrzkIE/AAAAAAAAAAI/AAAAAAAAAAA/AMZuuck7lMlFIgTv8TngUQwdmTzy84a-5A/photo.jpg,SO SO. Drops continiously.,2,0,3.9,2020-06-05 11:28:38,"Hi John, we haven't had any reports of it dropping. The only times it will drop is if you go under a tunnel or the section you are driving in has spotty cel service. Please contact us if you have any more details ok? 

If anyone has ANY issues, please contact us at villagesgps@gmail.com. 
Thank you, 
Villages GPS Team",2020-06-06 04:55:55
gp:AOqpTOH3PBtaVVZX10y6zBJar6yQbmcRMThsqUJJM9JI6gke4sFiLjqOQOr3h53IAGfW0oNM9pgjO_moM6WET58,Jo Ann Hanebrink,https://play-lh.googleusercontent.com/a-/AOh14GiMZ35bgRvXpWVtHylwhmSU7nED-Ic2LSk7m0PfbiQ,"Finally, an app that fills a need that other apps do not have, namely, travel by golf cart paths. Important for all residents, but especially part-time residents and guests. Nice perks that include access to websites as well as shopping and entertainment venues . You can also just search by address or name and find directions. Tech support is excellent.",5,11,3.9,2020-06-01 09:22:21,"Jo Ann, Thank you SO much. We really appreciate your kind words :-)",2020-06-06 04:57:05
gp:AOqpTOGMtfjp81szYKqJuBJqunE4S_siJMXjp_0mjEGq4v0HoqQYgPA1MiK28m2awHX5o9re9PC_Hks1Qizrn10,Ins Roofer,https://play-lh.googleusercontent.com/a-/AOh14GhIeMAldWu0RDEPVdIZhFtbpmEu1VrfAbCIpQq2,Horrible. Cycles on point to point,1,0,3.9,2020-04-09 04:57:28,"Hi Ins Roofer,

Point to Point isn't directions. it's to get directions from two places that you’re Not at. 
To get Directions with Navigation… Find the place you want to go, click directions by Automobile or Golf Cart. Now you are good to go.

If anyone has ANY issues, please contact us at villagesgps@gmail.com.

Thank you,
Villages GPS Team",2020-05-04 12:28:23
gp:AOqpTOFLtQTEyK1EU5QpWZJlaYRrUC2bstQ5pYPZ8ewtSu-TbR1QDxjkYVlTwNn4OhlTjCEp87vHQK1oVzDpaFE,Teri Rutter,https://play-lh.googleusercontent.com/-MjzWO7dSs_0/AAAAAAAAAAI/AAAAAAAAAAA/AMZuuclQ2T0ZjM-_dHJKb_kz_fO6z0E-Ew/photo.jpg,"Did not work. Sent me the wrong way, told me to turn right when you could only go left, golf cart path not working. I want my money back",1,0,3.9,2020-02-03 10:34:04,"Hi Teri Rutter,

We haven't had any reports of any wrong directions. Please contact us with your Start address and To address so we can check that ok?

If anyone has ANY issues, please contact us at villagesgps@gmail.com.

Thank you,
Villages GPS Team",2020-05-04 12:30:47
gp:AOqpTOEgQwpimG9TkfB5Jj9I06L3jCYAlBD3eE9dj3oB_CZkSDN2DBGQJMGTTwCx6VQ04oH8pMwCPSYg9oCY_EU,Kevin Kelly,https://play-lh.googleusercontent.com/-9kIlU54vaGk/AAAAAAAAAAI/AAAAAAAAAAA/AMZuuckL7kZCx8o_TAGzqlR5tAQEpCUXPQ/photo.jpg,"Had app for a year now. Works great on village golf cart trails. Has voice and gps map directions. I have promoted this app to visitors to the Villages as well as long time and newcomers to the Villages. Has other features like golf course phone number. Can find Villages squares, country clubs., Restaurants. Even tells your speed in cart. Well worth the small app fee. Great job application developers.",5,14,3.9,2020-01-26 06:47:40,"Hi Kevin Kelly,

Thank you for the nice review :-)

If anyone has ANY issues, please contact us at villagesgps@gmail.com.

Thank you,
Villages GPS Team",2020-05-04 12:31:32
gp:AOqpTOElwSoN1LDCd0A4wnwuGIyAZ5TaMCc6pNHA7WSK_dvjE6tinwlvVPqC-hk7JxA1qWrdkBMQrn3Wv-TwT5Y,Robin Ward,https://play-lh.googleusercontent.com/-CgI9zzm8YW8/AAAAAAAAAAI/AAAAAAAAAAA/AMZuucmIelKFswNdFXyi810QHLfqioO9jA/photo.jpg,Just used in golf cart and did not find the address I entered think app needs to update .,3,0,3.9,2020-01-09 14:15:23,"Hi Robin Ward,

All of the newer sections where bought from Wildwood and Fruitland Park. Try adding one of those names after you enter the street address and they will pop up.

If anyone has ANY issues, please contact us at villagesgps@gmail.com.

Thank you,
Villages GPS Team",2020-05-04 12:45:12
gp:AOqpTOHZkQsnugrrFu-h3z8z3PbH9lWewM1M-rNu7w9hIERQ6hJ5370nrxktNYlw5jl_dOuBJmiUHtdeMoUsBXQ,Marlene Mallah,https://play-lh.googleusercontent.com/a-/AOh14GgYfiTp51SPo-nV42hCLA2xmpTa_TZ-KhIIRu-E,Terrific tool for newcomers to The Villages. Can't live without it.,5,5,3.9,2019-12-30 16:38:27,"Thank you Marlene Mallah. We really appreciate the nice review.

If anyone has ANY issues, please contact us at villagesgps@gmail.com.

Thank you,
Villages GPS Team",2020-05-04 12:46:01
gp:AOqpTOFxZmIDwmTqCjU3EQGxP6V-vnUQj0yfWY1e9O3uNprGNHGvxG2HnoNYW5NNTGOEdulWIPMLLrPvFNptvaA,Paul Lemire,https://play-lh.googleusercontent.com/-nhETqauZ_Ys/AAAAAAAAAAI/AAAAAAAAAAA/AMZuuckP5D8sLZjKBSsToxFHpS_QZPpc1g/photo.jpg,WONDERFUL especially for carts. Helps dispel the anxiety of landing in an unknowm place.,5,0,3.9,2019-11-26 15:54:01,,
gp:AOqpTOH_4TqSgCpVFtboYs650BVGJNc4MB856-fYBhg_vttorDYUAVCRJyZdtcoI1xrBLTPKx91vhjlunPUvVL4,Donna McDowell,https://play-lh.googleusercontent.com/a-/AOh14GgWtbKnCbHZkPJUC3MDi_8zoKkGg95rU_W4jsuI,Lots of info but the Atwood Villas we are staying in are not listed on the app. Emailed creator and hoping for a fast update instead of needing a refund. Will update review accordingly.,2,0,3.9,2019-11-17 08:50:51,"Hi Dona McDowell, we added that a few months ago. Check it again but it is named Atwood Bungalows.

If anyone has ANY issues, please contact us at villagesgps@gmail.com.

Thank you,
Villages GPS Team",2020-05-04 12:48:19
gp:AOqpTOEsyZzjSKC4JfZ-TVgZXLLiDU8cY6i06RkTr-BPo9h1lXXStZuYVPv8_H8RzIhIzWp_gejn9QYmI_HeQCw,Ed B,https://play-lh.googleusercontent.com/-Rr0xTx2CksM/AAAAAAAAAAI/AAAAAAAAAAA/AMZuucm-64iGoB3oPz_89ONfZLcb0TA-8g/photo.jpg,There was a time that I could not get the turn by turn voice to work. I have had this app since its inception. The app was reworked and reintroduced. I still didn't have the voice portion of the app. After not trying the app for quite some time I reinstalled the latest app and the latest android update. I am happy to report that the app for me is 100% functional (including voice). I recommend this app to all new villagers.,5,22,3.9,2019-10-25 14:02:42,"Hi Ed,

Volume:
After you click “Start” on a route,  turn up your volume again.

Point to point is only meant to show directions from two different places that you’re Not currently at. 

 If you or Anyone reading this has ANY problems, please email us at VillagesGPS@gmail.com

Thank you,
Villages GPS Team",2019-03-03 05:48:12
gp:AOqpTOGDxVeUP6d2sIwwjfyn7ZIvD1rMUYYDkj4iVxrNCzGycZ0TpYNvRL6ocuAf0g11rRnCEEYHwRodO-6De4E,anthony occhiuzzo,https://play-lh.googleusercontent.com/-mjlo7_xxRxk/AAAAAAAAAAI/AAAAAAAAAAA/AMZuucmNNx-x4Fg8Hj6FE6atqZK6R-H6Tg/photo.jpg,I found this site to be very helpful and responsive to my situation and totally appreciated there services.,5,0,3.9,2019-10-17 12:43:15,,
gp:AOqpTOGH6f0d3Hhk4xPCzJ3la04lnKhfmlvMUD8RJU9Moh73_39lAJ6zc7I2ZtKafIQaozI0g-CpfXNP7cbCxro,Bill Dyer,https://play-lh.googleusercontent.com/-AfCXbbT3u5U/AAAAAAAAAAI/AAAAAAAAAAA/AMZuuclkkJKzKlVj0Sjle_ZimmtvurNd0g/photo.jpg,"Could not install on android phone. Need a refund. "" not available""",1,0,3.9,2019-10-06 07:29:42,,
gp:AOqpTOEAuComYBy76mSuONZdcRCjFOuNvjUoRE50d4WGTwvExuvYYmkUkRU19XcES_Ez31LFMcbYNHuVYK3hMdA,Ernie Pyle,https://play-lh.googleusercontent.com/-pA3YPvXn3-E/AAAAAAAAAAI/AAAAAAAAAAA/AMZuuckjPGBo5axpcufUHGnWE1o55yQzbA/photo.jpg,"Locks up often - when first opened, and when en route, when it's especially needed. Frequently misdirects - says to turn when no turn available; voice direction often doesn't match the visual; and once took me to a road that ended but continued to direct me forward. Search function is terrible, too - won't always detect locations, even when it previously had. Complained to a friend that I foolishly paid $7.00 for this awful app and learned The Villages has GPS on their official (and FREE!) app.",1,13,3.9,2019-09-29 15:26:23,,
gp:AOqpTOG4zZAm1XGlHj00ARP693EphAzQV5SLkyD0r-YySBuirI04cAp_wk8nnT7XOboA1ZISVP6pg0D8ftXh_yk,bill vanhoose,https://play-lh.googleusercontent.com/-rvY48bUvYCw/AAAAAAAAAAI/AAAAAAAAAAA/AMZuucnB1ohDz076LH0k579De_q9ahJ0Sw/photo.jpg,"intermittent directional problems.. delayed instruction problems..i have uninstalled per instructions...sometimes improvement only to digress, other times no improvement at all... it worked correctly and up to expectations for about a week.. disappointing.. UPDATE 5/7/19 for the last week it appears the GPS is working as advertised...good job on updates! 9-5-19...still working as advertised!",5,6,3.9,2019-09-04 21:15:55,"Hi Bill, 
Glad everything is working great! 
Thank you so much for the updated 5 Star Rating... It sure does help :-) 

Villages GPS Team",2019-09-05 00:59:48
gp:AOqpTOFyOOchS7GLbvyg3O5pj2ixdreqDQ_yPP8rXTuFZUAv0CwxNEabpGTAx1sOya4z8pB4BY1xcQYun1ZAgWI,Jerry Haley,https://play-lh.googleusercontent.com/-jp8EJs5gkP8/AAAAAAAAAAI/AAAAAAAAAAA/AMZuucl0Bc88Eze6dH_eJbW7MZRBqHwFOw/photo.jpg,great congused,5,0,,2019-08-12 15:23:44,,
gp:AOqpTOFx-r7A83P_7ubgOiJerA2KFu-SKQJ3YZiXDCJdD5WLeCxmjDwI7IxctyYDifVoGVMknqn6cx7pQe3E1PM,Bradley Jones,https://play-lh.googleusercontent.com/-WsYxwmqQzPE/AAAAAAAAAAI/AAAAAAAAAAA/AMZuucl6JGNthWVWDohQPQyr2JvDRnODSw/photo.jpg,I had some issues when first using the app. I emailed the creators and they responded within a few hours with solutions and were super polite and professional even though I was a little snotty. ha ha I've never felt inclined to review an app until I encountered such good customer service. App works great and so does the staff!,5,15,3.9,2019-07-12 07:24:08,,
gp:AOqpTOHCRBegEytjuUP4jGnE2vZ5retfJp3UfWNrOcV4IYriuUlkbjZYpj4tUmnKz9mHZZV1VgjPRHF9B3LLof0,Carol Wilson,https://play-lh.googleusercontent.com/a-/AOh14GjUW2DH3AZysovjzCX-MD84WC1rJN6v847fIkwz0w,point to point keeps returning to start when selected mode,2,0,3.9,2019-07-11 12:00:36,"Hi Carol, Thank you for your comments. 

Just to clarify...Point to point is only meant to get directions from two different places that you’re Not currently at.  

If you want regular Directions… Find the place you want to go to and once you find it, click directions by Automobile or Golf Cart. 

Hopefully you will give us a nice 5 Star Rating now",2019-09-04 20:26:37
gp:AOqpTOEOZRtmtlto2eJGORZm8P3R1C51Q7evRvwXqENE5SlUPXwJjZzd-TRDMyptW7kPZVoUTkRnTCGRHmnuOy0,Brooke Silvernail,https://play-lh.googleusercontent.com/-q9ggPuzfvjo/AAAAAAAAAAI/AAAAAAAAAAA/AMZuuclCAmHwq0t7WlQYuFxLbtun_u5Z9g/photo.jpg,good,4,0,3.8,2019-05-27 09:34:33,,
gp:AOqpTOF0Xo9i9dmc7rPceXroPm59PLTGfYCC1tlVbYpSBLDXXhoev8b1shv0HRi_9aYqE7O21lPYWq_K3UR7QBU,Pamela Roberts,https://play-lh.googleusercontent.com/-3K3J-_S6C84/AAAAAAAAAAI/AAAAAAAAAAA/AMZuuclGNneZ-JDUKTcu8JdKpTeFNQ1CZA/photo.jpg,"accurate, fast navi app",5,0,3.8,2019-05-03 10:00:10,,
gp:AOqpTOGrsRkSjJKXlJZHHjKwBpN1phzCEcwSNARa16CfVp7Xm168q6oYJ2Vha2G8BPJLNZGa4mtfSAtpIMtspcY,Glenn Mead,https://play-lh.googleusercontent.com/a-/AOh14GhCCzbv5HGxNo-29ZXb6-Z8YEa4A88vPSXfmHjX49k,Very disappointed to pay for an app and then have ads.,2,4,3.8,2019-04-30 19:14:50,"Hi Glenn,
Thank you for your comments.

We redesigned the whole app from scratch and are trying to help pay for it. It was VERY expensive and we didn’t want to raise the price.
It is just one banner at the bottom but Don’t worry, you will not see the ads during Navigation. 

Hopefully you agree and give us a nice 5 Star Rating :)

Villages GPS Team",2019-09-04 20:39:13
gp:AOqpTOFo8jgpfPxN2WwPCT-uvcsCDzQkEPS41GvBpejM_tBbbrDljIUOwXM4Rao4wKyPARnGOwNn9M_eAACoZaw,MIKE MITCHELL,https://play-lh.googleusercontent.com/-oY4X7lyfVCE/AAAAAAAAAAI/AAAAAAAAAAA/AMZuucnu8ZF5IqyvzVVsai318chsv8GsoA/photo.jpg,the latest upgrade fixed all the problems I was having with this app. I am very happy with it now.,5,3,3.8,2019-04-21 18:55:58,"Hi Mike,

We have a new update that will fix all issues! Please follow these steps:
1. Open the Google Play Store app.
2. Touch the Menu icon (3 lines) 
3. My Apps.
4. Apps with available updates are labeled ""Update.""
5. Select ""Villages GPS"" and touch Update.

Then try the app again and please update your review :-)",2019-02-04 22:05:59
gp:AOqpTOHBL6eQ_LkK3QBel25rXDXI3Deblet6rAdKqU0TCqQC8vj1XCH4XT9zn72JB2JHwQZvVpIlE9d5uu1VstQ,Juan Figueroa,https://play-lh.googleusercontent.com/a-/AOh14GjDqyNLpvgjTNkwObTHx1_pb-v_ZAifdHi0fAR01A,ok,5,0,3.8,2019-04-18 15:50:34,,
gp:AOqpTOEQlYwWRZZLcj5zdY4SUgvtFTGkqOP6jVNmsKh1kAZJsiMUWsv-61UmIi3LccRylO5TwL9apUk3p2n02_k,Jerry Giles,https://play-lh.googleusercontent.com/-flmxiOYRsXQ/AAAAAAAAAAI/AAAAAAAAAAA/AMZuucldw32puHDXBOLXxuk0387EAcPDrQ/photo.jpg,"worked for short time...then began to get ""singles"" ads that could not be closed. closed app and it would not open again. tech support suggested clearing cache and data. we did and app started to work. tried to use it today and as before will not open. done with it!",1,1,3.7,2019-04-17 16:00:20,"Hi Jerry,
We have a New update available on the Play-Store now that fixes all your issues... We are now on Version 3.8

Search for Villages GPS and click Update

If you or Anyone reading this have ANY problems, please email us at VillagesGPS@gmail.com

Thank you,
Villages GPS Team",2019-04-18 14:14:22
gp:AOqpTOHPdN5XhpsHInlyv7p6NoFqe03bAYfW-fMcEXwnaPA7yPRLUMAqzOiYSSoQl2xTtSh7fA805W62Df7hPpM,Paul Beckman,https://play-lh.googleusercontent.com/a-/AOh14GhHA8KiAP0S10CXZIYiO1-Jny0QFaAGSdGxmmtqqQ,The new version is excellent! Easy to use and the new voice directions are much improved. No longer will I get lost on a cart path.,5,0,3.7,2019-04-14 15:52:03,"Hi Paul,

We have a new update that will fix all issues! Please follow these steps:
1. Open the Google Play Store app.
2. Touch the Menu icon (3 lines) 
3. My Apps.
4. Apps with available updates are labeled ""Update.""
5. Select ""Villages GPS"" and touch Update.

Then try the app again and please update your review :-)",2019-01-27 22:33:22
gp:AOqpTOGa4aTFHcTjzxPoUya34ek8DHXaDIq7xrpTYrRvQJWaCG7-pYQHZXgJ1NrZ_id6_DAoX_TVqtcVeFMMtXQ,Kristen DiCesare,https://play-lh.googleusercontent.com/-6EcFT-1WOfk/AAAAAAAAAAI/AAAAAAAAAAA/AMZuuclY11DAzc-ICNy9RhF3gZq6OXxbxw/photo.jpg,the app closes after I try to open it. unable to use the app since I purchased it,1,0,3.7,2019-04-11 07:53:11,"Hi Kristan,
We have a New update available on the Play-Store now. We are now on Version 3.8

Search for Villages GPS and click Update


If you or Anyone reading this have ANY problems, please email us at VillagesGPS@gmail.com

Thank you,
Villages GPS Team",2019-04-18 14:13:03
gp:AOqpTOFHdk1e9-iRR_EOrKWra-MOuMqU2J3_7e0RI5tnK-xZsJP0bwdkZr3yq0VR9ewH7QLI9TaQj3cymQwc-q4,Karl Schmitz,https://play-lh.googleusercontent.com/a-/AOh14GhGwVlyWTHOwe95KV4fpPLcei7KQhyhrvND-N7XTA,"Weather still does not work (internet connection error). Classified does not work, either, showing only an error message: net::ERR_CLEARTEXT_NOT_PERMITTED Neither clearing cache and data, nor un/reinstalling the app does fixes the problem.",1,7,3.7,2019-04-06 03:46:49,"Hi Karl,
We have a New update available on the Play-Store now. We are now on Version 3.8

Search for Villages GPS and click Update


If you or Anyone reading this have ANY problems, please email us at VillagesGPS@gmail.com

Thank you,
Villages GPS Team",2019-04-18 14:12:48
gp:AOqpTOH9v_hw0u5VcA-7_afeSE7DBIZxc0Q5OmcSkpGR5Nd2znzJVxJZEosVSkXsL6TXa5iqknFPze0jRsR165I,MARK REINEBACH,https://play-lh.googleusercontent.com/a-/AOh14Gg3hYwBBRwWwO4mmh6m7GY_aa9XzUQ_4ZYcM1HoHQ,Great app for The Villages,5,0,3.7,2019-04-01 05:59:08,,
gp:AOqpTOFMwyQ6O82Dft3nrA0DbJSLi1UYRz-W8rBnLAWhQpnSbr14Gac0R3oFdZ0fy45fGdOxW2H-I0C1RsXePSo,Dave,https://play-lh.googleusercontent.com/a-/AOh14GgxSON7nMY3pPXuKT5s7B4QPNqTDpD7LYX3IWWcBw,horrible. Shows that always needs an update,1,0,3.7,2019-03-29 14:50:16,"Hi Dave,
We have had a few updates because we are constantly adding new places for our users... 

By the way...a New update available on the Play-Store now. We are now on Version 3.8 :-)

Search for Villages GPS and click Update


If you or Anyone reading this have ANY problems, please email us at VillagesGPS@gmail.com

Thank you,
Villages GPS Team",2019-04-18 14:12:09
gp:AOqpTOF72ZIu1Rcsv6n_MW4cC_nv4Vc_ih-jgmVvjqEFPHu885ooKenQThN16H0ivV24nJ0ZmmU40LV4t4hwpKE,Bill and Betty Perdue,https://play-lh.googleusercontent.com/-3DwlkFZ5YQI/AAAAAAAAAAI/AAAAAAAAAAA/AMZuucm3l-Ni5I4hMJ7NqP-aKxiQWP1ocA/photo.jpg,best thing since sliced bread.,5,0,3.7,2019-03-29 10:09:31,,
gp:AOqpTOFdyjAGBmm1Dh1Vdjc2MmlN9EwF2_0SAOQ6aFROW8eZIvu0CzpUOdgRGv8C0EjRBm-IqW-yliuXu0YI9Fs,A Google user,https://play-lh.googleusercontent.com/EGemoI2NTXmTsBVtJqk8jxF9rh8ApRWfsIMQSt2uE4OcpQqbFu7f7NbTK05lx80nuSijCz7sc3a277R67g,App does not do as good a job as the FREE Villages app. Couldn't even get me home from Polo Field !,1,0,3.7,2019-03-27 16:08:37,"Hi,
We have a New update available on the Play-Store now. We are now on Version 3.8

Search for Villages GPS and click Update


If you or Anyone reading this have ANY problems, please email us at VillagesGPS@gmail.com

Thank you,
Villages GPS Team",2019-04-18 14:10:24
gp:AOqpTOF0z8P4AU36JtICc90EQ33y1ZAVDi-8wHoDWVSoInYqrtonEJQcUksRk7wGX0UZWe1SMJxTchf-f64K5TU,A Google user,https://play-lh.googleusercontent.com/EGemoI2NTXmTsBVtJqk8jxF9rh8ApRWfsIMQSt2uE4OcpQqbFu7f7NbTK05lx80nuSijCz7sc3a277R67g,just downloaded the app and it won't open.,1,0,3.7,2019-03-26 13:32:28,"Hi,
We have a New update available on the Play-Store now. We are now on Version 3.8

Search for Villages GPS and click Update


If you or Anyone reading this have ANY problems, please email us at VillagesGPS@gmail.com

Thank you,
Villages GPS Team",2019-04-18 14:09:59
gp:AOqpTOEfl-KAJ0c1nKn7_nPNjRKRczI4GS3CzNXhsaKXYR1wYbdWPJR9w3Ot1jsg95jrlo1VCNXeFQmnQBmZ9I4,Anthony DiGuglielmo,https://play-lh.googleusercontent.com/a-/AOh14GjHDsmBwaK5BpnBzEMlLCKJT3x8Neq_u5OJF9aqsA,"your getting there. querky at times but sooo useful as a newb here especially with worse drivers in any type vehicle I have ever witnessed , they are downright dangerous daily and it would only be more dangerous to not have this gps because Id then be a moron as well. Given it is the only app i have ever paid for i do expect youll only get better . So far job well done just not quite finished yet. Be exceptionally careful in The Villages. Regards",4,2,3.7,2019-03-22 11:47:42,"Hi Anthony,
We have a New update available on the Play-Store now. We are now on Version 3.8

Search for Villages GPS and click Update


If you or Anyone reading this have ANY problems, please email us at VillagesGPS@gmail.com

Thank you,
Villages GPS Team",2019-04-18 14:09:48
gp:AOqpTOG6aI9yUvdsOKgCzJElHJPViFHg_dJE6Ud7BX2I5_qHZNXzU0f80nJY_R5RGv1RwseRbDyuvJeB4y4lkGQ,Barbara Berger,https://play-lh.googleusercontent.com/a-/AOh14GjG4xOUzahU2F7iTDWbyOtSKsGtN-U7_p_G2c4pL8M,I can't get the point to point navigation to work,1,0,,2019-03-16 18:50:52,"Hi Barbara, thank you for contacting us. 

Point to point is only meant to get directions from two different places that you’re Not currently at.
This is Not Navigation Directions… 

To get regular Directions… Find the place you want to go to and once you find it, click directions by Automobile or Golf Cart.

Thank you,
Villages GPS Team",2019-04-18 14:09:15
gp:AOqpTOG4VoeR5trr9_ga4A3dJiZUKM8r-3oGydDg30nMpJqxY_GG0Y3C3Aay0Eeu1sK5YzWLN0ZX_TlvUJc8WZ4,A Google user,https://play-lh.googleusercontent.com/EGemoI2NTXmTsBVtJqk8jxF9rh8ApRWfsIMQSt2uE4OcpQqbFu7f7NbTK05lx80nuSijCz7sc3a277R67g,This GPS sucks,1,0,3.7,2019-03-15 14:25:08,"Hi,
We have a New update available on the Play-Store now. We are now on Version 3.8

Search for Villages GPS and click Update


If you or Anyone reading this have ANY problems, please email us at VillagesGPS@gmail.com

Thank you,
Villages GPS Team",2019-04-18 14:06:36
gp:AOqpTOEgG6BMoz86tMEBmzHOuBCi5q90jMog8jv_ZA9zUedw8piaqNAx8xvtGGWnVUt6k9ZsTbK7yXqjAxmHerc,Richard Kropp,https://play-lh.googleusercontent.com/a-/AOh14GiPKi5T9MZgQD_3F-aLJRbXHPA54P-yTU0CU0k0cg,"App crashes right away, used to work and I have the latest Samsung OS. Waiting to hear from them. Latest update still crashes. I only see version 3.2 on my google play for install, no 3.7. My apologies, I am on 3.7 but still need to clear data.",1,1,3.7,2019-03-03 07:56:11,"Hi Richard,
Please email us at VillagesGPS@gmail.com and we will get you up and running. 
We can't fit all the directions on here.

Thank you,
Villages GPS Team",2019-03-03 13:14:24
gp:AOqpTOGz-6NNBhbLWuoARzqpMW8IBAbth4yKWyVwHPrlRWHZ4A9UFHVrytO5CXke10G-9xJGatwOG0IOggbpgw0,A Google user,https://play-lh.googleusercontent.com/EGemoI2NTXmTsBVtJqk8jxF9rh8ApRWfsIMQSt2uE4OcpQqbFu7f7NbTK05lx80nuSijCz7sc3a277R67g,I had problems opening this app and emailed them and had a response within 10 minutes that fixed the app and is working great now.,5,3,3.7,2019-03-02 12:46:18,,
gp:AOqpTOHGdfToy-wtkNsyWjaMMmV09HPG7pgNmGJE2EwsJ81KHIRo3smWEJy4Qq4Y-YDHVddCCEXEc-4BhwHMr2A,Mary Jo Winterer,https://play-lh.googleusercontent.com/-lpdh5E8hGT4/AAAAAAAAAAI/AAAAAAAAAAA/AMZuucnmMF-GfCbhkBjDfFExLNXU-J8nKQ/photo.jpg,2/26/19 update did not fix no internet connection issue on my Galaxy S9. Uninstalled and reinstalled. Still a problem. Have used this app for years. Hope it will work again soon.,1,0,3.6,2019-02-26 19:20:24,"Hi Mary Jo,
A New update is available on the Play-Store now. We are now on Version 3.7

Search for Villages GPS and click Update


If you or Anyone reading this has ANY problems, please email us at VillagesGPS@gmail.com

Thank you,
Villages GPS Team",2019-03-03 05:52:21
gp:AOqpTOGiadFWxK1nmi9HnKmnjVSEWykQzTwv-xPzEZqPl3Qfg9aSLTPZbmRUsJgMF7KUMR7qtccZCJqf565Wq8U,Suzanne Mitchell,https://play-lh.googleusercontent.com/-2FieMzf2WZ0/AAAAAAAAAAI/AAAAAAAAAAA/AMZuucnOlO7bknxNrA3XgFinWthYTzwL5w/photo.jpg,will not successfully load on a consistent basis. Repeatedly nedd to uninstall and reinstall.,1,1,3.6,2019-02-26 12:44:56,"Hi Suzanne,
A New update is available on the Play-Store now. We are now on Version 3.7

Search for Villages GPS and click Update


If you or Anyone reading this has ANY problems, please email us at VillagesGPS@gmail.com

Thank you,
Villages GPS Team",2019-03-03 05:52:42
gp:AOqpTOH7nR6IJm1jM9tNqHJgLuEue5OwC-c450d7wega3OmaaEF8X2liDHvT6c_b0YW1EpTUVCdwQhtFXpfQ52k,Dave Hinkley,https://play-lh.googleusercontent.com/a-/AOh14GhdXjDM8iV_IuecqhQspgs7Q3j2Rkox2fVA_Grd,The app is very buggy. in a month i had to uninstall/reinstall at least thee timrs to keep it working. the app is VERY slow to pick up your location ehen you press start. You have to wait in place 5 minutes or more before you see where yo are on the route. i have been unabie to use it for two daysdue to problems with the app unable to find the internet.,1,3,3.6,2019-02-26 11:59:14,"Hi Dave,
A New update is available on the Play-Store now. We are now on Version 3.7

Search for Villages GPS and click Update


If you or Anyone reading this has ANY problems, please email us at VillagesGPS@gmail.com

Thank you,
Villages GPS Team",2019-03-03 05:53:06
gp:AOqpTOE8_JdOQC8hqS8oKFLF3ZuE7cjlEZGJBWU4ZZEkV2rdRKVE31ki7Z9moNbGJRZ32m5nsvF5l4QtXk4LEZU,Rich Sumner,https://play-lh.googleusercontent.com/a-/AOh14GiebJIZdx3G-SV22-P9M4IVDj7hwnNv4G32cTb1Ww,I go everywhere in The Villages in my golf cart using The Villages GPS!,5,1,3.5,2019-02-25 23:11:52,,
gp:AOqpTOE7fKML45dbE2XHb1M8Uju88Iph7Qkod-GPjPM_sG5YZc8k7Uufka3pRxUVv-6wnokqapBabgE0rfqgF1c,Susan Williams,https://play-lh.googleusercontent.com/-VFK9f7BX880/AAAAAAAAAAI/AAAAAAAAAAA/AMZuucnuA5C0m_lUaUvavllB8CXWTGa30Q/photo.jpg,App would not open. I emailed the Villages GPS team.They immediately wrote me back with step by step instructions. It worked!!!! Thank you so VERY VERY much.,5,0,3.5,2019-02-25 07:27:45,,
gp:AOqpTOFiG5gIPNe_BDCRnS-1T_tS1hw5DbY-5DMoiE8_us-EaCZpBtQ_WkBcEp3nVaqPAD0zxi3cKrCg4IP49ww,Paul Matson,https://play-lh.googleusercontent.com/-fZEkq7DpJYQ/AAAAAAAAAAI/AAAAAAAAAAA/AMZuucnHyj1vpdbDabrlRlhFbVRLCXEuig/photo.jpg,"VAST improvement, esp cart directions!",5,0,3.5,2019-02-25 07:12:25,,
gp:AOqpTOGuL8Gu_sxvQDD7J8KVZgssyrP3XwZhzYoCDOOmC-x3G-f8M_sZYBgreA8SUt2D39NFKFCeT0V_PT1pMlk,Marvin Lamb,https://play-lh.googleusercontent.com/-r1qi4na-laM/AAAAAAAAAAI/AAAAAAAAAAA/AMZuucl5LHyM4wMMviCtTQBNqajXM0KdaA/photo.jpg,New interface is significantly better. Travel time is the villages are all screwed up because the developers forgot that golf cars in The Villages travel at a minimum of 18-20 MPH instead of the golf course normal 8 to 10 MPH. Fix that for 5 stars.,4,0,3.5,2019-02-25 06:08:52,,
gp:AOqpTOFLjDm6fUN4sROl4eZigLJ8ghQAVz4jJC8nAU32Qh-hq-Lbuq38uj_u50rLAlYgW_Wvc-AEQgplHXp-1v8,Connie Sich,https://play-lh.googleusercontent.com/a-/AOh14GiQvxOJdGfgwaxB295jjfnnW536aGwfE38XrHC7,couldn't get around on cart paths without it,5,0,3.5,2019-02-25 05:25:26,,
gp:AOqpTOEDLpn0v_IvIl-194ocDNQkCutSDx5g60cQDErZqFfLP_yvYWWMRagzhDttt78yjeEUCqgxMuLQFuaWAbI,Babs McGeek,https://play-lh.googleusercontent.com/a-/AOh14Ggg-PX47a3EhA_pATwuJHaihdjOQS676o_kCVV1H1g,so disappointed in this app. has potential to be great but the golf cart GPS has failed almost every time I've used it.,1,0,3.5,2019-02-25 05:24:44,"Hi Babs, There is a brand New update is available on the Play-Store now. We are now on Version 3.7

Search for Villages GPS and click Update. 

If you have ANY problems, please feel free to email us at VillagesGPS@gmail.com

Thank you,
Villages GPS Team",2019-03-03 05:54:30
gp:AOqpTOEoUd3fVPcKB9IAX0SWixlH_9ob9692M3xIApqcJInieAfn8QeolSbNCSNZcSGpTc1C7nCplZ10IUJKUXY,Chris Bieszka,https://play-lh.googleusercontent.com/-7HE0oo8UA0A/AAAAAAAAAAI/AAAAAAAAAAA/AMZuucnkgDLiAbubNCFwi22hvB9ogAdprg/photo.jpg,"The Villages GPS Team is very helpful and efficient. The app would not open, and I was given detailed instructions to get it to work.",5,1,3.4,2019-02-12 11:40:56,,
gp:AOqpTOG8fcMsT-TaCrRRK4PljAlDPxFTHYep6jrh8s5qfCL2Pz_-qgeLZbcd35ZnespCbQWAqRLFv_hkwdrsMiM,PAT WALKEY,https://play-lh.googleusercontent.com/-dJ4T8ENG7HM/AAAAAAAAAAI/AAAAAAAAAAA/AMZuuclbcTCb25Uc7159ozs7ZH9_wBW4WA/photo.jpg,will not open,1,0,3.4,2019-02-10 07:53:13,"Hi Pat,
A New update is available on the Play-Store now. We are now on Version 3.7

Search for Villages GPS and click Update


If you or Anyone reading this has ANY problems, please email us at VillagesGPS@gmail.com

Thank you,
Villages GPS Team",2019-03-03 05:55:21
gp:AOqpTOGSHNTByBtsNVSLxH4PTVR4ftM7Gs76s8kVAJpnB8usuX0ilYxy_6W5U__paX8pZuq8ekckJyiYVPYYJJQ,paul wilner,https://play-lh.googleusercontent.com/a-/AOh14GjMaC97UjixXh-BvTW_nUj58UB6Zr3vuGqtD034kw,updates always seem to cause problems support team responds very quickly,4,1,3.4,2019-02-06 18:21:15,"Hi Paul,

We have a new update that will fix all issues! Please follow these steps:
1. Open the Google Play Store app.
2. Touch the Menu icon (3 lines) 
3. My Apps.
4. Apps with available updates are labeled ""Update.""
5. Select ""Villages GPS"" and touch Update.

Then try the app again and please update your review :-)",2019-01-27 22:35:05
gp:AOqpTOGVVuGcgQmcYp0_UqD8FX-EmHbDBvpBPvrOj5fx_uzVilDfkED6vtBi5wTqNK9IgzSvDjrI6bNSAcALCmw,Terri Darias,https://play-lh.googleusercontent.com/a-/AOh14GjmMUKUqdEEzgEliHagVPJCx0lbfQU2oVxxg_l5Zqo,"I had a problem with the new upgrade download then contacted The Village GPS via email, the next day the Village GPS was up and improved. Loved the new changes. The next day I was contacted by them to be sure that my problem was resolved. great job!",5,2,3.4,2019-02-06 16:04:10,,
gp:AOqpTOFZTHI6U5aA48PG_Qr5F-oeRn9nmj0lyb-C50NoLdG7TygYvJ49z_YOD3-pmJvt2hOrXjo5YMqJ_-zAPrc,Diane Freund,https://play-lh.googleusercontent.com/a-/AOh14GhQfJsss4KgHDXc1uW2EGYn9F4cVC-1QSu8ylGk27U,Nothing worked after update. Emailed the Villages GPS team with immediate response. All is working great now. Love this app as I get lost easily especially when driving the golf cart in new areas.,4,1,3.4,2019-02-05 19:48:56,,
gp:AOqpTOHj8Y0YSO8ojkdVqjcnHf1ZGYGehQ7YDUk67q4_waIZbLk6CQHAlAksn6TXb3xuDYJjttRmRiTxMhOxI-Y,Sharon Liedel,https://play-lh.googleusercontent.com/-KEgbv0ITYrw/AAAAAAAAAAI/AAAAAAAAAAA/AMZuuclF7P9ojcQTv2s7y670NE7DDiL2bQ/photo.jpg,"Installation was easy but when I tried to use it a pop up said no internet, which I knew wasn't right. After trying to get it started a few times I decided to contact the developer by email. Response was immediate and they said they were working on it and would contact me as soon as they figured out the problem. I got a response back very quickly and was good to go. I used it today and it is so easy to maneuver through all the selections. all my friends that have it love it. Get it.",5,2,3.4,2019-02-05 16:36:58,,
gp:AOqpTOHnaMA9oyQCOKDIk7OvH0Qfv7wzOQi0SAGq7Bmv8eyUYCme-2SOn4jCeHtYkOBMwAdoVfzP1gAqMaCkDG8,George Madsen,https://play-lh.googleusercontent.com/a-/AOh14GgGne-0N_KZqtnVPUD-uEv4SIgmKz-CnR9oDVcVuS4,good map detail and great support from the support team,5,0,3.4,2019-02-05 15:30:25,,
gp:AOqpTOH1u_WAboK2SO6lQJ-YWhZo_nlesBPwTufq6kVc8ykMJLzqCd8C72Vvypuz4hAlCvjjnnXDnI6CW0zGaE8,Lisa Dillman,https://play-lh.googleusercontent.com/-oZLV0f7a-SA/AAAAAAAAAAI/AAAAAAAAAAA/AMZuucmXf0fHLYpVjmzhOpPX7DaVhfcj0w/photo.jpg,Experienced lots of bugs the first 2 days and then it crashed on the 3rd day and won't restart.,1,0,,2019-02-05 15:13:48,"Hi Lisa,

We will get you up and running... 

Let’s Clear The App Settings

Go To App Setting &gt;
Open Villages Gps Setting &gt;
Clear Data & Clear Cache 

And then try the app again. If it isn't working after that, please contact us here villagesgps@gmail.com

Thank you,
Villages GPS Team",2019-02-07 04:04:50
gp:AOqpTOHLXQE8pzfT_sDohdmIODSbTzhrdcOkwp07OUBZfdReHUMowwulCxMolCfy6ZDKPaHZ_HiNbrCaG6NoEOE,Wendy Dye Lier,https://play-lh.googleusercontent.com/a-/AOh14GiWN7021kjBvfRrWH6YIVDMm4kKQxxxK2wmt4CZlg,makes life here much easier.,5,0,3.4,2019-02-05 10:37:17,,
gp:AOqpTOEOK_1tUwLM717KlS3-A0ChyXdh6Uxs4EC0yEMmveTbfZ16ui38liRtxnUQC3Zzys99TbsxDU6YW-ZSLt0,A Google user,https://play-lh.googleusercontent.com/EGemoI2NTXmTsBVtJqk8jxF9rh8ApRWfsIMQSt2uE4OcpQqbFu7f7NbTK05lx80nuSijCz7sc3a277R67g,"Just installed the latest version (Feb 5, 2019) on Android phone.  I'm impressed with the new user interface and ease of use.  Very easy to find addresses, and other locations as well as save favorites.  Note: seems like the Fenny area addresses aren't available at this time.   Have yet to try the app for golf cart driving navigation, but it looks like that should work fine.",5,16,3.4,2019-02-05 09:04:29,,
gp:AOqpTOHSG09l8gLIcuPXnTRDMGZ97otqWOJ1qdrJUC1uLntbyiqv0lncoUpMU-sayulHhMYGWurA7wfC4TGQy2o,Edward Brauchler,https://play-lh.googleusercontent.com/-lsaYs-glcYw/AAAAAAAAAAI/AAAAAAAAAAA/AMZuucnAwMAjAAfr1IY3JWY-QIZdqDGduQ/photo.jpg,The application worked well after update early January until this week when they just did another update IT IS NOT WORKING DO NOT UPDATE. I HAVE A ANDROID PHONE. They responded the next day and fixed this error. I am so happy they got it fix and now I can use this application. Thank you,5,2,3.3,2019-01-28 19:56:57,"Hi Edward,

We have a new update that will fix all issues! Please follow these steps:
1. Open the Google Play Store app.
2. Touch the Menu icon (3 lines) 
3. My Apps.
4. Apps with available updates are labeled ""Update.""
5. Select ""Villages GPS"" and touch Update.

Then try the app again and please update your review :-)",2019-01-27 22:36:53
gp:AOqpTOE02V3rgjARi3qLzgoZ6jmhWEwTH5RgA7_6l0zLptTUSN_UT2AM21UyJdFomXo3mU9eNheWPXnCLJ9zt98,David Ciment,https://play-lh.googleusercontent.com/-kdn6vbZTREc/AAAAAAAAAAI/AAAAAAAAAAA/AMZuucmXq70d3BfqmI0uXJp5sl9J84xRBw/photo.jpg,"I really like this app for multiple reasons.  1st …. it is the only really reliable ""golf cart"" GPS in the villages.   2nd …. it is great for calling any of the golf courses at last minute to see if you can be a ""walk on"" the same day.  3rd …. most importantly,  there was a problem with the 1/25 update where the app was rendered unusable on android devices.  Tech support responded to me promptly and candidly.  Telling me that the problem would not be able to be resolved over the weekend,  as their programmers do not work the weekend.  However,  first thing Monday morning they sent me an e-mail telling me the problem had been fixed.  AND IT WAS PERFECT:)",5,13,3.3,2019-01-28 09:05:43,,
gp:AOqpTOEmiAn6SzvBdCJwAlUPA3GXrA0Y86o_56pcvsZ_cr8Mba9SAjMffPIAW38YhPmBRNIxVWFwSOKXBCWH-PI,Larry Lutz,https://play-lh.googleusercontent.com/-c-hC5bvwWp0/AAAAAAAAAAI/AAAAAAAAAAA/AMZuucnfdmeeEEnUBX7XKZIjNkMbe910HQ/photo.jpg,"App did not work or open on android device. Errored out with ""app has stopped"" message. Contacted Co and resolved issue quickly. App works now and look forward to testing it out.",4,1,3.3,2019-01-28 05:49:11,"Hi Larry,

We have a new update that will fix all issues! Please follow these steps:
1. Open the Google Play Store app.
2. Touch the Menu icon (3 lines) 
3. My Apps.
4. Apps with available updates are labeled ""Update.""
5. Select ""Villages GPS"" and touch Update.

Then try the app again and please update your review :-)",2019-01-27 22:35:53
gp:AOqpTOGFaExGh68xqih_6ZDA5mKaSKv2zahIY5phjezpxbUutw__2PmfeyBLMr6AqalwzYC2revAtz4uLlhcwbI,A Google user,https://play-lh.googleusercontent.com/EGemoI2NTXmTsBVtJqk8jxF9rh8ApRWfsIMQSt2uE4OcpQqbFu7f7NbTK05lx80nuSijCz7sc3a277R67g,I had purchased this app about 2 months ago hand just installed their latest update hand now the app will not start or run no matter what I do an I used it every day so what do I do now. please help,1,0,3.2,2019-01-27 06:18:13,"Hi,

We have a new update that will fix all issues! Please follow these steps:
1. Open the Google Play Store app.
2. Touch the Menu icon (3 lines) 
3. My Apps.
4. Apps with available updates are labeled ""Update.""
5. Select ""Villages GPS"" and touch Update.

Then try the app again and please update your review :-)",2019-01-27 22:36:39
gp:AOqpTOEd7-mXCl6IUunR1UIv5lH86d5B3W4QRUn7RxQ4dA4PXMFk7X0LxOSKmUiTvtgwZc8eIamaKepG1vq2TKo,A Google user,https://play-lh.googleusercontent.com/EGemoI2NTXmTsBVtJqk8jxF9rh8ApRWfsIMQSt2uE4OcpQqbFu7f7NbTK05lx80nuSijCz7sc3a277R67g,Got us everywhere we wanted to go by golf cart...loved it!!,5,0,3.2,2019-01-26 15:27:15,Thank you so much :-),2019-01-27 22:36:28
gp:AOqpTOESBr5BgSpkYJdjacjX0JoEvIfwOfGkyF8MoyANRbFsUeOjm3bcIBQoZsQzvRULKDBtzKIgvL-UEf2VWb8,Kelly Roelofs,https://play-lh.googleusercontent.com/-uSGobkM-Df4/AAAAAAAAAAI/AAAAAAAAAAA/AMZuucn8Utaj6k-8MoyJuMqzlpgJDY2AGw/photo.jpg,"terrible, constantly quits",1,1,3.2,2019-01-26 08:52:04,"Hi Kelly,

We have a new update that will fix all issues! Please follow these steps:
1. Open the Google Play Store app.
2. Touch the Menu icon (3 lines) 
3. My Apps.
4. Apps with available updates are labeled ""Update.""
5. Select ""Villages GPS"" and touch Update.

Then try the app again and please update your review :-)",2019-01-27 22:36:15
gp:AOqpTOFow4-0OarkGx-pdTWcwedv6wQyu2sIYpEDe9a9Rz_N2uUg54I85l9GKox4CkX2Sj-fyYqmtRsBxQOUmNs,A Google user,https://play-lh.googleusercontent.com/EGemoI2NTXmTsBVtJqk8jxF9rh8ApRWfsIMQSt2uE4OcpQqbFu7f7NbTK05lx80nuSijCz7sc3a277R67g,does not work pn my husbands andriod phone at all! works great on my apple iphone. we sent feedback to software company,1,1,3.2,2019-01-26 04:34:01,"Hi,

We have a new update that will fix all issues! Please follow these steps:
1. Open the Google Play Store app.
2. Touch the Menu icon (3 lines) 
3. My Apps.
4. Apps with available updates are labeled ""Update.""
5. Select ""Villages GPS"" and touch Update.

Then try the app again and please update your review :-)",2019-01-27 22:36:04
gp:AOqpTOG71UMIuTzOiNZtm3q2uZEMINvsYguR5hRYkWy7R01KQ-pFTnyZMIAEaIjlfkVNbxypIsql64K7A0HgU8k,Paige Como-howard,https://play-lh.googleusercontent.com/-GMAviE3HPRI/AAAAAAAAAAI/AAAAAAAAAAA/AMZuuck6_fIiELGf0VTYnbci0Lp6lhy7aQ/photo.jpg,do NOT do this update if you have an android! it will not work after the update. I have been working on every options the internet has to offer and no reply to emails.,2,0,3.2,2019-01-25 18:25:20,"Hi Paige,

We have a new update that will fix all issues! Please follow these steps:
1. Open the Google Play Store app.
2. Touch the Menu icon (3 lines) 
3. My Apps.
4. Apps with available updates are labeled ""Update.""
5. Select ""Villages GPS"" and touch Update.

Then try the app again and please update your review :-)",2019-01-27 22:35:42
gp:AOqpTOFUi8axuvB3ghbEOlFKxBOSqXk5S0pSM9SR3_1Ile0p2ImDFj4zCkGSg5Iq5BHUyFYK05tO4nh8lgGrYz0,Jim Williams,https://play-lh.googleusercontent.com/-ZcgkQRz4k2M/AAAAAAAAAAI/AAAAAAAAAAA/AMZuucnHx-lbiOl_BSyLPGyGdCumIltE8A/photo.jpg,after the update app no longer works,1,1,3.2,2019-01-25 12:29:41,"Hi Jim,

We have a new update that will fix all issues! Please follow these steps:
1. Open the Google Play Store app.
2. Touch the Menu icon (3 lines) 
3. My Apps.
4. Apps with available updates are labeled ""Update.""
5. Select ""Villages GPS"" and touch Update.

Then try the app again and please update your review :-)",2019-01-27 22:34:54
gp:AOqpTOFkxTJUS-RpFGLMy5xt7ouXC2xS5gQfpdKynDSfb1nOxsf8uWJSYjHIREIKRzxATRF_ocjEuomFz1r6j3A,Tlm,https://play-lh.googleusercontent.com/-4ExZrdHJ290/AAAAAAAAAAI/AAAAAAAAAAA/AMZuuckHVFBrJhR0v76WTAUEemrBubxcxw/photo.jpg,better then the old. i cant get voice direction. done what the gps people told me to do. still no luck,5,1,3.2,2019-01-25 06:09:20,"Hi Tim,

We have a new update that will fix all issues! Please follow these steps:
1. Open the Google Play Store app.
2. Touch the Menu icon (3 lines) 
3. My Apps.
4. Apps with available updates are labeled ""Update.""
5. Select ""Villages GPS"" and touch Update.

Then try the app again and please update your review :-)",2019-01-27 22:34:45
gp:AOqpTOGw5LJjpDSjLg2UCbmna1V8i85oaPUmCWOXnHsf6ynR9PhI2XSPSLeQj8LU47wSDom524aIlN4gA3tjm4w,Carol Bowman,https://play-lh.googleusercontent.com/-kMNHd5oter8/AAAAAAAAAAI/AAAAAAAAAAA/AMZuuclx6QrUZ1aiDmRdmGawoyMCMBSm1g/photo.jpg,"Customer service is excellent. I had a problem and they continued to communicate until the issue was resolved. App is very useful.  A good investment for new villagers OR old Villagers who aren't familiar with all the locations within The Villages. Plenty of extra info, besides just driving instructions.",5,0,3.0,2019-01-21 05:51:36,Thank you Very Much :-),2019-01-27 22:34:26
gp:AOqpTOElC7qZcmbTV1LVQAg8FIjtQbI9FLaee43j0DV7rTmyAdROCVQlMOZQQt2aSFuJsHlqqTWvNU1--Kvr2xI,A Google user,https://play-lh.googleusercontent.com/EGemoI2NTXmTsBVtJqk8jxF9rh8ApRWfsIMQSt2uE4OcpQqbFu7f7NbTK05lx80nuSijCz7sc3a277R67g,"The best app for driving in The Villages by car or golf cart! Detailed driving directions for golf carts get you around the many golf cart paths and to the the many shops, villages (neighborhoods,) rec centers, etc. Absolutely essential for living in The Villages!",5,2,3.1,2019-01-17 16:50:43,Thank you so much :-),2019-01-27 22:34:13
gp:AOqpTOGCb6oApT9x92l9MGHHWz5EUvDFTAaKK8x6j4nv4aqxoIpz0L7icmpAuM5E6ycBXvpixJWv6XZkKhyAyis,A Google user,https://play-lh.googleusercontent.com/EGemoI2NTXmTsBVtJqk8jxF9rh8ApRWfsIMQSt2uE4OcpQqbFu7f7NbTK05lx80nuSijCz7sc3a277R67g,this ap is useless. locks up on S7 and gives incorrect voice directions. there is a free ap that works much better. thank goodness we got it or we would have been completely lost last night.,1,1,2.5,2019-01-03 06:39:25,"Hi,

We have a new update that will fix all issues! Please follow these steps:
1. Open the Google Play Store app.
2. Touch the Menu icon (3 lines) 
3. My Apps.
4. Apps with available updates are labeled ""Update.""
5. Select ""Villages GPS"" and touch Update.

Then try the app again and please update your review :-)",2019-01-27 22:33:08
gp:AOqpTOE4J3UGkm2amKgptGfSMVa30_Pwyp0caz40vD80gB_eO0kuUoAqUPH_G4bUE4watDSherUg-aUyypmjnVw,A Google user,https://play-lh.googleusercontent.com/EGemoI2NTXmTsBVtJqk8jxF9rh8ApRWfsIMQSt2uE4OcpQqbFu7f7NbTK05lx80nuSijCz7sc3a277R67g,"I've had this app for several years and in the past have had no real issues. Yesterday I tried using the app and had numerous issues!!! The app froze up several times, and when it was working it literally had me driving in circles and telling me to turn in places there were no turns. I was using Golf Cart directions and finally closed the app and winged it the rest of the way. With all the money The Villages spends each year why cant they hire someone to get this right? Im very disappointed.",1,2,2.0,2018-12-23 08:02:01,"Hi,

We have a new update that will fix all issues! Please follow these steps:
1. Open the Google Play Store app.
2. Touch the Menu icon (3 lines) 
3. My Apps.
4. Apps with available updates are labeled ""Update.""
5. Select ""Villages GPS"" and touch Update.

Then try the app again and please update your review :-)",2019-01-27 22:32:57
gp:AOqpTOF6xaO26L6T53vqLAvHvdyCQC3RjUiMXxLzVkEdfJshe0R3N3WiGiVurORBk0-PbOjKNyi7D8xTYXO0wdU,Debra Debiase,https://play-lh.googleusercontent.com/-SKHKzf-SnzA/AAAAAAAAAAI/AAAAAAAAAAA/AMZuuclXYbUNmLpCMCg_382qk-UvPwL1mA/photo.jpg,Terrible. Never works. Spins endlessly!,1,2,2.5,2018-10-22 10:17:08,"Hi Debra,

We have a new update that will fix all issues! Please follow these steps:
1. Open the Google Play Store app.
2. Touch the Menu icon (3 lines) 
3. My Apps.
4. Apps with available updates are labeled ""Update.""
5. Select ""Villages GPS"" and touch Update.

Then try the app again and please update your review :-)",2019-01-27 22:32:47
gp:AOqpTOEaFYP78qcWE9RL4WjsgX2MvU--aOK6fkMGFWgn07s09_ETqZ9WvqywWWCZnWzMc9F36GxUbwdmPTjNI90,robert bellini,https://play-lh.googleusercontent.com/-d0hY_jvUfCY/AAAAAAAAAAI/AAAAAAAAAAA/AMZuucktbFXoEib_KhdHYYG5TEDKW16G4Q/photo.jpg,Many functions like search did not work. I could not find McAlister,1,3,2.5,2018-08-28 18:19:58,"Hi Robert,

We have a new update that will fix all issues! Please follow these steps:
1. Open the Google Play Store app.
2. Touch the Menu icon (3 lines) 
3. My Apps.
4. Apps with available updates are labeled ""Update.""
5. Select ""Villages GPS"" and touch Update.

Then try the app again and please update your review :-)",2019-01-27 22:32:33
gp:AOqpTOGvjDxWUXols5R6_QaOpp6dK3HmV-X87MqgRS9qwheLMomqvoy55B8DVprVeYDkc3ILrRopeaT7LUz9-oI,Damaris Lopez,https://play-lh.googleusercontent.com/a-/AOh14Gi505lcjYvTYMlU_DY2cHfug9w3-VPGf1xYAuZsXw,"App took over my phone. Battery would die after each use. It took the 
longest route, it would go in circles. Couldn't reset or start from 
beginning of routes when traveling. Deleted after phone died a could of 
times and charge wouldn't hold on the phone. It messed up my phone and cost 
me 6.99 plus a new phone",1,1,,2018-07-16 11:55:41,"Hi Damaris,

We have a new update that will fix all issues! Please follow these steps:
1. Open the Google Play Store app.
2. Touch the Menu icon (3 lines) 
3. My Apps.
4. Apps with available updates are labeled ""Update.""
5. Select ""Villages GPS"" and touch Update.

Then try the app again and please update your review :-)",2019-01-27 22:32:21
gp:AOqpTOEFWhItOhrIrbmiwNbACyyV3a3KD8ccLbBOVWRf1ma4TUNQTIHMtPlWt1LkPUCxVCWOTsj77fA_ljJbo2Q,Dave Godin,https://play-lh.googleusercontent.com/-irVzpaJgvd8/AAAAAAAAAAI/AAAAAAAAAAA/AMZuuclaGJ5zzK_Vb2WopVanI3Zik5-_7w/photo.jpg,"Locks up all the time. Will not search. Android s8 phone. Used to work on 
my s5 and was a good app then",2,1,2.5,2018-06-17 05:37:24,"Hi Dave,

We have a new update that will fix all issues! Please follow these steps:
1. Open the Google Play Store app.
2. Touch the Menu icon (3 lines) 
3. My Apps.
4. Apps with available updates are labeled ""Update.""
5. Select ""Villages GPS"" and touch Update.

Then try the app again and please update your review :-)",2019-01-27 22:32:05
gp:AOqpTOEJpVwX4YUN6Jf14059u_oy7QK5zRQqPCnUkh0Hk_G1ayvvNXVnTBCuaZCy6Q_axFCDjsoSexf8mtZtUnM,Kathy Swetnam,https://play-lh.googleusercontent.com/-i54DPQ4a8LE/AAAAAAAAAAI/AAAAAAAAAAA/AMZuucmsrO48BPq7IokLPR_ytlXQnHYH7A/photo.jpg,"This app locks up constantly on my android Samsung 7 Edge. Virtually 
unusable. Is there going to be an update?",1,2,2.5,2018-06-12 07:55:25,"Hi Kathy,

We have a new update that will fix all issues! Please follow these steps:
1. Open the Google Play Store app.
2. Touch the Menu icon (3 lines) 
3. My Apps.
4. Apps with available updates are labeled ""Update.""
5. Select ""Villages GPS"" and touch Update.

Then try the app again and please update your review :-)",2019-01-27 22:31:55
gp:AOqpTOHfmPIO5zJ-_g8N3fR5_DAR90TGKSZK-FoEJWEp61Y3i__7RgzZyLrZevousEYNtvgXzfGz8L6JMeFPlXI,York LeCorgne,https://play-lh.googleusercontent.com/a-/AOh14GiKRH9YbsZ9OZ4dTtr5O374-qAxqZQDw4VfpScVIQ,"I have the latest updated version in an S8 Plus phone. The app locks up 
regularly and is difficult to restart. The the voice commands are not in 
sync with the moving icon. Occasionally it will work when it does that's 
wonderful",1,5,2.5,2018-04-21 09:25:17,"Hi York,

We have a new update that will fix all issues! Please follow these steps:
1. Open the Google Play Store app.
2. Touch the Menu icon (3 lines) 
3. My Apps.
4. Apps with available updates are labeled ""Update.""
5. Select ""Villages GPS"" and touch Update.

Then try the app again and please update your review :-)",2019-01-27 22:31:43
gp:AOqpTOHH7CHett4BszmEcHcETZUYIkVJqkW5IBB0lrtVGfDSjk6PCJVjahybST8X5ffd1GQKmQuZv4WfXAZBxzw,Bob Sgarlata,https://play-lh.googleusercontent.com/a-/AOh14GiecvNajcSbo4HHsEs2goBI6HhLCzI0Z901EalK,Great idea but continually locks up on android phones.,2,2,2.5,2018-04-16 05:57:35,"Hi Bob,

We have a new update that will fix all issues! Please follow these steps:
1. Open the Google Play Store app.
2. Touch the Menu icon (3 lines) 
3. My Apps.
4. Apps with available updates are labeled ""Update.""
5. Select ""Villages GPS"" and touch Update.

Then try the app again and please update your review :-)",2019-01-27 22:31:31
gp:AOqpTOFVi_AdBFVq3WMfMRuI2AntrfI_bjFmK7ctD-Bhck7-JaflDRVIIvk0uL8FUt5YxZvTMEU6mzEDuEnE048,Elizabeth Barry,https://play-lh.googleusercontent.com/-cg6XU7WoEQY/AAAAAAAAAAI/AAAAAAAAAAA/AMZuuckWGDSuoEwaXxKYRX_zsxlaoaDfJQ/photo.jpg,Had to purchase this again after I bought a new phone. It freezes with every command and does not furnish directions!!,1,1,2.0,2018-04-13 09:34:20,"Hi Betsy,

We have a new update that will fix all issues! Please follow these steps:
1. Open the Google Play Store app.
2. Touch the Menu icon (3 lines) 
3. My Apps.
4. Apps with available updates are labeled ""Update.""
5. Select ""Villages GPS"" and touch Update.

Then try the app again and please update your review :-)",2019-01-27 22:31:18
gp:AOqpTOEpvTBQAqSojaGcM9QW3tRSEQSTUdsy6z0yS78ysr1KmQBkn6_C0CB-1HkFWjTKrhp5WyTWgQcjbWHGx6Y,A Google user,https://play-lh.googleusercontent.com/EGemoI2NTXmTsBVtJqk8jxF9rh8ApRWfsIMQSt2uE4OcpQqbFu7f7NbTK05lx80nuSijCz7sc3a277R67g,Would be good but continually freezes.,2,2,2.5,2018-03-05 18:15:12,"Hi,

We have a new update that will fix all issues! Please follow these steps:
1. Open the Google Play Store app.
2. Touch the Menu icon (3 lines) 
3. My Apps.
4. Apps with available updates are labeled ""Update.""
5. Select ""Villages GPS"" and touch Update.

Then try the app again and please update your review :-)",2019-01-27 22:31:02
gp:AOqpTOEJ7dtOwPRHuaRusNdkSC6ef4sZ7PlyZjvwLz7hlAs9HsNdvMeCs_7iKxX4CjlwCECHzJIGOPxdfJpik28,Lynn Steimel,https://play-lh.googleusercontent.com/-r5-ZNQaZlz8/AAAAAAAAAAI/AAAAAAAAAAA/AMZuuck9l_DiCMe0E-EwegI7QBHlSEeZ5g/photo.jpg,The voice commands were not anywhere near what the map showed. If I would have followed the voice I would have ended up in a swamp. I went down my road to turn right into my driveway and it kept telling me to keep going and turn left down the road farther. Guess that might be good but it needs a lot of work yet I wish I could get a refund.,1,7,2.5,2018-02-28 17:50:25,"Hi Lynn,

We have a new update that will fix all issues! Please follow these steps:
1. Open the Google Play Store app.
2. Touch the Menu icon (3 lines) 
3. My Apps.
4. Apps with available updates are labeled ""Update.""
5. Select ""Villages GPS"" and touch Update.

Then try the app again and please update your review :-)",2019-01-27 22:30:45
gp:AOqpTOEtkY180afEVR05-JrT5zxd4VLp957y5XKCcvjOa30pf1JXIOvMPAzAGJqqymwyJa48sl2Bfc0SKVF4InA,Martin Rosenberg,https://play-lh.googleusercontent.com/-j-fhqBfdSwg/AAAAAAAAAAI/AAAAAAAAAAA/AMZuucnyEJe8L6zx4LSW3WRQLlMHDYnFhg/photo.jpg,Hooray!! The latest update finally fixed the app again and it is better than it was before it got sick. For some reason it puts a comma after the house number in my address but that hasn't hurt it. I highly recommend it 😀😀😀,4,3,2.5,2018-02-24 12:57:57,"Hi Martin, We have a new update that will make you very happy! Please follow these steps:
1. Open the Google Play Store app.
2. Touch the Menu icon (3 lines) 
3. My Apps.
4. Apps with available updates are labeled ""Update.""
5. Select ""Villages GPS"" and touch Update.

Then try the app again and update your review :-)",2017-12-01 06:24:52
gp:AOqpTOFuLnDZ3nd7K52_iz1cOrDxuYEkHkdhpRoupYLOi6MazsLyWWTrmUBujB_H3z5MUJb9r9gV7erLVZV8sio,Scott B,https://play-lh.googleusercontent.com/a-/AOh14Gi1cCKyrCWMdWERTiBT4yMOdcEk_gXiGtc2EwYqkg,Perfectly useless,1,2,2.5,2018-02-22 03:34:18,"Hi Scott,

We have a new update that will fix all issues! Please follow these steps:
1. Open the Google Play Store app.
2. Touch the Menu icon (3 lines) 
3. My Apps.
4. Apps with available updates are labeled ""Update.""
5. Select ""Villages GPS"" and touch Update.

Then try the app again and please update your review :-)",2019-01-27 22:30:26
gp:AOqpTOGAIBw6n8J_kLzplHjKhvYvDTOQBT8Rn_XfNPllcp0HRHQGr9F6btQZqZ5mj_3YIGMYP7TQSmAhC1QK1l4,Michael A. Montefusco,https://play-lh.googleusercontent.com/a-/AOh14Gjmz4-8h5wlgEWU9g4iEO0VMTnPdhYE7Uo3EVDo,"The app. has quit working, don't waste your money and I want a refund.",1,1,2.4,2018-02-19 20:00:35,"Hi Michael,

We have a new update that will fix all issues! Please follow these steps:
1. Open the Google Play Store app.
2. Touch the Menu icon (3 lines) 
3. My Apps.
4. Apps with available updates are labeled ""Update.""
5. Select ""Villages GPS"" and touch Update.

Then try the app again and please update your review :-)",2019-01-27 22:30:10
gp:AOqpTOGMPtufIUk5tBiFWFQt4lJ9yLKapSc3-62VFgxGuw-Gcqw_5jSkVnZA-RFJXFWkZdNpLdURNmQgb_ClEVU,A Google user,https://play-lh.googleusercontent.com/EGemoI2NTXmTsBVtJqk8jxF9rh8ApRWfsIMQSt2uE4OcpQqbFu7f7NbTK05lx80nuSijCz7sc3a277R67g,They keep selling the app even though it hasn't been working for anyone I know for two weeks,1,2,2.4,2018-02-19 12:26:17,"Hi,

We have a new update that will fix all issues! Please follow these steps:
1. Open the Google Play Store app.
2. Touch the Menu icon (3 lines) 
3. My Apps.
4. Apps with available updates are labeled ""Update.""
5. Select ""Villages GPS"" and touch Update.

Then try the app again and please update your review :-)",2019-01-27 22:29:50
gp:AOqpTOF-fF4fTa3gtl97SuyzzZXZb-i9fSgaDU8jabaaT1iaFaC9nbpiAsBj_QfmeWEJ54Di1bk0xeSHBlbx6fA,Vicky Camp,https://play-lh.googleusercontent.com/-Uo9Y3zX_h1A/AAAAAAAAAAI/AAAAAAAAAAA/AMZuucn93RkT3LDGZ-8nHr65fVNy_LDF0g/photo.jpg,"For the past week I'm getting ""no route found"" message.",3,3,2.4,2018-02-18 17:51:57,"Hi Vicky,

We have a new update that will fix all issues! Please follow these steps:
1. Open the Google Play Store app.
2. Touch the Menu icon (3 lines) 
3. My Apps.
4. Apps with available updates are labeled ""Update.""
5. Select ""Villages GPS"" and touch Update.

Then try the app again and please update your review :-)",2019-01-27 22:29:31
gp:AOqpTOEuOJdjymu31T3Cyt_x_aFg9X6qy7_8xVIWPwaYXyVfyYKPDBDU4Hs4WDItWnkOgTQNsVP08_g186Y7vjk,Paula Melino,https://play-lh.googleusercontent.com/a-/AOh14GjzLiHmbZPoRJfwf10Vx4162KKFuZycpJDDoZ0t7tY,Worked ONCE for nav... hasn't worked since.  Doesn't show any golf cart paths other than the major ones... don't expect this gps to tell you where that golf cart paths are located in each neighborhood aka shortcuts.  Not happening.,2,0,,2018-02-18 00:35:20,"Hi Paula,

We have a new update that will fix all issues! Please follow these steps:
1. Open the Google Play Store app.
2. Touch the Menu icon (3 lines) 
3. My Apps.
4. Apps with available updates are labeled ""Update.""
5. Select ""Villages GPS"" and touch Update.

Then try the app again and please update your review :-)",2019-01-27 22:29:13
gp:AOqpTOFt5nSlNTfTtl8eniGAHNyhUEPDIl-VSNRO6y_Eqc-tqS4aexOEyWLt2_KVnGYRHr9AyCmax63aCKfu6Ok,A Google user,https://play-lh.googleusercontent.com/EGemoI2NTXmTsBVtJqk8jxF9rh8ApRWfsIMQSt2uE4OcpQqbFu7f7NbTK05lx80nuSijCz7sc3a277R67g,Worked one day.,1,0,,2018-02-17 15:19:01,"Hi,

We have a new update that will fix all issues! Please follow these steps:
1. Open the Google Play Store app.
2. Touch the Menu icon (3 lines) 
3. My Apps.
4. Apps with available updates are labeled ""Update.""
5. Select ""Villages GPS"" and touch Update.

Then try the app again and please update your review :-)",2019-01-27 22:28:55
gp:AOqpTOG8-uytYC2Tq4JXcN6MDOik7GY10g5-S-HbBDjW6j1JdoVM_qKrBYsUpBpUOhMZW_004jJYWco1sZ5cQvg,Pamela Nye,https://play-lh.googleusercontent.com/-7o6qH2pBBJs/AAAAAAAAAAI/AAAAAAAAAAA/AMZuuclnbR_o2wtjXUtaTadMjVGmCK4PSg/photo.jpg,Haven't been able to get it to work.  I keep getting no route planned.  $5 down the drain.,1,2,2.4,2018-02-17 09:15:26,"Hi Pamela,

We have a new update that will fix all issues! Please follow these steps:
1. Open the Google Play Store app.
2. Touch the Menu icon (3 lines) 
3. My Apps.
4. Apps with available updates are labeled ""Update.""
5. Select ""Villages GPS"" and touch Update.

Then try the app again and please update your review :-)",2019-01-27 22:28:41
gp:AOqpTOHhC5TWTWmGQiTLaimSeTirpW33DDpzzR7vHB15pUD4wwbp2Vnekjs_l_WhAYJ6xQPN7sqXe5jLnJ_M29g,Glenn Johnson,https://play-lh.googleusercontent.com/-qb2_mQtgtac/AAAAAAAAAAI/AAAAAAAAAAA/AMZuucnShC22ZzMXllz0nsIzRHhSXiyQBg/photo.jpg,"Not worth the price or time to download. Still waiting for it to work consistently for at least one outing. Constant error messages, lock ups and slow!",1,2,2.4,2018-02-14 06:43:55,"Hi Glenn,

We have a new update that will fix all issues! Please follow these steps:
1. Open the Google Play Store app.
2. Touch the Menu icon (3 lines) 
3. My Apps.
4. Apps with available updates are labeled ""Update.""
5. Select ""Villages GPS"" and touch Update.

Then try the app again and please update your review :-)",2019-01-27 22:28:27
gp:AOqpTOE8a-hCN4IJDzc3nbfQ1i3II4p8ErXwxjFyBu4w2lfvl4XW3hPxu5E1HQ9yqaadKhvVTWhmRpTB6M_aETs,Edmond Croughwell,https://play-lh.googleusercontent.com/a-/AOh14GiUEn7Vz4rgRCpJm7TJiLfUCH_QPUsu_j1GKUE6WA,"I have the latest Android version of this app installed on a brand new Samsung which is constantly locking up, shows you are driving the wrong direction when you aren't and it must be continuously restarted. Sometimes the voice works or not.",1,5,2.4,2018-02-05 08:02:55,"Hi Edmond,

We have a new update that will fix all issues! Please follow these steps:
1. Open the Google Play Store app.
2. Touch the Menu icon (3 lines) 
3. My Apps.
4. Apps with available updates are labeled ""Update.""
5. Select ""Villages GPS"" and touch Update.

Then try the app again and please update your review :-)",2019-01-27 22:28:08
gp:AOqpTOFpWlc86DOxJmKJccw1-TuhDkX38L76IuXuyM4aM52_eLgiICjLHZieZJI76FJVs06wJaj6kFLX4iXdZkE,George McKay,https://play-lh.googleusercontent.com/-PHwrgoSrB-M/AAAAAAAAAAI/AAAAAAAAAAA/AMZuucmPGCOHenRQmIJX6eP1w0Z_eaAvAA/photo.jpg,This app is not worth one cent.  Save your money!,1,1,2.4,2018-02-02 04:46:35,"Hi George,

We have a new update that will fix all issues! Please follow these steps:
1. Open the Google Play Store app.
2. Touch the Menu icon (3 lines) 
3. My Apps.
4. Apps with available updates are labeled ""Update.""
5. Select ""Villages GPS"" and touch Update.

Then try the app again and please update your review :-)",2019-01-27 22:27:46
gp:AOqpTOER0gevmN3PmhTz8ZLte4lr5K_etYBHaQeLzoL_XV1QECBWgg3LJEeRCubOKRywvaFmKTSw5hlAv7aqu9s,Bill Thesier,https://play-lh.googleusercontent.com/a-/AOh14GiLflgnFAbkOMvtfOWbTIqsw8aTz6oThno_nG7HvHY,Does what it is supposed to do well.,4,1,2.4,2018-01-20 06:04:05,,
gp:AOqpTOG8Hr0GwGutr7s2ucsD67L-sOEnDiYbl3IzduNEFkxdDYB8ZBWwmlYEXz4lCkyqtU-P8uwTWDK3p3fWFqM,Janice Minneci,https://play-lh.googleusercontent.com/-kjjK3Naz76I/AAAAAAAAAAI/AAAAAAAAAAA/AMZuucnDyOA94olLY5gn30_n1Sw4RlnJDA/photo.jpg,"This app can't keep up with directions while riding in the car or golf cart, it's too slow and it often just stops.  Would like to see written directions somewhere on app.",2,2,2.4,2018-01-19 09:20:04,"Hi Janice,

We have a new update that will fix all issues! Please follow these steps:
1. Open the Google Play Store app.
2. Touch the Menu icon (3 lines) 
3. My Apps.
4. Apps with available updates are labeled ""Update.""
5. Select ""Villages GPS"" and touch Update.

Then try the app again and please update your review :-)",2019-01-27 22:27:21
gp:AOqpTOECx5sH_fn9xcDrJr28EBuClsxPmr1U40d2cqyfHyIcMWrRobfynwdaIU8k1Xv7xWbU9l6BJywnYzt6ORs,David Borden,https://play-lh.googleusercontent.com/-yc6QDzu6-_Q/AAAAAAAAAAI/AAAAAAAAAAA/AMZuuclaiz79llw4qWbmhMKXy8CPK3cHxw/photo.jpg,"Usually, Don't like paying for Apps, but I found this well worth the $6.99 investment.",5,2,2.4,2018-01-12 14:32:40,,
gp:AOqpTOEYHnyDWfcqU4P48PCadZW1NEKUiyzYWZiC_Yj6ZReA6YTqUgOuU1rT_z86JWKeh-dPsl1aY1OoAOZG1u4,Eddie Dalton,https://play-lh.googleusercontent.com/a-/AOh14Gje2rjrlGNgb7UnrQa5RIug9V3bTSya9-3Ae40VrUs,Very good for golf cart,4,6,2.3,2017-12-18 05:29:52,,
gp:AOqpTOEPjQDvx26I3_N_O4gBI92i_zJAHT4i0lWF2PGFfDVOctzjkvd4UhBpoEBqAbZlpvtLmrmr7KAivr6dimY,A Google user,https://play-lh.googleusercontent.com/EGemoI2NTXmTsBVtJqk8jxF9rh8ApRWfsIMQSt2uE4OcpQqbFu7f7NbTK05lx80nuSijCz7sc3a277R67g,Excellent app. How do I get the most current update?,5,2,2.0,2017-11-12 10:49:23,,
gp:AOqpTOF0yCNeo-jN2NrHebTOHahA70xw-YVvUGcD8VCn8KsiKSot-5Y7ZBcGhdveCeQEkqxj5_YDN7l2pQm87dU,Brian Flowers,https://play-lh.googleusercontent.com/a-/AOh14GjdhcnMLl7HckiEiN1iEKoRp2Gy8A11tmzsu5_hjw,"A little buggy now.  I try to get around to different places, and it works for the most part.  I can get around without it.  Since I'm not from here, I do use it to see of some places are golf cart accessible.  It seems like it gives me directions to places noatter what.  I definitely don't want to get a ticket being on a road I'm not supposed to be on.  Ex. I put in 610 W. Main St. Leesburg, FL, and it gave me golf cart directions.  I'm pretty sure I'm not allowed to have a cart on SR 27!  So I just got an email.  They said it was fixed... It's not.",3,4,2.0,2017-08-14 10:14:41,"Hi Brian, we fixed that issue and apologize.",2017-08-14 09:53:25
gp:AOqpTOEIAF163-aWWjtgk1NBJv5Xo6Gmy_VJy6QBhhIVLXwS19duADtC5w8IRjVpPZ9NbUWTlQ9IItHoKVbeHnQ,David Dombkowski,https://play-lh.googleusercontent.com/-qedfyDYDnAg/AAAAAAAAAAI/AAAAAAAAAAA/AMZuuck4x3zT0TCHm9GIXOW1Ufp37WTong/photo.jpg,Don't buy this app it doesn't work,1,5,2.0,2017-08-14 09:33:04,"Hi David, We have a new update that will make you very happy! Please follow these steps:
1. Open the Google Play Store app.
2. Touch the Menu icon (3 lines) 
3. My Apps.
4. Apps with available updates are labeled ""Update.""
5. Select ""Villages GPS"" and touch Update.

Then try the app again and update your review :-)",2017-12-01 06:24:21
gp:AOqpTOGkSUngYfhR1RVfjnckk_iQ-eKWNQ3SyNV5dUHqbmrc2wNOpTIBU7ZtTX61wqxHX1gJ9GcbCZWWYe6eY1E,Fred Collins,https://play-lh.googleusercontent.com/a-/AOh14GiR5SBu3C7yNgm9CDEQrieIwg_1S5yDXmeUyK2J2g,This app is the best one for The Villages. Great graphics and it has AUDIO. THE other app doesn't.,5,1,1.8,2017-06-28 14:24:57,Thank you Fred :-),2017-08-14 09:46:06
gp:AOqpTOEkkQcJk7Vo5Fa4adSY_hr0zW1yJyLBlQa_3tCf-MgEUDPmLrVIhzRpIwE-LLUFvdqD2yGxTF2DfeAUpjw,Nanci Speagle,https://play-lh.googleusercontent.com/a-/AOh14Gj96NX18VE4Ol0bSBsrWa4YReYBt356jYbGz60SlA,Glad to see the app's been fixed since my first review.  It's working fine now.,4,2,1.9,2017-06-24 15:32:05,,
gp:AOqpTOFWhecua8UqO-h32ErORAeRuf3Q1XGvzosAsPZepeu5Yz62_5jl2La5fb1qqFn5QzjHvVS6YDU0rR49BOA,Beth Rockwell,https://play-lh.googleusercontent.com/-3tRv2dPFDLU/AAAAAAAAAAI/AAAAAAAAAAA/AMZuuclgKev_Jb4ZEcDhfMYEn3x_h38dPQ/photo.jpg,App doesn't seem to keep up very well with your location so we found it generally ineffective to use in the golf cart.,2,0,1.8,2017-05-07 16:56:06,"Hi Beth,
There are a few places in The Villages where cel phone signals drop out that will really mess up the app because it needs to know where you are at all times.",2017-08-14 09:48:41
gp:AOqpTOHAXeYmgsJAIJo0L7F3yEbWI-N5bu1z0C2LeZ6nWkypur0fy58SI1Getu0e1tPblJ1IYVnt1JFUcEHLU4U,Ed Feins,https://play-lh.googleusercontent.com/-8piiMzMglJU/AAAAAAAAAAI/AAAAAAAAAHw/AMZuuckzJ_-alo0m-zZ8z7PCaAEckr9vtg/photo.jpg,"I am a glutton for punishment 😁 as I already own the iphone version and it has been a disaster, however I thought I'd give the android version a chance since I just got a new android device. So far, at least the listings are not reversed which is a good sign. I understand it is very difficult to develop apps especially with such a small  demographic for it, so the devs should be supported so they keep improving it.   P.s. please consider adding a golf cart directions option to the point to point selections because sometimes one needs to ""plan ahead"" for a ride.",3,2,1.8,2017-04-23 09:23:36,"Hi Ed, We have a new update that will make you very happy! Please follow these steps:
1. Open the Google Play Store app.
2. Touch the Menu icon (3 lines) 
3. My Apps.
4. Apps with available updates are labeled ""Update.""
5. Select ""Villages GPS"" and touch Update.

Then try the app again and update your review :-)",2017-12-01 06:25:24
gp:AOqpTOEGXxPmXPLAccp2CQj9ywIAfhvIKZ7IB4hu2oiauf2GqKI_87TDuB9QhMJqfDTKp_u34cpeyOOFpYgcmnQ,Dave Keeler,https://play-lh.googleusercontent.com/-nZrHPFZ9mSY/AAAAAAAAAAI/AAAAAAAAAAA/AMZuucmNSWK5yjoQIQSpv-VcQfsTPTw-7Q/photo.jpg,"This app is the real deal because it has voice assisted directions. Much safer than the other ""free"" app. Voice assist means you are not distracted when having to look at the visual directions of other apps made for The Villages residents.",5,2,1.8,2016-12-04 06:25:47,,
gp:AOqpTOE95KfPj_oLTuHm1IqYKwwdtU5JVZ2YRshvx-6LLL423kJk2ds_ZvvzUfLRHolDky6pk9IwxOVZGHA4tBw,Ronda Gottlieb,https://play-lh.googleusercontent.com/-PsJK5lrEnOE/AAAAAAAAAAI/AAAAAAAAAAA/AMZuuckEGzN2lVQ5iMuJghE3S3wFNdiXvw/photo.jpg,Fantastic! I used it to drive from one end of the villages to the other. A 35 minute drive. It got me easily and securely around the rotaries to my destination. Well worth the money. I highly recommend it!,5,4,1.8,2016-11-18 14:54:01,,
gp:AOqpTOGC9PbpLI0mYq-J_B6R5IS49qVWd3eKyAAeqZPCrg2B40Wxr1d_CKQbgrBn_Bfw9dnxUaMPp3XCjZn-Pmg,Joseph Ferreri,https://play-lh.googleusercontent.com/a-/AOh14GjEU8dA8gF-VKMDnsL60P6qjoLcVQeexLSrqwzzug,Gets us around The Villages great... Acts like a GPS when we travel,5,0,1.8,2016-05-14 08:16:50,,
gp:AOqpTOHRMuiuS-lvvDDabJthz4zqt12ejLRFpf9bqfejTIC7xkecADRV68bHa2Vb9msBeQaxtf0LUD-l8t1go7c,Ruth Berry,https://play-lh.googleusercontent.com/-Z36t0_bc78g/AAAAAAAAAAI/AAAAAAAAAAA/AMZuucnZKH0RUklDqhk5sIBaK4IX1M02Ew/photo.jpg,Excellent app. Continually updating new communities and roads. Always in use. Thanks for a job well done!,5,4,1.8,2016-02-24 04:36:46,,
gp:AOqpTOHvlnzOd6Vvxyg_IJGHo8-a8gPaFvbAUoFX5l20mMY7KvKV5ML8cXcelGxfFTN8St2RYefFBLztoki_XPQ,Jane-Ellen Greenwood,https://play-lh.googleusercontent.com/a-/AOh14Gj-EbKmjHCsMDvyiumHGOLb9ohVMSd1yb72x2W5PA,Directions off by half mile or more.,1,0,1.8,2016-02-13 13:54:38,"Hi Jane, We have a new update that will make you very happy! Please follow these steps:
1. Open the Google Play Store app.
2. Touch the Menu icon (3 lines) 
3. My Apps.
4. Apps with available updates are labeled ""Update.""
5. Select ""Villages GPS"" and touch Update.

Then try the app again and update your review :-)",2017-12-01 06:25:46
gp:AOqpTOFG5gDBc2rjOwl8DJiKx2tWSVJDRZaav8Q-vEkKe2W217ma_WP0eqyOydqcz8lwS6hg3T-wzzqZ-RJLV38,Judy Erich,https://play-lh.googleusercontent.com/-sSFG2R9-PD4/AAAAAAAAAAI/AAAAAAAAAAA/AMZuucl3kVDwXj_TcdNjdBqElroDr_YuWg/photo.jpg,Not as reliable as Google. Although Google doesn't do Spanish springs area well.,3,0,1.8,2016-01-26 19:51:57,"Hey Judy, if you can contact us at thevillagesgps@gmail.com and we will help you out ok?

Thank you,
The Villages GPS Team",2016-01-27 08:22:17
gp:AOqpTOEFZy2WUIMZA3ew01UBPG0kFzQ9wJ3atmt1bD5XseX9YKMHGYo-M50tQc2EsLgIIr63A1-Sirf9f1JfyEE,John DeRosa,https://play-lh.googleusercontent.com/a-/AOh14Gh_XyfKIQYP-OOKeExloSF-v80-9DZ-LCB2qy3txA,Johnny DeRosa,5,1,1.8,2016-01-19 04:49:11,"Thank you Johnny!

The Villages GPS Team",2016-01-27 08:20:48
gp:AOqpTOHOSasCpYRQUc59xg_dc0HGZv3kLW77TXG4qxsoa6M9tSv5m1K74r2O-KucKfEK4ijYNzC8-rEy4o8UZRc,Andrew Gianikas,https://play-lh.googleusercontent.com/-C6xy5VRCvTo/AAAAAAAAAAI/AAAAAAAAAAA/AMZuuckIm-OQGjPD4yQRu9zQLwQNAfZ42g/photo.jpg,When I try to search for local businesses it gives me locations from around the country. I can use Google Maps for that FOR FREE. Too bad you can't get your money back!,1,0,1.8,2016-01-14 05:11:04,"Andrew, we do know who you work for.......You should be ashamed of yourself.... Be truthful with our customers.",2017-03-23 14:35:11
gp:AOqpTOEQ73B9sdrpHfRFoaquNGLVaCRvgk25S9rd2V4sP6w7GbE_6wt6edVFcUWuANYypjsh2N95ONzPa0i7WgI,Robert MacCready,https://play-lh.googleusercontent.com/a-/AOh14Ggg5EWhXq-LRLExs1y913n4_jR1YxUHunfEyouDwQ,"Wow, this app just gets better and better. THANKS!",5,2,1.8,2016-01-13 03:38:41,"Thank you Robert.... We sure do try.

The Villages GPS Team",2016-01-27 08:20:14
gp:AOqpTOFzrfrY-4tCdGQrBJjPpHbi9wKwPBncRNoXFJs9iFEln8yMWEOvjmGljgfy5452tCh4uzBaRWAhHhfnYsA,Brian MacShara,https://play-lh.googleusercontent.com/a-/AOh14GhYRYZbNDu8BSeVNT8wlxK1LHYLWn1nSo4vFciazg,Should be a suggestion that the villages gives you when you sign up!,5,3,1.8,2016-01-05 11:05:44,"Thank you Brian!

The Villages GPS Team",2016-01-27 08:19:31
gp:AOqpTOFwOxwJyfaDLisr6fIpaXNulwP91dmUQM21PKJen4AVnq4SWM6p7ICacgIFWu5GlQVrLt96ZELXBijCsgU,R Moffett,https://play-lh.googleusercontent.com/-mvRIv530_fY/AAAAAAAAAAI/AAAAAAAAAAA/AMZuuckYKSjsyUXMQ_0hDebhE48MAKrIZA/photo.jpg,"Map just freezes constantly. Says 1200 ft or whatever to next way point,  never changes. Could really use it as I'm here for a few weeks a year. Google maps pedestrian works more reliably. Hate to leave bad feedback but going from library to Spanish Springs was a nightmare. Finally asked a nice lady for directions.",2,3,1.8,2015-12-25 08:18:27,"Hi R Moffett, We have a new update that will make you very happy! Please follow these steps:
1. Open the Google Play Store app.
2. Touch the Menu icon (3 lines) 
3. My Apps.
4. Apps with available updates are labeled ""Update.""
5. Select ""Villages GPS"" and touch Update.

Then try the app again and update your review :-)",2017-12-01 06:26:23
gp:AOqpTOETZCJCxpp1kplAqlKd2h8YCGqhGIJ8bGnkYJddglKOi7tEauapemKem-TiG95zAUCjXlIEASmBJPdyBSI,debbie harvey,https://play-lh.googleusercontent.com/-AN_1kVdzoew/AAAAAAAAAAI/AAAAAAAAAAA/AMZuucm_LX929UJp3Q9LEF7a2ZDLuwVmmA/photo.jpg,"The developerswere great and worked hard and fixed the issue i was  having its a ok program only one i know of for golf carts..was trying to go to churchill downs course from el santiago and it took us way wrong. .but otherwise did well. where I am says my nearest pool is 4,000 miles away and also when i tried to go to church hills down  rec  it took me to a residential home miles away by southern trace.. I will have to change my rating the support team for this app has been working very hard to fix problem",3,1,1.8,2015-12-10 10:55:17,"Hi Debbie..
UPDATED Aug 25th. We have fixed the issue. Please follow these steps.

Steps to Update your Android App Manually 

1. Open the Google Play Store app.
2. Touch the Menu icon (3 lines) 
3. My Apps.
4. Apps with available updates are labeled ""Update.""
5. Select The Villages GPS and touch Update.

Let us know if you are ok now.
Thank You!",2015-08-26 06:19:28
gp:AOqpTOFeoRe85WXCZZTYI5MWhbGZzc8mtQC-EL_pvHDwacaCLtlUNBtCtjZwAtj_apuNsWtLKuaqRJoisj5SK6g,Susan Moore,https://play-lh.googleusercontent.com/-OXJkXFN0IK8/AAAAAAAAAAI/AAAAAAAAAAA/AMZuuclOcCCqZr74_FCspIxBJ14iULWDYA/photo.jpg,Was better when I was using it in July. Used recently and it took me in the opposite direction of where I wanted to go,3,0,1.8,2015-11-17 05:20:26,"Hi Susan,
Please contact us at thevillagesgps@gmail.com and tell us the exact route your saying it took you the opposite direction so we can test that ok?

Thank you,
The Villages GPS Team",2015-11-23 06:09:11
gp:AOqpTOFkfv6gBbcHN4WG-M9nX35N6Ed3pZwEtUq2L0YJ8VkC9RGrhjxktgbCLIyYhsvZqkA0FpQKe2JmhRHp1Q0,Johna Randa,https://play-lh.googleusercontent.com/-tWbWTVbkaQg/AAAAAAAAAAI/AAAAAAAAAAA/AMZuuckmpTUVxrvsoo5rCo82NbOT3O6Faw/photo.jpg,Helps me get around the Villages.  Love it.  Especially the updates!!,5,1,1.8,2015-10-29 04:56:27,"Johna....Thank you,

The Villages GPS Team",2015-11-23 06:06:55
gp:AOqpTOEdzcdjYBzCgloYUhhgROvme5dKrXSH6qkNEM9BX0Tw7V4FwXr-4SOtV8I2NF3vSRtaM9JE28C29mAXNDM,Ernie Cutler,https://play-lh.googleusercontent.com/-trYYB_i1aNA/AAAAAAAAAAI/AAAAAAAAAAA/AMZuuckcVnGzNp4_G5dNwYH4nfOOQnqcwA/photo.jpg,Applied update on 10/26 and  20/28 - Everything works great!,5,2,1.8,2015-10-28 05:51:24,"Hi Ernie,
We really appreciate it.

Thank you,
The Villages GPS Team",2015-11-23 06:06:16
gp:AOqpTOHjihpGIFSYJqWjGpzV-1z4XYy2Ce8xUewvhnktnPKevjQeKnY29-KDmU4oYcUlEX4nLQCLqtgSm30lySU,Sally Kaska,https://play-lh.googleusercontent.com/-z_fZkgGkkhc/AAAAAAAAAAI/AAAAAAAAAAA/AMZuuclx9podj-qkxxXXVvTC2ROkoA85jg/photo.jpg,"Takes forever to locate GPS, does not hold GPS signal well at all and once lost takes forever to locate signal again. Very disappointing. Feels like I am working with a beta version of this application.",1,0,1.8,2015-10-27 08:09:49,"Hi Sally,

As far as finding the signal.... We can't control that. That is your cel service wherever you were. Also, being inside of your home or building can interfere. 
Please contact us at thevillagesgps@gmail.com if you have any other issues ok?

Thank you,
The Villages GPS Team",2015-11-23 06:05:16
gp:AOqpTOHjpGF99QqwHSHzXmcTSwU_67rZaQKvEDdKcbP2HIN4JLUllFm544dnpd2_YwzKaWlHaK9qCRNItqBjPQc,Rebecca Meyer,https://play-lh.googleusercontent.com/-xXSY9yI-6mA/AAAAAAAAAAI/AAAAAAAAAAA/AMZuucmkDj0FS24fagb3NcjyH209USt-_A/photo.jpg,Have problems with neighborhood it freezes and I can't put in a address.  Still needs some work for the android phones,2,1,1.8,2015-10-26 08:38:42,"Hi Rebecca,
Please contact us at thevillagesgps@gmail.com so we can help you out ok?

Thank you,
The Villages GPS Team",2015-11-23 06:00:34
gp:AOqpTOGavjcEEozJkMsX4pk642XkyCrfj6lsXEDH-NqeS3GAs4uK2HXV6Jf_IEEZfrhTJ1B4wu24lS5zteMamPk,Grove Gipple,https://play-lh.googleusercontent.com/-DGqO9SmQ26I/AAAAAAAAAAI/AAAAAAAAAAA/AMZuucn4TMxkyd7Jl6_Oa6QaqjwMUGWa-g/photo.jpg,It will not install on my Samsung Galaxy S5,1,0,,2015-09-09 14:06:10,"Hi there, 
Please contact us at thevillagesgps@gmail.com so we can help you out ok?

Thank you,
The Villages GPS Team",2015-10-13 10:28:47
gp:AOqpTOH70kAr6su5Fiw4AsA7-WFoeZMyT_D3GvRLyd8FaW3P4sAXI7w_FmlmyCj-yj9RhF2uViYM3NgVNwgUuwc,Mark Carey,https://play-lh.googleusercontent.com/-Dymeg4fOOj4/AAAAAAAAAAI/AAAAAAAAAAA/AMZuucmWC2MmyeyqWNQr_53dswtQiRXlxA/photo.jpg,My app just shows a line where you go but no streets or street names. What good is that? Deleted the app.,1,0,1.1,2015-07-21 05:27:12,"Hi Mark,
UPDATED Aug 25th. We have fixed the issue. Please follow these steps.

Steps to Update your Android App Manually 

1. Open the Google Play Store app.
2. Touch the Menu icon (3 lines) 
3. My Apps.
4. Apps with available updates are labeled ""Update.""
5. Select The Villages GPS and touch Update.

Let us know if you are ok now.
Thank You!",2015-08-26 06:19:41
gp:AOqpTOEw5rhcVZKYYCR1EI45StQpPaPlppMaBLxWw-QO1aHt93Zx_wfWOP9JoCqf5bl5pq0IZFQCo0U1it4b4DA,Doris Parry,https://play-lh.googleusercontent.com/-uaA6zwM8dXM/AAAAAAAAAAI/AAAAAAAAAAA/AMZuuclZJPXJAAGqVgU_jCsGDTbLz7G-SQ/photo.jpg,"We recommend  this app to all our family, visitors & friends.  It is over-whelming to get around the ever growing  Villages and even owners hit into a problem finding  their way around.  This is a very handy tool.  GPS, finding businesses, etc.  Well worth the fee.",5,0,,2015-07-19 13:06:38,,
gp:AOqpTOHV5PQE0wkzPKBj7a1hPlz8r1Da4pvescIXB3tHkMvciGe1YfZL7v0eoQ-3ZwxVrYyLyzCWkcxdo2SMoZM,Michael Veach,https://play-lh.googleusercontent.com/a-/AOh14GgTMCvbbcCa9OLOX7xL7F8oCCF9S64S9PxiOoSJ,"A little slow at bringing up the golf cart map. Wish search had an option to  add ', The Villages' at the end so to only bring up destinations that are local. Often a search will bring up Orlando locations also. Would highly recommend this app to all villagers.",4,1,1.0,2015-05-05 04:50:32,,
gp:AOqpTOHmXGvgYW_UdMJLfI5XFZ66DTMqJfmIKVQ_7x7zdmQizriYhNnkEHYpH1_EyZTVJv76Ner80qvDLhN4vmc,Genie Selvey,https://play-lh.googleusercontent.com/a-/AOh14Gj5c9Sg_lOTiMtFDiOjKcD4tm2Xjzkqw_-hGXdhrrg,Where can we report errors. Today the app took us to Bonafay rather than Bradenton Rec Ctr,4,1,1.0,2015-04-14 10:40:58,"Hi Genie, We have fixed that issue. Thank you for your feedback. If you have any questions, contact thevillagesgps@gmail.com. Thank you ",2015-07-20 05:30:13
gp:AOqpTOEgQwwB27PTCvxXE_bBfRoCuk8LE0w4K4LXqozEagNcU_AquCBmudvaSb06ffDthk9DVPXrF0MSCOXTNg8,Pete Mapes,https://play-lh.googleusercontent.com/a-/AOh14GjTbkltQI5TRHqOWuaV2fK6LXwsxndPECOxyF2WHA,Love that it includes cart directions. Makes it easy to find rec centers. Don't always have a street address for other GPS devices. I would definitely recommend this app.,5,4,1.0,2015-04-01 20:31:18,,
gp:AOqpTOHVHg0FrGU6rdO7_vZO-tzEVAg-npr4kA4IccokLANyAmZUP148r1XwGHCcHjXnxRtvvgEKo45rSWWIe4Y,Linda Alster,https://play-lh.googleusercontent.com/-pTrVp7s3cfA/AAAAAAAAAAI/AAAAAAAAAAA/AMZuucmkePmmyGEg6nQ-xkKRVmvUR4h92w/photo.jpg,Finally a GPS that works in the villages tech support met with me and showed me what to do  people smart.and helpful worth so much more than cost thank you  _this app has changed my life for better and I don't get lost every place any more.  Put my garmin GPS in cold storage with my fur coat,5,2,1.0,2015-01-21 10:18:57,,
gp:AOqpTOG0S9R7tjX6_3vVRJv1o3hlXGSTPUhc0aVNSSFqQxIJwyNnuyd4le0-kmCOvagcYwsu_aGj0tOO9a35NfQ,Wayne Gorlick-Asmus,https://play-lh.googleusercontent.com/a-/AOh14GjQxpiMk_aLYelb59VaPKDARhU8QNeVjgT-BIOOZQ,"Great App.  I would like to see a version number in the app under the ""More"" option and an ""Update"" Option under the ""More"" Option.  Again really Great App.",4,1,1.6,2014-12-21 06:56:12,"Hi Wayne, The latest version was updated July 17, 2015. Thank you for your feedback. If you have any questions, contact thevillagesgps@gmail.com. Thank you ",2015-07-20 05:32:10
gp:AOqpTOE6Pv1uP0sov96iSBXzOXsvZbY09vWthIEXzF4Cx2-Kjt5gqd_btXCIgSSDhAlwEALOzzTG_-EOl_X9RAQ,George Kulczewski,https://play-lh.googleusercontent.com/-0VxbX_QaoiA/AAAAAAAAAAI/AAAAAAAAAAA/AMZuuclRKjuDURq61hXdF3i4xvyt5TsDIg/photo.jpg,Nice helpful app!!,5,1,1.6,2014-12-12 15:32:25,,
gp:AOqpTOEFXdcmGw9j54UXaPHPkFdy2ECicRZgeQ9MwLKqmtt9iFrDuQIMFsMi12eI0WyF05gunf6Kn_KkyqnGC-0,Joe Keiler,https://play-lh.googleusercontent.com/-rp0biL9brxg/AAAAAAAAAAI/AAAAAAAAAAA/AMZuucmliFjZ6JgyoftlI2Dsr-lvpCVLFw/photo.jpg,Intermittent at best,1,0,1.5,2014-10-18 05:15:48,"Hi Joe, 
UPDATED Aug 25th. We have fixed the issue. Please follow these steps.

Steps to Update your Android App Manually 

1. Open the Google Play Store app.
2. Touch the Menu icon (3 lines) 
3. My Apps.
4. Apps with available updates are labeled ""Update.""
5. Select The Villages GPS and touch Update.

Let us know if you are ok now.
Thank You!",2015-08-26 06:20:24
gp:AOqpTOGlRi7AJc5rg-abjkrIrOhTFSGE5R5HZ2tbe7FvsP26EuBSpJhpLKYwLtpxdy4tbQPMb6i3Ja_VzUxw4e8,Fred Gagne,https://play-lh.googleusercontent.com/a-/AOh14GhTsYXpI06NkJd799qqbEqTJK-RMfwYCL8UFsbk6w,I've been using this app for a couple of months now and I love it. This has helped me get around the villages tremendously it has all the information I need,5,1,1.5,2014-10-08 05:48:13,,
gp:AOqpTOHr0UJYM8kpMVGnPggXhHT4B3S040lmKwcm0bJQAKq9go1sL-cT8pfjI-GehfhtoRLL2nTfuKZbnipHeqA,Terri Jenkins,https://play-lh.googleusercontent.com/-Qa4ZLGBdZqg/AAAAAAAAAAI/AAAAAAAAAAA/AMZuuclnIxMg1INKY5QprnlbZI1abTaxsQ/photo.jpg,"I was disappointed to see that all this map does is give you what you can get for free. Download any map program (or use google or yahoo maps) and set it for the villages bike paths. For businesses, use your local app. This app was a waste of money.",2,2,1.0,2014-03-22 13:42:49,"Hi Terri. 
Thank you for your input. We have listened to the people and we have completely redesigned the whole App from the ground up on June 21, 2014. Please check it out now and let us know what you think.
Thank you,
The Villages GPS",2014-06-21 07:15:39
gp:AOqpTOHaH004g_pAt-N5W5mZlFl4OpXUgFvwewO5KHLio6LjQC9D0lwzT4n-RGKsPexjtSHReAh7B5iprS-L3_0,J Stuart,https://play-lh.googleusercontent.com/a-/AOh14Gjzo7F72-b57L7wY1jPeh5x-hHmwzpJlhgcPuw0rA,Two areas are great.  The support is wonderful. ..immediate response and continued follow-up until my problem was resolved.  Second is the app itself. ..wish I had this when I first moved here.,4,1,1.0,2014-02-05 08:02:12,,
gp:AOqpTOGyJ7_z83bW620YbE5KG66Tuu0u8X9h3OIEYYcL8lQw4aqahGTgbDimeqZG0RtylVtb3hzXPftUZqwJQg0,judysphotocreations,https://play-lh.googleusercontent.com/a-/AOh14GheeO_GkmXaYVCtbPLsZSER0m7uS_D3MByrEvDS1DE,Great app so needed! Every Villager needs it!,5,0,1.0,2013-12-13 08:02:48,,
gp:AOqpTOGtItunAsmOsmSY8okydHe2PhGZr36IVxQdLLWNkmMjiBlGNXmX6oF3Zxi2rTHLoEg2vp4D0PRbFFxM-Lc,Kitty Cockrell,https://play-lh.googleusercontent.com/a-/AOh14GgCJ1dC2St92MFtFw3dxf8MF1PMdjTJ0jFJ_2TkMw,"I have a Garmin for my car, which of course cannot be used in my golf cart. I can use it in my car, bicycling and walking. It gives you locations of where each golf course, recreation centers, town squares are located. It is totally well worth the money. I wish this app had existed when we first moved here six years ago, it would have saved me many stressful days trying to find my way  around. Even living here now, it gives me locations of places I wasn't even aware they existed in the surrounding areas.",5,1,1.0,2013-12-12 12:36:28,,
gp:AOqpTOHsikRHIO6Gf5MAcIAIZXcAuxWS8OANMbq1hKitFq_xiNIVQUB2PrKg6Sa7yhp4fBlUBcNqHFLoSUVVDws,Clara Sumner,https://play-lh.googleusercontent.com/-Icvdq0OjTLA/AAAAAAAAAAI/AAAAAAAAAAA/AMZuucnvDFAMKtp4_ekR9_d_tg0zxfBsgg/photo.jpg,I have never been good with maps so I really love this tool that I can use like a GPS on my cell phone in my GOLF CART or my car. Now I can find everything in The Villages!,5,0,1.0,2013-11-27 12:33:50,,
gp:AOqpTOE3cLLvaOUPHebEGtBnEmxrc9ZafTW_dujzsXaUeW4LCLyjjJG0AtdgkGGjLAVIUh7ll3qOmkKdAwilBtc,Sherri Krummel,https://play-lh.googleusercontent.com/-nmLiPqutu7s/AAAAAAAAAAI/AAAAAAAAAAA/AMZuuck3lU4LtpG0Q2YTsLIT3iCun4NUjg/photo.jpg,"Having had the experience of being lost in a golf cart on The Villages golf cart paths only to find my phone's GPS to be of no help whatsoever...... I can assure you, this APP is awesome and much needed! It more than a GPS, it is a comprehensive listing of golf courses, entertainment, town squares, residential villages, restaurants and more that The Villages have to offer. If you live in or around The Villages or plan to visit this APP is a MUST for easy travel in The Villages by golf cart or motor vehicle.",5,0,1.0,2013-11-27 11:09:37,,
gp:AOqpTOH5ktThUPMzciQ-2eOc33OKJBWt3FbduhMuZ7qiqkOQAmYy9X9PgVqs7nZuEioTzysuGvgMgRTOJiWDNn8,daniel russell,https://play-lh.googleusercontent.com/-jRMxXiC9l0s/AAAAAAAAAAI/AAAAAAAAAAA/AMZuucnAJ8I8vuSumgozRKvt6G01K7ExFg/photo.jpg,"I love this app. I was always getting lost with my regular GPS but this app is amazing and accurate! Whoever created it a genius. Thanks, now I can travel The Villages on my golf cart without having to backtrack.",5,2,1.0,2013-11-27 07:09:37,,
