reviewId,userName,userImage,content,score,thumbsUpCount,reviewCreatedVersion,at,replyContent,repliedAt
gp:AOqpTOGlt8Te3lSmkFJE8IJzfWvH5RCQ5VFwWPb_1JOkdkJ7nAUVA63rw9EicLL4zFiLx-SinlbdL_aQthC0eA,B P,https://play-lh.googleusercontent.com/-g4bfNaBJJcs/AAAAAAAAAAI/AAAAAAAAAAA/AMZuuclvX1TWHTwPoO5DSGZtDx4DNPK_5w/photo.jpg,Careful immediately takes payment without your permission or even offering options once you click on the green button,1,0,,2021-02-08 21:18:03,,
gp:AOqpTOEkRezpvERN2qeOae3tHSuhnepg0hnP5dDao5M7mcplOL50PqSAGVKPXI6C61KBToUwIZSRHUlSCGzhBQ,Andre Mostert,https://play-lh.googleusercontent.com/a-/AOh14GhHc49P_TCx6zIf_LWZbC7kAYshCiNwgJtstdQKfQ,Love the app. Can a function be added to upload a photograph when you add a plant that do not appear in the pre-polulated list of plants. Thanks.,4,0,5.0.1,2021-02-05 09:02:36,,
gp:AOqpTOFRnTTFPFI8BVu3czVcnfA_kRKO894qvENDrKrKmsq8ttPafIAQAgQ3YgYTJQz7Af7zfvRpde2uUZN6vg,Rod Jones,https://play-lh.googleusercontent.com/a-/AOh14GidVqYsnZG62mLMcUn3BDHw86-PeL6JKcTTuvrZeKg,Very happy with this app,5,0,5.0.1,2020-12-06 03:54:27,,
gp:AOqpTOGdhhcQh_zKeXPwDCmOYWqHvix5vGOZB2f0bwVz1WzwHMEkKv_3CpyzwzdU-JTNaNgU9w1cncNdsYtSiw,elisma roets,https://play-lh.googleusercontent.com/a-/AOh14GhOuVSBJsh6yP3L6GOci9jmojePZchntmRbzUpZyw,"I really like this app. Great way to keep track. My only request would be that a visual calendar is shown of your activity - like a google calendar of sort, displaying the full month with an option to change your view setting to calendar. All activities and notes can collate into the calendar. Would also be great if the varieties of veg have a drop-down menu. Plus, fertiliser reminders, or an option to input that I fertilised the garden, to form part of your planning. Otherwise, great app!",5,12,5.0.1,2020-11-29 13:35:35,,
gp:AOqpTOHICipDbBspsaGb-tL1eNrTAH6GP5_dFTAUSJh8jbbJMahSqAVIlZdlvjCVS6ubN0kUoD2rLBj5Z8D0Dw,Mike Con,https://play-lh.googleusercontent.com/-z7j4eo17RaM/AAAAAAAAAAI/AAAAAAAAAAA/AMZuucm-9wdaN1Y4gN91O8gKX6h4jGWmdw/photo.jpg,Would like to be able to update pics all through the growing season .Good job with the app,5,0,5.0.1,2020-10-23 20:09:48,,
gp:AOqpTOHAH-LRePFY3L_SXAWFekpTMJcqfdm8KdkAXHhKWjYSPV7I558I5UA8d-cL1tKXqIjIwo5KKHvNTjbJMQ,Nickus Maximus,https://play-lh.googleusercontent.com/a-/AOh14GhMIg3_NJt-1Yc0huuSDDoRvFZbMjiTj0-1fRg50g,I like it a lot but really wish it also had reminders for things like fertalizer or fungicide. Other than that pretty great,4,1,5.0.1,2020-10-08 11:33:03,,
gp:AOqpTOE4_3Qabke1Me0r3EHLL36SFHYOsiZGQQExdNizZc0pgpkAV2ckDJ4Fu739BE200aZUr2RAEAGjO6KrPA,Huss Kelaby,https://play-lh.googleusercontent.com/a-/AOh14GiCp0K3AxK181VTGQqqhR6E-qIJJqpPBM_x0mUT_50,Dark mode option please 🙏,5,1,5.0.1,2020-08-27 00:39:00,,
gp:AOqpTOHGWoosV5E9YHAv7Jt_ePNf-MdKbi4Ep67Gge7qqUrbTWime-7b828uGTrrmS1lkaA3sxxqaVlfW3PT5Q,Jason Wyatt,https://play-lh.googleusercontent.com/a-/AOh14GjaqBkrXy0HNsY7gwHVqh50fbL8YYti1svq4FE2Zg,"Love this app. Helps keep track of when to plant seeds, transplant to pots and then into the garden, and when to harvest.",5,14,5.0.1,2020-08-23 07:47:28,,
gp:AOqpTOF7gHjd_KIEufiQ0tzuL6YlTetGtwLHt03GcOpV_i_5_F0Jbw1ieWi5a-kq5_Z-a0N_YFI8FFmskCqXoA,Graham Bell,https://play-lh.googleusercontent.com/-fNm5K4NyQYA/AAAAAAAAAAI/AAAAAAAAAAA/AMZuucmKRYYzZKcwolVrCRnjQsUINlfzfw/photo.jpg,"Great app, information at your fingertips for your area.",5,0,5.0.1,2020-08-18 19:40:03,,
gp:AOqpTOFF7m_qFfi9RA6VIACRQmh0ew-qjtzfznLuIrCqsuu1zViWTTtwH_n5y__APwTu1PwxmnWKg0t7wrFOXg,Elwin H,https://play-lh.googleusercontent.com/-nJEwCEqB7tM/AAAAAAAAAAI/AAAAAAAAAAA/AMZuuck3Ky3REXRZkbFqwZnsaeuZG-9J_A/photo.jpg,Helps a lot to know what to buy when at the nursery.,4,0,5.0.1,2020-07-26 16:49:53,,
gp:AOqpTOHejieZtsMXU__rbiKLdCipUWzyQPGLedDEpkML2MS_Jo5jWopzAWEhc5xOuIuM9utPNhQ9ZGB00gDY1Q,Hannah Green,https://play-lh.googleusercontent.com/a-/AOh14GhGOe0mcEeNeD1MKKa5cJNF-IkekeY8lnOMb7QI9Q,"Great tools, suspect info. Tentative optimism, as I'm loving the calendar tools (and the Google calendar events are still valuable even if I change or abandon apps), and the general interface. But potatoes just aren't sown January or February in US 8a, even in the sunniest spot in a heat pocket, and many other suggestions are untimely. If the ""prefab"" plants were editable by users, we could correct things ourselves! I can hide them & remake from scratch but uck, and your notes would be lost",4,20,5.0.1,2020-07-10 23:16:22,,
gp:AOqpTOG4KmwaYcrFCQF_UFwAGuR5H8l5pQ0YxN8su7jx5z2_XyFSzVvG0q_ev_4tGC345ZleBClW75d5Szi2WA,Helen Huston,https://play-lh.googleusercontent.com/-cvK9p3VHvFk/AAAAAAAAAAI/AAAAAAAAAAA/AMZuuclSPOTYIH6fM5A98H7jYnRxU0cNRg/photo.jpg,I would be lost where to start in my garden without this app.,4,0,5.0.1,2020-06-24 04:21:51,,
gp:AOqpTOFYRQAaCMU0P9D79l0WURgFLbuWRP1mO7jd9f-7DeMMmYerg-OR08fkReLmHf0YDzhqoNio6MENDRI-2A,Anna Stevens,https://play-lh.googleusercontent.com/-upg_aFBJVzY/AAAAAAAAAAI/AAAAAAAAAAA/AMZuucmF8vUIW9rIJW3XHZImCd6vnVz3zQ/photo.jpg,"Like clarity & simplicity of interface, range of plants, & ease of interface with calendar reminders! Doesn't currently have garden map feature, alas, or apparently any calendar info re ongoing fertilizing? (big gaps!) Please add Fertilise & Harvest to per-month calendar view? (Only shows planting & transplanting now, not full range of garden workload?) Really hope dev may eventually add more flowers to make all-round garden tool (can add manually, but no cultivating info for most as yet).",3,13,5.0.1,2020-06-22 02:47:43,,
gp:AOqpTOE4VKor7nve2SgHtZ1LQrrP9BgiEz4kZl5XekYXiQ84khkDpdsK8Ods7z3MdMnioTHT7umTVaVHZt0FKQ,JP Apthorp,https://play-lh.googleusercontent.com/a-/AOh14Gi1MtnFQrIMkNb4fuh5vBimJo-twgrKzRF4rLx9,Pretty much does everything I would want for a home farm that stocks us for the entire year.,5,0,5.0.1,2020-06-15 09:51:39,,
gp:AOqpTOEl7XhXuzhFTL0XyzLzZTre-lZIpQuT1Kge2ufuZ_6yAiCQq_m4aL3ZZkiiSribV7YHInRNKd4DNTrPUg,Kacey Williams,https://play-lh.googleusercontent.com/--2VKSMiXWUU/AAAAAAAAAAI/AAAAAAAAAAA/AMZuucmu5u4FK_toYE3eWk0qJGmFMFN5Sg/photo.jpg,It's great for whats on there but it's very limited. Really need to add more plants.,2,2,5.0.1,2020-05-21 20:06:53,"Hi, you can add your own plants to the app on the 'All Plants' list",2020-06-07 17:32:38
gp:AOqpTOFMuvquJ0Js7zN69mBiuxDhglrFD-DkMsKQ6n36mAb9Fj07P-C-Eps41p4JSORc-IBPjsoNhBbpEw8MVA,Marc Nicolle,https://play-lh.googleusercontent.com/a-/AOh14GgBq0JtSZ1K4sWQ-9wyHUbVnEpR8fGW1cvKPooYZQ,What an incredible resource! Thanks so much!,5,0,5.0.1,2020-04-22 07:19:23,,
gp:AOqpTOGLx4X03GELs4nx1gfy0z47IdTn3L75paAE_CP_2rVW-kBMtDymPGfCBCn2_VLi3JjRMDmCiBFFUHcy1w,Francois Borman,https://play-lh.googleusercontent.com/a-/AOh14GhJ5OXsvWnBdj6S2vjJZFH5heBTzD-uzGTWVdRS,The app looks great. I do think it would be great to know the root depth of the specific plant. I plant everything in planters and would like to easily know in which planter I can plant what according to soil depth requirements.,5,15,5.0.1,2020-04-07 11:54:06,"Hi, we're gathering the data for planting depth and hope to include this in a future update.",2020-06-07 17:33:41
gp:AOqpTOGrf1WWKb4xoLxuE4Hqqccjo95D1R7oZvktcvuFN_Ws85eodjLCDAohZWxz6lb4AJLA_QLCBRGCxEUg8g,Warren de Bruyn,https://play-lh.googleusercontent.com/a-/AOh14GitNs6hycjRQpKEgsrMk1dQ5aLXtI3eViBRDRHe9g,Great app... Love it,5,0,5.0.1,2020-04-03 08:37:35,,
gp:AOqpTOFQa4mDNm5L6Rw8sG49i_dBLoAPcovB4nFTWFclFzqrc7giH3Qu360M5x3lCbDJPJNEJ_QcOy_UdYUPuw,Rebecca Corke,https://play-lh.googleusercontent.com/-XqQHcMZjz-c/AAAAAAAAAAI/AAAAAAAAAAA/AMZuuclaH-RDHS01EmpRuywjruHjJQkuSA/photo.jpg,Does not even have corn,1,1,,2020-01-21 00:44:17,"Hi, it's listed as ''sweetcorn'",2020-06-07 17:33:06
gp:AOqpTOF_cpC5hSqZYAyZgGQQz5DZW_OqtW43VdcHqaKBWN6QSUYiOyotGfgS44fI9p7B0xRKxifEXpywqgGoQw,Bob Riley,https://play-lh.googleusercontent.com/-nupyh6SN2lw/AAAAAAAAAAI/AAAAAAAAAAA/AMZuuckWcwKxwbyyvzOOqZruil4UhO3sTw/photo.jpg,"For someone who has no idea, it's A to Z for dummies and I still fail at times but that is me, with my non green thumb.",5,2,5.0.1,2019-10-09 15:37:37,,
gp:AOqpTOEJH6PBQjk-2egVZzgcdmVdvyFTeiku0_YQUJPAxIbOVsmWGHTjmSuYuiKbce1ADwrVXRKWexXckK1-yw,Shack Brown,https://play-lh.googleusercontent.com/a-/AOh14GhkPyw7hOXGItJqazxbJvaTrayWCBBCiR5askiZ,"Great app Chris, well done.",5,1,5.0.1,2019-09-25 06:25:26,Thank you!,2019-09-25 15:44:16
gp:AOqpTOEmE9xYYePEUVeaEatPQqWOd1ijKt4KcTienpmbG5rBj5aOSr7zUs6HwHpGP6Ys8RGFy_6MTwdDtxy8zQ,Nishan Bains,https://play-lh.googleusercontent.com/a-/AOh14GjH6mIxrGsnyVuViu4t69Hw6qVwAo8rWxycMKRTGA,Only Garden app for Australian Garden. New update is Great update comes after so many years👍,5,13,5.0.0,2019-09-09 20:12:36,"Thank you, Nishan!",2019-09-25 15:46:24
gp:AOqpTOG98AIpjIHOud4awGaxQeXMG0n0LEPKIo187bGfHPt9tRtuzQHiEo9AIM3SGuWN--N3cQzN05H_Xwh47A,Mary Anderson,https://play-lh.googleusercontent.com/-gAtIErw2nwM/AAAAAAAAAAI/AAAAAAAAFcs/AMZuucnCNMbE_WMoAeFIYNHE4uQJ2_COzA/photo.jpg,"Nice app but quite limited. For example if you have two varieties of vegetables such as dwarf and climbing peas, it considers them both the same and says you have two plantings. And harvest dates aren't very accurate and there is no differentiation between sowing and transplanting on the calender for each plant, just a planting date. Would be great to have the extra date option in each listing so you have both sowing and transplanting dates listed. And I've never found the cloud option.",3,20,4.0.4,2019-09-04 17:32:56,,
gp:AOqpTOFVmjgHkcuJxRBdLTkKBLU8fGIfRZqsJOw-ftRlvlNZkG8f3pUZVUg7YznRg6qlh5M8Susot1DFB7Rdtw,Mike Vanderkley,https://play-lh.googleusercontent.com/a-/AOh14GgG9-n4nC0D-GOsqbDffFAbDD4V8uGL-HdeJCa39w,Dont like the black side scroll menu. Please reduce row height in planting now.,3,1,4.0.4,2019-08-19 05:52:35,Thank you for your feedback. I will have an major update to the app released soon (been working on it since last year),2019-08-19 18:57:12
gp:AOqpTOGbsp-wesGMWZv3m7ZBvVmnnZ4vEn5CtIestVCr81KNvQagQIH5ub9TftY2KINzeVuVglIj5uW8wJObSw,Mikael Bengtsson,https://play-lh.googleusercontent.com/-6mSyjzuOFQg/AAAAAAAAAAI/AAAAAAAAAAA/AMZuuclboI_IuWK_Sp9JlJtZojcYys_wYQ/photo.jpg,"It has the basic features I'd expect, and isn't overloaded with bells and whistles. Sure, the interface looks a bit dated, but rather that than eleventy code monkeys' wasted time on pixel polishing. The only thing that I feel is missing (or rather... that I can't seem to find), is an option for backups and/or export of data. --thanks for the response!",4,21,4.0.4,2019-05-09 23:14:54,"Hi, backups are provided if you turn on 'Share Garden' in the app settings. As well as letting you to share data to other devices your data is backed up to the Gardenate cloud server. I am thinking of implementing a feature to export data. Cheers, Chris",2019-05-09 21:36:17
gp:AOqpTOFaWP9_B0g-Z2QAcTvosorsu1lMFmsnPCry7snjXylzaAavTe2jYMyhWrjsY_XrEdgbdxiZNunJOsbiJQ,Plant Love,https://play-lh.googleusercontent.com/-EjsM-KfaupM/AAAAAAAAAAI/AAAAAAAAAAA/AMZuucn_QbkdKGtu-0u-wY9hcv4y52aCqw/photo.jpg,"love this app, best gardening app ive tried so useful, informative and user friendly! its my gardening friend 🌱",5,3,,2019-04-29 03:30:20,,
gp:AOqpTOEs7njkPsHbljPNTp-ZidawxHpSzJxAbUC6yaOYkR7odltza8C_ru8tux2g1vgOSyBtbSuNsyzzZGJynw,Maurice Atkinson,https://play-lh.googleusercontent.com/-gwN87_z1Fzo/AAAAAAAAAAI/AAAAAAAAAAA/AMZuuckeQBaQOVo0Er4bZaLtdmNy8AUV-g/photo.jpg,do not purchase this app if you live in europe as it has no data. small fee to install but rip off as no info on which countries are not supported before you buy.,1,11,4.0.4,2019-03-19 23:27:04,"The app description says we have information for the Australia, New Zealand, Canada, USA, and the UK. Meanwhile you can use US climate zones for Europe.",2019-09-25 15:48:21
gp:AOqpTOF5sF-f_9PbgSF6-2dhH4V8T6Lk0pop0tapJcOb556EptkeakXfCu7iSTwNIKAjEHWbCzKKLJYq8r88Eg,Kristina Johnstone,https://play-lh.googleusercontent.com/-FJp1UjaKYwM/AAAAAAAAAAI/AAAAAAAAAAA/AMZuucmmU8vD7-pbaPB-CTD0jsWB82T8hw/photo.jpg,"Really good app, very informative. I would like it if you added pictures to the plants so we can see what they look like.",4,9,4.0.4,2019-03-15 00:13:49,"Hi, yes, that's coming in the next update.",2019-03-15 15:38:11
gp:AOqpTOFkZQkb2B2LeL2BKnSLMOjwnbTZ1IQIl8MCp6d3awdmR6VUSxWtUzr4eAw6Uf0slt4quFas2lMse2krWw,A Google user,https://play-lh.googleusercontent.com/EGemoI2NTXmTsBVtJqk8jxF9rh8ApRWfsIMQSt2uE4OcpQqbFu7f7NbTK05lx80nuSijCz7sc3a277R67g,"best gardening app I've come across so far and I've tried quite a few, has vegies I want to grow where others didn't have all in one app",5,4,4.0.4,2018-12-29 23:51:42,,
gp:AOqpTOGvZt9P-LTqAWKExR0YBbfqpqnshcE8MyrjDy0xp-pgMXrFn1xgLoi0gKELLVTpVXCILyO-olT9u8jR1Q,A Google user,https://play-lh.googleusercontent.com/EGemoI2NTXmTsBVtJqk8jxF9rh8ApRWfsIMQSt2uE4OcpQqbFu7f7NbTK05lx80nuSijCz7sc3a277R67g,A really useful little app. Please consider adding average germination times if the data wrangling isn't too much. I like the option for adding plants!,4,7,4.0.4,2018-11-14 21:14:20,"Hi, I'm working on the next update and it will include germination times. Cheers, Chris",2018-11-16 14:52:44
gp:AOqpTOHxtELkc_S2m00FMEUn1-JhtHCZ_cjpvb3BW4fyxqaoQvbKGyg9lvxTnkLeY81jXxPx1KbuDfD8D161Cg,A Google user,https://play-lh.googleusercontent.com/EGemoI2NTXmTsBVtJqk8jxF9rh8ApRWfsIMQSt2uE4OcpQqbFu7f7NbTK05lx80nuSijCz7sc3a277R67g,Ok but could be a lot better. Limited list of plants. I installed paid version of Gardroid which is far more usefull and functional. This app has not been updated in 3 1/2 years which means it has been forgotten about in my book.,3,2,,2018-10-31 19:49:15,,
gp:AOqpTOFILx9zIIccM0DbS_PWZbypvHFvadsGfOZaNKB09B7-Yq4pf6Reg7D_qJbaxOCAmauLcb4PNmcO_BDocg,Jalanda M,https://play-lh.googleusercontent.com/a-/AOh14GixtfjJI7eeEwbZ70rJFp-JwUBuaMJJRq_wq5fEeg,"Looks great! It would be handy to be able to add a greenhouse/conservatory location to the app, because I figure the 'climate' of that would be different to outside, or frost sheltered areas.",5,1,4.0.4,2018-08-27 23:21:06,,
gp:AOqpTOFoN12lInO9Nc66agG72fTIQwd2T8UQmXnaCZJy7jb6v3e0iPEZueF5-hQsFUqfTaH5_EaNHLs-jGzTZg,Richard King,https://play-lh.googleusercontent.com/a-/AOh14GjDpLhbFgJmgnaBDB9J41_g-rS-ErsRHtiidFZghA,"Thank you! This is just what I have been looking for in terms of 
determining which vegetables to plant in Australia. Couldn't be more happy 
with my purchase.",5,0,4.0.4,2018-05-10 04:04:40,,
gp:AOqpTOFZFq8n8ffbSpof9ivtu_hujdEiY3ES4xBgcAx_wS2LedS4AuejlFPd05GWvWy2HqRtgYRh38kc2M_PlA,Sharyn Lidster,https://play-lh.googleusercontent.com/a-/AOh14Gj-pyGuXpBd4dj_Knf1B0wJ_PTdAFGE8fBUVeJbNg,I particularly like that this app has climate zones for many countries. Other app developers seem to think that the USA is the only country that uses apps or grows vegetables - oh silly me I forgot that they are the centre of their universe. I have tried other apps that have pretty graphics but they lack the detailed plant information contained with this app. The planting and harvesting links to my calendar are a big plus. Great app. Would like to see some more development.,5,24,4.0.4,2018-03-30 15:25:22,,
gp:AOqpTOF-qsHVIqRzhlKIjk75voIiLLVflON3HlVt4qVVsVrjHj1WwxthtuaJvjTYqEmOpbZBxxvntMqI3sL7zQ,Daryl Walter,https://play-lh.googleusercontent.com/a-/AOh14GiPdImJK_uf6oGD_IKhcgbcC0VEY2hGEr1wAANW,"Great app. Includes climate zone setting, planting guide by month also Crop rotation and companion planting hints.",5,0,4.0.4,2017-11-08 11:52:18,,
gp:AOqpTOEJ6-ew39IKiUnbhkQzbqWl1DxTb1m5659dqeHEpacnd8PoXGkHXHiP4UCWtnYHkys1agvwFuhLxR1S1g,Melanie Marsh,https://play-lh.googleusercontent.com/-5wWHCGa0LJc/AAAAAAAAAAI/AAAAAAAAAAA/AMZuucnrXkWO_C0fmZc5hzBE7xIWSyg1SQ/photo.jpg,"It is a good app and like being able to see what can be planted in a rotational system. However, i would also like to be able to record my perennials like my lemon tree etc. Not necessarily for harvesting but for fertilising reminders etc. I have most of my veggies in veggie box/crates and would like to be able to group my list by the box so i cam easily see what i have in one place.",3,1,4.0.4,2017-10-30 13:27:44,,
gp:AOqpTOHrSjMSXKule-YQRHbXcSXgdUMvXMBkcGHCZhopb7_xKvrXKVYHODYUB3CyndLsp_wFARQzVCAWl830Ow,Dan,https://play-lh.googleusercontent.com/a-/AOh14GiBRpQy2JZZd9ksHJwR_64ya4vvRh8x48TkorDrGQ,"Hasn't been updated in 2 years. Doesn't sync properly and the interface is clunky. Also when searching for any plants, even common stuff like tomatoes, nothing shows up anymore. Looks like it's been abandoned or something. Was ok a few years back...now? Nah. Uninstalling.",2,10,4.0.4,2017-08-07 17:40:49,,
gp:AOqpTOFBVEwmTR8iW5Kd87hx-rSsGaI1XsrsgzoD5uNnRcVQ3Bfz7YXbTs8PN7g70NCjkzQx4DSRedrjXf8FvQ,Ray zx,https://play-lh.googleusercontent.com/a-/AOh14GgdWfEI8MA4UXXsHk5LRMnVnaVx9FQQL1wY9YFTUg,Easy to use. The reminder on the calendar is fantastic. Thank you for making my life just that little bit easier. 😊,5,0,4.0.4,2017-07-02 05:45:31,,
gp:AOqpTOFBf2mazE1jXzsvxNjI2Ih2gLDja9uT4FpPQYbQ1TAq8XXRDCIJ9bvTcNMcFMbnh6qJM4tJO06Yb9fKJA,Kathleen Smith,https://play-lh.googleusercontent.com/a-/AOh14Ghi4xPnrz2WKqlBXPNpQHwluHroSGHT-_2X3EY8T2M,"Great but... Good because it is small, simple, easy, versatile, good value. BUT beware as SYNC is not automatic, so I will likely lose all my hard work if phone is damaged, changed or lost. I rely on my many apps to auto auto sync to Google as I  am rather forgetful at times! :(",4,13,4.0.4,2017-06-24 06:20:54,,
gp:AOqpTOGJDGR4q5VBghUWLJxRANdKkdWnuX0S2G6JV69QiVCtRViR0tQeaCg4H3w05xwWaQjaySEfiqtcBaiWtA,Amanda Angell,https://play-lh.googleusercontent.com/-sx84Qy0G2OM/AAAAAAAAAAI/AAAAAAAAAAA/AMZuuckOrYLIsywlUp8TmbYdntSeFPR5gQ/photo.jpg,"It'd be wonderful if the app gave me the planting reminders, but for now, I need to be signed up for the email list. Also, would like to know the plants preferred pH, rather than a general ""add lime"" suggestion. Reminders and a way to keep track of fertiliser applications would be awesome. Gardenate is my favourite gardening app!! :)",4,0,4.0.4,2017-03-10 22:28:41,,
gp:AOqpTOFlVT23R-EYgbKUCCBAL7LFxY5x-MycNT3E0hApgE11QpyeIq4Ck7YAyL56BIv6jKjBsRKMhCRHhfd5Ww,A Google user,https://play-lh.googleusercontent.com/EGemoI2NTXmTsBVtJqk8jxF9rh8ApRWfsIMQSt2uE4OcpQqbFu7f7NbTK05lx80nuSijCz7sc3a277R67g,Photos or a few pictures of each plant or variety would be helpful.,4,1,4.0.4,2016-09-06 03:48:38,,
gp:AOqpTOGsjfXEISI6YPgYKxY2lLkuSWqfZzwzcvSwtU6HXPKnpmu6UnB9SHmm7iPpClBzxhq-VjbgC5jdPIM9aw,Ramon R. V.,https://play-lh.googleusercontent.com/a-/AOh14GiMalipysuzVVDCUb0XKNBy7jGVmcV-bNuGEsIF,"I couldn't add images from my gallery, only straight from the camera. It would also be good if it was able to add notes in the plants other than harvest, e.g. Fertilise.",3,0,,2016-08-24 15:43:01,,
gp:AOqpTOHWRpu7lGnicBmlMMMUCgkvZrzlo3awQ4xQP5JzBSO2XFUL_8DB28RlxN55dO56XzNOFDxkG0uaq1-1wQ,Chris Smith,https://play-lh.googleusercontent.com/a-/AOh14GjmNGFVEmNfSX1ngD0iBbfKjJnDFOumkH-09QgHzw,I wasted my money buying this. It's very basic. You can only show what plant you've planted or harvested. There's no option to show when you've watered or fertilized. Kind of important to know when I last fertilized. And there's no option showing that I sowed the seed directly into the ground. And the list of plants are minimal.,2,16,4.0.4,2016-06-20 15:45:21,,
gp:AOqpTOGVG-Jhf9CJoj96Xy0pxYjiVj1iBo4Cyjxt9fhdw57ZQOC1fMrcnAPFuOzS62Hp4xoEUP9-95MxGH8heg,Northeastern Guy,https://play-lh.googleusercontent.com/-Z76Mor1gNow/AAAAAAAAAAI/AAAAAAAAAAA/AMZuuckx35OXI1AFPPbb9NtesKRh011MAg/photo.jpg,"This app is very cool so far, but it doesn't have peppers anywhere, of any kind.  Can someone update this?  I grow all kinds of peppers here.",4,4,4.0.4,2016-06-12 13:20:11,,
gp:AOqpTOFgLKsMpl5CeN9UZ8X2vEldDTIVdp2kFyxU-bVTxdgJp_x0l2muNoYNQW9v5d3inheLCs9zmrFOsh4oJw,Anthony Hinderliter,https://play-lh.googleusercontent.com/-Qw_aookcm0E/AAAAAAAAAAI/AAAAAAAAAAA/AMZuucnmMmrEd65iJCxcpJi1HYsDiRrLTg/photo.jpg,"Just started using this app. I like the idea. Can't find d some of the things I have to plant. Not sure if I'm using it right, which I will admit. So I guess my thought is just the app could be a little more simple. Easier to use maybe.",3,1,4.0.4,2016-05-15 15:43:35,,
gp:AOqpTOFfY2JbzJNg4i6Di3q430EH-sDwGtHeyBrayMO762I0IWO50yis2alAGaJlWTr2PXdtaCFmx9h0thGVRA,Ian Link,https://play-lh.googleusercontent.com/a-/AOh14Gh_eqyqgO3RzlQClPs2PptuAq8j9Ddqpfh9dCHN,Just wish it had support for square foot garden plot planning.,5,1,4.0.4,2016-04-23 16:41:43,,
gp:AOqpTOEODtx3YHFWGZ7SizoL15n31JWIY_6GL28wLDNTZ3KFRzOpiCcHlOYvmySwoVNKQp4zucG1euJYkX0F1A,Gwynne Mazour,https://play-lh.googleusercontent.com/-htK0-BKHlrw/AAAAAAAAAAI/AAAAAAAAAAA/AMZuuclcrQdNgnxoz1gCrtlPp9ZQVT65Sg/photo.jpg,Glad I bought it,5,0,4.0.4,2016-03-30 12:18:46,,
gp:AOqpTOGHAm8Z7_h1rkZb5c5D9XB6KSp-3QUzmthfaFceWvNIE6KMhb5WSWuBzxq4FcCH0T1z4GStyWxpL9y_qw,Andrea W,https://play-lh.googleusercontent.com/a-/AOh14GhLgY5xnZikNgeQSNS8jXUoMaWKzhsUgn4DzGgJrmA,Everything I needed!,5,0,4.0.4,2016-03-13 07:09:21,,
gp:AOqpTOGVtBwl-_Xz_F2iRMxDZC4n75Mc2mRjt7PUhcI3-dcnO_vS3DUh5ahWQ-tH14w8Gze_LklH1P-S7n1J5w,Natasha Gunn,https://play-lh.googleusercontent.com/a-/AOh14GhDUZsKfe3i47HalO4J1qqhbaNz9sKa0PCRbI7obNU,Great app I use a lot.,5,1,4.0.4,2016-03-03 23:49:59,,
gp:AOqpTOEhTPQPHlcKK3U5I7unqDsY9cRMZxJHMVn_HbT33szq-Rclp1OFDGIItF2DapO73z1dCTvtC5-4J38CiQ,Mark Moss,https://play-lh.googleusercontent.com/a-/AOh14GhYfqg0lDMtW2GJ4VZ-Tbd0Gh0R66u5bHgIiPpn,I want a blueprint for my garden layout I can read packages and get this info,1,0,,2016-02-23 12:44:58,,
gp:AOqpTOEMayks4yEAduiMvZY8zIEoKl_0hpFw69uJ1I8Lrs-0q5vQLO6_ygeoTDUZ9ESuQbC6Gr7njyMspyO4vg,Kuo Chen,https://play-lh.googleusercontent.com/-N5f_V88sbsE/AAAAAAAAAAI/AAAAAAAAAAA/AMZuucmSs3TYopwOWzPqcKACzdW-KJPsiw/photo.jpg,"this app has so much potential Duplicate check Plant search (categorize, alphabetical) Delete entry without opening the item Take picture camera, gallery or downloaded images Add web links field Print features Multiple devices, sync Cloud storage Option to add beds, custom fields please",3,5,4.0.4,2016-02-12 06:20:05,,
gp:AOqpTOEFJQu9smaKx1oH5v7xJLjNNv1HcOx9o410tvidN2DIHHBUj3XaeYwwNIRKBNXhLejqHPlkpniBckaXVg,Chris Smith,https://play-lh.googleusercontent.com/a-/AOh14GjaGyKNRwevMLAb6pXD85WvWagvCsYvRkuI3QpL0A,Had a few problems setting up sync with my partner's phone (due to my own error)  which the developer quickly helped me fix via email support. The best gardening app I've used so far!,5,28,4.0.4,2016-01-23 09:07:33,,
gp:AOqpTOGFcuXHMuaUZiIKZklNxgONGrxVNsXuFdCc8-Oj-Oi1cS0bVOeVEuYe0y2ablbGXXeTT3vbaDGwFisizw,Holly White,https://play-lh.googleusercontent.com/a-/AOh14GgGOO1qhRSlKpNAcf_zFHUwy9LQhE-SGK-k7ZAO1w,Solid info and great features in this app two green thumbs up!,5,2,4.0.4,2016-01-13 13:17:23,,
gp:AOqpTOFkF0x1Ez-zc6wkzf4t8HQeWA4muD5id1Ffihb4dHqjEKIzlOvOki_FLGu2dDN5PmYCsi_sVxwNpWHx0g,Amanda Sarnoski,https://play-lh.googleusercontent.com/a-/AOh14Gg5LV_mjciHnL7WrnPyvRT3QG0_wHoG_3MtBoiZKw,"I was disappointed with the lack of available vegetables and fruits. Since so many of my plants can not be added, this app wasn't able to fulfill my needs.",2,1,,2016-01-06 21:18:56,,
gp:AOqpTOG2GS6BkcRKlsudLsMonLM4_HNlfLq5U-1j6fSutYN6o-CXRi-fzI8jbgaOlxufnE7MwTB5caAMHBklww,Louis Kinstler,https://play-lh.googleusercontent.com/a-/AOh14Gi7pQxcvbcmIti2lAWS2aBBynUok5WQ7Km-qeOctQ,A great tool and even better reminder to plant.,5,0,4.0.4,2016-01-03 15:46:28,,
gp:AOqpTOERIzzbWULoQ3dFHgXlriGkoQ8QxQyNnTBbDp6Kp_tKSHJLg3n8_isVFww8ALZLGeUn0igpLpJ5_kvT3A,Ronan Cato,https://play-lh.googleusercontent.com/a-/AOh14GjEmBdFU-oE9OURNtQOniIZG4Z8ig5gx2SIqMSw,Cool but I expected more,4,0,,2015-11-16 11:53:06,,
gp:AOqpTOH3wfs5AoRF1SNSJ6vlS5nN6fkWOkEHielSSfZf4IZ7WZDm6jv2946eS3lPjzROLxY9K8aRG-sZTc8hnQ,Tiawamutu,https://play-lh.googleusercontent.com/-Biy4_AfD0RU/AAAAAAAAAAI/AAAAAAAAAAA/AMZuucmw_hblkmPsEsTPihr5MlxgE9qIuQ/photo.jpg,"This app is ok, but is telling me to harvest my veggies far too early. Not really a useful tool.",3,4,4.0.4,2015-09-20 05:40:59,,
gp:AOqpTOEH-QcNbTvmR3Hhy2s6rt8g_DCDaUDB9kJtvcZdn7eaal_QMioGwqjwmZ3k2aOjcfCsQQ1LAE0ALQHvuw,Szőllősy Gábor,https://play-lh.googleusercontent.com/a-/AOh14GiuNW321WEgD5tS-G-MU3eZcxfYvsYvcKwfVTT-kS4,This is exactly the app you're looking for if you want a harvest diary and a planting helper that reminds you. Great job!,5,1,4.0.4,2015-09-02 22:17:12,,
gp:AOqpTOEzEqAvV9BIj_orSS1qZzj7PjDSQktBA30rJhcvFVB_OQ8TszbG8APKVuUGa-yxgB55cdD4cInBYEpWwg,A Google user,https://play-lh.googleusercontent.com/EGemoI2NTXmTsBVtJqk8jxF9rh8ApRWfsIMQSt2uE4OcpQqbFu7f7NbTK05lx80nuSijCz7sc3a277R67g,"I've used their website for years, So no hesitation payin a couple of bucks for their app.",5,1,4.0.4,2015-08-19 15:48:10,,
gp:AOqpTOFMwcFC-EbGYm9oiWwEGzZf2K5QvqCBw6elrh-8Y0NeMD2GBDDRn1lIt08qis1NIc-kzLyxDNrn3m8ong,Matthew Bodin,https://play-lh.googleusercontent.com/a-/AOh14GhXxO_lP3u7KIODFk7DQjPQSQXtVdO7UxTmfRX6,"I love the app and the website. Could it use more options, always.",4,0,4.0.4,2015-08-17 00:58:52,,
gp:AOqpTOHCbRJ1cm1genrl1xUDt2hovGwVfndMs0YcGkMzi7OChJi9_uFF3J1Hv7JdgRVjAXcigw8NtzcSPEvWOw,The Count,https://play-lh.googleusercontent.com/a-/AOh14GjWdUtHgXsUNqTL5MW5X4Xz0DacVZPe9iVfIRzLpQ,"OMG not for nothing but I just downloaded it went through it and its great believe me this app is great and I have a few, I grow many plants and give seeds away. And find this app better than others I have downloaded like gardroid.  Buy this one 99 cents.  I grow in zone 12 and grow many things that are not recommended, gardening is trial and error but this will help you follow the guide lines.  Put your info in.  Don't be lazy that's how you make sure things are fine.  Peace and love. We are one.",5,45,4.0.4,2015-08-03 21:41:05,,
gp:AOqpTOFTdWhNLvWW77FxomOoHNiT6bLEKCGP65WoIvvsMwzrXQxVzNZNMwD4miSIETKWubuxhvE3xjOnEc0v2g,John Crossley,https://play-lh.googleusercontent.com/a-/AOh14GgNggT8XnbmEKdZJdSfkWDU-qy4d_A1Ur24-KdF,"App just updated. I, ve  lost all my info. Is it me or does something need to be fixed?",4,0,4.0.4,2015-07-30 02:30:48,,
gp:AOqpTOGtx9AgNdKeygLpd69VVroxwT2jsPhJhZMrO-QCaTdeXbhwmStMhW6ahF-wDrBl0_beWkMoVjusuZ5edA,Jill B Edwards,https://play-lh.googleusercontent.com/a-/AOh14GgX8svpL8k1oQOY6HRVTVhezhOk5Ams0_nD6LGLNyI,"I love that I can check on plant compatibility and fine details about each. I wish I could add plants to garden before planting, to help me plan better (and give specific windows within a month for best planting). I also wish I could manage multiple gardens in one app (also like Rodale's Organic Gardening app). If there were an app with features of both apps, I'd only use one.",4,5,4.0.4,2015-06-21 12:58:59,,
gp:AOqpTOEJ-B1StfeEkEFUNVuKinBKkjWsfQ0pcXPyFCpmb9rgHji4v4HY-Iap45b44W-8TCvkl62MeGJWcjHHQg,A Google user,https://play-lh.googleusercontent.com/EGemoI2NTXmTsBVtJqk8jxF9rh8ApRWfsIMQSt2uE4OcpQqbFu7f7NbTK05lx80nuSijCz7sc3a277R67g,Good useful information and integrated with your calendar.  Shame there are no continental Europe climate zones on the list.,4,3,4.0.4,2015-05-05 11:56:46,,
gp:AOqpTOGCaS8UNPsKlBWfiWUtYUmVocx17aILF25TBvPHXWa3m8tuHb0ZkYVIjLnepYwln4AlKWYfxdNPQDOO2w,Philip Steinke,https://play-lh.googleusercontent.com/a-/AOh14Gib4B89wYZsIAzECFLVvXHC5ieJv9h-5V47VS2Kf0o,"It doesn't create any actual information in my calendar. No plant name or action. It just creates a pop-up expects me to do the date calculations and enter it in myself. It also has a bunch of information about what not to plant it with, but I'm expected to calculate that manually myself as well.",1,17,4.0.4,2015-04-21 22:37:55,,
gp:AOqpTOEXKie1W4HJagiWH_gg5Gi94t3H7CPt0tINV-zW29yGNVVf-UFYAej29E17kUlTcceDAlKIfeGlVbq9zg,Allan DeSalvo,https://play-lh.googleusercontent.com/a-/AOh14GjvstE1hvM17F8E_bxHNqloZpB6fh4p4hmMP7Q,"The latest update crashed when I hit the ""plant something"" tab. I sent crash report. Was thanked for this. Email confirming fix and update within 12 hours! A great app full of information that adjusts to my locality.",5,24,4.0.4,2015-04-13 17:50:12,,
gp:AOqpTOGfhplrXOdAUuZPCfSd0tApE2W00fPMf9Nl0vL4VuUlN-6CzROoeN-Hxteb3yzNgfQviXS0u1sOkmS2FQ,JEAN de la Roche du Ronzet,https://play-lh.googleusercontent.com/a-/AOh14GgQas6_UzpmDIh_GZX6AkcQ-czYxrsehS1yoy0w,"Needs a few more plants or trees with fruit, like banana, apple, pear, fig.. and also add which plant prefers morning mid day or afternoon sun and how much sun..",5,0,4.0.2,2015-04-12 05:41:15,,
gp:AOqpTOHaHPM7sM5VJILDv32ze1UPGUuilja4SPsRLZ7C891CK2DtnZpx3nH0v5SMfGCeSHxLTrtddySHqmHI3g,Tanya Dwyer,https://play-lh.googleusercontent.com/a-/AOh14Ghqt2hv1QzRkIlNl0z9lsYuWfuuuf2Hv3cmUt6N,"I haven't ""used"" this app as yet, (I just bought it) but a quick browse around it certainly looks promising. I'd really like to grow more of my own food, but really need something to physically remind me to do so, because as you all know, planting times are all important! This might actually help me in that regard! I also love the feature of Australian climates, as most of these gardening apps are for the US only, which is next to useless. I am SO looking forward to using this! And although future customers might hate me for saying this....I would actually be happy to pay more for this app, just because it seems so complete. Thank you for making this wonderful gift to the world! &lt;3",5,3,4.0.2,2015-03-24 05:07:04,,
gp:AOqpTOF3BbzkMiZ6cFYxPuRomUoZ-bVz3d_mADE8iSDJ4pmyn4lw4siMh9fwtz9ozMzHBQynQjTfBHPsSrxXrA,Rose Moore,https://play-lh.googleusercontent.com/-qyzRMrIUSgc/AAAAAAAAAAI/AAAAAAAAAAA/AMZuuck5hb-Unjt0jT4TxJwSWR5rfq0Ibw/photo.jpg,Great service from support on questions before installation!  Interfaces well with phone calendar reducing need for typing in descriptions.  Would LOVE to see Lunar planting guide included as I am currently referring to Lyn Bagnalls moon planting guide then transposing to App/calendar reminder.  Would also LOVE a widget to display on phone with upcoming 'reminders'. Great work - love the www - can't wait for more! Rose,4,2,4.0.2,2015-03-22 02:55:46,,
gp:AOqpTOE82ZahYs3zozpTosr2S4pJdub8WzQV3j_nsDmURaJ1Zk813H6aI3_6MOGS3fQ4xmi14zRx8ZLTinQTmA,Anke S,https://play-lh.googleusercontent.com/a-/AOh14GiTTTJg1nB6S1s4tSKBNZo90NjwR2HSNHf7pSwW,I like it. A suggestion for improvement: it would be great if the monthly plant list would indicate the already purchased seeds to be planted.,4,1,4.0.2,2015-03-20 03:33:21,,
gp:AOqpTOHT-8uq2UqqBe2MLEtLEXXlIm-s_v8K4B2gadI0dR18Xxbzx1COF0fAy9bJdYqhs5Q3YdzPbyZdDjBt9w,George Babiy,https://play-lh.googleusercontent.com/a-/AOh14Ghk0UN9_EIwL5wHZxosW8QxZApZ5bQ0txI2A3k7vQ,I know you are working hard guys and its a great app and all. But it would be lovely to have small pictures of fruits and veg next to description. And it would be nice to be able to connect the app to your seed supplier via link for an immediate and direct order. Four stars until then. Kind regards. George,4,1,4.0.2,2015-02-22 02:50:21,,
gp:AOqpTOEz_OFn1KX1dgJ8QOq3PkOBPC5cSvBF5wVc4jDoIlvvEDfhXGpV8vJwDLTaRo5yd-r2aHWWsUU9yfZYwg,Matt Allen,https://play-lh.googleusercontent.com/a-/AOh14Gi9UsWm8Yu9lB2UiccKVG4A_SUvMDI2E9uM75gu,I love this app. Big help......especially for us beginners.,5,0,4.0.1,2015-02-09 22:36:31,,
gp:AOqpTOEoG0pz8Gsiux1uSlrGblAcJ5BdJgDzMOWzS6NO90RPOmHCiW1Is7tBx30r1kXzYftvlGbvnDnuPlIvLQ,steve,https://play-lh.googleusercontent.com/-X5YR9saWEFk/AAAAAAAAAAI/AAAAAAAAAAA/AMZuuclFQypGb37uAo-ymWQYk-RXkDpFbw/photo.jpg,I love this app. I have a few gardening apps I have downloaded now and this one is by far the best. It has pretty much all the information I could what when it comes to sowing and growing my veg. Also like being able to add pictures. If there is anything more id like to see added it would be the option to add captions on the pictures and also the addition of blueberries/raspberries etc to the library. Thank you for a fantastic app!,5,1,4.0.1,2015-02-09 09:03:52,,
gp:AOqpTOERXYbBOeVHbqvNLMN5PMuwRbLD2O6vnVK8-SIP_P5mKEWR1Diuf6Kt1ftBv2Jz4FQnmZtlIWdukpl7yA,A Google user,https://play-lh.googleusercontent.com/EGemoI2NTXmTsBVtJqk8jxF9rh8ApRWfsIMQSt2uE4OcpQqbFu7f7NbTK05lx80nuSijCz7sc3a277R67g,This app has come a long way. I used to have it as a reference for when to plant but with the calendar integration and sorting this is my go to app now.,4,0,4.0.1,2015-02-08 18:14:26,,
gp:AOqpTOHWiGu7ZJZyL2nrNupH2B9I2vPoj80FOruldw8qK1nMJ9aX9KwqcvzHN5Z_ZKJ07zjajgPgcFELf4s4vw,Heidi Wruck,https://play-lh.googleusercontent.com/a-/AOh14GiNleQsn9YUWmPh9k8KIWloYKV9h5qp-A3YiU4dLEs,I love the new update. You guys are doing this right!! Finally something that works for MY area!! Would love a way to be able to add a picture and measurements of the garden (like an overlay on the pic) and add labels for plants so can plan rotation gardening. Would also love a beneficial plants section and fruit trees section. And maybe something about what to do in the garden this month and this will be the bestest app ever!,5,1,4.0.1,2015-02-02 01:17:48,,
gp:AOqpTOFg8A1baZNo1mBuzpth5k13ApwBKn7awDcXxSx5XzjqvKx-XD-EzOtQ4ExnbreShQOxeg826PD5F7o-dg,Liesha,https://play-lh.googleusercontent.com/a-/AOh14Gh1i43xoa0IgtZ_-SPhQUcK3fKWZ-xnWiqaPKTrZg,I really like this app. It makes it so much easier to track what I am up to in my garden.  Some harvest times are not correct. Would be good to have some handy hints.,5,0,4.0,2015-01-30 00:27:01,,
gp:AOqpTOEeVQyxKM82U6lFD5Fek0nhjn4J7f_Odpa9BDLcihM6rE4rtnrhvfGHUbbF14UZPS9bZNR69IPPnX57QQ,Andrew Savy,https://play-lh.googleusercontent.com/a-/AOh14GiMAJ2-vlPssLxezDMr8YlqQpu2QFPj5Y0OtEuvnw,"One question, why does the update need access to my phone number, see when a call is active, etc?",4,1,3.1,2015-01-29 02:40:44,"It doesn't access your phone number, but asks the phone for your geographical region so it can set the default climate zone. Unfortunately the permission to do this is bundled in with the rest of the phone permissions.

And now I've found that the permission isn't needed after all, so the app doesn't ask for it anymore!",2015-02-10 01:34:57
gp:AOqpTOGEEixG-jf4twpGb5egM4cnPRdPWCSS40FLRGdDQaJrRonDaMrnWpVWOi8x9m928f85GdusdQl2dCmxHA,christine walker,https://play-lh.googleusercontent.com/a-/AOh14Gh1SMsMMoY0kGtFuRZugDWHSBWyNfj6A1tCMsUwMA,"Brilliant , the best possible way to get started with veggie gardening & to keep up with what to put into the garden at different times of the year. 1 love it and use it all the time",5,0,3.1,2015-01-27 01:11:34,,
gp:AOqpTOGnOis2JwRiiDtxg70dL3XHUfcaPa1BpbdlE-tuGnMp0ls1J2d7weePluXzGCvN5heOG4amK_yCtTmUew,David Tamboli,https://play-lh.googleusercontent.com/a-/AOh14Gh3u5kMLkSLpLG8cFHJRB6zKIEyZVvUJG0qFPxnr48,Have been looking for an app like this for a while!  Pony up the dollar as it will make planting times a breeze.,5,1,3.1,2015-01-13 06:29:22,,
gp:AOqpTOFuiZaZxiaI8LkwHbhJMgWedCtBlEZmDyxq-Sw6SqKckaUo6yQRyYmSBPIRiSwTpDZQUlrw0ewZvi9ZuQ,Angus Lumsden,https://play-lh.googleusercontent.com/-VszmlBaOF0c/AAAAAAAAAAI/AAAAAAAAAAA/AMZuuclgmrW9Y5zWL5EpZMGby4OuezA_5g/photo.jpg,Great information provided. Photos of plant would be a nice touch.,4,0,3.1,2015-01-04 17:11:17,,
gp:AOqpTOEWsliNR3R7WWm1hhZxcu7AL-FQsQ1GTqk4PVfRIWuCte0mczAGajI2B941V8OZSo-Fp2qRW4F7wJequQ,Erika Lewis,https://play-lh.googleusercontent.com/a-/AOh14Gj4wxgt2MYQY6fcdyhG0vFvvnuhY-RJNjJHkf5Y,"This is great for knowing what to plant when, and keeping tabs on everything. Some of the plants harvest dates were QUITE off, but hey- I kind of figured that out the moment I looked at it. I know there is a setting for planting seedlings outside, but I wish there was a way for you to track the moment you started the seeds indoors while still having a realistic harvest date. (It won't be the same as if you had planted it outside.) But a good app that I reccomend.",4,0,3.1,2014-12-16 20:21:54,,
gp:AOqpTOG9mhMLURa8p1dgZMT-SWN71F8HaGRrhlCf8O_ZLe6hVjBPGjoFyIJU0T7xPay0CwQswnaxvSeSbrEoSg,H Bleakley,https://play-lh.googleusercontent.com/a-/AOh14GgEatEEu4pp3lGJz9qJsUgllTxA1hjXFBVQMeQ2hw,"Really like this app. There are a few features which would make it better, like watering information and fertilizing tips. A schedule or alert function for fertilizing that could be added to the plant profile would make this app totally awesome and complete. Thanks.",4,2,3.1,2014-10-31 22:55:28,,
gp:AOqpTOEq5EtUSwcisHxkO_OTPTF429bUKiMNvHQdcv3iZw89N_KJAxahCpGqzcnfnDsdZziioLq5uT3eO9WsDQ,Cam,https://play-lh.googleusercontent.com/a-/AOh14GgyEo_Nk8JzEb7zxDgiyUS3OM15sKkMSFzgmoHpxr8,Best!! Should be able to design the perfect veggie patch in a plan set out as part of the app.... 5 stars if that was possible.,4,2,3.1,2014-10-22 08:23:19,,
gp:AOqpTOGOoKFuqmdPnQU-jxe1GSJzrgLpVSUgyJZluLPkmD14yVUi_1uDKFyeDGcgQfp3lB3TwkSZXGnULE5aaA,Ben Cains,https://play-lh.googleusercontent.com/-kHbRGHHXR48/AAAAAAAAAAI/AAAAAAAAAAA/AMZuuckHRDIIJyo3f27h1Vs33a-FPUsSIQ/photo.jpg,Good for newbies,5,0,3.1,2014-09-30 03:21:04,,
gp:AOqpTOGEhx-YfX9OZghE8Yepn1hmnPv5nTm4pr9qVaLtaenjoTBOiChep1eJCBDW304YaYmktlXoi1C8k8GAvw,Shane Collins,https://play-lh.googleusercontent.com/-Be2XrxWoXyI/AAAAAAAAAAI/AAAAAAAAAAA/AMZuucldGawpwcZ_AC1S7t9yYJa2I7RPUA/photo.jpg,Would love to see the addition of fruit tree's also. Keep up the good work,4,1,3.1,2014-09-18 00:19:03,,
gp:AOqpTOGLwvlQQLgNf1DpNSOj2a8VZQXnHoBxxlv6jKNfYffJ-MewSwSkP8uUyKlj5I44K7eq_Op-8WOZhFvmAg,daniel harlan,https://play-lh.googleusercontent.com/-O7X12jT3tw8/AAAAAAAAAAI/AAAAAAAAAAA/AMZuucniW8CcTXBUpGcgOIRD05xBiyOaqQ/photo.jpg,If you garden.......just do it.:-P,5,0,3.1,2014-09-05 11:51:09,,
gp:AOqpTOENz3aIk5eKiOJc7vJy_maZGT0ge4jFoOXCAz5eJVGbf6cs4K7CjbDFouTEZ5MiR6vyhNB0MOt3ePTUSQ,Michael Healy,https://play-lh.googleusercontent.com/a-/AOh14Ggd0-xHu4B-Lvuh4oPSz2ZLxkRxXKV-8dPeevI0WA,"Been using this app for over 12 months now. I love the planting guide for different climate zones - so many seed packets don't take that into account in their instructions. I've also found the in-depth information on each listing has helped me develop a better producing garden now that I know what can and can't be planted together. Well done, keep it up!",5,0,3.1,2014-09-04 03:42:30,,
gp:AOqpTOHEq0mK6igSSC_8ToxyOAZZXTBta1VKqpLwk8C3MGBXLWMCRO6Ph9I-HU8rZrvseM47A6tuVkYe06SDdA,Yvonne Menere,https://play-lh.googleusercontent.com/-4IOTa9doVZU/AAAAAAAAAAI/AAAAAAAAAAA/AMZuuclHnFvhTh01BAVEFs_eG07Xgs6QYQ/photo.jpg,Only trouble is I cannot sync my garden between Samsung devices?  WOOHOOjust got it working. Re installed it. Excellent app thanks Dave.,5,2,3.1,2014-09-01 04:30:27,I'm glad it's all working now. :-),2014-09-10 01:48:52
gp:AOqpTOERS5b3eImsoyS2IA4-AZ9PV-HinSNT48MXCtSwEeDzsTe76j8RHTo83PAfHdKgsraDVf2EZTPRu7FLiQ,A Google user,https://play-lh.googleusercontent.com/EGemoI2NTXmTsBVtJqk8jxF9rh8ApRWfsIMQSt2uE4OcpQqbFu7f7NbTK05lx80nuSijCz7sc3a277R67g,Very good app,4,0,3.0,2014-08-22 17:33:13,,
gp:AOqpTOEz8H7iqSqd1Bg4B7ltb95A3WwXPxw-sfp6QPde5MQ6lRWqHKTtdfd3Ls52C3nH-7Q9k3FRuWPEPYGomA,Mark Sweet,https://play-lh.googleusercontent.com/-HC7MK7C91T0/AAAAAAAAAAI/AAAAAAAAAAA/AMZuucl1E4qXAW8EYKmtK3-dg1vlT8suEQ/photo.jpg,Great gardening app,5,0,3.0,2014-08-22 07:06:01,,
gp:AOqpTOHS8iuj_PgtIsCRKcfcYlPSiOotzHwD3HPjPGzD8bl7maQPfLAHG37MxrKOfCPdeD9LgQzQgsCpCe-hhQ,cheekiestmonk,https://play-lh.googleusercontent.com/a-/AOh14GiMh3e-elUP1OSdrBI-z5MhdUSF9jU8oGP6q6tY,Adding a section for photos and maybee a user tip section were users can upload tips for growing the plants and these tips can be reviewed and rated by others,4,1,3.0,2014-08-20 18:03:11,,
gp:AOqpTOHPAKQCossyI92cHJQTM-Y4oJnARiHWbyPpYvF-6S-fVA1MT1BiE8zItgRRrKwHidtszBg9zgesEqRcpw,Brett Machen,https://play-lh.googleusercontent.com/-BkuLxL_GBpg/AAAAAAAAAAI/AAAAAAAAAAA/AMZuucl2ffvlGybt6XVqZ7Ql0UxLma2jrA/photo.jpg,Samsung Galaxy S2. Works better than expected. Reliable and accurate information. Well Done,5,0,3.0,2014-08-20 07:53:55,,
gp:AOqpTOF5oXypksNYXuRVEse4P3ptfHH6PCMR852AXMMRr5DDslUh1v6eH9x9Yp3egSnnYOA9HCbuS6S1apGi8Q,Elizabeth Todd,https://play-lh.googleusercontent.com/a-/AOh14GhD-dcCNBQPgCL7KL1sR6RsztTAsg1GMN0Kn15qbw,It would be good to get notifications automatically for best time feed prune harvest etc or set custom alarm notifications get plants in garden I would like to have a moon calender added with notification of when planting is due,4,1,3.0,2014-08-20 02:30:00,,
gp:AOqpTOFEv7WVMyvLi-VRyWbJqjGzpcaj4aCYEFJ7TbDr_eoz0oZluu7gRHRacC2gC4ZWQ52S8J3sUkXiskdH_w,A Google user,https://play-lh.googleusercontent.com/EGemoI2NTXmTsBVtJqk8jxF9rh8ApRWfsIMQSt2uE4OcpQqbFu7f7NbTK05lx80nuSijCz7sc3a277R67g,Keep it simple keep it stupid,5,0,2.5,2014-08-13 13:38:26,,
gp:AOqpTOGtXkNEUPYNzRpgPxB-dBtYpsEfLtDhv3j8xjaAhBzCQAWXrAxzyls40WBbH6yx0uzIUmYyWqfxUGvYdQ,Kevin Martin,https://play-lh.googleusercontent.com/a-/AOh14Gg1WIDjkQDA9ymNAw2QJL98SOuRNxaBQ6_5UG4HIg,Very helpful for staying organized in the vegie garden.,5,0,2.5,2014-08-11 08:36:56,,
gp:AOqpTOEOVNhFKQ9ZOr8_en1NSqZytjAp_3su96msGqc-aU5x3C4mMYAjW_zl7KGD-Bk3QraFzaN7ZEp7SHezyA,Heidi Claus,https://play-lh.googleusercontent.com/a-/AOh14Gj2XI3R1PlhYqdkpBn8ZPSMi87RPc2scsmnviWToUc,"This is a fantastic app, but would be perfect if it synced with a laptop on the android version so I can keep my info when I upgrade my phone. Good news is that this functionality is to be included in an upcoming update :-)",4,0,2.5,2014-07-26 17:20:52,,
gp:AOqpTOEVKf3O3nvLWI9-iVdbnodN1VFGFvbz_ETzX4c9Qr-RnXtov4G4PiKpkHr_oBMkpn7f8fBQpea4td11jA,Nando P,https://play-lh.googleusercontent.com/a-/AOh14Gi2SUIySlkOf9T77g_XD53-8-AqlH7B3Vwr83TrzbQ,"I love gardening, and I lead a busy life. This application allows me to get straight into planting and enjoy the limited time I have out working in my veggie patch. Well worth the $. I like everything about it, it does what it says, well, which  is exactly what I wanted. A good addition would be additional gardening guides, such as permaculture and tips. really good start.",4,1,2.5,2014-07-25 19:48:44,,
gp:AOqpTOGqPJk85BgkL59F7GO-rmiD9TOK3vPvEixi6Vyc-C1S0kmdjiVr8XMiTQOv87RRq_AFeOZFdUV-2TXeYA,Tracey Good,https://play-lh.googleusercontent.com/a-/AOh14GgdPgTIxAeEgo853_2HNcE2VKrEGN_aVmcyY6XK0A,Great start but addìng different garden beds would be à bonus as would pics,4,0,2.5,2014-06-01 20:05:01,,
gp:AOqpTOFSDvEn33nZ2I4XmnXDrdOrt0l143qsSK-82op9w8DwxgPxEWox0JnA3C_-maLNImJoDoOHCq912dd-UA,Darren Rose,https://play-lh.googleusercontent.com/a-/AOh14GiqwgbXYGka_fuYEKXlCHciZ8fFbCLCqzdKnfxmaA,Would give 5 stars if plant descriptions came with a picture. Also adding a pest section also with pictures would be helpful,4,3,2.5,2014-05-27 00:22:24,,
gp:AOqpTOHPm2AkTUoedUjfXh9JMdG9_YrMs7H1cY2KHneRfUQGDZ0ugVU4Ht58z8ERL3SbVvXYzr3qJOWJaJMDaw,Daniel M,https://play-lh.googleusercontent.com/a-/AOh14GhlJ1r35HP8nVITryumYW9ZBU6_Ng5JWWTnWFLb,Great app but needs to synchronize with other devices and have the ability to create 'beds',4,0,2.5,2014-05-17 14:28:42,"Hi Daniel, this is coming soon",2014-06-22 00:03:06
gp:AOqpTOHGccsXK6adCCIi2zVmOYCfWTRgiKQIn1TKCITFP79J7zhWmjWcm8SmyN9wWhdUQoNxmGwv2iV1lwoEPw,Raquel Batun-Buford,https://play-lh.googleusercontent.com/a-/AOh14GgkpFjf9i4EZCPkXtzgFuxHO7lZ94O9pNORYjH4,We are learning so much,4,0,2.5,2014-04-25 01:09:36,,
gp:AOqpTOGFMOrKTs_SEO3paDPNWcOOj7zdSOKvSA8jO_hE5MfA7qc3S97GjkMQT1gTZECWJJ7Knw0BAuFIhJxemQ,Courtney Kemp-Beverly,https://play-lh.googleusercontent.com/a-/AOh14Ghlr1YF_gVPOHtb6H1F7E5VgVXsxIKHcnQukpUN_Q,"It's my 3rd year. And I am still using this app. It is by far the most useful app for a beginner vegetable gardner.  So I have this on both,my,kindle and my phone. It is very useful. However, is it possible to have a harvest been date and a harvest end date. It would give us more accurate information regarding completion of harvest and perhaps out could self adjust the days too harvest based on start and end dates?? Thanks for a great app. It helps me stay on top of my garden planning and planting.",4,1,2.5,2014-04-01 18:13:22,,
gp:AOqpTOFaXPlH40nIGUk2VkpwYoiezCBGza6m1EnqqzyCO7WsV4je4FPQIdgsfb5MnhvcO2ZdvEiPvTmHQBaSgA,Eli Silverman,https://play-lh.googleusercontent.com/a-/AOh14GhCJhP1afJsuo5qkhH3bEDjnUKXBFdHmBlSVT4b7Ds,Would be better if you could start on the day you start the seeds indoors.,3,0,2.5,2014-03-25 11:41:23,,
gp:AOqpTOGBWF5V5qBKbvMPZSYPSg24D0sFycmeSEiAbAujyyGslnUeL4F7DRyguHHFR0wjMx6rsyqlwlR7ez5CYA,Anne Ingram,https://play-lh.googleusercontent.com/a-/AOh14GhmCR7Gn5g9DWKCUPz3Y0SCbnilRR1zkSqtvvUE,,5,0,2.5,2014-03-21 13:37:26,,
gp:AOqpTOE-SQ9j_eMCzJ0blXG9SdhPqTh7_40BkacqaZsVxee4nChkrVBUbep4Ep-9pPAXVQB64tD1E9zaSfud9g,Adam Duncan,https://play-lh.googleusercontent.com/a-/AOh14Gj9Q_xhRG5SKYuVwhIQ0XtXPMD86rUvoP3KIcgv,"As a beginner in the garden  this app looks very promising. The calendar that tracks planting and harvest time, along with info on which plants are compatible in the same bed saves me a lot of research time.",5,0,2.5,2014-03-17 19:11:07,,
gp:AOqpTOHAqAd-aJTgtZj7JV32lQ4L8L0xRMQ7CEEhS_zaX1cns8Mo8jO87X_DereiuZtB-pkYEfKQXagetJNlFQ,Gold Family,https://play-lh.googleusercontent.com/-6VPhRusHEBI/AAAAAAAAAAI/AAAAAAAAIyk/AMZuuckJYW7ByVxh5rUKdITVvjj9ck2gpg/photo.jpg,,1,0,,2014-03-09 03:06:22,,
gp:AOqpTOG3IynzxeBaKIVoMMTxGv9IX1QQ2MkXl9POlFRoozxtYpxmqfjNedmFQlUEs4d0rSTnjTkiRESHTbEBOg,Damien Robinson,https://play-lh.googleusercontent.com/a-/AOh14GjncSThTwvu0gfRCs06SaTewVZnt1ioYRti4CN58hE,Easy to use. Great to keep track of everything in my veggie patch.  Can I ask for a feature to be added? The ability to sync across my devices. Would love if it synced on both my nexus 5 and iPad :),4,0,2.5,2014-02-27 23:12:14,Coming soon!,2014-05-06 22:58:26
gp:AOqpTOEjCdO0K2wuuSC83mNIUIpq3E4bWyNXnJuScyL6FuPHFRCLH_50VZlYs01zMM976xFCNrD-JWhhMpNjxQ,David G,https://play-lh.googleusercontent.com/-Myty9da0SFE/AAAAAAAAAAI/AAAAAAAAAAA/AMZuuclM_d9kRwX5epZEEbq6iLVs2l0qdA/photo.jpg,Complete planting  schedule you can carry anywhere.,5,0,2.5,2014-02-23 02:04:38,,
gp:AOqpTOG7KnD9M2D-dyJhO3YyqJYsVHkJqwg2h6r_qik_Hmhe-Ydl622KfJsylniRB42CS7A9l-P2Q9UEUpJICg,Elfi,https://play-lh.googleusercontent.com/a-/AOh14Gh55axbTxg4lusOgxXOG7wrOEXP_3-9XWsFvLkIMw,I just want to know about a peach tree not choose from several varieties!,1,0,,2014-02-05 04:34:02,"Sorry, but we don't have peach trees in the gardenate app, just vegetables.",2014-08-24 15:32:33
gp:AOqpTOHilI4b28aFhPbS35SudrRwFWM7z0aN7TIfA-NJrxKqe3JjZQO34khQWGG0O7jML_4Xs4WMYpaw0mTosw,Britt R.,https://play-lh.googleusercontent.com/a-/AOh14GjOwurwqEnJ_aurNSvv6jgFLuI8cow58BAaueQhMA,"I have had to pull allot of research on my climate and when to plant what. This app makes it so easy for all those commonly planted veggies. A longer list would be nice or a ""request"" type option to import different plants than what are listed?",5,1,2.5,2014-01-05 16:01:41,,
gp:AOqpTOEK6CYYFH3BNPZPH5RjPc12R1EX37juBUJZD1Xjem_gxJMjUp2Wpb5-r25RsSozOQyoW3_h9fyK8wuS5Q,Grace Cameron,https://play-lh.googleusercontent.com/a-/AOh14GgwjA5ioBkk3imqA8_4nOeJEpP7scCoQFdVIub-bA,Lots of detail and growing guides based on Australian climatic zones.,5,0,2.5,2013-10-02 06:12:17,,
gp:AOqpTOF-h4gtOqttnyTfNjWO4J0VRIyJtyYGo_Uo33PxBkA_f7RVF9nf4CjkFY0V0oclQ36EUdl_Fl23h64pDA,doLithe IT Solutions,https://play-lh.googleusercontent.com/a-/AOh14GibGtTWgdRcQRAq_ZpAD-_5sLH0zIpj8Usk2jXeZQ,"For people with very large gardens (multiple gardens) it may be useful to have a list of configurable 'locations' where things can be planted. Eg. Glasshouse, Main Garden, Terrace etc.  I have been using the web based site and email reminders but this is just great!",5,3,2.5,2013-09-08 15:31:16,,
gp:AOqpTOHOF2gKV-r98OQDFFvsyJ8Ki6YXqhwie5QXkqeI7dQ8Lo4BwC4_3-KKdU-Z6Bm4eEfYUbtLLxI6M7TeoQ,Andrew Lamont,https://play-lh.googleusercontent.com/a-/AOh14GiCuNYjvAs9GC8B8n1uOGouKGG0jfbB-E-ahdtirA,Needs a transplanting schedual for garden plants. If you could do a photo diary that would be awesome also!,4,2,2.5,2013-09-06 00:24:40,,
gp:AOqpTOHn8zLj0XY-IOu4gPtvFwE1tRDW6ljP5lGezaa1imZYDzl1VqplikP-5ScGy0vnZDLBKGZe4wIi76KZ3w,Kim Tran,https://play-lh.googleusercontent.com/a-/AOh14GiT-rBZSaBOsMBv4ok_I8P2HGr4KCiw4nTu36BR,"Love this app, cant find one similar!",5,0,2.5,2013-08-25 20:08:52,,
gp:AOqpTOEYb7zisUin3yOy68DBYIrgBm56CESoV7xc4Ghz9myoXjcd_ssQbYjKdwDaTxJwMyvGwNEV2JwPKhwJyw,Andy Murph,https://play-lh.googleusercontent.com/a-/AOh14Ggx9gi8KQ1eLIA8lydhiSDT92y_e9q4MdDSFE15kA,Well worth the money even works in NZ,5,0,2.4,2013-07-27 13:23:11,,
gp:AOqpTOE5qHOo3WPil_R9IHiMyVdcYVP6vP8NS-rsNsnMC25nau4RxiyU-IPLkoNkoa70WeVr2atI63y6TWSz6g,Brad Hales,https://play-lh.googleusercontent.com/a-/AOh14GigRF4uo7bgocfXa3MpCT49_aQddW5fqfB7SGTIJQ,Great. Best one I can find and caters for all Australian Gardens allbeit a U.S. app.,4,2,2.4,2013-07-20 03:06:21,"Thank you Brad! However, Gardenate is completely 'made in Australia & New Zealand'",2013-07-21 17:57:32
gp:AOqpTOGWr3jMA0qMShrbTQDmrZSF1QJsVLs13xZCUKvZqynODfgIUnmznRRmveUJnmG-HxSj3eL7H-OCtFYd6A,Elizabeth Sherstiuk,https://play-lh.googleusercontent.com/a-/AOh14Ghbf83wGF-A4aRoeMRMi4IWVg9QRPknyKMNXZFNyA,"Great app. One suggestion.. dont automatically set as harvested, maybe put something like an overdue date. I started a lot of my veggies from seeds in march and theyre still not making anything yet, just growing really slow. But I dont want them to be set saying I harvested them yet. Also, maybe an option as to how they were planted, like if they were started as seedlings or put in the ground as a mature plant. But overall a really helpful app. :) I'm thinking of more ideas as I use it more. Maybe an overall notes function, to write ideas for next year or something. And maybe a garden diagram for planning where to plant things. And having a backup function so it can be synced between devices could be helpful too. I know that makes it more complicated, but having those things would make it totally amazing.",5,0,2.3,2013-07-07 07:27:09,,
gp:AOqpTOE9KdCvQZVB7z3VrLdGm0OU88ZoHrchEKTO_7nISWp-CiA1p_MYBWJqC77lq8BtIjqx54mDPzLf2JZ5Xw,Fi Dall,https://play-lh.googleusercontent.com/-SG73AisX6io/AAAAAAAAAAI/AAAAAAAAAAA/AMZuuckS7PGmBrLZKvH4ijApE8Sz7P65SQ/photo.jpg,"A fantastic app. Easy to use, yet it contains a lot of useful and valuable information. I am glad, I downloaded it!",5,0,2.3,2013-07-06 22:44:17,,
gp:AOqpTOHF4C2z16IseZ4hYfJ5cJFD7YQk4TsvtMkI3hVOG5hy-OXMTDdAuCXso_EVvraTXNuNmUXfSV1j2JKZOA,Bradley Tee,https://play-lh.googleusercontent.com/-GUs1NmMUiBA/AAAAAAAAAAI/AAAAAAAAAAA/AMZuuckM8eBbJhqj-vQifxNwcmB9-6mK9g/photo.jpg,I also use it at work (selling seeds and seedlings) to help customers,5,0,2.3,2013-06-29 06:05:20,,
gp:AOqpTOFvSiTDbtKZ-tP-K_ael-WVK4VnCsMhtNQoLZ5tlyKvwYz8OB4lNhg9WGUjB-EtuEjMyTgAceXz6Dj3tA,Iyabo Olajumoke,https://play-lh.googleusercontent.com/a-/AOh14Gi6svIyYCQ0gjaj-bIf5OrrPfV2uQFXitHKiJzcVQ,"I've only just downloaded the app, and can't find my zone. West Africa. Tropical, Coastal Lagos, Nigeria to be precise. I'm trying it on South Africa for now. Pls add more zones. Thanks",2,0,,2013-05-30 01:06:25,,
gp:AOqpTOHyWYbGxEienuxZyB7jxiw0yrJ1-h1DIWDG1naGPFAxd05h8X_I5szyLQGev3koWuii2qxooyyUggLHkw,Anthony McIlroy,https://play-lh.googleusercontent.com/a-/AOh14GiU2dWM6fBI2_XsPQtRNedJXZF7a9N6I_0cHs4B1tE,Covers what I need,5,0,2.3,2013-05-26 02:52:39,,
gp:AOqpTOEWbDKfX-XAmURW8Yeg9VuB8ZIWi9MnjPvydm50EJUXRgrhtmKKZSy6LhfHoSj4f2ShLJ5YRqRpKAF8uw,David van Berkel,https://play-lh.googleusercontent.com/a-/AOh14GheNRqWXpA0B04EF9PfRMxS2Na1Z31IZ0V-_h771A,"This is a fantastic basis for an app,but it would be nice to have a GUI for garden layout (similar to garden squared) with reminders for adding fertilizer,watering etc. It could also graphically show what plants could go together for instance. Would it be at all possible to link the garden's progress with real time weather conditions instead of average climate?",4,2,2.3,2013-05-22 02:47:41,,
gp:AOqpTOHTRRDf7fZ56QxLXVr_q9HJ6OhC2daU8VX8UHFBNmp4aIPSVOd_cHpu0Y7VvdshHDdglUf6M0m0OvLFyQ,joyce chance,https://play-lh.googleusercontent.com/a-/AOh14Gh2udpWtsfpe4-bvg6LhBqjb4IIbbDcEo7qyzq9,excellent.,4,0,2.3,2013-05-18 11:03:39,,
gp:AOqpTOEHNRo3Qf6Fg-g_63BWWXHy5rJXIhdefYRUlZUt0QbDm-x1OfkF6no0daGBhOqMO4kaolCJViMiGDbnpg,Sarah Jane Woodruff,https://play-lh.googleusercontent.com/a-/AOh14GiQ86MLlokP0nEsDLsiXKuywH_qRAr91oI2PYL2AQ,Disappointed to find sowing and planting dates but not harvesting dates in calender etc,3,0,2.3,2013-05-04 01:01:25,Harvest dates are provided for plants you add to 'My Garden'. The harvest date is estimated from your planting date. I'll look at adding harvest dates to the calendar plant details.,2013-05-05 19:04:56
gp:AOqpTOGi_pAZ0WZdgLwbgCX6yg00jvc7M2BQjCrGbsgxxKcuj7lf4odcDBZQvs4xPPyAVllJQKb-vHtnS2OlXQ,Virgini Scheaffel,https://play-lh.googleusercontent.com/-iJrAmGTWbPU/AAAAAAAAAAI/AAAAAAAAAE0/AMZuucl5PtdI4LgXblxu8T31wrYvILzd6g/photo.jpg,Love it that I can add my plants.,5,0,2.3,2013-04-21 10:36:14,,
gp:AOqpTOHkz4yMAZHJHGhAcgDA2BIhdccRcARCzt6fZaOjA3SzAiHuCx4H50HH1gaxAQ3DpvYltzThow2129FGZw,Ian Cox,https://play-lh.googleusercontent.com/a-/AOh14Gg4MpS8hJNcYzfL6S0VyR3v942ewcrdwoBY1Z5Y,Tried a few vegetable apps. This was the best one so far.,5,0,2.3,2013-04-21 10:15:57,,
gp:AOqpTOFsMUKJQSmuKO6tBcUsovZVXj6UyVuO3Sndd_6RTioDQh0bXayIJ2cBDeVW8okIfQ_X2bwlMsHa5hh0Zg,Hilary Lewis,https://play-lh.googleusercontent.com/-SitQdfPAB0w/AAAAAAAAAAI/AAAAAAAAAAA/AMZuucl3J5nNaB0TOq25W6ZOJdoNLvFIMw/photo.jpg,"great app, love it",5,0,2.3,2013-04-17 03:06:57,,
gp:AOqpTOFhNuv1GsmfElLUfw36Ejkd7Sst78y7PefVJbsQ9a6Dt7vbt955Zm9ZWryVmQCP9vOD9pVZONlkjkWjaQ,Florence Madonia,https://play-lh.googleusercontent.com/-MgIr9Qk1MqI/AAAAAAAAAAI/AAAAAAAAAAA/AMZuucmwPaqUsC3XigTujnTX5FRAN2aIZg/photo.jpg,Unsure why reviews are positive. Find this app useless. Don't want the 2 dollars back. But honesty on here would be nice,1,1,2.3,2013-04-14 19:39:49,If you could give a bit more detail I'll do my best to fix any problems you had with the app.,2013-04-30 23:39:56
gp:AOqpTOHJ3KqzXwEpVnAM7DvqS7bPwZQP2PO430erd6wMSLmaEXGqxnc1-nqnS-1vFaBghGSCYC_J9WasuQ2Dlw,David Baird,https://play-lh.googleusercontent.com/a-/AOh14GhMOIJTmd3wkgvKYoAVF6zO-fipf35KADoQ7Rq5sA,This has been an excellent app from the time I purchased it. Now you can add your own plants...WOW!,5,0,2.3,2013-04-07 19:55:59,,
gp:AOqpTOEAHxahmFJ8cp7F01H9OIMsLWy5vXIbt2GXrLz-hbt9cMAuCugC0iZHNOlwW8vfspLlHu4c8uFYTj01Fw,Matt White,https://play-lh.googleusercontent.com/a-/AOh14GjFPp7t770ceOw9vAiO51fe8XY9Rb_2-Du4a02fBQ,"Really cool app. The guide is comprehensive and the ""my garden"" is brilliant. Must have for any backyard patch.",5,1,2.3,2013-04-04 00:40:30,,
gp:AOqpTOFTX6YnwgBqi3XgCRaJ743pO9lN-IDtqnSGYnJ4L8WXEf1evPJ0v-4U6VwgidGk1wzICgNDlk8maCpTaA,Domonic Caro,https://play-lh.googleusercontent.com/a-/AOh14Gh0XOFJIIs_01O8N0bCHWQVxqfTPHqUBeg99M-NSlw,"Great ""my garden"" feature allows for tracking harvest times.  Great info on timing of plants based on climate/region.",4,1,2.3,2013-03-15 09:10:30,,
gp:AOqpTOEZRzkX3G3bEr9gw6zRBOhN5oprnck2gfgrFTxjEhsLUjWEi3vMVvIvVF4yWH7XTOz_2xp7PXPfM9ZjXw,Gadget Trucker,https://play-lh.googleusercontent.com/a-/AOh14GgWMh_hLgsZs90RqJLuCXjCSsbh2y_L3TK0Y_qz4gw,This app is an awesome app but I cannot read this latest update,4,0,2.1,2013-03-14 09:08:11,,
gp:AOqpTOEfZkGyHXTmL1a4WUkg9_bjBFEaVQHYZQN1M6fIxd0UP0dHY58DdMXmRsYyf9fDiSGnZvXemQsb-zpDlw,Megan Taylor,https://play-lh.googleusercontent.com/a-/AOh14Gg9Lg3hk1UB-6lEYa_BHGJDOjeAUKysqyNBzkRU,"I like the idea of the app, but instead of just a ""plant in garden"" option, there should be a ""start seedling"" option. And a way to alert me that it's time to harden off my seedlings for planting.",3,0,1.6,2013-03-13 06:03:01,,
gp:AOqpTOGrb7V8XUicu9v-fp-UKkIoO7Wu7xadQeBe_m81YxFCHEvC8dt7a0C87ksqu4WYe2Rq2ulCX3KO-W5IMg,Brian Dover,https://play-lh.googleusercontent.com/-5ApdYANJFnU/AAAAAAAAAAI/AAAAAAAAAAA/AMZuuclHc6R8NxgawdlCx2Tntp4QHPgGnA/photo.jpg,"Easy to use, set UK zone , add notes, dates",4,0,2.1,2013-03-10 09:06:34,,
gp:AOqpTOGJlYKdJLW6-krN56RtTLYrpNtlMyLelkJnd5dkotzzEMEIFD4jsvbjrhxGC2UVncAGHWeJ6NN-ttJpLQ,James Moss,https://play-lh.googleusercontent.com/a-/AOh14GhXRxU9gzKMpWPbeuWLg_oAzYNYbY5NYtcPBh03euY,"This app is helping me get to grips with a new growing climate. Really well done, simple to use and useful, also it has great potential to become even larger with more plant types and a greater depth of info. I really like the companion planting lists, I wonder if there might be a way the app could suggest or plan great combos for people such as the three sisters method etc.?",5,0,2.1,2013-03-02 17:38:13,,
gp:AOqpTOEZBCCCg_5SV80wU_hlBwq4uPG-_QvcZx0XiTdZRKZ6FShVICoedTy1kW2GmhTuQVfsZQRiChu-Vpy-xQ,Joe Webb,https://play-lh.googleusercontent.com/a-/AOh14GjWBUiAGKHIVq66t2ZMVO15mhlp-9Hlw6trrcPEKg,Great app but just needs a couple of changes to make it worthy of five stars. Needs to add ability to add photos of plants in notes somewhere. Also need to be able to add misc plant. Don't mind that won't get plant info etc just want to be able to record all the plants that I'm growing and not just limited to ones listed. I would then give this five stars.,4,5,2.1,2013-02-09 08:30:46,,
gp:AOqpTOHV8DczvYWpAZbgPe_l44v1eoshYLjR1Ex2Qw5yp7KXl-yUA5CPgziUaYBT3alsSKD29wCfdCPLs3d1uA,James Gorman,https://play-lh.googleusercontent.com/-eSdTdOupNZ4/AAAAAAAAAAI/AAAAAAAAAAA/AMZuuclPl_QsF5euUWEujeOa6T7g6VWLSw/photo.jpg,"Very useful and pairs wonderfully with the garden gnome app. Will definitely use all season, fun to use for planning in the off season.",5,1,2.0,2013-01-08 14:00:14,,
gp:AOqpTOG41QQ_fSKMiGkCjKAqdobomUAyQioa3Y5YtTnDuXOclUPEhIf7MqW5CdctJBLzO9uZSt3oWo9vmr8Y2Q,Bob Arnett,https://play-lh.googleusercontent.com/a-/AOh14GgvLAn6tfayNfnvQ9fKf66c_G1qGMMoxLoA0dy8dQ,This app is great but developers need to continue to add more varieties.,4,2,2.0,2013-01-06 13:38:57,,
lg:AOqpTOHpT02sdsaPZ_53bAbUjulCoPK5rcyAw98npK-kXguKD3hKT1kjXcJ2b-DscCnhhqvaASknh9jqk9zRSA,A Google user,https://play-lh.googleusercontent.com/EGemoI2NTXmTsBVtJqk8jxF9rh8ApRWfsIMQSt2uE4OcpQqbFu7f7NbTK05lx80nuSijCz7sc3a277R67g,Good package thus far and very useful. Recommended.,4,0,2.0,2012-11-07 12:35:06,,
lg:AOqpTOHvl7_HT14JZ7gBA8e8WqgZo0ncEatrGBdb26_gnNA2Tiy6WMbFKQom_T2Om_VOJzOqxp1VeNwLahG77Q,A Google user,https://play-lh.googleusercontent.com/EGemoI2NTXmTsBVtJqk8jxF9rh8ApRWfsIMQSt2uE4OcpQqbFu7f7NbTK05lx80nuSijCz7sc3a277R67g,I love gardenate. I tell everyone I know about this. My most recommended app easy.,5,1,1.6,2012-10-24 02:37:26,,
lg:AOqpTOFzTwftTAjd-Db0PxiWspo2xG4EsQRX5Whjs2-RN0tL2aCL9-noRxgT_Gj02tyuG_zotEWyky4-a46oTA,A Google user,https://play-lh.googleusercontent.com/EGemoI2NTXmTsBVtJqk8jxF9rh8ApRWfsIMQSt2uE4OcpQqbFu7f7NbTK05lx80nuSijCz7sc3a277R67g,"Great app.  Latest update solved my ASUS issues, now works really well and has improved presentation. It always worked well on my HTC Desire.  As a relatively novice gardener, I rely on this app extensively and have quite an extensive range of happy vegetables in my first full season.  A minor improvement would be to add a climate zone definition assistance system when first installing. Only negative is I don't like the new icon as it does not realy sybolise its purpose.",5,3,2.0,2012-10-23 22:24:35,,
lg:AOqpTOEbeNsmmQaH8gDGEqem0JNX6vDzrWCwN8G4il2Ttytmw2BSJ-LBLbX1XcqBokj6NqrrlIebMflpOTDJ8A,A Google user,https://play-lh.googleusercontent.com/EGemoI2NTXmTsBVtJqk8jxF9rh8ApRWfsIMQSt2uE4OcpQqbFu7f7NbTK05lx80nuSijCz7sc3a277R67g,"The icon is horrendous. Give it a nice modern HD glossy icon and it's 5 stars, no other complaints. UPDATE: Still no new icon? It's not hard. I'm happy to make one worthy of such a great app, free of charge.",1,0,1.6,2012-10-19 00:17:18,,
lg:AOqpTOEEC7fpgNyLRAB6-rKqsoK_2FJmKInK77Uj8XzR7ShV2dA6YZrBTUv9HvhUqI1yzspeNKHMrVC5yYLiLA,A Google user,https://play-lh.googleusercontent.com/EGemoI2NTXmTsBVtJqk8jxF9rh8ApRWfsIMQSt2uE4OcpQqbFu7f7NbTK05lx80nuSijCz7sc3a277R67g,"Am using on an Asus Transformer. The my garden feature only allows addition of one plant. Then the menu option disappears. Great plant details and calendar, though.",2,3,1.6,2012-09-28 19:22:00,,
lg:AOqpTOG0WN86iXD4VHx3pjluVUZuxRtiTEhD3dquYjlHhbsTxFWgAIPmjs0PsO7fVD4yJfPi6ZhVYQEkdHyJ-g,A Google user,https://play-lh.googleusercontent.com/EGemoI2NTXmTsBVtJqk8jxF9rh8ApRWfsIMQSt2uE4OcpQqbFu7f7NbTK05lx80nuSijCz7sc3a277R67g,Does not work with tablets like the nexus 7 that don't have a menu button,1,2,,2012-09-02 22:29:30,The most recent updates work with tablets.,2013-04-30 23:41:08
lg:AOqpTOEMlcuuUens1C8yKAi9LFYCmS6MN_HWPUaNr_ORhrrZVUtJg5iIoIreoW2Dx27cj3EuQquARq1rCXHtkQ,A Google user,https://play-lh.googleusercontent.com/EGemoI2NTXmTsBVtJqk8jxF9rh8ApRWfsIMQSt2uE4OcpQqbFu7f7NbTK05lx80nuSijCz7sc3a277R67g,"It is excellent for vegetables, when's the flower version come out ?",5,3,1.6,2012-09-01 17:45:07,,
lg:AOqpTOFZTcv1dPfK1K9Dq-7AyYyGH9m0E8DOgk_LTGQP-Zeu_EJ5lYNgnzI-5FyXcUL1_yvLRy35RUohgXTboQ,A Google user,https://play-lh.googleusercontent.com/EGemoI2NTXmTsBVtJqk8jxF9rh8ApRWfsIMQSt2uE4OcpQqbFu7f7NbTK05lx80nuSijCz7sc3a277R67g,"I have used garden ate on IOS and now android, there is a major oversight, there is no menu option on my galaxy tab 7.7. So I cannot bring up a menu to ""plant in garden"". My tab only has software on screen buttons, gardenate fails to tell the device it needs a menu button to appear. Otherwise app is quite ugly and plain compared to the IOS version.",1,1,1.6,2012-08-16 07:34:39,,
lg:AOqpTOG27c7uAB55hMDuYrr-p37ccozQr72GGw9799HuZbYjH2IeCtati615kWKVFh8iUpTmeqap093QnsJt_A,A Google user,https://play-lh.googleusercontent.com/EGemoI2NTXmTsBVtJqk8jxF9rh8ApRWfsIMQSt2uE4OcpQqbFu7f7NbTK05lx80nuSijCz7sc3a277R67g,Very helpful for me as i have only started out in the last couple of months.  My only suggestion at the moment is the ability to back up my garden.,5,2,1.6,2012-08-15 23:43:52,,
lg:AOqpTOHU_83XOWpdlK-XEUbp61OwjM_tfHpv1HPVN6V5hMWgdIUisNqYiMjAfBoZVsQzTuu_fLk02o-79at_pQ,A Google user,https://play-lh.googleusercontent.com/EGemoI2NTXmTsBVtJqk8jxF9rh8ApRWfsIMQSt2uE4OcpQqbFu7f7NbTK05lx80nuSijCz7sc3a277R67g,If it allowed you to pick your zone first then gave what was plan table it would be more user friendly. I haven't checked it out enough to know if it allows you to input your own plnts or not but that would be useful too.,3,1,1.42,2012-08-15 11:14:59,,
lg:AOqpTOFdoUhqRAep5ViZqkovJeviY101RHuYuJUqLskyc_iKSCm2pZkqipCL67u7B5fIyqsSor-Jus6y4kLDZQ,A Google user,https://play-lh.googleusercontent.com/EGemoI2NTXmTsBVtJqk8jxF9rh8ApRWfsIMQSt2uE4OcpQqbFu7f7NbTK05lx80nuSijCz7sc3a277R67g,this is 1 of the better apps I have seen. I would recommend it for all people starting gardens for the first time.,5,1,1.42,2012-08-15 08:52:10,,
lg:AOqpTOFsF62LtcBk6YoMAB4ZJzOt-PnkmitVwQ332BA_eVaWvnPT_Ze1zmjp8ET-CeGt7-OSPVM8giKuvb3Ewg,A Google user,https://play-lh.googleusercontent.com/EGemoI2NTXmTsBVtJqk8jxF9rh8ApRWfsIMQSt2uE4OcpQqbFu7f7NbTK05lx80nuSijCz7sc3a277R67g,"Seriously lacking many vegetables.  Developers really need to update the ap with a lot more plant options.  Half of my garden is missing because the veggie isn't listed.  Once they update the ap, my rating will go to four stars.",3,1,1.42,2012-08-13 15:49:41,,
lg:AOqpTOEj5EuHoGIHpDm4BzFRgEvxuhbu4U-vhFamREIBBExvBMxPqpGrhqv2l-3vwHyko304-AWAU9gzLAuN1Q,A Google user,https://play-lh.googleusercontent.com/EGemoI2NTXmTsBVtJqk8jxF9rh8ApRWfsIMQSt2uE4OcpQqbFu7f7NbTK05lx80nuSijCz7sc3a277R67g,"I hope some effort goes into making this a great app with lots of info, also to have some graphics of plants growing in your garden would be utterly fantastic.",4,1,,2012-07-25 03:24:26,,
lg:AOqpTOE_gAKhEMfamGA7zqZZCuoeMsYmHAJlI73AchNEMDLEDFmtXnjx6QMfPdWNSqaZ4pdVSjteC5ng1rT1yg,A Google user,https://play-lh.googleusercontent.com/EGemoI2NTXmTsBVtJqk8jxF9rh8ApRWfsIMQSt2uE4OcpQqbFu7f7NbTK05lx80nuSijCz7sc3a277R67g,"Would be even better if we could change the colour scheme - I don't like white text on black. Been using the ipod version for a long time , like the companion and rotation suggestions and the harvest countdown.",5,1,1.42,2012-07-20 01:18:52,,
lg:AOqpTOEkm2isIkWwFSlcccRuGTTgPvosHKTv5eLrb4Js5JkVkDd2MYQ6pDXtLh43AEZHd2OJqGSG1RayEaeVaA,A Google user,https://play-lh.googleusercontent.com/EGemoI2NTXmTsBVtJqk8jxF9rh8ApRWfsIMQSt2uE4OcpQqbFu7f7NbTK05lx80nuSijCz7sc3a277R67g,"This app needs Canadian climate zones. None the less it provides great information on the plants in it's database and I also like how it counts down to the approximate time of harvest. Everything I planted this season was in the database except for patricular varities of things, it would be nice if there was a search option for those or if you could add them in yourself.",3,1,1.42,2012-07-05 07:16:43,,
lg:AOqpTOEUZGvGdxvfHQN14TZGvk_aIvTb72OcQlZ1dJP_K-BwfJGetXpVbONKjEHSEsXQQwxBYf9sq2pKngf0Sw,A Google user,https://play-lh.googleusercontent.com/EGemoI2NTXmTsBVtJqk8jxF9rh8ApRWfsIMQSt2uE4OcpQqbFu7f7NbTK05lx80nuSijCz7sc3a277R67g,"I love this app. Has loads of plants, loads of information and is really easy to use. I agree with others that pictures of the plants and the ability to add your own would make it 5 stars. For other reviewers: capsicum = peppers Cilantro = coriander Cantaloupe = rockmelon They are all there. I have not yet come accross a veg I wish was there that isn't. Perhaps an effective search ability would solve this? Despite this, gardenate is by far the best app on the market for gardeners at the moment.",4,1,1.42,2012-05-24 21:14:26,,
lg:AOqpTOH5w0v2ZyyvNi1KvUtzWvvQxAS-JO2gtmtu562qbbDcAjVUL9AOXLbGxDklhDIAu-Nu1x9UPWYfjcBY3Q,A Google user,https://play-lh.googleusercontent.com/EGemoI2NTXmTsBVtJqk8jxF9rh8ApRWfsIMQSt2uE4OcpQqbFu7f7NbTK05lx80nuSijCz7sc3a277R67g,This is a very simple and useful app. I have a garden for the first time in years and this app has been a great reference. I would give 5 stars if there were peppers and a way to add veggies and herbs that were not on the list.,4,1,1.42,2012-05-09 16:05:23,,
lg:AOqpTOGIV1y9RroZaDmJ9ulmQdRYb_kQZ5_Vu8BDRuw025hkf-En6-vS5mMOZuNbzxcUaBxXzwxsBFJWghU7CA,A Google user,https://play-lh.googleusercontent.com/EGemoI2NTXmTsBVtJqk8jxF9rh8ApRWfsIMQSt2uE4OcpQqbFu7f7NbTK05lx80nuSijCz7sc3a277R67g,"I like this app. I just wish it would do a little more. I'd like to be able to sort or organize the things in my garden by type or harvest date. Also, where are the peppers? I guess the developer doesn't eat peppers? It'd be nice to be able to add your own items if they aren't in the list... like peppers.",4,1,1.42,2012-04-09 10:20:35,,
lg:AOqpTOEsYH1NZb3RokGVdgTiwyfzmLYHaHq8hmV-Z2d797xGsy4QZYoVKv_mz1c06StiPMU9StceZUbvVc7K3w,A Google user,https://play-lh.googleusercontent.com/EGemoI2NTXmTsBVtJqk8jxF9rh8ApRWfsIMQSt2uE4OcpQqbFu7f7NbTK05lx80nuSijCz7sc3a277R67g,"For the previous reviewer, 'cilantro' is listed under coriander.  This highlights an issue about the English. I was disappointed it didn't have Swiss chard on the list, but just now I found it under 'silver beet' - which I'd never heard of. It would be better if they listed things under every name, as UK and US terms can be very different.  I love that it's blissfully easy to use and it does have a big list of veg.  The main problem is that we can't add new things to the list, so it's not much use to me as I'm growing a lot of things that aren't in the app. In particular there aren't many herbs - not even parsley.     I would use this app much more if I could add my own.",4,3,1.42,2012-03-15 06:17:52,,
lg:AOqpTOE-Zeg6Zpw2l-GYw0-8tFDk_iYu4aBISt_DeKbhhMDFFwkjlFoyEvMpy_FlH1uxU2c3Xhw26VKUqXvoPg,A Google user,https://play-lh.googleusercontent.com/EGemoI2NTXmTsBVtJqk8jxF9rh8ApRWfsIMQSt2uE4OcpQqbFu7f7NbTK05lx80nuSijCz7sc3a277R67g,"Could you please add peppers...thanks, great app would be nicer to add zones by zip code and also have local forums.thanks",4,3,,2012-02-27 18:57:18,,
lg:AOqpTOE08zcEoK-fCsC2u5n2U6TGF2qg9ALP8320i0319GKMyJWVOXWs0r-8aKxWxchW1xUWDw2rUDEel-bqMQ,A Google user,https://play-lh.googleusercontent.com/EGemoI2NTXmTsBVtJqk8jxF9rh8ApRWfsIMQSt2uE4OcpQqbFu7f7NbTK05lx80nuSijCz7sc3a277R67g,Can you please add cilantro?,4,1,1.42,2012-02-17 16:51:55,,
lg:AOqpTOHC7MPGbwBbVQh9jlA4t9hn_5rfL7ENZHlMl4cUmB5L6pAJZriSY4HQ4flcEibS-65RgDijhY6w1ASUIg,A Google user,https://play-lh.googleusercontent.com/EGemoI2NTXmTsBVtJqk8jxF9rh8ApRWfsIMQSt2uE4OcpQqbFu7f7NbTK05lx80nuSijCz7sc3a277R67g,Excellent,5,0,1.3,2012-02-01 18:44:41,,
lg:AOqpTOHFZVsaJyFNZEM--i8HXQcy_DgwizAzGuMkRTdjOzTLfopDJ_XDH7jD0dNx5UFaYhP3_aKICat7gD-mCg,A Google user,https://play-lh.googleusercontent.com/EGemoI2NTXmTsBVtJqk8jxF9rh8ApRWfsIMQSt2uE4OcpQqbFu7f7NbTK05lx80nuSijCz7sc3a277R67g,Needs more updates and corrections for the USA.  Need more specific growing zones.,3,4,1.3,2012-02-01 04:53:06,,
lg:AOqpTOH0NvI3G3lEY7TwW3Z7jh26nEwebIckMgvzNy0E4QJ02aUC_wEBXT_IezHfeYs0aaUJ72dliA5qhLKXPg,A Google user,https://play-lh.googleusercontent.com/EGemoI2NTXmTsBVtJqk8jxF9rh8ApRWfsIMQSt2uE4OcpQqbFu7f7NbTK05lx80nuSijCz7sc3a277R67g,"It's cantaloupe. Not here, but it may be easier to find elsewhere if you know how to spell the word.",4,2,1.3,2012-01-29 11:25:51,,
lg:AOqpTOErV0VZubt6BVEKxxlW378o5wxxO0QxiQ68aqPInGjBG5m71tOZi8fUqSoCL__2eXYFu7XLWJT-OOARDg,A Google user,https://play-lh.googleusercontent.com/EGemoI2NTXmTsBVtJqk8jxF9rh8ApRWfsIMQSt2uE4OcpQqbFu7f7NbTK05lx80nuSijCz7sc3a277R67g,Lots of information available while I'm in the garden. Needs to be able to load onto SD.,3,1,1.3,2012-01-25 14:40:57,,
lg:AOqpTOF-22YXOZCY4vUTomvHyd-ID09yRHKxfIFvZn49R11O7WCYBPtSF6JttwO0q3Ky_vOrZ56ppf8lz4Rclw,A Google user,https://play-lh.googleusercontent.com/EGemoI2NTXmTsBVtJqk8jxF9rh8ApRWfsIMQSt2uE4OcpQqbFu7f7NbTK05lx80nuSijCz7sc3a277R67g,"My fav app so far, my perma culture side thanks u :-)",5,1,1.3,2011-09-11 18:02:21,,
lg:AOqpTOEGvrh441DXWL9YemWVAaGC9o9xYGU7xGpZVHaFMsUchEwuzKTRdvvUJSzBccSgFeMCuBPY3Zh2aYURUg,A Google user,https://play-lh.googleusercontent.com/EGemoI2NTXmTsBVtJqk8jxF9rh8ApRWfsIMQSt2uE4OcpQqbFu7f7NbTK05lx80nuSijCz7sc3a277R67g,Great but were is canalope,5,0,1.3,2011-09-04 16:51:02,,
lg:AOqpTOEYVoPYTufeS014TXp11kv5Z_A7SRWKW0gnXrq30NU2NECtq5fsHLAw_wai7iFfrVIZRL1lEHS66tEG3Q,A Google user,https://play-lh.googleusercontent.com/EGemoI2NTXmTsBVtJqk8jxF9rh8ApRWfsIMQSt2uE4OcpQqbFu7f7NbTK05lx80nuSijCz7sc3a277R67g,"Great idea, after some initial problems that have been resolved with help from the programmer this app now works well for me",4,1,1.3,2011-08-22 16:01:56,,
lg:AOqpTOGB2Pv-KnJuqlmzpXf8JQIMzZyMY7-q9sqxE9qMQGJ4pY_GFzgppZbF05WuuWzyCChRSDpDwElajd3vKA,A Google user,https://play-lh.googleusercontent.com/EGemoI2NTXmTsBVtJqk8jxF9rh8ApRWfsIMQSt2uE4OcpQqbFu7f7NbTK05lx80nuSijCz7sc3a277R67g,"Love it. Really handy to keep track of my plantings. Love that I can be ""gardening"" on the train on the way to work",4,0,1.3,2011-07-17 22:55:20,,
lg:AOqpTOFF68Ot1wPsEobW6ZkjUW44iSiqWHtyxfXW1on3rjYgdksMyCtAME0mkB6qF7k1cwfo8gldFs7J0NDWVQ,A Google user,https://play-lh.googleusercontent.com/EGemoI2NTXmTsBVtJqk8jxF9rh8ApRWfsIMQSt2uE4OcpQqbFu7f7NbTK05lx80nuSijCz7sc3a277R67g,Disappointing. Contradicting planting information. Growing zone and planting dates for my state seem very wrong.,2,1,1.3,2011-07-07 17:38:31,,
lg:AOqpTOGNFKX9d7TYS4yVYtddhb4MR5FrQRVtipP9ccZ-JE5jypH1614ydJIX0OMTG6DM4rJO4Al0GMWI_GnBWg,A Google user,https://play-lh.googleusercontent.com/EGemoI2NTXmTsBVtJqk8jxF9rh8ApRWfsIMQSt2uE4OcpQqbFu7f7NbTK05lx80nuSijCz7sc3a277R67g,"App seems ok but I was hoping for more growing information about each plant, problems and solutions etc....",3,0,1.3,2011-06-21 08:52:18,,
lg:AOqpTOFm-Vv-5j7ZSryeWsSEdE-lC9UCzyB7xwNAlTdq15IVNRApoXX_DZx0nW-Fq7swGnlVs0WmQYIYnFL5jw,A Google user,https://play-lh.googleusercontent.com/EGemoI2NTXmTsBVtJqk8jxF9rh8ApRWfsIMQSt2uE4OcpQqbFu7f7NbTK05lx80nuSijCz7sc3a277R67g,Need A LOT more plants! Otherwise app is great. Also should have option to add own plants. And link added plants to plant info. Then wide b 5 stars,3,0,1.3,2011-06-20 11:24:19,,
lg:AOqpTOH88XjrZ2A8qWdl8-DySqxK30mZaUm1Fhm27XxfolGSGgBHDfbz7mXClCh3lBphVqSSSeQrzAFaTDtAkw,A Google user,https://play-lh.googleusercontent.com/EGemoI2NTXmTsBVtJqk8jxF9rh8ApRWfsIMQSt2uE4OcpQqbFu7f7NbTK05lx80nuSijCz7sc3a277R67g,Very useful app. Recent updates are good. Easy to use.,5,1,1.3,2011-05-30 16:41:38,,
lg:AOqpTOEgl9RcOXbj8aaaRtP24pPSK6xAz2vhezTNWOUMBDcUL-9PIwQqHj-7wVvozluWk1TTVV4cq4xBl4wC3A,A Google user,https://play-lh.googleusercontent.com/EGemoI2NTXmTsBVtJqk8jxF9rh8ApRWfsIMQSt2uE4OcpQqbFu7f7NbTK05lx80nuSijCz7sc3a277R67g,Nice update. Thanks to Dev for responding to comments and suggestions.,5,1,1.2,2011-05-21 21:18:19,,
lg:AOqpTOHE6qhANk0FX7M8dbMx7kgAaa7TkFa-lEyua_I6otJrrE9blCqQwiSNj7TPsRwGTT55gAQNwBZCbubvhQ,A Google user,https://play-lh.googleusercontent.com/EGemoI2NTXmTsBVtJqk8jxF9rh8ApRWfsIMQSt2uE4OcpQqbFu7f7NbTK05lx80nuSijCz7sc3a277R67g,Occasionally asks for licence. Also doesn't even have all the plants that are on the website.,2,0,1.2,2011-05-13 17:45:15,,
lg:AOqpTOFLtcsv-VybRr-YKmkEz--QLnRxQNTZKnhAlUFb32ukx6Q64z1PJ9wtab6cYhcqsIiGAK_M2aytaBjhXg,A Google user,https://play-lh.googleusercontent.com/EGemoI2NTXmTsBVtJqk8jxF9rh8ApRWfsIMQSt2uE4OcpQqbFu7f7NbTK05lx80nuSijCz7sc3a277R67g,"Great app for any gardner, from beginners to experts. Would like a bigger dbase of vegs..then 5 stars.but excellent app!",4,0,1.2,2011-05-08 18:23:18,,
lg:AOqpTOGd07-TvZGjaknz3o2O2RcfqpiQtLBrLpJ4KS4GaSNsQpi-NT7-l8h7i8CqO5ss0CzoZ8GXWp1AAq3D9w,A Google user,https://play-lh.googleusercontent.com/EGemoI2NTXmTsBVtJqk8jxF9rh8ApRWfsIMQSt2uE4OcpQqbFu7f7NbTK05lx80nuSijCz7sc3a277R67g,"Like some previous posters, would also like to access detailed information from the 'My Garden' screen and also add/request new plants.",4,1,1.3,2011-05-04 07:45:06,,
lg:AOqpTOHRUzzH4z8qscjuxWtyvLEFQSxu3wGfTc4jdv4l7c2jQABKuN9hsulHiSpSPZjAcG9B94nT2iB2q-EK2w,A Google user,https://play-lh.googleusercontent.com/EGemoI2NTXmTsBVtJqk8jxF9rh8ApRWfsIMQSt2uE4OcpQqbFu7f7NbTK05lx80nuSijCz7sc3a277R67g,"Love it. However, would like to be able add, or suggest new plants.",5,0,1.2,2011-04-30 03:25:50,,
lg:AOqpTOFsLsya_a4UbIw7MyFzV1uocrRpa3qeQgh-yBS0Xo0hTaXucD-BwlmndPWYjBorrk6_CesY7_YM4Vm9Cg,A Google user,https://play-lh.googleusercontent.com/EGemoI2NTXmTsBVtJqk8jxF9rh8ApRWfsIMQSt2uE4OcpQqbFu7f7NbTK05lx80nuSijCz7sc3a277R67g,"Great app, clear instructions, love the calendar (what to plant when). Could benefit from more illustrations/pictures.",5,1,1.2,2011-04-27 15:10:23,,
lg:AOqpTOEgI0yet-vYAjAPnTxJIN7lNoHKNb5qi7hyNXeKob6x2nrDTN6n6IGq5tE7a3ZlMtH2Qui3OztgJNQWVg,A Google user,https://play-lh.googleusercontent.com/EGemoI2NTXmTsBVtJqk8jxF9rh8ApRWfsIMQSt2uE4OcpQqbFu7f7NbTK05lx80nuSijCz7sc3a277R67g,"Good, but cant access plant detailed info from 'My garden'. Also says I need to purchase now (not mentioned in market) and doesn't say how to do so.",3,1,1.2,2011-04-25 01:54:47,,
lg:AOqpTOGYKIGR8LbrN472uKIm5-krEaA6mIT5J26RLMK9y0eDC6WSVkVP8FWljYKeiJV9VubbZKeBhMdaMzFKKA,A Google user,https://play-lh.googleusercontent.com/EGemoI2NTXmTsBVtJqk8jxF9rh8ApRWfsIMQSt2uE4OcpQqbFu7f7NbTK05lx80nuSijCz7sc3a277R67g,"Good AP, but would be nice to have fruit in list like strawberries?",4,0,1.2,2011-04-24 00:02:33,,
lg:AOqpTOH0mt0KNRb5B8LLEIvGvCQPqcZhPMNGpnpr9ihZgkmGsGReS_8jmIGH1weLV7lhkuKzAqlVcgTnxlBNlg,A Google user,https://play-lh.googleusercontent.com/EGemoI2NTXmTsBVtJqk8jxF9rh8ApRWfsIMQSt2uE4OcpQqbFu7f7NbTK05lx80nuSijCz7sc3a277R67g,"Great app! Would recommend to any gardener. eagerly awaiting updates (strawberries, other herbs etc.)",5,0,1.2,2011-04-12 16:37:55,,
lg:AOqpTOE4HQR-YmKOx3YH9WNW2rSZeRbyhxX_YC42Zam1H2yvJdIbNoc9eK_MRbIM86aFTvGNJ-EL79OyQTgpCQ,A Google user,https://play-lh.googleusercontent.com/EGemoI2NTXmTsBVtJqk8jxF9rh8ApRWfsIMQSt2uE4OcpQqbFu7f7NbTK05lx80nuSijCz7sc3a277R67g,I adore this app. Great for veggie gardens. Peppers?,5,0,1.2,2011-04-12 01:42:43,,
lg:AOqpTOG4bh3-S_Wpdm3409tdIpsibIsd8RkLo7-Sv7VBERFgD9hAAgYaHvz_GJiiK1PKoingBmn53Z1W3rdC1g,A Google user,https://play-lh.googleusercontent.com/EGemoI2NTXmTsBVtJqk8jxF9rh8ApRWfsIMQSt2uE4OcpQqbFu7f7NbTK05lx80nuSijCz7sc3a277R67g,Brilliant... Eastern aust. Could do with more herbs listed,5,1,1.2,2011-03-19 16:33:31,,
lg:AOqpTOHrs5kOlI-olCyMXgdvxfADArsJFN8AZYyzFi-qzzwl386JMrfC1N_agQBtWN6SXPsI_XfeaH2BGTN4iw,A Google user,https://play-lh.googleusercontent.com/EGemoI2NTXmTsBVtJqk8jxF9rh8ApRWfsIMQSt2uE4OcpQqbFu7f7NbTK05lx80nuSijCz7sc3a277R67g,This is a great ap for gardeners. Southwest Western Australia.,5,1,1.2,2011-03-18 22:34:00,,
lg:AOqpTOFUKMCe3x-CYqJYeVtomspknUnqZNyf-i6FC3GPScrGX8f5ojgeuHme6cRTDqxxP663YvNdnc5moSrEmg,A Google user,https://play-lh.googleusercontent.com/EGemoI2NTXmTsBVtJqk8jxF9rh8ApRWfsIMQSt2uE4OcpQqbFu7f7NbTK05lx80nuSijCz7sc3a277R67g,A very well thought out app and just what I was looking for to record my efforts and help on planting. Add your own veg would be a good option!,5,1,1.2,2011-03-18 07:25:00,,
lg:AOqpTOHn4XzgZegmfYYph4VTy6-c3dyRQDiNJtauULRexu7voPvBdCyzmR8LCLg0wayK0IESCT21KYcJ_fhSLw,A Google user,https://play-lh.googleusercontent.com/EGemoI2NTXmTsBVtJqk8jxF9rh8ApRWfsIMQSt2uE4OcpQqbFu7f7NbTK05lx80nuSijCz7sc3a277R67g,Fantastic app for gardeners. Loads of information on planting and harvesting veggies for various climates and hemispheres.,5,2,1.0,2011-03-04 04:15:21,,
lg:AOqpTOFiqgAKkbOSL7-1i9HhRusgI0VVT8smM2JITFy9MtcvwcVUvABit22u7NPhEBLh-sYhHWwJBAszh1sbGw,A Google user,https://play-lh.googleusercontent.com/EGemoI2NTXmTsBVtJqk8jxF9rh8ApRWfsIMQSt2uE4OcpQqbFu7f7NbTK05lx80nuSijCz7sc3a277R67g,"I think this app is awesome. Select yr climate, track yr harvests, detailed plant info. A*",5,2,1.0,2011-03-02 14:18:25,,
lg:AOqpTOGZJeydtD4tfv31UDFdYG-nowfIYYbZN4cBPfQ3iZRegAJJdtNvQ5W-H8-YWs8U9o2KxG8jefVyPahvXg,A Google user,https://play-lh.googleusercontent.com/EGemoI2NTXmTsBVtJqk8jxF9rh8ApRWfsIMQSt2uE4OcpQqbFu7f7NbTK05lx80nuSijCz7sc3a277R67g,It's fantastic. Has heaps of info on when to grow and how to go about it. Excellent for beginners,5,2,1.0,2011-03-01 07:01:21,,
