reviewId,userName,userImage,content,score,thumbsUpCount,reviewCreatedVersion,at,replyContent,repliedAt
gp:AOqpTOFC7Ke7UB9gZxJd2yjbrZa1DvDGOee4Ap0ysCtbPczJFGXsT5hHshYsYMNCzotO6BR11Prd9TsogA7kkw,Edward Fisher,https://play-lh.googleusercontent.com/a-/AOh14GjvmxXSOhZyRx3bgkhIyUIEGApjf8IQopV92FMD,Great detail I did not get all of the morphing objects what can I do to get all of the morphing objects in the game?,5,0,1.0.1,2021-01-26 11:50:35,,
gp:AOqpTOE66bRp52Qx7jbGxgjgomGbgdPSNIrtGsPV4MmC8FhT0KzcFjGOfbWN1yGmEsbB6LfoveYxLkDSUzdMSA,David Stanford,https://play-lh.googleusercontent.com/a-/AOh14GgMeuQvYfpuXBgiixvvnapwQHys9uFK7mUsmnj9rQ,I sure do love these games!!,5,0,1.0.1,2021-01-16 11:24:05,,
gp:AOqpTOHtvAhAtmA8TiC0GvyQveFbtHn8sH4GkY6wbYgb1inPkUaehC3H8y6NQfMrHYtASUYFC1i7TYjNtOxxhA,Patti Perkins,https://play-lh.googleusercontent.com/-7vEk23UT2I8/AAAAAAAAAAI/AAAAAAAAAAA/AMZuucncYB3akGsMiuwy-rp8riXF4uGcZQ/photo.jpg,Great game. Google Story line,5,0,1.0.1,2020-11-26 09:46:18,,
gp:AOqpTOHa4W_xIEr1H31AoPKPLhexAjOOdE74LXdI8b5qY5AvdR8RZLuLuyNIsVs0TDTTehsWubIViXY9lAxIQA,Julie Pembleton,https://play-lh.googleusercontent.com/-2U0iQD1-RGw/AAAAAAAAAAI/AAAAAAAAAAA/AMZuuclf1PR90tld79VBfnjry4pZGclOFg/photo.jpg,Just love these games the adventure the puzzles and solving the problems. Since discovering that it is much cheaper to buy the full game instead of buying coins +++ in the free game I have not looked back. This way it has saved me pounds.,5,4,1.0.1,2020-07-11 09:26:20,,
gp:AOqpTOFAbexwCTzPy8AWsu7-1TNsHDmIja3m_htYmGScpeD-_MOgElh1_GR7ygJcH3wsef8qbrPk-aJNe6ykcg,Nightwatcher,https://play-lh.googleusercontent.com/a-/AOh14Gg42vZ86JhUihmcXraHC-nsZ8YXAhf2pKhJZxJpmw,"Just have to say this, if possible please make another New York mystery. It's so good, though the puzzles were a bit of nuisance. However, I like a challenge",5,4,,2020-05-09 20:22:18,,
gp:AOqpTOGWZntAtBW82NNb87hHzCHVy3tZUhLWZ1EfsIOgzbHpgmCKrDcaBEMPpFptATZct1V6YR783aPKIar9ig,Cedar Erickson,https://play-lh.googleusercontent.com/a-/AOh14GjQ1u57vAGQVO8J10-boSne5AuTjw7azd9xkprX,As usual New York Mysteries does not disappoint. Love this game.,5,0,1.0.1,2020-04-11 19:30:01,,
gp:AOqpTOF8rHvRmS2DoXBqR4Avvf95ePeNMqJofDBRTK_agfQVP1ma5oKMVqjNhgrgxPPc96D4uRpi46O5h_98Qw,Koki Niehaus,https://play-lh.googleusercontent.com/a-/AOh14GijdcyMcHHC92xK8lv7EWLGr75dXVk7q9VMCyWv,"I enjoyed the game. Has all the extras you look for in a game: hidden objects throughout, customizable difficulty setting, interactive map and bonus game! If wasn't SO PRICEY and more affordable like DOMINI GAMES, it'd be 5 star worthy!",4,6,1.0.1,2020-01-03 05:09:54,,
gp:AOqpTOGD-7ulrnH-SoPvqxZxmKSnfHELlGuF1Hz3sGMqOQrHgjWXxA5kFzZaxzFdkTfHuFKxrW2qxq8RR2HAsg,Robin Leveille,https://play-lh.googleusercontent.com/a-/AOh14GhRvO0fcAJOuSXflYfuHKsGAekJS89IQFajP_1FpA,The best in the series so far and I love them all... very entertaining and awesome story line for all four games. Worth the money.,5,2,1.0.1,2019-12-28 10:40:09,,
gp:AOqpTOFNeFcPgheq8UhZBOgPcbaFzwuLkFqEQeb_PWOzdAc4zyIIiwRF_HtKUWkFUQztG1HiHhIfLD0X7zuMdQ,whiteteawithhoney,https://play-lh.googleusercontent.com/a-/AOh14GiyjNrYfXCil5SXJmLzjdH3uxJ7_8yFtxqahMsdYw,"The story and game play seemed rushed. It is difficult to tell if tapping on objects registers because of how slow the game reacts at times. The story didn't have much continuity. The main character seemed incompetent, which was frustrating because I never felt that in earlier games. The art and voice acting were wonderful. I appreciate the built in game guide.",2,6,,2019-12-13 12:21:30,,
gp:AOqpTOHigkcBWcaSogJRwU6uAyQsYsqg4OKy6jBznGTgHPr3cTqfi1MJEiNF4vjYkn1UDI_0tKYEefbH7gyIZw,Larry Johnson,https://play-lh.googleusercontent.com/-Ow_lAEeanCE/AAAAAAAAAAI/AAAAAAAAAAA/AMZuucl4N4_UOacPFQj_RvA9A67qxfzoMw/photo.jpg,Another great NYC mysteries game,5,0,1.0.1,2019-11-11 21:08:06,,
gp:AOqpTOHoKbaXns7TbyPe9YYqhgEtCuuUUmbAcEFjODnxARMUk723J1ffS7MoX6pL0hHq7YhRtI-FjxWsqdHI7Q,Diane Compton,https://play-lh.googleusercontent.com/a-/AOh14GhCPk_mvCxTPIHKXQkC6psgYjBYzPltNbswLhxQtA,Thoroughly enjoyed,5,1,,2019-11-10 10:40:35,,
gp:AOqpTOHt8P3MmvatSV4sK4njifUBwRSqhSSs-uiWbF4Hdpl5XgJD3vImd9KBaizxwrX26rkyF2OW4XdNXIPdPg,Liz Praser,https://play-lh.googleusercontent.com/a-/AOh14Gi2TXMcY_yCsTQB0zLHE3-xyXD0M1eLg9AtnGQK,Game will not open on my tablet.,1,2,,2019-10-08 12:07:43,,
gp:AOqpTOHgGqNTlmGGqZzwTJEhTNfo_7rC7bv7VHkIyvA_Pb9JEZnvqvNCMq6TxMSZPILyOZpIp_IgxDfVyVRu2A,Karen Davidson,https://play-lh.googleusercontent.com/a-/AOh14GjBJV4RtZ8pZvvZXg8gNCNE2flKSF0NX0Fn7dP4Wg,Love this game! So many places to explore! Great bonus game as well!,5,1,1.0.1,2019-10-06 14:48:41,,
gp:AOqpTOE0qm5M7Wi7EO1-NEjPl-1tHoHZnIP0I_ntHn0RYhyMR-ravM3h7eaL882zbCFA-rMYGp3wMGOeCyxNpQ,Betty Babberl,https://play-lh.googleusercontent.com/-N99KKWrYGzg/AAAAAAAAAAI/AAAAAAAAAAA/AMZuucnO_mL87aFTQwyEEYdBamTDxHqXEg/photo.jpg,Fun so far...,4,0,1.0.1,2019-09-20 15:54:04,,
gp:AOqpTOHqLDV8RXXqaaTYh9CzjO4WUWDQDj8JMGhoR9T10pfMuex8RrbLnYwea_M_BbxuxSgdEBYxj1ClpHGb6A,I amcarbonandotherbits.,https://play-lh.googleusercontent.com/-y4XZeOl1Uxc/AAAAAAAAAAI/AAAAAAAAAAA/AMZuucm8wEYk0ifwbguWx5d4rUtsZ7me5Q/photo.jpg,Great game thanks.,5,1,1.0.1,2019-09-17 10:56:54,,
gp:AOqpTOE4VuISBX5dnYsuN9keOLjRTwTT5tnv84OjbTgF_GtowllrxmwfST3qtcb8a9-3-Zfc90j2nznzGub1ow,Sue Hunt,https://play-lh.googleusercontent.com/-UAqXrGw4yRQ/AAAAAAAAAAI/AAAAAAAAAAA/AMZuucmoGJ6us2V0rCiITPzVlXEjeVailw/photo.jpg,"As always, excellent. Love the art work.",5,1,1.0.1,2019-09-06 17:29:14,,
gp:AOqpTOH2MVz7pwG4SA2Ta8qd3berEgk37l7448zQ3YpsMoM8mFF8pCHis-3hBWbPk_rJkltX_pLbCYOX0sS-OQ,Robyn M,https://play-lh.googleusercontent.com/a-/AOh14GjsIALk8VeREWZLINl0-3VS_j6EYE2bdEoHKZWh,Not as intuitive as the other games. Wait for it to go on discount.,4,1,1.0.1,2019-08-21 11:41:32,,
gp:AOqpTOGKXUXDWlgQDF1KUOfUTa8_pGPukakpM9l-HK3x9PFHRSGvVgjD7lCR2uoJfTBUWrASiq46Cx0MMeyCZw,A Google user,https://play-lh.googleusercontent.com/EGemoI2NTXmTsBVtJqk8jxF9rh8ApRWfsIMQSt2uE4OcpQqbFu7f7NbTK05lx80nuSijCz7sc3a277R67g,"Another great game! Graphics good, storyline interesting, morphing objects and collectibles. Well done BN, so glad could purchase game and not use coins. I am looking forward to the next game as all your games are so good.",5,6,1.0.1,2019-08-12 03:05:46,,
gp:AOqpTOH2FyPpgP6uCH-OxVN9awKIwYm_K7cY9ifz1biNNSXoqtodjqbXJiLOsmxGKBSEdccT0FEm2j-Qq0SfKQ,Harmony Morris,https://play-lh.googleusercontent.com/a-/AOh14Ghwa1H8bhP3qWr3jw0k7KRii_r6_me-Hu93V1lzW6Y,Amazing game with an interesting story. I really enjoyed this one everything about it was great.,5,1,,2019-08-08 11:31:38,,
gp:AOqpTOFReGAth8T5k649pyei7QVfCVAzX7Rl0CcHHGcYmxyCSo4nJKutLWlMx-IGxPTKyBs5hOiwCmVmsqrkFg,California Screaming,https://play-lh.googleusercontent.com/a-/AOh14Gg2WeV-mIh558-2qu03SbwXXa9IYEIgjTNFgOOrfA,The cut away scenes are detalied and lush. The story is intriquing. Most of all i love that 5BN lets you buy the game outright. Well done 5BN. Keep 'um coming please! btw $6.99 is a bargain for how wonderful this whole game is.,5,2,1.0.1,2019-08-02 16:23:12,,
gp:AOqpTOFg2UrFA3dkbZjlwv2yPnsWNvpF1qYAUAoMmvU3OTR21pfj_2FmEZP2DQmyE7Gw10XOu_LHzEZo091zlA,Sheila Johnson,https://play-lh.googleusercontent.com/-ZLk1JyAQNWI/AAAAAAAAAAI/AAAAAAAAAAA/AMZuucnrn-fPte2T4cL1TgZjXEJ21e-YqQ/photo.jpg,"Awesome! 5BN Games make gaming fun, exciting, and exceptional. Unique storyline, interesting characters, beautiful graphics and design.",5,4,1.0.1,2019-08-01 18:39:30,,
gp:AOqpTOEwRDNC8rc4Ez7KUEtfecEupRD5yY9DV5j1rLBagAJVPUchv5k52CcOrJ0goto6y2iQRX98ZqkL_4GqDg,Lori,https://play-lh.googleusercontent.com/a-/AOh14Ghuwz38BTb33RLSzYHxdt6Q-m6Km6SfD5IV_n64dw,"Thanks for the full version, love it!",5,1,1.0.1,2019-07-31 14:18:20,,
