reviewId,userName,userImage,content,score,thumbsUpCount,reviewCreatedVersion,at,replyContent,repliedAt
gp:AOqpTOGOTy23jWDfmYeCYBHSUSRKtBDZq7L4L9zgAfGy35vHq7xicu0_J-INyOt-jqpA-uPysm3BFqa4NmzPq3k,Alan Baird,https://play-lh.googleusercontent.com/a-/AOh14GhIz5gtijujzSzcjsD1yJKi8pBmPdw7voYeYYY-CQ0,"The desktop app is fantastic and totally worth it, but the app is horrendous. Super hard to write anything, super laggy, and doesn't save properly. Every letter I typed would take a solid 3 to 4 seconds to appear.",1,1,,2021-01-09 19:45:13,,
gp:AOqpTOET3_UOu8x5Knf_2CoeIpVXef72ehedTNS5VsLV6mZZ261MFbJC366cRg03xdRYI_Nu-M__N8QdnNDZqms,Giles Stogdon,https://play-lh.googleusercontent.com/a-/AOh14GiKvez6OKGD8Po-qehf5XeN9I9VLVxDnpm6aOoZ7g,It's it just me or is there there no way of opening a note. I can add notes very easily in the app and I can open them in the desktop version. The logical thing would be to tap or double tap on the yellow note icon in the script but this does nothing. It's there something I'm missing?,4,2,3.0.639,2021-01-09 03:21:55,,
gp:AOqpTOHaaxyEabN6NckErVZOVxGrQfvOB_xyT0waIUfU48RuTKmllVDtDbtbuh_vLQSAAYJuTMIZwqeZh8hUZfI,Kylin Finley,https://play-lh.googleusercontent.com/a-/AOh14GjSULoPx1-EKNyWDdpkBstwyPg4gS-Ht1UVxHO84g,Fix your app. The new version doesn't save anything and only works to open previously written scripts. I wrote 3 pages on mobile to test and none returned. Recovery had nothing either. It simply doesn't save scripts.,1,7,3.0.639,2020-12-24 01:58:41,,
gp:AOqpTOHQS6INeO1poDOZfxT0TCdjiEKaA8L865hbB_-DlRzgIG_pe2UQIuCLMW_HLg6YvZt2SPKV9z_b8fa9Kuo,TotallyRandomTalk,https://play-lh.googleusercontent.com/a-/AOh14Gi_L7WWye1siuL_CoS9f9V7jfe79PpOuqfUv4Cnxg,Big waste thought I'd be able to export work as pdf or doc at lest,1,2,3.0.639,2020-12-13 07:42:02,,
gp:AOqpTOGC6SAZpBU_sNX-aMW_XFffU8-dfyZdJrvf7CwjI2sFXfCS7SpxUMcVBEqLC2fm__N7OAcDu3_cs-qBE8I,Johnson Percy Dlamini,https://play-lh.googleusercontent.com/a-/AOh14Gi_0rOrDazqEQerr4WYuqN7c9FARlroUOdj5QshKQ,"What did you do with the latest update? Something I wrote in the morning is gone in the evening? This is why I have been saying you should have a cloud service that saves the files automatically, my work is gone!",1,7,3.0.639,2020-12-05 09:20:58,,
gp:AOqpTOGkQGkQbIGpkvr76aeoLGaghOLPNI0BPvJdPP4uU-SlmEYptbdHHSTZLRZwos1I5efkL9O8OQuwm0zuF00,Alekh Chapman,https://play-lh.googleusercontent.com/a-/AOh14GhyLbouxSaZU4GBgW_EzVDmeb_jIIV7atlQn1EeMxI,"Perfect companion to the desktop app. I can edit my scripts on the go. Only one issue for me: my phone is an older model and the typing can get pretty slow when the document is longer than 10 pages. My script also has multiple fonts in different languages, could be contributing.",4,4,3.0.636,2020-11-01 18:33:29,,
gp:AOqpTOGIiJjgeWxXZZaKc-Ro5-6a5HBMBlpy_ni-tPTcD3pskVoU1gk0sd3DGlRsbqqsw83VzF80YuvhM_4blG0,Michael Richardson,https://play-lh.googleusercontent.com/a-/AOh14Gj5V60IWimc_PQ2jjUFrA4uvuONjeaUTIvxigKT,It was great until I found out that it's full potential is dependent on having the desktop program.,1,2,3.0.636,2020-10-16 21:26:49,,
gp:AOqpTOFXYMh-MRvM9CbTSwHX3pkSKVTVrFEJxS8IHHIxM_E1SYvr6I9bYvw3nk8CHaGtne49wdKC50Kfk-T_PbA,Lawrence Langdale,https://play-lh.googleusercontent.com/-YQxsjfYVA0k/AAAAAAAAAAI/AAAAAAAAAAA/AMZuuclYQ3OqAYj-1Ie_bQ5W8jnDUxWSsg/photo.jpg,"It functions ok for writing, but you can't convert files without the desktop version...the whole reason I got this app was so I wouldn't have to get the desktop version. Edit: right, so, as stated in the response below this app is useless without the full desktop version as well. Do not buy it.",1,9,3.0.636,2020-10-10 12:43:14,"Fade In Mobile is designed for writing, reviewing, and editing .fadein files on the go. It has more limited functionality than the full professional desktop application, which among many other things will allow you to convert easily between formats.",2020-04-28 10:41:52
gp:AOqpTOFnDkdulDMklfJEHNHSQSQWeJJctVsusjAaCV7gG90Thv6UrACopRpCca9dSsVONQ1RT_utYdwwFILcmoM,George Tsirogiannis,https://play-lh.googleusercontent.com/a-/AOh14GgSBgEkV5ew8cTzYwTzYT4nrXCTjtTGLECYJZV8l_w,"Please add Courier New for us non-Latin writers! The mobile version can't be expected to be exactly like the (wonderful) desktop version, but still it feels like too much is still missing.",3,0,3.0.636,2020-09-23 10:08:05,,
gp:AOqpTOEKPhA8AUbel7EFj_0XshFK2ix_68MFivAugrTgP-S-8TLmPwmEmJzJh12vThKQhOp9fNtjAqvU9B3Sqik,Daniel Bull,https://play-lh.googleusercontent.com/a-/AOh14GjCqpv4WEK_l3Blnl2RKDmOet7-UzsUS9k8D0HOTQ,"It is not syncing with the FadeIn doc in Gdrive, which is the sole purpose for purchasing this app over the free vers. This needs fixing urgently, team. It says ""cannot export to Google drive"" when I try. As I am guessing this is the sync function (it doesn't sync automatically, which is also a bit dissapointing). Do you knwo when this will be fixed? Android app, Windows Desktop vers.",2,8,3.0.636,2020-09-16 12:12:30,,
gp:AOqpTOElpf6-z8CbqQrPJBbSVF9AyAZIR-FKLsQ8_EjD1LHRy65zOqWN9SPxJHkByJq6Y0CHDqKPUNAit2YSrlE,Hank Toms,https://play-lh.googleusercontent.com/-CdsaaCut4No/AAAAAAAAAAI/AAAAAAAAAAA/AMZuucnlxDbDhKJU297YUKpdVQaCjoK9IQ/photo.jpg,"While I ADORE the desktop program. It entirely kicks the pants off of any other free or inexpesive software, and the highly flexible import and export options makes it viable to use in lieu of needlessly expensive nonsense (you know who). But the mobile needs....work. It's clunky and lacks some of the work-flow features that desktop has. Plus, the worst thing possible: occassional crashes. An hour or more of work POOF! I'm going to keep giving it chances to improve because I love the company.",3,7,3.0.636,2020-09-04 14:06:34,,
gp:AOqpTOHluiTBXuIAYNCHa_Ykl78zp53fnrtnk9UsVvzLL0DCfLwdfjesrSrEgVZYCGPSB28w1slAwHyvqyOmRTc,Brady Caverly,https://play-lh.googleusercontent.com/-CDHlm7oBlGQ/AAAAAAAAAAI/AAAAAAAAAAA/AMZuuckJOPSwrexXB2tD_R2yOjvK02_1lw/photo.jpg,The desktop version is vastly better than FinalDraft. And the sync engine with this mobile app works great!,5,2,3.0.636,2020-08-16 18:19:57,,
gp:AOqpTOF5WcZGPTd5BuYxDIQGdQxgfN6J-8EVLGvkQ0yR1UZEBxBdpmpIBRn589xlzYakTOLWlucGQRZ2wqStqYU,Israel Velazquez,https://play-lh.googleusercontent.com/-qt-S3JY3jyI/AAAAAAAAAAI/AAAAAAAAAAA/AMZuucnvW2NYlcQIEBYRUhbIWrtsXviIpg/photo.jpg,The application does not run as expected on the tablet. It just froze and crash if you try to edit bigger files. I had to deleted from the tablet. I better stick to the windows application which works super better and does not have any issues.,2,9,3.0.636,2020-08-02 18:33:17,,
gp:AOqpTOFId2ivpKAGIMOul9KMFd6cyqMSVxLPN2DIOM9cDGF6pQnkrpIC3mkb0mvO3jY7Kltxv6fLaHYupLju9aw,Ben Dover,https://play-lh.googleusercontent.com/a-/AOh14GitoSo07ESqj6UGu7b2fpfddv2vVkgK0P-m6VeoSg,"The best android screenplay app, can be used with drop box.",5,2,3.0.636,2020-07-30 12:22:23,,
gp:AOqpTOFmwxbhbZ0OfPzE8jeUE49QqZNakDvaWgqHV7CYl1VrSfx8ktEdtrmXDpf8me0jMMc7YT0FFJ7Nzk5qOfI,João Nogueira,https://play-lh.googleusercontent.com/a-/AOh14GjGLd1-NjP4eQgWD3YarieeetfC4-J3BMMZ3Kq00g,"(Fixed on 26th JUL 2020) Does not load Google Drive Content.... A mobile app is suppose to be mobile, therefore not loading from a cloud is bad. Support stopped replying after 3 or 4 messages about this...",3,5,3.0.636,2020-07-26 11:59:36,The issue that some users have been experiencing with Google Drive should now be fixed with the latest upate.,2020-07-26 11:56:31
gp:AOqpTOEaE2goESs5upt3qvJuSUus3njY-LoqVNj6IOb9rEpSbUDHRfa3dswOtTW2t4PwmCRORxFbPfsyZ7BZ2Jk,Shaun Omaid,https://play-lh.googleusercontent.com/-lvF-wZwjSvQ/AAAAAAAAAAI/AAAAAAAAAAA/AMZuucnikUt9ppWxR-38l0uFuapNOM3OcA/photo.jpg,Still can't access my Google Drive Account...wish there was a way to connect desktop and mobile to sync with each other...,2,2,3.0.636,2020-07-16 15:10:34,The issue that some users have been experiencing with Google Drive should now be fixed with the latest upate.,2020-07-26 11:46:15
gp:AOqpTOFCzSo4Y4gIl9v0gecdhNTo7wZ_KE_P335p3N7AQ8wcGRzhWaldApcZLmElZNazrnGXmnkHn9BFkmXcWqo,Ricci Jacinto,https://play-lh.googleusercontent.com/a-/AOh14GjneGz1eQQgcI7lI7e6SPJSsRDcuWGT7rxkgJmN7g,"Why can't I import?! I saw a review that said he also couldn't import, all the way back from April! You still haven't fixed this problem!?",2,0,3.0.632,2020-07-08 00:18:27,Sorry to hear you're having in an issue with the app. Please feel to contact us via the support page with any questions or concerns. It's probably more effective way of getting in touch.,2020-07-26 11:47:01
gp:AOqpTOHUHPanrKibcvG7fugUjKfepvAk-sIOPpq3oTn3b6VJsHNjUoT_HnztanvOyKK9JOu36LE6yhhnMedwRkU,Deni Carson,https://play-lh.googleusercontent.com/-A3i-zlMZ-iQ/AAAAAAAAAAI/AAAAAAAACww/AMZuucnvkzKge_aQeGauoANXH68jy7u2xg/photo.jpg,"I do like this app but there seems to be issues with syncing. Everytime I update my document and sync with the app on mobile, the changes don't take effect immediately. As of now I'm getting error messages because the app has problems downloading.",3,0,,2020-06-30 03:11:17,,
gp:AOqpTOGuBzuLslfKm9OoSLDK1lEPrRkeHAcP2YLbFyvCxAFs44RztLLtvzMYe0APvzk_TAhn0VtJ_2JuQaaorIc,Avant Hall,https://play-lh.googleusercontent.com/a-/AOh14GhcoTImvvOUAB_3JAXHQ-dNs7n-j2xcfDUTQLJ8,It saves the document intermittently. Is there some sort of autosave feature? It gets tiresome to redo the same work over and over.,2,1,3.0.632,2020-06-20 16:43:07,Please see this Knowledge Base search: https://www.fadeinpro.com/kb/content/1/150/en/does-the-mobile-version-save-automatically.html,2020-07-26 11:53:51
gp:AOqpTOGgjegbb28VqTS6Lb0yNlJzIed9adYFL2pGgwZK5fESz21S-imkU_zi5r2FeRobf0QBQTt8LOsM5m0WzZY,Alexander Demin,https://play-lh.googleusercontent.com/a-/AOh14Ghptt319oTY8SEzwo-eozqvQIAhZs6NagohSfyQuQ,"Changing it to 3 stars for now. The problem is that after 90 pages it stops working properly. I have to dived the fule into two parts to work properly. You should solve the working with scripts 90+ pages. Besides that great program, that allows to sync files between PC and mobile.",3,1,3.0.632,2020-06-18 14:59:15,This issue has not shown up in development or testing (or use) with documents of 200 pages or more. Please contact us via the Support page so we can look into your issue.,2020-07-26 11:54:42
gp:AOqpTOG7tlXli8UDGiDtKA0ABCVP6yPv3u5_vPM9-W3vHWa7T4vVFBmgtg85--SLb3Em3IRVzEXYV7dTGtgLsgQ,Riya Dutta,https://play-lh.googleusercontent.com/a-/AOh14GgUiosC63xQFjUrhhGlFIA41S0_ZJN2CHNswpBA,Stable and perfect.,5,0,,2020-05-23 18:48:07,,
gp:AOqpTOGsy0EjIL1miWHB_iG-8z4q22a10CCpY2TnLw_70sA6tKXi3GhCYTs0fv6fDULk6fpdnigC10ySsc5xc-g,Philip Davetas,https://play-lh.googleusercontent.com/a-/AOh14Gju0XSIiK0IuyfXuhzUsxiwIk56mb2gf04xhhyVxA,"Works great so far. I wrote 45 pages of a script and haven't had much issues. I used a Logitech bluetooth keyboard with it and it worked flawlessly. But I think it needs work. It would be nice to be able to export into a .txt, .docx file. Otherwise, copy and pasting just throws the formatting all off and takes way too long to reformat in Word or any other word processing apps. I'm using the pro version so it's nice to store to on the cloud.",4,1,3.0.632,2020-05-15 06:56:28,,
gp:AOqpTOHs3r6PxLTTUDbe2XFHhHUogSQnIHUqqHb5ber0q7MwA9Z0waNjKUcmi1pqtyx0zLwoP5QNNp5vyktxFh8,John M,https://play-lh.googleusercontent.com/a-/AOh14GibLMxVJN4nPEogvkBQDfNbh7XQQRfk38ZUCB12GA,"Wow, what a disaster! I have Fade In Pro on my desktop and bought it because this mobile app is available. The desktop version is GREAT. This paid mobile version locked up on first use. I had to force close it. Then there was a delay between when I typed things into my bluetooth keyboard and when they appeared on screen of about 5-10 seconds. This is unacceptable. And the developer hasn't fixed this? AVOID buying this until there's nothing but GOOD reviews. Uninstalled and refunded!",1,3,,2020-03-08 00:19:46,Sorry to hear you're having trouble with the app. An email to the developer is often helpful to bring issues you're having to their attention. Please email support at fadeinpro.com so we can get a bit more information and look into this for you.,2020-04-28 10:38:03
gp:AOqpTOE_CoUG4DQILIRdDxspG0Q9szLGeG42cFumZ2wZ9bBFpAVJpdaLyB1BBEz4yo58DkRBdRtwgz-y3gSJ6wo,Jerry Davis,https://play-lh.googleusercontent.com/a-/AOh14GhulundU2XE1FBLTNzzd2UqrJ8t9DRgZaow6ygeN3o,Can you make this DeX compatible!?,4,0,3.0.628,2020-03-05 09:39:12,,
gp:AOqpTOHvK7pY5RpXiq6XlwPZVUdEVYXrF8lSp7XyaxEAx9O4hIBFthzq4RTKXtXoFixp2eNUWhKonpX55wNn4A8,Duane Butler,https://play-lh.googleusercontent.com/-L9DDFmYXKDg/AAAAAAAAAAI/AAAAAAAAADE/AMZuuclH7Zz5bsXnDb4DMME5W-y90Xk7DA/photo.jpg,"Amazing app and perfect compliment to the desktop version. However, with the latest update, I'm unable to input text.",5,3,3.0.629,2020-03-05 06:01:14,,
gp:AOqpTOGbPID2u6rllG5g9HTtF-fyh8xWH6QY355IciNi36G5XRy1NQI9SpaeJ-CDS_D9TjtbX4nlBAI7GfMixtA,Eli Gray,https://play-lh.googleusercontent.com/-sS50wUDmC_A/AAAAAAAAAAI/AAAAAAAAB6Y/AMZuucnf7TZxl2oTszMRqEw2cfr4oRvipg/photo.jpg,This does not sync at all to any drives. Will just show a drop down arrow that does nothing and no way to navigate.,1,3,3.0.628,2020-03-04 07:42:09,The issue that some users have been experiencing with Google Drive should now be fixed with the latest upate.,2020-07-26 11:55:40
gp:AOqpTOHPODnCYdFktY5gnMmd91HRqziVnW_rP7iKDmJlV3h4FD7z5oY5Y-h6TMt_2qMcCpaf-xxQmhHBJ5oaOPQ,Mario Gomez,https://play-lh.googleusercontent.com/a-/AOh14Gg-Of6J3lUhJU-JbvlKkw3gdD7rMOSkFa2EQKtnV5Y,"Can't open files (or see any files/folders) from Google Drive or my Android device. It showed the files before I authorized it but not after. So, can't really use the app until that is fixed A reply to a review from 2019 said this was the top Android issue, but still hasn't been resolved as of March 2020. Once it is, I can look into changing this review.",1,10,3.0.628,2020-03-01 13:08:18,The issue that some users have been experiencing with Google Drive should now be fixed with the latest upate.,2020-07-26 11:55:46
gp:AOqpTOEnZZBb-xGzN0s9PFhRVcgE6tweJ4UzeqKdgiMX8fHDC70NpEqzszYohNgF_lttlq9jJ-5Ut4-Q-BSidmQ,John Wu,https://play-lh.googleusercontent.com/a-/AOh14Gj8NyPbMGERllvcvN6dVnDpLMpMEc0Be37Ci7Cv9g,"serviceable for now but a bit wonky. biggest issue is when I start typing dialogue and changes it to ""character"" heading mid-type so I have to delete it and type again. until stuff like this is fixed, I'll take my laptop to write.",3,9,3.0.628,2020-01-21 00:39:48,,
gp:AOqpTOEW_5HELvfSef622XEnrxAud2yckQ9zfsf2vEDo6vs4dqG0l5jJTJGM09CG3D7m2nN_AVHzPVzwW3AO7o8,Thomas Throop,https://play-lh.googleusercontent.com/a-/AOh14Gh6yFhnLRXRoDY8sNWlL5bc5jIhzkXVPUQSd4LP_A,"I love Fade In for my windows and crostini devices. But this mobile version can't browse my authorized Drive account or my device storage. Phone says there's no app to open the .fadein I've downloaded from my Drive. S10e. Update 01/09/20: still unable to browse Drive, still doesn't see .fadein files in device storage.",1,3,3.0.627,2020-01-08 23:24:06,The issue that some users have been experiencing with Google Drive should now be fixed with the latest upate.,2020-07-26 11:56:06
gp:AOqpTOFq6XoR2-gIAiwxgy9glYEArL7BlnNX_VVNwYrMJyoZCWarcA8MgeentLnR_bPm3DuhzbkarMEk7PupEpI,Kenneth DeLozier,https://play-lh.googleusercontent.com/a-/AOh14Gg3SjCjLoQxOZMcqDA_sFQ-KnGp-f06cGC7L6o03w,Where is the tutorial for using this app?,3,0,3.0.627,2020-01-07 10:59:48,,
gp:AOqpTOEzUfMxDARsHeTqyGa2ZW7Hj6598oD95spPOHht7_bJAo93rHHr92lzSije_EZmCfMYPigQNgJhTR44j1c,Paulo Rego,https://play-lh.googleusercontent.com/a-/AOh14Gi8-QVG0NdRJY-gLQ4h5HWjHh19J-05rvLpM7FQhg,I love FadeIn!,5,0,3.0.627,2020-01-06 16:39:07,,
gp:AOqpTOElFhiwYKuxWAVfnrGzsqY6-4LwEUj0-2BH_SHNVw5_syw0zbnOh7le40PEzxQW4PIePmOp-GUaVbIQH2c,Joshua Radmore,https://play-lh.googleusercontent.com/a-/AOh14Gh7D_vZPrIh7WmmS5Q3b_JyjRjNdtli5yTboFA3ng,Cannot import .fadein files created on the desktop app as advertised. It does not detect files on the device or on Google drive.,1,2,,2019-12-28 23:20:33,The issue that some users have been experiencing with Google Drive should now be fixed with the latest upate.,2020-07-26 11:56:14
gp:AOqpTOH3x7jkORB0KvUuZu5oEePYf07b0BkzjH3ov6rKFTVr68sRrsIW8-RXsq_TkSgK2fwaoXAkq8KyJPfblSs,G M,https://play-lh.googleusercontent.com/a-/AOh14Ghnu06Mw5WTT8xKTrh6bErqKakyCWBfI1pnIKIajHk,I can't download my files from G Drive and run them in the app,1,3,3.0.627,2019-12-18 10:12:51,The issue that some users have been experiencing with Google Drive should now be fixed with the latest upate.,2020-07-26 11:56:20
gp:AOqpTOHnVmXb3sXqUkN6nps2mQpSCOrLhpebOLqTkNAU26wbnbvnMorLRvVY-YK0RKjF9LqzDUNAD7RS0e3mA6I,Greg Virgen,https://play-lh.googleusercontent.com/a-/AOh14Gi8tv88q8OEvGLCH2Aw93qyzC9wJVeuxa3gEJzP2nI,Good but does not sync with Google. Had to reactivate my Dropbox!,3,1,3.0.627,2019-12-14 09:51:17,,
gp:AOqpTOGrRAneutTkuXBpRC8B_tl18DJQ0oMVkb0GdNJ57THxMpFM4gzBH4BvdE4OY5JHYHuJ8IvFjGVHTTO9X6k,John Hugh Fulton Porter,https://play-lh.googleusercontent.com/a-/AOh14GiYOCDGiVrnJh5LLt0M-3yjEGHwtavnigTPwrnsgQ,"Great , easy to use.",5,0,3.0.627,2019-12-09 05:46:04,,
gp:AOqpTOE7UUpbmnFr0fYj1X8vrjvT1452AJRPiGlsnj_iUPTYSqNS0xXa4a4ulZM6vQgauAB4oiPv0KDqMzaZdOo,Corey Waldrum,https://play-lh.googleusercontent.com/a-/AOh14GiOY9t9A3x8HwcZCC-w-iqY5UMt7Ale7Gr848Jn,Best screenwriting software period,5,0,3.0.623,2019-10-29 15:10:28,,
gp:AOqpTOGbtPd4DM4HOT6-7AicTznC5s7w08-7QH0O883iqkw0EwapPopbaU9vhmVQMc9y-5hn-vkj7FKHilVgDI0,Ali Nakhai,https://play-lh.googleusercontent.com/-xF_NMGSlVi8/AAAAAAAAAAI/AAAAAAAAAAA/AMZuuclmLItqKYZPeX8yXoWxWMo9pDDBgw/photo.jpg,Glitchy. In Line editing is a pain. Actually it's IMPOSSIBLE. The app always freeze. I appreciate the developer taking an active approach however.,2,0,,2019-10-29 02:10:42,I'm sorry to hear you're running into any issue. Please contact support at fadeinpro.com and we can try to figure out why you're seeing this.,2019-12-09 00:49:25
gp:AOqpTOHCMFQ7fUajxtheoreysdgYQyuHQeH9WghZct9OX3C4cfvJfYdPeEESkdt55yf4qzAQDHyIy9N0a_fTZOY,Malvick Legion,https://play-lh.googleusercontent.com/a-/AOh14GgEy5vfRmmBe1C3cPrjzz655bIxl31RoFdA1uT7Vg,Wont let me type in words. App freezes up too much. Wont even export to pdf anymore.,1,0,3.0.623,2019-10-25 16:13:02,I'm sorry to hear you're experiencing an issue. Please contact support at fadeinpro.com to see if we can't figure it out with you.,2019-12-09 00:50:44
gp:AOqpTOHYIaPKlATpVuXds58K45nb4cQX_D8nOHQXqFsoYtHazvdaiJ8MeZO9S32W5dkzBwtkManhXtrlFWBxfp8,Zubin Garda,https://play-lh.googleusercontent.com/a-/AOh14Gj6kR691h1QYnLbZ_hpTE-E6iX40JtknzSO2MIigQ,Supah!,5,0,,2019-10-05 04:35:30,,
gp:AOqpTOFQ1eMuUOZt4AIfPRtsHhDrd1c6zScggOVO8njhwhWRqJu7A0dNIjcAE63HhmKEPLYhU_tZ1x0dYqlUgOQ,Ron Smith,https://play-lh.googleusercontent.com/a-/AOh14GiWgB9mcogVelpD1Z274bEP7oolYSBsy0qEJ9hCEQ,I want to give it a full 5 but gotta give it a 3 due the impossiblity of importing files without dropbox :( UPDATE: However Dropbox does work and the Desktop app is superb! 4stars,4,1,3.0.623,2019-09-27 23:46:38,,
gp:AOqpTOENyQdf5kbWHltsTOwvawFOp5lLChCwOFWsuor3kNniHo4pUs72Cyv8QeP35ENS0DEPF-SISzMYZKgvcB4,Ali Nakhai,https://play-lh.googleusercontent.com/-VxW2GdzeOkc/AAAAAAAAAAI/AAAAAAAAAAA/AMZuucnOY62Y3RxUl3OVorSHWqOm9DZdmw/photo.jpg,"UNACCEPTABLE for a paid app. Glitches galore on Tablet. ""Unable to get scenes."" - when hitting scene list Crashes on import of a script. This is EXACTLY why people feel zero guilt pirating.",1,3,,2019-09-27 00:34:06,Sorry to hear you're having in an issue with the app. Please feel to contact us via the support page with any questions or concerns. It's probably more effective way of getting in touch.,2020-07-26 11:57:03
gp:AOqpTOEXLqzitf5hI5VjJlNjeMVarFMkAOrO-aYZdkWjf6nRJX7LqhSM0K8CE9fYX4uNnpcPjOKR4Ta9-y8u-Wk,Jeremiah Rickert,https://play-lh.googleusercontent.com/a-/AOh14GhSeZh-5HgJqXBv8CHqEE6gkXpjRhxv0waxmFX0tA,"The main problem with this program is that it's not intuitive. Too much pausing to switch modes. The line after FADE IN should automatically be a slugline. And when you type the slugline and hit enter, it should automatically switch to Action formatting. There should be a keystroke shortcut (alt-D for example) to switch to Dialogue formatting. Then it should stay in dialogue formatting until you reset to Slugline (where it auto switches to action after) or ALT-A to keep action.",2,2,,2019-08-26 15:38:48,,
gp:AOqpTOGOLJ_UEYssKhBYBO7CLP-5WtX6ftXdKbHs4F636kHOo0aJ0W3ydgv_2_kxKg6sMRKL-E3MHTuSe5pWWmA,Lydia Cerguera,https://play-lh.googleusercontent.com/-2p9DLuUV2aY/AAAAAAAAAAI/AAAAAAAAAAA/AMZuucnTX-L54G3NgLnOhZAFS8jrLo-ILg/photo.jpg,"Paid and downloaded onto my Samsung tablet and it is impossible to import any documents, despite downloading them in multiple folders etc. The app simply closes immediately. Then, when starting something from scratch, the app doesn't allow any actual typing! Terribly frustrating, preventing me from getting any work done!",1,6,3.0.622,2019-08-22 06:09:05,"If you are still experiencing an issue, please contact support at fadeinpro.com so we can look into it.",2019-12-09 00:51:39
gp:AOqpTOHSGKbAHqpuoossTqI1hzwF0XJG5jqYdNWK7I4DbXVwNyU8U3Wg8p8-ZHF5wTL-vLkCy9QXrjDNtQeiQhQ,Ben Brangwyn,https://play-lh.googleusercontent.com/a-/AOh14GinTIUvTIPLTUB74Y0YqtH92o_45ZUnuqBn33uzgg,"Disappointed.   I've got the full version on my windows PC, and wanted to use the mobile version. I paid for it, expecting it to be able to access my .fadein files in my Google Drive. However, Fade In doesn't seem to be able to read anything in Google Drive - not the folder structure, not the files. Nothing.  Everything is fully authorised and permissioned. Google Drive works fine on my phone using the Google App.   However, Fade In Mobile (at this point) is a complete non-starter. I'm surprised, since the PC version is excellent and the support is good and they don't appear to release software until it's ready.  Will purchase when they sort this out. For now, though, I'm getting a refund.",1,7,3.0.622,2019-08-20 13:04:41,The issue that some users have been experiencing with Google Drive should now be fixed with the latest upate.,2020-07-26 11:57:31
gp:AOqpTOE9wRK7hQ_8e1EmjRmzh8TchSKgm6x0Jyl20UVe4Bjvk2ZwHaLhYDCsXl_SB2xVP4qnSrzcrpFl9aT5HjU,Detria Dancil,https://play-lh.googleusercontent.com/-IjpaXPA2XuQ/AAAAAAAAAAI/AAAAAAAAAAA/AMZuucmO0TL9Lo77Asq0n6L-Aq1Ms_F5qQ/photo.jpg,"Just purchased Fade in pro after using Fade in basic , and wanting to be able to import /export between the actual Fade in software I just purchased. Import/export DOES NOT work!!!! Will be getting a REFUND. People work to hard for their money to be duped by lying companies!!!!!!!",1,2,3.0.622,2019-08-18 14:12:34,"If you are still experiencing an issue, please contact support at fadeinpro.com so we can look into it.",2019-12-09 00:52:41
gp:AOqpTOGrOy35Rx3LffcVF_q4dz1HVRKo0Z18eX3Ev6JVXAV79Bk4opn1t9CVZmoP7GnoMblktercyQHRV3alwzc,Prabhat Maurya,https://play-lh.googleusercontent.com/a-/AOh14GigBZ5yPkn7AIz0YgKwuMPFWTNlpYPqd0FEstdkIQ,liked it. only one problem. when I select parenthetical it doesn't add brackets. it's pain to add brackets as it breaks the flow. I hope for a fix.,4,2,3.0.619,2019-07-16 21:12:50,,
gp:AOqpTOGaDcYK1FNeEKj78wjKv_tmwhwNzCMrvC_XbMEs0kYdvlsAMY3FGVwtbrubD1LDN9F14Ufuj2101TbVzec,Rob Holmes,https://play-lh.googleusercontent.com/a-/AOh14GgAwxFyRcIMLuNIEwGb1KS4PvNEObCce3lsB6vLsOM,Impossible to import actual Fade In documents. I've tried via Google Drive and uploading from my phone. The app will not recognize any proper Fade In documents. Your app is garbage. Fix it.,1,7,3.0.619,2019-07-11 19:38:48,The issue that some users have been experiencing with Google Drive should now be fixed with the latest upate.,2020-07-26 11:57:52
gp:AOqpTOEDAsIdenkHVbkq5WIjVlpqaREuW2eH-ekiBPBU4MLQ5ELT5W9slvYyO-YGIcNki8Zp7dWQbMtVBF0qv6s,Teya Searles,https://play-lh.googleusercontent.com/-RO7LIx9aWIE/AAAAAAAAAAI/AAAAAAAAAAA/AMZuuckVrzoPl5wB9p4flXPR3TNfcJ9X_g/photo.jpg,"Everything is great except for the exporting options. My Google Drive, Dropbox, and OneDrive is stuck on the loading screen. Great app though!",4,1,3.0.611,2019-06-18 16:06:05,,
gp:AOqpTOHecDXEF6ZyaYVFp0eoBFKCOsVMKEYYfsL8ell_HmErey4TqxDOYOHKZADOpVzF2esThhmylCDB0vvtuio,Ben Mahon,https://play-lh.googleusercontent.com/a-/AOh14Ggzvz8pDP8DNANY5SfrvkLbJ4Fk-tvZxFrDpAo-5w,"Doesn't sync, you need to manually import and export scripts. They call it syncing but that's not what that is. Some buggy things like moving into next line disappears behind your keyboard until you type. Also selecting large sections of text doesn't work well, doesn't scroll down, jumps back up and generally unusable.",2,4,3.0.611,2019-05-16 09:40:33,,
gp:AOqpTOFBB_3f1XoWt2qFE56jvHVCDoHLK_hjtoCwP8EULE0ZX3LfU9yNgN00miP-w9CRZGmpOfWRM5xdsPts7r4,Joe Godspine,https://play-lh.googleusercontent.com/a-/AOh14GgV5bJZtQgOZ-uSvi-wue1ArKIiLdvXoxwZdXilbw,Been using this for ages. Love it.,5,1,3.0.611,2019-05-10 07:10:15,,
gp:AOqpTOFQXAO-7xLa_9ASnsLW4VYD0wOf8HMtnpC78I5JSiTD5qJKTFDKFPJW9Okl6ivAo76mszt2kyEgAzmKVP0,Salazar Dimidrakis,https://play-lh.googleusercontent.com/-YsmTn5yQHuw/AAAAAAAAAAI/AAAAAAAAAAA/AMZuuckNrtCiWgKJfCDYy8QIavGMULOyFQ/photo.jpg,"Needs work. It's too messy and difficult when used in conjunction with cloyd services, which is obviously the only reason to use this. Its layout is too claustrophobic to write anything long on, so you would need to sync. If they can't get that right and more intuitive then I'm afraid this app has failed.",2,3,3.0.611,2019-05-03 11:21:04,,
gp:AOqpTOHq8o9cNSlmIILIDKYQxMoTZQ8lHMPTsaIzyaSHWkhfC-HKoLzMcVsmHPBXdPY9vGuZez4xtjyjNUMR5gQ,Jean-Jacques Dumonceau,https://play-lh.googleusercontent.com/a-/AOh14GgmDXTTIzHIECbzfixYtfKzsHpmVAsTAHsIxZ9m2Q,"app fine but I'm little bit disappointed that not show and manage the highlights in the scripts. it's a very useful tool in the desktop version, and the parenthetical don't show up?????",4,1,3.0.611,2019-04-07 16:17:39,,
gp:AOqpTOGd3UeLDg8wfYhc5qa8_Z3uYw1SXGgOvTvs0KMl4JcX_w7MVXIy0p7dVMx2ODihP4ILwyhmVJxHIWKlDTY,Logan Howard,https://play-lh.googleusercontent.com/-Q7IT9FDQjTM/AAAAAAAAAAI/AAAAAAAAAAA/AMZuucmgaG7cifWOzAtJdctSUFRI-GtMHQ/photo.jpg,"App is great, but you can't save your work as a pdf which is a real head scratcher on why that isn't the default in the first place. Will update rating to 5 stars when this is an option.",3,2,3.0.611,2019-04-05 15:22:22,,
gp:AOqpTOGA9e19VlfLArNldqcy2sUcAez7Ur8dhBh22TiBoudwOMHDz8Wv8u418tqdJtsCtNiZ2OaxVtslP4StmEw,A Google user,https://play-lh.googleusercontent.com/EGemoI2NTXmTsBVtJqk8jxF9rh8ApRWfsIMQSt2uE4OcpQqbFu7f7NbTK05lx80nuSijCz7sc3a277R67g,"I love Fade in. I own Fade in Pro on my PC and it is an amazing piece of software to own. I also write on the go and use the paid version of Fade in Mobile. My only note to the developers would be to enable pdf exporting to paying members of both, PC and Android. They can protect themselves by linking both accounts and so, provide better functionality for the paying user. Sometimes I am editing on the go and want to share the script on PDF and I can't do so until I get home. Otherwise, great.",4,27,,2019-03-26 16:42:39,,
gp:AOqpTOGpRnC5NLV3qgrqAWT9ru-ZGuMCdk5IbbALmcBdAt9ZJsdPoJ04mkQxqWiHkWfOkhxq-qdqUvTW5k88Es0,A Google user,https://play-lh.googleusercontent.com/EGemoI2NTXmTsBVtJqk8jxF9rh8ApRWfsIMQSt2uE4OcpQqbFu7f7NbTK05lx80nuSijCz7sc3a277R67g,This app is packed full of features that many of the other screen writing apps dont have. Its the cheapest and best app on the market. There is a free version to try before you buy and than u can pay 5 dollars and get updates for free. Others charge. You can sync your work with the Windows program that also has a free version to try which still has most features. And it does detect folders in google drive someone said it doesnt but that is incorrect.,5,1,3.0.611,2019-03-17 21:37:30,,
gp:AOqpTOFQExszr7ya-o_9R9kRb8jyt7I2y1dDqjOSuiC_6WZweELlQ3oHgP0uSAU0alMtMDvN5t0yJvhL7hMitcQ,Dejan Drčec,https://play-lh.googleusercontent.com/a-/AOh14GiAzxldAMceVR1Lm_T798fJr7daRzVQ3O7k_Vvz9A,"Still needs lots of improvements. I start writing and it doesnt show the letters i type. Like a BUG. I refresh and reopen still the same, you have to go from FADE IN: to get a decent start so it confuses Scene Hedgings and its not nowhere near to the desktop version where you type I for Interior and it recognize automatically INT. Not in this app. No option for dual dialogue also a minus. No finish line of each page to format it correctly. Even at one point - action and character was in Bold.",3,2,,2019-03-17 19:13:51,,
gp:AOqpTOGOB2huYDDLJSBxqOPQbaWEpulK0-4NiV9Czfqg1ZWgkkaW4jtmUuBURJh07jixDfomgHchUChrycQWry8,lula pftulani,https://play-lh.googleusercontent.com/-P5KR4RJdpN4/AAAAAAAAAAI/AAAAAAAAAAA/AMZuuckouZUsuf9SsV-JqgNu-bWEnfdyMg/photo.jpg,"I love fadein on my pc but this app won't sync with dropbox or google drive on my Pixel 3 smartphone and there's no autocorrect which is just rediculous in 2019. Fast, seamless syncing and autocorrect is a must for professional writers and since the Scrivener/Literature&Latte team won't support Linux/Android Fadein is perfectly positioned to fill the gap. I'm rooting for you guys but damn you have to fix the autocorrect and syncing!",1,3,3.0.606,2019-02-06 22:14:45,,
gp:AOqpTOFUJDSvVLMXWEriJ2Pzskc1ibNZHGwvhA-tOZqkZdKREnGvuvp0kOP80tO-Vi-lV59q1qhKPgfPQxZMCqs,Priscila Martz,https://play-lh.googleusercontent.com/a-/AOh14GhWlY6yWwnT1wby9At-12LP9GaD_mkbL8uWLVXGWw,"The program is fast/great to write outside the computer, but can't be used as final text. Consider putting page number, scene number and text justify, you should attract people we recommend for it.",3,3,3.0.605,2019-01-06 13:37:54,,
gp:AOqpTOGV4g5l3MXpA-FIg9qc1CjH1ugWfqxBcNf8JoiQv3Dmj1OPNTJhBozijkfROXGjhNA_acB3bWnQ28cETWE,Jay Southards,https://play-lh.googleusercontent.com/-5W3owsLBQRs/AAAAAAAAAAI/AAAAAAAAAAA/AMZuucm57fjkwF793Is1MGvXRyG5Fq31yQ/photo.jpg,what a change for the better. thanks for listening. now that i can down load to pdf 5stars for sure.,5,1,3.0.605,2018-12-27 19:00:17,The new version will allow you to Print (from which you can choose Android's standard PDF output).,2018-07-09 07:44:17
gp:AOqpTOGIANCLgaeYQtn9m7hKyf0w1rt101jqNxTLJQuhYO_IgGXl3Je2mpHiV2sy1rY46Z5agZUkbC_2fL9q2EQ,Lawrence Goodman,https://play-lh.googleusercontent.com/a-/AOh14GiKExn6mviFqZL0oClSQbGS4Y-5eN2P13zwZdQbVA,can't detect folders inside Google drive. can't handle stageplay format.,3,7,3.0.605,2018-12-27 06:56:39,,
gp:AOqpTOHc7naoaaTnnPjefY9Ql55jr-eAtZO1A4uWRNmTU4_En2UDwzPnhhS7J3BLMymToS_PfQ57o_lMiXwAiBA,A Google user,https://play-lh.googleusercontent.com/EGemoI2NTXmTsBVtJqk8jxF9rh8ApRWfsIMQSt2uE4OcpQqbFu7f7NbTK05lx80nuSijCz7sc3a277R67g,Good app. Works well for me.,5,0,,2018-12-20 11:20:44,,
gp:AOqpTOETcLbp46Xx_35RacCeHwjONchg_60LDInmZpNfg1zruB4-UbBxSXev11wywxxaTKjRA1qDGfDYOd_pAIU,A Google user,https://play-lh.googleusercontent.com/EGemoI2NTXmTsBVtJqk8jxF9rh8ApRWfsIMQSt2uE4OcpQqbFu7f7NbTK05lx80nuSijCz7sc3a277R67g,"For a clumsy typest, the lack of Autocorrect, is a big minus. Wanted Android version, cause my tablet has better battery life then my Windows Laptop.",3,1,3.0.602,2018-12-14 08:27:03,,
gp:AOqpTOGxBNylMxQnkisRIZiFPS_NX3Q3aYY5UhMonGxn6On0Ww6hukdNn1iOWVIdxtwA3o1A2p2eW5AMHLK4RXs,Steve Lewis,https://play-lh.googleusercontent.com/a-/AOh14GgMz8A6UztcT0vcPhLimrC6xaVQ3D1ziiNuCd0DJw,Great product.,5,0,3.0.602,2018-11-15 18:19:47,,
gp:AOqpTOHyiOZgZ9f0nRzOavvc95nuDVJASGJEGHpvBaYNYd7_7U2aKT0DWb2HfWJASkxfjm4b_JbexonpuEnYeNo,Paul Leeming,https://play-lh.googleusercontent.com/a-/AOh14Ghy3EtX3a5vSi4TDxiG9gt3KRyp3upTgOzvKg24yg,"THIS is the future of screenwriting apps. Cross platform, frequently updated, responsive development. Buy for your PC, Android and iOS systems, all for less than a third of the price of Final Draft. Highly recommended!",5,7,3.0.594,2018-11-04 01:34:26,,
gp:AOqpTOGw2E6T8tKL4b4xg2hOfgleXNAfVj8bI6ZJBkFH8ak16sdgEXlY0Q5WZdUGlvNqbwTUA8dWLGi95T8t_u8,Brennan Rothwell,https://play-lh.googleusercontent.com/-xgGUrJ4MccQ/AAAAAAAAAAI/AAAAAAAAAAA/AMZuucl3NEWBW1ky12hoIq41IGgFldHT0Q/photo.jpg,"They've finally added support for One Drive and Google Drive, 5 out of 5.",5,0,,2018-10-29 03:45:08,,
gp:AOqpTOH0kfli0PzngIdip5yEYzitoRMYMwG5kNO9fLZrdF0WBxLvetRK95WANGLGzVnqidLL3uGMgXCWDnNvuhY,Stories Torn From The Flesh Of Bordom !,https://play-lh.googleusercontent.com/a-/AOh14GiWYYYHM51ZeI37spyd5xXPzTOakBjulr-vu2ezkg,"Second and last update...I just tried to use this with my Chromebook but got the same errors. No one has contacted me from Fade In Pro for several days now even though the issue persists. I hope my issue is in the minority because I really do like the PC version of the software. But I cannot overlook the apparent fiasco that is this android app. I'm still giving them two stars because I have hope that one day it will work, but my $4.99 is a wasted at this point. UPDATE: So it has been a few days since I last heard from the support people. This app still will not connect with Dropbox, OneDrive or GoogleDrive. It is still a good app in my opinion. I would suggest trying the free app first though. I spent $4.99 on the full app and now that's just wasted. It is a good app and worked well out of the box on my old iPhone. For some reason it won't link to Dropbox on my new Android. Still, works well enough for 4 stars even with the Dropbox thing.",2,2,3.0.594,2018-10-14 16:35:17,"Sorry for the delay in responding. (Unfortunately communication by Google Play isn't the most efficient path.) There is another user experiencing this issue, and it's currently being investigated to see why, only on certain configurations, connection to online services is not working reliably.",2018-11-07 07:36:35
gp:AOqpTOHUEADQ6-j8PNIw8pUkjralJfNOr7QpEs8-tiHjO3-RSA5oR_DMU4d4RAvW-PlFJrI_F0jClagvfx289_w,Роман Короленко,https://play-lh.googleusercontent.com/a-/AOh14GgyWQH0a1E8AR3cF1Ur2tMf8xGtCnN6ItNMCOXy,"Please, add image functionality",4,0,3.0.591,2018-09-15 01:39:00,Fade In Mobile should be able to display images that have been added using the desktop version of Fade In. (Currently adding images directly in the mobile version is not yet supported.),2018-11-07 07:35:03
gp:AOqpTOEDTh5BHtMz8b4vOCv7SD_U0AIX4v7SUjCkeZyJa3u7FXe1c1sN40DR90SgcIridMGM2TYA8zR-TLoDS7o,Thomas Moody,https://play-lh.googleusercontent.com/a-/AOh14GhnEOpOueO9ZGeFW9IwPlM3uYh09douJgn_NIxPnQ,Love it. Download and get creative!,5,0,3.0.591,2018-09-12 14:57:28,,
gp:AOqpTOFMThFBRBquRFGIu0f92eswkCBYJoMBRdmAw706KzcwnkyordZg9d1isc77zZWNpLP7FlacskfDZ_TLc94,Surina Nel,https://play-lh.googleusercontent.com/-qETKJSSOcVU/AAAAAAAAAAI/AAAAAAAAAAA/AMZuucktvQZgW_rjQCteOFQgff86SUKXfw/photo.jpg,"Had some issues but after only 3 mails to support my issues was resolved. 
Love this app so much",5,0,3.0.591,2018-08-07 00:58:05,,
gp:AOqpTOE5BcCz5-ZvWSd5u_YNoXDj8p2YD7jQjXHLHTOQ5Xz2XdwVFYhzjAc_MztgBtL5hJjO7PhBqm3C5xbpAS4,Bisonalizer,https://play-lh.googleusercontent.com/a-/AOh14GiLOIY3DC5sO6OpOrYZkH1N1_I4Hyfv0MT7kOJZ4w,"It's not as good as the desktop version. The keyboard, hides the text that 
you're currently writing",3,1,3.0.589,2018-07-11 03:33:43,"The text should shift to show the typing position as soon as you begin entering text. If this isn't happening for you, please end an email to support and we can look into it.",2018-11-07 07:37:42
gp:AOqpTOHAr3ntMKqdA2HeQb3o7LsmsCBk2he4Gneb0qQRpVP4w_bVFT1C9IcRKf7vFaXVMOk8GpJWjDS7VRxHzls,hemanth kumar,https://play-lh.googleusercontent.com/a-/AOh14GgelJRVRO6qFaYINz3EBZjn9Yg-HRK0AkEX4VWf5g,"When I link my Dropbox account nothing shows. I tried restarting the app 
many times but no change. Please help me fix this.",3,0,2.0.565,2018-06-18 22:04:08,"Please try the latest update, as the syncing mechanism has changed (and you can choose from more than just Dropbox).",2018-07-09 07:43:25
gp:AOqpTOEIXBXr6R9c-lfCnyoQudEhJNhbfZeI_JwJ-RRf3Obaja1ZYegvLmczs7JGrpO787BagiyEZfjSs-khUoA,Mike Coburn,https://play-lh.googleusercontent.com/a-/AOh14GhMRb5E8eW8X9v80rAOlTbCxswWaS-HSJeqVENa,"I'm sorry for those that are having trouble with the app. It works amazing 
for me. As a student paying my own way toward a Fine Arts degree, this App 
and the PC version are invaluable and perfectly adorable.",4,1,2.0.565,2018-05-26 20:11:18,,
gp:AOqpTOFwaz585UqafIxH3BaiPsyMTZHgVfK4rcznmiuMXXLJpjZLT5rqk0t46pw1v18tLwHROIEcaMlZ8kcJPuw,Evan Ladoux,https://play-lh.googleusercontent.com/a-/AOh14GhwsQH_FpDLSkGm6PEZ0RwqUe3FbpbAAJiL5Sp7ig,"Totally great in combo with desktop app, this has flaws the dev is 
apparently uninterested in fixing though",4,2,2.0.565,2018-04-19 06:17:21,,
gp:AOqpTOEvsrSeFugg4vBNpZ3yBrHzvHoljjn72-JbIqVY6EbEIHuISot_Cji7Z5Eji4FJsP6mmv8Dqkedpu799Ew,Deon Irvin,https://play-lh.googleusercontent.com/a-/AOh14GhRdbgeAAEeXKgrRB1ZmHzTF5R-2PS9m8EPkB1u,I don't like that the keyboard hides the text that you're currently writing at the bottom of your page. Fix this please and it's a 5 Star mobile app. **Updated** I was slow I fixed it. Just add page numbers and we're good.,5,2,2.0.565,2018-03-25 11:26:11,,
gp:AOqpTOESM3l4Z3-bRl5uox-mWsjptjxfahAKdw-yU2hqFETOO0uKSL2Ca338h13gKvs5IRrZWCMlAT-sztCmqVU,N.A. Shoemaker,https://play-lh.googleusercontent.com/a-/AOh14GgPkhXlkizbtjR6HsU9Te0bLT2J00DFlTCLGCFoTw,Needs page numbers and page headers. Other than that I love it.,5,0,2.0.565,2018-02-11 09:06:04,,
gp:AOqpTOEsOuIt7MjoJbwnNFgjnhaM2MNBAd0SMhkyw5Rzgf8GUc8Fr5wbJpO4H7uMmdj0YeFBn7xL-ojS5Y_qoCc,Earl Hamilton,https://play-lh.googleusercontent.com/a-/AOh14Gg5WWSqhBTnkdH4vubfxXYszhOYH7hd6omLWKax,"Nice app to proofread or tighten up a script, it seems like a decent writing app but I have not put it to a real test yet because I prefer not writing on a tablet... for now. Works well with Dropbox. No problems on my Fire 7"" or 10"".",4,0,,2018-01-25 11:52:08,,
gp:AOqpTOHPEsW_pElQIbnuSqnuye7-1Qp2PIfpyBud5JxCP6iarT5WbhZn0jSjUHuYaI8-s5oufn4fzcBLP2_LUro,A Google user,https://play-lh.googleusercontent.com/EGemoI2NTXmTsBVtJqk8jxF9rh8ApRWfsIMQSt2uE4OcpQqbFu7f7NbTK05lx80nuSijCz7sc3a277R67g,"It's incredibly slow, unintuitive, and lacks customization options, even in ""inline editing"" mode. I want to format a script in multiple camera sitcom format. Can't manually insert acts or titles, page count where needed. Celtx works so much better until Final Draft comes to Android, if ever.",3,4,2.0.565,2018-01-10 16:34:32,,
gp:AOqpTOGw9gua-mmivt-3hNsJ619ilop3k4iWFUKWzhOYwLrES5GDYKvbNZ9gi8MI1wU0_acyYZtp0wotq1rULqM,David Barber,https://play-lh.googleusercontent.com/a-/AOh14GhPxTSEPWUnjKJcEhLDD0kONST9RkJqIQQJqoOn2g,"Unusable on my Huawei Tab 3 running Android 7. I paid for the APP and it used to work on Android, but now I simply can't get anything done. Pressing enter doesn't jump to the next logical element. Elements simply disappeared, undo doesn't work, and even the basic attempts I made disappeared without trace after a crash. Needs an overhaul. [EDIT: The software works when I don't use my Bluetooth keyboard. This is a standard Android keyboard with track pad that works on other software, but not this. Writing software should not crash when using a Bluetooth keyboard! ]",1,6,2.0.565,2017-11-11 23:32:49,"Please take a look at the latest version. If you continue to have difficulties, please contact support at fadeinpro.com.",2018-07-09 07:46:19
gp:AOqpTOGwKuyv5eiZVwc_E30jjcykuiTl-DQuYKgDtVW8mSjGlav4nmH8d1C-HhtDJcavk0cCrluVxD8HnzZe2x0,Darren lewis,https://play-lh.googleusercontent.com/-4Jyx6FLIEiE/AAAAAAAAAAI/AAAAAAAAAAA/AMZuuck3Ue-oaoh3Ic6AvApIQAfhteYFqQ/photo.jpg,Works Great... Love it.,5,3,2.0.565,2017-08-31 13:13:44,It seems this is working now. It seems to have been a temporary issue — still trying to get to the bottom of it. In the meantime if it continues to occur please let me know.,2017-08-31 13:02:42
gp:AOqpTOEhCHAxKxWLnBzlCLIZooDvwVf9JflaTMqL1xgaGoelrxtbISoWRYmacZNCjhRbnogTk9NHqOIyuTAJJtA,Stacey Riley,https://play-lh.googleusercontent.com/a-/AOh14GjRJC-YNr6k-KNZd0nvQ9bkoCms7TP0ljve7HUR-Q,Great app! Does what it says on the tin. Would be 5 stars if you could preview and edit fountain files on it as well. That's one of the feartures I miss from the desktop version.,4,4,2.0.565,2017-06-22 12:57:45,,
gp:AOqpTOGQM4lGKis0IxohUJ6mX2ZmPC3hgz5E6OkpiSmh6UUacBkYzQBtfAOWeQ_nD4nufspTvtVF9D19GNaO5JM,Antony Reid,https://play-lh.googleusercontent.com/a-/AOh14GjSaDM73tznno4GzIjyeGKGDhMEKYa8s6tUA9YzLg,I would be much happier with no lag between element changes and key shortcuts. Would pay more. I am also still fuming over a good 10 pages lost on a sync error.,2,1,2.0.549,2017-02-19 04:16:30,,
gp:AOqpTOGSGm9m8r96rqQW1h63J7DdPIlHMFxMNHDyq6DVC_Ox1aXKgqg4FAoX68uLj-wf__QuFQ8Nc6AJqnQrxVw,Jerrold Tarog,https://play-lh.googleusercontent.com/a-/AOh14GhyD9JE2Re4lExUsGjZ4mK3CJMYMvV_aU5uYaH-nKg,"Why choose to make the mobile app a weak version of a great desktop software? Mobile app is not bad but kinda disappointing for its lack of key features. Some people use their tablets for serious work, you know. No support for dual column dialogue here, correct? Would be a lot more convenient if there was.",3,2,2.0.549,2017-02-03 17:03:20,,
gp:AOqpTOGXnWLMQa73_Nj91r6kmxVzw6y7HYPCjgSdpKFg3U8bqrg1ezfJZAxvY5XX74SJubCKzM37a6gQbU9RC8k,Funkle DeFunkle,https://play-lh.googleusercontent.com/-8TfOadNYRQk/AAAAAAAAAAI/AAAAAAAAAAA/AMZuucmdoFg_a3cHGdspTT0bVLMjLwDcrQ/photo.jpg,I became used to the apps idiosyncratic  syncing. Overall I was happy with the app. I own the desktop version and enjoy it. A couple of updates ago the app started behaving very slowly. I would press a key and it would take the app several seconds to respond. As you can imagine this is not conducive to efficient typing. I have uninstalled and reinstalled the app several times. If this problem is corrected I would happily rate the app five stars. I miss catching up on my writing during unexpected downtime.,1,3,2.0.549,2016-12-05 17:25:48,,
gp:AOqpTOEgFwt49mkx6cv30skQbRE4T8rysbRkkeveb4mYPat3ML9qTGX7qfbE57sPkLnGXu803q2UGGgqLw2ZByM,Carlos Ibarra,https://play-lh.googleusercontent.com/a-/AOh14Gg43ldUpLPS4BkKcpMHADv3L-vxLvRi_qXIMYXyUw,"I was using the free version of this app, and was having a fantastic time. Great app. So naturally I wanted to support them and bought the full version right away. But what's the point? It seems i can't do anything with my files unless I have the desktop software. I can only view my screenplays in the fade in app itself. Why can't i just access then as a PDF or something once I upload them to Dropbox? Also I can't import any files from Dropbox into the mobile app. So disappointing...",1,3,2.0.533,2016-09-24 23:01:09,"Yes, Fade In Mobile is a mobile app that does not provide all the features of the full, professional desktop software. You can write, review, and edit on the go. If you are experiencing problems importing files from Dropbox to Fade In Mobile, please contact support@fadeinpro.com and we'll get things sorted out for you.",2016-11-08 09:38:13
gp:AOqpTOHrjQJSA14JMo5UBW__nPkmfV0Sv8YPeTqiAonkgH5BAD_iqWXEceE3C2DwXtm0uK7rFWOKbPDGJbTUxls,Daniel Anderson,https://play-lh.googleusercontent.com/a-/AOh14GiSWwlyKL8khO96gWnpn0jxhoCYzSIQAq4LxM5sjr4,I switched to Fade In from Final Draft because those guys can't be bothered with Android and I'm so happy I did! Great job so far,5,1,2.0.533,2016-09-03 14:43:06,,
gp:AOqpTOH6HnQdfjlGUQS6gBVZTe4yvitcj22vDML0CglwZ4iwkOIGb8zSXe0dAogsVFDwa2-oe3PmQLvzhssayxo,Aiden Jordan,https://play-lh.googleusercontent.com/a-/AOh14GivrcwhN52ehvF73JYQZcR8claIHs8zHpY9OtYU6g,"I never do reviews but felt I had to with this. The software is installed and delivered with a very clunky ""element"" feature which can be changed (but shouldnt be the default option). The app doesnt save, numerous times i've had to leave it for a couple mins and i come back and the scene ive been writing for the last 30 mins has disappeared. Couldn't tell you where its gone but doesnt let you undo, its just vanished. Hate this app with a passion but the mac desktop version is actually good. Please update this or at least get rid, its ruining your reputation.",1,0,2.0.533,2016-07-23 00:43:49,If you are having issues with the app please contact support@fadeinpro.com and we'll work to get things sorted out for you.,2016-11-08 09:38:48
lg:AOqpTOFwWajg9wJh_0VpjvLGscmRDK3LnIS340qtaxHE8bkLqaeRTfgPFvbhxs5f_xozmKuWBI8G0K28zRurumQ,A Google user,https://play-lh.googleusercontent.com/EGemoI2NTXmTsBVtJqk8jxF9rh8ApRWfsIMQSt2uE4OcpQqbFu7f7NbTK05lx80nuSijCz7sc3a277R67g,I own the full desktop version which is simply amazing and the best software that I have used in my six-year long play-writing career (beats FD hands down and is even better than Sophocles in many aspects). Just wondering when the app is gonna be updated. It's been a while since it's last update....,4,7,2.0.533,2016-07-22 07:19:50,,
gp:AOqpTOGSX2W56mPqCLZsWMtVbOcXZQmFMmhTcv1u987rYNja0fR67HfFgK_q47WnlAKepZ6x_69SEOTAamAaudU,Dean Pullen,https://play-lh.googleusercontent.com/a-/AOh14Gg8QT2WtL_26Vy4QIlLKDv6pxb_VgQ_CyU5ZfDB,"Good app, easy enough to use, but how do I actually send this? Whether it's uploading it to a website or simply emailing it to someone???",4,0,2.0.533,2016-07-09 10:25:22,,
gp:AOqpTOFQuIDdeToWhYg0wQJ8onGxN-irlvmwHv-lSd1-KoPZavPtTQmOZ6EVI7brmleqARi9Mpprl2spVwQNcxM,Walker Roberts,https://play-lh.googleusercontent.com/a-/AOh14GiWP9dfHUIRzgvMqwLrCBVrkvG0xFEYx4TvX61g5A,Could use a couple tweaks. I wish it had more of a tutorial or a format help for new writers. A better option for selecting scene headings. And some other minor fixes. Otherwise it's a really great app!,4,0,2.0.533,2016-05-31 00:16:06,,
gp:AOqpTOGIMkuWNFmzg-OIsVvTVzlto0P75x0ITt76jtJt8eVybwFw3Yqn9nTEB_fCp5HdEJGXsLsI7Q3f6-aBqaw,Projectile Objects,https://play-lh.googleusercontent.com/a-/AOh14GiYyadyVxYS7M7OxisWuhpi3D0_glDWx0TBeKMD,"I've tried them all, this is best paired with the desktop app, which is the best screenwriting software I have owned. I stopped using final draft, Celtic, and others. Now I just carry around my phone, this app, and a Bluetooth keyboard. I use Dropbox to sync in the cloud.  This is the best!!!",5,0,2.0.533,2016-05-15 18:32:54,,
gp:AOqpTOG3BVZFMzuDQp3PVyrY9mG2aQJ6dNIWwyHdQG0XsMjjgnHz-mgWVUePXrZBHO3cAgI-rAGGdDTpwWzE4rw,Krupasagar Sridharan,https://play-lh.googleusercontent.com/a-/AOh14GhzylVtBOfO_iMHIXLFARVfF5J_9kpgGacfwl24,"Brilliant companion app.  Inline Editing mode makes it even bettet.  If I may make one suggestion,  it would be this.  Currently,  the mobile app doesn't support custom elements.  That would be the only problem that I come up against on a regular basis.",4,1,2.0.533,2016-04-26 06:19:10,,
gp:AOqpTOFr6WaER9QrAUQ_bge3gAjHv3OZ14b0Zsaan00YaYY5iloL2SQ9-PXtqsSjXKGbL6h3Hu-bw6Q3jsFBQAQ,filmpenner,https://play-lh.googleusercontent.com/a-/AOh14GgLl-TjUildWAo2G-bMyWWb5jqjrhVursOHrYmHUA,Works nicely with desktop version.  Fade In is a great alternative to Final Draft.,5,1,2.0.533,2016-03-19 09:47:55,,
gp:AOqpTOGhM1tR_zWqfuUtIoi67QNCydGcA8Q7qAZU-JTp7nsAfZrZ6XsiOhmfgNzpJCN21zXPLV6B7xUExV35qCY,sen yoho,https://play-lh.googleusercontent.com/-KIkFIIL9ak8/AAAAAAAAAAI/AAAAAAAAAAA/AMZuucnJOK1xxmDg_5Kg7NA5nBKWksVEUA/photo.jpg,What is &lt; br &gt; because of this i dont have () on parenthetical when after i change setting but i dont know what setting i change because i randomly play the setting,5,1,2.0.533,2016-02-10 06:21:42,,
gp:AOqpTOHcrCtzgoSPMiF5v3WGSS6wc6G7hy_9hIg-ZIf2PIDjCxI8V3n_sDi4_Q5lhNGBcCiwZRIWG9u8zBppHhE,Eason Donner,https://play-lh.googleusercontent.com/a-/AOh14GgiqjlrU3_OFbtbz5tMpPYQwn3uKIVKAukdOO6V4tw,"With a swipe keyboard and this app, writing on my phone is almost as fluid as writing by hand. I love it. There are some formatting hickups between the app and the desktop software. For example I changed the page break rules in the desktop application and the option doesn't exist in the mobile app so there are significant formatting changes that have to done manually when I import. And inaccurate page counts in the app. I've learned to use the app for drafting and the desktop for editing and polishing.",4,4,2.0.533,2015-12-21 09:21:31,,
gp:AOqpTOHeqbSJeVfk8BAnhLZ-oGKHNLVweVtnJfwiR5siySqj8vmVEGhpVrDrptLPemLpBNVo6c29YxMGXC1f3U0,ASHOK ANUMALLA,https://play-lh.googleusercontent.com/a-/AOh14Gih5PiwSFSs8f6kM7OzHnjLmQekO7ntQk6x7xebSw,"I hate this app. The app is closed unexpectedly without saving. I don't know what logic is there behind this. Though I have internet access it was unable to save my pages.    I'll wait for 2 days, if auto save option is working fine, then I'll continue to use this app. But if the problem is still there i'll uninstall it. I don't want my money back.   where are my finished pages? Will you give it back?",1,5,2.0.533,2015-10-13 09:23:40,"When you close out of your currently open document, it should be saved to your device and re-open to the same place/state the next time you open it. Please contact support if you are running into an issue with with this.",2016-03-01 10:57:33
gp:AOqpTOGUKwrXnZr6N66-x2DigUwlb4SdNLTHv7rANPatjldEa45xexwlX7J-qy7tM-wIju2b3-PL9xRSbdfrETo,DH Franzoni,https://play-lh.googleusercontent.com/-MiHwFGqpYqc/AAAAAAAAAAI/AAAAAAAAAAA/AMZuuckkoPwP9gLocTwF-1tb0P3XX9_Riw/photo.jpg,"Need a solid screenwriting tool primarily for use on an Android tablet that syncs with Dropbox.  What I really like about Fade In is it easily converts to Final Draft which I need to use in the biz.  Great work, love the product.  Best if you use in experimental mode, requires latest Android OS.",5,3,2.0.520,2015-07-23 15:15:53,,
gp:AOqpTOGChBE1YEfUwiFRoZmqUK7O-GCzoAkbeJmhFAH6FzznYJ2Nmd8NffgeBPvWly7XNkFfnt4kt4M9J4D-je4,David Ellis,https://play-lh.googleusercontent.com/a-/AOh14Gh2fcknUgeHuW7aCdcq0_K9BRe_fL5lUsOoZBn9rqc,I use it when I'm out and about an inspiration strikes. I can set it up and then have it ready to go when I'm in the car. Takes a little getting used to a little bit of getting around but when you get it figured out its a good app,4,0,2.0.520,2015-06-27 02:03:38,,
gp:AOqpTOEb7Gstc96nZQhK7ncVTMNyVeWPi7MfH9plJ-uq4LmZvOMhPRDbOFrUAUocwUSYEv_c9tyzTUldOjrgeJg,ddifrandom beta,https://play-lh.googleusercontent.com/-xBse9zGv2pY/AAAAAAAAAAI/AAAAAAAAAAA/AMZuucno02UA_e3dvU2nkvUk8nuRVL83_g/photo.jpg,Actually it's one of two best screenplay editors. But even with this Pro version I can't either open files from my device storage nor save them there. Why is the paid app forcing users to utilize Dropbox?,4,0,,2015-01-05 23:59:18,,
gp:AOqpTOGXdRZiYCK40iPRZijhR52yeIlWUV0jse2gzTa7n4ZFBP4Zo04RMaP6dxZvfUtzMOuWkNbCLUwipTa9Gi4,A Google user,https://play-lh.googleusercontent.com/EGemoI2NTXmTsBVtJqk8jxF9rh8ApRWfsIMQSt2uE4OcpQqbFu7f7NbTK05lx80nuSijCz7sc3a277R67g,"Really enjoy using the mobile version of Fade In since recent update (as of 12/11/2014). However, I am missing a descent export feature. Formatted PDF would be great though .fountain would suffice - to then open in i.e. Jotter Pad X for PDF/Print, ideally via ""share with"" option.",4,0,1.2.489,2014-12-11 08:56:58,,
gp:AOqpTOFf8sKQx615eDJOK4ORpcreJGXoJ0ZOIM5F7gpfgKIAx36-cy8RsX6JqqumkQQ9s-B_7TR-3kOx_-pWT7U,Forrest Rawls,https://play-lh.googleusercontent.com/a-/AOh14GioOSvUE5CVin36R1IxsrdFEZD7q96RWLx7kO6d,Ugh! After using Celtx mobile app for over a year then coming back to Fade In. There is a huge difference in speed. It slows my writing when I have a flow going. Use Celtx if you want good resposeiveness and when you want to move fast.  Update 3/2014: Updated to 4 because you can edit it full page mode. Update 12/14 The creator worked on a suggestion and implemented it. I bought this on Amazon to support the creator.,5,0,1.2.489,2014-12-06 11:44:03,,
gp:AOqpTOF7CzReVJHUbtIvvtQWK433whTj5DOdyzNi0BROly-yNg6JiSoXIjDfxZSuU8HCc4iFB-Sc-H7aEyKTffI,Fred Fan,https://play-lh.googleusercontent.com/a-/AOh14GhMu7FkhJah_XlQUSni_N1dF75reNrhL5HGgPCPow,"I researched long time and tried many different screenplay software, this is the only one fits all my requirements. It's on both desktop and mobile, connected with cloud drive, so I am able to work at home and on the go. I purchased the pro version and the desktop software, very happy with the result. Highly  recommended.",5,0,1.2.481,2014-11-10 06:47:27,,
gp:AOqpTOEucG6xnh5DWzjHaWUUQyWEAMtXpky_pVrRRQ5MDCap50tVpTHzTD7QSydyKlbHwMGXVtxJ6d0Dnosibl0,Alex Hutchinson,https://play-lh.googleusercontent.com/a-/AOh14Gjo9Mf5TOADmg_WH1tqErDlWlx_apZi0kt0bSN8gJQ,Good app and the desktop version supports fdx but this doesn't?  Please update to give fdx support on mobile.,2,1,1.2.481,2014-08-07 17:30:30,"Fade In Mobile is designed for use with .fadein files. Unfortunately Final Draft does not provide an Android app to work with Final Draft format files, but you can use Fade In on desktop (even the free demo version) to convert between FDX and .fadein.",2016-03-01 10:58:33
gp:AOqpTOGJl36pulp7x_NHpuF0EuoudLqEm5wknvnbeo0ShwAjoRJQPRT0wlwYj255XEAzLgOGK_lYima68eClhqU,A Google user,https://play-lh.googleusercontent.com/EGemoI2NTXmTsBVtJqk8jxF9rh8ApRWfsIMQSt2uE4OcpQqbFu7f7NbTK05lx80nuSijCz7sc3a277R67g,This app puts every other mobile screenwriting app I've tried to shame.,5,0,1.2.479,2014-07-12 19:45:10,,
gp:AOqpTOGtCtZUL3LZU2bcdE0x-VtNsXaN8O08-JfctwtgnSQ-sU_0QEp31RGxx8NET1bIO7dG7p3HRUEKggr5I9g,A Google user,https://play-lh.googleusercontent.com/EGemoI2NTXmTsBVtJqk8jxF9rh8ApRWfsIMQSt2uE4OcpQqbFu7f7NbTK05lx80nuSijCz7sc3a277R67g,"Its freezing & crashing almost every time on Moto G. Opens very slowly, response is also dead slow. Highly disappointed. I think Celtx free is far better than this. :(",1,0,1.2.474,2014-06-18 00:17:19,"Hello — it definitely shouldn't be doing that. If you have any information about any error, etc., please contact support@fadeinpro.com and we'll get it sorted out.",2014-07-20 11:52:51
gp:AOqpTOEMFHRoJhIffpNmrV6ymKiBPnwOghknSDMmJXL24lHyLoDvY0pnGvH3ohrG1ia2KidONCIay-nazfhYjno,iulian stancu,https://play-lh.googleusercontent.com/a-/AOh14GhyyuOz2oVr3MMuTzuEn8ct56yjg1ZU_w9dQ7KTlQ,"Please allow text formatting because screenplays need Italic as a quick example and save directly as PDF or at least .doc. The HTML to text gives so many errors and honestly I'm tired of them. Final Draft beats you at these chapters and more. Sometimes ""kiss"" principle needs more. Cheers!",4,0,1.2.474,2014-06-17 06:38:59,,
gp:AOqpTOG9qHKOjlCSoZ_MDEj3auaJxf1J5TeD6KMw0gf-FvN4pMiAgH-puZthG-0TL_xnSESVzLv3v21J58RGg-0,Ransford Hoyah-Quarshie,https://play-lh.googleusercontent.com/a-/AOh14GhTND4CDZGnbE-Ce4pNQT4aF4PVQdLu5tSM369j3w,It makes me write on the go. Any where anytime.,5,0,1.2.474,2014-05-20 20:55:50,,
gp:AOqpTOHzUfaYkIOMiEnyzmudhhp8EiQbigsJGoeWPKxjsKs_Us5aDOmT3dEmQsVJJGYyPFdqTSq-0Lu7NEYf-Vo,qifa fiq,https://play-lh.googleusercontent.com/a-/AOh14GjZRrh1SkWPQEggeWJWFg6tk2NppTAs667q5sqJjA,Worthy and I feel satisfied,5,0,,2014-03-22 23:43:55,,
gp:AOqpTOEmZZN6IpPTl_jpxDCFc4RVs3-wAwxeJCRKH_colnh7e_g-EGbK1LFi06g5RbAZI34BRyipCoIM05KZwuc,Paul Wall,https://play-lh.googleusercontent.com/a-/AOh14Gh_Q3dPYLiBlR0Ug3T0LSeza1jVx30rQqTWqUYKAA,"It shows all the usual formatting chores of a script.  It does select out each element for correction. It would be nice to have, say a 4-8 name character 'corral' at the bottom. A simple touch would insert the character and colon with a space, thus you can jump right in with dialog. It could start with TITLE page,  CHARACTER page,  Setting/Act One pages,  etc. So all you would have to deal with setup, is fill-in-the-blanks. While your juices are flowing.",4,0,1.2.470,2014-03-07 14:29:44,,
lg:AOqpTOHP_fP9gKAI55krJo1qsVq9axw5XnaYSMOcZUoxllDWDl009mlmHS71UJWlIQp2bRuhiXSJJkzRz8s5lXI,A Google user,https://play-lh.googleusercontent.com/EGemoI2NTXmTsBVtJqk8jxF9rh8ApRWfsIMQSt2uE4OcpQqbFu7f7NbTK05lx80nuSijCz7sc3a277R67g,"The blurb suggests this app will allow you to edit final draft files. It doesn't. You have to go to a desktop computer, convert it there, upload it to dropbox, go back to your mobile device, download it, and then edit it.   Hardly ""mobile"".   My fault for not reading all the reviews. 4 quid down the drain. Although it's really final draft's fault for refusing to support android and going iPad only.",1,1,1.2.395,2014-02-17 01:39:26,"I'm sorry to hear that you are unhappy with Fade In Mobile due to Final Draft's refusal to support Android. Yes, Fade In Mobile is for editing Fade In files. If you are still unhappy please contact support via the Email Developer option here on Google Play.",2013-05-10 08:37:30
gp:AOqpTOEVfqP1_kuPvVYGh098bbdGRPKufNXHpvdzYr16Um-aPW0J8MGVWZZR-pgutwwvdHSKDWK374q_vWaoaHs,Joanna A. Bruno,https://play-lh.googleusercontent.com/a-/AOh14GgCvT9YBRnS3qIJhQcADJHHPH-P4m4C0rKQNyzlIg,"Problems with importing docs from Dropbox. It gives error 500 or error 200. You do not have anyplace to send issues from within the app, or suggestions. Does not import from same device. Does not save as any other format not even docx. A writing program that can not export is almost useless. On the plus side the formating is nearly perfect. It is easy to use, but does not play well with others.",3,1,1.2.467,2014-02-15 10:09:26,,
gp:AOqpTOFAEUD_9v42H23KjjS6C6wP7pVoVGqe4ybjZOkhSl-mzjMMEyXupCY_RLcRXDOspfmSVbuIyig4oz3DfVI,Michael Coulombe,https://play-lh.googleusercontent.com/a-/AOh14GiFFfULCHDy_eLX1_Fi1cdCHFMNu4BYBtmT197bmzQ,Still learning to use it but I find it functional,3,0,1.2.466,2014-01-26 21:56:56,,
gp:AOqpTOEY4LucpeFmaL96OHAPASzUMyIc7EmbO9iHc7JiOyxFvwrmUs68ax9zLRBywWZo7111GbKjCGOxHbbDVkw,Harry Courniotes,https://play-lh.googleusercontent.com/a-/AOh14GgjEXuwyjSRNHUGDT6BV3CIJFlxYiQ9alw4-mgmDw,"For mobile, it gets no better than fade in. While it lacks a bunch of features of final draft. It does what I need, and does it well. Syncs with dropbox so you can jump to laptop or desktop into a script you were just editing on your phone or tablet. For android this is far and away your best bet.",5,2,1.2.464,2013-12-28 19:58:42,,
lg:AOqpTOHc2cyoXEC8nHmA0-S7gj-d3L6tnTB_setXnHUkMNdISpuPN0I95hDNVcqPWI0tPyH_pVzaRcpscRhTZqE,A Google user,https://play-lh.googleusercontent.com/EGemoI2NTXmTsBVtJqk8jxF9rh8ApRWfsIMQSt2uE4OcpQqbFu7f7NbTK05lx80nuSijCz7sc3a277R67g,"Before Celtx came to Android,  Fade in was here first. Those guys didn't snub the writing community that was on Android like those others who were dedicated to iphone. Fade In keeps getting better and its easy to use. Thanks Fade In.",5,3,1.2.462,2013-12-14 21:51:15,,
gp:AOqpTOHwWkxRXGJ5DbTY3n7lEoVTsDAPqalf7sJvbLeBlgpFV8Ma2d1vKwp5dH4F8cFcMCBxeBOddgVuw08ZZxA,Josh Paddon,https://play-lh.googleusercontent.com/-r_4HWv4YwCo/AAAAAAAAAAI/AAAAAAAAAAA/AMZuucml-gzMFA9iNTEdnHTS2YQk83Brkw/photo.jpg,"Great app, especially if you have the desktop version also. Best used for proofreading and editing in my opinion. A bit fiddly if you wanted to write longer works exclusively on a device, but still doable. AMAZING tech support, super fast responses. Love it.",4,1,1.2.452,2013-10-29 04:52:48,,
gp:AOqpTOF_eqhHAutRud2K3nlnGhfClkGyghj5AgnDde0gAnU33urZdSUH8k81--OKzL3qpdMZ_iXN5XzPLVweDhE,Eddie Lavett,https://play-lh.googleusercontent.com/-DWhMmS58ptY/AAAAAAAAAAI/AAAAAAAAAHk/AMZuuclAgSHQb8nu6-ae_u8GugDQXjPRWQ/photo.jpg,Great for on the go for people that have the pc version.   Really get a lot of use out of it. Highly recommend.,5,1,1.2.452,2013-10-22 16:57:11,,
gp:AOqpTOEG5hy6wM2HxfUZkgQO84lZnDlbV1NZ9m4IJ7paYp8oHxsaZHQYu_dv2HN7WEN0AKsubjrZqX-cQK57_o8,Anujeet Ghatak,https://play-lh.googleusercontent.com/a-/AOh14GhcKmQU6YlFtozdrGk9XIBd0oGx27AdHd4VMxupRA,Bought the app so that I could work on a .fdx screenplay on my Samsung Tab 2; the Final Draft file does not even show in the dropbox synced folder. Had to convert it into a .fadein using my PC and then import it on the Tab... Please fix this bug... Also overall user experience is VERY VERY SLOW!!!,3,1,1.2.443,2013-08-07 06:35:08,,
gp:AOqpTOGal-TWKjWG9mRWMK9nHP8QqpH7PwRtOLCR1yyt9cHrwxsXidsYZnJBBSkzhIYws7SwUqBgDqiNR7bodgc,A Google user,https://play-lh.googleusercontent.com/EGemoI2NTXmTsBVtJqk8jxF9rh8ApRWfsIMQSt2uE4OcpQqbFu7f7NbTK05lx80nuSijCz7sc3a277R67g,"App responds a bit slow when ur writing. It's not as intuitive as I'm used to--but still ok as an app for quick editing and drafting. Maybe over time, I can get used to it. Has Dropbox cloud feature to save files, but I just wish it will also save to external microSD or external storage media coz there are times when there is no WiFi available at certain places! Please add external media saving feature and I'll give this 5 stars.",4,1,1.2.438,2013-06-18 03:46:22,,
gp:AOqpTOGseST8WXxtYCYhUSNU067A0H-64YhdMcoknqsFIPYHpIMa9Hw0PS5EglQCrh-4zDmEGu2rctk37xwfYVU,Jason Bowdach,https://play-lh.googleusercontent.com/a-/AOh14GglL7mnTGmG117gI13lTOH2marxcb5a_cREDwL93gc,Unable to login to dropbox . no keyboard opens at the login. Tried several keyboard including stock Android 4.2.2 KB. please fix as that an app killer,2,2,1.2.436,2013-05-10 20:19:11,,
gp:AOqpTOEE17yHrmAVglP-AnRvh3qPNWq_N8KiRGDMpR_3zWD0G1WuG9YZwLdPQ2Zd2XVL27MT_cLWc1CA6QxPGlw,Michael J. Stinsman,https://play-lh.googleusercontent.com/a-/AOh14Gjo3USPoIs_moGsn7I_FzTxf3fZazBaO_-3saR2Fw,"You can only import from dropbox, even though it doesn't stay authorized. When you select the item you want to import, it opens it in plain text within the dropbox browser, not this app. doesn't even give a refund option.",1,0,,2013-05-08 21:03:17,"Please use Fade In Mobile's built-in Dropbox functionality to import your files, not the external standalone Dropbox browser. The app help has some more information on this. If you have any questions about that or a refund, please contact support via the Email Developer option here on Google Play.",2013-05-10 08:27:20
gp:AOqpTOGQhSJwbZuGrLcOsFpN_PWglWdUkz8OED7uuBO60yM-XcoJf7VWd6eaMTbe8B2nWfjXRJtvv1ZZD9uFTw8,Daniel,https://play-lh.googleusercontent.com/-X_qe9CDsxJA/AAAAAAAAAAI/AAAAAAAAAQo/AMZuucmBrElgBBHQCjljwynTdpYOyWeHGw/photo.jpg,"Love the desktop app, but the android version is too slow to get a good flow going. You might could get used to it, except that it lacks two very important features:   - You can't save to the device. Meaning that if you're on your tablet and there's no Internet, you can't just save it and transfer via usb or sd card. AND it doesn't recognize an open garden connection.   - It doesn't show the formatting bar (action, character, dialogue, etc.) in portrait, making it useless on my note 2.",2,0,1.2.432,2013-04-10 23:04:32,The formatting bar not showing in portrait on your Note 2 sounds like a bug. Please contact support via the Email Developer option here on Google Play if you'd like that looked into further.,2013-05-10 08:28:51
gp:AOqpTOHuXmtZ-J9k3G11H7YPH79iTvrbcjEGj8sLIBM8SXrdVGQJdhIHDmHIeMC0daGrEuiYWqnzYD0u6_0Vvvc,steve rausch,https://play-lh.googleusercontent.com/a-/AOh14GikfkN5RHXBRPm1AyZUI1j46swSM1LqtUWXDQ69Tw,Not very user friendly on my Nexus 7. Very hard to work with.,1,0,1.2.417,2013-03-27 10:40:09,,
gp:AOqpTOGSkIMX_AxId2U8YseIPsMZ7qcXO1QUxjX1-05EoDHpxDLxS5ERgKPjMqCFEUfRQAke5VfDxUFJtFN4qHM,Quyta B.,https://play-lh.googleusercontent.com/-3oTobbaBXzc/AAAAAAAAAAI/AAAAAAAAAls/AMZuucmKTVthcQz3BcbWEOKYfG1N3jtGHQ/photo.jpg,I always wondered why some apps work for some and not others. Fadein seems to work fine if you pay for everything -- dropbox and all. Oh yeah! Thanks Fadein for not coming up with an excuse for not coming to the Android market like FinalDraft.,4,0,1.2.413,2012-12-22 08:29:27,,
lg:AOqpTOFiCrVp7uV2SNbE0VNxDA2R6yQ-3bkanucrpN72lp4XAFP_QeXkUW438zJq7s8dQkWyguLdxjuN4WoiR-Q,A Google user,https://play-lh.googleusercontent.com/EGemoI2NTXmTsBVtJqk8jxF9rh8ApRWfsIMQSt2uE4OcpQqbFu7f7NbTK05lx80nuSijCz7sc3a277R67g,"Liked the free app but then had to reinstall upon loading a new ROM.... decided to just buy the paid version and use the sync instead of downloading the file manually from my dropbox, only to receive ""error 503"".  Refund time.",1,0,,2012-11-29 19:21:29,"That would appear to be a temporary connection error (as 503 is ""Service Temporarily Unavailable""). If this continues, please contact support via the Email Developer option here on Google Play.",2013-05-10 08:34:39
lg:AOqpTOHqgPzb2S-5sxTvaPYUNgM4cgqD1v_T0UUEiuiF1yQwp3Por8dpP5XBzzd2KhtwV4Dujxi8W9ggnEXZSV0,A Google user,https://play-lh.googleusercontent.com/EGemoI2NTXmTsBVtJqk8jxF9rh8ApRWfsIMQSt2uE4OcpQqbFu7f7NbTK05lx80nuSijCz7sc3a277R67g,This is an absolute waste of time. It does not allow editing or saving correctly. Celtx is a far better option as it saves work and formats (well almost) correctly. Also Fade In overwrites work you've done. I wouldn't recommend this app to anyone. Save up for an iPad  and get the Final Draft Writer!,1,0,1.2.397,2012-10-15 01:34:39,,
lg:AOqpTOH-gqK3y0n5OxFYttb0akquX1imBWX59Sz-I-Zq9eQxBImFfB6XAq53CcPG2PBStuRb7h4-KPqXjYiPL4s,A Google user,https://play-lh.googleusercontent.com/EGemoI2NTXmTsBVtJqk8jxF9rh8ApRWfsIMQSt2uE4OcpQqbFu7f7NbTK05lx80nuSijCz7sc3a277R67g,F'n fan friggentastic,5,2,1.2.395,2012-09-30 05:19:28,,
lg:AOqpTOEA6y3S9cMm2XzfEVVs5lQvtRA8OKIdvrM9skYPLShMF2bMZd38kmq-RAA_hhm3cO_Nbh7yA5mZf3nVCiI,A Google user,https://play-lh.googleusercontent.com/EGemoI2NTXmTsBVtJqk8jxF9rh8ApRWfsIMQSt2uE4OcpQqbFu7f7NbTK05lx80nuSijCz7sc3a277R67g,"The best mobile screenwriting app.  You can use it on any Android device, and it's available for iPhone and iPad, too.  The desktop version is better than Final Draft by far, and works great for importing Final Draft files to Fade In format.  It seems like people aren't reading the instructions, because you can even use the free demo version on the desktop to do the import.  ...but once you do there's no way you're going to want to go back to Final Draft!",5,0,,2012-09-26 13:12:52,,
lg:AOqpTOF57rjFEH-Qj6cCCvXZNKFrV409_WlTery8lBn-XGf39zpE6wD2J9n0140nPOPm3eC6hK69EnjhUXCj01k,A Google user,https://play-lh.googleusercontent.com/EGemoI2NTXmTsBVtJqk8jxF9rh8ApRWfsIMQSt2uE4OcpQqbFu7f7NbTK05lx80nuSijCz7sc3a277R67g,"Really well thought out. Very simple to use & straight forward to add scenes, slugs etc, unlike other android apps. Also, developers are responsive & take on board your suggestions if they can. For e.g, emailed about having page numbers added... Got a response that they'd like that & a few weeks later... Experimental page numbers are added! Great work.",4,4,1.2.395,2012-09-20 18:58:58,,
lg:AOqpTOEulvH4RNgs-cI91glMkl0Z0kUpsn-c2ZRI7RZIoEsf9AqiOxSKbFIwAj78ON4JMyGQxOQiJDgdbiq7BFs,A Google user,https://play-lh.googleusercontent.com/EGemoI2NTXmTsBVtJqk8jxF9rh8ApRWfsIMQSt2uE4OcpQqbFu7f7NbTK05lx80nuSijCz7sc3a277R67g,"Although I use Final Draft on my laptop, sometimes I don't wanna lug it around. This is great for the tablet world - simple interface and straight-forward. Since FD has stated it will not port to the Android platform, this is definitely my software of choice for my  tablet!",5,1,1.1.329,2012-08-17 14:45:48,,
lg:AOqpTOEoaVSWq6NqRfOyup5nscoJo2184cdrdsIxDJaxrljqOpY1mJkechGCYS7azSMItzhSZzWBLHTemJK4N90,A Google user,https://play-lh.googleusercontent.com/EGemoI2NTXmTsBVtJqk8jxF9rh8ApRWfsIMQSt2uE4OcpQqbFu7f7NbTK05lx80nuSijCz7sc3a277R67g,"Bought this and then leapt before I looked and bought the Desktop App. Both are good quality and well thought out - on my tablet (Galaxy Tab 7.7) It force restarts each time I first click on it, but it's stable after that point and saves fine.  It has a few quirks in terms of responding to touch presses but when paired up with a blue tooth keyboard it runs perfectly fine and works as a nice 'away from home office' alternative to scripting.  I work on Comics scripts (rather than standard screenplays) and it's a shame that both the desktop and the mobile version aren't a little more flexible in terms of being able to tweak the 'Elements' short cuts (Scene, Character etc etc) and retain those templates. Also formatting text in terms of bold, italic etc would have been nice.  That being said, it does the basics of what I need it to do, the interface is smooth so I can't fault it - though I recommend trying out the demo of the desktop version (necessary if you want to use the full capabilities of the mobile version) before you jump on board - if the desktop version was a bit more flexible it'd be a no brainer, your mileage may vary however.  Overall, quite pleased.",4,0,1.2.387,2012-08-15 06:45:53,,
lg:AOqpTOHVi0AYViD6P8brySSlxjOF2V-7IW9ehm6ogKhitxKIPJvac8y5dUgjfdNL_kMMKofW6zFsYThGkzJXqtg,A Google user,https://play-lh.googleusercontent.com/EGemoI2NTXmTsBVtJqk8jxF9rh8ApRWfsIMQSt2uE4OcpQqbFu7f7NbTK05lx80nuSijCz7sc3a277R67g,"I own the FadeIn Pro desktop version (which is one of the cleanest, fastest screenwriting programs around) and bought this mobile app, which I'm pretty happy about.   Editing can be a little funky, but it works like it's supposed to and I even used it on my Toshiba Thrive tablet to make changes to a script (Dropbox) right in front of a client.   Most of my scripts are in the dual-column ""AV"" format which the desktop version of Fade In is just now starting to support. In any case, a handy tool and the developer is very accessible and is making updates and changes all the time. If I was writing spec scripts, I'd use FadeIn.",4,1,1.2.384,2012-07-17 09:17:16,,
lg:AOqpTOHHV0tYBLK4ZDNDRHm4dGITnxkjM2OnHaD15GZpdBR_IRVcYUHVOEAns-SMCvNUAhqUq3tmKPoCjOTAEck,A Google user,https://play-lh.googleusercontent.com/EGemoI2NTXmTsBVtJqk8jxF9rh8ApRWfsIMQSt2uE4OcpQqbFu7f7NbTK05lx80nuSijCz7sc3a277R67g,".. and another user caught out by the lack of clarity in the requirements that this software requires the full desktop version already to be installed on your desktop/laptop, before you will be able to import "".fdx"" files from Dropbox.  I was hoping this would be a nice accompaniment to Scrivener without lock-in; software is so much better when it is allowed to ""play nice"" with its friends.   Most Scrivener would be happy to pay the $5 to use this tool as their mobile editor instead of a plain text editor like Jotterpad; a nice way to introduce them to the product and *then* up sell - no?  Aw well.. enjoy your 5 bucks guys..",3,1,1.2.381,2012-06-17 15:32:37,,
lg:AOqpTOEMBH0iIrJ3oNz2RIdKRjZ4IiiL7jOnwgwDz9OMbofhE_zNZ4AYndqCbht6E-ijVJQfV9acqS57zUivJT4,A Google user,https://play-lh.googleusercontent.com/EGemoI2NTXmTsBVtJqk8jxF9rh8ApRWfsIMQSt2uE4OcpQqbFu7f7NbTK05lx80nuSijCz7sc3a277R67g,"Initially I was unable to open any of my completed scripts  (90+ pages) but after upgrading to ice cream sandwich, I can open all but the longest one.  The developer contacted me right after my first review and has been wonderful in trying to get me up and running. I am thrilled that I gave the app a second chance and grateful to finally have a decent android screenwriting app. Thank you",5,1,1.1.369,2012-04-10 22:28:14,,
lg:AOqpTOGhmN6JTPpC5ePvfF7SPg89IAdJeDUgt7I2KW4TVxWr9mq2vgjpl9-oqk9X0374CbM_398BPUINwQI8eLs,A Google user,https://play-lh.googleusercontent.com/EGemoI2NTXmTsBVtJqk8jxF9rh8ApRWfsIMQSt2uE4OcpQqbFu7f7NbTK05lx80nuSijCz7sc3a277R67g,This app has fulfilled our needs for mobility.  With dropbox we can keep all cast and crew up to date and never have to worry about being near a desk.,5,1,1.1.360,2012-04-07 06:43:33,,
lg:AOqpTOGFoqgnHt46Pp7VQekVb0KO4YQ_E2pcyMkEnHiKrkNwzIKDDEtCIQyWtnqsFEqORo_g9BGelgW1w_2shwM,A Google user,https://play-lh.googleusercontent.com/EGemoI2NTXmTsBVtJqk8jxF9rh8ApRWfsIMQSt2uE4OcpQqbFu7f7NbTK05lx80nuSijCz7sc3a277R67g,"I was also caught off guard when I purchased this app expecting to be able to import my FDX files. This app will not to that. You need to buy the desktop version and then this works as an add on to that.  Having said that, I did buy the desktop program and have been extremely happy with how everything integrates. I still write with Final Draft but until they bring out a mobile app Fade In is perfect for tweaks while away from my desk.",5,1,1.1.355,2012-03-05 10:09:48,,
lg:AOqpTOGZPVClVGsJ1qdOJgjOwUw8d9A4zrgGoPcM1tLvTPEHTCDi3Ee4VS05iZQ1nccT5wtgY9dXKPhD1hKnxLM,A Google user,https://play-lh.googleusercontent.com/EGemoI2NTXmTsBVtJqk8jxF9rh8ApRWfsIMQSt2uE4OcpQqbFu7f7NbTK05lx80nuSijCz7sc3a277R67g,"I didn't read the differences closely enough so now I'm out five bucks. If you are looking to import .fdx (Final Draft 8) files, YOU CANNOT DO THAT WITH THIS SOFTWARE. You must first/also purchase the $50 Fade In desktop software--the description does include that information (sort of), but it wasn't clear to me based on the phrasing. I believe the developer needs to make it explicitly clear that this DOES NOT import Final Draft docs on its own. Why I'm giving this 2 stars is based on the following: 5 stars for the concept and execution of the basic app; ZERO stars for the fact that a) this is basically a 5-dollar add on to existing desktop users (i.e., a ripoff), and b) intentionally(?) vague language does not make clear enough that w/o the desktop version this paid edition of Fade In is pointless and useless for users of the free version. BUYER BEWARE.",2,3,1.1.355,2012-03-02 08:38:06,"As hopefully clearly stated, Fade In Mobile is for editing Fade In files, although Fade In will import/export Final Draft files. You do not need to purchase the $50 desktop software. You can use the free downloadable demo to convert to and from Final Draft. If you are still unhappy please contact support via the Email Developer option here.",2013-05-10 08:42:14
lg:AOqpTOE4BCcqSif1tdzzpiYINo4xtEXUJKuscz349AhNUmRAydKjI3e2Uw46iGOD6bbYHoROVgyrW0wjYpVyumk,A Google user,https://play-lh.googleusercontent.com/EGemoI2NTXmTsBVtJqk8jxF9rh8ApRWfsIMQSt2uE4OcpQqbFu7f7NbTK05lx80nuSijCz7sc3a277R67g,"Excellent workflow - love using this program, getting a ton of writing done! My only quibble is that auto-rotate seems to be stubbornly stuck on even when I turn it off on my TF201 running ICS but it might be firmware-related.  Who knows? It's not a show-stopper, it just means I can't write scripts in bed while laying sideways like a bum. :-D",5,4,1.1.346,2012-02-19 00:26:05,,
lg:AOqpTOFzVuxV9B8sn0BEAXgT45PpWYIdXPgT6u6ic3v4dCZLvirJS9P1fV7AITPastdjGpDZa2uZ8i6Dd1dOmv4,A Google user,https://play-lh.googleusercontent.com/EGemoI2NTXmTsBVtJqk8jxF9rh8ApRWfsIMQSt2uE4OcpQqbFu7f7NbTK05lx80nuSijCz7sc3a277R67g,Easily converts and exports final draft docs on my asus transformer. Nice and simple script editing softwear. *DropBox only works on the full version*,4,4,1.1.330,2012-01-02 22:38:22,,
lg:AOqpTOHqZuE4fxzIjwcgZkI07ZQFWgInYrAw7EtFW8t51kWxBG6GGEyQoWku2eVB4M7uHdcByBxoF4ez9iNe6IM,A Google user,https://play-lh.googleusercontent.com/EGemoI2NTXmTsBVtJqk8jxF9rh8ApRWfsIMQSt2uE4OcpQqbFu7f7NbTK05lx80nuSijCz7sc3a277R67g,Works much better after the upgrades,4,2,1.1.330,2011-12-20 18:24:00,,
lg:AOqpTOGeGcIvZd0elEPg0cH9siG-rpT7q-bLelo8WCQZx18A9ltXFHgu1sSAfYHTfJ1RBNc5FhoTU-SgfRRh4Wc,A Google user,https://play-lh.googleusercontent.com/EGemoI2NTXmTsBVtJqk8jxF9rh8ApRWfsIMQSt2uE4OcpQqbFu7f7NbTK05lx80nuSijCz7sc3a277R67g,"Unfortunately there are only 2 screen writing apps, but this dropbox isnt working, thus making saving and opening my plays elsewhere",2,0,1.1.330,2011-12-12 21:02:31,,
lg:AOqpTOGryQ_PjA4crODs0rGJaWeL336HxUpMfB7-rqai_AwU9HbX7J6JjfIULk38q219T1FB-12BktlwbEqrkJA,A Google user,https://play-lh.googleusercontent.com/EGemoI2NTXmTsBVtJqk8jxF9rh8ApRWfsIMQSt2uE4OcpQqbFu7f7NbTK05lx80nuSijCz7sc3a277R67g,Doesn't connect with my dropbox anymore although correct login credentials. Doesn't accept fdx files yet. Please fix. Otherwise great app! HTC EVO 4G,3,1,1.1.302,2011-11-29 09:27:34,,
lg:AOqpTOE_VS6G-AUOA_RGrvpNw9RgWeG1ziOQKOXv4W3aHk3xPwcIWcM0wi3fAAE3tKSu0maG48bj5E3IoIBbLUc,A Google user,https://play-lh.googleusercontent.com/EGemoI2NTXmTsBVtJqk8jxF9rh8ApRWfsIMQSt2uE4OcpQqbFu7f7NbTK05lx80nuSijCz7sc3a277R67g,"Notwithstanding the fact there are only two screenwriting apps on the market, and that the one by LIFE2 sucks, Fade In Mobile is a really great app. With its minimalistic and clean interface, editing scripts with FI is easy as it is fun. Impressive!",5,5,1.1.302,2011-11-01 01:05:27,,
lg:AOqpTOHHgebHuQgJrv4ttERPiGsNkCV6HTS3uAiYTxbl88bdy61UufPvxPmQk2fyBILyggWruWG_IG7v7HFqRaE,A Google user,https://play-lh.googleusercontent.com/EGemoI2NTXmTsBVtJqk8jxF9rh8ApRWfsIMQSt2uE4OcpQqbFu7f7NbTK05lx80nuSijCz7sc3a277R67g,I've been waiting a long time for a proper screenplay editor on Android and you've provided a fantastic solution for all devices and I love the style.,5,5,1.1.302,2011-10-20 16:11:15,,
lg:AOqpTOHQc7OZuSkzZVYNXUDZrHWkEO0lyTRDaxNgpfyMHt0lnKAjTPcj3O_WdGumYSomG5Lqj2qxFy4YB2vxLrM,A Google user,https://play-lh.googleusercontent.com/EGemoI2NTXmTsBVtJqk8jxF9rh8ApRWfsIMQSt2uE4OcpQqbFu7f7NbTK05lx80nuSijCz7sc3a277R67g,Make sure as soon as you install the program on your device. remember the password and username.,4,1,1.1.295,2011-09-13 21:49:25,,
lg:AOqpTOHeII2gNbTRNZP8V8ERMcWXQEm9LytjzsJHu_1f4nw4e0z7EqsNjlZ8R1gnv5EVM570QpJzxWmtHrc_Y8E,A Google user,https://play-lh.googleusercontent.com/EGemoI2NTXmTsBVtJqk8jxF9rh8ApRWfsIMQSt2uE4OcpQqbFu7f7NbTK05lx80nuSijCz7sc3a277R67g,"This app really does capture the imagination of screenwriting and has some good features. However, it is still in it's infancy and for a mobile app it needs to have more options for importing scripts in user friendly formats, not the lesser known .fadein format. I look forward to watching this app mature.",3,0,1.1.288,2011-09-11 14:54:44,,
lg:AOqpTOHoQb7O4f5k_o0-bPjLdvWsEFjGrzKr3dYotyLzBdwiv7_98rSnXp1rY9u-N09ASjojwE-TUBWaT8m6u7k,A Google user,https://play-lh.googleusercontent.com/EGemoI2NTXmTsBVtJqk8jxF9rh8ApRWfsIMQSt2uE4OcpQqbFu7f7NbTK05lx80nuSijCz7sc3a277R67g,"In use this is great, really useable on a mobile! I had some initial problems, but after a whine... I was contacted and they were promptly addressed!",5,5,1.1.287,2011-08-23 23:24:33,,
lg:AOqpTOGd5TTR-5UTFzt2Wry14cMU91UqaeI1izVUOgy0VnnIbZwXqLTR2qbGlFioHeSd1Kn0Sxjymw8zrEbK-p4,A Google user,https://play-lh.googleusercontent.com/EGemoI2NTXmTsBVtJqk8jxF9rh8ApRWfsIMQSt2uE4OcpQqbFu7f7NbTK05lx80nuSijCz7sc3a277R67g,"Love the ability to sync with DropBox, and to export in Text and HTML. Perfect for my needs. The developer is SUPER responsive to support requests, and in pushing updates when needed. Highly recommended! Definitely worth paying over the free version. If page count gets added, 5 stars all the way.",4,6,1.1.286,2011-08-08 09:44:42,,
lg:AOqpTOESUb2jUeB2ZLubfJhbDDDr8vGds9uYlIMWSh3Nb4JOBcsLnVCi8Qp4tbsO3n228us5jBrfO5gd0yx-OIo,A Google user,https://play-lh.googleusercontent.com/EGemoI2NTXmTsBVtJqk8jxF9rh8ApRWfsIMQSt2uE4OcpQqbFu7f7NbTK05lx80nuSijCz7sc3a277R67g,"Very nice app, I like it. Wish it had a page view with numbers & a pdf export, but this is pretty powerful. Developer is helpful and fast. Good job!",4,4,1.1.285,2011-07-28 21:26:55,,
