reviewId,userName,userImage,content,score,thumbsUpCount,reviewCreatedVersion,at,replyContent,repliedAt
gp:AOqpTOFttr2gl_4DwWTsk28bn2Spawk2muu4toVfoCkU66pcGOa9cVc3m-xcMErrGC-JVXfbZmOMH-ylhoEQ_ZI,Stephanie stn760,https://play-lh.googleusercontent.com/a-/AOh14GgRh7vj3SretrRT6BM4TKVb7Y1Yh1S4ZURC3_QUJA,"Since a recent update, both my AJ apps crash after 10 seconds on my Android phone. I have uninstalled, reinstalled TWICE - same result. These are apps I paid for. Did not get any response from email to developer. Very, very disappointed. Will not use again.",1,2,1.0-loseweight,2020-10-10 11:09:19,,
gp:AOqpTOGk6ohohAdft28-VJY2PU8WW-3TZ4EcqRgBEdexC4JXMSBTrSbhNIBz2OF16xrsqm3hrTy4NqkyPyAMf8o,Rhi Louise,https://play-lh.googleusercontent.com/a-/AOh14Gh8x3z6Hkk_C6fI7Ov7BHeJtsZawiJvvthJdnZWbw,Has suddenly stopped working tried uninstaling & reinstalling and continued to crash,1,0,,2020-09-30 02:48:34,,
gp:AOqpTOEBNjf4Sx-y4IkqeRoIxH-RPlB8F9YAel2F1yVDUjHKatM1pzLC0GTpIgTlku6x8E3qKbnOkVW1V0E0d38,Beccy Jardine,https://play-lh.googleusercontent.com/-nglIdIsl9Jw/AAAAAAAAAAI/AAAAAAAAAAA/AMZuucnZW3e3zYTvmIfVp4snIvF1kayIww/photo.jpg,Not suitable if you do keto as he wards you off fatty foods! I'm a big fan of Andrew Johnson's other tracks though.,3,0,,2020-09-13 17:18:29,,
gp:AOqpTOFac98Nd0ZLD3mKERs6CytWiyk604Pbvnhgz-bhJwU931sF5glFhc_V-winuPd6sDWI4ssL5KdxmyxBxoE,Diana C,https://play-lh.googleusercontent.com/-WzHmpeZG39g/AAAAAAAAAAI/AAAAAAAAAAA/AMZuuck2LS8O1IeSnrstbomxdxoZ7pCE7g/photo.jpg,"Disappointed that my last ""lose weight with Andrew Johnson"" app did not update automatically. I had to pay again to reinstall it. I've even emailed the developer a couple of times and have yet to hear back.",2,4,1.0-loseweight,2020-08-28 21:33:46,,
gp:AOqpTOFztUkrtWyVljvkuS3ENkGeTAbNFqjhd65nsESI71JTFDoS9EALwwMUFM8s7486FAz7eh9I2zbMGnoltBY,paul ready,https://play-lh.googleusercontent.com/a-/AOh14GjpLaOsQ7n5YhKl9LHOIovXpP5yjF7jF2859qEIHw,Lets see how it goes,3,0,1.0-loseweight,2020-06-21 19:37:41,,
gp:AOqpTOHDqz7UkfDyTDSLv_TAByjh9iEFkyGSkc-gQm_XiJIdzmyaszph8fEdzxFEfCaOfZywuU2TFVfgqgiROMg,Wendy Munro,https://play-lh.googleusercontent.com/a-/AOh14GgE9BDC3BNGVs1JtHtNwMpyVU1-fYLY-eO2cFSlsw,I used this app in its previous style and was so glad when it was updated to work with Android 10 because I need it again to get rid of the lockdown overweight. It's working!,5,2,1.0-loseweight,2020-06-20 10:00:08,,
