reviewId,userName,userImage,content,score,thumbsUpCount,reviewCreatedVersion,at,replyContent,repliedAt
gp:AOqpTOEDkwHagiheLTMwHe1qNn89mz7q8s0XYnT80k8J3B0piVsxLPCBW11FTkjyU7YEKYHjmpaDyQDdMtx395w,Felica Virgil,https://play-lh.googleusercontent.com/a-/AOh14GgqYTTCHRdqdbapfK5CB1WrFdxUQYgO7duVB3zePQ,Beautiful app only wish they said the meanings as well.,5,0,5.16,2021-02-06 07:12:17,,
gp:AOqpTOGJncoDgq_9IIotH2-WPJEnL3i1oqEcQJ-SUcqSYwWEVgJ39y1FZIpNzdH3SQRo3G6h4axCNeBAzwWVmck,Jane Grey,https://play-lh.googleusercontent.com/a-/AOh14Ghs3IPyax68WwbG3q8tUsCEGQdd_K2Otf1V-w1u7A,It stopped working! It says: Unable to play word Audio error Audio code A9 HTTP exception 403 Forbidden What do I do now? I paid for this!,5,1,5.16,2020-10-19 07:34:11,,
gp:AOqpTOH4XZiXmLxunSm_72rh-hXU0h75MyoTFqGakpaN4vWsqDBFpRZ64XNHkqviT6mKUvGNfqvnxu7OY0FSBNM,Rhoda Draper,https://play-lh.googleusercontent.com/-Cppbnrt2jZM/AAAAAAAAAAI/AAAAAAAAAAA/AMZuucly7sZ75s16vV4KsQY9w4qBj2anrw/photo.jpg,A brilliant app. There's no excuse for mispronouncing words any more!,5,2,,2020-10-10 14:17:07,,
gp:AOqpTOE5VOhugP07tr6Og6yNbVidXZNSMI4Ug9iez7jM1vfGM5MAJiSBqwyNi3Q_kXQd8K_mDE59VpmTYLL8BAo,Richard Gilkes,https://play-lh.googleusercontent.com/-paSZh0z4xHk/AAAAAAAAAAI/AAAAAAAAAAA/AMZuucmW_Us8iLNExxH9iC5RBVU6Rk3oJg/photo.jpg,"This app is my close companion. Coming from a British Caribbean territory, my speech suffers from creole interference. I also am now working in a territory whose language is influenced by American English. So when in doubt with my pronunciation, I consult this app. Now, I've regained my confidence! Thank you, Howjsay!",5,11,5.15,2020-10-10 13:38:34,,
gp:AOqpTOHeBU3p3OD25RjoFMWdrRJMRgMlXyLMEbnb7e2InPUlUwJ3MmqizeqqCU55nUux2KjNkQ7WddLC9RdKNSQ,Renona Fagan,https://play-lh.googleusercontent.com/-gL-5nLyZkhs/AAAAAAAAAAI/AAAAAAAAAAA/AMZuucnjTB-0Rvi7QCfjWX1bAv9bvaozuA/photo.jpg,Works sometimes,2,0,5.16,2020-10-10 12:54:26,,
gp:AOqpTOGWIzkLeCQM7rrTVo3UCc2HpABUiDzw7_c6D4zZIhstv_LHMkBR7PDpY5z_No_tAjK0vrFJur7UGGGYVsE,G Roch,https://play-lh.googleusercontent.com/-ekbw6NFdv7I/AAAAAAAAAAI/AAAAAAAAAAA/AMZuucmx9xfDCLI9y2t_XHXVCiMkAGM8qw/photo.jpg,Still the best out there. Well done.,5,0,5.13,2020-08-12 16:16:01,,
gp:AOqpTOEIiCXwf8KnmqSBTtfxd7KhHMgAZ8ubbcMDJdCT63GyxpzyJ5B8_jjmtHD4LilXKTJIOQ5-xZDgeOpD3mA,Fario Gina,https://play-lh.googleusercontent.com/a-/AOh14GjnSEP80Wo2hG4LNy5ljWbEe4_OoFCoM9FT1RoVdQ,Very good,5,0,5.13,2020-08-05 05:06:46,,
gp:AOqpTOEhABSbP3co4cEe_-YAS4VoUq0ROxHZhAuTNxnbfBQmDPTwD45x2d14C261R7Gizxh0Opyz6n2LPBV5wOg,Randy Gardner,https://play-lh.googleusercontent.com/a-/AOh14GiO-56sOw78Mz_LSAJkgfWvF9FwK3RMEid7iAKtMA,"Great, great, great!",5,0,5.13,2020-07-10 09:58:56,,
gp:AOqpTOGNKmv1jXUSTqqEdaiW2wf7H_LTVkXcBQ0SOz_ZDtmmg8SUdxxXETPrwRDO__v8tzJinZim4P6lqX_IhDI,jessica harrington,https://play-lh.googleusercontent.com/-X_hlY2f_mZw/AAAAAAAAAAI/AAAAAAAAAAA/AMZuucmbJoDp5AexmxguCnTA9D7RnYNqyA/photo.jpg,"I like the app. It is very helpful. I wish they had an option for a definition of the word as well, then I would have given five stars.",3,1,5.13,2020-07-03 18:54:52,,
gp:AOqpTOGmQAJG-1iDVn2yA55gO6Bv3uZa1LdCUzPR9Bit6IF7u4UFPBsyb8ADdjJXBb-L_EFFc3BbBvnzk_UEm9E,Aditi Mehta,https://play-lh.googleusercontent.com/a-/AOh14GgGBzbtfJjeV9J46qfJ7S7L5ne_KrTidRMKoERa,There should be list of recommended words .. how I get to know which word to listen and I am saying it wrong.,2,0,5.13,2020-05-17 21:55:54,,
gp:AOqpTOHDz8tCH2Rk82p-KUWc47MZiRIeXzjLoKMQYro4A5DZrfkM2TI1-1a-zs4RIstTSdBg0MaHs0gAxpkUMm8,Randy Bolton,https://play-lh.googleusercontent.com/-dvG0Gyf38lc/AAAAAAAAAAI/AAAAAAAAAAA/AMZuuckw0csyRWhGDRtCwbTq6fgS7dtZ-g/photo.jpg,"I've had this app for years and even as a native English speaker, I use it a lot to check my pronunciation of difficult to pronounce English words. Well worth it's small purchase price.",5,5,5.13,2020-03-25 13:46:17,,
gp:AOqpTOGG8ZNLVOJiZxuhVVy3yJAQ7dvJdWysYH2hpS-3JeVwM6mbJOjv2HOnS3guZLy8qM6l9oOM3vL_qNGYYEs,janice owens,https://play-lh.googleusercontent.com/a-/AOh14GhvhmpwxU5bQcH74fA8Sho24CbPiDdGUIGjYsKU,Should be one every phone. Great app!,5,1,5.13,2020-03-21 15:23:09,,
gp:AOqpTOEdPYiGtwDgHO3JdQihsqfkF_jrGkwoDV-ogMk9e6pEWq-OMbslyfHaCovMaDb6lFHkqmC9Cl3uSPfujTw,Carol Vanwinkle,https://play-lh.googleusercontent.com/-BfUjIjYtWWg/AAAAAAAAAAI/AAAAAAAAAAA/AMZuucmuGloRihbbb1pTi7eQdwMIICslgA/photo.jpg,"The first Howjsay was better...it had a hyperlink to a dictionary to see the definition. Wish you would again include. I read a great deal. Whenever I came across a word I didn't recognize, I would 'look it up'...so I have a very large written vocabulary, but found myself vocally changing the perfect adjective for a more common one, since I was not positive as to pronunciation. Now I am. Thank you...your product is very useful. Carol",5,11,5.13,2020-02-13 16:42:33,,
gp:AOqpTOE4TYhV9ONi3r87gsVJbqKrDp_A8oxYi515tn7ZVSYgpsXEuviTXmsV7xqGlPCbmzqSZw2ZjrYZYDhyL9k,Sherlock Lewis,https://play-lh.googleusercontent.com/-P_a3PUVRoIU/AAAAAAAAAAI/AAAAAAAAAAA/AMZuucmnpSyk4vj2YstBjlkxJKxOp8TOSw/photo.jpg,Wonderful App,5,0,5.12,2020-01-26 06:44:16,,
gp:AOqpTOHuxEeiNzaoXVUWDWjBny4qXBP7nFynr4KG1TQjiJWPahbuMvHnmPwOs6Wuihzn29I_NW9_0INac_ivS20,Edoardo M,https://play-lh.googleusercontent.com/-kO6NHYKOxM0/AAAAAAAAAAI/AAAAAAAAAsY/AMZuucnbE3vHpM3WYAZVkmVRnERMJz0czg/photo.jpg,"Finally an app driven by heart and professionalism. Probably the best app for English pronunciation. They have rare words and even past tense of all verbs, so the price justifies their commitment . Highly recommended.",5,2,5.12,2020-01-04 01:01:56,,
gp:AOqpTOFOZeKs9bcEzzdlO8mQOJM2kR409f8Zp7fsr24-hntXlDhJs2o35WkWhhTJSD83VgJA5fhIuSGQmwII7do,Ali,https://play-lh.googleusercontent.com/-8lpC4Zp2NVg/AAAAAAAAAAI/AAAAAAAAAAA/AMZuucl8A4o_kU_yX9hhIvlcy_V7nLHuCw/photo.jpg,Thank you,5,0,5.12,2019-11-25 07:23:02,,
gp:AOqpTOECvvsuX6W6wsfqk-xwlASx3RuZ5d2TAUqUy01F_viUc5zEj1h-S1qkYLXKbgIjkNfCwmyzOgvTEiFJAwo,Stan,https://play-lh.googleusercontent.com/a-/AOh14GhY7ort-tDkO1qOj_hjsqtjs-k2cD0rfSpYEgprAqo,Excellent,5,0,,2019-10-01 03:44:54,,
gp:AOqpTOErfmwCPG3jo6DSQ58IngtYtkfhlyhuxlSBMFMUN3G--ZkvJyr3MowFiAVkIrTx9uf6qiQ-CJ3O-8DHVqo,Em G,https://play-lh.googleusercontent.com/a-/AOh14GjyOPF6tWDxdMXkGk5s4XVWxybx2AN0lqJIJTV7R9k,Intelligence building and sounding app! I love ❤️this app!,5,0,5.12,2019-09-30 08:53:53,,
gp:AOqpTOFEQ5rEUyWlpXSr9k_lZB9U8iLkkYM_TTvvyr45QnaVW_g_RGCTRq9ksitWP6xPFXbJzGVCRCYqQRbJWzk,Hardeep Singh,https://play-lh.googleusercontent.com/a-/AOh14GjLiDFiwh4Eg5RXOTpLwlXqbPGqGLdmvRzBWfT15w,"I think free pronunciation services are working much better than this, even they have more options than this app",1,2,5.12,2019-09-12 20:12:03,,
gp:AOqpTOEmyZmZ9QCpSaMVcc4ub76by3Hv_-4vTIdw0qobxeD3QvkSIzpnbYYPO4r4eyarcViBuq-3D1gudoA-amg,George Matthai,https://play-lh.googleusercontent.com/a-/AOh14GhqpyJNRlhj72bhb0_vkfM9mQsH_fXQ1jsXlD2oJQ,Very useful.,5,0,5.12,2019-08-16 18:56:34,,
gp:AOqpTOEeRBh282z5HKWVUDS1qoW8GV8J1p8PAfO9ivi-4POQfaDRJ7BA0VyL0Vz4zA-UYSSpFVd9DW90ByiKp0g,foxrain xø,https://play-lh.googleusercontent.com/a-/AOh14Ghjp3fQGrOdzVWh5soHLZkdTPSqkrHuE_U8oIpbQg,"The best pronunciation site/app there is, and the price is very right!",5,5,5.12,2019-07-26 00:01:47,,
gp:AOqpTOF54cqIDlYFpD7ETBYzI3GWJkK22WfiJ7_sxImriNpxbJjmc99T2RCZonLsb0M2LrDlMfpnpNPsnSa_pBo,A Google user,https://play-lh.googleusercontent.com/EGemoI2NTXmTsBVtJqk8jxF9rh8ApRWfsIMQSt2uE4OcpQqbFu7f7NbTK05lx80nuSijCz7sc3a277R67g,"Just love this app, fun and educative. Why just the male voice?",4,1,5.12,2019-07-19 04:24:36,,
gp:AOqpTOGRF8jsoDBmuYE0aLtbdPrjmEGFeyGAvjdmIdV2VaH4YABimswheZeVRT2WanCppT0em_4Dme5Kd9Xwggc,Nahar Almutairi,https://play-lh.googleusercontent.com/a-/AOh14GjzxNOQJE6oKvG2fpguBp91s0fxPidTsCrBSeyx,it is really useful especially for non-native speakers,5,0,5.12,2019-05-20 13:21:07,,
gp:AOqpTOE89YLf0PhvT9t-r_bGY5ELAMIgoZSOCVnFGtlmfEy1RlvJgo-3m884avhtrEYP-cgcGMPHKJLLjdR0uig,Louis Shoemaker,https://play-lh.googleusercontent.com/-RmuejjFnCaQ/AAAAAAAAAAI/AAAAAAAAAAA/AMZuucmI9H20sJeK7lRE200-wP2BFSk0eA/photo.jpg,clear speaking voice. easy to understand,5,1,5.12,2019-05-19 14:18:47,,
gp:AOqpTOGYu8YtAynMjxsvSOS0uW3QiReMKVvJsbfgYlgk1Rf4x0KpC90r6Y374ZMDzUB25uz2LfZOjVCjisp8eoQ,Martin J,https://play-lh.googleusercontent.com/a-/AOh14GhFnwL23le6V_Ww0PNRVFTOptAJOuSYaCuCqOJQ,I find Howjsay indisposable. It a great aid and I use it all the time,5,0,5.12,2019-05-01 06:08:53,,
gp:AOqpTOG-F6Bxe_xezTELACmR_S6A-M-rmudhCcEs8ButVNqlXyF9j2HJXQvPJqfAU--3pTScX6Z67bPc_K_Z874,Naomi B.,https://play-lh.googleusercontent.com/-jrrA-vj6Omw/AAAAAAAAAAI/AAAAAAAAAAA/AMZuucnoStfkZIYoLaJuhK9WsoCNHo7VRQ/photo.jpg,"I'm downgrading my rating of this app. it keeps giving error messages. I paid for this app. After the uninstall, it didn't recognize that I already paid for it and was asking me to pay again! What! [Excellent app. It opened my eyes and ears to correct pronunciation of words I was mispronouncing before. There are pronunciations for British, American, as well as French, etc. It is also very handy that there is definition available.]",1,0,,2019-04-30 18:49:59,,
gp:AOqpTOGMq0yzCL4IYwGiSLWFRo_CdTJvlx_NEBY_ybMd1nvM-EYFTJ99icXKBJTFoX8njW5j-_Q4M5fKKxaxhWM,Вадим Мирошник,https://play-lh.googleusercontent.com/a-/AOh14GjvOX6gPpPM-pnB-VuE4RzANYfT1qef8zve6FO3jck,not working,1,0,,2019-03-04 10:37:07,,
gp:AOqpTOEEJnXqoiv3dgSwr99T4_jlETrkfU2jvQzwyM2_X9fWjMLbAAok8sdRVfUFv8Al0kgSYkqbfrDKG45Uz24,Felipe Campos,https://play-lh.googleusercontent.com/-bMQcyCUVzZU/AAAAAAAAAAI/AAAAAAAAAAA/AMZuucnUjOk4cs2aREHHEbrkmLwvNlUOhw/photo.jpg,error code A5 .. Não está funcionando.. de uns dias para cá travou e não funciona nada,1,3,5.12,2019-02-04 17:19:23,"Our applogies, there was an issue which has now been resolved.",2019-02-06 08:39:41
gp:AOqpTOFmNLw3krZhRTqwBr0jH7fc1AN217LvHBsDCrUcMHSQBdPjCyoGVihqlldP80vAWW0k0AtLCX1AGMckfPw,SAROJ GAUTAM,https://play-lh.googleusercontent.com/a-/AOh14Gi0tZnCFL0rIf55YLPdb_vuliwFIP4f9nLdlhjZkA,AWESOME..,5,0,5.12,2019-01-10 02:42:44,,
gp:AOqpTOG4CBCt4C_VM4UHyQSsy5MeUegCKEjeHnwIfi1D9GNvuHXxjirB7NPEptDH19VNwqKnG28-j15zqIpQJ2w,J Scott,https://play-lh.googleusercontent.com/a-/AOh14Ghf3_IOwrPShGPHEcI4Q846z8mZomeTAG0giXg,"Howjsay is one of my favorite apps. Need I say, it has saved me the embarrassment of several faux pas. Merci!",5,7,5.12,2019-01-04 12:50:07,,
gp:AOqpTOGud8NtCB-794TssXOaDyJOPoBond7w1M9fdu85TaGBZ-DAJ0m6dO6bA9XyJv9LlJL2hX9M1sIOuIUf81o,A Google user,https://play-lh.googleusercontent.com/EGemoI2NTXmTsBVtJqk8jxF9rh8ApRWfsIMQSt2uE4OcpQqbFu7f7NbTK05lx80nuSijCz7sc3a277R67g,No pronounciation for French wine or moog synthesizer,1,1,5.12,2018-11-20 12:13:13,The howjsay database is continuously updated. Check again soon. ,2013-08-17 06:15:56
gp:AOqpTOHwdvSvdxbtKMAAUSqTDClpbw6c5pyaGd60WE_S_5b4hpClmxD0OsQplp0BFQ3IcBfm6cN9FoSUfhVP_ss,يوسف العبيدي,https://play-lh.googleusercontent.com/a-/AOh14GhtCqzERMpbjkzjkTBYazwk3YDJTBwy5hGyc3WJsw,Very very good,5,1,5.12,2018-10-24 11:39:55,,
gp:AOqpTOFpV0oLicSb3aKlpu-7i8fkKrKs8WtFZvlHxhax6XXhJgytnEwBIb_n9wf9clpHx_6GBXJy-uxgLPJ26EE,A Google user,https://play-lh.googleusercontent.com/EGemoI2NTXmTsBVtJqk8jxF9rh8ApRWfsIMQSt2uE4OcpQqbFu7f7NbTK05lx80nuSijCz7sc3a277R67g,"Been using it for few years and over a year as the Android app. A must-have for all those ""not sure"" who are told to ""fix everything"". Brought to you by Carl's Jr.",5,0,5.12,2018-10-21 12:51:08,,
gp:AOqpTOEhrlABJHWK1r-RAJIGupgsdRihI0O6na8SGVcJG2GF_AacYHh448416Ydqc1jwG8smK2KiDSh-08drWYE,A Google user,https://play-lh.googleusercontent.com/EGemoI2NTXmTsBVtJqk8jxF9rh8ApRWfsIMQSt2uE4OcpQqbFu7f7NbTK05lx80nuSijCz7sc3a277R67g,The English alphabet is not always phonetic and I have used this app several times for unfamiliar words.,5,2,5.12,2018-09-30 14:18:37,,
gp:AOqpTOFaIw1bj2WeRVD2Dnt5v0sy124D2BOHT8ie4lasWADkvD5MLhNec3gNm4Zajp3-ugfR1hWyqQwGtDq7x_0,Xin Nguyen,https://play-lh.googleusercontent.com/-ZDLhyulGAlM/AAAAAAAAAAI/AAAAAAAAAAA/AMZuuck_kUCUrszj-ksbzWHM-6RoAbDpaA/photo.jpg,I love it. Thanks.,5,0,5.12,2018-09-15 15:14:56,,
gp:AOqpTOHY175if7Co0rqsjgNMOiCy9ofjZfRzLE_jXvBoGp50rx38kiixAkQPceslMZPVV00Vy93Srcj_2aB6sno,Enrico Villa,https://play-lh.googleusercontent.com/a-/AOh14GidxMyNAyaZQ8Fm5tbumGkfJUVhMbRNNt_3BSyk,Arguably the most useful app ever made.,5,1,5.12,2018-08-23 00:42:46,,
gp:AOqpTOGUwZlEv5y39vvat6EdwGrF9QgqmflAYEQz_zVxkVNx9GVJ9a5Wl3mp44yR29ZhizR1TdisklSV_gnRnvM,Rhoda Draper,https://play-lh.googleusercontent.com/a-/AOh14GjNwbOXbWC_Qe3ocIykkHkeDShXin5x2aNWvKwB8Q,A great resource! I wish more television and radio presenters would use it.,5,4,5.12,2018-08-18 04:26:13,,
gp:AOqpTOEpOhrfo4ktKPK0A8CsZ5njMld-0uXLjon_slPQqS0S1N_JhjLPwHpBeut31nFflsk0bWJPMiHg0SCuVXY,MJ Adi,https://play-lh.googleusercontent.com/a-/AOh14GjzphzyOwnAv2uCJKYAKGvxdaXKrUpWy9xp09g7lA,Previous Icon disappeared to android logo. Please fix it soon,5,0,5.6,2018-06-30 04:36:20,,
gp:AOqpTOHOqJ4vQVIWbQ9zsVR-bdlTh2n17ZHRM4vCI5mcvaGlgyQlBnCXpWd6afWvM0DhTV0_LEdpEVWJ-XM8lvM,Steven Kransdorff,https://play-lh.googleusercontent.com/-88yMJOuSr2c/AAAAAAAAAAI/AAAAAAAAAAA/AMZuucnAxiho64kZ2j-wXOJJBFr2B3B_-Q/photo.jpg,Amazing app. Incredible for pronunciation. All words spoken by human.,5,0,5.4,2018-06-28 13:19:11,,
gp:AOqpTOEQFypKJeh_E3sdGnzKOhTF3MdA35rTD7UCbdO2JJKxKP7fb4ZL0fQpcaFtlW0ByNrQL2ZSljse_cbSOqY,KVL Larry,https://play-lh.googleusercontent.com/a-/AOh14Gj_IQ-wMTMYXF9KBvnn9kyPFYipVyF3JMAjKdKUygg,Great app,5,0,5.4,2018-04-27 09:51:33,,
gp:AOqpTOHQ8KUfxg0hTWZa6o70VUw-o-PLPqZA_5-2G2Y9xJJ5cPOx7jma6MEkxMjvxVzIzMV9xTTHD-uB_HpJIpI,Dan M,https://play-lh.googleusercontent.com/a-/AOh14Gi7sDsHRlQPcgcV2R8jbTk-EHdgeHr8b-VsqhqIrhQ,Such a great app. One of a kind,5,0,5.4,2018-02-12 19:55:32,,
gp:AOqpTOEXQ6cfU1yc5Lj7V-54WylaUDNAIhFQw3xvDhGWlYijxFlER4vi0i99blcUu_9Z6tesnvjhuyqS0YOXrGs,Shekhar Mitra,https://play-lh.googleusercontent.com/-n4dYkh5EOWs/AAAAAAAAAAI/AAAAAAAAAAA/AMZuucncDhE4XOa3IeRLADJruBEyTEdk0A/photo.jpg,Perfect app for the purpose.,5,0,5.4,2018-02-01 17:53:19,,
gp:AOqpTOGJ13sPedtDNta8WHEfP7curziIi5Ueup5M0ztDBoRn8vmwXKMFSfMSHFfwdBUmUeqK2UQrH9TAxP-AbqA,Mariam Aboud,https://play-lh.googleusercontent.com/a-/AOh14GhByGK6OOHAo5EuP0w8ifNaquxukxtbL6do6NAQLMY,"What makes this pronunciation app different than others,  is that every word's pronunciation is a real human voice, words get updated all the time & newly fabricated idioms are added as well, plus it says the word in both American & British if there's a difference between the two.",5,5,5.4,2018-01-09 12:09:50,,
gp:AOqpTOET5c1kvatOuBv3tTQowprXPkc1xp1l6XP-i-n2WcDtCpwThHtUwyLZHgxQrJTlBmJP5Rv0GVxNsBY3cBs,Irfan Khan,https://play-lh.googleusercontent.com/a-/AOh14Gj3_Dfc0yB2gay8mkcM6Hj2nvnmKvb4UXxBCOSbWg,"Didn't play any word after searching... ""Can't be downloaded error"" ... Can I get refund please ?",1,0,5.4,2017-10-22 19:57:46,Please update to the latest version. Please email support if you have any issues.,2018-06-29 15:00:48
gp:AOqpTOGQW7pWuarovXa5ktr6cTtdwHyyeo6u84wocLKaVp569p_4-N4_uA7CF5V2HJyA7KmFeQ1OXlzUYs7eCz8,Vic Akemann,https://play-lh.googleusercontent.com/a-/AOh14Gi8la01Dopc8_hzePzp4QDs10Djj0pmpKuWRZIM,An Incredibly useful language tool. My students love it for clarifying term pronunciation.,5,2,5.4,2017-10-18 09:52:29,,
gp:AOqpTOE4ZLbFBcUkP11BohAzbiFOpGTmeU4KpawkW-DyOmrd1VoIyeHc7N-nVJ9-WfHxX4DtSK6dHh1ARIUagVg,James Raffan,https://play-lh.googleusercontent.com/a-/AOh14Gh1DqLsuTQQ2Ww225pk2nI0PQ4faNh99-hHX0e10Q,Love this app!,5,0,5.4,2017-09-20 07:16:21,,
gp:AOqpTOHUr-c5RdJvzODqur67xrPnY8WNzHX2j7BqMIvolRAJbwhU4l5qQX9Od6xe_W0qnIFXcHifCTuwkoQ6bQE,Stephanie Maseko,https://play-lh.googleusercontent.com/-Pxmw0onzDao/AAAAAAAAAAI/AAAAAAAAAAA/AMZuuclGQnDyj8BlyDQN67h7pKYH6e7UxQ/photo.jpg,Great app,5,0,5.4,2017-07-23 12:08:51,,
gp:AOqpTOE4KLiBSnMlMr6oZ9pEkZdwIUDvAePlE-r5XpjXdvVI2IHoPWEx5afDvITJQ7oYR0njaG7ZGg55ov5kIB0,A Google user,https://play-lh.googleusercontent.com/EGemoI2NTXmTsBVtJqk8jxF9rh8ApRWfsIMQSt2uE4OcpQqbFu7f7NbTK05lx80nuSijCz7sc3a277R67g,There need to be sufficient gap between repeats of the same word in different languages,4,0,5.4,2017-05-07 10:18:30,,
gp:AOqpTOGbzz5He7j1_uDfo-44LQzWnN_8zGQMrH0jXpcfC8CvKiAvlslaqnose-kbIOXFkzSifgpgVZ1DLr_XkCg,Hester,https://play-lh.googleusercontent.com/-cu_4W0t5ZuU/AAAAAAAAAAI/AAAAAAAAAT0/AMZuucmywV9Ei8dCBAxZ4pNpH5flelq3kg/photo.jpg,It works for me. It pronoun what I need and it definds it for me also. Okay by me.,5,1,5.4,2017-04-25 00:10:00,,
gp:AOqpTOGHdQJ9silc20vGzVG_5uG14aM6wbCUvuT09inZ6_MFtcTV1gINXyZIDUBbOqx_ZCkDsk7sFUqrQu_uf8Q,Online Courses,https://play-lh.googleusercontent.com/a-/AOh14GhwHgExr3nnXEUfSBNlzFOXcRZ70EIJFlcVwKc70A,This is an amazing app for the proper pronunciation of words,5,4,5.4,2017-04-18 04:23:48,,
gp:AOqpTOGmbfFFhPkVI7LSNfL_ll6P_vBJPBwyH-pl3Es6lZ9UwrQmr5GsqJ3gqef9HRC3LDlW4VmnwAyQXoYRCgA,Alexander Oviedo,https://play-lh.googleusercontent.com/a-/AOh14GhD351ZS871OmR9eWqAM9GdVcOBZ_DZJN6nLg-7VA,It's a life - saver app. Excellent!,5,9,5.4,2017-04-03 20:34:40,,
gp:AOqpTOEbXsFrk8JP0BRpKi_DUqCYApcT20MJl7cqqrglXimyHX-zh6K2Hj_KZJA_NDH7rD56jzGJOejOVd3TbV8,Ram Ithikkat,https://play-lh.googleusercontent.com/a-/AOh14GjZUtwnVoHaxiE-K1KrW8-Pykl47IgIsjWCLZhh0g,Perfect pronunciation with both British and American versions. Alternatives are also provided.,5,3,5.4,2017-03-21 17:25:07,,
gp:AOqpTOEHE4qhpcJ25QO6WNr6QWMKfOEMlKzvnCOFuZsBbmm9WTSvaoRbdBky0aIVpJePwJIvp51uyjAN6ixue5Q,Paola Elena Cologno,https://play-lh.googleusercontent.com/a-/AOh14GhF_8vRJXU__m_oITe0QO8qr17kflwUOVuE6h3DCQ,Always perfect.,5,0,5.4,2017-03-15 04:27:03,,
gp:AOqpTOEqa2bBnTAeAhwFksalR52xnPVlJWtSHleOEKK2fLG6-MRyoKJEUhLOQ5-_hJkfY7PdrcaluKXcjQakOhc,Man Kit Lau,https://play-lh.googleusercontent.com/-xm6EyfGsvsk/AAAAAAAAAAI/AAAAAAAAAAA/AMZuuclWJQsKYul1NtWoLIko9C8d0ffwLg/photo.jpg,Absolutely useful and highly recommended!,5,0,,2017-02-04 07:35:36,,
gp:AOqpTOGRHCqv5a9DJE0vGcn51yD2Wu0s3IgFoTuKSYaR5sv5Cs5sWBkMjfTOGodRLltZg0idVY-aa-g1dgsrbu4,João Crespo,https://play-lh.googleusercontent.com/a-/AOh14GgtjnYGqtr4_S7elSZmwkx8V7NEnc_G8tzm28aA,Awesome and useful app,5,2,5.4,2017-01-19 21:25:14,,
gp:AOqpTOHevRV2cxISJQE6Xujm5GB_0mQOhO9tOMT-KWfoAy9GNAtFzpJLbn6OM9-StcvTRiqYgWs6BJ_bxhfTkFU,A Google user,https://play-lh.googleusercontent.com/EGemoI2NTXmTsBVtJqk8jxF9rh8ApRWfsIMQSt2uE4OcpQqbFu7f7NbTK05lx80nuSijCz7sc3a277R67g,Brilliant app - for all sticklers of English pronunciation!,5,9,5.4,2017-01-17 17:11:43,,
gp:AOqpTOGuKfOpu9X9RMwaRtnwWmJ6aa8vfwalSFsQVgHtKzeQsgIBd3Mi6wSRkVeG2KjJpvmFZTbfMPLnaB4M-DE,Shirley Apte,https://play-lh.googleusercontent.com/a-/AOh14GgBGPHZH3Ioy4X_hpx7-ggmIoPP-rYLGRdH5EIVDw,It's helpful.,4,0,,2017-01-03 08:30:27,,
gp:AOqpTOGmkFLPyrZFPIeTxHT4zuRONwbwLGmEuwLCDNAVSuTaq-w4jB3tUQNjB7Ft9zpm4uKFrs-ECRezsf5cPSo,Alex Izquierda,https://play-lh.googleusercontent.com/a-/AOh14GjwZjX5zvqNv8XBZReOvaH40Yli4kO8IFfBJZiDUg,Helpful,5,1,5.4,2016-11-18 23:12:54,,
gp:AOqpTOH40C64lOF6cIin2PLEFqd1imf8vSdvwYCbfK3E4vifqdI1OQNcV9ZVNrzNvieoS-7wDEFWODhoF1vZkRQ,Karol Walkowski,https://play-lh.googleusercontent.com/a-/AOh14Gia6pvfH_USMdhqDXfYOeU-U9J7TghI7LYqX4QpSg,I am a voice over talent and HowJsay has been my companion for few years now. Android works even better than online version. I am a indeed satisfied.,5,1,5.3,2016-09-23 05:17:31,,
gp:AOqpTOHDusH4n_4FXMgfOvHNG4GYopVf-i5DMa5FIT5zUHdvG-w8EcatKfSxMyyQH0TlWP6M0a1ULrrppZeVLRU,Steven Hagar,https://play-lh.googleusercontent.com/a-/AOh14GgvEWruPhg0tCwAtMO2dh_kDQcqUZeoHhyZJk10R0M,I hate ads! Also I think words should be available without me doing the developers work for them. If the word is in their dictionary then this app is great. Problem is I am reading books that are set in India. Lots of different words that I need help with. I'll give them 3 stars because it's a good app.,3,0,,2016-09-12 17:39:51,,
gp:AOqpTOGycoPw0gfKVQqIKakk-KJndYximOGMh2o_kPFtuqzk_AHLj9hZ9jDSDeUV_uI0hzJkp_QWhBpY5XSejxQ,Hisham Albakri,https://play-lh.googleusercontent.com/-5oUol6FA3Sk/AAAAAAAAAAI/AAAAAAAADXo/AMZuuckF7OFxO-Y1mTqpKQd3o58XhWzdHg/photo.jpg,"I have waited the longest time for this app. I use the web version since forever and still loving it. A big fan of  the clear crisp pronunciation, spoken in different ways i.e. British, American, France etc. Makes understanding through hearing so much better.",5,0,5.3,2016-09-01 06:29:36,,
gp:AOqpTOGpLZf82r7Ao76FlUd0B6dIR8OhnxKlAYj3vHOO_ixxWeAuaF1Kv_23lHU30mt6-dS_QzDBSEtihp3Zg94,gabriela abelman,https://play-lh.googleusercontent.com/a-/AOh14Ghea2YPzge2TpICAzLgyXByrHvCrN8Z11e-q7Da1w,Physiology teacher,5,0,5.3,2016-08-29 23:32:23,,
gp:AOqpTOEVke0rZYgtkRYjO2jzXIc46_gcgZQAsi4m470p8SGv43nKpYOEByYR_TL3wIs-QLcnsTR7I58cxLILNzI,A Google user,https://play-lh.googleusercontent.com/EGemoI2NTXmTsBVtJqk8jxF9rh8ApRWfsIMQSt2uE4OcpQqbFu7f7NbTK05lx80nuSijCz7sc3a277R67g,Very handy and almost always has the word I'm looking for.,5,0,5.3,2016-08-26 23:26:13,,
gp:AOqpTOE1d6-h9SkyZvwBPpCnVjM0zCPT26ceK0InsmtnRLgKdclapEOt1mjzoFwk5WmSGoVFgGY3tyCqRZf3vKU,Jacob Boutrup,https://play-lh.googleusercontent.com/-2-4tNofpMG0/AAAAAAAAAAI/AAAAAAAAAAA/AMZuuck9qAqzJMuLYRpVJMQATzAR1AnBiw/photo.jpg,Good to learn English speaking,5,0,5.3,2016-08-17 05:35:31,,
gp:AOqpTOHUeqp1cAKp3D-5xTMX4nRpSoCX_fu__etWXSvQLCPkJmFvGh-J0wSb_XtnZwI4rVn0N1csMYp8t7MVsYI,Hayat Al-Munajjed,https://play-lh.googleusercontent.com/a-/AOh14GgS3lO8HBXaUWvnlaHaMYM26hnhVXbLWkN7ruax,Love it,5,0,5.3,2016-08-07 21:20:46,,
gp:AOqpTOEoVfTee246XnOV2s_HzyxRoI26qTYvTngfxYcVw59aH-dxQ3cWn-f2dZr9x7EQ6qHOMo_mNLkamNdL2Ic,susan howell,https://play-lh.googleusercontent.com/-rxcgMYuLMHE/AAAAAAAAAAI/AAAAAAAAAAA/AMZuucl9iZCNEXFfsMWhFTC8AZtV0t6lYg/photo.jpg,Wonderful way to improve your pronunciation.,5,0,5.3,2016-07-31 07:48:18,,
gp:AOqpTOEQPzegfUof1a9dQ9lts-kLUbhSmGkyfNfDzhDuX-MLYdwHeeWFK-8ry6YFkkF01n6nlGnL5ypnDr9J7_8,Matt Terry,https://play-lh.googleusercontent.com/-xx2nUXXtJIY/AAAAAAAAAAI/AAAAAAAAAAA/AMZuucmBjZWWR9SnHa-m479n869-XO62yA/photo.jpg,Love this...there's a very proper sounding man..possibly British who pronounces the words. Very worth the tiny price.,5,0,5.3,2016-06-29 10:31:44,,
gp:AOqpTOH4BXbr-gsVpTqWi9AB4GSuYtB1NyawRBnCs3pmIDekkzjHQXW1Z37wH6EKhAi3nVZ1W8LFGuS_jmWwEAo,Daniel Brown,https://play-lh.googleusercontent.com/a-/AOh14Ghb2Vd0-DTtmCY3mEg4OE3Ih4o3tF9nDQi0peytmQ,"Hear the pronunciation of many, many words - really nice app to have.  Needs internet access i believe.",5,1,5.3,2016-05-11 07:25:57,,
gp:AOqpTOGnOGDB3z9kSOjV_Y6GKy70Dl2moVGoxaD6y9xKBFyVFLbDM7YmmYuYQpQ485qG9-AKXqD4xa3zaaJBxg8,Earl Daniels,https://play-lh.googleusercontent.com/-6Sd5bibbeYY/AAAAAAAAAAI/AAAAAAAAAAA/AMZuuclv3cvpTny3nsovZw721Mf0_nf2uA/photo.jpg,"Great app, indispensable when encountering new words. No need to work out pronunciation guides, just listen (sometimes repeatedly!), and say it right. Well worth the price!",5,2,5.3,2016-02-24 09:01:03,,
gp:AOqpTOHcpWXzJ69CQlqdaSQ2GeuactZNMzujk7gAwHla10eCAzwe7WyKlPSZj0PRwpAusDzp-E3ujQQUC9Xb_3I,Zoja Afzal,https://play-lh.googleusercontent.com/-YqCeDYNilEQ/AAAAAAAAAAI/AAAAAAAAAAA/AMZuuclrDaLqX_HLnfaCJLvrAe4eBa0aCA/photo.jpg,One of the best and useful apps.,5,2,5.3,2016-02-12 13:36:43,,
gp:AOqpTOGs53jMrRkL-k2D4e0H0M33M5e03TdYAcAqEtIMdd1fKfreN2tKLaDc60-cNSl5jTzmImtsmo1RIWO5xBs,Victor Kim,https://play-lh.googleusercontent.com/a-/AOh14GgznlP2MYJeIhrkzXU3vogfi89j7ztOHbxYB8983g,"...but this is one of the very few apps I've ever paid for and it's been worth every dime, even as a doctorate-holding native English speaker.  This should be considered the gold standard of English pronunciation and I've used it as such for many years.  He researches and personally records each word himself, including standard regional variants.  FYI the website is free if you can't afford the app.",5,3,5.3,2016-01-21 07:36:17,,
gp:AOqpTOEG9uQPIpann8ZQKx4TNWMCzGsLiYKTuJQ8vAhvJ15VdTHVSqjglYvjClAiONT5DcCDX1oJs5Ynf5b0EIA,Theresa Treadaway,https://play-lh.googleusercontent.com/a-/AOh14Ghzk3UPtg8Av8bvfczhKL1SKSD29c2t1LYWgXN5sBc,Love it  i ues it with my grandkids,5,1,5.3,2016-01-06 15:10:54,,
gp:AOqpTOEv1TaUidq74t6Z2_EtU678hcZDBX46mKf4L4AmZXy1ol0BLKyefeioQwBmAFAbI_mVIdXsabCbjEOgtIw,James McCombe,https://play-lh.googleusercontent.com/a-/AOh14Gh2xLpTpOOo-K6nYi4sUSRn9VPt2aG5fqFZMGcE,The best voice ever,5,1,5.3,2015-11-22 00:00:33,,
gp:AOqpTOF4ErPG2fsHcp32MpyL7xp1pZqydw-cjLB1T4AW9mQxOwXNTZFmMJA8fnuJk8gnQWrFsnYvtDuc-4iDJfg,Laurent Metais,https://play-lh.googleusercontent.com/-PtUYb5nZyzM/AAAAAAAAAAI/AAAAAAAAAAA/AMZuuck93vFM1KSXPmLsBL4a-AdX5cPTfQ/photo.jpg,The best tool to master English pronunciation,5,2,5.3,2015-11-08 04:57:47,,
gp:AOqpTOElCM2FnjmYChRi1jpMTahiHvZ3p2jR2Bk9cmXH5mhtluXUmCKvFbISNtPUEGRWGum49L5fPWPgRMANlzk,A Google user,https://play-lh.googleusercontent.com/EGemoI2NTXmTsBVtJqk8jxF9rh8ApRWfsIMQSt2uE4OcpQqbFu7f7NbTK05lx80nuSijCz7sc3a277R67g,"I'm not a person of words, like my fiance  This will help me in many ways!",5,1,5.3,2015-10-27 11:57:00,,
gp:AOqpTOEX7Z6XbkC3sWeNWcSzeUqAELwiYpx-j19lZ39_R1aZ0VFQ0ceSpYxNpqm4B6ttcWElC-3FHnM8qUSBuLo,Steve Barsanalina,https://play-lh.googleusercontent.com/a-/AOh14GiIRysqSGZ4bBWMtZepNn5qs0WokmVNoW8hn6jh,"Medical terms included. Scientific terms, too.",5,2,5.3,2015-10-27 03:52:28,,
gp:AOqpTOHmpfRN9Z972DoxdsQrfBX0TUqV-3xWj705sW6juBirg7BZTdYGF8U425sWFUgc9dIFnhbnxWtMMRzGvlw,Arm Oil,https://play-lh.googleusercontent.com/a-/AOh14GhwSo7LJgqYFZgG3L87OkMs5DFO2zH6kx8VnI6vOw,Fantastic,5,1,5.3,2015-10-23 16:45:08,,
gp:AOqpTOHaHD4Rm6jzwh--8xgyXPnXEw06ynYQW4kEva0yqljo-XOOup5delQdTOcrKQjDoOvA5k6ND0F9PB_i6I4,A Google user,https://play-lh.googleusercontent.com/EGemoI2NTXmTsBVtJqk8jxF9rh8ApRWfsIMQSt2uE4OcpQqbFu7f7NbTK05lx80nuSijCz7sc3a277R67g,"Didn't work at first but, after an update or two, it's now a brilliantly simple and functional app! Great job.",5,0,5.3,2015-10-23 15:24:22,,
gp:AOqpTOHtcQVeRz2LxOTEsnjz7K6Q0NUZeHRz-iWzKvlVbQtPSy84TZQfnEWs1xJ515QV7DTwJiA5-F7y7zyZPfI,Stanimir Nikolov,https://play-lh.googleusercontent.com/a-/AOh14GhUsjyOsA8H54JndoqzmD0Mi99dyiqKV_5lc7cQiw,It's much better that the other free pronunciation apps,5,2,5.3,2015-10-21 06:24:16,,
gp:AOqpTOE0dcGA37EWhilWGS5tl-voBwYRaXLohhrmxrFYLoO0aMkLRa-K3PcpcSNTePlTQqlk4WhNE8Rr5-9azdI,Shane G.,https://play-lh.googleusercontent.com/a-/AOh14GgpRQSIYFJeM489bkPc_SQ0WSag7OI9Tek9LHLvsw,Not really worth it if it doesn't even work. Samsung Galaxy Note 3. It did work. Now it does not.,2,0,5.3,2015-09-04 16:50:12,,
gp:AOqpTOGgpJTCJ9xyCm_RMJejVyzQFRU96nSFJMg7TD6CVy7hOw3JNUQqQdQzBbMng1ioElFbgxwmsAGN4ziznlo,Dustin Rush,https://play-lh.googleusercontent.com/-HjSaga_6eMc/AAAAAAAAAAI/AAAAAAAAAAA/AMZuucmwvUq3FvGpwe2y4Kv6tV9W21is9g/photo.jpg,"I struggle, this helps.",5,1,5.3,2015-08-29 00:16:04,,
gp:AOqpTOE3vQvhRQ40MHOGL_dSzH-u9Z43HpRO0gsToM7lVmYfanIxG4m2YcEtPRwLMQkVAaYIMDtzpYqZsN-6Y3g,A Google user,https://play-lh.googleusercontent.com/EGemoI2NTXmTsBVtJqk8jxF9rh8ApRWfsIMQSt2uE4OcpQqbFu7f7NbTK05lx80nuSijCz7sc3a277R67g,Loved this app till lately when i can't even play any word I find. Fix it and then you'd get more stars!,2,0,5.3,2015-08-02 05:12:12,,
gp:AOqpTOGTpPyZpVXej0zs0EUK5tGuG56AJTZAP97e4s6bUzO4tGorTmxf5e5KHHJd1GmGlviJf_giqRDktHtr5aY,Eliecer Segura,https://play-lh.googleusercontent.com/a-/AOh14Gh_aWWBkUZrV1Q8tU3ZrF7Jgd47fx3rhMGUmNcyTQ,"error message, unable to play the word",1,0,5.3,2015-07-30 19:26:54,,
gp:AOqpTOGVBrtXM0afQA67OiwMwPPstWl9VbH41rYk5AWV7sJWJjYspSotwJwVPPPuJ94Mscf1YL0vpADsax-gejk,Pat Meach,https://play-lh.googleusercontent.com/a-/AOh14GgAUk8vxCM_Te5-BF19gMgX3IGKK62uWdv4f1bJOA,"I work in learning support in an FE college. I recommend this app to students studying science subjects and struggling with reading and pronouncing biology,  anatomy & physiology words. These students all say they have found Howjsay really helpful. Best app ever!",5,9,5.3,2015-06-27 00:50:49,,
gp:AOqpTOHEWOVXO0gjcm1e3WtFJyMkD8ZMMLl9t8Dwp56PVjvpiWg3vtY9SJWrIfWbBRVmyg6fY8W3b0OiJioJmH0,Mike Heathcote,https://play-lh.googleusercontent.com/-jvbdOys5HWA/AAAAAAAAAAI/AAAAAAAAAAA/AMZuuckzocqZAOwAL4TmXgogzos6M66Sng/photo.jpg,Brilliant great app,5,1,5.3,2015-06-07 12:05:03,,
gp:AOqpTOHQGPw0qwII2d6RQEIrs_BI6KG-ya6jC2TOxMnsvknFx2xG9ZzatmcJsOodVPEGSrYeMRMmii3uzg-fxFU,A Google user,https://play-lh.googleusercontent.com/EGemoI2NTXmTsBVtJqk8jxF9rh8ApRWfsIMQSt2uE4OcpQqbFu7f7NbTK05lx80nuSijCz7sc3a277R67g,"The app features an extensive list of words clearly articulated.  It includes many medical and legal terms, some famous proper nouns, and common other-language expressions used in English.  The interface is simple and intuitive.",5,2,5.3,2015-05-23 09:05:51,,
gp:AOqpTOE_gptilJ31zNz1pPFHUPfTLA3zTQ5qxLeOb4nY8ize0lsxYly9wjz2LoUa0tbEBtRQMbrxYOId4C77Flg,Rohit Verma,https://play-lh.googleusercontent.com/-itrRNvGlHj8/AAAAAAAAAAI/AAAAAAAAAAA/AMZuucmzdLUEVBcZSs87tdGkLZEcLUxRCQ/photo.jpg,Ad nauseam or many other words are unable to play sound.,1,0,5.3,2015-05-19 19:10:31,,
gp:AOqpTOH3u2mgB3nGctgNj7785K-akWkWV2iFpGE77PcUj20DyLHaldfMhNYavEtW7ZLPiGzfViTW4h7ekFOXe3s,brenda humphrey,https://play-lh.googleusercontent.com/-O4ldt60J-ck/AAAAAAAAAAI/AAAAAAAAAAA/AMZuuckI7cJfwnmKqn3EdUKZuZ0Y6hMnAw/photo.jpg,"We just purchased a book published in the late 1800's and ran into a word that isn't used anymore. The meaning was easy to decipher but not the pronunciation.  I downloaded this app just for that purpose, but the word was not here. I emailed at the provided address...within hours I received a reply to say the word is now included! How cool is this!! 😊     ...AND they just added etymology for moi! LOVE this app!!!   8 ☆s.",5,7,5.3,2015-04-18 14:38:31,,
gp:AOqpTOEEm0kxdpNfu31wiuHQ0ruOF3XItYWxyQ1RPhDzbkHV9L1Z9MKqggDqdoGGKuBLeSh69ya10r2ta-GlnLI,Liz T,https://play-lh.googleusercontent.com/a-/AOh14Gil8ZuR9VHm5SPrtaKCs-d-pcpAPhX7oWeL5qIG9w,Best English pronunciati on site on the web and the app works just as well. Well done! Best two quid I've spent on an app!,5,2,5.3,2015-04-06 13:22:37,,
gp:AOqpTOGdz3e2spe6q5sOnBH9B5eVNG7hiNUsHUGBA-FVrJzgNhjV8SrgEOGJxi7H4Pq8gPawOvZIvCWsOjvt7RU,Pouya m2,https://play-lh.googleusercontent.com/a-/AOh14GjSdcXVy06SfZOAWAZpMfBzuXtCpjQY33x0pxCh6Q,Perfect,5,1,5.3,2015-04-06 05:28:18,,
gp:AOqpTOHG3fbnWLBT2H4TaftDd36RjXXFvRnKnfIkjnYmaaTDVWI7HJnFimAqxaxdGkEWBH9M4553j-bqjGd73xQ,Kyran Maloney,https://play-lh.googleusercontent.com/a-/AOh14Gintw2zEIhUf_jL5TmU8qH-MBRYa1KsNtVMq8gA,An indispensable resource.,5,1,5.3,2015-04-05 07:46:38,,
gp:AOqpTOEipEGDD_BVgncvDsTO_fB3tLoPcIrlIuYzKJI4qVvYyKynW_fZNG0a6Uh5FNFFF3QptlLiS48dBEBKBm8,Anton Hazewinkel,https://play-lh.googleusercontent.com/-0pdzgBWp7Qo/AAAAAAAAAAI/AAAAAAAAAAA/AMZuucl6-0SH_G4feAMyr6iwp-psijQbJw/photo.jpg,"Have been using the browser version for many years on my notebook. The best site for English pronunciation as far as I know. The site does not work on my phone, so I purchased the app. Happy to donate, but I would gladly pay 4 times more for a more intuitive app and an offline database (even if it is several 100 Mb in size). Currently the app does not seems to do anything more than just sending the text string to their database and returning the (good quality) voice prompt.",3,10,5.3,2015-04-04 11:21:45,,
gp:AOqpTOGgkf6CRYpUfrCBbKYSJLtvdgDP5RLP-EnVGAIUcnXds9kA9Nqxifj3R2HElJaoIG8Bo1dnesyJA6d8Fok,Terry H. Nelson,https://play-lh.googleusercontent.com/a-/AOh14GhFxJJQUeTIQlNG8aMsBZCusKLRDLZFNtevTwncvQ,Best Pronouniation Help Out There,5,1,5.3,2015-02-21 10:38:41,,
gp:AOqpTOH9RKq9I7KSSrSWqAp9tCk53tzPnjDVwy3LDC2D7aJ6HMNb6cb9CDwo4bO1oSJPDB_5i_ncZbBo1NqiD6M,Zara,https://play-lh.googleusercontent.com/-eXqNLaBt8fg/AAAAAAAAAAI/AAAAAAAAAJY/AMZuuckVT8liwnDL0_wm3rfZUpCS0ryiOw/photo.jpg,Great app! Probably the best out there as far as correct pronunciation is concerned. The diction is clear and the pronunciation is pronounced. No complaints whatsoever. I really love it every time I use it. It gives me joy that they keep improving it. It's the best!!,5,2,5.3,2015-01-30 10:10:54,,
gp:AOqpTOFAlnODhCLhps5h3YJdCOiAWJzcEFta9F-gerFL_CBcSLH-0lHMKwHnEQ2CHk-4WiClkmDE4MT5g9Io3A4,Frank Sherman,https://play-lh.googleusercontent.com/-meHHYVw-Kmw/AAAAAAAAAAI/AAAAAAAAAAA/AMZuucm9jQDMHzmkIjnCjB9ZrwdSAXxvHA/photo.jpg,Excellent; always on the mark.,5,1,5.3,2015-01-01 17:04:44,,
gp:AOqpTOHKCCe3wdf3iEr5p3Mxu2t6v1RWTgKhAsODbY7Imi013uwkEhuguytDdth5NIJkaOG61kVYTkPvX9l-Q1g,Maggie Bostwick,https://play-lh.googleusercontent.com/-fAUbnBkF0lA/AAAAAAAAAAI/AAAAAAAAAAA/AMZuuckBk3JSDp1AaDGlpFc45Y0avE4OPg/photo.jpg,Easy to use with no limitations.,5,1,5.3,2014-12-28 01:52:15,,
gp:AOqpTOFSvtR02_eKZbY5qJQLjDFaRcmNeJKCBD0pAUBt-FeYasV3li3uL88sR7SDd-X06I03mOW490mRRa-8YSs,Trevor Vaughan,https://play-lh.googleusercontent.com/-8YJQvrADaT4/AAAAAAAAAAI/AAAAAAAAAAA/AMZuucn3SS1my0hcH5o5e80rDgX-kbNU5w/photo.jpg,"I use this app and the howjsay website when looking up medical words and I think only on one occasion in the last two years have I not found the word I was after. The pronunciations are from a real person. He also gives the American pronunciation where there is a substantial difference, although I don't know how comprehensive that feature is as it is not of interest to me.",5,5,5.3,2014-12-11 07:02:07,,
gp:AOqpTOEKExqM0WTTU6kp0u4XTtgJVzvLXIIrYuIjMA9DJ927qPW_O4UQlh4Psjw3fqY_DAuQ60CMaqLTzWUMdKs,Arsha A,https://play-lh.googleusercontent.com/-elnQkbYLdFs/AAAAAAAAAAI/AAAAAAAAAAA/AMZuuckhCHhfhsgoo5k036KAOIftix_r8g/photo.jpg,I LOVE IT .,5,1,5.3,2014-11-17 13:16:30,,
gp:AOqpTOEEtuHRbWAfb9ZiRd-B6Gmcro9zcSUnfvY6qlEOw4vmBQlj2wdXcXG94ZBbBzL9zyNJRCxrfmuu82Kwr3k,A Google user,https://play-lh.googleusercontent.com/EGemoI2NTXmTsBVtJqk8jxF9rh8ApRWfsIMQSt2uE4OcpQqbFu7f7NbTK05lx80nuSijCz7sc3a277R67g,Fantastic,5,1,5.3,2014-10-19 01:08:36,,
gp:AOqpTOF0X31YN8wx1pP6niQalDdsf5OyHh_eu4aY6a3pnFU8MEGmRkBbN1XiVVy3ODr71hKVl5kbk4xJ2Qtv4Bo,Pamela Holmes,https://play-lh.googleusercontent.com/a-/AOh14GjEthmnHtiUQuDIegxkf68sS8vbPQlpFUvnYZAAHQ,"The voices you hear are real people speaking! Can you imagine that? No automated pronunciations allowed! I use a dictionary app on pretty much a daily basis for severeal reasons. But sometimes, especially if it's a more complex word, their pronunciation isn't clear - like it's dropped a letter or there's an overlap of syllables. This is a refreshing change not only because I'm getting a clearer pronunciation, but I can get a quick translation and pronunciation in a number of foreign languages.",5,6,5.3,2014-10-08 17:24:23,,
gp:AOqpTOHr_DA6f-SGZTbnYJuWEdCiLsTXcO7rRNceaOWyw9xBnRNOlXzpxEzUBl6pKjHSOw2oR6I7OCwaFn8W0kg,prashant singh baghel,https://play-lh.googleusercontent.com/-MR_xAixT5IA/AAAAAAAAAAI/AAAAAAAAAAA/AMZuuckyIPLV8xuX5qNfPd-9NMt0NGDYmw/photo.jpg,"Its a nice app and will do a great deal of service to 'english as second langauge' speakers. May be meaning too can be added in the app, since people looking for pronunciation of a word donot know the meaning too.",4,1,5.3,2014-10-07 20:46:11,,
gp:AOqpTOHwiXe4J74yykOfMq7lDYPp2CeF9nOGlBa1wOJSwjhOkqxLEFSZa1QZRfW05i1oaj69ukgoMnXwBk6i7pw,Tahir Abbas,https://play-lh.googleusercontent.com/a-/AOh14GigGHHr70IkH3MHOUNVxBZqPBrHp__0WZmTn2kvgw,The best app available for pronunciation. Really clear and pronounced. Its so worth the money. Good job and full marks to the creators!!!!,5,2,5.3,2014-09-14 12:00:40,,
gp:AOqpTOER81aGgixTfXI8YMPraSZ4wydAsBYye-YuSQk_Jo_LxwrogB_pzN9_eEeCemFk9_zEqiOpHVmowzgnHfw,sara saba,https://play-lh.googleusercontent.com/-HeWiAYKi3NU/AAAAAAAAAAI/AAAAAAAAAAA/AMZuucnIajd8g-wR20kSpJN1VyVIMklEjw/photo.jpg,Realy very helpfull for me because i did nt know english n worried about pronounsiation.now i am perfect..love it..,5,1,5.3,2014-09-14 04:19:01,,
gp:AOqpTOH8bc18byebdPRyGmsNlEWogaSeTu3UkGSFR9lesVyjx3PuXSy0q-DIv7O8LCQb5vS40uJX-VtgqTOnSls,Dennis Aslan,https://play-lh.googleusercontent.com/a-/AOh14Gieu7qV1hVYMUjrOopkA0BC1e__5K-T-p3VMM51,I recommend it 4 anyone who has trouble pronouncing words and English is their  second language .,5,0,5.3,2014-09-05 13:59:33,,
gp:AOqpTOFdCl4gEoziZ62mKXEoReukARnc7sduylZ1drsA-SNHALWay5HRT8xZD7Ja_fWoY7jgXpUjhljtVHmkM3k,Drakov I,https://play-lh.googleusercontent.com/a-/AOh14GgAczH90nQh3c7KbIdbUeraihngo8HRC8CZY5y3uQ,Paying for it? Not worth it. Is not even that great for pronunciation because you cant record yourself to compare the sounds with the correct accent. And finding word by word when you want to learn how to pronounce a sentence ? Too much time wasted! Im better off using text to speech apps.     FKN GREAT... now is not refunding even though I pressed the refund button before it expired. Now is worst than bad for a paid app.,1,7,5.3,2014-08-29 11:07:19,,
gp:AOqpTOFQ-wSgNoNl5Vvci-bbwA7egvezCn6T9uaBJlxCnenbPUHWbkOI-9NvWZMaQ1Z8wex5mSDQ6C8HmgyiXVs,Fernando Trevino,https://play-lh.googleusercontent.com/a-/AOh14GhHJqNvrNnMx2thylWA4FH5qIpkdRpLrHi6J5MeSQ,Only UK accent. Some words have a low sound level.,4,2,5.3,2014-08-29 06:23:14,,
gp:AOqpTOHifkZb2PFknnT1TCojGfLjMjN8Ohjx34hewrHBkx6Np5J-Pfy6UVEhGhRjYQxKWRdcPsJ3q0TNWNtJ_m4,Gideon Owusu,https://play-lh.googleusercontent.com/a-/AOh14GiJuua7K9ByCARTYgW346WmdXCdIaERUuFUn7fzkg,Nice and easy to use. Worth having. I recommend it to anyone serious about his english.,5,2,5.3,2014-08-04 15:25:12,,
gp:AOqpTOH9n7S4sd14PxygTA2bbk9ljmVPF70XSwQv9rpab600HVHtSiCsFwG7e8cnLUf7rO9Fvvk4MHVuaOWD9cI,jessica reddish,https://play-lh.googleusercontent.com/a-/AOh14GiD4tLbVqNGV9YrjqcnRBl5_I0NQSwE8ykYJM-fAQg,Amazing find!  Thank!  Please keep updating it!,5,0,5.3,2014-08-03 12:33:17,,
gp:AOqpTOHaOcM73_n5TNuWbFH84G49pGj75Jsn7XQ6fooiicrUNcTpn7EAOo441RZTnbVUTmQTuQjjaC05my3stdk,Safak Mert,https://play-lh.googleusercontent.com/a-/AOh14GiIHO9PTbl21YpdBSv5QOw1N5shxQcCGH9ZMIu9Dw,Even the pronunciations of very rare technical terms can be found. Very interesting and successful. Thank you so much.,5,1,5.3,2014-08-02 14:07:31,,
gp:AOqpTOHv5uMzC0V0e1LtSRcJEOiHXdAiiaXXdj_olI_rM8gFCus6wLhLljF23VR2eRde3y7m0bM-YPPz8q2pdPs,A Google user,https://play-lh.googleusercontent.com/EGemoI2NTXmTsBVtJqk8jxF9rh8ApRWfsIMQSt2uE4OcpQqbFu7f7NbTK05lx80nuSijCz7sc3a277R67g,A wonderful tool for any student of English. As a teacher I have successfully used it in class activities. Keep up the good work!,5,0,5.3,2014-06-26 01:32:07,,
gp:AOqpTOHQBX10XupFHtTb9icoU8863Ouvhj4_ko5ezTIbrLzgCJednPq1TOZb02Uct-APe5PNNvJ8KbJYIroVhbY,Mac Inhuman,https://play-lh.googleusercontent.com/-KzMsbNShJcc/AAAAAAAAAAI/AAAAAAAAAAA/AMZuucl0wjlsKzjNNdZzw1iIUtOw77Fnpw/photo.jpg,I use it when I learn a new word and try to make sure that I am pronouncing it correct however it wud have been better had the developer come out with pronunciations in neutral accent.,4,0,5.3,2014-06-08 14:17:13,,
gp:AOqpTOGKZmf9cvvDegJGuGFmNsJt-C31qwrJzwHKBzPAzMpmmpT7gCzFTKSDu0EXalesLuWf0dCjlP8nNnxIu7g,Realm Of Gamerz,https://play-lh.googleusercontent.com/a-/AOh14GjZuEcXzkEe2X-8eZjHR1Y_4zMsknpA1ODaqpqgGw,good but not perfect. we need an offline package because this app is    useless without internet,1,0,5.3,2014-06-02 16:13:23,,
gp:AOqpTOG6jiIueTVs7EZlutuqcnNG3SjjFtBtOLdrVBhIsFeyBbaYATEapCImhi35Hk4dMuP9BC-_A7vRZQPGR14,Victor Morales,https://play-lh.googleusercontent.com/-xQcVJMLwgDw/AAAAAAAAAAI/AAAAAAAAAAA/AMZuucnnqdppkutvh1J3SG0SjbuzEPahEA/photo.jpg,Awsome,5,0,5.3,2014-05-11 19:24:20,,
lg:AOqpTOHKCnFFZ4Ry7cw7EfbAOcSTnRDZyZRz8MoFXqJeALmYhce7qPIrpX6M7kWb754ggfkulmHZjw_dWM_0VX0,A Google user,https://play-lh.googleusercontent.com/EGemoI2NTXmTsBVtJqk8jxF9rh8ApRWfsIMQSt2uE4OcpQqbFu7f7NbTK05lx80nuSijCz7sc3a277R67g,GREAT APP WOULDN'T KNOW WHAT TO DO WITHOUT IT!!!,5,3,5.3,2014-04-10 09:02:45,,
gp:AOqpTOGisBGYuOeMp6ZkoYgzmTaUTQMl33brG7UZvVtoOaPrXO-3VkCZfvJz0Jcmxxn4AYE6gX8RqwjOC-ingKw,MELODY BUTLER,https://play-lh.googleusercontent.com/-xDkUVOl1kJI/AAAAAAAAAAI/AAAAAAAAAAA/AMZuuckxNqqqmXjk0cgMqf1AA2ex2YKtsQ/photo.jpg,It's great to have the correct pronunciation for prescription drugs and medical terminology. Love this app!,5,0,5.3,2014-04-06 18:01:59,,
lg:AOqpTOGXdUTiwqmV0l2PNkgstZwArctEQgXAL1xabtviqutChLCKJTvns38MqVZxMlqZpzWE52XUBi7p-kDf1oU,A Google user,https://play-lh.googleusercontent.com/EGemoI2NTXmTsBVtJqk8jxF9rh8ApRWfsIMQSt2uE4OcpQqbFu7f7NbTK05lx80nuSijCz7sc3a277R67g,Love it. Use it all the time. I wish there was a link to the definition.,5,0,5.3,2014-03-24 15:46:53,,
gp:AOqpTOHTIIQwiJbu5CdRElRfL0sPacsczaxPyWaNKRtfNl0z-hbTauIhMNm-MWhVsE521uZwg11qGNKf56Fi_Mg,iskandar abu bakar,https://play-lh.googleusercontent.com/a-/AOh14GjU55W1O1TD9OhJ1fYHTt81ShcnuTS4vb-y8bepzg,Ok,5,0,5.3,2014-03-08 13:20:29,,
gp:AOqpTOG7r6lDcp51y0sNHRJGlixunGtKhALNGUKLmipdF9iRJ-d1I4_0-E0Bkqm7hR55O9xstXBZGVmHZTFVEl0,Sahil Gupta,https://play-lh.googleusercontent.com/a-/AOh14GjmTxKaTNbq0cW3-vusU2YhcsfHUKZORq2Gl6eGJw,Best app ever,5,0,5.3,2014-03-07 10:24:29,,
gp:AOqpTOGvseYSS0OvbTpJzxJ0GkU0P5RePKiJjTORsxLObIdGi1gnx9aiMfZHpfHTPgLjJ790qa34sw_kUHYmsHk,A Google user,https://play-lh.googleusercontent.com/EGemoI2NTXmTsBVtJqk8jxF9rh8ApRWfsIMQSt2uE4OcpQqbFu7f7NbTK05lx80nuSijCz7sc3a277R67g,"A predictive, cumulative index transcends it to a must-have. 10 Stars!",5,2,5.3,2014-02-06 22:54:48,,
gp:AOqpTOE7ESwHCwK4au-SLUahkPAFwlW3OOdgWycO5QQMZxe6gXXaTjwtFyt6AMKLClUkPCe-DXiB0pjrLwZV_gg,Pablo Ramos,https://play-lh.googleusercontent.com/a-/AOh14Giz7Z6BzAGcjtpZJNJZ-aGdLl-LyhrEVLJphz1_Eg,"Well it should say to begin with that it has british accent as the main on, i find it particularly annoying",3,0,5.2,2014-02-01 01:03:25,,
gp:AOqpTOH1UtZpbJw_3DJhQlvLfjeUibz0f50nX1UBoNAGUw_KbEeYdn4UxSmcyZpG7G7w7EvVP2RaoAIxSY733qg,A Google user,https://play-lh.googleusercontent.com/EGemoI2NTXmTsBVtJqk8jxF9rh8ApRWfsIMQSt2uE4OcpQqbFu7f7NbTK05lx80nuSijCz7sc3a277R67g,"Finally, an amazing app that resolves many an argument regarding pronunciation. Can't manage without it. Huge thanks to the developers.",5,1,5.2,2014-01-30 21:59:32,,
gp:AOqpTOHe7azdU-UJ0MLEi4LMIQJbF7BFnFY6JD1vlayWw5z_qWlYv-OSFsEknM2sIziDHv_DrLi2eEp3GC0TNCM,Mary Jeanne Creamer,https://play-lh.googleusercontent.com/-rdkzr7KIYmE/AAAAAAAAAAI/AAAAAAAAAAA/AMZuuckKe0xsRUTR1NUCkmXcodK6PGQHqA/photo.jpg,Great. ..love i,5,1,5.0,2014-01-21 10:56:58,,
gp:AOqpTOEY4JsaX_mbKhw32SxBRMvn13yLXQB2OCBMt_pPBKaU3fao3689-3741uDriqloCQDk1TwouZcjujJqG5Y,jen fernandes,https://play-lh.googleusercontent.com/a-/AOh14GhLiRxPfj3NFwhTWZwh2TaAEZ1ZovYJAN3oQk-4,An excellent app...I'm a teacher n this app really helps when one needs to pronounce each and every word perfectly....thumbs up...,5,1,5.0,2014-01-16 10:22:07,,
gp:AOqpTOGzylPw9Sw6MAeSYfG5pwJZq4ILDL1nNLZdoD51H7a5N5bPBuMWvZ68uIwj_TQ8FV17iZFY0CWJzeN7z2w,mohamad ali,https://play-lh.googleusercontent.com/-DQIj-xCmOe4/AAAAAAAAAAI/AAAAAAAAAAA/AMZuucmm3A-Xms5UbfZy6SMhOoXxf7X_nw/photo.jpg,Good,4,0,5.0,2014-01-12 17:31:08,,
gp:AOqpTOEoXaVeONT34m2dIphy2sTsO1QwDIAW2kjepDFgoYGtDIButNqLaDq_px1W5ahU7u8JUI0kvKnSgnF1xEc,Zoe Higginbottom,https://play-lh.googleusercontent.com/-7UecmVUzvQQ/AAAAAAAAAAI/AAAAAAAAAAA/AMZuucmeA-20vqDPgZjCDbdGO5dbbBHc5g/photo.jpg,Had this on my iPhone this the best and would put it on everything.,5,1,5.0,2014-01-12 00:39:51,,
gp:AOqpTOH0CahkWWYXrLlfmtcc3unnR0-iGXfMEOy453hskap2eWcs3gGpnWEsHjM9YWC26_DAnOjBK87QEUVHGqo,Brian Medhurst,https://play-lh.googleusercontent.com/a-/AOh14GgHTc0TO6Phxq1vt68_wvJ6jPzHfI9PYnzZomGDddE,An absolutely superb product,5,0,5.0,2014-01-07 13:41:56,,
gp:AOqpTOFVSzq2vS3uTXgozLyNx-gcNXGps6PfbEcqDFMNXcZVhr0v77RVLxqX8_tyjggrLVPTgu4q3hzAdQlKCxE,Gordon Johannes,https://play-lh.googleusercontent.com/a-/AOh14GiKnb5ze6M93i0KyVjrDMeRTH8Q02lAzor5ogydgA,"As a perfectionist, I always want to speak correctly. This APP will give me that advantage...",5,1,5.0,2014-01-02 01:02:46,,
gp:AOqpTOFhIFdzJAptXNYxw6AwLDh4GowRE2sXjGybSBQMA2Cdimjl55C60hbNiB7c_B7ol872EQ3_fncv6yyTMEI,A Google user,https://play-lh.googleusercontent.com/EGemoI2NTXmTsBVtJqk8jxF9rh8ApRWfsIMQSt2uE4OcpQqbFu7f7NbTK05lx80nuSijCz7sc3a277R67g,I use this app a lot for medical terms. Also for words that I'm not sure how to pronounce. English isn't my first language so I use this app quite often. Kudos for Jay!,5,1,5.0,2013-12-27 13:02:37,,
gp:AOqpTOFBBdMw2uB_2X86odxZmjwcMJqBV-AGBf0PABnG8ptTXU7MgJAFg1GW5gbOLVb5It8R2VPojsIaKnLBXto,gerald fraser,https://play-lh.googleusercontent.com/a-/AOh14GipQBcPrMx-kJvSEuZoIih0Kq6hh0olPrLzZIgDPQ,"I came across demosaicing for the first time, and this app was a big help :-)",4,0,5.0,2013-12-15 02:28:42,,
gp:AOqpTOHc7vWCMbQ9aOnVtE9IAQz5Ty2G1EiOiDUuD-CxMokK9M4hywdgZfTZ2S9bz9iUApqjKfj2m18FibJ1p0g,Nisha Ab,https://play-lh.googleusercontent.com/a-/AOh14GgySoZ8VlJSGOutcm3o_qYgDPPF2Z1AcIIpLsmVl-Q,very grate and helpful,5,0,5.0,2013-11-29 19:32:17,,
gp:AOqpTOHy1T_yPf9Q07PbHdS90uQDbYnHBUylBlZMiJsaoxmyt3jQuo3zMp4JZT6-y4-GImvjzn0vvCZJvoFApDY,Greg Stultz,https://play-lh.googleusercontent.com/a-/AOh14GizV9yvaxz2dEpytxB6SmyaS4XHikqqzTo5MOVq,Great app.,5,0,5.0,2013-11-16 06:55:58,,
gp:AOqpTOFFjIDpvN6ybozKnTCF_0B17P59zjn9j4A_UkNU9dnvL36G8897CJ4QduDI4FmNMpxD95F2rWajUAI0rMo,Carrie Thurnau,https://play-lh.googleusercontent.com/-EVNOn_e7saw/AAAAAAAAAAI/AAAAAAAAAAA/AMZuucmV2O2rEpqBmLK0UagD5q25Dh1dKw/photo.jpg,Easy to use.  Some words are louder and clearer than others. Would be great to have an option of an American accent,4,0,4.5,2013-10-30 16:21:41,,
gp:AOqpTOHO9qXQtMWwYCboUPxQwhlvAtuxJ-7n-5s-U_JM6tWSzEul_7F3FUgmvIRjG68Ph3QLBzUIEoSqGd9UB_o,Anthony Wiggins,https://play-lh.googleusercontent.com/a-/AOh14Gh8GGRJEtZY4awH8ia4MMPToSSMXn0M8MlVFKq4Mw,Could not live without,5,1,4.5,2013-10-25 19:06:36,,
gp:AOqpTOEPlt4a8ByNduPJqVFHe7uvwEr4Zwm4FYcTp7_RViCaBH58b6XgExpe3-hSjeNQTYyYaurmatruxmHt29k,AbdiSalam AfricanDiamond,https://play-lh.googleusercontent.com/a-/AOh14GhVYSZPNHGkx3w5VrTzv3VNah1OFDGGL-KjKL0JlA,Very helpful,5,1,4.5,2013-10-23 21:04:51,,
gp:AOqpTOEBkG8aXfzmgtbwx_TdBBJ9EbUXpZJvhDYAH4H33mQnWpoC0kr8DIjXgFMtyYKCufBgyudfqiiyoflskW0,Pjay Pender,https://play-lh.googleusercontent.com/a-/AOh14Gis1lAqVHoGwUSJJVigjfXsqvCFsxjlAHsTBePTnw,Very useful tool!,5,1,4.5,2013-10-14 20:05:15,,
gp:AOqpTOFuia4H9g4c2gV5iLzDeFp-QX50uPkbbZ08ojZsPehYz0eS1koLZQR1YuSE2H52zSPIh6Kye2cHIoWDYOQ,james barriscale,https://play-lh.googleusercontent.com/a-/AOh14Gh8YDSphKfebUNqP6UZGZm3aQs-shnSy4WD0zD6Fg,Essential.,5,1,4.5,2013-10-05 15:03:39,,
gp:AOqpTOG83s1JOPR0sF3S-2GwdGL1YgNYYKPSIhA9tZNkAdZom_p90WFgrsr7CMuPJ6tzZnW1DfhXcsCoukhEU3c,Kate Kennedy,https://play-lh.googleusercontent.com/a-/AOh14GgN4xV7U7obxsXt7cjErrjsbv0jXlGskO5ZM5WpVg,"Very useful for my studies,  with the added bonus of keeping me amused when my brain stops working. Hearing him say bla bla bla is just what you need after 5 hours of medical ethics texts!",5,1,4.5,2013-09-26 04:40:39,,
gp:AOqpTOH_9v5q6PdAbdbxw9uckH_eIThjCKxmPRCfwGcVSR6zleUfeNpLQ93OgZJlkJf29QlOVD3dbSnaXqILl0Q,Rhona Neilson,https://play-lh.googleusercontent.com/a-/AOh14GifAhGqdYyyUbqqMHtiY6dWb86tqEw8xtgikE_X4Q,So easy to use. Take a bit to down lot. It a must waith anyone with reading prob x x,5,0,4.5,2013-09-10 07:22:04,,
gp:AOqpTOE_yvTX0snLVJC97HJ0vxtcAE8-uRNvZ7V535jLGFYLj4QOtK0xVRdYE80s4ZFjFvhyDJuP78Fz5k37E-s,jolie niven,https://play-lh.googleusercontent.com/a-/AOh14Gi2MBzh6_we_oKKUC79LiQnLMr1tPAFtEWks_G1,Great app,5,0,4.4,2013-08-29 06:57:18,,
gp:AOqpTOHoGRoyw2m7Z-zikFeNDdHMG2Rl5YMnIa1gK9kZYvBGOdRYehQbrbs03IFgOGJhh1dZtbyDH_LHBmJfVGc,Alicia Smith,https://play-lh.googleusercontent.com/a-/AOh14GjvV-zGX66905ZDGwWktTypOGjFdJMB3ORfy00ocg,I recently began taking classes  like medical terminology and anatomy physiology. this app made understanding the text and studying so much easier.,5,2,4.4,2013-08-23 05:05:58,,
gp:AOqpTOGu13-AEYsTPwFPiJMfzDYFRGXZ2ix73TZ_y21o4Ba5VzbzzPUrPH4j2Krq59RCfb5sJxs5VnMXNEbQf_E,A Google user,https://play-lh.googleusercontent.com/EGemoI2NTXmTsBVtJqk8jxF9rh8ApRWfsIMQSt2uE4OcpQqbFu7f7NbTK05lx80nuSijCz7sc3a277R67g,"That would be just perfect if after having found a word you could search for a new one right on the same page but you have to click on the icon, then home, then search and finally you can type in a new word and, of course, if you are working or studying hard this may be exasperating. Please, improve this aspect and you will get 5 stars right away.",4,1,4.4,2013-08-17 20:17:44,"This was possible by hitting the back button, but has been redesigned in in the latest version to make searching again even easier. ",2013-08-17 06:09:51
gp:AOqpTOHHeki6dRPBVNuDx6W3iDcfM1HkDWPlWCp8JmnuYcIjmmkp9Wln8W123dggpO9qVu_zxUVY9UzHHQBtz8Q,Tejeshvi Rane,https://play-lh.googleusercontent.com/a-/AOh14GgOUJHsHzPoScrj7Fq_7eu2tg93zE-ERBkvl6UUeg,The best app ever for knowing pronunciation os a word!!,5,0,3.0,2013-08-01 23:20:29,,
lg:AOqpTOGCYD9Fw_o9dgA1ibHjFXeFie75zjg_KDtJbQD9422rm8aUmjFYLOQ4MW7VaKN4-DvGnRkl6sygt7wafXk,A Google user,https://play-lh.googleusercontent.com/EGemoI2NTXmTsBVtJqk8jxF9rh8ApRWfsIMQSt2uE4OcpQqbFu7f7NbTK05lx80nuSijCz7sc3a277R67g,But still ok,4,0,3.3,2013-07-22 04:26:25,,
gp:AOqpTOFmGl6G8ShJr9PVWEBAs3Uvbcz0slpsu0BY0c6fEkQWd2eez8wNRdUo3w405alrIxqiNT-wVT4u8WTyo0k,Robert Moore,https://play-lh.googleusercontent.com/a-/AOh14GjEyFrq8TeF9_8742cc5CZur4m7zrznsO-HL_5zAA,I use this on my desktop all of the time!,5,0,,2013-03-31 05:07:34,,
gp:AOqpTOGxbDu9ULdOSce8snpgrktTk_RNSUQGlYN40R2sJ1dnJSsiI_O-YTywMjVcVVdS8cmJE45zIJc4aN_po74,Tarrah Spencer,https://play-lh.googleusercontent.com/-ulwJszRy4rE/AAAAAAAAAAI/AAAAAAAAAAA/AMZuucm2eWndz97XVEmF0R4cro_4uL9crA/photo.jpg,Im in nursing school and this helps me out everyday!!!!  Great app!!!!,5,1,3.0,2013-03-06 05:12:17,,
gp:AOqpTOEwkLxClMOFswMud0g6XhEuoe4lkUMXqcVDMJDjEy4vY0vaiil9z5JasIRhdi9dAtytnIINwibff9Go_C4,sameer dhanumali,https://play-lh.googleusercontent.com/-8naEfikR88w/AAAAAAAAAAI/AAAAAAAAAAA/AMZuuclysBZcQndBCZnrHoQDqqADoUIlSQ/photo.jpg,Why not offline why apple way so many offline free I regret for this paid one,2,1,3.0,2013-03-05 09:25:53,"As described in the listing, the howjsay word database is too large, and is continuously being updated. There is of course 1,000 history available offline.",2013-08-17 06:12:16
lg:AOqpTOHLGFkfTK66V379JgPLmYBAPCycHJYy0hTB_b6FpeT-pbmoJXq5ldGSoe-LVBUNOqr96QI5cqBRxeuAlUw,A Google user,https://play-lh.googleusercontent.com/EGemoI2NTXmTsBVtJqk8jxF9rh8ApRWfsIMQSt2uE4OcpQqbFu7f7NbTK05lx80nuSijCz7sc3a277R67g,this app sucks in android,1,0,2.0,2012-10-29 13:42:13,,
lg:AOqpTOGebalrOCwzH0pGF84vPH0k-wAJTCmCp-LbaylzixevByEu8gdI9uBEZ4xZG1Aje-M0-InsX7FNw-psxvg,A Google user,https://play-lh.googleusercontent.com/EGemoI2NTXmTsBVtJqk8jxF9rh8ApRWfsIMQSt2uE4OcpQqbFu7f7NbTK05lx80nuSijCz7sc3a277R67g,"Best app for desktop however not suited for Galaxy Note, words not visible",3,1,1.3,2012-06-14 08:05:15,,
lg:AOqpTOH7tbk8hm4YuTvtIqJsiUjnw74Tbrf5kcJYA6lgE89AmfuCihDrEBnvsPGkWTfB-wLagf_6WNhYy4FXf74,A Google user,https://play-lh.googleusercontent.com/EGemoI2NTXmTsBVtJqk8jxF9rh8ApRWfsIMQSt2uE4OcpQqbFu7f7NbTK05lx80nuSijCz7sc3a277R67g,"Would be good to see a history of searched words, as well as a link to a dictionary definition of the word on wiktionary or similar. Otherwise works very effectively :)",4,0,1.3,2012-05-12 07:40:12,,
lg:AOqpTOHmhc-0wGyvNJ2SWpri_cogt3UM1YXXJIYvQljtrl_z7HcPDXKIIqcNz1f0ryRtddtS9H8b3rFnreGTSl0,A Google user,https://play-lh.googleusercontent.com/EGemoI2NTXmTsBVtJqk8jxF9rh8ApRWfsIMQSt2uE4OcpQqbFu7f7NbTK05lx80nuSijCz7sc3a277R67g,Grrrreat!,5,0,1.3,2012-03-26 20:48:12,,
lg:AOqpTOFTHu5pyuj3npaQlQLJ4uXPvP0Dq87gqHZa2xn5KXMFOEjBwtC00VBW9g88w5jW9yl5_MvNypAFqDNON8A,A Google user,https://play-lh.googleusercontent.com/EGemoI2NTXmTsBVtJqk8jxF9rh8ApRWfsIMQSt2uE4OcpQqbFu7f7NbTK05lx80nuSijCz7sc3a277R67g,My only complaint is the inability to access the word history without typing in a new word first,4,1,1.3,2012-02-19 17:14:25,,
lg:AOqpTOGI_cZlW-4QpgCjZHaDr0aqOw5x-fhhAxPnKgKQ14xG0xRbB3YlXeG4fYayuZnkgGEiNrx6_J2yBCzP0vc,A Google user,https://play-lh.googleusercontent.com/EGemoI2NTXmTsBVtJqk8jxF9rh8ApRWfsIMQSt2uE4OcpQqbFu7f7NbTK05lx80nuSijCz7sc3a277R67g,Sound quality could be better,4,1,1.2,2011-06-13 04:47:09,,
lg:AOqpTOEdw1NnZ0oCmDFE2SYeXN4l6Kq9w1OACOng1U1zO97hWpFh3ChFIKy6pG3wBQOwuFwS_HR06pPR3xRaAds,A Google user,https://play-lh.googleusercontent.com/EGemoI2NTXmTsBVtJqk8jxF9rh8ApRWfsIMQSt2uE4OcpQqbFu7f7NbTK05lx80nuSijCz7sc3a277R67g,"Exactly what I was looking for. It could be enhanced, though... Like users would chose which word to save for offline usage, save them in SD, etc.",3,5,1.2,2011-01-11 11:15:49,,
