reviewId,userName,userImage,content,score,thumbsUpCount,reviewCreatedVersion,at,replyContent,repliedAt
gp:AOqpTOHhJ3gipiiffadffU3I8QlBFwSDQnj_BlzFxM4LW4v5faZFfBkq_FS6DciQ8ygWsCwtM09ZTi0ZI4vL9Q,Clear Mountain,https://play-lh.googleusercontent.com/-E2i-H8cSHM8/AAAAAAAAAAI/AAAAAAAAAAA/AMZuuckQJqKaJ3jRMV1e3Wu8dgAllT8P5A/photo.jpg,Heartfelt story with unique gameplay and art style,5,0,,2021-01-03 06:22:41,,
gp:AOqpTOF30Zu3dznrJzV-6phF6QDbZbT26sVCTVL9tFT8o9jTkuHpv0iOdtKRVjSr8Nrss6n1GQwxywx4wQPuCg,zippity dooda,https://play-lh.googleusercontent.com/-8Vlinfzk0vE/AAAAAAAAAAI/AAAAAAAAAAA/AMZuucmoN9IZCOcQ4D4jMO5Q08TfzDEpcg/photo.jpg,I would consider this an interactive way of learning what is most relevant. Thank you. I hope more are created like this to teach the old ways.,5,6,1.0.0,2020-12-25 00:28:11,,
gp:AOqpTOEv8HHlfbtQx7bq3Ajnhz2vgOap5_T1h7N0T5NZFBJpuXAXaCTLc_eF2bH4hL_xtVuLb7Ww-WDZfTpDvQ,Quiver Paddleboarding & Windsurfing,https://play-lh.googleusercontent.com/a-/AOh14GhilIVXLbdRH3_Lrzc7jXD09r076KJr2Qq6lu8L,Amazing,5,0,1.0.0,2020-10-25 03:53:46,,
gp:AOqpTOEIibJWNjorYeOu9pfU1jzqqmQeuj8urdZECx3GHuLDmHE4Pimze0BMiqp7GRY1ei9lQX_pThEW5XWqcg,Sinead McCarthy,https://play-lh.googleusercontent.com/a-/AOh14GgqBE-AcwsjHv5i2pwLIB0f-ABARl604lUzeWck,Stunning game. A beautiful way to preserve a story and to learn more about a culture,5,5,1.0.0,2020-10-13 01:15:11,,
gp:AOqpTOHTVqgmO_w246DK1JCXPmQYMrKzTFiU7UTMM-GbhijFpI04altgjM3jBdyMZIXRmuXl-cWB2UAQcPPXgw,Steven Brown,https://play-lh.googleusercontent.com/-F0xGQnlayz0/AAAAAAAAAAI/AAAAAAAAAAA/AMZuucl-3j0QGn88LtPxHuz-yrWf5MK8dA/photo.jpg,"It made me cry call me what you want im all man, but im still a human being with feelings, please keep making games like these please! I will buy ever last game until i go broke! No one should have no negative reviews at all about this game FACTS!",5,2,1.0.0,2020-09-20 06:56:07,,
gp:AOqpTOEWZ34iP0MVr6EhAVW8QHeby7itQIVXfddWONOcbInrYrRjqmoprKCVTA8d1hxfneb2rOuRxmBDhHanUw,Cedar Green,https://play-lh.googleusercontent.com/a-/AOh14GiDfF5ycCrKt6iYRb2CVqF77ieAyFL68eMR2JoT8A,"Really enjoyable game! Beautiful graphics, wonderful storytelling, and also educational.",5,16,1.0.0,2020-08-14 10:27:05,,
gp:AOqpTOErBIExdfleX5BV8wXeCbj_am-oCGIVh9Vazj6mo1-OUxQ20B_gtKKVemTFI9_bH6Xji4uYSDxfFoqo-Q,Don Schindler,https://play-lh.googleusercontent.com/-leVtRjNvWdM/AAAAAAAAAAI/AAAAAAAAAAA/AMZuucnwioxCfphLyL-sExmW3LtJ_6M0ZQ/photo.jpg,Fun chase game. Winter rules! Some Eskimo language.,5,0,,2020-08-10 23:50:10,,
gp:AOqpTOGdqQXlKeAvicJrT2PeAFx1H3zQT-PC2lx8t7Fd3ZsCemMxuJ6RCXrMXuw2MrPX7mdEUPoXuIpkS6-lyg,Sujan Baidhya,https://play-lh.googleusercontent.com/a-/AOh14GiDObhIUT9VuedrWkKAZE6wd8upwvCBvaP4LxRqKA,Awesome game. Already completed all the levels.,5,0,1.0.0,2020-07-27 18:02:55,,
gp:AOqpTOE2QF1XsNbMYMp4m2e3yQJOa0VfoT0oGEuGhEJOOkblaWICh2Cu6hwSQtavsFzywiKi9UHaB9CzaoHZ1w,Jack Haroldsen,https://play-lh.googleusercontent.com/-L4nPsJknEBI/AAAAAAAAAAI/AAAAAAAAAAA/AMZuucneQEP0v3x76ZC-Si61uGAL-guiHw/photo.jpg,Love it,5,0,1.0.0,2020-04-29 23:33:04,,
gp:AOqpTOElgVXY3I882oNZvFSotJXuAcHTu5ZSxyoT_5jOIXj-b6kLn62hTIHyPKstKtrl9kGljqEogbapVK2I0A,Entertainment Media Freak,https://play-lh.googleusercontent.com/a-/AOh14GgWLn42aMOIA-K4_6q5mdxi5SpMkHDpgp_2GO4uug,Love it.,5,0,1.0.0,2020-03-31 11:19:23,,
gp:AOqpTOEXb13ZcEwB7LUrJQUT7rYPfY5wnz3ZIX5vhgZk1ZH4dQzBVKUMKErVjFA6t7RNw3AJI9cUevAzfl7Uag,Anthony Micha,https://play-lh.googleusercontent.com/a-/AOh14GjfThowcBuIFlKqg8s4kqjlN8-27ysUCnWoGpKZ-A,One of the best games out there,5,0,1.0.0,2020-03-11 10:44:54,,
gp:AOqpTOEETIVYfQzfiVnz0TnN1XorHYhjbw9zAeihtkJ5CbJoLRBrR6lSX-tWZynFhVMjDgVirpr7MOdl1ctr0g,Danish Rahman,https://play-lh.googleusercontent.com/a-/AOh14GjXep-wfkSslV0podBDoWsx4N_3VnSV_SFH9wWi0Q,Amazing Graphics and Smooth Gameplay,5,0,1.0.0,2020-03-03 23:43:06,,
gp:AOqpTOHnp7wnpw9wFd7V18HjQW_HWWOoboJp6TLe6DMBhhActP4AGAGCZN-hBRgoZAJtmr3I5RA2XsD1PM8MKw,Dana S,https://play-lh.googleusercontent.com/a-/AOh14GiEfXPZphSQKG7RcLILHnRwBVzf1asxeW9eeFx8rw,"I found this game challenging and rewarding. I watched the cultural insights on YouTube, uploaded by the user name Urr Turr. I live in Barrow and am Iñupiaq, so it was especially an honorable experience to learn and hear stories from people I wouldn't otherwise have been able to, given the new society we survive in.",5,19,1.0.0,2020-02-16 23:25:55,,
gp:AOqpTOHKUbJ7sngRd5vpX6HUnpyiOxZfAKD2AKOYu5rKCxVlAEOw5Y2v4AiNABPV_pli3s6Eg_CPYMS1cXh5UA,Febrianto Pratama,https://play-lh.googleusercontent.com/a-/AOh14GitdIfGWXSDHeTgIJAZGzPVIKwMTgXvp1UotVqJYQ,Good gameplay but Too short story,3,0,1.0.0,2019-11-28 16:43:16,,
gp:AOqpTOGEOKU3tTJ7lSGpaE8v4XyAnLokLA4Lhu5ojmurZecbmL_ZP6zz709YzxxD8QKzrvaCVkHcGHN8xOuAVQ,Zaid K. Al Qassar,https://play-lh.googleusercontent.com/a-/AOh14GhpoHziYt2om0HYoDqQAVKrABhWzFqGg4cDekktQQ,"I liked this game so much it worth spending money on, the graphics look amazing also it support gamepad and implement it very well. **Updated review Unfortunately the game hasn't received any new updates since couple of years ago and it doesn't support any of the new phones aspect ratio like 21:9 or 18:9 which are the standards of phones now in 2019",2,1,1.0.0,2019-11-26 11:26:07,,
gp:AOqpTOGEXC-F-tftXnFXMVVPYt4rgOdjCV76eX0g2pxDWQu2ipo2IoX16bLZIByQSivU0aW6oJZ4uPXQ1geHEw,Lycan Mishra,https://play-lh.googleusercontent.com/a-/AOh14GgXFBFd-Enk5WJP45Q0ckBgJnqLy_RRe5BEC5o-aQ,"Thie game's graphics is awesome.StoryLine is fantanstic.Good controls.seriously if you are adventure type, perhaps this game takes the number one spot.",5,13,1.0.0,2019-11-08 08:09:37,,
gp:AOqpTOHphdtMmqLOWuGEUxtluMSnonTcg6bXMXPSq5sgcVCA9NMmQXdSrBhGLETqi97szbbsh5c1OXRwkXFWjA,Ahmed Slk,https://play-lh.googleusercontent.com/-V6K2l_aXoHE/AAAAAAAAAAI/AAAAAAAAAAA/AMZuucl-JRnXGKJ9V63qEAj-lrZEQu4opQ/photo.jpg,"Just wow, this is one of the best, if not The best, game on the play store.",5,0,1.0.0,2019-10-31 16:48:27,,
gp:AOqpTOG9OZGmhoG874yB6L2qNQqKgpjbtGC8jkNL9_ZH5I6ygO_Wq6CmFMm4nB-OFk00JaOhYqTHUwSjHl-NmA,Adnan Bukhari,https://play-lh.googleusercontent.com/-j17HmOOadBI/AAAAAAAAAAI/AAAAAAABBuc/AMZuucmUfMaRkYY22rc-L-QE-TnEA33cXA/photo.jpg,"Some sections are almost impossible to pass due, like the Whale Spirit level's swingrope.",5,1,1.0.0,2019-10-27 05:35:56,,
gp:AOqpTOE3lKxZeOOxNhoLOo2FHav9u9IJ6JgIfcI3ITkjyErSZrQsQwUzD9vh2RfTGzBJKLWan824vTgYKguyzQ,Gustavo da Silva Vieira,https://play-lh.googleusercontent.com/a-/AOh14GjaGOZswAXEdPA-spwWoTQIEZ4fWt0Tz6U0S2wMrw,♥️,5,0,1.0.0,2019-09-25 03:33:39,,
gp:AOqpTOH9rjWOhq83-ZyTOe9bR8MD8lcGNXLS2faR0k_ndObz41xS3AOm6zj1rc_qS6dI7CnHMIosWhjXdObt2w,Nikhil K,https://play-lh.googleusercontent.com/a-/AOh14GiwK2ryJb5vRNKzzRyaqfaIt6qRY1t2mbJGsx0VGw,"Absolutely spectacular game, I'm lost for words.",5,0,1.0.0,2019-08-27 02:26:52,,
gp:AOqpTOHvca5VLUV2IPkz1FxUIVvheGHGwNaigLjTiqGw10ypmWEDldXktoy2JrVyci_pnfjuY2RX6kcbtJg_qg,meh.kid.,https://play-lh.googleusercontent.com/a-/AOh14GjaBRn8K68-T_-RKlivQeA_TIG4Zm6XzfsSjOQ-XGw,"OH MY GOD!!! This game is spectacular! It gives you a sense of worry, excitement, anger, sadness, and surprise all at the same time! It is so well developed and I really hope you guys make more games like this one! The ending, which really brings everything the girl and the fox spirit has done together in a beautiful circle and does make you cry that this game is finished. I enjoyed this game so much and I hope everyone does as well!",5,48,1.0.0,2019-07-13 00:53:39,,
gp:AOqpTOGF8O5oZ4bqU_QZ2eAsu-t-utNq_P4_pc2HLCwtRnLH_EJQhl4IYUXV6cGhWr6FI3rrIhqIlXT9AuC1LQ,MYSTERY_ GAMER,https://play-lh.googleusercontent.com/a-/AOh14GiKu6XfbVES7jLf_6MSYLMBP-wsStcLqJ4c-_QpwQ,Omg it's a beautiful story I put the game on my yt channel and my subscribers loved the game so great job guys🤗🙂👍💯💯,5,2,1.0.0,2019-06-18 23:12:58,,
gp:AOqpTOHhdX989CD5NStKYvvdEtOQiV9kR2XXIc_QibY_G0f2EvR_rpNdgmLwHu1mTjdoE7I5Fm0x6fiKeXHQOA,wendawl s.,https://play-lh.googleusercontent.com/a-/AOh14GgbK4A-Rq8AnTLzJkAkNxZhWPWcDPc3vlCypU3JIA,"Horrible. On 'Whale Spirit', when i was supposed to swing on the spirit helpers arms, there was only *1* spirit helper. I've seen every playthrough of this chapter I found and on every single on there was TWO spirit helpers. Now i can NEVER EVER get past this level because of yalls damn mistake or whatever. I RESTARTED MY PHONE, EXITED THE GAME THEN RE-ENTERED, but still there was only ONE helper! I hope you FIX THIS SOON. No. I don't HOPE you do. You BETTER fix this game or I'll yEll...",1,18,1.0.0,2019-03-30 12:04:08,,
gp:AOqpTOFAtWf-ZqvKvF-Ms8SAUcfg0s_rr2DmVmTP6gj48LIMLG0WOMLQf9615_SInjmwFyBVisbX9i4ckzD_UQ,Lhionex Studio,https://play-lh.googleusercontent.com/a-/AOh14Gj-mFZukn6YjMX4YmjWhE2wbENdLD3JXdakC1Q0,love it,5,0,1.0.0,2019-03-17 05:38:27,,
gp:AOqpTOHlSf2rgcOosf2qDwnzVQJDbb9WoUsPvScLUkbC3zmFCmhIrFJXd9FlSbbTmAtnhpIbHaADfJey0yr7Xg,Nonna Taylor,https://play-lh.googleusercontent.com/a-/AOh14GgonaiRmrIrBdd5flv03huLvVcFW454jzgmLx7vgA,it wont work for me,1,27,1.0.0,2019-03-16 11:32:58,"We're sorry that Never Alone is not working properly. Can you please give us more details about your device? It will help us to know what country you are in, and the exact Android version and device model number. You can find this information in Settings: About Phone. This will help us to determine if your device is capable of running the game.",2019-03-21 16:22:01
gp:AOqpTOH18dS12L3Nyu5qpMGW7yj-XvdXd6lggYC-YHYB1j33N-oIG9ZTktCMYRFSMtbDd_MU4kM44vaR4Uzk8A,A Google user,https://play-lh.googleusercontent.com/EGemoI2NTXmTsBVtJqk8jxF9rh8ApRWfsIMQSt2uE4OcpQqbFu7f7NbTK05lx80nuSijCz7sc3a277R67g,I like this game and very interested it is my favorite game for ever,5,15,1.0.0,2019-02-15 01:27:56,,
gp:AOqpTOFHOeGHtgeUDjScVkzJ2YCS5sARsDRij3laCpbvr57PKMyPiVVQknLysaZuMshkl_mAMxAPF673lWTMZg,Søul Keeper,https://play-lh.googleusercontent.com/a-/AOh14GgkL934CUbNTuMT_V2var0GFeNCcLMHrnJ9OJKktw,love the adventure/journey,5,1,1.0.0,2019-02-08 21:24:25,,
gp:AOqpTOE4X6zrQMnZx11CtaV7Z9juMuV9kEOhRnz521sZG_yIkJ7WkXBm1oT7VU4GibDWz_ZyFKQ6fJbsL-akcw,Connie Chai McKenney,https://play-lh.googleusercontent.com/a-/AOh14GimAj0S9E9E2blygIQkLXrqK4EQX2PbJeHHAoe8jA,so beautiful! a delight to play,5,1,1.0.0,2019-02-02 12:18:25,,
gp:AOqpTOEy4wIdE_tbgOUv9_06v0v0RQJJhfnCI82gWObTv6k-pApTzwfuX4UB_lCrD8e5GPKysm7QIKPtPiJ4Xw,victorya rouse,https://play-lh.googleusercontent.com/a-/AOh14GhufSRhWHiC7RSP59a-mwnLNXhmVNZv49WdzjtIIzE,This is one of the most beautiful apps I've ever seen. It is also very engaging and relaxing.,5,2,1.0.0,2019-01-19 11:15:31,,
gp:AOqpTOG2GjQjthN_tWkGwXsJcnpvC1XqGkNgmLX-hB_5syKkPIEl5-8PxE7eNvndb1jcmYZO14G9htGg04EtgA,Brian Watson,https://play-lh.googleusercontent.com/-QUuzOUHpCgo/AAAAAAAAAAI/AAAAAAAAAAA/AMZuuckG8jXyeIibW7AYccBkEeLozfCYag/photo.jpg,very good story and game would high recommend. would like additional sequal to be made,5,2,1.0.0,2019-01-11 09:31:03,,
gp:AOqpTOGNwslKjchQtc9WfyqVloC3GQ2YvDuHh2jF-gAVXHoLgSdKWodhD6pIIi8pR4x2GY08H95d0ZvhrB9enA,Aksana Shabanova,https://play-lh.googleusercontent.com/-mphfztTgLHA/AAAAAAAAAAI/AAAAAAAAAAA/AMZuuckxmoOeSCcUQQOoL_917-4-yiG4uA/photo.jpg,It is a great app,5,1,1.0.0,2018-11-22 15:20:59,,
gp:AOqpTOGF78Ajd8ckOU304GwGLXOTYGQVp46NfdlbuDe67_68tLM3I3K-23idkgH7hz7PwD2WfLQHrK1WjYca_Q,Peter Thomas,https://play-lh.googleusercontent.com/-KVVG4qqD2XA/AAAAAAAAAAI/AAAAAAAAAAA/AMZuucmj48R9-_vTvA48oLRNvci0pds7ag/photo.jpg,Game controls where very bad to use on galaxy s5 otherwise a nice story,4,1,1.0.0,2018-06-08 00:27:48,,
gp:AOqpTOFhjAQMnBTgEcpGxpZAC2dkwRG2Ys8yasGny2tbhDA-PLcMYuG-w_2vjY83GBHzIhiv6uzAivgpfAvVMA,M. Hoffer,https://play-lh.googleusercontent.com/a-/AOh14GhkJTldnuvA17rkvWDNWzk0wAg0W5RbX9SbmYqZtQ,Pretty dope game.,5,1,1.0.0,2018-05-19 14:13:29,,
gp:AOqpTOHw7Av-Wc5YuJAZKIiz9UP-hFqQeidRXuRIuL3mYyheOY0scHJDgqmnXE5hqbTPPz1vFaW6qaZ7X_jshg,Lee B,https://play-lh.googleusercontent.com/-YpndHFCIcJc/AAAAAAAAAAI/AAAAAAAAAAA/AMZuuckRMi4e6QEgMlD6WQ0puH4QZWpasA/photo.jpg,Very cultural and comfy. Everyone should play.,5,1,1.0.0,2018-05-11 07:23:54,,
gp:AOqpTOHo9Ia5mgO8GLVR_7H_xGXkDhP51E4Lon4KGC4Tcsi63GW6IJRWUWSm9R1vHLcitM53xRPeK0Fl_8S7IQ,Tasha Moon,https://play-lh.googleusercontent.com/a-/AOh14GgeuqUrph9h-X6X8WQ4mfthJU33BUHYvQH7aRi7dQs,"Gorgeous art and a compelling story that honors the Inuit culture. Every part of this game was crafted with a great amount of love. I enjoyed the cultural insight videos and learning about another culture through this medium. (I did have to take off 1 star because of multiple crashes and having my place often saved at the beginning of a chapter, forcing me to repeat large sections)",5,2,,2018-02-26 20:25:12,,
gp:AOqpTOGFYb0gBHURgZIAisvIal8jfqsmTWU44CVXIMecNfVVnqDxCtwDpJWzYGY6wRnzuqYPUt0RCniv0jm57A,Mark Rainey,https://play-lh.googleusercontent.com/-BeHDwCn9HFk/AAAAAAAAAAI/AAAAAAAAAAA/AMZuuck-XUXrc2KQgYMQcJVn6WCTMSeZkw/photo.jpg,This was ok until the fox became a human.,3,0,1.0.0,2017-10-23 08:58:56,,
gp:AOqpTOF68cFlO1pkyzBiW-wS1YpbzhvQllZJii-hlOl6Ednh-2y6IwnYtUAeRr04fWKUHEr7rK6NF3G2sGHuXw,The everything Channel,https://play-lh.googleusercontent.com/a-/AOh14GhSlyfcptQ-9360wFSTACxFxgDZQugL1yWVw9y6Yw,Interesting game but it was too short. I wish it was a little bit longer... And sometimes the joystick controller for movement start acting abnormally for which I have to pause the game and resume it to fix it.. And also if you have sightly old or less powerful device it will burn it and drink battery juice like orange juice,4,0,,2017-10-15 16:08:09,,
gp:AOqpTOEyMy4LNl4SsHjynPZf_IrRsqhCYVqC0PLORQ5w2kf-WyyWndY6urFvuo73Vv1-HrBWBiAHs379gSKg2w,Riyan Elsyar Ahmad,https://play-lh.googleusercontent.com/a-/AOh14GhzSOx-lfcTROZKYis1-caayOuKSrNxaeXlCzTTkQ,"well, so disappointing. the control it's not working perfectly.. make so many glitches.. but i love the story.. and absolutely i played this game until finish.",2,2,1.0.0,2017-09-30 10:00:52,,
gp:AOqpTOF6nIx1BnQmUkCu5PZvDe3GJxQu2sh7jIczfniypykmwKqOAmLHfuaMaqRo4Z_FEjIbA3aPy-za63B7wQ,Jay V,https://play-lh.googleusercontent.com/a-/AOh14GiU1dRGpTZYao1Gdr3rxT6-0jzEGmgUP8hIJomgLg,Amazing!! Worth it!!,5,0,1.0.0,2017-09-26 15:55:58,,
gp:AOqpTOEs0xd7e7BD9oVfxUDUTtF3QQzfwETD5A9DAlx4Mvpds2iUy8BKcu6hnsAfbEqAVWjxC5e7jo-Y-BF7Ug,Arka De,https://play-lh.googleusercontent.com/a-/AOh14GjKLpEp4_ubzDZVY4mWrJ9HcV_gNxcXaPSwL1bePA,"Good game. But pacing is not so good. Poor AI, Frustrating controls and Achievements those dont unlock even if you completed the task.",4,1,1.0.0,2017-09-05 23:38:42,,
gp:AOqpTOEzSSm_NaSJElJUMSCX5Jlk79_oSKHuSSU17YBMFV4pmfCPN3FjOmUmpIcspce3v467Gq_wfPUEbUcyBw,Jennifer Speagle,https://play-lh.googleusercontent.com/a-/AOh14GjCqMhfcp5IDC7y_WbQG9A-1bNTPl1lqgaW76ttN3A,Amazing,5,0,1.0.0,2017-09-04 06:21:34,,
gp:AOqpTOEUOiJzfOzgxD3twkKJzOqdBLDj5ipOqIsjkxdGDp1DdvY7LOKx48wLUwniNte_n355cp07xQnsujcSfw,Foxsence Films,https://play-lh.googleusercontent.com/a-/AOh14Gj9AMpi7DH2nunbtmLGeEAGqiAR9Rc52gvVUB_pww,"I love this game, but I don't know if it's just me that the controls are difficult to get used to. Also that it glitches, lags, and bugs out a lot and I get frustrated when this happens. Overall, I really like this game.",5,1,1.0.0,2017-09-02 07:53:30,,
gp:AOqpTOGK4KaRVeEpssbWbMqVGxPvZZKKECo5CvXrXk4HWlhawN0SG1Jw1HbQS9BQkA9REfqFiMORRWYegVJs8A,nigel wong,https://play-lh.googleusercontent.com/-Z84562B8hvI/AAAAAAAAAAI/AAAAAAAAAAA/AMZuuclf1mS9phTiKQVnhQGoaF-PrBd00g/photo.jpg,Beautiful game and graphics. Probably the best mobile game I've ever played,5,0,1.0.0,2017-08-31 09:25:08,,
gp:AOqpTOH1EMULLrWGJ7AeIIljZs0sA3GYJpii9IqOHTJ3kSw4q5kWP0YQXIN8G14f5OH8wwazAKJcOMfb1BCtzg,Steve Hearnden,https://play-lh.googleusercontent.com/-I14sdLOiY6U/AAAAAAAAAAI/AAAAAAAAAAA/AMZuucnX-3CBTydQpUJ_xA2ItXmFCsY_Gw/photo.jpg,"Game was really pretty on Shield, but now doesn't work on any of my devices, and I am somewhat frustrated  Nvidia Shield Tablet Asus zen tablet 10 P023",3,0,,2017-08-23 23:47:00,,
gp:AOqpTOFj-op2KvyOo6Yrdi1Wp5DftZWDP2B5CjV7QY3lyV_3a17R2vrqwJa-U2uAIAmVJn4hzCp1jAX6M-6tFg,Tenshi Hara,https://play-lh.googleusercontent.com/a-/AOh14Gh5uMzLjzfequ4-gI_dCbGzDy0pTsq5_hrfdwqu8Q,"The controls a bit fuzzy at times (notably, they are indeterministically inverting in one of the final escape levels) and unlocking of achievements often only works after revisiting levels several times (still missing four secret achievements even though triggering their events several times already). Nevertheless, a beautifully crafted serious games about Inupuit culture (or an example for good gamification for kids wanting to learn about Inupuit).",4,0,,2017-07-30 01:58:59,,
gp:AOqpTOFOJ8dbEAnctCr11paJE-Non4HroSKJ4glgihvKzigA6FZVEgDzXFrrhn1RuyvD672fjuDq6T5Zyvx-dQ,Raist de Jesus,https://play-lh.googleusercontent.com/a-/AOh14GiThPj4JrtCGMVu-H0mo1LKUWvQcqLG_P8BVT0pTg,I love the game. But please make it compatible with more devices. I can only install it on my Nexus 5. My Nexus 5X and Nextbit Robin are both flagged as incompatible. :(,4,1,1.0.0,2017-06-29 11:49:15,,
gp:AOqpTOGag_kek85mxpL-uTJk5GZk7ELhJkALH2tYCJoah7UhEUsrcEAG3DqOSgM1rClVVcvgzTLhAqa4JVFr_A,Neil Scott,https://play-lh.googleusercontent.com/a-/AOh14GjtkSkX0jbl9mY7yYTDN3OhhiUoymxXuOB7gBVvkCg,"Was enjoying the game, but now I can't play it on my Honor 8 since updating to Nougat.  Please sort this out and I'll up my stars to 5!   Update = Game can now be installed again on my Nougat Honor 8. Can get back to playing it again. YAY!",3,13,1.0.0,2017-06-27 01:45:25,"Hi Neil, 

That is strange... Can you describe what is happening in an email to support@neveralonegame.com? It will also help us to know what your phones model number is as well. Thanks!",2017-02-21 16:28:16
gp:AOqpTOENd7b4a9qWCKVfT3VufQPGv_Ng42NleIJ-JsRlranhbKsLzj4y20LoohxahAazQONhbXI5sY8JVAXAvA,Amorette Von Kitsch,https://play-lh.googleusercontent.com/-kAGx5YEBcaA/AAAAAAAAAAI/AAAAAAAAAAA/AMZuuckjWm50tb6wHxymjPL726vtKj2lww/photo.jpg,"Beautiful graphics, worth every penny. Drains your battery like there's no tomorrow though and switching between characters quickly on your smartphone can be tedious.  Should be much more fun on a tablet.",5,2,1.0.0,2017-06-22 05:26:05,,
gp:AOqpTOFawf3PZjQ1Q_WTzB4KZWsDukyp7EeSPbQ99HqtObtImHuP5srCBuoxZaatohOuE6YIoi1QXwHycxGeqA,Arabella Hartley,https://play-lh.googleusercontent.com/-L2zyCX-VnD0/AAAAAAAAAAI/AAAAAAAAAAA/AMZuucnUzuZbAEawoPVlbNqW3WVJfm7EwA/photo.jpg,Stupid game cant even get passed the chase science with that guy,1,0,1.0.0,2017-06-08 11:14:59,,
gp:AOqpTOH1zH8dpDTRdzXJ_L3OVIdKO1JpXqoWhwi4QjVbC12dRH66jR6m-xerM136Yd2mqog71t4aFjFROdbJ-g,mark w,https://play-lh.googleusercontent.com/-xZTg8FOtKUM/AAAAAAAAAAI/AAAAAAAAAAA/AMZuucm5NazrsfEXhnhO_BqFZE3PhlTy5A/photo.jpg,Bug: Doesn't save progress. Googling shows many other users affected by this bug and they've been ignored. Unplayable.,1,1,1.0.0,2017-06-07 04:30:27,,
gp:AOqpTOG5kEggEi4UHoDXrI6BYG2bAJLoaF4KyxTRBV1Or9fe5HKj4LcIiIQFnxQpVTVOF3he3dywsQtzWBjePQ,Mukund Viji,https://play-lh.googleusercontent.com/-2MEWgOKboUU/AAAAAAAAAAI/AAAAAAAAAAA/AMZuuckqsNYz_dqTty4HIf9YgFbY7tH8HA/photo.jpg,"Great game. The story, graphics and gameplay make it a wonderful experience. The controls could be better though.",4,0,1.0.0,2017-06-02 11:09:42,,
gp:AOqpTOG2p0nMbAyhFIG5gqYctU3dlC0P6CsS1DPGUoIZCQMYlC_KzcKIS_YUjDtxRNv9RsdcehezLX0kAqcTWA,Philip Broughton-Mills,https://play-lh.googleusercontent.com/a-/AOh14Gg5LkJ896AISQqFZKxk9st7_577BFLrCmBjU3h5oyo,"Sloppy controls make it nearly unplayable. Suicidal buddy AI keeps undoing my progress. Plenty of bugs. Requires an internet connection to watch the educational documentary videos which were the point of the game. Completed in less than 3 hours. Looks pretty, but I cannot recommend.",2,29,1.0.0,2017-05-29 13:55:10,,
gp:AOqpTOHhUr9uZyOHm1msNSsi3oLF5s0LHnOhJHYEe3MMuMRrhggTqgG2i_jeaV3yAoFjoMFngrvyA_1hehcgRQ,kumag,https://play-lh.googleusercontent.com/a-/AOh14GgDrKVM_VcJqxS1CUVvorHPtL0E4AO-TM0VTGcRbA,worth every peso! hahaha,5,0,1.0.0,2017-05-24 21:01:01,,
gp:AOqpTOE7hZawhqWGDao-B8e9bKIOBQ9SZAM0Q5eiSrNG0nbBalyxEG2wN4ZcJe3brjr36aYLSuo2RyGmoH-D-g,Samantha Yeo,https://play-lh.googleusercontent.com/a-/AOh14GiM0uFuyWEhLR9HpTXHVZ10mVWPjK4Pr2hKMV8euw,"When I played the game, it was very laggy. As the fox, I clearly landed nicely on the loony spirit... and next moment, I fall straight to death.  I can't believe I payed for a game that is laggy and provides lousy game experience.",3,1,1.0.0,2017-05-22 08:41:13,,
gp:AOqpTOFT4pUWrVrf84_6gO7s--NvdhqrV8FThp_mkGUIQ4NglCL93ws7sFwy64NPNUWIEGMUDwEBoVHbvm933Q,Prafull Pandit,https://play-lh.googleusercontent.com/a-/AOh14GjXRKmAiPyMrOz1fVyto0mEQA0o3uEG0DH4-Rt6zw,"The story telling, graphics, controls, game play, music.. Its all brought together as a formidable combo. I haven't heard n played and most importantly felt any game like this ever before. Worth every penny. The game could have run little longer. But its a hit !!!",5,18,1.0.0,2017-05-11 12:40:21,,
gp:AOqpTOHIw7xgBFAk2r-u7LnVjzmSYsOR9kU0Cc3qxor2tzzdUKo_lKcd8-1XRkIU3kOMefz59CQVjUY2bd4Ssw,Ivan Navi,https://play-lh.googleusercontent.com/a-/AOh14Gg1pPNFPX_Ocyrq9MzA2qwSkiH9ySNDQEM2VClfIA,"Have it on PS4, beautiful and fun to play. One of the very few console quality games on Android, highly recommend!",5,9,1.0.0,2017-05-07 15:51:47,,
gp:AOqpTOGRQZo-9E-3lrt2L9kvi6CNrdhOXfeiVKWMFmnNYQGXxtuvnDT1iN_oAAX5AP7e9ktlUcprMIymcNvUIw,Ahmed Naushad,https://play-lh.googleusercontent.com/-ZIhwpV_ek6w/AAAAAAAAAAI/AAAAAAAAAAA/AMZuuckUV9Dljo9dzFT9_t45Y9qyp3Eb0Q/photo.jpg,One of the best adventure game for Android.,5,0,1.0.0,2017-04-13 20:22:46,,
gp:AOqpTOFL0dO-A9yEndnGLoO7M6mN3iBi-svkqohUmWzhna60VYm9CJ3lYxMt9IwCq-aTwV39gWuyZJOI5scYKg,Kiara,https://play-lh.googleusercontent.com/a-/AOh14GgywvqyJbJ6SKPeLASNXv7CgdtN_trfUI2U9gzuwQ,I loved the game you guys should make a part 2 of this to continue to see what happens to nuna  and the Fox and nice graphics I really loved this game,5,1,1.0.0,2017-03-28 03:28:42,,
gp:AOqpTOFQH3CWT8b7Kosggl3_N4MZWxKUFLaGQnZsfAwQS9hRjAbZtr49YaBPYRvmLZSgGhfUhgr-I8RWZVat9A,ray houston,https://play-lh.googleusercontent.com/-r9H3cVXRC4c/AAAAAAAAAAI/AAAAAAAAAAA/AMZuuckurE14qm9aCoQ_a6W7mVKwDdRPtQ/photo.jpg,A beautiful tale with excellent artwork and graffics!,5,1,,2017-03-21 18:23:59,,
gp:AOqpTOEAqVKuf_3N8efD5KuQoki1n-9xIw2oJjuJd8xCpSCAXkNZiocUJCST5RZ-gq7aRzzX5RrdwcbLK5i5Kw,Alexandro Pieropan,https://play-lh.googleusercontent.com/-0TU5JlmcDy8/AAAAAAAAAAI/AAAAAAAAAAA/AMZuuckX_f-uDRQsGEh-n3YdAuyaU5D-4Q/photo.jpg,"Fantastic visual game, it tells such a lovely heart warming story. Controls are a little difficult when climbing but i put it down to the limitations of smartphones. I recommend anyone to play this, well done for bringing us a great grame and story.",5,5,1.0.0,2017-03-20 04:16:12,,
gp:AOqpTOEnz1zZdtxse-cKjE0gcXl9OwE36J1hAQJ9WJ6uvXmuGTOsFPp60vU9YyPD0Y80BjxgIzenL2a8rrYYgw,Matilda Mooney,https://play-lh.googleusercontent.com/-rCoSEIOMhbU/AAAAAAAAAAI/AAAAAAAAAqs/AMZuuckzPZ2Guv1SsJAdX8LgWhCeaElmog/photo.jpg,I think it's a great game but needs more levels because I paid for a weeks worth of a game. Please add more levels and I will rate 5 stars!,4,0,,2017-03-10 09:42:54,,
gp:AOqpTOGY6R9dH8-Vs4Xtz5Ta-w0M4mHmfm0btb13ej8HQLik7WdP7iz0hRqMsDZ9nLTz7egoxHMO-PITWftA9Q,Anton Mead,https://play-lh.googleusercontent.com/a-/AOh14GjMTXwM3WwnfnlCWesItzeppD0Hk8m9_bL5YdBPhw,Simply beautiful,5,0,1.0.0,2017-03-07 14:09:57,,
gp:AOqpTOG5w2rEkfV3u-RRzviwUtGBJkwxjryXopfOYKg0BEe0yCmMZbXESyFELJpbI5jmA8m7IjzMR4xwem7BMg,Eric Cephas,https://play-lh.googleusercontent.com/a-/AOh14Gj4s8_UPbvXWaYsTNmOsZFzzInHEIIkrfPA5VM5jR8,"Edutainment at its finest! This game was fun to play, but also interesting to watch. I learned a lot from the short videos you unlock as you play through.",5,1,1.0.0,2017-03-06 12:21:02,,
gp:AOqpTOFP0MT5qf9nOJ7ghsbx7TgSwmLotNqaewUxWa07sfFugt-oANVH1fAFbXTvK2eSho7hTRKS35TUIxOrHA,Wraggieone,https://play-lh.googleusercontent.com/a-/AOh14GjCQfFOj42alb-zmpewOS7tvL_ZoFYer7Br0mcHZdk,A beautiful interactive work of art. Genius.x,5,1,1.0.0,2017-03-03 06:18:21,,
gp:AOqpTOF81c_ucV8dalD2JuhZyeIfnT4xZOizpx5I-un0SxAPygSNyPaepHKk1bYVLfEDHH334e4pLvvYcqA5xw,Mark Moore,https://play-lh.googleusercontent.com/a-/AOh14Ggm_D-oVuAbMR0qy8Azy70zgohU_nWMgjGxUYUaXpU,"A great story really fun but, for best results play with a control",5,0,1.0.0,2017-02-28 01:37:00,,
gp:AOqpTOHMLYApBK5rpzcCB2qgp8ukhpkIS0YfrLCYGSy9awTSKT2ro77X0r2wvVrM9dImeJcgMVulpPsSwiB9bg,A Google user,https://play-lh.googleusercontent.com/EGemoI2NTXmTsBVtJqk8jxF9rh8ApRWfsIMQSt2uE4OcpQqbFu7f7NbTK05lx80nuSijCz7sc3a277R67g,Culturally insightful while entertaining. Kids also have fun unlocking the (informative/educational) videos. This game along with Valiant Hearts are formats that I hope to see more of.,5,0,1.0.0,2017-02-18 09:33:35,,
gp:AOqpTOFdPw1Lq_nKm061e1d9dmlOpXsa5ZTzUReQqR330W8AR8LsPtF7C6ohygA38Z2rkRvdBle_BRjyVAomUA,Constance Keller,https://play-lh.googleusercontent.com/a-/AOh14Gi8KsWScMw0MtL_c6LQF9SAwW15V3-pQsI8TF9s60U,"I am about to try this mobile version after playing it with my husband on ps4, and I was captivated.  This was the first game that brought me to TEARS because the story is absolutely beautiful so I am so stoked to play this version - I pre-rated it and will only change it if I am unsatisfied but I doubt that very much after playing the full ps4 version.  Beautiful story, graphics, and the fox is just awesome.  I truly cared about the characters - which is a sign of very good story telling.  Thank you.",5,94,1.0.0,2017-02-03 16:06:25,,
gp:AOqpTOFhRwUE4sheLH6yHHHbk8MaoH5hDC4XyiQMcsejgOUjJlTK0CKBh39uRgEaXFBCjW-zNQyI9ObgDRa31A,Steve Mayes,https://play-lh.googleusercontent.com/a-/AOh14Gi3rnmilE80bkgRgn00M-_5R8Px4d5yuHTx0SK3Ig,So amazing. Thank you.,5,0,1.0.0,2017-01-28 05:10:22,,
gp:AOqpTOGxTSO1m28M90GyAksjwjC1lZArkxCPWc8tRrXVwNZxud7ytGHHbg_nMCFFadwo-CEw-vlJhCMv1fQPhw,Christy K,https://play-lh.googleusercontent.com/a-/AOh14Gj3EpIE5d0na6gtXLv1ZpLKVrvQNfpvelZR_DotYg,"Beautiful game, quite fun. And interesting to learn a story from another culture. Would recommend!",5,1,1.0.0,2017-01-25 16:07:55,,
gp:AOqpTOHJDnInAjfEwRgmjrHOXKyGcjvZFx61PzdO-IShrjiJGje2jAhTfYQ9PyTpIAZDIxh2U1gSxz1kPnc71A,Alessandro L,https://play-lh.googleusercontent.com/a-/AOh14GjVP7DQ6x--4xFi-lfZjxDyi88yxWlRhOihPF5OBg,"Good platform-documentary, but compatibility list should be revisioned, had to manually move installation files from my phone to my tablet to play it on the bigger screen. Bad compatibility list is the best way to encourage piracy. Play Games cloud save would be appreciated too.",4,247,1.0.0,2017-01-21 01:40:25,"Hi Alessandro, 

Thanks all of your input! We will consider adding cloud save in the future!",2016-06-26 16:40:40
gp:AOqpTOF0fi41tvCcIjDKBImgoxxhN_ZMjy_UsiyDF0en88PfNTtC7Qb4qad-52Int2UumTC03-o2Ho4SfH3agg,Alejandro gutierrez,https://play-lh.googleusercontent.com/-XXz-B8GZNh4/AAAAAAAAAAI/AAAAAAAAAAA/AMZuuclQJCmiLr-F6A1Y1NY_QW-iIWeppA/photo.jpg,"This game is so amazing with great storyline by the indigenous people, graphics so sweet plus the characters. One thing for sure is the moving control was struggling but other than that I was great.",5,1,,2017-01-12 23:30:39,,
gp:AOqpTOHLRVh0kSse1hmAdksFtN_klMxUMLSVcYZo6X16XCzEI6RddlwpAAhvqWw9P-Mr5tRuSWn_eQRSR4snaw,Abdullah Ali,https://play-lh.googleusercontent.com/a-/AOh14Gi4Tw8duGQ3Wg98qTO5gXCNZAZZQCrYIFfaO4VwVA,Best game ever made for mobile phone,5,1,1.0.0,2017-01-12 10:42:06,,
gp:AOqpTOEAlimgHhokwRW2nODZr9XQI8SUw0CKZP6X7nmWyuVTn3kfoCRRy9CxQTyvfPEMNarbn1am9UV-6mYXFQ,Andrej Balaz,https://play-lh.googleusercontent.com/a-/AOh14GiGAsQVgPz5dWvoBwDvBhjHVS9m9745sdPGHylAFJA,"The controls are hard to use even on a 5 inch device, so be prepared to be interrupted constantly in your progress by bad steering of the game's two characters. This gets pretty frustrating by the end of the game. Other than that it's worth playing this small game as it explores the culture of the Inuit nicely and features astonishing graphics.",4,5,1.0.0,2017-01-01 04:16:59,,
gp:AOqpTOEEsW0IfvIrP80vS5IiF_jFP7lis8h8cyJnA4TAmZItj_rUSmGcNkIQY7p5sEV_wT9GhWFrm0jD7Gnrcw,Alex Ramos,https://play-lh.googleusercontent.com/a-/AOh14GhTRgLT3_bqzaWNHYlP0g9IgOIQikv7u6DAq5NuiQ,"Nice graphics, great story. It's a game and a documentary about the ice people. Just great product.",5,2,1.0.0,2016-12-30 14:37:48,,
gp:AOqpTOHq0gU16YJbeQb8b3GsDcJhWdWgKrJM3jjGR1SUSfo_Bklg1qN1HWMdc_bwAOYlDwNH5JcQxbYMNd_bnQ,Kostas Rodolakis,https://play-lh.googleusercontent.com/a-/AOh14GgaYYlMYOIp-lWhFbe4bLMrvlk7evRxv3FKFy7jXQ,"I finished it but didn't give me ""the old ways"" achievement.",5,0,1.0.0,2016-12-30 01:01:57,,
gp:AOqpTOFLUqKzLQ051oP7SZ4SyB8imjWHz3E_FZEOVewsKcBcq9JHXAMiBku-uW-QWRydaSJ97Pj3pFvCveyDOQ,Edward Denning,https://play-lh.googleusercontent.com/a-/AOh14GhSoJrZtdphOltoKwYn3KCrWtPe8BQdneN1NqavZw,"I can tell it would've been a great game but I tried to install it after it said my devise was compatible, then it said that it wasn't so I just want my refund now",3,2,1.0.0,2016-12-29 13:25:28,,
gp:AOqpTOEHGk71NjIBtwqnBcLqZa1Wg-eSkLW89Rr5oqbAejhfMZrRgjIx2ZGMEvIon-hzp9zDwHAH-pEYUQpWSA,Jonathan B,https://play-lh.googleusercontent.com/a-/AOh14GivR7Y3-_fWyX5akqRmHy6ukq_a-BMqSvm9bDd0bg,"Beautiful graphics and cute story. The videos explaining the inupiat culture are quite interesting. The game itself isn't very challenging, though. There's a limit to the amount of things to be solved by jumping and shooting.",4,26,1.0.0,2016-12-25 08:50:13,,
gp:AOqpTOHOKw8H9ScOO4uwFf0uDOnJf1p0WMVtd08tF0oAVvc53nhXfngodSR5udNlbzyJ7oor1tYizfJBxuwXyw,Sigurdur Sigurdarson,https://play-lh.googleusercontent.com/a-/AOh14GiUDV1paIZ5FDXlx4AxlKhkccDcjw_cj8xYdL1AFpU,Beautiful game.fun playing and educating,5,0,1.0.0,2016-12-23 16:47:03,,
gp:AOqpTOGuaDWHqOpdrxOgiqY44NiZZlVIIs80m07JmnmnOHC_x968-8JRLe_4W7exuypYy-NCnvqZMDQFTOideQ,Mohamed Abotgar,https://play-lh.googleusercontent.com/a-/AOh14GilaU_mg-UINYf5VYF0w92-8f_ldP6OrHMMpCi9OQ,nice and relaxing,5,0,,2016-12-23 14:55:21,,
gp:AOqpTOENGDXOHtG8HuWBfkXgUbDJKnAAgrkuGHD_8Pa6VpZeZ77cG2O5NfrWl-kyCzooz4mt3C-3861C3VpRFQ,Charles Rievone,https://play-lh.googleusercontent.com/a-/AOh14GjOm815NrdXJ8kAt50JSLg8xn3ptoHMTGqxfBxMoA,Beautiful game tho. Had to uninstall for now to save space. Will have to complete later.,5,0,,2016-12-20 13:54:16,,
gp:AOqpTOFoX2e8t53QTC0DNRKFgaM_quFjJnYq5gs-FNrZH7rpeDlQZln3Jwc6gQOBYoPxJoE1hIIKPV0j6M7-xw,Hamish Evans,https://play-lh.googleusercontent.com/a-/AOh14GifLHrSk6ooNDF-cyTFBgAQlr7TxPAevYzDWY_0dQ,Great game but there's a glich/lag on the level Whale Spirit. Can you please fix it.,2,2,1.0.0,2016-12-19 01:43:34,,
gp:AOqpTOGTVtJ8ysYHiFOW5uqvNeBZJTjEp9Vw_R1206UaOfg6rG0Xa8xPN5AGDDJlGJkzPTY5pBtyu5FguoGduw,Wriddhi Pratim Saha,https://play-lh.googleusercontent.com/a-/AOh14GgQlNlVZwUwM4kLGx1XZ1xnviOgCGhT5SX-CtvD8Q,Love the game. What a deal to get it in just 10 INR. Update: The graphics is really the strongest part of the game. The controls are just so bad I had to uninstall at the last stage of the game. Very frustrating.,3,3,1.0.0,2016-12-16 20:51:05,,
gp:AOqpTOFB0FT0yTVog-r-6ocoK9IqmYFhcoDJ_x5yVHHIc75QdbMv5bH_2O02zDMSzjvm1R48jMOvUthxOsNsrw,DogSpit,https://play-lh.googleusercontent.com/a-/AOh14GjGUt792suDRhTq8bkM14KmBJ3D0QKl65auj2qgTzQ,"The game runs very well on my S6 Edge+. This is most definitely one of the best games I have ever played. It has a similar feel to little inferno, the kind of game you just want to curl up with by the fire. The sounds and visuals are way better than I had expected, and the story is incredible. I feel like I am living a life as a lost Eskimo with a cute little pet fox when I play this game. I highly recommend it to anybody who wants to have a fun, and adorable gaming experience. Kind regards -Adrian",5,3,1.0.0,2016-12-15 07:23:04,,
gp:AOqpTOF_BmiMMcWLkt9lavmYzAEbi6FeucnbJs8XSj555NGWLiIMKgLM1p80y6h-pBGttxoiBo7iZ2INtZbvEQ,Zac Dix,https://play-lh.googleusercontent.com/a-/AOh14GhKCM6cQfdT6_BfUOqf7xE0_WwrMZj_ltvLbK44sw,This game is near perfect! Beautiful art and story. Great for kids! Works great on SHIELD with a controller.,5,1,1.0.0,2016-12-12 11:52:17,,
gp:AOqpTOFlJZQwM-knRAC4blVPZ2xfoMONNGobJY0NXssf8dqj0eFn5dLapn-m515WP5wZEnO827sfK2aC8LNoiQ,Atalay Kendir,https://play-lh.googleusercontent.com/-O1yP4mQYnL4/AAAAAAAAAAI/AAAAAAAAAAA/AMZuucm4cLxOOFZtSIIqWt8OegiE2tUNdQ/photo.jpg,Best of all time that I played in android!! Tells a story! Not just colorized copy-cat visual effects. Excited to hear a new game from developer,5,2,1.0.0,2016-12-06 08:58:46,,
gp:AOqpTOE2lK1jHIipdwDrIXNhj6cw7GhD2rwAIRpBe_alLEybgHJmF6KZj17lXvWHKOckIqg4M9082uTnk1uSNw,Silver Caro,https://play-lh.googleusercontent.com/a-/AOh14Ghidm2icyRNQRsPWK2AWOM3k0Mr0SfyHbpaPB0rulc,"4 stars. Given because game tends to lag. Also, the controls tend to lag as well.",4,0,1.0.0,2016-12-05 18:46:45,,
gp:AOqpTOEemsKtfTE6d1LRB0Zi_66TCuhyMM3YuupwzrIbBG8f7sN3rXJ9e9iiyTkKtj8xfr68u5HhMfEMQTgBDw,Nicholas Peacock,https://play-lh.googleusercontent.com/a-/AOh14Ghca3xP2Ytu4jdMafILql0ZG9hrQnvT_lRGVmeMpA,"The game, music and graphics are great but you will die lots and lots of times due to the controls but it's still worth perseverance in my opinion.",4,0,,2016-12-05 14:37:33,,
gp:AOqpTOGf41kmBZ1X5qlvrd_ekNPAdzAUf-zYjYqVEq5olR6BMCE8cFyUcRcgho7hCSyleWsnYet-z95PGNtCXg,Andrew Dhabolt,https://play-lh.googleusercontent.com/a-/AOh14Gi7J_pyIFPaX04jyT6H8i1_JEBLxAf0U8VmE6-FJd8,"Fun game, but laggy framerate and controls at times which leads to some frustrating platforming.  Started noticing this especially in the whale area / swimming sequence.  Using a Nexus 6p, and I would've thought that would be enough for this based on performance of other games with more complex visuals.",4,0,1.0.0,2016-12-03 08:36:16,,
gp:AOqpTOFG9MeNUFW2aJSCRM9eVaSF12-Gh8Aht7t08K_q4wnTchOuNSF6XF5VQ6uz27_bgXcMqdw06vUQorQETg,Gary Exley,https://play-lh.googleusercontent.com/a-/AOh14GjpJbbMWtek4lUITtxKAdVDvIjgDMS3scu3DSuv_A,"This is awesome, graphics are phenomenal on the S7 Edge, can't put it down",5,0,1.0.0,2016-12-02 01:21:59,,
gp:AOqpTOGWMA5tLvOJpBKItgpGhXZM1x6UjXDdPicuwwl-e1pGf7ttBlbzYAIOYNoCKDrisHCTIl5CtHx0BVVfGg,Howell Tam,https://play-lh.googleusercontent.com/a-/AOh14GjG1LiveucZ0X8qoxMrW6w4JGrTGKXTrsgft7_5,Great game overall. Control is a bit sluggish. A few physics bugs here and there. Puzzles are all somewhat similar. Gameplay is a bit short.,4,1,1.0.0,2016-12-01 12:30:13,,
gp:AOqpTOHasf1KU2uKoHbZK17ADA4E8j5X4k0yGMyzIen-x1UV84xTKEJN8NQVXVkq9scIXXCVc5JBIEvHFjq1AQ,A Google user,https://play-lh.googleusercontent.com/EGemoI2NTXmTsBVtJqk8jxF9rh8ApRWfsIMQSt2uE4OcpQqbFu7f7NbTK05lx80nuSijCz7sc3a277R67g,The story is interesting and u can learn something from each scene. But it always crashes pls help :( and its so laggy the fps is low :(,4,1,1.0.0,2016-11-30 01:17:18,,
gp:AOqpTOFnruPlnwJujtACx40adau8nqVqUjORmgWpA-UcSlFG4-yi4ROB3VC5AVGqv8m9Qf96GYmaoaJJRCXddw,Alvin Leong,https://play-lh.googleusercontent.com/-nSuLLOsqUVQ/AAAAAAAAAAI/AAAAAAAAAAA/AMZuucnzQ9MAko5ABqUfnk13kE73wPm0RQ/photo.jpg,"In real life, the girl would have slaughtered the fox, ate its meat and wore its skin!",5,3,1.0.0,2016-11-29 10:07:30,,
gp:AOqpTOGro7kVKAlrU3H8OHnBu3ABKuzG3uPdxsXlTC2bdRzLjSwj6sY8w-jry3yplZbekYwMfNTTJaJmusF8mg,A Google user,https://play-lh.googleusercontent.com/EGemoI2NTXmTsBVtJqk8jxF9rh8ApRWfsIMQSt2uE4OcpQqbFu7f7NbTK05lx80nuSijCz7sc3a277R67g,"It is a very beautiful platformer, with frustrating controls, and a back story that I wish was not there.",3,1,1.0.0,2016-11-29 06:55:35,,
gp:AOqpTOHxxXbP74APTk5MmK_Zn2CtS2bSAN-v337GqxmKp5DyhRUgRYKBhlnRbFJjsR8s8XivQmbQI_lNtzLA0A,Yogesh Sharma,https://play-lh.googleusercontent.com/a-/AOh14Gh-WDD-njg4k0iWGulf1JbYcwuau6kOYnFztD6cTw,"Story, graphics, audio, Everything is perfect.",5,0,1.0.0,2016-11-28 22:41:44,,
gp:AOqpTOHRhwYxulKEQuAkqmw2Y4yNbbC9LOvRFQECJs2ZKG4AtRM-JpSevOASX7BnKxEpqK5Br7XjxfP-AsVN-Q,Dimitrios Kourtesis,https://play-lh.googleusercontent.com/-UOUpmNEuiXE/AAAAAAAAAAI/AAAAAAAAAAA/AMZuuclBTjlGkc1yHx5vWHdJiQ-6eJsNaw/photo.jpg,Perfect game !!!,5,0,1.0.0,2016-11-27 08:57:30,,
gp:AOqpTOG2M7AaQsdJTR_lFZ7OJaknOstroj8Hui9ePOmmBeJgTwmu_iyiMitPh8zMK3hXmzBpyQLvTbnbu1R-7A,prima yuda,https://play-lh.googleusercontent.com/a-/AOh14Gi7BMHNccpYFbqMEJiXjp8lp2hnMtTlTH4r8Zknrw,"The artwork, story and character is nice but touch control is suck, it freeze many time and sometime ruin the mood to play this game, please fix it...",4,0,,2016-11-27 07:31:24,,
gp:AOqpTOG7stK2wRXpuFcHhRG8kC4epp1Xu2PwFAfX9eqIbn9MAIPOgRA_Ut-Prqa8TZ1cjlZqhU6_70gyxsAnxg,bright daniel,https://play-lh.googleusercontent.com/a-/AOh14GgFo3l3EGHmUvjQ9ZqjHT-rsS_6GCzomMnppqHg2A,Wonderful action platformer...Good graphics.... stellar gamepad controls... Delightful story book adventure game ...,5,0,,2016-11-26 14:54:24,,
gp:AOqpTOErJ-unHgcGKRiVisXQFDyu-raWZlO9l2f9JF0VtUeo24JWK3bDKt1L9pRD4v6mJxKJYJBVmZXXP7Wwqw,Ryan Gaved,https://play-lh.googleusercontent.com/-AWaSkSNcncs/AAAAAAAAAAI/AAAAAAAAAAA/AMZuuclggprdlZMvtDadOwj4c2Iw_gOyrg/photo.jpg,Works really well on the s7.,5,1,1.0.0,2016-11-26 13:04:25,,
gp:AOqpTOEyn0w-8mqINW0Y5uMdkPClbqdQKqInwz-TdaeeHy2UbJcw1xKaXSilVU118jsDY-2KR4arGs1-547DZg,V L,https://play-lh.googleusercontent.com/a-/AOh14GgfM64xhHin3aVNCyYamqF-Voi6KvZhcZxaKSjm,This game is fine with Nexus 5. But how in earth it is incompatible with Nexus 7 2013. Don't know how to score the game then.,3,1,1.0.0,2016-11-26 09:26:56,,
gp:AOqpTOFOC8_D-1eNaVfODKs_iJSR6gfSFExn3zWkIZ4X7nJRB7HkO8ySNg6ghb6Yd07MxNHioCB5y7BxbCYvOw,claudio jr,https://play-lh.googleusercontent.com/a-/AOh14Gg_KGHUR5naoySij2ohPlDYqxgO9OVjPOLjlm3k0g,"Nice history and great art but the controls need improvements, it's killing the experience of the player.",2,1,1.0.0,2016-11-25 22:58:05,,
gp:AOqpTOGdBFOt1HAaB5lIMrPOFbpFE4ZkY1igp9A7v8c5Y80m94HL4YMjw_43b62Zlz8CqcZW6tACdy2U3zV3zQ,KPepper L,https://play-lh.googleusercontent.com/a-/AOh14GgwPCpvFExTs5KhlLN6Htpurn_6gsDHFqGVUnGIDQ,Beautiful but it is hard to get back to the same spot you stop playing.,3,0,,2016-11-24 20:20:25,,
gp:AOqpTOGT4YmGPkS54rABrJBHuIKe2LPS9hk9JzoujFO_a6Z85Y_TXyYesSm9VL34iCkmeZwfoZkIXORxHCwSew,Alberto Filho,https://play-lh.googleusercontent.com/a-/AOh14Gh2SygGnBgugsUJ_FKaifvwzhcB5kEl-NYa4STH3fw,So pretty and awesome.,5,0,1.0.0,2016-11-24 15:44:16,,
gp:AOqpTOFsEYVjcsM6MS-v5iAYqlb716IEjZkp4GU_jLM43s7VbvXtZpB1tSTD1peR3b0XjIO9rJNNHWf9BcHLCA,andrew g,https://play-lh.googleusercontent.com/a-/AOh14GgUMpnOtOn1-JBHfWzKmZue6cotCGdEjfxDhW0uFg,The controls are responsive enough for an enjoyable experience,5,0,1.0.0,2016-11-24 14:37:00,,
gp:AOqpTOG4B-VehJRAduHKQuSPp5N-vmCJqbX0qc7xBYA0fFkvm6gFYgeIdyjGwf3fuxYI44hV5aGa4Y1hP73TGQ,Mangesh,https://play-lh.googleusercontent.com/a-/AOh14GhJ1mKMuwrVg3U8YiCJzsJeD_dkovpQWyqup265Qg,Loved it. Graphics and story is awesome.,5,0,1.0.0,2016-11-23 15:33:37,,
gp:AOqpTOFKqKePWlDCizElxT6CqLkd-GEG64p4QOWLo5vpB2VXNeGwNNrfgKa4PO9MVytSCSF3_veVfEBo8Y8vfw,Sandeep Muley,https://play-lh.googleusercontent.com/-NaqWC_Chl9I/AAAAAAAAAAI/AAAAAAAAAK8/AMZuuckZJAwNRHgepUewJsyfprUSeBadQw/photo.jpg,"Cool graphics and a superb story, keep you interested. Could have been better though, should include multiple utilities with the player (one Bola for everything?) and controls, a definite let down. Overall, will recommend definitely!",4,220,1.0.0,2016-11-22 07:55:30,,
gp:AOqpTOFbjh63su8huMQBuOV1fndunqtUOd9trHRkLoFSx-zmdudvaW6eQWPcwwZTf_o1gOkWTltRSlAvVfCDiQ,Noname,https://play-lh.googleusercontent.com/a-/AOh14GgCnoiO-ro9TsGZGnXOklVn0ufL63D9ImcqBz8T_Q,"I love the voice of the storyteller, love the motions of the animals, love it all so far. Only one thing bugs me:  The exaggerated vignette effect, I understand why it is used (isolation, draw the player in) but I think a good vignette effect is evident without being so obvious. The visuals are beautiful, don't hide them to much!",5,163,1.0.0,2016-11-22 04:52:36,,
gp:AOqpTOFc9c8wWgqf3mdA8pOlnZBPTpGAe57FsiU11IL6Bs62N_O90351BKdaYuWLzs-mpi3ZtCvDt7wwi_Ue3w,Julio D Quintero,https://play-lh.googleusercontent.com/a-/AOh14GgCzSwGu6-nyYAjNCt-rOSCa-u6YcYzbHrVbIMOGX0,Such a great game! I wish it kept going on and on and on. Beautiful story and graphics. I enjoy adventure games. And this one exceeded my expectations. Great job! ❤️ They need to make a movie on this game!,5,25,1.0.0,2016-11-04 20:29:01,,
gp:AOqpTOFXqV3bnaF7X4s26AMcq9KZ_qxgMaSt3uGsq1rWtVxpYUgkleqzrMifeD94llGVBu4JVZUraY-B3mA2fQ,Drei Ruto,https://play-lh.googleusercontent.com/a-/AOh14GiJnAjg3kRu8fyuHGnSad4e40La1pL0CJDHd62V,The Best,5,2,1.0.0,2016-11-04 14:39:37,,
gp:AOqpTOEVawuXlyxhlVeAj5xr3OObjSz_lS9hPGhyosQy03-7nnVYHgxdMGA9NoWHDSnHvSaJygLXFnIaxziKXg,Dirk De Groote,https://play-lh.googleusercontent.com/a-/AOh14GhxbLXsvssGpjJ4C5sospuqVXLM_657qUXAhMVkJA,"Maybe it's related to the device you play this game on, I  use a GALAXY tab S2, but the controls are terrible when quick action is needed. Climbing walls etc has become frustrating and kills the fun of the otherwise nicely designed game. Graphics are it's strongest point.Perhaps a ps4 is a better choice to play it. Lowered score to 1 star, as you move further in the game it just gets worse to control the fox and girl. The fun should be to find out what to do, not to try 80+ times to make a jump before you succeed. Maybe it's not compatible with some 8 inch tablets.",1,110,1.0.0,2016-11-03 14:26:19,,
gp:AOqpTOGlGR3jfJ0_JROhZkf-OG7TD2cP5zDwbuGxCXDEAvw8qa6uK4dGviL6oR4mYoq8EMYB47PRbKAV7QaLUw,Cindy Wang,https://play-lh.googleusercontent.com/a-/AOh14GjGx-K8lpoL5qPl2QqI0CNyoJLJfyd-S0Dj_tQ48JU,Difficult to play enough that it seriously affects gameplay,2,4,1.0.0,2016-11-02 09:22:51,,
gp:AOqpTOGV1R6v8VgYkZeym4sxA1mVNafrG4e7o7bBVIiTlc-xGiTM4AMiTqusZgK6POoQa0sldVJlfTLMmemIug,Sarah Ee,https://play-lh.googleusercontent.com/a-/AOh14GiDgU1VYNF1DuNguI72gsTT_U_kja68MjyoIbDilA,Beautiful,5,0,1.0.0,2016-10-31 17:17:32,,
gp:AOqpTOGHJU4mzWDRMMNuu-qM6osEsLKjuWQ9jo7F9RLfxi4qSQiy-0tkSSy0LgP9a6AfNXAiELiqrnv6pX-1aQ,Robyn Turchi,https://play-lh.googleusercontent.com/-Rb6msDlEQho/AAAAAAAAAAI/AAAAAAAAAAA/AMZuucmoWdiJCV7w_2wbVXgdxR5xSPESfQ/photo.jpg,An amazing game. Beautiful and fun with challenges. I only wish it was longer.,5,3,1.0.0,2016-10-30 15:02:07,,
gp:AOqpTOGm68MK_Gtdi1bE_5LSp4oUTuEcBjeE7HkPpUfEgLZ6UFXRjFyUd6nj0G9GEacT1UudGDd3pEUs-cvQOQ,Tarry Phillip,https://play-lh.googleusercontent.com/a-/AOh14Gib1nGJWAcdl6Kxrqxw4DAKnFNNWvsEnn2gZIAxqks,Few glitches here and there and minor control issues. But the story is really good and it offers great cultural insight.,4,2,1.0.0,2016-10-29 17:17:42,,
gp:AOqpTOEJSUMNUu4CfNjpakeIHhJ-brhPXomvlLiJgp6M1_e_DVipC0cQ3C0b5WegJjsj3kkfUmrgfXHWFDrO3Q,A Google user,https://play-lh.googleusercontent.com/EGemoI2NTXmTsBVtJqk8jxF9rh8ApRWfsIMQSt2uE4OcpQqbFu7f7NbTK05lx80nuSijCz7sc3a277R67g,Its a good game,5,2,1.0.0,2016-10-21 21:03:14,,
gp:AOqpTOG5gRTMaGm6AwG6euVVsCkPHj_2yTDCFkCWMh7JlgcqSvx3y7srKM9BCCAfCU0MAIXEXIhlyDLFPVyXmA,QStrange,https://play-lh.googleusercontent.com/a-/AOh14GjsJsBEt6fm8pLhwQNfMHcbOHEobbV6sR4fpT9pqQ,All around great game. Flawless gameplay for me on and off android. Great job dev.,5,4,1.0.0,2016-10-20 22:59:00,,
gp:AOqpTOG5wJxwx80BFrLhGkqlEf9qwGnrYOTZ4l8ncYSvHoeaKKLMGdQsU9aI3t-zsbjw1zVyXHL30ZY9cd-RQA,Andre Zavaleta,https://play-lh.googleusercontent.com/a-/AOh14GgmxB-mSoZKZE3KItXGgMCa11r-ge4XRRn8WBNPBio,The story is OK I guess but the default controls are trash,3,21,1.0.0,2016-10-12 13:26:48,,
gp:AOqpTOG2fA6yMA_Wq9JBaTzOeAcyCq54-ldKcBe-CQT8IBAFhcDs8fXDciRUWW0uCLj68KmXMcBt7Ktr6seTGQ,Igor Zorić,https://play-lh.googleusercontent.com/a-/AOh14GjXCteJ2e70QlaZXfXDP_ofnb5iupM2rISJDDTVGA,"Without a doubt one of best optimized games on Android, with probably best controller/gamepad support I've seen on Android - keep up the good work so big studios can learn from you. Game itself is good, has nice story, atmosphere and responsive controls. Pretty easy though.",5,117,1.0.0,2016-10-05 00:46:22,,
gp:AOqpTOHZkcg8lI5s19vqejH9mGeLzePLLTO3nZ9rYA-qItoDcisSQw6xlf_yDldCP4P7DGFwcWLJgcW3DYGyvw,Patricia Rush,https://play-lh.googleusercontent.com/a-/AOh14GjqfyK_g0qe_RisbtSgnuDxtbjuEAeaDUbGheWt,I can't often play adventure games but this one is wonderful. Plus it teaches the player about Inuit culture through short films which is cool. Beautiful graphics.,5,103,1.0.0,2016-09-24 18:44:23,,
gp:AOqpTOHKXhPcTtZzpZH4Dl1gAMSOiWNO7aihoav9sh0F0pemo0ejewaMovuVAlvECVeJzNeFVtxt6vZfqlp3nQ,Julian Luke,https://play-lh.googleusercontent.com/a-/AOh14GjKzQZc_COFl7VxKcCxoR8hxZWEnFr2X4fAj_LCSGw,Needs support for Zte Axon 7,4,59,1.0.0,2016-09-18 16:06:24,,
gp:AOqpTOHayZscaJ7APCOal0uHvL5dNH-ptZAscb6jeEuNrwIK9IzI0J7wyzHyR7Kc0FmTGs0au36mFU3Mdfy0ZA,Vineet Garg,https://play-lh.googleusercontent.com/-UQHfio-Qt-o/AAAAAAAAAAI/AAAAAAAAAMM/AMZuuclAfunOBM7GcNPHM_h1L6rsOx5-Yw/photo.jpg,Visually captivating,4,15,1.0.0,2016-09-15 22:15:40,,
gp:AOqpTOEPiBUED6NV6w3u_iyawY5azhUiy3tHIB9tR39pS3nKGtV_Fc7swIZaEdtqzkDTajxSyuTxCDhnl69rog,Melanie Welsh,https://play-lh.googleusercontent.com/a-/AOh14GizNIvH9qTrZx6D9MFInfJpDcVHoPWxfZddX5x5LcQ,Very informing and interesting,5,0,1.0.0,2016-09-15 12:34:01,,
gp:AOqpTOH9KIBA0mjjjDlbpU48ZnoCKciUHmi6ryhIZ2fmpZ_4BvkEAlaJZssyQ-u6fZurl7pOG5W2ju5R_ItRDw,Nick Potraz,https://play-lh.googleusercontent.com/a-/AOh14GhexTQ5unduh9auOX7Lk88Y4m_cpnsTJLl2ypjDXQ,"Every time the intro story finishes, the app just exits out to my home screen, and restarts from the beginning when I go to open it again.",1,1,1.0.0,2016-09-14 11:32:24,,
gp:AOqpTOEZRn_P8WK_vkAYBwx19md3rROteRjtq1MoXuSOxWT6Q94NUpCZHOmvDvKf3dnulmBDIOGkLMsghg8lnw,Andy Swallow,https://play-lh.googleusercontent.com/a-/AOh14Gh6Ts2rFISjrwEQY35IpP_TX6bEWwQqSz1d0o2wy5A,"Nice platformer, puzzles not too strenuous, but gorgeously done graphics",5,0,1.0.0,2016-09-14 08:03:51,,
gp:AOqpTOGgz51YQ6L7nTOZy1DsRbqlRLEe_yl7lxksv6JCJm32_hMj8YuUmUK5N9pp9PSZ7YfrXKYnGs9rPm8how,Lukasz Kulesza,https://play-lh.googleusercontent.com/a-/AOh14GiX3VHStuDgB6AHgFcLpYyptI6VeELofQcxpNOreQ,"looks and feels absolutely amazing, one of the best games out there",5,0,1.0.0,2016-09-12 16:02:38,,
gp:AOqpTOEOj751DYM5XgjFeALbGB4uml4DbQFckaazUKXSnrBvpBKO21hrHJAZuLBWlNh8Y1h0WelkRU877Itc4Q,R S,https://play-lh.googleusercontent.com/a-/AOh14GgDwKlaI144Ki8a7DeWp4HIhzINzRSTD84LKsuvhgM,"First off, I have to say the visuals are beautiful. There's a great feeling of isolation when playing this due to the sound affects and visuals. It's quite a unique game, blending basic game play mechanics and puzzles with an educational story line about a tribe. I really enjoyed learning about them and the way the videos tie in with the storyline is fantastic. I've given this 4 stars because I feel a bit more could have been done with puzzles etc. Not a huge variety of things to do. All in all a great game",4,0,1.0.0,2016-09-12 00:34:20,,
gp:AOqpTOHHc09sJPpUQi234tB2C02lqMRSc9ewLjxrKhKSGP-jXbJyrjcfxPF6eLQndC4rF4N0Nv0KUJpVB7_OrA,charles moore,https://play-lh.googleusercontent.com/a-/AOh14GhudxGq3qYIP95QYflK2XLE5DzHGVM2iQMiwfZk,But it becomes unplayable during the swim whale spirit level i really would like to continue the game please fix the problem i have no other apps running in the background on s7 edge running 6.0.1.,3,1,1.0.0,2016-09-12 00:14:49,,
gp:AOqpTOG36XzWVdfEkYbGJYoINzECvJzlhHbb3swBHWIkLTxWu2-FTeLyh17ge_ogkLXw6W-k90FSEntej9h_Ng,The Last Writer Ozyimpr,https://play-lh.googleusercontent.com/a-/AOh14Gh-Xisch1aQkGrRcF_Q3TiBxE01lWS-iRhx9m1pSg,I loved the game but often the movements of the players glitched,5,0,,2016-09-11 22:32:01,,
gp:AOqpTOEcBhWJx1vCicYwVV_DsDEZpLBIWwg_RXfsRHSsIEJaTDswFuqkGOaWy0N_tTptokes3arKIao_2mgoEg,Jonathan Kreycik,https://play-lh.googleusercontent.com/a-/AOh14GhMvAfrWS7GVjygxeUSsvh0-uK_WCkQ2IukpIz34V4,I'm using a 8-bit game pad that doesn't have a analog stick. A simple d-pad control looks like it should work but does not. Over all game is cute.,3,2,1.0.0,2016-09-11 20:50:26,,
gp:AOqpTOHQc6CCdlUrrPohMPWaqegxDC9jWHiEAJTYWy4c_2ehBXKCncyPdR9urkEf6AqzcB5UeZSq4MiXUab2xg,J Washburn,https://play-lh.googleusercontent.com/a-/AOh14GgiapigI7pLbR5afSl8_IvNJu6c7ArLgGylPn5Ifkc,"The story is awesome. And the setting and ambiance are really cool, how they're woven into a real, intricate culture. The controls were a little rough, but I still made it through. Overall enjoyed it a lot.",5,1,1.0.0,2016-09-10 20:26:25,,
gp:AOqpTOHe_574mBOLnfZBRVZjVi7v-R6SAujikzDFNdsNnFJMH9UoGjagaqNvnkJrlF9gJdLkaX8RmvUh_kQ46Q,Ovidij a,https://play-lh.googleusercontent.com/a-/AOh14Gj7JWkrgXzyvOmDyCIj31ziUNwQWzJQzaN5s5R7KbM,"Fell in love with this first on my PS4 and I am now enjoying it on my phone too! Easy controls,good fun.",5,1,1.0.0,2016-08-27 05:53:05,,
gp:AOqpTOHt5_eS6zmgDY_SYfL6XhBxfFzEZr10SwjMPEdmYuLQ-VW1-n5TkSjfSpwt2-U0VkIqprURuLlaDwZb8Q,Alvi Brisenio,https://play-lh.googleusercontent.com/-cFEx992LyrY/AAAAAAAAAAI/AAAAAAAAAAA/AMZuuckoUOMzJAS6PhqRBzj-TmvYJhVbmg/photo.jpg,"Just finished the game. Overall good for its price point in mobile. Graphics is good but AI and controls are both clumsy. Great story but gameplay is too short. I loved the fox but too bad they had to replace it with a spirit mascot. Used shield k1+controller, no game breaking bugs encountered yet.",5,1,1.0.0,2016-08-24 14:48:52,,
gp:AOqpTOF0CtVH-qSM37Himhf5cL5WuHsktqFPVlR-MU46zOb9H1y3s7AeQqCUSwyIG_LO5zpEy63MG6HsrkZxvA,Federico Melic,https://play-lh.googleusercontent.com/a-/AOh14Gj6MPiGn6AAzJrY1S_5yWgJYqAl4zQZRFMXLb46Cw,"I was really enjoying the game but as soon as I hit the swim level it gets sooooo bad. Note pro 12.2,  getting refund.",1,2,1.0.0,2016-08-09 22:00:14,"Hi Frederico! 

Sorry to see you you go! Did you have any other apps open while you were playing? That can impact the performance of the device.
Would you mind sending an email to support@neveralonegame.com and tell us what you were seeing?  Hope you'll check out our next game. 

Thanks!",2016-08-10 16:21:51
gp:AOqpTOFUUo9EfRtoq_8C2tqa91Mcb-cz5hSL0Vh8ay_GIDDpYXq68pu8sJ1iWyeRD-v_U11KTdrzvTN8mwfbtQ,Laura F,https://play-lh.googleusercontent.com/a-/AOh14GjRawjUTGsDzHG-ez7YH3fDhfGG78ij3ugWo4MECw,Hard to see what is happening.,2,0,,2016-08-06 22:46:46,,
gp:AOqpTOF34Hwjxj9ud4ZFwU9WgSu-WJ9CfzPWIbIlBNwdJGcCMEX1a9HCbBjwd1BlTzP541RkBoNFj5c6WBWR5A,Jay Symons,https://play-lh.googleusercontent.com/a-/AOh14Gig5xxRC6_dAv9RQVQUzQmLQrStTv9Jd_vQr2fx,"Not compatible with half my devices, No HTC One A9 and Samsung Galaxy Tab Pro 10.1, surely both should be able to play it. ..!!",4,0,1.0.0,2016-08-01 23:34:06,"Hi Jay! 

Thank you for your interest in Never Alone: Ki Edition!

We limited the release to devices we had tested personally or had strong confidence that it would deliver an ideal gameplay experience. The game requires relatively powerful hardware in order to run, which is why only half of your devices are listed as supported. Thanks for playing!",2016-08-04 14:34:57
gp:AOqpTOFIsk-T75386m-ByZ3a1WORDSaBIwaQWGmyUrLqvZtAXqCyqums8wJ2w6JTkYTYqf5hrnuI76ndAToF9g,Hipster CatMLG,https://play-lh.googleusercontent.com/a-/AOh14Gibi0_f7FNj7yNqvrEdPXeOt2rI6A_BFfFowkEe,I LOVE IT,5,0,1.0.0,2016-07-26 19:29:56,,
gp:AOqpTOG0QW-OusdiVB4VYiq2cF1JrI_cSlbZhy_KkpMJPE9KtmLjF8-cEWs533si-oKRoCEAjnsNLcOxx8_54g,Dana Smith,https://play-lh.googleusercontent.com/a-/AOh14Gjq-IVS1HlgiHzyOg0BIYvoz43zrN8fT9rLR-djZw,"I'm stuck with the fox and ki, in a cave with the polar bear, I'm suppose to put that fox under a ledge the polar bear keeps killing it , so frustrating!!",3,1,1.0.0,2016-07-21 16:14:29,"Hi Dana, 

Sorry to hear you are having trouble with Never Alone: Ki Edition. You need to move Fox there then away to distract the Bear away from Nuna. If you need more help, we'd be happy to assist you via email at  support@neveralonegame.com

Thank you for playing!",2016-07-25 11:53:13
gp:AOqpTOHRILxrIKF-TBUL1aw_XMuucENywooi7LebXTH2K_mNnJxU6G7gZdpAUmq4Eem6Z4MgTU35FKttWpDeYg,eddie guill,https://play-lh.googleusercontent.com/a-/AOh14GjLmKgOf8DNDK0LaUN8HvDlvW8b1wxdAoRvioeAxA,Best and greatest Android game ever!,5,1,,2016-07-18 11:25:16,,
gp:AOqpTOGpDRSwmZF9dhfzXeUm5YsfCH4Ql22UvS3dkdQUzZKDHqATy-dPrEzaJV9x3lWZ_GzuGVdsCs28I7IP7g,melinda alston,https://play-lh.googleusercontent.com/a-/AOh14GgBsGygOCDGefalmKiVc6Hsdx80lGKYWUbRLiaurCk,Lovely graphics but I cannot play this game.  Literally. Too many glitches. Sticky controls.  yuck,2,0,1.0.0,2016-07-15 20:49:42,,
gp:AOqpTOEC8sZ3ywuegj1fLLO0_Xh8H7NOKkVyP5llRLNQjRMgaqZuJuQb1YNYG8Psn7-Oo3D6uWwV06Xsasjnzw,Dzianis Zhukau,https://play-lh.googleusercontent.com/-AVSfGuPS3d0/AAAAAAAAAAI/AAAAAAAAAAA/AMZuucmfgGjr7h5hxNIWvLHizgz1f4IJug/photo.jpg,"Отвратительно реализовано управление мультитач - имеет ярко выраженную тенденцию ""залипать"" .",1,0,1.0.0,2016-07-10 04:12:35,"Hi Dzianis, 

Thank you for your support! We are working on patches to solve the control issues!",2016-07-13 11:46:17
gp:AOqpTOGPy5M_ihmKDeyg78GNdLdD5Yzmq6DWtWsG1somYT-LJDAgOIpQSUS8jIrJn0hawb911hOi2SXllo5gZw,Josh T,https://play-lh.googleusercontent.com/a-/AOh14GjHJT4JYYIUNOz_2dfG4Yy0ulKL0gl2mhb1Wq-K2w,The story and the play is so gorgeous and engaging and unlike nothing seen before. Where it falls down are the controls. The are frustratingly twitchy especially where timing is important. As you progress this becomes more apparent as the action ramps. Ultimately I never completed since it became too difficult. There is a limit to how often I repetitively drown. Pity as I'd really like to know how it ends! I never finished the videos either since downloads kept locking up. This could have been an A+ title.,3,66,1.0.0,2016-07-04 07:05:19,"Hi there! Thanks for playing Never Alone: Ki Edition! 

Can you give us more information about your video issues in an email to  support@neveralonegame.com?",2016-06-26 16:42:02
gp:AOqpTOEWDXBe6EEURxITHXxq5L-jWi4ZECmj8NqO-rwdhHbW95juK-QgwvIbhDrXXm3F-KO8-LGSTSCAOJf4IQ,Anthea Smith,https://play-lh.googleusercontent.com/a-/AOh14GjFCtEeaknii0ncu8BsHmgWeOvsYTlgTV5zBEmfdg,"I downloaded this for my neice to play on my tablet. This game isn't tablet compatiable. Fine. Then i try to let her play on my mobile & your app refuses to work without accessing my personal photos, media & files. WHY do you need access to my photos and files? You have no right you creeps! I'm so angry I wasted money on a game I can't even open.",1,107,1.0.0,2016-07-04 00:35:43,"Hi Anthea, 

Thank you for buying Never Alone: Ki Edition! The permission's text is scary, but all it does is give us access phone's hard drive to install the game. We cannot see them. I hope that clears things up! 

You can request a refund from Google Play here: 
https://support.google.com/googleplay/answer/2479637?hl=en",2016-07-05 13:42:23
gp:AOqpTOGgVbvAnQWeaQEckPjd1wDAWkDAJvQSrotdcD5BNcLG1WBKcHNfYhFVhPV9z3uaEk_cPZ4vLzuhrCIPKQ,Rega Set,https://play-lh.googleusercontent.com/a-/AOh14GiAPgTqNyl27ZSeSV4mQOzZ6dKwZr2SlYg6lZB5IA,Awesome story,5,1,1.0.0,2016-07-02 09:51:24,,
gp:AOqpTOHLvbd8A7Ni7S52tzUaBTJEchSYZdik__702mso--gOvXivPajTSkDDJ5aiqLg1D9G89heVjuEeP6gBSQ,Sabrina White,https://play-lh.googleusercontent.com/a-/AOh14GgIetbeD0bc9Mx1NLhB9Y30f18Q5IUHXElgntf_,"Very good game, the story is fun and exciting to play! I'd give it 5 stars except the controls can be very glitchy and delayed, which is frustrating for a game very timing dependent. It's also quite a short game, but still fun :)",4,13,1.0.0,2016-07-01 15:17:23,,
gp:AOqpTOHVuY9IBpQZLpUvJu9MC2rJDozRTzCAc_t0HpeZDjdRsCkiddy9U8ryBcR48pnVyB9Os8gY_oimiBnbrA,Wilson Huang,https://play-lh.googleusercontent.com/-0YrPDXwgEUg/AAAAAAAAAAI/AAAAAAAAAAA/AMZuucmKj6HqRBE6Q4QXRP2l-vO1DVWySw/photo.jpg,Got the pc version on steam and have to get this on android.,5,3,1.0.0,2016-06-30 04:04:08,,
gp:AOqpTOE6wAAR1RemSA_VTd1f69ja6VCmUHFxvYKAY1WJ5zlhABor6vkMCaXycyEEWsWYza2pMu6H0Akar71f6A,Jennifer Loughran,https://play-lh.googleusercontent.com/a-/AOh14Gj21mbiutjaRebFK4DLSNjesnaru_UXT0n9UyfK0r4,I didn't have any lag on my controls,5,1,,2016-06-29 21:57:40,,
gp:AOqpTOHompBH99VDANgOX2I-Sc7I81Pt8SCJXnIdUHUeU6N74BDe8VsPHWepnmTcatrxA-dIhYZQIg1dOoh0_g,Julie Goff,https://play-lh.googleusercontent.com/-ldVqW8sxPMQ/AAAAAAAAAAI/AAAAAAAAAAA/AMZuucmQqttgYLUCoAl9J2j4BF17cQiQeQ/photo.jpg,Very cool graphics and story line but... Controls to play are glitches and bad design.,2,7,1.0.0,2016-06-29 19:49:04,,
gp:AOqpTOF2yTdokg-iwLkXiiFkU1SBbFyWGPrlDr0hPOblwF-6Iu2GY4Ae_H4iTW6xA4sDErgHVrZisnMWHzFOSQ,Kristin Ringstad,https://play-lh.googleusercontent.com/a-/AOh14GjgGtuA2OVTsMMs09T8P9mzaQAkvt5YtovbbD86cQ,"This game is stunning! I love the art style, both the regular style and the scrimshaw art is amazing. I myself am actually an inupiaq and I think this game does an excellent job of showing our culture. The story is lovely and the game mechanics are fun! I LOVE that it is narrated by a master storyteller! This game is incredible. My only complaint is that the controls are a little clunky but the game is still amazing!",5,120,1.0.0,2016-06-29 14:22:32,,
gp:AOqpTOHytC5VRSIxND_H4IKluxq6MTR_UowfluqP9JCQrKeiKMAgirmBdiEdS4EmbJ4QxQM03AGTAVLVSyYfLg,Chris Day,https://play-lh.googleusercontent.com/a-/AOh14Gh4V_caAWS_bgLyOGPW37muhzfCFxmULoXzxnlEJyk,"An absorbing, classy game with great graphics. I was loving it until I reached the polar bear den. I knew what I had to do but the controls were so erratic  for getting the fox to climb/jump the wall 3 times that I gave up and deleted.",3,2,,2016-06-29 08:24:48,,
gp:AOqpTOHCS7ortrLG71vbpzGWr-yv5J2tDLX0-CPv1ZDbFoU_Ra53RTGquCjg5bvRD732sKBms8f6jslQU76sNQ,Gabi Gerdi,https://play-lh.googleusercontent.com/a-/AOh14Gh6vXBN1arLrgVLLHAe3Lx1M4x4NXCCldgHyAYg,"Amazing graphics. It's also really cute, and I wish my life was like this.....sortta........anyway get this game!",4,3,1.0.0,2016-06-28 22:03:56,,
gp:AOqpTOGHXVtJipcx-erIOLpKZOf7HPrRFr7pav-3dA3twMsYxgMSgkR_Vb7kUKAXxfd7LYb0nM-nDDqzlNvvOw,Jason Pace,https://play-lh.googleusercontent.com/a-/AOh14GhM66XkKE4EvlPAlOzw7F387aOyHi8W14rO9luFIgo,Simply beautiful,5,9,1.0.0,2016-06-27 17:54:43,,
gp:AOqpTOGb3t-aeXICJUatj6CnNv9d1qMlo4OqWyIV1YFb_NRJ3ewv5wWCcJu9oS12fHSy5FL-YMVxa5sP282lVQ,Finn Slaman,https://play-lh.googleusercontent.com/a-/AOh14GhI1cVenmmHLRwQwq-oE0BsOYxA0uSO4Uk3N7x3tW0,It is cute thanks for adding more hint stuff for swinging in the future,5,4,1.0.0,2016-06-27 08:52:24,,
gp:AOqpTOEcgSJDJFi-1BC04CVxQNM8H-Q7mNWGYKHIBaopHS3RemNn8y8KoucUXD2OtwWE9wLQzbeJkGE2OQZkzA,Daniel Thomas,https://play-lh.googleusercontent.com/a-/AOh14GgEwuoDjBt-U_j_b8DvR2c5En0TaN8HmGE3MBNkXQ,"love the game, beautiful scenery and cool levels, but the only problem is that the jump button lags pretty badly on some levels, so it takes me ages and many deaths to get through",4,33,1.0.0,2016-06-26 08:11:50,"Hi Tianne, 

Thanks for the review! We will look into the jump button lag! Thanks for playing!",2016-06-26 16:36:14
gp:AOqpTOGNYsktRqiQdDW_hsuiUf-MnZaPSCvoAKbtDh5uordCCBQ3xKAIhTQmbdggABAl2vRv303UQGM3_m4eZg,robin may,https://play-lh.googleusercontent.com/a-/AOh14GjWkcqi2Uw64T0F7EyELKKnL_UzlB9lueySoK9icg,Wish more were like this. Loved it despite the controls were a little clunky. The story made up for it though. It made me cry 😊,5,62,1.0.0,2016-06-25 21:51:18,,
gp:AOqpTOHEKJGrCjTPh2mRX7zYg6xc11K7BjGal1M9mhYqlggqk8KMp_KOkou5uT3gC0uso15GSnTZjdSfQjcIJQ,Chris Cano,https://play-lh.googleusercontent.com/-nQJUi3MfYvs/AAAAAAAAAAI/AAAAAAAAAAA/AMZuuclBEM-XKrUAGYzqrkkKtKecCKr2ig/photo.jpg,"If you loved limbo, you'll love this. Very similar vibe and game play",5,17,1.0.0,2016-06-25 08:23:22,,
gp:AOqpTOEr8j7Ze3b_oUFqAYV5JxdRffIHXLSvio9aSjhtqY_vtThoImLV6eRVxkU07J7QBMuariPjfzQSoQrhug,Roy Bullock,https://play-lh.googleusercontent.com/a-/AOh14GizuJTp6GMv5X-TMK_-uLocrcPm3D6eugj9uIB4Ww,Thanks for making the best game even better..,5,17,1.0.0,2016-06-25 01:43:25,,
gp:AOqpTOFamcP4xJTD56Llt1wpUEtx4dEJH6yHKp20agQWSGhRq8aolYC0dNbqyF5qPNeuN6bZ_tkwsKj-9toweg,Edwin Mercado,https://play-lh.googleusercontent.com/a-/AOh14GhieQirN20q32v-51PbJoW8iv1Lf5peINMOp5fPoA,"I first played this game on Xbox One. I loved it then and I love it now. The story, the graphics, the mini documentary that plays alongside the games story...it all works well. I'm playing it on my Galaxy Tab S2 with Marshmallow 6.0.1 & it plays flawlessly. This is the Ki Edition which I believe contains the expansion levels I never got to play, so I'm excited to finish this adventure again. Thank you for the port.",5,64,1.0.0,2016-06-24 19:53:44,,
gp:AOqpTOHLV07ExRQMBzwLvqzIVtWEzkNj_vTsVig2HfBrb3p7pi18SstMBU_7HCt6cf_uU-7ve5r9Mr1M1G2KUg,Toffee Sulaiman,https://play-lh.googleusercontent.com/-GJwKWpSbWVE/AAAAAAAAAAI/AAAAAAAAAAA/AMZuucn5rFPmNEAiH2o_qFszPLEwvZonRA/photo.jpg,I would've given it a 5 stars but the lags are ruining it for me.,2,13,1.0.0,2016-06-24 12:06:20,Hi there! Thanks for playing Never Alone: Ki Edition! Can you give us more information about your issues or email us at support@neveralonegame.com?,2016-06-26 16:32:57
gp:AOqpTOG-aNISMNWlnaJnIkH2KVKyFDyRhiVaQTCSOSFxxkPumIYbWQXYJQEq1NR0vZ2HXLh7dxTBzfx_CQX71g,Q Jones,https://play-lh.googleusercontent.com/a-/AOh14GgVMIizAPY9rx-7DrvNVJ8eKx8WRNTfxHC_Ruyb0g,Nice so far but not compatible with tablets???  Nexus 7 Samsung tab s 8.4????,3,19,1.0.0,2016-06-24 08:59:10,"Hi Quian, 

We are looking at those devices right now! Could you send a email to support@neveralonegame.com with the system information for both of those?",2016-06-27 08:44:01
gp:AOqpTOG1VN5BB2Sqo0qD3p1EaoWIGhWRx4G-mk3570RGv8aH5JHIhx1ms8m4P1jGdqOwGy76PqPOo1kT0CHmLQ,Charles Chambers,https://play-lh.googleusercontent.com/a-/AOh14GgnMm5S9urNoHUkPKQvGXQ2rQh7dK4Zsq4SgInPWg,This game is beautiful and serine.  Well done. I loved it on my Ps4 so I had to rebuy it for Android.,5,45,1.0.0,2016-06-23 22:55:53,,
gp:AOqpTOHTUJUvtCqHCOVtd3a8NooydZFFcCDq7208FBjKBEMMr68S9McZLknvdzXJgyyGOonDws1tqAEMn9xqyQ,luis slinks,https://play-lh.googleusercontent.com/a-/AOh14GiGTs0Wp_Xon__RUUuLBtbLUSuAh-c7EHgCJMqGAw,I love to play this game,5,49,1.0.0,2016-06-23 17:21:57,,
gp:AOqpTOEUHxuCEvIpoiTFipnKRmSsWL6JUW2GF6ZScfsPd6aA9E2GSeGUeJIUzsi2FnkJ5M9mgeCyOcT9quRvvQ,Larry Goldberg,https://play-lh.googleusercontent.com/a-/AOh14GgcZon_S2nUxffRxrw1tj4J6ZAnYQW1IIzhL_kg,"Beautiful game and story, and I loved watching the videos of the local community!",5,69,1.0.0,2016-06-23 16:02:01,,
gp:AOqpTOFyqhPucvITv70363basnOxF-ircJzjLBzz3ep7rRtPlHSqb7m6KA4kOaVnQPbdXd4rsD-i1Hmytk6oSg,Joel Levin,https://play-lh.googleusercontent.com/a-/AOh14GgHyKJjBgw4gq0PCrbpGTofdZWixtkHlCCmBjZfpFc,I loved this game so much on PC that I bought it again on Android!,5,122,1.0.0,2016-06-23 14:27:14,,
