reviewId,userName,userImage,content,score,thumbsUpCount,reviewCreatedVersion,at,replyContent,repliedAt
gp:AOqpTOGLUsUeP3GcYV-1UN8E8jvo04bXCjFKkbiY_Y4r_aiG2nkpw2tvqHNiH4eMjjWIQumT-wGXqDX3Pb5l3dw,zagreb boris,https://play-lh.googleusercontent.com/a-/AOh14Ghe_NPjbOuSuJmymhWax4o7CQSuz7uwM9vm0UAtvg,Great app... with a lot of data. Pro version is really much better than free version. It would be nice to have a scale on the map.,5,0,11.2.2,2021-02-08 02:39:49,,
gp:AOqpTOHLT_W1SgM_Oz33XVkADDZAuwPlKYXDAYShkKOhMEBqMq7wkLgQjvpHyUNvBOh53ZXBndXKiI7nmjE645Q,Justin Cameron Whiteley,https://play-lh.googleusercontent.com/a-/AOh14GjeY6ejVpc78MEhb5ojIrF1a6EWPHrVog7d8hrtyg,Cyber Shopping Security ICE.,5,0,11.1.26,2021-01-31 03:39:58,,
gp:AOqpTOHakRgZizhHOgtiMi7OF_8UNNzSqh61jfmsZ9mA9ZXe0OQskiTcRK7UdB075EQOViPZKMySP6QJ8kXVnAI,Peggy Kincaid,https://play-lh.googleusercontent.com/-B5R1b9rc1rM/AAAAAAAAAAI/AAAAAAAAAAA/AMZuucnZHlTgoNSvSprsIsT32Vh3TFLrmw/photo.jpg,I have the network on tablet and phone but bought pro via phone and it seems you charge for each device which is odd so I won't buy it that way as it doesn't make sense.Google on both devices.,4,4,10.12.30,2021-01-03 10:14:35,The email of the Google account is the same in both devices?,2021-01-03 10:43:02
gp:AOqpTOGl442dcppAe2gewarh__mRWM9sLKRrf3VVRX3ehq5Bxdzmd41563srShpUKHKQ37FtfzN7lP7IIXZL1Ac,Sylvan Weis,https://play-lh.googleusercontent.com/a-/AOh14GgOhiZ_V-Z_Jk6ICP4gGQwO0LqR7wQz88CyMbdTzw,"With family and friends around the world, hl it lets me know if I should be worried or sending help.",5,0,10.12.30,2021-01-01 11:07:38,,
gp:AOqpTOH86wfs9036lL1VIRUdAu4mT9uLe6HlheRSIDzeQyWsx-lxgh8j0o25DrqlM1dgQQWy_AmGEwDZZs6p5bg,King Tut,https://play-lh.googleusercontent.com/-kxQjIHi6mfM/AAAAAAAAAAI/AAAAAAAAAAA/AMZuuck7uiAQgwHCqk63d9vGd4dv7gPO-Q/photo.jpg,What happened to the S and P wave feature?,4,0,10.9.3,2020-09-30 16:57:36,Click the button below the earthquake details in the list of earthquakes. If you don't see the buttons click the double arrow icon in the top bar of the app,2020-10-17 00:44:41
gp:AOqpTOFKl3DdCm-xmcpCluM7luV1QrCJcmmV0wF76K4J9kOOBkHvLmrSED5zikbf6JaPM7Cs8SaujxGY24wKLJI,Alvaro O. Muñoz B.,https://play-lh.googleusercontent.com/a-/AOh14GgiyPmA76UJ5bvNXwMvaAWe6gK4GYgJSsSIWO832Bk,The best detection system and the most complete earthquake report app that I have found. Always work with no errors or bugs on eahc update or new release.,5,25,10.7.28,2020-08-15 16:24:52,,
gp:AOqpTOFS2JEsexOxEF0T2NhyyVxszDGt1h0X6x1havpi1kDot_deH27uij_jPAJUY5ZLbuRVEurWX0uH9EPF6JE,Hector Johnny Spartan,https://play-lh.googleusercontent.com/a-/AOh14GgyCWVCEMNxPKlSAwvWv6cL1C6uMHqbdLlfLOLOtQ,"So far very usefull app!, you can compare between what phone and people feel vs what the geological agency interpret the data! Some couple of hiccups in the interface but overall great app!!!",4,11,10.6.22,2020-07-19 12:16:02,,
gp:AOqpTOGvrONWGJaok4qxuG9cFh_ddQOI_FgunsTwFT2LbfwDQ4seaBBYoZzzQyVMeidYIwg9dGLJtZd7gyt8z1k,SALVOS POR LA SANGRE DE JESUCRISTO,https://play-lh.googleusercontent.com/a-/AOh14GiFzJELcGVzt0zzzqIunXOZ_9odTs54MopFwLdMvA,Good,5,0,,2020-06-28 14:45:39,,
gp:AOqpTOGNuO42xl093cWQt4aVKikf0cFCD7mri4mj8dNOShKbqbYEZFdyUxkmJOdDJY6e_UPf2gc5nhGrSAUBRzc,Wendell Jaime,https://play-lh.googleusercontent.com/a-/AOh14GhfOouthnZdkwf2PbH-IsZB4B-ZTwAB7qZilPBciA,"App not working properly on a Fire 7 (2019). Real-time alerts don't work. App loads content fine but no real-time warnings. I have it setup the same way on my cellphone and a Fire HD 10 tablet (2019), all permissions are granted. On my other devices, it works perfectly. I'm from Puerto Rico and its been alerting me 6-7 seconds before an earthquake is felt.",2,18,10.6.9,2020-06-14 14:30:19,,
gp:AOqpTOE9jMZ_UJI3QtxCc9U81cE0jf3vAlcbmcVcm7h_NM2Ig1xaaEfwhxAfYhgXI_JdOSnCGuqXSimzJXLm0jk,Amit Kashyap,https://play-lh.googleusercontent.com/-6-C2GXUT4ME/AAAAAAAAAAI/AAAAAAAAAAA/AMZuuckcuK4_HHu3LtIhxr3B3tT1Lueyvg/photo.jpg,I gave bad rating but i am again reviewing this app as it has made tremendous improvement and i can now see each events of quake in my region. Thankyou,4,6,10.6.9,2020-06-14 08:28:01,,
gp:AOqpTOEyDjwW5ADahFb9q8SbQwC9_Kn5aKrvfbFcd4EFPVd8x6eywOfOphNpR3RUxXJkeK9ODrDMqRfRORh1kUk,Lester Talbot,https://play-lh.googleusercontent.com/-mPrnIt6GFCY/AAAAAAAAAAI/AAAAAAAAAAA/AMZuuck-qY21q1wO7BjNNwpQSlys9zZQbw/photo.jpg,Best earthquake app that I've used,5,0,10.5.30,2020-06-10 08:14:53,,
gp:AOqpTOG-mvWUDMeEc6SYr8Rwdvhxjwo1c0qthqlj3BOrAPNHPZyPS4945l_R-MXj4YIqFAnSdRq0zAoHQi-4Yq4,Joyce Miller,https://play-lh.googleusercontent.com/-tgEcjpoUsIQ/AAAAAAAAAAI/AAAAAAAAAAA/AMZuucmlR18T2Z5YMU0uUnHGIi61Ckj4Cg/photo.jpg,Miss the tsunami notifications. Where did it go?,4,4,10.5.30,2020-06-03 10:47:44,,
gp:AOqpTOEWa1jCbdwIfb9mdWqMp8dA3jWWH-CLj9DimmMWrWaTx3S7kOYV9QMNfkal2xcn49coo9I6Ss9-Xavtzx8,Anderson Arce,https://play-lh.googleusercontent.com/a-/AOh14Ghfz4mZUOXHxbRnMgJqW3R2svfdAOMVcR0a2bb8sQ,"Muy buena aplicación, la uso a diario.",5,1,10.5.8,2020-05-20 06:18:33,,
gp:AOqpTOGfg0w50QpLrd0FYk5a9u2rS09Q-9mNHMkPcAPYgSkWy4potCBC-i4Zm7GmttCA_Y1vjKeCUP5YH3dDmlg,Christopher Nicassio,https://play-lh.googleusercontent.com/a-/AOh14GiDzwmaM5nLNn-Bx87qzzBPCY7D0_JkXC-IFtuYXg,Well I noticed that the TSUNAMI ALERT TAB appears to be missing. That let's me down because I know it is important. I use it all the time. It has many different features. Has voice alert for Seismic Station Data plus maps and even waves. Sometimes it will not be real time. It helps to get the settings correct. Had User reports felt events buttons. Has real time voice for User reports and more . EDIT :It's 2020 and use this app everyday. Still the best.,5,3,10.4.4,2020-04-17 16:35:14,,
gp:AOqpTOG_mzc3lYO3x0k2HLIwprpFs2oB5ARqNAfsQaQQcyHRgbjgIr30G1jEf_12GL5m_jihxM2elyQuXreotkE,GP S,https://play-lh.googleusercontent.com/-ByjMZh1DQeM/AAAAAAAAAAI/AAAAAAAAAAA/AMZuucmCY5eW4EGNkN9P55kOpM-pn86mBA/photo.jpg,Dependable EQ app,5,0,10.4.4,2020-04-12 08:13:30,,
gp:AOqpTOHZy7onTH8u3kSiFxIkCIFjFoDlwPMl1D8lEGgiRA-rkHSQNQXmQCF2q_EvTuczEdf-jR6Nl1pg6N83pOs,Sara Feliciano,https://play-lh.googleusercontent.com/a-/AOh14GgwS4YUZ588w-pbusKomv96vwAsvK209l6V_VOnahQ,Good,5,0,10.3.15,2020-04-01 09:45:09,,
gp:AOqpTOE5kmjIfUnTPiewA7Sni8Jz79msQ2Yy84TmlfjGDThARy1QF0ZPrbdxJ7NxweRrWMCV6P3HQy1N34tCxac,Rudy De Volder,https://play-lh.googleusercontent.com/a-/AOh14GgDS4CbLmk4KeCO4W7xoNBr7I3B_ShwgUOSxWqy1Q,"I live in the Philippines. Today there was a 5.4 earthquake at 200 km depth and 179 km away. Battery optimization was disabled, notifications enabled, PHIVOLCS enabled. But no alert.",2,9,10.2.2,2020-02-20 04:07:11,,
gp:AOqpTOGuQJ1VyqGjqnIzGK3RCJVbA0VJSIjylhz5KjIoujnSu6r3cOxBQIV7twxRn-yvQKrnvsdEBkGkAlBiVe8,Jorge Diaz-Gorritz,https://play-lh.googleusercontent.com/a-/AOh14GijJ9_-jgyD_6bogBXu0tReK_dewVdJtSbTZW-X8w,This is probably the best earthquake app that I've ever seen. It is totally worth it.,5,2,10.2.2,2020-02-16 12:26:09,,
gp:AOqpTOHVbF48U5Ps9IQYmRJj9Ll3IFdQ2qTYJovr0UHNrKYrWHViRthJAbUq0lJwTJ45f9Zd0pB8v04r7gIwBCw,Lourdes Fuentes,https://play-lh.googleusercontent.com/-bIRMAgyc31g/AAAAAAAAAAI/AAAAAAAAAAA/AMZuuclEbRxQxDFVUyDZRYbBmVQhROXQqQ/photo.jpg,Excellent!!! 🇵🇷,5,0,10.2.2,2020-02-07 10:25:05,,
gp:AOqpTOFtpfArYzjXDrVx5zwBREs_RIGnrq1lJdX5Thi9Ch5Ef9tOc9_tOpUjYjtZ9SmXWM2vGWpic4hDjNg3OeA,Alex R.,https://play-lh.googleusercontent.com/a-/AOh14GiwLFmln-LO4b3HJGUiWvPzP_2HZ6d0IMrfu-nYIA,Excellent,5,0,10.1.19,2020-01-31 07:50:17,,
gp:AOqpTOGoTpFWaopmAH649tamzh8I22svrZslduo7_uYkaW6dR1EHGrZTBesXAUD9GbjKoWMzx0fIS9AOfiFW_iA,Jose Melendez,https://play-lh.googleusercontent.com/a-/AOh14GhiQcQ-fdwFhvERMPpqMk94DDAIt8QY1FTXza3NWA,Awesome app.,5,0,10.1.19,2020-01-25 16:21:08,,
gp:AOqpTOFHaT85CyCOJhp_W8eXEJE_MFqSgXkadCMB0p30tK6HlDSgnpcw1Bjhk3UniS_xmk_TxRcn_e4mVzPFXYU,Merari Santiago,https://play-lh.googleusercontent.com/-IGy3RWc5c74/AAAAAAAAAAI/AAAAAAAAAAA/AMZuuclFvlfjfrXlgJeLtWP9F5wr1KgJZg/photo.jpg,The only thing that would make this extremely awesome is that if it could tell u how much is the earthquake,5,0,10.1.19,2020-01-20 20:22:53,,
gp:AOqpTOF2bAbfb8y7w-l3fKFGfr-RNxESSBNmLMEoXp0m2ml5u010K6dlb7m2NSjBbsGCYhuztmxXS2vKlB7xHPc,Lemuel Baladjay,https://play-lh.googleusercontent.com/a-/AOh14Gi0F3D-S_qfm-W6RvX9M6ekGnDM-SpR36UkhA6njw,"It is good app, but it is better if there will be an #EMP for better precursor or disaster predictions",5,3,10.1.12,2020-01-19 05:18:52,,
gp:AOqpTOGbSHhOjMrbWTPdTY2ztHe5ZGMbYf0WGnm3z0oBmuF3jjweGgl984kMHkLlHBYyIWtdsy_k5VR2cmEiaZw,Edwin Rivera,https://play-lh.googleusercontent.com/a-/AOh14GiyUZ5O9-B6OpT15wYwags6xrPGYKdTdnMJ_7JK5aU,Excelente App,5,1,10.1.18,2020-01-17 02:18:23,,
gp:AOqpTOHx-NvcGIBlU2j-TjfwFJ35-EFBeeL3-TBrrKswAb9FDCWcbGIcpJrJKodslHZRsgGjQS84LyjYRbMa9C0,Adalberto Rosado,https://play-lh.googleusercontent.com/a-/AOh14Gg8BCQICQ9cW093O-wRLWoQhStJTjndFCoBHx8BbH4,"Worked like as it should, received WARNING various seconds prior to quake",5,5,10.1.12,2020-01-14 10:08:58,,
gp:AOqpTOE6o8Cuy9sOgMv2-7vKimYEsAPUcuK6k5abZk09RlsOFfVjRxn7Hge0Rbwz8vU4AUFDKwnglFVFkcMxwpA,Hilton Cordero,https://play-lh.googleusercontent.com/a-/AOh14GjuJGpg4cVYyTkt0QHIHh1oKo_Bm-hlyUtFzm4X,"This is simply the best earthquake app I have ever seen. The fact that you are notified of an earthquake before the movement reaches your location is absolutely amazing. My country, (Puerto Rico) as I write this review is undergoing a very active sequence of earthquakes. By installing this application we have gained the benefit of not being taken by surprise anymore by these quakes because the app alerts us some 5 to 8 seconds before the primary wave reaches us. Very useful. KUDOS Francesco!!",5,25,10.1.7,2020-01-09 07:42:56,Thanks! Hope it is helpful in your country.,2020-01-06 10:22:36
gp:AOqpTOFSOCxuq96m4aeMF23Po5zs-ecmHoq2xGV406YsJDrcqRZVRYQVceguA6nrcmaK2IqojimTwhqzRvm96mk,Roberto De Jesus,https://play-lh.googleusercontent.com/-57XlmMtH4dw/AAAAAAAAAAI/AAAAAAAAAAA/AMZuuclFuJNC90opHIq-73uVcP2pqfx6uQ/photo.jpg,Very good,5,0,9.12.17,2020-01-08 17:20:21,,
gp:AOqpTOFyqZu3NkI8691a6_GQfoR3CGUNwI33p4v6Ms19ZE8El2h8bkO4hGnA-w6IicCMrNNFw_oomULqKPv4utU,MANUEL GUERRERO,https://play-lh.googleusercontent.com/a-/AOh14GhBNsVBnkt2UzrjSvqZFxPkSgXtXeZvlVSCfbuT,The most useful app I ever seen!,5,0,9.12.17,2020-01-07 04:16:23,,
gp:AOqpTOEY3UQJSsy9LLW8yNJyoLDTctNenD8WErfJasm20q99osey7TvLfUQZNP0rrEIobxkuIfkDCfT_ZrGJeTg,Jorge Sánchez,https://play-lh.googleusercontent.com/a-/AOh14Gi16IngIzwYAh_jFM1aZd6CdMvkTrmAmy3-6x2nY2w,In Puerto Rico is excellent. 🚨👍,5,1,9.12.17,2020-01-06 14:12:21,,
gp:AOqpTOExruqlJN771gVntxih78-4txgpYoaqs5PWq7bAVUKqoBfP8DZ8bHvmjBwSPNIMBPeKyc-WXTOkr7uRAeA,Angel Ramos,https://play-lh.googleusercontent.com/a-/AOh14Gh4ZmEnuxBnDdzY-Als9To5aZJ4DgFob8wPfoVr,Excellent app abd I am using the pro version. The bes I like is the way that instantaneusly lets you know one is been detected while you are feeling it sometimes even before that. Excellent work for the way the GUI was done. I like it very much.,5,11,9.12.17,2020-01-01 05:02:54,,
gp:AOqpTOH9JXPpevZ-Zpdyx-6l0lNI3wCE5EUi8AObf8zMccyJj6I7a_0nt1EzE0wJWNhPkYw52EaERtHzzeaPB_8,MAYRA COELLO,https://play-lh.googleusercontent.com/a-/AOh14GhYiyfpkk5alfp5s7uz-svBoGfbnS2b5CiljogD,Excellent app. It notifies me 10 segs before the earthquake is about to happen in real time and it give me 10 secs to protect myself,5,3,9.12.17,2019-12-28 17:14:35,,
gp:AOqpTOH-1wkj4dwwDxHxpNdGAtxQIHEQLMdKdfeRCw5vk_YiwHxFsmEjaakzBdEUDdVdFN3mrBt0FpDBqywJuVs,Daniel Winston Generato,https://play-lh.googleusercontent.com/a-/AOh14Gh8gEjiXfRijKgCEpLTgMBuu2LgMUvm6S3TdM34OA,Very very sloaw. It takes at least one hour before delivering earthquake report. Twitter delivers faster earthquake updates than this pricey app.,1,1,9.12.17,2019-12-26 05:29:09,,
gp:AOqpTOFVXR-5h0xYxGTrKo34KY2eIGJFKKt4_YjfCD8zFKmLtIPZUj1PW64SjxQzn_LNOrjKCZQRwDkZT2BaWhs,EMMANUEL MERCED,https://play-lh.googleusercontent.com/a-/AOh14GgP8xK_x7uRFofqYNG_5f-LbbuDekMdY0APCoPy5Lk,"Very up to the second alerts, dependable, don't take my word, try it. It or you may save lives around this world 🌎.",5,0,9.11.13,2019-11-14 19:50:47,,
gp:AOqpTOEzJSAFOERxHz4DqloM4cZ8cNXMzUK3ow8NviViPabfKu2WEN6g7ozAK6KnJBnI-cEvazso_G8Mk4helgI,Carlos David Sánchez,https://play-lh.googleusercontent.com/a-/AOh14GjxywtM6D0RoLJiswNeIuT8o9mLeWdu5C2kcpPimA,"1.2 GB on user data! Have to clear data and cache and reconfigure the app, it was eating my storage.",5,15,9.9.27,2019-11-08 16:38:41,Thanks for the feedback I will check if the problem is the Google Maps cache or something else. 1.2 GB is a lot even for Maps. Could you write me at finazzif@gmail.com ?,2018-10-02 03:54:35
gp:AOqpTOEPUF99O3X7GTKc_OuM_ZjtY57Pvw2xa8xkMXMj2iYuOqW49KLacFgVwOtqfjIyJFV7aepkJlkqIspHvmk,Scott Toborg,https://play-lh.googleusercontent.com/a-/AOh14GgXtYwm9UGM28AAV2d_k24U9RPTVqj9RKiH1xYd,"Excellent, up to the minute notifications of earthquakes. By far the best seismic notification app there is! Much faster than USGS websites for updating current information! Just wish there was a Windows 10 version to use on my main system.",5,3,9.9.27,2019-10-11 08:50:02,,
gp:AOqpTOE6H16Kl0FNFcnjLIrExnL0nUrZA639Z74Zfl69D3ep9Qn1mba52LvzQO-3uCw2m_jY9ZDU3yZBQUfp4nM,Francisco Vazquez,https://play-lh.googleusercontent.com/a-/AOh14GhKiatF7W0wg2cHrnuv7dCTjt3d4QFNiq3Q8bV5xg,I like to know what is hapen in the world,5,0,9.9.27,2019-09-30 21:00:43,,
gp:AOqpTOH4B8teO4jHC6zrIRz3OOZkpMYqS-YAn3O4PbiCdMtU8H9VysXg807ZmMApo8oIWmYEmHMZtRlr1uXN2EE,Stevie Lovelight,https://play-lh.googleusercontent.com/a-/AOh14GhlNaafehwbiCUFzOAWM5TJBOZ8SUmqBtr6MPs-CYU,This is TRULY AMAZING! This APP is in REAL TIME & the ALERTS are from REAL PEOPLE that are NETWORKING TOGETHER keeping each other notified as soon as an EARTHQUAKE happens! It also has many extra features that help to navigate in the event of an REALTIME EMERGENCY & allows you to add Families's phone numbers & emails to notify them as soon as an EARTHQUAKE HITS! This APP is by far a GREAT ADDED SECURITY to Anyone that is wanting to FEEL SAFER & have the EXTRA PEACE OF MIND in EARTHQUAKE AREAS!!,5,7,9.7.23,2019-07-24 21:33:25,,
gp:AOqpTOHqMEJan__Cm2Gmlj4agxg_hTVfv7mg9k87h4H4QbARz3cWxzxLLCE9C933h4MARQOMV-7_t6X4KU3oM7U,Pri Marcus,https://play-lh.googleusercontent.com/a-/AOh14GjYWB6RG-W3uIXEJIQ6wzfXIavaFf-QdAb7oYvmiQ,"not truly impressed, so technical looking (imo) vs user friendliness. but I will maintain for a bit just to see if my mind changes. ty",3,2,9.7.12,2019-07-14 09:34:32,,
gp:AOqpTOEniVux8slo7M02D2cbSOBDb9gypDo6khsNGa-EA0FVWdeOErJpWdx8BHdQL4kfbxHgRkhJ8NqMgtUWECA,booperkitty,https://play-lh.googleusercontent.com/a-/AOh14GjM-JlKS8XQiQiMps3WlNt80T1YwZXL1hfDHDXfrg,Very informative and easy to use.,5,3,9.7.5,2019-07-05 21:09:14,,
gp:AOqpTOF-wd0fDydD3LMNfnXEkteHFlSuSSzCYiw0vQCSAmbG5jHJMmLPCG-Bd2Jy2T4dJeOJQQgGgQ26g_lUS2Q,Sammy Medina,https://play-lh.googleusercontent.com/-DkbsZ1T6tiQ/AAAAAAAAAAI/AAAAAAAAAAA/AMZuuclPUTOc2TJapyQ44NmiH3tdZz-2pw/photo.jpg,the best.,5,0,9.5.28,2019-06-16 12:11:49,,
gp:AOqpTOEtxyhXCx99uoEr58MXZtDWYMb33XG7_cfhGDK6tSVAh3N5U-BJ0OUrDLweskQxb6KYaDapg3AyuOysrsY,Temistocles,https://play-lh.googleusercontent.com/a-/AOh14Gh-IES82wQt7sIRzCsR9hVLZ1ojXLHgaZAe34NKyA,good app,5,0,9.4.9,2019-05-02 14:10:00,,
gp:AOqpTOHIh36K371poZreZZorPez4uil__BqxsmfszyGZ_EjRvvclN7s-Q5BJRftNHtwDkiKrRGJ9CyTHnYweezc,kora loco,https://play-lh.googleusercontent.com/a-/AOh14GjrnpkdIvQRv3b3WByaUn8Nv4c-HlyQW-OWxPfG4g,muy buena,5,2,9.1.20,2019-01-27 23:38:00,,
gp:AOqpTOFBb99r1LgmFY-TMC-A6MB7A3WE0U0kfANegRZgZe3mZeL63GamK65_3xTWqpDhWWxNg7Tbp4T1YIbh99c,Victor Avramoiu,https://play-lh.googleusercontent.com/a-/AOh14Gjc8b6gQWBwYtClZCW_W83eKk3oYb4UFGEAStktIQ,"I have used this app for some time now and the detection is not very usefull (noyification is fine). It detects even a pencil drop on the same table as the phone but it did not detect some small, short earthquakes (level 3-4 on the Richter scale, 100 km away, felt for a few seconds in my location).",4,9,9.1.3,2019-01-04 06:16:22,"Hi, the detection is supposed to be for strong earthquake s. A pencil at 10 centimeters is stronger than  magnitude 3 earthquake at 100 km. Wait for a magnitude 5 :-)",2019-01-04 14:57:24
gp:AOqpTOESyxMlSRJGu8Jz6F6huuodPFJuyMZFkxLieZO5ZIhh_tl4P1k3UEr4FDSe7xHqrxg3ADZj1YP-yt5lz64,Mario antonio Navarro Tejada,https://play-lh.googleusercontent.com/a-/AOh14GhzCyPSiMQlBxhixK4piqTXhyKiaY6ZqXsvF-U14g,No informa de eventos de sismos,1,9,8.12.15,2018-12-16 21:12:40,De que está hablando? De que sismo? Cuando? Donde?,2018-12-17 01:21:33
gp:AOqpTOFmN_1QYUNiEC1kTOdn2HMrLiHDyc5mHvr-XFy1s2pZqFp_m7xhP61T7He3g7UHcBZbAL0AAf-SukWaoe8,Abhishek Prasad,https://play-lh.googleusercontent.com/-z8ibntvech0/AAAAAAAAAAI/AAAAAAAAAAA/AMZuucmoXPRyQQowsTmp3B7bc3BvIsCrxA/photo.jpg,"This is my favorite earthquake app. Very easy to filter earthquakes you want to see. Also, choosing to set notifications for desired magnitude of earthquakes is straightforward. Also, it doesn't solely rely on USGS like some other apps do.",5,8,8.11.3,2018-11-03 02:30:47,,
gp:AOqpTOHSxrM1YdvE-WmBp-cxUJpKiheZqGL4Ce6X4QLs6ciauCNbul_Qjl3sOnPfmQxKVk6mIW0kYq2lSJpk3ak,Nadia Nady,https://play-lh.googleusercontent.com/a-/AOh14GgrF3ZCHdAeK5m9nmtns83K9arBFS28HRD_77Wq,Meglio da quanto pensavo !,5,0,8.10.11,2018-10-13 13:52:29,,
gp:AOqpTOFpaGxS1AseyKnlEfWq-jY39wJfmPumpMccGMKHDCFhsq8muJi4DMNC94Ni7MMSEXtb3D8IIedVUMuO9Jg,Paulus Hutagalung,https://play-lh.googleusercontent.com/a-/AOh14GjNhL4wF5eFMo7puCGr76GzmCFDZiylbczJLuOc1w,Filter didnt work. I want only within specified range but it alert the whole globe.,3,3,8.10.11,2018-10-13 04:23:59,"The filter is not for the notifications, the notifications are changed from the configuration page",2018-10-13 10:15:15
gp:AOqpTOEXIKDMja9ibgfw4U6AdFJwVUKGzW8ALLdoeNmcCCV12INFC835Eg4n3InPHbm2EEW-vNwykXxgGzti1jw,Stephen Burbank,https://play-lh.googleusercontent.com/a-/AOh14Gi-2_DaCWzF35hANoHlPZ_cEt7Vf2Ywxl6mNszP6ck,Mutch better,5,1,8.9.26,2018-09-26 08:33:29,Please update the app to solve the problem,2015-09-13 06:17:17
gp:AOqpTOGYP5kvBaWCBQlNVzTlH72W50__-yl_zaKHHgQv3O9sFn-F6KJ5etHEVVzYPT9OGoE0f2N-tog17pdhCSg,E S,https://play-lh.googleusercontent.com/a-/AOh14GjjeiVo18rk1kL0uvLpGkYZyNz1iXYQDEOVwuTsLA,After updated the latest version I dont get any seismic update,2,3,8.9.4,2018-09-04 04:07:54,Hi send an email to finazzif@gmail.com for assistance. But it is also possible that there are not quake in your area.,2018-09-04 14:44:31
gp:AOqpTOGtGBix1AekCWCQouNHzbEsaSRFEKJKg2YA-zWrt0KSR3zC3SyIWQv8ptPzT4Jdn35VOHa-fDdI1SM_GuE,Kiyoura Setsuna,https://play-lh.googleusercontent.com/a-/AOh14GhJH-c5tAELGnMI5pJ2oVBA90ExzVpnQcMfGiV3MA,"Gran app avisa los sismos tienen que configurarla con sonidos de alarma 
para que la oigan busquen los tutoriales en internet. Es muy buena",5,1,8.4.26,2018-04-28 11:25:16,,
gp:AOqpTOGnvOi_BbVD5Dtd6KPG9WP8MVta_DSOPnq8x92c-PvnkJ8wqb71GV13O0VIz74VeTGkOvEZ9KH_avy8nYE,kees van der vlist,https://play-lh.googleusercontent.com/-MpZjFP5Zi_c/AAAAAAAAAAI/AAAAAAAAAAA/AMZuuckN6wLcuyceeLWHRTAZ1fG5-dZo-A/photo.jpg,"Gebruik makend van de mogelijkheden van de moderne smartphone krijg je een 
enorme hoeveelheid data",5,2,8.4.5,2018-04-17 01:16:59,,
gp:AOqpTOGtkbmzblAoiJjHlpGD0lMoPxIjwm6tkNfSZWvf2NtjMGyRvbtbB4S4bW8IDNJ3ADUL1nkemCIOkVhKSrM,The Boss Sr.,https://play-lh.googleusercontent.com/a-/AOh14GhWs0Pdli-dE3rfFcH50RmsgPNl_H4TE-Cw7AJXeIM,I like it thus far & it has kept me up to date with the alerts.,5,6,8.1.29,2018-02-05 10:03:29,,
gp:AOqpTOFIJDk6F9ooMHXbDBpEPQCn-1Gw3iH4X7rmCB-p7H8nB8ywWlWfUT2NDqFTOijcoNl8InyKRB3wgADiZB0,Jillian Tovarek,https://play-lh.googleusercontent.com/-r0KpXRyL2FY/AAAAAAAAAAI/AAAAAAAAAAA/AMZuuckw4g2MYRp-0RX9-Gniqx8Qz3g7zQ/photo.jpg,"Won't even open. I requested my money back, but haven't heard from the developer.",1,0,,2017-12-19 22:25:17,You never contacted :-) Write an email at finazzif@gmail.com,2017-12-19 22:48:20
gp:AOqpTOG_gMoD8fsPo747j6O-IgdkGux4GeykCGwnXCrxLwYsINZhYDhotFIsvGFMpg0b3KdkhK_EUxjE-4ciZEA,A Google user,https://play-lh.googleusercontent.com/EGemoI2NTXmTsBVtJqk8jxF9rh8ApRWfsIMQSt2uE4OcpQqbFu7f7NbTK05lx80nuSijCz7sc3a277R67g,"I love what it's supposed to do only sort by time or date don't seem to ever work quite right. And on my LG G6 (this only happens when Earthquakenetwork Pro is installed, I tried uninstalling and it goes away) there's an intermittent/random loud fast busy signal alarm tone that sounds over the speaker for no apparent reason the sound is not one I have set for anything. I don't even know it's name if there is such an alarm sound to be used. I've tried them all and never came across it. Anyway, it happens at all hours, day or night and sometimes when the phone is left alone, not disturbed in any way. However, it appears to be related to the proximity sensor as when the phone is on my night table by my bed and I reach over to get something else it will often make the sound right then as my hand passes over it but it is not disturbed. What's extra strange is it will also happen at times the table is bumped and that would not be related to the proximity sensor. Neither one happens every time but there is a definite correlation between a hand passing over the phone and the alarm and the table being bumped (but in no way involving the prox. sensor) and the alarm. It's very annoying.",3,12,7.12.3,2017-12-15 09:52:03,"Hi Edward, that's the vibration alarm that goes off when the smartphone moves (not necessarily because of an earthquake). You can disable it from the configuration page or set the sensitivity to low. Write me an email at finazzif@gmail.com for more details.",2017-12-16 14:16:59
gp:AOqpTOG0L2JqLjEE_Ko2M4lioPsFFGqBNsa5Fv8FumPhs4G6E9cFns1atMuwsdZLsdOsHARu9IxywcGZPsLgQf8,Adrian Hibert,https://play-lh.googleusercontent.com/-LAEM7HKfDHs/AAAAAAAAAAI/AAAAAAAAAAA/AMZuucklx3uJ_vPuxUN_ukTyKh5K7u8mWQ/photo.jpg,La mejor app que hay para avisar sobre temblores. Te avisa con anticipación eso sí depende de la red de smartphones pero es lo mejor que hay.,5,4,7.10.10,2017-10-18 13:35:59,,
gp:AOqpTOHIdxIF8FYZtX1aP-kByGC4ZV6TupV_2FWriNXP33-mu9hD8ilJLxktwU5ELwVEobwkzKlIbQPBdilogII,ricardo p,https://play-lh.googleusercontent.com/-wzXDXiE3A5I/AAAAAAAAAAI/AAAAAAAAAAA/AMZuucnbWuVv-90_KtY0HFsppkUMlsxCJQ/photo.jpg,very good somewhat stressing app,5,1,7.9.22,2017-10-07 09:07:56,,
gp:AOqpTOHrB3KFjqt4Aet-pt1M1IDz5tqi1RhVCCWWpxVFmYyrtE1q6S-5EwBaaj8VXRyeosGwOQM_C40wlrab3c8,Jin Akanishi BEP,https://play-lh.googleusercontent.com/a-/AOh14GgoNNmTWcGnKg26TyH3EJKm5TtJ2nILmqI97-Zt,"I think the earthquakes arent real time enough and accurate enough. I felt an earthquake in Kanuma, Tochigi Japan. But on the map it lists it in the ocean. So, I may consider to downgrade",3,1,,2017-10-06 01:48:30,What is so strange about feeling an earthquake that was in the ocean?,2017-10-06 10:22:32
gp:AOqpTOFTKkWNEPvQo58LruaLbOyOc3LJ__1cr_G9sdEcHNuF5Y5bFqgiwP4qwWo0xTzS3zi79myPyaVQ-sCY66c,Laserdude,https://play-lh.googleusercontent.com/-Vu9e60yCoQ8/AAAAAAAAAAI/AAAAAAAAAAA/AMZuuckhhtyR9mKiU2hmr6kIAHhiDOpp7g/photo.jpg,Great application!,5,0,7.9.10,2017-09-27 04:45:27,,
gp:AOqpTOGBeKOONYiP88zWAFGQAEUibCtLsT6AKBBqBsbmRepwenDwgqXfpYa1Yt1lJbBRhOvPRw795irV6foYkSU,A Google user,https://play-lh.googleusercontent.com/EGemoI2NTXmTsBVtJqk8jxF9rh8ApRWfsIMQSt2uE4OcpQqbFu7f7NbTK05lx80nuSijCz7sc3a277R67g,Excellent.  Got this after Sept 19 earthquake in Mexico. Works extremely well. Upgraded to Pro version.  Highly recommend. Does what it says,5,6,7.9.22,2017-09-24 02:36:04,,
gp:AOqpTOE4zLSXRj25XjOGdsj_NIHsGOMrJN-1lCZ5ivv2l4ThoHBOZEuF5GfRGjElys5n0SHt_8Jda0IXaEIbzUo,Carlos RM,https://play-lh.googleusercontent.com/a-/AOh14Gh_UYwnQjDa9_MKpJ5nQNdrWCjgKjOZ2LYhKMRLVQ,Quien es lucho 131 Me bloqueo en el chat.,1,4,7.9.21,2017-09-21 06:30:01,Lea las reglas de la chat,2017-09-21 12:33:27
gp:AOqpTOFOp69MZTcWWXgMuSUPKpR8cSbmHQnO_AJJUTOiCHtF6MzXpLWQEf8_zcQTi7KnLF3O8Mv05umUxujWod0,Chris Nicassio,https://play-lh.googleusercontent.com/a-/AOh14GgnEogd0HVhnDeCN7UMe7TvlIrml3oZHtQQp3mJ9Q,This program is great. I use it daily to help me make seismic event maps along with data from the USGS.  Thanks,5,3,7.7.13,2017-08-06 23:14:27,Hi Chris write me at finazzif@gmail.com,2017-08-03 14:41:41
gp:AOqpTOF0VRcp87Br86SmTfzWgP_wBf12ThM65jBL0KbLIMs97rxUpo8ZOp9aOAU96_Vh8JON-vim3EPCjxJ1a4A,Dan Blocker,https://play-lh.googleusercontent.com/a-/AOh14GgKki0qjNCza92IUBzIn_t22Ifkg8NqXBhYTwyJMQ,So far seems to work good. Still learning how it works,5,2,7.5.7,2017-05-05 06:45:21,,
gp:AOqpTOG0NTOyPwBNs6GAzjyxIeCsSd-RPB0r2Zjlg9_Qid7ekCsOIJgwwTcfFERYxBhe9PIbizmkXAjeJ2ewRHA,Daniel Garces,https://play-lh.googleusercontent.com/a-/AOh14Gj-9Cs5zSB8GP2Ks3SWKY29TzdgEQNgI5OoWTZ-oRU,Great!!!,5,2,7.4.25,2017-04-26 02:19:48,,
gp:AOqpTOGWnSvPtNvEqqktrJ_GoMlSuXJrh8EjG1YKnCYVL4iwTcNMO0-qDLzQp8RzqCsGeUjIDffClHTm8MQBFcc,Diego Merani,https://play-lh.googleusercontent.com/a-/AOh14GigNQr5Nk-mHdvd-KG02aOMNzyezm6Pqe1s6i6x,"L'app fa quello che promette, lo fa bene e con un'interfaccia gradevole e funzionale. Spero che gli sviluppatori continuino a migliorarla ed aumenti la base di utenti. Sarebbe utile un'opzione di opt-out per evitare che la posizione dello smartphone venga segnalata in modo preciso sulla mappa; di fatto, in zone con pochi utilizzatori, e' facile risalire all'identita' di coloro che usano l'applicazione con tutto quel che ne consegue in termini di privacy etc.",4,3,6.11.5,2016-11-05 23:25:56,,
gp:AOqpTOFylG117B8pcgu6CXLDFDU4vopIhFPW8dnd-uG8Tf5_qHXw0jbUJNAt5KWGT05NQoNC1h8ik2YabzaD988,Marco Benini,https://play-lh.googleusercontent.com/a-/AOh14GhiJiMq7AGupAZ0Y32ciqVRD9BEalGtlCNLUf22Zg,"Funziona molto bene, ieri sera allarme terremoto con parecchi secondi di anticipo. Molto buona",5,0,6.11.3,2016-11-03 01:50:48,,
gp:AOqpTOG5ezw87TtCFP1YuIkG72y7ao7j9Cc7Q8bV4p0CuryurgPrxk8PeqBEggbiWgRsi-KA4nz6AkOAuc8Djq4,J lynn cole,https://play-lh.googleusercontent.com/a-/AOh14Gjmp9U--T1dnwe766j_1V7YKZxwgwws8zp1Swqyev4,"Great app, love the graphics. Suddenly its not quite as fast though, idk why. I, for a while, was the 1st to get a notification about an earthquake. Im sure itll will get back to normal though ;)",5,3,6.10.2,2016-10-04 21:27:57,,
gp:AOqpTOHNsJtXF327Yh0R1WGZfpAhwX06Tlz9Xpx0AIvoHYmY8b781k9-gNfiE8V-Mh9cde5VzlcmnDK5KF2Vu4U,Patricio Recalde,https://play-lh.googleusercontent.com/a-/AOh14Gj_QRyeuj173LAthYJX9qBBUTUuMRDqkK0tJJLYDg,Good development,5,2,6.9.5,2016-09-09 05:58:09,,
gp:AOqpTOHJEe1U6BpFKDZuAGRF_XzgA18u8xMPlVcPQcYTA0DFEP6__1Gth_TXFBZpqffE6qu9-4xRnFhsCFHigdU,DIPYO Much,https://play-lh.googleusercontent.com/a-/AOh14Gj1CUAdYtRTXVvSFDr4WWVnzjwBUPAQmNbJmD9nm94,Try it and see just how good it really is!,5,3,6.8.25,2016-08-29 09:03:14,,
gp:AOqpTOEW001KGb4m1epj_ylzRVR9VWdrRksPN5yRO7VussdXUseiaGjn3yaZrzjSG0m67o_UNi3KUUsQQ8SnfSo,Adriana Escobar,https://play-lh.googleusercontent.com/a-/AOh14GjtPVJaVyVtLILwTwgDDWBZ-B5ucbMFOEq-orZSvQ,Informatica,5,0,6.6.2,2016-06-10 12:00:00,,
gp:AOqpTOFNEnYpr5FCf5-nuCcKYxZPrjTfiUEJsD-uCtOH3-uJZ9N_wRYzry0GVVGanQz7tLsqfUckHzs1okTuDig,Carlos Villanueva,https://play-lh.googleusercontent.com/a-/AOh14GiKFPAbaH8LrDJ1_UWVyuJOUzrLUxw7EvlxXfJCotI,"Sound alert sometimes when any notification, it is very extrange. It an annoying bug. The look and feel is not good.",3,4,6.4.27,2016-05-15 16:49:11,,
gp:AOqpTOG-_NVCrogcnYBhNK6nUTQxVFhPBedKWDkE0HY5WrfYFcgmnHvCSKDCMA-LorNPAoE5E0K_dMvjcDnUcic,Rajkumar Ray,https://play-lh.googleusercontent.com/a-/AOh14Ghi2NDAEMcnWcC8OJSlhpbPT1xGincP9DcwveaQ5w,Not good,1,2,6.2.14,2016-03-08 02:35:45,What is your problem?,2016-03-09 07:13:09
gp:AOqpTOH5gd3Wl63RSB3a0KiqItp6uTOOEL9PsjJTCfU8cPh3Rin9aowC6qjgZ-3XjL2--Q67sqAxOxNeiFkplHM,A Google user,https://play-lh.googleusercontent.com/EGemoI2NTXmTsBVtJqk8jxF9rh8ApRWfsIMQSt2uE4OcpQqbFu7f7NbTK05lx80nuSijCz7sc3a277R67g,Muy buena,5,3,6.1.19,2016-01-28 22:41:27,,
gp:AOqpTOFJb58y2jlixx18CN-rlfEQHirAQFARHqADF32wKTnyDEpNCHGqMgn2YNELeDtqQ1HhXf3lqsaWz4TZs9g,Gary S,https://play-lh.googleusercontent.com/-kcjSc1Pd_h0/AAAAAAAAAAI/AAAAAAAAAAA/AMZuucleoo_riPzZdRRpEBeYmJ2KqRJxFA/photo.jpg,My primary app for earthquake notifications. You can check this and see a magnitude before it comes up on the news.,4,2,5.5.23,2015-06-01 16:10:17,,
gp:AOqpTOGPdJXmDZCoDg2e4Kf94wd5rdmeKss1JjpPGXR4LIAICHY84HrB5qJ1bw7Ai6Zu_Dvkc_Q4ip7EmqajSbs,José A Camacho Torres,https://play-lh.googleusercontent.com/a-/AOh14Gg4V6mdVpRlW698EYUtf_UzCONPmCtInh1vrIIfiw,Excellent,5,1,5.4.11,2015-04-27 18:50:50,,
gp:AOqpTOEkf_eUpws2ZUOBTgj2waswSaqvk5kPVKju0VncM4LJN2Wm9Hv1IT2_LpUh-0YCw9xhcd0F91VmFH8_pGA,bouncy carroll,https://play-lh.googleusercontent.com/a-/AOh14GhcGat_TxgvdLJFQHa8eb8ZRD1PaRg9CZwvxgQsnqc,Still not updated,4,1,5.3.7,2015-03-06 12:50:41,,
gp:AOqpTOEsJoUynmepWWP9NTPU8WqxmScMZbw8iS2fwku4_77MICfU-md-ZEdQBNh9T9t8ZsDAtEDTVMShdIpOQ40,Ligh Tracker,https://play-lh.googleusercontent.com/a-/AOh14GhtOYkq_CaZmziZB-8oHAmPtK5cyaHx4jLWyKzC,Great app with some unique features. Dev. is quick to respond by email.  Keep up the great work.,5,1,4.5.20,2015-03-06 06:32:35,When you open the map there is a menu on the left that you can open with a gesture from left to right.,2014-04-25 03:56:12
gp:AOqpTOHvfH8aq6ZPwdud4GzrYuCVVw8_o6b528XcSLdfswkFj20EH5BY5NpY3zgfcoeDVHCCTf-FrvLTqzABR2o,Matei Bogdan,https://play-lh.googleusercontent.com/a-/AOh14GhsSNpB6NwT2vhBhZlFEmmeOtqhpO4rm-cupEA5gA,Nu vad nici un motiv ca fiecare posesor de dispozitiv android sa nu folosească aplicația asta. Foarte utila mai ales ca Vrancea este din ce în ce mai activa. Atenție la raza de alerta ca pe mine m-a trezit de câteva ori pana am setat-o corect.,5,1,5.2.9,2015-02-19 20:17:03,,
gp:AOqpTOHmoKRuO48qu3xP-_9SZf3r72cgQ0CAUTpxb-StVpUK8DFLyse8QzS_Ci-dp7OdPGZXQuurclbZEFcueLg,Juan Lajara,https://play-lh.googleusercontent.com/a-/AOh14GhnmZaHaVlq1E3ERgLojRV8dFlFCUkDPZZq8Xm0c2s,Nitido,5,0,5.1.20,2015-01-20 03:19:59,,
gp:AOqpTOH2er8zo_CJADwYAJPxkzf9oAkohk0TBo4PF0YX1JEHIDMKh_VKZVKJ0fnHNVv8ufRlC4l9mTMKgG3ISQ0,Alejandro Villalobos,https://play-lh.googleusercontent.com/a-/AOh14Gj6-LXjQaUDoRfMSddLIbuZhguB-dmBQEF-3J7KHg,Really good improvement in last upgrades. Device network is working good now.,4,1,4.11.14,2014-11-14 16:31:56,,
gp:AOqpTOF2UuifEHQ4Z-PuEpD6JvdrmSoa4DztSxq8Ix08qqU70JVEYRD4KwWPN-8fEDpn0ScyigrRYKVaASL2Q5s,Jay Bird,https://play-lh.googleusercontent.com/a-/AOh14GjpxVcPotzxp7gsgbPl6O4XrFaPbIu1123kuVRf,Don't waste your money,1,0,,2014-10-17 19:11:12,,
gp:AOqpTOGZGrTHZkfpkvTvZWPFpZUTMrKP08YVWB9gN13UW_A_MBsMCXk6P8cT7KGn--LqcXemMC4Hwh7RGrR9-xE,Nelson Figueroa,https://play-lh.googleusercontent.com/a-/AOh14GiWtduQ4SYO-2mcN4BO4a5Xkg4khf0AJgV2Vpgpsw,Awesome :),5,1,4.5.31,2014-05-30 23:49:00,,
gp:AOqpTOGQep3QI5b1ke5h36xH-CO2N0Tg0e-Xzkmc_y4CwWoxSjo-R90p9CDKMAVxvpV53ypGMyzj4oIll3zOk2Q,A Google user,https://play-lh.googleusercontent.com/EGemoI2NTXmTsBVtJqk8jxF9rh8ApRWfsIMQSt2uE4OcpQqbFu7f7NbTK05lx80nuSijCz7sc3a277R67g,Grand considering what it does. Much room for improvement. It's vastly different than other programs. It's good on interaction on a world wide basis.,5,4,4.5.20,2014-05-22 22:31:07,,
gp:AOqpTOF0Lyhmj7CJTCG89eWa5VY_bxEhH6L69fI86SGDf5mO152kSy2ys-NHOgB2NQmtsYyFlKNps9R9yhFKrNo,Yvonne Beretta,https://play-lh.googleusercontent.com/a-/AOh14GjB-ksnH7tbxHp02zf-Lf0W9Eb_zgC0TdCh3IxOQw,My constructive criticism is as follows: -All Web Master Info should be able to be translated into all the options this app offers. -Any contests should have the  rules where there easy to find and understand  in all the language offer for this app. -The User name should have atleast twenty spaces to put avatar user names or the person name. -when there are false alarms or abuse notifications they should be abruptly. I am rescuer by prior profession and this should not be taken lightly. Sansung Galaxy Note3,4,0,4.5.20,2014-05-22 17:20:46,,
gp:AOqpTOHAL4d9XfM4waJRCssmy1e1P_2ph6HDyAeRQxi6mAVMQDhfwx5P6XKEKdpz4xe1rtzv-UrO6W7WQJ3h9W4,Cyrus Steigelman,https://play-lh.googleusercontent.com/-5RRpvtVZra4/AAAAAAAAAAI/AAAAAAAAAAA/AMZuuclRlkSr_j-e57LP4f-kaJjd5jqiZg/photo.jpg,"Pro version constantly crashes. Can't pull up maps or information, if I click on an alert icon in the notification bar, it crashes the app. The non pro version works seamlessly. Please fix the problem  with the pro version .",1,1,4.4.22,2014-05-08 13:49:07,Are you sure about this? It seems you are the only one having this problem. You could try to uninstall both the versions and reinstall just the pro version of the app. Contact me at finazzif@gmail.com if you have problems.,2014-05-09 07:38:12
gp:AOqpTOEtKYbRGHtweo451jeErPY6p7IbNaU-UF0l76W-kwi3vkWyvTZoExdhIfuFUW_EcBYtFIW2OTNJHiX8laE,Jacob Daboul Sr,https://play-lh.googleusercontent.com/a-/AOh14GgOIPBDTGFyxEpIIlFOOkBvYb3S0LQW-UZ34x2KiRo,There is absolutely no reason why any Android user out there shouldn't download this . It doesn't use any battery because it only turns on when its on the charger. Thank you for creating this app!,5,3,4.4.2,2014-04-02 19:37:29,,
