reviewId,userName,userImage,content,score,thumbsUpCount,reviewCreatedVersion,at,replyContent,repliedAt
gp:AOqpTOFf16rhxwg6wk2TjSrfJfJwrDJ60q0G5uj3PyFBRCiw1tNxnYUACVzSNla-MMycale3fkwO09lwxpWB,Brandon Sanchez,https://play-lh.googleusercontent.com/a-/AOh14Gh4SMYHa4qogwUp0TkNdlBx5UYMeJQb1BAudDPuDA,"I noticed a lot of frames are missing, along with some lagging. This is noticeable in games like Centipede and Megamania, as well as Dark Cavern.",3,0,1.5.49,2021-02-08 02:42:13,,
gp:AOqpTOF8xR2iOgWio86HfcHd8cc3zf7fF8-4XcDPp8PkGlfdCg3KfgKMW-k3O8P8pwHvxkl8wqJ9Q2Gaxm4V,Danielle Furry,https://play-lh.googleusercontent.com/a-/AOh14GhpxsNp95Vxd20B7XcncanY7Zfll-RwfQzsusxNqQ,Emulator works ok but has no games with it so couldnt really use it disapointing for a paid app,1,0,1.5.49,2021-02-06 21:21:58,,
gp:AOqpTOF7nU0HHQgeG_UbypsQgIMYPtUKZDXiTIJrjPHVb4jbonAwa9pWM46HQF1hukYPz6eSQuacyGjjnt_A,Michael Parr,https://play-lh.googleusercontent.com/-i0PGQAYXv7I/AAAAAAAAAAI/AAAAAAAAAAA/AMZuuclRysEQHxzYcSsyaqEbKglnHn4Zgg/photo.jpg,Great app! have no problem running it on my Samsung S8.,5,0,1.5.49,2021-01-11 10:55:30,,
gp:AOqpTOG2FK0gpFlA64qPMQglR8_QqzApKL-tNkJVHNTrNtaqDPFYecd_bYOJAkOA_HoNd90pXnd7kyLTc70L,Arturito Dingo,https://play-lh.googleusercontent.com/-57IL-7CKmKs/AAAAAAAAAAI/AAAAAAAAAAA/AMZuuckaCAwoEVhFtAMifIgg5KLAKdtIrQ/photo.jpg,it does not work,1,0,,2020-12-17 17:58:45,,
gp:AOqpTOEOaONTvWuUH4bfw00hd07Xpfof1_NFjH0VbQhUSmJda3Fd1t9ONgWKmJc_JbPm8ENxbvG8h_YZaN9m,Kevin XL Gamer,https://play-lh.googleusercontent.com/-rqTNBichL3o/AAAAAAAAAAI/AAAAAAAAAPQ/AMZuucmnSeH-PJpxRbceUqvVT5FtupEJdA/photo.jpg,The only Good Atari VCS emulator on play store and only legal means to get it is buying it im enjoying it and able to play rare Atari VCS games without searching for cartridges and i can also play Chetiry(Best Atari Tetris HomeBrew) on the go. And i can play My Favourite Atari Game The Smurfs on my chromebook to just have more fun on my Chromebook,5,1,1.5.45,2020-11-19 00:28:40,,
gp:AOqpTOEEOlnZ-KqqeUWHF_AmJ9cxNMhVRDiOI0gbFRKLQS87GO0mi3_SG9Dy9mre1YPE3HjzFRvfemu9QsYt,Kevin M.,https://play-lh.googleusercontent.com/a-/AOh14GgopDDOlT2shfwGK-M0xzboqCoqHMLKENflGCt7,Excellent emu. The only bug is that you cant cast to a Roku tv . There is sound but no picture. ? 2600xl emu has no problem with this.,5,6,1.5.45,2020-10-30 15:31:53,,
gp:AOqpTOGYC29235wf5UpfPwiISh1NI_Ju2OU8acTN-hlIOaECn-4ONTNO9W0-Ob0kN7q9vRpIORCKYaJb4dDH,Venom,https://play-lh.googleusercontent.com/-lFVZxX6wpbY/AAAAAAAAAAI/AAAAAAAAATc/AMZuuclR6ccJ1B8cwe8O3wZtQWNeLcmWQg/photo.jpg,"Works great on my phone, ... can't wait to try it on my tv box.",5,1,1.5.45,2020-10-13 02:05:52,,
gp:AOqpTOGcvN7Szx33DUhkCFcnLIrhIw7FhZCBA1ZwjJ-uSvp1h-eVNpA2X11Ok7_OZA7i7yrbxBb5SOHXO4dn,SA Ahmed,https://play-lh.googleusercontent.com/a-/AOh14Gh0BHRz45kRpMazTpFNi3h06l0q0PfnkLx47ySN6Q,Indeed,5,0,1.5.45,2020-10-11 15:24:53,,
gp:AOqpTOFtmXPZeUC6RzLhXuQm5XoAvIRl2zdew8O7V8_YvaZ1d740Am_ueCrSlgBABmWsKVfBHetqougPXV5p,Michael J Casazza,https://play-lh.googleusercontent.com/-OLwbXJI8jk0/AAAAAAAAAAI/AAAAAAAAAAA/AMZuucnUNhJMBjvWQz1FfycIbMlfsYnSug/photo.jpg,So far so good will update as I test it out,4,0,1.5.45,2020-10-08 22:47:58,,
gp:AOqpTOE7Nni-eyWxoVyh90LdDh1lzedW2GJkDSBWZqalb4XCZB11tnYga0xb1NmNgR359C-TTxHzPhOqAZyw,Flerger Bergitydersh,https://play-lh.googleusercontent.com/a-/AOh14GjHcJozo3atl84uzl199HNJy9Ury0nonWnH_fTq5g,"Sleek and refined, but light on options for the virtual controls. An option to use a slider for paddle controls or a simple bar you can drag your finger on for the driving controller (like the paddle controller but spins infinitely) would be great. I would bump it up to five stars for those things alone.",4,2,,2020-09-19 14:29:14,,
gp:AOqpTOHAS7T4c9IwdnP9xWlfLyEJlzr3ZMsw7nNU-6xg2EaNC6NCK7vK3Q-IzIMxNSk-UkUS81D6vCNDDxTX,Ben Wood,https://play-lh.googleusercontent.com/a-/AOh14Gi9pxUQxNAcB6s4fV8WT9ozAnTXTGo3X-OiLv_HUg,Does not work. Tried with multiple ROMs which work fine in other emulators and if I'm lucky I get buzzing and vertical lines of random colors. Need a refund.,1,1,,2020-07-16 19:17:58,,
gp:AOqpTOGdUM8YsNnoqbNB0YVcn3W9Iw9P6bZSWxbHp2I8tTW584yLhfxgHkRc3MqwC7pLtwRYM_zLvxKYXgmk,Rainer Haage,https://play-lh.googleusercontent.com/a-/AOh14GjlJba0yPNVDWSd5uo3cI3HPpDgocsbYIo9eHkRQA,Stays just black after launching the app. The developer responded to my support request after 5 days.,2,5,1.5.45,2020-06-09 11:33:10,,
gp:AOqpTOGnHNv_2CnMPkbrotcR7GlIoA49GfVeVOimgJ6Dp9ADpgHEFinJzlF0gmG8noyiMn4YhjMY-_-nXG35,Jeff M,https://play-lh.googleusercontent.com/a-/AOh14GgVo-mOpyf6Ye5Cf1rIko-TUtqpTAE2v_Hp3OAbSA,Thank You for paddle support. It is so great been able to play Super Breakout and other great paddle games on the go.😁,5,2,1.5.44,2020-06-03 16:17:06,,
gp:AOqpTOEOhXrzdvrCFj2ukSovysc5GMSJXli-ZYtCMVYEWo0z3MDqSRleK4RnkeOgqg6t8QiedCiHbGiECctu,Philip Jordan,https://play-lh.googleusercontent.com/a-/AOh14GjLSSPEuj0nL6qLOF3bdfI7sm5LwkBz0uv1u4NeHA,So far so good. Got a roms pack with 2500+ games. Looking forward to bringing back childhood memories.,4,1,1.5.43,2020-05-25 05:02:04,,
gp:AOqpTOHdHa6ApkmMMrdOWrujo1NVgw41LEbStlW3li-C-A0tOG89rL73aVeHEb1_y3cU-tcqwOJRK2R2q3ec,Jay Stout,https://play-lh.googleusercontent.com/a-/AOh14Ggn9VivWFgYSeVQjyUuJhgMBpFUwxLZUrFbzfhT6w,Back to working on my chromebook... like an old friend coming to visit. Very pleased to have this app functional again.,5,17,1.5.43,2020-04-28 17:10:02,,
gp:AOqpTOFcn9OyNt0hA660-1LhtAb7L1R4at1iw_xNJsUxTaW_Git6s6FJVN_AcDCJ6rc1Jt7NCz9xtImvYvDT,Andrew Vrba,https://play-lh.googleusercontent.com/a-/AOh14Gi92rzz0BEuSTpMkTr_UuwUykL48oO3x8ZjCQ1i7w,"It's light on the bells and whistles, but it's functional and has full controller support.",5,1,1.5.43,2020-04-17 13:19:25,,
gp:AOqpTOFFE-AR4gMuBUf3ti93SjJ99kiRLVhKK_1i9scoLe8zryLUHZMbxZY-Ea3nl7qXijXFRd4dgWI4ClGI,Shane Williamson,https://play-lh.googleusercontent.com/-GD7YWGqwNlc/AAAAAAAAAAI/AAAAAAAAAAA/AMZuucnqj10NK9OH9iHLoMhOYPp9zIvLrw/photo.jpg,Love this app. Totally worth the $3,5,0,1.5.42,2020-03-18 17:11:42,,
gp:AOqpTOF79qdjTgLUgRJCaUw-gGLSpOWC4uIGYgdxBWqdRzZXqh0TXClR6ICQC8oW4jxFvtyw5a15561GoPu1,N. K.,https://play-lh.googleusercontent.com/a-/AOh14GjP5bcXnas0okaHTi3tSlfcCdjuNm6s38_xKFcR,"Does not work on my Samsung Galaxy tablet, cannot even select the game. I want my money back asap.",1,7,1.5.42,2020-03-18 09:39:57,,
gp:AOqpTOGJQG4dDrCj_em7rZoOrh8pMUtd0niqgt4-tbUu-2dcFoSIDEYMkNC2BOhecF7oV9GrSu8kqxqGwLW1,Ricardo Neves,https://play-lh.googleusercontent.com/-_hzhd3FRL_g/AAAAAAAAAAI/AAAAAAAAADQ/AMZuucnLKniH-dvg0PXXprMC0rsPnyQDYw/photo.jpg,"Works great, but I can't figure out how to use the virtual paddle for certain games.",3,2,1.5.42,2020-02-19 06:28:24,,
gp:AOqpTOE4-BMSQH5uvVykpfuGe6CErcRWqxsJCo7FNeCOQ8m4UbDeWHbnygLp6rQV_Ztvv10NK6bo9ZO_eMFP,Eth3realwarrior,https://play-lh.googleusercontent.com/a-/AOh14Gjp3NCkOfelGWgI_9uxBCEbWeV0r11zomPnFuqj,Just great,5,0,1.5.42,2020-02-09 01:00:42,,
gp:AOqpTOHSbpiKAX9D3a8DRmONDejE3-T5XKLRAYajCIxwWp6Rs2_NBzF4wH40XaJgfCSJUYlY-uN1KCYcVN8-,Nick Birkner,https://play-lh.googleusercontent.com/a-/AOh14GiElr0Na4m9gYTHcc_7Vh8GAPz1t6_aI62x2SjLJQ,As good as it gets for 2600 games on mobile!,5,3,1.5.40,2020-01-19 15:13:58,,
gp:AOqpTOGyChtQLYpptbYjQid0n4LuEIsJqCA-kLaelDdNxzvcnv06qYNmFjkJG-tKjB_A8ZdNCyWzpdMW3Joe,Lone-Wolf Pfau,https://play-lh.googleusercontent.com/a-/AOh14GjEfeWhORTEYjIF8BSngqAgM5JFaDmXnOLHZ5howA,"I gave this app 5 stars only because it enables me to play the old Atari games. However, it should work with all the games, but I found that some which require paddle or keyboard controllers don't seem to work. If there is an option for this within the app, I have no idea how to access it. I hope the program developer will make it possible to play other games besides the ones that are joystick types.",5,4,1.5.37,2019-10-06 10:56:25,,
gp:AOqpTOHQUZgFC2Y52kv_7uGriLRpgzIqqL1WiwQNTCdP5PpIFF6Ha8g9rnrqZt96IUvjbe8BeNfr2i6vwVR_,Michael Lipson,https://play-lh.googleusercontent.com/a-/AOh14GiCkvQSKR12MRy140zpR4XyoSZ8IFWMYe5UzxChPQ,Works great!,5,0,1.5.37,2019-10-05 21:27:56,,
gp:AOqpTOHYvpxl1TxNZpjxbXaYrCVMiVxKVH_yrmtKuHrc_yfLyEehXrQI9PioWtpdQV78TFU8STM1y0FSdU9P,Paul Johnson,https://play-lh.googleusercontent.com/a-/AOh14GjjMNHPwi_ZYK6OiOsbp5zGqBpFifpC_9SI5pN9gA,Overall an extremely well written application. Looks nice and is simple to get running. Has many settings. That beimg said I which I had looked at the date it was last updated. Few bugs that need worked on. Has the app neen abandoned?,3,4,1.5.37,2019-07-29 18:24:43,,
gp:AOqpTOHAbdOUsI5nCx93n1J5d0tAnzgkMlixLVGLhgXSk3ZuDd9HTLs9rR6rGvd2EE0LWj18yvv-aynalEqH,Preston Thomas,https://play-lh.googleusercontent.com/a-/AOh14GjMCrFYRsa-DjY_KKyuRg6YRDJgU7p-dK8Hw085uA,Take me back to when I had an Atari 2600 Jr Works like a dream,5,0,1.5.37,2019-07-18 00:54:15,,
gp:AOqpTOERO5GIZgD8b_pDzBOtxqcbT9dX1Ma98_zHz1BggHfkrCKUuJFFTxSwB5YTAZjlWZjbiJD1AvcZl3TG,Daniel Chapman,https://play-lh.googleusercontent.com/a-/AOh14GiXmrTfqs7S6_VlT8lZ6DI2CN8_DDh4lOYiYkBJ4w,"I had an ATARI2600 in 1984, I was 4 years old playing these games, I loved them. I'm playing on a Hauwei P20 and it's a solid emulation. Good response time and latency, Great work, guys!",5,15,1.5.37,2019-05-05 15:38:54,,
gp:AOqpTOEjOmTk2TAW6zLjQMsqj0z7rilnKJzKynJEYX6edf1k1muWKHcXjRARoPOs0kEEBph9bNYrtxGavxpp,L M,https://play-lh.googleusercontent.com/a-/AOh14GjMEE9tjxEA_x8fXWN9NkG18Oj7ekyWt1FCG2VZuuc,Best emu for 2600,5,1,1.5.37,2019-03-02 19:24:00,,
gp:AOqpTOGUr199yVqft13RdAUph7otwyaOiY8YdISauhLAUPVMidJuKC7kZDSZ6V5yhsAlibuwKJjCOK4k6WHS,Kelvin Cooper,https://play-lh.googleusercontent.com/a-/AOh14GgjJe4-JPb62PNpMsuV3thXWc0LWtmuzkvBKRg8Rw,I like this Atari 2600 emulator. I use to have one of this back then. It was my first Arcade emulator before i had other Arcades emulator. It's good to have it again. it's bring back memories.,5,9,1.5.37,2019-01-20 10:03:38,,
gp:AOqpTOHMSlTzMjJsZ7N7vb4Xj309ehONTPm8Jy_tdMIrPUsLyDB4lxFit1bAsBrtniTICE4-bsge2H019s9A,Aron Alliston,https://play-lh.googleusercontent.com/a-/AOh14Ggy5UXJrjRPc_qEP_O0NeFeyx0OidcuwQlBfMo81w,"audio is broken, developer is not responding",1,5,1.5.37,2018-09-09 23:08:21,,
gp:AOqpTOHZ7CJ8h8gd6PlxBYHHcQytTOh39nBYlJuaBLC-ikqbBfakaWSe6PSSe_jdZfl-861c3Rx5wt0DcB3b,Bear Dogg,https://play-lh.googleusercontent.com/-rhffFU4O7IA/AAAAAAAAAAI/AAAAAAAAAAA/AMZuucmbG9Z84HodtaaTEHcry5_pDOOYFQ/photo.jpg,"Very nice emulator, but it needs to be updated and based on Stella 5.x. 
Tried to play a homebrew port of Mappy and it wouldn't work because the 
detail of programming in the ROM requires Stella 5.x.",4,2,1.5.37,2018-07-27 11:48:35,,
gp:AOqpTOFzSK4nhbSkg19yGF4WielDx8QEG4e_a4jk8rjMkgpYvkeMntAqnpGAd3e2Dtp62agADV8WT5UI_D3p,Bee's Knees,https://play-lh.googleusercontent.com/-ld6nsS5LVfY/AAAAAAAAAAI/AAAAAAAAAAA/AMZuuck3WHQDM6vWo1woEfGcJLNiRB3MqQ/photo.jpg,"Still crashes a lot when task switching. Image is vertically stretched in 
4:3 mode compared to actual 2600. As is the Master System emulator.",4,39,1.5.37,2018-05-20 11:07:42,,
gp:AOqpTOFFWlTlCDHUscngbi86rlw2sSHwUUnR0uVI30ne6ZIQ-vEO2bP7asWv7jFMQUEhMusw9Vc8DnVMXxOE,A Google user,https://play-lh.googleusercontent.com/EGemoI2NTXmTsBVtJqk8jxF9rh8ApRWfsIMQSt2uE4OcpQqbFu7f7NbTK05lx80nuSijCz7sc3a277R67g,Great so far! But please add some controls to run 2600 BASIC!,5,1,1.5.37,2018-05-18 23:58:56,,
gp:AOqpTOGBYGRhXBNJRMdvc_RaKL1mWHES-EWAHw6NxEoZvBLKkZY1KeUyuDJXyOqJY2gFjcLJL1nIIsvVz3Gi,Lindsey Ahrary,https://play-lh.googleusercontent.com/a-/AOh14Gjk_DdC3iy-_ALc5g7c9DaTkkS_Gdwf3nrDpvuOYcI,"I can't even get it to start! It just shows all the files on my computer, 
but I can't even get it to work! I wrote the game developer, but no 
response. 😫😫😫",1,17,1.5.37,2018-05-01 20:52:13,,
gp:AOqpTOGA76wIDTq1Co2c9Aoy8TNQB1BwMePomPqA2Hsm9OXMUlEbEc3XzE4siZ7VsdKIfhMVxYHyKCUYQnoi,bundang don,https://play-lh.googleusercontent.com/a-/AOh14GgUF7AUpfM8T_Ji4cultBj24IkzaqV7GNnrwI6pFA,The best Atari 2600 emulator available and the recent update has made the controls more smooth. Great stuff!,5,1,1.5.36,2018-03-02 21:08:23,,
gp:AOqpTOHvkrNHX6LljSDI93lol0wkYsqarO6rb2W7yKOrQ_b-8Ni7F4ekcevbyo6-Us1d0S-CfgwY8T58ugs-,Jon Spakes,https://play-lh.googleusercontent.com/-s6fj5UXzu40/AAAAAAAAAAI/AAAAAAAAAjc/AMZuucl9SoE86FJEGhCJG-1xuwcZVSDBsw/photo.jpg,I've only tried a couple games so far. (For hours)  I couldn't be happier!  Pleasant trip through my childhood. You guys nailed it!  I strongly recommend this app,5,5,1.5.36,2018-02-28 08:10:53,,
gp:AOqpTOEySpuaFoT0lH_QkArXDaAz9XH4xrQek5rkfh_BApcJZ3JiqLeXYUYKZjkgpclKjJEdvVfZKX-T4JCu,Ed Mandera,https://play-lh.googleusercontent.com/-taOd89b76_Q/AAAAAAAAAAI/AAAAAAAAAAA/AMZuucn8K_QbM-jLuOoYNaXcgtHRdw1cFg/photo.jpg,No longer working since I upgraded to Marshmallow. Immediately after opening the app I see the menu but the app is frozen.,4,19,1.5.35,2018-02-24 05:18:13,,
gp:AOqpTOEeKCd9PN0XKMjTvIRUs5Lf2xWB7irCUT_1_LF_NWl0ij4FuS9en5Ybm6gT4aEqCWgbEfvZvhFg9r9Y,Iván Tavella,https://play-lh.googleusercontent.com/a-/AOh14GiBhPKmxgYMbyIRAnm8SW9H4Aj1HgSF9vtibn8hK-U,"Maravilloso todo, pero hay dos cosas que sería bueno tener en éste emulador. La conexión con Google Chromecast y la posibilidad de quitar el botón Turbo.",4,1,1.5.34,2018-01-27 14:32:16,,
gp:AOqpTOHDVlG2GtSTXQ129FjUZDk_1VM5soOMLNSruMSUoyOIxUWiaNUgH3dBN34I_uwSgU_8VGiL9YSKmvoJ,Andrew Shaffer,https://play-lh.googleusercontent.com/-7QQ9_Qp_l9E/AAAAAAAAAAI/AAAAAAAAAAA/AMZuucl7hy-AUKbev6u7UPqnDyQeiIn9Tw/photo.jpg,Great emulator!,5,0,1.5.34,2017-09-05 09:39:51,,
gp:AOqpTOFPV7BKdMlF-YAR7B4gSxChLWd_iONsQLaYKfM-6-Gv0bIU_VNNGGxf0upcbvSovgC7wf7bSfSMhgdS,Lizzie Davis,https://play-lh.googleusercontent.com/-HJ3pVm5wLpQ/AAAAAAAAAAI/AAAAAAAAAAA/AMZuuckmDIXlvmX2mv-naeg2S5r58YlD8Q/photo.jpg,"Games play nice and smooth, but no sound at all. Using M9C MAX Android TV Box, S905x, Mali 450 GPU.  Fixed audio problems by lowering the Audio Rate to something lower than 48khz.  Now giving 5 stars for a perfect emulator.",5,5,1.5.34,2017-06-27 16:02:03,,
gp:AOqpTOG6VqBOcBxAkLlZ0FiZDnTriMwN2V6-YGSJSDGYdaVWqbAqY2-LdGBO2Vj8DqSQYcmOjcL1bkzO3AoO,Mob Barley,https://play-lh.googleusercontent.com/-QOn_bN8FsLg/AAAAAAAAAAI/AAAAAAAAAAA/AMZuucmnnG0C-FCslJNVlhg5_DrMu9vXDg/photo.jpg,"*Note to LG G5 users: I had to go into Video Options and change the GPU Copy Mode from ""auto"" to ""standard"" to get this to work on my G5*",5,8,1.5.34,2017-02-13 13:03:00,,
gp:AOqpTOGyIjShX1Ff4EEhNFnGMuiiOySdzQC2u5_aBCZKadW1D4dVroPjw0Ica02b4Yx4V29pqpoQicfkQFc5,Darth Trekster,https://play-lh.googleusercontent.com/a-/AOh14GgiM4P0pirGV7Z92KEQt66UGlRi7JcEnfhieIaXtQ,"Awesome compatibility. I wish there was option to add game boxart, and additional information I.e. game manuals, history developer interviews ect ect from menu",4,2,1.5.34,2017-02-10 12:04:08,,
gp:AOqpTOGD_IXwpTgDXlbFUdpV7FItgI2wO4RXbIrM_S48vc67VbXWoPBjay3SNQ0QsUz79pB4x6TBj3yJNjfB,Paul Tupaczewski,https://play-lh.googleusercontent.com/a-/AOh14Gg0PUjZS5gnt6-neJpojDjqjQ9NTUIa72_RJaKvEg,Works oerfectly!,5,0,1.5.34,2016-11-19 18:27:25,,
gp:AOqpTOHSY_BgD3KWppqzjzK7vFRilk7n9vzUF13ql6HyYTHSWVmb26lloJrXgi3-z7JVhcOs0evUzM6hOWa6,Tim Matrix,https://play-lh.googleusercontent.com/a-/AOh14GiyiysNuW3AcJhPRvwC5Wbe1rvRGr1k7WxEND3r,Is there a way I can add a shortcut to switch to player 2 since radar lock needs pad 2 to switch weapons.,5,2,1.5.34,2016-11-01 05:49:43,,
gp:AOqpTOH6gEIcFfuTjoVnTwocVdL0iiw1UqcQv2SEj82e5ewmoyQXB64COIz_jEtiQaiM0dBKS_ZniDG8gJvA,Hugo Pineda,https://play-lh.googleusercontent.com/a-/AOh14Ggf5K0EcA_Lm-OVjKrDL0MXCIsPQ4j5-xyCkyXEAg,"Works perfectly, with a gamepad even better",5,0,1.5.34,2016-09-09 07:35:14,,
gp:AOqpTOHsG3e5YbtyvyNFd23XG0U9TXwK5VABaY8jCTU5o4uQCZdoJd_jGZFxpFK0PkRHaskvkZsewf15EYIV,Cosme Corrêa,https://play-lh.googleusercontent.com/a-/AOh14Ggxs6vKkLzeGveW7ZaJUsczO0HlkNAELUC1pjnxwQ,"I am using Android TV, a Shield, and the game selection process needs improvements. I suggest something similar to Stella for Windows.",3,0,1.5.34,2016-09-04 07:15:25,,
gp:AOqpTOFB_Dzvose5FAfBhLXJ18Wv2JOGB8dztaiSP8RvvHEOdFnypSozHUucXxS9owQljCJdE3uV_t_Zyh9I,runman1271,https://play-lh.googleusercontent.com/a-/AOh14GjxefH2o_N_HQRP-Fx8zmkEaJf9X_B8bktY3EW3GQ,The sound is about half a second behind.  Other than that a great app.  I figured that for a paid app the sound would be better.,3,4,1.5.34,2016-08-18 00:24:05,,
gp:AOqpTOHFVliUsWnBPe5nPM7HmLysOMW7ka8YiZpBQOCCLx7eERJYpTQSUokiKfAy3kdo7u4Kp05kdnH2B--x,Tony Wong,https://play-lh.googleusercontent.com/a-/AOh14Gia4maVRMZ5AIS3-r9X1Zmk1FQDtfUl_ZIODOy1cQ,Works great again. Thanks for fixing the issues.,5,8,1.5.34,2016-08-04 11:24:25,,
gp:AOqpTOHM9byj9EdSIt5Wn9oIRTwNCPqKgLwAhOCBAMm1xJ536vIyD-OFoJgv2-ZTYSqL0s-nwp20LgGIhMrn,A Google user,https://play-lh.googleusercontent.com/EGemoI2NTXmTsBVtJqk8jxF9rh8ApRWfsIMQSt2uE4OcpQqbFu7f7NbTK05lx80nuSijCz7sc3a277R67g,.emu series are the most solid emulators on Android.,5,5,1.5.34,2016-08-01 11:31:56,,
gp:AOqpTOGThJoDiz_bCmCPCp3EXaQ3Ekq63WlUT2kwPS00LEhkTX2fH31Sfy8kUnQKUQv2-YhFYxCz4j6I61dL,David Moncada,https://play-lh.googleusercontent.com/-pz0-bvCwppg/AAAAAAAAAAI/AAAAAAAAAAA/AMZuuckDgzjOkKPis8w1nfXJr0Tr-inprg/photo.jpg,I love all of Robert Broglia's emulators.,5,4,1.5.33,2016-06-30 23:02:22,,
gp:AOqpTOEGZGP8yNiW_b1B2twLrdwjC5dlUi-Hy9R-g27oTkBMIPg18FzXx8LnYA2RPkNjjLPQhrsNAFLS2SGy,ULTIMATE PATCHES,https://play-lh.googleusercontent.com/a-/AOh14Gj7EB7_86Z28pjacPNg4y0zd3mKhQ1_wXbJv5Uy,"Thank you Stella, for giving me my games back! Excellent emulator!",5,0,1.5.32,2016-06-19 03:01:30,,
gp:AOqpTOH9Ej4sFm6DaLt-OHE0SoWYk-EGgk8FRg77nrJ7bd87V6GUHp7FxbepZedOiQQX7yGZYrRnanYXuYMp,ammar al-chalabi,https://play-lh.googleusercontent.com/a-/AOh14GijqWZSZ_Om0IUO85m3u3rLh9kjL_4iPazERPkO1tw,Just like my old console,5,1,1.5.28,2016-06-18 10:46:39,,
gp:AOqpTOHUTrg-MFn7H3wOUs0WYWgg4aTPt3tOcozJUJqIr132MrX_MiprxIR3xeG8iTpEOWsT1eprLtF8ghX2,Luc Fournier,https://play-lh.googleusercontent.com/a-/AOh14GiArEgdezTaj9ePiT3LXg9nwGjPydp4BxPzOdY7XOw,"Everything works as described, all the roms are fine!",5,0,1.5.28,2016-06-05 14:58:52,,
gp:AOqpTOHD5yXY7TB3UfIKTWUWsKu_c0wIDtxQMVDsqjZWiUqTT4ZASJEsINNXqI13Gxn5q60A3U03i38UCA6Y,Patrick Foster,https://play-lh.googleusercontent.com/a-/AOh14Gh1mLCejk8uwdWa4EiCx8GYJdMJ64DJNLdXXLXrZQ,I paid for this app which did work but now it does not work. Either refund my money or fix the app.,1,2,1.5.28,2016-05-24 06:13:12,,
gp:AOqpTOFmLjbDmDVWiq-NXlMunj_NfhiaEbDPk3sk3DJQ5Mg2xGlxVyG52Q0IkXPxiFeM_G9I5ESDWMwPKX2W,Jason Mott,https://play-lh.googleusercontent.com/a-/AOh14GgKdxLwmhdWdvKCPRmbfMQx6FL_DMJrIzPJFfnX,This is a great emulator! I had to change the gpu copy mode to standard once I upgraded to marshmallow so head up everyone.,5,0,1.5.28,2016-04-24 05:32:06,,
gp:AOqpTOEW1T3LbDxQpC9veqtgDfaTcHuS7KWQjwg6EDKdAyAfSVxI-gThst2_Lo2OD-oUtv7Ptm1yhIxpcT_N,Profesor Martin Lopez,https://play-lh.googleusercontent.com/a-/AOh14GjMyuu2sBKj9lqleHJ2URLarkW10SeTiLwhbNOiaw,Sound works but no image on Galaxy S7 Edge.,4,1,1.5.28,2016-03-24 23:43:26,,
gp:AOqpTOGsgP16LvdEOPiqD-8M6EERMN-ZosFTGw3Rpf3rvqOc9qb4ScWZTwFeVmFgSGCKRxyeXEKfJKTRI4Pq,Ben Warner,https://play-lh.googleusercontent.com/a-/AOh14GjOk9bIMNcWdf18TnFSD4lV1Gf7bUg8hemBesMpMOw,None of your emulators work on the S7 Edge. Everything works up until I actually play the game but then there is no video. Sound and controls work but no game play,1,4,1.5.28,2016-03-03 11:52:13,,
lg:AOqpTOHs_IC_2UnOHRm67kUE4A5Fd2bkmU8C9JP1mLbnjlnGEKbA06w0ariDA-m735oiwD1My6LlEnHXOvJ1,A Google user,https://play-lh.googleusercontent.com/EGemoI2NTXmTsBVtJqk8jxF9rh8ApRWfsIMQSt2uE4OcpQqbFu7f7NbTK05lx80nuSijCz7sc3a277R67g,"all games work great!  Great emulator, thank you!  This is easily the best 2600 emulator.  Would a 7800 emulator be possible one day?  Might not work on Marshmallow devices either",5,2,1.5.28,2016-02-20 19:20:38,,
gp:AOqpTOGYtdABPFUGDz-46Q7rOqLmuOIFHT9orTOWV0csWaaIGXVqEpuUJu4p4EEBXtvxdX1MzMhSCN1K3-J8,A Google user,https://play-lh.googleusercontent.com/EGemoI2NTXmTsBVtJqk8jxF9rh8ApRWfsIMQSt2uE4OcpQqbFu7f7NbTK05lx80nuSijCz7sc3a277R67g,"A combination of this and FolderSync on my android TV lets me sync my games and saved states between my TV, tablet and phone, and works well with bluetooth gamepads.",5,4,1.5.28,2016-01-27 12:39:22,,
gp:AOqpTOGy-UGfchYfUC1i4w_tSdfQ20K4PBIGC0JHSjvDAbvDDlDqd5I0kvNu0L9pYOkMW-ui38Xj-gTAi7oH,Matthew Henderson,https://play-lh.googleusercontent.com/a-/AOh14GgksN7elbit-SRZBkdY14InbqWesE-BrOI8qvQ5890,"There are plenty of options for adding input via Bluetooth, onboard gpio, etc. I wish the menu was a bit more organized. That and an on-screen keyboard controller would be great.",4,1,1.5.28,2016-01-07 10:13:40,,
gp:AOqpTOGgSAf4CQRirobccCWZB5-O22fExXPeSM08zgGqUUD5UrLuUXct5GCwrk62jcI1mCND8SNR7Cky6C4h,*,https://play-lh.googleusercontent.com/a-/AOh14Ggp-Ab0BQK4KMnj3j0yK217K-XOuwzMQUhgKMDz0Q,I want my f######money back!,1,0,,2015-12-04 18:23:55,,
gp:AOqpTOHPueRIoBI-BQczes69nwHzc2ipuDY9b_a3jnfTPQxj1Q4jiUIJUVPWuRBBXYa37GlQYGsl0XYWfhKl,Cc Cc,https://play-lh.googleusercontent.com/a-/AOh14GhdPjOoQ01Ewm6JGOO1f5BVJq42sV0jHpQl1TvDOA,Good except no booster grip trigger buttons for omega race or extra buttons for star raiders.,3,4,1.5.28,2015-09-21 11:52:27,,
gp:AOqpTOHFz0Rg19mqypLUl6aR9zyAIQ135RmeG6S2aQI9bqn9OHk8oio1-uYd4APH8p0SmIS1JOzC-7YSDzhO,IR gEEK,https://play-lh.googleusercontent.com/a-/AOh14GhV6NxCpgVfwzb3ei2AAn8Fu2x-bdJ8yxrl2oXkVLs,Had an itch to play some Pitfall 2 while on the road and got this emulator. Works perfectly on my S5.,5,0,1.5.28,2015-09-16 06:37:06,,
gp:AOqpTOGa8wV-jotJ47H-N7cjfml1oSm1iF7jDTxbWtay1BMYNNphqiei3a2GEcCIfNg36vaFFXDDA0Hsj7uP,Jeff Greer,https://play-lh.googleusercontent.com/a-/AOh14GjLgWpnQjRxiHt-msgJZhyAH-UJCA_JkIFDp5L0bQ,If you want to play Atari 2600 games on your Android...get this app. It works perfectly with all my ROMs.,5,10,1.5.28,2015-09-04 13:08:43,,
gp:AOqpTOEM1navic9aOWMZPWc0JaKf_Htm1jXRwy-2TGGObWL5HIoYZPQ9Uhgo5XwvzlVLwpdlbhaiI_9TLHNJ,Charles lowe,https://play-lh.googleusercontent.com/a-/AOh14GhvwZUl62tBQnnTB3TlxwQbs0qj1w9NTdGdFH1Inw,Perfect,5,0,1.5.28,2015-07-07 04:01:05,,
gp:AOqpTOGL-0HT_pls2KmekJqcGyHXVx4J89ZbpKFyK6GKkpe8mQXclcIojGWWhC6QQXijqGWu68nTnvTQMQ6R,PlayStation Network,https://play-lh.googleusercontent.com/a-/AOh14GgdsCRjawnB-1HAvzabJXAUDrtIoMXc-cc9UEC2Wg,Perfect on my Galaxy Grand 2!,5,0,1.5.28,2015-07-01 21:42:44,,
gp:AOqpTOE5bRnflN31SNG8BTqB_MsHQjsHLKWWsXjgaNF5XPa6IjJgtrv_fGojZoF2zwiYcsQ_YKPBDMvUxUmm,Corey Gilley,https://play-lh.googleusercontent.com/a-/AOh14GhV59obY03PpoWDEOHKwx-T7pUS01D-Y778z_ZspoU,"Great Atari 2600 emulator, can't really think of anything that could be improved.  If you don't know how to set up and run emulators then don't download this then give it one star because you don't know what you're doing.",5,1,1.5.26,2015-05-04 21:32:01,,
gp:AOqpTOF4sSRMkkpDCmcCu1CzJOS0xEyRj50dD1SZAXCoYEHrT7x7hTitxXMtZfYYCdqNUJnSsDj-emy-Cesq,Amanda Pouncey,https://play-lh.googleusercontent.com/a-/AOh14GgIcDcNK8GpPtxRUdcijL_Z1R-QsmI6gLRj6gzsskI,It won't let me access it and when it does it's a black screen,1,1,1.5.26,2015-04-29 17:04:33,,
gp:AOqpTOHganm93F0nZ3EjZPHVFZGLjbsWzI2B4JLQNRLTzdLEtM1vO6oe50zduMg24evwlfU44f1DSKXbk6z9,Eric Lee,https://play-lh.googleusercontent.com/a-/AOh14GjyRCxw0dA35i3tJeSV7dhAho4vXd7DV3aKd7Ib4g,Perfect for when I want to play some 2600 on the go.  :D,5,0,1.5.26,2015-04-24 12:13:47,,
gp:AOqpTOHxyPMR-gTJ3lXa5BcYnyXri1jdJEZ-FBUWErD1gL58pMzo9-wZYFIzWs1Hdd13Eqrw0MSg5Q_w6qLI,Dell Green,https://play-lh.googleusercontent.com/a-/AOh14GjqUjhxanW0NiZNEJGtNncf_nOfd32m9pMWY2ZVsg,Plays games but graphics aren't that great.,4,0,1.5.26,2015-03-19 10:15:13,,
lg:AOqpTOEuC8jCZbepyNtJ6oOJG6sRcf5fFtMFUL8ydme0ebyrVa1S09i0OZsxcylfWB_6yUTWJcJgAwEKkHUB,A Google user,https://play-lh.googleusercontent.com/EGemoI2NTXmTsBVtJqk8jxF9rh8ApRWfsIMQSt2uE4OcpQqbFu7f7NbTK05lx80nuSijCz7sc3a277R67g,Perfect Retro heaven,5,1,1.5.26,2015-03-17 07:24:26,,
lg:AOqpTOGlqT3cIR-sDPyRA9tWHhTIN1OaDvfGUtro-_xSfshPZUlk6HLOjq3Tq3-eZaVLSHyxm_1pc9xz0VIk,A Google user,https://play-lh.googleusercontent.com/EGemoI2NTXmTsBVtJqk8jxF9rh8ApRWfsIMQSt2uE4OcpQqbFu7f7NbTK05lx80nuSijCz7sc3a277R67g,LOVE IT!,5,0,1.5.26,2015-03-14 20:47:26,,
gp:AOqpTOGjXCCVA1IgZIzIFxNsEl3GDFTOVNHKedxAVyTDwwmbWtOZOkpkl8RmWogxKHptFkOmvsmptLs_nVG5,Joffery Robertson,https://play-lh.googleusercontent.com/-J2eH8gagDuM/AAAAAAAAAAI/AAAAAAAAAAA/AMZuucncMPFCCi0AJHErBpZIykzSCLe4hw/photo.jpg,Want work,1,1,1.5.26,2015-03-01 16:03:09,,
gp:AOqpTOEehbaMLwn1fu8vROItwzG0BT9wNrUkR1jPX6aBi_UXJwUepg-ygcvbGzzQQ-B0ayg29V12EczOHg27,Rob Z,https://play-lh.googleusercontent.com/-4Rgg6HrL1Ls/AAAAAAAAAAI/AAAAAAAAAAA/AMZuucnre8FifyAq_7_-G-scKW3X5vfuow/photo.jpg,App works perfect like every other emulator this dev creates. Rob is by far the best emulator dev out there. I own many of his apps. Highly recommend any emus this dev makes.,5,0,1.5.23,2015-01-20 07:29:10,,
gp:AOqpTOHnh4MN7wTCeJlzcIbA6BwJzZ_uUczWw4ba1WUSstKXJMTQBEdTh8m0MVHdgvuJwxICq64TitTD7oKQ,Jesse Rodriguez,https://play-lh.googleusercontent.com/a-/AOh14GioiZLtQIPfEsG5QQlA0LpDn5fydVBF1OozgURjlA,Can you please make a atari 5200 and 7800! That would be so cool,5,2,1.5.23,2014-12-30 17:22:13,,
gp:AOqpTOENFNsEMpgENArlDSEwwmr2yotIi6nArh5wbQrRFr2hoVxUkQhWbSl0qyPJmBcYwpYVclsuBFP1NNwY,The Hippie,https://play-lh.googleusercontent.com/a-/AOh14Ghjq6z-5Rrq50wp-Vep1Or_nbOWcQ8lxwGnxwoQ,Great emulator. Worth buying.,5,0,1.5.23,2014-12-28 18:08:09,,
gp:AOqpTOE4mrbOvN09E7HEDSbeUAySMEY5wb9tIICCsQeVU4ni6j0F33QZhUeCGy7c8B0a6OLzRk83X5MiWvCK,Noel Affonso,https://play-lh.googleusercontent.com/a-/AOh14Ggkby1wlFmqi_Zh_1Z9qKa_KN6_lyXrfk9bndWj,"I've been a fan for years. You really can't beat any of Robert's excellent emulators, including this one. Accurate emulation and very full-featured. Worth the money.",5,2,1.5.23,2014-12-14 08:25:15,,
gp:AOqpTOEGyR_56GiWe_-kjOY5ELOfaB88nu31PaU2AYEDaGfZbr4YGOQizMZZzGaXRVZvJDRooxSk77Jhw9Wu,James Thacker,https://play-lh.googleusercontent.com/-E2wsA0m4nf0/AAAAAAAAAAI/AAAAAAAAKW0/AMZuucnDxkbnLVudG_L_nMN0EjRHSkdUAQ/photo.jpg,App refuses to open on nexus 5 with lollipop,5,0,1.5.22,2014-12-09 09:04:14,,
gp:AOqpTOElrILQKYA62pXw_3wr_VkyneUln_rBzaF0Oa0JuKKxOtGQUZLwFr0BMOE4eHdtnLoHQ6Rzpm6UqqGq,Chris Kangas,https://play-lh.googleusercontent.com/a-/AOh14GigVxfX7JL5TuH50uf5laRcHFsdewc1coA79U0IYA,This app works perfectly on my android kitkat TV box. I am playing the Atari on my home TV with a USB game controller. Works perfect!,5,0,1.5.22,2014-12-08 05:20:02,,
gp:AOqpTOEzr-zRupwkVCAybx1Iup9NFTFQc81odByQJGSRztSit-NQNrmDVZL7qoGaANrXeiC43i_XTj7qfRmz,TA McGowan,https://play-lh.googleusercontent.com/a-/AOh14Gj66EC60O2guA7LKI8K2B1GArJIh73lVLF9PlPs4w,Totally AWESOME!!!,5,0,,2014-12-02 14:14:48,,
gp:AOqpTOFxG8J0ODAdwDsj9r1yGWN3Bf13tOrQp3lF9dfoOGTToPEMG9_n3dlrebnY6zs_-h5kr-ow3oTGgRv5,A Google user,https://play-lh.googleusercontent.com/EGemoI2NTXmTsBVtJqk8jxF9rh8ApRWfsIMQSt2uE4OcpQqbFu7f7NbTK05lx80nuSijCz7sc3a277R67g,This is a pocket Atari 2600! Love it,5,0,1.5.20,2014-11-22 01:17:49,,
gp:AOqpTOFbsH76BtA-Y8bcu1o9P6uVSAC5xIUUuE1bIVmUfdqk1r6kWkWdS_N2Rp7d2cMx-TBcziNq2TPL_TOX,Michael Johnson,https://play-lh.googleusercontent.com/-V3SIbUI6-B8/AAAAAAAAAAI/AAAAAAAAAAA/AMZuuckIh0WNuAoRk16CyXfRrEoNrzxz2Q/photo.jpg,Would rate higher but Developer does not answer emails,3,1,1.5.20,2014-11-16 22:17:53,,
gp:AOqpTOE2t7uTuh8DcNukb8IVAM0Dfgjk85RNSWFfkm5AMrcGXCQZ-1unnN2nluOG0vbxi1KTYODcPsp20FiY,Peter Fitzgerald,https://play-lh.googleusercontent.com/a-/AOh14GgkEPO8qqkZW2dhfDobrD5wipmAeauDsaM0A6hS,Works very well.no problems with emulation.very happy chap.,5,0,1.5.20,2014-11-15 23:14:06,,
gp:AOqpTOEchyE09IrEv6V3hIelSMpVBEngtgeiR2cb3rQ7ARNqvYDoiiqEkNAm0SekqAM3Bs1hxhRMpkNpSYrv,R D,https://play-lh.googleusercontent.com/a-/AOh14GhNfMrJs0bUA82k88VKyb5ROvAC9lSw2vMZuMBt,"Just like i remembered,good old early 80s gaming",5,0,1.5.20,2014-10-20 02:49:08,,
gp:AOqpTOGs5EIE6cJtzDkoOgcc9TNhDL_OiayzuHLTVqOvjstyCrxinyL3g7qNAcF9NatzpaEU6WPtOQwE25jx,Luis Nido,https://play-lh.googleusercontent.com/a-/AOh14Ggbnq8kn3MxyG2rn_YoMakHFYA4EJTKJNaaOFCNDg,"Robert Broglia's emulators are some of the best for Amdroid. I recommend them highly, you won't regret them, trust me!",5,0,1.5.20,2014-09-24 16:50:37,,
gp:AOqpTOHEHVVckuiI8G5c9aCGYyAice8bum5wWF4a0UBmJmTxE5MLcxkDsetHRa4XllxmFzyxisPtkQLQ55Qt,James Kimball,https://play-lh.googleusercontent.com/a-/AOh14Gi48nOHdWThmg9fG_rfJ26nzYjt928Gq4OV7ZKcvQ,"Great emulator, but would love Moga controller support.",4,0,1.5.20,2014-09-24 11:42:02,,
gp:AOqpTOGViHdY7RzqcMWUEvUJYt4SECP1LXc0ZQM4yGJr5JkyqouQtTEn_qcXtcd0QsDrVc2mlr3LjT-fnvgp,Mark Krosky,https://play-lh.googleusercontent.com/-y70dJ7LpLfE/AAAAAAAAAAI/AAAAAAAAAAA/AMZuucmJYgraaYSQqnlQrvUZAwBz6bEjeQ/photo.jpg,"Do you support paddle controllers directly instead of via d-pad?  Stella android emulated paddles via touchscreen, but KitKat broke it.",4,0,1.5.19,2014-09-02 11:42:52,,
lg:AOqpTOEEOvP9zJNWerE4CXfoEADWBXZebh4Y4_ejxyLeG8_Wi8OvkDTH1BdkvAMpFTRf9FCCZoaCz_1ohH-2,A Google user,https://play-lh.googleusercontent.com/EGemoI2NTXmTsBVtJqk8jxF9rh8ApRWfsIMQSt2uE4OcpQqbFu7f7NbTK05lx80nuSijCz7sc3a277R67g,Is it me or does this guy go missing for months at a time..too bad cause he makes amazing emulators,5,1,1.5.19,2014-06-22 15:35:39,,
gp:AOqpTOGfJtt3n74adh_bliiVSuHH33AM438AlxGx_4PWc-AZx2e_panE4UzFgUJtwthbs1o3onoV_KqefImW,Adam Hoin,https://play-lh.googleusercontent.com/a-/AOh14GhNtwaVoUTPS_eDUwfe23LOmsDOzo5eC1SIgeQ-Ew,Play classic games on Android?  Yes.,5,0,1.5.19,2014-06-10 06:12:11,,
gp:AOqpTOH_IvWtcXAzsseEp-XoA547QVa7l3XsLor_lQI_vUzqjpjHrKb1FNBcGQJZCMkgjtyEw8_EGVseLXUu,Manny St Peter,https://play-lh.googleusercontent.com/a-/AOh14Ggg2THpFaGhPsLB6OXc0iHussGyrWOwO-Pb_8uG,But it works well...,5,0,1.5.19,2014-05-26 15:27:59,,
lg:AOqpTOG1NmF543IUGaCeUDJKp89wlU0qzScG1oqsny9kF3t5PRL0P6cl_bUrgjw4Jzci1f44NyJHvNpN527r,A Google user,https://play-lh.googleusercontent.com/EGemoI2NTXmTsBVtJqk8jxF9rh8ApRWfsIMQSt2uE4OcpQqbFu7f7NbTK05lx80nuSijCz7sc3a277R67g,Retro heaven!,5,2,1.5.19,2014-05-01 13:37:55,,
gp:AOqpTOF9cO8K9_EJUPYTA79s8WPZJ8Yn6cBCWnoAEqBf85XlY_5VkSaI8J1Jq6kLj20NgbJuO-GIbV6-3cpP,Mars Norman,https://play-lh.googleusercontent.com/a-/AOh14GhJnbwOSznZw9J4ELWkHXv807EOOlsLdcLtQsSRMg,"I just installed this on my NVIDIA Shield and all of the ROMs I tested, except 1 - Zaxxon - worked as expected.  This could be due to my ROM file, but it's not really much of an issue because 1) there are so many other AWESOME Atari games and 2) there are a few other ports of Zaxxon that are far superior to the Atari version.  I only fiddled with a few options (like screen size and removing the ""virtual joystick"" image from the screen), leaving most of the settings as they were, and I didn't run into any problems.  I've tried a number of emulators and this one is, by far, one of the most user friendly I've encountered.  I can't wait to try out the C64 emulator by this same developer!  If Robert Broglia came out with a MAME emulator and/or Atari 5200 emulator, I'd snatch it up in a heartbeat!",5,1,1.5.19,2014-03-30 04:57:30,,
gp:AOqpTOGYlBFVFmF_GXy4M9sqja-haOu9lcep2ZWDylQejAbmhIM4OFipwfokU4uFPqw-GVVOLDt1atAecP_H,Jerry Kairnes,https://play-lh.googleusercontent.com/a-/AOh14Gjwbes9HM01mp9qSot79bE92y6t2nmjqz2tfZc-jg,,5,0,1.5.18,2014-03-02 17:05:53,,
gp:AOqpTOFKHmiB8B0tiBnQcNABAQbQ-GKc0wmpkmbboST2bvMa1ow0BufShXMqhevam-ta5QbJIy-4P0QQX6ql,Jonathan Dagnillo,https://play-lh.googleusercontent.com/a-/AOh14GhmZoFB1LYCvpc9HD1oiqKHSJbHYp4RoMq05-APLPU,"I own all of Robert Broglia's emulators, and they are always the best.  With a very consistent interface and high compatibility/performance, they set the standard.  My only complaint is that he should make more of them!!",5,1,1.5.18,2014-03-02 07:42:51,,
gp:AOqpTOF7YylCqQo9CTLUyPWXyJM3XPE_WOXTxcAbhB3wB7YUVx-BZRUF5uPD545pGo_24tt9vK-oJcoGkaKv,Jay Bone,https://play-lh.googleusercontent.com/-bLC7bEDtWdU/AAAAAAAAAAI/AAAAAAAAAAA/AMZuuclHfwdPycio_tV5oZ32KGqscLh40A/photo.jpg,Ahh yes the good ole atari sound effects ..beeps dings and farts...cannot go wrong ...,4,1,1.5.18,2014-02-27 19:00:34,,
lg:AOqpTOFDZ_uLRV7OmgK94kFG3l8I6BimWvJZXW17vcrcInl66E99BvimfSFK2AuAaB8pwqhmkmgeYJnEL2Bl,A Google user,https://play-lh.googleusercontent.com/EGemoI2NTXmTsBVtJqk8jxF9rh8ApRWfsIMQSt2uE4OcpQqbFu7f7NbTK05lx80nuSijCz7sc3a277R67g,Moga support? I love you!,5,2,1.5.14,2014-02-25 05:30:25,,
gp:AOqpTOE-2zjQe-Bo96OVfoIALIe7vQTmNgIs9Hmmkg4ujyxMzeQEcvG3CnJIxwwW8BxaZaktiZlO7U3Qt4TD,mr swag,https://play-lh.googleusercontent.com/a-/AOh14GiNQjZA8XFh6DxhQcN0T5pu6qWzNZAecUyejZ3NQg,Its great and all but can you please update it to play 7800 and 5200 games. Thanks,3,0,1.5.14,2014-01-12 12:12:47,,
gp:AOqpTOHt8SZGhmSBOxUfYLIo-qCSr1HJnWTVnwkhUX4dQH_ex5TlKAaz0hss9plEzy9qT9lC2GDn9RS6UEuw,Mirko Lerotic Filho,https://play-lh.googleusercontent.com/a-/AOh14GiNc_ZVt7DVGxSsczFiqMPb3XxiF7y4Kf1hG1AvUw,"This emulator is awesome. Not only it is fully compatible with all my ROMs but also it is rather smart as it adapts itself to a variety of situations, screen sizes, resolutions, orientation, and so on. Love it.",5,0,1.5.14,2013-12-25 09:42:58,,
gp:AOqpTOGxl9lFExUfOBghB7nGDyYKnL-mlNKWJ6VJIdd8Bo_iDevUFSYhYc73qnRU8Ge8Y7XmOdXTRfyMo3Ec,Brandon,https://play-lh.googleusercontent.com/-TQq3x1fqMZM/AAAAAAAAAAI/AAAAAAAAACA/AMZuucnS1JzSnheqA9yuUqdfUtGza2SOPA/photo.jpg,It's a great emulator but would be better if it had a cleaner UI showing all your roms in a list type library with cartridge images and compatibility with other Atari consoles like the 5200 and 7800.,4,0,1.5.14,2013-11-21 13:06:08,,
gp:AOqpTOGr_qZ7tnixtqfR3iezKZUz2L8_36t-ubDnSxrWzWzXsBstVETMQvrE3dIGF_kRQBy7PHEPR-BX506C,xplor nevada,https://play-lh.googleusercontent.com/-eZ5WFdUVyQ8/AAAAAAAAAAI/AAAAAAAAAAA/AMZuucmoYWk2SzJkgTAhvo8rJlA_8gpO4w/photo.jpg,I like it even better than the original 2600. The controls are much better now.,5,0,1.5.14,2013-11-15 17:07:56,,
gp:AOqpTOEuWqWZ0BI73po7DV_I17SkO_PtHuorw_QwD-yvqSe88h01zDcBnDG1YEmuxKaR10P8bmr7ZQFfGsqJ,Dave C,https://play-lh.googleusercontent.com/a-/AOh14Gjtj4Q4ot0O3TaY-3fO308Ukei6JGf_Xxp7_Hotfw,"I have many in the series here just for the interface consistancy.  A few annoyances are there when using on the Nvidia Shield though.  When scrolling the ROM list, which can be quite big, it is cumbersome with the dpad.  This should be improved for users with physical devices.  For one thing holding the d-pad down only advances one entry, no key repeat.  That should be added.  Also d-pad right should go down a page, left up a page also with repeat (See MAME4 droid) makes navigation MUCH faster.  I know I can use the touch screen but it is not as convenient with physical controls to put down the controller scroll by touching the screen (and adding smudges), then go back and pick up the controler again just to change a game.  Otherwise great emu.",4,1,1.5.14,2013-11-07 18:32:46,,
gp:AOqpTOGH4KkMwEblO1X4GXqiyJiZIt4LWkPtG34kOX_rV9lVxKSL_m0jrYxQHuK2uf10Edw24B4n-iEC8uUf,j.r.r tolkien,https://play-lh.googleusercontent.com/-WZtSzmxtfYI/AAAAAAAAAAI/AAAAAAAAAAA/AMZuucmCrgJYTIzs263Mg5zIJbx_TjILKw/photo.jpg,I love  but not as good as my real 2600  because I Need second controller,5,1,1.5.13,2013-10-28 02:03:21,,
gp:AOqpTOF5oFiZS2ybfIY3CTJG7XtYxPhMoU7rk1nqC9S-6pU96HatW23Vh5bVAhfGWKOPIzINOp0mciwmig4A,Bill Potter,https://play-lh.googleusercontent.com/-u_FBBxhiM_0/AAAAAAAAAAI/AAAAAAAAAAA/AMZuuclKs8EoyUioB9XNp-miZODDuxWCiA/photo.jpg,Awesome emulator!  The best way to play your 2600 games on the go.,5,0,1.5.12,2013-10-15 19:33:56,,
gp:AOqpTOEr796BvV4Kix50PVoHNbeO51Dp1__SZMC3MDu1JlZ3qkQVoaHgBdQefoma2ypobkJLuhHNa2QLMQXi,Jose R Quezada,https://play-lh.googleusercontent.com/a-/AOh14GiiCGpAMGMQ7b9Idj5aPgUAa0MEOqgx7y5Jxa2qEiI,"Like everyone says, this emulator is awesome. So far everything works the same or even better than on a pc emulator",5,0,1.5.12,2013-10-09 18:38:01,,
gp:AOqpTOGb3RkYmuzLoM4x6IcBCboXkSIQso0MlZJ5SSXOZsVBRlXQs7L-6K81yBbPHyQk-JHYHBFjefsoTAnS,Chris Sadler,https://play-lh.googleusercontent.com/a-/AOh14GgWWoK5ZckjogCxAEFfVmTo2xGwcwTia4rZPn4V,Does not work on note 10.1,1,1,1.5.12,2013-09-13 18:29:23,,
gp:AOqpTOF2jYn8SMVmu8qPoe5G-RfFwRQVh-05w6aHSVqa5BCxO91KQ1tda-fqq0XoXHd-iAlPjTweiMhwqpiB,Rob Butler,https://play-lh.googleusercontent.com/a-/AOh14GiGrtECbjEd3xMGO83FDjhf9U1MiHnOYxFjHnCQHg,what can i say? perfect?   thank you once again! any chance you can add touch pad support for the Xperia play?  thanks!,5,0,1.5.12,2013-09-10 06:47:47,,
gp:AOqpTOEz1Ib0-P8ZZK2ZW6W1rq8DUEl2lMsu6vpx0-x-DR9eNqOIR_Jxgp2jdP2vNC9-UI2bPDpJVpsJ3F_n,Chris Benham,https://play-lh.googleusercontent.com/a-/AOh14Gi--AKQhRrsPDzTVaxFY6UtVWsxQWdN4p6mPS_Q,I have had sound work only once on my stock Asus TF700T.  Not as fun without sound.  Please fix and will rate 5 stars.  Thanks,2,0,1.5.12,2013-09-04 10:22:07,,
gp:AOqpTOGPhF0pts_Hs-xNJZTUlozIKUBK9U5uNkSBYN8KHuYwMOsImF_hyuKlUMEb_eo00xf1BQNT30QEddMn,Craig Baker,https://play-lh.googleusercontent.com/a-/AOh14GjhXn_kT-pbS7IrE-f181ZTKHlau-EEzcq2T6c3cg,"The perfect emulator! No lag, smooth as butter, and has great controls! I want to give 6 stars instead of 5!",5,0,,2013-06-18 23:21:53,,
gp:AOqpTOHdjSy4XKqREFqvSZOkIcF0N4D-5GWnChwmZ8YKGk60Y8xsPKi7oJ8kAT3Xl95cn7evECnFGxF5ptNI,Christopher Yarbor,https://play-lh.googleusercontent.com/-IhQg9WEM3mE/AAAAAAAAAAI/AAAAAAAAAAA/AMZuuckWVo8EAB-SgXEmXhjjW-P6PNerSw/photo.jpg,Works awesome!!,5,0,1.5.12,2013-06-11 21:14:34,,
gp:AOqpTOFdK6bJE_DSBMY9SuToqENwGtJnejuB5rXM5qzskliOT7vMFmlmQIt3hQ-etTiGSbLZTMqIsOnXe1dZ,Thiago Pelizoni,https://play-lh.googleusercontent.com/a-/AOh14GhoePQjQzwao0gl953rVONBjJTkW8B4411_Hp-FggI,"It's the best Atari 2600 emulator, I recommend it.",5,0,,2013-06-09 13:43:10,,
gp:AOqpTOE4Sgf6NT0-Iap0NRX2IB_4JsqDsc1kR4qbIoVfbTQODR4p2fxuScMvy9Rzs3r1QSJx-uRc4b89PCSL,Liam Cole,https://play-lh.googleusercontent.com/a-/AOh14Gi7yklVJDiRL_1nBYJUCKfoVogccR_72qeSwZRbFQ,It runs so smoothly its incredible good job keep em coming,5,0,1.5.12,2013-06-01 02:07:36,,
gp:AOqpTOHEHfTx5KdYb0bvZfp4cnDGRzmBDWVm7aIC8WLBdUipOd-GFja5P8vC2iypup3x7FEYVasDVx8bxScn,Tim Phillips,https://play-lh.googleusercontent.com/a-/AOh14GjM7dRH39Jt3i0JpeY1XZh7pTz1SH8oaF7ngZT0AA,"Wii remote interface using Bluetooth is flawless...so much fun being able to play Freeway, Adventure, etc., again.  Made me feel like I did when we got the unit the Christmas it was released!",5,3,1.5.12,2013-05-24 18:33:55,,
gp:AOqpTOEB6ZU5exxmmcRpMcrUo3aY3aPdyIl912A_x4LSOL5kf_GRLrAbC2_jjtEyVS_W1dh6F2AXgsCMJRl8,Charles Williams,https://play-lh.googleusercontent.com/a-/AOh14GgZLc7-DvjqLsM082Fi6drn4oHUvMTdBBfMaFn_,I love replaying tapper,5,0,1.5.10,2013-05-18 18:18:57,,
gp:AOqpTOECVK5pfZAqiYJ1giA2HIDlwIVPDeNINpr2xFrYNLNn71Qp5gnJTZzl3YFfya1nXWhp1duU-NO93X_K,George Weising,https://play-lh.googleusercontent.com/a-/AOh14GhUISe2zz52gIBtjhfNn0a1VB7HFArMDqhwLSPH,Works great!,5,0,,2013-04-14 00:59:31,,
gp:AOqpTOE2JYYnsGIZPV6SMwsKsBnPNmsY7ZpaLOivP76_KZ2hHVC-0qL7TdAQVz4uQfajfPWLbK-nJvTBAL7n,Relly J,https://play-lh.googleusercontent.com/a-/AOh14GhkstEUE_cWEuFx9MfP0p6vpY88_XCl5RfpIEleRw,Every emulator made by this developer is excellent and works fantastic!,5,1,1.5.10,2013-03-31 22:07:31,,
gp:AOqpTOHSb5SneA-enuLWHb88dHbiFYf0kXoUdT6j_GiCGAOWQFWzJVbUDoipahORQ30pV-R4X901rg9F2CqT,Curtis Mitchell,https://play-lh.googleusercontent.com/a-/AOh14GiA2rLni3mDxkGtSp9Q1r1BsQLcF-EmA34DFatdFQ,"Menus are easy to navigate.  Emu runs great on my Nexus 7.  Smooth emulation, looks better than my console does.  Easy controller mapping to my BT gamepad.   Can't quite get used to the native touch controls but Atari really needs a joystick so not the dev's fault.",5,0,1.5.9,2013-03-26 04:30:46,,
gp:AOqpTOHJkYw-0I2STn5-5b9zfjjlQtfrtPK3l7InSFL06FHqfNqEqEkLGIgR5QGjV7jZQwQmI01MgAvaKxA3,Jason M,https://play-lh.googleusercontent.com/-Uy5u6GSRTU0/AAAAAAAAAAI/AAAAAAAAAAA/AMZuuckoe-Lr0kO2lh58xOXspvEQhimOPw/photo.jpg,"Great emulator, worth the price.",5,0,1.5.9,2013-03-25 17:53:43,,
gp:AOqpTOHAyyKexV05fe9-N8fnxpkI6vGzbQfkOQ0ODi7Mc-PR5wrYwtkXSpGaLCATn1MbuemcwX6D05p3s9YI,Aron Malmborg,https://play-lh.googleusercontent.com/-nKC-_Ic584E/AAAAAAAAAAI/AAAAAAAAAAA/AMZuuclRqvCghtsoQM93BznG7qiwd2AAzQ/photo.jpg,Realy good works fine on my phone. Brings me back to the Atari age before the bit wars. 5 stars for being the best Atari console emulator,5,0,1.5.8,2013-03-05 22:54:06,,
gp:AOqpTOFTZdw0XOTGPcyVJMfXm9SqDV2vfTTD3s0X0hGDJB-1A_S9I1aDDZPcRPGCmwFAtEDNFTjv5UvBQ4V4,Jeffrey La Pointe,https://play-lh.googleusercontent.com/-wObZdRcP7GQ/AAAAAAAAAAI/AAAAAAAAAAA/AMZuuckkxQvq0lWlr6QVW1sVrH8Qf6paDA/photo.jpg,Before update my only complaint would have been that i couldn't program both controllers into my gamepad.  This has been addressed now.  Yet another fantastic emulator.,5,0,,2013-02-09 11:17:40,,
gp:AOqpTOFmHbg-QdUq6WbSIvLk7wPcv3u8unYlp92c1mBuuWVdionjt0zRo1oJy1ZFjSid7zCZVTkbGdPE7_2h,A Google user,https://play-lh.googleusercontent.com/EGemoI2NTXmTsBVtJqk8jxF9rh8ApRWfsIMQSt2uE4OcpQqbFu7f7NbTK05lx80nuSijCz7sc3a277R67g,"I love it!had small issue with white screen,sent emailed,fast response,fixed.don't hesitate,if you're looking for an Atari emulator,get this one.",5,1,1.5.7,2013-01-24 15:49:38,,
gp:AOqpTOFrxl5xxWuYgFppoJLnJ1MB-nYEwz-VgsatiwcRL5YegmCbA2QqDG1wqLU3sEUbaRTRQ8s5fXniaTkX,James Mitchell,https://play-lh.googleusercontent.com/a-/AOh14GgDtaWe46kKhWsvUC2ZbFuAueeos3g8aVMWA9ZoKg,"Remember folks, just like the actual 2600 you have to hit reset first to start some games.",5,4,1.5.3,2012-12-30 17:04:15,,
gp:AOqpTOF4oZverX8gtxHpLoTmOGnlFxviM8Rf13h1r78oXopC9oey-gZy5t6ZFYj3CnOIMvnxsbuiMedqiSHA,Eddie Miner,https://play-lh.googleusercontent.com/a-/AOh14GgbqMuy0jt-OTK8njJvPiCOw8JNFVPdFco6LRyRkQ,"I don't know what to do to play this.I have emulators for other systems,but what is the trick with this one?",3,4,1.5.3,2012-12-28 23:35:42,,
gp:AOqpTOHXHWldBaOC29rF1Ji4TRgtm6m79BjmUi8QlpeaoBeEmqf_mAmz1hBHgAOJ-PXHrf5QrNk_ldMZNB6f,J W,https://play-lh.googleusercontent.com/a-/AOh14GjLsnJ3CX15Wd7RdHekw4ICsR2RNchl_VW7Zrq7,Works good,5,0,,2012-12-27 22:09:46,,
gp:AOqpTOFwBN7cgxPddPuVrZuDARTwglbmQ21IJhXmGvyjQThiXssCBvANRCUny49AUELaEVNBgGTGdXVJdXEe,J. Mohler,https://play-lh.googleusercontent.com/a-/AOh14Gj5w0y1EKErpCy34PRlkxgC2QngrYpl8KXWVsfp2g,Works perfectly on s2. Reminds me how much atari sucked lol where's the colecovision emu?,5,1,1.5.2,2012-12-13 04:07:35,,
gp:AOqpTOE03nzp2p-r9t8NpckMQbUkFZPayJonosG_pt0fTIiF3q8oA7Ug1E6MfOzKrSZaU4Wxxb6nW7ZERK6t,Kenneth Barber,https://play-lh.googleusercontent.com/a-/AOh14GiP6RRWZn4AG1rLrmwSx6VjcKKcdlI02zZjFIs,Thanks.,5,1,1.5.2,2012-12-01 12:22:47,,
lg:AOqpTOFse8E6M5_hqskk_6S3sSGkAmqRG0Ai2K5q_U1cD8XgURtReTnD96lr-wtosgZ_TZ7Si7kUMo925cJW,A Google user,https://play-lh.googleusercontent.com/EGemoI2NTXmTsBVtJqk8jxF9rh8ApRWfsIMQSt2uE4OcpQqbFu7f7NbTK05lx80nuSijCz7sc3a277R67g,"This emulator is worth the $3. Supports the iCade 8Bitty bluetooth controller from Think Geek and runs fast, smooth and with audio. I haven't tested Supercharger ROM images like DragonStomper yet...",5,0,,2012-10-24 19:06:07,,
lg:AOqpTOHaQL9qyH5Ag-oAGoY1_vdXNc70D0eF0-z_rnpjFCTIr-zTm8BhMoXhV_CnIW-iAWRSgBezZawORUKL,A Google user,https://play-lh.googleusercontent.com/EGemoI2NTXmTsBVtJqk8jxF9rh8ApRWfsIMQSt2uE4OcpQqbFu7f7NbTK05lx80nuSijCz7sc3a277R67g,Nexus 7 works sublime.... now this IS worthy of the money.,5,2,1.4.34,2012-10-16 06:56:10,,
lg:AOqpTOG7THELoi7ymNm1ONI2knrUk7FUARZ7djjn6I-W78gRXj2G05fs_hU35_g7IKxKSpoN3Biad3axZqCi,A Google user,https://play-lh.googleusercontent.com/EGemoI2NTXmTsBVtJqk8jxF9rh8ApRWfsIMQSt2uE4OcpQqbFu7f7NbTK05lx80nuSijCz7sc3a277R67g,Thanks for bringing the Atari VCS to the 'droid world!  I still remember that Christmas a few decades ago when I got my Heavy Sixer....ahhh the memories.,5,2,1.4.33,2012-10-01 10:40:46,,
lg:AOqpTOGkD1vBOTK6JsWItOxyct3a7iLvzw5uYNS-UW2m91twqyPtSEC1F60G3G4AVBks1I-Dfk7f8qDj1I2P,A Google user,https://play-lh.googleusercontent.com/EGemoI2NTXmTsBVtJqk8jxF9rh8ApRWfsIMQSt2uE4OcpQqbFu7f7NbTK05lx80nuSijCz7sc3a277R67g,Excellent.,5,1,1.4.31,2012-08-17 12:44:43,,
lg:AOqpTOHp1Budhqp9KS3zoJDKCrQZauX-F2wr4HJfDkr1xYI0UW3re-W7sQ1l-WtiiJ9-LOBuu6vO9839sHnB,A Google user,https://play-lh.googleusercontent.com/EGemoI2NTXmTsBVtJqk8jxF9rh8ApRWfsIMQSt2uE4OcpQqbFu7f7NbTK05lx80nuSijCz7sc3a277R67g,Tried several downloaded games and did not recognize I had atari games...just junk to me..getting a refund... Very disappointed!,1,2,1.4.31,2012-08-17 06:07:51,,
lg:AOqpTOGuR2Sn5mgr5WL0ZEm78MvMWOle39oSa8-0XvwGYRDNIwZoqc31eRf8T0HreuOVfjmtqQGOBAoxWUrk,A Google user,https://play-lh.googleusercontent.com/EGemoI2NTXmTsBVtJqk8jxF9rh8ApRWfsIMQSt2uE4OcpQqbFu7f7NbTK05lx80nuSijCz7sc3a277R67g,Aahhh! The memory of being 7 years old again. Thanks RB... truly. A stella Dev and a Historian.,5,1,1.4.31,2012-08-11 19:54:51,,
lg:AOqpTOF10opZtfMxE8fImvHiykahP42-YCT6THjCPAbeHZrVsTzgg-hhqcsS06T9iYXi_0gXDtC34Vlv9NCX,A Google user,https://play-lh.googleusercontent.com/EGemoI2NTXmTsBVtJqk8jxF9rh8ApRWfsIMQSt2uE4OcpQqbFu7f7NbTK05lx80nuSijCz7sc3a277R67g,Works great on NTSC ROMs but PAL ROMs play too fast .. they should play at 25fps. Love being able to use wiimotes for controllers. GREAT JOB :-),5,2,1.4.29,2012-07-24 14:45:03,,
lg:AOqpTOFmahmz5tg3DnP7l8Di4jk_pYf2sK2zcT_y3cocZ8JQn4PG1j_8Zvz5rtsbYvxxgf5ZRidMf0tfr9KF,A Google user,https://play-lh.googleusercontent.com/EGemoI2NTXmTsBVtJqk8jxF9rh8ApRWfsIMQSt2uE4OcpQqbFu7f7NbTK05lx80nuSijCz7sc3a277R67g,Much love!!!!,5,1,1.4.29,2012-07-22 14:36:52,,
lg:AOqpTOEbgPHVX8QPmdjz2EP15FABm-KuYtmWWwp1MgUiNQVrAPyhKVf5ujuP6qHpFA8zm010t0n7ixNVhNDy,A Google user,https://play-lh.googleusercontent.com/EGemoI2NTXmTsBVtJqk8jxF9rh8ApRWfsIMQSt2uE4OcpQqbFu7f7NbTK05lx80nuSijCz7sc3a277R67g,"This emulator is really nice. If I had one request, it would be to support DPC+ games, since one of my homebrews is made with it.",4,1,1.4.24,2012-04-28 14:56:55,,
lg:AOqpTOF51XvaYZQXyiK95QUt2P3Y-08Z5igNVAWhhF9-7xZ1-do6ocJT2vzzI9af2V4wLai7XgXn20M5IqQN,A Google user,https://play-lh.googleusercontent.com/EGemoI2NTXmTsBVtJqk8jxF9rh8ApRWfsIMQSt2uE4OcpQqbFu7f7NbTK05lx80nuSijCz7sc3a277R67g,I love this app works great...!!!,5,0,1.4.24,2012-04-21 15:43:52,,
lg:AOqpTOHMbftsaMOn37IeFFrh7vATd5euUD3YtEhj6cgVwetiqPmZBxf_B7VrKBDkKRcMtNMr2F7P7DpZLwDR,A Google user,https://play-lh.googleusercontent.com/EGemoI2NTXmTsBVtJqk8jxF9rh8ApRWfsIMQSt2uE4OcpQqbFu7f7NbTK05lx80nuSijCz7sc3a277R67g,Just bought.  Runs better than other 2600 emulators.  I agree a C64 emulator from this dev would be interesting...,4,2,1.4.24,2012-04-10 14:15:41,,
lg:AOqpTOFxDiSve83ImWsLJ7SdtaAH1flKFFgB1QUjQ50NqC_yNhzVXDXwP007cRZCVm8X0x9E2vKewNQ0x8lf,A Google user,https://play-lh.googleusercontent.com/EGemoI2NTXmTsBVtJqk8jxF9rh8ApRWfsIMQSt2uE4OcpQqbFu7f7NbTK05lx80nuSijCz7sc3a277R67g,I absolutely love the Atari VCS and this is a tremendous emulator.  It works perfectly on my Xperia Play.  Well worth the pennies it cost!,5,0,1.4.22,2012-03-30 01:04:56,,
lg:AOqpTOHcKNqivUetkgRr0K412TRM3CU9T762iUB2w-gsdFskp54NzgFo7SBD4XQv3MUYGR0jsMRfkjFeG5hL,A Google user,https://play-lh.googleusercontent.com/EGemoI2NTXmTsBVtJqk8jxF9rh8ApRWfsIMQSt2uE4OcpQqbFu7f7NbTK05lx80nuSijCz7sc3a277R67g,"Great emulator, loads of screen/control options. Extremely high compatibility, special carts such as Pitfall 2 work brilliantly.",5,0,,2012-03-20 20:07:21,,
lg:AOqpTOEAMIUfLFECHrqtoESi6AM7_HycAsqXRcZllM5Qv5l_kZMrxi5D4mDs1ay2Yjuo8pJm0w4ofaRXd0cw,A Google user,https://play-lh.googleusercontent.com/EGemoI2NTXmTsBVtJqk8jxF9rh8ApRWfsIMQSt2uE4OcpQqbFu7f7NbTK05lx80nuSijCz7sc3a277R67g,"Since the update screen is to dark to play, unless u have onscreen controls on.. or you turn scanlines off...",5,0,1.4.22,2012-03-17 05:18:32,,
lg:AOqpTOFkcYD3xKcECpMRiLYmktJ1wqH5f8s1IO7Q0qwGUYA5r_h2lyNB3_EwyyxLznXeTQuKhJx7Fnwljbd4,A Google user,https://play-lh.googleusercontent.com/EGemoI2NTXmTsBVtJqk8jxF9rh8ApRWfsIMQSt2uE4OcpQqbFu7f7NbTK05lx80nuSijCz7sc3a277R67g,This app works like a charm!,5,0,1.4.19,2012-03-03 22:56:02,,
lg:AOqpTOGZ6YOx_hoszp_yQaGfQN8FURE2XR5DpwS15qbK7m4xZkiRpoGYqamYxD1Cxhlk4glrkV0d4Kr6k69Z,A Google user,https://play-lh.googleusercontent.com/EGemoI2NTXmTsBVtJqk8jxF9rh8ApRWfsIMQSt2uE4OcpQqbFu7f7NbTK05lx80nuSijCz7sc3a277R67g,Thats allright that its a zip the emu will play the file.,5,0,1.4.16,2012-02-25 06:57:34,,
lg:AOqpTOHKvxba8fNuMiqQ99xnALdLnsMEm-No-_l3QCOS6bbywhy1t_Qe_iW-2PLyKbQht9t_tz8FtL9OQ_F0,A Google user,https://play-lh.googleusercontent.com/EGemoI2NTXmTsBVtJqk8jxF9rh8ApRWfsIMQSt2uE4OcpQqbFu7f7NbTK05lx80nuSijCz7sc3a277R67g,Fantastic!!!,5,0,1.4.16,2012-02-14 18:15:12,,
lg:AOqpTOF18L49x4v8LNzOS7wp-nV5bof6n0aGFD0Ix-ufAPSwDlaz18cBBSRQB33Q-0uwhGqskTa-0cbTjbiy,A Google user,https://play-lh.googleusercontent.com/EGemoI2NTXmTsBVtJqk8jxF9rh8ApRWfsIMQSt2uE4OcpQqbFu7f7NbTK05lx80nuSijCz7sc3a277R67g,Perfect.,5,0,1.4.16,2012-02-05 17:28:28,,
lg:AOqpTOEx-T8vRwrstxKy972bdiFY6z5iaR6D3fi3DRlS3uBSk8FIJxNBiGUm4T1Vw1UPi7gUUZ-dQXZT9B-z,A Google user,https://play-lh.googleusercontent.com/EGemoI2NTXmTsBVtJqk8jxF9rh8ApRWfsIMQSt2uE4OcpQqbFu7f7NbTK05lx80nuSijCz7sc3a277R67g,Great app. Wii remote seems to disconnect but will look into it.. Thanks..,4,0,1.4.16,2012-02-05 13:31:16,,
lg:AOqpTOG8Fmn7ERMDXUSwoy5ADT8vzSinoIGMCiZ3d9B3B9bA48ycgqM6NkukvN7NxRNFHIkHJBUoKDVm0eWC,A Google user,https://play-lh.googleusercontent.com/EGemoI2NTXmTsBVtJqk8jxF9rh8ApRWfsIMQSt2uE4OcpQqbFu7f7NbTK05lx80nuSijCz7sc3a277R67g,Works very well when I discovrted this.,5,0,1.4.12,2012-01-06 15:16:30,,
lg:AOqpTOEktm_7neGVol0xn-3Ruume-rG_b2BhbvSi5fFKIKTsxxksGCwVCC-xKdOLXC2GEV2rfgwTb1_1tte2,A Google user,https://play-lh.googleusercontent.com/EGemoI2NTXmTsBVtJqk8jxF9rh8ApRWfsIMQSt2uE4OcpQqbFu7f7NbTK05lx80nuSijCz7sc3a277R67g,Smooth controls.  Best app I have.,5,0,1.4.12,2012-01-04 10:25:06,,
lg:AOqpTOEN3sZ4HQaufmEHHzl2jZa-c5eIAr8w-pIObc44ieyuZSQGKg5vb6PQ2FO-WAF2159nVkSGYXJgesbE,A Google user,https://play-lh.googleusercontent.com/EGemoI2NTXmTsBVtJqk8jxF9rh8ApRWfsIMQSt2uE4OcpQqbFu7f7NbTK05lx80nuSijCz7sc3a277R67g,THANK YOU so much for all the work you have done!  We GREATLY appreciate it!    Please consider adding iCade compatibility to this great app!  It would rock to have iCade compatibility with these Atari games!  Patiently awaiting a Commodore 64 emulator now.......,4,1,1.4.8,2011-12-16 11:16:46,,
lg:AOqpTOGNLicfbRE-svbMe_n3t4Y0J_p3oc0caplTy1ozWYqKYuI-deYUo28sIDSD45iJnhdJhEdlD8cPi19b,A Google user,https://play-lh.googleusercontent.com/EGemoI2NTXmTsBVtJqk8jxF9rh8ApRWfsIMQSt2uE4OcpQqbFu7f7NbTK05lx80nuSijCz7sc3a277R67g,Great! This brings me back to the good old Atari days. :)  Thanks. R.Broglia is the best.,5,2,1.4.8,2011-11-27 13:24:06,,
lg:AOqpTOG4cPpdcrhrFn74iV_V-_8fTvg5_YA-xOBvv6zPxmHWXdu2sOZUAi8RI5g0MO_1mSnUcw-uP8m2L7oM,A Google user,https://play-lh.googleusercontent.com/EGemoI2NTXmTsBVtJqk8jxF9rh8ApRWfsIMQSt2uE4OcpQqbFu7f7NbTK05lx80nuSijCz7sc3a277R67g,"Many games require a reset to start.  Need this outside the menus.  Otherwise, top notch as always.  Need C64 now.",4,1,1.4.8,2011-11-27 11:19:04,,
lg:AOqpTOHEh5M-eWmHJ8p9jcOxONmIGSGm7xO_48TsvZpij9eOfCy4hExK5B0PtQOXHSxFLyaAq1hDmpLp3O8h,A Google user,https://play-lh.googleusercontent.com/EGemoI2NTXmTsBVtJqk8jxF9rh8ApRWfsIMQSt2uE4OcpQqbFu7f7NbTK05lx80nuSijCz7sc3a277R67g,Awesome on Xperia PLAY 4G.,5,1,1.4.7,2011-11-24 20:39:21,,
lg:AOqpTOGOwu03IjIzv1P3bhDFRMO543CATD55OAqND0djlKr5AryghwDZWlWWdEINqPvW4rHk2vb7Yn6rRv_H,A Google user,https://play-lh.googleusercontent.com/EGemoI2NTXmTsBVtJqk8jxF9rh8ApRWfsIMQSt2uE4OcpQqbFu7f7NbTK05lx80nuSijCz7sc3a277R67g,"Would be great except most games, like asteroids for example, will not start.  Please fix",1,1,1.4.7,2011-11-18 17:28:54,,
lg:AOqpTOHod3yZ2hgzE2AWrBqeAjv7MFQeqe4jLL31IaJ193Co0YxLsehzm9tPJ7zoJvPHKPU7H802r4MxY8JW,A Google user,https://play-lh.googleusercontent.com/EGemoI2NTXmTsBVtJqk8jxF9rh8ApRWfsIMQSt2uE4OcpQqbFu7f7NbTK05lx80nuSijCz7sc3a277R67g,"I've been hoping for quite a while that you would put out an Atari emulator, and you did, and it is just as awesome as I hoped for.  2 issues though: 1. Unless I'm missing something, it seems to be impossible to play games that require paddles, such as Circus Atari. 2. I couldn't get Dig Dug to load. No idea why.  I'm sure with time these issues will be solved. It was definitely money well spent.",5,0,1.4.7,2011-11-13 13:46:33,,
lg:AOqpTOHn6qJz5BmnDZZpzSSO8hPXHtY4DTDr4jpPriMVo8KEA6ijwkM8kvsKxI51uqgUZoxFzz40NiT6_6tz,A Google user,https://play-lh.googleusercontent.com/EGemoI2NTXmTsBVtJqk8jxF9rh8ApRWfsIMQSt2uE4OcpQqbFu7f7NbTK05lx80nuSijCz7sc3a277R67g,Cannot get it to work,1,1,1.4.7,2011-11-13 12:07:04,,
lg:AOqpTOGP4kfZt0Gkc5TR2v0eshN_v0G5fw8UCFq4WkPm4irdCtpdEmokwq-PiB_2EL0oJRS0l6akOOICVe9Q,A Google user,https://play-lh.googleusercontent.com/EGemoI2NTXmTsBVtJqk8jxF9rh8ApRWfsIMQSt2uE4OcpQqbFu7f7NbTK05lx80nuSijCz7sc3a277R67g,"Robert Broglia has made another superb emulator. I've got 5 of his now. They are the best on the market, and all play brilliantly. Thanks Robert.",5,0,1.4.7,2011-11-12 23:37:20,,
lg:AOqpTOESSo4ZGGp5vNx8HI_utUlF_NxcEE8U--mX8GNfjfowB3g4knwtLcU3GFEI_iixLw_9kNMzBFthdsY_,A Google user,https://play-lh.googleusercontent.com/EGemoI2NTXmTsBVtJqk8jxF9rh8ApRWfsIMQSt2uE4OcpQqbFu7f7NbTK05lx80nuSijCz7sc3a277R67g,Much better than Ataroid! No more fuzzy video filters! Xperia Play.,5,0,1.4.7,2011-11-07 12:20:13,,
lg:AOqpTOEIqTxwfgRxXX3gI7UVyVnqjXeCsJ8OvTCN9VnCY541xzfBDqziVstbbvAltko7CfudQSYGjVOX5oec,A Google user,https://play-lh.googleusercontent.com/EGemoI2NTXmTsBVtJqk8jxF9rh8ApRWfsIMQSt2uE4OcpQqbFu7f7NbTK05lx80nuSijCz7sc3a277R67g,"I was *really* hoping the Atari 2600 would be on the list, and here it is!  This is one of my favorite old consoles, and Robert's port of Stella is top notch.  I also know, from owning his other emulators, that I'll get regular updates.  All I need now is a Robert Broglia C64 emulator, and I'll be in heaven!  I tested this emulator on both the Xperia Play and ASUS Transformer with the iControlPad.  Both work perfectly.",5,1,1.4.7,2011-11-03 08:52:25,,
