reviewId,userName,userImage,content,score,thumbsUpCount,reviewCreatedVersion,at,replyContent,repliedAt
gp:AOqpTOETnkqguPVmo1QbOiReu-KExZjIRHu7PAdQKZn9WDCuTbaeOLn0aR8v9nYrJrQB6VgbwKbFYTlk0LC6TzQ,Keza Elhz,https://play-lh.googleusercontent.com/-C1eZ56-k9IY/AAAAAAAAAAI/AAAAAAAAAAA/AMZuucm0LUS6WkpBFOPRFeNr4p-SsL1lbA/photo.jpg,I honestly don't know how you could've made such a flawed app game time comprised means your temporally logged off seriously?!!? That just means if there's ever a small glitch with connection issues your permanently screwed,2,19,1.33.24L,2021-01-30 18:23:04,,
gp:AOqpTOHiKBh6guiORxP72z8xrxylXlJrV2hoiwZkdwvL1eEgqJSXAuQ30Zl7det_6h4RDzyxEPhhDkOrtlr5XQU,Savita Tambe,https://play-lh.googleusercontent.com/-cqYdUxxhnuY/AAAAAAAAAAI/AAAAAAAAAAA/AMZuucmXHusQTuiRdORZoDm5frapT8IJjA/photo.jpg,It is so nice game 🎮🎮🎮🎮🎮🎮🎮 you should take this game,5,0,,2021-01-19 00:27:33,,
gp:AOqpTOE7wwXge-SQP53-nWr4R-V2B0y6t0r0rHba6TC1wDtLX9emdkpGVnIkTnaNVmjmqOTx_j8ntlEw8QmIZ-4,Sajjad Ali,https://play-lh.googleusercontent.com/-rLKsqvJCCKk/AAAAAAAAAAI/AAAAAAAAAAA/AMZuuclBVR5ln7AWz2w5KZ9ONfvyM-M8Pw/photo.jpg,Sarfraz Ahmed,5,0,,2021-01-18 22:32:12,,
gp:AOqpTOFOlkDQjIDTuZcKTJT84P2CRdcVBCx-LdHtDXTaUeKjy5GERoomDHCcr-N_g3tOrwyWCSTlvUfYwY9wEpo,Kaiso The Infinity,https://play-lh.googleusercontent.com/a-/AOh14Giqbxgryhc23QvOModxWbWmo9coTAqztS6lk--M,Works fantastic but I have issues that it is when I open game it show black screen pls fix this btw game is good.,5,47,1.33.24L,2021-01-18 19:25:47,,
gp:AOqpTOEPIS1e7Jh--jLm0cBD81ykBHE1Kl2DvtqGihky8V0ta8hbGfmX9CyO22NiLNh1e9BY6z8LKP09Lk13xUc,Rana Karmakar,https://play-lh.googleusercontent.com/-Anik3AVUzYY/AAAAAAAAAAI/AAAAAAAAAAA/AMZuucnnm0SDZD3_qV4p6EFywFGfyQV_Pw/photo.jpg,It's much better than free fire.,5,0,,2021-01-18 00:23:47,,
gp:AOqpTOHt9ul50_RV-cqEDFQAx00ceAWE3cAGBD-Ezs5dnSJdzPLZ1QrP9YWhe8ixJmEkGHysUVVjr3d184ilBbk,Free fire official India's,https://play-lh.googleusercontent.com/a-/AOh14Gg8vHesfCrgjy76o1JbhJcUWqi0rlZZrvE1sE63,Very nice game I just love it op game nice work,5,1,1.33.24L,2021-01-17 00:17:20,,
gp:AOqpTOF8yqsGE-IeKQc9loKnY1Ywbe79QCSKeu7KCWruez2MnIQ_q7KJkIg3JC9l6vwqNBs6unepdHKySzhT32A,Shivam Bagal,https://play-lh.googleusercontent.com/-QxYa53Nm038/AAAAAAAAAAI/AAAAAAAAAAA/AMZuucnZE2WDGQSbF95z0IQ1dPPEfTXNXg/photo.jpg,Great nice wonderful,5,3,,2021-01-16 23:16:31,,
gp:AOqpTOHUoHFQ561cXAIzucIbtTSpLg7DEF1TZVQM1QQvugqprrbbJefJW9LdX26TbshVVMdjlcRt4isov9Nmlf4,ShuZ Gaming,https://play-lh.googleusercontent.com/a-/AOh14GgDHvMiLYi030zskwlKs68HTuf6kVDQe8ftVloUrQ,Took too long to download raw file,1,0,,2021-01-16 07:21:22,,
gp:AOqpTOG8FTFaaARfP3wZykH1igA6xK0pJrslflSwGMvFl6mYnKPzq5EB3rWddUI4hBlE1PhIJs-4zNBfpVBVzAY,Thynest Channs,https://play-lh.googleusercontent.com/a-/AOh14GilJOB_ELNthvap9brG4FqSFbBAvAyx5NAZyf2Vuw,Good Game,5,0,,2021-01-16 04:28:12,,
gp:AOqpTOG78CUuYXgfkkPWyTEvDrsS1aOH-aVFbBRUVeapR3ABv7PE6NWODgsALKrO9vm_Jqi0hJ_NlM-AbW8VuoE,vsv Rahul kumar free fire & pubg lovers,https://play-lh.googleusercontent.com/-QFr81Yf-miY/AAAAAAAAAAI/AAAAAAAAAAA/AMZuucm6c8GZkgu-lpWxbHWRo1PS6HEg9g/photo.jpg,Nice,4,0,1.33.19L,2021-01-12 10:58:12,,
gp:AOqpTOE9SRGvSstZRGUhQbYzYpNBQYQ47hwD682t4IGSAOmJy0Qmz-eaTjpPjY2JlqTV8keakbcVptVBwzBrkMU,Pradeep Singh,https://play-lh.googleusercontent.com/a-/AOh14GiXht5U-5s7pGHnXGNmOoQqkriInpqJ8DomZOx1Nw,"I don't know how this game would have been , but I installed it when it was on sale, infact it was free. But this game NEVER OPENED !!!! I don't know what the hell",2,3,,2021-01-03 01:39:53,,
gp:AOqpTOEbyMB8PNgLs0HxFmWMomytSVmCm1vlaSBuWbphw4IhW-VfZpm7lFo9NBz4bjtcOxM_5ZL8_0RapGty1ms,prince paulo playing and else,https://play-lh.googleusercontent.com/a-/AOh14GgidTMQN2nYVQhFwdOkOqGC8Qk-XWMzqW0RcOGq,Nice app,5,0,,2021-01-01 12:11:12,,
gp:AOqpTOEPvtw1aT61x_1UKSPg9gCO4WWxeDe0orpmhTpFk02ZNDxVVLfxrYHZCpp6X6ySTJl2WltBSZVl0oDBa8c,Pawan Raygm,https://play-lh.googleusercontent.com/a-/AOh14GgCWy2IG2ZrLsoVVmlPxTrSSLniDJkx83mpr1SfnA,"👿👿👿👿👿👿👿 it,s take my ₹20 But it,s not work",1,1,,2020-12-31 22:20:08,,
gp:AOqpTOFSa8cWhl2ZhDzlOigjUesRhwn4ahni6pLvOCt7bX6j4VALhQ_bYtzIav-ZZpMZ3r4FrMyRhSwXIguLJCs,Filmay Hai Mast,https://play-lh.googleusercontent.com/-0iJf2MDrm9Q/AAAAAAAAAAI/AAAAAAAAAAA/AMZuucnx-lsutxsHLS-Xx6p6IRX7Tneihg/photo.jpg,Gd,5,0,1.33.19L,2020-12-31 01:56:00,,
gp:AOqpTOEV3oeQOnx4KpvSoOR5Cxl9q5frBgMfcRSSg_sonyBArULbZZs3V_zfsacuFGU2PqZPnjYaZzPRKrH1aHM,Sushan Chanudhuri,https://play-lh.googleusercontent.com/a-/AOh14GiK6m2kAI-hNx7GSS1P9eD_RosxdaPCufV6Cc7N,Gg game,5,0,1.33.19L,2020-12-30 00:08:11,,
gp:AOqpTOEmzR1vF8EkeSOjut7u0a2c5JYv50ajiIkt7tXNx2qektBnZ-M5ja4Ni7BINFLxv_frqBnd9TRO2YvQseI,ANand Sharma,https://play-lh.googleusercontent.com/-SK4k_X_zilc/AAAAAAAAAAI/AAAAAAAAAAA/AMZuucng5ShG-ko7Z089e7Yx13r5s2gTtA/photo.jpg,CrucialGDPfocusinggovernmenthistoricalpsychoanalytical,4,0,,2020-12-28 09:32:58,,
gp:AOqpTOFoXf9rJORbRRwZ1u7wPq0DSdFDmTRSGf3-ll-uvy1g3JOUFh-RXTywHREe4IiHztToCIp6VW2RYpcUaFE,Adeshola Agunbiade,https://play-lh.googleusercontent.com/a-/AOh14GgwKYPkywKL2nwHNuB5TlwSdbiMg80974xEV_oY,Plz if u want to change ur account but it has no password how do u do it,5,1,,2020-12-24 13:41:55,,
gp:AOqpTOF929ZPcpIm6MS-TSND0KN7VDJoi9j9CN3f9RdqVMLeeaMQbHi5XP5QFbQ0koiosgKnVGbT6W2AgUY7Ceg,mark starr,https://play-lh.googleusercontent.com/-vpnDzTrz5OI/AAAAAAAAAAI/AAAAAAAAAAA/AMZuuclY2CwbcfjZkHJW2x3_pcgL_K4Y9Q/photo.jpg,"wow.,i won the grand arena suddenly its been back to the server bacause it always says cannot connect to server and when im back it doesnt give the token in the arena.,plz.fix.it.",3,211,1.33.19L,2020-12-24 01:23:11,,
gp:AOqpTOGK0beq2NKWIupaMFCBQPo6sJL8cjvqAM1Az6mxsqZc2p41GL28bslvF6g48isksaro-4FjSsnC8xpbZto,Bollybabe Aguns,https://play-lh.googleusercontent.com/a-/AOh14Gg-5XODpGo6uIoSBz2TNetD4l6jzSff7CChAeeYlLo,It is amazing,5,1,1.33.19L,2020-12-19 17:14:36,,
gp:AOqpTOGqPCRB-NDIIsEkNrMz5Zr2TVZD4IaH_ijpK05X55wZ-l85OAShMxRy8tDgWkfaANFJx8iPVhsSH7pRd10,Creative Animations,https://play-lh.googleusercontent.com/a-/AOh14GjI5XCOgd4S-3fw75QlLMgIhmodnfNUq2FMlNJk,nice game,5,1,1.33.19L,2020-12-16 00:59:46,,
gp:AOqpTOGm-v8dYjo_ZBGxHvKY-61Cgym8pOgIxVU44fSWMp834blcIytYX-PjerBgt3qiJw1zYns7oSOyFpIDuKA,Mitali Dasgupta,https://play-lh.googleusercontent.com/-sN83jbP40og/AAAAAAAAAAI/AAAAAAAAAAA/AMZuuclXqqwOh6KIt8nzV6IodPKB8_CUpw/photo.jpg,Crushes in every ten minutes......... And says a bug has been found....,1,3,,2020-12-15 05:27:29,,
gp:AOqpTOEURt0W0pxyBVqBZVlCqqdvsf3xklW6NreREjDe2b_YPRmkzmO6ihkYRCgHAkjKH621SEkw9qkSV0Ho4yg,Pankaj Gupta,https://play-lh.googleusercontent.com/-E-PlACsIMCs/AAAAAAAAAAI/AAAAAAAAAAA/AMZuucnW7KsRfaNc5k2LqBo92G6swa_10g/photo.jpg,This is very good game,5,1,,2020-12-14 07:57:24,,
gp:AOqpTOEKV4i94d0e3nFtk2L8qCCRqdHDzkaiOusNIUSGv8wDDvr3wFlnuMro0W-3h6kvV0wlVE9OsOjOrMiA_L0,Ering Buang,https://play-lh.googleusercontent.com/-hX6II7remM4/AAAAAAAAAAI/AAAAAAAAAAA/AMZuuclYR_ixjR4KMkv5WxlncjLZRgzCDg/photo.jpg,Wow,5,0,,2020-12-12 06:19:57,,
gp:AOqpTOHTTTSqp1ZXKSnoLQ6f7ZPVyjF4vXFMsH2H11R92bLFgWmsaR1so0hg67BcqAo_Pnhu-_eMU6rjRtBukuY,Sandhya pandey Prakhar pandey,https://play-lh.googleusercontent.com/-55q-X8ALf-c/AAAAAAAAAAI/AAAAAAAAAAA/AMZuuclvF4M-X3nMR2QEQNyojPXcK8u8iA/photo.jpg,Nice game,3,0,,2020-12-12 03:32:22,,
gp:AOqpTOHnBL7vJg080PWpCGaM9pobC2E5PYOE3UFjbK3NK9LoQxo52jGTTrG6jwuUEm68roZNqQr4IAvezFc_URE,Rajesh Panjari,https://play-lh.googleusercontent.com/-Bmt7fQzqor8/AAAAAAAAAAI/AAAAAAAAAAA/AMZuucn8S-txyByQDlXRC8ZF0089U55Q4w/photo.jpg,RAJESH RAJESH RAJESH RAJESH,4,0,1.33.16L,2020-12-09 18:21:56,,
gp:AOqpTOFkrUDFO_bCB3JoV3re5mUa9eK3VT6BATUUwGHhBi4NNlBHAlVvDIYxwlsL68nWwTRaYshyvEli99IGCog,Jovet Raymundo,https://play-lh.googleusercontent.com/-R1xLr9rdc7k/AAAAAAAAAAI/AAAAAAAAAAA/AMZuucm8_a1VUQ1qLRaH9apDP7hFZHwi2A/photo.jpg,Awesome game,5,0,1.33.3L,2020-12-09 11:33:58,,
gp:AOqpTOFikqL1afPrUw8PgQ1M_06ZJmEUYlxMUsSE4PcmRCKUrtiXC9_7Qh6kcRjcfl623QVAMUjqR9DqqIiyUAo,Sanji Kumar,https://play-lh.googleusercontent.com/-ntFtjyr_BPk/AAAAAAAAAAI/AAAAAAAAAAA/AMZuucnWo1eHRcZ9GmRdN75Nb2ASaEZfDQ/photo.jpg,Now two heroes are added in this game updation I liked so much,5,23,1.33.14L,2020-12-09 06:50:26,,
gp:AOqpTOEJ2rBKuT-APhrtJ9tqV9Wa6-AzsGMyros1y-1rOIdUR2ESE4db_y0svwnMIbW-ZgXj4Tofc0VmKaYHN_8,Parijat Patil,https://play-lh.googleusercontent.com/a-/AOh14GjtmdC43cTe9QB1BF-ypbLm-iscpsXFAeUL6pd_vrY,Update plz,1,1,1.33.14L,2020-12-01 19:22:07,,
gp:AOqpTOH6UqUCpo5I_7VS4Duq9O91isS7az31rzwV5QQl1xypl--ugvi7XuxXhWhv_DfPMjCuBxnhhgR-6Yln3TI,Sarmila Thapa,https://play-lh.googleusercontent.com/-Seot7Iiny-M/AAAAAAAAAAI/AAAAAAAAAAA/AMZuucnuA-SxKI5lhDbzoe9XFx1n0a9pqw/photo.jpg,This is very nice 🎮 game I 💕😘 love this game,5,1,,2020-11-28 01:17:25,,
gp:AOqpTOFN6pkBLr8HRXUdCfk7na9Ep32vnbGBst5-ZkQFbp2s7CDJE7WjvJCvmNYA9BWyXx9MaZBArQ1XjR8wwEE,Lamar Sowell,https://play-lh.googleusercontent.com/a-/AOh14Gjlbwgm8HktbplUfT-p3L3ijj_Os8b-4CqulksBcA,"Keep having to download the thing; I went thru ALL THE TROUBLESHOOTING PROCEDURES; and now that I'm sour on it: the refund button has gone... Is still one of my favorite games, but y'all gotta do better!!",1,9,,2020-11-13 04:22:00,,
gp:AOqpTOH56akci7CGz0hKwI85Sb_YgTc4q3uTh1nCrJ4jmqAH3ir7a6Stq7GZPm8ObGuszuGpm1RlOADhZwVTjO0,Sujata Thapa,https://play-lh.googleusercontent.com/-iI2eOYQC6ts/AAAAAAAAAAI/AAAAAAAAAAA/AMZuuckuu8qTTYA7w1jCKQ3xktfX7RHE8A/photo.jpg,Woow,5,1,1.33.13L,2020-11-12 20:13:27,,
gp:AOqpTOFfZWogcDipKTvSAX_Fabvi8meU4LneEbQiucaWOORhK-yOTAlgdpBy4f5M6eZZ9MdY_uyVIDBS2xlj4gY,Nurul alam Nurul alam sujon,https://play-lh.googleusercontent.com/-ZrNGJTzuBwQ/AAAAAAAAAAI/AAAAAAAAAAA/AMZuuclHH2o118oqkLetLKOMQ9cJPCHaoQ/photo.jpg,Game the open,5,1,,2020-11-09 19:36:16,,
gp:AOqpTOEZtro_Z1IRSW3Zm34K_TGGSDfN6Qncn1T0LHNfm9fK1WqAGHOsTS7kpSzvUGn26F9pLhILqD8fjKSTgyU,Alexander K,https://play-lh.googleusercontent.com/-FLiZ4GlMkDQ/AAAAAAAAAAI/AAAAAAAAAAA/AMZuuclBJp6de1UVGzNKV_vwXmXdHF0H1w/photo.jpg,"This a standard android game - p2w, p2p, repeatative, generic, primitive gameplay, etc...",1,9,,2020-11-08 06:02:59,,
gp:AOqpTOGnGrS2XT8XmDp82CrbTEv_RR8NNvj-U3_Gje-6c--tLmYsE-3K7iExzU7MDqdcgf0p4rFGYDrdOrEpItA,Sk Arman,https://play-lh.googleusercontent.com/-Oc5NZ4POTG4/AAAAAAAAAAI/AAAAAAAAAAA/AMZuuckk0KB591MvkPs1eIfmmdgLgwm_gw/photo.jpg,Bot games,5,2,,2020-11-07 23:01:18,,
gp:AOqpTOEE2W0JHob39iMHDgXgR2MNrQgTHTJbmWHnCAw4Stj3xPPBmQnmv4XDpTZWt7_pdu0T0JvmOE0Mn7ssGZw,Rehan Asghar,https://play-lh.googleusercontent.com/-nNYV3g5w9m0/AAAAAAAAAAI/AAAAAAAAAAA/AMZuucmMo2lJlF6qfOO-z6QzA19QnA3eKw/photo.jpg,RAYHAN ASGHAR,5,1,,2020-11-07 20:11:37,,
gp:AOqpTOHZjtUvYs4I3x8T8zU52eN71M0EPRQF8Y7eEvgTZQvq4hAs3FLf_cPm5cWaSAHJsGpFzgJkSddpndDxnFY,timmy baylon,https://play-lh.googleusercontent.com/a-/AOh14GhRv35wJ9TBAxS_7a3_jkfy1FCgfmb4R7xKeKFmGg,"You can't grind in this game! Heroes stays in the teleport zone and you have to restart the game over and over, a total waste of time.",1,220,1.33.13L,2020-11-06 20:49:46,,
gp:AOqpTOG696QZQDQUNM-EbDT5Aty_iyxaJQa3eqJQamTI2N0tWXRXShar21QoEdrP3XeSRWYP66YgnxkK2O3gEDY,Piyali Tikadar,https://play-lh.googleusercontent.com/a-/AOh14GgRRiRC619AFgSx2bpljKAhY-QfzcoWPpS8OMPm,Op,3,0,,2020-11-06 04:10:21,,
gp:AOqpTOHnkHdeJ29xXvo6H6JwsJMy3URTT6-fp1PsXZhQ2lLkz2InONvPeNFDNwdkoU17kgW8BU3CIiXyrC9HLFE,Abelardo Hapin,https://play-lh.googleusercontent.com/a-/AOh14GgWQzcxYhJ2tmGosJmYN9CS-04NhDbhx8yJA1pN,It's a nice game,5,3,,2020-11-05 09:09:19,,
gp:AOqpTOEjd-jRaUy-38zrYrh_43ZHVaSiJFYAk_zdgAK9NatoOwz2WlkuW4uRV9IF67bQDWMvsAIIkvUjmUJXk2o,Ace Vil,https://play-lh.googleusercontent.com/a-/AOh14Ghg6NHTjyVkiJ-QJgmkmU0RaV1QWuv3t09fdUQv,Cool,5,2,,2020-11-05 08:36:03,,
gp:AOqpTOF9J6W3kyFiH4WiXKd9NfW00k__ciXZUZ7Gjqd_73S4gHICq7MAkwiA5cPib3wZlY6PhDV9bre1rtcQYls,Wassim Hwalla,https://play-lh.googleusercontent.com/a-/AOh14Gj41ZiCIfYje9Hxlhop4ZhW5s-TWHxQYBIXIzS3fw,Bad experience after each stage the character stays in the teleport zone and i have to exit or restart each time.I really like this game.,1,155,1.33.13L,2020-11-04 12:47:31,,
gp:AOqpTOEx0C2uQvjZlkDqXUgO7ZzH392G6Ox7jvafXqqO73AvLyzCo6Qwy88xdF-YMrsPDxcPq7esp4aTLDD3ytE,Ifechukwu Favour,https://play-lh.googleusercontent.com/-vonmajldFcQ/AAAAAAAAAAI/AAAAAAAAAAA/AMZuuclLBKUHt6GlrwzDKah5VLzy87Yj_Q/photo.jpg,I love this game divmob thank you for giving me super heroes and gears this is the bdst game i have ever played but make offline game to connect to online thank you very much 💖💘💗💕💓💙👍☺👍,5,9,,2020-11-03 07:12:34,,
gp:AOqpTOHd_RGdR12KROMVF4PPoxgXV08lJuhIMtJi3XVqZpYpuw8HkzBECQQM2lrc66PfE5LTkZo_RFRI5cduH9E,Random Shit,https://play-lh.googleusercontent.com/a-/AOh14Gi2bgDCqb_1JDqhdtFnpgsMx1DyxB3iV3nmlW2N,Its a game with very good potential if you can keep this up the game will live longer,5,28,1.33.9L,2020-11-02 07:45:16,,
gp:AOqpTOExAExw_CIv2pYQ5RDm4akazaKk_x8vClJy9i6nmd4KTX61cfbkvNt1ee7QI1_xTMDqqcYz_DZf7IbP1Gk,BIKASH SAMAL,https://play-lh.googleusercontent.com/-ndTEd3QUvw4/AAAAAAAAAAI/AAAAAAAAAAA/AMZuuclem_C2XCK7tlMOSdmwQNAm5z_MOg/photo.jpg,Nice,4,93,,2020-11-01 19:19:50,,
gp:AOqpTOHzs1UvMa-Tqzb2dTg8rAchqQXGEoMNdcjTLFHVGEhj5hvXfp7lwoPRSezaPbBNSaNd60LAmuLZXl47AHo,onion rings,https://play-lh.googleusercontent.com/-VqybTAbIyA4/AAAAAAAAAAI/AAAAAAAAAAA/AMZuucnf2nPKCmSPjAxFsTIKEFs-es5vTQ/photo.jpg,Full of bug. 😏😏,1,5,,2020-11-01 03:08:35,,
gp:AOqpTOEl-mCr9A7DLqAJnNQQYhvjHP4cYRfWtlzAmkgY5W5o7TNu9FKdo2W7YhEDe7Fg5DETaBc7RsLdqKT_esk,Mohammed Mohammed,https://play-lh.googleusercontent.com/a-/AOh14GjOwEXMUO-9uRria2BLS97dtGqc_N4zY614KN-N,✌️✌️♥️♥️♥️♥️♥️✌️✌️,5,1,1.33.9L,2020-10-16 12:37:13,,
gp:AOqpTOFGXCITdvqasVI7lli5NhfoYF85e4BbCPeFY9_5pD4faHH4kFpuAk_vVrvMUnhCTmVcmEsIyk_KerlUoLo,Yhann Aguilar,https://play-lh.googleusercontent.com/a-/AOh14GjGLN9Y69yGc3feiwPsU8HO3Dlk22rK2bLMPmCYKA,I can play offline but the broblem is i need to buy a real money for the heroes,1,5,,2020-10-12 17:43:03,,
gp:AOqpTOGPBy2RFDrRpHvC7l4k1mG1nhaMcIyBs083x9RtK0RFI4__O6leiF1GZI_qD557KpiBxlkLLAssDpQ62nM,Jovie John Briones,https://play-lh.googleusercontent.com/a-/AOh14Gin_6i1Ph5yfwvgiPphL2YjszAhVK9hpfZtAwhL,good,5,2,1.33.9L,2020-10-12 07:51:49,,
gp:AOqpTOGa_fZO-qTI7wXKLn8-r-acYvvVVlU3wEAdr0Ck7-lRTBVGjZ-YBwI7ipBFzEHV396pDSvqjBWr4U-E2_k,Pasha Pasha,https://play-lh.googleusercontent.com/-ny_SPVirJvo/AAAAAAAAAAI/AAAAAAAAAAA/AMZuuckX_QZFd36zSemQhuX7vRGJpQuC-A/photo.jpg,Bits,4,1,,2020-10-11 20:55:54,,
gp:AOqpTOEj4ZEmJYuZI0eXf7BvpoGxEqjEeA9l_OmZqEGOqVnJW374dSv4ry03dzTuasm3FRsx22QW1NKXYmZG5As,javaid akhtar,https://play-lh.googleusercontent.com/-jg1wEpuB_dU/AAAAAAAAAAI/AAAAAAAAAAA/AMZuucnXDLytw1P88xE7v1G4puvmNTYCpw/photo.jpg,Hammayl,5,2,,2020-10-08 03:37:13,,
gp:AOqpTOHU7G6vcityvBgz7_uBXWsTp1wRjy4o97jM41xppe1ql_wgWsJdkZaCcKvDG-VYAODrvtFsDdHOpnD67OM,Ardhendu Sarkar,https://play-lh.googleusercontent.com/-YEPgvMZ-GVE/AAAAAAAAAAI/AAAAAAAAAAA/AMZuuclxjvrinTjRgD-K0thfCYy-eIuZ7A/photo.jpg,"I love this game very much but,Today I paid divmob Rs 85/- through phonepe in order to puchase continent tower keys. Money has deducted from my account but Divmob said failed to purchase... Why was it so?",4,5,,2020-10-05 03:04:38,,
gp:AOqpTOFIMi2xFI4xdSGBpv5E9EvllitK5datRjIlz7TS6GxT02oWoebbldIwg66upcEmTbc7ao8Ac3QWmT75VFA,Samuel Godwin,https://play-lh.googleusercontent.com/-dHtNZHVbyqg/AAAAAAAAAAI/AAAAAAAAAAA/AMZuucl087ef5Fw8Ksi23SrOcvVhNOpJow/photo.jpg,I love the gane soo much. The characters and their are awesome but please make the daily rewards offline,5,57,1.33.6L,2020-10-02 15:36:31,,
gp:AOqpTOHZVYBmCdLoZkiHW9iOly-Fl5ldVxajx-fy2AMItRV5FOq3l8RadpwZzmPZxlhQI5U4KDgYjflw_WFacoA,Lion Gereziher,https://play-lh.googleusercontent.com/-njqc3VF0FTE/AAAAAAAAAAI/AAAAAAAAAAA/AMZuucm1HV0KMQX6Fg6x12sLYhI0-HJf3g/photo.jpg,😈😠😡😭😓👹👺,2,1,1.33.6L,2020-09-15 04:39:43,,
gp:AOqpTOE3yExkuRhnJ_j7jd8504SyNLbVw9EGzvBkU4Ug2yAWjWpVZylbq9GmRckbfiRXpsl3Py2CeKLdq16Ir-k,Free Fire,https://play-lh.googleusercontent.com/-KRyxma_MN94/AAAAAAAAAAI/AAAAAAAAAAA/AMZuuckyILsaiY5hyBwngLau0JEbC9EkuA/photo.jpg,Fun to play,5,2,1.33.6L,2020-09-07 07:19:42,,
gp:AOqpTOE_8MvEBDEq9diUhGdA2HW5LYq3mmTgvWwUnKstUMxXerR0rWo7icD0pLiDEPN_x0NVyGYQqbx-isxAA_o,Remo Kutwane,https://play-lh.googleusercontent.com/a-/AOh14Gi_euVkAZqz1cGo39rJnbiEmN6Fyw0Qo-LEbRjX,For some reason i have 2 of divmobs premium games its epic heroes war and this one and im always early for the free sale. Thanks DIVMOB you rock! I will never forget this day i guess i will try but one thing can you fix the problem is that when my team is defeating a hero they don't do any Damage for some reason I know this only happens to me!,5,12,,2020-09-06 10:23:54,,
gp:AOqpTOGktZXdxb9pHZDwyhz0rkpHxnLEjEPklUrzi6tiTHyBJ57x3ESh9wyjogqA25jmfe32vcJFeZHykIoFItg,Arijit Maity,https://play-lh.googleusercontent.com/a-/AOh14GjX4YUIJp-32wXjjLO6lmXKISzbWI3Oll_9Vb2M,Is it online game?,5,4,,2020-09-05 21:24:58,,
gp:AOqpTOHQXccbxiQcnFXQKjEcmnpVNK4CbmG1Tt5HT9AqulC2uXX3C4AkK-YRGU5pFblI__vpoN8Z-w9rqikPXdM,GAMING MASTER,https://play-lh.googleusercontent.com/-OdHX97jzFHs/AAAAAAAAAAI/AAAAAAAAAAA/AMZuuclznxE2HGiyL9ohLnpuvPzFUmUYEQ/photo.jpg,Ang panget,5,4,,2020-09-05 18:43:09,,
gp:AOqpTOGcUG3JgfL59SjbXxRvDZdsJqKjN8wa846A9RFxfcAUYP_vErCAz6fYCnBzWofU1Zt_NS6OXfQrwLe9CwE,RAVI SHAW,https://play-lh.googleusercontent.com/-Pk_Q55nXRhw/AAAAAAAAAAI/AAAAAAAAAAA/AMZuuclu3SrlB_yFQSoTy1JY33s9Z5XCxA/photo.jpg,🤩🤩😘😘😘😍😍,5,6,,2020-09-04 23:47:15,,
gp:AOqpTOHgk1-UjN_YZg1dZcw8aGD0V8idar-mHGsIyth3UO7EXx6wvrgo1CgMAucPCDR2N_99yCFtw7jVGlrr3W0,Sayarsingh Rajput,https://play-lh.googleusercontent.com/-n9od8q1rjmE/AAAAAAAAAAI/AAAAAAAAAAA/AMZuuclyCs4-01hREPUsWMEF-ABeQ_8_iQ/photo.jpg,Op,5,2,,2020-09-01 02:57:22,,
gp:AOqpTOFBN_hbb6ZDbItoU3VmUhKnFU3-YlBTkgi_ZYYDJ_l0ap8Wjxx_HIxdtBz8CREcG7P9F_0vvW2Kk2iRAIk,Nestor Ben,https://play-lh.googleusercontent.com/--5MzkBA4gP0/AAAAAAAAAAI/AAAAAAAAAAA/AMZuucnleINtip3_HNyNipbNfMvemTwG6A/photo.jpg,Well the game is nice but all the stuff in ancient shop are too costly please reduce then i will share to others.,5,8,1.33.5L,2020-08-18 18:02:06,,
gp:AOqpTOHS-nKPClaXY8dgEBGDAxj1GMx8u6fiU6HmwBWaUeD4MQdR58hhjbYIwyirYZ4CCx3xf55b0Xn--aFXx34,Đạt Trần Thành,https://play-lh.googleusercontent.com/-MrGIAMrGYBQ/AAAAAAAAAAI/AAAAAAAAAAA/AMZuuckmmfCY1NVvLmL7kw5YKi4UcXfSHw/photo.jpg,Trash game!,1,5,,2020-08-15 08:54:12,,
gp:AOqpTOHb644bTQ9W-owfO-xRRzMzLorjHvMC8DLiR3LoTOX5TXhRni3ManZvJNnxx077txb3ThdD5tiAZaY7AFw,hari haran.,https://play-lh.googleusercontent.com/-kMm6-Eusils/AAAAAAAAAAI/AAAAAAAAAAA/AMZuuclrf2fRTd_HYK8KDgAazFOPdpOGWg/photo.jpg,Srihariharan,5,5,1.33.3L,2020-08-02 21:25:12,,
gp:AOqpTOHjuysVafuQqMcufAkGikUIWkdfe4tjP_rw4uu_llHTgFih5WLhWl1tyMTwYirNwjHyo1Bvre66nUGU5vw,MKMOBILE GAMER,https://play-lh.googleusercontent.com/-Z-rZv4ehtjk/AAAAAAAAAAI/AAAAAAAAAAA/AMZuuclKEMG1yMY1oSo5eytw9i1Ucqck4g/photo.jpg,BAD,1,6,,2020-08-01 04:49:28,,
gp:AOqpTOHnD2sNO1R6MOnoVkf5GX3Zb22R-15DaNqrM9bo0va9TLEslZ5RuOwe1bKOnqIhynXOIbh9iofAYTV1Uc0,Nishant Chaurasia,https://play-lh.googleusercontent.com/-c4K7_Nicf2s/AAAAAAAAAAI/AAAAAAAABoU/AMZuuckD09xInOLxX6_w2MUt0VdRYCsimA/photo.jpg,It is very good game,4,6,,2020-07-31 00:28:56,,
gp:AOqpTOE8a9jJhCBJ6_LPKfjB4g85qDcruLSjqRKxrUHAtde_G1xErMWszNKSJRubXk3pp_vdbQgH9qTMUGjAtSc,lama sher,https://play-lh.googleusercontent.com/a-/AOh14GgrLd2GI-PTLBTdmK5X9EWJy9qdfnIZidqYkxBXog,I have playing this for 2 week and I love it 😇,5,8,,2020-07-28 19:40:20,,
gp:AOqpTOE4puHlDJSRCUKTdIlaUrfD16MhbpFd8j_iwrCjr35eDiwDMZ3GOGv40xVzJf7C78DYi-zbsrD1YZgFyHA,Aisha Khatoon,https://play-lh.googleusercontent.com/-sUXUrf3N0HQ/AAAAAAAAAAI/AAAAAAAAAAA/AMZuucluRJmhcUnYo8p6AZGAexRH0RM4UQ/photo.jpg,This is but our team is only3,5,8,,2020-07-23 08:59:10,,
gp:AOqpTOEHrC22E8D8rbVk1dn_7Lqf8XuyR3ceIFobWl51WLQblQ6G9GF3WB6s-J_kufxWO_Ub58h9zmYP49qu7Xc,Zach Steven,https://play-lh.googleusercontent.com/a-/AOh14Ggt6D57SePbjOfvd4ZxBSaxCbyymq-37YEK9Zft,"Divmob!!! I've downloaded it and when I opened the game, there isn't a super daily check-in!!! Please fix it :''''''''''(((((",1,104,1.32.7L,2020-07-12 19:39:14,,
gp:AOqpTOEGiMteb5Bxv0p18AcoVJzS3hZqAOO3f3wV2eHF2dxfiqAWEgGchpRkf3aSWDJanmD35azm5lOuEG8XDhI,Mahamegha Bahana A Kharabela Swain,https://play-lh.googleusercontent.com/-WEMKS7wKf_8/AAAAAAAAAAI/AAAAAAAAAQc/AMZuucl8mk4iQ6PGN_eslTUn_u181C-isw/photo.jpg,Best,3,10,,2020-06-23 06:05:20,,
gp:AOqpTOGh_KsHWBgblWGL5xFyhdUAsJ0Q57OK5MMqClyUASV7_wySlexo2WiFweiYV0xgB6eIMV4M8C3PkRKknH8,Marquinn Jonkers,https://play-lh.googleusercontent.com/a-/AOh14GgTC4uHmmlFtX72H4QiRCPL2n_zd1rwta5cs267,"3 weeks after i bought premium my premium rewards expired , they should have made it clear to me , joining premium requires renewals at $99.99 .",1,144,1.31.7L,2020-06-11 07:40:02,,
gp:AOqpTOHa2EAhBwbj9XcGXv4IrcEgpTKAOM3VvVObegArqPYi9JNaDLUKmNvNSztY_6NNot9kOj81ProZvVxJ6c4,Harry James Sangalang,https://play-lh.googleusercontent.com/a-/AOh14GgS--YLnpvuAuIQq8VXC1eokh-80X18C3WfprE,Thank you for the premium reward im so Happy.And i now have two of these games i love,5,13,1.31.7L,2020-05-14 20:17:50,,
gp:AOqpTOGgcAuXhJY69iKYkVCKkVXFCgE4goLpPtTmlj8hjylStOYi2fHTp9aDcrGcR8bkmMKpMC0wwcT2I1HvRrk,Emma Otoide,https://play-lh.googleusercontent.com/-V-UbE_Isihc/AAAAAAAAAAI/AAAAAAAAAAA/AMZuucmLUPAY9vJf-NBFiNEFTulrNpHlNw/photo.jpg,Best game eveeeeeeeeeeeeeeeeeeeeeeer,5,10,,2020-05-10 06:33:08,,
gp:AOqpTOEDnDaV7uJQf7ba8xjXeeqdcMeHf4BaVfrBGQGQ6czHVFgMrEWALx6XX2nfG-MNfkjR_MEn1dmHqpnWy4k,DJMODZKIE CRISKIE,https://play-lh.googleusercontent.com/a-/AOh14GizTNKIsxKWvPuvdR_FB1gu23rTc0Dh9BivFkVp,I love game and good graphics ❤❤❤,5,12,1.30.19L,2020-04-17 09:40:11,,
gp:AOqpTOEN7aBrTsytaNZNfaK0tO7beIj_DZdRWKi3SJOak522Ihr8nhjoPi2MyZoOXHjmedD9XbZMRn2QcU52_gQ,Mohammed Muslim,https://play-lh.googleusercontent.com/-YOOjZhP1iOg/AAAAAAAAAAI/AAAAAAAAAAA/AMZuucloI9zZDpBPdxZ68HSd3TTgDx1vWw/photo.jpg,Ayaz,5,12,1.30.19L,2020-04-10 07:19:01,,
gp:AOqpTOEmsx8jHS4_jhgevmOVhTSNqe2qg2VMqp5U48hpmWRSP4U4g-Y7iUY3aKEB3WdC3gWp3KTjTQYfyCb06rU,Miniwaterplays V2,https://play-lh.googleusercontent.com/a-/AOh14Gh01ClQMvQzIFIaB1dZfPXlMnJHPfal6B5_GW9p,Good,5,10,1.30.19L,2020-04-05 05:15:57,,
gp:AOqpTOHAkeCKEVyqpTxcHlDJtPOYNUpzOeOUDlCs6ssciTcYzqiWH7jBQXFDVdyihBlswkycFAf5mcbAtrWuolY,arya zaky maheswara,https://play-lh.googleusercontent.com/-6cGBCkaA9ks/AAAAAAAAAAI/AAAAAAAAAAA/AMZuucmS9odpbwhWwfbOSZwkkjONyt6xTg/photo.jpg,I like this game,5,13,,2020-04-04 22:08:07,,
gp:AOqpTOG1KGavn-IwxRf9eTm-7OsDxt0PUGdRwXXORqR51Lsqd519XJ7-xqixKqh2Mi7tb6S6_QdQnyKk6phAJ1g,Chris Boxu,https://play-lh.googleusercontent.com/-IK7gPA69f1g/AAAAAAAAAAI/AAAAAAAAAAA/AMZuuck5X3ssLe4xR1gcmBXQEwtESGFQkQ/photo.jpg,everytime game crashes,1,21,1.30.19L,2020-04-02 11:02:18,,
gp:AOqpTOEvYVNZlvhrPdI_LcjdnB515puoUAfrR9yjwtEdd4jRqWb2106Oaker5GINHQ2DRjJZx7TbXkCGIi1HqA0,kings channel,https://play-lh.googleusercontent.com/a-/AOh14GjT8eSMJb33ObF9djcBL74b4BsKgMvtb_U-9uK7dg,i love it very much.,5,11,1.30.19L,2020-04-01 22:39:35,,
gp:AOqpTOGUkrvsH_9sBDUCBtH4TgfDBb5V7BahSA7-ehDpIGjwFk6uieYy1lE95QDvMGMd5AgyijsYfCBrWsmJzBk,Stephen Hartkemeier,https://play-lh.googleusercontent.com/-n8n8av9UYjo/AAAAAAAAAAI/AAAAAAAAAAA/AMZuucmdZeLvdMmPof8es2TZ0uprJX4L1g/photo.jpg,This game forces you to pay to win most of the time and is super glitchy. Do not play this game at all!,1,19,,2020-04-01 11:45:20,,
gp:AOqpTOErj4D187apKy7Cbms2pg1Uj56VdUyemlQwKUwA4E2sHxlkZ1WQs20Be6cKkTj3UUFN495CA7m0pK-qN6s,Nuk3zey,https://play-lh.googleusercontent.com/a-/AOh14GjTDWMDN44FipO-lt1J_eV8eRTolemtyKiLWtXiug,Thi is a great game but could you pls add more heroes as there is only a few XD,5,30,1.30.19L,2020-03-31 00:33:16,,
gp:AOqpTOFTQLDMxqHX8-GMc_xAtAi4OvhYhwGOXihaZW73n8HunsJfwgtGB8tib_H6gsklyjrsn4MmDWhjzdKuhgc,The Last Savior,https://play-lh.googleusercontent.com/a-/AOh14GiOwf0zC80RsKKZmxvRDIrwInYMOPI0thYUju1Lmw,Hmm not bad,4,14,1.30.19L,2020-03-06 06:57:40,,
gp:AOqpTOFO0-91RNj46J3giUzwJ1NeaH-fIS0S3cC6BN3hVjoCJ5ioGqWQ3NwYcZbX1LvcWr6RMtcxkr17DIETsbE,Larry B. Monholland,https://play-lh.googleusercontent.com/a-/AOh14GgfEY5_pxWyIufCYjzRmLe9qYVHVKCAEM7p0LIosg,I love this game. it has a lot of problems but it's always sunny to do I just love.,5,74,1.30.19L,2020-03-03 02:31:52,,
gp:AOqpTOHAJBUyV9On25It-wkgem-Cl4jFxw9rc-zCTAxhAy5TuR15-H6I5cYR28y-DEKYpl-VjqSja_Slf1fChmY,Ronnie Harris,https://play-lh.googleusercontent.com/a-/AOh14Gh5a0MkUTybsR0TRi_rR8QHbDtaL5J0CW9dG_CR,Excellent,5,14,,2020-02-24 11:05:31,,
gp:AOqpTOH-cwe2rd7sQhDuU8hfv81zQ0SekGs2CntWzVQTASWhMmgMI3BteU74caalIadJauKKG8V5Gzpyc5cjT-Y,BaboWonpil,https://play-lh.googleusercontent.com/a-/AOh14GjgLvyMGlt3TUBDHa4WEF2jZD09Ii2Ylbsins8n,Game is crashing,1,24,,2020-01-22 06:26:36,,
