reviewId,userName,userImage,content,score,thumbsUpCount,reviewCreatedVersion,at,replyContent,repliedAt
gp:AOqpTOFVficT8zx60c-PhGYyOyR_WqfpEbMCVWBTITjUDJLUzGZWc7PTFRWGOwqZ-LrRK3gb0PI5JXqQOZi3_88,Nick Trudeau,https://play-lh.googleusercontent.com/a-/AOh14GhEAMaQ_Ce-lZ1mx_64tngncVoYLwd2pSwX_Nvbhw,I actually paid only for 4 songs?! Even though it was only $1.99 it should be free or at least $.99. I got way more ringtones out of free apps or just free off the internet. Here comes the Irish isn't even on here! Don't waste even the $1.99,1,2,1.0.9,2020-10-03 18:57:57,The app has 4 great Notre Dame songs clearly listed including Victory March.  The content is officially licensed and not free. Ripping college songs which are owned by the colleges is stealing.,2020-10-06 10:55:42
gp:AOqpTOGG-ow_SXSthvCXejdY_FM1Ijicw-2-8YnUv3CUbK2xacdqEj1IrOkBC8kOBxAR-dvDjLz25_5wwoVzdCA,P K,https://play-lh.googleusercontent.com/a-/AOh14Gi50nGPlg7gRibbEiWyu5N17e47Vj4GaLEzh-8ujw,Great Fighting Irish Ring Tones for Android!,5,10,1.0.9,2019-09-07 16:16:57,,
gp:AOqpTOGEnuVM1LfJRe6zjplQjDK3nnGJ13J29rt7xZ083qalUxy2HGYPyHkoWA4AhGXsmmU0nT5YKc_EUyU4Xxw,Harry Weaver,https://play-lh.googleusercontent.com/a-/AOh14GjMM1l1UY_3iJozQ_rAZYNfmzTg3RNLt5FUufaeGQ,Love it! Just what I was looking for!,5,4,1.0.7,2018-02-23 15:34:35,,
gp:AOqpTOEqvwzvCHX6VHFyfCqYxeot2NqZdPL617kXHkN8PzXzZFIfD6wINzunls68VMKxkKK2DKiHEpe7a2rdwj4,Lynda Creech,https://play-lh.googleusercontent.com/a-/AOh14Gg0WjQLq-NKihCk1ZP0avAGsllPkxbjVf4fFwS3UA,Too limited for use.,2,7,1.0.7,2017-11-02 10:33:16,,
gp:AOqpTOE9eOH49hj1bW8g2eIBxx1BPLiRLz9B3ABmslPExT-R3PyHJJG6ef2mB8uIdGuwCtcDML68EWWxMBYC2vg,Sam G,https://play-lh.googleusercontent.com/-u29CFxzDZCM/AAAAAAAAAAI/AAAAAAAAAAA/AMZuuck14KH03s-ETgSeni4QJ-8O1wkZZA/photo.jpg,Best Notre Dame fightsong app! Has 4 songs.,5,14,1.0.0,2014-10-14 10:43:33,,
