reviewId,userName,userImage,content,score,thumbsUpCount,reviewCreatedVersion,at,replyContent,repliedAt
gp:AOqpTOG7fUtN-mu7fEyrWsEwka6hEOm3rajCsrDgcV559EpoeW0jSfv8zTcCAiiDmADHvhYj1HR43UjHeCb5t3E,Rosie ann lee,https://play-lh.googleusercontent.com/-y0puVe3d0DU/AAAAAAAAAAI/AAAAAAAAAAA/AMZuuckjdUIG_DjE3NxN_Li-pRusEa4fYw/photo.jpg,Not disappointed at all. Sat down with my mom at night in my house and got so many answers,5,0,1.4,2021-02-08 16:07:12,,
gp:AOqpTOGFzkF3ef-7LQTPcJjmSdRY3iIFeUIPR-m1B6hIWpmqVDBgvUDm1sQ-I-kCyKurYvPhXTxoWj_5VmgLDvE,Angela Guzzo,https://play-lh.googleusercontent.com/a-/AOh14Gi8Kwmpe9pnr_jd62gG1682HXR9AEgr9aEcl7y_Mw,Awesome. But won't work on my android tablet,5,2,1.4,2021-02-04 16:32:02,,
gp:AOqpTOHgOns-7ABxzp_KNz98wVG6N7x-auSiNZmSIxk6mOWwIEiAfhVtGuzCr53qxPkSnek8D1LkCKCrKrAJgTM,Chloe Maude Gagnon,https://play-lh.googleusercontent.com/a-/AOh14Gi4s0dc1RascOqWUvPTBEYTJH_JeHTIZ2meIClfjQ,Nice but take a lot of energy,5,0,1.4,2021-02-04 09:28:26,,
gp:AOqpTOFl-esx5o-ZJxLZfTePFCbaXkCj-4bqdEGZLOTpt5xZoMXJ7wdox3Phozxyq9FG4BGoTQdybx6BgZ_6rTk,patti sipp,https://play-lh.googleusercontent.com/a-/AOh14GhGY4gCZ4Nnq0_EfGEL_L0Bz9qAp4EB_HnDJS4wHQ,After paying 3.99 this app won't open. I want my money back,1,0,1.4,2021-02-02 14:51:45,,
gp:AOqpTOG_HYmIA6CE11K0GIhJJx9-y-pD0529UAUC3ld85avqciB9U_T9q-yun-Qejta6xvMWSyECSR7L4aI_bwk,Eme Ditko,https://play-lh.googleusercontent.com/a-/AOh14Gg-dez-y6rwaV5NS-1e4Js8QGNB0phIKJWLzMub,This doesnt work. Refund please,1,0,1.4,2021-02-02 09:51:24,,
gp:AOqpTOH6fJagLUQrjLk-w0jWjvb5arspo7ly2xnL-qi8UtD7yx9iU5hDX60jFdzOjl3We88jH79rtQKSbSXL5qk,Georgia Collins,https://play-lh.googleusercontent.com/a-/AOh14GhVS3iTp8mnalFoQvY8TpfDAlFZRgewZPsIsd8E,Won't stay open keeps closing after a about 30seconds,1,0,1.4,2021-02-01 10:24:31,,
gp:AOqpTOG0m03EeNcN5-Lqa5jjqPpk8DTmPzuXBqc2bkYFqGZU-AwTXzyQs8hOrCopjEirvnV3uyU8iBAUN3G-7d8,Teri Kinyon,https://play-lh.googleusercontent.com/a-/AOh14GipxFscQqmK65ZbBRFTmVju_pNaiuskpKTCcpKmSg,Wouldn't even start up on my brand new phone,1,0,1.4,2021-01-31 19:25:32,,
gp:AOqpTOESVuWGC7fB96Y4cnzZF-mdjp_jSjIUymRbpOXeeX-RvDhmmeW__6Z9GesL6OnkGSvTInqvaOz9oDYFqhg,Steven Thompson,https://play-lh.googleusercontent.com/-FvSIm81V_Ac/AAAAAAAAAAI/AAAAAAAAAAA/AMZuuclGxg7u47j0TqQufsWXaerfg9feAg/photo.jpg,Very good app love it it dose wot it says,4,0,1.4,2021-01-30 01:55:19,,
gp:AOqpTOHbspEa8j9JnYCK2OkCcZG7qf7m-9xZfgKkintn6aCM4eEiu6ODHVpOLgoI3U7ijRnBEl38Fuve01h6eUE,Paranormal Translator,https://play-lh.googleusercontent.com/a-/AOh14GjVaGQyurmKxjn2rp749OQKOU273heLrGa4lmD01w,I got it to work. Restarted my phone now working perfectly. Awesome App,5,0,1.4,2021-01-27 02:03:30,,
gp:AOqpTOGhcswh6XnPnoVylQY3X23kfNCNsYNPkwe8wQbE_k_hBilDlSmttQg8NzLycKf1-PPlxo7WKjwnngwlaa8,Kitty Boo,https://play-lh.googleusercontent.com/-23FbS7LwcJQ/AAAAAAAAAAI/AAAAAAAAAAA/AMZuuckwAe-slpg-Gls7U1wheFjc1HqN0g/photo.jpg,It really works omg,5,1,1.4,2021-01-22 19:24:34,,
gp:AOqpTOFjOl7XWTYmp6tn-t4HsTp3iZXlzf1EzixA9CnpwWwmMqcszH4Bkqbdf3_p9SfKgIozhpyWvPgPl4YkamA,lilking11 lilking11,https://play-lh.googleusercontent.com/-l9fBHa6QIOQ/AAAAAAAAAAI/AAAAAAAAAAA/AMZuuckOZgVl_Eaoxa59B30urBZX6dy5iA/photo.jpg,I just downloaded this app an it works I Wana. Think moe sargi for recommend this app,5,1,1.4,2021-01-19 13:45:14,,
gp:AOqpTOEJ7PDZfFoi1rHdRCJYH92PP4fqEAR9rprDB3BcP8uiZ6wnxgsaHpamc1C-blU_cePtPumPcrBIYwHFNNA,Painty Poni,https://play-lh.googleusercontent.com/-YcOTMc09nCE/AAAAAAAAAAI/AAAAAAAAAAA/AMZuuckbw1kx68yJaQL5GBfH4UvCpzE6Gw/photo.jpg,This is a fabulous spirit box app. We've used it dozens of times now (never crashes so ignore the fake reviews). IT IS A MIND-BLOWING EXPERIENCE!!! We were at our deceased cousin's house a week ago and we needed to ask some questions. We were shocked at what happened. Used it again in the dark last night and WOW. It's scary. This is not a toy. Thx SRS❤,5,1,,2021-01-17 11:53:28,,
gp:AOqpTOHDfggrFO_g6-_nMVe41VqWPnVZudicH42nxp0B7JXtWmC2WTu9oHeiS0apXe2q6yu4NIo1e4iMcywEJKs,LBP 162,https://play-lh.googleusercontent.com/-CheIVTOfhzs/AAAAAAAAAAI/AAAAAAAAAAA/AMZuucmyUypThlYxDjnDHnc_aWeCB-j3bg/photo.jpg,Has not worked since I've downloaded the app. Not happy at all! 😡😡,1,0,,2021-01-15 20:14:14,,
gp:AOqpTOF1fzJyPOAz2lHG9usecSP4CmfAVaJN8HX_RTXMPniPPr62a2bRS8ZHU51pZBC_JuF0tDenk1bJXPgmbzs,chris flynn,https://play-lh.googleusercontent.com/a-/AOh14GhMSzq8NeDnzAk5sTBM8YCfuTTjXQbxg1ux8SQT,Just bought this and must say its awesome app im a psychic medium and work with spirits and they can use this app very easily. Thanks,5,2,1.4,2021-01-09 13:55:51,,
gp:AOqpTOFnrSzfsIkd0CpdPT3_2XTx-YUx8S3hrED1cg-HcIPI4nUlYnzG01Lgm09k5ogRZPJx20efEyfifLzg5qM,Wendy Stone,https://play-lh.googleusercontent.com/a-/AOh14GiCOh5YwNrd8Gwf_Tu_W8V5Cr1nPW83AhmTrhEh7g,Kept crashing once you loaded it,1,0,,2021-01-07 09:28:28,,
gp:AOqpTOF_6EfTyV3wF0dvIe90rnjmKsntWjn46pcNWoyNR90h_ASkM6zasisKwxzS3cxJw1fHUuY9Gw25WGrUv2c,Tracey Smith,https://play-lh.googleusercontent.com/a-/AOh14GgFXAKqPqzlIYnXfLFA9A66sn77zJaS7ss160J4jps,App keeps stopping,1,0,,2021-01-03 12:19:12,,
gp:AOqpTOF0huKpXCLjhqxGzsJ9XI8KwvGQbI0_TYkMcATWJchEPmBAenuPJXjy8r5qfQtk3_a8ZAr8JKEPCW1z2zg,the gaming wolf,https://play-lh.googleusercontent.com/-P4Ib2ZXMY_s/AAAAAAAAAAI/AAAAAAAAAAA/AMZuucndhM3ttBJBTsg8RFLHlO4raia1nA/photo.jpg,"I'm giving it 1 star becaus I've downloaded and deleted it three different times and it crashes as soon as it starts every. Single. Time, fix your app please and I'll give it a better rating",1,1,1.4,2021-01-02 11:38:42,,
gp:AOqpTOGriGXxUpCD-yRRGvpkoV-LnIeTd_vhd2eNSWh5DHX9J13wl3dRDoyakuy7Rqvqsopi0Z6t0VxdjWYIjig,Arre LL,https://play-lh.googleusercontent.com/a-/AOh14GiRDWAuLam4G81aENiWgBf6WnZgMYNiG8x3GQiL8Q,"It's really good in haunted places to communicate with spirit's, thanks to Moe Sargi that I found this app",5,2,1.4,2021-01-02 05:06:50,,
gp:AOqpTOG33ZJu4QD-o3hzFyLwPLSe2ey37qJuFE0aoht1kPAPlkdvW6hAdvWv1vvHeetxwxQdXNWfqnFX4AJOkys,Santa Clause95 HTD4life,https://play-lh.googleusercontent.com/-VsmvZclQJZQ/AAAAAAAAAAI/AAAAAAAAAAA/AMZuucmh_BN-tvycd6ToyBv6V7rSnU0Lfg/photo.jpg,Love the app!! Renny the creator is one awesome Dude. I love his videos with Moe Sargi. You should check em out on you tube. First get the app!!,5,48,1.4,2021-01-01 20:29:56,"Sorry to hear about your bad experience. There may be an incompatibility issue with your device. Check to see if your phone is not missing any updates. Also, try uninstalling the app and downloading it again. If the same issues persist, you can request a refund through Google Play.",2020-10-26 15:49:53
gp:AOqpTOEVYh_YoQ7L2WVvP8aTJuScd64fhwjiyACiC0VQeyA0ByfcF-6JZoIXm4z73KoVRS7QtxxCcKjJ0voHwP4,Sean Cooper,https://play-lh.googleusercontent.com/-2VVyJd4SjpU/AAAAAAAAAAI/AAAAAAAAAAA/AMZuuclaJ2ngp5r41Ciw7fSBdUFXXqQx_w/photo.jpg,Was working great but quit working on my moto e phone. It is has the current update which is Android 10. Will make it five stars if you fix the bug.,2,2,1.4,2020-12-29 15:49:06,,
gp:AOqpTOGi3TydjBsVghDsGtVHrNiS8PNJnpagDq_5uzdYQfif6M3ZMG6fisBTjCWPzFcL3DrPF24_uFwNgizTaVQ,Keith Hollenbeck,https://play-lh.googleusercontent.com/a-/AOh14GiIVCNSwqL01obEyN53j7HqhB-yqBAQ8OOevk8ROw,Very unique app and design. Wondering why you did not Design This for tablets or other operating systems besides Android. The seems everything is made for apple and iOS systems. I'd be willing to pay more money if you designed an app that can be accessible on a Samsung tablet I don't know why they make apps that are not compatible for the market as there are different companies that have phones and that are only capable to use on only certain systems.,5,18,1.4,2020-12-28 08:59:41,,
gp:AOqpTOHu2ZK1tDKhoM_cM3KRCG8WPA958vte3XIvHQWLwIjw2jjAdyuFJdzjDvMbraxKEPR2dRowWBnM1xkKztQ,Aluminum Lion03,https://play-lh.googleusercontent.com/a-/AOh14GgpeneQC8lC9y2loi51Gqinigo2mKucl_ZaANa9,I here something evil I think we'll it sounded angry or something I don't know how to explain it I hope I did conjore a demon with it,4,0,1.4,2020-12-27 15:14:35,,
gp:AOqpTOH8WOUBc5cuhdT1jlfehJENwhcN2meZ2UktXn0bsRukCcYMM4S71gP9XCxGwT0xcw5d5i89nJMUwuSVuFc,jon stover,https://play-lh.googleusercontent.com/a-/AOh14GhlqAZVQ13rd7hikV2wUswME4LGXzDImcl0Cg5n,It's not opening with my phone 😭😭😭,2,0,1.4,2020-12-23 19:43:09,,
gp:AOqpTOH8APnVWQyI5D2E82keRzF9vGa28C6QHlO_OHl6E4IUDXF6X1C_xnf6MFTDzZUwIFyq1Pw73DpTrBX5pBc,UncleJer,https://play-lh.googleusercontent.com/a-/AOh14GgORbvolGPEL7F5ipOCyj24IKxQfxs04MTjYZVG,Just downloaded it won't load,3,0,1.4,2020-12-21 18:18:33,,
gp:AOqpTOFkBI21MbTxlL6p_QGZarIdv2p_0Mz75drx_COMN87rrfvX-jfCMc_S1oVYLhudWT4sdD6cy_2wRvgIuM0,Jonna Pollick,https://play-lh.googleusercontent.com/a-/AOh14GixWNDODclxQ6j6qVdK-qUhSYD9WZjCguv39YS8vQ,Just started the app. My first time. Sounds awesome already.,5,0,1.4,2020-12-20 01:46:08,,
gp:AOqpTOHkSoWw_B5HSzDhY-Z5k9IIotiwzvEJ_cT-ElXgPkgOd7O12-mfum68wPB3KsLCnry4aXSCe4yykFacLLI,manny Manny,https://play-lh.googleusercontent.com/a-/AOh14Gh9u_emoZOoS6EIhiATW8lQh8C52pXRIXr8BJfXdY4,I used it a couple times and let me tell you this is very on point. Love it,5,1,1.4,2020-12-19 00:52:07,,
gp:AOqpTOG0IwlyQ-VUJPD4QYbJBbmpDIrMcWxs_xe9PQy21BAWNOHOqlRiAxuDOzxbrWiSFxTskVePQz_G1-sLL94,Brittney Dugdale,https://play-lh.googleusercontent.com/a-/AOh14Gg-sdsSzdO_CJDIs35BCM0lVl1bOvdg3IhlfMhJzw,I turned it on and my partner said hello got an instant reply saying hello back with my partner's name. I burped and I got a pardon you. Highly recommend this app. Good job to you Renny for making it xx,5,5,1.4,2020-12-18 03:12:58,,
gp:AOqpTOGfAmo6HMHgn7P0CO4IP1siSU2r-h_h7J0Wq5CQPN6uAnCmfZDNtUc0LcZlwAjhl1c8KUfVTGsycgvOpVc,Alan Stant,https://play-lh.googleusercontent.com/a-/AOh14Gg_3co56-xRucGmcFREx6pXG--3yEuDgcXa-HD86g,I cant get the app to go from the boot menu. It takes me back to my home screen. I dont think its compatible with all phones guys. I did however get to go past the boot menu on my other phone. Im tjinking you need one of the best phones out there to use the app.,3,0,,2020-12-18 02:41:04,,
gp:AOqpTOGOUdkEGkEn_zwFuOlx_717w0n-u96MWMoXA9jqgauj56NgZgNCHs-bfD0B38-wdD3ySEZ1B1s6CzPmZkc,Roxanne Gonzalez,https://play-lh.googleusercontent.com/-Lm_G7vyuZR0/AAAAAAAAAAI/AAAAAAAAAAA/AMZuucngCMe971XbCGL2KoWH1xcxsYI_vw/photo.jpg,Great,5,0,,2020-12-13 07:39:47,,
gp:AOqpTOFkIKMYuxGpBitybowDNDNak76cOnvYIjfDKcuwjOpYEVQzdcwjs2hwsnXkIjffbf1GQ31OFClMJiV1qjo,Cody,https://play-lh.googleusercontent.com/-e7YRgE9XNMM/AAAAAAAAAAI/AAAAAAAAAAA/AMZuucl04pKAdc2iuEk309ulfMJGnwTUKQ/photo.jpg,dont let me load kicks me off and paid for it,1,0,1.4,2020-12-10 19:17:44,,
gp:AOqpTOHZ6QkpfdZWB89TLgEP0LOYf4pPFM8ZkHqzDtleh-c9jaB0lwUnzIBonm7DRCVpmnlFD0N7029AZKfHvik,Chris GemSeeker,https://play-lh.googleusercontent.com/a-/AOh14Gj7yjGJWutLx6YN71M8Vs7oK9JneQ4g05MDS0g9zw,I just had a spirit tell me to shut up! First time using this app. I think I'll keep it lol. Thanks To Moe Sargi for the link. Too awesome! Thank you to Renny for developing a great usable app! ♥,5,1,1.4,2020-12-08 10:36:41,,
gp:AOqpTOHJo-EKBq02WcdwWQUT4tnb5AJp8RMgWyTbAG9HEQZGNLybfOqD2hbW-aFSXIlNJEjiQDA_lhc42rduwc0,life of Kristina,https://play-lh.googleusercontent.com/a-/AOh14GhzjbL28w9im7D9p3J-X3zl2fW7aJk3L_kMXYz5NQ,Really good srs app!,5,1,1.4,2020-12-08 07:27:28,,
gp:AOqpTOGu4uhYryXQQAL1zTPqrGN2pvWtDrLTYBQCSTTLgoPXoY2eGs9UzQ_e5935oXNk86zc42thQcWbfGRmF6E,ronnie 696,https://play-lh.googleusercontent.com/a-/AOh14GhXTLuVnKQ_TXJ7qNxExEfpWwOKw7TihRBB9Qgtj50,"I really like this app you, did an amazing job Renny",5,1,1.4,2020-12-07 14:39:42,,
gp:AOqpTOG4HbQ4GmxEapiqCASdWZ22slhJsNaGWY2i2n2QYFy1a8s0Uut-bI3rC4ZmpJr2lCcArKbVfeK8yxggdvw,Lisa Hellen Xentrifuge,https://play-lh.googleusercontent.com/a-/AOh14GimXIpw09xXF4PbmIaZ_0bTWSTWCqSrGLEe3116eaI,"First time using app, it's 'booting' for 30 seconds and then closes. Tried restarting phone, does not help.",1,1,1.4,2020-12-07 11:13:15,,
gp:AOqpTOEnXehvgK2PtPXp-xPqVegCGEZpcksClJTQR6iBHXKeThMXiuVeXt7ji_oDAKpfUK2VYQcR2-3KZVHoiCQ,Patientzero00,https://play-lh.googleusercontent.com/a-/AOh14GgyctYJViuZ4mw5wYuQlFcqXpKVCs-3Xdsy0qq2,"First I want to thank Moe Sargi for recommending this app and Renni for developing it.... I use paranormal investigation in a different way than most, I use it to solve real issues such as missing persons with that being said I have been doing this for roughly 10 years and about 5 minutes after downloading this today (6Dec2020) I heard a dog bark then immediately after my dogs who where outside at the time and don't typically bark at nothing (one being a service dog) start barking like crazy.",5,86,1.4,2020-12-06 08:28:27,,
gp:AOqpTOG0cyPXzbgi7eFIufQ5PxUezuTbf5Up4t268FROmeB69cxhmCYi87fGRaE-Akyk9d_FcF3zfGRZABIeC-o,Creative Lilian,https://play-lh.googleusercontent.com/-ciF6-QUkTKM/AAAAAAAAAAI/AAAAAAAAAAA/AMZuuclOZxRoPEWwdEiFz8SfyBafkk8xiQ/photo.jpg,BEST SPIRIT BOX APP EVER!!!! Some of my friends and I got this after seeing it on a ghost hunting show (works perfectly for all of us so ignore the fake whiners that complain about it) and we got into insane and full conversations with 4 separate entities! Such accurate stuff that I didn't sleep for a week. AMAZING APP!!!!,5,2,,2020-12-05 10:07:03,,
gp:AOqpTOGGKbXsOcUmPIEyUkM63n20815otzsnahHoJJpJnhPuAhRY_lKRNDDCWTXMYeTJS9VCzZqmSLwB8_c5_CE,JoyJesseJade Reeves,https://play-lh.googleusercontent.com/a-/AOh14GiNLlP-Vr6y034Z6hbAHL-7ZCqmqiJPWBqOWzmMWkM,Will not open.. Thats two refunds for me.,1,0,1.4,2020-12-03 11:23:44,,
gp:AOqpTOEV0GdXjcuqXzAtYlC_qj4i2IyCZ322R8JYX0fVv-Yd2pnY9i8hC1wsJioeGWdgVjYwRR9C42N7ERab_ZU,Sara Knittel,https://play-lh.googleusercontent.com/a-/AOh14Gj6TcNJWIfiIQi04ItFfzndqurgis4_LGj4xvhxIg,I bought this app and i cant even open it it keeps saying itll take a moment to boot and then closes. What a way to spend money during an epidemic .WAY TO GO.,1,1,1.4,2020-12-02 04:21:17,,
gp:AOqpTOEbkXuih9LkAJWbSEGxgagHHWJ_HipuSd26KERyTmdA0xGdVYcbC2nshdgNnSngGG00RenfmrADLuFacE0,Andrew Mcanirlin,https://play-lh.googleusercontent.com/a-/AOh14GgqM1wbHI_Fa0FJNMA6sAl3rPv5Dzilj1CpwFQE3g,Does like to run for more than one minute before shutting down after asking a question not worth the money for it,1,1,1.4,2020-12-01 20:39:15,,
gp:AOqpTOHfMxzV-37X8ig3MBWu1sUW9UmOrJRbHP04Vco92vcx5m-rQ1UM56fjrG0_-suN0xWJuNJcckc2lPjVwc8,lisa Johnston,https://play-lh.googleusercontent.com/-AAzse7AkSrw/AAAAAAAAAAI/AAAAAAAAAAA/AMZuuckfNfxQ_T21FWyzBCHskcH9HmK9rA/photo.jpg,Got this app on two different devices dont work on ether of them,1,0,1.4,2020-12-01 16:30:08,,
gp:AOqpTOGn0k6Mxozy_QPAZxePDIg2lUBkjwjNEQmsvrTVI-6XkNSK_BSXx1RQ40D5uKSOZphQT-z18e6q7US_Kwc,James simpson,https://play-lh.googleusercontent.com/a-/AOh14GhxHvPQO2H4yJY2XrDQw2rpfLbK_r3K8hZAy-ae,Yes I did,5,1,1.4,2020-12-01 14:05:37,,
gp:AOqpTOEMYw5KTrZ2GRxBs1SJxbkhmQSGeBCy9lPIPxPMk0BPEIhJCxie5AsJc13A5G9eAUlu0TPFK54GqsFElUU,Keri Lester,https://play-lh.googleusercontent.com/a-/AOh14GgVxqQshUM3umW23u9pjUL1Me2Ps8sO-OMJDJUoIw,I have a Samsung galaxy S9 and I have tried to download this app numerous times and it will not download at all. My phone is up to date with all its updates. I would hope that the Samsung S9 would be compatible with this app.,1,0,,2020-11-30 09:12:18,,
gp:AOqpTOF5sZfvw71ZNQ3vhzZeyBhYMzVUeDdxUuO_7oXXZ2O9Sw19jSh87cEP9EY2aJEFs2yedZRD-Jfwi6-tgrw,nick fearn,https://play-lh.googleusercontent.com/-5KCacSlPwRE/AAAAAAAAAAI/AAAAAAAAAAA/AMZuucmrzOykKPaYMCJVZv9gpav0vWkaTw/photo.jpg,"This app works very well, after a few tries we had the most amazing intelligent answers that led us into a full blown conversation with 2 spirits, it was a mind blowing experience",5,13,1.4,2020-11-29 08:22:46,,
gp:AOqpTOEBa8c6BMt5SOlbuIFJT6UFKc_MwH2LmenGapRoium_-qT-6idHm-LKTagbXHEnlIzE_PelU7MrKFRksHQ,PHOTO FREE AMERICA,https://play-lh.googleusercontent.com/a-/AOh14GjGoOA6n3G4G-Sz7UI0hKiNBbjHoAqwqnOZkfDjuhY,Hi Rennie can you please give me instructions on the proper way to use this at thank you so much for everything that you guys do I am a loyal fan,5,1,1.4,2020-11-28 23:15:08,"Cycle through the four different frequencies labeled FQ1 - FQ4. Ask a question and then when ready press the listen for a reply button and wait for a reply. Be patient, as you will not always receive an immediate response, and sometimes, nothing extraordinary will happen. Thank you for your continuing loyalty.",2020-11-29 22:18:57
gp:AOqpTOF_6w6T4f7dKHbkdJAR1SzypvHuESNPssQJjsWdMEhQKZsZG78RyrAR2RpDoGWrkgjn245OBzsOAJ2suuc,Christina Helton,https://play-lh.googleusercontent.com/-l7uzPIYpDxI/AAAAAAAAAAI/AAAAAAAAAAA/AMZuucmeM1AXieiOyUAupkRbo0JkpRk8Hg/photo.jpg,"Which of the FQ things do I use trying to talk to my uncle that passed Nov.20,2019 and my father may, 28,2020 and a couple aunts that passed right after my dad",4,0,1.4,2020-11-25 21:51:53,,
gp:AOqpTOHbFNQytUdtU27gtX-IKXwSUS6tlSKySbPgYcKc2exoliedeEQxEuhiunRqDLL4P5D83GhBIV7MkhyKLK0,Biker Guy,https://play-lh.googleusercontent.com/-l-ESiDGkQeU/AAAAAAAAAAI/AAAAAAAAAAA/AMZuucm28wqV8HjiWv38_XE1cSQP7i2ePg/photo.jpg,Great app haven't caught anything yet. Big shout out to moe sargi and rennie. (Rennie made the app). Definitely worth buying if you're a paranormal investigator or just want to talk to ghosts! Also a very creepy app,5,20,1.4,2020-11-25 04:54:00,,
gp:AOqpTOGre68OuEZnveS3Y1qpSD6vXKIBYEOG_YavkA0qZefWzgAUmVrtz9ya1DNi5tYCYHmAXRAnd9HM_TJBg20,Melzie Melz,https://play-lh.googleusercontent.com/a-/AOh14GiFh39LEBDY1PGGFXCgKRrM0aEPEcbuQNLc8iVduQ,Love Moe Sargi. Proud sergant and happy to support him and Ren.... Great app honestly,5,2,1.4,2020-11-24 16:24:48,,
gp:AOqpTOH56siVinFuf-JJlxL2JyB_RbqNk-j3TQ7bWn7iy0_5qQT9VmUAbElgyIwJ902gRr6LqAGzv-eAwgbMIYg,lil killer b,https://play-lh.googleusercontent.com/-Khjp5YFfmVA/AAAAAAAAAAI/AAAAAAAAAAA/AMZuucltRipmkvQ7GPuHDVTVCPSzD2erSg/photo.jpg,It suckes camel disk,1,0,1.4,2020-11-23 20:28:32,,
gp:AOqpTOGLy1IZ6ycFZNW1fcbIC7-VVfF21JSp1pgPsffkOD71adBj59RT2Gr_2IGIqpAFtdlkJSboqhg3ta7S9l4,Color Purple,https://play-lh.googleusercontent.com/-XsgAiuJETG4/AAAAAAAAAAI/AAAAAAAAAAA/AMZuuckxOsSMw5xk0usNajizusLAfsNRCA/photo.jpg,Superb app experience. Scary AF,5,1,,2020-11-23 19:41:29,,
gp:AOqpTOEa7HckNQZC2qVigHbYUI-1TpteJGrSuwCIk_gYYhAbY6ESWu9VyzZ6L8JE8mD17BCx6v0bEsqapJrQ1fY,Zinc Iron,https://play-lh.googleusercontent.com/-HWLu982eMew/AAAAAAAAAAI/AAAAAAAAAAA/AMZuucmWa1f0Pdnwt9up6BRf9FVCOIFUAA/photo.jpg,My favorite spirit box app!!! Works like a charm💎🔥💎🔥💎🔥💎,5,1,,2020-11-23 19:36:00,,
gp:AOqpTOFJEjQ-9D83z991vqQHyP7f8XJwFwELaN8Q7lzeQgSM1vSSN62L7bKREcVqCsJf8vo_ZYwl4gjW-pDLOLg,Migdalia Maldonado,https://play-lh.googleusercontent.com/a-/AOh14Gj9dLWsI3u0SmWDaEFnd0Cv9yhwAFETqEMkE6VSLw,App keeps crashing won't even start at all,1,0,1.4,2020-11-22 18:45:08,,
gp:AOqpTOH6rvv_OWdbavGxk_6ySaLNwo0laZCh2u9QdD0WkbIltwDBhmny7Z3PhWaCcUWpPGzLl4wFjtsbsGPL9SY,Angel _Explores,https://play-lh.googleusercontent.com/a-/AOh14GgN6vb9koIs-LK0DTwmQDwezP5dsOzUBunmbKLldg,I want my money back it would keep kicking me out it doesn't even work,1,0,1.4,2020-11-22 08:08:17,Sorry to hear about your bad experience. Your device may not be compatible with the app. Try reinstalling and installing the app again. If that does not work request a refund through Google Play.,2020-11-23 05:59:13
gp:AOqpTOGOUGwbTMAKAwJOC-bBIqegWr1bddfZryJiojJ4uOW75AHsQu1L1NYUMIdtimO0S3V0D7GkWY5JHZiL0jY,Mary Short,https://play-lh.googleusercontent.com/-b-IDd2lCMLU/AAAAAAAAAAI/AAAAAAAAAAA/AMZuuclU0zryAQLiQgJVZzriYq69QjnZEw/photo.jpg,It wouldn't download the first several times i tried. I only really got this srs app because moe sargi talked so highly of it but when it finally downloaded it shuts down and wont reopen for an hour or so and it kinda upseting.,2,0,,2020-11-16 05:54:29,,
gp:AOqpTOFDjzwSAWTdfu6mdNqTwpVMi0fXzuEfOFjukgiqaWxaRuzbgvLGKovJapnU15Qpi46n7wFt-EDNyXipFD0,NecrocrossSG1,https://play-lh.googleusercontent.com/a-/AOh14GjaSRzoZo4fiMS2nw2MMi49K0fETGFCOXFG9DagRA,"It installed, but while booting up. It will shut off and i cant get it to function. Ive tryed to reinstalling but it didnt work although it could just be the type of phone i have its an old LG Aristo",1,3,1.4,2020-11-13 13:47:20,Sorry to hear about your bad experience. Your device may not be compatible with the app. Try reinstalling and installing the app again. If that does not work request a refund through Google Play.,2020-11-23 05:59:55
gp:AOqpTOHErcy1KhWF8UUmSMQfMPiANT1FjFJdajSafpsNa_wdbUzl1wL-zl5tQH3me5-kKJNugIneLI129ubd8ys,thomas sanders,https://play-lh.googleusercontent.com/-KdKSanz9sbA/AAAAAAAAAAI/AAAAAAAAAAA/AMZuucmQlpqgwRZnC7NyN9mePynciXUHSw/photo.jpg,Finally a great Addition to my ghost hunting. Its really accurate and I get alot of activity all the time. Id highly recommend this Application for anyone using their phone as a spirit box.It really works! shout out to Moe Sargi for introducing this amazing app.,5,23,1.4,2020-11-13 11:54:39,,
gp:AOqpTOGlidVey3jZJEoUw8eOpmUzn6dfmcfqYnuB-0SGnlhfXvE82Eu3YsK0LwlHFV4rkAtRYDmL2LeKM4rS0Hs,linnea clayton,https://play-lh.googleusercontent.com/a-/AOh14GiYIcKcCn-5ln5yfSgmMPvOK7WEcuOfZvXu4lXMvA,I found out about this app because of moe sargi and I just turn on the app and ask if anyone is here? And then I heard a girls voice say here,5,2,1.4,2020-11-12 22:58:07,,
gp:AOqpTOHj2UdNS9w-IQVGTKr-N5SebU4FIkX0wrGrQsP66_h7lzaY3Tm9FLTU3Kw-VC08nNCpQCWXIQlwn4DI0IU,MarthaNewZealand,https://play-lh.googleusercontent.com/a-/AOh14GhxpzFVwbHSDVahG7DeHvmTLdp6adTDvnaxKgeH,"i purchased app on andriod an i havent been able to use it, it shuts down two minutes after enabling, bugger also watch moe sargi use this an wanting to get good results..can we fix that problem so i can change my rating....",2,2,1.4,2020-11-12 16:47:48,,
gp:AOqpTOHgXlU8arRqEPSJLw9diznuRbPeeBw8QgtuxNBTYwCBXxfkst2RyNQsJmGCBZuDd_ChMH7HZpt9VTSsbYA,Robz89,https://play-lh.googleusercontent.com/a-/AOh14GjSRdxtNOv9yzP095nRUZC9j7F83oFonKS9ATpSTQ,"Fake all it is, is microphone static and prerecorded rubbish refunded as why would I want a all that has a bunch of microphone static and precored stuff",1,1,,2020-11-09 14:21:44,,
gp:AOqpTOEwqHoEZEAfSfVFOfVzhUp_Q3mGlVpmDvDFJEyBU2HrEEmeTBO7jkgVloLgzz0ispGbPNlTRyMIKjPqFYM,Sylwester Schoeman,https://play-lh.googleusercontent.com/-ixwOWDnjEf8/AAAAAAAAAAI/AAAAAAAAAAA/AMZuuclWu8MtsvHvezvp4nyvcw1_Yy30Aw/photo.jpg,ths ap das not wirk got maai rivand bak thanks,1,1,,2020-11-08 01:37:57,,
gp:AOqpTOF_moyFJ-nLc-402kUVR-zM46uQO-a01VeLsnpn-RkMQjpJr3m3uiHK5AavhsXm6NDqh03pDAvFqc0qblk,Matt P,https://play-lh.googleusercontent.com/a-/AOh14GisWss8tG2phG_gMkGfeSEt9WazMGTv5xdLI9uu,It is great! I use it all the time for fun and for my investigations. Works great and very clear.,5,3,1.4,2020-11-07 16:02:18,,
gp:AOqpTOHQbW7aoBl3HQldmkcCumE8kHAEtdxb1IOn2CiJZHWZcfH_RzruHRbMkDn18uQ4VZfjlQWxjtrRPMDrAFs,Casey Currie,https://play-lh.googleusercontent.com/a-/AOh14Gj46hn-wLOSe6tP4DrG7SnH5hO92FjSh-EY4qSl8A,Love it. Good job remi (if thats how its spelt haha),5,2,1.4,2020-11-06 21:34:48,,
gp:AOqpTOEUq6SAHvire595zgBYagxNhK9SRqrZoB1vTMrHcDM1GVlSTddz7nWHRfhOP9-53wux6fgWnOjuyEfx9OI,Annie Bell,https://play-lh.googleusercontent.com/a-/AOh14GjypHYsq2I5_CuPyJq2UsrGFn8U-gLN-HfC9GCeEw,"It boots up & then goes off. Let me know if you get it working right, I really wanted to try it out.",2,0,,2020-11-06 17:04:49,,
gp:AOqpTOEEY2DxUp-bt25Ewh_3ZKQvJyfNZx-iljwXzsvCGDAO6nkiHXyDhbMQ9kVO4BQyoGIwUz85Jo0skhEtvdM,Jessica Bull,https://play-lh.googleusercontent.com/a-/AOh14Gh9oAFzRlsA4jOQmU-KnQ08Mp1NlJIFJHblSdhF4g,"I have been watching you, Moe and the guys for 3 years now. So excited to try this for myself.",5,3,1.4,2020-11-05 08:09:56,,
gp:AOqpTOGopK1JsUCApTiHI3JiYwHknyYQnRG3YCoNf3Odpy77H7amXzJITUEB9mK_wLpupJLUuKxzsn5ZK3_iRSI,james p,https://play-lh.googleusercontent.com/a-/AOh14GiuU6NTzTpvm8sCPWjs-4a-eA2_ib9swPz0poneDQ,It's getting better for my last post,4,1,1.4,2020-11-05 05:01:50,,
gp:AOqpTOEOD8uPov52C_Maw_BytfCGob5SZS0VgolS2grZPzrzQdtAShtWOn6YFv6hzQz3HsDIIuxjjz-d3rgLllY,Earl Barton,https://play-lh.googleusercontent.com/-GVhBYpys4eI/AAAAAAAAAAI/AAAAAAAAAAA/AMZuucnhsA51hjNTEBdJof8IY-f37MjiSQ/photo.jpg,Just downloaded the app because i was curious and moe sargi suggested it. So far had to turn off the app got a bunch of voices and creepy sounds come in and i had only ran it for a few mins deff an app to check out if you are interested in the paranormal.,5,15,1.4,2020-11-04 16:24:51,,
gp:AOqpTOEI65KNUfqfi6sTMVqon-Gon2X40AH2u_aOStn3MkAc3rpZvsMtlBbjFY-OtKW-RV02el4-tg4LS70-BNI,Brian Yates,https://play-lh.googleusercontent.com/-9c1KOf84TOM/AAAAAAAAAAI/AAAAAAAAAAA/AMZuuclIz2vXO3RzR4OrQpZwA1O5C2yKOQ/photo.jpg,HELLO FROM CONNECTICUT...I PURCHASED THE APP YESTERDAY AND ALTHOUGH IT TOOK 12 HRS TO INSTALL WHEN IT FINALLY DID I WAS IMPRESSED!!! SOME OF THE VOICES ARE SUPER CREEPY AND I BELIEVE THIS APP IS LEGIT..BTW I WAS TURNED ONTO YOUR APP BY MOE SARGI'S CHANNEL..WELL WORTH THE PRICE...THX..PEACE FROM THE NORTHEAST..,5,8,1.4,2020-11-04 02:39:48,,
gp:AOqpTOGAjdQpFRQ6bFNgCyn7QFGB6fsPbOGEY3Y0iPufIop26qf2m9uFPSJqbEULvEONSk5b7_H8MU1RY0mapaM,Michael Berens,https://play-lh.googleusercontent.com/a-/AOh14GijC0gD8pPYufI9H7mD8hLVdtlVVT-ew5qn2sxfAQ,Great app. Decided to download it because I saw Moe Sargi use it in his paranormal investigations on YouTube.,5,4,1.4,2020-11-02 07:56:49,,
gp:AOqpTOHca_Ho8TCbPJjQRLJE32O_20XWS3MQoqeqirqxagDMfbKSG9LpOXR5_Y7NTsjs7Z9TTyvDgPFcb9L0nf8,## GTA GAMEING ##,https://play-lh.googleusercontent.com/a-/AOh14Gi_Ofp7s5bovMqjNkdT73Olhy2I9e4NQtZ3XSQh0w,Fake.... get the same sounds as moe sargi on his phone.....YouTube,1,2,1.4,2020-11-02 02:41:36,,
gp:AOqpTOHWrto2Nb05SV90NivDyp0cQ_9MvtPIAdICYM0rF1efJsQ9nGEqgkPrdIyd7_U_KJF-D2R45Wi2JY0ijJ4,Alissa Rena Dowding,https://play-lh.googleusercontent.com/a-/AOh14GhYQM8KTdCf3Sxi_LBELUGU-C5UDh7BDOZ4uszJDA,Works amazing I found this thanks to Moe Sargi,5,2,1.4,2020-11-01 10:40:21,,
gp:AOqpTOEXbvijUucme-YZDk7C_v_HagJj4Ay7GVRdKsZweAV4_tHmuLi_o62bRacn6avQI2H3FqzRo_FdfzOQDcw,Justin Welsh,https://play-lh.googleusercontent.com/-eCs17YWXPpQ/AAAAAAAAAAI/AAAAAAAAAAA/AMZuucnFjKX-IoJinc4OUqZnfwyMAA9ppQ/photo.jpg,it does not by on it up on this phone,1,2,1.4,2020-10-31 19:38:45,,
gp:AOqpTOGuGWm7bYydjeEN8fP5qsDj_4JyuG3AG6ANAiVbcsdvLCNuU8d9xeaFtJE773pn8JAAmbOJcVoJXKqh-pk,Lita Simms,https://play-lh.googleusercontent.com/a-/AOh14GixggzjOiUFDf4lCpECDLrt75PcrQuqUYWi8toD7g,"Keeps kicking me off, I've been waiting on this to come available and can't use it because of this issue.",1,5,1.4,2020-10-31 19:38:10,,
gp:AOqpTOFwSMP19KVCUGoISZeEU3WbZ-C927GTcDBnyORJlvw89wwImbi4AtyFyC4SIntY4bEXoQUHvGPRdcHBBTo,Gizmo and Luna Pinson,https://play-lh.googleusercontent.com/a-/AOh14GjPceUbpzqPhgGEI2cQYrYto7WZPsPStCgnAprh_g,Just downloaded it and i have been growled at told me to leave i have heard so many voices from a grown man's to deep voice a ladys and even a little girls voice! A big shout out to moe sargi for this app I love it .,5,18,1.4,2020-10-31 18:41:40,,
gp:AOqpTOE4mg-o3hhGfL7SeCeQQrRIc6UMhHJjhRUqPSLAgYC172iFm0JMjtWXimIHr0JUF3qRFLzjzLj8Jm3QfPQ,Lea Christenberry,https://play-lh.googleusercontent.com/-z60K6wdANow/AAAAAAAAAAI/AAAAAAAAAAA/AMZuuclpjTIEi5YokM_2yonJ82zXaZMSUg/photo.jpg,This app should work on all phones wouldn't work on my phone,2,0,,2020-10-30 15:09:40,Sorry to hear about your bad experience. Your device may not be compatible with the app. Try uninstalling and downloading the app again. Check your phone for updates. If that does not work request a refund through Google Play.,2020-10-30 16:06:13
gp:AOqpTOEKmQwieH3w_fAUbxa_b-JRr-zn3eCC7L2QkUBNDOkD9uaFLLyAD0exemGP7_K1A7CiWv9A09B5ctrW03U,FunFickleTick,https://play-lh.googleusercontent.com/a-/AOh14Gj5cwlYo5Rbhlcwe0lu2FXmm5KS0OqnN5YqyEbS7Q,It's not letting me load in at all it says loading up srs please wait then kicks me out an I don't like how I bought it off one phone an have to rebuy it again on a diff phone even tho my google account is logged in on my old phone still but yet I have to buy it again don't make sense,2,2,1.4,2020-10-30 14:25:07,Sorry to hear about your bad experience. Your device may not be compatible with the app. Try uninstalling and downloading the app again. Check your phone for updates. If that does not work request a refund through Google Play.,2020-10-30 16:07:31
gp:AOqpTOGoxJxcZM882gjiLJn2fXNZWZt_nDHiQ27d9yRd1B9wN15jasdHGnyoC11BLzp63mv9ldmz893eWxV1dLA,Pink Tzunami,https://play-lh.googleusercontent.com/-0fmGy0d6liY/AAAAAAAAAAI/AAAAAAAAAAA/AMZuuclvURr_zrDuGyhEWOp9zrxmt7aKtg/photo.jpg,So cool,5,1,,2020-10-29 14:20:16,,
gp:AOqpTOHMWH5oLC2k-cNW4MLTdfHUghDeLJANiCb3ppaJfSlQS9WUJnKNV8ULjL0Uehfzdm5lEtoq6em7XZTDErQ,Dragoon Cave,https://play-lh.googleusercontent.com/-RZtoitzcwyw/AAAAAAAAAAI/AAAAAAAAAAA/AMZuucnnbJLn9qj8hNbmZ6yegNcClWfh0g/photo.jpg,Simply the best spirit box out there🍬🍬🍬Recorded really horrifying sounds for my youtube channel with this after exploring the local caves that are allegedly haunted. I'm convinced now that may actually be the case. I'd give it more stars if I could🌟🌟🌟🌟🌟🌟🌟🌟🌟🌟,5,4,,2020-10-29 11:06:36,,
gp:AOqpTOFtXqYxghgPSmCSPhtfth5NfOgnc6TxyxUJx04vG1WA7MPPJTvX4BJP2rsNDdyl5_BcwVhEsPOpKNjqOno,Loki 4207,https://play-lh.googleusercontent.com/a-/AOh14GjeicOc2JPKrqbA3WVIdzwLm0ocyTywWAKOjNN3RQ,Kind of hard to figure out at first,5,2,1.4,2020-10-29 07:59:41,,
gp:AOqpTOHAikIkXERsNpT3zJ3MeFsszPVd3Z14LNZyFwmOomdRV3aNZholpB3mSoSNojvQDLVV91x1KfMycgbDB8c,Xgp Toons,https://play-lh.googleusercontent.com/a-/AOh14GjpssDOJ9hRVIMNt2T91nnb-aS_hcJPpXPKil09sQ,Love it,5,2,,2020-10-29 05:46:50,,
gp:AOqpTOECzfOXajqHU2dtuxp9YAr3MYutzTXQ9U4FaElw3Syjn-3ItQNSAaXRPnEXrNHseS83X1DaPGwoS25OsJs,knight sword,https://play-lh.googleusercontent.com/-OuE9t8Sjr8E/AAAAAAAAAAI/AAAAAAAAAAA/AMZuucm06yXH6qlvNmTgbLHp4yoeHuUYKQ/photo.jpg,"Wow, this is so creepy. it's like it senses the energy inside different rooms you go into.",5,4,1.0,2020-10-29 03:16:38,,
gp:AOqpTOGRc5zNiDAKK3Xa4enH_GKsEMuDFqm5F49ZlCaOV9-elITyKxWn0UpT_f3hdYTxjq4VXIHSu36h8DDzaYU,Craig Corner,https://play-lh.googleusercontent.com/a-/AOh14GhwGnKatULWGtJOkWeMnzk3e7mP2Jjii7pIFt2mvw,Its a great app works amazing had some amazing responses 👌,4,4,1.4,2020-10-28 15:20:43,,
gp:AOqpTOEJL7K-9T7jYa-GkTAqzR_VxD4YlP_Kwv45EZhwAJ6iR3a-JmSkZf-m6fHL4q_wBhFd0Bmtye-E8sM9e6o,Witchy Jacqueline Crochet,https://play-lh.googleusercontent.com/a-/AOh14GhkESfq-gjH4rBJExosLbjbPDgUgArgvBNhFqpbXg,Sadly it didn't work on my phone. I watch Moe Sargi on YouTube and took his recommendation on your new app you work very hard on. Maybe it's my phone and it's not compatible for the app. I currently use the Necrophonic app. Too bad I can't compare them.,1,4,,2020-10-28 11:56:06,,
gp:AOqpTOEhIVqUlDUE-i0xmwB8WmYtDrpyZTjXB_2s3E8DUcZMlAvSQa86gtJBZ_mZDEtahu0ofzKgdo2UfFMvqZ4,New Era Gaming,https://play-lh.googleusercontent.com/-XY1ycCfX5N0/AAAAAAAAAAI/AAAAAAAAAAA/AMZuucmUXEn_DPbpPkStUyQ_7TxdZtADMA/photo.jpg,Works amazing 👏 Went to a haunted themed escape room at a decommissioned psychiatric hospital. This app captured some insane vibes. ⚡SOME GOOD ADVICE: Don't treat this like a toy⚡,5,5,,2020-10-28 10:29:58,,
gp:AOqpTOFzhbtn1egdRvuEUihunSSDcr78mhf1Sn8FKYlIPastnQokP84DPgsjiTSm1A18wPJfIgVnZ90NZANLxC4,Omni Flare,https://play-lh.googleusercontent.com/-Z-3cC0UrHVQ/AAAAAAAAAAI/AAAAAAAAAAA/AMZuuckN37sgbhnUCaftc7-nfVWC25mIpg/photo.jpg,I love this app. All the other spirit boxes are terrible compared to this one 👻 😱 Going to be a fun Halloween,5,6,,2020-10-28 10:12:17,,
gp:AOqpTOG86iW12H4OoVCzXsd5-MtalojzD15vDCd3XpU4QFDN-bTK2MPTbOSk8YmgasYOUcfeORA5yx0breQrWEA,kim schrack,https://play-lh.googleusercontent.com/a-/AOh14GhUIf5VT7b_DNarckA9V2-tZqMoIHvSoF3xHxFXJQ,I'm bummed. doesn't work on my android.,1,0,,2020-10-28 09:14:52,,
gp:AOqpTOEgm8t9Um6QqIlqeGx8zDGNxNKgwkvLqrWz86gaRQShXAPhAbHZa-kzcIetJMXU4WZE1G30gqcamSnHSUY,Ginn Bostic,https://play-lh.googleusercontent.com/a-/AOh14GjRlEs-Dhb9uHO_FKdeltWeTVCkl_wCNN5Uc_-5Cw,would not open,1,0,,2020-10-28 09:05:05,,
gp:AOqpTOFUkaKtWBF93cnVaVqzNM3olrP4_wcVKW2IlmRcnNQh74zhv8T3vmOfCHj0ms84cX5kk_vjaVLYqQsK0aY,B H,https://play-lh.googleusercontent.com/-jxAzljRRoD0/AAAAAAAAAAI/AAAAAAAAAAA/AMZuucniOU1XTO37FXWqwlkTPpukSbEUTA/photo.jpg,Phenomenal app! Extremely scary,5,5,,2020-10-28 08:42:51,,
gp:AOqpTOGt61SJ9GAdNTd5pY48bgapAd0uNAY2r4p5PMIbvwNfd0qH6vfydSRAZqPlvwcLCdcvYaryk0mttMMEL14,Sp Or,https://play-lh.googleusercontent.com/-yFNZwE9BKUk/AAAAAAAAAAI/AAAAAAAAAAA/AMZuuclj7jP1YLE7gGd6VCrUj3ZXiY9g9Q/photo.jpg,Best spirit box ever! We had such an incredible experience using this last night. Got very little sleep afterwards but the chills were worth it. Terrifying how good this thing is. Highly recommend if you can handle contact with the other side. The negative reviews are a joke🤭,5,7,,2020-10-28 08:33:06,,
gp:AOqpTOEwbMw--sO_tvgAlaltsQbWeo2FgaWFN4kaSYltKkK-H2-lcC4N-Ui8KMQ4G0FEf5dz9NGsjuf5QIDmX74,G J,https://play-lh.googleusercontent.com/-xP4ILi2ltbY/AAAAAAAAAAI/AAAAAAAAAAA/AMZuucnYUIIr3a6UghjgzjAieC4ACbqFjw/photo.jpg,Amazing app. I don't know why all these people are whining about it not working or crashing. My friends and I got this for Halloween and ghost hunting. Super easy to use and freaky scary. Best spirit box on the market by far! Thanks XGP!!!,5,7,,2020-10-28 08:22:24,,
gp:AOqpTOFIhqJMdnegcZzCRgA6V_vMeEmIX-4gpUVGwemgqNQ87JM8QZJlZeuhW-JPaHPGHDNBAyNFUjdDFuYQchs,Chris W,https://play-lh.googleusercontent.com/a-/AOh14GjhtGtdTwNZR0K9o306h0XyfNLbmziktS4LXG-zow,It was hard to use and I got a refund,1,2,,2020-10-27 23:15:05,,
gp:AOqpTOGr2KD0FhZ3PUwm3gY9ioTVnwbRBIpXjtSPVW9ExDvwTzXf_Z5wgcUzJlUdjyy9qekTzGBjItx1o6k031s,Kathy Nagy,https://play-lh.googleusercontent.com/a-/AOh14GjZhx2la-wBaD9FsbS9w88YfEFvZMjor2vEIAvMUQ,I found this app by watching Moe Sargi!! The only problem I have with it is..it won't work on my Moto e but will work on my Moto g power..Why is that? I still have it 5 stars.,5,8,1.4,2020-10-27 10:31:48,"Sorry to hear that the SRS is not working on your Motorola Moto E. The app has been tested on a Motorola Moto E but perhaps your device is missing updates? Possibly try uninstalling the app and downloading it again, also. Other than that, thank you for the great review.",2020-10-27 14:56:46
gp:AOqpTOGhvQv7Jt4TkHtQutktMj4rJd0ji95gfF0gkAJ0_NOMMBiCmdeCZztIrM4YSyOdGliAey2jvp9GEDOU1z4,K Packer,https://play-lh.googleusercontent.com/a-/AOh14Gjrj7kcqP5Wf1vz88aDFa_cZEtmxELh1wil3VBZDA,I paid $0.99 for a nap that work for 5 minutes and then froze my phone. In the five minutes that the app was open I did not hear anything. I do not recommend this app at all unless you want your phone Frozen. Save your 99 cents,1,7,1.4,2020-10-25 17:39:05,"Sorry to hear about your bad experience. There may be an incompatibility issue with your device. Check to see if your phone is not missing any updates. Also, try uninstalling the app and downloading it again. If the same issues persist, you can request a refund through Google Play.",2020-10-26 15:51:29
gp:AOqpTOHm8pn9M4NiQpUVRYHnHeGHBliJZTw_c5H1pxC5m1_otRsvfph2TXkrXdxh44u4MNbaO1mmDd541yDqmN4,Nbkdelta1 Gaming Channel,https://play-lh.googleusercontent.com/a-/AOh14GjDBp4mPmwVK82hP92rbiX9MORElPv5NXFa8DUUjg,Wow keeps crashing need to make it work with Samsung galaxy j3 prime and up was going to do a review for my YouTube channel but not any more.,1,6,1.4,2020-10-25 15:58:12,"Sorry to hear about your bad experience. Unfortunately, your device is not compatible with the SRS app. Request a refund through Google Play.",2020-10-26 15:41:58
gp:AOqpTOGiBO7aLQoWX4K7l57vDxWjeZWVi0mRSIFSS1rFMuo94i5AQWVpiiZKknPwZ2UpGoRtATLvotcIFM-timQ,Shaggy D Pyro,https://play-lh.googleusercontent.com/a-/AOh14GicJdi13yXdIJKdNti18YE2aTcgqNyJ_f-UuoaktQ,I watched on YouTube a youtuber known as Moe Sargi. And watched him use this very app. As I used it as well. You don't hear repeated voices. It's always a different voice. I too have received some creepy stuff off of this app. I'm impressed so far. Works like a charm. I also want to give a shout out to Moe Sargi. Later.,5,264,1.4,2020-10-24 02:20:37,,
gp:AOqpTOEhvAmGxxUNlGq_SKvJX4WI5fPbJney2B6KLrc8QGmuiDazr7LNnHq-KBdOi0kH3qzvmT3erG2p3m6SCDo,KiloWinter,https://play-lh.googleusercontent.com/a-/AOh14Gin5w1g01UPtYUjpWRTJt77TiazB7Kd3dlOCqvXkg,"It's good but I dont really know if it is legit or not so right now I'm going to leave it as a 2, then maybe later on when I go places I might bump up the rating",2,1,,2020-10-22 20:49:38,,
gp:AOqpTOEdVr903LA-z_GhNt3IidbOKJGhKbUCWn3vuOxjqiJcOeeMKk-6kH2tfFR41pFXdiYdmOgsXow3SqdntZg,LAURA THOMAS,https://play-lh.googleusercontent.com/a-/AOh14GhaQbrv6lzMaXPLVMS82UFfjJG34IwhdCqSUVL0sOk,So far so good!! I'll fix rating accordingly once I get to know it.,3,1,1.4,2020-10-22 11:40:22,,
gp:AOqpTOGk1Fd8cMqpv3cXOOFnR6NfpTCJUVmtLw-QpdvZaA085bDPJPcY5IzfNpVepBHCUKKLooNYOs823592iUA,Anna Dawson,https://play-lh.googleusercontent.com/a-/AOh14Ghc-V05PWpy05jdv7ykkAR-cpZZZXqJF4DSXGQkWA,Here from Moe Sargi!!!,5,10,1.4,2020-10-19 19:15:18,,
gp:AOqpTOFQWi_blxdFI4nr0fpWvt4JGEuJhs0unAQuXkmQ_aGCgebMGhDAooOKZhiYBKaHAACizJPGMtpiNtS6JAU,Cesar Lange,https://play-lh.googleusercontent.com/a-/AOh14Gh0JBKdfZGm3cvTzclz4-ts1XEbS4BHCGgxzB0Hqg,I love it.,4,4,1.4,2020-10-17 23:43:50,,
gp:AOqpTOEqJxwTNii2ooXBBEiexUQ5i4cW4A2QEcLZUNXs2BJHeS0ypVPH-PZ3FDqKR4ccTdvk49mrYFwlmLjc96Y,Danielle G.,https://play-lh.googleusercontent.com/a-/AOh14GjlUCApzgOL4G0jVqbQis2Zii-9G3dvzdlPATIz4w,"It hijacks my phone, such as locking my phone then going straight back to app once its unlocked. If you don't complete close the app, it will reopen itself and half the time all I get is a black screen. Wish I could get my money back, its not even worth the .99 cents I paid for it.",1,12,1.3,2020-10-17 19:18:45,,
gp:AOqpTOEeM2brFFyP9igtiFTzsFjhmFeJCknzSmQqp5bytGFaiZL3Evv8psfFryok4qbnrSM1X7YsiUOVGT4nyLY,Steve p,https://play-lh.googleusercontent.com/-XF-lBoFbZvo/AAAAAAAAAAI/AAAAAAAAAAA/AMZuuckawkYIfLBK04cLjYnCAFVzBnOB0g/photo.jpg,Not working,1,2,,2020-10-17 13:57:32,,
gp:AOqpTOEURz4a-BCeAanyVzKhx0A0bQkAFQpZ-XlhKA0wBhMzSVZ0tnuqvUztUJk0d0iJbXT428PEg82aXLQxd8s,deb townsend,https://play-lh.googleusercontent.com/-z2B3OmgmKvI/AAAAAAAAAAI/AAAAAAAAAAA/AMZuuckSBOPw9Mk5XXEH90ZXC6jmHobqfg/photo.jpg,Would not open after downloading,1,2,,2020-10-17 11:50:51,,
gp:AOqpTOEw9VtaElQMsqRbzS_IDOZTr5OknWk5ishrUelxJCfTLjxlkn3TtBpp5RX1v55QSim99Fy7EM8kGJ63udw,CountDrackula,https://play-lh.googleusercontent.com/a-/AOh14GjNBcRUOZPtZhQ6KHO0pdZyr_gMN1OlY04DziTl5A,"Im Here Because Of Moe Sargi And Im A Huge Fan Of This, Im A Paranormal Investigator As Well And This Has Taken It To A Whole New Level, Good Job!",5,18,1.3,2020-10-17 07:09:58,,
gp:AOqpTOGUL4ZWj24nsh_usBChT0L5ZJv0P75S_A8eDTpgozqMTYmXaod4KZM0FrHeNv9ZfkAYjgu99_Qxe0uApig,Antony Tonio,https://play-lh.googleusercontent.com/-VlaHjuTxd9o/AAAAAAAAAAI/AAAAAAAAAAA/AMZuucnitGF5_NlOLSdqLBVp9q2ocFLnCQ/photo.jpg,Very good app,5,7,1.2,2020-10-16 05:06:34,,
gp:AOqpTOEvzEqm01jrlcsk5K_w-AOKwh4VHQRCBsPQJZCafA6TAVguOKF6ej1hc92mapRUTaWFJKFfmqG-QMe6ft8,Sarah L,https://play-lh.googleusercontent.com/a-/AOh14GgAyZAPnI5MnHarikAKXl0an79v8a-ZuWxyeFE9yg,"Great app. Moe sargi sergeant here in full force, lol .",5,24,1.2,2020-10-15 22:24:53,,
gp:AOqpTOGrUAUutqyks9_LuuJZR6N_VgpKy9KXLwKyKJRG9vaaBXWmXsNUpACpeTD2P8VwpgJd8-MHKPpLPlVCJkQ,Tasteful_Mink,https://play-lh.googleusercontent.com/a-/AOh14GiSoziLJ82UxQXATr_FUrZO6tgMnOjtjd0hRhdKwQ,SO FAKE! It wouldn't even make a noise at all when we stood silent no spacing no noise is anything but every time that we spoke or we moved it made a noise. It only had a kid's voice when my little girl talked. This isn't even cool for entertainment is lame and fake!!!!! If I could give it no stars and still give a description I would. UNINSTALL AND REFUND IMMEDIATELY!,1,36,1.2,2020-10-15 20:18:31,,
gp:AOqpTOFwNeEGLcuIrFKWXWqoGx8xwwnfObtWTabm0ShEzM3WxzLCXmM77wQEw5JQFfRO4c6GNr6IppX_RmZTzOc,Diana Nichols,https://play-lh.googleusercontent.com/a-/AOh14GgQCw8jumsmYu22NfdlYBCFQOk5hS84HTyopFrqMQ,The app Doesn't open,1,2,1.2,2020-10-15 15:26:16,,
gp:AOqpTOEbPj7eKHwzd_9XXROtxqO8eQcDUlOjo1yyL1HYsOsUgpAZ3xmwUcU7m3stTDv3XE0ifAXfgZxEHXheUPw,itsofficiallysion,https://play-lh.googleusercontent.com/a-/AOh14GiLqmZkUg5fZVJuLLuHZg45wBvRGMgbVd06kY6vQQ,The sargi family brought me here let see if this is any good #livealittle,3,24,1.2,2020-10-15 15:26:09,,
gp:AOqpTOH-9JuFHXX-Dw7p_LvL4_vdvNo8VRRbIi5yU-MtdO7K4ROrpJ5DNBFxRZnnI5__SsBkdscRR4LL4AdDOz8,brenda porter,https://play-lh.googleusercontent.com/a-/AOh14GikWjVDTz30lEkBWPTysJCfVX_tboV9LyNFhEalIQ,Buggy and keeps crashing,1,3,1.2,2020-10-15 15:02:45,,
gp:AOqpTOGrmQK4qp7_S_B0-eAc05tGoKtJ54Y_dpLTkvc02nC_iKOJuiqmw8_oFenaxBVvmlHtz8rCU7upbD1YwJs,Beth Richy,https://play-lh.googleusercontent.com/a-/AOh14GgDYRoAYjEfScwBiI3JOVx31rtfStThNUi7gKGfQA,Just paid out for this and it will not install on my hauwei mate 20 pro? How long after paying for it before it is installed?,1,7,1.2,2020-10-15 13:01:14,,
gp:AOqpTOFyvlXwUNI0RxFEVh1eCK6rwa-ulG16eBnOvvqGeloUZJT1R1KxQpbRIe1ZerBC4K3oDpOszoJhvPPBhCc,Kim paulins,https://play-lh.googleusercontent.com/--zntYbt8kVs/AAAAAAAAAAI/AAAAAAAAAAA/AMZuucm5Qyn4LsfuJ1D43I7bX390q6FzsA/photo.jpg,Great app for reaching the other side heard about this on Moe Sargi's channel on YouTube...,5,27,1.2,2020-10-15 12:56:38,,
gp:AOqpTOHsg4qnbXMF6kZsozl7teUOpi6nTL_1ZpQWNZpJQGciiem-eWrSuKbGSDPSgk4daRwBxpn94lz8SMAmOSw,g j,https://play-lh.googleusercontent.com/-oIQy4c6Lh00/AAAAAAAAAAI/AAAAAAAAAAA/AMZuucm1QMbt3AUeeBhz1JYdHW9iVi7j5Q/photo.jpg,"Very cool and creepy vibe👻 Using it alone, in the dark is quite the experience. Was in front of a mirror playing the Bloody Mary game and got quite the scare. Probably a weird coincidence but major scary stuff. Would be great for ghost hunters or if you just want to be extra scared after watching a horror movie. Maybe not for the faint of heart lol. Definitely for the brave ones out there. Spooky AF",5,77,1.1,2020-10-03 14:59:51,,
