reviewId,userName,userImage,content,score,thumbsUpCount,reviewCreatedVersion,at,replyContent,repliedAt
gp:AOqpTOEx1yFQ9WiACzlUIAIN-2B45j3_5XUtQOfZJXPgVnaXvdbC_AoRjo8gx6c82dUMwIV0VxtpDq_-IYdSfQ,Mrs Mio Jeon,https://play-lh.googleusercontent.com/-4BUZbtT3xM0/AAAAAAAAAAI/AAAAAAAAAAA/AMZuuckq0eknIz47kF5GyJoRdc5bUn1AWA/photo.jpg,i want a refund. why won't u give me one?,1,1,,2021-01-28 22:35:35,,
gp:AOqpTOGJ8Nc_T0l5cA6lPRA0xByDOMa0zxYeuRUGBTl5acCz5C8glaoCV95vGh_xb9YJnTsEO7Q_ljfdXZYwoA,Olie QucaMolie,https://play-lh.googleusercontent.com/a-/AOh14GgoS1k22aH7OniM3oX5WJhL4JNe26Y5zHppaReoIg,I'm like 12 and I still love this game it's very nostalgic to me.,5,0,2.2,2021-01-25 08:29:17,,
gp:AOqpTOHIvkfZ5npAEN_rsZbCpAkj3d_dbDuLl-nqsKYKgxdEWh24C5XXxlz3xSlEVvbRBZYHFdqFbeKcDU-70w,Lydia Malcuit,https://play-lh.googleusercontent.com/a-/AOh14GjZ8IFGMNZG8E2Xz1vKN5acXWSTxTZ9mBTepSiK,My 6th year-old and 2nd year old loves this game so much,5,1,2.2,2020-12-22 12:38:32,,
gp:AOqpTOHOZvRq7G-nZu1qXu6uyyBz2KkQKD74mk8rw8GVkOtlTneRsLuO41fp_DEcN8xYxuD0JBU-cHV7XzwLcA,Imogen Bunten,https://play-lh.googleusercontent.com/-SR8ABBg14Ns/AAAAAAAAAAI/AAAAAAAAIxk/AMZuucn9CnB-h_UrLBGwaXCHW528WKn7dg/photo.jpg,Can you add parents picking up kids? 🥺💚,5,1,2.2,2020-11-06 09:25:23,,
gp:AOqpTOHZ5T05QRXiI5fKBQrg1LbrmtHubbt-YTTV5XdDlpi9kwFfjfElkN3_utNDtFBGjhKOjEquyX6oyalvYg,christina McCoy,https://play-lh.googleusercontent.com/a-/AOh14GhLAAcNbWhlKkeUXYXLDdgOhvkYfARnv1DoUJXodA,Cool,5,1,2.2,2020-08-06 14:43:00,,
gp:AOqpTOGm6QVc_ZVtn7T4N71Htz7YlH0fTNEY6ynbZp-r7g7vvZokmH4SN-grUFKPZTS493_2bZHVWb0jWrP9Iw,Kim Boston,https://play-lh.googleusercontent.com/a-/AOh14GiogV87EJhayfuYijapVK9OvZMinMtOqwBcJf_c,My granddaughter loves this game,5,2,2.2,2020-05-04 17:56:36,,
gp:AOqpTOE7eylc_xi0i4E5GBsfww0FAjAq1OeHh0xXJVK7rVt74fdiPxlcDs-QVWTn0wqZylVikdBOODHSi2D94w,Hannah Monday,https://play-lh.googleusercontent.com/a-/AOh14Gjxx29V0jJl6xUDyyKAcsfkXqo2yQ9HtmaCdSn6TA,"Fun, yes I'm 12",5,2,2.2,2020-04-14 14:38:08,,
gp:AOqpTOHDAFk75Yl1ifXc2uztuguOkq3HQ0XO6tTlGakIviEIvoh3pY_hRce9HKAeBKpKQAEZ4ERaihPwhljAAg,Emily Spudich,https://play-lh.googleusercontent.com/a-/AOh14GgvTBwjfLdVFD8PdtHff-KhUQcbVGKf5fPWarBfMg,I love this game but the parents don't come back.,5,1,2.2,2020-03-31 17:59:01,,
gp:AOqpTOHfrmhQW7JauBkzinISXBAnt2e6dHSzpNS1Gb2GlRoglVgBMZ6qKYfarBWSJ43HaXiqNUNWnAOUeMXC5w,LiveOnceLily,https://play-lh.googleusercontent.com/a-/AOh14Gj_-UmnmXtV3CXA_CbXDI1XUuYE-f70TM15zKyQJQ,I Can't Get On The App It's Just Blank White And I Payed 3.99 Pounds For That.,1,3,2.2,2020-03-28 03:48:23,,
gp:AOqpTOFVwQ-e5xy5ytDDxLlPsXVv8yOjySelE0FmkDDOAM-4wxJrrnQuy3Q1h1C-1lz1JXaYcutBbF8lRdLE1g,Tess Barber,https://play-lh.googleusercontent.com/a-/AOh14Gjo3WfZ0OJJDT-qAU6NSLhOswwgeKUV55T63EUG,could not even get in,1,1,,2020-03-17 13:58:49,,
gp:AOqpTOFMFnhylc6rz0BEQMnHzdhxCasYJQHATrvk07AFZXNHvfQv5loMoMAL2N6Ti4ocsU3AELfWHapYQ5sA8g,christine shingledecker,https://play-lh.googleusercontent.com/-BhrRdjkl3mY/AAAAAAAAAAI/AAAAAAAAAAA/AMZuucnh-NlgfCkXKqfS6813FIFl2ig9Kw/photo.jpg,Very entertaining game for tofddlers. Lots to do easy to use,5,37,2.2,2020-02-26 17:45:51,,
gp:AOqpTOFmo8aEfCIqhAUUlq43MlrMMXngmyS0xG22S1bkNAFjNbg_NJtbVLpte2r7cpwT_aTOQdir-O1KeiB2WA,J J GoAnimate My Animations In 2021 Of The YT Team,https://play-lh.googleusercontent.com/a-/AOh14GjEr7wCw_Gbu5_0M-I9HpEE6N9j6mezwjgXwZPWvw,New Youtubers Unlocked For You ZAMimation Productions Jim 2102 ExplodingTNT And Popularmmos Are Now Here,5,1,,2020-02-25 09:25:53,,
gp:AOqpTOGfDXkjb-22NBqMgy8KLmTgj3HuTAGiEvL1X_z6yNBynmDyLESHy9HH3hwhrHCbdXs4QXq_0S_eMZJCTg,Hayr Family,https://play-lh.googleusercontent.com/-iLfmFFR6NA0/AAAAAAAAAAI/AAAAAAAAAAA/AMZuucn3EAddIdTEUZ1otH1P3v0kKHJ33Q/photo.jpg,This game is magnificent I wish I could download all of the dr panda games and not have to buy them I wish they were all for free when you want to download a dr panda game I love this dr panda game,1,35,2.2,2020-02-16 04:54:10,,
gp:AOqpTOFQN6QRTe3r3R7hi_Mv3cFYvGnSiMHTVyyZRje9dL9BO2oJj19na_bN4axXaObj0pc9LxGhp8GviKOdlg,Cari Miller,https://play-lh.googleusercontent.com/a-/AOh14GiVWCqBUtUTqNKzHiw6WkvMYWyGu1S2mYAkp22EN7U,Im older than the age that all the reviews are saying but it's still really fun,5,9,2.2,2020-02-14 03:58:14,,
gp:AOqpTOGcma1v622U2qHRXHU64COwo7S7xKD1PbKtH2dkSxWG_V8gvk2FYc-1-PPXKmJfmoqFP3s0RydKAnAfOA,Nate Groblewski,https://play-lh.googleusercontent.com/a-/AOh14GgCE_TQQH39DdrfMz1X1FLWW705gZ3QJ3_v-kxq,i't okay it is boring after a bit,3,3,2.2,2020-01-21 17:11:24,,
gp:AOqpTOHZD_Lw2K2XQPex4apeQjTB_lSJ_LkLNDvdq8Hw-46Hol6IIm54D3wqqx9YHnuPEwFHCD6jCeTKdipf2Q,frogmind games and create and trailers bh,https://play-lh.googleusercontent.com/a-/AOh14GjZ7BnHXn4rLgyIopSRKaW7MY3OmGQZwskNeoQrMw,If dr panda daycard me and oblivion love it .,5,4,2.2,2019-10-26 11:32:52,,
gp:AOqpTOFkQmzkLiUtZ-CYAqaLmRBc1CyraSf2U4_em-SPP4dh6zQyjxCclpx5aqf-ptkO1T80hTwG55JudkjO5g,Jarno Mäkinen,https://play-lh.googleusercontent.com/a-/AOh14GjQeIjEwvwvvfB3Hzq72WgodRFChbQBpeGTnBZxjA8,My 3 year old likes to play this game. It took like 15 minutes to get to know all the things and places in the game and after that it's just repeating itself. One annoyance is that no matter how long you play the time never changes and the parents never pick up their kids from the daycare. IT'S OK BUT I WISH I HADN'T SPENT MONEY ON THIS ONE.,3,56,2.2,2019-10-15 12:16:39,,
gp:AOqpTOGmJRqZQsEZfH56KNqBgK6etqSdcDc1DQGT2T-4756H9RyeMTklvksbytESUOf9B_iAr41uLgaUrXbc7Q,Saki Haruhi,https://play-lh.googleusercontent.com/-rFG3R6diiXw/AAAAAAAAAAI/AAAAAAAAAAA/AMZuucmtYuOiTNXCjsmlmGFegxPL9GSLrw/photo.jpg,I'm ten now and i used to play this every day qnd i brings back some relly amazing mereys plz make free,5,3,2.2,2019-10-13 06:39:41,,
gp:AOqpTOF4cxEeksRWV4ssErT03SOi_cABMXka_cfZ79bEeK3VFEGJnlqefZ0Bi_bqNEzHLydSr_6g2yG7oVpvtg,Nancy Brosius,https://play-lh.googleusercontent.com/-lHNnoNSZHTc/AAAAAAAAAAI/AAAAAAAAAAA/AMZuucl4rj5q7g8uFVGHK6-sAuWlfw7H1Q/photo.jpg,Soo i have played it when i did not feel good and it helped 🤒😇,5,7,,2019-08-25 11:37:40,,
gp:AOqpTOHEzdKGs66O0WfQFYMcGLOurl8K1--obtkKyUmB5MkYCRnc-6Pp1za689EPzBkcT67qUh7e8h2Jd4IpIg,Derek Ferreira,https://play-lh.googleusercontent.com/-fuiJM0TGiLY/AAAAAAAAAAI/AAAAAAAAAAA/AMZuucmH0rdHJvBYIkvUjXXUgwjyFU0bog/photo.jpg,amazinng my child loves it,5,5,2.2,2019-08-03 12:34:33,,
gp:AOqpTOFRvRxSLaKUwhikjAXsSrXM6S2YchghXj8MDwFtGsJae1WawzrOzYDFrxLGFf9d6iWsLFShoxU7YPU_mg,Unikitty Paisley,https://play-lh.googleusercontent.com/a-/AOh14GjbsAM83WKhIqphKhrfO6a8QeEbVDG_8hkh01qvGA,i hate this game because it's not educational,1,34,2.2,2019-06-04 03:05:49,,
gp:AOqpTOE5_v1NyINpJf6ATIeoe5K7_JnXlL9J_Eq5CLCzhDFIXfJ9iaENvwH6psdIA2nW5igXKSnEDeYASHtt0w,Marley dopt,https://play-lh.googleusercontent.com/a-/AOh14Ggv4IsU5YhPJrCMcnfcZiVxLCOYvvuAzRUQQu4vQA,in,4,2,2.2,2019-05-11 07:46:56,,
gp:AOqpTOGyi-eAmVdiCdRIeEOBsrZEtxmqLChitZAkaGVrNfNyNCgb9urVTpM3WZwZGbD9-oQbjbA_hcaLSP8ehw,Tammy Terrell,https://play-lh.googleusercontent.com/-uTqS7CGvgpk/AAAAAAAAAAI/AAAAAAAAAAA/AMZuucmjU5A3DUMTtDYMwJAwMZYOy06dGw/photo.jpg,i t was okay,3,8,2.2,2019-05-06 19:16:21,,
gp:AOqpTOF5FMIj6NRoiwRNRcDn9zG68Hj7St7avGpzWIFX_fiD4Xk0nKmwoW8emAVtUjMc5hN5CdjAZPudMsapqA,A Google user,https://play-lh.googleusercontent.com/EGemoI2NTXmTsBVtJqk8jxF9rh8ApRWfsIMQSt2uE4OcpQqbFu7f7NbTK05lx80nuSijCz7sc3a277R67g,it fun,5,1,2.2,2019-03-24 15:52:48,,
gp:AOqpTOH1wTuieU2Ml4GW0rClLmt90v9bcwT5NtuaYQHPP4PsCkeJbIDPxZIVNfg-WiMnYwMScU415AHDMZN4OQ,A Google user,https://play-lh.googleusercontent.com/EGemoI2NTXmTsBVtJqk8jxF9rh8ApRWfsIMQSt2uE4OcpQqbFu7f7NbTK05lx80nuSijCz7sc3a277R67g,the following link to the same Day installation of the year and I will be in the future of our games are,5,48,2.2,2019-03-07 08:03:42,,
gp:AOqpTOGmALB8KvObTU6Y2AO-I9P-JZzLT8_aeWPF3pQoiU8NcZXquGF0ZWRCY1jEij2dPQYJR9cpiOK--8m48Q,Jacquie Patterson,https://play-lh.googleusercontent.com/a-/AOh14GjHDikVciXKdmker2Dizfy5CZAuoPgVw7oXjINr,so good,5,1,2.2,2019-02-27 09:35:04,,
gp:AOqpTOFJRVzZk10C53-ntAmaVd-TPJ-RuK2R_erheUkOcCzyE3-gyDFY95o47_XbIIZ0X7CUeSq7eM5mQoR5-g,Lowenna Cooper,https://play-lh.googleusercontent.com/-YiSgjOfeA3Y/AAAAAAAAAAI/AAAAAAAAAAA/AMZuucm4q8xrel2Mt7nmeUE6GngrENvrVg/photo.jpg,Cool🚰,5,0,2.2,2019-02-13 11:31:54,,
gp:AOqpTOEmmIyHZaUy32rp4O7UZCczfCh3eqNzdrKQWiw4xGSVHx7TFrgDZTFmec-IQ4vZvJ1ZDSpvj1jsKGZihQ,Krista Greenlee,https://play-lh.googleusercontent.com/a-/AOh14GgXQOU_99X2xDmkRZ2n0ThLEsNugMUgAraPtmB6tA,annoying no animal sounds,1,32,2.2,2019-02-10 13:05:49,,
gp:AOqpTOFZY3KZLHuVSduMu602PowcQ0jqjr6zztOh9k2K9O0d4kk6iaD-M-zx1f_M_vvXH-9hLrxAqK-ilPakYw,Kris Kon,https://play-lh.googleusercontent.com/-rD11OLnGHNs/AAAAAAAAAAI/AAAAAAAAAAA/AMZuucm01axVy422EW29YEoo_5Nfcr8TRg/photo.jpg,Cute Cute And Cute!!,5,13,2.2,2018-12-17 21:52:06,,
gp:AOqpTOFlEzV7GbfI1eehWPhtLXQltnxRY94jiMeSFCjVohN1cYKQ5bZm946Q5WBD2BJWK1D-K_c_4nsJM5ARmQ,Gamer Mallory,https://play-lh.googleusercontent.com/a-/AOh14GhrKKkM-LzUmBF3p-MXMrsK2GsicJx1QiZnzMqcCA,heh. Im 9 and still love it!,5,1,2.2,2018-12-17 19:28:02,,
gp:AOqpTOHYz6j0i_mvYr_laslw1pG48HeZDV3bm12GSNIL0aLa8HjtXmYqY_A6oQzdoLyMpmB4nlrXpmqsgbVZVw,Kim Peterson,https://play-lh.googleusercontent.com/-FejAuPDzWvo/AAAAAAAAAAI/AAAAAAAAAAA/AMZuucmbH0EWoq7ygQJQWTwrPOsAzcFgpQ/photo.jpg,I love it so much 😍,5,18,2.2,2018-11-29 14:42:53,,
gp:AOqpTOHxXY9wrgcar9ZIhlNIUkZWg4kUh-1EN8vopGnpwHc4463fyuTYbZHVMrhEG5IESoeuWFU1eHfHQurOiw,A Google user,https://play-lh.googleusercontent.com/EGemoI2NTXmTsBVtJqk8jxF9rh8ApRWfsIMQSt2uE4OcpQqbFu7f7NbTK05lx80nuSijCz7sc3a277R67g,I love doctor panda so much i play it evrey day make new games of doctor panda,5,20,2.2,2018-11-15 22:09:05,,
gp:AOqpTOFfBRFFXWVP9jemCrs_GShWXGeFCv4-N91NAvKmnHHs9i2ns__zjUh1-8_Dz_fQSXy0Hx0qEZIIrSSrTw,A Google user,https://play-lh.googleusercontent.com/EGemoI2NTXmTsBVtJqk8jxF9rh8ApRWfsIMQSt2uE4OcpQqbFu7f7NbTK05lx80nuSijCz7sc3a277R67g,It is awesome becouse i dunno,4,9,2.2,2018-11-02 14:37:45,,
gp:AOqpTOHZcB4slkJrAv-NcvlKGwNMDCFWRPmzPXX1m3HoZveD9ccD2fcAuI9n_PUBqD0LEFFfZbYIXYqIDD9tqQ,A Google user,https://play-lh.googleusercontent.com/EGemoI2NTXmTsBVtJqk8jxF9rh8ApRWfsIMQSt2uE4OcpQqbFu7f7NbTK05lx80nuSijCz7sc3a277R67g,My.children love this game,5,12,2.2,2018-10-29 07:43:44,,
gp:AOqpTOGRqq7aArWmZX1EtRSeXCt9pcVHoWmeKRLvsbORgTlTe7G6tbX7xih8W3S5oxLUpEiysZINeSVETxMXcQ,A Google user,https://play-lh.googleusercontent.com/EGemoI2NTXmTsBVtJqk8jxF9rh8ApRWfsIMQSt2uE4OcpQqbFu7f7NbTK05lx80nuSijCz7sc3a277R67g,I think this is a great and cute game for my 3 and 4 and my 5 year old and they love it as well,5,84,2.2,2018-10-13 19:07:22,,
gp:AOqpTOGBRwyLZyb5vB0EhnJGfcNKxkn125oDO02DeRVJrDjXpC6a_83snNk3yV4P96cBcJCkpQSHhtZBvjF-4g,A Google user,https://play-lh.googleusercontent.com/EGemoI2NTXmTsBVtJqk8jxF9rh8ApRWfsIMQSt2uE4OcpQqbFu7f7NbTK05lx80nuSijCz7sc3a277R67g,666🤔🐈,5,0,,2018-10-08 02:51:34,,
gp:AOqpTOGvkX-7SSpYR0tf95hDc5gY6omBAs4SET6G_wZBCxLw19pXsffiyfp27Ws5YH_4OJ1gKofomd6MZ8aO7Q,Thea Iverson,https://play-lh.googleusercontent.com/a-/AOh14GgRpvas1S2sDMAc-LZ9LwSOoxH8DUGuzYEwHw-6VA,YAY,5,1,2.2,2018-10-04 17:41:05,,
gp:AOqpTOH5iMnNtm7iZRYdockrDKKIIPbNjpOI2udHQ3LM0qAsxsA7nWfNJrl1Soo1E4EebuVI7W4Sw0fn3ZPfQg,palasia mason,https://play-lh.googleusercontent.com/a-/AOh14GhL2pwmAVp9YQxqEcRF4iiVncrFAkxBAzlblGcg,I love this game,5,13,2.2,2018-10-01 04:43:59,,
gp:AOqpTOFqe3bfazdyDuAjpt06y9qW3vrq52Fe1JAPEgaVRYyzoorBNSIg9L8cVz1EQujQlAfMfhPwtOkrB6Dgdw,Steve Clark,https://play-lh.googleusercontent.com/-jKk5TGzTzls/AAAAAAAAAAI/AAAAAAAAAAA/AMZuucnbF7EY0zTrLLbdmE5iNeBDROUE8g/photo.jpg,ilove it😍😍👍👍💟💟,5,1,2.2,2018-09-23 13:59:44,,
gp:AOqpTOEZ2BMsF2wVYvwvUuEU-y9J1IxSALBIv8ieV5MfB5iXHcV4Zj-vYFpUoqnIbykYdyYyKB5VSHP6lGRTmQ,Deann Daniels,https://play-lh.googleusercontent.com/a-/AOh14Gh8-wWIbDVOCtaXpj4LixZ5g7QueY9G095P6XpE,It's so fun but it gets a little boring somtime's,5,21,,2018-09-17 14:44:20,,
gp:AOqpTOGifoeemROmwm0T6O7lZ2RtZSYrt68NTzonMGLQYPRYPmxKuebS_utwxcAY9Hd2WGRPw6SsvPO6-EDtYw,Chelsea Schaar,https://play-lh.googleusercontent.com/a-/AOh14GiBfeIPfqieEtBOFSqBkVAIoKaE92aAJdxLQNbZKA,Amazing,5,1,2.2,2018-08-24 13:39:17,,
gp:AOqpTOHE3VY-olVTk11ZRt89Yppt-wq8q5gAMakVLkdI6X3I9owa1prUQTGBxj6UAzfwgCfrzopGDb_8dRKvnQ,April Carroll,https://play-lh.googleusercontent.com/-RU6ryUp2Cks/AAAAAAAAAAI/AAAAAAAAAAA/AMZuucn8VTafzm8y-T6WqgSKSURNKCeztg/photo.jpg,SO CUTE!,5,1,2.2,2018-08-04 08:37:08,,
gp:AOqpTOHwIQU1PkAseVeDvERlgR7VD4JTb8bUbxlIpmKzfsM5h5BkUEpCwNYgQVL_9S4lYfcC2-otLrWcs0g3DQ,Caramelonade *,https://play-lh.googleusercontent.com/a-/AOh14GgoiHGycAkYzBCxWdk1X-j1TMMzKQSXok4FDctU8w,"I HAVE FIVE OF UR GAMES AND THEY R ABSOLUTELY FANOMINAL IM TEN AND I HABE 
BEEN PLAYING UR GAMES FOR 8 YEARS AND I LOVE THIS ONE THE MOST KEEP UP THE 
GOOD WORK",5,14,2.2,2018-08-01 09:09:22,,
gp:AOqpTOGuxdrmseRrblnhiuQhxrDPCcgPacDzb9HRt1IhsG1yTP9iODtmuWYUo61RGpT8saad_Jv3Vb8My8Mp6g,A Google user,https://play-lh.googleusercontent.com/EGemoI2NTXmTsBVtJqk8jxF9rh8ApRWfsIMQSt2uE4OcpQqbFu7f7NbTK05lx80nuSijCz7sc3a277R67g,It's very good app,5,1,2.2,2018-07-31 21:18:05,,
gp:AOqpTOHeAJJeqOdcVRpRdgnSnvhs4k8tS494C2NW1d7WXxJ0XskXbpFso0rNq4hIhi0lKTld91ny_xLQrBFeVw,Massood Sam,https://play-lh.googleusercontent.com/-VJwiHvMGNL4/AAAAAAAAAAI/AAAAAAAAAAA/AMZuuclDKAYI6f-gG-ADRCAJfrvTymQXvA/photo.jpg,"I like it its just the controls i sometimes mess up on and i dont like it 
much cause it sorta boring ottherwise i like it",4,5,2.2,2018-07-23 06:11:08,,
gp:AOqpTOFUgWU-iyKMdm5GL7jCIwldu0geDqvNMncK7TwAiyE8YcDuj8FEaZLPcZNRRg5skc_FgS5Sh2dm07IiXw,Michelle Brazfield Brazfield,https://play-lh.googleusercontent.com/a-/AOh14Gi_JIsINkDTh9SdssBGHzRx_ee8V6e8kccKoj1gng,I love it,5,2,2.2,2018-07-07 13:24:12,,
gp:AOqpTOEOG4U4wDtL-B6OBUS0PjKGtK_iqKTRPJtQllNYsk71kauzORaB_gXzMT7GjAbnGOEgIAeFDBKrl1Ygvw,Sophia Rintrona,https://play-lh.googleusercontent.com/-jlyS4ogC6zo/AAAAAAAAAAI/AAAAAAAAAAA/AMZuucnfEljFGpvnQziATG5K-dxP6gjF_w/photo.jpg,"I think you made a wonderful game I have played it so much. Ever since I 
was little and now I'm bigger and I still love the game it's awesome!",5,0,,2018-06-30 07:22:22,,
gp:AOqpTOG1bHCcv-qzLc7dAfj336ReqCUOkvG4CtJ89rvVgUwdzjjYLmrVrad3aTp9d1Itowi1kvNWFiSghPx5Lg,itsmethegeek hi,https://play-lh.googleusercontent.com/a-/AOh14GicMAkUM7zDPcpTyDv_ytcIvHRVA_Rbx6CmDg8Vgw,Its ok and i like it and also i an 5,5,3,2.2,2018-06-21 13:27:19,,
gp:AOqpTOHpSTfOydLEKu-fkLLEUKejtMjDob6A2PDrbvYoVG8jM2Q2vc-RNJ5D19rHGAgx_kvAJwq_9RsHd0xx7g,Yomi,https://play-lh.googleusercontent.com/a-/AOh14Ggv9XCWl8u5L5JB_HKjfIoYLdk-NTvrn0lcIFnvLA,So fun,5,2,2.2,2018-06-17 11:27:34,,
gp:AOqpTOGW9rgo8qAWq58OIOyKPQNRf0rcIoaFx4x9mH_UxwoiWKPpxQgMEUYHhviMQOAEZ9KjHS5OWbVTZj1SdA,Michael McClure,https://play-lh.googleusercontent.com/-R3iJejKtLbI/AAAAAAAAAAI/AAAAAAAAAAA/AMZuucnBO6tpRbY77uX4a2LzmQVnhKTIxQ/photo.jpg,Its good😊,5,2,2.2,2018-03-12 13:31:00,,
gp:AOqpTOGldnDYpimqiR1rINoqTfk8vJ9WwCU3N0NG--aIRASkcFaf4BvtcsNhKbogny1HkCtrm8KwyYN_lsgBbQ,Hajime Hinata -.-,https://play-lh.googleusercontent.com/a-/AOh14GhDDxwngiGPx40eAcamKdriBMFQ2zfm0ZcaJ_WSkw,Awesome game! I love it its so cute☺,5,1,2.2,2018-02-20 20:28:11,,
gp:AOqpTOFx1etiTHMG2x0tyCiq8u7F7M0ymwRDS1rEKzWrPNlu6-mIUzmZcXFrVYMrs4hB5IFmLRlwYBwlAopYXA,Reina Franco,https://play-lh.googleusercontent.com/-rjvwTeRqrU0/AAAAAAAAAAI/AAAAAAAAAAA/AMZuuckoDW0ECUzoBqx9KxNgKlcT2zTApA/photo.jpg,Cute baby's,5,1,2.2,2018-02-10 15:09:19,,
gp:AOqpTOGSuFGHz1t7tew9i3SE9BjRv5vssWc96zNonTAMQ3XBnTB2esOwtsplpp1BQ11_U9Ox_bqmNEwgBh0ZNg,A Google user,https://play-lh.googleusercontent.com/EGemoI2NTXmTsBVtJqk8jxF9rh8ApRWfsIMQSt2uE4OcpQqbFu7f7NbTK05lx80nuSijCz7sc3a277R67g,I love it,5,2,2.2,2018-01-30 18:04:53,,
gp:AOqpTOFWtYt2g2gBYpFIsjIJpY6_Nk4uynhxi1TkEc-Ki_uuxN_6iCg3MQB9MXkrpTQJJgZCEr4IPQjJhNH20w,kawii_ puppy,https://play-lh.googleusercontent.com/a-/AOh14GgchjDN10U0ShyqiCG6gFdjrC0XMknvfkKhx77hPw,IM IN LOVE,5,1,2.2,2018-01-14 09:33:20,,
gp:AOqpTOF2d4JTmPzq_9eHWnsvfLMs538RR-MROm3s8q32Tm8XQFVTsIrkOw6IpyjKKSsn1qaXpnFtNTKH0UFm_g,AngelAshStories,https://play-lh.googleusercontent.com/a-/AOh14GhIZR7UmdKKLJ1s3lZHzRMOwyfkmxFaPchRA7eCpw,I like it because how cool that when you play you can pretend that your babys in daycare. LOVE IT,4,0,,2018-01-10 13:43:27,,
gp:AOqpTOFllVn2Yzd91aJCZpcu2285xSFC5DUeGTpiGSRJ7ezsDcz5QaxgjwOKrr2sixa3PNvU0w75KTX70lQgIg,GoAway,https://play-lh.googleusercontent.com/a-/AOh14GhNTvzZril0IiIqu30BbuAWHgyjwbRMicvlu83Aog,It's really bad.,1,1,2.2,2017-12-30 09:25:16,,
gp:AOqpTOHpvePwj8rGOEpIptIGyyOHZcUVieg39EDFZAf7__DJnhrVx0wugU0YxNZPgCVR2fM_wJCcnrExvaP9xA,Jo O,https://play-lh.googleusercontent.com/-wlObJAwWzJo/AAAAAAAAAAI/AAAAAAAAAAA/AMZuuclA0Ba6pboLwQQqcIGi8shjaZFk6g/photo.jpg,I am 8 years old and I still play it,5,2,2.2,2017-12-22 12:24:47,,
gp:AOqpTOH-yEv-k58skVhTAvwLVpYLASTTtsZndx3ox7AEytQCwBTBTnJCa9k6THnKruIYHKyvi2qmYlKS8zsi4g,bo luke,https://play-lh.googleusercontent.com/a-/AOh14GjWotQQsUcW6b3Rq2o0p8sMfLpZZzraMHVbcSyFvA,It's a cool ap.,5,0,2.2,2017-12-01 06:41:57,,
gp:AOqpTOG_TXPPfRk0GyhZxLJmkQPYNK6zbUdKnjAXEh6uhJ2yI7-SAi1ozaoivCDao_ctA7RVZLdv_EX7zO9CRg,Kristopher Good,https://play-lh.googleusercontent.com/a-/AOh14GihRJMPR8-LmPo6YSRoe8uH0Ue_8xW-StDfl7b5Gw,It is good but I think it is a baby game,5,0,,2017-11-22 10:19:22,,
gp:AOqpTOF3uqbzZ3Cb9nZ_JvFJs1hrJH9V-trYoi-A8Tsway23IYOkBKRg60rV6wb-UjGkZhxbjmzWlLIeem2SPw,A Google user,https://play-lh.googleusercontent.com/EGemoI2NTXmTsBVtJqk8jxF9rh8ApRWfsIMQSt2uE4OcpQqbFu7f7NbTK05lx80nuSijCz7sc3a277R67g,Its so fun you guys buy it right now because you can go out side and you can do bands with the animals baby's  and you can feed them to and you can make them play with toys and you can dress them but  you can only do hats. You can also have lots of fun playing it so buy it right now cause my sister wanted me to right all of this because my sister loves this game so much that's why I wrote so much about this game.,5,88,2.2,2017-11-14 08:53:41,,
gp:AOqpTOFPPRkS_xJKTIPYCTAa_0ZHiN-q6wnS6UC7dK0_zm2A_XSvIV_stzx1bpgru8SLnwD3pXScAAz8j0mVrQ,Maddy Ringer,https://play-lh.googleusercontent.com/a-/AOh14GjJb-btIEV6-SlLU8QIRgP3cmE8PaaXhiyPIL9Qog,"How do I refund it? I used to play it when I was younger and now that I had money I bought the full version. But, it's not like how I remember and I wish to refund it. It's been over 48 hours. :/",2,3,,2017-11-06 04:00:03,,
gp:AOqpTOHsyY5eSVv4iholpyz2lYpOLZrBD0JSI0oWBb9Wu3gu98omREjZ0ub-WjW8YYphcvNcNz2p-BMx-bQ8IQ,Mel E,https://play-lh.googleusercontent.com/a-/AOh14Gj5tw4oZfyuLNYHRO5JjaCVzaLL33wzXUTyOlsY274,Best app ever,5,1,2.2,2017-10-29 10:01:53,,
gp:AOqpTOEsIe4w2jVhuWvKkLyvVP2FzfEr2cgjJaFpoGRGpzVxb3W14EEAlT2i8QpIDvZcD4eRS8J2CaRgjsEVtA,Angel kho,https://play-lh.googleusercontent.com/-sO4aXffNmJg/AAAAAAAAAAI/AAAAAAAAMXY/AMZuuclX638yCLYSPOT5Cx3yIeMoKGwmyQ/photo.jpg,THIS IS SUCH A BAD GAME ITS BORING I CANT EVENGT A REFUND 😠😠😠😠😠😠😠😡😡😡😡😡😖😖😖😖,1,1,,2017-09-21 01:13:54,,
gp:AOqpTOFyda2PWBloZsdcXH4l-wpG1MInqx-lXkHSFxOB6A8UQNE2A3NgOS8rXKekFTZ99oGk9JuPqvDfWkcUKg,Marisa Joy,https://play-lh.googleusercontent.com/a-/AOh14GgYf3wf06RmZrT9h1rva56LL5WSMs7RbW6TvPaMdp4,Loved it  so much,5,1,2.2,2017-09-06 14:35:00,,
gp:AOqpTOG09TmEDbYMSvFdmc07fBKtilFVHxSAMce_HyjBWBGZJgPfVXTeP6yBjXqDVlEkOHPg-ZJs3jAwgTlPIg,A Google user,https://play-lh.googleusercontent.com/EGemoI2NTXmTsBVtJqk8jxF9rh8ApRWfsIMQSt2uE4OcpQqbFu7f7NbTK05lx80nuSijCz7sc3a277R67g,I love it,5,2,2.2,2017-08-27 16:53:44,,
gp:AOqpTOGoQU4zHkapkHrthkgDPvIM0as9fl2nsx5_mVHsKVfIIZ5V-83eH9Grw31MHjUaNeUN6myunmL9kU4qUA,Primo Aurelius,https://play-lh.googleusercontent.com/--VtPc6_zn5w/AAAAAAAAAAI/AAAAAAAAAAA/AMZuuck0F9Qnn--VDZcv2GCK0Uc3ORxWYw/photo.jpg,I love,5,2,2.2,2017-08-06 13:50:44,,
gp:AOqpTOGaU9j1NuTBNcUkvr1TAnvHQmQuQMRNwZA8Dfjxsssh55i34MqaVmglQGY99hOht0iIH-DhFIy7RxJiwg,A Google user,https://play-lh.googleusercontent.com/EGemoI2NTXmTsBVtJqk8jxF9rh8ApRWfsIMQSt2uE4OcpQqbFu7f7NbTK05lx80nuSijCz7sc3a277R67g,I LOVE THIS GAME IT IS SO FUN IT HELPS ME CALM DOWN WHEN I GET ANGRY💜💜💜💜💜💜💜💜💜💜💜💜💜💜💜💜💜💜💜💜💜💜💜💜💜💜💜💜💜💜💜💜💜💜💜💜💜💜💜💜💜💜💜💜💜💜💜💜💜💜💜💜💜💜💜💜💜💜💜💜💜💜💜💜💜💜💜💜💜💜💜💜💜💜💜💜💜,5,1,2.2,2017-08-03 03:27:11,,
gp:AOqpTOGTqd7YAZrlAQprUbMGr1f0o0HXEaxf5nBnxSOInQx8B3eTwIpMIe61BAyyMLoqL1AtjSnFHMVdJ3NJyA,Emel Peach,https://play-lh.googleusercontent.com/-SUXAZU54mPI/AAAAAAAAAAI/AAAAAAAAAAA/AMZuucl-oPt3EFoknmgd5XFwbyPM7Yw5XA/photo.jpg,Turd,5,1,2.2,2017-07-30 05:46:36,,
gp:AOqpTOGBiD5TFijRx8j5fKg7iGQha8rUmILXaKkHlL_H7yCAXrrydsykRZJ-GUYWMYhOr0ckXG8bl8swJq62-w,A Google user,https://play-lh.googleusercontent.com/EGemoI2NTXmTsBVtJqk8jxF9rh8ApRWfsIMQSt2uE4OcpQqbFu7f7NbTK05lx80nuSijCz7sc3a277R67g,I love it,5,2,2.2,2017-07-13 08:58:38,,
gp:AOqpTOFAbIwpalFctfq0GyfpRiNJyHLIZR8UWuFCey6Ds7Q87b5lVJbpMKl2Mf5ColDxqgaxHT76bCVn12MADQ,sweet candy girl kitten,https://play-lh.googleusercontent.com/a-/AOh14GhbiXbomHQbIrjnfNW-jP4qAyclSrBs72CZARANlQ,It's so good i play it every day💜💜💜💜💜💜💜💜💜😌☺,5,1,2.2,2017-07-03 14:42:56,,
gp:AOqpTOF_riasncshMN9xmF2RNxj3isZhBYwsLZVbktkIaH3z5xMFdKOUZJAvZMMP2ReeFm-gCBovm5yKMeMHJQ,Imani Wilson,https://play-lh.googleusercontent.com/a-/AOh14GgOk4o1ayePX8kZhcUiwmWuLVYpHRTYDEtmRx-96A,I love I,5,2,2.2,2017-06-23 15:17:01,,
gp:AOqpTOGCqWRhx5pu56-BaSZ7cwl4ZpZYpPLHmJ0FqnRUe7GhvFfWaNMiOPI9bdgglGI_lTzPHsizq5RvlcTMSQ,Chet Dodson,https://play-lh.googleusercontent.com/a-/AOh14GiR5UVcsVVAgX0K-KpFlm3YkCKDDZCVBPz7Yj7lkA,I love everything about this game the only thing that should be added is a bathroom and that he parents pick them up. Thank you,5,17,2.2,2017-06-04 07:49:36,,
gp:AOqpTOHHyomf43q19hCPTCwTfkwOLD-rq2D2HKzaPlNq_BmJYialxeGdI9Wrl3_pPOXwL64I8L_vrbIvEyDhTg,Sharon Huffstutler,https://play-lh.googleusercontent.com/a-/AOh14Gip3TiX9bIifKa_OQVYcIx-VROQye1xehmuIUywLA,It's a good game for little ones  mt little brother love's it,5,1,2.2,2017-05-19 12:20:48,,
gp:AOqpTOHHxnhPpBIxapi0keB0nmaWvJXyP44zGIJ7XmekTP0Kt3yzzP7uCzvWicZ5gn4WlyCoMTTBsmofgXkJBA,Grace Perry,https://play-lh.googleusercontent.com/a-/AOh14GhnArkaQ-I1Mn4JkSs--VtWHAb4VLV8NAAN1H2vDqw,Tis game is tafea. Acjxjgjf,5,2,2.2,2017-05-14 14:21:17,,
gp:AOqpTOGDTjc9qUUrzLUW7_yakh6ge9aiifM7cAPVEB9jReY8OE9WW3-mZzM2BAS4VzddoKfSIE66TbPd-FPSvA,Mary Blair,https://play-lh.googleusercontent.com/a-/AOh14Gg58sCkieT9xlcXJx24H3H0q4BgmalnLCjUP895VZ4,My daughter and I LOVE Dr Panda games and this is one of our favorites. Its just fun to play and the characters are adorable ❤,5,18,2.2,2017-05-07 09:33:04,,
gp:AOqpTOFC3QU0UziwPTIoCZyUt1BsJiN9iUqX4IDAJYO-qzxnbGvD9yAx7gYj9QZDb7_KkecuklQUg1aLC_CfIQ,A Google user,https://play-lh.googleusercontent.com/EGemoI2NTXmTsBVtJqk8jxF9rh8ApRWfsIMQSt2uE4OcpQqbFu7f7NbTK05lx80nuSijCz7sc3a277R67g,Its really fun because u can give the kids naptime and feed them are they are not like feed then nap its like you do what u want to do,5,14,2.2,2017-04-22 05:59:44,,
gp:AOqpTOEcSqblGMzNnjx75a6Nbt0rSZbQKxn0-nJJyg_C_y3qe8WiAahYgvV1-wR_31161dXCN4SkZCUTt8uhRA,Destiny Asbury,https://play-lh.googleusercontent.com/a-/AOh14GhdxpjlBwCJUrIqwUI7U2pMJNFe_1zsgSkjngTGWw,Its a cool little kids game its worth the money,5,9,2.2,2017-04-13 18:44:00,,
gp:AOqpTOFRahX80gUNXPg2S6ZDnfccXy_gR1OeD9_5r4QQIQ166N8lJshUr4zuP9NnkSt_jOuVGFwVQ41-_GNtjg,Aidan M.,https://play-lh.googleusercontent.com/a-/AOh14GhIV2jFQYWVyT0_F9CyJ_xFuPWIurfLN0QP1fzMPg,I love playing and taking care of the baby animals it so much fun and it doesn't take up much space on your device 😊😊😊😊😊😊😊😃😃😃😃😃😃😃😄😄😄😄😄😄😄😁😁😁😁😁😁😁😀😀😀😀😀😀,5,9,2.2,2017-04-07 17:33:29,,
gp:AOqpTOFcvwEPAE_6lvbCetARhtaaDksJoGIeIqTBPQ8dmkJIXOE3Ck8LF86_0iJGKxd8hTFdXpB-zdqKW6yJqw,JHIFFOO SNEEZE,https://play-lh.googleusercontent.com/a-/AOh14Gh1INQcumezQ6L9ZOhMeiOB2TT40Y_8gBahfWjYFw,I like this game!,5,4,2.2,2017-04-02 01:13:04,,
gp:AOqpTOHca-2xdPX1FSVEh9030xhlDf92TzHCglyRJOFFueD8RuRZoUgTkosI5O3MDqUj4SHnvMnVLby5gGWE3Q,R L,https://play-lh.googleusercontent.com/-dv790D1JwpM/AAAAAAAAAAI/AAAAAAAAPJs/AMZuuclHCRt6utTxz04s3B2QIHq3f7EKHA/photo.jpg,Dr panda daycare is so a wonderful game. I like it.,4,1,2.2,2017-03-24 19:47:19,,
gp:AOqpTOFHAc_alkL5kwjnfc55swBAQah7PrPX_7ysTwFWE3fJwQ7EeFTWOQ_QJkwo6n-wk4JRZhrqON7-tGzC4A,Tristian Williams,https://play-lh.googleusercontent.com/a-/AOh14GiKHwKktOIS8f4J2wWEfms0Wu6D_sA7yN5XXdTthw,"I think Dr Panda daycare is creative mostly what a really daycare does ( plays,eat lunch,sleep,play until your parents get THERE.)",4,24,2.2,2017-03-13 10:35:04,,
gp:AOqpTOHdJzsbjdYndg0_uX5SjonJrIBukwcGumT6lAk2CFKLF298Q94d5jFPGMOi8KZuEY-71NDBjQr9beaHyA,Madelyn Cruz,https://play-lh.googleusercontent.com/a-/AOh14Ghkas8NaN5ezwlmXAZimvlpPZ-1dxrmn2JEU7vIuPM,"I love it,it is sooo fun",5,1,2.2,2017-03-10 05:22:33,,
gp:AOqpTOFZMrlb4RLxjj_Xwsd87Jz_Ls_SBRj5oGRwQ1QIo-ERrZKqX3Y2UdDD-R-zEyfATcQ5oChPEteLLBUWKA,Little Scrach 15297,https://play-lh.googleusercontent.com/-SW3X5UNBOQ0/AAAAAAAAAAI/AAAAAAAAAAA/AMZuuckfa_uGNm0vPRj7Zg5CO1_rcokQLg/photo.jpg,It's really fun to play I love it!!!😍😍,5,3,2.2,2017-03-02 13:31:07,,
gp:AOqpTOENbNAzNgVDMmNyTzEC42JnNXAZ61_txR88dhx1a1ZvtcSWDD7LUmog9maORKrK-JSD6sN7vLzeIBUDLw,A Google user,https://play-lh.googleusercontent.com/EGemoI2NTXmTsBVtJqk8jxF9rh8ApRWfsIMQSt2uE4OcpQqbFu7f7NbTK05lx80nuSijCz7sc3a277R67g,It got boring really fast and it gliches  .,1,1,,2017-01-21 02:22:32,,
gp:AOqpTOH8Ap3n25lN75_fw__qod3u5B1W1Yc84MJabj3i4MpAZZdLQONEooTEoyXrmXOPUYrLwD5_Quxzhc3spA,Daisy Peoples,https://play-lh.googleusercontent.com/-NPPUU9s1xg0/AAAAAAAAAAI/AAAAAAAAAAA/AMZuuck-fUlJrqlhzVPlKh1Uhq7XGwOU5w/photo.jpg,Dr padas day care,5,2,2.2,2017-01-02 09:33:18,,
gp:AOqpTOEAfLYvtaPNTSZv4FEtM4PvEv860LMvy_2Jlkd01RBHLyb6uUTRCqYjjuFeUCc5femjOvPxNHoRzFba2Q,A Google user,https://play-lh.googleusercontent.com/EGemoI2NTXmTsBVtJqk8jxF9rh8ApRWfsIMQSt2uE4OcpQqbFu7f7NbTK05lx80nuSijCz7sc3a277R67g,Best game ever the kitten and the monkey are cute,5,0,,2017-01-01 14:49:35,,
gp:AOqpTOHf90KDxPIfT3mpn8sbTBaf_O2kD5D27QwwYFwjvV-7r3P0SmpdgCGHAdt8ohd4Vj1XpW836vGvzO1uaw,Catty the cooler,https://play-lh.googleusercontent.com/a-/AOh14GibRxqb4yyc_b_zUh9rwfaJa1F63B_S3jZGnk-SRgI,I love Dr panda 🐼,5,1,2.2,2016-12-31 18:53:17,,
gp:AOqpTOFE1XXdWWV4Z4Go0AlrR2r_uG5pCrRJoxhuKkFDek-KBjnBiO5AQVF8HNIFhvkmNwM17nPhhocxWOmPOg,RUDY HARTANTIO,https://play-lh.googleusercontent.com/-MLOyqrXHB1o/AAAAAAAAAAI/AAAAAAAAJeQ/AMZuucncrKfwe4Plhfi8TfJzmXw98WOcqg/photo.jpg,It so Fun,5,3,2.2,2016-12-26 16:51:51,,
gp:AOqpTOH33RDj_yjvrXHp9sk6SAOS9enAo7mr-ScCYOVy_zJxxa_P5LzE6fEIZ3B03ZBZ0veUfC9H9KqTfLma9w,Nathan Boyd,https://play-lh.googleusercontent.com/a-/AOh14GiyFLVf0mIV5vOVtZe6JFabSWLiS8uUTzDiEDfYsQ,Wow,5,1,2.2,2016-12-06 17:41:49,,
gp:AOqpTOHzo5HhTpgBlZ4Yx7nRWK5UwIotpbFH73KziXLSaAgXtZa2OZYy896RwO1_3GwZY96mrEBFHVdc9Zgc1g,Liane Caughie,https://play-lh.googleusercontent.com/-4cu6EFMkiRU/AAAAAAAAAAI/AAAAAAAAAAA/AMZuuclEOCxfJ4IwAx9MR7IjJI_6EdWiww/photo.jpg,thanks,5,7,2.2,2016-12-03 08:56:56,,
gp:AOqpTOFgzdwGhSGgNZORnHOEDiKQ3OtCgCCs_c42mRvjRxbG_dE5Dga5oN1SEThFSUhwjjMT_kliS6TbWYd5hw,Marcia Holden,https://play-lh.googleusercontent.com/a-/AOh14GhJrqSAZ753vrbn7IGDFX-RJsNPlK7uVeTgrAn07w,It's so cute but it cost 3 bucks but it unlocks everything,5,5,2.2,2016-11-23 11:29:31,,
gp:AOqpTOH200GJTvoGO3Hi37CXZG6yoSRuxBLB_CR3rfX5-qvjCfr4oaE9cYUL1Dhnt0ODqkKQuLFHVkhkcEvQIg,Leslie Romero,https://play-lh.googleusercontent.com/a-/AOh14GgH6wFsEp-MUKZSoyTtWSKi8TlM83HANdxNxF9M,It is fun to play,5,3,2.2,2016-11-13 18:41:45,,
gp:AOqpTOFMkWwInof__iHaPm-RsPq5Hv5chtM38AeTYeIY2J99QqdRnhXwAlRzFip2G8aPiogLba4nmAmODDC51g,XxVortexYTxX,https://play-lh.googleusercontent.com/a-/AOh14GjcJlZnAAe1EWI2oN8W3M1IoM5GkRk4kToAEtUSmg,It could be better,5,1,,2016-11-11 13:56:07,,
gp:AOqpTOGvIQYOUNSgZLpHcKFSF_uoct2E5W8vAnP5XyV2W1qTBo8YGSO_oZMpr5iSS9HJJ3Lt4pkN083Ox5W7Kw,Sienna Dixon,https://play-lh.googleusercontent.com/-bBDouZJmycM/AAAAAAAAAAI/AAAAAAAAAAA/AMZuuclqgY8GKFCkPlrCT6VaQm8EKXWZGg/photo.jpg,It's good for 6 to 9 to play on but they don't learn enemy thing,3,8,2.2,2016-10-27 00:13:44,,
gp:AOqpTOGeF81BGhJ7zQuYNIM8joPBxnbC4lzXsIQEQWj4ywPalJsMk7_hhIVdqIjzjBVt-autONmHOj39nlIFdA,Pᴏᴘsɪᴄʟᴇ_ʟᴀʏʟᴀ,https://play-lh.googleusercontent.com/a-/AOh14Gguow30ectvwXn2K10EVQ9vspq9Fbye3dzytNmMow,I loved it,5,1,2.2,2016-10-03 05:51:41,,
gp:AOqpTOF-ta57dWEcKlUCBD9_wRGUTlTvsmELS4UNCgu6IluiKVOW8HtgcQXHY_ovHzteW_JWScSXm2Eatqa0MQ,Robert Medina,https://play-lh.googleusercontent.com/-tt7PNsDhtaw/AAAAAAAAAAI/AAAAAAAAAAA/AMZuuclnLfe3IMEbG5_Fzh06n15GmHcefg/photo.jpg,Great for kids,5,1,2.2,2016-10-01 00:08:05,,
gp:AOqpTOHKTir_rgl48oRgNbHtlO5y1_UM_JMbPK5H-abCZOTILOEQPCCf_DyIJk-BIJfWpy3ckiq8kQuwDWDqJg,Meg Brown,https://play-lh.googleusercontent.com/-TYEuaQ2_a2I/AAAAAAAAAAI/AAAAAAAAAAA/AMZuucmncmZbkF8BgnMdNAumG_q9cEpjcg/photo.jpg,This  game is the  best ever,5,9,2.2,2016-09-25 10:53:48,,
gp:AOqpTOE2iINg9ydJhjo0ggVunIigQuDvdopCupFXKGCtCGE1YZrMce3N0Mh-jq4fFdDxiXrPP4Prgdyfn4QNAw,Javier Garcia,https://play-lh.googleusercontent.com/a-/AOh14GjqPBv6627_Zsm0rhNrWzTnUqY1YrQ0rF1C2FbG,Nothing,5,8,2.2,2016-09-16 16:48:30,,
gp:AOqpTOHPWCwz8mX2fz6Ict6DNOn0e8sT9jha0I7GdPVkBU-BQ335pKcQ4XbDBCeJJ1-eOPTEnBe-zxTfrZKxKw,Olivia Lindsey,https://play-lh.googleusercontent.com/a-/AOh14Gh-bxCRGzTUdqgFQ3n0H_pejHlkmBRJQYP2afeR,Dr. Panda made my childhood,5,7,2.2,2016-09-16 14:40:29,,
gp:AOqpTOHETrkkTlBv7jj_41TlspqC4LWcsmzP5c9H4DvmvIN8Vd2hiIbfMiVrMYq45FFl86CIjNb3iTlH-uwmNA,Brett Bly,https://play-lh.googleusercontent.com/-8HRVwvlarEk/AAAAAAAAAAI/AAAAAAAAAAA/AMZuucnBPlh4wFo6FJaV6p2SWvJNkfHarQ/photo.jpg,I   love  it,5,10,2.2,2016-09-13 17:31:58,,
gp:AOqpTOFZzE4Ibi4aQkfIYRkQrOJcPDuBG_EE__-E-o1D1odA6AlFiIlVOzarBIhirQj7mrRz4BxXYQRxtv2mJA,Noreen Jeffers,https://play-lh.googleusercontent.com/-uqAe-DxVmoQ/AAAAAAAAAAI/AAAAAAAAAAA/AMZuuckutPa4ZHRSN9R75QPk9ix2aYvyxA/photo.jpg,It's OK but could you let children go on day trips to,4,12,2.2,2016-09-10 01:09:55,,
gp:AOqpTOGccN8kCbazg7KtVs1heXL4tfMH9kA31AfVbkocQfE1qG8s72oUjzDLg1kC1OdlV3EkC927ZfS-5bbYAQ,Robert Sutton,https://play-lh.googleusercontent.com/a-/AOh14GgR57pZR_B0lgEfYHr8Lkumg_65hvvo1PJaUgVFzA,I love it,5,1,,2016-09-08 02:20:35,,
gp:AOqpTOFijyZWrUxx7qHrEhlYZf7FUh_eIMBaHIl_BwxDgiNzKKXZfGWfGB3h77V3ydvv50Hy7xN9aLAY5ivgrg,We WroNg,https://play-lh.googleusercontent.com/a-/AOh14GjxU94XPBDIxnx_ksPEMcPS3RgFJmb7_6wyUUMAFWg,It start all over  again,3,1,1.9,2016-09-05 20:02:09,,
gp:AOqpTOGz9hUyM2fZckmx-dcxeLgXU4QRZjHRwydPlTcUyZT8eYha8YTYc8j1GEKz6kuTm6O7enpQ56seSZhWKA,salt,https://play-lh.googleusercontent.com/a-/AOh14GhTrrivl_tKrZrq-1rnLF-23VIlJ82Qp23vdMbpbg,:,3,2,2.2,2016-08-26 00:52:30,,
gp:AOqpTOGLE_drwcGfQurH3rJS0teSvybHbePZiYEiVPm4IRK9HC3ViIhzyd5mO6rNpNSWi1bpnWgo9qwyie2lCQ,Chloe Hunt,https://play-lh.googleusercontent.com/-EjWwd5jJMIY/AAAAAAAAAAI/AAAAAAAAAAA/AMZuucnnidE1rrLJoVzM2ee8nMSqOyq_4g/photo.jpg,I love the game but it would be cool if their was a bathroom and the parents could pick the. Up and the could go on trips,5,21,2.2,2016-08-18 01:38:56,,
gp:AOqpTOFhW5-XueYmakuSeSoSIgcq9XLu4zUeZY8a9Anvkt2b0jMNtxD1IdxPLjMuFOIj6vDS6UYGQzPraqrrtA,LaylaTheLoofa,https://play-lh.googleusercontent.com/a-/AOh14GhlSr5SnXY_4ToL0KxMXw1f7jzeoOU7tN4QeG0igd8,(Written by an 8 year old) I love this app.... I have 2 play it now,5,20,2.2,2016-08-06 15:26:48,,
gp:AOqpTOFwLYrJnwcpdGHJjVwYMaducxV8Lv6otylaQ3V8Z9LvrN3FsGaiQ0JcnVsH6gR5GNcUXhpXWu2srR2O9Q,Ava Roper,https://play-lh.googleusercontent.com/a-/AOh14GiKSYDCs6oKCF0Ds3lxAtSeIUEO4XB1-lxzZdbZyg,"I may be 10, but this game is epic!I had  a 6 hour journey in the car up to Scotland and for 3 hours I played this!5 stars!!!☺☺☺",5,16,2.2,2016-08-06 01:22:45,,
gp:AOqpTOH1QVcRYtPI5AqwqfbNAu-agtpOLc1gZ3nluzhAi_N7W1Y_T_tKsEvIK0YLI52t9yidd3A58Uqu6TG3Dg,Israel Butler,https://play-lh.googleusercontent.com/-fsrctU9wLB0/AAAAAAAAAAI/AAAAAAAAAAA/AMZuucmo4y7kOrMTwyL-TJ361klYPxZvRQ/photo.jpg,"Could be better if the parents pick them up, but other wise, IT'S GREAT!!:3",5,17,2.2,2016-08-03 10:02:39,,
gp:AOqpTOGURa8NdcSo7pou9thdGVIi84IObm8cuvr1DLkHvt8ivF8PdJyMezAQNaedbxMizbxepEPQLeGD4XF2Nw,Melissa Warren,https://play-lh.googleusercontent.com/a-/AOh14GhZP9nohtX5UP7qwda07sNSiNRoPaOiIhMyGVSq,😇😇😇😇😇😇😇😇😇😇😇😇😇😇😇😇😇😇😇😇😇😇😇😇😇😇😇😇😇😇😇😇😇😇😇😇😇😇😇😇😇😇,5,0,,2016-07-30 05:05:38,,
gp:AOqpTOFxCmKvx6R3q9f0edpzqqvDyg0c0b_L3X0sSWzEfayIQ1NpVtrgQhAKArvPg9jAbWp9A6qn9dYrOtk70w,Fatima Lopez,https://play-lh.googleusercontent.com/a-/AOh14Ggau0hvOgiGU3GWLKGmq45BKI47QXja3MmiVcVq,Love it,5,5,2.2,2016-07-24 11:35:27,,
gp:AOqpTOEPB9rY-8qOHchfv2mUt6ZiVtTPSNkpPkqm5lFmx-JzwlQPMRhzDWP39UMtinkBi0aruM92--lL-Csgyg,Shanika Jones,https://play-lh.googleusercontent.com/-dWSpAGIoSqQ/AAAAAAAAAAI/AAAAAAAAAAA/AMZuuckl6i6asNCsCbeJsD16gqul44QF5Q/photo.jpg,Good for kids,5,3,2.2,2016-06-23 18:04:36,,
gp:AOqpTOG_Ckr9GIHBk4YOhT3we-6LX5l2IRRlmmBJRLylteQ6UhYl-2OdmzI4WDxGlVUrt8gpOAW5kKNYP8PbVg,theblueminecrafter MCgamerPE,https://play-lh.googleusercontent.com/-uUO7Q8pC4Fs/AAAAAAAAAAI/AAAAAAAAAAA/AMZuucmV1cp0n_wuGxtVrxMhXRby2ohXRQ/photo.jpg,Awsome,5,0,,2016-06-17 07:35:51,,
gp:AOqpTOHkZ77t3FhZDNd6TjEQ4dRuZGq2G18ccjefgUEiqnA1U-ofpj0XESQVDDfEL4EH6G8evGsLpOlNIttPDg,Vicky Farrell,https://play-lh.googleusercontent.com/a-/AOh14Gg1ecX07UTMiB1jXspGlQQWWpkGxHfwO3JvFCkM,My daughter loves this game its fun,5,3,2.2,2016-06-06 08:20:48,,
gp:AOqpTOGevrb7sLTsYnXjL_WB3E1-z4KAIf1x4zRqULVXdytCGo3yHTk_AhGA3oajVa4ReWtBKjpuvk8iZS9_pw,W,https://play-lh.googleusercontent.com/a-/AOh14GjngQSu6ivWYNhAUbAURgaAVZYD1aHl6xDBlzfyvQ,kitty kat is sooooo cute,5,1,,2016-05-19 21:19:41,,
gp:AOqpTOHsZUtPEJ7L3tkk6GKRh5M-XrfESivRlW-WO9tDj-27xMB53PtUxXAUuvULy_dAHqf2pT4mvpt93tyb5g,Shawn Pehle,https://play-lh.googleusercontent.com/a-/AOh14Gilz1MESb9VkapJ_GBBjWuknnExw011eozNeqArhw,I love it so much💟💟💟💟💟💟💟💟💟💟,5,3,2.2,2016-05-15 10:28:43,,
gp:AOqpTOHTE9KwulF-Z4Mufckf5sYVU4eVZbO4BiKJG_KgKs61kw-OukTSYRLvDPq4zi8AoGJhLbHlpoAUtOEong,Sherry K,https://play-lh.googleusercontent.com/-PQqDb8u7WSA/AAAAAAAAAAI/AAAAAAAAAAA/AMZuuclai3YkPUMIYbUsHjvhl0gLWbm_qw/photo.jpg,My Grandson loves these games. He still plays them and he is four. Thank you for the great games.,5,20,2.2,2016-05-10 13:17:54,,
gp:AOqpTOHTzyXvSHFHcBjPo7rSnXoa4KPSHjkrShDR0wiT4W8zDz9pi9wd4UoNosAnHo4-qZjt0SfA_NrOAgB96A,marsha sansculotte,https://play-lh.googleusercontent.com/-qbz7CRqIXA4/AAAAAAAAAAI/AAAAAAAAAAA/AMZuuckg7yptczlEOc8rU7CGmcs9byvAcQ/photo.jpg,I can't stop playing it's so addicting🙌🙌🙌🙌🙌🙌🙌🙌🙋🙌🙋🙌🙋🙋,5,2,2.2,2016-05-06 14:20:01,,
gp:AOqpTOGw3h0zswXiuJ_YGiCDjwatJEm8a9CSjWg1ioChihHOzYKezj_2aVluAsfeYWFY3Pdmk0LBa2UuBhPvUA,Brandon Johnson,https://play-lh.googleusercontent.com/-f86Kws0uUPE/AAAAAAAAAAI/AAAAAAAAAAA/AMZuucnsi-XM246w2GC8fLLtl4D7O_4jOg/photo.jpg,Awesomeness,5,2,2.2,2016-05-01 14:19:56,,
gp:AOqpTOEuqhhHEqQ10ndaXXwnnh9R5oMDifFTCIZyTaOBKVUrTOSYgBjnge-zRXz_5llxrudUM8fK0ixJkS_n3w,Brian Combel,https://play-lh.googleusercontent.com/-vR3XqJZKCLU/AAAAAAAAAAI/AAAAAAAAAAA/AMZuucnmciShnVIsu5U4FyxdMLyV2W1Bxw/photo.jpg,it's so fun I like the music but make the kitchen a little more cleaner,5,18,2.2,2016-04-21 07:08:07,,
gp:AOqpTOHRQEO_vo6-t21Z0jwPx3Jqt1XkVQXtPf3nP_PuANFImAGoVk7U_N8akpfh-XmgSQYFV7S1pTWwuZEaAg,joseph ralph,https://play-lh.googleusercontent.com/a-/AOh14GhbsfUesWjTKq2qultrwrOG3_ZrUSybuotTjRgdiw,Best game ever best game ever best game ever love it get this game,5,236,2.2,2016-04-09 04:14:48,,
gp:AOqpTOFUAdblfps9FWvZ_IfgdCNvLkftSM7BgPJUXOBfgwfCxORCqREtKF2YqERoQOUyotzSKHUxJReZnvrTDw,Aletha Saydee,https://play-lh.googleusercontent.com/-QCoF9moQMEI/AAAAAAAAAAI/AAAAAAAAAAA/AMZuucm0iMi31C3i3UshZt91irQ4BPyNHg/photo.jpg,Play it,5,3,2.2,2016-04-07 12:10:13,,
gp:AOqpTOHqYOpLQD3zAvpFhpbXTQeiN37ElEXg-u7m6GUapnWxh4KghvLBhXzgy0C_AkQz8MKRy8230RM9vd0fdw,AlwaysAmazingGamer 420,https://play-lh.googleusercontent.com/-FnFnneq5ZWM/AAAAAAAAAAI/AAAAAAAAAAA/AMZuucmMONA-iON57D9MAdaEMSipHWRZyg/photo.jpg,I would give 5 if I could play it      it opens then closes,3,9,2.2,2016-03-22 14:32:06,,
gp:AOqpTOHHrV0I46NnRUg2A9pklQiJR2Wv6fOAznnL37nV40l5s83WJiLBSESwTH98dlMr7kj3c51iZpXWjQolLg,rose corbeil,https://play-lh.googleusercontent.com/a-/AOh14GhNoFbVbsuSmctILLlGZswTSM9SD_7lP6eFEK8p,My grandchildren love playing with the small animal's and enjoy the activity's,5,11,2.2,2016-03-21 18:24:17,,
gp:AOqpTOGmqTgtMn4tELWIVeunO7W5o6X5hi9EzyrVrXw-nGbc28qZV5EQQfaWGI2x3SXTN-DbwCb2lTAlld3ubg,schmoups W,https://play-lh.googleusercontent.com/a-/AOh14GgO9yEhJQm6iCAZISmOqf_t_KcKyKoEic4PYZpDbA,I grew out of it,3,6,2.2,2016-03-20 09:33:26,,
gp:AOqpTOGzyXyHxo3p27mxVbmJEoL9jphcgh6paEH9DriC3ZcWpEy1bak_MJ3wWYtVoDbfPpI_Qw_q1aL66Xdc1A,Alyssa Allen,https://play-lh.googleusercontent.com/a-/AOh14Gi6z_JB1fMOAz8AkxCnYWMK5W2DsDzWgK3r4nP2Zw,I love it,5,7,2.2,2016-03-19 12:38:56,,
gp:AOqpTOHBRAaMAXWeTMTnXDlsdDIvyyZqi9R47xepI2xBZ2Hhp5D0_a0rvkfEi2myUhdfT17NKI4aGAOwnMnmRA,Leilani Pallib,https://play-lh.googleusercontent.com/a-/AOh14GgjlszPNKhEC6gGaxAsA39LSk0vXlaR84BaznCkgQ,dog 1  cat 2,5,7,2.2,2016-03-11 20:50:24,,
gp:AOqpTOHaOYjPILTbQMdk0QvN6aMQe21O5qf_F7IEwuh6_WrSjFsxVnlaax9IFUlq71lGQIhpIzeJwHUhVG6DpA,Happycatwhoisdead YT,https://play-lh.googleusercontent.com/a-/AOh14GixXGdBWb0RRV-XLhELZ8DxuZPbuLrYTd_WxlfZdA,So aousome,5,3,2.2,2016-03-06 16:24:32,,
gp:AOqpTOEXo7WLjM-uTl7dUBTKzNxJ1llsx-pCj397cjHvhNz3c0YLDYyE9XsD6-seBLS6T9hEgPELOffVtgsZ9A,Amiesha Johnson,https://play-lh.googleusercontent.com/a-/AOh14Ghp0E2al6fxW4xKPJFp9sIvNX9uuiOH6wl3TGsDxg,Sucked a bit,3,93,2.2,2016-03-05 11:53:13,,
gp:AOqpTOGbGYuuWKvGj0lPqg6sKqwM1aENqyGkyLCQC4KT5sx270yeNAYZxc9NlaDCX19Pn7nwQAtRp6JVJxy5gw,Molly Bowles,https://play-lh.googleusercontent.com/-_oiA3sbDJic/AAAAAAAAAAI/AAAAAAAAAAA/AMZuuclXTREl6bcIiYfz-15Y-M6a7vtpHw/photo.jpg,A bathroom would be so cool as well as being able to go on trips. Could you also make the parents pick them up like it's a daycare not a baby sitting place where they can stay as long as they want. Thank you.,3,156,2.2,2016-03-05 04:59:37,,
gp:AOqpTOFODo4Gt78PJfKJnCQhCeyPMCXzNVVE6ZN3_KTgly1u-O2kZjRb7jBqrpYrICtr1dRYjL_b_T9ApX0LLQ,maycie taylor,https://play-lh.googleusercontent.com/a-/AOh14GgpWD_7iBklXFy-OnDQpyg--Gi9-sRLPQfOYMuj7g,SOOOOOOOO CUTE,5,3,2.2,2016-02-27 13:15:39,,
gp:AOqpTOFiEcZQu4qOo033Q4mg9qVFlKjaiIv4yo09DKEZ-17VDnO-cqY88aWAuKOOkEJKntqCPCN6vqwuIEwZPg,Shailane Jones,https://play-lh.googleusercontent.com/a-/AOh14GhfTmJ67ACxVfipMoUSgDxLCcdEtqdoY5jBcufYLg,I like it the babies are Cutie's. And it's fun and funny,5,0,,2016-02-20 07:39:14,,
gp:AOqpTOHpg0lfBc0O0YnaMUXytC8FaZYZNW6N3LumHjGft30QJpaFROub7Ku5_93yhgoViba4iH1tVSYTN0UcMA,Mark Topley,https://play-lh.googleusercontent.com/-X-lQgHnjeOY/AAAAAAAAAAI/AAAAAAAAAAA/AMZuucnPU087CoEYpFmygqiAr_Lj-D09GQ/photo.jpg,Totally worth the money I LOVE this game!!!!,5,11,2.2,2016-02-13 03:23:49,,
gp:AOqpTOH70Ej8LYrUr3fK_3okz8X5pu_moh8G-KkrPYIW9BuvTTgUYCBKFPuK19lyBWsBI6UpZkLVMkqj1zCs8w,Hollie Simone,https://play-lh.googleusercontent.com/-Ba5rmYlicBM/AAAAAAAAAAI/AAAAAAAAAGs/AMZuucmj9L7JWIeV0N5S55eb5SdW1ZQ18Q/photo.jpg,Nice game for little ones. My 3 year old still gettinb the hang of it though.,4,17,2.2,2016-02-08 15:03:05,,
gp:AOqpTOGIJ5jzO4BOZs0LRAy78biEZeXWSnRHuAiy7Mo7s9QC6Z4wt9u9U07vxYC1SgBX7--iD1WPdHSL4tLEqA,Emily Janion,https://play-lh.googleusercontent.com/a-/AOh14GjIg5dqxT5XU5nrwCEHQQAwh7tvAM0IjG4EBk-1,Play this game,5,3,2.2,2016-02-03 09:26:29,,
gp:AOqpTOGdj4pxox21tvQk9FmSvPTN_x0lLzVvT56gr9lv9UUjfTVF4GRE1uCujiEPafJ-LsHt05wb3ALAPmekpQ,Tim P.,https://play-lh.googleusercontent.com/a-/AOh14Gi9xJgK1P1sA2HhuX7jwOrRWe4N7CiagYjPIbreJw,It is kind of boring all you do is just drag stuff on them and their parents never get them!!!!,3,47,2.2,2016-01-31 14:49:14,,
gp:AOqpTOFdAWWQx89Ye0y1tnRE44TBPuA4djUoNWYOAAtBgpwGJKpr8IMfCSn_HD9WliS9B7nECtQzNW5nSvcs6g,Jessica Lamparyk,https://play-lh.googleusercontent.com/-iX393NKLPfY/AAAAAAAAAAI/AAAAAAAAAAA/AMZuucnSpZpcBTwhQlqDVu_ExA1UDHVIQw/photo.jpg,"SO many possibilities you could choose what to do, and eat! You should get it. Never gets old.",5,25,2.2,2016-01-23 06:35:00,,
gp:AOqpTOFv-WV5v5MucZjuiZfbLv4Q7RkU2yzf2ePF4i1gXh6Rm1TJ5XAaqBdM5Bz1Tv0vqjXOYCBeAtbxkakTgQ,Galaxy star,https://play-lh.googleusercontent.com/a-/AOh14GiUYjA0OomdKIEslLyZTwpNPI6AHCOFg5ce1gaX,Love it to,5,4,2.2,2016-01-20 13:10:47,,
gp:AOqpTOFbSuPLdg17omJhlaUWzZ7kxEF5UCo3N1rfrOJZHQYi4216IDHr_buraoCUux_SnWWAdXkDymCjgLOT9A,Butterfy Amelia,https://play-lh.googleusercontent.com/a-/AOh14Gjwz_YDTpuPmZMCfMTYufPiLPbEC0OMe4JIW00j,I LOOOOOOVE IT!!!!!!!!!!!!!!!!!!!!!!!!!!!!!!!!!!!!!!!!,5,0,,2015-12-04 01:10:57,,
gp:AOqpTOHgpqR-hlG7ah_EGDPSzhX2s5v16_1zwMO0VY7fElE_0B63s_3ppsIVDaMoROK2ysEdwrwp3imScXpRNQ,Jose Carbajal,https://play-lh.googleusercontent.com/a-/AOh14GhtYd3jPaFFpLRPtM__pyac--kQL73EfdKaQIim-A,FUN!!!,5,2,2.2,2015-11-23 22:21:55,,
gp:AOqpTOHNKFjTM4VFLO-5fzQjLeGlqMXEUaYu03QDHj9Fu0_g1y078iM5mRF0KwNpAap9mhDf-nehz-_sFcldSQ,Donna Wright,https://play-lh.googleusercontent.com/a-/AOh14Gi6LhiOKd6RQF-XCchNIViikX3V1tgxpyj8IVxgaJA,Love this game! Ava age 7,5,14,2.2,2015-11-21 06:41:57,,
gp:AOqpTOHn4e4vsZv4083yW_db4GogXMwAYD-kqL6nDHIDvd-08H2DxUUt9bWepkAFuXpUqIjKlywPiy6-hNEt7g,MeltingStar31,https://play-lh.googleusercontent.com/a-/AOh14GgYxhl19-6EL19kCJp7FGAyMquM9pRo7rzrzFYJ8Q,Soo cute! I Love this game!,5,13,2.2,2015-10-31 17:25:50,,
gp:AOqpTOGhUsa_QvIWO3qN0RpJxdyVCb86PKjnc4j0rjRctXhBlZYBjK382O4_ALMMr4N4g3fSZq2x-2Jvu7QoWA,saph,https://play-lh.googleusercontent.com/a-/AOh14Gif_6GRvPq79QYjxbLF2ZTr0MxikugTGzkBoTKFQfw,I used to love this game but than I refund it but it didn't give me my money back!!!!!!!!,1,1,,2015-10-22 15:07:38,"Hello Hugo! We are sorry to hear you are having problems to get a review. Can you contact us on support@drpandagames.com telling us more about it? We'd like to help you as soon as possible! Thanks!
",2015-11-18 02:24:29
gp:AOqpTOE5QmFK5KCJSnMInPZ2j-IFjjYhhuHzSBSo3GxQAMF3X2UgtSQq0-cjzcw3ev8UpN-9bZl_SUIMO4FiOw,lesya laska,https://play-lh.googleusercontent.com/a-/AOh14Gg6XCexcUuXflrwajoKOpBhNYnz2mG5r9dCI50JcQ,"Very nicely done with attention to detail. Even I love it, not counting my kids :)",5,21,2.2,2015-10-13 21:04:44,,
gp:AOqpTOEh3j8IFCyyyyVmZG1utmOTcfH4Np6DyAsx9q3eMyLuekIvXZYT6Qr03fvMbdmo-V89_93pwbM5IF0fpA,Brooklyn Woods,https://play-lh.googleusercontent.com/a-/AOh14GhNVXKfe7FX--fOEZ0m0P8sKiqkhsfpGDt4cnolJQ,If there parents drop them off why don't they pick them back up what's so fun when their parents don't pick them up,5,74,2.2,2015-10-08 19:07:59,,
gp:AOqpTOFo7nfaYPiyfDL_LXpp6Eu1wM3PEuVn6QADEGYPYB3Czi3vu2KFDnFJOmirkjq89UCfyDnUwqCT-y29Xg,Maria Lopez,https://play-lh.googleusercontent.com/-ep39EA6FY9M/AAAAAAAAAAI/AAAAAAAAAAA/AMZuucnAwSDekD6WC8Z6-Oc-2BEZap1Fng/photo.jpg,I love the little babyes it's so cute 😄,5,18,2.2,2015-10-03 06:13:49,,
gp:AOqpTOGYXivUaphYmJERVa4HXaqJXBvBrawgHoXdsHWPr-g4-KBuNBYZWjIvYAIvuBBxlp2Xl4Upw_-fCEUpBg,LillyDaBest YT,https://play-lh.googleusercontent.com/a-/AOh14GjBcEYx8-GiRlzVZZN9mDwrcY4C-1pdHo0hvdkvgQ,Thank you :),5,2,2.2,2015-09-26 20:41:32,Hi Jessica! Thank you for taking the time to let us know about this issue. Could you possibly contact us at support@drpandagames.com and tell us more about this problem? We’ll help resolve the issue as soon as possible! Thanks – Dr. Panda Support,2015-09-21 00:47:02
gp:AOqpTOFvBClKaXoYcBv7zo2SL_sAlij04r1sFLp-A9uzDh0PBDF2H-qmeiJr9WwX2cYuHMucHB7MJbqnJbxamw,Emily Carter,https://play-lh.googleusercontent.com/-YO5ZG9qQtIY/AAAAAAAAAAI/AAAAAAAAAAA/AMZuuckkBodLuqcPyhfZHGVlnFRL3-26Yg/photo.jpg,Good,5,25,2.2,2015-09-21 18:10:40,,
gp:AOqpTOGBfgNKv8auJYhFkEesNSy4G1wYernzIqwHMJieqtN0fZYf8QKKXihfaTHWRPDoa_Ql08CsrreiNhjRtg,makenna skinny penis,https://play-lh.googleusercontent.com/a-/AOh14GiCES8FWlaMR4GpeCbHsznFMgRHnUe5fBIUZQJHQg,It's sooooooo cute and fun!!!!!! I love it sooooooo much!!!!!!!!! LOVE IT LOVE IT LOVE IT!!!!!!!,5,59,2.2,2015-09-03 17:17:36,,
gp:AOqpTOE6geCYmUxo5cRnN5ZZG3dDuCiKgxfT3G-7ytyk1bvLK9JMcH1vXgyH0MSFIOZgoHsu7TKvL2_E2mA4oQ,Zlata Sassine,https://play-lh.googleusercontent.com/a-/AOh14GgdgOmk9Bj3BiJAC21JZW-ZHSGIlnu7bLDJ7wPl,How do you feed them?:(,3,4,2.2,2015-09-03 13:32:45,,
gp:AOqpTOFp9GVeSfsg2g-4HPFb8yuKf1wecJMVelESD1vgGivY3W19ws40wl7XSjIKvB52xDyRA9qugSRlbYhAWg,Luna Huckens,https://play-lh.googleusercontent.com/-GXSWUjNvEF4/AAAAAAAAAAI/AAAAAAAAAAA/AMZuucnV8T4_fp8p9d2FYvlo3jM7WA2l9Q/photo.jpg,Amusing,5,2,2.2,2015-08-23 17:40:32,,
gp:AOqpTOFobnDy7J6SUiOOx-gXqGD7qG96jpaGaogXDXW0JwM5g8d5fB30hPdD8dFS3P-oQQYU7LosjaVZg_V1kQ,GERALD HEBERT,https://play-lh.googleusercontent.com/-qhiEUlVKa9c/AAAAAAAAAAI/AAAAAAAAAAA/AMZuuck637H07vAFK0tuoEyhngeuytpVig/photo.jpg,Afffgg,5,8,2.2,2015-08-23 17:18:05,,
gp:AOqpTOF3CThKtnxM5-sLtaRDnLgEbFtvjd_8pa3mLrg6iadaSelt02hvqA7HjtRciCKz0X91RmG-_eilfInF_Q,Megan Tappenden,https://play-lh.googleusercontent.com/a-/AOh14GjqD7FhhdwTV5AhOLX9aWAr7tm0v3ROO0jt_YHtFw,Its so cool because its fun!:),5,13,2.2,2015-08-21 09:16:38,,
gp:AOqpTOETW393e_GIRCg8ZmPaDByIefRNVOprJMNCaGS9mOsSbJ_GKO2TXTYUli8YxvouzM_AKD4-dfWf2CdAlQ,Elizabeth Gorys,https://play-lh.googleusercontent.com/-PEQjRmSCI-Y/AAAAAAAAAAI/AAAAAAAAAAA/AMZuucmMDha1WS9DZodSK6ploY3B04TFEw/photo.jpg,I love this game.it's the BEST😍💝,5,14,2.2,2015-08-15 13:53:23,,
gp:AOqpTOEe-gssbgnH_Dks9wYc6Tt8FVgKKIyVs_kPCzuKKygqtaFt0DPxjj1_BUeUHQInPJsX3vsNPoCiELsyAg,Amirah Amin,https://play-lh.googleusercontent.com/a-/AOh14Gil-VG9Yr8keg3WVgXyDoCQ5ZpLoQEUuO052M84,Fun more people😊👑,5,13,2.2,2015-08-05 02:40:41,,
gp:AOqpTOEQAPrlTRj9DSgI0UQF1sxX3bDnEUJURsMcgbDa8SFmyrwmJ8QD_O5NQK4DK3NlKdYmhqYz6ujpzy6J3g,Agirlygirl2012,https://play-lh.googleusercontent.com/a-/AOh14GjCYa14NRgKC7d0hJ6qBPvmpL8-gxiE3P0GI5SgWg,I lik3d it,4,2,2.2,2015-07-31 11:11:16,,
gp:AOqpTOHlIf_rkt9evwojw3lHMgLpkuWhn0bSS0f6yFfnqcReEsPcyNSzor_c1Xkr4TYy-Iayn47PBZ2LD89XQg,Christine Kimberley,https://play-lh.googleusercontent.com/-xXvZrbntkvk/AAAAAAAAAAI/AAAAAAAAAAA/AMZuuckgEuLeIf1dOfBb83sSpHYabkOV-A/photo.jpg,My seven year old daughter absolutely loved this game on my old phone that I had to purchase it again on my new one. It keeps her quiet for hours on end. Fantastic 👍🌟🌟,5,2,1.9,2015-07-19 13:03:25,,
gp:AOqpTOF36fE2ac3BmBj8NAO3FKt65cCIRh3t3r1q8CrpATo8Sq2MsnaO_h9bt9KN4UKhHCF6pPp5Ug9SzUsrfg,Laura Jacobs,https://play-lh.googleusercontent.com/a-/AOh14GhfaeKWGuA7gmPiCETYddcNcaCME7VbPXgV5CQeog,I didn't like it because it did not give me my refund I lost $2.99 give me my refund please but the game is good but I want to get a refund to get other games!!,2,0,1.9,2015-07-10 07:17:20,Hi Laura! Please contact us on support@drpandagames.com and we´ll help you as soon as possible! Thanks! :),2015-07-15 23:58:58
gp:AOqpTOEcwh44Dqm3swlzCiuuFKLWfce2Uqu6ck_1Wo5YSU84_MOnWa9eLs8jaR10Yrs6jTlopMKhbIxSMbdgGQ,Di Dang03,https://play-lh.googleusercontent.com/a-/AOh14Gh1QOEbjP5cEGrL8yoi-aKA9fKeEB9pekCvhAv2PQ,It feel like your making a story,5,0,1.9,2015-07-07 08:33:09,,
gp:AOqpTOHTd_6TEjzfs5Gt5OJKc9RniGgJAL_nOcw07DU7LDxDaxHkzQhF0mraHIW-R4uRhf2N2wpw6JwD5ULyKw,Madison Wilder,https://play-lh.googleusercontent.com/a-/AOh14GhtFG9kazTS-dDPvB5YFCuX_3swlwUP8nJDimvQfA,Their parents drop them off but they can't go home. . I do not know why they can't go home when sleeping  is over that's sad,5,0,1.9,2015-06-24 05:19:25,,
gp:AOqpTOESwahRaOyqOx_Naj2spHEIBYXKRQ-7OzbJbsUTpMTJ4Dqge8LSOIYQSw4MTsrWI3cT0c6xgtNhFyGkRg,lasagna man,https://play-lh.googleusercontent.com/a-/AOh14GjPPVLKwcIM15DP-9BS1EdTApffJeq9_ldeisdQlA,I love this game but I can't buy anymore so please make new ones &lt;3,3,2,1.9,2015-06-23 17:11:30,,
gp:AOqpTOGGa3SG56U3ZpjW21a5fEUjliWgcD1LkxvKkPFQZT-4OewKz2IpKvw4RPgVIBBRV_Lo2_cPwIR80a0ivA,Ungali,https://play-lh.googleusercontent.com/a-/AOh14GgHvwEkM7WV-dUfmSwQ6Mkt4Y4rZs8eqp23Z6sL,Awesome thanks for the game it is cool!,5,2,1.9,2015-05-31 13:23:40,,
gp:AOqpTOF9Rq6mjh-VTE6tXxXTIiXwMEBTA05TD1PjPnAP64y99wbBO3HWjH_SZGluQY5eg8XZkkXcTt8Hi62utw,mikaela s,https://play-lh.googleusercontent.com/a-/AOh14GgTtgb9ghUy8_O2jdZ_mmtoyOfZGAlSJXMvw8YYMg,I NEVER GOT MY MUNEY BACK!! 😡😡😡😡,1,1,1.9,2015-05-22 13:13:39,Hello Pon Zi! We are so sorry to hear you are having problems to get the refund. Can you contact us on support@drpandagames.com telling us more about it? We'd like to help you as soon as possible! Thanks! ,2015-05-25 23:08:12
gp:AOqpTOE7xg8iQUN-FEC2RoizIC4je88e0YI3cNDF4mBXxTyc1cE4igbuVaC0wOKoAUThMl3dORK_tNa9E2srVA,Emmanuel boi,https://play-lh.googleusercontent.com/a-/AOh14Gglcp9hnfaBpG2MCHIMEy3d0YH0322nr-6p58fU,Im so exited to download this game,5,1,1.9,2015-05-06 05:27:47,,
gp:AOqpTOEeIuoI6C-hkJQxL-Ex2dfENsk-bFKpvxvH5EhLtI8-8HZEYBHibPimZ_O-dswpLFS3z1KSeIqdNe8VKQ,treerexplays w,https://play-lh.googleusercontent.com/-g6iWcuarkFA/AAAAAAAAAAI/AAAAAAAAAAA/AMZuucmIj5HGkjySxCL61jRapt9myKyolw/photo.jpg,The parents never pick up the kids.          THEY ABANDED THERE KIDS!!!!!!!!!       Lol😜,3,0,,2015-04-24 18:48:02,,
gp:AOqpTOHLBxFsk2vORvpGjte-xLr6IA3XUgEgrHCAZib4fA73tu7JTc36vUiLMHfv5cW4CHSmys9YwZY6FMpjgQ,Lindsey Royson,https://play-lh.googleusercontent.com/-8gRDsjKt2FQ/AAAAAAAAAAI/AAAAAAAAAAA/AMZuucmDMBI2tYmSyq34EWL38lWUJHPeUQ/photo.jpg,"It has a stage, eating area, play room, back yard, and sleeping room.",5,0,1.9,2015-04-16 04:36:10,,
gp:AOqpTOFnuNyI2gzvOzPRmKRab9SYY-ZcQHxYeAlklxx1KpY_ue6A9uJdBIUh-ZD9EeT76swnFNWSshCMRLuEXw,Autumn Jordan,https://play-lh.googleusercontent.com/-W2DdIc3Lxtw/AAAAAAAAAAI/AAAAAAAAAAA/AMZuucnMNCoPhNGUC-EMhdrCuykc4p4b9g/photo.jpg,"Awsome kitchen, outside and music room",5,0,1.9,2015-03-27 04:54:30,,
gp:AOqpTOG_ms7fMWXNLr20MmFXf7oCtre7cOzbc237Mi8FNWT9pW_2p-681MqPolV46EYwXGqGwBLJB04LdRRFnw,Alisa Fail,https://play-lh.googleusercontent.com/a-/AOh14GitlH_OKWI2BAkC6QZMBeLCETLgAQJJoIpKd51kDA,This is a great game the thing I hate is the parents don't come back,5,2,1.9,2015-03-24 15:10:05,,
gp:AOqpTOGedjFuwg2ZMYIv_sU0TwQgg7oFwxrytZ69s8K9YJhvaC8voDjBzSMoPiHY3Mz44hdsCDRDYjuL5TjeqA,Awesome girl named Kailey Hendry,https://play-lh.googleusercontent.com/a-/AOh14GjvSnhSSZX_NSv7n5j7DqDGifIs9BOQLurtjQc8,"I love this game!!!!!! The cow doesn't really like hats...lol!!! Just saying, maybe you should add more animals like the hippo and the raccoon? That would be awesome!!!! 5 star for sure!!!!",5,0,1.9,2015-03-21 13:44:00,,
gp:AOqpTOFvkkCRfL_BPSp1BdmV8miC6MyGCTGTDe5KAtGmY6EuAaiqPuIRS1-dDWp4PFg3kNTQY8YaHyzCNn7B1g,Hailey Briggs,https://play-lh.googleusercontent.com/-gWbpD4T-Tj8/AAAAAAAAAAI/AAAAAAAAAQA/AMZuucm9S3SHCAj5nDUqrmIUO5ZDHXi07Q/photo.jpg,Lil sis loves it it is the best I give u a 5,5,0,1.9,2015-03-16 18:47:37,,
gp:AOqpTOHCxEQTP_hqwYHKNIFOlmHkyk9RTgOmT4hCqSIp0pr7HCZND7KM_iQm1MKZ5M9sm_kr_mxwdg9pehIUPA,Mylea Zeurcher,https://play-lh.googleusercontent.com/-oH0M4sMOZ8w/AAAAAAAAAAI/AAAAAAAAAAA/AMZuuclSaZhJSsV3sxWty6h3DhOUEKvF_A/photo.jpg,I think game is great play it you will like it,5,0,1.9,2015-03-13 17:41:03,,
gp:AOqpTOEGlmdQA75AAWWraxSKcRkCgW0t8-tdM30wqVan3jaTkNLSyFJPo-_Cay1LLmpCe3F_PQS3eHbQG7F5PA,Petr Gottinger,https://play-lh.googleusercontent.com/-bbpZyHmTuB4/AAAAAAAAAAI/AAAAAAAAAAA/AMZuucnOtK68GPPDHN045Hxj2ar0BR68KQ/photo.jpg,One of the best,5,0,1.9,2015-02-28 10:31:39,,
gp:AOqpTOE4_KNuukTxTrvV1jlDYrvpxmq6SIW0wZeSCtkWaK9CG6mUQpXAnVZZQZJmI2N3JueLwVXuAgv5MosGwg,barncroft123,https://play-lh.googleusercontent.com/-g4Tfv-HhU8s/AAAAAAAAAAI/AAAAAAAAAAA/AMZuuckcV_L4qS90qLHG0THEq-jnlgkhZg/photo.jpg,Noah sansom lu   bbv  mmmmmm mmmmmm,5,0,1.9,2015-02-27 10:44:09,,
gp:AOqpTOFWmSuRTVbxQMZpt9I-Cgb0rkx1j8ej2u6y_8DlRkW7GMd4gW4k64qj6UWTM8oVVB5tiOajLK--1zZRnQ,Mariam Gevorgyan,https://play-lh.googleusercontent.com/-cVPBq2Vi0GQ/AAAAAAAAAAI/AAAAAAAAAAA/AMZuucknbei6hXgyldZ3XA3xy0qmXZIPvg/photo.jpg,"Verry fun game i gave2,99$ for best game",5,0,1.9,2015-02-23 09:39:15,,
gp:AOqpTOFsgsBTRSYNgIRK9Air_CWS8hOWEhJwKXUH0r9aHHyB7fIInG0dyFZZHCo2D6Kh4_7a50kwstsgnutMNA,A Google user,https://play-lh.googleusercontent.com/EGemoI2NTXmTsBVtJqk8jxF9rh8ApRWfsIMQSt2uE4OcpQqbFu7f7NbTK05lx80nuSijCz7sc3a277R67g,There is one small glitch that when I try to put things in the cupboard it still looks like its outside the cupboard 😑but if you fix it I'll be 😀,5,2,1.9,2015-02-21 12:00:26,,
gp:AOqpTOHRIhBYbz92C0mAm9UbnoCPRDKYWdwKpnbARJp8SskmrGJCZS2Df5uwSCpIa2Gzw0Ay4SAhSZ8vja4Umw,Foxever,https://play-lh.googleusercontent.com/-dFFBYb_C9RQ/AAAAAAAAAAI/AAAAAAAAFW4/AMZuucmo30jj9ZmYVe-QrcWfwkUtdjus7Q/photo.jpg,Its a good game but gets boring after a while of gameplay,3,1,1.9,2015-02-16 07:39:24,,
gp:AOqpTOHnljLcEBjFCBemdq70AxlmueRaeOmWU73k4lD5qjCyogiguDaD8FRPIvvF9LrnMwLLelTotXcIrVpNZQ,Esther Yoon,https://play-lh.googleusercontent.com/a-/AOh14GjBs30JoJIYv4nPKWN7d4NZ3-MLvl4ITMT0pqYmjw,Cool,5,0,1.9,2015-02-14 19:06:05,,
gp:AOqpTOEBjCvbw1x-rzPBtB-_SpPNE-Y9pRGqi9GLcMqptiY-NlQEcB504iXxOtOvmHyDY_ONjHPOX2VQPOOLPg,Hanna Cooper,https://play-lh.googleusercontent.com/a-/AOh14GizoKKNEze9ekh70QuGcortl_jKKe9DBI6Ozd4x4g,Never stop playing,5,0,,2015-02-08 16:30:58,,
gp:AOqpTOHLp_6oEd7IO49dE-QqV2NA2yzgdsFmIgURuc1Pkx7_wWG_uiqRBUCwvxhVlpoG6-PK2dwNpmhVB6BDAQ,Adrienne Richardson,https://play-lh.googleusercontent.com/a-/AOh14GiuXj8Oh8OJQFfQJj6FiQt8ZgCA2UGf1OCqhzkAEEw,This  game is the best way to  play a game,5,0,1.9,2015-02-02 16:06:11,,
gp:AOqpTOHPwRqaUOF7O2R6xGr_hIW-srWOZjLSQRVNKOKo5Z4g-Gq7Zuf8HS2K8r4exvUylxX4HnG0WBXDoXsoRQ,annie LONG ASHTON,https://play-lh.googleusercontent.com/a-/AOh14GgGVzsUttBXP_ImlifF9knI8MU2ZOsvAG2OFU1xm9I,What. I more like gta free than this but I still like it,5,1,1.9,2015-02-02 01:05:40,,
gp:AOqpTOGlDaGA7s0njt7zVqPC0nf55Md0GhM0m1XE6K86UpdAlcbuWpx_eUNUAMKnBQKZ2qET3ancsnza7RzR6w,Sophia Krasnesky,https://play-lh.googleusercontent.com/a-/AOh14Gi0wkRrdW7VHw2RjT-2Z56zB2qsbOe_ePz-57RVMQ,"I bought this, then I accidentally refunded it!  I bought it again but I got no money back, so I paid $6 for this game!  Please give me my $3 back, thanks!  Great game by the way!                         ---Thanks, I got my money back!---",5,10,1.9,2015-01-26 17:35:30,,
gp:AOqpTOFcTOztM9MzrFHBpsxcYwHJ0xunPCkVS7Vlcgo5XAfJs0lwkjitrf3D-zhTr9pZHNBSuFs1z4sXb0Ad9A,Juicy Made It!,https://play-lh.googleusercontent.com/a-/AOh14Gh2Q0Rxq_39v95qEgPZx-BmXfufiwgG3RHjklY6,I love all the dr panda games,5,0,1.9,2015-01-25 05:47:09,,
gp:AOqpTOEhuLBVHe2wiQM-6_94ITrC7jbrtwFLm4I_jiaz-x_nH5UtuktrI4jReTrMXYcm-7g2hoQlNMMgenv88Q,haha yes,https://play-lh.googleusercontent.com/a-/AOh14GhbkHxmZ69TyxOOXrO118plD8OcHPJIr5h_JmnGPQ,"Awesome game! Very good for kids, too! I love it! One of the best games ever! Thank you so much TribePlay! :D",5,0,1.9,2015-01-17 16:50:30,,
gp:AOqpTOEDIyl7L8ttfGzkiTj1WNp3q6jMpo3-a2rUAszakQP-Cv4eSmYqaHdj3fryBV-OPYksJB324EcKhGRdZw,I Gomez,https://play-lh.googleusercontent.com/-i1yjemztPpw/AAAAAAAAAAI/AAAAAAAABO4/AMZuucnZQha8PwrxMqu5Bpn6zFzA7kU7Ag/photo.jpg,"I have other Panda games, this one is very repetitive and my kids stopped playing after a while. I have not seen them using it again.",3,0,1.9,2015-01-13 02:33:09,,
gp:AOqpTOH4OD3lfEjoH-j3xp65RI0VUoVwYoXYnC1hfBy-adLr6Q1pvwAijIH9EGIZzn19EdXsHv9BDra9smtp5w,Barrie Moran,https://play-lh.googleusercontent.com/a-/AOh14GjDDDglxdvaSLetTZbTrRwnPKsbqNyXhrvTjXMA,It won't let me have a refund,1,0,,2015-01-12 23:27:52,,
gp:AOqpTOFjqpYsVeAeVOou5VHJUwO9p6lmR3JlzOtYBJXtqfrkpXmg5o4CLwN0QpoTF8SpAE6Oc7A9UMSwl7m07A,Molly,https://play-lh.googleusercontent.com/a-/AOh14Ggg-rr_pHhCdoBEjK_VqUM_ikqjDyvmw5fnbO7hZg,Its sooooooooooooooooooooooooooooooooo cool,5,0,1.9,2015-01-11 01:43:26,,
gp:AOqpTOGqVx0p6tpeCq7bKd_LOUfIHBKI55ZvAC96cWLngUr0kpg9BoWxICCWFxjPX9YU991K4swWrw1Gl9avqA,Alanna Hadley,https://play-lh.googleusercontent.com/a-/AOh14Ghd7NEAA1k_90-Ds_9vBV14aLmof74zIT1NiasgGw,Great but you should be able to move furniture and get new animals also you should add more rooms and there should be a store that you can  buy items with fake money.,4,2,1.9,2015-01-09 07:16:01,,
gp:AOqpTOEqJm8AgM0CnjjZNuE2RsUPD1s9ecW7-U1nXfZGwwqz2Ux6mkO0GDhpHvBrt8XjlL_wmBZE3JL9HoJmWQ,A Google user,https://play-lh.googleusercontent.com/EGemoI2NTXmTsBVtJqk8jxF9rh8ApRWfsIMQSt2uE4OcpQqbFu7f7NbTK05lx80nuSijCz7sc3a277R67g,"I love the cute animals on the game, and I love that you can take care of them. I love games like these. I rate this app 4 stars because in the auditorium the animals don't play at the same time like they used too.",4,11,1.9,2015-01-07 19:18:01,,
gp:AOqpTOGL7MoQRB-_f53P_8rYZkQ3Ek1CtyLm-juRehoZrwj6yJ3cEj9gAXnoeGiTIQSmy5-oqGcemCMrYKm8TQ,Ruben Kan,https://play-lh.googleusercontent.com/a-/AOh14GgbXiY92mvAJJbEGnoP4B09V-Rej2kscqgUhlAxNns,It's like a portable dollhouse type game. How about adding an immersive mode for devices with soft keys? There should be an option where parents can set a timer for a day and before the timer runs out each kid will get picked up. When all kids are picked up the day is over and the game can start over again. The game will be more dynamic this way.,5,3,1.9,2015-01-04 08:30:11,,
gp:AOqpTOGyqepXdJyZ0OuFaaQHM94OdiZfHNlYvsrkKAVH3r1UclER5i1-dpNtlOeej57vj9jxVTEl-ldEnMfcVw,Emily Parham,https://play-lh.googleusercontent.com/a-/AOh14GhBYkKvLgX-uBPpM8Kw2DtumZ76FulnfyXf04-82Q,I would have given it 5 stars but i just wish more of the games were free but overall the game is great,3,0,,2015-01-03 12:12:15,,
gp:AOqpTOF5P67-ayfYrz3mp2uTYEMOqzsTqc5Wi5jotIlN3ZpMs3rDoCCuoPBpSzbn1zxm6b1v1v1kAqHx3L-1vA,Danielle,https://play-lh.googleusercontent.com/a-/AOh14GjZmNeTcjIkbDtomxei3BwycKMpSnOFcfoeTsuCpw,It is so fun i love it!!!!!!!!!!!!!!!!!!!!!!!!!!!!!!!!!!!!!!!!!!!!!!!!!!!!!!!!!!!!!!!!!!!!!!!!!!!!!!!!!!!!!!!!!!!!!!!!the parents should pick there kids up though and different days where different kids come each day. But overall i love it!!!!!!!!!,5,0,1.9,2014-12-27 12:04:11,,
gp:AOqpTOEFtqpEDQOIvMdeiKK_Ol77vpF-UCRo0-_G62WmL0Fig8tXUgWcgnFH3Jcgnj6K0n4HIbd3vma5VvSoXg,Clara Horspool,https://play-lh.googleusercontent.com/a-/AOh14GjrVNwGeTxfICZSYvye50X4MLgS9EPiO2FBqgEpuA,We hexadecimal,5,1,1.9,2014-12-25 02:25:58,,
gp:AOqpTOEs0irOzFprOF88ZUt4RrZd88-TxQS5M4lE0CHM2g8CUNr2nHFU2LKpe1KavqqJvaLljbQLzsQVbFdJgg,Jessica Boston,https://play-lh.googleusercontent.com/a-/AOh14GhYFfWZg5Xj6E9eZzZe3_Trm8T-ec6HfVMTpiNMmw,I RATE THIS 5 STARS!,1,1,1.9,2014-12-16 13:38:10,,
gp:AOqpTOEd6LHv_3zEQkJcS8AgneAUj_HkkKlrePDKz21C2wkkD60iR90bde2U5oguCCbbqFNqOrsqAStpqipGWg,MOLLY BOWLES,https://play-lh.googleusercontent.com/-YhOf1w0AHVQ/AAAAAAAAAAI/AAAAAAAAAAA/AMZuuclYOUE8Z0XUV2BolZYltmotfchWsg/photo.jpg,This game is so much fun a and I enjoy playing this all the time. The only things that I wish that were on here was the fact that you could have a school bit where its like pre school or kindergarten basically where you learn with fun and you could go shopping for different clothes and food and play toys.,5,2,1.9,2014-10-30 14:26:07,,
gp:AOqpTOFZOt51mFroNSfotbAczMl_gmTZbRIgkS4M__oV43WeZDdOcGg9GldDWDagZTRqjAPAK2TbJnY_Wolv_A,Hailee Kuchinski,https://play-lh.googleusercontent.com/a-/AOh14Gh8wYkMEGdhfJcrEF4tAC2V6FdWHWO7wFgG_i27,It is soooo FUN!!!!,5,0,,2014-10-19 06:28:25,,
gp:AOqpTOHZgsaZ9OoKqw3P3wq3DcO8FceYA7rDq_aLhD-MQUcpDm1s2T2EE440NAZD0eyTzrWurQTp1js96waqpQ,Kendra Wallace,https://play-lh.googleusercontent.com/a-/AOh14GjEOn86NTP2QpotLtylID5sDEb6IWa1higScdB7_g,Fun Game I Love Putting them to sleep and feeding them its so cute!!,5,0,,2014-10-06 18:46:33,,
gp:AOqpTOFQCOFvCfiGYpmHtDYoC-zz4XiToodeegOIxdPkVyKACjw6gn3W71jblZRv1OE0KouvOEc6XdYiUYO1zQ,Caryn Carle,https://play-lh.googleusercontent.com/--74HVAGK2ag/AAAAAAAAAAI/AAAAAAAAAAA/AMZuuclbqqSoJ5TV96LxwG_GHwYcvbHR3g/photo.jpg,I'm wondering if there are plans to add a ball pit like the one depicted in the opening screen?,5,1,1.9,2014-09-25 18:15:51,,
gp:AOqpTOH3mxxV24gxEUr_lgNwwcm53_igX-yLhUOx5RWWCJCGBY_ZX046sZtT5oZLPmdUqFoGZ3t_3XM8pZloiQ,Elizabeth Korytkowski,https://play-lh.googleusercontent.com/a-/AOh14GjnYX53DXLUGfoZdZ-oMb_NP-vgEFufQg-Ndt7P,We have a few of the Dr Panda games and my daughter (age 5) loves them. Very well done games. A worthwhile purchase.,4,4,1.9,2014-09-21 17:03:17,,
gp:AOqpTOGzpsSVjMrya4EDlSbgOOLo04gOKdAiHQCyt3ZZM5RPdlFhxs2O0uvNtYOf37_xN_rqpiDEPmQvvlxiSA,Nadia Ikram,https://play-lh.googleusercontent.com/a-/AOh14GgnOY3smCmJPX1Y3ezKGHtTlE72ZfVIllzuDtKgng,I have a next book tablet. All my Dr. Panda games worked fine for my 4 yr old. Then one day ALL of the panda games stopped working. They get to the main screen before you play and it stops. It freezes up and you can no longer play. Please fix this or I want a total refund of all Dr. Panda games purchased!,1,4,1.9,2014-08-27 18:27:38,,
gp:AOqpTOHSHCZv_F8ZGHqHC2cFbcPsQeIPgEGZtuMJoQkdmmnhB949gWhRts6x-1v1PFtMxNKJdARIdMf1jzcK_Q,Dee S.,https://play-lh.googleusercontent.com/a-/AOh14GjjB91gvY6b88cE6PpDG1f-1p9DW4O0c_uYv2ik8A,Cooking eggs is a joke. It won't allow my child to feed the animals and the egg floats and it only allows him to cook one egg.,1,1,1.9,2014-08-21 13:56:27,,
gp:AOqpTOHBW2KVbZVHt1wSubRiZmoA1ZKJQaZGyTQTozqvr00m11DIyOP7VZuMLbl8APXK3NY0QT97_HRZtLyNxA,Jennifer Wolf,https://play-lh.googleusercontent.com/-zBvNvlzsmWc/AAAAAAAAAAI/AAAAAAAAAAA/AMZuucmYsz6W4YpPrJKxE5k3XWaEL5YG1g/photo.jpg,It is fun when you play with the kids,5,0,1.9,2014-08-16 14:32:14,,
gp:AOqpTOHq-wiLpbeAgb6nnFQEjRDGsOq47taIS1BTOpCkSot4cvfOk6IX9VfQgiKNm5jcZdfaKzpyxkSrpgAavw,Tricia Colburn,https://play-lh.googleusercontent.com/-5LjoWbtfdN4/AAAAAAAAAAI/AAAAAAAAAAA/AMZuucmI0yaf_F0zwoDQw73Lyp-QNW9Esg/photo.jpg,"Too be honest I thought this was a little kids game...Uh No. ITS AWESOME theres so many active things you can do,Just add more rooms like a teaching room, a field trip room, Game room, Awards rooom,and maybe when there all done with the day you could send them home.",5,0,,2014-08-11 21:25:45,,
gp:AOqpTOH_zD19v_urcv0AgpK89jOtRlzazw9MhM6VTNGyX8pSjdycl9ytDogJz7cWLPlasLykpS0r_qTODT_vZg,Amanda Anthony,https://play-lh.googleusercontent.com/a-/AOh14GhqT4D6VXrN6qhboXEf53h8s3bg6Q50xYPzf08AkQ,This game rocks,5,0,1.9,2014-08-09 13:13:20,,
gp:AOqpTOFoFGV1-k931aHOz7HERgBwMvBKg3w-rIadBBqqGoDzZf_bBG0AGoMEsETYhJGtox9i393bPgjBu7-IBQ,Elle Williamson,https://play-lh.googleusercontent.com/-AtH-R4M6JNQ/AAAAAAAAAAI/AAAAAAAAAAA/AMZuucnD5GmSNQSp6smt5A-qMn6sHqKBpA/photo.jpg,I loved this and its epic I edvise you all to buy this xxx,5,0,,2014-08-08 12:40:45,,
gp:AOqpTOGNI4aFSCQBnW7zHxP2pxWitgS-8t0Y0Hat_GAKAhWQ6i6_5pBtKHNBTSMHuT4Wi5QSZ80vtm8PF9lQpQ,Gaming_girl,https://play-lh.googleusercontent.com/a-/AOh14GiwdwzCLSxqiFuDOiMa4yaOPg0OL7o4PB5Ew2Q7Og,I love the way you have to look after baby animals,5,1,1.9,2014-08-02 22:19:22,,
gp:AOqpTOHOYrcUY-cYp-cg0GYOIQ2xmmeb1RtIEWb5uaAWFPbbQCu_rtVBXnS7UcVk7Bye6bJKJS5MxSqo-_ziFg,Michael Meehan,https://play-lh.googleusercontent.com/a-/AOh14Ggkjk8lkSHhXLZqOmfO3TtdyDjF9CmKAIdEVCDn,My daughter loves it. It was worth it she plays it all day.,5,0,1.9,2014-08-02 16:53:54,,
gp:AOqpTOFKe6VgHoJfBnnldzVVtmxwlyPG7u_hj7xRLneOnOSeuBYZDsrK9mK0O9nHTANHf9ca1A6EqV_nEbUCaw,Heaven Watson,https://play-lh.googleusercontent.com/-j4H3vn_VgtE/AAAAAAAAAAI/AAAAAAAAAAA/AMZuucl30xC3gdY1_hLuc5X9TgpkJ8juAA/photo.jpg,This is awesome I reccomend this games for any one! My fav is cat monkey keep up the good work,5,0,1.9,2014-08-02 09:12:45,,
gp:AOqpTOEJH0OSrs0t-rkSj6IITfMFgkHcx_twbI_3AX9IQ8aixIQC_WYh3dzyXnMNlt1igEJ1JmB7GKDBY78E4g,Gerry M,https://play-lh.googleusercontent.com/a-/AOh14Gjl92G30TcNqL2dodpxIPVV47EMgpGQsKEt_kqe,I 💖 it. Ps.im gerry's daughter.,5,0,1.9,2014-07-27 08:41:18,,
gp:AOqpTOEg5E6sYO_hmZH7BYXnSbTHJUeUBnCHNDSF_3h6cvCUJ_IW19JTUKesA71ESrEU19axnDOL82SiaJEGbg,Elizabeth Bolton,https://play-lh.googleusercontent.com/-xU7WYemPVD0/AAAAAAAAAAI/AAAAAAAAAAA/AMZuucmkYq-rBhrBYAifBqcdWolXYboCkQ/photo.jpg,Brill but maybe add more baby's??,5,0,,2014-07-25 01:36:14,,
gp:AOqpTOG7_yGbP54QZWSuDnLl3wmuDET82Js0iHyhYlgbVXQVkQJKJ8IEUvE7Cj0Ekm2GbJOLbaJWKc9KaeQg2w,Emma Sanderson,https://play-lh.googleusercontent.com/-Lasx5D61smw/AAAAAAAAAAI/AAAAAAAAAAA/AMZuuclToYzYxHspQyhmTEVtW6aoR51hDQ/photo.jpg,Not good,1,0,1.9,2014-07-24 10:07:36,,
gp:AOqpTOEPU1MvYVouTdaKICSwn76WCn08g3MygzZR8B_DVP7KDyPn8hLWi8ZanUQWOrC95Yx1jdg6fLA0KxW4Bw,chloe chacon,https://play-lh.googleusercontent.com/-lD44z0bwQHI/AAAAAAAAAAI/AAAAAAAAAAA/AMZuucn7bi7LviuWrmLcozHJbdiP_kAAMA/photo.jpg,Love Love it,1,1,1.9,2014-07-09 10:43:57,,
gp:AOqpTOESzrkfX_LHq8rNtLsOSh6KmOsnso7LyEzYz7aobRQfBthWLL7PsXXh_IYS5p7GxmPIunYF8-hPkQtifg,CupcakeDania,https://play-lh.googleusercontent.com/a-/AOh14GjhMo6yh8zxuAmvE3jOcXTkQymw5bbjUJHmK-N-XA,Best game ever love it,5,0,1.9,2014-07-07 10:55:32,,
gp:AOqpTOF2fFPXx8qYL9qUvh8oELSmHLMBH7s7E-SJIq3j8KlpWroMog8OjQguMvrXPmrTCnvDsuUwbhLP4ulJpQ,Lisa Chalker,https://play-lh.googleusercontent.com/a-/AOh14GixzsG49TP24Cr5zkRi9eLOLiWZfFziaOYOttMTUAM,My 2 years old girl love it!!,5,0,1.9,2014-06-23 04:18:40,,
gp:AOqpTOGMkwYExA8p-Pd366bnMFle_FMerinAr2JDSiJHzGtuffCCoe7JLZOFMaZXf2JPBlDjej1BCDTFSif18A,Dianne Emily,https://play-lh.googleusercontent.com/-xpE66e2uuYY/AAAAAAAAAAI/AAAAAAAAAAA/AMZuucnpQV6y1QsVK6HXf-otKT1iLE_p7g/photo.jpg,My kids pretendend to be some of the preschoolers voice. Thank you panda!,5,0,1.9,2014-06-21 07:45:41,,
gp:AOqpTOGyq7vaZRwrnsNY2o2qAxQY73oh_bHvRZeNx60LTUIT8cQiHHQT_LHe2chgdz8pFzzoQtTxjr6uPsvf6Q,Sania Thompson,https://play-lh.googleusercontent.com/-wBzPIBgJ0x0/AAAAAAAAAAI/AAAAAAAAAAA/AMZuucnWsypIJfRcvPYy6fuS-vkpgcnJmA/photo.jpg,Dr.panda' s daycare it's the best game and I have been in the New game and now I'm in this!!!!!!!!,5,0,1.9,2014-06-14 20:16:39,,
gp:AOqpTOFrqgeVsueqxFWfaWDC2R0LO3IcVi6dtJU8wtaDsIL7MJxWhS0ZZwrgwNhZA-fmvKk_R8AV8uuDk8NRHg,Narrator Bloop,https://play-lh.googleusercontent.com/a-/AOh14Gg0KaFqsMN1AzaydqWSQVrImC0j2ZLzVAvWxasfwQ,"It,s so cute",5,0,1.9,2014-06-08 12:32:48,,
gp:AOqpTOHHY9vfaVoL49pwnKkXsmLLgyMbplCGqOVAi3TkJPUz6Ri31gC5PE8oRWkZttXSCXEuyM8lMg__Arg7zg,Junior Roman,https://play-lh.googleusercontent.com/a-/AOh14Gh289DlT2ZIGmgc-51XPnW7afjZb41tMuMlwRF4p8o,My sister always plays the game!,5,0,1.9,2014-06-08 12:16:02,,
gp:AOqpTOGrF0tAMkhfpuJsF2OFUtnh-jhvaTJlPjzSkXn6LYXFtTXqB3D53NWcOjEYBYGNpklMgq83Tna960oSGg,Madison Wright,https://play-lh.googleusercontent.com/a-/AOh14Gj9JtmdNREflr5eH0DzSPPw4S6tiWuvKJirVPGL,I will raise the rating if you make it to where they get picked up,4,1,,2014-06-02 18:13:05,,
gp:AOqpTOF0XKpkqui8ISRhnzZLsOx_48tXSUkpvNUy744UksgRswNzEc6BGQxwsWBjri85JDinhjsVT_evzcu0Uw,Angel Coughlan,https://play-lh.googleusercontent.com/a-/AOh14Gi4HoCY_-opiWr1WPkcgQIV0mGIJ0A24Pnepaax0g,"I am 10 and I love this game, great work and I  would like it more if you put swings in the park and have the kids picked up at a certain time and different kids like a giffare and bear and tiger etc.would be dropped off at the exact time.",5,1,1.9,2014-05-25 15:08:23,,
gp:AOqpTOElsYIrrc-nbmFJdVb_TyYn26W4Bqcl7pECkfX-kesLGMw5xvXcU0R5jxLTrFVY-0HjYj6XfaaLb1kikw,ken mcclure,https://play-lh.googleusercontent.com/a-/AOh14GhrRDzeUdYnhfwYwl9hU9aqAtMK_slhP7YYbUZX4fw,So many details in this one .... my 2 year old girl has been playing with it for a month and still finds something new from time to time.,5,2,1.9,2014-04-27 20:58:40,,
gp:AOqpTOH8bP5zfTcpWCkGODPqtmAFNBVMXsHT1ySJ9Se1Gj1X-lLAVjazLLZ_pFX8XBHYi4FAfplbFHU6py4N6g,Shireen's World,https://play-lh.googleusercontent.com/a-/AOh14Gjv8IdDckuDeTxsb9xWGS2yPFI7hb53sWrYMqigig,Good,5,1,1.9,2014-04-26 04:49:22,,
gp:AOqpTOGUfN9oxDmiDA882_Y-h4mQi3aFTIQz2pYzWIgaVg57X-knszYozeThgppaYX-cZU2KHw_ZWvFCYMyBlw,Isabella Weston,https://play-lh.googleusercontent.com/-1twtRPcKp_E/AAAAAAAAAAI/AAAAAAAAAAA/AMZuucl0nGyVF6FYvUBC8H54JN1D3nT83A/photo.jpg,Awesome,5,0,1.9,2014-04-21 06:37:50,,
gp:AOqpTOHc-_2pulrSj-CRCzedSP9MNWh2_EvE8b4ZUhybY0lNvnM93V_tnvoMk-cOecf5Wm1DHWTPb5V6mtpXAA,Paul Katcher,https://play-lh.googleusercontent.com/a-/AOh14GjexPc1-z5TGxmansPxT84jrTmxd0ffnN7Y_BlsMg,my child is w so much she can't stop asking for the phone,5,1,1.9,2014-04-17 20:22:22,,
gp:AOqpTOEhJYxXDyqZq3jmQ4B1Rn_s2uqm1lrjRQTQYPSsYeGZD_-da7-sXTHf2uMEQ4vrNOviOICk0YAkbhSQ5A,Shante Bradford,https://play-lh.googleusercontent.com/a-/AOh14GgWQbwv7p52-2LPqLwJNfC2ro7NPZVPCSzzXWOwtPw,Great app. My kid loves this.,5,0,1.9,2014-03-30 06:06:11,,
gp:AOqpTOH68zyCzhRP5gsAp_xX_KSiaYsrG4lsOBl5xAvvq7n2NexVsV0r8US0IZWnKYi__5lur-JVBRb_bemUFw,Kiera Anderson,https://play-lh.googleusercontent.com/-bd6Fu7n7IE4/AAAAAAAAAAI/AAAAAAAAAAA/AMZuucleJAx6C3KfsAXi5lc6yZEOYJjxUw/photo.jpg,It is a good game and I like giveing them food,5,0,1.9,2014-03-22 02:27:16,,
gp:AOqpTOEkV1VVPEN8trJgsPtNiRk7G8bXh9tY6Pqn0Q-KfsUkwkYjcd7W_o67EpLLzbghfTigV_9OuzhQXVyznQ,Aaliyah Jerido,https://play-lh.googleusercontent.com/-ZafNy3E0n8M/AAAAAAAAAAI/AAAAAAAAAAA/AMZuuclSklOuzgohNLIIZD2gsX7nXyJb-Q/photo.jpg,,3,0,1.9,2014-03-20 19:27:23,,
gp:AOqpTOE91go-oHFx3_zYcMLekPot8EaEFDZBVd_pR-LPFuHv2ocwPXD0scHgJ8qEfb4VYT4JmP0WFTQbCJ5hjg,Sam,https://play-lh.googleusercontent.com/a-/AOh14Gg6GCdliEk8CfLdK-6LiYBceoky-MHvNgbciaq7,I let my cousin play and it keeps her quiet,5,0,1.9,2014-03-19 15:59:23,,
gp:AOqpTOEM1JxcCLkAhYIybWADn9_Yecjp__S8CpPaFOjthZOdQpqD-mZod27TIPFRLGQvoOfFYVbhs2jOAGy9Vg,Dymon Burton,https://play-lh.googleusercontent.com/-aQXV_JjZpFo/AAAAAAAAAAI/AAAAAAAAAAA/AMZuuckHrdeLkE3N_7sZszz7TjLntbIoNw/photo.jpg,Justin Bieber all that matters,5,0,1.9,2014-03-08 18:01:29,,
gp:AOqpTOE0v88JMeK5eoQQaFMOMu5Ind1yDBD8CSsV_OpCMg-LHRPrrr_-Y9kXAy60yjT1skdQQD-xJRUffEDcjQ,Bryan Taylor,https://play-lh.googleusercontent.com/-LT0dZCGzDGM/AAAAAAAAAAI/AAAAAAAAAAA/AMZuucl2Kj4QGlYQ-tBWvt1Tv1BeDgzmOQ/photo.jpg,,5,0,1.9,2014-03-08 17:54:18,,
gp:AOqpTOHhvUqOVxR2wDptJzI088mcD_W--hpz7K5O3xr_uT5Ml4Umnx5lFM_zlkaraLgzAEyXTTH7ugKdwVZE2g,Faith Ellis,https://play-lh.googleusercontent.com/-vif09trllfY/AAAAAAAAAAI/AAAAAAAAAAA/AMZuuclmjLW55IHTtj0X3IkpZpeSMKLIWA/photo.jpg,Wow this s so much more fun with the full version. You can do so much more!!!!!!,5,1,1.9,2014-03-04 18:08:41,,
gp:AOqpTOGmCllYFIpP7a9j5DglVVSK5-uX6wDuRF6i6Jwi0Ncwe2Iw7w4wpAEvoQE87YGTshwpCqNQ0kJlRq6cQg,Raz berry,https://play-lh.googleusercontent.com/a-/AOh14Gi7ACn-AxhCJykeBdIAUepSaz2lqflquJ5i96iuJ3Y,Love &lt;333333 NICE game XD I love it so much their so cute I want to hug them and care for them but I wish days would go by and at a certain time parents will pick them up but otherwise I just love it!!!!!,5,5,1.9,2014-03-04 14:17:10,,
gp:AOqpTOHj_drgsslKHYKiSeq3CCu4guqx6nZAfFg6LDBG-BR3TVYUVsncxk1a7e9I5ij7vkv_h1NAh0uGilRTCA,Heather Murphy,https://play-lh.googleusercontent.com/-lXlp5A1lb7M/AAAAAAAAAAI/AAAAAAAAAAA/AMZuucmaHDCi6Hwklzep6i7dqNISApdJOw/photo.jpg,My daughter is 5 and loves all the Dr. Panda games,5,0,1.9,2014-03-01 17:35:26,,
gp:AOqpTOH268fRwTU1G-rVJfLLeKQDVz9XeOeV3XspMpS55damqnXTrcoh7rIe7aGi_lF5yTtD52_m-jEtdktrWA,slay .kyesha,https://play-lh.googleusercontent.com/a-/AOh14GgvbZBsq6lrkXA4_yAuH4NS86uVKJQDZr7hy4GtcA,Love it,5,0,1.9,2014-03-01 08:14:32,,
gp:AOqpTOE97m-SFqiaAFbZe4lq4gIk5BLvJvLRLWq9es7Y5oaN5c0OMXmVfYFBoDYbBoq2hy52H3d8-XGYjSyf1Q,Cheryl Simmons,https://play-lh.googleusercontent.com/-ihGTAAdQ8-E/AAAAAAAAAAI/AAAAAAAAABw/AMZuuck0DLsNSRBPFVvBkRJ_QC6dtIofZg/photo.jpg,It is so fun to play,5,0,1.9,2014-02-28 20:25:04,,
gp:AOqpTOGKtBQEkcSMSGAC_WRh5jMAxavv9G9xsSkl__gNjJn1LksM_QA_CiS5kYCUEEISPsuX3orGCAkG_okyCg,Sasha Roberts,https://play-lh.googleusercontent.com/a-/AOh14GgoERBw7RjuaMXloqlScc6j2PS2N4smuBPOLUIXUQ,Its sooo fun I adore the kitten I always favor her and nobody else ppl plzzz install it!,5,1,1.9,2014-02-20 22:58:04,,
gp:AOqpTOGwHzgIaRL0zZc7dkl8Gmw7pMZwTI2-YVeDJuM2Rcn2xwMb0hdUST5PWzIkbxptXTM-R5wooTwE34aXbw,Damien Hossack,https://play-lh.googleusercontent.com/a-/AOh14GiW9VxdNcWm91waRCkJh2H3ibD1Kir-3tv6PZO87g,I like it I meamt to rate it 5 stars but I acsadently put 3,5,0,1.9,2014-02-17 13:49:01,,
gp:AOqpTOEiPeYforU4oOWoj0XqIAN0Y9kxj1C8crFg8ib5wvVGC8FbYiHCaKaw7lnpBqWqrDR9cixsF16Mep27GQ,paige rozema,https://play-lh.googleusercontent.com/a-/AOh14GjBlVcCsfm2jX4m9bnNwBO6mrVmErXu4Ef7gajYAQ,I love this game but my complaint is that u can't cook eggs,5,0,1.9,2014-02-15 04:43:45,,
gp:AOqpTOHscraFO1KfNVhIACfVJfU8w_63B5lcReA9ywYRoehE3RFRrFjQ_f7dmACrOUQI_xhJ19Od45XNqJEXlQ,Meagan Correa,https://play-lh.googleusercontent.com/a-/AOh14GjZOsWtP2VGLBjhrSTXj8iv2_CICEum5DvxJfGymg,It gets boring at some point cuz they never get picked up but over all its extremely fun and very entertaining,4,5,1.9,2014-02-10 16:07:14,,
gp:AOqpTOGRR89kq0OGpKICpS7bn2b6GMSyCCcL22AaBMdmABLCuo5ZejrhwpyrX8No1ZIeO-RkR0g7kc1U-ONP4g,Chris rainford,https://play-lh.googleusercontent.com/-pLXh2FWYCcU/AAAAAAAAAAI/AAAAAAAAAAA/AMZuuclf1dOpCk3DnXSg_itRbhC_RDUqPQ/photo.jpg,Yeah its good. Really fun for up to around 12 years.,5,0,1.9,2014-02-06 07:46:43,,
gp:AOqpTOGOytytpuEuMKRy2Sa11HDnqgL1OsK35jrwmoRBzIlGL7_fiXA8RM4T5iBRaQMcjRd30jrLT7bGLYsR2g,jean motto,https://play-lh.googleusercontent.com/a-/AOh14GiVu3nF-aHTos2D6qkYSM89oEUwqh0mgkS4Zr9x2w,Love it,5,1,1.9,2014-02-03 14:25:47,,
gp:AOqpTOGDJMD0liM07xLPb5WwGcpK_6e9GCVz_rnFT822l2SDmQ-KMLK-CFu58DdCm1F5xOmcN4yzyzlStjUUXA,Amina Isic,https://play-lh.googleusercontent.com/-xNVY12mQaLw/AAAAAAAAAAI/AAAAAAAAAAA/AMZuuckjWnJNYd3qV7Rk8VnIVYFH_Ju50g/photo.jpg,I think this is rated 5 stars because you can have fun babysitting cute baby animals i believe the cow hates hats i like the monkey and cat.What do you like or not?,5,5,1.9,2014-01-28 18:53:23,,
gp:AOqpTOFM0B5NQAJMqXuamlgPneJawuLfIlLsAudmkMvAcCMQlgpZu113uJXpYJ3kgMUQ_RDNy0wHoS3z2NQxKQ,Caitlyn Valdes,https://play-lh.googleusercontent.com/a-/AOh14GhoU2gEW-dVdwtPdv2QbcLcMAgDuU5dZxzLdxhP4Q,It's a great game for kids! I just can't get over one glitch in the kitchen. Other then that it was great!,4,2,1.9,2014-01-28 03:31:31,,
gp:AOqpTOGTem7KyjWp7NbEYZLDOifgWEzQYwNZIq5YZdGP6JGceBT8n2LxxFjMVaqCKQlws8jxArbV9rU1houryw,Mckinley Mathis,https://play-lh.googleusercontent.com/a-/AOh14GjM5kt4OoY3R9tVaw_pZi4flHWU3lBjuhVEaYOdHw,Its funny they are cool to!Dr.panda rocks,5,0,1.9,2014-01-27 18:56:17,,
gp:AOqpTOGUgtAWBz5wgRUchicnGCInX_R5T0-wWaUHxPDana_0AvWDFpDALqUKG8QYJAPRaQlIhKFPqKiVnAcr1A,avril nguyen,https://play-lh.googleusercontent.com/a-/AOh14Gh90S8l-x0pB158LW-03OGmn4yB-UQLAvRZP-Tw2g,Who couldn't like this game?,5,0,1.9,2014-01-23 08:55:20,,
gp:AOqpTOGym3TIoTPcbiROXewmcTydHes-p2qABuyHNarVVR1FaSuK3PS1e9MNbyoaIDHqKtjdi9IVOgODHNbh8Q,Andrea Encinas,https://play-lh.googleusercontent.com/a-/AOh14Ghhorj0I8u1ba7-Q1QDW7kI2fBTb19_JiRB6AXHMg,The best,5,0,1.9,2014-01-20 16:13:51,,
gp:AOqpTOEisLH2OGiXg0LIz8V3Vegz1RYWJUf7TLObMtqL69QMtNqplewmKTYeRKzvUQj0dSZpJtTfVLDLM_T7Dw,darby feiler,https://play-lh.googleusercontent.com/a-/AOh14GhH3nUVBBfDMy4KWcFzeGSv20MoRbHunFu1rYX1Zg,2yr old has no problem staying focused,5,0,1.9,2014-01-19 08:45:07,,
gp:AOqpTOGkKDOaAzuxJnC51wit3jEkDn1s-nfvUCCoqQcJA1E2O5sM6wNusH8aYVhdYX7HqBTMMA5It6YH8EKgfg,Grace Holloway,https://play-lh.googleusercontent.com/a-/AOh14GjjtApLEwh9yl8CBmH7U01CMzUvLXJJegTdAkvf8g,So fun,5,1,1.9,2014-01-16 12:35:42,,
gp:AOqpTOF9dzBfdbDR1jqbEdSPUBdV5R2mVxH7ZecknLRbBYdOyo6N_DXtuqNuWtvcILihYOBuwyaJ8xgE2D672A,Amanda Mcmahon,https://play-lh.googleusercontent.com/-vxpclbh7WCE/AAAAAAAAAAI/AAAAAAAAAAA/AMZuuckr-fFPriIZlwB_IR1JMSwl0nBDlQ/photo.jpg,My little girl is four and loves it.,4,1,1.9,2014-01-13 14:26:42,,
gp:AOqpTOFMlHeniV0oc99moconB22VOe-b5V_AV6Sp7WJoSwGD5RO8IK2sZkfzIK7OcOYaGU8JFS7JAvzwGK0xhA,Lewis Porter,https://play-lh.googleusercontent.com/-jxICS6z_Cks/AAAAAAAAAAI/AAAAAAAAAAA/AMZuucmX6O7NkcdmWKbyE20OYlfSuQmuJA/photo.jpg,Cute pets fun game,5,1,1.9,2014-01-12 13:40:51,,
gp:AOqpTOE2xKyYLSmoz23b67HDBC9QVBVxoiEQYiWzo9Ve-KLPI3i4VRoJ2RqlNYBaYizprafZ0T7V2WVb_kPYEg,Robert Yates,https://play-lh.googleusercontent.com/-hEaPHnesznI/AAAAAAAAAAI/AAAAAAAAAAA/AMZuucnUNOEI1IpUy80fXjp59mIi_WKhvA/photo.jpg,Loads of fun,5,1,1.9,2014-01-12 05:28:55,,
gp:AOqpTOEdq8n9ByP8lPPlpKYic04W-oZ-Xa8wmVv97IlLujbhAY3qH3lQMNw7Vfl2QuCMccHTwzPigmZFNAHmCg,Kristy Burks,https://play-lh.googleusercontent.com/a-/AOh14Gh0LezXNMSzTP5_HsDY4d7zVM6QoOwz3DWwv1KqqA,Its nice that I paid for this app and when my kids finally get a chance to play with it it doesn't work. Uninstalled and reinstalled twice and still a blackscreen. Even better that it's too late for a refund. Hopefully you can fix it soon.,1,1,1.9,2014-01-11 17:10:15,,
gp:AOqpTOEpeDYViaeXrb9xz1rIvNi_ZdPsRD91vP8qYfWHvH9hPRmnFR6l29P3KJknOtDSi_3IzMpr72L4oPmtnw,Shay-lynn Brown,https://play-lh.googleusercontent.com/a-/AOh14Gh3lBCf9qXoS-lwgL92CuAOUwx_pGBNOrFBMYiVzw,Im 11 and I love this game but it would be better if the kids were picked up at some point,4,0,1.9,2013-12-30 11:55:10,,
gp:AOqpTOFXvMh43k7I1oPgnFfrzOBz2hOSgpK-J5YgmJSZ9ejCsLCquF3g6_y7GhmV8EfBlI7TTjNCrIW0YDOsmA,Donnell Duncan,https://play-lh.googleusercontent.com/a-/AOh14GjGyjjU0zsEgAgAVFC-eDaC-DtzWwHoFoFgrT8DtA,I love it!,5,1,1.9,2013-12-29 19:06:31,,
gp:AOqpTOHsyx-2b6xy3UC2YBdsvUNPO8S8t-suK0Ri0qHVvdXz3F4FirmPeZLRBk0H0tm6QmA5ZjshyOpFwTwVpQ,Fabio,https://play-lh.googleusercontent.com/a-/AOh14GiksJA-AUbBWNan2YpR2QT3qbkBsagdW9TBfnB8Wg,"This game will not run via a ""Restricted Profile"" in Android Kit Kat. ""Restricted Profiles"" are new to the Android operating system via the Kit Kat release.  They allow you to give your family members their own accounts on your device while specifically giving them access to only certain apps and settings you want them to have access to.  The developers need to allow this game to be compatible with ""Restricted Profiles"" in Kit Kat...this is huge for families!  Developers, please provide this compatibility in a near-future update.  Thank you in advance.",2,4,1.9,2013-12-28 17:03:39,,
gp:AOqpTOHkUJRw1j4o-627jiClUMtOlpY9JWLvTtiUqy2-FBjR5VlMW58ShfqGlB5GcgVHFSmm8Wr1V-VZTKSKXA,Martha Ramirez,https://play-lh.googleusercontent.com/-1-FJyrdmKpk/AAAAAAAAAAI/AAAAAAAAAAA/AMZuucn_AePotSDNymLxtsZBO7Mxv1XLEQ/photo.jpg,It keeps on crashing on my phone but I've played this game before so ill give it a chance but plz fix,3,1,1.9,2013-12-26 18:11:11,,
gp:AOqpTOEi8-SxjgB9usYogY4Y6UTJZkvbzXPWn_U8LhQssZo4IIFpi_sWXK7uOMkWctZoegXoCOfo-ssHlnfzUA,lesley dirocco,https://play-lh.googleusercontent.com/-bTRTB3-WrTM/AAAAAAAAAAI/AAAAAAAAAAA/AMZuucnqBBWu4K75_FdNXLzweBadmEQ0AQ/photo.jpg,We love Dr Panda!!!,5,1,1.9,2013-12-22 17:00:43,,
gp:AOqpTOE2diSfdnOYO6jsxMopklw5HSYuK62x1TE-vsiOSLqn--mn3cp8-wUNxU7i9PJPZOX1M_VJ4WaylT-zTA,kylee henry,https://play-lh.googleusercontent.com/a-/AOh14GhAPjYbW7irDtHH4K6f2VhFzv79Vnmx5qcBvWr8bw,Great,4,1,1.9,2013-12-20 19:25:50,,
gp:AOqpTOGVMWsafGdA8gacsvhrgPNt7S6Kt7yWYMDc5CnoyYohmaxYl5YNl0FOk7QR2ggjW0az7gTrPWlDGl6hXw,Yolanda Hardin,https://play-lh.googleusercontent.com/a-/AOh14GhhlN4XiZaD6ROnLVogSDgwYzoN6bD-Dt_CbuQS5w,Both my daughters luv all Dr Pandas games...,5,0,1.9,2013-12-20 09:02:15,,
gp:AOqpTOGuAG6lODGG2D2l_zkWqaRzpPTf97qo-Tb1MuUEu_eN-j0fnaU4GjMau_gPuR-cX3ZWLjHTkP1oG-chkA,Mal Whichmann,https://play-lh.googleusercontent.com/-mkAKMK4sW8E/AAAAAAAAAAI/AAAAAAAAAAA/AMZuuckLmYWEVaIbD6eiOPUzQUqxfcIq0g/photo.jpg,This is great for my child,4,1,,2013-12-17 08:23:47,,
gp:AOqpTOGiuGW17WVR2m3apJf9HwdsKyN00OAesXDCx9S1zjOYeHr8cUVGDWYRyCVr697fX-g9DFffWOuM88Ab0w,Lisa Johnston,https://play-lh.googleusercontent.com/-xhTDu2EEhls/AAAAAAAAAAI/AAAAAAAAAAA/AMZuuclp5Iyps2SiPs7LQwWB-64HRJRSeA/photo.jpg,I mean I bought the full-length and I didn't get what I was really wanting for like give it more stuff I hope there's new stuff,4,3,1.9,2013-12-14 20:00:38,,
gp:AOqpTOHa1lJfvoPwI55d6D_IXlW7FoD6srrcoOFQSvQMdd3OrwRa3lySusGwqTLi3I2Yirj8xsFLUbtbnZW-Gg,Anthony Ferrara,https://play-lh.googleusercontent.com/a-/AOh14Gg6hrPSxWQc_jhiNR1mctxNaxHwmGjhIRdUerDvkQ,"Not only are the games fun for my kid, but I appreciate the speed in which you fix any bugs. Great job.",5,10,1.9,2013-12-14 13:29:51,,
gp:AOqpTOE-V2fMjQfzQDoNMq1DOHbNn0RWFbhmD6YSKELRDucoG50JvGa-eMhyz5RbdmGKGQ8ziFN4zoA_EwjaRg,Tamara Allen,https://play-lh.googleusercontent.com/-ED3aUNeS5-U/AAAAAAAAAAI/AAAAAAAAAAA/AMZuuckJB5FFZ4bEQC2gvTy_Mt8v_UDzAg/photo.jpg,This game is awesome.,5,0,1.9,2013-11-12 18:02:53,,
gp:AOqpTOEsBqWL6snefoMe37SS2GRNKg-eF38l7YVGZnJz8ngNBd8I4D9ulZtdpCmSRKtDqedYCqb4mcj72uyywQ,Trish Holt,https://play-lh.googleusercontent.com/a-/AOh14Gj0s3uVQeTaJlKJrJwZmuhe6nPM90F_V_sZ3U24MQ,Paid for but still comes up locked It sends me too download paperwork but it only has an install open this needs to be fixed fast,2,2,1.9,2013-10-30 11:23:27,"Hello,
When you buy the full version of the game you need to download the full version of the app from Google Play to access all the content in the full version. The free versions and full versions are separate apps. You can uninstall the free version after installing the full version and everything will work fine.
",2013-11-03 18:19:42
gp:AOqpTOHCrywCPIUXymkTtORLa7s_Q9kCw6Lobz0sIW0R3_WkdZSiwbNNEsTb9XmYuHAp-5mp81SoJ6t0atKJ9A,Robotrobbie,https://play-lh.googleusercontent.com/a-/AOh14Ghn8NVgBQ3HLtJd0hRJ9gs-AyHsEg1bLcx_SfRkVwY,Still No changelog for permission change,1,2,1.5,2013-10-23 13:02:06,"Hello Robert,
The new permission, Read Phone State, is a default permission that is used to know if a smartphone is getting a phone call so it can suspend the game while the call is coming and resume after the call is over.  If you have any other questions ask us at support@drpandagames.com and we’ll gladly help you out.
",2013-10-17 01:45:17
gp:AOqpTOEspdbUyUOsAd3Bb5iIwnTI0AIptWLr_Szq5-i3dDMu6paWvX9JFGdu0tmqn_-eL4QIu6ezLSJYBCikyQ,Manuel Martorell,https://play-lh.googleusercontent.com/a-/AOh14GjkfOAEauTLHi01oNV2oJKQdeqUFYeEgrwXe4u5RQ,This game is like a drug to her.  Love the way she takes care of the little critters.  We had to limit game play as she could play for hours on this.,5,0,1.5,2013-10-17 13:42:32,,
gp:AOqpTOEwM4YdpzlY72ieoW6YwTDmWtiPH2YdzbZNqJtO-q0YnWfuTUsXHZwHG9mwtXsdivgfn4U6iZ7rm1uX4g,Abigail Rodriguez,https://play-lh.googleusercontent.com/a-/AOh14GjZKhpH-H9-zpzl4CKyZpa6Gd5SP5EYXeQ_aUG5Jg,My daughter loves this app,5,0,1.9,2013-10-17 10:30:46,,
gp:AOqpTOFHqMEiI_iQhQbiWz3IWc4f9fNkdfxhyHMCEW28MJWLxJtiS49J6OheFbWO_O5IUNVeN_l8J3iLEBYntA,Big Gupta,https://play-lh.googleusercontent.com/a-/AOh14Gh6BOB2KpEtwzAmduMXF9mgTl3Tf4Qs-zYrjxklK9M,They just make amazing apps for children!,5,2,1.9,2013-10-17 05:26:12,,
gp:AOqpTOG8-MFj8wMBtywfKXyWj-_zzK8WyNkSEAQNyS8Q3mhJS5FoPkgyeZwxwe_u10hP8Hktis0v1T9kDX27bg,A Google user,https://play-lh.googleusercontent.com/EGemoI2NTXmTsBVtJqk8jxF9rh8ApRWfsIMQSt2uE4OcpQqbFu7f7NbTK05lx80nuSijCz7sc3a277R67g,Why does this app now need phone access? None of the others do. I really wish app makers would explain and justify excessive app permissions.,2,2,1.5,2013-10-16 00:45:29,,
gp:AOqpTOGFLTQpJ5-kkHcuo5HQ8SGIJna5Wgsnk-6iYIjGzKctepXsOicJfg5v6lNF0xKUVMY6EWBTg8VixLXs_g,M M,https://play-lh.googleusercontent.com/-FqoT5zIc_6Y/AAAAAAAAAAI/AAAAAAAAAAA/AMZuucl8M4k5IuKYpRX9ysWBk2ksVRt0aw/photo.jpg,My ten year old daughter loves this game,5,0,1.5,2013-10-11 11:35:53,,
gp:AOqpTOE9_j3_pMKOrFPxP-dM140C6cIpbJdX4fV2Sq0-h4n5kwzeAo6WLSYXeUJxo9cov2Cuu1KcyJErVS0hnA,Librita A,https://play-lh.googleusercontent.com/-4Y-BDllXEEI/AAAAAAAAAAI/AAAAAAAAAAA/AMZuucmVm3UWL8YSN4Gx5N8EGxxnRLrSug/photo.jpg,Improve for size  its more good,5,1,1.5,2013-09-30 04:03:15,,
gp:AOqpTOFazi2DIDeoxXN55Ne8oThyYCdcqugNglMGND9e3vQUyCE5rl-7AiHvk5U-QWDiU0O5cuZ6pNV9TnLlzA,Patricia Herndon,https://play-lh.googleusercontent.com/a-/AOh14GiPVZB23gmjVUCz_rsQy0hUpqRogQ1aCg7AEf39,"This game is lovely, but my girls complained about the parents never picking up their kids from daycare after their day is over.",4,1,1.5,2013-09-22 05:34:09,,
gp:AOqpTOETPJRYXhtNWXeFWWzXPBnL0cX9eRXGVBKnKyWLxCG29vxZ_BrhWMDrIHwKiZtUURi9Q9l-XvzOldAItQ,Dianela Sanchez,https://play-lh.googleusercontent.com/-01lxmWPvyWs/AAAAAAAAAAI/AAAAAAAAAAA/AMZuuclOvcESt9s9ipH2M07E5dxx-0VJ5A/photo.jpg,It cool for my brother,5,0,1.5,2013-09-20 16:07:47,,
gp:AOqpTOGnZFZz4QFr_0G1ISJvmjEEtIYkHuNuc5xarTu-_y65LbBwghORZwqCC1wS_H8mKTOMDCK7i2JrO0gUww,Melissa Sherrill,https://play-lh.googleusercontent.com/a-/AOh14GjLv-1t9VDOaD14AylHapWg6D2S3OP_FtSWkWnxzQ,My children really enjoy all of the Dr. Panda games. Very educational and entertaining.,5,0,1.2,2013-09-19 18:16:13,,
gp:AOqpTOEn4TpoouO6dC3EilOPeWtRgpcFqT52CUKO7r1vT_WYa-Btieva_B-d4JjcphrjPDJGUMqbyXuD9uuE1g,Leon Chang,https://play-lh.googleusercontent.com/a-/AOh14GiEwc1lkET9ISTrqW48xm06XWlXLPdlMaksVu3pxQ,"Performance is terrible on my nexus s. It lags all the time.  Updated: Thanks for the reply. Except for the OS system background process, I have no extra background application running. I also have 198MB free internal space and 5.3GB free usb space.",1,2,1.5,2013-08-30 18:36:55,"Hello Leon,
How much space do you have on your Nexus? Do you have a lot of other apps running in the background? You can try to close other apps you have running in the background and restarting your device. If you’re still having issues with the app, send us an email at support@drpandagames.com and let us know.
Best,
Dr. Panda Team
",2013-07-29 02:21:27
gp:AOqpTOFB3IE6a4lToYjRAirQ3jMWvkIPOridePKWQrs1vpv3Wpd972MBwucczkmfs3PH7xSlR7G-AtJygW3OOQ,Jafny Ali,https://play-lh.googleusercontent.com/-euws9f2U850/AAAAAAAAAAI/AAAAAAAAAAA/AMZuucl343e3o2aYhMSipjlxfjq4jgDVPg/photo.jpg,Goooedd,4,2,1.5,2013-08-30 09:51:44,,
gp:AOqpTOHcEhIKNrXXUj2XtAyJXIpO2rwM64yUXgq5gncTgdjjK0r8BZ4_1Kxsyy3gEJYTVunSjcOm5eE2SJDEHA,Amy Conrad,https://play-lh.googleusercontent.com/a-/AOh14Giz9NK-SO8ewynhM6BLX0jKqpfcMLh6ikK4dXrLng,Worth every penny!!!!! My 3 yr old & 8 yr old just love it!!!!!,5,0,1.5,2013-08-27 16:13:00,,
gp:AOqpTOFiWhoyOeaN5MRK8vQ8Bwy8kL82qe1r3t74lqFdVeIE9saKHRPVWTtn1SDp2Alsug8_LVpL-69ka4c8uQ,T M,https://play-lh.googleusercontent.com/a-/AOh14Gi_yJlM7tgN_28K0eBeVnuY5nqQ6HqNN859rZP2DA,My 3 n 5 yr old loved this cute learning games!!,5,0,1.5,2013-08-23 16:23:30,,
gp:AOqpTOG_oOFV05HdvMRReiZNCQ5DTDQQPpJjTjifPGBvlx6IEvXc4heDdca2Nhr9p3OQeYRsnAZ7lgaYVy7OIA,Azra,https://play-lh.googleusercontent.com/a-/AOh14GjdWm2WMFuMR_k4uXzbGYBKmhSwYrjhEvfls-zaaQ,Hi am 9 an this game is amazing if I love it they love it,5,0,1.5,2013-08-22 20:14:36,,
gp:AOqpTOHEq65hVRZQ66bQH6KGl60INwjdwT0yO4jlQs6F0BTE6_6gBWQgpK-lPXbEJ7_viBYWSSueZzBgyTPR4A,Katie 9 3/4,https://play-lh.googleusercontent.com/a-/AOh14Gi8j3_5jztilmZwbNhxjtqe2YABcVrf-xjfSDur1g,Good,5,0,,2013-08-05 17:07:33,,
gp:AOqpTOGZrhQ8B3teAkSQ6XOUjc5KFhcUj_22t4OoYqKwYkJit-YBWIW1RQ_JSn6Ox9pEIoqxa1WcXriXql_EkQ,Gloria Smith,https://play-lh.googleusercontent.com/-D_LhDcDBbWE/AAAAAAAAAAI/AAAAAAAAAAA/AMZuuclkBg1nS01QU9f47OXmFQ4AIGdwgg/photo.jpg,I love this app my kids love it but the should be able to pick them up just saying oh and by the way dis you know that the free vertion stinks the full vertion is a whole lot better than the free vertion.,5,2,1.5,2013-07-30 11:14:40,,
gp:AOqpTOGwXKw2PjdRoshO6fBzKtyn35FaQl18CzpZ3LRe931i1kZpvoCdvov0QmXbDHrurTY5I0wrVaCll_QwxA,Laura Gensamer,https://play-lh.googleusercontent.com/-yXqgYdhSmDs/AAAAAAAAAAI/AAAAAAAAAAA/AMZuucn5plk1PC7lC6wwdlyey9W8-V_JjA/photo.jpg,My 2 year old absolutely loves Dr panda games,5,0,1.2,2013-07-05 21:28:46,,
gp:AOqpTOGNv2ccphqqr7pV3nowCcqzw6S7EJHKDQ2nCQ2eNd-yK53NVDDTdvk2iuAkpTFL12tJBSFQOm_JqUHaMw,Ally Thomas,https://play-lh.googleusercontent.com/-U6tFpB4cojY/AAAAAAAAAAI/AAAAAAAAAAA/AMZuucmd3fIKhP_jqKuS3GEd2DHBs9W9Bg/photo.jpg,The animal parents should be able to pick up there kids. I mean how do they get home? But I do like how you can have there birthdays! Please fix!,4,3,1.5,2013-07-04 15:19:50,,
gp:AOqpTOF4FLpwGiEIa9EpyOpY2Jap4O7do7veu_DvXoBtI8ms3nnoOZTzW3QEc7puePbbyektQ0LDVx0hythJHA,Jeanie Somarriba,https://play-lh.googleusercontent.com/-clC3wJEm-fU/AAAAAAAAAAI/AAAAAAAAAAA/AMZuuclIYLMQmSrqM17E7s8w61Zt6g61Ng/photo.jpg,I love you mami .,5,0,1.5,2013-07-03 08:25:09,,
gp:AOqpTOH4txgD3iJrMZ4PZJMNxVXI22QwfJgRFPSNwwbCIKri5sawd-vUzr0CsDZMIhYDKw8pZOo71K-uYeVlOQ,Jess Lum,https://play-lh.googleusercontent.com/a-/AOh14Ggm_gwPRm7RTZx2L5RZ_Eo4RRMYoHJRlU7LfYNAm-A,They play this everyday!,5,0,1.5,2013-07-02 15:51:46,,
gp:AOqpTOGhQlNDzKk45sR23ueuIgZlZLDovtU5a_yLrEKXJ2x27H7mfZUbcyd9dzKBluemE0B6fJeyxd_xs30oYQ,Fifi X,https://play-lh.googleusercontent.com/-VABMlntX3xw/AAAAAAAAAAI/AAAAAAAAAAA/AMZuucktna_O5XXR5ieJT1hsnfmjg0TNIg/photo.jpg,"can't download, file not accepted",1,2,1.5,2013-07-01 05:34:22,"Hello,
Restart your device, delete the app and try to reinstall. If you still get an error send an email to support@drpandagames.com and let us know what error you’re having, we’ll be able to help out.
Best,
Dr. Panda Team
",2013-07-29 02:22:01
gp:AOqpTOFe5ZefH-qvAwDZRZOm5fAhRGmWZi7HdQ-NBdIDAHjGpKmoq1rZ4pzSbob8oFo72aBr5bVC-NjPLoBJAg,Hayley Simmond,https://play-lh.googleusercontent.com/-dPhBHT7wBUg/AAAAAAAAAAI/AAAAAAAAAAA/AMZuucnBBDtF6eKnYAS2MaTPnkfYLkZyMA/photo.jpg,I love this game,5,0,1.5,2013-06-29 13:36:25,,
gp:AOqpTOGBYkokl8jP4sjzi-Y-YTohQrtYS1iYI4rhPPDuwQNVIeAYpVIjf8V7clNDywcQxvQYFkt45Zov0xM7WQ,Josey Curcio,https://play-lh.googleusercontent.com/a-/AOh14GjASO4sfBn1846BeX6NhRelIpZ1OuBDBz8FD7EZGAg,My little one loves it,5,1,,2013-06-17 16:00:58,,
gp:AOqpTOGrfvaekZclsXFHDgss6zM2Hcx-yNTaDHSn8QbC0fd_XJZ3G2zoe9pZoJ5E4V7A5A8iWjirT5egSa2SOw,Lisa Montalvo,https://play-lh.googleusercontent.com/a-/AOh14GhL66OoBClrbUQUCK0npjwY3xpjh9SfLccTD_20Ppw,I love it it is fun,5,1,,2013-06-12 20:08:11,,
gp:AOqpTOHDtvQvhjAGus2cJPiSDLQ_a-cnWM0ZyMt_QZ7H_DdNOAH8B3-OaV-8s46sdemVUK4Eg4rC34b8OI2Q7g,lisa velez,https://play-lh.googleusercontent.com/-ThhHI9UqGV4/AAAAAAAAAAI/AAAAAAAAAAA/AMZuuclOQlFivXOrVVUK41DudzbwjV04uQ/photo.jpg,I like it because it is fun.,5,0,1.5,2013-06-10 15:24:50,,
gp:AOqpTOGqdrtvfYBvrZPy_Q6-nCDoSYRCZbFFBM7PXM9VIN_zZ4C8FG3T3pdWZ7vhUWCRFwqUAHgEsaDmSaf1fQ,Debra Wagner,https://play-lh.googleusercontent.com/a-/AOh14GizI_A4HLsWJ-rEgJPH-jE-ERsqS2LT_Zts3VPRig,My two year old granddaughter and three year old grandson love this game.,5,1,1.5,2013-06-08 23:59:08,,
gp:AOqpTOHChieGkV7AqyRQKX4SspataXsHj6KJm6kVJvXuzXUpgGIS_fyl9FnIoBat_PWFpA3iV1n1SlGB402E-Q,allie,https://play-lh.googleusercontent.com/a-/AOh14GiNJ719iypRaoClOt9c_UAD3g0dnBuXfy1CMbeaqkA,My little girl is in love whith it I can't ever get her off of it for dinner,5,2,,2013-06-02 15:52:28,,
gp:AOqpTOHGS1HBFLmL_MuKrjKo0KIOxse4zU6yVfytfgsUZW6mJmVMA7Zy-sqhTvQiEf5AEKmI2lJwUMi8lMUNCg,Nickie Babie,https://play-lh.googleusercontent.com/a-/AOh14GizNHqqMDRjludoIHncJDNDHY3jEh6nJitqOcG5hg,I love how like they get to the school,5,0,1.2,2013-05-23 19:12:42,,
gp:AOqpTOEhbPi6m0zQ-C-nczZea4vkj0AMafXq-IZ2N1deyrHo4tTlZqoTZUnX0bE_fvatTSJNYfCVwteBDT2WdQ,Pam Busby-Tice,https://play-lh.googleusercontent.com/-fKvroDA3ngM/AAAAAAAAAAI/AAAAAAAAAAA/AMZuuclHHMVjBky5JQ2-yY5X2I79C-8F1w/photo.jpg,My two year old loves all the Dr. Panda games. Helps with refined motor skills and keeps her entertained.,5,9,1.5,2013-05-22 21:16:07,,
gp:AOqpTOGAfOVAFXe-tHSTTIs_9fJFQn84zHf76ukdWNZYN5eZElNa2E4NsKIj1JIZMkpW_Bt7zg3zpxSMBDzBKg,Misty Tanksley,https://play-lh.googleusercontent.com/a-/AOh14GgXyCZ56erzeHH6flxQoeqsdxMVD_FiImm5SbVA-g,Great app!,5,0,,2013-05-11 18:35:40,,
gp:AOqpTOH6-lQzaVoc6slsGQf0B_yixPTrKTiU9iI80_kEBJSseDJKhkWt-hkfY4PBA5NM6EJ3IwUjchNYk2irbg,Lisa Zamudio,https://play-lh.googleusercontent.com/-oozHPO5Qwl0/AAAAAAAAAAI/AAAAAAAAAAA/AMZuucmnDd9QvIsDowRhl5c9tGNH_tVOIQ/photo.jpg,My 2 & 4 yr old love this!,5,0,,2013-05-04 23:40:35,,
gp:AOqpTOFL35z5Ly1r2LdkMbuxCM85kdk9waMfLBC5ByL9qjhdbtuSHrw1OkcC3RMpnqwufRQ43P9LHuuRMbI_KQ,Allison Tucker,https://play-lh.googleusercontent.com/a-/AOh14GiLPdAVpoWVzfoLheWr82bYHfgQ3zJQzMrMg1BP5Q,I love this game,5,1,,2013-05-03 21:51:56,,
gp:AOqpTOF218NNjs98QhP9AjXkLR5xrcWA-Xk32VQeMQBK8sROiOG2vaIlpW9ugWismBDvqzGivS7GWSahK-9Jyg,Skiffie,https://play-lh.googleusercontent.com/a-/AOh14GjUbWJJ_j42-z5pYgi5wDZJY5AJ0e-kAMaubiKjyYs,"My daughter plays this for hours, literally!",5,4,1.5,2013-04-24 16:30:48,,
gp:AOqpTOE7cUghrYpf5QtLQYCk083UjxnNDnLC3VK3AVsmnXD9dANrHKHFy-mXOM3XayDHpDA0GvQolaPIqWTXjA,Phyllis Driver,https://play-lh.googleusercontent.com/-10Jy4pEMKkA/AAAAAAAAAAI/AAAAAAAAAAA/AMZuucmjmh5ynFNw69ms2lWgj5upR0guJg/photo.jpg,Very well thought out game... I would say from 2-5 year old boys and girls would like it. I purchased the full game for 2 dollars. I actually bought ALL the Dr panda games,5,8,1.5,2013-04-14 16:58:51,,
gp:AOqpTOHLPBpGmUCPnxKN-MQLqRyTpfEUwow8Uw3gfFbt6cc-Uxl1raJ20yJeTWn2H-u6JXHKSY6TOG2dcjJdJA,Tami Chip,https://play-lh.googleusercontent.com/a-/AOh14GhcFS-2KlAaf47FoZXPOkLrIHUlonPBrGPaZbFmyQ,"We have three Dr. Pandas applications, I have to say that my g-babies love them all. They're able to use their imaginations to interact with the critters and I enjoy watching them.",5,8,1.5,2013-04-09 07:52:19,,
gp:AOqpTOFVrX_gEYt7kW7NRNonQuuGBDYuxx3qCwMV6Orqd7WfL-Wr01qjTROqUY7cXLH074VyusFWiSK6IkJSXw,Ekaterina Babourina-Brooks,https://play-lh.googleusercontent.com/-jNGjW0bUC1c/AAAAAAAAAAI/AAAAAAAAAAA/AMZuucmHajBG0k59z6pNvb6gyHikSNYqNQ/photo.jpg,2yo boy loves all your other games and has no trouble with them but the small items in this one even i could not move accurately like food etc. Also no minigames means no rewards and won't play it. hence would like a refund,1,1,1.2,2013-04-03 17:25:32,,
gp:AOqpTOEUsGWmsA1u8CB8kdQC0lZF1_Mcq078mMgeCOrrmAkZBiGPRHJ8T-7PZXtxZQrlz710SvGSzNMMM9Po9A,A Google user,https://play-lh.googleusercontent.com/EGemoI2NTXmTsBVtJqk8jxF9rh8ApRWfsIMQSt2uE4OcpQqbFu7f7NbTK05lx80nuSijCz7sc3a277R67g,I just like it!,5,0,1.2,2013-03-30 06:12:01,,
gp:AOqpTOGU_ry76VL5c1VsMxbcIsCmUUP4qYBzG6qV4Dbv00Zwg8iv8RC2egVxPN4dKl7Esnj0z3L9RxE8iZCpdw,Helen Rath,https://play-lh.googleusercontent.com/a-/AOh14GhYwkW-1j6PrYpYZyApg94tPE3Ieuz4AMYUQCG6YLw,My 2 and a half year old loves your game. I'm potty training her at the moment and I'd love a bathroom so she could help the little animals go to the toilet!!!!!,5,3,,2013-03-29 02:38:44,,
gp:AOqpTOG6CPRxiL27ysQn8CQkfdkeBVPDDn6m06G0BBkrWL9UwRJ4pRyeU0R2jK6HTRsuGfHB6CTSSFse_os2dQ,蜂須賀マリチエ,https://play-lh.googleusercontent.com/a-/AOh14Gg5RyOBFiRMaBYxq3-H-BHWzXXtXm5_ZtUlSBa8Vlc,"Five stars is not enough for this great application... Rated 101% excellent game. I also have the full version of dr.pandas hospital, cooking, and downloaded monkey junior. My 2 yr old daughter loves them all. Its worth the price for these engaging, interesting games of tribeplay... Good work!!!!",5,2,1.2,2013-03-16 10:28:30,,
gp:AOqpTOEUN3DTbGBf-5YlHw8fTueOXfU3zKX7j_LSIMeCw60bQPskCs5rdCkcWkT_HOBzIMzCabEutwPy9GuYRw,Jett Fulton,https://play-lh.googleusercontent.com/a-/AOh14GiVzpVZbXhgnP61CJQwjg2Betn_0aqQcqbCBRvfJg,Its OK not my favorite,1,0,1.2,2013-02-26 21:22:48,,
gp:AOqpTOELHqnf0pYgbylWngRnEBNrooSGDtw3aHVLkoe2d0pAZFVCRYsXi87JH3Z9gc7Ct2KKQGTyUsKwGuq5qA,Hessah Alothman,https://play-lh.googleusercontent.com/a-/AOh14GhbANu9_3aIJ9xtWnpL8QXBRT4d_djfCbXNCqPs6g,Super fun,5,1,1.2,2013-02-13 21:08:14,,
gp:AOqpTOETS3zx_vyzwLpWls1zBMfE5SQma_sdwKa_9UdAOKYGm29SdgipK3fXctbK4jzXgb0fb56sgUyppNLOAQ,Mary Pollock,https://play-lh.googleusercontent.com/a-/AOh14GijJnAocbZwDmjXBzFOb_xKCMwj9hSSUnOsg5n5y6g,"Granddaughter likes the game - but after playing for awhile, she wanted know when mommy or daddy were coming to get the kids. Would be nice to have some mini games or things that need to be done - like the other Dr Panda games.",3,1,1.2,2013-02-10 20:54:40,,
gp:AOqpTOECVZ-HLvZ4F9B3aku53yNIpdvoaZWlmBatGBOKGIz-6flMs22icv_W_uuvVBgaOK5imLQkcDeKrJG7RA,el hadi,https://play-lh.googleusercontent.com/-9uEH-mSu5ok/AAAAAAAAAAI/AAAAAAAAAAA/AMZuucnEXS2bQ6zc74g7anZKOQNZdJSyJA/photo.jpg,my girls LOVE this game. thanks to dev for making this brilliant game.i look forward to your future work for Kids. :),5,0,1.2,2013-02-04 09:51:00,,
gp:AOqpTOHqCu4cR1kpVDTpErL-w3KlxyQyFUGC2LMI-UDz09z6-jlVi9AGecKZujIFe8DZU6fjliTLPXBpsESI6Q,Paradyse Perez,https://play-lh.googleusercontent.com/a-/AOh14GiBOGze7aewPTwDfXJcS3fsV-o1yjWgvcSlc7ieLg,I love so oh much!!!,5,0,,2013-02-03 20:49:11,,
gp:AOqpTOGn9Qlz0DbNG46AwgI4jhr2yiyyRREchLXmDEFSJxEODZHYhr4Ww8l-vNIx5fJ1hjAmsvL37gaEztduDg,Kim Bee,https://play-lh.googleusercontent.com/a-/AOh14Gh1KsGKbdud65dGPj6x2IMga-KsGNUL1gi9RbQpUA,She loves it!,4,1,1.2,2013-01-20 11:18:27,,
gp:AOqpTOGuEqwzAe4a1YPUDdQBsDTprSz098S9KxKKAstGiT0z5nxh_25n9f0h365EcosHKV-kR2gEt-EiyNcdOA,SYAS HADEED,https://play-lh.googleusercontent.com/a-/AOh14GhC592UNh_gCPS-smnDlFRR-HTvVdP5gLbO4L0mkXA,This game is perfect for kids 5 and younger. All the games from this group are so educational in a fun way and this daycare game is my child's favorite. Great work and keep the games coming please.,5,4,1.2,2012-12-30 05:34:03,,
gp:AOqpTOH9yjvhULJubUKxj84BKcaMXJTF2g5IEQv290fJfJJuNRvjI0H8we5VoPlZGz7YTMCevPomjfK4OY6k-w,Thanh Nguyen,https://play-lh.googleusercontent.com/-c9Y3ThnL0-Q/AAAAAAAAAAI/AAAAAAAAAAA/AMZuuck_aJsxbZYgSSZWaVlqnX5VXSu33Q/photo.jpg,"This is a good game but I cannot rate this 5 star: my daughter who enjoys this game alot always wonders how the animal parents cannot pick up their children at the end of the day, so their school day never ends... Not logical for her who is picked up by me everyday at 5pm",4,18,1.2,2012-12-19 18:52:06,,
gp:AOqpTOGW9E4G-jMW2JU_gAUehBAHypuxEpeBH20RizAu8F2Rmj9ng3a5mFaghzSheYykqw_Mb3pY_bQQ5wAZFQ,Harjot Nagra,https://play-lh.googleusercontent.com/a-/AOh14GjDxoxLB2ja-A5NvfTaRJR2052NGFxoWmgTTjCH0g,My daughter (almost 4 years old) loves this game as well as the other games in this series. Well done. Great artwork as well.,5,4,1.2,2012-12-06 19:28:09,,
lg:AOqpTOEg5tyiwP75km2OwrxzHVg8nKnSoQD6sLanY5CyUVqdmUL1Iil3-_Fs_gP8ZGmkNO7JRA4bN5ad21dvTA,A Google user,https://play-lh.googleusercontent.com/EGemoI2NTXmTsBVtJqk8jxF9rh8ApRWfsIMQSt2uE4OcpQqbFu7f7NbTK05lx80nuSijCz7sc3a277R67g,Happy to see a new dr panda game. I like the creative play elements of daycare,5,2,1.0,2012-11-19 23:57:50,,
