reviewId,userName,userImage,content,score,thumbsUpCount,reviewCreatedVersion,at,replyContent,repliedAt
gp:AOqpTOHerIBNXwMnnOKUdJmu8ZuRalLlP0QHzNJPTNtDOhI2YoasyUYfjWy6rSlbPd5ZN__71albyyYeuXpwoy8,Amanda Fielding,https://play-lh.googleusercontent.com/a-/AOh14Gj5AT1--Lwk9KjDrDaC0B9a7st6HIE9YH5fKWe2,"Played this a lot as a kid on my pc. Now that it's on my phone, I play it everywhere.",5,0,1.2.3,2020-10-27 16:19:24,,
gp:AOqpTOHN2HMqWop3VLiTrNAzOYZgWD72Z9HASrtXfXv4nOxicQUD0pSp46BMiLrSZn_jO8VmwZyA3vWFagrRqZU,Kevin C Noperi Flores,https://play-lh.googleusercontent.com/-x3E1PQGoi9Q/AAAAAAAAAAI/AAAAAAAAAAA/AMZuuclqSrk8sZnG70c5n4gSGUxC9gtrig/photo.jpg,Bought this game because I loved playing it as a kid but every time you try and use it it shuts down would give it a -1 rate if I could,2,2,,2020-10-08 04:59:30,,
gp:AOqpTOGt50lVd_tkIqDFcONZsDKROn7jorVTss1T3X1acGRgsmzw7td0XKtflgoZjPZKT7KJjGJZvmVhQp1mXFQ,Nat Muglia,https://play-lh.googleusercontent.com/a-/AOh14Gg_D5uCv4EOIMd5EJHUPCBrJXcHexwGZ2rZeJiOqg,"Hey guys, they fixed the backgrounds! 5 stars now.",5,1,1.2.2,2020-09-18 00:31:03,,
gp:AOqpTOG7Yaay1lm2hruQzBk2pdeBxr6gDXD69Q_3mJFNOR2w0LY0BlsMz7Kh50cYIt4ClcXnPfzdzEt28y24Jik,Rynasha Wade,https://play-lh.googleusercontent.com/a-/AOh14GiOo_4wTHWQnBNkbIUxf41wX0zvKNmZKFD-H9L3eA,Nostalgic .,5,4,1.2.2,2019-11-07 04:10:50,,
gp:AOqpTOE9WXqcPnbHWtI015xr621ii_OQ-1DFvE9esKzXnsa5DwIzAYp-DuPFirFrz2kblwcUnem34RrJO8vtp3g,Ray Hagele,https://play-lh.googleusercontent.com/-iHir9EsXFpI/AAAAAAAAAAI/AAAAAAAAAAA/AMZuucmq3pQTCkqvcywOICC7bIUEyB63Nw/photo.jpg,the town part with the scrolling background is govered in green dots. Had to stop playing it because I feel insulted.,1,4,1.0.2,2019-01-20 18:12:02,,
gp:AOqpTOGtIF3YC1L09ZkVjco3jbSloukL2FCS1OgnmxcBR_5JBNg6evuERkwPYE71ImdZgX0zR4d1ZGa9D6D7U68,Nina de Britto,https://play-lh.googleusercontent.com/a-/AOh14GjSUJ_pgEjid-He4Qe3DBdcQ0d4BG3DiSOthdiYOQ,"At least this one gets past the licensing page, but the graphics/background is so grainy that I can't even see! Humungous is doing terrible with their Freddi Fish games. Waste of money for apps that don't work.",1,6,,2019-01-07 21:54:27,,
gp:AOqpTOHSPd5O7T8hcg9Gdjw7p6CIFdAH317jbQQyJIckyzMaNneAvKJrT5M1JX6vd7TxdIY6azvlXEotV9FF470,Ruthie Bridges,https://play-lh.googleusercontent.com/a-/AOh14GifA9LnR8T5ftCkO7Y_Fm_SA27fbXQ48_TxMzRWLA,Pretty good other than the green background,4,0,,2018-06-29 08:58:36,,
gp:AOqpTOF8MWqJVTIsfay4dwwgjuO-POt6B3sceKbmMi0c_tdZU86juRxYWPfzyuS5vgUlhnV8UDd04bs1jiekbcA,Kirstin Lowery,https://play-lh.googleusercontent.com/a-/AOh14GhTy6NpfLxT3bln82lqqU3NDbH1DeFxwyFBwMEe,"The graphics are HORRIBLE. all good up until it comes to exploring the 
town. Anytime I go into a place it's perfect, but when I come back out, 
it's all green and discolored. But all the characters are colored just 
fine. I paid 5$ for something I can barely see?",2,1,1.0.2,2018-05-15 13:10:29,,
gp:AOqpTOFLS_M-GKUcUjWzeq-C0aWKPVIYQQkq1Xf78EaaiV-pnSJcJgkrMvVScHJyW4ZSWw8IaFzBGrXGXPNxQWw,Ryan Minkoff,https://play-lh.googleusercontent.com/-JnYV6W89Tao/AAAAAAAAAAI/AAAAAAAAAAA/AMZuuclVR_7oXJh9cWhNYli7U37BdkR45A/photo.jpg,"The g ame was just as good as I remember however like many others here have said, there are major issues with the background as it is a grainy green. Please fix this graphics issue and I will rate this 5 stars",3,3,1.0.2,2017-12-25 00:34:51,,
gp:AOqpTOF28p5ESvUq3e_pSEd6nJuJF4usjA9NCifg9Hkv0zuu9zDbGxRxuZWXh20Ggs-qOtebCypvBiLHhOHPVbU,Gleezer,https://play-lh.googleusercontent.com/a-/AOh14Gg-Lbk8AnD7C3-Ls3LdinxGG5gWOF_K4sjBQWO032Q,Back ground issues !,1,0,1.0.2,2017-07-29 16:52:17,,
gp:AOqpTOH4AUWFofeWj9sEGp0FtpMAy528hOWlM_W3s-o5n7i_WSuIl0pyJZlQDN3qNWdtVnqI-hDpW0Xnuv2yr20,Madison Pedder,https://play-lh.googleusercontent.com/a-/AOh14GhoA8jpUO0-ejnpwEf00O4BhaQRlNfcCHu9_hcR,"Great, just as i remember it but the background is green and fuzzy as mentioned heaps of times by other people, would appreciate either a fix or a refund thanks",3,0,1.0.2,2017-05-08 20:58:36,,
gp:AOqpTOFqG7fB7NM7xvigRA3XYPaRjQSPAmpnRWyuPbbjP2AZZsRGu06OMtZtnadcxvjf94KekknCo3T4-eysB4o,Skye Watson,https://play-lh.googleusercontent.com/a-/AOh14Gj2WBBQKvAmZuNSQxDjPym4KnWCHnRU7YbZBevG,One of my favorites games as child but the background  is fuzzy and green needs to be fixed thanks if fixed i will give 5 stars,2,7,1.0.2,2016-12-01 02:55:57,,
gp:AOqpTOG-sMyF4aTulsUmtG9c13ERcr_BkSP4_cB4reA2MhV6iJXKiJxiJFPeQlHtdObRw9VbBS7BACHJLDQhhoM,Jennifer Steckling,https://play-lh.googleusercontent.com/-ajNQAX0_oTM/AAAAAAAAAAI/AAAAAAAAAAA/AMZuucknP81K4gANVaobRDmuKDBoEn7gIA/photo.jpg,It looks easy but it is really changelling,3,0,1.0.2,2016-01-30 17:01:49,,
gp:AOqpTOGdASI7rc-1UgQX0sevMK0Axnvz7szkT8jhq09vXpLF7rteHZhMlxpm6lRavcscoJFieOzScgq_52Z7a-s,Emily LeBlanc,https://play-lh.googleusercontent.com/-zqHvJo-6xxY/AAAAAAAAAAI/AAAAAAAAAAA/AMZuuck3a4001A051Kvhrr2HT9lFcSPG2w/photo.jpg,I hav waited for you guys to fix the background.  Iwould love to enjoy this game again.,2,0,,2015-12-04 15:11:39,,
gp:AOqpTOHQopT8s8utjVX891N_K6-jfMh-jUszMsmSSBySvy45_s1iNsOyEov-6czk5_-DK3sl0gNR3fiBQyBmTWg,Michael Arbios,https://play-lh.googleusercontent.com/-iX26Xxgbb_U/AAAAAAAAAAI/AAAAAAAAAAA/AMZuucnYnHIouewhY5ic6gf2yw0gMc7J_g/photo.jpg,Really enjoyed this game as a child would appreciate it if you guys would fix the back screen would give it 5 stars if you can fix it,2,2,1.0.2,2015-11-02 16:19:50,,
gp:AOqpTOGCSq7lo3D3qruLzO9cmF3bY_CcqiljwThzVucLgPbDGFIuTvQpLeCSD6q5dMDPqH1Z8TYxQgbLs3f1_fc,Alejandro Herko,https://play-lh.googleusercontent.com/a-/AOh14GgJN3cmHQl_Rz-kh_kzU1PQz6VSC5nypr68AwLl,"The game is fun to play, but there is a major background issue. When Freddie and Luther have to get permission from the mayor to investigate coral park the background turns green and fuzzy. Seems like there's an issue there. Please fix this.",2,5,1.0.2,2015-09-26 06:15:41,,
gp:AOqpTOEHlLY94mQHiDmVgzwpGxgdxf6lcORGMjwgajHwWD4xs2ZIsbF6cVVSq0mpibEpRrPGHxc-EfaQ9bUpqJY,Taryn Ratcliff,https://play-lh.googleusercontent.com/a-/AOh14Gj6j_AoadMs2-MRyTOoSZHkqdNS7SCdPp3Xuo5o2dQ,"The screen is messed up & i wld really like for u guys to fix it, plz.",3,4,1.0.2,2015-09-20 11:53:51,,
