reviewId,userName,userImage,content,score,thumbsUpCount,reviewCreatedVersion,at,replyContent,repliedAt
gp:AOqpTOGrnLu7dHcXfG9VSgkLXiUSeyZqXW0WcMLZs4PCQ10um6aQfOEpuzRVpTapnRs0nIxz1XJ_dcrwJyh41gI,Tori Jade Dearman,https://play-lh.googleusercontent.com/a-/AOh14Gj6djGP0hiWuc9eLRLs3c4NFRM-cEwXhY6FmBV_XDk,I used this app to make one gif. After that every time I try to save one the whole app just shuts down. Really disappointing since I paid for the pro version which I rarely do.,1,0,1.81,2021-02-08 05:35:45,,
gp:AOqpTOF4jGai1jwKkzTKObkWTUPmJAsmFpzrVDYmeTwqHHi2AUGuoSuF8uSiz0bpIqSl5R5n24WGGgbiVMVYqQQ,Mick Volks,https://play-lh.googleusercontent.com/a-/AOh14GgDHA40AanFuazjnpm53GYQDoT2mUreWlUOFzu081U,"It works well, would be nice if you could set the size you wanted the gif to be, and then it auto made the gif",3,0,1.81,2021-01-24 12:16:06,,
gp:AOqpTOGRU-VPTBYcdo5GkN0RR-u7qdUsYtHKsfkXAk9iYAFvogwJf-gFI64MgIgXlvHjMBoUtIzZo5mJnvV6G8A,kuldeep patel Bank Of India,https://play-lh.googleusercontent.com/-9Z4ZGmR4Rm0/AAAAAAAAAAI/AAAAAAAAAAA/AMZuucntMUV5FQuvN46O0VbKSm5LJMJaPw/photo.jpg,Good camera apk Thank you,5,0,,2020-12-28 17:39:42,,
gp:AOqpTOH_jUrGGlW9_VEFNfZDwMbajKn99_qOAS9AZPFkObQqWgmpJvQ3kvKlT-ySFfJT6YObIaPNSirWRUcBrpU,BabyGirl Billings,https://play-lh.googleusercontent.com/a-/AOh14Ghi6dApVKnHhoNtwHfYjIGuuBJUr2o9wWNm9F5IpQ,Love this app 😊,5,0,,2020-12-25 09:23:58,,
gp:AOqpTOEq1Sjukr_cJqpO3I6X3ZrMOnAmf0GLgIvTMP9qDz_gXGTsbJfHkTUqEnOl8I0IuSyV6WmOlZvbYoc1S9k,Nader Kabir,https://play-lh.googleusercontent.com/a-/AOh14GhQe-NQcjVuBB5d6N1NZOR_SyxVUw8GGDT0wo7v,Very weak,1,0,1.81,2020-12-15 20:45:26,,
gp:AOqpTOHTvfbiYyF-tnHMaeEzeJ-BNnCf6G7Fwvef6id7oNj7FjGp9zE8A6ffuWeZTWtGz2U_WoA3z0bG9ynzLKU,Ps Marius,https://play-lh.googleusercontent.com/a-/AOh14GitEVzUrz2guGnxs_Y5LzOzdVHD0yfi1Q99AAAF4g,"I am amased of how many people report bad quality when saving, and they don't notice the option right before save to change quality. I suggest the developer to change the default to High Dithering so many simple people won't complain any more. And add a warning that Whats App usually recompresses and make bad quality unless sending images as documents.",5,14,,2020-10-09 01:35:14,,
gp:AOqpTOEfJKLoa4JdOKWH8UmEcmpjawFlTzHtYjDZ0MEIu2IkgVNiYIxmbfwqUe2eRCfEkUtq_eoe8rGqJqcWUu0,Niranjay Pandey,https://play-lh.googleusercontent.com/-otDvx68avRU/AAAAAAAAAAI/AAAAAAAAAAA/AMZuucnYEztAIHPn7ZIbsOMd2QV96UqKag/photo.jpg,Nice app,2,0,,2020-08-30 07:02:52,,
gp:AOqpTOGa-OcPmViLX1AGjR8ng2BAaA3UVysdMWEsnb5HLt-NLkFfKvA7HHIX6CtLUhDQnr60oQEkp8iqfqMS1TA,Carlos M C,https://play-lh.googleusercontent.com/a-/AOh14GiudhuhZqFrxBTYaNgzL1qlVI_Ltc4SFrzcSny33w,🤪👍,5,0,,2020-08-16 23:04:37,,
gp:AOqpTOEkgXNPyhZNOJLupmTnah5cq7xJ0ds1NAImetA6JqHzfwM8p46yK3dt9EPaJV7l_ir2yv3_fBVbWBXU0DU,Royal Ottmar,https://play-lh.googleusercontent.com/-lsEJ-IY6nDM/AAAAAAAAAAI/AAAAAAAAAAA/AMZuucmsl5dqEI2pUCRzAC11oax-rAX91A/photo.jpg,How the heck do you use this app. I bought the pro and can find no instructions at all,1,1,1.79,2020-08-04 16:46:50,,
gp:AOqpTOFpyBDI-p9sxx2u4uf-s2nwddiFawMSWusJn7ScR06LgwX1ky0CIRKN7lHKTKycLMIlEqMBlqlOeONi9Bs,Jason Thomas,https://play-lh.googleusercontent.com/a-/AOh14GgkcvDAcpUy2ZaqEuiPwKPZk2RWHSEWQA9IUSVj2X8,Not goid hard to use,2,0,,2020-08-04 03:12:58,,
gp:AOqpTOEERS7Duh8Yo6jB-qSUbLnQL7LEUjBMTYlm00TaqC8uBhDV4a0YDNPQsqB-tbk_jiXj_XE2rHq0zYX5SPU,Abinash Satpathy,https://play-lh.googleusercontent.com/a-/AOh14GiyDZBVN9dGJKXVzAgG5p04Xi-FD9ZJ5M8K4SbiTjc,Too bad quality. No setting helps to increase the quality.,1,17,1.79,2020-07-16 11:26:05,,
gp:AOqpTOG9MJJAdHRJKg1EPz_qjJVG1XmhdghGCTGI8CUJ3jlIBA-qsZPiWv7jpAr8JtSNe7QRU266akuHeCBI6GY,Nono Sugiarto,https://play-lh.googleusercontent.com/a-/AOh14Gg-USO84YIhg3aHIpQ97Yry1abwTIX97XyMRD5D-w,Good app,5,0,1.79,2020-06-22 11:06:08,,
gp:AOqpTOHbGbisv7ZGkiZOskQjoJz-5oV1hlGMzSB5aX__FEc5shpTgrqNfltczTw63RdFYblXoppigDphsbr4cJk,Luciano Ferreira de Oliveira,https://play-lh.googleusercontent.com/a-/AOh14GgL_hYVzayvFht5SFYgPx4kanNBLhFAVJ7BwCmsgA,"Cool, Faster and so funny",5,1,1.79,2020-06-22 06:03:04,,
gp:AOqpTOGqeuE7MIziHBfR8E8Q2eAdb3TSmVmLvT1nG_LHS8N4VmMoUneco1cx1sUADLNSBtbu9LdIjZFqtcG97gQ,Sneaker Freaker,https://play-lh.googleusercontent.com/a-/AOh14GjC98khtIODnPgbahG73oosB1Zk4NWESI1hxz9T4Q,It it not good. I have tried about 5 tea with only one successful outcome. Even the one that worked was incredibly poor quality. Very disappointing. I will not use again.,1,17,1.79,2020-05-29 12:37:37,,
gp:AOqpTOHuiXlYZ38m4maACMLUYiuVDM1FeYJ5E4ZfJLPdKSm_1PsrgHuKyAhKwqhS-mvoALGtISY_pIpHoKgjRVA,Dmart Music,https://play-lh.googleusercontent.com/a-/AOh14GjK2LCz6ctHC-P_W1BDRotxDEPpFQxDC0rqMhZGnWU,nice app,5,0,,2020-05-23 04:04:22,,
gp:AOqpTOF7IDU9elabLVa44oarhv56h0_S6ZL5_ZvlWWwscMND-0M06SvYpEQ56wJTBZ0Xt5rDFIn470RFeuBCd58,Mike Carter,https://play-lh.googleusercontent.com/-e20PAUOD2iM/AAAAAAAAAAI/AAAAAAAAAAA/AMZuuckgnOcrhH-kWBv78UMtGs0I8E1dvA/photo.jpg,Great tool and fun to use,5,1,1.79,2020-05-17 13:14:09,,
gp:AOqpTOEWGWh1M1dBnXGnSxoRgHifc27VjlENFJG3K0skIlAMt6ilW0AASHJFCuBil_v8npXK12hK5MHhXgcqGMw,Andy Ng,https://play-lh.googleusercontent.com/a-/AOh14GjK_GS0OruVF-dovi2l3HbZ2vWCaNsNFxd5lbRP,good APP,5,0,1.79,2020-05-13 05:05:22,,
gp:AOqpTOEnoPX93zd7V_JMNDSUScPHBWWLQKbdsBDhmJHaT-X7_eo6rgENAAX2nhdTkorq1Bp9lhL9UBJUYvjlxQE,s Storm,https://play-lh.googleusercontent.com/a-/AOh14GgoCtqD3w9hkB4e_3Dqy4PAcNJf5al-6-CQkBKU,"Rubbish, it damaged my files",1,1,,2020-05-12 20:00:22,,
gp:AOqpTOEAhRWjToNaTV9N56WbhjIDT1URJA6mJoBPu2Frd6bu4BvimgszZurULNLhi3poHiSkT1B-EoyXbqT3nlk,orbun da,https://play-lh.googleusercontent.com/-0QTGbV7fgvA/AAAAAAAAAAI/AAAAAAAAWdY/AMZuuclPK5pSHVj3whOtfDoRw4UEuWGCDw/photo.jpg,"I've downloaded alooootta gif makers, and this ONE is the best! please fix. when i make a gif and share on whatsapp the quality is extremely bad for the person recieving it. shows all blocky, just really bad. even saving and sharing it as mp4",5,21,1.79,2020-05-05 15:52:12,,
gp:AOqpTOGl0UuUeujEWcsRfnVIrYEoWIHfiq4TbfBX6SZrEOdzPr2MFUUvO459b8Pajoqs87IR60iYnaypWtzMoH0,Mark Despoth,https://play-lh.googleusercontent.com/-v6V5bAKgqCk/AAAAAAAAAAI/AAAAAAAAAAA/AMZuuclF1J8Afj8ANb0p9mhwBDY_SFCDPA/photo.jpg,I have fun with it!,5,0,1.79,2020-04-07 03:17:38,,
gp:AOqpTOHrUW4AN7jJGPBNWyhIUbYhYKN0rGez7eCv7PYPmX0o_h_uN0mjEbO2SiwFiog2SwB2U8W6RUKhIX9pqxM,Maja Grings,https://play-lh.googleusercontent.com/a-/AOh14Gh4B8GfrXOs2FmIBAocK646ASw5xU58gfBOOZT2MA,Easy to use and works well.,5,1,1.79,2020-03-31 11:38:39,,
gp:AOqpTOH6quMG4xLLMA3sSUdhmkyvA5LHJBMn7CM-yX8v4BoU0PMvp2qwiOiZthlZMsl7Rqsp4MiuhKcD8FxuvWQ,Boo Boo,https://play-lh.googleusercontent.com/-83kZqfOPjaI/AAAAAAAAAAI/AAAAAAAAAAA/AMZuuclkup8NBZeIy9E_So4PMiDxukAnJA/photo.jpg,Excellent,5,0,1.79,2020-03-29 04:13:19,,
gp:AOqpTOHu29AhpL1dTQhLEYaRK6AP2yilRNbCgxHLN7WfslGvg60fHGB8iTWx-Gey-xeqZkzo0nZgP4vPlQ4mCSc,Hadri Hasan,https://play-lh.googleusercontent.com/-IjZnImg5KxQ/AAAAAAAAAAI/AAAAAAAAIbk/AMZuucmEPHcOkbzW3RYBgUcbdFIHhtYaVg/photo.jpg,ggood,5,1,1.79,2020-03-13 18:29:53,,
gp:AOqpTOGhBicYR22hZ6e3O2XP1fuXiQeoZor15LEikknDs9j9GTXplsU6tPF-1O4WDAIr0ZTK273ZGn0zkTt1TuM,running fast,https://play-lh.googleusercontent.com/a-/AOh14Gg8Qz2iVg8uYs-dNCqCOH8b6LqI1jLVknMi97nlHts,Awesome!,5,0,1.79,2020-03-08 09:55:02,,
gp:AOqpTOGMfT2MHHZ4umq4yUB_L4TINmfPie2HluQVEXhzDd8zVnmnUMXTPC8BRbaWFNIvva8D57Uh41tXm43PanI,Adam Mock,https://play-lh.googleusercontent.com/a-/AOh14GgiVAzNBbnQK2MMWMDkiWCCV3G5qxnyyQZSOkzwEQ,Awesome,5,0,1.79,2020-02-22 19:19:36,,
gp:AOqpTOFetlxhGlzM1iU-ONGhVzItm7URnQar-gqvo17eAFL05qfUywJuUk7Y3CZthQD04_hprEGFj1SezdFgd20,Muhammad Tahir,https://play-lh.googleusercontent.com/a-/AOh14Gjt_HH3WlJNNtA_3J9CMHNJhXjKrYMVg9P8fnuHhQ,Tried this app for a gif and loved the final result.,5,0,1.79,2020-02-22 14:53:02,,
gp:AOqpTOEK6v4sdStkRdMxIBkLMNz3wCgXz-MSpjf3rJJ4mqRUSk2eLkqB6i6Jd8Z2NZCexU_fSlAqCwiUpf8ZhY0,Jose Cabrera,https://play-lh.googleusercontent.com/a-/AOh14GjX7VKhHemfTcvM8R9au_pU3SRSyWlNfFyAM4sj,Great app - easy to use and does what it says it does.,5,0,1.79,2020-02-22 08:28:44,,
gp:AOqpTOHRAVbjTl1s8U-yCSca_-oMZ20fb3visP8hNj4BNyK-D8vTY1dfDjrLeqIO_xcl9CztzdakJ-Y2xIb2Dr0,2021 Letest,https://play-lh.googleusercontent.com/a-/AOh14GiXc6oSadgE3ET-2AFgom1q4GZnseS2l60lGEOMvA,All humanity need free this app,1,0,,2020-02-21 06:30:27,,
gp:AOqpTOE8Tti22we48u1Z_XJnPymoLzIl9gZbb0V1f7H3EcFuBoYR3NAbNPT3i77ah1-lyEB5Sf_20VqS57r8sPQ,Shug Michael,https://play-lh.googleusercontent.com/a-/AOh14GjREquX3HznpTzi4_OOWM2XPDPF6insHcHTf6901Q,Pro version does not get added to family library despite being a requirement since 2016 for pro/premium versions of free apps/games.,1,15,1.79,2020-02-20 16:51:35,,
gp:AOqpTOFElQRKsiDhYDbADjbNgCxPy0Oe5rI1DgtAB0y1Ct7oP8YdSAXKlyrF96OLSKYR2uDh7vdVoezNzhjoV50,Curtis Cnog,https://play-lh.googleusercontent.com/-LXw-SY7NJUk/AAAAAAAAAAI/AAAAAAAAHRk/AMZuucmdY7n58r_Wd-57KMO2SRJTfYPBSA/photo.jpg,Super low quality,2,0,1.79,2020-01-12 21:55:14,,
gp:AOqpTOEbuhKyd96WpDqN5ARscPWNxrDizsFpoPVe6JJvBkHFPN0r7UVSpiikh8fgUyhrsB3jFVmNNTODH0Xp8ew,Art Attack,https://play-lh.googleusercontent.com/a-/AOh14GhvTLSI9-A3XhXyv2XnDPJnPfOv7uTbtBFvMCK3uA,"Trash, keeps crashing",1,0,,2020-01-10 22:27:59,,
gp:AOqpTOG294yDYMYNKV4EyU9vi2Ti5WPqnRpRfgcqdnr6HkAaxp8pjnhsOCZAIvBrkkXfwVPuIziESytJ0ueiR0M,D. CK,https://play-lh.googleusercontent.com/a-/AOh14GhD77oF69if2l9Bm_bRcx9e1iz0bi2dSGubBdpKsnQ,When minimize the app you lost your edited work. When open the app again you see blank screen. Is it possible to see output size and resolution pls???,4,10,1.79,2019-12-30 14:04:11,,
gp:AOqpTOHY8ftyb9Drl5D3KzGT_-YmmR9Ei11S2ne9fI1vCDts_8rWjCS5n0mvLEeMqkw5zubCib4xPaqcVEJRSYw,Derrick Manor,https://play-lh.googleusercontent.com/a-/AOh14GitSPLlAHemCS2JWnDeZ9KzxnDatp5Yoq5AcOtCIA,"Junk. Cant even resize text. Wish I could get my money back, so a 1 star it is.",1,22,1.79,2019-12-25 08:56:54,,
gp:AOqpTOE7t7DD35V2cV9mJ5HCxm_TgGSQJpPFDUWkP28Jqk51-98fk0DhkDjVNk-GyhXm0-K1FI_3RXkll9rUens,Nicolaus Isco,https://play-lh.googleusercontent.com/-0idNLlaHqp0/AAAAAAAAAAI/AAAAAAAAAAA/AMZuucn1ZfZR7Y3EMIfGKcI92ZiJNCVYmw/photo.jpg,Keeps crashing when open video mode or import video. Oneplus 5t,1,2,1.79,2019-12-24 21:21:18,,
gp:AOqpTOE4_9xoySQ3HkMNy2locVW-7sLzGkfeFz_xXj8AAXObSuedXIWteK5-LeY7cXizzKIQqWPmWRxzVymt7nY,manoj golaniya,https://play-lh.googleusercontent.com/-YssfFoIBgQs/AAAAAAAAAAI/AAAAAAAAAAA/AMZuucnF8LdaWyIfv2OzTLlLd_7rdht6HA/photo.jpg,Good,4,0,,2019-12-20 01:08:38,,
gp:AOqpTOEmxvyLfFbH2YQlSkDRvFBzI1ViBaIwYtVOb-JtUQObm6gwnX4iCdxK1IxJfD8QfDG5D4Gp97DfOl2hNCA,D.J. McCracken,https://play-lh.googleusercontent.com/a-/AOh14GjYO7A2LKe_EVILKwmDdg_ugnhVBMGqau8C1B7uC8o,Great app. You can use up to 100 images in a gif and adjust the speed of playback. Great job.,5,16,1.79,2019-11-11 11:07:37,,
gp:AOqpTOHR3miEUq1ZdAs1WUUTX1GO_fsLemO2VA04s2wENix7g2vVqNCelQevOGy76gwd8tRr1Sn9GmEWdDgZRUg,Troy Dalton,https://play-lh.googleusercontent.com/a-/AOh14GgD2rZ9qkY7aWnVBme2MiqQXxT9UIxRThaQxIhy,"I got it, ran it to test, it crashed....",1,1,1.79,2019-10-15 04:01:14,,
gp:AOqpTOFTFge6gDf3ayu9J-4DBpOukzO-PcsujYGlu2DnrUMYu8bRLYFP8rFUgJA2R-qQExqidFQfnOvOl1HuhfQ,Stella Vega,https://play-lh.googleusercontent.com/a-/AOh14GhNKPxN0bFxWIjGgk2ttXGM7De_BVPojVKbragQEWs,"So far, very good. But I've only tried for limited time. I did go ahead and paid for no ads. So hope it continues to satisfy. I'll let y'all know.",5,7,1.79,2019-10-08 07:45:36,,
gp:AOqpTOFBQzR_tq4B6EqVapaWPRcWKwOyQToJBHxiQ0Y_nDRMvljhsn3FD-Y_0yIoejtCUgzHoxfLDcCH9LeKfFM,Jack,https://play-lh.googleusercontent.com/a-/AOh14GghnMTpa5EnjDnCZvv5wcE6NA4aeyzzONjUwpn63w,Doesn't render videos into gifs majority of the time.,1,7,1.79,2019-09-06 23:53:03,,
gp:AOqpTOEDCb3A8szRE8LHoCsNpLfW6eu_7BHR_Pl_8Z0hqmCbUESSynuYIHGlHmKW0dIUpwfBNYSKg4IQxoO6kHM,Tasya Smijan,https://play-lh.googleusercontent.com/a-/AOh14GjwKxyJDuLVgRralXF6kbnFEOBr4M4HUoUlJFLUlQM,Nice,5,0,1.79,2019-09-01 00:56:13,,
gp:AOqpTOEpZqe9OqJn3aZEJbTAIIev0ldDkGL9B5inXL6jtBwnV-zBY2LwNw2Ucl29Qv8vpF7Wjc2zxzXgAdGkcZE,MOHAMMED NOUFAL,https://play-lh.googleusercontent.com/a-/AOh14GjN_vvAEIlyWiBDKR-WzPbQi5rPKyB2qkl5FzmfLw,good 💚❤️💙,5,1,1.79,2019-09-01 00:05:06,,
gp:AOqpTOFma992J9LEEQyK56PCPoP98r_GD6xEa3mNMNqXrkwem-eKP42ixsQ25-PX66NOtHMwmbEVKkTpw1Y7pEY,Ali Taghi,https://play-lh.googleusercontent.com/-ujUzBD9q4BU/AAAAAAAAAAI/AAAAAAAAAAA/AMZuuclrUnsA4n6c2hGyrr8rf1uDLfTHQQ/photo.jpg,The idea is good. App is easy to use. However it has limitations. It crops everything to square sizes and does not let you even choose which part you want to crop/keep. With Gif Me! I wasn't able to find all my photos. Looks like the app looks only in cetain folders.,2,1,1.79,2019-08-31 20:09:45,,
gp:AOqpTOFIPKKbipDtrANsWn1LF7qTNbuz5wpgpt3tS8gxwp1CcneGsGTs_l0vZw_ylUCpu-n93C0x5EbxU7ksItg,Michael Hubeek,https://play-lh.googleusercontent.com/a-/AOh14GiNy8pIW3fkbbAXtw4scT9vxXL4kPS9U4ijdG__CQ,Top job,5,0,1.79,2019-08-30 06:55:56,,
gp:AOqpTOEadgB-cvtBwa4A523SRsg9KBXB8DrEu6AUcwLMxhouuRFbzSpgMykEy4za1ImHZOeT5mupJzLfib8I0fE,J D,https://play-lh.googleusercontent.com/a-/AOh14Ggvf12EN4miQesL6AVPxK4HRQjeJIM-B5VFzx_MoQ,Crashes every I time I would like to create a gif. This is something that hasn't happened before. Why?,1,4,1.76,2019-06-20 21:19:29,,
gp:AOqpTOEnCPSpeucO7XEDEkmvoxs5CN-tdn69zngfY8OJsHTOU3jE_sHqNMJbTm1Aq5vNSQ2eHeH42jUHgpe4Nh0,Ted Truong,https://play-lh.googleusercontent.com/-UKFbxVowDlY/AAAAAAAAAAI/AAAAAAAAAAA/AMZuucn8N3VXtUSDMW5SSCQvjwREHMZDjQ/photo.jpg,awesome gif making app. have option to control gif speed.,5,4,1.76,2019-06-13 00:29:11,,
gp:AOqpTOEg1wx3uBo1CWDBi7-hwkwl0-LqYBBkwCMgXXIfFdmor6YpHXjH6JCM9iQC41WlQ7Y9mvvJk0kgCxsubfs,Ali Hajjar,https://play-lh.googleusercontent.com/a-/AOh14GhiTavE_azos8wdMsKHXrG32-rWW0SQ9St31ftzNA,Very Nick app and Easy to use.,5,2,1.76,2019-05-25 10:04:14,,
gp:AOqpTOFEF9CXHuJdHNdwZ7uEtMpvPw5divoUb15BE6-pwCsQ5vafmILWT4ew-ASH-4pKGQlY-ufren3fX31nZWs,Prudent Pig,https://play-lh.googleusercontent.com/-Si89QHXMpI0/AAAAAAAAAAI/AAAAAAAAAAA/AMZuucmW-BHLpc46fEjWXlM3wRwpdj3M5Q/photo.jpg,"Great, instructions could be better",4,2,1.76,2019-05-11 14:11:29,,
gp:AOqpTOE3ESQmQrrFHM11t8NrlDmkkzFAU1vo5dxrTVD8MtYs0ePtSrMCrA4Fvow6Ddfwtei3_J-O0klei_G1NPI,David Sabo,https://play-lh.googleusercontent.com/a-/AOh14GjOK72Pi6zqu0WF02CrEmjYdqIlCIszKAO676uL1w,waffle fries,5,0,,2019-05-03 11:02:20,,
gp:AOqpTOHUDXFMq3ax7y-0mzdEttt0VRPmc29wEkpHbwq8n1eOjP-IooB1Y2VtiowR2GvKXPzTRLv7KVzOKN093oA,shyam prasad,https://play-lh.googleusercontent.com/a-/AOh14GhYflTlvFIe2rEjraPfZ9rgHFbuLEzSyL2ROAzDIw,More than good!,4,0,1.76,2019-05-02 04:16:50,,
gp:AOqpTOFcAz9jJW0pFLJU9hlmvodAeV4MzXVNmwq-wL7S-jTJiK8oHInB6wRjqenc4wiM5F_hUBZdPE9MV6Ncnek,PK ArTnGo,https://play-lh.googleusercontent.com/a-/AOh14GgaJ0r82ux7iZ1CQmbSn5ONkI7S56gtrN3SgNeiRyo,nice and simple,5,0,1.76,2019-04-26 10:06:08,,
gp:AOqpTOGXRfOy6lr_Uvzkb3GDDeDyJ4ZXwr_oKBsi_UikvGmibFfF3fR018AqkOaIDfyCOyAdbLhH_TCbnnbjjPE,Gord Havens,https://play-lh.googleusercontent.com/a-/AOh14GjEyrmUAU4aK6CSMKWoNcKZhasraFznE3rA4kNphw,Awesome app! Just like your other ones.,5,4,1.76,2019-04-13 15:44:08,,
gp:AOqpTOHInsYYBLfdak80PjneiyQ5cznTlKsI8ibrMVcpHqhmrG7aBIckbeVnd49Yg6coCeda4hoITMu_4WteF8Y,Shahid Samee,https://play-lh.googleusercontent.com/a-/AOh14Ghyw0weyr7UQrMeZ_Zfl2npqTtraNQKsM-EtQPTTw,awsome app,5,0,1.76,2019-04-12 05:19:09,,
gp:AOqpTOFwf7joqybGPkpAsuA7T_vA-MGR7OKIglnCAHpOwzZnF93mSfrORNXl_hv-LAhvXlZIbqIRH2YUFsbjTaM,Christopher Shannon Martinez,https://play-lh.googleusercontent.com/a-/AOh14GjIYR0ZWTwPG5nmH3lCGtn5emWyv58B9_ihlpnWTw,kinda fun,3,0,1.76,2019-03-20 23:02:49,,
gp:AOqpTOHMQ7Z2UV6agBxSaHxW1c7hb2K4EDNyXMoKd8RP-yUXPnAmqg3599sX9Mgwq4lfY2DUWwz0pTLcrd_scgs,Prefix JZ,https://play-lh.googleusercontent.com/-CSAr82Cn7uU/AAAAAAAAAAI/AAAAAAAAAAA/AMZuuclsQsyrA2-g0DpORovWay3x_N3mlg/photo.jpg,had a great joy with this app.,5,2,1.76,2019-03-09 08:43:54,,
gp:AOqpTOEH6Z_2B_U5TkIhuM4gMweE-oNU7EJbebPbkUPYfjseTeYeK1nzC05jjJPPcrKl2LBGfFiVfTIvklJ1gRE,A Google user,https://play-lh.googleusercontent.com/EGemoI2NTXmTsBVtJqk8jxF9rh8ApRWfsIMQSt2uE4OcpQqbFu7f7NbTK05lx80nuSijCz7sc3a277R67g,Excellent app get it you will not regret it..,5,2,1.76,2019-03-09 05:22:34,,
gp:AOqpTOGvDj-csvjjVy91uYX2b0riNnD0snMaEvUShHuE52rAK2pUHV0M3W4zu456T4gIf2ERhT89e4C5oudCFlI,Cyber Fame,https://play-lh.googleusercontent.com/a-/AOh14Ghpvi1bqHypdtW2zBT2KpSrcqoSG6wbJwz33Y3GEEY,"working but only 200frames max, why?",3,4,1.76,2019-03-08 23:56:30,,
gp:AOqpTOEQ00o5oYLZEck96r84B8WbEh43ZS5g12cuCj0VTZWFU1AeXmvARDIPZ1FpP5-SdnYZwawZRBJzPMfDqho,g shute,https://play-lh.googleusercontent.com/a-/AOh14GgCZL90KpDl_vnUqP4ImiyP6ndKmGt-9THgaql_6w,"I bought it to crop a gif, and set it as my home screen.There's no indication in the app that this is possible. Maybe the online review I read was wrong. If so, sorry.",1,1,,2019-02-06 22:43:50,,
gp:AOqpTOF0OBDwR7FgrbQSHGgLI6km__Qfz6qDb7d1CXmAgtWm0UoUdUPkzukcTllRCayy1hKW1CnCa1fGUG1i0tM,A Google user,https://play-lh.googleusercontent.com/EGemoI2NTXmTsBVtJqk8jxF9rh8ApRWfsIMQSt2uE4OcpQqbFu7f7NbTK05lx80nuSijCz7sc3a277R67g,Love this,5,0,,2019-02-01 01:38:12,,
gp:AOqpTOE___tXyaQT42KaeA-ovQgqc_45FHV__0E23-F_bRJdTIIBi_i775f8R9znYa5AS0UOOotnoPsJE-7f25Q,Mazhar Hussain,https://play-lh.googleusercontent.com/a-/AOh14GhuF2NeO5TXXiTR2FXIN-UEfz70tw9_TATyNKdHwA,tried it!,3,0,1.75,2019-02-01 00:24:27,,
gp:AOqpTOG7JRXvl2JFkgIblZ3KPa9j2M2lJbHXchlqzgA4_8mMP2ZmVQ98ueqaEN_eApX2UAO142T5WCgguZWa_As,BabyGirl Billings,https://play-lh.googleusercontent.com/a-/AOh14GilWx4GByzMOftLpFZMUq2LGKzXAbSpMD_kVQbE4Q,Love this app,5,8,1.75,2019-01-29 10:53:22,,
gp:AOqpTOHbstMYLR55aqJQJNKzoBkKZYrVC6-0lSvTCG2E1oZNmF9X-Kvq9urbvaJW7PdA49q1P5rxYYm5ZbNt_2U,Carlos Munoz C,https://play-lh.googleusercontent.com/a-/AOh14Gi-QBXxRzKlj3r73H1s3STMm9ZjJxFJOon7UWZ4Aw,Razer phone ..Really cool app gets better every update,5,4,1.75,2019-01-28 13:31:24,,
gp:AOqpTOFphD260kuk1wlW1Xoec0Ip6_KuAiSPzmLy11LGxSfacGwWboCz8Br4ex1V241rYeft1CC34vJbBzhL6WM,Scott Brown,https://play-lh.googleusercontent.com/a-/AOh14GiTYRNJIapeEjb7hlBzJmbw9i6-G-InNYAQHcWb-Q,Great,5,0,1.74,2018-12-05 09:05:56,,
gp:AOqpTOGeaDAsydbkLZfZcrxkSywCLJZNnePRD4CTYRAIXx0Wep0uNmH0TNd88hAyPkw5FMrpdshKrrgKUBa8mtc,Eric Bock,https://play-lh.googleusercontent.com/-tVDBegR7M0Q/AAAAAAAAAAI/AAAAAAAAAAA/AMZuucnPzH7rARg21Jy2Pqw0vmUDIOhQZg/photo.jpg,"Crops everything to square, cannot open images from other apps.",2,20,1.74,2018-11-28 08:36:54,,
gp:AOqpTOEk45tIPk-3L5tT_Zb1Ze2TyPM3l-x9Haoo0rdPOh6SyQuKwUtJZr6tTg8SdU6Uq_ujkIeNCrH9j8SXbkY,MrJsun55,https://play-lh.googleusercontent.com/-Q68f3qEdBf0/AAAAAAAAAAI/AAAAAAAAAAA/AMZuucklxKQxOOLGm2wt43DfuqObatc8UA/photo.jpg,"Simple, fast video tool.",5,3,1.74,2018-10-13 21:46:07,,
gp:AOqpTOE7x5iCjSYVkQDQQ7PO4kakrdAT1KlbN24lJ1Vx0FB2CzP_qOhC55fU4_08Hr5nLwuh7L4VHeygjR2aHIc,RywilsonFan YT,https://play-lh.googleusercontent.com/a-/AOh14GgEFYkY0ixsZ8RQ7T3IkIKtxC8aiirbPB7E6TQ9tQ,Love it,5,0,,2018-10-06 05:46:55,,
gp:AOqpTOF3RXOBSBDHNQgPbbZwLh-dbw4VBysopDTlUo-LT2e65VwvVm66S_nDkRr_Nu3ctf_vpsDYhBFo1-Oej2U,Narshingbari Saddam,https://play-lh.googleusercontent.com/a-/AOh14GiJCkSThgi5LF3bWRhH-bkDg7xIrJdv6Itz_ZN8QA,Excellent application I have purchased it,5,1,1.74,2018-09-29 03:57:09,,
gp:AOqpTOFiHHTV8eCzLMybYO5ghfviOEGcAv7MYQJbTQsjyNvxHdXuswBdgETQfqBoHJzP_TjnMOeP4LYpK7NBJWw,Mustapha Djebiri,https://play-lh.googleusercontent.com/a-/AOh14GhdIenNXtxkwlHSkLBxVJi8ZW9BwIAhH20-PFtRAg,Best,5,0,1.74,2018-09-13 22:08:13,,
gp:AOqpTOERbZ9kE3gyH9jK0MEmPvlpeN0baLgqTAjGEDjAN0d3N6GYeXZXJJJ7Ywm8JT2BI74xQXCBnuv9M_iaebs,José A. Aponte,https://play-lh.googleusercontent.com/a-/AOh14Gg9Lc-U9m2AMVIevLPRJSJHXVn6MfpdNKPYEgtNHA,"""010918..p'dv..kfr.thank's...""",5,1,1.74,2018-09-01 04:35:04,,
gp:AOqpTOE7GASqlrLkoLihJ2EBrlgZnJLvXDnzM6UE9uxyKY8TD6kl5Kx74LCch3WPu6_JBI8vCMUO6olqu-ITOZQ,Babak Abi,https://play-lh.googleusercontent.com/a-/AOh14Gicin-KTjVni30K550pYmqqlwjm1xD1qUgBOMB_BQ,"spy&Ad ware , just another smart spyware",1,4,1.74,2018-08-05 05:36:10,,
gp:AOqpTOGIsABRR11K_yrt6V6Wmxme2UmED7hDNk1O7t8l7JgXy6RYTAl3woc4qLIS5FyVv53H1JX5HmsiOyS0DQY,Benito Bernard,https://play-lh.googleusercontent.com/a-/AOh14GgGm5dOgxRBcpVgSrZae-FpulcAfQDSaDC6kUr87g,Butter,5,1,1.74,2018-07-27 01:11:02,,
gp:AOqpTOGQVAzBtiuTQ37UcLK3QL57LzxIxv475pEcz_Matbb9mE7Dnh7B7orX4A6FPMQ4N-6xMrHMgpOkWQa85oE,A Google user,https://play-lh.googleusercontent.com/EGemoI2NTXmTsBVtJqk8jxF9rh8ApRWfsIMQSt2uE4OcpQqbFu7f7NbTK05lx80nuSijCz7sc3a277R67g,"Great retro effects, just like my old 110 camera.",5,1,1.74,2018-07-13 14:45:34,,
gp:AOqpTOEN0pqbtp97iEODNFl-KLjcpmwc-OxzPJEFMGiCpcfT6iXOvVtc3zWad_BRckH3MaKGSyWwXLXp1y1F_Jg,Kittie DeWitt,https://play-lh.googleusercontent.com/-13b4dw1ljrE/AAAAAAAAAAI/AAAAAAAAAAA/AMZuucnrxczG3uVTMruZIS-z_ITFZQ7tFg/photo.jpg,"Not a gif creator its more or less a video maker gifs don't cycle through 
different photos gis are pictures with motion to them. Y'all need to label 
your apps better. Dissapointed nothing what im looking for.",1,28,1.74,2018-05-12 08:41:18,,
gp:AOqpTOG4eO--diFKRWxHsrtSvy4hNSxcCsJeJJQ0LIfNJ2dbBnjs4sSnrQWJNJM-L2QorE0TY1ddNKXMi7aliTM,camaro charger,https://play-lh.googleusercontent.com/a-/AOh14Gg9irrfMOE6grleIlEc10udqsw2LbMTphMeaG3-,Not bad.,5,1,1.74,2018-05-12 04:22:41,,
gp:AOqpTOHvQkFiGhJTJr8n8jGqul4Ynal-mm85yzHP0vRzGvkNs3FnNdjliiY_CD91sucf50IMeUX2GHzwEz-Nui4,HENDRIK LE ROUX,https://play-lh.googleusercontent.com/-a6KeLbJPzIA/AAAAAAAAAAI/AAAAAAAAAAA/AMZuucl4s6ii4DEM01KAwvLJh7aoq1W8ug/photo.jpg,Thank u,5,2,1.74,2018-05-10 20:51:54,,
gp:AOqpTOECuTxhqtlZd1iPlm1QtCcFInmbnptCaDdFR_fPyn1BjvcG3lL_bu7Xr9rq3tBftotUJKy5BX0dkFeQVXo,Jack Percy,https://play-lh.googleusercontent.com/a-/AOh14Gi2gBFYAVhINkqivS37RRDAIdKIPS9WbIIFx68RgA,"There are GIF apps that play the video in order to capture frames. This one 
doesn't, unfortunately.",2,9,1.74,2018-04-28 03:16:45,,
gp:AOqpTOFAyYCybYgCIuJxx1b_MK-s3adkN9dsaUaY5Jh2MjAJGx_eJWMMzVK2TW2KUPgWtNRNNxS8Tvt4sMXEL2w,Thanigaivel M,https://play-lh.googleusercontent.com/a-/AOh14GiQw0K5EnqRgODX05K9kTKnWqBIhNxrepVK-JVl4w,Good one,5,0,1.74,2018-04-19 06:44:39,,
gp:AOqpTOFxdyl66Y-dE7u1ZmUHc1MFaUBfXQLYhQJB8Jj5XqvX8WmEFvaF3lqydbczcT52BS3Tr-7cuhYfofvVNBU,Brommas.,https://play-lh.googleusercontent.com/a-/AOh14GjcltsMSFYAG1dAjT1igFAFXC2GCscSQY649BCBkA,Cool,5,0,1.74,2018-04-10 08:02:35,,
gp:AOqpTOEznfvsxaUlF7ZPHyLL1y6P7yIhlRmdLAwfBjLzafgo743vGXSEVBu3pnG7fp3_IuQH3K05RhmX7ShNSxY,becky s,https://play-lh.googleusercontent.com/a-/AOh14GiaRZBBJisZ-dSuc8u7PRbx2Nu4hPpPIpVmjFVx,"It's awesome. Easy to use, makes good gifs, easy to configure",5,16,1.74,2018-04-07 12:17:11,,
gp:AOqpTOFhEoI3modIgxOz7ebfRTNYlvQzstlL2Nz9UKrdFhMmIRh6n8KP2LIgOmUQahcOC-FoS3lPf-IEyyE93fc,A Google user,https://play-lh.googleusercontent.com/EGemoI2NTXmTsBVtJqk8jxF9rh8ApRWfsIMQSt2uE4OcpQqbFu7f7NbTK05lx80nuSijCz7sc3a277R67g,Basic easy and effective. Lots of fun,4,3,1.74,2018-04-06 21:09:22,,
gp:AOqpTOGWXSWL7-v33eCn86GiYIUYS0H3XmyEpz_jjDF5xLWovVT9I5rPOBxAf7vtqXiV01r_lDGMrrIhbizaH_k,Gennady Gerun,https://play-lh.googleusercontent.com/a-/AOh14Gh-LT_WEvk73Uw-GOAMWIylzmSLr7W1w--4-bzIYQ,Easy to use and provides exactly what I need,5,0,1.74,2018-04-06 08:33:11,,
gp:AOqpTOFpoQoA201K2-66ETG5P7t43DG0gGvofcB5Id1Jl6ORDjTmoeO0aPzJNkdyA6ByH67ztceQc9DdR60OvE4,A Google user,https://play-lh.googleusercontent.com/EGemoI2NTXmTsBVtJqk8jxF9rh8ApRWfsIMQSt2uE4OcpQqbFu7f7NbTK05lx80nuSijCz7sc3a277R67g,Won't even open,1,0,,2018-04-06 04:10:35,,
gp:AOqpTOGSK_3_k8PWVnMWPG-PxtOVIE-aOOyhscjhrZMb_st1se1vSyo8tNtEqNMSw_M6XTAXSyzVIz117-0bHHo,Evan Gardipy,https://play-lh.googleusercontent.com/a-/AOh14Gj-_NkmtPPsikfmXzF75oNZVVAvl98kMF-YHLUF6g,Very good,4,7,1.74,2018-03-29 22:21:20,,
gp:AOqpTOGarVe6M0cEOIDRdxdcXIzo9yLrJS2_K9Hble9DVHg8oI6ijcGwrwBC7JC2lIZ8ib9naLP6NSwVT7XtDG0,Davie McCrae,https://play-lh.googleusercontent.com/a-/AOh14GgIO37KE-Cq6sVNG9rKUfWCUiacWpPQGfb7B4_IeQ,I'm really enjoying using this app.,5,0,1.69,2018-03-19 08:02:37,,
gp:AOqpTOFzTh5XUi30fNeJDvlHbc4Ac5uQc3QwLUCzIKDwxVNkdLG7Ybau4se-_HJvd3GOzQLFx26L-4bCcfI97jE,Dylan Modlin,https://play-lh.googleusercontent.com/a-/AOh14GhnjB2cgNqjuftUkDhR73f0neb9nA8WKGYXTIGw2tM,"Awsome app, realy fun.",5,0,1.69,2018-03-08 02:18:22,,
gp:AOqpTOFl-DebudqsPkFESHtFRKDCjMb-x4f6Sg-9nFlSifXYAWUqGAyFZ7-eeh4IFzeQxtAD6TqpeaWdjl4l7AE,BD. GAMERS LEAGUE,https://play-lh.googleusercontent.com/a-/AOh14GiMMfk5uCgJbNG1JlS6eTNBfc_pbPe-ox_NOmXg2Q,Like,5,0,,2018-03-02 22:10:36,,
gp:AOqpTOGMQkBWId6lF5ZNjTqkt_CJD3mLgnLIq8wRL6QvSjEwjM_V47RDdEgwnAu8vYFJLf7TkBgTRWI3W9EQVCI,A Google user,https://play-lh.googleusercontent.com/EGemoI2NTXmTsBVtJqk8jxF9rh8ApRWfsIMQSt2uE4OcpQqbFu7f7NbTK05lx80nuSijCz7sc3a277R67g,No volume for videos and cannot change saved folder. Very buggy,1,1,1.69,2018-03-02 06:30:13,,
gp:AOqpTOEkOgECsLxhXt_i4y_ItFOBbYbHtRYFh8jLeYFFTlHwwOI2X1G1ZYZWAHFN7C071mV6ihFMY0qBZ0Lwkng,Osamah Elzarkani,https://play-lh.googleusercontent.com/a-/AOh14Gho9TZUQDmfJdQPYfvVy-ax1ZT9e27iQMUkh3QyYw,Very good,5,1,1.69,2018-03-02 05:14:08,,
gp:AOqpTOE3QTYgRdjxZXoh6Se1qUZBbnw3dEbD5JDUKFUEOVlWucs1vrFdUfzCzvvjNzYxKNoEmA8_nGy1hpkhak0,LIPU HINDUSTANI,https://play-lh.googleusercontent.com/a-/AOh14GhX5pq5nT5c9ZXW2Ry1o0qBlc1XzoA4Oq88NezhYQ,Simply animation no animat sticker add no animat text add very bad app,1,0,,2018-02-19 20:00:27,,
gp:AOqpTOEL7gGlmdEYia3Hq_D6pHO3-ogBOPdHpGyiU1IYdcGtwD1OGYoHeWlKAnfYoun7MmkfVelk30ptG6NG51o,Mewtwopsychic *Zan*,https://play-lh.googleusercontent.com/a-/AOh14GiuyBQSfgQoAFQOdo2JhYPztekYq4-aObHxIuDCRA,It's a good app for converting video to gif. But you can't edit gifs at all. No way to delete frames you don't want. And the quality should be improved as well.,3,9,1.69,2018-01-19 04:58:12,,
gp:AOqpTOHMhMJROr5xOYyATmeMk24Z0t65i2sZXuxuRnkGePnoDoH8sqIienDiJ1RtK-BSJ_CVWRCN8tPm89acK5Q,Venky,https://play-lh.googleusercontent.com/a-/AOh14GiCJhjWijBo6zx21VSaPcc75eDSFpNyc4Dh5IEh,Good,4,0,1.69,2017-12-17 13:01:59,,
gp:AOqpTOFAXJbGmW7EiOt9WfpFmJ7sCDoQ4xwIL5L3tqBnlRVZcvIxRBCAP0yNywUl6UrOKwxNFa_5vQB-0lBu3b4,Maria Paula Buelvas Padilla,https://play-lh.googleusercontent.com/a-/AOh14GhPkcoggX6WgLjDKaH7vU1ub8-fDJR5FYxe1YMqvA,Only a few stickers.,3,1,1.69,2017-12-16 14:22:01,,
gp:AOqpTOFb0KUWFakBlq9IgQgmJhK7eNTBMXZrZrhu8TLkxM45N83waugHt4w9DjoQ-fmTvUmEFNq7Dt8nctfvEoo,Nepes Rozyyev,https://play-lh.googleusercontent.com/a-/AOh14GhCRFxC-3ZkYZLEB919YdGEf_F0I6LzrgSG4nPMng,Awesome,5,0,1.69,2017-12-15 19:45:32,,
gp:AOqpTOEIFkpvfISc8MZgwvq3VcAGmY211v69QxvXvagkZIzxClORgHq-8J-5iSMSxSwAltieoN7YEL_BThNsRbY,somesh shrivastava,https://play-lh.googleusercontent.com/-rEasu92urbE/AAAAAAAAAAI/AAAAAAAAAAA/AMZuuclafAIaKc_QyI-805xMZpBttpmfnA/photo.jpg,Perfect gif maker,5,0,1.69,2017-12-15 16:09:41,,
gp:AOqpTOEjLBXNR50OSVo4QYaBxwL6E3A0R5dsVJK33OU554egyZfeia5Hk9FaFujawvQtUyOGec8QooFXPzBDi8w,Paul Ferrier,https://play-lh.googleusercontent.com/-nKm8PycrtbE/AAAAAAAAAAI/AAAAAAAAAAA/AMZuucltist6kja-Su4J-K2QlLkS250jmQ/photo.jpg,Excellent,5,0,1.69,2017-12-15 14:04:29,,
gp:AOqpTOGaCT5gavM0ubwEbBhRsXU_kAOmzx6rVS5Y1zY6ikp5ZI0tSiYeERhJqxeMuOJMKxzR-icEOTRjUwwxZmM,Roger Whitley,https://play-lh.googleusercontent.com/a-/AOh14GjlNpeF8UPPLB435Y0lLV6mVFz21l3dwIOBf0Zu7Q,Can be fun,5,0,1.69,2017-12-15 10:18:32,,
gp:AOqpTOHKHh1VaQdxJaTyzbgiWcVaPkRWWHUlXuva-imSadirWdt321jsHB1e4wf9XH1IqRE1RLLkKctHginkf5A,suhail salim,https://play-lh.googleusercontent.com/a-/AOh14Gg3yDRYl4SRInAHpDNeBVAUj6H29n53MP2y9dW8,Nice app,5,0,1.69,2017-12-14 23:48:38,,
gp:AOqpTOF1Rd-cttb4PxwuawdpPH_wDwPbcxC2iiNgh9LATNwSXroRi2MnZF2qGZkotDSzdlhIUfV48NMcUqh1sdw,Gurdeep Singh,https://play-lh.googleusercontent.com/a-/AOh14Gj3KSZzbEIXyTBSqZfV04oi6G6w65MKomEigp9Q4w,Good app,5,0,1.69,2017-11-30 04:17:15,,
gp:AOqpTOFtbvV7KEJwBrcWzcNIiPhzsR5kVPqZarzeD6X8ZLm5f7laR5tRYosPP8odaq4TXP0w254P_9qDA2dKMpc,Gloria Cowdery,https://play-lh.googleusercontent.com/a-/AOh14Gg0GfXLHbhbTlWj-y_n0WSWQlBetTpsAKirtf53cw,An awesome app! Easy To use even if yu are new at Gifs.,5,0,1.69,2017-11-09 19:51:22,,
gp:AOqpTOEppRHVNDH7URIEJvg4ulAa-oHhNRoAL6z0IpTYVX6kBPmmFevpfBUXJN3d80pu7urNtXggwbGsdGyxbbc,Marycon Custodio,https://play-lh.googleusercontent.com/a-/AOh14GjUmYVw35bUIE1CQprCvftXt9XvGVHLZF6x_r6fXQ,Hope there is 3:4 size option whenever we import pics from phone.. overall everything is working perfectly!!! ♡,5,0,1.69,2017-11-04 20:01:59,,
gp:AOqpTOH4Cva3ury3E38hnfNgD9vFhIzyepV1Ivj-Sxt23mvHlCTcjOL3R7MV4P3qJPwxvLya3MMiKYqqKYwqk-M,A Google user,https://play-lh.googleusercontent.com/EGemoI2NTXmTsBVtJqk8jxF9rh8ApRWfsIMQSt2uE4OcpQqbFu7f7NbTK05lx80nuSijCz7sc3a277R67g,Good app,5,0,1.69,2017-10-23 09:49:21,,
gp:AOqpTOF0KD-usk6mzpgzpY13XjTG5cPu2TYPDXmS9SgreIirbIqCnunAGGR9GWGzeY0jKVyOLn4XmZANNHLamv4,Keith Brown,https://play-lh.googleusercontent.com/-Xu8wmPnE_gU/AAAAAAAAAAI/AAAAAAAAAAA/AMZuucm038ap1NoYh0ACwfXMSEM2DXz8bQ/photo.jpg,"Simple app, works great so far. Have only been using for 2 days, still getting used to it. Will most likely change rating after using it a bit more",4,19,1.69,2017-10-22 11:34:31,,
gp:AOqpTOG2533KNkRoNbN22O0AHySDjEG2NBCE6-N7f96ha0KjsNuR36VVEe8y--HRH-eW9qVgjv9-tjXdPF6Koxo,Gusti Ardias Riantono,https://play-lh.googleusercontent.com/a-/AOh14GjInw-nX5pE-oYSlp8OFC9syCst4a9_QeuVz_6juA,To many Ads!,1,0,,2017-10-20 10:21:21,,
gp:AOqpTOETzlW9rhoBuYdntlHyyQQzH_dCewvy4QABMVFSB-UVxhVLcU4EXpHdb3BUqxQdksY7zVutBMN-QuYht2Y,Darpan K.,https://play-lh.googleusercontent.com/a-/AOh14GgnvtZ-tBxw3P-BVqItwryR7X92JPdN7ba-EMLmVQ,Why ads?,1,0,,2017-10-20 08:07:27,,
gp:AOqpTOHllOqNnv92jRDnPNbnzc9j729C53Ic2GObx_oyvU70qtVoYw34USRtFMSBgujH61wxvckvIv1RO1WfpZ8,marvin leroy,https://play-lh.googleusercontent.com/-beVeuSj0t30/AAAAAAAAAAI/AAAAAAAAAAA/AMZuucl7hXZbcm12HnuWNeQoWJQIDcgBTg/photo.jpg,Great,5,0,1.69,2017-10-18 03:11:29,,
gp:AOqpTOGH-iO6ugngRkKdeTPnbw3zW3RKixcX775YO0wHvoXVNi1np-pRNp6bDglNJeIqsLxFHkx3Hoeix3gyJzk,Sourav Roy,https://play-lh.googleusercontent.com/a-/AOh14GilyBm-WsJnyOpT_0cTrd_Pf0jpcsRUMZPwH5pL_S8,Awesome...,5,0,1.69,2017-09-14 12:30:31,,
gp:AOqpTOFN6qh7oZ5Gazs5SPG7tHiq2UdEQ_tRncr6Wn02h8k_w6gZyyqOokKc9dzVpHm-6-VnZj3AVPJVrV7UTT8,Google Seraph,https://play-lh.googleusercontent.com/a-/AOh14GjoqdWAvvRMe5x3rVOr77Qc8JQGnzvkgiPLcr2PxvU,"Biggest problem is can't control length when creating MP4 , otherwise a good app",4,2,1.69,2017-09-10 01:12:31,,
gp:AOqpTOHqzPxJsg_O-uxSTS6kpZyeGJjWSQwDt-v06KfY7ZC1cqkPLD4Pkxrsa8NlusaNy9qXUJbQyWbGzFhs8OE,Charles Vergara,https://play-lh.googleusercontent.com/-WaxpTDx1Dww/AAAAAAAAAAI/AAAAAAAAAAA/AMZuuclqMH_i9tWmzj_-kRKTWO-47ss_vw/photo.jpg,Finally I found something that works flawless but yet simple to use. The User interface is well thought of and I love the developer make it easier to share it and access gif. I just Loved it so much. Awesome work!,5,0,,2017-09-09 00:51:28,,
gp:AOqpTOFZXOrHZFlMuda-QUdowsYgkylv0plR3YNEQLyG4ncUAlL_bz1E_nKvTwIrfVhbQUq-UOcYpgHeLYGoN4U,Fahad Israr,https://play-lh.googleusercontent.com/a-/AOh14Gg-Jtr-PS3HoVU0FclJXtwdYWglBEOHRg4qXl8jUg,Very good app and best feature is you can convert video into gif,5,1,1.69,2017-09-08 07:41:49,,
gp:AOqpTOFVqedqAUnDy00_3Amud-UIIp_IvefGncnbuKlrmsC0e2q9G50gMQTNBKWGZ1awBcAu-qRMF4dd0-iPCNw,Ben Bezuidenhout,https://play-lh.googleusercontent.com/a-/AOh14GhcrQiBUaadVU6r2CQC0t0pA2Jl-VYnZfitdk-_M0w,Time to upgrade the gif quality please. Would love hd Gifs.,3,1,1.69,2017-09-07 23:44:55,,
gp:AOqpTOH5kI-BBKJ40gO5-OGvteJTz-Y7tG-Bks_AZ6C7-gDnpGtBkPt3-9m3yFwtL3M_7G3OudquYmtZCeREI9Y,Sukumaran Dhanabal,https://play-lh.googleusercontent.com/-CdrwKbqctKE/AAAAAAAAAAI/AAAAAAAAAAA/AMZuuclOXpB2MomFkq4vcRftRLcnIzKp7A/photo.jpg,Good app,5,1,1.69,2017-09-02 11:23:16,,
gp:AOqpTOG0LbUmsBCJWRpFIRCQPlIPv29zcRa2vlzzvZBsk1-aRyjJo463MftncEcjcRJzxavw1cARnF1Pu6h5lRM,Ian Robson,https://play-lh.googleusercontent.com/a-/AOh14Gib2U2bobjSiRmakM6ATOT15rmmsZ3wtX_1MOhPYg,"The app told me to give it 5 stars I hope by doing so I'm not inundated with ads and bs. If so, i will be quick to change the rating to 1 star.",5,15,1.69,2017-09-02 06:48:47,,
gp:AOqpTOEerkRtoczy7YvZWc_HkM7OBFtCNTsRgLeCMsz8fXHBPUljZ1W1c76NGOMAMUvRso9rjZg5iIN-DM05y7U,Zulmi Kurniawan,https://play-lh.googleusercontent.com/a-/AOh14GhjGULyXQEXk5OlomuCfDw589Q620wiYB4I1AXc,Great. I get this app in Windows phone too freely. Thanks dev.,5,0,,2017-09-02 02:54:58,,
gp:AOqpTOGVW4l0ngU5qDTYAo8tu8BrUkgP2FYPtkONgnXQ_cWe3Ov2XLf3N5-bGso06ZyhrXeQsLzDlZEwvRCET6M,Ravi B,https://play-lh.googleusercontent.com/a-/AOh14GhDZicxyNUXAqPA4qsImRY6eTQS0ZZX4Vm5av1a,Wow,5,0,1.69,2017-09-01 23:53:13,,
gp:AOqpTOHo0Nl-ybkcQJMHxJRpBYhsHNOsphW1KdPL4-nYHUxUWwBRMDdQ8zjq_uIKcO-5C6BatP5DgSuDjiRUjaA,Kalyan Chatterjee,https://play-lh.googleusercontent.com/a-/AOh14Ghn1N1qrkNIFgiIBl5D-Ipg_9XFSqFK-tUf8xI8,The drawer button (top left) seems partially cut on my HTC one m9.,4,0,1.69,2017-09-01 23:51:51,,
gp:AOqpTOEiGwGcHfe4ZabNQvaFBf_k3qV_t5M5DZAbUPF8AgTGKdvtkSNUAr3d0-7J4yH7CxeOgpyX2dbdR2wLgzE,A Google user,https://play-lh.googleusercontent.com/EGemoI2NTXmTsBVtJqk8jxF9rh8ApRWfsIMQSt2uE4OcpQqbFu7f7NbTK05lx80nuSijCz7sc3a277R67g,Nice one,5,0,1.69,2017-09-01 23:24:33,,
gp:AOqpTOEqCrAp_tAK9WE56nivtJMBCSGaEQ0LfDLcHLbtG-VGfAg8-lpArAp9T7eTs_kc3zjovBZMENSHFmCIFKo,John David Hester,https://play-lh.googleusercontent.com/a-/AOh14Ghpjn36EkpIWO-YQgUGf_n4ob4Ku7hA2vWIIGH_-g,It's the best thing around here now,5,3,1.69,2017-09-01 22:32:43,,
gp:AOqpTOHQZ9XDJrtusT6OygQ0GA6-7m5YgllD9olZ2WKWMQ31aDrTsBbeMgew028ziONHYArrHkoi0XWop5ZOtaE,Soumyasesh Maity,https://play-lh.googleusercontent.com/a-/AOh14Gg1R-lqYbzRbjY2GV641HFHc9ggBYp_GfAA-DsTtg,I use it...Good app...But improvement needed.,5,0,1.69,2017-09-01 21:35:14,,
gp:AOqpTOFWxg-aChCaB7nGJhKZbqSBOuPVW_Su5niVgDoQZ0oD6Fhbb_AIDi76WjqGc0UmLEoLuMO5lH2tgkg5UIw,Anand Sharma,https://play-lh.googleusercontent.com/a-/AOh14GgzY6PC_-6KJVqOsRuJraHEIAaNIp_ROmkOoPIB8g,Good,5,0,1.69,2017-09-01 20:51:54,,
gp:AOqpTOGvSBhZNKF5UwxoB6LE2Z4wU7scT1KEgDSIQosjRw_oScMlxA4DVEZPtaVB6Lav0HHv7kkXqYCZwEmOw2A,Elmore Ducks,https://play-lh.googleusercontent.com/a-/AOh14GhgQ60aZpQxGz_1ifyqFVXAGqTXOydOZpIEmINd,Not sure why this app is priced.Has only basic filter edits and worthless.,2,8,1.69,2017-09-01 19:00:05,,
gp:AOqpTOHT-MWQSzPCoobO7FewEnr8WxhzDmS5RfqNMivJ34LuuVMI7T0SOQHWfo_xUSuWSyeaaTvm6jMeyPbyOUw,King,https://play-lh.googleusercontent.com/a-/AOh14GgkWghQbWjIX6F4TTEX9HCZX-8xCx5n95wI6YbzvV8,Use snapchat. Would be great if it didn't have ads in the paid version. Scummy,1,1,,2017-09-01 14:24:01,,
gp:AOqpTOEaq4LEzu9D2sOLxwxsm0AFTL9GPzAmZ5AF2dvrx5IidgYgFhjPiF47ztyKCwFvynKOHUJiNMrRWc8wqhI,A Google user,https://play-lh.googleusercontent.com/EGemoI2NTXmTsBVtJqk8jxF9rh8ApRWfsIMQSt2uE4OcpQqbFu7f7NbTK05lx80nuSijCz7sc3a277R67g,"Gr8 simple app to use, just installed it and am very happy with the gifs I can create,  a bit of mucking about with speed/frame rate and u can create fantastic gifs 😁👍⭐️⭐️⭐️⭐️⭐️",5,6,1.69,2017-09-01 09:17:30,,
gp:AOqpTOHmw8Ns2rrEBTgMc4qTQk-akdu0Ar3B6E3f8jPTndbdbM-zqZAkNbJAyo3PFPOF_EP8Ft2T0SF8z7M7L_g,Allan Dickie,https://play-lh.googleusercontent.com/-5fRifnJAFGI/AAAAAAAAAAI/AAAAAAAAAAA/AMZuucn3M6Rx6EVbEbYGbFGGe2bMLqQtXg/photo.jpg,"Great, simple to use app. Well supported too.",5,0,1.69,2017-09-01 09:03:44,,
gp:AOqpTOGFAQF9JqAuE-ongQY56-IDLg9UDRqx65fUHdn19R9a5hL03WFS-421IwJi_ndlL-VHHDzV83eMgySfe08,Mihalis mv,https://play-lh.googleusercontent.com/-mzhEZkarZGQ/AAAAAAAAAAI/AAAAAAAAAAA/AMZuucn9j1X0J72v5vmma6DMlvzyBtR6Xg/photo.jpg,crashes on camera startup... no use,2,0,,2017-09-01 08:38:46,,
gp:AOqpTOGm0Z92fXRKvIkZBU7TtpL2UmkIQrjAMnEZnQCZfiAzR0jQBLz4i8l8xKp2cjvH-7lkRX3g1xL-si8NypA,Luke Hersey,https://play-lh.googleusercontent.com/a-/AOh14Gj8Wg-H3Km5p0n2WtMuzcyN4L__lsLsuJbYToZdFiI,Best for program on the market,4,0,1.69,2017-08-19 09:42:58,,
gp:AOqpTOEsi1RV6bh9z6cV90fLIGPms1hqw0JcCs1-2WIOSQqbTvDLP9oTrKcVoBNgVkzOTyrG_X3VBA1ycbprAJ0,Vitto Titto,https://play-lh.googleusercontent.com/a-/AOh14GgTlhljVfTZG_QB0hHpot8KGCChUngwPE4vV4-O7g,Cool app,5,1,1.69,2017-07-18 04:09:37,,
gp:AOqpTOHUn8y3cSCNbtTSMS6p8C2abODeglGTmJjGnelZwaDZ3dpq9TenAcemWLeuARr-i4FB3BnIu1aflPFaeEw,Mallik chitluri,https://play-lh.googleusercontent.com/a-/AOh14Ggm7ZdpBuY_x_RGih8rARPPtOReb--KrxC3XhlH7A,Making customized Gifs easy,5,0,1.69,2017-07-05 01:31:24,,
gp:AOqpTOER98IufovrBdk1I8gCIWEkKcr-1wO2QAuVDuRLiLCyeTShjJGZrrc7Zc8r04d0Lbvi1SgkeqS_GlTzWZE,Duy Nguyễn,https://play-lh.googleusercontent.com/a-/AOh14Gi6ZiWwnLeJOGcDEIer0jUFuf30qKpdP_YtpYc-AA,Like this app,5,2,1.69,2017-07-02 09:39:24,,
gp:AOqpTOH2sdPFz3gA_Hm7BWAFH9FA8HChmBiYExLEgXMtRfeUjgd2IW9PZzgFPJFGHwGkG1ikJDQjvKHNaEeivDs,Mohit Soni,https://play-lh.googleusercontent.com/a-/AOh14GjA_pHYBWxEvQvgDMgHCTTELdYugFbgfPvkvVitBA,Very nice.. Too good.. Best features.,5,3,1.69,2017-06-27 10:16:16,,
gp:AOqpTOHym80hFXKNe-FaZR1HcXz6QknlGBF-MST2zei20B4zfKc6Uj4W1XEFaHmTJv8g2f6fuCOKBZC-vxTfIG8,Panji Diaz,https://play-lh.googleusercontent.com/a-/AOh14Giku2QVy6jo-tjBGNIhmFXU8MgPYE4UBUD0_OMu5w,"Amazing deals, great features",5,1,1.69,2017-06-22 17:28:22,,
gp:AOqpTOGolkOizsRd4HU-RboLm9BU5GQhrhb7Iu8fdIfrYyN1lGoK9LZclExA15wD-pbntMBy-qfp7MmX9I1X9jU,Morten Juhl-Johansen Zőlde-Fejér,https://play-lh.googleusercontent.com/a-/AOh14GhTTJq7vICASAKqedKa_WtUpFdouG1nuXJhySLi_A,Ads in Pro is a no-go.,1,10,1.69,2017-05-25 10:19:16,,
gp:AOqpTOGcaTz1zPcLxKlhtxoOpy6Q-7VHJEo3jVDeQ5Yo7b2eprJnfSq72tdjQY_OiGCrEpP8finMsC-eOzVa7DE,Iinesh Reddy,https://play-lh.googleusercontent.com/a-/AOh14GiRp_DhBC5Nq85ivQkMEGma53a1XSdL3dBus6iD,"Everything is fine, only concern is it crops image while making gif",4,3,1.69,2017-05-19 10:18:02,,
gp:AOqpTOHLlOJO4B_zqNMd8DY6In0S1RRhsDmqj1E7X7_-687mewMexqQu11CUd-FbHEPRTRrU-qKzD2ZAi6-VUXc,Darren Wagerman,https://play-lh.googleusercontent.com/a-/AOh14Gjja1IgvuaEYnPVsCG3W4xHi4J9_8dMQE3zDXUv,Really good. Everything you need to make great GIFs.,5,2,1.69,2017-05-07 00:53:04,,
gp:AOqpTOFQOqqRamov7AUJJ1IfTb2-5GkG3a8MksxII3Umy2X6fLItringolnAnB3Fq05jWqZFcR2vW-f2miSmjSU,darkmetamorfosis,https://play-lh.googleusercontent.com/-KU2qJr1eOYk/AAAAAAAAAAI/AAAAAAAAAAA/AMZuucls18CYdwHftOpzPZgIgS-bGRnJQg/photo.jpg,It's very funny,5,0,1.69,2017-05-06 12:08:38,,
gp:AOqpTOF66oJJfFyReKbTOiWReUEkAKLv-FQCWnfmdDOKntuGrS39XLaqp5kH0IQa5X5fVaPZr7T5yblX3Aj8fSc,Curt Law,https://play-lh.googleusercontent.com/a-/AOh14GjoSHl6fxfUqE7fG-9fPUC9SD9aqAJwRAxfktSuuw,"3 stars, app works for but why ads suddenly?",3,5,1.69,2017-05-01 18:24:28,,
gp:AOqpTOHQZhtScujzjAiqfQAy88QNfBD7FER0K1GpjE2I9fjhtuLn1QxIf2jqNbf_Nn-yuYi_Bd2r0NHU5Lvuuu0,A Google user,https://play-lh.googleusercontent.com/EGemoI2NTXmTsBVtJqk8jxF9rh8ApRWfsIMQSt2uE4OcpQqbFu7f7NbTK05lx80nuSijCz7sc3a277R67g,Great app. Does the job for quick GIF.,4,0,1.69,2017-04-29 21:03:44,,
gp:AOqpTOH_JxY2xyeNMfhTsoaZa2a-9g-i9JHLTdMIEOJt_mbeFvQTyG-_X1hITFUlI161c98lLKnG_zeRo5gGyxE,Jason Yates,https://play-lh.googleusercontent.com/a-/AOh14GhifVn8nrNQVdQnTJpps0JxvLGugY05yQ5AWJSr0Q,"tried sharing a video to whatsapp and it would not share, tried all formats.",5,2,1.69,2017-04-28 15:00:05,,
gp:AOqpTOHX_6KAtXCSBP0iyN8Uele2yGVKXN8w34MEgjji0P_CUdf5RxWOZ5NIrJJ_wuZd_6L0sBrRmUxzzWMTuz4,Patricio Gallardo,https://play-lh.googleusercontent.com/a-/AOh14Gii7FLMHTp_8ru8Kae5e5J82_hGbgoaN2cfPxXPyA,Really nice app easy to use I live it,5,1,1.69,2017-04-28 11:08:47,,
gp:AOqpTOHBfU4ER962XeNg45tfcrPtvOjzdYfoT81aSa3XwpPUaP_ib7AukrUXZpUxIGJmLeAdYZgJldHJx0HneyE,Faisal Hossain,https://play-lh.googleusercontent.com/a-/AOh14Ghgnn6LkR1ZqSAmvPDWeUwt7FSob2jZQc_Ql24Bzw,Nice app love to use it,4,1,1.69,2017-04-28 02:21:14,,
gp:AOqpTOGNlKm3oKVA8l4y6hyWlJQpKWm8xB4Vql1cR7qJ6JNLz-8WcPFFYLFIYFQEqdheOUq6rkgR5lF2p-JAdQI,Vineeth Vipparthi,https://play-lh.googleusercontent.com/a-/AOh14GjCd94gfC1H-LFukXfdditHRE5U91gfGXG7S9AnOhc,Nice,5,2,1.69,2017-04-28 01:41:18,,
gp:AOqpTOHbEmgiZg4Wh2INUGN10jYvTh0Uu6QrUhXA2lfRW0qY0CNRRo2ChFf2s98GQ-1lN2FMJB9MG-QxLduMxmY,A Google user,https://play-lh.googleusercontent.com/EGemoI2NTXmTsBVtJqk8jxF9rh8ApRWfsIMQSt2uE4OcpQqbFu7f7NbTK05lx80nuSijCz7sc3a277R67g,Still ads for other apps in this pro version. I think these ads should at least be configurable so we can switch them off...,3,65,1.69,2017-04-26 12:11:10,,
gp:AOqpTOFfS7ColuZ_L7e91iAyNcelPMTSd_EO6LE8AY2LDqL88qDD2L8By2WQoIYekWu8iAJrKktAKiXN2I6HXH8,Todd,https://play-lh.googleusercontent.com/a-/AOh14GgfM0rIsLnZHSpRnOxvobVGN8bDMnivT-wA8ig02A,"Works well, but when I pay for an app I don't want to see adds, nor have it bug me about a rating.",3,14,1.69,2017-04-06 07:30:25,,
gp:AOqpTOGtzboYCXJ1gB4m5wFwe_jxF46OGPYgziuRVs4iz71aF-315GKncBrJg9NyYt8m5vrcl_mx0tibmB_awbY,Mauricio Tibaquira,https://play-lh.googleusercontent.com/a-/AOh14Gjuo0VsqxOcPzqD5XbACYKKMbSkkRfIcqC2JzPYZQ,Great,5,4,1.69,2017-03-16 20:18:59,,
gp:AOqpTOGgnxg9_zJXBD2JMf1FPRZ2fQJoh76IW6Ce18GKwxwEuD-LA-pBbxWIl1lYUILliOyDpvTb3pObdtx1ZDA,A Google user,https://play-lh.googleusercontent.com/EGemoI2NTXmTsBVtJqk8jxF9rh8ApRWfsIMQSt2uE4OcpQqbFu7f7NbTK05lx80nuSijCz7sc3a277R67g,I love it,5,5,1.69,2017-02-23 11:05:19,,
gp:AOqpTOEcmFCcP8hii8PoykT1MRWtdctVpTRnbW-PnUc69vSUaqoCWLE7mZWuvQyvee-ZGdolVMtPSE6iobCZxCw,Ebb Kretschmer,https://play-lh.googleusercontent.com/a-/AOh14GijfSU00ZaaDCedWRDZJ5xfyoXltHx1TvuhPV-jYA,Great app does what u want it to do,4,2,1.69,2017-02-22 22:55:56,,
gp:AOqpTOFn3VS5mEhwQaZK0L_UDOBcWWfl8Sn1NSGYxatxQYaAp6Z1r2MO5b8MazS0Lr4Vb-oiMUiRjZU3hdHQmpw,A Google user,https://play-lh.googleusercontent.com/EGemoI2NTXmTsBVtJqk8jxF9rh8ApRWfsIMQSt2uE4OcpQqbFu7f7NbTK05lx80nuSijCz7sc3a277R67g,Best GIF cam I've come across yet!!!,5,0,1.69,2017-02-18 04:46:44,,
gp:AOqpTOHaJvLqsfCbgs5MA4kqIvhIcgmcbiymA2JNhgJkPrdO5I6XvkJR2EsbQ-G4MIMOVujbX7RISu4PBHYAjrQ,Finally Loh,https://play-lh.googleusercontent.com/a-/AOh14GhFEsp3WfqEH_N6J6CzkSOVwz9V6GAzyZ7De4sbdqU,"Did not provide more sticker in pay version , not sure what different between the paid and free version. Watermark didn't show up at the free version also. Just do it at setting",3,26,1.69,2017-01-31 04:22:23,,
gp:AOqpTOFt4Lw5fbt8zZ7mxyvNTpvqDwsocUyHxbXxN6JNPAbG0x8F4JPn8DbjwsIRZB1PGdRqyYcGZCTSr8EHsIg,A Google user,https://play-lh.googleusercontent.com/EGemoI2NTXmTsBVtJqk8jxF9rh8ApRWfsIMQSt2uE4OcpQqbFu7f7NbTK05lx80nuSijCz7sc3a277R67g,"I don't understand why am I still getting popups and ads, not acceptable when paying for something and getting scammed.",2,102,1.69,2017-01-30 19:49:49,,
gp:AOqpTOHOHNtkdJ0cihPj9AZm0pRDoko9g2tKtbEtqlBNRz6WCbqaeYaAckcBfuft7ODPKmzlkp6_RuAOQuWdF7Y,Daryl Brine,https://play-lh.googleusercontent.com/a-/AOh14GhMKtpXf_5-NC4Y0v0el1omZd6p0PvR3rZ0wVBh,"I have an LG Vista and paid for this app. It works fine and all, but it doesn't want to upload to any chat apps I have. Tf, Breh.",3,0,1.61,2017-01-30 13:58:26,,
gp:AOqpTOEL7EwhUD3sqVc3-T7bUFWZ-i1AfTduGZrIbn8FOIABm60yysvGbn0jZMWLp99qjRC6t-kqtgFliZh5EwU,Darren J Sage,https://play-lh.googleusercontent.com/a-/AOh14GhNfxLv1_D63QD2gmsR8I6BLEXCHDuaQZwJyKjBYDk,Seems to work really well.,5,6,1.69,2017-01-17 12:05:58,,
gp:AOqpTOHc6k7irZ3uDlZdifAWpqdnczV48rhm-SWQNToAVNhmE4Ob62YmAJSfBABe4ibvFP7XXmWifVQeBPnqbBI,Mr. Jenn Farr,https://play-lh.googleusercontent.com/a-/AOh14GilW76iBNbpR7fSjNwbG_SXse8-ACNLn8hkwucWTew,Excellent app.,5,1,1.67,2017-01-08 07:31:36,,
gp:AOqpTOGgMoqvK5wsagoxyboxgYpMkd6SK1Ws5hNY48g6u_NXKlgsO14Mogn7E6F8ctXvuCqRIXKYTIzsTUbFfw8,A Google user,https://play-lh.googleusercontent.com/EGemoI2NTXmTsBVtJqk8jxF9rh8ApRWfsIMQSt2uE4OcpQqbFu7f7NbTK05lx80nuSijCz7sc3a277R67g,"I paid for the Pro Version, but it the finished version still saves with the GifMe logo. Is there a way to get rid of that?",3,1,1.67,2016-12-24 11:11:51,You can disable logo in settings,2016-12-27 02:45:47
gp:AOqpTOFUDOpWQW6VR8T24dxhHuyXVRb1wKI-yxsBux1jwH5iQjw_IJ1CnGvAR70qibAATyyx7B_NH4xkR_6ivO4,Sally Van Eycke,https://play-lh.googleusercontent.com/a-/AOh14Gjre_bwe25Vre9c_IOaiccAbeV_C1BzSr5aWAybEkA,"I got the Paid version of this because I liked the Unpaid version quite well but just didn't want the watermark on my image. With the Paid version, there is no watermark! Yay! My only remaining criticisms of the Paid version is:  1. There needs to be a delay up to 10 seconds. Right now you get: 1 sec, 2 sec, or 0 sec delay. Better than nothing, but I wish there were further options. 2. Saving a GIF that was created from an outside source video takes quite a long time still.  Others have complained about the Square aspect ratio, but you can disable that once in Camera mode. You get 1:1 and 3:4 ratio. If you want to shoot a longer GIF set, that's done in the main Settings and I LOVE that feature. A max fame set of 202 results in quite a long GIF, nearly like a short video clip really.  The filters and the frames are nice. The stickers are dumb, but that's just personal preference. I don't personally have a use for the Text feature (text over the GIF) but I could see how others would like that.   I wish I could give like a 4.75 out of 5 stars because I'd like an  extended Timer feature. Other than that, this App is freaking great!",5,5,1.67,2016-12-10 10:54:01,,
gp:AOqpTOF-hnLUNiosoo1Hiz4ZXqXqhDx9TCAKSZRHB78JkBQ-JkVm230GKEPVKpCnnJuPc9l34leAMkzueImL_OA,Sean Domici,https://play-lh.googleusercontent.com/a-/AOh14Gg_dOP2jaFv-pyEbnzlNq7k4ltrzzO-uxjyx6i1WA,"XnView produces QUALITY & Feel confident in the GIF you made!!! Edit, Customize Quality - Frames, Resolution, &  UPLOAD/SAVE Pics/Vids...",5,2,1.67,2016-12-09 09:10:30,,
gp:AOqpTOEULIR_blMh6EAg8wnLpC1u5Kwl6ICYo7Q7b11eoIR159WdfZ_XxtkrUJd1Omt1CXnz_0VnZy32R66qwGY,Dream,https://play-lh.googleusercontent.com/a-/AOh14Gh9Ij3V-wotObJkeZFJcJ1jkqm1mNofnYtl5exvJQ,"The app is amazing ! Always support is available from developer of the app. Really it works as stated by the developer. Gr8😃 Already i had given5* , now that with latest update of WhatsApp & this app we can share our work. The app developer is highly responsive for any guidance. Amazing😃",5,6,1.67,2016-11-19 04:11:43,,
gp:AOqpTOHKBLP68jruqCDNNESb4W4xueXLA4bYKLD94S8Q4EuygUvSJvZYL0Vd0ooz-Q-cb27NfgIt4O0rl8XQshc,Cristian L,https://play-lh.googleusercontent.com/a-/AOh14GgQ8UNrjx3OYRQPoJUtxPVWyQNKIMfqeOsPJVs,"Doesn't preserve the aspect ratio of pictures, they get cropped into a square.. I dont want all my gif to be square. Will give it 5 stars if this is fixed. ADD THIS STUPID limitation to the apps description, I wouldn't have bought the app if I would have been aware of this.",1,5,1.65,2016-11-12 06:21:33,Please disable fill setting,2016-11-12 07:20:51
gp:AOqpTOGJht8D0fX5gE-GcTTdsHDMfcUJ1yT5ch6-Wo57FhaLVlv5oRfzf3SJgC-EdEVnzTDiuD9LvFNrH14kJaE,Paul Johnston,https://play-lh.googleusercontent.com/a-/AOh14GgLEuDM74GZJKNqx12FlJhsM0N4AlBYtWpRC7HX7g,Brilliant little app,5,0,1.65,2016-11-11 02:33:03,,
gp:AOqpTOFw9g6ZhrdUzS7HN4O9nWJS1rmhwUQqesivAI6l3qYNZfeW-wFUYdDnEcJ4i8aHeGYD2_JxcsUaVjUNWSs,pritish pandit,https://play-lh.googleusercontent.com/-fsVp18ZD-zA/AAAAAAAAAAI/AAAAAAAAAAA/AMZuucmsQfcxe7V6yNaNCsumuTsqRwx5Ag/photo.jpg,App must able to work in portait mode in order work on long videos.Aside it must able to choose frames of video on frame basis rather than seconds basis to work precisely.Cause for short gifs start frame number & end frame number collapse on each other & its very tedious .Which indicates another under functionality of app start-end frame numbers collapse gives eye boggling experience..How to work with such ill functionality ??,2,4,1.65,2016-10-21 08:21:25,,
gp:AOqpTOFfQLkLPLQeUbfLZp4A1F0lTYLGJl6LhnYonuZ3NrlADw28T-V2FLbbJ4raTwfBBpZstb0lv1_t2XtRxEw,Eric Halverson,https://play-lh.googleusercontent.com/a-/AOh14Gi04n3LbTGFjfoXtELs9Tvd9dxS-TSjP912_MrP5Q,"Easy giffing of video shorts. Straight forward interface, just works.",5,1,1.65,2016-10-20 09:30:55,,
gp:AOqpTOHqxNdUZi3ZE-TpDdYIPFmSFIqZAud9RIEnZ7TtIAxF9b9xUBaP1XdSrjYq0LdOyzEl9mQOltgzosUa88g,Sandra Lugo,https://play-lh.googleusercontent.com/a-/AOh14Ggj4U0NN4wf46O01x75cVIIh8F5M09IvAz3xfIiWII,Cool little app,5,1,1.65,2016-10-06 11:38:39,,
gp:AOqpTOG57H2_pi3gyzXv-u7jCKXvlpf0xUEn_s5DviCTRz2R3uK0stOCOiO5lTbOeMlcF0kEujD9NsusuYfmPU8,LUMI,https://play-lh.googleusercontent.com/a-/AOh14GjaL6_Mp3xUNj8aYIfeM7KZZz3oGhv-s3E5tN1CHn4,Paid to remove ads and they are still there,1,2,1.65,2016-09-29 15:28:05,,
gp:AOqpTOG0ILDXzlkcWogmWSs5pIvCFSjmXZaUBXwzELPjAi6CJQTbN94c6X836m5of5nHHOohXl2_Ijv9ve6Xa_A,Manil Chowdhury,https://play-lh.googleusercontent.com/a-/AOh14Gj6ptB3Snu_FcAGOftjcskbk4UJisS-U7jBTsEfrQ,"Creator is responsive! Permissions are reasonable. Need I say, the app itself is great!",5,3,1.65,2016-09-23 09:17:02,,
gp:AOqpTOHDjSLwdkXZLmNNh1zp7VASlS1a7tX59TzA89ihigNONjTq0x76cQSYBZEHhTlYvg8bqWPVnN0grrdByok,vassie gardner,https://play-lh.googleusercontent.com/a-/AOh14GjBBtcusGZBI-fh7Jzt3zOszuNiHIi_JJGFcWPgekg,Fun  app easy to use best gift maker I've found,5,4,1.65,2016-09-22 23:56:32,,
gp:AOqpTOHOOofZKjcPjTtPMti5HqP9355nsPmF0uW5P2tkw36GzccPj1Zn403TUFZjpMWf0YfEIjQLV9rvac-tCqY,Kyle Murphy,https://play-lh.googleusercontent.com/a-/AOh14GgdXRJhvfu_c4zenPJeTjle-kisHbwqswcWHt7njw,"I used the free version originally, contacted the developers about features in the paid version and everything works exactly as they described.",5,8,1.65,2016-09-22 18:13:06,,
gp:AOqpTOF3wVlbqrczORMy36rt4bg16JX5e_52_Ytz93B77qWHEejyb2oYLebuzDoZ6yZf1tFwsqXITsziLdcMgwY,brandon jackson,https://play-lh.googleusercontent.com/a-/AOh14Ghim9JFo1sZeI6dKvc14k2Ehl2_BhINdz89gJEptQg,Tis app has the potential to be the best but it's missing a few abilities. Maybe there's stuff in the works so I won't judge it to harsh. It's definitely easy to use and that's why it's gonna be great.,3,0,1.61,2016-09-19 01:03:44,please contact me to give your feedback,2016-09-20 05:28:02
gp:AOqpTOFlo7ksjj06bcgz-c92EqOF4yDj3TB6cpuBWrQNTWCFQCEveVr7YyPnZE4g39p0EsuXewbGw7v1sGkp_PY,Windy Tree,https://play-lh.googleusercontent.com/-NFlMP9B6Fz4/AAAAAAAAAAI/AAAAAAAAAAA/AMZuucl8CEbp7UOURnFPLb1hQ7WZwvetHg/photo.jpg,Very nice for the beginner to Giffing.,4,0,1.61,2016-09-12 11:15:00,,
gp:AOqpTOGDXkxiuU2TbGN9e0oWlJIonmfbc62PuROJYHWJYXHe1XrsjGRvmIRVcfxMyrsldU_JNDbDwsrTv0rWL6g,Thome Willie,https://play-lh.googleusercontent.com/a-/AOh14GhrV8aqJ_vt8VNm37W9aEcDThRnUHXm8FJ6HyasYaw,"You make them,       Yourself.",5,0,1.61,2016-09-06 17:09:59,,
gp:AOqpTOFNZeG5xFq5AV9ZnVWYrmsyVROk2albd8N-8vQtf9erJtrPZ_LzN4819uPM4NpRlKZc86_HVD2IRsqo2OQ,Robert Cude,https://play-lh.googleusercontent.com/a-/AOh14GjVdhT5zN9mzKl4FDJQC3YXOocNZdjry2D9n5_I-is,Simple to use and fun!,4,0,1.61,2016-09-04 22:14:54,,
gp:AOqpTOHbTQlmU_TFpyfzuwMSaImczhvV0hf69jk6O3TlQf9LhknwFl96I682J6NN4SRGQpwm7NJ2X8CfvOMZxYM,A Google user,https://play-lh.googleusercontent.com/EGemoI2NTXmTsBVtJqk8jxF9rh8ApRWfsIMQSt2uE4OcpQqbFu7f7NbTK05lx80nuSijCz7sc3a277R67g,Best gif camera I have ever used,5,1,1.61,2016-09-04 10:19:42,,
gp:AOqpTOEHfrLPmjmdGvavfq8E5DaYahOZ3uSqJdyfTLwZfZ_e1GLXdpbMqSTmZNWo0WkoNZX5fMoGlSO8g3LiYKI,Yoshi,https://play-lh.googleusercontent.com/a-/AOh14GgQtgApQG1lN3kwwJIMu3QWLAIrMzp23KELWyBwULI,"I'm calling shenanigans here. There is no way this app has that many five-star ratings. The interface is as Bare Bones as you can imagine. There is no way to preview before you create it, no way to tell how large it will be, and even after you do create it, the app doesn't allow you to immediately play it, instead, you have to go find it in your device folders. Ridiculous! To seal the deal it takes 3 to 5 minutes for me to make one 10 second gif on my Nexus 6p which isn't exactly a lightweight.",1,7,1.61,2016-09-02 15:16:31,,
gp:AOqpTOFHPJaiHW2NTFSj8VphTCI_5uLe4lOqOSpiQa2wExaLO5_Xxf8n3CzDaGD1KTBF6bTmFVYsG32VR2CYl3c,Rick Newman,https://play-lh.googleusercontent.com/a-/AOh14GjuaMYFfTLvJb-gD_JzS8DaZnkDE5Ge3oARB8QedA,Everything I hoped for and more.,5,0,1.61,2016-08-21 17:28:51,,
gp:AOqpTOHZ0cDa4fz-6QmRRiFTW8exl0I5vnSJJN4fbdWF6OvKO_ufKORf-ORmSr31wwwQ8pPxQUK9hK0oiYJrb8g,Michael Korth,https://play-lh.googleusercontent.com/a-/AOh14GjBNGtv5_itWFgoEvfnGwYmtSZiAkZbISZfm_szunA,why can I use the front camera?,3,1,1.61,2016-08-15 10:37:03,,
gp:AOqpTOHzoPQmUWXdCsdBwD6r2v-cGldqFg6biltacXwE_JPKHBeVmEVUxDNuW1aIXuDeiN0W1O-Rqb4LQYYQr6M,Carlos Bernal,https://play-lh.googleusercontent.com/a-/AOh14GhRRqh0OP9Hrh7LV68nH5gWWM4LYHIEk3CLW12qvA,"I have tried other gif apps, but this one is awesome. First I try the free one, I liked it so much so, I bought the pro. You can do so much with this app. I like it a lot.",5,0,1.61,2016-08-07 12:16:24,,
gp:AOqpTOECqTEFwqVo43D5zfn5I8F375CSrzpX-bi4fXxsGsZu1RtaNpOLiQ3zO0jHpE9WVjjY8FHqvnGB_t5ZKsk,Michael Lewis,https://play-lh.googleusercontent.com/a-/AOh14Gi_02MsmpSXud5zqxXuGHLegh-gscv8lv3CfetOSg,this app is so fun and easy you're making animated gifs in no time and sending them to your friends got pro version instantly,5,7,1.61,2016-08-05 13:26:45,,
gp:AOqpTOGxUV_atUdZuqy-0R8La-GfTCyXIRrvpU3q-CJPZsFWo89XeyPgaCax3dMPqY2H6Cs3GC1hgEcr8vufo_g,Seth Neale,https://play-lh.googleusercontent.com/-G1I8DxyzB_Y/AAAAAAAAAAI/AAAAAAAAAAA/AMZuuclnU3Nrp-k4GNE0EQ0CLmKHxHye_g/photo.jpg,😂😂😂,5,0,1.61,2016-08-02 01:51:59,,
gp:AOqpTOG0HfFnrra-QDgoo7X7iSgeWtKNHML6llD4GqMks0W7yQ1rJ326C3-zDHyqBr076i5_mcAXLXWK_FoTyUg,Dalton Jedrisko,https://play-lh.googleusercontent.com/a-/AOh14Ghe7q9JuNCqIjAgypxiMIhtQ7VzMKURSrn4Zzf-,I really enjoyed it...,5,0,1.61,2016-08-01 07:17:02,,
gp:AOqpTOHOVl7UiVgyt8JfG0fxcQMUoGuKzS61KVpGlvKXaQbt017s9wRFd8s9-w0IdpT1hYKYS_o6zgrNrqq5HAw,KH Chee,https://play-lh.googleusercontent.com/-rf4xm1aMxXc/AAAAAAAAAAI/AAAAAAAAAAA/AMZuuclW6wXW69rnJ67Rg6ewIyivLghhhw/photo.jpg,"Go job, how to crop the section I want?",5,0,1.61,2016-07-31 06:50:12,,
gp:AOqpTOH-BwaeUzXa5Yrnn8RrWbpsVHRdl_qosAZrIghLoNGp-eHYwtNZdmoeHWemIZe-6JhdN57_uWJK7B8bwTs,Francisco Alvarez,https://play-lh.googleusercontent.com/a-/AOh14Gh4tPejX1HKVEEYpCWaAXbLQtfxbg5MTBISSfkQwjY,"Aside from maybe more granular control of the GIF output quality, it's great!",4,2,1.61,2016-07-28 13:37:43,,
gp:AOqpTOFF4WeQfIa268-ZRgPhSDq4BYelePhLu7cSQIZ2pnrdywauuoGmaSx9EdmAgFGk7g_UxG2_kOmLy2RdD4U,kevin lai,https://play-lh.googleusercontent.com/a-/AOh14Gh8cujlWtEDB1tOo56-Q0LeJrBnBuOEfl3-bCsEY4k,Love it!!!,5,2,1.61,2016-07-25 10:10:07,,
gp:AOqpTOHi80aOeGDc3CKnnoufU8KfDBT1O6hmLV2Vt6uSwRLb2egrm4XqqYJLxa37UStsOd-k1E94yIEsIA8v7jc,Dave Powers,https://play-lh.googleusercontent.com/a-/AOh14GgKHBG1bzXuGqhWRUC8gF2ugxUXmuFmBGvXL7CZ,Installed it. 30 seconds later I had a perfect GIF. It's that simple.,5,1,1.61,2016-07-23 10:45:37,,
gp:AOqpTOH1kr5KuxEaEafk1_rIzzuDY9SblHFtVpOJc6z7UWZrXppSZtx0HpBZOkQmeup-XyHq-5OxLBOoEqrkpiM,Don Mc,https://play-lh.googleusercontent.com/a-/AOh14GjTKuP3ekXEkckH-zC9QIIe2QD-oB5fVXjYhiJgsw,Seems to work well...so far 😆,4,0,1.61,2016-07-08 12:33:44,,
gp:AOqpTOELam4ngps2mU9UEmyXzdWPnnwwtKg2MTyGjmdCeB-Y4OCoWtExqmx8ldlqK_ZVPFkOt6I8f9Dsgtj8RrY,Petter Strandmark,https://play-lh.googleusercontent.com/a-/AOh14Gj2dWeWOt8dbY4FT0sIcpRmEW1KR4ZLXvt-OpLJZAs,Crashes repeatedly when converting from saved videos.,1,1,1.61,2016-07-04 08:58:02,,
gp:AOqpTOGvLU-ztd-StKC1RH39Cckwidvrpqz72IOErDv299QFLmgXwcg3cmTv7KMasV0s-6ntkC_jf-9G61RiUk8,Tim Simmons,https://play-lh.googleusercontent.com/a-/AOh14GivV2l3g_rqcMTL7Klt5kThY20E1ln7D4w9y_nPQIo,The Facebook and Instagram buttons are inactive on Pro Version. I contacted tech support and they replied back in broken English with  worthless information.,1,4,1.61,2016-07-03 17:17:53,,
gp:AOqpTOHdNdghi7O6IUubagpkfOUp_SlIaMT5VYBqM5I9Jtll3WiPMCZu9GSsS_nwpepVJqm8AIt6pcjk1vYcyFU,Gabriel Diaz,https://play-lh.googleusercontent.com/a-/AOh14GjLrgqHAaIGcXw40fg_fPnQAfs6rKDSceu68RgGmA,Awesome except posting to instagram can be tricky,4,2,1.61,2016-07-03 06:53:06,,
gp:AOqpTOHuxInf_1zk-J_OxWROIVtV3szFJH8P_v90p-Xn-dJ6TtIQFKZHsFN3o4k5QVLMWFPqVdISjtquqyw2yac,BadAssRoger,https://play-lh.googleusercontent.com/-6kheB1e_wSw/AAAAAAAAAAI/AAAAAAAAAAA/AMZuucl-5CmgfzavO13RnXM1fkZ3R9FfYg/photo.jpg,I love it. Does what it says it does,5,0,,2016-06-30 18:25:09,,
gp:AOqpTOGDBOFUvDhx4EndPStlgVdBYaBB-q3KRBYbxQZGxNLtE2VEtHK8Q4pN0YDKHMZjBl9bNLQ__HvrV3LsFxo,David Stanton,https://play-lh.googleusercontent.com/a-/AOh14GhqOF3WfsCqFQZFwI7xE6QTtZcFzrnMKB34Y5boZg,Use it all the time. So simple.,5,0,1.61,2016-06-27 21:41:30,,
gp:AOqpTOHRLzbShvHZNGu0RdImX5NYf4ghwkba-Dwqypbi31_60gnFEwgomYi5IAf9ce9OX0KqBvQTOrzRDNBaGFI,Mytouche Peter,https://play-lh.googleusercontent.com/a-/AOh14Gh2ln8imX6Q9kPpHAh7KmiOLgPvQ_o3UwmZEQOlwOU,Best fun,5,0,1.61,2016-06-22 03:09:16,,
gp:AOqpTOFeaJL8noUINbMzeR-G9wH-C5kgEOTdeNQlvPQTHV69IhZzFLeIY2rxvN5ecmma6R3ngwy2CERkdU4GP9s,Gabriel Steven Healy,https://play-lh.googleusercontent.com/a-/AOh14GhvvflPEIhfSP6JoVZBlMB1_Tze0SSEZsr43b8ycMg,Popular easy to use. No goofy instructions need,5,1,1.61,2016-06-16 18:57:51,,
gp:AOqpTOFhAZyZNp1-D7MXowZEauUONPzN9WYRLP6QongMkZPOEc5hwEabtspVqU2DqQStubVq5-NsJw4t_NLDv8g,Sammy Yousef,https://play-lh.googleusercontent.com/a-/AOh14GizWe55YbUTeEEpgOc9hZBe_nnOERPsvH0p5QqI,"Junk. Waste $$  Freezes. Try import mp4 from ext SD - ""Error with filename."" Move file then it works. Then throws it in the gallery but doesn't open it. Play fetch boy! Woof. Videos are too large to constantly copy to phone memory. Just bad.",1,1,1.61,2016-06-13 21:24:03,,
gp:AOqpTOH4P22ci941qD0GBUTyVMdB-MXRUeZSdvQTtmzDw1-BwmS8Z71IgtJVTm_fufdbgigAKg08yzrMAVHtZEA,Dave Sommerville,https://play-lh.googleusercontent.com/-IigBREqRWFo/AAAAAAAAAAI/AAAAAAAAAAA/AMZuuckVn5DXYFrzVnvnGJ7YpY3j2mnhJg/photo.jpg,Excellent gif making app. Definitely recommend,5,1,1.61,2016-06-06 11:50:50,,
gp:AOqpTOHKo9qhYaU872JAHPVnaqpyP3uUzbpGI9QqT1pOHZoGl84QgqCyH3LWChARer2bsuvxgZF4F-QWLqYIWnM,Cesar A,https://play-lh.googleusercontent.com/-yLCsBqA01jw/AAAAAAAAAAI/AAAAAAAAAAA/AMZuuckJFobAmrFaIwr-AUSlNY4Hctmmsw/photo.jpg,Works really good!,5,0,1.61,2016-05-11 03:58:33,,
gp:AOqpTOF6xOENvbo9ELEviGZaeJrublCyE-vxiVuAhCoTdJKQcpEMkKc_zhI2kBUy--8oo7t7AI7FXBGpbUdslj8,Maurizio Gambacorta,https://play-lh.googleusercontent.com/a-/AOh14Ghdq2f8FQuGDSghfPyXswUKQf0go92o_xC6QgNLNxY,The best one,5,0,1.61,2016-05-06 02:16:16,,
gp:AOqpTOFVagzAFKLkAXOGCTGYVGhx4VcSaI0vzbXgFlwmy4K7tQE4OMY9Ebr27A1MnrONIrztuxXQhmp_XenqIc0,catalincristea86,https://play-lh.googleusercontent.com/a-/AOh14GiuaNLofyPMP3JORxYkda8TsektXZLjMQ_7NJJx,Worth the pro version,5,3,1.61,2016-04-13 00:02:01,,
gp:AOqpTOE7tjLrEorFKPl4G42RgjoiP9ZPGTfZ0A8tqvXKxo5Mh9gEXtQi_nMqFGCqbad_crIgcMbCqbFL25VcyW8,Ramiro Rodriguez,https://play-lh.googleusercontent.com/a-/AOh14Gid6C14YCY9UebbTiFglGkza2wvz5pkiWQtxLB-OFk,This app produces the most professional looking images I have been able to make so far.,5,10,1.61,2016-04-11 11:46:23,,
gp:AOqpTOGKsMT7bw2dy2j02UnSmwrE5Fn5p_-YW0ZZrjzNYqwl9XP6EVJl3xPPzvpvmIVH9nsP5du7N4KeWuBefi8,CMKeeenT,https://play-lh.googleusercontent.com/a-/AOh14GhSB-U9PZOWTNRPF165JZSiLJqbLNJKCgVOfTuUwZg,"This is exactly the app I am looking for, but it doesn't work sometimes.",2,6,1.61,2016-03-26 08:44:32,,
gp:AOqpTOGlfie0JpfMj9G-MG1m2axIBznCw6Bv4TucKQm-6D1OTJqKwDTjN_GKiuaYH89ul0biWvgv2awLN8Cj7BI,Mihail Kolev,https://play-lh.googleusercontent.com/a-/AOh14GiXA3tWAtMy8QoZ1wt1-90Wef0gJVTEuKBJo86UsA,Awesome,5,0,1.61,2016-03-24 12:52:44,,
gp:AOqpTOHmo5oUUik0GL8rtderkR674ZLE8MWF0XlnbpYvyk2Y_zjMRaaEsVKNRUtPBwvtYWjJK8LOqtCcLeAr1L8,Roger Mok,https://play-lh.googleusercontent.com/a-/AOh14GjnbVbqmQYj72rqYmUe0CVRteGJUqdVfdVUl8aHCAQ,"I bought the pro version which is super awesome with 1 caveat, my screen blacks it while making gifs, but continues to work again after a couple of seconds",5,27,1.61,2016-03-24 01:36:35,,
gp:AOqpTOEBtiVjBFbbxqW3F03NaCZKkdj_pBio4P87MSH1Ltw78Z51nqKQguhxRaGpD7pX-IwKxTrMJwz6MiSq1Ns,Deepak Sharma,https://play-lh.googleusercontent.com/a-/AOh14Gg73bgGnKph0WQSaijUFhoIxZiUGzkpZAa1l_XtuQ,"guys i am paying for this app, there shouldn't be the more apps on Mason menu, that too with large thumbnails",1,4,1.61,2016-03-23 23:06:41,Please contact me by mail,2016-04-01 02:11:08
gp:AOqpTOF8AH5LjrKJAHSUqd-VzAazin129LdyUNyA1b56PbjT888ErfEpmjpFFE9MDmoiVBRoCK8C-AOeT_7xLuI,Jhonatan SV,https://play-lh.googleusercontent.com/a-/AOh14Ghqr6y1rpqnYWe4J_LoAFZRcjCEC1w-MVwi_40zig,Excelente,5,0,1.61,2016-03-23 21:47:41,,
gp:AOqpTOEpBp0dpPia1G8fS1m5uq3LOOF0JSYiKTp-d67HIEYmGt21qzaFU34dbynns_br-BY2k-oVB-Hxt-C-JRA,Kaylee Apple,https://play-lh.googleusercontent.com/a-/AOh14Ggt-xXrJ9Uj4XjY4xIqXKBcYSxvsvIV19TLvS6thQ,Love it.,5,0,1.61,2016-03-03 20:17:29,,
gp:AOqpTOFl6F1rDT1DQ62rbwsHEvqAunFjek0MdVyyvttIOkmGcSO4zPo8DsUTE3g1YQPhMH04XGDk-4n8TqD4Jyc,steve f rew,https://play-lh.googleusercontent.com/a-/AOh14GjHvJZDM_kwIFBTSkMfHirzvFE0v9IsmUWxviumnQ,Sweet,5,0,1.61,2016-03-02 13:44:46,,
gp:AOqpTOFNvoXqcOZHsiKVnrIEKBMdpY0VuyV-ls4D9AR-HG9LXcZBkvLg5VXr7RFl6HZ3fVNw8SWZJkDStVl74VM,filip ziebo,https://play-lh.googleusercontent.com/a-/AOh14GgO_JAqmmNsQIXipTdBrn6guJoV4VhyicsudvBXE7g,Does exactly what you would expect it to do! Perfect well worth paying for.,5,2,1.61,2016-02-11 07:02:37,,
gp:AOqpTOG6H1-tN_VCeNOk7GrCR0_Zd5PlOJS1nard2_Urecfhs9lqqsGaPT-tRL9BxCmDrDgvjn8mL90uCnToZsI,Anonymychele Rising,https://play-lh.googleusercontent.com/a-/AOh14GhxHgr-4rLurQF1CmuDloQWgQTG4o1mSe3lagF93CU,But how do i filter?,5,10,1.61,2016-01-30 18:38:08,,
gp:AOqpTOETL9hh0XWGG4Mr5z5IBuEzCI7hHKXxVsNW2HLh-vk-ZmjxXm3ZkLmKCjI6IdCrnLBx34CXHcIMX7_Vpow,Yare Nazario,https://play-lh.googleusercontent.com/a-/AOh14GjOHWfnBGFmKEP_tDjr6HdrTemr8nv8H_xQ_M7TGw,I really like the app and the gifs come out pretty good but once I upload it to tumblr it seems like a regular photo wich is really inconvinient because I bought the app mostly for that ... Please fix,3,4,1.60,2016-01-28 10:17:40,,
gp:AOqpTOEGc2jShz2HDtOS9kXRZpSu67ULUrbUZcxfvO3Dy5yeliLUlnuua7lQjH4o53MTRolh4ilnRsqJN__59Eo,James Roberts,https://play-lh.googleusercontent.com/a-/AOh14GhWxZilCQdKmGhDy-_R8ySnymoJzcWaJrpmTqezJt0,Nothing compares,5,0,1.52,2016-01-27 14:15:42,,
gp:AOqpTOHPxLEKIi-OcVt29wRodqjlxw8sai6Dk2WlLWBs6wWxxP30YfEVMSL3cwFRjKp_Sjv_rylidhymWbo2ZY0,Brandon Harris,https://play-lh.googleusercontent.com/a-/AOh14GhAEJqXg8wHnxTFZRtNwudmZRtl6AQCzZMm41qLGWM,well done!,5,0,1.52,2016-01-25 22:15:59,,
gp:AOqpTOE85iaDkMRvvbxiVwgySXI_aLrn67IT63uTajfLKWxbZ9iMal0qwVYmQzj4euE6gojsvck_fmPGg57RGdI,Stanley Sneed,https://play-lh.googleusercontent.com/a-/AOh14Gh4UqdPqyJxnwtaBPrqqEDnZs31YTZ1qnv5fwCZoKk,Fun app and useful for short photo stories.,4,2,1.52,2016-01-25 04:57:53,,
gp:AOqpTOEI2iUsmWs4kHpnHEALq5oR1MMnLzAozLpLi_cLJ1TYsDPCeGyAiBsNyRuOyYqE-AHcOalvjd5z55JuqwA,Syrus Riggs,https://play-lh.googleusercontent.com/a-/AOh14GhkS9QWxIc0_ZHdQSUo7jvDJRMHsIvhiSv18S4ziw,"After changing the maximum amount of frames higher from default, the app will shoot one gif looking fine, but after that it will force the camera to zoom in about 2.5 times",4,1,1.52,2016-01-24 23:14:59,,
gp:AOqpTOG7z6ckaJO-oCakxYSbuYORt4s50mvgf6WI1GszYu-j7plWH2G0uLTjNZZWB2QLYbILug5kiAUXwZLRfoc,Robert Bolick,https://play-lh.googleusercontent.com/a-/AOh14Gih9P1_0FbBwOD469eO2Uwkm29XC7C12ta-FLVq,"I tried Facebook and Tumbler. Loads like a photo of the start of the gif, but won't play. Not sure I should have spent the money on the pro version",2,0,1.52,2016-01-24 16:56:29,you need to use mp4 as output format,2016-01-28 07:51:35
gp:AOqpTOHJ4NJX1FjoYrtSDkyjjEQh05pO9OqkwXo68VyWHa8rR1aUzkoRRSnNzpSD6KRX58yxDBudC1eOeP1u-IQ,Cat Nap,https://play-lh.googleusercontent.com/a-/AOh14GiA-7Jarg-7eBo8DcQ8bzlFJSlSR4_-7RsrnTg,I find this app really useful.,4,0,1.52,2016-01-20 13:13:42,Please contact me by mail about the tumblr problem,2015-11-23 05:40:36
gp:AOqpTOGVWEzOTtva5tsDrUx2MNIvNkjbZNfP_pjuZgf4CHUjapmhADwBJkco3RiEAexd7xodQGTEEZvSWLLwM4g,King Wavey,https://play-lh.googleusercontent.com/a-/AOh14GhTt7mrQl9QON1OgXlu3CAJZNbw1cEiLYm6bWwy,DOPE,5,0,1.52,2016-01-17 17:57:48,,
gp:AOqpTOFWX9sltS7TSIJ6U8l3ggRix5bGE1mL8kxAK6rX4HqzYBsZNjeb0LfxBXBxPVXEHY-zVSFWIFR13SK-uAo,Pete Kilmurray,https://play-lh.googleusercontent.com/a-/AOh14Gg12WzGV1TEzrfUBhwEMAIyJ9RbiAuUJpPcXhKn1w,Great app for fun and good memories,5,0,1.52,2016-01-11 10:07:31,,
gp:AOqpTOFypZ8_XUnvVqcd3l41JKa3Ap9z89PiPTlEFExS7CHR6fJRKlQyapytmK8BHOF-WXlvuCu8AF_XLdEK05A,A Google user,https://play-lh.googleusercontent.com/EGemoI2NTXmTsBVtJqk8jxF9rh8ApRWfsIMQSt2uE4OcpQqbFu7f7NbTK05lx80nuSijCz7sc3a277R67g,It freezes and crashes...,1,0,1.52,2016-01-10 14:55:14,,
gp:AOqpTOESlLFS8XpmCf6yiwnSiIU6qs9oFRY-ERIZIdkzfhGfpx6CdS91Wb7-FEAlWLaSjhac8UoUYVnNWlGK9Z4,A Google user,https://play-lh.googleusercontent.com/EGemoI2NTXmTsBVtJqk8jxF9rh8ApRWfsIMQSt2uE4OcpQqbFu7f7NbTK05lx80nuSijCz7sc3a277R67g,also looks pretty,5,0,1.52,2016-01-03 00:00:09,,
gp:AOqpTOEO1GwKKYQLRaFR4OJVW1C5L9aB7n-lHXAOXpm7lKTSlRAOZAxhR690UnAfAnfkf4WbrHPwkN4XL0AQoao,Salvador Ros,https://play-lh.googleusercontent.com/a-/AOh14Ghm6UucGZJdZIwZiLxXYXfBMpTcBvHRXvJwX0XhaQ,I'm able to convert videos to gif. Make straight new gifs. Now I need to find a video maker like instagram with this app''s editing capabilities. *hint*hint*....InstaShot?,5,0,1.52,2015-12-28 13:23:34,,
gp:AOqpTOF6MWrUEK-cELjNloKbdqQtaLFtpQCO4M4nMMGJPpnaLywyZ0swIKu7W8ER0hHSatcGawl2Xp2-jHsJDDw,Salvador Campos,https://play-lh.googleusercontent.com/a-/AOh14GjYlDZULq-SfD6VZ_Q3TQVCsZc1mpg3etjnmp0-wjY,I just got this app. Can't put it down. Easy and effective.,5,0,1.52,2015-12-27 08:21:56,,
gp:AOqpTOHJiEvBbc95Ih0o83woO3ZKRBkDtA7GKk22rGJxGxrWD-xYXM1AX2RKNgxsX-FZK7PnHT96u9HOUXwokl8,Rory Hicks,https://play-lh.googleusercontent.com/a-/AOh14GiXG1tTSVsToGRAK0hP_g7grriWMvraZWCV5PUA4g,Fix the upload issue. the gif saves fine in my album but when I upload the gif anywhere else it just shows up as a picture. I paid for the full version to avoid these issues. Please help!,3,0,1.52,2015-12-18 13:31:53,do you have tried the mp4 output?,2015-12-27 02:49:40
gp:AOqpTOFIaIwW_DDWm-ceuflf8arvXzqix9z-04or-E7BytDXP7Gqd3w2j2zQyodbNNE3ifP2VoP1o93Xr7MfcDQ,Jose Miguel,https://play-lh.googleusercontent.com/a-/AOh14GiTbn_xBv9d3HtgQj75IZs452O8X2THumCOoj4d4Q,"I purchased this because i liked the free version but every time i tried to open the app its says ""unfortunately the app has stopped working"" or something like that. Didn't open once. Got a refund right away. Please fix",1,1,,2015-12-07 00:35:51,could you contact me by mail?,2015-12-27 02:49:49
gp:AOqpTOGTXAZFX8taQ46sdBLBN8Mr2B-C5ApJVKQSP_h9uPnkJ2xFPVW4aqaHq7tdp8SMLb4H4PRro5bS56oMPsg,me only,https://play-lh.googleusercontent.com/a-/AOh14Gjowk4U_c9WHNpaNIbvD_2TSsHevkT6Ebw_YS43jg,"That crop every gift and the photo made by phone look soo pixelated the gift just end up looking bad, at list least to my taste, don't like to see those pixels. Plus you can't move the pic, so when the force crop happens you can't choose the part of the photo to be use. And the bugs are killing me save bad, don't show video only black screen with some little part of color moving in some corner. So don't work at times, so I open gif on a video editor and them save as a video to share on Instagram.",3,1,1.52,2015-11-29 18:29:58,,
gp:AOqpTOHNYXkoH-ntIfJpsVT-UEPTiuPyE3bdYirKOb1O4CBDINgO6aG7Esx5HLvs1ODurt9XBcXeID0koFIchc0,Alyssa Conners,https://play-lh.googleusercontent.com/a-/AOh14GhchLivoYCqihp9EGzzJQhCiZMD1E7uFgTeOFZF0A,"It has cool features, but if you can't even use them for what this is designed to do what's the point? The pictures show up just how they do in your gallery, so they do not go full size. So I can't get my entire panorama shot in this app. Gif Camera does that and it's free. Also, no tutorial, what is ghost preview and auto focus",1,0,1.52,2015-11-11 17:12:53,Please contact me by mail,2015-11-11 23:59:41
gp:AOqpTOGt6JjM94wRq-hQsbGj3vZehXbJGO4jOO_T-18mSS4InSk4DTWurZ1ZkWaCcYqO1sAeCOqELlg1X0hNHdo,Lupita Salinas,https://play-lh.googleusercontent.com/-FMOakK1DvXs/AAAAAAAAAAI/AAAAAAAADb8/AMZuucln8qDAqYvOrEac3k7dYQg6oEMsng/photo.jpg,"I fckss w this app, fa shoooo shawtyyy 😎👉👉👉",5,1,1.52,2015-11-11 06:54:19,,
gp:AOqpTOEGHRD0_CkQg83QzD75l84hJNDjKyjlAjFv5gDrKiOmyGO8uxtDYlX6lhs7YAYqAebfXsCBazHtkOLx9Fk,cem kahraman,https://play-lh.googleusercontent.com/a-/AOh14Gg9aJeX0LSXzobaoSJYUBMFJDa2PW1lf8DXjsvo,Added text doesn't appear where you attach it. You can't add more than one text at a time. Image almost everytime is cropped by screen,3,0,1.51,2015-11-07 09:33:36,Please update your version,2015-11-11 23:59:58
gp:AOqpTOGsnShR6sXkDVCscaOeHPvdwRaOlfGV-N0zr8x3kRZiweHPqDvV3zBsJ3e5trD8VEOXUyo3YocCUf23AOg,Stacey Plotts,https://play-lh.googleusercontent.com/a-/AOh14GhzJ87dmdvvZexsD4D-PL0n2OrtufPX6IQPGAk0,"Sorry, I couldn't resist being a little bit corny, but this app is fun! Inject a little fun in your life and try it out. Or, be a boring fuddy-duddy (oh yes I did; I went there). If you don't like the aspect ratio; oh well, it's not the worst thing that could happen! it does its job, does what it says it's supposed to do, and it makes it fun doing it. So, live a little, try it out and you just may discover another way to be creative . . .",5,2,1.51,2015-11-04 18:08:45,,
gp:AOqpTOGpyz1mR5dtxZFzwceCcDavObsHHDtL8UTY2ed-2t8gPf0QxsYYfQLBcWCEyWUwvdPlJz6k3kTgh6l3HDA,K. Major,https://play-lh.googleusercontent.com/a-/AOh14Gjftz1Zr6CWqRSfbE4oxaPaLgVU11pt7-ox4sl4bA,Makes GIFing easy.,5,0,1.51,2015-11-01 19:59:33,,
gp:AOqpTOFnlW1KimJvfGvXtVYz-LE5z-o_sblIplmbvERV1c2UWUAGk7ulJl8GrejJYTV-xXInUx1Cs8VKN7bM6b4,Agnes Dwina Herdiasti,https://play-lh.googleusercontent.com/a-/AOh14GhCSThbc1z3X9eCQJTrhfNAnRTCEjL8_FCV_zTq0Q,Easy to use. Turn your sequence of still images into an amazing moving file.,5,0,1.51,2015-10-31 17:42:40,,
gp:AOqpTOHcwrgnger_hs3swWeataueTB9B-PQ2v30y5cl2oBrcSVkompS0M9wiqNRFFncTgiLujxBVvPH5oMyauvI,C. N.,https://play-lh.googleusercontent.com/a-/AOh14GjCqfWKGx2S4xs6P5-WC8qxE3HSciwCgSpwGuaIASI,"The most prolific update ever: convert existing video to GIF - it works flawlessly! Recording GIFs is as easy as ever.  Add titles, and in Pro, you can remove the watermark.  Best GIF maker on the Play Store hands down.",5,1,1.51,2015-10-29 07:09:00,Thanks!,2015-10-29 12:35:21
gp:AOqpTOE6HAQA4URPp2rxe0MY89_HoIAKF6GAhpLumCT04Bs9bQ_-wNuTYGGw7deCz9ftHtlS1HW34VbVmvBALj4,jason standiford,https://play-lh.googleusercontent.com/a-/AOh14GhDuLod3n0d4NCOa946xEcNoPE3OXQrIEMa-yCJWOY,"The paid version gets rid of the watermark.  The app is solid, works as you would expect.  Very nice interface and lots of fun filters.  Inject a little gif fun into your life!",5,0,1.51,2015-10-22 22:58:53,,
gp:AOqpTOFcCgF_-bFmA8YVLdbWD8ok8bp-pkYYBsQSXXwBrTQxS_IpBOSKQk8pHkgyduWRrsE_XEHt7P9IUNKCBsw,Elaine Lui,https://play-lh.googleusercontent.com/-mw7dFeVcIls/AAAAAAAAAAI/AAAAAAAAAAA/AMZuucmrdLVbBQEhhhbLx3DGwVqzmN_XXA/photo.jpg,"When I added the text in, it is always misaligned and moves higher than where I wanted it to be. Also, how can i remove the gif icon?",3,0,1.51,2015-10-20 02:01:00,You can disable watermark in settings,2015-10-22 07:59:25
gp:AOqpTOEatQJglV1w7kaFxM1_IO-GuDbWjJ-QTMv9EAPI652hyQv_tK1vzbaahPRaKK3pXYmeJHA-IYhXj7hfrWg,Christian F,https://play-lh.googleusercontent.com/a-/AOh14GgofVvwsuop71J1dUiFtEhXVVaGtCCAEa0MI-OQuE0,Great way to make your friends laugh.,5,0,1.51,2015-10-16 13:12:35,,
gp:AOqpTOF-2O-4yoOv9vqq7gGR-Dl7tTYLzMgjhul6-j_g3gr86bZYN26XL4RMr9sxTlseuXUrWSXW1vRxc7jm0ik,Yoel Pama,https://play-lh.googleusercontent.com/a-/AOh14GjhfGaTjCkMV-H__Tnlt0v2Lka_beOHyRJDiQLU4Q,Very low quality when uploaded to twitter?,1,0,1.51,2015-10-15 17:38:14,,
gp:AOqpTOGNle_8RujiDzyN7Pi9hy5EsEtb8dZQr5iEzrz9Z2kDKJbOknsqp-zTlCI27FHRKJPS1v1YfWcikf7WB-8,Christian Velasquez,https://play-lh.googleusercontent.com/a-/AOh14GgIiI7BXRg8SmPz1I5urK_2N3BeTPgeNBjS7Yn2HQ,My gifs are only 1.50s long. What gives? These aren't 14s gifs at all.,2,0,1.51,2015-10-10 10:26:21,you can change the number of frames in setings,2015-10-14 05:10:28
gp:AOqpTOEd6zr07oajy750-WoeodIbZSz2wwGdP9gFDYeqmI0Fpxd9IsYpEznExNGF3Ymjy7UP7pXPxf7NZF3yugU,Clint Jamnik,https://play-lh.googleusercontent.com/a-/AOh14Ghleefo_Sr1jUa_OGnc5SAS5KoQKVlAlpd83XcveTg,"Cool app, easy to use and just works!!!",5,0,1.51,2015-10-09 19:11:03,,
gp:AOqpTOHdDTVmuriViwRfK_yvMWrfW1wo2QRwd5Qmk6O7JpQZ448tE3E2q65oVpz1czZTXY9VIgBSqq-0AzbbGGY,Amber Sloane,https://play-lh.googleusercontent.com/-K9FY8ZZpFlQ/AAAAAAAAAAI/AAAAAAAAAAA/AMZuucnUlKHKAvYJqM8_VcR3LqGRbFf5mA/photo.jpg,Nice filters,5,0,1.51,2015-09-29 07:16:11,,
gp:AOqpTOG06fn6WYM7X53pcZvvPxl4J6pbsDSmhREBAz89uQBDeqYAVlmNwmCTMqpevyzp-Ig_P6d25_st90vaqGM,Heather Mechelle Hutchinson,https://play-lh.googleusercontent.com/a-/AOh14GjKLSAxWwadWTlXoUpCc5GrRN0FORCBLXoZ9q03,So dope,5,0,1.51,2015-09-18 22:53:12,,
gp:AOqpTOFVI7uTvWh4AvRp6REBBltUyJNYbLXQKc0aQySTNLR4383fcdlKsrmasaFh2ZD2yhap72HjCWI8pTiQ1rg,Jeannie,https://play-lh.googleusercontent.com/a-/AOh14Gjau_fq1iB0Y1gPKYSuw-D8C2FetWUx_LX-VnlgiYs,Update before this one didn't work so well for me & I use this app a lot! Developer emailed me & today's update works PERFECTLY! It is by far one of my favorite apps. Thank you for the quick fix. LOVE it! ❤💋👍,5,3,1.51,2015-09-17 18:00:31,Thanks!,2015-09-17 23:46:04
gp:AOqpTOFUtR4ncHxF1k4t4qjrOWAIhX1X9wy9GLthg1u5lwcQXhG9kz_KvR-0RokuIaxi7NTe5rXSdMBjxjmJOwI,Lasse Ryberg Hansen,https://play-lh.googleusercontent.com/a-/AOh14GiFtu5lPl9bzJJ1916jP0CmzqqkbRdIS-OOM3aq3g,Does what it says.,4,0,1.50,2015-09-13 09:04:06,,
gp:AOqpTOFYojdO8LodetNoOV8vv6NA9nX_4tQ3q-SqZ3vi1f59eTMlVyGxVdY4_q8ZTANoniGZCC09WuzOk1ds0hw,A Google user,https://play-lh.googleusercontent.com/EGemoI2NTXmTsBVtJqk8jxF9rh8ApRWfsIMQSt2uE4OcpQqbFu7f7NbTK05lx80nuSijCz7sc3a277R67g,Just bought this...but it doesnt install why? GALAXY S5,1,0,1.50,2015-09-12 20:01:24,Please contact me by mail,2015-09-13 01:19:33
gp:AOqpTOHSKZtlGt9F9Re0dcsRpVG8iikTou0bF1ulP3YjSLWQIJ6sI5t5p4vQ-c7ITu6d1z0yowFD-KAh64YloLI,Onyedikachukwu Nwadike,https://play-lh.googleusercontent.com/a-/AOh14Gjc9dpVi31hpnvS2Ooi_zx_QXkBpHXwU3u0OFP9sQ,Love this...,5,0,1.50,2015-09-11 20:51:36,,
gp:AOqpTOFCIr2lzGP-5SK0ybZfRenr0hFG4uWNu2Bk7KLMrlm_X2yGryRX3QqAQypL1RGJ-d1FeCaMoC_eiEC62Ng,Daniel Harms,https://play-lh.googleusercontent.com/a-/AOh14Gj9quHG5Cqu_7Nb11XzCxAw9Mz2gOIoLmu9DmIeBg,This app started out good then went to crap after repeated crashes freezing up my phone. I've sent several messages to please refund my account.,1,0,1.41,2015-09-01 10:12:36,Please contact me by mail,2015-09-03 05:36:42
gp:AOqpTOFCJkbGqSwD7iVmqWGCKAMfCtdz0eu2tFNDBqxK1SWiq74bnbPGZAI38YUATwD-zZU9D9jRSQG15n1miUk,Stephen Burbank,https://play-lh.googleusercontent.com/a-/AOh14Gi-2_DaCWzF35hANoHlPZ_cEt7Vf2Ywxl6mNszP6ck,Nice,5,0,1.41,2015-08-25 22:23:37,,
gp:AOqpTOHUutvkxmS4R7RkfEPLAtsYe8rv9LM11ftQQbNx5JgHOn_Zhhsc6iLVYk13ahf5t-piFfueGSQHxT_SBlY,Gen Rose David,https://play-lh.googleusercontent.com/-NgeC6rGpxtg/AAAAAAAAAAI/AAAAAAAAAAA/AMZuucmos3yyqpw6bxSiHuxKRprRUo4cFA/photo.jpg,"I don't know if I just didn't know how to use the app, but the app could only load up normal .jpg pictures, not gifs. I wanted to create a video containing gifs.",1,0,,2015-08-20 11:32:00,"You can import gif, Please contact me by mail",2015-08-24 04:52:36
gp:AOqpTOERdOSlUrVHP6jptIoa94z58wgKbcUepB1BcsXw2_OsN0JpmX1tXha5U1FSxNP9kdANY2ubP7ov_qK0Kb8,dennis danich,https://play-lh.googleusercontent.com/-4N2evniq_nI/AAAAAAAAAAI/AAAAAAAAAAA/AMZuucmGGbriVb4IoCWGtz_s22XkjYihYQ/photo.jpg,"hard to delete a file, delete it and it keeps  playing, works best making mp4 files, I have to the email file to really separate it from the program",1,0,1.41,2015-08-20 06:25:16,please contact me by mail,2015-08-24 04:51:44
gp:AOqpTOHV1XoHbVeCnYDLUw1IF566g8b7xRCFV9Hmc7MPPAVflnS7bVroIa1zKYmJ8xjxXiEZk5wob_hGqz49N7E,Dennis Christy,https://play-lh.googleusercontent.com/a-/AOh14GgC1b8CSCneyML6RaKkKrEl4wmdTBR169Hs5Yr4POs,The GIF's that this app makes come out with duplicate superimposed images and it had a black line running across the final product UNINSTALL,1,0,,2015-08-17 17:05:09,Please contact me by mail,2015-08-24 04:52:01
gp:AOqpTOFO-pO4EVNc_w7W6uZ_5BWkTJ4oM2bwjZVMkU3_3NjO0yanZ_tobEtvor0oQg9Shmnzirykbc67Tqokr38,John Cookson,https://play-lh.googleusercontent.com/a-/AOh14Gia99aDgly9QgGOPEhE2udbCkbNMqFXO9TJeMD-GkY,A good app.,5,0,1.41,2015-08-13 01:39:41,,
gp:AOqpTOHz0gCWmCkxTiQMsLe8I1kjfuphIckK-sk37i3PlPWmTNUBnbkjQWgGhF4x2FbG7QG-O2-aUrMPFH1invM,Jeanne Sutton,https://play-lh.googleusercontent.com/a-/AOh14GhACFpdA1BaR8HKlzG7Vomt8_bEKhivyzqcoAGWDb0,Love this app. Wish you could flip the gif so it wasn't a mirror view but it isn't a deal breaker.,4,0,1.41,2015-08-10 20:31:36,,
gp:AOqpTOFwV8I5ZBCcNKOGfrWGkNrfyX-GImO7Uk96ocOYg3KXQuowIX16qGKADD7To8C6iieOd7X0GqUNiQ5zXsI,luckiiD,https://play-lh.googleusercontent.com/a-/AOh14Gi5NlRXkpJj0C6uYcbiCPWdMH_3Ewv1lpp-a061Bw,It's so much fun!!!!,5,0,1.41,2015-08-09 17:41:04,,
gp:AOqpTOHzo0SGJKMIo4l116hjg_MqPQx41Z0a8kuxzkA-w8yzmW2TvtWvqbw-1HrnTKzdGExOslInCg1I0YAO6fI,Debbie Lovee,https://play-lh.googleusercontent.com/-L7G3teF5M-w/AAAAAAAAAAI/AAAAAAAAAYM/AMZuucne401PTuSKVZQ3_ctA8DNv8xJ10w/photo.jpg,"Honestly I don't ever write any bad reviews but for purchasing it I figure it would be better but it is. I'm still getting the watermark when I try to save it under gif. And when I save it under MP4 it gets totally distorted and when I put font it doesn't matter how I save it Auto, GIF or MP4 the font isn't placed how I originally put it. And I'm still getting ads. Not happy with this app at all!!! 😒😞😝",1,0,1.41,2015-08-08 09:29:45,"Please contact me by mail. You can remove watermark in settings. 
It's not normal that you have always Ads...",2015-08-13 05:53:00
gp:AOqpTOFHGfKZjOwV2zDHMRF8woNVVuz7AsB7LI_fP0BpXdYPLMcXGMQD_Hu5pWUVcWi9M8ahQ7FAU-ScF1ecfCo,Johan Euphrosine,https://play-lh.googleusercontent.com/a-/AOh14Gg-8r0Gd146Of9aXoF3C7rS1CZ3VRE1vV8_YY0Z-w,It would be nice if the pro version was available through an in app payment instead of a separate app.,4,0,1.41,2015-08-04 01:50:14,,
gp:AOqpTOGL3v_EH9KnVz43TbzeHqCv7eUzbOur8T4wPePveSVQOmzXYt0Ce4gPnbR7jTD14qmn_X6DDCBP0kQY58E,Joshua Park,https://play-lh.googleusercontent.com/a-/AOh14GgM3TuyI7yQI-MDIFU0fzN9Vbyx5YBpWg66NJ2ODVE,All this all the time every emotion.,5,0,1.41,2015-07-30 00:19:53,,
gp:AOqpTOHNy-0Fp6OngMbEPQBF3g3UO0Vn_wZHHEATQPyaR-8TuDB0aEuxo467kTy35lenc3YMncHHq9TGb-7As6E,Ivan Duzer,https://play-lh.googleusercontent.com/a-/AOh14GiBe3bAp_JlD-_nL8VJhNjRaLp8AIYTiooYFpXPIv4,"при попытке сделать видео или гифку из &gt;20 фоток пишет error code:4 и нихрена не рендерит. стыдно, граждане разработчики!",1,1,1.41,2015-07-18 12:22:34,please contact me by mail,2015-07-20 07:02:30
gp:AOqpTOHrU9vFG8-Lqvx6_AWFA8ypiR2StY7iUanZN6zdAg1TzAKv6N9zWJ8oDSRbNvbgsrmmONZe3Ex1PVyhGMQ,Sabeena G,https://play-lh.googleusercontent.com/a-/AOh14GivIt9GnswA-BydLp1YTAjDEkqGKtYN_vFEe6aE,Is a good app but colour distorts when saving to MP4 along with text position. Paid for Pro version hoping bug would go but NOPE! Therefore RUBBISH to save to Facebook AND Instagram. Please fix this to be just what I need,3,0,1.40,2015-07-06 12:16:46,Please cotnact me by mail,2015-07-15 02:34:58
gp:AOqpTOEkd37z2DeK9vpWmM-fpJM5vC0ClZC6P2Hn95PHzSQLJXtJSugAfYmJowYoGjr5XijAaV0RvF0i9b1AbFU,Clemeteen Yadira,https://play-lh.googleusercontent.com/a-/AOh14GjMNdHdtf7CSvx1U11e36U-_ToKP4xDPcMD7GYlPA,How do u add music?,3,0,1.38,2015-07-01 15:38:22,,
gp:AOqpTOE30iu5bQWjDmbhvyFTpughnrFwTvCxyIeR0cAdTd-nkUFL5BRlPIHLdyYM_4pN4t-GR5iDFMl8JzvSL2M,Morgan Loomis,https://play-lh.googleusercontent.com/a-/AOh14Gi4Q4C6Di1NoPdexCOYOmY8KAiIxyc3lOeNcB1tkQ,"Best gif app, plus I submitted a feature request and they implemented it right away.",5,0,1.38,2015-06-27 23:18:53,,
gp:AOqpTOEG4wuTiCvrFBC-9CMgdc6COmOFHCHC8qmSiIMeurejA_BUs34V9ktYqQnxnJki1OTiHHPB5rc0wzQAH_4,E M,https://play-lh.googleusercontent.com/a-/AOh14GgIAG4ODNHEt5dU1-XsMYOlMK7GNAJmk3MTUktYyA,I paid to get rid of ads,3,0,1.36,2015-06-19 22:02:00,.,2015-06-23 23:57:36
gp:AOqpTOHwDZ8W8yO_UyWjaRUMoiIGroJwHvw4PFpfmSDNb3Q3nLjJQKQQ6cQeXmi1vq-NV95SCfeKZr-EO3EyZ_g,Myra Family,https://play-lh.googleusercontent.com/a-/AOh14Gh9aip6hmVkdOitOErkrI-4lM6AxYf3IEoPSVTaLe8,I can only save 1 every few hours O_o...it says Error 4 close and won't safe to Mp4....am I doing something wrong ??? Help I payed for this app!,3,0,1.36,2015-06-05 10:30:46,,
gp:AOqpTOGJuJm_n32KxnZGj57a31Y-Su1glV3S9fcS3dnSW4e2WDTwETRJL0arhhBOVggC_UT8Z8bgfuKz-ETd-LA,Michael,https://play-lh.googleusercontent.com/a-/AOh14Gi6jWTz4u-yrIbh6LVIoP_DnoPqKXLvCtzq3g1rNj0,"Had some beginning issues with my Nexus 6.  However, Pierre worked on it and quickly resolved the problem! Recommend this app for anyone looking to make fast fun gifs",5,1,1.36,2015-06-03 13:36:05,,
gp:AOqpTOFqYXJs_IFzqPzdTjtoFvz4u2gGapSkHjKK-yYnAoNenZiqcSp4oxszyqu6JdMnIJjvpiH-lHvcN_U0nzI,Tyler Guthrie,https://play-lh.googleusercontent.com/a-/AOh14Ggvv9pQ9KYqBHsFJV1BuLOFu7tZx5QwgS4-Ro_lb18,No frame rate option for pro version! (RESOLVED I just got the update) I just wish the navigation drawer was more useful and didn't have the sole purpose of promoting their apps. It would be better if it have access to the gallery/camera/photos/etc.,4,0,1.36,2015-06-02 21:33:31,you have it in last version,2015-06-02 21:26:06
gp:AOqpTOHh4BdQOa4Wda63cZm08El91KF4K9KJ2bSlvXAgGoiXdiBTngdFxiAIORmyXYwZ7xBtyLRmt7e64-x0P90,Opti Dash,https://play-lh.googleusercontent.com/-HAiGJpsBrf4/AAAAAAAAAAI/AAAAAAAAAAA/AMZuuclwQiZL94Qyre4VJ44z5N6_LMErDA/photo.jpg,"No way to turn already existing videos into gif, only if you record it straight from camera",1,0,1.31,2015-06-01 14:47:06,,
gp:AOqpTOGZMsNYq_G3hKZ_QKbYQdcWAWkNv-BAAT1q_QHRe1jyX8YbEl2kbKrPRG5yTrOfQvSmyqPnRwrSoalffMQ,Lazyman Tech,https://play-lh.googleusercontent.com/a-/AOh14GgyruvhlDudZ7aAPn6_XJP_RzOG0aJl6v1YdRVWrg,Free version on N6 fixed.  Just need pro update!,4,1,,2015-06-01 14:23:21,,
gp:AOqpTOHuFaLIjGhXkjYSzkHU-mpIdJY4sJ5_cBB-Cy_WiUpJNKnyomEtEBhLkE25YXxr_axpIL4aQ1cj4FFrbVI,Mark Bolden,https://play-lh.googleusercontent.com/a-/AOh14GiVc4zQ6OwLuaI2CTgCnvZjPcagju_VGF8UBWshXIs,If you like making GIFs then you will love this app! Intuitive and easy. Works great!,4,0,1.31,2015-05-30 12:38:33,,
gp:AOqpTOEMACZHR3bQbAXFAeB0fAomaL3fo1E0d_8SFoTmh9wvSBZVzsTE6xoQj3QeKOZeXoaML17PMbJRv_mKNgg,Jen,https://play-lh.googleusercontent.com/a-/AOh14Gj6AX2wdunq31MfsV_yiZL-wLK2OmYCyLu5BpZIVfE,"It saves mp4. However, it doesn't save in a nice view.",1,0,,2015-05-27 14:14:13,,
gp:AOqpTOH3gg7zl2NiSo5RI1AWkzA3eIL7yMNfSG0e9FXzrxUp8NEBmyvd94C0X9DgEtBh8DNSFlIWKCGHu20Y0fw,Chris deLo,https://play-lh.googleusercontent.com/a-/AOh14GgCBS-0JL2-eGTlNmYOpKlzlV2Kd5dBI6XtAHxbMUk,Bought it. But it doesn't find my videos in my phone so I can only make GIFs from new captures through the app. Fix that and I'll give I give you five stars,2,1,1.31,2015-05-22 22:10:31,,
gp:AOqpTOHvzPmCgL1N0AhZTj1ahsu63P7Cbwj8i_twU8goQpaubATxj5P8oVS0WeEMtL62JT49Rkwb0kkEb6zvvJk,Tia W-West,https://play-lh.googleusercontent.com/a-/AOh14GiYK8w5CSd_HLIZQWwDTZRt3FbcTtV-lfqrQ1A10cA,I love it!,5,0,1.31,2015-05-22 18:51:19,,
gp:AOqpTOF-Tx8rxbbwYfqBQlkEcdkVH2fcMdjbLyStxYS3XGpg7Fhg8NkZ0hfxE9kL7siq6-jKIxfTLbYKyvjOVYE,Kamina Kapow,https://play-lh.googleusercontent.com/a-/AOh14GjlbcW4Ra9qFi5boynWbqr9hV4dCms8kYrMDRAY_g,Easy to use. I like how the gifs look in the app. Unfortunately when I save and upload them anywhere (like tumblr) they do not have a seamless loop. It pauses for 2 seconds before replaying. Bummer.,4,0,1.31,2015-05-21 16:34:24,,
gp:AOqpTOGcY86jZ8A4lHkbv0zMiHtdEtYdum7douwvE1l_nVR39b6rd5ZDVuPgX5vCMSIxmDtwV50hoQgurwdDX0A,Arnaldo Rodriguez,https://play-lh.googleusercontent.com/a-/AOh14GgDXxx1M4xhZjM_WO3vwwpkjhas8DKoVg2Oz_cxxic,Front camera makes gifs upside down on  nexus 6!,1,0,1.31,2015-05-14 11:47:43,could you contact me by mail?,2015-05-19 07:27:04
gp:AOqpTOFwI1Q3DRylheCLT0i5Mmja4Qh3vrTWwf5_idKHKjr_omDwtKDCD20SLqKZIzj4IG52PgmV52aTVIxFyw8,Saulsbury.,https://play-lh.googleusercontent.com/a-/AOh14Gg9sacbvxVEHpEHnEeSWiRiT9FRTmNhVvt8VZ0F8g,"It's a good app, but it didnt upload properly upload  to tumblr. I'd pay for it again if it worked",4,0,,2015-05-11 18:46:39,,
gp:AOqpTOFO0h6kAGTmtX33pvHvGDjqw6qLzhogvynVGu0HDASR5F0CJ2NrEh27uK5SVlXmC8pTWhhA4cUH7lwjkiI,Ra'Nisha Wilkerson,https://play-lh.googleusercontent.com/a-/AOh14Gjf8nyYH3UlHil9m558JGNoY9qCjiLFS0WrvNTL0xA,How do you send gif through SMS/MMS text? The receiving end only gets an image. The Mp4 is half a second long. Please advise.,4,0,1.31,2015-05-09 15:17:57,,
gp:AOqpTOFi83DJcM4vl9POzS7r0aR_4fWwBXmvmrKZNgpZVoIK-SrQIz3DNlHRW5-kpm8WL4JLc7cx1n4iQ3qioQk,Dirk Diggler,https://play-lh.googleusercontent.com/-v2SV4qrQ74E/AAAAAAAAAAI/AAAAAAAAAAA/AMZuucneny0i7GoeRDrfdjUlUtMvHDp5JQ/photo.jpg,Easy to use! Thanks!,5,0,1.31,2015-05-09 11:23:56,,
gp:AOqpTOFSGE908kGPJrQClQcDM1z4sd-aP-Yh1RlxSySN5xEtyGQyDc-AtTcFmUcy0qSDCSnSMr3MdqPbTKy_Pxk,zulhazlie Rambli,https://play-lh.googleusercontent.com/a-/AOh14Gioo4gE2VbDfBHwhwCevmaRIhDG85QGDZkMyQom1g,Very nice apps!,5,0,1.31,2015-05-08 05:40:02,,
gp:AOqpTOFy7zix-qLMR1IYz0Jv9S4gpE4wQ-ksCefBIxpaXRqBS43eUV4_ZbBvOfN2_0lylmRI_PCk3lnbBKJ_5dU,Billy L,https://play-lh.googleusercontent.com/a-/AOh14GiLrf6p7XVIEA6SlZGqvzNjzrvJA5sl2O0DbWdxAwc,Cool app!,5,0,1.31,2015-05-06 09:28:48,,
gp:AOqpTOGVhEEyeEhygG3KJqfOi3YQxB7U87i9Dt3CFOgsR27W8Q_SLHmsA_Aoo9u3TO8f6cCFaIGefLml552DErU,Robert Heath,https://play-lh.googleusercontent.com/a-/AOh14GioLWiGLmNqLwbSaFOjy8vamP0lFq9OekAsYxMnkEE,Works just the way it should!,4,0,1.31,2015-05-05 14:23:05,,
gp:AOqpTOFXLBvMzInmBwdAPQE5RW8_g8LVhSsxe0IRg12oJQwMMHIyaC8Xr1uqnDLvylcXVx47K_KZaKyBZ1Xt08I,Ray Marciulionis,https://play-lh.googleusercontent.com/a-/AOh14GhDK1sO8HnJRfPdMqKr5TIs-Vv4LNsxrVcH85KWNOI,"When using the front facing camera, the camera is upside down... Plz fix for 5 stars",2,0,1.31,2015-04-29 20:28:54,could you contact me by mail?,2015-05-19 07:26:59
gp:AOqpTOGzAA5KboWlAaKpGjwKXOBh6ldVcbc_RY46o9evEQJZzOKu0clovAvPI-0eHyoUT-n66og6XURD6pa0FH4,Megan Osborne,https://play-lh.googleusercontent.com/a-/AOh14GgTrB1lt_YbZ9XJX8VjQGtUL-5pCbXB9t7DF1-Ipw,Can now save as mp4 and they also fixed broken gifs with text! Yay!,5,1,1.31,2015-04-28 10:33:16,,
gp:AOqpTOG4zlXAXDHrxocxXTztwPf8cSx6NGZ-p1SKYqxNR0jDCTB-OcqxPE0MLZzEOGuHrvjKVUidnv1x_V9iYGo,Konstantin Gizdov,https://play-lh.googleusercontent.com/a-/AOh14Gg_uyb3nrdTC6LbpYBwxKIAVQMjSoAO0TgmLDUN_B0,"Quick to start and take gifs with new setting to start in capture mode. I would still like to see the Material design language, so the menu is more natural to use and pleasant to the eye.",4,0,1.31,2015-04-28 04:41:40,please contact me by mail?,2015-04-24 23:18:35
gp:AOqpTOFyPt9OaCpwrt2JQWwvCFNrxlRFDtlkwozinYmiXjEYEvrcKlVxWDocZB0A50sTUUQgH7RH92vGrqIdb9I,Angela M,https://play-lh.googleusercontent.com/a-/AOh14Gj1EctWHtFgZP8xkN-bIv5UK7ww2FjmVnDUdXm8,"Good app, a couple improvements would make it better: 1. Ability to add music. 2. Ability to share to instagram, after the gif has been saved to album. I tried, and it only uploads as a photo, not as a gif :/",3,0,1.29,2015-04-24 12:53:06,"Animated gif can't play music, on instagram you can only share as a mp4",2015-04-24 23:17:43
gp:AOqpTOH4_q0zA_bY4oByZwb6bkCnsOCt6yQv6WsYwDA1Bin7bJpSfMphsRJimB7dH0y4A_obY067tgNpVbsg1Zg,Filiberto Dominguez,https://play-lh.googleusercontent.com/a-/AOh14Gjhxxo4Qtkmjm-sckKS1dcZKtbWG9Quor8KKRwysQ,"I'm using the pro version I love it, great job.  On my Nexus 6 here.",5,0,1.29,2015-04-22 17:38:44,,
gp:AOqpTOGoCWGkdqR1k9KN_ezCwDrRP3dNqa6XQrFzR3KLv8wupWtCrTd6p8hGXM8e4MKys_fURg4tld1RF8_FFkE,Drew Smith,https://play-lh.googleusercontent.com/a-/AOh14GgkCoM50VWLsjWSdCC1NRu6WBFFz-oIJTftQbELydY,I'm loving almost everything since the last update. Two suggestions: remove frame limit of 100 and allow import of previously created gifs.,5,1,1.29,2015-04-20 14:30:30,could you contact me by mail?,2015-04-20 23:37:00
gp:AOqpTOF95uUk3_OSc3GkeCqcSN0W3SqjYpQdAqq_VCoJYnckXr0sxOvBdkW8NYlKMMbw23mslfI6wdDMfYOc21Y,永神金,https://play-lh.googleusercontent.com/a-/AOh14GiZ_wdE3kdsDIUUemLrOemmxIxq7goR4axrwp-J5k4,Doesn't work with samsung galaxy s4 GT-I9500 with lolipop os refund please...,1,0,1.29,2015-04-19 19:24:51,Please contact me by mail,2015-04-19 23:31:13
gp:AOqpTOGsIbjFK61CUx6Eqk3YO46woAqTupQrC-1Fp90-KLeJ7ti2PBss6jFx9ZbYJ2lo0WVGHYpi5q-NKnMutso,Randy Parker,https://play-lh.googleusercontent.com/a-/AOh14Ghrfx2SvtVbOvWZGo-sdiqe1gMe0aGHJjH7fNQw_2Q,The gifs are choppy and there's no way to edit the start and stop of the loop.,2,0,1.28,2015-04-16 18:13:09,,
gp:AOqpTOHbV7vobw9Jp6rf-t9gJRdmf9RI27PzVv-3QGJ9IrIgCzjxsSB8AhwxulC3yPY2KMYa7W8sjvxNrNkVsKk,Tamela Stryzewski,https://play-lh.googleusercontent.com/a-/AOh14GhvVf7F-xmAD4nsnZzCXerCNS1-qPMc_P8Murnogg,Watermark can't be removed until upgrade but Love it. Should specify that in description. It's misleading.,5,1,1.27,2015-04-15 20:07:06,you can remove watermark in settings,2015-04-16 23:45:24
gp:AOqpTOHs2i7A5Jky_j_J6BTt-Ze5tl1KjWIvJOsLURaOixKs2chgBdHRfCHm0hb98sS120oxDJL6dGBfAiX7aEI,QueenJazzy Vann,https://play-lh.googleusercontent.com/a-/AOh14GjNIS-F5CPpR85CMHoN1QbyfNK5jvAYvhrZ08wnBQ,How do I remove watermark? Guess I shoulda read b4 I downloaded #Refund,4,0,1.27,2015-04-11 09:05:02,you can remove watermark in settings,2015-04-16 23:45:43
gp:AOqpTOFSM3bwZG4TwHIDscWlkguUFBqpbLKVcCYM2PcTJMI6QprHuY3UL_KyXUVsAXa-l-_P-XyeDQbIV70o5hA,George Partan,https://play-lh.googleusercontent.com/a-/AOh14Ggto_P7OyZ86MAOMA0Wnm6Ep71dgeWZTgoW1Xf6vI8,Cool app. Easy to use!,5,0,1.27,2015-04-08 16:56:29,,
gp:AOqpTOESlQtYc8CEkm6oEiIlT1UUo30fZqnCMedhmXWSslxIB30HwpS33vE61cB8fzHMu_yaA3-NNhF0vq5sjdk,ツAmity,https://play-lh.googleusercontent.com/a-/AOh14GgQK3OKsPwblmTaZfz4UAv-ixH18td7wMz02kHKlw,The gif is only one sec when I send it to people??? I bought this for the purpose of removing the watermark but now the duration is the problem. I want my money back!?,1,0,1.26,2015-04-02 20:07:03,you have not the same as the preview??,2015-04-03 01:46:40
gp:AOqpTOGymwNdJSG5m2ce9leeG6zDB5M30U9UPA-gAv3G2SGZu0xyl_bW6BxXa4Y7u6CJNSWIJ8WXOxUBuoNrYj0,Breanna Anderson,https://play-lh.googleusercontent.com/a-/AOh14GiV4IHofXZIh6K_Uwq6BEIadWJe3SP9AH502TcaQA,I purchased app and it did not remove the watermark,2,2,,2015-03-30 21:41:38,Please update to lastest version,2015-03-31 02:01:04
gp:AOqpTOFq62d8ZohrgMaCABi0r7GIvqiOppC8GQ20BAUbR6AWfbfyW2khnSKCiq2j4mvoxQQeSSaoISD_mYHMC0Y,Brandon Ramos,https://play-lh.googleusercontent.com/a-/AOh14GieJ0J3IzO86E9rgwchxTZinQrq9DrGYuhd5bpKFA,"Paid for app and all it does is crash and say ""unknown error has occurred"". Waste of time and money.",1,0,,2015-03-28 06:33:18,Could you contact me please,2015-03-31 00:22:01
gp:AOqpTOF6_4TGUnFE8MzJ6HkPPERbnM7TxAFp6_s-yAubJ_LhyVCqYjXZOIpCXNqQwnQUI_RICQmg0iqdU4-RVek,A Google user,https://play-lh.googleusercontent.com/EGemoI2NTXmTsBVtJqk8jxF9rh8ApRWfsIMQSt2uE4OcpQqbFu7f7NbTK05lx80nuSijCz7sc3a277R67g,Very satisfy on the ui as well as features.  Keep it up dev.,5,0,1.24,2015-03-26 06:55:14,,
gp:AOqpTOF2128heVuHHj7em2pG8P_XY--9RWOWi17M_pw2gCk5zX2qQJfI8-2HdfIC1n6lCOaX_iW7RFU9o5qqFjE,Claudio Orosco,https://play-lh.googleusercontent.com/a-/AOh14GgNkD-BFlPzneavJZPSwngLEhwQLjfN3qEnbkuCmw,Cool app!!,5,0,1.24,2015-03-09 01:13:49,,
gp:AOqpTOGltZu_77wivN55F0K4KIBBLbX5UyZXZ2L2kV6Z2bs992msUI0wI_ymgXF9HKdC4l8fW-NqrKiQpNUCjyo,chante w,https://play-lh.googleusercontent.com/-y4r3u6oQKA8/AAAAAAAAAAI/AAAAAAAAAAA/AMZuucnI06HRkwRkdpLyZcWMAgi8uZMBPw/photo.jpg,I can't get any of my new gifs to work once I upload them.,1,0,1.24,2015-02-28 14:01:20,,
gp:AOqpTOF3wmsJLm74mLRROMtT5K4trPPRu3nB8UAH7tt23P7gy40nJXsmWjE9KHUQJI0iH6p1YxVLRbGH6ERgufg,Randy Brooks,https://play-lh.googleusercontent.com/a-/AOh14Gh9tE7GWKxfGO3Tej7Re7NZmU8RAGi3ZIWl464sJQk,Works great!,5,1,1.24,2015-02-23 06:04:41,,
gp:AOqpTOECIJJRB5D7KfqCDWRvNQyb0mMxSI5KhUAhcepG4dndgBWWUCY8jA1U4Hl5Il_90pci5rrA0zVth_wFC5Y,Timothy Valenti,https://play-lh.googleusercontent.com/a-/AOh14GhL1FPS-jdY8_DMjwVTVPEwdpZhxO0TGE1WorSuPA,Seriously awsome!,5,0,1.24,2015-02-18 19:12:32,,
gp:AOqpTOEcgXK9S6jLdwQvIyCcssCUIUac_UbQERcYhs7O1nhFVHmWfZhbfOaBE5IKElBvMcdiAhY1ReOmPz9un2I,todal877,https://play-lh.googleusercontent.com/a-/AOh14GiQmqUuPuMW6mv7j40KBCnIlVunRoph57JF31Tf_28,Very good,5,0,1.24,2015-02-16 19:15:26,,
gp:AOqpTOHNpQhDkfCl8kUnlJWZNTxM3eiZyBXzqSA3IE0JpW_fCK4wliMXZXhFJBscRxD3-k1HzOdCEkgVp6bdD_k,Elizabeth Stevenson,https://play-lh.googleusercontent.com/a-/AOh14Gj2NUYPghqrLL3qGAU2gjblWcvMkU-6Iqt8rEmXvrA,Thumbs up 👍,5,1,1.24,2015-02-16 15:05:10,,
gp:AOqpTOEla_bp8dvc2_wsFpAsnXTpZtEC3g_WcTF9ZMKpfu-JVo-XG2lvscjkBfm1dZYvxnGG2gPzlhwLB-STP3s,wilver medrano,https://play-lh.googleusercontent.com/a-/AOh14GgS9yDemtkGkp3krKrzH0JDR8BqfG3xYFNsDJK9Kw,More than 100 pictures to add thank you.       UPDATE. Add more options like be able to see picture 1 2 3 4 5 6 etc while playing gif before share or save,5,0,1.22,2015-02-11 19:07:07,,
gp:AOqpTOHcsUs9So5k_Q63dKRZGhlBv_TXrrP1a-jhfTVd3YXv7jsqgzq2-1rA9JXYnOdGl_H5tncAOaz42wJeAbk,Umka Dogg,https://play-lh.googleusercontent.com/a-/AOh14GhOcuVyzpwGyQuBXcWdDD2hfEoo28jcqYEAZREkKRw,Otherwise a great app,4,0,1.22,2015-02-10 15:47:34,Please contact me by mail,2015-02-09 01:26:51
gp:AOqpTOHbpBoU5JzC13j_L0KuRZT8e310C8nabQ4RNZK71W5T1sNCW7VBBh_M_xhDO944Gv-uqUtD0FdG0cmGw20,Flormine Pagaduan - Cuevas,https://play-lh.googleusercontent.com/-eQhxf-gqtZ0/AAAAAAAAAAI/AAAAAAAAC98/AMZuucnqCcVPfKdyHER8JvSah7pN8kRX3Q/photo.jpg,"Wish, we would be able to add some music on it as well. That would be awesome!",4,1,1.20,2015-01-21 16:34:43,,
gp:AOqpTOEa6OtAUhbxbhcgwPRNNUSYQJe-9aMdniQ7D-nc18tNi8icvm9FTb3LmoavSVKkMy1Dncwbgt6vl71GmIQ,Kell Firebrand,https://play-lh.googleusercontent.com/a-/AOh14Giofhi0XFSdSmpltzxDfWWU_TQBleuks0YFP1b0,"Had a hiccup, sorted it out fast and great helpful advice. Thanks guys",5,1,1.20,2015-01-20 01:26:15,,
gp:AOqpTOGaa7RLyCyxudEFw978W7u5y0A1B7vY3Q4VD_cLsQnmSerz3-Z9qwcEV4OvbrqFoq-n9ePsFTq4JqEMXrQ,Casmira Boland,https://play-lh.googleusercontent.com/a-/AOh14GjkHNxKozEDu3igys4dLy9_Q9KjWXOqHovuKjAxHQw,"I love this app- totally worth the money to go pro. Once I learned that you are able to remove the watermark in the options, I had no complaints at all. Best of all, there's no log in or anything like that. It's just open and go. Everything is streamlined pretty well, and the app performs very fast, even when saving out longer animations. Two thumbs up.",5,1,1.20,2015-01-16 14:48:52,,
gp:AOqpTOGClmo8DagGrjnHdZcCq2M-I5HAUO5jH2LtlMXuRf4jbj_8Lz2TuI5ZBRHTx_AfZTsbPfItl6OQ54Mo0ao,Cherylann A.,https://play-lh.googleusercontent.com/a-/AOh14GhOcXdeDt-6CBAbzYJ2ggIFPIC6eSm7WPX2nEcnZw,Can remove the watermark and add your own! High quality and easy to upload/share with most social networks!  After downloading a bunch of disappointments this is definitely a keeper. Just wish I could edit after I save the gif but u can easily edit before saving to make your perfect gif!!!! Absolutely love this gif maker!!!!:D,5,0,1.19,2015-01-13 19:09:33,,
gp:AOqpTOG-PLdWtxX0WL2hxhZdNz_jeXraybBcDHXzrD_xuoSG_E6yyt6rdNkrc4N4kiF9-bzTOG61X6D6V_QcbRY,aj quinnell,https://play-lh.googleusercontent.com/a-/AOh14Gg1D0cHdEqKdfJF7YOnAhyMdUBdxpavhhJ6FDkOAw,FILTERS.  SIMPLE . ENJOYABLE,5,1,1.19,2015-01-03 09:02:14,,
gp:AOqpTOF1VRsJWYAQj2P3weepj5sLmN_LqJgL9q1NceXzR5s7Efuvbdw3UbDpoiRbfAy_q-LOcMlzY881lW5LV1U,Hope Snow,https://play-lh.googleusercontent.com/a-/AOh14Gi1uQmO8jbvvoGJXQiDNZUqiRJ79YanR1LKPn2qdg,But you should add a timer and trimming options,4,0,1.19,2014-12-15 21:10:40,,
gp:AOqpTOHnABqj08lc2Urm8eDhcCi5xHV7YNO4UsDO2kIvWdbmh4IM17lgmcgfyvSClnepYVsWkr4ElaRDqAHP7lI,Dayne Walsh,https://play-lh.googleusercontent.com/-wxQTAv7mrd0/AAAAAAAAAAI/AAAAAAAAVnk/AMZuuckvXsLN874yRGTzynd3celA_ArYbg/photo.jpg,Makin some kill 9 gag gifs,5,1,1.18,2014-12-05 05:49:30,,
gp:AOqpTOHWolJTRptEz6nej3lZVuiBLmAke20SI_gPSB2NOCQwlM_wqHcr99ea_A28qVn2Wl3hnXrc8Wh0lJyDJcA,marc connell,https://play-lh.googleusercontent.com/a-/AOh14Ggluo14AnmbPc08N12O5y7bEPeSwAq188wAyC-H,"Out of many gif makers, best and easiest one yet!",5,0,1.18,2014-12-03 10:39:09,,
gp:AOqpTOH0AM669PdMw7vH2VtyKYeHcvOqGi2frhg_UR0aFd4IdrEcpSM4TCxdWzsMmEKIvfS9VMzdfakmLIWmFjA,Toni Czec,https://play-lh.googleusercontent.com/a-/AOh14Gghw5IVEmLjhvPRrKrrFB9gKfjgtX7iwZjHgqawGg,Had free one and decided to pay for pro - great app,5,0,1.18,2014-11-29 12:15:41,,
gp:AOqpTOG6o_8JLGHsSkM0xapNw2ixGZDVQWDQLIvuz3VptA18g7jm6XYMMjVJSUdoGNgpb6qfeNJ1-SrGv-y6m1w,Natasha T Hisham,https://play-lh.googleusercontent.com/a-/AOh14Gi5Nn0nwkFoCKU-MjGi2EEpEj_KUJR9Tb264SVM,Exactly what I'm looking for and its user friendly!,5,0,1.18,2014-11-27 03:22:27,,
gp:AOqpTOEFXijkkqpABjfZuKPFZaAF5h-82F8CZj8iMfbzl4QjsDpZEBgxPSL7h9dK6swCeFZfgnOlSxyk2FhAcXc,Dean Hull,https://play-lh.googleusercontent.com/a-/AOh14Ggj-tFx6PrRSQ8BU88YmpbuuD-9jyiucafFgB8-KRQ,Great app!,5,0,1.15,2014-11-01 07:31:22,,
gp:AOqpTOHRfPzs5NkSaEVwdmhigSJAgEQcV7_Dbg5SZ3B8n5zF0VsQaCj6H7h5F_7EJeI2r5vuwTspzqqlBxx2frY,A Google user,https://play-lh.googleusercontent.com/EGemoI2NTXmTsBVtJqk8jxF9rh8ApRWfsIMQSt2uE4OcpQqbFu7f7NbTK05lx80nuSijCz7sc3a277R67g,Simple and fast,5,1,1.15,2014-10-17 09:27:21,,
