reviewId,userName,userImage,content,score,thumbsUpCount,reviewCreatedVersion,at,replyContent,repliedAt
gp:AOqpTOHNpvfVxNEhgsp41zDIWpcO_lyMzqQkROMPzNPrtYerQpNpLQl8gXUZvDYYmwdU188sH8HWazQzX2PR-g,Michael Johns,https://play-lh.googleusercontent.com/a-/AOh14Gi4VevRn4dqknb-4zZvtoaW1n127lYus1P37TEF,Great app. My eyesight isn't what it was and this app helps me out.,5,0,2.3.0,2021-02-07 00:07:35,,
gp:AOqpTOF_H-_C-GcJl-Fp_RPFUmKAX_vRWJkRwklapq4AOzX8uiFjbq08pkJTGVZFlkjhqPeHkqBp8U5z7lIGdw,Kaushik Vachhani,https://play-lh.googleusercontent.com/a-/AOh14GjV7IcfUT7CCmWTZHOJIof0glVWzXzZ3rNi3b7P7w,There is no virtual ruler like that i want to take masurment of for an example tiles there is no provision so i dont like that. My money go waste.,1,0,2.3.0,2020-12-28 21:28:46,"Thank you for your comment. For the remote measurements with a camera, we are offering other apps. This app works as described, measurements on the screen, you just misunderstood the purpose of the app. Then why rated 1* instead of contacting support@vistechprojects.com and getting a refund. U: need your money back? or you were just spamming?",2021-01-05 10:51:46
gp:AOqpTOG7c8K0-d0YDhu9dmSlJlEqFSLZi_738tUS3KaEPAr8VDCaSLN24DQsDVQjRCwH8hfe6BaHFSSVQAuqrQ,Kamlesh Bhankharia,https://play-lh.googleusercontent.com/a-/AOh14Gik5jIu7mL-CD8RHikNRWcauynv8Zbe-br_F6Nx,"This app is awesome, feature reached having the great tools and also very accurate!!! It is the digital tool set of my mobile, becomes daily companion of my technical life...",5,4,2.3.0,2020-12-10 20:27:10,Thank you very much for your comment and support!,2020-12-11 06:24:23
gp:AOqpTOG_UMdNjy5w-XxypG5iCnZcEgmkmKr_vYMO--j2mAlH4j6XVaReGxuZN6Z8KpRhWdiQgOiwElRTv5QIgQ,Mahdi Ramezanpour,https://play-lh.googleusercontent.com/a-/AOh14Gj8RWP_gPG2M3qM71wC0iydpPCQtFDzstbXmWgGtA,Very good,5,0,2.3.0,2020-12-09 21:42:08,Thank you!,2020-12-10 07:06:35
gp:AOqpTOF6hly0daG-O3AKowY9UaVFFlfngqyr1Nso05E5v6cUL_rMflMSwHn0TX8FGGq1InuViA5Xa6r6GTTBCQ,Jas Drum & Bass J*Dub,https://play-lh.googleusercontent.com/a-/AOh14GjkoIE4RRKWMjNyGRwVr_dqroS10fNM_aTDf34f-g,It does what its supposed to do..thx dev,5,0,2.3.0,2020-11-15 08:33:35,👍 Thanks for the comment and support!,2020-11-11 21:26:08
gp:AOqpTOFyVsYomSOSJ7LTWtx9MV0ZJtwOFGw2InU3OtzKryMnazk8EnQKbHGfjWNbqRGMHHUlfh_adRkkGD2nOg,Ach Hadda,https://play-lh.googleusercontent.com/a-/AOh14GicDFnhEP3VOObE7JVACL3cUxcT43MwujRSnVrxMA,Pretty useful for small in house works!,5,0,2.3.0,2020-11-02 23:56:59,Glad it helps. Thank you for your support!,2020-11-03 08:03:36
gp:AOqpTOENIy2chnu2Y1jcp8N_zT2bPzO9kFHq7Pq1_kEz5iLE7AIiCnJWOj4h7wSkK0evas3QjAGK_P9rZdLe5Q,Anne Knight,https://play-lh.googleusercontent.com/-c9uYTRfXqLU/AAAAAAAAAAI/AAAAAAAAAAA/AMZuuckXKSypvKkjU0maGeN_JEqPEua71g/photo.jpg,"This app seems to be extremely accurate, but I do find it a little confusing to set up & use. I'm sure it will become easier as I use it more. The area function looks to be especially useful. Thanks. I consider it money very well spent.",4,10,2.3.0,2020-10-04 08:59:43,Thank you very much for your comment! Please contact support@vistechprojects.com if you have any specific questions or need assistance with the app.,2020-10-05 07:10:37
gp:AOqpTOHwAXWotq6xwhIAVgn06oLJwL6JPWdJF7E5fUfhJq0sYY1DA-cNeCwIIIvSQQprWySMjQBxaPoWLOE91g,Josh O'Niell,https://play-lh.googleusercontent.com/-EEGHDRS0klU/AAAAAAAAAAI/AAAAAAAAAAA/AMZuucksEJ_4g-ksuy6Z5qp6-dg6BZKFOQ/photo.jpg,One feature I'd enjoy to have would be to save some of the measurements for quick excess when looking for the size/diameter of bit or bolt etc! At toolbox or store Smooth setup that can screenshot or hit lock simple to get hang of one would feel a lot more accurate getting a bolt a bit size. When at the toolbox or hardware store. like any beloved app update welcome but this is simply smooth well made app,5,14,2.3.0,2020-08-31 04:08:22,"Josh,
Thank you for your suggestion and support! We understand you are looking for some kind of measurement history with a screenshot option (please correct if we misunderstood it) for quicker and more accurate comparison at a hardware store. We will consider your suggestions for future updates. For any questions contact support@vistechprojects.com",2020-08-31 10:48:29
gp:AOqpTOF4mc1A_Gh8tsMg8AxJUX3wehFOaq6kiuK3RwEO8fbnxMkQLKqp5PfJV2_E8GG69Xi4Pscfr38tSYgg6w,Tim Dunn,https://play-lh.googleusercontent.com/-D8yNd6wgS64/AAAAAAAAAAI/AAAAAAAAAAA/AMZuucm0aBNsNZsUxjoGDODargiMFODWBA/photo.jpg,Thanks for the useful tool.,5,0,2.3.0,2020-08-27 18:29:11,Thank you for taking the time to support us!,2020-08-27 20:55:09
gp:AOqpTOEtCaDvGzzbPwYq672iJk0BIxeTg48fg-ZtA_bRsvFY-JovtohJ3rkrtAl-7Og7qfTuaz3jccm5wXYwdw,Bhupendra Gangar,https://play-lh.googleusercontent.com/a-/AOh14GjNbaN3tdRya6vEF6VfPI3_tEVNVFAGKorG8jpS,Just purchased love it cant beat the price,5,0,2.3.0,2020-07-16 21:41:04,Thank you for your support! 👍,2020-07-17 03:53:17
gp:AOqpTOFy2Q0_eUebA8Zd2TzPls2oOL-QCTeB-UZY2Tfr7UKXUl30aHnEPXhELU6ZI23l7NYUktnscL2bbsZ5uw,Thomas Knute,https://play-lh.googleusercontent.com/-GR6anMKmWt0/AAAAAAAAAAI/AAAAAAAAE3A/AMZuuckk75CDe4ESH3QC8e23NVhJzVBzbw/photo.jpg,More than 2mm off. Asking for a refund,1,0,2.3.0,2020-04-30 20:37:28,"Thomas, if you need any assistance with the app or refund, please contact support@vistechprojects.com. The app has calibration feature where any device can be accurately calibrated. Contact us to if you need help with it or provide details about the issue so we can address it. Thank you. UPD: haven't heard from you, any issues with the app?",2020-06-01 09:45:06
gp:AOqpTOGit9zSosp6IO6KDqX2U0nj0biLguFkjzfylKJl5pqPo_XTwZ34tvybFuZrgtbQShRR5FjSdFqY9P70CQ,Kakha Khmelidze,https://play-lh.googleusercontent.com/a-/AOh14GhzLw4L0vHzshxcFJaMkyCOscoxV9QpLCpDUBKwwA,"Have this rarely usable but very useful app for a ling time. Thanks to the developers. I think, that, currently, this software slowly becomes the outdated. It needs some modern refreshment",4,4,2.3.0,2020-04-17 16:35:18,"Thank you for your feedback and support! If you have any request or suggestions for interesting features, please don't hesitate to share your ideas at support@vistechprojects.com",2020-04-17 19:25:32
gp:AOqpTOHorA6OQlas-AiULI6Hlx_1g0x-dKdWApCiynhB3ZHcPZb2zvODx18BiUHOSEp4V7x_dSLvm_ynaRZtZw,Jul IO,https://play-lh.googleusercontent.com/a-/AOh14GjMckdzYdbQvaGcqO5GTdmZ1AUP4poDe8zj5SqyRK8,"Love all the features. Although I'd rarely use it, for $1.39 it's good to just have the tool. Only suggestion is to change the app icon to match the app's minimalist nature. I think it would also make the app more attractive on the Play Store. :)",5,6,2.3.0,2020-04-15 16:04:06,"Thank you for your feedback, support and suggestion! 
Have any specific ideas?  contact us directly support@vistechprojects.com ;)",2020-04-15 20:52:47
gp:AOqpTOFKUC5H1o7wFa90qdivMvKM_2oMG2CXYqil7rgy5_DOzI6IkEPHc1_tDz54zjJPOuZt6sT6Khf6LrDgzQ,Leanne Waterman,https://play-lh.googleusercontent.com/a-/AOh14GgwP_WjaMl5Yyo-Aal5UJtQ-1W9frwVaSfV5znMBqM,Love this app. I use to calculate my gemstones and it's spot on.,5,0,2.3.0,2020-04-01 09:31:08,"Leanne, Thank you very much for taking time to share your experience with the app and for supporting the app!",2020-04-01 09:43:26
gp:AOqpTOHV7kdcK183qh3QPBqzn7I8hKbYRxmSiogIkA984CnAzwpXDtOwFeonMQ-BX7zH_v4FA6yC6xfaBkTWzA,Ray Hoertz,https://play-lh.googleusercontent.com/a-/AOh14GggK3W0WiwIs0OmVfXUYd3RZA5v_9ks4q6A_6IHiA,Pretty great so far. Does exactly what it says. Has multiple options for calibration and measuring. Would definitely recommend it.,5,2,2.3.0,2020-03-31 14:06:19,"Ray, Thank you for taking time to share your experience with the app. Your support here is very much appreciated! 👍",2020-03-31 14:52:38
gp:AOqpTOFW1Wr9jpk51h-5G1Bq8ajCx3k-Vp5mK6rY4md__0MUCCi5ILtgoE88CWPreJoUlRp6PRYoAronuR0QPA,Steve Oshana,https://play-lh.googleusercontent.com/a-/AOh14Gis2bZvd8djCyjjB84yftC3Ct_X-b44tDi2PoFkYQ,I love it pretty acurate,5,0,2.3.0,2020-03-31 10:02:56,Glad you like it! :) Thank you for your support!,2020-03-31 11:17:33
gp:AOqpTOHXYX6hpOSsKd0GNIh49uqxWVJ2Aj4xiAezUc5ALYzX0JLeZwHKMIuHmVXF1_u4bvLBL2M_341qSQTrHg,Alex Jakushev,https://play-lh.googleusercontent.com/a-/AOh14GjM93ZqFRGLbB8X5G1X3XO9nsn4-rdAmciipzA,Useful,5,0,2.3.0,2020-03-06 12:15:53,Thanks!,2020-03-06 12:27:12
gp:AOqpTOFgW3RNfv_eCoL2HvXwszmEAuzkMvlxFMxPm0aFgSrA_NEtg8Sk4HGpPwFIw4LruWQvbxTz7eNekzIMCQ,angelo595,https://play-lh.googleusercontent.com/a-/AOh14GjFXYTVudT3uWASahTQ9lHhxw-etxipoYi3eO-OjA,Very good..but i think they should add circumference as part of the output in the circle.,5,3,2.3.0,2020-02-29 02:43:04,Thank you for your feedback and suggestion. We will consider it for the next update. Your support is very much appreciated!,2020-02-29 07:28:26
gp:AOqpTOGQFnl1nXAm8IKIpDbPuf8DgXH0z_VrOK6OD4_B9ozey5vWuASaN5n09MuJk-BV9g2dNyO9ZHy5FV1APA,Beni K,https://play-lh.googleusercontent.com/a-/AOh14Gh8pk3qFRUBK2vtHlUvakn7jRfFFJFQwIHqzU3eFw,Very handy. Thank you!,5,0,2.3.0,2020-02-08 19:21:05,Thank you very much for your support!,2020-02-08 20:02:03
gp:AOqpTOH8tRSuMUrwuIrzu4Rtzpa2RTct58mmR2ITTqaKczKG-45b897SYc8m4o4xLhmf6AYIldrdc8-fjgk5Xg,M. Nanaware,https://play-lh.googleusercontent.com/a-/AOh14Gh65Stq2qPe06kzaEHqVUzb3eojN4p3rAMPJatDE2Q,Good app,5,0,2.3.0,2020-02-06 20:37:43,Thank you for your support!,2020-02-07 06:27:12
gp:AOqpTOGuqPzEq6kehT4SpdeQDWykBTQh5_jvhpcCR_R3pg1U5qajV_qvHxWIOoW9_G_9y9vRGYS0RsJTu0I1Ig,Andrei PETRACHE,https://play-lh.googleusercontent.com/a-/AOh14GhgYYIA3pxtUu4bemyfvuV5oxbilfp0RDVnkrXSXN8,Very handy. Lots of tools.,5,0,2.3.0,2019-12-29 03:54:49,,
gp:AOqpTOH62nQJL5GryPYoBApCnqD66Qdlqz6rYpr0dgVc-8J7guIcjp7faDPkySsfQW3Gbl5unukcjotOCeobxg,Pinky Swann,https://play-lh.googleusercontent.com/a-/AOh14GjMSBTBOv2bChkVBoPFBfBZRUVOkDqfRZgKqTjJ,So handy. Very easy to use and very fine movement of margins provide for accurate measurements. Brilliant use of common objects make calibration a breeze.,5,3,2.3.0,2019-12-26 18:24:45,Thank you so much for your feedback!,2019-12-26 19:22:13
gp:AOqpTOGUr_pJcO0QL9cm2_tkm8dvUVBQuvVmtaJ874jFqO857xtTreJ9gUM8Yqg1qR_GlpPucOmIC4beDBvsWw,Adam Peek,https://play-lh.googleusercontent.com/a-/AOh14GjytVlHv3qxZGpTPSumZSeoU1TS-rjXnsx2mhHltw,Very very well put together. Minimalist and extremely user friendly. There's nothing I would change or add. Completely free of ads and privacy intrusions. This app should be part of every phone's toolset and I sincerely hope the developers keep the excellence flowing.,5,3,2.3.0,2019-11-11 09:19:56,"We are glad you found it useful.  Thank you very much for taking time for sharing your experience with the app and for supporting us! 
VisTech.Projects Team.",2019-11-11 09:59:15
gp:AOqpTOHdBrYITygNNO4SfXS9u3l1IfH8d7g0nu7IPepWHw-ROaCBPnRTt-VE77AIY3ryS19W4xnpkm6eAtc0BQ,Bryan Guzik,https://play-lh.googleusercontent.com/a-/AOh14Gho4_KeSMqktZoVcjhwrJfF3enCFamwUrRKVbK84w,"Had for while now, been helpful more times than I remember. And sometimes just fun too! Great job.",5,1,2.3.0,2019-11-09 17:49:03,Thank you so much for your review!,2019-11-11 07:49:17
gp:AOqpTOG74Zqh3v-Lw42rb6HocpDi3rJfLhBDLYHMz3UvPsLSniYdXKVwtgw6yJ8KM-npoaH0lGef4dLWSdcd-g,Eugene Manugas,https://play-lh.googleusercontent.com/a-/AOh14GhH3VvSvHrrd7ywXjt55OUz3ny08KWfKLToRqU_QUs,Awesome. Perfect for on the go measurements,5,0,2.3.0,2019-10-19 10:23:21,Thank you so much for your comment and support!,2019-10-19 10:54:14
gp:AOqpTOF3WnoqdqZmS40gScsPGoJfrc6X9EHVPuxaXlrnWv-ZLaIr2WflRNRI2GpTzGoLrPwNY3PRGIJx-Py71A,Blank reg,https://play-lh.googleusercontent.com/a-/AOh14Gjr8VzFEj2cBZuQx9Ak6RhS7dc9hpL0cG_bgFax9w,"It work great, just calibrate it and use it :8)",5,0,2.3.0,2019-09-26 01:45:20,Thank you very much for your review and support!!!,2019-09-26 07:55:36
gp:AOqpTOHC0EAx0OzpwNm6LoCck7GmLjnnfPO61c6thH9lb-A-ZDbVMk7WII5J-h7fAkZBKpOZ9RoLE0QqF-cS8g,Nick Reed,https://play-lh.googleusercontent.com/a-/AOh14GjXWhvXuEfCkU_Q_DXCP7BoVgH3QXtA7XM7v22_,"Very useful, especially for checking angles",5,0,2.3.0,2019-09-23 03:57:55,Thanks for your feedback and support!,2019-09-23 08:02:45
gp:AOqpTOFNrn1K_QRpnBH-BKvStrXP1TknONQ7Auvw8LaoeDA7R85Rl-YGxxqkwzYuUdHSI8A9lx3esiwixA7AdQ,Eric Benjamin Levy 417,https://play-lh.googleusercontent.com/-cF30P9InO0k/AAAAAAAAAAI/AAAAAAAAAAA/AMZuuclZC7kTRXhHUufnsCYoxv1OfAB07w/photo.jpg,Super cool awesome,5,0,2.3.0,2019-09-20 22:51:48,Thanks for taking out time to rate us. It really helps us to keep going and delivering the best :),2019-09-21 07:45:14
gp:AOqpTOHB4k1XYEk11n1Uqrusx-ymtl4C4xrJ5L_BOYRoodW4sx9nkV0PWM3SpZibzieNxe-FKD2IB0KX_XIA-g,Jim Duncan,https://play-lh.googleusercontent.com/a-/AOh14GgkhQdN9uk0mUiijSePpeVU5RLyz9GPk_UMNMKx1g,perfect 👌,5,1,2.3.0,2019-08-19 06:20:59,Thanks! 👍,2019-08-19 12:28:41
gp:AOqpTOF03SuYX6xXfXzs1BRkGheMQ9t2nztHKAQo2BCDcPspRHirfB2htAvcVby6V0pC1Wl5ODiNn1cwLEnfVA,Florin Constantinescu,https://play-lh.googleusercontent.com/-Y4g5HQ9G7LI/AAAAAAAAAAI/AAAAAAAAAAA/AMZuuckT0vjRl3gjeywe59edz4pN7GHugw/photo.jpg,nice app,5,2,2.3.0,2019-07-28 08:58:25,Thank you very much for your support!,2019-07-28 12:58:42
gp:AOqpTOE8d-uuvfyBP8UaxeP337pd5cnwKSpqk_JY0tR_bloskEGemkgbTMDPrslmkcRCRLQOO-lUoY1gmWXNNg,Mick .T,https://play-lh.googleusercontent.com/-ymgUbeXXz1E/AAAAAAAAAAI/AAAAAAAAClk/AMZuuclyhZEccCitZKsF44mOktul5TwVlg/photo.jpg,"Can you please add an option(further expand on the width and diameter) into this app. So that the user can create shapes(geometrical shapes [square, rectangle, circle, triangle, etc....) that can be assigned manual sizes (mm's & inches[example: height: mm*width:mm])) and exported as Png's?",5,2,2.3.0,2019-07-24 10:21:11,"Hi Mick, 
Thank you for your comment and support! The app already has manual size input for rectangles and circle. Could you please contact support@vistechprojects.com ans  share some more details about your request (purpose, sharing opts, etc)  so we can better understand the task and consider it for further updates. Thank you!",2019-07-24 12:45:45
gp:AOqpTOElqOVK508ALFMK2cXWbQQ8wx70p_utdf3G3RZYtBNLZnOVH6uH1_RIs1Tq5QqxGT_SUlsmbr9kZZzXmw,KishanSomaiya Family,https://play-lh.googleusercontent.com/-WM2glafqxVQ/AAAAAAAAAAI/AAAAAAAAAAA/AMZuuclNIqap4-gehYXSioBKIMwu_M70qw/photo.jpg,superb,5,0,2.3.0,2019-07-09 10:55:03,Thank you for your support!,2019-04-12 04:51:06
gp:AOqpTOFqqFzTH7z2ajmcDf3XR7_-L40WJEjccEMNp6vmUYV8MRgfLhWDIHoGiACD-vE3j9FRUJpHUJrmqZT6aQ,David Pellecer Sr.,https://play-lh.googleusercontent.com/a-/AOh14GhB3pUeAzqAX27dc3JeisenF9X0GplOhwIqU4cHvg,great on jewelry with millimeters,5,0,2.3.0,2019-07-04 22:41:43,Thanks for your download and feedback.,2019-07-05 01:00:42
gp:AOqpTOG6D3o6h3ogz96M2oWUGFTXFnu_5Ih_IKm1ZwAh18Z1LAGSIT5fqBcl_oqbXm3sNJgrqgjZcKY78ebZWg,A Google user,https://play-lh.googleusercontent.com/EGemoI2NTXmTsBVtJqk8jxF9rh8ApRWfsIMQSt2uE4OcpQqbFu7f7NbTK05lx80nuSijCz7sc3a277R67g,Good for your needs,5,0,2.3.0,2019-03-18 12:22:53,Thank you for your feedback! :),2019-03-18 12:41:38
gp:AOqpTOEKlPxlfRg5qfZ0uVwKUge7gVjmmx7n2a1zo6X9ef1W0fxbKpxrJORuDO67bDO_1uuQ-EiG6KMLxgQnKg,Charles Vergara,https://play-lh.googleusercontent.com/-WaxpTDx1Dww/AAAAAAAAAAI/AAAAAAAAAAA/AMZuuclqMH_i9tWmzj_-kRKTWO-47ss_vw/photo.jpg,Simple but Amazingly effective,5,1,2.3.0,2019-02-07 12:25:23,"Charles,
Thank you very much for your feedback and support! 👍 Glad you found it useful.",2019-02-07 12:30:31
gp:AOqpTOEXIyDkc4wA1Jrkc6B13H99KWJp8lPyG6qHlWANC6ITjUpKN-29KB89GtKH402-lt9jUIYQDfSQL8BcSA,bravo sierra,https://play-lh.googleusercontent.com/a-/AOh14GgFSM0na0Ld50SDVlfmsnjR6GKr9WRErkww4d8c1w,free and no ads,5,0,2.2.0,2019-01-27 07:14:20,"Bravo,
Thank you for your support!",2019-01-28 08:17:14
gp:AOqpTOHZ2fpWuNgWB0WZ-c-NdlUJvepNWN3UHg7Veoo7duId3J7sa-FUsHJ31g28eiV1n8ZN5BG0zXOqCF_egQ,Ali Al Mahfoodh,https://play-lh.googleusercontent.com/a-/AOh14Gh3OQh-8JjB1zOHNmOXwt7hO-Fbz8AABZnBCeSa,super simple app with no ads and nothing just a precise ruler on my phone screen. mm and inches. this app is a must keep.,5,2,2.2.0,2019-01-13 07:19:20,"Ali,
Really appreciate your feedback! New update is coming soon with new requested feature that we are sure you will find useful as well ;).

VisTech.Projects Team.",2019-01-14 11:07:46
gp:AOqpTOEqF_GKcR9OMN7mgXm7zTONrH0rVEb3y-xqM2S0KNBin7wBKcLAjdVBc8LlaT4mWeYs7PWA72YynGRuXw,Andrew Phillips,https://play-lh.googleusercontent.com/-Ob2xc_0_IhM/AAAAAAAAAAI/AAAAAAAAAAA/AMZuuclGwzsJkDrbnDd8O5qgMLgCqMR-1Q/photo.jpg,"Good app once I realised how to use it. Misunderstood at first and gave bad review at first, sorry 😀",4,2,2.1.1,2018-10-05 06:30:46,"Andrew, Thank you very much for your quick response and coming back with correction! 👍 Not many users come back to update their comments even after reported issue is addressed or help provided. Feel free to contact support@vistechprojects.com if you need any assistance with the app or have any suggestions.",2018-10-05 07:51:09
gp:AOqpTOESXTHXEQ8ZofEAHyfXh4H8UlqUhmjihlghC0R1WurPb2mjgaqjVnr9rEFjf9vVHlir2SYLzpZGtqQXhw,Neil Bowden,https://play-lh.googleusercontent.com/a-/AOh14GgXO3uRqfuy-iyY5jcIrf5TS6BKVj1588pK9SGOdQ,"Great for measuring small things, needs a compare feature, memorise size of objects for compare. Option to change screen color for forground and background colours would be handy. Would like to have choice of black background and coloured forground.",5,6,2.1.2,2018-09-20 21:38:52,"Neil,
Thank you for your feedback and support!

We will consider you suggestions on compare/history feature for future updates.",2018-09-19 07:41:47
gp:AOqpTOFa_rCeTjE9Fohq9uRXPJW-QZ8vQsfYNBvhBJ7nDRN_V_I1gBoyHNbzW7aEnmA80zl5Y-aWwajjzDwlOw,malcolm macarthur,https://play-lh.googleusercontent.com/-Z9MPRbDl-Wc/AAAAAAAAAAI/AAAAAAAAAAA/AMZuucl32dFGp8lIuUexqeUDlZ0jH55Ayg/photo.jpg,Nice. Thanks,5,0,2.1.2,2018-09-03 15:47:16,Thank you very much for your support!,2018-09-03 18:01:36
gp:AOqpTOHjeEmmIOeQ1LDGtYRXqOtxFhrjopkqUf2JRVxDQcYyYImVHNSwR2FNmSVLLW888-t3sp_067A8LRxCRg,A Google user,https://play-lh.googleusercontent.com/EGemoI2NTXmTsBVtJqk8jxF9rh8ApRWfsIMQSt2uE4OcpQqbFu7f7NbTK05lx80nuSijCz7sc3a277R67g,"Simple ruler app, works as advertised.",5,0,2.1.2,2018-09-02 07:43:33,"Paul,
thank you very much for your support!",2018-09-03 08:06:45
gp:AOqpTOFzgx5iXvfWX4QuV333NgoQA93MYxcm_mVDHmNaCFz_Zt5d5zPwWRVf2Aao34B2sxGYiH7Kphr2OoaJPA,Hitesh Ahire,https://play-lh.googleusercontent.com/a-/AOh14GjLHZlvR77acsfV2cofwDknARRmAe_ehOHftmKhoGw,I like this app and protactor fn is also awesome,5,0,2.1.2,2018-08-26 03:09:02,Thank you very much for your comment and support!,2018-08-27 03:24:53
gp:AOqpTOFj7pFZ6qCc3AlS5n6k0bs7Es842JV1K79LIIgngY-5VTjRvRBXemcC_zO_RTlFzyPz7JdVekLx3cLVZQ,Amit Sharma,https://play-lh.googleusercontent.com/a-/AOh14GjAa6KyBhbsVA9YjeU-tdU5crnwfjWEWwLcfwm0-g,Protractor doesn't work automatically since it doesn't use gyroscope sensor.,2,2,2.1.2,2018-08-03 23:52:21,"Protractor is a tool to measure angles, we have never stated about it being automatic and using some kind of sensors for it. We can consider it as a suggestion for the next updates but for now please rate the app based on stated functionality and not on your expectations. Please contact support@vistechprojects.com to get a refund.",2018-08-04 04:21:26
gp:AOqpTOExtb3SFyibfle0wSvnmVncLcY76MleuqKUz2oVM4re-Jg6Ns9dey6Loxy-75UpnVaRyttsuoxuhtb-qw,Darko Milićević,https://play-lh.googleusercontent.com/a-/AOh14GhhNrqfruqV3SxSlDKMb7uqyNrR7tRtwb3GRn7c,"Really useful app, I recommend it to all 👍.",5,1,2.1.2,2018-07-19 06:28:39,Glad you found it helpful and Thank you again for supporting us here!  👍,2018-07-19 10:53:17
gp:AOqpTOE9isCTiMvQUzUuhOmoVjiWSS452q6Q66ioAOTsOArNJbNaCZ4WEv4OfXxbmv_LfI67iwy8L9dbv-rEmQ,A Google user,https://play-lh.googleusercontent.com/EGemoI2NTXmTsBVtJqk8jxF9rh8ApRWfsIMQSt2uE4OcpQqbFu7f7NbTK05lx80nuSijCz7sc3a277R67g,"Nice App for the phones with big screen sizes so as to measure up anything 
in small or big. This is a good App. Great idea and work team. Try scanner 
too...",5,4,2.1.2,2018-06-14 22:34:29,Thank you very much for sharing your experience with the app and for your support!,2018-06-15 00:38:12
gp:AOqpTOF1IKO_ueofwfvyLaPrxvqKT4iPa33fD5OAsP3ilTxXXl8Uvn3fkRMt0WIITS5Oekzojw6m6mJfbIDU8w,Alex Ku,https://play-lh.googleusercontent.com/-2knBamBsip4/AAAAAAAAAAI/AAAAAAAAAAA/AMZuuck3kIWwpNLg-NFhyiI4GwMGiPeKKg/photo.jpg,Could not get it calibrated properly on Samsung S7,2,0,2.1.1,2018-05-14 20:14:45,"Alex,

New update is out with features, improvements and fixes. Please let us know if it works better for you and let us know.",2018-12-08 06:34:48
gp:AOqpTOEQh8UdXyzYAPJXfKtHOJFP3jiRHu0tpDy1dIYjlbVv63YAWGq51zg3lw9SdeQGMuAMXRLinEzRlD6Ugw,J.S. F,https://play-lh.googleusercontent.com/a-/AOh14GhltIcNLTTbLyjaE8UTbnaENUUEpU3BvyQ3yATg-oA,Love it.,5,0,2.1.1,2018-05-05 23:57:32,👍 Glad you found it useful. Thanks a lot for your support!,2018-05-06 10:05:02
gp:AOqpTOF-H_8ID4feCVgyW1bkz_zVesyB36e3h97YwvVxLxTV2ZITQ20RUf6d1GNaAU6cwFq4a7qZyik-k_q-MQ,Mikey Yeung,https://play-lh.googleusercontent.com/a-/AOh14GhRlmH5bWKgxzrsb9-WJe03bLKktIuifdEppMWr,Good and handy. Does what it says in its name with no setup or fuss.,5,0,2.1.1,2018-04-14 01:37:30,Your feedback and support are very much appreciated! 👍,2018-04-14 07:07:17
gp:AOqpTOFjGPDuWVzUhs47XZ-PlJbyluEXiYN2ZCiG8DRTrag-Fc8f8L55RQj0bvpXBo_PMlgM2lqJOL1OUTpmug,Daniel Seaman,https://play-lh.googleusercontent.com/a-/AOh14Ghb86JZnk3LD79cHPimBS5lJ-20F9szdimw9y9h,Great app. Really useful having a mini ruler in your pocket.,5,0,2.1.1,2018-04-06 14:19:44,"Daniel,
Your support is very much appreciated! 

VisTech.Projects Team.",2018-04-06 20:28:51
gp:AOqpTOGXHQPtv0MWjjOMDCGuUCJ2enbkQH-VNGo17kmGkqDLlCnyR0oUXBDbbrbZO5LiqGR6oNbl6obgwmJB7Q,Luis Rojas,https://play-lh.googleusercontent.com/-NaBDI5vmOBQ/AAAAAAAAAAI/AAAAAAAAAAA/AMZuuclvpIo32qb5S6Ch0sORPz5Jqpsiuw/photo.jpg,As mechanical engineer this app is just perfect. Thanks :-),5,0,2.1.1,2018-03-28 00:32:19,":) 

Luis, thank you for your feedback and support!",2018-03-28 07:37:04
gp:AOqpTOFWhkxYgy4dXNnPaVWfFpCoDEptb_qTInpDwPDJUoAxmIsfUe9USjCFngobuILmOnyiXD6P4AV9D3xbaw,Amirul Naim,https://play-lh.googleusercontent.com/a-/AOh14GjnP7asZ7awpRpKcRfAmQ97oIebklVAQ1wunEfz,perfect as described,5,0,2.1.1,2018-03-25 08:31:19,We appreciate your support!,2018-03-25 12:57:11
gp:AOqpTOF3Pl6dZQUYo9H_5be8qDaEyADTgZtWKL0Ur-bZaORUnItCMY27COaFtJ6ujpIaA_gON-dXCo5mIjT8Wg,Adam Jacobson,https://play-lh.googleusercontent.com/a-/AOh14GjGyqQvN_PMCRS-zaeS86fVpEE1iJgxEwQUSXoSUgc,Actually quite handy and easy to use. I just used default calibration on a Moto Z Play and it was consistent with a ruler.,5,1,2.1.1,2018-03-25 00:32:42,"Adam, Thank you very much for your comment and support!",2018-03-25 12:56:48
gp:AOqpTOGSbLz8sZj2wUeOHhuC28_N68kugZ6RLccn9Td4bX1I1k5i7VaYuw65WK7n3_Q27x2Ww0qkhSMjN9TpWQ,Greg Nageset,https://play-lh.googleusercontent.com/a-/AOh14GhH6TrLA92sOVCvCSpFQHg2sG961h7GjS9MCpIxzg,"I like it,  rather handy without being over technical.",5,0,2.1.1,2018-03-24 16:57:28,"Greg,
thank you for your interest and support! 👍",2018-03-24 20:19:49
gp:AOqpTOEfkQrq4wka_TK_RwrIxTsKTZ8-rCop6TUZDGDgA6KpSMNgV3yX37umcy59Id3nh8BPoxukHMr-7Fzivg,MahaaDaasan Badsha MahaaDevan PARAMASHIVAN,https://play-lh.googleusercontent.com/a-/AOh14GjClE0YMFogbMr8vdldgeRnV3ThT0Sf6YTaPz8,Very good. May GOD bless you at all times.,5,1,2.1.1,2018-03-24 04:18:13,Thank you very much for your support! 👍,2018-03-24 14:55:27
gp:AOqpTOHNSGRv9ckL8slFvUHuHapSeUypvx0Qox2M4iXQhpqQ6ir6I_bMUp6-CDzAUrR0_LrYbBBh1Dn-5d2FkQ,locktechnician,https://play-lh.googleusercontent.com/a-/AOh14GgEngxuEwvBW73wrJ7vfxGVdMNIB4qyK_GXGUDA,I like it 👍 Dose what it supposed to do. Never had any issues. I have used the app for quite some time now.,5,1,,2017-11-14 17:40:24,"Christian,
Your interest in our app and feedback is very much appreciated!
VisTech.Projects Team.",2017-11-14 18:32:03
gp:AOqpTOFAR1n-GQO_HCgxxT9WsupM-U0sq9GjL46r0M2ngKPJ5-KFOIaEyxM6gaL_V7mqhVj9uVyglnHf7AIilA,Camilo Calvo,https://play-lh.googleusercontent.com/a-/AOh14Gip-u8RLZGlQu_u0s9xKd9CZvxZWFAb-_ducROH5Jw,Very useful app,5,0,2.1.1,2017-10-26 08:22:46,Thank you for your support!  👍,2017-10-26 08:26:10
gp:AOqpTOEOGKe93CCzf-66VT_fYXUfdpuXHo8bvtiiKFFUzernB0uiHgwt--x2a_krRPmL0duW7hUYwJfuC_j9EA,mark denton,https://play-lh.googleusercontent.com/a-/AOh14GgjBvFxQNbNWY4T8WsHnbC20_5Lwl9BQC5ShVTeEvE,What a great idea working perfectly on my xz no calibration needed as the standard works fine well worth the money,5,1,2.1.1,2017-09-28 08:31:00,Thank you very much for your comment and support!,2017-09-28 17:06:09
gp:AOqpTOEGLMwWeDyxixoqx6t13QhAdxP7Ny-AjyCfXYlJUaYNPr_rgF-bVjpib5E0f9UY_n0tNWZepd_k-t2R4A,H. G.,https://play-lh.googleusercontent.com/-UZH1-rVHGFM/AAAAAAAAAAI/AAAAAAAAAAA/AMZuuclvDpbjrietZqLhFsNxZtqjCU3gcg/photo.jpg,"Great and useful tool, just need to measure with real digital caliper the screen of your phone to get the most accuracy. If this app have the option to use camera to measure objects that will be the perfect portable tool. GREAT JOB.",4,4,2.1.1,2017-09-26 15:09:33,Thank you for your comment and support! Please check out Partometer or Partometer3D apps for measurements with camera.,2017-09-26 15:23:43
gp:AOqpTOEt2reGcP784S-vUvD6RYjld--3y4Xz9INdhZM0wEkWnCK6lkGUdt4gfbtNxdGc73S5rP1gsecUNGlPZg,Limwil Tabiolo,https://play-lh.googleusercontent.com/a-/AOh14GiPfx8Wf8Ugdf_VTdUT6qr9J5UITEaBBzRoJO5-DDE,Very Useful and Clean UI,4,0,2.1.1,2017-09-26 09:21:19,"Thank you for your support! 👍 
Let us know what we can do to make it 5*.
Upd: new ""Level"" feature added to the latest version",2019-02-05 19:27:34
gp:AOqpTOHl6rMDK_jQzRgRq5HDB_SnAzPdB_Bl1R4uVKrCkX1dtx2130PJtgIHHf2ZXx0PfmBjten0BmwJZ7GGIw,Doug Nichol,https://play-lh.googleusercontent.com/-v64PM8Oe0YM/AAAAAAAAAAI/AAAAAAAAAAA/AMZuucngI8xgFM9tCIOrasxR82UBrwKBgQ/photo.jpg,My Z5 display screen perfectly depicted the measurements as accurately as possible without needing preciseness of calipers.  It's standard Calibration method was adequate as far as the naked eye can see!,5,10,2.1.1,2017-09-26 07:36:11,"Doug,
Thank you for your comment and support!",2017-09-26 08:30:36
gp:AOqpTOEUlrwnzL3zGnXJqVRkuZrM9kBuIXzTGmTvBEK0V17uDAbRqNNWwepB8vhYpsje0Jb50-l9bV1ig1VJSQ,A Google user,https://play-lh.googleusercontent.com/EGemoI2NTXmTsBVtJqk8jxF9rh8ApRWfsIMQSt2uE4OcpQqbFu7f7NbTK05lx80nuSijCz7sc3a277R67g,Handy little measure - useful for tension squares in knitting!,4,3,2.1.1,2017-09-26 05:34:11,Thank you for your support! We are glad you found it useful :).,2017-09-26 06:30:09
gp:AOqpTOGScNwfSJ-ju2coKFDwVLcOLdNdwehnH1V96Zv_16xZpicOWZdfchcJ3ICdIAWdL-zxS_nhMrjlREn0lg,Damien Morrissey,https://play-lh.googleusercontent.com/a-/AOh14GhefhJjtOizhDo4giiI4GIMg4m_yu2z4wjJaYXIRg,Neat idea and I was pleasantly surprised. Great for small items. Thank you!,5,0,2.1.1,2017-09-26 04:22:14,"Damien,
Thank you for sharing your experience and for your support!
👍",2017-09-26 05:08:51
gp:AOqpTOFP1KveEGv0xfauDhZQ13UlbqI1qJLZbNsVfN9Wfg3raIs_uPjw2eQcRANv999S7_oZ7puTGf5CGAsBlg,Walid eid,https://play-lh.googleusercontent.com/a-/AOh14GinC8AYdq-8CkefUhvVaRIRFlvLfH5nKaQLKk6V,Meaningless app with no features to mark,1,2,2.1.1,2017-09-25 16:22:53,"New update is out with new features, improvements and fixes. Touch corrected and it should be easy to calibrate now. Please let us know if it works better for you.
Upd: new Level feature added to the latest version",2019-02-05 19:18:03
gp:AOqpTOFPLJM2sEIcvO1bwFrrB8ZYLmejM_sWcdiALBfovyhpR3g-zoYRw6TxY0rXdNDKaAiKSMtS-ZtYM1oYjQ,Pete Hoyle,https://play-lh.googleusercontent.com/-xBtlWt8U6r4/AAAAAAAAAAI/AAAAAAAAAAA/AMZuucliXp6eGIEv_yt2FVzm7dsCveOyCg/photo.jpg,"Handy little tool.works really well, even on my cracked screen.",5,3,2.1.1,2017-09-25 14:00:08,Thanks a lot for sharing your experience and for the support!,2017-09-25 15:07:55
gp:AOqpTOEfBjgYSFvlDyVUcoRH3uPRv9J_edLsQ9j9CzZ6uBQSrs8gIvWZWlfJWV6CkrE707bIFsLHrV_DEsq0kQ,kenneth rogers,https://play-lh.googleusercontent.com/-8N3zBY4_h8I/AAAAAAAAAAI/AAAAAAAAAAA/AMZuucl1Rhnfd9NGwY6hXhGqNjTmv28crA/photo.jpg,Very good nice we have different types of tools in one,5,0,2.1.1,2017-09-25 13:41:05,Thank you for your review and support!,2017-09-25 15:07:14
gp:AOqpTOEiufjg6C3LvXnuYmmWr2AFr7E7LbeC1dq2K08VTCpDAq3bRGMrz8bTuf08JOmbuOEbAdBxDeR1F1LVtw,Russell Barnes,https://play-lh.googleusercontent.com/-Ou-EztUD3kA/AAAAAAAAAAI/AAAAAAAAAAA/AMZuuclCHVJuSHhyuN1Jv0DbppCsv6ZZPg/photo.jpg,"Excellent, but small bug - if you touch screen inside measuring area, you can't then adjust the guides, so you can't hold the item down, eg crinkly postage stamp.",4,0,2.1.1,2017-09-25 07:37:27,"Russell,
Thank you for your feedback! 
New update is out with new features, improvements and fixes.Touch is fixed and should work fine on your device now. Please update your comment if it works better for you and let us know if you have other suggestions.
Upd: new ""Level"" feature added to the latest version",2019-02-05 19:28:07
gp:AOqpTOH0rmbdtlOlrFZsq22GpJN4z3QSStNmb8Pf0HlI-t2xdjYpXhyDzytg9HdHOQ5cNXkS0q8Q_mDp2w4gYQ,A Google user,https://play-lh.googleusercontent.com/EGemoI2NTXmTsBVtJqk8jxF9rh8ApRWfsIMQSt2uE4OcpQqbFu7f7NbTK05lx80nuSijCz7sc3a277R67g,"Great little App, and was very accurate on my Sony Xperia XZ Premium just using the standard set up. no further calibration was required ! Being 'old school' (Yes, I still use Fahrenheit too, HATE Centigrade) having inches in both decimal and fractions was a BIG plus for me, OK lots of people may never want or need Inches, but at least the option is there... that says it all about the developers for me, and also I do need to use metric as well. Well done Guys",5,24,2.1.1,2017-09-25 04:20:08,"Dear Steve,
Thank you very much for your detailed comment and for supporting us with your review! 👍",2017-09-25 08:23:32
gp:AOqpTOFDTVi9OHO3AznD9O_CRVnaeEOAcDpyKhwPAKNGs6cpwrjOkKQvgEqjS9mTY3Sa7pPBvr6Jbu7fHodQDA,Noel Gabriel Dayot,https://play-lh.googleusercontent.com/a-/AOh14GhhmJ2-B1HdAEAzxUnhW2LIS70yP_h7P7jtJAgZ,I dont know how to use this great app..,5,0,2.1.1,2017-09-25 02:06:05,:) where exactly do you have problems? Calibrate the app and stated in the Help and start measuring by moving sliders. For further assistance please contact support@vistechprojects.com,2017-09-25 08:31:41
gp:AOqpTOGV7n9TArxMjcyhbav_uHWqNlDdduhYbQZd6lORqGocIFHtf2iUcjQNHfYqLgYwQk-KjdXzVs7vwJ-Q2Q,Abhishek Jha,https://play-lh.googleusercontent.com/a-/AOh14GhVbo8fUhTlPQ1xC6GcOI9ZE26iuWAGPIvp0ogy4Q,Very nice app,5,1,2.1.1,2017-09-24 23:28:35,Thank you for your support! 👍,2017-09-25 08:35:08
gp:AOqpTOGu4UzKA-9U9AOnafzuR1URokm3mDaAb1bMgDw7HkWwC8erE8xoeWhSst9TjgDnPai6u6xvNv3fBPjJNA,Alan Lee,https://play-lh.googleusercontent.com/a-/AOh14GgN3K8t1FZAdKg10801kP61Zgs_6zLLBAWcX5rK,"Nice basic measuring tool, handy when u don't have a ruler on the spot. Works offline and doesn't need to access your phones functions to install. May need pro version if u need it for more the a basic straightedge ruler.",4,21,2.1.1,2017-09-24 13:55:01,Thank you very much for your review and support! 👍,2017-09-25 07:28:29
gp:AOqpTOGAh9ZFG-imvRtdt8XWvfPZcmepvovcL0_5wcxlj6gaYtqFoh5zWky4pMJVh7TyXI4oZTdRBe8FGOZpXA,Aoshio Kiu,https://play-lh.googleusercontent.com/-oT_ncAMDnwg/AAAAAAAAAAI/AAAAAAAAAAA/AMZuucmcBxlBJvUDNdsl_r1q_2-u5UlGcg/photo.jpg,Great tool. Thanks.,4,1,2.1.1,2017-09-24 13:29:04,Thank you for your support! 👍,2017-09-25 07:28:50
gp:AOqpTOHyJCHie4sQfl6HlZU6QfWJGq_m6HKZF50qHlkblI_fKralt9MZGVEIuaiLsqp8kaF-CwNJ7xKlHAcviw,Yousif Mowaffak,https://play-lh.googleusercontent.com/-G6F5OGLRLx0/AAAAAAAAAAI/AAAAAAAAAAA/AMZuuclVHmFB7XGXhY3rOqccx5mwXZP9nQ/photo.jpg,Rubbish,1,1,2.1.1,2017-09-24 12:54:41,"New update is out with new features, improvements and fixes.  Please let us know if it works better for you.
Upd: new Level feature added to the latest version",2019-02-05 19:19:00
gp:AOqpTOHa4ilDeEa-av-s6SwtCIDplH5AXsRXUDdySXAVr6ZVpG7EKFj_15mn7fCWRTWD6G7kvwF4gzZtjfm1pQ,Alex Stone,https://play-lh.googleusercontent.com/a-/AOh14Giny1TYVjVGYqEvZheohjkYI9nDiSIGNMJVVX7lLQ,"""calibration""  doesn't make sense. Couldn't get accuracy under 1mm. Not surprising with its calibration method. Waste of time.",1,20,2.1.1,2017-09-24 10:32:48,"Alex,
New update is out with new features, improvements and fixes. Touch corrected and it should be easy to calibrate now. Please let us know if it works better for you. support@vistechprojects.com",2018-12-08 06:44:45
gp:AOqpTOHSxpo0kq-rHCN3YtgnaoemDSRJ33KY-aLjFmiE-ZZme53m-MvX_hNLZqQiIEF5pEB-AHOmqmtrJc6fww,XOSean 85,https://play-lh.googleusercontent.com/-4DOh3cWdPmI/AAAAAAAAAAI/AAAAAAAAAAA/AMZuuckmTD-Qk5L5ShawpcPzxBwtNVEpQA/photo.jpg,it a nice handy tool for handyman ☺️☺️,4,0,2.1.1,2017-09-24 10:14:34,Thank you for your support! 👍,2017-09-25 07:45:18
gp:AOqpTOH25HFnzct5fRUEOFmwRsSv8S8W1meB0ue0IGWr2e2qaEmMF5UiYb5D6HYV8EtCHJ0Gay-Bb2BzSmZXmg,Adam Templin,https://play-lh.googleusercontent.com/a-/AOh14Ghuej-d5zEUkFwpjs0Fdq232j74VoJbz22D_8BV,Great tool,5,4,2.1.1,2017-09-24 09:35:14,👍,2017-09-25 07:54:01
gp:AOqpTOF86XD5H-SceQguM5NCACNjuycv0-t6hTf9cH3M4wwQm0tCNZcp351cuawu2E2VWymiosqgtgx3B-cgFA,Manuel Rodrigueza,https://play-lh.googleusercontent.com/a-/AOh14GiFenCPQqTFs7A3lNgrVWXKj6DsS2tlB-zTlYoDGa8,It's great. Thanks,4,9,2.1.1,2017-09-24 07:49:18,👍,2017-09-25 07:55:48
gp:AOqpTOFncBpo3jFcrYMhIiAYzzObZSgLcXeZ7CZLFvTlG-qM2xpWatVaX0IrflfrHyK70LjCX5mGgcd5CqWVaA,Daniel Delgado,https://play-lh.googleusercontent.com/a-/AOh14GhC_wlex2AOdHXO0ycu8ZBhJzsjJgZGpR2f6wvlLg,Great with pro mode.,5,1,2.1.1,2017-09-05 08:17:40,👍 thank you for your support!,2017-09-05 08:20:23
gp:AOqpTOG89xZH2Q_-2H3gyOaPvvdI8Ml1pRHk6IiUChrN-6Hq3K6nWLHX0ODLLvFgS8WBffCkpGPK0teEr-oj5Q,Atta Shah,https://play-lh.googleusercontent.com/a-/AOh14GgonSJ1TbVLLRhc1ffTJG90eXo_0XxoDgetu-HKOA,"Best app for engineers, architects, interior designers, etc",5,2,2.1.0,2017-08-16 07:59:41,"Atta, Thank you very much for your comment and for support!",2017-08-16 09:47:13
gp:AOqpTOEvU9M4FQROUNAtRuwh3c59gK5DocmyxBNMkT3mnwz99su7xBQuXN2Y7HLIaXlJre7bbw6TsyWHdQMFCQ,sam a,https://play-lh.googleusercontent.com/-2ic-DHQTKHM/AAAAAAAAAAI/AAAAAAAAAAA/AMZuucnWqSJw6nXlFwcOTcQIX9HQmt8Zgw/photo.jpg,"Excellent app but a major improvement would be if the screen is touch disabled except for the ruler part and the protractor dial because the slider moves by accident constantly when you put anything metallic on the screen and/or your fingers, making it hard/practically impossible to get the measurement.",4,3,2.1.0,2017-08-11 02:18:16,"Thank you for your support and suggestion!
New update is out with more features and fixes to touch. Please update your comment if it works better for you and if you have any other suggestions contact support@vistechprojects.com",2018-12-08 06:20:36
gp:AOqpTOE-4blPITje69XumGY90kAztyRjO-n8Kx8U3kKLlDpwf28tu3rx9WcTTXZ3UHOvsxpaD2fKGO274H4pcg,HaenzTM,https://play-lh.googleusercontent.com/a-/AOh14Ggls7fbEVBDVGHVWMp6qcJ1ihgqEjatZLnZsxXwtA,Wow! Amazing...,5,3,2.1.0,2017-08-10 11:01:43,👍 Thank you for supporting us!,2017-08-10 11:15:29
gp:AOqpTOGhBdDue5UoxnuS_CLCyiSpitlyyZS8krlu_LWb_K8N3tMKRUGP_SWFQtwI0zIWLPWqTLQGg5Viayx2dA,Wayne Randall,https://play-lh.googleusercontent.com/a-/AOh14Gh2-ZQjjt20ciXMh4imaFreg6Csat0Tbe9nWhgfdiM,Simple and clean. No permissions or Internet use. Nice app to have on standby. Thank you!,5,0,2.0.1,2017-03-09 05:36:06,Thank you very much for your feedback and support! 👍,2017-03-09 14:33:33
gp:AOqpTOE7E5TbpGJtVXi_C5JySczq8JpKeeIlC-zlUfQecf0hL9tN05RO_WyrGhqLEMnTZkAxYh9bUP7QEO8OrQ,Rudy Suyanto,https://play-lh.googleusercontent.com/a-/AOh14GgmZRy3MjmPWaWNkqfGRyyq8G8R9Ax4mA2OUCzbOA,Very nice app when you need a quick tool to measure something. Thank you for your effort.,5,0,2.0.1,2017-03-05 19:10:37,"Rudy,
Thank you very much for your comment and support! 👍",2017-03-06 04:23:17
gp:AOqpTOG5lDnbcme12iSHMXAHl1n_Lz1GpJUAH-N2gIXft_8hZjGtxPJntg4VrIA4S5Exi5eE6bqhtg2VbvHwbw,Tim Webb,https://play-lh.googleusercontent.com/a-/AOh14GihHHGrStZR0_Clg1shsaQy5BxJZc5nrASfRsBR5Q,"Awesome app. Only criticisms: it would be good to do calibration by selecting your device from a list, and being able to set an angle would be useful (rather than just divisions of 360)",5,2,2.0.1,2017-03-04 16:06:07,"Tim,
Thank you very much for your interest in our apps  and for supporting us! 👍
The app works on ~13k devices so it would be hard to satisfy all Android users :), so we provide means to calibrate any device. It also works for new upcoming devices.
Yes, we have plans about angle improvements and will consider your suggestion.
VisTech.Projects Team",2017-03-04 18:22:15
gp:AOqpTOEcbu9HaU1U_P-fCb79He7DxvXWOxxRNsWGIPkbf0kHQrArbpsXihoVhlyXmnFYB-B_TgOyHh_BBBHT3Q,Steve D,https://play-lh.googleusercontent.com/a-/AOh14GglR63DLWL1CmqyQ6JANOUZUvQRHEg-K7VZAHhd_U4,I am impressed. Very accurate with default calibration. It's a keeper!,5,2,2.0.1,2017-03-04 15:38:55,"Steve, 
We are glad you found it useful.
Thank you for your support! 👍",2017-03-04 18:23:48
gp:AOqpTOEGgr-ErpKEOs-97gpNjEs4G391XNmSlZGTw38A5ftZnEffyP7fZjjlSqgEIkNij-S5HyWH_evHCsvtiw,engineer torresr,https://play-lh.googleusercontent.com/a-/AOh14GgBo_XIWrt8euU3IVyhCaSVat1RbwPfBOD35mnUqA,"works great, I love it, very precise.",5,6,1.2.5,2016-01-25 17:18:03,,
gp:AOqpTOFkXgToXWToYWe9Amjg18Gx0NF27QsQi2JS9s0h5eQWC3DNF5oQBN_84rEreIzm7AWSunzsHeslShgTcg,Kevin Chan,https://play-lh.googleusercontent.com/a-/AOh14GgNYuhy5GB5qDrmJfFbcEexnYAAQu_xdP7z6mUN5w,"Using your phone as a ruler is nothing new nor unique. I wish this app could also be used as an on-screen ruler for measuring the length & angle of screen objects, just like the transparent on-screen rulers we have for the desktop screens... [Added] Thanks for the reply! Will do when there's a free version or it goes on discount! Cheers!",4,5,1.2.5,2015-10-31 08:29:49,"Dear Kevin,
Thank you for your interest and comment.
We have such app available on Google Play for measurements on pictures and with camera. 
Please check our Partometer app http://goo.gl/e6Goz7 for length, angle, area, circle  measurements and let us know if it's what you meant.

Thank you,
VisTech.Projects Team.
",2015-10-31 08:06:04
gp:AOqpTOHG2SXkbrDdgldL7iTlGCJwos_qH53hKDtlfYzBuX1XMphfxfFbWjk_jEYv3AiYUfzphioXgWY1DaesGw,Ron Farra,https://play-lh.googleusercontent.com/a-/AOh14Gi4-qYWgPL0ppcJOltM-AapBW71AwVJPQYcN_dkiQ,awesome & dandy app to have and easy as well.,4,4,1.2.5,2015-04-11 15:48:05,,
gp:AOqpTOEEKXJutX_LyAE_vVozSHS8mb6htzvqgF-e6j-c04Oj8W5QXheCRXHPjg6Dz2MyTEZneVKf5BXFS3ynEA,Chris Dockendorf,https://play-lh.googleusercontent.com/a-/AOh14GhRSiQlznEdyBJEt8kRmtHXvxUojIZrt8aFGxHygQ,This is so handy,5,2,1.2.3,2014-11-30 07:18:57,"Thank you very much for your interest and support!
VisTech.Projects Team.",2014-12-07 14:45:13
gp:AOqpTOE1ai_KlzqWjPzqkCP4Dek-Pe88DBTQWt3eKqsVbWDoLprs9AiL2GtOO_dI69pVOV9DFDXJ8zxJW3ZbPw,Russell Kelly,https://play-lh.googleusercontent.com/a-/AOh14GjWc_ERmaQYMgosVyYCI5vrn_XbKICJgl2FkCF9,"I think one only ever given a handful of five star reviews since the using the first UK Android device many years ago.  This  Dev team have implemented feedback suggestions quickly. No dodgy permissions,  the  app just does its thing without unnecessary feature bloat. Sure Vistech will go on to great things.",5,1,1.2.2,2014-02-20 12:38:44,Thank you very much for your feedback and support!,2014-02-20 13:12:34
gp:AOqpTOGkJrUav5ze3JU9S-5RykhguLZ5YLMl7qCzheyLBG7DOR-S2pGwXzaxuo4bP19sV1fwwdzTA8zgfKo4gw,Bálint Győriványi,https://play-lh.googleusercontent.com/a-/AOh14GgXh_ji07TkmiixCK0-2nqfzEIks9Q4aOQu19-l_g,"I've browsed the ruler apps for a while and this one seemed to be the most useful one. Very functional options, easy to manage. I'm glad to buy you a quarter pint of beer guys :)  Add1: The only remark would be that a manual setting area would be useful. Here the user could give the exact digit for the ruler by the keyboard manually. Recently I needed a 6 cm unit and it was a bit tricky to set it properly by scrolling the lines. Thanks.",5,0,1.1.1,2013-11-25 06:17:16,"Thank you very much for your feedback and support!

UPDATE: Thank you for your suggestion, we will consider it in future update and will be in touch with you.
UPDATE 2: We have added the requested functionality to set exact sizes using keyboard along with fractions and other improvements, please check latest update. Thanks!

VisTech.Projects Team.",2014-01-01 07:06:57
gp:AOqpTOFslNhTWw_kdIeFx98dpE94Pzdj-gqSbb_nskGHCpfrKn1aTNFio7k2vjyupDNUqC2AFYIg_4KBba12EA,C. C.,https://play-lh.googleusercontent.com/a-/AOh14Ggdr4YoG8szOZMHj5th3-EFgxD2tDtn5w1eIJl9Ue4,"Had error 941 from Google play, but developer very helpful & finally downloaded.",5,1,1.0.1,2013-05-13 17:23:59,,
