reviewId,userName,userImage,content,score,thumbsUpCount,reviewCreatedVersion,at,replyContent,repliedAt
gp:AOqpTOFBK055w5j1Q0_EKHzEHQ8yK-kiwhp0pmqu73FkUPhCBbjENNoSvEV1Wfyn1pLpkZS2Es6BMUtZCq9i0A,William Ray,https://play-lh.googleusercontent.com/-2GsxKbOcfcE/AAAAAAAAAAI/AAAAAAAAAAA/AMZuucnw8IiFZ94PiyWWVapUQIx4NruAYA/photo.jpg,"Brilliant. I had no idea there would be so many options, settings and tweaks available for my Mustang III. Just unbelievably useful. Thanks and kudos to the developer.",5,0,2.0.4-full,2021-02-05 11:45:03,,
gp:AOqpTOHkzbJdjHmyH8Y2gxFp4oPPBRDKVgG3ak3zPx5lK4_GPe5nfGJVTY08FZwBM-AmWC4LFy6hLLTb6jgnUw,Andray Tscherniawsky,https://play-lh.googleusercontent.com/a-/AOh14GjIFXlMWtX8M7gzEtTF55DY4jn8KGMp1tYAQrP6,"Excellent app, makes using the Fender mustang V much easier than the fender tone app.",5,0,2.0.4-full,2021-01-20 07:32:30,,
gp:AOqpTOH_m99FNeYj6OE7UrMcQsIGdCHf8XfbBpqx9D36cJA4ThalBEMY4kmVv5OpxS8dThD5S6ov9sVItxwHwA,Rob Phillips,https://play-lh.googleusercontent.com/-reoYhDhm1Ok/AAAAAAAAAAI/AAAAAAAAAAA/AMZuucmskIIeM3NoT-rJ8zJd7n-zlhPNxQ/photo.jpg,"Round of applause and thank you to the developer 👍👍. The ability to manipulate mids, and presence are paramount to small amplifiers of any type, be it digital, analogue or tube. And the sag and bias are superb.. I picked up a mustang 1 v2 on a whim and was pretty impressed, but like many guitarist, programmers, and muscle car builders I wondered, how far can this amp be pushed for Max tone?? So I put 2"" ports on the opposite side of plug in back towards the edge, improved the tone as well..",5,1,2.0.4-full,2021-01-17 18:11:39,,
gp:AOqpTOEzJpiSQb9nV46FGb8H7bwSo4Xv454eb0lH5abg3zYy11XnM7gLvTqTRTiTgU-ugBLF_Tkmv_w1s6MskA,Arel Armour,https://play-lh.googleusercontent.com/-9WpufTXmH4s/AAAAAAAAAAI/AAAAAAAAAAA/AMZuucmYLrYWjo_JWj7DbEW_aTZAVspNNg/photo.jpg,Great app. I dusted off my mustang 1 v2 to play around with on my computer only to find out that it's no longer supported by Fender. WTFFFFFF. In comes this app and totally saves the day! I actually prefer this over the windows program!,5,2,2.0.4-full,2020-12-27 22:08:05,,
gp:AOqpTOGOEfuoedrOuKYYj_F2t4fwV5tZj7YKqQD71TjuEuntBom4rWuhJV2BNU5wQU2_4RR70AbIZiIlE7Oh2A,Benjamin Phillips,https://play-lh.googleusercontent.com/a-/AOh14GhVPUqeAiV7vzBw3hbC-T6JMDfyeQWuEcsWuN3tzA,"I was afraid that after the Fuse application was discontinued the deeper features of my amp would be forever unavailable. This is not only a solution to that problem, but a dramatic improvement over what was previously available. This is a job very well done.",5,1,2.0.4-full,2020-12-05 18:38:52,,
gp:AOqpTOFXTfTl-J7lurKtg4mndD3Rp-E2_1IEduXGTzWVPhgNFx7z9RbxyjG9t7yR32pMylw-2IA9YbVLq0FQcQ,Geoff Fry,https://play-lh.googleusercontent.com/a-/AOh14GiGS_mA8HC1nxZTA5KgjLE5o2oiqD7TYIR3iI2R7g,It works. More advanced than I need as a beginner. Fast support.,5,0,2.0.4-full,2020-11-13 12:45:43,,
gp:AOqpTOHD9G23jIW56DVgFvElToWtUWHrB5X_TZF5p5zIH1CBcHuw6kSmZC6gEP3NvZ6wCTJqkTzZC7qNms1TiA,Mathew Rees,https://play-lh.googleusercontent.com/-hmLf9XyW0GA/AAAAAAAAAAI/AAAAAAAAAAA/AMZuucnRXdPJI7gKMOWEunOmW9EADSLVCw/photo.jpg,Tried 4 different OTG adapters and 4 different phones (inc Samsung S8 plus and S6 Tab) and no luck connecting,1,1,2.0.4-full,2020-11-11 11:06:31,Hi. If you can provide me with your Google Play Store Order ID I can get you a quick refund. Please send it via email to : support@tritonsw.com Regards. Robert,2020-12-09 19:10:36
gp:AOqpTOEYz8HT-h9mmAOLo_TCNsU-sht4kqyflpLp9H9YeqRps4MRchYMW-IBJC49rcjeaepU-iCVyv8M1nUoaQ,Danny Valdes Jr.,https://play-lh.googleusercontent.com/a-/AOh14Gjw068Q8gyAU1Ybmv2gr4fyzoWuXYiv7vlAtwS6l_0,"Outstanding app. I was questioning my choice of practice amp when I took it home and started to play with it , but this app really unlocks the hidden potential inside this thing. Plenty of great presets to keep me amused for a good long time . App seems plenty stable on a pixel 4XL. If you haven't heard it enough, thank you for making this for the community. Money well spent.",5,3,2.0.4-full,2020-10-26 21:16:22,You are welcome. It's a labor of love.,2020-11-10 18:58:43
gp:AOqpTOHZ4E1IboVNS_H-0eHHVuvHRKTMMJ3YJ5_6GddHyYhTK7pCEWobTXfIr6XCZUMyfIv5Zj1LL0pgJtyJ5g,Carpenters Bluff Music,https://play-lh.googleusercontent.com/a-/AOh14GixiRiDUf2rOWVLqnd_l5QE-EK-tPyvZCAQHIxFpQ,"You my need to update your firmware but I was supported, even though Fender does not. Thank you for supporting a much needed product. Regards, Derek",5,0,2.0.4-full,2020-10-16 20:06:17,,
gp:AOqpTOGvooi3Ws4GUgTLprm01C3FX_PwXMTQJTDOvVwRSDbhilb2F3uMmLsKfig0zYld943yb0dgU_OWzrxvxA,Benjamin Grant,https://play-lh.googleusercontent.com/a-/AOh14GifcP4VWVaiYYsuRxxQcaHQdeIS-EgHPJka3jXMIw,Unlocks the hidden potential within my Mustang. Totally blown away. This app is amazing!,5,0,2.0.4-full,2020-10-04 17:38:37,,
gp:AOqpTOGf-qBomJztT4Vv_L4rYG3KoFNsxig07xKULYuoTN_g8ILJKP_ulZ22O6v5C4eSTad70YFLCko9MCrT1A,matt steele,https://play-lh.googleusercontent.com/-sK3FGRgr2KE/AAAAAAAAAAI/AAAAAAAAAAA/AMZuucnoHmUK4VY1bqqVKumH-TRuWl6GwQ/photo.jpg,This app is terrible do not believe the discription in all honesty it shouldnt be allowed to be sold because of its false claim plus its not honored by the refund policy dont waste your hard earned money,1,0,2.0.4-full,2020-09-18 18:38:01,Matt. If you provide me with your Google Play Store Order Id I can get you a refund. Also you can contact me at support@tritonsw.com and I can help your troubleshoot any issues you are having. Regards. Robert,2020-09-20 06:47:36
gp:AOqpTOFYRU7ztYo08RmjxMC-itK3fLrKCzXzf9zU2XDhsDGs7JJpfGTAhnM7IDuLlbdjBiAqqYXfsaTL_OQsKA,J D C,https://play-lh.googleusercontent.com/a-/AOh14GjSyIcebcOVlPXJ0TaH-l9pSWErri4FgYoliz0s3g,Absolutely incredible app! Thank you so so so much for developing this for all of us. We'd be stuck without it. I especially like the Bluetooth feature so i can hook up a device and leave it attached to my amp so I can control it through another device any time using Bluetooth. Thank you again!,5,3,2.0.4-full,2020-09-13 04:08:42,,
gp:AOqpTOHtxR4-FVeUU4rOwcP_bcl6bGSLUtZdxCvyjIi857e6YR5DSBCYaIaKkPibtvBeHKSJtMQDTzSFs_Trew,thor berry,https://play-lh.googleusercontent.com/a-/AOh14GgfoHUzLi0nHGWr907avmVUi8Yk_oi0MOca3VvnqQ,Works great with my fender mustang 1 and my fender 5 head. No problems and all. Great job guys. Thank You.,5,0,2.0.4-full,2020-09-09 01:33:04,,
gp:AOqpTOEVB6FuLzwzziVv9K3u6KZ8odKRNRt7Jk-i7hnHXGGusVU987fuk1R_PYvCD8THh0fyWiWU3eC5B9Za2Q,Sandu Grigorescu Iulian,https://play-lh.googleusercontent.com/-Ke6t3iKBisA/AAAAAAAAAAI/AAAAAAAAAAA/AMZuucn3cKtNFEV-UN50aE4sq9i0ZRrmjA/photo.jpg,"Really good thinking, my question is about backwards compatibility, is remuda compatible with the new fender tone presets that have been moved from the fuse archive, after killing fuse, i mean if i download a preset from the tone community, will ot work woth the mustang 1, v2 for ex? not critical, but really curious.",5,0,2.0.4-full,2020-09-03 12:50:40,Sandu. I do not know but if you will send me a sample Tone preset via email I'll look it over and get back to you. Please email it to support@tritonsw.com  Regards. Robert,2020-09-13 12:08:46
gp:AOqpTOFEANc8FycWXsOVJ6ddgAvbfcjfX9oDvdJ7Si1M93lE-4mvJAehENMdAZRczFz5sIkqWN454gmTEjxmRg,Akarshit Gupta,https://play-lh.googleusercontent.com/a-/AOh14GhcHEF2Dt6MWXWc3BaLj-PtQLk3yz8Ev1Ev6iz_eA,Great job. Please don't ever leave fender mustang amp users like fender fuse did. Btw it would be good if you guys make a video on how to use the app for its fullest potential,5,2,2.0.4-full,2020-08-25 11:45:00,I'll keep Remuda going as long as I can. You're right. I really should make a video. Perhaps this fall. Robert.,2020-09-13 12:16:58
gp:AOqpTOHzliZK6sRQDcDk7xmyttQ3EwJXH79B-AZ6xh0ntdHBrMPb5jDERusUerue3jFLRwQTImqD3TReKBv6sA,John domo,https://play-lh.googleusercontent.com/a-/AOh14Gj3h1g1B6BLDpUfISALHeOh-Ag6cwJ_qI_BQiq8,Useful app,5,0,1.8.3-full,2020-08-21 04:40:38,,
gp:AOqpTOHTpuvTqOabWlFA7lbmlnX0vxf7OLg-FWx-z08JJKPnuB7IKZ1aT-P0cDLcOHLwLv7xagfzV8aM1-n1ZA,Rab Burns,https://play-lh.googleusercontent.com/-5v0LEN1PlPI/AAAAAAAAAAI/AAAAAAAAAAA/AMZuuclOVh4ccAbh0htRHGFj9XSA3y6RdQ/photo.jpg,Absolutely fabulous app. Brings the Mustang I to life. Simple and easy to use.,5,1,2.0.4-full,2020-08-16 14:49:07,,
gp:AOqpTOEgK2Zo8c2guBGAtuOjyG51f0-gbS5NjucPGKUh7K20iiN8P09IcSeezn--lg6R5F-1JlHtCUr0W_Nd3g,Margareta Goyk-Galvan,https://play-lh.googleusercontent.com/a-/AOh14Gjlen_0nJciRRPcjMs45hEtiPFlvgY1NVITr9ot,Superb. Runs perfectly with a Huawei Mediapad M5 running Android 9. Extremely well designed and very useful app. Helps you get the best out of your Mustang amp.,5,0,2.0.4-full,2020-08-08 10:20:45,,
gp:AOqpTOHUiD4SHiOwALvjoDYXoq5S19smLzxjyNWOp5vmua3LvgWcZMWJUqvXgwwUtUOvMKAzR2RISJQl5WBL_g,Kevin Condon,https://play-lh.googleusercontent.com/a-/AOh14GiXI-9lCm3rZghGu1t14leLTrLAJ1FQlMnQ4yIQAg,Really well done. Saves the day now that Fender Fuse is defunct. I'll take the phone over having to deal with a laptop any day. Thanks!,5,4,2.0.3-full,2020-06-17 17:35:42,,
gp:AOqpTOHNSF8iIVAQMPuDOaIh5QmBp-WEtnypUex7AydZjsSp6kNV6S0RVaumZlfj44fj_xPZf6nBKqRtx08zUQ,Aaron Perkins,https://play-lh.googleusercontent.com/-a0lXcrxIe7I/AAAAAAAAAAI/AAAAAAAAAAA/AMZuucl7gwWhee_u5nIO5ypFMW7r5SpXLg/photo.jpg,Absolutely outstanding. Fender managed to completely remove the Fuse software from the internet. I just bought a Mustang 1 and didn't know I need additional software. This app is just perfect.,5,12,2.0.3-full,2020-05-24 17:14:43,,
gp:AOqpTOHGMBPf6oGNxwURXv167_heZ0xBAJ9pIxPeDdYckclWBtCJWCG64J2hsmqlw9mbbJrEN-ukGJPkg_oLjw,Carlos H,https://play-lh.googleusercontent.com/-xrD5UaFrFMk/AAAAAAAAAAI/AAAAAAAAAAA/AMZuuck7HGA_EVixfAWwW8IVzlnMwl5qmQ/photo.jpg,"Great app and great support. Highly recommended as an alternative to Fuse. I provided feedback on a small bug and it was fixed very quickly. Thanks, Robert!",5,5,2.0.2-full,2020-05-09 15:57:58,,
gp:AOqpTOE05ORCxI86g1-QECEgahvXPt4TimXH3r0Ax0jhi-l5kdKekcEOMz1oKAQOR27i-RJ9RVhZsnwS3lqvFg,Andre Vivian,https://play-lh.googleusercontent.com/a-/AOh14GgEVF94-W8a6HieEq9HiIt6a14gDEp1GP_6LbJofnI,"The must have app if you own the old Mustang amps, well supported still buy the developer.",5,4,2.0.0-full,2020-05-03 09:41:05,,
gp:AOqpTOFB7wW-FSBHUFAaK8DbAUIxU6sPyGC56zGgTX-0PNCt0WzqnNA3e8AtmiMZxcGWebHaGQeX1nf2kIWs7g,Dario Murga,https://play-lh.googleusercontent.com/-vgxx3agIzPE/AAAAAAAAAAI/AAAAAAAAAAA/AMZuuckWU06f5ZHKHi-_M1cWUHrOTO-9dQ/photo.jpg,I have been a user for years. Love the freedom your app gives me to create. My buddy just got a new tele and unknown to me he has Mustang 1 amp. Told him of your product. Got on here today and was amazed you are still supporting this. It is bringing me joy again and now another in these emotional times. Thanks for your gift to music. I appreciate you and your solid app!,5,11,1.8.5-full,2020-04-15 18:16:53,You are welcome. I'll keep supporting as many of the original Mustang amps as I can for as long as Android maintains a stable USB Host mode. Regards.Robert,2020-04-27 14:54:33
gp:AOqpTOE-rA9lKPkCsi7uhBMQAc2fX6_gFzTJSoW4nU45C5x86o1w5CbSfu3l_JZPDc1OhtVDJYHJ7FbMBUWEDA,I am not Jon,https://play-lh.googleusercontent.com/a-/AOh14GjInc6ZFAr_zHElQ5eH7eMQ1oEvqpCI90CN_iy4Jg,"Hi, I'm having trouble with importing .FUSE files in to replace the standard presets, can you point me in the right direction maybe? The app itself is very good as the menu is as intuitive as the now closed fender fuse app on my computer, and is a good replacement.",5,2,1.8.4-full,2020-03-19 12:42:02,"Hi,
The help document gives full details but the basics are 1) Move preset files to your device in the MUSIC/REMUDA/PRESETS folder 2) Import them using the Import Preset command found on the sub-menu in either DIRECT or PRESET screens. Contact me at support@tritonsw.com if you'd like more details.",2020-03-26 12:59:23
gp:AOqpTOFE0Yd2kL7hQh3Rb6tcaoGbhF34Yqxz872WdCwjWHjmjsHVR6JBaycoHfedEa-gJOYSeOYM24FZsQUepw,Chris Gaule,https://play-lh.googleusercontent.com/a-/AOh14GgKERwrC635CiGwh_0yU-3KSc0mPrxNEPvL31saHg,"When a Mustang 3v2 came with the guitar I bought, I laughed at FUSE w/ flash requirements... then Remuda showed what a control should be for this amp and now I'm loving this amp and this app! The only negative (not really) is that Remuda allows me to get all those FUSE community presets onto my amp and I just don't have a lifetime to explore every tone!",5,7,1.8.3-full,2020-01-06 23:47:53,,
gp:AOqpTOFkOWfRtYaM4oKvUQr26xC372o_W_MgNqbhJN5BeViBHDjq_nTBXEGO9sK5s6IkERaD9bs7wDdBOb4k4A,Pete Larney,https://play-lh.googleusercontent.com/a-/AOh14GhG33_6_IyEU0_hucVt531rELuB7ZWyX3B3vFMEsg,Excellent app that allows me to configure my Fender Mustang amp. Drag and drop reordering of presets is my favorite feature,5,0,1.8.3-full,2019-11-20 07:57:56,,
gp:AOqpTOE3xckHejBCO0GfC-sqZtgGCC9PAChJF5_UMXSrjTOGvfeokvM_on9K28wm0kZQWh3rRQoleCItxCeIBw,Jose Smith,https://play-lh.googleusercontent.com/-QV4rSFUY6kw/AAAAAAAAAAI/AAAAAAAAAAA/AMZuuclpi4iNOjBrJQqBkFMCohZ5fw5l6g/photo.jpg,Great app to make the most of my mustang amp,5,0,1.8.3-full,2019-05-19 12:59:47,,
gp:AOqpTOG8OzU7D-Pf07z3aFwhf5XmS4IFU1J9hi6vqg08JHZ2MN9Rz6pQcfT2jGalzT218orHVDHT-6S16XNkpA,Desert Rat,https://play-lh.googleusercontent.com/-lCY4-TPcSG4/AAAAAAAAAAI/AAAAAAAAAAA/AMZuuclMu0FihFQrgpDfjJOpggPuV16PKQ/photo.jpg,"The developer has recently made legitimate changes to this app that allow it to run stably and seamlessly on my Samsung Galaxy Tab SM-T580. The simple, intuitive user interface makes experimenting with the ""deep edit"" settings enjoyable, and encourages the user to squeeze ever last drop of performance out of the amp. This app greatly improves the utility and enjoyment of my little Fender Mustang I v2. A wonderful musical tool. THANK YOU!",5,4,1.8.3-full,2019-04-28 17:08:54,,
gp:AOqpTOHYwr54yMUMeRLE1DSHcXkW6wMGD02ZSsuW0WBVd9Lw6szeL4FNTl5DYI53jZ9R6Zyio7yFndsRJ4AB3g,Cesar Managad,https://play-lh.googleusercontent.com/--J7CEwqm5q4/AAAAAAAAAAI/AAAAAAAAAAA/AMZuucm0r2_Q5-1Lo0Qc89oNQYevh4HWSQ/photo.jpg,"Hi support, I've been away from the app for months since I purchased a Pixel XL, and couldn't get a working USB OTG cable. I tried again today, and now I'm back. I've forgotten just how necessary this app is, in order to get full value out of my Mustang v2. The Fender FUSE software has now been relagated to only downloading presets from the Fender community. Thank you!",5,0,1.8.3-full,2019-04-26 23:38:24,Thank you for your favorable comments. They are truly appreciated.,2019-05-01 20:00:05
gp:AOqpTOE3W69oEI6qdHKcQJxLZjMBhPTCB4X8pZJB9wZdXf9U_AjInvNRWLczp8vUQxMnPE3LS1u3bTrNwZZa6g,Bob Leviton,https://play-lh.googleusercontent.com/a-/AOh14GjJi-SxKo21xZE3T3hJtTJvT0zU094CWklkROTH,Working perfectly for me since the latest update (1.8.3).,5,0,1.8.3-full,2019-04-14 05:49:21,"Version 1.8.3 addresses this issue. Thanks to this owner for working with me on this fix.
Regards. Robert",2019-04-07 10:07:20
gp:AOqpTOHs3gEbIXdReAmPd8qphuAhRlZfUAw44dtwRtgdhzEu5hQSptWess3QrD7sfm7hrMqK6vFF6GjxCtGgbQ,Andy Mansh,https://play-lh.googleusercontent.com/a-/AOh14GhGRuLRvdz1UKe1KmS1Yt_lto_eumo-g4Xo6C2Hzw,"I bought a Fender Mustang V2 second hand, a Amazon basics Lightning C to USB adapter, connected it up, and it all works fine from the go, no problems at all. Just loses a star because the look of it could be a bit sexier.",4,2,1.8.3-full,2019-03-27 01:26:44,"Hi. I have made a conscious decision to forego ""sexy"" in favor of functional. That being said, I'll be happy to consider any design improvements you wish to suggest. Feel free to contact me at support@tritonsw.com  Regards. Robert",2019-03-27 20:30:54
gp:AOqpTOFfqL-5iXf6grt-Izmx5osg7jqRBUEtKJaVUN95Q3H6Z4SoDLdFr0O5GolqNuTnflzQ4fFFwFK_chIgag,A Google user,https://play-lh.googleusercontent.com/EGemoI2NTXmTsBVtJqk8jxF9rh8ApRWfsIMQSt2uE4OcpQqbFu7f7NbTK05lx80nuSijCz7sc3a277R67g,Amazing support for Fender Mustang v1 and V2 modelling amps. This is the application that Fender should have released. Thanks to third-party innovation there continues to be excellent software support for one of the best digital modeling amp values on the market.,5,1,1.8.1-full,2019-03-14 09:59:31,,
gp:AOqpTOHfmr_k3xn9qm5ts98jjirmhNK4QdW2M4eVonKUvntHvAqLl6a83RmRhVp2fx2M44Xgt2hCnFDjewX4xg,anton van wamelen,https://play-lh.googleusercontent.com/a-/AOh14Gjs7jpKow3j5fYDha0JNmNb3ypyF2q35ryb-VPgAQ,"we think after all those years we can use this modeling amp to the full. It is a shame that Fender did not release an application in the first place, when they came out with these amps. Now they brought out the LT versions with blue tooth, after GT amps with WiFi. Probably a learning curve here too.....costly",5,4,1.8.1-full,2019-03-14 03:30:02,,
gp:AOqpTOHIO3JsC75crkhOWQOcfoohEvzK5B2mvltjeFNyJKGlqpaj7rX_jOAWXbVfV0I7ZYtsp8cUEuCVooN14w,A Google user,https://play-lh.googleusercontent.com/EGemoI2NTXmTsBVtJqk8jxF9rh8ApRWfsIMQSt2uE4OcpQqbFu7f7NbTK05lx80nuSijCz7sc3a277R67g,Get this app! I use it instead of FUSE for tweaking my amp presets during rehearsal. (Pixel 2 with a Floor v1 and Mustang III v2.) Developer was very responsive and helpful when I sent questions. Remuda ver 1.8.0 is working perfectly on Android 9.,5,1,1.8.0-full,2019-03-07 15:12:44,,
gp:AOqpTOHNVJstRGL-q3P5E5zpqHVoHfoCriV1nFISCFX6_nlfY15MbImtbeWMc74BNK7MgYNx2ko55ZrygBwOFQ,A Google user,https://play-lh.googleusercontent.com/EGemoI2NTXmTsBVtJqk8jxF9rh8ApRWfsIMQSt2uE4OcpQqbFu7f7NbTK05lx80nuSijCz7sc3a277R67g,Remuda has now been updated and works perfectly also on my Samsung Galaxy S8 (and 2 Lonovo tablets). I can only repeat what others have written - a super app so much more handy and intuitive than Fender Fuse. And the Performance Sets (~play lists) is a huge improvement to the whole concept of having a pre-programmed m,5,0,1.7.7-full,2019-01-30 13:53:15,"The update for Android 7.x,8.x, and 9.x went live on 1/20/2019. It appears to fix all reported problems with these versions of the OS. Thanks for your patience. Robert",2019-01-21 17:05:39
gp:AOqpTOEkPPdQsRyTh1iczOUzQiJnolHm3_w3RiWwE65Wp5JwiWnp3HFeM7rONtig6Qc-8V15DGxeDeFzx7j1Qg,Dian Wisnu,https://play-lh.googleusercontent.com/a-/AOh14Gijzpl-WT72Ui6zu2aj_HzACr1ZgQoA5SP6Aa-sQg,easy to use,5,0,1.7.7-full,2019-01-23 23:04:55,,
gp:AOqpTOFp3YxTbG5fdQ8VxUa0hXwyiNxrpXrYVIAm7FEZ3OlgQLNB5RqrKyR1qwWT0ZkIpm0ritDNskBtT__X8A,Kevin B,https://play-lh.googleusercontent.com/-vHfB-_WmqOA/AAAAAAAAAAI/AAAAAAAAAAA/AMZuucksdjEWMKFe7wxaCv4Ujk3ywgkeNA/photo.jpg,Edit: since the update the app works great hasn't crashed once!,5,1,1.7.7-full,2019-01-23 13:09:56,"The update for Android 7.x,8.x, and 9.x went live on 1/20/2019. It appears to fix all reported problems with these versions of the OS. Thanks for your patience. Robert",2019-01-21 17:02:06
gp:AOqpTOHa3_n2u2FGIHh9JZQRHBxG7dzxfiEMH7wJ3Qcaj9A032fgqAicfB9AB0l725QmEiCiciWSQ5eRTNFLlg,A Google user,https://play-lh.googleusercontent.com/EGemoI2NTXmTsBVtJqk8jxF9rh8ApRWfsIMQSt2uE4OcpQqbFu7f7NbTK05lx80nuSijCz7sc3a277R67g,"Great app. Also, very pleased with the customer support when I had issues. Very prompt and helpful.",5,0,1.7.6-full,2019-01-20 04:20:53,,
gp:AOqpTOGZbq7COx6jIUnsLj1rzSZ6ghZFkxJXHbShS9EhcK6N57zd2NbaoMDwkCDYsyNsKgD23KLoasti8_eWXg,Hobby Grade,https://play-lh.googleusercontent.com/a-/AOh14GixwEUOLduWOEUgb6my716Hfr9b9ZcVQu2IdzOW0A,it doesn't work on my Moto G6,2,1,1.7.6-full,2019-01-08 17:14:13,"The update for Android 7.x,8.x, and 9.x went live on 1/20/2019. It appears to fix all reported problems with these versions of the OS. Thanks for your patience. Robert",2019-01-21 17:03:55
gp:AOqpTOED3R_nFtBgCtNvDUQ6TkEeKRd5c-snPOP5oNDeqFwxJGvZR1oTkguozRXVuyitcvNUGnBmlG1bIrwvJg,A Google user,https://play-lh.googleusercontent.com/EGemoI2NTXmTsBVtJqk8jxF9rh8ApRWfsIMQSt2uE4OcpQqbFu7f7NbTK05lx80nuSijCz7sc3a277R67g,"This is an excellent way to edit the Fender Mustang amp sounds, a real must have app to gain access to all that these amps can do without the ball ache of running fenders fuse. It should be advertised better because I came across it by accident and it's by far one of the best apps I've purchased, big thanks to the developers...",5,0,1.7.5-full,2018-11-25 02:24:11,,
gp:AOqpTOEsCj03-XV2p_pgqgacpAuqh8Xbbniv9gxeyEApTCx_dDgcpx2S6RnPyOQgO-s_Dy34QHbVa-ZxzomK4Q,Joe Moenigmann,https://play-lh.googleusercontent.com/-cPmRfeBcvic/AAAAAAAAAAI/AAAAAAAAAAA/AMZuucnNGuDAmoHISZkBhzB5lPF9lZvTXQ/photo.jpg,"I checked out the free version first and I was immediately sold. This app makes it so easy and dare I say ""enjoyable""; to change and work on my presets. I normally hate going through my amp and setting up dozens of presets all while flicking knobs and pushing buttons to go through options. Remuda makes it easy breezy. Everything is on screen and super easy to adjust or change. Whomever developed this, thank you. This app was a game changer for me. Update: the app is un usable on s7 after latest update. It freezes and crashes after making a tap.",5,7,1.7.6-full,2018-11-17 10:21:59,"The update for Android 7.x,8.x, and 9.x went live on 1/20/2019. It appears to fix all reported problems with these versions of the OS. Thanks for your patience. Robert",2019-01-21 17:04:18
gp:AOqpTOHmvgGctPbNlOpLLGakk8LsaAAC7WfQAfWidAr_Ng81bSNI6xNvCwfQTHnc96MUpt-nhsqKAX4MwhKhUA,garth walters,https://play-lh.googleusercontent.com/-6s49RUOw9Yg/AAAAAAAAAAI/AAAAAAAAAAA/AMZuucnGYnhBnpqdf9gOJWct3XvMollIig/photo.jpg,Keeps crashing and freezing on S7,2,0,1.7.6-full,2018-10-20 19:32:39,"The update for Android 7.x,8.x, and 9.x went live on 1/20/2019. It appears to fix all reported problems with these Garth. versions of the OS. Thanks for your patience. Robert",2019-01-21 17:05:14
gp:AOqpTOEOh2k6gtQHwEkLM90ttwxLelrebM5SjUQ0BrsSuJgscLEErCF5akIykMxVfuTvbvasl1ew_J5WqTndLQ,Duncan Wakefield,https://play-lh.googleusercontent.com/-aTKJe7-M4TA/AAAAAAAAAAI/AAAAAAAAAAA/AMZuuclIaw5yOUB7EmbatU6M0Wm4mh6KeQ/photo.jpg,"Must have for Mustang owners. With very limited editing of effects directly on the amp, this app is fantastic to set up whatever sound you're looking for. Well worth the money for all the hard work that's gone into it.",5,1,1.7.6-full,2018-10-20 03:26:17,,
gp:AOqpTOF7WXNf3j1Zq4WqOFhvBCt7eYTbZYrxaJbEO6qdQXpBRAIWjtAlSAm05rNDGMAv0Rt768_t9knJasAKIw,Paul Whiddon,https://play-lh.googleusercontent.com/a-/AOh14GjtKSTPU3Z3d_oolSK-unHLaQGkfMabChA7tPr_NnI,This app is essential if you own one of the supported amps. Fender should include this with every amp as while working thru a PC is good having the ability to work thru smartphone is excellent. Keep up the good work.,5,5,1.7.6-full,2018-09-22 10:25:46,,
gp:AOqpTOEj635hBddSBDddFihFbjssFrZaYDPGfZa0H71fcTrU5LPxyNDV31CD7GRX0SWgX5CSG3YO6NdNS1Gtbw,Doug Kenipe,https://play-lh.googleusercontent.com/a-/AOh14Gh35EhLC8WDVnqLww-ZekYlHqekWYKrGq_Erndb,"Can't get it to work on Google Pixel...half the time it won't even start??? 
Brings up black screen with ""Remuda"" at top. When it does start, it shows 
my presents. I can usually press on a different present to change it but if 
I press anything else, it locks up....whether it's direct, performance, 
present, etc.. Weird, seems to want to work, but locks up when I try to do 
anything...frustrating!!! Update...this app rocks...tried the lite version 
on a low end android tablet that I use for Songster tabs....well it worked 
great so I repurchased the app for the tablet. It still is awful on my 
Google Pixel which is frustrating. I've tried everything. It just wants to 
lock up if you try to do anything. But again, works great on my cheap NPOLE 
tablet. It'll be my Mustang interface now. Great work!!!",4,3,1.7.5-full,2018-07-20 15:16:36,"Doug. The update for Android 7.x,8.x, and 9.x went live on 1/20/2019. It appears to fix all reported problems with these versions of the OS. Thanks for your patience. Robert",2019-01-21 17:06:03
gp:AOqpTOEfCGzMiQNtX863mCE68kn37MOI4HqGD3ZOsJmwl46f1Mf7Au57_hChW_dwEiWfemCGSMjboT72LipP7g,jared helmberger,https://play-lh.googleusercontent.com/-Tvcv72Xm6Eg/AAAAAAAAAAI/AAAAAAAAAAA/AMZuucnFcT6-nEiXRR-snQPe-L3nIMWpFQ/photo.jpg,"Freezes after about 30 seconds of use, every time",2,0,1.7.5-full,2018-07-11 19:15:47,"The update for Android 7.x,8.x, and 9.x went live on 1/20/2019. It appears to fix all reported problems with these versions of the OS. Thanks for your patience. Robert",2019-01-21 17:06:14
gp:AOqpTOHyD-S2qfiCBZdqHLoz9UvW1FcgVvKVeRDcTFZKxjHQlaDE3eKWSMOWmFp9Kq4rwXBeASfJYVbs5-jqww,Mike Hebert,https://play-lh.googleusercontent.com/a-/AOh14GhmsbPTxOBMZHxTHc6QKwIQjiRkJRyMy-9g4rZa,"Works great on my Samsung tablet. I used the lite version 1st for a few 
weeks and didnt have any issues so i bought it. Sometimes I think my 
presets on my Mustang V2 sound better when controlled by Remuda. I know 
that can't be, but if it sounds better im all for it",4,0,1.7.5-full,2018-07-09 20:20:28,,
gp:AOqpTOGNCqrPKE5FW4tGgsCqcKHskunU8narZKdpHuykwO25A1KVxCWrUUyOgV5JKaf5skeknVnje7OgXZBNVg,Dennis Moore,https://play-lh.googleusercontent.com/a-/AOh14GieKjTX79oLjin9740uB4HrQsfkXfdjIPhPA41cxg,"Very cool app.  Anyone that has a Fender Mustang Amp should have this on their phone or tablet.  My only complaint is that I saw a post that you can download Presets from Fender's Fuse site and use them in Remuda.  The directions said to move them from the download folder into the Remuda Preset folder.  I did that but Remuda isn't recognizing them.  If anyone has a a solution, please share it.",5,1,1.7.5-full,2018-05-26 18:24:28,"Dennis. If finding the presets is still an issue, please contact me at support@tritonsw.com Regards.Robert",2019-01-21 17:07:46
gp:AOqpTOG8MsJgbQDA32OJtvLvWY2lpsHsL4VBV_YtQkqk6jO48By_68cJSLSZgscI9ehfgRAM11LDBYLZ7H67gA,Aaron Segal,https://play-lh.googleusercontent.com/a-/AOh14Gjfa82K9uMvavTC-EtizrsP1BF7xQDcW0HU3SUJXyE,"Manage and customize all the presets on Fender Mustang 1 or 2 amplifiers. 
No computer necessary!",5,1,1.7.5-full,2018-05-06 10:10:48,,
gp:AOqpTOHJMxDRAyBQNfv8p86HMDjlv-ugWoxl1tJd_tL-k6-WkhD_Lz_FKGmzgDP963DUEwEB07wCNQtY8jRr1Q,Dean Phillips,https://play-lh.googleusercontent.com/a-/AOh14GjpE9ST_5-tMGjn_2dtd9tgTsd3tFH29m9L_nM2ng,"Worked first time, excellent. Samsung a5 2017 fender Mustang I v2",5,0,1.7.5-full,2018-05-02 11:42:46,,
gp:AOqpTOFpYS1N4bOzviHCYnR99xJEJiH09lt-Ezdhd3EoGWZUUfQj_JAtfcAbHF9AL8L68OA_LQvIDVMHhbtT_g,A Google user,https://play-lh.googleusercontent.com/EGemoI2NTXmTsBVtJqk8jxF9rh8ApRWfsIMQSt2uE4OcpQqbFu7f7NbTK05lx80nuSijCz7sc3a277R67g,"Tried out the trial first and within the hour bought the app. Great app to use with my Mustang 2 V2 amp.To anybody with a Nexus 7 having problems, flash the Rom with  lineage grouper 7.1.2 and your Nexus will work like a dream and run a lot faster. Also be careful with the OTG adapter as they can be a bit temperamental.  I am an electronics and computer repair person.",5,1,1.7.5-full,2018-04-25 02:34:48,,
gp:AOqpTOEQCy0dh4FYe9odBPyycld5xf4XcK4bt1LxvJpD2ACOTRlR8a2udRCJOhRSblf9yN_I-4ZKvpxcX5Uo2w,Travis Banks,https://play-lh.googleusercontent.com/a-/AOh14GhbK81AZ6CY9-FnzfVvswry6Y5qtPDPugUDLJVt9Ko,"This works so well with my Mustang III v2 that I have a nexus 7 tablet now 
dedicated to the amp. I purchased this after just a short test with the 
trial version. Fantastic app for a very specific purpose.",5,1,1.7.5-full,2018-04-23 12:56:51,,
gp:AOqpTOFFxFrv63kZSrpKsWIjagKySVed3oePzBW83LBavf2hmw9PnIavLbxIIAXnkk3kJR4_jlgbHp7O5xEXOg,Phil Blumenfeld,https://play-lh.googleusercontent.com/a-/AOh14GjXIr_GWrTqll9lJJrZAVoMbEaPgbKHVW4pe4luoQ,"Worked great first time, lots of fun. Fender Mustang I, Asus ZenPad 10.1 Z300M, a very inexpensive tablet, with a $5 breakout cable opening 3 USB and one charge port. Just gonna hot glue the tablet to the amp now that I know it works.",5,2,1.7.5-full,2018-03-22 15:50:40,,
gp:AOqpTOEbt7skylXGKNsQeaUNaC018FPqHuSQ6zm1wUlmi3KqkRT8IT7UUhEpguH-CB1-GCRgNwlFRZhR9GbT4Q,A Google user,https://play-lh.googleusercontent.com/EGemoI2NTXmTsBVtJqk8jxF9rh8ApRWfsIMQSt2uE4OcpQqbFu7f7NbTK05lx80nuSijCz7sc3a277R67g,"HATE IT. REFUND!4 OTG in a Rowe! Keeps disconnecting freezes up. Can't get to my fuse account,",1,1,1.7.5-full,2018-03-12 16:03:45,"Hi. I'll be glad to offer a refund if you provide me with your Play order ID. Send it to support@tritonsw.com
Robert",2019-01-19 21:40:20
gp:AOqpTOHyWrnmSXgincBXE73o9jUCVSWyy0bzlF1U9Uxle8WTVDhOeQGqve1_guEXeIoAj1pp1gYZy26i8Z1gmg,Rendy Indriyanto,https://play-lh.googleusercontent.com/a-/AOh14Gj_PF7sGhE0sBf5Kams3KBS8C_3XFcplan2b3aB0w,this app keep my mustang alive  😀,4,0,1.7.4-full,2018-02-21 23:47:00,,
gp:AOqpTOFpx2vGm9HwrUSPZWIY6WmS5VzAZ_bSEqlP7bfFlYbZJIJ00BiZIKuH2__2NTLhKIDviUkvInwc1QLL_A,Stephen Pringle,https://play-lh.googleusercontent.com/a-/AOh14Gghbcz1qBRc-dRcgwIh0lPp4pIBaYTwoSZPOkiSEf8,"I have to echo what others have said, this makes tweaking and shaping your sounds so easy. I was getting pissed off with having to dig it my old windows laptop to use Fuse, no longer! I too get the occasional black screen on starting the app, restarting cures that and once it's properly synced with my Mustang is a dream to use. Utterly love it.",5,0,1.7.4-full,2018-02-11 08:39:22,,
gp:AOqpTOEQPPxgx9Akv56WTGSjX28iDpK2rtu0Bsv6q4pljZ6xCsOJp3MgTgXwdmJcIjPtXw_LHTAfJuFJm6ejWA,K Hudson,https://play-lh.googleusercontent.com/-fT2J16csgIw/AAAAAAAAAAI/AAAAAAAAAAA/AMZuucn_IjdE4GtIqep_wUKf3M1yka0jXA/photo.jpg,Perfect for what I need. As a programmer excellent work.,5,0,1.7.4-full,2017-12-26 14:38:02,,
gp:AOqpTOGxgFK9MJHUJHfs9z8jF4DwjcfOGi1QRwVk2EwveqBI3X698ORadHSsGt-tG2esqBLPnD3FJ1uF1esNhA,Mark Jefferies,https://play-lh.googleusercontent.com/a-/AOh14Gi7EsLIAB7hXLlY0o5Y0CYOJsg-fzE65PnL-HiP,"Fabulous app, well done Triton. Exactly what I need. One recent bug to report.. sine flanger coming on by itself at random times on Asus ZenPad 8.0.",4,1,1.7.4-full,2017-11-09 13:56:07,,
gp:AOqpTOHr0pZJI8Sa0eKDotIFfr8AJ9ouWQmfELJd76hQCUJcwTQZV-ISsBBUuroQLqRyGo-x2PJfVTMCPus_8g,Tete Rouge,https://play-lh.googleusercontent.com/-seVQj1vPtrI/AAAAAAAAAAI/AAAAAAAAAAA/AMZuucnVRySkYwEwTKmPzRCFHzgRd--52w/photo.jpg,Lovely stuff....total control plus fuse presets....what's not to like 5*,5,0,1.7.4-full,2017-05-14 09:56:32,,
gp:AOqpTOEhN8M8TU6w7Vg6tw3zKUpGvvitkIRLWyhQvLm7gUbdqJi64CLjorOMZFOPnIhvocQJSJlFUG4NyyDq8Q,A Google user,https://play-lh.googleusercontent.com/EGemoI2NTXmTsBVtJqk8jxF9rh8ApRWfsIMQSt2uE4OcpQqbFu7f7NbTK05lx80nuSijCz7sc3a277R67g,Great app! Something that would be invaluable is the ability to record a sound sample and then be able to loop it in the app while applying effects to it. That way you could set up your effects without having to play it over and over on guitar.,4,4,1.7.4-full,2017-05-02 01:53:47,"That is a good idea. You'd need to have a 1/8 audio cable from the Android device to the Amp for playback AND a separate direct input device from your guitar to the Device. The USB connection from the Amp is audio output only. Of course, the NEW Mustang GT series amps already have both capabilities built-in, but no help there. Robert",2017-05-16 14:44:13
gp:AOqpTOHovYSaCxEUIhBYaGk_p8Bz6XhdNTcebLPZnZ6qc0FRoNggs-CkG7vP4DoE_XIj6C7v0EPZ6bjquTd5uA,Hugh Lomas,https://play-lh.googleusercontent.com/-KFLglyR68Ro/AAAAAAAAAAI/AAAAAAAAAAA/AMZuucl8s_bvjSRB4tr8hDxEnBSV0qundQ/photo.jpg,"Amazing work, completely removes the barrier to editing these without a laptop. Totally worth the $.",5,1,1.7.4-full,2017-03-27 17:46:07,,
gp:AOqpTOEzPrgcJMI-LkbOO_W9pUiv2-twk5s3KA8h5PuZAVVyYQux9dtO73Xo6qK3fakTE_SijCRsO1noJPGtLw,Scott Hoopes,https://play-lh.googleusercontent.com/a-/AOh14GiZSzwL19kpUF6ZfUFfqKiZRlcRjPMz8SyuKvF1uA,Works perfectly. Thank you.,5,0,1.7.2-full,2017-03-10 21:24:17,,
gp:AOqpTOHYUl7DZq0SjwiZ-GbbDPJHwugjoPz8KwJymOy36PV8rOLVCbDhgTzIxyNYH6f9Vpg13sWyPRaNIh8-qA,Dave Dalton,https://play-lh.googleusercontent.com/a-/AOh14Gip2Yftkfa08kcySbyicfXkSf5yTufrrb_foGhxlSM,"I originally bought this because it seemed like it would be handy for editing  my M3 v2 when there wasn't a laptop nearby but what makes it crazy powerful for me is using it's use in the studio. Now I can mic up my amp in the studio (I prefer to mic) , hookup my phone to the amp as a server and connect my 3 year old tablet in the control room for total remote control. This is huge for dialing in sounds.  This also makes me think about about buying a used M3 v2 to keep at where the band rehearses, and use my phone dump in presets for the new songs I worked on at home.   So far all seems to work good and the Bluetooth connection is working fine.  Excellent app",5,2,1.7.2-full,2017-03-07 07:52:12,,
gp:AOqpTOGaxlCN4GiizqbClKjn1qEOE5L5qLt5bOQCrXKOL9P-5fZGwMRSDAgTKo1IIaN32B-1FeSJeh6FqbPvaA,Alex Davidson,https://play-lh.googleusercontent.com/a-/AOh14GjpPApfzLyAdB9UkiNAjNEhHmGI4aAIEoP5Z-1K47c,"Downloaded the free version to test both my Nexus 10 and my LG G4. Works perfectly via both and my Mustang III v2. Purchased the full version today and took my Nexus to church where I keep the Mustang set up. I had a few preset I wanted to do some deeper editing on and Remuda made it easy as eating pie, and I still haven't read any of the help screens yet 👍👍  Excellent little app!",5,2,1.7.2-full,2017-03-03 19:08:17,,
gp:AOqpTOHPImND0gGY_rwSZQuIZv-DWINyvpRDGRDhIG7QlKgtlMn7eVB840fznLhvGkYuRj1oqjJ4fjYtJQ1Wdw,Chris Devol,https://play-lh.googleusercontent.com/a-/AOh14GgFzRHYh05idnbxj4WjoAdlrknw08wHX5iTl2dK,Great app. First time I ever paid for a full version of anything! Too bad OTG cables and adapters are so unreliable. I wonder why?,5,1,1.7.2-full,2017-03-02 15:35:21,,
gp:AOqpTOHFBdItHSBeppWPgrjC-1JUR6pDmHkryDh6LNrmPtdITx2nk52nvY1iMJntb1LIBcpyyTy48ApfGcbQbQ,Donald Kinstler,https://play-lh.googleusercontent.com/a-/AOh14GgSYFYhnDB7z5VfIvuLEFGrF3gEkGw3ilpgV5YdzA,"This app is intuitive, and works as advertised with Mustang 1 and Mustang 5 using Amazon Fire 7 (2015) and Amazon Fire 8 HD tablets.  It is easier to understand than the Fender Fuse software, and unlike the OEM software, is still updated by the developer. In use, the operation is straightforward and provides all functions needed to operate the amp, save one -- TAP TEMPO.   If the developer would possibly use the Remuda logo as the ""hot spot"" to trigger the tap function (this would save screen space) that would be a useful addition to the app.",5,0,1.7.2-full,2017-02-12 03:00:52,"Donald. Thanks for the kind comments AND the suggestion. Tap Tempo in some form is on the short list. Regards, Robert",2017-02-13 16:57:06
gp:AOqpTOF-74NC_uvORMalRpAtZ7EOzGuMsZdKiwb1sgV4ofUovE_lPM6C2gasKLD5M3Gp8eQQF2jWx3jYpHbw-g,A Google user,https://play-lh.googleusercontent.com/EGemoI2NTXmTsBVtJqk8jxF9rh8ApRWfsIMQSt2uE4OcpQqbFu7f7NbTK05lx80nuSijCz7sc3a277R67g,"This is a great app.  It's the app Fender should have made, but didn't.  Now, they don't have to because it's hard to believe they could do any better.  I especially like the client/server feature.  I now leave my amp hooked up to my HTPC all the time.  Whenever the need arises, I can quickly use Remuda on my phone without having to stop and plug in another cable.  In addition, the developer is very responsive and helpful.",5,2,1.7.2-full,2017-01-23 15:05:46,,
gp:AOqpTOFnFIXBkqfN5Rmj3RvVrjYoWVHlUTHCuAMGor3cRK-UL13XMOqW4_Sh-0KYB6VPcSB3Xiw9Ura-MVVrnA,Greg Baughman,https://play-lh.googleusercontent.com/-8BKibIjGlbg/AAAAAAAAAAI/AAAAAAAAAAA/AMZuucmz15Fzy64H3hd-TyXtPRKbE880Hg/photo.jpg,"I've only had this app for a couple of days, but it is outstanding.  It seems to give you access to everything you can do in Fuse, but with a cleaner, easier interface that does not require you to lug a laptop around with the amp. For the price of this and an OTG cable, it's a no brainer of a purchase for anyone using Fuse with their amp. Love it.",5,1,1.7.2-full,2017-01-02 07:00:22,,
gp:AOqpTOFSQgM9of-qEgN_s2kr0BNZg2crYSstE8IemINB-IMsW2Wr0tirIin6cubAfSUORSOwusC_BJO1RxOzSQ,Walter Mehlig,https://play-lh.googleusercontent.com/a-/AOh14GgDRql1t8NULr3649z1Bt1guPv24wjyZ1mxgxLOew,Developer works hard on improving this app. He was very responsive when I had a question in the past.,5,4,1.7.2-full,2016-12-15 04:23:14,,
gp:AOqpTOHeAAp2HjjsEFnIimcPqILwde2010PYtPgBJhZVwcmnscM5WF1T326_2tXxvK3UBG1cGoxVA1oCFPL7Vg,Zoran Naroz,https://play-lh.googleusercontent.com/a-/AOh14Giz3SQStD7hMJcZzVfX8FPGOX5Il37iGlgzUTaJ,Developer worked hard to correct detected bugs in new version. New version looks very promissing. Great app. 5 stars folks!,5,2,1.7.2-full,2016-12-01 22:29:00,"Zoran. Thank you for working with me on the Bluetooth issues. Owners like you help make Remuda better! And thanks for the suggestions. Regards, Robert",2016-12-02 16:08:04
gp:AOqpTOEL-Jh7p3RfVUkv92TnZaQjHQxT_E5QJF1y_TtKDIYu9LtyzgXVBFRmDxobKHOGuawcTF6GAxCZV65M8g,Charlie Williams,https://play-lh.googleusercontent.com/-hu0PiAZKTmA/AAAAAAAAAAI/AAAAAAAAKBA/AMZuuclWPwnF30aR6bQ359UH4baWCx2R4Q/photo.jpg,"Way easier to use than Fuse.  A tip, I use Dropbox to get presets from my PC to Phone, then copy and move them to necessary folder. I can also keep a back up of my remuda .bak file on Dropbox and sync with other devices with remuda like my tablet.",5,2,1.6.0-full,2016-11-16 17:02:56,,
gp:AOqpTOGsIV5QrxAsCeY8s-BZhUS4VvvOTAlAuCFW-7GMZhXSPViL14fqwtchFXkLzWa42QmAGxuhiovgQVcDpw,Jeffrey Powers,https://play-lh.googleusercontent.com/-RuKZSWgYFoA/AAAAAAAAAAI/AAAAAAAAAAA/AMZuucl4_EloBn65mSi2u-6swE4nYA7inw/photo.jpg,"Great app! I'm having trouble downloading presets from fender fuse using chrome on android.  I'm following the instructions of going to fender fuse site, logging in, clicking on the green download, letting page load then adding "" download "" after the site address. It acts like it wants too but it finally gives up and gives me an unsuccessful notice with nothing downloaded. Any help would be great. Thanks.                         Edit: thanks for the quick reply and info. Raised my rating to 5*.",5,3,1.6.0-full,2016-10-24 17:49:19,"Hi. That approach was wrongly suggested by the Forum user, MusicLaw. It does NOT work under any Android browser that I have tried. The only solution is to download onto a PC and copy to the music/remuda/presets folder on your device. Regards, Robert.",2016-10-24 16:59:55
gp:AOqpTOF-5aVtWhG_cfTLhNmIIIhL9pX-rIDh7lZLtuzIwTGI1Kh-xK_XAZEjoZEtdalbC3GHQSIHv2nmdvDeEg,MusicLaw,https://play-lh.googleusercontent.com/-rJ63K5maTjI/AAAAAAAAAAI/AAAAAAAAAAA/AMZuucmCy7HwQw-tOgWh8PK15GWLFw3Zeg/photo.jpg,"REMUDA keeps getting better. Now with a new Amp Control Interface. Control almost everything from this new display w/ expand/collapse Amp and FX blocks. Tweaking and comparing is much improved. Compare amps w/ their parameters the same, yet FX as  their parameters were previously saved. The Favorite Star Feature is terrific to quickly display selected Presets. The Three Dot (Android style menu right of the Preset selector) shows the Save function, a new icon Drag and Drop Signal Chain edit dialog, the EXP-1 Pedal dialog, a Revert Function, and more. The Settings screen lets you set this new Control screen as default when REMUDA launches. The new Amp Control screen has a Press & Hold Reset feature for each numeric value parameter. Read the Help doc for full info. Use Fender .FUSE files!! Share them easily. The Start-up Preset feature is brilliant! The Tuner works great. Easy Backup & Restore allows xfer of Presets, Song and Set Lists amongst multiple Android Devices/Mustang Amps/Friends. Full Amp Control (except Master Vol) is Fast and Easy. REMUDA does what FUSE lacks! REMUDA is a Must Have App!",5,2,1.6.0-full,2016-10-11 22:41:58,,
gp:AOqpTOHFJjYmh-FftxtdEdhh4a2vPXjkr_5BouHWfwcMvc9HwWMYDwt9_q0EcekTLxTdDM-8NmlcF5LCOhPdXQ,Peter Piluk,https://play-lh.googleusercontent.com/a-/AOh14Gg4e2Qv-3XQwSm8xajXiEBeLR15aKctU0hSbyVB,I purchased a Fender Mustang 1 v2 amp after playing around with just about every other modeling amp around and was happy with the sound but hated having to bring my laptop to my practice space everytime I wanted to edit a patch. This app handles that task and more! One of the best music apps I have purchased and a must for Mustang amp owners. The only change I would like to see would be to be able to load patches right from the Fuse site.,5,1,1.5.3-full,2016-09-26 16:04:00,,
gp:AOqpTOEy_ypi5zGY5k0ct9AgTAmcLS4s8DxqNYnmX6_IRSU0foLl3p0p4p6K_Jsyh1Wmkc81TwBzKERqyjv4dQ,A Google user,https://play-lh.googleusercontent.com/EGemoI2NTXmTsBVtJqk8jxF9rh8ApRWfsIMQSt2uE4OcpQqbFu7f7NbTK05lx80nuSijCz7sc3a277R67g,'Great' app but when I need to edit the all important Amp Settings it keeps crashing.All other parameters seem editable.But it's the amp and cabs I want to get at the most.Waste of money since it is such a basic need.Otherwise it seems a potential great app IF the Amp edit was fixed.,2,0,1.5.3-full,2016-09-22 07:24:00,"Update: I found the bug that you encountered and it is fixed in v1.6.0. Thanks.
Hi. I'd be happy to work with you to determine what is causing your crashes. Please drop me a line at support@tritonsw.com. Thanks, Robert.",2016-10-24 17:02:06
gp:AOqpTOFyQIdtIkJAiz2WD_qfvFIT2cTQZ5EZc1CeSsqnaPyL2XP_tEpDn94bixjZ42wN9AxrHQtZ8oQlI23CfQ,A Google user,https://play-lh.googleusercontent.com/EGemoI2NTXmTsBVtJqk8jxF9rh8ApRWfsIMQSt2uE4OcpQqbFu7f7NbTK05lx80nuSijCz7sc3a277R67g,"LOVE,,,,THIS,,,,APP!",5,1,1.5.3-full,2016-09-20 11:17:16,,
gp:AOqpTOGOn5C9YC7PHwy66kyiPewuymS8owQz2KJPxGNesyenv_bvI391RvZnyXR0hw0FY2eN3fwv3ci2A2rRZw,Stephen Brownlow,https://play-lh.googleusercontent.com/a-/AOh14Gh3XBW5eBEaApuit39Bn3DS8LDtNzFu9tDwpxM3,And it keeps getting even better.,5,1,1.5.3-full,2016-08-31 05:06:15,,
gp:AOqpTOHUSwSMSdV0UvX9lbU2dkfEyoFugE1485GU1mnZwV_LXqhXP30MzBLxr8kGgw3cPlN2vvhxHI3KaGRFTg,Rolly St.Amand,https://play-lh.googleusercontent.com/-2ualmo93mdA/AAAAAAAAAAI/AAAAAAAAAAA/AMZuuclJKSQUs6Y-3vRQibrXK2oioFFyFA/photo.jpg,I was skeptical that this app would work! BUT! it does work and very well. I use it with my Acer A500  tablet and my Fender Mustang ii amp. The only thing I was disappointed in was that it doesn't work with my Fender Passport Mini that I use for practice.,5,1,1.5.3-full,2016-08-28 14:00:20,"Update 9/21/2016: We are not able to support the Passport Mini at this time. We do support a model called the Mustang Mini. A bit of confusion on my part. Robert.
Rolly. I'd love to get the App working with the Mini. What sort of response do you get when you connect the App to the Mini?. You can contact me at support@tritonsw.com. Regards, Robert",2016-09-21 13:42:38
gp:AOqpTOGYseltE4IS0QB_TFMYDHpsD4ekNsKyFTpPkXJdQuquY04NHAC-gMBCLbqm81tOl64iu2Whx_d9j4rHZw,justin tomlinson,https://play-lh.googleusercontent.com/a-/AOh14GjOVn2sXdDt8r_EtItNe0JBBjRvP4MD7uBq-iC0hA,Fender should be paying you guys for this.....controls everything but the master vol......Def worth the money.... Well done,5,1,1.5.2-full,2016-07-29 16:51:35,,
gp:AOqpTOHrMGkBa1Hrty8YiYFPFJUsHXWxQ63zT_Mjwzg0O5eDQAtIaBcXnNTecxOOJNVFVelwiWum_u7N6vFk8g,Colin Smith,https://play-lh.googleusercontent.com/-vQFa23duHHk/AAAAAAAAAAI/AAAAAAAAAAA/AMZuuckpwENGQrweV5qZBfHoU9aY9lRCbw/photo.jpg,"So much easier to use than FUSE, just one comment- using a v1 Mustang 1, the amp model names sometimes come up as those in v2 e.g. British 80s as 60s Thrift. Doesn't affect the modelling but is a minor irritation.",5,1,1.5.2-full,2016-07-21 00:40:53,Colin. I'm trying to track this down. I've recently discovered that the SuperSonic amp is in both V1 and V2 amps BUT it uses a different ID number in the V1. Maybe something like this is happening with the other models you cite. Thanks for the feedback.,2016-08-29 19:59:54
gp:AOqpTOE7eS4H0Q3_2RfH0XO1DlwbxY75aN9HaQLcRO1DteveSlXv0WlQ-C_jnW03eIxKbJhlsc30CSVugbkwPg,Project Geek,https://play-lh.googleusercontent.com/a-/AOh14GgjqsMq4rkmaAw3ppB3BCflRHMfwNnpV6Xuj-AG7g,Not the prettiest app but more than made up for by its functionality. Well worth the cost.,4,3,1.5.2-full,2016-06-16 16:57:07,"Hi. I've got some UI improvements in the pipeline, but as you say, functionality is very important. Cheers, Robert support@tritonsw.com",2016-08-29 19:57:59
gp:AOqpTOGlAluogv543iVfUnfe_1wxQm8yLHEqiEt0bWdPjxwXSPW0KGZ-MPLFTo9VwnlAWXNGayN-mv0Eq8Svww,Anthony Chappina,https://play-lh.googleusercontent.com/a-/AOh14Ghw3DoN8schymRTSOsrz5D-ZLLGOv_PaoyKX_5kRw,This is really a must have for this amp..   It might not be a total replacement for the fuse software but to have the ability to control this amp with a phone is really great.   Thanks for this!,5,1,1.5.1-full,2016-06-12 06:15:52,,
gp:AOqpTOGPu8HzTh3ISj6dXDq38UKorB2xVwlyZ9-XGTvyJ9nMDWwi-_73D5w7w6tYb7fFyWao4ndHu9dNKUsVDA,Beau Hudspeth,https://play-lh.googleusercontent.com/a-/AOh14GhRiaMAGao-M0RMnVRiAOZnBa3VvO5xCzDaPYw,... to use .fuse presets but can you let us select the location? External storage is always a better choice for non-essential files. Thanks.,4,2,1.5.1-full,2016-06-11 23:41:20,,
gp:AOqpTOEzhIJYoxQL2SbvtZjmRR55G_UzToUNtIL2IlIvjPqU7u2zSPUX5VaVAGo9QVvxlcTOcY-zTNJ9iYqXsw,Joe Wells,https://play-lh.googleusercontent.com/-7zykigsF8-0/AAAAAAAAAAI/AAAAAAAAAAA/AMZuuckUQr8BZtcns0eXlxjlFLPix-Jmhw/photo.jpg,"Nice alternative to FUSE.  I was going to ask for .fuse import support, but it looks like you beat me to it! You also stopped the keyboard from popping up when a preset is opened. Excellent.  One other thing: Maybe put the name of the effect on the buttons of the ""pedal board"" instead of generic STP, MOD, etc?  Anyway, good work!",4,1,1.5.0-full,2016-06-06 17:48:53,"Joe, Thanks for the feedback. I've considered placing effect names in buttons. I too have wondered at times just what effect I had assigned to a particular category. Maybe next version.",2016-06-07 06:38:39
gp:AOqpTOFgKz9-czfzHdEVvp1InywGCyOxQ_40RHRLeJ856N8JnFM--jOAE6GvZ1EIdVi_TAlE72BSSYGBcoJ1cA,Stephanos Siopoulos,https://play-lh.googleusercontent.com/a-/AOh14GgKlPNhIgUR3ILKVU__CR6xRE638LI80sbLhWOcSg,"Great app! An optional UI overhaul (using e.g. a skin/theme system to visually simulate gear,  a la Fuse) would be most welcome. But it can wait, as features and overall effectiveness are more important anyhow... ;-) Kudos to the developer for bringing us what Fender never did...",5,1,1.5.0-full,2016-06-05 16:46:22,,
gp:AOqpTOHf3gv-6E3XV6v7Mw6Pz9veiW-QTnmeLGC26plZiOOeyJK6jgJPV5abXfNCsgMXqBjM8dEopqsmJT4tvg,Dan Wakeman,https://play-lh.googleusercontent.com/a-/AOh14GjQ7dkpUXI6orcZDsN5hhEih93QbwwF3MDbIZwt,"This really helps me out, great work and excellent support from the developer.",5,1,1.4.3-full,2016-05-30 08:29:13,,
gp:AOqpTOG6_7eOR0-0QTVfOZorkZNbnzCeBNNWU7IPfXntfxLGW6jA-M5zcWdpRb-_t2XChbfLjl7QsCEJfSSyog,Hugh Fain,https://play-lh.googleusercontent.com/a-/AOh14GjEaAy9_VvXpIXwgnaxdYP9FidXR5XCcjii71Vy,"This app just made the Mustangs usable! Within a few minutes of installing this app and plugging it in I was able to dial in tone I had always hoped to get out my Mustangs. Blown away! I have the I, II and III v2.  Everything worked perfectly with zero setup or hassle. Actually the app started automatically when I plugged in the Mustang! Fender should pay this guy a truck load of money and buy this app and include it with the Mustangs. Well... on second thought that might mess up a great app! I hope to see a tuner soon! That would be all that is missing. Maybe if it played backing tracks from the app out the 3.5 mm audio jack. and maybe a simple visual and audible metronome? Can we get it to cook dinner while your at it? I LOVE that I can tweak so easily on one screen and just bump each parameter until i get it just right without fiddling with nobs. Just hit a note or two , let it ring and tab the screen until you get it PERFECT!  You are my hero Triton!",5,2,1.4.3-full,2016-05-22 21:14:13,,
gp:AOqpTOHbORIqCVJ5WCYa5ySA45TQm0dV3Nf67a1e4n0j3K8KXjX7mW_sUddocAlNJLzPlnEOSPrmDglyugRCEQ,Matt Brodeur,https://play-lh.googleusercontent.com/a-/AOh14GjVT7wTT0e2koAMuvCxy53RJshFItjadAnWbQK6pzQ,Very happy with this app. Just starting to figure out all it can do. Sad that Fender couldn't have done something like this themselves. But great job!,5,1,1.4.3-full,2016-05-18 17:46:29,,
gp:AOqpTOE-_QluD5j1sgUxWdnBFfRyNIjvmjGI4okKsPHcC39ytD_NYjD0dhr9y1oLvBHdluk-QkEv1tqDtsuOZA,James Graham,https://play-lh.googleusercontent.com/a-/AOh14GgKquoE1f2zVCdww1h8ZIZEAF47-4EDafBYbBJTmw,"Support this development process. I don't have my Mustang any longer, and really hope the G-Dec 3 model gets the love it deserves. Got a Champion 600 and send the audio out to the Champion as a Tube modelling combo. Fantastic. Hope Remuda gets the update so I can Android my setup and leave Fuse behind.                  Please add the other Fender modeling amps. I am willing to assist QA with my G-Dec 3 Thirty. I really would like this amp to be supported also. Please I plead.",5,1,1.4.2-full,2016-03-26 14:47:18,"Update: James and I are working on this but there are major differences in the USB communication packets. I do not have a firm release date at this time.
James. Please contact me at support@tritonsw.com. I'll be happy to work with you. Robert",2016-03-14 10:19:05
gp:AOqpTOGkakL0k9pjNxlGfLyArAHZfypkolLqmE-aEHihyrWrgrumi0O5dWS1dBZPgyaBliS4_EujbBYMR19SwQ,Dash Randell,https://play-lh.googleusercontent.com/-fmAnQs2Vym8/AAAAAAAAAAI/AAAAAAAAAAA/AMZuucliJ8uh7eab1iHE8fUcTYThakD_yg/photo.jpg,"Just like I said about the free trial version. Does what it says it can do and I was pleasantly surprised by what it could do that I wasn't expecting, and even better now with more presets, etc. Works well with my Mustang amp and the Mustang Floor. Really fun for tone snobs and tweakers like myself especially while sitting on a comfy couch, beach, or wherever. I bought this App just a few days after I started using the free trial version.",5,1,1.4.2-full,2016-02-26 17:40:25,,
gp:AOqpTOGFdwf1Ll48OIBaD-RNQbSkygS9Zpd5byf1yoeUh8WQ5nuKEg7_bBLqBVLPZKFo9Jw_ywA6uu5Xsn9d0g,Chris Durand,https://play-lh.googleusercontent.com/a-/AOh14GjqOUwi49ZPXbADohJ15_0ayc4dAVpCBYg4xC5KYw,"Remuda offers a way to enable and tweak all settings available in Fuze from your Android device, something I asked Fender to do a long time ago. The ability to reorder presets, something that Fuse won't let you do, is worth the price alone. This software is especially useful to Mustang I and Mustang II owners, since their amps don't have front panel controls to change effects. The performance mode is useful for gigging musicians. Please add EXP-1 support soon.",5,1,1.4.1-full,2016-02-09 13:56:56,,
gp:AOqpTOHRuvqTJT1XVhYpKmUvwJ2wkGhcUFA3eTM4u-lEIht6UAepHJXarbC6wo3d4V3_Uzi1hhil62Te_WEhvw,charlie burkdoll,https://play-lh.googleusercontent.com/a-/AOh14GjoZcSB3eZKhCIHRR0ye9ZYN8vhMN03qOkLt6DhVQ,"I want this to work so bad. It won't recognize my Fender mustang2. What is wrong here? Help!!! Or refund, preferably help. Still no reply or refund, don't buy this App. Garbage",1,0,1.4.1-full,2016-02-02 22:25:07,"UPDATE: I have been unable to contact this individual but the offer of a refund still stands.
Charlie, Sorry I must have missed your email. Most likely your tablet does not support USB Host mode. If you send me your Play Store order number I'll be happy to issue a refund. Please send it to support@tritonsw.com. Thanks, Robert.",2016-03-14 10:20:16
gp:AOqpTOFMcggy__zBJjT0J7Qi4yg3EIvT6-3Qt636VADqDA5SQbymn2kvsBrHt2wKJoN88WwQDfYCQ_OeMYVOxg,Ricky Kurtz,https://play-lh.googleusercontent.com/a-/AOh14GiBA8SV-GjQyCqtcLkDWxSvPiXCbvEDzyDVsjtv,"I've been using Remuda quite some time now. This product was very thought out.  The ergonomics are very good. Writing software that is both intuitive and easy to use is no easy task. Remuda accomplishes both. As with any new software development project there will always be  anomalies. For instance the IT Systems aboard the space shuttles have documtation the size of the yellow pages that document all known anomalies and defects. There is no software that is error free. The author, owner, and developer all being the same person and also a musician, known what we all want and need in this type of product. His day job is an IT Engineer working for a large company. We are all very lucky we even have such a product that runs on ANDROID devices. As I said earlier, I use the product, and it works very well. I play better, it makes my practice much more enjoyable. The product DOES NOT HAVE a steep learning curve. You can learn to use it in a day. I own 2 Fender Mustang IV V2.0 and have a tablet connected to each. If you leave  info about a defect it will be fixed. If like a feature or function tell him. Remember he is a musician. Ricky IBM IT ARCHITECT / SYSTEMS ENGINEER",5,2,,2016-01-26 03:24:00,,
gp:AOqpTOH2S5mpNN5daNB6Ls_rlNteO7V5vUBWafoEskUFglCESaQIxOFUxhXZ71bOOkPt0IgdJhyAnpRHxIqGVw,A Google user,https://play-lh.googleusercontent.com/EGemoI2NTXmTsBVtJqk8jxF9rh8ApRWfsIMQSt2uE4OcpQqbFu7f7NbTK05lx80nuSijCz7sc3a277R67g,"I paid good money for this app and it's turning out to be a nightmare. I initially wanted it to so I could bring my Nexus 7 to the practice room and make adjustments on the fly. Unfortunately that is an impossibility because it's just too unreliable. It either crashes as soon as it opens, gives me a connection error or it won't load the presets at all. Come on man, I paid you money, work it out!",2,0,1.3-full,2015-12-31 09:02:18,"Will, thanks for getting in contact with me and I assume the refund came through with no problems. I'm interested to know if you have found ANY USB host mode applications that work with your device. A USB keyboard would be a good test. 
I still think there is an issue with Android version 6.0 OR the USB C type connector on the newer Nexus devices.",2016-02-18 09:51:19
