reviewId,userName,userImage,content,score,thumbsUpCount,reviewCreatedVersion,at,replyContent,repliedAt
gp:AOqpTOEFSB9E9dRnGaYAuEVUgmC_5tfcekQuIAmrPQvVhZ_YkuqgorHkeugua56c740vLnoYjXt6Suvz5x2B-Ww,Corrie Coetzee,https://play-lh.googleusercontent.com/a-/AOh14Gg7UU0_mUTO5ayDAbycxpOhILLM6SmSAjvnjFrzlQ,"Had an issue with the location settings which caused it not to work, but after the developer replied to my previous review and I changed the settings it is now working 100%",5,0,2.3.5.1,2021-02-09 21:30:41,"Either related to battery management. Or you have updated to Android 10. Then you have to take special settings. Either option, please read the help carefully and follow the instructions. If everything is configured correctly, the app works fine on Android 10, also on Samsung devices.",2021-02-05 09:21:08
gp:AOqpTOFwl5cgouXoXhXL51z9__1wwiT5Ttjcz1kRgJChlom04vkS57MC5NjnD626UClTtlwE_QB2BGO0RUhENdM,John McCrea,https://play-lh.googleusercontent.com/-UcXMPsDWf9o/AAAAAAAAAAI/AAAAAAAAAAA/AMZuuclhNqb_-3_kjMKBS9RmPW-EslMxlw/photo.jpg,This is perfect with different wifi channels in different parts of my house. Is there an iOS version?,5,0,2.3.5.1,2021-02-07 22:59:16,"No. I strongly doubt that you can find a similar app for iOS, since apple makes it nearly impossible to create such kind of apps for their system.",2021-02-08 03:37:28
gp:AOqpTOGoo_5YYoVfDnW6hyUSBN3T4J22_FDF1C2WC-ZTmsuj-kwYr-rprAxzGfiTavTo84tkrrLhvDJgIJKDAMg,Hussam R,https://play-lh.googleusercontent.com/a-/AOh14Gj8rrB0AgeuInp9cKBR27X1YXbw4v9Pn0IXwCX62g,has a problem since I installed it on my s21 ultra. sometimes it does not work. GPS is on. battery optimization off. I add it to never sleeping apps. thanks for the reply. I'm waiting for the solution.,5,1,2.3.5.1,2021-02-01 07:05:02,There seems to be a problem with Android 11 on Samsung devices. I'm working on it.,2021-02-01 07:00:00
gp:AOqpTOHbPBbCC16TSyvOarkhFO10_-62n_xV9mmwYYgOkdMLuI9m1CQlHF6obrd0rOZcoiyjudvV1Fpa1n9XAtk,iAmSaugata,https://play-lh.googleusercontent.com/a-/AOh14Gj4U3suXS-_YwRi3ohcRbADBQJBScw45Bvwb3gepg,"App works as expected , you have to make sure you configured it properly. Read the instructions carefully. @Developer, Please change app icon, it is really ugly.",5,0,2.3.5.1,2021-01-31 07:17:08,,
gp:AOqpTOGSX9J-9PVObrrS9-Sv2_C4ggl3HmaI0-C20-P_98eZjnUfzNvrqtrUG6I9ASuTw5_fSmdtg8soXDHhazc,Omar Omar,https://play-lh.googleusercontent.com/a-/AOh14Ggxq0va5Nqp5cRq9XKJ_eibQ2dGpe5IbRxX5HX6SKE,Not really useful. Have to keep manually opening it and even then it doesn't always change to the stronger wifi. Might as well enable and disable wifi instead.,2,0,2.3.5.1,2021-01-25 16:54:31,Please read the help carefully and follow the instructions. Then it will work. Many users can confirm that.,2021-01-26 03:46:24
gp:AOqpTOHlxSPW9q9pr7A4fPSI1EBpLPRfFjY8MMNNxfsCZ4M_gTswO5mucC5d1sQsjuhOtoLnNKKvMDGQABthlbw,Giles Bradley,https://play-lh.googleusercontent.com/a-/AOh14GgdCw7FxHkLMP6N41GDWiGMvYuxp0SC64e5LEAqPOE,"Once you understand how to use it properly, which isn't that easy, it's a brilliant and reliable app. The developer could do with having someone whose first language is English check over and reword the instructions. PS to be fair, having just re-read them, the developer's English is pretty darned good. Maybe they've been rewritten since I last read them. I think my main problem is with ""over evaluate"", although if you read the help for this it's clear what is meant.",5,8,2.3.5.1,2021-01-25 03:25:02,,
gp:AOqpTOHtccj-BD-eWHn3noaMmxAJ95IVn2tBD2yohcaEGz3-sner5of85JdCL4l_AUCLihSTVkkLwU4NZlm7wcI,Andrei Gheorghe,https://play-lh.googleusercontent.com/a-/AOh14Gj4DBIGCe2smHsO35QOb9SvGXrIbqL3TFTCKj_v8A,Great app.Worked as expected.I have a mesh network with the same SSID for all the APs.Lots of features.Good help file.Recommended.,5,0,2.3.5.1,2021-01-24 18:29:52,,
gp:AOqpTOG6OxZMktMO_r3-INOdJQgGinMa7-d5IJAQVxeKZ9Qdl3XFBpwkFa7rYKtWlZnzu5Hi2_M2G3RlW_SiDGg,Jerry Brenner,https://play-lh.googleusercontent.com/a-/AOh14Gih8JFvkyF6hzgPsiUrinygPGyU8J7v9UEevFRDAA,Great app! Does exactly what it says. It's difficult to understand why this function isn't built into Android. Wish it worked with my chromebook.,5,1,2.3.5.1,2021-01-20 18:05:23,,
gp:AOqpTOGDgBnBknzoQXQuEnT6C3c85xiQw4qrlCq1Qi8v8e02nuLM0OMjnRgL_bZPfhZiYQb38h5g1lj_1oAeX-w,Kruse Ludington,https://play-lh.googleusercontent.com/a-/AOh14Gg2st68ylg23Rwtmr2Ta8W3aA_TbVNFrvziGjUf0g,"Just EXACTLY what the doctor prescribed! I have several access points inside and outside of my home as well as a wireless router, all using different channels but the same SSID all on both 2.5ghz and 5ghz. Long story short, I would have to (on my Galaxy Note 10+ android phone) disconnect and reconnect the wifi to make it stay on the faster 5ghz WiFi. This software gets rid of that hassle, beautifully, always connecting to the faster 5ghz whenever possible!",5,2,2.3.5.1,2021-01-18 10:12:10,,
gp:AOqpTOGKVJDYReRD_hv4Lk-33bv5MFTNfpr-NBCOlyZ1OBPOs8F6YXIfzdMyO-daUNzbnR5MPLlbg_icoH6HjzI,Stooby,https://play-lh.googleusercontent.com/-j7cHInHqxj4/AAAAAAAAAAI/AAAAAAAAAEc/AMZuucmVjJniHxCMQ-ojLcOBAVxU0Sy4xA/photo.jpg,"Fairly hopeless and overly complicated. You have to forget all your current networks from the Android settings. Then add them all again, with passwords in this app after the smart scan. Did all that, set the setting for ""app owned"", set ""prefer 5ghz"" and so on. Restarted the phone. App just sat there showing ""connecting"" then ""unconnected"" and the phone connected to my guest network even though that was in the excluded list! This app needs to be simplified and made easier to use.",1,0,,2021-01-06 06:54:21,"When ""not connected"" is showing, the permission for location in background is missing and the app can't do the work at all. When you grant the permission also the exclude-list will work (at least for all app-own networks). Unfortunately all configurations are necessary due to restrictions of the Android API. There is no other way.",2021-01-06 10:53:36
gp:AOqpTOEACq_L2eab_0GkPJH2rYdJnEoekfdYxujY8ixZbJ_4NMNZ8543h9NyvMsthjnhF0_pHpJEGUyAWTLaeYo,Adel Beloshi,https://play-lh.googleusercontent.com/-AX9is31SpUU/AAAAAAAAAAI/AAAAAAAAAAA/AMZuucm_jy3cPYWuZmbxd67mCBXfegWroQ/photo.jpg,Works as advertised,5,0,2.3.5.1,2020-12-26 00:04:14,,
gp:AOqpTOHkVvJrkF4LdBS7P3vt1ED7YMkumQjHyevt4ASSzYz9HHnD_Ou7xq_Zq43oJYxNppJ9g9HMjsKWrA53BwY,michael petrou,https://play-lh.googleusercontent.com/a-/AOh14GiegCvULvh2_hRC6cjULtIDHPT8_e4QN88VMzL7rg,This app works really well. Delivering what it says on the tin. I appreciate the response and guidance given by the app developer as this has solved the issue for the WiFi calling issue I was experiencing.,5,4,2.3.5.1,2020-12-19 09:32:51,"WiFi calls: use the app's option to prevent switching during WiFi activity. Autostart: the app has been developed on several Pixel devices, and the autostart after booting is working on all of them (also in Android 11). So I really don't see a reason why that should be different on your Pixel 4a.",2020-12-19 04:35:08
gp:AOqpTOH4_WL4q-kHpJZ9dGXQHyQVjIzS5AZ73SOEu6s6_HPU-pou88RnJK0USd5X53JJ4TW5q--VoilG_b7ZyxU,the talking dog,https://play-lh.googleusercontent.com/a-/AOh14Gjo_G8d9rAzwEE7lVPHDafWg_Lwp7a304pP_H9UMA,Unlike other WiFi selector apps this one actually works as described. Well done!,5,0,2.3.5.1,2020-12-10 16:23:39,,
gp:AOqpTOFxPwQhNP1YDuWHt0E9rO9SPU9SvpAqkb5wKPeIYTQAoIuZ-aMM7vYcSsWp__XqSzmxjMyMrrOJ4hxl7EM,MONASH INDUSTRIES,https://play-lh.googleusercontent.com/a-/AOh14GhNcjXW7yb8kSr-5puZdbmkzYZmTjopLzeSZzjS-iM,"So good, great app... Thank you.",5,0,2.3.5.1,2020-12-02 02:26:35,,
gp:AOqpTOGNS19PHQz7RE3AARaoOgZodrakBW_GBVkSeoDRDd5Fhsg-5VcD2NGBXuadCM-TtOHp-J6C7FWtxvNeoLU,keluarga aditya,https://play-lh.googleusercontent.com/a-/AOh14GiSsdMzeeQDxM71Cty8VWsM4uSxno6ZbZUlcS956A,"The trial version works well, so i decided to get this full version. Update: need an additional step for Samsung with Android 10.",5,0,2.3.4,2020-11-30 07:37:44,,
gp:AOqpTOEEzOLlOThcyMCAXMNUjqUjm3uNlCa6Nqbzjt2D2A-h_TkwygHHbdqDK3ofrrr_p4kPiSOaAE7qONzC69c,Mike K,https://play-lh.googleusercontent.com/a-/AOh14GikJm1sXSmcyMpTXYFWmL4vlOKiGpT54wAGJKTgukU,"Like a charm. Just works. The options can be a bit daunting for someone not familiar with the WiFi terminology, but look it up. Learn about what your phone or tablet is capable of. This should be standard operating procedure for all devices. Needless to say, phone companies don't get it right all the time, and that's where this little gem of an app comes in. Smart WiFi Selector can make life better for you. All the waiting, wondering what's wrong with your connection, is gone.",5,8,2.3.5.1,2020-11-23 22:03:26,,
gp:AOqpTOFlTidPfs1TWemcrJs7D9HZKvtrdNV2QAfBphTRiasc4H1Udi1rIPfbwqvKjpdVEEb_Yqom5VsHLOGZ-0Y,Gerald Block,https://play-lh.googleusercontent.com/a-/AOh14GhZQRhD6q4h71GS2O7GYMBS8T3kvzw9vbYSyG--jg,"Great app! Worked right first time. Intuitive and backed up with excellent Help. Now I can go to my bathroom, and back, without two manual interventions on my phone! And the price is a bargain. Thanks, Alexander!",5,3,2.3.5.1,2020-11-15 11:51:29,,
gp:AOqpTOGKzBSh15CRaSfKxLEL9yuCKaSoIOqwgjIDtcyMkgLYCcclFDoP6IqhG184iSQNRadir1_mMfMBUnEQDTQ,Arish Elavia,https://play-lh.googleusercontent.com/-DI-UUUBQjJA/AAAAAAAAAAI/AAAAAAAAAAA/AMZuuck-N2uLZazBvC2H_BfkfMUx2n_QvA/photo.jpg,"Works like a charm whenever the phone display is ON & does its thing perfectly. However, when the display is not ON & if i were to move the phone from right next to one router in one room to right beside another router in another room ,whenever i start the display again it briefly stil shows that its either connected to the previous router or even no router at all (if those respective rooms are at opposite ends of the house). ..Xiaomi/samsung devices on android 10. Batt optimisations disabled.",2,5,2.3.5.1,2020-11-13 11:27:20,"The app won't switch when the display is off, because 1. that would consume a lot of battery without real benefit, and 2. Android is mostly preventing WiFi scanning in deep sleep anyway. When you turn the display on the app will almost immideately switch. So I don't see a problem.",2020-11-13 13:46:46
gp:AOqpTOFRDrBStvyiPXpysR7SXy_Nj-gwBQi9po4Q71trsLVQmia67pQmuRAolsbD0geOWKteEQQh7L4h_gLP_cI,R B,https://play-lh.googleusercontent.com/a-/AOh14Gjrt0-CLG8lCcmrN6NDpY033Z7x_TO6ZfJGC1h6Ag,No nonsense app that just works and has in depth set up instructions. I have 2 weak APs close together and the ability to fine tune when the connection is handed over is great.,5,2,2.3.5.1,2020-11-06 22:26:51,,
gp:AOqpTOHzDWMKDLX2WAAU3UA_ktSv2JswniNc6glFL7aU3vcqLvzozWR643fOh8uY78qhA3oMyQQ_ZzRcgBCJU7k,Ed Baines,https://play-lh.googleusercontent.com/-3j4cl8CCDhw/AAAAAAAAAAI/AAAAAAAAAAA/AMZuucm480edQQjqeP8bywo5x8j6B_z2mQ/photo.jpg,"Not perfect but once I found use app own only setting, it is reasonably well-behaved. I'm quite sure to improve performance I would have to set the recheck so often it would hurt battery life.",4,1,2.3.5.1,2020-11-06 07:05:30,,
gp:AOqpTOH5yB2Yp6KwtcRq6LYzP807yCQGvI1E-KaUg5qozfRMgJOw-KwON1LSW_IxxxmC-8rHiX1aCw3BepdtZtw,John Harvey,https://play-lh.googleusercontent.com/-7AyKJlRxp8k/AAAAAAAAAAI/AAAAAAAAAAA/AMZuuclVcIyAZ-ANxznK8xN6Y6wSQakNUw/photo.jpg,Works.,5,0,2.3.5.1,2020-11-04 23:27:25,,
gp:AOqpTOGQ-2wj0w6HwdbYv_-Nw4us7HqD1bVNrOWjApc6kvLN1Gxs6dm-UL_DwJEM59fqSIe0OCKmrpSfLw6sZfQ,Steven Epstein,https://play-lh.googleusercontent.com/-hZnBPPuU4nc/AAAAAAAAAAI/AAAAAAAAAAA/AMZuuck5f9dULQlH2384-wShEM1DtX5xGQ/photo.jpg,"Latest update does not work, yes I read all the help files but it just does nothing. Want back to the last version, works great. Thank you for your response. I rechecked all settings, there were no changes that needed to be made. I reinstalled the latest update and now it is working fine. Thank you again",4,0,,2020-10-27 09:56:16,"The issue is definitely not related to the app update, since there were no substantial changes. Furthermore there are several high rated reviews AFTER the update. It's much more likely that the app's location permission isn't set to ""Always"", which is a common source of error lately. Also note the other required settings mentioned in the help.",2020-10-27 09:18:50
gp:AOqpTOGyrDgjTgOdb3VnvOi_8Qli6swp6K2cX-lk1m9NZH5k9AD-gHu3kanpLqHSCGF6E5gHEOwGC_ppspTxlsc,Ed Dorman,https://play-lh.googleusercontent.com/a-/AOh14GgDgx1d8-673CDWDK5Ifn6NyNVsxA6Ln9kSJ9djUQ,"After re-reading and following the setup guide, works perfectly in my three zone dual-band environment.",5,2,2.3.5,2020-10-25 03:09:41,,
gp:AOqpTOHwX18FA5qvcHCIkDYHqyeEpSlwbnO4StY_a1t4ztCruCSMAdvVzfQ7xsQ8YC-TnodxSlvZCK9FdzPiApc,Richard Levine,https://play-lh.googleusercontent.com/a-/AOh14Gi3Dkg-se-eYx2NWj_I7Xc8zqv-vEKn6O2XT9px6j4,The best I've tried. Full marks!,5,0,2.3.5,2020-10-17 07:45:31,,
gp:AOqpTOG-TUwj2KF_Ig3II5YxJ18hvktrK3m5SBRSaMYVenOufdgRmxDMbU2fi761wz_MiSHk2BGmJJYlORUMJ5s,Paul Ciesla,https://play-lh.googleusercontent.com/-W6DlKZfcg7s/AAAAAAAAAAI/AAAAAAAAAAA/AMZuucmjRlHZi913aKY60ya0TRhbZfL0VQ/photo.jpg,Kumk6,1,0,2.3.5,2020-10-15 01:19:11,,
gp:AOqpTOG6BxGt7l_MIgORkFnZ4vfCujuCpR2hLDMy4Zx8-JDMVUbu1kxSx0T7nZ6rs_DYixzPCcYxDoTjsw1iu0M,Philip Hamilton,https://play-lh.googleusercontent.com/a-/AOh14GiC5Z6Ew8ztHZyPUPEq7dLNRSyv-5iJWd_NKVXa,"I have my phone set to auto-restart every week for performance reasons. Anytime my phone is restarted, I have to start this app manually. What am I doing wrong? Why won't it start on its own?? I've given it all the requested permissions. Send help.",4,3,2.3.5,2020-10-07 13:59:15,"The app HAS an autostart function, but your device seems to prevent it. Depending on your smartphone model you may have to manually permit autostart for apps.",2020-10-08 05:58:27
gp:AOqpTOFmIfWna7rIDM_cboaA-HIutWiYQBD1l-MWriFIwkv70DNeRVXUQPJH6wva3pRzTNtdzhSj1cZFLRhN3ko,Hamad Al Mehrezi,https://play-lh.googleusercontent.com/-HY7H3oXnnG4/AAAAAAAAAAI/AAAAAAAAASE/AMZuuclLfkIZkV-pAAdgB7CbdogcYEG_vA/photo.jpg,"Thank you very Much Alex, its one of the greatest and most helpfull apps I've ever installed, Thanks again",5,2,2.3.5,2020-10-07 00:35:02,,
gp:AOqpTOG54E_Je6ZpWt-5K_nSBx6aFxOys2bADxNa4L0TGMVFCG6rvcyJlQLk3FrCvxHfYTcwG5mUwqAPJ-CIM6g,Bill Falls,https://play-lh.googleusercontent.com/a-/AOh14Gg_10GkwL4gwZ3JzuhVBTthds596W0nYZ37MKoOogk,"Smart WiFi Selector works as advertised: switches automatically to a nearby known WiFi router as you move out of range of another. Just what I needed for my Android phone, and the envy of my wife whose iPhone apparently doesn't have access to a similar app. Minor gripes: setup wasn't easy, so I ended up with a different name than I wanted for a WiFi extender. No prioritization so an extender is often selected even when our main router is just as nearby.",4,11,2.3.5,2020-10-06 22:28:28,,
gp:AOqpTOEthLe-JfKfyj1ZgvUeM-YucXH6YQoDVuiMrdFn5fAbfNbbfnmktzrS87uTAMuznaAvMrV0_e1plCuNteo,Bento Pereira,https://play-lh.googleusercontent.com/a-/AOh14GjoiK0AtTM__KTgw7fS_gMqJbxJYz_e4Jn6mWbQOVE,"So far works great, quickly switching to the best wifi signal on my house.",5,9,2.3.4,2020-09-27 11:32:48,,
gp:AOqpTOEkL-QbNYDXBTp5QjJR8GV1nIvkrJnXkmCXo_BkNcvkuAs0GN9GSMkSEPn0Yr_Tjg-mpYetO3yN8pSKhCE,Mj Leeper,https://play-lh.googleusercontent.com/-fCX8EkdZJRk/AAAAAAAAAAI/AAAAAAAAAAA/AMZuuclJoC4oC_NO4QoMZunlMy4HzIGKnA/photo.jpg,Too confusing. Still haven't been able to get my money back but atleast they responded,1,0,,2020-09-27 08:19:41,,
gp:AOqpTOE6A1FQvoQxcGMFjsxFAK3JNSg-PN9BdoqEmXtiqG9pEJPQWY3WFM8-8O1LDaO3XnZNkaHdCZLy_D258NM,Marijane Leeper,https://play-lh.googleusercontent.com/-7OcCdNUYjk8/AAAAAAAAAAI/AAAAAAAAAAA/AMZuucmhgqXq6VCIjNu3kqFrCsUIBdW6Vg/photo.jpg,Never got a refund and asked where to find the order number but here we are,1,0,2.3.4,2020-09-15 02:43:57,You never provided me with the order ID which I need for refund. I have answered your email and told you where to find the order number. Also it would be a good idea to look at the Google help pages.,2020-09-15 03:35:05
gp:AOqpTOHe8SXqllxHKoSPX0cd3tc4gqlAsCzwAqw4CZlq530MWcvZJQIYFYUMWFtHvjkYyrM2ovnd74qhbDM2xcE,Jacob McCracken,https://play-lh.googleusercontent.com/a-/AOh14GhIkNJ4-PSveERDQEEt08AWRIaQ9SpeVmFA84c,"Only works half the time. **Edit** works like a champ now... the instructions and help could definitely be a whole lot more clear, and should be re-written in a way that even the least tech savvy person could interpret, but I have to say once I thought like an engineer whose first language wasn't English I was able to get it to work exactly as I needed it to. Definately needs an update to make it work easier with the newest versions of Android... that or WAY better instructions!",5,0,2.3.4,2020-09-09 19:04:34,"Then you haven't configured everything correctly. Read the help carefully and follow all the instructions, then it will work fine.",2020-08-02 12:29:59
gp:AOqpTOF_CxKgYK8RsS2yVlEMhhssA1nDOLxQk86rPZFleqQqWwyswKOoadKLR07H_vO3PwzhjaqULu56L5ZeXDE,Patchouli Colt,https://play-lh.googleusercontent.com/-T6xrN5LR7Gk/AAAAAAAAAAI/AAAAAAAAAAA/AMZuuclSz5wPjCaYhyc1D_4FjrTZsTHAHw/photo.jpg,"Confusing to set up, but once you've got it right, it works great! Switches my 2.4 GHz to 5 GHz automatically, as well as between 2 wireless routers.",5,0,2.3.4,2020-09-04 21:15:27,,
gp:AOqpTOFVGrUv0YvpgTLvgPT9NsKdTJccgYgArKMefVbbu-nVGVzh7ZpNM7XZBKF11FUAPxDhtyodzP99CFi9eEQ,Michael Crabtree,https://play-lh.googleusercontent.com/a-/AOh14Ghel6ImCf6_s1SkBLIyjy--snslQxaNKKFXNOd5vw,"Works flawlessly! It would not work before, but the updates have made this app indispensable for me. It picks the best network everytime. This is well worth the asking price!",5,0,2.3.4,2020-09-04 15:17:40,,
gp:AOqpTOHoMMERvf1HDboZ91Cu5mC3WQKfhx9A-iYyv5SIxq4jcbyz-2POnH4sYqNkJZ_JkjmbL07uZ5YezJbEkLI,Christopher Kapellakis,https://play-lh.googleusercontent.com/a-/AOh14Gi6u6SbkvgcG7uYUG9If_EfqBmaxTQGNUyAjSu5WQ,Not work correct after android 10 upgrade.Samsung S9. After last update it seems problem is solved .,4,0,2.3.4,2020-09-03 23:47:39,On Samsung devices with Android 10 it is necessary to set up app-own networks to gain the required permissions. According to several users it works afterwards. You can find information how to set up app-own networks in the context related help.,2020-02-07 11:59:25
gp:AOqpTOEQuEsfgHl_fwotH7RpxQ2JcUEqzP4WdTErZl3mBLjvHdOLrDA8DHF-d4S9pWbHokStiKmjluTq7pO0Dz4,Jeremy Smith,https://play-lh.googleusercontent.com/a-/AOh14GiNvc35nbBUfSn37L7yq5XWZ1ZK61s4K7TBUyBBvj8,Right when the free trial was over and I had to pay it stopped working!,1,0,2.3.4,2020-09-02 01:30:21,Trial and full versions are independent apps. First make sure you have uninstalled the trial. Then you have to do all required settings again for the full version which you did for the trial.,2020-09-02 03:49:23
gp:AOqpTOGbnavvIK-oGSiglEkG4z8kxk1RzD4tMROkDXezq988iVNVc07NCIvVD8DIeVj6kjlBk1lBC9w2Ynxm4E4,Tony McClung,https://play-lh.googleusercontent.com/a-/AOh14GhsUqegDa5oFr-QCANLrpsd8mmie47DLAHj1Jnd,Over a year now works exactly as advertised.,5,0,2.3.4,2020-08-30 01:24:50,,
gp:AOqpTOHli3xsnZNWWbe5jOyVUCgozlaaRIwIOx8dW12LsC-Gbswowgb3CG2QwnpcYCBX74VjFdpIych_OlanwnA,Charles Collier,https://play-lh.googleusercontent.com/a-/AOh14GjUuyHJG9TUiuOb8Cker7CeURiXhd9fGTON8_OHC_8,The vendor of this program get back to you very quickly. He fix the problem I was having it was working but did not change names of the WiFi. Works great tks for your help. I been using this a long time it work really well now with the update on my phone os this no longer works right i try all suggestions and read the help even did what he suggested still does not work it keeps going to 2.4 gig when it should be on 5 g and it s stronger signals but i guess with os 10 it broken so uninstall.,2,1,2.3.3,2020-08-24 09:34:06,"Have you also set up app-own networks? This is required for Samsung/Android 10. Most of the users with Samsung/Android 10 giving 5 stars. If properly configured, it definitely works, even with that combination. For more info write to  support@at-programming.com",2020-08-24 09:51:30
gp:AOqpTOHpgJM8Vdmo71cohrAGVl1IyOUiCBWARGOFTAK_VfcnlzoFdjXluO0MIYqUqo0qOzY0z2rahA7IiN1vA14,Aharon Gadot,https://play-lh.googleusercontent.com/a-/AOh14Gi_MDHXhXKcqrmxh4MOUnNBXZ24hGoFD-eGRNb-,Trial application worked like a charm. Paid apps sometimes works but most of the times does nothing.,1,0,2.3.4,2020-08-24 00:27:17,"1) Make sure you have uninstalled the trial
2) Trial and full versions are independent apps, so  you have to do all required settings again. See instructions in help.
3) Battery management doesn't  kill the app immediately, so you may not have experienced the issue whith the trial. Configure it properly.
4) More info: support@at-programming.com",2020-08-24 05:39:02
gp:AOqpTOGz9OKxQVFFw59sjLQE4-sjAubdaovm0Yxx58uUIyAwSFN2qJniS3ByPjdUdTYZMc6AgRhUStvqywjUCb4,Jannie Visagie,https://play-lh.googleusercontent.com/a-/AOh14GhjxpgadK1Ys2hxq27vJCnA6D44m63haCr42SxnOg,Very very good..,5,0,2.3.4,2020-08-23 00:31:52,,
gp:AOqpTOHKb9ZTnIuZzNhlWq236LdJzpUcLReFRWTpDRWf_KiUBMiv8pjRQzr9x4Gg5uMB9g0sE6YnFsJBQyRbJb4,Robyn Aston,https://play-lh.googleusercontent.com/a-/AOh14Gg9HcclaDwEjzqyMwrw37cs5a7o56kOQBGfJl0RFA,Very effective,5,0,2.3.4,2020-08-18 07:44:38,,
gp:AOqpTOHxbMgd_cHZ02a-RJhZA2D4kIFDvlbwIJ2YGbmYwjM8ThhKFAFbSNlc_0rGD-jq6PNmUlqyeT1V5l2d7i0,Allen Johnson,https://play-lh.googleusercontent.com/-K39bSGHfi2c/AAAAAAAAAAI/AAAAAAAAAAA/AMZuuclFPSyKprpwbThEyzrCD_AOQ8Vv3g/photo.jpg,Definitely worth buying after I tried the trial for a few days. It overcame my mistake that I thought my new router was mesh capable. Instead now my Samsungs are mesh capable and seamlessly switch between the variety of wifi extenders I have around the house. No battery drain noticed. I like the 5G favor option and the ability to tweak other settings. After a day I forgot it was even there...I just know I have 50MB plus connections automatically no matter where I am in or around my house.,5,0,2.3.4,2020-08-17 20:51:01,,
gp:AOqpTOGqECGDExJvwYZxkLllbG7yup-0f3ABN24uSpqX84GHv_cPJ1FDRanyxSge7HgvCCQ5FTEcZ6fzubO-bI8,Jeff McMenomey,https://play-lh.googleusercontent.com/a-/AOh14GhJYzj6n-420YSf5j2eBQnWHTnt_PFc4G9ho-nipA,Finally something that works to keep me connected to the strongest WiFi signal!,5,0,2.3.3,2020-08-13 20:04:34,,
gp:AOqpTOGjVoBIUWM9svxTx9cGKBUlwh9ll0XHgv337q7SrZ2gTtLi1MSHrFuMEF0r4BODIiZ7h8kyuBiv1SdBzHo,Ashley,https://play-lh.googleusercontent.com/a-/AOh14GiCsfYWkzdWY1jb-erafeRJh3kf2lXUtnbdwCt0,"The developer will respond in an aggressive way as he/she does to all negative reviews. The app is a rip off. Doesn't work. Yes, the developer will say I am the first to complain... He/she says this to everyone that complains.... Order reviews by the lowest ratings to get a true sense of the app.",1,1,2.3.4,2020-08-13 12:05:02,"1) Most of the complaints concerned previous versions. Recent reviews are mostly 5 stars.
2) Before giving a bad rating, you could have asked for help with configuration first.
3) When it really doesn't work on your device you can request refund at any time.",2020-08-13 13:56:55
gp:AOqpTOEmxpUr-rCOsLEv1ZUIMjioCN7GBuwwLuSd-BNwNfJZmLYfNmEh7T2a16qehBaT-f2SkB6SPPM-4pWlvYo,Rohit Kishore Gupta,https://play-lh.googleusercontent.com/a-/AOh14GgbuEqCmqn-q-TNzi0LcNZ8jcJOXqhALcTGXgNK5A,Used Trial version for 1 Day and then simply bought it. After Swifi (does not work anymore) this is the only app that does what it says and actually works better. Thanks a lot.,5,1,2.3.4,2020-08-11 06:38:45,,
gp:AOqpTOE8YvI2LNdvzMTbIIpFGSXiCuZ2z-GmKn1EtMpRH_abtML48aDwyv_eFHYZ82LiSENKrFcxTsWu42Ua_pQ,Jon Anderson,https://play-lh.googleusercontent.com/-7YqyEWMPTH0/AAAAAAAAAAI/AAAAAAAAAAA/AMZuucn1TuSNr8PwA5WE7WFzARAPY8SJCw/photo.jpg,Very good app works very well with Sky Q setup with multiple access points with the same name and a second network at the other end of the house. Take time to read the instructions and adjust for your setup. Fantastic software the developers have really thought about this. P. S reading the other reviews many of the bad ones are because people have not read the instructions and have not set up correctly.,5,0,2.3.4,2020-08-10 02:30:02,,
gp:AOqpTOGOoPgZdDl5Qku8JOvk2YQ-LlB1ZsZoYm-4gSIutcinfjbJRC6X9lZk_Ac9EIBkJAr5NCg61W-FT-CpkRc,Daniël Ubbink,https://play-lh.googleusercontent.com/a-/AOh14GhRvlqk2sgwiZaMP-p36a12LN-onIYjqF-CYAiZBY8,Only app that actually works! Would be great if alias name could be given to a BSSID.,5,1,2.3.3,2020-07-15 13:05:16,,
gp:AOqpTOFNtV4kt9-1zAKQfY-wRSvEWIRDPZz8K6cQY-D4lRquK6mJ18vdA262quL_azepEGWJkPVz10oi47KlLNA,MelDan,https://play-lh.googleusercontent.com/a-/AOh14GhrcmThNuof2KWsXIyXfgPLdnkW3cvZXRnJv58SfA,"The only wifi switcher I have tried that is able to easily switch between my home networks of 2.4 and 5ghz based on the desired strength that I set. Others were able to switch to a network that had higher priority, but could not move to a lower priority connection if the more desired one became too weak. I also appreciate that it is family shareable. I can't believe how many people don't read instructions for proper set up and leave a bad review. The help section has all the answers!",5,6,2.3.3,2020-07-13 12:50:35,,
gp:AOqpTOGceFwcd09yWyo8TIHiQvoQXT-WGepBcvCs24HDreMn_okjVPrCc47c8maQqy199EvLmqbfmO7-0tL-XHU,Terry Hartnoll,https://play-lh.googleusercontent.com/-lnV2bA4BMd8/AAAAAAAAAAI/AAAAAAAAAAA/AMZuucnbgSjNVk2va0CKSAC8QNi9TFQm-g/photo.jpg,Just what I was looking for. I have a dual band wifi extender. It switches between my main hub and the extender seamless ly. Worth paying for too.,5,1,2.3.3,2020-07-12 04:21:56,,
gp:AOqpTOGamuCYjqHszTzqUcWC4eocd2wOIQ6ZuA6qAf1YhovBDmKooLFkOq768xdwXramo8qOKPfDSrMv3VXycts,Chris Barnett,https://play-lh.googleusercontent.com/-J5CdC7gjub0/AAAAAAAAAAI/AAAAAAAAAAA/AMZuuck7QVXoXmvpUqfjDNa7ffcXv3_Vng/photo.jpg,"I use WiFi extenders for difficult signal areas on my property and this app is the only one I've found that switches seamlessly as I move around. The developer has done a really good job and it is so well worth the money. If there was a 6th star, I'd award it!",5,3,2.3.3,2020-07-11 13:41:06,,
gp:AOqpTOGONle5NnLjVLniLaTSkDfTlKyW0mU_KYJweWWLsxgVsF1XYg7rBFTsR_Ql-EA7Awa5s4NMklgLa7IfXmw,Steve,https://play-lh.googleusercontent.com/-fd7F__eNtIA/AAAAAAAAAAI/AAAAAAAAAAA/AMZuucmDXRvNE2eXdt_OlLdLGeRl-j4Uzg/photo.jpg,"A great App. Probably one of the only working WiFi switcher apps available for Android 10. If it's not working properly then you've done something wrong, or you haven't set it up correctly. Kudos to the developer. Thanks for the app.",5,1,2.3.3,2020-07-06 02:31:03,,
gp:AOqpTOF6Q9V5uoA5n45aA8BeB7Otoatp9qGtahfLM8NDi0OrlsrLi3pHc4ni-Cwy5ag7As4nF9Ta1Z2dKJE_bAo,Krisjan Bodenstein,https://play-lh.googleusercontent.com/a-/AOh14GhURt_DWjmBqhr8SVvE_GtmzP9NnB40__ilgxcJOg,I definitely recommend this application! Does the job well. Way better than some of the other apps I have tried!,5,0,2.3.3,2020-07-05 12:28:30,,
gp:AOqpTOH2e3Yi_lokrGTQisTyImsFYCXLoWavYqsRaMtojhSrXcqmQb7VusgAe3FDUoEhohY4c4Aese3icKjPvcI,Tom Gillotti,https://play-lh.googleusercontent.com/a-/AOh14GijNH1R4KWRCupWiveXN_q_ww1enI0xfBp13EgAAg,"I'm so done with this app... it used to work, just not well... now, it doesn't work at all.",1,4,2.3.3,2020-06-27 11:56:43,"You should ask yourself why it works fine for other users with same device/Android version ...
On Samsung/Android 10 you have to set up app-own networks, what is also mentioned by a info popup. Read the help carefully and follow the instruction. When you properly configure your device, it will work.",2020-06-27 12:31:05
gp:AOqpTOG4QvGHGUrFD4wGj1Ga60uZXeAbiGn6ELxR_2zOMJNIo7SUFMgOqr9FcrdNpfrgY4Cb9AoZfllGB1QwdHo,Brian Evans,https://play-lh.googleusercontent.com/-hx6eRw7Fqq8/AAAAAAAAAAI/AAAAAAAAAAA/AMZuucnoDKqOkzeCB3tYBXZiCH57BpzgIQ/photo.jpg,Outstanding app. I have used this for about a year with little to no issue. There are times when you will need to turn it off. Like setting up a wifi connected smart device but other than that it's really awesome. I work at a facility that covers 10 acres with many indoor and outdoor wifi APs. This app solved all the poor wifi connection issues I was having with my phone. I highly recommend it.,5,6,2.3.3,2020-06-21 05:15:34,,
gp:AOqpTOGN7r57XVAu53Ss4-FOxONF5wrHCuayrl5KsUhuJxJAXm7TAfm8axp2oaHWFBluJF1Tn2UqZ1OaKtdyl94,Atanas Chukarski,https://play-lh.googleusercontent.com/a-/AOh14GhcPws59l5W___cgEKl6HnngZpFmN9WLrpJwqDSAA,"Does not work propertly. Singal -88, does not make nandover.",1,1,2.3.2,2020-06-20 09:51:20,"There is a detailed help. Follow the instructions regarding battery management, location settings and  app-own WiFis (required for Samsung/Android 10). Then it will work.",2020-06-20 14:53:19
gp:AOqpTOGDVU8FIYOw3k2vhOife7Rvb1_65SrwxDT0YEH4eEzVy0EZ5iS2DzwL2LqPfI-Ypr4I_aqrU4kpLL0AfV4,George Jones,https://play-lh.googleusercontent.com/-vpU97Rp6KFQ/AAAAAAAAAAI/AAAAAAAAAAA/AMZuucm1KezViBUaByvl5ljS_RhTt4uHBA/photo.jpg,"As promised, I have revised my rating to 5 stars. The latest version (2.3.3) has resolved the outstanding issues. The app is now working perfectly, seamlessly switching to the strongest signal wherever I am in the house. The improved 5 GHz preference algorithm really makes a difference. An excellent piece of software.",5,5,2.3.3,2020-06-16 14:14:56,With the update to 2.3.3 the issue should be solved.,2020-06-16 06:45:59
gp:AOqpTOFRfnB6LT5yG0EOC6nRuYbO9jCFzUh0y7aAnl45ASaqKoPWApDUpF-O51I0rfYywLzST4GBOO729aSQ1LI,Mark Kleijweg,https://play-lh.googleusercontent.com/-_HJ52RH4FGA/AAAAAAAAAAI/AAAAAAAAAAA/AMZuuclrp4F1C0KQKPj8WP7SraEcFnybJw/photo.jpg,"The only app that seamlessly switches between my 2 access points with the same SSID. With an interval of 5 minutes, the battery drain is minimal. Used on an LG G8S",5,0,2.3.1,2020-06-08 11:22:44,,
gp:AOqpTOFuSIPLCYsDNVwh0lI2zSzP4DCS620PsK7_Jsr0nZvN4o-1x7WUt7rKg44DdobCxXY50G2rC_XkIQ_RSng,Dale Fields,https://play-lh.googleusercontent.com/-WmI02LhT0NU/AAAAAAAAAAI/AAAAAAAAAAA/AMZuuckhEif19A8IPYd1tjWUw_TBETOcvw/photo.jpg,"I followed your help directions and everything is working flawless running Android 10 on Samsung Note 9's. I have at least 8 AP's around my house, workshop and 11 acres of property, all using the same SSID, and your app always switches to the strongest signal. Thank you.",5,0,2.3.1,2020-05-25 16:09:19,,
gp:AOqpTOH-5kSg6YbQ5yXV-3LNBK8GMD5HykuuC8T_sFW-yZD_bLqx5_zNAVhd7KecG4csJ2f_nAhjbqIy1MdAKW4,Ratnesh Ojha,https://play-lh.googleusercontent.com/a-/AOh14GgJSX2v9cFxNon09-g2fdyO-PW-Rkr6rJWVdWe-cw,"Ok, on your suggestion i have written to you using email id provided. Please check end this disappearing act of the app.",2,0,,2020-05-22 05:19:33,"If properly configured it defenitely works. If the app stops working in background then you haven't properly excluded the app from battery management.
Also make sure the location permission is granted always (even in background) and not only when app is in use.
When it actually doesn't work, you just can request refund (support@at-programming.com)",2020-05-21 11:05:11
gp:AOqpTOEihKZ9HXU1u2l8FyRnbm2TMh-Ce9K5gXv9O35GVwxifUFhh24aEk1ELyUhRyjwwhGPw_rCK6ZhgBX02eE,Krassimir Yordanov,https://play-lh.googleusercontent.com/a-/AOh14GjbhAKVFTjPsG4BRrMe1c_Nr_cDaoFEMQQ2mtLIyQ,"Samsung Galaxy S10+, android 10 - not auto switching to 5GHz. Used to work before. Looks like money wasted.",1,1,2.3.1,2020-05-16 23:45:55,"1. On Samsung devices with Android 10 app-own networks are required. See help for information about the setup. 
2. Make sure the location permission is granted ""Always"" (not only ""When app in use"") and location service is enabled",2020-05-17 06:54:56
gp:AOqpTOGK2WwTxPGXHelvGFuYpky-pAVsX3mvYSK8xM3Z7QeQDsaTUv8NEeeqyxy0rknMu6UQLiQA9hJYm6xVwAY,Adrian Walters,https://play-lh.googleusercontent.com/a-/AOh14Gj-1aGRVd4Bdejx-3elUff_aP-T2obS6QCI8SZhpQ,This is an updated review. The below response was from the developer as I was having issues with the full version and connection. I did what he suggested and it works like a dream. I feel I must now update this review after using this 24/7. Don't hesitate. This app has never failed to move to best wifi signal. Not once have I had to swap over myself. It works like no other app I've tried before. Worth the purchase no doubt.,5,1,2.3.1,2020-05-16 11:13:00,"1. Uninstall the trial
2. On Samsung devices with Android 10 app-own networks are required. See help for information about the setup. 
3. Make sure the location permission is granted ""Always"" (not only ""When app in use"") and location service is enabled 
4. Make sure the app is excluded from battery management properly",2020-05-04 08:30:16
gp:AOqpTOGaRQxwuBZ-ai6BJXlTSZ2HA9u9gcGTuJxJZsUFZIzxX5dMAAEnvowTdQMyUk9UgaGzBvRsk0MYJW8cw_s,Zack Gil,https://play-lh.googleusercontent.com/a-/AOh14GgL6UABT2YttM-mwS1iXZLPfADQ9ye1Nb-8q-DLlQ,"It used to work well, now it works whenever it wants, almost never.",1,0,2.3.1,2020-05-05 09:02:37,"1. On Samsung devices with Android 10 app-own networks are required. See help for information about the setup. 
2. Make sure the location permission is granted ""Always"" (not only ""When app in use"") and location service is enabled",2020-05-14 07:48:03
gp:AOqpTOFcbznsjvQ5bpgOz8BTZWqzQS-2H6DEq6GjnLgYoQZ2TvR0WROjul0vwedR7oxTQtgxEmEW4URVNQTgtfg,MK,https://play-lh.googleusercontent.com/a-/AOh14GhWii-ISnFUQEnNcjUfetm0rmHYmu13t2IddvDFZA,Update: deleted wifis and added through app. Seems to work again. Rasing rating. Has not worked reliably for about a year now.,4,0,2.3.1,2020-04-18 12:25:48,"Then you have misconfigured something
1. Since Android 10 at latest app-own networks are required. See help for infomation about set up
2. Make sure location permission is permittet ALWAYS (not only ""when in use"") and location service is actually enabled
3. Make sure the app is properly excluded from Samsung's overly aggressive battery management",2020-04-18 11:55:15
gp:AOqpTOHuG2Shqqg812pbtEEUFSPd92V9mzlsoJJ_K16Fxpv1mQbjqO6BTKOVavweipAStdCBkyWJHYdEp87Pd1Y,Robert Woodcock,https://play-lh.googleusercontent.com/a-/AOh14GiH6JgoLdFXt9JxvYkvVoff1KkFgq0oOFBk6LNQ,Worked fine until this year. Now doesn't work at all 😢,2,0,,2020-04-16 03:06:39,"1. On Samsung devices with Android 10 app-own networks are required. Please see help for information about the setup. 2. Make sure the location permission is granted ""Always"" (not only ""When app in use"") and location service is enabled",2020-04-17 08:33:49
gp:AOqpTOHg4hdoKtTtdDWmQPD0tbS-fR5e4u2wXPO5orWGo5NKK0M2LgkUVB6flxS2wgP1US2w7cRvnPWhncD5gZ0,Lukas Krabbenborg,https://play-lh.googleusercontent.com/-4TZwDPLHk9o/AAAAAAAAAAI/AAAAAAAAAAA/AMZuuclQq_RVyivhjZCdZiCPwy3Td3oVlQ/photo.jpg,Nice works again!,5,0,2.3.1,2020-04-13 05:51:51,"1. On Samsung devices with Android 10 app-own networks are required. Please see help for information about the setup.
2. Make sure the location permission is granted ""Always"" (not only ""When app in use"") and location service is enabled",2020-04-12 08:35:08
gp:AOqpTOFLqsY9sD7-iqSc1l67QVr8v2J55c4jh_poD2XcVinnClfC-D8EyBdgQH31bZFxXDNR_iTNAjtcnwnC90g,John Crawford,https://play-lh.googleusercontent.com/a-/AOh14Gi1jbYWD9X0mwg-3eqk4xnaWoouYQe4vmcYQFfLZQ,"Once I switched to ""app own"" it seems to be working. Will continue to test.",5,0,2.3.1,2020-04-09 08:28:29,"1. Make sure the app is properly excluded from battery management
2. Make sure the location permission is granted ""Always"" (not only ""When app in use"") and location service is enabled
3. On Samsung devices with Android 10 app-own networks are required. Please see help for information about their setup.",2020-04-09 08:25:35
gp:AOqpTOGPW-ajXb_qnDnQSKxY1pH9URtVd0rXSIa2wBjehgyCphD6-ecnMxIw7ul6YSl6TuOiCiFv77OPjNg7K1c,Cary Zeitlin,https://play-lh.googleusercontent.com/-pF7CdXjFWRc/AAAAAAAAAAI/AAAAAAAAAAA/AMZuucl7_8MQlAa6PCLTQumQBvzGNUrhWw/photo.jpg,This used to work very well until recent updates - now it doesn't work at all. Very disappointing to have something that used to be reliable suddenly become useless.,2,1,2.3.1,2020-03-31 14:45:51,"Unforunately, I can't see which device you are using. I can only guess it's am Samsung with Android 10. You have to use app-own networks to make the app work on those devices. See the help for information how to set up.",2020-04-09 10:15:16
gp:AOqpTOFinD0QReZtKojt9oPCvLP81tUEoOl7n4QU4nU9FieJ4_08ZNlAatQV1DTRRFwEpIPNw7R3K3WjGqF2HLw,Ben Sykes,https://play-lh.googleusercontent.com/a-/AOh14Ghl0LMxOS71zK8c9oqP6QSjvEK8_7-ZISXc5Eym,A great App. Does exactly what it says it does and improves wifi experience enormously around the house.,5,1,2.3.1,2020-03-28 14:38:30,,
gp:AOqpTOHP9DXUvcqvOF6m1ENhmNCTUmZqoytIgnivphUsus-KmcOh4SIEazFbMvNO033bzZkcNRyq6NMAWXJzxHg,Michael Master,https://play-lh.googleusercontent.com/a-/AOh14GhT8GY-Q0SRfxECKrfZPGZpkSniiOc2ZIhg65Qq,"I've purchased it twice, one on my g965f and on the regular s9. I have latest Android 10 update. S9+ is rooted, the s9 is not. Both phones have use app networks checked, excluded from battery optimizations and all other settings tried. No matter what, I'm ending with really often switching of my networks, like once in a 1 - 2 minutes. Even when there is no scan performed, cause the signal is strong. I'm then reconnected to poor signal strength network and back.",1,2,2.3.1,2020-03-22 06:14:50,,
gp:AOqpTOEa1WjvceVlrQkpr2SCwucEhtAUJXt5Z9hRSv8bA414ZGE-w7MVG5SN_7NrewLhF40McxuGpld_alpirQo,IanB,https://play-lh.googleusercontent.com/a-/AOh14GjGMuBUwOhqhyxi9P992GXsDITO_ZDKonaPLnb_TA,Edit 08.45 CET: Tried AGAIN forgetting WiFis and scanning and reinstating in AppOnly. Now IT WORKS. Always was a great app. Back to 5 Star rating.,5,0,2.3.1,2020-03-20 01:58:57,Great! Thank you very much.,2020-03-20 12:49:12
gp:AOqpTOEPRkCRNUQ-Tw2M_MhtzoNa1GsmVFJhPKV3npH--eGlF1rx7zrVi-FS_UkXFHrdKJSWd-YEtDnERkjO3_0,OldMan Bill,https://play-lh.googleusercontent.com/a-/AOh14GjzhFC1rHhYa2f7g9g5aX9IM4a734n0lOv4qKuIr6A,Works Great!!,5,0,2.3.1,2020-03-15 13:30:30,,
gp:AOqpTOGhOJgeXSggy4O7cJeTYdLbFhjtq1K_pn0IpzbIKTmTrnSvF-DViXvSR83dWNND_HaX240n6ooYfiPy2fk,Patrick Hung,https://play-lh.googleusercontent.com/-TIHL5SOtAEc/AAAAAAAAAAI/AAAAAAAAAAA/AMZuuclre4Vxri1RgMAIbONQvXJ7mKr1Zw/photo.jpg,"Same with other user/reviewer, used this app for so long and used to work great. However since upgraded to Android 10 on S10+, the WiFi no longer switching. Tried the suggest ""on-app WiFi"" method but no luck. Better fix it soon, or may need to lower to 1 star.. Update on 05Mar20 I guess I might have found the problem. You must select the Location ""Allow all the time"" for the app to work. Now the app runs normal, finally. I just wished the developer can tell me then I figured myself. 3 stars..",3,3,2.3.1,2020-03-05 08:20:05,"Samsung has implemented ""features"" with Android 10 which are not stock-Android compliant and undocumented, so it may take a while to solve the issue.
But I have confirmation of 2 users that it works with app-own networks even on Samsung/Android 10. Maybe you have a battery management issue. Samsung changed something there with Android 10, too.",2020-01-23 03:45:49
gp:AOqpTOHXmEVPtWorK5Ugt2Yc8bVL4aK-OZH_gIePyM39_7DFkF9vgGyBgr_tHAbJ8wJbPCSSGRBpdqakj9siYwo,John KY Tan,https://play-lh.googleusercontent.com/-FgVDcIbDFvc/AAAAAAAAAAI/AAAAAAAAKHc/AMZuuck0_648ZuRb3eFoQakHmHTDhBOn7A/photo.jpg,"Delete system WiFi setup, add WiFi in this app. Auto switch Works in Android 10 Gnote10",5,0,2.3.1,2020-03-03 20:58:33,,
gp:AOqpTOFnC-rZAs0YdW6Hfzv8aiPzBDYkFwxAhOT2m5zg03ezZSqJzWTqxhYCFzkvC_ruR5mLfQ0cyaCr76x5elk,Ratnesh Ojha,https://play-lh.googleusercontent.com/-HOUscYVEHIQ/AAAAAAAAAAI/AAAAAAAAAAA/AMZuucl_ovhaJumo-qpmavmTE7hVecyJUQ/photo.jpg,App closes on its own and is not running when required. I have to manually open app and then it works for 15-20 mins before closing again. This negates the whole purpose of installing this app. Update: i had excluded the app from battery management. It runs for longer time niw but still closes on its own without any warning. Pls give permanent solution.,1,3,2.3.1,2020-03-03 09:46:08,"I really can't tell you how to set up your device. You have to inform yourself about how to configure it to allow an app to run in background permanently. Every vendor have special settings. When configured properly, the app works flawlessly.",2020-03-03 10:21:30
gp:AOqpTOHgahhX1uuDVdBDrjI5oOi1DJNg3s_g2T4PbaQHiw7vuYQ7tyAFXYIAeIKLLbrHLdv-47i8tItzE-hB1uA,Simon Wheeler,https://play-lh.googleusercontent.com/a-/AOh14GhVqg65XdM74PTO6UKR7KEJV3HDEgx_TuMYF3z3Rw,Works as described. I would be happy to change my rating to 5 stars if you could do an update that would enable the speed of the current wifi connection to be shown in the notification bar.,4,0,2.3.1,2020-02-24 07:19:58,,
gp:AOqpTOEz3X0NSl4gd5I9DYhaA10Q1NZXE0o-X7L-_ly8sMDb8hV4dUx1Oa-euVSvq8Xs8-IVd0gve9odlzIR7mA,Mircea Ticudean,https://play-lh.googleusercontent.com/a-/AOh14GgXJCKFSYvL21xbX7s8_LsbiPrH_2vjMR8XMgcMYqM,"I criticized the app wrongfully, the reason for my wifi problems were elsewhere. I apologize and recommend, it's working fine now. Regardsm",4,0,2.3.1,2020-02-17 11:00:07,"If they had read the help and followed the instructions there, it would work. Many other users can confirm that.",2020-02-04 09:58:01
gp:AOqpTOH_FQaCYf_Xwga2jjuCr1zcmq4CDf9HDQwwkdMdPV-wNUzgRDr_biFpGqh1PYNFYtm-eRZ1hzm7Ud8_ExU,Donald T,https://play-lh.googleusercontent.com/a-/AOh14GgJ2xs5Tzk7--h4qe6jJuF6rwxeKP_wqazUDgD1mPQ,Constantly switching,2,0,2.3.1,2020-02-16 07:43:42,"You have to set up app-own WiFi networks. Please read the help, it's all explained there. By the way, the app is developed on the Pixel (1).",2020-02-16 10:26:39
gp:AOqpTOF-cMCYna_xa0jPu68R24eG7JGM44wp1OkJjxXTY8alQjm8LnAwFYwEYKyPIFyp66FK5_U5LJUK5ADz8d4,Dave Romanyshyn,https://play-lh.googleusercontent.com/a-/AOh14GiC8ZopzpLL3QiDeF5oBiMdnI80QplBnqU4MxONxA,"Does what lt says, but... i dont like how everytime it checks wifi signal my phone seems to disconnect from wifi and go back to mobile network for a few seconds.",3,1,,2020-02-13 17:11:47,"That's absolutely normal, even without the app. The app just gives the command to switch, but it's the system which actually switches the connection.",2020-02-16 10:29:18
gp:AOqpTOECvW79GTaWvhUejjzU6UzNKZhhAgx6cpLMr12jAW04mzvji_vDb6RVDnh9g79AQf84kTA5MQgf3Rg4be0,Justin Roper,https://play-lh.googleusercontent.com/a-/AOh14Ghl_fTQJM4YOKSwZQ3k1GDTQjo03MLYVg_OHDix-z8,Works Great!,5,0,2.3.1,2020-02-01 08:43:15,,
gp:AOqpTOEc---B2ntVtGEnh38aUeWL2vBod-BHNXuJ9QWlyXJhGY4rVJdMhWU6uENKbKvGyTVyua7GABNhwUzC23A,Michael Lawrie,https://play-lh.googleusercontent.com/a-/AOh14Gj8bRHXKdDROOYSYFDQeaVgKNAOIkRuPSeOqM_Y,"I hated this back in 2016 and left a 2 star review; I really wanted to like it but it just didn't ever quite work. But... They seem to have fixed everything and these days it just works so well I completely forget its always running. Talking of always running, I would prefer it if you could set the priority of the notifications so I don't have to search for it low down in the list, and on the rare occasions that I have disable it, it would be good if it stayed on notifications too to toggle.",5,0,2.3.1,2020-01-26 14:12:16,,
gp:AOqpTOG1YL_OwxRKvJ_NVQ1XmGzLnwi7qihDPbK2iog8LjA1sAamtOfh9_Gn1aTzQynq7AeB-kpj3dNTRaG7RO8,Bruce Ostrout Jr,https://play-lh.googleusercontent.com/a-/AOh14GjCHtC7r7-oCsiKITyfQ2YjBZk_TI4lG0u9cg-pOa8,Used this app for years but it's not working right now once Note 10+ was updated to android 10. Now it shows running at normal but wifi never switches,5,0,2.3.1,2020-01-10 05:59:44,On Samsung devices with Android 10 it seems necessary to set up app-own networks to gain the required permissions. According to a user it works afterwards. You can find information how to set up app-own networks in the context related help.,2020-01-14 13:30:45
gp:AOqpTOFc5Sscc1QcWh0BoBpNXaWzn3LnSe63MFm9dCuMWGKLBtrnd-9nl5-1XiMO_c3kJ7NnWuYPXb48hfnl29E,Rick,https://play-lh.googleusercontent.com/-kHJp7yvRx6Y/AAAAAAAAAAI/AAAAAAAAAAA/AMZuuckUynjdsXmUdCOChQQFWbgeG225Bw/photo.jpg,Keeps turning it self off,3,0,2.3.1,2020-01-04 08:03:13,It's the battery management which is terminating the app. You have to exclude the app there. Also read the help!,2020-01-06 09:36:27
gp:AOqpTOE9ig1DjfwHm2jKMKJ84EsXhmtaZw52_9_9XRVW8qN9rYfNa-ke7KUpN89eMs_GcCfuenplnXW0dWL9wjE,Glen Deng,https://play-lh.googleusercontent.com/a-/AOh14GibZdfxrZvMVHbgqdTJt10YrM3shr0Vz7f-PZTyHA,"It works perfectly. In battery optimization set SmartWiFiSelector to not allowed. In app set Connect to new network if signal is stronger than current at least by 5%, set minimum signal strength to 60%. Turn off animation, then it should work flawlessly.",5,1,2.3.1,2020-01-03 02:01:27,,
gp:AOqpTOF0FdAndx8eUd2XvpIZEBzJ7sweV0vJMfUCkYsBNpEv4PWmQZx-9oMfszR4EjeLPgEAtntTFrdzJUdYjgw,Niculae George,https://play-lh.googleusercontent.com/-RCltCzjPRkg/AAAAAAAAAAI/AAAAAAAAAAA/AMZuucl6NjYH-7WuRxqk4yXBPocvoN5B7g/photo.jpg,Works great but you need to put the app in apps that won't be put to sleep in power management menu(samsung s10) And it doesn't work again...,2,3,2.3.1,2019-12-27 16:03:42,On Samsung devices with Android 10 it seems necessary to set up app-own networks to gain the required permissions. According to a user it works afterwards. You can find information how to set up app-own networks in the context related help.,2020-01-14 13:31:27
gp:AOqpTOGtrPVvqNEk9UFEwEIWlQoZ-zQ7AAxB8Pm5PCDN2SVGkaeqRBpvcE5cYnbug_zlcHqk6brMAt09wOgxAHk,WoLF-Feras,https://play-lh.googleusercontent.com/a-/AOh14GiDt3qhc1FZNk-OSilEUNmYww7JFIYG9JSI_7NLOg,App not work anymore in android 10 any help or update ??,4,0,2.3.1,2019-12-13 05:58:02,On Samsung devices with Android 10 it seems necessary to set up app-own networks to gain the required permissions. According to a user it works afterwards. You can find information how to set up app-own networks in the context related help.,2020-01-14 13:33:07
gp:AOqpTOEXxY1PiOrXMLCf0LuGc582Y9kiaqT-8WZa3PwN8Dh1CBJkZLYFF-iI1svbE3AvS-gLU5_HkeY9AgjdK9o,David Harms,https://play-lh.googleusercontent.com/a-/AOh14Gjaiu1ilwa_nVh5LXyCwYZQiaLDGte0fUtvdn0_ogs,"This actually works great! Auto selects the strongest of my 2 Wi-Fi access points at home, so I don't have to manually switch. I broke the house into 2 zones, each with an access point, so there would always be a strong signal throughout the property. And this app decides which to connect to. Thanks to the developer for this affordable utility.",5,3,2.3.1,2019-12-07 15:22:21,,
gp:AOqpTOGzFE037iYCcLeyCUg0uh-llIO1lGP9XY6L_bvpG3NCo1TysBdchh5enXX7mYeVphOiIK2dGFijr8HLLW4,Geetha Ramesh,https://play-lh.googleusercontent.com/a-/AOh14GiTEg1CofLWgwrR-IMWslGwJfWs0a4BaAugLCihnQ,"No use in using the app, there is no improvement in connection or switching the connection",1,0,2.3.1,2019-11-23 01:00:17,"Read the help file and follow all the instruction there, then it will work.",2019-11-25 08:32:35
gp:AOqpTOGcKQsJOoXzlHtXRI4m4Ryzo3wz929xxreuZDgkEj2jY_4wXOzagsfpfvZ7178G1Bq5eI_MWRxB-u4DnTw,Andrew Donaghy,https://play-lh.googleusercontent.com/a-/AOh14Gga_PrnG0nW8jH-L22P9ZJ4cT5figlakUDTS9znpw,Very easy to use and works a treat on my note 9. Happy customer.,5,3,2.3.1,2019-10-31 11:02:27,,
gp:AOqpTOH4VHB4Rkzy78IQIwUxncR8_YetRCob47HE3frwfPXJaEI-GlUhqy_3TXY4i1RJCj_aPyQ3CWHk-TM0gNU,jain rkh1,https://play-lh.googleusercontent.com/a-/AOh14Gioao3QmEV2d9fCm1msBmsEJGAr7kmZi-BuJKY57Q,Good,4,0,2.3.1,2019-10-24 21:44:59,,
gp:AOqpTOEI2xjvvoMvcY1ukzDVGoSGJPxJvDwNQdwgfKIGan96u1_i7lqtucZ0ic4SUq-xWWxvC0eok0CCoBzDEWg,Graham Ball,https://play-lh.googleusercontent.com/a-/AOh14GjfZM_cbctk-kx66jZ3_GjanqTdzsEexx4e_vVi,Kept swapping so much I couldn't maintain a connection long enough to download a firmware update! Uninstalled.,1,1,2.3.1,2019-10-18 06:43:12,Set up app-own networks. See details in the help.,2019-10-18 06:51:45
gp:AOqpTOE4Bt0Rpq0K4rguuSbgc2OzEHKIZQ0OkAKU5oMVLnURJjjWVtsbk0TTdAeEQVTFn8BA3a-aYwx-mRkyd3k,Devon Breary,https://play-lh.googleusercontent.com/a-/AOh14Gi2XTNBmZXcPfeuQCjeFSC0mB8Yhu8CKTS64beFdg,Wifi,5,0,2.3.1,2019-10-10 14:23:44,,
gp:AOqpTOEwNFypQypkfpjmF2PuNRBWun0dcbnjer7KKUStbSITh12CIuVyilZY-vZNCsC1kgjZNQSqsYsScSWDCss,Yuriy Tigiev,https://play-lh.googleusercontent.com/-cQ2B-webNH0/AAAAAAAAAAI/AAAAAAAAAAA/AMZuucn5Mi8D1qkEZ0am1i6LgGodIj5gBg/photo.jpg,me,4,0,2.3.1,2019-10-05 09:19:23,,
gp:AOqpTOEBmoLTONmv_E7z8z8_WexK2AYchnFT7GKgpJrCCBLt0Yrmj-B4JStDBWB9TTRsBhQhoEeQAG26dBEBNq4,Collin Baxter,https://play-lh.googleusercontent.com/-SoBg1No2hHY/AAAAAAAAAAI/AAAAAAAAAAA/AMZuuclS3IaL_sz5FOxmG96BZ0etBXzsGA/photo.jpg,Still a bit buggy.,4,0,2.3.1,2019-09-30 05:30:34,,
gp:AOqpTOFullU9oijSliWF9Rc7MEYS8iJZZit0rAiMUM-nnH9P6lryT_wK6KL6Z4u90o4jGq3tqxrAWIwGVAy2ztQ,hunky dunx,https://play-lh.googleusercontent.com/a-/AOh14GhtM0lL6RZZQQ-9tWr5X7OpC85tGtTKjHq-KNXSnw,"Awful, paid for this and still have to manually disconnect and reconnect; avoid!",1,1,2.3.1,2019-09-30 00:35:48,"1. Read the help
2. Carry out all the measures mentioned there. In most cases it works then.
3. If it still doesn't work, you can request refund. Would be more useful than to complain about the payment.",2019-09-30 04:31:47
gp:AOqpTOFWiC-wCcN1gyoYitun6lDZ0bVx4aa4Dg3VhLU39V5UJgYDZ_WBl6zkiS9cZOaMMqBIdnfnOIXgjjc9_os,Perry Ramen,https://play-lh.googleusercontent.com/-opnw304ioZk/AAAAAAAAAAI/AAAAAAAAAAA/AMZuucmSvPxMwk-sbwkJhvv6iBWrx7pIww/photo.jpg,I have tried nearly all of the wifi switching apps on Google Play to switch my wifi connections with the same SSID. This app is the only one to work correctly. I'm most impressed :),5,3,2.3.1,2019-09-27 00:48:36,,
gp:AOqpTOFjRkN_AfJUgdB_vuCpG1SLJtL9JhFebugT2ZjJAXV_jv4srdmNNgWtf-j-GGjU18ysNHPSHr25G35vfZI,Tony Potgieter,https://play-lh.googleusercontent.com/-jPGHV25WSJY/AAAAAAAAAAI/AAAAAAAAAAA/AMZuuclY3m4VdxtR9XtE2DzYavZ7Z0WQWg/photo.jpg,"What a great app, works very well no hiccups at all . A good investment.",5,3,2.3.1,2019-09-26 11:09:03,,
gp:AOqpTOF8pjV_KqTNvYECs0lqGd422U36YrueyHfpjLscZDWPJ-J5VbOXDkXWQACrj1uDoOlK6WDMQBc5jsh09xs,Daniel III Lapinig,https://play-lh.googleusercontent.com/a-/AOh14GhYP_WOJbpLwdexB0gMos-LL2IE6-LajNb2RypTJQ,Works perfectly! I don't have to manually switch my WiFi connection while I'm constantly moving around the house.,5,0,2.3.0,2019-09-21 22:41:55,,
gp:AOqpTOE2guZ1ZOQ5yXwUkRDTS1uHaXtsV4U8L4FPjAWqDHkwh91b_wHh2_-ctaWW4XeAgRKTIPRFV0Sy49Iu2No,v chen,https://play-lh.googleusercontent.com/a-/AOh14Gi9G3O4OZlh3KjYHclAHPyZBB3f2oJUPyDMlhpR2w,Best app I ever bought,5,0,2.3.0,2019-09-21 01:16:15,,
gp:AOqpTOFI0ZRXY-c8O0Mc1HRmb7eyzkke5EkS53KUMc_KHqLFdQfPPmIW3U152kGCkj1O9D9aeqoVUg43Md2ADmM,Pulu Anau,https://play-lh.googleusercontent.com/a-/AOh14GhBaotYe0AiHVkdobanzLbfWDpoa3kJZVshuSI1Pw,"I moved to Android 9 and was just looking for a tool to switch networks faster. Found this instead which solved my real problem ( a big concrete house with 4 wifi networks). WHY IS IT AWESOME? * The price is right * The app is very small ( 700k? THANK YOU) * It's got a wealth of support options * It's extremely configurable, meets exactly what I want at home, the ""prefer 5Ghz"" option is wonderful. Great Job Alexander Tartar! Would use your other tools, but I've not the need at this time. :)",5,1,2.3.0,2019-09-11 15:39:21,,
gp:AOqpTOFVgYKNulrHCS8M2PC4hRHMtZDL0R6JaFZOWlX96DSfADVBnFfsBFfc9jTE1YteWsMwZyX6Ayh7QaFb7Y8,Chaitanya Joshi,https://play-lh.googleusercontent.com/-BnriIMm9IpE/AAAAAAAAAAI/AAAAAAAAJhs/AMZuucnFfcKqZtqsPpW5bPmKp1XeyBTMbw/photo.jpg,Functions smoothly and perfectly. I never had to open WiFi menu to manually switch between my router and repeater ever again. Also my worry that it will interfere with mobile networks was unfounded. Pretty happy with this minimalistic working solution.,5,0,2.3.0,2019-09-02 14:20:17,,
gp:AOqpTOGX4wsx9DwsG54Eb5gdxSXYwwnp_XETSwbVAdxYiIQ006sHRwEsfsSnNQb9zqlHOaQvT-s9gdgJQhP59_Y,Steve Wertheimer,https://play-lh.googleusercontent.com/a-/AOh14GgOSo4iNNA80AeNq5BoMUxUEWSJXxDQOShq3A94XwA,This is the only app that actually works and does exactly what it's supposed to. It switches seamlessly between WiFi access points on my networks.,5,2,2.3.0,2019-08-30 09:43:48,,
gp:AOqpTOE8OElCoUHNlw3Gvms-sbSWnswZOOux19KZEMVaLN4ssTK4G2JSpzd8CjvjZD0OmC4Gh9KOay0iFDHZFpg,Jinet Jose,https://play-lh.googleusercontent.com/a-/AOh14GiE52y7USzpFBlAXQE_OU-iPs3lckoq3nc5pDuS7w,"I love your app ,very useful for me .I recently updated to note 10 and now it stopped working .Please update your software for Pie",5,0,2.3.0,2019-08-30 00:03:01,,
gp:AOqpTOEwvPzp-XxLf9Yg1zrBDkzappzBY-FNQg44odBEnu6TtjbhpyMJhPoMaXfbWAHXHafrGg1ur9RS76xL2f4,Ian Elsley,https://play-lh.googleusercontent.com/a-/AOh14GjTLbc-NBfIRNwpA2b_x-LYYWeNN08zZkVZ26D2VQ,I am constantly in non mesh environments with extenders or powerline wifi and it was getting frustrating. i kept ending up without a connection or a connection that swapped in the middle of something. I've tried several wifi managers but this is the only one I've gone on to pay for the full version. Oher apps offer similar functionality this is the only one that works seemlessly almost all the time. It's not a mesh replacement but it's close. I almost never notice it swapping. recommended,5,1,2.3.0,2019-08-19 18:15:11,,
gp:AOqpTOHZGOr6P1KaBXxsXs1YFpLagrglOXhaGIYb6uamiuGyoUWjpJaWPaUpN9J5CihOpuUoJK-HBiVg4Hl8ZPQ,Steven Bennett,https://play-lh.googleusercontent.com/a-/AOh14GgVpe_CbBO7YozaqdcmkfcYMFZ3uZOBkBPyRSj81w,"Downloaded the free version which seemed to work well. Upgraded to the ""paid"" version which seemed to work well for couple of weeks. Now the app stops with no indication or warning. I have to manualy restart it after discovering it had stopped due to not switching wifi connections. Also when it is running, the current connection drops while scanning. Very annoying. Removing the app and moving on. Chock this one up to experience, at least it was mot too expensive but still not worth paying for.",3,7,2.3.0,2019-08-06 19:13:49,"When the service stops it's almost always caused by battery management. I'm not sure what exactly you mean by the other problem. When you send a detailed error report to support@at-programming.com, the porblems probably could be solved. There are other users with Galaxy who gave 5 stars.
In case it really doesn't work, I also would grant refund.",2019-08-08 14:36:15
gp:AOqpTOFkaX2MKrIFvrLoT-1RMMS_8Kj493YRq8blMG4AWPq5-IjE1_6TgpfFp0vx0jqYiedzj3zZMnAz0JrBjLU,Michael Guthrie,https://play-lh.googleusercontent.com/-KsqLUmavTo4/AAAAAAAAAAI/AAAAAAAAAAA/AMZuucl0Fdq_qEaT8GPU55G7at7HU_H6iA/photo.jpg,Does what I need,5,0,2.3.0,2019-07-29 05:51:27,,
gp:AOqpTOEGfadhaGhJmFCMQfUKzJCWnzk5qJcxKK3d5Uuxr3A2NPlSRZVc3pLMaLNp7TMFTVnF5ZTx0fmxnSA9ejE,Michail SOUSLOV,https://play-lh.googleusercontent.com/a-/AOh14Gig-o86ylk6bqe3SAoGsRX31o1CvEXDX1EJDLYSB4I,Good App!,4,0,2.3.0,2019-07-18 10:12:04,,
gp:AOqpTOFDV6oq06bsv_SY-v_GOb1IQvA0X6dveiG-167Nf-fzmy5o2CSM08-SV6izNktaR38gRG6Y7BOHFMYiTaQ,Jorgen Tubbly,https://play-lh.googleusercontent.com/-EaV6nChHm_Q/AAAAAAAAAAI/AAAAAAAAAAA/AMZuucn3wSeA11fQhfC5HO9wHZHPF6Z1fA/photo.jpg,Works wonderfully.,5,0,2.2.1,2019-07-11 13:54:05,,
gp:AOqpTOFb-ovcASGxKzFApb2-4IzRoYY1ItAeSQYJClfZ0I-1tTI5lS5IaJ9vSD8vB02kqW0oeSIgg2xj2jjUmrI,Daniel R,https://play-lh.googleusercontent.com/-7lLLS3dxleo/AAAAAAAAAAI/AAAAAAAABL8/AMZuuck7C-yLwJslDVXWml8N13b5v0D9kg/photo.jpg,2.2.1 ver. working fine for this version,5,0,2.2.1,2019-07-06 10:00:02,,
gp:AOqpTOH8IimnIPo_94iVmleS-oqDEnsnUR7AhtyPrm4netqZR8K5JtObdf_81hapFQ98tooa_w6OeA5Z54LtjBg,Peter Emerson,https://play-lh.googleusercontent.com/a-/AOh14GjpJ__3cMQTMlxGxcN3z7qAJAPKHaDicPYltO1FIg,"Just doesn't work on Galaxy S9+ Worked on previous s7, now it does absolutely nothing, despite making sure it's allowed to run in background etc",1,1,2.2.1,2019-06-24 12:41:07,Other users with the exact same device and same Android version saying it's working fine. Are you sure location is enabled? Mail to support@at-programming.com so I can give you debugging instructions.,2019-06-24 12:51:29
gp:AOqpTOEb_LPCaDU8-w-RZBxF6T6Xup7JHJy0PdYa4CjF5zqhdS2etUTTUWzPncABjSvoQ8nmrX-R5aaRyXLxPCM,Nick Speare,https://play-lh.googleusercontent.com/a-/AOh14Ggrn9dEUwTutRikBDoJlYRdyoLx1fGCnTwJ2Rmqlw,Seems to work perfectly as advertised on OnePlus 6t,5,1,2.2.1,2019-06-23 17:07:15,,
gp:AOqpTOEOixl5UKk-DK-136BQO3kJ1h8Hqpv-ASh55MgU1Li0l3kANcntgjX23EPsfn3cR6KjhH3NlgVQf32K2QA,Richard Paul,https://play-lh.googleusercontent.com/a-/AOh14GjHifBZF-_249YB4qWINp4SHocbd_olxoKZrQNxuCs,Great app. does the job well. i have a home network with three access points so needed something like this,5,2,2.2.1,2019-06-23 00:18:05,,
gp:AOqpTOG584DeaH_YycJeDTB3UjKdEXEWYS9oNj8595BFzMrc754f9epyWU9KQWTPzfpBz77N3D_dL901ddKhmjg,Tim Stanton,https://play-lh.googleusercontent.com/-X2jSf39k2Ys/AAAAAAAAAAI/AAAAAAAAAAA/AMZuucnuZVrratt-70p-FzZXO7gO-OGyeQ/photo.jpg,"will not save settings, tried several times, used check mark at top of settings page but always goes back to default. need some advice!",5,0,2.2.0,2019-06-16 16:27:30,Thanks for updating your rating after issue has been solved.,2019-06-17 02:39:51
gp:AOqpTOF2Aig5hQHzrXBKzNV2TAvXbjV-NAm3NV9Fqv0NJpsAB7ASxg8BBpS_fv5orGPCPrbnkwl7A6DQHaz0trk,Andrew J. Law,https://play-lh.googleusercontent.com/a-/AOh14GiZd1PoHkURFCba0d7jIQkR7tjzAXktiJwoVACNnQ,"""stopped working for Samsung galaxy s7 since June update"" UPDATE : uninstalled app, reinstalled.. working as it should now. Thank you for your quick response.",5,2,2.2.0,2019-06-11 02:51:51,"I'm sorry. Would you please send a more detailed report to support@at-programming.com to help me solve the problem.
Thank you very much for the update and the info!",2019-06-11 03:58:33
gp:AOqpTOEmpMWxBg4x4yDCwJMlul6IsYGKxn9Q9aAK0rolvK-tVgHfTOTUvhd5FJft1b3Putpyij51C5J3oyaiFgA,Adam Steiner,https://play-lh.googleusercontent.com/a-/AOh14GhyFLU2k9EhY71iOQorCY9E0NjOIexZc31PKJylIw,great,5,0,2.2.0,2019-06-06 11:19:05,,
gp:AOqpTOFAwY8CuVaCmgTKfnsXaU58jJKBzJC1apWKHLaomI0zFAZTQiTDRQlriQo6vn49-oRfDDUKmmnCxndFnnE,A Google user,https://play-lh.googleusercontent.com/EGemoI2NTXmTsBVtJqk8jxF9rh8ApRWfsIMQSt2uE4OcpQqbFu7f7NbTK05lx80nuSijCz7sc3a277R67g,"Updated Review: In the right wireless environment this app is superb. Used it for a long time on many devices...latest update enhances an already brilliant Application. Excellent - Does what it says, very, very well.",5,0,2.2.0,2019-06-05 23:03:56,,
gp:AOqpTOGsxHkJtUcu2nabqs4P_4hpoGb-f8uzu86gzh0YdhCij0eGgjIV8Zj89Rg6WDW5w4Ez4fwMHMhBlRe9cGw,Matt Marino,https://play-lh.googleusercontent.com/a-/AOh14GhMjnLMwokwIwlwzNGJ-4JfYVBcTexs-pcLcDxbxQ,Works as advertised,5,0,2.2.0,2019-06-05 06:06:39,,
gp:AOqpTOHTWECVthgPubohxnGnp85wca7I4eell8ksXko3GPwcyl_1k-DS-cVvfxiGQQBEaPNrhlmAzu6N_v9WyJc,George Stoyle,https://play-lh.googleusercontent.com/a-/AOh14Gif_FR_48Pi-Cby54e8sHY0jqZwvJomq4tunwQ2IC4,Doesn't actually work!,1,0,2.1.4,2019-05-27 06:39:58,Please try the latest update.,2019-06-05 02:54:42
gp:AOqpTOHFJZ1zdEa4Qy3Z4-0vkzI_EQ8NO1wFsrQYv4RWkO4dhSex2Iu0OGsSUNpM-nuaXGsAZV2vUdxTlrU-P6A,D G,https://play-lh.googleusercontent.com/-vAOl6YM_6hY/AAAAAAAAAAI/AAAAAAAAAAA/AMZuucmDD0o5On71AvmGi6g78QYjv-qPUg/photo.jpg,App works exactly as described. Switches between access points to use the strongest WiFi signal (and you can prefer 5G over 2.4). Just make sure your Android settings are as described. And quick response from developer for a question I had. 5 Stars!,5,0,2.1.4,2019-05-02 22:49:34,,
gp:AOqpTOEasiUc0puN03dT9r01daUI3dnD9bhYBzDNaau-Xs6qODV_wfMIYmaknaD5uGVp4Hy4YXJ-50W3X2TRDtw,Tim Shaw,https://play-lh.googleusercontent.com/a-/AOh14GhyfrIaiPJe_IR8WLlKHhnxigS4mhAImZEhvuc3,doesn't work at all anymore.. thanks for response but tried excluding from battery optimisation.,1,1,2.1.4,2019-04-30 07:09:58,"Probieren Sie das neueste Update, das sollte einige Probleme beseitigen. Weitere wichtige Informationen in der Hilfe.",2019-06-05 03:01:03
gp:AOqpTOELKUbCrWry9xcljnc7pwPllsYS3IaG_-7RYdvO0xP7-QnCpG8DGjyshCE5nmuySw0nWqV3xYuNTwAh2Rs,Paul Hansen,https://play-lh.googleusercontent.com/a-/AOh14GijgObzwQv5sItdrYw27S5K7JGn9XCSQ2I_rmbY,"Installed it this morning and tested this evening. It's working perfectly. Awesome, thanks guys.",5,1,2.1.4,2019-04-29 08:38:10,,
gp:AOqpTOEX-flhQK4Il7QVfFxu4AuVIVlw-khmJwK2tsLbmxEXk0kE9AsnKl08MNeMWsp3_3QmWRbsVpb3nGHYDaE,Christian Kohlhaas,https://play-lh.googleusercontent.com/a-/AOh14Gjvpcs2n7MNfANqD3eP1RBqhq9UCrdlEsoZSniSnA,"Ok so after the very quick response from the author it goes back to 5 stars, I've excluded the app from any kind of battery optimization. Works fine again, though it still doesn't show up in notification bar anymore (have to dive into the x different settings ruling this) but here's hoping the promised update might help with that. :)",5,1,2.1.4,2019-04-28 05:32:24,"Under Android 9 it has to be excluded from any battery optimization. 
And no, it's not dead, there will be an update soon.",2019-04-28 05:20:26
gp:AOqpTOGKM-F6BPavR50bcIbv4te31P0l7e6TS3tmY90D5ZE9ITLK6Zd3lecz-DupzxNFcj0M9bu6HTHHV9K05Ck,Jeff Stephens,https://play-lh.googleusercontent.com/a-/AOh14GiYjbLXiX2lf7RgXiavcZVpFZwKNb8Y4aOENpIo-A,"I've tried several of these apps and this is the only one that that works well and works consistently. Why Android doesn't build this feature into the OS, I will never understand, but this app is a must-have if you use more than one router or access point in the same general area. Yes, the app needs to run in the background, but it's better than the aggravation of having to constantly manually switch access points all day long on your phone.",5,1,2.1.4,2019-04-25 17:31:52,,
gp:AOqpTOEFwAewLPMagaKN1mJPWMY1m2dREY-Htqjr1mkgoX6lCdC55u4ZBahEbtlssi1pDcVB0PaYU-K7K1LzjYw,Kirk Junker,https://play-lh.googleusercontent.com/a-/AOh14GiDZIPWgueZcJ3nY7fpzRsD3aLZhUdEDxUtK02mZA,Constantly switches same network regardless of settings.,1,0,,2019-04-17 09:29:54,"Please try the recent update, it should solve several issues. See help for further important information.",2019-06-05 03:02:01
gp:AOqpTOFmi0TC03JTWADrT__XJyTnfkjmhktGmdKGsJeTPVu0aLK49i0n4Tv1DMwbRbKjocL1r026kFtfqFozETA,Norma Melgren,https://play-lh.googleusercontent.com/-Dc-5Y66vp3A/AAAAAAAAAAI/AAAAAAAAAAA/AMZuucnfyaHiZg4wFHRn1au3a8F7QtZmpg/photo.jpg,"It didn't work for me. I have 2 routers in rooms separated by thick walls. With this app my Note 8 would usually connect to the stronger router eventually, but hardly ever to the weaker one even when right next it. When i asked the developer for help I got the standard response about having location enabled & battery optimization disabled, both of which is already done.",2,2,2.1.4,2019-04-06 05:50:22,"Please try the recent update, it should solve several issues. See help for further important information.",2019-06-05 03:02:18
gp:AOqpTOH-VEWlo8bt40Hr-U5APXbgJkBOl5MspYfq1nb5vq2NY0i0L4gVbIHZrm6Grs3l1fRkvYMFlL_XFcASFiA,Allan Clerc,https://play-lh.googleusercontent.com/-RpkXPQxhQwA/AAAAAAAAAAI/AAAAAAAAAAA/AMZuucnqhGIefnirCQHJBCajld0vYdDI5A/photo.jpg,Did not work on my samsung j7 with marshmallow. Waisted a couple bucks but was worth a chance. Update: The owner contacted me to change different settings and i tried them however it would not work with my phone. i have used another app for several years and it would not work on this phone either hence i tried another app to no avail. Junk straight talk phone lol.,3,0,,2019-04-03 19:58:40,"Please try the recent update, it should solve several issues. See help for further important information.",2019-06-05 03:02:48
gp:AOqpTOEnGQh_Z56Xl2Jx6Np68wWYbeJ-549o9cGbYk_LsSzcAP5Y8RWhR7yxoQQqEc7Y868zvGHUsAmDs0qAXiM,Carlos Gomez,https://play-lh.googleusercontent.com/a-/AOh14GjbFPg95dvQ7AvG3F2MovYgyLmzhsWhS7u9l5UJ1g,"Not switching as intended, instructions confusing with the db and < signs. Edit: after steps recommended by developer seems like working again. Thanks for the help",4,0,2.1.4,2019-03-25 17:46:39,"* Enable location service
* Allow the app to run in background (disable any battery optimazation) 
* Don't add all your networks to preferred networks (read help for explanation)
If you need help: email to support@at-programming.com",2019-03-22 15:27:55
gp:AOqpTOHWUpQXeyTfF31NZBndARRlp5vGyeStKc3UlpNUDJGR1G4wgZUsqCQbftQ9RpCTLbybLAxpkN0UsZ6zs0o,Lynton Jennings,https://play-lh.googleusercontent.com/a-/AOh14GiN1hpz892qpCw_2H5-5k-txsmQr9W5gglkhdcs,Not working after android update,2,0,2.1.4,2019-03-17 16:10:13,"Please try the recent update, it should solve several issues. See help for further important information.",2019-06-05 03:03:13
gp:AOqpTOEy5oGzfxGWBH0u9xicg97VWKkmudfdl9yUMYyxJ8JEJ-3juLnhMpBW1MieKE_kUScck-bjiLv0ZX3Nt-4,Brad B,https://play-lh.googleusercontent.com/a-/AOh14Gg4-5hfJ3G3khU7u7YptUiD4HXcUUwA8NJdMWldpYo,Did not work at all on Galaxy S10!,1,0,,2019-03-15 11:08:39,"Please try the recent update, it should solve several issues. See help for further important information.",2019-06-05 03:03:27
gp:AOqpTOH5eP0C3zqx8SNax2EmPmJnMdXk_P4oK8lB45PlW1FXtg6QWh3tiDFVacDzyV3-uEvZ7-B-QDzfthaDR2s,John Garcia,https://play-lh.googleusercontent.com/-Izyv65Y8LJk/AAAAAAAAAAI/AAAAAAAAAAA/AMZuucnrIl8V5O0FdRDEkWUIQSGoifOuCA/photo.jpg,i had originally posted that it didn't work for me but it was a dumb mistake on my part. app is working great,5,0,2.1.4,2019-02-01 06:41:49,,
gp:AOqpTOGi6vW8_wO_rJV84JB4KfyDlg0Ge0Ou_gfquHX3Swz9oLyAwQcU_n3BWTEcIBQG-sUOjSXrg4eEeOkPrMg,A Google user,https://play-lh.googleusercontent.com/EGemoI2NTXmTsBVtJqk8jxF9rh8ApRWfsIMQSt2uE4OcpQqbFu7f7NbTK05lx80nuSijCz7sc3a277R67g,"Well, that's £1.50 well spent. App does exactly what it says on the tin, and makes my house network infrastructure work as I intended. Sad thing is, I always believed that Android worked in this way anyway, and was disheartened to discover this is not the case.",5,1,2.1.4,2019-01-31 15:05:04,,
gp:AOqpTOEw_sU4vS4ME7c5kdr_WLy4vp3vJ2yoXfMqMfXnQdOdPX4h6rzxZD7pQAHN3RBhkuE6Lh6U85LO-BAuNHk,Tim,https://play-lh.googleusercontent.com/a-/AOh14GheijmxOC5Y-zUEei-AD_4RrQx3OOEJA6rPbHWTwA,Doesn't work on S8 plus,1,0,,2019-01-12 13:03:43,"Please try the recent update, it should solve several issues. See help for further important information.",2019-06-05 03:03:57
gp:AOqpTOGd8ofizX-QBZzHXSlfRyR_N5VV1JyzoiTwipMdlAnOEux28oaUBNYqF2Liq3O6b2tUs6DiYJ-J8ceMXNE,A Google user,https://play-lh.googleusercontent.com/EGemoI2NTXmTsBVtJqk8jxF9rh8ApRWfsIMQSt2uE4OcpQqbFu7f7NbTK05lx80nuSijCz7sc3a277R67g,"I love this app so far. Had it for a few days and so far so good. It does what it advertises it does, which is to force switch your android to connect to other networks (you connect to the networks you want and then it forces the switch between those ones) when the signal gets to a certain threshold that you set. Every device is different so you have to try setting the threshold differently depending on the device. Overall, this is a well made app and way better than others. At least it works!",5,3,2.1.4,2019-01-10 20:05:26,,
gp:AOqpTOEpnSTdnNyEpMkrgSIkgrVYKi8xnwIVLVx0_MmwY8NZ32qohvCgvd5FX6AXcpTI1wHd5_gOHfIf3bro_Vw,Benjamin Cardew,https://play-lh.googleusercontent.com/-z4q7jKW8tPk/AAAAAAAAAAI/AAAAAAAAAAA/AMZuucmDgH5QOxhK0qToikTGixBNXTf8Eg/photo.jpg,"It works sometimes, but very unreliable.",2,1,2.1.4,2018-12-16 21:55:54,"Please try the recent update, it should solve several issues. See help for further important information.",2019-06-05 03:04:14
gp:AOqpTOFHJGRobmlHX3dkzTtZ3Wx-QRTj0u8w6Vm7_7aeyP1-58I9jFrorm1sfDwF7RvCGgieZ26S5l_Z101dSns,A Google user,https://play-lh.googleusercontent.com/EGemoI2NTXmTsBVtJqk8jxF9rh8ApRWfsIMQSt2uE4OcpQqbFu7f7NbTK05lx80nuSijCz7sc3a277R67g,Very nice using with main router + extender,5,0,2.1.4,2018-12-11 08:45:18,,
gp:AOqpTOFwPTOJO4J7dycrGQRxxq3qjy9I_yJRkC6EcTS6upxFnVmPFjrKzsDr7Mfn_0Xb9UfvtpP1q5iBKjylV1A,Robert Hain,https://play-lh.googleusercontent.com/a-/AOh14Gg3lINPJ1cZeF4o6ST2tjIt6JenUAnYNFqhhmkOmQ,I tried a few apps before this one. This was the only app that worked for my mesh WiFi that uses an integrated SSID.,5,0,2.1.4,2018-12-06 15:06:32,,
gp:AOqpTOHTC9KM5FdPv4YD3TXl4TB1N-cJ1XT6br5mE9HGow0lcBjf4v0vje1P1X8gm9XPLJEeNKlU4sSd-Ew51yg,A Google user,https://play-lh.googleusercontent.com/EGemoI2NTXmTsBVtJqk8jxF9rh8ApRWfsIMQSt2uE4OcpQqbFu7f7NbTK05lx80nuSijCz7sc3a277R67g,Works good only for a month. Trial version worked fine. After i bought the full version it worked only for 2 weeks maximum.,1,1,2.1.4,2018-11-29 05:50:39,,
gp:AOqpTOFpVFTbOn2mXftKxgqC3Slw9lgGiPZRC_Ud4DXQA6tBBabVx2bXFKqzVVTuDqoDzblx9UCB89lmQ6pwSo4,Adios Uppella,https://play-lh.googleusercontent.com/-gX03550UY_Y/AAAAAAAAAAI/AAAAAAAAAAA/AMZuucl0E_wlckw1z6_oddZZIx_MWbrrfg/photo.jpg,A decent app but the trial version usable time way too short to give it a fair evaluation. Also once purchased the new version new version should automatically copy the settings from the Trial version. Once the trial period has expired in the trial app one can't even open it to see what ones previous settings were. That's just plain rude. You can stop the app from working but there's no need to block the user from viewing what their settings were ! This is a very serious design flaw specially for an app which is hoping to get people to upgrade.,2,13,2.1.4,2018-11-26 06:42:54,,
gp:AOqpTOEAxzgabnidxrWbkWb1cUxrA_4MdLABz8DdORQhFR9s9rum-RIM_9Smd1Vc5u73auTNnbTv0qFwRaN6dqI,Simon Innes,https://play-lh.googleusercontent.com/a-/AOh14GgEXRPvgjC4ydnH382KDlHIpyS86EL5aFRuFspH214,Doesn't work 👎,1,0,2.1.4,2018-10-26 21:31:30,"Please try the recent update, it should solve several issues. See help for further important information.",2019-06-05 03:05:11
gp:AOqpTOH2C38pa1jiR5i1MjqZjtZdAJG1dQfFNgu4t_oFANdNif2smsJop5-rZMQnr4CG11yLhvR7R8VDjz_cNiE,Jonathan H,https://play-lh.googleusercontent.com/a-/AOh14GjejRJPvS_4eo5KIRIPX9PCZ9Pr_QuE1rdLQuVj,Works perfectly on my S7 as I move between floors in my apartment and change routers.,5,0,2.1.4,2018-10-07 05:39:35,,
gp:AOqpTOFIontybhiVdLMevlKctLtA-YyztBST-JIwUCM17aynPPOl9lHFYkxoBhsUkE8GAflnCQwESHoeTLBDEDU,Daniel Dubberley,https://play-lh.googleusercontent.com/a-/AOh14GiEeoxDNw_zWX949JOajDEiWaerxzvBvTOns6sQlek,Does not seem to swap between networks even when the prefered one is strongest.,2,1,2.1.4,2018-10-05 19:02:14,"Please try the recent update, it should solve several issues. See help for further important information.",2019-06-05 03:05:37
gp:AOqpTOGbCx4qKlyNL8iecgW6HPbNmJDttfEnE_sdZ2Q5hsradaAt13jS7lHLOb3Lb2LlRNat8Gh_Q6tqpsOw-UM,Jonathan Chua,https://play-lh.googleusercontent.com/a-/AOh14GjoQr634pzeu3tLNWxxQVccoqerEE-PbGc8BLqdD1c,This app is incredible! I have two wireless networks in my home. And android persistently holds on even when one network is at 10 percent. I'm finally able to go around my home freely and not worry about switching networks. According to the developer there is no impact on battery life. Hope that's the case.,5,7,2.1.4,2018-09-23 10:52:13,,
gp:AOqpTOE8n3t934CL021CWk_pyuHxZAHIohnVTK2agHMvT2gr8YnWQeMpqkUaRc7XgjC5GjZwtzXYy0U7g0XU9kc,Joseph Murtha,https://play-lh.googleusercontent.com/-zb0U1i3TM_I/AAAAAAAAAAI/AAAAAAAAAAA/AMZuucmaIbBH7S1S3InKoSkaJHkPhA006w/photo.jpg,Started off great. Lately it hasn't been doing the very thing I bought it to do. I have 3 wifi APs and my phone has been staying connected to the first one it sees when I get home.,4,0,2.1.4,2018-09-05 05:39:08,,
gp:AOqpTOFrS2kKTCqcykLNWMY0uHvE8qIXl0fr_y8KbA4e_yaTCXnPap19fef42PRWS-qhgZU34kMcpbd4tNJJvIo,Robert Macrowan,https://play-lh.googleusercontent.com/a-/AOh14GhAG3Rkyga_mrFG7uugHklhCPCRNYFk0W8igWU4-g,I have a router and 2 extenders at each end of the house. I have tried many of these apps and they do not work. This one works perfectly so thank you developer £1.50 well spent,5,0,2.1.4,2018-08-25 08:38:48,,
gp:AOqpTOGKOHVT7dUeugvzCoz1LDmV_IVPTm7D4uljBD3xYovhfXkaA9MYncP2BgCynpRzbwG1Yo_2dYDav2958Ow,Louis Stice,https://play-lh.googleusercontent.com/a-/AOh14GhkPSIXo9CMkSYbqYtu4zJYL7QfthnsuY7fzx59HqE,"It's almost perfect. I have a Velop home mesh network. This tool 
successfully identifies a stronger signal and switches to it automatically! 
However, it will switch while you're using an app or playing a game. Would 
it be possible to add an option to NOT switch if an application is active? 
I would add Clash of Clans immediately. I cannot tell you how many times 
I've lost a battle because this tool switched networks on me. Yes, there is 
a feature to not switch while there is activity. I've tried all the 
settings. I've been disconnected every time. Apparently Clash of Clans 
doesn't use enough network traffic?",3,0,2.1.4,2018-08-16 18:02:11,"Die Option ""Aktuelle Verbindung halten bei WLAN-Aktivität"" sollte diesen Fall eigentlich abdecken.",2018-08-16 16:40:03
gp:AOqpTOGrdxDvDqtBfT3hDt0H54i2hwRFtPyaSPNs9cwuz9N_PuQuDJyZlqF5N3PmByIZ6VHpI_JAZp_zeAi1XSs,C G,https://play-lh.googleusercontent.com/-df_Hd2WdssQ/AAAAAAAAAAI/AAAAAAAAAAA/AMZuuckaKHP_48Ge92p366h6FtvbKk6sGQ/photo.jpg,"It's incredible there are not more downloads of this app. I have many apps 
and this is one of my favorite. I have a small home with two cheapo WiFi 
Access points. Since coverage area is so poor, I was wearing myself out 
switching WiFi multiple times per day. This app automatically switches 
access points for me.... No more accidentally using my data plan!!! Works 
anywhere on dozens of WiFi systems wherever I travel throughout the day. 
It's even customizable!!! No problems on my Moto X.",5,2,2.1.4,2018-08-01 01:39:45,,
gp:AOqpTOHFruv_eWB3hxj0vf21QZcm-0AaVZgGEIGh6R7Hmm9mub81WtmxtDYGyy423JmArHwJiuPHbt4I9fvx3PE,John Fosella,https://play-lh.googleusercontent.com/--s65uRwHNrI/AAAAAAAAAAI/AAAAAAAAAAA/AMZuuclH7hW2JR5AJHngq7mHW4v5fDdYsw/photo.jpg,Works great in my house with multiple access points.,5,0,2.1.4,2018-05-25 12:04:56,,
gp:AOqpTOH4vJdEjIVlM27lSe0zmaQaIsdSidmTvw9YqD4uXsv1bAeeBYomcl3xX_xRwi9lyErdhQYB1bhba-IuzdE,Laurent Marichal,https://play-lh.googleusercontent.com/-rF0No75CMjs/AAAAAAAAAAI/AAAAAAAAfow/AMZuucnXuiNPJ0ZYQLOgrLlWq0oBtU1xmg/photo.jpg,"The payed version doesn't work!!!! The free version was fine! Now it 
doesn't switch even if I put it on 5% and I'm near the better WiFi router. 
Help!!!",3,0,2.1.4,2018-04-27 08:53:28,"The paid version is identical to the Trial (with exception of the Trial period), so it has also to work.
You have to uninstall the trial and configure the the full version like the trial.",2018-05-02 10:26:04
gp:AOqpTOE7oV8B6ya0S8zubBO3IVE0wRQPxoFe66JeWxdUpnN_7-Z9KGTXF8aoP0o8BCYKA0ukxUcyCe0_r0Ov2oQ,Mingdar Hsieh,https://play-lh.googleusercontent.com/-pLHHjEVuUGg/AAAAAAAAAAI/AAAAAAAAAAA/AMZuuclOT3bv9zYOYisenKEdHupO19ttRA/photo.jpg,Works! vs scamming apps that claim to work.,5,1,2.1.4,2018-03-27 21:46:56,,
gp:AOqpTOHtukelJfWmu7odFhZSNeP3YOnlan2ghUsXX9TTjfTtFrjgHuwtAaux7ukDBIo0jUAo2tUVX0uHRF5Ifiw,George Long,https://play-lh.googleusercontent.com/-4hE9GAFRfVQ/AAAAAAAAAAI/AAAAAAAAAAA/AMZuucl0OCCBgvqtukxA5HS8dVPizCPk4w/photo.jpg,"Brilliant, works a treat! Having spent ages switching manually between various cloned access points on my home network I no longer have to.",5,0,2.1.4,2018-01-15 05:19:55,,
gp:AOqpTOHQPPVpKFsIhByXd8xmBhvBfLL_U7SEllRJwnXBjvBnlgEokevecDfiVKnV2V9VjzfgJDtHVD35xXf8ek0,thatLukeKneller,https://play-lh.googleusercontent.com/a-/AOh14Gh5_TiIPqU4PGpIRlscgoowqxpCEsRXL-WwLONuVw,"Update: The app no longer does anything.  Before: Within just a few short minutes the app is up and running perfectly. My only gripe is that the app fully disconnects from a wifi to connect to a clone, if this could be done faster I would give 5* for sure.",4,0,2.1.4,2017-12-29 23:48:19,,
gp:AOqpTOFRyh7PDO3CbRKd04q6qjJ9tNywNwb0ofWgCmyqjD9P-dP7mQaOX0rvAObejunlRMnmLdqzxIMc-vvkS3A,A Google user,https://play-lh.googleusercontent.com/EGemoI2NTXmTsBVtJqk8jxF9rh8ApRWfsIMQSt2uE4OcpQqbFu7f7NbTK05lx80nuSijCz7sc3a277R67g,Helpful app that solves a very common problem.,5,0,2.1.4,2017-11-30 17:10:22,,
gp:AOqpTOE0ZPTnWPjBhP66N1PAcHLObGNsOx-3XVVLQe0AtChC9Ckl4mwKLux1aBK32jHPt6L0-yoCFh2Kb2fvlIg,Douglas McDowell,https://play-lh.googleusercontent.com/-sIHlI8fx934/AAAAAAAAAAI/AAAAAAAAAAA/AMZuuckCRX7dZgfPSEVswu1dyRi7hszK2w/photo.jpg,Successfully switches between extenders and hotspots. Best one yet.,5,0,2.1.4,2017-11-12 05:15:57,,
gp:AOqpTOHzBq59tXKnFb5rR-sF8r2yLkCZ79fkIM2A43frr5TIfQ0xPTURuZP43PXMUysdwzn9gcSgzmpbZ5HfUQ4,Bubba Merritt,https://play-lh.googleusercontent.com/a-/AOh14GjWHYH3Qr3u5KuUL0oBZij6noZAgkh8eFUc3sltmw,"Works as advertized, all I changed were a few app settings and that's it.  Well worth the money.",5,0,2.1.4,2017-11-06 11:32:11,,
gp:AOqpTOFjGRwxCv8_dBf2j5RHhbfBiOmWw_3BFiPPiodVrZGqKO5H0v64Hla-C6v4MG1QIlXK_oMNuUVOkbq9DDw,Earl Myers,https://play-lh.googleusercontent.com/-q_uqyTYis04/AAAAAAAAAAI/AAAAAAAAAAA/AMZuuckup7NW6Akt1A6-Xkh_mGmKDxmraw/photo.jpg,"Didn't work. I thought it was designed to switch to the strongest signal available. Well, I'm standing in my basement, 3 feet from my router and it refused to switch from my extender...which is on the 3rd floor. Weak!",1,0,2.1.4,2017-11-04 18:43:50,"1) Make sure you have location service enabled (required)
2) Make sure the app is allowed to run in background. Exclude it from any battery optimazation (third party tools as well as system integrated optimatations)
3) Don't add more than one WiFis to the preferred list - the app won't switch between those
Also see integrated help!",2017-11-05 06:53:59
gp:AOqpTOGEIZaWoYQdF8QXvz_keI5SUlJWFu6O_jcDumUWBIumfXP6xah6Bk1CR-b0G20GDo0FCiBw-GOqOW7iOLY,A Google user,https://play-lh.googleusercontent.com/EGemoI2NTXmTsBVtJqk8jxF9rh8ApRWfsIMQSt2uE4OcpQqbFu7f7NbTK05lx80nuSijCz7sc3a277R67g,Works well for me.  I have two routers in my home and the previous app I tried kept switching between them while I was in the process of using WiFi.  This app is much better as it offers more options.  I tried the free trial first then purchased the paid version.,5,0,2.1.4,2017-10-22 20:25:28,,
gp:AOqpTOGpV4F2c8BJxdPN6NPscAE8XlsxJCZr-PvtSOeZRx1LMx0FAI-kVTPpUGf8sAIxyYvxl33CMujmC2KNGZI,Greg Brailsford,https://play-lh.googleusercontent.com/a-/AOh14Gh9VBFxDneETJITLN772KLeUJKpUeDg9fD3Kx4eZFI,Non-functional under Oreo. Constantly switches back and forth between a poor signal network and a full signal network. Worked fine before Oreo.,1,2,2.1.4,2017-09-26 17:43:19,,
gp:AOqpTOEcRMBwF2iMCmoKCCLK_kkWdV7W00KgPXiHMxiUOTyOu1i_QX55tSvJNsn2UOE1FkNKyrvVsame93G2eYM,Sean Stapley,https://play-lh.googleusercontent.com/a-/AOh14Gjdgh7RLNnfBmdCMnjV9mEj9Dp6J2gBI5_yNuKsLQ,"Brilliant! I've been pulling my hair out trying to get my S8+ to jump between the 2 AP's in my home. This works perfectly and easy to setup etc. Thank you Alexander, superb 😄",5,2,2.1.4,2017-09-25 09:18:28,,
gp:AOqpTOFkwu5NPnQDdKbZ3_60XbURJTa3uhcYsTqzwLG3mE7bQXn9MW6NOpaGNJkzomStir_rEIjq1xF5xXgfLQ0,Pat and Cindy Waltz,https://play-lh.googleusercontent.com/a-/AOh14Gi0iGuCK27TNbC6GamBinnLDPfCTFyKH_5JS7sHFw,"Does exactly what it says. Switching to my Ap router when I am closer to that side of the house. This keeps my selected 5.0 at its best connection. Thanks, for such a good app. Well worth the $.",5,0,2.1.4,2017-08-31 13:30:09,,
gp:AOqpTOF5s5A-57YKIkf66ykvkbfOBBFCG__S1oRYcQyECf7_s4JSOeHTomol-hLEnWTP2W7FwxbyBOfVmynPo8M,Graham Barnes,https://play-lh.googleusercontent.com/-TuT3VRLv9mg/AAAAAAAAAAI/AAAAAAAAAAA/AMZuucltUDO6q2_lJzRi_N2vz9KJe3g4NQ/photo.jpg,Strange. Installed last week and it worked fine. Went away over the weekend and came back home Sunday and it will not work. Does not show in notifications despite reboot etc. Uninstalled app and reinstalled and now working again,3,0,2.1.4,2017-08-15 03:24:01,,
gp:AOqpTOEZic4HreqwsYTQgbGdJUwAge3MJrlAqWT0Qa5ueHjr7siUWDlyRuaqz9ERgVcUh8TZc9KHZCqdczqqwoM,Luke,https://play-lh.googleusercontent.com/a-/AOh14GgarmETRBceyoD6evOKkj--dZufLMGzZfjjXMxZcg,"It definitely gets the job done. I have two APs in a crowded airspace and after 60 seconds adjusting the user configurable options, it does it's thing and scans/connects to the best AP it can. Ran with the trial for a few days, had 0 problems, so I just bought the full version. No battery drain with the way I have it configured. Even with the screen on scanning every 15 seconds, I don't see a difference in battery life. (Galaxy S8 Plus). Stock Android can not do what this app does, fairly impressed tbh.",5,9,2.1.4,2017-07-31 17:09:39,,
gp:AOqpTOHaJQXvUyy-ToU8vWmo4LT51rHj2swMs3qpS9rFHAAuDaOIhM-ISTU8NMF-HHXegHRO1gl2IvWVFBhtQVA,Adam L,https://play-lh.googleusercontent.com/a-/AOh14GglW7FgqTvnNc9rQWkiX6rqN8UPtH3G_C-4R1SuY7o,Only works with location services on. I try to only turn on location services temporarily as it uses up power. Looks like with this app it has to remain on to scan for Wi-Fi signals,3,0,,2017-07-31 13:19:34,"Yes, that's the Google policy since Android 6. Without location service WiFi scans are not possible. But when you set the location service to power save mode (no GPS required), it will hardly consume any battery power.",2017-08-01 10:02:49
gp:AOqpTOFa3Yk7gxor9g0m5SOsrGxJj28fAgyf6NUx48RaXTb-I6MYLK3tp0aj3xwKPfsn1Mb_GhBUEWp_RWE3NbY,Ade Rickus,https://play-lh.googleusercontent.com/a-/AOh14GikxUuIRCpDm6-iaoMxeGLiO-43LAbITmM0BKk9dg,"I've tried a number of these kind of apps, some with high ratings. However a lot of them don't specify the new connection and hope the OS is clever enough to connect to the correct access point if you disconnect and reconnect. Android 7.2 doesn't, it reconnects to the one it last connected to. This is in my opinion is essential in environments with multiple access points and solves that problem completely, 5 stars guys and thank you !.",5,8,2.1.4,2017-07-13 04:16:07,,
gp:AOqpTOFAkzVybSV1M9k1qFC_ElssZdtKmCNhc75A7sL6CbdMTEIGDnMEHj11hhRofKmg1PrOa11MlQZJhH-VVhc,Jerry Tracey,https://play-lh.googleusercontent.com/a-/AOh14GjgG1Y7EfMNwblImKjvRuo5s681aYB4roSfxm47eIQ,"Works well once the settings have been tweaked to suit your own Wi-Fi environment. I have a couple of Powerline network adapters in my house and there's a bit of overlap in coverage, so I had to reduce the strength differential to 10% to force it to switch to the nearest access point, but I'd fine tuned tuned the settings, it's brilliant. I was even able to increase the scanning frequency to every 15 seconds (while the screen is on) without  noticeably increasing battery usage.",4,0,2.1.4,2017-06-19 04:16:04,,
gp:AOqpTOHsDhbDMNh3vISx7x3n3j_mRIz6KCsH225jTIDXKnL9NUJJxo_OR2yVZoX0fLGX9k73hrC10AJHICOY6jU,Rui Salgueiro Sousa,https://play-lh.googleusercontent.com/a-/AOh14Gi2qvViI5xi9bJoQgXAqkAv-183FshTJL_H1DhSsGM,It works fine on Nougat,5,0,2.1.4,2017-04-27 02:36:50,,
gp:AOqpTOGxWv_G_NKWzvDIhdw5Y1edmPnfEJ-FPQzSi5H72Ka7-TjEqPrShNvqgw0UGSAGzT0l_GkZJwDuIYA-u9Q,Ken Coggin,https://play-lh.googleusercontent.com/a-/AOh14Gh0aHww5c9gYGmD6MeKZwugEDn-BUAegFrzOjwT,Top app.  Works brilliantly.  Good customisation options too.,5,0,2.1.4,2017-04-16 10:53:22,,
gp:AOqpTOF9_Ys0EgwnlU0SquEIVxk5DiaI27oWr_Lz1VwoOcJBEvsBAbrKiAkmYl_usM0GykDiXICX4Gq2driuT1w,Judy Chancey,https://play-lh.googleusercontent.com/a-/AOh14GjBn3CzqSxoBZFmT-hDnMNiJxvdD_hYmpRYSZBKxdY,I was always having to change my wifi in my house. Now I never have to since it's done automatically. Love it.,5,2,2.1.4,2017-04-02 21:58:25,,
gp:AOqpTOFwT_SN8iQ4rmu8ydxqSnCz_pSSKrNOBvq4Yp5OkJ4IPxDRSO_TsKhaR2x0RHC6OlLIDRA4ElL6WsY8voM,Jack Naisbett,https://play-lh.googleusercontent.com/a-/AOh14GjxAaUGozB1nt9uLZaHugnplugu8F-G6F-Kd5o0DA,"Works well, though seems to have some issues on Android 7 wherein it doesn't seem to do anything anymore",4,6,2.1.4,2017-03-29 01:36:07,,
gp:AOqpTOE8naQnVWA8tK49YjIoJXBkEOmF8zMwOt9mcTBYpFmQmHJupUswR5Scrx3xJTYxMSogs6c82m80j0cXo-Y,Bryan Warren,https://play-lh.googleusercontent.com/a-/AOh14GgpRNPVYR_VkORaEHpDD0kdrxjPsMRLlIpiKEH-,This app is exactly what I needed to automate the switching​ between the hotspots in my home.  Please just enable an option to select a white status bar icon.,4,0,2.1.4,2017-03-21 04:18:52,,
gp:AOqpTOGapZvBQnwbkPttlIxr6CwUBTdHRqPk3juqE1t9OZ1vLQjf3_dKQ5Y6O0nJXPl4U9kKcAVZMk64saq1R4k,Richard Nixson,https://play-lh.googleusercontent.com/a-/AOh14Gh15KE8mlwgw4312Ys41au84yS_aqrsA8grK02sInQ,"Didn't see the battery drain people refer to but it just doesn't work on my phone.  Thanks to the developer for their reply, however, assuming you're the only one with knowledge and that everyone else is stupid is not a great sales pitch. I already had location services on and my battery isn't set for optimisation.  However, having given the app more time it does work, sort of, sometimes , but it does disconnect you from wifi it's not a true bump less transfer. So it's basically doing what I was doing with my finger and draining the battery a bit quicker at the same time.",3,5,2.1.4,2017-03-18 12:09:01,"Exclude the app from battery optimization, otherwise it can not run in background. Turn on location service. I could give you better help when you contact me per E-mail.",2017-03-18 06:52:39
gp:AOqpTOEZeUMbKKzgXRLX2KhbboK-LssLPMgmJHuvFNqqLj9z4i8xAwK75ACX-Aw_345TzGxoI6YeCVrvyJ21ehA,Kevin Albert,https://play-lh.googleusercontent.com/a-/AOh14GiSdqxraNnbGDvvoL7uGYAIlIJijIzSc4Jaczb4i0Q,"Drains battery and NEVER switches to network if WiFi is available, even if WiFi has no bars and network has full bars. Tried all configurations. This is the paid version, not trial.",1,1,2.1.4,2017-03-03 06:45:29,"I'm quite sure it is not SmartWifiSelector draining your battery. 
There can be a couple of reasons why the app doesn't work correctly. Maybe I can help you if you contact me per email.",2017-03-03 10:23:24
gp:AOqpTOEHbRhLrmedT8-4aeSBAKyUVIAuvPH1eNlHbycjjxiVX910eqgdKx9BImPkoAF5NaAIwalBrIIpui6Wdoc,KL Poh,https://play-lh.googleusercontent.com/a-/AOh14GhuUc6PVtL2RMcl4o2cZfKeTHpzSAnIZYA40tWI,This app used to work. It had stopped working a few days ago!,2,0,,2017-02-04 18:04:01,Please describe your problem more in detail per email (support@at-programming.com).,2017-02-07 06:38:12
gp:AOqpTOEwDSHdQXkS3YSHUEOoFO3ET-k51Id7bd-e9tNEgIJQdKvAaPZ82cn2-NRTslsGoGuRGZP4VJpIsQZ0M5A,Sundaravadivel Ponnambalam,https://play-lh.googleusercontent.com/a-/AOh14GhhyRU2FTeNquSWbhClgd7LbzoWyNPILHrgBPF3OaM,i think its not working in s7 nougat...,3,3,2.1.3,2017-02-03 07:10:56,,
gp:AOqpTOFK1sGbijUYVdFlYwSXHGXetMglXAcjp3QilP_4_8uvuzEtsObo5oVP4aizMe-DqA_Yi8dtvmswJSWmDHA,S L,https://play-lh.googleusercontent.com/-PTJ4GV5MbEA/AAAAAAAAAAI/AAAAAAAAAAA/AMZuuck9hhMAj8ikREv7VtouXS1d62CqFw/photo.jpg,Garbage. Never worked and completely drained my S7 battery in a few hours.,1,3,2.1.2,2017-01-25 08:39:38,"Certainly you have a battery statistic that shows my app as the cause of the battery drain, which you can send me?",2017-01-25 09:00:47
gp:AOqpTOG2EG-Jhbfdtjd0VK_4KaM-ClzKh09Kqa8yDJWiB485L5ENsjIOUi-pUJkTrbLf_Db6KO6AN6IdKDIZCDw,Antonio Roccella,https://play-lh.googleusercontent.com/-3-TzMazacLg/AAAAAAAAAAI/AAAAAAAAAAA/AMZuucnQldEnHZtzuLPRiQf0zfHrNHIDqg/photo.jpg,"Doesn't work, I try different settings, worst my money.",1,1,2.1.2,2017-01-25 00:50:55,"Sorry, ridicolous
1) There is a free trial of my app which you can test before buying
2) You can directly return an app within 2 hours
3) You may ask Google within 48 hours for refund
4) After 48 hours you can always ask the developer for refund
You didn't use any of these possibilities, but you complain about wasting your money ...",2017-01-25 03:19:28
gp:AOqpTOHe8Ua2WZsgIX7BVQDr4g9otVcs_rJSuukavXxS03X-xi6qYCLDmmCDUfzEGfjiJPR88TqFHqLYCcURZrU,Mark,https://play-lh.googleusercontent.com/a-/AOh14Gif6UBDHTRRknsDvEupa9Mc6YqyL3mUNB_B0RrCDQ,We have two routers in the house at different ends of the house. Now when I move around the house this connects to the strongest signal. Worth every penny.,5,1,2.1.2,2017-01-17 10:36:05,,
gp:AOqpTOHw7kdstXdEOvfhcjrGLFEZE_uaBhLVwlywSXkfTOAhPKuKqKzxXcpTv6ZCnEI2nDohIZHDEwxi5Zn2uHE,Jamie Wallis,https://play-lh.googleusercontent.com/a-/AOh14GgPy6HoNCzPaz3CLl87PBFQD_2gQryG5w_mcwVDqg,Seems to cause really bag lag on my phone while it's checking,3,0,,2017-01-12 15:14:50,,
gp:AOqpTOHRHUfmcBTXzq3HQyrfZg5JhJ1wbMnjG36C4876n9R8Eq_jMwoxjA2O_kSwtKKb9fpyU02JxvFfdZ4P5ok,Patrick Brett,https://play-lh.googleusercontent.com/a-/AOh14GhjyeXb_8nFruYsdWAY9we9wmXYTAb9qjC8xvHe6SQ,"This is good, especially when using preferred networks and bands!",5,4,2.1.2,2017-01-10 04:44:23,,
gp:AOqpTOG81bVpcpqMCPZmoAOA1ZOqWceRlgAhXy4l3Mq0NRd2aU5xV1S9H7LIzDcTTVXesgguic1wYY_nKUv0LWQ,Marc Vandenplas,https://play-lh.googleusercontent.com/a-/AOh14GjDmd3J1RAHlilI2Y7oarz9p-8Bx_GBaYx46r8mXg,"I mean, so what? Guve ne ab apo tgat connects to a designated Wi-Fi, bit tge strongest.",1,1,2.1.1,2016-12-21 23:54:41,,
gp:AOqpTOFdEWI_VF_0dB7-xqyNyB-AdM-pJCISawxE66GdwKF88RJoCB7PYCmHmr_VJXThmBWbde3sSn3-ZGbkhYM,Daniel Weston,https://play-lh.googleusercontent.com/a-/AOh14Gg36b1870d_OIAbFt1v81wjEIPmH_GEIGUweO-txw,"Great, simple app that fixed problems with my phone giving up on superhub wifi",5,1,2.1,2016-12-07 13:28:27,,
gp:AOqpTOFCe-rbPrYFx_QdL3TT77QBbjrHqpieqmLAlyc7-fzLDBptCsdCNrcKzen7ZmLuxWKX1TuGwtIkwyuOt6M,M Chau,https://play-lh.googleusercontent.com/a-/AOh14GjZTBVrefeKLxeAN4JO5QyvztoyES0ODhBh_G91nw,Very good. Software is awesome and works as intended.,5,0,2.1,2016-12-04 09:58:18,,
gp:AOqpTOHeiHqx-nd35fTioXL64q__bsMaadsrrYHuU8EHqgFhfJtGdskUCh7qhwd-2YpbPHN5ndz4L5CCC-ve8yU,Olly Buxton,https://play-lh.googleusercontent.com/-Ec_MZz65xZE/AAAAAAAAAAI/AAAAAAAAAAA/AMZuucmaXY82DuD3V2YwcmkRhfnD_Mo4Zw/photo.jpg,Posh work been trying to force my phone to 5Ghz works great two enthusiastic thumbs Up....,5,1,2.1,2016-12-03 14:16:21,,
gp:AOqpTOFCDUmkFy4XG-9xza6us0prRh5QtktQOlRstanyKCJw_V50j2rq-_uYlZyqOpnXG10Znh5-3m34zmAHj0A,Tony Fici,https://play-lh.googleusercontent.com/a-/AOh14GhOBzLoqUkw9Yd7pG0d1O9ekHB9E-JfryhSaaQVdw,I have 2 WiFi signals in the house.  One is the main router and the other is the extender.  Both produce the same 2.4 & 5Ghz signals.  The 5Ghz signals pretty much cover the house with both devices but my phone wouldn't switch to the stronger one where ever I was.  Downloaded a similar app but it didn't switch to 5Ghz signals.  Downloaded this and it did!  Now I don't have to manually shut the WiFi off on my phone to connect to the stronger signal.,5,3,2.0,2016-09-19 07:04:23,,
gp:AOqpTOFizHNBE64zWuBDBdvEUFUOcFsZNGOiZliKNuHU8Zr3hvDvc1c1j0bny0wmNXGRUbeUjHMiW8ex0ZMObzc,Ricky,https://play-lh.googleusercontent.com/a-/AOh14Gi3ZHO2B1JjkDBxKj7PnJISSakic0zzee_lhBljimk,I needed my phone and tablet to select the 5ghz WiFi instead of the 2.4ghz WiFi as even though it's a weaker signal it has a much faster throughput for streaming. This app has the option to prioritise 5ghz by artificially boosting it's detected strength. Now we can stream in the bedrooms furthest from the router where the 5ghz signal is weaker. Perfect!,5,2,2.0,2016-09-14 02:16:09,,
gp:AOqpTOFs_FNSaAJjGgjTTN0yItR10u6SeWUWfhs32QIsZhwG5NkybslLxp-hxvan8riH0XkzRkh4TsbtTxU4gh8,A Google user,https://play-lh.googleusercontent.com/EGemoI2NTXmTsBVtJqk8jxF9rh8ApRWfsIMQSt2uE4OcpQqbFu7f7NbTK05lx80nuSijCz7sc3a277R67g,Used it only for 5ghz but does not seem to work,1,1,,2016-08-25 20:19:46,Location service is enabled?,2016-08-26 09:32:09
gp:AOqpTOEKOYezpt7UUGy3b94ZLukwRCMMyEEW6g8SMynpEOMoLnUnsTz1lpL2AFyLIEISvcSXgYmA6pYodeu6erc,Tony Stege,https://play-lh.googleusercontent.com/a-/AOh14Gjr0wDFkW58o6vvcbnJxoJ-lSG_5CFme5DupQjIAg,Doesnt seem to change between my two identical APs. I have to manually do it. Dont see the point,2,2,2.0,2016-08-05 14:25:44,Don't you have activated location service? Location is required for network scans since Android 6.,2016-08-06 13:56:22
gp:AOqpTOFezE7FWEmyPylkYKzEjgysINlGSNj6iSxIhNnltk0ZZ0vwdOiHwsoF9Tl6pP761prjdUb8rDVP_iahA-4,Streicher Van Der Merwe,https://play-lh.googleusercontent.com/-wcaBnQAkbFU/AAAAAAAAAAI/AAAAAAAAAAA/AMZuuclO4J6oZLEk4GOY6OW6Yc6_Gxy1rg/photo.jpg,😤😤😤,2,1,2.0,2016-07-28 22:44:43,,
gp:AOqpTOGzz22FQuJ9VKNMlRhxPZDWOYFQfYpai6LJZs7UXwUo186E84B0S81UxR5g1Kfh1m5tQDj3MSXfX2rHmjU,Icem M,https://play-lh.googleusercontent.com/-_km7qKpiaG4/AAAAAAAAAAI/AAAAAAAAAAA/AMZuuclbrac6S7D2JNIxlZ7RKjV7iQe9OQ/photo.jpg,"WiFi doesn't switch to the strongest. It was only $2, but still... waste",1,2,2.0,2016-07-22 21:43:58,"I don't know about problems on Galaxy S5, although there are quite some installations of my app are running on S5. I would guess you don't have activated location access, which is required for WiFi scans since Android 6. If it doesn't work nevertheless, I will give you full refund, you only have to send me the order confirmation from Google.",2016-07-25 12:10:14
gp:AOqpTOGDODXG8AMsiNQQ7VS8ZRkf-OULw3Bysn_eJhT0qGw4ak4RC-aLv84yZL6whdFqI0lBlZgosmFNLaMD_UY,Ben Rayner,https://play-lh.googleusercontent.com/a-/AOh14GgCBvwo0hB4XumOUhqqBffD1iTvLX13r_8OH4CtTw,"Every app like this that I've tried has been pretty damn rubbish, this right here, it's worth every cent! You won't be disappointed.",5,5,2.0,2016-07-20 10:32:29,,
gp:AOqpTOGRPoJ8eSjJgj75t-znS6Bkb4yeDKhxEN8Q6p6irvDnW5nUcuz6S2IFJ8-JgBmTtq7uPzkb7WLDQzRSkNM,Rob Lindsey,https://play-lh.googleusercontent.com/a-/AOh14GhJoAs01SraS2Skhb6dDPXc-wKRgmmDER_1dwbc,Thanks for adding 5Ghz preference!,5,1,1.9,2016-07-06 00:22:23,,
gp:AOqpTOG7CaoX_mPyz3wP7lu5Q8EUgc7OT_0D-6us81R1-ZPt7GVMV97vt2wykCCYdAVmEbm-e1OxPsYsmzl26mM,K Townsend,https://play-lh.googleusercontent.com/-uNA3r24jfxU/AAAAAAAAAAI/AAAAAAAAAAA/AMZuucndD9NnKhXVXgjViioIis8iju-H9A/photo.jpg,Excellent. Always connects to the best wi fi connection. Well worth purchasing.,5,3,1.8,2016-04-24 00:50:03,,
gp:AOqpTOEerfrxkkT_rXTLnxsQnwT2cp0LCvNQGIEohO-yAy-yQqYib8BLWr0NDgghm2kYE9RXoEe7H0WyStgnh4E,Cristian Gherman,https://play-lh.googleusercontent.com/a-/AOh14Gg6wUY8ROFyzVaXEdtlb8rerHGN84vI7Zi_hMLo1Q,O aplicatie excelenta. Bravo.,5,2,1.7,2016-04-08 11:08:54,,
gp:AOqpTOH1fPiqOzo-JQeODmddW1y4cwlLSRNwz_2BsuD0GJuFGIKbdOZmwB4UyU2UwQ7wgxcw4bvHW-w42BBVk68,KL Poh,https://play-lh.googleusercontent.com/-PjB9p3n0k7E/AAAAAAAAAAI/AAAAAAAAAAA/AMZuuckC9CfMsP8aszsKpHW0ti3Xv5Vung/photo.jpg,I bought the paid app immediately after the trial version expires because this app is truly fantastic! Try it & you will be amazed too!,5,0,1.7,2016-03-04 18:20:57,,
gp:AOqpTOEMGQjL1Zv0_smx9wgB_pdzfml0Esn3BwRDIfVounqjGp_ImDALUpoFItpPFmDhPGaNV4nIRBQ1oLVJgwU,Brian Clark,https://play-lh.googleusercontent.com/-NuXKKocTgHc/AAAAAAAAAAI/AAAAAAAAAAA/AMZuucn75b_6A8kkiWyV32lgVupbeRcRlQ/photo.jpg,Works as documented. In a mixed environment of 2.4 and 5 GHz access points it will drop a faster 5 GHz AP for a slower 2.4 GHz AP because signal strength of 2.4 is usually greater. Would be good to give a settable percentage advantage to 5 GHz.,3,3,1.6,2016-01-28 14:54:22,,
gp:AOqpTOGqzJ4FehQ0NqFgU8OBz-KkGnVf_R79gcW-Bs_ugFEFMMSiLwNqhT0opUDtL1eA5Eb1EWuhRtjOz-ANBBY,Kevin Hatfield,https://play-lh.googleusercontent.com/a-/AOh14Gi87LEiio3xGRkEWnwVBuq-cix4A6iWYPoVsSVx1Q,"I have four floors and 2 access points, when I'm in between my Android devices are not smart enough to flip to a stronger signal, have to do it manually.  Thanks for making this app to overcome this missing OS feature, and pricing it reasonably, too.",5,2,1.5.2,2016-01-13 07:23:17,,
gp:AOqpTOGErUhMoNorciuTAjtVqnpvVwELQ2nmVdnDsvW8Rt5Dk5hAC8WDENxXW_EVF5_v_Et_E6Qu3fCX27jUho8,Marcus Schakowski,https://play-lh.googleusercontent.com/a-/AOh14GhQrmM7zxFcI_GiF54mRnsTscjBKRTO3ghLhVvE9Q,Works perfectly. Does exactly what it says on the tin.,5,0,1.5.2,2015-12-04 22:58:42,,
gp:AOqpTOFzr5fBxLsFEWEG_5wOPqX0K_ssIec1OZfaQRKDkwr9cOsdKb0rxMSXgM8BbfuIKbSbB0F9W_xXOtfZu9U,Harjono Sutjipto,https://play-lh.googleusercontent.com/a-/AOh14GhA4jLBzbz_SHJLv5dNP4eAtoEzMmRIIH2KozLXQg,I need this software to choose the strongest wifi signal automaticly,4,0,1.5,2015-10-22 08:56:43,,
gp:AOqpTOHy9MuEXEIwm_4jZJAhnOld-B7tf5rONaI5zkFQMb_bD7xnh5oI7YMm8hnD479O2nxUPTeA6XcjQAGow1U,Andy Eastham,https://play-lh.googleusercontent.com/a-/AOh14GifgTn0TqPMlksmqI9Q_guVsKd1172cgQG63eD1Szo,Automatically connects to the best wifi. Perfect where there are multiple wifi hubs and repeaters that you can use. Connects to a better network straight away rather than waiting until you lose all signal from your current connection.,5,0,1.5,2015-10-08 01:32:51,,
gp:AOqpTOFkIIdw6s5EuJkpPGTzro-bK2PUQaQrf3HymBWpTf52avRjLoSz_PgTE7-lJ-PYvtXmOb6Iz2Gdl3SpLbA,Olga Baez,https://play-lh.googleusercontent.com/a-/AOh14Ghnow2zSjR8ANJZeW3PrT_dSfB3LZ2NTkbFj9PxfA,Love it!,5,1,1.1,2015-03-08 09:42:09,,
gp:AOqpTOH1mrJN7VjTiRAVTTy1elS-YMlpCGa7RzuUSU_AEt_EqY6q2UwGjC18fJtEdbVofDHMWPFFek8ujKzn0j0,Lutz Braeuer,https://play-lh.googleusercontent.com/-c3YtwJM3nLo/AAAAAAAAAAI/AAAAAAAAAAA/AMZuuclEhJJ81tVTnZwW1sO-PryyQpMR3g/photo.jpg,This wifi selector should be default Android functionality.,5,1,1.1,2015-01-19 19:44:11,,
gp:AOqpTOHV2YL27cg8FO_1i8y8y9OtBajPcOPFd4JdsmVxwjCy15Kl06RyRXNKis4X2m28hBIWjn4831tea6LWKNo,Sunny D,https://play-lh.googleusercontent.com/a-/AOh14GjywALTdHye7pztiChSq9UQoXYUUuo-F3GoHSCE,Work very well,5,0,1.01,2014-07-24 09:23:04,,
