reviewId,userName,userImage,content,score,thumbsUpCount,reviewCreatedVersion,at,replyContent,repliedAt
gp:AOqpTOEiMwAVW8crfRJCxgx9SbYvU9dUbWD3-W1n8T6KPdWFVxKwOWA2m1R8w41ELVGCDladPIrXSWOaMHIXopc,Mohammad Irfan Kamal,https://play-lh.googleusercontent.com/a-/AOh14Gj1R_2YlHCy5tK_ke1E-ws9071dHeF29Usnn_0Nlg,When will you release new update ? You haven't updated since December,3,0,4.1,2021-01-29 02:24:07,,
gp:AOqpTOFbxXb8H6q2-Nn5Q63Zx7f-aaansyAPV8FRIHLIpCOMOCywT_xQfF-Lff-5JHnQxobKayh_QdgLkwxc-Vw,Samiur Rahman,https://play-lh.googleusercontent.com/a-/AOh14GhNmqKXQLbr_RkQSp7lLdWxDxIYswzxN9D0xz0Egg,The widgets are awesome but I'm having problem with the clock widget. The clock animation isn't working.,5,3,4.1,2021-01-20 14:15:12,You have to switch KWGT update frequency to fast. In KWGT settings (left side menu).,2021-01-14 00:00:56
gp:AOqpTOEgRgJWCq11lhNj66iQ3Up0M8KDZUOvPvOB3Bld2yBAHCS1x0W59TVkJ0_FxSRlhiSLb8AbDWpL0yn0hdw,Rishav Anand,https://play-lh.googleusercontent.com/a-/AOh14GjusvXNGlbR2iOZVvgPkP-Q_wZhMXiuZz9Wq8mJWg,"The size of the apple music widget and some of the widgets are comparatively smaller than the other widgets, please fix this. Edit : Thanks again for the help!",5,2,4.1,2021-01-16 06:42:54,They are all the same size. Just KWGT rescaling for no reason sometimes. Just go to the layer tab and set it to 100.,2021-01-16 06:39:29
gp:AOqpTOHLENR-q3rlZBG8HvT24AxU5BMdvQ6J0QSZUxk5C5yd5PtUk0ZjVZiPXeQG0DJWMZ3b-iljcJKfDqUIVxA,Pegah Mohaghegh Pour,https://play-lh.googleusercontent.com/-Px2UI3f82Sw/AAAAAAAAAAI/AAAAAAAAAAA/AMZuucnVMK5Z50UX0uP6t_ToAyTsy0eidA/photo.jpg,Like this app 😍❤️,5,0,,2021-01-14 05:06:24,,
gp:AOqpTOEF8EWaiOOHaxFyp9qbhaDQSJUoNJdMHcXu-rJEaY06IVE1dQZ9m8x2PFwOtRQxZzcvJYVFibQKlfSNj3o,Ashish Enoch Eleazer Eben,https://play-lh.googleusercontent.com/a-/AOh14Gimd1_xT_pZAY6_plwtjD2AO4HwNl87sdm90ih2MQ,"The extra album art is just a show, it's doesn't fetch anything from the player",3,0,4.1,2021-01-14 00:50:13,,
gp:AOqpTOEYuRVbFYk3WU-dtUC56bNq-ZsBGpqCiSmYd-Er85LfCkQ48JKDDzzKMehPC4Zqz4W4_nyQLOdiP8FDPTQ,R S,https://play-lh.googleusercontent.com/-7vxEwj6UvVk/AAAAAAAAAAI/AAAAAAAAAAA/AMZuucnjq6ff0SQvw9sj5eIwH9pY5N_ZiA/photo.jpg,Have to pay another 6 dollars just to use,1,0,4.1,2021-01-13 12:53:28,,
gp:AOqpTOEM5VnlU6wnJaw5fwGCsg4_2MfPuNxVCwC-8BdumXnC8fOeY1-gsBiXGIOxSwfQO3S_S-KBtRWSDVRpg2g,Xoxo Zozo,https://play-lh.googleusercontent.com/-yLA_Q8Gw6YA/AAAAAAAAAAI/AAAAAAAAAAA/AMZuuckF9bBdwTQqpysSDmXEyQCbQgVL6Q/photo.jpg,Love the widgets.. Please add more n keep up the good work .. 👍,5,0,,2021-01-13 08:52:15,,
gp:AOqpTOHYA0-bA1BuNNWN114feFMWE_MKPqN05HFvwcf3QK390tns47YQELDFAi9ROKHexR6FCyqruKvclpWD3JY,Zahra Nouredin,https://play-lh.googleusercontent.com/a-/AOh14GhbrzIBEj-06KiREtttmXzuY4nRzWDQ_iPFu226fw,Such a bad app Why do l have to go pro just to use those widgets this is so unfair please fix it let some widgets trun into normal KWGT not pro KWGT,1,0,4.1,2021-01-13 02:24:23,It's not my choice. You can NOT import or use any other widgets in KWGT without the PRO version.  Said it in red in apps description.,2021-01-13 02:29:23
gp:AOqpTOHiwzfrT1qw3N311cfWmTaYBFonsaPoaIHHvS1BAaW2xRugX4RgnAhr2SLRupyTcFKtsoY-jGpPXzMwVuE,Aqib Nawaz,https://play-lh.googleusercontent.com/-icoDzz3M3hY/AAAAAAAAAAI/AAAAAAAAAAA/AMZuucljiTcSDsOWMu_wyChWpWx3wpWyZA/photo.jpg,I Love This pack Good Working 👉❤️❤️❤️❤️❤️😍😍😍,5,0,4.1,2021-01-12 17:27:44,,
gp:AOqpTOERS-cn32kkqxG0kHjkeciRNjw50Uw6GGMrHQIQTfBrf0M46F_WEKJ_7Gty79cUdR4SI9ZrYhVJeKGf_AU,DIVYANG KAYASTH,https://play-lh.googleusercontent.com/a-/AOh14Gg6KKouJhTbryNt5ctIHBHzRiO-pbxX_En5VfXL,Bakwas application,1,0,,2021-01-07 01:34:56,,
gp:AOqpTOEXQRpeQLCKV2r6l7i8iHgqsRBsGa2VZukFEexkfHgCPi2BpDCPInUXbHXA__6uH0HsLZ9mn3vUhqbcFdU,Sharif,https://play-lh.googleusercontent.com/-KtEgz8FQe3Y/AAAAAAAAAAI/AAAAAAAAMNo/AMZuuclld7Yoz5nbdF3gEP7aFCSOWTZ77w/photo.jpg,Why does the music widget turn back to pharrell when I press pause? LOL,3,0,4.1,2021-01-03 15:33:25,,
gp:AOqpTOGwVuPyucBhFgqj6bIbaLRtbIYuRRQ7iAZjOjoaoo8zQNpFQ29iByYPY3KF8VYDYM7KWdXRA3cLU7bX2xU,Nitin Vasnani,https://play-lh.googleusercontent.com/a-/AOh14GibubOqi2dca2DlMRnLMxRn_9_W55BbWqZXCmqs6w,"So far the best of best! People who rated 1 star can't read properly, it's only for KWGT Pro!!",5,0,4.1,2020-12-25 19:45:59,Thank you for your review!,2020-12-25 23:11:41
gp:AOqpTOEJP2DYmhOuBndIYpE36SvKf9dkMjmJffyS1WPlRt19paolwlAwfDKWWKC1EVMpZowr_jdc7izwhgMkfSg,Baber B,https://play-lh.googleusercontent.com/a-/AOh14GgCxHIoqKDqx6z10DL20td5uu_VmdGz0lAY765yRw,Paid for this app to then pay for the other app that unlocks the widgets you want,1,0,4.1,2020-12-19 04:55:17,,
gp:AOqpTOGx7ppCaD8uJNOjaUEdjScydoV1fsoDiOFi48lVDpgpfGnfb6XGPgtoGfBQxdM-BGJMw7xCiYq7KfBJCzc,Alexandra Maria,https://play-lh.googleusercontent.com/a-/AOh14GjeI4mK1UBIbqgrBBs5oXaU8DPrXaP1hBjQ_2Pll98,Don't Buy it. It doesn't work.,1,0,,2020-12-16 09:28:23,,
gp:AOqpTOGQad0weGdNg4R0SVcfzS0_xgHlcA2m2nRT1A2JgC-D3QvyWseFaLjaTUBy_UUQc1PntYxvNwx8g7XBh2k,Pierina Micioni,https://play-lh.googleusercontent.com/a-/AOh14Ggbrkc6NrlwZXk79fgtJLtDOxbnys-BQPFsHh2Wow,Horrible,1,0,4.1,2020-12-04 22:05:52,,
gp:AOqpTOHM_xDSdFl0Z7XRlP6SNW6wKAcRWvw7Q5Co8fFDyoAcTESziAYU60KKsjQU3aDZFTq9BHTSTgrAMXMigL0,Kumar Mehul,https://play-lh.googleusercontent.com/a-/AOh14GhX4VGL5zG59tM0tRSpl99Cn4pBCOVz6p8sZH6A0A,Love the Design. Absolutely awesome. Heck with the people who gave one star. You absolutely deserve 5 stars bro.,5,0,4.1,2020-12-04 01:48:31,,
gp:AOqpTOFVbgydnPe00g95ZeGB03Ktqh6mRgArWu2Rmby77S-_6in0fYxY0FKsN8al5FrP4_9sib3esHAqK9OAgSc,Shams Kr.,https://play-lh.googleusercontent.com/a-/AOh14GivdT_-Cda9tysMFr9clm4VbpqEh5bXeSW0-SqS,All the dynamic Widgets Don't work. So sirs: what the use of them then?! Please fix them or delete them... I will be waiting for such an update to update my review as well. Thank you & Regards.,2,18,3.3,2020-11-28 11:19:20,Which one do you refer to? Analog clock needs update mode set to 1 sec in KWGT settings for example. I've written a bit in app's description.,2020-11-28 11:20:33
gp:AOqpTOHdQyhapW7jU2t5PMFMUuJrjNTEDwxVTRMYNInUTWjWxQny9y2UYpB88NEghRd2fKox-iFtgtgHvKJrJ_c,Jaden Bishop,https://play-lh.googleusercontent.com/a-/AOh14GjGjjZZlOg9CAYr2PNVtcL8ajgsivJ7oGsxDvMe,My experience with the app has been great. All issues have been fixed.,5,7,3.3,2020-11-20 11:27:47,"Thank you for reporting that. For me it works just fine. Make sure you have KWGT app updated as it recently got new updates.  
Let me know if the problem persists.",2020-11-20 10:11:48
gp:AOqpTOGeYlGv8i2Rap6Vfwqv9gUNg4lZGeZFLJkjam_FRU2MTUySS6_R7kD5E6tmIkZ5MzqR1rtGbtNmCLuQKu4,Khan Waqar,https://play-lh.googleusercontent.com/a-/AOh14Givjz2-ZCi4NboBM8bDBwUG00NQFcV1-2kU4YqeE8M,Very clean widgets also make widgets for data usage,5,1,3.3,2020-11-19 21:33:38,,
gp:AOqpTOEIMPXNu1PG7IUDffAmHVUQltykfNoOxXIXQpBFFcnVOefiaciSmDTBqoXcTYhBjYt0tF7Kysen1UcdjVA,KandyKane's Diy Office,https://play-lh.googleusercontent.com/a-/AOh14GiOcrWdBG4w8o1P9n6oz18sdZ6bJjduAUEeUQgKY6w,It doesn't work so once I install the maker app they are all pro and you have to pay for any of the pretty designs. Could someone help me,2,1,4.0,2020-11-12 13:13:15,,
gp:AOqpTOGekBqtWkagGMmYMnOlif5IO6o2zpCFeIrq61KToVVmUxZKZqYGhlw8rkBsmSnhdDsImfH02iw8YH862yA,Anonymity,https://play-lh.googleusercontent.com/a-/AOh14Gjyr2TxdjsgDHRSa0cX1BRbZiUyLtRCdUxCOPJyNQ,"I absolutely love this pack. Most accurate and polished widgets from ios. I have a small request tho. It may seem like a nitpick, but I just wanted to ask if you could add some blur to the widgets as found on ios? If that could be possible it would be even more amazing!",5,26,4.0,2020-11-11 16:49:24,"Hi, thank you for your review. Adding blurr in KWGT is not possible unfortunately.",2020-11-11 23:01:56
gp:AOqpTOGB96mK-zqCD5rusRhZmYpYIvUNnGQT0sCG00QYoIHYzu_iSIEbEHHWFUnc83OVbjMvEl3wF2y5TKJAdpQ,Gabriel Manipula,https://play-lh.googleusercontent.com/a-/AOh14GhqNmpqjFPdL8jEM0jBSZeqaDUGvHrXXmbGlYyC,"The widgets doesn't work well for me, I've been asking for a refund and the developer hasn't replied to my email. I've tried asking a refund via GPS but it's outside their policy. I want my money back.",1,1,,2020-11-09 09:54:11,,
gp:AOqpTOHlc_4esZpDnQxe47WvtFSKE_Zxmxn35FmuDxvK6p6GwAekvp30XxpEPivaTqO44JnsTfG34CRtlEwv60c,Peter Teichroeb,https://play-lh.googleusercontent.com/-LMqaZpi6mWg/AAAAAAAAAAI/AAAAAAAAAAA/AMZuuclPLtqO5RZ8GcGvtOFumWiNM3atIw/photo.jpg,NO IOS WIDGETS FOR THE $1.29. Gotta pay extra$7.99 for pro? C'mon,1,1,,2020-11-07 23:06:13,,
gp:AOqpTOE46D7dB1YufQLs8QIvq1q_OruxZei03fzapGaUQNOAJPWlWLQgKFSsOq82RJOS2eGg3rpnqPyeBIgEzNI,Muhamad Robbi,https://play-lh.googleusercontent.com/a-/AOh14GhKm4odXkUjQT_ihnWZNHFMyWJ0xjZOs-oAtKJowQ,"please fix the google widget spacing, and use the sf font for all widget icon text",4,1,4.0,2020-11-06 05:57:45,"Please send me an email with Google widget spacing issue. I don't have any problem, nor anyone else reported it. Thank you!",2020-11-06 05:59:12
gp:AOqpTOHj_2Ba0jbYeqYOCZTQLER76nvE566LDePZXpDgRY9XQtoDa0mtcNkgeIUVTD7uAgbavSMpMIgSp7Kqvao,Eli and Maya RAT TEAM,https://play-lh.googleusercontent.com/a-/AOh14GjD4lnJu7kyQiAtyG53hhWkpgbrEtVauZfTl-kjTg,This is a scam u have to donload more apps that arnt even as close to the real i-phone and make ur phone glitch,1,1,,2020-11-05 17:10:21,,
gp:AOqpTOHNsKBzi81sCk8G3u98CMvguvn76y8Djc_ifTrvFXRPyCzNoZvRGR6ukTpovoTHpa6YpZxkUrC4YEf35LM,John Newlove,https://play-lh.googleusercontent.com/-pKMv9YPhVUU/AAAAAAAAAAI/AAAAAAAAAAA/AMZuuckPcEJ_f1WqwG0V9mk00W0Xw5gRiA/photo.jpg,What a rip off once you bought the app you have to buy the upgrades to get get any decent widgets,1,2,4.0,2020-11-05 05:56:34,"There are no upgrades. But this app needs KWGT pro app to work, as stated in red in the app's description. It's not my choice, just the way things work with KWGT widget packs.",2020-11-05 06:24:31
gp:AOqpTOHtocnw0UtpLU7nMr6bS2kjtHghNOr3Eve4u6nUeL3GYnuLbGrRW5pkCcxiO_XIlEdicZBYthl0TX3tlxM,Avocado Time,https://play-lh.googleusercontent.com/a-/AOh14GiLBph6mP5JFlrlrXQL-MhrKFxKnW9eJS2hLBObDQ,Did work how u expected,1,0,,2020-10-30 11:45:42,,
gp:AOqpTOFMvrlBxlhl_EZoOWdPx-7CA2b_qQlchDpCqzb0FL6VWqtPeki-PCmy7d1v536eqMUPLO88aW3fDGp0bUs,Mistral Snøen,https://play-lh.googleusercontent.com/a-/AOh14Gj5Dyy1_WnGQKgn8XtvJeEdSgTiIslJHXtXjqwFfg,"Hey, the app os great and i love using it Just wanted to ask if i and how i can change the calendar widget so it takes info from my google calendar and not the standard samsung one? Many thanks, keep up the good work!",5,9,4.0,2020-10-28 16:20:02,"Thank you, first of all! In KWGT top left menu you have some settings including choosing what calendar the app should use. I haven't personally tried it, but it should do what you need.",2020-10-28 22:25:24
gp:AOqpTOGiNDCzyysvcwGUgSkNF3EIJyeEZkBcLQ6CIsKnn7XZJx45hwkqVuEpYRs6cQKdX7vM5bmcU--IbIKmSk4,havele h,https://play-lh.googleusercontent.com/a-/AOh14GiwF91TekYV2sreM3kT6olxnGWZsrAt-RTZ8ihrGQ,Useless app,1,1,,2020-10-28 10:43:43,,
gp:AOqpTOFWcNh4VnPJQaL3wAbKbp4v4QzQTe5NFvyb5FsKgplCcZe7SpBgG_U5CRrb2kLRq7ajMNNFrDPy6u_sRP0,john young,https://play-lh.googleusercontent.com/-dlmrah68_Os/AAAAAAAAAAI/AAAAAAAAAAA/AMZuuclfYRq-0wzBvF2rufVoHg_lXhSx4g/photo.jpg,So I paid .99 for the widget pack but I can't use it unless I buy the pro version of kwgt. Bummer.,1,1,,2020-10-21 20:28:03,As stated in app's description and it's the same with every single KWGT widget pack on the play store. It wasn't my choice.,2020-10-21 21:50:22
gp:AOqpTOEmTsjRvOlY3ohHlgw87uHFcmpTsr7OzeNF612YuWMxG3Y7yo3T0dlKZrBbsfLTHJUNnzsMNRDOFhhiQ-Y,John Nazarene Dela Pisa,https://play-lh.googleusercontent.com/a-/AOh14GjcNZlR09pBhbrGpflPiLHYM-mOa74HLGMyJKDFcx4,Add the New Spotify Widget!!!,5,0,3.0,2020-10-17 19:09:35,,
gp:AOqpTOHRk9Lm0bGdYPsOGTcIhGnrZuhAbbzKfxetuOdOtkxongcN445krnqnjPLU7O1spdeAi2U7aeb3XN13qLI,Dhaivat Pathak,https://play-lh.googleusercontent.com/a-/AOh14GhZHNmzxU9cFZx9G3O8oVNnutfbdPxTSCvzfnm_Hiw,What Spotify widgets badly please 😭,5,0,3.0,2020-10-17 06:14:00,"I've explained it in app's description, but I'll have an update in a day or two so you don't have to do anything else, just place it on the homescreen.",2020-07-24 04:52:21
gp:AOqpTOHWkI0EibF8UbMojQtW26JfvK_EEzyfKbbYfml74AfbXgaSR_ACVigjk16YEXnwCojsNeCFzSKL7p0bP6o,Abdullah Bin Zahid,https://play-lh.googleusercontent.com/a-/AOh14GgHSWfdF3ed3kbbRckTHBwK-1UjuoOsdWjPDZWD,"My bad Developer , its totally my fault not reading the description well I havent cursed or send bad reviews this app is One such a great app id Get the KWGT pro then .... Thnx for reaching out.😁",5,0,3.0,2020-10-14 05:32:40,"It's written in red in the app's description right here on Play Store. It's because it uses KWGT to build and use Widgets. It's not something I can control, but I made it very clear. Just have to read.
Edit. No problem, I appreciate not leaving a bad review right away. Stay safe and thank you!",2020-10-14 05:55:23
gp:AOqpTOEbRm3pcPecm0WGxkQmAahU102JHQfsKu4T2LoyT9s9ZFnaC1cua0fLJPb2rSNPBreUP78waOHrX8tkn7o,Abhishek Singh,https://play-lh.googleusercontent.com/a-/AOh14Gh3BB2OoTCG2X_UUj8umwrpVN8wxyc_LFf7JPLdr5Q,Awesome 👍,5,0,3.0,2020-10-12 19:56:10,,
gp:AOqpTOHOXWQeLsIrQR3jXk1MrNv8t-HYsAQ9zS6MeQIIacafNvIqlBH-SontAuIO0ZyMK7--WFE80rP89W8_Kho,David McFalls,https://play-lh.googleusercontent.com/a-/AOh14Ghko28h7w8faN-lTwVGO8CDVaFScousmKZy5u2B,Love the calendar widget. Only issue is with the weather widget. Icons are pixelated even when resized. Edit. I just added a 1x1 widget to home screen and it's still pixelated. Tried resizing too. Note 10+,5,26,3.0,2020-10-11 13:49:08,"Just checked for myself. In the editor they do look pixelated, you are right. On homescreen they are totally fine though. They are iconsets, not made by me and they should be scalable without much loss in definition. 
How do they look on your homescreen? I'll digg deeper if it's a problem.",2020-10-11 12:33:45
gp:AOqpTOEsG3hlh3bNRShDUOUd6bGQFUbFgHhX2jMdqn5gnoxIMji8keIR_AareuwXrMHajTN3HkHssu2WjpCvDI0,Wolverineisweaponx,https://play-lh.googleusercontent.com/a-/AOh14GiaYNhJvSQZXpin1F04Vgcrtv-0UIQCscHN0QVQjUE,Can make a widget that shows battery percentage of my connected Bluetooth devices,5,0,3.0,2020-10-11 12:58:32,"Yes, will try in the next update. I think KWGT just added that functionality so I will try to make it happen. Thank you!",2020-10-11 13:01:49
gp:AOqpTOE-cBwqqX5k3QNiiiOkbdoMcJjVKOtsHtwA-Azq5ERez4sErEfKhVCPFH4I_OHlrAjPWuCyQSsznbTWLs8,Logan Coy,https://play-lh.googleusercontent.com/a-/AOh14Gj1SVaNzhFlgu35fIDoO_4fk6_fkFmMT78Gi8n37PE,Great app for emulating the iOS widgets from iOS 14. Easy to use and easy to set up. The developer is very active and great at getting back to you with any questions you might have!,5,24,3.0,2020-10-10 22:37:03,Thank you for your kind review!,2020-10-10 22:38:33
gp:AOqpTOGQzIFuc5bsLjHpOZ7QasA_uhJjetP9QqD7IvzPcgpJ0DDl-yZ9VNgbpQadFe_91uAVNGBhW-bMUnv2jlw,Rohit Ganjam,https://play-lh.googleusercontent.com/a-/AOh14GjIO5hgunS6uAWU_EojTtko2ZbiXmk4UnBBZ_yejQ,Widgets look good and clean. Easy to modify if you want to change any minor aspects also.,5,12,3.0,2020-10-10 13:27:22,,
gp:AOqpTOEmMw0wKL8JUsYmEVFYWyHExSNVma2lk9dgE4VDVemNy41W6g4DCUCzVDqoRZmOXzcIz0QCuNw-p3Yko_4,Ajay X,https://play-lh.googleusercontent.com/a-/AOh14GjCMuM0PmWEgMpT_d86VLUz4yp3Ibf2f-Kf6bNAzw,Amazing..😍,5,0,3.0,2020-10-10 11:40:05,,
gp:AOqpTOGxgXtPP8629N22xAqdPyUQOhjVRlXUiVogYZU95IFyPa6GKCmZGEmPY6vZvxKg67vclPp4f50IuU3Bz8s,amjad ali,https://play-lh.googleusercontent.com/a-/AOh14GhbZJJXpwMoCqITS4zvvopigIZxOZ8KnSDiqNdC,Beautiful widgets for the best screens customization.,5,1,3.0,2020-10-06 04:58:21,,
gp:AOqpTOHWQ3mdeUcQMgGubMBXJai-gV1uPgqkE56iR5v7YycGQN9Wa0dqOrCdB2pVos6cwGlNMpGK51CoP7eqASk,Carlos Camargo,https://play-lh.googleusercontent.com/a-/AOh14Ghq5G-j5efkRy_pTliPrWQO5xAEKlPGhjnz2sT7KA,"I love it, so different.",5,0,3.0,2020-10-03 07:16:33,,
gp:AOqpTOEHOrPqC46mLO4BeHMHxG-HX3iCUcQPzeFO99gdnQ-bPk1SWLSG-Rob02fC5tCsbPnd36hU437ElHMnGzU,Kelsie Ellis,https://play-lh.googleusercontent.com/a-/AOh14Ggfyn3KyLbWtniolnOidqBOrLqzKZ4zxeoHdela6w,Trash,1,0,,2020-09-29 01:15:04,,
gp:AOqpTOEILhWvWn0sna0rk1aFrO92ctJ7THATJ1fFtZ4YQgW_Fr7GfAXwlmWIMh-gVFbEJ9xm6sLeMJIydGCIaP0,Ricardo Villegas,https://play-lh.googleusercontent.com/a-/AOh14GjM2OlrkkT0iDC4kEed7tZ0zPmWofmFq4s5Pbb8,Loving it so much!! Thanks!!,5,0,3.0,2020-09-27 13:59:53,Thank you! I'm glad you enjoy it!,2020-09-27 14:04:21
gp:AOqpTOGNgYF5JySdBPSdqK9Rca37J8ux3VcI1VsSpEWfzEYaTUF7iJKU2og_sKeDnu_VPivDxt_aVJj5xcVoaFU,Astitva Garg,https://play-lh.googleusercontent.com/a-/AOh14Gh_9FIC_rqwaB-t_OFVU7PEFdtQrAr8ZCTg9gUXFw,Great widgets overall The developer is responsive to question & problems Keep it up,4,3,3.0,2020-09-27 01:48:41,"Thank you firstly. Now, that is not a problem, Tesla's last tweet was 4 days ago. You can change what account or hashtag even to be displayed on the widget. Pleas read the app's description as I wrote a how to in there.",2020-09-27 00:42:16
gp:AOqpTOHgbTsfox18IsOsaxrpT-SD64ASw1LomiQ2-0i6-whGKMxOUskdZT06--9p2BMdAca2TqGToHN45dmkjoo,Ravi Kumar,https://play-lh.googleusercontent.com/a-/AOh14GgYVlIE4LtA0BjMxXLeT22DwfXCtGKoAp0-8OYuUg,Awesome job 👍 Pls help me to add the time zones of Paris and London in the world clock widget. What changes to be done?,5,1,3.0,2020-09-26 22:05:27,"It's not hard, but takes some writing so please send me an email as I have a limit of words here on Google Play.",2020-09-27 00:15:03
gp:AOqpTOEN_9zCm0KYn2CSnpfQAp7aS_sCPzVnvhFJFyOEsK9YYNEdMxyA8eZBgOn9_iqVOjknfW-Uq4zqSmS0I9o,Morgan W,https://play-lh.googleusercontent.com/-0xTeJGHC73Q/AAAAAAAAAAI/AAAAAAAAAAA/AMZuucmSGi6DTp9_3dXqtcwsqJECDbFZvw/photo.jpg,"Great developer, with constant updates",5,0,3.0,2020-09-26 15:41:49,Thank you!,2020-09-26 22:26:55
gp:AOqpTOHJjcOeEvHe3C0T9f1V4mAp_HneS8pmclas0h2-cqugyTIMrtTMklrA4vE0y04Rj8b9zTxF6QstmYfibb0,Akhil Santhosh,https://play-lh.googleusercontent.com/a-/AOh14GgBFnXlgbVtwrehcj1MYa6QdisVPjIHTGkJj4RbkX0,Please add month name on big calendar widget,4,0,3.0,2020-09-24 20:02:09,,
gp:AOqpTOHadFayuRZYRtPDRVR9BlPpbtdg2AznQwCNUh3_Lw6ZnrXqYNWE26zveEMexBcjHTZolNAUSDgkp_zN2p4,anivar G,https://play-lh.googleusercontent.com/a-/AOh14GhAkY79qEC1YOyegGFqQC0vy3xZZqb399px1gux_40,Pleasantly surprised by attention to detail,5,0,3.0,2020-09-24 19:59:26,,
gp:AOqpTOHz_BwhAAfipZ1sjHofaEA9NRFVkPgFZafK0oT_hs3t-aLBb6GypHTwqpwh8LoG6A06EX-Aq7I4z0VvqB4,Siddhesh Devrukhkar,https://play-lh.googleusercontent.com/a-/AOh14GglFrYtkMvs3kCCr7Sv1bLKzZC-E-KC8XdRWjptn-A,It will ask you to buy the pro version.,1,0,,2020-09-21 23:57:49,,
gp:AOqpTOG8UxTM-9zMoYJBbMLWTYOaBt03vQ5TrP867g24ysu9U6B7E1tUWA3YYVFxfiGgMU33O4WNI0_oaKcVScs,Tara Regis,https://play-lh.googleusercontent.com/a-/AOh14GjVY6J-AKwxvdrfG8uP55OAA_VHKPlrPoyPw8-3eQ,Why is this asking me to upgrade to pro alwaysssss. I thought this was working fine just alone?,4,0,3.0,2020-09-20 05:48:39,,
gp:AOqpTOHeDAamAJfauXNujB0vlzr0_A_xtTZcoz3r0N7rZjX7c86DdkDI8CSTDb5U18PM602yO7yR2cbvwgeZVAk,DO NOT ENTER,https://play-lh.googleusercontent.com/a-/AOh14GgEmZDm0WS8gWxyIJVGca52zrRQFvvKvBMNNyQfEg,THIS APP DOESN'T WORK,1,1,3.0,2020-09-12 21:03:13,,
gp:AOqpTOGE2TELg2-4kmkduDIO46KS__Gbmb9HkgKFoowlkXv0SZqdi8wj2hD9mZ-VOpEJPPvz8_mWpoiTv7NVyU8,Hancey Samuel,https://play-lh.googleusercontent.com/a-/AOh14GhiIeYFaFUnLgPuYS6Z-_7wYULmv6svr4R5avVn-Q,"You have to editing the big weather widget as ios 14, containg seven days in the week and its details as ios. I wish you could do it.🙏🙏🙏. Excuse me! But the map widget not work again!! I need you help for that.",5,1,3.0,2020-09-10 22:41:16,So that's why you have it 1 star? You know there are limitations with kwgt and not be able to scroll in a widget?,2020-08-26 07:55:32
gp:AOqpTOEmNIfde9FwvPuYfY_jUUfLYxoMFE61ljBexziNSmAfTDHG9qbeK5DC4l2-BUwfFpz7cTkzKz271ZVMiu4,Uzair Khan,https://play-lh.googleusercontent.com/a-/AOh14GiVp61NEB1FlkHKRaWvt9vqyNtrk-2yOA5lL_Zzrw,"I love this app, its clean its semeless its perfectly the way i expected. I could had given a 5 star rating easily. Updates and Widgets are just so good. The reason why i have deducted a star ( i could had give 4.5 right now but there is no option)I travel a lot and google maps os a key needed, but whenever i add the widget into the homescreen the map layput doesnt load up and it just stays blank only with marker and the search icon and food icon, the background is completely white.Any fix/tip?",4,2,3.0,2020-09-07 06:23:07,,
gp:AOqpTOE0RZB8ojbFu8vjbiozixT4VHWydxsXya1pvxXEVNg2Tu2BIkU0lBMnin6eMXvBj1ocpT93QrLS7nKSn5Q,Rene's Uncle,https://play-lh.googleusercontent.com/a-/AOh14GjG9a76iGXBkP0JSLdKrmtp_O-kuGpQhkcI_KhlNQ,Best iOS 14 Widgets I've seen on Android. I've compared it to other ones that try to imitate it but nothing comes closer to the real deal than this. Well done 👍 *Note that KWGT Pro is required in order to use this*,5,0,3.0,2020-08-27 15:10:47,Thank you for the kinds review and the heads up about KWGT Pro for everyone else!,2020-08-27 15:44:38
gp:AOqpTOEmMZo74j-AfyXuDQTlziXkDeXqLAIeDvby5P1-Mojq0PQqEbrkh8N-yH7yFSUWIzSJtCgZbd_OVIyMbqw,Akshay Jain,https://play-lh.googleusercontent.com/a-/AOh14GhGG4KXsyUQxzFathPDoq3fxPjC-mf_uKf7jl_g5Q,Great. Appreciate your work but if possible can you please add music control feature in music widget? So we can skip songs. EDIT: Made it myself.,5,0,3.0,2020-08-24 13:10:36,"Yes, thanks for the feedback. I will add it on the by music widget most likely.",2020-08-24 12:39:43
gp:AOqpTOG8Q1IFbxVoUYF-V5nG5rdSCUaMLg8AKTDtbAsTYkf_PLyj5bFvN3JxfRDexmCCnIMNMWuF4u9Diapt0TM,nikhil,https://play-lh.googleusercontent.com/a-/AOh14GilVYDLtFeP7geSw3zlzM5TPZo5ttaA7Kp3f6WUBw,Love your apps... Thanks for providing it free 😍,5,0,,2020-08-24 10:01:21,,
gp:AOqpTOH2Lr8zNe6ixSMvLvelS2c9mfWd7Tq1NOmdz7DG4NU4aMkZ7i8-izIxRLgK5_kZHDHj9CIjjMXA2TTDyNQ,billy grant,https://play-lh.googleusercontent.com/a-/AOh14Gg_n0xt4Jpa4_ptk5uhyf12Id3Yzi6BniZuDspjwg,It opens another app to pay for.,1,0,,2020-08-24 08:38:05,"Read the description, it's mentioned everything in there..",2020-08-24 08:38:45
gp:AOqpTOEp7R3ZuBn81SLeSK4mprb8BH-vTlcKpmMoq85sPaSKf5W9-4BKgktyeq_pTa073klXt_9RDD1DhM5nC0s,Umbrella Protection,https://play-lh.googleusercontent.com/a-/AOh14Giq5fZFYZHgsSTE2J7c-6WrHBR7Z-j0Evc8SvSh7Q,Hate this app is fake shity app,1,0,3.0,2020-08-24 05:06:07,,
gp:AOqpTOEsqWvN0eo40HFy7ceLhtKXfxsaNRwuDsLQybwztGwmzhLJTqp3JUzCRmpbQKRTPBto-GLAJGJWKm4ecyk,Whusayne Rajab,https://play-lh.googleusercontent.com/a-/AOh14GhdQNLTEACSbDP_6gYYowJeb9LtE4wyJLsOQiJ8xhI,Astonishing,4,0,3.0,2020-08-23 22:51:48,,
gp:AOqpTOEQmg_c0R6fZc4tJBKUTVXG7q44OnxzMLt2JD1AcOf2sUjaSjmnIPEILzNYsooiNw8gOz42bE_kH8L73mk,Emmanuel Dwamena,https://play-lh.googleusercontent.com/a-/AOh14GiVL7r-qcf1k2bKw9cnMQVseC55FB_RYHk1eB9NoA,"Great app...i changed the apps in the messaging and socials folders and used my preferred apps but the icons still remain the same as the old icons...for instance,I changed the tiktok to zoom but the icon still remains as tiktok",4,9,3.0,2020-08-23 03:14:26,,
gp:AOqpTOErP4GPMB0vwj-iMj7HCf-iyNNKV6N7jCrfZnGnlwPrwJZUR-oZ9_Ni074XB7jTFi7mlEqVAAZBOZPM48k,muhd irfan,https://play-lh.googleusercontent.com/-paln-b3Stqc/AAAAAAAAAAI/AAAAAAAAA-k/AMZuuclsLFGcUVBO_t6MXp9xA9yrzMBcCw/photo.jpg,Very best !!,5,0,3.0,2020-08-22 05:55:57,,
gp:AOqpTOEQHlzxzefVdIENNebES0dRttfx7Cx8yvhC830vDn40Bt8__8YEAixTE5A1417jqVbX0cSfkPtR8h7WQO0,Manaf Alhashimi,https://play-lh.googleusercontent.com/a-/AOh14GhIrQE_YiA_eSqGX0diCUmq5FnOd3Ee_784a5_dpQ,"Nice updates and consistent . You need to fix the music widget text position I fixed it by changing padding . Maybe you can add maps widgets already made one myself but it'll be a nice add to the collection . Edit : map widget is added and it's Genius, all the work was put into it is amazing .",5,0,3.0,2020-08-22 04:32:48,"Hi, thank you for the feedback and the good review. Will fix the text issue and add a maps widget in the next update. Stay safe!",2020-08-18 22:25:56
gp:AOqpTOEXrZtuuwT3SOFOa4kw8y9f_5Vsv8EOAaV7fjNHmAtjLaSX6qlLssf7_Pv6RJf8DHRelSU7HCU6U4K-8qg,Aurkopaul Datta,https://play-lh.googleusercontent.com/a-/AOh14Giiw2eJMDBMUbxXHd0gPsaY14YJQ9R8L-d4yDdoDg,Fantastic widgets. Could you please add the widget for battery and used/free internal storage in one,5,0,3.0,2020-08-21 10:51:04,,
gp:AOqpTOHbFcNdq97US9Wc6-wReb_SJYqlKPGp77eOFZUqkMbs6F0RoP_XVEv18n23OIF3jE64qawm6TzVuue_jzE,Joe Godspine,https://play-lh.googleusercontent.com/a-/AOh14GgV5bJZtQgOZ-uSvi-wue1ArKIiLdvXoxwZdXilbw,Recommended by HOWTOMEN,5,0,3.0,2020-08-18 04:27:43,Yes! Thank you!,2020-08-18 04:37:55
gp:AOqpTOFVYQUyoWDPlF800Fy7RTzzkQiztCMbIBa045EFGTJ6T3rzMrTYNmSQ8ALikCi0CS772Q-cAqd5TsVVx_E,Manmeet Singh,https://play-lh.googleusercontent.com/a-/AOh14Ggmzuan3talNj8FC0FN9QSMQv_UxXGQVk4lmac62w,Awesome,5,0,3.0,2020-08-13 08:27:32,,
gp:AOqpTOFhgSrkEcg9jHBSOdtQZSlwqWxOvQO9bL-N94YLgf2086uLwJl4Jz9YsjF1w7-vVycByMoq6VcxmvFhtK0,Mahmoud Ababdi,https://play-lh.googleusercontent.com/a-/AOh14GgHXis_w9rjYPFGXE6MkO-_I4Ubh-RDgAsUfpShvA,"One of the best widgets ever ,Nice and clean and modern . Excellent work and keep us with adding new widgets Mister 💙",5,1,3.0,2020-08-10 20:39:32,Thank you for your kind review! I will keep adding features and widgets. Next update I will add widget names with a simple on/off switch for that.,2020-08-10 21:38:53
gp:AOqpTOE-WZBffKTZnrCjfHi6JKfaliZ2D8DeNew-Om5VYejSm5EfLyUZTRjkHfQyNW84BL5jAb_C4QmYaS4gjxg,Jason Kehoe,https://play-lh.googleusercontent.com/a-/AOh14GhnMVHC5fFTqnm4w0FSMPYIxb9p-tVQUFCW2sFl4wM,Fantastic set of widgets. Keep up the good work 😎👍🏻✌🏻,5,0,3.0,2020-08-06 13:44:53,Thank you! Will do!,2020-08-06 13:46:13
gp:AOqpTOHhncGVZTmG1yOdcrt-3oA3VcEtyE5NCEy5ZM1VwMCiNNJY8WpuVj4uJH4a0ty3bWGHP0yKut26DASw018,Mr. Whis,https://play-lh.googleusercontent.com/a-/AOh14GgRPjfy1KlNE4ruhDOuRUvBG5BAmCRXlFEaPapP1A,Didn't work for tab s6 Update Even though couldn't get the app to work the dev at least tried,2,2,,2020-08-04 06:24:39,What do you mean? What's the issue?,2020-08-04 05:55:44
gp:AOqpTOFWYwne1tM1-XCIKYzQVkcihc8087WPmDq7rnDt857JxDDg56QkRSteQt32x8hSviSPcOhqIKOdhgyHJUA,SEA MOON,https://play-lh.googleusercontent.com/a-/AOh14Gj3KctnRaUcT9gNHF8mNjVZLTbBN9HYIODVZNSs,Very Nice collection of Widgets 👍,5,0,3.0,2020-08-03 21:32:40,Thank you! Glad you like them,2020-08-03 22:11:54
gp:AOqpTOEFNAPV58vKl6iaqeXpD3vFXZZfb7WHqnBnRL3Gve7GNSC10QdNLh468oDkWO6yWA8C4zao1YAmwZXz9Qw,Ethan John Lagera,https://play-lh.googleusercontent.com/a-/AOh14Gj-Cv9qowsfRuXRICaKfhXPsIxYrn5TKazntAPehw,The widgets are nice and fine but adjusting them to the proper 2x2 size is quite a bit of work and tinkering.,4,1,3.0,2020-08-03 11:39:07,,
gp:AOqpTOHqNmNnhJWVZIT9DFP6G5KPCcgnE2VkGWB2fFRslnAtC8jUi0kHQqPv5HCuaBjL2S1mioIYfBiINukw1IA,Najmul Islam,https://play-lh.googleusercontent.com/a-/AOh14Gg2ds0M9v1zO7CHR4Ki5h1r5v5c3OUheibU1IVrAw,The best ios 14 experience!! I am waiting for every updates.,5,0,3.0,2020-08-03 09:39:48,"Thank you! Last update was today, hope you like it. More coming soon!",2020-08-03 09:44:28
gp:AOqpTOHLjCeWEcyYeVKNDXnnEJh-nf1P4LyMucRqedPRKLhzyLhAHt4Ny8-yhaiqhj3Mg5N3oSkEYjTrayQK6Eg,Julius Schmitzer,https://play-lh.googleusercontent.com/a-/AOh14GgB9gCmsythD0nAHtJMWYA1AqhC0LkvXVLxK_DNeQ,"Great widgets! But It would be great if for example, wifi icon change color when wifi state change. Otherwise good work👍",4,1,3.0,2020-08-02 11:06:41,,
gp:AOqpTOGX6RTSf8Z_FO9PBDdI4m_tzL_9wPfHv2fVQwvYuQPc0V6uC6bhc-61RSAHG2sIUMplhv1IwQ8q12oZvJY,Charlene X,https://play-lh.googleusercontent.com/a-/AOh14GgiDTBXEJ_zW-XM4sOkBJGOdMIgRkRpzZLCe1i0AA,"Nice widgets. The second hand on the black analog clock does not rotate right, it doesn't move tick by tick. I'm using iOS2-9, I wish the background would change according to the time of the day.",4,11,3.0,2020-07-30 10:30:24,"To ""fix"" the second hand go into kwgt settings (left menu) and 3rd option from the bottom should say ""update mode"". Change that to fast or 1 second, that's it.
Color changing according to the time is pretty easy, but most users just want the widget for looks so they change colors accordgin to their setup. If more people ask, I'll do it.",2020-07-30 12:38:46
gp:AOqpTOFkUD7u7w9QF-BpgzMmJZl4ThZB68LRZ0gLicpKOrqqrzVtO8LQvUtsTD87N3zt0WZ2FwiwyGzb-RDmPbg,Tekno Spark,https://play-lh.googleusercontent.com/a-/AOh14GhG_nJqme-xqQdW2N2shNB0AOvLeW4hlrZgHRq2kQs,"Great work bro, both the widget packs are worth every penny",5,0,3.0,2020-07-28 11:46:33,,
gp:AOqpTOHQbp0lauMlacFvURs_6ljUXXk4C9wOn4szLtA7ZD2PYPDiL4Yin-N-OxXiT0ZG7hS1jugDs013vmNJBPI,Hossein Al Taei,https://play-lh.googleusercontent.com/a-/AOh14GhlJRUjA2hpBSuE4XFJP2j1kOr_YGpHg9OJVzGHbg,ممنون از این همه برنامه دلاریو به ما مجانی داد وخیلی خیلی خیلی منون از این چنتا برنامی عالی از این برنامه...,5,0,3.0,2020-07-27 17:55:36,,
gp:AOqpTOFvvtTd7rNgrroh7aQStUN5-GxrMzjh6EM2IHjS9hZSuMwKBelWYjFLlFjG5UlBPH-CGEAK1M_GC3GyQtM,Arijit basak,https://play-lh.googleusercontent.com/a-/AOh14Gg7iHsr7J1FNcQSybb0WnN_EzL8Z9GOqnXfo0bLgH4,Very beautiful pack of ios style widgets😍.. it looks gorgeous in screen.. I love the widgets it's also have the ios docs and the new update makes it lot interesting.. definitely worth to check.. 💰💯,5,2,3.0,2020-07-26 13:26:19,"Thanks for using the app, I'm glad you like it.",2020-07-26 13:28:57
gp:AOqpTOHZgm5auTCj7KMBKf6wB196rSlonHhOtS0dI2dUDO-VyY0kRSPoSkher_49FWIAeWQvl7Cz5Zi9MdzCUZo,Ali Aram,https://play-lh.googleusercontent.com/a-/AOh14GiIL8X58wzKztjLRWMTUE4g8hFratInQFHeQQTkFw,Great app but please why the health widget not working?,5,0,3.0,2020-07-26 12:22:18,Read app description please. You need Google Fit for fitness widget.,2020-07-26 12:24:02
gp:AOqpTOGUzoaA2uVP_GhU8fFgeyCS0amxFPv0ABye73wf73_vEQeI-7XWGDbakxEOVTZ6O8ut_B4xLLRL0BQbU78,NARASIMHA SAKTI,https://play-lh.googleusercontent.com/a-/AOh14GhtpgS8qb_FY_03_9_TEwesFZM4Q62Iq0v0InIe9g,"Nice one, keep updating.",5,0,3.0,2020-07-26 12:18:07,"Thank you, will do!",2020-07-26 12:24:14
gp:AOqpTOFJiPhSrK36T0jSH2GLzvo8MFEhsNTnI2TAWRe7sSYtgABhydsjKRkLy0o-qA_y7lcCW7gab5yXXXXjA6E,Ali Aram,https://play-lh.googleusercontent.com/-Wt-uqHyFO0c/AAAAAAAAAAI/AAAAAAAAAAA/AMZuucnT4QT9CTIh_WhEJqSGQNPbdnIMRg/photo.jpg,The best widgets ever for kwgt if you love ios 14 don't buy an iphone just download this app. 😂😜,5,0,,2020-07-26 10:49:07,,
gp:AOqpTOFYPpmDp1EqHvF-fSFJ42Odv007mbcaO6OoSDyMNkzclMJh-j6Us9ZXHEx-EL4KhPFlA8QFs1tUHjIzLNQ,Alif Akhmizan,https://play-lh.googleusercontent.com/a-/AOh14GjgYkpTHXkreTOCrvuMIoD59HMEa77JAxWLPnQOBA,"Exactly kind of widget looks that I've looking for, almost identical with what you would get on iOS. Just that some widget doesn't open the preset app when triggered by clicking them; Music widget when not playing, instead of music player it opens Telegram (already set to open player in trigger actions). However, still great KGWT widget you could ever find in store.",5,0,2.2,2020-07-26 05:32:04,"Thanks a lot. Some apps don't open the kwgt editor on purpose, but the music widget opening telegram is definitely some issue I never heard before and it shouldn't be there. Anyways, thanks for using the app.",2020-07-26 05:47:24
gp:AOqpTOENzAAIETS-V39OaGaV3CxOe_lC5NQp8ZjJLVXnh5nU6qw_9yp0gMtXdmJJoCTOBV6lkg0QS7DPz1p_Uts,George Quiachon,https://play-lh.googleusercontent.com/a-/AOh14GjFM3rpBYxU6T71rsPLGtiYgIu3bho-2v9WOxUfCA,"I like the style but in some widgets the text is cut, how do I fix this? Like in the battery it says ""discharged in 21 Ho..""",5,0,2.2,2020-07-25 22:38:34,"The text has a fixed width so it doesn't display on more than 1 line or goes over the rectangle behind it. From my testing you cans till understand the info, like ""21 Ho.."" it's obviously 21 hours. 
If you want to change it, you can quite easily. Send me an email if you want a step by step guide.",2020-07-25 22:37:21
gp:AOqpTOHzGMiz37zzyGo9geH0crM_eZNtprl4iPZKTAs4RVfCTs4izvNewbnIFlFzvUrP0vg9BXgsjzLpYE1F45A,Prashantha K,https://play-lh.googleusercontent.com/a-/AOh14GiQdP-HSF7TNDpQ83dFNLKYHVDE3_oxXiR9cyKkZpk,Good experience of iphone style widgets,5,0,2.2,2020-07-24 20:04:20,,
gp:AOqpTOG9m8livw_gAVxpdb1AXMlO_mZLYrINk62mL83kfPINiNEfc4JHeTCbQk-olDNHTeAypvumpbNDksVuQ4U,Daniele Oppedisano,https://play-lh.googleusercontent.com/a-/AOh14Gh9QEDZufI6UqSRAOai3PcFSOCtu_VQdjWoTLPoFF4,"5 stars, great widget, I would like to see more widgets. I noticed an error in the clock widget, the 7 is missing there Is an 11 between 6 and 8.",5,1,2.2,2020-07-24 17:45:43,Thanks for the support and for the feedback. So when there should be 7 o clock the widgets says 11?,2020-07-24 23:02:15
gp:AOqpTOH40qbXMt3_kM9L6Gc-XK0Rc09XVX_OwSv7x5wdB8ecbsak1wOr_zpc8g0k8tiPm3mxa5fv8SNCY7Xq2-M,Chuck Kkay,https://play-lh.googleusercontent.com/a-/AOh14Gj9a1I49WMFkN7GVX21RimfhUjlScGV_WpwJdKB,thanks for free.,5,0,2.2,2020-07-24 15:56:04,,
gp:AOqpTOFWu0aFJQTtHxMMVgqDxf2POkytfxIWsspdZ7o2mon52j1dmN8nLDNuz1DVzIltwJtnazhXNcQxX3ICHyo,les goodman,https://play-lh.googleusercontent.com/a-/AOh14Gh_0IbuafO8UCDqPp9GilJznpQip_Egl1_NzZ_N8mc,Straight up awesomeness.. 5*****s,5,0,2.2,2020-07-24 13:17:56,,
gp:AOqpTOF3QMS-oqhShU_hoq9zpaKh5R_JoZjv_bP69WB-bikMU5MXyaAa0rby_nS8kn5ZSvrzNcy2A7QvhcToMHk,Priscila Pusca,https://play-lh.googleusercontent.com/a-/AOh14GgTJOd8oMCLAcQWjFPQ0RSg4Jq6WaQy6iBhepGTOw,The best ios widgets app on the play store. Great quality widgets!,5,0,2.2,2020-07-24 11:41:01,,
gp:AOqpTOH9aXHTDqyfd2aHNMhhblZx07jbLBFlQzIDAAvR8l61uOjPVrs4quoE6zXINoyshOBJeMnwvvNz7g93Gi8,Baby Lab,https://play-lh.googleusercontent.com/a-/AOh14GhYjkaK71GsYgHFqpUFiOvUSwMe7roMbysozjg-,I really like the way the widgets are created awesome widgets. I have 23 widgets in my app and all are awesome and I really request the developer to bring more and more widgets as i spend 85 rupees on this app. I literally first time buy an app from play store and i really happy after my investment,5,1,2.2,2020-07-24 10:59:04,"Thank you for the support, you will have an update tomorrow with 5 more widgets. 😁",2020-07-24 11:13:27
gp:AOqpTOFvpY4l9RyOyL0dVb4Bf1rZEUcj7RYVHxH0g5ESwI6hw51Oqh3qCvujOEBrao0Ty6yVCO1OETjWGPxocSM,Carlos Melendez,https://play-lh.googleusercontent.com/a-/AOh14GhDISvotW-_o_9PtHguiWRzs9hCBfRzXaqeXmZgZ6o,They look great,5,0,2.2,2020-07-24 08:49:55,,
gp:AOqpTOFTi5rbTwmZqKc84msH5pmwwCLkQRbLhMglp1Rnb7GkoURyULFyIMBM0vyQgDmbx7Be5Nf6rqFehF2SOo8,Srinikethan Mankala,https://play-lh.googleusercontent.com/a-/AOh14Ggm_J_pL8up3FhuiqYE7_O-6HxKC1eHt51IrPY114E,"The battery widget never updates for me automatically, I need to click it and it opens kwgt editor . Then I need to save it..so that it refreshes..any work around in it?",4,2,2.2,2020-07-24 08:26:13,"I think KWGT is added to battery optimization maybe and the system freezes the app. If not then you can set a lower refresh period for KWGT in kwgt settings, 3rd option from the bottom.",2020-07-24 08:23:50
gp:AOqpTOHHzQfzcSBSvtElZeEN0HMPhojs3gRzNsbutjLbO4i67IN-_1bU9IutG0ZZvpc-htDIqxTVj14qIZqlpC4,Karol Medina,https://play-lh.googleusercontent.com/a-/AOh14GjBzeV6XihQ9z3AxsO7weSscNd_ze3to-_VTnDAxqU,Great job. Thanks. Can you tell me what is the icon pack in the pictures? Please.,5,0,,2020-07-24 07:07:38,Thank you! It's Juno icon pack.,2020-07-24 07:10:19
gp:AOqpTOFJXlg29fbhC2jeuUVKiwL_zLjDdDZJ_uoK9oDzMcdpfAQTondkDWobz1zCh2tsJQy0qg2M8BqixkFWX_M,Omkar Vaity,https://play-lh.googleusercontent.com/a-/AOh14Gj_UiHZ-io9aMSg_VT4FoXu6BMkXVQpsuRCC9wYTA,"Perfect. Please don't complain that there are less apps.. this is the collection iOS 14 offers, that's what you get.",5,0,2.2,2020-07-24 05:35:56,"Thank you for the support, more widgets are coming in a day or two!",2020-07-24 05:43:36
gp:AOqpTOEsnE2ST8lbyZYZ1FBXfPymPUd8ONQz0WeDy9vSO4lT-DjFU17yLcME1DETziBed-q4K-t28z_bpq-RbOw,Genaro Arce,https://play-lh.googleusercontent.com/a-/AOh14Gh-vgg1g-wVIB9mvKFn7C39bs1d8FSVa0by78lqAkg,"Thank you so much to the developer. You are amazing! Greetings from Mexico City, Mexico.",5,0,2.2,2020-07-24 04:28:49,"Thank you as well, all the best!",2020-07-24 04:53:01
gp:AOqpTOHE3rIEdqkFiZpG4Aj6SO4oLf6TzxUHqF3cqj9g0apoirJBTkGZTz_QFFwsG-C9Rt25tQizmcCud5--TL8,Ibrahim Aljutaili,https://play-lh.googleusercontent.com/a-/AOh14GiiBLWjEC8IVbnibK0807E-C4QE0_qxHe3yMRBmDw,👍🔥,5,0,,2020-07-24 01:20:23,,
gp:AOqpTOHBrDkBwzkfX2J5nfdIHrDDvaugAsBIBGmAlEAkduSzA23oH3US3I3JaViG4yGTnimEpt9vZ1a_1bcjvK8,William Hutchison,https://play-lh.googleusercontent.com/a-/AOh14GhimFjiUfdKkTvyMLa4Qkr9YwVU49FLq04wuLE-flw,Beautifully designed and crafted with excellent quality and detailed decor plus a wonderful selection to make your screen really stand out. A must have for anyone who is into customization!,5,7,2.2,2020-07-23 23:53:03,,
gp:AOqpTOF38n5EEvENbhAJPPZoKVbeW-G_UDDaesQEMU3my5aon9w3GzPmHwU9IFmGWOxOHcxk9bYRly9QKDYHsj8,Mohammed Shahebaz Ali,https://play-lh.googleusercontent.com/a-/AOh14GgHigS_Pkxxi5PlD7iLWIoOlwqndkbIgbpuAvBUog,Great work.,5,0,2.2,2020-07-23 23:43:27,,
gp:AOqpTOFIvsOMqwQStkIUCkjLNLnYzI5hiwIkiKJcvX8qe2AEWKaGJhHlAHyTJZlVW5hOOVFsf3OAf938GOmPREg,Sagar Khetle,https://play-lh.googleusercontent.com/a-/AOh14GgeaghAAF76Y8L7_IocNqEw8UFtVotkMSveuTDW,Awesome work by the developer a these widgets are as close to ios as u can get,5,0,2.2,2020-07-23 22:42:23,,
gp:AOqpTOHrFg6swB5TAcJukXHoMp2Awa2_BynIC_ZuRLIPr1eV1L995g86Lvvpr4iCtzs1dJcQXDud9Xc_tmNV9Ws,J S,https://play-lh.googleusercontent.com/a-/AOh14Ghw0-edJ4p7SIaVLml6ZFgMJtqpsFX5pw5C7xDaow,"I'm really enjoying these widgets. As the developer states, you need to have KWGT Pro to use these. Everything is well made and easy to adjust, and looks very similar to the new ios widgets. I am very excited to see future ones added as time passes.",5,37,2.2,2020-07-23 09:57:16,Thanks a lot for the honest review. New widgets should be added in 1 or 2 days.,2020-07-23 10:08:53
gp:AOqpTOEzqLb8I2z9oDw4C87oA7W99jOErh9W8k0Bgxd8l2VapXRpjDi8oDYn7MagXxwx4RRKy1c-qULAybX3HEQ,Naveen Dewangan,https://play-lh.googleusercontent.com/a-/AOh14GjK-oC3ilkVs5Nx9nXog_NbsEU50x_nhmNfq2e7mA,Man loving it so much!,5,0,2.2,2020-07-20 22:39:18,,
gp:AOqpTOEaIu6fJBDqkFWYhQ0MOVDtPJwezGaNEX45SIFsGcMsw9OiEDJAZJnCtBPdhFQbxLMuk_PJCPfLewMMvtQ,Alexander,https://play-lh.googleusercontent.com/a-/AOh14GiodJXcCMYQ3hdqaF2kO_QeH1CJuqfb1x04fH8Em0s,Really enjoying these widgets thanks for the great work! 🔥🔥,5,0,2.2,2020-07-17 20:07:25,"I'm really glad, thank you!",2020-07-17 22:02:33
gp:AOqpTOFVKwcM5dMRVLDENpK6NLIOao0SIQyNv4siC9wkb16ZSdoMeBOPvBRg_TsNl5IPW8ZL7ItoPJVryji9COI,AR26,https://play-lh.googleusercontent.com/a-/AOh14Gh7fP40GQi5RX-fPAnQmKNCwyX397-9RoMGnkTBGQ,"just bought it yesterday, so far good looking widget, using lawnchair + this widget and i hide my status bar, my friends thought i change into ""ifun"" (our slang from iph*ne) lol, keep a good work dev 👍",5,0,2.2,2020-07-17 15:33:36,Thank you for the support! We'll do!,2020-07-17 22:02:02
gp:AOqpTOGfOhCRV0N3r8nZz--KGw0rmmbPmjC5ABTW19XJdLEuzvpocHM-YwQv_IejwV_ZUENdw48ec4R8qwCZs3Y,Freddy Schumacher,https://play-lh.googleusercontent.com/-iyBJx14jkf8/AAAAAAAAAAI/AAAAAAAAAAA/AMZuucn0Q17zUFhJ9Y3h_jAP8wSdHRjMzg/photo.jpg,"Excellent widgets, clean, easy to use. Worth the investment.",5,0,,2020-07-17 12:00:08,,
gp:AOqpTOFljbun5ZcN_mEBqHm7UEAOU3QJr94egSnepbvI85DfVNSccVcjECK3zDR9KG1uxnvLCjc1LP7LP0HpAAQ,Tech Solutions,https://play-lh.googleusercontent.com/a-/AOh14GgYNfTzUaLO6djyftCvWjbSXLPejUyHGvV8y0m0,Its very shame on you ..you just copied the works of a very talented designer udhaya chandran from dribble.he is doing so much labour on it. Really shame on you..guys dont sopport or buy this pack.,1,0,,2020-07-16 22:27:16,"Do you realize my widgets don't have that huge shadow behind each element and they really don't look nothing alike? Sure, the layout is similar but that's the point, iOS like widgets...",2020-07-16 22:30:48
gp:AOqpTOFMA937Q2qDF07vH8jbIffdhgO926yiuKeKjG9SqR6vN7ZXA3DqoyEK9AMEVVJnWVAPA9w99Ex7bRDBoh8,Tupazz Le Booze,https://play-lh.googleusercontent.com/a-/AOh14GiIWMOlwwPq2ApkCQNhblU8JEkDpGGkCzzKXBPV8Q,Simply what is needed. The option to customize. Hope to see more widgets. Paid for it. WORTH IT!!,5,0,2.2,2020-07-16 05:13:29,Thank you! Updated yesterday in case you've missed it. More updates will come!,2020-07-18 05:34:50
gp:AOqpTOFE48tY-4SyCB9GGtGgs2PPnW18hB_ro8SWEnUbR6aFb5NYZSK4Y_i_xHceJU9oLsDfnQrZiwtW86fwu0E,Tim Hartshorn,https://play-lh.googleusercontent.com/a-/AOh14GhcO1rij2aL9B-X-hK6PhmzLVTi7rkkYvSB8qi2cw,Shows rounded corners but they are all over the shop lol,1,0,2.2,2020-07-16 01:30:12,,
gp:AOqpTOFzw-2n3_PFiOpfmWr1i9EDL1me4hsKeoc8Jm1XcXQ8LPk-HH3LRrrNLr9z9PP5JYZm3yZ6dI7mBTIpWlc,Sahil Dahiya,https://play-lh.googleusercontent.com/a-/AOh14Ghs4T4PttszaafOCNlJi5qlZ9zBaXOItFrTguUm0Q,good,5,0,2.2,2020-07-15 08:57:55,,
gp:AOqpTOEIsd3p55l268wBL2AQpN3cQa5p1UTPLd65muW3op_2EL6Wk7kAUvtqTSh3PguMW8Y7cpB09i1aZ0EQhVc,Pete Thompson,https://play-lh.googleusercontent.com/a-/AOh14Gjd2IMI2G-KwxzXpB3jDsghTGJzXyUJXmm8ZFX2WQ,"Great design. One thing I am struggling with us the settings widget. The airplane mode doesn't work. The other toggles do. Is there something I did wrong? Thanks for the reply, appreciate it.",5,9,2.2,2020-07-15 02:03:22,"Hi, no, you din't do anything wrong. The toggle for airplane mode is set to open the settings activity that would lead you there. I think that depending on the phone, it might not take you there. I would have done it otherwise, but KWGT doesn't allow direct control over airplane mode and mobile data. I will set it to open settings next update.",2020-07-15 01:26:38
gp:AOqpTOGgQbFz0MNBUQFsK6QbI020Fzf2F-Y5Er_9ZLBQFIQ67DMlnCFDToANDiWZa78aUI20DJUsbbimFtj28_A,Asad Ali,https://play-lh.googleusercontent.com/a-/AOh14Gj84NYOlN2zrXWUz3VzEkfI59cHhNr7ZZYm_4bNgA,Great work ! Thanks and Appreciation for these widgets :),5,0,2.2,2020-07-14 04:40:20,,
gp:AOqpTOEpcifqA5WVp_rEUFa9011WEtOtljOGdM2eik6boRBmSu4UtiPOyGCap9CMk8GhiueeQu8CqGhXUhNtixw,Hans Jurgen Marin,https://play-lh.googleusercontent.com/-KKgSFucdAM0/AAAAAAAAAAI/AAAAAAAAAAA/AMZuucmp2QUTHhABuRZ4YvQR2yXIdhVPtw/photo.jpg,"Misleading information. Thought there's already a pre installed widget for ios 14 available as shown on the images, suddenly it will prompt that a pro version must be purchased again to avail the widgets advertised.",1,4,2.2,2020-07-12 11:13:26,"Did you read the apps description? That's the only place I advertised anything. And the title says clearly it's for KWGT. 
You have 2 hours time to refund so please if you didn't read the description first, refund .",2020-07-12 11:28:19
gp:AOqpTOEJOWEkX1ndUlAWOwhJ1YZayJIDqYprw-Qd_piB6RycPocwzoZlelXY_PzEXS7lz_FsDgsUbsE9WVj2_p4,N Sanjay S Nathan,https://play-lh.googleusercontent.com/a-/AOh14Gh64pZjImqCzEBIwDYBNCxH0NQfr454D1Z85Gnpdw,Needs a lot of work.,1,0,,2020-07-11 22:59:10,,
gp:AOqpTOF3uakQ_PTKbXLCB2uNxZw2cVIUhjJ8zqGERulvdgV94nZJAW7e5IxQX1u4bbbZqIlY9WoORppD7_5fVfA,Alexandra Sheviakova,https://play-lh.googleusercontent.com/-gJSjOXHXW_0/AAAAAAAAAAI/AAAAAAAAAAA/AMZuucmRQ6g3GAvx7mP53lj9yBud47XMjg/photo.jpg,Bad experience. Have bought these widgets but turned out that you need to pay more for another app to download 😬,1,1,2.2,2020-07-11 14:46:39,As mentioned in the description... This is the same with any other KWGT pack and there's nothing we can do about that.,2020-07-11 21:59:21
gp:AOqpTOGUJK0zK8h3WxjHI4a9JESaN8AY-MMe8qACBATi3kby0wYcMLTttZssux2Rzg-ezGHufwIs_tdxdJsBfWE,Harish I J,https://play-lh.googleusercontent.com/a-/AOh14GiKML0PienJhyGrrRRygtqLj0k1dMQMtMCIoPLOzg,Perfecto !! Loving it,5,0,2.2,2020-07-11 02:38:55,,
gp:AOqpTOGLeF8q_S0hV9czwOveYLVmSKznhDSChjOEtZbsUD0Uar1h11zusjsZi1eO_ngx6MZ32hin4pKJQhky2XA,sridharan,https://play-lh.googleusercontent.com/a-/AOh14Gg5cAe16x-8xWs2xWPDumuDQcYUrv9GnWjwtlz5q44,Brilliant widgets,5,0,2.2,2020-07-09 21:02:09,Thank you!,2020-07-09 22:29:06
gp:AOqpTOGmwRn_OUSElXl_VnXh_PJj-wWJIUAXv9tEHuX5yHp9Gw3rCpd8_TWZkneH4_pdNP9eCXdrEmE2R8BRm_c,Eliora Shira's Vlogs,https://play-lh.googleusercontent.com/a-/AOh14GhNRMFnTOQ5W1pgNvjTfK4JGYmZVP8JgVk59ek19g,Can i ask How Can I show the steps in the widget. Its not working just showing zeros. Updated : Thank You 🙏,5,1,2.1,2020-07-09 10:44:38,You need Google Fit installed and it will work.,2020-07-06 22:29:21
gp:AOqpTOF4pi0ZnLoIkntBwJ7M3IDrgwzSSFeN8Vg8IbOJJ3C_d_Oi8Mc8ITyq3WtdQT8g01mistVqLUBM-GsFLGk,Adam Richardson,https://play-lh.googleusercontent.com/a-/AOh14GiglJ8pc6wi6QSaTWN96j0kaK_39YroaWiop29rZPc,Great Widgets. Here are a few finer points I am curious about. How to improve the speed of which the weather widgets update the live weather? Can the music player widget stay on the album art of the last song? Can the gallery widget be linked to Google photos ?,4,8,2.1,2020-07-06 14:49:28,"1. Yes, in KWGT settings you have some options on how often it refreshes weather information.
2. It's made like that on purpose, but you are free to modify it. Send me an email if you want more info on how to do it.
3. Not sure what you mean. If you want photos shown from the cloud the no, it's impossible with KWGT.",2020-07-06 22:32:36
gp:AOqpTOG8luKUHDz7MJ0lKb1KvI-XwJk7pkHAPzoYCcTjkwTCtt1cgE2_7KlXx9t66m1Uv4H1sXFmmXSyF1lXa_I,Lowerhalfgringo,https://play-lh.googleusercontent.com/a-/AOh14GjYHkdmvhUG1TAuQ3a5hxihGA8_2RxDweUnMXROffk,"You get 5 stars because I couldn't leave 10! Great work, looking forward to any and all additions to the collection.",5,3,2.1,2020-07-04 23:47:32,"Thank you so much, more will come!",2020-07-04 23:53:20
gp:AOqpTOFkXXe3ii4LPM--1xwQxRInYJr0GbnyPiR0-m-_-1Mh7FSsi6PjyniLYaQNIXAtDiv1psmyZFCNwIZWVCc,Diptanu 4D,https://play-lh.googleusercontent.com/a-/AOh14GjPU5pN9OytEFQ6lTfcPvyo6v0c_k_OdsA9GpXroQ,Really gonna appreciate this work... searching this for a while and this time I got the perfect one..Great work ..,5,2,2.1,2020-07-03 22:21:22,Glad it works for you. Thank you for the kind words!,2020-07-03 22:56:53
gp:AOqpTOFu0vjoem831PkYrJ0FutZurYPsq_IiP27tY6MmvxArobWRLwprfRb_zfNUxvalvcWw2cfq2dsijb3bVqE,Chethan Shetty,https://play-lh.googleusercontent.com/a-/AOh14GhGncqstSuMV4xVDD7AlIbDhJNITBxXh0xEiaob,"So minimalistic and awesome, thanks for this app",5,0,2.1,2020-07-03 04:47:36,Thanks for the good words and for this review!,2020-07-03 05:03:12
gp:AOqpTOESVrBxNyHiIAS-q67dEJ9RBwCUKUBFIsdKZt8PkhplBN8TGvK9WWO9hEaK5XGAsuBBVxxZ3pbB3Q8TZgI,August Pabelona,https://play-lh.googleusercontent.com/a-/AOh14GjToKGjOnGvH5Rc1uSnJYVoyOu4sVEXYknlMPxpGg,Bought the app and did not disappoint. More please! 🙂,5,0,2.1,2020-07-03 03:55:04,"Appreciated, more will come!",2020-07-03 04:04:24
gp:AOqpTOGK8UuOimpSE0GvufIHw_S6RjhsaU4EPYntjCzyGlCYGpMaeCWmxgxewGCzApphXtwJ1xTorBifn32bgho,Samarpit Jain,https://play-lh.googleusercontent.com/a-/AOh14Ggw0YCuYQCQ3PGVeZnQm3EKXaDFFNydGGo961v8,"Love this app ♥️, awesome widgets that make your phone look stunning 💥,thanks a lot for promo codes",5,0,2.1,2020-07-03 00:04:51,,
gp:AOqpTOHc6OsLRz-YQN8plcdAi5s1KHyI0z68itrw1J5bgQSA77gh7o3MUrb5KOiLISG3cIwYFGYY1DdDPjnroXc,angger ronggo,https://play-lh.googleusercontent.com/a-/AOh14GiE7qe9Jq9b50JLXUBRZm2LNwx6K8CRpL_3_-vk,this app is usefull,5,0,1.0,2020-07-01 07:22:11,,
gp:AOqpTOEq65zPLuhToQ6E1yZQNHIcpYW4vDHyho8696JYymSEd_6kn8KoN4h99jbbaCmWvy5PTRiS_Ga82vFyxBw,AA Ngr Gede Harsa Wijaya,https://play-lh.googleusercontent.com/a-/AOh14GjDUtQleF1TxknLZXJZHzaLy5DuFWHAliuZGspJ,"I really like this widget from the beginning to see it. I don't like using KWGT to bring up widgets because I think there are so many steps to do. I really like if this widget can be raised without KWGT, but it's not really a problem when I see this one widget. even without hesitation I bought this widget along with the KWGT. in addition, developers are very open to helping their customers (at the beginning I had difficulty using KWGT and I contacted the developer, they helped very well)",5,27,1.0,2020-06-30 13:04:55,KWGT is my best option right now and I do understand your hesitation. But thank you for seeing past that and buying the app. I will add more widgets as soon as possible.,2020-06-30 13:06:31
gp:AOqpTOF8X8hOGJ_nvw7u4AJcoNf5AFGaoOf619hRDoLn9FQbGEljfhNQDuEYJXTmWBn4R0zssSLN6L6U-xM87nA,Joshua Morgan,https://play-lh.googleusercontent.com/a-/AOh14GiPLvzR1wAy1B455jpBKifZpPYueCUaMbW_RgyaQQ,Wonderful! Just need a news widget to complete the set up!,5,5,1.0,2020-06-30 11:24:38,"Thank you, working on it! And a few more.",2020-06-30 11:25:16
gp:AOqpTOEnvd4aKY2h5bnVCZpYzM4Tj4r8WOhhhNxJN3qpCcPRV_ytAQXFt6yKUHaEIAui0BxP_5BQb0FfbFbVXi8,Osver Sanchez Q,https://play-lh.googleusercontent.com/a-/AOh14Gh3yzQgYvUxVJRLel15_UE5eTW6Ofu4DEl6VUCCjw,"Hey amazing work my friend , could you add photo widget like os on the next update.",5,0,1.0,2020-06-29 19:31:19,"Hi, thanks for using the app. If KWGT allows it then yes, I will try my best.",2020-06-29 22:28:20
gp:AOqpTOEFnPtDvESUofyUzXlUH7A9yHkF3itFEaYwghXx5tLYguYtJq9R1FZ_w751TeWsiEuz_Uu3pQStoiAcGOw,Tanmoy Halder,https://play-lh.googleusercontent.com/-rqXItFQiupA/AAAAAAAAAAI/AAAAAAAAAAA/AMZuuckEaEg-lVZ0oi1neZ5CIlwNYpe-3g/photo.jpg,Loved it,5,0,1.0,2020-06-29 09:41:02,,
gp:AOqpTOHtYnpmfT07n3FcE8j5XQCNwW9iwVSwSO0NfcJ_tPOMK6poZRclLttw-7UJRkU_hSRfnpCfB35AyJXu3qI,Rajvi Jain,https://play-lh.googleusercontent.com/a-/AOh14GibxWJAX0lWR8yYPvozvDThLCB-bpt9o_3pzdiJE3Q,The most minimal and amazing ios 14 widgets ever seen!🔥,5,1,1.0,2020-06-28 23:57:24,,
gp:AOqpTOEETXnk7MrRcydspO9dltouF_li1gq19S4gXnnlfzCxe429poymaY_WG9hhq7DO1LqeP2J-F9sR3BO2RgI,Everything Abhigyan,https://play-lh.googleusercontent.com/a-/AOh14GhwGrr6Kotsg3LqJK46Cp42RHQ4X7R-_CNEXkDRHA,This app gives full IOS widget experience and feels like IOS thanks to the developer again.,5,3,1.0,2020-06-28 22:47:33,,
gp:AOqpTOGvw_Xw_gTGbf-sDhGhD7omIc1T8R-Gk97DVrtQTYBMmsEB_cczT37ShHCFPE-om7KrBUy6Ede1Eu86N6I,binay santhosh,https://play-lh.googleusercontent.com/a-/AOh14GjR5oXOBErFDrbJmGewFUhThtMAs2emco1Ii5RJ,Awesome widgets.. Waiting for more awesome widgets 👍,5,0,1.0,2020-06-28 21:49:05,,
gp:AOqpTOGOTAbluwHz1v_bjvwXrDKcQweajri3c8E-eetXZgjN5c5nLE_4SgDr1jPDa924E3pgL41n5kVImQ07kxk,Tiger Claudiu,https://play-lh.googleusercontent.com/a-/AOh14GhQ0IF0Ss2r_eJr07017bgh8r6JNbFGKyV2OTY5SA,This widgets looks amazing! I really like it!,5,1,1.0,2020-06-28 14:06:42,,
