reviewId,userName,userImage,content,score,thumbsUpCount,reviewCreatedVersion,at,replyContent,repliedAt
gp:AOqpTOGvz7BNKq79_JDIQVGrysoYfRksvH9zNi4-jkk1hQstG0k8rLc_Kf-EnPTCQ2R6Q7rCGkjZZltfzWUBiQ,Jules Weiss,https://play-lh.googleusercontent.com/a-/AOh14GgBq46dy9R4V05v0LRx1MsG7cEuCGVbu9ANkMqvVw,"These games were my favorite growing up. I remember spending all day and night on my Windows '95 playing. Very clever humor. Entertaining, funny story lines. Simple point n click game that feels like a puzzel. I play on my chromebook and have no issues.",5,0,1.2.5,2021-01-17 23:33:11,,
gp:AOqpTOHtzXdTZQZTW0hxM4WMO4jVuJ3BeO4s0jbl9R9dmE83aDnOVhfeMm8-yYYj0_NYecdiud-H1vq3d_l6lQ,Sabrina Cochran,https://play-lh.googleusercontent.com/--IcWCk8OpJU/AAAAAAAAAAI/AAAAAAAAAAA/AMZuucnlUpA187QS16NmD-zdVNrKxazo0A/photo.jpg,Just like when I was a kid! This was amazing if your looking for some good memories pay the $5!,5,0,1.2.6,2020-12-05 19:27:31,,
gp:AOqpTOFLoO333UOd3T4NuFYYygXr8WDzYpabuGFXUHN8FdgNw4JhvCAZ7jiPuIPDJLG4ctr90Eg_TyRwodDPFw,Jeremy Reavis,https://play-lh.googleusercontent.com/a-/AOh14GjnxJUVeNjFEJl8u7J-i7LxgMC-WdTMSEF3cFxUAA,"Wonderful, only problem I had was that it would freeze if I accidentally pressed to check my inventory twice in a row. Other than that everything was smooth. And even if I did freeze, the auto save was, ""in there like swimwear"" so I just had to close and reopen to the same spot no problem!",5,1,1.2.6,2020-11-19 03:46:04,,
gp:AOqpTOFvaRVIAP6kNUMAcj84WVBDWH36-8qvAml0Y29Lw3RSn-XMdXZYPMKZfwcGEpZNvq3VRs_Aj3pN7DQn8A,Maggie Myers,https://play-lh.googleusercontent.com/-ug9Nx3-Azic/AAAAAAAAAAI/AAAAAAAAAAA/AMZuucn0jbMSeq75oPZUZa9QbL4u__pvLw/photo.jpg,"Yes! This game worked amazingly! I lived for these games, so happy when they made them for mobile. The game worked perfectly for me, not sure what the problems everyone else was having. It didn't have a single glitch or running issues for me. I have an older android, so maybe that's why? Either way, very nice.",5,3,1.2.6,2020-11-13 07:23:45,,
gp:AOqpTOF3YXo4OfKxw-VsC6B7-guoVN2D4EQOciWnjLr_xh4ttL-i2xB4Gyei-qD4YJyfHcAtwHym1xa5Tjvf9Q,Neil Yule,https://play-lh.googleusercontent.com/-H37bLoqvSB0/AAAAAAAAAAI/AAAAAAAAAAA/AMZuucn0AIpA4TxapFdVpW-IrwC1EAhyLg/photo.jpg,Great game just some times there is no sound please fix😭,4,0,1.2.5,2020-08-15 17:45:54,,
gp:AOqpTOG6PoW0YnQ926jVLCBze7QvCrVqurreWIlhXJd_TfFb47N7x-0aV2j3wcqf5XukybgbyGTZ8UnkXQZt6Q,Crystal Lake,https://play-lh.googleusercontent.com/a-/AOh14Gid4cyFOJTfgQNH1kFU3yEgJWKcfGLaSAx09FUgOxI,It was so glitchy that I couldn't play. I couldn't get to his spy gadgets without the game freezing! 😡,1,0,,2020-08-10 00:47:18,,
gp:AOqpTOFwBKoVaFIDEZIqLuaKqZg3vyYr55Bd6b7zJpvGGkt_Ng4LKjKH-WC7JGHX0wirm8Oo2p9vTOTvwbb0qA,Allen Scheck,https://play-lh.googleusercontent.com/a-/AOh14Gg0xyx2C0licFTuOvsuwQ1HZrf6l8mAg67i1AEMrA,The Game is a masterpiece of clever humor and great level design. The port of this game to mobile honestly feels sloppy. It crashes several times every time I play it. Luckily it has a good autosave feature so it doesn't set me too far back when it does crash.,3,2,1.2.6,2020-08-04 06:20:44,,
gp:AOqpTOG3P5vZ5YRcFHmigN4NEsFJc6S4qKuYqX_URlvXCeses0oB2GFhvznGQ5lgx0Ilv0ajxQqjEpu3Lkr-4A,John Dolan,https://play-lh.googleusercontent.com/a-/AOh14GjYoOEes_yCznIOrNlKjgcCy46attKbDfp8Zei1UA,"I enjoyed playing this game as a kid and still enjoy playing this game as an adult! So much nostalgia! For the people who are having issues playing the game, maybe your phone couldn't support playing the game or you have received the update yet.",5,5,1.2.6,2020-06-20 00:07:19,,
gp:AOqpTOGFyiR7XGT86VyDXcNin7KPv6USNB94Ra-oyR88-49KqShOT7Zmq6vFCyawFthycIqGASKFMYOTaD0B1Q,VeryStrawberry,https://play-lh.googleusercontent.com/a-/AOh14GhGBzPdgHVPBD6lTmYC506Xwa_p_eR8YorDgmMSqQ,"I have saved milk, thank goodness. XD The app is great fun and I'll eventually get the other two, hopefully they'll add even more to the Play Store at some point. UwU",5,0,1.2.6,2020-06-02 11:33:04,,
gp:AOqpTOERIgr8OYG7vX_5Pi2Nzi2ZxjFUrr8KR9ebbEtDDBOnpbZNHeBYiT9L0yASFnuhgkQ1vwIPBw2SqQSohA,bizzit 26,https://play-lh.googleusercontent.com/a-/AOh14Ggl0tUv9sPX85Xv-qWMCN2O5r0kwsLyUT__OHPwwQ,Exactly like the old PC version.,5,1,1.2.6,2020-05-01 18:57:34,,
gp:AOqpTOE2s6fxrjKbUId6I8JqiPiEoKS_4DobrZYEboZArrkY6nR14kU5i5loY1XLi6Kv_NfpVnMrvmRgXWag0A,Lee nunya,https://play-lh.googleusercontent.com/-qEgQhef2Bik/AAAAAAAAAAI/AAAAAAAAAAA/AMZuucn0w4-EGEkbfPhBD6wXZNfkZvbSPw/photo.jpg,Plays well despite numerous crashes. -1 star for crash frequency. It is a quick fix to clear the cache and reboot the game. Does not lose where you are after reboot. Otherwise it's a fun nostalgic game that plays like the original. It feels like the go fish games got harder but that might just be my bad luck.,4,0,1.2.6,2020-04-27 10:30:09,,
gp:AOqpTOHeKQ7p38XeHBllDLgK-hv-f4MHT7bgfMICGoX6LXT4VMqe2S5A4gYFwbruwtCEaCY3OBVJFY0GpZr8uQ,Krysanthemum Gummow,https://play-lh.googleusercontent.com/-3dylNptlZpI/AAAAAAAAAAI/AAAAAAAAAAA/AMZuucnQY1qjQ9_ojqbuzIv-F1GEray0eA/photo.jpg,Glitchy and very short game,1,0,1.2.5,2020-04-06 12:09:31,,
gp:AOqpTOHwD4mf6QkisZF0GZd3n7T4mq6nVKjNglRFd9kDziNZ-uTDunzhb0oWM37-0TqoeN_o5KlPnhXM4k81Fw,William Hayes,https://play-lh.googleusercontent.com/a-/AOh14GjgpztlIvSK5bv8jzTqrQv3MzdYywMhPoE2ffrO,"I love this game; and even more the subject, milk makes pajama sam's favorite food: CHEESE!",5,0,,2020-03-29 12:45:35,,
gp:AOqpTOGgfkFNk1UMRp5XRJG9ans9quDZ-VjD7klHzz26VHvEUIwi7353BXSnLTLlg5G1GsSWwK_7pCLpDeLqGw,Rotten Boi,https://play-lh.googleusercontent.com/-W1m51I9Yhbc/AAAAAAAAAAI/AAAAAAAAADA/AMZuucmH8w4e6mlkL_MLvCIPA9xpwZ4F6A/photo.jpg,Audio doesn't work on half of the dialogue,3,1,1.2.5,2020-03-15 23:43:36,,
gp:AOqpTOE6UsQh2XSYWbtKhkbavC9NO31u5YBKPIQvYuiZBTzznA-bCQLGwwqSrPOzrf3laqEW0OpqCMZLBRWGAA,cj D,https://play-lh.googleusercontent.com/-s4vZUJIDJQg/AAAAAAAAAAI/AAAAAAAAAAA/AMZuucnUE0eVTJu9w9Uw_1gUIZi3bhTkXQ/photo.jpg,Didnt work,1,0,1.2.5,2019-12-19 10:20:45,,
gp:AOqpTOFWdFVh2z8BBaQ4e_AEqj16qVkKDutWKT1GPORwj2TTYUdXMePHWL3akXK42DxPbBRArj9HwuG1AqHdHQ,Sierra Saccoccia,https://play-lh.googleusercontent.com/-bQSQjFBFADc/AAAAAAAAAAI/AAAAAAAAAAA/AMZuuckbLoRtyamwlib-CxWc2b3TNvtx0w/photo.jpg,I'm so happy to play my favorite childhood game again! I played this when I was a child! Love the idea of having my childhood game on my phone! :),5,5,1.2.6,2019-11-06 14:53:02,,
gp:AOqpTOGmW4IBIO1Q6HiY1NhX3CtdN6WI8-KmK8r8DZhCZMig6UqtyfBRbiDk2lcCVkXGzOKoeGSLzc3GLCLzxA,Toshinou Kyouko,https://play-lh.googleusercontent.com/a-/AOh14Gh_8YzdYgfch47-dpHTMw1ahqEh7wuhQhoMhS6T,Very happy to be able to play one of my childhood games again only now on mobile!,5,1,1.2.6,2019-09-14 22:26:28,,
gp:AOqpTOEmqp3PVCxrek8KqsDHGX-7oOuhhI24s8LnqBio1pDlRawfiimaXvmyV0BTh2APSl0qRXpemQTsz5_SWA,Madi Anahera,https://play-lh.googleusercontent.com/a-/AOh14GimaShLXjssoP_D_Te_v5y_U1a63yUk-FYVURpr,"it was okay, i use to play this when i was younger. wish it was free again, cause it isn't worth $7.99",2,1,1.2.5,2019-06-08 21:42:50,,
gp:AOqpTOFlRTzcUPrtAoImAgEaz-MdfnnOlEcz4uZAxciB5vMqKMe2DRm5jJuapxlEiIBjcGKnu-ZScpDUmI5YoQ,Brittany Condrack,https://play-lh.googleusercontent.com/a-/AOh14GilgVXf61mGi6v4OW3kW7XAjVfyMWLbfpbuTuzeLw,this game lags a lot. I cant hear half of the conversations. not worth the $5!,2,5,1.2.5,2019-05-27 08:27:04,,
gp:AOqpTOFbJgDVv0Xyw9tfvgjQgi0U-fFwfWi1cMXZnLjjwVepIV-EK7UKH4x_4sr8e8KNryU0cVVVY-43lZjEjg,Lindsay Spencer,https://play-lh.googleusercontent.com/-LECb1jHVG_0/AAAAAAAAAAI/AAAAAAAAAAA/AMZuuckfY_34SX7TOiB11Qzfwunqc-vf4w/photo.jpg,the game doesn't even play my seven-year-old son is very upset I would like a full refund thanks.,1,1,,2019-05-26 15:54:16,,
gp:AOqpTOGlCX5KuVwy-aB71_zvsllMrR7-wNQkmw1LnS9FuSl4kKCf4iyOAB_iL50aZ3e7i2FA4Rc2T3ORKcq1GQ,Matthias 2234,https://play-lh.googleusercontent.com/a-/AOh14GjU6ptidgg75RM0vTJSOIDjQJxWrWcFPdXMANam-w,"classic, i love it.",5,4,1.1.0,2019-02-08 18:13:43,,
gp:AOqpTOEfyDeILWHKGCcRti4p-bAry_-xG_eJ6J8lSpkjMU4Y7tXLjLv_ENBxLtYiui1PWpkOk9o8nrCb05hn5A,Phoebe Theimer,https://play-lh.googleusercontent.com/a-/AOh14GiholSpVJHj4Py4sglrzmtzXkeiK9wokIy1Hjoi3g,"I know from back in the day how to get the trinkets but it won't let me click on them so I got a refund. I have an Android LG. Sometimes the voices shut off mid-sentence, too",1,4,,2019-01-20 13:02:18,,
gp:AOqpTOEPkvYafIFdD2vzTvqJeix6t9Lf26G3O_b0pTibEFh9W1yIEPqf6Q89gdHwQN4ZAk-_oZozfVHTvSjmoA,Chelsea Dry,https://play-lh.googleusercontent.com/-ANiHft-U57U/AAAAAAAAAAI/AAAAAAAAAAA/AMZuuckpRJmYDgw3hWB44bqLMONTIMkYaA/photo.jpg,i got the game to work for a little bit but now i cannot get it to open for my daughter to play. i feel a refund is in order.,1,0,1.1.0,2018-08-27 15:29:24,,
gp:AOqpTOH2LmDuhT5jB9UyrCF02VE8h20OnIDM-QJ-5PCPMRFEJ2VqjIMq01r2uydqhvbsHmHC3WuYx6AQjbjhLg,Marilyn starkloff,https://play-lh.googleusercontent.com/-5hTHeh8D13s/AAAAAAAAAAI/AAAAAAAAAAA/AMZuuckw5-uveUpUTrvg9dHM--pBia3x7w/photo.jpg,"I loved this game as a kid but it won't let me access the gadgets to play. 
Refund!",1,0,1.1.0,2018-07-28 20:40:48,,
gp:AOqpTOFMjoOopZfW6vhKX6Tz_Ee_nhH9LSs0noHFmf7ztKu2BRm04LjocOYjcgnFMNQ_KZE9gwIdvyWF_8FsZw,alpha wolf,https://play-lh.googleusercontent.com/a-/AOh14Gjd9oGFElsxmjluYue2SSC1GlidjVQZZo3D4E4s,Funny,5,0,,2017-06-26 09:05:22,,
gp:AOqpTOGl6SJi4v9c0zRafo_zqaT_1OGHO_S_FJpFwc0KO6KPir1cEfZBjie3y98ZHIItTSWWT42AzyX8-CIADQ,kayla trader,https://play-lh.googleusercontent.com/-HQaKaWnjl3k/AAAAAAAAAAI/AAAAAAAAAAA/AMZuucn3DB5Crbz0sf8x7nOkc0XCNyQWOw/photo.jpg,I've always loved this game,5,0,1.1.0,2017-06-11 16:13:32,,
gp:AOqpTOHnlAk2hF0rwHH62cBar0rkSx195nF3QxICvPcQ36I_07cErpfuiLL5cXRVt5nX8u64zQ7LUzb94vKiMw,Michael Tackitt,https://play-lh.googleusercontent.com/-rkYNFORZ1-U/AAAAAAAAAAI/AAAAAAAAAAA/AMZuuclj58Ww7a96ruzQvDPhuLWcXD08gA/photo.jpg,It has no sound . I have a LG ( android ) Samsung Galaxy S6.,2,0,1.1.0,2017-04-15 10:10:08,,
gp:AOqpTOE_eimFSJKCNozDaIAy3kUAHQio1Pf8lyvDoMt8SXsFiyeHMgzoCAkjtcU5Vwz3ZSzfVEYc266wmKNEyg,Sally Brown,https://play-lh.googleusercontent.com/a-/AOh14Gg_MLHbby0w4drPb45N9Yc390PWiEA92bWBJFdEXw,Love this game even as an adult it brings back memories of my childhood memories with my grandma.,5,2,1.1.0,2016-10-23 00:07:15,,
gp:AOqpTOFVxLVV65dUQPzLQlzd2ZYNDxNAtYKF9ABi_3Y88xH5AaxBC7gkwCu8KOGFoDQMA0G192aKN93eXEFmwA,W _ 4 C A,https://play-lh.googleusercontent.com/a-/AOh14GhzGJg1ZSADiIFX9KH24yRn3RdblOhkL7TGqmFLVg,"The game sounds sped up. As for go fish, I'll always have 3 of multiple cards and never draw the 4th. He will and then will get all 3 of mine. When I draw a card he has, its like he knows and then asks for that card right away. He'll end up with 5 or 6 suits and I'm lucky if I get 1.",3,12,1.1.0,2016-10-07 01:31:08,,
gp:AOqpTOG7BNl3Hm8djvN9zVQBh_Hs767Oruqy2sfoMgPmmxVx4Lu193gF_ESRZVThylSE98wH0w8o6H_kwQEJEw,Shanny Bourkie,https://play-lh.googleusercontent.com/-94IvEtKBX2k/AAAAAAAAAAI/AAAAAAAAAAA/AMZuuclabThYnHAhYIO2jJPnmn035DxJpA/photo.jpg,The game is great it's just the voices are super high pitched. The other games are perfect just this one is high pitched,4,0,1.1.0,2016-06-01 16:40:49,,
gp:AOqpTOGrzG_znqZfjlk9D9p8Yxtxq7egWbXMmwpGrIDLK0T7uW7a0AiCjE_CTAc0AfmsYDnW6ZAQOwrM9QH5Zg,Moonshiner01,https://play-lh.googleusercontent.com/a-/AOh14GjFfR-S12T3JAYVHaNM4vkCgf2SGRaj6dbJ9_e4Nw,I have a LG G4 and it doesn't have sound I seen somwhere else it didn't have sound on the LG V10 either please fix!,4,1,1.1.0,2016-05-08 22:24:42,,
gp:AOqpTOEWPxvSLQ4APvgeD9TH39gwj5ohpcaPTWEtUXE09RrZf24dInV4WR9UOfpUhe4WSw2cqAkC1VcMeOZ4hA,William Bresley,https://play-lh.googleusercontent.com/-UBnLf2Nh0Mg/AAAAAAAAAAI/AAAAAAAAAAA/AMZuucn8VUmvHF6uTHoFopP8Lff_ZkxSHg/photo.jpg,Has no sound on lg v10. Love this game on pc but can't play it without any sound,1,1,1.1.0,2016-05-01 13:18:35,,
gp:AOqpTOEofn955v5eR29w-7HXNAAMg_Szr-r6PnJfS0H17awoHCstikmrxqltCbHwmt9gKKsjoO1S9ePM_chGHA,Madeline Bes,https://play-lh.googleusercontent.com/-mRLG5d647Z8/AAAAAAAAAAI/AAAAAAAAAAA/AMZuucnBgDsGG_JNQTe6RtEOT-j0RNlMfQ/photo.jpg,"One of the variables for the game doesn't work the app shuts down every time I try to play it (one without the racoon guy), but for the other one the app works fine. Please fix.",3,13,1.1.0,2015-12-22 09:11:01,,
gp:AOqpTOGLyJOCYQHnGWgeMVq44JNsBfd3xV9KjAZUmxwkt3FlAFouiyfFq4FWySRrbfdFoH3vq6MonicHKXJ1yg,Nurhanisah Abdul Manaf,https://play-lh.googleusercontent.com/a-/AOh14GhFZr1aO9r5fhFQ8XiXG6D3LcEt08TwWid6xHm78tw,Rage,2,1,1.1.0,2015-10-29 18:57:10,,
gp:AOqpTOHnJdk02d4ooi2s8fwhMh-FTwVJ0A520LlDKaX5UqaVpej6YbzTOf6oMa5i9FJlUGd6h2ae1-swId8DJg,Regina L.,https://play-lh.googleusercontent.com/a-/AOh14GhtnMrG7d2MbzLmkFheYNRfmqIxYGkWypyY693E,"Into an app, I mean. Loved to play it on my PC way back. And I love being able to switch between subtitles or none, as English is not my native tongue. Thanks, and I'll definitely get the other games, too! Just fix the voices, please, they really are too high-pitched and too fast at times.",4,2,1.1.0,2015-10-26 07:37:32,,
gp:AOqpTOEd8LHq2_DUO53afIhfKruqa3ORkyfNfdNZlwox_EoHKRVHPrXHCH99QvakO0GwiLG1LWC8vdfHrU-37g,Dib Jib,https://play-lh.googleusercontent.com/a-/AOh14Gg-i7tZEjWC2r_QAovJnbvZS4ocKptjMByfy9zO,"It's pretty great replaying this game over just to see how much you can remember from way back when, however, the sounds are high pitched. It's not all that horrible, especially if you're a first time player, but for nostalgia sake, comparing it to a youtube video from the pc version, it's very weird sounding.",3,18,1.1.0,2015-10-05 23:48:30,,
gp:AOqpTOErk8dinPoU8xRO0JL4AHl8hg_WIc7yjBPHa69I7OdOLyfmj-BgegF5IEI2kq9d015zuYjfSN-7HTF_PA,Avi,https://play-lh.googleusercontent.com/a-/AOh14GjQ0dC6F7UrWNKKYOCsW2XIJ-rVB5903XggFa9bUw,"The childhood memories come flooding back... Wow... just, wow...",5,2,1.1.0,2015-10-04 01:42:15,,
gp:AOqpTOH9ukDM94kaLx3banS5S6tRvhJJQXqBIO7FCCHZGQKkxtqUglJu_92FAJmVxdSwOv9loDDcrWewqveKpQ,Dre Daniel,https://play-lh.googleusercontent.com/a-/AOh14Gg5HlfGq40FYVMMeiglETgNmj5BlcR0xycutuJ5lQ,"Loved the game, brought in a sense of nostalgia from  Childhood the only issue I have is the voices sound higher pitched like it's been sped up. Hoping that can be fixed so it sounds more fluid and normal. Other than that perfect game.",5,20,1.1.0,2015-10-01 21:45:28,,
gp:AOqpTOGUi4P0O3jPwtXR_dIzBi2JCNX---jvl8dqEiOPYHSHe3jhNprHMvgG8vCO-ac5-46x0XCUCoZezWUklg,Harley Quinn,https://play-lh.googleusercontent.com/a-/AOh14GgElFLX5DvTMJ5_zxwsTlMUoThPJn5SDblmyFr95g,Cool game,5,2,1.1.0,2015-09-28 00:11:26,,
gp:AOqpTOEddY7G29OvWi8lDk_g_qXEbwTxXttyH88Fazd2Z8Sp3Vhk3TzK7x4KvL8P4KXZ9JSEF4SF8c4PFWHmlQ,Charis Johnson,https://play-lh.googleusercontent.com/a-/AOh14GgYOmHqI-NW2Hfm9BHOMMsz4aSmmKWqZDWAgpKCjg,I'm sad because I lived this game as a kid but it kept glitching during play making my phone freeze :(,2,0,,2015-09-25 13:46:41,,
gp:AOqpTOGBKwvP8Z7sILTjEq0rkB8FahGAIrBZ1IF88pD-2sHNyVhEUsLU-eke06NCO31UrYl-p4BB4d5r62JXDQ,Shannon Wright,https://play-lh.googleusercontent.com/a-/AOh14GjwQtuZ-eAFs0prnWK4zwKIMeSVzuToL_Q_1uSi,This is my fav childhood game and it wont work on my samsung galexy s6 :'(,1,0,1.0.3,2015-09-14 14:32:09,,
gp:AOqpTOE3uUlcrLlNUFLWMmQYcjsWfICtSdC6Do3n5-9eKnx4ixcTmisVU0eXwx7jlj1S0y_G4NtmTkKFA5VbTQ,Kelly Daniels,https://play-lh.googleusercontent.com/a-/AOh14Gj2yvGCkyiahsXV6Jp2wnR8GLBWoohjQGP-PiKn7AA,"I emailed humongous entertainment and they told me to uninstall and reinstall the game to fix the bugs, but that makes you start over. Unplayable.",1,0,1.0.3,2015-09-10 20:54:12,,
gp:AOqpTOFgqKbzvz_NfijCMbtbT8m0uYYvrYDyQMVa-NZNDbmoC4T_I0j8pPkvBB7LX-ki0o8pvu3AC_V7H9gvww,Alex Diaz,https://play-lh.googleusercontent.com/-kkGQHdzyF58/AAAAAAAAAAI/AAAAAAAAAAA/AMZuuclkgnXLOyEEt2TlN49yPwgjg2qWfQ/photo.jpg,"Lost $4.99, doesnt open on my samsung note edge plus.",1,0,1.0.3,2015-08-31 14:09:06,,
gp:AOqpTOEdDh7FNQfKgGEw3-BRymMNNAhCOkmm7d-tCrHUHtGe49V9xvy4GWe52RlfrrpMlwcW4q22pRN0Yesu4w,Nick Stone,https://play-lh.googleusercontent.com/a-/AOh14GiWwSSyNhPF635da4idpwCsUyK1s3rDeENBLww5aw,I always loved the spy fox games as a kid and dry cereal was my favorite. Please make the next one! :D,5,0,1.0.3,2015-08-28 10:08:03,,
gp:AOqpTOG2CiHaYVv2NZmHNg-LEkFf-CoUYE_NDE0ZQbXhWFCwGCGZqtp1HW6DG9DdyigQTvSqhkNcYpdAusM04A,Sean Stevens,https://play-lh.googleusercontent.com/a-/AOh14GitcOum8qd2eo5vVqib34zDVRKAAcvJ-2tAOIdUjw,"I can't play this game on my Galaxy S6. Running 5.1. Fix, or refund, please!!",1,0,1.0.3,2015-08-15 07:06:00,,
gp:AOqpTOGpjk_V74MTkX1LpkFRVqBxaHLEm9UegHocR1gOgMNa3K1RFaQ76pjj4LsMeDkUDL408VMq5ZZOJUp9bQ,Ann Marie Cravens,https://play-lh.googleusercontent.com/a-/AOh14Gi8vUEQB9m4O7KymH1szAOLCzE2uH8azev_SbnKDw,I try to start it and the screen goes black then back to my home screen.,1,0,1.0.3,2015-08-11 08:59:44,,
gp:AOqpTOHugPSz3VY0DVKRjLidemwaSmuSiErRt4azOl5MRmnCr53Ldb7ax-MrPijEaKooCP4CtkPrdhePPLqsZw,raymond monares,https://play-lh.googleusercontent.com/a-/AOh14GiVOMLtGfCMF_2ON5sXfU9UpMM7rxPIxkZE8cFn,I was really looking forward to this,1,0,,2015-08-04 17:03:34,,
gp:AOqpTOG5xX6F4rNbZgPdrmm-paZI6Ml8MftEZESTLpCzo2A1FoNkn-tU3JhVG-AW-99rejwb0u_6J4XNW_tLEg,outer stacy,https://play-lh.googleusercontent.com/a-/AOh14Gg5Mx2ldcEoDWTK6xSM8Va-CMiCLAsqqJlhC80ukw,Doesnt work at all for Samsung Tab a,1,0,1.0.3,2015-07-30 13:01:06,,
gp:AOqpTOFB0-rDUXchDe2dNszJlkhA0ZjAYRVdYnMrIrX_KSQ2za1x1k7EVw2uvqL0QpRupwNPxc5TdQSkq-Po-A,Phyllisia Anderson,https://play-lh.googleusercontent.com/a-/AOh14GhnBv2KXh2dtxrYad4fXc9FanJrnkcA47KxVIkX,Loved this pc game threw my childhood :) epic fun! ! !!!!,5,0,1.0.3,2015-07-29 22:19:05,,
gp:AOqpTOHotpsX75J9cFxYRDn8ymfYTRKPGmhZSGfIILTpFWXrhMt4nLJU8OyRKDyks3odNNITuu__I9q-8qcFhw,Robert Limon,https://play-lh.googleusercontent.com/-cIfnPrwewEQ/AAAAAAAAAAI/AAAAAAAAAAA/AMZuucnb2u3mwIQiO6fCo06TmIrFhzwNwg/photo.jpg,"Loved the game as a kid, but the app won't open. It crashes",1,0,,2015-07-28 11:52:23,,
gp:AOqpTOGcSGyvhmNHmJ0G6qz4vULnVBZwmuznTo6-U5-GmnGg4nDelBHCvNW0xRzcPc2fzb_dH3WADTHAWW4hWQ,Tiffany Elizalde,https://play-lh.googleusercontent.com/-UPZRmo1TRTY/AAAAAAAAAAI/AAAAAAAAAzs/AMZuuclcgFc643IOQzvxyCNULpGnUkEO2w/photo.jpg,"Doesn't want to open with Galaxy s5, please fix. I loved this game when I was a kid.",1,0,1.0.3,2015-07-26 15:36:47,,
gp:AOqpTOHp_OxEJ7i1mIKDXerFH4kE_OYg0QzOWreTUWMmTtCCrx4S8_pW8DzZBAKIUZeHBYs9rbBVa3lpodc9NQ,Hayley Baker,https://play-lh.googleusercontent.com/a-/AOh14GjgBMNIbO5aTp2gL2ycdh21KIn_UAKE5xtnrm-LIw,Childhood memories coming back to me. Would like to see more spy fox for android,5,0,1.0.3,2015-07-20 05:12:58,,
gp:AOqpTOFZ_BOVDeEkH1EiLoCcSvqQNY6flIYzPc0AoJ0nC8ErltA-V-OYMrp_BQ9ZG-V_vv869vZxEAGkmhz0vQ,George Walker,https://play-lh.googleusercontent.com/a-/AOh14GixoFVTKDxNjIKKC0BYTmiy3Qsj7lx7zfCMSLxWsQ,Not working with nexus 5 on 5.1,2,0,,2015-07-13 08:55:54,,
gp:AOqpTOF1VhcVRsongyARW8ixzi1S1fVV8fWT-VIoaaUfsw-rljwl0hX89etQ4FYYql9mMjThmwoZFByP4NXGtA,Riley Katz,https://play-lh.googleusercontent.com/a-/AOh14GjEhfPWDPd2AfRqvn2FUysQ5_CHHhXp8HTHpQNAtnE,Neither of the apps that I downloaded from you work. They crash instantly. I wasted 10 dollars for 2 games and neither of them actually open. Ripoff.,1,0,1.0.3,2015-07-12 00:10:02,,
gp:AOqpTOHx2SlmRs3jmtaMyZjnZwSp0K7rwMJG3t9vOk0uHpi9CxJayzmmuuQA5fFOgJPqiO-4nn-QQ_65yuiYEg,angus janes,https://play-lh.googleusercontent.com/-laZ8L9ZwDdU/AAAAAAAAAAI/AAAAAAAAAAA/AMZuuckm9iIblk4mbwJC0qJxAEb1Qt5gXQ/photo.jpg,Won't even open,1,0,1.0.3,2015-07-06 00:20:25,,
gp:AOqpTOGxx3QBI5vSVoEVlITXN8ryi1H7qE4_2g3Mw0G-4SmIiCq0D3JzWGxOuyZ-NrFwoMjuXluLu9vQwpkR-w,Joseph De Los Santos,https://play-lh.googleusercontent.com/-lOlo3JI3Lwk/AAAAAAAAAAI/AAAAAAAAAAA/AMZuuclzw0uZPSkIpaGmjy3XJZF_Gw1OVA/photo.jpg,"Just like I remember it but the way to bring up watch and inventory is difficult. Should have a button to press. Also I think you are missing one ""path way"" in the game where you enter the ship and find the coordinates on the map. Not to be confused with capturing the kidd.",4,0,,2015-06-27 02:48:51,,
gp:AOqpTOFdMBw12Hj6I9Xww0MgVk7ylFSeNNkoG_W35lAk7Ub_wjbtm_K7QHTd5lS9tCx90xTHs5n40gEk_HFWww,shaun,https://play-lh.googleusercontent.com/a-/AOh14GjYF9YtOB6o_M8P0NxKqJJxfUNoSdEP_A8u6KyL9g,Wish I'd tried playing this after it finally finished downloading so I could have a refund - the game immediately crashes when i open it no matter how much memory is available.,1,0,,2015-06-21 18:20:50,,
gp:AOqpTOEbWsFXsMTFc6ZYt438WmxuIMTd8TgQeC6gbLvNs4TapId6sk3vsLhf2If_BeJ0tHtLJq7siTDAPdFqTw,Max Balega,https://play-lh.googleusercontent.com/a-/AOh14Gjv4XXBC3YPEJXIEw7eWIQtCWCwqYdxv9W86Eh88A,When I try to start the game it crashes please fix. Running android 5.1,1,3,1.0.3,2015-06-09 14:39:19,,
gp:AOqpTOEh-7EdxNML7GbqsmgW_e1MIxCmYOkIoKjc9WCGWRFU4HQs3kXi5irIhrD7iPFDWgeJed6dKYqHmTQ-WA,Big Red,https://play-lh.googleusercontent.com/-BhnPR1Fm3UU/AAAAAAAAAAI/AAAAAAAAAAA/AMZuucl7h6J0n0TdMZJnjDz6OpjhpT7aCg/photo.jpg,Does not open on Galaxy Note 4 running Android 5.1. Please fix,1,1,1.0.3,2015-05-23 08:14:06,,
gp:AOqpTOFAKS73NArzkNm5RIJjug5pspUzlZlE0LD3MWqsKRoROpBvf2SQv-RWi39y3zaUcSNw3FSPcUX3UfmFrA,Karl Sookdeo,https://play-lh.googleusercontent.com/a-/AOh14Ggxu7PyKJQAAcMvtPARdRZS2IcquI_wsPDSQRC1wyw,Amazing,5,0,1.0.3,2015-05-09 08:46:17,,
gp:AOqpTOF7ATvgm8BEWnIsiGtSs1sB1DlagnMAe-vc_DoJNwL0fSuZZE2jZ9EDf3t-jqXTqbq9qZnu3RfLyhoW3g,Richard Boccardo,https://play-lh.googleusercontent.com/-81fuZ9ejOkM/AAAAAAAAAAI/AAAAAAAAAAA/AMZuucmkA1C-R5o5WsfqVmX3XlTULeLCjw/photo.jpg,"After the new update to the S5, it crashes whenever it's opened. Doesn't even get to a loading screen.",4,0,1.0.3,2015-04-30 22:40:17,,
gp:AOqpTOFlFLTxa_gsqrynXaXdCW1coRLdlCr7yHB4J4y2jd1U_3dRDQ1Rat4kwPnuCY3evmX-JucIkULtfc-mdg,Nathaniel Williams,https://play-lh.googleusercontent.com/a-/AOh14GgBCRIst91UrzX00P1DMZ2jZIUazFztjYsMa268Qg,It would be PERFECT if you guys made the original Backyard Baseball an app.,5,4,1.0.3,2015-03-17 13:44:57,,
gp:AOqpTOF5lajP3tWOh6p5bMPguz3sdaFz9CZAN9B5F0mWY53Va7IruiWZim6_bDC0HIflOzmgowz_hInbKwbx5A,Kate Hermsen,https://play-lh.googleusercontent.com/-g2lSRlEfNaQ/AAAAAAAAAAI/AAAAAAAAAAA/AMZuucnr8_WaN7bDU1G5iCzCDYZoE6R7ng/photo.jpg,"My son LOVED to play this game but when the galaxy S5 update happened the game will no longer open. Please fix this, it's also MY favorite game to play and i miss it!!! Will give the deserving 5 stars back if fixed!",1,2,,2015-03-15 21:39:17,,
gp:AOqpTOFmeEzN8oJo2pR0parc2kyrFhidtJO6TBNsMDjOqyjRKbxi1r7mq7q59Kbwcf7ncMo5dlXVsi53zv-USw,Tina Hermsen,https://play-lh.googleusercontent.com/-VhKvQiiNZqM/AAAAAAAAAAI/AAAAAAAAAAA/AMZuuckZy-WP1udKVa7CeCCXwFOe1SmrQQ/photo.jpg,I had this game when I was a kid and it was my favorite. I'm so glad that its offered as an app. Now I can reminisce whenever I want :),5,2,1.0.3,2015-03-05 06:59:30,,
gp:AOqpTOFUAbkIB8_IhidPbbClqZhraSW1lBsKQyi1-k9zQ7LG30RE0BcpVt37_LxZCuCefbu7rxox1UdNZ7qxlA,Michael,https://play-lh.googleusercontent.com/a-/AOh14Gg-0QcWw41nePGUmLIqdFcqewpd0FTvhbJL3l-oTA,A lot of bugs. I was almost at the end and the game froze and reset itself =(,3,1,1.0.3,2014-09-18 15:31:13,,
gp:AOqpTOF9ZsTS5Pic_s7qrEI0tatFY6nKdS-5QJyyK58t8tBVRlwhtMhqrgbSCK1oHo0K7aeg_IK7CSLrbGaFBA,Mariah Sitton,https://play-lh.googleusercontent.com/a-/AOh14GhlMCtjd8G-pv9RPqx8fJDe6873jW-6LWlQhaPF2g,This game was my fave as a kid! Im so glad i can play it again and show it to my 2 kids one day! :3,5,2,1.0.3,2014-07-04 15:44:12,,
gp:AOqpTOESyYsiHA4xNZr47idaZnGRVkykT6Uw14pQL1oHRq81rM2Og1996lgFhz-eKwQ7QO-aiB0hP_adsjK9KA,Jenny Claxton,https://play-lh.googleusercontent.com/a-/AOh14GiWxXfxayj4RwalO0XWsBC8PY36rOae2MifwtUg3w,So happy to have this game back again! Kids all love it. Can't wait to get more HE apps.,5,1,1.0.3,2014-06-27 05:29:11,,
