reviewId,userName,userImage,content,score,thumbsUpCount,reviewCreatedVersion,at,replyContent,repliedAt
gp:AOqpTOEcx4wLCryT95AdZhzot2SFFJATeMgCQzxZPiGeD-M2iUjzC9QHCtgWjWyQ48ZlUPfvd7AA-aoLDFQX_Qk,maijaelisabeth,https://play-lh.googleusercontent.com/a-/AOh14GiQJ6BZvl_nCBqQl8m6BeynrrjY1x6wu8zCiEc6,"THERE'S NO TWO-WAY VIDEO!!! This fact made me so incredibly mad, when I discovered it, AFTER bying the @#$%&! app. I thought that I had FINALLY found an app where my pooch could both hear AND see me talking to her, to calm her down, while I was away. We had tried the audio only apps, but they had just confused the living daylights out of her. Turns out, with this app, your pooch can't see you either. You can just change camera veiw 🤦🏼Uninstall and I want my money back! What a scam.",1,3,1.7.11,2020-08-10 09:22:51,,
gp:AOqpTOHgL6YPF1eVREajtCGK26ICeuXmVPE2b6Kk_RX1U0MmSAaIG9r5QVPkwraMRJMUd0JhnlC0oyWZXomKgrs,Diana T,https://play-lh.googleusercontent.com/a-/AOh14Gg14sKaCeIg1Eu6wa5hjIEUi3ApUPL6kAxLhGLII0E,Impossible to get it installed on anything else without paying again. Does not show up in family library,1,2,1.7.11,2020-07-30 02:55:46,,
gp:AOqpTOGVZuYiRRSu3vHysqJT3fj8VnDMaxXHEbnSTFeUBFyJ9ZYNQsNUePHyuz1w-STQ5CyYJK9VQwaM8nBBQk8,Leila Mirza,https://play-lh.googleusercontent.com/-NlZiC8OwJoI/AAAAAAAAAAI/AAAAAAAAAAA/AMZuucn-XEo8sRAFmMrqkR7rHzi4exSTKg/photo.jpg,I cannot install the app on my second android phone. It tells me to pay again and then tells me I already own the app. If this cannot be fixed I'll uninstall and ask for a refund. Edit: problem has been fixed!,4,2,1.7.11,2020-07-26 06:32:26,,
gp:AOqpTOFmNVQmU5VFRlIqWYZfSB4bpKxWXE3Z-tZpbq9vP7eFeEeZ1PU4r4awARUCGkUzccS_U0ml0OVNBxCtkYk,Aby Gaelle,https://play-lh.googleusercontent.com/a-/AOh14GjdKD9_fhi35T5wZnAJ3GnhEqV4_sU0lmtny0IPIg,"Had this app for about 3 months now. Works great as a pet monitor but every time I try to talk all I hear is a very loud static sound on both ends and goes on and on until i un-click the microphone. I cannot talk without having the static background also making noise, very frustrating. Any way to fix it??? And FYI, no I am not in the same room/house as the other gadget used for pet cam.",3,0,1.7.8,2020-05-19 05:40:33,"Hi Aby, please let me know what is your Pet Camera device model and Android version. Looks like it is not properly supporting the audio codec we are using. I see your device is Galaxy S9+ which is fine. Let me please know via support@petmonitorvigi.com. Thanks, Martin.",2020-05-19 06:59:03
gp:AOqpTOE4hDaVIUNZZrKm_EpSSkZrcNHQDsEy2t4NSQLeqz33YH-YJPt5MGu_jfwPkdAmYVMmQ2TucGy7zLWlkuk,Kathy Russell,https://play-lh.googleusercontent.com/-dHBa2iM6Vps/AAAAAAAAAAI/AAAAAAAAAAA/AMZuuckf1YHc4cu_8LW_rvQllChGnBRr2Q/photo.jpg,I cannot download to 4th device. App is showing in Google family library but when I try to download it asks for payment and then states I already own the app. Tried restarting device but to no avail,3,0,1.7.6,2020-05-15 06:55:58,"Hi Kathy, I suggest to follow the instructions at https://play.google.com/store/family/create?hl=en to properly configure family library and investigate what members are part of your family and what devices they have the app installed on. I do not have any visibility into your account to help you troubleshoot this, just giving instructions.",2020-05-18 02:06:45
gp:AOqpTOH7GYZN-TGeeSUCPxISUZGu7Qj8rdsdoFGWADKzH3rfs9rwQ0vES6_aF6AwIbsatjCK6sNlTgc6tSDN_RU,Jennifer Aaberg,https://play-lh.googleusercontent.com/-Fed-zU44byQ/AAAAAAAAAAI/AAAAAAAAAAA/AMZuucn-OZEh_4vQy7C3-cG1_tQMJATYrw/photo.jpg,"Had app for about 1.5 weeks. Setting up both cameras was very simple, pairing was very easy, much better than other apps I used. Had some issues with duel camera connection for half of the third day, but trouble shooting suggestions by the app resolved it, no issue since. Alerts can be inconsistent to pop up on phone, however I have never opened up the app and wasn't able to get a live feed which is better than any other app I've used.",5,1,1.6.1,2020-05-06 07:36:36,,
gp:AOqpTOHwGQmN74QgYaBpqbUH1-FWMjyoPmOPhROCt44Hfs7qGmiJ2-c7QlTE6nh8O9eyiE3A9ZTGbB-tgPe_V1Q,Daniel Cline,https://play-lh.googleusercontent.com/a-/AOh14GiG68vcRd8hzHcoFjWe-Xm_aBFbSELxVX-AWoWkig,"Purchased, then was being forced to purchase again for second phone.",1,0,,2020-02-12 22:06:21,"Daniel, please use Google Play Family Library (https://support.google.com/googleplay/answer/7007852?hl=en) to purchase the app once and share it to other devices for free. Get in touch with us via support@petmonitorvigi.com if you need help. We definitely do not force you to purchase the app twice. Thanks, Martin.",2020-02-13 13:27:08
gp:AOqpTOEb3AeMBXIdMKyr1FYbG9SEC2Sm41IfW9vEOdcl55X62Q-40lx9abeBbV2EK5FRXxp0_ckumUMulAaCpXQ,jamie twier,https://play-lh.googleusercontent.com/-omS_4UhUG58/AAAAAAAAAAI/AAAAAAAAAAA/AMZuuckJ3LezMV6q20gLLDdAdPy_7DK1sA/photo.jpg,"Love the alerts! I don't want to watch my puppy all day, eats too much data and battery so I love that this app allows me to setup offline alerts and connect back home to speak to my puppy only when he needs me! Works like a charm. Thanks.",5,3,1.6.1,2019-12-29 05:57:13,"Thanks Jamie for your great review, please get in touch with us via support@petmonitorvigi.com with any questions or feature suggestions. Glad the app helps. Thanks, Martin!",2020-01-02 06:16:34
gp:AOqpTOF2CDooq5WA72Z-d7vrQDNZv-klDFJeR5sO2HRC0iUhe4-LMKcDYI4au_3J6UG-kvOCtqJ4RIb3sXaAbX8,Jacques-Antoine Gaudin,https://play-lh.googleusercontent.com/-3xSPvcZxz-U/AAAAAAAAAAI/AAAAAAAAAAA/AMZuucmrfPwyonX1wHruV8k-g_g_tcLuGQ/photo.jpg,"Developed for iOS and sold with less features for Android at the same price. For example I cannot configure multi-screens whereas my wife, who bought the iOS version can. The app in itself is usable but I'm sure there are better and cheaper options for Android.",2,1,1.6.1,2019-12-24 05:45:03,"Hi Jacques-Antoine, multi camera monitoring works automatically on android, just make sure that all your devices are using the same in-app Pet Monitor account. The other missing features like activity log, photo library and video recording are under development and being added to the app with every update. Thanks for your patience. Martin.",2019-12-26 06:55:38
gp:AOqpTOF2lfSTyXFS7fEgNOE2fl0L28QkqeRVj7yHsBbMeP3x8uPAQFi-X5CQSl3iOnHP7DhFSHTBc_ZkBqT4PFw,daisy tanks,https://play-lh.googleusercontent.com/a-/AOh14GiQYUV_a0NyA0k_8gdvTmaBIRRt4gQdu4GuMHrg,Audio shreaking when pressing the talk button to do the two video can't hear my voice other device used as camera when talking on device used as monitor..if can give help and resolves issue I'll give higher rating .,2,3,1.6.1,2019-12-18 23:41:10,"Hi Daisy, could you please get in touch via support@petmonitorvigi.com and let me know what device and Android version are you using on your Pet Camera device? I will investigate. Thanks, Martin.",2019-12-19 01:23:24
gp:AOqpTOFBB5Bnl5HPFTA4M-uGTgRYqSUIsaa4nG5JNGUQAAX2S4VB4QXDCp57mCB0a27H_DuV4wzxZUqjyWdGMI4,Kelly Balwant,https://play-lh.googleusercontent.com/-SGWd6NcidAI/AAAAAAAAAAI/AAAAAAAAAAA/AMZuucmjg5ty_ixCRHweCoUybcKExRZjLA/photo.jpg,Horrible. Echoes crackles and I cant see this helping any dog settle whilst listening to this. If it doesn't change any time soon I will be requiring about a refund as I'm not willing to pay for this.,1,0,1.4.2,2019-11-10 04:28:48,"Hi Kelly, please send us an email at support@petmonitorvigi.com with more details about what devices and android versions you are using for pet camera and pt monitor. I will be happy to help. Thanks, Martin.",2019-11-10 07:29:25
gp:AOqpTOFgWN93OiYaVippwO0vBx9-q2_OBzIW_fk0JkPfFsJbVJMDfcJsDRqWEA6TmlVZFlSM9bymPVYc3RbpLY4,Carvell,https://play-lh.googleusercontent.com/a-/AOh14GgY0phF0jsFEy7TJvRTZYkWg0Bb09pu_trRoxpzvQ,"good setup, poor execution. Connection is very frequently dropped on good signal. restarting the app doesn't usually help. Sometimes you cannot view the cameras on the same network. Black screens all the time. Its okay when it works though. Lowering by one star, video feed is almost always very low quality, and most of the time is spent with connection problems or ""starting up"". edit: not poor signal. it happens within 5 feet of a 5Ghz router on a fiber network, as well as on 4G LTE.",3,2,1.4.2,2019-08-12 05:59:45,"Hi, could you please get in touch with us via support@petmonitorvigi.com with your email address? I will investigate. What you are describing sounds like a poor wifi/internet signal. With weak signal you will see a lot of ""starting up"", ""reconnecting"" and video quality will automatically adjust trying to fit into the available network speed.",2019-08-12 02:04:54
gp:AOqpTOH2bYb12d0Mc1Vk1d65kzQrJit9nvSkcTQeDaJ9CZWvBEqOx9ViHL0Xihw-LzDCiOu1V_nzNfGJYvzDpLA,App User,https://play-lh.googleusercontent.com/a-/AOh14GjHxc7Lpt-vQUfISYdMJzVhXmp8PoUJEOhhPEiJKQ,No help within app and no concievable way to record or perform other functions promised by the website. Wasnt working for me over 3g/LTE as promised either. Pretty good as a remote camera over WIFI though. Testing the competition then may come back to troubleshoot the issues.,1,0,,2019-08-10 15:39:10,"Hi, please get in touch with us via support@petmonitorvigi.com with the email address you have used for the app. I will be happy to investigate why is the app not working for you as expected. Video recording is currently exclusive to the iOS version of the app and will be coming to Android later. Please get in touch. Martin.",2019-08-12 02:03:03
gp:AOqpTOEp5RWvoXdNocDDQ-JbcbdUg2tunkFrKpVDUuCgZqC456tXDAzU5bCW3YfdLml96s4cddUS3SeJO6k4JbQ,Linda Nienaber,https://play-lh.googleusercontent.com/-7aVXbm6U_Xc/AAAAAAAAAAI/AAAAAAAAAAA/AMZuucnItmTaAHL6S0FfYm4tYGGyniFttA/photo.jpg,Developer provided me with great assistance. Great app,4,1,1.4.1,2019-07-03 10:30:42,,
gp:AOqpTOFIVPAN7Ri9hawNEL6D6ixg-i--UKEbfqua4eBmtg1ekPTEsoyFV7DOQh32IQWz5jMCUeW4pqbadtcXBks,Nat Pinguila,https://play-lh.googleusercontent.com/a-/AOh14GgZJMiJ4vgxR9FZ-HmWuBj5TbrsL90X14ZOBhfyGw,"you can see the video stream,but in settings dosnt say how to record it, also the voice settings work worse that a walkie talkie😑 maybe a free app would have done the same for me",2,3,1.4.1,2019-06-07 01:47:09,,
gp:AOqpTOGztga29zTJlSUmHXPMGKHMwl6IYQBM1as-_kywckucRFonYRXCN4um4psv0ZpXcri-kbWx2Sm04ajsRLo,A Google user,https://play-lh.googleusercontent.com/EGemoI2NTXmTsBVtJqk8jxF9rh8ApRWfsIMQSt2uE4OcpQqbFu7f7NbTK05lx80nuSijCz7sc3a277R67g,Works like a charm I have an old tablet setup at home as a Pet Camera and it sends me a notification whenever my dog is running around or barking. I will then connect back using my Samsung phone and talk to him to calm him down 😁.,5,5,1.2,2019-03-18 12:09:43,,
gp:AOqpTOFqtvIq45DHaISKoQ3U1azXx6Av4PfOLenvxG_bcKp8RtwSnnEYjCWWw9MHsZbdrRbQosyLDlvtSBXiSJk,A Google user,https://play-lh.googleusercontent.com/EGemoI2NTXmTsBVtJqk8jxF9rh8ApRWfsIMQSt2uE4OcpQqbFu7f7NbTK05lx80nuSijCz7sc3a277R67g,works great in my RV! I can watch what my cats and dogs are doing when I'm outside or at the store. only issue I have is when using the micro phone to talk to the dogs. It echos and keeps repeating. please fix this.,4,5,1.1,2018-12-20 08:02:09,"Hi, thanks for your review, we will try to get the echo fixed in the future app updates, for the moment it seems that it's a hardware problem present in certain Android devices that do not properly implement the echo cancelation, but let's stay positive and see if we can get it fixed. Thanks Martin.",2018-12-23 06:19:02
