reviewId,userName,userImage,content,score,thumbsUpCount,reviewCreatedVersion,at,replyContent,repliedAt
gp:AOqpTOFX8f4aQCYGJl-cDwxh77dmCujIbyBhjG4jHVgZ1Gj-3FPmTz4WrGON0cYMTtxXrnlf7cdwpXvABur1G8w,Calebs gaming,https://play-lh.googleusercontent.com/a-/AOh14GgJYEwfYRmqm1YxYQAQXblUJM3AfWTXDc9JHnUNnA,I was somehow billed for this app three times,1,0,19.1.87,2020-05-30 11:44:44,,
gp:AOqpTOHelAuFR_4finpYEuWSuHsnqcKXJVJuqCxDjANn6bAu_m62ApJ_IKBmicQhe12ixkJWMan2tkcaVE9w-6E,J J GoAnimate My Animations In 2021 Of The YT Team,https://play-lh.googleusercontent.com/a-/AOh14GjEr7wCw_Gbu5_0M-I9HpEE6N9j6mezwjgXwZPWvw,Dr Mc Naveed Can you check the temparture on my pet goony,5,1,,2020-03-12 10:34:47,,
gp:AOqpTOHbEpXTmR45sQpBYSBckWr-DFe_1viw_3mmtHsxN-OGmHVsHl-bJ7SWDcRlW-iUIzStYLlGi3LLSscrKGQ,Molly Baker,https://play-lh.googleusercontent.com/a-/AOh14Gh9pASsAPt3j709TqesVOmXqRAqhEpelkfJcjLDaiY,It's very bad i was download for my son but you changed me 3 time in one game,1,1,19.1.87,2020-01-18 02:55:27,,
gp:AOqpTOHJ9JLgX8tnOuULCJINOh0_CDhORSeBBoSQA1a66I4cI4U6uq8heTjw3RCYco_JqTDtu6St94FRE1J6yTQ,Carlos Arturo Gómez Teshima,https://play-lh.googleusercontent.com/a-/AOh14GgisTd-yVoOC0gZnfW2MUZ6h_17dzFTte_R3dG5avs,"Nice game, but it has adds",2,2,19.1.87,2019-11-15 20:39:30,,
gp:AOqpTOGViCb6Y2caumcm1a-W2FNCtSRCgXxYCROMdlh5j-04AakDvdFJd5355in0I3VGABYc0ye2WTIyormoeSg,Harriett Kitson,https://play-lh.googleusercontent.com/a-/AOh14Gia5K8MehIm9NGPL6t2PjsfAGyStY5_LtX-c_CR,it is very good because it helps you learn how to look after people and I love this game e so much,5,55,19.1.87,2019-08-04 23:56:15,,
gp:AOqpTOGXfMdPnKmSeeiT4UB1mmNvx8DJHL2M2n_c0A7w4G2_Y8HKW89oElQkiRIjAQBX6QzFPaV04vOCYQzW0NA,allison royal,https://play-lh.googleusercontent.com/-yDWRhItydR8/AAAAAAAAAAI/AAAAAAAAAAA/AMZuuclKRYWllrEn120KKBhL57qKndZp9g/photo.jpg,downloaded today but was refunded for some odd reason. i didn't request a refund but now my daughter can't get back on it. I sent an email to support. please contact as soon as possible. thank you,3,57,,2019-07-08 11:55:56,,
gp:AOqpTOGUeTya8giIvAZv42CWAaPAuH2Ynky3S8ZjXbUgkUglq9Q_QqK7AjofMZdDU8-LhN-BvRq6g1mEQEmkU-I,M12 clan,https://play-lh.googleusercontent.com/a-/AOh14GjSrU-kHnR8zRxqJGEsyxVgbCJeaUvdDtBekO58yw,great game😁😁😁😁😁,5,7,19.1.87,2019-05-28 08:51:02,,
gp:AOqpTOEeZOnEPUQBP_HRTVCWsQ_VftcBsRHJGEl1cWJtzorYUtz2JHKjVfl5xvvIyuGdxEnlFGIq9kZgK6w-IhU,B W,https://play-lh.googleusercontent.com/-7lEl7QCO0K8/AAAAAAAAAAI/AAAAAAAAAAA/AMZuuclczgkyc85-X16dY-I3hJSqA7_HEQ/photo.jpg,Just a warning to those parents like me who are purchasing the app for their child using thier own account. This app is not available for Family Sharing. The developer is not interested in updating this or any of their other older apps to include Family Sharing. I have purchased many Dr. Panda apps previously and will be sure to avoid in the future.,1,105,,2019-01-14 05:06:10,,
gp:AOqpTOFXU8QALL9i1KRb63M3l521GHzAb-QG570MkVGyG_NndYaPFis4TQ6BjCyIBiNu_hc_BRuYuOWnmX4Lb7g,Scarlett Bazemore,https://play-lh.googleusercontent.com/a-/AOh14GioyRdKNCVUP8PyjfRKwx3LHPgPGabl6Q7WpjqqZw,I love this game!!! 😍,5,2,1.6,2018-10-30 10:28:00,,
gp:AOqpTOG-WYq-QFbRwEApSxEKRqwXJUJA84k_Tzoxxtf1IpCICzp3gDgz70kMs8OEwbrXdwd1hlUgMBq-kWnogVg,Shandell Bliss,https://play-lh.googleusercontent.com/-ffkSwVJuF3M/AAAAAAAAAAI/AAAAAAAAAAA/AMZuuclG-NxWpyx6N2hQOBJyY98uAvTY2Q/photo.jpg,Good job,5,0,1.6,2018-10-20 11:02:45,,
gp:AOqpTOGqAC7mNQnyC4LTWS-OLqmaOWpFdY4q70qqjQ4XyLm10x5xkOcufnCM655GUp4sZwEwxgEBMtBtjhQ00PI,Rodol Moscosa,https://play-lh.googleusercontent.com/a-/AOh14GinxMhfQLSGr4OMuvDIWAFVvQR4LHbIM6N0nymZzw,Yas,5,1,,2018-10-15 16:24:12,,
gp:AOqpTOFXcOLQaFCqmV08zwB3iOrViuAgDFCHlHsUHUg11Qg1bWRGVkFE179RSxZSTSbPNSGMvuiUMzlKh1Yq704,Andrea Grimes,https://play-lh.googleusercontent.com/-xS0vdmETfQw/AAAAAAAAAAI/AAAAAAAACE8/AMZuucnhmh48Bmloru3Q0lvxHPOR8Xqz7g/photo.jpg,Only got,5,1,,2018-10-14 04:55:42,,
gp:AOqpTOErfwttNW4DwWzV0GYHMpVe-nkcXAyGiTUNeS3rhww0uw7SuYaHNCIwsYpYn6FsVJXfFj7YqHnA_2rLgWE,A Google user,https://play-lh.googleusercontent.com/EGemoI2NTXmTsBVtJqk8jxF9rh8ApRWfsIMQSt2uE4OcpQqbFu7f7NbTK05lx80nuSijCz7sc3a277R67g,I just love it 😁,5,2,1.6,2018-10-14 02:45:15,,
gp:AOqpTOGA-yPjLCGGrdAK-u2ejMuxL9zl6hxquiFGcIrN50azxR_kqsG0x9dni-PVc2BG3lhcE_Kb31hT8drZiV8,A Google user,https://play-lh.googleusercontent.com/EGemoI2NTXmTsBVtJqk8jxF9rh8ApRWfsIMQSt2uE4OcpQqbFu7f7NbTK05lx80nuSijCz7sc3a277R67g,*add more things to it please* This game is ok i guess but it needs more things to it or else It will be boring and no body Will play it. :( boo,3,24,,2018-10-13 15:57:41,,
gp:AOqpTOEkmSExfIjGPa2ii0XHWv5Ovl264ExmISGwa3EDekr06aHzwKuHqQzZDsUHzRU4Cp__6EZvSzonNO8-_7I,Maria Maione-Harris,https://play-lh.googleusercontent.com/-BS42JhZJCp4/AAAAAAAAAAI/AAAAAAAAAAA/AMZuucmZniYH707cNUm8sSIRoJcXEFLOBw/photo.jpg,Awesome,5,0,1.6,2018-10-13 12:56:22,,
gp:AOqpTOEi_97rewyzyZ1J3qFSCuwNrN6-DQ7W_RHsv-L0-In9ra4zgD8yw8Syi6cGJl9RMu-dBCClZBCJz8DEEgs,Caroline Critz,https://play-lh.googleusercontent.com/a-/AOh14GhUSbEaisTshnIUlOcWAaZYkwbKRS-4sHjsr6D-VQ,Awesome,5,1,1.6,2018-08-04 09:08:46,,
gp:AOqpTOHwB6wul1qm3EBQ2GmGUOy_SuXQcD0DNKCAYiP5zR-vSeIFkvM--BAUwUA1GfwE_bhicl-idF3j29Whmhs,A Google user,https://play-lh.googleusercontent.com/EGemoI2NTXmTsBVtJqk8jxF9rh8ApRWfsIMQSt2uE4OcpQqbFu7f7NbTK05lx80nuSijCz7sc3a277R67g,I love it,5,2,,2018-07-11 20:06:01,,
gp:AOqpTOFEskzzWMqLRNexKbaMc9QndCQgUQ-liepmj24ZLP7d4xD92nH_62UuYfRIIoFGiA2qHUd6VLBn99aqHEI,A Google user,https://play-lh.googleusercontent.com/EGemoI2NTXmTsBVtJqk8jxF9rh8ApRWfsIMQSt2uE4OcpQqbFu7f7NbTK05lx80nuSijCz7sc3a277R67g,This is the best game love it.,5,3,1.6,2018-06-12 18:38:13,,
gp:AOqpTOELg8HdcpDEDuBwpPBRxlUGPeuSunpY5k4yvJ8oQADixVJ2AgM5k_MmmTke2gcnZsc4mtfU3zlBAWYKmRo,Brook Christie,https://play-lh.googleusercontent.com/a-/AOh14GjAk7RWa9qJAXEffQZh-RgEIaNUXP42G-d60976,Yay I love Dr. Panda..,5,2,1.6,2018-04-22 15:59:00,,
gp:AOqpTOH-D2GXVBgT5HT2RM6FtHasVC5hOu5K7GdtMYqL1bz5_QRfeQrL7Mqm2JuIyOdim30ALpmijKdQs6VirCM,Chris Hawkins,https://play-lh.googleusercontent.com/-outVVR5uzIA/AAAAAAAAAAI/AAAAAAAAAAA/AMZuucmwdBDoClOfextKi6JVpEEGKjPtYA/photo.jpg,Cool,3,2,1.6,2018-03-18 03:19:30,,
gp:AOqpTOEradTTqn33VxHHLUb6XG0Ajk0di5fj4REphvEB5NS3KAg6uzIvNkYztWyBCxzWMt5qmucJrPruimkX7RU,A Google user,https://play-lh.googleusercontent.com/EGemoI2NTXmTsBVtJqk8jxF9rh8ApRWfsIMQSt2uE4OcpQqbFu7f7NbTK05lx80nuSijCz7sc3a277R67g,I  like playing dr panda 😀😀😀😀😀😀😀,5,4,1.6,2018-03-02 19:09:39,,
gp:AOqpTOGkvuEXyXYoT-FhsyKqNoRr42bM6QQQPI-sOz003pDx6XHolcHp7DhRPWX9DhX-5HBNkq1pXEImp21Apy0,A Google user,https://play-lh.googleusercontent.com/EGemoI2NTXmTsBVtJqk8jxF9rh8ApRWfsIMQSt2uE4OcpQqbFu7f7NbTK05lx80nuSijCz7sc3a277R67g,Paid $2.99 and wont open....,1,2,1.6,2017-12-28 05:42:52,,
gp:AOqpTOHsoyYpHPpVQo7uGxRYBCPHizTZmtrL2URJKF54hxuBT1xGVBmIuYcBTI_I0ukOS-yQmsdNNglgFSv4FSY,Angela Delcid,https://play-lh.googleusercontent.com/a-/AOh14GiGsMIIlEpYsXUt72gkkMOMfLQHr5ZlmgA8I4HmlA,It is really fun and cool my fave is how the beds chang,5,5,1.6,2017-10-25 15:52:32,,
gp:AOqpTOGdybQQuMlhwJBS85bkZ-cDGcZq3nHH2ezD1Hlv_D8mvwz-VFHaRSSRHp1VdoLYCfOroJyApATqdvrGZho,A Google user,https://play-lh.googleusercontent.com/EGemoI2NTXmTsBVtJqk8jxF9rh8ApRWfsIMQSt2uE4OcpQqbFu7f7NbTK05lx80nuSijCz7sc3a277R67g,It is entertaining and fun.,5,2,1.6,2017-09-06 08:47:52,,
gp:AOqpTOGKqrk2QZPmw1cMGow4MWJHZe635QoW6braMTGYztwpDOga52P525xHoZTNHwbzhZ8SuVwPjpS-oD6BZyY,Surface Technologies Inc - Info,https://play-lh.googleusercontent.com/-TeMgirnOSTk/AAAAAAAAAAI/AAAAAAAAAAA/AMZuuclxPl2OOAUJVFCwKsj1G2zcDDVC5g/photo.jpg,Great  for kids.,5,3,1.6,2017-06-18 17:33:51,,
gp:AOqpTOEQyrCmA4F_gfU1eoBg8K2JDWpu6hcgK1oowGpnUcCg6kUytcmVfM_PircPJ8Ws8JevyIf6BOO8NstqB5c,m C,https://play-lh.googleusercontent.com/a-/AOh14GhFX_JR6sSUc_8OsHGxbteHVXVYIn64BMDxFsBBU2A,Bad,3,1,1.6,2017-06-16 08:23:16,,
gp:AOqpTOHAWR-F-ZHewG07JQUMxIjRqf0SHkS9kTBSXvQpZhRGjMD81HcLxDsUmUf6dmfT63xgzInM-wrMlS6IToI,Natalie & Leah,https://play-lh.googleusercontent.com/a-/AOh14GjuM__tYrVK2PR7YLNPqURWtAnUV8WV1idKLAGf,It is horrible,1,2,1.6,2017-04-16 12:22:33,,
gp:AOqpTOHZ1DRf9i4uqvnGZ_DZHp9LYCn2CG9G91bPF_qlo6BOmA6cZbvwmWuohddmQuMNN1WCYAqcwzYbDfIVhKs,Mary Dewey,https://play-lh.googleusercontent.com/-kBTL3Uq8xd0/AAAAAAAAAAI/AAAAAAAAAAA/AMZuuckEoqiylemuaDn55cgJN73p41llig/photo.jpg,i just bought and downloaded and its not opening...... fix it how?,1,2,1.6,2017-02-17 06:27:39,"Hey Mary, 

Thanks for getting in touch! Sorry to hear that, you can contact us at support@drpanda.com, we'd like to help you as soon as possible. 

Many thanks, 
- Dr. Panda Team",2017-02-19 23:52:07
gp:AOqpTOEjA5vuUJd6IC4MXHMcHB7k3QuIjDidJB1RvEXwpauik0nUf5_xQStE-z7maa6zxTMjxCHDZvqMHEQoqpc,Jordyn Banks,https://play-lh.googleusercontent.com/a-/AOh14Gg7ZbYTEAyDqP00s4zTfXQeVa_xd_yU99JnugF2aw,Loved it,5,3,1.6,2016-12-30 16:26:03,,
gp:AOqpTOGFmz-x_MNdS-VSkefE0EtayZNXb0-QLCZW8Me5zxlWZUwMxdqnXP2j3sPZoRT7TYp5C00rZbSA09EeJrA,A Google user,https://play-lh.googleusercontent.com/EGemoI2NTXmTsBVtJqk8jxF9rh8ApRWfsIMQSt2uE4OcpQqbFu7f7NbTK05lx80nuSijCz7sc3a277R67g,This game is totaly recomanded to download!😃😃😃😃,5,3,1.6,2016-12-22 04:43:22,"Hey Choon, 

Many Thanks for the support! We're more than happy to hear that you're enjoying our game! ☺️

- Dr. Panda Team",2017-02-14 23:23:28
gp:AOqpTOFKoKAEy70UgHGOaTL0z9-CvKMiL78PdY6xHSBA3R2-3RxjzmgfkxNG8EiBgmV96X1xkQiZu3_iHvwDwyE,Liane Caughie,https://play-lh.googleusercontent.com/-4cu6EFMkiRU/AAAAAAAAAAI/AAAAAAAAAAA/AMZuuclEOCxfJ4IwAx9MR7IjJI_6EdWiww/photo.jpg,still like it,5,1,,2016-12-04 14:14:03,,
gp:AOqpTOGlb7PxmXb_A5QOhCqhtQzCBtbVqCZzKfq1LiEOGjimNBX6-UjL8kw1r2gGvpJQWiCRTv6s4lRsomo7rLw,Dung Tran,https://play-lh.googleusercontent.com/-gJJo07FO274/AAAAAAAAAAI/AAAAAAAAAAA/AMZuucnt6hDi9Adi10-KZM1uIpjceubTIw/photo.jpg,Love,5,2,1.6,2016-11-15 05:38:33,,
gp:AOqpTOHjQ0s7cR9QN1Vi61czP3CR8koR7iD7MwZlGyBh3GAB7qqBbWirkQlRJEfeTVgtSHYqMldNH9Q3Wv7OI3k,Teaghan 2007,https://play-lh.googleusercontent.com/a-/AOh14GhUeekxSN_894QYr20jumbpyegeJnOkTKkrFqVc,"If i were you i would get it, even though it costs money. Its only a low price.",5,6,1.6,2016-11-04 21:43:27,,
gp:AOqpTOGWxOTjq0ijBm0kQ3wy0kLTAXehhskC3CBY5D4V5I7LOwmHLSmEH-1sc2r0lGCKRPneaq6BLgyNkcAf9NA,Tabatha James,https://play-lh.googleusercontent.com/a-/AOh14GjGYze4yeTq8xIw7S-hKt-TLaP6sq5e02_vYJulrA,Frequent restarts required.,3,3,1.6,2016-09-05 07:31:13,,
gp:AOqpTOFoKX1VDvI3LxlC5x3Bp2iKheYsFhOppV0aHvGge9UpJpdQxB8sqzgi_1lMVRv5gYZHV-ZKcPWbGXhXkR0,We WroNg,https://play-lh.googleusercontent.com/a-/AOh14GjxU94XPBDIxnx_ksPEMcPS3RgFJmb7_6wyUUMAFWg,Naked!,2,4,1.6,2016-09-01 08:15:43,,
gp:AOqpTOERo3IIvBV3VkdGAOuehTdqWjgH-9KF_o4F9UDja0TBqm6sc8ELIudnQada1oyvztx2ZP-1mcmRoTef8ww,CJ AW,https://play-lh.googleusercontent.com/a-/AOh14GhEl5Q_06KMNiM9zlnfqmZqDOLSe2cpr1NL4nTi,Best dr panda release to date,5,5,1.6,2016-08-11 06:09:26,,
gp:AOqpTOHjKognBiEUcmNPu8ea17HgeUDOxac0MtJb8tIqCg_MZbcsng8-0YmWh4pFPVxlswPplT1fbjVkPaCbHC0,Tom Os,https://play-lh.googleusercontent.com/a-/AOh14GjBnwIfqDnqEmRmw2OeLgMQkZ6S3U4H3sck31PcBg,Very little content for the price and even though I've paid for it my 3 year old still manages to get into ads through it.,2,2,,2016-07-08 16:39:05,"Hi Tom, 

Could you let us know more about this ads issue via support@drpanda.com and what app version you're on. This game doesn't contain any ads, only a promotion screen that you can turn off through the parents' platform. 

Many Thanks, 
- Dr. Panda Team",2016-12-04 18:59:50
gp:AOqpTOEMVfZeBXAj9h3ChmxpQTmSThtevXi-PoF-RjmRyNdhUitiBje1fNY6awdbP1LSaJI1DrxewWjdJc8eLv8,Neena Killeen,https://play-lh.googleusercontent.com/a-/AOh14GgcdaMdGttav1uHsrOSEa2iAomriptyBiAmSFBeEQ,"My oldest played this forever, now her baby twin sister loves it too!!",5,7,1.6,2016-04-30 17:22:28,,
gp:AOqpTOGpXFmX4lFK_AaXppfndajzL_Y-w2Jde5_TJZ9LuiAbukH44WirCdhIFxW_H6bRNcUPLto_iDKFPi5Jh0Y,Brenda Ramos,https://play-lh.googleusercontent.com/a-/AOh14Gg-QQ5R9HHkyZaUWkaAWHCecczAAdCUQEVbMBre,Its gets boring after a while,1,2,1.6,2016-04-24 18:11:24,,
gp:AOqpTOGP8ScwWrwzwDIoIjtUpGn-wQ1BQo79KljsNxiUiSStej_FIBa0MjdKY-P0FWAf4Q7ia67A_wAtsZKnJAs,Allisson Hancock,https://play-lh.googleusercontent.com/a-/AOh14GiBJih_6MhNwYHh_PfjtSSzVzDowB6zmPldE3OSwQ,...It took forever to download.,4,2,1.6,2016-03-25 19:45:45,,
gp:AOqpTOH1hraBDyzJKLz2VEKV7_vOxuJ0My0ejaCH-EUgGoOP82zS2BGhYD0ulb2bFeeU3MHWCDdyi7EgknfYgaw,Andrea Goodall,https://play-lh.googleusercontent.com/-WNBId6KEAAg/AAAAAAAAAAI/AAAAAAAAAAA/AMZuuckwgO5CnDN8OcgbD4iah0WcJsMJDQ/photo.jpg,The game makes me feel like a pro doctor😉,5,5,1.6,2016-03-20 07:41:54,,
gp:AOqpTOHlf_V73Vi8R9hxz9AeBWxznJdFevXFpbcKpTroS8c8_-FRi8iIyZ181qcjf4DHCdQBqrsbvNokAoygIdo,Maria PS,https://play-lh.googleusercontent.com/a-/AOh14GjZdv8M2XM4zFiOsmMto2leGXcd3XJ6mHZw8thPNds,My kid LOVES your Panda games and this week my android OS got updated and I can't play the Restaurant and the Hospital games. I can open the app but the games won't go further than the presentation screen. I've removed the games and downloaded them again with no luck. Any thoughts in what's happening? PS. I also have your Supermarket app and that one works just fine. Thanks!,3,10,1.6,2016-03-20 05:42:30,"Hello Maria! We are sorry to hear you are having problems to play the games. Can you contact us on support@drpanda.com telling us more about it? We'd like to help you as soon as possible! Thanks!

-Dr. Panda Team",2016-03-22 00:20:24
gp:AOqpTOGaiKy1cFnHqquj44dFcY4x9M7TjgY41hVvHfHw7doQclB_o9EvwsnWlYdFJsexb29Ta1uAOG7GfORfCdY,Gabbi Romero,https://play-lh.googleusercontent.com/-rpt9HsIbRDo/AAAAAAAAAAI/AAAAAAAAAAA/AMZuucn7zBCDDEc3KZOvhRTridnNrLr80g/photo.jpg,It is awesome,5,3,1.6,2016-03-11 16:04:13,,
gp:AOqpTOEeJ0abv7z35sMU9yYSHkHiw2RCRc0p0ImlYibxAF09Xm1Updyk8DGH1Oe0IdUKSrrGijIwX8xbHibcXlA,Happycatwhoisdead YT,https://play-lh.googleusercontent.com/a-/AOh14GixXGdBWb0RRV-XLhELZ8DxuZPbuLrYTd_WxlfZdA,Hey everyone Dr panda  games are so cool,5,5,1.6,2016-02-24 05:06:11,,
gp:AOqpTOEk1afdOIFK_SRnu7Ppz2r8RiKQfCVu14s69QWmUSRp7Gj3qSoeLrtt_8LtTq5NE2EiH-rUzao4Y496D1E,Jenn M,https://play-lh.googleusercontent.com/a-/AOh14Gh43fGajKANs_2Hks7bIwjLVBSFyR0Nskfhr2nCZ1s,It was good but it was bad,5,4,1.6,2016-02-13 08:51:41,,
gp:AOqpTOHPJO-wm5EOga9YWomvFXCpbOIqdKnkje77xUSYdeIw4y1cF3bm3Xqabr5BbGYup8etmBFbWGrTM4_1GmY,Erin Moffett,https://play-lh.googleusercontent.com/-YtguskSpEAw/AAAAAAAAAAI/AAAAAAAAAAA/AMZuuclYLUASfajAsPLTMAKX93hUmSwIaA/photo.jpg,It gets kinda boring,3,0,,2016-01-30 08:55:05,,
gp:AOqpTOE_raixNG49bZX0v55sBNBbIkliCZ38YW0ri0UGFpDXpaBMLpydT5ePXzNp1hZ0hlQg2dV-hK_QiFK1Wjc,Jennica Mejia,https://play-lh.googleusercontent.com/a-/AOh14Gj4IA7w5QhDSMHziAlmYLqY4mlXTCr-44O-tWHuqg,My two year old loves it.,5,5,1.6,2016-01-20 10:43:48,,
gp:AOqpTOHVZmGPi3YDBdFTXiOjfLmW-svFMKqtSzDOc_tdfzA7l2wSlbm9aRV1K8t9m908S2x4qW8RbVS7fMrLLlE,Robert Gonzalez,https://play-lh.googleusercontent.com/a-/AOh14Gg-fpfrqJknFPrYbBKWpZtVe1YILicTB2KfEvFvpA,My daughter loves this game,5,2,1.6,2016-01-16 21:32:46,,
gp:AOqpTOEYAOXqNC47e3CHC8TzjLUZ05DE4mhb5kCLw1epvb-HzksIrM8_TyBejFm3xEQRiCNH5iVqJgjD-3OzM70,Gillian Dickinson,https://play-lh.googleusercontent.com/-3knWsYeX-WU/AAAAAAAAAAI/AAAAAAAAAAA/AMZuucniNRKjUUp1H1UG7PIEbOmcFmC0Rg/photo.jpg,I love it! !!!!!!!!!!!!,5,3,1.6,2015-12-26 13:41:02,,
gp:AOqpTOHt13ENuf5gp_xmwlULJIqG28NFaNbiG4EUrL6Ew-IggxWVfDzcXrMQDR8lD6-LlLhuNTOV5UYVIX65xj8,Megan Lourens,https://play-lh.googleusercontent.com/a-/AOh14GiwppTtBSWRntO02S384Yy6ZvL8FZqfAylJ5Tq7zQ,It is just cool! I don't even have words for this awesome game,5,64,1.6,2015-12-25 22:07:06,,
gp:AOqpTOG-Ow4x7oiMlpxV0w0gd5uAZAotuaPEYLVkdKoNzbCluFXSm5obp_dk3Ui79YoH8ZyjITsL24NMZS8UchM,Mandy Barhorst,https://play-lh.googleusercontent.com/-tyI2TFRX5cs/AAAAAAAAAAI/AAAAAAAAAAA/AMZuucn7J9nPAjQmn5-fVfcETtKqtSmW2A/photo.jpg,You know I'm her kid I m a six yr old and I got it for free!!!!!!!!!!!!!!!!!!!!!!!!!!!!! Hint . I got it when I was little.,5,1,,2015-11-17 17:31:49,,
gp:AOqpTOHzArd8mJEFEdDUvYeIFIv2RDvKaHFsCFYXeexUZbJgM_EuQpkLyEa3XOW-NjLmxnTtrIu93ipvWELddtc,Krista Robson,https://play-lh.googleusercontent.com/-e0XL3CaHYVY/AAAAAAAAAAI/AAAAAAAAAAA/AMZuucnD2bov4ZEFLtXH4NStmiGnFIJ1QA/photo.jpg,If it makes me much money,5,2,1.6,2015-10-12 08:28:49,,
gp:AOqpTOHg3PajQ9SsyVkcYVVgnGw426rbJkfpjJBXBkqEMXKNBXcaiobkK0NCds0i7ssP0ncDzTnVQte9VvmWGro,Danielle Hilton,https://play-lh.googleusercontent.com/a-/AOh14GhmTemeSi8B3_LMYx0hcqhzOuiVvxH3rAXtU2TIIyA,UPDATE. I uninstalled it and installed it and seems to be working now. Thanks..  Have had the full game for 3 years and its been fine. A couple months ago it stopped working. When my son finishes treating an animal the game won't go on to the next screen.,5,241,1.6,2015-09-07 07:08:41,Hello Danielle! We are sorry to hear you are having problems to play the game. Can you contact us on support@drpandagames.com telling us more about it? We'd like to help you as soon as possible! Thanks!,2015-09-07 03:20:46
gp:AOqpTOFvt5uHxSa8-ATPD_iD3PY7D8Wbh9b3483QdFXtPn-08pq6WrNQEbKPK_-B0JMrjUOIfXLHLxuRHWvd3GA,Kenton Adams,https://play-lh.googleusercontent.com/a-/AOh14GiORCQ70ri7XV3k9UeTrrEnVfuaaCfzO1gFLkVUlg,Locks up every 36 seconds.  Have to reboot the tablet.  Do NOT waste your money...  VERY frustrated kids.  Tried on three devices.  Same problem...  Samsung Galaxy Tab 4,1,78,1.6,2015-08-27 17:29:08,Hello Kenton! We are sorry to hear you are having problems to play the game. Can you contact us on support@drpandagames.com telling us more about it? We'd like to help you as soon as possible! Thanks!,2015-09-06 03:06:12
gp:AOqpTOFmptz7pGJ8dWyT45CnGnfimVPXnVm-kEQ6u_HDhzFFXReiHVB_hYvvvPxGb_YH2oU9BYZj_GodLuQY38U,karlie burns,https://play-lh.googleusercontent.com/-1KAM9OVDX4Q/AAAAAAAAAAI/AAAAAAAAAAA/AMZuucnPjiTamNrcaWz8BBX65JO-EojOvA/photo.jpg,Daughter loves it,5,4,1.6,2015-07-21 23:58:27,,
gp:AOqpTOFTcrBblo4ZiRboO4qKXDvV5-qiBB-2I2XxBYKj2YmCkELMwBMaKzotlWZWuijMkWaCoeXus7XeZHPAF-g,Nick Hawkins,https://play-lh.googleusercontent.com/-VVqNO56MAhM/AAAAAAAAAAI/AAAAAAAAAAA/AMZuucn8pSNv3qaBm8D93GGO4buvzWNYQw/photo.jpg,3 bucks is steep for a game with not many features but my girls love it.,4,7,1.6,2015-05-10 11:35:25,,
gp:AOqpTOHWD9tZvmvRnYNmp0mkpjSN8XB2X_7umH2ccL5ZsAGsnEtejdNOIkxeiBJbzrh8O16PqPoMm_fw3ueTBHE,Tim C******,https://play-lh.googleusercontent.com/a-/AOh14GjfctUo5TTnx7HfokY2bi2CIAbwfROuxgEIgcqnbg,This is a nice play doctor app. My 3 year old grand daughter likes it. The only thing that is a little strange is the continued trash build up.  You clean it & it comes back.,5,58,1.6,2015-04-25 22:08:48,,
gp:AOqpTOHgJtyw7z8byJ9NBlB5n2ZpagxyAS6OxRgnxiRNO5kIOJfr_7Jb7J-O3Uyi3072w4XGC6HdjlR05nkIeAU,Tammy Mills,https://play-lh.googleusercontent.com/a-/AOh14Gh_jQlE-nq21C2KL0DT1daOpPnzHA2GYKPUO-MVvw,My granddaughters love this game! It keeps them busy for as long as I need it to!  Well worth the few dollars I paid for the full version!,5,8,1.6,2015-03-25 15:01:53,,
gp:AOqpTOGeJZoTr04i473A04rf1zSkpx4Fp7i8SjbaZABjY6mdgorHxoR2Cx4yx8F13JjJgt67VHUJEKU9A5nxZcg,Shawn Pehle,https://play-lh.googleusercontent.com/a-/AOh14Gilz1MESb9VkapJ_GBBjWuknnExw011eozNeqArhw,Love it,5,3,1.6,2015-03-21 06:03:06,,
gp:AOqpTOFcqpmHR-jOnkHz8CyIqp4P5nVV0Ib5f1RPaoCN1Z4bSmJvk0_CsNjaAB5nWy3pqs72cl9CaIrnvMHuL1g,csalad szefi,https://play-lh.googleusercontent.com/-GL_c1tVBm5A/AAAAAAAAAAI/AAAAAAAAAAA/AMZuucmrIIGtohWQUw-T84TyQAIwz2v4xA/photo.jpg,Very good,5,3,1.6,2015-03-21 00:03:04,,
gp:AOqpTOEz5bg2EWjvr1N0yRl5ihf4GyN0Q3BBdXfl1aEJkhzUFIDqKRzVJbJvXJziAQZWlmWzvddiUOm4qIs8HvQ,Irene Haller,https://play-lh.googleusercontent.com/a-/AOh14GjSkIT2clDW85Id4svEnura4Kmu04Wy8ykLa3qt,The kids love it!,5,8,1.6,2015-02-01 18:30:17,,
gp:AOqpTOFLNvy5EJqeUeS3IdMQbS24_SmQ7BSQb1jFZ_LJpwDKHCGbOR1TY2sVJcgte1mbpYGTUiaQOkVSHiBHmxI,Chris Lewis,https://play-lh.googleusercontent.com/a-/AOh14GgA2xqwDquF--U5VL4S90btOKDyMVL6FC3J_-Eggg,My kid loves it!,5,4,1.6,2015-02-01 14:55:06,,
gp:AOqpTOG0KQuSgHyZWYzSKspGjvSl-_3FOeIoSuEOc8FI3CRqCqjXmBFjYD0hV0txzpDLZiB1hDBporPpUlmdi4U,Eddie bonnici,https://play-lh.googleusercontent.com/-rOqQhY3iBo8/AAAAAAAAAAI/AAAAAAAACS8/AMZuuckuU1YTac5TAQpKrEzdkW_QcKiUBg/photo.jpg,My 3 year old likes it keeps her busy,5,4,1.6,2015-01-10 16:39:53,,
gp:AOqpTOHLZhW6kbc9ihSZaaAwALTWgHEpFl4qpkEwXyl_BMWmAM0qVcdmVylRQZOJavVfEIVizXwwlDQEgaLuBxQ,Joanne Lin,https://play-lh.googleusercontent.com/a-/AOh14GhUt98XcehJDGRYuxhiek5krvCB09J2kIrzb2Y2iRU,"Using sony tab, stickers go missing!!!!",2,6,1.6,2015-01-04 06:52:39,,
gp:AOqpTOFcQUiykshfmRRDeg03Bg8M2qwEtjg6ufr4bE4lJzpTEEfCQp89AGGOzLhQOxtTkCzefc9szP2X378OwKk,Cheryl George,https://play-lh.googleusercontent.com/-KYh5godVeTo/AAAAAAAAAAI/AAAAAAAAAAA/AMZuucmU7MhEptFLks5kTvK6okOXzmr4SQ/photo.jpg,There the cutest games ever,5,0,,2014-12-27 09:26:19,,
gp:AOqpTOGNQdiI0i46r1fBAvVv8B_bcJ2FK41ZGGfmkbdf7p9E8H8AvyzTY5_Gk2kM6MN4sSY61_BIM_ClAgUiYys,Julie Horton,https://play-lh.googleusercontent.com/a-/AOh14Ghzw2GqyJKhrs6LoW0aUTdWdZtA4jHmF9JyRDl1HA,OMG I LOVE IT!!!!!!!! Get this game right now👍👍👍👍👍👍👍👍,5,3,1.6,2014-12-01 14:08:17,,
gp:AOqpTOHe1azoChKAvOgfpj3qhaATkZsM30qGeojc6XsPHHOf3GHH0Jr-h7qZvD-9r8ynvFaLW0e3PYorX61GMXQ,Lisa Duffy,https://play-lh.googleusercontent.com/a-/AOh14GhnaiAknDTDjTmJjtsayGZIIMwNLHBpV8gYhkNVBg,Frustrating for my children as it keeps freezing... no point playing,1,4,1.6,2014-11-23 14:23:49,,
gp:AOqpTOFmfnfo6OVMn2iJLjWnlqAkb3RFUgnDLjmgXBFdnhCGXAUp_dK9wZceg7oJvvr8-e5CjKdYTLWpMpIpNDI,Daniel Lopez,https://play-lh.googleusercontent.com/-m6fT2TWGzSc/AAAAAAAAAAI/AAAAAAAAAAA/AMZuuckUg4ze7JEeiItFwg4BF9ukJqPcEA/photo.jpg,An entertaining and skill building game. Gets the little ones to follow and recognize processes.,5,6,1.6,2014-10-01 15:16:50,,
gp:AOqpTOFl9yHsBqLaY46pWWpeXO1thz4_0w-JPVKBvGLxJoTTaO9xmcvVRlfq0N_AIjdNSFoI4YY8LBwECinfju8,Katie Latham,https://play-lh.googleusercontent.com/-IhonE5EVdaw/AAAAAAAAAAI/AAAAAAAAAAA/AMZuucnY1LAL-4Gcmbf8tByEZriR20oDzQ/photo.jpg,It keeps laying,1,3,1.6,2014-09-28 15:39:10,Hello Katie! We are sorry to hear you are having problems to play the game. Can you contact us on support@drpandagames.com telling us more about it? We'd like to help you as soon as possible! Thanks!,2015-03-30 00:24:53
gp:AOqpTOGJYPZ1-fggarofTdnp46ONBwdWB4kCmfYxwMKWEqkDmQrdIcSbJnah8KZw0SNnb4K2HI6A_VQM99k65UE,LillyDaBest YT,https://play-lh.googleusercontent.com/a-/AOh14GjBcEYx8-GiRlzVZZN9mDwrcY4C-1pdHo0hvdkvgQ,"My autistic 5yr old absolutely loves this game, along with all the other 'Baby Panda' games!",5,8,1.6,2014-09-23 20:34:10,,
gp:AOqpTOGyax7Go2lLVi1a2xzcVLkN3Me8g7Ov3MgTZb-PfEwmZVa6vhyRwgr9fFLy0igC4YB6QCcVMxwl5hUHfm4,Veronica Marrero,https://play-lh.googleusercontent.com/a-/AOh14GiuRSRAL0Gh8hRujr9GeG0SyVkfAREKZ3bMcrij0vE,"My daughter loves this app. And teaches her to keep teeth clean,  about germs and more.",5,10,1.6,2014-09-09 11:11:38,,
gp:AOqpTOFPS6uX4S8cTpWoATkiHlDmlA7FuB3hOF2hla_8Mfp7UA6GBbTG5zcBM3bhyBe0b3iMROwDQ4YHNw_c_3s,Precious Rodriguez,https://play-lh.googleusercontent.com/-v9LnuuZTgBk/AAAAAAAAAAI/AAAAAAAADrs/AMZuuclzz_68oxV-3Mu3LXX0OITCFLfeFQ/photo.jpg,Great game for kids,5,4,1.6,2014-08-29 07:20:19,,
gp:AOqpTOEtWK38WrAy1GCGq7piZ3nkH8hsg1f13J27p8J4rZRiR4AWeDrpZDZDyLuYOZBzrFcUBIfcjMyvpPXsD_c,Donna Pender,https://play-lh.googleusercontent.com/-7ZfyLD56P1g/AAAAAAAAAAI/AAAAAAAAAAA/AMZuuclkr0GL5wMusR1ApSJqrBEFw6slYA/photo.jpg,This app is sooooooooooooooooo AWSOME OMG MAKE MORE APPS LIKE THIS,5,7,1.6,2014-08-19 00:13:10,,
gp:AOqpTOHiHskd-O3H3tL2sAOrpXNzlk9WyTiVFkosZUrnz2B9A9hFdYKrk8DVVoKzLaOXC4tjzRbLOBPqqCMeOjg,Anne W,https://play-lh.googleusercontent.com/a-/AOh14Ggxr5LOoWLVDb1NEK9b1rZzxBwPp-khwECu5FwTPg,My daughter and nephew love these games I hope they bring out more.,5,8,1.6,2014-07-17 19:26:03,,
gp:AOqpTOHPx7xURPVVsNMbJF1sBCIdY7mJOHekSQKuDcRQniyIx4Q25RBnRurwVI0ATC-OOjNSXtLRsJqMuWwjhbc,GrandEtho hi,https://play-lh.googleusercontent.com/-kMYa2hOBNHo/AAAAAAAAAAI/AAAAAAAAAAA/AMZuucl32ZoB-AZtXUT0XK9MW9T3VTRK3g/photo.jpg,I gust,5,3,1.6,2014-07-09 15:51:36,,
gp:AOqpTOH_vwFTJIxb8sP67Pq-5IYJSy_xcpbp0Hb7IljeDhOhA3dnC-MEox5jsoJuateW_2vnEF6TU2AKh2mP4Mw,Nadia P,https://play-lh.googleusercontent.com/a-/AOh14Ghy1NnnmzZmq-dtEFdDiGtDMGPCiQ81-nFgj918YQ,"My daughter loves this game, but it keeps freezing for some reason.",2,5,1.6,2014-06-12 06:52:11,,
gp:AOqpTOFsUYEydgtXeGvD8xEM_P1crcK7N_7tnYDsxlxRbsDTAhwhyx0tCcdI-bLBDCvLrdUyZp7bmmEcKcOI0Nk,AngelCake 101,https://play-lh.googleusercontent.com/a-/AOh14GgR1vrckquzj5Cq5jTJC3D0Ip8po4pSUSbcGU_U67o,Grate,3,2,1.6,2014-04-28 16:33:57,,
gp:AOqpTOEs9liDukC06kbh9vPhAxtYpY2ZGOUuqOr7kY5ur8HlRPZcT8Fw5wIqn55nqEkcwCYRD-yoN3fgSymFgug,Gates Apco,https://play-lh.googleusercontent.com/a-/AOh14GgQCbd1MdXPgCDtG8j-lvrWT1DGpu6eIvci8R31kQ,My kid loves it,5,3,1.6,2014-04-15 14:51:22,,
gp:AOqpTOEbex-cysDwPiGFeeQFmLQUaMlYU63dHz7_9sPWz_gQs5bBnWxCizQsvTBnhjQMSOFup7PWbKwSb6O-tD0,Phillip Singery,https://play-lh.googleusercontent.com/a-/AOh14GiMPuDYQqPvUxGPq4HusCvxR845c2otpeiOsP_Juw,Very good.  My 2yo loves it.,5,3,1.6,2014-04-03 08:42:04,,
gp:AOqpTOHnXNXA7hMLNTYbNUSPULpNBewn9rZwXS0JTMRjHFjWxo6wqOJL3ZwXqrZN29i4X5uZN2Or2FrS5VFzAeg,mary jane,https://play-lh.googleusercontent.com/a-/AOh14GjSC4rwVcQgCfwp4jTSguL9JFMPXzRPCaJarKGkQgY,Good app,5,7,1.6,2014-03-25 14:14:16,,
gp:AOqpTOFpvAYYPW1u92Hq_AtRkyzU_RRFN-WeDzErlw8a4BBqmBNFl8kU5Ai7F3YW2kzMLyHtXim75p6tioesG5U,sal salas,https://play-lh.googleusercontent.com/-ZKnMc6HPCiA/AAAAAAAAAAI/AAAAAAAAAU8/AMZuucnhT60vlWII11X2OboSPw6_RbSUYQ/photo.jpg,,1,0,1.6,2014-03-11 15:09:52,,
gp:AOqpTOEU3j3lXPpBiMygaOq-8J7WpRAVhEDSOEEddZElSyFfJgc4Mucj5LE3JTcSZAYO9R-SRFYQukC9QkbS3hc,Bryan Taylor,https://play-lh.googleusercontent.com/-LT0dZCGzDGM/AAAAAAAAAAI/AAAAAAAAAAA/AMZuucl2Kj4QGlYQ-tBWvt1Tv1BeDgzmOQ/photo.jpg,,5,2,1.6,2014-03-08 18:21:05,,
gp:AOqpTOHeDm_KbadRf3p2ylXVykNjdFoc7a3O5NTLNhgzJnPV7aIUzVDgyBOpRKH4zUmUo1cSDpF3f4mbuVBr008,Madison Mathis,https://play-lh.googleusercontent.com/-i2PtiatrfQA/AAAAAAAAAAI/AAAAAAAAAAA/AMZuuclYvLIDpY6-l9tdw0pmTK6SxaQzTg/photo.jpg,So fun love at first sight,5,7,1.6,2014-03-07 18:34:22,,
gp:AOqpTOEpiORksYktMrteyEaSz4d8eoVWVPOESJwFx4JeiwztxmKCKDTk4fXgTYhnovuuu_wNEXVj5g6ADUDrWz4,Shareen Shaw,https://play-lh.googleusercontent.com/a-/AOh14GhvM6vR3MsNc1WmlkqyPIIn3VC-x_lZDyaJANfqtg,Tried your free version first then purchased the full version. Money well spent.,5,32,1.6,2014-02-22 15:28:13,,
gp:AOqpTOEbuKwy7a3yNur6nTl33OiK3ZtfQkmui2QGevpLpje9ur1fapTrCtXwhSGmQs2eU4_Vsh04DFCKpIsDN2M,Rebekah Bremner,https://play-lh.googleusercontent.com/-Lrpn3MYGa7w/AAAAAAAAAAI/AAAAAAAAAAA/AMZuuckZZpDnEJV84948Jj8GmWn5rtNAIw/photo.jpg,,5,0,1.6,2014-02-21 00:38:29,,
gp:AOqpTOHqjua2Au50O0s_js0U2SDAD8CrLjzzm0sH8fp7Bwch7NWUIRW7dRC9KvCHjd153SPvx42_czetJd2uJmk,Magda Padilla,https://play-lh.googleusercontent.com/a-/AOh14Gg0GKEVMLKFQTv4GV6HiNYZ0mWx9LZr9u-nfkqcaiE,,5,0,1.6,2014-02-12 05:13:33,,
gp:AOqpTOErSrr2SfPgk0cJnYJk4w8xHr_wB8W4RH_5uXhdjT_6QI2TJukq3wIszJ4mz-ujWDhVPYM9X9NRVcOZHrs,Annette Gonzalez,https://play-lh.googleusercontent.com/-8ziSgLnUg6c/AAAAAAAAAAI/AAAAAAAAAAA/AMZuucmZO0bY2aBYQQxqLYEfWQiA6N4GYg/photo.jpg,My daughter us 3 and she really enjoys taking care of the animals,5,6,1.6,2014-02-09 10:50:22,,
gp:AOqpTOGn7ySlGK7Rrm-47ps0WvjR_-cBZ_PH8p5YkvbaGQo2kcnnRxhcNdWCWOwG1FvlVA8jGxIhzTKNOk-eNQM,A Google user,https://play-lh.googleusercontent.com/EGemoI2NTXmTsBVtJqk8jxF9rh8ApRWfsIMQSt2uE4OcpQqbFu7f7NbTK05lx80nuSijCz7sc3a277R67g,,5,0,1.6,2014-02-08 08:03:24,,
gp:AOqpTOHMe6ZvbbyIQAqNZgnwW5n-gv6VZGzW9zwEN39luUcTENMhB4QQvX5Nb5Lo4YaiPIy2-pnurIVUjcML_6A,Mylene Noual,https://play-lh.googleusercontent.com/a-/AOh14Gh7cb2_-osdrfXUwKUgZlLIqrQpofF4GiloyObqVjI,Have to rate before playi,2,5,1.6,2014-02-04 12:17:29,,
gp:AOqpTOEE91w9FcIKvYTuD_fJkRWWrjzxgyx3yJmzJ4qAx3N_bm4LVbXDYPv7i_WNDoGl3WhOLjP4FJayaoLcE7I,Sergey Plokhikh,https://play-lh.googleusercontent.com/-Q38yjdD6zMs/AAAAAAAAAAI/AAAAAAAAAwA/AMZuuclzA-uFuSNrgEq5OqeD2e8wwvtLxg/photo.jpg,,5,0,1.6,2014-02-04 06:48:14,,
gp:AOqpTOH96qZIznlCB1ai6XkHnKUdReoeBFh9LtL_i_hknpNnl3yBhJUFgusOJIOeVKBFUU5WF8g9r0YGGGbjV7U,isoftmilki,https://play-lh.googleusercontent.com/a-/AOh14Gh3nubY-NbbJHBLmvUzSMpjrjE7hFq46sqIyOLYCA,Looooooooooooooovvvvvvvveeeee Dr panda a lot 5stars baby,5,0,,2014-02-01 08:08:23,,
gp:AOqpTOFw_YPXoa_Dt1zqZDd9froUBXBmYogAzFLMK-hNLB5T5AB7vCGzymt3ov5ea0nvvVOHAZcSnJhHWCsVRd0,Karen M,https://play-lh.googleusercontent.com/-Spqpj9tqn2Y/AAAAAAAAAAI/AAAAAAAAAAA/AMZuucn1UEPAf9NHV5P8Y-Ora5RJ7qnlYA/photo.jpg,My granddaughter loves these apps.   Age 4,5,7,1.6,2014-01-30 18:16:05,,
gp:AOqpTOEdWp9EcX684Ku81Rw7PiFddTQniwxRQJfEZ0-1x7YacpdRlkGNwh5r0pKu5DOxllWT8SqAA-tIuljjPRE,Kleeman and Dinky at Performance Volvo,https://play-lh.googleusercontent.com/a-/AOh14Gicwaa9tak0cW606Oa1c2ZtaVRsyO5PLARmQ_mhQA,Fun to find out all the secret items.,5,12,1.6,2014-01-17 17:59:51,,
gp:AOqpTOHTmKFBiDzA2cBP1QL9kJoILw1Gdz71K8z4BrJoBwXcf0fofb8NOb364rdiqAXXckeEZv4VcYGkP8NwOrM,Adina Johnson,https://play-lh.googleusercontent.com/a-/AOh14Gi0CXheJdbdZ3xMLZipEsVwyz3NZnu_gwbHqd3C,My kids like this but it's very repetitive and not at all educational.,2,4,1.6,2014-01-16 12:47:57,,
gp:AOqpTOFJdd0NILgx6rhR7yXN_0aq1UvLOOFMZeIqTdDLpC_pASnXl3C0Lvn2GLdhnLWau1RSdoDq4_buxR8ilQc,Damian Shumilov,https://play-lh.googleusercontent.com/a-/AOh14GgxIu6ZyixiYXVqVCBw2fWVkNyemRe_y_4JJTYiv3k,My brother loves it,4,3,1.6,2014-01-12 21:43:45,,
gp:AOqpTOGCLpECc8TBIKFqK5gm-Hmv6PSzOy-ugfyG0gpizT8BR-Nf-MLzETEa-IBU2KLvo6LczAcglOOXHEE4kr4,Phylis Hatcher,https://play-lh.googleusercontent.com/a-/AOh14GhciSwPNJuvE6Jhq8rGLrs2wJKt9Z5VBHMm-7VTsQ,My 3 yr old grandson  loves the Dr panda games to for keeping him   busy and learning..,3,5,1.6,2014-01-11 09:12:14,,
gp:AOqpTOGzGBvg6MDWC33K2JLytBAP0fgvlhSFpVTIUyRyFLH4C6XajGwpwN3IGj-IIjTfAHylSTABIBGoy7eh_7k,Julie Labonte,https://play-lh.googleusercontent.com/a-/AOh14Gh-tvrBEr0IxmljaTzLggu3e7JRAeVQJziQyd8ohNQ,My son loves this,5,1,,2014-01-08 14:49:07,,
gp:AOqpTOGGY8U2l2qMf9VA0auFtgWR6F0w2mpwb3U4Cs1ri1i3mexFHUPWHIfdk4eap03gFwuD0B-__FRZ8POAzMI,David Davis,https://play-lh.googleusercontent.com/a-/AOh14Gh2VPjRxAC8HyyA1sk9slcBmME1n3S4JPiy5hfwwQ,My daughter loves this game,5,3,1.6,2014-01-05 14:31:36,,
gp:AOqpTOFOxe7cAiNSG0D2S26l-TlyT2BJR9JVf4QnUsrMuij1bvFFdoIeQVwcsUxBwAVWP81eT-0zBt5Fr-Dx92M,Kathryn Green,https://play-lh.googleusercontent.com/a-/AOh14GiWQ-KWikQqOSX2SFEaX4NmnQHUxT9TtQlL7cSUJ34,Amazing!!!!,5,3,1.6,2014-01-04 15:39:47,,
gp:AOqpTOFtVeyes1_I173ueeOoXo6mUsTUmYR-hjwEXDz6beQdq8F329l85lPTJzQ6oza3Dr9cmBZsDcA1JNy3pBA,DarkMoroseXena,https://play-lh.googleusercontent.com/a-/AOh14Gj6QiFmWs7_K819Cpg9P92fkz-1a9B8XmE2KqptJA,Easy to use and great fun,5,2,1.6,2013-12-26 05:44:16,,
gp:AOqpTOEb7WBSq3ESTeIF0JhQqHcD0nH-fIWfnJuEI-riv7uXqN6w0cqnsQ4n7clzr4e9T-QU258DT18pOSbzhWk,Rachel,https://play-lh.googleusercontent.com/a-/AOh14GjedW7h41Wltmjq5B1yrLCIRBiyUBEFplLhpGsifA,"Educational and fun, easy for 2yr old 😁",5,8,1.6,2013-12-20 23:33:20,,
gp:AOqpTOFJmbALU6xe9iVDy9USIddPHLfDiNXPeKinMr4zLgWSMu9A7waM6ommlGu1CexY2IoI9pys3NDqO2Yo_dc,Tawny Atzinger,https://play-lh.googleusercontent.com/a-/AOh14Ghf7Ok9cqPNxUDztsKKU-hIW0n25Q5kDAikbfA41A,My three year old loves this game!,5,3,1.6,2013-12-20 10:24:23,,
gp:AOqpTOFPh5i9Wewewt47aAcmpeXo4o9FUGScG13-5Ojr3z-mKbRw_E_jWO-pf7WM7lnMYc2Cqqv74lPQBfvEmLE,Mladen D.,https://play-lh.googleusercontent.com/-d9kAlGI086A/AAAAAAAAAAI/AAAAAAAAAAA/AMZuucmusGSTRLbiJAySqzguFOVM1XKUSQ/photo.jpg,...the garbage is generated far too often. Once per session and room would be enough. Are you trying to tell kids that cleaning is hopeless? Fix that and I will fix my rating.,4,121,1.6,2013-12-20 03:37:15,,
gp:AOqpTOFH3HN4UjvqMQuOBn_xtOxaY8F5lwkG0ybqdGu5grHVUX2dzLOOC3CkyP6MOthjSYkBbwEtjhA-H2z4RG0,Jeanette Eldridge,https://play-lh.googleusercontent.com/a-/AOh14GhPv00Un7a-qRQxltInkW6sO2PbrsVbwte4INFgCg,Good game for toddlers,4,2,1.6,2013-12-04 20:47:15,,
gp:AOqpTOEDVOBFUvfjc9lNmfbhGOOpXNEAtGqWf8TG1-l5wuYmVpy_5GBBEiSbg6wJU8n_lhUOndh_CGbaCRG87RI,Patrick Vaughan,https://play-lh.googleusercontent.com/a-/AOh14Gh-w-r9bzAtUECF0yiATtFHBmCsc-Y8mBKAJvx5rg,"Great game,  kids love it",5,4,1.6,2013-12-01 01:57:37,,
gp:AOqpTOHzSTs-0mwymiYJpnPT3pSFbDuSaxgUpU-ywWfljPs4ifmCxddBh818lgsqadp7BLkhm6VAqOti27Ujdbg,HENG JONG Cheng,https://play-lh.googleusercontent.com/a-/AOh14Gj2UFq-Lk2IHAH1UJ2j0-zveNTLDSeGmjTyB9lr,Awesome game,5,3,1.6,2013-11-22 21:30:29,,
gp:AOqpTOHfRSNSa4yGsJE7FFK7FI4FNwtZ7PAAenOuvYVQ_NFV2rrX_4OVjpNENbAdF4JVvhS5wyWON8ZQ4h0Mpbw,Teagan McGinn,https://play-lh.googleusercontent.com/-GhhAhtOl1Qo/AAAAAAAAAAI/AAAAAAAAAAA/AMZuuclctE8n7XbI5SrT5yeAUBWjiBm5Jw/photo.jpg,Love it,5,4,1.6,2013-11-21 00:56:26,,
gp:AOqpTOFZM9KmCuiiFDOT_ur18WEbAtkcTgx7_pbFc0JhpDnbaaN0hyAQ7glffCyBoWUqj_U8aHEVZgiZV2ogUgQ,Vanessalee Sthole,https://play-lh.googleusercontent.com/a-/AOh14GitYMqoUG_P-LOVbgUTNIOf41GbmN52uuWZL3Ng8w,Redundant but my kids LOVE it so much I upgraded to the .99 paid version. It's the only game on my phone both my 4yo and 7yo ask to play.,5,7,1.6,2013-11-17 07:30:54,,
gp:AOqpTOHksl14WZ-fThrQukNdZ8K8xn1UIjB9flkIQkq5jVPUG7upKN7Ww3EUSeEtJsfbcPy-lsUSaMAAN9Qs9Uc,Norma Caballero,https://play-lh.googleusercontent.com/-GP-vudyeLT8/AAAAAAAAAAI/AAAAAAAAAAA/AMZuucn8f7bA4YYb_ydXOlK7A0Ug8dAm2A/photo.jpg,재밌어서 초조해,5,3,1.6,2013-11-08 15:08:07,,
gp:AOqpTOGpIEPB44wfh6gxSzTl-mLEd73s_k4GhQy7mcXD5581_z74DQTsi2nKsBd9JGXpFPrnTm3ziPsv5ZDuNbU,K Stark,https://play-lh.googleusercontent.com/a-/AOh14Gi9elQAqSakUMdCddTIj8zeGH4B6JUCbRUUPhDK5A,Currupted my tablet,1,0,,2013-11-02 06:02:47,,
gp:AOqpTOG5xYKjZVptLnLqFTLBWSbMzWnMG_kEwBPrPAbISqvel9uUc_lDZAjcf_s5Jvj9Z77mzPzYeMedmfyMVzw,Gloria Smith,https://play-lh.googleusercontent.com/-D_LhDcDBbWE/AAAAAAAAAAI/AAAAAAAAAAA/AMZuuclkBg1nS01QU9f47OXmFQ4AIGdwgg/photo.jpg,This app is even fun for me,5,0,1.2,2013-10-17 16:25:28,"Hello Gloria,	
Can you send us an email at support@drpandagames.com and let us know a little more about how it freezes? We can help :)
",2013-10-09 23:25:37
gp:AOqpTOHN4iryQ0YikYv37c0nrY6QaVXiMXfnk2fFwBEPWlK8YCLSpGnRm6SRIjkUHadhIR_IsHXI2yWHJBhvlOY,Anne Wilson,https://play-lh.googleusercontent.com/a-/AOh14Gj1WOe5P67tD15Puds3o0qamlmTVzXVX89GGVg7jw,Another fantastic Dr. Panda game.,5,0,1.2,2013-10-15 20:33:31,,
gp:AOqpTOF_-OCFtAOWM8BC9_0b9BfiwSC9TjoHWwyvXPXDaFU-LFH8rQIayzm_K7v8y481Out4wx3_3iofJgxevLg,Bethany-Rose Watts,https://play-lh.googleusercontent.com/-SsJ0NfUD_y0/AAAAAAAAAAI/AAAAAAAAAMM/AMZuucnXyhA6pps661fry1pkExhfz92q1g/photo.jpg,Like but if you have free version then its not as good,4,0,1.2,2013-10-10 12:20:54,,
gp:AOqpTOGEiwDu7bohMlEh4wJqGDTi0cYHq0_IdAEQncvfuFo_htbYfiv8F6A83P3XNUbNoJXMkfy1B-wHN1T0SKM,Frank Shylkofski,https://play-lh.googleusercontent.com/a-/AOh14Gg35VAHYH8IO3xWtWnTANtCQuKIbw11tJMnx95VLg,My 5 year old granddaughter loves this game. This is a very basic game for tiger children.,5,0,1.2,2013-10-07 11:28:04,,
gp:AOqpTOEsN8q184cja7qQegSPcZKUfvL9UHifu32jJ8MJNMtRIn4hFUsPd-TUThcVX-vKMEla3Of1_gpqNvI0IwE,Brandy Scruggs,https://play-lh.googleusercontent.com/a-/AOh14GiJ4RvhhA95kkiHfYOwgl8Jnlm9z1kLz5llA_p7VA,"My 3 year old loves this so much, just bought full version!! It's perfect for her!",5,1,1.2,2013-10-06 19:09:13,,
gp:AOqpTOGMGRlX1qGxJyG9KGWoMYGiec0LprisfIC49YTR9hBOsmFX4dKD7gU25HYYXBJWTl5n3ldEVSFpi0F5Mf0,Trish Rickman,https://play-lh.googleusercontent.com/a-/AOh14GhWeDGr4IR0f-93sAFUsmwuuW-0yOI2mzA3KnHLwA,"This game will not download, its just keeps thinking like it wants to.",1,0,,2013-09-29 10:03:01,"This kind of thing can usually be solved by restarting your phone and turning the wifi on and off (Make sure you’re on wifi, our games are pretty big and many cellular plans won’t let you download them!). If that doesn’t work, get in contact with us at support@drpandagames.com and we can help you out!",2013-10-07 22:37:12
gp:AOqpTOHTIVjzx7qgO9n_4Y5goMySQk1aFPquk3BbzBiV9bc6rIInA6DQztMUajb3s0qUeI-brqAq2USgpn1gzlk,TaylerWorld Gaming,https://play-lh.googleusercontent.com/a-/AOh14GjQYk9YBDoH9CcwrAveTZxlUCLieAnuSB3zAK3ASg,i dont buy apps but my son loved this so much... i did well worth it,5,0,1.2,2013-08-25 04:59:45,,
gp:AOqpTOGmKAOpeTcaaoHyp4xpDbdLR9CvYFG7ptuI3vcmsp7ONLXumAFr9G2TxPgChf3dXNFOPrKzMGJmAxvIRXA,Jennifer Procel,https://play-lh.googleusercontent.com/-2YPV3CqWPvo/AAAAAAAAAAI/AAAAAAAAAD4/AMZuuckEf4hFzZwCm22B_RBGwqLxTuXtCg/photo.jpg,"Just bought the full version even though my daughter loved the free one! I love the Dr Panda games so far, especially how kid friendly they are and I don't have to worry about ads even with the free apps. Thanks so much!!!",5,0,1.2,2013-08-11 21:50:01,,
gp:AOqpTOELMDAqwRcmObHqLw_cvL2KgZcPuwpwZyWtAB_0XdYJj1F9i14LC0UVNT1b_XiVwTFVSr__jJKHoxeP9DQ,Jessica Miller,https://play-lh.googleusercontent.com/a-/AOh14Gid7C_8eNJu5OoZ0rSuC0qj2VDqk_9CTnl7YGdcOg,My kids love it.,4,0,1.2,2013-08-03 20:15:04,,
gp:AOqpTOHFt1EcYnbc7UKAqlZ2ozeVeaNM8Yu2TRMcCPQGMl3DaYuFXTuyc7i8oAww81CVS4NiUG2K_nlWspDYkBQ,Muhamad Saini Mokhtar,https://play-lh.googleusercontent.com/a-/AOh14GjxbtcjNjvphr4YF4cZFDhZnBabTpXE9hj1rCUC,Great game. My 3 years old daughter like it,3,0,1.2,2013-07-31 03:42:20,,
lg:AOqpTOFDlIU6pF_klxY7-NRxkxtvRbldglTM4sewAK9Dt1hZnyKcVTlYfWd1Txzgm629b6zWBKqsqq1QJP64Rjo,A Google user,https://play-lh.googleusercontent.com/EGemoI2NTXmTsBVtJqk8jxF9rh8ApRWfsIMQSt2uE4OcpQqbFu7f7NbTK05lx80nuSijCz7sc3a277R67g,Won't download!,1,0,1.2,2013-07-30 11:06:23,"Hello,
You can try to restart your device, turn wifi off and on (make sure you are connected to wifi, our apps are quite large) and try again. If you’re still having issues downloading, try contacting Google Play support; they’ll know a lot more about this kind of issue than we do.
Best,
Dr. Panda Team
",2013-08-05 00:34:25
gp:AOqpTOEpNwHCtuVCh2zRYexcZ4GG2Y2GbP-cZNq5v9sWabP1rpgAA-BCmYK71e7aUTGhY7lDdUEnRLuVhE1NiBA,Nancy Rosales,https://play-lh.googleusercontent.com/a-/AOh14GjsxiMR0ObUYZo4pJQPcQU3jqckEDKq6orvoFn8oQ,Love it,5,1,,2013-07-28 10:12:24,,
gp:AOqpTOHG17DZarI9YGROaBV_2UrWkbwWQD_tAAGru-_iMkQBvYgHounk5eiDeBSk2nuDQHuN5Rrj6BTNMnj-Py4,Emily Plyler,https://play-lh.googleusercontent.com/a-/AOh14Gj23GczyENvEe-IF9on3EMqQX1mwNaTKBUsBmh-,This game is VERY hard to put down,5,0,1.2,2013-07-28 08:55:57,,
gp:AOqpTOGIKnWyZqHrgLj23rRmX36jIYb-gab3QIv3G2zdVUKzbr7MKsFrK-ua57QAoU6S4aLoYj3TB7Ew2cr4rxo,Nik Foh,https://play-lh.googleusercontent.com/-4SdOweVhF5o/AAAAAAAAAAI/AAAAAAAAAAA/AMZuuckmm93Mk6yuFBPuA_vmh8NQVg46Eg/photo.jpg,"We have several Dr Panda games, which my daughter really enjoys- however this does not load correctly on the helicopter screen, despite restarting, reinstalling the game it will not work correctly. Please either resolve this problem or refund me.  Will increase rating when resolved.",1,1,1.2,2013-07-23 08:31:51,"Hello Nik,
Can you send an email to support@drpandagames.com with a little more information about the issue? Are you getting a graphical error or is the game crashing or is it simply not responding to your input?
Send us that email and we’ll help you out ASAP!
Best,
the Dr. Panda Team
",2013-07-29 02:00:31
gp:AOqpTOHNVVIVwVUVh8iJXxccUWQn69WNTm3mB5ucW9E4rOpwVs6YkhNufyD3FZxdGsisXryMEhZXgkOHnicCvHw,Rachael PATERSON,https://play-lh.googleusercontent.com/a-/AOh14Ghbp4plBLHG6WezYHZSA5VH958WfIcWh7zx2hEiZg,"This app completely wiped my SD card that had photos & video of my toddler & new born baby! Contacted developer - no response. SO, DONT DOWNLOAD!!!!",1,1,1.2,2013-07-19 00:24:46,,
gp:AOqpTOEIpCWVKI_d0xwZmLiaR_33SwdCgk6o3FvzV4qk9L8jr4JzG1NfI_rv_3nQsiUQPzAgEQYzCiih0zM-L40,Nikki & Freddie Bevan,https://play-lh.googleusercontent.com/a-/AOh14GggMeBiXevGYhvWfFruLMx1hva5aK8U4yGw1PKBprQ,"My 4 year old loves this game, when it works!! For some reason it has uninstalled and when I try and reinstall it says failed? ?? Any help gratefully received please I have paid for a game I can't use! !!",3,1,1.2,2013-07-18 00:01:04,,
gp:AOqpTOEkc4vMpnxH_NtMm8uTvTw7NA244sH9-jlTzv67482VeCbpmBZxvuV2NbEOR4CEjkWyiaFif9UPf0h0m1E,Sherry Boulanger,https://play-lh.googleusercontent.com/-g1vY241gyKw/AAAAAAAAAAI/AAAAAAAAAAA/AMZuuckN7vDkwkDUQS_liMSUPH-eD7ft4Q/photo.jpg,Great game for my 3 year old,4,0,,2013-07-10 06:14:44,,
gp:AOqpTOFeS0ESUUoFNckVFUaO3_tzRBAQvRsqWSBMP_h4BLRAzK6EAySxI9-HyJvNjTIbdLIsA6HVEuk_nJSpnxM,Lisa Piper,https://play-lh.googleusercontent.com/-2J_X7xA_sws/AAAAAAAAAAI/AAAAAAAAAAA/AMZuucmuEcpbUYG7l5x0UXQRncq8Spazcg/photo.jpg,My 3 year old loves this game well worth buying full version,5,0,1.2,2013-07-10 01:47:37,,
gp:AOqpTOF-expEiEjx0BUP7cXrh0CcGMWdgKxVZUnFinfzg4Um02U3CV2W3Xw4fujjhoNgWaD4nZD472hF1eM2I60,Giovanni Lepiani,https://play-lh.googleusercontent.com/a-/AOh14Gh6Yr7Vgq4uVeZvX0d8U1QkSkUMLDBF75WWSvgJ4x4,"Does not let me start unless I do this, with an anxious girl next to me please fix",2,1,1.2,2013-07-06 09:42:30,"Hello,
 This issue should be fixed in the newest version.",2013-08-05 00:36:13
gp:AOqpTOHEQb1jBJgjLZoVokbyBc_V6s4peYoMwcioF7emthf1o9LkZrqBD-wgEKdppKRsyN4gU2eefnHS-cxjyBQ,Laura Gensamer,https://play-lh.googleusercontent.com/-yXqgYdhSmDs/AAAAAAAAAAI/AAAAAAAAAAA/AMZuucn5plk1PC7lC6wwdlyey9W8-V_JjA/photo.jpg,We have all the Dr panda games but this is my sons favorite,5,1,1.2,2013-07-05 21:30:44,,
gp:AOqpTOH--NXpaj6FdkUjUcy0qkTVx0WjwyVs-5Vabhlql7JtN7hH7OxHvWtY79BBGhE4faUCVYF-UtAA0FakSs0,Ginger Garza,https://play-lh.googleusercontent.com/a-/AOh14GhCrZeSAwhsUMSighW0czdU4vOT4CYocFmiS4RKmg,My 2 year old loves this game. Plz add more upgrades so he wont get bored doing the samething. Thanks,5,1,1.2,2013-07-03 11:37:07,,
gp:AOqpTOE2fzPe0dFTkjvhNgH_IOtqjpYXFeaM9QhJ8JGq1ISIn7YYkQ5qS0OGByNq0JC5O-jSPeOs3-FnLsyMER4,Leanda Buckner,https://play-lh.googleusercontent.com/a-/AOh14GjMK1Y_5OcyIOsULK93OdT3TcD1eSgra6WCTx2C1g,My son loves this game!!!,4,2,1.2,2013-07-01 11:59:11,,
gp:AOqpTOH6oKyaYVtSkDPCN30AGpATv0c8RMuSrbWDjMxwe9yrwywEJDKKeGF2kjWyqZ0z1IdWAZJiT_HBP3pyF74,frans ace,https://play-lh.googleusercontent.com/-vN8ZrEc29u4/AAAAAAAAAAI/AAAAAAAAAAA/AMZuucmnZA_x4lcJ6xm7bHwmRj7J90NdAA/photo.jpg,"i've bought the full version, but the download failed..now it still in the free version mode..can you resend the full version to my device..thx",3,2,1.2,2013-06-14 07:00:56,"Hello,

If the download failed it could be an issue with your wifi connection. I would restart your phone, turn wifi on and off and make sure you are not on a 3G/4G connection. If you’re still having issues downloading the game please send us an email at support@drpandagames.com.

Best,
Dr. Panda Team",2013-07-29 01:48:26
gp:AOqpTOGNNxS4aGpf2OAF1TD3uzIK6zjgj6fIFl6vSMfqHn_Eht3ZPBytQOJ1tUnETWD6yfKVPg2OfDeOyw_Tr3w,John Martineau,https://play-lh.googleusercontent.com/-luZ5_k2_j5I/AAAAAAAAAAI/AAAAAAAAAAA/AMZuucmkqVDPbZyaahP-h2U9d3tY5GY7DQ/photo.jpg,Hooray,5,0,1.2,2013-06-13 12:48:02,,
gp:AOqpTOHIT8dTNcNy8JqbwX20Y9C2emp5Bk4DXBNC9EV1Syn7SoM4GMlCC3L1HZQ-oNBZTgUJvVm1nAIwIzInbNQ,Jenell Stewart,https://play-lh.googleusercontent.com/-KqApH3oUrqE/AAAAAAAAAAI/AAAAAAAAAAA/AMZuucnYNTgAMYDO4Ox3WqmrtXad7hkHpw/photo.jpg,My kids love it,5,1,,2013-06-08 23:54:07,,
gp:AOqpTOEq6IZf1EvqkHbMUasKJREZSko5ctLp-NSyQM8R8z_O2E2mf31y7CTvZctkioWY7b3PM55SH3h9hSe4IKc,Maja Charchut,https://play-lh.googleusercontent.com/-in2WhPpFGzI/AAAAAAAAAAI/AAAAAAAAAAA/AMZuucnDwALS9lu3-XdjgjSJD9bi5NzsXw/photo.jpg,Very entertaining good value,5,0,1.2,2013-06-03 18:07:11,,
gp:AOqpTOGzdn_EhCSgYtonE1FrAIjxVXs6_i4ESCNHA5a59SY_lFVBX7N31LWd1xTHtffinESpmR1MXDrvHZOnpDI,Zvika Peterfreund,https://play-lh.googleusercontent.com/a-/AOh14GgZaQSEUsUazTBh0QkrX-2vq3MOduS7PKNgEaLOJFg,Their games are great! easy and simple for small kids.,5,0,,2013-06-03 11:19:00,,
gp:AOqpTOHm0cISUtrAk0jbRNaCotILd1zajRNqdTni-cIgv4dJSVXhg8jGDQi47VpFouxXbksEje7jUh9byaEzb50,Ricky Carson,https://play-lh.googleusercontent.com/-qoFSFyCN2Xo/AAAAAAAAAAI/AAAAAAAAAAA/AMZuucmXWmxrMuI1JTxqGHc3wptiNztyyg/photo.jpg,The game kept freezing it was a waist of money i want a refund >:/,1,0,,2013-05-31 22:53:42,,
gp:AOqpTOF2Dh35iQudlIoeC-XM6Z_UprZ8BJ-6X7rraC3fNgRxnUsPm7IxIFaVeq6DIH_b80nKxkQ2JRNpsVIv6Yw,Bekah Whaley,https://play-lh.googleusercontent.com/a-/AOh14GiHXuMSyVqAajLyIe-9ifkBI84JA0Ssemf_MQ3dojU,It wont even let me download it. It keeps showing an error message!,1,1,1.2,2013-05-30 15:03:56,"Hello Bekah,
Could you send us an email at support@drpandagames.com and let us know what error message?
Sometimes this can be fixed by restarting your phone or tablet and going to Settings→Applications→Play Store and emptying the cache.
Best,
Dr. Panda Team
",2013-07-29 02:02:31
gp:AOqpTOFr-VVHmFDmFxVzTh4-ytscZvI-EfhxeLPvrWehl8A2lNQncmT9Xyqmyu4WChHJVeK_-kFe5OjCmpsxbXs,Melissa schlick,https://play-lh.googleusercontent.com/-02_2chDac_E/AAAAAAAAAAI/AAAAAAAAAAA/AMZuucmQmor8aws0aIdvD3HgvNQ6uMp_yQ/photo.jpg,8 year old played for about 10 minutes. Not challenging enough.  Needs levels or something.  Refund please!,1,0,1.2,2013-05-26 06:21:51,,
gp:AOqpTOH4eXMF58r7_BlZVwI8i71itDSbcAWaydTSsR6niRpJZvQtCh31bTpW96SMx4-ruSbjyBuqL7qSpbiWnbE,Leann Lanier,https://play-lh.googleusercontent.com/a-/AOh14GiUvsxCId2vZGTNlmvBhaFiEIPZcNaoduAS9u8LDak,No problems except my 2 yr old wont get off my phone using Dr Panda! Its fun and educational. Best app ever.,5,2,1.2,2013-05-20 18:03:27,,
gp:AOqpTOFjNOQ1d2duz4kMZQdaT5zi679E8nFf9bTsrEmLxTzpT5GdTJoBTANhcmLP5o4eg4LwRupW_biPsl8GNNg,Margz Galvez,https://play-lh.googleusercontent.com/a-/AOh14GhlJPCk-qaysAsArPIidl8DTVmmnoPzMp8_kdAu,How do I install this?,1,0,1.2,2013-05-16 11:48:06,"Hello,
Completely uninstall the game and try to download it again, this usually solves this problem with the Play Store. If you still have this error, send us an email atsupport@drpandagames.com and we’ll be able to give you specialized advice.
Best,
Dr. Panda Team
",2013-07-29 02:01:59
gp:AOqpTOFSw7ugL7wVEXrNAo-sW_p0k4A9U_DF69eSkpf_7SavVM6qinqEZQIcYftjbP68n2BIJuPFOPtB8f2joes,Lee Meredith,https://play-lh.googleusercontent.com/a-/AOh14GgJePSi9pohlKmlBRy73w5csz02nHmf2zKj5oLifQ,My little girl loves it.,5,1,,2013-04-19 16:37:14,,
gp:AOqpTOEFgFR3Ns6qF84MbUmLuI9YkUTviI2FZLXv0HaEOlZM7COnrnmdxicmG4QU4CTuucAhXIPgTpRKDuf_M0U,Yuri Trinh,https://play-lh.googleusercontent.com/-1x4X9mK11P4/AAAAAAAAAAI/AAAAAAAAAAA/AMZuucnli76HXXl5pfNvZEDUAmYqUvTeHQ/photo.jpg,"Graphics are great.  My 3 yr old girl enjoys playing this game but she is getting bored already, if there is more challenging levels to unlock would be great.",4,5,1.2,2013-04-15 07:36:23,,
gp:AOqpTOHidm-2itle4uSyMMenzTS8ritXU0RRFmJn691lKa0deUCjNV3ZkZSvDEdqt8mNJZLdUBEpt8i_eSJsdzA,Melisa White,https://play-lh.googleusercontent.com/a-/AOh14Gg7GjxAebskoXyDuYuHZ6P-c5tkflVgax6S2lEV9w,"The game freezes up, no patient come out the elevator! Very disappointed, especially since I bought it. It is just like the free version! ;-(",1,3,1.2,2013-04-14 07:59:12,,
gp:AOqpTOGq2ieFPx8CrkMcnqlxogpX7vpnCZHv8-fL3OXlsrRxCDXxwoGtTu9lg9kjUbWbNH6telwMJ11l1Zli59o,Erik Dv,https://play-lh.googleusercontent.com/a-/AOh14Gg_7Kt7guTUBchHAzMtXFMguWcWv8fxFSnzFxZr0MY,Hanging out in a children's hospital for a few days takes every bit of energy to keep a toddlers occupied and happy. with a 10 inch Asus tablet and all the Dr Panda apps it made life much easier. Great quality apps for a great price. Thank you!,5,0,,2013-04-05 21:43:41,,
gp:AOqpTOGg7eVxf9EaGogUFKBSmltGRJLwGwRIYcDvZKEJPliDTeEdOCjxgIGZ3hvtt4iDpNHbFggSE7NthZwvnko,Barry Van Veghel,https://play-lh.googleusercontent.com/-BiRIRQjz4cY/AAAAAAAAAAI/AAAAAAAAAAA/AMZuuckuXskH3X4L7N_Q5UX8BN6kvYbk-Q/photo.jpg,very nice app for kids,4,1,1.2,2013-04-04 06:31:09,,
gp:AOqpTOGS1hS1F5krC7UfsWUp_0MZxgYpCK16tbv3LRM5UiEbqPjqaudn-ZR-5a5b2eH22lxyrfsPvRTcEYwQBOE,Ekaterina Babourina-Brooks,https://play-lh.googleusercontent.com/-jNGjW0bUC1c/AAAAAAAAAAI/AAAAAAAAAAA/AMZuucmHajBG0k59z6pNvb6gyHikSNYqNQ/photo.jpg,Not that educational as only teeth brushing makes sense. Not enough reward or difficulty. Just confusing and annoying. Would like refund.,2,7,1.2,2013-04-03 17:29:03,,
gp:AOqpTOE9UvjSgnRV85qjuIrZzAsXUU_JuxYfVQUJd7FGXZRGWfHdN6M3T4G8IL2GpauoXC9QP8cNO9AYn4LzVJs,Random_Things xoxo,https://play-lh.googleusercontent.com/a-/AOh14GiwApZL3lrd81BeCa1Vc4BKmW497vGbxWWa9-HrbQ,My girl enjoys it...,4,1,,2013-03-28 10:32:36,,
gp:AOqpTOFWatG6UtmYFQm_mL17CA1xWUmlG848Kj-Dloy1tIWhtfF7O2Q_x5vryuGhuGiukTWge0HWNMl7fm2PYtQ,J M,https://play-lh.googleusercontent.com/a-/AOh14Gh1TBgudw0KF4Y5Dl47oMXP5lARfQcmro9Q7xwGtw,The kids 4 & 5 love it!,5,0,1.0,2013-03-23 01:09:14,,
gp:AOqpTOGdCoH4JGNFZp3Bjs9X9jbMQPxRV4S9clAUe72XU2AfZWTTs15h_xZnucYmZXj3R34ag4HfHbihWoqiljw,Jessica Cobos,https://play-lh.googleusercontent.com/a-/AOh14GjUJxvcfpe3loQJfZSZKeic5mZkchWJwPmxdmpimw,This game fun my 3yr old loves it. I like it b/c no ads...,5,4,1.2,2013-03-16 17:23:32,,
gp:AOqpTOGhpdHgtjm0PoDI29yFWOBYrCkk7FJL7IvENXGfZNF4l3A27RZWp3KWcsKi44EkMw6vh7ZmGnRpB2cAQO0,Sarah Newark,https://play-lh.googleusercontent.com/-sSnaq5c_KQA/AAAAAAAAAAI/AAAAAAAAAAA/AMZuucn6wL7dVKSAmtIC_DiP-P_xObUlfw/photo.jpg,Never upgrade.  It gets super weird and annoying.,1,3,1.2,2013-03-16 07:31:55,,
gp:AOqpTOHJPwAaeQiM9eIcwEF5tK2lt1balmRvaz52d9r9t72IxVu__Ws0fypRTfa9a7v8T3AQwEV96q_optku1YI,Melissa Sherrill,https://play-lh.googleusercontent.com/a-/AOh14GjLv-1t9VDOaD14AylHapWg6D2S3OP_FtSWkWnxzQ,My children (3 & 5) both love this game. They get so excited when they complete a task. It keeps their attention longer than any other app I have. The paid version is worth every penny!,5,1,1.0,2013-03-15 05:36:36,,
gp:AOqpTOFvk6D6iVM19LXZJ8arc6ZEWoBIRtEl6xzQ0hzDcgRLDnhrldyMFRRu0mEe4y4cMMKvg3E_pEyeZUMIA6k,mike jenkins,https://play-lh.googleusercontent.com/a-/AOh14Ghm3IlzqoK1V6qwsw8YUEIqxMdLZodWKpWw7swTQg,2 year old loves dr panda,5,1,1.0,2013-03-15 03:57:40,,
gp:AOqpTOEBTxYFSx6ub8u4I4hlz4KZXTj2IzJBz9VdP4I98FKzMm1r4mohNLh9cgBm95V74Tm_m6DKZZ_YxXIa3Gg,Richard,https://play-lh.googleusercontent.com/a-/AOh14Ghdti0J1Z-ThgnJOBn1e5RIQYZY1bLTxx2CUO1Xcw,Awesome,5,1,1.0,2013-03-14 12:13:40,,
gp:AOqpTOGsrky1VCTIlFfD0fvJGNIgOa-smUXxXEnDP7VCd-EhjyiFYmxjyDZvH882alClhNDEX1Vp5Yo6hMQjbUA,Jill Baker,https://play-lh.googleusercontent.com/-x2D7scWKrvA/AAAAAAAAAAI/AAAAAAAAAAA/AMZuucm0_Qw9Zj6zCxxmfq0GHR9z_zfcWQ/photo.jpg,I downloaded this game for my 3 year old daughter she loves it... the free one and the whole version she plays it all the time... great game for little kids,5,0,1.0,2013-02-28 20:16:42,,
gp:AOqpTOGwMxgHb8xenAc3G9p3X3rv42AYzLw_yc99xuDvnYP79lyJFsmYnV681Fe2Tw5FtnpN1a5wjwONVmtzpNI,Hessah Alothman,https://play-lh.googleusercontent.com/a-/AOh14GhbANu9_3aIJ9xtWnpL8QXBRT4d_djfCbXNCqPs6g,My kids love it,5,0,1.0,2013-02-13 21:07:53,,
gp:AOqpTOETwoJqm0HiGVxMbSNPTnELaJyGVSlOT7h6e_0poaPa1peUJLsrl097ogdi9g2vJspMUjDAQesKjbP-HSw,Peter Randa,https://play-lh.googleusercontent.com/-m4xqp8KSs58/AAAAAAAAAAI/AAAAAAAAAAA/AMZuuckr7mF4KQvakILuLUgq_MB1_gr_2A/photo.jpg,This is my daughters favorite game and its super cute. I love that they don't have adds and other junk that pops up.,5,2,1.0,2013-02-13 07:18:23,,
gp:AOqpTOHz6Me0aRwAjDKz127DRsbjW9NPqyL72MFFYSDqND6okEspt60Rf32jt6wXJYIdJbRq0mz9f9pS8AsjHv0,CL Klein,https://play-lh.googleusercontent.com/-GYSiCwAS-UE/AAAAAAAAAAI/AAAAAAAAAAA/AMZuucn9JHgr69UUMmcxZ8_e6pDdNmQ-lg/photo.jpg,Bought this app & it won't install on my phone- keep getting error message. DON'T WASTE YOUR MONEY ON  THIS.,1,1,1.0,2013-02-01 15:40:55,,
gp:AOqpTOGZIZnU4MbfCsGz3a3xZFewf51cxtn9PxOhYGAG0Dow0S75vOrw4LS23-hn_qoYuLOkxdOTmvv5_90HyaE,Kelli Dupree,https://play-lh.googleusercontent.com/a-/AOh14Gi8XB94u07F2kJn0x-11tIBs2Kfv-gc-Lq9opuqKVE,"Both my kids, 6 and 4, love to play Dr Panda. It's the first game they want to play when I let them have phone time, and it keeps their attention longest. The paid version is worth it for the several additional animals and activities.",5,6,1.0,2013-01-29 19:45:40,,
gp:AOqpTOGFClBz1oWsj60gL6z2fJk8ersa1GlGVPCYMDhCW6_HIPCZ6-MG5KWuxhs7cm-smGtInT2f22QSEtQvGck,Sonu M,https://play-lh.googleusercontent.com/-1zhL5x5jKQY/AAAAAAAAAAI/AAAAAAAACOs/AMZuucl7nDVUefo_r_ugq7ObJLG2jf_RCw/photo.jpg,No in app purchase claim false. It's right on the home page and links to play store for purchase of their other apps. I bought all three apps and its in all their apps. In one of the apps you can turn off the promotion button but the point is false advertising. Also this app switches flips the landscape orientation when it starts?,2,2,1.0,2013-01-22 20:02:39,,
gp:AOqpTOH-BJNEI7gUHiVSKuaU4-30Jk66wxcUra3F6G-DAaHh7_K0hHayq_1tA18plvcihj0ulQFf5117EhTxUrs,Rich Nakatsu,https://play-lh.googleusercontent.com/a-/AOh14GiznKYVUbtMZOr6qf2oE27-ZqdFCBOvM8QOffMcaw,Thabk you! I finally found the game that will keep my 3yr old happy.  She absolutely loves this game and can sit for a long time telling me how she helped doggy and kitty.   Going to look at the other games.,5,0,1.0,2013-01-19 19:40:42,,
gp:AOqpTOEeVON9hVw2wJMKZW1PUFTM0yHWXtiIg9wU4khM3sE0suq7qagj4meL7LTnV-NKg0i3Uf5QzMDVgawgVz8,eko,https://play-lh.googleusercontent.com/a-/AOh14GgK3Nd55vzEqrWDC04xQbRc5e-xO9HmYTDHBg0M7A,My son like this much. It also help me to educated about health care. Please add the exit button. Thanks,4,0,1.0,2013-01-10 23:57:26,,
gp:AOqpTOG3roYrPOSwl1Td73pJapQlbOCA1kTz6Rwcaf_63ZibDUjmSEgwdUnYqiJ4Zmxzo55ks0KNwNlngorQhkE,Christy Lynn,https://play-lh.googleusercontent.com/a-/AOh14GiigCcqPl-EQ_fxhLbPdDLnoYyPuI7OF1xayvaaVH4,"Is what my 3 1/2 year old rated it, it's very educational I think I'll be buying all of the apps for him.",5,0,1.0,2013-01-10 10:07:27,,
lg:AOqpTOEe6cZbqyJjgssJior1edahW7eLZEdIZv5sev-5tuSMsLg_Ptz63M-OECsnZbVLrWsesEBWtCliMEFGKWc,A Google user,https://play-lh.googleusercontent.com/EGemoI2NTXmTsBVtJqk8jxF9rh8ApRWfsIMQSt2uE4OcpQqbFu7f7NbTK05lx80nuSijCz7sc3a277R67g,"Game requires that I (or my child) turn the tablet upside down to play. Not a huge issue, unless the tablet is docked to the keyboard.",4,0,,2013-01-04 19:42:42,,
gp:AOqpTOFNvpwvyTh6i8FJBsy8Gqb7rQjVr7k5HuCsU6zgyb7yTcI9_wN5LENfHStOOrzV4h_t4UB85xuEs3IukIE,Sammie Seagrave,https://play-lh.googleusercontent.com/a-/AOh14GiT2tTLRSkYxi74JN_TqMBse78SPvrCEBtbBK0H0Q,Me and my daughter love this app.,5,1,1.0,2012-12-28 06:07:05,,
gp:AOqpTOGkb1FpDAsiOzpfoihWwUmLJ6jUos5MvZ3wuIyqVxsgM_ogV35be2ZH8_DKMm7vbZwZdDn5uEnH4OT1ETs,Teri S,https://play-lh.googleusercontent.com/a-/AOh14GjlVeGHpNagaBR_CSUh-WWaeDtqaUuG_2JRHMS3lr0,My 4 yo son loves this game.  Looks and works great!,5,0,,2012-12-20 06:03:04,,
gp:AOqpTOFLPfSU7G4Errri7gr9Fgp4uw7x49t1PCL36iPt-_MofrDTe6YhmYhQ5GrEpGYgf72d23wKDcdMrsZ7QPw,Aleksejs Strikovs,https://play-lh.googleusercontent.com/a-/AOh14Gj7NaMP_u36RwuLyBWgc_WmgpgROJAJE-zYHhLdbng,Great game for children,5,1,,2012-12-15 11:28:58,,
gp:AOqpTOFBK1oTaovjnVxMjWdE1_PRo3yJy-uxzuOMkLW20G7S6wLne3wEhboYtx0UfayJXVwsemWUcmZq94DQhF4,Laura Percival,https://play-lh.googleusercontent.com/a-/AOh14Ghw3bufvzA3ymIvk2Pi7XBYhII5ftxoBICur-c4t8o,"My daughter loves playing the demo on my Samsung Galaxy tablet so i bought the full version but it won't install, just says error. Very frustrating and the refund button doesn't work either :-(",1,0,,2012-12-11 07:54:46,,
gp:AOqpTOHJDK5rmLwmEwwrufYClHDT2pSC1GHxFKGLHrX30u6UYfv1e-nBMJpxUcicAZ3upyElVxoPm1hfsw8hGeA,Karen Giselle Castro Melendez,https://play-lh.googleusercontent.com/-DhI5k6MqguA/AAAAAAAAAAI/AAAAAAAAAAA/AMZuucmhHZCOhquiDrbgtx2rsQMfg9B2Wg/photo.jpg,My three years son love it at all ♥,5,1,,2012-11-30 18:09:35,,
lg:AOqpTOHopEA-T9K-QJrBBj8YWNK2Bu8qF5OwW2KPPsIQlm59-ubNUbzz8pDPZm1zBQjZL6yRxYskCtqmK2kktek,A Google user,https://play-lh.googleusercontent.com/EGemoI2NTXmTsBVtJqk8jxF9rh8ApRWfsIMQSt2uE4OcpQqbFu7f7NbTK05lx80nuSijCz7sc3a277R67g,"This game kept my 3 year old occupied on a 2 hour car trip, then we had to play vet with his stuffies when we got home!  Great mix of education & entertainment",5,1,1.0,2012-11-24 20:02:33,,
lg:AOqpTOG3h1Oy9YiOJLtOEdQKQC8LqGtOsVW7pmxT-zy3Dv42qRfJ6Ik-39rbzvb2_SJg1NZhFY4QEpjxO7y5dfA,A Google user,https://play-lh.googleusercontent.com/EGemoI2NTXmTsBVtJqk8jxF9rh8ApRWfsIMQSt2uE4OcpQqbFu7f7NbTK05lx80nuSijCz7sc3a277R67g,"My two and a half year old asks me to use my Nexus 7 every night to play this game. I've got other kid apps and books,  but this is by far his favorite.",5,1,,2012-11-20 15:39:01,,
lg:AOqpTOGqDHRUi1hzCqIwLoNDUCbSFMIG8QRfVKDhxVQkpqXL4lM3VZdjiG8FBqp2Reg-ABdWu-pQ7SUSRjCasNc,A Google user,https://play-lh.googleusercontent.com/EGemoI2NTXmTsBVtJqk8jxF9rh8ApRWfsIMQSt2uE4OcpQqbFu7f7NbTK05lx80nuSijCz7sc3a277R67g,My kids (3 & 6) both love this app.  It is intuative and fun to play.  It is always the first one they pick.,5,2,1.0,2012-11-20 10:51:55,,
lg:AOqpTOEEMyxxi_zRL8DVgU1U2TXa7vEREGXJ2eSl66TvUnGqIbessf_wxO0Q0NgFNaU7KWE6lLkTSrlj7TkOSkU,A Google user,https://play-lh.googleusercontent.com/EGemoI2NTXmTsBVtJqk8jxF9rh8ApRWfsIMQSt2uE4OcpQqbFu7f7NbTK05lx80nuSijCz7sc3a277R67g,Good job,5,1,,2012-11-16 23:46:12,,
lg:AOqpTOGfQHBVt-ZD5QoRZCvr5hoDGFHEDaCaH3et3j1Rl3JA2zQi5ObdpKnkSP3CNEWDM7BtpBqptZAOMtbdB3Q,A Google user,https://play-lh.googleusercontent.com/EGemoI2NTXmTsBVtJqk8jxF9rh8ApRWfsIMQSt2uE4OcpQqbFu7f7NbTK05lx80nuSijCz7sc3a277R67g,Ran out of animals to mend! Can only clean up and pack doctors bag. Please help!,4,1,1.0,2012-11-12 08:55:52,,
lg:AOqpTOFOZckd-O7vPftYF2hq-Gum0CbpnnSJFIaRr0YTbSgGWedc25jJRMskI9eEIgijfn3HuEQTMQ9oAQXBffk,A Google user,https://play-lh.googleusercontent.com/EGemoI2NTXmTsBVtJqk8jxF9rh8ApRWfsIMQSt2uE4OcpQqbFu7f7NbTK05lx80nuSijCz7sc3a277R67g,My 3 year old absolutely loves this game. Definately worth the 2 bucks :),5,0,,2012-11-08 17:12:24,,
lg:AOqpTOGJnWhk51PIx-61Aiuo5jX2-qoc_OKymbLhMAWc1U6wX4bV7Fa8DpHqlc5g5cgxWTzt273Y-n5mv5gYpt4,A Google user,https://play-lh.googleusercontent.com/EGemoI2NTXmTsBVtJqk8jxF9rh8ApRWfsIMQSt2uE4OcpQqbFu7f7NbTK05lx80nuSijCz7sc3a277R67g,My 3 year old loves it.,4,0,1.0,2012-11-07 17:42:27,,
lg:AOqpTOEO9PiE_wpD0BWdImWfY2zmx5Zi5MQn3aX5HXYmpCIv3DWFkpz1SNUXlLhRcPW_wsfeJoOuOvTa9PIK1kw,A Google user,https://play-lh.googleusercontent.com/EGemoI2NTXmTsBVtJqk8jxF9rh8ApRWfsIMQSt2uE4OcpQqbFu7f7NbTK05lx80nuSijCz7sc3a277R67g,Please add exit game menu,4,0,1.0,2012-11-04 05:25:15,,
lg:AOqpTOGNEhSrFyM8nts8gQW7erJYZn5OON6k-1tFCqdS1gCzv9mbceLVwzzeVadwx3wbpwQ1CvgbcL78NWiYULA,A Google user,https://play-lh.googleusercontent.com/EGemoI2NTXmTsBVtJqk8jxF9rh8ApRWfsIMQSt2uE4OcpQqbFu7f7NbTK05lx80nuSijCz7sc3a277R67g,Love this game for my 3 year old!,5,0,,2012-11-03 15:58:41,,
lg:AOqpTOF4rNFnOjqYFd_lkzmFLUqEHml5jmRbYildYrIQebedVXi7ypXM9H1hl5DemrZEdtrIZeTEr8wBCJIs6e8,A Google user,https://play-lh.googleusercontent.com/EGemoI2NTXmTsBVtJqk8jxF9rh8ApRWfsIMQSt2uE4OcpQqbFu7f7NbTK05lx80nuSijCz7sc3a277R67g,There is no way to exit this game! Please fix!,1,1,1.0,2012-11-03 06:18:41,,
lg:AOqpTOFc_rSoOv516Nz6ucqz-Uwtby9Z5TBe9ptW3vSynh7YNhIJExHbMqrPaHUYJT1jrV17bumGNaZ8csRrknQ,A Google user,https://play-lh.googleusercontent.com/EGemoI2NTXmTsBVtJqk8jxF9rh8ApRWfsIMQSt2uE4OcpQqbFu7f7NbTK05lx80nuSijCz7sc3a277R67g,My 4 yo daughter loves it.,5,0,,2012-10-29 01:44:40,,
lg:AOqpTOHH4G3NGZhblzH1I25LuUOVSjeNYSBjzL6E_nJWIgzBhxLUznEXRjxKl7TM0bJGza7ARU7bOsJCxUqpUiI,A Google user,https://play-lh.googleusercontent.com/EGemoI2NTXmTsBVtJqk8jxF9rh8ApRWfsIMQSt2uE4OcpQqbFu7f7NbTK05lx80nuSijCz7sc3a277R67g,"It's cute, but there is no way to actually leave the game except using the Home button. Give the hospital some kind of Exit please!",3,1,1.0,2012-10-26 06:14:49,,
lg:AOqpTOGeJ2avC69iDfNwtL2rElUQDS-IFW5Fxq3sr3Qv0qQkgoYDZ95wFIii_sI0zF32Uweczvq0n9jcVqLCY1Y,A Google user,https://play-lh.googleusercontent.com/EGemoI2NTXmTsBVtJqk8jxF9rh8ApRWfsIMQSt2uE4OcpQqbFu7f7NbTK05lx80nuSijCz7sc3a277R67g,It's a cool game,4,0,1.0,2012-10-23 19:22:38,,
lg:AOqpTOEFFC9jVI4T-YcobWoOsYZlzaKKCjidCYPak5tbfL0hYGx8kjFpnHObbhB1wG68i8hCOPi7y9IoAgqAOmw,A Google user,https://play-lh.googleusercontent.com/EGemoI2NTXmTsBVtJqk8jxF9rh8ApRWfsIMQSt2uE4OcpQqbFu7f7NbTK05lx80nuSijCz7sc3a277R67g,Good game but its upside down on Dell streak 7,3,0,1.0,2012-10-21 18:29:22,,
lg:AOqpTOHgg3yW7h3XXBDUtfzlpSKyZ7nKItcEGa5Iq-kis5p3onskfyl5er30v7WblJUdkZ7j0BXTk-x8ZiVh2jA,A Google user,https://play-lh.googleusercontent.com/EGemoI2NTXmTsBVtJqk8jxF9rh8ApRWfsIMQSt2uE4OcpQqbFu7f7NbTK05lx80nuSijCz7sc3a277R67g,"10 minigames, good for 3 year old. Not much else, more games please.",4,0,,2012-10-13 18:41:07,,
lg:AOqpTOFuGdaAcsokGrtmbfFUtAIX8VohHQuR-qTHn5mHqmX7cjHmfwbNSEREJ70-Oe4CXzejlVCLGQZGFq-gGkQ,A Google user,https://play-lh.googleusercontent.com/EGemoI2NTXmTsBVtJqk8jxF9rh8ApRWfsIMQSt2uE4OcpQqbFu7f7NbTK05lx80nuSijCz7sc3a277R67g,My 5 year old loves it. But I can't find any way of exiting... Have to use task killer. Samsung galaxy s2.,4,1,1.0,2012-10-07 10:50:52,,
lg:AOqpTOEwLTIj7RZW-EP86xhL6xaT3vmCl7lipp-gfMH-ms0zzbkxbpbRJYJvjKSf244BB3iYuqlD0YOCh6l0vYM,A Google user,https://play-lh.googleusercontent.com/EGemoI2NTXmTsBVtJqk8jxF9rh8ApRWfsIMQSt2uE4OcpQqbFu7f7NbTK05lx80nuSijCz7sc3a277R67g,"My four year old daughter loves playing the app. The excitement in her face is worth it. To add more, I appreciate the skills she is learning. A true educational game. Great job!  Running on a Galaxy note which screen is upside down and does not rotate.",5,5,1.0,2012-10-01 18:06:31,,
lg:AOqpTOGzrsRxLII3N4hc_cTheXRE2RX2baRcuv_0PtTsr9tAJ6sDWNfECUdWvmcpYLQwxUjux0uZtiGlDNiGv0k,A Google user,https://play-lh.googleusercontent.com/EGemoI2NTXmTsBVtJqk8jxF9rh8ApRWfsIMQSt2uE4OcpQqbFu7f7NbTK05lx80nuSijCz7sc3a277R67g,My 2 and 4 year old daughters love the tribeplay games! Keep them coming!,5,0,1.0,2012-09-27 16:54:16,,
lg:AOqpTOGYluaVSvmfeaC8D9Slh6GwuJfb3pv6H0tfKOe1H8OADslMVbU7QLfMt3yjXIw3Wr-ml9sOm37VaZ5dJSI,A Google user,https://play-lh.googleusercontent.com/EGemoI2NTXmTsBVtJqk8jxF9rh8ApRWfsIMQSt2uE4OcpQqbFu7f7NbTK05lx80nuSijCz7sc3a277R67g,Gr8 for kids I love it to,5,1,,2012-09-23 06:26:32,,
lg:AOqpTOGeYO4nk0gHWjhfYakBVUhw_QvX3uJGgc5UHQrmOsQJWSGV0V6xCS31aZfcQMmK_W86Qc2escWVy946_74,A Google user,https://play-lh.googleusercontent.com/EGemoI2NTXmTsBVtJqk8jxF9rh8ApRWfsIMQSt2uE4OcpQqbFu7f7NbTK05lx80nuSijCz7sc3a277R67g,More patient treatments please.,4,0,1.0,2012-08-31 09:49:55,,
lg:AOqpTOHF19FlxtpoHy14Tj4lWhnvtEJcLpMjNmG91aIee83yb1ZPqfSAIvTi-FvpzF-4_UWFw-ZtQe3nd5BW6P8,A Google user,https://play-lh.googleusercontent.com/EGemoI2NTXmTsBVtJqk8jxF9rh8ApRWfsIMQSt2uE4OcpQqbFu7f7NbTK05lx80nuSijCz7sc3a277R67g,Perfect on my phone! Little one loved it so much that I bought her full version.,5,0,,2012-08-27 06:58:45,,
lg:AOqpTOGHhekJ1t4vATZ9eTRKqVEiL4ASSpACYmkbIHmjdkhPl4SC6r0TfQXcxGzjQTyKfBvVaycolOF-mQhx8z4,A Google user,https://play-lh.googleusercontent.com/EGemoI2NTXmTsBVtJqk8jxF9rh8ApRWfsIMQSt2uE4OcpQqbFu7f7NbTK05lx80nuSijCz7sc3a277R67g,Awesome!!!!!!!!!!!!!!!!!!!!!!!,5,1,,2012-08-12 16:49:23,,
lg:AOqpTOH5XzU5Q18dgZ1jLvyZeVADOcZntFYkc-OpfcUQJ6gt-VbNlR92GFfiAEjRRI2hi2a5gdOkUr03skATqN0,A Google user,https://play-lh.googleusercontent.com/EGemoI2NTXmTsBVtJqk8jxF9rh8ApRWfsIMQSt2uE4OcpQqbFu7f7NbTK05lx80nuSijCz7sc3a277R67g,"My kids love the game  on my phone, so then I installed it on my tablet. Its keeps making my tablet freeze whenever we try to open the game. But as I said ... fine on my phone. Very happy with it.",5,1,1.0,2012-08-12 02:52:37,,
lg:AOqpTOEo9BaTWyEjRChnXiSGqwQk7mNh1CXgwdKXoPpb4_lK5H5HhYnoOrQNN2B516GCGrsel6A0Xh9mjS0BVcE,A Google user,https://play-lh.googleusercontent.com/EGemoI2NTXmTsBVtJqk8jxF9rh8ApRWfsIMQSt2uE4OcpQqbFu7f7NbTK05lx80nuSijCz7sc3a277R67g,"Great graphics, adorable game, daughter loves caring for the animals and gaining stickers for a job well done!",5,2,1.0,2012-07-26 06:32:15,,
