reviewId,userName,userImage,content,score,thumbsUpCount,reviewCreatedVersion,at,replyContent,repliedAt
gp:AOqpTOFPCzKEQb8kezWA30S8Mrbjz3hgQYKUUukcAqDu24Qm2Kl-eG8UnsGTChgCqYSyNPUUpYEmhqCaDWGzQoM,the super squeers,https://play-lh.googleusercontent.com/-J3Dt1bMVLFE/AAAAAAAAAAI/AAAAAAAAAAA/AMZuucm5vJqIeisWDNAOjUj4aVgF6gWW0g/photo.jpg,Can we get unlimited ones in sandbox please.Please figure number at least 11-20,4,3,1.8.5,2020-12-23 07:53:26,"Hi. Thank you for reaching out. Feedback from our users is very important to us, and we always want to take it into consideration for future development of the game. Feel free to let us know more about your thoughts at support@dragonbox.com. Regards, DragonBox Support",2021-01-18 04:38:40
gp:AOqpTOHYi4g859UkmER3Jl6PRhNX83lti14418LHfa5mZ5gb6wy0nRJGqyVS0H21dtYQ2MVxMWFjynZ2a9rciNk,Danielle Windrass,https://play-lh.googleusercontent.com/a-/AOh14Ggv9V7Z9_7Jwcq3rVfe3kjUSLTncdLHyIn2lrpHO-s,"Can you update the designs of three numbers 11 to 100 also I'm giving this a 4-star also they should be able to change their shape and not just be standing tall, Ok?",4,11,1.8.5,2020-11-27 23:59:00,"Hi Danielle,

Thank you for your review. Feedback from our users is very important to us, and we always want to take it into consideration for future development of the game. Feel free to let us know more about your thoughts at support@dragonbox.com.

Regards,
DragonBox Support",2020-12-22 07:42:30
gp:AOqpTOG6xYKW6WTJfY_WHBh_7CWedez4VX_i5PlAB1elWAxyVoY-AWxxGIRqE9D87OlcHVePLHgi7gUOV1YsUxk,Erik Andrade Lins,https://play-lh.googleusercontent.com/-oi97K5ZBvOw/AAAAAAAAAAI/AAAAAAAAAAA/AMZuucnm_fOTIkkv-gwYJ7xe4YtaD7_DfQ/photo.jpg,"I would like to say that theres a game in roblox called ""Number simulator"". 4 Star for that. Info: Lives currently in canada until December 25 2020.",4,0,,2020-11-23 18:07:16,"Hi Erik Thank you for taking your time to share your feedback and recommendations about the game. We truly love hearing about our users experiences. Regards, DragonBox Support",2020-11-27 02:34:28
gp:AOqpTOEbEhoJCHCuanGbFKLVS490n6FuMCBf7oiLIrfDS7T6B5MIRCNoCSF3dlsgY61raEiVfy8pKtGXDsAesJw,music space dog,https://play-lh.googleusercontent.com/a-/AOh14GjQYozvSDGHYAFYi0lVq1xUpYfi1FSqkzAUAehp,Ok,3,0,1.6.5,2020-11-20 15:22:01,"Hi, Thank you for taking the time to review the game. We are always happy to hear about our users' experiences of the game. If there is anything we can do to make learning with Dragonbox an even greater experience, please let us know now at support@dragonbox.com Regards, DragonBox Support",2020-11-27 02:41:55
gp:AOqpTOFqujrAtwj5FWA1-mjSNHSRPkREDvJA7MCaJ2rhBNk7Raz-KVuGJLVmE-eHRSQBkusmzA98mZwKqZ5YNj8,Gianna Toomer,https://play-lh.googleusercontent.com/a-/AOh14GjYB7iT7y97Cuxx1Xq1n83pqGXnmdzD680hKEqLNQ,"I was going to give it 2 stars but I added 1 so you didn't cry, and the numbers have to much eyes… which my cousin doesn't like. Also they should have numbers on top of the creatures so you know who they are.",3,17,,2020-10-21 07:50:48,"Hi Gianna, Thanks for the review. We always appreciate feedback, it allows us to continue to develop the product and make it even better in the future!",2020-11-19 05:33:45
gp:AOqpTOFqhiJj12fYQFXDp60GARNPz9QbRcExqHwhYVxAjjs-XAOzboQRpSypCe2VqyRNa1lzNW3w1RIlDZcEcmY,Ronda Krasowski,https://play-lh.googleusercontent.com/a-/AOh14GjP6vkWor2rUNm28yVKVJZZlsDbvNx1c1T3FjSOEQY,I really wanted to try this with my preschool class but after install we could hear it but could only see a solid blue screen so I got a refund. Any suggestions to fix that?,1,6,,2020-10-13 16:31:49,"Hi Ronda. Unfortunate to hear about this experience. We would appreciate you to contact us at support@dragonbox.com, so we can take a closer look to the reson why this occurred. Hope to hear from you! Regards, DragonBox Support",2020-11-20 02:03:58
gp:AOqpTOEcYus9GUh1KzhexHHqSRVi9Mb2Yti1_hqOUDgo-gvIfnzBCMPX1rqMG4BeOOjxVE0R-zrzc_lBhz_8BHc,Dave Conley,https://play-lh.googleusercontent.com/a-/AOh14Gif2uTBI1ly-L1AUV3X4yAYg_phSWjMlXn_Ln_K,"Kids love this. I'll just say though, it's a little odd teaching kids to understand numbers and then to lock the parent zone with a number combination! If this app does its job well then the kids are going to get in there 😁",4,26,1.8.5,2020-09-07 14:59:09,"Hi Dave. Thanks for your review and feedback! We will take your considerations about the changes that you think needs to be changed, to develop the game to be as good as possible in the future. Good luck with the play! Best regards, DragonBox Support",2020-11-20 02:41:20
gp:AOqpTOGNqMm5Scmmff60tClPFVceRmH2T2i_F2O1cBHxyB0moBrJ5CrLfS9_A3pURXGcoXIXTqT_KDVav3FS0dg,GD Nathan,https://play-lh.googleusercontent.com/-lZMQKB1eGg0/AAAAAAAAAAI/AAAAAAAAAAA/AMZuucnkBEIy2vo7o7-UWt-6fQCVr7tqAw/photo.jpg,It is good,5,2,1.8.5,2020-09-01 03:08:53,Hi Nathan. Thank you very much for your review and feedback. Good luck with the play!,2020-11-20 03:08:41
gp:AOqpTOGb7D9KHCI-xvKCRovqzu0fEZ-PvqPFHCrcnXZXeQqrtJsas4W3GuxbZokxXcyuaNx5z1umxHDWS-GLXR0,Kendra Lockman,https://play-lh.googleusercontent.com/a-/AOh14Ghy2x4d3_pVOd5gFZTrulKOUwYwLbppV_rXBpHcRQ,"I love this game, from the way that the numbers are built up, to the way that kids have to purchase (with pretend coins) access to a new level. The puzzles are such a fun way to play with the numbers, developing creative, individualized use of addition and subtraction. The tallest ladders do get a little unwieldy, but it's not a huge problem. I like the bombs in the ladders. It encourages precision, but doesn't give any sort of a FAIL response, just a OOPS, TRY AGAIN. I even recommend this app to my college students who express a phobia with basic calculations. It's a great way to build fluency with smaller numbers, and also reinforce the flexible nature of math.",5,4,1.8.5,2020-08-23 10:23:30,"Hi Kendra, Thank you so much for your review and feedback. We are happy to hear about your experiences and thoughts behind the educational aspect of the game. Great to hear that it served as a helpful tool for your kids and college students. Good luck with the practice! Regards, DragonBox Support",2020-11-27 03:24:13
gp:AOqpTOHdAs1kNnCCVs59GsqnitktpLQqCT3_97B3pbT-79GPfE9dSDY-L_ufRGYJi4l-moIRbps9R-srMwMFUA8,Regina Reke,https://play-lh.googleusercontent.com/a-/AOh14GiZyJiXywbJERb0T4hTAx6vViyQ5Oic42wNElb9yg,Ert,5,0,1.8.5,2020-06-27 05:43:00,"Hi Regina. Thank you very much for your review. Good luck with the play! Regards, DragonBox Support",2020-11-27 06:46:01
gp:AOqpTOHcpQ5UWrf6YBdCTEpAnnl1DOI_XY0di-RZXOFiiheh9S0za9gdQVIJh_9Snl-Ei1kW6jsafezAiFOA41A,frank koulalis,https://play-lh.googleusercontent.com/-6d7PbAOsgZs/AAAAAAAAAAI/AAAAAAAAAAA/AMZuuclp3hmXBtPQ5zNx_OyDaSVQYO0oSg/photo.jpg,Its fun you lern (im not good at spleeling) its challengeng Im a kid,5,2,1.8.5,2020-05-29 14:53:21,,
gp:AOqpTOHWSWrQw23b0hy2W-RxTltHDGrBpGZSaecMjN7xFRATSHg1TOrUH7QCv_xmAp9OLh1_Q9wBq4mzTwU7FpI,Bev BC,https://play-lh.googleusercontent.com/a-/AOh14GjG0HqqIjJsgx4zdEOI-ljMKrypueS2ZNzy4kMQ,Exceptional!,5,0,1.8.5,2020-05-20 19:49:52,,
gp:AOqpTOEihfkO0S9Uz1KEpBrd7eBSxVKQmcqLi1zQDNG8-Xik-f37ISE3HuAPhscbNLmdp9rvYAXq1_3Cnfp1kOs,Mary Catherine,https://play-lh.googleusercontent.com/a-/AOh14GhhQh5pjpZgfSwQSlZm__5VkotyYQ3yhDu60I4aRQ,my five year old loves this!,5,5,1.8.4,2020-04-29 09:14:39,,
gp:AOqpTOF8pdIKZUoiuUPKEX3RRsjGl7nAKLEuz3pUr2y0vtlbiRA2-WXsbfs65TbzS60ZgFcGePUUxF_SEmYZ3No,chazdefunk,https://play-lh.googleusercontent.com/a-/AOh14GiYRRlrcTxozOXnytvXGFCufZavQSG0ASq-6FCg,"Brilliant game. My twin 3 year old boys both LOVE this. Just one thing that has proven to let the game down for this AND the Big Numbers game: one of my boys can read numbers and has repeatedly broken into the Parent Zone and deleted his whole game. He has lost all his coins, and all progress. He can read numbers. It needs to be harder to get into Parent Zone. PLEASE! I'm gutted for him.",4,24,1.8.4,2020-04-27 04:39:35,,
gp:AOqpTOH0oH6rZkKBF_a_QXw4w1reLYM5kj_-XaLcydlEsusaw4_Wcp07cjrQMJfWCxRpraiMOEDeXuockOC6-t4,Depth Peace,https://play-lh.googleusercontent.com/-9akg9w42sW4/AAAAAAAAAAI/AAAAAAAAAAA/AMZuucnxsFHCM1hR-0zZeQkWIFu3rWzKjA/photo.jpg,Numbers are cool,5,2,1.8.4,2020-04-23 11:13:51,,
gp:AOqpTOHWe50yHrLnSNV9VzDZRHhtaogvCiDWdBl3wEkxbpFKizT_JNptYPv7r4BTYG8IG7RvPqVkumsgBtiW518,Nicole Evanshaw,https://play-lh.googleusercontent.com/-fIax1O5B4Q8/AAAAAAAAAAI/AAAAAAAAAAA/AMZuucmHzohqn7tylzVkQQapVkWv9Oxxmg/photo.jpg,Learning and Fun! Well then💕💞🦄💕😍😍,5,3,1.8.4,2020-04-12 16:05:34,,
gp:AOqpTOHSAUzxGIQRL_ndwFX1WknRFsrkfPWDEsaMpSNggtbPQ4g7QVQF-5WnbhpkYJjgtZekwHt4FKTF5Np8sRg,Nick Heath,https://play-lh.googleusercontent.com/a-/AOh14GhugFXdZ6l7rbfZVRH7_u2IFIZwBbMZNzdpPphw,Worst game ever!,1,1,,2020-04-04 13:50:53,"Hei Nick,

Thank you for reaching out. I am sorry you had a bad experience with our game. Could you elaborate on your opinions? If you want to get a refund feel free to contact me at support@dragonbox.com.

Regards,",2020-04-07 00:48:24
gp:AOqpTOGuAopk8cHXY66ScImCTn2M5o46EDUmg7cwO9OUzSxGEWa12EIeu-W1m2DtQgu-_Qab-X_V-p89XtZb33o,David S.,https://play-lh.googleusercontent.com/a-/AOh14Ggo2xLgQWofdcWwNwIdmUiougFbUyfzHL7ogggf1A,"A lot of dynamic content keeps my 3 yo entertained and it's a great way to introduce math in a fun, abstract way",5,17,1.8.2,2020-03-05 18:15:35,,
gp:AOqpTOH8_JvRTmLOQa_eWLb2xPTjVeqFKZDW32PklSHkth_dQx-vO-tDoKx31n24hQCOmKiUjap7qasVF-6-JBE,Remco Koffijberg,https://play-lh.googleusercontent.com/a-/AOh14GizUzw0p5ypExHlJto7ZEFTRI71Ct3Od3bHwv2HzA,Fantastic app. Brilliant. Kids love it.,5,7,1.8.2,2020-03-02 12:09:20,,
gp:AOqpTOFZ88pkGauIYbzp3-CsCpsjvog2fL_kXQmTRZ4vu6lH4jnK5GZhhU9bcAaw6hyZi7gjpYxO7LPe9qtWh2s,Luci the egg aaa lol,https://play-lh.googleusercontent.com/a-/AOh14Gg8ngv_Ul9v-xZ6w_x0kVtM_NyimAoexxXw0VXkNA,Mmmm... I used to be a fangirl of 7,5,1,1.6.5,2020-02-15 16:40:28,,
gp:AOqpTOEQLHTWKQjrk0qQYcuZv_PDAoLT4wgKQoPEOllT7lsYjohF0jx0iVrS9yXtrdsoEpwIHvMED-mPnix4LoU,Jason Mills,https://play-lh.googleusercontent.com/-m6mxKAwgNkQ/AAAAAAAAAAI/AAAAAAAAAAA/AMZuucnMVQ7taSVrP5UvXkSBproIRK9oBg/photo.jpg,I played the game at Darek's house. It was so fun and educational. It also goes to 100.,5,12,1.8.2,2020-01-29 17:25:13,,
gp:AOqpTOFpCX5c3VUq0jNGy9LH8tAtVP8wTit4sOcMI3bt_mw3HNvXJoI3hpjw2oqThrvDl7QeswRaFHx6_DVgbZY,Chanel W,https://play-lh.googleusercontent.com/a-/AOh14GgE6ZnbrV_7y7q3ar7AhHXRCadXM0IpAqEgABDt,Hello i like to make a update to go over to 100 please. If you will then five stars. And i have a problem and ones to 100 please update this app.,1,7,1.8.2,2019-12-23 12:34:28,,
gp:AOqpTOGSdyaFApecFBkxcc3PDCKSYD71ArapENpweMNwPrjQG47Tw5HDQRS8JKcVY-6I3dOHUbdrkoG2imCZZuA,Canaka Taba,https://play-lh.googleusercontent.com/-71kSq1ICSAs/AAAAAAAAAAI/AAAAAAAAAAA/AMZuucmHTcZXk2HnuS3-CBZ_xOUd64I-Vg/photo.jpg,Fryktelig irriterende bakgrunnsmusikk som ikke lar seg skru av.,4,0,1.8.2,2019-12-11 12:58:24,,
gp:AOqpTOHzeIXewr_3nNzvYx0Vonigwx_8_8SgGbPZIO1Xp6ZaszKPAPzBWrIUTFJu4NyIiRFZcsLzPd16RvRjFW8,Joshua Savage,https://play-lh.googleusercontent.com/-XCKbbrUoCC4/AAAAAAAAAAI/AAAAAAAAAAA/AMZuucmK7JKMRvNj61SZSONVPq304ouI6g/photo.jpg,Very good,5,0,1.8.0,2019-11-29 19:11:10,,
gp:AOqpTOEbNntN8NFBoTihI7EIrnmSokFgXJ8l7iIlEHHK1P17Q945f8dpD_soWq9FUgxt02WSbh-1iLVh2tgXnn8,Katherine Service,https://play-lh.googleusercontent.com/-NV5XNrsk6D4/AAAAAAAAAAI/AAAAAAAAAAA/AMZuuckQAO3OXGNE6QUOHizHfUiS_TqUrw/photo.jpg,Good good for all ages including adults I like it because fill the itsfun,4,4,1.7.6,2019-10-20 03:14:04,,
gp:AOqpTOFpD5d1e9CMqkGVdkzg6Oio-u_fm2RBJxEPaUG-dTjlGDcxpJrDSXzYznQkzHag-oqm1nzJCmmPOBpTh6Y,Angelina Gonzales,https://play-lh.googleusercontent.com/a-/AOh14Ggd0c7mTvCC1_LHS8eqL-hPoYy4OceP38AbO6Xh,Great,5,1,1.7.6,2019-08-22 21:24:26,,
gp:AOqpTOHkGn2UPKBAgud_wi3rDjnkt1mLIA_uSUss3NMldRrIXiS8V6DcYYBMeVZDpCr3UzOKfhLjqY6OckTw6IY,Conrad Rubinkowski,https://play-lh.googleusercontent.com/-cfLOrDkzpyc/AAAAAAAAAAI/AAAAAAAAAAA/AMZuucmDhVN76Uv9fZYqsBFiwG_1Q9Qmxw/photo.jpg,My grandson loves this app.,5,2,1.7.6,2019-08-07 09:04:14,,
gp:AOqpTOFf-kS8HkFJGh-Dko4-aZbHvpYu4gQbNIureHV_TTwTMj9iHGC6cNMlKplCDPHqzUtnzolCz4FK_Q2jOTE,Simon Turner,https://play-lh.googleusercontent.com/-tQS5bNTve3s/AAAAAAAAAAI/AAAAAAAAAAA/AMZuuckJtyphJ68TWjg81-zh72EsPTZMCg/photo.jpg,"You can combine, slice, sort, compare and more.",5,5,1.7.6,2019-08-04 02:00:43,,
gp:AOqpTOFSLwDAzeOgXg9oo6VHFrpLA9IgWtS_6EXnQwgLd3NpQyNOweu2fo_pIeT0CaQeGFe7MpUt-Tl6dRBU9Mk,David Logan,https://play-lh.googleusercontent.com/-BRBn7SLcWHU/AAAAAAAAAAI/AAAAAAAAAAA/AMZuucnkJxQCW2rppg2iMFu6x8Y2bvTzcQ/photo.jpg,4 year old loves it.,5,4,1.7.6,2019-07-28 11:01:58,,
gp:AOqpTOGflCX6KqGC1pnk8U7AyjY2PlmdO8xUIeAwLYOsfTiKJd-sdTo0TOBo6m4zkTwbOvCOEg_JM4S5RtBKU0I,David Preston,https://play-lh.googleusercontent.com/-k9FrOedqVz8/AAAAAAAAAAI/AAAAAAAAAAA/AMZuuckHR3jTgfYvFv-5DYWAig2SEQHY2g/photo.jpg,you know how your max number is 100 well once i got up to 104,5,7,1.7.6,2019-07-27 10:36:39,,
gp:AOqpTOERgLy5bhCPPs_3EP-P5z3c1Lhc9CeOB1q0HPOVd8nG20AWfVtrOlXgRUiIuSmx2o4x2WBdJvokrnPVbgA,Dave W,https://play-lh.googleusercontent.com/-94vmWRyrFm4/AAAAAAAAAAI/AAAAAAAAAAA/AMZuucmG_ZSlHcTiw74ApXnClX2v5GFURw/photo.jpg,"Just reinstalled and noticed the 'Run' game, which auto-rotates to landscape, now clips the right side of the playfield, which appears all black. perhaps after a little delay after rotating, you could force a resize to the full screen size? this tablet is android 4.4.2, galaxy tab 4 (model sm-t230nu) Please fix. That part of the app is my kid's favorite, and he was pretty grumpy when it wasn't playable. Thank you, will be picking up your new chess game soon!!",5,27,1.7.6,2019-07-09 16:58:44,,
gp:AOqpTOG3Z0fP8lW280w4Zeod8sDkzoqVBB7jio376nWvhDnguPgdrtNcjX1TZtVlzFCPVFypWfR4Gg-5Ae8BNkI,Bentley Rawlinson,https://play-lh.googleusercontent.com/a-/AOh14GgQ7SyHr8GZsLu6aK1tKeor2gxdEUqyxIINo1tk6g,this is the best game ever l give 9000 Stars,5,3,1.7.6,2019-06-26 15:19:27,,
gp:AOqpTOEHS_Yw3dyC247YzfkMRn3LBUXQsi2BujDyvgdPQFEKoghIccajFlsXNjV4GvEMNmWNqQSWvBQnDrVfK-M,Queen,https://play-lh.googleusercontent.com/a-/AOh14Ggl0NpWKjVNTH2DUU8n0hdrFy9-F75xxfo_OvUdQg,wow,5,1,1.7.6,2019-06-21 06:48:45,,
gp:AOqpTOGQD0JOA2KrGQ-4cTM96oxy_Je17y87l9C8CAwYtpDORMtGX9fQp7mZNuVKIMkagccp4jeK56uJst51bz8,Teo E.,https://play-lh.googleusercontent.com/a-/AOh14Gjvejm2oTu9DCAQ7ZiimzaoAuTSD6r3d1KlImsL0jA,"Please add german, you are ignoring a huge market (germany, austria, switzerland)",4,5,,2019-05-31 04:04:27,Thank you for your interest in our work. We will consider it for our next release!,2019-06-04 03:49:11
gp:AOqpTOGJyZTRXxzYBxWjCGFJf2fkbiiT7UZXzWBb6x6gIWjSCycnFVUMU7Wb5jHWHJ_hKOYA68CBg2UlpPzAMhc,Kalyan Chakravarthy Dasyam,https://play-lh.googleusercontent.com/-UvVR14f9Eaw/AAAAAAAAAAI/AAAAAAAAAAA/AMZuucl1YHXR5WvI3M9XHr4-cdWYplsvBQ/photo.jpg,excellent learning app,5,3,1.7.6,2019-05-06 06:39:12,Thank you for appreciating our work :-),2019-05-10 01:59:01
gp:AOqpTOEHfZXJ4Da7yo9rBDEug3dg6cC2Nn7xBaUsNg6n8tiODIkOCqvOf6eDgZ_upAogk0j7CaC1Jl7mBpHu500,Lucas Harris,https://play-lh.googleusercontent.com/a-/AOh14GilIzS3sLWxUyspmt9S3itMVljxzB6jsAMiTr5Onw,"This is the best math game i have seen to develop number sense. I'm excited to introduce it to my students, and I love that it does not seem baby-ish. It makes it more accessible to older students who need support with addition/subtraction.",5,26,1.7.6,2019-04-27 03:12:02,Thank you so much for appreciating our work! Number sense is the foundation on which every future math learning is based. It is essential to nurture it as much as possible.,2019-04-29 04:06:50
gp:AOqpTOEF2iDqI0jIGQZcfRnqR8ORbruUAIyKtqMN4fXJWll9ZIEMWA5R3lATsOJhIyN-aKkUQu-JqPyNxA_fJX0,Jaysen Robbins,https://play-lh.googleusercontent.com/-5omxvlBabLs/AAAAAAAAAAI/AAAAAAAAAAA/AMZuucn8CRECU1zyJV0ZQ18LQFrnBgM8Nw/photo.jpg,Can you please add halfs like all the odd numbers can split in half. Not like three makes 1 and 2 I mean like 1 1/2 and 1 1/2.,5,15,1.7.6,2019-03-21 17:26:54,"It would feel very natural to split the Nooms into decimals! For pedagogical reasons, we have decided not to do it in Numbers. We focus here on Number Sense, and we find it best to introduce this concept with solely whole numbers. 
But we are always working on the many possibilities offered by our digital rods, so yes, decimals are on our minds!",2019-04-01 02:31:31
gp:AOqpTOHCixMoUwxeGq64YU67gbPndXAiw49aZwGGX7wYtXo1Y8RdK7nDEBlr1uESPX7LEx2DmpHpwMHQpVK1C3w,Paul James,https://play-lh.googleusercontent.com/-2TYFgUn09L4/AAAAAAAAAAI/AAAAAAAAAAA/AMZuuclzCkoRrmm9nlENPKpOJiOeXUDF0A/photo.jpg,Wont install,1,6,,2019-02-27 11:21:28,"Ouch! We want to help! 
Please send us an e-mail @ support@dragonbox.com",2019-04-04 03:48:49
gp:AOqpTOGAwEFq0uRSSS89ntYagaZX2ei7jjtLlvqu2i9yrhUN6me9chTCtbwX0TPyT5BvCHHsQZwXQFawfPhEU3w,A Google user,https://play-lh.googleusercontent.com/EGemoI2NTXmTsBVtJqk8jxF9rh8ApRWfsIMQSt2uE4OcpQqbFu7f7NbTK05lx80nuSijCz7sc3a277R67g,excellent,5,1,1.6.5,2019-02-26 12:27:34,"Thank you so much, we aim to please!",2019-04-04 03:13:48
gp:AOqpTOEte92uamXdT8_jC9bM2LBC1qmbP3ovunaOUoEJfrG0fHThBAWEs6OQ2-isftHndubL3VoEUxY1sYfA3H0,Natalie Clift,https://play-lh.googleusercontent.com/-idcpiBj0pyg/AAAAAAAAAAI/AAAAAAAAAAA/AMZuucnGnb-WOpMay8zU2mYx908V7lNjZA/photo.jpg,exelant nooms,5,2,1.6.5,2018-12-19 06:41:47,,
gp:AOqpTOGrZ2FhMQFArBmEj8_kPmFwf3psmbBe8mfYsEYed2S4_LnRCD_pIhpZoydaKuUUrkPJVifLbnSW--lpy4g,vijay garg,https://play-lh.googleusercontent.com/a-/AOh14GjxMhJ0H7Q96lQvZD73mPqr9hDt8pwj0BSZsGyt,not appropriate for age 4+,1,7,,2018-12-14 20:06:03,,
gp:AOqpTOGfic5b9T_uF8rX62g5QC76K3M5u7c4fS5rfF5yyQNNEaZ7SPMx6EHoft0uSubPQLSFTh2h0CXqlzOlH3Q,no no,https://play-lh.googleusercontent.com/-AbCl4Qc5ExY/AAAAAAAAAAI/AAAAAAAAAAA/AMZuucmHxZQ7R6auJm98HPVcE4zRdJfxMQ/photo.jpg,I kinda like it but WHERE'S MY REFUND I WANT 999 DOLLARS BBBBACK,3,7,1.6.5,2018-11-30 14:16:42,,
gp:AOqpTOHmSvzUMEUFcsxkuHiA2tOu4RnNw93kpVR_xhkwmiSqYn2-oiy2MrG33V_1JgXTMPcwNlRKzXNUVeRgndE,Kelly Z,https://play-lh.googleusercontent.com/-YOLO16OvyzI/AAAAAAAAAAI/AAAAAAAAAAA/AMZuucn0wX8jSoxcLe7_Z0Pwlij6BBdIFw/photo.jpg,Can't figure out how to play different stuff on the app,2,39,1.6.5,2018-11-22 14:11:00,,
gp:AOqpTOHo4Wi756SfLKyzgmNeyhtqzgc-6gnYSFFBsHHSBKnGmgCnDt1vhUtxrM2wNENKMHR1QEZv3zp9UHguTVg,Yuval Kalugny,https://play-lh.googleusercontent.com/a-/AOh14GhplXbZ-rtnQck-OlAE76VA6WGhapWleYV3kousoQ,"Very good app. My kid learned a lot from it. He loves the ""yay"" sound at the end of each puzzle. Two little critiques: The blocks get very small and hard to drag on the big puzzles. Also, I find the ""buying puzzles with coins"" mechanic tedious.",5,50,1.6.5,2018-10-28 14:35:41,,
gp:AOqpTOHRJ7GE7f1jg-1YOdmGkhg9vtLWEvYWyjT3KEJG93bmW4C5-OKuIhekfHlCtmwxEqAF7M3f1qSQSbVysqQ,Dagoberto Rpdriguez,https://play-lh.googleusercontent.com/a-/AOh14Ggk0VI5wchsHXQypokDg0pi47IJ1HdJk4CNmBM0,I think that it helps kids get to know numbers,5,8,1.6.5,2018-09-30 09:32:18,,
gp:AOqpTOFNiFqv5SYkHpLBmTyP2_D1ccXvWPq46Dh6GJxeKx5k-4bVGMfH9H28iwhLk5rHVX9n_mgkGjnuqSTooIE,Charles Sims,https://play-lh.googleusercontent.com/a-/AOh14GiaalymUCL1fdbhLSScuDlt8VbEhkvtMCRZOam0,I am an algebra teacher and I recommend dragonbox algebra to all my students. I bought this for my 4 year old and she is already learning some amazing number concepts. Another homerun from the dragonbox team.,5,11,1.6.5,2018-09-27 17:53:14,,
gp:AOqpTOEG4d9gFPq_QvFo6dzqaqWNBZUUmr3pYeHcvOZHqSChA0BEO0VWUXRLFqaJYQ454z2VKhtallPIE6-6kuQ,Сергей Кравченко,https://play-lh.googleusercontent.com/a-/AOh14GjLre6p_CURxkdesdh5Rzxm-ddZPgH_-YfWb1pnGg,Perfect. Please continue making greatest educational games ever.,5,3,1.6.5,2018-08-26 04:37:24,,
gp:AOqpTOG3IIocxtAeJjQ5FrQCjRLWfnOpBfLn63Hk5-IN6OXzPFIAyTlB8S2k9ZiUewMJ3wREUxRcVFBgZk6xuI8,Riley Briggs,https://play-lh.googleusercontent.com/a-/AOh14GjCpjrfcGVozzoLY406NYlh4e9jc3WfHBFL5rwHF1I,"My 4 year old loves playing. He learned big numbers, addition and 
subtraction after playing for 2 weeks. He's looking forward to playing Big 
Numbers next. I'm really happy with his progress.",5,6,1.6.5,2018-05-29 18:09:48,,
gp:AOqpTOHEjV6lBvvNMBLs5m3L55v5Nkim3rHoFXlQpK-AG_Kh8ZFuOomlqKyhzG0OpugBHRG5lH4DVN85f8kD5Sk,Danni Winmill,https://play-lh.googleusercontent.com/a-/AOh14GjGHpK1oUZFONxpjymKTYMemw7svBaQTw3V90O1qA,"Hi, how do I create an account for each of my kids in the numbers apps? I looked at the tutorial on your website but the bubble I'm meant to tap on isn't there. Please advise, I only got this because I thought they could both use it.",3,8,1.6.5,2018-05-25 02:05:12,,
gp:AOqpTOFBBDdAteuV_Id62RQH_bAEB1KUekyLO68svl-zWa6oTbHb8xP9zP48XVyjoJ1mjZdjMfE01lpBY36AyxM,James Woodward,https://play-lh.googleusercontent.com/-HP6XlORhLPs/AAAAAAAAAAI/AAAAAAAAAAA/AMZuucnqME-x6e_rER2gyOapC3JexT3T9g/photo.jpg,Educational and fun,5,2,1.6.5,2018-03-05 13:04:13,,
gp:AOqpTOHkFmmh_ZE84BSBIgrD18kRaxaQuUU18XbvIts83c97G8D-JBQ5b95LbOoDSrE1obpkzsSewFvTpJHEsxQ,Chuck Steidle,https://play-lh.googleusercontent.com/a-/AOh14Gjmxwk0aUiY_YdwutGl00g2i-HEXglz0pUolA9q,Daughter did all the puzzles pretty much by herself. The interactivity is on point.,5,5,1.6.5,2018-01-25 18:12:54,,
gp:AOqpTOE97VyhoB1_d-DzHUWrsOq8AXzcHJiKYzMYFQsX8e9GsB09RzWhR_veUOoV97FfIqfxFxqfUnZeS4RlL90,Erin Chavez,https://play-lh.googleusercontent.com/a-/AOh14GiSt3AFLeo6-kaAPk37xgI-RG1OR4vb3tZu6WQY,Perfect for developing number sense.,5,3,1.6.5,2017-11-25 08:23:03,,
gp:AOqpTOFreEIBBqpBM4-mUokxQJSfjCgDXDt2ulmqInLs3Fh76ikzNYzlKvKsuABMeMOJT-4Pbz7WCLUSInxqtHs,A Google user,https://play-lh.googleusercontent.com/EGemoI2NTXmTsBVtJqk8jxF9rh8ApRWfsIMQSt2uE4OcpQqbFu7f7NbTK05lx80nuSijCz7sc3a277R67g,"As parents, we have to take more responsibility in being personally involved in our children's education. Please don't expect our educational system to do everything. Try these products and you will not be sorry! My only comment is that when you get to Algebra, START OUT, on the 12 and up instead of the 5 and up. To me, they begin almost identically anyway and I think if you had going from one to the next that they may become discouraged because they have to essentially start over on the 12 and up version.",5,16,1.6.5,2017-10-26 04:18:03,,
gp:AOqpTOFEWdfFSVcCyyjB5Zhtg9g2b-RJ89r965vpSkXeh2pYZ72MquGAi-z74nceLd1zvqFpcH1BLE1emoFHbcE,Alexander W. Jandl,https://play-lh.googleusercontent.com/a-/AOh14Gi4R8GkdAT9PPCnLm4Hnst6aLs2I5phfvQxCjsVtw,Nearly perfect approach for developing a sense for numbers. My kids 4 & 6 loving it.,5,2,1.6.4,2017-10-10 06:01:28,,
gp:AOqpTOEuLrzm8C4eM21sx3Mf-QsXh0HrCY_Udkv5ByB4VNBLX2gV3T1sCsrK3G9xoMPa0kUghnqbp0kQYVnhHT0,Your Average JToH player,https://play-lh.googleusercontent.com/a-/AOh14GhK1LdG9Z_EVnX7vdCi8LuWPWzs_kTxikvueiDZfg,Very cool and good for learning,5,3,,2017-06-18 12:13:56,,
gp:AOqpTOFBLpNHiYIMwXlETMloQ7prh3fcpxSVtsI2xzZ0RB2tHFF1d-OV40B4IX2hh9vpzKLIpQrBYMl6fIc8E4A,Devesh Parekh,https://play-lh.googleusercontent.com/a-/AOh14GgfgSmqcgu0N2j8Bow6EeHzyzSgIlwRe4Eyd5UfFg,"Decent but needs a way to sync progress. There's an account creation step, but it doesn't do anything yet.",3,2,1.6.2,2017-05-24 14:55:08,,
gp:AOqpTOExCIYWliW8XNwJm1gzCcWsAupJEbuiurvwST3Y52cLmqLN1eLHFDapzO8tJs7fWnwxRP8LrLvdnR-8Dpc,Emily Keller,https://play-lh.googleusercontent.com/-5omwjUEM-Ok/AAAAAAAAAAI/AAAAAAAAAAA/AMZuucl1WfZnOvr5wB9Ute4ElZfFLUUJzA/photo.jpg,We are fighting for device to play,5,2,1.6.2,2017-05-16 07:51:49,,
gp:AOqpTOHtxhKVWxZsmmFHaIefFMNRl1RNNkdL4dF2IyaJ2woaSHXCeUt34z_ifhJAhEBbESthvq0_JE8C7Upconw,L. Elaine Hall,https://play-lh.googleusercontent.com/a-/AOh14GjTHWgoj_BeOazIjD-XK696aSEgG78WuzZus9-g4DM,"My 4 year old loves the number play. I like the way it lets him explore in a self correcting, gentle way.",5,1,1.6.2,2017-03-29 06:22:42,,
gp:AOqpTOH6Y096473pZUIjh5TbQ03dGezZiiQDTNExk9_34HgCXCn42negfUTG_gkeF_Z9hD2FMxjUyb3gp2oWC70,Rhoda Marie,https://play-lh.googleusercontent.com/a-/AOh14Gjq5SDBjlOON-pyp9diHThGMzb5NmyWnoyIIFiFtMw,"Can even play it as an adult, kids all asking if they can have a turn.",5,1,1.6.2,2017-03-26 02:42:00,,
gp:AOqpTOHAyt4Y1DJW4g1-dRUBl3xQuxrS5An_08IUIz1K_qKj05aG0bVrEi6r41zvd_jdpi7FwK2UpC7x8jhJ5Kc,Marybeth DeLisle,https://play-lh.googleusercontent.com/a-/AOh14GgvGYT6VA8sEVHhU7zoTCdemnvemPMKVT1vvQDryA,"Very good, starts ridiculously easy but advances quickly,  easy to stay at a level until comfortable. Easy tracing (wish there was more) . The only thing I'd add, would be the option to have the colors match different math systems like montessori, math u see, cuiseniare rods,  etc. That would be perfect.",5,4,1.6.2,2017-02-17 10:51:39,,
gp:AOqpTOETBW3BH2M-U0I2MTL6JlHesTvsIFuQhfFhIssn1i9JGxYLc0TYJidJAWoutI6PppdcZNHq3wNnOqwUqvA,Winter Mama,https://play-lh.googleusercontent.com/-x9Z7gw4GvdI/AAAAAAAAAAI/AAAAAAAAAAA/AMZuuck3qNOaeB4guvHDX5izMU5zD5Tehw/photo.jpg,"Worth 10 times the cost!  My toddler plays for 5-15 minutes at a time and has been playing for months now.  He absolutely loves this app and is interested in his ""nooms"" in the same way others are interested in Disney characters. I will buy every app by this developer as my child grows. I cannot recommend this app highly enough.",5,3,1.6.2,2017-01-22 19:19:31,,
gp:AOqpTOF5qDsngRbI3lMqBzTFAAaKf_H5p11Ptm7haJWPYLsprs28hvucF668L9riSfqKBfNoL-NOUnAlQezZDOI,Tristan Schutte,https://play-lh.googleusercontent.com/a-/AOh14Gj1OyzZIWbNziHe06yl2eLTZH2UfT0TtSj8-lmY,"I never take the time to write reviews, but this app is worth it.   It's an incredible way to deliver math to kids in the form of play!!!!  Love it and my son does too!!!!",5,0,1.6.2,2017-01-19 20:28:36,,
gp:AOqpTOFUWBHh4pPdKpn_LjFWxwcoyFOUHfPrcz-n_GObdVAu9L7nBtz8QqdmKjyNSAxnAS24ap-s9PSLqTk10Ik,Sunshine Butterfly,https://play-lh.googleusercontent.com/a-/AOh14GgbOI3cguiXg2Oe2SvaoebWsqihuinT9N8vfJqGb2k,"The genius behind this app is astounding!  If ten stars could be given, I would!",5,6,1.6.2,2016-12-07 06:01:21,"Hello, the price is updated on Apple Store. There was an unexpected problem on Apple side. Please consider updating your review :) Thanks!",2016-11-22 03:51:31
gp:AOqpTOHtd8Z6FoToYjOzPaNJFOhMobSLXAx-S_26Mz6XVkUAd4gwoCYEVV2DeqJpdFpX_9U4AJpufvlg_yi4bM8,Meghan Magone,https://play-lh.googleusercontent.com/a-/AOh14GhEOt5F4SF8-Ibt4I2mPYMBLcoZIWQGb1HL615h-U8,Way cooler than number munchers.,5,5,1.6.2,2016-11-21 20:58:43,,
gp:AOqpTOGcuDjzTqbGBi1TaNw_k7X7eAG2gSdIsPAIHSzaWNUWAbhIGw_vHYYTDUclpP5AFGQOx3fs6erXkcGUCc8,Emiliano Heyns,https://play-lh.googleusercontent.com/a-/AOh14GhSr1xGyeXlHE2A7KxMKBolbecBnsPpf6JJVS6e1Q,"My kids are a little over the target age for this app, but I just needed to support this game studio. Please keep up the good work!",5,0,1.6.0,2016-07-05 23:48:12,Thanks Emiliano!,2016-08-11 13:36:08
gp:AOqpTOFaEdEIn0058EyCiHpRAl9SfrGuz4mA-XzpkEmpHVsDoqi3I74oB0oXzII_Cqbd9nTYMMIDhYanfZ7S-RI,Natalie Depman,https://play-lh.googleusercontent.com/a-/AOh14GjtOALEgX7ScT8IwZ3A3EFSmcv5XEG-NCgaXWqEQw,My 4 yr old loves this game.  He never seems to lose interest in it.  I love the way it builds in a sense of progression and accomplishment.  Also the math is wonderful.  Really effective teaching.,5,0,1.6.0,2016-07-05 14:44:59,Thanks a lot Natalie!,2016-07-05 23:30:23
gp:AOqpTOEelXnqDyNT4MjEzHZ5L5t3w1nznkRcz6mhiipdRkKLmF7mTbOBQ28VQirl1xI7n4fIYMQXyAipjL8OiQE,Porche Berry,https://play-lh.googleusercontent.com/a-/AOh14GjvHCx-pdvLH4BTQc4RbRbcyHUb6kRko4m4vYRsmg,Started playing with it and won't stop,5,2,1.6.0,2016-06-27 01:33:50,,
gp:AOqpTOFl8J8fB-yEd8WLy2nbjBzkxunn98jroNVZnccqVXUJbgno_xETWoTZP-Be0_2TCf3ojJ-c9U78FSal8dE,Claire Jones,https://play-lh.googleusercontent.com/a-/AOh14GieL6YoNarhH8UsZ3OeDyxh5uN0rmNcEouAQbaq,"Everything produced by WeWantToKnow is fantastic. My kids love all the DragonBox apps (worth every penny), so I was so excited to see that they created an app for the younger crowd, because DB was a little too advanced for my 4-year-old. He gets his chores done every day and the first thing he asks me is, ""can I do my math now?"" And I am so happy to let him! I would give this app 10 stars if I could.",5,3,1.6.0,2016-06-23 09:49:13,"Thank you Claire! We started focusing on Primary school and we will produce more tools in that area in the coming years (and even months!).

Did your little one enjoyed the free story book?",2016-06-23 23:32:11
gp:AOqpTOE7zeA8YQhSVNrxFkWZAsHQefb3zdibhMMU0vRyYD0Z-ChlwnmS2Wh8CZ-xmD2dQptXHh5M1av7HZZDGMA,Kristina Anson,https://play-lh.googleusercontent.com/a-/AOh14GgzqSux7rN1lnK6kolpMMc9ST7MTnts4S9g07xkrQ,My kids love this and really get a tangible understanding of the abstract concept of numbers and manipulating them with addition and subtraction...all while playing a game!,5,0,1.5.3,2016-06-04 06:06:07,,
gp:AOqpTOHtyIEubW-UVR89d0atfgJzRRy_EDnRvWDeP3-2Ae271LE-HoXbhgiypGcUUL9ohs2fWTzZDgk4DyWnEbo,Sarah Highnote,https://play-lh.googleusercontent.com/-UrHjizaXfrY/AAAAAAAAAAI/AAAAAAAAAAA/AMZuuckDUVWtxRrbrxt6PpAjjP4gM_I6Pg/photo.jpg,My 6 year old loves this game and it has been a great addition to our homeschooling year!,5,1,1.5.3,2016-05-26 21:48:12,,
gp:AOqpTOFuMF9md7itzYZWzIRkI5cEfm_QigUpdZIaZxo3pebMqZ3S8010_bcgncEwSztUdFmsahAzIJ8zDN9gp90,B A,https://play-lh.googleusercontent.com/-iognTfvawkU/AAAAAAAAAAI/AAAAAAAAAAA/AMZuucnKZZXqj8vMl75BFh2K98EncyHohg/photo.jpg,My daughter  asks for math daily!,5,1,1.5.3,2016-05-13 07:38:21,,
gp:AOqpTOEuI87Rq-hITJXUGgCV8WHaAgTwsHEBNlF4v-Zf99cDZovDjL9wzaBkc94EZYVp75A-CnJJk-E2jlZ7s9U,Nick Wilson,https://play-lh.googleusercontent.com/a-/AOh14GhfVP_2H3B1aMfWONLKriS2-Wz3drU6lofcq4n0uvg,I am changing stars from 3 to 5!! It's great... I bought it as a teacher and the kids (4 years old) think that it is fantastic. It has become the most requested activity in the class. I would like to make a suggestion though since I bought it as an educator and NOT a parent (I saw the review on the IB Magazine)... Only 4 users?? That is great for parents but not for teachers. It is so demotivating for the kids to have to start again. Any chance of a way to solve this? Thanks Nick,5,2,1.5.3,2016-05-11 22:12:31,"Hello Nick, adding languages is a costly work (because of the voices!), so we're going slowly with them. Does the lack of Italian really take us 2 stars ? :) I've seen kids learn to count in foreign language, like English thanks to this app!

As for teachers, we are looking into how to best fit this into our offer.",2016-06-23 23:38:38
gp:AOqpTOH6e2vSsYJNlSMqzIS-T2FMSv8-B9GkCE2G5LeAWZOIiqJPQxWT_AHW7zQL01HtGw0v6EvlVdsE4RPI5dU,Jeremy Thiry,https://play-lh.googleusercontent.com/-WzJJwGrRRno/AAAAAAAAAAI/AAAAAAAAAAA/AMZuuclfbh0qFZ15R3DB94I2B1KqLV8JQw/photo.jpg,,5,4,1.5.3,2016-05-03 11:05:45,,
gp:AOqpTOH1JDiGeQOpgHhiMSLMd8lMa4bIk2XEGIw-sZW97ZS8RGD2naIyInRUYd1MG_RRHEnkCF3UJlarADvpQbM,Martin Wallgren,https://play-lh.googleusercontent.com/a-/AOh14Gg4G7XivjuGeXvTU-EMBlJ3CgQHjFTWVzF96_85dVI,"My daughter loves it. Worth the money. No annoying ads, just painless fun with a side effect of learning to add and subtract.",5,0,1.5.3,2016-04-10 14:02:10,,
gp:AOqpTOE5dp8tgNrIgo2NGhd8UrMfpj7KN1HqXIuPzpqAGvhSmOJbrbNezdwX-m9mLenp08zHdgqyDMT3QQ9jeC4,Jthan S,https://play-lh.googleusercontent.com/-HLzmWuZix5E/AAAAAAAAAAI/AAAAAAAAAAA/AMZuucnaFfntw_kZGbMfcsKxjo6oGeckww/photo.jpg,"I have tried a huge number of maths games for my 5 year old. Most are rubbish, some are good, a few are great and an occasional one is fantastic. But this game blows all others out of the water, for the fact that it's as fun as some of the best non-educational games, yet amidst all the fun it's teaching arithmatic so well that it soon becomes intuitive. Learning just happens without the child even realising they're being taught. A game this good deserves an award! Just get it!",5,6,1.5.0,2016-03-21 09:17:27,Thank you Jthan ! We're working on awards :),2016-05-11 02:40:24
gp:AOqpTOFAXeOPN1rCn7_2_pWvYLrICP7HOtnnoOg-jzqNORUtG9sc6-3rF2SBCYyvOX47xmFq8Hg4-x-4VpCKVJc,Jeff Schaefer,https://play-lh.googleusercontent.com/a-/AOh14Gg9aw4JgAlzRg1XgYpMe7tkFCNWziF2CLiTZBW1eos,"This is absolutely, hands-down the best app for learning number sense and basic math. My four year old showed improvement after just 20 minutes of play. I highly recommend this game.",5,2,1.5.0,2016-03-19 07:20:46,Thanks a lot Jeff !,2016-05-11 02:39:53
gp:AOqpTOFFwMeXy4-6kYTRJGAQ8X11UuXcPbqAjzmnossARSnyJdltzY_edOU8qG0DUa9kSyWEsa6NSY3Ooq61chI,David Beedy,https://play-lh.googleusercontent.com/a-/AOh14GgKsR4gJkisBO27L4fSrY_V-DcinVmeRwd5po91LEo,My 5 and 3 year olds love this app. It comes highly endorsed by one of the biggest names in math education (Dr. Jo Boaler!). It is just the best. Download it. Give it to your kids!,5,1,1.5.0,2016-03-09 10:19:56,Thank you David !,2016-03-11 01:50:40
gp:AOqpTOEioDZVjeILySJvOYrkMpkUpxqHqsESbvx_eUXY3ZeqGGZw6iOXpS9AAtDMMuEzipZnzGiov7K_yXqUrNc,Amber Bullis,https://play-lh.googleusercontent.com/a-/AOh14Gjlx0QdbYOb2-6SHPu5_DMu7bveMhBLcoOv5pPh,My kids love this app.  It makes learning about numbers fun.,5,2,1.5.0,2016-03-09 08:10:10,,
gp:AOqpTOGX0DB_fQ4B6CxR3kOM7iDH3gnGEEbQCdCeX9G7SgIguuXpqUDZXFLZoaLuuvQBHIXFqYt1d3tItHl50bQ,Ruud Vander Velpen,https://play-lh.googleusercontent.com/-DzN5ToKvg8Y/AAAAAAAAAAI/AAAAAAAAAAA/AMZuucmOcqS9O1vkxUtyDV9Bi4uXGiDYOQ/photo.jpg,But pls add more language support. Dutch would be really nice.,5,3,1.4.1,2016-03-04 09:58:12,,
gp:AOqpTOFxX0yMeCc8P8FpkUDF8FyjCmTvZlQhIq8XQaGlfVHmcgGlNFmtnAIm--GRn4cBd8dEbeLktMEKa545KzM,Alexander McCredie,https://play-lh.googleusercontent.com/a-/AOh14GizR9pE7duWEpykhYX2Mh1yA070wpl7ErvmLEWxXQ,My four year old loves this game. Well worth the investment for the knowledge and enjoyment the experience brings!,5,2,1.4.1,2016-02-20 15:26:06,,
gp:AOqpTOGhVkgDctC8yz7ZwBGDXw4t7SDEzEq2_Z-hwR_q_GIeaxxrkJBlyXh_WMEcGzPCeaqXgxAVSVWeaQzr1Cw,Ellie Sutton,https://play-lh.googleusercontent.com/a-/AOh14GjEXdRsXlq6yaX-Y_pCiDa9LxuPVNguXyRQnCbS8w,My almost 4 year old LOVES this game! And even better learning all about numbers while playing. These fun number monsters can be added and subtracted from eachother in such fun little pizzles. My daughter would play this all day if i let her. PLEASE DEVELOP AN APP LIKE THIS THAT TEACHES MULTIPLICATION!!!,5,3,1.4.1,2016-02-19 05:52:27,,
gp:AOqpTOEdr-Dghc1ElUUOMSoaamyHmbzJB3wpRzOAKwKhGnh-sOwY46fCOJGEhgmfDIT_evxEW_eN5AM4RyQA6qs,Ole Hanberg,https://play-lh.googleusercontent.com/a-/AOh14Gh-teFwgO9R8RN91tBXvZ_s3lt0jXyPgNhr1FCeMi8,Excellent for younger children. Another ace from Wewanttoknow.,5,2,1.4.1,2016-01-27 09:46:32,,
gp:AOqpTOG09SUEGpQ1AjtvMbsdvJT9JIZ3-q_ftK0R2u2ZCEs3g15mxrJdvq7RRYEdTzwWvvS04TUUX0QaqKvYzcU,Mihaela Glinski,https://play-lh.googleusercontent.com/-Z1TIXN-Gx3c/AAAAAAAAAAI/AAAAAAAAAAA/AMZuucngerXZwuc_Z6uZc5DHYUIU5493zg/photo.jpg,My 4 year old son loves this app!,5,3,1.3,2016-01-20 19:56:23,,
gp:AOqpTOG0MHOpWBQU5REUCp3nExp9e_zF_RxJ0yzWnC6m2Il1t0QhUyR0YqbDfEd4sYyAe7seXopPgWEmWZDf15Q,Rebecca Graham,https://play-lh.googleusercontent.com/a-/AOh14GgMC-BqOxv0tJQsbmOsLj8wpzv3HbjZMcj8zbBaOA,Fantastic my 5 year old loves this and has played it for 1.5 - 2.5hrs without me asking him! the past couple of days hope it continues! just bought for my 8 year old daughter too!,5,3,1.3,2016-01-15 15:49:12,,
gp:AOqpTOHsGO3Gbiheuh_OrRXPBxN-dsMMklEbpny6sbh1xJhLiAlLCB820ErEKlM_NZDqAt1ZDUkW_tPs4s1M0O8,Nathan Butler,https://play-lh.googleusercontent.com/a-/AOh14Gh7i1hEMJCPhVTXisosA64lw72inIkQc7CiZt7iTw,Didn't like it for the first 10 minutes or so.  But it really grew on me.  Love spending time with my five year old and watching him figure out sizes needed to complete the puzzles.  It's clear that he's doing some sort of counting and size comparison in his head.  Great app.  Would buy again.,5,3,1.3,2016-01-13 06:26:53,,
gp:AOqpTOHb4ai8xgPxcEecXEHtoLbDhKFLJVGqdEM-ILmsrjjFfBFufwcWvipHw3CY2XzJZlQtVzi0ZG8nwpT-ek0,ex alpha,https://play-lh.googleusercontent.com/a-/AOh14Gh7x16uyVLgW5jgCz69YMSwEqRSdKL5idBRxoIzsQ,Brilliant!,5,1,1.3,2016-01-12 00:49:34,,
gp:AOqpTOH7Q2zyB_Ff0hP-Orm-zQ3T--w1S593KIzVIcOo_isIdh5tMaaj2mK_PD2kNx9aCm8raEVdSeTL8cQiQok,Robert Clowes,https://play-lh.googleusercontent.com/a-/AOh14Gj8sFWST64jELEuSi3Y9oBSOf4w787XItzGBLshLw,"Dragon box has become my favourite app producing company for pre-schoolers. The original dragonbox program was my favourite. It was quite amazing to see my four year old work through the different levels. He and I were compelled. However in some ways it was not obvious that this really had great educational benefit for such a small child. Who knows what he would remember in the future?  This one is just fantastic. Even after a couple of days play it was clear my son was gaining much greater facility with numbers and more than that was completely charmed by the program. I think this beats my previous favourite maths apps made by montesouri and really I think most four to six year olds could benefit from it as they start to discover the properties of numbers.  Only complaint. The app seemed to ask for a lot of privileges when I installed it. I denied most of these, especially about giving access to my phones call facility(?). It seems to work fine but I wonder if this means I will now not get emailed about my son´s progress? Some info clarifying all of this would be helpful DragonBox.",5,2,1.3,2016-01-05 02:26:48,,
gp:AOqpTOHTxorVRJ7_qCbRPleKOWUTuQ9cKepD2ZZkNQx6inWgzShNXdr9jad0tzTCZYFHXXTSOkSUqVQwvB8LpjU,Ben Lawton,https://play-lh.googleusercontent.com/a-/AOh14GhAl77P5GOVXN74ZuSkT1NCXef_hB5Nd2tur11Epg0,"My 4.5 year old now routinely asks math questions at dinner. And exclaims 'I'm doing math!' A+ on this ""game.""",5,1,1.3,2015-12-28 17:07:18,,
gp:AOqpTOEr8yqWm2HLoUGBnXIYx29NhY8Ng2IfX0y4gI8kjR1VePyAXOXizN67Pu2B7viMVrvChz-XZvf55jfDDXI,Jason Morrison,https://play-lh.googleusercontent.com/a-/AOh14GhsQ6GpAFh1R6MoYLX6DvPrvhC2KSggFzja9TcSa34,"Another great game from the makers of Dragonbox.  Unlike most math games that just add sounds and graphics to quizzes, this is a game made from the rules of math.  Buy this for your kid right now.",5,2,1.3,2015-12-26 19:27:16,,
gp:AOqpTOHQ1vicg3WHfwephrhmFU8TpM-vViyWwz_RcjAxBv38YPLnnKOIjim0F99Mc9NJdUP8mo5G7qZ2S1Z0NGo,Andrés Martinez-Losa,https://play-lh.googleusercontent.com/a-/AOh14GjaRgXwMb3zfBtcqcmuyDCRpcL9qH_1jP8Ox8Rbsw,You are a genius. You got into the kids mind. Awsome all three games! We need more people like you in Education.,5,2,1.1.3,2015-11-19 23:47:22,Thanks you very much Andrés ! And thanks for taking the time to rate us. It really helps us ! We'll pass this to the team ! ,2015-11-20 05:22:10
gp:AOqpTOFv_Cp5hLLGaX-J6ScD-Uabf5lsjf3P1rt8bJD3OUi6_XQt5LS3JY16WCIASHurRpWVmBSLiSJfGIU-RJI,Penelope Miller,https://play-lh.googleusercontent.com/a-/AOh14GiGePyRW2FfPIXTNktM_TKI1X1QatBz0sbXM2sRjw,My 4 year old loves  it! Totally worth the money!,5,1,1.1.3,2015-11-13 06:36:02,Thanks Penelope! And thanks for taking the time to rate us. It really helps us !,2015-11-15 21:28:42
gp:AOqpTOG-lAQGJMzWbGsd7siMPn4dReIOFmSN5nhIl_wWBdImIn35R6CQqNw6sCqMwANxbN5nff0tEiVhvob2Z3k,Sarah Bast,https://play-lh.googleusercontent.com/a-/AOh14GhN70pHsAboDUJplSlOpFL9cqf8lRmAe3Mf6VwPWw,"My daughter has really enjoyed playing this app, but we've had trouble from the start getting it to open. Sometimes it will, sometimes it won't. Needless to say this puts a damper on her limited and precious screen time, and disappointing trouble for the money.",4,3,1.1.3,2015-11-11 20:51:15,"Sarah, sorry about the trouble. This is absolutely not normal. Can you take contact with our support o that we can try troubleshooting your issue ? See http://support.dragonboxapp.com/knowledgebase/articles/144588-bug-all-problem-reporting-tips for bug reporting tips.",2015-11-12 04:44:02
gp:AOqpTOHiykhg39cURuVZr3Yc9l8OCnT1BtKLusCOstmPGVwMtCh_TPmqSiHYXPdZVe7Z_GM3enMM8QwtIh5KDEs,Jeanine Lilleng,https://play-lh.googleusercontent.com/a-/AOh14GjDyTW-t6a7JYkXj4QzAvfp5myrHX7HX8esxuCk_w,"Somehow my almost 6 year old finds it a bit boring. Not quite sure why, because she generally loves numbers... I however, quite like it, buy I'm hardly in the intended age-group.",4,2,1.1.3,2015-11-09 03:50:41,"Hei Jeanine ! Thanks for your updated review ! Has your daughter played with both Puzzle and Goose ? Also, we might add some more gameplays in a few weeks, so do not hesitate to revisit the game around Christmas :)",2015-11-10 02:35:17
gp:AOqpTOGB7kjn46f8dIN9ZtWrd8J0BkLK3k_IORuZ7qLXia3TLh0E7ioTGP260PoWlcoREJU54MwB0cyCsUa9eNY,Andrea Mahoney,https://play-lh.googleusercontent.com/a-/AOh14GjcIlhxqWnfprgT0IFFGJx_JiUgAy5XZTCuWYFI2E4,Great fun for kids as usual. The best,5,1,1.1.3,2015-11-06 21:22:00,Thanks Andrea! And thanks for taking the time to rate us. It really helps us !,2015-11-12 22:55:30
gp:AOqpTOHaB_VTxRxiIuWHgm9YaOA0cVapWMLY7CaM36RlDUFF0Nb79yWGCK7Q8tpxU-iJYCdqRZT-3Bx6zL3PFK4,Morten Falkegård,https://play-lh.googleusercontent.com/a-/AOh14GhIRgd6ZPfpY5iS6L_XiHHsrVkpp5HP-oPpf8g_IA,Both kids loved it!,5,1,1.1.3,2015-11-03 10:41:26,Thanks Morten!,2015-11-05 04:04:27
