reviewId,userName,userImage,content,score,thumbsUpCount,reviewCreatedVersion,at,replyContent,repliedAt
gp:AOqpTOFrs_zJG2qLK8tIU0hl5FhHQPDHiTYMqacVw9JdrKdb74Evh6rZWOz_DX7piHW4eMyDZuSSiuPbQ0HZ2HA,tanya hill,https://play-lh.googleusercontent.com/-eNutpYon5G4/AAAAAAAAAAI/AAAAAAAAAAA/AMZuuckqJTGfpZIDGn6Jo3gxaQT6kViz2g/photo.jpg,Don't use the app doesn't work and you can't get refunded it keeps giving an error message 🤷 horrible horrible app,1,0,1.15.3,2021-02-09 09:20:20,,
gp:AOqpTOEekqeGvKKujDaYF8eY0TKWqeOkKfgT13cCz4X6-DIoURxUz4zquw6wX_6JWCS06DlCYa7lzm83iyGPi5o,Ashley Daigle,https://play-lh.googleusercontent.com/a-/AOh14Gg0ILAmkI_BFRKnwPASjU9NtiElul_AdFl6Mkoi,Horrible App!!! Will not even let me sign in. Keeps saying invalid login when I know it's right. I want my money back!!!,1,1,1.15.3,2021-02-06 20:44:19,,
gp:AOqpTOEiAK40CID6BZmESYBHGF5gsEHP45NJTprXw-zrwgTVBWm6TMvS_K29hIii1NuaWPE4yZ76Aow4FBVQe4s,Khrys Collins,https://play-lh.googleusercontent.com/a-/AOh14GjErGXxmKeZO5raDJAu30E7_IzQMJCPD2fJdRbvydk,Didn't work,1,0,,2020-11-13 12:59:48,,
gp:AOqpTOGbVDVey0YFxo0lDOCGtu4darobtHBrrcM2jhgLEA2LTmzPa-cnsIdcqJT3dlZZSGkfK8xm4vs-K3d6-lA,Crystal Odom,https://play-lh.googleusercontent.com/-KnyXUqcPd3w/AAAAAAAAAAI/AAAAAAAAAAA/AMZuucmrqkkX_9gzba7YVAMiRK8AOzIJnA/photo.jpg,Wont let me log in n i paid for this app for it not to work tf,1,0,1.15.3,2020-11-12 15:52:07,,
gp:AOqpTOEEcR2dAQOCNMUaAqCwZZlVz-bFjpO3jqqLmeJuTp3M-ByYoxJ5-1Wje9tdJpYjqMpkLrmTvMQJlWOcyVw,Dezerey DeGeest,https://play-lh.googleusercontent.com/a-/AOh14GghNLpgRbM52Jb9Jt1AkAE8avvxUe3fpVXXZH8ZuF8,I want my money back or fix this,1,1,1.15.3,2020-11-06 01:34:50,,
gp:AOqpTOE93cREQMEemOtZ243WQAYM7tp2S-HZ30pq6AIdWSeF1yIcrd494q-C6Ecpj1Tq7KTQ-EBPRjJnh1CM5ao,Shea Farrell,https://play-lh.googleusercontent.com/a-/AOh14GhNE0Ue2Fo-cekAytUtDHFevUnnIDzmG4o98MQTzw,I had the correct login credentials and it wouldn't let me login. I have a android as well.,1,11,,2020-10-16 16:53:21,,
gp:AOqpTOE3mJbyG2R1Z9f791WMsAlquhl_fgRWqjJvFC6fWJHyXSEsh2VFsMfIW5PRQ9hTEkO7Pqk3p0830ErVXyc,Daphne Cox,https://play-lh.googleusercontent.com/a-/AOh14Ggg0OTKi8dy2zBWgXWH0hu2SPJp2Ksgc09giMr54w,Literally sucks you pay for it and it doesn't do anything but take up space THIS NEEDS FIXED OR REMOVED AND EVERYONES MONEY REFUNDED I am literally to embarrassed to rate this app -10,1,0,1.15.3,2020-09-26 04:47:12,,
gp:AOqpTOEeNOlauFNcZmsJBGPTMnYrjlE5B-GYxAJ1Xy89XRo9OFD6oo7Fn4-NgAJxSc4r6a4j6_YnLAezyvtvVFo,James Boney,https://play-lh.googleusercontent.com/-888fV5lC5ek/AAAAAAAAAAI/AAAAAAAAAAA/AMZuuckPR5iz6e5cNm5kGj_124Hb8osCtg/photo.jpg,Does not work most of the time,1,0,1.15.3,2020-09-20 16:08:09,,
gp:AOqpTOFmXX1Npn5dsZFEiOFvJpLqV1DyEQFh5MYc2t_XZuQXoN_jBsURKqpzCRgTB_wcx1qzXUnw7zP1mc-_uSs,Lurdes Perez,https://play-lh.googleusercontent.com/a-/AOh14GitoNkGcCRlrPImevlxbw6_53bnAOtAOuefSk4dMg,👍🏻,5,0,,2020-09-17 19:38:35,,
gp:AOqpTOFefmG7J0dbJG883dFHoaV2XiThjLFEGBK5-E2mgt2tTrgKlfDtc7X-MUQWwWscydOiNyG9NjrfQ0uimcA,Ashley Woodworth,https://play-lh.googleusercontent.com/a-/AOh14Gh-6TLT5XeY_Qp2Agxtb2qQG32ANk6jDWQiXlaTzA,Doesn't Work,1,0,,2020-09-16 16:03:26,,
gp:AOqpTOFwX3aUAAsHMbDrhHYMJCH48sqHiI0Gsgn0BY45Lh-3JtBksqdTJr2lzuL9qIgwft-ucwnOn050c6awIb4,Jennifer Parsons,https://play-lh.googleusercontent.com/a-/AOh14GjKeFBx-WYVkMGhWQgtvm7l5JUV8HP3dBNrBa0hX5o,Great convenient app!,5,0,1.15.3,2020-09-15 21:01:13,,
gp:AOqpTOEFQHcQlNYHZU5hzzbNSYGw4adbcmFi7a7TGDOeAO7JbX4K5-bVqXXovRXQGPccc4mJrHhRKK9o_AYKCXs,Elizabeth Rose,https://play-lh.googleusercontent.com/a-/AOh14GgC3ZsiI9_QEaCeZjp8pLrGNmRjKTWAQnXoXv5MGyA,I think this is a scam to get passwords and login names. For real. This app needs to go and the developers need to be investigated.,1,4,,2020-09-12 18:22:06,,
gp:AOqpTOHdlEmOp-ry2NxnrHJRVXMDsaFCzvo8_ZItibhHSCnAcBtHgTvSFGb__wf_Ovc44hz2m6aNuup-LxPHiQc,Anthony Jordan,https://play-lh.googleusercontent.com/-5z0TIeqVN_8/AAAAAAAAAAI/AAAAAAAAAAA/AMZuuclNZbQwp8ey6QBHWStjIZmGyqa62Q/photo.jpg,Sucks,2,0,,2020-09-09 17:59:25,,
gp:AOqpTOE80pOwIX0QPblS3XqEPbEnQhvo5nrna0IK0HkTxn_vQgjOOFzgErKmPmshw__SaZ90TavvFRWOAYXjR_Y,Nicole Guidroz,https://play-lh.googleusercontent.com/-wrZ5q1Sdfnk/AAAAAAAAAAI/AAAAAAAAAAA/AMZuucnZAe-i-e6ktE_UVVU4lA0d_g4Vqg/photo.jpg,Quit working,1,0,1.15.3,2020-09-09 09:03:48,,
gp:AOqpTOHGPdW4Z3JsoFFA99b6vmC-2iZ1GIdRFMhXqS1kNfRFDiKejjniwGwi3HCYit1UcULiwrVEjMv17KnTHaY,Jack and Barbie Reeves,https://play-lh.googleusercontent.com/a-/AOh14Gi1c8v_m-5ViNHjVfpDIQw3hqwlKnltRJhUksMHp60,This doesn't work anymore... It wont log on to the site.. don't waste your money!,1,0,,2020-09-08 08:49:26,,
gp:AOqpTOE6-e5kQJHYCdcAwJ44PcNg6AIEH3cj-KwSmCxiA4Nnf5tD7fU18MpGIZjdPJlXyknXkoIYy7Sk50Deqqk,Donald Riddle,https://play-lh.googleusercontent.com/-FcsdAXWK3hw/AAAAAAAAAAI/AAAAAAAAAAA/AMZuucl6pcK0qTVduTJ1oAXddL7k15VwyQ/photo.jpg,Sucks,1,0,1.15.3,2020-09-07 09:12:59,,
gp:AOqpTOFtlivG8otXTHWEaGO-XiL6oF0ZDH-mJEL-pEBLWgPlrKs2f8UmGJ8V84MQ21NDKG1Lu8TWrrLAzGkl6w8,Terrie Canady,https://play-lh.googleusercontent.com/a-/AOh14GgZu8u-QXFwQn16KboaOjQL0Y_tb2QKN1X6HK0rYg,Just plain doesnt work....like at all. They force you to buy an app to check your cs amount after they force you to use the card. Them neither the app or online page work. Smdh,1,18,1.15.3,2020-09-06 06:53:38,,
gp:AOqpTOGrf_syT1GQcDoJrmB1fYHz9iNdVSEImoBQaahyjDOMDxjoUDU616-4aj9zF7k32cg-oyNinPwUocehmo4,Celica Gama,https://play-lh.googleusercontent.com/a-/AOh14GjvPO-zFBRmQvBux0WwnjAHgF7PchnEcohjm9a105U,This app needs to be removed! It doesn't work properly and it keeps stating to update. When I click to update it takes me back to the same screen.,1,17,,2020-09-04 15:50:31,,
gp:AOqpTOGtRWXpGn_lbOOBUFF7tOGhZ8XANsIAZOjs-3g4EMcx6Xv8fLRUjW28L2t05DjIYEuf2Hl5WBg8syMUZug,Brandy Shields,https://play-lh.googleusercontent.com/a-/AOh14GgZQAZAVCx6M3YJxYfaFrKhzD90wC2Se2-ye5-R,Love it,5,0,1.15.3,2020-08-28 11:57:05,,
gp:AOqpTOHl6w1vBZgSWbMpmcFJ0gkw1nqaQcYYLWLPFF6h0JcadFdAiaL9IVrPEhIhkXwuKyKudppK6S_25l9P6-E,Jamale Brown,https://play-lh.googleusercontent.com/a-/AOh14GguRPRj6OT9GOo_772_lULQ_Rtz-kSOzv9_Rgwf4IY,"I purchased this app and it is not up to date, it does not pull up my statements, as welly account was hacked and the app was no help and y money back don't want to give me my",1,6,,2020-08-28 06:20:10,,
gp:AOqpTOHvj-rw69Dy823f-gW-qe8lDu8N5rl6IQi9OkrlGB_M4pQ_vt5G700V_f7qwRV-wcYVkoVpFolryRAzUuU,Amanda F,https://play-lh.googleusercontent.com/-oqhnq0ZKjok/AAAAAAAAAAI/AAAAAAAAAAA/AMZuuclpOek_QxcoqkowE4eR6SdfQgU-xw/photo.jpg,Keeps closing,1,0,1.15.3,2020-08-16 12:15:46,,
gp:AOqpTOHtPUQdZSGuJJKpquiLMpHeW_u5BvCe3n3Nkl92-bWKDYO-bs3rU1DzWb9UPJ113gOKeFDjdQHChJs7GNw,Tawana Banks,https://play-lh.googleusercontent.com/a-/AOh14Gi9bQREVB_iLYevNazLJVGEfqJPmQpSaC8Kx5mf-g,I can't open the app.. It keeps closing whenever i click on it.,1,1,1.15.3,2020-08-13 20:39:18,,
gp:AOqpTOG-oZfrsoVmCjYvzMO-ceRr4PAiT0ov3HyTudkfczEjWC3xABocQ0GCJjda3qLWMEjR4PCLgBTwsRFK6MY,Angela K Byas,https://play-lh.googleusercontent.com/a-/AOh14Ghowmh4MwhinC1ZZFYIbvrmsfOBqPq8pYXZfF7L,Whenever it works... It works... 😢,2,0,1.15.3,2020-08-08 14:44:57,,
gp:AOqpTOH68T_bNhgOOdP72Ngxxnt4fVKoro4NXH9z8IpX-qf7siQueJfCuBhMP7ivtVQbaF9oImx9KDp269o8MEA,Laurie Fairley,https://play-lh.googleusercontent.com/a-/AOh14GijoAQMmC5Ndp5x_MffMfvurgiyhUe8TeyjmoCn-Q,It keeps saying it is made for an older version of android and kicks me out,1,0,1.15.3,2020-08-08 12:55:38,,
gp:AOqpTOHYZyei_uO53ayR1xCKB3YgL0qayaTmfXoOR0zJ4V0UmDeCFs_ljZtg2HMw7fwCb4vOtzZ6-hGNfOGuaeE,Lynn RUTHLESS ANGEL,https://play-lh.googleusercontent.com/a-/AOh14GilCvxckQHKumxyBBnj8-CSYxf3hDpK_eA7oQtFoZM,App keeps closing. App is an older version and doesn't open. It force closes everytime I try to use it.,1,13,,2020-08-07 08:41:22,,
gp:AOqpTOGCv3tjPIVEuEPWw0grHrTFW-GNVErcXNg29wgmSlnG7JPJ4uaImugxYeJWfwWprt-96rl8zPLtpaTHBmA,Shannon Miles,https://play-lh.googleusercontent.com/a-/AOh14GhT3oavd1bIy5eg0NV2Ab5wtmkt-_8n_IZbAfNEavk,This app doesn't work so don't spend your money like I did thank goodness it was only $1.99 this is what I get when I try to open it up. I'm trying to post a screen shot but does not allow me to.,1,10,1.15.3,2020-08-06 18:25:11,,
gp:AOqpTOFoC_qAeatKA0pDMxblNzdEJr9OvQnGxmbJHUfA4x8BMN6FKbvzMm_uaU0Y7jilNKmRI9KyAVg3hCJROaQ,Chiliquila Ogletree,https://play-lh.googleusercontent.com/-1UvVlc1TqD4/AAAAAAAAAAI/AAAAAAAAAAA/AMZuucn85wbwmzCDokjAs7Up5lx7UV0t-Q/photo.jpg,App does work properly. Need the app to be updated.,1,0,1.15.3,2020-07-30 21:46:13,,
gp:AOqpTOE-bVWQJ6i9Cfr7iFoNNwwU7KipV03mrMLLPwTLPXYpqLHNEkVDSxlONRDMnZEMDvQMQwXPR7SVcDcLEZg,Karen Herring,https://play-lh.googleusercontent.com/a-/AOh14Ghx5k9xrUCAIBUQz2shkd92JQPodRlcYsURoU2xZQ,Will not let me sign up ??Why ???,1,0,1.15.3,2020-07-29 02:58:52,,
gp:AOqpTOFp2bOkIxsp9-vdBlGclEvCOju25KcEjffja8WxVeBfACUaSAydZoo9JO93RU1Ic4pdmOwBZlAOjQsYXeE,Diemmah Parks,https://play-lh.googleusercontent.com/a-/AOh14Gh-uH2tvDucpufPcA60JnAzHBEuc5cKx6NRkpgkQQ,was great.. but won't allow me to log in now updates available... Needs to be upgraded for newer andriods...,1,7,1.15.3,2020-07-28 10:12:36,,
gp:AOqpTOHDxNc_tby1eZSPNiBlBMTeQ6MUZhGgkks5TGhXhZD5Z7K-Ht6jHqLjD9AwLwgkOazOo3LNtt_GMp3yl-M,Shannon Lewis,https://play-lh.googleusercontent.com/-7VYhc2pXU4M/AAAAAAAAAAI/AAAAAAAAAAA/AMZuuckH7GT75JHWdAICzg7Bqu72l0EI4A/photo.jpg,This app sucks now. It never works.,1,1,1.15.3,2020-07-27 21:30:01,,
gp:AOqpTOHUGHdWt5EYMwbNNSSqtOQYDGoJxXXPO0bZ5J9vuRmzXR3eDwFsj2zRH6TcTJ7QP2OAPjcy0x3HZdb-nPw,Lorraine Bernal,https://play-lh.googleusercontent.com/-xIc2SP98x3U/AAAAAAAAAAI/AAAAAAAAAAA/AMZuucluydjjS_k_IEjiIGB32bAhfsrCDw/photo.jpg,I need my money back it doesnt work,1,0,,2020-07-25 19:21:44,,
gp:AOqpTOEc-BDwpc-MUALranxyZoW4qHhc4cR-SG24F9pmHgxWnziO28qVWNffjqCpOnC3ZtEuQ_dlth_NOKkDnp8,Amber Mccarthy,https://play-lh.googleusercontent.com/-hj_gLvfKtTM/AAAAAAAAAAI/AAAAAAAAAAA/AMZuuckdbNpfpPFmm1ljOvuKvhch1wDawg/photo.jpg,It is being a pita again it wint let me.redo my stuff,1,3,1.15.3,2020-07-13 07:30:08,,
gp:AOqpTOHYC67ULQh0JFOyiBHcTdV_c6jdKekFz2m6OV5yznwvUsbTdJhl8w0eGVgzOmBX9nkLTfNIVYo8kW3PFMY,Joan Moreno-Herrera,https://play-lh.googleusercontent.com/a-/AOh14GjOtqoS9vIvXd57YpXCVtETtSXnHozwpkCXpBPfhSY,Great app fuves upto date info,5,0,1.15.3,2020-07-01 06:10:34,,
gp:AOqpTOFoh2kovUbOmH709NUU1-CEDn7JvvpjQR5HtOfKhDSLhihLaa-5gb6xdbbSm5GBLLcABEnGHyRqad2COJY,diana sedenquist,https://play-lh.googleusercontent.com/a-/AOh14Gh_x8qkhZPRTZ7VtaKK53ChDfHAw3AVwOLTamOBKw,Who ever runs this app needs to update this now,1,1,1.15.3,2020-06-30 13:54:13,,
gp:AOqpTOEOfdhoXGraSq8OatkO7hYkLAgyYuJTxEK8NG7efFkB03sEHQD-1_OTZc8vLdtcMkjHt4IZFN4JvjcnZFs,Telisha Williams,https://play-lh.googleusercontent.com/a-/AOh14GjemC25rZQU-UwOUsSGCfE3hrN3Jrqk2IczXwxJ6w,This app sucks because it lets you in them kicks you out and won't let you back in when your info is all right. All of that needs to be fixed asap.,2,18,1.15.3,2020-06-05 12:35:54,,
gp:AOqpTOE79iqqgtuIhLU-j2oCdQctha_BD7t1pVBNaaLC4kloDqXQZE81Q6iMOkvRM4stMrXCRMmK7gkxEqaiUdw,Josh Stafford,https://play-lh.googleusercontent.com/a-/AOh14GgUHNgOnFcQ2C4T9cH474wyNNpC8Su7JWUelzLHQg,I need help with you guys placing a hold on my eppi card account through google play,1,0,1.15.3,2020-06-01 16:30:57,,
gp:AOqpTOF_9l6OHxK5-KGv6pXIjJZdLyEtlfE0Vpm9Exvxuuhv0SVSo8qRIv6cwpk3KzCPduaatSHWTn_PizwtPAg,Ramona Wolfe,https://play-lh.googleusercontent.com/a-/AOh14GiYa2KWpPiO9aPUdQSyb1V2xlRYYEtEtqWZXLaR,Not helpfull,1,0,1.15.3,2020-05-28 12:38:44,,
gp:AOqpTOGwthRXHm9BvIpZ7SoROemsFz546sdepkswrBuAtjzX-ZjobwD9zmWMw_CKDuFWULon88IAz47i144mUIM,Zether Burkes,https://play-lh.googleusercontent.com/a-/AOh14GhRgM4_PfrMuLgS5983ryim-LTJg-HP8zTCinGm3g,It would let me setup my password and it wasn't whst i thought it was can i get my Refund back,1,0,,2020-05-23 01:45:42,,
gp:AOqpTOFEal5nzMiBd3N6TPuVcTHLauhlaRhmvmM_irlCk11fssDME_wAreJawFO46WVPUHK3-5fuJ3u2SQagUQI,Krissy Weinfurter,https://play-lh.googleusercontent.com/a-/AOh14GgseDZg1bUuaDnvET9aEPQSgGNk-UCgbwp1ximBgg,"SERIOUSLY???!!! Super pissed!! Just paid to download, only to find out it does not work for newer phones. Thanks for stealing my money, how about an update?!",1,13,1.15.3,2019-10-29 06:53:22,,
gp:AOqpTOHiHEoFMkCMX8bhvyyZXWZK2pS1dJAQmytFXYFhJasOyuLoxQdD1pUe_tDa6oWVzkbRI1EH1qyxVFWXvAM,Tammy Harrington,https://play-lh.googleusercontent.com/a-/AOh14GgEdEbL5QeoWBzX355tToulPECCkO9_aX4VlmdI,Cant log in anymore! Uninstalling! Used to work great,1,1,1.15.3,2019-10-17 17:10:10,,
gp:AOqpTOGXYP1izTOiIKmDauSHRIhZdLo7ygVCEew_IyXyVZMzLidab-QXO6L3-g3TV2wRPZnHWUa1taCrzs6kifg,Tatiana Broughton,https://play-lh.googleusercontent.com/a-/AOh14GhvGAoCy95u4cPqRF3rfYUHySlHThj-SRZ-4Luml1k,Use to work now just stopped,1,1,1.15.3,2019-09-02 16:24:18,,
gp:AOqpTOEPS7UjOm0HJtf82ct730jHd5MFOhM9Zp4TPX8qEXLED3hEdJkc3T437flpnpHXubKw3qWdhphsS7nl1RU,Kaci Kleinhans,https://play-lh.googleusercontent.com/-2gUZt0YD3WA/AAAAAAAAAAI/AAAAAAAAAAA/AMZuucmbnwpmNNhePkscXUMt5VSmbXPtVw/photo.jpg,Needs an update I can no longer login!,1,2,1.15.3,2019-08-27 18:56:06,,
gp:AOqpTOGpMXFB4jsDis0M2iNb5Tc2wbehqX8t01j6ENYIwiOeOvbWkZHy19Il3APn6Erx4lpNefucyzSumg6EKVU,Natasha Metzger,https://play-lh.googleusercontent.com/a-/AOh14GgF2Jc_234K7YdmO0zsW4hIAyGGgqSQM1ElmvQJsg,"i paid for this app, and it will not let me create a log in and pin. if your gonna have a so called helpful app for parents to check their child support then actually update the app and get it working correctly",1,19,,2019-08-12 08:40:52,,
gp:AOqpTOE-J1_-RohLy-Q2ar-mH2ZWt6M_QYTdPtZMEYrX1HQpwfr_34pfDy1oK6oAwmKWzLzah1f1tryajQtuWU8,Kristi Moses,https://play-lh.googleusercontent.com/-4hQ3lJEJmR8/AAAAAAAAAAI/AAAAAAAAAAA/AMZuucnRNQGWi-co0mSTQxTujTbFfR6oKw/photo.jpg,it needs a major update. I can no longer login on app but it works for online.,1,12,1.15.3,2019-08-07 04:40:57,,
gp:AOqpTOEmsfrJcG2OyCilVWuHpx_OpU1Y7PGeatcFlFXR4xIF1-YTY1Id-qUpVb2R5EbLJtpWY5nSOS92op-ZS1Y,Marcey Beeson,https://play-lh.googleusercontent.com/-Bwlp_LKTT54/AAAAAAAAAAI/AAAAAAAAAAA/AMZuucm1lEHb_HId0u1YxcXfBUDg-GxxNw/photo.jpg,Was a good app. But now you can't log in and use it.,1,0,,2019-07-24 08:44:03,,
gp:AOqpTOHdEquZ0uAhgXcLD_BHk0gC6sSM6OnZf8WbSw44CAjRKEh87aV2pcVsggSqxvlNF-jAuLvQ1UIeQq3_Efc,Shannon Sutton,https://play-lh.googleusercontent.com/a-/AOh14Gg43O-5laWM3kuHm9xQR7AjQbKpPeRj3w5WdvBhSQ,please update app,1,1,1.15.3,2019-07-21 17:47:17,,
gp:AOqpTOEJqAanP5Ivr4Fq4-MCYTn93PwPNZcydcWtX_KNlclgznu80TQbK94yZ9uTTZ32dicZR_PueqA50t9vzb0,Amy Bowe,https://play-lh.googleusercontent.com/a-/AOh14Gh8twbwVAMLZZohMMUp6IRMdOONNOc1wkE8-PQkwdk,Doesn't work anymore. multiple emails sent and no response.,1,5,1.15.3,2019-07-21 03:31:41,,
gp:AOqpTOGN4sgl6PssyHyjAsNLFUTWU0XtUJD_CIMPvLdOqSI0jq-elawNWH8oM3-LLts2hcOWr5L0DxpyNsmFsso,Serra Young,https://play-lh.googleusercontent.com/a-/AOh14GggJZGI6ZCCseVMVlzSzt4U1bwKeZnejw1NZpJXDf4,will not work on my Galaxy 8 will not let me sign in,1,1,,2019-07-03 07:29:40,,
gp:AOqpTOEZ2kdIGODRDv2wR_QaBCRIhE76n3t50AeIt-Ml92SGsJqyG2idYE0_B1ZL41251PYSLSVuuE1a15p2jcE,Alicia Jones,https://play-lh.googleusercontent.com/a-/AOh14Ggq-MX7KUU0q0QxPQD7gUVxumKoREBwAxWGp41UHw,"This App was Good, now since update cant get pass login, keep saying invalid login credentials every time. Had thisnapp for 6 years with no issues till a few months ago",1,17,1.15.3,2019-06-24 05:47:49,,
gp:AOqpTOHKfcY-T3noUzvMxT1LII0mzuXa67Qr_aCaTo6MvrSwFsL1GdkBz0wBr2GqukQahykkOW4M0z_oTsJLu5Q,Tammy Mierow,https://play-lh.googleusercontent.com/a-/AOh14Git4J4PXa9inzv-n5lCT_Os-cYmEl48sw0UdHr032o,I am having issues also trying to access my acct & have been using the app since 2017. The worse part is when you contact the support person(s) nobody replies back & I've emailed multiple times. I did rate the app 5 stars so unfortunately now it'll go down.,1,13,1.15.3,2019-05-11 09:52:02,,
gp:AOqpTOHNL2-H_0RwERbGuQoPSLT7GvmngE1YwF-dhY6DGgqSEZYyqiR2jtOi82tkSi2GTGKofN4Bd4nTJn-OiQ8,ana dominguez,https://play-lh.googleusercontent.com/a-/AOh14Gh7gwWbRqy3LGnvVRz0JfE_G9pjvT-67jxzp5P2hQ,app not working,1,8,,2019-05-05 08:31:45,,
gp:AOqpTOEOzFOKpTA9NN-oXAy-I2pLqJJVA6y0u7c5WQVB8MSqT0Tv6Gi_TkI5JRwfe32ju9grgZ79v9Fi5GmfS5A,Mizz Lula,https://play-lh.googleusercontent.com/a-/AOh14GgE6hl_t1rHwPE6ldcGryZ_XSSvSBZsyHL3XhgLAvg,I had been using this app for the the last 3 years.. And now it's not working.. What happened to it.. Been waiting them to fix it! And nothing! So disappointing,1,43,1.15.3,2019-04-28 10:42:33,,
gp:AOqpTOG_hmhqZh_OK4pJU3To0_TqL2Pn5HmjdqJlQ93jaJ-HgIq1bAAPxb8aoqfQWRP3nMB7gd1qfnS6-1tQPOM,Kristen Melendez,https://play-lh.googleusercontent.com/a-/AOh14GhYuwWcBLB9AXn3dSP5ktTlnTj_cisI7oRqaQJFWw,i wont download,1,4,,2019-04-23 20:30:17,,
gp:AOqpTOG85DKS-qvyCUcxxyGNErbu_o-oulcvFTxaezbRF2eug8PY5uo7pATGSTok4GIxpfFktboingaMm24bb3U,Sasha Freeman,https://play-lh.googleusercontent.com/a-/AOh14GgGtS-5789oCBOCjz01FjaBzyzkE7PtDF7bKRJAjSU,same exact problem everyone else is experiencing and I've emailed tech support 3 times with no response.,1,11,1.15.3,2019-04-19 16:04:36,,
gp:AOqpTOFdzRMGYfu_xrGmRni9SfhiQ8zGA2aJvm_Lz--13cYLb2974aYdtck3yo--HBQCCYfJGcL_ZJUpRJbDd3A,Rae O,https://play-lh.googleusercontent.com/a-/AOh14Gj94KoFMzA8laLl22N2V-aE7xnY5eFYkt82vYgQrw,i cant log in any more,2,7,1.15.3,2019-04-19 09:48:56,,
gp:AOqpTOFSzRXlu1asHDaQcFUeWwBSmUNodhsaHlKo7qcjhO2Dorh6HUUsc8jmY8CLFviZOxbr6LM6NBnPtW50nmY,Sybraina Wehrly,https://play-lh.googleusercontent.com/-oJZth3JYVzY/AAAAAAAAAAI/AAAAAAAAAAA/AMZuuclrqZ1hybuIBbAkrSlMANKbr7pQQQ/photo.jpg,"Had been using this app for a few years, but I can no longer login.",2,11,1.15.3,2019-04-07 13:00:43,,
gp:AOqpTOHf996UAO3OM3t6FbcpGwqKu5GUcg7EKRiXjQ-cYsrcz6xMATPoC4nvfKtxw4pdVV8BB5oiubvE1afEuqA,Valerie Richardson,https://play-lh.googleusercontent.com/a-/AOh14Ghw2pAa80lrXKVQ647KkocfdfQHcpna-TPBvm-VTw,used for years stopped working over last cpl weeks,1,8,1.15.3,2019-04-07 07:46:37,,
gp:AOqpTOEOQ-0UNqpZFkGFz8IdfNAwqWZIYHUjZc1j7rlNqe7FBoRAfLcehoBAqsMEXXlReTTtxButkJiF4kd3TO0,Althea Bontrager,https://play-lh.googleusercontent.com/a-/AOh14GhArOAuy3F2StgGPACaMPl0qwXCyIBeWE2WyKc5k6U,I used this app all the time and it worked great until about 2 weeks ago. Now I get an error message that pops up everytime I try to log in.,1,37,1.15.3,2019-04-04 18:00:07,,
gp:AOqpTOENdGUg5Tm5PS4rhQnyM42H4NeByzcxmDNK8XrR0SF-7mkodXsuixpYxUWBrgJlW82Wj9dbdWCiZW5x-sE,Michelle Velez-perez,https://play-lh.googleusercontent.com/-1yREyhQKIXI/AAAAAAAAAAI/AAAAAAAAAAA/AMZuucmgEtATpFWzOflJgSq9vrNJCx4XxQ/photo.jpg,I cant login and i paid for this app needs to be fixed asap,1,0,,2018-07-19 09:35:31,,
gp:AOqpTOFA2WMXF_5Qye8AhgUGKBqLAlnXVYSNg2JHer5Qc473C4dwsLUFkSe_DYE6V-ViE2DB_wLjCWLJnyzHG88,chris walsh,https://play-lh.googleusercontent.com/a-/AOh14Git9hCU1491Sdu3eTt9PF-7h86566A49EUAMKZ-,I cant login which sux especially since I paid for this app.,1,0,1.15.3,2018-07-07 05:24:39,,
gp:AOqpTOH9MG1PTa0ADkw7AoOH3lNoG6UOJQ3OxHHcf1KlahtzFftM6IifL7ViLU_Rlq5rj7G0l-V2pg8mF1Aa7eQ,Veronica Whalen,https://play-lh.googleusercontent.com/a-/AOh14GizqyG-IDtG0KyQ2s23CvjwJS1qV4IUUkESmF1-wg,"It won't even let me set up a user account. I would like a full refund 
please.",1,0,1.15.3,2018-06-21 07:13:41,,
gp:AOqpTOF5N67J4lHeM5Mp6nxc9ADMa0yQjfnwDw0lK-QYXWoiADadiqwAmrb0pVGs47G3WqIE_Z6ymwjQn-81INY,Annie Sanchez,https://play-lh.googleusercontent.com/-2pHQYDdjAaU/AAAAAAAAAAI/AAAAAAAAAAA/AMZuucnkAGaElUzE2gwQ9l16QOALd7R5gQ/photo.jpg,"Please fix it I love this app and now it won't even open it shuts down.. 
please fix and I will give you your 5 stars. Still not able to use this app 
please help. It won't let me log in..",1,2,1.15.3,2018-05-24 12:20:57,,
gp:AOqpTOHPhm_9I6RNkhzo1EPDZUjYxbT77MtM8lZmQbYAkhz_Bj7N2g_Xe0MMM7_IGoEBth1mtj6GpplRXfWFMzM,A Google user,https://play-lh.googleusercontent.com/EGemoI2NTXmTsBVtJqk8jxF9rh8ApRWfsIMQSt2uE4OcpQqbFu7f7NbTK05lx80nuSijCz7sc3a277R67g,"For some reason, I can't use this app to look at any transactions. I choose the month/year and just a white screen shows up, with no info. I can only see my current amount, nothing else.",2,2,1.15.3,2018-04-15 19:11:39,,
gp:AOqpTOFArDtPz6w7mQJEuEDXm78r-PL4FokSDMao9TK3yAdkcaxuEjf_oTm3KmVgeMdZMIJMaFfGgIMLlcyvOEc,Jessica Heller,https://play-lh.googleusercontent.com/a-/AOh14GhVLORxQGYPK5JO4CvZy17FgLFRNjM9Edqn9B7Al4w,I have been using this app for a couple years now. But the past two months Everytime I go to use it to check balance and such it says connection error even though I'll have full cell service and also full wifi service. Quite annoying! Plz fix this asap!,1,1,1.15.3,2018-04-02 09:06:54,,
gp:AOqpTOFJ39ChI_q1iaRY2ZwDzbIxG8GXKaH0Odvg3vEOnj4oOEoxFRFAC-BmT8VduGHEpS1BTAwxPl8xXpeXcS4,Alicia Gallaher,https://play-lh.googleusercontent.com/-XUX4S_8_H8U/AAAAAAAAAAI/AAAAAAAAAAA/AMZuucmy4Rbn0l8Bsj5dTg6ohdrRdJwJjg/photo.jpg,App messes up now it doesn't allow me to link my account or anything. I've tried to message support but no answer.,1,1,,2018-04-02 07:30:43,,
gp:AOqpTOEXoNh113oRQgZzV6eLKr1GS3YBPz198PkMSY6yoNDtR2ZlVgrGNtGbsWFpmxVzAG-A3HvHNfFmN9tdAb4,Tiffany Waters,https://play-lh.googleusercontent.com/a-/AOh14GjA-1ZAe3dnhrkfhOVpUkDV8hj4VPeSVrxYAf_Y,"I loved this app but for last week or so it will not connect! says ""connection error check network status"".... I just sent an email, not sure if that's the correct way to contact someone for help or not. I'm not sure how to go about fixing the problem or contacting someone to help with the problem.",2,3,1.15.3,2018-03-24 19:35:11,,
gp:AOqpTOG1Ntt7Mbrt0Lv_QSu086N23n5NBwblxetSaZf8Xyjqj0bG7fKMRRAUlDiI4t51XbWFwaDQOr1yQJWfE3I,Tina Parker,https://play-lh.googleusercontent.com/a-/AOh14Gg5wHFqIadZ_sBp-eFZR3ACT2L9PEZfbFK-4z9beKM,Didn't work for me & would like a refund!,1,0,,2018-02-08 11:12:43,,
gp:AOqpTOHG5SHve6-9v_T4BWxS9sIKvWldyMccZU1DimhOcSPxgDJvC8O--_OxJJTpmmb5uPcJNWhwHBIHBMfaKQ4,Tori Byrd,https://play-lh.googleusercontent.com/-ku8jFR258Qs/AAAAAAAAAAI/AAAAAAAAAAA/AMZuucmjkFIgWxLIpF47SfjfJyDx9v4cmQ/photo.jpg,I want a refund app didn't work,1,0,1.15.3,2017-11-30 15:01:54,,
gp:AOqpTOFx8QsQi-oKVZQwPPczuufCo12KYcFs1o5QgDA_Z_iHQhPjkGhaGFsFr9iCRr0t_c2iKijYDXepD5c5at8,Collette Winbar,https://play-lh.googleusercontent.com/a-/AOh14Gjx0zmUbMgIUnsKWi3UhFweTaMxCDzA9J9_DTAuEwo,I broke my old cell. Got a new phone and now every time i put in my password for this app it tells me its wrong. I tried to choose another password..tells me its wrong. Then tells me locked out too many sign in attempts. I have tried and tried to get these people to help me and they refuse. And i paid for this damn app!!,1,3,1.15.3,2017-08-11 00:46:17,,
gp:AOqpTOG_zqbcOKzbo81ya9BHOTVv2lkB1MFefOYHdSQwgiCaE2yBDNayVhOZJ9BBHi93z0aDBS7riOovryFp5s8,MarQuisha Cork,https://play-lh.googleusercontent.com/a-/AOh14GgVNkaM1KbLg9IwdHSpHIq7GKQ7bP_ktRsFLVz_EFo,I want my refund and I haven't received it. Very badd app. No I'm not ok I never did receive my refund and I want my refund.,1,2,1.15.3,2017-05-10 07:43:57,After two years she is still writing bad reviews instead of calling our support line...Ms. Cork...please contact our support line at 631.610.9635...we will help you ...,2017-05-10 07:45:39
gp:AOqpTOGQniCPumQ6pYmbvgFBR6HdZHrK1arP5_k3RYKDSgQtG143R2TE7ZEKnkupCubc-v6sWAMd39H-rjFfpaY,Shawna Gruber,https://play-lh.googleusercontent.com/a-/AOh14GhxNjJPFmjzfg1NfHmmmQ_B2IQ_p8ShF8Pmw83D,I can't even get started on this app it won't let me use it at all. I had to pay 1.99 and can't even use it,1,0,1.15.3,2017-04-27 09:48:25,,
gp:AOqpTOFXPRLf8r4tM4XIIE_Yqw0lrBy1akqbNY2gU0EmMRFx_aPvD6_Fhkv2eotQiKrmKSndUOKHxhK0jq3DoWU,Natasha Santiesteban,https://play-lh.googleusercontent.com/a-/AOh14GgBfg9k_9eiqCi8jTXI6URjHF-kQJ97zJOXsqIF7Q,Terrible app it doesn't work they just took my money!,1,0,1.15.3,2017-04-07 08:52:01,,
gp:AOqpTOEl8dV436fAWcNJmRBKu0rqrlp98MuwsoULoGgVI7hV8eECaqxGD-qTnpHgcXQ0zp19GnpMttP6oqo6nPg,vblevins77,https://play-lh.googleusercontent.com/a-/AOh14GhlN6uot48016txnmJJEOv1mNGtXXt38-YUr3CE,Not accurate! Does not show pending transactions or accurate monthly statements. Really disappointed I paid for this app!!,1,0,1.15.3,2017-03-11 10:51:58,,
gp:AOqpTOGjuhqCpkTYNucxMizAqhdr5u_DDhUIngcqKvzmMUtqAJ-URlTKvQesuxzP-oN6hQyZEwVK-0nOKWUrfGw,M L,https://play-lh.googleusercontent.com/a-/AOh14GgmLcq4Sb4VZgrqIlOZq1arhQUTSxjpi5VoOr6htQ,Does not work at all for me. Does not choose state it allows me to type in my username but nothing else. I emailed support and so far no response.,1,0,1.15.3,2017-03-01 06:29:49,,
gp:AOqpTOERBr2ozuJZmLdTQAOuVu8hsxh7uYIxORUQJHXQx9hDmBMJXqrZRve7YyQ9ftIYy0yZscziETAuVLR0BCU,Jamie Kinney,https://play-lh.googleusercontent.com/a-/AOh14GixjwRmoX2Gcl7LbTQ8f1rkEuoo5iDnk_XIRgyRLr8,This app just stopped connecting this afternoon.  I can't get signed in or anything.,1,0,1.15.3,2017-02-28 17:37:31,,
gp:AOqpTOFCW7D5LJ9TAg1-vjxV9L-f5qSxkFstcpl23YfRawQvjtTX79pkA0pAC0SywLxaajI-LBFGW6pmkkd9l28,A Google user,https://play-lh.googleusercontent.com/EGemoI2NTXmTsBVtJqk8jxF9rh8ApRWfsIMQSt2uE4OcpQqbFu7f7NbTK05lx80nuSijCz7sc3a277R67g,It was a great app until the ability to view statements disappeared,1,0,1.15.3,2017-02-18 12:50:17,,
gp:AOqpTOFf6pw7kk6Ow1ZAEpcVop_yipiiv5HpkwZZOYezKXbiwnAMaFPo7qSpg_-O0MYudohSJ5_OJ8WCpP58fxw,Kimberly Stull,https://play-lh.googleusercontent.com/a-/AOh14GgJYPOB8dj0K_RPrzo0qwAUdqz1pDjD2tmLm8khOvQ,"I absolutely love this app!!! No more charging me .75 cents for my balance at the atm and I love how it shows your purchases, so u are able to tell if that's where u used your card at. It's so worth the $1.99. Love this app!!!",5,4,1.15.3,2017-01-13 22:33:35,,
gp:AOqpTOF3jGBRxBYv5lQtu5IW3DEPpsY1zped6XB_jW8gKxEvaeMHSzyC6KXz4O5IE51ewLAIvwwIWrSCioTTFdo,Jessica Bell,https://play-lh.googleusercontent.com/-KXEYiovG6Lk/AAAAAAAAAAI/AAAAAAAAAAA/AMZuucls3lTEkKoji62qQcIH99nqIoOcyw/photo.jpg,So far so good I am excited to not get charged 25 cents every time I forget how much I have left on my card and quick to just by entering your pin ur in,5,3,1.15.3,2016-09-23 19:42:26,,
gp:AOqpTOHuc9EzRwHgNjDMY8lYJIpAYeBvY5_ixwcVEi6LT-Ek2_Os6roNIWi9YTw4AePnziGMDCk5QZv0J-_EgeY,Jennifer Ishler,https://play-lh.googleusercontent.com/a-/AOh14Gi2kvcZ0uQL0y26vsfTzqGlji5Sq1oQXXzhma3kDw,i just installed it and it works great.  No problem at all.   Thanks!,5,3,1.15.3,2016-09-14 16:30:37,,
gp:AOqpTOECshgwV_CocetxSjXW8b98is1nufoUEiPbuqaRIQdgjOLeSl5459R7LZzUIBjju3rKiwVlrQ-b-er1zoc,Lakysha Wilson,https://play-lh.googleusercontent.com/-KPUWN0-MPG4/AAAAAAAAAAI/AAAAAAAAAAA/AMZuucnhc1Q86JTB8dXCbKZLblIC7aqJjw/photo.jpg,"I downloaded the app and it wasn't allowing me to connect my account tried for like 3 days and finally selected contact support.  I sent an email and within 5 minutes I received a response,  first it was the basic trouble shooting and when that didn't clear the issue I was directed to call a rep, and he took me straight to the problem and now I am able to log in. Customer support/service is EVERYTHING to me.",5,3,1.15.3,2016-08-08 19:36:52,,
gp:AOqpTOE0pwuprTikMFXJXsiJ3W_a_wUc0ZIJOOgCg0mjLTSBTbv3L4EtWpAo9yVpQdTd6Bf-_ExTfu5wKfNdozQ,Betty Martin,https://play-lh.googleusercontent.com/-OFivMizuJvo/AAAAAAAAAAI/AAAAAAAAAAA/AMZuuckj6S3thgZgauJAki5qg_Ra0LX9VQ/photo.jpg,"It doesn't work for my card, and I want my refund back. A bad app like this one, It should be free. The app isn't worth $1.99",1,1,1.15.3,2016-05-02 13:37:28,Hi Betty......please contact our support line at 631.610.9635.  It is always better to contact support instead of writing bad reviews...,2016-08-28 18:43:17
gp:AOqpTOH9wbwuARfdF0aav3pXOHpslgnnWUlgRzA4zLDOm2MtN5NP-IdQL_zOnqOEC558H7N3iSiWYSxP6Itl8jw,Donzetta Crum,https://play-lh.googleusercontent.com/a-/AOh14GjfkkBPRja3jRjiz_2Nu7b_pTJRlbgqJ6jZzutsmA,"I have a open account with eppicard and this app has been downloading for two days now, it has NEVER taken this long to download an app. I was charged for this app and it's not even downloading properly. I'm requesting a refund immediately. I feel humiliated for even trying it out. I know I completed the task as required and have given ample amount of time for the download to complete. I guess you get what you pay for in the end. I really tried to be patient, but I feel like I been cheated and scammed. If it's something I did wrong then I will offer my sincerest apology, but until then that's my true and honest feeling about this app. If someone fix this problem I will be more than happy to change my review, otherwise please refund my money back to my account and let me find a respectable company who can supply me the quality service I deserve as a consumer. If I'm coming off harsh I deeply apologize, but the disappointment is over bearing. Thank you for your time in reference to matter.",1,0,,2016-03-29 09:30:30,"Hi Donzetta...your download issue was not with the app, it was with Play itself, your phone, your carrier, or connectivity in general......please contact our support line at 631.610.9635.  It is always better to contact support instead of writing bad reviews...",2016-08-28 18:42:59
gp:AOqpTOHtOuTj3_Xdo1UXID6o6tYvW84uLlhOWPe3dJ-io3NsjCr_sLBLWck7FMuuYtjsxPqYsqRWWBVGyWgEaaU,Roechel Robinson,https://play-lh.googleusercontent.com/a-/AOh14GhfXg6r62cm00GhIMawCsohCZS_bVF0PP5xoG5THg8,Wont work for me now. Keeps saying unknown error,1,0,1.15.3,2016-03-07 03:18:21,Hi Roechel...please contact our support line at 631.610.9635.  It is always better to contact support instead of writing bad reviews...,2016-08-28 18:41:59
gp:AOqpTOG32ICpRqZKbOTOr81m309rUtBCHuFk_S-7cP2P2kqwQkii7hxJUUiKyCns8J5FbvA2eGc0O0DKLjHF9-c,ashlee Urconis,https://play-lh.googleusercontent.com/a-/AOh14GiLK8Vm-JhZQIXsUr3w0kbC5yaJzgl7Mtd3T3DL,I paid for the stupid thing and it don't even work!,1,3,1.15.3,2016-03-01 14:32:47,Hi Ashlee...please contact our support line at 631.610.9635.  It is always better to contact support instead of writing bad reviews...,2016-08-28 18:41:40
gp:AOqpTOHJ9hbN2dey_NGy96bXY-RveZD6RrfviBcXswi-qZ-K3OrjYqlD3rg0cKZuA-1z_1Lk07C0L-mKNS7zKjM,Angela Diener,https://play-lh.googleusercontent.com/-l6ERwojSa2I/AAAAAAAAAAI/AAAAAAAAAAA/AMZuucnxBeW5aLQNChDb1wnVh8xOv-NpwA/photo.jpg,Can not get it to take my password. I have reset it three time now,1,3,1.15.3,2016-01-14 21:03:37,,
gp:AOqpTOHF-ypT7zCy52donUIqlj5LnKXKrOP-3n3Zm8pS5DwGfilHXGk3OkyxmuSCTNg3m1wdHZUAdEuc8YpA0qo,Ebony Sime,https://play-lh.googleusercontent.com/-g_BTiasjQhE/AAAAAAAAAAI/AAAAAAAAAAA/AMZuucmmqTR-JvjIMSfPZ0Ntvhe0UdLEuQ/photo.jpg,I just start it but everything i bought and my balance was correct so that's awesome i got tired of calling that card and it charge me to know my balance this was a great idea!!!! 😃😃,5,1,1.15.3,2016-01-10 08:50:31,,
gp:AOqpTOHW_6ZIL_nrHkJZBhnG5-A_ngdriHft-MlUu01mWLDPL5DusWbN4W7P86ugTBdu-kMHqcuYWhQy6P6rZxk,Christy Tucker,https://play-lh.googleusercontent.com/a-/AOh14GhoD_vjQuquQcyoLZsJAYSOcguUibWcOuGDVIFn1Q,I live in Fl. Works for my child support card... Easy to set up.. Easy to use.. Very simple,5,2,1.15.3,2015-10-20 23:16:15,,
gp:AOqpTOFki26PaIfnIYWrBGAoMm_QLGZDQDphL1gOyQq9kdsg6JrF6oa7kPfBPxA5L1UJvYA54DY4FuHWXEtflsg,A Google user,https://play-lh.googleusercontent.com/EGemoI2NTXmTsBVtJqk8jxF9rh8ApRWfsIMQSt2uE4OcpQqbFu7f7NbTK05lx80nuSijCz7sc3a277R67g,I just wish it was combined with the ebt app,4,0,1.15.3,2015-10-09 21:15:05,,
gp:AOqpTOFi4lE5LW_5sm7vueD4JqHqegTET2azY5w6tfZDEA4m_i_mn0ZLUdbuopryObHHST_gFM8ENzeFLbqU3dU,Molly Deramus,https://play-lh.googleusercontent.com/-90t_j4ZFj2c/AAAAAAAAAAI/AAAAAAAAAAA/AMZuucnMPNGU7ARHKR4iiV6b8VnYRMp-QQ/photo.jpg,"I lost my password, and Bob was extremely helpful. In addition to explaining how to reset the password, he included simple yet thorough instructions in order to ensure I connected my account correctly.  Thank you Bob for being so courteous!!!",5,6,1.15.3,2015-09-14 20:16:02,,
gp:AOqpTOG_BV9G6mVvInJ2jK-ZaTOaDdrPsbV9NBpvrYSic7DqF-cJz8xqDZOldWw0MMxFVlmo36ZumpIbFbDy5L8,Tymiria,https://play-lh.googleusercontent.com/a-/AOh14Ghv33wH3LZPl67OWafY9MKHYunXYBH0lyKQotvQXg,Awesome. Works flawlessly.,5,0,1.15.3,2015-09-14 05:30:30,,
gp:AOqpTOHyyI2YMc_VguoSut7uoWzWwXF_WeHCVOSEP405mkZ3O1R649y7j9j_Ne9MMEBtNg5n0rqrczRwargSvTY,Lucy Harayda,https://play-lh.googleusercontent.com/a-/AOh14GgGx-QkgiTHguUCtQjeprZV9uDeBstWZ9eWLhdUOQ,"So far it's working great! It helps to manage funds properly, and to check balances after daily use.",5,2,1.15.3,2015-09-12 11:30:51,,
gp:AOqpTOE5bNlpJJfUUsb7isTCjBB9n5m4QkeGkCKqJJ9mz76UvbW1KTMkEI1oM7LoSdMHneeyeGf-ypQ_359aXxQ,Maciel Ramos,https://play-lh.googleusercontent.com/a-/AOh14Gju9aEsO9Hi6eXMILm7YEzMp_zvA16GwuGe6Xwzfg,"I absolutely love this app! I've used it for over 2yrs now, always accurate. I've had a couple of log in issues & customer service has always been prompt to reply (as in minutes) and resolved my issue fast. Great app!!",5,7,1.15.3,2015-09-07 09:20:39,,
gp:AOqpTOHCgFH83hWPjLxSTE21cSND3nv27cwtArWINOsM4BKJN94cAOC_gGOoUFl8XRvG8tQWpm4_sj7hPzdBuNI,Roberta Chatman,https://play-lh.googleusercontent.com/a-/AOh14GhCvjetkRu1IKX1zOQwrdWiUr29HG1OwdYGBnlR3g,"I'm entering my password but its not accepting. Only gave 1star, please fix or I need a refund,uninstalling if not fixed",5,0,1.15.3,2015-08-13 09:40:24,Roberta...please contact us at 631.610.9635 or email snapsupport@rfinder.net.  Bob,2015-08-28 10:11:57
gp:AOqpTOEBVOEi1yQ-nJfAVLqjJrAiIyuJqrhynFAtYsEeaX1xBX895LYDl8I4ItZNh7WjGQoovyjfDUoRbAATPS0,QADIRAH SINGLETON,https://play-lh.googleusercontent.com/a-/AOh14GgeBiHAcfxYJJXZYpyUiO3vYdaB8auYVNpwQ7dXRw,I WANT A REFUND NOW. THANK YOU,1,0,,2015-08-05 21:30:37,Qadirah....please contact us at 631.610.9635 or email snapsupport@rfinder.net.  Bob,2015-08-28 10:12:18
gp:AOqpTOGn8mtVCh8mN_0yBFHvv4nOMdkB84J_CdnrgCyBm0Uuh22KqqBt47J5K8tbPHdeAQwxwW81NcqRKzUxN7Q,Amanda Stengel,https://play-lh.googleusercontent.com/a-/AOh14Gja9XnyFvh0KVowsOWovOlFiMrv3_q8XGYvAhrIJBg,Doesn't work for me at all I type in my user name and password and it says it's wrong I then do it from my laptop and it works!,2,1,1.15.3,2015-08-04 06:14:23,"Hi Amanda...press menu-reset in the app.  Sorry took so long, support can be requested inside the app or call 631.610.9635...reviews isn't the right place to go for support!!!",2015-08-28 10:08:27
gp:AOqpTOFaS7nYRd320W0oMe24atoW0j2AOOosVteQ7O053c84AgUFI6gpr_PPJHdQQHLRpiHF5jqm0_V1exwiFe8,Tiffeny Oskins,https://play-lh.googleusercontent.com/a-/AOh14GiIj7qD7T-tFv1b4PW7Z2gNd2Mmj57AHEfAc3Fm5A,"I love this app! It is so much easier than going through all the logins required by the regular process. I've been using it for a while without any problems.  Anyone not sure...well worth the fee! Great Customer Service. I had a question, just sent a quick email, and someone got right back with me.",5,28,1.15.3,2015-07-25 08:11:21,,
gp:AOqpTOE9oAS2L2Mw8LP4VAf0aptU7TvAoLHuP0y9XNMRA5z9r6e0jLBoxW1ooopUCqtlFv3MlpIPFsjzzdUy6G0,Dana Wiley,https://play-lh.googleusercontent.com/a-/AOh14GhpB9mBRqn88TxRXGMEKsM3pARrD6ciw0y8kf-35w,"I just purchased this app, after reading mixed comments... But I had no problems logging in...I didn't have to go to the eppic site and reset password, which was a complaint for many...I am pleased...$1.99 well spent.",5,4,1.15.3,2015-07-17 11:24:22,,
gp:AOqpTOH_HY7iJoXCcXLm-g52F0c12gfJeO346ueRfTMrZRFAIoawKfjCBYpgKvyzeJXHEFdeeQDGpkymPAWQbaE,Latania Shepherd,https://play-lh.googleusercontent.com/-FAXFSHDdR3s/AAAAAAAAAAI/AAAAAAAAAAA/AMZuuclWhtDwsf_ipTVAD5Q1PO5ODBLpNw/photo.jpg,"Was working good but now my state updated their  program to a different one and now this app does not work for me, I sent email to tech but no word back so I need a refund since I can't use app anymore. If you live in Illinois do not get, it is a waste of money.",1,1,1.15.3,2015-07-09 14:01:42,Hi Latanina...please request support in the app or call 631.610.9635 we have not seen your support request!  Also snapsupport@rfinder.net works...This problem may be fixed alreay...,2015-08-28 10:10:09
gp:AOqpTOFVHmnROe9W6UZEm4YVysW2C9rSS1jNBPWde69iQMPs2aBWVXxmYVxo1vLDscw7s6ZHYIoOEzXwsv7nwPU,Chelsea Schurz,https://play-lh.googleusercontent.com/-gMCgl1rCpZM/AAAAAAAAAAI/AAAAAAAAAAA/AMZuucnpDv7Vs1lrvF7vZeAIfrshRURJXQ/photo.jpg,"I have been using this app for about 6 months now. I love being able to check my balance while on the go. However, recently Utah did an upgrade to their website, and now I can't log on. It errors out every time. Please help!!!! I'm not sure if this will work anymore, so please get back to me asap!",4,31,1.15.3,2015-06-20 14:57:21,,
gp:AOqpTOGE9pMTYNTcuaFWPrJhwzkRukzhmQthZ0cccz0AS-0vr0QF7PgXAaDSCt8HU1ssxiQnIPszRyhmfN2mTak,Stacey Baysinger,https://play-lh.googleusercontent.com/-K2RLamQSTWg/AAAAAAAAAAI/AAAAAAAAAAA/AMZuucn8t4NwlSxxZfi5KDvp2cyYtExJhg/photo.jpg,I am also having issues with the log in process.  Invalid password every time.,1,1,1.15.3,2015-06-20 04:14:55,,
gp:AOqpTOHE4Oa6Rpa1GpvEeCIq2qzDtbuk7vo4_1vEdnkppVRm8GOaLoZuiGwJj7K_825Pbr_OZY0VzQaq5pCbmCo,Kiersta Johnstun,https://play-lh.googleusercontent.com/a-/AOh14GisDwRXDOaNycx8FC0JZRIsZr8hJVFalqDEfTH0iw,It worked well till I got a letter in the mail saying they are switching cards. Got my new card in the mail. Activated created a new account. Then went to the app reset the credentials several times still will not work!!!,2,1,1.15.3,2015-06-19 16:18:16,Kiersta...please call us asap at 631.610.9635 so we can get you fixed!,2015-08-28 10:10:44
gp:AOqpTOH6jDfVAcUWEkw8XXctPZ9UShQCKrp2kILXxThU8_rHEs8AqlHOFfEktJcRt7J_QeWfCL1rwkD-rVv_WSs,Renata S Jones,https://play-lh.googleusercontent.com/-ZCk-Ru6kr_o/AAAAAAAAAAI/AAAAAAAAAAA/AMZuucnQvQ8j34xAl_EEA5Dc3rmoio1Sjg/photo.jpg,"Very convenient, easy access, the sign in process was a breeze. However you have to know your username and password from the child support site.",5,0,1.15.3,2015-05-21 23:35:50,,
gp:AOqpTOGIIljmPLZiM3EyNvdXS0pTYgnBRhikXI8HRr_77GjetGHL6KSViQ2ZqxtKFybiBVLlX_8lngxCijwcHuY,Amanda Gaydon,https://play-lh.googleusercontent.com/-qCup4_HLMeo/AAAAAAAAAAI/AAAAAAAAAAA/AMZuuck9LVOeIYdOUihSqlRL3X98bp147Q/photo.jpg,Love it.. at first it would not work but now it works great.. im glad there is this app.. it cost money every time u call the eppi card.. so this is great..,5,12,1.15.3,2015-05-13 08:18:35,Thanks for updating your review Amanda!  Glad you are working ;)  Call us for support anytime 631.610.9635 we're usually around from 8am till midnight eastern!  Or you can email snapsupport@rfinder.net....,2015-05-21 13:54:54
gp:AOqpTOFeWETIKw0ulI6OK1IIRMfeAbGtp8LLnsRlSSp257H5tNkdjjIb1nXlbp4raxVrAcXDpsj-mQAuAqLPzQE,Lauren McDonald,https://play-lh.googleusercontent.com/a-/AOh14GgEqAXOdYSSoGxHgPvuuXRawgObbc1VHCs0fpQWMGk,I have never had a problem with it. Saves me a lot of time.,5,3,1.15.3,2015-04-22 13:15:37,,
gp:AOqpTOEVzib9_gb75gU4YEXibzfqMKRMuJO04_gu-SFPQ7eW7rs4xId1IV3GqgE7Ccujf6as-ESHHkxCnwACEGE,Coach Perez,https://play-lh.googleusercontent.com/a-/AOh14GiVk0jhXQSZd1xWunSpq-QNpqZuSGe-PV7rRLpMtLE,love the application.!,5,1,1.15.3,2015-04-21 11:51:06,,
gp:AOqpTOHKfkisArZSxg8NpsDX7J-edLtj_DciwQkO37ZcWNth-vUR2XfgnFs0g0s_3REIwyTAuerhafyKxIk4ub4,Amber Strine,https://play-lh.googleusercontent.com/-fQgUy32kMOs/AAAAAAAAAAI/AAAAAAAAAAA/AMZuuckc5uLcwTpP62qe2XlS0lGCABTEuQ/photo.jpg,I had an issue logging in and they helped and all good!,5,1,1.15.3,2015-04-20 15:01:54,,
gp:AOqpTOGIzCDec_iKEgIX0qnGxAYDhUOjFz-P_CIS-2EQieqaYF-UaF7JU-TjSumKnqX49l464yVu0OdRLAZcans,Misty Spalding,https://play-lh.googleusercontent.com/a-/AOh14GiSpqOLC2OAQZAV_TqCHkaPvxFSppy99jQEooMpmw,I recently purchased this app and it doesn't work! Either fix it or refund my money please and I will find another app.,1,6,1.15.3,2015-04-08 06:47:29,Hi Misty...Of course it works!  You must have a working account on the EPPICard system.  Go to www.eppicard.com and login.  Reset your password or create an account as necessary.  Then use that userid and password in the app.  Please don't forget to update your review when done!  Also if you need more help our support number is 631.610.9635.,2015-04-10 17:19:05
gp:AOqpTOEjPj_L0uazDFsiUUE5ur4-uhrAnrSrCXvogY1iHhQw4X5FZu2XEIMYsM6YZc1dH2-w9Z98Ht866FYMlAA,Dalis DeLeon,https://play-lh.googleusercontent.com/a-/AOh14GjkjpyYwcgqJ4HDPl6QnOy1-Lve9Nc4h3gk7qVRQQ,"Convenient, Updates To The Minute!  Couldn't live without it!",5,1,1.15.3,2015-03-23 03:58:50,,
gp:AOqpTOF-_2UGbIk7twUlTfToM4-S_XV8L9nC2_D4i9LYJD_I2CGNBhx2_cETXk3IBGRDuPxwYz8EyGYkVuWiSYk,ISABEL SILMON,https://play-lh.googleusercontent.com/a-/AOh14Gj15W3KtoBkhlnkONL2RnFXiszmG54EBdhHLUybgLk,It won't let me login keeps saying user id an password wrong an it's not!!!,1,0,1.15.3,2015-02-19 17:06:30,"Open the app click menu-reset.
go to www.eppicard.com..
Log in. Reset your password if necessary.
Then put that login and password into the app! Choose any PIN you wish...its for the app ONLY. If your account is locked on the website call the number on the back of your card and don't type any numbers...someone will answer after a few minutes.
",2015-04-26 04:19:03
gp:AOqpTOFRfHoK7fKH7rw6x5d0Xvg4HRmA4EHSav84jprF4EDDCVxmZ-E3wrrgOCC62AHZl540Vky5nWLbTIFDg58,Mary Harrison,https://play-lh.googleusercontent.com/a-/AOh14GjgfGXWbD2wfrpZTE6zUNI1pmQcwzL4B3rDoyxe-4A,"I'm so grateful to finally have an app to keep a check on my child support balance. Shame on EPPICard for not sponsoring this app, since they're clearly never going to allow access to more than three states on their official app. Thank you so much!",5,22,1.15.3,2015-02-10 19:27:21,,
gp:AOqpTOGZ64YHChvjVQ8jAQIPjs-HBfu9vzPJ7K_yyHe1uZXEncJjqGObWGMJuwYC9VuvU1H85oV4nyMqIY-lrnw,jenny landry,https://play-lh.googleusercontent.com/-YZdfx86Zzg4/AAAAAAAAAAI/AAAAAAAAAAA/AMZuuck_2CSLt1ogURKN7GdmmNurpDjRcw/photo.jpg,I love this app it makes life so much easier!   The only problem I ever had was fixed in minutes by tech support!!! :),5,2,1.15.3,2015-01-08 05:29:09,,
gp:AOqpTOH1t6FqEFHr3VH9DvXhH6VEOr3B0fzv0V0heSgUlv3TVIcmYOlPfgv1fX-JcHXKHLfqQq2wcQUMk3c0YrQ,Christopher Cox,https://play-lh.googleusercontent.com/a-/AOh14GjX0_SVTccnnRShJAZgMrWHVhXfsfALJPj_uJgefQ,No problems what so ever. Great app!!,5,1,1.15.3,2015-01-05 07:33:07,,
gp:AOqpTOEh2hYhLu9y9ybdzBOGts6AWZogmd3CtEBh27n3_AzCl7JPm6YoffVsgy-F2tQvoMPuiCOSSLZyAHF4MWc,Julie,https://play-lh.googleusercontent.com/a-/AOh14GjebfSotlHXL924ZWTg93T4yjU24mdnpCnnt6GH1w,Rarely any problems. Love this app.,5,2,1.15.3,2015-01-04 15:19:12,,
gp:AOqpTOFEYMSMY9iPifKd3mO8XRIvdOPdCW3ds-IqGjvF7cnewL_rmHcv00cAaRpKF6-Mt1FNw3O3c6QZAzZk1TY,Kim Hodges,https://play-lh.googleusercontent.com/a-/AOh14GgKIy0VlHlcca7OK0ZNQz1W6XLVnrXDIickmMlUDA,It works!!,5,0,1.15.3,2015-01-04 04:14:50,,
gp:AOqpTOE7BngFi4yWUZ3MVNR0_PtZec_H28Z4-nZPESdiEF5HHreNCz6k74Y_UBm14wOtXcdf0YORiBqmBE8ow4U,LaDinnah Glast,https://play-lh.googleusercontent.com/a-/AOh14GgdE9tUWSKhw0S04L9nYTIfZHRLJtSFQ41ZrO7okQ,"It won't let me log in it keep saying involved pin, please fix I am in virginia",1,0,,2014-12-17 22:45:52,The app is fine..go to www.eppicard.com and login.  Make sure you can see your balance.  Reset your password/PIN if necessary.  Then go into the app snd do a menu-&gt;reset if you do not see the state list. Put the same login/password. In the future you can email support from inside the app. Please update your review after you are working.  ,2014-12-28 13:16:16
gp:AOqpTOEbGH63-rn_HOwXeOxWHmEVCv3RfVbDGOzsKWRxobONtJ2eKJ6vO6DDLvTVnN7UdoBg5TEm0NVJrwRTGSA,Tinè,https://play-lh.googleusercontent.com/a-/AOh14GihIBJTk1CAK6lN_dA7xpg0Y1yqD6wWs1whn_DaSQ,"This app is great and it helps me keep up with my daughters support payments.  One thing I noticed is that it cost 1.99, but my iPhone app was free. But yet and still it's very useful so it's worth it. Thanks💋",5,2,1.14.59,2014-11-28 11:22:10,Hi Tina...tx for the kind words...the iPhone app for EPPICard is $1.99 but you probably got our SNAP App which is free...,2014-12-10 05:08:38
gp:AOqpTOG-WzopoJt3HLzEf16Aol8pCbtSBtFqCnEU3u9ZXBJ6rn09R7_xKly3d8EkYVb5cIFriK7EIDjzw9cDCwI,Mom,https://play-lh.googleusercontent.com/a-/AOh14Ggk2QumiGJwPobbr90w9KQ-M1kcNy_WtJMKOCSd,Love it,5,0,1.14.59,2014-11-07 13:46:51,,
gp:AOqpTOEzWsfDYHnkSVd5j3eH40Fv_Xw0MnEbgHPlI50wJjL018C8M_-16KWyJ0QTeF9IKEj5uxpvxXaakYzZjBE,Jesse Greenberg,https://play-lh.googleusercontent.com/a-/AOh14GgCYBtzqDOLoAWGPMqyqlH8ZPXIV4X5nOMpafPFiA,Just works!,5,0,1.14.59,2014-10-22 09:36:08,,
gp:AOqpTOHtHr3tW7CFcSRIrrYIgg2BxUI0T69NbDf0nheu8sP6wrhFo3RIkt2H7DVFPN-5QeiPeRIzXGQuB6TcbtI,Erica Nuszkiewicz,https://play-lh.googleusercontent.com/a-/AOh14GhhK198jY7BBfCzgIF-Q-eKxRXp5w2l1wwnebMFI0Y,Thank You ! ;),5,0,1.14.59,2014-10-13 12:33:09,,
gp:AOqpTOEgd6siXoQqnrx9W0MttefAYvPF3lun6aW2JACPxaohW2kccWUT9SQfvZLloQIqrUlfr-77r2F4kjv1BP8,Carla Dumont,https://play-lh.googleusercontent.com/a-/AOh14GhGf2XgSYImsjgi8UWzoIk6_vnPTsqI089ZhFa8pdA,I've been patiently awaiting an app for Texas and/or all states and its FINALLY HERE! No problems as of yet! #HappyGal,5,1,1.14.59,2014-09-28 21:48:09,,
gp:AOqpTOEKkldrGF_MskHGrdwLqWH5cvWJLQupQvynlzlB8FtrUVetMVH9XvfKTaVLyCDtQC8Dz5Jao-Bt25H5qyY,Elizabeth Negron,https://play-lh.googleusercontent.com/a-/AOh14GiPvxqGtZhkexlm_52yKgnIQokN1qQedAwRyAl_2gk,"I've never had any problems with this app until now it's says login failed unknown error: if you have changed ur password on the website please reset your credentials, but I don't even go on the website. Please fix this!",4,0,1.14.59,2014-09-25 15:34:49,"No you don't understand...you MUST go to the website to reset your credentials! Then in the app do a menu-reset and put in that username and password. In the future, contact us directly for support...its much faster!  w2cyk@rfinder.net or 631.610.9635",2014-10-19 17:38:21
gp:AOqpTOFL_qARB7uUBo17esDdwaV9gP_3A6z74KbNT8mgqiFN3_BedakT_RpY2JX5ZXlEkCdNRp09c4HEG4Nit78,JENN Emigh,https://play-lh.googleusercontent.com/a-/AOh14GjAA1lbjAJSFGe0TtD41tQEnBaE42_MiBqv9xWS4Q,I'm very proud to have this app before we didn't have such a nice encounter so I recommend this App to anyone!,5,0,1.14.59,2014-08-29 04:52:17,,
gp:AOqpTOGWfUDwvnCUoaIgPivlnB2tNyrOlOAf29XLrmcmtyaCB5VUdQcPJd3z0AkokE654peqe4HWNwIxiwPrj1k,Shelly trader,https://play-lh.googleusercontent.com/a-/AOh14GitCO7Qh2Vf9B_DFpwUYKYuEFTRoZhJithKL_Zf,"This application is awesome and has great people running it, I had a question and the emailed me back very quickly with a helpful answer 😃 great job thank you",5,0,1.14.59,2014-08-27 07:33:55,,
gp:AOqpTOF7E5JxSVetWLQ3q2vz7rhPP3YVir2b6eHazIkn4N85I0w7hP15d-XGrP0D2a7FK3Or5VsLIybUt4JtzNA,Debrah Hansen,https://play-lh.googleusercontent.com/a-/AOh14GgfJ9nQADp9juds297KKBtXXiz803tZvSpPwyI9cQ,I left my first review on the 18th of this month and still no response!!!!,1,0,1.14.59,2014-08-23 01:55:48,"That's because this is not where you request support...Please contact us at 6316105120 and we will get you refunded in a jiffy!  BTW Leaving 1 star reviews when asking for a refund or help is bad form...however, np we are here to help...just call the above number asap.  UPDATE: We refunded her money and she did not update her review...very nice.",2014-10-19 17:40:14
gp:AOqpTOF_yyC6_MaHnyO9m533276jcyBgu8Gp8IAhvtZiz4a-wxahM3a7IEjOMPZGkJMbe3y8N_ufa9VHGLni-6w,Chrissy Alana,https://play-lh.googleusercontent.com/a-/AOh14GjcOuyyWe5vRDo3bOo8JLu-abtStEjreOWpWFQTTg,Love this app!!!,5,0,1.14.59,2014-08-09 16:02:58,,
gp:AOqpTOH92459ElXUjHAun0lw3vaWTV7JSEqbMkwkdkCub2f30B9Ul0Chj-ir40Mdm5RQ2-lpF-vKHSxQAG0W7Xo,MJK MJK,https://play-lh.googleusercontent.com/-B_7M2hm0QXg/AAAAAAAAAAI/AAAAAAAAAAA/AMZuuckmmfF2O3lvbvmHm2nv2x7_p5_EGQ/photo.jpg,Awesome app..Mr. Bob was on point with my problem that turned out to be no problem..,5,0,1.14.59,2014-06-08 16:37:50,,
gp:AOqpTOG4IkDpMXV2JAeu41rQROjzxDdCssox8gbgXer8D2fdozXqVZFSy5mUu5emM5Whicek2NkBjPoaElbKdhg,Erin Gentry,https://play-lh.googleusercontent.com/a-/AOh14GjHxWgrMCBtEQ1tYZkONDi2hrkNr8RTt4fShc3L,"Finally!!! I hated having to go to the website every time I wanted to check my balance and the ""official"" eppicard app is only offered for 3 states... none of which are mine. Thank you! Thank you! Thank you! This app is the only part of getting child support that doesn't come with a headache!",5,1,1.14.59,2014-05-27 14:13:46,,
gp:AOqpTOF25FJjCiafWxfxl3YXuanUwMHF83jFNEVL1FkYcF2K7MQn47C89QN9-OJlAyM2SOuf5wlPklf1j7ryWFg,Stephanie Cook,https://play-lh.googleusercontent.com/a-/AOh14Gi4XTJaghYRF287VW34RdnfPNvgcFSuH7_kROC0DCk,"Love the app. I have the Galaxy 5s, works awesome. When something does go wrong, (I change my phone) & I send an email, they respond quickly with email or call. They have great customer service over phone too.",5,3,1.14.59,2014-05-18 07:44:34,,
gp:AOqpTOHTpVGXfdfGAz_m6S9w1c53e_wr46EkPs8FJcV24oMEBEwVOXJYFic6unYiRMPbtDi1uJDLPDpShW6qUtk,Veronica Chavira,https://play-lh.googleusercontent.com/-4U79qUFfuLg/AAAAAAAAAAI/AAAAAAAAAAA/AMZuuclNXoHvHhMup_HglnzTij2zkautkQ/photo.jpg,It shows me my balance but I can't see my statements.,1,0,1.14.59,2014-05-16 09:36:43,Hi Veronica...this was a problem with the Texas portion of the EPPiCard website...we have fixed that...please change your review if you are ok...if not email w2cyk@rfinder.net for support....TX Bob,2014-05-24 18:47:03
gp:AOqpTOH02g8Fu-1ImYn7Vh0Fh7XkcBaDkx6eUm5womyZFKCZVIhGx8TfeRLrOEE-NL162gbytLV_Y9z-aBPfcLc,Vanessa Renee,https://play-lh.googleusercontent.com/a-/AOh14GghRzuyktbJ-E6n9k-sPsGH93rEOh6YK-wJlz22rFk,"Used to be able to view statements, but haven't been able to for the past month. Please address this issue.",3,0,1.14.59,2014-05-12 14:10:30,TX and WA are now fixed...please update your review if you are OK...if not contact support w2cyk@rfinder.net. TX Bob,2014-05-24 18:46:01
gp:AOqpTOEj2Yg4olLZWORM8lrzQTe5_rqmt6dLqGgUNCHSQUV3GULnZxcofRmZubX2Gwu5KubYuQqlHB54LWN0vdc,Stefani Jones,https://play-lh.googleusercontent.com/a-/AOh14GgWrI8IcgpUff3UTgyAWEv1hYkM3hie-1i20B1r,Have been having problems trying to view my statement for the past three weeks! Fix it!! Bought this app thinking it was going to work and now it doesn't. Not happy.,1,0,1.14.59,2014-05-07 16:25:13,TX and WA are now fixed...please update your review if you are OK...if not contact support w2cyk@rfinder.net.  TX Bob,2014-05-24 18:45:26
gp:AOqpTOEpAJ7EoAhaCfLU-CA30xNYoKsc5VKH7AobkBqFVRkOQuuj_XZimZ610y87vny0tFrKyqKys7e5NMYG5h8,Melissa Butler,https://play-lh.googleusercontent.com/a-/AOh14Gi3mexcdG8ahiab0UDesYiMivNphnDDdEtBPuUfVg,Would be nice to view my statement being that I did pay for this spp.!!!!:(;(,2,2,1.14.59,2014-05-07 11:28:20,TX and WA are now fixed...please update your review if you are OK...if not contact support w2cyk@rfinder.net. TX Bob,2014-05-24 18:46:35
gp:AOqpTOG7Y91Z0RsWEYVv3LaxVwW8EwgreDwCSuAKpDjUpawrS297dP3jAhSDdrJuF1KI86zyVnne48HeGLTPU1k,Mariana Delgado,https://play-lh.googleusercontent.com/a-/AOh14Gg_NeHJwgPAJkCpJk512ggyA7ozy3QFUhHVUnMuxUk,"It was working good with no problem, but now I'm trying to login to my account and the application forecloses before I'm even able to login. Please fix this problem,",3,1,1.14.59,2014-04-17 10:06:04,Are you working again? The eppicard website was down causing your issue but it has been back up since the 18th...if you still are having an issue please contact w2cyk@rfinder.net or our support line 631.610.9635,2014-04-25 15:07:14
gp:AOqpTOFB8yrVscYYgD3PkeC91GONfaer6giGnxXY_6RIjO5NisrwLMWJWNAKCk74117HVOI6jwUrXZypP9JRqOI,Bruce Dullea,https://play-lh.googleusercontent.com/a-/AOh14GgC3JJWkYeeh7UwV_yplvdpnmMoTnH2K2jHh6fQFnE,"Haven't been able to sign in for 2 day's.  App not working right. When I first installed it 2 days ago, it worked fine. Now it won't log me in!! Please fix, then I will give 5☆'s. Thank you.",1,0,1.14.59,2014-04-16 12:57:14,"Bruce are you working?...you should be fine now if you are please update this review!  If not, call our support line 631.610.9635 or email w2cyk@rfinder.net",2014-05-14 18:28:59
gp:AOqpTOGk6MIfRkFI2U__zBoEUqwy--NFEIW21tc17MrG39TTS4NRrfr4DmlelY8Cr2JeZfgVpxVSPr28rmGifJk,Ockeeda Pierre,https://play-lh.googleusercontent.com/a-/AOh14GiJWiR5ge9iYucMHnBm9XEg2PbYL8P11i4I-QBHWA,This da best n cheap way,5,0,1.14.59,2014-03-22 20:49:32,,
gp:AOqpTOFT8zhvKaSL54LCkQHkrsCbsGskyrz4BL_6CSNnfMrM5iMGaOBg1oT7A-XmqRuNShIUkpgCGr1-4581v50,Eyvonne Bowman,https://play-lh.googleusercontent.com/a-/AOh14GhSeboiA7Z2o3yGRNWUm6-lq-0LXYUGcBiEH_IrgQ,Works Great,5,0,1.14.59,2014-03-18 20:29:15,,
gp:AOqpTOFFpo_ZvR-enVbAqUiBvig5iUZpTgVr8aILKXYvTBoDslzeA-69H5EKNtRVf_XRu2OQCEgxzY-BW7P4P9E,Gina Bryan-Parejko,https://play-lh.googleusercontent.com/a-/AOh14GiWMW1paXtbJ77LJmxL6Fcw0WgF1wWhtqqMvlBO-w,,5,3,1.14.59,2014-03-18 20:24:15,Hi Gina...EPPICard has changed their website for some states.  We are working diligently to get this rectified asap.  They did not warn us.  Please contact our support at 631.610.9635 asap.  We WILL get you fixed up.  Tx Bob Greenberg,2014-02-24 19:41:25
gp:AOqpTOE6G2NA_rptOj74da77iODoEcp6Mid5hSghcF2t_WyQ7AQ8xblXILla54o2VHzEe73AYKuQjrCm8DSI3bI,Linda mayer,https://play-lh.googleusercontent.com/a-/AOh14GhsRh5pe7L5xEwheme7tQynM04n99k3pyELXnwK_Q,I am giving this a 5 star for this app is wonderful thank you Bob for fixing this.  :),5,2,1.14.59,2014-03-05 06:58:21,,
gp:AOqpTOHHHlu1ikksXcJMf0qVaidqbdoVfxGoYUV9JdcY0JrLrtepW8MbJ7iwz6pRPXBWOiCogvmLiXLUfSoVhbw,Liza Vazquez,https://play-lh.googleusercontent.com/a-/AOh14GjGSGGAJ5FiWP8Y05D3_Sh-I0qOrMJVvTKGmxf5ey0,Great app but suddenly it started to say wrong password. Please fix.,5,0,1.13.347,2014-02-27 08:53:40,"Lisa...please email me w2cyk@rfinder.net so we can help you!  Or or support line is 631.610.5120

Bob",2014-02-28 11:55:09
gp:AOqpTOH52vUeFeRp41s9K0Lno_1_F_Jj5w8vcy4RxFirOjmCXvTynsv1trTmIQoE6aUAeZ8nYyfLq8yPMFKbrDw,Michael Dolan,https://play-lh.googleusercontent.com/a-/AOh14GhHczcjcQJtcYmkglvbfdSGpINWGkNzKMbEwx4B,Even though I am only going to be using it for about 2 months it is well worth tb He 1.99 after reading some of the other comments I have to say im shocked to see that so many people have been using a eppicard so long. I hope it was for child support and that these people havent been unemployed and collecting for that many years,5,0,1.13.347,2014-02-24 10:18:48,,
gp:AOqpTOHp6qDll3MIGNA8fIZLoCwk3dub8OykacY2GdLsL5TSgwABFOeJ8bZdhVKQli5wnttm3bdhDpIKRnYHx2g,Rebecca CKB,https://play-lh.googleusercontent.com/a-/AOh14GgOTEoUd71U3Jf1ClrvHw4EVUSP8GKwwBvr3s45zA,So convenient. Works like it says. Need to change years from 2010-2014 to 2014-2018. Keep up the excellent work!,5,0,1.13.347,2014-02-19 09:10:39,,
gp:AOqpTOHEJ0pr4HPFu0x0c_DcNNuF3a1sr1pgq20xYB9RwrcHV7S_mwpOujTWHAE1LK9tCg-JmCwtocSU_qYgkhY,margie torres,https://play-lh.googleusercontent.com/a-/AOh14GicnCSnZbBeC1kR2RIMRMKXUkTGi4GuHjRM-Hjw2FI,,5,0,1.13.347,2014-02-16 10:46:47,,
gp:AOqpTOE7BhrJ8eOjEDFXCeFGDJbNILzLf0RC_x8XK95kdolQlguxMP3wTi7S_3Mb1SHXR13YdrH6xJ5taBKLFhE,Rebecca Rangel-Hernandez,https://play-lh.googleusercontent.com/a-/AOh14GhNuh3P1Eu0eRo1AeoYfesD434rFlr7ZT3AfN-yjw,It even gives me statements from 2010! Thanks for making this app... saves me time by simply etering created PIN.,5,0,1.13.347,2014-02-12 06:02:03,,
gp:AOqpTOEmswK5nelJUl_OTZYNY3sYowP2Ryg-ijJXA-7s6xT7jzPuPV0p--aEyHD_KEySL5ISndQnUtmNabcaq0E,Tiara Fields,https://play-lh.googleusercontent.com/a-/AOh14GgEX7gBpqbeUSQYC7Gl5MZKNDh0_vpmluaffYc-xg,Thanks for the help and support even on a Sunday this guy answered all my emails and phone calls thanks again for the help,5,0,1.13.347,2014-02-02 12:53:41,,
gp:AOqpTOGc5XZndO3tImeCdSEjz7nNoOZ_DvFIFAXT8BgnzPjoN3YbvGTrxL8gOhciLenwKazVRNwOwfVY_HnxEJM,Tia Moore,https://play-lh.googleusercontent.com/-zS2J4x23Yk8/AAAAAAAAAAI/AAAAAAAAAAA/AMZuucmdb5GYPlpouyeeZr4X-9Tlk8UDAQ/photo.jpg,Great app!!!!,5,0,1.13.347,2014-01-23 17:18:45,,
gp:AOqpTOExMYQ1mGvbf0EXPborhqTPqLxmGrR4uMrI-0PD43tc5xhG5WpeIV64g6-k_WrplpF6y8JlU_ewOi6byMg,James Murphy,https://play-lh.googleusercontent.com/a-/AOh14GjInO608hXEkGJUpcvF9wygEdDK4EGjBd4-Tpg7Kg,"Works perfectly. I gave it 4 stars instead of 5 because of adds. But I understand the need for them, you have to make money some how. Great app!",4,0,1.13.347,2014-01-17 08:43:47,,
gp:AOqpTOFLSFdcq6GOebwASazgb5eQobBLNzIm8p3Xg94_8nRRCI95rG23y-eerJdzOIxi-qUZaK62nk3kBKe3vbM,Amanda Myers,https://play-lh.googleusercontent.com/a-/AOh14Gj32MUKlDrqTViwZVkqtteRyjKL7I2lgXtrCbC0UQ,"I use my phone for literally EVERYTHING.  After getting used to checking my bank account and credit card balances on various mobile apps, it was a real bummer to realize I couldn't do the same with my EPPI card.  I found one other app on play store that was free, but it was only for certain states (and wouldn't you know, none of those states were mine lol).  This app is well worth the 1.99.  Setup was a breeze and now I can keep up with my balance and transactions as easily as I can with my other accounts! :)",5,0,1.13.347,2014-01-04 06:59:49,,
gp:AOqpTOGV0gbcLDRgEPN9J8WVCyDzd6wfdGj-ISzSbYxKa1eEpm4hLakL6EsqNCWbSvx1yxqDhB3yDYZPHZkkgys,Jackquelyn Lewis,https://play-lh.googleusercontent.com/a-/AOh14GiapNXg2-izDuGbwJKTwYoSLKqGS9_4i9OyTzrUCg,Very convenient.  I love it. NJ is listed.. well worth 1.99,5,0,1.13.347,2014-01-02 11:51:54,,
gp:AOqpTOEuoR73_pPDtaBOujx936PxHh2kr8ppZ-SO5yZgkdxbxZTVYaMhywQbW50X_o4s9_Km8uGckqgLM1kJAgI,Brandi Nixon,https://play-lh.googleusercontent.com/a-/AOh14GjoH5o0qwfNVwoN4eSvRCd9ygKzA9ZJFL4pYjZl3gs,Love it and very handy.,5,0,1.13.347,2013-12-24 06:25:38,,
gp:AOqpTOHbc3wv9iNZR3f8dI9lEpw9Wg-52rBJomPuQ9r9CIv7gGzjp7NSuu5lA906L_pQp9ycKjS5I9SJ0pE-cqE,Kari Eilrich,https://play-lh.googleusercontent.com/a-/AOh14GiGlUqrWGgIQ7b5ljDp-leqt16P1urq0XfN3DnF,"Once you log in the first time you create a PIN for easy access going forward. I found one app by EPPIcard that was 4 dollars, whic I thought was too much. 2 dollars is definitely worth it! Thank you! :)",5,0,1.13.347,2013-12-13 07:12:36,,
gp:AOqpTOHw6meTuWhOIDncquZ5_4vwWLcrkgLaT2IBHPiJ9ZS0Fq2w0ESf90EDXausfxFxrymwEG12YlO8HhKwyGg,Danielle Phillips,https://play-lh.googleusercontent.com/a-/AOh14Gh-1X39rU4EysEPGhwU2pOv-Jas8qXqaJKpW-zaoXk,"The only reason I don't give this 5 stars is because after the recent update, I can't view the summary of my account. Fix this and I'll give the last star.",4,1,1.13.347,2013-12-13 06:10:04,if you are not working yet please contact Jesse 631.610.9635!  We are committed to having you at 100%!,2014-01-19 18:59:18
gp:AOqpTOF2jHTncszL2i9jzOz7R6nEoAUntkXp0NulWVzVTrXxG48I2O7ayOYUGk9RwjzGDoCBMHJvBqRZzRrAif4,Monica Tanner,https://play-lh.googleusercontent.com/-DJlicyI-dJ8/AAAAAAAAAAI/AAAAAAAAAAA/AMZuucl-hLOtrEZHc4gB3linxIaHMddY_A/photo.jpg,Very Happy!,5,0,,2013-12-11 10:05:01,,
gp:AOqpTOGKSHuVTrcMlVg4Ic3niFiOItwX6cJiRpYAU-ciithmzCZaMGKUYVLgLUeCShM9OXGOWeGP3lxnMfaWlLU,Patricia Ramos,https://play-lh.googleusercontent.com/a-/AOh14GiNA_4mK91fcDzqLYzjv6vWCltT1UcSTAZQ5_Tx2Q,This app is awesome! I don't have to call for my balance anymore. Perfect for a small fee..,5,0,1.13.284,2013-12-09 15:21:21,,
gp:AOqpTOH2ae6DuEv5fNuUnK7V3ME0FSstgCYnrv-i32rAIBRR4Bbbhritp6lUCZWzy5a98F-lmcjn73kvUvnlItM,Marilyn Whedbee,https://play-lh.googleusercontent.com/-6jfaCB0eZ3k/AAAAAAAAAAI/AAAAAAAAAAA/AMZuuclCVW0Xlh1atlcfuVBwaqDJUuqo_g/photo.jpg,Fast and easy. Super convenient. Always accurate. Works perfectly and definitely worth paying for.,5,0,1.13.284,2013-12-08 23:59:34,,
gp:AOqpTOHW_ROkSa_bAjmfR3xVLDbkYdlhxW41uFhyyHM4SWgxpMEFCnqgyPqSWCh_k1ZkdQHjel9W3pt5Vt6el4g,Christy Backus,https://play-lh.googleusercontent.com/a-/AOh14GgUPHDD9YwmxKuGTbFSSdcXM1Kpi3VkuiQadViM_A,Its so easy and convienant  thank you,5,0,1.13.284,2013-12-03 10:20:12,,
gp:AOqpTOFYTZosArSEY0mLECCosFUwTf8fPy_m4m1QxOY61fp10fa0SA4WONbqcPzaEEY4DMYPkPlzPFoaeC_uZIE,Fred Ynclan,https://play-lh.googleusercontent.com/a-/AOh14Ggx7grc7aztbSaYnFgIPJj-jW3t4-zTlAlXPTKYtQ,This one is worth the $2.,5,0,1.13.284,2013-11-22 08:35:34,,
gp:AOqpTOGbMkIpIdY2-913uOS8RTlvELRfbV6cbIWkY6FFtUcvosX6ucqVp0hksxzaNKzG6iTDG4gwfX5_YG9nbOE,Katherine Wernz,https://play-lh.googleusercontent.com/-BbUoSo0Py7M/AAAAAAAAAAI/AAAAAAAAAAA/AMZuucnPqEpy46RCST-a2z1UpzXYHCacbA/photo.jpg,Simple and fast!  I'm in Indiana and there's no quick way to check your child support balance... this gives that problem! A very useful app,5,0,1.13.284,2013-11-19 05:01:09,,
gp:AOqpTOHW6fXLZoXq8lUBGdgU2DAX72neFPamXb04H4yttYTjlLbxrcXNQGl0BmYgCdNfG-IVLq10j4IWjm9UHfE,A Google user,https://play-lh.googleusercontent.com/EGemoI2NTXmTsBVtJqk8jxF9rh8ApRWfsIMQSt2uE4OcpQqbFu7f7NbTK05lx80nuSijCz7sc3a277R67g,"I was skeptical at first, but well worth $1.99!!  Once u set up your account, it couldnt be any simpler!!",5,0,1.13.284,2013-10-14 00:32:09,,
gp:AOqpTOF7YvlTfbXrZf9cSbTsJyR1BKoM7CtgedGbI2fYJI9ngvFlPL32nPkzew7zOQJftgGeJEkPZ_LqjCTUhNc,Marcey Beeson,https://play-lh.googleusercontent.com/-1mcg16Yp1QA/AAAAAAAAAAI/AAAAAAAAAAA/AMZuucmuHVPXcYyNwBHj9mkAlGRCnaWQ8g/photo.jpg,Bob thank you for fixing the app for my phone. I really appreciate it very much. It works great!! I love the app. Beats having to log in a web site. This app makes it easy to check my balance. And it's quicker . REALLY LOVE IT,5,0,1.13.283,2013-10-10 11:26:42,,
gp:AOqpTOGuovu0GZDv2eFPGoDOU4VA7lgB5D5v-b0Kp3PrcW_zNfVzLMSmWBw6-OJoXHbwyW4cPosgBDDC5I-LVi8,Shantel Watson,https://play-lh.googleusercontent.com/a-/AOh14GhPQu1_oe-eG3JlyOwuGAZvAJREex-9igLOdyd66Q,So annoying!!! You always have to login twice. Same failed login every time,2,1,1.13.253,2013-09-29 22:25:44,Hi Shantel...sorry you are having an issue...we answer all technical support requests Please click menu-&gt;SEND TECHNICAL SUPPORT REQUEST and we will help you.  You can also email w2cyk@rfinder.net or call our support line 631.610.9635  TX Bob,2013-09-30 03:57:28
gp:AOqpTOFNwv0ua3Wbwwa4q5KYUqOM9T1pdq14UiDcdktpGZgkN4sMvjCfbivSOZKYVp9PwNmk_XMML5Rxxfxf95A,Kayla Lawton,https://play-lh.googleusercontent.com/-ShveMNHRjXI/AAAAAAAAAAI/AAAAAAAAAAA/AMZuucn0JU2VdwTDlp0a5CDXMk3hBeUUow/photo.jpg,This app has always worked perfectly but I have redownloaded it on a new phone and it tells me my info is not found?? HELP PLEASE,5,1,,2013-09-17 16:36:18,"Kayla (and everyone)...
The most common issue is the password at EPPICARD website expired or was locked.  When you are having trouble logging in, the first thing to do is go to www.eppicard.com and check your login.  Reset your password if necessary.  Then go into the app and do a menu-reset.  Email support w2cyk@rfinder.net or call 631.610.9635",2013-09-30 04:06:03
gp:AOqpTOHT0oUkoI7TlsGs3oJGYAlW8ut7Cq31AsmQAcgR_gJEbDOBCZSpJc1AwU8xGXZk1yH4gn00hmEDiTWckGY,Glafira Pena,https://play-lh.googleusercontent.com/a-/AOh14GhK7g3i8b36rfr1y5h6_9XsCXHdsYe74ORCrMPHZg,Awesome app...,5,0,1.13.253,2013-09-14 20:51:47,,
gp:AOqpTOFiPoEVW1aFpakRuRnsmCs4LKm3gNY07zvX7VxIbulOR8dk9yQwsy7J693teVKA_rnsfaDhYaHakhfJBWY,Heather Hannah,https://play-lh.googleusercontent.com/a-/AOh14GignfzZifVOBOCfZmbq3dzbwOWIqwZLdsYf8zFFdQ,About time someone did it :) Why does it have ads? Now can you make an app for the social security disability ssi usdirectexpress card?,5,0,0.13.29,2013-08-30 17:03:22,Hi Heather...Please contact me directly re SSI USIDIRECTEXPRESS at w2cyk@rfinder.net my direct number 6316105120.  TX Bob,2013-09-09 19:40:34
gp:AOqpTOGgesSlzugxTCcv9vb3p8z98q_IPA2xuTtFtY4QgX28S9UKKwTb0Pj1N_8PnqswA4dV3wAHKRmchL-kzEE,.Crissy Booher,https://play-lh.googleusercontent.com/-CKyPJKmgeyI/AAAAAAAAAAI/AAAAAAAAAAA/AMZuucmlR6-HU2P_vTwA--9KDAIbZwy5AA/photo.jpg,I love this!  I can check my balance quickly without having to log into the full site.,5,1,0.13.29,2013-08-26 11:52:30,,
gp:AOqpTOHL_rulApddPZZsETZ4HYbnQCusXaHY2Z6lTKdmeU9OBcODfPtFqR5jqnE4oY5y7X0rdx90fd1qlVVIFE8,angelia andrews-roberts,https://play-lh.googleusercontent.com/-4KR3BnkaWec/AAAAAAAAAAI/AAAAAAAAAAA/AMZuucl__l2eXXBpR_lI2JShknl9PuIBaw/photo.jpg,The response time us great. The support was Devine.  I recommend it to All Eppicard  users.,5,0,0.13.29,2013-08-24 08:16:47,,
gp:AOqpTOGmb3ewg-gkzfDrnynfiI9ivFP_RXvS8iTI-NWtS7GRqcmNICsbW8tb8jLnRUkeQg1HbVbZAUDMaOiy420,Melissa G,https://play-lh.googleusercontent.com/a-/AOh14Gh4KxfQcCE4DFjaJ8yVEWGJCLSyBakzqg3RZE6lWw,Love not paying $0.50 to check my balance every time. This app is so convenient for me!! Thanks...,5,1,0.13.29,2013-08-15 08:52:59,,
gp:AOqpTOEl8_1KRca28_SkynY6VhvnHx-r73qZ5sk14hggc-ClDvwk5F4vXvkMmK5EUzWg6sGa3b6nrnV-kPKNy1g,Scott West,https://play-lh.googleusercontent.com/-WKzbpU57wXM/AAAAAAAAAAI/AAAAAAAAAAA/AMZuuclTof7CwgrKprhKoJRt-aMoSNo63g/photo.jpg,Setup one time and then simple pin# retrieval... awesome idea!  EPPI would be smart to endorse this app!!,5,2,0.13.29,2013-08-04 07:30:13,,
gp:AOqpTOE1cdFxmoNjABGk0GYcW6FFRdjZSUs_c0axz7CDzhRGZX7ycLVGLsVntDxfKACmaoRvsTjqVq_bsJAo_M0,April Gray,https://play-lh.googleusercontent.com/a-/AOh14GiX_tDFLn0ysCwr9pftXmyKYUIf_JFeIxNB0gjB4g,I think this is a great app. It works better than I expected it too. But u did spell Wisconsin wrong lol. Great app,5,0,0.13.29,2013-07-22 20:44:22,"yea...we fixed the spelling error!  TX for keeping us str8!
Thank you for your support...everyone!
Bob",2013-08-24 08:22:16
gp:AOqpTOHisSXfIl0fjt0XFOJdqfFXGR8R8MgvbUNDmn3AgzTru0d-3UF12R4i7yxsn-JR9M0mjeehAgJ0MK90bAQ,Ladonna Hindman,https://play-lh.googleusercontent.com/-x1tPD3k5BpY/AAAAAAAAAAI/AAAAAAAAAAA/AMZuuclotSgu_fARU_Ceg8BRfJo7qxKQPA/photo.jpg,Each phone I ever have will get this app I love it I've bought it 2x and don't mine,5,0,0.13.29,2013-07-04 06:11:37,,
gp:AOqpTOFzebyJE3qiP4MHUGnJIgzHkTVVUZh1ZMK0lQkzsLluUmzq65gh3Db4KfnlXX0J91yvNtxcknfPOR1Og8U,IAquarian EssenceI,https://play-lh.googleusercontent.com/a-/AOh14GgHjpmF4DCk7YKPYvxe-_Q8TIX_bQsUR9TzWPl2iA,I love the app! Would much rather pay $1.99 for a good cause than $0.50 every time I call to check the balance of my children's money!,5,1,0.13.29,2013-06-28 03:03:15,,
gp:AOqpTOE8bGJcfo5jF4kJDQX8-ZsnbWHS3OXu9UAOhoS7SJrf5JE6snOxw6737PnH63Yh8cy_4Jl44YYw592bCZ8,Lorraine Fakles,https://play-lh.googleusercontent.com/-z18kxnnMBaw/AAAAAAAAAAI/AAAAAAAAAAA/AMZuuclqt6BofiOAYqyhtgf_ZwNktW55gw/photo.jpg,I downloaded this app and it didn't work at first so I wrote and email I got a response back with 10min I was really surprised I just thought it wouldn't work for my phone I was having some issues and I got a phone call from bob the creator of this app and he walked me through it step by step. I have never downloaded anything before to where someone has stood by there product like he has.This is an awesome app and I recommend this to everyone. Thank u so much for helping me out bob...,5,5,0.13.29,2013-06-19 17:29:16,,
gp:AOqpTOGsxPjNzwyl1Bs9pJ0zzB9GvizQID8MM7m4bddQOxF1FpSwX30KvsuTIUkLaNJbUkuLv9zkEMbQ2f7st7Y,Lizzie Shepp,https://play-lh.googleusercontent.com/a-/AOh14GjAH6ezjEXp2VPI1naRpGBzQjVR1n14q4ARxrWzNww,Thanks for fixing it.works great,5,1,0.13.29,2013-06-17 21:37:36,NP...I didn't fix anything...the app was fine...the EPPICARD® systems were down.  TX for the kind words!,2013-06-18 04:08:08
gp:AOqpTOGNriXhvw9GvBpDC7gOdLFlKktlItRpk-2zSYDlPnCCf8AQVErqF6XI2fbJUOgcg4Oh9AwmGmDJ0TUor40,Michael Swartout,https://play-lh.googleusercontent.com/a-/AOh14GjElGQOdXT3U8KZaq3tSA3nU5rxL19Xl7cXnh9SK1U,Very nice people. Going through alot for this app. Please supprt.,5,2,,2013-06-09 14:15:49,,
gp:AOqpTOEUsgM55ajngGzmr5fKWbT1uL4tUtf1VN0KzNIwn9xV8z0xh7FgOgFOj0sprXYAuIbRdkxsh3DW8ogBahI,Donella & Makaylah Cash,https://play-lh.googleusercontent.com/a-/AOh14Gh_9LyQuyasc0nEHTeS8N5GvSxX1YV0Q2E2tTI2ug,"Finally...and oh, thank you soo much....this has been so needed...and I had given up looking for it.  Again...thank you!   ...",5,0,0.13.29,2013-06-04 09:37:08,,
gp:AOqpTOGOztyeWTpUoOHqDP4cubeHD_ty6ymrlcgrM0VegZVtQsxMmDw0IqIwMJ0I3ucq3D3jzC_ofKDnszd1nPQ,Thomas Reardon,https://play-lh.googleusercontent.com/-9EYASaNYqnY/AAAAAAAAAAI/AAAAAAAAAAA/AMZuucl62FCFxx5c_WoZ370leh5sKULZLg/photo.jpg,"Hands down, a legitimate working App, that works great! Im not an avid touchscreen user on androids and I hate having to put a full login. By entering a simple 4 digit pin, I can access my account without having to pay EPPICard 50 cents every time I check my balance. it takes me about five seconds to check my balance.",5,3,,2013-05-03 06:41:51,,
gp:AOqpTOGC-KMj6uYMlNZswPVlCWabGPEYx1V5AMdcfcmidQtmNEeT47XG7UpoXp9pErmWh4IqpNSkww_uHBwchCI,Tony O. Little,https://play-lh.googleusercontent.com/a-/AOh14GhepVSJoSx2Mwhcj399P29bPQriPA79vKJ92L0BrBc,I like it! It's fast and simple,5,1,0.13.29,2013-04-28 16:01:45,,
gp:AOqpTOGJQrWzp4jdKfB9EiA1A6X74XQwWm4zAGJv7ZGAiRNypSUxWp3ogpv4E6mUTXb39ZoeWnVWIhdB1YI-mmQ,Linda Meridy,https://play-lh.googleusercontent.com/a-/AOh14Gj3EbIEAOYBtRACNOP1zrI90UYUN2WVGhPFqsBOww,"This is a great app so far no problems, it do not take all your money as the other foolish person stated. Now I can check my balance and statement on the go without login into full site on web",4,4,0.13.29,2013-04-19 13:12:03,,
gp:AOqpTOG-8e-N1lRZ843HJJqkwmB1q03333hxCvEhQV3-Vcw_edySERvQwEE126Aoe25NABZ0bEkH_FIoILlrlCg,Richard Castillo,https://play-lh.googleusercontent.com/-hOA6Ni6pxTQ/AAAAAAAAAAI/AAAAAAAAAAA/AMZuucm5FK3hSl1cf_ADgs_3jOXZ1-NyYw/photo.jpg,This is a fake app don't download it takes all your money,1,3,,2013-01-31 21:56:22,"This app does everything it advertises, it transmits all data securely between your device and the EPPICARD website. It is impossible to access your money from any of that data. The EPPICARD website never reveals any account or card numbers, and can't move funds. No banking info is ever requested or stored by the app. This person is a blatant liar.",2013-04-04 12:54:46
