reviewId,userName,userImage,content,score,thumbsUpCount,reviewCreatedVersion,at,replyContent,repliedAt
gp:AOqpTOHj70hy8bklIOnayowV0vxuuq5PWjT_CV-CL6OWR7UCFMm6IEpSwfAQkUlgCRLi6qhf3uFJ3Y6u9ddptg,Kite-Surf-College Tutorials and Tricks,https://play-lh.googleusercontent.com/a-/AOh14Gg7biPhEZiOhyFLn3y6CaeZVTGeysQ5gJ57hTQYkw,"Badly designed and built app. Some of the games crash or freeze. The reading level is inconsistent - which is bad. Audio and pronunciation are poor. In some cases letter names are used instead of letter sounds. The range of games is limited. The letter tracing doesn't work on a Samsung S9+. This is nowhere near as good as the free apps. Please refund, thankyou.",1,0,1.51,2021-01-30 20:18:49,,
gp:AOqpTOGos5CfcBDKaERBxda7KV6DxQhtKqNDZRjdovWIyNVuqGPmESdKmUGtA5R7V2BIYs-Fem8RX2VufD-sCQ,Cam Bell,https://play-lh.googleusercontent.com/-NO7YW7CwHEQ/AAAAAAAAAAI/AAAAAAAAAAA/AMZuuclq3GCHvdwVMRg_IQPsFX5mr9wqcw/photo.jpg,Games are good but they are so repetitive that kids get bored and don't benefit from the games. There is an extreme lack of variety and imagination that went in this. It could have been much better if just a few more learning modules were added.,1,3,1.51,2020-12-12 09:24:00,,
gp:AOqpTOFmXI_pdJv2Fijh7vD8dIAc84M4xe89EHgkuvhBglVP_z7x6sjJ_p7Y57ud37FBxMgD65EDvRXMvUe3mg,Nicollette Marie,https://play-lh.googleusercontent.com/a-/AOh14GglcifbteATp9kqb3qGyGbyXGDd1lKb8fwK_Pvk3g,A Worthwhile investment. Just downloaded it for my son who is 4 years old . I love the reward system very unique . And it gets progressively harder. But helps the child adjust and learn . And gives hints after child has difficulty. But not to soon let's the trail and error aspect help learning. My son loves the music. Educational and fun . I like how it has no pointless games. Unlike many other apps,5,6,1.11,2020-03-10 22:47:59,,
gp:AOqpTOGlFqOTdq-mHoIpE0maBdW3eNsmO-lG0u1QLIgAOFNVzGAcEuDPA6TEam0sy-shfLvK0FYEHy_rqco1vg,Ryder C,https://play-lh.googleusercontent.com/a-/AOh14GjO6jf2UKVxfm5LMHlFmJ33iOVuCJDAjw0zONs1kGI,My kids love this app even my 3year olds gets in on the action. Definitely makes learning fun especially for kids that have trouble concentrating.,5,7,1.44,2019-12-08 17:29:35,,
gp:AOqpTOGyFmoVhy2AgJR6uzuFpcVUGHcZrgD8BLBTD-MPQq2gvx2bcH_IG94XioneoB5xP0aKj-aTWTgwH4Fqvw,Tom Weller,https://play-lh.googleusercontent.com/a-/AOh14GiksQB4sN3Xu0r2wMzD3oKuC11OlnWBdjcs__hM,"The best learning app for children that we have used. A good range of different activities that use different input mechanisms, and blend letter names and sounds, in a way that works really well for my 3y olds. Try THUP Monkey Math School Sunshine too, it's also better than any other we've found for math!",5,13,1.44,2019-08-11 00:31:58,,
gp:AOqpTOFTKj78Vx5DGiGxmF0MTuoNJPWNhOVHGs9ziGFFh5fwXbxoy7LJpa-UxcaLucaT1R4E3kNpWmkkvVPZIQ,Brodie Lamprecht,https://play-lh.googleusercontent.com/-1GM78DC4XE4/AAAAAAAAAAI/AAAAAAAAAAA/AMZuucnEexTHePedQo4t0xy3G7BvR7EgaQ/photo.jpg,seth.Lamprecht,5,6,1.36,2019-03-29 02:47:51,,
gp:AOqpTOHfp2sJcuO74C--O-tYEGch7X1uTo53XJ8i4pfzihjfoXTOp9WgUf1ClatuQGHftlSJRdrAAetUcfvBBg,Angela Shaw,https://play-lh.googleusercontent.com/--ChMCZwyin8/AAAAAAAAAAI/AAAAAAAAAAA/AMZuuckeuBBs7Ez3HQ9r4qQoTGbikaymgA/photo.jpg,"My grandson who is 6yrs old and autistic loves this app. Lots of giggles 
and smiles while playing. For sure worth purchasing!!!",5,15,1.37,2018-04-14 18:58:04,,
gp:AOqpTOEZOvphgGTeAE9B5ZiwPEu2DT8TQAqMgieHmp-TQGsCiWVmLPnrrxq80WHhieZ9TQDGY8HkMgVS0Be_OA,Rajesh Brenner ENGINE 50,https://play-lh.googleusercontent.com/a-/AOh14GjfUnQ_slK2lmLbCPOw9leDV3KW3Ostjq4FlfO5it0,Love it,4,2,1.11,2018-04-04 15:13:10,,
gp:AOqpTOF9I3WyswO1e1tE5Jgxxj_xl8J37uMmgtufAuSfl53KMp9zUcvrVCysB6ksTk3aB-c39lK9cSq9j4lw0w,A Google user,https://play-lh.googleusercontent.com/EGemoI2NTXmTsBVtJqk8jxF9rh8ApRWfsIMQSt2uE4OcpQqbFu7f7NbTK05lx80nuSijCz7sc3a277R67g,Stopped working after 10 minutes on galaxy tab4. Looked like a good game but we will never know,1,3,1.11,2018-02-27 12:49:25,"Sorry for the trouble! If you could email support@thup.com we can help you resolve the problem (and/or provide a refund).  It should work on the Tab4, so just need some more details to provide a fix.

Best,
Thup Games",2018-02-27 16:51:49
gp:AOqpTOH-e71AbMSnP8zMofKAp3Uv4MBp0woiLZ5qGfRX8D_kLy-vuj0eILYRN4f6VeidVcRjr1VeZqYBz211Jg,Alice Purcell,https://play-lh.googleusercontent.com/a-/AOh14GiSUyXGnXnGa0tw0TGDjqrGMKxOVa_uQSNZ7L8pFTg,"Broken on Galaxy S8 today, image partially off the screen on the left, not registering touch at the right point. Very frustrating.",1,7,1.35,2018-01-20 01:48:08,"Sorry for the trouble!  We have been working this week to resolve the issues with the Samsung Galaxy S8 / super wide aspect ratio devices.   If you still have this issue with the latest release (*just* released), please email support@thup.com.  Apologies.

EDIT: Update has been released today along with other improvements.  Thanks for your patience",2018-01-26 08:10:29
gp:AOqpTOFQ-ya7-GUKaR9oVipJfgm8WymWZQKYIZ_m8wChKkr45aGwLgTPRYNpr2EGki8-yJcXg6pcjydr4hI2jQ,A Google user,https://play-lh.googleusercontent.com/EGemoI2NTXmTsBVtJqk8jxF9rh8ApRWfsIMQSt2uE4OcpQqbFu7f7NbTK05lx80nuSijCz7sc3a277R67g,Good,5,3,1.31,2018-01-09 20:07:58,,
gp:AOqpTOGf762ugktCe1CUuBx3BvlAZWnFxbshUa8EP2tbDsWNCoUvKXfVG9mFHBFA8SVT8Dlhkv-NYzYXMM246g,Christina Preiser,https://play-lh.googleusercontent.com/-47sFBGJecQM/AAAAAAAAAAI/AAAAAAAAAAA/AMZuucnN6yZqa3AgTlOGrZ6OIw0PI05zqw/photo.jpg,"I just now paid for and dwnloaded this app. It is installed, however it does not go any farther than the 'loading' page when I attempted to open it. Was looking forward to sharing it with my 4 yr old granddaughter. Very dissatisfied, with so many wonderful reviews, I was expecting a much experience.",1,3,1.11,2017-09-01 11:00:39,,
gp:AOqpTOH66KNkCm0Q7YGeJbWlZ7E8QHJkNdcMDqSGXDcFh030oEDHz0MQTUOZAoLgM_7pX4V8BD81XyDP_2QDbw,Shannon Nilsen,https://play-lh.googleusercontent.com/a-/AOh14GgoYb3CLypkXqrPqx0TfeEjhQkXZusV2Y0aObnF0Q,The game would not load.,1,3,,2017-01-11 17:21:01,,
gp:AOqpTOF0_BSq-m1n9cex6ksUTJFqs4gEBcR9mti2OOCc6UjGNqWuvjpTUMKoTCIyCq1AFsg7UZ3YLuLvoDTBzw,Savannah Johnson,https://play-lh.googleusercontent.com/a-/AOh14GjKTqAKrl_UuVxuZZXfWwap1kn7_GIW1bu81pC2_w,Awesome learning for my young ones..👍👍I love it!,5,1,1.11,2016-11-04 07:35:20,,
gp:AOqpTOFhXT7CjIRcaMRbXccSZpvlkKuJtV4B2yBPJ-TN-LCkDhUD7PKH8sg8QghbbmQNEeIEjVSaT9Ms8fhqLg,Chrissy C,https://play-lh.googleusercontent.com/a-/AOh14GhuZmj8qrUwwDQpbxPAqVdOgZtBKcDn_nekbKPtIQ,"Kids love it but each time I buy from THUP, I have to wait to dl on multiple devices as it will say I haven't bought it... once installed, it's good.",5,20,1.11,2016-02-05 06:52:42,,
gp:AOqpTOE6i6Srih1cE9DfMOTTwAFgqLDYEyyq-xknGdlT83etjvdinSurIxIZPjWlYuw353pyJnhSmbjrf1h34A,Elizabeth Romeka,https://play-lh.googleusercontent.com/a-/AOh14GipLrrwH5-p9THpTz5jqUgbGrXdS_jtDN_bX7N6K28,"Great for beginning readers, this app compliments the work my little one is doing to learn to read. I love how it scaffolds to introduce harder or easier levels depending on how your child performs.",5,5,1.11,2016-01-26 07:46:13,,
gp:AOqpTOEv-izUrl-WRyw_4RbE732Mh8uimGmkRL6NoW7K3YdDN21dOmPlN-h6tFhPBUuZMxS06nabiaWJSmNyQg,Kenneth Gray,https://play-lh.googleusercontent.com/a-/AOh14GgGGg55IRhaY69sBoHIs3e9XYce73Pb6o4kGIcttA,Awesome fun app for preschool kids,5,2,1.11,2016-01-23 18:49:49,,
gp:AOqpTOHmfuibdUTf9UbPBTTgbbAlsdZBOzXDhsZ4Kjns5zpShEFDFMf4uAf_HnvaxsL0A0oe34h2wjgxU8IxTA,R B,https://play-lh.googleusercontent.com/-S7pNPWmZ5HY/AAAAAAAAAAI/AAAAAAAAAAA/AMZuucmVfNGLKtlvJKu_UhsjwOe6HfyLZg/photo.jpg,My 3 year picked this & was really excited to play it....never got past the loading part & waited 3 hours,1,5,1.11,2016-01-11 03:22:25,,
gp:AOqpTOEdWklr3Y6H2DQJKbDH9B_9S-ur53RGmAB54-JDjuyX9VFBdt8IdrNfnr7sLWExWnme1WnN3eLn0LPp2Q,Hollie Lumb,https://play-lh.googleusercontent.com/a-/AOh14GjZOfxTVDuEo8eZw3OI9X47koSv_0d2k8TVkSJo_4s,"It should have phonetically sounded spelling for all words instead of using capital letters. It's much easier for children to learn this way. Also, being able to choose the game you want to play as opposed to getting what you're given would be good.",3,7,1.11,2016-01-05 17:17:23,,
gp:AOqpTOF1t2xzjWwE2DVBQPu7ClY5A3rCJcyJt6PQ5TYPq2t116k090dALMOpeDzAUDDOYPOuoHYZuc01oT5IeQ,Kayla Coen,https://play-lh.googleusercontent.com/a-/AOh14GjRU1svrbWCBLrItX4jT4usHjVb4o8368U6AK40Kg,"Used to love this game and now it wont even load on my note 5. Everytime my daughter tries to play it, it acts as if it will load and just be a black screen. Ive tried to force stop, cleared data, and uninstalled as well nothing. I paid for the game so i would like for it to work for my 3 year old.",3,26,1.11,2015-11-17 18:39:06,,
gp:AOqpTOFjROI0FlK74UUPsv8j4vo5jrs_q41Cd1ZBouEdwrJmieF3Lopuj-4kUl9i4Pd4L-7DgsN9eYUTCdwxwg,Krista Kuechler,https://play-lh.googleusercontent.com/a-/AOh14GiFqoAVUZBx_SqrLfGYi4bOub3inCU0s2Y6tsGqAXU,I love every single monkey preschool game! My 3 has been playing them since she was 1.,5,4,1.11,2015-11-11 05:24:42,,
gp:AOqpTOFIBctLUQe036O-NdIUab9_N3ta5D-0BfW9u0y0abfFiM428SWBxtCi7ccogV4_uuyYUF-abgq91kqcHw,Sean Dorn,https://play-lh.googleusercontent.com/a-/AOh14GjVxxavTqgpJKMkL0Hv-waswp2qiGDo4gBEFqC3,Loud but educational and fun,5,4,1.11,2015-08-08 13:53:45,,
gp:AOqpTOGOPcpmCkRUatQ7oFH8vp5yzW5-4GyAFfz67u0fy-rpptxXNwrcn3H7jkLAsP8ZqsfGaa5UAlH8K4_sGg,Laura B,https://play-lh.googleusercontent.com/a-/AOh14GhDfv7DpPQajy1LvqgWsASqKNmsfB7t_AWwdXR7Rfc,My daughter loves it I will recommended this game to my friends.,5,1,1.08,2015-03-06 14:08:25,,
gp:AOqpTOF7HwvX91SYI-ZJvFPTxFAWsAf8IVVAe8lkPxZNfhn0D9Fble3bw9o7PqSObA7uXupZt15ZpKLHALA7dA,Tabitha B.,https://play-lh.googleusercontent.com/a-/AOh14GhQ3ANlkBalwXqfKJ_wBcTKouyou8JAwOsnEiv5kQ,"My niece started off with Preschool lunchbox. Now that she is starting to learn her letters and words, I got Word School, and she loves it. So I also purchased Monkey Math. Thanks for a great app!",5,1,1.08,2015-03-04 10:02:52,,
gp:AOqpTOF4tnhB-k2Nwh2Jd97Gx86V4Lu9FHhu78m7_2YvSUh-uODmYBhra_dmH2eebYUZjGXZZKUQlSd_T68OLw,Sami Nwatu,https://play-lh.googleusercontent.com/-UOvFPBIVy18/AAAAAAAAAAI/AAAAAAAAAAA/AMZuucmNTN-EmaIYTTNGHxdoZTQDLqDfEQ/photo.jpg,"Fun app for learning. My girls love it, I love it.",4,2,1.08,2015-02-10 07:18:21,,
gp:AOqpTOEa2UDSzcaNpKpiJSHqTmjmEn2-7AiBxgshcsyFFxkETLB0REbOG1H6DomunQlQRXwRY8mf09HAUMYDXg,Melissa Johnson,https://play-lh.googleusercontent.com/-6jAtR9CA2c0/AAAAAAAAAAI/AAAAAAAAAAA/AMZuuclwT1FudN57ZUk_557xGG6NPS6M7Q/photo.jpg,"Like all of the monkey apps it is engaging for the kids... I can only say 3 stars because when there are letter sounds there are 'uhs' after them, which is not good educationally. Some word sounds, such as using ""am"" and 'an' and then saying each sound seperately are also not appropriate. When there is spelling I would love to hear letter sounds not letter names as the kids touch each letter and then it reads it back to you. It would be nice if you could increase and decrease the speed of the sight word and letter matching as the words fly by. The word rhyming (make a path) is visually overwhelming. It also goes to the loading screen too often (monkey stone with light that goes around it). Overall it is fun for my kids, but I dont think it is as good as the other mokey apps.",3,1,1.08,2015-01-11 07:28:06,,
gp:AOqpTOFoQmXIV0fRzxdZFZKRMg93_R_jCTPD3jOY3szbdFfcunX6FNB-r6WnxlHN2nlBCu3oK82EgJ_JZMgfqA,David Wear,https://play-lh.googleusercontent.com/a-/AOh14Gh1_8xXQndN0SkjQ5oRk2C5RhXjG8P4CzzdBDAe9-8,"THUP games are really well designed and kid friendly games. No pop-up, simple menu, no in game upgrades or buys. They are educational and fun. As a parent I highly recommended any of their games",5,3,1.08,2014-12-12 07:32:55,,
gp:AOqpTOGTMKoOuIph-vjKOtNfkKJcKRKhRAuzzFz323Sdb6hHYVAmi5t_-CQLPZ69Yrl4ISTvZoKrEMDrVR1dmw,Linda Mielke,https://play-lh.googleusercontent.com/-xyUiVUrjXdM/AAAAAAAAAAI/AAAAAAAAAAA/AMZuuclJE8_c-78h0ufwAyolwZeOozoYiA/photo.jpg,My son absolutely loves this game.,5,1,1.08,2014-09-21 21:45:45,,
gp:AOqpTOEqQHFxLtIRCBJztqqYChvEHkYHu28p8mZLogAFifxhGphsz8BkE79MNKbums3Vo8JKCne8sT-t3G59nQ,Sam Pedler,https://play-lh.googleusercontent.com/a-/AOh14Gg3OOL5y8Xd7Ca4ioLAsT1F5S9UemPZ0W7Gblx9zw,"Of all the educational apps I have, my 5 yr old daughter loves this the most. I don't know why, but this entertains her for the longest, and keeps her the most engaged. I will say though, that more content would make it even better. Bring on an update that adds new games/features.",5,2,1.08,2014-07-01 16:26:52,,
gp:AOqpTOFP3zWdi8mNgRBb-hDRcjwvQNvVyfTP8SpSj9ketBRcYK1kXZ9MLpFQODwJnuk3ie9qq8zD2xoDv3aHLg,TheAwsomePenguin BuggyPiePie,https://play-lh.googleusercontent.com/a-/AOh14GgxbVJLA-6A9GmOsr6DIUO2t5hw4q9njnuZ0b31Fg,Only had it for a couple hours but its already worth the 2 dollars both my 6 and 7 year old boys both like it!!,5,2,1.08,2014-06-20 23:59:37,,
gp:AOqpTOHpvU0BNAQs6pC4j6vLaxqokmOEgBfJPMBcb7FtM98QdPvlHzYxwbkLESvRNHHKMjL_JguUM95kj6_C5Q,Cherice Smith,https://play-lh.googleusercontent.com/a-/AOh14GjXwMQ6WSFnnTkJj5YKztn3-9P88Fs7jvEgurCLebA,My 6yr old Daughter luvs these apps! She enjoys learning period and this was perfect for her.,5,1,,2014-05-03 23:17:42,,
gp:AOqpTOFz60pYYnJWS5Pr1HYJMCU89fQvCxPRM2ZkqGn1sTa1nywiHGFy81OUG7VVpqssz4_QHqmq1GakKB3rCg,Gei Fi,https://play-lh.googleusercontent.com/-TO9yNrhmQb8/AAAAAAAAAAI/AAAAAAAAAAA/AMZuucn4Y35dyAacKlWc5u0hcPMoGjM-oA/photo.jpg,I love it!!!!,5,1,1.02,2014-04-21 04:06:12,,
gp:AOqpTOFu73MOOF_SCDq3Xs76VqX4ktQUYZx1-5OG2-z3uPKRRqbIDZE2zOTyiQa4Ve9p1KId3tP43Ga_Mm3BQg,Janella CHAVEZ,https://play-lh.googleusercontent.com/-H6yr9NX3pxA/AAAAAAAAAAI/AAAAAAAAAAA/AMZuucl-f3GbEHkpxsWBBL_-N2VFO49beQ/photo.jpg,Was excited to try out .....doesnt work and install on our system....we want refund,1,1,,2014-04-02 14:22:43,,
gp:AOqpTOGKww8QoxXSFi-NDKINZeqhUyvZ0xUJGLHg_VoJabf_GqA7c12QnwQr6NSZ1PtzFLaYU5-ZMGLBvF70kA,A Google user,https://play-lh.googleusercontent.com/EGemoI2NTXmTsBVtJqk8jxF9rh8ApRWfsIMQSt2uE4OcpQqbFu7f7NbTK05lx80nuSijCz7sc3a277R67g,,5,1,,2014-03-23 06:09:35,,
gp:AOqpTOHQrm41RrTVNurAiSpXJUwiO_5vcibNqbChiycYbxx9HER4lILJ-HyJj5CGz2_UEBJGA_zCc0ZT4U54cA,Elizabeth French,https://play-lh.googleusercontent.com/-r2L1d-2bQ_E/AAAAAAAAAAI/AAAAAAAAAAA/AMZuucngftIN-AYy4xiFdQKpJGFV7j-pxg/photo.jpg,"Kids love it, ages 2 and 5.",5,1,1.02,2014-03-04 05:10:54,,
gp:AOqpTOGRwrh73iVcVX3aEUVUPFXn3wwxABlvgvAVNAemKzftGlldj854bLNTt5wVBSt3nL7vQ5wuwyGEu4-r2Q,Andie HeadlessLegoMom,https://play-lh.googleusercontent.com/a-/AOh14Gh-_B5GXln5Cge861BY8bp8DUiZL_pRLVFMbvgl0cw,,5,1,1.08,2014-03-01 00:19:41,,
gp:AOqpTOFxEdrS3GKhah7MeQ1Vel3Fmxj7ky6WMA42UcRWt2X-syTuJmG67AvxcGnxBCObPcfJA9GSSPjW8SCyxw,Danny woodward,https://play-lh.googleusercontent.com/-92eth49q7rA/AAAAAAAAAAI/AAAAAAAAAAA/AMZuucmEx1lin-pH7afXCPZ7bqXPnjR_Jg/photo.jpg,Samsung note 2 doesnt go past main screen completely unresponsive cant add player Waste of time,1,1,,2014-01-23 02:20:13,,
gp:AOqpTOFYpU-KkkPZIoTGV5WgR5X_6R314T0f7REvkH6bGPwYAcToUNA51Ubd1cJggYjG08BJrycKDgP7Aboz3A,Neil Estep,https://play-lh.googleusercontent.com/a-/AOh14GhQQUIFkXQLTAiqPei9ki2YPvKBl8IUQqAYNo-MOg,Please fix.,1,2,,2014-01-20 11:17:24,,
gp:AOqpTOH8FdCWZ5yqAlb2ZmOMueuuLaaT7t_oEiEpguA4g8NRvrtMNLeY1tj26KG8w8-d5eR6f90VumLAyfVukw,Paul Phelan,https://play-lh.googleusercontent.com/-xXLXidTpNZA/AAAAAAAAAAI/AAAAAAAAAAA/AMZuucmA5FVzazbV3Yv3itYToPomj26STQ/photo.jpg,No use of phonics,1,2,1.08,2014-01-14 14:04:13,,
gp:AOqpTOEeWKgr_1fmd28bW7yX-rUhtdlXm_3qmgELH6y_o9Ghhhsjan60sxY3w4TXIwDfoi-a1qXbJQ_NnAZs1g,Kerstin Wright,https://play-lh.googleusercontent.com/-gSCwMbdPNjY/AAAAAAAAAAI/AAAAAAAAAAA/AMZuucnDrak4T6IR0-p5TJitsJ71IUNEiw/photo.jpg,Love all of the monkey games by Thup!  Totally worth the money to buy all 5 of them.  My 2 yr old and 3 yr old love them!,5,2,1.08,2014-01-13 11:34:19,,
gp:AOqpTOEiJk6RbG4aHBhQkcSXqG5OTaKJdVnxZ7JAMNC_IPdlO2e-v0F-a1nQCBJ3hgsF6HCkAISvLNTZ9ZFyfg,amber davies,https://play-lh.googleusercontent.com/a-/AOh14GhOkQWM6AwzLmsURhi4RyXT3LTBXjIzHY186RdbPQ,"I have this on my  ipad and my kids love it, but having forked out to put it on my phone I am very disappointed that it won't even load. I have tried reinstalling several times with no love :(",1,5,1.08,2014-01-09 04:31:19,,
gp:AOqpTOGs67mExIhoiGrVl9XakNND_Lxcz4bc4GucdDyqh9-QEqfvYgI_6h72VEKMEDZNY6B5wY9clNRqZEoqMg,Rebecca Aleperk,https://play-lh.googleusercontent.com/-r8PgacIHMKo/AAAAAAAAAAI/AAAAAAAAAAA/AMZuuckv_leen7LVirm-VYYzvPzF4jv8eA/photo.jpg,"My 2 yr old plays and lovessss this game.. its hard for a 2 yr old, but she can do all of it by herself except for the rhyming line game.. however..for the last month I havent been able to use it. We paid, we played..and now it has stopped working! Please help! My daughter lovesss and misses this game",5,6,1.08,2014-01-05 07:44:10,,
gp:AOqpTOGpXsmlKYqUolG6aFvz7OA4qat1Xg5L12ujY5gzGaGYcHrLp7Y2sSrMQN8uht_Lkh3Ne1uJemOayyAyxQ,gloria Hampton,https://play-lh.googleusercontent.com/a-/AOh14Gj0-Z3AHVXzGb2GCSMviQI5j_eN1FxaAdJA9aY4rDc,Love this game My little one cant get enough of it.  Very enticing game,5,1,1.02,2014-01-04 09:53:57,,
gp:AOqpTOGLDXzCPM_JPoPTaw50e8xgJYNnCuXNzB23e6sXfGcSvqv1tpxAyRN8DsLHn3_Kzmjw9mnkzHNseAChtg,Steph Worts,https://play-lh.googleusercontent.com/a-/AOh14GgblNsImUUo1E2ED2HWQznna7SarrJ-wzMslAL2pQ,"Both my 3 and 4 year old love this game. Excellent learning games, thanks!",5,1,1.08,2013-12-27 06:01:14,,
gp:AOqpTOFXLTAiGZPRhk1KCYB4pS0sRH3mzFiQ-JhhQeK2wWiZXhRPi45WhdsV4DXw3ok-Pmkm7ywyR5NWfNpZKw,Mika Owens,https://play-lh.googleusercontent.com/a-/AOh14GiRHjmJdOE0mRIirMAF9BIcDFjsr1BFf63ra4OmwA,"Great, great, great app! Worth the two dollars. Do yourself a favor and get every one of the THUP apps with monkey. It's four of them and they make learning so fun. My two year old plays all of them. Thanks!",5,9,1.08,2013-12-24 00:33:18,,
gp:AOqpTOFmuZ4UJWicTP6gYNbvXNQljQjCPvCVOsakTxwzJJBMBuQWMekvoVJaGib_i4ngAGE8cjTcfou373m1CQ,Glenn Wood,https://play-lh.googleusercontent.com/--u7rJBCHusU/AAAAAAAAAAI/AAAAAAAAAAA/AMZuuckxws5aStnPSSdS3CdoHseckb2BKQ/photo.jpg,Why do you now need access to my phone call status and identity? Won't be updating. Great game apart from that. Children love it.,3,7,1.08,2013-12-04 10:15:46,,
gp:AOqpTOEyqUlH1-6VqRoEiTa8BatGXyIcnZSkkP6CdRO-0OR82j-AMmydV_sfvjuEgwsem9rYfbeOr3euJqw9Wg,Suruchi,https://play-lh.googleusercontent.com/a-/AOh14GiSPSyM2nRV0nBQLdNcgQWGUfwRWpHPYDp7-b5sfmc,4.5 yr old son stays interested and keeps improving. Excellent curriculum and design.,5,1,,2013-11-27 05:55:16,,
gp:AOqpTOG54qTmpXyhYbSBBTraQJ1GnFPyDfHUJJXwTVGAPqNX9ys4t-uaX8AHc2b3fhWBA3EOUnhu0RdbpFyn9g,A Google user,https://play-lh.googleusercontent.com/EGemoI2NTXmTsBVtJqk8jxF9rh8ApRWfsIMQSt2uE4OcpQqbFu7f7NbTK05lx80nuSijCz7sc3a277R67g,Data gather much?,2,1,1.02,2013-11-26 06:41:22,,
gp:AOqpTOF6jh-v6ulhZxVHKE4Is4PSUZuHnY5mMiPwlkAvdsJhB_y1CTtGKFenp8_RmeYiyqPB-X4b7vc9Mgo5hg,Irene Perez,https://play-lh.googleusercontent.com/-NaW-crggYvk/AAAAAAAAAAI/AAAAAAAAAAA/AMZuuckzBwA8fkmFPXQwRSN-Bug_bwOHSQ/photo.jpg,Love it! My son enjoys this game!,5,1,1.07,2013-11-19 17:40:02,,
gp:AOqpTOEtx9NrhPafVeABUd5StnP3LlqLH5ao7RXmVG5tPDv57GL2-XvvFrWjTgDdp_97jVgAMfLfakMxqKmU1w,Branden Brown,https://play-lh.googleusercontent.com/-HjA5TY1g9Bw/AAAAAAAAAAI/AAAAAAAAAAA/AMZuucmZnhPFeXK3cJd-sJuo94J21KVGXg/photo.jpg,My son loves this app,5,1,1.07,2013-11-18 22:39:47,,
gp:AOqpTOEoicXtobg3IM7UbzzrZUec35C3CbqNP58WMFByPN7U15lXPG2_-xsz_EN836MvRN09TP80_uGItYo74A,Anna,https://play-lh.googleusercontent.com/a-/AOh14GjRW8YH5ENY_Nwcczldeek2AsioZhaDB8CVvN7xvQ,My kids love his ap.  The fish bowl reminds them of how much they have accomplished.  Now to add more for older kids!!,5,1,1.02,2013-11-17 12:35:09,,
gp:AOqpTOEWWiA8bSTOqtHHPst4SNADyptncsjsGfN46rlI_k37_vc84eOQS20EttAQHe3cMtIdQZAqV1E3bDcxxg,Jackie Denon,https://play-lh.googleusercontent.com/-2oydwDKc3Wk/AAAAAAAAAAI/AAAAAAAAAAA/AMZuuclMXhsjcGLVoqmQ5tbx11z4xoolgQ/photo.jpg,My kids love this!,5,1,1.02,2013-11-15 04:25:30,,
gp:AOqpTOFrz_8yztAxoVXxESdkWupthI_P2-ocVBHPrMW67DamAjuQH0_YaoYAN1RKxwgo8PE1xc2HnmS4V2IYYQ,Jon Stone,https://play-lh.googleusercontent.com/a-/AOh14GgJhWAP5b3cpcMEz2AMFmip0mLNNm7QZNgBwXZt8g,I really liked the zero permissions way these games were before. Care to explain why you suddenly need these?,1,2,1.02,2013-11-07 15:34:39,,
gp:AOqpTOH5agX8oqYjXJOZnRYJw0M-3kbVFeMwuch8cTAjojc9EAo9GbiDRkHL7_TqpMjDMdzjf9z1Sza3XuP-Yg,Marie Younker,https://play-lh.googleusercontent.com/a-/AOh14GiLvMDJX9gWtoT5xg32tqDMhm8Bizwmj_nQ-JpAOA,Wish I could add more words.  My son wishes we could make letter tracing harder.,5,1,1.02,2013-11-06 12:47:27,,
gp:AOqpTOFN0Rqww-JDhuSwkC6gXr8j2YOTU53JMXR2RjVBT6-jl656_g0491tm6CWHm2GrpaKgqZM1qix5JyAJTg,Cristina Palmerin,https://play-lh.googleusercontent.com/a-/AOh14Ghs9HEN_7Kt3l4dwy1bPRi-phBzeyV0XBqHPF_pkA,Both my 3 and 2 year olds  are learning a lot from it.,5,1,1.02,2013-08-26 16:32:22,,
gp:AOqpTOEIRXLGlvUmHxRgIkDg2jtEZ92Xnyx0zgUXG3bsq4pJb6VvLU4SS8S-j_JlDVhEL4MJe5SdsDsBWfJ9Gg,Sabriena Plotke,https://play-lh.googleusercontent.com/-86m1PRoE2Z4/AAAAAAAAAAI/AAAAAAAAAAA/AMZuucnOkGb93qy-liKUItL3-pYsBbCsTA/photo.jpg,Keeps kids on their toes . Love that it is something new after each task. Very fun. My daughter loves it,5,2,1.02,2013-08-08 18:57:08,,
gp:AOqpTOE--S9FAjC2-yVtU0bae3hd5A1ciBQfOFS_NdPQw1QMGQq1X6BhGxgiwJ0xXlAPm1kxtcaJ5v9YazzQNg,Chris Wood,https://play-lh.googleusercontent.com/-xf-xfQiSJFI/AAAAAAAAAAI/AAAAAAAAAAA/AMZuucmL9gB8yVDwGCm5wQmctdehy21pVA/photo.jpg,"My daughter is really advanced now for a 3 year old and your first 2 games helped her on her way alot,introduced very early.i just found and downloaded this one for her to play driving back from my mums in the morning, great apps, hope you diverse into other areas of education too. A+",5,1,1.02,2013-06-19 14:26:46,,
gp:AOqpTOHg0AM9B779Q9kb4Qq7POlZVZBHI-C0hI3JmeOOV3kNtUnuiXvw9P6Vt2hJO6W2llBy5ODGgMdV2V6qjg,A Google user,https://play-lh.googleusercontent.com/EGemoI2NTXmTsBVtJqk8jxF9rh8ApRWfsIMQSt2uE4OcpQqbFu7f7NbTK05lx80nuSijCz7sc3a277R67g,"Initially I downloaded the ""Monkey Preschool Lunchbox"" on my iPhone when my son was 2yrs and he really enjoyed playing it, he picked up on it very easily.   Now I've just found this one (1hr ago) for my Note2 and my son (now 3yrs) LOVES IT...!!!  I wish THUP continues to develop more educational apps like this. Thank you  I highly recommend this app to all parents.",5,7,1.02,2013-06-15 14:33:08,,
gp:AOqpTOG2_uvgZ0o5xhJf7OyQn6ePaHv3WcVRB-EV56gpUGjkEDTvvCzCE0gcYa3pRp7Zq9fGdK40iPs6Sy-dmw,Marcus Leung-Shea,https://play-lh.googleusercontent.com/-5KuYrL5QLg8/AAAAAAAAAAI/AAAAAAAAAAA/AMZuucn91_9iPWT4ZddvpfdROCGC8mqdgw/photo.jpg,"Usually don't allow my kid too much game time.  But this one genuinely feels fun and educational.   THUP, fantastic work!  Hope you are working on another game for sentences.",5,1,1.02,2013-05-31 03:44:20,,
gp:AOqpTOHYnKX6t_fHHh7-3HDIuH1KYoczYyqM_tn0wPGsI1e_IiDLsF619C3m-hGPBH_U_k6JZHgzG9JcJw3uBw,Sarah Maddox,https://play-lh.googleusercontent.com/-eRdLMkMVCbQ/AAAAAAAAAAI/AAAAAAAAAAA/AMZuuclN_C5gPl_fzc2pSaODf9k_rM8L4g/photo.jpg,Looove!!!!,5,1,1.02,2013-02-12 17:50:00,,
gp:AOqpTOGf0kZMsOfYyNu9JRAZwjrY8JH8ejI5d6qz4VX-TUD54AyJLAJetm4Ji9loEbftd4x24-MZfWU73pj91A,A Google user,https://play-lh.googleusercontent.com/EGemoI2NTXmTsBVtJqk8jxF9rh8ApRWfsIMQSt2uE4OcpQqbFu7f7NbTK05lx80nuSijCz7sc3a277R67g,All THUP games are a hit with our 5 year old,5,1,1.02,2013-02-03 11:56:18,,
lg:AOqpTOHXFVs05zU921jfEgWaVTzk60sw_NwUnh6MERZLBIkD2NBy013WFb4pUmwUUjh8RXsanPHKtz5TPn82nA,A Google user,https://play-lh.googleusercontent.com/EGemoI2NTXmTsBVtJqk8jxF9rh8ApRWfsIMQSt2uE4OcpQqbFu7f7NbTK05lx80nuSijCz7sc3a277R67g,It's great,5,1,1.02,2013-02-02 13:15:42,,
gp:AOqpTOFZK_KJA9eUuGi6oO6GUA9ig8e5LJ-LTnfo_bOf13VOR5z7ruicsu1WHZfgO_FaVlP2bavK6B9kGAKE1g,Todd Andrew,https://play-lh.googleusercontent.com/-BYYRA0rNCH4/AAAAAAAAAAI/AAAAAAAAAAA/AMZuucly5JYDeolA-CcGh3G4hIWTIQCpjA/photo.jpg,"This app is great.  My autistic 4.5yo son loves it.  His reading, spelling, and fine motor skills have all improved since we began using it.  As a parent, I really appreciate the design of the settings and support buttons.  Great job with the development and testing of this app.  It looks sharp, transitions are smooth, and we have not experienced any crashes or glitches.  I hope to see more games from THUP very soon!",5,1,1.02,2013-02-02 08:26:31,,
gp:AOqpTOElK8al7aXxGvqPJCOkNRcebvvqXjuCxyQJaoJM2aTCxEGP2MQce048nCSRc7hiFfC5CHyJMpdv-WNZ3A,Marie Hernandez,https://play-lh.googleusercontent.com/a-/AOh14Gj0WBtSYfgT5L4m_hBwIZLyyHFdDBlAF62c2lV348E,"My 5yr old loves this game, but it frustrates her after a minute into the games it freezes. FIX IT NOW",2,1,1.02,2013-01-20 10:42:40,,
gp:AOqpTOEl1gyhGkg7ZckqSb9cGkFc4B0tWnL-3rvaNlPMaVvj-yopGL4pjPZHymK5xk_v5vhQRZw8cyuFoaVYRA,Jackie Cc,https://play-lh.googleusercontent.com/a-/AOh14GjTexwjzeQbaQWV4c9-AitgJFdpKKIbTrWHjxjj,"Our son loves this app.  He likes that it switches through multiple activities instead of repeating the same one over and over.    It seems to progress in difficulty as tasks are completed.  I like that the level can be set to the desired difficulty or the activity removed completely.    I was hesitant to download it without being able to try it out first, but I'm glad I did.  It's an awesome app.  I hope they come out with other apps for math and logic.    I do wish we could turn off the hints.  The hints kick in a little too fast.  There are several times where our son was sounding out a word and just as he found the answer, the game gives it to him.  It looks and works great on our Toshiba Excite 10.",5,3,1.02,2013-01-07 13:17:02,,
gp:AOqpTOGIVD0PbvwomM-lZcAulYFABgxoEWQUGZdbIRBpJfYmMgR_HwyfUOimL1kVm3qsBTn82Xa03qkJ-J5Tog,c schlotter,https://play-lh.googleusercontent.com/a-/AOh14GiyqXr68AS3zUfBQvOCbAW5h0iMiOVf2SSyuhuplg,my 5 year old is behind on reading due to hearing problems he gets realy angry with reading and dnt want to do it this game he loves there is a reward system even if they dnt do the best it switches to diffrent little games quickly so keeps him interested downloaded and runs good on samsung galaxy 2 i would say to all get it so much better than traditional flash cards boring they dnt help with kids who dnt have interest this is great finaly a educational game my child will do without anger,5,2,1.02,2012-12-31 09:13:28,,
gp:AOqpTOGdEJ5ZuKslfzkn5U5RsHwL7m7eYeoPvR0K2n1e9IRmPoRF8GE9I5OD0zdScVF3JV5gPCyFve8uR1GSYg,Alicia LaMont,https://play-lh.googleusercontent.com/a-/AOh14GjGE6MLZgutB_d1L9e1B4ga4_VCsPqxq5us-roi,Love love these games! Pls keep making them!!,5,2,,2012-12-26 18:03:16,,
gp:AOqpTOF3Qw7pzIZpj19ozF90iIm2-oT54QFe7Kj40nwbQAGGARrB0Vf_y2XgNPgWpEHQa5Zvab47e4ySGNG4cw,Abbey Metcalf,https://play-lh.googleusercontent.com/a-/AOh14Gg4iLM2o5sLYeZyVg4ZPtwPZLS0ECIdSNScqvFyHA,"Kids like it, but it keeps completely crashing my Xoom.",2,2,1.02,2012-12-15 07:21:30,,
lg:AOqpTOFPMDGIBYyMw9iM0aovsVy5qP1K63tE0sNR3q3STH31gRoiMGBoaVlBmMYcXIc5R00X2em8hjAj64zm9w,A Google user,https://play-lh.googleusercontent.com/EGemoI2NTXmTsBVtJqk8jxF9rh8ApRWfsIMQSt2uE4OcpQqbFu7f7NbTK05lx80nuSijCz7sc3a277R67g,"Kids love the game(of course ) . But There is not a way to just exit the app without just going to homescreen and having the application run in the background. It's a little annoying to have to go in and forcestop the application after playing it everytime. Besides that , love it.",4,2,1.02,2012-11-11 19:30:42,,
lg:AOqpTOGh6R9_yUxIjwz84O8HkqQrnHrRbyHPhfkj4FGpq4iCEOC9prdnGWOsOH1J0eiHyLhgoYraMl4B8bHNwQ,A Google user,https://play-lh.googleusercontent.com/EGemoI2NTXmTsBVtJqk8jxF9rh8ApRWfsIMQSt2uE4OcpQqbFu7f7NbTK05lx80nuSijCz7sc3a277R67g,"My daughter doesn't like to read much at age 6, but this game gets her to read.",5,2,1.02,2012-11-08 18:28:59,,
lg:AOqpTOHDehBtfCoh83cklYMHkrbPtRKI4KSN1v85nCKLuEkqJUGQfXX6j2GDxtwPkv54qyp2buV_BB_C3bxjUg,A Google user,https://play-lh.googleusercontent.com/EGemoI2NTXmTsBVtJqk8jxF9rh8ApRWfsIMQSt2uE4OcpQqbFu7f7NbTK05lx80nuSijCz7sc3a277R67g,"great work, all these thup games are very well made, speaking as a hobbyist kids android game dev myself.  my 3 year old loves this one, perfect next step from monkey preschool lunchbox.  dosnt quite understand all the puzzles, the hints are a really nice touch.",5,1,,2012-11-08 10:57:23,,
lg:AOqpTOFTrgOy7mxn0sTn3DHDjFQgPVFFaAc6unkEy0kmSK5zE3QIfB9kyCDTH4f9iePzhPrjbnV_Ecb1nuIW9w,A Google user,https://play-lh.googleusercontent.com/EGemoI2NTXmTsBVtJqk8jxF9rh8ApRWfsIMQSt2uE4OcpQqbFu7f7NbTK05lx80nuSijCz7sc3a277R67g,My 4 and 6 year olds are fighting over it and I can see my 4 year old improving in real time. Slightly more challenging than the other 2 monkey games but just as good. Works great on my asus tf101 with eos jb rom and on my LG g2x on CM7 rom.,5,3,,2012-11-07 15:36:35,,
lg:AOqpTOGub2BJMZaHSSXKepgfhZ0TXa3I1QBOBub3uDQWpq1x84gnHbLCQIm3F3iDr357k1ObL7rN0kJr2XEtyQ,A Google user,https://play-lh.googleusercontent.com/EGemoI2NTXmTsBVtJqk8jxF9rh8ApRWfsIMQSt2uE4OcpQqbFu7f7NbTK05lx80nuSijCz7sc3a277R67g,"I love the other Monkey games, but this one keeps crashing my Xoom.",1,1,1.02,2012-11-04 03:01:04,,
lg:AOqpTOGYiOVNZm4wBzPm4lokNd3D5tKD7sMLcdQZr8EnRsjzWegfDzwmw4CbmaWF-JpIkV95DBMzRlxchzApeQ,A Google user,https://play-lh.googleusercontent.com/EGemoI2NTXmTsBVtJqk8jxF9rh8ApRWfsIMQSt2uE4OcpQqbFu7f7NbTK05lx80nuSijCz7sc3a277R67g,App won't even start,1,1,1.02,2012-11-04 01:01:32,,
