reviewId,userName,userImage,content,score,thumbsUpCount,reviewCreatedVersion,at,replyContent,repliedAt
gp:AOqpTOGeYtle79slukqm8i83qpL-tNNzatIMEbNcVLJthABnKDZwLrg4GRR82sjldDFomlI562dQ088hDbhfiQ,Stephanie Pickles,https://play-lh.googleusercontent.com/-EWyS2jA1Z9s/AAAAAAAAAAI/AAAAAAAAAAA/AMZuucmOVfWaCpUoiP4_kD-N4Q2Z8aY3Hg/photo.jpg,"New to the app but loving it so far. The only thing I'm noticing which is a pain, is the plus and minus button to make more or less transparent, the minus button is too close to the back button so it keeps cancelling it. Its very frustrating and I don't even have big fingers. Would be great if you can sort this.",4,0,4.02,2021-02-10 00:54:20,,
gp:AOqpTOFdcjpnKQps2JcRtIJ3ond-kI5psn3frTXzOP-4KYWAyG1rUEZYtJ1TykJCQyEW41q99tlcqwTvvYabzg,Wong Ngalas,https://play-lh.googleusercontent.com/a-/AOh14Ghp_8LwmK9QUdk1QQy0UsJKhmU6305lzAdlE1w102g,Saya membeli full version tp kecewa Karena gak bisa menambahkan model font sendiri.,2,0,3.99,2020-11-27 11:35:03,"Pengguna yang terhormat, Anda dapat menambahkan font Anda sendiri ke font perangkat, dan itu akan muncul di font kami secara otomatis. Terima kasih!",2020-12-06 23:14:02
gp:AOqpTOEvkjZsw88Qm-Vr7Kl0n10FG0GdOajyhJazZjV5ntLxfohcZv5fCPJIFkdh5QyQI5qI6i1W_VakL8v52Q,Karen Roberge,https://play-lh.googleusercontent.com/a-/AOh14Gia962h6SLkYkLdqiMo1n_HlcEwj00M4JVD5Z8bAbA,Keeps telling me I'm out of storage.,3,3,3.94,2020-10-05 14:20:30,"Dear user, apologies for inconvenience. Please report this issue from app settings via ""Report a bug"" option, it will help us to resolve the issue quickly. Thank you!",2020-10-05 23:52:50
gp:AOqpTOEVgn9RMZ-1kC5BXZNky2YE8uQUmEDl8dBzn5SHYrHSWThG832anboTcIUgSlDJUF9JAHsWelZ9fT_Q_A,Alejandro Machado,https://play-lh.googleusercontent.com/a-/AOh14GgVp1VK4REn5oxQhbFus8QxN_ukv4eqg34kkALlyg,Reduce pictures quality/resolution so badly. A picture of 20Mb ended in no more than 1 Mb,1,0,,2020-06-08 08:48:07,"Hi, apologies for inconvenience. Please  make sure “Best quality” is selected from Settings of the app. Also, make sure that you are using high quality photo and logo to get high export quality. If still facing issue, kindly send us original photo, logo and photo saved by our app at: support+ezywatermark@whizpool.com Thank you!",2020-06-09 00:43:34
gp:AOqpTOExtOOwq3l5T-c61-VMkr_DnY-mNOdFN8FiP5bkj1L55DDVJTDZUAQyjrpqnKlBEMgfLKJPBAGJkl26RA,Yanok Man,https://play-lh.googleusercontent.com/-Kj7s8_74s8M/AAAAAAAAAAI/AAAAAAAAAAA/AMZuucn5oXH04q8btY14S4UsYROMBcHZvw/photo.jpg,Love the app but as it signs in to google each time it doesn't refresh my recent pics on my android camera roll you guys tweak or update something recently? Plz help,3,1,3.68,2020-03-13 14:50:08,"Hi, apologies for inconvenience. Can you please contact us at support+ezywatermark@whizpool.com and our support team will get back to you. Thanks!",2020-03-25 03:18:05
gp:AOqpTOG_Zkm2sq-5-PTkoFMnwgwUNHAq1Ad5mf68vBywV7RkUdpaSTiPTYrwC-lPWwZd8x5fvG3IQU8iLxmmaA,Ramil Christian,https://play-lh.googleusercontent.com/a-/AOh14GhhLNDb58YZIW8MzwnfCR6SeH1p_OSOMhXavlzocQ,NO WATERMARKS,1,0,3.50,2020-01-04 10:38:11,"Hi Ramil, apologies for inconvenience. Can you please elaborate a bit, what issue you are facing? Or you can contact us at support+ezywatermark@whizpool.com and our support team will get back to you. Thanks!",2020-01-09 21:19:35
gp:AOqpTOHO_Ugg8-38l0n5bAropvAk5GdJfXox-_LjfovZLk41weIZQ5rHopmgMIu2rdrjgOMTyzf1xkLuf4BNLA,Tchelo Araujo,https://play-lh.googleusercontent.com/a-/AOh14GhzB5uhmJ_GEeM_YT5Gj-1ecEHj0BLG609F2keq4g8,The integration with Instagram is poor,3,0,3.50,2019-11-08 00:02:23,"Hello Tchelo, apologies for inconvenience. Can you please tell us more detail about the issue at ezywatermark@whizpool.com. It will be very helpful for us to investigate and fix it. Thank you!",2019-11-14 22:22:10
gp:AOqpTOEETiu84ZukLjyndtEei36Wj7HuhVsaxL2wOjsbmrGWaOy64lUc0B97u5KRwxYisWwjaR1vSvIG_RjbGg,Rick Fernandez,https://play-lh.googleusercontent.com/a-/AOh14GjoNAV5yiJBDimX_0LuEKtfJBWrIj2gWJyjx7g9,"I bought this app for 1 reason. To watermark my images with a transparent signature. It does the job. It is relatively easy to use, BUT has glitches. These glitches required my to restart the phone. This app has a promising future, but things definitely need to be worked on.",3,9,3.46,2019-08-30 14:24:14,"Hi, apologies for inconvenience. Can you please tell us more about the issue at ezywatermark@whizpool.com 
It will be very helpful to check the issue and fix it. Thank you!",2019-09-02 05:02:01
gp:AOqpTOH2dUkQo01Sg_18YyUOU7LTN-zdBE63IFohK7GvmvTCpVHVACjF2GKHolaowgemn70WPeMmuwltArGLMA,AJ - LISA JIMERSON,https://play-lh.googleusercontent.com/a-/AOh14GgQYWANvQqO5B3UIsqajSwj9aKCAT7E-s8v_7l0AXw,Im neutral at this point because it's new but when i had the lite version i bought some fonts and after purchasing pro those are no longer available and i can't create a blank template.,3,2,3.46,2019-08-22 20:15:43,"Hi, it is to inform you that in order to create Templates, we only need a background image to define the position of watermarks according to the Portrait and Landscape images and when we save the templates, the background image will not be saved. If you need any further assistance, please contact us at ezywatermark@whizpool.com Thanks!",2019-08-29 23:27:35
gp:AOqpTOHw3Xc8-TlMFBpjHiovLSIN2QP-JkE-us1KljL6nZgcgX1nV6n6LzDfRrFZNGeaa4wdX_HZ54EZ-uiyvA,Asadullah Ilyas,https://play-lh.googleusercontent.com/a-/AOh14Gg_BJiTnhW09_JXqAe8hzYPDjVphl1YHqg_cgBEcg,Could it BE any better?,5,0,,2019-07-24 04:04:20,Thank you for your valuable feedback.,2019-08-29 23:38:07
gp:AOqpTOECyx4ot8p7OzXImi1iq9Lvf44omWfEv0NVCNVCWph3CY4w_op-dcuBbeOJebnbz0k2xdy24K7HvUqIBQ,Michael Angelo Malicsi,https://play-lh.googleusercontent.com/a-/AOh14GjNXmk1FIeXLMh2zqZSaHMtPogsWPI1kNfNrnhdEHY,"i would rate if higher if this feature can be added. in multiple images, it will be helpful if you can still adjust the items you imported from your template by page",3,0,3.16,2019-07-17 02:42:02,"Hi, thank you for your valuable suggestion, we will surely consider it in future.",2019-08-29 23:39:04
gp:AOqpTOFB09x-UciN_Az1fBVEpQj0a4aH2XaDTCzkgJpLY3oOl_O1jF4EHui7ibJ-3wzJHC-aUpkNGK0YM4fx8w,Tabitha Haverda,https://play-lh.googleusercontent.com/a-/AOh14GiSEqN19PeDSkNsAAyMqGR9xGY1AktLqIK42-Wb-Ls,"one of the fonts I paid.for I cant use the ©️ symbol on, which sucks because it's the reason I bought the font package 🙄",1,0,3.16,2019-05-13 06:21:23,"Hi, apologies for inconvenience. We will resolve this in next version. Thank you for your patience!",2019-05-27 22:09:56
gp:AOqpTOGGsxrYRITuVp6sGZFLbDO4MUBHPVVFxpDKURB4Xe1ov6TWP1t9qF9ipv5xwzNPuouxb3NJonP4LAMdtg,Venkateshwaran Perumalsamy,https://play-lh.googleusercontent.com/a-/AOh14Gg8fSpqKJHIFdnbWc9wYft8Vgps_pExTe_4Hh5eTw,"Best app before I have purchased pro version, once I'm done with pro the export option not working properly. worst for money. many bugs after pro update.",1,0,3.16,2019-05-03 17:22:16,"Hi, apologies for inconvenience. Please contact us at: ezywatermark@whizpool.com and we will get back to you. Thanks!",2019-05-27 22:10:51
gp:AOqpTOFYSBCAnRcrAeZKSYtAn8wG-yeUUObCReepZEQxXSYUV8B0yDwxdqH3tnJCQjaAnvavglqlcNq-0FPR5Q,mancave sports,https://play-lh.googleusercontent.com/--z79D4dqNrY/AAAAAAAAAAI/AAAAAAAAAAA/AMZuucmfVjRMlHo71dy0u3dvmQ2s5cGtFg/photo.jpg,NEW UPDATE HAS SEEMINGLY FIXED THE ISSUES FROM WHAT I HAVE USED SO FAR MANY THANKS,5,0,3.13,2019-04-22 02:06:34,"Hi, thanks for your feedback. Means a lot!",2019-04-22 03:42:21
gp:AOqpTOFWPwq7CZANh_5jcBQ-RvskohLPMPDSHKuea142qB9-fpeuNy5miVi7uv20YoitOfU5ZKawJxdf0VXLIQ,Nathan Steils,https://play-lh.googleusercontent.com/a-/AOh14GjsE9-OjoMzCM0U6dUSbJsUCkLtqTZOVapoiyCMn30,very useful for single image processing. multi image is still a bit clunky and even the paid version of the app limits you to 5 images at a time unless you buy another premium app.,3,0,3.13,2019-04-17 07:01:10,"Hi Nathan, apologies for inconvenience. Our developers are working on this issue and it will be fixed very soon in coming update. Thanks for your patience!",2019-04-15 00:05:43
gp:AOqpTOGXRidJNiCtEvV4Jy5TVQkfxSzuPGnhZstD_C5lr3stKAtZxJK_XQpNuOOXONLF-s5DdtCQbsafNZBrSg,Thamer M,https://play-lh.googleusercontent.com/-gjSXC0aNzS8/AAAAAAAAAAI/AAAAAAAAAAA/AMZuucm_xpqjEHJGSL2_4AvDAOj4UD6JGw/photo.jpg,"I purchased this App but unfortunately, It does not work, it will not load photos! I contacted customer service and they replied to me, however, they did not find a solution to the problem even after the recent update!",1,3,3.10,2019-04-12 07:08:43,,
gp:AOqpTOFU9J2xYUys9rthgozQNe3U8GqUPm36E6GSaJPFV1qvoiJTm_fzEqSVE5b2shFFIuSCJkHG1bBoEoaiRw,Randy Desrosiers,https://play-lh.googleusercontent.com/a-/AOh14GiEKBBZIJas2T_4raYU5wpHhnh5yq3sCPyOdYfC,"keeps crashing, will not load. I purchased full version. help!",3,0,3.4,2019-04-09 06:27:36,"Hi, this issue has been fixed. Please update your app and let us know if you still have any problem. Thank you for your patience!",2019-04-11 23:01:14
gp:AOqpTOHaYQtLhgAN8RtL3Q6QAqCnlgPrHZ9gxlj5quFSK8jzR4xXzvlf7j_hRaC4XRGKZy1qZbZgFXkpcIf4iQ,Laura M,https://play-lh.googleusercontent.com/a-/AOh14GgfDmdnQYtcee4231t1nQy9NWQVUEzCE5p8Yf5YJ14,keeps crashing,1,0,3.4,2019-04-06 15:20:33,"Hi, apologies for inconvenience, Our developers are looking in to this issue and it will be fixed in next update. Thank you for your patience",2019-04-08 05:50:47
gp:AOqpTOHx7foiTgboNT_d8U9A626S_VWxiukIHOyoPVxBnpJgQWa41ZWLFt0E1o4PtdV6kOF7t573CjteWmE9AA,Cheryl Bremner,https://play-lh.googleusercontent.com/a-/AOh14Gh02tOKgfqXtWdHc1yA9tfgUxrZGtF-C7VOd0Hwaos,"App won't load at all after working fine for ages. Tried force stop, clearing cache, uninstall and reinstall - nothing. Not hapoy as i paid extra for the full version of the app 😡",1,1,3.4,2019-04-06 01:04:48,"Hi, apologies for inconvenience, Our developers are looking in to this issue and it will be fixed in next update. Thank you for your patience",2019-04-08 05:50:55
gp:AOqpTOE5_bmtm37-X99JAXyvpwEDtTtLiKYMzA7E7X9AFMDFJYTcwDyL-_1mfsGmjDp9RrCx1_tUsybrMqgHew,Miss Pretty,https://play-lh.googleusercontent.com/-voEvFxJPZjQ/AAAAAAAAAAI/AAAAAAAAAAA/AMZuuckuz7Y7-DK0vNRAIDkjH2g9UDe5Ig/photo.jpg,fixed and working great! thank you,5,0,3.3,2019-04-03 22:20:54,"Hi, thanks for your feedback. Means a lot!",2019-04-04 05:43:46
gp:AOqpTOF0Ed0UD8J6SyqPVX-_WwYkgwj0afQY9sDPctCpnr_Vm1TH88rWXzzEDWzo5sKtwf25FSnGvTa7QCXgjA,Charlotte Davies personal,https://play-lh.googleusercontent.com/a-/AOh14Gg60gb2cKtM4UEnQoQywvTO5YjKer9R7ZrYMDbBjCA,"Used the lite version but my logo wouldn't work as it has a ""clear background"" so it said this feature only works with the paid for app which is fine! So I paid and guess what.... It didn't work.",1,0,,2019-02-22 23:33:40,"Hi, apologies for inconvenience. Please write us about your issue at: ezywatermark@whizpool.com and our team will get back to you. Thanks!",2019-03-06 21:10:37
gp:AOqpTOHlQW0YREQvMPuq5UC1JZtW681AUKmcSUSykL-guWzyC2qdZ_YujUj8BRXjrfr1EosXmLhE8XTCPfNr4w,A Google user,https://play-lh.googleusercontent.com/EGemoI2NTXmTsBVtJqk8jxF9rh8ApRWfsIMQSt2uE4OcpQqbFu7f7NbTK05lx80nuSijCz7sc3a277R67g,"its says unable to export image, tried many times",1,1,3.3,2019-02-21 14:20:25,"Hi, apologies for inconvenience. Our developers are looking into this issue and it will be fixed in next version. Thank you for your patience.",2019-02-21 22:02:13
gp:AOqpTOHUZUJOFOWYIJyDIz94XjDRwAYlavm8_o-qn92ftre8fd_56g_aS0IGIgHGgx4o6Un_Ie7niVbWarBYCA,Lara fadipe,https://play-lh.googleusercontent.com/-EsYqSkRexWo/AAAAAAAAAAI/AAAAAAAAAAA/AMZuucmXgdVnBQ3LgpY_r-Yk1CQFZBnJXg/photo.jpg,"you keep telling me to buy when I want to use a different logo, and I've already bought it. please, fix it!",1,0,2.0.6.0,2019-02-14 12:02:38,"Hi, apologies for inconvenience. We are unable to get your problem, please write us about your issue in a bit detail at: ezywatermark@whizpool.com and we will get back to you.
Thanks!",2019-02-20 21:11:01
gp:AOqpTOGXzNKxpasWR5wHEmVhlrNAPZn4az9vLKjKvUP-n_KcmecH-GHLSQ8MsIjywWVDc4NlOLVSul9yQBQbAw,Baby Santana,https://play-lh.googleusercontent.com/a-/AOh14GjKO4JE7HR2AhNhFe1i6wsU4DNebS5FynMviF4KmYs,I lost the fonts that I paid for on this app. Now I have to use a different app for my watermark,1,5,2.0.4.3,2018-11-27 18:20:55,,
gp:AOqpTOHflDT5vmFtbsWzaVV_1oEjKQj8LNiq0IvOaLRUaMtCjvLZLi680OC7BUembpER9iHqtAIT_9I7D1H4hg,Mimi Francis,https://play-lh.googleusercontent.com/a-/AOh14Gh_mMsIYxRK7MKHLOIFfhe2iEWk8F30cheU44aHmI8,"I purchased the Pro version maybe a year ago (?). It was working fine up until a recent update. Now after applying my watermark, it just brings me back to the main screen whenever I try to save to my phone Gallery or share on Instagram. I uninstalled then reinstalled and am still experiencing the same problem with saving and sharing. Guess I'll look for another app...",3,8,2.0.4.3,2018-11-24 08:54:29,,
gp:AOqpTOG1HEKH0Ji2vyIyOl4EVsSznbQXI-JZ61ts0xncMHFgTie16PvxK93JIZlv_XJAjJI_YIWJZZAtC-gK5A,A Google user,https://play-lh.googleusercontent.com/EGemoI2NTXmTsBVtJqk8jxF9rh8ApRWfsIMQSt2uE4OcpQqbFu7f7NbTK05lx80nuSijCz7sc3a277R67g,"I bought the pro version again! To watermark more than one photo at a time, which I can't do! There is no difference from the free vision for what I'm trying to do",1,2,2.0.4.3,2018-11-22 02:35:15,,
gp:AOqpTOGirIqxuLzD3i8Z7uuDs-4Fci1-WciIlDD2Y9Dc5PUxB58-FiWAoXmLBMHoIf-i2r0v36JVVwM3X1vDZw,Johan Ortiz,https://play-lh.googleusercontent.com/a-/AOh14GhQLrJq8CjTzQTgnm9SDjcbMQKC1eQ6DSdRd2z6YV8,Does the Job just fine,5,3,2.0.4.3,2018-11-09 18:12:40,,
gp:AOqpTOFS9oeW4CgNS2rdkmmoKjJswlpZo65Vm70iWr6jYXHmKq2SPVTQYQfMg9ob4Tds_YEgrrC6TJ_1hFu5nQ,Muhammad Hassaan,https://play-lh.googleusercontent.com/a-/AOh14Ghfl3RIpYswZmXz4Wdt2KXZdzPbdw8JXx2nvY-VOg,Nice,5,0,,2018-08-20 07:35:33,,
gp:AOqpTOHhM7C3ykfQZKIl4Y_yRVhddpySxClx4yU4A028d0vLyY38ag5LvN_4TzURfcsW1HU37qs8ymSaM0icug,A Google user,https://play-lh.googleusercontent.com/EGemoI2NTXmTsBVtJqk8jxF9rh8ApRWfsIMQSt2uE4OcpQqbFu7f7NbTK05lx80nuSijCz7sc3a277R67g,"I payed for video pro, because I don't want the watermark instead I was 
given an update for the photo editor , please do something about it. Thanks",1,0,2.0.2.2,2018-08-18 07:04:25,,
gp:AOqpTOHwmHk_5WtJ1mU9j4qMph-Xy3nksXhik_oOFFInb2YzymP8f_s16r-CZ5uItzJA8sgvlKiZn5lr8E8OZQ,Misty mortensen,https://play-lh.googleusercontent.com/-99DEv0dAvYo/AAAAAAAAAAI/AAAAAAAAAAA/AMZuuckPE4V8oLQ51Oh_ZZ5YodVzUsijpQ/photo.jpg,"It won't save my final picture. It says it's saved but isn't showing up in 
the gallery",2,0,2.0.2.2,2018-07-17 15:31:46,,
gp:AOqpTOF9pUgOR32yijYm9gEdd8RhpFcWfAbG2QKf7di7oiFxLGQH0PB-2ou0j8w7p3W6uEY4AN6vZBYrvYuRBQ,Matt Hullinger,https://play-lh.googleusercontent.com/a-/AOh14GhjE45fVDcU9wBT7SFHNPiwrnUvMHJ8WdSyKO9wNw,"The lack of batch editing is crazy. The iPhone lite version has it. Should 
be an easy fix. Wish I could get my money back.",2,1,2.0.2.2,2018-05-10 15:17:56,,
gp:AOqpTOFci11_JOHdWZ3l3bimUzK8fdHR4B-76uKdgjAikEDAWmb9gc_MSWtCp0NPz1mRGn4t1I6vRErLO8xYTA,Melanie Dolby,https://play-lh.googleusercontent.com/a-/AOh14GiAfyDw-BJPYU9RENF0sBlj4CiaTHbJtc0jRJVi,"Use this on iPhone and could watermark batches of photos so I bout the full 
version on Samsung... wish I never bothered having to watermark photos one 
by one takes too long",4,0,2.0.2.2,2018-05-09 10:06:04,,
gp:AOqpTOG10Axz7eIF5Wf3bfaCon1z7phpxM7OfTHeoygCaSUxGAsxBu_wmi4STCq1q52PWb2PS_gpu9XkvmY75Q,A Google user,https://play-lh.googleusercontent.com/EGemoI2NTXmTsBVtJqk8jxF9rh8ApRWfsIMQSt2uE4OcpQqbFu7f7NbTK05lx80nuSijCz7sc3a277R67g,"Basic gui and great for what I need. I watermark with a company logo which 
is placing a photo over a photo, but to do anything else I have to buy 
features. Largest downfall is that on Android I can only watermark one 
photo at time. This really, really, REALLY sucks. But outside that, it does 
everything I need it to. Haven't had any technical difficulties except, 
that although I paid for the so there is a small unobtrusive ad that wants 
me to buy autograph",4,3,2.0.2.2,2018-04-18 07:52:21,,
gp:AOqpTOG2xQmJXqQVo38fSZjzDkLA2jMzLXiSXa_WdCuthXisWHaIWIggqqfLiL6e47enymIvjpaR-W4kPsm-sg,Sami Haddad,https://play-lh.googleusercontent.com/-cCOkituzBbM/AAAAAAAAAAI/AAAAAAAAAAA/AMZuucnDbCJ-Iwgf6XP_S-VULffgAMnl9A/photo.jpg,On iphone this app lets u add multiple photo at a time. On android we just simply cant and its very annoying,2,0,2.0.2.2,2018-03-29 02:10:24,,
gp:AOqpTOFOYHB_fBz3VI5qTCMszLWPFzjFkDQguaiVsBbt-gNwR-PxnDq-cSbygsRFElVHzTitUt7l_5c9hIMOQw,A Google user,https://play-lh.googleusercontent.com/EGemoI2NTXmTsBVtJqk8jxF9rh8ApRWfsIMQSt2uE4OcpQqbFu7f7NbTK05lx80nuSijCz7sc3a277R67g,I paid for this app and the photos doesn't charge,1,0,2.0.2.2,2018-03-28 10:38:37,,
gp:AOqpTOFZdvvwr9iK9RB-j7tjHbi2vXfpfri7J0YDZjDHdj87Dilee5NgXEOD2zV8fjXaDgUxzsoolnBkMcg_Pg,Jemma Bailey,https://play-lh.googleusercontent.com/a-/AOh14GhdSneVJC7dyW3E9XVg1k9bWRVGnPOnSkSzEeRP_MQ,Just recently I haven't been able to screenshot the watermarked image as it changes the size from a square to rectangle and if I save it the picture is all pixelated. The logo is blurry,3,0,2.0.2.2,2018-03-19 11:41:48,,
gp:AOqpTOHj9-sjjhpItgaO4p_hOettYUVYoAZXCgqWGKd1clKG6CvwqidsNfvM64iFfZvy2IgLMi7bQESufrTyUQ,ionut iagaru,https://play-lh.googleusercontent.com/a-/AOh14Gg--wjMFK23OGkp4-dne13yLisEEL-Iat0884LLTA,I've paid for multiple images and now?..........,1,0,2.0.2.2,2018-03-14 04:51:35,,
gp:AOqpTOEzjOkxIpwxELlIAxcbP9fSu7mYMsSITaL-HftMOCHwyD_qPWIwwQijnC_DbaP6YNy_M71MClxzi9KZKQ,Skadi Wolf,https://play-lh.googleusercontent.com/a-/AOh14GhPEJfhSAUlaUIpHhxQnfErMkfGc6CGWq-B9RoelQ,It won't allow me to watermark all my photos at once. It's frustrating having to watermark one photo at a time. I bought the full version and still watermarking one at a time. Needs a select multiple photos button,2,4,2.0.2.2,2018-02-11 10:44:19,,
gp:AOqpTOFgcj72IlZBxvBiGPOxnXiOdTs8_v0mCH9pJk0Zl0Y7p20Iq9D3egsLeh1K0EZoDBBGyx6v6uCgwNXYqA,LaTonya Smothers,https://play-lh.googleusercontent.com/a-/AOh14Ghs1qxgeoZuD_tTaVKhVsPx3-dgKYhStAgo5sq5o0U,How do I select multiple photos to watermark? A friend downloaded the same app and she has a single and multiple option. I don't see that as a purchase option within my app????,3,0,2.0.2.2,2018-02-10 05:06:03,,
gp:AOqpTOFVsRyWetRw68xxmIh1nlfKHMKQWNl38RMlxkB6zLxx3RvriubShiZ48iI4_9pZE6yqqbplZdQT6i9BSw,Cleethorpes News 24,https://play-lh.googleusercontent.com/a-/AOh14GjDdnu5OuPBW83IjLAuYcv7AFIqvbQUNjP9yvN1,Does what I need for my job,5,0,2.0.2.2,2018-01-17 12:16:39,,
gp:AOqpTOEtmkgUPq-H-Lutlh8bq5hl9wWBZOU3tflrkdETcdZpTMc4glsVp6R13a_asX0OC13mvBIIIwwtnmiU8w,Mrs Bullock,https://play-lh.googleusercontent.com/-HF3lmjhAI1Q/AAAAAAAAAAI/AAAAAAAAAAA/AMZuucl0FrF4rChh7EnB_SQIrIlkmXoz6A/photo.jpg,Can't upload multiple images on Android.,3,0,2.0.2.2,2017-11-17 18:52:55,,
gp:AOqpTOGps-8ih2xpsbbEIMb8POYWm99capgKsWknfed63rcLk-QEl65_LnNa9dqnJQf1tSVaeCms8594M5F_bA,Samaria Collier,https://play-lh.googleusercontent.com/-lrXBY_Jc7YQ/AAAAAAAAAAI/AAAAAAAAAAA/AMZuucmen1TQou5qLScLi0Kp8gRb8scfQg/photo.jpg,I love the app until I purchased the pro ..it will let me make one then won't anymore .i uninstall n re install and same thing..please fix it,2,0,2.0.2.2,2017-10-24 18:07:55,,
gp:AOqpTOEVaBlOGKzRh96oigx425u9_2V4zEZzaXJNZWs8UftZ6pMr2Cm3vOIiqEGmUYlm5qLWoWExL28ric5hXg,El Potrillo Western Wear,https://play-lh.googleusercontent.com/a-/AOh14GjmpgXDQM7Av1hqbY2mG9k802TAkbX0ILyHAw1IEQ,I bought the full version and it doesn't even let me load any pics to watermark them! I only get to see the damn loading icon that's it. Can I get my money back?,1,2,2.0.2.2,2017-10-04 16:30:55,,
gp:AOqpTOGRWJrqdX2Uidc84Rryyqr5qf9Gd8Gd66XY4zwsFy80Rp2CL4zP0yOEpJhgYyoQZVbGnG3-5Jc0JCYBow,Evan Johnson,https://play-lh.googleusercontent.com/a-/AOh14GhNeqHrhsYSB5rHZJk1h55VQEfGZyqQqDxbaEKZPg,I couldn't load any images from my gallery or cloud Nexus 6p,1,0,2.0.2.2,2017-09-08 18:16:55,,
gp:AOqpTOEKK4Fq1Ffk7io1uOPGd848DiHZGdxaV2WWENtHOzywLN0ToSEEQCD4OZCZfHR5AN2cRj-R2HG5609yaw,Tony Gayter,https://play-lh.googleusercontent.com/a-/AOh14Gj3mUCulKgutCbB76AgaDreoVEJPjFI74Jvk_9zig,"Seems to work well for me, the pinch to resize which rotates everytime is very annoying, plus it REALLY needs a batch processing facility. Overall it works well when I am not near my PC to use lightroom",4,0,2.0.2.2,2017-09-05 04:40:29,,
gp:AOqpTOFWybQj4kvTCmaNqH6iGW6p6F4SY7LCgZPOwp69X3Lw7iHLxFJdYA1QAf4nhch05bVk74s1TX5FEly6zA,Amirali Merchant,https://play-lh.googleusercontent.com/-oAiUC1vxoKI/AAAAAAAAAAI/AAAAAAAAAAA/AMZuucnAzPs2tg9AAIvdQUlQedHTbpOvZw/photo.jpg,Excellent,5,0,2.0.2.2,2017-08-05 09:04:42,,
gp:AOqpTOHTZPCJ2Qbb7k61XwFFZ7a79nVYZ0O0DdQZbt4FxY951jWlazYPo_KmyWfZj0_ZY-PeVHb_--FnY3s49w,G.MICHAEL Worthington Photography,https://play-lh.googleusercontent.com/a-/AOh14Giv9WvF1lXT0xFgl-3i-dO8aKAsQBVeJc3SpW0qW_8,This app sucks I purchased it the ideas good but it doesn't work it does not put my signature on the photo at all like it's designed to do it may have worked three or four times but after that it stopped working and the customer service does not respond in a properly Manner and has not resolved the issue,1,0,,2017-07-27 10:39:36,,
gp:AOqpTOEOlY6FhLELu3Ukfzr02bNABIthoyx09BbFws3NcKp29jYmr343yX8hv8o5oGvYzZSzT3ClrvzPdldxIg,Chasity Rosales,https://play-lh.googleusercontent.com/a-/AOh14GjHBSeJaKsM0RW0Im6-WIW68xk7rNMx9i1yYWtHpQ,"Love the concept and when it works. However, working is it or miss. No consistency.",3,0,2.0.2.2,2017-07-12 19:17:22,,
gp:AOqpTOGbgdD0Eb1JcttYu9nQjo-HuwRh7a5QPCAkMK3HDtRy7ptZ-D9KPfbQIfCzJh4P73znRSeSWmAMGVugjQ,Abbey Hayes,https://play-lh.googleusercontent.com/-bB9UzPd5MQE/AAAAAAAAAAI/AAAAAAAAAAA/AMZuuckC8LsC8UAOUy8IWLqC_TK-bwFrWg/photo.jpg,Awesome app to create and save a watermark. I like how I can use my own autograph if I want or use text.,4,1,2.0.2.2,2017-04-25 03:23:30,"Hi, There is surly a way to remove it.In Autograph screen please tap on the button with clock icon. if you still need assistance feel free to contact us at ezywatermark@whizpool.com. Thank you",2017-04-24 22:48:01
gp:AOqpTOHG2V2pz6Chm5b36ER2fvqCHJhrqmDKwg4ZsWqvPHUyp6OwsRjLquweIVEAaSLVCu8SaxS0njKG603cDQ,Vic Helton,https://play-lh.googleusercontent.com/-054UMeeE3Bc/AAAAAAAAAAI/AAAAAAAAAAA/AMZuucm9OJcryIxPXnbsBjXvpGRg1LA7ng/photo.jpg,Ez is not correct!,3,0,2.0.2.2,2017-04-22 08:00:43,"Hi, we value your words a lot, they help us in our betterment. Can you please explain it a bit more that what you didn't like about the App. Feel free to contact at  ezywatermark@whizpool.com. Thank you.",2017-05-03 04:44:07
gp:AOqpTOF4MU6sAeyhkPdAcr0eygTbmQh8gLFzx-eh0aqhXp4MqN-WS86xnUyjAcxoSuAUUUSh1U58YpHTaDXjHg,Roshan Rocks,https://play-lh.googleusercontent.com/a-/AOh14GjoUMkfDFOy2GcJrO6Rxz27-iqBJGYnbPIwOvPlzw,Low quality pics after edit  and very less functions,1,1,2.0.2.2,2017-04-19 06:06:09,"Hi, We feel so sorry for not satisfying your needs but we are always in a process of improvement and betterment.Your issue has been reported to our development team and it will be resolved in near future. Stay connected.",2017-05-03 04:23:59
gp:AOqpTOGJzhll-grhqlW8w8jPRXFvOqPbcOBI8_qu594gNMsGIggBbOz1LAFBjJXH9uXpT3OKnfghs_XV3bCi7Q,lea faletti,https://play-lh.googleusercontent.com/a-/AOh14GgYoljn-GtEoZGmtCb9e2abQfsV5aBI5Y1ImvsQh9E,The only thing I wish you had as a feature is the watermark on back of a photo. Or make it invisible ink if that's possible otherwise very easy to use and I love the barcode feature,5,0,2.0.2.2,2017-03-27 13:47:03,"Hi,Thanks for the appreciation, it means a lot to us.In our App we have a feature that changes the opacity of watermarks (it changes the visibility of any watermark from sharp to invisible). This feature is available with      (+ -) icons. If you still need any assistance regarding any issue please contact us at ezywatermark@whizpool.com. Thank you",2017-04-24 23:19:57
gp:AOqpTOFbVtHSnTtvnhHYx7IHGvhZQYQoqL-AobuxoME5iQuE_xcs-7QNK5dWYDN_J9SCS5j7KbWxB2ty8YoL0A,Andrea Marie,https://play-lh.googleusercontent.com/a-/AOh14GgAb2f3x2u9PxEaXV07l2EOGKFpVWccXl8Lt_7wNw,"I have never written a review before, but this app is so ridiculous that I had to. Does it watermark your photos? Sure...SOMETIMES. It is so finicky and I have yet to be able to watermark a whole batch of photos for a blog post without needing to relaunch the app a bunch of times because it just stops working. It is an incredibly frustrating experience. Pinching to resize never results in the size you want...as soon as you let go, your watermark invariably increases in size. Pinching to resize also results in your watermark rotating, EVERY. TIME., so you have to spend time making it straight again. The opacity buttons are extremely insensitive - half the time they work, a quarter of the time you click and nothing happens, and the other quarter of the time the opposite of what you want happens. It is just a really frustrating app and makes watermarking your photos take WAY more time than it should.",2,12,2.0.2.2,2017-03-02 03:02:20,"Hi, We are extremely sorry for your bad experience, all the issues that you mentioned have been duly noted and forwarded to our skilled development team, we hope that next time we will come up to your expectations.For more assistance please feel free to contact us at ezywatermark@whizpool.com. Thank you.",2017-05-03 05:15:20
gp:AOqpTOECbTNeX7NLE0eF9wQtrzKUytOV3yHpvhd2QdnjbPzEl0CW5NC41zRiOxtEE_GC7f0kBMLI0ISH652U7A,Melinda Howard,https://play-lh.googleusercontent.com/a-/AOh14Gjms4PuzXS8xGfdJs_h7aqCF3f4BskqNwlWDY3RWQ,Very unpredictable app. I never know if it's going to work.,1,3,2.0.2.2,2017-02-22 09:35:01,"Hi, it's our regret not to meet your needs. we will highly appreciate if you elaborate a bit more about the issues you faced. For more assistance you can mail us at ezywatermark@whizpool.com. Thanks",2017-04-21 00:30:33
gp:AOqpTOE-8oC4dc6II3UCDc5MI00awbKnhSXFcvFcROeF5sPWiJAG-mk8QpKdqgWigMy7cSt4YaiyVzqOqYEv1w,Dominique Allen,https://play-lh.googleusercontent.com/a-/AOh14GgBLx1ehsUCoA-rwes_eTo7rRFEMk9FZEAVca08lA,"I like it but.... It needs to get rid of ads, the ads are annoying and I can't find a version to pay for to get rid of them for photos",3,1,,2017-02-17 13:01:01,"Hi, Thanks for your appreciation.About ads, i will recommend you to shift to Pro version of this App or you can also buy the in-App purchase of ads in settings of lite version of this App.",2017-04-20 23:32:30
gp:AOqpTOHWQMb-cgyyPs1UnkJD7rMOQY6na7Hcxo9phT4AFSQv7L0nF3dweEZ5fKEA91tCgBnHS9BGefkYdnS9Cw,Apit Crew,https://play-lh.googleusercontent.com/a-/AOh14GjyE2ObddL1MbSTd9sdyy70-A-Fks0EBP69QPjk6Q,Compress low quality after edit,1,3,2.0.2.2,2017-01-30 20:29:08,"Hi, Thanks for using our App. Your issue is under the consideration of out development team and it will be fixed pretty soon. Stay connected.",2017-05-01 22:19:08
gp:AOqpTOHBYg4WJPqBGohny3V-qBNgJiUtcNAlcd0eEmoi-MsYbRql5dmmopAeFPV0eUqDK9tCFWs94rCQQiXDNQ,Vera Battemarco,https://play-lh.googleusercontent.com/a-/AOh14GhU5ytVRg0hOFvPxy-GKNapLNsOqPuSAYdjThTVOIU,"The watermark is always too small with no regards for the size of the actual images. Stopped by to check on updates only to find that it now wants to know who is calling and their numbers plus a whole bunch of other information irrelevant to this type of app.  Mind you I paid for this app, there is no reason for all the snooping and lack of privacy.",2,1,1.12.1,2016-12-05 04:43:39,"Hi, we are extremely sorry for this but the reason behind contacts permission is to give you feasibility to share this app with your friends via SMS, other than that we have no intention to snoop in the privacy of our valuable customers, which we  think is ethically wrong.For more please contact us at ezywatermark@whizpool.com. Thank you :)",2017-05-04 05:29:56
gp:AOqpTOHuUJGFUiskiJawkJ0yn-DzRBDbeF7LbubCNA3DZXkEWjE_e5N4jeAaf_eqUP73MgDgfIejpWbXHSChVw,Chris Amendola,https://play-lh.googleusercontent.com/a-/AOh14Gi9rv5OluGXo4mSVSWZPDVUgcMmmpU3fAvbc6laMg,Use it daily..... latest bug has been fixed and these guys will work with you to make things right.,5,0,2.0.1.7,2016-11-21 03:30:22,"Hi, Thank you for your acknowledgement, For us your satisfaction comes first. we are happy  to serve you with the best.",2017-05-01 22:22:13
gp:AOqpTOG44ikWCkdue6j-rIgoTRqlk2maxfMsfqfEvgF3RpjTOezYkOQoeZF3RN6-QhGF9BPiKiI2TYqns43X0Q,A Google user,https://play-lh.googleusercontent.com/EGemoI2NTXmTsBVtJqk8jxF9rh8ApRWfsIMQSt2uE4OcpQqbFu7f7NbTK05lx80nuSijCz7sc3a277R67g,It would be better if I could do multiple pics for Android for this paid for version,4,0,2.0.1.0,2016-11-12 20:41:40,"Hi, Thanks for your words. We value them a lot. Our Bulk feature is under development and will be available pretty soon, Stay connected.",2017-05-01 23:33:28
gp:AOqpTOE06UdjVZk98THm-9crsCcYxqzQ3dFFzF7ZP3jJFnIDF9ENKTTnpcy2NOqA0UPrQEivN76zXPpmjplVQg,Sarah Scott,https://play-lh.googleusercontent.com/-gfTGsbIn_EY/AAAAAAAAAAI/AAAAAAAAAAA/AMZuucm9dLyc5bEAkPdJCc2mEg3KsmXkNQ/photo.jpg,Purchased this app specifically so I could save my autograph watermark to put it on my photos before posting. Once the app updated my watermark was gone! What use is it if I have to recreate a new one every time it updates?,1,0,2.0.1.0,2016-11-01 23:14:26,"Hi Sarah,
Please excuse us for the inconvenience. We always have a solution for long term supporters like you. For further support you can contact us at ezywatermark@whizpool.com. Thanks a lot.",2016-11-02 00:09:49
gp:AOqpTOGZEMQ7TmOzgFqtT2qjNzbXnY-Hq9yrIg8dhh0_y7NqLI-DtsajydIASEuRwWk4-pDm--I1mvHBJ4vjAg,Lisa Holland,https://play-lh.googleusercontent.com/a-/AOh14GiCZ22cJla12IA-_79_-mHuMUSOjvaZ6Oah168CKA,Not to easy to use could be easier but otherwise better than some others,3,0,1.12.1,2016-09-20 11:36:44,"Hi Lisa,
Please excuse us for the inconvenience. We always have a solution for long term supporters like you. Please update the latest version of App. For further support you can contact us at ezywatermark@whizpool.com. Thanks a lot.",2016-10-20 00:53:33
gp:AOqpTOGis7TAZgNblFedclBO2iBpxJ9AK4WwL9ODl7_78DAw_PYY3E0RqgL8unlXHTWHgwb1-UMPYsugGaOV9w,The Swindell's,https://play-lh.googleusercontent.com/a-/AOh14GhZu6TI0ONFQcKRnqmHPtZbjNEKaVm34OV-Eq8gXw,"Don't $ for this app!! You'll regret it... Force closing all the time, doesn't save things......",1,3,1.12.1,2016-07-31 06:53:42,"Hi Emily,
Please excuse us for the inconvenience. We always have a solution for long term supporters like you. Please update the latest version of App. For further support you can contact us at ezywatermark@whizpool.com. Thanks a lot.",2016-10-20 00:47:18
gp:AOqpTOG7MWiEbbjbFdLOc2xeMrU1LFdMKHUI9uKS8TN4TkRGeCEuNTP6nR3det-uZtRP835pdn8WtLJV4ajl6A,Iain's photography,https://play-lh.googleusercontent.com/a-/AOh14Gg16lssVTxDBRZtpLOP3XUu0Joe8bpUbZSNzSbxPA,Cracking little app I can add my logo to my photos on the move 😎📷,5,0,1.12.1,2016-07-25 22:31:36,"Hi Lain,
Your feedback is motivation & encouragement for our team. Please update the latest version of App. Hope you keep enjoying the App. Thanks a lot :)",2016-10-20 00:37:53
gp:AOqpTOEeqJBxrN48-AbMWnPKrL4DsIIk5gVX_nyEgHhcRjUeZKu5Z5RjtXD3TQl5vYMFpjgvJI1XRkzUPADygQ,Tom Hurren,https://play-lh.googleusercontent.com/-V87K7pfab7g/AAAAAAAAAAI/AAAAAAAAAAA/AMZuuclmnOM1wILF7dsFP2phMmOZWkxHvw/photo.jpg,Great app,5,0,1.12.1,2016-06-18 23:16:09,"Hi Tom,
Your feedback is motivation & encouragement for our team. Please update the latest version of App. Hope you keep enjoying the App. Thanks a lot :)",2016-10-20 00:40:08
gp:AOqpTOHoxUdvDRtFxkd6pzCjzihcdLr00xWdcPDZJkYvQHyYl4HpQO8xdpIvMS5j-ExaGRMsqnO69GsEwYErTQ,Marc Gillheeney,https://play-lh.googleusercontent.com/a-/AOh14Gg0QQYKzuI1phcC9LSEKoiWZSRrpBDz6CizCNSGpQ,Most watermarks i add make the app force close when i go to save it. Samsung Galaxy s6 edge plus,2,0,1.12.1,2016-06-05 05:14:33,"Hi Marc,
Please excuse us for the inconvenience. We always have a solution for long term supporters like you. Please update the latest version of App. For further support you can contact us at ezywatermark@whizpool.com. Thanks a lot.",2016-10-20 00:55:25
gp:AOqpTOG041DROceO4XkUI-7WNJfvB-CHMvzxsg46oTXJGeBbXIRPha_pL_2VNZycyKiWtWfcRRikQ1nNuod7EA,Manjeet Singh,https://play-lh.googleusercontent.com/a-/AOh14GitbV6hi4WQVpdgmhjrOiK0fa6-6rZ4eoUDDBR26A,Nice,5,0,1.12.1,2016-05-12 10:33:47,"Hi Manjeet,
Your feedback is motivation & encouragement for our team. Please update the latest version of App. Hope you keep enjoying the App. Thanks a lot :)",2016-10-20 00:39:56
gp:AOqpTOGUsby-DhiiHUIrXQ3s8aH9ZvHWsEDodeBHOZxa70P7Dfrr6ZxayenMjgyHyGCWAq2kpj4oc4kFMRqc5w,Glen Stevens,https://play-lh.googleusercontent.com/a-/AOh14Gh2vXOgp7lAmYVtGnzh-y92b5R333GjXUJuViBJ,Great app for watermarking but bit annoying that it keep turning the photo on me,4,5,1.12.1,2016-04-09 03:38:57,"Hi Glen,
Please excuse us for the inconvenience. We always have a solution for long term supporters like you. Please update the latest version of App. For further support you can contact us at ezywatermark@whizpool.com. Thanks a lot.",2016-10-20 00:49:30
gp:AOqpTOGR4kzl53NyHlx7t-40rLG0FMf8jGbTMuIhdmtEEeoSaj5YX25QlOgXg0ErfspeU-DpWrqoXvB6gN7ZjA,Khaleelah Amin,https://play-lh.googleusercontent.com/a-/AOh14GhIwmz_D8Oc9C8f2iMfGeWLd_QX5jcyWxGeEALJ,After editing the watermark and adding the additional text to create a tagline the revised logo saved distorted and the picture was a different size.  I hope you will release bug fixes to resolve this....highly disappointed:((,2,2,,2016-03-27 21:48:13,"Hi khaleelah,
Please excuse us for the inconvenience. We always have a solution for long term supporters like you. Please update the latest version of App. For further support you can contact us at ezywatermark@whizpool.com. Thanks a lot.",2016-10-20 00:55:05
gp:AOqpTOH-nkve8jXqaUZ2BCIY5iqcGfoLf4jNLyjlr-ZNdKc1_H_GdJV4u32KOBCVNLMbEu2y0btFKpcfYIdqWg,Pavel Desort,https://play-lh.googleusercontent.com/a-/AOh14Gj8oSG3y-4z1dCDFbKUhq_0q6Xp5p00WpCc7_4fh30,Having to watermark 10 photos is pain in the a**e. This excellent design is nowhere to be seen. Itunes version has templates to speed up the process at least. Its impossible to place same watermark on the same place within few photos without some grid or helpers or zooming options. I bought the app but will look elsewhere. Really like watermarking itself but everything else sucks. No way to contact developer within the app. No included help either. Changing transparency is a hassle as the buttons are small.,3,6,1.12.1,2016-01-28 05:02:02,"Hi pavel,
Please excuse us for the inconvenience. We always have a solution for long term supporters like you. Please update the latest version of App. For further support you can contact us at ezywatermark@whizpool.com. Thanks a lot.",2016-10-20 00:51:25
gp:AOqpTOHd-nmUSKODvbunLVM-Zewj4tSAUH3YTMPCLAleEZ2gW9z0grzClQi4az62bJoSuunwcIAMgi1uh231dg,Chantel Herrington,https://play-lh.googleusercontent.com/a-/AOh14GhfMci6P3k5QZuiy5W45Kb4Ko7AeytBxh6yNieCZH8,So far I really like it!! Still learning how to operate this simple app.,5,1,1.12,2015-12-30 13:22:30,"Hi Chantel,
Your feedback is motivation & encouragement for our team. Please update the latest version of App. Hope you keep enjoying the App. Thanks a lot :)",2016-10-20 00:39:32
