reviewId,userName,userImage,content,score,thumbsUpCount,reviewCreatedVersion,at,replyContent,repliedAt
gp:AOqpTOHEhD6u2QHM1xe84bzluunGvSU_U4YrS1j--oHO-bICdMozKcnhhUed0IQ6ep4G-a0dtdtLv1p9BpnUzQ,Timmy carter,https://play-lh.googleusercontent.com/-p7ouD5mIoGg/AAAAAAAAAAI/AAAAAAAAAAA/AMZuucn_lFIggPvFUcJu6YD7uLGJRc8L7Q/photo.jpg,It is very good,5,7,1.4,2020-11-07 13:14:49,,
gp:AOqpTOFxxeBfqtvnToG2QADRNVXdcR844FirdxECz1MlkcV1UW7uUsfsMVT-tpKsB9WA9YAUaaAb75VOT1I98Q,Bev Spencer,https://play-lh.googleusercontent.com/a-/AOh14GijAjYqxDPl7zMhkZ9MDBEtOwSrKQ1AhZZg0VXSow,🐏🐑fixed???? 1.5 is coming!,5,9,1.4,2020-10-21 23:16:17,,
gp:AOqpTOFSXdD0AVBfJ5YcUI-aURVxbIvElek5V5Yn30WMAbtSCNzR6C9WIeflyBF5UQo7juTnI2GebrjiLIuziA,STARZPLAY Featured,https://play-lh.googleusercontent.com/a-/AOh14Ghg6c8QatbsyTSD0vn_TRyG1udcOna8DUYJjC3K,Pango she..,5,0,1.3,2019-12-09 06:37:24,,
gp:AOqpTOESa0LRl8KzqDW0MvWdcjwg-mRs9_Sz79IwJnw-PbYZs3nHNbqfy9KnrXh5ImkvZAI3Omdx4Kc2b21Gdg,A Google user,https://play-lh.googleusercontent.com/EGemoI2NTXmTsBVtJqk8jxF9rh8ApRWfsIMQSt2uE4OcpQqbFu7f7NbTK05lx80nuSijCz7sc3a277R67g,fun and intriguing,5,22,1.3,2019-04-01 10:51:41,,
gp:AOqpTOECKDnQ3zMZmYsqA6YsCpuK5heTXLuPB4IRuXrkJV-b6TsLucL-_UU-vMia3H3PAXlCqOEee3r7vreLxQ,Sarah ElShaarawy,https://play-lh.googleusercontent.com/a-/AOh14Ghyq2Gq2TuDMVEc-GzMUOnO1JTGP1eTzYSMraFy,A very engaging yet easy to play game for a very low price!  لعبة جذابة جداً رغم سهولتها في مقابل ثمن زهيد!,5,18,1.3,2017-09-15 13:03:31,,
gp:AOqpTOEAe4Z5ww1Ayp2yNerDdzQvAC9Wv7_Kf3J3IQxgMfLnSIgDUxwo2b_RqAOv_WIGTR4tzwgwEUY2heZJnA,Stolastheowl,https://play-lh.googleusercontent.com/a-/AOh14Gj76jbKAm7TL2c87X5mIZtvCZQqs27fmqUn86MywA,"Very Intuitive controls. A child can easily grasp how to play, and that in itself is an achievement. Very cute visuals too.",5,6,1.3,2017-06-20 03:39:49,,
gp:AOqpTOFAn_S8YJmKpczY7QZf4RQrARfEsh9pFp54CphhRp3hfOohqqkiAVB4uhx6Cb4SGn6ZBrqiPGO_SY9sHw,Joshua,https://play-lh.googleusercontent.com/a-/AOh14GijJ9I7l2UwsS5H_xVEf9kCQHS7mJ6Gp67KbJOZoac,My son loves it,5,7,1.3,2016-06-30 18:57:51,,
gp:AOqpTOEl_FW3ucOW1zn4GgIhI8YX0-gBOk-6yaQoW0S4fVjbaiAx4dvkcEc0zVUYdMf5bqHr7nu-6TxN85AIQg,Mike Collins,https://play-lh.googleusercontent.com/-1b-wid5AScU/AAAAAAAAAAI/AAAAAAAAAAA/AMZuucl5eHYTSMWHZrUSMXI7ihOFzjEKsA/photo.jpg,"That app shouldn't use many resources with simple graphics like it has, yet it heats my phone running Android 6.0.1 like crazy. Thanks to case my son still can hold it. Developers please do some performance testing before releasing a game to public.                                                                                           EDIT: The Nexus 6P overheating has to be an issue known to Pango development team alone, as it's the fist app which actually caused that on my phone, which I had for 4 months. Don't blame hardware if you can't optimize processes on a software side. Dropping one star. App already uninstalled.",2,23,1.3,2016-03-09 04:57:04,"The Nexus is kown for overheating, you can fix the battery overheating problem.",2016-03-09 02:14:14
