reviewId,userName,userImage,content,score,thumbsUpCount,reviewCreatedVersion,at,replyContent,repliedAt
gp:AOqpTOFL1Oi0jCA_UlltfJFaFvoGjRPgOwpgkU-Rq6SjFeWmOWwozpvZczAIxQz7vQ4i-sm6y_O9bZXL8mcVvm8,Dustin Moon,https://play-lh.googleusercontent.com/a-/AOh14GhMXVaXWYkkUIapjiCq3W3UG4Pmfs9qUscdo-RUeNU,"Not sure how scientific it is, entertaining and consistent none the less.",5,0,1.2.3,2020-12-08 00:27:27,,
gp:AOqpTOHnfTucQdcZ6QbPnbl28loSfM8u4nqL9RU75SZKnKslwYsRQKgOIbeOKmwb4o1Liz82Km2DNXUEidXMZeo,AMULYA MISHRA,https://play-lh.googleusercontent.com/a-/AOh14GiWKreLX0nrucZKqMjgFc3xP4Y0OV4h6KIDW6t7GQ,"Only of its kind so far.... But recently, I'm not able to play the recording after completing it. The 'Play' button doesn't work ! Apart from that the app is good rn. Also I would suggest to add the feature of playing the voice along with the celebrity's voice with which the user's voice is most similar. It would be great to listen to both voices one after another. Also since we have paid for it, I think we should have access to better tips for the voice training.",5,14,1.2.8,2020-10-28 23:22:31,"Hi Amulya, I'm just writing to let you know that the playback function should now be working again on all devices. I'm sorry it took a while but I had to get a new phone to replicate the problem and I'm doing a PhD on voice research so haven't had much time till now. Let me know if there's anything else I can help with - james@vocularapp.com",2020-06-16 11:32:51
gp:AOqpTOE2NFqMDamEJVvM29vT45qRgy_DEn2KdunBBBca4hJSRtCghE_b1BGjCVpajitucIomLn0gOppeata5r7s,John McClanahan,https://play-lh.googleusercontent.com/-FJ6DjrJYTlI/AAAAAAAAAAI/AAAAAAAAAAA/AMZuuckXgffrQi-IBsL_-fugatXomuel-A/photo.jpg,"Since I'm trying to make my voice go a lot lower than it is, Vocular has been a big help. Great app!",5,2,1.2.8,2020-08-11 07:44:29,,
gp:AOqpTOFS_7Hc2TAw4lD3Q8xlLFUN6x1QyVOGOLBhYL2BzlGq8jk62K8vtog7Lt5Yy9tBrL2HbLCnVmvOlohAHo8,Abhishek Singh,https://play-lh.googleusercontent.com/a-/AOh14GhbtspGluD5LKz5i6ikT2YE7U7ao6FT_MSThUegAA,Great Application! I highly recommend you to add a feature wherein user may see the percentage (%) of voice match with atleast top 10 persons gps-wise i.e. geographically near & ofcourse must include top 5 know personality as of now. You may also include facematch in upcoming updates. You may add intensity(dB) with frequency (Hz). Please upgrade as soon as you get time to work on your pioneer phd project. It's like radio first & TV second in market. One of my recorded voice is not playing.👍👏👍,5,7,1.2.8,2020-07-26 03:07:41,,
gp:AOqpTOFIyVVHqEmQqncCY74C757IeZcI3v0WPrWsKU9huLcsxJLKuCwYXZbgUzRwsGOLlJ0BLtq3ILXes8y2b3s,J L,https://play-lh.googleusercontent.com/-P1_BUUVyeIo/AAAAAAAAAAI/AAAAAAAAA8U/AMZuuclmaXGIZ_lnAiSHNOhXV8MLS2PAOg/photo.jpg,"Idk if it's possible but is there a way to record clearer audio? Like this app, voice recorder app and recording with video they all sound slightly different. I'm guessing the camera app records better as it's google and it's built into the os. Not that voculars audio is horrible just find it has noise sounds a little miffled, I have a pixel 3 so the microphone should be pretty good. Anyway not a huge concern just wondering is this was something that could be changed.",5,9,1.2.8,2020-07-23 17:54:44,"Hi JL, I'm sorry about this. The app should be fixed for all devices now. Let me know if you're still having issues though, or if there are any changes you want to suggest - james@vocularapp.com",2020-06-16 11:19:15
gp:AOqpTOEEYO__TE3iBQoaaYpyd19Y0m7gmjOsDnYMrvLNSfjNr7_dg4tEwPr5du2V7Yx1nwmkoZly22-vaRb85-s,shenglu zhang,https://play-lh.googleusercontent.com/-ib21sr1i7yw/AAAAAAAAAAI/AAAAAAAAAAA/AMZuucnBq0rtOKkmGuJiM29cV2X1-9xoVw/photo.jpg,after using this app for a few times.. it is broken... you cannot record anymore.. the only way to resolve is to reinstall... but all of your archives would be deleted,1,3,1.2.8,2020-06-30 23:34:47,"Hi Shenglu, I'm sorry to hear you're having an issue with the app. Is there any chance we could get you added as a tester so we can fix this issue? It may be something about the Huawei device which isn't agreeing with our code. Anyhow, if you could email james@vocularapp.com, we'll sort you out.",2020-07-04 11:03:40
gp:AOqpTOFaXb8h9SO77BVFDduI1wt3V84FqnZ47nOD9S9qGZg2S0EOiGKNBhePwgTd2E2FPIypGs_ziTMtZB3AwGw,Trish Thompson,https://play-lh.googleusercontent.com/-K5hph2U03bg/AAAAAAAAAAI/AAAAAAAAAAA/AMZuucnqB8s5rn1VoL3qNKjExGOm9WvCBw/photo.jpg,"Didn't work...said it need mic permission but didn't give option to say yes. Only said ""Maybe later."" I rebooted and the same thing happened after it crashed a couple of times.",1,1,,2020-06-29 09:50:52,"Hi Trish, I'm sorry to hear about your issue here - this is a new one to me. Is there any chance you could send me a screenshot with the error message to james@vocularapp.com so we can fix it for you. It may have something to do with the fact that you're running an old OS, although, like I say, this is a new one...",2020-07-04 11:01:21
gp:AOqpTOFZGEsq0ejrRkm56WQ1GZkN0VMH1haa_BSoUo5zuQCxqnxj3JwgXvq3CXUsbzZWCvuWlbFOiKOiJ3S1HQU,Chris Pelaez,https://play-lh.googleusercontent.com/a-/AOh14GhbB9269_r3K_VF3qEKJJEwYq3TMczqKQtK7PNVMg,Thanks to the developer for taking feedback on board hence the edit of original rating. Playback is working great. If i can recommend the distribution graph highlighting bright green in syn with voice playback would be absolute legendary.,4,1,1.2.8,2020-06-23 20:50:28,"Hi Chris, just updating this to let you know that the playback issue should be fixed for all devices now. Like you, I agree on the celebrity voice samples and we may introduce it, but we’ve been hesitant to so far for copyright reasons. Could you email me about response time too so I can see what I can do?",2020-06-16 11:29:47
gp:AOqpTOFVm4k6sRJymNjkkrSN2C5kfbnG7_C1Rsz8dmcO3_uwcrtFNRbIk3rS_DmLp-fmVHdMAckGGX-_7WkhklA,John Kay,https://play-lh.googleusercontent.com/a-/AOh14Gh1eOjdfYwVVPeKTDH71PVBuFI_VS_IOmg-VrFo,"Recently the app had an issue where it didn't launch. That's been fixed at the time of writing though, and the app is completely functional. It's a really useful app, and I like it more than using voice memos for recording my voice for personal vocal training thanks to the visuals/interpretation it gives. Not being able to use the app for about a week was frustrating but they've fixed it all up so I've got nothing to complain about anymore.",5,7,1.2.8,2020-06-21 18:46:23,,
gp:AOqpTOG7OSSDIeYK4iNbAq8ckM7mvDWIeyFtpCvZWC6bIife1bfDK2EyTuNzfSeCw0bea-3d7jPdO3T9bgRH_MA,Bergeot Antoine,https://play-lh.googleusercontent.com/-igChnoYRQAk/AAAAAAAAAAI/AAAAAAAAAAA/AMZuucnXwAN9pkjViwGbbGK4rJ2QdsKqzA/photo.jpg,"I have downloaded this app 4 days ago. It worked during 2 days, and now the app crashes everytime I want to open it. I can't have access to it Edit : the problem has been solved. It works now and I'm quite happy with this app.",4,4,1.2.8,2020-06-20 12:51:52,"Hi Bergeot, I'm sorry about the problem with the recent update. Just letting you know that it should be fixed on all devices now. If you're still having troubles with it, or want to suggest any changes, please email me at james@vocularapp.com",2020-06-16 11:21:28
gp:AOqpTOEPU5jdF5Tihv5j2FNt0VVi18W5apQIr39vD-KSQkLRNeU1unOs545AP_lNNCKHxQXmiMEuetXUWnX71-0,JAYAMURUGAN KARTHIK,https://play-lh.googleusercontent.com/a-/AOh14Gi1GHwD7VeV3Tr8gpYHyE-BFMxta0-FAFtme2Dm,"Wonderful response from the developer, now the app was perfectly working. Thanks",5,3,1.2.8,2020-06-16 21:00:32,"Hi Jayamurugan, I'm just writing to let you know that the playback function should now be working again on all devices. I'm sorry it took so long but I had to get a new phone to replicate the problem and I'm doing a PhD on voice research so haven't had much time till now. Let me know if there's anything else I can help with - james@vocularapp.com",2020-06-16 11:33:54
gp:AOqpTOEKJZWZIvCAdOvmBlnZlruJV_IftV0x-1e77-h05O6OM2qN2W-urizVN1rp1Dj5LE1lEU9RCtuD13nuBME,Lord Bird,https://play-lh.googleusercontent.com/-xbxnEOl_rro/AAAAAAAAAAI/AAAAAAAAAAA/AMZuucnKXd0SLAX-XK8uge78qfm2NAl1hw/photo.jpg,"Cannot play recordings, even as soon as I record them. I was recording myself to be able to hear changes over time, but I cannot play any recordings. Edit: I had to uninstall/reinstall to get the app to play anything that I recorded, however, it erased all of my prior recordings.",3,2,1.2.8,2020-06-16 12:25:35,"Hi again LB, let me talk to Stuart about this and sort these out. The good news is they won’t have been erased permanently, it’s just that your current version of the app can’t find the right filepath.",2020-06-16 13:19:54
gp:AOqpTOEU9KSIMxzqwMGcmi3xoPf_a98yYlkg58HsJaZHfxekSYwK9bDCXczQstBjAgAM3NQWbFRMkCG1JNDDl_4,abhineet kapil,https://play-lh.googleusercontent.com/a-/AOh14GinwC00FN1S2agMllr8KDMVRLzIlY4ZzvpuatPI228,Playback doesn't work for the recordings. Edit on 17 June 2020.. The playback is now fixed. Thanks.,4,3,1.2.8,2020-06-16 11:42:03,"Hi Abhineet, I'm just writing to let you know that the playback function should now be working again on all devices. I'm sorry it took a while but I had to get a new phone to replicate the problem and I'm doing a PhD on voice research so haven't had much time till now. Let me know if there's anything else I can help with - james@vocularapp.com",2020-06-16 11:33:13
gp:AOqpTOFFCMKZkfl1BqRxOyDARqkm74DwQGG7-1xZsOMtZ1CW3wSbAQHuZUbHNZuHJaTdnPfzP3ul3PRW0FsEAbs,Umtar Parr,https://play-lh.googleusercontent.com/-aTZXuJncBmY/AAAAAAAAAAI/AAAAAAAAAAA/AMZuuclzWj1JyXHU3SrzzzQMS5BVoIzYSg/photo.jpg,"App doesn't work, paid £2 for an app that doesn't even open, thankfully play store now has a refund button apparently (must have a time limit on it or something) so not a complete loss",1,0,,2020-06-13 15:47:33,"Hi Umtar, thank you for your email earlier in the week. The app should be fixed on all devices by now, including the original issue with saving files. If there's anything else you need, feel free to drop me another email. James",2020-06-16 11:16:40
gp:AOqpTOHfXPmMGbRns7ZWMTM3KnY0M4yrDSVj9q0BZ0lG9Y2fBUWI_jHzqo_6GsKxhtow_MGk6u23H8govjMbkXU,Chad Schwartz,https://play-lh.googleusercontent.com/-YyEY2K0iykw/AAAAAAAAAAI/AAAAAAAAAAA/AMZuuclbG-uTfTzUxNpratKW2_QiqJKX4A/photo.jpg,"This app has been broken for the last few months now, getting really frustrated. The app either doesn't play the voice back to you or immediately crashes after opening it. They have done two updates in the last two days and there have been no fixes and the developers seem to be ignoring us.",1,10,1.2.8,2020-06-11 19:57:11,"Hi Chad, I'm sorry about the problems you've had with this and share your frustration. Just to let you know, the app should now be fixed for both issues - the force closing and playback. I had to buy a new Android to replicate the playback issue, so it took a while to fix. Let me know if there's anything else you want - james@vocularapp.com",2020-06-16 11:25:00
gp:AOqpTOG78P0b_TkTIRjTz5OaVnAvu_1gs21Mo3pj6X3WMw-VedgjtX06pByRR3uZ0F-RLUuymhprp2UYFgSzypA,Arul Vats,https://play-lh.googleusercontent.com/a-/AOh14GgaO9J4yvYQzuhrDQlGzzbRgKAbg6apDGrd4xkw,"After update started crashing on my real me 1, please fix it",4,0,,2020-06-11 03:23:42,"Hi Arul, thanks for bringing this up. This should be fixed on all devices now. James",2020-06-16 11:25:26
gp:AOqpTOEygZHt29ew10gcCvkXY8UllBqzQaN8jt_MmCPrf0YELhXHq88LRBuCsIKM8Ho7CmjHEu9Vq706nVYK4Gg,Kane Frieze,https://play-lh.googleusercontent.com/a-/AOh14GgpnXwp2r_aUzMOVfBF6jQJwbEbFUIpa2Oq1dnYDQ,Yeah i just got the update and now i cant play and use it. It just shuts down. And well it just sucks. And i have a android J3.,3,3,1.2.8,2020-06-10 23:33:36,"Hi Kane, I'm sorry about the problem with the new update. It should be fixed for all devices now, but let me know if there's anything else I can help with - james@vocularapp.com",2020-06-16 11:26:27
gp:AOqpTOG28WPxX--Lss0IzHbT7WX932bEIcNx0DXQdP03l8qHfBCtix5t05GAjotOgBK9_hp5abFuXW9Vo9cbYLY,Glen gemen,https://play-lh.googleusercontent.com/a-/AOh14GgvFUveQIRZgXD332JY82ml3JJ0RIf9zmyMlws,App won't even open on my Samsung galaxy s10e. Had to refund,1,1,,2020-06-10 10:37:29,"Hi Glen, just to let you know the app is now fixed for all devices. I'm sorry it took so long but it came at a very bad time. Please let me know if there are any other issues with your download though - james@vocularapp.com",2020-06-16 11:28:44
gp:AOqpTOEdEGMZMcs2uC7wXUBhBXAmjZjEZiOb0jEvvUiy1-CrtviT1CnKKSaipaw67_IWT8gK5TDrsiim4Ofojf0,Sudhakar Nayak,https://play-lh.googleusercontent.com/-DNK6CJz7suI/AAAAAAAAAAI/AAAAAAAAAAA/AMZuuck7GYWDJ59VozsaIeJBaZJ-oOEnnA/photo.jpg,best app if you want to improve your voice.,5,0,1.2.8,2020-06-09 18:58:34,,
gp:AOqpTOFJM-iGDfHF3y7vln5rRPgrHSOH9LTXMZZV7gzLKA-o8jL0z5RvJS1retm0iPe7MHtAiDPolgt__2q3F24,Vaibhav Suri,https://play-lh.googleusercontent.com/a-/AOh14Ghp8xfkY14R6c_ZtE_Klxt79Y9njsSNJ19TIvCOew,"I rarely buy apps ,this worked good initially but now the audio playback doesn't work at all",2,2,1.2.6,2020-01-22 09:23:00,"Hi Vaibhav, I'm just writing to let you know that the playback function should now be working again on all devices. I'm sorry it took so long but I had to get a new phone to replicate the problem and I'm doing a PhD on voice research so haven't had much time till now. Let me know if there's anything else I can help with - james@vocularapp.com",2020-06-16 11:34:17
gp:AOqpTOHYaMsyhuVBoDldlLNQlJlbIMPDnW2Lwg5S5FyDJziz7cOJrLnMD7z6BIXuhGucHO6OfAOVA1jjb808cVw,Andy S,https://play-lh.googleusercontent.com/-nUPM43a5CSU/AAAAAAAAAAI/AAAAAAAAAAA/AMZuucnXcFtFU5nY0ei3igrUYu_X7nMkHg/photo.jpg,"Extremely polished & functional. The only problem is that when I run it in the background, the phone clears it from memory. Having a persistent notification would fix that issue. All other things considered, it is a fantastic app and I would highly recommend it.",4,6,1.2.6,2020-01-20 15:26:20,,
gp:AOqpTOHLgpflA94jEmUN40H4uVvqT5z0vIxS0agfDDQFMPEh-RqRQ9i_cbQj8Kmiz4o98x1i2vPzK8_ZFwcZyfk,Willow Farra,https://play-lh.googleusercontent.com/a-/AOh14Gh3B1isf7Cu_cBwiJP8AENai8lXVmcm6-UVUAam,"I may be using this app outside the scope of its intended purpose, but it works fantastically. I have the newest android version and it works fine, and I even run it off of BlueStacks on my PC for the better mic. Developer is responsive and actively working on the app. Best large soda I ever bought :D",5,2,,2020-01-16 15:33:25,,
gp:AOqpTOH2foYWbW3qdmeDx9cU3Da6S2scSWGsRhODmUiGq1N0CihYcBfd3MUwdpMuhkaaYvwBLkp0SQjC_VTc0cw,Manikanda Raja,https://play-lh.googleusercontent.com/a-/AOh14Gg9rAqUWgeP0tblVA3ZpPHQU_saT2sOBgM2nSetlg,After update not working on redmi note 5 pro Awesome app. I got deeper voice than before. This app is really accurate and reliable. So people who want to get deep voice. Justtt gooooo for it.,5,0,1.2.6,2019-12-27 03:48:54,,
gp:AOqpTOFIzcoxexPMkt7-dI-IEnLCN77G7YJUGdCiyNg_JYZV2cT1lC42inyfSEbgGL_aixx2u6knmW71bUUULLM,sodacaps!,https://play-lh.googleusercontent.com/a-/AOh14Gi4iu-3URgXHhEBapS3mZSVRZoJn411hSZCjw1JmA,Cant install the app. Tried many times,1,0,1.2.6,2019-12-12 08:24:55,,
gp:AOqpTOFlvj9ryjMrlHdyZA-LntcwUSM7xpu9hF8m9eRHZbH2L9ft0DrDx0Uyt_nrnbboNAbnNuHSL207P4mJXKg,Cedar Blackbird,https://play-lh.googleusercontent.com/a-/AOh14GgMNiLcMyn7rC3vBN713NYfXgmwNllbGCBw8JOAs4E,This thing updated and lost every single one of my recordings over the past year. Edit: Thanks for the reply and I'll adjust ratings if it's ever fixed.,1,0,1.2.3,2019-11-30 12:45:17,"Hey Cedar, I’ve just spoken to Stuart, the dev, and he tells me that your recordings will still be on your device, so we’ll get them back for you. Seems like the new version of the app is just having trouble accessing them. James",2019-09-06 07:18:07
gp:AOqpTOF92AInRBQEfXLiqqOWV_wglUDX5jkcYPOsSjdm8AAZa_WBinXtaEdoY6Bm3breEYKL0FDuSfZOwwUWyLE,Morgan King,https://play-lh.googleusercontent.com/a-/AOh14Gj9U0HTZu-9_LwPmcqQguvVkRf9I2CBneQCxh7xvg,Cannot install keep on getting an error message when doing so I do have a screenshot of it too,2,3,1.2.6,2019-11-15 15:34:45,"Hi Morgan, can you send me this screenshot please? james@vocularapp.com",2019-11-20 01:24:04
gp:AOqpTOEtcWT4vuS59agIvr8w_Dt542uJiYUm_oPUl1ka_b7qam7fj4l_-PHx2smH2JKkuCoZt2tevSFzxfiQAec,Xorianna E.B. Djinn,https://play-lh.googleusercontent.com/a-/AOh14GjtCPZlGyalTP8wVaJf3-3_X9QanlAee5vjPAPM,"Decent. Though it's not explicitly a voice training tool or musical tool, it works well to show where your voice is.",4,1,,2019-11-08 14:08:51,,
gp:AOqpTOGqhP3XBuAd31aC8zKOZja6Uydb1NIP6nH9nW2nsgtUYSBg_w4EuxPm9J9WxfDugs4DR3R-A4hVNgK89us,Yash A.,https://play-lh.googleusercontent.com/a-/AOh14GjTPQ_LamEpMZxF1w1uQeLl_OI-BdOIP2EfF1LJNVU,"Incredible app, headed in some very interesting directions. Can't wait for more, 5 stars! Devs: I second the suggestion to add anime characters, both male & female. You can start with the voices of the characters in Naruto, DBZ, One Punch Man. You'll probably find more suggestions from others soon enough.",5,10,1.2.6,2019-10-20 23:42:41,,
gp:AOqpTOE_cFcZNasUT5hu0L4fu2Jy0Exc4weciNAoV-uSGAhthehuHUsEiecOVvIWr1M5wTOnJSNthF7YGCAwbso,Diane Attaway,https://play-lh.googleusercontent.com/a-/AOh14GjCgBbwi7r7b7d0K_ZRtidPu5eRC6b5I-kAPmzDbw,"If it doesn't work properly, uninstall and reinstall.",5,0,1.2.3,2019-10-17 00:57:28,,
gp:AOqpTOHbK-IM2Wjki-wfqelvj7aAqRaoO0qSO47-Yc04GVAdQqIVn7Hq1gsjp6lBJXXlxgzt3SdabMt3NdZK1hA,Sampath Raaj,https://play-lh.googleusercontent.com/a-/AOh14GhiJTpOjcnFdqtFmBBrCx35LwhvksffZ7-VDQP8EQ,Super,4,0,1.2.6,2019-10-16 19:39:28,,
gp:AOqpTOGxVRIKbWEusSV5vetT2WdXVyKybTEiIBIOPLTz2czDlI3et65M7TbBRE_9Yby_Wbs4_mXAjbKWNZVwXhE,Most Hated Man On The Internet,https://play-lh.googleusercontent.com/a-/AOh14GiVBaw5HOdJT85_0BfUHG1jE5ZHy7Qxkt47f6dVhA,"Amazing app, I went from a baritone to a bass and my fundamental pitch dropped from around 100hz to 71hz. 5 stars no doubt. But it would be even better if you add some more celebrities. Update: I am now down to 58hz in depth, my matches are usually russell crowe and barry white. So arnold Schwarzenegger to charles dance then to russell crowe, this seems like unrealistic results.",5,9,1.2.3,2019-10-15 21:05:32,That’s amazing. Mind if you get in touch with me at james@vocularapp.com? Those are the best results I’ve ever seen.,2019-09-06 07:19:07
gp:AOqpTOGquPmKHGf9aQrzMDRuvyqF_Rrj5sNpuqNpfkO0Of5MXRl-fiE-c44HMsIZ0lOhHwoAjW3-6CBVeH3qMKI,Syaikhu Ilham,https://play-lh.googleusercontent.com/-dQa_0If8L0c/AAAAAAAAAAI/AAAAAAAAIKk/AMZuucn3KvgPczOwqxLikFF6pfcW4amUJw/photo.jpg,Thanks for fixing the app. The app is perfect now. I give u 5 stars,5,0,1.2.6,2019-10-07 10:41:57,Hurray! Glad it’s working smoothly for you again.,2019-10-07 13:40:38
gp:AOqpTOE-ISVvLzpUSz4lXr-A02rH5Da9poBqpP_HlbpaGKgYW64EOnTybit0sNt7e1PBaLul6oqyXrsCcbcy6hA,AJ Moreno,https://play-lh.googleusercontent.com/a-/AOh14GjisBNBZoWwr6CWhYOPFRXQMz0oOq_6IQiKorK8,"The app is superb at what it does, though I've hit a snag when it comes to doing updates where some of the recordings in my archive have been corrupted and are either blank or missing entirely. I'm not too sure what that's about, but beyond that, it runs smoothly for the most part.",4,2,1.2.6,2019-10-03 00:03:50,"Hi AJ, any guesses why this might be? I mean, did those recordings all come before a particular date? Trying to work out what the error may be here...",2019-10-07 13:42:37
gp:AOqpTOGOuxbkiNJca91oL3FTQ3CtHB4c2zES5xZwo9HDxV2ep7jvQTwe-rqvXWpAWLlej_O0h5ub8tNLLUmL3K0,Abed Rawas,https://play-lh.googleusercontent.com/a-/AOh14GiVPFtfNddzRGGFtspkuT6oN1QAe525WSkiojdCdw,App is not working on OnePlus 7Pro,2,0,,2019-08-28 09:20:27,"Hi Abed, I believe it should be working now. Would you mind giving it a go? James",2019-09-22 00:05:32
gp:AOqpTOEscQ7LpDh_gWt0tG2ZXXKzJyjEsZJw8uFy1nvvD_pE5kAcOwb74KDtJzdK7BKFqEzHE__ZmUlU7nV7I1g,Ian S,https://play-lh.googleusercontent.com/-8BjCd96oeg4/AAAAAAAAAAI/AAAAAAAAAAA/AMZuucny_0LAggBh_DQz1fR8CuOn4ckJwg/photo.jpg,Android is warning that this app was built for an earlier version of android and it has not been updated in a long time,2,10,1.1.1,2019-08-06 10:35:39,"Hello Ian, the app was actually updated recently - but some devices can’t run the OS which is required for the update of Vocular. Is it not working for you then? Thanks, James",2019-11-01 07:55:30
gp:AOqpTOEGAeBrsUndlkphED1lAF9-x09VGeIm5to7BraiPjIB-i-h23DqMkYRPr-oeNKmGwgsUgvUiSbqpGefzk0,Cyrus Cooney,https://play-lh.googleusercontent.com/a-/AOh14Gi4FdUxattqkwPjJ6fEHHe1_q7Cr3ZYyaz7HwOreQ,do not buy if you have newest android version. does not work.,1,0,,2019-07-23 11:32:41,"Hi Cyrus, apologies for this, we're working on resolving - can you try and manually set the permissions listed for Vocular and try again please in the meantime and let us know how you get on.",2019-07-28 10:03:29
gp:AOqpTOEZoxxd9eICSSGEaKBlHNh3jEu9_KqB4etYTRsXhTkrPeDy2VsO4bSsLDVPz0Ax5CaOrL3cU89ajWp38a8,Lenny Powell,https://play-lh.googleusercontent.com/a-/AOh14GgT03bl_07KdNBZGtNM9pfBYDe9_YlQO2E9s9vpzA,it worked for about 2 or 3 minutes. then it fail from here on in.,1,1,1.1.1,2019-07-12 18:15:41,,
gp:AOqpTOFPEtDNFvu3bSlKoSUlJDfAj_XaaDiMb3Ym9rPETg2qF4b75jtBZxV9yJoMtgQXNHR-Yg8FFYgLYk5AE3Y,DEEPANJAN SAHA ROY,https://play-lh.googleusercontent.com/-WcEcXoiv7q4/AAAAAAAAAAI/AAAAAAAAAAA/AMZuucmU6U3l_Ro-ytCTomTujB23YmiDQw/photo.jpg,hey try developing this for new android,5,0,,2019-06-01 01:04:17,,
gp:AOqpTOFvCJdOjf7kcozpbeFj4sYT1VOp-kHF4CoLw7UJsBMbdANNNGWGH-LEfELo8Oc08T3g3BuekKqvGuNFFCs,Lillian Farra,https://play-lh.googleusercontent.com/a-/AOh14GhwtgjUfFexpfjJP0sDlPXhSW3ZKttzaJV-WOPp,"Love the app, works for Samsung Galaxy S10+",5,1,1.1.1,2019-05-01 08:25:33,,
gp:AOqpTOGv7AEUba4oz4MqMf-XlSYhiTor0PkuSuvBp0rFJj8MvmicmEvTuS64D537-oKMP0rcNvLyrEI0FXuISZQ,Rachit Bajpai,https://play-lh.googleusercontent.com/a-/AOh14GiV27y9BWjFQ4WiWnGRP_Zq7_qOw7xvzH4nvz3LUw,The app is really very nice... but I guess there is no Chris Hemsworth in your celebrity list... please add him and I will surely give 5 stars.,2,0,1.1.1,2019-04-19 18:58:08,"HI Rachit, I’m due to add a load of new voices to the app soon, if you want to email any other suggestions to james@vocularapp.com? Chris Hemsworth is already on the list.",2019-04-21 14:03:29
gp:AOqpTOGNXRTTPAKAA4EdE6g6tR2tlq6Nv68c0a5_ALARgGcuvkt1WTZ4Q4QsEZbEhMKLVTGSyqr63qOIgpRjTzQ,I eat Grass,https://play-lh.googleusercontent.com/a-/AOh14GilRqoiqGVoxdZf9Pa4XMpZTbQ4PcpLkvHntTIK,DONT BUY THIS app after you record it's soo buggy that i cants switch tabs my voice is 85hz and i cant get to the comparison tab its unresponsive i wasted 3$ for this buggy app. Fix this buggy problem.,1,0,1.1.1,2019-04-16 07:36:24,"Hello, as I said to your YouTube comment, I’ll refund you from my PayPal account if you email me at james@vocularapp.com. The app doesn’t appear to work for 5% of Android devices and we don’t know why. We’ve even bought the same phones as some users in the hopes of replicating the bug, but we’ve had no luck so far.",2019-04-21 14:06:12
gp:AOqpTOEzKK_CuHmvgSeauNtziOgvbzAytBn1WMirFWwW-PqmFyCMuNYFxC-bmixzFbTuZPmxpQ2RNqMF2kHbSVI,Zelest Carlyone,https://play-lh.googleusercontent.com/a-/AOh14GjvhygvnATtGSGXMRZ_wDJIQKeJs76M44jWi_YHyg,doesnt work on my andoid version.,1,0,,2019-04-07 13:20:47,,
gp:AOqpTOHuC8W0zklnhVtdcDVMjVSnHEZ7IE1Mm_2VZ8J8xzLtcDgsySVXYdSoz55LR754s0L-ZoOQ5Tqa2UUAozI,Lilly Kane,https://play-lh.googleusercontent.com/a-/AOh14Gg5xO_SOmAItOKIDdedzj-5gUxnZ8EQP4oW7o2R,"Does not work on Android 9, allows 1 recording and locks completely without showing any many buttons",2,0,1.1.1,2019-03-17 21:05:08,,
gp:AOqpTOFbPMcUxB329WYpRHlAzWE_WJCt05eBN1fKM9VotstiicqcMhzF-_O3Ab9-Z42tkMfKuaLuBcHUBgGxh5g,Pierre-Yves Machavoine,https://play-lh.googleusercontent.com/a-/AOh14GhmQyAhx0oznHczdKiD8_MirKA55MkLFyXFas-U3Q,"hey just downloaded the app, have trouble navigating (cant click on similar too for example) please fix it i want to know so bad now ^^",3,2,1.1.1,2019-02-20 09:59:40,"Hey Pierre, sorry I missed you here. If you could send some screenshots to james@vocularapp.com, we’ll do our best to fix it. I can also tell you roughly which other matches you’d have got. Thanks, James",2019-03-11 09:49:38
gp:AOqpTOE8ONhmQBzsN2peiEgtGeadGVIXLwM0EYpyL2DllKk2sIQc9NU8v34sgXuENtPVGVrKhhExtAJoSMq-ftY,A Google user,https://play-lh.googleusercontent.com/EGemoI2NTXmTsBVtJqk8jxF9rh8ApRWfsIMQSt2uE4OcpQqbFu7f7NbTK05lx80nuSijCz7sc3a277R67g,"Only barely used the app but I gotta say it's doing what it's advertised for. Love it, didn't know my voice is that deep tho.",5,5,1.1.1,2019-02-01 01:28:04,,
gp:AOqpTOFnAv1jnuFk8g95lmdSZZMFBMyRupdx4I6MxBqQg5IMhJE4e-n_6FQFidUNgWImZROwvJPQd5umxmUqvPA,S. B.,https://play-lh.googleusercontent.com/a-/AOh14GgJZwpKk9ZKqSq48SB5vldl8EBUmlUUzeatkgj2Zw,great app but it randomly stops reading my pitch correctly once I updated to EMUI 9.,5,0,1.1.1,2019-01-11 05:34:50,,
gp:AOqpTOFn6qgK-oZH4yyTxtBvfi9JCqfA77AFbIrxD6uXSgKPXi-CsWW2K38g6uGfUdD4aTQNPJ7grGg-Ok7tKBk,Urshiko,https://play-lh.googleusercontent.com/a-/AOh14GhEazx8w889EwRchMN6Xuhh-VDlwpdp1uax96bmBA,Did the app save all the voice record? I only have 3 save and i got like 1.67 gb from the all total?,4,0,1.1.1,2019-01-09 05:52:41,,
gp:AOqpTOG3aq08MbF9xUgBHd9Z5al56K4JYpbA6B_zbDOL_Z-olDZx8FyJDKSCcl1A5ri8IgGxsOgJG4plbd3zksw,Amir Al Khatib,https://play-lh.googleusercontent.com/-1bZs4FFpF0I/AAAAAAAAAAI/AAAAAAAAAAA/AMZuucn4u_KkhQRIfAtDk6QunE4xr2dFmA/photo.jpg,Hi Would it be possible to add screen rotation support or allow you to swipe through the different result sections without having to click on them at the top? Im asking since my screen has broken touch sensitivity at the top and while in other apps I can get around it through rotating the phone around that is not possible here. Thank you.,4,0,1.1.1,2018-12-29 07:57:18,,
gp:AOqpTOGe4btDAgnfsppw88NW1lKYhGF7XUinnCz2HxoTC1jvrTzRIPzC2j7jKWlDA0WwkvdG5iMtj-ZjFC1kzQ0,Vienna S.,https://play-lh.googleusercontent.com/-c3GdAaKPYnM/AAAAAAAAAAI/AAAAAAAAAAA/AMZuuclfRwmvM3oybsMCZkKzUQ2OFhNyQA/photo.jpg,"On the chart, it doesn't label if the recorded voice is male or female or andro. It sucks that we have to be online to read the info part it seems.",1,1,1.1.1,2018-12-24 14:15:42,"Hi Vienna, we’re happy to make the Info section readable offline if you’d prefer. I just opted for making it online so that we could update the FAQ easily without having to make people update the app. Also, do you want the chart to show the male/female ranges and crossover?",2018-12-25 01:57:00
gp:AOqpTOHODblQdEVpekvgssoV2a0ANirtMTK6EXs3cl1Fq6nqwXrJADDLRu9U3P2trOblvfYTkF8b8IeB6DvQzPU,Andrew,https://play-lh.googleusercontent.com/a-/AOh14GhomgjYji2Iiva6RpUysTQTOCCiimfVle1GgUEBoQ,Everything was working great just couldnt get to the info tab it was stuck loading forever samsung s6...this is an edit because I wasn't sure how to reply. I still haven't been able to connect to the info page. I have tried on and of wifi. My carrier is t mobile of that helps.,3,1,1.1.1,2018-11-26 20:34:04,"Hi Turtle, is this always the issue with the app for you? The Info tab is loaded in from the Vocular website, so it's possible that you could have been offline at the time or the website could have been down for maintenance. Thanks",2018-10-01 04:53:28
gp:AOqpTOHFnngPdGpHTwZQzjNhIYIgGVVL-zk_jLelzxaS8fDD8c3tESeSD9IBWnrPXeKrKVdJwTmUJgQmggaSLo8,adam hlal,https://play-lh.googleusercontent.com/a-/AOh14GgHYUSRAP-0ocojxoFiHcT5Dg3TH0osEO54fVy_OA,It's really useful app but i would like it more if i can see the timing while recording and if i can hear the voices of the similar people i got. Really good app and useful but it needs some improvements,4,0,1.1.1,2018-11-12 08:37:13,,
gp:AOqpTOG4XgCIABHrq-bAYUSktFzAx8vNE87dM1LeVY6qD19Mxc8_7ntHAtZg7XGHmamxgAyPNlkU8eZS2ASEDyI,Taavi I,https://play-lh.googleusercontent.com/a-/AOh14GgZQGzCKH2zAswhOwKlWCujvsQ3UFBNfxHxxu41,Lots of bugs and doesn't work as described. Tabs are unresponsive.,1,1,1.1.1,2018-11-06 09:08:34,,
gp:AOqpTOHwBoOa1h2eY93otS_C1Q5zp8_6yBykyy70rfnrYf2CIVno8GzgzroViHJv4yYHYYIJt14LiKSKOjmyd3w,Francisco Buelna,https://play-lh.googleusercontent.com/a-/AOh14GgtxAKYz5TgcnWVWllJJB9xXDJ4ckY-37--W8ImdQ,I want to get a refund cause it didn't work my recorder did not work and when it did it sounded weird and choppy it gave it like a voice filter from Snapchat so pls give me a refund,3,2,1.1.1,2018-11-01 08:11:56,"Hi Francisco, just contact me on james@vocularapp.com and I'll refund you the money myself. I've tried to replicate the voice filter issue but I can't get it so far. Has it always been this way for you or did it come with a software update?",2018-11-06 01:39:35
gp:AOqpTOGo8NcQ44kw6d9MViDIcCNmcOVsTgx6ZuZiYyIwwyFIt_HGZx-prHiX2P8ElVQ5HEkGKvG3uQmCVnlSbmU,Kacper Bimkiewicz,https://play-lh.googleusercontent.com/a-/AOh14GiccmJq82QBhC-aCpKaxulXU76nD-0uExyF0zzz,It does what it says in description but most important it tells you how can you improve your voice and app helps you with measuring progress. For such a icecream price I think it is worth it,4,1,1.1.1,2018-10-31 00:38:28,,
gp:AOqpTOH4G1NIj7VaqkAMJ2sDiUsRmAcS9Bbq_5vCQs4L2Kigaop3UWr5pBuK_1L1MSAz665fnrYTFxxgQ-Dr8m4,Lee Stothert,https://play-lh.googleusercontent.com/-bklbubQ-JuA/AAAAAAAAAAI/AAAAAAAAAAA/AMZuuckYQSeUENICWjCX93D70yKbhDJfMg/photo.jpg,"Useful, fun and easy to use. Great app.",5,0,1.1.1,2018-10-25 06:05:31,,
gp:AOqpTOEWcRz68j-5A5LPfgNCAajmnuz6oRH_a_--AN4czjXm2WrxF7ZhZ-atuyygoF17zywilnQF1CShghbk1DA,K SE,https://play-lh.googleusercontent.com/a-/AOh14GiAHKtfy059kKZqI4KAdRcl10O2BeNDDhQ1FbMbPA,"Other than a very deep Voice Depth being analyzed while my voice is definitely not deep, the app is cool! I never noticed how similar my voice is to that of the actresses and singers that it showed me! It would be cool if the app had little voice examples for every celebrity, since (I personally and probably others as well) don't immediately recall someones voice and had to Google it after.",5,8,1.1.1,2018-10-22 10:47:29,,
gp:AOqpTOGhh_dAK3_kXQDgqraZJWfJ-5xtCqVZCC4FP2dc1ag-YHSxb5qTx-A53cOYKP2TXfGl95s5SAqoFsHzZWs,Morgan Rae,https://play-lh.googleusercontent.com/-1HGFz0iRhNE/AAAAAAAAAAI/AAAAAAAAAAA/AMZuuckT5Ia9L4TQ--j7qTSOEElGV9dy4w/photo.jpg,Great app for identifying and analysing your voice characteristics. Great for both public speaking and singing.,5,1,1.1.1,2018-10-05 22:30:00,,
gp:AOqpTOGMXra-mIaFHG26QFSkT2N6O-JhVYYFLMn0-wT0J6UlBn57pVkPDhzdUHBnDMFZfeUhC6DseZkPOPRicuQ,Cai Kingston,https://play-lh.googleusercontent.com/a-/AOh14GicY8D3VgrDlvKVovvBqnSXIg_mH5UDh0RLNDuG6Q,"Exact same issue as others. Only records and shows distribution. No other 
features accessible. Using a Samsung Galaxy J3. Have uninstalled, 
restarted, and reinstalled. No change.",1,0,1.1.1,2018-07-01 08:29:24,"Hey Cai, sorry it's taken me a while to get back to you on here. I only just got notified of your message on Slack. Would you mind sending a screenshot of the problem to james@vocularapp.com so I can get the dev to take a look at it? Have you had this problem with any other apps too? Thanks",2018-07-07 06:06:10
gp:AOqpTOGNUXiywee6ORQwcyBVhlPWGF3mbrGcR6AJSZZ1sCSxwW_eWac6zYskSYAPgdzA8SBmlK9L4rLlCgMAGb4,Waylen Mcneill,https://play-lh.googleusercontent.com/a-/AOh14GgbC8POmM7ccSQXSCHUlcWILE-uOCwyCTD-eMXhRQ,"Couldnt get the app to do anything other than record. Even after I refunded 
and restarted my phone it still wouldnt work",1,0,1.1.1,2018-06-22 16:26:43,"Hey Waylen, sorry it's taken so long to get back to you here. Normally I receive notifications for new reviews, but yours never appeared on Slack. Would you be able to send me a screenshot of this problem (james@vocularapp.com)? Failing that, is there any info you think might help us solve this problem? It works for other V30s and 8.0...",2018-07-07 06:13:07
gp:AOqpTOEswmw1jfGOCK7kNbyqbImapy4j9GwreK_q3iUcwErWP7EyQQ2ppP8hAjD4ITQMX-ZpISn4jfH3_R2rD6Y,Ross Karipoff,https://play-lh.googleusercontent.com/a-/AOh14GiZ3lEpIdr2akj6rcWDF4dZvc1zmqN9V1LwyUKw,"I think I have a similar issue to another user though my phone is an HTC10. 
All it seems to be able to do is record. Afterwards I can see what looks 
like a distribution. I can save, submit/remove and playback the recording 
but that is all. On the home screen I can't access any of the tabs on the 
bottom. Need to sort out this issue since I paid expecting it to work.",4,0,1.1.1,2018-05-09 14:31:05,"Edit: Hey Ross, just editing this in the hope that it sends you a notification. Would you mind sending a screenshot of the homepage with the problem to james@vocularapp.com?

Hi Ross, really sorry this has been your experience so far. Stuart, the developer, is back in the country now so we’ll get this fixed very soon.",2018-04-29 12:58:01
gp:AOqpTOH678iAPmlcTm9dijCYhIRSrwI3bacDZF1d7lHaQz_18LBcZn7dVbVsf4jJHPZf4fXNlLcf_Y12e78SMHc,JAGANNATH,https://play-lh.googleusercontent.com/-7s2RcHpb6ng/AAAAAAAAAAI/AAAAAAAAAGY/AMZuucms-kUbVyO-S92P6DALOF9GLdmScg/photo.jpg,Add voice exercise which can make my voice clear and deep.. then I will give 5 star,4,2,1.1.1,2018-04-03 02:55:06,"Hey Jagannath, okay, what kind of voice exercises would you like adding? What are you trying to achieve with your voice?",2018-04-01 00:53:53
gp:AOqpTOFemKYdGkSMZ4obmEr9rA0ivS3aIzdEVjzt0RagMfdeyHUCtYEw3NV0jsuU8OcWaRvSeLWMdg5FOfEIQjo,Simon Simbe,https://play-lh.googleusercontent.com/a-/AOh14Gh4r0rnRUnzkLvU4B_GOjenwaD34Et_ntknhVHhUQ,I dunno if its just my device (Samsung S7) but for some reason any function other than record doesn't work ☹ so basically it's just an overpriced voice recorder now. I'll keep the app for now to see if it gets fixed but I'm not sure if what I paid is what I'm getting here ☹ hoping for better updates,2,12,1.1.1,2018-03-30 08:19:35,"Edit: Hi Simon, another user (Ross) was having this problem with his HTC10, so we bought one to see if we could recreate it. We couldn't, but Ross later found that if he removed the app, restarted the phone, then reinstalled, the app worked perfectly after that. Hopefully this helps. If not, please message me at james@vocularapp.com.",2018-05-20 13:09:42
gp:AOqpTOHQRrrTjmJYj6wRzLvHfTJieVH8EbF_HRLYlCN-0b7WbpXtEHMqu5VQZi4xCHbYCyy7pa6IK70-T-xfY6U,Michael Hagar,https://play-lh.googleusercontent.com/a-/AOh14Gii18JnsqSxfr7VXMfNLouLHN87-JbybzTROX-fkg,"Unique and simple tool. I'm excited to learn about my voice! I love the celebrity comparisons and analysis. I would like if in the analysis it said what each rating ""meant"" by clicking on it.",5,1,1.1.1,2018-03-15 08:10:22,,
gp:AOqpTOGExoESMFVvH7NZEvD2yA3sKPfS8q7GL5MHXaqkl80gJHWKXTzOtAg5FWLhAFbFPSzoo6Khflni3bpwPt8,A Google user,https://play-lh.googleusercontent.com/EGemoI2NTXmTsBVtJqk8jxF9rh8ApRWfsIMQSt2uE4OcpQqbFu7f7NbTK05lx80nuSijCz7sc3a277R67g,Great app but doesn't work with the latest version of android so now it's broken. 😟,5,0,1.1.1,2018-03-05 18:50:33,"Hi Kimble,

Thanks for alerting us to this (and for the kind review!) We'll get this sorted. James",2018-03-10 08:51:08
gp:AOqpTOHYnsCRnw8eSTqqlML4yiENE-1gnZ-FSixV7t5dAWBFyZ2JSK_JNifpCqD5GNJBwz45n8a3rycJ7zrIg2A,Matthew Bamford,https://play-lh.googleusercontent.com/a-/AOh14GhbGrmzbocHR9UVEOe_Dn3vZKreRPfkpVJRFslWuLY,This app is really accurate and has a good selection of avarages and range of celebrity's and their voices.,5,5,1.1.1,2018-03-04 13:43:21,,
gp:AOqpTOG-bllFW0EWDNei6hGD4z87acjhSRzeIA_SWk134SMi81oDd32urCIkjBAOG1Sr-PyoWf1muw187ZWq09U,Abiku,https://play-lh.googleusercontent.com/a-/AOh14GhW-fCcaj29AtxqjveHu7dclkdLP_g1R5Az1jHpP-M,"Description is fair and product seems well made, not a scam!  So 5 stars then",5,1,1.1.1,2018-01-15 21:16:44,,
gp:AOqpTOGJS5YMD-tfETcRrEtogIxn0B7SLg9YOCKPolWPjULS0PN-CmLPs_d8Y2uAq4mJBo2aIsEPpHw0Iupo0Zo,Yasin Patel,https://play-lh.googleusercontent.com/a-/AOh14GhNjFRD31Guj0Xz0HhDCol2jUdys9OCLssUWE6z,"This is a good app. It is accurate and only takes into value vocal sound and not other sounds like tapping, coughing ect.  However, there's a few things which are missing or needs improvement on the Android version. I will list them below.  1). There is no ""Highest"" field under ""Analysis"". I'd like to know my highest vocal frequency.  2). When you select your celebrity matches under ""Similar to"" and check the distribution comparisons, i.e it says ""Yours"" and then a celebrities name, it's difficult to identify which line in graph shows your distribution and which one shows the celebrity distribution that you've compared with. The colour code which identifies ""Yours"" and the celebrity is not accurate.  3). I feel the app takes longer than expected to execute, maybe a good 7+ seconds.  Thank you for your time. Do take my feedback into consideration.",5,15,1.1.1,2017-11-29 22:06:27,,
