reviewId,userName,userImage,content,score,thumbsUpCount,reviewCreatedVersion,at,replyContent,repliedAt
gp:AOqpTOH6nA-y5qZ6HtB6DZiAxplQms9KcaCDiZofKQHBWF7OuhcTQH7xWgA0aSWBPRl5-a3wufqPjqS2UZeGxQ,Kendra Lockman,https://play-lh.googleusercontent.com/a-/AOh14Ghy2x4d3_pVOd5gFZTrulKOUwYwLbppV_rXBpHcRQ,"I recommend this for parents and for teachers. It develops great intuition for geometric properties and logic, appropriate for kids and adults. I recommend it to my community college geometry students, and my 3-year-old also loves it. How's that for range? (To be honest, my 3-year-old will get more out of it when he gets a little more dextrous. It's probably more appropriate for 5+) Update: My child is 7 now, and he still plays it occasionally. He's definitely more tuned in to what he's doing as he plays, and he's using the language that the app introduces. This makes me wish they had introduced a little more vocabulary, for example ""parallel"". He could tell me all about wings, and he knows the word parallel from other contexts, I just sort of wish the app would reinforce the use of the word. Overall, though, I still love it.",5,6,1.1.7,2020-08-23 10:20:20,"Hi Kendra Thank you for a fantastic review, and for recommending the game to other parents and teachers. Happy to hear that your child appreciates the game, and about your thoughts on developing the vocabulary. This will help us continue to develop the product in the future. Good luck with the practice! Regards, DragonBox Support",2020-11-27 03:39:33
gp:AOqpTOEbfxh0MRccJiObSaCYLbj2B0JwBrNH4ooo9qM1fMjaPX_e5iaKtNcG2LLbn0C5HbqyERKnkfXsuchjIw,Splat Stain,https://play-lh.googleusercontent.com/-vsG4f_5Qs2g/AAAAAAAAAAI/AAAAAAAAAAA/AMZuucnwe8cSswdwkwPwmtqh1LAqSSkmWA/photo.jpg,"I'm playing through Bluestacks on a PC. So the 'zoom in by pinching' is more coordination than a small child can handle on a trackpad. The game 'works' seamlessly in Bluestacks - congratulations. But if you will be playing this without a proper touchscreen, I don't recommend it. If I had an easy touchscreen solution, I would definitely be reinstalling this - I've been really impressed by the Algebra apps (those do work better on a PC). Difficulty setting is a good feature :)",4,5,,2020-05-21 02:16:58,,
gp:AOqpTOFnZQGWt2hAPi3LiMG_IpXurdmthki9yF07S-wRpAU9_qiChxrotoyPBux6GoAWlJHK_v4cs1BVZMuUVg,Mitchell Hambi,https://play-lh.googleusercontent.com/-zXZVKEUKTsA/AAAAAAAAAAI/AAAAAAAAAAA/AMZuuclRgUrkLnnZ3SY0o0Rlt6EbFoy4Eg/photo.jpg,This app was supposed to be about the periodic table of elements but it has different kinds of triangles and squares,1,0,,2020-05-18 00:36:52,,
gp:AOqpTOGQZXhy9sH2rdXruLwxZkqziK9z_iA8La0v4c7N3FvYzU6ZGHZkLzIjMldqEbNrjfXozmb3CYaVdnNNmg,Jason Sparc,https://play-lh.googleusercontent.com/a-/AOh14GjyXJlLQEYNtdQLrBZPiC-JuIIolYO3WoxvEnh1Eg,"My last review says that it's broken and was stuck at the orange screen, but now it works after the recent update. Also, got an email from support after 2 days of reporting the issue. Thank you so much for fixing this. I've updated my rating to 5 stars!",5,7,1.2.0,2019-12-17 06:19:08,"Hei hei,

Thank you for your review. There was a bug that caused this that has since been fixed. If you still have problems, please contact us at support@dragonbox.com, and we will be more than happy to try and help you resolve your issues. 

Regards",2020-04-14 00:37:08
gp:AOqpTOFktZg5f_nlANE5pNNBqeQUF_yfGRr2bW3yX3PpLBMt-wfmWla7syeMNxwTlWplW5NoB6FC_Jn9qmzM4A,Kenpo Kid77,https://play-lh.googleusercontent.com/a-/AOh14GjmaPTOxkVFp0RaFfx74JYy1JlnuhOsCWXgE13LZA,"The app is great...when it works. I've been trying to open it up since yesterday, but I don't get past the orange screen. All the other DragonBox app I have work fine, this one however just won't boot up.",4,2,1.2.0,2019-12-13 02:35:20,,
gp:AOqpTOFT-B-3mhJ2R5ZKRelDRl2Mrc1m0kywX997jaPbai_H7lzA4ggaskF2upWcgOD466rjko7vXGX81BmO8Q,Lisa,https://play-lh.googleusercontent.com/-PzZtGGlfF00/AAAAAAAAAAI/AAAAAAAAAAA/AMZuucn9yZ_f167WrE0FLLrIs1sexGVduQ/photo.jpg,"App opens to an orange screen, then freezes. Attempted to open multiple times with same result. Uninstalled and reinstalled the app and had same result with frozen orange screen.",1,5,1.2.0,2019-12-11 06:40:24,Hi Lisa. Thanks for your review. We would love to see if we can help you out. Could you contact us through support@dragonbox.com and give us a few more details about the issue. Love from the DragonBox team.,2020-02-24 06:10:19
gp:AOqpTOF4SmGlwSU77m44RRLiKUrOR2oKBzX7fHStIUAyWqemlGf5-s8HF3x3OVTj2yuG5-JZJA_29jsHFBcTvg,Emily Muller,https://play-lh.googleusercontent.com/a-/AOh14GjHyFO40n1P3e-fsF9SpqMsrUjRwRQNF8F1I1C_VA,"Nice job, dragonbox! You've really scored big with this! The only problem is that it's a little laggy going from the game to the title screen, but other than that, great job!",4,3,1.1.8,2019-10-12 22:20:53,,
gp:AOqpTOFtnC2y2K3S-QQZO50NCFPEF2Uc9H-hKLiWxc5h9een0m7tY_w7xRWdo8kMpUTKvXwqjITfQ8fT7NBSEA,Emma Barker,https://play-lh.googleusercontent.com/a-/AOh14Ghyr1bVPVAOeLj_vdjbo3p5ucGQZEjFWsiFpkC2GA,I love this game! #BestMathGameComanyEver!,5,0,1.1.8,2019-09-21 14:41:15,Thank you Emma!,2019-06-04 03:45:40
gp:AOqpTOHliCSG2F2Zr1pnJlrbisp70J1FGquP5mHGNCl6c_Bcw3DhvoXXYVSsHgN9NdUpCC0DiMvsSOH9Lpp5EA,Finley Smith,https://play-lh.googleusercontent.com/-4Pz48gPaXwY/AAAAAAAAAAI/AAAAAAAAAAA/AMZuucmK7V9zl7Goneju7fvr7wMk9fM6rQ/photo.jpg,Wonderful math content with intriguing graphics. But it would be nice to see the battle sequences incorporate some of the Geometry content.,4,3,1.1.8,2019-08-28 11:18:00,,
gp:AOqpTOEBZfp_eSl4FtTvF1UXsnHYw9R_IL3ShMNSdjfGUWk_7ndG1nMmZi0UEEa5jXf-bivnF8Dr6lmRm2a02Q,Dunja Skokić,https://play-lh.googleusercontent.com/-omn4CEJjVeE/AAAAAAAAAAI/AAAAAAAAAAA/AMZuuclrplpd03dGVb88W8r4y58xfFjNDg/photo.jpg,"Great application, only one question,any plans on adding Serbian language as you have in dragon box algebra?",5,0,1.1.8,2019-08-11 00:07:23,,
gp:AOqpTOEWKw9QgT1ZSbFHRWQ8gIaqWgw63rWfN-zZGtGT8geC7d4pUdSSIZ46sg_YZyhat_jBeugfreFApA8KdQ,Jennifer Plosz,https://play-lh.googleusercontent.com/a-/AOh14Gji7FHrIlWVh302RVD2UvKRwCR87ys8VKwH1bM_Uw,what a great way to introduce a student to proofs!!!,5,0,1.1.8,2019-08-03 18:44:46,,
gp:AOqpTOG5-QanJ-9jSPVbL_CQdJ36Ps4wdjU4ZBWLAjUHnTse0arWv_dUtWJqoZLS_p_8bXVlFwKACgkHAd1tyA,Nik Taylor,https://play-lh.googleusercontent.com/a-/AOh14Gj5imQkO2iIvxclh3xi1heHT42O-T6TBlofE_XUNuo,this is a great game,5,1,1.1.8,2019-03-25 08:00:54,"Thank you so much for your feedback, it means a lot!",2019-04-01 03:57:58
gp:AOqpTOH3TH_-KgHASsadCoOY1GUP4BpiTpvi0E6Tu7Qz0jMxFLV5yQ-9s7gf1qKV5z3hUOnaBrtLY-ChBD8ZpQ,Zane Shahroody,https://play-lh.googleusercontent.com/-sjCltsFGRCE/AAAAAAAAAAI/AAAAAAAAAAA/AMZuucmaE2_VPfQxh2vZlno-pe1pj2W4Ig/photo.jpg,Wow!,5,1,1.1.8,2019-03-06 14:43:47,"We do love to ""Wow"" our users :-)! Thank you so much for your feedback",2019-04-04 02:21:12
gp:AOqpTOF9qRoJ5Mqtral779wHoV8d8MeJy1FW69Hvdc43KGPanV6PsIPm_t2HErbEEqcfxXUCHI3D1LRmxZVQdg,Rich Bennett,https://play-lh.googleusercontent.com/a-/AOh14GiTKAKDOm2z60IgXVBmQt1PsTHuFumOsN-Mavi6Qg,Awesome,5,1,1.1.8,2019-03-02 04:35:19,"Thank you for your appreciation, we aim to please!",2019-04-04 02:38:40
gp:AOqpTOELiOUTx0DPaMIimxccl2slezpR1JylHb5zHFtGNXl6phMfSyJzYbikZIoJVL8B-Y-cCNyFUaH4NFUfFw,A Google user,https://play-lh.googleusercontent.com/EGemoI2NTXmTsBVtJqk8jxF9rh8ApRWfsIMQSt2uE4OcpQqbFu7f7NbTK05lx80nuSijCz7sc3a277R67g,"The concept is great. It's a really cool layout and fun. We have some big complaints though. When in the advanced levels, it's virtually impossible to click the angles and sides because there are so many monster icons on top of each other. Also, when you finish the game, nothing happens. It does even say woohoo or congratulations. We had to go back to the tower. And all this while we were ramping up and trying to get as many monsters as possible in order to fight the dragon... Quite the let down",3,11,1.1.8,2019-02-25 20:36:19,"Thank you for your appreciation. To click on the angles in the advanced levels, zooming in and out really helps. Regarding the lack of a big happening at the end of the game, our primary focus is always on the learning features. We will take your relevant feedback under advise when planning our next update. Thank you for helping us to do better!",2019-04-08 05:55:02
gp:AOqpTOGftwx8YvsgtCeZGILx10OYQRmKnM6kc-h8RS3B8KA19ZiihCrSYDHPI4Jru833VllxIBXTIbkRE-nHsg,Petr Faitl,https://play-lh.googleusercontent.com/a-/AOh14GgApJEK94xY3XD_1KaLWqGt7Vf40CfXmjYgwvxB5KI,Great educational game. Well worth the cost.,5,0,1.1.5,2018-12-21 22:48:30,,
gp:AOqpTOHeZYJTnyUN2e1Tjp2PmGbi-sv-YwaSvlfDDq5lMzqFmfmKN4ELR13dKcgcAhFCsU_q5jgb_0lRAJt-Yw,Douglas Tepe,https://play-lh.googleusercontent.com/a-/AOh14GhfqZ12Az7nxaZ8txkFGD9m3650ZbWKacUGW54T-hg,Great introduction to core geometry concepts,5,0,1.1.5,2018-12-09 11:51:13,,
gp:AOqpTOGe2pchdF2API-CJqJ_7iFyFhRT3xket5A9mD_JqVboPVOlBFZtrCznpW2KnCXxz8Uy6FgaEDxZP-rInQ,A Google user,https://play-lh.googleusercontent.com/EGemoI2NTXmTsBVtJqk8jxF9rh8ApRWfsIMQSt2uE4OcpQqbFu7f7NbTK05lx80nuSijCz7sc3a277R67g,Great value for money. Quite challenging but kids seem to be able to understand it!,5,0,1.1.7,2018-10-15 10:02:27,,
gp:AOqpTOHVxWqyR3PqPg3Hieoi90s6-vCG5x_cPVMnE841WRcPrD5fn3UQ0Ny9sJ-LcjTF7Pzhiu7JHuGmHLIp2w,Polina Georgieva,https://play-lh.googleusercontent.com/-oNsr9FNEzhY/AAAAAAAAAAI/AAAAAAAAAAA/AMZuucmDp9fpd7Uy_H-GY5z-9Q3hcTy6Kg/photo.jpg,Great app! Would love another level adding more concepts and more difficult problems.,5,1,1.1.5,2018-10-09 19:51:13,,
gp:AOqpTOFCm1NlKiey2AFemTay63ppTVsAAWI7D0JIl-uMxR7SvgjN6EY_lW2vOxLbbJbAY6Rl8ihU6kPItJU8Ig,Fiona Wersin,https://play-lh.googleusercontent.com/-ZOx-iYX2Buc/AAAAAAAAAAI/AAAAAAAAAAA/AMZuucl3Ah8HPSGN56ef_eeyRDQv3KoFhw/photo.jpg,"Fantastic, great way to teach geometry concepts. My kids love it. Great quality and no ads.",5,1,1.1.5,2018-10-06 05:07:35,,
gp:AOqpTOG1ALJ8C3r0kq8yR-aEoOCavefKNvWlGyf-Bxznk76AYhX1EsQWko0_aNONy7jmEl54Pn8R9dV_aYKp0Q,DMJC,https://play-lh.googleusercontent.com/a-/AOh14Ghm_iaXr9hJl3P7hUKuZ24ugOhNnoHGR9KsyDPlmA,Greatest urgently required to pay for the camping trip and avoid Oslo area to be getting a few days to pay for it last year,4,0,,2018-02-09 04:08:26,,
gp:AOqpTOFL1XpWscGDLuEDxPdzFWsnCYBKH1SAGG96E364vL2ArtMZCBaPUVLZLVUnrW-bQXUaYh9fNR5948kvZA,Beverley Tanner-Tremaine,https://play-lh.googleusercontent.com/-zjMvEuNCdcA/AAAAAAAAAAI/AAAAAAAAAaU/AMZuuck-Uia1oQK53nb2f44owtv_ucsBuQ/photo.jpg,Son loves it. So do I.,5,0,1.1.5,2018-01-17 13:10:45,,
gp:AOqpTOEkQMJDzVlz4UY0mmOrtpDj3aAoiwGYfCsgPuOZwPhPVo6BgLKEFbBGBI9t7FTFDL0GGeidJtekW50hFg,Ted Clark,https://play-lh.googleusercontent.com/a-/AOh14Ghh4E2ctdznuAm4yLUk8qHKhhN4cCl5I43jNMfCk20,"My daughter loves this app, but makes me do the 'fighting' parts.",5,1,1.1.5,2017-04-29 19:56:51,,
gp:AOqpTOGFTP0K-aTd6Z6LjqV8zI1VbnqsCKcD12JDPzHPtvl9iLkqcxolFKywBZOzaLL02ggDa43y67znEn9QLw,Catherine Spruance,https://play-lh.googleusercontent.com/a-/AOh14GhcaOS__qQ_LyxBfJVEumzedjdIlbAwEBPip-gqb9A,"Makes geometry fun! Entertaining for adults and kids. My 2nd grader enjoys playing on his own, and my preschooler likes playing with a few hints from us.",5,1,,2017-03-23 22:58:34,,
gp:AOqpTOGeIQXanPrvXsY9Ge0Jqtc9M1g1AADLZSGTKAymVBKUMOzmVCRRW_0_Vn4U8QZGNnhnyqyf9BGQavbJ8Q,Yellow Readis,https://play-lh.googleusercontent.com/-37LCGSfwRL8/AAAAAAAAAAI/AAAAAAAAAAA/AMZuucnShRkvpYQUeuC39JDZXJKxgkPB6w/photo.jpg,An excellent game that helps teach geometry in a very fun way.,5,2,1.1.5,2017-02-05 19:36:59,,
gp:AOqpTOGEc4bJ0al1Z695FOyh2vnIA7E24y0rpBD2gzm4B_uA8Q5JBgw2SHz7kgSlLoSETzdyY2v_VhwL1HUAUg,S Lee-Rife,https://play-lh.googleusercontent.com/-FIecUlBcQ0M/AAAAAAAAAAI/AAAAAAAAAAA/AMZuucni67X1AjBtt8sMts0zkyhw2Dqnpg/photo.jpg,"We have loved Dragonbox and Numbers, so were excited to buy another app fron this company. Unfortunately, this app isn't anywhere near as intuitive as the others, and in fact, is very difficult to understand -- and thus actually play -- as a result. I am very disappointed.",2,0,,2016-10-21 18:13:19,,
gp:AOqpTOELtDt2BedwcKAgetUGx9EAKksE3pHBx174_jAypkxRvJXFB2B5liPppby9dgWXa6shtnTwEPcZURYAMQ,Sharon Damerell,https://play-lh.googleusercontent.com/a-/AOh14Gjc2MoaQh5O_7QKpQ4OuFJL1o37mEvUB15GWlSS,Teaches the essentials of geometry proofs in an intuitive and natural way.  My kids loved it.,5,2,1.1.5,2016-07-18 11:49:25,,
gp:AOqpTOEe79wYaH1Obq7uOeUV_a27bp_CS_Kp5a01fVTpxcEu0VBGs41pdW105TgtW7nWQ1cpR11bFCu8CNjwQQ,Mike Stay,https://play-lh.googleusercontent.com/a-/AOh14GiKVZIQWHReuvAIoHbEWHct_2851h-9JwUZerLLqg,"I was hoping that this app would teach the rules of geometry in the same way that DragonBox Algebra teaches how to manipulate algebraic formulas.  Unfortunately, there's no actual construction of diagrams, only reasoning about diagrams that are already drawn up.  It's OK as far as it goes, and might make an amusing game for kids, but doesn't capture much of what's taught in a geometry class.",3,18,1.1.5,2016-06-13 18:53:17,"Mike, thanks for your feedback. Sorry to disappoint you! Elements is not a construction game and wasn't advertised as such. As said in its description it captures the part of geometry that is taught in middle and high school, made available for younger minds. Of course kids should explore geometry by constructing things. We might tackle that later!",2016-07-03 01:12:47
gp:AOqpTOEeFQwEKJvg739GaFY8wjm-t14t6qKmcmPd3h__7ZWhFumCDasWaaSCfd-w_R3AfO83u5UElWl68r9A-w,Deryk Piper,https://play-lh.googleusercontent.com/a-/AOh14GjL-TT4mNyKBT8YIKX-nbj1F25uFHWWModhB2N5P4s,"I got seriously into this and couldn't put it down until I finished it. Oh, and the children like it too 😀",5,0,,2016-06-05 17:38:59,Hahaha Thanks Deryk. Glad you liked you too!,2016-07-05 23:18:57
gp:AOqpTOFREQUlp7Iw_2LeayITKTP0tmcBpw51i7G26bSmo21UKXXkwEw1PxhXsDhqVp1CeoGUutZUz9I1dR9ALQ,Loren Rasmvssen,https://play-lh.googleusercontent.com/a-/AOh14GgCQIRK6qWglPtDA-SDHF7tIK9rfr4Y6YSbjWGjLg,"In between stages, there is a lightsaber-like sound that plays even if sound and music have both been set to 0. Please fix.",5,6,1.1.5,2016-05-28 10:28:20,Hello Loren. This will be fixed in the next release. Thanks for reporting it!,2016-07-05 23:21:38
gp:AOqpTOEqbHfUUa9JL8xHdpb3drKvTyXtqXEjdYl4L0lIf4MKnSmKrFzlhoy_XJ-1Ok6xpgwz_4YSc9jme21_Cg,Yaik Ho,https://play-lh.googleusercontent.com/a-/AOh14GjFMCo6svmFOZssbk1L2WSBVkB6iBNJdJygpPWC3T8,one of the best educational apps I've found,5,2,1.1.5,2016-05-15 02:03:04,Thanks Yaik!,2016-07-05 23:21:50
gp:AOqpTOFmy6WAzhdn3CndxkgI3mqY2gYD2pFYQMpILcUWMiX_ELpOAFEJ_nsr2yLlSh3jwc42DtHVNznFcxMucQ,Matthew Hudson,https://play-lh.googleusercontent.com/a-/AOh14GifYhJ_JIZUpGNqKYMt-Y3YMa5SgXxDeoDi_kv1Mq0,Essential for children and adults,5,0,1.1.5,2016-05-11 11:42:53,,
gp:AOqpTOHviAC1Dk_qxlNOdC10Yr0ViEcIRiCKuI5FxYIqqFQ-Q-u1xfalP3DS2GIsiLHQ37DLysxF-gw0H9qjlw,Curtis McClurkin,https://play-lh.googleusercontent.com/-KjJxx9AkCuw/AAAAAAAAAAI/AAAAAAAAAAA/AMZuucmYKtrTHOPvtRUhNA3L5mECqaM1mw/photo.jpg,It would be nice if there was another level at the end.  You spend the whole game learning the concepts.  There should be more of an opportunity at the end to practice applying those concepts.,5,4,1.1.4,2015-12-05 05:29:04,,
gp:AOqpTOGfqzCvkG5fYC_LRz8ngVbY7TG9UXqw9KPah-LKEl017qMwFkF9mUQhubAhpNg2pNHeF1BORMtYm52VWg,Pawan Kumar,https://play-lh.googleusercontent.com/-4U76xlJKChc/AAAAAAAAAAI/AAAAAAAAAAA/AMZuucnaYTXG4gocMf0fUueOo3LyRcYRZg/photo.jpg,"On my Samsung Tab S, it worked one or two times. Then it stopped working. When I wrote to support, I only got an automated response. It seems that they respond better here. I have tried uninstalling and reinstalling several times. If nothing else, I expected some response from support.  [ U P D A T E ] The latest update yesterday or today seems to have fixed the issue. I am still bummed that I didn't get a response for so long - just an acknowledgment of my issue would have been sufficient. But for this customer service issue, I would rate it as 5 stars. [U P D A T E] They went ahead and refunded me to make up for the previous customer service issue. Restoring the 5th star for that.",5,8,1.1.4,2015-11-05 06:35:28,"Hello Pawan, thanks you very much to have updated your review. Really sorry about being late. We are a small company. We receive support request through many channels (emails, facebook, the different stores...) and sometimes we miss one or two, especially during the summer, when people are in holidays. Take contact by email for a little gift! :)",2015-08-31 23:23:07
gp:AOqpTOGu5HpWbrwd1JPDgSohqLOHTJjz9EmwOI7FU0rC7T7SbJsWFT89dEbr_WEmADMi9rf29pZJt8jb21Rq3Q,Tomas Remotigue,https://play-lh.googleusercontent.com/a-/AOh14GgmzTFCQ8OSaVxsMPg6_r6Jyh5uElYLC35SBKB4jgE,Not quite as intuitive as dragon box but she still has a ton of fun and it does a great job simplifying complex topics,4,1,1.1.4,2015-10-04 16:58:41,Hello Tomas! Thanks for giving us some feedback! Maybe you could tell us which area of the game could be improved for better intuitiveness in your mind? Thanks!,2016-07-05 23:27:04
gp:AOqpTOGlycFG3itsyz-AGfatjc0ZgvzVSgBHhXvrOpDHoUAEFEj_GaocEmRyu056dLsgwbjSECPU9vMrKg7bnQ,Matthew Forbush,https://play-lh.googleusercontent.com/a-/AOh14Ghph6Ae0SGWgYatK-NS3gGdXdoN-3sbd2YAPxda,Update has fixed any issues.,5,1,1.1.4,2015-09-01 09:26:59,"Hello Matthew. Our underlying game engine (unity3d) has some issues with some devices it seems. We've updated our game with a newer engine version a few days ago. Have you tried the latest version of Elements ? If the problem is fixed, please update your review. Otherwise please take contact with our support ! Thanks!",2015-08-30 10:00:44
gp:AOqpTOE9wAkz9qHFrI6Fkt8WaF_H5AjCu6BDoCxZxO_UHj5E7UjWA-NRlZSRt_jqIc3piS5TQz6xgQTp8lWjew,Melissa Boley,https://play-lh.googleusercontent.com/-JczJJLlXXCI/AAAAAAAAAAI/AAAAAAAAAAA/AMZuucnla1yhg4ZuuoKsGhmdzgRjIPsJSA/photo.jpg,"The game over always great for learning but could have used more shapes, such as Pentagons and hexagons.",4,1,1.1.4,2015-08-30 09:09:24,"Hello Melissa, the game is about geometry proof, following the path of Euclid's Elements. While pentagons and hexagons are interesting geometry shapes, they do not bring too much to the topic of making logic proofs. If we had to add more content to this game, it would probably be things like identical triangles or similar. Thanks for your feedback!",2015-08-30 09:59:14
gp:AOqpTOFVfrWbn7Gc9G3Et5d-UgzF5DMLAzkUVnU8ZnOg3cT6J0FQgEGLdoPYJm0pAYgHEjxzZcXMkiIcBoSnlw,James Henning,https://play-lh.googleusercontent.com/a-/AOh14GiOZvtsKlN4sfxzZUozpuaHblisaA66sFvVDocy,"My kids really enjoyed this game.  Suggestion, could there be a switch to flip between modes: one where  a bonus is received for 100% identification of all shapes, angles, and other geometry features and one for the minimalist solution.",5,3,1.1.4,2015-08-30 08:39:04,,
gp:AOqpTOHRCsTmGJN44ybMSqh3Val6ZuGN25YZ7oxM5HHk_n-LtcjTCEJw5_gl5NtnTi6T0oLvgT4b9WdgI5yaZg,Robert Schaffar-Taurok,https://play-lh.googleusercontent.com/a-/AOh14Gi_NU9GUGkussf-rueXci6QdkVQY_AkRqyw2LvuOyE,"The company behind The Dragonbox series has once again proven it's ability to ""trick"" you into learning concepts. Can't wait to get home from vacation and apply the knowledge my kids built up to paper, pencil, ruler and compass (and geogebra ;) )",5,1,1.1.3,2015-08-23 00:26:59,,
gp:AOqpTOEnq5Kd5PNWxj9ZHCl1npr98eNtHik_36_naVFLWQXQPE984QDvkW-th8DNFfcQzr1tdtGbMxibL0T6Xg,A Google user,https://play-lh.googleusercontent.com/EGemoI2NTXmTsBVtJqk8jxF9rh8ApRWfsIMQSt2uE4OcpQqbFu7f7NbTK05lx80nuSijCz7sc3a277R67g,Please either make the app work or refund the money.  Raised a refund request but no response despite sending reminders. I will now have to raise a dispute with my bank,1,2,1.1.3,2015-07-22 04:00:16,"Hello Chandra, support got a bit stale because of holidays. We've refunded you a few weeks ago. As for the bug, we've updated our game with a newer engine version a few days ago. Have you tried the latest version of Elements ? We would be happy if you could update your review. Thanks!",2015-08-30 10:04:53
gp:AOqpTOE6DEADJUJsXImCRZJXV8Bav6O_fABvzHCvEsRumKJBh0I1GLyRx9w4QQ3SdBTgzcApC7wtwyb-aaSUmw,Emiliano Heyns,https://play-lh.googleusercontent.com/a-/AOh14GhSr1xGyeXlHE2A7KxMKBolbecBnsPpf6JJVS6e1Q,"These ""games"" are stellar. Best value for money I've seen in a *long* while for Android apps. PLEASE MAKE MORE. ALREADY OWN ALL 3 APPS! My kids (a bubbly 7 year old girl and a very geeky 16 year old boy math wiz) have finished the game and NEED MORE!",5,1,1.1.3,2015-05-13 01:10:21,"Thanks Emiliano. We're working on new games as fast as we can. We released one last year, and hopefully a new one end of this year. They will be targetting young kids though. Maybe for your little one :)",2016-07-05 23:28:52
gp:AOqpTOHAZ2nghKvfajvkCboZK1hLxw1SfXqQa5gejgHczRf4ocPbYNJCioi5x5t7AMXD84iHMYqC1_HcnO7h9w,Job van der Zwan,https://play-lh.googleusercontent.com/a-/AOh14GhKXztoL26P_jNj1dEdRA73xSZy0_l5uSi5Z45CeA,"You deserve five stars for including that feature alone. Colourblind mode next? ;)  Signed, a protanomalous lefty",5,1,1.1.3,2015-05-01 07:02:42,"Hei Job, glad you liked the feature. We've been thinking about color blindness, but it's harder to test. As you know, there are various forms of it ! Are you experiencing a particular problem ? We might try having multiple color palettes in the future...",2015-05-08 02:12:55
gp:AOqpTOEbC-mty84X4M_HBPWxj28DERr-oTI6YeeH1urkjNXuuuqXJDH6PP7e3P33Mti2S315J7gn6By_6n9RZA,One-Armed Gaming,https://play-lh.googleusercontent.com/a-/AOh14GgcZWgmygvPqEoFEXeDfye5oAJB9qRVvMwtiv4lxMs,"I loved DB 5+ and Algebra and was excited for this game, but after two worlds I've run across a problem. I can't click on items sometimes. I really need help, thanks.",4,0,1.1.3,2015-04-29 18:44:13,"Hello, can you take contact with our support please ? See http://support.dragonboxapp.com/ Thanks!",2015-05-08 02:11:02
gp:AOqpTOGpUigeXt4Srq2tDQ9IsDP65100aLLMIVjSlbSHb8SGIBGhf5VXgI_kiNdea1H-MMi9GCwgALH3o8NjJw,Solveig H.C. Ødegård,https://play-lh.googleusercontent.com/a-/AOh14GhbH0DQGULdsMrS-Gd28NsoDkLjs-6HMjK38WuXYQ,5-year-olds love it and the parents freshened up old skills,5,0,,2015-04-08 01:55:20,Freshening up is good! Hope you enjoyed time with your little loved ones!,2015-05-08 02:09:26
gp:AOqpTOFqSPjfpNFNFzPZxBYtIzaHUa7qAoxLUXFSPDEVwgVq-PaFHQYm2Ftrarai3DFL3SqRkzoQtwEKckWILQ,Peter Bergeson,https://play-lh.googleusercontent.com/a-/AOh14GjkGJ4zTrXl_J3kwFh0OoTDb12BkDypnmwlrA3oHw,"Cleverly designed game, teaches geometry, and my kids love it.",5,0,1.1.3,2015-04-05 11:04:57,"Hello peter, glad you loved the game! Have you tried our algebra games as well ?",2015-05-08 02:08:55
gp:AOqpTOE24b88q7tk7h9zQjwxri6jok9Ei2b0w-JEdwJ9ejf4Vbf8B1eEdf4l_W12n4KWtXYNUo2ReGNLPZDYqw,Donovan Eastman,https://play-lh.googleusercontent.com/a-/AOh14GicMuiRrP2Ce4_6Jhq5R06yVNLO6rZnRMs6KaeT7A,"This is the rare game that succeeds in being highly educational and truly fun.  They really nail it. The only reason I can't give it 5 stars is that it could really use more levels, especially at the moderate and challenging levels. Just at the point at which my son really seemed to be getting the hang of it, he finished it. That said, it was well worth the money for what he got out of it.",4,2,1.1.3,2015-03-31 14:31:39,"Thanks Donovan! We hope one day to be able to add more levels so that our 'great', 'rare', 'highly educational and truly fun' game that is 'well worth the money' gets its 5th star ! ;) ",2015-04-04 07:12:47
gp:AOqpTOEQ860UYh9EKz_jHIedPjUw9O75qRaD__bEWALDzrUdZFfH53rrhdIIg8-MVqpp1tr3Nlj4OqZqKC_a1Q,Lawrence Banasky,https://play-lh.googleusercontent.com/-0pqceMx2dSs/AAAAAAAAAAI/AAAAAAAAAAA/AMZuuckpZh2XewT-iFiVHRvST-FfvJ1gbQ/photo.jpg,But you need to make amother game,4,0,1.1.3,2015-03-16 10:51:36,"Hello Lawrence! Thanks for the feedback! What should we do to earn that 5th star ? :)

And yes, we're working on not just one, but 2 other games. Be sure to check our Facebook page or web site for announcement.",2015-03-19 00:37:00
gp:AOqpTOHqjiGCzPs68Rq-55z4PjLcHn8K5lidgoSgBnN_gGkjxZzIit15v-K_zd__WkyFca_eKgAlfSHZuxDCpg,Corneliu Paul Lupulet,https://play-lh.googleusercontent.com/a-/AOh14GhLAIWiClsa9DE8gxPgaP4Ex2kMTnb4Hmrz3N-yGw,Very nice :),5,1,1.1.3,2015-03-09 13:40:25,Thanks Corneliu! We hope you have fun with your kid(s)!,2015-03-11 11:20:17
gp:AOqpTOGoM9nJUJXkOkX5oIZ7qcBlaNu_7SiemMfuZFI-3vF2ejdjfKFeTaSHVv4Mdio0mH6p0tpr2aQJqsBdBQ,Alyona Lokina,https://play-lh.googleusercontent.com/-DsIITEvKFho/AAAAAAAAAAI/AAAAAAAAAAA/AMZuuckX24fnEhf1z5jiUyXpcSs3gMUm5Q/photo.jpg,finally i'm glad about technology,5,1,1.1.3,2015-02-28 09:23:23,:),2015-03-05 06:04:26
gp:AOqpTOFOX9CGNodvH93YGX9z1xqVyuXl-1H-zVFvsrs7Gh9Ye-RStQYzJYnvK9ySoF3FIj-49TndY3n9dbfXpA,mica cam,https://play-lh.googleusercontent.com/a-/AOh14GgK2JKspHTEOtQJCwAgwo2DJ7jSLHiVoPIBYZcTnw,Incredible graphics.  Out of this world creativity.  Reminiscent of Ralph Bakshi somehow. . . Absolutely brilliant!! The mathematics is spot on.,5,1,1.1.2,2015-02-15 18:07:52,"Thanks Michelle, really appreciated!",2015-02-19 03:41:18
gp:AOqpTOF9eF-7KoOHbXtDX9fZZ6k0huAaHH2919j8gsV0Os2uBEIqSzlC7GTDxZ_2mAYu4mkGtk-z0dssF7FnAA,James Lawry,https://play-lh.googleusercontent.com/a-/AOh14Gh9-yTgPR3oeSRoNe5I6GF_wmOBUJ1AGf3-r4owg2I,Brilliant game!,5,1,1.1.2,2015-02-07 21:06:11,Thanks James!,2015-02-19 03:41:32
gp:AOqpTOExtvmRt-2vbiHvhpRCTHlhm6NraLBq_z_PKLGo3vmsNX9b2KAzU2-YDQ40xXrfwXSoMlHD1zzufX51ZA,Ken Yeh,https://play-lh.googleusercontent.com/a-/AOh14Gi9RkPQB_dG9qu-BzF4CrJ-_FvSF41Hdqd2UhSyqQ,Superb,5,0,,2015-02-03 14:54:57,Thank Ken!,2015-02-25 00:41:04
gp:AOqpTOFiWbKJLZjAXQCfZ_GNd9jvMC4x68pR9wRN69cwTHUG8Hlmr5l4Ft1ViQxpT9ZTPWs_v9a3TWTs1ESMzQ,Clint Reagan,https://play-lh.googleusercontent.com/a-/AOh14GhH9QP35ImpnXN4pEJdbdwO4hU1JewmXoJpsMPo1w,Cool engaging art.  Game mechanism based heavily on geometry so that concepts are reenforced. Love it.  My 8yr old son loved it. Math teacher wife loved it too.,5,0,,2015-01-16 12:26:10,Thanks Clint! Feel free to ask your wife to send her some feedback. We love to hear from teachers!,2015-02-25 00:41:57
gp:AOqpTOFhiESCF1FhG-6fw__imSY5-MdWfx_L6bBNMHRdyl1llw_itP3458v3FP6uWCvQrWvzxt2QgFRmvNvHJw,Ceilidh Dennehy,https://play-lh.googleusercontent.com/-djrKiFsUE7Y/AAAAAAAAAAI/AAAAAAAAAAA/AMZuuckUJHjOKbhVMFg3vr9m_OJyZvNUTg/photo.jpg,Brilliant,5,0,1.1.1,2015-01-01 06:34:04,,
gp:AOqpTOH56Vszp1mXTVg5arLOL_P0ZueDdsrpm0eIZCoipucj1-VncybpcyWUBfk9NQjkFoLPlzL1vu_62vSTIg,Jason Morrison,https://play-lh.googleusercontent.com/a-/AOh14GhsQ6GpAFh1R6MoYLX6DvPrvhC2KSggFzja9TcSa34,"We've tried out a lot of educational games with our daughter, and even the best ones tend to just add sound and animation to generic math and spelling problems.  This game and the original DragonBox are the only ones that actually turn math itself into fun, compelling games.  Looking back, it makes so much sense - I enjoyed geometry in school because it was almost like a game to me.  Now I see my daughter getting the same enjoyment from this game.",5,1,1.1.1,2014-12-31 11:08:30,Thanks Jason! We were like you when we were young. We always thought that Math was a game. Some people don't see it that way. We're trying to reveal the gaming part for those who don't see it! All kids like puzzles!,2015-02-25 00:44:00
gp:AOqpTOFeuzcQTzjNg3KfSYTfmGbtZLXPGVtx4yoE35H9DcA7P8rBMa2sVy6qqQ20TZKRHJ4-kWg0IyA7bRn6PA,Karen Winter,https://play-lh.googleusercontent.com/-k3WwfqLhpYI/AAAAAAAAAAI/AAAAAAAAAAA/AMZuucmfNywbWUwXrul6hG937zWtTX6wYQ/photo.jpg,"Good fun doing geometry proofs.  Instructions could use a little work, though.",5,0,1.1.1,2014-12-19 02:27:29,Thanks Karen! We've made an update to try to make it a bit better to understand the goal. Hope that helps!,2015-02-25 00:44:46
gp:AOqpTOHxvAP0KqDESQSeOA4Vcx5gDFv-G2JRW_chD4fnuE4-dS58s7esyJG4lrs9VyqRVBmib38tWvutES1Nrw,Marie Saint-Jean,https://play-lh.googleusercontent.com/-4ztIaeD-yr4/AAAAAAAAAAI/AAAAAAAAAAA/AMZuucl-fmzI8qWa1tvFqm9E_UkxsIoXzQ/photo.jpg,En apprentissage ou en revision tout la famille a trouve son compte. Marie / maman  . Merci,5,1,1.1.1,2014-12-04 23:24:51,Merci!,2015-02-25 00:45:03
gp:AOqpTOHepZ7QHdDYobnX_Qjv85w8J6lnnDlxhhPgy9tQBYZFe1jmbmRVO_GDQ6Lt7m9YCsCWVKqeJ4nLFFMkZQ,Ravi Ram,https://play-lh.googleusercontent.com/-k2hiQ2I-lIo/AAAAAAAAAAI/AAAAAAAAAAA/AMZuucmTA8ev7bPLxS1ZPDmEEgVmYy4wRQ/photo.jpg,The reason I got this app was because the Dragon box algebra was awesome. My 5 year old jus knows to solve simple algebra. Unfortunately this app didn't go up to it's potential. Sometimes the app gets frozen and had to be restarted. Also the levels are misleading like you go to next level and it is easier. I would have hoped kids to learn more about how angles of a triangle could make a difference when angles change. Overall ok-good.,3,0,1.1.1,2014-11-17 15:54:31,"Hello Ravi! Freezes aren't normal. Do you still have problems with our latest release ? If yes, contact our support. As for difficulty, what's easy for one kid isn't necessarily easy for another kid. But we can guarantee you that the last level is a bit of challenge for a 5yo! I didn't understand your feedback about angles in triangles.",2015-02-25 00:49:02
gp:AOqpTOENLZ3UJO_IQN3tRwoP58BnF4W80Z1aYLyZefndHCNOyWLnJv9yig6JbP9N6FnLWl5_MKOsl135t8Yinw,Duncan Parrish,https://play-lh.googleusercontent.com/a-/AOh14GhkTivd8ddTlCF9KGAGyFZGsdEX2Ua3PntdF1vh0A,"Real games teaching real maths, with a beautiful look and feel.",5,0,1.1.1,2014-11-15 14:41:13,Thanks Duncan! Very appreciated!,2014-11-16 23:13:45
gp:AOqpTOEobbWIKodPmZYjlMdA9oGgzKYwMFP0z7FQxeg9iLzgxpeyt4GC5nJI182xJM6zNIDGkmBdXarGKVoG4g,A Google user,https://play-lh.googleusercontent.com/EGemoI2NTXmTsBVtJqk8jxF9rh8ApRWfsIMQSt2uE4OcpQqbFu7f7NbTK05lx80nuSijCz7sc3a277R67g,"My son loves this game. It's a great puzzle game by every measure! Fun, smart, looks & sounds great.",5,0,1.1.1,2014-10-16 17:09:40,,
gp:AOqpTOH8mEgoxAcpToYD58eENTnNGE-tRxLYOm7D6OCJJMV-pg5PS7nsz-gyA717BAuldJJaD3MmIvI6n0ELXw,Kannen T,https://play-lh.googleusercontent.com/-brYCOaipMEk/AAAAAAAAAAI/AAAAAAAAAAA/AMZuucnjVCaw7b67YBHHWOj3F2xUa7G3Hw/photo.jpg,I bought Dragonbox Algebra and elements. Algebra was incredibly good so I thought elements would be also. It was a let down. the interface is difficult to control. Ive had to restart the app just to get back to the main screen to choose a level. The level choosing is also confusing and misleading plus there is no hints or solution button like in DB algebra. Fix these things and it may have potential. I know the creators of Dragonbox can do better.,1,3,1.1.1,2014-10-01 19:52:14,"Hello Kannen, sorry we disappointed you with our first version of Elements. Bear with us! First you will be glad to know we are working on an update to clarify a few things. Second, Elements has an inbuilt help that hints at which rule you should use. We also have video walkthroughs (link from http://wewanttoknow.com/elements/). Thanks again!",2014-10-31 05:18:06
gp:AOqpTOFczulA950wrFdkH8tZ5ltXVz4gmWzV9606y1NsduQjNOqySDkxf5EoyrpcX3pDcf9NLPjNVxQIy334yw,Ole Hanberg,https://play-lh.googleusercontent.com/a-/AOh14Gh-teFwgO9R8RN91tBXvZ_s3lt0jXyPgNhr1FCeMi8,Another jackpot from Dragonbox,5,0,1.1.1,2014-09-24 08:58:03,Thanks Ole!,2014-10-31 06:35:50
gp:AOqpTOES3DPiwco-YgfabIzrEv2bUBWKFmyZWVkHoRGw1vQmWHX9IStqCoE3M8zGCcARrI65ZKQfO-7JijDR7A,Hal Eagar,https://play-lh.googleusercontent.com/a-/AOh14Gg2v59YL3er5KHtyaoxjXwI8A3cPgrJ7gHt07A8gg,My kids love it ask for it all the time.  So willing to pay for a good app with no ads or purchases.  Thank you!,5,0,,2014-09-18 06:03:33,,
gp:AOqpTOGwI-kq_sUSdskQApcVSdJ05uf4O2AXN-jGIfHPxvu_5VtrTKfLhWnzTCsSA97P8bLQZ_6QFn5jmRpZwg,Alex Cruise,https://play-lh.googleusercontent.com/a-/AOh14Gi7m6Bq3vR4qyTgPXBy1d8-vBucBDDMh6tmux53Bhs,,5,1,1.1.1,2014-09-04 19:00:12,,
gp:AOqpTOGKtdV-AJ7NuUwTkcCWtGi3BXqFb9NyCvA4RWyodzb-O6qq-HDqF7ASzUFq1ctNG5nGX4pOccrcvuOgHQ,Jenny Wadkins,https://play-lh.googleusercontent.com/-SQlH3N1tQFs/AAAAAAAAAAI/AAAAAAAAAAA/AMZuuckkfRFoXaAUXT8ET8GO6mqwHoYgJA/photo.jpg,It subtly teaches concepts of geometric proofs without a single word. It's so natural.,5,0,1.1.1,2014-08-24 15:23:38,,
gp:AOqpTOFss4adXA0eGjNSvzktuRuUx-fCFpvs8gicUPpjnjud365iyo5dioDNWdvJaRdRLyNDKek5f7z1Pdn59A,Edmund Hornsby,https://play-lh.googleusercontent.com/-0U8EExqQfmc/AAAAAAAAAAI/AAAAAAAAAAA/AMZuucnENxhDM8whAO-kEkTPCyr4nCr2vA/photo.jpg,Wonderful app. Our six year old loves the range. A little less creature collection in this one means its not as played as algebra but still one of his favourites. Recommended.,5,1,1.1.1,2014-08-24 00:24:08,,
gp:AOqpTOEnwvn2r8T9seTYQs-lpGLY9Y-p8ZgrVzfnut6fzhSfSyVOVaU0AxYOtWofNlNpfvHewygYMdsS4URflA,Alyssa Milburn,https://play-lh.googleusercontent.com/a-/AOh14GgMrPu6oeFspZi_2ILC0BpFjPP7XOjxQwW2fVyVhA,"A fun and intuitive way to learn geometry by experimentation, in a beautifully presented game.",5,0,1.1.1,2014-08-03 15:12:45,,
gp:AOqpTOFsW5dA7-ce2chN_ZtY5c4Btg-p1R8vq7mmH5VTHN5HZ7LB7JnpgFAJiwUNg7qBy3VCtxJwCW6NgDHbew,Jonathan Harford,https://play-lh.googleusercontent.com/a-/AOh14GgctNkBXPMf9ryZ3ku2DG0-iQ4gYMx00zmt6EbpKg,So satisfying.,5,2,1.1.1,2014-07-23 19:26:26,,
gp:AOqpTOFHN_BXUI1cOjJhzxxIxnqm3EVF_og38Bkr6KO1ktDiVQzLmGLnnHhhVQlPCVhBjKnTnzVYj6MH7WZfaw,Gael vander Schelden,https://play-lh.googleusercontent.com/a-/AOh14GgqWZiwvULIr_IVYBM3mXEPnQoESDFo50WQzKYcXw,My daughter is really to small but I enjoyed the game myself.,5,0,1.1.1,2014-07-14 17:05:04,,
gp:AOqpTOE7nJmUCY_qYbXmTFFb2SwHonhfPwhpBazahYtFYhEMuGdsy8S94-0yWWmnbdreW0Vdsn0YMeoWG1EjHA,Jonathan Brett,https://play-lh.googleusercontent.com/a-/AOh14GhQXHyeoMiTQ2-0mP0TnVzmjhXPJQrh6jMyF2LpLw,Well done on another fantastic game. I couldn't put my phone down.,5,2,1.1.1,2014-07-13 07:08:57,Thank you Jonathan. Very appreciated here !,2014-10-31 05:20:12
gp:AOqpTOEoTzrMpR447qJiZwrfjdhyR8MzWyWrq0hjK-tuh5FZNCU8TL9rbCJ4b94fRy9u6MC2gGZerdY9kk-KUg,Luc Chase,https://play-lh.googleusercontent.com/a-/AOh14Gh3RYN8TVu9Dhfb_HiBmy3_oijsqskDtOtLU5516Q,Excellent!,5,0,1.0,2014-07-10 13:19:49,,
gp:AOqpTOFsntd6-B0fvtEmzIP9mHqmf4qZYLn5_voQlF4jEGCyE5lrbQjugEqxblK1fga6lIj_2XI7n4grcnQPDA,Brooke Northcutt,https://play-lh.googleusercontent.com/a-/AOh14GhABOT3gp95yLMAAjdBN_VdVkk9sWxDTWnFj31KDpY,I never thought geometry proofs could be fun.  My kids ate up both Dragonbox Algebra apps by the same developers and this app is just as good.  It's more advanced for sure. Geometry is more difficult than beginning Algebra but this app still enables a younger than high school age kid to explore advanced geometry.,5,0,1.0,2014-06-23 19:03:57,,
gp:AOqpTOHV-5mcWt0DcQc4l61BBxG2E5EyUYoMuNLzosYQgCqcgbGAj5bb2bOAHDmJVf0lmmTgAJ0Bzox7RUtEhQ,Tammy Long,https://play-lh.googleusercontent.com/a-/AOh14GjlbeuJUnotJzM86NHvXMQmYlXKa8eXAdTGn0DQQw,"I couldn't believe what my eight year old declared,""I love this even more than Dragon Box.""  And how is it possible for me to love geometry proofs now?  Even working on my masters in mathematics, I avoid all things geometry and proof related.",5,0,1.0,2014-06-15 18:48:04,,
gp:AOqpTOEJqcqR08W_ai6A8wtDN0wV2cRgivFIXYhRGYPC_ZEpZvt0bA7bRdD35fk9IaZOODvEuWBtQ6oJ01DSLQ,Jeanne K,https://play-lh.googleusercontent.com/a-/AOh14GiBXLZ5RZjcSliUBIATtK4QTWPkjs5h5NR4qWFI9Ws,this is the best game ever,5,0,1.0,2014-06-11 02:49:21,,
gp:AOqpTOFi7xyKm1gXMRpvVX03C3rT4FLjVGKe3iEgQO2_14kZXjOlV8W4vvwQv-71xlrMSJlxETyfoPvwKxY62Q,Rizean,https://play-lh.googleusercontent.com/a-/AOh14Gi0zHXHDCjzqrjdy-R9THNzk75Vrdh0CIgnPKIUDA,Good but not what I expect from the makers of dragonbox.,4,0,1.0,2014-06-09 06:13:00,"Michael, the first DragonBox was launched without side B! We add features based on customer feedback and pedagogical need. Feel free to take contact with our support to discuss this further !",2014-07-14 02:38:55
gp:AOqpTOHKUI7L8J_s9Sc5rsvmM8ChFr46E3Z9W5eV5HALYcokUW1H67FPO4GR-qcfOf_2VQR1pX8YrqZEd-1hIw,Alex Black,https://play-lh.googleusercontent.com/-hPIcTFvwRns/AAAAAAAAAAI/AAAAAAAAC3E/AMZuucnyYJZfd9mIbD_wSDjtrZ6ZDIzb2w/photo.jpg,"I already bought previous version of DragonBox, which is superb. I wish there are more educating and simultaneously entertaining games like this! My kids love it and they're certainly not school enthusiasts. :-) I'm really missing some free trial version of the game (that is why I give 4 stars only). I'm also a little bit afraid about the overall lenght of the game. Also S-Pen is not working with this game on Note3. This is valid also for other DragonBox games, but this game would make a good use of the S-Pen.",4,0,1.0,2014-06-02 11:58:38,"Hello Alex, WRT to the game length, we're adding a third mode in the coming update, with more levels. Maybe more in the future. As for having free version, putting purchase in apps is against our policy. Still we're very good at refunding unsatisfied customers (at least on Play)! So just try it !",2014-05-26 09:40:52
gp:AOqpTOHi7vy5muy8Pwz2fPtnIT_TnFmG9Ir-nue_5Bq2UlKPOg73TQDgg09_YMPTyUJtx_h4e7Mc-L3aAXJD-A,Robert Fletcher,https://play-lh.googleusercontent.com/a-/AOh14GiQK2ghr9U2iCbXzXXaYxZJsupaxL2jk_gNlP7JfQ,"This game is both fun and a very clever way to learn geometry. I like the way that you don't realised that you are being tested, as  you progress through the levels. This removes any pressure that kids may get in other learning programs, making it a much more entertaining experience.  Once my 7yo starts elements it is hard to get him off it, he enjoys it so much.  More levels please!  Also could you add a way of seeing a summary of all the powers you currently have,  if I have to help my kids, it is hard to work out what powers they have gained while I wasn't watching.",5,0,1.0,2014-05-29 19:57:12,,
gp:AOqpTOEuP8Mwco758-OwXoTfekG3oZrNeyETGr4cGDeeL87LoDUrm0KFDc1hOTkppJRpf0xfXlMABQK38-oW1A,Sanaradain Spirithand,https://play-lh.googleusercontent.com/-VwDpZCf6PT8/AAAAAAAAAAI/AAAAAAAAAAA/AMZuuckTFTxFnA0cYgAawPPQPQct4n3s9Q/photo.jpg,"My 4 year old loves dragonbox 5+ and dragonbox 12+ and finished both in less than a week.   He likes elements but was getting frustrated because he was tracing triangles but it wasn't working. I tried and it didn't work too, but then we got it working without knowing what we did differently.   I had to play the game on my own after bedtime to figure out that the monster horns correspond with the triangle sides.   Really wish there were instructions or examples so the kids could figure it out faster.   Would give it 5 stars if it had instructions.",4,0,1.0,2014-05-29 18:54:29,,
gp:AOqpTOGV7-1QSe8VdlREsQuIqnrECbekXbqMdrb1MGsa55B9o5M3gaGbhwqgwKj21xPlR48cPPpzX7F4DcskSg,Paul Edler,https://play-lh.googleusercontent.com/a-/AOh14GjhaM4vofEmsPcXl4Aa0mtWLE_j9QiWxXwQk9jSIA,"My five year old son LOVES all your games. Unfortunately, he finished this one in about four days. He was also more of a fan of the three star system from the Dragon box games.  Still great job. How about calculus next?",4,0,1.0,2014-05-27 01:56:27,"Paul, we would have thought that providing 4 days of enjoyment to your 5 years old son, including solving 20+ steps puzzles using only geometrical proof would have gotten us one more star! Hopefully the update coming out in a few days will make you change your mind! :) As for star system and calculus, it's in the plans. No date yet though!",2014-05-27 06:47:32
gp:AOqpTOF-4H4hfbgykKOJhoCv3OV4AqVKHr9N8Cin2C5lu34ph6KyBd43ZwxWelX_0GJasu5dHHu_uYiJlwpQ8Q,zuka kog,https://play-lh.googleusercontent.com/a-/AOh14GgiIc5ERop0lMe2z2GUK_slufhrJty9BlUR2g9wWA,"I've played both previous DragonBox games all the way through. I've also had some of my struggling students play them with great success. This game was fun and useful, however there is still a bit of room for improvement. First, it felt a bit short. Next, there was very limited in-game help. I understand that part of the process is figuring things out, but some sort of a hint system like the previous games had would be useful. Finally, there is no 'flip side' like with DBA12+. I'd love a flip side that told me which theorems and postulates I was using. Still, I'd buy it again.",4,0,1.0,2014-05-26 19:24:35,"Hello, an update is coming soon with some more help and information. Don't forget to revise your review when it's out! Thanks again!",2014-05-27 06:48:22
gp:AOqpTOHEptC9tmg6vXdKKHieWREYVIzA6fzC00jvesVJh9yY4R0pTlca6HyQbqxZvVpFI1B5mmvxDpxZ9og-Qg,Alice Keeler,https://play-lh.googleusercontent.com/a-/AOh14Gjq5CV0sBuNPCuqNNgOxIOI7ppQyb5bbGjtkx6DAq8,"This game is truly awesome! It helps almost anyone at any age to understand geometry concepts. Young children do not realize they are mastering the abstract concepts that some high school students struggle to master. Amazing graphics and engaging app design make this something even adults would enjoy doing. As a teacher I would give this to 3rd graders all the way up to high school geometry. If we want students to UNDERSTAND their learning, not just memorize definitions and facts that they can not apply, then this is a must have for everyone!",5,3,1.0,2014-05-24 14:26:29,,
gp:AOqpTOEuEzTP1TtrRqWTGKgo17dFOxUfl9NQAdqrFWDp35XmrAQqN77x2WqIhgK4zTq1XJpSjmBgk2sTG7yS8A,Eirin M. Towne,https://play-lh.googleusercontent.com/a-/AOh14GjVTIhijdbWZ_y_wL8yibb9MBFF5kaY2XoDgRAz-A,"I love Dragonfly 5+ and 12+, yet have always struggled with algebra. Geometry, on the other hand, was always a source of wonder and joy, so I can not understand why the game makes so little sense to me. There are hardly any instructions, no hints, and, worst of all, no clue as to how the solution is to be achieved. So you accidentally stumble through, happen to solve the example before understanding why, and then have to apply whatever it was you happened to do, if you're lucky enough ro remember.",2,2,1.0,2014-05-24 09:46:33,"Eirin, thanks for your feedback! Really sorry to disappoint, we put a lot of love in this game, which will improve over time. Today instructions and video walkthrough can be found online (http://wewanttoknow.com/learning-resources/). We're also working on an update with more internal documentation. We really hope this can help you out!",2014-05-26 09:26:53
