reviewId,userName,userImage,content,score,thumbsUpCount,reviewCreatedVersion,at,replyContent,repliedAt
gp:AOqpTOHmgvNO8m1u1mzAjB0juUazbQ_9m80xWy87DCvxg403MwNU7m3AU98bxVwLzCyvTxz7FaaMJmHOiOHHsVc,Steven Whyte,https://play-lh.googleusercontent.com/a-/AOh14Gja8u4RMYAm3EB8vC7MAuAhT3pABq5EFNMubwAV9Uk,"There is no way you can't find the prefect calming noise to fall asleep to, because if it isn't there you can make your own. I use this every night.",5,0,7.8,2021-02-10 00:01:29,,
gp:AOqpTOGhHYNL45NiikPwGMSRfM_eYNUAZcTuR-DLa5LkOvg0UaezkEf4lVWsqrbAi7uLHJl4oezkBo_r2KrP1oY,Todd Jamison,https://play-lh.googleusercontent.com/a-/AOh14Ghnp1DNUfAEZNyqEQol2DeZQiJw11-YwBrFprlWZQ,"It will only share via Chromecast video, I don't need the video to fall asleep, just the audio. I do not like sharing my entire device's audio as it is a pain, so I have no use for this app. If they implemented using Chromecast audio as well I would give it five stars.",2,0,7.8,2021-02-09 21:17:25,,
gp:AOqpTOFGhS6KjJBgzPWSH0P4z_zWt2Wd08N9FemZO-NA8vmaLACxdJGd7tddGGn81CaEy4Z62wS11EWy0Rg7CLs,G.S.,https://play-lh.googleusercontent.com/-qdj-MxVYxms/AAAAAAAAAAI/AAAAAAAAAAA/AMZuucliKB0aEyllobo6YZZYrIpr_vb-LQ/photo.jpg,"Can't live without it. Drowns out all other noises (with earphones) and helps me sleep everynight. It also lets me listen to other apps while it plays in the background. This makes the app's independent volume controls especially useful, as well as for mixes. Many thanks to the developers.",5,0,7.8,2021-02-09 13:18:30,,
gp:AOqpTOGytYTgkVaZVKfQkj1eWo4U5hO3tLGM2q6zWGgqp0eta9dAdsGAvDsp-ZGDUgiQH4oOWewnDqHnnF83nC4,Ronald Harvey,https://play-lh.googleusercontent.com/a-/AOh14GgQrBicinw8T3Dju7waiOdvRluvl654TM3-MUvR1g,"Strange behavior on latest build - the app starts all by itself! Otherwise, smooth playing sounds with the ability to mix!",4,11,7.8,2021-02-08 14:06:20,,
gp:AOqpTOHxYoxyobYh9SW5eLA8gUHDqPk5vMfClqbi-bo8eriaszzfMifT_dWSBrJlSYpS4ozB4HWigkwQpnwe9KY,Joseph Barry,https://play-lh.googleusercontent.com/-Qyf4prkMBIg/AAAAAAAAAAI/AAAAAAAAAAA/AMZuucnrR_-9e37Am81mWt08P-FLGhqSyA/photo.jpg,"It's a great app. I installed it on several Android devices, Kindle tablets, and all of my Windows PCs. Well worth the money. I sometimes run multiple TM Soft white noise apps to create a kind of 3D soundscape.",5,4,7.7.9,2021-01-25 11:41:58,,
gp:AOqpTOFY2RCq5Xizswk-Hg-X_AF6xHOnriEFs-6n66wrwSjo7QkCbga17tKfzZk4toL28BmCqpvUoPnoMlaOlZQ,M Tercy,https://play-lh.googleusercontent.com/a-/AOh14GgvzpMr6ZZl_Gdoz58YfXJSP1K2w79iZ9V1lrPw,"We bought this app because it could be cast to Google devices. It turns out to only be castable to devices with screens (tvs, home display, etc.) When casting the audio randomly cuts even after enabling it during do no disturbed. The sounds are amazing, robust, and emersive so you will be woken up when the sound cuts. Also tried to report a problem and leave feedback to the developer but that function does not work either.",1,3,7.7.9,2021-01-24 05:47:19,,
gp:AOqpTOGOOZHpWCIoWqtguYNFlkioOlvLlWLEfHNg2cabJ9uoUfrh7FOjfOwDSG3gjNwsLfpXbXITmdMYfDC26DY,Charlie B,https://play-lh.googleusercontent.com/a-/AOh14GjiYGR9OCQeRzyYMyhXuPajqReHsL7maqLWYcQQf18,Amazing. Good community support. Very responsive to support issues (and wishlist items). Configuration can be simple or detailed as you require. Highly recommended. Still waiting for Google Home/Nest support. It's been over a year and no word on this. Thanks for a great app!,5,2,7.7.9,2021-01-09 01:38:14,Charley please contact us using the feedback button in the settings screen so we can better understand these issues and hopefully resolve them.,2017-04-18 20:09:10
gp:AOqpTOGYD0XTvskMTKnRy-O02kysI3Ojq7Tx79HHVO55TPu9poZJ5af2_SBEghoVMMAE6V55qIWqmd7akocWl-A,Andrew Pearson,https://play-lh.googleusercontent.com/a-/AOh14Gjx72iponKKd0q99BiM8hwgJtR8BWEu6OdgZHGivQ,"This app finally helped me get some peaceful sleep. No longer do I have night terrors of a nude Kirk Cameron riding a flaming unicorn chasing me through a big lots that only sells knock off orange soda. No longer will I wake up screaming in terror. Now, I wake up with a smile and wanna face the day. Thank you!!",5,0,,2021-01-06 06:11:21,,
gp:AOqpTOHVPyRFuexL6sgHNgZvr-yTijha1XUCgqfndsmZO4goz2GmRmD4OapyQ9ZJ2OohDInW6xVscW-VAiLxb9k,hoylecake,https://play-lh.googleusercontent.com/a-/AOh14GhFHKdjeuPXrXBNyJO9ASV8Oj-wPu8Yac8EcqNb7NQ,"Excellent app all around. Paid for twice and bought the not lite version in addition. Such a wonderful app to have around, thank you!!!!",5,5,7.7.9,2020-12-30 13:52:48,,
gp:AOqpTOHkzIPwhzfxFbXD7Hm44H1MMAEGhumIleBs4gCiKnGr94sIxc_mDcncJ4OV7CyGQhXgIbPcRzsVwN5bmNU,Matt Jess Bennett,https://play-lh.googleusercontent.com/a-/AOh14GgmdhLEn9J634eya5_ahkyFCkgg7AvU-eofjGyE,"The limitation on using Chromecast audio devices is terrible, casting with the home app just doesn't work the same. I also don't see the benefit over the standard (blue icon) version.",3,3,,2020-12-02 02:40:02,,
gp:AOqpTOEKnYfAHIgTuhSYjlgL-QIr3O6Ns8CEY_lmYy5sti4YGOBmjkwWQ2-GkaDnwLZlAwfNYyrea9obg4ay1M4,V A,https://play-lh.googleusercontent.com/a-/AOh14GirsvFPRqkuSfA3a6QA_LqNqIrAHVkDOA-YK6bfRw,I like! Very nice!,5,0,7.7.9,2020-11-13 06:03:43,,
gp:AOqpTOHzN6k0OFIUWis4J6utBtZpaXvSavIwk2Z-J02d5-7X6BXVmRt46fhg2p6gPFW_REcPrsqp9vdyEUxkcno,Brittany Dickerson,https://play-lh.googleusercontent.com/-n1aFm_xtEts/AAAAAAAAAAI/AAAAAAAAAAA/AMZuucneBOlwR3tKZYYFj0VBuNCHimwSdA/photo.jpg,I have come back to this app so many times over the years. I love that you can make custom sounds with lots of mixing options to make some sounds quieter or less frequent or slower!,5,3,,2020-10-31 21:00:41,,
gp:AOqpTOFFtkqAUT3b0eRtS46vck_1B-IBwdAJC7UQM_CkV_62WW5AWGP6gMJgL_3ccKBZFRid7aukZ9Kf2pi_eZc,Andrew Thomas,https://play-lh.googleusercontent.com/-WcIAg_7yoxQ/AAAAAAAAAAI/AAAAAAAAAAA/AMZuucnwdA2BCTgtl4C6ryXsMVDghrbMjA/photo.jpg,"Love this, worth every penny. Dinged one star for the companion market app being overloaded with ads and not downloading sounds that are part of mixes automatically when the mix is downloaded. The NASA stuff is beyond cool.",4,14,7.7.9,2020-10-28 22:39:56,,
gp:AOqpTOEkL6aWrSvA7gRmrN7vgZZpX4mm-mUBx7CC0f7OWQaa-UaJVERmdPBY0_7w67HQznHeWGXbi5k-5YGd6r8,Charles NEUHAUS,https://play-lh.googleusercontent.com/a-/AOh14Gi18iTeXsPF2SvPGw1eeZ6MXyFjT1HAT44o86AtZA,Best app for white noise and soothing sounds.,5,2,7.7.9,2020-10-27 08:50:37,,
gp:AOqpTOFCSo8BBwukQNvBcCmEV12t_2PARsfKRrvVLLJRlV_11ut2r66VcuPCP9tQNSwdYjRbtBDfPh_3AUrg-GA,C Lupine,https://play-lh.googleusercontent.com/-sPlWS3RtXrc/AAAAAAAAAAI/AAAAAAAAJyk/AMZuucmUq5ANfqKB0F_Z4Ba7Cv5ni5JcdQ/photo.jpg,Amazing. Been 4 years now that I've used this every night to help me sleep. I can't imagine sleeping without the gentle sounds of rain and distant thunder,5,21,7.7.9,2020-10-15 14:59:41,,
gp:AOqpTOHfLof8pNefTg79vlU_V1Uj-UIMNyCB3s55DE1pGd7MwZenqrqgKglnOqrC49Tb_UTlbJV60TTVBJr0LZY,ink'D,https://play-lh.googleusercontent.com/a-/AOh14GimkMYjk4nr6aFJqjLqdQYRsM3oA_O2HA4Rc5fEjA,Pro version worth getting!,5,2,7.7.8,2020-10-09 06:48:35,,
gp:AOqpTOFWYQNNY4sYJEWRNXpW8WIaRhOt_Ytx2wDG-3_JYKt3u0e4Kn1vt0XXDHu9NNn_vbctsog_jB4nKD8OZOM,Ralph Crawford,https://play-lh.googleusercontent.com/a-/AOh14GgqvmXE8tiXVRwtQ01fetyxY5M9GyCUVNm7At1dVQ,"My go-to to sleep aid app, lots of cool sounds.",5,3,7.7.8,2020-09-29 12:54:37,,
gp:AOqpTOGIlr_RJocjNDeEdyeCwzXxPwbGiJrh6ZQFUQrPwSv97aNN3kdYdgHWKySv8-fBuXEvvV5-Q1pGJPoJAM4,Justin English,https://play-lh.googleusercontent.com/-99vb7zqO01E/AAAAAAAAAAI/AAAAAAAAAAA/AMZuucniOQHa_1zMTBsZO_MWSi_k8RrK3w/photo.jpg,"Best noise app I've used. Great sound selection and quality. For me, the killer feature is the balance control, bc I have one ear that is much better than the other. I wish more apps had this. Also has good geeky controls over battery saver, multithreading, buffer, etc. Even if you are not a semi-deaf audio nerd like me, it's a great app overall. Well worth the cost of Pro to me. 😍",5,10,7.7.8,2020-09-24 16:38:56,,
gp:AOqpTOHOcwmzyvwwXJaolTPNe0eQ3zpRNaAYFKIQZiCuucdkQVTVlrqGg4rHOaXYCIHjSkZ691Hhf1q0MuXIUSI,Lucian Andries,https://play-lh.googleusercontent.com/a-/AOh14GiZqaxEpUxFhQscwxvjwtneD32iW6tC7wJFScrukg,"Cool! How about add a Refrigerator and apartment Central Heater sounds, as well? Thank you. Also, I want to turn off the background images...",5,4,7.7.8,2020-09-05 16:55:57,,
gp:AOqpTOE8cxA-2xzfd3KbNOt0TkH7lk3aaN7p8hQ2jAOhcshecTdMQ_O0BiedrCdQyv_s65dWrJcF9uBWy_wcuPM,USAOz Global Services,https://play-lh.googleusercontent.com/a-/AOh14GgkXY2bol2bRISujn40UjValIqFIiUK6CYxX7uk-hA,Why can a user not search for a desired sound - I.e. brown noise,1,4,7.7.8,2020-09-01 05:11:43,,
gp:AOqpTOFJuE1QEL_ILcfqsYNuNAmGKa9-ckIq6V3jDE5wipm2oSNjOdRh2AKMII0D2Cusfs8pzvMrShpe71-SNRE,A Google user,https://play-lh.googleusercontent.com/EGemoI2NTXmTsBVtJqk8jxF9rh8ApRWfsIMQSt2uE4OcpQqbFu7f7NbTK05lx80nuSijCz7sc3a277R67g,I can always find a sound that soothes me to sleep. My favorite is the babbling brook!,5,5,7.7.7,2020-08-17 13:03:59,,
gp:AOqpTOG-AuSlYexIGSrpNw6yYVXtgiIYClvO8XDubk_Ci_jm3NGqYrXqmUsPDfTYurusQ3zJhwLHB61JzuCN8Rg,Jessey DeVaney,https://play-lh.googleusercontent.com/a-/AOh14GgcM8cbPdlRA-8qXWZ8zemAAUQVF48Hykz1YEFuZw,How can I download the sounds? The first day I used the app it just downloaded but now it takes me to another website and asks me to sign in? The app doesn't have a place for an account? Please help.,3,3,7.7.7,2020-08-12 11:50:07,,
gp:AOqpTOF5RwfLaUs5My0RYi1eiaHkx4bWhfYoWg4MY1Ajdc39DhUP11V3rM3FVRFEMNi3pttNh_7Dq_EqM8oBYx8,Kimi Dodd,https://play-lh.googleusercontent.com/-5aU1UZ9bYWQ/AAAAAAAAAAI/AAAAAAAAAAA/AMZuuckKhgZ8r7hIHc5jhkTR-O6lmJLmCQ/photo.jpg,Really the best app!!!,5,0,7.7.7,2020-08-06 18:00:16,,
gp:AOqpTOHaFpr1NzZlDvUtplU6VbPx9cKksaf71CHRZBhnkQgnlorosgnjhOsjxYX4DWZFNnpRiiAzpJcpj9Jja5U,Mersenne Twister,https://play-lh.googleusercontent.com/a-/AOh14Gjr9VNsgOk6x3RbOLP2vDTP73s27I-k3Z0GcglKfVk,I don't know what I'd do without White Noise!! This app saves me from anxiety every night!,5,2,7.7.6,2020-07-25 01:06:15,,
gp:AOqpTOE8O4w5gJ_vCvbXobMJvyDPDz3jcFLuiyFg34rYj7Y6fwr9YzBFQOWrsiFtemtM9kbNw3klG0bE360EU7Y,Timothy Thompson,https://play-lh.googleusercontent.com/a-/AOh14GgcRzRmQqQjuFEaP_PMTT3Bv84HKM5I1Iz7Ps2pMA,It's alright i guess :),4,0,7.7.6,2020-07-23 19:12:44,,
gp:AOqpTOGahr0IwwFG-Xx6B_J-t4p8K04vKxYybNxsvHbp8JWzTzHcJnDlvjUoMF57I3tR7ah9YfOJoi7Au7LNFio,Tina Archambault,https://play-lh.googleusercontent.com/-oGr183DJqRc/AAAAAAAAAAI/AAAAAAAAAAA/AMZuuclRinrkBys3avub0iYUGL2cfriAUQ/photo.jpg,"This has got to be the best noise app on the market. I cant even tell you how many years I have had this app. I have paid for it twice. Once in the Apple store, and then again when I changed over to Android. The paid version has so many more options, but it is supposed to be without ads. So why is it the White noise store that goes with it is loaded with ads. That was the point of getting the paid version. When someone pays for your app, and you have promised no ads, you should uphold that.",3,16,7.7.6,2020-07-22 20:41:58,,
gp:AOqpTOFxajHJRREv70cmURPpQNXMpvUA-2STu3iRe10OCBuXX9ZDIVLVn_e7dN_dWfSoOUA1sWUI7WAnQrd8wKQ,Debra McCormack,https://play-lh.googleusercontent.com/a-/AOh14GhL1LKd3C-AY7HC-bEWzSo4Ur2cOQy1UNAgS41c,"I did not upgrade, but I listen to the ocean every night.",4,0,7.7.4,2020-06-27 18:24:21,,
gp:AOqpTOEoW40utG79X_doZHwJ776LWFO657158cLqHNMk8sATFT98c87PQ3V5QC5Vxzo4VoMdhYW6GIY52xmT5fk,Machinus X,https://play-lh.googleusercontent.com/a-/AOh14GgV2ad7_I20jvhRLnV8b34nn5vjZyWoy1olW4bBoQ,Love the timers and alarms and configurable settings. Also think being able to layer sounds is so helpful,5,0,7.7.4,2020-06-18 05:11:44,,
gp:AOqpTOF0_-W1vcdwIHFmeBfpmx8WPINhTaboJzU1AehDmgNYX1PMir45MUcMcfyL9Jx9RVzvCjbGqfC8N5oK27A,AbiliTV on twitch,https://play-lh.googleusercontent.com/a-/AOh14GiG3pu6d_cv75WUjju75-wK63Tuwjbn1IpqTnHtuw,Keep up the amazing work.,5,1,7.7.4,2020-06-03 01:54:46,,
gp:AOqpTOHZbeJlA9zEKUPGIxy4WEGZbJFjvacuCCDYSGcyS476wSqkInaLQMDm8B_sk7W71_OaDc79bpByVr2Y8gM,Rob Gayatin,https://play-lh.googleusercontent.com/a-/AOh14Ghk7841KcB8MytxP1-gJCuc9M1mOD8YK_Zpg8Tpag,Best app for my tinnitus 🙂👌,5,0,7.7.4,2020-05-31 13:15:59,,
gp:AOqpTOHFa6O7s4KpAK9bNDs61N97i6TBN1nsj0sKfMHNN1YTgeoE1CdvDPQFpUnXMgNfw2fUU2tmsFNH3JZnMdM,Nathan Zetterlund,https://play-lh.googleusercontent.com/a-/AOh14Gg9pMTbqB0TBVLWu99jXoah6xkHy58JS4EBd6nDCA,"Perfect, the ONLY thing that could be improved is the market, but I understand. Also, if ONLY I were able to rename my mixes, it would not only help with my meditation, but my research as well. Thank you! ✌️💚",5,2,7.7.4,2020-05-27 07:52:06,,
gp:AOqpTOGZTsVp8BuavnOUqbP4ybpAN5PC6ko1SABLANtniIrhWfDWC1yk3sPn8XMupDxYnrvi9Tn5BwNJOROluwU,Angela Devine,https://play-lh.googleusercontent.com/a-/AOh14GhKRMeeEX3czSfOnw1BcTa6TqEPP2jJ5Ztt2KIA_Q,I love this app to help me sleep.,5,0,7.7.4,2020-05-17 00:08:51,,
gp:AOqpTOGA6FuVgaR2Uwrt2LzAlwP58Q9TAQOWfji01CJXbJdlZdOmYXRJ5Fs8JCS_kzADwdWw35EpG-rPdF8oqqw,katie Barber,https://play-lh.googleusercontent.com/a-/AOh14Gj-9euSOTqeVFz8kaZnYXBLnFEWPGlEm6TBp7HwmA,"I would like an option for mono audio I realize a big sort of this app is intended for a 3d type stereo but it would be nice if the sounds could just fade in and out volume and not worry about stereo,for use without headphones. otherwise amazing app",5,4,7.7.4,2020-05-15 05:28:47,,
gp:AOqpTOEoMNoFPNfym8UgI-EmoTTCmkmp0T4mzXMu4By-dU1XMuzU4YrFVOsSjJVTelr1y0PBNUbJzZ5Ip2VRyo4,Frost Cinderstorm,https://play-lh.googleusercontent.com/-eeRCnVsT4Xc/AAAAAAAAAAI/AAAAAAAAAAA/AMZuucl0w2RYQrvOveItS-WwuD3w_eOm6w/photo.jpg,Use it every night,5,0,7.7.2,2020-05-07 01:03:49,,
gp:AOqpTOF1qN4cIDK5kCeGc8yrp6wpctagEHP31szMY_i4MQgcFu9YfuD78kb3Tw8wlX3w8D1yvLGUr07cMnj1eBE,Daniel Brown,https://play-lh.googleusercontent.com/a-/AOh14GgiQldjPKqgoTKE_VXwtypu5ymWFyDDToOX9xNyQQ,Excellent quality and easy to use! Well worth nominal fee.,5,0,7.7.1,2020-05-02 15:07:55,,
gp:AOqpTOEJHSNeU1fYwqGaqd5xMqBqhryV1ReCV5ljBaVM2gYoCIpHinItVfSBkaWd0tFXwVRHfKhLPyYe-idXDQU,Sarah Smith,https://play-lh.googleusercontent.com/-q8Bk-TLZgJQ/AAAAAAAAAAI/AAAAAAAAALs/AMZuuckhkNhw4Agew1Mlx99duHYqw8V57Q/photo.jpg,"No extra value from free version and it randomly stops in the middle of the night, waking me up and defeating the entire purpose of the stupid app. I've received zero feedback from the development team after submitting feedback on this issue on both this and the free version of this app. Don't waste your money😖",1,11,7.7.1,2020-04-29 20:39:43,,
gp:AOqpTOF6gtjA88NRAB4-0NgZ6TWOgKXxZCXZVLMfI1UAx4emvjmeWJB59SymadUQtMRz3AXn2bDcDTvOanH_b60,Jorge Cortez,https://play-lh.googleusercontent.com/a-/AOh14Gg6HLBP4lDITNg6PJhUeMg7XxOqyj5-6LIYMTdmsMM,Turns off by itself in the morning.,1,1,7.7.1,2020-04-22 00:17:00,,
gp:AOqpTOFfxqTkTaeixmV_zzns81sjnBMiObEBtb3CJgrOJNwTePr91jpOOWOgK8aqfvlxYne9QyBHLaLEpFyh_Yc,Chris Callaghan,https://play-lh.googleusercontent.com/a-/AOh14GiYEVe43l6Pe-wc8zzIC-dDksd4sbyEYth6lgOZJI0,I can't believe there's no cast to a normally Google home option... Why just to tv and hubs? Please fix up and this will change to 5 stars!!!,1,7,7.7.1,2020-04-20 02:11:28,,
gp:AOqpTOHR0_wDNGWPaufgAczn4Nq_SSNEAzsorxio6U_ow9oijzdDELT5w4o75vuYW4e_mK-NjVQaC8O2Pkopup0,Sam Sepulveda,https://play-lh.googleusercontent.com/a-/AOh14Gjh0s2xs0S1RMHwZ6UQ4ZmHsvZuBVIIlUPI5ipYfA,Use it every night. Great,5,0,7.7.1,2020-04-17 22:28:10,,
gp:AOqpTOENkICm1Kl7ElE-I_7NYxm282D2DzDCKBaKb0BicOxTzKIdHsfHoA8Mu54Cc51MRc4ArPofufmQPozzzwY,Luke Miller,https://play-lh.googleusercontent.com/a-/AOh14Gg09XRf5RAlNi1bMSr7hmxY9rMeaE-o3FtqnJjwIA,"Doesn't have background play and doesn't allow you to chrome cast to speakers (or Google Homes), only the TVs. If it let me cast to my Google Home and play in the background , it's an easy 5 stars.",2,13,7.7.1,2020-04-08 20:00:24,,
gp:AOqpTOEbygno5YX4yHjcAB3oUSwFUEvRzFuLruCtwm9sATUcmin7yOBWl934iTwo27zD5ld9KOWm8YCQMCNgyig,Carolyn Salcedo,https://play-lh.googleusercontent.com/a-/AOh14GgjGkuAYRutN9uf_gyE7UulcufpXLIndZDWuA5DKQ,Still my favorite white noise app. Love the range of sounds and options.,5,0,7.7.1,2020-04-03 00:56:55,,
gp:AOqpTOEEuqKfgeZRjUao14bTldBYm5fYmvBiQWFZllQANukr2av8IfW3zcWw_DmfC94YsBQtug8cOSHCvaBKbKA,C Lau,https://play-lh.googleusercontent.com/a-/AOh14GieNlC2FaLM4QovugzvW976vyZ5vtlyyKxgxetdKA,Its ancient:),5,1,7.7,2020-03-30 22:12:52,"Thanks for the wonderful review, we appreciate it!",2018-09-24 08:03:42
gp:AOqpTOGMN621Z396W4fgBwXphir4dnq786DlxOWdr_-MZ3XKINxZsJnUBsHaRtFrgShVav9Jyga-88ihjy_8_5A,Alisher Issabekov,https://play-lh.googleusercontent.com/a-/AOh14Gj0xZ65dIlfUO7DrNnNdnuU4ouWluaLh3_djRoxbNM,Please add ability to cast to Google Home. Thanks.,4,0,7.6.7,2020-03-29 19:53:04,,
gp:AOqpTOHsVC-iuPDaCQymurfc9BtVkz21mrTzMXtAou2qwWxJIkeKC1djF2_EK98VPT0Z9sWNr6KAcLgIfgETrU0,Jason Lucius Taylor,https://play-lh.googleusercontent.com/a-/AOh14GhFmloHlCM5P5BWxcvkbKQPABvjVRKBwvSzWXm3Hxk,"I've used this every night for years. UI is a bit confusing but there is a massive selection of high-quality sounds that you can mix together for fun, or to drown out anything that might interfere with sleep. Highly recommend.",5,4,7.6.7,2020-03-27 20:46:08,,
gp:AOqpTOGTmStI5gguBbKSQnitC7W1-L9mgKfJWFfLfd7jopKOtJN9ImRaq5YC-E7OMPsuM2DEXyD2LlJsGjY80Dk,Dirk Vastrick,https://play-lh.googleusercontent.com/a-/AOh14GiBQEARgdIpLQMoFI5oUTvp5MCDTnIzwNs_qKcO6g,My best sleep side.,5,0,7.6.7,2020-03-26 21:02:35,,
gp:AOqpTOFca2dlvNkIxUG_5xfVW9W58OkdOKfnySA0XEx0TUrrHlM-fPCVNx2KTdiPvXzxJnyf3tVjHV9rwjVHJhQ,April Holland,https://play-lh.googleusercontent.com/a-/AOh14GgvRXQ46ZUrQI8cJH_-C6r88TQKHDaOiV7vLZlHrg,I've had this app on my phone for about a year now. I use it nightly. It has so many options to choose from. Worth giving it a try! I personally love it & think you will too!,5,0,7.6.7,2020-03-04 21:06:26,,
gp:AOqpTOGae_XW1qzqPnPL30VR6M9DeK3jst4j5JE2r8Ffa37Qonum9p0bsI-cYBfX407wj-fx5RrejJDxhNjwodM,Blair Anderson,https://play-lh.googleusercontent.com/a-/AOh14GjyNzTubCy9ZdXG--k-GDbJBKmEN-cjUuzZrxNTcg,Works good. Many options. Love in a dorm with lots of snoring. This is perfect. Easy alarms and hars to find loops.,4,0,7.6.7,2020-03-04 18:55:05,,
gp:AOqpTOGonCTNo5Da7BGUdNzTX9BUZ8OtwwcXdG2XM9cL_vx7LGV-Kly0SfriCzYymEfm5Xs81ROTkBJcBGRXIcg,Magdalena Maria Jurkowski,https://play-lh.googleusercontent.com/a-/AOh14Gg6cG32FbqLN8qiZdF7SgXDCQ7noN9ipHrhBk-q,THE BEST RELAXING APP!!!!!! EVER,5,0,7.6.7,2020-02-14 22:30:08,,
gp:AOqpTOFblO8m4H8gxuN81aK0Jdw0f9ylJ00NKmL6vesjVqbrWeFYWi96DHLdPsfURjhJ-7nHyMFVQnpJN_Owa0g,David Kinsey,https://play-lh.googleusercontent.com/a-/AOh14GggFY4VaATiuC5wXppelC0Cr3-S4Kb5tpv-1J4c,cool app. I use it for sleep and meditation. im a huge fan of ambient music and Brian Eno being a composer and musician myself this app gives creativity to have some fun designing your own ambient soundscapes. only complaint is that the pitch/tempo adjustment is not incremental by number... it's tricky to get the slider to move where you want it.,5,2,,2020-02-08 04:47:44,,
gp:AOqpTOH8GUmysww0Iy1ZK3ThplU7uOhiY0horKMvMD43xA-4lzdtEzM_PywxkVyPlIMXJsZcVsxuZHyAe_gSXfo,Justin Ingbretson,https://play-lh.googleusercontent.com/a-/AOh14GixXRp9nI1HXUY8CjMOdsOBSxVRyP82ZBF4zQHPfQ,"Better than counting sheep, unless you like listening to sheep. Paired with the White Noise market, is an amazing app and has new submission of sounds regularly.",5,0,7.6.7,2020-01-29 21:11:13,,
gp:AOqpTOF2Ybep6-5aW4jU-pNY7PPvcyh-zG-72TB6RyoKNv-HB98J_oYbXps4iOFW6VFg3VsxBFIg1n_PiypzMPs,James E Turbeville,https://play-lh.googleusercontent.com/a-/AOh14GgSzPV70plSBFQFME--MgYDdq5KU7dkWuu1B4qCLQ,I love this app. Rating is actually 4.75 stars. I wish the sleep clock color could be locked and the system alarm could be white listed to DND. Then I'd give 5 stars,5,0,7.6.7,2020-01-18 18:28:46,,
gp:AOqpTOF2-QGn60CxIR---xYioVC-q0xeh3HJKNyDIQ_SZqEHsU0OJVlLvYe3hIn5axET_eJGPc6eirpF-5qHhl0,john krulisky,https://play-lh.googleusercontent.com/a-/AOh14Ggf8EuD_HFTbtTdKcNrT4nzIfPReuw3z5WFvNVwjg,"I have had this app for several years and use it nightly as my nightstand click. I travel a lot for work and use the brown noise to help me sleep. I've tried other apps before this one, but this is the one I stayed with.",5,3,7.6.7,2019-12-16 04:55:32,,
gp:AOqpTOEktqc2kucI1ICCT0PZVzHUeh_-QIrOV8w7Q89n9JqVttBvgacjBqk9DRS6bXPr96t4UOyzfGvrr4xcip4,REXY9595,https://play-lh.googleusercontent.com/a-/AOh14GhT4vRcgGI4GTVbTp33AjkCjkDSSOXJwpsTu0na,"Good, haven't been able to download new sounds to my mobile app.",4,0,7.6.7,2019-12-11 09:59:02,,
gp:AOqpTOEAIWZADN8QRUcctqBfB2ZP91T7xmEZuXqpjI7RWybWtda9jf_E3xf05da4E3rNP06SJ7OYtj0IECuM9Sw,Kimi Dodd,https://play-lh.googleusercontent.com/-l4l2r7nYt8E/AAAAAAAAAAI/AAAAAAAAAAA/AMZuuckkPJeszWJQaOZPHCc1PF20DzoGuQ/photo.jpg,"This app is awesome! I was able to build my own sounds, save, and share! Lots of great sounds!",5,0,,2019-12-01 18:15:01,,
gp:AOqpTOFBu-NdFIxpx10_g0YpbpOW2SDNC9ZJVyncJLh8AW4ryimshP-EzAmLhbRMe4AB-DPwqlVsMFLhaOlSRjA,My Name,https://play-lh.googleusercontent.com/a-/AOh14GhLc4LWy3AI4xtTqv0_7iueeXcnlRHvuKOtAkZWBA,version 7.6.6 no longer allows to play in background when i clear all apps. restore this so i can change my rating back. this app is a life saver for someone with tinittus like me.,2,1,7.6.6,2019-11-29 23:14:35,,
gp:AOqpTOE-NnsJX88hxbAcS3ODoic2b_AIHz1rFxnlSTAIdU5PQZQ2K6CMZChvdjDrQMEhFlVakmIVZqra1gJ5R9I,Jason,https://play-lh.googleusercontent.com/a-/AOh14Gg9zjGBjfR6SofpYC14QbRPPE90DVHxZIOAI6EQlg,If you have trouble managing stress and relaxing this app is perfect for you!!!!!,5,1,7.6.6,2019-11-26 18:49:55,,
gp:AOqpTOFsvPQq7Y1vSsis7EsJmPp7mTi_xTmoGu-L9JLHt7JLTxyHqcYHX9gVEI1i4OJsoj_zjSmOZDnsY4__49c,Mphela Kgaphola,https://play-lh.googleusercontent.com/-VKkRk_mZVoM/AAAAAAAAAAI/AAAAAAAAAAA/AMZuucm1WnnKrvQNpk4vuZFzgI2cqhXkAA/photo.jpg,It doesn't have background play anymore,2,3,7.6.6,2019-11-24 19:55:52,,
gp:AOqpTOGofdtTpnUKiyqE3msHUQ9UMtnrjo_5ymmwM8pF3cLtRxoBBy2HAALflKKcTJJGYIrRFlZwSodWII9no4A,A Google user,https://play-lh.googleusercontent.com/EGemoI2NTXmTsBVtJqk8jxF9rh8ApRWfsIMQSt2uE4OcpQqbFu7f7NbTK05lx80nuSijCz7sc3a277R67g,Grest,5,0,7.6.6,2019-11-24 19:05:19,,
gp:AOqpTOGmT4Ime4F_d3xjfGSEz9Rp4JIE6Qx50aPeQbduSl3av49SzO_vkOIfWqoguektXdU_BqWf3a-Axawb7Jw,Katherine Redo,https://play-lh.googleusercontent.com/a-/AOh14GgHhs-ghmXP1El44fORKWyeIa2Uzy7md7QyKNQtY6Q,Reliable & consistent,5,0,7.6.5,2019-11-17 02:23:12,,
gp:AOqpTOEkfm1OZ2wJHoQo-Kr-S3or3MLggUNjyQBW3SQQph33iwnB1sx37IXg3IOL7BEP7I1Uj7njj5Y7JNQQ3OI,Josh&Kim Hope,https://play-lh.googleusercontent.com/a-/AOh14GjA1e6JD5hunqGcAS8w0XBUDnzxp2WzcW4K_rKM,"There are a variety of sounds, and it's quite easy to use.",5,2,7.6.5,2019-11-14 19:21:45,,
gp:AOqpTOGgvNZFKdNRhXwZuVuRE_t-Pe05FqDyvCaAA0OdgxEgVk1IrGsE6d5aX1GhxT5emZ-lGSBcRYOk0D-E2eY,Tom Hacking,https://play-lh.googleusercontent.com/-NiWTYx-CzS8/AAAAAAAAAAI/AAAAAAAAAAA/AMZuuclgknYk258DyjqrMtmwEjs5JX3eXA/photo.jpg,Good,3,0,7.6.5,2019-11-14 16:00:39,,
gp:AOqpTOHns1Gazbhb-SNkCW9UjVNuZJfVm-k2kbZNl5c9J5r0hABuLWPG_HpTU0BTN7WFcaXVTNtUuQI1A1C9P8o,Daniel Jackson,https://play-lh.googleusercontent.com/a-/AOh14GiRCSD9iAl5vdtz_Qytt8Sbr-xIYHa-4QyAOkZHXg,Best on the market,5,0,7.6.5,2019-11-11 18:04:30,,
gp:AOqpTOEKhhXC6dbkP6obY6rYyRR1Q4kV0YpnQvqua91ZuOw0IWEBUqaiWLhT7x-W6b5gHfvoqZRFJWARnHCc1yg,Frank Alfieri,https://play-lh.googleusercontent.com/a-/AOh14GhUI0OllSulUUulicTtm1Vttg0m66q7jWhXXozR,Can't sleep without it. I we been using this app for as long as I can remember. One of the best apps I use.,5,0,7.6.4,2019-10-29 03:22:34,,
gp:AOqpTOFIimJyX4H8UVr69hMwwxzpvzGszmjkucmVIjt_Rlh5adJyy2wX_eRANAFP4pZNaODkXEfa97NRHmZIu-U,ken cross,https://play-lh.googleusercontent.com/-mTfYWmENuUY/AAAAAAAAAAI/AAAAAAAAAAA/AMZuucm_p46wW4HxK_z4kulEjhYuw498Yw/photo.jpg,I love the range of recorded actual sounds not synthed.,5,2,7.6.3,2019-10-24 05:20:37,,
gp:AOqpTOHcEvHJN3d4x7CU7HOWFe-a2wLaD7m-WUqhM9C1GVV13QVOpoPZR-dTkdvlSLrqpLOMV6CgdPltpWlilnM,Steve Junkins,https://play-lh.googleusercontent.com/-6A0Z-Gl9kaI/AAAAAAAAAAI/AAAAAAAAAAA/AMZuuclelJsP6sRAI3oqQLe1ZmvTqSylpw/photo.jpg,Excellent I sleep using it every night,5,0,7.6.3,2019-10-22 18:43:41,,
gp:AOqpTOGSao61DXEvh8FkZ3bgCyh0Lo-kA8WcSZNaZBDZavwpiDo5ZJsdW5--aAmEdS7xoepZXA2G7nRB8sP0FJI,Ron Lusk,https://play-lh.googleusercontent.com/a-/AOh14GiD9JZbnvmvAupw63J8aryC-Z9gVcfaihpWD6kAviw,"On a recent trip to and through India, this (and noise-cancellation earbuds) let me sleep on plane flights and sleep or study despite the horns of traffic or loud music from nearby temples (2:35am!) outside. Noise-cancelling headphones can mute the lower-frequency sounds, but White Noise helps drown the music and voices that the earbud technology can't silence. I've used White Noise for several years, and always been pleased with it. Delighted to share pleasant sounds, too.",5,0,7.6.3,2019-10-15 06:51:25,Thank you for your feedback Ron!  We are so happy to hear you are enjoying the app!,2018-03-26 07:29:34
gp:AOqpTOG25c6XjREej0DoLP_vf0VVf2EPRAq7YodmyVBICurXF1yBV5AcfXUflPTol9vmxO3egzpzuU0gyjzxF78,Groove Champion,https://play-lh.googleusercontent.com/-lehOMUOPO4U/AAAAAAAAAAI/AAAAAAAAAAA/AMZuuclw9_DF6hxe63_AU4_kbjv37LYNpA/photo.jpg,The best thing to get to sleep!,5,0,7.6.3,2019-10-13 21:39:18,,
gp:AOqpTOEzUwpn4mthGpvSXvJIHAhxgLMlzPzFZ1qI1lCE6UvY-1adiI5Nbs8SeextUETdBNrbv_zcFnISjPN18YE,Artur Klauser,https://play-lh.googleusercontent.com/a-/AOh14Gi_Ql49rHE7-tKQg6Y8AEWAgxn3Yl9H4lJ1FnF4zGQ,"I'd love to like this app more, but casting (with the built-in cast button) is limited to TVs, no audio-only cast devices (e.g. Google Home [Mini]) show up in the selectable list of cast targets.",3,4,7.5.2,2019-09-29 05:41:08,,
gp:AOqpTOEerBH60QQ_WM8e49Ncijbs0cD7XJjPv9WjoDBGaLGZJsIzj2KOM_dcQMjG72Y8nwITXhn0ILH3G9OMhcg,Brian Renaud,https://play-lh.googleusercontent.com/a-/AOh14GjKBqA9cshFprUi52_SkJM0WZFlshRgkGyultZVmw,Works great for my use - providing masking noise while I'm sleeping and alarms to wake me.,5,1,7.5.2,2019-08-22 14:04:34,,
gp:AOqpTOHXSsayT6EqFb6S29B45ztZmojSsCDZmNXw1CD2PSGNdnMQJ9ZZxbz1vmQtnFHd5CM8WoZGUiha1jdnEiE,T Clemons,https://play-lh.googleusercontent.com/-HpN8cpH6LRY/AAAAAAAAAAI/AAAAAAAAAAA/AMZuuckMSgXGkZMJTt7ht_O7YGsWeLWbsQ/photo.jpg,Love this app. Replaces my mediocre noise machine. Couldn't detect the repetitive loop like I could with my $60 unit... Great app,5,0,7.5.2,2019-08-19 20:27:57,,
gp:AOqpTOFO7-HFfu08zyq9s6MPtgKjoL0y5V73byXBI5LxMzff55bkyhNicF8Dh7EcpNyfiNNyQQjnnrv6hxGXg9U,Alix Stayton,https://play-lh.googleusercontent.com/a-/AOh14GjGoIM7GQ3jocFEgm2aayJsAKeDgXovMFnRvzih9w,has always worked as advertised for me. used this for years,5,0,7.5.2,2019-08-19 06:04:57,,
gp:AOqpTOHutnJgP9rgljBPqs8IbBq_MQy6ZO2WeAMpXzpK9CEOQXD09O3kqiOX9-cdafzKlz4iXCTbGKfDZUC44gs,Ernie Rincon,https://play-lh.googleusercontent.com/-wiot5PIdPKs/AAAAAAAAAAI/AAAAAAAAAAA/AMZuuclyzgsFASTq-JMsO1g-nsAflOdd6Q/photo.jpg,Great app with increasing content.,5,0,7.5.2,2019-08-18 18:05:54,,
gp:AOqpTOE42KA82hlL-da2x2KuVbq7Pr1Zl2KDJmm6UPrhG2XhkDm-uEZSargwaN6-1-WwVZEsU3N3QhmcprZFIZs,Techie,https://play-lh.googleusercontent.com/a-/AOh14GhK80Fw35lova8tOjEy49I_11ubO1vIwwBoor2_r0c,"no chromecast audio support as of july 2019, honestly it's not a difficult thing to get working, so they're just lazy developers. they're more focused on releasing new sounds to make more money than fixing the existing problems. I'll be complaining to google since I paid for this. I'll be looking at alternatives that function properly.",1,6,7.5.2,2019-08-10 09:57:57,,
gp:AOqpTOHa2d5m9-kuAFkyi0N8FsgGcEIZ4YUjTmZhzcdZQk9Jc3kl6Y-HVlFtIn0p-H6PKgjuC2_yCJ09iG-O1R8,Labonte Louise,https://play-lh.googleusercontent.com/a-/AOh14Gg1Ri6xxwec1mc5Cj4segUEMmAkLCzHJpj2efuE4g,Love the app.. no complaints here!,5,2,7.5.2,2019-06-12 18:27:36,,
gp:AOqpTOFBJUlMFm63N_ramfzS282Ow0gaZACHs8woY7w1DRtoViohZ2GvaaVzojrCqgceIF78dDohg9j5vd8gde0,Steve Plate,https://play-lh.googleusercontent.com/a-/AOh14GjxccI42Z41dxfdXCb6cLt_ziAlbAa9KfNC2HyAXQ,awesome app,5,0,7.5.2,2019-06-10 11:04:22,,
gp:AOqpTOEkNkbsENlYPcRXJJMxxGnjGppoCQN4kDJ14PVl5DTZloSNr4lbQoEb_VMOdK-R-e-QBs0MWpJjhi9LY7k,Mark Brown,https://play-lh.googleusercontent.com/-hflihAnvf4U/AAAAAAAAAAI/AAAAAAAAAAA/AMZuuckENd4425beRB0GWFUprpDgTET-yA/photo.jpg,"My family has WN Pro installed on two tablets and three phones. We love it for blocking noise, especially when sleeping.",5,0,7.5.2,2019-06-08 12:08:01,,
gp:AOqpTOEu4XknKKLkKIPGx5CTwQhV3tnX5Y8ulIQNsucBBEzOESh2SWl6Gs23_0nQ64_8wzybzl_-DTNmamcO47g,Gabriel Campbell,https://play-lh.googleusercontent.com/a-/AOh14GiFGr5njKPjsh9mx8R0vDW04g_MXKRYEZBdgwDY5A,great 2 sleeppp,4,0,7.5.2,2019-06-07 06:22:00,,
gp:AOqpTOEm8sVZkv_IYD88AXzLrJsizEtqrwkdVTWbhIW7Fnk1BVqrLon2oAlz8YMKwP7QUg3sY7LqT9uxPT-Yd7E,John Horler,https://play-lh.googleusercontent.com/-nQSVQBSiyUk/AAAAAAAAAAI/AAAAAAAAAAA/AMZuucl2uxIJ9RZA6Sx9me39LskLanz8eA/photo.jpg,"Able to adapt sounds and mix to one's likely, helps me d-stress and is most usefull to get a better sleep",4,0,7.5.2,2019-06-06 21:34:35,Thanks so much for your review and feedback! We're glad to hear White Noise Pro has been helping!,2018-10-24 08:47:52
gp:AOqpTOG_wCPSYuEnLi9Tu6eSeuXHohRB66WjT7Dg-rhoYBB2cfcKyDOYLe7P7LvUW1g9NF_K-ia6h7TCTdY-Bcs,Dani Guillen,https://play-lh.googleusercontent.com/a-/AOh14Giowq34ZjSdIB9f95gkZZRwu0Vk9fp2TGvebUXb,I use this app every night.,5,0,7.5.2,2019-06-06 19:39:23,,
gp:AOqpTOGu0FALfkeTK0W34isO_DT2y1x2_KOrXY-Z4iklcmje9T47r42ZqFT_LevjSc036tEfHABJqMsiGJbphBM,nelsaadi,https://play-lh.googleusercontent.com/-tW4kc74-kQ0/AAAAAAAAAAI/AAAAAAAAAAA/AMZuucl-icnN9j4y9UJBkXFz6ycu0fGZbg/photo.jpg,I just upgraded to the pro version of the white noise app . It ihas everything I need and has been working great so far. Many features to choose from. I highly recommend this app.,5,3,7.5.2,2019-06-05 15:27:40,,
gp:AOqpTOF8Xg7Jje82BLdUyymLsqoRY0f_iRUGVIaAcDWm7pR0WgnjsJhEcR43JAEcZXjhsAdEwVzeVdVUkpaUHx0,Callummy,https://play-lh.googleusercontent.com/-5mRe2aF6Vr8/AAAAAAAAAAI/AAAAAAAAAAA/AMZuuckpE0Dolw60Vef1EuH7X7bfmdCCIQ/photo.jpg,Definitely worth the upgrade,5,0,7.5,2019-06-03 19:22:15,,
gp:AOqpTOEhg4ovDj2J7zk1sITo8_yfPFsaaWubcj9_HG-TCs2kni_qwx_Bh4yxHkteaUKqxYMyCukvf3qA2QYGXIY,Loren Hood,https://play-lh.googleusercontent.com/a-/AOh14GjiB4seyg4cCUYLYzc8-omDefIOq9O0hd9qpOlc,use white noise every night for years. love this app.,5,0,7.5,2019-05-28 20:43:52,,
gp:AOqpTOEjPNLdFFt_bYj10W5XIFSwmSkZJDr2Ruwx8o9qXz9fH1EwjGOj0TfJ8p64RVFNCE4oup8V3ZaGmkQ7348,Brian Tabor,https://play-lh.googleusercontent.com/a-/AOh14GjChnJQU1pd10hrNq6Er3C34f6n8tBBPWA751Weug,Great app. works as advertised. Nice variety of sounds and customizations. I use this on a daily basis to sleep or daydream.,5,1,7.5,2019-05-28 06:41:11,,
gp:AOqpTOH_rOwISZIh8nAp_zryWPlVsNWzFkHrR5ls1Pkh4N1DD_ft0IZMBdym9qxjs4OtCDWCne2Z7cALdLR3mYw,R.J. Hadden,https://play-lh.googleusercontent.com/-nisDvl8lNUA/AAAAAAAAAAI/AAAAAAAAAAA/AMZuucndvFmXRY2hsZZ9DjXCUIS2yP0RGg/photo.jpg,Perfect,5,0,7.5,2019-05-27 11:01:03,,
gp:AOqpTOFgcaX5TIyOhIxIVVGUzlqiAsRkEeW3-JCupCDQb_L7DeDVWP15jaeyLpjeJwK9z3zNcOGbunsHMtnvC_U,swrsak,https://play-lh.googleusercontent.com/a-/AOh14GiQwhnyy7t6DOMpOkSV2aYlRweCHHnMFfCPHtsp,after all the updating working well!,4,0,7.5,2019-05-24 20:24:24,Let us know if the latest version fixes your issues.  Thanks for your patience and please contact us via the Report Problem button in settings if you discovered anymore problems.,2017-08-28 05:35:39
gp:AOqpTOGaHk3Wl9reTwZaRnVVmN5zfrXswAHP_PUh3gYSO8oT7d6XyBJL3ddCmQ1E1t8-4hwAerxyV61J3ofHks8,A Google user,https://play-lh.googleusercontent.com/EGemoI2NTXmTsBVtJqk8jxF9rh8ApRWfsIMQSt2uE4OcpQqbFu7f7NbTK05lx80nuSijCz7sc3a277R67g,"I really like this app, thank you for the update. now i can cast!",4,2,7.5,2019-05-24 19:01:52,"You can cast White Noise to Google Home.  To cast White Noise to audio-only devices, download and use the Google Home app.  Follow these directions support.google.com/chromecast/answer/6059461?hl=en to add a Chromecast button to your notification drawer so you can quickly mirror your audio to any Chromecast audio device including Google Home.",2018-10-18 07:35:30
gp:AOqpTOEhPDIjaAWhSTKDjS3ImlATzHhKxaymNMEmYNdTQN3qAw5oXvZKbVObSgrGsU_NCl6QEOTEeoSjY45Vh5w,Marty G,https://play-lh.googleusercontent.com/-B6FQWZN-AX0/AAAAAAAAAAI/AAAAAAAAAAA/AMZuuclhsB_pauHhlDlwrRcUVVwWMdkruA/photo.jpg,great app for white noise,5,0,7.4.3,2019-05-23 15:46:33,,
gp:AOqpTOGvx_t8Az-JYdv6nxL1YMOjBVwuTQ0-r4cJ0IYfif7wt1YaSU28IyEo1OKXL2Vp7SA0RR7SC5RMnjpqn8o,Kyle Fitzgerald,https://play-lh.googleusercontent.com/a-/AOh14GjCi4dz_CzCXjoaqmuc4uqUSIHZ5EWYee1CM9yWX5w,"ad free? the ""postcards"" are ads. there is no setting to turn off these annoying popups...ahem i mean postcards",1,3,7.4.3,2019-05-19 20:54:59,,
gp:AOqpTOEqkHdlqcSQO51-Y4_pvdVDUHm0jrxCB57ewpMAYCPmPHFYBiKUpYtZ7JPFctzYPbCWU5BHodcRhW6FrLo,Joelle A. Godfrey,https://play-lh.googleusercontent.com/a-/AOh14GjWz48s0QGuI9U1ByF4uAf50WFVaCKkseeYqfNdBQc,"I love this app. it is so useful to me when I'm trying to concentrate, when I'm trying to sleep and when I'm trying to think that I would pay for it. Hugely effective.",5,0,7.4.3,2019-05-14 18:53:10,,
gp:AOqpTOFIc-zfi9tIYdpAWXlbdjHCzOf3JEpjKfo0EjhUH0t_3JjhCod-QZqk9xGMNhbB-xsBjfC3BSISkSZRaaQ,Glen F,https://play-lh.googleusercontent.com/a-/AOh14GgtR_rPUorMIDUJas7ZRGSkwyc-rgISabA-Hhb6rw,"developer just wants your money. purchased app and sounds before. I had to reset my phone so I exported every mix and sound that I had. on reinstall, when importing what I already owned, it gave me a warning that it would only use stock sounds and that I had to buy the ""pro"" version to obtain the same features that I had previously purchased in the previous version. the latest ""upgrade"" of the previous version actually downgraded the app to force people to buy it again as ""pro"" version. rip off!",1,49,7.4.3,2019-05-13 09:28:37,,
gp:AOqpTOFbipTxm3PqB5fZmf8FNFwQZ6w79WF43cgyNH_burFzcNiqYD3NU4-NaULUdbMPaLHTzSvQIvIrc83RvDA,Doug Hohbein,https://play-lh.googleusercontent.com/a-/AOh14GiNjcIrCSwaCCS_zgSTrmUKcvf0VpIwUhyxcT87,Beautiful sleep!,5,0,7.4.3,2019-05-11 20:36:23,,
gp:AOqpTOGNVG_asnOd4QCXV_AETIxK0Ql0ibWcu8ynNP4SaYjmdYUvMydmsNBbXkYN0VFHEy-4niHqmRLlQ2uv_lE,Jay M,https://play-lh.googleusercontent.com/a-/AOh14GhfF4XVBV7823MlZPw8JhkRdotuqC0yRg6Xo3-ckrY,This app + Bose noise cancelling headphones in a work environment = bliss,5,0,7.4.3,2019-05-05 16:18:41,,
gp:AOqpTOFhe37fswV-Hxdxc5-mBKq20hP6uf-4W0aGd_jXp_74Jf1mxpTPdxQ_phqISka59X6ubHDuWweaBodAtvA,Michael Strong,https://play-lh.googleusercontent.com/a-/AOh14Ghl-8eXYhvddSQ06Nyn2d_WQADnIszbRXKfgDlBQQ,"I've had this for like 5 years, finally upgraded to pro; worth every penny. I've never slept better and, had more confidence i was having private conversations. my most used app. thanks y'all. i do wish i could find the mix i made before a recent reboot but, the new version is pretty cool too.",5,1,7.4.3,2019-05-04 23:32:18,,
gp:AOqpTOESf5GYZzhKDmW4jV3Nqwf5gmWlLUBvrMvYy-DpOqftavV28dzbxbM59-EgmnAH4WbUpZ8y8KG6f2KJl40,Michael Buterbaugh,https://play-lh.googleusercontent.com/-sy4tR6GNz80/AAAAAAAAAAI/AAAAAAAAAAA/AMZuucn7SHw79nC_POHDCmft9u4MdMvXIw/photo.jpg,Best white noise app that I have found. loaded with customizable features. Although I found my perfect relaxing white noise from the stock sounds in the app. I have this app on my phone and use noise canceling headphones. The better your speakers that you use to listen to this app the better the results will be.,5,2,7.4.3,2019-05-04 04:38:18,,
gp:AOqpTOGxnU6-b_YKFz56Wj6D86x-1Q3OasEp1Y1seti-DOzqL3F-08o3qFy-1bZ1lk5ywZqrnnCupiArv21nBl8,Dan Covel,https://play-lh.googleusercontent.com/a-/AOh14GgCa8loqtfpRxSymi64GnWqwoHbVgwd5dl7tw2Wlg,Does not cast to audio devices,1,3,7.4.3,2019-04-24 19:31:02,,
gp:AOqpTOFZYHkEiB9c71mgvXlz1nJ8eCYkuLzoAXLSQ6goke8OR6RKAN_fnVKZWytbP48J7cJDAooznT08hZZEO-o,D'Arlo Smith,https://play-lh.googleusercontent.com/-i-SuI0XTgAk/AAAAAAAAAAI/AAAAAAAAAAA/AMZuuclXIABJWBjwlcll7y-X6RN1NDY-jw/photo.jpg,putting me to sleep like a baby for years now!,5,0,7.4.3,2019-04-23 01:37:54,,
gp:AOqpTOEEcjzSDhHuZe13OprQTlcjc6XmrRNT8ARZB_UdXH1LK4sAVlMC6BMKD7Dd8srKA2t3kNYuhhHel3ed9do,Harry Sieglinger,https://play-lh.googleusercontent.com/a-/AOh14GjaaadOYBcZ8IhFp-AHlIC81885gl5XTrMa6wcoI0Q,"This app would be perfect if it had casting or if it was able to be used effectively with Echo devices. I've set up multiple echos in my house but this app won't let you cast to grouped speakers, it will only let you use bluetooth to a single device. I have to use Spotify and loop sound tracks (the cut off and restart are very obvious and disturbing doing it this way). I know Amazon has an API that will allow developer apps to cast to echo devices and grouped echo devices - Spotify does it.",4,4,7.4.3,2019-04-19 23:52:39,,
gp:AOqpTOESpmDfGHx3vIZpFKH0sWFBmCjB8pKQX1XNabqYkSA5LbDeloyD06hie-PySu-17o8mdPGm8LXh509k5G0,First Last,https://play-lh.googleusercontent.com/-CwwLZbJBsGU/AAAAAAAAAAI/AAAAAAAAAAA/AMZuucn7nLdgaxQRHMYuCQS5KRuxzBTb9w/photo.jpg,Wow. This app is great! Perfect sounds to sleep by. The alarm and clock display settings are awesome! This is the best app I have on my phone period. Well worth the pro version.,5,2,7.4.3,2019-04-05 20:33:44,,
gp:AOqpTOHAAwl9QXHVVMiAmBLIXoCwoyyRPbhlMI3ucR9OfNrXmDU_60uQq0bHnG8Ug8p3FfAZTamx0MH12WkKWg0,Rook Knight,https://play-lh.googleusercontent.com/a-/AOh14GjwViS7X1rzx_NFt8K-2KfJmRUhUhaLpJwQKNyrV-w,whats the difference between this app and the blue white noise app? other then price im not seeing anything.,3,5,7.4.3,2019-03-30 22:34:08,,
gp:AOqpTOEJX0ONNUaW8AQI2KZXLjXPoPyeMyHqr0ZPk5ooA41CtiGfDHDcWdfwx3PkAsYFqXvVERZaIGbA0pSO--8,Gail Brown,https://play-lh.googleusercontent.com/-dW3-6vI59WA/AAAAAAAAAAI/AAAAAAAAAAA/AMZuucnACO4OkDEd4O2UsbOowoVW2AFFhg/photo.jpg,great selection of white noise to choose from .,5,0,7.4.3,2019-03-22 19:00:25,,
gp:AOqpTOE7cEHlN_ij6-Tb6klS09QY-sKgE_t8_u7gpOOZeaizyKBwgkiGZCtc9ICkDRFfpE75kD5hRJfv7LIHMiU,A Google user,https://play-lh.googleusercontent.com/EGemoI2NTXmTsBVtJqk8jxF9rh8ApRWfsIMQSt2uE4OcpQqbFu7f7NbTK05lx80nuSijCz7sc3a277R67g,"great selection of sounds, mixing features. highly recommended.",5,0,7.4.3,2019-03-12 21:55:03,,
gp:AOqpTOGt7tFcplaqc6t5LKN912XNbzfrB1hzuYLl_6zZwZvRZ9XvVRlEJagnqvd1AU5SFSB5SHcyCjk_yKgrKLk,Beejam,https://play-lh.googleusercontent.com/a-/AOh14GhC93XKWyzYxE1b0bD6XE7KEXz_LpPtbN9KSaMPjA,wow this app is incredible! The way you can find your favourite sounds and position them in you headphones is great. Best sound app available.,5,0,7.4.3,2019-03-05 15:34:46,,
gp:AOqpTOHG3f4bKPT-UhnK53cjQzbIZwXgSS9L3gdg96eW9q9dUR14VUPNonsdjEv3lxQPxAODLtf_h2ZgEJ92h6o,Marc Levy,https://play-lh.googleusercontent.com/a-/AOh14Gjt9D4vg3HzcYjtHAfrMMa9N5ivtS37Oqv0m85TVMs,Great app- so many mix possibilities!,5,0,7.4.3,2019-02-28 16:48:54,,
gp:AOqpTOEvmUnXqCcxwLRyLFdlSXbRPlUeB6CEddsscyo970UyhUD33kOR1Ex56g5KpiUJUgSXlkVOmmUoOB09W-k,ghufran syed,https://play-lh.googleusercontent.com/a-/AOh14Gg5xHRyJ8oC4EuIYxbfPvRyCZlWr3bYHlJf4r9Q,"stop updating rhe sounds! if you want to make a new version of a sound, give it a new name! I use the app to help me sleep, and when you add new random intermittent noises ( e.g drip noises in the rain sounds) for ""realism"", it wakes me up!",1,15,7.4.3,2019-02-17 04:44:14,,
gp:AOqpTOGcZIRVog5_dR9bPxWgPrjm6cBl7L7kXQoPQ0wKrU1zOdJ_7kNBTESvQcJwWEejXakrZNgrNAwobk-zSak,Sandi Cheslak,https://play-lh.googleusercontent.com/-R06qs4Uq5v8/AAAAAAAAAAI/AAAAAAAAAAA/AMZuucm8JLatZK0_NHhgqCQyxUlQl5IOTA/photo.jpg,"love it! great choices, great price!",5,0,7.4.3,2019-02-16 23:00:02,,
gp:AOqpTOELJ8831jgqUq7SVYi18mWLeoIvXnWGPzJ7Kpfk9XSl-PQ_GEyaQ-QoUXGhZ19Fez2hkNFqQZ32ibqZH8Y,T Arnold,https://play-lh.googleusercontent.com/-CoREJzvsgL8/AAAAAAAAAAI/AAAAAAAAAAA/AMZuuclKXhtVpdWwzKFaAdmp8bGrRGkDVw/photo.jpg,Getting ads on the PRO version & I am feeling mislead. Notes in lite version said the Pro had NO ads. I will avoid this developer in the future,2,27,7.4.3,2019-01-19 08:37:22,,
gp:AOqpTOGUhA91nACsNOHezNRgKRfMM8qS_cwPBr3q3QftMJEW3jhXRaJmZfdNXv0ezx5ob060jw3DZDdT5gU6-0Q,Lee Flamard,https://play-lh.googleusercontent.com/a-/AOh14GjZSpOeEZvKnDukCDzb-FSevir7QwklfRFh8r_o,I enjoy these audible journeys as a way of practicing focusing my attention,5,0,7.4.3,2019-01-03 09:44:28,,
gp:AOqpTOHFYbSbqhoGnEeDXH-IUzolzLlvzVx-RjO4i4fRpW0hDYzK2TnN6A5Ku2C4deCdXejOO0xat_Rw85D3JyQ,Carl Draper,https://play-lh.googleusercontent.com/a-/AOh14GhoapuqomrEor6LYw-BjVhOJrixEBgFhwrvvUKONas,it's good but the white noise is too quiet and actually slightly quieter than the non pro version.,4,0,7.4.3,2018-12-30 21:11:28,,
gp:AOqpTOEqmQ3nUANtIWuGRTjPQF1nUSKQzf_jcoFY9Ph1lC0oNWxt3KEdhh7IDwBLI7imcgnlrcNrnj4h8Vge7m0,Steven Flynn,https://play-lh.googleusercontent.com/a-/AOh14Gi-QtPZ5d4js1ZrZF3gB3wGDb5qGNMFAKs4ispY7Q,"Although I can't find another ambient sound app to cast, this one will only cast to the Chromecast and none of my smart speakers or Chromecast Audio. Can't use it. let me know if this changes, White Noise Pro.",2,0,,2018-12-25 21:21:12,,
gp:AOqpTOG-Uh5vvjzh9Ra8bOrkKsa5Inl8kTaqqb05toI6hJ124o--qjHMozwEFT-dW_SCEktgCxEnlBXDoweB9Hw,ASW :,https://play-lh.googleusercontent.com/-TYnbcDu0jWM/AAAAAAAAAAI/AAAAAAAAAAA/AMZuucl-2qwaVVObzHzdOhqqddAwgpCYxw/photo.jpg,"Update...the solution offered to disable postcard does not work. Download sounds still displays postcard and forces use of additional market app! Real nusiance and waste of great app. This used to be one of the best apps of its kind. Has some wonderful features but the use of ""market"" is just a nuisance, a distraction. Even the download of stock sounds forces use of browser instead of remaining in app. I have no interest in the ""market"" and NO option to use without it. See above.",1,5,7.4.3,2018-12-20 12:20:09,The White Noise Pro app includes 50 all-new HD sounds and pro generator tools.  The White Noise Market is an optional companion app and website that allows White Noise users to add more sounds to their collection for free.  You can disable the Market Postcard from the app settings if you never want to use this feature.,2018-10-03 13:26:04
gp:AOqpTOF5JnlqtDUSaevR4RWDE91gX0Zx1q_natNFvlKXEsed9UsvDZA7eyi6n0ADPxZivmikNm_CHFRuKD-06fQ,Geralyn Davis,https://play-lh.googleusercontent.com/a-/AOh14Gj53vOGcIbYHjazBO_BrJXvc8Jz_13CykM4vEpKsQ,"I love this app for replacing my sound maker when I travel and home. I do miss the night clock colored version a lot , otherwise I would rate this a 5 star.",4,1,7.4.3,2018-12-17 04:23:05,,
gp:AOqpTOFRzPDs_WzHY9nBDQCV977sAwZZW_RkFkzSHYJfPlMwSCZUGVLRN1_QUWlaB3vanujr6S7uakXjfRmw5UY,Ben Miller,https://play-lh.googleusercontent.com/a-/AOh14GiCsCdnTodDM3Q-pWmTp6mp8J0tGrvcnOp0aYa2riw,Love this app. Great UI and great sounds.,5,0,7.4.3,2018-11-24 18:22:20,,
gp:AOqpTOELPvTZzX-aj41_Uc1t_CWKrBHMdAWUE20KV8YK6llhqv49h3tcS-t8KbdXfTeE8SsAxmFida-tJAROpMo,A Google user,https://play-lh.googleusercontent.com/EGemoI2NTXmTsBVtJqk8jxF9rh8ApRWfsIMQSt2uE4OcpQqbFu7f7NbTK05lx80nuSijCz7sc3a277R67g,The current version does not allow me to change the color of the night time clock.,4,1,7.4.3,2018-11-15 19:25:36,,
gp:AOqpTOH4wBbDowD8U30viE7jZqxGX4G0KEAxvmevuMwgHhhyCe-BTAOzXnIE5OEbDQOaQ90Vs8weeiBnuB_gqa4,Dave South,https://play-lh.googleusercontent.com/a-/AOh14GjNPxHVEhObn1YKGW1UvpO6hyhHfczeWpY-g6pv-Pc,"It's good but could do with proper support for casting to Google gone devices. I find that ""casting screen"" with this app is glitchy. Sounds keeps stopping saying casting has ended.",3,1,7.4.3,2018-11-11 16:31:46,Hi Dave! Thanks for the review and feedback. We're still currently working on a casting solution! We hope to get it done in a future update!,2018-11-13 08:22:13
gp:AOqpTOEkuSpigEuGInr5Ky8FZyACDpH3te9yw07YNJ5uEYWZ8LT1rqybQw4G9HKJOAPxcNwXyauwM4C01T4PWQw,A Google user,https://play-lh.googleusercontent.com/EGemoI2NTXmTsBVtJqk8jxF9rh8ApRWfsIMQSt2uE4OcpQqbFu7f7NbTK05lx80nuSijCz7sc3a277R67g,"I have used the free version so often for sleeping, that I decided to buy Pro. I waited for the return period to expire and was able to install Pro on my other Android device.",5,0,7.4.3,2018-11-10 09:48:15,Thanks so much for the review and your support! Being a small business we rely heavily on support like yours!,2018-11-13 08:22:30
gp:AOqpTOHw06q5U5mIDYAGkUMa-uXZy7U19d2XuHBjvurMD2Peami0Bc5TGYbW4qPlDH7bC4cnGKUJ2mo5bq0YrCU,Jonah,https://play-lh.googleusercontent.com/a-/AOh14Gh0kRNSppr1rEIxUlzsajD-z63gZc24xRQ2zgDUsg,I have been using this app for years now and I use the brown noise option every night. Great app!,5,3,7.4.3,2018-10-28 00:11:13,Thank you for the review and your support!,2018-11-13 08:22:37
gp:AOqpTOFsgtTvgO4haAr0YGGpn2lrWqXZX6ZmaEOHy0K24i2qN98wtVfzA-j4eCqyysMglme-kqLyWe3o8o3VM9A,Logan Parker,https://play-lh.googleusercontent.com/a-/AOh14GgnJk8Mux1Ck8cBYzKAu7hIpTC17GfBxc4zliCAgA,Best sound soother around!If there is ever any way to compress the apps data into a smaller space it would be absolutely perfect!,5,2,7.4.3,2018-10-11 07:05:38,"Thanks for the awesome review, we appreciate your feedback!",2018-09-21 07:55:28
gp:AOqpTOGHgC5W6IwxlI69L5aoLBNHuSAwHM4kxe-Y7E1Ms5j_G6vaBZggLU8-f3EjaLvrksDVFYirrdEKiyCMOWY,Brandon P,https://play-lh.googleusercontent.com/a-/AOh14GhS41mQFyk3DwirpSSl9D79PgBXLyUPNjvCYmehVTE,Love this app. Saves me all of the time when I am not home and need that background noise to sleep! Have been using the 'paid' free version from Amazon for a couple of years. Wanted to continue showing support and bought this version.,5,3,7.4.3,2018-10-09 02:34:23,Thank you so much for the awesome review Brandon!  We appreciate your continued support and for sharing your experience!,2018-10-09 07:07:49
gp:AOqpTOFGLqtsiwigq3qvBQi3ko37rFeMTAHbq9pLpNI9EnvckLxfSnPL6JuxynwyWn-ASbBqcok6xj9oDIhQ4LY,Jessica Lee,https://play-lh.googleusercontent.com/a-/AOh14Ghy9jpdPSodS9iJE2h7gR31y5uCe3RVJIvOL8GI7w,"[Editing for clarification] •The widget no longer works, unless the app has been opened first and I hit play from within the app. •When playing a sound, it defaults the phone's sound volume to 50% (not the ""audio settings"" for the app), even if I had previously turned the volume down low. •I don't want to have ""auto play when app is opened"" turned on, because it will blast the sound at 50% system volume. Regretting my purchase... Not worth buying if you already owned the White Noise app, I don't see much of a difference aside from different cover pictures for the sounds.",2,15,7.4.3,2018-10-08 21:30:05,"Thank you for your review.  As far as the volume, have you set the sound volume in Audio settings in the menu?  Also, you can set ""Auto Play on Launch"" which immediately starts the sound when you open the app.  If there are other concerns please ""Send Feedback"" in the app with additional details.  We hope this improves your experience!",2018-10-02 07:45:30
gp:AOqpTOEyyhawXeTzSUBF2p9YDdVaTsNpLcKLqj5BUrDlK3keTuEb39_HY64955jTiMQ5Xvkf4ia8-ix6pqOO2LE,Garrett Downen,https://play-lh.googleusercontent.com/a-/AOh14GhmWosCt5RMYXsyTmrF_36KvrI9HvZQrCOqhOApsg,"Amazing app. Unfortunately, it does not support native casting to Google Home or Chromecast Audio devices, which dramatically limits its utility for me. Will upgrade to 5 stars once it does.",4,1,7.4.3,2018-10-07 15:20:41,"White Noise does cast to Google Home.  To cast White Noise to audio-only devices, download and use the Google Home app.  Follow these directions support.google.com/chromecast/answer/6059461?hl=en to add a Chromecast button to your notification drawer so you can quickly mirror your audio to any Chromecast audio device including Google Home.",2018-10-08 07:47:08
gp:AOqpTOEOHQySqV06XpsjmEOG9b1kT4S4_Sn9sthsvBztl2P0toMzjTdsqdghr-0a86amIkdjLXpgaD-H4j30cuQ,Greg Laws,https://play-lh.googleusercontent.com/a-/AOh14GhyYo9l7mIHZ2FzFeUN8MVY3XUclt3JrToSdH7yagg,Gets me to sleep and blocks unwanted noise. Plenty of settings and sounds to play with including a shut down timer.,5,0,7.4.3,2018-10-01 10:51:57,Thanks for the wonderful awesome review Greg!  We're glad White Noise is helping you get some sleep! :-),2018-10-02 07:40:44
gp:AOqpTOEy4419-_aXH4DUrf3wY4IIQb-j0ByAEbd28N9Nb3t4cSt1nn4MUj4yvHmT4U0SeoVO5y6AXzE8NPzuMm0,D'Ann Sherwood,https://play-lh.googleusercontent.com/-FLfpa_xzhDM/AAAAAAAAAAI/AAAAAAAAAAA/AMZuucme2Wz4FOeOMqYjusoBHrTDv94RLw/photo.jpg,Saved me when I got stranded for the night without my sound machine!,5,0,7.4.3,2018-09-28 21:38:44,We're so glad we could be there to assist!😀  Thank you for taking the time to let us know how we're doing!,2018-10-01 08:44:32
gp:AOqpTOEjh_SY_jiuAPA3OuLMESTmX-QuJB4_srYcKn19WjERg4-6eGzaIs5wT_jDkckDDEVNDn6Lzl0HMd1cq8k,Tracy Crovello,https://play-lh.googleusercontent.com/-H8hX86SAMlk/AAAAAAAAAAI/AAAAAAAAAAA/AMZuucnI9HdQ4K1Gk04MMQDgZpUwd5Kp0g/photo.jpg,I've had this free app for years as a noise machine for sleeping and just now decided to give them money for it because I enjoy it so much. I'm going to stay using it as a relaxation machine during the day! And the money app makes it so you can listen while using other apps.... wish I knew this year's ago!,5,9,7.4.3,2018-09-27 10:17:32,Thanks for the awesome review Tracy!  We are so glad you are enjoying White Noise Pro!,2018-09-28 09:29:56
gp:AOqpTOHrZmvrTNnhIdOnoUznqgxFiYzgkeTt1-0wO4Mj47Ho0QL4xaUaQWhWA4Ka4oM8YTPdk1xmzM8vHyExx-M,Judith Dialessi,https://play-lh.googleusercontent.com/a-/AOh14GgM2A3Wf9iDDBMgLK4j4X2IzJfF-UP4LYYriT7jLg,Just what the doctor ordered!,5,1,7.4.2,2018-09-24 13:23:41,Thanks for the awesome review and feedback!  :-),2018-09-25 07:07:22
gp:AOqpTOEPppZOSPA1E4S2c9SaBpxigYwFJjF4dXB0u3aCDV5bNKtS6gjoGNLi26_9EGndm4YJcV31uIl0eJy4rMQ,Nathan Seiple,https://play-lh.googleusercontent.com/a-/AOh14GgDwQFo9n1vaPblqQ-q6_869eotLxNnpHqgtlWcx8Y,I have used this every night for at least 3 years now. It has worked flawlessly and I have never once had any issue with it. Definitely worth paying for pro imo,5,1,7.4.2,2018-09-19 22:35:36,Thanks for the awesome review Nathan!  We appreciate your feedback and continued support!,2018-09-20 07:11:58
gp:AOqpTOFwDqHo6DPhwwE6IP8J5QWEMHaXTbUTMHR68PqT2GdoD1IWx2ze5Tp5ykH6bNlPLi8dctBHbYcrpOTrFfs,Jennifer Bauters,https://play-lh.googleusercontent.com/a-/AOh14Gj1rKqvN0cAHfIm4Mg1STtfsnQpKv9GMXWEoTY02Q,Awesome app never a problem! Helps me sleep when I am having difficulties!,5,1,7.4.2,2018-09-18 14:54:33,Thanks for the awesome review Jennifer!  Glad White Noise is helping you sleep!:-),2018-09-19 07:24:58
gp:AOqpTOEU3YIabsjY-XOmQw_ivyl0_r6GUxmfmbsf-vqMn9HYEAFuhBSljbZHuMMxjz9abezMm2sgFHxJZqAbHkE,Richard Ward,https://play-lh.googleusercontent.com/-OyLP0oQot_M/AAAAAAAAAAI/AAAAAAAAAAA/AMZuucn1EzbJdEA1ggoSWSmw_S3mwvePxw/photo.jpg,Fantastic. Use it every night via Chromecast and surround sound set up. Sound quality is superb. If only I'd known about this my whole life.,5,1,7.4.2,2018-09-18 06:44:29,Thanks for the awesome review and feedback Richard!  We appreciate your support!,2018-09-18 07:14:24
gp:AOqpTOEfUoahMw_ZVNleCN2VWyxp_BPXagwiXxBEIKN6fm3koFpQ5B82b5nhcdQ_LCyz8cWM-7s17L3iRndduy4,Jo King,https://play-lh.googleusercontent.com/a-/AOh14GjBQ934RoNK_hPNZeIItuKLCnl67ACY4F9E8mJORIU,Another stupid dev who thinks it's ok to send stupid ads notifications although I paid for this. Jerk.,1,1,7.4,2018-08-24 13:21:12,"We appreciate the feedback Jed.  You can disable notifications for the app in your phones settings.  If you need some guidance please feel free to tap menu, settings, and ""Send Feedback"" in the app and we will provide you with some direction on how to block future notifications.",2018-08-27 08:04:47
gp:AOqpTOEQtrg_JJXylIHr4qGbuYDBvOdKbT9m4YyFW-jTRN2MojyGuxfPCGTF90IZVs1WEo22wv_eOLXlZDvir0U,Greg Clemons,https://play-lh.googleusercontent.com/-D_51MuIzj-E/AAAAAAAAAAI/AAAAAAAAAAA/AMZuucm6ML4OHgsIEMgzJYV4wx0mSbt6hw/photo.jpg,Great sounds and easy to use,5,0,7.4,2018-07-07 22:16:41,Thanks for the awesome feedback Greg!  We appreciate you taking the time to let us know how we're doing!,2018-07-02 06:25:11
gp:AOqpTOFDFarbgnHqkLqtQayiF9wBuSonL7nMgmKM-RSbUKHLlJ62ZWfH8cPlKmjJd_IxXgVjMO53NgHYHI9jvmY,Remi Geise-Hoefer,https://play-lh.googleusercontent.com/a-/AOh14GizIFtoOXHZ4bCy5CieLKlZ7nlVNZa1nwwwXK_YRxs,"Thanks for fixing a the bugs. I have been a White Noise user for years 
thanks for making it better.",5,0,7.3.1,2018-05-13 21:56:47,Thanks for the feedback Remi!  Glad we were able to make it better for you!:-),2018-05-15 06:19:53
gp:AOqpTOGzy18KAdjMqLuklgMnANfXKyTqes526w4fbSz5Z0ZMeXKnmeKNbeoEjL6KhzGShRYvyFUwztf1OwSjiMM,Mak Fall,https://play-lh.googleusercontent.com/-2Vu5BzRmJbg/AAAAAAAAAAI/AAAAAAAAAAA/AMZuucmKCn9DJc0V68-S6VGEt4bUBS1Ptw/photo.jpg,"For me this is the most versatile of the ambient noise apps. I purchased 
the pro version because it has more features. I also downloaded and use 
Whitenoise Market to download sounds others have recorded. The best part of 
this app is the ability to mix sounds. The screen has an icon at center 
screen representing the listener. You can then add up to 5 sounds. You can 
arrange the way the sounds move from left to right, right to left, whether 
to keep a sound on one side of the earphone, or just keep it centered. You 
can change volumes independently and a lot more. Obviously I highly 
recommend it!",5,2,7.3.1,2018-05-06 21:51:46,Thanks for the awesome review!  We are thrilled that you are enjoying all the awesome features White Noise Pro has to offer!  We appreciate your support and recommendation!,2018-05-08 12:41:42
gp:AOqpTOE0e1v6uZ3zI1yGjrxFZMKB4F0iqERp1dfFl9_-VM-dL-RSprtIrkT-PZ1HO5vg7W2lyjuo1RSs4y50fY0,A Google user,https://play-lh.googleusercontent.com/EGemoI2NTXmTsBVtJqk8jxF9rh8ApRWfsIMQSt2uE4OcpQqbFu7f7NbTK05lx80nuSijCz7sc3a277R67g,"I sleep soundly every night listening to the rain and thunder. It also 
serves as my nightstand alarm clock. Great app.",5,0,7.3.1,2018-05-06 16:17:04,We are happy to hear you are enjoying the app!  Thanks for taking the time to give us an awesome review!,2018-05-08 12:40:12
gp:AOqpTOE1a5hOuOVMe9VVmd_Me73go1s7iVNAy6b_tESzy3_pVLSnfWQShcBDtj9SeOueeB9UV25CqcFwyPK_GCI,Dean Webb,https://play-lh.googleusercontent.com/a-/AOh14GjwUqz2XJW_f14sqe9JSJbEdRuNxlRnXum53Njd,"Love it, got it tuned in just how I like",5,1,7.3.1,2018-04-30 14:13:52,Thanks for updating your review Dean!  We are so happy to hear you got everything set up how you like and that you are loving the app!  We appreciate the support!,2018-05-01 05:50:18
gp:AOqpTOHthBDyYSVbxQ1_OfT_detOGWFMyu_OVUDiDhDXbl0pd3myLmBv_Q1cIn0LAu_qT4ayXYeiY6Gqphazqgs,Aaron H.,https://play-lh.googleusercontent.com/a-/AOh14GhB18TTFWw9tqD9nqXkPAyjM4Ey5gv2lKhiBOZD6Sc,"Great app, but why can't I cast it to Google Home speakers (Google Home, 
Mini, etc)? Definitely a five star app with that feature. Any chance we 
might get that?",4,0,7.3.1,2018-04-28 20:41:05,Thanks for the feedback Aaron!  We are happy to hear you are loving the app!  We are working on a solution to allow Googlecast so please stay tuned.,2018-04-30 07:26:21
gp:AOqpTOHdA-ezfFVGexRw9saIXnO8ypQ3K4IAxQgD6AZ4z0T5E2uDP5lmKqX8St9j3XmMLTUq16eF3ic2kl3QAKA,Emily Rose,https://play-lh.googleusercontent.com/a-/AOh14GiRVyHuc76TvC_cSAi9196xEON09mqqu1Q2SRJGFg,Tintus insomnia schizophrenia works,5,0,7.3.1,2018-04-12 21:08:38,Thank you for your feedback and review Alice.  We are glad White Noise is helping you!,2018-04-13 07:26:47
gp:AOqpTOHLzeR8N68TjKLaJXjrCXlfLFaykosgv2Xj6Y6llzPPnrIYfD8oGBjyqRtEc_LrWQcWn5tEcN4bQlN67n4,Frank Visser,https://play-lh.googleusercontent.com/-kBSuP6Ahcck/AAAAAAAAAAI/AAAAAAAAAAA/AMZuucmAIyV8qKTnJTgzjuiSnhjTF0tzwg/photo.jpg,My favorite app. Excellent.,5,0,7.3.1,2018-04-11 03:48:23,Awesome Frank!  We are so happy to hear that!  Thanks for your fantastic review!,2018-04-11 07:58:21
gp:AOqpTOFB5VVpFOdkRzGp0C9Fn9sUrSs_rFf7jFR74moz2C_KSXV7ewf20kb899wKFA5tMZcHSRluRsL9IaiV7mc,Ashley Beard,https://play-lh.googleusercontent.com/a-/AOh14GhOQCzMWiV8dUkSIrXDJZIZ-Wpf0TjHmUtZ0RIuCA,Favorite white noise app with a simple UI. Huge catalog of sounds from fellow users to download. Ability to customize and tune mixes of five sounds at once. A cool photo accompanying each sound when it plays. Nice 👌,5,0,7.3.1,2018-04-08 15:56:15,Thanks Ashley!  We appreciate your awesome feedback and review.  Glad you are enjoying the sounds and features available in White Noise Pro!,2018-04-09 07:32:54
gp:AOqpTOGBaEv3YrmY3I3JwqKgkBwi5IAVn94p0YK_vyyvGrGQshClgpgKx3gmr7lZHAUzn90GroYzTslADZwECqQ,Rob Peters,https://play-lh.googleusercontent.com/-4FJvD93UZdY/AAAAAAAAAAI/AAAAAAAAAAA/AMZuuclsuZQ6Mxi8BgQPgnJQY3lPchaCfw/photo.jpg,Make the cast feature work with my Google Homes and I'll give it 5 stars. That's the only other feature it needs.,4,1,7.3.1,2018-03-30 20:39:41,Thanks Rob.  We are always working on ways to improve the app and appreciate user feedback.,2018-04-03 06:36:41
gp:AOqpTOHrPpMpQxL4_ayrSTWEd4j7OXNCxfNqK-lXatMIltc6SrA_MxEkNX0GxWOuERhApLhdhJHy26gShz_lgh8,Susan Rhodes,https://play-lh.googleusercontent.com/-YQVNO6hAU_U/AAAAAAAAAAI/AAAAAAAAAAA/AMZuuckEA1QlHAFUnKEkPo6UGLeTIUCkRA/photo.jpg,I use my noise cancelling Bose headphones to listen to white noise at work.  Helps me stay centered on my work and filter out ambient sounds that can be distracting.  Love this app!,5,4,7.3.1,2018-03-30 08:11:34,"Thank you Susan!  Glad we can help you focus at work, that is a great use of the app.  We appreciate the feedback.",2018-04-02 06:35:13
gp:AOqpTOECg2uvXDbpgd91jBhPYHx0SXm-zrgckll5BEiA9JgGnAayHxiBPnII0-dGXEWxaCxwhjzKO3pi8lPsPXQ,Nathan Marineau,https://play-lh.googleusercontent.com/a-/AOh14GgUzWLX4PIrtV-Fi6Ug_cMQWRldmnx5EUkujW7kxQ,Really helping me stay asleep at night. I like the variety of sounds and the ability to mix them at different volumes. I feel like I am getting a deeper sleep with less interruptions. Thank you!,5,5,7.3.1,2018-03-28 05:59:04,Perfect Nate!  Our goal is to help you not only fall asleep but to stay asleep by masking external noises.  We are so glad you are enjoying the variety and other features as well!,2018-03-28 06:38:17
gp:AOqpTOFaL0sNB21OJipnGeSnQfzL_hingsKWq1zHfwNVC0sYjmzbQIyYJ7hbwkVBBadFJxmXjJH9iiwnduqFbuc,Georg Pedersen,https://play-lh.googleusercontent.com/a-/AOh14Gg331Sljwy_W6bTSN4DxjW3hTyx2-_cWjv0VhqowQ,"Does not have Chromecast support I bought this because it advertised Chromecast support, it does not. I tried contacting the app developer and got no response",1,2,7.3.1,2018-03-23 11:33:43,,
gp:AOqpTOE-Rk2VDx4DR33c8AAw1n-HiBX62okuyhmbD62_f8vJQ9AHw90u8rMaORBYggds1gtk9Hiy-1niiWAfyoU,Caitlyn Jones,https://play-lh.googleusercontent.com/a-/AOh14GiStOFCndNWl5eiy-dSB7S83tZgB-Y8s6imRq0Zzdc,Great!,5,0,7.3.1,2018-03-16 22:07:08,Thank you for your review Caitlyn!   We are glad that you are enjoying the app!,2018-03-28 06:39:06
gp:AOqpTOESqSBK_Vm24S25lHRGDS1dbMHhbYxDdP_7esAXEjD89T6cP0yzRJ73lmdHv7lhV77I1idhCDZvYYpKbqs,Matt A.,https://play-lh.googleusercontent.com/a-/AOh14GjcsLFG7OK06FM0QpSLWY-7FQ8YN7RePcoHXitAtg,Didn't remove ads. Negative 1 stars can't be given sadly,1,2,7.3.1,2018-03-09 05:55:06,There are no ads in the Pro version.  You can send us a screenshot by tapping Send Feedback so we can better understand the issue.  Thanks,2018-03-09 10:21:14
gp:AOqpTOEoIghDJSMKcacOX5sC2e4LjUDfLXhypS6ZqldYp5eI6j8I42XryyYdeMNd140U3JTKKEaynNBnunM278w,Marshel Estep,https://play-lh.googleusercontent.com/a-/AOh14Gj_9vruQWdtOvdACOVnbjVnEbPgijEozx4S2VhO_w,Awesome sleep app,5,0,7.3.1,2018-03-01 08:20:44,,
gp:AOqpTOFttxAnJX-9-IvEJCqBafLxnGATFsxiRKMGOgiXP01FuAbdX9GZi2C8edghzUAJC5-4nBC2ECAqpNUjhdc,Tomas Gendron,https://play-lh.googleusercontent.com/a-/AOh14GgReH_uVi5Oht_LCZaAo2PLBLxU07dlyQTGMcNWqg,Great for treating my tinnitus,5,0,7.3.1,2018-02-28 06:37:19,,
gp:AOqpTOFYtGGTM-mukqppKMmKgfFSajZBodo7GfGAJaK8EwYuJnbcMwe9wNMrzAgsFVmg2WopAcjSq0QUZg9k9DY,Debra Ball,https://play-lh.googleusercontent.com/a-/AOh14GgphfdMIMWnnJe94dpUc7tCc8dyd-HEpILBB8z4cQ,White noise has helped tremendously with my sleep.  Can't live w/o it.  Thanks.,5,0,7.3.1,2018-02-07 23:07:25,,
gp:AOqpTOFPzVd9kS9B-D0L5XkOitbQwf14LWOrH4iqLqu2kNviT5DnJ_0e98aYX7vt9ZIGKNnPiiWOmkqFts28kAM,Jennifer DeFillippo,https://play-lh.googleusercontent.com/a-/AOh14Gg2YOxoqmvUVoRNnNmeqdP1QNvnWyff8XimrLjv4w,"By far one of the BEST white noise apps I have ever used!! I sometimes have trouble falling asleep and this one has just the right variety of sounds that I can choose anything I wish to hear and I am asleep within minutes...or, if I just want a soothing background noise, here I go again! Wonderful.... ;)",5,1,7.3.1,2018-02-07 04:17:13,,
gp:AOqpTOEEBJ3qZ9_zI_2DtG1VmjQCDLcEB8_i3lFKZ2wwSemKGGlqOQjiA2fNPUJXfpkkxtTJfzevOXruorOd_jo,Phil Larson,https://play-lh.googleusercontent.com/a-/AOh14GigLPEY673b1BpMHcZ5fKSi_6F1loa5bhRkLet--5E,It's merely an app for regulated noise such as white noise. And that it does splendidly. I use it every night.,5,0,7.3.1,2018-02-03 04:13:47,,
gp:AOqpTOFki6Dl0KGNW3hiLhFfCuu1wxB3fSQ4VM_P7x7G6RJgRdJzSp8dM1KR6WGnGmuxYdiOk0rd7pJUdAcoKXY,Izaak MacLeod,https://play-lh.googleusercontent.com/a-/AOh14GgQB_kv_xMPSFV5NLBvpOBFOHB2lH_GFK24kL0y,"I used the free version for a long time, then seeing some other sounds I could get for FREE from the market place I said ""eh it's cheap"" and it's worth it. If the app doesn't have it the marketplace will. So if your looking for a good sound machine...(omg I sound like a cheesy sales man) well in the end I'll say it's totally worth it. Buy this...I use this almost...every night. Some nights Pandora for music.",5,1,7.3.1,2018-01-29 05:18:24,,
gp:AOqpTOEYmkA3yLxlXvsfFUuAnZfF8sNzAQWkbi5KP55I2DvoQBiZhjLmSkp0g8f1dCMsZklASUKTqAxNFWEw8tk,Drew Brown,https://play-lh.googleusercontent.com/-xLWAbvV-VOk/AAAAAAAAAAI/AAAAAAAAAAA/AMZuuckH-LzCq82g2z0vOJ-Jk2KMA4pG8Q/photo.jpg,"Fantastic variety of steady sounds, use it every night!",5,0,7.3.1,2018-01-23 21:25:25,,
gp:AOqpTOENjsum9SScTzhvtuYVsxwYqc09ZxNqz8FM7INBS7RRmB46QgRR1qe4IywPPIzLUpWFclmWQpOsyEPQ3vs,Rob Law,https://play-lh.googleusercontent.com/-khj2AaIrfGI/AAAAAAAAAAI/AAAAAAAAAAA/AMZuucmWmhbuhgBePJiaFjheusWfg8PPcg/photo.jpg,Great selection in app as well as more in the store. I'm a sleeper that takes upwards of 90 minutes to fall asleep and any disturbances in the sample can disturb and wake me. The quality is better than most other noise generators though more effort is needed to blend the samples for for the next loop.,5,7,7.3.1,2018-01-19 04:57:37,,
gp:AOqpTOF0OpMe-M6FrUo3c-7EWBxO3gGQULGB1JsowbeeI7tau8UsIIKNIPbryJ3i60Vjm5gw3f-PPubuIs2ZOFM,Dan Smith,https://play-lh.googleusercontent.com/-Ng16-XaDTZE/AAAAAAAAAAI/AAAAAAAAAAA/AMZuucmCI66Eapt-kvpdC772xsAA9BNDmg/photo.jpg,Good app,5,0,7.3.1,2018-01-18 12:59:13,,
gp:AOqpTOHz_ATJiS6fkj2f58r9qclTvQmts_ZEMfQJacY8YNPyXkLaOaYdar_n2Tf_DAJfPoe-xLaBG9fE_M_Kiv0,A Google user,https://play-lh.googleusercontent.com/EGemoI2NTXmTsBVtJqk8jxF9rh8ApRWfsIMQSt2uE4OcpQqbFu7f7NbTK05lx80nuSijCz7sc3a277R67g,"I love this app! I have insomnia and tinnitus. This app is a miracle! Not only do I sleep better and longer, I don't have to hear the ringing in my ears during quite times of the day. The only problem I do have is when I get phone calls while the app is playing. The app still plays in the background making it hard to hear the caller. I can't seem to shut it off. Fix this and 5 stars will be given!",4,12,7.3.1,2018-01-16 09:02:08,,
gp:AOqpTOHNjRCB2LiPVeJUytlWyaxau8r-fCeVYSD8xpU7OwzNV1Yd0aP30LkmWJbrGV4aL60dOUNUNuN7WIgC2rY,Ann Claire Shelley Kay,https://play-lh.googleusercontent.com/a-/AOh14GgXRy5OCsc-c_PiDixSpnvEFyYBGdVHrjQzmUl7,"Have used this app to help with my insomnia, I would recommend it to anyone who has sleep issues. Brilliant!",5,2,7.3.1,2018-01-07 16:41:41,,
gp:AOqpTOE_rKCPWjThhBcnzCJLsojCsq5tkcSShCttUdexnvT7Mf7Xa4n5_tfWrnTNXvsvgc8i6JOoN0ziLwRpOn8,A Google user,https://play-lh.googleusercontent.com/EGemoI2NTXmTsBVtJqk8jxF9rh8ApRWfsIMQSt2uE4OcpQqbFu7f7NbTK05lx80nuSijCz7sc3a277R67g,Offering a Chromecast option that doesn't work at all isn't very beneficial.,2,1,7.3.1,2018-01-07 09:18:34,,
gp:AOqpTOGOh7QI4DRsqlGvjLGQybupBDS4D-ksvKN4kM4ccjz1XGipwZPNp_Zi4hu5mBwGSiq6un82CWAhbidcSHc,Hugh Kearney,https://play-lh.googleusercontent.com/a-/AOh14GgrOcYSGESaFtAlzM0jJzeE9G5Lav-5pLw0DO4r,Use it every night.,5,1,7.3.1,2018-01-05 03:56:21,,
gp:AOqpTOH5_gXWU7-HEs2is9r1w5l18TptMKEAUsEBnrGz0W_nay5F74a4SgIXSQAX-FxJy0__ini1jpOlF_3XSCU,Azrael Reaper X,https://play-lh.googleusercontent.com/a-/AOh14GhW67UqlNs-p6-G4TuoxyVGFaK-EYebkQHMRzRsp0w,Love it. Any chances for compatibility with Google Home in the future?,5,4,7.3.1,2017-12-25 22:44:01,,
gp:AOqpTOHJuaZlvoS6og3QV5NrC9b-a8zZbZb14TxzkwFXl06R18U0NuU1PvyqP7rDS_pc_kfQur9D4L66128yRWk,Robert Elliott,https://play-lh.googleusercontent.com/-n2t81Mvg0kk/AAAAAAAAAAI/AAAAAAAAAAA/AMZuuckXQmVOUF9Z3KoSNQPwdXlTrZt4eA/photo.jpg,"Great app. for tinnitus suffers. If you mask, it's a must have!",5,0,7.3,2017-12-23 16:34:25,,
gp:AOqpTOHTHgugd6IzxL1vDzySGykiGuehR1gkFv-HcrCdfFUlh7jxasNiUYG_079gfluVWAN32cK6_h_a3gEVHfM,Jeanette Zimmer,https://play-lh.googleusercontent.com/a-/AOh14Gg27p0Lp9w3CWnLQWyXjA3TS_7i6loyQnDYs5baVw,"Loooove it! This app + an eye mask at night has basically solved all my sleep problems! Since the free app helped me so much, I purchased this edition. Not only for the hd sounds and being able to use other apps while the sounds plays in the background (which helps me the most so I get relaxed before I decide to actually close my eyes and try to sleep :p ), but to try and support the creators of the app because it has literally turned my life around. Thanks so much! If you're wondering which sounds I use, I use a mix with cat purring, rain on a car roof, and thunder all together.",5,3,7.2.11,2017-11-24 21:25:10,,
gp:AOqpTOHxNyLAaldtBHegwn7ZsV84S3hTRblRXYp8Q-1HpArrRuQJIVJzgNkxlrY58PQzr8MU8ZXzDDNc4vV3xts,Scott Carlson,https://play-lh.googleusercontent.com/a-/AOh14GgDyzrDu7kdLytrNRgwhnFsyLl5t3hyQCsribOtiXk,The secret to a good night's sleep.  Great app.,5,0,7.2.11,2017-11-15 09:25:27,,
gp:AOqpTOFEm9EpFLLDWofWh9fLlVLE93voXIDfGARMDeJdyg4rGS54WF1pckcOYje9_0d07Izre0je5Wv0kUo_FOM,James Boot-Marshall,https://play-lh.googleusercontent.com/a-/AOh14Gig6aVhaZPnRRO5oWEM---nbuSnBaGqu0Q_qxB36do,Best app of all time,5,0,7.2.11,2017-11-11 15:51:05,,
gp:AOqpTOGrvmQHpCMSWdgC3BzkkixOzwp6bJdzbPNjBw1QHSoMUz02bR5gQ14vM588gd1di3bZd0BdnZezfHHKULg,Brett Anderson,https://play-lh.googleusercontent.com/--U916HWqKbU/AAAAAAAAAAI/AAAAAAAAAAA/AMZuuck5DFknxe47nGrEajBcWT44WZGK2w/photo.jpg,Most used app I've got! 61 days of rain on a car roof so far!,5,0,7.2.10,2017-11-10 14:44:38,,
gp:AOqpTOHkZ5Y0HQuJxBNJk6Qf8tTXDooKkW4isucdnWoXm-SS3o7V8CwI2WHtR_WDeOPb12VIB8nLQyRYJCkbCEw,Blanca Rincon,https://play-lh.googleusercontent.com/-O0B15so8lwI/AAAAAAAAAAI/AAAAAAAAEBY/AMZuucn-8OMo68--JciF3359BpZ9IhBj4A/photo.jpg,Great southing sounds and sounds are updated regularly.,5,0,7.2.11,2017-11-06 10:38:08,,
gp:AOqpTOF3EVJ6BjWqBgbM-PuhWqGeEMG_uDmi9PkEhoPpeqTiGoDx_xertGQ4yaW-6l1TvljEkxrdlcz4itg-rYg,Carl Barrett,https://play-lh.googleusercontent.com/a-/AOh14Gh4lYJqK5BzZ5Ts8MM0mtN_dxRFsZJ2rCID9JkH0g,"Really like the app.  I've been using the free version for a while and decided to upgrade to pro for the Chromecast features.  However, I was disappointed to find that Chromecast audio isn't supported.  Can this be added in an update?  It's much more useful for me to use this app on my Chromecast connected speaker than my TV.  Would be a 5 star app for me with this feature added.",4,3,7.2.11,2017-11-03 19:23:31,,
gp:AOqpTOEgtKRPIc0Li51KvrY23A5A9hQ03hSwXN46vkxveAAReal_8FYiKUdoMZ7JSV0ILPpUSFGZ8AXw4K2cMgw,A Google user,https://play-lh.googleusercontent.com/EGemoI2NTXmTsBVtJqk8jxF9rh8ApRWfsIMQSt2uE4OcpQqbFu7f7NbTK05lx80nuSijCz7sc3a277R67g,Nice App 💤,5,0,7.2.11,2017-10-29 03:25:47,,
gp:AOqpTOFXXdnAlOntyR5r2WhOH3zU4MW5iuXHBVuX2Zw7Yw6TfT8kr8lyL483liobW5s0fTaH_eJvuhT4JPp6wlQ,Peter Frazier,https://play-lh.googleusercontent.com/a-/AOh14GhU5e8bT9Z9WLWHnfOpwQ4ORPlNmHtdqxr1UZdiNQw,"I'm tired of getting there rate me message, how many times and I expected to rate this app, can't my initial rating be enough?",3,3,7.2.10,2017-10-16 17:49:04,,
gp:AOqpTOE3wcU5ospK6EQwDLInRgk_lzfQa7gX9Tg-iGxP8Db46RJm9QL-tRCO8NmytKIezkh-5qi9ZjpfWtBu51k,D00M,https://play-lh.googleusercontent.com/a-/AOh14Gj6NnYP26EtH5NcNt_ugjPyl7KV9LF8cnSlrzaYsQ,awesome,5,0,,2017-10-15 14:45:03,,
gp:AOqpTOHhrNbtGD9GRDuo1PjiONTOgOlhfxTKkU0EmN4sr6SCieaZCK7qIugVf1fCYs9UIbFwUMBiP-yx9sjwcMg,Neil Cartwright,https://play-lh.googleusercontent.com/a-/AOh14GhBEyMScDtbqQibHqwYGd52dX_5GqoFAwGspSmbIA,With lovely neighbours who may as well be the bedroom with us when their telly is on this app has been a lifesaver getting us both to sleep.,5,0,7.2.9,2017-10-10 14:18:48,,
gp:AOqpTOEDGi1BdfPFaPafQ3FoHAjhWSmPI3C5elDhF162QXZ5t4nxZuFxT9RfkHz576UTCJkH4x0ByvQrGRuoEGk,Matthew Lesko,https://play-lh.googleusercontent.com/a-/AOh14Gip5ng9uuby99FFie_CQGfDzdk2b0iUKxso6pW7dSo,Pro version has a few extras compared to other paid version. Long time free user. One star off for no Chromecast audio support.,4,1,7.2.9,2017-10-09 18:10:27,,
gp:AOqpTOHk3N1dAzNJrytP-qyoWhqakc9WRCUgcIaTQeTWImmE8JQIFDEsZ3NaTWMf986NVsKEOyWWF0g3W73AXmQ,Frank Alfieri,https://play-lh.googleusercontent.com/a-/AOh14GgBasYtMr3Npv1XWY-AzQ_Z5A9Fi-s8KZR3Tqp-n-Q,My go to sleep app.,5,0,7.2.9,2017-10-08 19:14:55,,
gp:AOqpTOEmvweu_UYKCwhQ6BZYSPrKbhGTgUQDCz1XUlQ8gGRVZZvRjiSH9BfG9arMfkKztFeSWSwTmd6DBsq6Nb4,Merith Godwin-Greer,https://play-lh.googleusercontent.com/-b4ZJq-XGPeg/AAAAAAAAAAI/AAAAAAAAAAA/AMZuuck9QdwBvfYyCF7Znn2C5LsTk107eQ/photo.jpg,"This is a fantastic app. I only ever really use one noise, but it really helps me to sleep. I had the free version for ages, butt decided to buy the pro version to support the company. Totally worth it 💖",5,2,7.2.9,2017-10-04 15:18:55,,
gp:AOqpTOEqIolHiSdTFeYE-YYxhMuXQ6M_F9LX0TR7l_gKlDIUP9V_qum9YrcP1O1HK7ADKj9P8QhjTdwLABq99hI,Keke Blackman,https://play-lh.googleusercontent.com/a-/AOh14Gh85o8Eq2TrIhXNzlNA11N8vCfNZ7IYj3TbL_P4o_g,"The app is great. I couldn't sleep and starting  browsing the internet.  This app came up, I purchased; listen to the rainstorm and went to sleep.",5,0,7.2.9,2017-10-01 05:07:56,,
gp:AOqpTOFIyzBZnF2YyIqepYjuv4FivKCOkx4mS3Ag3vm_XPbHmHA2-nJKrARmaW9g8MiL0BpaoEh8QA6hl-J65p8,Cindy Blundell,https://play-lh.googleusercontent.com/a-/AOh14GhNxzanCQdeP2XRXbcEpNFo14mbHF-igNBNJVZRWA,"I live in a long-term facility so, with this application and my sleep mask I sleep like a baby. It's fantastic!",5,0,7.2.9,2017-09-27 18:39:34,,
gp:AOqpTOFBV6By_YCHhiY439ERdHvWFXwf_eV5sHlsOx0pdZSpDysVry23tr6j53aRSWAdlYToV67jH22Vv4G6_bE,What if Water was Chunky?,https://play-lh.googleusercontent.com/a-/AOh14Gj0gxZw0ZH5feIGeuqwXPZltVnwiCMsGsIn4dnDJw,Great for sleeping and relaxing,5,1,7.2.9,2017-09-25 18:59:49,,
gp:AOqpTOHE9dkMa4YqNVsK128G5bBk5StqPbZWW-61AgwAkUamhoqLAsuDrUR1XqKgUx9Jgqe_WFU5segcEw0K2IM,Evan Miller,https://play-lh.googleusercontent.com/a-/AOh14Gg48WUTW6HTgK1unWsWBhJ0bl9_x4yzGpmn6olb,This app is so good for helping me sleep. It allows me to ignore my tinnitus and sleep peacefully. I also can wake up just by the sound fading out so I no longer have to deal with an alarm clock. Love it!,5,0,7.2.9,2017-09-23 18:52:35,,
gp:AOqpTOFsoc_DiTDIqkiKVbqqJsdPqHQL04qPCMoatZalLDzX4aZFUDd2hlW8NIgk3YiuYhS-QarNSiqUmXr_Pcc,Steve Mielke,https://play-lh.googleusercontent.com/a-/AOh14GiiqZrC-ga0Z-K4159nEtuySUVvviKF6jvgldSXiA,"Not sure what the difference is between this and the older paid version but I bought it anyway. As I type this Irma is hitting Florida. Being in Canada I feel like I'm missing the experience of a hurricane... So I'm listening to Florida NPR and have my white noise app set for heavy hurricane wind, rain and thunder.",5,2,7.2.8,2017-09-09 23:56:05,The Pro version includes all new 50 HD sounds and our Generator tools for creating custom color noises and binaural beats.  Thanks for supporting our small business!,2017-09-21 06:12:00
gp:AOqpTOGLDN14jr3VrhjPefMNQYVH-swKfUloBlM07h5Kx5VYF-yHMRMfU8dRHUIpvwlcJt_maPujs9tjIfO7BQs,Delmis,https://play-lh.googleusercontent.com/a-/AOh14GiuEy3nCiQY4ylY7aMBd8PVFrKDQbVPxMDa9OPU6g,Love it.,5,1,7.2.8,2017-09-09 00:06:47,Thank you Janel for supporting our small business!  Hope you are sleeping great.,2017-09-21 06:12:25
gp:AOqpTOFCshYF8qrrIt1sNv4lVsJ7z_r_pTl7lePer8pH7HX688aSw4RpyHR3CUHhhEuYpBwiCio14dH5gFHy4sQ,Dave BALLZEE Browne,https://play-lh.googleusercontent.com/a-/AOh14GiJTHdiR9TFSBX1c8ZK0VN5EhFkETyqk8cvqas,can't sleep without it.,5,0,7.2.8,2017-09-06 20:33:42,Thank you Dave for supporting our small business!  Good to hear you are sleeping great.,2017-09-21 06:12:43
gp:AOqpTOGDZ6GAVBo3o5iSMStV67hRHFOu3zGdM8GLUXvGYGSruiHbIrtpI2hRABS5G4DZZJYCX5qckKNWgCtns9w,Vishal Adhikari,https://play-lh.googleusercontent.com/a-/AOh14GirRy1FUPlj6AP-LLaCbc-_bRRBYf1YPe7Bwc2GuTA,Great work...wonderful app!!!,5,0,7.2.8,2017-09-05 04:04:30,Thanks Vishal!,2017-09-21 06:12:55
gp:AOqpTOEqL5WEsUGVvYdoK9cK41yvOMWLE9J4W0o5lFed2CRH4I6OH2MCiikooDoYK7xDr6OBUKVfGuBsmITbSAY,Michael Wallace,https://play-lh.googleusercontent.com/a-/AOh14GjTODhd2IDNxo_Ds63mpxrILVnpwecc6Fggrk3nPlA,Sleep with this every night,5,0,7.2.8,2017-09-01 19:18:29,Thanks for sharing Michael!,2017-09-21 06:13:07
gp:AOqpTOFF_6TMZgnfBbcMsHSJfnq7bN0MM8_PkF7falSVm8hu_MFKdJdNMSU6cFmqhONpks6E4zN-Iyhzma8undc,Rick Barrett,https://play-lh.googleusercontent.com/a-/AOh14GjswVhdrswsC5U34Zx8XFJZi8fhLDADivgWHV5CweQ,"Best white noise app, great variety of sounds",5,0,7.2.8,2017-09-01 13:57:34,Thank you Rick for your feedback!  Cheers!,2017-09-21 06:13:22
gp:AOqpTOFg0HbYQnYJ7unyQht3zZXhhGeJW_maMyk4PDCI-mk-hkfnZhVvLbWWhitzbei2CWrGQvbZb86g8Vc55-s,Piripi Amohau,https://play-lh.googleusercontent.com/a-/AOh14Giq4jozjLcc6yI8Lnt0Bd5RmdJNvJIQf7zgCCL2,It's calming,4,1,7.2.7,2017-08-25 04:57:17,Thanks!,2017-08-26 07:45:17
gp:AOqpTOH-6SeAWJPX_B_nTTVxUZ4_iRCDdCXXgn0soQ5OXzgB4Y9S5dexulacB2n2bELt9an5-dkyyBb8pFlrNCw,Khera Douglass,https://play-lh.googleusercontent.com/a-/AOh14Gh4B_14LkdjwhJ6fo4-X4DRuaSJhz9XBWP3piLX1w0,Couldn't get to sleep without it!  I travel for work and this app is a lifesaver :),5,2,7.2.6,2017-08-21 04:02:23,Thanks for your support Khera!,2017-08-21 06:13:01
gp:AOqpTOEVygt8um8k0-6SpLdGdRerRorx5xfl5rEel4ogeG5wBgOuVD4shtANr8hOhIN4GvIqBDDMKwxoDdCsk00,Brent from Kentucky,https://play-lh.googleusercontent.com/a-/AOh14GgXFqZcUTyNkRzlD5P4z4OAg6_7M6rPdcbqT7iFlg,"It will likely crack and pop with Bluetooth headphones on. I have had this app for a while now and although they have made improvements in the Bluetooth area, it still does it.",3,0,7.2.6,2017-08-16 20:10:49,"Hi Brenton, Bluetooth performance is based on many factors including the operating system, hardware devices involved, and distances covered.  White Noise does have a few settings that can effect performance of audio streaming: Try using different buffer sizes, turning off multithreaded, and enabling battery saver mode. E-mail us for more help.",2017-08-17 06:44:34
gp:AOqpTOHVY62RmYdTF3fzBNteTbKHbOuxsgCavzJ23GUqZEoqdBkysH_T9PMpXBOAfN5AzUMz2gpDFRgXFBYuXSI,A Google user,https://play-lh.googleusercontent.com/EGemoI2NTXmTsBVtJqk8jxF9rh8ApRWfsIMQSt2uE4OcpQqbFu7f7NbTK05lx80nuSijCz7sc3a277R67g,The best bed time companion EVER!,5,0,7.2.5,2017-08-10 06:14:19,Thanks for the review!  Cheers,2017-08-15 11:27:17
gp:AOqpTOHsWFAE9A3t38g1sUahh6UuIPDVxHcfI-DiFwN85AZ3B3n3hXXhjP6rxSwLnDdFF_W_i4vh4txMudvU6To,David Mitchell,https://play-lh.googleusercontent.com/a-/AOh14GjR2nkVSmTNxQsFIwl3Ao0XDeTpK-tXjUUI4IOnZh0,Make my own noises frequently. Simply amazing!,5,0,7.2.3,2017-08-02 06:43:10,Thanks David!,2017-08-21 06:13:32
gp:AOqpTOFRJTfT7d2lC_5Sku9KsU5C11KIfYBd-10Y8DjSlp7eQn3jwW47yuru2J8YK5CRUTrBNi_UXjShPD-kjOk,Douglas Tabachnik,https://play-lh.googleusercontent.com/a-/AOh14GggH7gdi8M_n_AxU2jCAYTSIw64fwvekxPf8Z9q,"I already had the purchase version of the white noise app bit decided to add this on the premise that the sounds would be of a more HD variety.  Not really sure it added more to what I already had. Calling the previous app by a new name (""pro"") may have been a rouse to get me to buy it all over again when I already had it.",3,8,7.2.3,2017-07-09 23:30:16,"Hey Douglas, We spent many months creating the new sounds in our Pro version.  You'll have to use headphones or high quality stereo speakers to really hear the difference (compared to a mono phone speaker).  Pro also includes our awesome Generator tools we spent years developing. Appreciate your support!",2017-08-17 06:50:03
gp:AOqpTOG4N8Ekx1v4YU8mtuVUpDJdsLU7adSPhDmU3zPUb-4-utHP_gbpwMyZT6CaiLd_6QYv7PVRtPU1nxr38_Q,Joseph Graham,https://play-lh.googleusercontent.com/a-/AOh14GiszPu67iso6RYBEDqnITBHrb158lERY28sgthuNNw,Add chromecast audio support!! I really want to set this up to play over speakers in my home.,3,4,7.2.3,2017-07-07 06:21:24,We added chromecast support for televisions.  You can stream to chromecast audio-only devices from your device settings (Device Settings / Display / Cast).,2017-08-17 06:52:00
gp:AOqpTOGw77ubkpquvcRBLIduY1qgOa2n1NFgf9LxJDwOZHDz7bnX2B5zowhfVlhIWblxJp4-3q5OwaerU9Ods7c,John Smith,https://play-lh.googleusercontent.com/a-/AOh14GgePBXNYPyNVf6d14XgzswcWX8Fh5a9jW2W4Y2L,IT'S THE BEST WORTH ALL THE MONEY GET IT IT HELPS ME SLEEP BETTER THAN I EVER HAVE BEFORE I CAN'T SAY ENOUGH HOW GREAT IT IS,5,1,7.2.3,2017-06-29 16:59:54,THANK YOU!  :),2017-08-17 06:52:12
gp:AOqpTOE717B6gmr_fwvWHY92sIXzxA5fj_82rOsPkYbVs-tN2NRk7DmBxNWb0X8JSjC1dXFWh2GJCM4KQOkqxMc,Marlow Grubb,https://play-lh.googleusercontent.com/a-/AOh14GhzOXYHeIONLI5Lm-Rnk5Z4XpTbMUFs9hGq4rhJSQ,"Years worth of ""peace""",5,0,7.2.3,2017-06-19 21:57:49,,
gp:AOqpTOFGAeoKug0DN6YssXiCnc1ritol5TIyQDG2nxeA8h9b9F_l86pYhoBn53a4ezlZ2EU0_1w2GMh_JULzOqw,James Walker,https://play-lh.googleusercontent.com/a-/AOh14GjSzZXdAoLA5b2qvLTNT6Y6GkEmF1Gliaf71z0zyQ,Fantastic and can change mood with a timer.,5,0,7.2.3,2017-06-19 13:20:36,,
gp:AOqpTOHNIAq7-JtZr_EIm2S90gU5Ecuka6zzPfD1vfODTK5Mq-xRsNkbJp93erRcwDnG3sjRyBkbziRbu-9lZII,Josh Thatcher,https://play-lh.googleusercontent.com/a-/AOh14Gj4gTpFrVEviW_3pAj_CT8nHK721VnnnH-_4nFlyh0,It's the best sleep app,5,1,7.2.3,2017-06-18 01:55:06,,
gp:AOqpTOFPmC7fgO3B6aSMYxHARDrQHRJQtOg5v7hyEdweXkZq_GAdhijzxPu43UmPWYwja-cPaLGxgdPWP6KMrfY,Barbara Schulte,https://play-lh.googleusercontent.com/a-/AOh14Gi6Dqarw_iLIybrgHABSZTjpThrhg91dr1UC9oz,Can't sleep without it!,5,0,7.2.3,2017-06-14 07:17:07,,
gp:AOqpTOGBMM1PU0VMx9HaP8BGHYlHjvjDtF2-xXyoNHzizbu4B8z-qUDyF0JwAWNIlpEa0PFP7kGk2w5XVvuU2lg,Shay Holt,https://play-lh.googleusercontent.com/a-/AOh14GieBCtweHUKoV_3Y40n4O60meJciH-21yBUyG4g,"Most restful, undisturbed sleep I've ever had!",5,2,7.2.2,2017-05-31 22:02:25,,
gp:AOqpTOGW4HU2kMVSyhnT3jgsUy8RDW-6QrzfgmrvCjDKGKlK6pA-PADl7tIXztunwDrrqB6d_Ui8CO13kiroHFo,Marcos G,https://play-lh.googleusercontent.com/a-/AOh14GjGAcAVEqlhAmZ2SlkIUGIg_CvYo23tsUPg_Eee9w,"Really helps me to block out the unwanted street noise. Funny, it also has street noise to help people fall asleep.",5,2,7.2.2,2017-05-29 08:53:45,,
gp:AOqpTOHytIedP3SUApjS2YMyzz77L40rpWz7FUlWt2ZgOOu-0xr6jCyENKxL2mpANvslTbCnihkY8HbVDD2Yvo0,Kenneth Alderton,https://play-lh.googleusercontent.com/-l4GeTJVOSBM/AAAAAAAAAAI/AAAAAAAAAAA/AMZuucmtS2ys6IWCm26QEKWmr7hvJA22Iw/photo.jpg,Nice fun and relaxing app,4,1,7.2.2,2017-05-24 15:55:35,,
gp:AOqpTOHIvZpmTuCSdROueAHMpKnmHTJxUsiJo7wcbnjIiwLiddAaueZFI5AKFnbW41SXAiqBNJnK5tczgZYsfK8,Ahmad Morad,https://play-lh.googleusercontent.com/a-/AOh14GhIN37UKaMrSH07VJ9DU9FScsFSmD9UwE7EW-tRaQ,Need more offline sounds and mixes,3,0,7.2.2,2017-05-18 21:13:40,Thanks for the message and your support. Please check out our white noise Market app which has over 5k sounds available to download and import into White Noise completely free.,2017-05-24 14:32:34
gp:AOqpTOGo44rTMcUfxpc-TRn98PQZGkjV5wHhhmMjBe_PU96HuJlg1RCT2dopZiSlW2-mtdDw6vtg9hV_heo8gdQ,War Unicorn,https://play-lh.googleusercontent.com/a-/AOh14Gj86dUafGvBrGjljwXoHj8mR8bSnJ_YNzLkICSo_g,"Best white noise app, bar none. Only wish I have left is to import my own soundscapes that I create through my audio editor.",5,1,7.2.2,2017-05-10 15:07:50,Thanks so much!  And great news--You can convert your own soundscapes using our White Noise Creator tool for Mac or Windows (http://www.tmsoft.com/white-noise-creator/).  Once looped & converted you can import into any of our White Noise apps.  Cheers!,2017-05-11 14:09:57
gp:AOqpTOHM7OhyJHE3wuR3HXO6M4cMOmjraExFfb-hrGtZHYChYwy0wXthWsAUGJGiD_NoN8a5BYbAvmYBTRKokkM,Ben Callaghan,https://play-lh.googleusercontent.com/a-/AOh14GgsDmzvJi7CC1tiDmtvwXlxTrzaeBOUcq94G5CoZQ,Aids restful sleep   Aids restful sleep,5,1,7.2.1,2017-05-02 04:08:20,,
gp:AOqpTOFu_UUfcGBKbMtYYiyb-Qu27SZDEj4R4VDDMFUOBQjAwEJKpmGS-SHspZ5jRCCxukND2rn9yoIhZVXuFs8,Nyzer,https://play-lh.googleusercontent.com/-NCJ-_Hx4PjU/AAAAAAAAAAI/AAAAAAAAAAA/AMZuuckZ4sPczIzrZnE5gO3ijYARbq-fUQ/photo.jpg,"I've been using White Noise for a very long time now - I've worked split shifts, often napping during the day, since 2011. It's what allows me to sleep through the noise of others in the house or lawns being mowed outside. I've never had any problems with it, was happy to buy the Pro version, and have already recommended the app series to people in the past.",5,2,7.2,2017-04-24 20:03:30,Thanks so much for your continued support!,2017-05-11 14:10:18
gp:AOqpTOFRitGIsLlsXYk_XFmAWERAwawKliZgpDb7HQ5de54OJGri3AqN9Gcww6qsNbkFjqrfFrO6ciZew1J36NU,Matthew Hendrickson,https://play-lh.googleusercontent.com/a-/AOh14Gg8LofnHYpD7T0hp1SJ6uV45dklJkKI4sjmzqpLnp8,"Paid for ""Pro"" version expecting to be able to upload my own WAV sounds I recorded with professional audio recorder, but it only allows me to add sounds via recording with crappy cell phone microphone. Definitely Not Pro. Please fix this! (I tried contacting them via feedback link and email but never got a response so I'm forced to review as negative)",1,4,7.1.1,2017-04-18 20:27:23,"Hey Matthew, we want your professional WAV recordings on the market for others to enjoy.  You'll need to use the creator app http://www.tmsoft.com/white-noise-creator/ which now supports looping of full stereo recordings.  Contact us using the feedback button and we'll work directly with you!  We just e-mailed you as well.",2017-04-20 06:20:13
gp:AOqpTOG6YgQGmdhWqXGcQ2AKc2lSBH_vpcKDL5MAddcM44h4IJpiJHIK90xYK_fHbaXhxDiC2f28LQ5W5HJOBO0,Chad Heinrich,https://play-lh.googleusercontent.com/a-/AOh14GjUn2my-Ymt5WGMKuT91v_xZ-qYFXtfyT2bPsJ-DA,"Amazingly powerful and versatile white noise app. Recommend to anyone and everyone. Very pleased with latest updates, especially the addition of Chromecast support. Getting sound descriptions in-app, as opposed to re-directing to White Noise Market app, is also a very welcome new feature. And thanks for the refinements to the Chromecast screen.",5,3,7.2,2017-04-18 19:36:03,Thanks Chad!  Glad our updates are appreciated.  Cheers!,2017-04-18 20:06:13
gp:AOqpTOF3NAOAY1WotDq7mgkXFrhGmRzeL-uSTfkJuBVIyM6KwZ6HDsjbiSiYqfhyWE6P6-OWd_PX0is_F3dVy54,Magnus,https://play-lh.googleusercontent.com/a-/AOh14Gi9dYqp2I-XclwyNvObEYTFLf4AimF4Y1W47hBSuw,"Love it and I understand why you do it but still hate the market place. Perhaps there was some way of integrating it into the white noise app without the need for a separate app.  It's basically all the ads. If I pay, twice i might say. Once for the app and now for pro, I should not have to go through a bunch of ads to get to downloads.",4,7,7.1.1,2017-03-25 21:08:28,,
gp:AOqpTOFQRqBiuvMAU0d2akXKfJK5Pe1sRjkUGpeqkOdy3mso-tfrcayl0SlVaKef4e0JQocBA6_3mkwCaSpHVq0,Arbitrary Nightjar,https://play-lh.googleusercontent.com/-dLtR5cGtYUI/AAAAAAAAAAI/AAAAAAAAAAA/AMZuucnC99L2yM55IqKaIKloXiW62beDMw/photo.jpg,I really loved this app until it deleted all my mixes that i had and all my favorites... Was worth the money I paid until that happened. As of now i have deleted the app. Please fix this app!,2,0,,2017-03-06 12:30:09,I'm sorry this happened.  Please tap the Report Problem button in settings so we can investigate.,2017-04-20 06:20:55
gp:AOqpTOEFJywddEt2ZffrNZLH-FzQuie-OXZHvSTML0CdBjZ97cYd0rc8sEOmOECk8cEEGYZSKzBwC9Nntcm6o0s,Ed Bailey,https://play-lh.googleusercontent.com/a-/AOh14GgXtBsDshtz458YAlm35wcldXUzFqDCA02L-t4zxZE,Does just what it says it does; very flexible.,5,0,7.1.1,2017-02-24 07:31:18,,
gp:AOqpTOH7MZx-qG8-rboesfdBBnHIxgRvHznNUflX7CV9qG-ZbW9MqgD0kZQ70egUPvnzIYqULzW_m2E0uAuXiNw,Mary Nash-Pyott,https://play-lh.googleusercontent.com/a-/AOh14GgPr-nvkU9ATcJnZphlmSF8Ncd3dGIQGjO83W28,In my face with everything I don't want by market app with no search options. Unnecessary complications distract and discourage. Disappointing.,1,3,7.1.1,2017-02-16 09:27:44,You can disable market postcards if your find them distracting.  The market app does have search.  You can reach our support team inside of settings / send feedback and let us know how to help.,2017-05-15 07:43:04
gp:AOqpTOHmtD9Issf07_ejXbPx2Z3bSV20mlKtzysNEjDZ_WsFtyZpQd5Ppy6tVRu5wlJdY3mgfKUZFvtCeL8_JaY,Bryan Bolger,https://play-lh.googleusercontent.com/a-/AOh14GhZKTGCNRWQ9jHvBCiX6mujqYfieI6rgI4_21eTgw,Purchased because I was looking for something to stream to Chromecast Audio. This app only finds Chromecast (video+audio) devices but doesn't find Chromecast Audio devices. Bummer.,2,3,7.1.1,2017-02-04 18:58:39,"Thanks for your feedback Bryan, you can configure your device to stream to Chromecast audio using device settings / display / Cast.  We wish the chromecast button in the app could shortcut to this function but it's just not supported yet.  Happy to provide additional info if you contact us via the feedback button.",2017-04-18 20:19:05
gp:AOqpTOHm5QQ4-9zMaO8SGoQX9W6dE33wpIRcsbxLIte6djlNyjOJGKNMkweOmpEEZ9VMJ9D8JFhPLBMtUZXfbso,Panagiotis Grigorakakis,https://play-lh.googleusercontent.com/a-/AOh14GjlvfHBkQjofi8LfaEyjt_yav-4yNji9CdWW7uL,Nice quality!,5,1,7.1,2017-02-03 23:42:18,THANKS!,2017-04-18 20:19:12
gp:AOqpTOGCfOgPlfp5WKGGP9OTp4OCUEB8aH903CES7eaElAvQfQtqb9MSYHl9wVK6pOBL4LAYTJcFSay9vVcTq_A,Doug Richards,https://play-lh.googleusercontent.com/a-/AOh14Gi5iEMhrvsXdDBLawZekeWPSPXICvc_v6ur1AkP_g,Used this every night for the last few years. Love it for sleeping and travel.,5,1,7.1,2017-02-03 13:40:32,Appreciate it Doug!,2017-04-18 20:19:28
gp:AOqpTOHOJpgt5E1fuatoOqMdu2MWsk5RK3ucQHAMdxvhUzsVr-iRfGxN7GnCUGDtuY4gUrb2NapVPDXAQuPQzgM,Paco Martillo,https://play-lh.googleusercontent.com/a-/AOh14GhqzkVpbihlgpRnfE4YLOqs-Gdi0VMt-M1I9w7qEA,"Received a reply from the developer stating that they added Chromecast support. Couldn't find the Chromecast icon anywhere in the UI after updating.  After updating, I uninstalled and reinstalled. Chromecast support IS there as mentioned now.  I appreciate the effort and keeping me informed!",5,5,7.1,2017-01-23 22:03:52,Thanks for upgrading to 7.1.  The Chromecast icon should appear to the right of the volume control if there is a Chromecast device on your local network.  We have verified it works with our devices but will continue to test it since it's a brand new feature.,2017-01-23 21:52:18
gp:AOqpTOF2imSswGn-F5F0eCfRcms31xcxyt_fEHOOuspygex8NyV9kHEy6fBnGt6E28feGuWaXZloK1GOt0xDnvw,Elaine Wooding the Elder,https://play-lh.googleusercontent.com/a-/AOh14Gj96l3i0IikjSLdfd5N7jC70y7fMtGohq2pIi9PqA,I had this app several years ago and this one is really is great  improvement. Love the ease and graphic feedback on the mixes!!!,5,0,7.0.6,2017-01-03 20:02:05,Thanks Elaine!,2017-01-23 21:23:26
gp:AOqpTOGYVpbHaNgkxSpsOpizmsLdu2f_qsWM5nauJ4ysCYpPftcYSyhena0KcEtSUnm6uhWS3vDJpLIvaEsM_0g,Benjamin Lander,https://play-lh.googleusercontent.com/a-/AOh14Gh5M6EabdMVRrbqBTjQMGr7DCzo2iOfB5MnrtbL,This app helps me drift off to sleep. For the first time in my life I have success sleeping on a regular basis. Brown noise is my favorite option. My free version was skipping frequently and that would wake me up Every time. But with the pro version that doesn't happen so it was worth the few dollars.,5,1,7.0.6,2017-01-01 00:19:54,Thanks for sharing!,2017-01-26 17:07:10
gp:AOqpTOEIBM8j3Gz6YGvrVyLyWo-p6y6FmKT0uCiYKeTqNojQaLcxKt-eKj0p-cx9PVf_pkHCGuU3YfHYH7mOdpM,David Millard,https://play-lh.googleusercontent.com/a-/AOh14GiyGaL-3dc2NOTeRaeguZn603_5_c955xVn7raiJNo,Was prompted to get this pro version so I did. Great app but needs a grid view added to the sound select UI.,5,2,7.0.6,2016-12-28 22:00:47,Great idea!  Thanks David!,2017-01-26 17:07:37
gp:AOqpTOG2n6mKcLDzeVsyEY07WFqnkehzc1eaEanws9OVo6StXB2P-uR9Q4wa7hHXneJIsizGIkt2-Xq-fgakARU,Kirk Black,https://play-lh.googleusercontent.com/-Fd5fjH2kXpI/AAAAAAAAAAI/AAAAAAAAAAA/AMZuucl14pgIvskIQiku8ZBUlLzUg8eFrQ/photo.jpg,Crashes every SINGLE time!!!!,1,0,7.0.6,2016-12-11 19:30:02,Have you tried the latest version?,2017-04-18 20:20:05
gp:AOqpTOH3hAw4FMBzQ8uvKikZAn_jBrYwHO9dGxfE6Z67VhuaHZWu1xbbTI4efLyi7kqZ_9cOW3etBDrDGHUrEQQ,Jay Elem,https://play-lh.googleusercontent.com/a-/AOh14Gh8jtzYwH8naEurCSCuvpcJfSyHMzf7_IuyDMxuHek,3 versions of the app and a separate market app.                                                         Having a separate market app is bad; much worse is that the 'market' wants your Google or Facebook account. There is a 3rd alternative; a hobbled 'sign in as guest'.,1,4,7.0.6,2016-12-11 08:33:15,"Thanks for the message. We ask for account login to stop search engines, crawlers, non white-noise users from downloading these files for no reason. We are sorry for the inconvenience and we hope you can understand.",2016-12-16 08:45:07
gp:AOqpTOE3r4Fa6W8crTDZbPaqH9dbyRmONZQK9waIWyZcKs41d7oM-ScIrm4E39Pf7Vskhm1Poi7GZaEQrEk0ULE,A Google user,https://play-lh.googleusercontent.com/EGemoI2NTXmTsBVtJqk8jxF9rh8ApRWfsIMQSt2uE4OcpQqbFu7f7NbTK05lx80nuSijCz7sc3a277R67g,"I'm not sure if it was worth purchasing the app again for the high definition sounds.  The app works perfectly on a Samsung Galaxy S4 mini. I really couldn't live without the app as I work midnights and I need the app to mask the daytime sounds so that I can sleep. White noise is a fantastic app, and I can't recommend it highly enough.",5,2,7.0.6,2016-11-12 00:06:31,,
gp:AOqpTOHbb6Nv_E420n_21Kh-nYplCk772zrnbWY0J-mokGTJ_r4N5dKFwsUzZwQ4-Qv6irNXWYjsiUTy3PsAcFY,Mohamed Boulmers,https://play-lh.googleusercontent.com/a-/AOh14Gix5omfBCV7nQWg2g-oXyByU7ZHk3IX5t7gtEEQ,Good,5,0,7.0.6,2016-11-02 22:57:09,,
gp:AOqpTOF9xC5x0Q1i8iUPKG-XK-ptUQudqeVsa6FyZpAPfilVGZB028R7Coy4BjANIYnRmkTuW13pdYSVR_IjoMY,Adrian James,https://play-lh.googleusercontent.com/a-/AOh14GjuGJnLNnQGmoGYLjngxba5th6pzfFuARwBbb37mlc,"I like this app a lot. It provides access to hundreds ofr relaxing sounds, which one is able to add to mixes one can create. 😊 I am not happy about the fact that I keep getting adverts popping up, rather often, despite having paid for the app. 😣😟 Also... The limit of five slots, for sound bites, per mix, is a little restrictive —to say the least. 😐😯🙄🤗😌😏",3,9,7.0.6,2016-10-13 21:21:28,Thanks for the message. The paid version doesn't display ads. Are you referring to the postcard? Please go to White Noise Settings to disable them. Let me know if you have questions or concerns.,2016-12-16 08:47:41
gp:AOqpTOEgtQgkbFttmJu0jvCWAVGPeFmgzBQNGELEX3x1NKCSuJbNRCfIqDp30MPb5UwT22qce8XUmDE_5ywi6V4,Matthew J. Harmon,https://play-lh.googleusercontent.com/a-/AOh14Gh3tWhhKPYLN9Dt-Ne_mCAqV8WDq3UdS1a0hCaj,"Bought this hoping it would remove marketplace download restrictions, it does not. White Noise is really a great app but does silly attempts to force account sign in.",3,5,7.0.6,2016-09-22 12:43:47,"We need account sign in to stop search engines, crawlers, non white-noise users from downloading these files for no reason. Sorry for the inconvenience.",2016-12-16 08:48:25
gp:AOqpTOHQPS37crRu913g_5KBXcRU7nwgmdwkKZ44WzLqY6K-gJO1ZX_YfYsJqcgBlzhDz5jKthKQwJn8VDEz__I,Thomas Ritzu,https://play-lh.googleusercontent.com/-fl1OOrLk_VE/AAAAAAAAAAI/AAAAAAAAAAA/AMZuuckwOrAL5p1Kuq_PuxEMDCZTn0o_Ig/photo.jpg,I have been using the white noise app for years now. This is my go to fall asleep fast tool.,5,3,7.0.6,2016-09-19 23:17:22,,
gp:AOqpTOHiwmOq9-bxgssLobUAGG5BmAmv5uTjkYr94PvsWUYoi4cIR-_G6vxCTn-HQMIOyfwx6f7-9V5Z0xC7oUQ,BuzzBeez,https://play-lh.googleusercontent.com/a-/AOh14Gig6ovm3mNg-bn6sjzIk23u7FLK44w3-JLckcJD7g,"I spend a lot of time in hotels and in the past always found it difficult to sleep, but since using White Noise Pro I sleep like a baby.",5,0,,2016-09-10 04:13:37,,
gp:AOqpTOFFmCa9aa2BsyFCdgQKcfAgYPiaq3cyMZiLyTKaHwabYkipucpkYW-RYvKxjnGljjgM35ZobLWZI_f7MTg,Silvenium XIron,https://play-lh.googleusercontent.com/a-/AOh14GjpAEjt2Vv4kfswaI_spW7lfzXdBxcOmNvaKjTP,Use it every night. Only con is that the recordings are short so there are many loops.,4,2,7.0.5,2016-08-18 05:40:35,,
gp:AOqpTOEmndCee0oF_lbjc6xVLDqHbZzP-mAp-bM-Re_ocKvGhr3x-MgycbK2GxIHwj9VjlpXk7MqctObiAeDEw0,Ant Pruitt,https://play-lh.googleusercontent.com/a-/AOh14GjImc349kcCcrIMYaO140NQZgQJyjlS8YGy-Qz0jF4,Great library of white noise and encourages community contribution. Solid UI,5,0,7.0.5,2016-08-10 22:12:10,,
gp:AOqpTOHNBmNwC9I0guvlAkJ5FEi_5DE0e26NHyCtKQqXMWgo2feFwEobx97XRGtQUkdNUVL_tAhuNbqnhakSxyQ,Trey Wilson,https://play-lh.googleusercontent.com/a-/AOh14GisCZ5Pjif3pkv6mQGkfROU0HEHQWW3k4EF4msMMw,Love it! I use this every day at work and it helps me concentrate. I upgraded to the pro version for the HD sounds and they are amazing! Highly recommended.,5,4,6.0,2016-08-05 09:55:49,Thanks Trey!,2016-05-04 10:13:39
gp:AOqpTOFJiEmy3H-cIIdEls5JupS6izJUSvgRsIdmCB_zfz8qTW0wtzo1zQdhbX5pfGsdY0LCZ6yXh7V-gt2rmB4,Connor Goodwolf,https://play-lh.googleusercontent.com/a-/AOh14GiLKs7-m-Wo9fhR7BiV4iwT4Z4TQ_scLYUjGkrXcA,"General noise generator is crud, bought for .99. I can't import my own music or sound tracks for scheduled playing for dream manipulation. The app needs a feature to trigger playing of existing music on the device, there is none. Looks like I should get a small group together and create an open source project.",1,6,7.0.5,2016-07-31 01:25:49,"Thanks for the message and your support. You do have the option to create events with timers to  do things like Play Sound, Stop Sound, Play Mix, Sound Alarm, etc. Please let me know if you have questions or concerns.",2016-08-01 06:49:00
gp:AOqpTOF8-pMAiw-met0GIGUnbAqPzbPPoP03QG9MHLQzM9ndCLsQlieRnoJOu4iLbRhvNBX7qeCBh6xYw-RyrNw,Amtoj Singh,https://play-lh.googleusercontent.com/a-/AOh14GhE7z9jiXHNIEHBxOar2O-yWmMWjHOIONREaGRbsA,What is the difference between the pro version and the othet paid version ?? Otherwise an awsome app 😊,5,2,7.0.5,2016-07-30 14:15:50,Thanks!  White Noise Pro features 50 brand new HD sounds.  So you have the best!,2016-07-29 15:23:33
gp:AOqpTOEmhHGJ24Q1DPtuUrUph64nSPFXGJnm7uON_FJNsH7rTnueJfCVVLhKsUPI7dT3hq5QvLQwFGa6-LvqJGw,Jose Martinez,https://play-lh.googleusercontent.com/a-/AOh14Ggfb0hMYotPrhGQQom8eTtAotrmbxn8m7LYwS15XA,Almost perfect,3,2,7.0.3,2016-07-23 10:44:46,How can we make it better for you?,2016-07-25 07:46:04
gp:AOqpTOGqRF-t6CFyU2BZ2JzbNfuCCi-BaAfi9kLjxOFXzYVAU3g0aZgSE-Xqe7XVnnL3Ag5nZowZ-wNKDnap7h0,Richard Littlejohn,https://play-lh.googleusercontent.com/a-/AOh14Gjd3zYDJNzubIT6OkX80uG8pZFuNy22VnOf2NhsCA,I use this app mainly when I am out camping or at a hotel.  I have a loud portable air conditioner in my bedroom to make white noise and make the room extra cold.  White Noise has an air conditioner sound effect that makes me feel right at home.,5,3,7.0,2016-06-30 21:36:05,,
gp:AOqpTOEinp6JgWxzff-iNtgSCjIvWNZ_XQzv4bXIlETbXJRZlUUZD1SfZlIJAqU9AziQHeTuABc1MDO_upglIeM,Strathmore Turner,https://play-lh.googleusercontent.com/-siwDNVA6qoI/AAAAAAAAAAI/AAAAAAAAAAA/AMZuucmW6SAmgqrMX3ZbzU5Hp4tXUcWvfg/photo.jpg,"For some reason I can't put a finger on, my ears prefer the blue icon paid version. I must have an untrained ear for HD :(  UPDATE, tried again and compared to the blue version sounds, a lot of these sound like static to me. Im not sure you need to do anything to improve it. I'll gladly use the other one without complaint. Thank-you",3,1,6.1.2,2016-05-18 22:34:19,Have you tried comparing the two with headphones?,2016-05-19 14:50:38
gp:AOqpTOG7IEDTqhd6sBnMl4kiwq8NqOxpacwr4_OytLB5pc-EtxeaVmQUr8iR4x_2wGhXYtF0RDkL1fgdoRwmu5g,Valerie Aasland,https://play-lh.googleusercontent.com/a-/AOh14Gj-gzaQmpn7ZcATQlYVwTcUfmLgl2sqn4YfZ31p,"Between the snoring hubs, the kids and pets, night time is not always a calm, quiet place around here. I love the ""Air conditioner"" setting on White Noise Pro because it provides just the right amount of background to relax and get to sleep. So ignore that hater Felipe and get this app.",5,5,6.1.2,2016-05-06 17:29:37,Thanks Dee!,2016-05-18 20:30:06
gp:AOqpTOGwIZjnaCGBiDh49tdkUynk44YEVKMWHdj1RyRZko4kFgfr-KV5mA2Qvl366lVaV8IrG7zHWbsRkXzrKD4,Marissa Lawson,https://play-lh.googleusercontent.com/a-/AOh14GjfDJaPw70kRDGd1GtcWuJqrqUJUqh_5ofImy4HhkM,"I LOVE this app! It's one of the only apps I'm sure to have on my phone each time I upgrade. I love being able to mix sounds, but honestly my favorite part is recording my own sounds. I love being able to come home from a vacation with those soothing sounds to ""mentally"" take me right back! Can't live without it!",5,2,6.1.2,2016-05-03 17:29:25,Thanks for sharing Marissa!,2016-05-04 10:14:05
gp:AOqpTOFhkwhreK-21OxEM2E3wQXAJ83FAJFZTM77F8YqxLDGu63N03IF-4c-RDX6kDky3ykQdDm2yQnoMBHttik,Oleg Kolpakov,https://play-lh.googleusercontent.com/-7Ud1A6I_tS8/AAAAAAAAAAI/AAAAAAAAAAA/AMZuucn34zwfyhDAgtoFL74f6gXXXfcUFQ/photo.jpg,"1) I bought this app after I tried free version. Those version has clear UI for sound mix creation: you get a list with checkboxes where you can SET AND UNSET certain sound hearing total result in background! What we have now? You got a list of sounds. After you tap on arbitrary sound, this sound added to the mix. BUT if you try to unset it tapping again on same sound... It's added to the mix again!!! Is this a joke? What were devs thinking about implementing such UI? 2) App causes memory leaks in bkg!",2,1,6.1.2,2016-04-28 05:36:33,Thanks for upgrading.  I'm sorry you don't like the mix pad but maybe it will grow on you because it really is much more powerful.  You can now lay out the sounds visually and yes you can add multiple thunder sounds to a rainstorm.  You can visually see where the sound is being generated.  Tap to edit each sound where you can also remove from mix.,2016-05-04 10:12:48
gp:AOqpTOHFlgn9oWU-2Gf0laCbT819_uX0a2bjNWkWCEGJsiM2ws3gpO3Ms8qXNjm0iUYYenHxsbdVF6RAog4fLZU,Tyler Wintringham,https://play-lh.googleusercontent.com/a-/AOh14GjPM-bYK08FJ8paG7ax5p4Olm7ofGYzHyJ_FG4_bQ,It does sound better than the original,5,3,6.1.2,2016-04-20 16:59:28,Thanks so much!  Glad you like it!,2016-05-04 10:13:28
gp:AOqpTOHjXk_aZNQUHTMtSBF8r--6Mt--5bPmso42Q-PiK1eILHzdIHmLeRK_V6lth5AbOdjJ4EzZCVLVWXyUyZU,Raphael Dwain,https://play-lh.googleusercontent.com/a-/AOh14GgmmnaiVdx8AGRe0sCLnuiNmF4Z8FLS8LhwKLtkBw,Keeps saying it requires the free non pro version to play downloaded sounds...,3,0,6.0,2016-03-25 12:35:50,Please try the latest version as it fixes this issue. Let me know if you have any questions or concerns.,2016-04-25 07:30:02
gp:AOqpTOHTg8RLSDlutzOhHGoaLrrvnDp6tpKU6oDZsOHWXI96Rt6xGaX820zVv7QKu34IPpWSl8FZ4KB8s-VS0H0,Chris Jolley,https://play-lh.googleusercontent.com/a-/AOh14Gj2BNcAPbKLAlP5Gz06NfecDuXfMEifeurw7Tcifg,Can't wait for Whitenoise Pro Deluxe so they can put ads in this version and charge us to upgrade again!,2,8,6.0,2016-03-18 05:39:23,White Noise and White Noise Pro do not have ads and never will.  The Pro version includes 50 HD sounds compared to the full version.  How can we improve your experience?,2016-03-30 06:48:28
gp:AOqpTOEzinj22U5uMtuVjaXse4Vjkoai7_TfrHcZujR6n7sfIfmPahxwgubLVpHj2iynUPXLTJR8obsNpw6Ns1Q,J Cordero,https://play-lh.googleusercontent.com/-xKV924hdKVo/AAAAAAAAAAI/AAAAAAAAAAA/AMZuuclnMHTsrcA-_LinG0w1rf3w-8do7g/photo.jpg,Can't sleep without it! Was using the free version but decided to upgrade and it was totally worth it. Loving it!,5,4,6.0,2016-03-10 08:17:15,Thanks for sharing!,2016-05-04 10:13:56
