reviewId,userName,userImage,content,score,thumbsUpCount,reviewCreatedVersion,at,replyContent,repliedAt
gp:AOqpTOF0ergWd6y1FXackZrSfEjDUnZ9TuZbEV821zNOd5PN7uU2RuQQu2EsTRbNBEH9HgQ5k1D7y8Pw3hoIj7Q,TheDudeFromAcrossTheHall,https://play-lh.googleusercontent.com/a-/AOh14Gjih-64oJMJ3n-9U5HyaNjLh1zemkm9ycfv0hBb,"I have the hardcover version of this study bible, this app is just as magnificent and very user friendly!!",5,0,8.0.2,2021-02-08 17:45:18,,
gp:AOqpTOF__ZxDaJoplpLYjlHvfUVjsVU1w7e_zkyYJDWUmmTBjE9gB6fWy-FcXdr0u9IoaLund0qvtkhT9xlVsdU,Carol Jones,https://play-lh.googleusercontent.com/a-/AOh14Gj6ujaf35NZGFsXt5WKrPZszKQJFzbH-ZfSFvbthA,Keeps restarting over abd over even when i have other bible apps in use. I even blocked notifications in settings and it still does it how do i fix it. I purchased this app.,1,0,8.0.2,2020-11-29 00:07:44,"Hi Carol, sorry you're experiencing problems. :( Please email us at androidsupport@tecarta.com and one of our Help Desk agents will be able to help you get your Bible working properly.",2020-11-30 08:52:57
gp:AOqpTOExl5lW8ge_bBI_DyeDHFXA4nRhgxMWweaH1mUYCN1zCKL63DsLCNBfJPSJVTjzBBXZ3URBoCVGX51W6p0,Ira Wilkerson,https://play-lh.googleusercontent.com/-Zhb5lDmfCp0/AAAAAAAAAAI/AAAAAAAAAAA/AMZuuclOwpKK_zveb95fOIEjEUxIA80QUw/photo.jpg,Love the word of God. Love it even more when it is made clear,5,0,7.16.11,2020-11-24 07:56:57,,
gp:AOqpTOHnrOE82Rnd_QjvbxrI0SxDnHBC4GAdzmni4HqgSdfrO2wxxqGtzHApu3jgzl3yAv26jozxovZ9QyfwEWI,Jerry Waddell,https://play-lh.googleusercontent.com/-8RhpXxM9-DA/AAAAAAAAAAI/AAAAAAAAAAA/AMZuucnTk5n8am6OCfbX59lUejXNXY_d9Q/photo.jpg,"Still learning the ins and outs,love the devotion and reading list. I use the concordance most",5,0,8.0.2,2020-11-18 14:36:45,,
gp:AOqpTOGbLlcbjtu6s3KUv7QQQppn9O5LmxQHYd-2g7Gw4HqLUCIO4Kwd9eTMlA3sfvTZcp8IwluzasaTYbB0vU4,Antjr82,https://play-lh.googleusercontent.com/a-/AOh14GhqEtgwSUr4dKmGpJePN-oYBsVG7TkzSvr908p9,Love it!,5,0,8.0.2,2020-11-03 07:34:24,,
gp:AOqpTOESf1ZwWwvG1w0tKHesBp_hNyCGjZZf2QG42L4msM0rtbCL9SyRb0AF__NGFkukKN0QUuYRW8rPIRz4TpM,Lauriston Hosten,https://play-lh.googleusercontent.com/-5qY0ATzfUHQ/AAAAAAAAAAI/AAAAAAAAAAA/AMZuucmKTY0fB2x74QQnPoFJIroAkUNjTg/photo.jpg,Really enjoying this apt. Beautiful audio,5,0,8.0.2,2020-11-01 01:03:26,,
gp:AOqpTOHUS63tG1rOHN4w_me1D5UnIl8_vP9WPOXUA9MkJS8Up7roxpkHKBLos_J6aNU1ZBl_NTSRgyjuktueKzY,Rodney Lawrence,https://play-lh.googleusercontent.com/a-/AOh14Ggu_nIGiWG2TW922gcVYNMFjnbnmplz2Y4_z3Zbvg,This is a most comprehensive and excellent presentation of the most important Book in the world. All praises to the Most High!!,5,1,8.0.2,2020-10-28 15:02:54,,
gp:AOqpTOFNz48rxOvLNvB2gUvmvi6e4LR18CRslWndsfBzJMYWgi_Y3H8tQG9p6HypUQ7YQ0-f1P73w9uBETyWXe8,Mark Price,https://play-lh.googleusercontent.com/-sSbfq3xDhUs/AAAAAAAAAAI/AAAAAAAAAAA/AMZuuclgUauJEbDBzZc6Zx1-b4Xx2w32ZQ/photo.jpg,I went through about 5 different Bible aps before this one. This one is wonderful. Easy to navigate and the layout is well designed.,5,1,8.0.2,2020-10-21 07:19:36,,
gp:AOqpTOGOHvVYJTf9AkMC7iwvBItm646QuPXtVWRbHgaahHvHrFd9CPo-3T4QQpXCMdg_RjQvlQ8wjcnAZJoawWA,H Hickson,https://play-lh.googleusercontent.com/a-/AOh14GgSB4hL2KmQg7qMaqG_D5J2f4ikLFX2ncW1Q1OG,"Best app I have! This bible app is amazing. Especially the dramatic voice reading. Appropriate music and different voices bring this bible alive! Listen in the car, in the house. Never boring monotone reading like other apps. Then the notes, highlighting, etc. But the study notes are so enlightening! So if you want to be transported back to biblical times, get this app and bring the Bible to life!",5,1,8.0.2,2020-10-17 20:45:03,,
gp:AOqpTOHMfb-JCGVKXEMEmzC3MBZwaMbhNsuqZAYtd1Klf57uYneqgyGg4tV0AT_slvJSm_i66XeV1qChZxPnJ5s,LR Boyd,https://play-lh.googleusercontent.com/-plt_K1YbzMs/AAAAAAAAAAI/AAAAAAAAAAA/AMZuuckwzNPEIfu6C0ULlIClneJrkubbKQ/photo.jpg,"I enjoy the quick access to the study tools and the reading is pleasurable.thanks, I really like this app.",5,0,8.0.2,2020-10-17 09:42:43,,
gp:AOqpTOGg2SnZ8duk-xjnl04YwqLqw0ReioMITE7b2mx93zE-4GXzhD2EUAKz6Wk0klfz8RAnzSRMlPtFmPeaR48,James Hairston,https://play-lh.googleusercontent.com/-m0ZZAjTNfWs/AAAAAAAAAAI/AAAAAAAAAAA/AMZuuckn11i3CJVzLhODpPMgT1YqecSAoA/photo.jpg,It it's very helpfull if only it had more commentaries and more translations. But it is a good bible app so far,4,0,8.0.2,2020-10-05 21:33:10,,
gp:AOqpTOGX0fVOPYWWbTSfp7UPFVQZYEaAvLpw9R1NdHpwuvq0LuJLLe7J6IVWw2SRcLpg6eo8b6GjCqSc83y15oo,Stan Massengale,https://play-lh.googleusercontent.com/-fUcnlc7BLGM/AAAAAAAAAAI/AAAAAAAAAAA/AMZuuckmng2H9GmP-I0OKbnvkuLMa_RTCw/photo.jpg,So far I'm very happy with my purchase. Works Great and the interface is simple.,5,0,8.0.2,2020-10-01 09:55:12,,
gp:AOqpTOGn0Ts42z-vrm4rZHH-6x7MTDOsU2pbgzWP3NKJA75rvVl36LKMpi2OHhG2UfI6nJcw4KGLzdnd4g9GE9w,Willie Mitchell,https://play-lh.googleusercontent.com/-N-DRqMVdAVI/AAAAAAAAAAI/AAAAAAAAAAA/AMZuucluHHRO8zmX6y_Z4-kkMR7pWbrp4A/photo.jpg,I havee to reinstll ocasionally because it's not working properly.,4,0,8.0.2,2020-09-27 08:17:37,,
gp:AOqpTOELd8HQ_Azmf2brUG6vED_3fIO9i_LavG2CWIA020Hp-89fT6jrI0blE1DvuqNd4QHq7zQaonwV6ndY318,Allen Mckinney,https://play-lh.googleusercontent.com/-MEQH_7CmItM/AAAAAAAAAAI/AAAAAAAAAAA/AMZuucnk6zpcuM-o-U4OImHLW0d4CaQLog/photo.jpg,"I have learned by reading and following the word, reading not understanding, yet; understanding somewhat. God, knows I have; and I have much to absorb of the word of God to come. This app. is very helpful to my wanting to know all about what God is or rather has spoken into existence. I live today, actually; I truly began to live upon accepting Jesus as my Lord, God Savior of my very soul. I love Jesus, and I am loved of God; nothing else matters to me. To be loved by God is the only matter",5,1,8.0.2,2020-09-25 14:19:58,,
gp:AOqpTOFDd0wI7pYNBfGQ7AYQS1viPYStfOQyMhkODLdzBLefrvlR4XroaRngL90GeEsX2HARMyE0gCuwbQUJ4dY,Billie Sexton,https://play-lh.googleusercontent.com/a-/AOh14Gi5kr1Uwd_Uh7JAHYXiggrAIcbyiXqs9n4qlyc1,Easy to use and the daily devotionals are WOBDERFUL,5,0,7.16.11,2020-09-05 05:53:38,,
gp:AOqpTOHT2Bqgpo1JUriAlqsXa2Oy0pG-Zf4MdSScryF93FhYV4sbcT0foUnuSDKUyPnnqd9RxMEsLOHq-xwZZ6Y,Charlie Cannizzaro,https://play-lh.googleusercontent.com/a-/AOh14GhaKlvWE1j7expmWmHcQf772gFUnMiTrU6qBhjabQ,Excellent,5,0,7.16.11,2020-07-25 04:26:37,,
gp:AOqpTOEgR7nfKbRwoYziAyJSA2B_pcTuC_wBeSZ7YisA-JUhwGx8uY6IGlN8vfeyiEi_erk0l5mEefviMqS4C-I,123,https://play-lh.googleusercontent.com/a-/AOh14GiPi1uCk9el5nBsdrgBFSotW_oWSo_jxewRh8CiyQ,This app is a true blessing. I use it to study the word. Though i reccomendold bibles i likethis app.,5,0,7.16.11,2020-07-24 12:25:41,,
gp:AOqpTOFp6TzEUUH3alfKK21i2vJwJs1HXARrJTe_pm2v09gkNViBh0_K6HWgxmtIRjRn4Xcx-HPJ1U1SMnRyCoQ,Darin Dabbs,https://play-lh.googleusercontent.com/a-/AOh14GgdGa_hUBiUHwqksWeikkxEm69I9BAAAb5p6t0-,Love it,5,0,7.16.11,2020-07-03 09:40:25,,
gp:AOqpTOEt9ImeL2ac4l8WQ9QX67DjzofgIhErGjTNasiARoggCYaAR7g2FwGKIqp-VE4hr_3BMMnEThVFY-MmqZk,Wilder Ruiz,https://play-lh.googleusercontent.com/a-/AOh14Gj1qkMC3uXOmF5B3O5pV460pv3PkjCFQ9Q0rUGcwg,"Strong and cross reference are both underlined, its difficult to know which of the underlined words in each verse its strong and which one is cross reference. It would be great if the app works as the desktop app which when you touch the underlined text a nice pop-up window appears with the cross reference.",4,1,7.16.11,2020-06-16 01:53:28,,
gp:AOqpTOEYzN3aPhShYCP1hvJIrvz8EtDfJWstAmthdftiTugiFgt0YobzfjZvABVCSrbR9F57sR2L0NxOZZw8SGo,Bryan Hughes',https://play-lh.googleusercontent.com/-gwwbEd92-Aw/AAAAAAAAAAI/AAAAAAAAAAA/AMZuuclFnQyGt3rvsIEt397LyVnmmNYLCQ/photo.jpg,Core bible knowledge. Great version.,5,0,,2020-05-28 05:14:52,,
gp:AOqpTOHq9vFe_Wr_pUyeuEhEYIV1v94FdcqEg0Nt05X-NYuMxMSI4G3n-pXaNNg5I5Z0dKYSIVH3MJI9gkppZD0,Juanita R,https://play-lh.googleusercontent.com/a-/AOh14GjM9mWGV6-xAZPYNE-vvXXtlrz0OgbhZ5vpLC5uvw,"Complete Study Guide for Your Entire Family: Professional Detailed Review User Friendly Website, Variety of Features that Enhances your experience Love this App Allows for a Great Deal of Information and Advice 5 Stars!",5,0,7.16.11,2020-05-25 15:34:59,,
gp:AOqpTOGbRu_uPbnBpopSbnshs0rQJ4GtUvlFlouJ-dMaI0HsTb1JPSTUdaRfv7f5sNYXj4d2lbZCix1nWwzptUI,Ben Evridge,https://play-lh.googleusercontent.com/-lBRv0sylqfc/AAAAAAAAAAI/AAAAAAAAAAA/AMZuuclQO93cj42ehA68TWKrf3tl9LnKbw/photo.jpg,Very good and easy to use.,4,0,7.16.11,2020-05-12 19:53:08,,
gp:AOqpTOFYSUIheXKoIfWi0_nnWXgtgYfM2uRpYHzSM23wJi3ai2Fd0e5bHmoqV6daSRo-c0IXgFWFQ13FlC1p8mg,Dawn Wilkerson,https://play-lh.googleusercontent.com/a-/AOh14GgM-SrYS7o6bpX9JJYl_ujAWP8H7xuO-SbyojbQGQ,So far it is a wonderful experience.,5,0,7.16.11,2020-05-05 18:27:12,,
gp:AOqpTOEU6FJPHgX4ZjeGfMbql4PaE_AHI5E30WkwmevcA1e7rDJHF304cR6uUmMHgq0eez2fWePGrsWvIotyw74,Kenneth Causey,https://play-lh.googleusercontent.com/a-/AOh14GhXEj2FF_93vFKrxbscMTf9rn3QW3VT9JI8Hqdo,I love it,5,0,,2020-04-28 16:03:59,,
gp:AOqpTOGdm61tbVAGbTAHpclK0Bf1C0GD_9RCOj_lOs466q8HSNpUNNYYSkf0rxk__xCl5B89eM_Wo70XbcmcwFU,Ryan McLeary,https://play-lh.googleusercontent.com/a-/AOh14Ghn9O5-oJO1ElnFcB6EYRbgkTx3Mfgwm1wWwAJr,Very nice and easy to use. Love being able to hold any word down and get Strongs concordance definition that fast and easy. By far the best bible app so far. They want me to upgrade to different versions of the bible. I bought the one I want (kjv) and I assure you it's all I'll ever need. God bless you all!,5,11,7.16.5,2020-04-10 19:16:23,,
gp:AOqpTOG6Y05rm4O1w76hxzf3TUHpaWwlK_E9zs-bhjsy1h9ornhnPNQ4xJqaQED5aUSVz8ARCBtXQNsHlMldJS4,James Ard,https://play-lh.googleusercontent.com/-5AWrvVUm21g/AAAAAAAAAAI/AAAAAAAAAAA/AMZuucm8n-vVZV9qu0ddIlKRqUZUrpPwLg/photo.jpg,Great bible app I love it,5,0,7.16.11,2020-03-31 04:44:36,,
gp:AOqpTOHt1wIsoezFVHlOsUuvALRS5q3WtqsP-jIINIbxi8pWNjjPgIKd7tV6UUgxgQUrypWKATa-FuKtijLRfHg,Sathacha Santymire,https://play-lh.googleusercontent.com/-G8IrlUC-blw/AAAAAAAAAAI/AAAAAAAAAAA/AMZuucnB4DWrc89R-z0RvmptJQPH-SV2wg/photo.jpg,Great!,5,0,7.16.11,2020-03-22 16:06:30,,
gp:AOqpTOH6D7wwwsJ6U6SigMWDa7RU7lUD5coBFYKbmMFlmEOkl96sa-5oSfiXJ7xUQQalA75yUvuGe0VXL9piM4A,Freddy Sullivan,https://play-lh.googleusercontent.com/-enHtuADi9Pg/AAAAAAAAAAI/AAAAAAAAAAA/AMZuucloqJ0JHKjMcZcR7wQymKKnENHc5g/photo.jpg,Great Bible and resource to study from! Excellent!,5,2,7.16.11,2020-02-09 08:27:58,,
gp:AOqpTOEeol5a-0e96SMkk2Wj6XT4uJeBnN-dUMAf_XMWmnzDDW3Zceyomj6KB-mj2n26KV07vu1TCVsO9bsdfhI,Brian Hughes,https://play-lh.googleusercontent.com/a-/AOh14GiqrZkr3ncg_rv6f8QKNAoz0IHLNo1LrLlldZlZqQ,A great translation!!,5,0,7.16.11,2020-01-17 17:06:37,,
gp:AOqpTOFTHoRaHrLpICRgsuL023gZr5eJ6XWiyYhQ-uTFdDuyAXGfq9x4xojEiqEdqN2s49DLYd2Cw_orB9jVRIM,Soul Unbroken,https://play-lh.googleusercontent.com/-lmtWuD9nLk8/AAAAAAAAAAI/AAAAAAAAAAA/AMZuuck9jTdSVwlYuJd_bcVc5E_ARbvysQ/photo.jpg,I absolutely love it!,5,0,7.16.9,2019-12-30 06:56:31,,
gp:AOqpTOFq0Nqh3aBe3lbBqAxz_Aik4uLyqgiHGlSTQIyNFg5FiGdT1Em9Uq2GknAM8u4ZiFKl5KT566Ey5I808rU,Kevin Dixon,https://play-lh.googleusercontent.com/a-/AOh14GghlXKapOrgQfio6eJMMZXQhOOt0tO6C3vVCAAT,"So close to the perfect study bible. Just wish it had bookmarks, reading plans, and icons to show me when a map or something could help me understand the scripture I am reading. . I just got this app and do love and maybe i will figure a way to pull all this together with less effort. Thanks and God Bless!",4,3,7.16.9,2019-12-25 11:49:59,,
gp:AOqpTOGx48r11Nsb6Mbh-glRpW38ygqwq48g1JiZQC_1Afjlew6kKuwcbt9R9J-7_vp7m1HbapVJSc_gyGsOy9A,brian jenkins,https://play-lh.googleusercontent.com/a-/AOh14GhfRyqbkkKPCWrRmlLIbDhHQ7v9vK8eYoa-gq6mwg,This is a great app,5,0,7.16.9,2019-12-03 02:33:28,,
gp:AOqpTOFhnKWsne6xwH-wFwMtVrnCeCRhyhcghTSrPGnCAl0h9oP2mNws38CPzxXZTFwkWtHmndXQTfCsb0XDLrI,Justin Roffol,https://play-lh.googleusercontent.com/a-/AOh14GjJAqdcZAvtNa1riuYn_9vU2tIXwvj8EwvMwD0SRQ,"Very good app,very imformative,easy to use,highly recomended.",5,1,7.16.9,2019-11-27 11:41:00,,
gp:AOqpTOGDPWrFAibiXJ0hwp7hLEslhq91tNF8l5msJ1IgRQHbA6wBIpGGU5O5nKmXq4sK0-etQotHqGFmTi-KI2A,Kenneth Causey,https://play-lh.googleusercontent.com/a-/AOh14GjBMmvlNWvn6LPRej-3q3QvDxfsodHcMNm4KcCB,Love it,5,0,7.16.9,2019-10-25 14:12:13,,
gp:AOqpTOHyaGaRHYnVNJvXCtB6tilxNhRgTVBg7e3q8XsLYifgsgl9IGRtu-q2FE66Ou6kAcMKzfEHl-k1LdevER0,Cochise,https://play-lh.googleusercontent.com/a-/AOh14GhBkeMqZFUg1FCW6EhPCU4zGL5B7R0eq-teWVMZ6Q,good study Bible so far,3,0,7.16.9,2019-10-21 10:10:38,,
gp:AOqpTOH_w8szqigB0szQKVYSuCm9wJbeIsIexpg8EHj4D5Ulq8WFrGR83O9oiqOta7yjnrFOZz_1RqO-dhZK15s,Cat Mom,https://play-lh.googleusercontent.com/a-/AOh14GjymdwyHDwRouaW9knFtyc1JSS5LLB4Omw7cYLsbw,I love the KJV.,5,0,7.16.9,2019-10-06 16:57:56,,
gp:AOqpTOFjfqd9ToznDOEzBm1zvLHy_2lf1tFqUN74E7by-8iESNJURPqsQIFm-oOVHKCkcZ3gUwEU-YIGZ4G9-60,DJeRoXXX,https://play-lh.googleusercontent.com/a-/AOh14GinRGnzsZsbMo_4PSS04cYyoTm5DLMmvd9msYrlmw,Love it my go to bible app,5,0,7.16.9,2019-09-15 12:03:36,,
gp:AOqpTOFcTZy_V72dCdEHYZ3Ua-Y1tM2CmDhi_oRUOm2G_F6azEWyQrKWD6D595EOHIktS3Z6rZzuKbqOQil_IJA,Chris Hookins,https://play-lh.googleusercontent.com/-viFQsdx5aoc/AAAAAAAAAAI/AAAAAAAAAAA/AMZuucmvXxNLE4JglBB62yfHONFQUcka6Q/photo.jpg,Great App with lots of additional information and maps,5,1,7.16.5,2019-09-14 01:07:17,,
gp:AOqpTOHup7xnb8uUNSnERsR9K_lQq_OQgAW3e0yUBUBqNfGY8ORBJ8wmAH9T8Qzz-a_Fstt_OsrtDMwttr8IKmo,Paul Hollingsworth,https://play-lh.googleusercontent.com/-3qfQqS1zvsA/AAAAAAAAAAI/AAAAAAAAAAA/AMZuuclg9ig_KQQgUaopepec6apnwkkZ_A/photo.jpg,Really nice easy to use,5,0,7.16.5,2019-09-11 06:18:47,,
gp:AOqpTOHZ7z7eREvthJ_0dOpIMCaom2jtB2Dn3l55mfiT_gsNAPKbPXNzoraklmDb4YLKrvxiy9td8GYldvQQxVk,Terry Dales,https://play-lh.googleusercontent.com/-ASTQK9twvVQ/AAAAAAAAAAI/AAAAAAAAAAA/AMZuucmFT_wuveYN1v_S_ALTpncIJU1Mcg/photo.jpg,Best KJV bible app I've found,5,0,7.16.5,2019-09-10 16:47:46,,
gp:AOqpTOGnVUav-oAaCf3OzBkxNzYEK5sYAa43IRIk88nD0UAP26QPsefFVUbAL8WrPJH3MeneafLvAfjCd1dRjw0,Corey Paule,https://play-lh.googleusercontent.com/a-/AOh14GgtLS9GTHjuuBhpCf1ZK30oIp94CXOtJjahsDpJ,easy to use for those of us who are not tech savy,5,1,7.16.5,2019-08-18 07:40:28,,
gp:AOqpTOFdQWGL9_3Jq6KvwSc9NAreOyADakaj89fhfJuWQgicCen-azOuBr391QQ44V1SaljAz8DF7DXJTuE7UM0,Jason John Cruz,https://play-lh.googleusercontent.com/a-/AOh14GhSYBX0-1mtiLAxkjxIpxtpbsNozc6CyXt-IVV0C5c,Truly amazing I was looking for a Bible this more than meets my needs love the daily bible verse's,5,0,7.16.5,2019-08-15 16:20:19,,
gp:AOqpTOH2gysWapRyL5X6fGA-N1x6mtyfHLug-Gv6SFl7m0haioarJgTjq2ZfzBFmLc30BGi4pJYI7sEDUyGL54U,DeAnn D. Uehling,https://play-lh.googleusercontent.com/-GyW0VOtXHJY/AAAAAAAAAAI/AAAAAAAAAAA/AMZuucn3OOFqrzbDQJ3hAONj0q7T7CRzig/photo.jpg,This app has been a God send. I love the App and I would recommend this app to anyone...,5,0,7.16.5,2019-08-07 01:54:20,,
gp:AOqpTOFlmdUEDv2xSfcPnBZa76Ca8-rQUD4segafiNujhxpNzgE9hpE3WzPgmN6nlBSt-3PAQtNRoTP9KemW_ns,David Brown,https://play-lh.googleusercontent.com/a-/AOh14Gj-mjpoyalINXHYYnqJ_DHPCvrLHauq27s0qOmVVQ,wonderful way to learn to love our God,5,0,7.16.5,2019-08-06 05:10:14,,
gp:AOqpTOEX7qxq5rX6TCvSTnfnmzxJHZZ_0ddFB8Ezv36-cdvxqmOpjF7uXyDT-DFV7YKBl6mYYCMZG1N3LQQr4RE,Vidhaata Jeet,https://play-lh.googleusercontent.com/-hg1jIBUTtSI/AAAAAAAAAAI/AAAAAAAAAAA/AMZuucmn9FqlRUUvvBm0T3zUxVVA9wnnaQ/photo.jpg,Excellent App!,5,0,7.16.5,2019-07-28 19:20:12,,
gp:AOqpTOElZOvDozEireQ_8Kzf4tClMP5VMV80yZ-cxPrL3VG0aqfDD6Pnq_zr3NYXYJr6k00zJ1xqtu7e-VySFwI,Dan Wolfe,https://play-lh.googleusercontent.com/a-/AOh14GgZC7x14ueM0VW8UMQzfOBLOLOgzsBzCk9ZTsxd,love it,5,0,7.16.5,2019-07-20 19:22:15,,
gp:AOqpTOE01uMQfGWbnHQ1IEXviGsjciIiZb_3WZRqGBnyzoCBm_0EdR0fGxWSYJWma3uxDJPF-mqhZ1F_5YjwW1E,David Linder,https://play-lh.googleusercontent.com/-IjhZA8_F5iY/AAAAAAAAAAI/AAAAAAAAAAA/AMZuucn29r5aEhz9F0PlSK7tEMyOdzMKHg/photo.jpg,awesome,5,1,7.16.5,2019-07-05 10:43:12,,
gp:AOqpTOEi4jDHXhmhPf1Uyh9typ43zAEuf1kMwNCD1DGocn8LjgiZ2xXnARh1qcvg0JvabD1vl7Bn3Ybn9hO_4Zs,Bob Anderson,https://play-lh.googleusercontent.com/a-/AOh14GjLPWeVIyVbT5Uz16g7XaYrLHb0Is3hNIj5ldPUTQ,great study app.,5,1,7.16.5,2019-06-14 23:15:10,,
gp:AOqpTOGI-SEL1R2MGS1hfskY7ub9FvzXrD6kIPOpNFiiANlHXSGAzmmo08nGd5pwE3f0PtsYaQd_xNvoCb-PO-Y,David Kight,https://play-lh.googleusercontent.com/a-/AOh14GgD11dt72rdyjf_JkHc4cugzpGwUdI-xm3dzg_k,"Among the best Bible apps I've used, ranking up there with Sword. Very clean interface. Affordable.   Many content options to choose from.   I, personally, have it with Strongs Concordance, the Study Bible, and the Matthew Henry Commentary. I have all those resources in books, but it's nice to be able to access each of those resources at the touch of a button, instead of having to go grab my Matt Henry Bible, flip to the page, etc.  It's all easily accessible.  My only qualm, and would love to see this added, or at least added as an option the user can toggle: There is a SINGLE tab at the bottom for your content.  In my case, the study bible notes by default.  I can change that tab to take me to my Matt Henry commentary if I want, but I can't have both. So if I read study bible notes and want to see what Matt Henry's thoughts are, I have to goto settings and change it.  Then if I want to see my study bible notes, I have to go back to settings and change it back.  Seems unnecessary and tedious. I'd like the option to have 2 (or more) tabs, so I can access either at the touch of a tab, without having to goto settings each time.",4,8,7.16.5,2019-06-01 08:04:22,,
gp:AOqpTOE2mmzZUdU7dWfli9pGx54Xrd2ETSWAZ6NmelN4X8QWC6CXzDp08_RJJ1yJWKxvAu_jcDouUvI7bzFg8UQ,Michael Cope,https://play-lh.googleusercontent.com/-IM1Gd0auxvA/AAAAAAAAAAI/AAAAAAAAAAA/AMZuuckCUG8zGf5XaRKFLjNsfaq-haBHSg/photo.jpg,seems to be everythingi was looking for,5,1,7.16.5,2019-03-28 06:57:14,,
gp:AOqpTOFaynue4ZA1P208XjRMXqVuQYtI74UGORh6V3M9vlgakcFcxpXKdZ35fIRfshLPzoopruO6okUedXOvSj8,Stephen T. Gordon,https://play-lh.googleusercontent.com/a-/AOh14Ghv9KZKQJ328tqjJwLcVgCyhzuIsTHmV36VGFAqYA,excellent!,5,1,7.16.5,2019-03-13 17:16:28,,
gp:AOqpTOG707VinoQYcARXno-2IRxyV9UyjuL-w4aCzGRZQDXlxwgPSlUxqSOxQb8lb0jqg8HvCnQqIOcDn1J0QGg,Noah Ford,https://play-lh.googleusercontent.com/a-/AOh14Ghb0yDrcyHrXVGiJB_GPNVWDExLTB94Snuf5704_Q,Great app!!,5,1,7.16.5,2019-03-13 05:35:47,,
gp:AOqpTOHocRbalDJmEllKI3keIARgrdpiu9FVfCVyMe64Bmu83milQmYKAv53lliqxsizcTSUi8LziPJOGTeeTG8,Steve Aaron,https://play-lh.googleusercontent.com/-_oVNWHEsyus/AAAAAAAAAAI/AAAAAAAAAAA/AMZuucks6I5-Y7XKpix4GK4wwZcLJNKcQw/photo.jpg,Great Bible for study. Note taking is good but could be Improved by adding outline tools,5,5,7.16.5,2019-02-03 09:29:22,,
gp:AOqpTOFa4EXYxdmRtZOYLeutIk_ntApnKiBtYJ3SxTfbaZnUUG4dvIub0owQIgd3MOO3vaJ-eEowGH55LNqvZyE,Solomon Agaje,https://play-lh.googleusercontent.com/a-/AOh14Ggso1lp7ZGpwZf4dU6FvDghuKU3--Zw39vx6E3ESFQ,one of the best study Bible online.,5,0,7.16.3,2019-01-03 19:12:39,,
gp:AOqpTOGGJ7gK4fgfurjj2bHE93Gk5JXK2ZRU74fpr3MuD41YrTkuZ02al-tcFNUXqnKu4K1jhCpoet0redT-5Ek,Robert Naddei,https://play-lh.googleusercontent.com/a-/AOh14Gg1TPtvd0Bx0QuuMfNeIqeR_NJU1wXyyrjlr41_,Easy to use and navigate one of the better ones I have used.,4,0,7.16.1,2019-01-01 13:04:26,,
gp:AOqpTOHLccP-NfyRd4VhKfA18mQr7iGiEdk3NRnLSUTden_aKBCuvjouGYxOAODVY-HN8pXnxhtq8OTVoX-WHJ4,Ryan Wernig,https://play-lh.googleusercontent.com/a-/AOh14GjS60410DPSWqh0ql38y6vnRQK3iW1Q5adYG5lh9g,I love this app because I can bring it with me everywhere I go it helps me and I get to have my KJV with me and read.😀,5,5,7.16.1,2018-12-30 16:17:46,,
gp:AOqpTOHrAN07kWAegZh_KWMxL_uKqt7szJ6vpWusxaBk2XMBjS7rZaTEjhdaLlLmJWpna1GxMCHryNy4sfXKx64,Tiffany Douglas,https://play-lh.googleusercontent.com/a-/AOh14GijYoawaelCTq-W82LbUTeQLwV128ZJTwRWGBjZ,able to type in sermons based on scripture references.,4,0,7.15.8,2018-12-17 18:55:45,,
gp:AOqpTOEfxSa07HGdNHvvrYpaDBfKsdDwsoJ0cn1ywvI-8Zqy5rB3dau1v3tB0-I8shoLiLAlMvSGUB6lrxLAEH8,Stephen L Philip,https://play-lh.googleusercontent.com/a-/AOh14GjHUTd8kSvKcox0m82SA_5y9wCgW4jAMFdxj2wN2g,Awesome,5,2,7.15.5,2018-12-07 05:12:33,,
gp:AOqpTOHrPTY_zE-Ic7MMcpftsFt6NbrWJg51ze8qM-cFRmrRdVaPtokNbOzI4bBJgdqEPZqc91urVjEXj9fAcm0,Shawn Lewis,https://play-lh.googleusercontent.com/-bcv2_yQxmds/AAAAAAAAAAI/AAAAAAAAAAA/AMZuucnaYy4odjkQyjHFKf7ERk8dKdsvMA/photo.jpg,Awesome app,5,1,,2018-11-22 02:28:33,,
gp:AOqpTOEuzHMjmPopIESbHASQ85-LT7EA2-P_rMU2HL1wfJh7bE-sNV9Ereu_iR2wcQ1B_6D1gycr-17musnxqjo,Ebenezer Tetteh,https://play-lh.googleusercontent.com/a-/AOh14Gh8ZAghRKzWJSEQVEK67-CkV-zve25teF05JrBF,Very good and outstanding Bible APP,5,0,7.15.3,2018-11-04 22:11:00,,
gp:AOqpTOHgc_i3DBINjcx0WyRORRJgclFliTZySoqnytORQOZeE_TBU-Qx7qbhRAiXdce_Kwgtf3SeyQJ1fYPq4Qg,A Google user,https://play-lh.googleusercontent.com/EGemoI2NTXmTsBVtJqk8jxF9rh8ApRWfsIMQSt2uE4OcpQqbFu7f7NbTK05lx80nuSijCz7sc3a277R67g,"This app let's you click and see the Greek and Hebrew defined meaning right 
on the verse using a concordance dictionary. It also let you look up the 
definition in the language of today which is sometimes a completely 
different meaning. So that helps me to be able to rightly understand what 
the true meaning of the words are saying because it's not the same today. 
So I get a more accurate information on what I am reading and that gives 
the true knowledge and understanding of the message of the time it was 
written. It also pulls up all the cross reference verses so I can read them 
to get a better understanding of the scripture. I can also save the verse, 
make notes on the verse and highlight. I just love this app. Last it has 
daily verses and devotionals that I can read to start my day in the word 
God! Thank you for making everything I needed to be able to study correctly 
and accurately! To be able to rightly divide the Word of God!",5,3,7.12.4,2018-08-21 04:57:18,,
gp:AOqpTOF2dVZ6gNAX80powWSJlk1EMECfej-VKeUlgypqpRFj-hG8X_FeRvdqsDOp-xiaFNiRyv7768WzvagbFp4,Pam Myers,https://play-lh.googleusercontent.com/a-/AOh14GgTexFbzjcAN1N5NXQioVCPT3V5chjLmd_rwzrFFC0,Fabulous love it,5,0,7.12,2018-04-24 16:01:26,,
gp:AOqpTOG0IfnTK4WxSJfahCsfo1AYllZ2KE7aQ8cz84k_wRxW9wU9vfTUU4ciGdLEXipZ4T82uUgvI5OrUV9UGRY,S Kir,https://play-lh.googleusercontent.com/-fLNGPSJzp3k/AAAAAAAAAAI/AAAAAAAAAAA/AMZuucmF5g7wUZCBTYSiaT5UO_xPyvJl_Q/photo.jpg,"The navigation takes some getting used to but the lack of oft-times 
inappropriate ads in free versions makes it worth the price and I love the 
study aids.",5,0,7.12,2018-04-20 05:40:32,,
gp:AOqpTOG5jA0w6XJN-QYOYI7c26Of1gL7BC-PxcyMv7pUe7iSbAk2wwOz8ounPrpLvqUSDyICK2wsrjtUYv1MIps,Tracy Kelley,https://play-lh.googleusercontent.com/a-/AOh14Gi7HQuPbgs72mcYiPrS-3X6Y_k1Gx_iEo0ScKI07Q,Love this!,5,0,7.12,2018-04-15 11:14:28,,
gp:AOqpTOGVjZ6KYFzRsfL2CNHcc-E1X8eI7iiJ0H638K8Y95tPRnTcGXdKbF0znQbtALGACYVTBW50_KlZ8N8KrZg,A Google user,https://play-lh.googleusercontent.com/EGemoI2NTXmTsBVtJqk8jxF9rh8ApRWfsIMQSt2uE4OcpQqbFu7f7NbTK05lx80nuSijCz7sc3a277R67g,"I really enjoy this app.  I appreciate that it is the official, original KJV.  The side commentaries have really helped my understanding of the verses  and has helped me gain tremendous insight  and new perspective of God's word.  Thank you for making this available.",5,0,7.11.5,2018-04-11 10:13:22,,
gp:AOqpTOFn-FnIb2IBjroiei5NeFgepV08EUKqIclgfHQUVNB3xx1XHlPTd8t3uCKN8xruH7c9BU28ucVqxBEUDuE,Scott Kesner,https://play-lh.googleusercontent.com/a-/AOh14GgEkqO17i5ac7EvSBM1Ve8auMfLFoqzdrr5i2lXjA,It would be 5 star but if you try to look up 's word or partial verse it can't find it,4,2,7.12,2018-03-30 05:32:00,,
gp:AOqpTOGu0HhjTcMd8fPEe85v8qqb0lPIFcb2C5S8pbyepyx48VWNq3HoL5ruq5sAnREdBfMWj_Y1ckIJTkRgSLA,BackCountry Blazer,https://play-lh.googleusercontent.com/a-/AOh14GivfUiTLfqauBaqMw_t9_FXCxPjiIyHqBEyHONme7M,This is a Great Study Bible. We Read and Study from The King James Version Bible Only. We Highly Recommend The King James Version of This Study Bible and The Strongs Concordance With Greek And Hebrew.,5,4,7.12,2018-03-25 17:13:21,,
gp:AOqpTOHD9hVL7XLY6cqhlrKaxqKoTpi3wPlpV4ARuzmRwYkucRqrpoPzkCh4eFccBGL5NEoneqd8b0r3FC8PxvY,R,https://play-lh.googleusercontent.com/a-/AOh14GgP65-Uiy-ffYDw9WBj5KhQTASOz0CQuuiac4sw4Q,It is the Holy Bible KJV and it has all the needed content to help study the good book better,5,0,7.11.5,2018-02-07 13:34:15,,
gp:AOqpTOErJbPFmOrZQHEDLgIBspqhL42gKQsBuRq4ZzD9mkhoMhxk0HdPpH7YyNtr_Imlomv0bKclRpp9GHJ5l1M,A Google user,https://play-lh.googleusercontent.com/EGemoI2NTXmTsBVtJqk8jxF9rh8ApRWfsIMQSt2uE4OcpQqbFu7f7NbTK05lx80nuSijCz7sc3a277R67g,Fantastic!,5,0,7.11.5,2018-01-26 19:58:40,,
gp:AOqpTOGuqsRtaIhbEREPla6aSJFBZ_HiQ6dmlab8wdBc399QhHRAFlL5-SqvqTNh3oid3brGjVDcZT2WjYvVc8I,THE LAMB'S GARDEN MINISTRIES,https://play-lh.googleusercontent.com/a-/AOh14GjcTGQHe1m3NMdLfazVWz9lSiEbvL3EBsQISvUXibA,I love this Bible at home and now I have it on my phone.. A+ APP,5,2,7.11.5,2017-12-30 16:34:01,,
gp:AOqpTOFycIzT2eu10SnXndFTuB9q-vzwV75FCgNqdnAkJE_XzUcWmZQ7hOe0sSoqBBLk7QCc86B4sffu5zhoSRE,StrongMan Matt,https://play-lh.googleusercontent.com/-BN1WqKtxVxg/AAAAAAAAAAI/AAAAAAAAAAA/AMZuucn3q2-UqC4PD4n1pKtIscBjRDppEA/photo.jpg,get it,5,1,7.11.5,2017-12-25 02:17:40,,
gp:AOqpTOEmz7zbyBilcEtwRQzBoOXU1KY-46vRSIi79lN09E4haSAXsKGtlBCl0cDg1k7mZ3_ROTvQKzpw9VFbrvQ,Romando Bright,https://play-lh.googleusercontent.com/-DaS7HWmtjRU/AAAAAAAAAAI/AAAAAAAAAAA/AMZuucm7tupIkZ_5U_75zN8Ug1c6W5A7xg/photo.jpg,After research I decided on this app.,5,2,7.11.5,2017-12-04 18:31:43,,
gp:AOqpTOHvLeOK1RkJSZmC2PHc80x8wkbTnjXOMf-nVA8CmuS9Mf-yIm-7RWf7LSTyZoRV7SBVCp_f-QvK4g8zRaw,Vernon Baumgartner,https://play-lh.googleusercontent.com/-AZ5OTNS3rlk/AAAAAAAAAAI/AAAAAAAAAAA/AMZuuckOqCrDyNsUgOizdmfB5wjmmsOePQ/photo.jpg,Like color illustrations and study helps. Also other available add on bibles . So far satisfied,4,0,7.11.5,2017-12-04 11:09:27,,
gp:AOqpTOGL8wZJ33Wfokc8Qay98gCFGDpcGh2_5LlkPxOQcfrofsCCXHVOZ3iYO1gNIie62UOcqeRbA59Eir_EtlQ,A Google user,https://play-lh.googleusercontent.com/EGemoI2NTXmTsBVtJqk8jxF9rh8ApRWfsIMQSt2uE4OcpQqbFu7f7NbTK05lx80nuSijCz7sc3a277R67g,"I love this app, my feason for not giving it all 5 stars is that the app has removed the secion headers that are in the print addition. Yes I know the section headers are man's addition, but it does help out with topic changes. Have an option to have them in, and 5 stars.",4,4,7.11.2,2017-07-05 09:25:54,,
gp:AOqpTOH5h6PsRWkHeXd1JI_QA8vPJQTlKtUYY_xiDLSYhYmhtb_J1ZHkipJ9EOZc0WaFCv-Dx9N9v62R6hqyMTU,A Google user,https://play-lh.googleusercontent.com/EGemoI2NTXmTsBVtJqk8jxF9rh8ApRWfsIMQSt2uE4OcpQqbFu7f7NbTK05lx80nuSijCz7sc3a277R67g,I just love this bible it's much easier to understand.,5,0,7.11.1,2017-07-01 13:34:46,,
gp:AOqpTOFKpk-PkXirE8x8BnLgHqHLagScmRRzIevbarA5Xq2QwLHT4K4tdLKN66jO7LN1TLdfMyx_qfOKnir8TMo,Elaine Fourie,https://play-lh.googleusercontent.com/a-/AOh14GizM2A89iQXCUh18FFJux5-rKck5pXq6q-PLTsGWQ,"Love this app so much!  Is exactly what I was looking for. Able to make notes, highlight, bookmark, copy and paste easily, search keywords. This is a great app to study God's word.  I also like how you can switch the background to black and have the words in white...it is easier on the eyes for me who work on a computer all day.",5,0,7.11,2017-05-30 03:33:51,,
gp:AOqpTOGJwlSCZRtxldRbZNf4ZyTYzsgO0wPVhW9KQvOThBCtd-u7llmMq0Al-7ji8xl5W1uoIjfkqxapsCD6C7w,Kevin Garrett,https://play-lh.googleusercontent.com/a-/AOh14Gg2KZfkD31g55LVljCk1yNIsHl4-15SZNRsk3ZM3g,Love this app! Tremendous resources available!,5,0,7.11,2017-05-02 07:28:31,,
gp:AOqpTOGN9gELxUil80zankeIET1cnJLOXriDkGT4y5FhKV9oFfMESMuuaC-nkGDy0_V29Bgg2mKbLzaXDJxwwiM,pine straw,https://play-lh.googleusercontent.com/-VYWwYKC_Pn0/AAAAAAAAAAI/AAAAAAAAAAA/AMZuucluj7bc3iM_pyixLKym7qeWmN_jGw/photo.jpg,Amazing study Bible!!!,5,2,7.11,2017-04-07 07:05:06,,
gp:AOqpTOGUMABHTVp6FnTeqUktzBOT3FWCOS2Kx-EyShGdzp0To4GOiyqsDWJmweV8SgHqn-Zi-LFRrdm1-qAJw-0,Denise Renee' Smith,https://play-lh.googleusercontent.com/a-/AOh14GhEeAz7IFsnwMji0L3SSTYI1D1yb30qB3vfK5p_hQ,This study Bible is awesome!,5,0,7.10.8,2017-03-07 08:57:54,,
gp:AOqpTOGHcKRnAe67DyZekl5QRpj7IRGlXC8X1_z3XCh9HcXGNuObyVYlCJLcSoFTfRFEFuetfxxsFBvO4H-DbmM,Mike Worf,https://play-lh.googleusercontent.com/a-/AOh14GikJ9TJYUeNMTqowtEcRGqPQHTMlkfgBgn7XpJNCw,Love this app! It is just like our paper Holman KJV study Bibles. It's perfect for when you're traveling or out and don't want to lug around your big study Bible.,5,0,7.10.7,2017-01-25 11:21:03,,
gp:AOqpTOG2DS8XVuN80XdAL9y3wflI1z_7kDbqwnMUrBowGUDYertE2Mo9dLb94ZK4V7U_TBxiafvxXN6xhpnG5HY,Doug Switzer,https://play-lh.googleusercontent.com/-Zthr0LhsHP8/AAAAAAAAAAI/AAAAAAAAAAA/AMZuucnB7ou6hfRH-u_-DzvTRxMcizbNXg/photo.jpg,It helps you understand scripture better and the maps and pictures helps to visualize. With the other translations you can compare. Along with note taking. Love it.,5,0,7.10.6,2016-11-12 04:42:20,,
gp:AOqpTOGFxZVycEvfbdKZyBYu92JYO0lYWGk8FdKXil_5wwBbeYmY_PkkumXu-QDGUKdnhgwidvgKn5i3VXBWuAA,Bradley Davis,https://play-lh.googleusercontent.com/a-/AOh14GgXJm86znr8RGBL0w-birWVLPVHlrZrm_6YY4fa,"This is my favorite KJV Study Bible, and having a version of it in my pocket with all notes and other resources from the printed edition at an affordable price is awesome.",5,0,7.10.6,2016-11-08 12:26:29,,
gp:AOqpTOFL8UUTtGVZioXpWkR1_xzSOMD9ZQiN1qFEGAM4N218ZilmYxs_muPthKUFzZn9jhf3yf3BvqvceCFaUpE,Charles Hammond,https://play-lh.googleusercontent.com/-iUSazyFj0Fk/AAAAAAAAAAI/AAAAAAAAAAA/AMZuucn7ZY-3Wytb9nbjVJTh44nsWiRu4A/photo.jpg,Great App! The commentaries are very useful and very good. Great study bible.,5,0,7.10,2016-10-04 07:50:15,,
gp:AOqpTOFedQAy5KvH6wup0XxMEfW5d2bWJkxxOraxCkMXSiCTl3TKn_fAKbpSK4i4edISP8v_Q7z84MCdBUULUHo,Donnie Green,https://play-lh.googleusercontent.com/a-/AOh14GjrHe9z4beaFQck-qZzAfY1Schixea62P84KZYL,Useful and simple,5,0,7.8,2016-08-24 18:41:13,,
gp:AOqpTOGLRQY-8VPOmIS920G_ntzLrqueLLUukqz-TLBNJYC73GtC_pxtutrM51jCwPraPhEn5Ts68zS-_pKjiW0,Steven Austen,https://play-lh.googleusercontent.com/-7uanUKdQeKM/AAAAAAAAAAI/AAAAAAAAAAA/AMZuucmNVMEM6dQO7FxNCx-fi-U7uF1Rkg/photo.jpg,All good,5,0,,2016-04-17 04:51:25,,
gp:AOqpTOFzeh3u9XbDUNoUF6-w6wBc6wKEGktxeoJLBaOuc9pu-c7KdLtU_jqUzxQOnuhqE52cvfAV2yYX1-kGlKI,Gordon Yurk,https://play-lh.googleusercontent.com/a-/AOh14GgDHDQ2tUjbrpVVMSKGVkEf6TFeE0UrCfW_jxFz9g,I have all the major pay Bible apps. This is the best inclusive one that goes beyond the resources listed,5,6,7.6,2016-02-24 17:10:27,,
gp:AOqpTOHqWSSi5X6lhodpXJWKzLqMezxf0dVqVgUOm0BvZhPFHH4ReOR5HUezjQd34KFYEgoNokBX2yW0ukRn_zM,Ano Nymous,https://play-lh.googleusercontent.com/a-/AOh14GiObgnBGsjyICeILmmUQRIol6I779_w5FsVYhlF,I really like the word reference/dictionary and how quick and easy it is to find bible versus,5,3,7.6,2016-02-09 10:19:11,,
