reviewId,userName,userImage,content,score,thumbsUpCount,reviewCreatedVersion,at,replyContent,repliedAt
gp:AOqpTOEt49RYNb-deRFB6Yd0GeR5nfbSBUq_whjL6mIJUgY4LejdotxnpYsaLTr_qGSVngIOm9bAJHrdsN6h90o,Kari Shallow,https://play-lh.googleusercontent.com/-JQoOvvEnnFQ/AAAAAAAAAAI/AAAAAAAAAAA/AMZuucmGgDBNC-e4eMVAA8UIBcUAvd_nKQ/photo.jpg,"I've been unable to play my app for a couple of days, and it was buggy before. I'm unable to use the app since I can't retrieve games or start any new ones.",1,0,1.4.1,2021-01-11 15:47:16,,
gp:AOqpTOH4d1w-o4ecWbnK1KIwZSNfMi4R2fjqooLV0y6YU5N4yLnzE3K_OW19d1qOL-njmfzZwVfq15KxZBrpWOc,Zachary Pickel,https://play-lh.googleusercontent.com/a-/AOh14GhSyCaY-AP2QVe0vRCR2Yi3aBieM7D2jU2931YBzg,Lightweight dice chucker,5,0,1.4.1,2020-09-26 10:28:08,,
gp:AOqpTOFjOPVTPW3VEJ3qARuxOl7Nh3wBhmSlXJupeqmugEQWZtznMpErYO7u9tPopZXl6R1kjxeFMW-IBFfMSiM,Andrew Thomas,https://play-lh.googleusercontent.com/a-/AOh14GinYKJQnPSjyia0ZbyvWKvNzip7X2jLg-YAqwt96g,Good quick game that's easy and fun to kill a few minutes,5,0,1.4.1,2020-08-03 14:15:36,,
gp:AOqpTOGhx18__SbDGF89bqBIlzwcLzheV1tcQLf9sEVbfjnhBBEm1HSsnFViB-t_xTogxfhUThCJb4wqbXuFfpE,marquonuk,https://play-lh.googleusercontent.com/a-/AOh14GgO-Sa8tzdE6StlDJQgWntC24iVKZITCZgvEIEG,Good game,4,0,1.4.1,2020-06-13 09:29:37,,
gp:AOqpTOGgGd8FfZE1KdLJJeD4yctLbF12_8yCx4RhILULmg5j5FwQTOo0CIZWWwbq45a3Ss64Ie4beH_vdnQ-ZGM,Thomas,https://play-lh.googleusercontent.com/-hBlB17RWZTs/AAAAAAAAAAI/AAAAAAAAAAA/AMZuuckcfxm_mVH8LHXMogI2FJvZFhgNzA/photo.jpg,"The game seems fun, but the AI looks to be unbeatable.",2,1,1.4.1,2020-06-01 18:47:58,,
gp:AOqpTOEbSbP33KicCi1ZFeH4D-BSRB4qIrPxLw27QAdleT95m9bcHigeb9qz9rF60q4oswtEZZFerUTRcshNL3c,Mark Angus,https://play-lh.googleusercontent.com/a-/AOh14GiOi3XRHeb2ecLWS1hY3JYz6JxMTRgBVfrKc8dxCg,Fun distraction,4,0,1.4.1,2020-05-03 12:43:10,,
gp:AOqpTOEC7F1mRAK8jcSgC-W5nU0E5Aye5pi-mKGG6WnL6Or9oXhOv8svwIfxo_RHqdAvU12GdEWsglR1mrwbJb4,Melissa Johnson,https://play-lh.googleusercontent.com/-gI63kEF98LY/AAAAAAAAAAI/AAAAAAAAAAA/AMZuuckfLOoKT4LiuyE-ooTHhZapWLS9sA/photo.jpg,"Meh too many bugs. Freezes, not user friendly.",2,0,1.4.1,2020-04-26 17:17:25,,
gp:AOqpTOHwiM6EvTe2Y4w_ZmtY6QGTAV1ZdYv_U0mO5wzeqZyLE3d8b9KnlwtpjilGyzLo5zmp5qFe-9B297q7i_U,Ben Haskett,https://play-lh.googleusercontent.com/a-/AOh14GjwQ7AfeNa0rR7om0UWf7o_vbAks4Jpqmir3Ur3,A whole lotta fun!,5,0,1.4.1,2020-04-09 17:13:09,,
gp:AOqpTOEtX7PUvqMJQvJRWN35T5m6cu9ArBedpxiAOAhB-kdhFn0SmCaYBhw2TVHYauQgEN4jzk-FMGDr66bvj2M,Larry Marshall,https://play-lh.googleusercontent.com/-3Mh1tt1DPok/AAAAAAAAAAI/AAAAAAAAAAA/AMZuuckf7-QMwu1gF3_J4jJJp6QBurTrJQ/photo.jpg,Fun and fast game,5,0,1.4.1,2020-03-28 13:50:13,,
gp:AOqpTOEvjUrZSaG-tTZeq_mNsswJxLGZOqP96x2Hrj2zefl7rui1PUI8nh7gymVBupUfuwUkGoVd8mCMfjO-Jj8,Jamie Bear,https://play-lh.googleusercontent.com/-AnGLGFmZ-q8/AAAAAAAAAAI/AAAAAAAAAAA/AMZuucnLYkzO8e9vJDssXy5uyI7OWk1qeg/photo.jpg,Positively addictive!!!,5,0,1.4.1,2020-03-23 17:45:01,,
gp:AOqpTOEjvAGrACR62GB2TlH54fQyN-PjGyeAv88Hbf4hFacHk5rMWi_fi7ikAKA5kV8ln5FbueKnEwn29_KU7u8,Logan Kunz,https://play-lh.googleusercontent.com/a-/AOh14Gizylg9HD1kZWQzat1gsb5zoUvz6sjPcY2SRbs-BQ,"Do not buy the extra dice. Fun game, but the extra content is a waste.",4,0,1.4.1,2020-03-23 00:11:04,,
gp:AOqpTOHwsDlpqPQxP4xvBEudOTA2huklb572uCPK4aiC-Cs_S_0-ej6feeaVTcKYI-qqH-mgedCP1L6IUeHjZ9w,Holly LEE,https://play-lh.googleusercontent.com/-L6SQdO8TrTs/AAAAAAAAAAI/AAAAAAAAAAA/AMZuucm1tqDfZlgJZh1gqjUcB0aUth3doQ/photo.jpg,Okay app. Not the MOST user friendly. Definitely need to add a way to leave a game,3,0,1.4.1,2020-02-19 20:02:06,,
gp:AOqpTOFL3JbyKYYncxAZMI1Zh9qq7DcXXrjyzNgefsRvYh87FmHrJyM1GQovVwqvi60UH_-A3fnbPoJYZyBlMEI,Kyle Rainnie,https://play-lh.googleusercontent.com/a-/AOh14GimWoPuCpoWeO-R7uze_AIpieTZinCwjrY9n9XRl9A,Great game. The kids and I really enjoy playing it together. Easy to pick up and anyone can play,4,0,1.4.1,2020-02-09 12:19:19,,
gp:AOqpTOHeHLd800Ap14cV_t5V8JBUfkSZ9Qdn926XLqVdNQ5WSBjlCd361IA0nk_dJIb2i-JR-vrWpLRtVgTckfg,Aaron Weiss,https://play-lh.googleusercontent.com/a-/AOh14GjSj0NTHKDwFrQ2IWNB_QLahZ-3o5fqBMF8Nv6cJGQ,"Just like Tsuro, the design here is a masterclass in how to make a board game adaptation with minimal UI. Well done.",5,2,1.4.1,2020-02-08 12:10:20,,
gp:AOqpTOFJAJbTLflTJcbqoeQXdcvp8v_d-bZg4nmWSyxKVo7yEDM2DHbV00P9COzPntbzcxUtq5Kk5RwnQyYD1uo,Jims Bryden,https://play-lh.googleusercontent.com/a-/AOh14GiYzTQ2w6ZLFhdPjvU8nSwkbTCA2mRxzy3mgtc2RQ,Great game,5,0,1.4.1,2020-01-29 22:16:50,,
gp:AOqpTOGNYcIQcBMT5KVpgrBo_O3ybe1_dEpu_k-X-OqnnrqJ8kCB_Y2V7fSUPs09wXrxuVQQngLZRRUGuTeJt5U,Redux,https://play-lh.googleusercontent.com/-U1seXCzllGs/AAAAAAAAAAI/AAAAAAAAAAA/AMZuucmKLj1zuG3d6BKmpvj0MW-zO4F5Xw/photo.jpg,"Had issues with multiplayer, dev refunded.",3,0,1.4.1,2019-12-22 12:22:01,,
gp:AOqpTOGq73KYMJGSOcfvkuq6v0_7w78rSyQkXWN7OyuaDSeyTl65TD118p39cUW82xaOv30P-cPcQE3P2TGjVIo,Valerie Bahr,https://play-lh.googleusercontent.com/-l3EcLu1uxes/AAAAAAAAAAI/AAAAAAAAAAA/AMZuuck3OxLEiu7VQfGJYtf4WsMmxFHXVQ/photo.jpg,"This is a great game for playing while waiting, whether the wait is in line or at a restaurant.",5,1,1.4.1,2019-12-07 07:04:23,,
gp:AOqpTOERCaP-I5TKsTueHjZ65I72qLe3kI2v3_97Uojku-vS6N0f0pR32gIEBsiwtr680R2bQAvfmx4J3Wf8vvU,Martin Eagle,https://play-lh.googleusercontent.com/a-/AOh14Ggi0EJgztlo-dbOiKrk_g1W06nAiZPbc_xxeGXnmg,"Simple, pointless, frustrating game. Doesn't give all the Google Play rewards. Contacted dev twice but he never replied, so he gets a bad review here!!",2,1,1.4.1,2019-11-24 10:09:16,,
gp:AOqpTOF0w0WqRBZYOHQSbhPqxKx7yJgV9i1lL_gKoYp5pBGeCuR6Sd0P24pAt5EF6qffvlYZOhrpLPN0CR3kCDs,Briana Clark,https://play-lh.googleusercontent.com/a-/AOh14GhLvWFbSpX6zzACxLlem1QbJvyPMBfiamyCzjS_dRY,"I never downloaded this. I purchased Cashflow and added it to my family library, but when I tried to re-download it, this game is somehow in my apps list and Play store wants to charge me for Cashflow. Very disappointing.",1,1,,2019-11-16 15:34:07,,
gp:AOqpTOE2Ga1pRiI1SRxGRI6fHAj8n3PU6mX1aS2NluscNeAuTlckble7MgxSJeSxWT4a1wrkqwKkcxpt_QqSGrE,Sam Grooms,https://play-lh.googleusercontent.com/a-/AOh14GiYyLQn83eeJKXSz-8Z6pQYmmn2oZMESpgXcc6iDRw,I wish I could stop the animation and make it more 2D. A skip not rolls options would be nice. I don't care watching them roll. Speed up the gameplay.,4,1,1.4.1,2019-09-17 10:54:18,,
gp:AOqpTOG9GPdXjzYq7Xge8xJrvabpDklnREXe0qs7WSvYFogTH-XiEWWbuK6B8oHwF9aOjCl2KxKityB9c1B09pg,Stephanie Gee,https://play-lh.googleusercontent.com/a-/AOh14Gge0c519zsa_O2lrw8fUXdxWGnioQhH7ITaqfIPCw,I love finding app versions of my favorite games.,5,0,1.4.1,2019-08-12 19:43:34,,
gp:AOqpTOGgNBhro7ncjR6yd0yucCpg7dm692AA-tExu6z21Sl2IefU3f4YrQSSf5UYeszAo1KPS1GGMWYve7oWPdE,Ross Daly,https://play-lh.googleusercontent.com/a-/AOh14GgGjMLxFHdG8BPGGlT-jBneP0NjV-_--sViOf1D,AI keeps crashing. After a couple of turns when it's the AI's turn it freezes.,1,0,1.4.1,2019-08-09 14:05:15,,
gp:AOqpTOH2kcccoXVcpEyfMG-zINcisl-_5R0U69wnLlzeupbS-CXo5XLRFQUSg0UjEbAbCCHtC1070jyC-XKGT4A,Eric F. Schetley,https://play-lh.googleusercontent.com/a-/AOh14GjHEhGs5KvwBX4llfWYz3-GTR4CxfcQKg6Kurb9zw,Fun!,5,0,1.4.1,2019-08-07 16:33:47,,
gp:AOqpTOEIUuoC6dpICbnLkTarNrj_S7xH5BiXkwXoflH_3v4uwbjQv81mdAPRYzYymhZV5yJssu_xgzcovVwJhNE,Julie Schetley,https://play-lh.googleusercontent.com/-J6eVNJMDsno/AAAAAAAAAAI/AAAAAAAAAAA/AMZuuck4yWjJMOLIqjuSGDJAWFBqZBY2zA/photo.jpg,going to buy the deluxe version!!,5,0,1.4.1,2019-08-06 18:07:47,,
gp:AOqpTOGwlbOLYkyduwu48SY7TROSCsPbdCycOQLwTgps7qwc4-IphtotFNFeBMRc5P9e1Jo_mQGEXsy1eQYFdE0,Andrew Hardy,https://play-lh.googleusercontent.com/a-/AOh14GgGrUjiwhoBgRedFOGvGuAfvG5o9LmRKV1wvncO,"They need to make it so the person has to do their turn right away. After you do your turn the person can take DAYS to do their turn... Why would I want to start up 20 games, hoping I will find one person that will do their turn at a reasonable time. Just make people play until the game is finished with a 1 minute timer or something. I have multiple unfinished games now. What's the point?",1,6,1.4.1,2019-08-06 06:20:38,,
gp:AOqpTOE-Qu5sixIA1TROEU0S5FJOSI6mRRDDjlpEe7Job-7EhonYr-eincZeHglp2piEXU1GLBB44-CHN4pk6d0,Julie,https://play-lh.googleusercontent.com/a-/AOh14GhMW_jZl_8TpRPWB_4DNAT5fnyLi82ftB0Z9K0l,"Really enjoy playing this, love that I can now trigger dice with a tap or a slide. Great game!",5,0,1.4.1,2019-08-05 08:40:24,,
gp:AOqpTOGCW0ofbLCcWOW5LmZFTE95z1BZiEyXaHaUpOKMj2gqYXxvtyp_MMA6JldS_Qwh0lPwNHFIBNbmmGXaVXY,Greg Pedersen,https://play-lh.googleusercontent.com/a-/AOh14Gj3L3meao06H2VRNCfb2VU9pU-iza0fHkpf-__Urw,Fun quick game. Excellent graphics and audio. Multi-player is well implemented with a nice UI.,5,0,1.4.1,2019-06-30 06:21:00,,
gp:AOqpTOFL_J0S9eKLAUtroS3iUVJXjf5J-67o6vqzzOsK7aC1cE4hPxY5TZhPtOa9yrbl5hKTLjw0hz3URU01_p8,Sam Scott,https://play-lh.googleusercontent.com/-uIXf9A463oE/AAAAAAAAAAI/AAAAAAAAAAA/AMZuucmJ7H6zKyaqZ0sdDuvYg2Cs2r3rNQ/photo.jpg,"Great game, simple to learn, tricky to master, yet totally worth it!",5,0,1.4.1,2019-06-20 18:19:38,,
gp:AOqpTOFHDJKtJPDQme3owX3-fBQCGKSTJMCEstORL9442gU2kur_8aDjP4AfCCT3cXsAf0tAQ-M51RX5LECZyYo,sam wilson,https://play-lh.googleusercontent.com/a-/AOh14GgbIvIVKHmGp0t4-dbHKcaDwwUTz3oRhcAlOgEQDw,can't seem to play with people and bots together. also i have a 2 player have in progress where the cards showing up on our phones are different from each other. we can't seem to clear that game,3,0,1.4.1,2019-06-19 03:36:11,,
gp:AOqpTOFzpPIkiitZpiGy-CFvmxwWDJ_Faztjh6nkSqu21aItCFjH5eP6ktrUGMPZ5yXtX8zGKi0xTVIyOpi2FRQ,Karl Pajak,https://play-lh.googleusercontent.com/a-/AOh14GgI6Jlc4j_fjuxARlkwRcnbIrjzOMyrEcazEaU3-w,Awesome game!,5,0,1.4.1,2019-06-14 22:06:47,,
gp:AOqpTOH3ruk9oNEcqyUKnL-g3skSKD-7b496IepkDdDwbKnR70tgneWt2OYY9X56VGhbW-Tf17HmDCfafBrjfeA,Vegar Jenssen,https://play-lh.googleusercontent.com/-iTwy7qalY4Q/AAAAAAAAAAI/AAAAAAAAAAA/AMZuucmXL36Tl2niI8j6yICNKEk2ehda3A/photo.jpg,awsome like the real dicegamr,5,0,1.4.1,2019-06-12 15:54:29,,
gp:AOqpTOFM8nB_Z3ZtA4kjK4wpRdqetHi3TNIPCsqJt8a9ZU85G3fbF6LIUveRr30udbI5rCuHgrEKF4GWeeW01N8,Marie Romani,https://play-lh.googleusercontent.com/a-/AOh14Gg81uHG7nOa58rjNYSz5x7_pG1exgGm-snahhfhhYw,This game is fun. just hate when it changes orientation by itself,4,0,1.4.1,2019-06-08 06:08:03,,
gp:AOqpTOEU_dkLoB-bv_fp_NR64P95Ccy0Ev5vGwa7-B_Y1gIF71patBZLZPnzvLGgddmtuGOhHLul-Hw4yZJK6d8,Ralph Tricoche,https://play-lh.googleusercontent.com/a-/AOh14GiWs-_eOPBKzvq1Nb1xsXhETHRMICzwf12YRVL9,one of my favorite light board games. I carry it wherever I go and teach it to my non-gaming friends. Now I take it on the go. Awesome!,5,1,1.4.1,2019-06-05 15:34:41,,
gp:AOqpTOGnu5YwqkdzHcbfmMg8Q6npMdHiWWrCvU3IcI9z-WM76fYkGNdMrLN2PeW_lTSLhFQsJf7Hh0ATzadyQUk,David Fisher,https://play-lh.googleusercontent.com/-UzmDY5FhMME/AAAAAAAAAAI/AAAAAAAAAAA/AMZuucmFrO28Oto57rTXWhgWQL5KMB238w/photo.jpg,"love the game. downside is i have a motorola, so when i shake the phone to roll the dice, it will usually turn on the light or activate the camera.",4,3,1.4.1,2019-06-05 08:43:41,,
gp:AOqpTOE8DKpbzIt1CnWDRofcR_5iFet2OmM2e6Rd8yCctGs1tRefnixbBxcK9odccLdwOZGKVziP4JKqI-zyupQ,Ben Wolrige,https://play-lh.googleusercontent.com/-Ru3XYP8tbYA/AAAAAAAAAAI/AAAAAAAAAAA/AMZuuclTu4JcHlE-yJzbesd9-XqlxXY3sQ/photo.jpg,Fun,5,0,1.4.1,2019-05-31 15:40:26,,
gp:AOqpTOEjOaeEHRiwMKSVVS9AqNTz13Vw7BjWgUGsIFzvnFH-Q-aGpYiPPr9BuwYmuHNW4TNp9WzW2VyhtlOW5iI,Kim Haynes,https://play-lh.googleusercontent.com/a-/AOh14GgId1e_0U-iEwaqqeNn-VblS4kL5iAvx8bf3TmlAQ,Another great Calliope game that I can play with family members of all ages!,5,0,1.4.1,2019-05-31 13:09:12,,
gp:AOqpTOGpvcuk1B0cyYCqp_VmxKxpIXmwO7H6sWIjvtVpPDHz3nXdbjiVseFSQxiGefde4onobNNt-vUdoc8Wx4E,thisis ace,https://play-lh.googleusercontent.com/-fnLgC_DSgYQ/AAAAAAAAAAI/AAAAAAAAB90/AMZuuclZZnQ4Gw2ZZ39WZZvDuia9sTqmJw/photo.jpg,Fun game which doesn't take too long.,5,0,1.4.1,2019-05-21 09:35:26,,
gp:AOqpTOEBmF6ocWQHB3d52ZQ4S4CmUitTzuYZ2YJZgqDxGmUIwptitvV5kflFXfNBlQyEPLOHYssT51DprGOFnoY,Dawn Roberts,https://play-lh.googleusercontent.com/a-/AOh14Gitn7UN0p7Hhgal51ijTYcPOQk3oX9GtnpkwAtWMg,addictive and easy to lose time playing,5,0,1.4.1,2019-05-13 15:27:22,,
gp:AOqpTOHyerzxMryzG-veojZWFXskRqgwPNDntbzbvjntzywJipFfwE4IeNGTKtNhyx7gXdtAgQTLlhSXgnU_wco,Paul Sewell,https://play-lh.googleusercontent.com/a-/AOh14GhiM73xUa7_VfMYNYbrgWH8FViDGaK_jx6SwJNJeG8,Fun quick game to play when waiting,4,2,1.4.1,2019-05-08 03:05:58,"Hi, Paul. Thanks for the review. Good news: you can change the roll to a tap in the settings.",2019-05-08 02:07:58
gp:AOqpTOE7Y_M-lag4JZ1PRyaMjNfS4rw4mQj9-8_NiRpkSLz6g4A3yKslk2qs-crieoAbIR-GXgC7awxOPyGEB6w,Rick T,https://play-lh.googleusercontent.com/a-/AOh14Ghno80269aBMyxSaEJ55tqmFZyJkPOJgbkgszse1kg,"very thankful that the orientation can be fixed into one position. (confusingly in the ""tilt to zoom setting"") can we decide what the winning score is next?",4,0,1.4.1,2019-05-08 02:14:58,"You are welcome, Rick!
Setting the winning score is currently our most popular request, and under serious consideration for the next update.",2019-05-08 02:21:27
gp:AOqpTOHaCaiQeIiznnn6QxYTrMLFFguiaoIBu3r7iDIFoPD6lPyVIHWcMumC-J-UN4RngFCWOKyotgZbj8QseEI,Tommy Wortley Jr,https://play-lh.googleusercontent.com/a-/AOh14GhDu1eFoBcQ7ZjYMTG-eFCApvWQHPPBz074RL8C,"A great port of a fun game. I also did something I don't do with apps, I did an in app purchase and added all the upgrades. Having different dice to choose from is fun. Definitely worth a couple of dollars you do get more than your money's worth in fun.",5,4,1.4.1,2019-04-22 14:29:50,,
gp:AOqpTOErPJoXLMSNjWYiuMHTREcYlahDg4FrMpNxBMfeSIHlP4h_lNzOw_Art0b598ETUoZhs6E4xhNrHl_xmLQ,Alexey Zapparov,https://play-lh.googleusercontent.com/-ISJmWfidH3k/AAAAAAAAAAI/AAAAAAAAAAA/AMZuucm42IddHsHYsihjaeA-Ur1DdbSzxA/photo.jpg,Although I love game itself - this implementation is terrible IMO. Attempt to implement physics of reality is annoying. It makes game slower than in real life and generally feels awkward. You will need a powerbank to play as it will drain battery as if it's mining bitcoins. Online gaming experience is awfully buggy. And as a cherry on top of all - you will have to pay like extra 3-5USD just to get better deck shuffle and extra cards (from deluxe box)...,2,0,1.4.1,2019-04-14 17:38:24,"Hi, Alexey - sorry to hear this. You can switch the graphics to Eco. Mode to save battery. Regarding the deluxe features, we wanted a low price for the base game, but allow people who enjoyed it to enhance it if desired. We take customer value seriously, so feel free to drop me a line on dan@thunderboxentertainment.com if you would like a refund.",2019-05-08 01:56:59
gp:AOqpTOHS8uyjkYWsJwlQJWXyuloUqvWup7qH1OLXloKGmPY7G7ucMXrdafSj4pUVxxt0Dt0_vgJvVpMkYBJrBO8,Christopher O'Neil,https://play-lh.googleusercontent.com/a-/AOh14GiB8vNHAUiZ-m46begwYq9vXnGVP0f_307jAxRvvQ,"Add a button to roll dice so that I don't have to sit and shake my phone or tablet. Also, allowing the player to zoom in or out would be handy.",2,2,1.4.1,2019-04-07 07:08:25,"Already done it, Chris! 😎
You can switch the roll to a tap or swipe in the settings, and tilting your device will zoom in and out (landscape = full tactical view, portrait = one-handed play).
Let us know how you get on!",2019-05-08 01:58:42
gp:AOqpTOGn4is_ry80SIA882XqFSFzgKHOS3wacF2Q5X0g07Xo4AU7_nwS5PWfnjEH88Seua0hvY7g6JtGli4o35Q,Sandy Kochenower,https://play-lh.googleusercontent.com/a-/AOh14GgGY-u5PP08TclwugRq_V8K11WUvEhD82QTaxmNjw,"Great translation of the card game. Fun for online play, Pass and Play an against AI.",5,0,1.4.1,2019-03-06 21:35:45,,
gp:AOqpTOFQJ_AVTuXAQo8iD1WZMAcRP3v_tT-RoRH2W4D9zo2q1uzmB4XJSYpKvm06Qd2rN-w-Ab_6Ep7RinkSrzs,Libby Bentall,https://play-lh.googleusercontent.com/a-/AOh14Gh1I2jUPMHeOR3rqQev8xvAy9bCARZ-48bh6XRJiQ,"I had been having problems with a Google lookalike webpage (livemobilesearch) constantly opening on my phone. Tried everything to get rid of the problem and finally downloaded AVG to try to get to the bottom of it. It flagged this game as containing Malware, so I deleted it and the problem has stopped.",1,1,,2019-01-30 12:13:23,"Thanks for the info, Libby. We investigated this issue a while ago, and you should only see this phenomenon with old, pirated versions of the game. The latest update has had all virus false-positives removed, and has been fully checked, and confirmed clean. Please e-mail dan@thunderboxentertainment.com and we will get this sorted for you ASAP.",2019-05-08 01:43:28
gp:AOqpTOGphFa_ymgmwdOxgcUqpQDoR9yv7r_ZL5MfH4dTlCuBR2SQ_PzrSvRBqp7EONZ2cncbbEMF9mZUuJcLTtY,Rebecca Hurley,https://play-lh.googleusercontent.com/a-/AOh14GgUbbY7fCNaNOB6pHuqFTz--st3BH80ZUuJiDs4rQ,love this game! it's so easy to learn and super fun!!,5,0,1.4.1,2019-01-15 17:28:36,,
gp:AOqpTOH5PA3nnB3eUuOTl69dIsmxK1qUg7VWMMUFrx5oOU8r0ocfj7w9y9aPbzGrcBYa9I6LqMo0gfCe_EC7qZ4,Marie Bailey,https://play-lh.googleusercontent.com/-Pvrx1vzbw7o/AAAAAAAAAAI/AAAAAAAAAAA/AMZuucnPdF60-RalxKvMANeeE1-gR_l0gw/photo.jpg,"The game is fun. The AI is fast, but it would be nice if there were different levels to the AI since not many real people play it for online matches. Maybe add challenges to the game, that would be fun.",4,2,1.4.1,2018-12-31 12:34:17,,
gp:AOqpTOFYkR545dMexwMVJkIU1-h0FobcEkj04UeuV7fdzHwczi5DRvebHlC8u5p46jIQkRVLhna1mXxiOl5zOy4,Jorge Avalos Salguero,https://play-lh.googleusercontent.com/a-/AOh14GhR-4IEAVeYmkK7WL9xYy5bokQvOoUD5oqGcoEhUzM,"Currently discussing with them about the issue with the notifications, putting three stars in the meantime.  Updated to one star for showing ads of other games as notifications. Twice. Under two categories. Really bad practice.  Implementation wise, it seems really solid. It also has a nice set of options and very reasonable payment options inside the game. The only thing lacking a bit is the game itself. It's nice for a bit but there's not much depth to it. In any case, I'd recommend it.",4,0,1.4.1,2018-12-23 00:43:45,"Hi, Jorge, this doesn't sound right - Roll For It should be 100% ad free. 
Please drop us a line via our website so we can get a bit more info and we can investigate.
http://thunderboxentertainment.com/#contact",2018-10-29 11:12:55
gp:AOqpTOHsgrTd7ho4ym0gwr-5x17vLbAprfSs92NXa9wj9g0OlJKH-xL9YzZ8Si2Vg84bPAYj0jLjT3paxEAnoRY,D Dolly,https://play-lh.googleusercontent.com/a-/AOh14Gjx8nWYxUFppYKQsIdFVgfGPcU2JLaeUFVEYzbRqw,The only thing that would make this better is if we could choose what score to play to.,5,0,1.4.1,2018-11-27 10:08:24,,
gp:AOqpTOF7CQnnNELTumesyUS77ZRoVaoXs9OiuoxpjdJXKEaFMe9rmUgPdIRIlNUfZ4p7i8lhN3qcSiqWQ2xBogs,Jeffrey Hudson,https://play-lh.googleusercontent.com/a-/AOh14GhFO0IraLaYN46w84PXJW6oi24q5O7u4xw6z2Ij,"This is a faithful port of the physical board game and is fun. There was a bug that would cause massive data usage (1.7 GB in a month) but Can worked with me to squash that bug. Game runs perfectly and recreates the card game experience. Highly suggest, especially for its price.",5,8,1.4.1,2018-11-16 21:07:57,"Hi, Jeff,
Are you using the latest version? This bug has been found and crushed since v1.3. :)
Drop us a line via our website if the issue still persists.
http://thunderboxentertainment.com/#contact",2018-09-19 12:32:27
gp:AOqpTOGyjWxMsRgKFpb1PzMmfV5J5ozJoKWb4gpyi3UVTBLKMpsDG6XoUQvR0xDaIh22Jrcq7-N0kwq4-tq8Sms,Ashley Meisner,https://play-lh.googleusercontent.com/a-/AOh14GgUI06BKF2HCpGHZ7Rvcexk7l_JcIOM4IpZgPmWAA,I liked this game a lot but got a report from AVG that it had detected Malware on the app so I ended up deleting the app.,3,1,,2018-10-26 09:59:11,"Hi, Ashley. This is a false positive from our copy protection system. Please try the new update (v1.4.1) - it should resolve this issue! Apologies for any inconvenience.",2018-10-29 11:11:42
gp:AOqpTOF2b9m77lUEW0K62ZzvtRSbaje-fZ8NO_FA43vNJAgpZBe3WtXW5_mXTtWGam9yo-74ia-fijP6N5vCU6Y,Bobby Goines,https://play-lh.googleusercontent.com/a-/AOh14GhMVdedeEpKNcFQ8ARYMvfwoCaNrAQtbLDU50m6kA,It's just like playing the actual game. I only wish I could disable the animations to speed things up a bit.,5,0,1.4,2018-10-21 14:54:18,,
gp:AOqpTOHKwssFQ2pEG06YA2dFvmvydRzy6Z6N8aQuDe0TfOPVsFtYm7Z5NdyJBA38iiuXgbexbMd8AVuOnthPxBM,John Carsey,https://play-lh.googleusercontent.com/a-/AOh14Gjtr66zpAhjGBI7fPxDiEpni63aLtnQW4gj8lpRSQ,Great app version of the IRL game.,5,0,1.4,2018-10-16 20:02:39,Thanks! :D,2018-10-29 11:18:00
gp:AOqpTOGp1aq0_3B-4tgW0fIM-s9VCIVW2iC0Pob3u8IBu5mE6O5fPa_IMbmbBj1HEOIBzaB5dkj-oAFZunuQHg0,Ian Newborn,https://play-lh.googleusercontent.com/a-/AOh14GiLzMxmAq9Z5qU-nl9tB6QHPrYYnpitkNZ5VSZFRA,Can't press to add players to the game. Right now it's a menu simulator,1,0,1.4,2018-10-14 09:18:19,"Hi, Ian.
Thanks for the info - are you talking about online, or local multiplayer?
Either way that doesn't sound correct. Drop us a line via our website and we can get you sorted ASAP.
http://thunderboxentertainment.com/#contact",2018-10-29 11:13:53
gp:AOqpTOFKf1IGGhj-gs5FhSJss4RZ1HMlXgK7j-fCTrWgmQGznv5KGhhBAJNlFSUokAluj2oH_bLgBk-kVukJcNI,Donovan Loucks,https://play-lh.googleusercontent.com/a-/AOh14GiDVF_xRZv1eqTm5AT6aSEzuO5OlS6PWJYInkSjRvk,Drains my battery on my phone and tablet. What's this app up to?,1,1,1.4,2018-10-12 19:44:23,"Hi, Donovan.
This issue happens in a few rare cases, but it should be fixed in the new version (1.4.1).
Please drop us a line via our website so we can assist! :)
http://thunderboxentertainment.com/#contact",2018-10-29 11:14:45
gp:AOqpTOFsp7jReCIqmFwoS1JBmvbgVW_oQ3es1gzhXUJFNRKcJKSkNcvGL2qXkjc_J7trs-A1QyFpB92E8oEtV-E,Maddt Kimmel,https://play-lh.googleusercontent.com/a-/AOh14GiKJebl_TU2y6g6qL3YUsL7f7Rih5QGNTQe4OtvCA,Good translation of a good game,4,0,1.4,2018-10-12 10:04:38,Many thanks! :D,2018-10-29 11:18:11
gp:AOqpTOE8l_5S_OD0G8DiJ8q47iggz3wrGUXjDFYCkg9-SzEZG8J8joDEd8T7Sm_1XEZhR0hVwt5kVxFB80oJw5Y,Tim Rhodes,https://play-lh.googleusercontent.com/a-/AOh14Gj1NE2gtoIDOgvSUbwbrkIkIuKuXRsGpgDWbNaJ,"A.I. needs work, but great otherwise!",4,0,1.4,2018-10-10 08:41:42,"Thanks, Tim. 😎🖖",2018-10-29 11:20:43
gp:AOqpTOFIVrj7FGMtEhwAhWRhEqDl28oxh7BsMWJ8vhbcMTDZ0j2otjllHSqCvTyfdSW9E-pmyZILuk7r8roIE2A,Mary Salinas,https://play-lh.googleusercontent.com/a-/AOh14GgG-U4TrwnCaD0fvQhnUIQa7cM_ymVuqxVsFQcXVg,Can't stop playing. I love love this game!,5,0,1.4,2018-09-29 20:11:58,"Cheers, Mary - that's awesome! :D",2018-10-29 11:20:53
gp:AOqpTOFbfu_PpWndIsnMeZkDbITWU7-2GpC2-pkrssZ3_kG8suJiVtADWOT2F2FZzX7oHsZLBFui9sdhy6kAWFY,Michael Fusion,https://play-lh.googleusercontent.com/a-/AOh14Gh3ffqpZRi722q97T3AL8PJsJ5tAH4QaJ0TajCW0Q,Simple dice chucker,4,0,1.4,2018-09-25 07:01:51,,
gp:AOqpTOHOjGA6IRgW_Tf77JdjdA94xW8BK-V0HJV0txHV2ANwn6jeTNgttljXeyG4SJYQKyqfMBQXePhTnT1ercY,Abigail Renzema,https://play-lh.googleusercontent.com/a-/AOh14Ggfnid2Z7M7NcvoW1wXqr9ZXoE3y-XRNWhkXG8NAA,Game is great! Needs a way to save player vs player or player vs computer games,4,0,1.2,2018-09-20 12:10:07,Thanks. That's a great suggestion... we will look in to it for a future update!,2018-10-29 11:21:26
gp:AOqpTOH69JuttFCUg23hbRiMmaqtEJ77smZ1vF_tSPznP_TgZS9CvQF5IQOSD7KodufK9SlCrUZstsUjqzPvTs4,Steve Sforza,https://play-lh.googleusercontent.com/a-/AOh14GgIzcKUvdum_4SsjZI1HlPhzColfLnXUWQvXQeK7A,"Game I fine, but I ended up removing it because it constantly runs as a background app for some reason sucking up battery.",2,1,1.2,2018-09-19 10:25:54,"Hi, Steve,
As a quick update we are fairly sure v1.4.1 has fixed this! :)
Please drop us a line via our website and we can double check with you.
http://thunderboxentertainment.com/#contact",2018-10-29 11:15:19
gp:AOqpTOGjYV8rG1zRWo13-SJxB0p9HgotDEs1WMjud9WzjxjSuxoFqCmrIW1HtHUjVudcrPl1ywD2ll-I2cOY47w,Patrick Anderson,https://play-lh.googleusercontent.com/-3Okr6x_Xv6E/AAAAAAAAAAI/AAAAAAAAAAA/AMZuucnA2eHvq4FuAxfM5SC6A17axF--Ug/photo.jpg,Battery drained really fast. Went to the settings and found the culprit. Too bad as it is a decent game. Played 3 rounds and it used 28% - Makes you wonder what sort of MINING is going on that the app needs to run in the background at 100% AND send/receive data....,1,3,1.2,2018-09-19 09:03:34,"Hi, Pat,
We have improved the battery weirdness in the new version (1.4.1).
Please drop us a line via our website and we can double check with you.
http://thunderboxentertainment.com/#contact",2018-10-29 11:15:53
gp:AOqpTOGxxLA5EQ3gVmQDyyGO8u7iGFZ28IwueZe4AeWd9JUaDNmiGj8H8r_b_w2iCN_O9rs_Fsy48KkEe6jeszU,Jared Reeves,https://play-lh.googleusercontent.com/-LHufYxrrG_k/AAAAAAAAAAI/AAAAAAAAAAA/AMZuucm_VamnMuQ5tjV00rssJRYy2pKAmg/photo.jpg,Fun little game,5,0,1.2,2018-09-11 10:42:34,Thanks!,2018-09-19 12:32:36
gp:AOqpTOEVVALqGM02om0dJ81J5qwmqNjS9wu4VPwCzvJDF3DkRN3QkleBB5Yw8JhCYdf5lzzr9GCHnNdy8GEXc4w,Ernest Buerke,https://play-lh.googleusercontent.com/-WqbDVVVh8fQ/AAAAAAAAAAI/AAAAAAAAAAA/AMZuucnk79NkE0RTFAw729OBOg7xYL1dUg/photo.jpg,It's a fun game. A better take on the Yahtzee type of game. It's a bit awkward picking the dice you're playing with if you have more than 6 sets though. I still don't know how to pick between the red and purple box either.,4,0,,2018-09-10 23:20:06,,
gp:AOqpTOG16GGchLJYOMFe6RrVhuaXP8qaXarRqBZBfejC1IhIyfR3FZ69P24DrRVNH9a8YwClGD-Pmv8wY46d68g,Ben Tedder,https://play-lh.googleusercontent.com/a-/AOh14GipX5zqZd8tTBSA0iIDReav0sbzmbjORUZPPcJq,Great app version of the tabletop game.,5,0,1.2,2018-09-10 23:14:43,👍,2018-09-19 12:33:12
gp:AOqpTOHDQUaSXDEbjbBjd-B28jizz_z8lNlODBwo_77Jm9-TC6MwovUYJyE_VV30BzeziyQRIsnU9UEg--Jd5n4,Vanessa Bennett,https://play-lh.googleusercontent.com/a-/AOh14GhE-bdIUXIDJ-uaWQgnciTzB9oYj8WEnZXcg_ot2g,Its fun I really enjoy it.,5,0,1.2,2018-09-10 07:31:55,Thanks! :D,2018-09-19 12:33:25
gp:AOqpTOFOz-V9s-p5lsjSnsVUYV2HcCRxXttoKjg7X7wb_OS4fAWGs_JIO_GqKYaaznIVt-Z0JNDrRiICAEcB_sw,Sebastian Mercado,https://play-lh.googleusercontent.com/a-/AOh14Gho5Ceu8bKUui1GmyLbuUBDqMsgtDhWASUTYloF,"Good game, well implemented. Wish they sacrificed the fancy graphics for a better UI where I can see all 3 dice cards at once.",4,0,1.2,2018-09-08 08:38:50,"Thanks for the nice review, Sebastian.
Have you tried tilting your device to landscape orientation?
That way you can see all the cards!
:D",2018-09-08 09:53:02
gp:AOqpTOER0Rwz7rvViXY5knjqm8TNFk8VlwZ2Umnz8VlWCCLvMu_rV-nUok3BAngdRBss_d-QurrP2O0hdJ9uC5E,Guillaume Courtemanche,https://play-lh.googleusercontent.com/a-/AOh14GiPAwp1-eiDw1hH8xvKwPnDhCkaxp3tkjzcZiKs5Kw,"Awesome rendition by thunderbox, as usual... except for the device shaking imposition (you gotta cut that nonsense, figure out another randomizer), I think the the main real issue here, is the original game. It's just not that fun of a game.",3,1,1.2,2018-09-08 07:21:48,"Thanks, Guillaume.
You can switch the shake to a tap or a swipe in the settings!
:D",2018-09-08 09:53:33
gp:AOqpTOH8-njr9l7hiYnFk0yMfQjC8ByIZR1GAOWME2VvQHPZaClLL383GHyOL0N9DCuyYn-afhjvG6B6tYGxvaI,Aaron Wilson,https://play-lh.googleusercontent.com/a-/AOh14GhMom__OnhrKBM4l4fPStutYxDOfzAci6xxZspOkA,"Only 3 cards and you have to scroll to see them? Why can't I zoom out? Why can't you turn off shake and just have it auto-roll them on your turn? I accidentally hit the recall dice action and there's no undo? Sorry guys, but this implementation is just BAD.",2,1,1.2,2018-09-08 06:19:55,"Thanks for the feedback Aaron.
You can tilt your phone to zoom out, and switch the shake to a tap in the options.
The Undo function should work with recall... we will investigate that one!",2018-09-08 09:54:37
gp:AOqpTOEShQlzqXkWcYz7yrMmnSSwrIg12R3VdBQfgXPlWM_U4zR76vJ9s9M3N02bbnDRYBdV7MjmAhSO2Icbq9A,Michael Lewis,https://play-lh.googleusercontent.com/a-/AOh14Gh4qUqSSmrJ-OOYJ9sR2Fb_9NnFQp_Gwdjc5sQv,"While I understand shaking the device to roll is on theme, after a couple of rounds it get annoying, especially since it's not very sensitive and I have to shake my phone very hard. This could be very uncomfortable for people with wrist issues. Needs a more sublte option for rolling.",3,1,1.2,2018-09-08 03:36:25,"Very true, Michael! You can adjust shake sensitivity, or just switch to a tap in the settings. :D",2018-09-08 09:55:13
gp:AOqpTOE8NdUBWHLeyjmna3uyEIWjcWErn8vgElBFebJSKankSel2e60aTuBKpz8MdFOAeIVxLNTrUO4cgBzVHo4,Michael Kaufman,https://play-lh.googleusercontent.com/a-/AOh14Giw_Vp-YwMXfBIiqUtujF3t6uf9jMu2cRfnDjXNXg,Lots of fun. Great graphics.,5,0,1.2,2018-09-07 19:17:57,Thanks! :D,2018-09-08 09:55:19
gp:AOqpTOFP2IzRP4NaSqqN1t15OkbRwLoj-Vvo7uiw-q61LD7p2V0iAbzZ7kD2hRTm3qdGPe58tvlUss0BRVsoMGI,Jessica Meeks,https://play-lh.googleusercontent.com/-_ryU8k-41Kc/AAAAAAAAAAI/AAAAAAAAAAA/AMZuucmvExyO77_nak18qFq7eEU9XL3BnQ/photo.jpg,Lots of fun!,5,0,1.1,2018-09-04 15:17:53,Thanks! :D,2018-09-08 09:55:25
gp:AOqpTOHCKNpGiRKc91BpkRwrqJYU5mX8uZunXDS1R3eYvTwiJ5KdkML3jOfICB4r64nkeZegKwXtVYCP-RD3lYE,Spencer Hixon,https://play-lh.googleusercontent.com/a-/AOh14GjdKHihcySHk2cAvhj-l7rmB-ZEtbnelXvLyI_66A,"The game is fun and solid. But something is wrong with the programming. I only ever used it to play solo, while wifi was on, but it still used tons of data. 1.6 gb in a few weeks, sometimes while my phone was off. It makes me question why. Combined with the massive amount of permissions the game asks for, I do not trust it. It has been deleted.",1,0,1.1,2018-09-03 10:12:24,Apologies - v1.4.1 fixes this once and for all! :),2018-10-29 11:16:39
gp:AOqpTOHiavbIAYhtFCuXFFZWp-m2WvXL3cDfh-O2duSMP2yUNe_fCe50kSUa4KcFBSiYQQoPIE27D_Fnh3KQ6lg,Ruby J. Scheme,https://play-lh.googleusercontent.com/-Pq0aY26EOpQ/AAAAAAAAAAI/AAAAAAAAAAA/AMZuuclpq_ZNZotxW2cpuNV3nDvSASo5WQ/photo.jpg,"Beautifully rendered but that's all there is to it: no real strategies, 
long winded and boring.",1,0,1.1,2018-08-19 11:26:23,Thanks - glad you like the visuals! :),2018-09-04 08:01:58
gp:AOqpTOHfZONsKIACOrJ-nRfBORsOKtpCNDSg4Q6I3fG7qidfuvo172R8WT_S0-q7F_Fl6X4E6IrPdz_B41HVOxA,Kurt Hinton,https://play-lh.googleusercontent.com/a-/AOh14GjrGSjRNPX0dkWEuxbQEH84XzIO5dqRu29xaf3w,Really fun!,5,0,1.1,2018-08-18 07:15:53,Thanks!,2018-09-04 08:02:10
gp:AOqpTOEJ7gptuPAep9dY64-wn2Pq6I5DbNWAwB8Qtw-jhALFq5XmMGqr-FYUUQ_rEsPlOeC-iwgo3KyUmIXIVjM,Haldurson,https://play-lh.googleusercontent.com/-ZnU16KUA1XA/AAAAAAAAAAI/AAAAAAAAAAA/AMZuucldxLXbhfpB9bY4Pa6r2lgc1rfeQQ/photo.jpg,"It's a faithful version of the physical game. Only issue was that I didn't 
like the shaking of my phone to roll and option to change that was well 
hidden.",4,0,1.1,2018-08-17 20:14:12,Thanks for the great review! :),2018-09-04 08:02:30
gp:AOqpTOHXveKdakzgs4raOb3-mMw_f8TUtClk3H2zd5MpMOwscNOIN-1dSSUIEPTNtexVs5zq0YF3giKBL8gs5eg,Jason Rodney,https://play-lh.googleusercontent.com/a-/AOh14GgSYNUnTqbMsv-IfRMxMWicHysm4Z4ScysiNV4h,Fun & challenging!,5,0,1.1,2018-08-17 09:16:06,Thanks! :D,2018-09-04 08:02:37
gp:AOqpTOETUzuvG_YeCZ7YezETVpsavO7l2yK6LCdvAqisqo2H6Ib9kQ10D1EAhA3iEOEVCBJd3KJFsFw2Xt4LoLo,Keith Kansiewicz,https://play-lh.googleusercontent.com/a-/AOh14GhSCFvVLTRp7PfpIt5BlWYgGNh0MB1B4ejPPe6T,"I downloaded this app when it was on sale. It has been draining my battery 
ever since I first opened. I haven't played it in about a week. But when I 
checked my phone after after sleeping 10 hours last night and my battery 
status was only at 78% and my phone indicated that this app has used 86% of 
my battery usage since the last full charge. I'll consider reinstalling if 
this issue is fixed. Otherwise I enjoy this app.",2,0,,2018-08-14 05:25:10,Please grab the latest update (v1.2). Battery life is all fixed! Apologies for the inconvenience.,2018-09-04 08:03:49
gp:AOqpTOEjlIhBeNKGaXojUbashhvLbkC0OMlV8doJKxYr3kct9p8ZkilvW2hZauXHt0jC1uDq47eb7qCTrm-vAH4,Steve Crane,https://play-lh.googleusercontent.com/-tFQjvstxOUs/AAAAAAAAAAI/AAAAAAAAAAA/AMZuucmwP_1IwMgyw2C45i-s7RSNJENhZg/photo.jpg,"The shaking the mobile to roll the dice is a little annoying. The game 
itself is alright but I've ninstalled due to the game sapping battery power 
even when not loaded since a restart of the device. 14% useage! Ouch.",3,0,,2018-08-13 00:49:10,Hi there! Apologies for the inconvenience - battery life is now fixed in the latest update (v1.2). You can switch the shaking to a tap or a swipe in the settings. Let us know how you get on! :),2018-09-04 08:05:16
gp:AOqpTOFJ4Q-dAB3Jyk3kcRB1s8s6edR77-VwkWmgCplfngxcwxg-_6qYnqtVJeftN5-cRaiqrlP7wEShKTwd6hc,John Boggs,https://play-lh.googleusercontent.com/-rfqZNk1l2xE/AAAAAAAAAAI/AAAAAAAAAAA/AMZuuclDVyBn98fDJwdGV-cCqui4zpoNTA/photo.jpg,"I own a LG 4G phone, I installed this game 2 weeks ago and everything ran 
fine. This past week we went on vacation. Halfway though the week my 
YouTube app had the sounds go in and out. I at first thought it was just 
the video I was watching so I didn't think much of it. Later when we were 
driving Google Maps wouldn't update the streets and the sound wouldn't 
speak, very frustrating while on vacation and don't know where you are. My 
music and podcasts apps wouldn't play longer than 30 seconds. My phone 
would not charge or hold a charge long. I killed all apps and restarted my 
phone multiple times and nothing got better. I went into the setting in my 
phone and found that this app was draining my battery and the data usage 
said it had used over a GB of data in a day. I hadn't opened the app since 
it was installed. Once I deleted the app, all functions returned to normal.",1,0,,2018-08-12 10:55:46,"So sorry to read this! We have totally fixed all battery and data issues in the new version (v1.2).  Feel free to get in touch via our website so we can issue a more in-depth apology.  :( :( :(

http://thunderboxentertainment.com/#contact",2018-09-04 08:08:30
gp:AOqpTOEvfZqrQz5ZR_ZB2EiHyoX7DvLIFPap6o0Ct8uigmIG78sTRjVbD0B3r5SK3JecgG653WO3x-ae9VAdUL8,Vanessa Stoffer,https://play-lh.googleusercontent.com/a-/AOh14GhWD_4sHSB0wcWwkCVIkxVHvxIm_7fbmO8m5_Zx,"I love the game and playing with computers. I like the option to play 
online. However, 1 of the 4 games I'm playing has frozen. Purchased all 
dice but can't change over to new ones.",4,0,1.1,2018-08-12 08:31:59,"Hi, Vanessa.
Thanks for the great review.
Drop us a line via our website and we can sort out your dice and frozen games. 
:)
http://thunderboxentertainment.com/#contact",2018-09-04 08:09:13
gp:AOqpTOGFgZvamSTKipyKhZf7iQNdIJL5O_ATOggNNViOLsN0TpyuM7TRkCohVjFrk5gqxTvF4ZYOMBPUkRG13aA,Tracy Rodney,https://play-lh.googleusercontent.com/a-/AOh14GjKxOesK9UdihzWamOLAVlx3pioKp4hUS8-qyRWHQ,Fun & engaging,4,0,1.1,2018-08-09 19:40:29,Thanks. :),2018-09-04 08:09:25
gp:AOqpTOHRJRtl6AVnHRqwWgSC4Dk9szXAsXrJcSbSYjVaLExVwkSNhaIDxyEoJHmOVs-UNK5luGLnJwhnPOSrFU8,Lace_ Katt17,https://play-lh.googleusercontent.com/a-/AOh14GjDbsNb_VHfINoC3zvBdQKLNNRiqSgeyZnH8A-rPQ,"Need to improve online multiplayer. Have had games get stuck and the only 
way to go back to cloud is to abort game. Have also had games just not even 
open up up when I try to take turn, just a blurry screen.",3,0,1.1,2018-08-09 18:54:50,"Thanks for the info, Willow.
We are always working on improving the multiplayer.
Let us know how you get on with this new version (v1.2)!",2018-09-04 08:10:02
gp:AOqpTOEQLt9w9c9ZYh-3rNRdxihMrXQqVRgEwpAl3EymT3W9GmsnNd8h6SM8KiCidHj-URqDPyywowuJfhR7xYM,Zack Friedl,https://play-lh.googleusercontent.com/a-/AOh14GiDt3yVAKC7H34V2oqsUykGJyPWNtVGXqtufWoY,I got it for free and still feel ripped off,1,0,1.1,2018-08-08 21:20:20,"Hi, Zack.
Sorry to hear you didn't enjoy Roll For It!
Let us know what we can do to improve, and we'll get right on it.
:)",2018-09-04 08:13:31
gp:AOqpTOGTv42IodiRWYQU4vJoRQhaIjJJtKhGZNaqFAQId59AJEAZs4rkx6IF-bTHD2WsabRiM5H6_dyMJzn8P3o,Dennis Williams,https://play-lh.googleusercontent.com/-xxX2r8UF3TQ/AAAAAAAAAAI/AAAAAAAAAAA/AMZuucmm0ceVpXS3DnL-_XTuDdfzwTSWJQ/photo.jpg,Time waster.,4,0,1.1,2018-08-08 19:58:09,"But in a good way, right? :D",2018-09-04 08:13:46
gp:AOqpTOHNU552ktXuqrYBtld2W6B1lCxaq5Gj12bRkdCPyX1awixeDnjKeiZhjducSYkRE9J_JSnZFuqSNlcwhz8,Ray Walker,https://play-lh.googleusercontent.com/-ammZF4rgPCw/AAAAAAAAAAI/AAAAAAAAAAA/AMZuuckI-cLNNyEZF5HFr0DUaihJAcfxbQ/photo.jpg,Awesome game,5,0,1.1,2018-08-07 16:27:36,"Thanks, Ray! :D",2018-09-04 08:15:08
gp:AOqpTOGTBCHMBoFx1DYB2rz1gvT5qtJDYWNUr5dXB37CYUUJah7s8ev6FuoeKEBGuwPFz28KE0rfPQOQ2FN0bqg,Corey Hendon,https://play-lh.googleusercontent.com/a-/AOh14GgZePfSryRkJdyvVCSJDcAya3aere3hkBcQMoao,"The app implementation is OK. Overproduced for what it is. The underlying game itself is pretty bad. I've played the physical copy a couple of times with friends, and I didn't enjoy it either time.  I thought a single-player app version might be pretty good since there would be no downtime. Nope. It's still bad. The few choices you do have are ruined when the player after you rolls perfectly and steals a card that they didn't have any dice on previously.  Might as well be playing bunco or tensi. Hard pass. Glad I picked up the app when it was free instead of having to pay for it. Pick up Gans Shon Clever instead. Amazing dice game.",2,0,1.1,2018-08-07 11:01:03,,
gp:AOqpTOFwAJ_zQcw4is0NiTFJO8Voh4uqmg8Yq-iVmPN61bDDjjPB3hBuWCm0ygj7He7tcVlUbHFRmZeACQlKS-8,Michael Fahrenbruch,https://play-lh.googleusercontent.com/-cJ97tu8lzxc/AAAAAAAAAAI/AAAAAAAAAAA/AMZuuck3ZiTY2y_9u9vyNgSSX2Ppy7Spug/photo.jpg,"Once I got into the app it was good fun. It's not the most complex game, 
but it is a faithful (and beautiful) port of this great light dice game.",5,0,1.1,2018-08-07 06:08:02,"Glad you got it working OK, Mike. Thanks for the great review! :D",2018-08-07 06:10:50
gp:AOqpTOGXlzg6aAmFLzkgytVAzHNI3UYtHkh09-JkzqrZt4adc3pBLK_JLC2jLYphHecsBZzYH0SGpy-os8EO_WI,Gordon Hamilton,https://play-lh.googleusercontent.com/a-/AOh14GjjG5AVfXOV8LN6aXiPj2qzBlR9Qn8XyRsmfCNvLA,"Why does it need so many permissions? Wants access to my photos and media, 
my location, and also wants access to make and receive calls. Then on game 
launch it then looks to access my Google profile and other details. It's a 
dice game, not a snooping tool! I love the physical Roll For It game but I 
can't recommend this with all these permission requests. Edit: further star 
knocked off for app now putting adverts in my notification bar.",2,10,1.1,2018-08-06 23:42:02,"Hi, Gordon, thanks for the info.
We have fixed all the crazy permission in the latest version (v1.2).

There shouldn't be any adverts in your notification bar though - Roll For It! is 100% ad free!  Would you be able to drop us a line via our website so we can investigate?

http://thunderboxentertainment.com/#contact",2018-09-04 08:27:57
gp:AOqpTOF8FUo8gY5YUIAeZCbHFDjSgZmGjzHvNL2QPei2gjZS5UDU7q4AZ4xtfAIdextXNB7Oql-0Aq__3QBNgSA,Gamer Wolfe,https://play-lh.googleusercontent.com/a-/AOh14Gi277nieGv4INvW-HPk4GHI4hht_JlLYph5lFL4uMg,"Pretty fun single player but broken multiplayer. It's better to buy the 
physical game if you want to support the devs.",3,0,1.1,2018-08-05 22:35:34,"Hi, Dan,
It's always better to buy the physical game! :D

We are constantly working on improving the multiplayer, and this version (v1.2) is our best yet.
Please drop us a line if you have anything specific we can investigate for you!

http://thunderboxentertainment.com/#contact",2018-09-04 08:33:10
gp:AOqpTOExmHIL20ptUQo4dbI4DvZ51_6DErxEg2-e42CbYzMinY5bjcOBpGdCtJz31T-JltsUiXCte7xz9YEv3xk,Jason Barker,https://play-lh.googleusercontent.com/a-/AOh14Gjb3GHEvLdrSDz6YFOhVXYPeCRcN3a8Spgq3KsOWA,"It's a very good implementation of a tabletop game. But, the game isn't 
that compelling.",3,0,1.1,2018-08-05 21:35:08,"Thanks for the balanced review, Jason. The game is indeed quick, light and fun... not everybody's cup of tea.",2019-05-08 02:04:01
gp:AOqpTOEZcT0B4o1SlibIAdwwI0M8j5BG21jhTl3kp6rRiWbn6g7enCwhLrTWkEBOtYjmJapRmKl9Kr9Qdmfh4Ps,Barbara W,https://play-lh.googleusercontent.com/-KPfeC18Y1es/AAAAAAAAAAI/AAAAAAAAAAA/AMZuucnzTYR5UEw6Nbbk-K35VvzwGW2MeQ/photo.jpg,Great game. Simple yet entertaining.,5,0,1.1,2018-08-05 19:39:45,"Thanks, Barbara! :D",2018-09-04 08:34:22
gp:AOqpTOGWUAjASHBaNlzRkiLuyXzIkm_WJChVwzw07k-iKMmqilbBPl2bBy0MWN43lEmamjyrXadMDmmC7zpgS8Q,player shrimp,https://play-lh.googleusercontent.com/a-/AOh14GgxY0emYve7Yq0qSE8tQ9r-cgx5M79aRALOrR7S,FUN there's nothing boring or bad about the game,5,0,,2018-08-05 11:22:44,Many thanks! :D,2018-09-04 08:34:39
gp:AOqpTOHeXqDgdRg0fHFrWQ9IefpVrJnuP3BzXXa60ocrMip6Zp4lYuhFl98UAEa-H2m8Qd0YNQLK1dYRRRQN8IQ,Joseph Smith,https://play-lh.googleusercontent.com/-blJNtMjzXpc/AAAAAAAAAAI/AAAAAAAAAAA/AMZuucn2_s-hKGBKdIbWQvQthPQ_fbvSMA/photo.jpg,"Great game that simulates the physical dice game well with interesting AI 
that can ""troll"" you. The only things I would criticize are that the dice 
rolling prompt obscures the player scores during your turn which makes it 
difficult to decide whether you should recall your dice, and sometimes 
achievements get blocked, e.g., the ""Mystic Stone"" disappears, I've already 
bought all the dice, etc. Otherwise great fun.",5,0,1.1,2018-08-05 08:25:22,"Thanks for the feedback, Joseph, we will look into those items for sure!
Glad you found the hidden Troll AI!!! :D",2018-09-04 08:36:38
gp:AOqpTOF55m-0uTM8NAUfRkKV3Qmo_Lcuv_gHCw4q9r-BA3jJgzksPJrNhc4bwRUk2y_1Xx5YdgvpISWHSOxSbTM,TacoJellyBeast,https://play-lh.googleusercontent.com/a-/AOh14GjWJpfJfzImoCV5cmickhQ3Z_mKzzgbh_qDqSHytg,"Permissions are ridiculous, presumably hoping to get totally unnecessary 
info out of unobservant people. Game mechanic itself is dull, stick to 
Yahztee for more of a skill game",2,0,1.1,2018-08-05 05:53:25,"Hi, Phil, the permissions are all fixed in the latest update (v1.2).",2018-09-04 08:40:40
gp:AOqpTOGfu9l2eSj9_lrDpR_tbyT9IWh7E2nUbDrNYSpGtiNI2a6B1zamrbxcba_sU7aRD3JagRmv3wwK_Z02Oo4,Scott Boyle,https://play-lh.googleusercontent.com/a-/AOh14GiNHzHoA7p1zwaddKq6KBNrXPYFPVsCyiHW-B0Wsw,Awesome to play with your friends.,5,0,1.1,2018-08-04 21:41:14,,
gp:AOqpTOGEfx78x-UBNp6Vwl5dYO20EymLx32VkHGXRZSN2mxN1VyFQZn6V0HgJbn7DulewX8EZz2VvhrBG4LjnL0,Eric Pannell,https://play-lh.googleusercontent.com/a-/AOh14Gi23_hM8nzLRnrEKhyxml1mn3pwVgmEFDI8pw0WOg,"Sharing the player code is a pain. Facebook sucks, not everyone has it, and 
it took forever to figure out how to create a login for this. Also, a game 
my wife set up went wrong where the cards on my screen were different than 
the ones on her screen, even though my dice appeared on her incorrect 
cards. Other than that, it's a fun game.",4,1,1.1,2018-08-04 19:37:00,,
gp:AOqpTOEzIW0CZmwI6JhVvrPSHqRc55e5hU6NPUGdappa7k5NMkROJfDjY0uaq54EopuvskaS1YafdgB7wZrOJ1M,Eileen Lu,https://play-lh.googleusercontent.com/a-/AOh14GiUKCcxiq1A0_WONuSCF17-GvDtwkwpNq_5VHbr3A,"It's a fun game, very quick and easy to play. I think the app could use 
some more optimization. I have an S8 but it sometimes lags and stutters.",4,0,1.1,2018-08-04 19:04:23,,
gp:AOqpTOFrvcZ1J6T-x_Nd0ikmLH6wsNrbDsIl9Mz-ktPAnibtmfACljOpzWARRq4_1i2QBlXVRb12yZU0iQZU_xQ,Jozef Sisemore,https://play-lh.googleusercontent.com/a-/AOh14GjMLAaJTC9srPqMZ-U_PFh5m5x84RVZEOyejLPEEw,"Been playing with my nephew. It's alright, but can take a while if you're 
playing the cards with 6 dice. It's best to bet on the lower died cards",4,0,1.1,2018-08-04 18:35:49,"That is a very good tip, Jozef.
Stay away from the 15 point cards for an easier win!
Only go big if you are feeling lucky and want to show-boat!",2019-05-08 02:17:36
gp:AOqpTOEHr5k5-TLSHuG1f6DHGrAnFLoaaiOYn_q_fuOMC-3btcjZdcpLzu5rdgmOll-EZ6jsPcqt4YTNLU_hddw,lance smith,https://play-lh.googleusercontent.com/a-/AOh14GhBk1N8kptp2nsHGYIqP-aFoBlfwtOdOIS57f20VA,Easy to play very fun,5,0,1.1,2018-08-04 17:08:07,,
gp:AOqpTOH4mrLX6zkmSFq1Iu_OiVDtIlWeFwq_e4MmBxlfi5p9nuNRdiAyVPufEYbaufmPsKeG605LxSfT3lDg808,August Russman,https://play-lh.googleusercontent.com/-1eKEi7Tx22k/AAAAAAAAAAI/AAAAAAAAAAA/AMZuuckxrzM4E83FEaMKDy5XBJVGO6CNxQ/photo.jpg,Great port of the fun dice game.,4,0,1.1,2018-08-04 16:39:28,,
gp:AOqpTOFbx2VxulvZ5h5uZuhYF6XOBiGwr86S8Xc1b3jKQL_yt4ueR8BJffMFjyzqwRP1h9p3cUlBd51oxgrsxnY,Lex Joy,https://play-lh.googleusercontent.com/a-/AOh14GiGl1sJr8UZE0o7ER2xC_jDJELnlhAlB19mM-lRBQ,"A fun little dice game with beautiful graphics. It's as tactile a game as 
I've ever played. My one complaint is that the achievements don't always 
work properly. The one for buying new dice didn't trigger for me, for 
example, and now it never will. :(",4,0,1.1,2018-08-04 11:26:37,,
gp:AOqpTOHgRqeDqnwCRGhFvYGlnk7i9BpvsMXuPbTWDU--K3b19haIcrMsk2CKebbWNzLX4DSYDRRq8B3Z2a2OUyc,Jeff Smith,https://play-lh.googleusercontent.com/a-/AOh14GhmmUTQ3GDz4-kfBGTNgyO0NOF_Tkzfg5E0urvQVA,You want me to shake my whole device to play? Hard pass,2,0,,2018-08-04 08:01:06,"Hi, Jeff - worry ye not! In the settings there is an option to switch the shake to a flick or a swipe. Easy. :)",2019-05-08 01:48:45
gp:AOqpTOEKOXs7U3kCekjhVPYKGWUdHnmfDvTYHs4Qt0iEstQdgNMCNNFLVm0mQl6spVdS4xLTHDpO2kg1iLgAot4,Tony Maddox,https://play-lh.googleusercontent.com/a-/AOh14GiA3qXbvAngCPmhFKm8YvmZG3vURx3euax4dKF_lw,"Fairly simple game, and I know confirmation bias is a thing, but if the 
dice vs the AI are truly random, I'll eat my hat. I've played several games 
now and have yet to win because you simply don't get the numbers you need. 
Also REALLY needs a roll button. Shaking the phone gets old fast.",3,1,1.1,2018-08-04 07:32:45,"You want fries with that hat? 🍟🎩😉
I can guarantee that all dice rolls are 100% random.
You are right about confirmation bias - it does FEEL like the AI are cheating... but they are totally not. We want to keep the game as realistic as possible, so sometimes players can just be mega unlucky. And you can change the roll to a tap in the settings.🎲",2019-05-08 02:14:20
gp:AOqpTOGvF1bbOgyOki6Jnn8Qb3twebcRPSMMLeUVMkcL9_fkjgsfiM4UrWi9B-Df4wBcKjWf4TZ8w-m5BfNfYaU,Andrew Orel,https://play-lh.googleusercontent.com/a-/AOh14GjGdzqw4LhKnK_A8Qyhi92r5fmnnhO13bR5xBZ-rw,"Game is fun, but most of the buttons in the settings don't work. Yes, I've 
beaten 3 of the AIs, please stop telling me every game. You've upped the 
difficulty, but the settings don't reflect that and I can't change anything 
in there. Frustrating.",3,1,1.1,2018-08-04 02:18:16,"That sounds like a bug - please get in touch via our website and we can investigate. Thanks!
http://thunderboxentertainment.com/#contact",2019-05-08 02:08:30
gp:AOqpTOG1pJMCNbtSec7eCFXKI4872wsaGTJ3p2ZBN3iwTcpgVmRyGX3nDPaBdEdJWQywtA1y9fq2txR3s2JvHJM,Michael Johnston,https://play-lh.googleusercontent.com/a-/AOh14GjyWY-MFpLHVeg3NNeY2G_RfOgp9SM4ecDEdN4Nqw,Fantastic two thumbs up,5,0,1.1,2018-08-03 22:56:27,,
gp:AOqpTOEfAIhdAdrqe91qqikNCvGg3r2Ca-bVtS7IjJQ7WfbmUYGx_vQ8-TXwnQKQ4XozethxoGGDDReWyNfZ4m0,Kristen Naylor,https://play-lh.googleusercontent.com/-DGgZGlrIno8/AAAAAAAAAAI/AAAAAAAAAAA/AMZuucmsIsoFptk85hHMTi_ssTc6bs7KyA/photo.jpg,Good for when you can play the real thing,5,0,1.1,2018-08-03 10:46:57,,
gp:AOqpTOFk1BVj5MfODfuehWZWUdKJw9mH5kAT8-XR4CGHDN7RkUFjv1yzglm2MeP8mFXRd99FiuzegAYQpAuIfRQ,Simon Carter,https://play-lh.googleusercontent.com/a-/AOh14Gj737KAdHRLHG97-CtNn9y57qo2hp4X8uiWf3q_ow,"Privacy policy seems transparent enough but still location permission etc 
required, which is vaguely disturbing.",4,0,,2018-08-03 08:13:16,"Thanks for the kind review, Simon.
Location was needed for connecting you to the correct online server.
We have removed it from the latest update.",2019-05-08 02:19:18
gp:AOqpTOGnZR9DT88q-6krSAIY6e4ly9JG5hB9OxL8M6rNGnQgbWunR7tJgDTRp_ToGQuG8R7RbwP7xvo3vIs8lEg,henrik Townsend,https://play-lh.googleusercontent.com/-jojAMh4WGt8/AAAAAAAAAAI/AAAAAAAAAAA/AMZuucnTvTPrQocq-PBCXHays6yin2ifFA/photo.jpg,Fun with the kids,4,0,1.1,2018-08-02 04:42:28,Yay! Very happy to hear this. :D,2019-05-08 02:16:39
gp:AOqpTOFj31W611PVetAFD57or9PcF7b1rl1oyxmWdKEOPpOJAbofD9p0b2cR-hYSL3g94J4xWEIHtD8xBJ-Pb8Q,James Millar,https://play-lh.googleusercontent.com/a-/AOh14GjpidiY1tZ0gJt6yzHaz8soDlIFsKeU623pIgjOLPk,"Uninstalling this despite it being fun: no save option; graphics stalling; 
physics errors; sound effects despite being set to silence.",4,0,1.1,2018-08-02 00:02:21,,
gp:AOqpTOG7_rPmNm9a_MLI0jDB9k9wku6fGpv3VMp_gEZSsbz-MnWqLIcXhwUxQxfQwpK6HzS1s2COshDUqMp8y-g,Coasta Smalls,https://play-lh.googleusercontent.com/-R_OGxDW2-3g/AAAAAAAAAAI/AAAAAAAAAAA/AMZuuckM7nEsprd4-fj8cg2j5odlCco1MA/photo.jpg,Its AWESOME,4,0,1.1,2018-08-01 16:46:41,Thanks!,2019-05-08 02:16:46
gp:AOqpTOHyXnLqKFl6-CwqybYoT-Be66Im_pD3CM9544pmVaFYaKc5JJUHjTczhwa6kPjHgm8DdcCEOdkQ4n5a0JE,Meagan Aberli,https://play-lh.googleusercontent.com/a-/AOh14Ghpz11B0HJf4JfouK3ftIH4eT3zalx0P2JDbET_b-0,A fun and easy game to play!,5,0,1.1,2018-08-01 04:39:59,,
gp:AOqpTOHtMl_DkrDLhVkZDMEL8RUAfSzmsZnmWh8FzZcA2As7OJAh9kcrFzGLJZO9B9jqUgan4dRFzNe7KrTGxZQ,Ethan Eddy,https://play-lh.googleusercontent.com/a-/AOh14Ghpc32qpOlefXnf6XCFO4rfli0ip5ifvhvBKprb,"This game is fun and the rules are simple. There is a huge problem though. 
The app doesn't respect auto-rotate settings. Locking my screen in 
landscape won't prevent the app from rotating to portrait mode when the 
device is turned. This wouldn't be a huge problem, ex excspt the game is 
almost unplayable in portrait because you have to scroll constantly.",3,0,1.1,2018-08-01 02:17:31,"Hi, Ethan, thanks for the update. We've added a tilt lock feature to the settings. Tap on the Gear, then MORE then TILT TO ZOOM. That should fix it!",2019-05-08 02:07:16
gp:AOqpTOGtyoEnFoAV4pEjwzfTsUSfadEU9abq8l6kZbPIq8nt--SltxdSZ7wt0RrOkKcWEk-E2zkqGY8SA1zeRfM,Lauren Beson,https://play-lh.googleusercontent.com/a-/AOh14GjBeDeIWWWob_52er7LwH_VayQQyeZ_T-mv5cLy,"So much fun. Need an option to tap to roll. Unless I can't find it. If it's 
there and I'm just crazy, I will gladly switch to 5 on that.",3,2,1.1,2018-07-31 23:32:05,"Thanks for the info, Lauren. There is indeed an option to change the roll in the settings. Let us know how you get on! :D",2019-05-08 02:15:25
gp:AOqpTOGQCZG2qNKkCt33OraJk6qFS7fyHxAURnaYtxq9Gk_LaSsKURO5bLgfN8bGprpDlF8eBSpnP1vm7EJyw0A,A Google user,https://play-lh.googleusercontent.com/EGemoI2NTXmTsBVtJqk8jxF9rh8ApRWfsIMQSt2uE4OcpQqbFu7f7NbTK05lx80nuSijCz7sc3a277R67g,"The world's most boring dice game is now a horribly optimized turd of a 
mobile app! Hooray!",1,0,,2018-07-31 17:44:56,"Sorry to hear this - Roll For It! has been fully optimised for a broad range of Android devices. Drop us a line via our website and we can investigate for you.

http://thunderboxentertainment.com/#contact",2018-09-04 08:50:24
gp:AOqpTOF8LiqcPttkcbCIanN017G0cGvKzvIsJTAYPAR8sF_m_PD316fMGX4Eytw7psV-fAl1euTm5JLKYlR8Vg8,Dan Carmon,https://play-lh.googleusercontent.com/a-/AOh14GhjCg2VuJLKNcZXI83JvtwNqSKpxLOZwwsUiI3D,"Great Yatzi style game, with more ootions and strategy. Love it!",5,0,1.1,2018-07-31 16:17:20,"Hi, Dan.,
Thanks for the feedback. Glad to hear you are enjoying the game! :D

Shaking your phone in a public place can indeed be a little embarrassing... if you open the settings, you can change the shake to a tap or a swipe, for stress-free rolling!",2018-07-31 12:37:42
gp:AOqpTOFlAM3EIdOcIz4P3mj-neFFdb0iV1G82So5GxOImEgWxd_HKh6HttlxRB-sA3fqiy1hVV0Y3IGIib9YfE4,A Google user,https://play-lh.googleusercontent.com/EGemoI2NTXmTsBVtJqk8jxF9rh8ApRWfsIMQSt2uE4OcpQqbFu7f7NbTK05lx80nuSijCz7sc3a277R67g,Great time waster,4,0,1.1,2018-07-31 11:26:59,,
gp:AOqpTOEDV5KfplmOqlBTt8SQUkDyPstb14hjH3Msivv0mZ6FfnfX-WsNgEw50l-nyxXwJl3b3L2QG7ncf8_L6ck,Kevin Abbotts,https://play-lh.googleusercontent.com/a-/AOh14GhNJORNs2l_zWx2PSX913LcjOX5DcAUI8HyDcuZuQ,"I enjoyed a few single player games but then started an online game with my 
brother. For some reason on turn 2 it just froze and now loads up back to 
turn 2 and I can't do anything. Can't even restart the game as it always 
reverts back to that point. And the lock fix needs to be sorted.",2,5,1.1,2018-07-31 10:38:09,"Hi Fuzzy Bear,
Thanks for the feedback!
Get in touch via our website and we can take a look at that online issue for you.
You should be able to lock the rotation from the settings - tap on the cog icon, then tap ""More"", and then ""Tilt to Zoom"" - which will turn to ""Tilt Locked"". (That could be a bit clearer - I'll have a word with our UX Designer!)",2018-07-31 12:01:14
gp:AOqpTOGa9GGVJpa9BZh_sQab3XqkK2bIgsqFqEkgoCrgZu9PqJcgaxddHDBRpxp72_IIWYWil8GehGIYlBEPGRM,Adam Bell,https://play-lh.googleusercontent.com/-w2_M65ukQG8/AAAAAAAAAAI/AAAAAAAAAAA/AMZuucmrIcXf3zGeT85yHhyaHeNHlLjqDA/photo.jpg,Sgud.,5,0,1.1,2018-07-31 10:07:32,Tanks!,2018-07-31 12:01:42
gp:AOqpTOF3AeNRxopyKsuVruQfwUT6l1XCK02gBZE-EHZ7gfQJzSpXpM2o7ST_ryvsEj-dbILcsqeTCKnuBYPeqS0,Kerri Pajak,https://play-lh.googleusercontent.com/-UmJOr8dgERs/AAAAAAAAAAI/AAAAAAAAAAA/AMZuucnsFa7cIFHYfsmNJUhwXiio9FRJrA/photo.jpg,I love dice games! Installed this and it's great!,5,0,1.1,2018-07-31 09:05:13,Yaaaay! Thank you! :D,2018-07-31 12:01:55
gp:AOqpTOES6m6xIk-4TtEm8RbDT48j6GilBPSlIuDaGNPyywBYnvZf3Wg3Pc-m1m3jXfAfglF2JIRjNqY9VqMLRxE,Dean Booker,https://play-lh.googleusercontent.com/-fyIn2nq5DFI/AAAAAAAAAAI/AAAAAAAAAAA/AMZuucmIxnSuQ4s6VHY_Nl16jGVlTEEFBw/photo.jpg,Good board game,5,0,1.1,2018-07-31 07:45:31,Thanks! :D,2018-07-31 12:02:02
gp:AOqpTOFcrzTVRW4dfqDHCUCKduXfikNVlMOq3noRIOj2343LqNX6H0uCi0tZS99QCo_vWna4uQT1oBpcqi4SW9c,simon capell,https://play-lh.googleusercontent.com/a-/AOh14GhJ7BjbwzKw11qX4_aAGhcqZU7baBFqAw_B8mJGlg,Love it. Great digital version of the board game.,5,0,1.1,2018-07-31 05:19:07,,
gp:AOqpTOFVOFPx1R74t4-Z370v0hWoVjYUtR8k1U4ACe_dFoO1SqJjs-qDXOQjF9ub-aRSq0zNGC7XFqSh3l9lGwk,Mike Dinelle,https://play-lh.googleusercontent.com/a-/AOh14GgNmi_32Og9Zw5jfYk1Q8V797Jjp1uLPwPXlfb1ww,"Enjoy the game.... But man does the computer ever cheat. I was up 32-0 and 
ended up losing! That doesn't even make sense....",2,1,1.1,2018-07-31 04:27:04,"Hi, Mike, sorry to hear you are getting beaten by the AI. A few people have asked us if they cheat, and, believe it or not, they don't. The computer opponents use the exact same physical dice as the player. You have just been mega unlucky - don't give up!  :)",2018-07-31 12:35:04
gp:AOqpTOFwdw1vT6vfYCAHQOeYE2_CqAj-vl4e7lJi2EwNCJezNJkizmds7SPZzIm3bb7yFElg0EMzzlHfE9v_ITU,Stan Davis,https://play-lh.googleusercontent.com/a-/AOh14Gh6Ydvr1mxoPPq8AW-94EH_yExST0AMinkccDKYIg,"Simple game, a little strategy a lot of luck. Fun.",4,0,1.1,2018-07-31 01:04:02,,
gp:AOqpTOH2famKXZrqMdZzGPlDzmC99L9zBFJVfyJP3pyGLvferWjdOvatQ9bdO93sJ71qFv-MeFt9Ns_qQmriPhU,Ethan Furman,https://play-lh.googleusercontent.com/a-/AOh14Ghi7iLuF0AGQham1vxPRPBxA25JvwoLQ4kWHC0yEA,"A simple game like this does not need access to my files, does need to know 
my location, amd certainly does not need to make phone calls for me.",1,0,,2018-07-31 00:17:53,Thanks for letting us know about this - we have removed those permission requests from the latest update!,2019-05-08 01:39:54
gp:AOqpTOF4LsdTk5b27zL_R9_qrBmbgclEMOWG__W72KdeV4bODbAy26z7sXw0GvRH8bQ6Zw8LKdRR9YJT_xGmRGQ,Rai den,https://play-lh.googleusercontent.com/a-/AOh14GjjBTfdsCUeyAgF-bLkyCVQgBUro3lxNzV1eJ3iqQ,"I'm a fan of the actual (physical) game, and this is a pretty solid 
representation. Hits the mark graphically, but could use some speedup 
options while you wait around for 3 different AI players to take their 
turns. It also has some absurd permission requests that are not needed, tho 
still works fine if you deny them.",3,0,1.1,2018-07-30 22:03:43,"Thanks for the kind review, Rai.
The permissions are a mistake on our part, and will be fixed in the next update; denying them has zero impact on the game.
Good luck with your ROLLING KOMBAT!!! :D",2018-07-31 12:40:12
gp:AOqpTOHx6pF1iPDC_iR1C1c73PibUPETYdMV819WPr_8bTkYSEfzOk8Rti5IgwntkQrrfCI3vy3bxK3Ukkc0f2s,Robert Lee,https://play-lh.googleusercontent.com/a-/AOh14GinvVKXyY6vZxywozaplGZg4tEg74RV7qydznth,This is a perfect implementation of the boardgame in app form! I love it!,5,0,1.1,2018-07-30 20:01:43,Woooh! Thanks! :D,2018-07-31 12:40:32
gp:AOqpTOGjIcFfcdkTv2Uh4u3lK7ktUaG_jZKZwXSGMEoGR9zXKbKZusuBgvfEgXRbWIHpGuMFSr52cN9nQlzcSuY,Americo,https://play-lh.googleusercontent.com/a-/AOh14Gikrkcb8xhviOBtYBzaAk5ko_5EuyKQgeJEZU3VYQ,"Simple, addictive and my family actually plays it.",5,0,1.1,2018-07-30 19:01:08,,
gp:AOqpTOFmE6LwduMs4SjdLLuvPwa2mUQBCCUM0l3Qoi2qCvUaKPVSmSIOM5D9umzglFuAaYGIbgkV9eU2lwhMwxI,Bill Scott,https://play-lh.googleusercontent.com/-212ZPpUSCzw/AAAAAAAAAAI/AAAAAAAAAAA/AMZuuckl8i-ymsZjL6DARrauq5Nz9Zehhg/photo.jpg,Desperately needs a roll button instead of device shaking.,3,1,1.1,2018-07-30 17:01:05,"Hi, Bill,
We got you covered! Just open the settings and change the roll to a tap or a swipe. :D",2018-07-31 12:41:14
gp:AOqpTOFlNJqHXgEE3DshL29fk-lK8Cb8KElqzeytTRN9_DdjfbCAnw5JfwH8nz8QmO4fLlwy1bwmBgW_umSo6Os,Carlos Cintrón,https://play-lh.googleusercontent.com/a-/AOh14Gjo1O_1yao-oQzXQWI-sb56HQiWdcXv41vYGqeDKcI,I've had this on my wishlist since day one. Had to get it while it was free!,5,0,1.1,2018-07-30 13:55:36,,
gp:AOqpTOEeCWM2uc821hpg0ZA6Y3fZ6cU_4nyDEgtYIr3IgUBJQU-LvGWbwfuBPl0MGZ0AbRwmKrhEagHL4zeK9JI,Jeremiah Hollands,https://play-lh.googleusercontent.com/-0DeJe4UuNw8/AAAAAAAAAAI/AAAAAAAAAAA/AMZuucmIRNB5RCRzAKwFk4u6ILsqPmJl0Q/photo.jpg,Great game needs more online players.,5,0,1.1,2018-07-30 11:15:05,Tell your mates! The game is FREE this week!!! :D,2018-07-31 12:41:55
gp:AOqpTOFvCKBzAGf1Q4sGrXFCMbK68_lXhYdiRlRwpLmMGL1OUvIIffvWxJHIGBRGxQJDYk0x3pACH75AjIxFdFs,James Cruickshank,https://play-lh.googleusercontent.com/a-/AOh14GheN-IhIxN_AOklFbsouI1M09myhOHmI9-AnjJTqQ,Simple fun!,5,0,1.1,2018-07-30 11:03:58,Thanks.,2018-07-31 12:42:05
gp:AOqpTOFQ-Gyx_pp6ogtTQ4uBulf5TEAAF-zjIhIe77-nx8lLhMpKvApUH6-oWYuj71sqqUY1gmv4ibzl_QBLjiA,Jim Wood,https://play-lh.googleusercontent.com/-C1l7GfN9Udw/AAAAAAAAAAI/AAAAAAAAAAA/AMZuuclPr-6_D-uShI6ZKgZo6wiHiZVrXw/photo.jpg,Great fun!,5,0,1.1,2018-07-30 08:50:41,,
gp:AOqpTOGg6s5t1-tFDavKRDnF8rYFX6N-6iubSCF6VbLVDIbGHlTEXRS7zbfcCBVfSd03CvxJUqNm20sHtjk6moM,Jonathan Mark Te,https://play-lh.googleusercontent.com/a-/AOh14Gjayc7qxMjnD7-9weWtatqITuSZZTrEohrDtX-_NQ,"Got it for free so it's all good. I'm happy with my ""purchase"". It's fun 
and very simple. I'm pretty sure I can get non-gamers to play the game.",5,0,1.1,2018-07-30 08:12:07,,
gp:AOqpTOFh4tgnj4BkpCRWn6uH9SBM2UwG33A_L5lF5hfiDuhGNV5oZP3aU_Tz0siM46Nui8EBLUejSJ7dMNImbFI,Jason Marchant,https://play-lh.googleusercontent.com/a-/AOh14Gi_jrvtpaPYThCoYQqxP7AxpLiWmp0GKDpqJn4pUQ,Another great board-to-mobile game by Thunderbox.,5,0,1.1,2018-07-30 06:36:47,"Thanks, Jason! :D",2018-07-31 12:42:50
gp:AOqpTOEmLx9f1DyB3Ph1WSm4rUJab8E-igS4W9OsOQII5aQCMQ_Fgx0MEQFhoKKUDSDe-pFF6HkGPMbg1oQ4Ims,Randy Meyer,https://play-lh.googleusercontent.com/a-/AOh14GhVHA4lBgy3nCDCsOcaja99ovKpiLHvbN_8LktUxg,"App freezes with a loading spinner before I can do anything. One time I was 
able to tap to ""open the box"", but it froze immediately after. I got the 
app for free and so far it's not worth the price.",1,1,1.1,2018-07-30 05:38:03,"Hi, Randy,
Sorry to hear about this. Something must be up. Drop us a line via our website and we will get you sorted ASAP.",2018-07-31 12:43:23
gp:AOqpTOFPWoiIZV8FyPJXHrzZxGrxzIeKn04QLMDYfrhJ6Jo3C2D89wOq6J1uEoelocpOamzzhA8ScUYCKZMQKgs,Why Bother,https://play-lh.googleusercontent.com/-gdxzJ7-ApSE/AAAAAAAAAAI/AAAAAAAAAAA/AMZuuck8H99ovKBuXkvH22z1v4XTRdI72Q/photo.jpg,Why the hell you need my device location and MANAGE CALLS permissions?,1,1,1.1,2018-07-07 03:18:22,"Hi, Yurii,
That's a very good question!

Roll For It! doesn't need this permission... it  crept into the app by mistake, and will be removed in the next update (available shortly).

In the meantime, please feel free to deny the permission request - it will have no effect on the game.

Apologies for any inconvenience or confusion caused!",2018-07-23 17:21:38
gp:AOqpTOFvTjv5gWjnarL5wfySydpoOwxcbRxiTbSq0SPs2MkOfpkjPqQ1kpkH1OiPanrJCBEBSqsJLd5WPwMK39I,Gary Jensen,https://play-lh.googleusercontent.com/-PowaRhqTYtU/AAAAAAAAAAI/AAAAAAAAAAA/AMZuuckm1K6KPrkPpRs5Jlt3ED9P-r5SSA/photo.jpg,Easy to learn and play. Good waste of time game,5,0,1.1,2018-07-03 22:51:59,"Thanks, Gary! :D",2018-07-23 17:21:59
gp:AOqpTOGBDUH4llwxDWVfSIw7yUTAD1SBYH-4bcNf2BnsSrht9SNH1HAE_JDWlwURaid1-oHJEneFcLHkdCidywg,Micah Biro,https://play-lh.googleusercontent.com/a-/AOh14Gi9mIVXyDLCi2f4NehnXMeUzVVbCZ9QRoqPM49jcw,"I found this through the tsuro app, & liked it enough that I bought a 
physical copy. Great fun!",5,0,1.1,2018-06-17 17:39:45,Woooh! We love it when we can introduce people to fun new board games. Thanks very much!!!! :D :D :D,2018-07-23 17:22:45
gp:AOqpTOGMKkHloUC6uHe2iZKnZIBA2ACxGyKToZb9PsAa8MQhXcIr2Qan2MSvql4SaTnAfEy3KsRrZzP2mhamoiQ,George Hammang,https://play-lh.googleusercontent.com/a-/AOh14GiQ6imgGeVPPba_h-_u9vI9N9mJ2CLxm6UmUMb8,I love the table top version and this is just like it.,5,0,1.1,2018-06-10 14:26:20,"Thanks, George. That's great to hear - we try hard to be authentic! :D",2018-07-23 17:27:40
gp:AOqpTOEFN6bsbJ6pjCKg5tyh7a0apl-Bk9TBfLevWJ4ytjLoGbSXinCwPWHfPj12riYzKr57AlEJvjt3PbHS5Pc,No SAUCE,https://play-lh.googleusercontent.com/a-/AOh14Gj0lyDBHPyB2JkA889ngJmTza-e-PYHiYN06h0eJDY,"Love it! But please get auto lock. This should have been included for the 
price I paid. You would think if the developers had tested this properly 
they would have been very annoyed by it not autolocking and it constantly 
switching all the time.",4,0,1.1,2018-06-09 08:46:37,"Hi there! Thanks for the great review.

For some reason, a few device's Autolock settings don't get passed through to Roll For It... That's why we added a setting to disable the ""Tilt to Zoom"" function. Open the menu, tap the gear icon, tap ""MORE"", then tap ""TILT TO ZOOM"" and your orientation will lock.

:D",2018-07-23 17:32:03
gp:AOqpTOHZcyE6kU-JOyHutkKSd4B7SRmC3GyT4CQRzki9GjKosl9K4fEYikoWUrCe7MRoRP8t4GOEoKkVnRbQr-Q,Eric Egenes,https://play-lh.googleusercontent.com/a-/AOh14GjnNB3e-pUvnJRWOx_LuvqmeIySR4_rHDdGM4id,"Simple and very fun. It would be nice to be able to lock rotation. It's 
also hard to grab onto the dice sometimes, and the board slides too much in 
landscape mode. I'd buy the complete extras pack if it were a buck cheaper, 
I already paid two bucks for it. UPDATE: It seems to get more laggy the 
more you play it. It's almost unplayable now! So slow and choppy!! I've 
reinstalled it and couple of times and it's fine the first time you play 
it, awful afterwards. I doubt I'll buy any expansions, unless it's fixed, 
because it's just too frustrating to play now.",3,3,1.1,2018-05-13 13:20:56,"Thanks for the thoughtful feedback, Eric. We'll see if we can address some of those points for the next update! :)

UPDATE: Rotation lock is ready to go for the next update... coming soon!
That creeping lag you mention sounds unusual... please drop us a line via our website so we can investigate ASAP! 

http://thunderboxentertainment.com/#contact",2018-04-02 09:43:56
gp:AOqpTOF3cZxmAys7FiJ2zv_9mNQmiHUNArkQqlANa_b0KN-3fhFafrieBgDPcRl1ONHKjBIVEMnwT5m_TyRMdnk,David Fears,https://play-lh.googleusercontent.com/a-/AOh14GgbVSaBr31h_v4GHmfAyFvnWExRPOvP3vqYSVXxqA,Cant change the dice I bought all dice and cant change them out,4,0,1.1,2018-05-13 12:43:05,"Hi David, thanks for the great rating!
Sorry to hear you can't access your dice. Drop us a line via our website and we will get you sorted ASAP!",2018-07-23 17:33:00
gp:AOqpTOGX8s0cX4w-IWFprkeKQIx3NlRa72izJhLihhArXk4plPd40B6IaTmuRMxfqWBAzQXBqcLuaR12dPqaLyI,our channel,https://play-lh.googleusercontent.com/a-/AOh14GisL7vaBwRkgl0Ud6eT9QUg0mACCRfOeEDAHhov4w,"It's a Great digital copy scroll for it. I have the actual game. So this 
allows me to play it on the move. Fantastic",5,1,1.1,2018-05-08 05:21:54,"Thanks, Mr S! :D",2018-07-23 17:33:18
gp:AOqpTOElSc17fUzV--V-i5kz3wWYzvaL5V4-WGxvVbYx5GSgAmltuRaHqozwJolGCFTtl0qZHM5pulJQXATzJKs,SA Howe,https://play-lh.googleusercontent.com/a-/AOh14Gg_0yiZfjux-R45fSAKCMCZgApyX-cStfuRZAlGYaQ,"The only downpoint is you can only use two dice designs at one time. I wish 
you could choose from them all for each game.",4,0,1.1,2018-05-01 18:15:48,Thanks for the kind review - we will see if we can address this in a future update! :D,2018-07-23 17:36:19
gp:AOqpTOE4Qx-g6W4cso2TZIMzwZ5fhk97JPBXCWJ3qv4dPF57ozLYaU27w2S9-0cMqsWA4a-pL11jr8I-hQTmL60,Chris Schumann,https://play-lh.googleusercontent.com/a-/AOh14GgQpz8V3eLX9KcysJCOVRZ12prsirdwp1BN0R1S2Q,Faithful adaptation of the real thing with great graphics,4,2,1.1,2018-04-28 16:09:52,"Thanks, Chris - glad you liked it! :D",2018-07-23 17:36:40
gp:AOqpTOF4g6K1_q8CAn5abaoMQaYiTLqqbuUnPKvUBV1hX0OSi9AC-Ci7Z19Jz3sbOaV5i6EZGHlSdVj4GrjDMEE,sandy wolf,https://play-lh.googleusercontent.com/a-/AOh14Gh1XbF4QznVNuHKNky4t3SndmY2wfglmuAjLswoOg,"All the issues noted in comments were not an issue for me. Perfect across 
the board.",5,1,1.1,2018-04-27 12:07:23,"Thanks, Sandy - that's really great to hear! :D",2018-07-23 17:37:01
gp:AOqpTOGabTb-8e5M6txOL4wsp6BFj-CmcfbSMyJCIpSkgQLKtQVWrrcQAwa9cf9la9MefCGkrOHFJ8SiwwL_BCQ,julien beer,https://play-lh.googleusercontent.com/a-/AOh14GgIvuIiZEcMZXp2BIfVplDPiJKhcPitF7zlDZ0_9Q,Love this game would be nice if it didn't crash every single time im playing online with frends,4,0,1.0,2018-04-03 11:16:18,Sorry to hear this Julien. We've worked hard to make the online experience as smooth as possible... drop us a line via our website and we can investigate!,2018-07-23 17:39:00
gp:AOqpTOFl3TPhL5NoAhEFkYb3O-XHkEgwzhq5kSRil16yODA4EJLX6ob98aaZcqEaPmuNKx517KXNzvtjTlo8Im8,Green Rasta,https://play-lh.googleusercontent.com/-XzHFwh9zGsk/AAAAAAAAAAI/AAAAAAAAAAA/AMZuucnhnIlD6kDD0fTCjYJdoIhqxiw00Q/photo.jpg,Good,5,0,1.0,2018-04-03 05:16:24,Thanks! :D,2018-07-23 17:39:07
gp:AOqpTOEG0bGsqfwVp16MlY-Ugq8JZrj-4pqW8Gu6DEAtTd_u54u7AJD3R2n0Efhvv1ydt6UOHVAz5oOXubMuoHw,Tina Martinez,https://play-lh.googleusercontent.com/a-/AOh14GhjS74KvLJNpGdKeo-lu5Y7yWnedfBsnQUX5Xc-axg,"As a fan of roll for it, I'm thrilled to see such a clean, well done app for the game. As much fun as the real life version and a great way to kill time in between other things or introduce someone to the game on the go.",5,1,1.0,2018-04-02 15:17:27,"Thanks, Tina. Roll For It! is a great game... all we had to do is not mess with it. :D",2018-07-23 17:39:42
gp:AOqpTOE3QY2XmVul1ANgOFwQFV9PX2Zjkd4e60-z7HBQZyMGpi3rkDtBdWeTZcDVPJrfAzvFqi51PLZzS4LD1wM,Gary Henderson,https://play-lh.googleusercontent.com/-KvBTwxkYwuE/AAAAAAAAAAI/AAAAAAAAAAA/AMZuucnUxUfm0K-xykFyXKHnfKir0HcCHA/photo.jpg,"Excellent game, but unfortunately i purchased it on my tablet and then my phone using the same google account. I then purchased the total red box and all dice, but unfortunately it will not work on my phone. Could someone please help.",4,0,,2018-03-27 04:35:49,"Hi, Gary. Drop us a line via our website and we will sort you out ASAP!",2018-07-23 17:40:39
gp:AOqpTOFyXCNnUvVxoiJujfuUgoY4UpCBTwId0Qfxb7My1L2Zs1QrIyo9iOOEfxGweVaniiiqYxh4xLy4C3qW9eU,Derrick Ganj dribblybob,https://play-lh.googleusercontent.com/a-/AOh14Gjkg9SfXB9tdcw0C9xk7gPEtgmB4CNsFivf8qAwOw,"Love the game, easy to find friends, family share is awesome. Only critique I have is that sometimes when I'm bouncing back and forth between apps Roll For It will have to completely restart. Haven't found any rhyme or reason for it yet but the running in background could use some tweaking... on my phone at least (LG G5)",5,2,1.0,2018-03-25 02:59:03,"Thanks, Derek - we will investigate!",2018-07-23 17:41:01
gp:AOqpTOEbgQ9bsELmRCWFL4FyYeiF4OkIBGRisrNmCW3Ioxe2DyspXw_nh2LGFJyrz8AJPrABXW6l26LWTF_jzVs,Paul Rioux,https://play-lh.googleusercontent.com/-FkGuI0djoRY/AAAAAAAAAAI/AAAAAAAAAAA/AMZuucnaD7u-xRV8BpJK2Gry04kTWBZnfQ/photo.jpg,"Soooo disappointed in this. The auto rotation is too touchy. Any prompt (such as when trying to exit the game) is blank (just white bar). Can't change AI level in options.....brutal. i love Roll for it (have the gold tin), but this was a waste of money. Not a fan of having to shake my phone...just let me tap the screen to roll!  P.s. It seems tap to roll is an option but i couldn't select it because the options section does not change when i click things.  I reinstalled the game and tap to roll seemed to be setup this time.  Currently reinstalling now to see what else may work. ...4th time. :(",2,0,1.0,2018-03-03 22:51:11,"Hi, Paul, sounds like you are having some trouble with Roll For It! Most of what you describe should definitely not be that way! You can change AI and Roll Method in the options, and we will be adding a rotation lock in the first update.  Please drop us a line via our website and we will get you sorted!
http://thunderboxentertainment.com/#contact",2018-03-14 11:30:12
gp:AOqpTOGbE0UQQSR6TiYDoYzSE9t2IuPl18MhNFEULtfFzj2M4IGEejeZ4tIEO6Xk7MXEfSwQpUMVFVp4WCRTP6A,Susan O,https://play-lh.googleusercontent.com/a-/AOh14Gga4T2rutWedO2xTr9xkm7Kdl3adfKWPyUXtS22Iw,"Love the game, but the lagging is crazy!!!  It shouldn't take that long to place my dice.  Fix that and my star rating will be back to 5!",4,0,1.0,2018-03-01 19:49:50,,
gp:AOqpTOHPwkdqyaglm__carnt56Pk6LNclusTU6Ej4WyrnTn0nz3l8fchy9K8DBMpz9m3UT-nNw_PGMnztmYhaVQ,Michel Bosman,https://play-lh.googleusercontent.com/a-/AOh14Ghj5oRsrPBPUWG-OlNaOrvyG-Csvrnn8wn1Zw,"Great implementation of the physical game, don't expect too much depth, fun little timewaster",3,0,1.0,2018-02-24 13:32:20,"Thanks for the balanced review, Michael!",2019-05-08 01:59:45
gp:AOqpTOHZ5ybJ0adIJupDQ9k8muDLFDUcDyXijhGNN57NmxF_4oYGP3t5eSaM0GGIqG20oWLiMroaUzfA207Gklc,Eric Roades,https://play-lh.googleusercontent.com/a-/AOh14GgXOiU_sT2wgnjTp-kRKxhL-AJnStLNv1BJ1YsbHw,Great game! Really captures the look and feel of the physical game.,5,1,1.0,2018-02-23 09:50:36,"Thanks, Eric! Glad you are having fun. :D",2018-02-25 06:28:50
gp:AOqpTOEaqlit-jD9G0_G3vTQ38pOWnDNqHFxeSr3TRR-nB2bxtgQlvDpvgzL1TjghwIKaWaKG3wy8ttF9EJhPk4,Chris Kulawiak,https://play-lh.googleusercontent.com/a-/AOh14Ggp8k3SHuPoyDQbxyQzS-6Xm655OW3eFmdxmd9Zpg,Been playing this game since it was just a demo board game. This mobile adaptation does the game justice! Great all around!,5,1,1.0,2018-02-22 11:01:47,"Thanks, Chris! Much appreciated. :D",2018-02-25 06:29:07
gp:AOqpTOFwdIGb7w3smqoCGORdAujiL-2zutj3E6mprsptDENzlxGt3QM3mk7rm7AILs5WRonQRFxh6ULHAzHUE8A,Arkador,https://play-lh.googleusercontent.com/a-/AOh14Gj-3vcdN-JbkNCtsvEbUrOm6oSrPmdnEQ84Zcwc,Great game on day of launch. Look forward to some improvements. Finding a random online player would make this 5 stars.,4,0,1.0,2018-02-21 11:32:38,"Hi there!
Thanks for the feedback.
Have you tried the Automatch feature?
It might be a  bit quiet while we start up, but games will stay active for a week so players have plenty of time to join.
You can find more info on this and other cool features in our FAQ: http://thunderboxentertainment.com/rfifaq/",2018-02-21 14:44:51
gp:AOqpTOEJ2S8WT5TboBv-lLeb00RolXNmgJVMHqefC8l5xrn5hjVJ56yEOSZvLTXx278tsu-KodFTYljoHNDrm9U,Jessica McKeown,https://play-lh.googleusercontent.com/a-/AOh14GhdxC7X6lOQhAsJUz79dd7NTuDLn6ANdA80kfQhAg,Love this game in real life and on this app. My son and I can spend all day playing.,5,2,1.0,2018-02-21 04:19:18,Thanks! So glad you are enjoying the game. :D,2018-02-21 06:05:38
gp:AOqpTOHF77Ds1NWPYL75ztXxcN8FI3VuVODB_SWk9nSXVJtQHD_O_ukyOvBeKMRRSla2vYObqGE6wSoHWTtvozg,Alex Barclay,https://play-lh.googleusercontent.com/-5UMEDiypoiQ/AAAAAAAAAAI/AAAAAAAAAAA/AMZuucnGKEgml7Sj80EKiISgDuGMvOsKxg/photo.jpg,"Looks great, and I love the physical shaking of the dice! The AI is good but I look forward to playing my friends!",5,1,1.0,2018-02-21 03:03:55,"Shake it up, Alex! Glad to hear you are rolling like a boss! :D",2018-02-21 06:06:24
