reviewId,userName,userImage,content,score,thumbsUpCount,reviewCreatedVersion,at,replyContent,repliedAt
gp:AOqpTOHnhYsnhJqMK53AscO6sHYtw31QebfIwskrHIKdf6-PXgSg9PZkTd-Vco-_72hLSDF31yrc-5DVVb_qdg,JazzMan O,https://play-lh.googleusercontent.com/a-/AOh14GgesoVS2J66m_akE5UuMNFCutHePG_M7LW3Ok18AqE,This game would Not run. So when I uninstalled and Tried to reinstall nothing. I have tried for a very long time. On 2 different phones. A note 5 and note 8. No luck.,1,0,1.0.2,2021-02-06 22:18:25,,
gp:AOqpTOH-l1dzcNxL21yp3VrJsQ_dKdJNZLSL6_zJPzLkRUWmhKwKBxFkl2yPfWHfiYluZRpW0RfS3dIH6FbyOw,Pasmo Boys,https://play-lh.googleusercontent.com/a-/AOh14GgEVo_G3NxpITwAi4GgbneCPW1bjWigVYg0dcNdyQ,I like it,5,0,1.0.2,2021-01-20 03:43:19,,
gp:AOqpTOEjsc-5omqDvcvYZSs4CahT07zNeft4mDRpjmL7uSvf7JjRN-tngXutmLtaKsNzuD5h1ARNn7JFxWGYPA,Bikemancody,https://play-lh.googleusercontent.com/a-/AOh14GijUMUmliW2LYV0OI3qgCWVmNbN1-dCcrDgzzDx,Bad A,5,0,1.0.2,2021-01-19 12:18:15,,
gp:AOqpTOEb-yKN2tJfdKdGE14X8ijq0GHMjgPhN9jMFLTRSw6Dr9ptvN9-DY82oP-vThqM-CluCtepap4Rybf07A,Danny Cronin,https://play-lh.googleusercontent.com/-0870mTBHQ6U/AAAAAAAAAAI/AAAAAAAAAAA/AMZuuclPvnnzPhPS7GOJgOFKlcXP-NRZdA/photo.jpg,I guess they haven't updated there game to Android 11. Won't download the updates. Are we going to get an update or a refund for the premium we paid for?,1,3,1.0.2,2021-01-17 03:29:24,,
gp:AOqpTOGNldbOds9x9TXiUL0IoblJmKIPXn8OufMQ5d3HJ_2jRNn2LBIN_bc6U7FzhzgozOGh7ZBi9zaPNAg6Dg,Omnislash Vince,https://play-lh.googleusercontent.com/a-/AOh14Gj9rNKW9kYeNvW3d96zSnuiQJ6IhMXnV1nuKOwsfw,Will not work on s20!,1,0,1.0.2,2021-01-14 08:37:24,,
gp:AOqpTOHqI-Au88BCDK1GvRlb7WgX6lh-FGermQL3YYgI5k6oJtpqvAAN8FpaJ3hBPL3ga99f2C6XTZrd2Y_mdQ,Max Spicer,https://play-lh.googleusercontent.com/-rYBB0xX-PsQ/AAAAAAAAAAI/AAAAAAAAAAA/AMZuuckvXgFkXrI2yPY7Tcvzf0qxWGZOJA/photo.jpg,"It's a really good game but after you download it, the game asks for updated but will never updated and you can't play the game",2,6,,2020-12-29 11:27:44,,
gp:AOqpTOG0NQQB3GqVrJMjqf8hOGDy1LlTwG-8OetuLoedC3vxD6pcW5ByIra2KcODWcgR5HkQumWjcMVlrv1NXw,Wagner Cesar,https://play-lh.googleusercontent.com/-OCprm3q8vUM/AAAAAAAAAAI/AAAAAAAAAAA/AMZuuckHmmkVgEGarX4x7gA9V9suzX6ALA/photo.jpg,To the people who brought the game the devs have not been working on anything seems liken there company shut down or people died who worked at it so it shut down Google play store hasn't taken it down idk why but yea,5,2,,2020-12-05 10:00:33,,
gp:AOqpTOGjzdqULO61zoNVqhwZFWfQBc5oueb3KKRfAckABsjXR_1-Uq0fJFKHBs46I3HxAXcXPzdFjfzy7zSS-w,Patrick Sweeney,https://play-lh.googleusercontent.com/a-/AOh14GhYPHKlkhBUWJmZMjT8HPviUilkkA9TEKFeEAUm0g,Bug..no 2xl games work,1,0,,2020-11-24 20:27:22,,
gp:AOqpTOHNdDM0OjJa2QuhFqRupaMmoiBB7-ab8cSxZdTya0PlkY4MaRCc_AGydHrLV9VX3Ul5U1aI6KZo7LOzhQ,Trevor Smith,https://play-lh.googleusercontent.com/-yaMJz-mlqho/AAAAAAAAAAI/AAAAAAAAAAA/AMZuucmMpyKUEO37HfDJoXQ3oysiQviG3Q/photo.jpg,Best game ever,5,0,1.0.2,2020-11-19 21:10:23,,
gp:AOqpTOGSEloeIrsNa9wucKg4qK__DgvJB_IaYiYA2Ru8p71nrXf4efDuWf7SH5SFsdbMT4mP8mqBNaW9I5mpbQ,War_Gamer_Kid,https://play-lh.googleusercontent.com/a-/AOh14GgNFnqxVISgmjEyvwY2APzwcXlbcmegLrp1vOWrFg,"Can't play, UPDATE THE GAME STUPID DEVELOPERS!!!",1,1,1.0.2,2020-10-24 19:05:26,,
gp:AOqpTOGGQwlosyYHGFqO92XfeyOEyEAeehGX2pH2n14gxjImjdpCCkshJob-Dz6J9LDNDKnOw2CGd5hcYRM-aA,Jett Joyner,https://play-lh.googleusercontent.com/-UeDRLc9yaa0/AAAAAAAAAAI/AAAAAAAAAAA/AMZuuclNULAcFcKiwWnmmsiWEp5chEdQXA/photo.jpg,FIX THE GAME,1,0,,2020-10-23 22:47:21,,
gp:AOqpTOEChGqJiFAPr51NDltq6oqstbsjwMlfolyx4lHAY3mhtE-Q38BsHL8A6E6r8XgQMFO-j7mu6grFhhrSlw,Ryan Croteau,https://play-lh.googleusercontent.com/-vCGcDRNEivI/AAAAAAAAAAI/AAAAAAAAAAA/AMZuuckza97BOFhx4N6BK_iV45ffAr5IBQ/photo.jpg,Doesn't work,1,0,1.0.2,2020-10-19 18:46:45,,
gp:AOqpTOE_dtNrcKaHXDy0uuTG1d8nabUxxoNMx9FRNhaGPJquDs6AXWF2L7x7yVuQZ8ONUsmFInVaTo3wKTe_Tg,muzlim07 Sta. Ana,https://play-lh.googleusercontent.com/-zvMBRW6zAvo/AAAAAAAAAAI/AAAAAAAAAAA/AMZuuclE2EaPTcyhOf9G_PV6ZTJt7DjFRw/photo.jpg,"It seems that everyone here who purchased this app experienced the same problem with mine. I hope the developer will fix this or if can""t be fixed better give a refund.",1,21,1.0.2,2020-09-24 03:28:27,,
gp:AOqpTOHFhzK2OwPyC-8TbBnXKNpZBfKajxbkFo0xxn7gWMtU37AU6PTHQ23Mx_rJbWMKtdT3I_G68WZb3SUgiQ,Sean Dillard,https://play-lh.googleusercontent.com/-SEmrgTb4ejE/AAAAAAAAAAI/AAAAAAAAAAA/AMZuuclmZQpIA1DVToRjumnBulcsv_dEkw/photo.jpg,After the initial download from Google Play it has a secondary download once it on your device that will never complete so I can never play the game I tried it on multiple devices same thing happened,1,23,1.0.2,2020-09-17 02:41:25,,
gp:AOqpTOHQJLS7MFPrGpk-Yz5_D3U2VUCMWHAsvOVCeRaih-2nxK4xGBEOVqlisjje3uUh3w8uisoUSeJ5G1f-5g,John Higgins,https://play-lh.googleusercontent.com/-uGo_65YTbGQ/AAAAAAAAAAI/AAAAAAAAAAA/AMZuucm7bfGjjl1LOnA3RNM3_e7i-aZwFA/photo.jpg,I played in a I phone but spent 4$ for it not to work update it or I want a refund,1,2,,2020-09-14 17:04:58,,
gp:AOqpTOHrTbeY5Ae5wq94-LkZ2aAfh98aKeNc1CEeLQ8eeDhiEwvVnsBJ6ZRVbDyIt51MiY-nxVYnyMBwM5E_lA,MickDan Stephens,https://play-lh.googleusercontent.com/-LsTNX8_91nA/AAAAAAAAAAI/AAAAAAAAAAA/AMZuucniudpfGZ04_n6ocsruKth6UJjM_A/photo.jpg,Bought the game and it has been downloading for over an hour. I have never had a game take this long to download. Anyone else have this pronlem?,2,3,,2020-09-07 20:10:40,,
gp:AOqpTOGQYv22FIA8uosVHk8kHzg3any6Zx3SPWZsIc_8wdI2rmcuzZYq7uz_ZCdh4Kic62CIAk8b_u7OiktbVw,Mantesh Mhalsekar,https://play-lh.googleusercontent.com/a-/AOh14Gg7AQGfYsJA7b3GR1BnhhRfjUxGZMCWe2oMajGAJA,I paid for this before now it's not working,1,3,1.0.2,2020-08-31 21:48:07,,
gp:AOqpTOGDvnLkPlvBVO5KFM0We-8bBt2UFb55hNS8uOIbKKi8ii6Jje0DAx-oh_1lecXUx-uOJJdUTM9qtZlhLg,Just A Fortnit Dummy,https://play-lh.googleusercontent.com/a-/AOh14GgwLZi8tieGszWfC80YYxejMveN48sMByDEYEa1,It wont let me re download it,1,2,1.0.2,2020-08-24 18:46:29,,
gp:AOqpTOFUiA4nQQwUh1DpNKmIvpqjOsax_Bb8rXvX25nyFtK4Xp5SOqVGd44LoRmls3xV6DilsIELSU-RXXcv8w,Coleman S,https://play-lh.googleusercontent.com/a-/AOh14GgKEnI8EeuzkoJiRITPzlkZRhRCQTv8CxHLZeqy,What Happened? Used to literally be the best racing game on here...,1,0,1.0.0,2020-08-03 08:24:41,,
gp:AOqpTOEOGTaJQtimPU_kFwAd5zyTbbSITTP209rLPn7wEu2mtNf3kHDmOGuXqs9-9ieVusPk91jNv2cZ1XoL8A,Josh Hooker,https://play-lh.googleusercontent.com/-2yaIV2DolEU/AAAAAAAAAAI/AAAAAAAAAAA/AMZuucl1Fs5Kl8nDhgQq6pgPoC7RuuCGcg/photo.jpg,Bad don't buy it,1,2,,2020-06-26 19:04:29,,
gp:AOqpTOEmXr3ly95wuMFVeiyxFQhSYpi0G88RKdi--Amds3z4MVgFAPT4wBYMdnVGtJjY9gg6gbMaMsJE8EfK8A,Chase Dizzie,https://play-lh.googleusercontent.com/a-/AOh14GgUFLDMgvNIEeI9aNe4htB9EB5odFcWEhPTyzaQxw,The greatest Moto/Supercross game ever on mobile and it's been abandoned. Doesn't work on Android 9 or above.. maybe not even 8 or 7. Not even sure if there was ever any controller support either.,1,33,1.0.2,2020-06-05 23:00:40,,
gp:AOqpTOGREUlM0j7zCyMpwWxRzofWSqSmNKDClf9M_w0KqvDxFx8OzwhoNTaqLEBFSMX27XVFMZ9EFZ5ivWttZg,The Daquevious Crew,https://play-lh.googleusercontent.com/a-/AOh14Gjcy4k1LfQ4m2rQ5JM20CMa9XPVhrEi1IvVpoPj,I love this game been playing it for awhile best supercross/dirt bike game out there!And then it stopped working please fixed this!😥,5,38,1.0.2,2020-05-25 16:33:30,,
gp:AOqpTOHm_uv4QboyiqY-HjrWfxL1Wo-d3iPBzhC2dXTnPt9setTdpc_uLUH5uDgWvmp5jHoDzoqH4BVCuxl2lg,kai kato,https://play-lh.googleusercontent.com/-7gi6SYO7S7I/AAAAAAAAAAI/AAAAAAAAAAA/AMZuucn0LwA48jmk8OZffb6lxz29fClCmw/photo.jpg,I want my money back. Does not work on my phone. Why is it in the play store if it doesnt work with android phones. Rip off,1,5,,2020-05-18 13:44:59,,
gp:AOqpTOGYqfjSUglxRipfNwZ9z0-G7_J2d52lcWSssetq8x4Qpd5KBEc4mzK_wr_u1rSPAUjBgLrqg0Dorruplw,Michael Lionnet,https://play-lh.googleusercontent.com/-WL9yIGZXljE/AAAAAAAAAAI/AAAAAAAAAAA/AMZuucnyKmuscg5RliqEih4ljWfCD8RTcg/photo.jpg,Bad doesnt work,1,2,,2020-04-23 12:35:24,,
gp:AOqpTOE4iicAOiSnhuPJUCoWoMeJUlaxmEIpw_2qiGOc9PHQgReOXOaGiwjeq7ccc9uIN12L8eXKQXxgiETEFw,Aa Cc,https://play-lh.googleusercontent.com/-kgPiNpTgKUQ/AAAAAAAAAAI/AAAAAAAAAAA/AMZuuclGBFfvl4JOLRcLGMcopYS3sJn-FA/photo.jpg,Fix problem don't work on new phones,1,0,1.0.2,2020-03-20 14:52:16,,
gp:AOqpTOGAk-2OVESodackg-VE-1bDXqv5zYZDKekVyzc33YM_QMt0Aes-i8C6b1N5br6gsy3g72vre1LT_yqs0A,John Mangione,https://play-lh.googleusercontent.com/a-/AOh14GgOgc01LwNlXg6XsI8h0cJ18lWLwPfhHsuR9zT1CA,Doesnt work because I need an older version of android. Please fix this,1,15,1.0.2,2020-03-11 07:52:48,,
gp:AOqpTOFioiKR8En2009MRhrbrumA9KUchaBkHnG7nSE6W5Q6kUdWdyi6xIQR5hrVzWF2Nb2P4BpBhmwbQ1uBHw,Jesse Wylie,https://play-lh.googleusercontent.com/a-/AOh14GgqTBEXKsXKZjFXTkPcE_W9dss2bIVzd8ZiFRx1,Does not work on newer OS,1,2,,2020-03-02 08:39:54,,
gp:AOqpTOFpCXPhdq_wl5w2OcNZHFiRpC8H9Zp8--HvWeTCPMlIjUO4N7tQHzSYXTcG2PcIlNnUOMc3zfNboQCHGg,Jacob Norville,https://play-lh.googleusercontent.com/-SBzwdlVw40Q/AAAAAAAAAAI/AAAAAAAAAAA/AMZuuckQgqKHlxzuZPmCtOmgdeV0Fdy4lA/photo.jpg,This game sucks it never loads and it don't even work my advice don't download 😠,1,3,,2020-03-02 08:33:36,,
gp:AOqpTOGGUnbFkIDJlO5SsPuTergAg2MtWrgwSbotBRy8hkpnnFtULWe2nblER1jZ_GYwxPISnLPYMvqc60wUQQ,Weber Frick Sawmill,https://play-lh.googleusercontent.com/a-/AOh14Gicr7brfCFWKvaO2m6PLbTu0j49_nohs9Cj4U2I_Q,Favorite game I hate it quit working,5,5,1.0.2,2020-03-01 20:53:43,,
gp:AOqpTOGw5zaNGqxPBZG5IkFsVpN5OxYsZ2QKl3hWwSq5GysMhxtotTMH4Ww-SERM7CpET99iMguioCDtILaOtw,LB GAMES,https://play-lh.googleusercontent.com/a-/AOh14Ghy4dM0WtiUKsWKP-234cu2Z8YPzAP8Yzm2vglGIw,I purchased the game on my phone it will not download I can't even play the game,1,3,1.0.2,2020-01-27 11:02:44,,
gp:AOqpTOFOnuvlockxeMgD0rI0e4qi_F6piUgM8Q6Zu-88CSnbWbvO_vlNJG1yDgbBg4PvsRzs5UKLv12-jiPbjg,Derek J.,https://play-lh.googleusercontent.com/a-/AOh14GiNgP8xFR2uef3aY9bgFHUXpUxXg0JmTaKqXoQm4w,Great when I can get the game to work,2,2,1.0.2,2020-01-16 13:21:07,,
gp:AOqpTOEiHSc18kq9Mt-jw-b30TWsL-5wxrwMmCq4Ay-3yTQukeCw6fMVhWESiqO1RYKjXYAnA5ScDZozW9L80g,Lucas Anderson,https://play-lh.googleusercontent.com/-vrX3m7aAzcU/AAAAAAAAAAI/AAAAAAAAAAA/AMZuucll1xm5N_PNdB6i4b8QQ6xLKKCqKQ/photo.jpg,Wouldn't work at all,1,2,,2020-01-07 12:58:47,,
gp:AOqpTOGc8fSKpG1IK5iv77jH3gm-nK3vGmFKs0L8qwFPstMD01es5bg16lamO7dnhroIoeem8RjtPFlFx_ApKA,Rob 1999,https://play-lh.googleusercontent.com/a-/AOh14Gg4aXlcFHhv2tkupW7E_r6gI8wHIrRII4-WrPfYig,Ut wouldnt let me play 🙄😑,1,3,,2019-12-28 14:46:39,,
gp:AOqpTOFjiAUnUTqzopM5UfOD4UMCknLHLlT3-ERTHC3lYEmb3FYE4mF-sCpo3wh_6MHjrCwx94UiRamHEXcgXg,Ondrej Svoboda,https://play-lh.googleusercontent.com/-Z3Xa274uUqE/AAAAAAAAAAI/AAAAAAAAAAA/AMZuucll5sHE49pqs7VWAwgKKct9092bLQ/photo.jpg,Does not work,1,3,,2019-12-24 04:53:15,,
gp:AOqpTOF1izVhOKuH0GsfsvuayJwZbEHuHVG9Li5XwiMIHwiSxjIIXboRQ4-4JZH__AUgXYimkAGKQnewXOO3Ig,Bev Carney,https://play-lh.googleusercontent.com/-UF2iKN9imHY/AAAAAAAAAAI/AAAAAAAAAAA/AMZuucljOf6MEIRyo_HwQP1JEb-Ot5DieA/photo.jpg,i purchased this app today and it will not open. Waste of my money. Not at all happy😡😡😡,1,7,1.0.2,2019-12-18 22:47:40,,
gp:AOqpTOHn7HTmpMyVo8t0G2meAAwthglMUXb6SjBfzTqNijckqS_iMWcbiC18an847XmdfOEEtbwKBAQpI4MR-A,Scott Barr,https://play-lh.googleusercontent.com/a-/AOh14GgTYRKz8AZpqfxKrIQVaj6HeYRvbFWsYdPbUKhD,"Do not buy. No longer runs under Android 10 Starts, wants to check for updates, fails. This used to be a fun game.",1,32,,2019-12-07 21:24:02,,
gp:AOqpTOEILhLY2CXP7UpyABiWDiT8wWCA1eL_44DSNz7p9-5Om6-GyXocSIKDFWQmuPfCXc81qNX4fDjP7iIdqA,Cindi E,https://play-lh.googleusercontent.com/a-/AOh14Ghgr6VF9HairyKWfBOPuWU4IBBz5QZbS1Z9si81,Or I,1,0,1.0.2,2019-09-16 06:15:30,,
gp:AOqpTOEiJ11mavbRHijv9xvlDmLwcvRP-9XHekP0TzmHpMR1YlFH6dLnP1zhsnY31htDvmXZ_vcmyGIGVnHT-g,Jacob Fonseca,https://play-lh.googleusercontent.com/-u7viCfB1hNE/AAAAAAAAAAI/AAAAAAAAAAA/AMZuuckmzSgbIH83mvBLGfKIf1qD4IlWkQ/photo.jpg,it downloaded great but it was laggy and not good,2,7,1.0.2,2019-07-07 17:58:00,,
gp:AOqpTOFf6nnPA6fBIgLCZCTySnpG1XbwNMPPDGH4djLZiIKZey5qNshBflEVoi1WgUFxJmRPo15YsGu7ADFMvg,bananadabs fgip,https://play-lh.googleusercontent.com/a-/AOh14GjclnGW5qTE4DvxmXaH5MjOIC0isB6bjwvewlrMZg,it keep saying retry and i sick of the game i want my money back,1,11,1.0.2,2019-07-02 22:31:12,,
gp:AOqpTOGvzK5n2PU1uexFG9R6mOwkAAo2yVwh1C0BcuNdzUsSOBOf8QMvhWOQ9BCPH2JpvMRMydiYvw9VG7DIdg,Nichole Huhn,https://play-lh.googleusercontent.com/-pjfs8d0tXLg/AAAAAAAAAAI/AAAAAAAAAAA/AMZuucl7m_5d5myAG64yg-ERIRfnRDrZSA/photo.jpg,wont load after purchase,2,4,,2019-06-23 17:03:52,,
gp:AOqpTOGXLYYgLGV4iZSjTCBjS8HgLAqXbhFBHj6Nyw9spq0-UQW47d_z6lXvYYCCdmCXZCR-twRnOxQrAWIdog,Gavinator bellefeuille,https://play-lh.googleusercontent.com/a-/AOh14GjsDFW9KLxqcTyAa7To0O_KPQlHh0hwqwC4Ou9rQQ,Very fun,5,3,1.0.2,2019-06-22 19:49:20,,
gp:AOqpTOFFgOt1-SlPfoy5-V53AYDgdEcYKqxFQnPKYkziKr3aRU74RKeaigU8OmBquAmRpwQUPqojHMdHJSl-Qw,Levi Winter,https://play-lh.googleusercontent.com/-22fp5wIed6w/AAAAAAAAAAI/AAAAAAAAAAA/AMZuucnctxouGgbaLGeGZoLGwj88z1ygQA/photo.jpg,"Can't redownload it, cause i already bought the game and some reason i jave to pay to get at again plz fix",1,0,,2019-05-12 12:01:55,,
gp:AOqpTOEnMXY4kOIJdxzsPdF_7c0x2CewgHJCFD4dv2zAWfQOE7_T05JR8KZf-BgWkYZpopWX4DXgYKxNZG4Qzg,Tanner Quaresma,https://play-lh.googleusercontent.com/a-/AOh14Gh_PIS5zeUtLspJLTLcs32uF4fad8fp5DoLNnkXag,Mine won't update.,5,8,1.0.2,2019-05-05 17:28:11,,
gp:AOqpTOHGoVree9IIj2-EyE1sZdgyNwKv2dmJ1_DEnJoq54LS7vTAUquhjEzMzw4wEQUMC4nFxLVL-FA-TtsNgg,Billy Garcia,https://play-lh.googleusercontent.com/a-/AOh14Gh9aa0rdPA5JYcO-3fhUmK2OxQC9fOcBAw4IJ7ItA,good game,5,1,1.0.2,2019-04-13 22:51:24,,
gp:AOqpTOFD1J5nujGf0Yyu9HJ-2ukHv4BXhMNrN6y2EIboOymYgGiKXSKtyaY20S7R8IpTz6tEoIHL--PwGDettQ,Kiki Rahdiansyah,https://play-lh.googleusercontent.com/a-/AOh14Gjt-1ULbissPNwopEc2ampG6jWy8D_ZRR68gQaSMw,aaaaaaaaa,3,0,1.0.2,2019-04-08 12:29:54,,
gp:AOqpTOG1aDLG9UXg2iDCeHyw4ZZBg-0m1M9hsiyNAjjdIyGreXJLIP9rJScvcEnJrMexXbM_pJ_yaPwBD-seKw,Roy Ross,https://play-lh.googleusercontent.com/-O318V7fkdmM/AAAAAAAAAAI/AAAAAAAAAAA/AMZuucmCeWiX_Guofh-eOI4iKhWohIpkww/photo.jpg,won't download properly. tried buying it twice. now trouble getting money back in second purchase !!,1,11,,2019-04-01 07:39:16,,
gp:AOqpTOH0pQrCSz7EQHq81Z7i7W2FZsChqpV3aLAqu-BatIzfIlJxOJdkSukSZ6LPmvUWY02yXkm8Xtl3w5C3yQ,A Google user,https://play-lh.googleusercontent.com/EGemoI2NTXmTsBVtJqk8jxF9rh8ApRWfsIMQSt2uE4OcpQqbFu7f7NbTK05lx80nuSijCz7sc3a277R67g,its dumb wont even work i got it and it says i need to download again and everytime i try to it never works.,1,11,,2019-03-30 13:26:18,,
gp:AOqpTOG5FAye4ulc71NrhRpa7oit6ZnrzL2KoU_3k5L14kLS_esoH1i3u38BmIwrNB2ybZub6eJeJqnpMOASVQ,tee jay Ostler,https://play-lh.googleusercontent.com/a-/AOh14GjpIpkbyBZctOS_z-5N5-NH7s7d2iIsrG2MGwtyjA,post this one end the Ricky Carmichael Motocross matchup I paid for neither one of them are working it's very upsetting,1,11,,2019-03-23 01:04:08,,
gp:AOqpTOHYDLbhC9q4CRtCqYX1P-bZBzm8Rs40GCsKcn-8zga8wrnrEUMJGNDEpXw2P6GlxXV8ynLk64UDQtdnqA,A Google user,https://play-lh.googleusercontent.com/EGemoI2NTXmTsBVtJqk8jxF9rh8ApRWfsIMQSt2uE4OcpQqbFu7f7NbTK05lx80nuSijCz7sc3a277R67g,Wouldn't download,3,5,,2019-03-22 00:19:26,,
gp:AOqpTOHmjkInupXU7M4veLBd7-j45pZ7m4lbYlUK1gEGRPZGGyPbXnjLNedbvmXBaaQ0DyOHOQ2N5nP6_XVMKg,kev davies,https://play-lh.googleusercontent.com/-Rdh0VspTCqY/AAAAAAAAAAI/AAAAAAAAAAA/AMZuucks2SMzUNVYFcdgdvSIGOAV0wPyRw/photo.jpg,want a refund.. nearly 5 quid for nothing,1,6,,2019-03-17 09:21:09,,
gp:AOqpTOElft2yNn1ek-emtceogRJFZIvp_woyr8jk8WHWrWVS_jflIlx9Ow8O_cwrtBNh4tXK8NdNISL7krl1AA,A Google user,https://play-lh.googleusercontent.com/EGemoI2NTXmTsBVtJqk8jxF9rh8ApRWfsIMQSt2uE4OcpQqbFu7f7NbTK05lx80nuSijCz7sc3a277R67g,Game will not load,1,6,,2019-03-17 06:34:41,,
gp:AOqpTOHxs_tUKlDMX1Z0vXlhakL7H-dc9IHH5fMF4HiES0-RhQOEDAwl7wQFC2z7X21QrY-msdI9MXe9diTNzA,A Google user,https://play-lh.googleusercontent.com/EGemoI2NTXmTsBVtJqk8jxF9rh8ApRWfsIMQSt2uE4OcpQqbFu7f7NbTK05lx80nuSijCz7sc3a277R67g,trash,4,12,1.0.2,2019-03-15 15:49:19,,
gp:AOqpTOEQ-Gr7yoBdL8gRC2X2xomoHEbQF1vM5F23KE-aq-qvjFhP4RF7iB13kiSWY7hzu69J4Fq4qnRcW7qkcg,Ian Faulkner,https://play-lh.googleusercontent.com/a-/AOh14GgX2esn0xhJMuR8lH-Dh3SFUYGE5bqiQzQuRQK7,"i bought this game because i thought it looked cool but, it downloaded fine until i came to play when, it in mformed me it needed to download updates. it looks like it is doing something for about 30seconds then says it wasnt installed properly try again and keeps repeating this! 😠😡😠🤬",1,187,1.0.2,2019-03-11 13:00:36,,
gp:AOqpTOEVIUMFvNDcQF2c958H1x95GWpL6QgqXrD8a1ofqqMzIxaMCpo5QNTW7nvVfmmN8K-kwhGerAzOuHScQA,Joshua Williams,https://play-lh.googleusercontent.com/-11u7KaC1CTw/AAAAAAAAAAI/AAAAAAAAAAA/AMZuucn4moO-JA2-JMsSzDkupebVrMNiwQ/photo.jpg,Higly rubbish game would love a refund for this game,1,7,,2019-01-28 01:38:07,,
gp:AOqpTOERelc99UpJ5SH7FyfAxc8LP4ZX7kVMly_FHH3MM8rNtYAffZb2iOBvDA1fHqz3lDz1zQXaecJloGggIg,A Google user,https://play-lh.googleusercontent.com/EGemoI2NTXmTsBVtJqk8jxF9rh8ApRWfsIMQSt2uE4OcpQqbFu7f7NbTK05lx80nuSijCz7sc3a277R67g,It will not download and now i cant get my money back the scammers,1,24,1.0.2,2018-11-24 22:30:03,,
gp:AOqpTOHaF--gSZ8fyiUkwBVrBvc7DmRaOxu6A4rTpTMZth4fZuId0T3IxHCoqoEPeVWvnYkOng2OWn4dkt04lA,Annie Lee,https://play-lh.googleusercontent.com/-u8EMPqlX_iY/AAAAAAAAAAI/AAAAAAAAAAA/AMZuucmQEPW_b1tsiqm5n6P2R_OG9BHSpg/photo.jpg,It won't work,1,5,1.0.2,2018-11-18 09:02:54,,
gp:AOqpTOG4nTs9pFwxle0L-oBaPMGP-_gvGO4DdE4EzEv3jrthHF2iY7YGMBOUVT63bdnn4O2g9B2TLOzmm9JypA,Robert Story,https://play-lh.googleusercontent.com/a-/AOh14GjMHyAeZtR0J-8ikvMgYWFU8AlpIjg8KOPBvWltVw,Good game,5,0,,2018-10-31 23:30:35,,
gp:AOqpTOFu1YayxjPA7RLuE-kxNNrtKhPy65j1hW7Ojc_T0XsEWkyaKOj9Gu_8mR3apvACx8-HRdBxoDIePXWT7g,Jayden Martin,https://play-lh.googleusercontent.com/-U6j7QXbE79Y/AAAAAAAAAAI/AAAAAAAAAAA/AMZuuckStb8cgl1oK8mjxfDOeHsWDHHytQ/photo.jpg,I like the game,5,88,1.0.2,2018-10-17 01:00:17,,
gp:AOqpTOEkE3mx2Ej1_GCbcALSVZxMUtTU2R1ZLt6WQAxGYREfrhamRZs_SkgzapBZ1lV2WCzwQczB9As68koXPQ,A Google user,https://play-lh.googleusercontent.com/EGemoI2NTXmTsBVtJqk8jxF9rh8ApRWfsIMQSt2uE4OcpQqbFu7f7NbTK05lx80nuSijCz7sc3a277R67g,the game is fun but make 85s and 65s and 50 and a section called customize rider,4,1,1.0.2,2018-09-09 16:17:21,,
gp:AOqpTOHgJAVVKEC8ULQAG6NgmtcC5CPyJhdIVVyYio0WBkEcLpqXCl6y_N6Pmk03mfzIGK67dtvnaSRyp3KYoA,Yesson Dilone,https://play-lh.googleusercontent.com/a-/AOh14GhjvLczmAcdcM6wi5Pa6mVvYCtSsoMonUwWVN3sPg,The resolution is bad,1,1,1.0.2,2018-08-29 07:07:40,,
gp:AOqpTOEUdXDdxEHLs2ySaFaQBdS7AdEm6REChEdmT9iK-NtcuPCYVKpzWh8LW9Y6k9dBSyv0vZmZFmcd4ND2mQ,Dylan Cris,https://play-lh.googleusercontent.com/a-/AOh14GgmxqFP5j7yOfPeTrcbBIMbNT_p91MeFdvMaWniZw,I love it and it is so adictive,5,1,1.0.2,2018-08-25 07:13:14,,
gp:AOqpTOFr7dvZGPvmKwgXu9QLCDHypWye0hFoyKqB_Cp-eMevCr0uC5_tExi3OEjkQ03FwGQWLRC7IHcyu4cGlg,A Google user,https://play-lh.googleusercontent.com/EGemoI2NTXmTsBVtJqk8jxF9rh8ApRWfsIMQSt2uE4OcpQqbFu7f7NbTK05lx80nuSijCz7sc3a277R67g,Awesome,5,1,1.0.2,2018-08-17 13:38:20,,
gp:AOqpTOEVGzp0-blvHGM9ScPpISYcG6wp-lnzFXyl0P0jZcdojtQJToIKv1mv_lw-d0PC9NI2-UUaJ66oQAWZbQ,Jamie Hampton,https://play-lh.googleusercontent.com/-Hyix_XnnBjQ/AAAAAAAAAAI/AAAAAAAAAAA/AMZuucmj9q0uGtXO-TylZ_OorSYfr-OTQg/photo.jpg,It wont let me down load,1,0,,2018-06-18 09:57:54,,
gp:AOqpTOHOmry0seEF2dY-5x-zTfHtRVYzFZmScJdJet_Zdd8SL1SJ3da9tzB7BvaPvU5DXCTOuZUgEsFhc-A-2A,Karen Northup,https://play-lh.googleusercontent.com/-gWUM0aylxGQ/AAAAAAAAAAI/AAAAAAAAAAA/AMZuuckIMoaIdnX2FtgK6PHRGybM-VSwyQ/photo.jpg,Awesome game. I played for the whole thing. Wish the ai were a bit harder.,4,0,1.0.2,2018-04-27 14:45:29,,
gp:AOqpTOHLNxe1hdU0o1SvRBIxJ3a4IU4CPlxXtpnWYcLEuD7ouqdHIAaVYDEbYpl4nfHEVWZsq4FypemfGHMrxA,billy bob,https://play-lh.googleusercontent.com/a-/AOh14GhKjRq7hOea1G7mlRGtSLduZ9R_MjC2rLNGSuP5Ng,Kool,5,1,1.0.2,2018-04-21 06:57:27,,
gp:AOqpTOHaqJE0TUdQvvSsgfLku2K__8CZifiAP-01IOa818h4mS5QGTzWt9LZQ4tc1ELbtNs70FJUtWmSbI0djA,weloveanimalsxx,https://play-lh.googleusercontent.com/a-/AOh14GhucThNzahVB2WL35rnonIMt7LveZ5fMVN0hlQR,"Amazing!!! Definitely get it, well worth five buks! Amazing gameplay, graphics, controls and heaps of tracks! Great customisation and diff. Bikes Get it!!!",5,1,1.0.2,2018-04-11 16:50:53,,
gp:AOqpTOHKNhEOgqS0mYCNMlRuBcgVEvGygKDIVNHw0esUdrIh44BnBZXfPWFqvaNj7jLTpocPmhi4L2goKWhLxA,Sketter Ray,https://play-lh.googleusercontent.com/a-/AOh14GgG7IPq4MPI2CrnFaQABtEpmBKbaF3fTGtoeiou,It sucks a big one,1,0,1.0.2,2018-04-01 03:51:43,,
gp:AOqpTOEMjyI8DeJg_LygidtjL4eonKwKZ6YCDmyRtoV2DOyHz-V9nMBhBcPBeNxa-nXnCNln_sbvFaXqfgd33g,Jasmine Neely,https://play-lh.googleusercontent.com/a-/AOh14GgozgIg1bb2_OSZ9dy8dlC3v3uf0M-HvKnLl1JSYA,This game is awesome,5,1,,2018-03-10 17:28:22,,
gp:AOqpTOGyFRhmZsmTbHwWuv8I6hF1PgIFOhBBUAf3ClQODYZbN65UGlfSafeR2AC9cA5t9GrQqZyK3qDriLWVFA,Levi Klatt,https://play-lh.googleusercontent.com/a-/AOh14GgqqB41mGwCj70CF8sWoHdC9zt0ZT_jozuWLt4Rvg,"It freaking would not let me play the game, I go in to play and I just get a damn audio clip. I did not pay $5.99 for a damn audio clip, I paid for the game. You better fix this! I'm highly unimpressed, It used to let me play but it won't anymore and I've had the game long enough that I can't refund it. Fix the problem or I want my money back.",1,7,1.0.2,2018-02-04 00:26:10,,
gp:AOqpTOEc-yAepznjgsem6wEFZC8U4chaQZ4Woq_PIwA3K_urR4bg8xw5RNpFshacfjJQf8fX2AZR11-ToqyBBw,brendon john,https://play-lh.googleusercontent.com/-0BpIYmoUWpw/AAAAAAAAAAI/AAAAAAAAAAA/AMZuuclJ9dpTmyBZXtZIrwyhLpBwPOFiGw/photo.jpg,I'm a rider myself its really fun.,5,1,1.0.2,2018-02-01 23:23:23,,
gp:AOqpTOE5-JWgu9Ug4lR_6SJvCIOS_gItHc617BGCnof4Fv8TTGxTAWjaAXWuAFAVJ0W_idM-vdqniY8i5fZo0A,Annoying paper,https://play-lh.googleusercontent.com/a-/AOh14GhdhGg__R-Jvl9Mz5i2mNjxRANfKUel0yc47EeaQg,Rubbish,1,1,1.0.2,2018-01-14 04:24:07,,
gp:AOqpTOEk4jNrp9un53gmP5A6fpDwWYFKvvBuV9jxpzD6mczigQ4nbbkW2NR_KmA-LHvjg2wetflhKzMOOGo6cQ,Joshua Dempster,https://play-lh.googleusercontent.com/a-/AOh14GgnURfioHaubG-PJp0yzjHJXaXa6oQBmudIuLPR,It doesn't work,1,0,,2018-01-13 18:10:06,,
gp:AOqpTOFO78lAZWUUuQazpIqNXbBewsBxWtrOZJonYcxfGNlvnnoXqC-tgeC8MSCReiJJVokxBS0Mmkixfx5lqw,Bryce Johnson,https://play-lh.googleusercontent.com/-D_Ew6Hrlysc/AAAAAAAAAAI/AAAAAAAAAAA/AMZuuck0MtE3QTWIyE-zziPAeuC4fX4BQw/photo.jpg,Spent 5 bucks just to say download failed after just downloaded stupid terrible game,1,0,1.0.2,2018-01-13 10:41:24,,
gp:AOqpTOFbCG32Ob2jFHx1KJ2sQtqHGAtiRqCoi8aOiXBkZc2eJZGOdLVl7DydyfzQ0jIS07TSjGQxSqtZPefTbg,Melonman4234,https://play-lh.googleusercontent.com/a-/AOh14GjT5ODMeaIWky5rHk1quLAzFx4-Im0l5uW_g9Datg,"Great game. Wish there was button controls, but not a big deal for me anyway. And maybe some ATV's in the future?",4,1,1.0.2,2018-01-09 11:55:24,,
gp:AOqpTOFcQaEbU7XFBULKeq4xvzvj7Kk4eJHYx6A__Nu0t6kxDorXKqPtnMF-Q2hHC0eOr2cvtvnn2WGDCePGiA,farmerk,https://play-lh.googleusercontent.com/a-/AOh14GiA-wCE0qpZSl9LCqpaVcvIiFKZzV0SBExIv8cFHA,"Very good, but some improvements could be made.",4,1,1.0.2,2017-12-31 18:24:27,,
gp:AOqpTOFPu_yhn7AvaVc5kkZnP1zY5etEeVmhjZ99V6xp6JssTalZKwxYSjHpTCz4DG3IFfZKazCtT201tzQuuQ,WheelieWaffle1 1,https://play-lh.googleusercontent.com/-nlmO6hsuoz8/AAAAAAAAAAI/AAAAAAAAAAA/AMZuucnk__y-1k7Vj1PDvvhJqyr7w_UoMw/photo.jpg,Best game ever,5,2,1.0.2,2017-12-27 17:37:58,,
gp:AOqpTOHOmEwgxNRptaL7HaSyw1O75VMSm7Crny28xvmLnfsK7GTgcSULfzhY2Tyg6Kg_ZrH_PK_Y6vqckPEv_w,Larry Farmer,https://play-lh.googleusercontent.com/-3zt6Zy5ja5E/AAAAAAAAAAI/AAAAAAAAAAA/AMZuucmu6q9w2EWBbLyqVU0nb4mX-W4w_g/photo.jpg,IBM love it,5,1,1.0.2,2017-12-26 18:23:34,,
gp:AOqpTOG7DQTGJEorlJTW2aIFJmS5tOlHm1Z9JmHRFtQCnDKEC6WOx2D7PRs0hmg2EepHXI8e5cHKpbUOM7wc4Q,Kasyn Dunn,https://play-lh.googleusercontent.com/a-/AOh14GgaBFGy-ydkr207KpEjjmCricMWhI7McdwsGNHa,Good,5,1,,2017-11-09 18:32:30,,
gp:AOqpTOHRz4-wqu1Y1hQLwa7GnVTz_eIvsFPUeMlRCQjCyV9v4AucZJZeb_KEUXtKdh3C-jiA9F5N4f7x5l9hcw,Henry Greaves,https://play-lh.googleusercontent.com/a-/AOh14GiyLsYyc6iz1ARrcnHodwS7nHdO51S_HH1iakQjDA,It is great,5,1,1.0.2,2017-11-02 18:43:58,,
gp:AOqpTOGSs4umtYIPwiUHtxHgkuOxf1DWKiLpVJ7kXSILbpkusZdzPnwD_UwTNS0bG7M1dWhAglS3BU1iKI7haw,Zach Sylvestre,https://play-lh.googleusercontent.com/-yvnzad1med0/AAAAAAAAAAI/AAAAAAAAAAA/AMZuucnvpd9-5vK6LuSI0_aVdNj2YBpSSQ/photo.jpg,I like the game alot ust to play it wen I was a kid but I wish the creators would fix the drivers on free free rome they always do donuts and I rash into them,5,1,1.0.2,2017-10-19 04:57:20,,
gp:AOqpTOG1GmXWYBvtTPQuEVaz0YHBbJ4AuXMYrMf27eHulHHd8gZNYOjsAue1U04_TluEthUeBaUPjfTaITGnIQ,Boom _9,https://play-lh.googleusercontent.com/a-/AOh14GjSmrbSovAyEZCI2TwLp-P3b732HwcwMaT-dm3K,"The controls hurt,since it's so low to the bottom it hurts to move it to the left (right for left handed people)and I would honestly like someone to fix that plz but besides that it's really good.",3,0,1.0.2,2017-10-10 12:05:49,,
gp:AOqpTOG9YCT6CEoZ10jn9X5gVvMvCxfmqgZ0oOENFlumkvQsIpB57GLxw9uN5yxHkROnlQRR8ZYYPzbfldDxIg,Alan Vodicka,https://play-lh.googleusercontent.com/-6SztgDSr2H4/AAAAAAAAAAI/AAAAAAAAAAA/AMZuuck49QZVPbCFIttfIgYEBtrtOadk2Q/photo.jpg,I wanted this game to work. There must be a glitch on moto g5. controls work sporadically. Cutting in and out. Can't really get into a race if the gas button stops working. Same with steering slider. The steering tilt is too loose needs to be tightened. My phone needs to tilt 90 degrees to turn. Too much. Can't focus on race if the picture is always rotating back and forth so much. If I could get my money back I would. It has potential to be a great game. The control issues give it a fail.,1,31,1.0.2,2017-09-30 12:45:40,,
gp:AOqpTOHAgQKlABl7hgFAdya8wynRlvg3y3cIFrqIDPRwT9_jt2p0b28kwkjqAH6fd7i7c6cVm6D7fZQqBFC45g,Jayhden Kruger,https://play-lh.googleusercontent.com/-3aSbpbvO7xI/AAAAAAAAAAI/AAAAAAAAAAA/AMZuucl19jHaysFpEwM3a3dYtx6MCC35oA/photo.jpg,Its a great game loved it,5,1,1.0.2,2017-08-10 11:47:45,,
gp:AOqpTOHCEcy06lYQAc-e8WJFJOHIfFna5wm5lcTUVIAFyj6GWrjyepJp7D3xduJ1U8sU8e5urqiW4DvMYjZxSg,Mason,https://play-lh.googleusercontent.com/a-/AOh14GglDOvJpK5FHVkiXyt7-761kcg2ACLRoNcVY_kX,"Pretty fun so many fun tracks to choose from, but can you use the five dollars we are paying to update this game?",4,0,1.0.2,2017-07-30 20:13:48,,
gp:AOqpTOE5Ht2aoXJiZPL7RCamZ79W5rVomd7b_VofDp-M2R85LI0kYOtpTRNNg2G0xhbm76JkB5SpLT0NHbSJKA,brett boettler,https://play-lh.googleusercontent.com/-7BhpESIIu_o/AAAAAAAAAAI/AAAAAAAAAAA/AMZuucnQBPCSJjOkAsXIAg47MlSORQ4GIw/photo.jpg,It wont work onmy phone it keeps saying cant open it goes thtu the video then it then it doesnt work,3,0,1.0.2,2017-07-16 09:20:05,,
gp:AOqpTOEEYNf8N_F3PZBXR-UngNgORg0klO6y3uOMBMybnInjiFEpTGU4UGe8broytT-JGRjwm-XioVaI9CNj-w,henry steege,https://play-lh.googleusercontent.com/a-/AOh14GgsBSuEZPTbVOJPfvAZ4dDqJa7iJToU1-_PvzSYcG4,Its rad,5,1,,2017-05-15 02:34:07,,
gp:AOqpTOHCof0W0loXOJO1dW7q4F2nNjMUkI5C-eoGgAkHfiDbukt-8YtcxcbNWZpseyDtNjzP5eVNFp3xI3wC4A,Colt Prince,https://play-lh.googleusercontent.com/-YdvDYmFtfBc/AAAAAAAAAAI/AAAAAAAAAAA/AMZuucmCkxpqM9K3-EXxlzMCXZHk6hkwFA/photo.jpg,It won't even load,1,0,1.0.2,2017-05-06 13:26:28,,
gp:AOqpTOFXa-inOgWP6Dr_7wQTtC5pUt9OODYwYbfm_OjHgAZsqZbrfX4OaM09Pl3EUVzTNJh8faXneuszk-5L9A,Pauly McDingo,https://play-lh.googleusercontent.com/a-/AOh14GgRLfqlkIvxGJWnsv0zgdG70Gv00t7lvuqyIeHZcA,Amazing game but sound is wrong.. 450 sounds like a whipper snipper LoL and would be great if u could race online or pair up to do vs with friends.... dont get me wrong game is AWESOME .,4,7,1.0.2,2017-04-18 19:51:55,,
gp:AOqpTOFah8XiMaAF9zZvYL15Wh3Zx8IefSoFKtEKJKkl5qC3myvPjsxBTiocTcDldDhssfxzALNrOk-PHnP-SQ,Misael Delacruz,https://play-lh.googleusercontent.com/a-/AOh14GiEGjTb1j2ku1VfpuVgPPMgEwq6x-bAnOGqnxYafA,Thanks,5,1,1.0.2,2017-03-29 11:47:56,,
gp:AOqpTOH-TWzRcO3h56KpHCliW35yiZ-0BgDEIQHvUHIe-6wHE2G78TOYhTma72bSnJ7fUZh99FI1y1bbQDD_Bg,brady waskom,https://play-lh.googleusercontent.com/a-/AOh14Gg3VnsBhe3mlZsHGuhB4UDCvOEHzrRMRPbDSCBj,I love it because it's cool,5,1,1.0.2,2017-03-15 18:15:46,,
gp:AOqpTOEHeo13ZiPHmb8K7bx5XtlK5bhtGJOBpdmorrTuZty3lD8DeIGN_M9VSRJYbSNQezNJkIF_BlRsy_FQlw,Carter Sims,https://play-lh.googleusercontent.com/a-/AOh14Gj96snd_Drur_mq1PFuWA-6fFVyS_z8hVKkMaIirg,Make a harder set of ai they are way to easy to beat,5,2,1.0.2,2017-02-27 23:43:55,,
gp:AOqpTOE3bFm2mvON8dLgxUJmUH6kIaexnXDtdY6Uyr0LL14MBkgh9Z7VL-mVziAy07lvQ_JwON0ujLqS-y8aJw,Brandon Macdonald,https://play-lh.googleusercontent.com/a-/AOh14GhjgW226zPlrm9TZudA6ysgqlehURr-8ltEuJljLw,Awesome game great graphics and works very well,5,1,1.0.2,2017-02-19 17:12:51,,
gp:AOqpTOGj6DNZ15D64wDOxtCS5WkpkJtYK4lE583R983Z14mZwpBDRGqqlaQJs2LqBOWkVJuUU2afQPUewaADhw,darren leonard,https://play-lh.googleusercontent.com/a-/AOh14Gj_LAe9nw3rSU3Bel1hGUeJjYcvC7dkmaaTHDrMWt0,i paid for it and downloaded it but says the game needs updating i click update and it keeps saying update failed,1,0,1.0.2,2017-02-15 13:53:34,,
gp:AOqpTOFyPah6ZRZP5vcOl_e5BgNQi9RWMFYVbQPpsQl4XS43CSy93DX6QazkSvjJDas4iP_saUnWp4l53H4lpg,Jackson Lee Williams,https://play-lh.googleusercontent.com/a-/AOh14GjatWTY-Sb-DD6zPa5fJCmcWvd70tavqP-k8TY,This game is horrible don't waste your money,1,0,1.0.2,2017-02-12 14:21:39,,
gp:AOqpTOErnMiqZNw4Qi8H4EM7U2UyOsSfcAOTrvi0AteIsRI4uR6tRA3yJerHMbgm7_16g3rTZMi8sGgRvxi9UA,Simon Smithers,https://play-lh.googleusercontent.com/-RGxHoq4UE8k/AAAAAAAAAAI/AAAAAAAAAAA/AMZuucmHXspvDliAEqwL6jIM6Cr8W7oegQ/photo.jpg,Don't work on my motog4 and u don't get an option to get refund emailed developers no answer  do not download this game,1,3,1.0.2,2017-02-06 01:37:29,,
gp:AOqpTOGVDmOcxsEJZfbDDiDZy4wYcyiS6PiU14wRdnIcdaEo4LFQE6YKvqGQORNATY4JYzN669sI7tzV6vxq3A,Gus Gonzalez,https://play-lh.googleusercontent.com/-XsE-qsTTlXg/AAAAAAAAAAI/AAAAAAAAAAA/AMZuucnwpYWzELdY6eK9Jiq_5TdWbURxEw/photo.jpg,Its the best game I have ever played,5,2,1.0.2,2017-01-31 11:33:57,,
gp:AOqpTOFcWZDQFRtRPKkDe-kkjG8jdo_aJjCxaqWVmNEPOqd-nilqI4lGKMVPLbXDBdGIVfAjyPkxaUU6x6-N9Q,James Smith,https://play-lh.googleusercontent.com/-GS-HT2XcfCw/AAAAAAAAAAI/AAAAAAAAAAA/AMZuucnW5MJuqmiAyfzR_3rnnVvZbn__LQ/photo.jpg,Best game  ever,5,2,1.0.2,2017-01-25 13:32:22,,
gp:AOqpTOHtMRtFlEyGngEzBWKrMQD63PLS2Y5uU_PI29y_B6REteT6LTgAQNJH7wv0PLGfu4P0VkB2Tx9J1utufg,Vincenzo Mario Saltamartini,https://play-lh.googleusercontent.com/a-/AOh14GjNCvgKLLn-fgAxAtGeIocf1L8jiFEQE8HG0tiuiA,Fun and gas! Great game!,5,2,1.0.2,2017-01-16 12:31:35,,
gp:AOqpTOHxlBBOKvChXsBXJBk1a5uikheAc6d8nv4MtzdWABTj3tPqwWoF_LYdzKKl554BizJ4FlkMhP0jENoxqg,Brett Jordan,https://play-lh.googleusercontent.com/-Rc5UBltpEng/AAAAAAAAAAI/AAAAAAAAAAA/AMZuucmmq4sHmAwEaiDfXe04DHJnGAn1ww/photo.jpg,I can't count the number of times iv been out front coming out of a turn and I can't turn my bike and just end up in the stands!!  DUMB!!,3,5,1.0.2,2017-01-10 22:38:16,,
gp:AOqpTOEg1RCiFusCOHGksOBeEtZCAmfg3jFiRenIIcVjFUQ867X_Zh2DAEKJXDQ32HhfIo7yjYyXMphlRaAS-Q,Aidan Williams,https://play-lh.googleusercontent.com/a-/AOh14Ghs_pJugWPHpbsvyXmsB6X0T0V_VMO6fD2LIPoxzA,Make graphics more better,5,1,,2017-01-05 13:21:49,,
gp:AOqpTOEpV5joPz-LwYqDpgzQQcSwQgKNfajvD7JYE_5YJYaqjGDZ9zxaQCXTOh734TyExu-ee2BZFbYg64Ci5Q,Dillan Opalewski,https://play-lh.googleusercontent.com/a-/AOh14GhbsUjRChqxprlOfkWLCrcSJzXnKZJ75BhtXXwTMg,Horrible,1,0,,2017-01-01 16:46:59,,
gp:AOqpTOFpJEQTxiyFqMpzUSdaA8_Qfe0nvh2ga8mANmNcyPPCk4BOTVUarhSXP6giLZYmEwlhLA-GgDspvug5Hg,Joel Parkin,https://play-lh.googleusercontent.com/a-/AOh14Giag5Ku6qnWElLmWUwRGh9NCCi8fwuPGXWWSbcgdw,Can we add more tracks? And maybe an online option? This would make the game absolutely amazing!!!!!!!,5,2,1.0.2,2016-12-27 13:03:53,,
gp:AOqpTOEVe_f8oUj7XJI0pDMLLt00ZCuKVTMrvffjx188evBKYhJjSH0hDscTWO5hrmUoP65JWFyROgUIvvhDdg,Renee,https://play-lh.googleusercontent.com/a-/AOh14Gijt6_jYKzHrRGLeBXtPn2_O3t_2v6McLhiE3wY,The game is rad,5,3,1.0.2,2016-12-11 12:13:22,,
gp:AOqpTOG-O9xZe8NiF-pFQzThhVgMg8Uj5PPiBZ6Bz_txfT_wbPLJcOYhDqBn7x1kqidX3XkFX-Nsd1Z6HhPtBg,Danny Sandoval,https://play-lh.googleusercontent.com/a-/AOh14GislxQtUit4JowmKHt799RL6UOVeCWpuBaXnn3JFyg,This is the best motocross and supercross game ever it makes a perfect 10/10 in every category you can think of overall I give this game a 10 so realistic just like real life!!!!,5,1,1.0.0,2016-11-30 13:37:52,,
gp:AOqpTOF7Iy4u3yXPlO7kmY3LRq0h06NK4LZiBNbP0LrvxzxXLXdWE9NGtXVa8X1PCHk6unc4q_O9bHqhBpb7pw,C. N.,https://play-lh.googleusercontent.com/a-/AOh14GhB5TJknJzzUCgISdy7ISORpwfrbCt1Pnew3M3mJw,All games from this developer are impossible to reinstall even after pay for it.....sucks,2,1,1.0.2,2016-11-15 14:27:39,,
gp:AOqpTOH6e5PBkkcaSuwfxranTgh0NAcV2-DuGbY_Vpku_5Fn6LePnZVUKWrVdNgFb1ibN1PGaDsN4w4sJCDYLw,Poor Collectibles48,https://play-lh.googleusercontent.com/a-/AOh14Gj-aiGxAik12vomeNo7l7BTzcFlylPIkPP06tUJtQ,"I NEVER DOWNLOAD LYING BULLCRAP FRAUD BLOOD SUCKING SO CALLED ""FREE"" GAMES CUZ THEY ALL CHEAT AN THE GAMES SUCK TO PURPOSELY STEAL YOUR MONEY. I ONLY DOWNLOAD PAID GAMES. THANKS GUYS....AWESOME GAME. LOVE IT. WELL WORTH $5.",5,10,1.0.2,2016-11-07 15:04:40,,
gp:AOqpTOFWnhw8n7weAcYuHAoowM5ytPbPSvPHTuMaXSrvMVcjg3C-vNL2NNzhRlsVzk85NwmF6TgX1NHBGg57Ig,yeet yeet,https://play-lh.googleusercontent.com/a-/AOh14GhWY2kXH7QCKkgxe59q3OyyMLCASj3CxsxjzhZg,Like the game but cant get on it sometimes,4,1,,2016-11-04 00:29:51,,
gp:AOqpTOG2UQi2isxrok_z4B4zZGcSgpd6asRV5CfrunT-mr2J4pm7DgCjcwJeRZq8DY2Icq5SZ3-DtNS9WQ8Bzw,Mike Begin,https://play-lh.googleusercontent.com/-5lG4EkWLjWQ/AAAAAAAAAAI/AAAAAAAAAYo/AMZuuckmu8MKdEtyOx-Gqpu3z5qKKAsBmA/photo.jpg,Can't get enough,5,2,1.0.2,2016-10-12 21:13:31,,
gp:AOqpTOFifTmJJhxRoxgkAn7nVz86O455HOYr2OIspxzhD4R0hYRSadqKLRy5jn7QgHy3QOdbyFc8t7_khCbfqg,Connor Donahoe,https://play-lh.googleusercontent.com/a-/AOh14GiBKe5h5rpOINtt7ikH2hjRMyPBmud6iH4FkWq1nA,By far the best game for motocross lovers on the go,5,1,1.0.2,2016-10-04 01:58:28,,
gp:AOqpTOHel6pjxtNV5-OfaHwzJuglhN1qhbWpTJ-uwHEiRsuKGnQwvPbSQn0co0Iv2KFASWEfG5pYF7NSCi5WeA,Clayton Vandenburg,https://play-lh.googleusercontent.com/-qZgDSlNUIhE/AAAAAAAAAAI/AAAAAAAAAd0/AMZuuclwyzWZiwySwgOoBbZ_arbgUVTlZA/photo.jpg,Love this,5,2,1.0.2,2016-10-01 07:31:38,,
gp:AOqpTOFhXuNOoRyp8IQugFYszfUjLjeM_E7pMuidS4hEXj6R4A1dY6wDqYVGf6JHhaDyUko-oNDnOFXw7dR_RQ,morgan gosbjorn,https://play-lh.googleusercontent.com/a-/AOh14GiIWWb6821SlkKyHn62QMeNTWMbQikvYMcIiitG,Never have played a dirbike game better than this one i love it but you should add more than 3riders on the training grounds matbe like how many are in the races so about 8 maybe 6. But the only thing is the 450 sounds like a twostroke maybe ypu could change it to sonud like a 4stroke,5,107,1.0.2,2016-09-18 11:02:10,,
gp:AOqpTOF9nNIj5JRTZZmQkxQtIUa0Te7wy6rV7VB1Jzugtoh-srsdgbMhBp79uU5-0sWYXVHdQOQvWX7sLXUTMQ,Ian Burns,https://play-lh.googleusercontent.com/a-/AOh14GiZTyPrToBBcqNKtPBEwbjlRgcA8dr64RXZvH9Y,It's awesome great everything,5,2,1.0.2,2016-08-18 01:02:01,,
gp:AOqpTOFzMXfZWupcB-AuJeuzD_u7AmMZttiOhyyqfd_H_C8KS5v0UJwtWjmeB7WSvVUo7so71Y-aJ8GEfC_NKg,Adrian C. Mormoloc,https://play-lh.googleusercontent.com/a-/AOh14Ggf05i4XTVHf-AiB_i4sKP7nEvA2Tf1Q04ihJKmtbo,"Uninstalled after 30 seconds because it is not possible to set different control for the bike. I can't always use tilt and I rather prefer pedals, arrows or other ways of controlling the vehicle.",2,0,,2016-07-27 23:54:48,,
gp:AOqpTOEPuFsGxZ_rcl1ZJxrHn2WBknX6rhzZLuaxeeZmaxcvTr1JM4G3YTSmRxQs6USg9jkElUh8uuvfEH0D2w,Ricardo Raro,https://play-lh.googleusercontent.com/a-/AOh14GiM3KtXhM4r5rUWLApk5CxSa2m7fOI3ZuwFbTIg,Love it but would be better with some more tricks,5,2,1.0.2,2016-07-06 00:43:56,,
gp:AOqpTOEEOx5byAcYpthCEAyU3whgL0qHBBgXUAYmvHf76hfeYwyAg_CbaE7SgQqN4jjWQXTAcb8D0u4OCzR1eQ,Dan Hansen,https://play-lh.googleusercontent.com/a-/AOh14Ggy_P6cBblXq8vuviHZ9KCX9ifiPmKKiCkpR1gz,Was a great game until an update now the game doesn't start up. Reported it 3 times no response,1,3,1.0.2,2016-07-05 17:37:56,,
gp:AOqpTOEf7k971aXZ3vVunTwiL18G4X_Uazn6nH4KN3oDa_DShLl3uhyPc38DzQ3XpcYdiUt-ym7YA6TtLDzOOw,James Calle,https://play-lh.googleusercontent.com/-pRR1P4fOSjw/AAAAAAAAAAI/AAAAAAAAAAA/AMZuuclRqzSVSPdQhQV66B1D7LHSWllyVw/photo.jpg,"Love the game! Well worth the 5$! I'm a rider myself and when I don't get the chance to go ride my bike I just play this game. The only thing is though, the sound of the 450 dirt bike sounds like a two stroke. Seriously need to change that and put some 250 four stroke dirt bikes in there as well",5,271,1.0.2,2016-05-26 21:51:03,,
gp:AOqpTOFAV7rERGrngUfiUQcfcuSn3XWxH6EHzwtFYxH_2tMY8lpDkBt3WhVoXwRBxpP6AbIYcmFfGFbKx7zOjA,Steven Wilkns,https://play-lh.googleusercontent.com/-qksOxpwzlYo/AAAAAAAAAAI/AAAAAAAAAAA/AMZuuckKTNMW5-edvNiPyYhYWusZBvqPsg/photo.jpg,Won't update data when installed,1,0,,2016-04-17 18:41:50,,
gp:AOqpTOFtzLi3xi7LP2LNduFEQ0R07o1AM-sTAzmwXy-_PUGy9GPUG_qRewNCpDfrD04oOgS5rKtT3V7ghza74A,Logan Wren,https://play-lh.googleusercontent.com/a-/AOh14Gh88m-ij3hcpUqVVLiImHKStfJAUdQD9-gGOHw07g,"When I downloaded the game, I launched it and it said it needed to update. I don't know why because I just downloaded it. And it won't even update the game. So I paid 5 dollars for a game I can't even play. Not happy",1,3,1.0.2,2016-04-16 08:23:34,,
gp:AOqpTOFQ8wqVeOF7PZcfpJ2J4oAZ4f8w2o68NfweVRJ_MlYBf7L602ccoWjqK9sREmECGJErdsLMrusqvcMe_g,David Pickering,https://play-lh.googleusercontent.com/a-/AOh14GgCD_UfcOdchOz3tKZiaaI1NJer8Di4VcfqV6MtXA,"Game doesn't start to play, it fails to download an update required to play.",1,0,,2016-04-16 07:43:56,,
gp:AOqpTOG-Zo0PDh4U187wrU2SesPLvDMSSKtKlmqg7YpQZn9S_o5J8mAI1f5utjoqnZ-0WAN9XgxL2DYefkV_SQ,Alex Hunt,https://play-lh.googleusercontent.com/-1kZf6V-xJSU/AAAAAAAAAAI/AAAAAAAAAAA/AMZuuclHdjKkcE1AFRGqWK-D_1AKbmQXow/photo.jpg,"Please add training ground options to all the maps. It would make training on them so much better, learning the map so that you're familiar with it in a training ground way. I hate having to stay to the track. A free to go anywhere option on all the tracks would make this 5 stars and I'm sure a lot more people would be satisfied with this.",3,52,1.0.2,2016-04-04 04:49:23,,
gp:AOqpTOGaCSlBZwrCsDnMt-pdPY-vabcI1nVb2OuyG8iu4ebiEoidmdg59CEbrXInbIK-Izl_g9Sa8CxMLSkH2g,Jayven Busbey,https://play-lh.googleusercontent.com/a-/AOh14GhBfEkyUcWOCXGWk8Tcf8SQwIDaGBorFE1fSBbPFA,You can't  even string,1,2,1.0.2,2016-04-03 09:50:04,,
gp:AOqpTOFTnUd8LVMR7n29WIHjWqO6k0M_vip2JXUKhdcXhfoDAyFK-lskKpNjvaDJBNE4eeZh326X3QKhUo6f1g,Michael Parry,https://play-lh.googleusercontent.com/-otdZRKc1OLI/AAAAAAAAAAI/AAAAAAAAAAA/AMZuuclSbLnatGPxUdMiVQ7dMJf8SZ44nw/photo.jpg,Awesome,5,2,1.0.2,2016-03-27 12:05:14,,
gp:AOqpTOE-qAkfr1zYcmL1yze1VJ0iw9mlPkC1B-OaiFF_50zib_ffXibOX8WfuBdDjiZ2MZuQwxvwFYBfMRgyEg,Mike Blake,https://play-lh.googleusercontent.com/a-/AOh14GgEEpOeNmcMzYiAvxmECs8se8YnSDYMj4vCfUQf-w,I did not like this game and would like my money back,2,0,,2016-03-05 13:22:36,,
gp:AOqpTOEkg4I9buQNN2lNBiv6jBRq6hhQ3MFJiebUJqCtZ43hpyQY5z2kZAGglqOqp2XeQlTw_1YFRwJjDcoySA,Tyler Dean,https://play-lh.googleusercontent.com/-i_pVFfMCzYQ/AAAAAAAAAAI/AAAAAAAAAAA/AMZuuckvIFpT4E8k8jZppFeM9JKnKOfRtw/photo.jpg,"The ability to choose name and number for your rider, career mode, track creator, and maybe more than 8 racers at a time would be an excellent addition.  Also add another difficultly above hard (i.e. pro) and make the bots 2 seconds faster a lap.",4,91,1.0.2,2016-01-25 00:15:00,,
gp:AOqpTOGuQasOS_w7u0UF5RBypO9Ug1UZHAvMfUhrj_j_tVk9QwKqYk43DWuCLHKOx7Zp3AG6VsBhrtHdTY26Vg,Luke Smith486,https://play-lh.googleusercontent.com/a-/AOh14GiWOH3B7l86NTjZj0idemAYhKbE2mzDWFknkPeg,It makes 7th so easy to jump and do races and side rase back flips,5,1,1.0.2,2016-01-22 18:51:56,,
gp:AOqpTOHjed6jgHR6puqyM8htg0dUUpM6KPfFS8GLJkH4ToDiHaVd79XyaNZeNPpHJGPRVkQ7vSESmxIo97CdMw,James Stuart,https://play-lh.googleusercontent.com/-_3E9sFHf1YI/AAAAAAAAAAI/AAAAAAAAAAA/AMZuucnXUu5aAw6gLQ0XL1MyZ3mxuoXQWA/photo.jpg,"It's a good game, but would like to see a few improvements. Give the option on steering. Not everyone likes tilt steering, would be better if you could do either tilt or button controls. Also would like to see a championship series instead of only single races. Do that and it will be a 5 star game.",1,15,1.0.2,2016-01-16 05:45:46,,
gp:AOqpTOHDNIV-yEQPtmjfS9-El3scZoDbHLwr8VyFsi4lJsDft5wLtHTDm4tV4LOQWLpv7OA09bBtdKkfu7fjkw,Cayden Hollands,https://play-lh.googleusercontent.com/a-/AOh14GhlS7aNusFC17pn1LAFeeWK_rHp7B2RIUV_SdVK2Q,"In my opinion I think u guys should make an update were u can custom your player, bike and can u guys  One more thing can u guys make a harder level hard is easy.",4,4,1.0.2,2016-01-14 16:31:40,,
gp:AOqpTOGsXAsHS9MhXkuWYhUU277xNiGEjStSXbXS1j1l2W5gYNnpAm8EuN2MeZdgjVnppSUgrked7e0DHsOs2A,Cole Campitelli,https://play-lh.googleusercontent.com/a-/AOh14GjWxYbT7Z6zH1fL7OQUr1xO8WKNJPnncZGFkjBB,More tracks!!,5,1,,2016-01-11 18:03:55,,
gp:AOqpTOHv0G7Xsb7Zs-FfUxkwmaeJSiY5n_T_WN8JhShQkhFtoP5ivL0vRGUbhVpSKxe1oj1yVUJt_ucoo4T-OA,Darren Page,https://play-lh.googleusercontent.com/a-/AOh14GhJK5Iw5fFMfwhOHQ4BxfcO1_Uet2bvmeeo8SNo95M,It's a good game when it can be played but now it says it can't download the content. Please sort it.,2,4,1.0.2,2016-01-11 14:37:08,,
gp:AOqpTOG5XJBbn8Mq_9jEkcD7N0td48TuvbqUad3YOu0pPRGzhylvqEhxPSxYidXAQlpD8ceNkyt74mxJC_rJkw,Donn Peterson,https://play-lh.googleusercontent.com/-ehDRudxPk2Y/AAAAAAAAAAI/AAAAAAAAAAA/AMZuuclqfa5c4z95MAx7DDVRXgLkj7bQbg/photo.jpg,"This sucks I paid them the money but it wont download.. time limit on refund ...they had me fill out this and that..so 2hour time limit expired,. And haven't heard from the Google people.-5 stars",1,7,1.0.2,2016-01-10 00:16:31,,
gp:AOqpTOEet1W7k3zr1XKnT5VGPPJdik8br6rvvO6VBZY1tly_iD2wkuFV8XwTWYkwtfb0NHGPIef9NSfnW3IZ6A,robert tunesi,https://play-lh.googleusercontent.com/a-/AOh14GiiOKQBpIiMH5Y1cc0VJkc5iz2P2dLMPNqYOgyKtg,Sick game peeps,5,1,1.0.2,2015-12-31 21:58:53,,
gp:AOqpTOGDW0J57rhTI0EdAProJTAP5uoUcGNMzrZStqsa4h4y_YDMWtr-QvDkfsNl3lAP_90YaPdQPrLURn_-Vw,MaxEliteScout 1,https://play-lh.googleusercontent.com/a-/AOh14GiUAndhsQUSN2LcSGOfUYN0PRBd3yA5uUK9F0FJ,I can't install it because it is to big. I also can't get a refund. So thanks a lot,5,1,,2015-12-29 13:09:03,,
gp:AOqpTOFreGWL39Z0SqfAaEoM8PdibwVPauViqYrpZMf54RqaaddrmulSPFbC2grByI4O3_lQn9QvsICTGkq5uA,Connor Lucas,https://play-lh.googleusercontent.com/-9_5L4TkP4T8/AAAAAAAAAAI/AAAAAAAAAAA/AMZuucnnTTXufh56XWQV-snvyjud7V0IPw/photo.jpg,I live this game and it is one of the best but it could be so much more I just really hope you guys keep working to improve it I'm waiting for a good update some ideas more control types then tilt plus you have to upgrade and build your bike not already have the best,5,44,1.0.2,2015-11-26 07:35:28,,
gp:AOqpTOFNg3KTMXC2PoDNV9mVQ2Wx76P3RTM4NGBsEWMWxbX6yl3CHO6f2P7fGA-2OOiOHWDIHsHe4aNlIo8sNg,Karthikeya Lolla,https://play-lh.googleusercontent.com/a-/AOh14GhTd6QRCVzLceS4nBLelN6CQRXIUWu3g9srDHzg,Awesome,5,2,1.0.2,2015-11-20 05:04:25,,
gp:AOqpTOG1NGlU8ZVmWXBvrrNfk2Ykk111GrRDdVkeTQv9AQGRk9_LxPcPfxjnL9YiUsCR4bZq0hM-WA0un5NLJw,Lexie Wynn,https://play-lh.googleusercontent.com/a-/AOh14GgqYZ-kMGcqxEMCWbA_AZiKxqlTcZxlqEz5YeAhCA,Best Moto Game Ever,5,3,1.0.2,2015-11-13 12:30:11,,
gp:AOqpTOEfQhSGCgAVpjCpNnGk4wysTo3CuGRmCoCCfn5TmRk9HNOYm26VLB1CO97CaViVCQ_Tk2_GKhnH5oohCg,Brian Lopez,https://play-lh.googleusercontent.com/a-/AOh14GivoYEW93bSfQTYSkfGyGJ3V9ZsQFKZJfJDlx4V5g,I didn't even personally purchase this game my little brother must have got on my phone and did so I would greatly appreciate a refund.   Or add Moga controller support then it would b sick,3,0,,2015-10-31 23:59:55,,
gp:AOqpTOHPzlr3nlgAxOBnEXvJNX5NI4VMgcbctkaYUZfrwFmWwzd-NSi3lKBATd-PeiNd5H2iVqDDokvNVKqYVQ,Carson Marks,https://play-lh.googleusercontent.com/-DZvAestOI_M/AAAAAAAAAAI/AAAAAAAAAAA/AMZuucltLuqdZhW6g-Gon_ybENe8kne_8Q/photo.jpg,I love this game. I play it a lot when I'm bored. But why are the bike sound turned around. The 125 sounds like a 450 4 stroke. And the 250 sound like a 2 stroke. And the 450 sounds like the 125 s stroke. For the 250 you should also have to option for 2 or 4 stroke. Bit still love the game.,5,21,1.0.2,2015-10-19 12:27:44,,
gp:AOqpTOG6FHGwH355oMhb6CPAfyFGI-7kUz1H2cGRDp3gRzDsv62IOyMhOCc7YYMsqy5TuF4eN3JFfUJOe7Z9yg,Ben Dellaperute,https://play-lh.googleusercontent.com/-Pn5QMhaIevE/AAAAAAAAAAI/AAAAAAAAAAA/AMZuuckOWCM8Qudy3QnuSe90dVbLHYKjdA/photo.jpg,Please it is so boring and not even that much fun PLEASE GIVE ME MY MONEY BACK,2,7,1.0.2,2015-10-11 06:23:16,,
gp:AOqpTOGRX6jcAQLxIBa_cFb6rsXExvuHlhnUmo4589PtG4Z-PzoqNzpACKqHEASH0Dg25KFZ904Kd3OVXnC_OA,Mafil Qhalbi Qhairullah,https://play-lh.googleusercontent.com/a-/AOh14GiB7I4X3JBoa7Ft4x6Im-J0NB4eJTsTmWZG9DwG,Best games ever,5,1,1.0.2,2015-09-24 20:05:54,,
gp:AOqpTOEV9J5YFM1Dqh9Ge3Lv_SC4msRfhJ4VSk1b0wKDKbRXFowz-4dLKnGM_9WxR2kG8JLl3Nez1Iai11PvYw,Jesse Arellano,https://play-lh.googleusercontent.com/-7o-HH877FwA/AAAAAAAAAAI/AAAAAAAAAAA/AMZuucm9wjZgeTGeqVFAq_X2cnSggIhS8Q/photo.jpg,I like it but needs more maps,3,0,1.0.2,2015-09-15 20:57:44,,
gp:AOqpTOEUMq_JVmApJxXApWL-g-eanui0RSKPbMW0vrCPyI9ja_1jjbpExbbhrmEaBL6iYlpM8cep5PijEAd6ng,Gus Westbrook,https://play-lh.googleusercontent.com/a-/AOh14Ggm13-X_hJW6JBQVVr7nFB56QR0rGYaXyI1nA472w,I think you should make a game about Travis pastrona,5,1,1.0.2,2015-08-16 14:39:36,,
gp:AOqpTOHTfSI_m8u9HACa_1mLmzlM6Irt5f_1pqFdCH0K7NG0mwJqQ34NtIIvml_upHvG_AKpuneeOGhd0MWXDQ,Cooper Rhodes,https://play-lh.googleusercontent.com/a-/AOh14GhHPJybCyvZMPc9HZKcpA9R35EfZRIkTDC1IOLZyQ,Needs multiplayer other then that great,4,1,1.0.2,2015-08-10 13:35:57,,
gp:AOqpTOGohM7HdiEl_bVQSZg5zbXd57I2EGVL79S2ymaiq53p0pFNEzL67qBnog1JeC7NkSRrLWx7Kue3u57LvA,Chad Reichstein,https://play-lh.googleusercontent.com/-1SamRtO1SD4/AAAAAAAAAAI/AAAAAAAAAAA/AMZuuclxiBfeWG9_utm4Vd4NgvWOcm5Ixg/photo.jpg,"B gd if it had a career mode, like the ama series. Heats,lcq,mains etc, get points to purchase upgrades. Cool game but.",4,5,1.0.2,2015-07-07 12:19:21,,
gp:AOqpTOHi6NB1IFfU55vtm_x1p_OPNwYpnbni3Y8MfsjKyad-fKyVNIDYEHdpY2H9_xonOBUh6syW36EWmVemgg,Dalton Vandermolen,https://play-lh.googleusercontent.com/a-/AOh14GjDbzKtDo8wm7tqFcCazfwyFpbdHxzn4I5Hh6zF7A,"Really great game in my opinion, and well worth the money! Great for a few minutes on break, or when you have that urge to be on the track, but you're in the middle of an office or a school environment. Really nice graphics, and a wide selection of maps/tracks to choose from; really fun and entertaining. Now with that said, there are a few major issues. When playing offline, gives 'Not able to verify' message. More customization with bikes and drivers needed. Up to you if you want to invest the money.",4,367,1.0.2,2015-06-23 16:41:44,,
gp:AOqpTOG7k_o6rE73TY0OI0vN8LzA0WXBI-jrD1FBcNXREBt8rhCG_FZ8ExCgKwULZmsEhTcyZyfaA6_9_VuAlQ,Bradley Thomas,https://play-lh.googleusercontent.com/-uBIVX5Dv8-g/AAAAAAAAAAI/AAAAAAAAAAA/AMZuucno5OeyazSGXo6kX9_E99-dla7Jdg/photo.jpg,Jt,5,2,1.0.2,2015-06-19 01:43:08,,
gp:AOqpTOEiu5lfIbmYurBG2MMncI7KJ-feqZElJ_QWDZ0necibD881paTKS4yDdJ-VLJGmXhC_1ap5oe-OBVvpGw,Rebecca Campitelli,https://play-lh.googleusercontent.com/a-/AOh14GgQFSMGyKAH9uHX0avcqyq70HGDyok1h6G2ogRQog,Beauty,5,2,1.0.2,2015-06-16 05:55:01,,
gp:AOqpTOE6h0dj6AadV8oauVvh_HQoO1_TKv-7Pdghy-Lz-gDlc9MKB4UdtAmemyEm5HsDipJw0zk3LkxQyNK7NA,Camden Reeves,https://play-lh.googleusercontent.com/a-/AOh14Gga0iAAHssziilW9-szvl9mgy3vy-p_ezJB4HVW,I really really like it its just that there is no pause. Please fix and I will give you 5 stars......thank you,4,1,1.0.2,2015-06-02 15:21:39,,
gp:AOqpTOF-a9511xak0_jAiw3Uwr6c7BKE1uqp_qg-j8PyBdiQpJ4SYuo5iTGAE0G4R7k8xroihIk2AJFHcct7Zw,Holland Losey,https://play-lh.googleusercontent.com/a-/AOh14GipvP_IAG1bE5xF-vsFE2EPnBjmg0ccSQQ3JzZAvw,I think that you guys in the next update should put Husqavarnas in the game and Also put in 85cc then I will give a five star rating but other than that good game,4,2,1.0.2,2015-04-21 10:48:55,,
gp:AOqpTOGn8RFVvRdtzwprKF3ZcdMxYB5B4d98Uy0VIprM7Z_0lit0JmZ-H3e6PX9s6lUCgvaDgAqPnfzlvC6aeQ,Burr Gwin,https://play-lh.googleusercontent.com/-OXdqNpHkM7c/AAAAAAAAAAI/AAAAAAAAAAA/AMZuuckZoUK-J6aoLuiTTAljwlgFOmb71g/photo.jpg,The game has the worst graphics,1,0,1.0.2,2015-03-10 17:17:18,,
gp:AOqpTOGU_W_iNXrkgSxWX1MdnXBedbCkTT2XN8v8WIZ1YXn6cIA0LydJ2KtRdjLepxDegdK5dtICUExSp0KJwg,happy whealer,https://play-lh.googleusercontent.com/a-/AOh14GiqtThBf7uWoM7HzxEuCrM48Pfr4qX__g8NmP4pTA,The writing all posh so i csn't read it because most scottish people are not posh,3,2,1.0.2,2015-03-02 08:03:31,,
gp:AOqpTOFgrmDMrEqEoyizbmeWpYmURs0y6UYkTV5zj20zC5k4Cwhqx0z2Hln4-rWQnjGgQQvJIIcA5iykM4rxHg,Jason Britenriker,https://play-lh.googleusercontent.com/-k01lfMJJiM0/AAAAAAAAAAI/AAAAAAAAAAA/AMZuucmNkpCmLLgLNEza4zp3VPJ7qnrlHA/photo.jpg,Throttle button goes away,3,0,1.0.2,2015-03-01 13:38:26,,
gp:AOqpTOHzNl0UdD9xZl6XCdjuObmPxcamZkF6puLJRR4k122APa0yEAh_gC67Z3y7EXuDxmiPFHB6PTsxiyjXLg,Mark Capewell,https://play-lh.googleusercontent.com/a-/AOh14GjnaQnNYUHgWuDS4zWM1UlSNKnXhlebVuq_uRGq,"MX offroad is alot better and worth the money, supercross  HD is no way near I would like a refund please. Auto throttle is needed",2,10,1.0.2,2015-02-26 13:22:11,,
gp:AOqpTOGWkGnyShGwk4w_mci6F1VrKHjo4GSI9f3rqJG9fbjwrsb6FQ59oVgQOlEYuPulg15oRPYqnfMkjN_EuQ,Trent Wahl,https://play-lh.googleusercontent.com/-KMVqpnywk-s/AAAAAAAAAAI/AAAAAAAAAAA/AMZuuckUQ14KmHD47YXbZVoi8qx-NJk2cg/photo.jpg,How do you do a stunt in the game I did it once or twice you lift your device fast and hell sometimes do a backflip,5,2,1.0.2,2015-02-22 14:47:38,,
gp:AOqpTOHuQBCO19czcw9vE7DMhtp5v9L7YB18ok9ZGImLftIrydorcO_e8Iija8PLrD8aBpOOJUqAXNvLlg9_FA,Jinx Riptide,https://play-lh.googleusercontent.com/a-/AOh14GglH2Kbp9rWP39nU7aJkIGpbm3ThHgxlNcBsyfmcQ,Hey guys if I could rate 10 I would that's just how good it is,5,10,1.0.2,2015-02-07 21:33:28,,
gp:AOqpTOFov_JVsbW2AU5ed-XGGponjHM99nmwisv7ZuAxbEF0x20QpuDpXhYUgfE3r0OMO0TBrYwEY2MAuHy2GA,Brooke Graves,https://play-lh.googleusercontent.com/a-/AOh14Gi3YlAUPaOLgQKXgrQhnhZ59WU4qgr9oCosX4Y9,Paid for game played few times now it keeps telling me cannot connect to server! Theirs no way to report it or get refund. Great game but don't waste your money on something you can't play!,1,8,1.0.2,2015-02-06 14:15:02,,
gp:AOqpTOFzeqVzCJUJOsimRFNCI7LbyRwxSNukDwaGsY6PPiKeNWtABHtofCUX43mgGZiqLmZ2fNF0LgZmUXBf1w,A Google user,https://play-lh.googleusercontent.com/EGemoI2NTXmTsBVtJqk8jxF9rh8ApRWfsIMQSt2uE4OcpQqbFu7f7NbTK05lx80nuSijCz7sc3a277R67g,Verification error has been resolved. I've played this game on iOS devices and have always loved it. Glad it's now working on my Nexus devices running Lollipop.,5,8,1.0.2,2015-01-27 18:03:44,,
gp:AOqpTOGM8lkpW23v4is7ICKYdj-c6TnG-pclr46ZhjzXBaaKjcUHSFTJiaa8MfxmTatr_naQ7i4wDuUSE-KhRg,Dalton Collins,https://play-lh.googleusercontent.com/-jqfhUq7NLvo/AAAAAAAAAAI/AAAAAAAAAAA/AMZuucm8HAdbDjAj2WzSvD6NvD24n8a0UQ/photo.jpg,I bought it and it won't even let me get to the home screen.,1,0,1.0.0,2015-01-27 06:59:48,We apologize for the problem and released a fix in the new update. Please download version 1.0.2 and try again.,2015-01-27 12:36:27
gp:AOqpTOEO-k3Uis49K8ThBwHtbOrGCnPvaoC0_F692y_KPfppDM7_RMJsHIzwpy6oAhVx6yO8Unz36fAXNb3EeQ,sharon DeFrank,https://play-lh.googleusercontent.com/a-/AOh14GiRfFJOen1mGUBYbgESYFtDExcPkZHp853SqSu7ZQ,Paid for this then it wouldn't play.ask for a refund and they never answered me.bunch of crooks.don't pay to play.you'll be sorry.,1,1,1.0.0,2015-01-26 18:33:48,We apologize for the problem and released a fix in the new update. Please download version 1.0.2 and try again.,2015-01-27 12:36:41
gp:AOqpTOF-lQwdAJY--hCx2mkL4aeg-IJBF8nn9RszDCyQLBAE1qYQfeznugtfdeW3ollw_OCZB_9rzIjg8o2-0w,Perry Mcphee,https://play-lh.googleusercontent.com/a-/AOh14Gi04gCXTLQczj3cC_kHYWi-QP5FgdHOofERUdjP,Won't let you play game anymore,1,0,1.0.0,2015-01-25 21:17:11,,
gp:AOqpTOE4noTyElJbdS46kKh1ahuOohAWjY_e9EeXu7OsWRljitrUkqMs7Q75hKd9MmLmIB9KRD2VD2XR6uWtJQ,Dakota Gantz,https://play-lh.googleusercontent.com/a-/AOh14GiqM30nvGDJ78Gf1BwhmUKC6qS6SuHppMZ-lyP7QQ,Will not work. Just says google play error and exits out of the app.,1,0,1.0.0,2015-01-25 14:44:11,,
gp:AOqpTOEkZm-Cdc-FVtnnTVFZJzd86UgGKL6rZeNOK__59GCSzokEovzm2I6BKtBPeWw7uESIzVxxl1iOOoQ4Cg,Mixing with Paulie,https://play-lh.googleusercontent.com/a-/AOh14GjEVTMUp1921Dyfsmmgqu2NSMxAXgJr0glUcRDRTw,Galaxy S4 on 4.4...not good 2xl. I expected Bete from you! Getting a refund right away. What a HUGE disappointment!!!,1,0,1.0.0,2015-01-25 06:05:39,,
gp:AOqpTOEdQOPjU4lhvNWXsY-pcRbRn1xR3_Fz3DVAodoXkM-Ez2lkFlUc3f4GGVsuCXl7Xas3L0ndsEi26armwg,Matt Davidson,https://play-lh.googleusercontent.com/-TL8SLxuUP5E/AAAAAAAAAAI/AAAAAAAAAAA/AMZuucmQxD8PwtUtc8LCAKgxANFPHSHZjA/photo.jpg,"Have a galaxy note 3 and it wont verify my play account, and there game wont play.",1,0,1.0.0,2015-01-21 18:24:34,,
gp:AOqpTOEhuE5wC46GM1WH87gBZ4vJKq01UJ1RB0d_fLWajITSKY6uaxZq3kVyf_Wx9iANapFGfezMZt8CQpPD9w,Josh Stone,https://play-lh.googleusercontent.com/a-/AOh14GishoEX2gnR1EcD_Hlnan95UoUNHBeTP8fdDiZUuQ,I've tried to download this game 3 or 4 times. It keeps asking for Google verification and then closes. I'm done trying.,1,0,,2015-01-21 08:20:09,,
gp:AOqpTOGzXxC2VnTMwH2vuhwWX7MJSnxAS4goD62pQAYV7bZCt9UsyeQ0TBNxDn5CEVkQHO31xHggxcCV3-IFYA,Mike Real,https://play-lh.googleusercontent.com/-DbXs29DMGM4/AAAAAAAAAAI/AAAAAAAAAAA/AMZuuclPBwSxJ-7SZZSpBxHt21Hdt0HQ6g/photo.jpg,App gives Google verification  error  after intro video  have emailed the developer with no response  I want a fix or a refund,1,0,1.0.0,2015-01-19 17:32:15,,
gp:AOqpTOGxiFG0UsEUyFyP7Uug1IaIhQMdwEVsJ7GEeQkIbRWcTnKh16PSCNXTsGBc14LrAhYflK7qoTwmFU_5Pw,Malachi Gemmer,https://play-lh.googleusercontent.com/-7cglUR12bRM/AAAAAAAAAAI/AAAAAAAAAAA/AMZuucnBEIrWKpTLqlS2cdRzPqwsXBKSgA/photo.jpg,I need to verifie something and I did and it still don't work,1,0,1.0.0,2015-01-19 13:17:43,,
gp:AOqpTOGxfe-QOpfjeFo4QU8oBWKv2c8z7cQo4jxxfEWooXe3ySTwlvsI3-1yoHrtG0pzIT2zhbSk9ysAKzMm3w,Rounfuch Ckres,https://play-lh.googleusercontent.com/-HyiID8qis-U/AAAAAAAAAAI/AAAAAAAAAAA/AMZuucnudkGE3r6dxG4_7YwN6NIZvTz50A/photo.jpg,Very excelent !!!!,5,1,1.0.0,2015-01-18 12:38:02,,
gp:AOqpTOExt1pOqDGY9MDc3S0Lh2qw3VNVOv-1ywReFEvCvq6OvICJRs9QgotTVx1SwEZQzzW73YKyRQ3TzvxHNg,Amber Griffin,https://play-lh.googleusercontent.com/-dZGImPoRYo8/AAAAAAAAAAI/AAAAAAAAAAA/AMZuucnih5hwHPN0OjgYiq4nzGLIA4hgDQ/photo.jpg,Game says can't verify my Google  account  what's wrong,5,1,1.0.0,2015-01-18 07:35:00,,
gp:AOqpTOG_SIrOHfapDJV6u8Vpvrml6yF0tqdFESpkZYKKcuP8feAXaO9p4kR5tcgdBhI5lvS3hm3YvzSK2_oLiA,Robin Knuttel,https://play-lh.googleusercontent.com/a-/AOh14GgPNdeV7UwqOYHUolJ9ydpLYz9DtP7sZ9k5N7qedg,Won't open says can't verify google licence I've got proof of purchase please fix it. This game was awesome,1,1,1.0.0,2015-01-17 08:41:33,,
gp:AOqpTOEMnKcn1LLtV8xSD6e6mnqKSSP5jdUjK-exqRZAX8iSz8Ly-s2wB7nk9BPCbBaZKH9ldMurZQcdAROdeg,Matt Perry,https://play-lh.googleusercontent.com/a-/AOh14Gggm3JR3Op3gObc5JsDg3C-0EXjk8Pf5mggzJJLSg,Controls OK. Gyro better.,4,0,1.0.0,2015-01-13 12:01:19,,
gp:AOqpTOE2QLtog56Yh7955UoSwFR2wdVBlkPCYe5pNI9Py83VesHiSskFD85SqJLFB397zTxIC4365tsCjMKYiQ,Tim Cochran,https://play-lh.googleusercontent.com/-YspogMCBSLA/AAAAAAAAAAI/AAAAAAAAAAA/AMZuucknGIwmAI-gTMNn-WSheugUg_mbQA/photo.jpg,Purchased app and can't open it!!!!!,1,0,1.0.0,2015-01-12 19:13:50,,
gp:AOqpTOFO8x33TDyIvPUo-m5NyYpnyfiWU7F7CEKL3m55tk3UhKDNiAoLKfEk9Tj9_nI09kSE3Izs2m-WrTfBCQ,Kevin Miller,https://play-lh.googleusercontent.com/-hvQa0XZaBYY/AAAAAAAAAAI/AAAAAAAAAAA/AMZuuckTwLXXe0_JOvo4MxlUlEGTB_2NEg/photo.jpg,Do you people ever read or answer your emails so you can resolve people's problems. If not I want a refund,1,1,1.0.0,2015-01-10 23:29:38,,
gp:AOqpTOHvO0i3_VqU15AWn3ye47MsWKHAMsdQ9Wzl3zj841OZfzD9TGeWNGin6Ifw_JPxYYU89_QOxeXvKrnkcA,jose Dos Santos,https://play-lh.googleusercontent.com/a-/AOh14GjaXy4CqKpxRPhDYAtRKOs9DxFE0XV6GjhRCZ3hRA,I like it....its like a real race,5,1,1.0.0,2015-01-10 04:59:12,,
gp:AOqpTOGp1hioQQtJYAC0ejDnj-VmeSzgKcItcPpKWIwGoiL0pDladdRtMxmmaDiphZ1Z6RLj8FCFm4TuFNG23A,cathy parofil,https://play-lh.googleusercontent.com/a-/AOh14GhyY8og8Lge9X4EEI6T2QF4i5p_m_ZULWJrMaFEzA,Its a kind of bullshit why did not open my games,1,1,1.0.0,2015-01-10 04:50:35,,
gp:AOqpTOGrGlh-ShW7zyhxHW1zZG-x8Z0rAjKbo_Uj6koIzTP_JwflZTB5oTbKk6ifOdrcmVDiOeIr6MH0-jfcSA,Mason Mann,https://play-lh.googleusercontent.com/-kGB11Z5UQTY/AAAAAAAAAAI/AAAAAAAAAAA/AMZuucm3RnwZHhkVCH-Y5nq1JFN3j68S4Q/photo.jpg,Will not even let me past the freakin clip and it tells me I need to sign into the email I bought it with,1,1,1.0.0,2015-01-07 17:38:12,,
gp:AOqpTOFQM-207HWiwWRRaPudntPoWOAVEjNg1L_yQDktQ0klZlRJzP4ZjdA2SHbYNgIE1EW7NbFsT4D4b7gqQQ,Landon Lowery,https://play-lh.googleusercontent.com/-JZ4xEB-atrA/AAAAAAAAAAI/AAAAAAAAAAA/AMZuucmNEFLRLgPFbIzhpGAZNJhr4mtUEQ/photo.jpg,Love it. I race mx and its very realistic,5,0,1.0.0,2015-01-07 16:15:00,,
gp:AOqpTOEpYbJrLliYOt1ZEvqmgoIiLSypKY_lKGLazBPvhpD7KXaAzk5Mm5blw1bQqngKAY-647vPC-qf3H2ZkA,Freddy Saunders,https://play-lh.googleusercontent.com/-0BvD669NT2I/AAAAAAAAAAI/AAAAAAAAAAA/AMZuucmmilbq5U3zdIB9FaSxY9B7bX7f5Q/photo.jpg,There should be a career mode,3,1,,2015-01-07 01:12:00,,
gp:AOqpTOH4pg9UHQqe0oANW1BaEMb4DWFGgu5dIAk1NxtnWuOUKl7HfqFmW5fKm4N3qgivHWOyZVlGU73Tg8RyTQ,Levi Harger,https://play-lh.googleusercontent.com/-iPoL6S_we7o/AAAAAAAAAAI/AAAAAAAAAAA/AMZuucnHKUH3cor3Q5n8SmwFManwFp8tag/photo.jpg,Is so cool,5,1,1.0.0,2015-01-06 23:58:30,,
gp:AOqpTOGcvhvOecR7lXEFMoG6sIBqT1bc8wF26zgcOlWaqquYlFBUePPWjCQI0Tvw4C4VzOox7LP_dtuH505hFA,BA Diesel,https://play-lh.googleusercontent.com/a-/AOh14Ghy9iC0k9yC0s11SaLDwLIERUMOq4fX0EgPwSVo,For the money youd think they could through you an update.,3,0,1.0.0,2015-01-06 21:36:14,,
gp:AOqpTOEFR87iVyYmtEy07AfignT66e7kiTvObeeaO9ky_kSLIGx5jsPC2LplPnH8jqj-2UksxkD_OZ69__Lyhg,Joseph Carney,https://play-lh.googleusercontent.com/-46pxIzDMGDk/AAAAAAAAAAI/AAAAAAAAAAA/AMZuucngEXE1OAzFsuz9B4Y536tTgyF-6A/photo.jpg,Doesn't work anymore,1,1,1.0.0,2015-01-06 15:39:38,,
gp:AOqpTOFsOg-9SXjH66a4of-Y-eHwm8MPrwSuS6GJBJpjrHI80gdkZL6mWpdmtrLHvNTy2OQ-yVu_hplIsxWXhw,Grease Monkey,https://play-lh.googleusercontent.com/a-/AOh14GgJuz-mD_CF_B5vohfVru4yxZ3s8cJ2K0lEXfhJAA,Ok so I bought the game it was working great for like a month... then it days can't connect to Google account or something so I re downloaded the Game and it won't download it says it failed like 10 times...... please fix I love this game,3,2,,2015-01-05 22:33:45,,
gp:AOqpTOG5Kfy2tWwio9waDt8yP_677-_iZ5yWplkuITPxSzeg7Ome5X31a6u-ezD0aAXYr2_jc4BiRxw1nWikOA,Jack Green,https://play-lh.googleusercontent.com/a-/AOh14GiRSrT4swsWu19OAfF8zDNx1eTLEhr749fzO6hL,This game sucks don't buy,1,0,,2014-12-29 13:34:52,,
gp:AOqpTOEJ5ExVuZRdEKQl7YYZnfi5Btk4HRrR0VryW3XGeHcCpTrRUNoY-GXtxkstrt0YbU6uBmGw7d8ICJAQEw,Alex Neve,https://play-lh.googleusercontent.com/-RHWP0-bzaqk/AAAAAAAAAAI/AAAAAAAAAAA/AMZuucnZ195zo6lF08wj_lrzUI5rclVkBQ/photo.jpg,Great grafics great control its just a 5 star game,5,1,,2014-12-27 23:18:14,,
gp:AOqpTOEVuwxFQleIj8Dch5Fh38rx-YNZxFyD6Y9gdxSFlaBHTMXY4hwgJhOno1hPVySk6PIyUNsgbd9w1gEPew,Indrek Säde,https://play-lh.googleusercontent.com/a-/AOh14Ggdk3CnpUJIrGBFkXKMVTJxTnG8wOqJ8wFArysb,The best,5,0,1.0.0,2014-12-25 13:18:23,,
gp:AOqpTOFWV-gjjZqlHhsndNktCy73rQxO7X95npt4AFn8S2uoEmpl_8PGfabhdfWd5qwloR3b0gqLluL-fLpVhA,crazy kidracer60,https://play-lh.googleusercontent.com/a-/AOh14Gh6e1cz2F3SEZXx8j3Zq1SL_XlVaTamSVyBvVOPSg,This game is so amazing I like it so much one of my favorites,5,1,1.0.0,2014-12-14 06:41:55,,
gp:AOqpTOEdVViayGwhfvRW27g8PL_wmyVmHpLvB_xbeCQ0H9SSitOntFrduu3ftFs21wl14GpWCe1XJ6x8mDRYtA,Steven Helms,https://play-lh.googleusercontent.com/-i24hMrwOD0I/AAAAAAAAAAI/AAAAAAAAAAA/AMZuucmll9lPPvdOR3fUpPLNF_zJd-0ruw/photo.jpg,Love this game,5,0,1.0.0,2014-12-03 17:45:43,,
gp:AOqpTOHcx8W6MlQjaPn4Wyzn0fb85Q9MUopmy74lyeHLMs1UZHSEFWUfYQfWNcBp7qYOB4o50fXYA5c0BDX1PA,Louis Baker,https://play-lh.googleusercontent.com/-CWPZDzFUV98/AAAAAAAAAAI/AAAAAAAAAAA/AMZuucmSuYRYR3uYBUIx7SpSaZTWdBAPDA/photo.jpg,Absolutely rubbish wont even download dont ever get it,1,0,,2014-11-02 07:59:57,,
gp:AOqpTOEMHlQ4L0Vaa4BjJGUntoNjGYIKM8QNA09ZawpVnyG218xCx_Jbz5GOo3FcjsW1UzathoLPG-elhIQxpQ,Samuel Hopkins,https://play-lh.googleusercontent.com/-P1yt-TltLKM/AAAAAAAAAAI/AAAAAAAAAAA/AMZuucl4L1soQ5K0HQuRYgpaZVHTlFKOXg/photo.jpg,Loved it!,5,1,,2014-10-20 01:07:06,,
gp:AOqpTOHKrr077Y_hYqXyYIYPIjM-tJjYfq4v0-ypy5T6RxaASVTbCxFA5LKW1ItAFlkRVfnqmIn-fD3PPSuijw,Griffin Cumbridge,https://play-lh.googleusercontent.com/-WX1GS9bE-aQ/AAAAAAAAAAI/AAAAAAAAAAA/AMZuucn76Z-hwAvmg70W1dZXfTagtK0BAQ/photo.jpg,Awsome,5,1,1.0.0,2014-09-13 09:28:44,,
gp:AOqpTOGoso-oYb_nO_f3C5tEEUgQodjbA5cupUyHH7B2BKFF8sx3P7QDci5guXdkAJVDdOOQELOh2Jvg9DInog,Ty Midson,https://play-lh.googleusercontent.com/-wnQe_Ta_Jjo/AAAAAAAAAAI/AAAAAAAAAQU/AMZuucm3yzBGVN3rl_z8mI1Z9vYBZQiJ1Q/photo.jpg,If your looking for a good motorcross game you wont find better than this the only downside is that theres not enough tricks and also they to do an update which adds a multiplayer option,5,1,1.0.0,2014-09-06 08:07:38,,
gp:AOqpTOHSWoP8OTvjcgg4EX4fvuAFGQh5lOtk1phuQtKAXSw8WqOLpzKUOhxbaHB2WiNTIBCzoOVRiiY4JgKuIg,Farron Bailey,https://play-lh.googleusercontent.com/-cIn5yoYgJwI/AAAAAAAAAAI/AAAAAAAAAAA/AMZuuclqnFOE8DxpjFhuLClBeA-7Aa-yPw/photo.jpg,Cool,4,0,1.0.0,2014-08-14 03:41:44,,
gp:AOqpTOEHPtUj3ENbncfnZ9w2nxYBQUzldP-WFZkCVBD8BQ6y5fylSFDn_86MxALbIjliWBhX4FyCRuGHjWAYVQ,Adam Booth,https://play-lh.googleusercontent.com/-9xh2WQNyLno/AAAAAAAAAAI/AAAAAAAAAAA/AMZuucn2DJTZugqyGBf-ZitDWWeBwZauRw/photo.jpg,Will not let me race comes up google verification error this application will be cloesed. Was a good game please fix,1,3,1.0.0,2014-08-12 06:49:23,,
gp:AOqpTOGF68qY_CSRMdEfvxNR3164mIYAfIJXH8Dmv7oRXGOoDZZtljnraLSgX3hI32rqQ8njZbkE8R4qHS8XUw,Fadez,https://play-lh.googleusercontent.com/a-/AOh14GhpbX9JrG1MAxJlLXlXfFMfyB6B4VNgiGLZlTbDcQ,Its saying it cant verfy the game and to make sure that its played under the google account it was purchased on. Well I'm on that account and it wont let me play. Can someone contact me on how to fix the issue or refund my money please?,1,2,1.0.0,2014-08-07 13:56:05,,
gp:AOqpTOHpqJ_l4IOPJj4sbVUmlEd4ZTKXDfv4BxojXs2-n4pOb7aGDj_XL0-y7Sq3cLN9nnScjHryWdjFbrVDBg,No Name,https://play-lh.googleusercontent.com/a-/AOh14Ghqi2eBBOBDqVsFQg_fBuife2HtUTMcBJiSDD1C4Q,It is good it won't let me Play multiplayer,4,0,1.0.0,2014-08-03 18:08:47,,
gp:AOqpTOEU5WJxEWjq33JoFSIt8Pjrn2s3IhnTz1zUaNlKmcb0lLTQfzekH0_gc31kATHOJ9f1_7NZReseT-u2-A,Ernesto Urena,https://play-lh.googleusercontent.com/a-/AOh14GgxYkMWJWZQIo-DLEyopfAV05EOSAaJoVQMNxa7,Excelente,5,1,1.0.0,2014-07-30 17:54:34,,
gp:AOqpTOFjUvdb2LQmDfi3u_faAOZbAq7mVY54qoJps0EhVxgSnxX_pi9QU8fYnvNVXqHl7Uejiv1vfWdU9Dt__Q,Braulio Luna,https://play-lh.googleusercontent.com/a-/AOh14GiCJfHGBdHKzt5D766FY8h0DdfIMQtNjXXEQLsRtg,Says your account can't be verified,1,0,1.0.0,2014-07-30 08:40:15,,
gp:AOqpTOFZq2H5EfXMHDzbFgnsdXo4IbaVsqGziVA9aR7Oz5NOMf49cYWnxBNGZ4Iuib-_I1SRlnjSybWsWZXKhg,Euan Weir,https://play-lh.googleusercontent.com/a-/AOh14Gg6UVRT-Mf-EY1wbLPnq6_p8WFSoUNVOG7N5onzZQ,Good game controls are crap and its not worth £3.09 but the graphics are awesome,3,2,1.0.0,2014-07-22 07:57:09,,
gp:AOqpTOEsmXUTXgJFhmqxinnULYa7p5GllfBS6uwHzxlFx2KFnuCvGJ0aemz8YcV_wLRrLBo39y7Qc2m_BTLDqA,Patrick Williamson,https://play-lh.googleusercontent.com/-E5pZsaKLAaI/AAAAAAAAAAI/AAAAAAAAAAA/AMZuucnltcZPIyT8LpmSAdGNf82OI3tFlA/photo.jpg,It is awsome,5,0,1.0.0,2014-07-20 06:30:12,,
gp:AOqpTOE6O82DxUnMGsK8ZBmAZQYfcPsc_YxyTtH7yhKJvtDe_hGu6Sd8UfYAsmkvopLxQFYXfvWnLxN-P0bW3w,lloyd quianio,https://play-lh.googleusercontent.com/a-/AOh14GjRFAOLqckJ8JeDXNAUpS3MKG8pa2C4L4COny0HKQ,"This is good, but im looking for the 2xl supercross online..",4,0,1.0.0,2014-07-16 00:43:23,,
gp:AOqpTOHQPZVfBRugFZS4hJQnk-XEI6x1FHRRjL6vP78xiNCICTFn9b4OUbH4HgC4Ul8cYav5EOzCkwB9FZnuSA,Arron Rowe,https://play-lh.googleusercontent.com/-Z9wT4yHwcQg/AAAAAAAAAAI/AAAAAAAAAAA/AMZuuckKnrmaEahyI0zBk8LTrW4LvDT_kA/photo.jpg,It just needs a career mode then its perfect,4,1,,2014-05-27 01:43:09,,
gp:AOqpTOFb4YHCVQIkBUrYd1C3Q0rlt8SbXVqK6hrV-jlxk45TaCEe3b8avFkmN4uGljQI1B-xQ85SIdlwGc77CA,Jaye George,https://play-lh.googleusercontent.com/a-/AOh14GiXiA9WrZ67-JO9FM4ToBmYoDkOdXmfBUlgNXwc_Q,Love the game. Would of given a perfect 5 stars if the bike you race sounded like a four stroke instead of a 2 stroker & if you could hear the rev limiter on the big jumps. Just a couple of little things. Other than that its probably the best MX game out there at the moment.,4,2,1.0.0,2014-05-10 19:17:25,,
gp:AOqpTOHcgxw6_CGIwOSNoQEnYyA06elhHrxpvi2ZZdGXw3d7RXqdA8aJp8rm5x_4URwO6JGQNQ2Cmv1V2Yulrw,Vicky Kay,https://play-lh.googleusercontent.com/-vV7pMiPGcJk/AAAAAAAAAAI/AAAAAAAAAAA/AMZuuclJ-Q8pxjMdcnpK8HW7hKUtf7bGvA/photo.jpg,Its asome 5 star dambam,5,1,1.0.0,2014-05-09 07:31:43,,
gp:AOqpTOHw2q713E9wOF_ru1mWUKPCvZPkWet3VArI8zm_aEvFh_ErrTxBysvE_Cp3InC7PPQWfUNGVJ-YkcHhsA,James Grimm,https://play-lh.googleusercontent.com/a-/AOh14GgmwzV15IRE7RV92PXnTySxFaEJJtkbZrVq7wo0,Don't like it and I paid 5 bucks for the game and it totally sucks,1,0,1.0.0,2014-04-19 10:47:50,,
gp:AOqpTOGzkteKOwL9lWKIJRNOivpGfz7GB9NWhjtfGG_0x3YXBGcQaxlIxeaxOlWn3aPKtGuWPqki6FlK-Hs-aQ,Tyler,https://play-lh.googleusercontent.com/a-/AOh14GiGs_spsHSBkQrjpioA1a3qx-O8qmVo1DLJev4WWA,This use to be one of my favorite games on apple and it won't let me play it after the video it says something about my google account license or something like that..,1,0,,2014-04-14 08:54:42,,
gp:AOqpTOGJVNwwO_-D8UwvgLmDDrDRfu9w8XxDEqH0DKiPCTQKvL1ypyZpLO8K-XsrEC87q_XuJ_WQKGiGgeb16A,Azhar Sinin,https://play-lh.googleusercontent.com/a-/AOh14GjTmmRk6FSqWG9a97aG_G7twWwKtMlr1j_oSTcQ,Awesome,5,1,1.0.0,2014-04-12 09:01:39,,
gp:AOqpTOHIMvmEdzzg05YBonsO2BrY466U01K3A9DAZ-VVpqEAtwWy8iY73A-ZCEPsSNuJvm83r9iN0VhUoSEFHw,Todd Blanchard,https://play-lh.googleusercontent.com/-IFHUMB3wrUo/AAAAAAAAAAI/AAAAAAAAAAA/AMZuuck7gg4GJeULFvuzGRNvcyeuVf_LlQ/photo.jpg,Bought the app can start a race but then the app  crashes,2,0,1.0.0,2014-04-01 09:24:05,,
gp:AOqpTOE0VT7WdbXks_2vkDQUtHiuy006ZRd_VCYh202FS6tx_DWJ_MeRzBlEJprASR-0Szdl-vUK186j9Y6fyw,Mike Frey,https://play-lh.googleusercontent.com/a-/AOh14GhPCJjovKAAqrX1wH0Er63q7mMaDiZHmJBqCagKdg,Excellent game,5,1,,2014-03-31 03:19:04,,
gp:AOqpTOEMYaMHm2K-3GSI0OIzg87WOx2SE5tCM7OTXDf9Sy0jYZXrE1IhHioemg4pQtc0vg2TAml_BXg866si7w,Joshua O'Farrell,https://play-lh.googleusercontent.com/a-/AOh14GhaM3dKjuotIw-SRlaHNSi_Z8RGnrm4jOydXdukgn8,Ok,1,0,1.0.0,2014-03-25 09:34:52,,
gp:AOqpTOH4r3xdbMnpLJhj9X4BexhBn32OQjOi1lyUCxUeixrV3bMoiwT0EvPEoDb5IdhWqpYwLyKgOUPSEnml5w,Daniel Boogert,https://play-lh.googleusercontent.com/-I0du82AUTE0/AAAAAAAAAAI/AAAAAAAAAAA/AMZuuck_WyBGFlYf223kyIdKjFu6372a2g/photo.jpg,"Not bad game buuut would be a looot better if made by a real dirt biker, I got all exited to hear the deep awesome sound of the 450 4 banger but was completely heart broken and a lil confused when I heard the sound of a 2 stroke. That's just not cricket, pull ya socks up guys and don't be scared of stepping away from your shiny clean computer desks and offices and go play in the dirt for a while for a lil bit of research.......",3,0,1.0.0,2014-03-19 06:30:00,,
gp:AOqpTOGZTJ85ol-DLHCWTDFIGDcGD6YfPOtOSAUXq_dxghpgRFsKiz-JVFyTX3hKEyXW7i-KVajLSIc1B7ts0g,Javan Jv,https://play-lh.googleusercontent.com/-N4y819Kenuo/AAAAAAAAAAI/AAAAAAAAAAA/AMZuucmlKLD5m7LZXjxY1AlgLbDlO1y-Yg/photo.jpg,Waste of money I want a refund,1,0,1.0.0,2014-03-17 22:21:37,,
gp:AOqpTOF3RMAlRDDOGzZsnedGpcvgTX3sX4nkuHYQgenieLv_m9w1UADOnujbJAeWKBeThrUv5MaXy0E4Sv1WoQ,Sharon Hile,https://play-lh.googleusercontent.com/-JspWyJYGEPs/AAAAAAAAAAI/AAAAAAAAAAA/AMZuucn6KmjKZ_LFjnVa2cD5OTEuoAaAug/photo.jpg,I love it,5,0,1.0.0,2014-03-12 14:22:16,,
gp:AOqpTOEDViCu82KxdPuNx6EVhr3MDdOqTnEIHrXFGeLuD0OeDl8MiVwEWwY6Ai7xlLJlbIst1QULeF_QvKO6IA,hobie joe long,https://play-lh.googleusercontent.com/a-/AOh14Ggmi9CnYiE9nTPYcuFYw0aPGA-e0OFjnydosiVvbA,Your guys need to update the game with some new bikes or something,5,0,1.0.0,2014-03-11 22:07:14,,
gp:AOqpTOH3gg2n1iJIsi_5phps6x-_YThAvalhCAjxQgx1WZ_cRxMygsPHSTcBdarzgpBXjnDbscZZ8Zqwl2_OOQ,Brendin Jewell,https://play-lh.googleusercontent.com/-X_v3nfOBisg/AAAAAAAAAAI/AAAAAAAAAAA/AMZuuclNqFaYnlLL6-PliukBDXcyI6BMVw/photo.jpg,,5,0,1.0.0,2014-03-09 17:06:32,,
gp:AOqpTOHcjs-AZ2jvcGZmxF0wadLh2mZw1zhloLHq4tw2HXyv8qWg3-0ln2z6M8xsoKcZ-6NfiBb22oQM8N-jpA,Raymond Vargas,https://play-lh.googleusercontent.com/a-/AOh14GhtHmEob8erAMT6TeJNeLu9BeJVETH5WRWG0LKaEQ,Looks good but it handles horrible and the gameplay just gets boring after a few mins.,2,0,1.0.0,2014-03-02 08:43:30,,
gp:AOqpTOHJuapI7q7qECGdjJ9ynVaSZprL4gRJs5OZrW3MZd9TFiyKXWB_9tForVSBPTaINF58QBmta4YkcvPxHw,Richard Cluley,https://play-lh.googleusercontent.com/a-/AOh14GhrqUPSfBIG1SV_46Gs1MkxcahPsxfiNHVZ0YRaSw,"How about a career mode like the 2xl game it would be much better and when are you going to get rid of the openpeint in 2xl , graffics are great and gameplay is also great but they could both be on the most wanted list with a few tweaks , iv bought both full versions and im tempted to ask for a refund so please guys , Howabout fixing the few issues for us .",2,13,1.0.0,2014-02-25 00:36:24,,
gp:AOqpTOHg288o0o7ezVMYRrP4g-rZXKIlYWk-_aGbdgti0gAeV1HhIBtIfX-0OmwEwxwPMXF-h_bYup54DafcMA,Michael Witkum,https://play-lh.googleusercontent.com/a-/AOh14GjQCguaNC1BH5xT0Z9VA_P-bsm4X6KG29lU5LKK,How much do u get a game that is like this,5,1,1.0.0,2014-02-23 11:38:52,,
gp:AOqpTOFUBooXEO_9uCfrwKRjn9J5oC3mKHwWGMwq4WBpJCQ0xmiRwhW07_d43EEhkx6XyPKwFyLg445XMORvRQ,Brian England,https://play-lh.googleusercontent.com/a-/AOh14Gigtqu8APjHZRRf09LVqVWPW14lSF6g2WHJ72WG,This game is a must if you ride dirt.,5,2,1.0.0,2014-02-16 16:11:40,,
gp:AOqpTOEcHFpy6JgFT5W05t_yIwaIlAu6NsVRR7P9Byu3eU1_BoDG8IOhgr6jAFyqblrinf3DYn13pX3BvWbWBA,Ryan McKenna,https://play-lh.googleusercontent.com/-uND7LQux6Eg/AAAAAAAAAAI/AAAAAAAAAAA/AMZuucl68zUH1sQh2gqA4KTbNdsibW6HhA/photo.jpg,Brilliant atmosphere and graphics are cool,5,1,1.0.0,2014-02-15 04:16:37,,
gp:AOqpTOEeFvI0jsELXZ0fC9Rg5ayWAVMDPDfa-QMRm3BzgmdvLqI2fBj0AU6BXWEKv1DENvYLTdQS9wbF9fl3MA,Cory Tippen,https://play-lh.googleusercontent.com/-wYthXfkB7ZQ/AAAAAAAAAAI/AAAAAAAAAAA/AMZuucnfs2cfJH8x7HwtbkB8996s8c6xvw/photo.jpg,Sent three crash reports with no response or help. Game will let you get to the start screen then crash.,1,0,,2014-02-12 06:34:21,,
gp:AOqpTOG2EE_MGBd48Ho-hjIl8_CaS_JiImvB1OsfQYNL0my4zdVPkB4VAufEkJxhlGnFuXZR0PnugWWJlGH-Rw,Ms Ashley,https://play-lh.googleusercontent.com/a-/AOh14GgqP5KKbJwDxQhh-WHLWcsS9wTzKsLKhfnx2tQ-Mw,Ruand my life/so sad,1,0,1.0.0,2014-02-10 18:41:27,,
gp:AOqpTOGrTImgFpbHE9epB6hoUOz0aELPj_lwuICX4Bqw3RaeIFL5xRzgdAq604V6apymOYLzaHMxOkgbcRJqsQ,Luke Tollefson,https://play-lh.googleusercontent.com/-HX5MTbKTTcA/AAAAAAAAAAI/AAAAAAAAAAA/AMZuucmm69WszdiIAuY0tlVa8NPOuVRHdA/photo.jpg,Fun game,5,1,1.0.0,2014-01-30 14:48:27,,
gp:AOqpTOG0lbdOjfDgByXatzl_t3l06Ig6vqymHV0FEHSDSiOmgUwXqfzwHY5MxnVpig5sR7Y4oz2VpwIolo1lRA,Minecrafter64 123,https://play-lh.googleusercontent.com/-tmoN5H8rA7Y/AAAAAAAAAAI/AAAAAAAAALs/AMZuucmQiBtG87s5w4IX0x7LdjBdwiY0WA/photo.jpg,Please update,3,1,1.0.0,2014-01-14 15:34:44,,
gp:AOqpTOHUZmMNb3ZBhz9drypuSJQaSEOoTH-bcGUhopX8OBEcNvdhiMWFoiwgPL9tb9kCkyE5Z24LR7cY1dYlRw,david D,https://play-lh.googleusercontent.com/a-/AOh14Gjix5lSf8HJpU07uciQte6_98z4WS2apiY2cH3Yxg,Love it,5,0,,2013-12-21 09:03:25,,
gp:AOqpTOFQkbmCGdaVx_o8AbgP0HEEMH9eMv_8FqPUPA10gdCsLi8JUvECoqLhhu-lxql54IumnUQBPIQFv-bsxw,Devon Fiedler,https://play-lh.googleusercontent.com/a-/AOh14GjcHht_5YF55ktUC6uHMFGSiuEoIEl3OHzKyePguA,Really bad do not get it,1,0,1.0.0,2013-12-20 22:34:05,,
gp:AOqpTOE320lw_TBGESe6qU64886z2w2CyWgGeT4cN7PfqqkyEGiW5auN1-sChu0rJDpjsLaYRWv32kI5IpSNzg,Gary Jordan,https://play-lh.googleusercontent.com/-w0nGNdPj68c/AAAAAAAAAAI/AAAAAAAAAAA/AMZuuckpehU93OFe-ehXa4NrS8mr5q_cwQ/photo.jpg,Need to have multiplayer on samsung S3. Like the ios has.,4,0,1.0.0,2013-12-01 12:53:21,,
gp:AOqpTOH1qXU9BoKWwlDQF6c6RkdnXRw_d9liZchOIZqLooY7APou0co-OGp4X5oNZl9rS_4syan6l5qevLxbrQ,maxime beauchamp,https://play-lh.googleusercontent.com/a-/AOh14GhujtwyCMhsbDUmUhM98xnBMmrHgh_7m7YvQt6C,I would have rated five star but the 125cc is now a 4stroke and the 450s are 2strokes and it should be the inverse so please can you switch it back thank you. And can you also add multiplayer,4,1,1.0.0,2013-11-23 05:33:25,,
gp:AOqpTOHgVoqupLFN5NpLW1zBW0zZ2ovmqCmDqU8jM3xfq2SbVq4_hVqxdggj3WVz7KU74Juzs-jK3K2tdMXjCQ,Roslan Ika,https://play-lh.googleusercontent.com/a-/AOh14GjHbEg7VnXdebx3J5XIR-qtJy3bc0_6zj0-jI_T,Fun game to play,5,1,1.0.0,2013-11-03 02:53:55,,
gp:AOqpTOHeapGON4j1QMW4tQSnSTzmwJdmR_gn2pcIVyljvlrXsjvs6-QIFw95acqjrDO9tCJGLYf1Ut7ZF-sMgA,alex canizares,https://play-lh.googleusercontent.com/a-/AOh14Gges9VIp9cFaU5X5rn9jYWe6b1Q6VOUm9UGO5FBIA,Awesome game,5,2,1.0.0,2013-10-13 07:45:45,,
gp:AOqpTOEOJGS9g_uPE1e8eT3WzTpfk6AnWtnwH9Emm2oZnrydymbEcWFCZwGYY0Kklg6MSwTBRRsVwVJkVrUibw,Jordan Hyde,https://play-lh.googleusercontent.com/-sxiHrM7GADE/AAAAAAAAAAI/AAAAAAAAAAA/AMZuuclhfz4Q1B052f0EAyp_BH_CuNHlsQ/photo.jpg,Its a fun game for when your bored. The free version has quads the full doesn't? Also the 125 should be 2 stroke with the 250 and 450 being four stroke,3,4,1.0.0,2013-09-28 00:12:06,,
gp:AOqpTOGM8fcuB_K2YF50wTXiL3yw88l5AHJNqkbodnvg6v-DMAo9qze3bmsyj_T09vrAm2qoa2qlCmcdscdBog,Nono Chan,https://play-lh.googleusercontent.com/a-/AOh14GjSuueUvYiTcOU65ttJQs0vV9y5-A_nkySOKDcVbA,"No career mode like 2xl offroad, its little bit boring man, need championship mode to more challenge, 3star for graphic, control,and sound",3,2,1.0.0,2013-09-06 07:23:44,,
gp:AOqpTOEg0LyOA-yBPzabjOmcMEWZPZzkquho2maA3b6XpYM1GqU5dVdFYzZECRN4-0A1m3kSFsgO_sYNFz93kw,Andrew Nuchols,https://play-lh.googleusercontent.com/-2iBEp4ZtVNw/AAAAAAAAAAI/AAAAAAAAAAA/AMZuuclfzpcN3YtWEXyGv0SrI9jDQjpsCQ/photo.jpg,This game is just like mx vs atv but with out the atvs lol but its a good game,5,1,1.0.0,2013-09-03 06:27:53,,
gp:AOqpTOFgLcvAqB-Iev5RRGm9VZDUNPKHdrUyZF9B9SycYTjhI5oCLuiL7Hq7AeZCXFO81PzEBqkXy6PJn6i4xQ,Kenny Boi,https://play-lh.googleusercontent.com/a-/AOh14GgxtQV25c8HBxcDQdrHW9zVZ1iakqPaaaBWJU5NLA,Dont waste your time. Download 2xl offroad,1,1,,2013-09-03 01:39:46,,
gp:AOqpTOEULQBfZrNIR-OOTp_AdCzAA6_1HQcJsexQJ5aECH7doWXXlhEBTg9TJUR2MjgzvQMcpelBwInErN-HMg,Kristie Sutton,https://play-lh.googleusercontent.com/-qsT5XAdPWmk/AAAAAAAAAAI/AAAAAAAAAAA/AMZuucktZAhzHz7G8F4LfFrs31A-Xcgb_A/photo.jpg,"The game sucks the graphics are horrible, the 450s sounds like a 2 stroke which is wrong many other things are wrong",1,2,1.0.0,2013-07-30 21:48:07,,
gp:AOqpTOH8yYUgxFxxsirCFead9UUaATLfiUqeam3vDTQzFvriIaNRjTEwJEHe-SMauumZIImt_ZzVsTIWe9kUWA,B B,https://play-lh.googleusercontent.com/a-/AOh14Ghf_Z0DGvZP2OCl56aynqotUN819Dr7kcODqzcmyw,Excellent fun.  Full version totally worth it.,5,0,1.0.0,2013-07-29 19:02:12,,
gp:AOqpTOE7yvekSrRsPoGAceAyKEA7FbOpS2OhWeMCd_EM2vPdlFXHcPpSRQoJQrbMZc7TRAT3yO4XjdEqde6PaA,Arron,https://play-lh.googleusercontent.com/a-/AOh14GiBVUpvojUcHDrEv2KRrFIE5SxnlFfICrsZa24GBw,It would be nice if you do tricks  but you cant or auto drive the other game is better the off road one,3,13,1.0.0,2013-07-28 20:34:22,,
gp:AOqpTOGravGf2XKkurjiJcknBDx4Pbr1NSmWFmh2RyFhYnE38Dia4oZGwInIpgqtelQQaGsw07_xUgmoAoJANA,scub man,https://play-lh.googleusercontent.com/a-/AOh14GgwbUfk9igR1JBkwy44ROJhQ7dmpAbLy14SrwOe,I wish more tracks!,4,0,1.0.0,2013-07-20 11:01:18,,
gp:AOqpTOEM11uANxp2us4esrPCDX2FF4IaLamjzoF_r8j-wVhP-uN2jy0Hlhwqc_crwMjBd26-A-ZUyflMFIMZCQ,Brandon Gomes,https://play-lh.googleusercontent.com/a-/AOh14GhISJfqsndnhcjZYUkfhuXounjqFpK1LtCw74CYFTM,"I bought this on my ipad and my galaxy, realky wish you would put multiplayer on, even like bluetooth games. !!! PLEASE, other wise I love this!!",4,0,1.0.0,2013-07-06 09:56:46,,
gp:AOqpTOFBgUMQD9RovvE0s4yHrLi058XB1kYwHw_N4eI4Vamodwv41dS0uyKLxCDka6nCDsrUS5FoDS1W29DsRQ,Aden Bundle,https://play-lh.googleusercontent.com/-1PV7J4v5KHc/AAAAAAAAAAI/AAAAAAAAAAA/AMZuucnvCeBZA-2nmqugpyiOzRY-ynfhAQ/photo.jpg,Good game love it,5,0,1.0.0,2013-06-26 01:41:49,,
gp:AOqpTOFLsBlv42NZbYh-2rc-czawrAabyXA_BaHEfg5-00E6VvTmZPiCVKGcQsFzyhHFOy2mVhbN_RlJJWrkrg,Colton Best,https://play-lh.googleusercontent.com/a-/AOh14GgHxEpKlUYLY5WKkokLQ4LlJG9Dxz9Wpgh4_GrFGw,"Great game, not the bar graphics our feel, but still a lot of fun.",4,0,,2013-06-17 11:11:39,,
gp:AOqpTOExwxALnWijIqTBzchi0lj_ALVvqvldB4X3-xtByNpY5GK09Tm1OZowyZvBZE2uE2Hpyv77c1Mr-qDhrQ,Jonathan Bray,https://play-lh.googleusercontent.com/-4s0QhRfbHGc/AAAAAAAAAAI/AAAAAAAAAAA/AMZuucn7v8vWVJuIQwQNH8CH2Ipy9Hzecg/photo.jpg,Awesome,5,1,,2013-06-15 19:58:25,,
gp:AOqpTOGe-RTQxyirmnHyaBKa2M1AYWj4VSwHwO6Soi4mmrQjmFtlCL1KSr-F3J2lNERiUpwaCltut4AsciS0qQ,Dea Avega Editya,https://play-lh.googleusercontent.com/a-/AOh14GifBDeb9EyiZ5tjx122PGz_s9YhOyRlcPdiIJcgvx0,This game is good but need improvement in gameplay. i mean this game is not challenging,4,0,1.0.0,2013-06-15 16:47:59,,
gp:AOqpTOFeZ9fkvu13JTozqeV-VAo7FH48j_Uq4Uvh6KFpE1znkYR32bJkpGBfZ7s6mD4Ss1t8xjxZAZCBAHni1Q,Logan Kraft,https://play-lh.googleusercontent.com/a-/AOh14GiDyHciue7FKtHxCVDsfC9_XFUEjZbFEn83zyKQVLg,I love this app and I play it all the time but it needs an update,4,1,1.0.0,2013-06-12 17:42:05,,
gp:AOqpTOEwhw6pBy9tfu1s_10213Azm6gnCIvqlfQOYfS4U5U5CL4LgzWFA5yMy8_z3w2rU5BttMWVSXv6C3KopQ,Gavin Mezick,https://play-lh.googleusercontent.com/a-/AOh14GjmpjvZ3XGKKPmymAqN9PO9Srb_nnUGXDSvftPEtQ,Best,5,1,,2013-06-11 11:36:14,,
gp:AOqpTOE9N8QpA-tR6d8K8iMruLFtgA3PyegFltfsjayorZy8a60rJ9nUaCuveKoi2wMVHIuwU3Eq_m2fy8dZFw,James Olson,https://play-lh.googleusercontent.com/a-/AOh14Gg7aW97ocD7oTZ5EYwJqtNBOUosxB64b3-pNyHnXQ,"Houston track, the background is actually CHICAGO",4,0,1.0.0,2013-06-09 14:19:54,,
gp:AOqpTOEbMFSsdksppbWfsGGrblWWEnOf06i-YuFm6Y5DxcCRVUHasB2TPJXnnErqiFvrnMA6CGH5aYinVmQptQ,Angie Covington,https://play-lh.googleusercontent.com/a-/AOh14Ggg_vK_OOFzAaCORJ6kIqYz7UvqCvjjXp4hQzGfJg,Cool,5,1,1.0.0,2013-06-08 22:12:05,,
gp:AOqpTOEZ2uopDg5y0zdPqVUD83UQg_TMSlq6tT7OQd_t4TGvtYCL8bEhPUj4rMeuqreuJg8aLDtENf9F_jgGQA,Shamus Hibinger,https://play-lh.googleusercontent.com/a-/AOh14Gislmp0NgrZeg75J1NC0Fqx8xp7WB9FzNlEhp_P9g,Works awesome buying the new version now,5,1,1.0.0,2013-06-07 13:02:03,,
gp:AOqpTOFHSnC75K577AXsZK0SamJNoZp8rC9NNFFx16SefN6GMB027p6Di-A6KVJ-wQQGbOnPHSFYaJ2-SDrh6A,jason maher,https://play-lh.googleusercontent.com/a-/AOh14GihRfuO0Iaa1sKbd_O82FEh61czYyXpjToxYM-N,Cant play the game It says the game cant be verified even though im using my google account that I purchased the game with,1,35,1.0.0,2013-06-04 02:14:58,,
gp:AOqpTOFk06E6jY8Lclw6d8qoRr7n2DO4-Ynb-Xuz5FZct3pAzrdf0ZAGIVk69Q3v1T_lSrUwFsDXjkve4Qe0mw,damian manchin,https://play-lh.googleusercontent.com/a-/AOh14Gia-8s51r5KHnuqwg1fcxxDQnRKj0RjvYPGqozN,Best mx game out there,5,1,1.0.0,2013-06-03 04:48:17,,
gp:AOqpTOEOfqPSBIEmvSfNqNvXy4CAHTp1LqiP_9Mh6lbR48tv73DsLuElm8krRZKJ8zWl1AANDIooeYldb-2a3w,Craig Yox,https://play-lh.googleusercontent.com/a-/AOh14GgSoFONy3dkdOxMGE3xdU-v9oJYS18cB12Ulw5VMQ,This game is just awsome,4,0,1.0.0,2013-05-06 17:57:16,,
gp:AOqpTOH_qRo5XciAHprDDAiJwNvZdPqE5FQG3M10TpU8HKGb6O0ExqbZIpYqaH5AId-3rb1MQ8SPxZMAa0h_xg,King Blaine,https://play-lh.googleusercontent.com/-DHS95LP9bL4/AAAAAAAAAAI/AAAAAAAAAAA/AMZuuck1dYn77MP0fAcpTdj7zOigKRcOzA/photo.jpg,Doesn't work on my HTC EVO 4g. I've tried uninstalling then reinstalling but still won't open,1,0,1.0.0,2013-04-26 19:41:59,,
gp:AOqpTOGzu4vrr_kgvbq6q6VEHVheYA2TO922haLQhCDYX08atHaFj2d63NqCHHBjL2JX5JnWaGKGPO_vCMGeRA,SCOTT JONES,https://play-lh.googleusercontent.com/a-/AOh14GgAp26AfGmO-6h_xWjRVzGnVl-oFkE086ccguRMhw,Didn't in,1,0,1.0.0,2013-04-24 17:41:08,,
lg:AOqpTOHUJ7Z7GmLDQB7Fo-EJy1MklivlwNY1M8lTDpEt_3-cDQ9EE3g1HLVWtsONN3MtRE99boL4CexEBcmseQ,A Google user,https://play-lh.googleusercontent.com/EGemoI2NTXmTsBVtJqk8jxF9rh8ApRWfsIMQSt2uE4OcpQqbFu7f7NbTK05lx80nuSijCz7sc3a277R67g,"Poor controls. out of date with no updates in sight. No career mode. Bike sounds are all messed up, every bike sounds like a 2 stroke.",1,7,1.0.0,2013-04-23 13:26:48,,
gp:AOqpTOEzm53VREZdLNVBbBA1jKiJf4ZDqCGsO3TAymTIdxWCe0qmzN8B2yLctm09sH7EchIdRAPA214NkcXEcA,Anthony castro jr,https://play-lh.googleusercontent.com/a-/AOh14GgtLv8Ws15p1LRoADyqWlLX6CRbfKmtaDlzsy9cRw,Its ok but its just like all the other two games. You guys have to step your game up. Five dollers is not worth it for this game but nevertheless its all good. Its charity at this point.,4,2,1.0.0,2013-04-04 18:36:54,,
gp:AOqpTOGm8YbcRjyjSGeYSWRfaW6gIOHIqSDERjgxEMXCzLuO8PtmXyjS5fwSglXEIA35jA9kPUmpHY9MrEPnEQ,Logan Kerns,https://play-lh.googleusercontent.com/-3So7jfLQH2Q/AAAAAAAAAAI/AAAAAAAAAAA/AMZuuck27kg_IDA5ZRS6vMtF-ZiyiSNB4g/photo.jpg,The controls suck and the bikes don't even sound like what they are. 450 sounds like 2 stroke. Not impressed with the game at all,1,0,1.0.0,2013-03-30 14:16:44,,
gp:AOqpTOEXxsCvlbmOtJyrO29P5Wc_YlGSyhBgMnre8KTC5OuRLjWnjKAhvMRartk1zWbMI42cYqcfBRdj9GhzPA,ADVENTURE GUY,https://play-lh.googleusercontent.com/a-/AOh14GizNk7ypGiGB4XFv3c1IORP5R20oEaKNuyrQNU,Great game Great game,5,1,1.0.0,2013-03-22 09:49:33,,
gp:AOqpTOFS6N85VUghd6oiepLfv8RAhE5864O0FZ-C4m1qCwn5pHaW-mZ_HU6TJKEyj_PXEAKV00Elmq3F7zf2_g,Dale Metheny,https://play-lh.googleusercontent.com/a-/AOh14GgH_Xiolall_WwiNKrd-QcljLwv0gNeFaqNTxbk,i like bikes dont care about atvs and dont need multiplayer,5,1,,2013-03-18 16:25:03,,
gp:AOqpTOG9Ib0-6cYIVRBTEm5uOMDnsM3_TrkPmLWhsFQD_NozZV4Ez87Qx2kVUcazGwGB9EhEvcdu1A1wi2wTDg,Phil Mocevic,https://play-lh.googleusercontent.com/a-/AOh14GhUbp6PVDA8SzaditkoKzjOG-PHl9FVoFLe_VUaHA,"I bought both offroad and supercross, both amazing games and run well, hopefully we will get to see some updates with new tracks or something :)",5,3,1.0.0,2013-03-12 14:45:38,,
gp:AOqpTOE-VjYzbE4YraZOU9CDi0FAO6WjUTMoxtXN-14Um38pK9_F3lifhf0BFqu1vvt1RgtC-7I6PYyYwXhi7Q,Aaron Goodpaster,https://play-lh.googleusercontent.com/-6NpTVO9OyeI/AAAAAAAAAAI/AAAAAAAAAAA/AMZuuckiA9F3okgoBuDaRCjxL4K_KufhOw/photo.jpg,Did not like it,1,0,1.0.0,2013-02-20 12:23:56,,
gp:AOqpTOFID5HlHWc0fNzA1HFtGh6xTrsHnJsivNEIqRWXsDu9B9MfBI_3ZGsyVtEY3nGMf9zc7X_aBTckNAyYaw,Luke Napolitano,https://play-lh.googleusercontent.com/a-/AOh14Ggxvw9uZ-LC6cHSICyRVCBRx4UiI-Z-TTlZsG4-,Shitiest game ever,1,1,1.0.0,2013-02-09 06:24:26,,
gp:AOqpTOFF62R7vcGFp-wWAyTde6hMsDF-E85_Cgynb7qqMjuZQGN-sjgLsFd_KMM2sgC6hMisUSKa5RUPdPv0-g,Kevin Cordell,https://play-lh.googleusercontent.com/-NoR-dBH9dR4/AAAAAAAAAAI/AAAAAAAAAAA/AMZuucnnH1USNTfSuiXILhE4cNyiY98W6Q/photo.jpg,its freezes at finish line of every track can you fix,1,2,1.0.0,2013-01-13 00:18:07,,
gp:AOqpTOFljXjxCCrddiL8E4MccQEZzo7qLbJJmhPfROUy9Q651og-yc1SrUmm7gizMDWZDqfIbvw2KbT548Uh5w,Jonathan Harris,https://play-lh.googleusercontent.com/-omnt_pjkhes/AAAAAAAAAAI/AAAAAAAAAAA/AMZuuclRZ_c9QuoUtmXIu-6o63OjZF7JYA/photo.jpg,The game is great I would recommend it,5,1,,2013-01-09 19:04:56,,
gp:AOqpTOFZ7AzaKSz68ub8-_Tv3mvAxmPeBjM_V1J0EJyqbz26b3WOKfhB6HPqzr2Wgh4swCZ9sNHQsV8XGqJ7bQ,Evan Saran,https://play-lh.googleusercontent.com/-WPQi55QibZo/AAAAAAAAAAI/AAAAAAAAAAA/AMZuucmL_SleWweqVPnJDMosLSFuQE9VLg/photo.jpg,Only improvements that could be made are fix the sound bugs on the bikes 450 and 125 are backwards. oh yeah how bout a online multiplayer ya know to race your friends. here's a long shot how bout a free roam level of a sand dune or somthin mabye a woods track would be cool yes I know its a supercross game but come on how cool would that be!,5,24,1.0.0,2013-01-03 04:36:12,,
gp:AOqpTOGe2QdgxPT16qE3HmGC2OQEbXUDj7ORAsLsK9oOhIxwR0vDv-0gE1jl_PWDhKBMfN7fqa-Mb0uMFNBmBw,Logan McAtee,https://play-lh.googleusercontent.com/a-/AOh14GjMZRh5zldbDM9p4nf0gBi_m85fJ_i5gGK7YE5D,Its a great game really good graffics but no multiplayer. I have it on my iPod which has multiplayer I will give it five stars if they add multiplayer,3,5,1.0.0,2012-12-31 12:37:16,,
gp:AOqpTOEFTUJBak37u6rAcJ6TbFG27bnAJzXqbAsAb_eTIXyQoHwez8cJLII-WsilTvc6z7q1n3sBzaTMseU65Q,Michael Jackson,https://play-lh.googleusercontent.com/-KXQmSX_rIAE/AAAAAAAAAAI/AAAAAAAAAAA/AMZuuckbW-cL7YNwcwlm1Gh1-IqoC1QcEw/photo.jpg,"its messes up, I can't play it, my controls freeze up and my bike justkeeps going and won't turn please refund",2,1,1.0.0,2012-12-11 21:28:57,,
gp:AOqpTOEQ3Yc2XWMAAzrmvizAF64Wcd1o9OV5QmRPNE2DjUxiKxT2efzw4CjCOgDeFoYCBXWGcGmo4Ybxi4Gcgg,Dennis Ferrington,https://play-lh.googleusercontent.com/-S_qE_n3XqNs/AAAAAAAAAAI/AAAAAAAAAAA/AMZuucldzm0d_rHFDgfaAGE967IQqlU88w/photo.jpg,Great game but the 2 strokes sound like 4 strokes please fix ty,4,0,1.0.0,2012-12-09 19:15:56,,
gp:AOqpTOH2KF4bniTf2sF65LHuwyEGV_WEb31EIbBggZL2xLkBfsa-vkydDQ8zpSPVGyXaHRLgrvmFG09gPTg3KA,Dom W,https://play-lh.googleusercontent.com/-6kX5RlhXUbs/AAAAAAAAAAI/AAAAAAAAAAA/AMZuucmMC-2US1UEz8w7_Nd6iAW8so68dg/photo.jpg,At the end of a race it freezes and has to exit. Please fix asap,2,0,1.0.0,2012-12-01 10:03:12,,
lg:AOqpTOGqo2mHMOIpJsOWG7d55NsGG5O65CnBcNvKsLU2kA1B47Xj9ulZeLabqVp8R5MpchvL6buR8p__w_Q4gw,A Google user,https://play-lh.googleusercontent.com/EGemoI2NTXmTsBVtJqk8jxF9rh8ApRWfsIMQSt2uE4OcpQqbFu7f7NbTK05lx80nuSijCz7sc3a277R67g,Good game but needs career mode just riding around for fun no way.,4,1,1.0.0,2012-11-25 20:16:15,,
lg:AOqpTOF-vM_gvz34S0rE5j_0ePy2yUbJYy8ThHvrEXQHjOvXphxzhCfmeoQXw7WnwR8z3fQ3ZdKhE_5dInAbqg,A Google user,https://play-lh.googleusercontent.com/EGemoI2NTXmTsBVtJqk8jxF9rh8ApRWfsIMQSt2uE4OcpQqbFu7f7NbTK05lx80nuSijCz7sc3a277R67g,This is a bad game the screen doesnt reponsed to my touch at all motorola atrix,1,1,1.0.0,2012-11-21 23:22:32,,
lg:AOqpTOEfHmsdxsp3w3Svbnw9fLXURbaP9DZ9qS5QqrrdsdAVi7CuB3WfW2-7z0eSpwL93v68_guwSHFGu1YlNw,A Google user,https://play-lh.googleusercontent.com/EGemoI2NTXmTsBVtJqk8jxF9rh8ApRWfsIMQSt2uE4OcpQqbFu7f7NbTK05lx80nuSijCz7sc3a277R67g,"Would be 5 stars but the controls need to be fixed. Right hand advanced joy stick doesn't return to the middle when turning left or pulling back. Throttle locks up and stops working for a few seconds then starts working,  very frustrating when racing. Graphics are excellent!",2,8,1.0.0,2012-11-16 05:01:16,,
lg:AOqpTOGILybHmHMZe_wfxFhgxfRewWTOR2fGKuCFp8mMXS5eMARiIvQlX9N6LdhtxvzYIfsoBlvBhVkZAB4jZQ,A Google user,https://play-lh.googleusercontent.com/EGemoI2NTXmTsBVtJqk8jxF9rh8ApRWfsIMQSt2uE4OcpQqbFu7f7NbTK05lx80nuSijCz7sc3a277R67g,I would buy this game for 50 bucks,5,2,,2012-11-09 13:57:27,,
lg:AOqpTOFFfS7C9IdcmDLyDB0Jkf8VD0bJQCHDahMxjt8bwiKT9qUZNK1JeIKLJKvUv6MnBR9OZpfPlx3TFTuIYw,A Google user,https://play-lh.googleusercontent.com/EGemoI2NTXmTsBVtJqk8jxF9rh8ApRWfsIMQSt2uE4OcpQqbFu7f7NbTK05lx80nuSijCz7sc3a277R67g,This game is freaking madd as omg i fcuking love it so much fun and they sound so real. Would be cool if there was quad bikes and freestyle comps.,5,3,1.0.0,2012-11-08 05:30:16,,
lg:AOqpTOEIGhFDbk7M5Z0rwr9jrLYHSqo3pS5UaZin4PQQwq87l2YSu_yh0P7GP1kxN66gL6Ago8Vhz6Z3vcVAeQ,A Google user,https://play-lh.googleusercontent.com/EGemoI2NTXmTsBVtJqk8jxF9rh8ApRWfsIMQSt2uE4OcpQqbFu7f7NbTK05lx80nuSijCz7sc3a277R67g,"This is the same game as the other 2XL motocross game, but with less features. Where are the ATVs? Refund requested.",2,8,1.0.0,2012-11-04 17:41:33,,
lg:AOqpTOEbv-0fev9U9ci3RwSktAoJVyquBTz-Pcqr90KWnhZifDf9ERp5WPULwJZ24aOWCnMuD-_I390x_nkiFw,A Google user,https://play-lh.googleusercontent.com/EGemoI2NTXmTsBVtJqk8jxF9rh8ApRWfsIMQSt2uE4OcpQqbFu7f7NbTK05lx80nuSijCz7sc3a277R67g,Bike sounds are all messed up. Please fix other then that great game!!,4,3,1.0.0,2012-11-03 09:43:19,,
lg:AOqpTOHaqqpsMvMWcVqQzqz_N96oezOlwOFdI8KmgJe98GBhD5cQa3XHFv984x4Y8WH4LlAPaaZnMTYnJRSgXQ,A Google user,https://play-lh.googleusercontent.com/EGemoI2NTXmTsBVtJqk8jxF9rh8ApRWfsIMQSt2uE4OcpQqbFu7f7NbTK05lx80nuSijCz7sc3a277R67g,"Game always freezes right at the finish line at the end of the race.  Doesn't matter if you're in first, the middle or dead last.  So far the best part of this game is the video at the beginning.  Galaxy S2 with Ice Cream Sandwich.",1,8,1.0.0,2012-11-01 16:20:01,,
lg:AOqpTOGQNWAXyw4kA44UkITY4eTXYF7ITvnJXYG3oWw3TEiMnkoDbs2JRBdW0mCPTpYpI_n7Ng39beTaaRuKEA,A Google user,https://play-lh.googleusercontent.com/EGemoI2NTXmTsBVtJqk8jxF9rh8ApRWfsIMQSt2uE4OcpQqbFu7f7NbTK05lx80nuSijCz7sc3a277R67g,"125 sound like 4 stroke. Please fix,   Ah... 450=2 stroke?",5,3,1.0.0,2012-10-30 01:27:54,,
lg:AOqpTOGGOtLYFO-7d6WMnMMeX-6eNoPN8oJO-i0RrnyJfxfmvOyA_rlA8Wr7i7A11x5W_fCw_5IA6USDzGcuFA,A Google user,https://play-lh.googleusercontent.com/EGemoI2NTXmTsBVtJqk8jxF9rh8ApRWfsIMQSt2uE4OcpQqbFu7f7NbTK05lx80nuSijCz7sc3a277R67g,Nice game great graphics 5 stars,5,1,,2012-10-25 18:24:59,,
lg:AOqpTOH7QBczt0Rke9xPNa2Biu3uh7sI8aiCb2aQiWUns3rsr-uVIWgnKKvLAfN_wu-SHiBajubi6xuWojj5uQ,A Google user,https://play-lh.googleusercontent.com/EGemoI2NTXmTsBVtJqk8jxF9rh8ApRWfsIMQSt2uE4OcpQqbFu7f7NbTK05lx80nuSijCz7sc3a277R67g,"With the joystick selected I can't do backflips. Also opponents bunch so often racing on your own, maybe a greater spread of abilities from them.",4,1,1.0.0,2012-10-25 14:35:11,,
lg:AOqpTOEezpuLjv1TxQU1qqBSEQSVIcWRLlvwIWN6MNRHsiHBlGC-HF16w9bO2nzInZzJpenZCC0LWdZqalC-6g,A Google user,https://play-lh.googleusercontent.com/EGemoI2NTXmTsBVtJqk8jxF9rh8ApRWfsIMQSt2uE4OcpQqbFu7f7NbTK05lx80nuSijCz7sc3a277R67g,I hope you guys keep making games like this for android.  Would love to see an offroad truck game.,5,6,1.0.0,2012-10-25 14:21:58,,
lg:AOqpTOE_0gaLEcNNeLR5Lyssjx-48EVxQlDZLG3OLaFCcyg5lQurNqSZHBkjWgKwm991sDJfha8BHjYGj5zeBw,A Google user,https://play-lh.googleusercontent.com/EGemoI2NTXmTsBVtJqk8jxF9rh8ApRWfsIMQSt2uE4OcpQqbFu7f7NbTK05lx80nuSijCz7sc3a277R67g,It is so thrilling and super cool,5,2,1.0.0,2012-10-24 23:56:00,,
lg:AOqpTOHmtKApWiB9T6ylwp4mp3wS9XkdbAy_oqwEQHCWSxglAYNiWN3iTu-hL6F9lTnIjpky6dOZDqt5-my5hA,A Google user,https://play-lh.googleusercontent.com/EGemoI2NTXmTsBVtJqk8jxF9rh8ApRWfsIMQSt2uE4OcpQqbFu7f7NbTK05lx80nuSijCz7sc3a277R67g,Graphics are insane!,5,2,1.0.0,2012-10-24 21:34:35,,
lg:AOqpTOHpXKKXuwQTCp42w_mfAKTYvSQ31jPc_AEcHl4kg3mMRY8SiFF9qz4OiuWb8wmfgxyv8nxbaRqMggLzkA,A Google user,https://play-lh.googleusercontent.com/EGemoI2NTXmTsBVtJqk8jxF9rh8ApRWfsIMQSt2uE4OcpQqbFu7f7NbTK05lx80nuSijCz7sc3a277R67g,Good game would like to see auto throttle,5,1,1.0.0,2012-10-22 21:19:18,,
lg:AOqpTOF2WTMR_pid4ReheLRvJ9ZUBGrV6SAew-5y_jRwiTQhfEuDkyrFVOtDuihXaCrfzFPRH7n5HbqCrUXqqA,A Google user,https://play-lh.googleusercontent.com/EGemoI2NTXmTsBVtJqk8jxF9rh8ApRWfsIMQSt2uE4OcpQqbFu7f7NbTK05lx80nuSijCz7sc3a277R67g,Bought all your games   5 stars as usual,5,2,1.0.0,2012-10-22 11:07:11,,
