reviewId,userName,userImage,content,score,thumbsUpCount,reviewCreatedVersion,at,replyContent,repliedAt
gp:AOqpTOEzLT1HCnOm3jXvsHgziZU1NJoV85r8IaKa8WYj4ZrbOngghb9AY-TCGIyQo-kWkM-WE8fJdVgHB3eF8g,Darr Me,https://play-lh.googleusercontent.com/-yx_xO437OaE/AAAAAAAAAAI/AAAAAAAAAAA/AMZuucmamy-wkhoyVwyh-BoJkqYrAZleVA/photo.jpg,"Had problems at first but all is working very well now!!! I like this app best thing for FSX users. Edit.......started having issue with app not functioning after connecting to the sim, i now have no working touch or functioning systems in the apk.",3,0,4.4.2 (93) PRO,2021-02-09 22:53:03,,
gp:AOqpTOHcVz7RAahPJBBhHqTXjEUFF-SOlOGsMVqms_WQVompAiOYOr9FSWyHvNbzhCIm3x9-QpMeRjHni_DeNQ,sankar das,https://play-lh.googleusercontent.com/a-/AOh14GgxrSu0lOiS1-jFAMXhHYzEUIriVtL2crutUwz1Y98,No longer supports xplane,1,0,4.3.4 (85) PRO,2021-02-03 23:53:49,,
gp:AOqpTOEdnXK2Z8a1WpVST68ZR7uZP4U5PNBqvz3-K_kpc4zcYkG2WO6AwaWvEGzBBw0az3i05ngHU6oemOeHwg,Ken Klosterman,https://play-lh.googleusercontent.com/a-/AOh14GgNwaFYDkr4eHVqFi-vAt1Pm-SSYZc0CZKFJuZaKVY,Great companion app to the msfs2020,5,0,4.4.2 (93) PRO,2021-01-30 13:27:00,,
gp:AOqpTOHd3522wmcm2ls2y7JyuVlzKAJUU3Nm_Jh_jp3FVXh3IIFZYnSPf-oNgH909-tAP3ynzvA_Nf_5jV30qw,Alex Hussein,https://play-lh.googleusercontent.com/-K9OFZMLEHSQ/AAAAAAAAAAI/AAAAAAAAAAA/AMZuuclP7hB8kb2_uj4dSUuB5bNDMNT4vQ/photo.jpg,Still waiting for reply from developer. The 3rd screen freezes after a few minutes.,4,0,4.4.2 (93) PRO,2021-01-25 10:17:58,,
gp:AOqpTOEKXg-cSwSOrm4sudpbAW5A7hr3Jb_oZMuz488Rrn8E3Mm3WODvGy1XxURDAMPk8HL0D0Sb9cRR19-CFg,Nate B. The Aviator,https://play-lh.googleusercontent.com/-d3GUKOdwC_8/AAAAAAAAAAI/AAAAAAAAAAA/AMZuuclQK8BfjR0l1jqTQ6MYc7eChhGJ6Q/photo.jpg,Love It.,5,0,4.4.2 (93) PRO,2020-12-29 20:20:39,,
gp:AOqpTOHyzFnefo5JesIGmZDMpZTOc9eSEZUrj4upo2sm-RWL8AmYIermvqhMd8oS9SfJ-SH9uIZsX4n18xVCqA,John Walshe,https://play-lh.googleusercontent.com/a-/AOh14Gg2jgVssnWo1c0rjzeLhM88HBDosNxV2P2DQOaYmw,Works very well for the bush trips in MSFS2020. You have to follow setup instructions exactly.,5,0,4.4.2 (93) PRO,2020-12-17 05:56:55,,
gp:AOqpTOEjGbpv2P77-iRmuelB3A3uq1mGp7-APeVxQdRxLhiFhDhMIEOQaXMWYpwQFjGgDEmKNVK-7skv6sKj-w,James Moyer,https://play-lh.googleusercontent.com/-7GgYMTenzlI/AAAAAAAAAAI/AAAAAAAAAAA/AMZuucmYMFhCYOfmb4BdwGTDnwog-MRN_w/photo.jpg,"Works pretty well with MSFS, please keep updating!",4,0,4.4.2 (93) PRO,2020-12-10 10:56:56,,
gp:AOqpTOGYVVOXIiP8zY7aAvbx0xReAACzBlDzavt0Fu8ZkMCKo4EbeI8KG_34qiat09MG3hDvdN4b8yHXQ3Yk3A,s amey,https://play-lh.googleusercontent.com/a-/AOh14GgDxO2lOWQ2nSi5lBCoqR9kkotmq9JWgpjU1IxwxA,Would be 5 star perfect for me if it just had ILS arrows on the map and could go landscape,4,1,4.4.2 (93) PRO,2020-12-04 15:28:10,,
gp:AOqpTOGqZAJ1twKdVMjWlYgeufdaN6Da2yRKn4YxNtZ1bJFWEZZEIJOnxbfzj2-QTPyS80JYjjHc305NENV7VA,Warren Holland,https://play-lh.googleusercontent.com/a-/AOh14GhnF5x2VmfWjLJOnV9SejoJxWVg6nkHZkUU-7Q-qA,Brilliant works well in fs2020 but need help or more detailed instructions for updating airac,5,0,4.4.2 (93) PRO,2020-12-04 02:52:54,,
gp:AOqpTOGEqG-iQtaztCp7S1OHLwRZ1UXgBnd5GwbsubIFvrWxrL0pGezO0fZEzD1y6K7MtaqnI-3oC9r52k6iHg,Justin camilleri,https://play-lh.googleusercontent.com/a-/AOh14GhK0v_8sd6AlIMi-pSN9LX9y-S55wOkTYjUpPJkUg,"App works great however after last update i have been having a problem. Software connects perfectly every function works however, as soon as i enter a flight plan via the mcdu integrated on the app(which i update on the airac) the flight plan route does not show on the gps as it used to before all waypoints are physically written in the flight plan showing null island please help. Update:30/11/2020 the flight plan being sent the coordinates of the fpl dont have a degree sign before coordinate",2,5,4.4.2 (93) PRO,2020-11-30 02:04:14,,
gp:AOqpTOHgQfcF-MjUkS5Il_hlEL3TYeW9VGwi7szAcbtF2X4PJkZ_dfIBdTsJRhkqTF1f-9VpgJClqmSfrlG5hA,Robert York,https://play-lh.googleusercontent.com/a-/AOh14GifBBlEGiAOqFvtMCOa9TD9fETh006td_dDuqdDocQ,"A very handy set of touchscreen panels, primarily for GA flying.",5,1,4.4.2 (93) PRO,2020-11-22 21:31:36,,
gp:AOqpTOElD78oEyCPerFmTpyi1dmZI6_gGhJdJ_YUpts3NHlMP3yAzBkFFCfBU0Gp8FHQySFGjpkKcPAcYzS7yw,Zachary Whitledge,https://play-lh.googleusercontent.com/-Yo3tl07mQnA/AAAAAAAAAAI/AAAAAAAAAAA/AMZuucmA7Hw1iY_DJJIc2HtbA1Yrm04_LQ/photo.jpg,"Figured it out. Make sure you allow firewall access, in and out for the fs radio server.",5,0,4.4.2 (93) PRO,2020-11-14 14:51:13,,
gp:AOqpTOFc1j0erNUzd2tuaNbRY5z6oScbtnpdrtmh6kWmBScmw5vd-BlEqzLtbfBF6G2HJxz5DYmMAJgUfU3w-g,Robert,https://play-lh.googleusercontent.com/a-/AOh14GhnKRAd_osaZwoHCEJxRzWDqei2HEtYBuPvVNlFp8E,"Really amazing app! The only request I'd have is a landscape mode, especially for the autopilot controls page.",4,7,4.4.2 (93) PRO,2020-11-12 13:25:08,,
gp:AOqpTOFP8jOHPTkwP5yAcD0HerHVUCZgLZI0SC6OEBWgJ7H-RAa3mcYDmKXPbtUzxMHvWvFYq-oF7umy8jLimA,Jesper Kragh,https://play-lh.googleusercontent.com/-SdEoXqr16IM/AAAAAAAAAAI/AAAAAAAAAAA/AMZuucmYCT4GaxHpLW1uGVrrBdDH9dyJrQ/photo.jpg,I have been using this with FSX and now MSFS 2020. It works great and makes the sim so more immersive. highly recommended.,5,6,4.4.2 (93) PRO,2020-11-04 14:12:40,,
gp:AOqpTOExbrp3-T-oUyRoyPK7EkM3x4xCeztkNxq9S4npGWpbkLU87wBbvtpEvklzYsomLqc_Z9uIDFkq_stJPQ,Dion Collins,https://play-lh.googleusercontent.com/a-/AOh14GjEKXttNZ2Rwn72YP-QZqVfprJ5lHif2KwyDk5d6Q,Works great and no issues or crashes. Be sure to run pc in admin mode.,5,2,4.4.2 (93) PRO,2020-10-20 16:24:56,,
gp:AOqpTOHCfuBqNwssM95w1ma5uypnMCuKy9JaCWKzldIS4JYbE7s3fcLEd153_JxWEmmSjkp6zHzsfwxKJsgKsw,JNO Entertainment Studios,https://play-lh.googleusercontent.com/-hSLcEUEsdwM/AAAAAAAAAAI/AAAAAAAAAAA/AMZuucnbgnQICzmF2aT_NdSWYPs6YHwPhg/photo.jpg,"Absolutely love this app, I used it on FSX, P3D and now MSFS. Are there plans to add better integration for MSFS? Also, it would be nice to have a start switch and parking brake switch. Keep up the great work!",5,2,4.4.1 (92) PRO,2020-10-03 06:58:38,,
gp:AOqpTOEspopxFgVXIk273RbjY-JZKMhrlAbkdjixobqiz8bzWkWGLWxdncWZkpTZf13aMSU3uWhoeppygJ1R7g,Mark Schilling,https://play-lh.googleusercontent.com/a-/AOh14GixdYaPM3Kh-CbgcRwkRH3k3NhlsNBWfIXVW8NEDA,"Recently it won't keep the screen awake even though the option is enabled in settings. Worked fine when I first used the app, but now the screen keeps going dark and I have to swipe to unlock after just a minute or so.",4,2,4.4.1 (92) PRO,2020-10-01 17:50:23,"Things from Google, which has changed the system so that programmers cannot leave the screen fixed, will surely think that we want to drain the user's battery :-( We will investigate to see if there is another way to leave the screen fixed.",2020-10-02 02:57:07
gp:AOqpTOGBfAPYvli8EBKPwCJhdxWOt8N6xE9M3jGNuMSmY_yPCCUdCw7M0VzjZcbXweMwFEqe2l87SC9jWq-eIQ,Fryns Fryns,https://play-lh.googleusercontent.com/--kWIE6pPL2s/AAAAAAAAAAI/AAAAAAAAAAA/AMZuuclcXX4Llsbcv9g-0zlR8KbKBwnFQA/photo.jpg,"Very nice app. Does what 2-400$ Logitech flight panels can. So far good experience. Easy to set up, but you need to read the instructions.",4,0,4.4.1 (92) PRO,2020-09-28 08:35:45,,
gp:AOqpTOES4hj_prL6jeTJRKXwiPl_5ES5w8GKVmV0aBB-fvOUMbuBcQlQwNX9GGChYaeVKOyuQoI1JZRZduYiyw,lawfulrocky porter,https://play-lh.googleusercontent.com/a-/AOh14GgkdvN0vJqVG1ySNKXc-D90j2AX7GH5_lgVaPkKgw,Love the app. Works great with msfs2020 but only problem not able to find the folder location or location to update navdata or navigragh data,5,3,4.4.1 (92) PRO,2020-09-20 10:01:36,,
gp:AOqpTOHNv7o9xNiFk2hyx2jy7bmb7tHKH3lfqJWyWXglZtk3hcr2GlB7uZkk0axjJJIlmOBLb9GISfe4ipPaow,Billy J Jackson,https://play-lh.googleusercontent.com/a-/AOh14GgWncLhPMK6uVJ8A2m_BzfS45wLS8BKEs5sheYqEg,"Awesome, still works with MSFS2020!",5,0,4.4.1 (92) PRO,2020-09-14 08:50:02,,
gp:AOqpTOHeaymgu-Mx1VcBPw-jVif1VQMUc0DoAwtGj7en28HuleC3VsSQtjfy-aOmuBtwJds2ZLcK4n8ooahWhA,Lee Brown,https://play-lh.googleusercontent.com/-OIithSPbmyI/AAAAAAAAAAI/AAAAAAAABAY/AMZuuckkc-zZjCWoIyBPTjaWJln-aK1bRw/photo.jpg,very good app really impressed thanks... update 29th august works with fs2020 and fsuipc version 7 which is amazing 👏,5,2,4.3.9 (90) PRO,2020-08-28 17:21:04,,
gp:AOqpTOHFqSkb6QP_Wb3zaS8mFwnaaQp23zNNBwegsHDrFRDhb130tuKX5fRRJaHthdt2bUE5ehUIh3U9Q1HU8w,Mike Tuohy,https://play-lh.googleusercontent.com/-WGnpAX8GB_M/AAAAAAAAAAI/AAAAAAAAAAA/AMZuucnW2o5G2fRWJtuzW7eI-w1zyVPqgA/photo.jpg,Does what it says on the tin.,5,0,4.3.9 (90) PRO,2020-08-08 13:03:58,,
gp:AOqpTOGZDz02YFIvbIzqFHOhRm7zjWEV47nEF-1RRmdkAbkxixg4kGpYSbOaAsEvCHpOnQFsnrWylu17e6F54w,Luis Alvarez,https://play-lh.googleusercontent.com/-Q-On3jkXpog/AAAAAAAAAAI/AAAAAAAAAAA/AMZuucnj-1_Drp6SmY4krw_IgBlfB8HJEA/photo.jpg,"Hi, does it works in X-Plane via XPUIPC?",4,1,4.2.6 (80) PRO,2020-07-20 16:28:28,,
gp:AOqpTOFwOe8M0nBgakfvJNKyg5F6LPgjKXWrgRcLy_hJlM9V7zzHzrtMjFmFJWGexMExEv5UpkD9V_knnNapaQ,Gary Reed,https://play-lh.googleusercontent.com/-hupyP1vgzDU/AAAAAAAAAAI/AAAAAAAAAAA/AMZuuclcG0DKmZR9w0TzcuJXqIJ-ddFkXQ/photo.jpg,"I am very pleased with the app so far. Was considering adding the Saitek hardware little by little. The radio, switches, AP, and multi gauge. Not needed now. This app combines all those functions plus an FMC interface in one for change. Even adding the cost of a cheap android tab it comes in a bargain. I do wish the app included instruction on where to file the server. I have it on desktop for easy access. Otherwise it's the best addon yet.",5,6,4.3.9 (90) PRO,2020-07-10 09:30:07,,
gp:AOqpTOGyIpIwXKqaWIVCL1y5Wt5etWPVz6dcAovOLPXRTUxQnu4r9qOBYpHNnx8p8wxlfnyXjofi4EK7zAA-Gw,Gregory Bogosian,https://play-lh.googleusercontent.com/-LcYtN5eLPEQ/AAAAAAAAAAI/AAAAAAAAAAA/AMZuucmMK4YVLrEWvFWp8Ymq8uxPZMoOPA/photo.jpg,"Great little contraption, enhances fs very well, also comes with standard controls so you don't have to figure out all the different auto pilots. Not FSManager by any means, but truly a great app for FSX:SE.",5,2,4.3.9 (90) PRO,2020-06-20 02:16:59,,
gp:AOqpTOF_32_RN7oQdPHkDWcKYYkaWCsAMQoyOWXDK07zZeenbKx6UAwtxklblEGwt8VKfm0cyGqCPvVQeSvoXw,Despina Fotis,https://play-lh.googleusercontent.com/-21Zd0dTGpiA/AAAAAAAAAAI/AAAAAAAAAAA/AMZuucnToVcNypekM3PYV4o-X9tT_48IBw/photo.jpg,Very nice work,5,0,,2020-06-10 06:12:09,,
gp:AOqpTOFPu5i0qDdEM6I_64G0ehgHxGKC7rSzCE_ao3SG_t4FfzXmLd3ugU5zsG4x0CwT1WmBw2vjxFioPRcT1Q,Ruud Boer,https://play-lh.googleusercontent.com/a-/AOh14GjXRa_Wx2Bdh5ETmBKDrFbaXJszDajMDOhLH3Hg-w,"I think it absolutely fantastic. A joy to use, heightens the fun factor of flight sim.",5,2,4.3.9 (90) PRO,2020-05-08 01:18:36,,
gp:AOqpTOF9SQ4FDsGRQH5zGTdMII71KRu6blLCsccf6pXqPaFI1C2Cm9a0nc5lxnrGjUmFtx55Oxny6aTXuIlSuA,Athos,https://play-lh.googleusercontent.com/a-/AOh14Gho6Hyp9KsqmXwivUvERNXtVxzmLq2nQ4CnhikK,"Amazing app, must have for everyone. Great substitute of the much expensive displays. I just wish I had a few tablets so I didn't have to switch tabs back and forth.",5,2,,2020-04-15 12:34:05,,
gp:AOqpTOHXGySJipnMroljk0yUmv3EqXwTWFci7Oo4AhjbJx0_aDGjnz1N4zAwD5pI8Szc5oys0f5dggqufFplJA,Don Whitney,https://play-lh.googleusercontent.com/a-/AOh14GjATjilyVALur6Ba76dh7i2JoB6mRPn6D-si9iq,"Nice looking, well designed app that functions well. I'd give it 5 stars but for a few shortcomings. The FS Panel Server app for the PC appears to have no error checking. So switching to another Android app can disrupt the connection & hang the PC app & even FSX. There's also no way to save an aircraft profile, which would be nice as you can set 5 aircraft specific V-bug values. Otherwise it gives you an impressive amount of control over your aircraft & is stable if you don't task away from it.",4,5,4.3.7 (88) PRO,2019-09-09 10:17:05,,
gp:AOqpTOFOdkXhr4WF1n1rEqeAnSZNCNJsUzPeFmaOUn_sYR7hMkONLxWjuviPE4dxnlLVMjrku7I_6utKc0XXYw,Brian Asbury,https://play-lh.googleusercontent.com/-xmmB7fJGQYs/AAAAAAAAAAI/AAAAAAAAAAA/AMZuuckbl_VWK-FTIcYbQpuULZRRkIzmqw/photo.jpg,"For smaller aircraft with less sophisticated avionics and systems, this is pretty cool. Falls short for IFR jet flight. Cool that you can monitor your flight away from you PC though",3,5,4.3.3 (84) PRO,2019-05-12 19:56:41,,
gp:AOqpTOHuuhKs-rtg8JR8-RNDqw2o7r7nG2DWsK197rFpKNXXyx9dMApqumdT5Zeee_k2_3xWcX_kq4GmK37xXw,Scott Hays,https://play-lh.googleusercontent.com/a-/AOh14Gin77Sb2tSCY0rh3pFaqXa412CB3uLT65dxA6KTrw,excellent versatility... unload panels off your crowded main monitors and manage via pad(s) or phone. Bravo!,5,1,,2019-05-10 20:55:50,,
gp:AOqpTOHuCdBXtvYLyx_Zr7Yv3nPoS9Y2oMSz5Jirt6Q6UPGZofU8pnvunVH3yvJWES2ASFyth1mg4ORUvCulSQ,RavensHammer00,https://play-lh.googleusercontent.com/a-/AOh14GipLw5ue6WWDHyROVRz5FW3enp4ACpTQ-Z2yBP3,"Love this app, it really adds to the enjoyment of the Flight Sim!",5,1,4.2.7 (81) PRO,2019-03-14 14:22:55,,
gp:AOqpTOH4tJUEX_yXXTJe5LVKE0T-jMcHCXAgWrB6tZIO_Cfyeap8yPp6qAkDyPP6ouLgAFSeDX40D8YtQCPDpQ,A Google user,https://play-lh.googleusercontent.com/EGemoI2NTXmTsBVtJqk8jxF9rh8ApRWfsIMQSt2uE4OcpQqbFu7f7NbTK05lx80nuSijCz7sc3a277R67g,great... need XP11 support,5,4,4.2.7 (81) PRO,2019-01-05 09:23:20,,
gp:AOqpTOFD__wcvMPs3JcN4qElYzNauW99KJ-83JRJVFgiEbSNEpYn-BMJxyKLivJGB3daStgy9z6gES9aovFcpA,John Joseph,https://play-lh.googleusercontent.com/a-/AOh14GhOxmKqQGhhYixjx_DqId14DNKjnFNEn9OaMQe3,Excellent FSX accessories... works as advertised... I use multiple tablets to setup nice glass cockpit... wish app author would make an engine cluster panel... also add radio frequency changes by tapping on digits... Anyway it's still a great addition for FSX... Thankyou,5,1,4.2.6 (80) PRO,2018-12-22 06:04:06,,
gp:AOqpTOGtFAHAEGj_gKRY1GK0AgVxCeJiDAwINcxIQ9FVS6Xa1TpBQdMCsVNoQvUPgBhoyWsg-HA1vrMuh2xINA,A Google user,https://play-lh.googleusercontent.com/EGemoI2NTXmTsBVtJqk8jxF9rh8ApRWfsIMQSt2uE4OcpQqbFu7f7NbTK05lx80nuSijCz7sc3a277R67g,"Love this app!! I have three Amazon fire hd 8 tablets running at a time with fsx so I can have multiple screens running at one time. They work perfectly. I wish the radio knobs and course/heading knobs had it set up to tap on the left or right of the knob for fine tuning ( +/- 1 unit ). Otherwise, this is a great add-on for a virtual cockpit.",5,5,4.2.6 (80) PRO,2018-11-19 16:59:17,,
gp:AOqpTOGd704KSSFCZmnaeFxad576qBnx3ECrndcqoILmjWsPZop53znKKGLVwLpMdEpEIJFiMze-Dkyt4j_Qow,John Elliott,https://play-lh.googleusercontent.com/a-/AOh14GinpEbPunqQarDypFumSfBLq4SFCi0Lx-55WaFj,Excellent app. I think that those that have negative reviews need to read the manual. (This is not a game - it's a really useful add-on for a Flight Simulator program.),5,0,4.2.5 (79) PRO,2018-10-30 04:09:52,,
gp:AOqpTOEapBoKUNHPNnbCrvCRM6EP10TR15APXj6tt0hDjVHGTjbMDU2xA-Xt1EwBuCp6_NmWJ5BogUtqNBfc3A,Bruno Rodrigues,https://play-lh.googleusercontent.com/-2ZxDKwmpPXA/AAAAAAAAAAI/AAAAAAAAAAA/AMZuucknUFdb2vN0OZJyy-rsEeR7vNVyDg/photo.jpg,Nice app! Some issues in the early versions that seem to be fixed. Stable now. Useful app.,4,2,4.2.5 (79) PRO,2018-09-18 14:55:44,,
gp:AOqpTOEIVEf6ssVeNny_JYtWrBsgpjbAizuMUjUwNgEPG8jwekOF6K_eNKT2sGZan3jq6pzXLARx-iCb7X-DBQ,Bryce McDonald,https://play-lh.googleusercontent.com/-kvV5abYiT3M/AAAAAAAAAAI/AAAAAAAAAAA/AMZuuck4NXuwvgbvmUWzK0EfGIn9cRG1og/photo.jpg,Best FS add on I've seen.,5,0,4.2.4 (78) PRO,2018-07-18 20:44:05,,
gp:AOqpTOFV9fM9RtAUJ8eSWYgaDsKlyHfByNIigwzH8bLa-rpnIVeHnbXJP-X-YV9W3q7B6kkToR-Ge4ULN7yvuw,Richard Schmidt,https://play-lh.googleusercontent.com/-QGjOcVCAzVg/AAAAAAAAAAI/AAAAAAAAAAA/AMZuucmBTqOpAhppPit22dYDMg5GtU-3zw/photo.jpg,"Not a good app. Full stop the support sucks, the manual says you can create 
flight plans on other 3rd party programs and then use it in this app. That 
is a total lot of bull. We asked support about it , the reply i got was why 
don't you ctreate the flight plan on this app! Hello why mention it in your 
manual when it aint gonna happen. And the manual also says that the airac 
files are updateable, which is also BULL. I took a one month subscription, 
updated this app just so that the next day i got a message saying that the 
airac is outdated. Beware before buying this app unless you have some bucks 
to throw down the gutter. Have a very nice day.",1,1,4.2.3 (77) PRO,2018-05-21 10:17:40,,
gp:AOqpTOGwQD8jaOQi5SlBKO6Pp-B038qlTxKykia4wxQ7lfqeAne2OpfD7qdcDC4fTLJDW_kobMFrNeibisaGFw,A Google user,https://play-lh.googleusercontent.com/EGemoI2NTXmTsBVtJqk8jxF9rh8ApRWfsIMQSt2uE4OcpQqbFu7f7NbTK05lx80nuSijCz7sc3a277R67g,"I'm currently building a flight simulator at home within a partial airframe 
section of a salvaged Beechcraft King Air 350i, FsRadioPanel has become the 
corner stone of my instrument panel, which is giving it incredible 
functionality!! I can't recommend this app enough!! Works extremely well, 
and being WiFi it is a huge savings on wiring within the build I would have 
to have otherwise!! This app is a MUST HAVE for any serious flight sim'ers 
and/or cockpit builders!!",5,2,4.2.3 (77) PRO,2018-05-06 22:45:08,,
gp:AOqpTOG-lplKPhU0dfextGhLGFM7liPu29B5eKi2Yg05YvgH_ZbsvUEOouYSCNK4z3P6xzwT4Ly36EyQnE925Q,A Google user,https://play-lh.googleusercontent.com/EGemoI2NTXmTsBVtJqk8jxF9rh8ApRWfsIMQSt2uE4OcpQqbFu7f7NbTK05lx80nuSijCz7sc3a277R67g,Really useful!  Everything I need for a compact mobile flight sim setup.  Great to help teach procedures!  Thank you for a great app.  :-),5,0,4.2.2 (76) PRO,2018-02-27 11:52:49,,
gp:AOqpTOFQ_Ro1o6DvSXnVlZSpGFDpjQ6CRHJySaBcgvtfVTXf6caYc9htdPmeMbSgr3PEyvuZ8jGJMwS6zwV6BA,Eduardo Gorio,https://play-lh.googleusercontent.com/-TjWK5hr65cI/AAAAAAAAAAI/AAAAAAAAsiQ/AMZuucmQs-6-W4lHy8hogiiTzexbsQwcvw/photo.jpg,Awesome,5,0,4.2.1 (75) PRO,2018-02-14 15:54:29,,
gp:AOqpTOF5_llzJcQDwrJwN0PprHnkQSbbeg0GH2PvCzwHgbE6VR5wCw9xmsszw1a0IDABi1yx0k1WklYMBXL4FQ,A Google user,https://play-lh.googleusercontent.com/EGemoI2NTXmTsBVtJqk8jxF9rh8ApRWfsIMQSt2uE4OcpQqbFu7f7NbTK05lx80nuSijCz7sc3a277R67g,Great app for the FS and p3d enthusiasts.  My only issue is that in p3d v4 I cannot get it to show GPS or flight plan waypoint ins in the GPS or FMS portions of the module..,4,0,4.2.1 (75) PRO,2018-01-21 15:09:27,,
gp:AOqpTOEn-Si8kmCSU53Wt7RG4DTmQr9RXsUvMPyENA_m8SgOZRPn86eyKirqWsNT8HF2i7q5tO8qhwqEXIrr7Q,A C,https://play-lh.googleusercontent.com/a-/AOh14GhWdRiBbdOvHQ36OP0F8MZ3D6B4lk0UG5XQQ3GkbQ,Can't seem to get to connect to P3Dv4. Anyone else have that problem?,2,4,4.2.1 (75) PRO,2018-01-13 18:50:19,,
gp:AOqpTOEJU8GWtGOnh1mHlI0UAhUOyCQ7IB6R3dO75BMkGAP7bKqRjVVoyEZHcX1t7mpHnCgFm2_BEVidfP1A4w,Ralph Urias,https://play-lh.googleusercontent.com/a-/AOh14Gi-B_IKxKNbQ_P18TGG3fhxp3rPtdlvZfxuY2TrNg,Keep the good work!,5,2,4.2.1 (75) PRO,2017-12-09 17:44:36,,
gp:AOqpTOEt_oVn2D2jxEfYiShY9eC-w1esyQWDc4iZ59T9po5FS-_X9LSMtU1AymG08hVke5NlxpE7zEwTSzgTJg,Daryl Payne,https://play-lh.googleusercontent.com/a-/AOh14GjOGn55mO4G5sMpJBgNJuzIsAEboxpPBBJ3PdwK0A,"Superb piece of kit, use it all the time with FS9 without trouble.Always reconnects without loss of data, highly recommended.",5,3,4.2.1 (75) PRO,2017-12-02 03:06:23,,
gp:AOqpTOEk09HTKbUStdko9qtNDxjbxVcnrkaQhM7UxZmFB2n_XQ-iQp1BJ4huQb3q9jr1t-IkdRLYUlXohixqYA,Greg Curtis,https://play-lh.googleusercontent.com/a-/AOh14GhyqDXNeDcc7guADbJG7NhLrMVA8e2s7bYpgArecA,This will add a nice but of realism to your flights. It's nice to have something to interact with when adjusting these settings.,5,0,4.1.0 (64) PRO,2017-11-20 04:20:23,,
gp:AOqpTOEyd_wKRHe5J52Vi3G9tjm2kpNmNESG1wEg1N5aOTaBD9FkfIZhvV36pbUTCBLWcIR8VQ4u4iDwEmNPjA,A Google user,https://play-lh.googleusercontent.com/EGemoI2NTXmTsBVtJqk8jxF9rh8ApRWfsIMQSt2uE4OcpQqbFu7f7NbTK05lx80nuSijCz7sc3a277R67g,Some problems setting up at first but since using it on a test flight the moving map display is a significant improvement on the earlier versions. Definitely worth using I wouldn't fly without it.,5,1,4.2.0 (74) PRO,2017-11-03 18:52:18,,
gp:AOqpTOF14Q6V7f-WS8gR-RziiwNdZpmZldsH29mvfUdzBI71jgnxj0fQEcvhF7p-b6flCriSHUuTr-31-E-9MA,Alan Kell,https://play-lh.googleusercontent.com/-NYy4hOxz0AU/AAAAAAAAAAI/AAAAAAAAAAA/AMZuuckAPCIIeF_dhk6jvIMofZTRaJhW1Q/photo.jpg,"I have tried other apps with FSX and this is far and away the best. It connects quickly, stays connected and re-connects if you do something to interrupt it. Very responsive controls for altitude, tuning ILS frequencies -heading bearing Autopilot features great. Found the flaps and gear less responsive will play around a bit with those. One question when opening port 9696 is that for the PC hosting FSX or should it also be opened on the tablet IP address ÉÉ Thanks for app and hopefully fuller description on port opening",5,2,4.2.0 (74) PRO,2017-10-25 12:12:29,,
gp:AOqpTOHxJ8LePiXiy8xEKmq1Y1vp8grgchIjtQsHQSYRz-Xhj8e8nqI2rghLjSaNHUKgvU0X2LjW-D_Dn_WDGQ,Bradley Walsh,https://play-lh.googleusercontent.com/-Q4riBk2Jfk4/AAAAAAAAAAI/AAAAAAAAAAA/AMZuucnvIHlRmkXNo85F9-SBGn5ZhP5MYw/photo.jpg,"XPLANE 11, PLÈEEEEEEEESE",5,2,4.1.9 (73) PRO,2017-10-11 06:38:11,,
gp:AOqpTOH_ZXjY_4KcaPI0PaxfFcG2mSuTGuORSzRwSIOCbLlcFOiyan_a9DRXQUnRBWtUSYYndP70H3mY-A8Z1A,Chris W,https://play-lh.googleusercontent.com/a-/AOh14GiMN0xNC9nc_zwtUx4rhKKljQjY4jmTFV-3G5P9Uw,"What can't Android do? Seriously. This is the coolest thing since MSFS at Meigs Field circa 1994. Really makes adjusting the coms and auto pilot a breeze. A bit clunky to get setup, but after installing three different background programs it works!! Love the Google maps gps. Only thing I could hope for in the future is expanded panel controls. Like overhead panels, throttle quadrant, some of the engine start controls, etc. Thanks again!",5,0,4.1.9 (73) PRO,2017-09-14 18:25:40,,
gp:AOqpTOGf4eSJGOpFNm6HBUWKDrTwobYWBJlCg5w5huzRcRDggK-cA1Zk-N7jMB3wOdMPK0MgHH2yBn0Ql05wrw,Anthony Williams,https://play-lh.googleusercontent.com/a-/AOh14GhCf7BdcjXU5bz0JVcfXgOU9ai98frelnE2ryOx,This app totally changed my simulation experience for FSX. Very intuitive with great attention to detail. I find myself using the controls on the app more than the switches on my joystick set! It was very easy to set up. I am having a very minor issue though with the gps tracking. It seems the track on the map is off by a few bearing degrees. The plane on the map seems to be strafing on an angle. All other instrumentation and functions work perfectly. I highly recommend this app to any flight simmer out there and its worth the money!,4,0,4.1.9 (73) PRO,2017-09-13 19:26:03,,
gp:AOqpTOG1R_sAueuGF21tYem5-X2DQizFC-6VkamRjo6onvJ3lmZHrNPt3PoDNeIb2NHz582fyFuqvzFd-fz_Tw,eL Di,https://play-lh.googleusercontent.com/a-/AOh14GhGHghQ1q005laf87ZRI5LXZh_svT5CyGaWNlUuOkg,Some switches not working... Waiting for support reply.,3,0,4.1.5 (69) PRO,2017-07-25 23:05:17,,
gp:AOqpTOFTifbdZgtXcTljtVd5Kiatr-K74xfl-xM2OGF1W0_ny41zArAmjroPJhGeY8rV_srxXdvXzy0oba0DqQ,FANIE LANG,https://play-lh.googleusercontent.com/-bj1m8fSxZmc/AAAAAAAAAAI/AAAAAAAAAAA/AMZuuclXM-SBlkrNsuCE8pu_VdzOCe9acA/photo.jpg,Brilliant fsx tool,5,0,4.1.5 (69) PRO,2017-06-12 07:22:14,,
gp:AOqpTOEzPsz3kAnazhJBiQOku_C_1ykM40_ZbaIlbWDqHOVp17dmmQJVzElYoybm6AD3TwhXbBZ_YYt1cCOhFw,Brad McLeod,https://play-lh.googleusercontent.com/-K8p4z8hsAX4/AAAAAAAAAAI/AAAAAAAAAAA/AMZuucmcATFu91OVRcT1TZuF2GPKFQ5BuQ/photo.jpg,Seems ok. Mapping looses plan every so often but otherwise not bad. Maybe future updates will fix the Mapping problem,3,1,4.1.5 (69) PRO,2017-05-24 02:19:15,,
gp:AOqpTOFb7qdMUWbjTn-0jly9WPPBQlVx5RyHAaoHVZWJa6k1zHZdTA3U7yofMbz9EMTTnn3nydvX5oGTmV0uOg,RJ Ramilo,https://play-lh.googleusercontent.com/-8BcXLlUvwdQ/AAAAAAAAAAI/AAAAAAAAAAA/AMZuucnEuEzA8lBgrCYRMgFWYtgJryNpRQ/photo.jpg,requrst to convert the NAV 2 into VOR also and not like an ADF that only points directly to station.  and also if it is possible add GNSS or RNAV features. Thanks,5,1,4.1.5 (69) PRO,2017-05-17 07:11:43,,
gp:AOqpTOFnzbPUpGkRqUOeWOPc0-kGOrpikc2UH5Tw5FvDiRMc_LLR0v_EfEx62hVJEpKaNRb4c5nxe06KUp8J1g,Mark Dent,https://play-lh.googleusercontent.com/a-/AOh14GhL6KkPxdOcrlbubYGGkDovimZCy6fGSt8qIfWF1vU,Works good but could not update latest datebase. Asked for help from developer but no response. Placed Navigraph 1703 in NavData folder unzipped. When try to upgrade it says no new cycle to update. Any help please?,3,2,4.1.5 (69) PRO,2017-04-14 15:44:06,,
gp:AOqpTOFJmQPB2U3D7JeeBsQIuIcvtoxczbBX3Pkj4zWvFwIqKQCgF1kWOJQUfFv27eEci2LsY5dyjW4kSFwWNA,TJ De Vaal,https://play-lh.googleusercontent.com/-fZgRzRVmhbQ/AAAAAAAAAAI/AAAAAAAAAAA/AMZuuclKEPIjWrNjJ2oVGJvb_xwVKFajoQ/photo.jpg,Takes FS to a whole new level,5,1,4.1.5 (69) PRO,2017-04-04 13:54:44,,
gp:AOqpTOERqbhKt4T2kAULbzBqRlHSdQ4u0ReyCvTiTsgtAhihpYAnSJo0_wqkmQeI607E0V7ANESdEv5PvUMuLQ,Daniele Marengo,https://play-lh.googleusercontent.com/a-/AOh14GiY8cYox_JyRu9GybTChG6Ky0jakwOqKlF8ibSofA,Amazing app. Works great with FSX on Win10 and it offers a lot of features. Sync/connection is reliable.. highly suggested,5,1,4.1.5 (69) PRO,2017-04-02 13:25:06,,
gp:AOqpTOEUiO4bxFtUZ3C5qliUEL3uV6B0pIbxsK2tZ5eiOgwjIgwgBzE8InKUDG0lowTAZzVBoZFdJ90IqazyXw,A Google user,https://play-lh.googleusercontent.com/EGemoI2NTXmTsBVtJqk8jxF9rh8ApRWfsIMQSt2uE4OcpQqbFu7f7NbTK05lx80nuSijCz7sc3a277R67g,App is great! Works well with FSX:SE and very useful. Although it would be better if it could be used in landscape mode as well as portrait mode.,5,6,4.1.5 (69) PRO,2017-03-21 09:02:03,,
gp:AOqpTOGJkOOtG6fCrOkm8ARgVoiEAR1o92VfxB6zLqqImyz_PqgCULkxkCVbRtKXQZWYjpIQ2q5Bx8gPvNXGFw,ZERY Irfan,https://play-lh.googleusercontent.com/a-/AOh14Ghw7Azv-HDqbFS0j_vkshem66wcomuS7ITNG7Eh-w,all ok.the pfd  frame not so smooth...and i cant update to latest database....allready foolow to extrect to folder navdata...still got error no latest navigraph found...btw i allready purchased..is great,5,0,4.1.5 (69) PRO,2017-03-10 19:41:42,,
gp:AOqpTOGLkYqXU1kVhBXWiH5snXXvIr6zNeFusskUI0RC-IAaTzKO5PKYefJXLVexbiGDwWof607-awyP5OdtvA,AVIATOR,https://play-lh.googleusercontent.com/a-/AOh14GhMo5NeTjrqOlAXr2I4edKOUQC9wadW2IB6z3Gn,Nice,5,0,,2016-12-01 07:38:21,,
gp:AOqpTOF4FeTxmGslaJTj7eXSKRTqAk9DCbm83ls29Zpo09szIJBQTid0QaQKfYoWA_DG1cFwzQ1oSMiw-J5gVQ,Daniel Martinsson,https://play-lh.googleusercontent.com/a-/AOh14GiNLM_dgoi1nDJjjJK6tqapUMb1ZLc__s0VgzSkU10,Great app to say the least! I fly a lot in P3D and this app has been a great addition to my other equipment. It's very easy to get everything up and going bot on the PC and on my tablet. I'm actually thinking about getting a second tablet just so that I don't need to change views so often.,5,2,4.0.3 (63) PRO,2016-11-03 03:03:26,,
gp:AOqpTOFf6Q580xAKiuNWrPjUo6hxEW5uxUnpmsdk6m5XYh1gRtBNeSYp_xr6k58Q5rENnblYTiBq-VIN_c9m0w,Jam Sponge,https://play-lh.googleusercontent.com/a-/AOh14Gj5KHtziw6RAytcDOSZhYtwxSHsozuVWXvo5GPT,"Great app, quick and easy to install and 'no lag' between devices. One gripe though, APR works on heading but not on descent, so there's no true ILS.  I have contacted author but attributed it to fsx",5,3,4.0.1 (61) PRO,2016-09-21 02:57:48,,
gp:AOqpTOEtTW3SVuHBltVFY_ApOv5iAzOgasyiZbxYKBSFcmMWo41vPXvo6oeCopLZpleXstoqWga_sDfXRjDF7g,A Google user,https://play-lh.googleusercontent.com/EGemoI2NTXmTsBVtJqk8jxF9rh8ApRWfsIMQSt2uE4OcpQqbFu7f7NbTK05lx80nuSijCz7sc3a277R67g,a must have for any flightsim enthusiast so much more data provided which you simply don't even see on a lot of static instuments seen in VC. Excellent product good value and certainly money well spent,5,0,4.0.0 (60) PRO,2016-09-20 06:21:48,,
gp:AOqpTOGXDUKgqi2ejeCrvfZiIE3jfhTcHjytOtUmZ8Ji9gPUq2uO2dK9RPTK_zxXNa9cUJDPlMJVD5ZcWaYlWg,ThespixNLive,https://play-lh.googleusercontent.com/a-/AOh14GitCUFMJj1V5viyksOlIro34cREFRtjawTRTGGnOg,Best Flight sim Investment I ever made. Well done Tambucho! :),5,0,3.8.5 (57) PRO,2016-08-28 14:40:05,,
gp:AOqpTOGROR8diOHb_8AusZioNiX-IYGH1JxVj-oj_KAlLHMAECkeCECuKLlOtcB6gt4-_ztXFeT73UEcQjB8JA,Adam Banks,https://play-lh.googleusercontent.com/a-/AOh14Ggcv4XPjyRX_ADBio-YQfiH4VtxEwSCZeif0y8-hQ,"Installed and connected to my P3Dv3 without a hitch. Amazing functionality. The AIRAC took 20 hours to install (yes, 20!) on my Asus Transformer - both for trial and full versions (not the 1hr quoted on installing) but stick with it - it gets there in the end!! Lots of attention to detail. Very clever app indeed.",5,1,3.8.5 (57) PRO,2016-08-21 10:09:00,,
gp:AOqpTOGotI2wKYvuEX7AJXK8LRWAWMAGmEXUk7kQTY-12Fd6cG7wjNUE9nC-MDm00XqUf8B-DY-s7db3Wcu_eA,Paulo Monteiro,https://play-lh.googleusercontent.com/a-/AOh14GjMCNwvoZePf0RrZzBN1YT_ZEFENtzwiPhiT9r_aA,Wonderful work for your cockpit. Easy and very stable during flight.,5,1,3.8.0 (52) PRO,2016-07-18 10:10:27,,
gp:AOqpTOF5V2u7PM3nkgpKl2AU769WWa3xP8fbEyaw6fflvrTQ4v3CGFcNAdjx896W4RhZHW7byREa6UXWhCfX2A,Peter Rygiel,https://play-lh.googleusercontent.com/a-/AOh14Gghw2QHECxlZNvCn1Ob3fFOfehys1084VdXKE8h,"Took Time to figure out,  but worth it",5,0,3.6.5,2016-07-04 09:39:29,,
gp:AOqpTOELdkSj5NyteAaWtOxzPK504H9rAFjdbQABUhLCZ0F0FpylPQWLHdS7c-QXz9oQkdlQTPjn9CrzE8e5Aw,Chris Kiernan,https://play-lh.googleusercontent.com/-p6T2XgtVWM0/AAAAAAAAAAI/AAAAAAABLPg/AMZuuclnPrGx0_j1mgkjZl7pRvSOFe3eeQ/photo.jpg,"Can pretty much fly without panels now! One gripe is the gps programmer seems to be missing airports. Seattle being a big one. No stars off though, this app rocks!",5,3,3.6.5,2016-06-06 22:14:42,,
gp:AOqpTOEQgr0FqVsixRCGPoSQgvFZiMIemeQVeNToUx2s-zyjZCCRERozIcFMWImO_cQSspuLE-dCNdxKRzDcoA,Miguel Torres,https://play-lh.googleusercontent.com/a-/AOh14GiJClebGVbDGA5czREhsLqgmLg_R4TwTaJ8s3vJaQ,"Me funciono muy bien por 3 semana luego dejo de funcionar, no manda las frecuencias al Fsx , cambia de frecuencias solo, las frecuncias en stby imposibe de programarla, a parte que se cierra solo frecuentemente....",2,1,3.6.5,2016-06-04 13:40:34,,
gp:AOqpTOF5dPRFi0G-4lvfbDkVZGbzbFDUH6gByeckooS2ssiEd0Vwxajs_kx2yIgVznNgfVUGZaH4q1rZinp7DA,Scott Simpson,https://play-lh.googleusercontent.com/a-/AOh14Gg44Qw7pqazPYQIzSd6yN6ri0etM46b9mp5IoBI,works great and no need for me to buy more saitek addons the money well worth it,5,3,3.6.5,2016-04-22 11:43:53,,
gp:AOqpTOEyh5Wnv0xJtcF35A0Pp3HsOm3texN4WiSVphLgDqzUO4k2xKSToTw_7Ybt3PpqzQEWONNq26RG-4Pc9g,DuntoiRab Helton,https://play-lh.googleusercontent.com/a-/AOh14GgQX2BGjKuzRYby2CijVvwPRH9YnRqO4cAb6EPyLw,Love it,5,2,3.6.5,2016-04-10 23:44:00,,
gp:AOqpTOH5xAAw1rFV_WIV7EDLXA5daHI-eHQvepEKhOLXc1YItuTayT9rEyN7FR-jkNUBnMzqeG4IGg8JhHVUWA,Nick Chinn,https://play-lh.googleusercontent.com/a-/AOh14GhEuTImIxe7U99PxlEG0oCuLkjHgGfbl6F1PcqpYg,"Its awesome but as other say, the PFD freezes when the radio alt. gets under 1700 ft AGL.  Tambucho, please fix this issue.  I would like to use this app for ILS and instrument approaches in bad weather.  Bad part is the dev is Spanish.  I just contacted them about the issue so i will get back with the results.",4,0,3.6.4,2016-04-06 01:38:15,Bad part is the dev is Spanish?,2016-04-06 04:08:06
gp:AOqpTOFIB5y58R8C_NnS5mqBxNqkO74J9QWKVsxFegEeJeXSzfEpk6m-0fvfm7sSyCWtsgINu049CfbRKRQDOw,Cecelia Eloff,https://play-lh.googleusercontent.com/a-/AOh14Ghq-QXYOm3GzkvS2uYXlbkx_V0rtZcg5cxoyTGxtQ,"Total waste of money. Worked for a day. On day 2 I have a lag between my PC (I3 with 8 Gb RAM) (Lockheed Martin Prepar3D version 2) and both my tablets (Acer A500 Iconia and Sansui Etab). Then connection is lost. Have to restart the app. I even restarted my Wifi and PC. I am planning to uninstall and request a refund.  That is it, not even working in FSX anymore. I am uninstalling!!!  What a load of crap, I have 4 (four) device on my wifi, how in this world can it be overloaded.",1,1,3.6.2,2016-03-06 05:31:45,"No creo que sea problema de la app, sino mas bien de tu wifi que no es estable o está muy sobrecargado.",2016-03-06 02:37:42
gp:AOqpTOEheEgf-DvniQQa-7pKfsQRsaHAX7w1gVbI_BBdCw2N4aW77kYAsnq1EayJ5GWmTu9nl0uimGPyf9fN4g,Paul Picking,https://play-lh.googleusercontent.com/a-/AOh14GjWBx6orxPYfUTNYJ_4LfWIjtY3KY2NjxajfgQi4g,"Works great with FSX and FS9 on my old Win XP PC, had Samsung Tab 4 displaying Map and Moto X first Gen phone displaying PFD simultaneously while test flying on FSX.",5,2,3.6.2,2016-02-26 12:29:50,,
gp:AOqpTOFz0oJp769Rs9jiaSKZ2jN_mnITNXu7ux0V9XI5KRO7LfhNTcnwRYvXB5TvCuY58V6VxY1B3TCisl_afw,Jaime A Camacho Gomez,https://play-lh.googleusercontent.com/a-/AOh14Ghx2LJtKfZ64WV38epEqpkHPjWsk1yC1JiuJgAS,"I follow step by step the instructions but it never engage my fsx, who can helpme?.",1,0,3.6.1,2016-02-20 02:29:15,,
gp:AOqpTOH1aSwex5KpSFkb43gZX1RTBgp6lSvHlcfpafvOdI8pKRd8rKPhlnJHksIwhDlruYAFRiD3JKdUyWuRzg,Valentino Grubelic,https://play-lh.googleusercontent.com/a-/AOh14GjmXyr7MB3Uq_nam6ZAxLXDVq_ZQAOHGONVA4nP,A must have app for any flight simmer out there..Works seamlessly with most aircraft. Great for GA flying wether VFR or IFR. This is a complete package and you get bang for your buck. Great customer service as i had a problem getting the Moving Map working and a couple of emails solved the issue with updating Google play.,5,1,3.6.1,2016-02-18 04:13:11,,
gp:AOqpTOFiCyXgtsWG_pEzl7ht2UwY-a636TO4NYD9sl-tBCQJnTd3gRBLBT6_qNi4XaJT7r8oJkrRjaVLcS_YSA,Scott Kalous,https://play-lh.googleusercontent.com/a-/AOh14GibMn2bBh1gi37M6kAXBEDh-9Jq9_EMnUjg4E3Cog,Easy setup and every thing works GREAT with FSX:SE!,5,1,3.6.1,2016-02-15 22:39:21,,
gp:AOqpTOGGh9xj-PPuZfwSDR7c5DAzlSLyKkby2SNJmDhJW2fCk9ig6pqWEFkljSyo9M7XFpmBmJpkTJPf4sow0A,Mike O'Neill,https://play-lh.googleusercontent.com/a-/AOh14GjTD7FCGWuuKYCBwv4m994LQKgu0WP1V9PPJ0K5,Was looking for GPS but this app does so much more. Brilliant in my cockpit.,5,1,3.6.0,2016-02-14 07:23:20,,
gp:AOqpTOGvtVkebo6DJ4TkrRX45iYx9K_PJSplHao03MbkSpilrRorZy0_9ciYHwrOUgpSN0JE8LeixO3lbg6jxg,zebulun da tech,https://play-lh.googleusercontent.com/a-/AOh14GiPM-CWz8o5TlNo4tKu-cXeblLjfAqLFtOFiEb2ng,Highly recomend,5,2,3.6.0,2016-02-05 06:09:01,,
gp:AOqpTOGl4LywJt6eFG8ONxwawBony-58mCTyJxZfeTgRy9sS7pk01BNYaLdbZq40BJL0UraI3mexSanO1ah0Qw,A Google user,https://play-lh.googleusercontent.com/EGemoI2NTXmTsBVtJqk8jxF9rh8ApRWfsIMQSt2uE4OcpQqbFu7f7NbTK05lx80nuSijCz7sc3a277R67g,"Couldn't get it to work. All of my other data programs for flight sims and racing sims have worked. this one doesn't. I also got no response from the dev. Not recommended. Edit: after update of 02-02-2016 there was some connection between tablet and flight sim, but still app isn't working.",1,0,3.6.0,2016-02-05 00:57:12,"No se que problema puedes tener, si me puedes ampliar la información.",2016-02-06 03:02:42
gp:AOqpTOEyUGK_GRw2u4CqPRJEJkit2dk01BKTozcv11vU9Ia5vHrn5RoVwG6QY2arjgr2Obd172-P_iOq-7RtNA,Patrick Bouffard,https://play-lh.googleusercontent.com/-Y3XUjbW9Flc/AAAAAAAAAAI/AAAAAAAAAAA/AMZuucld-2sY4LM0OXDTSgb4bITyhB6wrg/photo.jpg,"I love it. It's fully functionnal on FS9 and FSX, tried on both. Did test with Carenado C206 on FS9 and Alabeo DA40 on FSX. Very easy to configure. Used with Samsung Galaxy TAB S 10.5.",5,0,3.3.3,2015-09-27 06:03:49,,
gp:AOqpTOGHLtgaJ94HI1YBKNlnf0w-LvADZAaTGNqRJMatSBn4zt0drpYys0WR1QpwiCZcBhfnU8HilxwIftCRtA,John Corso,https://play-lh.googleusercontent.com/a-/AOh14Gjn0jJB9WwKVhyDvtp3LMBeqhhO7IFeUDnrN8GU3g,Works great,4,0,2.1.8,2015-02-19 18:43:17,,
gp:AOqpTOHxVSYe4jqBi9G-_9ONKxFKVGqulreinmytvJa234stin7fd5_uchHxNP2Qo8N32AjR9aufiEs2ekdxuw,J Reid,https://play-lh.googleusercontent.com/a-/AOh14GjsvHEqIDTecuI9lJ4dsyn-9YPdmP7ADWaABXpcug,The moving map display works great once I updated the app. Supposedly only com 1 works but I haven't had any luck with it nor any auto pilot function.  Would not recommend.,2,0,2.1.3,2014-03-25 20:30:24,,
gp:AOqpTOEOauLHgF55VRO9ObYVu2o-92AgF1SThKNzAQtZuTxy09DjXk5G5GRGdTcjNnt-6Ltftlh_cQuuOa0ANg,Biscuit112 DT,https://play-lh.googleusercontent.com/a-/AOh14GiBwBNvx5zNnDkGgpXfo454Z2hgQ_MXJQO9RCQq,"Program seems to run flawlessly, so nice to use wish it had VOR heading adjusting capability.",4,0,1.6,2014-02-03 05:57:57,,
