reviewId,userName,userImage,content,score,thumbsUpCount,reviewCreatedVersion,at,replyContent,repliedAt
gp:AOqpTOGneJ7t__rUch1QvrykVa0jFoaIV7sq5wCVJaTXPSq2Fta1RW8YOld0jHtw5KOkgxt6CbMtGlnP_S5ukCA,rezbit,https://play-lh.googleusercontent.com/a-/AOh14GhjnDWfquc5Z3JeEvjLD_YX4cKpDfSV_PKDzkbA,Has potential. OP images need to be much larger. See Omnichan as an example.,3,4,1.21.1111252,2021-01-26 01:18:19,,
gp:AOqpTOFN-00a7K8avRBxQsIOZs7zaA5wt_bUXnJm_29QC4-5jeOuO_vJc0-qUZGA7Mgr9YyOY8TJyUH_Fa9jN5A,Reed Williams,https://play-lh.googleusercontent.com/a-/AOh14Ghmb1jomaF3wHIcfPMKRUsz_MImHUjvRts84Oo0,Some settings just aren't clear. I still can't figure out how to display all boards. I know it's there but I don't want to sit there for 20 minutes trying to find a basic setting.,2,2,1.21.1111252,2021-01-25 05:05:06,,
gp:AOqpTOGJUVcMoiPtps85vY1nrLFkhXiine0m1I_niVdqJ9bIPMT2534WFx5Ebb3P0JnrTD50_bYLSJm8x---JNk,seabass,https://play-lh.googleusercontent.com/a-/AOh14GgEccRz5PBt9GqtLfZ10gpNsr2KS5GBMXdotAS_,"I̶ ̶c̶o̶u̶l̶d̶'̶v̶e̶ ̶m̶i̶s̶s̶e̶d̶ ̶t̶h̶e̶ ̶o̶p̶t̶i̶o̶n̶ ̶t̶o̶ ̶e̶n̶a̶b̶l̶e̶ ̶i̶t̶ ̶(̶I̶ ̶l̶o̶o̶k̶e̶d̶ ̶t̶h̶r̶o̶u̶g̶h̶ ̶a̶l̶l̶ ̶t̶h̶e̶ ̶s̶e̶t̶t̶i̶n̶g̶s̶)̶,̶ ̶b̶u̶t̶ ̶a̶l̶l̶ ̶N̶S̶F̶W̶ ̶b̶o̶a̶r̶d̶s̶ ̶a̶n̶d̶ ̶c̶o̶n̶t̶e̶n̶t̶ ̶a̶r̶e̶ ̶b̶l̶o̶c̶k̶e̶d̶ ̶b̶y̶ ̶d̶e̶f̶a̶u̶l̶t̶.̶.̶ I did miss the setting and was wrong. I retract my previous review and give this product a thumbs-up. 👍",4,3,,2021-01-07 19:26:16,Thanks for your review,2021-01-11 01:03:44
gp:AOqpTOEN1H8ZHvsAjChjdPO9MolIDKhcdPWrNtGe8rBBJEI21i4A0fdFcJQdn56P_YoQTpFsHbG4yEgrBalw3nM,RPDleon454,https://play-lh.googleusercontent.com/a-/AOh14GjhcWBos-U6ik3g9nI_rr7ajDD5YDXPs53q7xfq,Best imageboard browser I've ever used on android.,5,9,1.20.1011936,2021-01-04 10:26:03,,
gp:AOqpTOF1zmmBtXcRGGzil2u61Bp57ybSwJgO-za25FC1yxhgzl1nYaJ2Tw_JtlV6PSV2DOElwmA8FsnnqsahAho,jack,https://play-lh.googleusercontent.com/a-/AOh14Gj4PZshOzHvdBfMc6qR8409bbF1slOZazi1GjngMw,Not worth it,1,6,1.20.12281933,2021-01-02 03:54:46,Thanks for your review. Could you tell the reason?,2021-01-02 13:14:55
gp:AOqpTOHM4HBq6naV38LK70t017kaioTR3gsFl2N7yH8VPCUnlltokFR-Th9TdbKysQv7B7-kP5Q7Sh_Cr2Y0RH0,Лоренс Гвайн,https://play-lh.googleusercontent.com/-5XFRnZhunBQ/AAAAAAAAAAI/AAAAAAAAAAA/AMZuuck109gY1JI7UBeMszSle9IqRwtm1w/photo.jpg,Good app for communicating with all friends of yours,5,8,1.20.12281933,2021-01-01 00:53:07,,
gp:AOqpTOFectFL9xx3Yd74cJXxRWWBQ1sxjV4ayfjsqfKDiHTfFVpjb-_BnO87M4_iiqtJORVnMn6sxrt9xZG6LtU,Pharveish Selvam,https://play-lh.googleusercontent.com/-v4cL_rPJUAU/AAAAAAAAAAI/AAAAAAAAAAA/AMZuucnbat4ukxQml8H7rpNrB-CCXFxKWA/photo.jpg,high quality,5,3,1.20.12161932,2020-12-24 11:48:50,,
gp:AOqpTOF2xlJf9BYWQDbn4dmLWG4odf5VcJEkL6e-CAHQ8UeoSz6YDqYNtcE_J8uOemgCOdcrCRXBWpsn5jMUeAA,Marcel Radulescu',https://play-lh.googleusercontent.com/a-/AOh14Gix_N4K1i8CojxEYsyyT55W9D35QTtRdxbdvMpe,simply the best,5,13,1.20.12161932,2020-12-24 11:40:58,,
