reviewId,userName,userImage,content,score,thumbsUpCount,reviewCreatedVersion,at,replyContent,repliedAt
gp:AOqpTOHuT4nTxLHpcx8CHBcQj92Or1DP-11YeKAtCY9sHU-gpTRWbxIPb_3BVL3QVRVlezG8arSUMdlrEJtCBg,Alessio Basti,https://play-lh.googleusercontent.com/a-/AOh14GjqRGCcfsdxIz7g7EvSug9E8_K4tVO9l2aAPre3BQ,"Great app... just one thing, chords progression only ascending... make descending and it will be perfect",4,2,1.0.3,2021-01-14 23:47:11,,
gp:AOqpTOHG5fTVgE9fuh5rM7BjyRs2VkoXUzVrvvPKjo_nnDufXO3FuqZIImXZ_vExhMdwg0d5Dj7eZg4oFXraxQ,Kimberly Redd,https://play-lh.googleusercontent.com/-QkcppQQuU2c/AAAAAAAAAAI/AAAAAAAAAAA/AMZuucmMSEZz0tVmb_txpN9ws5GjAA6TwQ/photo.jpg,I am a beginner playing the keyboard so it was over my head. I will purchase later when I have learned more from my classes.,5,0,,2020-10-24 18:30:18,,
gp:AOqpTOGtK4x34zj0_InuFRBxNJCgyqQtXGxBaBHfW3HSA9A6DBMrxcyWzmZpHIeiqvtGO5J-wI7vdDw6BIKtnA,Jeff Boehme,https://play-lh.googleusercontent.com/-nwp1Xchdzro/AAAAAAAAAAI/AAAAAAAAAAA/AMZuucnjrOdDc1p2nQMMpbxHg3nPch6xaw/photo.jpg,"I usually use the website on my computer to learn this theough the tonedear website but purchased the app just to support the developer, this app is worth it's weight in gold and has helped me a lot!",5,1,1.0.3,2020-10-22 04:27:44,,
gp:AOqpTOGcs1zMtgOvXrcF7IUPCpiP7yv3pjFPbFA31kKNeCH9ui54NOnUqrgsPjCMC8yVhI1rII6hYXTU79xmog,Moreli Alama,https://play-lh.googleusercontent.com/-Z3as7GwChQ0/AAAAAAAAAAI/AAAAAAAAAAA/AMZuucnzhHIKHi_LyJnnRB7Vo7Ncw-ZEOA/photo.jpg,Audio doesn't seem to work using Bluetooth. Please fix. Thanks.,2,5,1.0.3,2020-10-21 11:12:45,,
gp:AOqpTOEVyRn_9Uqmh0VOssMHQ8slfaoKYNlvjXnMzSPb2jnilm_wPmftfs8c4IZLxJitjmXe1plAwpsx980O-w,oscillate,https://play-lh.googleusercontent.com/a-/AOh14Gg9IbL6dpW2wBY9BN0r3vi_tJSp-2Or4X2pgK-pkA,"An app that have actually helped me out with my hearing and relative pitch, and I'm sure it will continue to do so.",5,1,1.0.3,2020-06-19 01:32:15,,
gp:AOqpTOE3qMNpmvxAn4nUasuzk8ZjauMaAvEcA3PYEc4YbnTjmcfNTTIrD2YZDRiMD86_mFJKRSf2dOUfmBOaeQ,Christian M,https://play-lh.googleusercontent.com/a-/AOh14Gj_CikuQW8Q9x5YS-WD6GRFBgZhUfxBvyhbyQoSRA,"Doesn't track progress or offer anyway to save what variations/exercises you are on, I'm dissapointed that I paid money for this... You can find better apps out there for free",3,4,1.0.3,2020-06-01 04:37:09,,
gp:AOqpTOEgzUy3gGCdqqAF2gHj-MqhdIAJpempJd05MMTft-BrQ5iHmfTza6B-2O9pKQsxktZ3dXiWD6NsfaVhnA,John Whitmore,https://play-lh.googleusercontent.com/a-/AOh14GgXv3VADAqKJdblp4RSg0OXthoyzSw_4G-xWW-F5w,Best ear training app I've found,5,0,1.0.3,2020-05-27 14:24:35,,
gp:AOqpTOFAlBUq_gtGpzUzTeBneK1dWHnXbvl0zhfiEoYiqRQs9YZX8VIFqLxBLetAUq_Z52FKI5jJV99DGL_JBQ,Grani A. Hanasusanto,https://play-lh.googleusercontent.com/-9xxqkRbbZGI/AAAAAAAAAAI/AAAAAAAAAAA/AMZuucnTPrcXqXuS8qJvW66_4n9ez-Qo-A/photo.jpg,It would be better if there is an option for adding inversions to the chord progression exercise. It would also be nice if there is an option to have the chords voiced from a different (random) octave.,3,1,1.0.3,2020-03-16 16:49:53,,
gp:AOqpTOEPTkplx8Pimxea9UHrSX5JWtO3VwbC4TuNuOyT8wCnnZU4ZSLSqpUD0MVTVBHWpSEA_Y5_lfPk8XT9yg,Vinh Si Ngo,https://play-lh.googleusercontent.com/a-/AOh14GhkMYEBISHoOkIFnXVLULRcGm5XLreF1_WUillaVg,"I need the note pitches for the pitch perfect quiz to be perfect to train my ear correctly. When you do, I'll update this rating.",4,0,1.0.3,2020-02-20 20:15:32,,
gp:AOqpTOFAe2BXi_y0DFg1rNTimXE1p9mo5p-Nt_dXz9W10FXZ8oMfz02pduN903gaARohmHFyDjt96IqDYxfGNw,Marius Hjortland,https://play-lh.googleusercontent.com/a-/AOh14Ght1OFKWyKNFBTn8Hzq5yS381s_-YxYvRqQ6Ue7,"It's simple. Easy to use, and I've been getting better and better at recognizing intervals and chords, thanks to this app. The only thing I'd like more of, is statistics. It would be nice to have stats for my guesses, and not only the answers. Right now it would tell me that I've gotten 6/7 major sevenths right, but it won't tell me how many of the times I guessed major seventh and gotten it right. That's a minor detail, though, so it still deserves its 5 star rating from me.",5,8,1.0.3,2019-11-29 14:08:13,,
gp:AOqpTOGmsyV7zsDs1RlX2zB2_qUAXi0JgruM0XSxA3qEVZHPAPbP8KZpQ-BV7HDMFgCjPaOpNpl4ikNJ10cnww,Jimmy Ham,https://play-lh.googleusercontent.com/a-/AOh14Gg5bYvR51pnpacC6rCqntSxLfUMlobMrCD3vpn0FA,So it really is a good app but no function seems to work when I have my Bluetooth headset or aux ear phones in. I'm a beginner so I've been using the intervals training but it always takes 2 tries for volume in general and never has worked yet in ear phones. Fix this and it is easily a 5 in my book!,3,5,1.0.3,2019-11-08 11:51:54,,
gp:AOqpTOE4xc5Ec2AFCS_835PdkEhKPz0wfSEmE5FNU4QhltaWQSpCnwEUR1LXtSgC0ZyeA-V2oUJithzdgiap0Q,James Gitau,https://play-lh.googleusercontent.com/a-/AOh14GiartI6wKqAv7d7Akv-hZZ9DW3fJiXBblloG16nWw,Good app but the sound goes off at some point when doing the interval exercise..why?,4,0,1.0.3,2019-11-05 05:03:34,,
gp:AOqpTOHw5Y8n6aAJUKaqwaIBU1BbFcUTEip_mqrwVUj1qSnm79SC5Ftvc2GphzfkWdq4Z-w1h8nyMqJtcfNn7g,David V,https://play-lh.googleusercontent.com/a-/AOh14GjCbS541CdzngpsGMAIWhOcJofSp3MFqhdQTIoF,"perfect app except for the sound that is really low. and also I emailed that but maybe more people will agree with me, i think it can be nice to add theory information, like explaining what is every exercise and what does each type of thing (interval/scale/chord etc) is made of (major 1 1 0.5 1 1 1 0.5) etc etc , but ye volume please.",4,11,1.0.3,2019-04-24 05:44:54,,
gp:AOqpTOGfshb1F6hLb_sfXx86iR4qXdhh34Er83DWdRwM1NwTPrS-8NSsIFNBGhhXL5yoH4iRV3HF0ZnMLP1B3g,Mario R,https://play-lh.googleusercontent.com/a-/AOh14Gj2zvO3KXtR1coWgknWgffDXHx4q87eCrlxUcMcZHM,awesome,5,0,1.0.3,2019-04-14 13:15:39,,
gp:AOqpTOHcB9w_7DRe_ImkW2ZiwyhLwvoxcKkwyY14dNw5jT6OuaXCdq4vbveRfp9RI1mrjpBBy8VBM-Eqfe9OSA,Ivana Atanasova,https://play-lh.googleusercontent.com/a-/AOh14GhYhYVFsGHWnaFV2u1GNwYPQED8LDu3yp3LK51SfQ,It's great. I can practice wherever I want and don't need a second person on a piano for that. And the improvement is obvious. Best app ever!,5,4,1.0.3,2019-01-12 00:33:37,,
gp:AOqpTOFdNodKlqAHNC9LN7KuZAas9nCNlOvA-R1rXkDXdyFHS-8mDj50ygpXrIrFzx-G-ywcl8dHrN3o9uAu7g,Shubham S. Badwaik,https://play-lh.googleusercontent.com/a-/AOh14GiHDV9mnuLwCRW-5dq0b9Rh48j9lGUUx3C2077n,not good,1,0,1.0.3,2018-12-26 10:26:46,,
gp:AOqpTOHJp4IyUd8P3SOW5k9nw-HiWKulreWzfzvhwXoheUXPIzgC9cmj6FZurcA0F_VdCL5_dLimwp7xOmrtWQ,Dmitry Tantsur,https://play-lh.googleusercontent.com/a-/AOh14Gi5--bhqA_hg2PTbLUU9gwMB2C4r56BejaYNlpHgg,"It's just the web site packed in an application, it cannot even remember my settings, let alone track progress.",3,12,1.0.3,2018-12-10 15:14:49,,
gp:AOqpTOHCRYViLBogZWpYIfn77BHlzTJeRlT3vaZ0ctbAXSRE_mvVjCe0_MMb9Kyu5xtGMwwXgZ1m8rmY8__cNQ,baloony,https://play-lh.googleusercontent.com/a-/AOh14GhkY2flvFI9J39PQRbG0rifrz_PD5nZCW-IqiVJZg,"The sound doesn't even play when I'm on interval recognition, which is why I bought this app. I want a refund.",1,6,1.0.3,2018-11-02 05:49:26,,
gp:AOqpTOHvlp1LLCZsKpVV0Bee0mU-UazF5Il2MYj-MoFfHfk4ZYvRP4-EGhlajjawq-xIpC8PWhfzTQfjE4kjEw,Griffin Trayner,https://play-lh.googleusercontent.com/a-/AOh14GiQcLmhlz9YAHNmNArv0XFgZ390IPfb0QPY4Syh,"Love the online version, but sometimes this app doesn't play the audio it's supposed to. It's just silent. Obviously this is a huge problem.",1,6,1.0.3,2018-10-20 10:31:37,"Hi Griffin, thank you for reporting this problem. Can you clarify, when does this bug occur? Is there a specific exercise, or all of them? Are there any steps you can take that always make the bug occur?",2018-10-20 14:21:57
gp:AOqpTOE-ymmBpfrCqLvCAklQ5o8mgtgUGy09eVv5P6ItcgcugN5_MDbNmFZLbwt-hnn76yCUr8vgQTMnF_AKow,James Daimari,https://play-lh.googleusercontent.com/-N0aT70WjxUI/AAAAAAAAAAI/AAAAAAAAAAA/AMZuucnlXyiZYT3tVZfXwtHRzQsGRMVLzA/photo.jpg,"It would be great if for the functional exercises, both scale degrees and intervals, minor and other chord options like sevenths could be added. Right now the functional exercises have only a major cadence as option.",5,3,1.0.3,2018-09-05 01:54:08,,
gp:AOqpTOEcqJ6YYFaRCbPbDmYP9v9vK1BB0-_Xoy5Ntce7KNDTRMnW6QcgqMnuKmZ78pgmij18ri8ApTJ8K1scfA,Gerard Healey,https://play-lh.googleusercontent.com/-XtQoxRahu74/AAAAAAAAAAI/AAAAAAAAAAA/AMZuucmbpgLLvbvGr_CmAocjc1n3dFETqw/photo.jpg,"Just the best ear training app ever. From beginners to advanced it's 
massively useful and really improves your ear for use in playing 
situations. Thank you",5,2,1.0.3,2018-07-26 13:44:47,,
gp:AOqpTOELX4e8CaxbVXW_oC9GOyT-DDWNdKhluiMq4h_0R0LXie4uX_BeKKH3Km6zTYStQF2MthntwOutFgMKyA,Man Wai Lorentz Yip,https://play-lh.googleusercontent.com/a-/AOh14Gikc_QIMPAxHAkMXQcU2aXDSdAZCycn_sxAbZQ-6A,"The volume is too low. Hard to listen in th public place even on earphone 
with maximum volume.",3,4,1.0.3,2018-07-01 00:27:04,,
gp:AOqpTOGxzIK6bcs69K6R5Mefh5OjgjfYOw5tyKPGQxRH4XP3xZsnp48sU_VyoAC8ljgk_E9dY6gDgyjGee7XzQ,Salih Sarac,https://play-lh.googleusercontent.com/a-/AOh14Gg5CHk1uh9RMSsMUyhLP2ms_0EUqTJVS8U-2jEUbQ,"Perfect app, hidden treasure :)",5,1,1.0.3,2018-06-21 14:41:23,,
gp:AOqpTOGVUFhkbd4lLvxPKeVEwPcw-Z8RxYZlPGIa5vJT9LVqrkrSXdkC3wDNuN3zS8MCNfDJBfqhx3NsXkBPlQ,Fabio Fidanza,https://play-lh.googleusercontent.com/a-/AOh14Ggf-LTPYGLpxQUEagq-sY36iOsAz5dgGH6zAKu4FII,"Bought the app because I use the website daily and it's an essential tool 
of my practice routine. It would be awesome if the app could track progress 
(I'm doing so in a spreadsheet at the moment). Thanks!",4,6,1.0.3,2018-05-13 16:34:37,,
gp:AOqpTOEmiKKoSBg3NEdStOYGwb5SFwEQFDteeqXM2Nq3FlqYNqMvV0YeyOpy1d12KLZzSyDmbzh_BwItWkjQdA,Warren Tennant,https://play-lh.googleusercontent.com/a-/AOh14GiUkNMEM5g3Vot7WK4Cwi0zVslJk3JlDvu4Ka9o-w,"I'm very glad that the website has now been turned into an android app. 
Thank you!",5,0,1.0.3,2018-04-19 00:40:34,,
gp:AOqpTOH66nCs2CCw2Ybrv2Pqkf502jhIPSBJrDWVgQ0sgpEP3aBDcKmyPoFUAh34scO11uHIxxoFit6sN4N37w,Dave Martin,https://play-lh.googleusercontent.com/a-/AOh14GjQl_qJIdD9zeeDrg5pyonApS6BSbK1UA42KMwHLA,"Glad to see there's an app now, works well just like the site 👍 Would like to see some theory content in the app and site as well, not just aural training :)",5,2,1.0.2,2018-03-17 06:23:22,,
gp:AOqpTOEpFE2__77dbwI8hQOouBcIHJVrJdogbVaFiH62y6daju6hf070Wm4CRU3M3Lf_eP2C3yAmWpi0VGRRbA,Ryan Hurd,https://play-lh.googleusercontent.com/a-/AOh14GjDQc7vxKqXiAD9zN8zDg1vIqMpAspfS4h51nfsZg,Easiest and most straightforward way to do ear training. Clear audio samples. Multiple modifiers on each exercise to customize difficulty.,5,5,0.9.3,2018-03-16 08:06:40,,
