reviewId,userName,userImage,content,score,thumbsUpCount,reviewCreatedVersion,at,replyContent,repliedAt
gp:AOqpTOFEE6fXBIGoy-Wu0bwe0LI2mE29oXY53KKKUJmXIDAd-oAb7VfFNCAfLF6g471o32dvgxn9gkJgFw8UziM,sabrina,https://play-lh.googleusercontent.com/a-/AOh14GgVQp5uCndtQLFytkDt-UW1mhNP3_BVQo8uqmTb2Q,"this is a real fun game! i dont have to buy it because i have play pass, even though this game is realistic!",5,0,,2021-02-06 08:00:37,,
gp:AOqpTOFnLE1Vk-vf5z3oR8jNbfzS6c-Kxf71AiolI3J6Df6cok-Yg9b9RkSyrz9V3_KNMj8UjOI1Vz85m2_a8Ok,Darlene Lesinski,https://play-lh.googleusercontent.com/a-/AOh14GhJrur8fOlp1wPTsaaIIQNu0G4dtsq3yoC0OwXPJw,ADD BLOOD AND A KNIFE SO YOU CAN KILL PEOPLE,1,1,1.1,2021-02-02 18:26:52,,
gp:AOqpTOFLJbX7QxmqTDLjr90B0IivS4JfJZk_xrrHNwgomG9N4kmOzqYubW2PzeGGJeYbliH8uOAyF5qvaAquGv4,Ila S,https://play-lh.googleusercontent.com/a-/AOh14GiARKd2JoSpI8Yk68tkY6tctWEV0Pm9eMfKIJ0P,It didn't let me refund 😞,3,0,1.1,2021-01-30 05:52:26,,
gp:AOqpTOEkKYYEtB6FgHOTSyHp0q-mFHpGbfkKjKcvFbW_ELyYvbW4DYJSPGdAbfoGZtY5n_0J5NqJbJvrQ73JFR0,Jael Alexander,https://play-lh.googleusercontent.com/a-/AOh14GhseTVwH804FWsEIpHd_nXQZAzMVKhINcN3JDPv,"I love the game bc its about creativity, and you don't have to take orders. You can make anything you want. Whether its spicy hot, or 🥶 cold",5,0,,2021-01-27 11:37:31,,
gp:AOqpTOGmvwG9gj1XfLoG9Y0j-YWF1hQlAGaQ_bq1NvTeGkQiv8-a8fBy-UcuODjqFWDDNddQYv2f-tCuScAi2Nk,Pulane Setswalo,https://play-lh.googleusercontent.com/-MJRlzQ2AOc4/AAAAAAAAAAI/AAAAAAAAAAA/AMZuuckCNki4mKhA5wE_vXaczdma7XymIw/photo.jpg,I live this.game I just 8 one day I was bored I remember toca Boca so playing it now my table is full of toca games if is a update please be bubble tea bec it goes with suish,1,2,1.1,2021-01-22 21:13:39,,
gp:AOqpTOGkUitH8E1E1wRvjX2e08lNfhJD5aYMtLbO71NYq1c1dzPm6QzUMgTDANpHO38vkxpn7nqe7cP6n4Bk-9Q,nik1320 Johnson,https://play-lh.googleusercontent.com/a-/AOh14GiZTwhtHMT1vsk1qTuC9AT7RzQmhW7lx0fmzl25Rw,This game is okay but why are your other games free and this one is not free,4,2,1.1,2021-01-08 12:00:14,,
gp:AOqpTOGLWg_ZxpSWfNOqja5V3JmAJOUrt5eSp8vk4Y3NqT0T-3N4IXUbDG0ZO3md-67rVi5xgaHkpc-fN5kmBDA,Kathryn Scarlett Lynch,https://play-lh.googleusercontent.com/-qaVWF58H91I/AAAAAAAAAAI/AAAAAAAAAAA/AMZuucmKPZlr12KfJB04tQtV-gj4EB5tuA/photo.jpg,THIS IS THE BEST,5,0,1.1,2021-01-07 14:17:25,,
gp:AOqpTOEqUNEPyoRX9VUwQX5Lf7TOG8Wlej46ZSwvdl15lrxFTg0aZ1Ohq7L9JJQUUophCRa9TMPyYIaMUaNohc0,evelynn tune,https://play-lh.googleusercontent.com/a-/AOh14GiLlyo9itIafeON4jBDdNS12gAggJi8d4FkowhwYA,I'm 14 going on 15 original i got this for some of the kids I watched but I was bored one day so I tried I honestly it was so much fun it kinda reminds me of job sim its nice that u can do what YOU want and not just press this button to achieve a pre determined thing what you do actually effects it and I love it even though I'm way out of the age range the,5,72,1.1,2020-12-26 08:49:41,,
gp:AOqpTOF7lovFOHtC6I2WyFD2PBZZxOy7wJ3TYjcRHzszArVxyotn1Pe6-68a-u-w2I0Vwn9ViSpxkM21SVupPxw,Ğăčhã Ćøøķïě,https://play-lh.googleusercontent.com/a-/AOh14Gi-JqVm9Cg7GSBsSJHaMqCcoSFR9lgx4VGwunr4_g,Is there any way I can get a refund because my son bought this without asking me?,2,0,,2020-12-25 10:41:23,,
gp:AOqpTOECBRaCtqDmIWemdluKnKK75vpH397Umoxr_cNOy5yYSG5huB41Krfr-M0a18QfKSxdG_rGOD3wozJbYUU,Aria Merrison,https://play-lh.googleusercontent.com/a-/AOh14Gg53ocOsPVpDIinAnsYy8XuUadUZ3OqLYCap06E,They steal your money it crashes and glitches and you can't get a refund after 1 NIGHT ITS RIDICULOUS IM DONE $6 OF MY MONEY THAT THEY STOLE,1,4,1.1,2020-12-12 11:44:08,,
gp:AOqpTOGP7FCOlwD0PBYXHQfCz1NkL_ZpdILO8ooiTV07gDGSHWeKL3t06PLpo_rwWyYSO0BG-A9P-GIWCi8ACz0,El,https://play-lh.googleusercontent.com/a-/AOh14Giodbi9qBPw-cYcUGZDp-DdCSw5ObM661ibgXPrCA,"I really like this game, but I think you should be able to make bubble tea since that goes with sushi :)",5,114,1.1,2020-12-04 21:26:42,,
gp:AOqpTOGz2W0LN7IjsW2Da3k4l_G4ZNUO9FntEDXFqg2_ATJ9bL_sNns_J1Nz4GEfmwVaOipNKWECaTi401BRSpQ,blue,https://play-lh.googleusercontent.com/a-/AOh14GjdkEt44yo55K8lzBCRR49dbJGY50C5CQU1NsnLkQ,"I'm 13 and I still just love toca boca games ofc if there made for kids the style is amazing and the game is absolutely wonderful, on my old tablet I had every single toca game but sadly that tablet broke and we don't remember the email nor password But still love these games and I got this one",5,99,1.1,2020-11-29 13:32:01,,
gp:AOqpTOGubC3Z8WBDAcTT0pQZNZQuDd_hvbSGsdHfhwGkh39xKhoGBlYILCAa-QGILU6VaFU6_KIWeu5EkV0wcwQ,galaxy,https://play-lh.googleusercontent.com/a-/AOh14GgowvFmMv8EZnb0exXFnoWAmiZfBfwPnxBPOti5fw,Good game GG,5,0,1.1,2020-11-25 09:07:32,,
gp:AOqpTOGBMyGbNGP-kLlxylA5dP5VTdKArYKNgowRklipheBlEITUcZOEXucLPCfs3coj9b3lavowrrGt0GUOCEM,様MAISUKE-CHAN歳,https://play-lh.googleusercontent.com/a-/AOh14GiyuCQUQUBwg6ayR6enky_lUOem0sF0BbzhHMEqVQ,It is amazing im playing with google play ticket so it is free gor mr,5,0,1.1,2020-11-22 22:07:23,,
gp:AOqpTOFp2FzslBHBMOioeWZcq1QrJ0Dw1k5LssicSqu4-PRe-XowX6oceV2UYsUVB-pZxZZ9_rK3uGKArbu_aaI,AMOUNGUS GAMER,https://play-lh.googleusercontent.com/-T4RVdUG7KHI/AAAAAAAAAAI/AAAAAAAAAAA/AMZuucnsnfba3ZVYPvfErxBCNDC1D4eEtA/photo.jpg,IT IS THE MOST FUNNEST GAME I EVER PLAYED IN MY LIFE AND IT MAKES ME CALM AND IT MAKES ME LEARN HOW TO MAKE SUSHI AND IT IS VERY FUN,5,1,1.1,2020-11-07 14:48:19,,
gp:AOqpTOGY7JGqJ0IKZUlPHid4I6M0AZUT03SZehZ_w3xZJ7Kyt4RwEsfW-cCCYBPvlLrJEUIOvKBI0MeNVpdTM1c,Rena Boley,https://play-lh.googleusercontent.com/a-/AOh14GjHnKGa6-BY-H8nSJxqG4V8si071DlzWBaB-suX7Q,"I love this! I enjoy making sushi rolls and specials! Although, options arent as wide as they say. Good selection of food, but can you add eggs? ♡^♡",4,38,1.1,2020-10-19 18:09:20,,
gp:AOqpTOFNDDev1lBafVqQhMw_wEdC-FaxJl7YUNBsGKb34TjhKO_pWl5tGh4N3oiyJzcTd2z05O1cXpIk37sjkbE,Nate Et,https://play-lh.googleusercontent.com/a-/AOh14GiyFPguAMIr6bps-vMOy9B6jFg2jc55siJhQ5bu0Q,I love this game that you can make to see🍓🐄,5,2,1.1,2020-10-12 21:25:16,,
gp:AOqpTOEaphJXStXl3ZJnCspoPPGLAiRaVH21SI77wbJ2k2TLzstXwF03brynxm8h9UR2nsxjiS4x805olDYuksc,katapotato s,https://play-lh.googleusercontent.com/-7ppdi8b-NRk/AAAAAAAAAAI/AAAAAAAAAAA/AMZuucn6KySY1nU7J0bxe0Ilne7WL24Piw/photo.jpg,"Its a fun game, but the main draw of the last games was that characters would react to the horrible creations you feed them. Characters in this game are always happy at your creations. Still fun but this is a downer.",3,84,1.1,2020-10-08 01:13:07,,
gp:AOqpTOEo1oR52_SqXBWYGomwYKg7n0cs0a-_R06C38V7u6aKKyxRUydxWrQ_ORT3tIL8Y6scerBJmwc5l6IJKPo,Kandis F,https://play-lh.googleusercontent.com/a-/AOh14Gi-oqQBhXf2Lnn_-wqFygVUeT0oomMzxmk0aXyS,"I dislike the upside down star, but this is actually a really good game.",3,3,1.1,2020-10-06 16:57:06,,
gp:AOqpTOEBNnV9W6eNjfHfRoOGc2TAjVKrT2_wth4kIOv5jaKYjGFm2ATdsP53K1u5w9yD9urUgo21H08w18WT_ME,toby,https://play-lh.googleusercontent.com/a-/AOh14GjYtwnP5eu4bSWYFj0pLvn_lmrNbEUeva798J3qxA,"okay so, the functionality and versatility in this app is great! the thing is, i was lost and got bored. i didnt know what to do in the beginning cuz there was so many options and no tutorials whatsoever. if there could be a guide to follow that would be beneficial. also i propose setting up recipes? theres so much potential in this app but unfortunately it isnt being used to its fullest. recipes can vary for each character and players could find out which appeals to each customer the best :)",4,5,,2020-10-03 12:30:32,,
gp:AOqpTOHzh_R9QFhPgRd8smov5icBd3YpRbUTH5Er-8P83ExiO7dpugeYqwVd5WQRaH8FyF731SoUTveK7leyENY,Jennnzzzer,https://play-lh.googleusercontent.com/a-/AOh14GhagzC9W5XvM2wMq8t1JnlntaWW1MahIbuiwE1hjw,This game was free for a week its a.great game good. For asmr vids or.mega mukbang vids on vido sites 👍,5,0,,2020-09-25 02:58:05,,
gp:AOqpTOHsaL2xF_3Cc7Bd7BCg-jv8A1060XRkci5B0zxoQVNIg_NUPvE-peSIIWMbZmoKSC-iBfyYsNU4I_67BN0,Bandar Ayyad,https://play-lh.googleusercontent.com/-m_4c23F-Q6E/AAAAAAAAAAI/AAAAAAAAAAA/AMZuuclEOPIdh8Keq3JeMa_p7kivJkMbFg/photo.jpg,The game is the best,5,0,1.1,2020-09-23 02:54:57,,
gp:AOqpTOF4Pyk_X-idQ5WWrhrp0itjGvlslHsSU5DgV4vYgkXcoFr_sRcWijIFbAUA672rVvpdSODTVlDOZMFYT0Y,Brayden Mia Volschenk,https://play-lh.googleusercontent.com/a-/AOh14Gjr_1juZOrY5eKKIvxCvG4VH0WH_h04ZH3crCwg,Please add more food but it's very fun game,5,16,1.1,2020-09-23 00:10:29,,
gp:AOqpTOFDx-vSTz9N6g4AkIeWhT8HDYuLsZnfLbQZITZYIKhsyDK04gQp_h-CL-CJOa1GP1Ij5TpxCgRNBf1p5tg,Dani King,https://play-lh.googleusercontent.com/a-/AOh14GgfS8-Y3ziuWdQQonSqMdfwEgA9HFAmfwuRMPDiIw,🖒,5,0,,2020-09-19 07:09:38,,
gp:AOqpTOEO3sVjpIWQU66txlhtZ6o2AtxBaalQOj2TAsZ0S-xNokbg2-fqrP32K6V1w1xwgT0O0HVUOLrcoFf1Ofc,Melissa Purcell,https://play-lh.googleusercontent.com/a-/AOh14GgXc4T6TKm0Jf43JyEHRJ1Fsg6D8bsOdX0uh3x-,"Ever since the parts update, this game will no longer load on my son's tablet. It loads a white screen and then crashes. It's a shame, because it's one of his favorite games.",1,60,1.1,2020-09-14 20:13:47,,
gp:AOqpTOHGnVC6Dj4Jaw8cTSjKqlj-_FSUzQ8W0qK1kZhSWZuM_nRmi7xgdDL4AEgRusv-YHVW5F9B3fEPzDpjDnc,Robyn Valenzuela,https://play-lh.googleusercontent.com/-u3JJcaem3AQ/AAAAAAAAAAI/AAAAAAAAAAA/AMZuucmjP3YPOlE2MEQY0bS3rLuDpNlWZg/photo.jpg,"This app is a lot of fun to play. You don't have to have WiFi to have fun, it's the best option out of all the toca kitchen games, and it looks great. Only problem is that there's not a lot of people or taste reactions from the 3 people. Toca boca, you don't have to fix this but I would be happy if u did. Overall great game 5 star 😆🌟🌟🌟🌟🌟",5,120,1.1,2020-09-13 12:34:32,,
gp:AOqpTOFg1hU-l2-QhyC4BY6achIEkleJaFZS8OV4u7O79evps0Ud1jG2gfRanVCHL1DSpki-hrsSVpIYvLMuOCU,Alexis Wiklanski,https://play-lh.googleusercontent.com/-pMBYrauN6r4/AAAAAAAAAAI/AAAAAAAAAAA/AMZuucmdhbe5uPrXxtpRE3Zvlhkk7Y5x7w/photo.jpg,Not worth 4 dollars,1,3,,2020-09-07 18:14:15,,
gp:AOqpTOHTC__yaMupVG1EpAZMDs5oHgxnao8q5tVpW7NUHZQ2Zwyf1dMua462BiLdY8JP4xSHn5ufAalDp3mpvkA,Mandy Shultz,https://play-lh.googleusercontent.com/a-/AOh14GgvGF7k-NxivsaL0Cq0iwpS5r7GXbLpFvFoOoMa,As soon as i open it i get smacked with permissions required to play. No refusal like other games! Uninstalling,1,33,1.1,2020-09-03 00:09:26,,
gp:AOqpTOHoll3P2JrTBexbvG_e0y1K3AC7wi_AchAk7HvVqO1hUej5c-OFlNFoa5p54yFtyGUbRpAcNLG_VRphk4E,Loraly Johnston,https://play-lh.googleusercontent.com/a-/AOh14GgSKPisYIp_f_hrRocOiDNmSvTF8OuRchXJbMxHQQ,This is a good game but your game logo copied TO-FU Oh!SUSHIS game logo,4,0,1.1,2020-08-31 13:07:42,,
gp:AOqpTOFkSdM5VkUFBKPypZp8gyKZTg92bTvMPwsUdxf_OSfFtj6r59TqdJupghNLzVCFFrbmvRI6JCO7PiImgNo,David Fairlie,https://play-lh.googleusercontent.com/a-/AOh14GiPPN9jDUECmvjNzVUeIP6xNSPDhRW7n4CNqfB1RHA,I love this game and I love making all the sushi and food but just today when I started making shrimp and asparagus they all all of the people and all the customers were going yuk-yuk-yuk and spitting it out right away!😢🥺😟😣😔😞🤧😡😠🤬,3,109,1.1,2020-08-20 14:19:24,,
gp:AOqpTOGw9MK-EHIMRdB-g9k_blNi9X1janwahy8v-wO8bzJ8vvQmSn8y0XIzvMnCgzQ6q5Q49qOHCkxou-8rMJk,Hat There,https://play-lh.googleusercontent.com/a-/AOh14Gh0lnBysvX8uTT_MtXRiAYp53IwFUKn0xFM-1rp6Q,"It's so fun, I'm not even kidding.",5,0,1.1,2020-08-18 11:18:33,,
gp:AOqpTOG82ZsomI_6s-bJcs1DE6ejVzzqzPi3fLNZ6TVvFWVp0O_eaLtG4ijV8D0h035hW2vqJrEyR44gfNGF_TE,Latreece Swite,https://play-lh.googleusercontent.com/-uXfIjjDy4Ko/AAAAAAAAAAI/AAAAAAAAAAA/AMZuucmEwKiWrQRKlDjM-owbYWDzOPxE4A/photo.jpg,So funny u get a pepper and a ginger 😆,5,0,1.1.1,2020-08-14 17:45:53,,
gp:AOqpTOETMDsl0O5puo67tOIOW5H633fM5US3EEhOmjffpq3pumjITOfJRF4ma9aeI7ozaVSq92EDpjgKjQB6ylw,Alexis Hopkins,https://play-lh.googleusercontent.com/a-/AOh14GiW8Ty8yVEpThmQ4OnAeBQj4gvxTQo9eXLZrsMcZw,The game is fun to pass time ... but when I wanted a refund it wont allow me to get my money back to purchase another game.,2,29,1.1.1,2020-08-12 14:50:45,,
gp:AOqpTOFjdsRnUWk_wQviLDrHik8z-rhdNFFH1elwmDSD3UK87t8Ed_IEMw9Fit7-SAFy3CylhLUsX1nUrYTOpEw,Anthony Dellea,https://play-lh.googleusercontent.com/-N01J4vWf6Xs/AAAAAAAAAAI/AAAAAAAAAAA/AMZuucmxbLPDYzX0cfwooLqRb_XnV8cn9Q/photo.jpg,LOVE IT!!!!!! one complaint I wish there was more charachters,4,9,1.1.1,2020-07-31 10:10:53,,
gp:AOqpTOG68O9FbdNNNE6esCH0spioAR2GpbaCN1n3-D1HSPG7awQgmiILi_zLuW34Cf9EV5PVtt-Q2lvXv9phTY4,Teah Marx,https://play-lh.googleusercontent.com/-YyQfeQht6z0/AAAAAAAAAAI/AAAAAAAAAAA/AMZuuclEZIwQj4LYu3Pn9zL3p3R_RHP2aA/photo.jpg,Can you guys put a coffee maker and a soda maker in the game for the next update,5,0,1.1.1,2020-07-28 14:26:42,,
gp:AOqpTOFH9X3dnzZWZ5-3Jg7LPhRwn99_1KiE_QPTDO4gnlK4Ce0aDUukODteyeMaNhOOaluH7CiUc-CFmI04x1U,Michelle Scarpo,https://play-lh.googleusercontent.com/-M2VrNL5GCxc/AAAAAAAAAAI/AAAAAAAAAAA/AMZuucnmxISdv1RogYFBpv3HKutoDFUzdQ/photo.jpg,It was good just there was only a small bit of food,3,0,,2020-07-19 15:53:27,,
gp:AOqpTOG916--v93HoEUMrPag_j3JuLIs-XKOfnybuuBzYZygaMhXZOgJ8mE89728PuiQQOWbDQozCwCMkqK_hGY,Hailey LaComb,https://play-lh.googleusercontent.com/a-/AOh14Ggx1EfixHZYLO98LpbgOx0GBFTaTzSrPOBhTtqimg,My little brother loves this game he is 4 and has speach issues and he calls the game funka and will play it for hours if i let him and he started nameing some of the food in his game so he is speaking more,5,3,1.1.1,2020-07-19 13:02:05,,
gp:AOqpTOFoeupSNOkBgNliKWZcoz5TnaBBmZ8mwHCaFGsUUCNTDaPa64obU90SZdX5oB8ETe1uHGHO4ADYy00U1aQ,Matt Baer,https://play-lh.googleusercontent.com/-KKa-TXLZRK4/AAAAAAAAAAI/AAAAAAAAAAA/AMZuucmgSTvcR8Y2KqSNW8SQqaoKsdX1tw/photo.jpg,"Ok, I know Toca Boca needs to make money somehow, but this isn't woth 4.99. It's a fun app, but is too repetitive for its price. Other than that it is pretty decent, but there are a couple things that should be added. One thing that should be added is crab. HOW CAN YOU HAVE A SUSHI GAME WITHOUT CRAB? Also, a deep fryer would be a good addition. Another cool thing would be some more toppings like tobiko or panko, but that's just me being picky. Overall, cool game. 👍",3,163,,2020-07-12 11:17:04,,
gp:AOqpTOEoCTL74I4oimK57jWA7pZeH6ZyIphzVcxNxxm-eB3yiU4PYvH_PQlAalc-d6ESvKRZe6onoHiGm7fMhB0,Melmo Sanchi,https://play-lh.googleusercontent.com/a-/AOh14GhWJUbtxyRb5KpS1nrzwKiF4FzQNWgNMNrKEQ46pA,I love that you have the option to just show the vegan foods to pick from!,5,6,1.1.1,2020-07-08 10:14:44,,
gp:AOqpTOHNk7-pvTG-uFl1ApdfPaLpelrX5YDzq7rc34giM_pSfK8RSehwjmDzMa8jhJkdEyHANeMSqpXzo4LrYCA,Anderson Jeannot,https://play-lh.googleusercontent.com/-BfASyo_t_0Q/AAAAAAAAAAI/AAAAAAAAAAA/AMZuucm3Lu5bHAMSKEWNdcBzqLnt17Zn_Q/photo.jpg,I like this app ☆☆♧,4,1,,2020-07-08 06:48:10,,
gp:AOqpTOGCVOsN0gUp4-ooOeaq2X9pUyfPmayeMWZiVAxd6RDKH0_HLnXhrvM8jxHnrIuHtec3dNgFxfy2h-ggbR0,Gonny Ziv,https://play-lh.googleusercontent.com/a-/AOh14GjDGEN9cBQcIUxGMUM5Jix0-0GSrp9G9n1_pd6jDw,Fun game but gets boring after a little,3,0,,2020-07-07 08:54:01,,
gp:AOqpTOHCr0N0WqV64BXtJD6LbHTPd7ZdfZSGQ1VS_BIKthUSTOEomMVyxsZ8uAnrhkLebYPXkEFWMz45fSWrOU0,xbox bos123,https://play-lh.googleusercontent.com/-ljhd9B_bXw8/AAAAAAAAAAI/AAAAAAAAAAA/AMZuucmzjCaJtrf-MrWRvWReTPELzoXACQ/photo.jpg,It's sooooo good highly recommend,5,0,,2020-06-27 17:23:19,,
gp:AOqpTOHoy8t463Dvv27uQtnRctU8pNRnaklviVFX_LxtWwFjbyZW6AbMnYc5tWUjT7A8YKoIRwA9gF4LvgpsLJg,Khloe Deluna,https://play-lh.googleusercontent.com/-AbIbLzKjUhI/AAAAAAAAAAI/AAAAAAAAAAA/AMZuucnfB7XNSibEwLOcI9nTtmwujKuZcw/photo.jpg,I liked the game but when i saw the sushi rolls i wanted to make them but i cant and it showed that i can make sushi rolls and one day it glitch out keeping me stuck in cook mode and i had to get my money back but i cant and that maked me very very mad dont let this happen to you and now i hate this game i well never play again😒😒😒,1,57,,2020-06-26 21:18:15,,
gp:AOqpTOEyc-0B-wd-KRdPmOGoYgQ3iD9h63dE3Vt1xGgfIZiGpQruNR15wxAJg215zf6OnheSiTlGJnktTDscqjQ,Pedro Aponte,https://play-lh.googleusercontent.com/-T0gLUI16pq0/AAAAAAAAAAI/AAAAAAAAAAA/AMZuuclBz0M5FSgZhM5VPNcB624X0GaOyw/photo.jpg,It's boring you have to do the same thing over and over again it even didn't let me refund,1,2,,2020-06-19 06:07:42,,
gp:AOqpTOE7Si02PAsXmjNeLx6iULtm2YVht8PKi8rhduO6VLCsYxC-S-UQ-NAd7IzrEJ9BMUA3ZTNQk3z2YFLtDh4,Vanj Albis,https://play-lh.googleusercontent.com/a-/AOh14GjMv0xEJsRWx4rLKxOlz_JfJZRrUL8I_PjOJlN6Ig,I am 6 years old,5,0,1.1.1,2020-06-13 05:46:58,,
gp:AOqpTOEuYc5qc4YKPeqBmaTCIvfFJDXMb5wLaYjx_jvz0xyvizi_183MixOcjaRp2KpylWZNc-StVwHE1gnnB8c,Igam Diva :P,https://play-lh.googleusercontent.com/a-/AOh14Gj4u_w8XAWCestyQfQe_-l9NFO34EP22IwNHuiL,"Satisfied and good game, but it getting bored later",4,1,,2020-06-04 10:18:51,,
gp:AOqpTOFKLbP3dSY8UDmhT1bljnyXT7ZgMRjPON2ThkxYrfib_oZnomyHZMHNDtQj4EuZAMKp7fR6yuRwaVXxYBw,A Google user,https://play-lh.googleusercontent.com/EGemoI2NTXmTsBVtJqk8jxF9rh8ApRWfsIMQSt2uE4OcpQqbFu7f7NbTK05lx80nuSijCz7sc3a277R67g,🍱,5,1,1.1.1,2020-05-17 12:02:24,,
gp:AOqpTOHzb-nRQJ9QvUvJnF_q41vxJdPRY6swhk8ajvdxZyv1gkpxgcBPYAidLu7UrVDTZg-WYGUTjKcenML0GNs,Melissa Bennett,https://play-lh.googleusercontent.com/-xyfbPOfbhBE/AAAAAAAAAAI/AAAAAAAAAAA/AMZuuclr5cKbX4eglgtIlrcXQ-z2oQ24zw/photo.jpg,OMG I'm 31 yrs old and I LOVE this dang app! My kids and I have fun coming up with different creations to feed the 3 different customers and see if they'll eat it or toss it. It's a fun game that even entertains me on my own LOL,5,145,1.1.1,2020-05-15 17:54:40,,
gp:AOqpTOFJA7LpUqNMLw0wuKsf1Hq2pOAuQGMf7pUhWyvh1HgFG4e-4GCN6ddXP1XMO5bT4__0bpUbSazCKarP5BA,kittycutemimikyu axolotl,https://play-lh.googleusercontent.com/-UHaQ87JxVsM/AAAAAAAAAAI/AAAAAAAAAAA/AMZuuclSCMfDlpXqc9CIvvT0CQEWMU5GYA/photo.jpg,4 stars app is great but there is not enough foods if you could please add more,4,8,1.1.1,2020-05-11 23:30:09,,
gp:AOqpTOGyp5F010PurC0W1sKbVnFqi15Ecc3Fv9yCS88IRVlGpE6mFurAVLCk8Zr2U9oB45pStx5zxiD0Nvl-SlE,Mauim Creations,https://play-lh.googleusercontent.com/a-/AOh14GgYu5hJTOIocliIdoinhibgC552xrFWIjCyjgHk7g,"I will keep it as I have paid for it but until there are more tools, emotes scenarios or general challenge added...my eight year old just thinks it's repetitive and not challenging.",3,64,1.1.1,2020-05-07 02:18:04,,
gp:AOqpTOEbAXWN54gGmIttfFu7xrZk72rfIuvXWMu-OFl8pvJVZbBjEwhAWcbNxZLiXg1tuHJiYqOYLSU0MMK43iM,Shre Km nn ri G zz gghgreer,https://play-lh.googleusercontent.com/-6wSTSi9RBRU/AAAAAAAAAAI/AAAAAAAAAAA/AMZuuckuLsmQGyEfkiuBkPkEEiQnZpNNJA/photo.jpg,Iiskakakakai sys i Zhu's yskaj Kt has been in the 7th percentile 7since for years and is now the,5,1,1.1.1,2020-05-06 21:50:23,,
gp:AOqpTOH99ej0fioBY2SYVGJV4hAke-hbpDTDKClz0PvLAgEOgqnZaHS5Trfhyzp8c8mP6F4SAriYjXQPPp8oejg,Sarah Blessing,https://play-lh.googleusercontent.com/a-/AOh14Gidn5qs5T30i5RIZC-9JZK97TGYxaIuZhf0b8Ga6g,Its really good thats all i have to say 5 stars 😀😀,5,0,1.1.1,2020-05-05 01:56:27,,
gp:AOqpTOG2hSbAGdKdklaKy-Mc-rHXm_inr2FZqm3bKy6zKwm3enOTnTqC4xkWBgxQbvErEFfiK4quJ3DwbV8NlaE,half n half,https://play-lh.googleusercontent.com/a-/AOh14GhP6kSQMXCJuKx6nsVZlvcUoy7WAKROhAipDemSjA,Its really boring in the free kitchen game there is a lot more to do with more reactions i accidentally brought the game twice and I can't get my refund,1,46,,2020-05-02 20:36:36,,
gp:AOqpTOFL74iI3AHGBEVab0snFw4cJN31SbBMerJYOZgnmGO84z7oDvzvTdQxKYvIqpPuH9KBcTQqdYT6DTu_IDI,Kristen Parker,https://play-lh.googleusercontent.com/a-/AOh14GiOQpYmd5vY9KA4EJM_heAKuHrqBMGFNs5-aDvF,😀🏮😀😁,5,1,1.1.1,2020-05-01 16:56:13,,
gp:AOqpTOFHRkK4Gpc7-ZDooh1bXoCaH8LqMbnCkpt19p199L_Sao8ITjAE2V9krw_GQwfTwI4lOI9zRMsXGsyyiNM,Ayrin hasya tasnim Ayub,https://play-lh.googleusercontent.com/a-/AOh14GhUperJafOQ-5gaNwUZF78oHUq3sPTqcWsicoxr,Like it,5,1,1.1.1,2020-04-29 20:21:10,,
gp:AOqpTOFzDBCmcHa6xIi3tccCuMGfSsCV54eEO7xG0KQKHuak8VuWXv81i0ZYcP5tBRtnHDUpk4RR-lMzhPbusyY,silly game player,https://play-lh.googleusercontent.com/a-/AOh14Gg3tDxYNz2vOSPeYkdfzI0EF941_dkxodNkgsM,It wont install fix this.,1,6,,2020-03-18 15:15:55,,
gp:AOqpTOHjZA4QwaVXCKS-hp5Wz8HefEuIxkhYYqSNypaD9xVUL9rZBGG_6ZxNTsJHgkx0um194KyzvdXPFhxPgfA,You ask me,https://play-lh.googleusercontent.com/a-/AOh14GieBgF4lvDA888RI-GcKnERUBEmt4Nnsjalh7lChA,I rlly want to play it but it wont download whenever it gets to 100 it resets and i loved it when i got it but when i accidlty unstalled it it never load again,1,7,,2020-02-14 04:49:41,,
gp:AOqpTOG8mp-Pz-phfjhLvYE5IY1sLfAiPnGPuiGr2MqHsFkx5AvQWyIVYxO9qM73ezcvPSqsKUoQQcse6ZdZOck,Ryan Foy,https://play-lh.googleusercontent.com/-ZZNFW6M8Dtk/AAAAAAAAAAI/AAAAAAAAAAA/AMZuucmqJCRx6GPDyaN53LIP6oMbDnzNQA/photo.jpg,This game is so fun😺,5,6,1.1.1,2020-02-10 13:25:35,,
gp:AOqpTOHRophHbUIIL1alPtGg_duJM19fO7CMMQKf2YF9vSM4MlS7F3Q8cxVMgzx6oh6rr0JEW3RLp1lgMeTQ3VA,a beta s YT,https://play-lh.googleusercontent.com/a-/AOh14Gg1zmbId6EPKcmKbT3Vz9upoMqIaLbYDJIZvM36,It is soo good make sushi for seconds,5,5,1.1.1,2020-02-10 08:33:07,,
gp:AOqpTOEZ_tRq_60heKUcp4tTrZVN0gsGl_u6-mOooKGjS6a2jG0HtjMB4HwRlswNxMO3evhY4jbSwYa8O3zemiY,Ethan Kempa,https://play-lh.googleusercontent.com/-2l6V-32xdAM/AAAAAAAAAAI/AAAAAAAAAAA/AMZuucmlPmiLAr1RHaXE6VIo3i0CoCD50w/photo.jpg,I love this game because I can make food,5,5,1.1.1,2020-02-09 05:39:11,,
gp:AOqpTOFr3tt2l9mNd9mKheXOOTaxwGVqQ21mp0ykMhDOfCuqCsO4NboBSFg89uh27UgnwsvpgDNq3nZ9oTRdXVk,Heather Todd-Harrington,https://play-lh.googleusercontent.com/-F3t6dtXt_MU/AAAAAAAAAAI/AAAAAAAAAAA/AMZuucnKMMaooHEHJkCwaCIBLLk76fxpHA/photo.jpg,We and when she got goodness didn't feed Gsjdgdhdudjie run do do do do do co co co co co co co to co co co she was so so so so,5,2,1.1.1,2020-02-02 21:52:13,,
gp:AOqpTOFxdEPrgNo1QQpPEPOklj2lPD9ZddoaLWhkvQyrfT_4uk6bTQNi_yzMND2rq_KevY0QeOQbO_9eiTDQztw,David Hager,https://play-lh.googleusercontent.com/a-/AOh14GhrGR_N0emvXVAjp4wlYovxovWNjjMAD4HvpaErUg,Fun,5,3,1.1.1,2020-01-14 09:06:07,,
gp:AOqpTOEcL0mUvMypjdTC-KgB_G6hcFwQefqmkD2GxxdJVGY14jy2BAdCUffaSM7PVhDdRgCsAT-BBKmg8ZJ6AlI,Patrick Lewis,https://play-lh.googleusercontent.com/-SjG8r0WV1b8/AAAAAAAAAAI/AAAAAAAAAAA/AMZuucnUqX_UpvLnAk4jjIu8Wu93ghGRBw/photo.jpg,Make alien dishes,5,2,1.1.1,2020-01-02 09:56:28,,
gp:AOqpTOFGLaQ8rdQzavizeTwtpNR20CydpKxvrSl0t7hLXqKmiWS98GLx64eZOFHvV3n_84RtSilBeRAMbVuhfEI,Lauren Biebel,https://play-lh.googleusercontent.com/a-/AOh14GgnOdmZm-wqbacabwjKIi1jOORJuNq3K73DT06qzQ,I like it,4,2,,2020-01-01 20:43:18,,
gp:AOqpTOFpZDzw_7-oy4tgJL7D_T1yEsI79j69HkQhqJF-u7rtU1ukM2K-mBILsCmizAqn5mQXwLSIfY89lW_EaW4,GISELLE,https://play-lh.googleusercontent.com/a-/AOh14GiGD0hK6mj4eYzSCUq2NgQi-I6FbLp4Er9HNJPz4w,Even know I hate sushi I Love this game,5,3,1.1.1,2019-12-30 03:14:51,,
gp:AOqpTOFOoe1zjcYlSuycjU09Q0whS6AE7aY0xNBNJpVMr80G6U--k2Za8Fo5vySwmsqTpMq48VX3p2Mks6O4xhw,Jakayla Brandon,https://play-lh.googleusercontent.com/a-/AOh14GjOOpS1U8eomvGLGaJkn3WlKdUsBDS3hen6na4rjw,"Fun, playful, and good for little kids",5,13,1.1.1,2019-12-27 12:39:16,,
gp:AOqpTOGl_g9-2kjHN-aEjkAeoym8dTWpO9Zh5Jsc_-QucaiejofrNvmwcPGC5R57K8p5nAyXTot--jlEm9E8FGc,MOHYEDDIN NAFIS,https://play-lh.googleusercontent.com/a-/AOh14GjjVbY_ZcSlQnwInqquMpgNqvkVc2HqeK50Aa3qgQ,I always wanna purchase this game and now i can finally play it and it is great and awesome,5,5,1.1.1,2019-12-12 16:45:46,,
gp:AOqpTOGS0a7yHgZBf7AZvvh0eKGImDblT4UKdE-LM55PfKqSOZW0Iczzi_hKpZ5SQz5TGV4ucOtsbJUe3NIJGME,Caio Cullison,https://play-lh.googleusercontent.com/a-/AOh14Gi93lKo5634dKdlXWTBhoTOKDMZkfC8SVYuYb2V2w,I put a five star because it is fun to play and there are so many options to do in the kitchen to feed the three customers,5,8,1.1.1,2019-12-07 21:34:33,,
gp:AOqpTOFzi_vRBadCbzoRuP1bSvLiMgyWC31AxQRDZ6iJ0dXVUBvvD_TxWENMNgVXMDE07wx37__U3oSSJ0S7ddU,STARZPLAY Featured,https://play-lh.googleusercontent.com/a-/AOh14Ghg6c8QatbsyTSD0vn_TRyG1udcOna8DUYJjC3K,Toca Kitchen Sushi,5,2,,2019-12-07 07:00:06,,
gp:AOqpTOHb2TSKpFmW0dexgi0DwfOZ5JKUpoFwLhwXJqrSNneapczHMfDa0r0tvk-ssvw0usj-PUKfxuiXgV0oalc,Gavin Johnson,https://play-lh.googleusercontent.com/-3Ied93rHYdo/AAAAAAAAAAI/AAAAAAAAAAA/AMZuucnWs1XzMS2DkiIzXUoOlMoxcOQYGg/photo.jpg,I can't even do anything,1,9,,2019-12-05 17:06:02,,
gp:AOqpTOFZi1XJnL4Tko_buUddz2vJnHaRGyOZCoOVhsxDgF3QuG-FMFy6q5Z75n23ZZia8iyzStaD49vFBlkZt7A,Adeama Walkowiak,https://play-lh.googleusercontent.com/a-/AOh14GiYTGxetGLh-9tWW7fyikJSfMSqa5M5CVJ5CyvsxgA,I LOVE IT it's so much better than toca kitchen 2 and toca kitchen I love this game by the way I'm a 6 year old if you didn't know and I'm NOT FAKEING (not swear word we do not swear),5,13,1.1.1,2019-11-30 04:14:08,,
gp:AOqpTOFqf5hOz6suvSkfCZnml1zjXBHtPDUj9ha2CWbbjwq0vTHkbimUpgIhO72skeD1yBaMyQ6cazen87FNBOU,thats irrelevant,https://play-lh.googleusercontent.com/a-/AOh14Gh7VZ5_u_ER83tSpwAQkX6Jz91iJyKhwTSKVtHK9g,"You could spend a solid HOUR cooking and plating a dish on this game and get one out of the like seven reactions you could just as easily get from setting a wholeass WATERMELON on a plate and calling it good. Initially I thought it was just a better, sushi-themed version of Toca Kitchen 2, but in reality the customers in this app are very 1-dimensional. They are physically incapable of expressing displeasure regarding the food. Not very rewarding, tbh",2,88,1.1.1,2019-11-29 21:00:04,,
gp:AOqpTOHvmvgrtfqazAn_J4uIeTtyhwgYglMUKZZgJpX07fAjFJLg6JxeuZone9IEYObhCmlyGjQga_fuBfpzVSE,jb SANDBICHLER,https://play-lh.googleusercontent.com/-D-RtzdsXiNE/AAAAAAAAAAI/AAAAAAAAAAA/AMZuucl4dmTKWPHwaUqrWG7Rl0fifvZnDw/photo.jpg,I have all of the toca games and this is one of the best😄😄😄😄😆😆😆😆.,5,4,1.1.1,2019-11-27 19:39:50,,
gp:AOqpTOEhr9vdTC679aHW87Dpw7gdPt0Gppkvb_jXBLNNuF65oBUUdyyxQ-E3pQKVOvMH2kNLY9RQb0Cco8fsnGU,Penny Lane,https://play-lh.googleusercontent.com/-o7h22112dWM/AAAAAAAAAAI/AAAAAAAAAAA/AMZuucnu93ywRE_p5UsxTobQ9UR4v6Z46w/photo.jpg,Very bad,1,11,,2019-11-10 17:59:36,,
gp:AOqpTOFzL9oXHfzf5QiZqo64HjdQKpmGpy0uADjyfO6VTQtGJxdBFY5X27ZSJE9sgTQG1NTewYNSdzv8Es8LM04,Dan Walsh,https://play-lh.googleusercontent.com/a-/AOh14Gh-8803L5JdpEd-1PzhdmJHnuc7-meVlXGidIoRAw,I love this game ❤️❤️❤️ but i think that you should make a toca restaurant game so it combines this and toca kitchen 1 and 2 and maybe some extra features,5,8,1.1.1,2019-11-05 10:10:28,,
gp:AOqpTOFPeFcNZYRZYayPiVcq7SCeEkFSY8eC8hpC1qvEhnjFiPP835NCvygMjEYtOqj8pwt5dnRH9sSTBnU2epk,Rhea Vox,https://play-lh.googleusercontent.com/-k2IyoDxW_fk/AAAAAAAAAAI/AAAAAAAAAAA/AMZuucnxEZ6E5oda69Hqc6zGGCBp5RSFyw/photo.jpg,Booboo Eeee Rrr,5,2,1.1,2019-11-02 02:58:06,,
gp:AOqpTOFIIDWFVXYT7hwAVHIkDSvB59NdfieFPDuyxzIj81C6LCZh-vRfJrZ6Zhr0KQXZ7I9rglo4c6ujsCqpZNc,Cathy Kern,https://play-lh.googleusercontent.com/-TksPUf1ypFg/AAAAAAAAAAI/AAAAAAAAAAA/AMZuucnI0UzwTi7kUu6uHATMLFm4vBCC1w/photo.jpg,It wont even download,1,11,,2019-10-31 11:18:06,,
gp:AOqpTOGk2EU3dDRoR8nmRoMBibnCp2AQIvAwiPQ0uQwLSaFWz8rWxblpUhQRBNJ9wvRbD1qJjc22zB4nlyaR3sc,Olivia Giannantonio,https://play-lh.googleusercontent.com/a-/AOh14GgXJIzevh0eGlZ-dvtjDcSYsYKd3D4i2pp0p-jH2A,Me want more ways to cook,4,2,1.1.1,2019-10-31 10:28:12,,
gp:AOqpTOFYkQYRYPO8e8VQFJDLAFBMfWAS6blTBNWaFXBu_gVerok4XQg5UchthBmTf7-xlgEATO1WgJG01P7X2QE,Haya,https://play-lh.googleusercontent.com/a-/AOh14GjFs2k-LMycqSTY2IU6r3q-PL6n6Mqe7ihbhx9Ogg,Good game only 4 stars because there is nothing alot of characters other than that it's a fun game,4,98,1.1.1,2019-10-12 06:41:15,,
gp:AOqpTOGeHpOb_pmC6jSMtdKZUmHeRhSbfTMBr2lN9DATEQXbmWrmn_-Gygq4OSD7WaWSFpciZ9qNcoCpV7EMINQ,Jennifer Kelly,https://play-lh.googleusercontent.com/-yfv_ltdpX1M/AAAAAAAAAAI/AAAAAAAAAAA/AMZuucmKVbUGv4RQRtqy7l_FWvqMbcZYWw/photo.jpg,This is just a copy of that one toca cooking game. I want a refund for this too!,1,6,,2019-10-05 19:19:23,,
gp:AOqpTOEm_LJ6qu2II_vY31T1-fVHZEkFefvpHKWYdFhkXNS0BDtX8t8CBEYgvt1oJqSEHIQ8cxQ5m1-m8HuHAvw,NASA Starr,https://play-lh.googleusercontent.com/a-/AOh14GhyeL2LMS1Mj2KRUYy25YllJ7OoIJTfTiWAaty2MQ,It gets boring after awhile. Wish you could make drinks and have way more stuff and characters. Please add more interactive things.,3,42,1.1.1,2019-09-30 20:47:16,,
gp:AOqpTOEkgTmwo9JQ7GZ0BZ9-h14pD6GK58mOTMkukLJQWA0ObC3mSe1-R_6BkDJ9uUkJTJm8f_zCBKwDbZPxjoU,Soviet Champagne,https://play-lh.googleusercontent.com/a-/AOh14GgGO8xwmEuSvRHn9rnt9XvgHBrK8o9XRt3OEtUdCQ,Would be better if there was more reactions. And also If there were more ways to cook,4,24,1.1.1,2019-09-29 05:38:35,,
gp:AOqpTOE9hPw2iVWt_91WcdR-g8lUKQ0ONs67HXQBrNVh6ADzbJ6kHjz8yygxUb-ws-wHkMC5atrsdOknX-IrfBs,valvalval,https://play-lh.googleusercontent.com/a-/AOh14GiguHlzogfrUlZdvYGLpKjDmCJ04ZlRBV8nB6vlNg,I expected a little more for a game that's $4.00 but instead I got the same experience I could get with the free toca kitchen game. This game should have atleast costumers who ask what they want or more costumers instead Of the same three people who make the same expressions,1,48,,2019-09-19 22:38:53,,
gp:AOqpTOH3YFfpkQCcL-QLaKaApWpWdHYpVmhVLEl5H6X2lawbJZ-ULb8IUfS-AGhoFtKkq-I_lvmyy0X_xQNFytA,Maya Mukhalalati,https://play-lh.googleusercontent.com/-uohq9Ok9WNE/AAAAAAAAAAI/AAAAAAAAAAA/AMZuucmPugVHSbZjBoTnE4pVoo643g6_Fg/photo.jpg,Ok My child only played for one minute,1,7,,2019-09-15 15:49:18,,
gp:AOqpTOF-lWc--vMh4xLkSQeC6OdqMsOXbNFfU7475ObETRLPBBxuGqPRHYY1D3peLnefv07AsqRpQilclPt9uqI,Queen Carol,https://play-lh.googleusercontent.com/a-/AOh14GgY9TzZrf_7GDg6Hr7RDkQzIhIWbS6m1rxyaWiXnQ,It Needs more characters and more personality with their expression of the food. The need to show that the food is bad or not. And more options would be fine,2,15,1.1,2019-08-21 04:24:50,,
gp:AOqpTOGr9Ks-PbtKUIdiWY2uDR2943eXMiIbUoLzc0sg_cPbAIKCYEILXqAS40zbxGvOuTP4DrwZy5hbKWyAqzQ,Marilyn Patterson,https://play-lh.googleusercontent.com/-BPpZmT7UGsw/AAAAAAAAAAI/AAAAAAAAAAA/AMZuucnRKDE5JEDzB-5S7oQWlXz7Ocuxlg/photo.jpg,"i loved it because you can make silly, stange, and weird sushi and see the customers reaction",5,4,,2019-08-18 10:55:45,,
gp:AOqpTOFxk9VspRDhQKw3BUg1RX0bonuPbErELX9eyJBMnJRnyhygwgtcVvVx1TMRyiF09NrCwBtejW8RgqOImEo,jjaws Sipes,https://play-lh.googleusercontent.com/-v0Dg8rDgAfg/AAAAAAAAAAI/AAAAAAAAAAA/AMZuucnuPyMzBM97UwKCVAEmSZ-GkPAUoA/photo.jpg,ok,5,6,1.1,2019-08-09 12:49:21,,
gp:AOqpTOGdT7ZMSmRE-ZWWkh_MZrirmwwWx-eR3PKtViH0DGi-Ia4zmMHM5LPJVDYGVEa6Zvy4V6xt32AImLfh-EU,gen vargas,https://play-lh.googleusercontent.com/a-/AOh14Gg2XMQqxpviCMO7fmD1-Gpke8JwXpSuRB-yTkFY,i love all the other games of toca boca but this one was a waste of money i want a refund now!!!!!!!!!!!!!!!😡😠,1,17,1.1,2019-08-07 08:40:32,,
gp:AOqpTOHHbWwZ2MTWjgx7KJjkRz-a2fgKkhnHY4DQEttomxA-Sz30t3cahdvkKOYk3zMIkbVym3TBVi3S-vMDmCY,Bella Duhh,https://play-lh.googleusercontent.com/a-/AOh14Giaymyc_KTZeS5nAc96KIIxJKsPIgFL59IIDuhKcg,this game is so great like it's always the best and I don't get why I said that it was bad before but like now is there to getting into it again and it's the best thing in the world that you talked about that and I'm sorry that I sorry I was disappointed in you but I just wasn't really paying that much attention to the game so maybe you should start paying more attention to the game and I would like a better and I do so you know thank you,5,14,,2019-07-16 17:56:35,,
gp:AOqpTOE2rl5PE_82prLXS5uu7O9Pa1lUANiDHp71PVQ4S63ytX2N561Di65rzea1_WDfH_M1vEhYojGToQaKLHw,Danielle Garza,https://play-lh.googleusercontent.com/-jmhvSgOOAvc/AAAAAAAAAAI/AAAAAAAAAAA/AMZuucnc3gcwqlnMimv_UGpPjoDCLPsULA/photo.jpg,pretty good but itd be better if you could tempura fry things as the cooking options are limited compared to other toca cooking games. it definitly needs more characters and expressions as it is really boring to see the same three people give the same three expressions,3,21,1.1,2019-07-06 15:46:03,,
gp:AOqpTOH57mHUwIoeH0K7j4DRSwFZJk2LJ_hnN5GL9nkcn7B2KTW2-bw524dx2o-vwCigbKhvp1-ZUauW4n8Zl5g,levi,https://play-lh.googleusercontent.com/a-/AOh14GiNSzOMGOEMmER8VhVIwZ5Jw4jWtBCfEHNgzy0bsQ,"It's a pretty nice game. I agree with everyone else, But we really do need more reactions and maybe a bit more food?",3,12,1.1,2019-07-05 04:57:17,,
gp:AOqpTOENLUpsSqOsnWZQXwpYl5YUV8EKorYnrB8qrvEUqY4bn1U9aC9HDoZyzp7-ChpxiqKmuliKhPtubthUhj0,tracey mcshane,https://play-lh.googleusercontent.com/-VgQOQL2yaWA/AAAAAAAAAAI/AAAAAAAAAAA/AMZuucngOQqU58tp3b2juIn5leRc7PqH_Q/photo.jpg,hate it when I tried to delete it it didn't give me my money back i am soooooooooo mad and soooòoooooo boring,2,7,1.1,2019-07-05 02:19:21,,
gp:AOqpTOEEU11MwiBEy8PC-2HK5Tvv4tTtFUVTgN8W9nBdvL5bQu5Z3WZdjGLp0mmxu4rHKGZ4EgkvWEz390UCweU,Super Gaming Explosion,https://play-lh.googleusercontent.com/a-/AOh14GidL7Ndp5-NhBHqxheyPsrm-RLuhpG-z4jiC8FKBg,I really love it because the sushi you make can have anything in it,5,8,1.1,2019-06-23 20:26:01,,
gp:AOqpTOGgp2JckgGtW29-vA-TVgoP4BCB2oPKYbESQYxR1AwRpZo8tAQJvaG-1K7CvgLGSaiDdq3d1Oc6MppyX8g,Kaycie Milholen,https://play-lh.googleusercontent.com/-Zzs9YgAE3v0/AAAAAAAAAAI/AAAAAAAAAAA/AMZuucnbwDXBCqmSA1VpZUa4H7MPmWXTUg/photo.jpg,Your app will not download at all. i am very angry. I will NEVER BUY FROM TOCA BOCA AGAIN!!!!!!!!!,1,16,,2019-06-23 14:40:13,,
gp:AOqpTOGkGwmNn0gsXRzy_zlzKqQZVR8Ak0_SEqB3WZp7YNpFy5YfMnJo-supbDpPBB_HJZdhWJ_ENmYunxnnzVI,Mini arts,https://play-lh.googleusercontent.com/a-/AOh14GioQxrBwGs1XFSmu7z4DcOACZJvrnt8LPGb3vvsGw,i luv this game! :D,5,7,1.1,2019-06-07 13:35:24,,
gp:AOqpTOHDVcT81Bg9X0_iys7wckMBj_A7Bu79iq74TrjHF2sRpClvNiOWVN103S4RIZ9Zx8YEjytKAJBIqiuLTLA,Ice Sparrow,https://play-lh.googleusercontent.com/a-/AOh14GhVNxv8aHxp2W4_pm-b1p_RItCXBsIyU2D3s7rPU4U,it wont down load i want my money back,1,17,,2019-06-03 15:41:35,,
gp:AOqpTOGiYR-KZt0C-N6qHx1OaljG_RvP7l2lt6-lga6K86H30Ns6fuq6zIYr7NtJho5Y0Ii7MNYvmYfHPS3JPPE,p e a c h. s o d a,https://play-lh.googleusercontent.com/a-/AOh14GiwepzLUYz4sJmCvo070xW276GpCOqZShknIHNcgw,"love the game, but sad I can't get a refund. If you can make it so you can get a refund, that would be great! Otherwise the game is well made, can get a little boring, but good for young kids!",4,15,,2019-05-22 19:56:16,,
gp:AOqpTOH8BuagxpCGqqN-prNlBCwkixPEZYyMD2MpOvM9lfibFc4oWEPZcwKWt4t9Syss3hrbZBPBbgqKxNjqRms,PieShoop,https://play-lh.googleusercontent.com/a-/AOh14GiZ_h_KZvVlTK-Ej2Tw0J7sDRyCHWq6PHZeErtxig,very addictive,5,6,1.1,2019-05-15 20:37:32,,
gp:AOqpTOE_Jo6ORHas8EUZkvxP1k0cNh8rEX6UrZfD1Rl5A8QmuV_PTLbu94pCAG1ugniCcIIbx3NGdNLHUUQ_j3U,Melanie Nifong,https://play-lh.googleusercontent.com/-mTmuoW_5rmI/AAAAAAAAAAI/AAAAAAAAAAA/AMZuucnUFfmZtRtY4grlz6UMzsm3om1aGw/photo.jpg,great,5,12,,2019-05-09 16:25:00,,
gp:AOqpTOGSBnIhEpuw7aAXLv0fZlFa7A7f_T5q5TeJYYk8NAdftOUq4T6szU2k2LBeh1VKD0FU1qG1AAxZKEBmOAc,Tiana Grant,https://play-lh.googleusercontent.com/a-/AOh14Gi9wcmfYDf36CxKfTeZ9Ds31Rp06yLGwMstd0iU,i would rate it four and a half but facr it you need more people in your game,4,6,1.1,2019-05-05 12:45:28,,
gp:AOqpTOE2gV4p-wahLi7Ckg9ir3ANGjj6uxB0SUndRIHNPY-GEVTf99EaD__R210uTA55rug4TtFwjvFgwes6M8s,Jayashree,https://play-lh.googleusercontent.com/a-/AOh14GhHH40PLOw9LQn36xDuJ5TN_rxg8HKZD665aRZqCA,how to operate this game?,4,5,1.1,2019-05-05 04:40:50,,
gp:AOqpTOHQ-D891oqBVtmxeL-CHzq7Owt8fOfSxm1cbxt1-_gTGzHtnvkUMrAE47yH1mMTANREVLTjXXfCae5gAwg,Delilah,https://play-lh.googleusercontent.com/a-/AOh14GjutRZ0fu8HLs44qB5VJ7TIUj47qr8WlZt5Z1WU7A,This app wont allow me to get a refund,1,20,1.1,2019-05-03 23:31:40,,
gp:AOqpTOHIZ6IMxJqZRy4GfzSHS3WigVxH_UJ7Cs1HLIn1jU_YlaCpdI7Ue4H0Wbcxz8i9m_0UxMl0JdOEXj49WVE,Necrowolf TFS,https://play-lh.googleusercontent.com/a-/AOh14GgUvouOg4KhJt8UDpB3zg2EorH8qlGXUjUdoMfsdA,I am not enjoying that I had to pay to find out how bare bones this sushi game was. there's not enough customers- even the updated reactions are not much to work with 😓 my kids stopped playing it within 2 days of buying it - yet they still play other similar games nearly a year after installing those - it's not worth anywhere near the price,2,318,1.1,2019-04-19 02:05:12,,
gp:AOqpTOGH8-VSqd7ydd45Ct4yGk44K5MFLwiay4zMP3eFE_KPYfn8Pn8q5DBl9PJX8ZQ0Fl7F-3XEezrfllEYFFI,Dreamtheme Music,https://play-lh.googleusercontent.com/a-/AOh14GjP2RrxixiJ0SJUTc5JhjbxYEIqOiDl0VHEOR8sYQ,the overall app is great. But the customers are broken. one moment avocados are spicy in the next French fries taste bad I don't get it. But everything else is perfect,4,10,1.1,2019-04-14 20:07:05,,
gp:AOqpTOEHQSKDvivC4-giisku5hVfp9OjZq484Jl0yTgWHsJk8Fgjiyns3FXzHgE3c7nFmhBuCPIrZJWdJv0VefA,Christy Williams,https://play-lh.googleusercontent.com/-bbzScoSMuaQ/AAAAAAAAAAI/AAAAAAAAAAA/AMZuuckWWqf7uz_4fWBI6_s7QSK1nPGmTw/photo.jpg,Horrible. After my daughter stopped playing it i decided to refund . But i couldn't. it is a good game but i am hoping for my money back Toca Boca.,1,13,,2019-04-07 08:13:57,,
gp:AOqpTOFYsnc1fKl6Yn1t7f9BLTw1Qhv91nA7ItMO5lQ-vrMRh1U89FjY7xd_IMP812AZUU23uHF6AehfM2QoOak,Eva Luna,https://play-lh.googleusercontent.com/a-/AOh14Gj-8WAqD7gpUqNS6i_Gob6Rps8wlk4QE1fFqcPqaw,"look, in my device I paid 4 dollars for a game that doesn't even give me back my money!that's not good",1,17,,2019-03-09 04:53:57,,
gp:AOqpTOEu_DIb9CTiBgPbUv1byywoXVKM_Ie_rBpj08ornKSf9_5TD-W0xpk2NG7uoSkytWLu05MJYhnBkY0Q7x8,Matthew Simbajon,https://play-lh.googleusercontent.com/-vYFHFbMLaxI/AAAAAAAAAAI/AAAAAAAAAAA/AMZuucmTJM8YFwzIfdppRDkkCzXvFvSs_Q/photo.jpg,Sky is a beautiful,5,12,1.1,2019-03-06 23:34:26,,
gp:AOqpTOEkXbG1d3bl7dqDyGb80c0Aw9HRCxS7WKlHTjS7v9AappP3tVoy9QOTkCviTW8wnaQccTO6ZsEcjFki4-0,Erin Kenyon,https://play-lh.googleusercontent.com/a-/AOh14GgUSCmgw7db3Z66SU99ZIsI3rk-Hku8VybbTOZI3uM,"Hi! About two hours after playing, it wouldn't let me refund. Please add more to the game and give me a refund. It hasn't been over thirty days, so I don't understand.",4,33,1.1,2019-02-26 12:35:43,,
gp:AOqpTOFmYw5gyDGrtagJZHkmBhI84BTH2AihA-IIr4_o5fAospR95312MAsl5cKZiASod88-3ZH1wnSe3BrIKx4,A Google user,https://play-lh.googleusercontent.com/EGemoI2NTXmTsBVtJqk8jxF9rh8ApRWfsIMQSt2uE4OcpQqbFu7f7NbTK05lx80nuSijCz7sc3a277R67g,This game is amazing!!! My sister loves making new sushi every day we make it together.it would be great if you could put in more better reactions as every time you serve them there sushi it's the same every time but that's no really a major thing to worry about.Also I would say that the price is a little high I think that it should be about £2.99.last thing if the creators could maybe put in a bit more things into the game that would also be great but again nothing really to worry about.,5,437,1.1,2019-02-24 03:24:36,,
gp:AOqpTOHYu7knXeI-W9u-KrdPhcQPZYA-C7v6uaPpcS2YQpvkS_9DH-8p1r0fLgJnFPHe4FZiyXhOS_wPRUiLikc,Constance Drake,https://play-lh.googleusercontent.com/a-/AOh14GjvTlANrTsuj1o_FLgS3crKet5so0YqA8jbK7bt,Good Time killer,5,19,1.1,2019-02-11 15:08:38,,
gp:AOqpTOFjZnp0OAZ8vsdMvFix4ZvvCy_rpW9e5pTCeKgbD0w38nWdyWJkHEGwmDWWk7CEowa4MMR7jDbdcoXC9y0,A Google user,https://play-lh.googleusercontent.com/EGemoI2NTXmTsBVtJqk8jxF9rh8ApRWfsIMQSt2uE4OcpQqbFu7f7NbTK05lx80nuSijCz7sc3a277R67g,i put potions,5,10,1.1,2019-02-10 15:54:24,,
gp:AOqpTOHlNatVvnmc3tdL0kgnJ1g3E6DOUHvFZT-FbEDL2CW0r7d4jpY8-gOGxClhojLBkJqZ3tswUAVffOx8W24,A Google user,https://play-lh.googleusercontent.com/EGemoI2NTXmTsBVtJqk8jxF9rh8ApRWfsIMQSt2uE4OcpQqbFu7f7NbTK05lx80nuSijCz7sc3a277R67g,AMAZING GAME,5,17,1.1,2019-02-02 11:20:29,,
gp:AOqpTOHUVyRhMN2NBPCroi6iqcWLBwQkrVPlkCKYrXrhnVhFPEBdsnquDh3ZKLlz6eEsa6iU_SYIrJTNfdoQssg,Crafting Table,https://play-lh.googleusercontent.com/a-/AOh14Ggwx5YGFVCIYjamcr9RwCJr7vffj3YlwEvEdrs1Rmo,my new favourite game! 🍣,5,11,1.0.1,2019-01-20 14:33:59,,
gp:AOqpTOHNSPmv-FXxFNtikuHMoS-3dRRkVvqDRHVnoAMz9il71iMV7DED7t6C9OW-JbaAgZSgrBQ-amgM75JrR6Y,InnerAtmosphere,https://play-lh.googleusercontent.com/a-/AOh14GixAsllJPrvdjPlO7ZE9KYHi5W0TH18fd6ztCe5rQ,Toca Boca is a amazing company for games and is just so good at making realistic but cartoon like games.,5,29,1.0.1,2019-01-20 14:33:44,,
gp:AOqpTOHdPGoqlF0sSVS5znZyWrN1YsogoYIvpMJv_6EXbBtYci8soYqYa_32gjFoxLAwfHxEk5NWDAqer_BNgxw,JOWENNN,https://play-lh.googleusercontent.com/a-/AOh14Gi6Y9r2l0GqcyHvFgVNmNWBXrUxW-FW1UUtlAoHuQ,it's boring what's your first play it's kind of fun but after a while gets boring,1,26,,2019-01-12 07:00:34,,
gp:AOqpTOFBUccCBB2_lXFayBCR71RGF7QxlApCUfnbl7XXTsJ_IFGpHMCcbedc2A5aTaV4eYopLCas9WJLu1OpOc8,Kimberly Scott,https://play-lh.googleusercontent.com/a-/AOh14GjnaKSeE0k31mIbjQKcYjmXe5LQXg7O0oyPPBGSCB4,love it!,5,12,,2019-01-11 11:29:56,,
gp:AOqpTOFiSzeoznMnqXdO6OeVgkOfc1RS3V3nV3IN9NvRFaNaxhWfjqhiJOl-xLtQ9MuTlXE3u9zdZnYTe4_sWlc,sarahdub42011,https://play-lh.googleusercontent.com/-6apWPDxpI98/AAAAAAAAAAI/AAAAAAAAAAA/AMZuucmuaCBtE_vndiR1gl8x7HMsl-eiLQ/photo.jpg,Good,5,15,1.0,2019-01-10 17:58:59,,
gp:AOqpTOFBvMkQeC-dDiwqF3dClvZlqHC0BgVmKKRqhUIWi3gRkoe0aZBXWpEcgHPEY95w527FUWy-SCmpozeEg3Q,nad waz,https://play-lh.googleusercontent.com/a-/AOh14GhhOWU_tJ6f0ZiGaknxYAR8u-VJ91MQvVl9g3KFbA,The actually making sushi part is really fun but the reactions the customers make are absolutely boring it's always the same thing you really need to get this fixed,3,160,1.0.1,2019-01-07 09:51:45,,
gp:AOqpTOFQPGHg3dQYZmi6gnyuKtQNbinO0M5fIX6Np55QJClK44CGbI2TSlJyPXmPcvN0jAU164lL6aljrDtDREs,Ghoul Bruv,https://play-lh.googleusercontent.com/a-/AOh14GgpRBoNRklWRjpDs7Ee_KwPZP9kiFDzDArQmqcUHA,would not give me a refund this game is also terrible,1,20,,2019-01-02 15:25:06,,
gp:AOqpTOFnw3stYL4DSyJ8iJxay5s9hZC_xVSMxbFLPJ82lk_WZUwf9cHdyzsKW0peF3X6vJrsSRo3ZHRzYNdVXoY,حمد,https://play-lh.googleusercontent.com/a-/AOh14GiMAroTQBhMeVIxE3Y1DmvpOcSLgw3k9MGd5fCGmQ,The game is really overpriced and theres really not that much to do its not as diverce as the toca life games,3,74,1.0.1,2019-01-01 03:39:08,,
gp:AOqpTOE0BodP0PMwUEbZlP2hg0Xd0y8sz4ND_0p1n0Rbz_sbQlkzrnzaFfxuj8uncdrD74Zu5iDw9QI4B6B1P8U,Pam Avery,https://play-lh.googleusercontent.com/-buTKSbld4r4/AAAAAAAAAAI/AAAAAAAAAAA/AMZuuckBuslB30AqnL-VAWGx6Q8SqnAqjg/photo.jpg,i love love this game and they don't usually make you should actually make a game with tacos in it please or quesadillas,5,21,1.0.1,2018-12-31 10:09:09,,
gp:AOqpTOFMjFhL_kMc9FD1Iv46tZqDFjAI1EWsxwWtVyqbbcCrq9YmWjBrlYmP8ldANXO9rkd20FgeqLfV_lh55q4,pamela roccio,https://play-lh.googleusercontent.com/-jwCKfqLLSIw/AAAAAAAAAAI/AAAAAAAAAAA/AMZuuck-MmxIClMoweDGZDPuFzPE9Pvl0A/photo.jpg,It's great! I love it. It is a bit too expensive but good. I want ti have machine upgrades like when you start using the smoothie maker it is not really good at making smoothies but when you upgarde it to the max it works really good. You upgrade the machines by money that you earn from custormers. Hope you add the upgrade machine update.,5,273,1.0.1,2018-12-28 08:30:36,,
gp:AOqpTOEbTYNzL4YuatuytgkgWyMmLtnubR1AQOywjWDpYF1yxMZ0emmC0Yz49O6ICJvDQXSQCs-DLqeHTG7YIKE,A Google user,https://play-lh.googleusercontent.com/EGemoI2NTXmTsBVtJqk8jxF9rh8ApRWfsIMQSt2uE4OcpQqbFu7f7NbTK05lx80nuSijCz7sc3a277R67g,it is a wonderful app and it is AMAZING.,5,14,1.0.1,2018-12-25 16:41:32,,
gp:AOqpTOF6KGXkJN4PACP2io0_gtC24AhhHHAq9u0Ch6IdwI6u8AWB7nZHuIMpzrcmR3heT4vkWGUwbH82l7CwXwQ,Andrew Ford,https://play-lh.googleusercontent.com/a-/AOh14GiVsbONMu8ILI-uVFgxLJ7UnistHjyxZDsDZ4Falw,great game but expensive,5,16,1.0.1,2018-12-25 16:37:23,,
gp:AOqpTOFgzZKD35oaPGc5qltsXAnwtRHbjuEKJbJ7kSGLKJKIE8vfglo-8fG7XRYajVIJNeHygpX0fxMMEDCypJc,Heather Renee Lafromboise,https://play-lh.googleusercontent.com/-h9UAf52l610/AAAAAAAAAAI/AAAAAAAAAAA/AMZuucmfpAqnKdR22u5YykbmYMlyb6gj_g/photo.jpg,I love this app it's super fun creative!,5,18,1.0.1,2018-12-24 09:59:55,,
gp:AOqpTOGgHj59NoT6B3IjMKIYoQ0tzjbmzT2vk2i09FhEG84jg2-CuE5RzJL00N98dJVaalut0Dpaeo1DHqnsov4,Jacob Hernandez,https://play-lh.googleusercontent.com/a-/AOh14GiFR944FETJSZTKtGJrk8QidOxx3PjEeJYZB9cwDw,This is the best,5,15,1.0.1,2018-12-22 06:31:28,,
gp:AOqpTOEsyAGl-Gcu6Ug2mPsfv2_jRioPgfdy4EcF3aZCyWBMs043HM40QdNB854fNOr-IytEe8en2AME4jDydgs,A Google user,https://play-lh.googleusercontent.com/EGemoI2NTXmTsBVtJqk8jxF9rh8ApRWfsIMQSt2uE4OcpQqbFu7f7NbTK05lx80nuSijCz7sc3a277R67g,Pricey but awesome!,5,36,1.0.1,2018-12-16 16:46:10,,
gp:AOqpTOFNgj6ZKV9IBCGev4AE6AO0JP95KhHxGkWb7QoGrp-bA7TXoAJXWnwi37HqFcO3_gzETHaA-W5ka-AUJlg,A Google user,https://play-lh.googleusercontent.com/EGemoI2NTXmTsBVtJqk8jxF9rh8ApRWfsIMQSt2uE4OcpQqbFu7f7NbTK05lx80nuSijCz7sc3a277R67g,I love it so much you guys did a really good job on this and I can't stop playing it . It is so much fun and I love it so much.😌 😍 👏 👍 👌 😆🍣🗻✅✅✅,5,74,1.0.1,2018-12-16 14:23:00,,
gp:AOqpTOEU6t9nI-UBEp71bpJmzFEryoGgsm9N0220r3YYZELKsp926szyjSu2-DQ4PTD8bimdW1rEZdpWx6_Jl4s,Alison Saenz,https://play-lh.googleusercontent.com/a-/AOh14GiLTf7LFIHqwq8Yr9Nz-bYXOTX2I3xrcpc0PR14XA,I love that you can make sushi,5,19,1.0,2018-12-12 18:18:12,,
gp:AOqpTOGky_bPE-3zB4VI3MyJ3PeffSxxwT3haMkE4d0P4K1XQsSSsf78mP0JZ14YmwTLX6hgcBPiTdF9muaUr4o,Ronelle Jacques,https://play-lh.googleusercontent.com/-0wE_xcIjpiw/AAAAAAAAAAI/AAAAAAAAAAA/AMZuucnjey1TVhHO0MfIWttqLOxZLvZehw/photo.jpg,THIS IS THE BESR KEEP UP THE GOOD WORK!!,5,19,1.0,2018-12-12 15:50:30,,
gp:AOqpTOHxboqtx9xntFGcBGZxS-9cXtqerEDswQzUHkNKUapNZ2ViN1LOQmjfNLzf9MvHc6gbP5iWaEkNvVI4a10,Switch Pro,https://play-lh.googleusercontent.com/a-/AOh14GglW8cLZ-WMAASDZqCJ6fjvFdUAs9AkWBEWkE8Gfg,Realy educational,5,15,1.0,2018-12-08 21:40:50,,
gp:AOqpTOE24PLkZFioak8VEfdq8j91CXpOqwaGkY8Ldz_xTjc8A604zHPr-RrdaOQfaZsBKJbV7AmFguegKckzQDM,May Doe,https://play-lh.googleusercontent.com/a-/AOh14GhMuSxP9uI-bGL1BrNkbFzpJKagFB9a1V6cA_cX,"A little buggy, but super FUN! Very relaxing to play around with. I hope you make more games like this, a whole Toca Kitchen series perhaps! Pizza, Taco, Coffee, the sky is the limit!",4,56,1.0,2018-12-08 04:09:52,,
gp:AOqpTOHMZCPbojsZgEuEJ2R7TAlhkgrNZadIh0AiBs4AOolDghYhnmEa6cufZ3Vz2hWjuGvgSaUckBCOO7iEC0Y,monkey gamer200,https://play-lh.googleusercontent.com/a-/AOh14GgByAXOT1aIE3zfn1vVqAysiI69u7KTdYHPPtvJ,Way better then the toca kitchen series,5,16,1.0,2018-12-07 19:33:20,,
gp:AOqpTOGE5qLsjX694ZOr5UHe2mwPeH6PRu37MCIe8Q4d8Mvz5iTzo3pE0RfFOUNuJMj8o1HKJwboZvn__R56RC4,A Google user,https://play-lh.googleusercontent.com/EGemoI2NTXmTsBVtJqk8jxF9rh8ApRWfsIMQSt2uE4OcpQqbFu7f7NbTK05lx80nuSijCz7sc3a277R67g,I can't get money back I hate it I want my money back reeeeee,1,39,,2018-12-06 23:21:35,,
gp:AOqpTOE3aV4C9SPHTyLGlAM9GBLz9mp92rGKWTLwoq_3o9gnWyI92MKPe1SLM_2t8vYu3CM5TYxYL6tA2zM7cIc,I like horror movies,https://play-lh.googleusercontent.com/a-/AOh14Gh9nxy9alDYVxcrPDkjDZoTrUJSAe3HKsKf6Aq5,It's cool,4,15,1.0,2018-12-06 15:38:31,,
gp:AOqpTOFwgZdp-NJnCuGweCQJ5aY0rrYfkzD8veTKHmTLyQnAL3-X2UIR65L3P2xQkWclpcArxcxl4fjTVi1a6hA,Future Animal Rescuer,https://play-lh.googleusercontent.com/a-/AOh14Gi1sR2PwJCARV-67PWMhpkGKBtYt5mYwE7d5_bH,"I can see why this has 4.9 stars! It deserves 100000000000000000000000000000000000 stars <3 This is the best Toca Kitchen app by far! ;D You can roll up the sushi practically any way, make fun food shapes, choose your outside (seaweed, lettuce, and a couple of Unknown substances- maybe meat and dough?), and discover fun reactions from each customer! :3 Be aware, you can't choose your customer- they come in on their own. But, you can go to the serving area and kick them out- that's the only way to make them go, but when you make them go at the end of a meal, I see it as leaving, not _making_ them leave. To change your wrapper, simply go to the wrapping place and tap on it. It goes in the order: seaweed, lettuce, dough?, and meat?. Anyway, despite the price, this is like, the best sushi app EVER! You guys should totally get this. Yes, I'm aware this review is really long, I just have so many positive things to say about this app... Lol. :3 Bye now, tho.",5,157,1.0,2018-12-06 15:03:43,,
gp:AOqpTOERjMIUNiDyDPzUDEv6zrZOuJkiXWgw7pLXceQz74q0Smwbp9mLBDoGwuugXmhiA-_2DJ5L7Hk-jaJY1JU,Naomi Giroux,https://play-lh.googleusercontent.com/a-/AOh14Gj0befp7-vdsujrqTOd1k8u_h2gJrJFqoLf2aZwNyg,I think you should make a Toca game but like Toca amusement park or somthing of that sort,5,41,1.0,2018-12-06 14:09:43,,
gp:AOqpTOEXJv4DY-iAO901WPof-gMz471koNoogLrbLKD8JdZPXqiQs6USS9MJ1wwrBvu83GwXoHraRkY_ImeHE8s,Edgard Damiani,https://play-lh.googleusercontent.com/a-/AOh14GhIqHrEXLTItjY55R3CFG-CE2I8zzIeca-iP786,It opens many doors for making new dishes,5,17,1.0,2018-12-06 09:03:14,,
gp:AOqpTOFQrh2riGSujGiVOFAowmIL3XLuQrpKsJcLNxZxw-UPkT1CHklG4yDoB7QHGea2G8BjLdoNiQs8sBGEE0k,Magma Magnetic,https://play-lh.googleusercontent.com/a-/AOh14Gj3NppGigeMHeyWLlR4UrscnGaK9Qq3hjXaUToS,Really great! A lot more customisable than I expected. A bit difficult to freely place things without moving them out of the way but I can deal with that. I really enjoy this app =),5,76,1.0,2018-12-06 07:48:14,,
gp:AOqpTOEYs82oh0ax-lclqEaSgO_ZhqfjwncWpXJstsoNo4zf7eXO4mWDSPwVU4H7qgZr-vVl2XgOIXa5df3TkBE,A Google user,https://play-lh.googleusercontent.com/EGemoI2NTXmTsBVtJqk8jxF9rh8ApRWfsIMQSt2uE4OcpQqbFu7f7NbTK05lx80nuSijCz7sc3a277R67g,Best app ever!!!!,5,13,1.0,2018-12-06 07:29:41,,
gp:AOqpTOFKsHFLk23r65AnJVj_iR7q0MORFHyAImHnaD1crK3r9FsdTsN8JZ8PUbkut7VHcwMs6B2B1EP7Kw8lp-E,sorry for my old comments,https://play-lh.googleusercontent.com/a-/AOh14GjkBcJVWgpcBZ-Scdx8jeGapqdD_ndFpW4cfc9n5g,Its great! A bit pricy but the app is great,5,31,1.0,2018-12-05 23:46:15,,
gp:AOqpTOEnTvDwh42-Zt-o17gD6T724EhJgZM8xmxzMZJPFS_GrsGLPk_0Pm5VpEGFZUQlGhxMN4Q_SigwjoqJ1Gg,Marissa,https://play-lh.googleusercontent.com/a-/AOh14GipI9W9fAYvUFfOuOHHgiVDbXswXMMx_jnTpWxq0w,"I loved it already! A bit pricy,BUT I'm second!!!",5,36,1.0,2018-12-05 22:57:29,,
gp:AOqpTOHnAbVDW1ZFgLaZxqKXI5q9JgsCX5XOCudKvUuQoJVZGLpqpgKbo9M0QZeYe1RY7e9se-KW__Yil1gMwIo,•Kalia’s Productions •,https://play-lh.googleusercontent.com/a-/AOh14GikMHhlKizOCIUJKzQwhFVTP-o6vhXQrVmOW9rn,It's ok except you have to pay,3,46,1.0,2018-12-05 22:14:10,,
