reviewId,userName,userImage,content,score,thumbsUpCount,reviewCreatedVersion,at,replyContent,repliedAt
gp:AOqpTOGgNjv4dl492q8tMWfCJmUKeYPJRpOR-7WSDuAJBDvXZRBnIXKEiTnxtSDMI12RnPO3JJiCaTz4XCWgYpc,s wfj,https://play-lh.googleusercontent.com/a-/AOh14GjTJBTOt3cKpqXdgz7J1-WwOgtZe2fcT-11OIes,Great B&W for street,5,0,1.60,2021-01-14 07:35:44,,
gp:AOqpTOFwKPYf-d_Pf3Z_f9M3rIRpHl5v9VlSsPDwLJ6ZTadB3O67OgFTazcCiCqBGRghXnmyPha-Af_HUEBySOM,Casio61,https://play-lh.googleusercontent.com/a-/AOh14Ghnro0y2SnjBQ_wwgssgEilPeljBQRPFhxOrdE_,"Really good app, with all the black and white filters you could ever want. £1.39 for the full version, well worth it.",5,1,1.60,2021-01-04 13:05:07,,
gp:AOqpTOHONRIXmq2CUsiffQHFj4sPsJ_bu9kMUFiCIV6j27JJ6e7hvQm3OxVahy_r01ayudmvQvuLLXyVeELgDG0,A F,https://play-lh.googleusercontent.com/a-/AOh14GjV-yxPHSc0CctwF6taiDvEYWq32zcxTEh83n1ENA,👍,5,0,,2020-12-28 05:07:38,,
gp:AOqpTOF43AAIEHtkuZ-22xmarC4iY2AS8dLAZtGL-oZsfZ9dKu9aYb8fpHRy7aGvgt5SUy6TMGSRhGFfum-fVb8,Nandya Putri Pratama,https://play-lh.googleusercontent.com/a-/AOh14GieuK0OncA_MB19pbVx1YCavt7VzCIXdEzRqQXJJA,"I cant find ""the grain feature""...",3,1,1.60,2020-12-27 05:11:15,,
gp:AOqpTOFEwaVXizYMSCfMCjVQ6ICRMOyZRyovVMSyvlnabRTNUziNc4hWP8p7M7o9BkHBo4G_9UFQ3j1skY1Ju0c,SK ABU BAKKAR SIDDIK,https://play-lh.googleusercontent.com/a-/AOh14GjXFmMmQfsfWtzpmL1Sb8zejOKUyWT_JE1nUhyxPQ,This app deserve 5 star 🖤,5,0,1.60,2020-12-14 19:36:13,,
gp:AOqpTOGMvg-oVPPiOjQCSxIANXrcXlFbxhd5fLuOxbSnO6A_sb3R4usZSKcB9-nBPy0iw8cAJnIMpohW5fy5A-c,Paul Larison,https://play-lh.googleusercontent.com/a-/AOh14Gg1xhfnZ_yS7vuetmNFzUbsDDeyx3omKPWoHx1Dcn0,So much fun. A pal and I used this at a museum. Beautiful results. Can't wait to take it to Renaissance Days. Kudos 👍,5,6,1.60,2020-10-09 01:15:21,,
gp:AOqpTOGJJ6FR7YD8yQazI6xCl7uTqxE3KXl4VBlyZfOCpED-WNT38asX4h6RR5EiLGOVTS1jibjJUa8k1tbx56k,Olo Edelman,https://play-lh.googleusercontent.com/a-/AOh14Gids8jEv6aNadI_ACx3Yxwbc9LzLoRx4QpHASba,"Would be great if saving my work was anything like straightforward. Pictures saved to my gallery are unopenable. Also, 20+ filters and no sepia?? Really?",1,11,1.60,2020-10-07 23:04:56,"Hello, could you contact us by mail (contact@xnview.com) about your problem?",2020-10-31 08:43:36
gp:AOqpTOGvu01epkE1-YncnBz7cUxHuUDt7KQaYOu3HMs7WesnPOxWZhAGJKAPFgdI_bdOtSXrCjnr7oXXkqAMs7k,Shaa WWie ll,https://play-lh.googleusercontent.com/a-/AOh14GjFOJYUIqKdw1y_FH81r10rN1fQKLK8UrULjdG1jg,It's cool and easy to use very nice.. ❤️,5,3,1.58,2020-09-30 15:16:31,,
gp:AOqpTOFk59z9wDLKd4k8fa81N8wYnZE0ZBvEJQlL99t4iOlue3vYkIjrf7jEdKByCkxK5Z1D6KLqzhFgIpJfx9U,David S,https://play-lh.googleusercontent.com/a-/AOh14Gi_BW1wxX3hundpIHCLBpXV5vKV2nX_Mk1Mev5sAA,Love it.,5,0,1.55,2020-09-29 14:34:41,,
gp:AOqpTOGA2yxBBIbHTIEzQ_i_y8nYDxzCIBrT0JyTsJ0Ki6PGKFcRJOGyl19qq1kG1XvTqCWyydK4Cubs1GM1Fu0,Julian Dobbie,https://play-lh.googleusercontent.com/a-/AOh14GiCtC9ugxwqpLs8Obm0q_rvZGuDg_yiclUTljvRtQ,Only square and 3:4 ratios. Limited for paid app. Should have 16x9 and 3x2. Can't hide the filter menu choices.,2,1,1.55,2020-09-11 08:51:48,,
gp:AOqpTOEAtpwMlvkc-SVKdZab5I59H1rNP-T1XdVW7vJfhMRw85tZG-EWHidKNzTIG97qfM7-21dV3qERvnGT-Q4,phil roe,https://play-lh.googleusercontent.com/a-/AOh14Gh3uv_scQlGybifsef1yIE_pAO5vO5pppqcVHshzA,First impressions,4,0,1.55,2020-09-01 12:46:35,,
gp:AOqpTOEQjW8i4Gi4jyos9a042v1hMJOBJlE25OLViDqO9A09Bmjs4XxYU5QBziyT7xibFzzS1TE4tzzoRL1gLdQ,TELUGU JAYANNA TELUGU,https://play-lh.googleusercontent.com/a-/AOh14Gg6UAusQaHqO2YspOEvuZE8Q_-pNXXVs3x-5NCEVg,Very good and nice,4,0,1.55,2020-08-30 03:23:41,,
gp:AOqpTOEKgUMsp5-o3dkB1J47BRlh-5diFz6fGxh4R4YZSc2xyKI1prDs5gbvxOhwwn1VDAHgu6JEOS6i62Tm95w,Ian Girdley,https://play-lh.googleusercontent.com/a-/AOh14Gj8jjjAU9hB-YmQyrgr2q4z29q8XunQMevWAx_bPFI,A lot of grear options in the pro app to get just the right mood for the photo I want with little effort. Also takes a regular color photo so I can go back and adjust that later if I didn't end up getting exactly what I thought I wanted.,5,7,1.55,2020-08-29 15:12:53,,
gp:AOqpTOEyAYTZ8uMqjkAJ4xM53pz5f02XqNX2JCV9vIIAAngyqBQqbmtZuhf-u9adGXEz2jANSBrckJxyxomyVbg,akshay aabde,https://play-lh.googleusercontent.com/a-/AOh14GjFKYxLNi9ZcfnLDLyQbqXuJuT3BxUH1PV8LpMWuMs,"This camera does not work realme 5i , every time showing - 'there was a problem with camera, please try to restart your mobile' Pls fix this",2,0,1.55,2020-08-29 07:51:50,,
gp:AOqpTOEU9s45aCy9_C7tX-HV_oS3USKw_Ej8akC5YxamidaK7ofLNyk7AlZRlAtGni3yCaTsTdTzQoItX_vE69Q,Sami Ullah Kohati,https://play-lh.googleusercontent.com/a-/AOh14GguRNtedK8XN32Lxw3XukScMNKU6qcybOXxcvKxFAU,Great,5,0,,2020-08-28 21:31:21,,
gp:AOqpTOHqQTLBPpY9ZYfdalCL8uk_uLcwEoMfDLa3T54xscRcL_QWdvMXHdE0f_SnV6OYhOLaVEF3k7xrIIgbJDw,Mike D,https://play-lh.googleusercontent.com/a-/AOh14Gg-OP7oojBGWLLd9XCY0gdXCojzVSIjIjVaOSBuWQ,Doesn't focus as well as my other apps,1,0,,2020-08-28 18:56:28,,
gp:AOqpTOFQO94Da3dzb6cvB6jrxScp_LlLTGuacEZR8CV6nncKTG2Yt7sjWJRK3RlqAGzFaLcRF0z499DtS9myF2I,Richard Ries,https://play-lh.googleusercontent.com/-GR595JwCMzM/AAAAAAAAAAI/AAAAAAAAAAA/AMZuuckHfv7xtvKErJdE8fnNc6wJf_1Nxg/photo.jpg,"An excellent B+W Camera app. I found the support to be speedy and helpful. I LOVE the ability to re-arrange -- and even shut off -- the filters. This allows me to not see filters I don't want, and put my preferred ones to the front of the list. A++, XnView team! --Rich",5,8,1.55,2020-08-01 11:27:46,,
gp:AOqpTOHqVCEfqd1QgwuJmXwR94cy_t2cysQ9SFZRcHGyDzBV2SXoh9dnukU5n6uUz9_ik8Nxa-pknNYnk2uGVUI,Anatoly Judov,https://play-lh.googleusercontent.com/a-/AOh14Gge359guQgci2lDeytHHRcRyGzogeCTvA1UkcC_bA,"Filters are too basic, some of them just ugly. There is no crop function, also this app can't catch a photo when I'm share it from cx file manager. I'm disappointed, years ago I had a perfect application named Black on WP, thought maybe it will be smth like it but no, it's not worth a dollar",3,9,1.55,2020-07-30 23:59:34,,
gp:AOqpTOH9L0RrQHDvD6fGUQFET2JmAO0rCZvtRHgaa6tbx0AcurOQDgxK6sQ9PbFeOyd98ZOzp3RZzVwmrNAgRM0,Aaron D. Glover,https://play-lh.googleusercontent.com/a-/AOh14GhHwab79PUpAw3UiixzISxrOWC_nv0BIGQYjSFSOQ,I love using this app,5,0,,2020-07-29 23:01:37,,
gp:AOqpTOHZHNXurXxaCX8jtchBHXV2nqKwfRzPK5RxNBMX0IrWAa0h3Mu5NGbCX9p6F869hKRx28DqjanavPrNF-4,Luis Paz,https://play-lh.googleusercontent.com/a-/AOh14GjXbAJWdSds1BWNFauMQMBQ-kLBCfutbeF_86pvNg,"Great app, took beautiful pictures with it.",5,1,1.55,2020-07-16 13:14:42,,
gp:AOqpTOGcg0mYzZuRlkV2nfsUF53iPo2PmPcuoSrooSRvw9GPvlL9N_GLPKQCQQM-1ggHajwk4E4L7foGHBsObIg,A Google user,https://play-lh.googleusercontent.com/EGemoI2NTXmTsBVtJqk8jxF9rh8ApRWfsIMQSt2uE4OcpQqbFu7f7NbTK05lx80nuSijCz7sc3a277R67g,"I want to rate this 4.5, not 5 stars. It is better than 4, so 5 it is ☺. I have not experienced crashes. It does what I want.. mostly. However, the adds in the sidebar piss me off. That is the main reason I would mark it down.",5,13,1.47,2020-06-19 01:13:58,,
gp:AOqpTOHnGI_drb9Ued--inILRZPnnSqWDMB4S0jy_T28a5tODDLexCC4G2j9nvTMYTaQCQ6aQaMt4ckA42RnZvg,Rebecca Jolly,https://play-lh.googleusercontent.com/a-/AOh14GgDdPYdrh4JXXqb8OKLetDnMA_X8_yvJKQuVVCXsw,Just your regular camera app with the same tired old filters,1,1,,2020-06-14 17:58:55,,
gp:AOqpTOGI8tacO6YImqSLXKJ1rdTIOjuU9csAgEuicW6GxBvka-EMNmwne3GchVxes6e4lHFD9POec81ieSPOFhw,Sasha The Great,https://play-lh.googleusercontent.com/a-/AOh14Ginnl662ktKynqySWS6UbQRT01YQkYMlB6pANMFXeo,Limited and no damn ik nformation on what the filter icons are that ive NEVER seen before and I and I editing software all the time so they should not be icons that I do not recognize it has no identification whatsoever as to what it is or does not to mention how Limited the options are for which it actually gave me to edit my photos,2,7,1.55,2020-05-16 08:54:00,,
gp:AOqpTOFjWWoSl42zEMH2EbZ4XT9DFUwJgZd5Wf8CJGwCf2ikfOYyaDCT1aWLoCo6fCmraxSNfcIMx2tkRAHzgRo,roger Wilt,https://play-lh.googleusercontent.com/a-/AOh14GgyEG0VWiTOtsadze3sC0Cj0H1GkTxGM6gIuTkoWg,"Outstanding quality , great filters its all in this app!!",5,1,1.55,2020-05-15 05:56:56,,
gp:AOqpTOE8hmHnyRYZM9ky2aiNNDwl7cALancCp8e7kco4HzA5SKrtc83FdA9KhAYUDYc99RCc8o-bCu0OcTVnk_Q,Maciej Bryndza,https://play-lh.googleusercontent.com/-Yx_6lW9QbLI/AAAAAAAAAAI/AAAAAAAAAAA/AMZuucndc7mtHzhTYbfYMbXEYePHRwy4WQ/photo.jpg,Awesome!!!!!!,5,0,1.55,2020-05-06 09:16:04,,
gp:AOqpTOFtTcbYnc3rW-VKjiwErvsP90qbopgTuROwUf5XNaJ8rgIIFTMJp5qD7gHDRlnbFm93ykeZhrH3M_Mxbas,quickerthanyou,https://play-lh.googleusercontent.com/-GpswHe0hlnQ/AAAAAAAAAAI/AAAAAAAAAAA/AMZuucmn0Hlp7XBXOk-FkORf2y_BVoTyGw/photo.jpg,"Works as advertised, so far!",5,1,1.55,2020-04-26 17:49:04,,
gp:AOqpTOEH5MHmrN1-0x5WygKsEicUsbGO2irTAJr21vrt-M3bBSXroAw01oG1FeqoCr_3PArNct6GO_BR4BY5HIU,Tammy Townsend,https://play-lh.googleusercontent.com/-_EC1w5XOJiU/AAAAAAAAAAI/AAAAAAAAAAA/AMZuuclzvuuEwsq-bgrE1w0VNCfUxGXC9Q/photo.jpg,Love classical stuff!,5,0,1.55,2020-04-17 04:59:42,,
gp:AOqpTOGI8lB6t44JNimEG71e-UVPcIl7zdqRtRZTqkVp8geimoMKjtfPs3C_o15p09uqcO2RlA5PSGiapHngjog,Jrod,https://play-lh.googleusercontent.com/a-/AOh14GimpQ0PU9K1GR3S6q3KTs-D1xoKBSskQwHPdlaGjQ,"Blackguys Only is an awesome app. My mom absolutely loves Blackguys Only and turned me on to. Blackguy Only's detail in the blacks is unlike any photo app I have ever seen. I would rate 10 stars for sure. IF Anybody has been on the fence ABOUT trying Blackguys, then definitely do black guys only.",1,0,1.55,2020-03-30 05:46:10,,
gp:AOqpTOES0a49Eai_f6V1dmtzbJTKXQ5TYTvUg8hJQzKR3fdHYtbTiWYFVPdNoOlCm12DDnoBpt1xZ3kxfCkWAk4,MOHAMMED NOUFAL,https://play-lh.googleusercontent.com/a-/AOh14GjN_vvAEIlyWiBDKR-WzPbQi5rPKyB2qkl5FzmfLw,💚💜❤️,5,0,1.55,2020-03-15 23:12:20,,
gp:AOqpTOH_237m-y0twLLNYrEU4_TT3uau3y7d7Y6vhR5mCMa4MoEPu8E6qz0aweB4ocKQeakMZN0aKdOCxnzsm6Y,Aadhi Jr,https://play-lh.googleusercontent.com/a-/AOh14Gig6vgRiUqIYHq1cCWIDB_e1aY8TjsNmbpxDmxgEw,Saved photos keeps crashing,2,1,1.55,2020-02-27 07:52:22,,
gp:AOqpTOHg3d465HrcCr2yu-qs_RVwiSj6rRjpjTypI-_qNjdALc-fcNqijovLqO-iBqr13GHJ-YQz7J-1cUpaz9Q,Ali Zamran Danish,https://play-lh.googleusercontent.com/a-/AOh14Gh2c-dUo4nxirxHa2ubMMicwOs1GRT7QvUJiJ0p,"Very good camera app. Detail Capture is excellent. If you want a black n white camera app, give this one a try first.",4,5,1.55,2020-02-03 08:06:23,,
gp:AOqpTOFPzVNImBztWsS7ryHIgnX5HrrkI-QCfh_zn4b5B0Tn_lRR8JpvA3l0047NErPtNvv_DL2rTPPT3gJjvZc,Rich Fought,https://play-lh.googleusercontent.com/a-/AOh14GhLbgO7Mb8kKkIWXL8SqyEcjlAzB63seI9dhEY9aek,Worked great but there is no way to save images to anywhere else but the app's folder.,3,2,,2019-12-23 18:54:55,,
gp:AOqpTOEM8fyI06EjDyI8Wqq7OQWGLKU5RTvrDQr6MM3G5pJt_MHzkN8JeF6zPPALBuPKW_nf-grGm5s0rE-Im0w,Plamen Atanasov,https://play-lh.googleusercontent.com/a-/AOh14GgGzFujj087zvXLt3-teU7LhdI3-KK5k_5ZIQJqAg,Good,5,0,1.55,2019-12-20 12:45:00,,
gp:AOqpTOH9fhW5myUJkzIy9jTptfg-3JcIKq4qz1GGLjgcx-8ZmZ3hjvJcWDeu07vWnEkqRLH8pguH7Oz--VNxqYE,manoj golaniya,https://play-lh.googleusercontent.com/-YssfFoIBgQs/AAAAAAAAAAI/AAAAAAAAAAA/AMZuucnF8LdaWyIfv2OzTLlLd_7rdht6HA/photo.jpg,Nothing new,3,0,,2019-12-20 01:09:44,,
gp:AOqpTOGBd-bJfQLcG2wEAbCQiWoeCba_DaSvayQSwxAed1neuqqiIqqalptGJgnqCnYHw1Dpr4B-XymC9lkehyU,robert lovin,https://play-lh.googleusercontent.com/-sDqpauWhpck/AAAAAAAAAAI/AAAAAAAAAAA/AMZuuckBavLdSZtmbLHbHokQF-DDNkL1jg/photo.jpg,Excelent!,5,0,1.55,2019-10-19 02:57:33,,
gp:AOqpTOFr81Xs1rg-R6JlC6zbjBC344Ykbb2RmH88MNc8V958csonQlPvxGVqSYWod8ngscx7xPaTgqZpWrFBdCE,Ryus Lalonde,https://play-lh.googleusercontent.com/a-/AOh14GgRwTfexLmx9l9G_bNpPSa3YzhwrthqFDJI5t_tVw,I like the app but could you remove the promotions tab on the left it's really annoying and completely ruins the app.,1,0,1.46,2019-10-14 08:21:47,,
gp:AOqpTOEjvzxg-nqzZGAxnZwEdUsCSZjlo6FHQzeDDLeqsUpkT19VYG0BHs0KJfWxcngVhbjCyjjXIruiUnz4_7Y,promise t chimwai,https://play-lh.googleusercontent.com/a-/AOh14GjbylIoJWW0u9MiknjGrsQIc0tbI9D4Sy0LSCT2-A,nit bad,5,0,1.55,2019-10-12 05:12:51,,
gp:AOqpTOH96tfof212neg4P4W_V9uF4EUVsxOGpK4ihBP1pU1mHbkqFGYUWZIdrRn9_rBoVTLUWbZHSV9CyOECom8,Corey Shadow,https://play-lh.googleusercontent.com/a-/AOh14GhhhjXhtLXvyUybP-muqNuyQMIqce7OOmT2Ug_1,This quite simply the best bw camera app available. And it gets better and better.,5,1,1.55,2019-10-12 02:27:15,,
gp:AOqpTOE1S5-RNy8X_6BNDHWbJp5IPY7GqYZC_jIWQAt3wH7QnIqHuOmofVKt8G4CS_6BQ_ftTey5r6cp3c4WcQs,Void Void,https://play-lh.googleusercontent.com/-r6eZ_agNkaw/AAAAAAAAAAI/AAAAAAADLi0/AMZuucnChvjMhBaDDIScYiHz2tkMQJaT0A/photo.jpg,"More than half the files wont save, it crashes and its a mess.",1,13,1.46,2019-10-06 23:17:35,,
gp:AOqpTOHbTQaEZiUQGgLerFJ5cj3TTPM1e-_5i8IJyAEwRT5Ajerb4muO2Z8VP4KWzJjvYlhOV68XVtP3PoVeaMI,John Cooper,https://play-lh.googleusercontent.com/a-/AOh14GhmhRGxyZMCWd6D9gmTcdRp2JiPK5EVM_F7henW,Love it. Only minor gripe is that there doesn't appear to be a way of cropping photos,5,3,1.55,2019-10-03 06:47:01,,
gp:AOqpTOEBoxk5rN_kg1h9d16POqrd3pIt42G4RGW521qyddkjMasdQHiYibyFaTpLTROfPqXZtF_6AHBtcA72XA4,Ali Taghi,https://play-lh.googleusercontent.com/-ujUzBD9q4BU/AAAAAAAAAAI/AAAAAAAAAAA/AMZuuclrUnsA4n6c2hGyrr8rf1uDLfTHQQ/photo.jpg,"Really nice. Lots of features and options ! The only thing that bothers me, which seems to have been integrated in some of XnView products is their tendency to square picture sizes which is also here the default. However the good thing with this app is you can set the picture mode to 1:1 .",5,0,1.55,2019-08-31 20:34:01,,
gp:AOqpTOEOAZna2GNHmdrZrXbQBJI-7Y-XOyiF9SrC_DgxYZrAVnns2M6r5Q11Zp1v7CPP2zY3RH5_3irWsyJlL28,Constantin Avramescu,https://play-lh.googleusercontent.com/-dLzPPl31vjc/AAAAAAAAAAI/AAAAAAAAAAA/AMZuuckyI1X95TARLYsWgHSP8XNY8hUPJw/photo.jpg,an professional app,5,0,1.54,2019-08-04 09:20:53,,
gp:AOqpTOEF5YwDCeQ4SVs1NW8hct4NTWtjqzet7UlYaxHcU7VDaG2dGoPMwfnpGCCCHy4SUkWUNiWVckfmseOHTec,Review Channel,https://play-lh.googleusercontent.com/a-/AOh14Gh8QTr9NSR1tEGod1Gh95q5_raBNytH8ZXAxQEXBQ,lovely filters .. amazing results,5,0,,2019-07-27 00:59:36,,
gp:AOqpTOFuAhd6D029vdP8jQl-syyzvGaoZB4RIvIqlC3lKtlMABtxxXfqpTNbgz0y3Zvr550E0ACnPZkqy5GNVCc,khan sujoy,https://play-lh.googleusercontent.com/-mwTnUMiSq5k/AAAAAAAAAAI/AAAAAAAAAAA/AMZuucm2k74kzaTJAQylLm9Wjitrl89vJg/photo.jpg,nice app,5,0,,2019-07-24 10:48:50,,
gp:AOqpTOFnrjsULzESqO9wT9vgV1WmlTBc11v2YVd66H05ydG2jrEAMDWjnhXy_SxvQIzC9ktjpnpCHhzl_XZiHEk,Dan Olson,https://play-lh.googleusercontent.com/a-/AOh14GiQ7KTATsZ3N0lzt8Jq2pOvUlFexmyV8so9AYPl2b0,"Very strong camera app, gives you great black/white shooting options. One area of improvement would be a summary of fliter setting in the photo repository so we can remember which filter we applied for each photo.",4,6,1.54,2019-07-23 12:07:50,,
gp:AOqpTOETNhFR8pGa8XV3RmmwyIAt8QOqw_dqDBWQO1iY_cxtdY6ihr2dUxovWKlIqQXLiLjWxQ-pGsYOJYLqZ38,Brendan A. MacWade,https://play-lh.googleusercontent.com/a-/AOh14Gjo6rSCZNBv-dUalLxtk8UkeBx4-DOWlTqa2NmShA4,BlackCam is THE black and white photo app for Android. Great for beginner photographers and those who want a dedicated b&w mode.,5,2,1.54,2019-07-13 12:22:32,,
gp:AOqpTOF8qNHK43lj5QaPzKPcvTmNwDgabzFtjnbcb8PwnAVGq5QVnzLPbh-XG3l3fK2H2DfoS20ayvSKuMbTpdk,Phee Nomennaa,https://play-lh.googleusercontent.com/a-/AOh14Gi8_-Z9yMy-ryuh_pj32VB-NsLz_R9om-K9KUgPWM4,Brilliant only drawback square pictures,5,1,1.54,2019-06-25 01:58:00,,
gp:AOqpTOFGTP2RJF_jI6Zp0S9v4uSuNGOjNdmbk17Qg9igz-aGyw8_2Lfec5UOchx2MvIelld__pUDAUP69fQ1p38,david machen,https://play-lh.googleusercontent.com/-xTW4QInWnKU/AAAAAAAAAAI/AAAAAAAAgAY/AMZuuckYsLPF98l6AH5T2vN8-zjcbY0hfQ/photo.jpg,"I've been using Black Cam Pro for a few years now, and will not use any other monochrome camera app, simply because this is the best app of its kind. I have tried many different similar apps, but this app blows them out of the water! Simple to use, and feature rich. Thanks to the development team, for this flawless app.",5,18,1.54,2019-06-16 16:45:19,,
gp:AOqpTOGICcqOsCiG7CbWbS36rIggYfbXb24L9LWSxcPl1XclNxFYMA8dpmJidg3AKY2aPK4-ogUMA5SF6kHB5co,Souvik Dey,https://play-lh.googleusercontent.com/a-/AOh14GjFGXUlSxIz-JMeowR1NY1sd6mglHISzl013kRa6A,Professional quality app.,4,2,,2019-06-06 07:54:49,,
gp:AOqpTOFGrYkLdjUpdLXpVYryRzrHwAVM8xOrCVZwrkpzydl1OR4ygtN76QexOEtMxfFgS7WijPtr7SHslEsQI8E,Simon Hodson,https://play-lh.googleusercontent.com/a-/AOh14GhM5on4_FtNY8uL_NF-12vNPsmoEsFKghjU85arPo0,ace ace,5,1,1.54,2019-05-31 23:47:06,,
gp:AOqpTOE4Ld9-MtUowqNL1n-fNYedARFserboC5mVGJc9hIgdqXYeLdpxhj2hqdkcCMFm_ppwBviedQ_bQv26OgE,Anu Nag,https://play-lh.googleusercontent.com/-dOqdLF0l6Qo/AAAAAAAAAAI/AAAAAAAAAAA/AMZuucm5GgvC04y2Z8tCI3DAB0PEA4Q9GQ/photo.jpg,Best Black & White Camera,5,1,1.46,2019-05-26 07:56:17,,
gp:AOqpTOFtXIiigenaX0IXURW7idg1UqL3w0Yg8pHKOajLsXtdQU3qfc9GJ-EiNu26uCOXRZCfwoq_2-mr9z71a-Y,Ashen Light,https://play-lh.googleusercontent.com/a-/AOh14Gij25hoplGqeNPE-_AgRAzZVV5kxxyswfbgFvRznQ,The filters are really good!,5,8,1.46,2019-05-26 05:30:17,,
gp:AOqpTOEKOuOQnL6pvXn7YSO8asP85WeN-9Z4zwr5IYtHBLmk5WbRXdF5Xc80QAzPSbQgDqJizptDqLP1mBhis98,Al Reid,https://play-lh.googleusercontent.com/a-/AOh14GjtEmw2sQNOQnqRDOFocQTZDTRYHufbsJBLVSPgVK8,"After using this app for a number of years i can say in all honesty that it is in my opinion, without doubt, one of the very best apps for taking and/or editing B&W images. The number of preloaded options is excellent, made better by the ability to further adjust each preset to your taste. I highly recommend it if you like black and white photography.",5,2,1.54,2019-05-11 11:17:38,,
gp:AOqpTOF4qiCwrP8ISD5yejQTn4P7rw1p-a5uMH1eeL1U_jsJX9e_XhgxEFr7kCZB2GTR_1ovWWfxwsDZhXh5Etw,Madhav Panwar,https://play-lh.googleusercontent.com/a-/AOh14GiWM0Z2gOrZzFd-FyrAI7oFNUNXjof0o7NgS4vo,??? Selfies are mirror image reversed.. please fix,2,1,1.54,2019-05-05 13:52:55,,
gp:AOqpTOFCJ4wEiahU3Z2YyTWbco_JLhCcmGerYqd2KXkjO2_O_qj62xKHUEfNA5_6vTe74W3pDC-Be58pyv1WI2E,Curtis Gray,https://play-lh.googleusercontent.com/a-/AOh14Gh-nEkc2SGla6cpnMWu1-G5fZ_Gj41BZl8nWH7diA,"This is decent application, but it has serious issues that need to be fixed. It fails to accept the folder that I want to use to save my photos in even though this option is available in settings. No matter what I do it always goes back to its default folder. The app also has issues focusing on my subjects occasionally. Fix those an you get a ""5"". Other than what I've mentioned I do like this app.",3,21,1.54,2019-04-22 19:20:54,,
gp:AOqpTOGNIqHq6OfHgiK8nsTcgbtkphjcHsW_EryDZXDCE_mmBaakkZmUrCzLEx6ewl5hXoDGM90Cmv9ckncuyNA,Gord Havens,https://play-lh.googleusercontent.com/a-/AOh14GjEyrmUAU4aK6CSMKWoNcKZhasraFznE3rA4kNphw,Awesome App!,5,0,1.54,2019-04-13 15:32:28,,
gp:AOqpTOEh5v1knUTjeOVBL9gi7JKRpWE9YgEP0kXeykkABEb_7LImtqBiUatCRkasiOJnjzbuXZbS1II62Ticb1M,Pulung Tri Brata,https://play-lh.googleusercontent.com/a-/AOh14GgQZi1yxnM6ucwtL5ZUr1j_23xtvxoXMefm2mtq,Good app,5,0,1.54,2019-03-09 00:21:43,,
gp:AOqpTOECAWXkl93UhUYid5YOkpYq7eZ4IFHA68VH16h4dkjvJjpOJvF-o_hiG_CENpBc_Fh4a1Jx8KY7ZrHQNNw,Briggsl Lloyd Mateo,https://play-lh.googleusercontent.com/a-/AOh14Gg63pb7QWPxP_2XYW7tggeAYaa9PZw3mRYIXbii,more black colors and the other filter was so impressive,5,2,1.54,2019-03-08 23:58:54,,
gp:AOqpTOGFvrCkv6g4gXwme1cKPXQQ1PCKxQGAVpQyhzCj9BEZXJ21ifAkPHzQFz29wJmnk_kNoHLOKNnMZrOZ7LA,A Google user,https://play-lh.googleusercontent.com/EGemoI2NTXmTsBVtJqk8jxF9rh8ApRWfsIMQSt2uE4OcpQqbFu7f7NbTK05lx80nuSijCz7sc3a277R67g,"Some very nice effects/filters in this app. Low overheads, and easy to use. Thanks Devs!",4,9,1.54,2019-03-04 03:29:49,,
gp:AOqpTOEemruNB7OsW1aeq2eTA5Erfyqh-Ol9JIVpEKf8-KShJVhr4ekxKC-zgn3orWub4FXrnIn3yUEPJIrbnz0,Mazhar Hussain,https://play-lh.googleusercontent.com/a-/AOh14GhuF2NeO5TXXiTR2FXIN-UEfz70tw9_TATyNKdHwA,just tried,3,2,1.54,2019-02-01 00:23:55,,
gp:AOqpTOFQgI9BrWvngVrGC7tln6pFRWvnTLTCSs8GKI1120Q4mxkXHLg64foAtWGIbKl7e9lvjGury0ehl-9qYqA,Penio Dachev,https://play-lh.googleusercontent.com/a-/AOh14GiGRZKuEyxzy7IlFEYMGoGZpg1EtikNS4NYoD9V_Q,Nice BW cam app!,5,1,1.54,2019-01-19 00:25:11,,
gp:AOqpTOHRAlKuCGtqjjtcpsdKNGALAe2eQDt1I0izFZ4TQbVxLd2x7stE86GFnlXB3E4xq3XXGxV25FhzqqMTfvI,๓คՇՇ ฬђ๏ɭเรђ,https://play-lh.googleusercontent.com/a-/AOh14GhIRL-T5W0iVjog15aSJ7L0lB-W5Z3OGFyZ-4_eyg,like it. not love it,3,0,1.54,2019-01-17 22:31:45,,
gp:AOqpTOEN8muP3_1Jd2ko-AZmrXLzVqNUcBpENnTrRb4NTl8uD-hkUWbfnUh0Is3BqRbmOo-h0c4ZtwT12GlnpT0,Janice L.,https://play-lh.googleusercontent.com/a-/AOh14GgBA2Dp2LFtSV-4KilMchdjYfCJVXlsB_feWtS2ySA,Great photos can be obtained using this camera app!,5,1,1.53,2019-01-16 16:45:37,,
gp:AOqpTOEU7PCcOV8UlfO4K8Hs23sxMg5kyLUcm1-TtoMI-MUpXYV2Mc2xUNtXnLtv6pLX6KU4sO6Z9B0DSPzbZdA,A Google user,https://play-lh.googleusercontent.com/EGemoI2NTXmTsBVtJqk8jxF9rh8ApRWfsIMQSt2uE4OcpQqbFu7f7NbTK05lx80nuSijCz7sc3a277R67g,need an update for ratio of 16:9. and fast shutter mode but better than any monochrome camera out there on playstore..,5,0,,2019-01-06 00:10:41,,
gp:AOqpTOGaGBaohB7uvAHnnfWAG_vsP7l8gOCxY7dEYnyhrlVGzGTxBtT4HDroQtqZ6t179Q0EI70gp6WgxDKoFBs,Arcenas 090,https://play-lh.googleusercontent.com/a-/AOh14GgKpgintWhI7v9Bfb3sxpGidO6GnsxKG_jvhn70Aw,Racist app! Haha jk Nice,4,0,,2018-12-15 01:38:37,,
gp:AOqpTOFdN2QN-ugNfv_Vi1UQCJYG3xKWQEv0UFhH0IKJsKtqOkpoxJNKqjttCpkAb9Pt0lN_vFq7DmDy2uhFi7Q,Sinn Cronnick,https://play-lh.googleusercontent.com/a-/AOh14Ghe7QC6H3_pftCMpNcCfeOyBhFOXmY4mqHlKsB-og,GREAT APP!!!,5,0,1.51,2018-11-27 15:38:01,,
gp:AOqpTOGW9QIIWhPdKBAN25U9b8-Y8Spy0rPshVVYz1Iy2IpjXX5Il-D4Pgc2Bgu4j5-nkCAVnL0HX7rilXgekvo,humayun khan,https://play-lh.googleusercontent.com/a-/AOh14GhU5t9zSR-J3LLVQrrj276F1S4rKgK1oMS0vKxROw,Nice and cool images,5,1,1.51,2018-11-05 06:35:21,,
gp:AOqpTOGxPyoHYoOErihK-CaUSuVOn3pyUp3m2104GDCyM3YORMBzBwkypxd1Z_dBnyyUu1BpIIpnxDLDR2rG01w,Asif Ahmed,https://play-lh.googleusercontent.com/a-/AOh14GjlEi_p2ObEj9y9a4LDLifBe5ZpQOvQmirPhMRWX8w,This is a pro app without ads. Still I'm getting ads,2,1,1.51,2018-11-05 04:09:12,,
gp:AOqpTOF13O0HwRNENIrBXUew5C5ZQ-_nYTxH4uGzdnv7L_1VBEcFDOj_nq_cjzzXFc4IzrZA0lMj1H62_6MauHY,Ignat Ignatov,https://play-lh.googleusercontent.com/a-/AOh14GgywsjLl2kwHKggkYgkb1NvoA0e2MTIaFve54As4g,Nice and simple. Does what it says on the box.,4,0,1.51,2018-10-31 10:57:35,,
gp:AOqpTOFNCBcddIwytDb1rMBgDE7LBkSXRGUmEHGnCjRvyRWkkviUe5hyUoDzOIC2rLVUpo_ojTGzBk3P6yE0nzY,sergei shulepov,https://play-lh.googleusercontent.com/-AcFDbqKG8tw/AAAAAAAAAAI/AAAAAAAAAAA/AMZuucnhb-n-gbECeQjKIFG1NXZ7I8K0kQ/photo.jpg,"Produces surprisingly good pictures, even under rather low light conditions. It fulfills it's purpose (point and shoot), and corresponds well to its description on the store. However, some more controls over camera settings will be welcome, and improve this camera app a lot.",5,4,1.51,2018-10-17 09:53:55,,
gp:AOqpTOFYK7uVLvRv1XwxX1_CfHX_nPZTzeGh5HAe0fV_Da-62aAkmRpuk_fqvkr99ECezZVeVKM8pZNL1hK3m8A,Timmy M,https://play-lh.googleusercontent.com/a-/AOh14GidEQfm1NA3meZSkDPy2AK5LNGYMq6fekErDfLg1g,I have taken absolutely phenomenal photos with this app. With more than the price by far.,5,1,1.51,2018-10-15 07:52:27,,
gp:AOqpTOFkP3h7jnSS0FRRRJ5MHOsONMcsxutfY6xTNhylytnBte2moBHKlJ5nrTu7Npf82qiPxrnZAvwOTK5Jtcw,Go Away,https://play-lh.googleusercontent.com/-iDzMv8olayA/AAAAAAAAAAI/AAAAAAAAAAA/AMZuucnD3rCCMcP19YSR1RC519ciOeZIBw/photo.jpg,Not quite the same as film but close.,4,1,1.51,2018-10-14 19:20:14,,
gp:AOqpTOHjGcQWU11rt5XgXpOF08paF76b4YODPBArUqs2SIrJH86NZ-Y_MMTMuZUfcNGTXzqzqsak2aJ3Lp0f5wk,Ad Ler,https://play-lh.googleusercontent.com/-i9zrlNKSHZM/AAAAAAAAAAI/AAAAAAAAAAA/AMZuucmBrBK33WmvP_5ghd4pMqX0kOtUMA/photo.jpg,"Left pane which looks like menu is only ads off other apps. Lines on the live view are bad neither on rule of thirds nor on anything else, just random dividing.",2,14,,2018-10-08 10:42:12,,
gp:AOqpTOEhnhw4fWn-fpa1rm8SkkzaiEmHSw0DovxDCU_9FlA5twNlY4C8IXgGAuEiBxy5dC8E79K_0dME7GvpuXU,majid ghaderi,https://play-lh.googleusercontent.com/a-/AOh14GhC0czNfo0QN2sPdQ8MVhjGRS1eKAwHalrz0w9o,Good,5,0,,2018-10-05 11:36:14,,
gp:AOqpTOFbs1zOAEEaCSogE5Cgaa23Jur1F6O4KE_xdtvB7DtFy-pLPCQdUS8iJQREVFwJyxSVkMmgqfjzILTj500,Mhmd Ingeniero,https://play-lh.googleusercontent.com/a-/AOh14GjLVEcc2nDCK6gfZUScdF6Oh8vkveK6N2d2EWUgXg,👌,5,0,1.51,2018-10-05 03:02:45,,
gp:AOqpTOGpj_ZEfQa7YzjLT9FVW5RpBvpQPPfHSsSeW7eQ4dgDPKgXtF9_YFalVTmkJ-tmCxvGjFKUYvIRjuB60vQ,XLR8,https://play-lh.googleusercontent.com/a-/AOh14GhQGPubIUTSrgt8MoEo5maGAFUGfUsfJ1o2wR5OhQ,Frickin awesome 😚 love this app,5,0,1.51,2018-10-05 02:46:45,,
gp:AOqpTOENRCjfFXL0pOsi1Z6uhgqGYf-xqW42hGAOXJkJJlwAnT6gYYmR6ycr3f8Jm9CTTt3_GojWM8Nh3ppuYFQ,CondimentMan K,https://play-lh.googleusercontent.com/a-/AOh14GiwaHOXNEu99G-Ul999cdvFUS1H5VyMbB62MKoidFI,"Everything that's beautiful in b&w, can be found here.",5,0,1.51,2018-10-04 15:01:15,,
gp:AOqpTOGva0gFX7XgVZGfQNnf_mZ87mPxu7ur0IXdQgiKN_XLU6JyZMchBHHOeIWbizxMiBGFJ40swjYT7v5y7p0,A Google user,https://play-lh.googleusercontent.com/EGemoI2NTXmTsBVtJqk8jxF9rh8ApRWfsIMQSt2uE4OcpQqbFu7f7NbTK05lx80nuSijCz7sc3a277R67g,Far and away the best B&W photo app out there. Filters work great and it's easy to use.,5,18,1.51,2018-09-23 08:17:23,,
gp:AOqpTOHMZdAA7ocnvs6dJSx4WOCck3SuKCAvWrvHB8CRxgOc84qV8TiyOV04-wCIMzghMgOJ6uEn8-YH_smGPEg,Enrique Vazquez Vergara,https://play-lh.googleusercontent.com/a-/AOh14GjzPhi80yjr2-rgZCLhtnW2sjZYj7ciNhc4QmWmCQ,a must have,5,0,1.51,2018-09-08 05:44:56,,
gp:AOqpTOEKuag8QPrwQFsPVcUxRNK0Zv6WQdEkgdOnurD7dUgZcmN7tEXzpN7eekasXb8YPmb_PMyhhE0iN6jVooE,yapp phetz,https://play-lh.googleusercontent.com/-orLHZHVHLkM/AAAAAAAAAAI/AAAAAAAAAAA/AMZuuclYWw99b_X0PIscW6AcDUKLOWVtuQ/photo.jpg,I try it first,5,0,1.51,2018-09-06 05:39:23,,
gp:AOqpTOHIQjZ1ppApnLXARJQ7P3HjF8ENfLKKAM_NtM3M8WZe8Z6msFY37sS7ttZVi8MRxB8abHrwvsSIppp_gdM,Erica Barnes,https://play-lh.googleusercontent.com/a-/AOh14GgP05di6z5kR6N5yJDW5jmi77wrkGwj0M1LEUzBzug,"The filters are pretty cool, editing options are limited which would be ok if I was able to edit in a different app; everytime I go to ' Share - open with ' : it says black cam has stopped and forecloses! Please fix this issue and I'll be pleased with this app and keep it!",3,10,1.51,2018-09-03 22:38:32,,
gp:AOqpTOHjClzb7YHYoajJ-Bm3dfZjdCPLpTq2pCLECb4Jr1UpvcPZzHlA1766PKPLbARkIgexw9kjsJcB2osWPpg,Pablo,https://play-lh.googleusercontent.com/a-/AOh14GiBbd-mr_L1Hq6STLUxTi5a4BIhyfoev_eIAqsUQ08,Molto bella l'applicazione però non mi fa salvare le foto da nessuna parte. Peccato!!!,3,0,1.51,2018-09-01 18:22:26,,
gp:AOqpTOEDWIgXsH6YSRmz2ZH0WiHixwxvBAMhBU5pRZlz3UlvrlDSbpKBQi085EwoKyzqBkcUoZQ-tqhgoY96TTc,Sandaru Cooray,https://play-lh.googleusercontent.com/a-/AOh14GjAcsKxx65S8y2Og__afpsQVUYBq-_kIuHaFpmYDlg,Very good app,5,0,1.51,2018-09-01 14:43:58,,
gp:AOqpTOGDCGTk5QNgo8JNM3bTBkd4R98RpB2wxbal83GRfJkoUQMKbY11XkGb80fG1Zls37yMDD75MWne-e6oHAk,A Google user,https://play-lh.googleusercontent.com/EGemoI2NTXmTsBVtJqk8jxF9rh8ApRWfsIMQSt2uE4OcpQqbFu7f7NbTK05lx80nuSijCz7sc3a277R67g,Excellent find. The Pro version was free to buy today!,5,0,1.51,2018-09-01 04:48:59,,
gp:AOqpTOEwPguhn8GY7_2YloZW7M2XbRO6cOUi981NNv_vtDP0RQfnfHQg-JUDsYaNNxrwlZxjB0qXDuHnQrulqFc,A Google user,https://play-lh.googleusercontent.com/EGemoI2NTXmTsBVtJqk8jxF9rh8ApRWfsIMQSt2uE4OcpQqbFu7f7NbTK05lx80nuSijCz7sc3a277R67g,Great for mood. Nice algorithms.,5,0,1.51,2018-08-31 22:27:29,,
gp:AOqpTOGvtg6Ep8Fogcfrzm0xp5bgqlS5Bong_HvefMbvjjtRL-KiUKVITC3wxa_x9e6tCqPzjJUcCEogV_OM-5Q,A Google user,https://play-lh.googleusercontent.com/EGemoI2NTXmTsBVtJqk8jxF9rh8ApRWfsIMQSt2uE4OcpQqbFu7f7NbTK05lx80nuSijCz7sc3a277R67g,Nice apps,4,0,1.51,2018-08-31 07:16:09,,
gp:AOqpTOFZoTIRVdACCle7DcV8QaoH2vbhTBNAz6W9cZmgid4oWZtRHFnoAUse-nzjuoTuDYF0B8PxqG9fNNnE0mI,Georgi Chetiov,https://play-lh.googleusercontent.com/a-/AOh14GixsV9KfhBTgh8b-f-d8kug6T1cTmrpIqDC3eGF,That's what you get by asking for a review.,1,1,1.51,2018-08-30 22:22:40,,
gp:AOqpTOGLwNKpcwr9zFpqMkfKJrjNh6NgWJ6s_XWSwFBgvoJFqbwcgT-_sBLr-tiSwBWIvBWjsR9RVdAnqsjczMY,david hughes,https://play-lh.googleusercontent.com/a-/AOh14GjRNQCoqNq5fS38wrErCK5rROm7pKzTy5aQiLkTZQ,"Brilliant camera app, it would be even better if it could use the galaxy s9's 2x optical zoom feature but to be fair you can take a picture with the default camera app and use the 2x zoom in that then convert it using this app which has the same result. A great camera app, and at a very good price, the filters are very good and its very easy to use.",5,0,1.51,2018-08-28 11:10:56,,
gp:AOqpTOEA8HbgbuU478hSU-ygaynaM_Wui0nOty4ykHIxNdePG_xTgyEj153OX5jOfXVHPfF1qZbYPr2NX0CA8Q0,A Google user,https://play-lh.googleusercontent.com/EGemoI2NTXmTsBVtJqk8jxF9rh8ApRWfsIMQSt2uE4OcpQqbFu7f7NbTK05lx80nuSijCz7sc3a277R67g,The best bw camera app made.,5,0,1.51,2018-08-21 05:06:34,,
gp:AOqpTOEg9yRPiy8bTQMjkzhsziivFa5Qqm-lbrsNHaW6wTjkwC_M6ohIG3Pm2vhZnPqlRLSFSx3WUtwXeSAZUyA,cyrus ramitt,https://play-lh.googleusercontent.com/a-/AOh14GiznyptVy2KUCx-ESiFK9_xowKHwO--hmftPE-OVw,Still experimenting. So far a very good quality.,3,0,,2018-08-19 12:51:58,,
gp:AOqpTOGsPp37I-3YccaIuUCEQ8OpZfSr7XA_lCLXIPtP4MutCi4TGgijUKq6eKWpdDJXu1jU6HpgG18DcPGtaNY,Natasha Stearns,https://play-lh.googleusercontent.com/a-/AOh14GjMa3MIBJHtG3TzWG1vAJGusetj_r1sTVLvwhCxGA,ABSOLUTELY awesome! LOVE IT and use it regularly :),5,0,1.51,2018-07-30 20:03:14,,
gp:AOqpTOFwRYORmxPH5dvLShngZY6u8-gQeV5lrrB0VY0srVV96P8FVsOU5khh-Z1R2qzTSXTohLLIT5g10ZbcVsM,n rocha,https://play-lh.googleusercontent.com/a-/AOh14GgyKXiY7AN7V7lRMnTpTaDuaF4qY-txiUIUchYxbw,"Guys, this is a superb black and white camera with excellent filters. Don't 
change too much here...it's great. My go-to black and white photography app 
now",5,5,1.51,2018-07-29 13:24:30,,
gp:AOqpTOE4mZWOjux4nWW_Ar9Kyp6TKn5CHkuLL1YWVlYe9x3HzgdctA6XRabswQQrfNeMDL1ukeHlw6DGqiV5G58,SJ de Klerk,https://play-lh.googleusercontent.com/-Nl7gRla527E/AAAAAAAAAAI/AAAAAAAAAAA/AMZuuclry4wOJrW1EV9s0dbQVQFXgTSEhw/photo.jpg,Very good B&W photos with several types of filters.,5,0,1.51,2018-07-27 11:22:15,,
gp:AOqpTOHxPvPeGfzMqHODf379X37dftxrVOfHRCLp1V1-38JlRx_hTF4IoQ-mkHDsPvwOykbu0pQy54NOGfk9qJU,Prefix JZ,https://play-lh.googleusercontent.com/-CSAr82Cn7uU/AAAAAAAAAAI/AAAAAAAAAAA/AMZuuclsQsyrA2-g0DpORovWay3x_N3mlg/photo.jpg,easy and best result,5,0,1.51,2018-07-24 01:44:42,,
gp:AOqpTOHOQI3yMQRaUJhHBXFi5NGAkgi5fkWCZEG_c74_e6gVisTAEOpV3hhVzE98IjBaj5WyjrUQD1rVoxobCTI,A Google user,https://play-lh.googleusercontent.com/EGemoI2NTXmTsBVtJqk8jxF9rh8ApRWfsIMQSt2uE4OcpQqbFu7f7NbTK05lx80nuSijCz7sc3a277R67g,Was asked often by the app to rate this so here you go...,1,1,1.51,2018-07-22 06:28:39,,
gp:AOqpTOGiIg-3_cXDsChers2-Lq9At6yXMj1Wlt5ZAevNbqlCFOWNywuJDkR0ZMdaDh0Sd-byQgW3vcly8D7lcLs,MANA MAGE 5,https://play-lh.googleusercontent.com/a-/AOh14GjYyfS2f7v4-CCh_EMMF56l28ySfeAocG2RtDWdeGo,Love it and it be nice if we can do video as will as Pictures,5,1,1.51,2018-07-20 10:57:25,,
gp:AOqpTOHwM7RAxIiHeneM_tGtw2w-p6CRMtNa5TfYH-v5At5FG-1sZlBMZmF2mNnid5ej53BsnXM_LROXSot7lOY,Nate Skalsky,https://play-lh.googleusercontent.com/a-/AOh14Gim_ioRH1wMyF6uyxxQew8FVnhv_zePUc5ia4ebHvo,Love it,5,0,1.51,2018-07-08 18:29:53,,
gp:AOqpTOGuqrScNxiEZJyPQiRbBv5oDbiwxgp_JShyz3uE9Eyi9AHZWZ-8Ag6cVppSV_WEh_A8Buyj1Z4t3vTVbZU,Amanda M,https://play-lh.googleusercontent.com/a-/AOh14GihsdCXd-Lbe604EPkhCgNH8sdKBhENeLcX8AvMnRw,"Even though I really liked pic quality and pics I had to delete -Used way 
too much memory and slowed phone also uses huge amounts of data",2,0,,2018-05-27 03:57:28,,
gp:AOqpTOEwuew8_WqoD-W_SpEJZ-bAyF4c7kspnKrzOgIvzGTi24DT1dU01KWzTBkGkXIlLgQ_MBfxiXtf0jWYFxM,dom ski,https://play-lh.googleusercontent.com/a-/AOh14GjcHA2JEVBqrqhIqaBBQIAkgALmZEAQ9EQp2IxU,Love it,5,1,1.51,2018-05-22 10:25:13,,
gp:AOqpTOGnaVgEBruVcNpjLfGWkK0nfQIi0afrkUtS-rFomsKI0-lV78kzD7qaEnfiPh3uQJcDjt2QNhRjmqK5Q5U,Neil Veganhead,https://play-lh.googleusercontent.com/a-/AOh14GjhpHnVgY_0Ka2QQQrnPo61yoCiwuZvf7jg8igtM8U,Great for lovers of black and white photography,4,0,1.51,2018-05-19 00:33:17,,
gp:AOqpTOHPKElASgQF0TTV-nPrhiIqOaecYHVO3EiYeODOmyrWn4UDSy64sforkwrnH_iuzfPVXsJ3mrf71Aalp6g,richard chhay,https://play-lh.googleusercontent.com/a-/AOh14GieRT98pOu_KRUQd7mZGhOuTU58BOPwmd61H0qR8g,"Never see cool app like this. Keep update future better and better . 
Cheers!!!!!",5,1,1.51,2018-05-16 22:27:29,,
gp:AOqpTOGV-aoc2pyyg_xlrptb51w_oHUrqNQz2ikgJ04Hlr8pl0D1KE9bVFJYpWjY-o-_jcJsz7-COQfmTscYaIE,A Google user,https://play-lh.googleusercontent.com/EGemoI2NTXmTsBVtJqk8jxF9rh8ApRWfsIMQSt2uE4OcpQqbFu7f7NbTK05lx80nuSijCz7sc3a277R67g,The app is good for taking photos it gives a lot to offer,5,0,1.51,2018-05-16 10:59:44,,
gp:AOqpTOGTrG4r1ocQgaBXeIHin7wq1GFUFxYUytnoFO6ku8eviZNg3nN0z_Q4qFq070fdhKhL-v7eGWR36kZ7Sfk,Jean Outred,https://play-lh.googleusercontent.com/a-/AOh14GgH2lHzlTJNxQ8OR3K7Xu-UAod0EL81l1y7tQR84RI,I just love it 5*****,5,0,1.51,2018-05-12 13:52:16,,
gp:AOqpTOFxZhxhMFNxknlXYCSgxLshXa55Vex8SbEiGvv64UgP5BIY-yaPTosUam8_3fOX6QcwZ1XuDUZXJBmV7vk,A Google user,https://play-lh.googleusercontent.com/EGemoI2NTXmTsBVtJqk8jxF9rh8ApRWfsIMQSt2uE4OcpQqbFu7f7NbTK05lx80nuSijCz7sc3a277R67g,Harsh jaat,5,0,,2018-05-12 06:50:05,,
gp:AOqpTOHrDq06WW5f2OZh7nF2ps9XsiYvndj4Q2UOl9yMibk9Qeu4rJ604ZEZD4D8NiXX_GKb1iaoSHmkXpnoWnQ,Dipayan Dasgupta,https://play-lh.googleusercontent.com/a-/AOh14GjmeZaBynqbm0pxTtB9QXCwVrXcelID3YHiJJj-KQ,"1) Eats up battery 2) It takes pic in colored mode and applies black and 
white filter. 3) Sometimes the filter blurs the original pic",1,1,,2018-05-12 06:06:38,,
gp:AOqpTOFr1QkD4qIcROxlElgneSva9oPywJlw4XmH-vnDvR8vFIE0KUpbuVeJFbNuP_JIxUWxNBeSh-sVldi9WXg,Khairy Mokhtar,https://play-lh.googleusercontent.com/a-/AOh14GgSiFHdQwPd8UQ0uFMgKDdqEkTHb5PBvsrxzn1U6g,Looks nice,5,0,1.51,2018-05-12 05:31:32,,
gp:AOqpTOE8qRuasA58mxCksqVxUXYZBl30uAHtt9o1pJZFyIsrsvv-AZjZPs7IteTaHPRojLa4lubFBJPe7MIwhfc,Frenchoid,https://play-lh.googleusercontent.com/--L_4GsxHGnY/AAAAAAAAAAI/AAAAAAAAAAA/AMZuucmb_EshT48_M5D-bxxCPxJeykD-Qw/photo.jpg,"Stunning results, and the fact that you can revert the cam back to colour 
mode means I will be using this as my default camera app from now on.",5,23,1.51,2018-05-11 23:42:27,,
gp:AOqpTOFhajS7GeLRQCCGmR1uH4lgoGu1jPXhVij01eAr9UYzNwyFtHI7DqKI_CPLA3NdC4GeDqxX8gSrI_o2zqQ,Joe Ramos,https://play-lh.googleusercontent.com/a-/AOh14GhzMz4gO71dELyBWyTsi7NRs2JvEf26S33Ocnch0w,Awesome App!,5,0,1.51,2018-05-11 11:44:52,,
gp:AOqpTOGRrtjXYeoG1wcBek-RCxw5XM-0XvIbi-JO805yWNwn9wp2QCJg86sCo8pTN_Rw0LuBllNnDKTJPyURpdE,User,https://play-lh.googleusercontent.com/a-/AOh14GhJ_7CnSarkAvViQqvoWucORVhQbPxvtAq9PTc64EI,"should improve UI, make it more elegant with material design, and remove 
autofocus mode, it does nothing than reduce image quality",4,0,1.51,2018-05-07 20:38:39,,
gp:AOqpTOFIZf6DJz_INbLuHsZMp1i95Bc9O4eUIiV8KkdYwyF_yXl-7RKCC3dPYmGdBMemw0LkBIJQPMe4S-k09tM,eastorga21,https://play-lh.googleusercontent.com/-7odX3j63fhw/AAAAAAAAAAI/AAAAAAAAAC8/AMZuuclsCldmWq6HKvnZykPIfOYmeAiUsA/photo.jpg,Problem to save picture file android 8.0,1,4,1.51,2018-05-02 11:40:15,,
gp:AOqpTOGoZx6tjzOteSGtlbga6zJo0fKMD8pJ7UhZai8dI5V7NV7I21EJUO7ocBKSkbkR57eScSKdwTBqpPG1uJU,Mark Nichol,https://play-lh.googleusercontent.com/-Pix1CZRuq_4/AAAAAAAAAAI/AAAAAAAAAAA/AMZuucmw_Fy8Kk97HtnS11RhAqBDaVPG0Q/photo.jpg,fantastic app which is easy to use and produces fantastic pictures. 5*,5,3,1.51,2018-04-19 10:07:53,,
gp:AOqpTOHZtPsiyZrBluTYzj0SBuy8rlamkOuURpGboqgK2HLbhRdYBJJ1XT2-xxz1kZBK6nEbCdDBy67WZXngo10,Tommo Photo,https://play-lh.googleusercontent.com/a-/AOh14Gi6xSWHl-NLe-jHSepy5WTVF25KYJ74Zt3xoh5ejw,Cool,4,2,1.51,2018-04-13 03:22:39,,
gp:AOqpTOEAi5zMosLuE4-4PLiO20CEkazjY0tAG5txBqFaunr-VejKZIwlqRu56d9NasVqgijgR6WP1DH9PYv_uZU,Jameel Siddiq,https://play-lh.googleusercontent.com/-jiPESCMN9f8/AAAAAAAAAAI/AAAAAAAAAAA/AMZuucmTrqvRWJC5OhJ12jWUBRBa92sr9g/photo.jpg,Just what I wanted the ability to take nice crisp black and white photos. So refreshing,5,36,1.51,2018-04-10 16:31:54,,
gp:AOqpTOFxDyJvqmeGV8g1Z6q561NjX8KBtQfyi3nCkkVqq0C-4FhM-vkS6ci6PfiW4Q29yFqbyQ-1decV6m0S4wI,Jake McCoy,https://play-lh.googleusercontent.com/a-/AOh14Givdu2Sq0sM9qhwHb2muRt8b8Ap8abu5qxDqngGAg,Awesome.,5,2,1.51,2018-04-08 17:07:09,,
gp:AOqpTOEO-2xPFQgPWBoGmHhxAirnLZc7_nhqgFjSnkaTBmbO8gbMSv9RGySQR4iJTJvXSE6dezv9iDgYSRrgcEA,Pere Tevin,https://play-lh.googleusercontent.com/-C4Xt-l2EOow/AAAAAAAAAAI/AAAAAAAAAAA/AMZuucnA5rsG2Q4zf4w306YyGaoOrmzoeA/photo.jpg,it hits the point hell yeahh!!!,5,3,1.51,2018-04-07 14:06:18,,
gp:AOqpTOGEGeevVtBdsHZeQORTrVj4jYKVQCZcrT_qXcdaTW-zW2imKX9idyXRVlQzMPCnDOZwIBWQC2MBc-eX7Xo,A Google user,https://play-lh.googleusercontent.com/EGemoI2NTXmTsBVtJqk8jxF9rh8ApRWfsIMQSt2uE4OcpQqbFu7f7NbTK05lx80nuSijCz7sc3a277R67g,It works,4,3,1.51,2018-04-06 23:21:12,,
gp:AOqpTOEQc7euuDBldKDX4sB80FqpXz3pLePfvK1F4MWgbn5UFkjNDBeu6cF48XcmLGssReh6yXKPhWtZcIAMdWM,Scott Hagele,https://play-lh.googleusercontent.com/a-/AOh14Gi9TLJ6MWc9Qm1uO_qYe7cO7bnLURlM6pr4MAZbTw,Very nice app that is simple to use.  Even though the app is simple to use it gives very good results.  My thanks to the developers for a job well done.,5,22,1.51,2018-04-06 13:39:10,,
gp:AOqpTOHAO1-ew9bUGX00_Yg9DEYGUWM1Z7pq9xERnv_Qs4Uzx-oVCvZ0JjrTgSy5LccxpiGMxsCmQpXpDVHd75s,Riley Boy,https://play-lh.googleusercontent.com/-q-zE7Dz1jGY/AAAAAAAAAAI/AAAAAAAAAAA/AMZuucnAhtPr1yZAnAyEZvinQo4vI-Q61w/photo.jpg,Excellent and easy to use,5,9,1.51,2018-04-06 00:34:00,,
gp:AOqpTOGsNuOgHag1i3gZSs3LueKK4DlfLHkpu65F2Vqw2-OoV78zPAjUQDaK1PLeyFckc19aef83DLYu3wHj3Yk,Alan Gurling,https://play-lh.googleusercontent.com/a-/AOh14GgabKo9nnXlpVcbTuuazLtKRfJYeIpQaaq7uQhnSz4,Do you like taking black and white photos? Then this app is a must have! It nails a good set of black and white emulsions. Very fast to use as well. Highly recommended.,5,48,1.51,2018-04-03 08:29:09,,
gp:AOqpTOG-688Mt_Nb7NUkL5pPWecGiB-904XUpxbVLuNBWUZ_jPT1L4IiPpPhgwz1nVQLkcZWOn_lrdFmo6ggfr8,Azy Ali,https://play-lh.googleusercontent.com/a-/AOh14Gh5lunmKD_I0MwaiwBLrOIfXW5JIXQa8pA_12gowB0,Great for black and white photographs,5,4,1.50,2018-03-23 05:58:21,,
gp:AOqpTOFtZNIpWXbuMUVEpSEFu4uMBROX7a5vrXebXBtYF0avahHl90pgo6gZFroAkY8fXVAZgA6FvkIRBcDqe_8,rafallyss rapla,https://play-lh.googleusercontent.com/a-/AOh14Gixx_cyDHkckR4gWFlSAw1RgS1Rd64shM3ET1dM,The best!!! Yeah!!! Rock on!!!,5,1,1.48,2018-03-11 07:47:42,,
gp:AOqpTOENWt7AvtGD3qd2QnbGU7YuBK3gPOEv89saPDKZYTh6x3x7BXtJDMfoDByeZ08x6Bd1l6FtukBMriWx7_E,Graham Blackshaw,https://play-lh.googleusercontent.com/a-/AOh14GjUxw0PBygagYLnWz2VBRL1hWvlB7xN9lQkoReaMQ,Very creative tool. Only one gripe. Font on filter icons is hard to read. Otherwise it's lots of fun to use.,5,0,1.47,2018-03-02 20:49:55,,
gp:AOqpTOF3FmaEnPsGu-Y5DDlq4xXiYCHo1jfYG7Shf4HhITUBdOxWQzOWmrKHGCbjmw2IAvvlxg-1ZlUKlNdO7W4,A Google user,https://play-lh.googleusercontent.com/EGemoI2NTXmTsBVtJqk8jxF9rh8ApRWfsIMQSt2uE4OcpQqbFu7f7NbTK05lx80nuSijCz7sc3a277R67g,Enjoying using it... is there a way of shifting the filters about so I can group the ones I like at one one of the row?,4,1,1.47,2018-03-02 09:55:54,,
gp:AOqpTOGoDeD0UjbXQF2I0fFqdamHCU7HDLbcFwfHUXUXhoBnJyaaWo_AK_qA67VRdR46BoTJajyxTZEuwmx8j5Q,Fredrik Fagerland,https://play-lh.googleusercontent.com/a-/AOh14Gho68j-66FucoykL5wLtOud8LpXKNg27NfadLurrw,Its amazing,5,0,1.47,2018-03-02 04:35:15,,
gp:AOqpTOGCMGg7my5awHpiKlRAVan32Cg-scXK95Gn4M_oiU9D6fAAcs_xI2gcGcf1lTqnJnB-H2UIfZCDgUtTEzI,blanche nonken,https://play-lh.googleusercontent.com/a-/AOh14GhhkLBLC8cvb3COmZxMJ152vpxl3UbyAfgwQuGQWQ,"If you miss black and white darkrooms, the ability to screw colored filters on your lens... This is darned close.  Now what I'd really like is a way to simulate different ASA rated films, different grades of paper; and I'd pay for an app like that.  But this one is doing a good job of helping me do the 7 day challenge to my own standards.",5,37,1.47,2018-02-13 08:44:23,,
gp:AOqpTOHdEpMAIUbql8-5qk60r5kG6QODE3RtoldAWQHcJ_hOLARSkeTx1kzbcm9pEqfgOcVzEvvQ9hCuWiuUaOA,Jenn W,https://play-lh.googleusercontent.com/a-/AOh14Gj2vnt7omaWnXbdyrD2sMeCKg7RzazPlC_fv4zIRg,Great app!  Thank you so much!!,5,1,1.47,2018-02-11 04:38:13,,
gp:AOqpTOErIIjMqNeY7eVxWN-jA4FPrDCRvJ471s_2qbwWfxQwwnaL2-XhPKfuOyjHuXOvXpyKHsmPaKTt619uWC8,bloodys spammers,https://play-lh.googleusercontent.com/-N8EUi4DjDlM/AAAAAAAAAAI/AAAAAAAAAAA/AMZuuckVhhI1dvYz31NXGrSxuac7wiapPQ/photo.jpg,"💩👎💩👎💩IT IS CALLED *POST-PROCESSING*!!! NOT PRE-PROCESSING, OR CANNOT MANIPULATE OR MODIFY!!!💩👎💩👎💩👎💩👎💩👎💩",1,0,,2018-01-20 13:04:22,,
gp:AOqpTOHJJOu-FQRBrYv2asxokupP-NBDOFRrp16Ab43WFqImN1dfr0Xvgf5jTxjX1HdZJ8DDaUJzZ9rzgliBQHA,-,https://play-lh.googleusercontent.com/a-/AOh14Gi7np6ihurqxcaIicYtmV2xABaAUr1B51ijhoVFbQ,Terrible. No better than standard android camera app. Cannot believe they want money for this.,1,2,1.47,2018-01-20 12:15:19,,
gp:AOqpTOHzENjv_J42sAhYpNex6PgD5Cmc5EKYpYEBMmrRVqDkTiKtOY6ff9YzJ73NLsemcBSROpRMvso1nc9nYxY,SUVRA SARKAR,https://play-lh.googleusercontent.com/a-/AOh14GhynAVw9BWeOjVDLucJviXe3WdWYX_YlesKY4rXmQ,Good app for novice.,4,1,1.47,2018-01-19 15:23:48,,
gp:AOqpTOFLWHEF0rogJ-i4JENB2_ueC_9KH6Ganet6jzk4g73IuVW-X-KHZXR-Yqv1miHlHA40GuZVs0kXbY8Nr8Y,A Google user,https://play-lh.googleusercontent.com/EGemoI2NTXmTsBVtJqk8jxF9rh8ApRWfsIMQSt2uE4OcpQqbFu7f7NbTK05lx80nuSijCz7sc3a277R67g,Love it,5,0,1.47,2018-01-19 08:17:36,,
gp:AOqpTOHaedr6qyE85awyIwEkMf4dtv0NoeIX8utYk9Wl7h87BHVQteMvMQPcOjUMimCBKirOWbaK6dRmA2WxCbo,A Google user,https://play-lh.googleusercontent.com/EGemoI2NTXmTsBVtJqk8jxF9rh8ApRWfsIMQSt2uE4OcpQqbFu7f7NbTK05lx80nuSijCz7sc3a277R67g,Best b/w filters,5,0,,2018-01-19 00:58:46,,
gp:AOqpTOGREVj9s90xM9ybMbivy04__h7tVWATqez4LEFfgfaTI25-DXoWwHEIdK0dwpkQopwK_VBNs3tIPPovq3U,Sayantan Dutta,https://play-lh.googleusercontent.com/a-/AOh14Gi_lNJBk1PY7rD3ZWm-MtdAvo64pU5_6WWjfImttQ,Nice alpp,5,0,,2018-01-19 00:46:39,,
gp:AOqpTOHvhBqcF358RacEod3oL_q2Dn4NrbQca2T-LbC08jGm9nc6ZgwwCBgJVYUnJw_0iOQC3nbLMZWYxW0bmV0,Charles Coats,https://play-lh.googleusercontent.com/a-/AOh14Ghw62AekqWgbP856xV4ZjyVa9A2otQG_XGnBFAMgg,I've tried several B&W camera apps. BlackCam Pro is easy to use and takes high quality photos. I love it.,5,2,1.47,2018-01-16 16:12:39,,
gp:AOqpTOG9NEd2W3NdU8C72t2Tav28tnQu9MvWFtyDipoh8CVg14t4MSZTqHuoWG-zfz7vhNR_bGsBldnvr-g4dak,Bruce Melvin,https://play-lh.googleusercontent.com/-mpAXLrlpwzk/AAAAAAAAAAI/AAAAAAAAAAA/AMZuuckcsP034SRXlToFs0oTVURsHLgZ5w/photo.jpg,"Great app for anyone who likes black and white photos. Easy to use with loads filter options, some photos are so much better in b&w so well worth giving this app a try.",5,1,1.47,2018-01-15 06:17:54,,
gp:AOqpTOH1dOqiAVHSYzUS-c6VOr7H5YUjouz-tnhyuBbAburrFjXzytCMCLnu9bZZGBtlL1ELN1qi4rrgHNCvO7Y,Bryan Pilat,https://play-lh.googleusercontent.com/a-/AOh14Gi74w0n0JCfOCQb2j3ZwKAd01WWlBnY-njEbyBi,So so good! Great options for taking so many different b&w photos. Definitely worth the money!,5,2,1.47,2018-01-04 01:01:23,,
gp:AOqpTOG1zAmvAlYEi1uy6MubjvVJabIx8aN7qwQhiykduep1D2lEwca1jMvjmYeLdIFFSvpQkGxbrhJjtKyYi-I,King Kong,https://play-lh.googleusercontent.com/a-/AOh14GjGjomlR6xjTD7gIFh1JFh7ZCz3q5wy9otPWBVJDg,i hate it because of the watermark when i save picture.,1,0,,2017-12-24 13:54:01,,
gp:AOqpTOHd45w5MMedFrnhCA6QjfugH4kQVzOB7XB9kbw5vfrzAE5XhhHaEZxyWv5sUytXj-nTi-KfHd2fQOjH-tM,Chris Stewart,https://play-lh.googleusercontent.com/a-/AOh14GgGPB1wp6p-rPiWVBBVj-1HAi_SoqzvsJP1ZLXu,"""Problem to save picture file!"" SD, formatted internal.",4,2,1.47,2017-12-21 14:13:09,,
gp:AOqpTOHDpoeXg5cJQ2EL1WmzcZStv-mraSzVecRC9goSdBXPQb_uAvYQznOMixJrULVrNbOqGFa9eLtFUKSqt-M,Arvind Kumar,https://play-lh.googleusercontent.com/a-/AOh14Gi3nDm9pUiscqB71tiHYYep19tWAS0nr0MUaBiKHI8,A worth it app...,4,2,1.47,2017-12-18 07:41:02,,
gp:AOqpTOFskWNOBecl1c9yxxdTlJI0ibQP4_QzuOfuxunF4JVldX2M5i2qs1KKmmR3yAXhUqw_gjQYJXWtJhCZcR0,Adam Zadel,https://play-lh.googleusercontent.com/a-/AOh14Gja596rtkRcSRMGlKsI4GvcBIYRAsDboSZYRbgG,Don't want to download,3,0,,2017-12-16 10:31:09,,
gp:AOqpTOFV51RB6EqSsIFu-Uq7pSDsG22gQmA2tkrvuhTGQiJRT_zp5X0txuPsuYPQTpv2SPxSh0kQzksLnQ2lGPw,Em22,https://play-lh.googleusercontent.com/a-/AOh14Gg2Yd6tupMJxTaUDnau_dDOGXwrW34ymydk17nVeNk,"Love this app, had for a long time, then I changed phones, and bc I got it  during a special, I lost the paid version. I tried emailing them, but there wasn't anything they could do. I just noticed it was back up for free, so I jumped on grabbing it again.",5,40,1.47,2017-12-16 06:12:05,,
gp:AOqpTOFPVtfKp740IO-2Wy6kc09UbshtE8Jjwlonzq22ZOTDbitwAakx5J_VMpsuPjLJsKZXDI25O8y-TaDiplo,Peter Bentley,https://play-lh.googleusercontent.com/a-/AOh14GjyhR6TulB-iwAdVoxEYENbVrF7UhBIUL7f4nACNw,Good app but needs refining. Would like to select multiple photos for deleting or sending. Can't save photos to other folder though it allows you to try. 5 stars if I could.,4,26,1.47,2017-12-16 02:32:09,,
gp:AOqpTOHjLTpK9ThMCMyGnTiya38IXAUKOynW2fxiZ5fdv3PjBfTm97Za6HhBR5WNTFgA4v0hvz0qVsMTLJbkb-A,Linh Nguyen,https://play-lh.googleusercontent.com/a-/AOh14GgE8HE8DBRg97E995VvZoZTZqbw73Hm-7gVIJJ0Jw,Good filters,5,0,1.47,2017-12-15 22:27:22,,
gp:AOqpTOG80tz4dhzKtY9eVZsN1RTPlIUAD044TxWmMrdX8_FotiUFDKHDBuhs8ai_lm5UseGpqdQu42Bb9zfrBRM,Roger Whitley,https://play-lh.googleusercontent.com/a-/AOh14GjlNpeF8UPPLB435Y0lLV6mVFz21l3dwIOBf0Zu7Q,Does what it describes to do,5,0,1.47,2017-12-15 10:17:06,,
gp:AOqpTOFW2WavJwxkB9D2RJUl6EvpSHTdXfQAbYtn7Wa42FBmt0VF9kP6uIEJCZczEg_VrclxCKunLH65uMz0UDU,Kim Adhi,https://play-lh.googleusercontent.com/a-/AOh14GjgEs_cJ0tCU0O-CfrdpOiOXf3dwnD0CJIoCqcz,Awesome,5,0,,2017-12-01 05:31:07,,
gp:AOqpTOG5rEqToBzoSwml_g7G0WDipJzqQvZ8wWTsPxlnt2K6a9P7B0ENiWf1zTsfneMvS0Zp0Ow1L7OFokDqYm8,A Google user,https://play-lh.googleusercontent.com/EGemoI2NTXmTsBVtJqk8jxF9rh8ApRWfsIMQSt2uE4OcpQqbFu7f7NbTK05lx80nuSijCz7sc3a277R67g,Good camera app.,5,10,1.47,2017-11-29 02:29:29,,
gp:AOqpTOH7D4UCTfznAGkgXit95w-eAHV6fXYlxNEXxI0XAZWM5iJSJ9lKGbcLZ2GYHynRhzZwYl-gkwLprFpuPzo,S C,https://play-lh.googleusercontent.com/a-/AOh14GgoGpkaHGS7J-BMfmTp_Ux0APaufrBvUynTUDp4xA,Excellent performance.,5,7,1.47,2017-11-29 01:43:44,,
gp:AOqpTOFefcTlPCQPaEYbQRdeaaOYJoa2E_cD2J00QjraL5WZhx6Nyl6kw_myEDw3QxSkBD68JiuPM4Smo9q1F2E,A Google user,https://play-lh.googleusercontent.com/EGemoI2NTXmTsBVtJqk8jxF9rh8ApRWfsIMQSt2uE4OcpQqbFu7f7NbTK05lx80nuSijCz7sc3a277R67g,Pretty good assortment of filters and controls.,5,1,1.46,2017-11-22 00:17:52,,
gp:AOqpTOGJJuWORFDh6Jbv5Ff6h4TlTPlW8x0vqnbMqaxP7eCLRsIFQKLAwjVAi_c9zTlaKfPMOe9ehBlUG5kO8FQ,Darrell Jepson,https://play-lh.googleusercontent.com/a-/AOh14Gjd1hOnEjWQkFleYltPJZb1ekX19xJSYLoS0snTaQ,"After paying for the app, I clicked on Install. Nothing happened. Said it could not find my Galaxy 7 and the choices were greyed out. Tied to web site, but the message said site was moved aand gave me a link to Google.   0 Stars",1,0,,2017-11-07 12:54:06,,
gp:AOqpTOEq2x_sEIT6sxL6wBMs8s94r4uhgG4ObbejwpFanfw0XDOXyKXRrAonlgRbydtwF7NW5NfSUjCeyIKfHyY,John Simpson,https://play-lh.googleusercontent.com/a-/AOh14GiOD1trHLmmG_LI72F3jPKXYzKyNo-FMkgljhKNwMs,"The current 4.5 average rating feels about right. Main issue is stability: about 50% of the time I'm using it (as I do every day), the session is interrupted by a message, ""Unfortunately BlackCam Pro has stopped."" And then the app goes on as if nothing happened. Weird. All that said, I do like this better than other b&w apps I've tried. Recommended!",4,5,1.46,2017-11-02 18:12:16,,
gp:AOqpTOHCNDWIiiLujcWewS8M3kWQeeluUcC0MyD67E0PSBCB-8lJLKvI_xGKEqht1qtu7zrHQamvSNXe4jrvIJM,Parental Units,https://play-lh.googleusercontent.com/a-/AOh14GhF0gVXSFRP4UTOLZbHFF4S_V8vAND-J2yUcnDA,I really enjoy black & white photos. This app rules!,4,1,1.46,2017-10-24 17:34:18,,
gp:AOqpTOH5MR8bZ2qLCBRM8EyYzcXcv9a3SuM_v-lAdu5YmBv26Iv-hAQhlSHV1ZP9OQ2BGRi6cD4QV10g16PbBFs,Apoorv Pandey,https://play-lh.googleusercontent.com/a-/AOh14GjoB4H5tHelMqV8-lP7mW7YqBo2caCXwjGStJlQcCg,Good app for taking B/W photos. Without editing,4,0,1.46,2017-10-24 13:40:15,,
gp:AOqpTOF0a4PzLgXyBicUHWKdYKuBWK_6dut-1TXI4fhiB6IiV6ol-y4j39VkfplrIHYsCjkcDrW6jOC1GzeTNV4,Rajnish Raj,https://play-lh.googleusercontent.com/a-/AOh14GjCoCw14teCjMYXIh5Qx6X9784hofekxjy09gENGOs,"I am a daily user of this app, i am loving it....and this is the best camera app ever purchased!!!",5,0,,2017-10-14 03:38:52,,
gp:AOqpTOGa-Ecn4iwn4OtB5I1Y5CVOSfi7ypjYAM3GehULJ37LtDu1xIxmB2yW5hrDC9_PHMMw248dreH4v9UOtO8,Gordon Campbell,https://play-lh.googleusercontent.com/a-/AOh14Gh2pDonVjJEy_CFBAPExqcnr2LfcfhO3iJNdIYlKA,"This app is brill, I use it more for editing existing photos than taking them directly with the app. The rang of filters and adjustments available is phenomenal, highly recommended!",5,1,1.46,2017-10-13 01:53:06,,
gp:AOqpTOGG8tIX2eHLB7iWu_sHDpezK3YIlOGUpYl5yWh3hQjXABMklHfXg1wVgMPF0ag81Ywo0iZlRRRjChE6WWE,Chris Lamb,https://play-lh.googleusercontent.com/-u3zaLARWdek/AAAAAAAAAAI/AAAAAAAAAAA/AMZuuclYn7Qhd9NjYoEU7Hsf3qQLK-c02w/photo.jpg,Sluggish and unreliable. Easier to use native cam app and Snapseed to be brutally honest.,2,0,1.46,2017-10-11 13:40:43,,
gp:AOqpTOHpvvCI6ivf23NqB3bSAK-XzdZGwA32XrpS-cWJ-IUkkvBdVFjdq2prNTZcbsoPfJ5PUPnF-Ul7CXZU71o,A Google user,https://play-lh.googleusercontent.com/EGemoI2NTXmTsBVtJqk8jxF9rh8ApRWfsIMQSt2uE4OcpQqbFu7f7NbTK05lx80nuSijCz7sc3a277R67g,"This is a fantastic app for capturing the magic of black and white photos. I love it! The filters are each relevant and different from each other, unlike some apps that have a lot of filters that very similar. The photos I've taken with this have come out so clear and striking, really capturing the essence of this kind of photography. You can even edit them afterwords, as well as being able to edit anything you already have in your gallery. I thought I'd have to download another app to edit black and white, but this does it all in one. You can change filters, contrast, film grain, etc., all after the fact. It can also save a color original, if you so choose. I am very impressed. I tried a few others and compared photo quality, this app was far superior. There is a free version available to try, just missing some of the filters. I tried it first and decided to go pro. Now if only I could solve to constant issue of taking pictures outside in the daylight without being able to see my phone's display! But that's a hardware issue... I do kinda miss the old school cameras with their viewfinders. But this way does get instant results. Anyway, Lol... 5 star app.",5,12,1.46,2017-10-09 15:37:57,,
gp:AOqpTOGneH8SflLLOS0gVqXkvWu1vS94yY-x8i0bPEoxfYtBOHDmxVvX9M_WzoWetRBf82ffi8IRFo6gvFluHJo,ianssight,https://play-lh.googleusercontent.com/a-/AOh14GhNYKaibhxbLqTHYYoZmDqEICFZlbmnB_q4eH_R0g,Good choice of filters. Perfect for those who want see and think in B+W. Just needs a little more work on user interface,5,0,1.46,2017-10-01 07:18:02,,
gp:AOqpTOHP4OlGOC093MgafNWEj3vqFqNgOnVIbelDWkeIZT_7aYFWfPbTZE6On00Zyls5HwVs-uNOI1tjsyoqLVw,william hatch,https://play-lh.googleusercontent.com/-3UiWyUTCoFc/AAAAAAAAAAI/AAAAAAAAAAA/AMZuucnZAmI-rzcQxasZFOavfhJfqhQZyw/photo.jpg,Great app,5,1,1.46,2017-09-30 03:54:56,,
gp:AOqpTOHmRHsf3u4zk4Z5ve2Qk8s4PWa7Udao5jpKiJzblNpwDeo88k4xFfplceo7fH3xaMxFhfatL5Jq628jjm8,Fakhri Ahmad,https://play-lh.googleusercontent.com/a-/AOh14Gj1sTPc98s-f9PEKNebjx0HNHDWm5IDBmrkwoZPMQ,Good interface. Does all you want from the kind of app it is.,5,0,1.46,2017-09-23 02:40:38,,
gp:AOqpTOF0swMm3ain8-sEym3gB1WZHLOa1JDTqHzSdw3urhqKsTW-3HWpk0190iuE8WG1xasK7uXz-phzO3_Ockc,A Google user,https://play-lh.googleusercontent.com/EGemoI2NTXmTsBVtJqk8jxF9rh8ApRWfsIMQSt2uE4OcpQqbFu7f7NbTK05lx80nuSijCz7sc3a277R67g,"Doesn't work. Kept showing this message ""There's a problem with camera, please try to restart your device"".  I have the normal version installed (not this Pro version) and it's working. Why not Pro? Please fix..",1,0,1.46,2017-09-12 06:29:49,,
gp:AOqpTOG6RG4fi8Euh1-udirwt7dph8mujf3EUuRcQNN7pauXZ1VBoXsf5FYTE6TYERsgRC5ZT4O1v9627X47jUA,7stars grow,https://play-lh.googleusercontent.com/a-/AOh14GhxMJrFVfVh97soB-EIt2r13IzZ9iglow5NatbfeQ,Best app,5,0,1.46,2017-09-08 06:51:59,,
gp:AOqpTOGqwUgjv0lVeuZwko79Rv3RMb4izSjiLgz7EnkGjPozv4DgV0xGxdcuJPHq5h1IOH6knEgCi2HAX5MkilE,Farid Shakil,https://play-lh.googleusercontent.com/a-/AOh14Gjt3plgRhdnUPKMax-jirdOrXW8OIfozUwAXtNz-w,Nothing Important.,1,0,1.46,2017-09-08 00:45:59,,
gp:AOqpTOGC89vSOzd8jhXY-__WZAEl--7neYfiUZkD-RNwIqrcPE_oyzCFBFIUtQ-0_y7NPESm8gaEk0hRuRrW0CA,Anton Camroux,https://play-lh.googleusercontent.com/a-/AOh14GiRjJQUAt6MC6odcoW81-WYgaxNRLEPcv5_88St6w,Awesome app .. finally can take b&w photos ..,5,2,1.46,2017-09-07 15:37:55,,
gp:AOqpTOGkX7O3YKwmphe7SgPkNk8sJOuirZ73xeddziT0rfSdozJuwhB2rWayTz11bwYlvnoOqUDkzylOnhBK8I0,Epp's Entertainment,https://play-lh.googleusercontent.com/a-/AOh14GjbudEu62PQMrJHaze4_JiYKZpyxpMiBUss_chqyw,I love this cool app! It works perfectly with my new project.,5,0,1.46,2017-08-13 02:14:30,,
gp:AOqpTOFtqbQaG-P8GUecWb-FunlBYbiKXmDvnzF7FWp4G5Adfre65A8Ys9rRmPFgAK7vO043EymgPBAE31INiXI,Vedang Upadhyay,https://play-lh.googleusercontent.com/a-/AOh14GhR9dW4qDK-C2r_mylUhkk2c9vRZX5y_MAvRBp9fMc,Classic,5,1,1.46,2017-08-05 10:12:03,,
gp:AOqpTOG-QKgBrqdIMH3Q3VaNDsZ7rVuRPiWLkNHyjCmpjvd5fVyUZJ7yxovLOukHNl7E6Wn0RztSuPqaNGvmTUI,GrandMasterOP,https://play-lh.googleusercontent.com/a-/AOh14GiaMfkfGwNcsyXmU5H5HiS0fSi5eokVgSma0idFpQ,Awesome... This is what I was looking for..,5,1,1.46,2017-07-31 04:25:35,,
gp:AOqpTOGuUhKLVEvfy4mZ-JbZKA-iErWZGpbh7eVmRVvTMWTxH3musWYw-uL2MoWyHRB-bfytArGYUq9r9vGforA,Ric Fremn,https://play-lh.googleusercontent.com/a-/AOh14GjZbt4LVJAyJbhfzUzVLzJBMLnM7jiOllydp2enpQ,Great,5,1,1.46,2017-07-31 04:25:18,,
gp:AOqpTOEDGRapb0ASg4sh0-H4zG3ccSLwbMbeM_xrtp_a3WuAWLWvm7Kb8g6bJwNtGAe2Ddw54V2OGAYMYt7U3Ck,A Google user,https://play-lh.googleusercontent.com/EGemoI2NTXmTsBVtJqk8jxF9rh8ApRWfsIMQSt2uE4OcpQqbFu7f7NbTK05lx80nuSijCz7sc3a277R67g,Very good app for black and white photo with great clarity.,5,1,1.46,2017-07-11 07:06:08,,
gp:AOqpTOGHOJAO0fqTP8zcmt4B4PiWT8EgO6_9YbwXmkgFLYm9fTepKgu5CXiYuKz1MO75HaXSGf5mmd6QazS477I,Steve Foster,https://play-lh.googleusercontent.com/a-/AOh14GjMJNCm-wml0yBFQuwovxSxLsb5UWLUcsYWNas6O0M,"A brilliant app, gui makes it easy to use for both taking & editing b&w photos. I rescued a batch of old (50 years) photos and literally breathed new life into them with this app. Recommend.",5,17,1.46,2017-07-08 08:51:27,,
gp:AOqpTOH7y82SLAtl63dFjEKkHILP4FvHiAVpT8xIdcKUEOSKnL6kHKda9bUvsfc8_gyvEBlH6R3EDdElKtOjCbY,Chris,https://play-lh.googleusercontent.com/a-/AOh14GjjAQ_6qpcd-YdlDOkyo1_9e6SZpIQcDucCvHeFDw,My best option to take BW photo : Hypocam and this app. Thx,5,0,,2017-07-07 13:44:49,,
gp:AOqpTOFUbMy4pxhP63qWZvXMiUHahqwOWEe39l76QbrDZToc941K98rw7RbyXjMnEIBFRRPafFn3_nDcySWJiGc,Sandy Wood,https://play-lh.googleusercontent.com/a-/AOh14GhL2kj2ucCEq6IZAMoZifZgmpPCnlpW9RB99T0sJQ,Cool.,4,1,1.46,2017-07-04 04:35:49,,
gp:AOqpTOGUHol_ACwswrRrYyWTu9dV4ikrtrTeoPS0-Ovmyjtzb4DBk_P1I1OB6EdIa1d5wd6dFhoLMdMko5ksADI,Rebecca B,https://play-lh.googleusercontent.com/a-/AOh14Ghy_Cn8HXSjqNJNx1LB1cZXEyL77xnfvXRPJ6yLGw,Beautiful and relevant filters. Love the ability to alter gallery pix with this app. The auto upload to social media is helpful. The personalized photo credit is cool too. Overall A++,5,4,1.46,2017-07-02 21:18:48,,
gp:AOqpTOFT5rcI7oFIUhaVIxeP9GORcpB1Mw05AKYt4TnrbIgCF6Srod200GXwPJHQ1STY9HTJhOvkYVK1LvIj4QU,Bill Kukucska,https://play-lh.googleusercontent.com/-_Mq-rqtdMo4/AAAAAAAAAAI/AAAAAAAAAAA/AMZuucmAhjb83jgwTOC0RXTH-ozmgdPtwQ/photo.jpg,Works good for me.  Lots of choices to get the look I want.,5,0,1.46,2017-07-01 21:17:15,,
gp:AOqpTOETsJEA4IJDTbRAUdwWBie2-ClGw4poUf5yGOQJjxXAcBNqkUrxug3ZlKd0pD8nRq96MCF7l5jd0JM85CU,Krishna VV,https://play-lh.googleusercontent.com/a-/AOh14GiSEiWPacmTUDS5ai4oqn7YT7sDrtY3wpqJnR39uw,Awesome filters loved it,5,0,1.46,2017-06-14 23:37:23,,
gp:AOqpTOGDLn_Tui8V3T1ohz-SNlpgNq7RX3rqf5qjfqJ-urL9WYPgTcH7PMAuU7_Jx5sV_22Ch2-0YXZWHVqVcRg,Charles DeCurtis,https://play-lh.googleusercontent.com/a-/AOh14Ggxte3yIig-6p56Du9wVt8oI-ijoBhitU-uoHVUkw,"So far, so good. Nice design, nice set of presets. Would love to see other presets such as Ansel Adams, etc.",4,0,1.46,2017-06-04 22:44:15,,
gp:AOqpTOH4DTdGAf5M7FRcRk5m0vHhBNyK_8MCswPyQLb4ZheSSh8HeYZFBzMW8ErVrZwsMaG_nK0BmylbjLl99nc,Paul Aningat,https://play-lh.googleusercontent.com/a-/AOh14GhsPvtzpugVHb0tCJ8M-_3vfgxLP_ihACutaKMI,Wow!!,5,0,1.46,2017-06-03 15:43:36,,
gp:AOqpTOG04JT-l-WhQlPfOj98lvQgFKgfM3BH5OZTboQdPvORoaBqMrbvrZ-YsXyuTRTQDajoVcpIritkfruB39c,Aaisha khan,https://play-lh.googleusercontent.com/a-/AOh14GgeHmtqfIm0hIXu28GWtiHbGYWrjrshMxEjuNwbCw,"Just love this cam, idk that there is so many B&W type filters,but I know after installing this it's perfect camera for black and white pictures. I'm suggesting u to install this cam.",5,2,1.46,2017-05-29 04:05:50,,
gp:AOqpTOElyOcVyTjYBaaBCNcDuLlRsRgB2SRMADezlIkXbo4owfBlW9rU27D9CSKERvUB9vG0WEvIIzpeMjjUbHI,Leland Whitlock,https://play-lh.googleusercontent.com/a-/AOh14GhNlESiySJvNXOl-Bg3vLOxan4DrPgLRN0ZHtOT,Great app to take or convert images to black and white.,5,3,1.46,2017-05-26 23:50:53,,
gp:AOqpTOGUWx8neXS8kqP4rH6789nN37bNTuBA9EQuni3B6y_-9YkfMES6HJrKLmErL8nY1ZoILClbw6-zAUwn4Dc,Vivek Pattnaik,https://play-lh.googleusercontent.com/a-/AOh14Gh99LPi1aD68Jn2lsfmy252QeJYvpNz0e9sSqd3IQ,Sweeeet,4,1,1.46,2017-05-26 21:12:32,,
gp:AOqpTOHEe-XUxsf3tGtNS-wdje64n6TvoC4dYI9NrTPf7Xw6O2jR8pw0JLDYoCLKyrBBb7oCcQxCJjGt9nyyj8U,Sharon Widell,https://play-lh.googleusercontent.com/a-/AOh14Gi3TSkIAe23inF0BQlvmLSRC8utfFHFFDe8vux22y8,"I used to love this app. Plenty of black and white filters to choose from and each filter is easy to edit. But once I am done with my photo and I want to save to an album, it doesn't. If I choose to share photo, the file becomes unavailable. All edits are lost. What's going on? I have tried several times to delete the app and re install. Photos will not save.",1,65,1.46,2017-05-21 22:47:08,could you contact me by mail?,2016-11-12 07:10:56
gp:AOqpTOEU5X-S-pFpNZlEvP2zdLKb2m9Q6QeD3Y_rbfCAjVVLX-h5KaESVh8FXxFjIscNwG6nH5MVIBuR05tinbU,Joe Godspine,https://play-lh.googleusercontent.com/a-/AOh14GgV5bJZtQgOZ-uSvi-wue1ArKIiLdvXoxwZdXilbw,"Finally. I found a good app but it kept closes each time I took a picture but this app, is a life saver. As soon as I took just 1 picture and view the quality, I immediately purchase the full app. Great work guys, you are a life saver",5,32,1.46,2017-05-14 03:54:41,,
gp:AOqpTOFEjaCgaIhmvFXf0cRPIpf4x8jgAuXqVfG_2Ck8kxGpSPLmbCv8U0mw_cDw6Vw6WOCfff2PYY9idUanKmM,Ankit Sain,https://play-lh.googleusercontent.com/a-/AOh14Gi0m8Hx2S26XFLHQwByq8xBUQ9PI_CtHJBAtnAitg,One of the best app for black and white photos,5,8,1.46,2017-04-10 10:30:43,,
gp:AOqpTOFzrxi2A_Ubpb0ezmAkmmO-i4xZdCyjSZIA2a623D6SuPPeQDSpBTf5EqCEspKGHyQhzqYVxwJ-lxxd_34,inno yudha,https://play-lh.googleusercontent.com/a-/AOh14GhfDef0vUvB9JRaBl4VemkIPgnFS4YOHBFhgep8WA,"BW photography on your phone, that's great!",5,11,1.46,2017-04-09 16:18:24,,
gp:AOqpTOHTOKwBucX0xAV28umVZQ71v9XgMnJURqcbKoxrZ7bVtcA16_aFf9t2bic9lra79l4apwRUJ0FSPBMOdoI,Abo Joud,https://play-lh.googleusercontent.com/a-/AOh14GhTrieIQ5dtygc9U0_RvHSJLprB_ye2jkiPJ9Kvmg,beowulf app,5,2,1.46,2017-04-09 14:25:09,,
gp:AOqpTOGVdfigxlihAJ9-yXzFnX6VH9BU1V3oSEQuWzpx9c2noNrf318h2o3U3V5mIlxKADsUR4fdDxSyTuS7Qi4,labyrinth 98,https://play-lh.googleusercontent.com/a-/AOh14Gjc_nLBLUp00PohAsae4xWOtyE1pxRt12zXngW_7g,توكل بالله,1,2,1.46,2017-04-09 10:33:36,,
gp:AOqpTOEgVoPZSABtdv1N9qruFFsHctPcM7s4SG-GAXvR9jyRn47uuren1m2f6pXhpvNDOfLgVc_89g1HUaxta2g,Richard Janda,https://play-lh.googleusercontent.com/a-/AOh14GgsHTN_53t_xiKVUmzunJC6Ux9OvQBkDL5D9qwqQk8,Chybí poměr stran 4:3 a 16:9,2,7,1.46,2017-04-08 12:22:00,,
gp:AOqpTOEcJFA8x0fEEhHYww0srxzYotRXt47PHqbu1u4OPY0hFsrXIlTTca-31nFUmjAuxlJ4kuLU72qh28lB8F0,Joenette Tumala,https://play-lh.googleusercontent.com/-SMO0rEeLtlg/AAAAAAAAAAI/AAAAAAAAAAA/AMZuucmG2kg3-iIisCgi7gIunUvKD2-fwA/photo.jpg,It's so cute. I love black and white filters. 😍,5,0,,2017-04-08 03:43:22,,
gp:AOqpTOGPVj5DJqvTwoaIJzjLxIivNh535AV9XqjWZo5iWUF5fn0rwRpR_T4nLhDRy1CFhnSrNZOtBWaPcqk_2vw,Rusty Martinez,https://play-lh.googleusercontent.com/a-/AOh14GgO9I4ElqQv5FbUz7V0TFiyw2CZb4UNh-9AnJMd4Q,Trying it out,5,3,1.46,2017-04-08 01:50:10,,
gp:AOqpTOHoilmh8yv1zHWiWbI0ub8SU3P5ZtwMAzl-jAqzteXa7CEaO75n0PhQ3e__BuUTELU6uvljcnv_PQfKMOc,Thái Khang Nguyễn,https://play-lh.googleusercontent.com/a-/AOh14Ghs99ZI1RfXpkrs7fCm2kXhr6ikjqbdMuJntBNTpA,Good app,5,1,1.46,2017-04-08 00:58:50,,
gp:AOqpTOGdtlk02rMvekbMtw_o2gIevdDRZYX363I-tNSvUdsxxQpJzKxTODWYlYML6E6XZxnkVkzecSe4LBVKYH4,Ghising Bro.,https://play-lh.googleusercontent.com/a-/AOh14GiR3fGdJKBP6WkAvsoTov1LzUSh5NmLINNUEelHRg,Good,4,3,1.46,2017-03-03 17:24:17,,
gp:AOqpTOGPVt7HByHHHosSn9a2MuoKIFMuz8o420-C5h9u2PkzW15u1vG5nivAyUnoBGxH1bX9CcaTIBbLdYrvR_Y,Jim Stoll,https://play-lh.googleusercontent.com/-c4XpqbzCZJY/AAAAAAAAAAI/AAAAAAAAAAA/AMZuuckzjds8M1Atf9NjOKghBtgMeiTILg/photo.jpg,I originally tried the free version and became really interested in b&w photos. This is the best app I've found for my purposes.,5,1,1.39,2017-03-03 06:29:18,,
gp:AOqpTOE2NE9lSb8p-Z1qf52zSPW4LSdfeT32gVbd6YjOzwTMLRu_Us6KBImxBX0aUEK4zM5U6C9FxWG5jtd3X2U,David Gabriel,https://play-lh.googleusercontent.com/a-/AOh14GhMIWVeWfYibLgKp0JrGp0Fp8eAotwZDdSGmPpQxqE,"Serious attitude towards photography - I mean photography; not that sticker-intensive, juvenile themed, extreme filtered selfie-crazies!!!",5,4,1.39,2017-02-18 02:53:03,,
gp:AOqpTOFU2jnEQNE2w5JQfjWEJKoCpGC6k6sVTn03e9f-ZeIynYg90aGmWSMJlb81Rh0S46i1o59gW_Krk-AI83I,Reginald Gillard,https://play-lh.googleusercontent.com/-3kLlXNpRH84/AAAAAAAAAAI/AAAAAAAAAAA/AMZuucl60bNXIvzZvpbPkg2T88mpnKIvcg/photo.jpg,Great black and white camera!,5,0,1.39,2017-02-17 14:23:13,,
gp:AOqpTOE6-nKuSwNglcUiyNSkBgvh-0aMmbM0IbZojCAUBxgnVYweeBWh9xVQ9ga48YCZgpBKZXcppW-o6Cm4cvc,Simon Ings,https://play-lh.googleusercontent.com/a-/AOh14GhGd_DncBa4vgse9QHFip33I0EiHkIuzttF17CiP10,This is really good. Closest thing to Obscura on android. Interface could be tidier but it works very nicely.,4,4,1.39,2016-12-29 04:03:58,,
gp:AOqpTOH42Lheqv2k7UqH29Zxr-y_Kj_Qwd2q7BJ8FNpAYuCLw-p5IGPfv4kQPMiTYW9GH6bDS1WvML3vmg1niVc,A Google user,https://play-lh.googleusercontent.com/EGemoI2NTXmTsBVtJqk8jxF9rh8ApRWfsIMQSt2uE4OcpQqbFu7f7NbTK05lx80nuSijCz7sc3a277R67g,By far the best camera app for black and white shots that I tried (they're not possible on an Xperia XZ) and I tried a lot!,5,2,1.39,2016-11-23 08:17:23,,
gp:AOqpTOFck19C4rRh_oeHhV43mw8vnc8l65DN2KXYKCdeYN3K2YnR0W-CpdwyyGhhliR4kzTyip62UUKvDMSZ8iU,Denis Charpilloz,https://play-lh.googleusercontent.com/-DsYAVsRdqb8/AAAAAAAAAAI/AAAAAAAAAAA/AMZuucnFolGbVnf5sNz-pY4sU95uAxSObw/photo.jpg,Nice to be able to shoot in B&W. Like in the old days. It has its charm.,5,2,1.39,2016-11-09 02:50:10,,
gp:AOqpTOFJ67942iEQQTVgGQm4vuFxaq9DJWHKI6VZfYBiC7Wt8HD7gChApldf8xBq9Lxx-haXljS4oQ7LNeyUgko,A Google user,https://play-lh.googleusercontent.com/EGemoI2NTXmTsBVtJqk8jxF9rh8ApRWfsIMQSt2uE4OcpQqbFu7f7NbTK05lx80nuSijCz7sc3a277R67g,Good almost very good!,5,3,1.39,2016-10-13 05:11:02,,
gp:AOqpTOFG8Y_h42b2y2xWJeE6TJzMQynJGTZ5BvatUyZrfBiNwBF-RFwkTqMl22iv8Ftxj5OuHRs40zGgJXhrowo,Fung Chi Fai,https://play-lh.googleusercontent.com/a-/AOh14GivsG83vAcxXBi4pC_FFnJmeg-86cKlBGS6ZQTfCfY,the output is good and precise,4,1,1.39,2016-10-11 00:51:55,,
gp:AOqpTOHV7PkYKfK-Hx-wL7HivfOSLnGVbyIUNlV0QaKvMFaOxMRNPB6F0I8psy-g4j335xwlgmO2t2I6icNW7XA,Catalin Garmacea,https://play-lh.googleusercontent.com/a-/AOh14GiBQQ3D4vSIOtsagyI4IYxfiFVOo0ttvYtldnFARQ,"Love it!  The star is the NOIR effect.  Thank You! A little speed will help allot...  Anyway, great ideea.",5,4,1.39,2016-10-02 22:50:54,,
gp:AOqpTOHxblK-GeUweUgJsTEW83IF6AGiqXZT6t-UB8eWJAFFMniue-kAh21mU6KED3500mVtmRqPeQ18DzbeayY,Gaurav Bhatnagar,https://play-lh.googleusercontent.com/a-/AOh14GiuAlfC4yv_0GMtgnR0xDD8bRAJK47sRjsp-EWNL30,Changing my review to 5 stars. Last few updates have given nice performance updates. Feels much faster than before. Good work.,5,8,1.39,2016-09-22 20:11:02,Please could you contact me,2015-02-07 05:43:26
gp:AOqpTOFrBwkWDdCOH410hUnBeYojGTtVOHCtGdqOk777nUfs4ol0mKVZRmVnJ3WRq8P2__aj4JBaMXPqbKumFfM,Jimmy Pailin,https://play-lh.googleusercontent.com/a-/AOh14Gh1bLMUZZ6Oyrp2r7dbuLMOSACNkUKHFNeKUvfV,...is the very first thing I see when I open the app are ads? Keep your camera and deceit.,1,1,1.36,2016-08-28 09:12:47,,
gp:AOqpTOFuHscnBPdxfcrhDrFKo5rLEsaUQSweYGqYzFp_t7NBd-mM9XHqKjem6CBcG3hnXqOokt6yzJfnimr0DfI,mary jane kinzer,https://play-lh.googleusercontent.com/a-/AOh14GhqXIpMj_qmxEqV0-Du6GQOjMdU-KVNeYDl8mip,"Upgraded to paid version and still won't work.  Refund, please.",2,6,1.36,2016-08-11 12:52:05,,
gp:AOqpTOHDa-QM5jPDOP5BybeZsxlhmd-ZgnQIvfbTgwSoFV-Sl4-DN4QFd1wLP_MBmN3d3BwjQPsE2Bxq9KkdUz4,Bill Berthin,https://play-lh.googleusercontent.com/-VsTAPtdPspo/AAAAAAAAAAI/AAAAAAAAAAA/AMZuuckO7BQSE9bmiC4daDyiUHmWbqDo9A/photo.jpg,Works very well. You can really get that retro look with it. Good for erotic photography.,4,0,1.36,2016-08-05 07:38:51,,
gp:AOqpTOFOIIJYi8icSsDeH8by2Oha9H7s-Js_JrptiHGfsHrqkbfXVhQsVX-IrAn4aWnhBdUl2Eqv6J9G6PFIjqE,Jean-François Carrasco,https://play-lh.googleusercontent.com/a-/AOh14GhXBmS0nOef6AsnB_ihk9X0b4xOjhF59_Qu1MEM,"And, again, great!",5,3,1.36,2016-07-24 09:20:47,,
gp:AOqpTOF1bJBoee9pQ4o2Hieomh7ZupiXJmkeIOelATKuSWQWc78jt7g0BgARzgj9PDJfEO8Izj3ifyopCrwGyjI,Jim Knight,https://play-lh.googleusercontent.com/-atmpCxDGf4g/AAAAAAAAAAI/AAAAAAAAAAA/AMZuucnOTikZQUDKLCqMJKhRvSunJow0eg/photo.jpg,Great b&w photos,5,0,1.36,2016-07-15 12:53:21,,
gp:AOqpTOHs27G81mWv3c5E4Rg_WhJIylQf6eo9YllJKnnvME8N4a7A8Kzr8HvaSERfi7jI6XRIqGVpqiDHg0trTO0,J Mantz Rhodes,https://play-lh.googleusercontent.com/-OSLeA4vt_T8/AAAAAAAAAAI/AAAAAAAAAAA/AMZuuckiByyfxqsyqqU2v_cZyN2IQ2a5Tw/photo.jpg,Nice,5,1,,2016-07-13 13:23:40,,
gp:AOqpTOGAdQkA6AOwcb2i_75Ei-DtmVzc8Zi4ejXUaYF0Anpm1dkcvQVai-0_8pqQJUZwaWzfC3IUHbLHO05FQr0,Arnaud Greiner,https://play-lh.googleusercontent.com/a-/AOh14GjiQwbDa9R-obCxZsv5PCOpiOrOPT2-ewHtb2GhxSM,Great,5,5,1.34,2016-05-10 13:46:30,,
gp:AOqpTOGfhLPG2niKOM1PcLCU3JxrL9KkUrOFR43qyB6jlrLqIgp5uvzV5KrklVX-TB8P6FEJSZZImbJHe-65pbA,Virunkiat thekaew,https://play-lh.googleusercontent.com/a-/AOh14GhV8TGECoXMfQuLKB0EmYtxjLGHC8GFUujWfsmYSw,Easy for everyone who wanna try world of black&white,5,2,1.34,2016-05-10 08:42:08,,
gp:AOqpTOHiyQzitJremhZJa8594C4Z2k0Mn3bN-j6MBQ9NEu4vRvJu_OYuTLpinakL0zAMhb2EnS3Y_y_LLy3S90Q,Robert Knight,https://play-lh.googleusercontent.com/-20c2-TsMvng/AAAAAAAAAAI/AAAAAAAAAAA/AMZuuclbGJV9NWcjwj3GecF7BWUMgstMMw/photo.jpg,Awesome,5,2,1.32,2016-03-29 16:50:43,,
gp:AOqpTOHWm4dja6IwOl9eiXP72PkhatnerzkzvdtCXalQQQVmFnMbfsd0ykhQ1YdZOFJHk4cXO8bEHMAzgZtuOZ4,Yuwei Li,https://play-lh.googleusercontent.com/a-/AOh14GgAyrt3AZEVCJFpSogTqrGsuF5fJIaPlyLefNrQ1Q,Too slow,3,0,1.31,2016-03-26 07:26:01,,
gp:AOqpTOH_WOx_FdZWCnuqNnhKxmMgTWs8yl18CMcG4_ZKhR54tFYBLh_7rziwoGSnIn4_7h48xL-lzUXYc70c_eY,Jimmy James,https://play-lh.googleusercontent.com/-FFREgaa9ibc/AAAAAAAAAAI/AAAAAAAAAAA/AMZuucl8IS_jqzaOYNnSHd7Szc0iCgRroA/photo.jpg,"Brilliant filter selection , and it saves ones original photo",5,0,1.31,2016-03-20 13:53:40,,
gp:AOqpTOGvjWkqP6fE5KaQPHST9K0875V9c8BrehgA-oPyVS9HzMBdh9NyypbMQtYFacxkZP_aVl_FkCjRgl-wURM,Seven Sixes,https://play-lh.googleusercontent.com/a-/AOh14GjYxFiK4oCBNswW1RPmX_0Qgvw7WM4vLrV1qnCc4g,Works really well. Great selection of filters and you get to see them BEFORE you take the photo. Well worth buying :),5,1,1.31,2016-03-13 04:32:31,,
gp:AOqpTOH90mKbWA5j9Q8ZvyeRE4jFO10lN17OSluffeptuqO9GxSFnWtJu5ixQ8f1i3aQj_Tf2akiGq5X1mj_6OA,Ingrid Linde,https://play-lh.googleusercontent.com/-8VSJQQkOlNA/AAAAAAAAAAI/AAAAAAAAAAA/AMZuuck75tr0wWOIHdfRva6KaYnGAYZTAA/photo.jpg,I love love the tones,5,0,1.31,2016-03-09 07:27:34,,
gp:AOqpTOH65rZ8Dmk7Buir8SUuT8fLuvglS5ybwOfkJnZT__B41D3NwFY3KYag1fzwU9uSEt-qHEAONMzjrdPEWmY,Martin mixed media,https://play-lh.googleusercontent.com/-q_FytnBx6FA/AAAAAAAAAAI/AAAAAAAAAAA/AMZuuclihBsbEYf6z20UuSqf1ruaKlyH5Q/photo.jpg,Great app,4,0,1.31,2016-03-06 13:19:33,,
gp:AOqpTOGNCwGdUSFcctMpNcEVNiLNwUTyUCJQmfrzRD6xjg6eU50ZEBzvq49XeqCL9b_gJp7AKi9uElHxbrMZ14Q,steve neil,https://play-lh.googleusercontent.com/a-/AOh14GgcU2rX5Zvtm-qarL6rC1-2kGsO3vLcBpHOdViJUw,Love taking black and white photos and this app is quick and easy to use with some great results.,5,0,1.29,2016-02-06 13:29:10,,
gp:AOqpTOFyQFrCGp3cXuvLOkExx6kinCj4lIxF8qnbxjztxzXl58igBt1FLJYyODPPdcxEvIbP_L8W5ubKMT42Vr0,Jeff Mantz Rhodes,https://play-lh.googleusercontent.com/a-/AOh14GiZ4LDK0B1D0d0Jo4hfVrnKuExJ9J6O3jcHQbDUsUI,Beautiful,5,1,1.29,2016-01-20 13:39:36,,
gp:AOqpTOEFpkytKN5KeDFT-ebYCOdZny1L5kC5ctNfmsWIYoJ3W-lH13CACec3BbXkLXrkjs_vvJScAgtpIiwTsAM,Rick Hutchinson,https://play-lh.googleusercontent.com/a-/AOh14GgqFIXLGicMWhUYwJLq7IReSXVoqKohqckZuFIb,"Paid for the Pro version and not all of the features work. Uninstalled and reinstalled, same issue Oh,I think I found the problem, when the app was at the full price of $1.73 you got the full version but at the sale (?) price of just $.99 you get a few features disabled? Uninstalled. Keep the 99 cents.",3,0,1.29,2016-01-05 18:45:59,Please contact me by mail? which issues do you have?,2016-01-04 06:06:05
gp:AOqpTOEiBmx7tNxEKH7wcHr-glnwd1le-Y9IlpKkzU_LcH5W-FjwREJDpnkd831mGyyi4ZeDzFneI_jtLwSpNy8,Blaine Dylan,https://play-lh.googleusercontent.com/a-/AOh14Ggmuy5OALNajSxQu6aaBzIWtYQDKxT6q88chOf3TA,"I love photo editing apps. This one is a little different, as it enables the user to edit filters prior to taking the photo. A must have for the artistic cell phone photographer.",5,0,1.29,2016-01-04 19:39:02,,
gp:AOqpTOHiXlh52nXFmFPUX0neSlRLt91ssW1LqHeSbBZeEsIkA-WPdCyaT0wbiriO7EdQXPyMS9x_oaNm3jgOkNc,David Cole,https://play-lh.googleusercontent.com/-c35-NsnvpDA/AAAAAAAAAAI/AAAAAAAAAAA/AMZuucmpMsdhHCaqEXbqgzyBhC2n_Dzc8w/photo.jpg,Good app.,5,1,1.28,2015-12-10 07:02:59,,
gp:AOqpTOHQXZ3xUEjMBbpfUlpXgG2yzM1osEUEvdBSAqM7saueEgLnx7_eRnsCkNPKRh60uUk8ceYPAzXTO7ICyRE,A Google user,https://play-lh.googleusercontent.com/EGemoI2NTXmTsBVtJqk8jxF9rh8ApRWfsIMQSt2uE4OcpQqbFu7f7NbTK05lx80nuSijCz7sc3a277R67g,"This is a well thought out app, one of the only ones I've seen that allows you to view the image in black and white before you take a black and white picture. Usually you have to expose in color, and then convert. With this app, you view in black and white, but can also save the original color image giving you a fallback if you need it. There is no way that it deserves the one that the guy gave it because of the menu layout. I wish it had more dimensional format options, especially 6:9.",5,0,1.25,2015-11-13 17:52:28,,
gp:AOqpTOGWMgyI2jQUbMGaDaDCHhwh0pV-xBTsgO4dgORxVhMo9qxGtuslO-Q4qePJHzEjD6qTDTMEi1JL3LYVLJE,George573,https://play-lh.googleusercontent.com/a-/AOh14Gi-31KMOVWr7pP__vOhkyaX_b48FlHqiCYbYyygTA,Great app,4,0,1.25,2015-11-01 17:51:02,,
gp:AOqpTOGO_ipHpN6wJRj39DYRGxLQrQHa4DrdD8nbxAkBVbiKvamqr7yv8zWFnuaJxPPd67fWq_3vPsOyzaghbQY,Paulo Furtado,https://play-lh.googleusercontent.com/a-/AOh14GjkAWEcMIQmjOrxE3y_vOZG3j2S6eJ2R4r_xKFqyA,"There's still space to improve, as long as you don't complicate it too much. Keep it simple to use.",5,1,1.25,2015-10-25 05:37:55,,
gp:AOqpTOGiK1dKoYE0XarS5FFqiJTDzgJ9B6Ev8jfuine1RnTsTDuGLRpQwp7Oc6yNIWpjPUQEncZiZUXimL5PAvY,Dave Adam,https://play-lh.googleusercontent.com/a-/AOh14GjA_8jniHOEgCULB6tH9Slt0QZKgsVZwINQ6TfSSw,The ability to see your shot in b+w as you compose is key here as opposed to converting afterwards.,5,0,1.25,2015-10-19 01:47:39,,
gp:AOqpTOF5ECNomDi3OF1G5acw8wCN8E5asTuB44NItLBKeB70LKqyFVXPMcXIW0WO1m7wMzgd6nsHIZB5JGviTds,William Rewalt,https://play-lh.googleusercontent.com/a-/AOh14GjNCID07NpMjBXTfpu5gN00p2kb8Wyy4Yw6yJRwqw,Love it.,5,0,1.24,2015-10-04 11:37:25,,
gp:AOqpTOFJ2ecbSvM54BKbr1ZT9sM-3s2uQig_tt-n7nBHtzpNduBvsruzfTAVg7xpjjdUBZ9MRmyFhjI_Bhrb7a4,Pablo B.,https://play-lh.googleusercontent.com/a-/AOh14GjB-0xjdGYQ9oU4zpKRP_NtPVNK400LLZmel4LtWA,"Great color filters,good editing options",5,0,1.21,2015-09-06 14:17:55,,
gp:AOqpTOH3mtlByf2GcN_EEdI4nhEQBLKrPvf8UPpwECkAX9oA29WJn4dG3-1tG1WprwHTBad5cLzFiifO0WVUlhc,dwight zavitz,https://play-lh.googleusercontent.com/a-/AOh14GiRazYhsA4Yzlxu1j_pJ-uvbhsYZPFCUseoAnckwg,Awesome! Better than photoshop elements 13!!!,5,0,1.21,2015-08-17 13:48:40,,
gp:AOqpTOHSBaVe0Dk14WIyF9zJFOdpUTgO_kXAwYGFTCFZ0p7DYfsBg4IPpepYhGRgxoJv40WrSwc45zIXTZcLAzg,Tony Carlisle,https://play-lh.googleusercontent.com/a-/AOh14GjEQevpB5MsPEEBjcRg_-u0wPWxV1yq6Fh97cms5w,Does exactly what you would expect. I love bw photos. This app is perfect.,5,0,1.21,2015-08-15 14:53:38,,
gp:AOqpTOHo66UuEC-ariTkyuNvXWY7LhEWCsXap3ng-uUxc9lQbJXTuGYZOjmQm4bU8RV8j2PrAFfNGbFc2rJ3QAM,Alan Hinton,https://play-lh.googleusercontent.com/-pkr4REtqswU/AAAAAAAAAAI/AAAAAAAAAAA/AMZuuckL9vVYgBJn3En50rnCzB2OBOU4Ow/photo.jpg,Great app. can't believe how quick it is. touch response almost instant,5,0,1.21,2015-08-02 07:00:21,,
gp:AOqpTOHOFmn1W89Q0KdtfpyG_Uljv9N2vqjwTAqF1r9EvFVogFrBXmISRl3C-sHewZ9WDTFpblaBxYNaWaWSp8U,Randy Reames,https://play-lh.googleusercontent.com/a-/AOh14GjRCumnjLAhtJL0BvfPWQWzd5w8CII4NuJKvwls3Q,Great app,5,1,1.21,2015-07-28 19:16:43,,
gp:AOqpTOE0J_hFFWrTGozyAWLM4YCwuFtth7mEOhbYs9VoVLOlq5oWHNoLuWy9BHWW2L7Ts2GTmpRcj6IeR5dc7Pw,Robert Panganiban,https://play-lh.googleusercontent.com/-boAzh8ZvEkQ/AAAAAAAAAAI/AAAAAAAAAAA/AMZuucnSDrL1xktWHszLRn8CJVklsmqAkg/photo.jpg,I love the app! I just found the option to change the aspect ratio.,5,0,1.20,2015-06-21 00:18:13,,
gp:AOqpTOEZZYzIkGF2J5I9snHsxzJxAgonAC-3VJDz5AWh7aCsyq_jlDwmoIT8AA3kI0YDdwlEKpj9L6PKwzOL97c,Bernard Olij,https://play-lh.googleusercontent.com/a-/AOh14Gg0yKDrqgkYuL20eWQLueqpBBMpV8XGkbRf1tvKdg,"Wonderful,just looking for this",5,0,1.15,2015-04-17 00:03:41,,
gp:AOqpTOHiuqb31GEYXfgfNmbJas0RsXrLe12ApJFcYhHDRtZydI3E_5G9ePrcxNa-VLqB9YPjaMb7F-5FkG9oXRU,Dominic Desroches,https://play-lh.googleusercontent.com/a-/AOh14Gg9hq5ltGbbDPgqHHQssYiUPRVmr4v56tu_nsGpOg,Fantastic!!!,5,0,1.15,2015-04-11 06:58:31,,
gp:AOqpTOFQgQTtz7oyZ8YkR3vb47-O_rNSMSRXhSPqZ41ZZ3FiAizoYfRz68a0a89izElVkMEzCGN4sgRssR13_lU,Duncan Howarth,https://play-lh.googleusercontent.com/a-/AOh14Gg2aPn_tn9nUu3tARPi4kyEfjD_aHR53CVbTB_1Tw,"Various shades,great.",5,1,1.12,2015-01-23 10:45:56,,
gp:AOqpTOE0-9ZmhovCxod8l-hZL3fi2DWmTDQaQ5rfkjvdjaev5PknewR3FuisCbyMVdbRc8yJiTOb2xL3cmycA5Q,Toni Czec,https://play-lh.googleusercontent.com/a-/AOh14Gghw5IVEmLjhvPRrKrrFB9gKfjgtX7iwZjHgqawGg,Had free one and decided to pay for pro - great app,5,0,1.09,2014-11-29 12:15:21,,
gp:AOqpTOGBBWDB06JmzyL9y4FBH7B2aM44H1vRtIVaXRx98wZ6lYouXSQWnfIkBus9KCKg-sv3eCejupYfqhq3X8E,Adrian Wake,https://play-lh.googleusercontent.com/a-/AOh14GiqgcI2eQxs2HIEJwaQYlJ_-yY26SldEygnO69Y,Great app but it would be nice if you could change the screen ratio and get full screen display,4,0,1.08,2014-11-11 11:10:48,,
gp:AOqpTOG5IrLcH2dc6dqRR-K5oP31zWAPPYMD1YwdE8nHETW7D8ykpSaLsE7oUe3ifhcM_b2o8yZ0OK0yg0Ie1Uw,Евгений Крутых,https://play-lh.googleusercontent.com/a-/AOh14GiepYvZjXIEd1zDQcdkuksjVqzzBnUjPN-0p8PTDMA,Great photo quality on the highest settings.,5,0,1.05,2014-10-18 23:11:33,,
gp:AOqpTOEcSL9AexZSXooBeOSrvdrELRIykuszPkOZ_UjLYAiNtxi-neC9Y1Ev8BB1gYXnQ3D9k8JzBQTtlgC-LQA,David Williams,https://play-lh.googleusercontent.com/a-/AOh14Gj2lXVzn3JW8gSAlAKwVpl_oZuRbSr7bgHRGJp4,Great stuff and easy to use.,5,1,1.0,2014-10-10 06:38:04,,
