reviewId,userName,userImage,content,score,thumbsUpCount,reviewCreatedVersion,at,replyContent,repliedAt
gp:AOqpTOFr7oOlwPolWDGV6Z5_sNLKeBdceyUFr1VUFEda8CZHTGEc3CqjJn2y5Ddlfy9SdA7D6o1qa3dt09cU,Maryland's Missing and the Murdered,https://play-lh.googleusercontent.com/a-/AOh14GhTyUdL3u4jxxA48BJvP5PhAxLwtH8cQMStJ1PFKg,Fun Game,5,0,1.1,2020-12-31 12:29:34,,
gp:AOqpTOE4rMigtndbUst0Q41eCsWjEZCftpH55HJSU-z4ACZK-UD1Dd3euijZhYCKFl_kSMGjlz2lw17z2LyH,Charlotte Walters,https://play-lh.googleusercontent.com/-sQI_adWjuLQ/AAAAAAAAAAI/AAAAAAAAAAA/AMZuuckTnRiBvLVIR662OnBCCh32bK3U-g/photo.jpg,Pink and white hair will be fine,5,12,1.1,2019-10-16 10:49:17,,
gp:AOqpTOHfESb0ojAoT07pcp1l_4AKv87CUKFXsFB5a6Z-alCkfkQP0l5nuW4j1cKQGBd2kqRMYxi9XiiVmc49,Michelle Bray,https://play-lh.googleusercontent.com/a-/AOh14GhWTWTmyXEVGw3EHZPDwBC9GcYmx37UGOJOf7pG7fA,Fun Game!,5,11,1.1,2019-09-02 13:39:43,Thank you for your support!!🤗,2019-09-13 05:18:44
gp:AOqpTOGEvk-rQzD_FWtyNO2qO893TYXOlu-3Tkj2mtD8UxKqXHbQpXkxWtbBG05dJjFXm391E-E08UUxg9vS,Jarno Mäkinen,https://play-lh.googleusercontent.com/a-/AOh14GjQeIjEwvwvvfB3Hzq72WgodRFChbQBpeGTnBZxjA8,Disappointing. You can't drag the cloud which is the natural way of playing such games. My kid tried over and over again to drag it but it's not designed that way. Instead you need to press somewhere on the screen and the cloud moves to that direction. Also there should be on option to disable lightnings. It was too scary for my child to see a building on fire with someone inside. Get these little things fixed and this'll be a great educational game.,2,19,1.0,2018-12-17 00:11:14,"Thanks for the feedback, it helps us a lot. We will try to improve the cloud movement in a future update.",2019-01-07 01:49:09
