reviewId,userName,userImage,content,score,thumbsUpCount,reviewCreatedVersion,at,replyContent,repliedAt
gp:AOqpTOGvtlu2R13NDDBbQeUPOweV23zb0Eqfm7xHxrsUKTeZkp_aT-tszF8Z1TDQipZZBCGx2cwwm4waygl3_Y0,tem tem,https://play-lh.googleusercontent.com/a-/AOh14Gh6Zeonhg3yyQ6N-cFB1ZZBryzbM_XAduB96L5Y,Must have,5,0,2.0,2021-02-06 21:19:01,,
gp:AOqpTOFUVG554I5Bv5N7r_PIvoQDnQWVHkeiwprgwYMSg467w6nLtphFZxS-flmMx4G1pfSGeYN9oRtJ6usoaUE,Seth Lambert,https://play-lh.googleusercontent.com/-ZO1NB8H6tc8/AAAAAAAAAAI/AAAAAAAAAuo/AMZuucndAAPHt-0mfdEPVgueNLjqeoqMQQ/photo.jpg,This used to be a handy app but it has stopped working on the current Android systems and now it won't even open. Don't purchase for current Android systems!!! Please either fix it or refund everyone their money.,1,6,2.0,2020-08-01 07:01:39,,
gp:AOqpTOGFe1Q71HB-EwEeh5xMD9rZVRIm-qaacI0M9AESXpCuq9GTn7dSMaLz7frPRo0bYZ-bmPXbwqkp4YKebk8,Ian batman,https://play-lh.googleusercontent.com/-79FFBYoBurE/AAAAAAAAAAI/AAAAAAAAAAA/AMZuucm-0e2MMjQ8i77L6vHh73VKicSoYg/photo.jpg,"Worked fine for a while, now every time I open the app it tells me it's out of date and to check for updates.",1,10,2.0,2020-03-03 18:00:13,,
gp:AOqpTOFg5rPyEpyYD9NtsPLiaWNyXaYaQ8zbYCGvaxujzURup9Zkej3O8rzd9wOhJvvdVDVz5lLgdVoF96inR0A,James Hagist,https://play-lh.googleusercontent.com/-XZTFkSb_2qk/AAAAAAAAAAI/AAAAAAAAAAA/AMZuucn-H8ZFoh2I3N6aWxlIuclQ56m0QQ/photo.jpg,Has all major knots and is Handy out on the water,5,3,2.0,2019-12-15 08:21:02,,
gp:AOqpTOE1497T3z9I8eo0pGaunnn7WBBmWVaCunmZwAXqRpkAjhO0pphlKK_HXUVK4TzoTbQz6aZ0xmIRVuCLMlg,Joe Roderick,https://play-lh.googleusercontent.com/-PuMfg4HF87U/AAAAAAAAAAI/AAAAAAAAAAA/AMZuucnoP9PeYhE74KhPKKjoB3vr72bkDw/photo.jpg,Great app!!!,5,0,2.0,2019-07-14 11:57:03,,
gp:AOqpTOGMoX6iHZEov_uqT6npC2h3TYnTYHWp4A7RRi3VOi0OCMF9NTTwqRrYqPate-Mhb18B9CN04xQVSHoM5Qw,Russell G Parks Jr.,https://play-lh.googleusercontent.com/a-/AOh14Gi4eza8_DnR9l0SFIRz4gP31hqGHQcxuE2QhTMkTQ,the App Works Good.,5,1,2.0,2019-05-24 10:16:58,,
gp:AOqpTOHStdS-NoWkURnbBUeKBpxzazHN8hFtFRhIQV5U0TmU0XygWIK_AXhTJNcV9Fmcf7UkCJhpQMdN08Ez4YY,A Google user,https://play-lh.googleusercontent.com/EGemoI2NTXmTsBVtJqk8jxF9rh8ApRWfsIMQSt2uE4OcpQqbFu7f7NbTK05lx80nuSijCz7sc3a277R67g,Good app except... it stopped working and doesn't download the videos for the knots,3,8,2.0,2019-03-30 08:43:39,,
gp:AOqpTOFLviEspM_C-AuzLQDz19cDJQo5t0i2Sq-W5_YuMvbme8J_rLPIztdFEo2950-N4jNkd1ARDpxLhIJqw-c,Roelf Daling,https://play-lh.googleusercontent.com/a-/AOh14GhjrB1FcPGwornSVk9ryINyu9MOYsDwfcKHZGOewQ,Best knot app. The animations helps a lot. An update for the latest android pie would be great. Although it still works.,5,1,2.0,2018-09-20 06:33:52,,
gp:AOqpTOETKgBaaBYWZXtRVB1lLh42clpdKWacW6C1NHbt5REpNuCqFTqOAhw45Y0hVa31rDMBRviMiX364xAnZt0,Todd Bartrim,https://play-lh.googleusercontent.com/a-/AOh14GjIkMGjkeT4obogb4gbMhYBuk9JJ-1L9324pNa3,"No good for off-line use. This app always needs to connect to internet to 
confirm license key, and will not open if it can't. So its useless when 
fishing at remote lakes, where I prefer to go.",2,2,2.0,2018-07-08 08:59:20,,
gp:AOqpTOF1qSYEX4j2lCBx4xf_Oz-thEMK0F5LaDjJ9P7lqdfNVo8ICYPnL3qPq7jnMFAbYXBlPV-lI_DNN-bNMHg,Stan Nowak,https://play-lh.googleusercontent.com/-FCqBYFhNt6Y/AAAAAAAAAAI/AAAAAAAAAAA/AMZuucm38yeqyutd5UsIqvNJjxf8DkKZhQ/photo.jpg,"Finding a good app takes some time. This one is GREAT, look no further.",5,0,2.0,2018-01-12 09:33:17,,
gp:AOqpTOFLEFTQlk8YFnePbYpaO-HLulHXVXG0-jCTAJA-O58DvzjRestVolvuQHSfx4VGKSUAh3VP0Y10lVdod4Y,Jacob Yeoh,https://play-lh.googleusercontent.com/-Au5zdtpqf1U/AAAAAAAAAAI/AAAAAAAAAAA/AMZuucmG8_5sApgO6obhld6vQf59l96V3Q/photo.jpg,"Hey guys , would love it if you guys can update your knots and include other knots like the FG knot which isn't shown on the app but is on your web page. Also if you can integrate your other app Netknots so that they are both the same. I think it makes more sense. Especially so you don't have to keep updating both",4,0,2.0,2017-09-04 18:27:15,,
gp:AOqpTOGesXcDONGRQ5SEts_CyMbKFJbpQ9RHJDke5IDPALOvQyLtNq9OudTUZhw0ZBj7HakuowJUrdZWg5ji_5c,A Google user,https://play-lh.googleusercontent.com/EGemoI2NTXmTsBVtJqk8jxF9rh8ApRWfsIMQSt2uE4OcpQqbFu7f7NbTK05lx80nuSijCz7sc3a277R67g,It won't save favorites consistently. Sometimes it does sometimes it doesn't. Frustrating,2,1,2.0,2017-06-20 10:16:33,,
gp:AOqpTOHjlf-aULLFpi9WGKG3mXClYyEHsOwZOGZt_WlIujzK13PGu4TmcFVkK7GiQP6Zj48uxNWGMV9DTFA-8EM,Wesley Collier,https://play-lh.googleusercontent.com/a-/AOh14GhV_DI6p3DUTYxdVLiYvfp3wMTfCvjN5WhEvd7cmA,How is this supposed to be different from your other knot app (which by the way I payed for)?,2,1,2.0,2017-02-20 12:28:40,,
gp:AOqpTOGYHZXqskUEu1tsH3hN2ynVAt6dr9SXXZjNUXxVgt4Ckf6nrwLv2vOIV9kOmrYfUC0ndjoxpGptl0aTV5E,A Google user,https://play-lh.googleusercontent.com/EGemoI2NTXmTsBVtJqk8jxF9rh8ApRWfsIMQSt2uE4OcpQqbFu7f7NbTK05lx80nuSijCz7sc3a277R67g,After a rough start we got it working. Android installed it on the SD card and it wouldn't load. Once I moved it to internal memory it worked as advertised.     Very useful app. Knot tying is easy to follow and learn from. The ability to create a favorites list of knots is especially useful.,4,2,2.0,2016-10-12 17:35:15,"Loads for everyone else (nearly 10,000 installs). So, instead of hitting us with a 1 star review, why not email us and see if we can resolve the issue for you. If we can't we will give you a full refund. We want satisfied users. Please contact us.",2016-10-03 16:12:26
gp:AOqpTOFrficKHmbFnWPenWNRaTb3zHKaDvLWkvfZGBMVuldCikVpQu_bBX7--aP_8OXOP2oz2l7p82L4iepwkY4,Jake C,https://play-lh.googleusercontent.com/-j1bS-j1f97A/AAAAAAAAAAI/AAAAAAAAAAA/AMZuucmXK_b07Q5XaTjUrLx0jwq-csPkOw/photo.jpg,Ok,4,0,2.0,2016-08-22 19:56:52,,
gp:AOqpTOFtEtSRsxIRvICupYheVlBYhMc7qEej8YnGhs19okv3LFJc0FyqD0W48dLP56-CY77smhFPerGc70qXbsc,A Google user,https://play-lh.googleusercontent.com/EGemoI2NTXmTsBVtJqk8jxF9rh8ApRWfsIMQSt2uE4OcpQqbFu7f7NbTK05lx80nuSijCz7sc3a277R67g,Best knot app.,5,0,2.0,2016-07-27 05:51:23,,
gp:AOqpTOFQ4HsPq1ySV9yVfi_Wl_tscQdLxbKG92b8Zw3Y_RBBWsEh4M4k0rS3SrPnZhoxkE06KLY8_sj7xG63nJ8,Ron Hawley,https://play-lh.googleusercontent.com/-t3DRasXzpQ8/AAAAAAAAAAI/AAAAAAAAAAA/AMZuuclyTih2RfdkpAfoad3HWyd8-97Q3A/photo.jpg,The BEST yet of all apps.,5,0,2.0,2016-06-02 20:38:32,,
gp:AOqpTOGdJ0imyUO1Vy5TQoRT8IZ6r3Nv6z4KJ4ZrHARVIWDcuxYn37KeQYVeuvm3pOOxNuOY7_Z1CFYUQqEZLms,A Google user,https://play-lh.googleusercontent.com/EGemoI2NTXmTsBVtJqk8jxF9rh8ApRWfsIMQSt2uE4OcpQqbFu7f7NbTK05lx80nuSijCz7sc3a277R67g,"This app is very good at showing how to tie various knots. However the Favorite Knots feature does not always work. Sometimes when I add a favorite, it says it worked but the knot does not show up in the list of favorites. Tried rebooting my phone, clearing cache/data, and reinstalling the app. No luck. I am on Android 6.0.1 on a Nexus 6P.",3,6,2.0,2016-05-20 11:53:55,,
gp:AOqpTOEXp4Fp6aYD-l7W1h6iaABOipFhrXK-DQM3EdlCLhoRwoGz4AtlBLegT1id3QojI8Q1QdkzRN9ZsibcgnI,bummer macmonagle,https://play-lh.googleusercontent.com/-JnKTwoG5SME/AAAAAAAAAAI/AAAAAAAAAAA/AMZuuclsxt8VojsSay5OG7bjvyZOl8OgAw/photo.jpg,Fishing knots at its finest.,5,0,2.0,2016-05-11 07:22:04,,
gp:AOqpTOFJRJ2syiQHGmBPaXIE7Z3rBNbWz7ZCitExyb6NN-b2UB5Xblsl9XSBxIYaFeYAJ5zeJ2aCGTcF9WBCZUs,Joe Van Wormer,https://play-lh.googleusercontent.com/-lCqIOICxOZI/AAAAAAAAAAI/AAAAAAAAAAA/AMZuucmsW_Zm60fVFL2DEfr9amM2wwDa4w/photo.jpg,"You can stop searching for a knot tying app cause you've found the best one. You can clearly distinguish which way the rope needs to go, under, over or whatever it needs to do from the pics and animations. You can watch the knot  example step by step or a smooth visual animation. Some ppl cried about the 50 or so Mb's of space it needs. I care more about the usefulness of the app and for how good this app is I wouldn't care if it was a could hundred Mb's. Awesome job on this app, keep up the great work.",5,8,2.0,2015-09-26 09:17:06,,
gp:AOqpTOHTpkqKCKuq8IERmEmeg20xaymCi9Ka5aDhKk7dWZF_spswgw9Vh3IGge86Z_9mGGXndFK3ztFLL8WZhrk,H DeLay,https://play-lh.googleusercontent.com/a-/AOh14Gi4r8onJz7hRY5VZ9CdAULXMBG-sPV_Xe2e8pVxGWw,This is the greatest tool for teaching scouts knots I've ever come across.,5,0,2.0,2015-08-27 09:18:53,,
gp:AOqpTOGpj5MD1lYHdM1DOTBV1bK1TgxlsK9UjuatbwGMbj60Fd6CCbg-zDkDLrrNOeUqsRwcaxZv_19oLnUIwDg,Jim Scarborough,https://play-lh.googleusercontent.com/a-/AOh14Gj7u1P8u3c6nS_7uu08iM0jt345EMTow-dKDPne,"This is by far the best of the fishing knots apps and is well worth the small cost. I've been fishing for over 50 years and consider myself an expert at tying fishing knots. However there are some knots I don't use often and it's great to have a reminder on hand. Every fishing knot you'll ever need is included and is well explained and illustrated, including when you should use one of them instead of another. Also, it can be stored on your SD card and it allows you to save favorite knots for quick reference",5,11,2.0,2015-08-23 08:42:31,,
gp:AOqpTOGPh3-ISeuAUj9LOAK21CYcnN5q5H5rAfqHH-dYkLedWFYEJ6dNPQAvZVsTaXFel-Q3x5Jh2tVCTPAiq4g,Gabriel,https://play-lh.googleusercontent.com/a-/AOh14GjO2mHlHYYBSZJWk0H3jpyImNRl3Jqe0n0q4RA7VQ,"It would be great if the knots noted on the list page whether they are jamming, or non-jamming.",4,0,2.0,2015-07-27 18:44:54,,
gp:AOqpTOEZTHGQXh3qoeSbR8jok4l3KXnyczwCzDb7OGrfwdLHMwCZYPPcYx3EGOogr9OM8NYRtKE1TnOB92oS5P8,John Joven,https://play-lh.googleusercontent.com/a-/AOh14GjeZQB1W-JGidwa0dKS5tb36TEa0Ubpwxbeh_sO,"This app is a fantastic resource for all your knot tying needs!  As an Eagle Scout,  I thought I knew a lot of knots,  but the variety of different ways to tie knots is astounding.  I love this app!  Thank you!",5,1,2.0,2015-05-17 05:14:51,,
gp:AOqpTOGOCY2iAalzIlx3euAYhHF_w3adq-Sb80qNmTFrk6ZPa-l7P6Ilh6gSkWOMzakNb4iMcigE11_A0K7bV24,David Padgett,https://play-lh.googleusercontent.com/a-/AOh14Gj3ErwDWxq7EZBAmSmNc1yNqo3Ms8HCWdKtSTpd,I am enjoying the app.  Recently I turned some of my friends onto it.  We noticed that there is a crucial knot missing.  The Alberto knot for braid to mono leader. The Albright knot doesn't cut it for this application.  You already have it on the your website just add it to the app. Thanks for the hard work put into this app so far.,4,0,2.0,2015-04-19 11:16:11,,
gp:AOqpTOFgbnyk1ossLSuokfGTshQmOF7jvxFBhugNRKTdnvY1kJ9iNIy2Q3m49xE_Wo7TagqqGac5ZcXwxwKn5JY,Ricardo Gonzalez,https://play-lh.googleusercontent.com/a-/AOh14GgqBbGMKzl1BUQ0mnpfKT_GGBw0HkAUSpRw0s0m9Q,"Awesome  app  to  use on the go,recommend  100%",5,0,2.0,2015-03-08 08:13:38,,
gp:AOqpTOEFgfYAFHJb9omzH5SSJ1e7TJr0oS0xnoXtAsbc6qnpVtQyPp2h-l3LO90KWc0pxUjYWCeiLwUv53kIVbI,RaceOrBust,https://play-lh.googleusercontent.com/a-/AOh14Gg9-xVJT5l5VDKpdmNkyfcNVyuunGabWnTNg8ba,"Knots 3D is the better app with animations that are smoother and can be slowed down - give you a 360° view etc, also it's frustrating in this app that when using the step by step guide rather than the animation - it doesn't prevent the phone from sleeping so the screen goes dark as you're trying to follow the instructions whilst tying, but this app is still good and has one or two knots that 'Knots 3D' doesn't have.",4,9,2.0,2015-01-10 18:20:26,,
gp:AOqpTOEgkgwW2RJehBIbECTf1WKuZ1p-eNcS4CmxAm9C7UtfzsCH1n_Vtf036wWQ3_G-w9KU39LEK1xU59UiHsQ,T Johnson,https://play-lh.googleusercontent.com/-rOM2EdYQc_s/AAAAAAAAAAI/AAAAAAAAAAA/AMZuuclMRrpyXma3i1ObhvWSWz3ccxB_cA/photo.jpg,"Guess it could have been a good app but like others, I ran right in to an insufficient storage error even though there's 20gb available.",1,0,,2014-12-23 20:40:38,,
gp:AOqpTOEJoGhTiIqp1sdieMeZ31mBPQKsPQHD-tqLAEOmPHg0vkkgGX2ydC0tb7t2upHMo6rlXXIY90F5Tz4UJLg,Clinton Pothier,https://play-lh.googleusercontent.com/-033FumxrN94/AAAAAAAAAAI/AAAAAAAAAAA/AMZuuckcx4qPKRr2fkTg2eC07Y0EixLKcA/photo.jpg,"Great app, love the visuals, always good to have on the go.  You never know when different knots will come in handy",5,1,2.0,2014-10-30 12:18:06,,
gp:AOqpTOHaSLsHZ9v8Ln3zmPJRuyo0ug54L1jSrtRepsrLN7GiJAcxZ8gEC_SFzKYUtznPKncY_ZHwrAf_UydLqz4,joseph Brown,https://play-lh.googleusercontent.com/a-/AOh14GhtYTfwY915hdbZZABlqgopjGkzGmvlluzMeBMWxA,Problem's,3,0,,2014-10-10 13:25:11,,
gp:AOqpTOFh9kNKzsJJYnQEYsGH8NwTfBqZ4XWwJ_i2Ez8DOjPtFV-xCQB15cqETLVlm6p5a7z232xtXAzW--sA86k,Matthew Riddle,https://play-lh.googleusercontent.com/a-/AOh14GiX6t9y6Miw4u6_sP9gCeEsxn8NS9UYaMaLWKtAng,"This is one of very few apps I'd pay for. Very clean,helpful and easy to learn and refresh on others. Great app",5,1,2.0,2014-10-02 21:04:39,,
gp:AOqpTOHvXxIicdvRmErM2kP2lggqdnlrQN0BTVvblWc1BkVJPo3Vql2EVpVu2RILVCmvUIpqwNhVobOjGmpruCA,g-code,https://play-lh.googleusercontent.com/a-/AOh14GgHAcpT7rLk0mZ4Z8R__MxLrzPs7GrIVJVuqmZu1g,Great app on S4. Very easy to follow.,4,3,2.0,2014-07-21 20:32:44,,
gp:AOqpTOFQtPVWWEL8MNC4MA2RGPe5oIL9GwNaTHJUpZOzW_BZ334NAEW9mEfIlpmuf0VzXLeDorfmeeloNttvKIM,David Whittaker,https://play-lh.googleusercontent.com/a-/AOh14Gh5fnlmy7Nd2eph7Vr6TmgROD0CfaK2eW4DdxDW,Fantastic app really well detailed,5,0,2.0,2014-06-30 06:39:03,,
gp:AOqpTOG7Wm5UqGpG-C8TQ3pvlr2QMQXtKVyiPVuGmA7sJDBjjk2xLYw_uIQWB-_CWsmG54nJBAAKrtjc-mOSm1g,Ronnie Brittle,https://play-lh.googleusercontent.com/-bWgtv9ByYCw/AAAAAAAAAAI/AAAAAAAAAAA/AMZuuckB4B3fCyFNlGl1imPopgebezyA-g/photo.jpg,Very helpful,5,0,2.0,2014-06-27 19:34:32,,
gp:AOqpTOGb_pk43WqsVkw4kkFGW3YVPEnHoHTqi0GZDNCa41Tm9yEbSqNagjkyJXN1FfrTqFOHU6Bu8ZZzF1o1pNU,Mark Smedick,https://play-lh.googleusercontent.com/-wfOUZ--xClQ/AAAAAAAAAAI/AAAAAAAAAAA/AMZuuclp3f9SWa_FLK033SSaHlBhyK9Y-w/photo.jpg,On my galaxy g3 I had to turn off the 'only download via WiFi'  when I got the warning about file size.  Not sure why it occurs but for me the app instaled.,5,0,2.0,2014-06-15 10:23:50,,
gp:AOqpTOFVpoeDtHKAdyNbvvoT_kcs2yyFKv-mFn8uhpyMMOHREbbLMTyl2gJgdQgAkcLD_S0foLABjOSr_2YpLSY,Steinar Stefferud,https://play-lh.googleusercontent.com/a-/AOh14GibxMyHScejz_kZ07sZKdtabh0cCY_KTkUN5ZnOrQ,Bert Good,5,0,,2014-06-10 01:57:20,,
gp:AOqpTOGt5KZ068UJUq4dR8mT855unudE0j9lo34vDu-XUWb3mBAYvpUHDYWTAYVmFq_GCaG2e2DIh_syoPOJtqI,William Schuman,https://play-lh.googleusercontent.com/a-/AOh14Gh9uV35W00ewNzcVQXW6vDQsrkL2t9wSTWqVrU8,Love the app.  I use it often.,5,0,2.0,2014-05-27 12:17:44,,
gp:AOqpTOFHx5eHXmAUZUChsF2oA0afP7WTVk8cTzP4eW0JPEkbgV_LOwjgL_8y07eyJ7IIySkvoxPto2k6WdcOKm0,Chris Kinchen,https://play-lh.googleusercontent.com/a-/AOh14GiH9Y-SAuMcJyYgTaBJ9HcK02Umts0cU2CtytXQ29k,Great app,5,0,2.0,2014-05-24 14:19:57,,
gp:AOqpTOHbEa7NlUHe-wwPIIVlp8kEYv8E8CZJ0OnVchFnFeBy1JgEc6uSfRpqkZrzENGoEdmSZzlqyViJL-_fAWw,Stephen Cornell,https://play-lh.googleusercontent.com/a-/AOh14GhedBUOe3d9xYB1nkdCNoFSwggHjZlUwJm4XdpoZg,Helps out a ton!,5,0,2.0,2014-05-10 16:51:08,,
gp:AOqpTOEqv0U4yMW5IHklqVnZZW_IHxK_LJMETWxZjmcRmH3CRiIKA_I-RV2aTNyNKuLuCtkYnpkkQdlEXkEaVfQ,Conrad Gittins,https://play-lh.googleusercontent.com/-tl_LeZ9eyZU/AAAAAAAAAAI/AAAAAAAAAAA/AMZuucn9PPa9IFaOYEqgUrOdmWcxtpV7GA/photo.jpg,Well thought out with clear diagrams.  Better than photos.,4,1,2.0,2014-03-13 00:06:56,,
gp:AOqpTOEXvIA_Cj6HIWOPq8kfbLYquGtxw7VlGXMsBmsraOj7YsGw3pm-Nm1s30winjb24a7FmfNWfTANE_jQvvs,Brendan Fitzpatrick,https://play-lh.googleusercontent.com/a-/AOh14GhKg-Yor0rGsyafbeWZAz7Vgbe2_jHDsV96nE9u3A,Takes up alot of space.. u may need to run it from your sd card,5,1,2.0,2014-03-11 10:08:07,,
gp:AOqpTOEHY5GWG1TJAS1NDrUh498f7X3CrRXJDESDVIsQUcVR40o7q2tyTvXVCS9lvkLpAueZhFfyJpur2E0LuNQ,Bret Brown,https://play-lh.googleusercontent.com/a-/AOh14Ghi5w1NrXQTgJjHVPadn3Ywn5p8V2plRF62a7sluw,The most complete examples of tying knots I have ever seen,5,0,2.0,2014-02-20 20:06:50,,
gp:AOqpTOHqT0ecwsHpOu45Jd0aOcWVNmVI5jYOPxniWBF9HhtEEAb_YEiWZdhBVGJlHUcz6T9SJympM9nzPLRaP4c,Karl Geiger,https://play-lh.googleusercontent.com/-ZGxajFHgnZI/AAAAAAAAAAI/AAAAAAAAAAA/AMZuuckiNoBro6bL7M6Df4EpVOPOoBLkDw/photo.jpg,This is a great tool to use to teach knots to cub scouts,5,0,2.0,2014-02-14 15:54:59,,
gp:AOqpTOGOjmpcqJ5RU7At26mpHTXjwznQx0qJOBz02jw1lda9EycWZucqzf4e7NGMDEl5WmtNNruJncMNyB3lyuQ,Edith Lassich,https://play-lh.googleusercontent.com/-7rKwNnDsPms/AAAAAAAAAAI/AAAAAAAAAAA/AMZuucmdPY3s__MGncnmngvqvM8N9dD_yQ/photo.jpg,Great app. Great resource. Keep adding . Would like to see Turk knot next update?,5,0,2.0,2014-01-25 23:12:30,,
gp:AOqpTOEONhfgIRb4C0QMPLD58zZgXneNMiLIw5GkJIfixykt8A2tEXC61O-ZbVFBY4MW54yf76X8sN0k7bp3CeM,Gord E,https://play-lh.googleusercontent.com/a-/AOh14Ggyy2u0-Nsg72AEmDTTHSk8KaWnxOzg8vxJeKrn1Q,"This looks like a great app, one that I would use regularly. But, even though I have lots of space on my phone and SD, it says unable to install.on usb storage or sd card.    I have a Samsung Note 2 phone that should be compatible.  ??",2,2,2.0,2014-01-25 16:16:46,,
gp:AOqpTOEQqIhyIgoIO1EJ6fl7rAfJnc-t-9GQnAQc--3whd7t1ofqH9YGyHimGF7yOg4gs8zsyjVo-c6rGF4-RGc,A Google user,https://play-lh.googleusercontent.com/EGemoI2NTXmTsBVtJqk8jxF9rh8ApRWfsIMQSt2uE4OcpQqbFu7f7NbTK05lx80nuSijCz7sc3a277R67g,"Exactly what it says it is.  Phenomenal app, great work.",5,0,2.0,2014-01-21 22:00:06,,
gp:AOqpTOHsGP2Pgzc_78N4D8OkkI8kORITqEuNA0qMC2H0ZRHNlpKSu8VahDUAYR2q0cyz8LtYM0-S4kZVJjbC3oM,Richard Mohabeer,https://play-lh.googleusercontent.com/a-/AOh14Gisa4TXZvKfbzi3rqRg-UJzw5hWdSFPLjOJjfPFikE,This guide comes in handy for tying all kind of knots for any application,5,0,2.0,2014-01-14 02:36:49,,
gp:AOqpTOFSG_RPTviyLVXmhWyJ92DJyMK6Ysxh-e4pG_81JfywG6C1abR88rxBvvscvFWryn0Kwib_UUieDUglLMw,Melvin Everett,https://play-lh.googleusercontent.com/a-/AOh14GjYXkqpyS-Wzq6mCHzmtq7e5QI1CELiGhHsp1R9,Awsom,5,0,2.0,2013-12-30 15:53:47,,
gp:AOqpTOGKQZG5meOBW0KT6hVF_lBdfQZ7lfSZzBe00W3IcwcqiBeil0L6BV24DlH11H_tsJgoEB5U9co9JH5P8W4,Tyler Thomson,https://play-lh.googleusercontent.com/a-/AOh14GgW8Rp2JGXSti9x0B3FrRf3hS1HDDgG9JoQ06V9,This app is the reason I look like a pro tying knots for my friends.  The videos make everything so easy to understand.,5,2,2.0,2013-12-20 08:08:15,,
gp:AOqpTOGIs-C1B0VNRh7JgVduADktdmzTUmCPC4HDKv6pt3RLhFlXPxT5nksJUZnwFedPuip_Q1uinp646W3IIR4,Ronnie Quintero,https://play-lh.googleusercontent.com/a-/AOh14Gi61Kfv7sbVsKIu9GQWzWFHS7DMTuooBti246s0M0I,Very useful and all knots are clearly explained.,5,0,2.0,2013-11-24 13:48:24,,
gp:AOqpTOEqSdez6SnaHjDrK_Rd-o98meGbgfwocoHGjJsK3r8pRZc0iPoC2tk89iRFVfQYH52C-tigKOqp0eUSUfA,Lu G,https://play-lh.googleusercontent.com/a-/AOh14GisVFZuLv7ODJJvKtoJkEajMqripJFNCWv4j0SUMw,"This is great for apps... BUT OVER 56 MB?!?! Thats more than some games...wtf...whatever you're doing, you're doing it way wrong.  Great concept, but someone sucks at as an app developer/programmer... replace him with someone who knows what they're doing cause you don't need over 56 MB for this. You're loosing alot of people who don't want to download  such a huge memory space hog.",1,6,2.0,2013-10-29 22:49:13,"The size is necessary to provide over 100 movies of the knots animated plus the high quality illustrations. Believe me if there was a way to make it smaller with all the same features we would have done it a long time ago. Fortunately, 50+MB is not a big deal for most phones as the app can be moved to SD card. I suggest you do that.",2013-12-16 10:46:08
gp:AOqpTOG8fweTQuqoCj_FeAXhirXpfp3B-E9XUygC-iWmLV_bu_oBi1_TGBjWe0kPoGW0RypjdL2aPap9xowwmPk,Steven Anderson,https://play-lh.googleusercontent.com/a-/AOh14GgBFUsnY1jpOhVA45b2leWSe1qsnmtcSzbFdysPDA,"Fantastic app, this app has the best explanations, best illustrations and even animations.",5,2,2.0,2013-09-27 18:42:20,,
gp:AOqpTOHPFcRzfBSdo11q7013w7W_GNW10Hd4ir_x9u9NEYNKkHwA8mwd2D3mEQD15irBMwO1gqoxpPmEl6UiS0Y,sue h,https://play-lh.googleusercontent.com/-BgEFubruHSk/AAAAAAAAAAI/AAAAAAAAAAA/AMZuucnBbDejMFY-7CDS-kBrsCGo24p-lw/photo.jpg,Good app for fishing and work.,5,0,2.0,2013-09-14 07:32:48,,
gp:AOqpTOEkNmOixJXLshaRKpIxAnAULIPTNDeijFSZPiVM4QfClfUhsb4fg1VUr_bW9c7wPIVD1Ih7lOETqtPtyQ0,matthew wilson,https://play-lh.googleusercontent.com/-kaq_kdDQLkQ/AAAAAAAAAAI/AAAAAAAAAAA/AMZuucn74P1HerKyuQiGeClLcLLciCtufw/photo.jpg,Best knot app,5,0,2.0,2013-08-30 02:10:42,,
gp:AOqpTOGJm1YOGeLgqpf5vMCK54o88CCLQAdzPRv9VkTmwbIuVMGtUYEtaXnne7VcdpDaQy-okB08qwQomU5_14U,Rene Mendoza,https://play-lh.googleusercontent.com/a-/AOh14Gi_HAv4R1v1ctFrxxrIxxNpAPFzoRFAArm6H17-,Would be even better if could categorize by type of line also...but we can't get everything we want in this world can we lol,4,1,2.0,2013-08-14 17:38:42,,
gp:AOqpTOFF5tQ0nTJlihGZvBJ0V9nfupluL0X8CUU_6fmtVj8dR3X0gMq2weKaQDoRfk5WmwopohRvzkTqdQPf-Zw,Kevin Pearse,https://play-lh.googleusercontent.com/a-/AOh14GhjtU8wXigB6hQE3yGu2j5kKYW8MTexlCkyMGMPyg,Handy as hell.,5,0,1.1,2013-08-07 21:53:31,,
gp:AOqpTOFARkBEPcfwcNX0vv04F6eNqD6NedJZVQhNgvcZw_TbQwMjWeJw09gNT4Rzg7fV76YKRht3Lhjg7RPJp5o,Tom Calloni,https://play-lh.googleusercontent.com/-X2wLD0Fm25Y/AAAAAAAAAAI/AAAAAAAAAAA/AMZuuckpKUJDMf-8mtaRfeBAfLAcswmVug/photo.jpg,I have used the online app they have on their web site. Needed it for my phone when fishing.,5,1,2.0,2013-08-05 21:27:12,,
lg:AOqpTOFKaztpw0oTG8ZOAe1JQwNpqkxVC7nHQIwFVAasTTK03qJpIW6nG939qklERQrmO2WovnDuoCb-kRMoe6w,A Google user,https://play-lh.googleusercontent.com/EGemoI2NTXmTsBVtJqk8jxF9rh8ApRWfsIMQSt2uE4OcpQqbFu7f7NbTK05lx80nuSijCz7sc3a277R67g,"Ok, working as it should now, thanks. A excellent app now.:-)",5,1,2.0,2013-05-28 05:18:04,"Try it now (2.0) We hired a new development team and everything is working. It is faster now too, plus you get all those new knots! Update and please change your review, we are constantly working to make this the best knot app in the store. -Thanks ",2013-05-18 08:23:31
gp:AOqpTOEYJvqTr9e2WCpXJXqHQNDekPGTO6j8_5169feAa-1XNUMLI_gJkLv3BD4yDXgKxz-VEtDo0zIaXH_UBVg,Kenneth Simmons,https://play-lh.googleusercontent.com/a-/AOh14GhDz48js4btt5xEsVw-gCTJ97D3L7jw8JfejhI0kA,Cool,5,0,1.1,2013-04-11 16:40:51,,
gp:AOqpTOEQDzprV4kBqET4olilyvffb9nC3mXJua-6SfQh3DING1rQl63MJPT_JYGoS6rXiOoVT2Br0zptT0czKzI,David Dennard,https://play-lh.googleusercontent.com/a-/AOh14Giopu-3G5v8Mf3E8yVijh2wsrXoKSqFPn_JMrLyvA,"Had a problem with installation of the latest version, but it has been corrected and works fine now.",4,2,1.1,2013-04-08 13:06:59,Just need to uninstall and reinstall the App to correct this problem. ,2013-03-26 10:39:09
gp:AOqpTOH84PL2TsagKkKBfNMcH1JEmIQP6Fdq2GcIVU5_lC_7I-WOvmcpe2tpK11WW9E8KN7tjZJ22S3nmTe7mXE,Jerry Ferguson,https://play-lh.googleusercontent.com/a-/AOh14Gg0wZF1oxBM4Pu4m2VcZXgMCIfClYK0bLnPJC_B,Great app.,4,0,1.0,2013-04-04 21:49:14,,
gp:AOqpTOHx-u17GGBq0pypFbN1zeWItTQM5dxMME70MTNQJjayYCsW7sgNjIvo41kWmwC5ZJyUiVKx4Uh09-y-1j0,Pat C,https://play-lh.googleusercontent.com/a-/AOh14GgO5LN-fO2A8ceG_dqzKq_lCtO2RSXejwz1b0OV,Don't waste the money. It won't even load. There's others out there.,1,2,1.1,2013-04-03 06:48:18,"Patrick, please email me for a solution to your issue. It works fine for thousands of users, let me help get it working for you.",2013-04-25 09:01:00
gp:AOqpTOFHw1db0QuQSDNcRX9k8oBvgRH8ipV6QSo1DKdCgFXfYHGyRC4SaR8oeg1pr16_9q_8ivMHSq7BEo4__1w,Steve,https://play-lh.googleusercontent.com/a-/AOh14GigG7V_bT0NglVvhj9EOTtB-zNjAlFKgSVWYSiHGw,This is great for someone who was never a boy scout. Easy to follow pictures and instructions.,5,0,1.1,2013-03-31 16:33:49,,
gp:AOqpTOHrGAEvhP5ZkePuL2wQYkFPNGvU8KiE-PWCHmuC2-0ouj3zMHJZIbbAdK-3HLJck0JIGTBfOmBV_yfwfVk,Jonh Lang,https://play-lh.googleusercontent.com/a-/AOh14GhDf2_LAjHiDaA4fzIO-rL7qST-aVU6zUtdzkruLg,Down loaded 3 times tells me that i am short of a file pain in the but Additional file not available,1,1,1.1,2013-03-28 21:29:59,Just download 2.0 update and you will be fine!,2013-05-28 20:18:03
gp:AOqpTOEgeTgRKr4_Drr6nhADEJnJ9cYImhwZ7F6UAsnBl6_Uhlv8Cb3p9sPI39WxwadnSjVN_jQ6jnCzpSoE95s,Ricky Pinney,https://play-lh.googleusercontent.com/-afmxnZJkMzU/AAAAAAAAAAI/AAAAAAAAAAA/AMZuucnHMR9QNnBwenCG1AGdk-nXeb8X1w/photo.jpg,Nothin better than this it shows great animations on how to make the knots works great on my galaxy s3 with latest update developers are pros,5,0,1.1,2013-02-25 09:45:49,,
lg:AOqpTOHNJEcIKirKepVJBKyFnFu599ia4nhLl8zykFzqLwiJD7EMnn1cTuYwkHsui2oZtA4luIkV0WpfTF8b6Cs,A Google user,https://play-lh.googleusercontent.com/EGemoI2NTXmTsBVtJqk8jxF9rh8ApRWfsIMQSt2uE4OcpQqbFu7f7NbTK05lx80nuSijCz7sc3a277R67g,Before I couldnt tie a knot so I would tie a lot. Now im a pro.had to uninstall and reinstall after update and its working fine now. Great app!,5,0,1.1,2013-02-24 09:02:06,,
gp:AOqpTOHDUxqxnA4pRET-PLiZ6DFc5gM1didJL8hzXm3s9Oen2-PwZQoeQj7h5hhlMWj3CoJFLYXF486VYYS4QcY,Gregg Robinson,https://play-lh.googleusercontent.com/a-/AOh14GhtJYY36IGUa9dMnyPGKs8gLfS-Jh5PZVmf8Uur,Awesome variety of knots for fishing and utility work. Well presented examples on how to tie them. Recent problems with upgrades has been fixed.,5,3,1.1,2013-02-22 14:30:00,,
gp:AOqpTOG2AAKBAQsbfilWYv3jdXxlvwmUBevaetIcJoPLDyhqkRKcnK846n7kyaFeejQNnNkCD9pQ9r5ZZwll2fI,David Deutscher,https://play-lh.googleusercontent.com/-wtI7Q_NjWl8/AAAAAAAAAAI/AAAAAAAAAAA/AMZuucnTLwJVAmUWAEvdgAwWzEB1SD_b1g/photo.jpg,"Love this app, it is a must have for any angler.    Had some issues with the update but after uninstalling and reloading it now works like a charm and has lots of new knots.",5,0,1.1,2013-02-22 09:45:13,,
gp:AOqpTOGRM6eajYB4dLafxxjAyKq0w7ZJaiG4q94OKCnEs69BpKHBd9QzADC5S3QgJiuIWQ5_DvE4O-r3Mx7eIS4,Dave Maldonado,https://play-lh.googleusercontent.com/-bKxpSurkiN0/AAAAAAAAAAI/AAAAAAAAAAA/AMZuucnpxjvClCDTNTNMaXoiXQ8ds29u3g/photo.jpg,It's back. Works great.,4,1,,2013-02-20 21:38:10,,
gp:AOqpTOHQDPwJ4ZiFV99gZHNsXi8pt1sehysuDzn9u6ATy3dbhsBVjWGmKumSz-vqUtliDQCY_Rk25eR_aXqlKJg,Steve Balchin,https://play-lh.googleusercontent.com/a-/AOh14GhToEMdL5mhiBJ5A33hQJYSesdMMMR8LA_tf4IV3w,"3rd update fixed the ""additional file not found"" problem.. Thank you to the devs for sorting this issue out quickly. Very good app would recommend to all that ask about it and are interested in fishing.",5,3,1.1,2013-02-20 15:17:01,,
gp:AOqpTOHJlIFPsAqS5wwqod2Q9gvJ8xhwm5bqrLLQfI-Sf6JHWinnH0LERnu-s0t8_kNeJEnXWJzXEPP-Ju8Skjk,John Atiya,https://play-lh.googleusercontent.com/a-/AOh14GgxM96z1NjK_XGUh4MBv8Lyd8BZESn3ni9774j4Sg,Works great and easy to use.  Comes with a lot of useful knots. I uninstalled an reinstalled the update  and it works perfectly! Thanks for all the new knots :),5,1,1.1,2013-02-20 11:31:56,,
gp:AOqpTOE5fPg6Ek3eha8-970dA1mHO42lMbtpbwGFFP4ZV29njxJPOYG3KEYnwMuYnTLl4LPJ8kbtmvswwS2uCLc,Pratik Kanada,https://play-lh.googleusercontent.com/a-/AOh14GiiHb9mDFNMQPWLz34IIyHtYmGpuYFaTESyfcHJow,This update works great ans super smooth..... If you have anny issues in update please uninstall app amd install it again It is working grea....:),5,1,1.1,2013-02-20 06:59:16,,
gp:AOqpTOFUQh1Wjj_p0DyzxVxWgFbCO-jT5u7_sG3jyJQNBSHB4jhajKTcdeTOdjaHRWdpvi5wCWviQL1IwxXoVRg,Fred Aplin,https://play-lh.googleusercontent.com/--aTxaBWxmXU/AAAAAAAAAAI/AAAAAAAAAAA/AMZuucn90MHKKYU5w0m8QEd8mA7qhnCQkw/photo.jpg,"Was good, but latest upgrade matched wrong pictures with the description.  Un installed. :'(",1,3,1.0,2013-02-19 21:26:11,"Fred - update 2.0 fixed all, plus you get 30 new knots! Please download update and change your review - thanks!",2013-05-18 08:21:31
gp:AOqpTOFPciwxfvJItya1DVQfzik8k-BxU3QjokHMMYrwzLIGVIy2M53xEVk_dpdSryJ5G1JFHKkLjqjEKd3v1ek,Stkwelder,https://play-lh.googleusercontent.com/a-/AOh14Gg_heRusdTlDNITV_Sf1Fj_Y4wBDgYOzdSz-mJLoQ,This app is worth its weight in gold. I use this extensively for both fishing and learning new knots for work.,5,0,1.0,2013-02-19 15:01:31,,
gp:AOqpTOHXyJZWgIEUUVKkluaJRkXhBJ-wwZRs4ogCkl-bO3-eG1vcvbzJVi4nqI57n6cQasCGk-ugboetQYd4Sv8,Jason Jelinek,https://play-lh.googleusercontent.com/a-/AOh14Gi7u773fQ1obksKhhZkrPOgQPIung4lLk848ib7lg,My go-to for insuring I'm tying good knots.,5,0,1.1,2013-02-19 09:56:44,,
gp:AOqpTOHtktDLvU4hS-ejbM-7hqBp0o2US9a-TvZ9Y06l5-kuZD928rjwA7IdSs1tcl791prjO4c9g4u6SnPfvVY,Elton du Plessis,https://play-lh.googleusercontent.com/a-/AOh14Gj7aqQN7bdlU3QiwdWhKsglLMQwunBubQb__JOU3QY,Will not open after the update. There is a file missing.  The update has now worked and the application opens but some of the illustrations and descriptions are all jumbled and do not match up. Galaxy Note 10.1 ICS,3,2,1.1,2013-02-19 05:19:06,,
gp:AOqpTOGIWugJ378luzxydUa_APX_1FU0VE9ydYYJpBsINWvX93XdnS-2eoz3kTmdbhpLXA9wDqQsimHIH3kV8i4,Jacob Buckland-Seward,https://play-lh.googleusercontent.com/-YBR2UJfv2wc/AAAAAAAAAAI/AAAAAAAAAAA/AMZuuckrYRZdtqkUo3b6KsXOBNBwE-jxHw/photo.jpg,Love app,5,1,1.1,2013-02-18 20:36:19,,
gp:AOqpTOFwMtwkjFpopYSjinaN8wBhF2loBBrqbXjTslfNg7_YGLpqm4R87QtyIMQzbUez2gKism9Uh0rAgw1xaoM,Kobus Harmse,https://play-lh.googleusercontent.com/a-/AOh14GiZ5ugSzjjC0iT0Bzuv3etF5AbSoKCoGcXEBcLi3g,Not working after the update. File missing. Please look into the problem. Was happy with the previous version... was working just fine.,1,2,1.1,2013-02-17 11:31:12,All is good now with 2.0 Kobus. Please download latest update.,2013-05-18 08:24:23
gp:AOqpTOHp9j4n7QlwVhwsVKCK9ficaUQglSryTsP_kRbp47ntpVCaSppqYc0cRxjdMgRq92b6u84B4QwFZE-bQZI,Andrew Rennie,https://play-lh.googleusercontent.com/a-/AOh14GjzByCOvjqXzyINFs0wi9DEXfy_jnDgZVTyzfY8,"Great app with all the essential knots, easy instructions with great pictures, highly recommend",5,0,1.0,2013-02-17 10:52:22,,
gp:AOqpTOFh65CjBtJwfIYcKVxaWbP8pv3qVgXnjkSqxL-BEu0iiwQJlRiYVM9n-yWbWtDf1xMpy-QTFg9QZ0ycvLk,Robert Honeycutt,https://play-lh.googleusercontent.com/-BbX0Cbryo9E/AAAAAAAAAAI/AAAAAAAAAAA/AMZuuckB4n-rFSR1YRM1wNQQBtL1PIeXJQ/photo.jpg,Great app until I installed update. I purchased premium and now I can't open. Please fix.,5,0,,2013-02-17 09:03:36,,
gp:AOqpTOEwDaJIw7eeHbuH5C0zI7ld86_nA4K5CJYR4N6AOviveDN9WpYIztO1NG5W5Wd9UzoC5KNVFcSU___LZwE,Michael Fayette,https://play-lh.googleusercontent.com/--AGfYm2x_nQ/AAAAAAAAAAI/AAAAAAAAAAA/AMZuuckgBMq-tbhaSa9PPNapojmsOXFe3g/photo.jpg,"Ran update,  now will not open.",1,2,1.0,2013-02-17 07:47:12,Please download latest update 2.0. New development team fixed all issues. -thanks,2013-05-18 08:25:03
gp:AOqpTOHU8rMQkG0DtdCw_9REEcWe9Ekq8wScC0TYdJMHWe6EEG0IADVVbrKUWTFnA6mDYlW0bWfj0jqIzQcicOA,Ryan Beauchamp,https://play-lh.googleusercontent.com/-KwK1a3bQ4vA/AAAAAAAAAAI/AAAAAAAAAAA/AMZuuclHnv2UdKQQ3nSEMRS_4WLZA50MZg/photo.jpg,Great way to learn useful knots for different situations.,5,0,1.0,2013-02-17 05:32:54,,
gp:AOqpTOE2I9uowuSi3_UqB7OCdGnNK7cK-6UOOzQ885T8OnvqHaafJM4bgY2VYMjOPxS4HctS36Zr1GSSFR8GAZA,George Kasch,https://play-lh.googleusercontent.com/-xoRb2dB7YZs/AAAAAAAAAAI/AAAAAAAAAAA/AMZuucn80UiyiafhYcxHf-S0qex4QYaCSA/photo.jpg,Worked fine before update.  Now it will not even open. Go back to original.,1,2,1.0,2013-02-17 04:41:36,"George, please download new version 2.0. New development team fixed everything and you will get all those new knots! -thanks",2013-05-18 08:26:02
gp:AOqpTOFyVuoLg6jNnqaf5N8VkHRBtAs0r4Nr5yxbOtZb_zV1xk81Wu7OCZa8yLVXN1jFzOZyp_YBfcNsN4XXdZc,Mike Mcgee,https://play-lh.googleusercontent.com/-AJpIz-ikx4I/AAAAAAAAAAI/AAAAAAAAAAA/AMZuucmTBeOTsmtA2e2cDULVyYcSBAp6Cg/photo.jpg,No longer working,5,1,,2013-02-17 03:11:03,,
lg:AOqpTOHDCEdNKl9XtONrXPG8Emi4Bask6-C-7MP2k-mwMy5-v6vPRLYACDR_XViB-DA0cZnSdsi-pBDWTaRRJlU,A Google user,https://play-lh.googleusercontent.com/EGemoI2NTXmTsBVtJqk8jxF9rh8ApRWfsIMQSt2uE4OcpQqbFu7f7NbTK05lx80nuSijCz7sc3a277R67g,Update is not working,5,2,1.1,2013-02-16 21:26:14,,
gp:AOqpTOFU_EJEbgVxPGRcCDQo6kIfFVLQxkp25oYUodYA3-SeevIeuNVP2fjjGOPmbF2ee-p0L_u33q5fHgf8-vc,Sam Moore,https://play-lh.googleusercontent.com/-AN9rZMa2O9s/AAAAAAAAAAI/AAAAAAAAAAA/AMZuucnrtrWcKaL72IHftpX-X6ItxAvapw/photo.jpg,Really good app and works well.,5,0,1.0,2013-01-17 10:26:17,,
gp:AOqpTOFNCPZbF10NAre8Jm-c0P0Pb68LxirHyFlgpTAUgto1PHbd8S9Xr1CcZ6QdW1UzEcBHxuC-Be1aFrVCtlA,Paul Kuchta,https://play-lh.googleusercontent.com/a-/AOh14GgZBBtZ71sAQQcZ5U5f4HP2GStn5VIwxPDdNibM1A,"Good app. The file is kinda big, so it needs a move to sd card option.",3,0,1.0,2012-12-06 12:49:15,,
lg:AOqpTOHLfrU9ybYAUp8QJ1Mv0mutvfE1oJFVgsyy7VvhptuTUMe7KmTeeRTPXfS3TI8pOo5L_yf7JtAUoHW60C0,A Google user,https://play-lh.googleusercontent.com/EGemoI2NTXmTsBVtJqk8jxF9rh8ApRWfsIMQSt2uE4OcpQqbFu7f7NbTK05lx80nuSijCz7sc3a277R67g,"Love the app, very useful. I do wish the video was smoother. Having the ability to step thru the video would also be awesome.",4,2,1.0,2012-11-23 14:05:31,,
lg:AOqpTOHoJckvVKWk9Afid5r04pp9hEUb4wrDFb4v_ZdZ-d09_KJLAUL9L5dA-6O3hnCgnlIxDpMm-4FPnOzgKuE,A Google user,https://play-lh.googleusercontent.com/EGemoI2NTXmTsBVtJqk8jxF9rh8ApRWfsIMQSt2uE4OcpQqbFu7f7NbTK05lx80nuSijCz7sc3a277R67g,Would rate five stars if move to sd card was possible.,4,0,1.0,2012-10-23 14:57:44,,
lg:AOqpTOFNmQdf85xIExxsKKUnSuGkXZCKZ079m5_1-jz2MOqeIGtlt8g7WrVulIkUpwQcph_4Up7KAypTOQX6DxI,A Google user,https://play-lh.googleusercontent.com/EGemoI2NTXmTsBVtJqk8jxF9rh8ApRWfsIMQSt2uE4OcpQqbFu7f7NbTK05lx80nuSijCz7sc3a277R67g,omg well worth the 2 bucks!,5,0,1.0,2012-10-09 09:33:03,,
lg:AOqpTOEfFQq2rw3NH5dJR-N2jlyvb6x7rii1IQQyXpBoI7XmbDsJ6epocwG3KItnWHK_lEVIn5ejLzofBvt3VZs,A Google user,https://play-lh.googleusercontent.com/EGemoI2NTXmTsBVtJqk8jxF9rh8ApRWfsIMQSt2uE4OcpQqbFu7f7NbTK05lx80nuSijCz7sc3a277R67g,Outstanding reference for anyone who plays in the outdoors. Even useful for homeowners.,5,0,1.0,2012-09-16 16:08:42,,
lg:AOqpTOGaoMc-H2Wci85wsuD04Z53mebqNvVL9LYMN1zHMJwZW8g7q5oDtOOlHQERBPpZC9z35DlJ04VFqFG4emA,A Google user,https://play-lh.googleusercontent.com/EGemoI2NTXmTsBVtJqk8jxF9rh8ApRWfsIMQSt2uE4OcpQqbFu7f7NbTK05lx80nuSijCz7sc3a277R67g,Nice app for fishing and boating or any one using ropes or lines. Very east to follow graphics and video showing hi how to tie many favorite knots.,5,0,1.0,2012-07-26 20:16:52,,
lg:AOqpTOF7mIkoG1295-AIoILHPeN--R1iZEOnownsOUA1i8eSWMVzF-B0grO6lHROi6hhL1RoUYSKb5o-myK_bK4,A Google user,https://play-lh.googleusercontent.com/EGemoI2NTXmTsBVtJqk8jxF9rh8ApRWfsIMQSt2uE4OcpQqbFu7f7NbTK05lx80nuSijCz7sc3a277R67g,I like this app but it's huge! It wouldn't be a big deal if only you can move (install) it in the SD card but you can't.,3,3,1.0,2012-06-27 19:09:20,,
lg:AOqpTOEY3GVJSd3dGeyx13OmzjajrJGZ9F_oejYmHOwIUApG3Na4VbVVYxIzewFqmjYlrbUiEWxZokWUVaPX0n0,A Google user,https://play-lh.googleusercontent.com/EGemoI2NTXmTsBVtJqk8jxF9rh8ApRWfsIMQSt2uE4OcpQqbFu7f7NbTK05lx80nuSijCz7sc3a277R67g,Very handy app. Very easy and fun both written and visual instructions to tons of knots. I would suggest it to everyone. Animations are amazing!,5,0,1.0,2012-06-20 17:37:21,,
lg:AOqpTOGETBrg__kmWiK8zk9auj8TndJoEl4bysOwFn_nLmiWcnkOtYw3YRRZ1FtInUhPpderdiJbIQbpAMi0Zwc,A Google user,https://play-lh.googleusercontent.com/EGemoI2NTXmTsBVtJqk8jxF9rh8ApRWfsIMQSt2uE4OcpQqbFu7f7NbTK05lx80nuSijCz7sc3a277R67g,Great APP but takes up too much memory.  Need to be able to run from SD card.,3,2,,2012-06-17 04:29:22,,
lg:AOqpTOELWxQOsUldQn6Jr0zxVjGqrWGidI7xdbR1b3rFTJF_632D9jCVT7KsXs_at8DIDv5AjFw7QsxLrRFxlsM,A Google user,https://play-lh.googleusercontent.com/EGemoI2NTXmTsBVtJqk8jxF9rh8ApRWfsIMQSt2uE4OcpQqbFu7f7NbTK05lx80nuSijCz7sc3a277R67g,It is a very well made and helpful app but please allow move to SD card.,4,1,1.0,2012-06-06 07:54:56,,
lg:AOqpTOHdDQZN3jCmiGra6vDORfmNQZ6X44VSpNohEM-dGNebJAVOR82lBdPcoEVmvxqSJfiDsdPaK-8txdvqDoo,A Google user,https://play-lh.googleusercontent.com/EGemoI2NTXmTsBVtJqk8jxF9rh8ApRWfsIMQSt2uE4OcpQqbFu7f7NbTK05lx80nuSijCz7sc3a277R67g,Great for .99,4,1,1.0,2012-05-28 07:56:47,,
lg:AOqpTOH3bnljZtyTQnVpTUY9UagCvF6cGI4oWwSzFYERHiEhMSFYsg2odR4CfPBi8lqAMe4qM4beM3kYAFumrO8,A Google user,https://play-lh.googleusercontent.com/EGemoI2NTXmTsBVtJqk8jxF9rh8ApRWfsIMQSt2uE4OcpQqbFu7f7NbTK05lx80nuSijCz7sc3a277R67g,It helped my kids a great deal. They use to get frustrated with me now they have this app to walk them threw the steps.,4,0,1.0,2012-05-22 15:35:20,,
lg:AOqpTOGLDtKT2javYE1ZreuiKA8dFNL_3QIKCYJAUO55lr2v2A0J9uoknjTgUYR9Pyj5bvon4ep_vnr20HHM2cE,A Google user,https://play-lh.googleusercontent.com/EGemoI2NTXmTsBVtJqk8jxF9rh8ApRWfsIMQSt2uE4OcpQqbFu7f7NbTK05lx80nuSijCz7sc3a277R67g,Great app! Easy to use while instructing students to whom English/American is not their first language. Both illustrations and animations make it easy,5,1,1.0,2012-04-13 06:58:24,,
lg:AOqpTOFOCd5ZdWQXPo5Jb_GwO-Iv3H6bCp7fSi3I0LF6Mqai1ElDTEQ0EUxQKOd1j4GFKlLuE0x0As9yQtFKAqs,A Google user,https://play-lh.googleusercontent.com/EGemoI2NTXmTsBVtJqk8jxF9rh8ApRWfsIMQSt2uE4OcpQqbFu7f7NbTK05lx80nuSijCz7sc3a277R67g,"Includes detailed descriptions, step by step pictures, and animated videos.",5,1,1.0,2012-04-02 07:37:32,,
lg:AOqpTOH-TFCV1VzBRLl9MN3DMkCXb8Goq1Y_viQ8yux3H6gtPoHvVbysiM2f7Pp3sxt4hEp_HNG_QosHeSVP0XQ,A Google user,https://play-lh.googleusercontent.com/EGemoI2NTXmTsBVtJqk8jxF9rh8ApRWfsIMQSt2uE4OcpQqbFu7f7NbTK05lx80nuSijCz7sc3a277R67g,Very cool app! Thanks John,5,0,1.0,2012-03-08 16:38:24,,
lg:AOqpTOH1H7F00NHAHuXKW3Sz4T-qtgNATQ2LqKVaqijEgsIhynG9ReO8W9dE-slo5f_eMuLl4F4kmo_i2s2Rb_k,A Google user,https://play-lh.googleusercontent.com/EGemoI2NTXmTsBVtJqk8jxF9rh8ApRWfsIMQSt2uE4OcpQqbFu7f7NbTK05lx80nuSijCz7sc3a277R67g,Good job!,5,0,1.0,2012-02-28 03:49:32,,
lg:AOqpTOFs7XsG0hiM89Ia4_9Lh8vWVOAwg8EQ9cDCdau2l9P_tPey1lBXXBGy1_riX1ZhTR_0TQqglsYssVaOgAE,A Google user,https://play-lh.googleusercontent.com/EGemoI2NTXmTsBVtJqk8jxF9rh8ApRWfsIMQSt2uE4OcpQqbFu7f7NbTK05lx80nuSijCz7sc3a277R67g,Best knots app ever! A++++++,5,0,1.0,2012-02-22 16:32:15,,
lg:AOqpTOGPlWzdHh6XTVeXIZ5eEqih0m5VyWutwLXM2-rIJ4wFLU64J9Nkzo5RBXJAv72tiR7zaQhJCfY9bYws4_U,A Google user,https://play-lh.googleusercontent.com/EGemoI2NTXmTsBVtJqk8jxF9rh8ApRWfsIMQSt2uE4OcpQqbFu7f7NbTK05lx80nuSijCz7sc3a277R67g,I have searched around and this is by far the most comprehensive app that I have found. Has all of the info that I need in a very easy to use format. Great for rookies and experts alike!,5,1,1.0,2012-02-21 19:07:27,,
lg:AOqpTOGJAJ7TyjE1Cc_BLYCIbePCRbXyNskhF-Yk5hMFFFMZa_7Zi68IePpISU83CTZwaipCRA-uiclCGme-71A,A Google user,https://play-lh.googleusercontent.com/EGemoI2NTXmTsBVtJqk8jxF9rh8ApRWfsIMQSt2uE4OcpQqbFu7f7NbTK05lx80nuSijCz7sc3a277R67g,"These animations are excellent, and step-by-step detail couldn't be clearer. And it's always there for a refresher on the spot.  Thanks ProKnot!",5,1,1.0,2012-02-20 07:46:24,,
