reviewId,userName,userImage,content,score,thumbsUpCount,reviewCreatedVersion,at,replyContent,repliedAt
gp:AOqpTOF-r7Ui8Gbv6sXvRTugeHj-3tG-lKv3jopQDt5pdp0ItZpAWbiqpzD18lWXpFLbAvkJW_uKsYywCq6Ayhc,Bradley Zulu,https://play-lh.googleusercontent.com/-PS7oqoyFzJ0/AAAAAAAAAAI/AAAAAAAAAAA/AMZuucnj0pluv4Pi_oDR0B7Thx7aVpSGvw/photo.jpg,This game is so cool thanks for putting this game,5,0,1.9.4,2021-01-10 09:43:15,,
gp:AOqpTOGS5y51DeOAo5YHp2uf0o9_vuGrJQcQMxt0DUSU08n_jdzwIByiwFW6YtS_DuR06TjHwBkMYnz0aon_O1o,Connor Howard,https://play-lh.googleusercontent.com/-ypkQNDqDJwQ/AAAAAAAAAAI/AAAAAAAAAAA/AMZuucn7Zcqs4BhhI4rfU6M7dghIZrkCWQ/photo.jpg,It kept locking me out when I entered a event refund please unless you can fix it,1,5,1.9.4,2020-12-29 23:12:09,,
gp:AOqpTOExqJwHprMLmRFyizRkR0uMjqRS4ZPKDsE3UsNIm2cn-C69lvPLXZoqJr11V7TbQWyhE-xAKmuJEG38HD4,Hak,https://play-lh.googleusercontent.com/a-/AOh14GiOsgVqXnqmWjZCobqsl5yWbj0xbeREZxFJzWL5cg,Really cool game,5,0,1.9.4,2020-11-10 05:31:29,,
gp:AOqpTOFHCMlyEW9VWAgJImc_JI_vUvc-48PIASeqAXtlMl0Dzl9RvinQy0ywDaBTa66NKfqYMvH8hnDkEdHKYQQ,Jay Firth,https://play-lh.googleusercontent.com/a-/AOh14Gh4K82TNKCWuvmU_01OnmvL8w_ks2bTu8JiOD7O7g,great game,5,1,1.9.4,2020-09-19 19:39:35,,
gp:AOqpTOHA_MFyMrdmjjuGPDPQpCyDo7kmmtfI6FFoG9ou7vx309Hvd1CjKyrasxwBVm2yuVqWJ9BF-8d6ZqhRinc,madhu sudhan,https://play-lh.googleusercontent.com/-Aaw-QhKfIuM/AAAAAAAAAAI/AAAAAAAAAAA/AMZuuckrdvzB0e__bPz6VovAIcBxC1DKCg/photo.jpg,Very bab experience.I have paid money but it is autimaticly closing when I in it. Refund my money,1,2,1.9.4,2020-08-29 01:55:26,,
gp:AOqpTOGiUGvHlsnPvBep_3h-PEBnIYf4Fp2P3k30jlGTe7LzYNn-RZFv3NmB7ltbD-1RLYQN9mxTrPNjd1BMIn0,Tamas Lipinka,https://play-lh.googleusercontent.com/-FWq9LHDZ_S0/AAAAAAAAAAI/AAAAAAAAAAA/AMZuucnhGdxxN_9lmcb-RwFPzV2YKmnJkA/photo.jpg,"Whenever I ran it, always has stopped",1,0,,2020-08-10 17:14:57,,
gp:AOqpTOHrjQGnEDeRmqSwAdfAv_Lk9ZdrGiqTcGxOh9E6ueIiK9gxWz8ie2qlKcZAK3V4LdDoGo2n06oWh2Rh-UQ,Jabo Lewis,https://play-lh.googleusercontent.com/-aYsXoBsI8F0/AAAAAAAAAAI/AAAAAAAAAAA/AMZuuckjvZRX6LvYA-seuJ-_3lYHI2h2wg/photo.jpg,I enjoy the game but there 2 issues I have with game there is no 200 meter race which is vidal event of the Olympics and second the pressing of 123 in some is very tiring and uncomfortable if u could change those 2 things in think u would get a great deal of more downloads for this app. I hope you consider what I stated.,4,49,1.9.4,2020-08-10 03:16:55,,
gp:AOqpTOGcyoYXzHWqWnaWTzRekJp7wP6d9ANUHd6xlFGr6lEwk8q2qW2mLr6HAYxTa8Cd2mUqn3niVi-RdB7nKBM,MULA NAVEEN,https://play-lh.googleusercontent.com/a-/AOh14GhyA1QUvrYO-O8GwRe8PSfHtnTo_zVfc5CdLItYMw,This game is not supporting to my device every time when i open the game it automatically closes it self i have also paid money plz give my money back i didnt play the game till now,1,53,1.9.2,2020-07-26 07:37:48,,
gp:AOqpTOFSSMGrj2EZVhIwVTfSlDpnvfTTMCJQjxzysUm5YrRCGEm-A2-ntSvwgm1GB5hHCSB8tzrFiYZepmSvt5A,Kennedy Dato,https://play-lh.googleusercontent.com/a-/AOh14Gg9TuGeDL-tMReRb1hVm7MdRvsBiFmyo7Zj-706Ew,Excellent.So much fun.,5,1,1.9.2,2020-07-07 02:52:33,,
gp:AOqpTOGHQ4cbW176cN4iGlIfUK3AcbHMIL6Y9Eh56kuZqBUmCKcVABsOkIvjN8etu_YhFo6WE5bwlu4e6AyNuI0,Simbongile Nhlumayo,https://play-lh.googleusercontent.com/a-/AOh14GjFtHB8RROsq6wahRMrzbCEiUBKsJsPrS_0jEr4,"Too little sports, Part 3 must have atleast 50 please. 🙏🙏",3,1,1.9.1,2020-06-10 01:11:08,,
gp:AOqpTOFfYjbw86gxOHHgjy42PzcbDjdteuW9ra6li_xz0m83qGhIR4FAECoY3FdsLrND8DCz0ZveBVSMGDLpgDg,Joshua Daniels,https://play-lh.googleusercontent.com/a-/AOh14Gitlrpx5Fwn9eSZKgu_GiwCS9pVdt9HO_X9X0oU,Graphics are messed up. Unplayable.,1,5,1.9.1,2020-06-09 11:33:34,,
gp:AOqpTOHBI72aPO4dH9_zv1ZRbaIalAShH_PcSDl1mHtiyXD9yU4J81PPZGwF5ao5HzT6cA2kYrzZLKBcij6y2Ok,MOHAMMAD HAIKAL,https://play-lh.googleusercontent.com/a-/AOh14GiX78F5MQFWcm9TjDUOZ-mz5hhC3qq3frZ-icbChQ,Im realy like this game,5,1,1.9.1,2020-06-01 09:45:01,,
gp:AOqpTOHgYehZB1jbAYYcrOYmkTynoIOpkV1gLcUDNO26CN0O44mKpC15s2Z_wPCirAPIX5oAQRJmHOJ_sjjq3qY,john doe,https://play-lh.googleusercontent.com/-1KHXEv-NUTY/AAAAAAAAAAI/AAAAAAAAAAA/AMZuuckPViREPs2EOGs2QEX9fnPj0V2ffQ/photo.jpg,"Great game, but please add the 150m and 200m sprints please.",5,76,1.9.1,2020-05-18 08:52:19,,
gp:AOqpTOELs-ZHe4W5KzIUdxqDTwUgcSe2GmNEy-wcczQvzARwCs__lTz5T0k5ZQxKRwZse1z7sALNu-mzxjH0Bu0,Marie Stewart,https://play-lh.googleusercontent.com/-h2aRFVJH7aY/AAAAAAAAAAI/AAAAAAAAAAA/AMZuucn-ydWBgmwpaJY28dXzdRxP4XQN6w/photo.jpg,the best game ever really fun to play I think everyone should play it it is briliant,5,55,1.9.1,2020-04-30 23:18:26,,
gp:AOqpTOGSUyoZJWwjyBEGICv8y7WlmQmT59RW1dwuLI1Qy9XHlnD7QQ257eSHvQ45S41MY76Xw7a_E0uN-ErdrDw,Rajat Sharma,https://play-lh.googleusercontent.com/a-/AOh14GhVxxdKu_1VKCt4jry577xGSRYM_JBaCJVAnjRc,shooting all cannot,2,3,1.9.1,2020-04-30 14:20:29,,
gp:AOqpTOGxIWVtx26mSPzTjYs5kNr3neCjvM9YwWBoolZkoHAVIyCmsLjrS_YfCvQJt6oxh7PUEPs7qOAIm7xNQbk,_xqll.5_ channel,https://play-lh.googleusercontent.com/-reB32f2XC5M/AAAAAAAAAAI/AAAAAAAAAAA/AMZuucmANn0PWRvxnm-hGUpe98GopvPfag/photo.jpg,The games is best but you have to put gymnastic and badminton,5,3,,2020-04-27 13:50:44,,
gp:AOqpTOHtZeRK3S7yFU-jiyu0Pe0uS0ggEgLtpG6HPkWg8r3_aBnzMXxoWETMFmn2Qfsh_5lRlmM47BOIGW0k6Cw,Alameen Ali,https://play-lh.googleusercontent.com/a-/AOh14GgYAI8YEQTwj9Mm0gFgTC7yy_OhM0ptN8IzFrYFZg,Money waste worst game ever worst graphic,1,3,1.9.1,2020-04-26 16:27:35,,
gp:AOqpTOFXLZ15B4cRYWriEFWkN2PWJ10o0fmhyWQvaurI8_H8L4H-Z9TlRz8olyrLCaUjgQ_DrdbJXrowi_CLSAI,Lyon Le,https://play-lh.googleusercontent.com/a-/AOh14GgQvmdNySgdkjLR68gjlaiVjoRcMci2PX5rFArU_Q,Auckland to,5,1,1.9.1,2020-04-21 00:32:56,,
gp:AOqpTOGZ4oRlbxIPpS1L-54YySKntw3jK7TITkAMEO5wKxp_VhrPDTidePx_QIGtJ0LaeBQ63nyWbgK4I2jfyY8,roshni perumal,https://play-lh.googleusercontent.com/-3_8JjB8YTWc/AAAAAAAAAAI/AAAAAAAAAAA/AMZuucmfAplOb4kdmH55twA3J0tPzNZvbQ/photo.jpg,Best game,5,0,,2020-04-17 00:02:05,,
gp:AOqpTOHEKNivKPkP3xswuvZ4VAmnZSdnjrDpGZ4E3pdnl8vUvZKnCIwnos5efQGXzFm0S0w1bC0i3tsAODoZ1yc,Chauntalle Watts,https://play-lh.googleusercontent.com/-Hdfe6aps3Bg/AAAAAAAAAAI/AAAAAAAAAAA/AMZuuck5Uujldl6Toufcubhypd6ajUCtig/photo.jpg,Every game you saw on first one you cant play those ones but on second one you have of them,4,6,1.9.1,2020-04-16 11:12:26,,
gp:AOqpTOEImdJbR1qjcwYfDzgs9GY6ZPQIsS2R0cP0xuoTiSwBFO8wzqCg0MbH_eH1Pm7KQxv2xvQJiwaI_ykLu2I,Bryn Pearson,https://play-lh.googleusercontent.com/-V-g6JIT0W_c/AAAAAAAAAAI/AAAAAAAAAAA/AMZuucm4sGmOHlGCcR03X6hoJ8Rn6VCyQw/photo.jpg,Great game would give five stars but played on a new phone and all the objects in the game just turned black and was impossible to do most sports,1,66,1.9.1,2020-04-12 15:01:34,,
gp:AOqpTOGfGtnBsaHh8QjKNYWf93gHjiuLc9UvswMB_rp3-VBQXJccUEUL2S1bqsle71YzEQxUNhfRKbWed-aCsLg,Mama Haziq Anas,https://play-lh.googleusercontent.com/a-/AOh14Gjf_D6Im4mPIV1yF-vWGoIkBobIyH5b6VWQpamavg,I like sports touch until i download this app it is fun,5,5,1.9.1,2020-04-08 05:07:53,,
gp:AOqpTOEv6Q9tvYNfOLQ9UwTtlLjzvHwSRpBpQogvppBVuSd-iJ3edKP13J3pwW85RKDnc_fiGprY83tzFeaFV9U,Paul Boulos,https://play-lh.googleusercontent.com/-Ky7s66e9620/AAAAAAAAAAI/AAAAAAAAAAA/AMZuuckU_oyauR1Sh_HcOVs4BdwRO2-5Ng/photo.jpg,nice,5,0,1.9.1,2020-04-04 16:04:29,,
gp:AOqpTOHtBsrbhY9RadlKT1_ohP-yOeHi8n0zb5X8ndgDfl4aXwVllWxjBaK5a3c7Jj-x_MFHHwWGQDty193X6fs,Rahul Dhruve,https://play-lh.googleusercontent.com/-B6UMwVaVBMQ/AAAAAAAAAAI/AAAAAAAAAAA/AMZuucmDijl8jmgtP_-JA30WSNq23xVj-w/photo.jpg,Some issue with the colour in the game when I start the game. Please resolve it.,1,43,1.5,2020-04-04 14:59:46,,
gp:AOqpTOH1nbt4uZdBgFuZz3ZTFjon0DcTuAirl6HTT1eqjEL3oEnRl_D5PBcOAV7w46p-GjZiqgO5jo-FyfieR1w,Ananthu A,https://play-lh.googleusercontent.com/a-/AOh14GjAONIth-40jAuMs3lUGadtRz6hyZl8ZbSEIJubVg,It's fully in black graphics,1,2,1.9.1,2020-03-28 07:11:23,,
gp:AOqpTOHvj4JaiUQdJpuEseolr7wkCcy58u3kBl-XgPtQMxNhtwbQIRnX0R8g3t7BVFTlKHJS8slWPa2kUZ7eNDw,Wazif Luthfi,https://play-lh.googleusercontent.com/a-/AOh14GhJugp1Fv8Ia8OdwdKB4Qhr7zjbyduw6tRgjX71,Best wak,5,0,1.9.1,2020-03-26 23:36:17,,
gp:AOqpTOGjYDiwKH1vTYKFFKdnEU-wMCYvH8dyTmO6_7rOZzH9d8-IhKaKA60buzS9kgjUWcHIiwQqo-fzkXbtE6A,Florence Simukoko,https://play-lh.googleusercontent.com/a-/AOh14GgyGk1e-BGIW7NFq0WEPwUzaZ90BVCiHLjVt-pjmQ,This is a lit game but the graphics are not so good,4,9,1.9.1,2020-03-23 15:20:19,,
gp:AOqpTOGKDxC_pAr7MIhQIV3RYiwYBKq__cbZCJhpbujB0sqwlrAnYxDMsl2J7lNM3KjRZdDs6B-tPgjrtF1USFg,Eric J Acts,https://play-lh.googleusercontent.com/a-/AOh14GgVgmw5NhszQKD5OlVpXJrsf-_RX3wo7DMLzzEvGg,I love the game it's just that everything was black,2,2,1.9.1,2020-03-22 08:47:21,,
gp:AOqpTOHhuOmPfH_6RKQ-SjfjlaEJ3buRZmCw0xC5IZ9rjriOBLsDmTg4pE_jshMHMTDl8r4NfltHSX3xcG23F90,Haeyys,https://play-lh.googleusercontent.com/a-/AOh14GhucJqMpT8-O3eF4dKDaF3re9e3EzyEaqKGwtQ,"please add more event 200m,4x400m,400 hurdle n moree",4,3,,2020-03-17 19:09:24,,
gp:AOqpTOGbXfko9UJjpdUBJQVOqnVk3plrMIc5MUiro0ea5_A38iiUmX0xttzd0WHBRqu93b4NSq9IeF4-u1QQkRg,Zikri Hakimi,https://play-lh.googleusercontent.com/-9MsRBQd8IyA/AAAAAAAAAAI/AAAAAAAAAAA/AMZuucmKK_F6P-lH4fmol6deJP8868PAbw/photo.jpg,mantap,5,4,1.9.1,2020-03-13 16:37:44,,
gp:AOqpTOGPDfxyu9Zdu8LlxiIaciGAC3AzbgQOX3YKKz-YNX_zYZVPiL7Aom8VEe9Q7LMwdvTmfBo6YnS72Mh7ZJ4,Alhardy Ismail,https://play-lh.googleusercontent.com/-gu2aXzBG2Qw/AAAAAAAAAAI/AAAAAAAAAAA/AMZuucnm00OECqWIhK1zqnrJJvCZpCLO7w/photo.jpg,Fix ya game please. Buggy with black colour most of the time.,1,15,1.9.1,2020-03-07 21:47:05,,
gp:AOqpTOF2NwDuE38UBKzNSacKVghKEOObzxD1ViSMjMaNZIcKpAClFqymMVjXD1773IEZJmdI05XUumtv37Y8izc,Craig B,https://play-lh.googleusercontent.com/-HSuKI8J6gOw/AAAAAAAAAAI/AAAAAAAAAAA/AMZuucnVTMlA0hw7XGoZcRIY_LmG5-wzQw/photo.jpg,Game is cool but I have a bad graphics glitch on a galaxy note 8 and makes things almost impossible to see so can't play shooting or archery games.,1,47,1.9.1,2020-03-02 05:31:35,,
gp:AOqpTOFNcyD1iKHnrRxj9K0w_dQ3c-XYL_xz9TmVgqYDb0GBZUR1mU4-8UI5DvOpCrf1k_FWff2TNN_Y06o7O4Y,Joe ?,https://play-lh.googleusercontent.com/a-/AOh14GjRW50RX9YlldsYX--WvC-JQMLQvzWiN6mrWFIeDg,Love the game. Installed it after getting a new phone. But everything inside the game is black. The game still works it's just black. Don't know if it's just me or??,3,110,1.9.1,2020-02-21 21:33:09,,
gp:AOqpTOHqkp4-09RPdCEUVl4V0f_zJY_XXq7uNPGcL8zexzellt33NmWD1AyMJFUIdTzE4600_DCpaaxiW--Vwfg,Brailen Robinson,https://play-lh.googleusercontent.com/-__GD-r-UiWc/AAAAAAAAAAI/AAAAAAAAAAA/AMZuucn1366lx75XguZk9Uqgah2qn3FfxQ/photo.jpg,Awesome,5,1,1.9.1,2020-02-10 19:20:50,,
gp:AOqpTOFNIX3wSyRqjX3bNdMNMlMdSobm3fA9dzDXBHsm489fDfdLy3FdTq35vsQTQMSPULKkCMiUBjzLO-e7TFE,Mike Bennett,https://play-lh.googleusercontent.com/a-/AOh14GgvTX1hu3rAv2Z0kNtwo6ACXcLkgTHtF6FBu-pOOA,The graphics are blurred not sure what issues is but it makes game in payable,1,25,1.9.1,2020-02-10 16:54:03,,
gp:AOqpTOG1KrZOy214OiaXT5fnHsJl4TWqzxXVqyXOYN3SXCYtsaaYPVW5Ea8g49CVO8bJc5Okm0x9rNJvfFQG2Fk,Macdonald Fortuin,https://play-lh.googleusercontent.com/-N7ZASn4Ykrw/AAAAAAAAAAI/AAAAAAAAAAA/AMZuuclVy515VY8cLZQQklWMPQfenND-Jw/photo.jpg,Good,5,2,1.9.1,2020-02-07 03:53:44,,
gp:AOqpTOGhlJk6n2cFE9C3c19xiWZwoH7GNKagJcTywRbXUGohNGRl5VKxUdLu9PN-pO_eDmjYRmhh6nUrgDNzkKI,Hrushikesh Dalvi,https://play-lh.googleusercontent.com/-GBx005jmyk8/AAAAAAAAAAI/AAAAAAAAAAA/AMZuuck96xEVJmj9YwvhoB_VBU6edJpL9A/photo.jpg,Money west,1,0,1.9.1,2020-02-02 01:29:19,,
gp:AOqpTOH7RxVngGsosr8vLtQJtdY6HwDTOM5Dhngsz9XQLHQg4nu2lvxdG7WFmEz7jL1_EIAx_LGcupAekhmciYA,Amish Mundra,https://play-lh.googleusercontent.com/a-/AOh14GjohcKsFwmzYbRuGtBa493ZtvRQA9HOuFsA2Zvfwg,"Its an amazing game but it feels boring when you play it too much but at the same time, best athletics sports game I've ever played",5,33,1.9.1,2020-02-01 00:11:24,,
gp:AOqpTOGBuOusvJjTPdS3X0ctbXkmnC6s_JdbbJwpkzM4uSWSdxKBA72W7QP2NBTrxCxGuSdjj7Xxn1zjl_mzKDg,Esther Esther,https://play-lh.googleusercontent.com/-0D5043gylhw/AAAAAAAAAAI/AAAAAAAAAAA/AMZuucmCBpFjM8Zdz06tjqrniWGplPmd9g/photo.jpg,Make control improvement and many more events,1,2,,2020-01-30 01:44:44,,
gp:AOqpTOFghPjYrFF19jvHzwSmkuEESQqcl0ijAUFNDCjbDeXAUBb1PY8T2hbk80ZpMLO88Qg0DMzNX5aP0665ito,A K,https://play-lh.googleusercontent.com/a-/AOh14GhoV8cYgN9KjOXai50BsiYE9P1vjA5HkQSg8eUgdw,Graphic glitch black screen and cant change custom control position..please update better new patch,1,49,1.9.1,2020-01-27 01:49:15,,
gp:AOqpTOEDFdwH4EYpGYfJadKXu21nT7br9miiG3cZZow2SkQ7RCjOu-MbNapfNOiIMARhiTPhQEDztoX0V-p7PE0,John Son BJS,https://play-lh.googleusercontent.com/a-/AOh14Gjaa8DHwVYrgZDKhXmzSUv29A0vXMdThieHfIsqdQ,Grphcs are ok..but game controls are tooo bad.....dont purchase there is no update no.. Semifinals...no league matches....no name selection not realistic need update...... There is no update for 1time also.. So dont purchase it......... Needed tooo many corrections And update is required....I hate it,1,16,1.9.1,2020-01-22 06:21:55,,
gp:AOqpTOFPnXfkdUy0bxcZmvwKAoXHjdruLtwJFoynwRg8Qz_XgbQIanSzPJrAHjO1s-nQTrHRF-SptNtltnR7oT0,Isyraq Iman,https://play-lh.googleusercontent.com/a-/AOh14GiQq-uctk3bRy_g7b2gQdfs3viSHhKA5LOaWzcY,I not get refunds at this game,1,0,,2020-01-14 03:14:48,,
gp:AOqpTOFm6BpCwBWFcBEyNb9RqCU8jGjtuexcqq4ljs5d4kxyZS_gGyZkTWL-KOhD4U6m6yyCLXBFMxWXyRNxYS0,Finzart,https://play-lh.googleusercontent.com/a-/AOh14Gj7Asci6BPtp0ZQnQSyQY7CAkIJEsnYX1P6Qjcv,poor graphics. black.,1,2,,2020-01-05 19:14:58,,
gp:AOqpTOGTLwM--y1s8KwrlsoMMr-ERRWPeXsg0d3-TiE48DLNd7LaErB6EqlPx5etwhp4lJ5ZbjHJG9_KzPSOv3o,Justin Jeoffreys,https://play-lh.googleusercontent.com/a-/AOh14GgrHuyjJcZlRxTzJOTmc9zsklIgkct3xMXcvik3bg,Tops,5,0,1.9.1,2019-12-25 14:22:44,,
gp:AOqpTOGv1ty2Ccuq95NyGna3KMBqFIv6TAgOmhsKeD9q3YNgc3ygPz-5sn3M4QfCkSBf6R9AZstKiJR5kGBy8Zs,moiz kuwajerwala,https://play-lh.googleusercontent.com/a-/AOh14GgMqUJg1GcmP852dTOkcdCrLkeHnxjp-1Le_vT0VA,It's not good because the game is bad so i don't think it is good game,1,14,1.9.1,2019-12-17 01:29:00,,
gp:AOqpTOElHykZVs7IpjjVbFMIIXmAO2XFAdDxi6QLVQUTgqESJlQ8CLWiuO0BHzRlbSDN4cyZAQT8nAq2v5d5N7U,A Google user,https://play-lh.googleusercontent.com/EGemoI2NTXmTsBVtJqk8jxF9rh8ApRWfsIMQSt2uE4OcpQqbFu7f7NbTK05lx80nuSijCz7sc3a277R67g,awesome game thanks,5,4,1.5,2019-12-15 06:24:11,,
gp:AOqpTOF1zU8Lzt2Dnbub_b6P8s3iAloeUkC9NfI2nY4cFC0NF-ejzWL0qnknb0qzCtVt7Hu_O6uOUvfVEKFkpRw,shivam akii,https://play-lh.googleusercontent.com/-PZYkQN5Ru5o/AAAAAAAAAAI/AAAAAAAAAAA/AMZuuckX_b9QUf273jwBHKiokjPj6e76Bg/photo.jpg,Excellent,5,2,1.9.1,2019-12-14 09:45:05,,
gp:AOqpTOHdtAOW2b77uYA4rFRHkfgWwRICJCFvaDbwUG4-Vpxk4UfTZdObSvzwIiSwggnHWDdiWrbHLLQ51RbqjVM,Akmal Yaazit,https://play-lh.googleusercontent.com/-b1cEOJmOdw4/AAAAAAAAAAI/AAAAAAAAAAA/AMZuuckK8lIHvW4TnJIEAM_q4mkdrsWgkg/photo.jpg,The graphic low at my fon😭😭... Why??,5,27,1.9.1,2019-12-13 01:32:23,,
gp:AOqpTOHdM1qQCtcB67zrdn_7XeyPevo1NHdoIEZfRlIKW163G2OEehIbfgzYhyTvzRD36H0_T10AHIw2YQIeC8o,Chad Bernard Jevon Tudok,https://play-lh.googleusercontent.com/a-/AOh14GjOk85xGNSN9AMw1aIctTUnN2FXx7-Qx9tVLWDJ,please add more event please like the 200 meter and the 4×400 meter relay,4,10,1.9.1,2019-12-07 01:23:14,,
gp:AOqpTOEDW4kl12f4UGBB4GPvqQq5r5N0fym0nvS6WWxQC_-KDxk7NVkS4OWsnvDQ4KfK1Ju4TFi_331iWkt1-QQ,Vortex Bolt,https://play-lh.googleusercontent.com/a-/AOh14Giogq5kU1e7PCWCeBw-roSl1bnnzR9h9b1eMfAi5w,Disgusting graphics everything black,1,2,,2019-11-30 20:40:22,,
gp:AOqpTOErJ6QlPMNg-DFlP67YPggI8WLExWXV1eeXHDnysulN_polSdAUOtOCcGXJ4o60ZgLQl7PE3aBfE2nDX4U,Yoshi Ran,https://play-lh.googleusercontent.com/-f-IE1pGZcM8/AAAAAAAAAAI/AAAAAAAAAAA/AMZuuckIN0Is3UN3IBLetOFoAStLF5WccA/photo.jpg,What the hell man everything is black,1,1,1.9.1,2019-11-30 20:39:24,,
gp:AOqpTOG1mhFNlKVzHifquhFoPA0x3Ml3_RuLJTzNbKgrfB7uX1cV0uAHsJdy3JeR57BPcyNM4tJLqwZxd4lnRLE,Mathew Dyer,https://play-lh.googleusercontent.com/-cAfaVSOwQ2A/AAAAAAAAAAI/AAAAAAAAAB4/AMZuuckubzJKuAP3gqlWJLCTv0KY3qzgog/photo.jpg,Love the game pretty much straight forward. Lots events and good game play. My only hiccup is that for me its hard to get a good rythum going as i prefer the buttons to be the other way around so usually i end up playing the game upside down .im hoping maybe in an update that there will b option to choose which way you want the buttons . Otherwise two thumbs up well worh the $2 bucks,4,205,1.9.1,2019-11-29 04:04:31,,
gp:AOqpTOEdxPB86Zo1tnQOsHdxsIdg5iFP-vCciRSHAPF0pO-jz9KGqWbY7hDJDO4vjv7oSg_Yz7jrMEshRz8ckgo,Malachi Carrasco,https://play-lh.googleusercontent.com/a-/AOh14GgZl0w-z6uK6rySn0aKjCI6CjskJBOc8YTwyU9Chw,I love the game but I cant install the full version even though I payed for it and have enough space.,2,17,,2019-11-16 06:40:41,,
gp:AOqpTOGP5JAqyi4MTBWNwnwedwRfSN6luoqiMHGXPfEJeovl1phh4REL8hIwx2Ik3SUYSwXrl2wzwYXkAeghP90,Ancil Hanston,https://play-lh.googleusercontent.com/a-/AOh14GiApAQ86Dm6VKZg9nva-etFJHlqwA-9k0fQWhcPag,Some games have poor control like shooting archery etc,2,72,1.9.1,2019-11-14 08:55:38,,
gp:AOqpTOFa9FnWzjxJ7UuMm_JTKarihbEPgiiYLzI33vmcaFu0mLJr-9beATGWqll3hXDWdQqE_4C_alih0-B-ikA,Jeff McBride,https://play-lh.googleusercontent.com/a-/AOh14GhviLY2lU90lbeXy3MkYxfmTnYRF-4Ar9vF5n-2,Very poor quality graphics.,1,32,1.9.1,2019-11-05 12:50:51,,
gp:AOqpTOGU6UkeE5qb5BJGvSMamIOc8c0uIupAk8DujzwBrTzJ6GAZuEvClUd_SecbvZgkMvoKDhTXV0HfsvKQGwY,Dianah Motlou,https://play-lh.googleusercontent.com/a-/AOh14Ghzg0kLEhkVx7kUV_ANtd50P80NMZ4n1Jrye-DEoQ,Best game ever,5,7,1.9,2019-10-27 07:13:31,,
gp:AOqpTOGF1c6UtM_m2Xrt-sQuKpedhiMljP6CGaLIBNWkoluV-JP5r7P6a8mxd3fz8UwpkGWLoKfs7G_idxkbmXg,Mohd Zaiful Shah,https://play-lh.googleusercontent.com/a-/AOh14GjyC4F7U5njMya1HUGfaBFKuO8nWs2nIsUCR3PhIg,Good and nice,4,3,1.9.1,2019-10-25 12:28:01,,
gp:AOqpTOEep9LulYArdvKefXkfsZKGR8MGjc8Unvw842BJID50l3DqYPW1_3Stu_neEpf4Hqk-5_l6E-RvyH-sq9w,akbar farouk,https://play-lh.googleusercontent.com/-5wSsicRuYeM/AAAAAAAAAAI/AAAAAAAAAAA/AMZuucnyvuFt-jR5V5lYHmR8zHfviTdUzw/photo.jpg,graphic not fully load.. please fix this.. i will buy it again,1,11,,2019-10-21 07:57:30,,
gp:AOqpTOFGkv6_i2J1iJrpcqBMBevBk2meZtv6d34Tv2HtLexmahM7Hl59U23iv-VglA2I66V9txtndnU2YLzX82k,Carlos C,https://play-lh.googleusercontent.com/a-/AOh14Gg1YcMoycn0XmidHc9jDW81l2cAgw2vPTczReUYTg,I'M SPEECHLESS....,5,3,1.9,2019-10-20 06:17:36,,
gp:AOqpTOEDrWjAJ0DzouxoYJqul7UMA-ZapVWgBtsVvB0UAvj3_u7RKNxYBJRrbrK7KsM7t2OLjrQoHYIRuDYPInM,Sivashankar,https://play-lh.googleusercontent.com/a-/AOh14GhhRd56g2vMWm4AH0nNGKMhniLbRlD_MehgTyzl_w,This not working properly graphics must chance no,1,7,1.9,2019-10-19 02:25:03,,
gp:AOqpTOHunC02KThIkay7ZGKGQtSJm4MMHVb0iySaOn9w5gVonno_0E1YjZU0fCkBu4gGiriv721vX9xfkLJx5D8,calvin amedume,https://play-lh.googleusercontent.com/-ePpN4HRpahY/AAAAAAAAAAI/AAAAAAAAAAA/AMZuucmhbBXaGc17XWYpra-gUAwLwQiv6Q/photo.jpg,Good gqme but they should add 200m and 800m,4,8,1.9,2019-10-17 03:27:40,,
gp:AOqpTOHT4d0jwWX6wqGuwYy_lUtCFpz1UVUEwvIBuvCSACVeQ_CbLzfcR0OCJLSMsw-ASsl5pkGCfbZ7uO0iY64,I believe in miracles,https://play-lh.googleusercontent.com/a-/AOh14GiyeDGqRY3scUwZvOtuN3UbZRVEyjnsN0YDjnIPJQ,Special Olympics more like it. Why do all the athlete's look like mental handicap rejects?,1,4,1.9,2019-10-15 10:58:55,,
gp:AOqpTOFeMFA-ccz7eYusTxkDd8ZDL6xHyHXYKj-qXHomIb2X5Nh97HBmY83YQg6n8YN4-t9xqWFy6mUjyfFR_Mo,Nompumelelo Hlatshwayo,https://play-lh.googleusercontent.com/a-/AOh14Gj5aYfe_y_2ueNX-aF7FN1fNCD5NpYqdQUJ76M4Tg,Sooo nice,5,2,1.9,2019-10-11 08:03:16,,
gp:AOqpTOHl9BcAseeCuq5mfnWzb7h8UkiDR46ZLoMlu53wI2WR-4B6i0zaL6N7-gLu7CQJrQpCBtU3JDFiXT_7KsA,Hafiz Syahmi,https://play-lh.googleusercontent.com/a-/AOh14GjR-X9W0Gge3tqsdczGlIV7QzUNk70MvfY5nP2bKg,I'm not happy with the graphics. Looks like it doesn't load properly. It looks like rubbish on screen. Pls fix this quick.,1,62,1.9,2019-10-05 05:34:29,,
gp:AOqpTOFts0l66-DFkULbjkD7SoDgDuOI_KYCh5Od7t_cn3ZtdOUIWqCGHy5EXCo6fUY1zBWM-EG-vhNtXgvkX9U,Saksham Pandhi,https://play-lh.googleusercontent.com/a-/AOh14Ghs3dAj3LsXNRU7VUeWXAz9rxNIY36qkauv300lb6A,"Just bought this game for ₹99.99 and the graphics don't even load properly, i hope they fix it, or else I want a refund, ASAP! *Disappointed*",1,41,1.9,2019-09-28 07:48:10,,
gp:AOqpTOGzwWmvNsW71sLiZWqPCwtV8WlAp5cRCbFAJ_y4MSpCPItw-LRb0z5c7qzhV_Owa6Lje3tmjNKeI6KbMaY,Timothy Frost,https://play-lh.googleusercontent.com/-diwcU-gVGUY/AAAAAAAAAAI/AAAAAAAAAAA/AMZuuckdcqZYHEeeWCcq2b-euMwSX9MrkA/photo.jpg,Graphics badly Broken on Xiaomi Mi8,1,6,1.9,2019-09-26 02:10:59,,
gp:AOqpTOH60v70iL5CiHvoEtaEInI2PK6AKeP2TpHX6sMM8j5WEdCv5V7RVCaLLnEOLwH18SJkJWii8AeVYyYx5b4,zafarani zainal,https://play-lh.googleusercontent.com/-qlTDNZMCn54/AAAAAAAAAAI/AAAAAAAAAAA/AMZuucl4J-4kKZBj_WRkqlvwfldCOQaOFw/photo.jpg,the game best but want new update,4,5,1.9,2019-09-08 12:54:48,,
gp:AOqpTOEPef3-5D3q7eIEKiUEoa1gABFidhou1G4RyIyNPijyD6YTdFUsJ6NOVD-1Jw2LC_voa2IPVg_uULnrK34,Frost,https://play-lh.googleusercontent.com/a-/AOh14GjV0RLHx6cKu4W0a5kqm7BIZZwJ4Ty_Plfhi_D9Vw,My game's graphics isn't well I had to re install it three times and it's still not working I don't recommend it,1,13,,2019-09-01 10:10:03,,
gp:AOqpTOHE6I2BK9vEVaGYglQyMk-xNbmWXCDlalTemlXHoM_Z8gacJx85HvemR2NivgizNHenP7k8T2ZefuVs-c4,Doug Luke,https://play-lh.googleusercontent.com/a-/AOh14Gh2gBxxfeMPpZ2o1saBplGZomxQFHWgwZuC_ahTyg,"The graphics are not loading properly and it really sucks to have to play the gane that way. Its very glitchy. I just reinstalled it and am disappointed with the results. I am only keeping it for the terrific gameplay, vut please fix the graphics.",3,3,1.9,2019-08-30 05:56:21,,
gp:AOqpTOEdcRpGEOnefiLZW28hiFlorGl9yC7jmS8aThJy-uV5y3TCBoMf4gcXhLZLudcMGIHfNnc_tk6bDgMbUWg,Roy Watts,https://play-lh.googleusercontent.com/a-/AOh14GiYQjy9BCVOSsKIKy0P7lPC4pNHZWa7kfwvXnWk,"Just purchased the full game as i forget all about this, i left a 5 star review about 2 years ago for the free version and thought yeah will definitely support the development as its a great little game 👌",5,161,1.9,2019-08-13 09:55:01,,
gp:AOqpTOFhOI5McHTgpGyCoy-xOGNUySgTSmOXThb2TvMdZrGdTveJPLroKA2WFQSfHU8MPt7ghcUnpRKHiyyJIl8,crispina suibol,https://play-lh.googleusercontent.com/a-/AOh14GjiD3bM7yTA6CF2kgDQ7aW5m_lA7q4-0IWTVT4_og,"please add 4×400 m event, 200 m event, triple-jump event, and Lane selection",5,32,1.9,2019-08-10 03:29:34,,
gp:AOqpTOEd5OGucSTMnQiXS5Oq4itoiQ0I2CABL6Wlh6VJYFc66-FZTjAyp4oUY8dS7pKo4D3hv5gmEr_ornmrcxc,Aaron Carballo,https://play-lh.googleusercontent.com/a-/AOh14GimBwfTLqSA-kybMU34k7r9fspFJogESJcLc0VO,terrible game. the graphics dont even load properly.,1,86,1.9,2019-08-05 17:36:05,,
gp:AOqpTOFjPivGZfzW2uuO2VAz183fCFX__SsoAoCPfPMMoBgSCeSqa8UxDuCSs-VinVh0kvsWmI3yCuCXCvZtVCk,Christopher Ortiz,https://play-lh.googleusercontent.com/-3EoFT5mys1Q/AAAAAAAAAAI/AAAAAAAAAAA/AMZuucmcDFigPrm3_wtV8jFAdrfUf9P6rw/photo.jpg,Color is a terrible issue. All the animation is black and glitches horribly,1,16,,2019-08-02 21:07:31,,
gp:AOqpTOEdUA7EoyxsCKaHv0lOM--9ikLfpaC6VrScexvp3kFp1iBws58CiE1OHKYUt2FzqdlyukSqlzi1bka3P2k,Ruben Dante,https://play-lh.googleusercontent.com/-13fgL_AqUa4/AAAAAAAAAAI/AAAAAAAAAAA/AMZuucncX6pTtr82rI-RokxCE4ApXoIS1A/photo.jpg,Awful graphs. Cannt be seen properly,1,4,,2019-07-29 12:33:21,,
gp:AOqpTOFFgSvds0f_OHS71KTobSI7F-_KTw5bBdgVGmxChC_XwLH97Z9IabiS5-SeLBAS5_WF_NinUFc5xPRGems,XLIMIT YOUTUBE,https://play-lh.googleusercontent.com/a-/AOh14GgmBU8C86vuaAU-xmdaJiPKL0wuM-q4epLiMPpX,add a triple jump and 200m it will be more good,4,22,1.9,2019-07-27 18:43:57,,
gp:AOqpTOGLsmjHhVXTcNpbdPT2l5y9VDdvd7_tjXMcQuvtPFmLAFWMma_11nDTRL8VzfweT9YYPT1UOdDKD1HfbUQ,Oliver Norman,https://play-lh.googleusercontent.com/a-/AOh14GiZAX0biWi6LEQWJHNhRpnBDHvtuOBPuv_nWQLHVQ,"Dreadful game. Awfully repetitive, like someone gave up half way through developing it",1,13,,2019-07-25 06:16:40,,
gp:AOqpTOFqlAwv_woOt9l1cf1UAIZJNleUBtNTiKjGXQhS7ScmHYSd_1nogbPwCwWjOnq2anEvXkM7-oVA8ZSwwcM,cj Kumar,https://play-lh.googleusercontent.com/a-/AOh14GhGu7g8YYsbtiJKOrZTQL2gQKDIBdt8qPzeF4HO5A,worst app,1,1,1.9,2019-07-18 05:48:27,,
gp:AOqpTOFya-p8NJ3THvOBftCoCrsUP2tQRtHAJXnLqX7so8J674xyfH4WWW-C-im0LraoFQNvEhXQXdHBljvsoK0,are-i 11,https://play-lh.googleusercontent.com/a-/AOh14GhfS4Wje9chSCll4AK-i5W3ai4BcnSlMhmItdwY,jja,5,2,1.9,2019-07-16 08:14:42,,
gp:AOqpTOFiRLyB50A9r79XuhqOZIUekqmv3XBWEwHqcmscple7fp6F3-x-MSxAQC-4ASQzu6S69Cssq70mpOffBWY,Michael McGinn,https://play-lh.googleusercontent.com/a-/AOh14Gheloiihb1UsOz7_2fj_u7tElJXOYXbTwu2QUUxzQ,black lines throughout the game unplayable,1,9,1.5,2019-07-08 06:03:58,,
gp:AOqpTOGZkvfAWUBpbu7RPZnjmV88IBE30TJJEBhqTR33ZGh8AkK8-yU0OsKljaabSdmWqzLqUd8a4xtg7tLV-nM,Manto Vafeiadi,https://play-lh.googleusercontent.com/-JiEJzqZ5w6c/AAAAAAAAAAI/AAAAAAAAAAA/AMZuucnBKVccrJVO1hpiDDwVnDYfloAy5g/photo.jpg,"great game, great controls but i have problem with the graphics on my Mi A1",4,20,,2019-07-07 07:29:03,,
gp:AOqpTOHOdVJRtgA3PYjYL0CGdErqs0wdhc_RUBWMY-2rKOztyQSqdBhLjihnp5D6KS2ONjCb2zMiFBvZNohvXWc,X WAVES YT,https://play-lh.googleusercontent.com/a-/AOh14GgRZVSOAkGegbSi-JM2Z-m3Lsx5b-Fx1mWspXgnkg,very good👍,5,7,1.9,2019-07-04 16:44:35,,
gp:AOqpTOFT6u0yk-cOkPrMQFkTg0g9AUZyAC8iKS83EUcXhYjxxhv8Tj8z5TDDkGwSeHed1xlnVgvy4YvtSqURNUc,Liam Donovan,https://play-lh.googleusercontent.com/-dZdl4mq8wJk/AAAAAAAAAAI/AAAAAAAAAAA/AMZuucnJPjWXvUG7Rd0jddRQdlUzXY3lZQ/photo.jpg,it is difficult but i like challenges,4,91,1.9,2019-06-29 19:46:59,,
gp:AOqpTOErTJJcgsgnNvKgyerqt_oyYftwZjokK3jBesibW-bGUAwm6kO0RonaWzn73RkC9NI4yk_ZQAYgDNtHfkc,Luthando Mxhego,https://play-lh.googleusercontent.com/-hnyL5D-lYFU/AAAAAAAAAAI/AAAAAAAAAAA/AMZuucmCbTdHZnDzcYpU-a1CcXlo6ZdP5g/photo.jpg,BEST EXPERIENCE IN THE WORLD.IT HELPED ME REALISE I HAVE PATION FOR ATHLETICS,5,10,,2019-06-28 09:20:27,,
gp:AOqpTOFScfmmZPfaxLndIKKhTfOk3CtqRZQNr8lBA_IMg3KxLT89o6c84qX4F12OF03JufynOrQMJevvZyM7NoQ,ieqwan charles,https://play-lh.googleusercontent.com/a-/AOh14Ggn04cdAtCGV2DP6U8wYLaZAeZ6dV1S7Nic9xLD,bad game,1,2,1.9,2019-06-14 19:00:03,,
gp:AOqpTOGMXLz9VG_qRY4HqEAdeDS-MBOLcr7MEKWzWSes8rqtKQUFHIubrFoBp6awO1ECl_BFmToFobOaatO9b7w,Abdurrahim Raihan,https://play-lh.googleusercontent.com/a-/AOh14GgpJnZ98Ko3eaHpwpZhkfK9F0j4l6uEXGcQ3c8qOQ,nice game,5,0,1.5,2019-06-01 07:29:48,,
gp:AOqpTOEIx9tKH3mzN0KOGRwgMfQnboInaYj7yuF7O6UQi7tNbqiOgWjK5hOOYZ1pw6NtmSPFVeZItUw5v7EZDzM,Rene Rios,https://play-lh.googleusercontent.com/a-/AOh14GiJsoAJnLdyNgzLoCokkdRvIo8rJgBueAk6bqlSJg,My worst app purchase. game always lagging crappy graphics. Dont waste your money on this app.,1,21,1.5,2019-05-27 19:12:57,,
gp:AOqpTOF6VK3mbwT8DMT1bumpnc34WfDZRwgu6Fc4GEqQwDDKZ6ELVmINprRRnc_yY72qkXh2GuQ_fnH7vOAIz7Y,Harry PH,https://play-lh.googleusercontent.com/-ZUoh8dh_Mzw/AAAAAAAAAAI/AAAAAAAAAAA/AMZuuck0smW7ZrGfzmeb0xPo_G-tTykDUA/photo.jpg,great game,5,0,1.5,2019-05-27 05:04:22,,
gp:AOqpTOGm8Dr5gpklRTsEsGgD7z8r-dD9X2ebLd6kCLsSLMyBIhQGFS0im_1MGwFcDQ09jQOb4G_kHGM6rM8hinE,Dean Zharare,https://play-lh.googleusercontent.com/-nOWh9hF4iWw/AAAAAAAAAAI/AAAAAAAAAAA/AMZuucnOEz_VYsIYoq9zHIWtG1HzbQE0Cg/photo.jpg,it is a bet glitchy ??????????,2,5,1.5,2019-05-26 03:03:06,,
gp:AOqpTOFgk3oqngHR_jWs4RTSfsQwahRs6em-k2w1qRCG2tS-t5DLVpuz5fZATtWJ4-0vatGTnvRGodKQDullBN8,I2orHefty,https://play-lh.googleusercontent.com/a-/AOh14GjEMHHQFk-uCxBNx1JXbWruklrIjcTq4mWdfg8vDg,great,5,0,1.5,2019-05-25 13:37:09,,
gp:AOqpTOGgKuFH8swZBOut7DWEFUpBYv7ti2QYSPmI0MfVVTB_oZA1uFyYOVfYPRb3gBv_WKxWwBWkpI5DcOfwy9M,Chris Allen,https://play-lh.googleusercontent.com/-LZpxXqSbgv4/AAAAAAAAAAI/AAAAAAAAAAA/AMZuucn6deEskGL1Uyrfq-lN-tjnCq-6kQ/photo.jpg,"Almost impossible to play because of the colouration issues. The free version was slightly glitchy but this was just completely black across the whole screen. The shooting and archery games are impossible to play, the aim doesn't work at all.",1,120,1.5,2019-05-21 11:15:17,,
gp:AOqpTOHaVxwMoNreOWNiz3_b8ybtSPm0m2W1-qrU4WElHtHSAyKpeJJLZDcZaaRM-ic7cGky6y5j1azbPe-XBVg,Himanshu Jain,https://play-lh.googleusercontent.com/-Ubgw-16a_lI/AAAAAAAAAAI/AAAAAAAAAaw/AMZuuckSJ-Xg78YXVfMFweljSmCeVyiCPQ/photo.jpg,very bad graphics and bad control,1,9,,2019-05-19 09:31:11,,
gp:AOqpTOHT3P_svQnJ0Z_4eSELKrKYv7-rqdE-OCoCqnsh6QgU_0nJZPD9o-e6d0unrzm45hMNkluXcOrQi4jTLy0,0008 Christopher Sawing Anak Ramping,https://play-lh.googleusercontent.com/a-/AOh14GiRzrHE76PETrSAihiViFFp_9VKjqd17JMgQFHx8A,the graphic is bugging...,1,12,1.5,2019-05-04 12:58:33,,
gp:AOqpTOHjo-Sn8Xdsj8RREDR0ZIhzp2usz2hc-gxU3ATnj-Nl9ENmFymvv8b3Lq4YoGov_UmKmtnTi2ZFeMGIQqY,Fat Far,https://play-lh.googleusercontent.com/a-/AOh14GgyL5CD9PujSWel05apDyF8jGDg9dPmaZkakGOB4Q,"I really believe this game could blast off and be a popular application if more effort was put into the feel and look of the game. I love this idea and the game itself, but if it was revisited and the textures were corrected/refitted, the animations looked smoother, and if farther distances/times with more difficulty were presented to create a more competitive aspect, this game would become mainstream. Absolutely.",4,122,1.5,2019-04-28 21:26:07,,
gp:AOqpTOEt7Yyi_dohYEny0WJKp-hIQ0VmKgxBhZYK9VeINmCIktdmjf0QOhY1GrliZfOk_e_bKabaZXhrI1ob-8o,Muhd Danish Haiqal,https://play-lh.googleusercontent.com/a-/AOh14GgNJs8ghOSvWSjMwZg9-LdnlIAJcsgXtgTbOtSl,"i can't play this game, the coloration messed up..idiot developer..oppps deveLOSER..i already paid for this game, and where is the colour?",1,18,,2019-04-20 10:37:48,,
gp:AOqpTOHle3l6NQYrsbp_WKMtp1D9lUpOl1I8ITcRMub82BJvJbb75R0S8EZSClJI0vLjF0I4xMIKedeObVZ1Mbc,zian zian99,https://play-lh.googleusercontent.com/-dAAUrlMHqYA/AAAAAAAAAAI/AAAAAAAAAAA/AMZuuckKFHSMfZ3M1HatACCAO4ecP6MKPA/photo.jpg,goods,5,1,1.5,2019-04-15 18:52:21,,
gp:AOqpTOGGiR9-86IrxVNGtcsaoijcFDAtPvc0V4J6h4K7uBSHB6XtzfkVMqQJz7FZ0LJofrY1L8TcgaciRxjtAY8,Daniel Urquidi,https://play-lh.googleusercontent.com/a-/AOh14GgjE_AszjR5Wg41O7YnVBnCrLqlnmRypQrkcXkJ,"it's good and I really like it, but I notice only androids have glitch where the coloration is messed up.",4,88,1.5,2019-04-09 17:06:12,,
gp:AOqpTOEq_7-KE7xvhrHCVGzwOqbLbIpkHtPDFh5ke-KaKzR3vfrTADzxV9pmAZ-cO-vXJ6aUP-1XT-hBuAHL2F4,Sonja Riches,https://play-lh.googleusercontent.com/-ievDyZCP6ds/AAAAAAAAAAI/AAAAAAAAAAA/AMZuuclBnGj7AFxboRMZnpoEyGRj6Qo_sg/photo.jpg,its good,5,1,1.5,2019-04-05 11:53:55,,
gp:AOqpTOEN_PbMpbEWt2TYbMNV-p3yTSt01wPiT8sscxmUDI0DpYbHaoh1ri5NkRCLyzrkJHAFBYPd8e8SZI8ocXw,Milton Prodehl,https://play-lh.googleusercontent.com/-S4qvthKO640/AAAAAAAAAAI/AAAAAAAAAAA/AMZuuclpCZ0u4NBy2oVvqpqeVSMNYMzejQ/photo.jpg,One of the best athletics games ever!!,5,21,1.5,2019-03-21 09:18:36,,
gp:AOqpTOHwozDB5TBc4RghNRlURDeE-law_ADTEBBSaxJ5jxMvqJSAGx6In6aT5_KKTVv74HOE2NSYFVYP3Zixw_Y,Raydoffa Braziel,https://play-lh.googleusercontent.com/a-/AOh14GgoM1Q2nuedkpr2FDarTCXhUe4e26TA8e99mnTA1w,"The graphics are not loading properly, so the textures on everything are either not there or wrong.",1,28,1.5,2019-03-10 08:48:37,,
gp:AOqpTOEoL_xAsz7cXqhRCyZmSFRE8SzNDBe_LnUs2CzMjQ5gSObAOaYIxmBYYcnpD59IacbjD2vNl5gZd_x2UP4,Jai O,https://play-lh.googleusercontent.com/a-/AOh14GgLAotATUk1ttPXe92Xi27_DpIz_NuKGWKgdneVBS4,"the coloring was all broken , I had this on my old phone and it was so fun to play but it's not even the same experience when the coloring won't load properly.",2,55,,2019-03-09 15:01:34,,
gp:AOqpTOFQmFuwUwWoWRKqT7ISW9n6w1GyDQ4Ycj6R1F1R1REK3tU2qNIviMs0FpHAuxiV7fouaYkrZ6EvONY5TgQ,A Google user,https://play-lh.googleusercontent.com/EGemoI2NTXmTsBVtJqk8jxF9rh8ApRWfsIMQSt2uE4OcpQqbFu7f7NbTK05lx80nuSijCz7sc3a277R67g,its good for me,5,15,1.5,2019-03-08 04:55:17,,
gp:AOqpTOE7bZenGbl2IfPCZIjsTOHTxu6ukndtnjXHwxicWowoCGMlCkqRbjwE2kXx2D6IFM2_CVYwSDxes1lbNlI,Danish Haiqal,https://play-lh.googleusercontent.com/a-/AOh14Gj7gHslL6Hb3kGDjPYnz6zojUh76A_ixpfeRAOm,please reply..why i can't play this game..before this i can..but not now..now it looks weird,3,22,1.5,2019-03-01 02:05:44,,
gp:AOqpTOFGz02jPLNHwG1kzZJAGqImf4crajbn-C0FEva0TiXIN6g2LYz7ZEjlZthgG7HVhciS1FemEb_ra0iEmFc,Shafiq Ikmal,https://play-lh.googleusercontent.com/a-/AOh14GhN5NVYNRUYrV-wnRr4TEMGE2iCcX3wEPNTJageng,good game,4,1,1.5,2019-02-15 21:40:38,,
gp:AOqpTOEc71KUobk5tdIPYSfWhbhz_YDapABdTnq9HYSljRFhFZo2mukufyAY3BbPVlVGrGR0b-w2HrAWGujbqlw,Tiego Phahla,https://play-lh.googleusercontent.com/-NojD2M4g3KQ/AAAAAAAAAAI/AAAAAAAAAAA/AMZuucld-Y-rUS_skLrQsW1nMeLRWXMczg/photo.jpg,"controls are worst, totally unplayable",1,13,,2019-02-12 20:33:55,,
gp:AOqpTOFCcJHqCErp37fMAb4aKmn6iU7xNSburyIBuNdCHRyLwFS9gRbnsOTVy-fiqrvHRb9ZPXiD7j2sl8LLm9c,Ikhwan Nasir Mohamat Tahir,https://play-lh.googleusercontent.com/a-/AOh14GjN1R9dupmRmNktyhKGxGIE3HNu3JnUqR1k1DNI6A,"Need more additional events like 4x200m and make another features for Women & Men. overall, I loelve this app😊",5,133,1.5,2019-01-27 07:22:28,,
gp:AOqpTOEozgYu7K_ViAN5T3hq7o0mF2SFMdZKPiLjzDRf2LzM8zCkCQPg9EUcw2FtMtVo1BkjoMZXV-6JY2JlgvU,A Google user,https://play-lh.googleusercontent.com/EGemoI2NTXmTsBVtJqk8jxF9rh8ApRWfsIMQSt2uE4OcpQqbFu7f7NbTK05lx80nuSijCz7sc3a277R67g,"The game is fantastic,fun nd easy.......it also has good features",5,37,1.5,2019-01-08 02:08:44,,
gp:AOqpTOEgAQdtUqofIl27tt_dndb38KPDjubRyk1A-0t5Ff2YK_ZaKmZ_luOsSSA_IHoNFhkdiwcNnLyCZjjqWOU,its isaac,https://play-lh.googleusercontent.com/-NxhYtCX6eSw/AAAAAAAAAAI/AAAAAAAAAAA/AMZuuclSnQ2fpTyBg9On336nSkDbfcNOhw/photo.jpg,This game sucks dont waste your 2 bucks.,1,14,1.5,2018-12-26 12:47:35,,
gp:AOqpTOGcHwQcQ9Q3i1l4ZAyoJRSkCVJbMIDrjbj11MlH1ix_xSjAMcrNY5gnUSpQKKS6e0CJXY8YV5b1IUSbU8c,J.Brandon Ray,https://play-lh.googleusercontent.com/a-/AOh14GhIuYGILX80NI3fRPlFF3BMsYuRW7yXCwK0UdkoUZ4,bad graphic hard control terrible game,1,9,,2018-12-18 00:31:57,,
gp:AOqpTOFsoDM_Lgh3-xLu7qeXRCjt82WiH8sKeCuBPVimRX6XAYa61fuSqXqFhR08VDI7jCNSH3zqoKYwOVix1gs,Razzaq Borhan,https://play-lh.googleusercontent.com/-TVzjnUXXGNU/AAAAAAAAAAI/AAAAAAAAAAA/AMZuucnbeQ3YroaJG-P9Xs4KEx93iBPCIQ/photo.jpg,when you want update again..,5,15,1.5,2018-12-05 03:43:04,,
gp:AOqpTOH8LU-FzWOjgtqBLPslSzlXsbKvQaBkh299gIaIUTXIxEmXwM8nNt79ZyYC57vE936KhGLy-friTWf6TSg,Vasavi Vetcha,https://play-lh.googleusercontent.com/-U9tl4aNKAaY/AAAAAAAAAAI/AAAAAAAAAAA/AMZuucnwTYKPru6qyDvpmbPcwsYWxk3ZjA/photo.jpg,It is a good game,4,4,,2018-11-27 07:34:29,,
gp:AOqpTOHP1R951WXLtkUoz81sJ5EIQt3H1zv1HDTvxZ5LNr_4cQjaZBsfyObmRm8nvPuT3FO-eRXkbYnkTJ-ePgQ,Richie Colon,https://play-lh.googleusercontent.com/a-/AOh14GhgWQpP5_WqpdydrJr1EKHMbxJboSFc5q977TNE4GI,Game doesn't work with Android latest version...last game update 2015...why bother with a game that the devs don't bother with,1,96,1.5,2018-11-17 16:08:54,,
gp:AOqpTOEARuRwWxu4Q6UnQv3o7gW3JiKUDREvmkEcJ-Ju7SEFan2TR6KQJ5G_aBI92QPhDo8OXcTk1Qt6Q8aVYBE,Triple H improvements Jacques Pretorius,https://play-lh.googleusercontent.com/a-/AOh14GizkzOOJ1ujPyMGkrkWmOafwW3TRPMFhZBGv-Qk,I win all the time. Have to be on the buzzer to win. 100m rekord 9.42sec.,5,22,1.5,2018-11-03 14:34:54,,
gp:AOqpTOH9Mxq5xQeE3jlSfFBcecJsI-Eq3SsqddnYqePe9qT6WyelL6VbBQ4VttFyiLeH0s9wZ_0XjYnjILbVJP4,A Google user,https://play-lh.googleusercontent.com/EGemoI2NTXmTsBVtJqk8jxF9rh8ApRWfsIMQSt2uE4OcpQqbFu7f7NbTK05lx80nuSijCz7sc3a277R67g,It is the best,4,6,1.5,2018-10-28 02:32:54,,
gp:AOqpTOHBrRrimHlYEXixBcZ11nJVqp8SvlaJ4FbqlDc19EWs5xmpecfyhn9l9GYltC_0yT-dWXPTuenPbwdHcNY,NISHAL KUNDER,https://play-lh.googleusercontent.com/a-/AOh14GhJQ31LLkgaG7miJiSZKtnxx_JpBPq9-j_W1XyDxpc,The graphics look black,1,6,1.5,2018-09-20 00:49:44,,
gp:AOqpTOFdpOYTss8p6AH0t9xs5N56teAW9ue4wsxNmw7T40rylCJDbCRF2f9VuCkNF0GIxQyl07H7bLDglI-R5y0,Akiem Jamal,https://play-lh.googleusercontent.com/a-/AOh14Gj5AogfZQ9OCWq8Z7neEOgq3iMmjQoNbURwCExW,Nice game 👍,5,1,1.5,2018-09-12 10:41:06,,
gp:AOqpTOFavWGtytQKyVd8AbOxuCGlW7TMa2jaqMYOctjCPlGgJ2hQPp_cWQ3kG_whagDnFbvI37rzTEk3BzZqn8E,Khadar Basha Shaik,https://play-lh.googleusercontent.com/a-/AOh14GiK26xc1NOu86ICy0ncfjf7du4tDxkOjiHTglwFSg,This is a gud app,4,3,1.5,2018-09-09 21:22:41,,
gp:AOqpTOFmqcIgLvlneyZfWt7HBH6l7kOqmv8RBDQU2vmYvsKrtgY18UEajcTB12yEAX26RSlZoVNTgbPQe_sNq7c,Hafizhullah Zahid,https://play-lh.googleusercontent.com/a-/AOh14Gi9E0RYAnIXgpI27fkEKIUJBXrfGhisXsCz5Wa0jQ,Black screen after purchase,1,1,1.5,2018-09-01 11:22:56,,
gp:AOqpTOGU3367LwTk8mkgFipndNiEZhDXe_8oIrcQTpo4cGQo2RqJ9dhkqZiE_SSSVLIjPPKlI_8f7xqkHwpB-Sk,soham naik,https://play-lh.googleusercontent.com/a-/AOh14GiLzEVQ0RDZCGsOHvVWTkytxtZjsafwGOYthx8vjw,Excellent game but of late there has been graphics issue,1,1,1.5,2018-08-28 10:36:17,,
gp:AOqpTOFp-RJFOE6SH2wBKXYiOUiRnA851cWx6VKnEPOA3wR4qvdsWgO8ONOuMmafzNALnWeIpPO3gFr0FaqKJCg,Kelly Brookes,https://play-lh.googleusercontent.com/-unGTa4gJcq8/AAAAAAAAAAI/AAAAAAAAAAA/AMZuucllbDa-0i1Vf6OyhRD_sIQTKwZFQQ/photo.jpg,"The game seems rigged. You can't win most of the events particularly the jumping events, pole vault long jump high jump etc it's ridiculous. Make it fairer!",3,12,1.5,2018-08-21 16:46:49,,
gp:AOqpTOH_kPkX_sYJusMeTpXLNOuy8GsTu6UZ8thy9K8rqpGjkZO2zShpytlMQzWRpkQ-v3eUVE4XaoGDaUZ6VLo,rage duh,https://play-lh.googleusercontent.com/a-/AOh14Ggwtce0c3MFBP9cH14Auy4XOZ-YcFC8quqQdYeYsw,"Overall, I love this game but I would love it even more if there were more 
games (a second page) e.g: 5000m, gymnastics (another app perhaps) etc... 
And events, leader boards for everyone who plays!",5,3,,2018-08-12 13:20:08,,
gp:AOqpTOFDBuqCglEI73-t4gr4qPal6cweKDES_wwytWlU-tatge_SLPmKv2QrDJQhYB92AgB2RmkQSW9bSGf0B9I,Joe Nettleton,https://play-lh.googleusercontent.com/-qfS3uMgYkIg/AAAAAAAAAAI/AAAAAAAAAAA/AMZuucnl_ykc6d1ykmRsxam1TIh09DEf9g/photo.jpg,It is AMAZING! and i am sporty,5,4,1.5,2018-08-12 10:10:13,,
gp:AOqpTOEfJBtwhekG70q-Mo7013U5a4PlDv1SOms4cxWO4hUbwE-z7poqMFHXCbHUAIzummi5jQg0mYKe0S4qL_8,Banjo Gro,https://play-lh.googleusercontent.com/-F3Bjz4zLsOI/AAAAAAAAAAI/AAAAAAAAAAA/AMZuuckgTUoOJjfMEZQyUDB14F-yLaACzQ/photo.jpg,"It used to work well but now, graphics are broken (black shade everywhere) 
and the controls for the shooting events don't work.",3,3,1.5,2018-07-24 20:30:58,,
gp:AOqpTOFp9RV4pKNapYH1iopNIhq1GVC71jNxoffVzKTpM0wQGoxZOUuh86bcZgDHrB72QwdKJwC6BKFPN3rt0Fg,K T,https://play-lh.googleusercontent.com/a-/AOh14GiwyKLQrjc2JocoddlxRUiONAJ_7e-QNLpBBtnVjA,"Worst graphics, worst controls, worst game , I need refund. Pls don't 
install this game. Garbage",1,1,1.5,2018-07-24 11:02:58,,
gp:AOqpTOGYls1QQvVIIzZ7RhJXb6Nwa_s44tjIC0ai1s4ALyW8kRss8kiRYiVwk5tuYQ3avW69-todBTMdJgjTeOI,KIRAN GS,https://play-lh.googleusercontent.com/a-/AOh14GjosZgLpjgguyLjQ1vHIRbLcJflig2m2Zrw5f7FwrY,costly.... repeating... but entertaining,4,3,1.5,2018-07-24 10:51:54,,
gp:AOqpTOFK3DiyaGOg1tSHUPuxyc4FOGbAJaJ3nt0QsCA2WRS1dzq2ss8Q-OYrVC8ucK0TgbCSP_847XSGKY2pvGw,joseph perez,https://play-lh.googleusercontent.com/-ID7q4CvazQQ/AAAAAAAAAAI/AAAAAAAAA4o/AMZuucl5RvOv6mB-SSOor3l4OMyEACP3sA/photo.jpg,"Please help me my game is messed up the graphics isn't what it was now 
there is this black shade help",5,14,1.5,2018-07-07 17:28:07,,
gp:AOqpTOFWa094ZCw_RD3hxvbHZq4rZMiuwilzH6Ol5CHSozwAVVfOYj2lh9a5KmnVVIwv62QHUWIDhL3HHlL8K6c,Aryan Vakharia,https://play-lh.googleusercontent.com/a-/AOh14GgT9B2t9lkQ-RmBG4Bx-0_HK-Fg1O10ikEXmEpHxg,"Sir please this game is not working in my phone and graphics are so worst.I 
cannot see the gameplay.Please fix my problem or refund my money",1,3,1.5,2018-07-02 05:35:06,,
gp:AOqpTOEZ-fni1lJJVcjuDFnV5jvNypUytL_N2RCD0ogjBSvUvy7J_Tt69w_QTNeE2LJFZw9FFDtbcms1xtKovho,David Foster,https://play-lh.googleusercontent.com/-ydczf4zyESE/AAAAAAAAAAI/AAAAAAAAAAA/AMZuuckKehdvCFgiJwxtMj-shB92rz2Qqw/photo.jpg,I love it,5,1,1.5,2018-07-02 00:14:25,,
gp:AOqpTOHaYrnMWi75boRBPb73FLPzbpdd79vqk1YFsc8WZq3NzqQlnCmwZDEvDXmyfTMW3hEGBDNiO0jXrYdo9QU,Xzavier Craft,https://play-lh.googleusercontent.com/-thjj5OJ1Fb0/AAAAAAAAAAI/AAAAAAAAAAA/AMZuucknYXpaPJRkaLOAi5ydehKi5WK4Uw/photo.jpg,Love this game,5,1,1.5,2018-06-14 11:49:26,,
gp:AOqpTOElIbh48rpV0GHQZ-LAJz8wSaH-gXbzcQch8ivG7YPl6BM4AK_M0IOKYs0YZepxeM_5y5iz6QLJqtCN4JM,Shubham Saini,https://play-lh.googleusercontent.com/a-/AOh14GjDTsTcUklHvVnrEv3XcSs8C0W-RlHXk9vSCeu4VA,"Very bad control in some games like rapid pistol... U cant win in many 
games like.. Weightlifting,hurdles,long jump..etc.. Bcz these games r fixed 
from game developers... So dont waste ur money nd tym",3,32,1.5,2018-06-12 04:33:17,,
gp:AOqpTOHTVeDNiYmYcR0RYMtGJzvlVmEsgS-s_dOhspo5A0ZMWkf1EGJZ6vCAANEdiSsvYPAtfshujee1ll-tSZw,Aleesha,https://play-lh.googleusercontent.com/a-/AOh14Giu-_W2qcLQXbvOcKC5n0s-vZLh3-m8mI0d9lGo5g,"This game is terrible. The lag is outstanding and the graphics, oh lord. I 
like doing running events and stuff but the events like long jump and high 
jump are stupid cause they don't let you jump. So nice work.",1,17,1.5,2018-06-07 09:36:42,,
gp:AOqpTOGgcxmrCiMQ4be1m-Iu2otdDkFj3wB9jX0jMqD7j5taPWhUnFwd7ev670rEltrmbMcB2DxMyyTuwbBu390,The Ziovo Guy,https://play-lh.googleusercontent.com/a-/AOh14GgT2lWEhJeYLqxclb7PgZOJWB8H3WLKGJZ-Rrez,It takes long to download but very good game,5,2,,2018-05-26 22:09:27,,
gp:AOqpTOEdrgv1ApYZFYhNXOm76I5AlwY5RzzisHNiDziYQif8rmrSdyJBmPa-3YwGr-ZRzAsaeU92snRzuNVxRnI,Megat Muzhaffar,https://play-lh.googleusercontent.com/a-/AOh14GgAcliFBI_Cf4XdI1YMOf_rWyDkX2GBXyF6PrHJqQ,Need to add more sports and events to make the game more fon,3,1,1.5,2018-05-18 17:06:47,,
gp:AOqpTOE91BvfQumzGjlQPIOamDDNAkKuKD7sZI7aWA06EalRwaJTVVn4uWTwIexsqta3NQr6okVWvclonyTcOPg,Dylan Brosseau,https://play-lh.googleusercontent.com/-WiMefD5WMu4/AAAAAAAAAAI/AAAAAAAAAAA/AMZuucntNlSlpsHKuESX24qWVxgLoW7hOQ/photo.jpg,Some events like the 400 could have better controls other than that amazing,5,2,,2018-05-16 17:29:39,,
gp:AOqpTOGrIhSSvFGqbuLFnSWngH1mdv2CSkvI7Pdg61z34bRQKlfZxU63zMnL0nWQxxJlbTxWuJlaMwuXAQ3S7Z8,usha bhargava,https://play-lh.googleusercontent.com/-QhCc6_tknBw/AAAAAAAAAAI/AAAAAAAAAAA/AMZuucmRgQTgwJm6IyFlxS87vGw_7kGGHA/photo.jpg,Best game,5,2,1.5,2018-05-16 09:40:11,,
gp:AOqpTOH62RuK663E8zVWeH1_KwRQYtjKkI5kYapjNnXOjah_M86q8tQiSSXePvRIi99r_DQ4iNCAELOdHvHQlnc,rohan star,https://play-lh.googleusercontent.com/-ddnSnEjoMic/AAAAAAAAAAI/AAAAAAAAAAA/AMZuucnQLoOQORgdTA-UupOFCpmncH_8Rw/photo.jpg,What the good game,5,2,1.5,2018-05-12 00:10:20,,
gp:AOqpTOEM9IvmdF9gwc1V6nHHRZODyaThi3KqYeTSA9KdsLmGktCwrb9RzqBg8CWHDch-MwwQRWkESug7QypgH3s,Mior Azrie,https://play-lh.googleusercontent.com/-jpufudIf540/AAAAAAAAAAI/AAAAAAAAAAA/AMZuuckcSXzuqdesACDgZlWi0NwLtaAFnQ/photo.jpg,Just need to make we can put our name and also do semifinal or tournament.,5,4,1.5,2018-05-07 06:34:44,,
gp:AOqpTOEAieyl3qBEY-IDb4-a-d5wjqVypTzOjKZpQqn8DsrjL7jil7nFV2vp_rvdgFSWbDUgnHYDVXrFZ0u_SPU,Nabeel Masih,https://play-lh.googleusercontent.com/-R_3W-uPeXEY/AAAAAAAAAAI/AAAAAAAAAAA/AMZuucmOJeo9UfiCfh_JNRuj_lkooZw05Q/photo.jpg,Good,4,0,,2018-05-05 03:44:37,,
gp:AOqpTOGHZpB-uMDCUTt5Aq8BgqMsdlCzl4d-Du4W8BdHLhWQiWN9PC01GAuAT_oWgiRPkX_hLrzcGEszNl2GIXQ,Jim Bryan,https://play-lh.googleusercontent.com/-mRCvb6-uheg/AAAAAAAAAAI/AAAAAAAAAAA/AMZuuclv7hur-nJYghWxa2jk-B7Hccu0Jw/photo.jpg,I love this game,5,2,1.5,2018-04-28 12:08:53,,
gp:AOqpTOFIveqm5UDLK3yQgEirgYsQSs_tUqjOxTCM0AspVA192qtcFNTRV4XYfg9E_gjCBQ_TG-eBVEAakb7UvtU,archie smith,https://play-lh.googleusercontent.com/-d17UuRmSVNQ/AAAAAAAAAAI/AAAAAAAAAAA/AMZuucl277nexOlg_XMEZ9qwHtBH_qTtDw/photo.jpg,Ok only bad thing is graphics,5,3,1.5,2018-04-25 11:52:25,,
gp:AOqpTOGX7ErEYvPOJl3_sLcVfnBN-7TknQYBmGiJvUWDOWBn2l2miAWCiZSKb4oL6bojEcvN_53Q-6tDCiTqz6U,Isaac Muyambo,https://play-lh.googleusercontent.com/a-/AOh14Gh9dXGFONB4izqtOX1asaxT4JYgSuYLuTXVfosjk4o,"There is a way you can win 1500 metre easily please fix and the game is amazing.  And please add 200 metre and please make another game,  also can you please add cross country or a marathon that goes for long",5,29,1.5,2018-04-07 02:04:30,,
gp:AOqpTOGyYBbt2dvVd17xcSGiekMTgwaSwQSmiX6t5y4_hGl0nG9qHICWKzBw3tC8FZACwjn_vuyyyByUMCLGp6M,Ema Mat,https://play-lh.googleusercontent.com/-oFEPbN5xVos/AAAAAAAAAAI/AAAAAAAAAAA/AMZuuclqn-CBh90O31IKtDjFkSOtpbHsFA/photo.jpg,This game is so interesting . Its also can be played by two people,5,1,,2018-04-02 00:03:44,,
gp:AOqpTOGph4QEoWZepwzi4Jv8rrkExCz3FqnC_E1XkO1q3ld5i65evicMhD_WoJc1Xyg1sPM9zwVMkj2norH-0Yw,dorcas bitrus,https://play-lh.googleusercontent.com/-d7nRYkR16Xg/AAAAAAAAAAI/AAAAAAAAAAA/AMZuucmvQC7JcNOtduWCdc7xgDiPre-9GA/photo.jpg,A very nice game to keep people busy.,5,3,1.5,2018-03-26 05:27:12,,
gp:AOqpTOE_XaIgdvfzXfI8fcPr_jBzN_OqlnG7d3Fbw-TGtJNqldrYbwijyJruscy42tyGzM1yinKcFZgIz_NYUE0,Justin Shapiro,https://play-lh.googleusercontent.com/a-/AOh14GjgHje6-SASWAwD5N9vlYbYlvVcyedfgI8WZ3ny4Q,Needs improvement some of the controls are impossible for a mobile device,2,3,1.5,2018-03-12 11:40:04,,
gp:AOqpTOFSyoQ9UKT7tquXegl6tmzJUZsdTa3y1ZbBXWPgq2Y7rcc3-uuY7eCS3WUTMEVzB28myoz1U1pYcsiDlgs,honey bear,https://play-lh.googleusercontent.com/a-/AOh14GhCr6UaLZKhxOVZchyrxXB_S8KjZSRYZmStXpFg,I would like it if the tilt control for the shooting games actually work it won't aim at all,2,3,1.5,2018-03-10 13:47:50,,
gp:AOqpTOHYqa-sv4FtG6QzBuvwUYiLuNdvnnTCs_P32SR8F6pgN0tNPFimgStbLUuH3d6Dq_tYbWD_lEQKbOHnzZ8,Abuja Gamingz,https://play-lh.googleusercontent.com/a-/AOh14GiZ041F36s6ekjt3oAA5iOzUC4KIHUth5RDtw9n-A,Best,5,3,1.5,2018-03-01 21:27:57,,
gp:AOqpTOEeBH4qLRH2B5Z0iYxq6bPskVqOluClvJc5UJPVQc5Ek6wVXZFpi5inQUdRTnsgRxNCsO9mPBQOGkAE5zA,Kyle Moore,https://play-lh.googleusercontent.com/-ZFOKjS5DOFU/AAAAAAAAAAI/AAAAAAAAAAA/AMZuucnrMZmBXctO213W36IejCbanzfAJA/photo.jpg,The graphics are all different colors can't see no boards or jumps waste of 2 bucks,2,3,1.5,2018-02-21 19:41:29,,
gp:AOqpTOHhBBILqJ6rCUPaKHejNIhYzJ4k1VXPFlwlz7QHBlHkyimyjeKbNlED-saN315k5uSnIpjvWYiYmxk_ERQ,nerd gaming tv,https://play-lh.googleusercontent.com/a-/AOh14GhnIgUfxpHoXXi8Eayvyxt3GhkI4yRRHYEn520K,This game awsome,5,2,1.5,2018-02-10 04:48:38,,
gp:AOqpTOEPzCAdsvDbq9dOjSsdAN07ZnUgP0jWrxLVA4rbBbPsPhqT9P34u-pTaEyg4HDmQBLqU4sEboB_ihxo7GQ,NURAZLEY LEE,https://play-lh.googleusercontent.com/a-/AOh14GhusVGOvC8zdiDNmOvGGP1m8bcphlyQWh98FpIk,Nice and cool,5,2,1.5,2018-02-05 02:44:03,,
gp:AOqpTOF8hA5cDX9kpPKqNcj3_UKhlXHaLSBm2WH93vn9qflBiEffpGD8hVXrNMthTx_1siA_YJLU2mcI6WBOVaM,Akhil M P,https://play-lh.googleusercontent.com/-pPef22yAxdY/AAAAAAAAAAI/AAAAAAAAAAA/AMZuucmb3jRb-1ZbOC_kU7iimL87s-bSyA/photo.jpg,Need bug fixes. Not working properly in my one plus 3T after the OS update. Please work on it and fix the issue asap.,1,25,1.5,2018-02-03 23:37:55,,
gp:AOqpTOFv4WJNB4OPK2bb-YckhY_oTdUL5kX7ecNXQ37phRUBVVZHnTGlSydWyeMUnWZKHjI9eqfQwzDYoIo3lOE,Maulik Patel,https://play-lh.googleusercontent.com/a-/AOh14Gj7KjyhBm8XgupvsWlxo56sor8s3gjsW-Q8qoY4eQ,This is amazing game I have played ever but in some game we are not able to give nice performance because computer is batter than us every time so I think work on it and for some games like high jump plz let compititiv,4,17,1.5,2018-01-27 09:26:32,,
gp:AOqpTOGwGgT9djRVeWSbz3gcuSvGF6ubKGcBPFWidKnxldsqZKtxlL6pQlPbeKsxct8h1oBNR2ie__muaIFBPSs,Sunash Gupta,https://play-lh.googleusercontent.com/-4WK4_fij6KI/AAAAAAAAAAI/AAAAAAAAAAA/AMZuucnfn95ViQnUQuNMFXdaFzflv8Q1iA/photo.jpg,"Real graphics,awesome game",5,4,1.5,2018-01-27 00:45:01,,
gp:AOqpTOHEQmc5yXRGVA7gcCU649SQ5dc9TumFAR5wINrodvke3Sm7cwOkdWn5wqH4Okum_wsgqqsPbHszzsgh5S0,Xboxlegendljh,https://play-lh.googleusercontent.com/-WDvjwSso368/AAAAAAAAAAI/AAAAAAAAAAA/AMZuucnn4GjqqSL6pSvT88a8ucDMV5bHIw/photo.jpg,Good but I think It could be a bit better♡,4,0,,2018-01-20 00:01:15,,
gp:AOqpTOGtOox4Ar8hhII49Mqj_R7VjIy-zoG_e1vmqDXVnFV2Ca_JUrPEVhgPLRTkAlN_AJRjoe9Pb4iO7b2m0q8,S Williams,https://play-lh.googleusercontent.com/a-/AOh14GhHiWKINO0D0tfDFVWNm9lTGI53dmSdidpomv_OUw,Sweet,4,8,1.5,2018-01-12 03:55:08,,
gp:AOqpTOHHGI4w2VveXYRDJEByfxlsJo__4vCpafeDAuJNv7PLsvQ8Rlf5cqZHqfue95zV-7vFqbqFlhfHNETyjZs,Ahmad Nor AnnaJannah,https://play-lh.googleusercontent.com/-6kyHvZjWnA4/AAAAAAAAAAI/AAAAAAAAAAA/AMZuuckamOONl0azcrUwBADJkkE_-HPZFA/photo.jpg,Okay,5,2,1.5,2018-01-05 20:44:05,,
gp:AOqpTOE6qfp6bR5TteE64EIGP6QjlrETXitlw9Dgynd0gVVo6ciJwhYoovQD8wwoNgecNrF4v6r1H7NR5VsqLAQ,Mathew Dmello,https://play-lh.googleusercontent.com/-uz4ozAE-S0o/AAAAAAAAAAI/AAAAAAAAAAA/AMZuuckINKzW0RfvBvhdgZx5-IwD5r9yXw/photo.jpg,I loved this game,5,6,1.5,2018-01-02 02:41:26,,
gp:AOqpTOHq3erNkp98w3Cc4m1ZZAQlcE_WJyrc43TjKmS9eS9byfHuGMWs0PPN2YLjwWuedllSHPq8t_JgSfNT5HE,Attila 1,https://play-lh.googleusercontent.com/a-/AOh14GgBADdXcyfgKcJIDUBFq2SObDA3g3z2--rC_EbUjA,Fun,5,2,1.5,2017-12-28 02:02:52,,
gp:AOqpTOEo5OwPia6_A106MFLTu81vET11l-BrcxU_TCYHn0GuDJdhxzF6Zv1xQ005vnODq__kQgO18vnfRvBCBi4,Amelia BMX Baseley,https://play-lh.googleusercontent.com/a-/AOh14GgKaia2YytmSjkiI0T-PUNl_AMYdwm7i2xAa418hQ,It won't even let me play the game I will go on and it will go right back to my home screen,1,9,1.5,2017-12-20 19:38:23,,
gp:AOqpTOE6L9qUuSJ_AdyB-1A2Hkfxh1fqygVC28fAJlMbzvG_TBm_TPrfzohq8PIc2k0C2PjQxdtThc6jQ2bns4w,Muhammad Jamil,https://play-lh.googleusercontent.com/a-/AOh14GgGUrEyvvcwFNjlFuLFB--mr-dd6Se742shMAQChA,Very best,5,5,1.5,2017-12-14 03:49:24,,
gp:AOqpTOFK7PTtXNDKP7W30u9Z0PoUWwFppF-vIUNLO4bkDbNk-8LnME40ZHvprvi_5gxfNpNuEmIh4-mKBrlkbLY,Shahrul Ridhuan,https://play-lh.googleusercontent.com/a-/AOh14Ggqo6WpF5H9_v3MtiIcMt7wHZDNKvAynXjLig9IGQ,Not bad,3,2,1.5,2017-11-23 08:03:47,,
gp:AOqpTOEjfDhTBUOXbavcnU_FjVIa8iOwjT9WERIKy43KsDpAp9MG5xaBiIHBVRO6OqPtMhlo7wmy-2-qaEe9uaU,Sahid Hossain,https://play-lh.googleusercontent.com/a-/AOh14GhVRDLWOdxh3ZWraDtPxL-0dQBnGqb-eB-aw5-aaA,Nice...,5,3,1.5,2017-11-02 20:15:41,,
gp:AOqpTOEh29vAbz5ZuqkOaTL3Doy7cko0zZiDrpsG2gRKxwq7YnJBHJy-kXoBfOB9BhmcxjL4zGmrTtuv8a60ZzA,Raxfel Alfonso,https://play-lh.googleusercontent.com/-onxb9k4DUrs/AAAAAAAAAAI/AAAAAAAAAAA/AMZuuclAN-1ensU7VN0JAe45KI65ZR9ALg/photo.jpg,Expensive and trash,1,2,1.5,2017-10-29 18:55:25,,
gp:AOqpTOFQWcocA4vpONHGb0IgRxwHuMUAYZmsLpGCritlZYY8MtwTdlH6GfkfVvhD7QsCBPgdaf3HacDojHWqv9A,Sutathip Wiengkham,https://play-lh.googleusercontent.com/-YrRZR8OfWMM/AAAAAAAAAAI/AAAAAAAAAAA/AMZuuclXwPXAFvgnQz8ZG_6-ogPlbxOecQ/photo.jpg,Good game,5,4,1.5,2017-10-12 11:45:18,,
gp:AOqpTOFeDdVI-6lrPIYncNvnVbCwMXkshp1AqB_a2sJ0_XkdXXDjmdMx50bq6B35YmGfuibctiTHQ7-c5sQNV-c,Jeevan Vejan,https://play-lh.googleusercontent.com/a-/AOh14GjFBl7PSNn3ZV5Rq6Ad3vR8ePsqDfyQAHp0TL6G,Best game,5,2,,2017-09-17 02:50:25,,
gp:AOqpTOEJKQFipQtxvmKeoDiKHOZCYlvy1FX4-GbshYgQiWViiVLWw8yFRl7W9nS6ZZLwM4uWb3wWbuY09A_gGGA,JezzaFN,https://play-lh.googleusercontent.com/a-/AOh14Gh2wWGrIoC-TU1-oB9d4iGbdeGAOPiV_G-W4zHN1w,The bes $! So good,5,5,1.5,2017-09-15 07:52:04,,
gp:AOqpTOHe9KX6L5g2heibJQgBUMdQcwCHeW4TaOWKMLyGq2wgEN7R0GteLfKYgpnj_IhKoX_o_r6DG6YQrqeTM_Y,Andy Setter,https://play-lh.googleusercontent.com/a-/AOh14GgYpBHYI8oHrlHH8JzNUaa5uei3nCBjisToYWfIhQk,Love this game. Don't see how people find it hard would like to be able to edit names though and new events,5,12,1.5,2017-09-06 03:54:44,,
gp:AOqpTOHbpzldAI9wqKKYJdZcgR6Vugf4H1VUTDKpu2vTg9Ut9oPcB_pFYBPHoZEFh0LSZwk8wBLu98O1uNLSsY4,Marry Mee,https://play-lh.googleusercontent.com/-kJBRMcgRW9U/AAAAAAAAAAI/AAAAAAAAAAA/AMZuucn3DzMENruo_Uz40-M09eYUmBg_3w/photo.jpg,Choi,5,3,,2017-08-30 21:19:50,,
gp:AOqpTOGXDDRJZb05yIJTtB2OIh3LrjC6ao94-kN8KBMaS93z2xIWANN9pgV1H5_SxX6Xrw_mPJYbHeHVlDx47Ss,ACURRY17,https://play-lh.googleusercontent.com/a-/AOh14Gi0Nve81VqWjZyZnKp9VRSUtiauAAKO5Fi0Ez6hSQ,"Please add events such as 200m, 800m and marathon. Real athlete names. This has potential. Please work and improve on it!",3,8,1.5,2017-08-23 11:52:38,,
gp:AOqpTOENeH6OA9VEI82DUI_IYyNFxn-OvGiTKDn-JzWDOW3njNwXOEzTIcJUJTaWkgBEkG5Z9zBIW9Fe8KN6CSk,meow is a cool name,https://play-lh.googleusercontent.com/a-/AOh14GiIkVR_yof9SlWZAd5yhXOX6gTCpkm8JhT0vEzGAw,Graphic is ok but in running event or swimming event it is impossible to win thats the only thing need to improve,3,12,1.5,2017-08-20 07:31:39,,
gp:AOqpTOFRzOm1KIpYUG8QBFI7564VO7mPytfFASclZVH_PMlSQFf5lDfnM27FuFN-sh6Fz4U-tEKbrDBSUS3Caqk,Vinayak Ashri,https://play-lh.googleusercontent.com/a-/AOh14GgFYdsVLJ17LnyfTFyV375w0_83pyHaM19oVvaNgA,Good Game,5,2,,2017-08-16 23:59:24,,
gp:AOqpTOEU5rcrpwdBA4CFq19c1FTy-aOmlR7h78vqWsOyW4CPYB4BFvz9OS4F3mDcrh2glF6cA0L208nbjbOAhQs,Darren Davidson,https://play-lh.googleusercontent.com/a-/AOh14GifKIXFNYzpcG7S6mF0rPsfs_pNPeonRNnI1-GnMw,It's not bad,3,4,1.5,2017-08-13 21:17:58,,
gp:AOqpTOElyOIp-NOO-rnJ9xqhovNd7PMUMJnM-hg9BfaskTa6ITZYvUiTSpz1Y6NUsUc4KU7mxnuuFaQvdV1CIYE,UK Drill Insider Pack LOL,https://play-lh.googleusercontent.com/a-/AOh14GgpklnltNom4CyrZ-CsbM1sBqT7aomTRciDcSFewg,"When I first saw this game I thought, ""Wow!"" But then when you actually play the game it's much harder than you think as when you tap on the '123' controls they don't respond to you and you lose the race.🤔 Can you also do replays of the race and that you have the option to save the replay or video. Please fix the lag and the saving option, then I will definitely give this game 5 stars.😃",3,46,1.5,2017-08-08 07:57:17,,
gp:AOqpTOFcUstoVbDk9gHkvmVX0VoqFki5xCeo6ODBxE8hDIZHb6K_nZ_QB5GQ7Erc2dqwts_yEqtPztfAiK1BwPw,Cory Swinfield,https://play-lh.googleusercontent.com/a-/AOh14GhO9DEWcnZYAkd8SYeqLhXwnZm-KZ2KrzAaMUBvow,Yummy,5,4,1.5,2017-07-24 11:36:53,,
gp:AOqpTOF7Hit5OpmZ8Ni3Elkn55LNDvqs-OYNCVsfHFthE9zgwSy06L40P_kTTKq4YmgSuAONPqtEI2BWuN4mmf4,Mary Riddell,https://play-lh.googleusercontent.com/a-/AOh14Gh0Mml8dPIl7thI7OAODlhnd3z2i3WSBe-eYDVLbw,"I had the free version no problems except for the ads now paid for this version and the archery and shooting target sticks, not happy, please fix",3,7,1.5,2017-07-23 15:24:04,,
gp:AOqpTOF70rvpy9uSMXoTyNgRzJwn1R7F7oV6BO6pEEIMK-UuL5RAV9qKCNzXPB6vQ66M0oJOWd_mxuziIFxGO1Q,Phaneendra M.S Phanee,https://play-lh.googleusercontent.com/a-/AOh14GiZx9DtsYLAl7kv0i9yPTfs81_uUgDgPQH9Zm3psQ,Wonderful,5,4,1.5,2017-07-14 22:42:54,,
gp:AOqpTOGu-Yng752_dPHTkhtbwC3Qfq_jbGXWrWtKlwnO9RrjTyXlx0359q3iDZfIic74d38iBUxs4hPoAs4utcg,A Google user,https://play-lh.googleusercontent.com/EGemoI2NTXmTsBVtJqk8jxF9rh8ApRWfsIMQSt2uE4OcpQqbFu7f7NbTK05lx80nuSijCz7sc3a277R67g,Good app and fun but some of the events are impossible to come in first .. the 4x100m is a joke it's no way that to come in first when you don't allow more power to the bar .....funny I can max the power out in other events but not that one ...I've ran a 6.5 in the 100m   and the 4x100 is messed up ...fix it,4,2,,2017-07-01 13:11:24,,
gp:AOqpTOEeJhaKrJyt8BxEeljOWe8915iYgyBnpmKlh10duEjiEs223kzxHtRV7JP9RWbLw93KFunYjc2fyBrcag4,Adam Rogers,https://play-lh.googleusercontent.com/a-/AOh14GhU1xR9PMeRlk6v5HGo1QSs5GPW-crKWwdks0DXcg,Fix the 100M it's impossible to even medel,3,1,,2017-06-18 11:06:24,,
gp:AOqpTOH8jdHKRYbV4I5FPH71jDhkm9I28k8_XSWPqP0S3CxXN2XoPhgj96nbK6s_MEogirVhCAh4THhApWtVCxk,haziqbiu,https://play-lh.googleusercontent.com/a-/AOh14GgJlABO4HrTE9moRs0NiT4qdK8HhZ96eXrxmO4nVQ,Need work but still good Graphics .This game probably works better for tablets ..more hardworking,3,10,1.5,2017-06-16 14:48:47,,
gp:AOqpTOFXDNUOl1GtnCAo_effju0IUukIz1BtavzbOtD8wo2-8fe2CHVxOA04rpzK1iP2Lv8WaoqvDg2MlaB9gvc,the goat,https://play-lh.googleusercontent.com/a-/AOh14Gip3TMZCKorNuF3osUOvemkKWdV_V3W_tfzUGxu,Amazing,5,5,1.5,2017-06-15 18:01:39,,
gp:AOqpTOEYXIXysGwth00jrj36V_rRE1yaNkHJrYi9f6GJtQbeon7jcCDUgbY4VeSK6OlmqLbrqyY90_eQVVP8eFY,Liop TM,https://play-lh.googleusercontent.com/a-/AOh14GjJnKoHWEE02YrhZo9-ljtcvrAElouZ0RAFxlqb-2Q,"Great game. One thing I would like is the opportunity to see your replays and maybe other athlete's replays. Also, a custom character would be cool.",5,19,1.5,2017-06-13 19:25:24,,
gp:AOqpTOHkG_ZA5Ib9ihgRPCrOgSjWxTKh-EAObT9cCQeHmvYVGjV3vSBPXjllnGp5eyDRKEf7ggvdmKO9tttzaIQ,Khairul Azhar,https://play-lh.googleusercontent.com/-lIH04FGNXeE/AAAAAAAAAAI/AAAAAAAAAAA/AMZuucnNe-8rU35MAr2HFyDSzCF2pxVoxA/photo.jpg,Tgis game very nice to me,5,1,,2017-05-31 20:15:06,,
gp:AOqpTOFmUA7hSVSRT8wBjAc_6amJkyim8fsvmErilCITWO5jtlCE-Mu2Qwkb9D54vGm7vpjmBo0CsWQsQQYg2AE,Carolynne Parkinson,https://play-lh.googleusercontent.com/-y3nWJkJP0bE/AAAAAAAAAAI/AAAAAAAAAAA/AMZuuck3rJpdBuTECGxwu1bekuO3aCoK-Q/photo.jpg,Epic games best game ever GET THIS GAME ITS WORTH THE MONEY,5,13,1.5,2017-05-24 02:13:48,,
gp:AOqpTOFX4_8O81R3Q6U4c5jqNrc01QJoFjkKtF8lI-AYDZUGo7fzj6WSIKKvHkLeGv3jvUtWtBzHd_gmeUI8s8g,Tim Miller,https://play-lh.googleusercontent.com/-YW1f_VruHyU/AAAAAAAAAAI/AAAAAAAAAAA/AMZuucnczzL_9zHnOkixlyfWaLSQ3WYrtg/photo.jpg,Love it...it reminds me of the old track and field game from back in the 80's,4,7,1.5,2017-04-30 10:26:10,,
gp:AOqpTOFPoACMC6l2n-m8333ZP0MPWUSNbmatIZbxK0slgirJsTqxvw_vyOQiSs1mlqBNiEO6vFCtvbjB61gqQLQ,Nik Akif,https://play-lh.googleusercontent.com/a-/AOh14Gghn1J2UgF-NbNkrJec_RxsxBrOXaAnVOsF2XTooQ,"Need improvement this game. Create a name and save our record. Then need online challenge which we know our strong in game. Hope you can fix in a little bit time. If you can do it , i give you 5 star. Seriously im swear..",2,138,1.5,2017-04-22 23:44:27,,
gp:AOqpTOE2sqT6T-0dSYlZC12M-y5JgZYO0WLI_DTrnsZf4iOcebHVMJI4eHFCivdzBBJWT6iTp7VxwN_truIyi9o,Manjeet Thakur,https://play-lh.googleusercontent.com/-KIVK9yYa1nQ/AAAAAAAAAAI/AAAAAAAAAAA/AMZuucmwMUGFWWX67xvoVXWtYqNHZXx7zQ/photo.jpg,Very nice,5,2,,2017-03-24 20:21:53,,
gp:AOqpTOFhV_NZNuX43ZBa4hfYp7UYhYcSSU4dVjalWm-zl0oBgHpiP61YZ-8lZUevY8sGFP6zyWmwJuFt2al6weE,Sarthak Jain,https://play-lh.googleusercontent.com/a-/AOh14GhGCjH8CUKl7NJPg7wxybX7kMkZ_ElzJqkPg14ujQ,Please update it add more games... I purchased and played and got bored now. .please add more games,4,12,1.5,2017-03-04 12:47:41,,
gp:AOqpTOFl6u4gXNSUwvvMRXHSVn8gL3bHTNgCRqZckxXiEn8eBe6X3qTWjQakmQk2x6fJCKN1BpslwrkYFrO8rhc,Himanshu Singh,https://play-lh.googleusercontent.com/a-/AOh14GjuUzuGzrxIj-Y0wZm3i6e0zLJg7nHawCr6oStZfw,If the graphics and controls would improve i will give this game a 5 star rating but for now it is 3.5 out 5,4,14,1.5,2017-01-23 01:48:37,,
gp:AOqpTOEZCO8V4EEvm5jsml4sv7ML5B0SsQk0ctEFRKggeF964EgNUrKTosnmeG3AfdcxqClXmioP5YCT6HzmfZk,pravin patil,https://play-lh.googleusercontent.com/a-/AOh14GidhqWO7eGdh_vivsI7m2BAAcvH0r8R5HUyADt8_g,Pura din download nahi ho rahi.99 rs paani me,1,1,,2017-01-09 05:37:45,,
gp:AOqpTOFjv32EYjCSNSGzEtmGyHgoqkuwDcrQzmbw8QFc7swLx48eQ77mp2-n0QFCitq_yvW1Ebqq6hj7NfHitZs,SANYAL AB SINGH RATHORE,https://play-lh.googleusercontent.com/a-/AOh14GgnKROwx79reblfLHUBqWf-E2iXCHGTXJj9EG8Pbw,What a game amazing,5,8,1.5,2016-12-28 07:28:44,,
gp:AOqpTOFQB3wRuTIClzl1myd2cudTraodLcbkML_fuY7EB7tOkuvw3WkVtUglcT9qHdt6FTnYcJDkolB5sZ50yrI,kedah babi,https://play-lh.googleusercontent.com/-fLVu09m1Jjw/AAAAAAAAAAI/AAAAAAAAAAA/AMZuuckGA2HKeJ5vzjPMwIfbkFQmLV9Qzg/photo.jpg,Best,5,5,1.5,2016-12-19 22:59:31,,
gp:AOqpTOERb85Mg0bouD9uOocGoe0KEjLEqCJmK0zCM1WqJcbJ01vwI41Fxit7bSpGgdJ4Hsb1mhtmtbJ8snIOUlY,Stephon Allen,https://play-lh.googleusercontent.com/a-/AOh14GhE3nMhWcslm3I2WVStFhZtGucgTIDZT6csuRXbgQ,Love track,5,6,1.5,2016-12-16 18:51:27,,
gp:AOqpTOGCgYVQodDRoDJUsillsgvSEdLTrMK7_1KrauRhv0h9n-e0ghzePVC8pFBXqSOl-xJBiqDmmC-Nqr-s7YU,CSC TAMIL,https://play-lh.googleusercontent.com/a-/AOh14GgxsFXYe39mT43fWGnNPB_xSwbg65wkrEmMtTqV_Q,Full Entertainment game,3,5,1.5,2016-12-09 09:10:17,,
gp:AOqpTOHNr276leXcQWOa7OXUlUWaL3JtkpM4WMt0C1OCDYIPLTEKK4zPWtXQtZww8Sd-a0ANCFQsnnvLMWPs2IA,Kgotso Matshediso,https://play-lh.googleusercontent.com/-ozaPrxQpmNU/AAAAAAAAAAI/AAAAAAAAAAA/AMZuuckAsVrSbBC6sR47w_8L0g5ewHVWGw/photo.jpg,A good game to keep you entertained,4,5,1.5,2016-11-25 02:36:23,,
gp:AOqpTOHGy2D61PLA7DInNLGkzQkdoZ6b2Ly96WYwczt3MOiUCRL0gtSb6wHA1WqYRYLlBFrgyWAmXI7PZVncRJ8,Aditya Gupta,https://play-lh.googleusercontent.com/a-/AOh14GhpM00rkx_xWwescOh-iFAptIiDyj88QHMwB150,How do you win ?,4,7,1.5,2016-11-10 12:33:09,,
gp:AOqpTOEdf6YkoCVop4zx5JRi6JckwbLEzmkHuM1djXUcfYiIjNVmLEhgm3GCktIlOQ13MMM8coKBzujNIYIA1fA,EarthQuack,https://play-lh.googleusercontent.com/a-/AOh14GjFlyt4kgXqSpnHCtgdzG2Lk4NQ8as6tutXIVhCxA,Give my money back,1,0,,2016-10-30 06:58:24,,
gp:AOqpTOEo8iK3a7L-eFgw5xUWvVI-uAB6nOB0xy7f92vJ4vBNFnzu_TGj6Fx04Ql9X4qbf5znWUclfP15dIObg2c,Stephen Hollins,https://play-lh.googleusercontent.com/-EpwDBaVUKRk/AAAAAAAAAAI/AAAAAAAAAAA/AMZuucmJnLfDSRc8W0kp7cpxj_-k8K37fw/photo.jpg,"Maybe make the AI harder, for example they never run 100m under 9.7.. hurdles are especially easy making it more difficult by give AI a head start",4,85,1.5,2016-10-20 15:53:46,,
gp:AOqpTOEU_wLNrlEOyx8tMnffy2vo95TBO9nVhElOkSSvfUK1_GIPCZ1biBFEa_H_8uV8e9xgi_cCxI98ps2eThk,Riaan Engelbrecht,https://play-lh.googleusercontent.com/a-/AOh14Gj91hOse-3tdgQcpVvLN6yMsJL76f1uBLhOUGXbvw,Ass soon as figure out how then the game is easy love it if you batle to figure it out go check out the video tutorials on youtube how to win athletics 2 javelin,5,27,1.5,2016-10-16 03:25:13,,
gp:AOqpTOEV1cUQZCnPGDam_gazbRdLlBbGQ2enMEYmR8RR4CGYO63QfOik0VrOu8PGOLDuu6LEYQF4BqUp51hsJBw,Priyanjay Agarwal,https://play-lh.googleusercontent.com/a-/AOh14GiMpIIw7jKBTAL6RjLGuY_JD_w7Por23MTzuFzChg,Good game but adds,4,1,,2016-10-10 19:10:45,,
gp:AOqpTOFZVypWskL8HpPvV-y__scg5cc6gQFXdJ2FRt8qFpJKCAGM0OjtbgK4v-7cq8Q03ZjjoFy-_VH_CYcwt1k,Nagarajan Rao,https://play-lh.googleusercontent.com/a-/AOh14GgFyvYuUhhcPwCc478RQjDTTDBba-V_zFNvBWmz2w,The game is was nice,5,5,1.5,2016-10-03 10:40:12,,
gp:AOqpTOFXzrvAlTxRKrEXOnSukFbnfUj0POVMsvWagd9PpNmOB3tJ8LiZCqNWmi2zT4zJPeTWwgzELZ_IQQrMnGQ,Francisco Alvarez-Roca,https://play-lh.googleusercontent.com/a-/AOh14GhlyVQ3Xgd6Ntf93SLrf2AuIWbsZF9K_W1oYSmH,I paid for the game and it does not work. It could be better if there was an online competition and if there weren't bugs. Needs a lot of improvement,1,0,,2016-09-25 14:04:19,,
gp:AOqpTOEqsZz32SkQuE_AybUAxoy5tqRK6AL-vIGi12l5wGpbLHSskzl8Tsjb5ekVV2O4U2md5QW01bvwq4kAXhs,German Soto,https://play-lh.googleusercontent.com/a-/AOh14Gga9wPXwCJwVRlNCnQ1rXNV0_Rd3FdAQ2okvM5zkg,My records: 100m - 9.39  110H - 12.67 and 400M 42.86,5,24,1.5,2016-09-23 09:27:54,,
gp:AOqpTOEaRYZLAGuBNkJ60FLjRyXH0q_h6ucCFF-AIWqo4j7sxJSizlEVsu2stX8EjwVcVf3h74GfyciGrgPKTtE,Mikey Hewitt,https://play-lh.googleusercontent.com/a-/AOh14GhBfo2GtpAVKV_EUV58Ijh7NJ3e6jsVTMbuIHzUEQ,"A good game to pass the time. Lots of different events to choose from.. But once youve won about 100 medals, you soon realise there isnt much to the game. I wouldve liked to have replays and more track events. More competitions etc.",3,73,1.5,2016-09-20 13:59:40,,
gp:AOqpTOFkwjVYmcgfGqbuYgsETrNq9LCryHC_aKMj9VXWzkRpMb4vTGRO8fjhKddnT9xfc-2CgWef-ItFMSqTXNc,Muzzafar Shah,https://play-lh.googleusercontent.com/-dXFZ2RXSHYE/AAAAAAAAAAI/AAAAAAAAAAA/AMZuucmB2hHCYbqXETPWV6dL19eCPbLkdQ/photo.jpg,Dick,1,0,,2016-09-15 07:06:32,,
gp:AOqpTOHpz7WKJ4HEvrnGgqmHAYb0f60m8_5Zs9l1ZQuBbzpMVt6bON7_NUKs0kqGo5hLsPlF4AEu1MhI7fmciNY,Kany Siddle,https://play-lh.googleusercontent.com/a-/AOh14GjyV_z3bfn3CInHzcUQVT4jt9HdxAedM7tIFnDEyQ,It's good game..just add highlight facility.,5,1,,2016-09-10 09:56:33,,
gp:AOqpTOGUOjXcRHjvtki-0erRHRkYdgZSwLLqy1y6R4DufqL4b39CPdTCo2SS2Ay8XZjE776d65svfR5HOOlCb_s,DAB PRODUCTIONS,https://play-lh.googleusercontent.com/a-/AOh14GikfjQe5NePluGbGRKO2LAQh5oDwZFZuJ6MbaW_,It's a great game until you have realized you lost the race,5,16,1.5,2016-09-09 17:02:14,,
gp:AOqpTOEpAQTU1AJZejmm4c0Atqj7yq3VzozwL8ybhgCSxwSW4TTTmb2g48cqrpYJyJy7bF4hKLFGKmYQ-2srLh0,Dopeboy David,https://play-lh.googleusercontent.com/-9hlkkCcYHM8/AAAAAAAAAAI/AAAAAAAAAAA/AMZuuckaRcSajXhVbH45PPiETA0nMAxxJA/photo.jpg,Great game but needs update the 100 m and the 4×100 m are imposible to wen also the 1500 m make an update asap,3,20,1.5,2016-09-09 10:12:19,,
gp:AOqpTOHEfF-UeBeTQlP42w_15KP4MM4zcCvKxFM52GevZEeDv03wSz_qg0yIdWacEjT9eheDvMksJWtV7cSLYgY,Raelysia Dona,https://play-lh.googleusercontent.com/a-/AOh14GiSaC2ApM5NCGj9aQNOtjBXg2eRzHso37fXQdbRVQ,Great game.. Really enjoyed it..,5,15,1.5,2016-09-06 13:56:48,,
gp:AOqpTOHpB2arYROxhmb2HnuJKReYdL0uJQZnQ3UzP1hSbjNP-H3rYo0quQsu2yS0pledQAlK-sNueoFi7487tTc,talkshit gethit,https://play-lh.googleusercontent.com/a-/AOh14Gjn84PK1_STWz1tOwTmOoDP1iMT2zaT44-vIztj,It needs graphic work and pick a difficulty,4,19,1.5,2016-09-04 18:27:53,,
gp:AOqpTOFB94_atqDBP_NX2kvuRuETSfPwILMo9W_nscd3QLz6y4bNHqeZhyHFOvRU-3dlt8Du53RX5tXcthMV2eE,randall johnson,https://play-lh.googleusercontent.com/-UWOMUK46mUM/AAAAAAAAAAI/AAAAAAAAAAA/AMZuucnLLUUwFyBsinr7bTgmIOwS5-cEZg/photo.jpg,Dope,5,6,1.5,2016-09-03 13:02:57,,
gp:AOqpTOGMHaZ4X4TZgkI5Gs87pHqevP2LFDXIp9lci_kMnwAUxWXBBAXpTzhTHeiFTS-iOqAwbicBztyI_ovQdRw,A Google user,https://play-lh.googleusercontent.com/EGemoI2NTXmTsBVtJqk8jxF9rh8ApRWfsIMQSt2uE4OcpQqbFu7f7NbTK05lx80nuSijCz7sc3a277R67g,I love this game,5,11,1.5,2016-09-02 00:26:47,,
gp:AOqpTOGO48bBga3vbHH07ncTODCHikq70EUmojyUiJDj1fHhoXGLjnMUEZ7sVGH26wkXgEcDBVc1lAwI5BONOOY,Its_ Bluey,https://play-lh.googleusercontent.com/-afduSYloLtQ/AAAAAAAAAAI/AAAAAAAAAAA/AMZuucmZ-T-tXpfLxx8pe4y0eZPh3osorQ/photo.jpg,Good game.. But it's really hard play to win..,4,1,,2016-08-31 03:38:31,,
gp:AOqpTOGVmJdaJ-mCdOX_IbqvwUG75HTNXKqCfO-8Eu8NA5NdwmH3kXiaX1cJvFVmu5GEjv1eCWzJOS1Yl7vLvQo,Kylen September,https://play-lh.googleusercontent.com/-3GUCTuEOHEk/AAAAAAAAAAI/AAAAAAAAAAA/AMZuucleJhPxqXZGJzjqZ-luj3RNn1-nGw/photo.jpg,The game plays perfect. Fun for everyone to play.,4,17,1.5,2016-08-29 13:59:01,,
gp:AOqpTOGMQOzxM5fk50TE20LESQLIcuyMQdl1-iQu3guGLxybCAfFYlqhAiiwvNbUOPwmRZ7Ow5SN4cIJ6hPVcQs,Giovanni Dogliani,https://play-lh.googleusercontent.com/-9JYFsRP5sC8/AAAAAAAAAAI/AAAAAAAAAAA/AMZuucnU3GemHV8ijZLfAd-Veab2LXVsbQ/photo.jpg,There are a lot of bug,2,2,,2016-08-26 09:36:39,,
gp:AOqpTOE-nV_M_2f9RpwiTdAVfLYkT62xZ5rA8KviIpEsdUP47IKeQJ4OnNgBBiH8Efdf_NhKd0uHAlg5GaKJmNU,ZULHILMI JABLI,https://play-lh.googleusercontent.com/a-/AOh14GgV3Vg-6lxmSZ8zx9XCLQhFSLxvg3qNNbG8i1qR,"I can beat all of them..but so sad, after I bought this game, I just can play it for twice and it is lock again...",1,51,1.5,2016-08-25 20:04:40,,
gp:AOqpTOEvzccZMLAtKQCHzkmkNhdLvPxWL1aoeNKwKDVBeV_Vnuf8yaHslbGOBK9QpFOXNX-HfS1Nv8aOmSlBEl0,Allan Cassidy,https://play-lh.googleusercontent.com/a-/AOh14GjcUXaBz9qLFnTzJ3k5pDWHkMS4zO3kYvRgsiGs,"for developer, please add more events such as 400m hurdles.. 200m.. and please allow player to customize their avatar and name.. then, it will be great game.... my PBs: 100m= 9.50s, 110m hurdles= 12.68s, 400m= 43.40s, javelin= 100.31, Long jump= 9.365m, 4x100m=36.83....",5,154,1.5,2016-08-24 10:03:04,,
gp:AOqpTOEB77NnhJqQZQDKVpr-0kJ4s18YvrSKaNaOfn6uglJD7iCsgpnNHPSe04gAy31arqQpYQDQhadxJNgpHU0,Harry Masters,https://play-lh.googleusercontent.com/-vicQOg0Sj3s/AAAAAAAAAAI/AAAAAAAAAAA/AMZuucl0mslz2UhwqyWk5BNvSPAewNZsOw/photo.jpg,This is an alright game but to make me give 5 strs the .ai has to be a lot easier in the relay and 100m also i would like them to make an online mode,4,49,1.5,2016-08-24 09:44:56,,
gp:AOqpTOF1SEgzou5GLalFAvuTujE227vgXP7985-02Dnkeq_w8iHyE6ROgX0JwN9TH-3-K0LTocjJVqetKdNqiWQ,Harry McMillan,https://play-lh.googleusercontent.com/-Hej-5sP_LUY/AAAAAAAAAAI/AAAAAAAAAAA/AMZuucmsKUZmLXG6IeHy61RLWrXrBfrvjg/photo.jpg,Would not even get past the  home page it would keep saying athletics 2 has stopped,1,41,1.5,2016-08-22 15:26:45,,
gp:AOqpTOHum-FD_K72K9as-utr37RHH-RUXtQnxGuGrj0d6lMF61_gI30G-8Jv_Tbhktr-R4cUZypDYZcYopW483k,A Google user,https://play-lh.googleusercontent.com/EGemoI2NTXmTsBVtJqk8jxF9rh8ApRWfsIMQSt2uE4OcpQqbFu7f7NbTK05lx80nuSijCz7sc3a277R67g,GRAPHICS ARE AMAZING!!! SO MANY SPORTS. ME AND MY BRO PLQYED FOR 6 Hours😂😂😂 LOVENIT PLUS ITS WORTH THE MONEY!!,5,33,1.5,2016-08-22 05:30:33,,
gp:AOqpTOEsslcbn_mXUphiJqlTpMs7-En6_Y4L0DrrfeTH0jqxEoTDvPl1uKZyPhwswnskaKAvlko817N9WnBioeY,Petar Susa,https://play-lh.googleusercontent.com/a-/AOh14GhvZHI19OnLpynXMUQ65deOOefDgIlphMzuIfxfgg,"Great graphics, challenging gameplay but need more depth in player characteristics, more representatives per country specialised for events, training sections, bit of rpg elements ........",4,52,1.5,2016-08-21 14:50:51,,
gp:AOqpTOGjUiJS8Yj9kU9wuIoLvxLHdK6gt3FkNTZFyYZ1YLby72BU5720kPsz5AAiGhyq8HYl0_WJVAKkQOLz-gY,Bin Rulerz,https://play-lh.googleusercontent.com/a-/AOh14GgX1pHq-sPsbf3mUZiUluv7tBPsXbRWRrZ48xD1pg,Boring,1,8,1.5,2016-08-21 12:50:23,,
gp:AOqpTOFxsa-17cupTwzA_zPYq3MOsqQyTwZILa_GGM1_w270sHlekClbpaRyL1AyUiL2kIYaNgcwGjl7yFKyiPA,Daniel Weston,https://play-lh.googleusercontent.com/a-/AOh14Gj5j-DlYom1cdFYSTizW70rGYHEEm7I12--vx5bB38,Decent game however archery doesnt work at all. The aim just drops to the bottom and doesnt move up after that just side to side. AI could be easier to beat with better difficutly levels. Other wise its a fun game,3,257,1.5,2016-08-21 11:19:47,,
gp:AOqpTOE3NpB5pOLOFiafUxoWPyWlzvDPFdqnYY_UUoXhGzf6U4RvtjZd63Ef5cG8SksH-WeRzpa0nO2DpZ092PI,favor okere,https://play-lh.googleusercontent.com/-3Oct3Pwo2mc/AAAAAAAAAAI/AAAAAAAAAAA/AMZuucnlwg_wJ9_xYjFlna6WODP-fSI3QQ/photo.jpg,It's a good game it's fun to play and the graphic are good,5,19,1.5,2016-08-20 15:15:32,,
gp:AOqpTOENQw-9_RO1CwdGhFDxifRYFjmUe7vuCduz_9LmoM6Bi54cZGhhlx7l6wrdB6_Q6MLHy8uY8WsUIJTSiqk,Vihang Kathe,https://play-lh.googleusercontent.com/a-/AOh14GgH9qiDh3bh5pNSzffzpx89t_tULnOnaX6GHlr4BA,The game is good fun . To enjoy athletics on your phone ..but needs better control and gameplay ..something similar to ufc by ea sports where u train your fighter  and improve performance .,4,56,1.5,2016-08-20 09:32:30,,
gp:AOqpTOEIxQ7-Q1AfFCrLeSJ9_L5llmj0xxuTjwCUGKyTpD0Y-l14y-FstrRgOnkcsH5SPnEb3m8nw3hroRcXh0U,Suresh yaduvanshi,https://play-lh.googleusercontent.com/a-/AOh14GhwRlUH9zfTliuSNDcTlrr-WN8LLNHr6iubg0bLGw,100 M me mujhe to gold medal mela h I love it game,4,20,1.5,2016-08-20 02:51:21,,
gp:AOqpTOEzaoS7XOSIKid1yF3V_-CZXbdeuSM7Aw3R_Q2tybz2muaVU7NZloy2lGY7o4YGnpIIJZAMQNoEWl1YcO0,Bernard Leonard,https://play-lh.googleusercontent.com/a-/AOh14Gjaf01HgeGxrAGNfET5AEC-DK4bi6I5WwQ_0rnrZJk,Why doesn't this game have women's competition. It would be more challenging fun.,3,27,1.5,2016-08-19 17:56:28,,
gp:AOqpTOEoSZ8k1V5c08zkFwHmmSFcGWH7jHTj8Eo13wxw0wJ7-riKC-OV5kzQqHuvNHn4rMDg8eRqych3aK11E4E,Paul A C,https://play-lh.googleusercontent.com/a-/AOh14GiccN84SGM9TkNnmIwFRirE7PK7CV9PhJDKUWIWqkc,"Badly optimised,  snapdragon 820 still runs badly.",1,28,1.5,2016-08-18 15:20:21,,
gp:AOqpTOFCEBy89xj-tq39T9_4xEn7Wem0674Q1mCs0uKn-wI7ADQ_z8XSa-bNduOwNjFS8F241_gLw-zofhyJRdU,Kiyara Danessa,https://play-lh.googleusercontent.com/a-/AOh14GgSi42bHH_1mH0HasyiDxJ9VntLnNHGS7waSq9uvQ,Love the challenge feeling like im in rio hahaha,3,3,,2016-08-17 21:57:07,,
gp:AOqpTOHJPpE8zIyNBRp-dRFI1zGpCqoX-uHJ5od2A7ToJFDvWKQPGeQFkTb3LQLF2g5WIumCABa3qOJv4JzabmQ,girish gupta,https://play-lh.googleusercontent.com/a-/AOh14Gh9h2AnRZhNZ2lndGY0uf3vlVs8HyhXHJvycKsX,Very poor control lots of bugs i just waste my money..  I judge the book by cover and I found book is not worthy..,2,51,1.5,2016-08-17 11:48:56,,
gp:AOqpTOF7xTAoSkAxqB0QohEcS0eUKX-DnQqzecLvl02i3MU5nsoh08DEtlBy1re_hJ5Pbo5BOgg1GpC5d_SEt-c,Mohamad Yusuf,https://play-lh.googleusercontent.com/a-/AOh14GgnScG8SombYmRaL_D5Vf36qvjWS0oGwxOYRZunvQ,Nice,4,6,1.5,2016-08-16 22:22:26,,
gp:AOqpTOEJZjpIja0u2gogIgB34fGBwTP9Y5Hn2UGhlUmcxgFcQRZb-BJi2gvbU7ImpX1XiPlD3GlOjPSiUpv89E8,Khoo Junkai,https://play-lh.googleusercontent.com/a-/AOh14GivktnixKmiKPlktFelWKbMJRsNjN1pW1B1eyqF-w,I like the positioning of the buttons for racing games. Could you please change the button positioning and I will give you a 5 star rating.,3,24,1.5,2016-08-13 09:08:57,,
gp:AOqpTOFMCemEXtEUEUdfWq6BC7CvMXm6EZ92S4oQzzyPfeGCNGl5YKITmd5QZyRzG4136aunyRavusUjYRXBBB8,A Google user,https://play-lh.googleusercontent.com/EGemoI2NTXmTsBVtJqk8jxF9rh8ApRWfsIMQSt2uE4OcpQqbFu7f7NbTK05lx80nuSijCz7sc3a277R67g,you need to add more countries. at least Poland :) and editable player name.,3,26,1.5,2016-08-12 13:42:00,,
gp:AOqpTOFzXt31_SyIGGTWG_wp_41Y2wDtFuVh5ESvHjxHyedHA3Wka8PTEfILykQQqaOPAw4hiRP0l5fhm2_wy54,ricardo tracey,https://play-lh.googleusercontent.com/-RA6rxDkCBLA/AAAAAAAAAAI/AAAAAAAAAAA/AMZuuckSRRc5hfwZUsjR34hGYDZBJv8wTQ/photo.jpg,"Let's see the PBs ... 100m 9.508, long jump - 10.30, high jump- 2.58, 110h - 12.62, pole vault 6.19, shot put 21.73, discuss 87.95, hammer 87.97, javelin 100.55, 1500 3.35.56, 4by100 37.05, 400m 43.33.",4,41,1.5,2016-08-11 09:52:25,,
gp:AOqpTOGJ79oVYaWd5VrqcPVuJNvw7d6Pgu0i_XzwrWDKmXGtJk1d48Qaxp6jQlrJIvJtn7Ic4I5P3h_uBgFQeVU,A Google user,https://play-lh.googleusercontent.com/EGemoI2NTXmTsBVtJqk8jxF9rh8ApRWfsIMQSt2uE4OcpQqbFu7f7NbTK05lx80nuSijCz7sc3a277R67g,I'm going to play it when I can,5,14,1.5,2016-08-11 03:11:07,,
gp:AOqpTOGUsuzoTQCeLfeNnQUhdy_E-yWrS47JMFahPKuCZPUyG9jNIIpSN8UYa_zOUWLQFQg_zVVAGU9004aL0tM,cric home,https://play-lh.googleusercontent.com/-EE0szYLznSI/AAAAAAAAAAI/AAAAAAAAAAA/AMZuucnH4kVabn81mRCMaaCLNQWE7fU_Lg/photo.jpg,A very nice game,5,20,1.5,2016-08-09 08:04:53,,
gp:AOqpTOG64YxLSQOY4nVrgOaeSqMcIT1bOoTpwyGnLV18IQypAnBz_4f1FSoe9n3G6QEH7p3ErXIqcJ74HCuzFiY,Finlay Humberstone,https://play-lh.googleusercontent.com/-23yMP90tz3g/AAAAAAAAAAI/AAAAAAAAAAA/AMZuuckXd8sGhuOzsJ87yHbVHTslD_fFfQ/photo.jpg,Good game but is repatative as alot of events have same controls. Events are often too hard to beat unless u tap with several fingers. Good game.,3,55,1.5,2016-08-07 13:49:17,,
gp:AOqpTOHETvHaD3q9QVNr9TDrvfFFptifAujXNDf9cL89FWQOM0h0bZu0r1elGcfaUVii_-ZZ63t5ihpngq5xk1w,Rylan Grose,https://play-lh.googleusercontent.com/a-/AOh14GhST-oyOEU9_L8S5Wmfujjh1kBVzfI51uHrptFL,"For my phone, the game lags a lot. Probably works better for tablets. Some of the events are fun, like the throwing events, but the 100M running event is impossible to win! The faster you tap, the slower you go, and if you tap slowly, you cant beat any of the other racers. Even if you start before everyone else, you still lose no matter what! Fix it for gods sake!",2,1718,1.5,2016-08-06 17:04:19,,
gp:AOqpTOGenXDH-f4NieILTIworbwwoZ7HHky2P3BmmlphMFz_dn9Ea2mTRqUgzxrxQyo95REsEr0QfwAt6jr4tYE,Hrishikesh Chavan,https://play-lh.googleusercontent.com/a-/AOh14Ghi1SrfYIpDSLPfpwy1uqg1GuapLIFbR044StVetaQ,Best,5,3,,2016-08-02 02:03:26,,
gp:AOqpTOFDNU58hJx7LZYw7w8w4fBLXpX2T8hib92XQxC8yHHlWJdCPNa4rth8lWadhL6g5LU4EcGdzFXC8pkeEGY,Jamie Harrison,https://play-lh.googleusercontent.com/a-/AOh14GjYVOU3pOCJfFfG276HI3y1Lw7WhPELWRFO0odMpA,Not fun to pull a muscle in your whole arm to do a 10 dead 100m. I'm not saying it needs to be too easy but this is ridiculous.,2,131,1.5,2016-07-31 14:12:12,,
gp:AOqpTOFB6hgCIMMhznMc2adz3lpv2XUGCpCymy0pJP1fDNzEPpRzc5-WYsigq_Z29Q4bC90HKVPrAg2fvByrQBI,Zulfadhli Roszat,https://play-lh.googleusercontent.com/a-/AOh14GgK_pzGY8_azxoI3cVuvLMaeAPPxUSSEqfoFBG5KA,Like the game,5,8,1.5,2016-07-28 10:24:30,,
gp:AOqpTOGdoFCGqCUrcZKPS3fzaFXoPYHU9sM5a8AXJs5_Ft7HCNjMpNCrYJo0O2qm2DtYYN6Jn-PlHu5u9pxAmlA,Paul Harding,https://play-lh.googleusercontent.com/a-/AOh14Gg8s-dGkYY-ZQUdY-j7CA-GQMjkKMMoE8aKplocIKM,As basic as this game is the graphic are ok and the gameplay simple enough that anyone can pick it up and have a go. Would of liked swipe to jump/vault etc instead of press as would of made it a slight bit easier and 1 handed. Otherwise paid for full version and it's fun.,4,821,1.5,2016-07-26 14:20:38,,
gp:AOqpTOFdglMLDfY06IffSIy9kIZm282lR-PZUfDT6sNmqUAC9Anu0vQaid2azkexC6_LUWhyEjd-bIKVzSgDj3c,Chinar Patil,https://play-lh.googleusercontent.com/a-/AOh14Gi7bmex5PnR90RogvDui-8dq6tM7gf0y4q7hS_1OQ,Few Suggestions- 1) Increase number of countries and try to make it more realistic. 2) Introducing the medal ceremony with the flag pole system and improving the current ceremony as it is present in real Olympics. Cheers😄✌,4,87,1.5,2016-07-25 04:34:27,,
gp:AOqpTOH4740KcPbFclBdRxYXhsBYJfzyIPXmEXq8KS3saifgu-VvXyCrSTBGeuGaJuUNgQAniy6YdQMBHypO8MI,Travis Sylveser,https://play-lh.googleusercontent.com/-i1AyMMq9HGw/AAAAAAAAAAI/AAAAAAAAAAA/AMZuuckpQvePQi1buDc5-gIsE1Cy1mFGpw/photo.jpg,E3 the most of my new and that the more,5,16,1.5,2016-07-24 21:25:25,,
gp:AOqpTOH1puIpNJQOLBieYsKIQFaebVs0fHGRJ_7NbPWwNa18lkcPRvVetKZzWCju4hQ5f96WnXFilRIJvrKwoZo,Hady Akim,https://play-lh.googleusercontent.com/-GfAZf5ZfV3s/AAAAAAAAAAI/AAAAAAAAAAA/AMZuuclXCB1JU-2DabcYXuEfYrUZVtz8aw/photo.jpg,Bored game,2,7,1.5,2016-07-16 01:12:05,,
gp:AOqpTOGh-Ygk3RQ0g0Q4yuWXIhz-BBZJs0t18KDjXYootmuvnFUWLOk4yk3BR8rn1vnK7c9BtJj-u5wKL2VoTrs,Kairø Jayy,https://play-lh.googleusercontent.com/a-/AOh14Gg0GlLxb2wKhF_DTnwvl74fZ_ULgwvOjC4jh9NDTk0,"Best sports ever BUY IT ""Do it, just do it""",5,28,1.5,2016-07-06 09:55:27,,
gp:AOqpTOFGFBebIZ3VgP54KnR9GndiVCJA15PfQeFauPiLxta0SsKUNtzbO6xncr2pVhEFjGwssRtHvUH7xV6qRl0,TyDaGlo,https://play-lh.googleusercontent.com/a-/AOh14Gj17fDyMgqOrUnn3yAKS6EEr81Tl5Yc_qwtInTYhw,Best track and field game yet!,5,21,1.5,2016-06-10 16:44:41,,
gp:AOqpTOFcTwoHrTIVD904OEpcAauaLjND3xVvWAKIU1N8dun4yZKLqdxtjMmwJUecKz7gz0SsxU1FpYA9qjW-JP0,Smiling Sock,https://play-lh.googleusercontent.com/a-/AOh14GiIM6xbh0Sn1-B5uAv-iHgArYq23CioElB-g9vhWg,Can you place the name for your player,4,25,1.5,2016-06-05 21:18:22,,
gp:AOqpTOHGX4EB_OsmPLY0Fs0po0SmUPbk3sGfb-uBKh_cX-lQ7Eq9-2XwmP_VB90SRV86msdcIwThMx900jSRsAs,Micah Bruggeman,https://play-lh.googleusercontent.com/-Gi8rhuAiHM0/AAAAAAAAAAI/AAAAAAAAAAA/AMZuuclXLFoxRp_35csRPi72mwPVOOJn9A/photo.jpg,"You can never beat any of the events. It is too challenging, don't waste your money on this game. If your looking for a good game get the other dollar Olympic games because it is easier and you can turn the difficulty up if it gets too easy",1,1055,1.5,2016-06-05 20:24:11,,
gp:AOqpTOETe1Ybp6MenJ6GmDc5mHLrv9o1dpDGCcnNigXIHwVLu1qfhjrs78T1QfTpaO4iwL9GQ3fQccxGq5JyNI4,Pavan Dhesi,https://play-lh.googleusercontent.com/-qyVRqN-CIq8/AAAAAAAAAAI/AAAAAAAAAAA/AMZuucno8Cq4IXlnjnF5clBIiByxwv66tw/photo.jpg,This game has everything which i want thanks for Samsung galaxy s6 for me to play,5,94,1.5,2016-05-28 23:08:19,,
gp:AOqpTOEDZ-gMIxMf5hgxqZMFjerd6Pd6SVMrzSZouBZl8mEumZF1Lx5R_3EaSIEeNICkBC9v_o_JBr30wT7mB2w,Manoj Devagar,https://play-lh.googleusercontent.com/a-/AOh14Gju08ftWxHNTEIKEJCjjzXkCBwE6DuErRaDd1cQVQ,Good,5,11,1.5,2016-05-27 01:29:13,,
gp:AOqpTOF87MPBDowc0oleUSrZkEVkqAR48pB1TNZHKg7Q0Nxe4RwOknhEfp0MzAaFRzA89AI48j6oajaXTiLslDg,Jyungi,https://play-lh.googleusercontent.com/a-/AOh14Gjez9-LOTZ5aIkNg917M0rTS7rcvOqkivdg1WYc,I wished there was multiplayer. Gets kinda boring at times.,3,41,1.5,2016-05-26 08:05:17,,
gp:AOqpTOHqB9m2FB-z2OCs3ingaGrv1wpSZLYLkWRF56ZPzzeiKi-y49JV2YkaH8ClS6OlMy7d2N1YOhtsumneGy4,LJA,https://play-lh.googleusercontent.com/a-/AOh14Gj_s5APXwz8QTKAW2a9iEonINbC1Y10-7ldlE9pSw,Wasn't expecting much....however impressed.,5,53,1.5,2016-05-17 23:50:05,,
gp:AOqpTOH5xayHpNjfvmJGyiqo7yLdDQN3DAaUOFGNq7YpwzIc_TXRRz_o28nTHBEfEByuLgHr4_Jns_3bQGwJKSU,ben Westerburg,https://play-lh.googleusercontent.com/a-/AOh14GjPwHTano9QvSjew-lNzB7Jfzl6dpUR-dsGzzC9oQ,Great game,5,13,1.5,2016-05-03 16:06:33,,
gp:AOqpTOEvkEOUFVd6jPsZtT0zZEfCFudxPMBxsH1fvRNg4h7HM2EEZfyhzodoDIYPRzOm-vWA1YGr1TtE5opwTgw,Bazzy_ Live,https://play-lh.googleusercontent.com/a-/AOh14Gg4HiE7g5ojtJDWiEtPTwB6xEGVAhNCPHHsuJIo,GET THIS GAME IT IS THE BEST DON'T GET DEMO JUST FULL VERSION,5,170,1.5,2016-04-10 18:43:10,,
gp:AOqpTOHODga2ivM_andgkS5YI1CWfTZ6c3g-Ax9nOAz7Qm-OLcAYWjnuLQFPJsR_JHbNDAIdpp3HxYo7TJOG738,maurice watts,https://play-lh.googleusercontent.com/-8CUfMzXHcEc/AAAAAAAAAAI/AAAAAAAAAAA/AMZuuclvConQmej1NRoga1AK6iQRzmS9TA/photo.jpg,Where's the 200 meters????,3,15,1.5,2016-04-05 18:29:11,,
gp:AOqpTOHl9k69VKk66Hqyt2LKh_pVImKvVqUzrHcZJIWzs4__3B52Cw9rA19WuWnIn16BS4v2wtkX8p0rxMsG958,Johnson Shad,https://play-lh.googleusercontent.com/-6xwDCXS7gVg/AAAAAAAAAAI/AAAAAAAAAAA/AMZuucn146t0sUk75lqrKTWjKmiM9KbMog/photo.jpg,It is really addictive game......but some changes like :- (1) Making our own player (2) Upgrading it by training (3) Naming it . If there are these options availabe then it can become unbeatable game.😊,5,185,1.5,2016-03-29 23:46:34,,
gp:AOqpTOEy4ZXmDjN0l6dqs8xqnDIQDxK5wHF8WJ-ahx5Ul6gzKItwUqqEL4I7NOonm10bWB4j_iTIRy65sESOBSM,lemar haughton,https://play-lh.googleusercontent.com/a-/AOh14Ggd4pwCmJ5jU9405ASQzAec9oCWbe8P2ihOvicLQQ,Great game my best time are 100m 9.74 400m 43.45 110h 12.94 long jump 10.29 4x1 37.75,5,69,1.5,2016-03-26 01:16:15,,
gp:AOqpTOGjFEFsfG6uF70eX1RZ3cZ4bgyCvRSufprZyvkkrfqI0hxnCawcJpFhiz_PorwjGszXFIqQb0Vv6Y769w0,jagtar Singh,https://play-lh.googleusercontent.com/a-/AOh14GgQJtJeJCPM8wojLhrU9rLJKUlFPEabNMarDwtXqg,Gghgh,4,17,1.5,2016-03-21 18:49:53,,
gp:AOqpTOGbykVwkmVr2c7G0f4IbfB7I_lPLk3CHh6jSNtvkFz_W1kClQ0I4UpUqDg98ZG0QdrzrDElTohUxyL0LNs,Arun M,https://play-lh.googleusercontent.com/a-/AOh14GjdPgm_dOAnU0P6ImJTCacF0MR0l07ynhZZECx0,Skeet shooting.. Short put .javelin not working ..while playing it shows unfortunately athletic has stopped. .,4,173,1.5,2016-03-05 16:33:57,,
gp:AOqpTOHed2cMwSk0Mti-EF5uMKQQh4e6xLmWEzwK1XvxUF5Ib9oA9n_aNwakqbVw-XM5oVijHSDEabrNjsIDKHk,Trell Mcwilliams,https://play-lh.googleusercontent.com/a-/AOh14GgMqxjGGrBsKbzydQsf5jdaeFhTMA0Cn4Lsdu1GrA,Love it,5,18,1.5,2016-03-02 13:49:47,,
gp:AOqpTOHv3SzS6mtfp4x71FStHZH9TmgGVpuFDMg1bJhlIL_x0MDY2P_zbqppknt9uvFxUS2fRDrS3NkZyu0VUvs,Jake MacHine,https://play-lh.googleusercontent.com/a-/AOh14GjQGXCuuNz4vyPM3pNZ4sbn_rSE3yf5rKTgjBfX0w,"Really good. Needs options. Like , make your own competition,  button layout, and a way to set the bar height in the pole vault and high jump. Best olympic app",4,260,1.5,2016-02-25 11:08:46,,
gp:AOqpTOFMFaxy6SDZkoz6UrLjkVOEvvErUkQ9c9WOef6vQKKZkIzxmzv_nB3jsW5D9T_wCF0Od2ycmjXG_dy6CUI,Fildza Fazriq,https://play-lh.googleusercontent.com/a-/AOh14GgoUYPrV43X0E04Ultj1V183w4i4GGfxFdr5EjxLw,Best game ever,5,27,1.5,2016-02-23 17:01:02,,
gp:AOqpTOGQqODAW0gxaDa5dZbp6YhQL1qBhu4ScI_IY0Ch7ZgQ6ymPdvttPOfi-pp-nG-mOr5g7Id_BdCb0fedl-4,Woothless,https://play-lh.googleusercontent.com/a-/AOh14GgetpS_KpId0DYrU79B0SaI52vf-IWXx_BrmzwA6w,It makes me so hot,5,32,1.5,2016-02-17 04:49:57,,
gp:AOqpTOF7BYP7Kr842Mb8rIkWeSGileKacmJJjKPr4LkorKWLGZ8BdEURnzm1238G3WDkDG6rYBr4s_R543cudaQ,abdul qadir,https://play-lh.googleusercontent.com/-AaDpH6p5D9g/AAAAAAAAAAI/AAAAAAAAAAA/AMZuuckhEWxYMtryqMDrK-cYJGEvKObbZQ/photo.jpg,Awesome game,5,15,1.5,2016-02-16 14:51:52,,
gp:AOqpTOE8ekp9SoNEni7ZfrJ3AAZBa80uOcX-9DZCLlF2NY_dZvDuKoQrSYkiT9_yP8Rkg1TYqcw_E-FjnqcwQfU,paresh shah,https://play-lh.googleusercontent.com/a-/AOh14GgRLLkSzYObr0ZM6gcxE5IKNa6Qbq-2lY2LyTVGBw,Really good game and this is my first purchased game so far !!!,5,42,1.5,2016-02-15 03:52:04,,
gp:AOqpTOHXplrqpA_aRxs4fQ6-km1E-4kjTUpveTceCTm7qF3cGkkQLvxTJUm_13P1awQsDtWOr2Jj7zy20_v1uko,Tate,https://play-lh.googleusercontent.com/a-/AOh14GgPG4c-Tnrw0oUWVcpeKjEORwAfEBN3U-sGJoM8dQ,This game is so fun like the booty,5,45,1.5,2016-02-07 14:57:24,,
gp:AOqpTOFqcdg8B1OLxqtHZ3ilJ55TgHPVKNjaEZBFd7gmUObk9Tb8rUaF-NzmDsQT23S1hwnwUsozkxnsLjUKEMc,Ruan Smit,https://play-lh.googleusercontent.com/-qvfI01NtXCQ/AAAAAAAAAAI/AAAAAAAAAAA/AMZuucmnm9lzKHs64MSSik-Ril5Ur13wSw/photo.jpg,Love it !,5,32,1.5,2016-02-07 09:11:36,,
gp:AOqpTOEjZGWrfwFIrYgI3jLPIi2YB6C6yIoN1LGtwdWuMz26tgUg5yxzKZujP_vWN5UHP9D5IgjDRQZtHM9BEjI,Yaswant Nihar,https://play-lh.googleusercontent.com/a-/AOh14Gjw8bM3jeHA6UUd678pryOMpjXc2OvmkHFmKAqm0A,Incredible game..... Keep up the spirit.,5,29,1.5,2016-01-16 08:35:20,,
gp:AOqpTOH9lTR7u6C6gFWHmWLDxqT-MDLU_3Dw9-gBvrRpv2nE7Fvva5Txifwivc76Q70-lQKUyKsL2YlP7qkOV4g,IGaming Ulitz,https://play-lh.googleusercontent.com/a-/AOh14GgYfxbtPTawOuIJ-d5jykqvqM6b_mB9NtzWew0I,Not fun at all,1,2,,2016-01-15 00:10:12,,
gp:AOqpTOEojuL0ERJUDGVXLmV8qLjT423Dsm7kDXAoM9SpvA9jG6Fs0m3LdFnE5guOv99726-EonBhYB_X-crdrTI,Connor Carver,https://play-lh.googleusercontent.com/a-/AOh14GgMziSjoVgq4Sa8k2BBY4tJjTtZoIE11z0C0oMEFQ,Idk why. But the AI is way to hard. Idk if there's a way to change there difficulty but if there was I would be on like impossible difficulty the AI 's are breaking the world records,1,103,1.5,2016-01-03 22:11:29,,
gp:AOqpTOE2p9QO1P5ZDdcjScPfYCsvxyzyl9WjsTvAs_-yJPA36m3xcUmeySoWGFx_ibCyeQYEbIyGMvKSpX73A3Q,Vivian Jacobs-Townsley,https://play-lh.googleusercontent.com/a-/AOh14GhFjKtkWA7HwPCekjMtAJFxOSLVAzll3Zh-PaX00wk,"There are better apps out there, like real racing 3",4,101,1.5,2015-12-28 13:31:30,,
gp:AOqpTOHaZPQXW3J2Gb5Y2k9Z1x63RCSfpAP77tasAf__yqKJoDSLBFCSdJFKvoX-APwvIeqn0_EQwx_kXdqq9gU,MrJdot12,https://play-lh.googleusercontent.com/-Xz0QLFb-Scg/AAAAAAAAAAI/AAAAAAAAAAA/AMZuucnsQhB6XxV4JdW6t0auT9SETrZZ-Q/photo.jpg,It is impossible to win 100m and 4x100m. Sort it out!!!,1,3,,2015-12-28 12:59:45,,
gp:AOqpTOGH84C4E4tDsAp02C5ajriol6YeUY5qbsZ5MnSs-OCvmuTqqk6fYm1n0kVRtmJ0w6h9D3jQdJZLQbXELuI,Nicholas Ferraro,https://play-lh.googleusercontent.com/-bxzGK5xqW7Y/AAAAAAAAAAI/AAAAAAAAAAA/AMZuuck8lBWtQwXR3diTOZRRqms1-W8EUQ/photo.jpg,This game is awesome when your bored,5,77,1.5,2015-12-21 21:58:38,,
gp:AOqpTOEQu6hrtNm-d70wN0oaobV3LR27V4PgRd4Tv_d48qYxWN3ANJhtYetlKkBe9tx9-EpuAG0tMEVM6xL6i1o,Nazim Shaikh,https://play-lh.googleusercontent.com/a-/AOh14Gg-jb2_MMXZqsD0By39U4oVbEdKQ4wrwCVJRlk20g,Game not save even after minimise. Restart again. West of money.,1,41,1.5,2015-11-24 06:58:27,,
gp:AOqpTOFoa97nzkJLO6ivg9mYv6vXUEpIbpM2bBThngLBERfoIo8bOR6JH_jrMY6MtcKPdI0ZZq1zi1bhiPE2KAU,bob13231 williams,https://play-lh.googleusercontent.com/-FW7bo0VyP6g/AAAAAAAAAAI/AAAAAAAAAAA/AMZuucnNMzhJVNIzKxE_Jp8o2PsyiHosTw/photo.jpg,Good graphics its soo good to ply while getting head,5,80,1.5,2015-11-21 09:25:39,,
gp:AOqpTOEnJXtVx6QTgV9_LQ4_qZ4PhltNUj3iRMj5YYJ3sT4iTOgza87-g3SkYDfw5F0RRk_hpQOxHfBKJjFu0Iw,Kwasie Thompson,https://play-lh.googleusercontent.com/-8l4cMLj8zOM/AAAAAAAAAAI/AAAAAAAAAAA/AMZuuclaL5zifT2Tc_QrYzgRI5lPQ1SZEw/photo.jpg,Great game,4,22,1.5,2015-11-15 10:33:22,,
gp:AOqpTOFUjVBFDhc7ogGhV1JnmF6PtQA7YjT68mgDHSdL1df15Dp5mjUidstYksSEMzJwmrTVmmyBLhbHKOeGyoI,Afif Amzar,https://play-lh.googleusercontent.com/a-/AOh14Gh8fHprgi8DQ0MyTgji0HR9200-fpA1LAWwUS7Zfg,I love this game,5,25,1.5,2015-11-13 08:20:10,,
gp:AOqpTOF-IuwM4oDKFzn1RboT827fXDd5YWsjLlCXmjviPy1m4-ZU_Zpds6JAeANwOnad8V_ObObRHFX2sAjabkI,owans Gillis,https://play-lh.googleusercontent.com/-43ZcI6DAKN8/AAAAAAAAAAI/AAAAAAAAAAA/AMZuucm4vx2QaYFptxB6H60bSu8yNbPcaQ/photo.jpg,Awesome,5,22,1.5,2015-11-04 05:17:24,,
gp:AOqpTOETKQVlDUlVuXrDrNYDCaFCZ_1O482kepjy1Po6NSfpCGNAfLlX-b_0Djr8GDaFY3eDz1GJi_ekjlAHoIQ,Lawrence Hall,https://play-lh.googleusercontent.com/a-/AOh14GiriVy01QXw70R0UH_UHo-riYOXmt_-T4AFyf3kSA,Greatest game ever,5,25,1.5,2015-10-31 23:12:42,,
gp:AOqpTOEchjbYMSUY7tb_UW7pXoLlO14KmlzyYmASefdEIMXAsziU_b74Pk9zpLY6lXbz_-vxOmwlBegqEhHDEp8,Oliver MacMaster,https://play-lh.googleusercontent.com/a-/AOh14Gj8of7PhA3xS8DZ6xmmKzsqEXAGYBRejy3ZoMnQfQ,Good fun,4,19,1.5,2015-10-24 20:25:02,,
gp:AOqpTOFM-r8QK9H6HCBa3-WGtsli2q-w1kjHEJ6t48EelYq8ECm-5e_L9s3Qw9oO-ntq5uoxl6iV5NaZZPUJwwc,Abe Poetra,https://play-lh.googleusercontent.com/a-/AOh14GgUyGx8an_AMOkpvdu79kmXBs9vI6zITW2nyNQQ9Q,Love it much,5,23,1.5,2015-10-18 09:53:34,,
gp:AOqpTOHLhj5O3MLY_J-n03_bqt5f9D1RZfdU6A5UXcCoT-xgwN9pLsM29618zvPPXSSaSC9riM_A4xZilXwsgps,Aaron Gorton,https://play-lh.googleusercontent.com/a-/AOh14GibXJAe-FIWhcxc7wyrehyFAx5yFEqA2BxGiUf5CA,Got all golds broke all records including multiplayer refunded money thanks,3,2,,2015-10-16 02:46:41,,
gp:AOqpTOGlS9Xzk2K8ipA3XuZjc5sbeX2Z9I2-YgeD6zy6b_J0y3BSPUZyBhC09R1MOmNCtARqcS1VBPZ43O3lZuo,Arash Arash,https://play-lh.googleusercontent.com/a-/AOh14GirLwTndP_BOwni3DJnX9SRUy1nXTi3Jn0ghVJE,I LOVE THIS GAME,5,38,1.5,2015-10-10 16:59:10,,
gp:AOqpTOGXHLQo7fb8NavcAybgKj4P9NykaJiFJJZsDJLqtUXmfVa7wU_sn1j1cC1rQ_SNqwxzfA-eIQtJiX-7aNo,Tebogo Faas,https://play-lh.googleusercontent.com/a-/AOh14GiF8oAibca-qQqABSO7JxKI2IzWHHBn4RLK4al7xg,Jas game,5,22,1.5,2015-09-20 00:51:48,,
gp:AOqpTOGEgBiaMTnKvOe_XC6uwrwlADyh7TZitSI9OX-CEubGBWUaYE5qKUaVc77JxHvwDb7qySBvIq2YzX8HYGg,Kevin Lempfert,https://play-lh.googleusercontent.com/a-/AOh14GgsMN8IOTt4fq0mJi5vhUOAvJTVwtqsdJVPLbV2mA,"The 100m and 4x100 are impossible to win. I can easily win the 110H and the 400m, but the other 2 events are impossible. Need to fix the touch buttons to gain better speed",3,4,1.4,2015-09-13 07:47:31,,
gp:AOqpTOEdWdA8VQl0ksxUUd-an7Smi1QCjS8lMZOfBwbj_3F2Nukn4G2O35nGb-cCVONylNa7j_aItsdj-WZewTs,uganda Ice cream and soda,https://play-lh.googleusercontent.com/a-/AOh14Giuo6IEMZi4OWSlIRyfOuSXzA7m0qbymxZUK5uELg,"Asus zenfone 5,always hang,and i need to shut it down,not even play it once,fix it guys",1,4,1.4,2015-09-11 22:24:18,,
gp:AOqpTOGpdDSXxnrTVxqYBaoV9Ax1ZJ34Ib1qF-JQt_oX0LtEToe5o7r5Yr-5HDc5TDqfW6DR2m-vOXvcECVmFII,Pritesh Dindor,https://play-lh.googleusercontent.com/a-/AOh14GjdSX3pf2AUvFEO0sHkUuG5G-K_jIpcbG-85VyZPA,I downloaded paid version of the game but doesn't even start.,1,4,1.4,2015-09-11 05:28:34,,
gp:AOqpTOEH5nSoUyNddxARlHkr6TgHBXGtPFETwpjEGZD4LA7fHMkhG3dO5IrtsdQaZS8slKfxQ8uayttpA4_Bgok,Nicholas Meyer,https://play-lh.googleusercontent.com/a-/AOh14GiNOW8RYxEjNbQRgiUHreeeOEaaFY3_PHmjuRLedA,"I love the game, but I can't win, or even come close to winning anything. Especially in the sprints and things like that where you have to press the screen at impossible speeds. I think there should be an easy, medium and hard setting, the hard one being what it is now. Please update and ill rate it 5 stars.",3,10,1.4,2015-08-31 05:41:22,,
gp:AOqpTOHP3RLorS25Nr3FSVMkLL3Hd9oNSSOW3C1UqlnGZIcYfCGHbPnxsOE3i-N4wHNgPnGAntLCYtr3uZNdcV0,Vhutshilo Edmond,https://play-lh.googleusercontent.com/-OQa8ysznLa0/AAAAAAAAAAI/AAAAAAAAAAA/AMZuuckuwHwwLp3wF2o5MdnOVM9DJ6mEOA/photo.jpg,Its ok,3,3,1.4,2015-08-28 00:10:56,,
gp:AOqpTOF619_raopG9eiNe1xu8TKNhjkLDUcfKoiQKv-EyGpxDraHtseAGdDTwV-DQaWyXn1THwrMS1vi0yfF0Ys,Angela Love,https://play-lh.googleusercontent.com/-zxaJ_h7bM5E/AAAAAAAAAAI/AAAAAAAAAAA/AMZuucnejfU09xrL0goJevbpIztpKCdegQ/photo.jpg,"Great game but can't get the target to be responsive in shooting competitions. Fix please!!! I bought the game. Now, I give this game 5 stars. Thanks for fixing the target controls. ☺☺☺☺",5,11,1.4,2015-08-26 21:37:42,,
gp:AOqpTOEtLvtCDvxM4Cp--f3WOT4LgihGNKeyfa4Ndbulk_yZN4BfOIXMx-PsbbweEyiG8Cmi3cEiIy7hLAZ9QAY,Tyrell Washington,https://play-lh.googleusercontent.com/a-/AOh14Gg2By6N1c1sFetHkSQ08dPBNTrg1gcLnuF588GNlMg,I love the game but you guys made it to hard it's impossible to get first in most events like the 100 4×100 update it's or make it be an option for controls and difficulty and make the running control closer like on the first thank you I don't want my money going in the wrong hands and being wasted I paid for it also,3,10,1.4,2015-08-23 18:10:31,,
gp:AOqpTOHEc-97wRmvaj-CiccEOfrI4RfpyqBshhH4AmU_65wXILAk7sRCE9Aglt3AzsjWz6ioVQgs32_IJEF8lVo,Gian Paca,https://play-lh.googleusercontent.com/a-/AOh14GgtamKf0XI40yGQMZ6L0qCsgff5wJSAU48vQPlQvA,Never never download,1,4,1.4,2015-08-22 14:45:14,,
gp:AOqpTOHHNhPoz4NYOHJNzYWnOqVmXNGdmawGx1B_iQiXdXQGRHWUuabT9X0YzJ34j_57eSEGYVUX_x9x2HtX91Y,Nel Anduiza,https://play-lh.googleusercontent.com/-G_NUY6Gv1zw/AAAAAAAAAAI/AAAAAAAAAAA/AMZuucncq7mMr14UWyk5v_-YLYaoDrbcfQ/photo.jpg,I  love  full  version,5,5,1.4,2015-08-20 19:54:05,,
gp:AOqpTOGc5rGlP8ysRV7dMb_ZGl1RA7YtMjywsa3ExyIuHlafd8iIcfCCTXj0_2Wsb8hM9ZIRQ-kUC4QXaDAwNVU,Eon Dawkins,https://play-lh.googleusercontent.com/-nOljuKj5KgY/AAAAAAAAAAI/AAAAAAAAAAA/AMZuuclmuddCg5Ltf7w_BljL7UBYDHzcTg/photo.jpg,More work needs to be done on the control especially the relay you can never win,1,3,1.4,2015-08-16 07:50:55,,
gp:AOqpTOGnxkjQMLL8_390i5dW6sBQazpRikGrtZmiTJDeyU9gh_92WCUiNDjolX4nFEqfQ3XLuDczpOWF6huIScY,ricky andreas,https://play-lh.googleusercontent.com/a-/AOh14GghbWV31QI-ydA67f83vJ3ymG2Vq3PBTEVtug2F4w,kenapa jadi suka keluar gini gamenya??? mau mulai kompetisi malah keluar,5,6,1.4,2015-08-13 18:59:02,,
gp:AOqpTOFkiNbrO02Eiyz_2T0jfvGXJdZufERV4RN8TpBE5D6232Bcrlm0RTA6ZuKSfGxtH6nl6NLBUx5d9020R2s,Malachi Davenport,https://play-lh.googleusercontent.com/-c7Xw2JxhiwY/AAAAAAAAAAI/AAAAAAAAAAA/AMZuucndoIbp5hhfr1PejMkIPcVr3ua3yA/photo.jpg,"Great animations but in the 100, 4x100, 400, and the 1500 i do not win. Please make is easier.",4,4,1.4,2015-08-11 12:49:36,,
gp:AOqpTOF_jDpL5O9YNlrzyrqVheIa50vloja4xSXq-yQHYXMQmXWzXz-3vP9zOrzd58cRey0XUJB709aeY_KZIRI,Spiro Tsihlas,https://play-lh.googleusercontent.com/-vPSo-VWpt_g/AAAAAAAAAAI/AAAAAAAAAAA/AMZuuckH5T04Dz0egYm1OTFzXmtB5pmKaw/photo.jpg,It is sick,5,5,1.4,2015-08-10 09:45:24,,
gp:AOqpTOGHvZlAR1XoBU9ezJ5Qku38NFPPClmzbSg5rINWiSvM_k4_L0ONzbMoLz0opB0xddZ2b1tY5bTS7Sje9ak,Invictus,https://play-lh.googleusercontent.com/a-/AOh14GgTvmeLs1MLXriyAQFiNvR3oJslL5gfJyNS2UmIHg,"Fun game, I use it a lot. However, the music seems to continue running after I've left the app!",3,5,1.4,2015-08-08 02:56:23,,
gp:AOqpTOHYKfcyz2s_dXZLKXWNVNNKYhXalifYh8iUyG_s8fUG8h_hrlgaEKMgTHII24eboKrOqeiNITaT-gZGMOQ,prince dahiya,https://play-lh.googleusercontent.com/a-/AOh14GhDBn-TvmXQb1qJMTAA9k1PaaP23DwQ4Nln31vh,Bt when I'm going to download its showing error 194. Wt is this? I wanna talk to game center is there any problem in network or in game.....,4,3,,2015-08-07 18:44:34,,
gp:AOqpTOF91iaY0RPrdbpfbhW0mxfEiC3MUp0NtVBWrS-Dve1LPEKevrFNMNe847LsRprdPknBpxh70RPMb8SICe8,fareeq amsyar,https://play-lh.googleusercontent.com/--jeBLvg51EE/AAAAAAAAAAI/AAAAAAAAAAA/AMZuuclD_DwMyKXjPqqWnCCd9ZRQBbp8TA/photo.jpg,Best,5,7,1.4,2015-08-06 03:12:12,,
gp:AOqpTOH3TkpZGttm-SLNUTzT0eILxShqIMogEZagWTd_l4L-0ydLFARB4g8D_NORT4I6FQTHWIxtXUCDdDuhrmE,anhru Mulder,https://play-lh.googleusercontent.com/a-/AOh14GieSnsXT4h4Ry0jXNwI7jJc7HUdOHDHw80v0DGNhw,It doesnt want to download please fix for a 5 star,1,5,1.4,2015-08-01 02:56:29,,
gp:AOqpTOE4-Pk8ZaDDRDqCVXbp9kHwvyPXyi0b29Pk_9Ltpv3sLWEGEapZEnWvh7dz8cy5PjQwQXx8yKcLOCyIVYc,Whitney Reed,https://play-lh.googleusercontent.com/-eamCldBNo0k/AAAAAAAAAAI/AAAAAAAAAAA/AMZuucmsqPWJEZQQudsvLFJ_gOGXdT5ioA/photo.jpg,Something's wrong with the speed level when I'm playing the 4x100m relay & the 100 meters  I always come in last. Is it something I'm missing? It sucks because those are my favorite events,5,5,1.4,2015-07-28 19:45:00,,
gp:AOqpTOGnO6JrktWysMI6FZ1zNnChCTFWOE2lPEyzO47CpkmQxdgnHpbAdKaEHLvysi7F9WDQkCgKO8mq6gVFtQA,carson barnett,https://play-lh.googleusercontent.com/a-/AOh14GiWwR1fZp48Krup9gNvnIUw6E3WYS58ufy0JyAkYA,Boi imma boy yall know we squad and yall squad so we raw but yall raw too so yaw remy boyz,5,7,1.4,2015-07-21 14:39:45,,
gp:AOqpTOGrWehyHsrwluAuKXw7sGSoQn_97IAJCqdpvyMowdgKrFX6TYYLwGFZwVil5Eam_ZwgjBWOnXyAJcEtsxk,MIOR Atoi,https://play-lh.googleusercontent.com/a-/AOh14Gj193AS8Enra0hix3WeEsetDGTKQ-N321lWH2PVOg,Siap ada lagu Malaysia lg...best,5,16,1.4,2015-07-20 23:42:21,,
gp:AOqpTOFa0sYg3UI7GXbduMIAkheuTaF8BIhQ7h67Ivq0bQWEtk7YtN4WmTC_bNFinelyKjVlMFcHg2Wzz7gX-rQ,Sean Morris,https://play-lh.googleusercontent.com/--3m-eIqLg6A/AAAAAAAAAAI/AAAAAAAAAAA/AMZuucnHwPykdDsgwniSlpebmvb7nXgjXw/photo.jpg,"Love the game, but giving it 4 stars coz the controls for the shooting games is terrible. The target literally doesnt move to where u want it unless your phone is upside down.",4,19,1.4,2015-07-20 06:34:23,,
gp:AOqpTOHhSoKLiNvUKSPoBEd8vreVRg3_QrrVs5U-R_Tco0Z3NZZSOgmBalXOio70AzE5vVKlE_a3zCr4CbhPdPY,Joshua Brothwood-Eurge,https://play-lh.googleusercontent.com/-vL-olVC1amI/AAAAAAAAAAI/AAAAAAAAAAA/AMZuuckZhs3QOCi5eIOQ5IzFdIS459ChmQ/photo.jpg,Sick,5,9,1.4,2015-07-19 02:31:56,,
gp:AOqpTOF7KkUMgQTdlctFwzqHRd5CgamMV0V75bbmJgMEo84ZS6alQRKQLGfcduJe2xsBgTkt2vgnn-okWQ1UWqU,Steve Briscoe,https://play-lh.googleusercontent.com/a-/AOh14Giga_wEPzR9TRPIF0zMlq-Eq5K-1fPGkGmVSQdJ,No name edit??   Where is the game center it talks about for leaderboards?,4,6,1.4,2015-07-12 16:03:38,,
