reviewId,userName,userImage,content,score,thumbsUpCount,reviewCreatedVersion,at,replyContent,repliedAt
gp:AOqpTOGYDRZAMS7nktz-p9MwjmMVj--ABBzO-lfJe_vWyRBXBjuKXHUvBx5Ap1RW29xmw18RMTNDR-DZftYbcg,Hailey Snyder,https://play-lh.googleusercontent.com/a-/AOh14GgEWmK9VFC4nXcohoQFHke3RG_nin_HgT3pmzP-sQ,They are going to be in the area tomorrow and I will be there at 8:00 and I can come in tomorrow at the latest so I can get a ride.,5,1,1.2.1,2019-12-15 19:37:27,,
gp:AOqpTOFNfTYHtx3x5S-xEuImPWovnWHJRDjaU9PRpXdgWaG0fLmejQNizFd-EoyRSKCz4bc9Dc2B-hQQT6SnXg,Laura Raider,https://play-lh.googleusercontent.com/a-/AOh14Ghc1UkBdRywV1RdsYaytXQYAm_bAXYLgMO97wCngQ,I always played this as a kid on the computer. When my kids play they click a lot thinking its like an app so that's something parents should watch and explain. My only complaint is the music is crazy loud so I have it turned off or the characters can't be heard. Other than that it brings back great memories.,5,11,1.0.4,2018-10-24 18:18:02,,
gp:AOqpTOGCWWAhtBdjgQzrm-GSS2JSWnQrQLi68kWaSpxE4moCuVdhgVrRVa1JhDW1MehfXn8wShiQpNr29xMr1g,Katelyn Koneko,https://play-lh.googleusercontent.com/a-/AOh14GiRuJ06_486eMB6ha040w_LStka7nNhYoPsj95P7wg,Can't wait till my little one can play the games I grew up playing. That you so much for making these an app. I'm voting for Freddie Fish and Fatty Bear next!,5,6,1.0.4,2018-08-27 13:12:18,,
gp:AOqpTOGyrzxObnF6k4K1tv08-jCTOk6qAnRA50EUE4N-xej5Z_iH2lss7d9ews-5yEYn7mFFjQ9wYEzi8WmYzA,A Google user,https://play-lh.googleusercontent.com/EGemoI2NTXmTsBVtJqk8jxF9rh8ApRWfsIMQSt2uE4OcpQqbFu7f7NbTK05lx80nuSijCz7sc3a277R67g,The screen is off-center to the right on the Galaxy Tablet. Will make things difficult for kids.,3,2,1.0.4,2018-02-24 12:39:32,,
gp:AOqpTOEV1ramcdhJRUpK_YI9fBki1Wz5bd6aoWKqayPaPmFxXZoTsiJbDwQn8C2LeXHqhuhys5__qOYpvR7I6g,Daro Samsone,https://play-lh.googleusercontent.com/-4hroZZjmkSU/AAAAAAAAAAI/AAAAAAAAAAA/AMZuucmV97UxXRx8w04X4D493nTowZizCw/photo.jpg,Great game for the kiddies.,5,2,1.0.4,2018-01-09 06:12:42,,
gp:AOqpTOGS2xyK56M5XBnG2fAf5_JlkR6-aauv_ZLq--3nrWiHiiRhD-1PdK6V9Lzk_sbQ43cLIe2rFWZovlP0kg,Bridget Haley,https://play-lh.googleusercontent.com/a-/AOh14Gjx9Ys2_zH0fVbqLtidEvj5_G6j5uwwPN7XfI9p,I love this game! No problems with any of the features. It's just like being 5 again!,5,21,1.0.4,2015-09-28 09:55:07,,
