reviewId,userName,userImage,content,score,thumbsUpCount,reviewCreatedVersion,at,replyContent,repliedAt
gp:AOqpTOHbkWeocBEjnpdkgCs9ql-iF3FwmKRhrO_eRDtG5JScPdJbg3LJAKvFLkpmDGos88ne5mHt-cNaOeOX9nk,M Khuong,https://play-lh.googleusercontent.com/-__XEW8XgAdY/AAAAAAAAAAI/AAAAAAAAPEI/AMZuucnvT2hU8sxUOWSl_04YP_l3y493iQ/photo.jpg,I was able to turn off the reverse beep on my 2018 Leaf with my Pixel 3XL android 11.,5,0,0.45.119,2021-02-01 18:22:32,,
gp:AOqpTOG2ROMaBhjSJ1JiE9VP7H7hWL99d4rCX2r2jAKB5eVV-6drTtRzfVW3VysdxCwS9mzN6mlOMWssRQVtUM0,Kevin Pierce,https://play-lh.googleusercontent.com/a-/AOh14Gj7919xkpaZ_N8P5i2k7o_EsfoI7DICGRMMn38_fn0,LEAF Spy Pro: Difficult to recommend over less capable versions of LEAF Spy. I bought the Pro version and now wonder why. Looks the same.,3,1,0.45.119,2021-01-24 12:55:56,,
gp:AOqpTOF6w4K-FTOBO-n4QSUBe5a-QNy67XCCAGmAaj-axvEqnJjOJk8t-Qw0BAZolrCPvEbDNCVuq8zJlGSbboo,Mattia Marinelli,https://play-lh.googleusercontent.com/a-/AOh14Gi1NMYuLo0SYd8WKKLTdFIJh-vcGEdVycEUq3NUog,Excellent app for every Leaf owner,5,0,0.45.119,2021-01-15 04:58:47,,
gp:AOqpTOGYdTq5IXPjPDUovXDaUBEC_w4CN7b0AtWOwoHsGl60PHZlAPM5_9hh1iLQcD0tB5JigozxmR9is2R6FrM,Dandan Thedrivingman,https://play-lh.googleusercontent.com/a-/AOh14GhcYmZzaOFudYFTGFLHVEpwlVfMT0mveTVxwCSHK5c,Could not have driven my leaf without THIS APP! THANK YOU!,5,0,0.45.119,2021-01-05 10:02:07,,
gp:AOqpTOHMEkBXtn6gL3iNN3Gj9a1ZM6rrZ69aUEEHDlfHJjMZ6kfEHrxdnK_BJJ9pwJm5hltuDBmD33y9R6zNzd8,Todd Allcock,https://play-lh.googleusercontent.com/a-/AOh14GhghRGdzG43P0Ps7nsf_v1kZmmaDxCg3IQ5ag4RVQ,"Yes, this is *the* app for Leaf owners and offers a lot of great features. But it's very expensive, is not customizable (compared to something like Torque, for example), hasn't been updated in two years, doesn't fully support newer model Leafs, and, most importantly, doesn't support Android Auto (it'd be great to mirror Leaf Spy screens on the Leaf's display.)",3,3,0.45.119,2021-01-03 18:23:20,,
gp:AOqpTOGxg7Soll35rmJZqP7WQH71V4SoW56iATCZw6Kzstkm0Iu_sLm4O1H6QmE5B4MxI8yv0VMf3bIeElHMkuM,Pat Evans,https://play-lh.googleusercontent.com/a-/AOh14Gi-kMG_JxplV3jeB5jmMTQ31Yex87S4UE2N55YMlQ,Does exactly what I need and more for my NISSAN Leaf.,5,0,0.45.119,2020-12-31 00:41:33,,
gp:AOqpTOG4cBswLoGfn3VG4HlMIEgjXVNBITX0MKXx_jLqnTxVbxov7WZ9hrupG5LotNWo-SgsmAr5lANcb3SGFXc,Frank Baumann,https://play-lh.googleusercontent.com/-gpsKx_gD0_s/AAAAAAAAAAI/AAAAAAAAAAA/AMZuuclAeR0VQTDznAmzxOXeOl9YS6STig/photo.jpg,Worked great until my Pixel 3XL was updated to Android 11. I can't find any way to send this feedback to the developer. Android 11 had major Bluetooth changes.,5,10,0.45.119,2020-10-20 09:49:18,,
gp:AOqpTOGq99yu_nsahP5tD_ppD8PfrPxGC14dIW8fqKXWMVrkUMpviChhdSfT_o7A692JPtSVUWOeF-9wwGdjxXY,Michael Brown,https://play-lh.googleusercontent.com/a-/AOh14GhHGPhlXUfsj9Ql3dVuxS0ZfC-tZro31Z_1UCf2joo,"I can confirm that this app does work with a Galaxy S10 running Android 10, and a Konnwei KW902 OBD scanner. (2013 Gen 2 Leaf) UI isn't great, but all features seem to work well. Can be a little fiddly at time times to get it to pair, but turning Bluetooth off then on, closing and re opening the app and resetting the adapter seems to solve most issues.",4,9,0.45.119,2020-10-07 02:14:18,,
gp:AOqpTOHJufxEFGgi58UPhD0iNIr9T4Ib1nFRyHzcvL5-TPmAx_3bZywU44GyKNAi2nj1Ws07YUz6vRy2xSWjD-I,Tharindu Sanjaya,https://play-lh.googleusercontent.com/a-/AOh14GiJL0SMecfCbgBjr_RfnoK91p4LYNS2kBHESytj,Using more than a year now. Great app. Say what it does and absolute must have for any Leaf user. Saved me from stalling more than once. Well done LeafSpy team.,5,4,0.45.119,2020-10-01 00:51:24,,
gp:AOqpTOH1uIAVNU8g92CumzRHFDsu2VSZG77kLpunZZpNwnzuTItkIEIeRhQLvG6nFVs6GkDF03zLTiElCZUB6u0,Mark Wolstencroft,https://play-lh.googleusercontent.com/a-/AOh14GjA1dobmXUFXnA7VhBpxFYenWJIgF_YX175g6aK8Dg,Leaf spy lite works fine with my pixel 3a and Android 11. Leaf spy pro won't connect or recognise the same Bluetooth adaptor. Shame,1,1,,2020-09-19 14:39:15,,
gp:AOqpTOFUPU8O_oHqlikgn_blmFCWT16nqQcKpB1MuaeOocYR410Gk7Xh_O9H2u7q6R15Bv5XnIxX64FyWVnTUg4,world ev vehicles ev parts vehicles sale,https://play-lh.googleusercontent.com/a-/AOh14GgTRz-sI0S6xCokEP3b9OfAUYLyyXmptefz0yxWQQ,Good,4,0,0.45.119,2020-09-06 17:37:15,,
gp:AOqpTOEHMoF_M6lsg_zqnPD6ExyEOZ8mM3EuXGLc__YYvy-OKg0hQFgbKde5luwCx7vEqI3NZtyxFhSeXb1rSJo,Peter Yi,https://play-lh.googleusercontent.com/-4pGdlHHtErI/AAAAAAAAAAI/AAAAAAAAADk/AMZuucmLzq_KL3ub7CTTzUfE8V0RiFxWsg/photo.jpg,"App was last updated May 31, 2018. Does not work on Pixel 4.",1,2,0.45.119,2020-09-01 06:16:09,,
gp:AOqpTOHio43Vuxv_ZMer5VojGs0oy9jbWdKQY6x3cNfyKx_30ylppuE2js5H5IrocdpkuYSp_tarPtczJmA7FdU,Ivan Kozakov,https://play-lh.googleusercontent.com/a-/AOh14Ggb2D-f7EnsZFy_0egs1rtTKND8e56BKJGxI6Xp1Ro,"It doesn't work with 2 OBD2, I've tried 10 times... How to request refund? It's just time/money waste",1,0,0.45.119,2020-08-18 03:14:20,,
gp:AOqpTOEIvWZoQDYwyzTAIHke9OrXK0Eoo6dQwhN2-Ueu3B5sLOCp0Pwb0v09FCvCyYsewDtEUOQxsRCBcbPceyE,Stephen Jones,https://play-lh.googleusercontent.com/a-/AOh14Gi3w2zRSLRyBn4UT20oHE7juJhQZDiwNDQ-p9Dm,Very good but needs an uodate now - last one 2018,4,0,0.45.119,2020-08-15 15:29:18,,
gp:AOqpTOFpdQVASxONusTjOHowQ3WlHlB2oJdCpSumTxPgPxgxW5mwgFv2YlR9ORkI1uVRcJwoE82-7Dl8Lv1qLfc,RICARDO GUTIERREZ,https://play-lh.googleusercontent.com/-prl3fxjHMGo/AAAAAAAAAAI/AAAAAAAAAAA/AMZuuclZ_EzpD7BFqnypxL9l6lAKsHQ7gA/photo.jpg,Smart app.,5,0,0.45.119,2020-08-09 07:54:54,,
gp:AOqpTOHCZsh0Hg2h2ivUcc8MFCttlrYcxQuN9ge-6-LhxqzQcrW9GAFnIgX9KHEs3X9RbaF1-hCLF5wZ7_GFLj8,Harry Samuel,https://play-lh.googleusercontent.com/-e3cmAHrlFy4/AAAAAAAAAAI/AAAAAAAAAAA/AMZuuclbyYo0rD3qjx1jpv447uaTIC1uug/photo.jpg,"Well this is one of the disappointing purchases I made that I wish I hadn't bought. I had watched a youtube video, had 7 screens with many features. I paid for it, downloaded and ended up with 4 screens, none of which had the screens that are show here, or on the youtube video I saw. Waste of time.",1,15,0.45.119,2020-07-15 16:01:16,,
gp:AOqpTOE21qNHNCNsOgAV_SESsDaJ1f7Z4h2CREzkCcD1GvDMyPPURlOzrPiWlE1PM5B8p6eWF7rwtZemt3ku6Ow,Vin Cox,https://play-lh.googleusercontent.com/a-/AOh14Gi6ALpQuRB2iXQoUFUU9Hv9vBE4dHpR2X-0WvGA,Doesn't work. Wasted hours trying. Can I have a refund?,1,1,0.45.119,2020-07-05 00:11:14,,
gp:AOqpTOE22pdjNkwF56rAxU5-w5VhxwxvJ1yU0nLNr_v37HG8PtKMORuUFJvhsRc3soh2B86jRn1oj1tL_3uL4Rw,Joel Williams,https://play-lh.googleusercontent.com/-eY4zysmnt3U/AAAAAAAAAAI/AAAAAAAAAAA/AMZuuclSavR3YffmbJbKR7jSffvVxoAn7A/photo.jpg,Not updated for Android 9. Display is messed up. Example: some phones (Moto g7) can not exit settings screen.,2,1,0.45.119,2020-06-28 13:45:52,,
gp:AOqpTOEPmMvt59vXmIz9uHXHzb_VHJ-OInfMm94yjkdf9lqI5q1io6MUUsHKcxi6YzbqoRxf_x5EaFwf0r30Xh4,Ashton Lucas,https://play-lh.googleusercontent.com/a-/AOh14GjFyHC0GCRfGauNMmSr6SfSu_L1YF4FVxY4RbnpZQ,I'm mixed about this app. It does work but not sure I get $25 of value. The UI is pretty ugly and not fluid and the there has been zero updates in the year Ive had it.,3,9,0.45.119,2020-06-18 15:44:03,,
gp:AOqpTOHEnjcZgjFxYsDYSLnKpEfXMU3qDcyMsDBWCpbxaBTPxFTFuezQXKoCnJrp8HcMmc3hHjBcPtJ4FhCvdxY,Paul Hansel,https://play-lh.googleusercontent.com/a-/AOh14Gh4iyRPEE5_aGVCNK3jZCdoDPLKRBJJYh3SuBZXqJY,Doesn't work on Android 10,5,2,0.45.119,2020-04-24 12:01:59,,
gp:AOqpTOF12g5TEIgcLIJKfVBqYY7ihzT7UrWNmxc7WCRDqdUJ_epIu7OnPXHGJhTVhZcW2emHLMMTvP7KC0b2_2s,Danko Savic,https://play-lh.googleusercontent.com/-fBibdame9RY/AAAAAAAAAAI/AAAAAAAAAZ4/AMZuucnd2I01jk3uc0HqfxvmIwrdYXT_zw/photo.jpg,Ok,4,0,0.45.119,2020-04-22 03:30:24,,
gp:AOqpTOEXtGe7Dig67j0a4iNNVAfgRSv10hqzBEk8AuQwXx32c57jAtvAcA9O1OeSMOwEZMBZjkZp_B1Up6VgYxo,Guy Lambert,https://play-lh.googleusercontent.com/-x6Spn49S-mM/AAAAAAAAAAI/AAAAAAAAAAA/AMZuucmjF9QjO-TLM9fM7jVDlG3pLB7VBA/photo.jpg,"Don't waste your money in either of the paid versions. I bought the recommended OBD2 device for the app but the device only connected twice to my phone. Tried deleting then reinstalling the app many times but nothing. Absolutely no support from the developer and it looks like the app hasn't been updated for 2 years now. Google say it's against their terms and conditions to refund the app but the developer doesn't reply. I repeat, don't waste your money, stick with the version.",1,14,0.45.119,2020-04-15 08:47:36,,
gp:AOqpTOH5eJFQSkdTTsxG6mkdxaoWoA-_1iBSmlen1qKc4TIGpXQSXsb4t6Mu-wHYpHX1wI2bpbEe1FbNQ9qA_bw,Cody Sims,https://play-lh.googleusercontent.com/a-/AOh14GgJ-CscEc45zL8Lr5QySmkMWbBsL0ntwmbFLjosCA,UI is ugly and partially broken in places but still gives the info you're after... but I can't give a good rating to an app still charging $15 that hasn't been updated in 1.5 years.,1,4,0.45.119,2020-02-14 06:18:05,,
gp:AOqpTOHFAR6vZSSiKWe5UxKAqaCbugfrB9XPcopI41tBMvjKV0hgl4I7EaZF6V2yIpKxtKBap7XKORYf5IxOQhk,Garret Kruger,https://play-lh.googleusercontent.com/a-/AOh14GhX9_Pj6ibkTmlquhHsDWHBLkGueKmIfrGtn0F232U,"Love the app! Pretty please add the ability to lock the car when turning the ignition on. When waiting in the car I often cycle the ignition with the parking brake on to turn off the headlights. This results in unlocking the doors, but a new setting would make the locking/unlocking seamless in all situations! Alternatively, a setting to make ""off"" on the light stalk turn the lights completely off (without the rigamarole) would be even better :)",4,7,0.45.119,2020-02-06 21:38:12,,
gp:AOqpTOEbNK0GqjBpK0p5zCB6_IpKLDjpPun2uM9goKa19kuSniPiEwn6u-clNQ-yNw9Vx2GxiKQrxm87zLm_U_s,James Harris,https://play-lh.googleusercontent.com/-VNs2-Wpn5gY/AAAAAAAAAAI/AAAAAAAAAAA/AMZuucnWhDuvhxSgsqGybyjWJ3e3wlUXwg/photo.jpg,Very useful and informative app. Worth it for the ability to set door locks to one click opening alone! Good detail in the information it gives on energy use.,4,6,0.45.119,2020-02-05 10:45:33,,
gp:AOqpTOH0SESV49PbtP8kQJBobtf7FuD1KEiqVZbu-Jk7z1yqFbcHMY1ey0kZQyMFDXzpihdO4AUYT_UDWylGBUM,Gilles Deville,https://play-lh.googleusercontent.com/-Z4iFSZjN_Y4/AAAAAAAAAAI/AAAAAAAAAAA/AMZuuclEAddZ_1xc-nuK-2BaH0ygeiNjbg/photo.jpg,A must for a Leaf user,5,0,0.45.119,2020-02-04 21:28:45,,
gp:AOqpTOGBBj-jttyWUb_ELz90YUstaavWiu0oUcEYnTe9DWk7Le2pes9QTPS-GDIy3s8NJtLWwsm19d4T274JNUE,Simon Davis,https://play-lh.googleusercontent.com/a-/AOh14GjeqiXQvVFeMScbYhWBrAjkFyBgucxT64RmlhBIpg,"Technically may be fine, but UI is poor and doesn't know about font resizing or newer versions of Android",2,0,0.45.119,2020-02-01 15:58:55,,
gp:AOqpTOGBvJhUAD4-gt0_Xh0m0GUexPkwwBoofZEntg8iJ-dbiDl708tOVHhpmJjmejzcZW_gwDVyUDLCuQQo90Q,Maarten VG,https://play-lh.googleusercontent.com/a-/AOh14GgcViT264VxynCzjmfO9kVpfW5hOO7tUucK--Kv4Zo,Have I been waiting for this. Just maybe add a check for gps enabled? . I almost thought my phone was incompatible.,5,0,0.45.119,2020-02-01 06:57:51,,
gp:AOqpTOFqvVCnj4bcR_z84w447Dmb4SpEpzYBW16Uxt-Fdepjk3YmhNKHJP41LmqnCrYMHzse39IzhnWjljiMxxI,Aaron Lager,https://play-lh.googleusercontent.com/a-/AOh14Gi_RPum6eFqzp-C-QlZK-Dz-wXMUOH_MWmazasbGaU,"Nice app, I now have a silent car...so nice! Wondering if it's possible to have doors unlock on both conditions park or ignition off. I don't always press park before turning the car off.",4,4,0.45.119,2020-01-10 12:51:14,,
gp:AOqpTOGIJwWQUoX8yWoEBUtV9jFiByZ5V64m6wqhh10x9MNd-JFGRug6JqmfzwzW50ngdlPYJP6OeeaINs3BMEg,balshazer,https://play-lh.googleusercontent.com/a-/AOh14GjpLL0mf7dwQJLHzTvr7baBoiaNd4CukNbigNYh,Tried to run on 2 different devices with 2 different OBD2 units - the program simply refuses to handshake or talk to the car.,1,0,0.45.119,2019-12-26 15:10:08,,
gp:AOqpTOEi_K3RGcKgZPTBlfcMRVWJf4EUg3poTECqt6i-9YzuPoy4dBv5WZU_f6giFH1MJh71ydgKUhx6MRHOAW4,leroy skinner jr,https://play-lh.googleusercontent.com/a-/AOh14GhFREQZJgNp_pJDOAMXmd1LX2_6gT-2fbZWayTf,New since 2015 great application,5,0,,2019-12-24 02:40:01,,
gp:AOqpTOHdB-T_MJDLJliCt4Tq5KdIgf1lRv4aQKgtdczdabnEfmgGUNixMGqM6kjX7S2FDQNDNMY1Mr5giJargag,Alan Buddin,https://play-lh.googleusercontent.com/a-/AOh14GjGIaT6jgP9Zrx6ajOxQDy-fG7jdCG3Rogz-Yq0Xg,Spot On great value app a must if you own a Leaf or as I used it for a 17 plate E_NV200 van found all faults and cleared them after battery replacement Many Thanks,5,3,0.45.119,2019-12-18 10:17:29,,
gp:AOqpTOF5Nq3B3_OGkhrLBvWsMWFJmaXB33AF2dvDbiITsrKEhzuE2gQMo5It1Gevk7-d89h_jlJFr5Ocy-ZO06s,Ricardo Rosado,https://play-lh.googleusercontent.com/a-/AOh14Ggu6srrI4ShkmW2qrsyfj6HZGhRQfUAhFH0NQ7o,Excelente!!,5,0,0.45.119,2019-12-12 14:59:31,,
gp:AOqpTOFFTwAukFagAuoE3mzwNVzmxKVhRDbBz6srO5w08_a2S2Q8glLikfNshhHUERNuL_qFiDP71kn2HGNfw9w,Layzee Sod,https://play-lh.googleusercontent.com/a-/AOh14Gjc9xARMqM2D7GuMFkTchygI1puFZBQhz42EOxpoQ,"I had an issue with some cells in my battery, if it was not for Leafspy I would not have known what the issue was, I was also able to show the Nissan dealer a screen shot of the problem which made them carry out a more intensive inspection of the battery which resulted in a warranty repair.",5,11,0.45.119,2019-12-02 06:58:06,,
gp:AOqpTOGtGvUBJzEhscp06WxuNAKPpzNUfCLd0Vrx19htEPDXJ7n7XMHZdxV1pErBEVVf1C_IUiy2lsUAX15ihXw,Mike Collier,https://play-lh.googleusercontent.com/-aqUoVpTMZgM/AAAAAAAAAAI/AAAAAAAAAAA/AMZuucnTJfuyzQ9PQyOGYTt84FWeir4hTA/photo.jpg,Out of date,3,0,0.45.119,2019-11-27 01:31:27,,
gp:AOqpTOEwj5WH3wsJxhlNyHxFz8D4NZXFsXX-ayP90_DW3lOffU9hO-bHPqExcccwPGdN7vN0PuuoXYpZlv1SAeY,Doug Ferrier,https://play-lh.googleusercontent.com/a-/AOh14GhpDllH2-_cxAy9LmH4I26UYaxBlFGY2RdVIUHY,Lots of error messages on the screen. Looking for the PDF to explain the headings,3,0,0.45.119,2019-11-20 18:00:37,,
gp:AOqpTOFHhljGO0j3mkTC90nBrNWUc6MENShad12xNbEyM6ypZlFaDkGcyb3EuDaYF6qtD_qjX_u1JPAEIXYaH3o,Natalie Serge,https://play-lh.googleusercontent.com/a-/AOh14Gi8fBo3-Kd4bRddv6rwLYuEKj31IuX5eOL_uF8_Qg,"Works great even with Android 9, despite not being updated. I can see all of the information and car settings. The interface could use some work though.",5,1,0.45.119,2019-11-18 02:58:27,,
gp:AOqpTOHGEh8R0o1VXIF7pr1tZ5mOeI7c2jzACPIuK_NkKpSwxNJBabJCkHYnpbLeubs6qlnkvi32RIfi4KRTtNE,Shabba Ukelele,https://play-lh.googleusercontent.com/a-/AOh14GhIOA5EdpfwhJ9W-XHVupW1fweGJrSglGvTcI5DPA,Not operational Not working with latest android. It was good for years. I paid for it though...,1,0,0.45.119,2019-11-16 09:11:11,,
gp:AOqpTOGzM4xM0oBsD75KJrY9PslbiO3AMwSvU6kWFsOK7Pq4yY6hVQHmbxcYQ7P81ICHcV0RXjZRU2rI2l3yeVk,Younes El-karama,https://play-lh.googleusercontent.com/a-/AOh14GjtCbnDp1TPOlnvmsGjoJNBr0QLdZDkCZqHRt79jeo,A must for any Leaf driver,5,0,0.45.119,2019-11-09 11:56:12,,
gp:AOqpTOHJG0wuTV8FBahqLvfIkMdDJ0t0A3eP-rVAUTwuagonXjQWutIe7pMSclIARGa1Eh9bEtmNM1ofWVTyaSs,Neil Swanson,https://play-lh.googleusercontent.com/a-/AOh14GjT0SIlk-H1PwAEafvuTdoMUyfQRPhmaOvOcfP2wA,"For Android 9, on a P30 Pro. Simply doesn't work. Found it very useful in my old S8, so disappointed that Android 9 is as yet unsupported.",1,3,0.45.119,2019-11-07 02:47:36,,
gp:AOqpTOE8nPAEJX6-Yqyks6x4CY6bef_KjPTRyBexeOmelPy_Z2bz0aKx-va4E8JHfar8cFEOl_8SDfAmBnUJunw,Jeffrey Brooks,https://play-lh.googleusercontent.com/a-/AOh14Gg4ZE4VAmOMXqrrKjdBKBwzocAf0o9UDw1ZIL_QLw,"Best app, only app for Nissan Leaf",5,0,0.45.119,2019-10-19 22:22:26,,
gp:AOqpTOGBuHyCHe0QGac7tKZ6fAPkmwJUpCJCj1yVfkY-I_27sM_kbpkTfmKn_DGG-HHhaUqvjHYBa1_Ssbr42_w,Steven Mething,https://play-lh.googleusercontent.com/-WCxqmEs5Ye0/AAAAAAAAAAI/AAAAAAAABEA/AMZuucmedP7XNLjOIWBnnhfEZ9KYewcZAg/photo.jpg,Doesnt seem to work with Android 9 ie cant read DTCs nor firmware,1,1,0.45.119,2019-09-28 20:36:39,,
gp:AOqpTOFHwGriySvV4MduvQAyNyaP875zAOOJYPtoGEjbizVjK2TP_hCN53m_9-uO2t8_-V1Hy16L9aUTlIcqwok,Mark Hansen,https://play-lh.googleusercontent.com/-gNJudXOUSPQ/AAAAAAAAAAI/AAAAAAAAAAA/AMZuucn6iZ5Y_WDGTBikVUBRfpcT8xFvtw/photo.jpg,"Working fine on my Android phone (Android version 9, Moto G7 Play). Hardware is a LELink2 OBDII device. They paired right up, no hassle (I could not get LeafSpy LIte to find the hardware however, but upgrading to Pro worked immediately). Car is a LEAF 2017, model ""S"".",5,5,0.45.119,2019-09-09 18:45:44,,
gp:AOqpTOFKqDepBX_61XdIg-buPPcM30IAOom9MiqJBQdFhvtZTRyBDQ3C3ock-vQUM7_HAkA5WJrzkNQ4FaTd3Us,Matt Neibaur,https://play-lh.googleusercontent.com/-oDSK9y9Md0Q/AAAAAAAAAAI/AAAAAAAAAAA/AMZuuck_rRsnTTxxZJerq7qhQPZEYDP2bw/photo.jpg,"I've had my leaf since 2015, and this app has been very useful.",5,0,0.45.119,2019-09-09 14:40:59,,
gp:AOqpTOH33pImOvvahodvRgDRVLsBB42pTlXvWmU0X3U9GqX5NVbk5WlqTLYPyOQvXDsgtbkZ-rCAdJqq2n4rGFw,Christopher T. Wilton,https://play-lh.googleusercontent.com/a-/AOh14Gh0OUI6viEOgkuM-q1njyAt-SeUbk-JDnuN22bb6A,Most functions will not work with android 9 and has not been updated for over a year,1,7,0.45.119,2019-08-24 08:00:34,,
gp:AOqpTOHZsrKPE3kGIETEmZ0flt_yGYK6SjZxh267Y_YPWNMunx0rxgYkTaX_M-NAOTOlajzvRMNVTWE2IMuzJSY,Hansa Madusanka Amarasekara,https://play-lh.googleusercontent.com/a-/AOh14Gg274mBN0RhTSPyF_MQB97LR_llDG-905Ne7Vh3HQ,Great Experience. Now I can know my LEAF from my mobile. Thanks developers.,5,0,0.45.119,2019-08-06 01:03:49,,
gp:AOqpTOFkykmpl0XNClK8DitOKzuVA2ExQOF5wyag_-1FgzVbGxJCw_kCXUcKoOs3knEU8J5uUZHNK0htZkOs_1U,Bob van Osdel,https://play-lh.googleusercontent.com/a-/AOh14Gjjswgu5DOapcrpdbkc771dIafv2xDv0aUqIITIAA,Terrible! Doesn't link with OBD II device.,1,1,0.45.119,2019-08-05 08:56:44,,
gp:AOqpTOEnkABmBk5FdIug8p84PuPUjsdze5n4xP2OTuXRCa9T8Cg-0iOzjQTYrCT2iqy2b_I4bKVzLcjv3TXbWRQ,Doug Rice,https://play-lh.googleusercontent.com/a-/AOh14Ghk-roFk4LxgrYrwG_i_YtouBCaktm8mSXKbheM-Q,"I purchase the leaf spy Pro and when it was installed it told me it's not ready for the latest versions of Android. I did a refund will wait to purchase it when it's ready for my version of Android, which is the latest version.",1,25,,2019-07-29 22:57:47,,
gp:AOqpTOE_5O32kksxzQH8sOxHXF15TcjTa8JXe20oVr22GXGsaQuz5r1-A5srKB3hpm1UWpzeifFRhcbv9otobrw,Hermit Dave,https://play-lh.googleusercontent.com/a-/AOh14GjVDuTS82slJvN_SHAAKM7yDxEexLkDLDHLOPHv,Repeated crashes lately. I have tried send feedback shown when app crashes. No updates yet,3,1,0.45.119,2019-07-11 23:31:51,,
gp:AOqpTOHxgHZfd4nqtifgW-2h--aIjUZLjUWzqSVYIhhbVEsmFVicCAxERCFlr6Bdk21BIzAsnwCuJkVeDf4zOdU,Mike happe brthta McConnell,https://play-lh.googleusercontent.com/-r2a9vbm2bM8/AAAAAAAAAAI/AAAAAAAAAAA/AMZuuck9G97KOYnTQ39F13ZtHGryCuE6vg/photo.jpg,cannot understand it,1,0,,2019-07-02 20:10:13,,
gp:AOqpTOHTYRPyGDE6NCtN_McLh5l3zO3NHCqEFu67pDalh-Y0NLpfs_HSPyBjynmSSpLuHhZTFbDcVyDzsmy1Ql0,Howard Cox,https://play-lh.googleusercontent.com/a-/AOh14GiQlfNC9gENS1F-VYvAI6qqJRLU4rwmMSIQsvFL,"User interface isn't at all friendly or self-explanatory, but once you work out what everything means theres loada of interesting data.",4,0,0.45.119,2019-06-30 03:27:27,,
gp:AOqpTOGOM0OkMAPOIWYguO9afi0EiRKHx42PMA53a3BnSLjXHtrTnWouOErEwqmKyz7SdxeF-Zc9z2AniPjp-q4,NIKOinIRL,https://play-lh.googleusercontent.com/a-/AOh14GghTVFXkE9-EN3p4mVXEkVZax-70f69rz1v6H9G4Q,"works like a charm, would be nice if it could change my leaf from kmh to mph though.",5,0,0.45.119,2019-06-22 17:01:41,,
gp:AOqpTOEOE5QNGKQ7TxfN0nj3H3AiVc9ZqPJ7aIPfNny72V1Ypy8nk4Kh4jWBOgxXk-DCr9S6Zd_6pzppvubPI2U,Colin Main,https://play-lh.googleusercontent.com/a-/AOh14GiIXAVGbBIjdLwPrqyn9kBTaQcyHy0on2YHdSrz2Q,"Allows me to lock the doors as soon as I move the car out of Park (or over a certain speed) and let's me permanently turn off the tinnitus-inducing drive sounds. Other tweaks are handy too. There are other things I'd like, but if Nissan don't make them available, there's little an app can do!",5,3,0.45.119,2019-05-31 08:02:09,,
gp:AOqpTOHipFA1n8rqpCxtyu2-ZfM632o3hF1tyHFb2lEjZt5A7qse82v0_ZBGuPnMCn5OhlBH_Ikgw70K5tETImg,Raymond Lee,https://play-lh.googleusercontent.com/a-/AOh14Gg-9MRhq7XNbv0ObtuOQ1nRnqnBOxcTaU_1sJO6_w,Does what it says. Will upgrade to 5 stars when 2019 Leaf tire pressure is supported.,4,0,0.45.119,2019-05-25 03:24:57,,
gp:AOqpTOEhFsmYA7EOuh8MpI_Z_Eleis2TCjMMayMIfEkilBYT9etwskZer0zlAlgI9K9r9gCxVzldgVU6dRMcsu4,Bill Hamilton,https://play-lh.googleusercontent.com/a-/AOh14GgTx8IG7yrMyG7-_JkFr08xExhFsjBNDS8_xCODtA,Excellent !,5,0,0.45.119,2019-05-21 08:48:36,,
gp:AOqpTOGzxJcK1otOXLkmI0AcePybS0qBDW6sSD859-wdZt_HA9lvgDAzrTxYn5-2o8ou_BkaFPaZ8hHsS2zESBk,Will George,https://play-lh.googleusercontent.com/-UJrinWl6CDo/AAAAAAAAAAI/AAAAAAAAAAA/AMZuucnqFJQJa5c-mlefYbxKhufor99jNg/photo.jpg,"I have not been able to get it to communicate with bluetooth, the lite version works.",1,1,0.45.119,2019-05-20 16:45:40,,
gp:AOqpTOEc0OgQfhU4fCQFHl23N6iP4DrvBX99jjbasUm8iF6q_rFHLQw69dasb2miguBdVbvDn86BQwcSDg45e4k,Emmanuel Haydont,https://play-lh.googleusercontent.com/a-/AOh14Gi4JBrf2sqQJPQFiFeyAecRQ5Uj3MAA5_ntAOyt,Great app.,5,0,,2019-04-26 07:11:06,,
gp:AOqpTOFKTJb5Wf6BykmHqmZkDAGxdL1WULRzRpg6sVt2QdpKiQfMjuoXCmFYGDcOz9zMPz6VkskhJtwNM83Jyf4,Andrzej P,https://play-lh.googleusercontent.com/a-/AOh14Gg81gZtUVO2-1aQQYgCX5HcWbGY-63EsfxVariitA,excellent,5,0,0.45.119,2019-04-19 16:29:24,,
gp:AOqpTOH8B4WObHPZ3s6IuPTkMR2B3DX2WKI_dT0_UdaDpRM5_250OSI8cBCmZ7Hbo7SkcgorQjqHOV0wFAE_NSk,matt Farmer,https://play-lh.googleusercontent.com/a-/AOh14Gi4MOtuyWl3J1T-XyVf3PqoIhiWmZwY6FjQUh5deCQ,"used to work great but doesn't function properly on latest Android releases, very sad as it was great !",3,2,0.45.119,2019-04-15 14:13:45,,
gp:AOqpTOGpMMqkJfd5wIbq5Js0qFlQ6NSFcZtmmvim6KqAkSk0mM-qdamsN9si1cZ1A9xCSqYZvLQe7O8kXDwwplY,DT Comer,https://play-lh.googleusercontent.com/a-/AOh14GgmqLU4_yiafypuoyGTg9oKi_PEfp3twXeFAjIXvQ,Best app out there for the Nissan Leaf,5,0,0.45.119,2019-04-14 14:20:10,,
gp:AOqpTOGTPuULZzLqkRj7zJVUZ6OlJEUSJFBE3_FgpRjQ9HyIUEVGL2aB16GUK8OHPazUzBWOPlgvnMs1Ws6etlE,Raven4K,https://play-lh.googleusercontent.com/-3wu-xSYolqA/AAAAAAAAAAI/AAAAAAAAAAA/AMZuuckhAlFpq3-ecb2VmgS3IEiTEwRWPQ/photo.jpg,my 2018 leaf sl has a problem and this thing fails to find and identify it,1,0,0.45.119,2019-04-09 16:29:20,,
gp:AOqpTOEm1I91TCGR6RYwViJC7PGqZSytKZIrYncf8lbXPIANkEKZ5EAywqrzmP918Hn8J501pN-SoWTld3k1hlc,Tomasz Jankowski,https://play-lh.googleusercontent.com/a-/AOh14GgwmRG6Vpurf0BJ1KEdUtfjQtLce5cDb_22sRB4YQ,"Used it with BAFX Products - Bluetooth OBD2 OBDII Car Diagnostic Code Reader Scanner tool dongle ($30). Was able to program new TPMS sensors and turn off silly car sounds. Worth the money. UI could be less engineeree :-) but I've been there, i get it.",5,6,0.45.119,2019-04-03 17:16:08,,
gp:AOqpTOFyPREZqE4LAgrop8lc2aQowyiioxhCY7fhNy3LYxsK5WqCNeBkOvKel4FkIIKTqSWiS5iOCWXg_LNQdb8,Richard Windsor,https://play-lh.googleusercontent.com/a-/AOh14GgRbXSF5GrTmgxua7M-_VLiJ591S9jyxWyNI2SwhA,great app gives excellent data on your leaf. would be good if you could make the wing mirrors auto fold closed and open when starting and switching off the car. it did that on a newer borrowed car when mine went in for a service. thanks for all your efforts!,5,16,0.45.119,2019-03-27 00:24:35,,
gp:AOqpTOHF8acvmM64mppQiwgY_lamxedM_KuBnZ3x-71XvnEpM2hRSdGCPYlmeWE_V3vf_gQRfGURhP6iK6iqIBk,Ray Norris,https://play-lh.googleusercontent.com/a-/AOh14GhxbFK1O5C2tYDks5weCTYmXJtSVUFN-pDfnDHCtCQ,great for checking battery health on used potential purchases,5,0,0.45.119,2019-03-19 02:39:38,,
gp:AOqpTOESwVCZFTgvu6fG3JEAA1locWx53RNBH7FnQuU5Nb2ibvDzdaIXmnN9MFvRwgA50zl73wtpOwKfFSm1gqc,Damir Vrancic,https://play-lh.googleusercontent.com/-ekmq1uiYbGA/AAAAAAAAAAI/AAAAAAAAAAA/AMZuuck5VYVTDSoR5W7ICJS0mLvnvdxlaQ/photo.jpg,"Plenty of information about the Leaf, but UI is terrible (it's not easy to find such horrible screens on any other android app). Good UI designer is obviously missing, especially when taking into account very high price for the app. On the other hand, csv logs contain a lot of useful information. Mentioning ""missing"", the developer did not respond to any questions on My Nissan Leaf forum from Nov 18th 2018 (on leave, ill or ...?). News: It seems that the developer is still alive.",4,5,0.45.119,2019-03-08 01:17:52,,
gp:AOqpTOHXQwhmP5xiz25lZ42IHFpy6I0UgGgJTS-9z3yEacZ3bg7G0XLHR5lZ56XfPsVF1Sk0D2I4nYs5axwaJWo,Cosmin B,https://play-lh.googleusercontent.com/-vQsEiKN2WU0/AAAAAAAAAAI/AAAAAAAAAAA/AMZuuckDEz3y_MJIgzkVLVoe9Puk6XO3EA/photo.jpg,Best app for Leaf. It's a must. it would be better if you could manage the hand break. Should be possible to lock the headbreak automatically when you stop the engine.,5,1,0.45.119,2019-02-27 10:27:29,,
gp:AOqpTOFcB25O3A-nXX0c9LJBR6GjCvuMHnG2Ie_TQHTcQ36uE7FwxovhCv7iRHeRzvtc25UO16BsGrgy_TG_Ctc,Mike Cooper,https://play-lh.googleusercontent.com/a-/AOh14Gg7ZZ_JJrzYZ6hoAUE71TCIE8devHmjHZmYa6p6cw,90% of the time the App will not work.,2,3,,2019-01-15 23:01:52,,
gp:AOqpTOFOM7d8OE6wvG2GRwTW3QVvOM1-u7_3IQS_bnqJAjAX1fUn8sv-7YyWUqOK0ruEMT1poyILEPJJ8CY37MU,A Google user,https://play-lh.googleusercontent.com/EGemoI2NTXmTsBVtJqk8jxF9rh8ApRWfsIMQSt2uE4OcpQqbFu7f7NbTK05lx80nuSijCz7sc3a277R67g,I can't seem to be able to read the ECU versions on my 2016 leaf,3,2,0.45.119,2018-12-12 04:54:06,,
gp:AOqpTOFhPneYmkXIahnMqyEdaxoBAr8pFMNOcVLPkS3nnOsSWvr_r2EUbF8G6bR2x4DNv3MnnXrbKTq-ln-Rv2k,A Google user,https://play-lh.googleusercontent.com/EGemoI2NTXmTsBVtJqk8jxF9rh8ApRWfsIMQSt2uE4OcpQqbFu7f7NbTK05lx80nuSijCz7sc3a277R67g,"Useless app, it is not compatible with my phone, what a waste of money, not recommend...",1,0,0.45.119,2018-11-17 03:26:23,,
gp:AOqpTOFsS0uj4nFuzp6hI4ctcX8MXeHV5J7NmBfmI_Dnf83AVgTd4yOGDuZ3KPJ4usk_lup_dsMKzwTK9JokXN8,eddie b,https://play-lh.googleusercontent.com/-Fq2wwIn46F0/AAAAAAAAAAI/AAAAAAAAAAA/AMZuucn1jOuyv73RRWySZsJzS_NM7Ashog/photo.jpg,works well.....it's aggressive running in background.... requires effort to kill it when not in use.... but does what it does well,5,5,0.45.119,2018-11-17 01:03:00,,
gp:AOqpTOFN3KvRfrjhdItoOFOYrdhy_x_H5WUnNurVNkMXXn_xUWD8M3Rum_q-B9kEnUS-MZyfudILIpYzUtiooZ4,Hallvard Eriksen Buer,https://play-lh.googleusercontent.com/a-/AOh14Gic_VfbhLHnAWjJsBhZndYU6lQqX133cLlRkmyd3g,Uses background battery even when exited. Fails to read leaf data and bluetooth connection every ride which resets trip data,3,2,0.45.119,2018-11-16 22:24:31,,
gp:AOqpTOG80ssR8dwCLk20e-MG2fs44nqMLrxAJaHdgnPjae32WvPqRn-ovMf3dI90dc3SjOXw00OMBERwPBsIYmE,Zak Mann,https://play-lh.googleusercontent.com/a-/AOh14Gj84aBTP5qbyA6_yJT6LobROHYzbEfTV24DPE5n-Q,"Cannot format txt to read on screen, changing screen resolution and txt size does nothing. Using Samsung Galaxy Note 8. From what I can see error messages are returned for most screens but again almost impossible to make any sense of anything. I hope this can be fixed.",1,8,0.45.119,2018-11-07 11:22:24,,
gp:AOqpTOEsK7WL0ZyzbtFfgDt4IlbaU6kMKtCEbj0iW-AHgtxPbQWafUMFk7Og3YnPNZXYQWL8latnwoOZwb1Tn1g,Daniel Öster,https://play-lh.googleusercontent.com/a-/AOh14Gh66cR2hapaTskoKjcPbNw4WEVBV9gjfp5IhfFVkg,Must have for anyone looking to purchase or use a Leaf. You can never go back to the dash guess-o-meter after using this app!,5,3,0.45.119,2018-11-04 01:15:21,,
gp:AOqpTOEgsA3xpy4-O565baOKua8rSyF-lL-0IxKjqvPu-G_Nx7LTN5J2mOomBfee-thxQ1KLojQ8a2KOTT6iq1I,David Farmer,https://play-lh.googleusercontent.com/a-/AOh14GhWwHnRQh3k8TU-6qCiajPTix01Vegcidpvh-gnxA,Great info for leaf owners,5,0,0.45.119,2018-10-30 18:18:36,,
gp:AOqpTOGAg8XWZqGoZr7w1KiP6iMXrwFKjBrcKzYr418nmtLqYnbnDEocSQ6osodO_bWp70fgXNTLEwXJy60ET_I,A Google user,https://play-lh.googleusercontent.com/EGemoI2NTXmTsBVtJqk8jxF9rh8ApRWfsIMQSt2uE4OcpQqbFu7f7NbTK05lx80nuSijCz7sc3a277R67g,An essential addition for any Leaf owner!,5,0,0.45.119,2018-09-26 11:53:59,,
gp:AOqpTOE4rX1wtnnt-AulMQCp4cUQgqRRHUf2nhqLvj2fz_jBMjcos01Fvk-bSQ3WnM2-8xdo3VW_cSQljMYNGnw,Andrew W,https://play-lh.googleusercontent.com/a-/AOh14Gga0CyasIZSErTz2XWPf0Fqackhd8r0q3a1wd6SUQ,"Indispensable app for any Leaf owner. The data is highly useful, however the app could do with the input of a UI designer - it's currently not very intuitive for non-technical users, and requires frequently referring to the plaintext user guide, with much scrolling, to learn how to navigate and adjust its UI. Related, it could do with better split screen support too, so it can show vehicle status alongside, say, Google Maps. Right now it can do it, but renders badly with numbers jumping lines and elements getting cut off.",4,17,0.45.119,2018-09-21 11:49:41,,
gp:AOqpTOFjtkHMMUKSFBbW_FgsWsPfwCef3dTztXNJ195MNgbURvBxpEdJz8Nr2Hy9IX-TATsSAGSGnP08yqcVfvg,Joseph Man Fung Tang,https://play-lh.googleusercontent.com/a-/AOh14GjdhNWB8xSIn119GVRAK5hSi3JGSp1cLkdU4_xXeA,Great App! Thanks!,5,0,0.45.119,2018-08-15 05:06:07,,
gp:AOqpTOFTj5gFx4stEDUjaY5T3gOkjhZk352hR-yWs7CC-UZ2AB8ojg1O7zi2lKtcm_NbT1xz13KbohtATez0NMA,Bill McKibben,https://play-lh.googleusercontent.com/a-/AOh14GjDU3mWJVPbbD4_NWWvCYyO0FQcBnb6AMOKNorA,"Extremely useful and very informative! Shows so much more than the 
instrument cluster!",5,0,0.45.119,2018-07-29 08:53:25,,
gp:AOqpTOG5nlBRmlpnsQNzVkaRLF4W-12DNsITPAjZwCth0zx9LhRR39zQCNeqUkLkb3Ox2APi_ZXpalOwlNRasXA,Michael B,https://play-lh.googleusercontent.com/-76-5ZDKPkXc/AAAAAAAAAAI/AAAAAAAAAAA/AMZuuckr7DVMNaV6Ahy2mY5dRkAFqQAyZA/photo.jpg,"Not woking, I have two dongles (WiFi and Bluetooth). Both of them are 
working fine on Toyota Hybrid but not on Leaf.",1,0,,2018-06-24 05:48:49,,
gp:AOqpTOFexz4EzMqppL3Eps6BLNNg86j1yibDPwPbhqlMek_-frb1uUipvKlGB3gx77qwpcSzkidWWu1kBgYZOWU,Leaf Spy,https://play-lh.googleusercontent.com/-MgDCykkTPkU/AAAAAAAAAAI/AAAAAAAAAAA/AMZuuclfmBdtvuarA0kOZMe2QtKtWKAH-g/photo.jpg,First & probably last app I will purchase.,5,1,0.31.31,2018-06-13 14:55:49,,
gp:AOqpTOExK6i0L7Y-JzocDwbK9cNqL10WI7NVzbuP7ZgnQwgnR48g1sVQp2j-nQVBKgZrYiSyQJo60rCS6-MZF88,Jake Watters,https://play-lh.googleusercontent.com/a-/AOh14GiOy7epCQf7PiL83GSrTlvrh2mKMIgiWfnIQQiL,"Program makes annoying noises every couple of minutes even if you click 
""disable sounds""",1,4,0.45.119,2018-06-05 17:32:42,,
gp:AOqpTOF0s1IbI2jCltQSp5RCmoG7IH5yPYS6vihEJIaqTsmCbWmrZ8jyytNa901dhW_oIJ6Cfs6ZOKMq-dgvhbg,Paul Dale,https://play-lh.googleusercontent.com/a-/AOh14GiIRJPiSDPiu7zc0lrGlsc8fIEQzO7OqRHM4rer6Q,Don't use Konwei Bluetooth adaptor with it,5,3,0.45.119,2018-06-01 10:14:41,,
gp:AOqpTOGJmIWTX9iQ59LnbtkMNj_86OIPHiDkfgVRl8VnabXR93MPWB-3G223dof1_Y1Rs3-796pBk-2hCCy4yqw,Matthew Sabin,https://play-lh.googleusercontent.com/a-/AOh14GjT2sUEjxRHytlyYkLcqX3J2d0HK28vjkNThOvJYg,I wouldn't want to drive my Leaf without this.,5,4,0.45.119,2018-06-01 05:39:58,,
gp:AOqpTOHWbm33vWXW_WsgjQG118j0-hs0iLQrLXxaPDgat7U97TLp753FvmfxBGsGO8cr85bHaezaYloMFX6xgWw,Jeffrey Liao,https://play-lh.googleusercontent.com/a-/AOh14GgX_0JAlIhmMSfHah2aLplv0Hf2CIgFmfhJvpmxFQ,UI needs work but everything else is great,4,0,0.44.116,2018-05-10 01:49:59,You can now create your own custom screen to display only the information you need in the size and position you like. Swipe up/down on screen 3 to see example.,2018-05-13 10:10:22
gp:AOqpTOHehILrYFugDUf1r2sztQthmsfdKp8KsRan6YGUwiUn760oyOwnkFHCjTTy1IwljXx9V1oYfrRJw5K6QkU,NZVideoGuy,https://play-lh.googleusercontent.com/-kHAkZ-ruHqM/AAAAAAAAAAI/AAAAAAAAAAA/AMZuuclbj61nkwYkUZj0Nfqc94Broge_4w/photo.jpg,"Loving the functionality of this App. What I'd like to see, is some adjusting of the GIDs tab. Currently we can only select between 200 and 300 GIDs, but my 2011 Gen 1 Leaf only has 193 GIDs, and I'm sure there are owners out these with even less. This would help to make the App more accurate for cars with less than 200 GIDs. Thank you. Paul",4,2,0.41.111,2018-03-25 21:03:45,,
gp:AOqpTOEZrqC1cH07jWR5C7dqNw_N-aINsgt8811Ef0dWXKxuJ_OxSO-9MTPv6T0r_uvhjMw1EBYrKSV_7F6iu6A,A Google user,https://play-lh.googleusercontent.com/EGemoI2NTXmTsBVtJqk8jxF9rh8ApRWfsIMQSt2uE4OcpQqbFu7f7NbTK05lx80nuSijCz7sc3a277R67g,"Outstanding app under constant development, new custom screen makes it even better.",5,0,,2018-03-19 20:52:29,,
gp:AOqpTOG3-WJvUEh5zM0pg9j7_20iHOsvBK6so-9V6W3ghZoOYjDatwRJD1uo0ijDNqfOVNrP3KNMBISz_DZ5sHw,Mike Debney,https://play-lh.googleusercontent.com/a-/AOh14Gh7mtncKVOBV7DuufnIGtnRC0H0SNDNkKF3VEQj,"Great app! Would be even better if you could set the language of the instrument cluster, especially for cars imported from Japan.",5,2,0.41.111,2018-03-11 01:55:10,,
gp:AOqpTOH_5vE7zJnYlO29DRthp3Bxo1wygXrPXhlc9SfggNqt-DHSeiLRZxmd9B0tJyTilIcImV5vv1daHy2k7m8,John Kendrick,https://play-lh.googleusercontent.com/-YhjxXbmzR5w/AAAAAAAAAAI/AAAAAAAAAAA/AMZuucnKwMGHn-RMutHHsx-0HCCXyLzRHw/photo.jpg,"App having issues with UK 40kWh Leafs. Amongst other things it keeps forgetting the settings by changing the model to a non existent 60kWh Leaf and the ODO reading is incorrect.  I feel sure the developer will sort this out in due course and for earlier Leafs it works well. However, did the state of health reading really get better by 5% just by updating the Leaf Spy app?",3,3,0.41.111,2018-03-08 08:15:17,"The current test version (0.41.113) corrects that bug. Use this link to get it.
https://play.google.com/apps/testing/com.Turbo3.Leaf_Spy_Pro",2018-03-16 09:38:19
gp:AOqpTOGaUrKmYocD8fMt6v8MoGfcjftpBjyoBjOp82TDU4i2rh_Z--0ZnVRfQJVTXJRO-_zgDbVNztGFueZetmc,Neil Mayo,https://play-lh.googleusercontent.com/a-/AOh14GiBCfEKS8T3bLkJaq4Sg_Q68R-Oehn9wwtaZ0mr,Buy this app if you have a Leaf,5,4,0.41.111,2018-02-20 09:50:52,,
gp:AOqpTOGHmnN4Uqh1OoirW_RSdrSMC3KqTozozExsvXfbDldWB8iVC784mB0mHA3EQr0jAIO8Er7CGG5vtOcd6zo,john gibby,https://play-lh.googleusercontent.com/a-/AOh14GgLWS0A_5oinE8T3gm6kWZRxsM2ph8vqKzg7HXncw,"Informative, interesting app",5,0,0.41.111,2018-02-15 16:20:40,,
gp:AOqpTOHrjw0gssCi0Gc5vIbTIg0zG-xMORlmPN_0KozKcfMyZcifGw3KtfHU7oEIV8nvXzNyn5PGKuBraX6udVU,A Google user,https://play-lh.googleusercontent.com/EGemoI2NTXmTsBVtJqk8jxF9rh8ApRWfsIMQSt2uE4OcpQqbFu7f7NbTK05lx80nuSijCz7sc3a277R67g,"If you own a Nissan leaf, you need this app.",5,1,0.40.101,2018-02-14 05:49:47,,
gp:AOqpTOGwoo-tQ9XMbCHt08JkquIOjvRyEa00M60m81fVNEZA-4rXAZ6gFbb2NHt5-B6U8MGzO1YELvfzwEiTL7c,Phil Hays,https://play-lh.googleusercontent.com/-0nRT7MPlobM/AAAAAAAAAAI/AAAAAAAAAAA/AMZuucnJklU08D0rugGvSMsj4a-WQq5aCA/photo.jpg,Updated version no longer crashes.,4,0,0.41.109,2018-02-13 09:19:18,,
gp:AOqpTOGhnwZvU9hjNfdp3pJwCCDBA130n3kToTQdp63u-nlVz5V-T8dhElS0c7P01ywmiH0EM-sAZeCtlRLWOu8,A Google user,https://play-lh.googleusercontent.com/EGemoI2NTXmTsBVtJqk8jxF9rh8ApRWfsIMQSt2uE4OcpQqbFu7f7NbTK05lx80nuSijCz7sc3a277R67g,This app works very well.  Purchasing the pro version was a good move.,5,1,0.40.101,2018-02-04 20:35:44,,
gp:AOqpTOF0TTKBUuz2L96nN5uQehp88_MUfRNgnftviHv7SMpth6A8RCF4_uSrdXTOi9yPZ7ZIj4ifKBDMBhCLQO0,Rick Montani,https://play-lh.googleusercontent.com/-hNM_gQbY7lA/AAAAAAAAAAI/AAAAAAABFg0/AMZuuclw6Z4xuJLphoR7iKJfX894RgdeDA/photo.jpg,"This is a must have tool for owners who want to keep an eye on the battery, tire pressure and dct codes. It takes a while to learn and the guide could be better.",5,0,,2017-11-19 19:01:32,,
gp:AOqpTOFqp2e1Rp27Iykr6SMRXyjCF4oi-yJq8yoyNe3Y9iPEnhib3kOwHDuO1UKpXep2citrfnLu_JbQMYr8B24,Motaz Mami,https://play-lh.googleusercontent.com/-Dvd_7MNcilM/AAAAAAAAAAI/AAAAAAAAAAA/AMZuucnWhUyJNmyXCtaURGgz90iyHYxRow/photo.jpg,Great,5,0,0.40.101,2017-11-17 06:33:13,,
gp:AOqpTOENwj6yvMNvery8WN4riL0Cnts5G2GRO3sQuE-w5LDDqXlavf9jsf9HkC-jKDSJBqQNOpI_tfJ2KBs5MgQ,Henry Mar,https://play-lh.googleusercontent.com/a-/AOh14GhgDcUDFLwFSHWAMW7KgQSBfIXDdC9WMODE7NMong,This is a great addition to any leaf owner. Provides insight into the car that you can't get otherwise. Still trying to figure out how the 5th screen graph works. Hoping to find documentation online soon. Also trying to figure out if I can put new TPMS sensors on and  relearn with leafspy pro.,5,1,0.40.101,2017-11-04 08:16:41,,
gp:AOqpTOE348LRPzRJUBYF27tiKCrWt0NQ8KjVYuSztWwZbI_mWpQvUc6oTEMEIKcNuzB3AvzE6SCOLdhtXo8LYSU,Danny From Vegas,https://play-lh.googleusercontent.com/a-/AOh14GjdNrkf3JgIPTf9T2wRpUCczMpkeAOda7osG5sCPA,I bought this app to turn off the stupid vsp sound and the annoying back up sound on a 2013 Nissan leaf  it worked great and was very easy to set up,5,0,0.40.101,2017-10-14 05:29:47,,
gp:AOqpTOEc2BPCeOH61Qw0lmUPxtwxqa2PNq5o7aArhRgoa3pJiphO6b_9edVOVbELCne2G1vN57V7ZTMZq6NcuWM,Simon Howroyd,https://play-lh.googleusercontent.com/a-/AOh14GjxTodupb8HEcLNWgDhdZlxplPweqMrS5DDeznhhmU,"If you can find a way of disabling the door open beep when not in ""on & ready"" and also setting the pedestrian warning speaker to default to off rather than on I will send you a blank signed cheque",5,15,0.40.101,2017-09-23 02:26:33,,
gp:AOqpTOGYd6RRbzp-mI3P-xlyHr359096Cz5kqIfhYKEq0hlD9v8mNBx9bF3sDRGT1Nhbj-EXMhQxVcc-QNAstAE,A Google user,https://play-lh.googleusercontent.com/EGemoI2NTXmTsBVtJqk8jxF9rh8ApRWfsIMQSt2uE4OcpQqbFu7f7NbTK05lx80nuSijCz7sc3a277R67g,Love the new update! Finally I can have the noise maker defaulted to off!,5,5,0.40.101,2017-09-21 13:56:41,,
gp:AOqpTOGfTnEM2WT1Pk2cOgHjh8n8L2VPm3-DVr7SgtSeqVvCAiksxLsdWTQ4VDhkIV8AOM0y6WmU3FhAk7yXsy4,Rob Spreitzer,https://play-lh.googleusercontent.com/a-/AOh14GijvMM41TTPvBhZ_w5AEwF1PRByp76q6C0jXTWk,"I didn't bother buying the paid version of this app until the latest update where I can now turn off driving sounds (and other sounds).  Now I can drive around at low speeds completely silently with the external speaker off.  That being said, I don't think the reverse beeper should be shut off by most people, might be dangerously quiet.",5,16,0.40.101,2017-09-04 07:16:20,,
gp:AOqpTOHLWJWESV676ixlvFNtzyCd3fUbmIMvLf6_zgIMEqNzMaOIqFgUAfeugwr_ieH-FCqJx6n7Ilt_GYDeVe0,Dorian Creber,https://play-lh.googleusercontent.com/a-/AOh14Gg2Pfm6aoH7u5YGJqUZzquDhQWd5CS4Ws1ijAGS,How do I sign up for beta version?,4,0,0.39.97,2017-08-27 01:54:37,,
gp:AOqpTOGnkwSaw-VFDJJn8tl-201a6E2ebKsNti8CLN7AJcs1IIdcu7XyKL877Sn2FUVf6t5LcND3XdvyhRovs4o,Jason McColly,https://play-lh.googleusercontent.com/a-/AOh14GiFAc3M1y16iNCU14A6WT7SDqtQbueNVwapQc_HnaY,"Good app, but please update your Dropbox link for compliance. I've received two emails from Dropbox stating that this app is not up-to-date with their  3rd party link requirements and will not sync after September 28th. As a paid app user for the Pro, we should expect this compliance.",3,5,0.39.97,2017-08-11 06:35:22,,
gp:AOqpTOFOJh7_-VNA1Id5FeTJHqvcy_B7omWudEYHdG_rL0W9a3ZsFX6x8SyfQH8JGpvR0gG9ryrXFY-1nnj1gW4,Reeab Telfah,https://play-lh.googleusercontent.com/a-/AOh14Ghc9BS5oOfRYB32_m9tAbeen-WTtiaIBRC8IH1g,great app,5,0,0.39.97,2017-07-15 21:43:53,,
gp:AOqpTOHf1eyzkagOd0R4G6Fzlfgqappj8vR2qmu6raJNPVo2G68jqFcN1nHjFI1PTxqiJHrwDpREjYf9TS1hnUQ,A Google user,https://play-lh.googleusercontent.com/EGemoI2NTXmTsBVtJqk8jxF9rh8ApRWfsIMQSt2uE4OcpQqbFu7f7NbTK05lx80nuSijCz7sc3a277R67g,This has saved me lots of anxiety attacks and have gotten me to my destination without any worries.,5,0,0.39.97,2017-06-27 12:23:38,,
gp:AOqpTOHNuExs006fJ8a1EJAAOZ2kcpeZAIUPnvFpX1hnpmaJrxJXMW2r6As4QyB_7SBKidf7jkkCGM7r-p6iZNU,Kipp Howard,https://play-lh.googleusercontent.com/a-/AOh14GgHG0SB9J4b3zm2AZSWlz12nf0hqJeTxURfNKkA,Working with Jim (the developer) was a pleasure as I had some license issues I wanted to resolve.  He was very prompt in his reply and we got everything worked out.    The app works as expected and I had no issues.,5,4,0.39.97,2017-06-20 12:18:12,,
gp:AOqpTOH_bYYQ_NBObc81latt4IdASZUiWy8IzG06sCTtggHUYVVkzmMmQgsKU7zrtZSbDVJcRio-YPjwRxaayHU,A Google user,https://play-lh.googleusercontent.com/EGemoI2NTXmTsBVtJqk8jxF9rh8ApRWfsIMQSt2uE4OcpQqbFu7f7NbTK05lx80nuSijCz7sc3a277R67g,"great app, but spend the money and get a good odbc to bluetooth adapter, I use a Bafx one and it has been quite reliable. thx for your work turbo3/Jim",5,0,,2017-06-16 14:29:49,,
gp:AOqpTOHfuktrzAYRv5HInLxjYFyfplXd0VhD-OTjMqEBmlt3SBCCUyZAgzV19Vjo77Y0Mnms2ydYXYDzsvdD-YQ,A Google user,https://play-lh.googleusercontent.com/EGemoI2NTXmTsBVtJqk8jxF9rh8ApRWfsIMQSt2uE4OcpQqbFu7f7NbTK05lx80nuSijCz7sc3a277R67g,"Once I found a good OBD2 dongle, this app has been giving me all kinds of info on my '13 Leaf.  Well worth the cost so I can see how well I am driving and what extra info that is not available to me on the radio.",5,10,0.39.97,2017-05-25 11:53:40,,
gp:AOqpTOEyOwdV8dMohV4Yotm8kvul1egLFBtqEVlEBdksurHiIp4helsA7xvTsZvbi4eOScPaRD5aj3uJMIxPSLA,J Martin,https://play-lh.googleusercontent.com/-QonnqY3Nh5g/AAAAAAAAAAI/AAAAAAAAAAA/AMZuucnRj70oDex-FF_X5R2OebWRRF8Ofw/photo.jpg,"Great app, hard to believe something so specialized is available and maintained.  It is a must have app if you are a LEAF owner.  Biggest issue I have read about is having working OBDC2 bluetooth connector to car.  The one I have has been very stable, no issues.  However, it isn't available on Amazon anymore.   This great thing about this app is it gives a lot of real time information about status and health of battery.  It is also very useful to see tire pressure as well as error codes in computer.   It is amazing that it is able to pull so much info about the car, and I know it has many more features I haven't used yet.  I upgraded from the free version to the pro version to gain access to error codes and be able to modify the auto door locking.  It is nice not to have to go to the dealer for that!",5,8,0.39.97,2017-04-25 06:50:19,,
gp:AOqpTOHSmn9PahEo0zMDI1RemArUoN5x-SYy9N2zUzKaoUBlsxbV98Z07x3Dqp9oA4vNrNqKfLcLkFO0bOc-Zck,Орлин Жечев,https://play-lh.googleusercontent.com/a-/AOh14GjtJ0kSv-gNfFDxJ-v0GTgopjn1jtpjzsfzZydftE4,This is the app that will tell you the truth about your Leaf.,5,5,0.39.97,2017-04-17 00:29:10,,
gp:AOqpTOEOh5PEidijNhHku4FEQmpgfx1PysupIL6JYrnXW3U9g63mArt-ouKiYfgpdPvAtpuDzNE2Za_BV-LGF8Q,Osama Jelamneh,https://play-lh.googleusercontent.com/-R73BLqi5kWw/AAAAAAAAAAI/AAAAAAAAAAA/AMZuuckEvPefCFQHH11LOE5m4pEjoSJ96w/photo.jpg,Its brilliant,4,2,0.38.80,2017-04-02 21:30:15,,
gp:AOqpTOEjE4cYP8dz53p4L8fXndRHrQsHtQ6MFj7rB25oyvSIorZDSkcGv0sEuPW9TTlsDZYfNkd6keh7iKglxxg,Dinushka Perera,https://play-lh.googleusercontent.com/a-/AOh14GjL3pvvSsVoOn0DdpykngmYVOH3aSf-unNrjyb2,It was working for more than a year without any issue yesterday the app stop working,5,1,,2017-03-14 07:31:57,,
gp:AOqpTOE1Adt3lxQp77AjzANfQm5XbuiA-avkOg_2IEFxgYGcYQjtJSydnzuDBzVe78XFvF7X9FQvDIduJPPFEhM,Niall Darwin,https://play-lh.googleusercontent.com/-_bkDtamuYLA/AAAAAAAAAAI/AAAAAAAAAAA/AMZuuckf6hsA85yyiXr4pdy1jVhXn42R7A/photo.jpg,Perfect for understanding your Leaf's battery,5,1,0.38.80,2017-03-13 02:23:22,,
gp:AOqpTOHwbbitLIBPorrGqFhn3bRAvu9FZrEBJ1vwr0PTF2JGI3ngMFYxpHY__DNor_xOIP_yvgET-lC6gnpu7As,Rumen Velinov,https://play-lh.googleusercontent.com/-4omcoHJca5E/AAAAAAAAAAI/AAAAAAAAAAA/AMZuucnsT9D4TZ3xulD7MbCvM3BMGmtFYw/photo.jpg,Very helpful app. Using it every day to gather stats.,5,0,0.38.80,2017-01-27 11:21:28,,
gp:AOqpTOHWDCQ0Eb3yJrziLtejIfMryCyiWDTrvoVikLy17EA5ArSZYRTIfx0EyVQOb8scLuHKjeXCK5fdspAuhC0,Jeff Redmond,https://play-lh.googleusercontent.com/a-/AOh14GgWfs_BNA4_H0q1f1jEbwJQC2jhRu1LcM3OaRvzqQ,Essential app for leaf owners,5,1,0.38.80,2017-01-13 15:19:13,,
gp:AOqpTOFzfQhcdsgPoe6H04Ndp1B65zVwwgCaQ_asCzieQuZmIyw4369xrtsokU0vQvZi-aQFMRWqikkbT-ogCzQ,Steve O'Neil,https://play-lh.googleusercontent.com/a-/AOh14Gh_Zegx5D4-wqO7iHm4p9TU2j-wM8wZr6Hh2v6bDA,It really helps me keep track of the health of my Leaf,5,1,0.38.80,2016-12-30 04:14:36,,
gp:AOqpTOEX9kAXCcQCfWLZJa9MjP4qZtuBnDO5wKkU4kYC6kJKgdPC1EZxkIgteOqF8805liutC20eJ43QXGVcSbA,Mike Feeney,https://play-lh.googleusercontent.com/a-/AOh14Gjxpsr9jDZqBElJhDDAtSbnmrvkfLjm4D--JYV-bVs,"If the ONLY thing you do with this app is check your tire pressure, it's worth the cost.  Between the service menu and code reading functions, and all the other technical information, this app is mandatory for the most basic shade tree mechanic.",5,3,0.38.80,2016-12-09 13:36:50,,
gp:AOqpTOE0080ClsGwng8ZewGkzimI8r7eXXOQzhMJiKTPWYEquAxSOsbFPqTriirCcRBnOgIjEVzChkhfE4bxsxI,S. PORTER,https://play-lh.googleusercontent.com/-3NaWbX-SxHc/AAAAAAAAAAI/AAAAAAAAAAA/AMZuuckJKvWZyBQP_gu5eNtSep66DwXd1Q/photo.jpg,"Gives you all the info nissan left out, and debunks the lies of the guess o meter",5,2,0.38.80,2016-11-21 12:20:42,,
gp:AOqpTOFag7pO2VrvlXBDxvEGUAQd2u554pEoR1pCs5a9mPFIcKiJgkfMy_7hMDJsrzY8wOLatoJb_vyq5gk0AiA,Thomas Setchell,https://play-lh.googleusercontent.com/a-/AOh14GhUuOp4cFZIKQE0uAa2aFG_4fV-NzC4x_thVsDa5A,Great app,5,1,0.38.80,2016-10-02 10:12:54,,
gp:AOqpTOEN65KOSFWbYGCAYoC71qLJsv03x4YC2_ZESWnh26MMwPY9gRp5JmB80FbWRlGb_xYiunTE1hpJDkfFh-I,Alex McPherson,https://play-lh.googleusercontent.com/-LeVpM7SeLZ4/AAAAAAAAAAI/AAAAAAAAAAA/AMZuuck-0i-r3Bv4FBPqipKgtMUqWjhrFQ/photo.jpg,"I have a lot of trouble with the app not connecting (yellow ELM retry in xx seconds) which is usually fixed by exiting and restarting but frustrating to have to do all the time. Seems to happen with changing screens. Also the service screen is very limited, door lock part only works very rarely. Haven't tried tyre pressure and change yet. Will update later.",3,5,0.38.80,2016-09-18 01:15:35,,
gp:AOqpTOFpCPWKvnflkOxAdTJoZcAAjy7VJHtp60h_ojcuG9wGJCQ3KgqsJTRlz9dZ1T7WNfvC2LU_Meus3_7ljM0,Szabolcs Thirring,https://play-lh.googleusercontent.com/-fvy9Tm7yxPY/AAAAAAAAAAI/AAAAAAAAAAA/AMZuuclCXeVEXhQIYFxDWe7yJf4NL7x-Eg/photo.jpg,Very useful app,5,1,0.38.80,2016-09-11 10:59:33,,
gp:AOqpTOFyODqJ5f1JUtAUr03csuY9Ud0L8uZnajw7zmXiXin6hy4Jwzjm0A_LYNGs1auacEJIVjMJYHH7uZWPLVs,Salman Mehdi,https://play-lh.googleusercontent.com/a-/AOh14GjAOm2OgPEDCRk-OuRP1ewuo972nhr6ORTiE8bk3j4,Accurate information. Gives me a lot of information about my leaf battery and configuration. Love the lock feature and setting TPMS. Thanks,5,2,0.38.80,2016-07-28 05:13:24,,
gp:AOqpTOGemkg6LyUt_bVEI5RB-nPMXMJPDwREH2_XVGjgvCgIXyg_ZFcTD4_NmBWyCpdWH__snRYaUgDJs8EeAvc,Terry Parks,https://play-lh.googleusercontent.com/a-/AOh14Gh1wj2dQ3UrS2bignzxxD64XCwvxlsuHJsZb7CdCQ,FANTASTIC app. This is THE app for ALL Leaf owners. My only wish is that it had the optional link to Google Drive as well as Drop Box.,5,1,0.38.80,2016-07-27 08:26:30,,
gp:AOqpTOEO1npAxXIcfpgxr_PE0-7dEK_LliwW3wUfWMjSdbguOtzkzp-ePazgmGzpOWVnAnzc4KqYfHazk_ruGqw,Crysanthus Silva,https://play-lh.googleusercontent.com/a-/AOh14GgVi8yi3VUgAXTdedroirtdj6iOypeVrPXPxJah7Qo,"... very helpful! ... I had to remove stock AV system due to stolen SD Card, now for the first time I see AC temp and mode :) ... good set of features ...",5,0,0.38.80,2016-07-24 22:09:19,,
gp:AOqpTOF3qdqaIRKTBxFRb62q3BUySf7GJOhkmEW2NC6UiT9LiQpUx_rZDL66iB4aWGkI_ioSogY_ROfjPxIYrpA,Sanford Richterman,https://play-lh.googleusercontent.com/-UURu9lCsBsY/AAAAAAAAAAI/AAAAAAAAAAA/AMZuucnJqDgHT7V9z15gxFpHyNQVeRcmaA/photo.jpg,"Leafspy was working fine untill I upgraded to Android 6.01 . now I get the message ""Unfortunately Leafspy has stopped"".  Leafspy free is still working.",4,6,0.38.80,2016-07-07 08:53:17,,
gp:AOqpTOFAVZw7ov5Z1sWNHrfo8re7TdhAxIQwNiNh5zZOUNDW2e9A6qJdDsFYN0z2_q14ATK9KBqvmfOJ2n3m4T0,Joachim O,https://play-lh.googleusercontent.com/-2M90CDQ11kg/AAAAAAAAAAI/AAAAAAAAAAA/AMZuuck5Xp0N1dxBdgJqzMtcBhOREzqrfQ/photo.jpg,Great app!,5,2,0.38.80,2016-04-09 12:18:59,"Yes there is. Go to Settings/Battery and set the ""max Gids"" value. Default is 281.",2016-04-09 12:15:57
gp:AOqpTOGssjC8Ar73KvKeKkEQybucXHR4v3vMgiyA53geZlF00aNubLKMRJOLaYIUHsV-NAp2SbtxxOvOSH0Fx5k,Tim Moore,https://play-lh.googleusercontent.com/-W0cs8-nmmek/AAAAAAAAAAI/AAAAAAAAAAA/AMZuucmGUwbbIaai1avIjriG8ZRnEU0XHg/photo.jpg,It informs me of the state of health and activities of the inner workings of my 2015 leav SV but I'm not sure what to do with it.  I've read the hyperlinked wiki manual but the screen shots don't match my version.  I've increased my rating because of the very quick tech support when I emailed and I really appreciate the trip log features.  Being able to change the door auto lock conditions gets rid of the Leafs annoying defaults.,4,16,0.38.80,2016-04-06 16:37:56,,
gp:AOqpTOHCfvuYUVEdsIzRyy5TxXmKrsuYPkt6pSBGYYNJ7uK31uxVLmnNT2Nyg46uYhunN0uWTmUgIKXA5N5CCEg,Sebastian Neaga,https://play-lh.googleusercontent.com/-_X6r-WI8C2U/AAAAAAAAAAI/AAAAAAAAAAA/AMZuuclfVwC6P-QSE8JBNgfX376f3M2XiQ/photo.jpg,Cool look at this trip log that I'm going to capture....nah just kidding 30 ft to go in 30 mile trip and crash...program exits ...... log....ha gone.  You also want to change screens... well you don't... FREEZE!            Running standard Android OEM OS,1,8,0.38.80,2016-04-02 15:05:32,Did you try contacting the developer with your problem? Obviously I do not see these problems when I test or the app would not have been released. When they happen I need information from users to help find and fix the problem.,2016-04-09 13:36:52
gp:AOqpTOErZsezAc5G7tx_nrAsoWSGnrh2ZGaUcNlwIZsRtWwW2ebRHnUOMF-I52KSGbD0HlwnwcC1fMS_sm6bwUQ,David Henderson,https://play-lh.googleusercontent.com/a-/AOh14Gjuwr7tQln5JYnaPOPqhAUSuJApvJJioYcGh1c1zQ,Well done for creating Leaf Spy! I've used it for quite a while now. It's nice to know more information about what's going on with the battery.,5,1,0.37.77,2016-02-20 11:19:38,,
gp:AOqpTOGy5fYXM6cYHu5iz7RB7n4ZcQ1QZAkvFRfB2K99Ka-YSAP6K7goVUPtIUP3GNxejDVHl9iRsQIh6J3MuQg,Chuck A,https://play-lh.googleusercontent.com/-IcVRckt-XU0/AAAAAAAAAAI/AAAAAAAAAAA/AMZuucnUVuvnELNSVzmplDWVPxB8yghthg/photo.jpg,I finally broke down and purchase the app out of curiosity. It does everything its advertised to do and I'm very pleased with it. I recommend this to all Leaf owners who want to understand their battery and gain more insight into their car.,5,1,0.37.77,2016-02-08 16:07:31,,
gp:AOqpTOEXn2VSlUAxzCCfiqtDAmiI9KQXZMLcn-5EsG1X4xSA7okB6yBfoaZq3uL_DNBP4PTWnYA84tCUjkZq02s,A Google user,https://play-lh.googleusercontent.com/EGemoI2NTXmTsBVtJqk8jxF9rh8ApRWfsIMQSt2uE4OcpQqbFu7f7NbTK05lx80nuSijCz7sc3a277R67g,"I use this tool almost every time I drive my Leaf, it gives me a much better estimate of how far I can drive on the current charge. The only thing I don't like is the interface, but maybe I am being picky.",4,1,0.37.77,2016-01-15 00:34:55,,
gp:AOqpTOHA92gSkPS1SC0JsL_xgaiH4XAG59VdiXARyOdPNt1qe0ToLTGPium7VwRTTBQmpMj3SYE8OKr-GiwQlsA,Frode Lillevik,https://play-lh.googleusercontent.com/a-/AOh14GiLDBsponnRJinPdfCJ708uWsEubcxqBiXTY5WIZCw,"F**ked up my car. First the cameras stopped working, then the music console started acting weird. Had to take the car to the shop. They fixed it and blamed LeafSpy. Told me they had cars that stopped working (as in dead) because of LeafSpy. I have a Leaf 2013 SL with 360 cameras. Don't know which OBD2-adapter,  but bluetooth and I have used it for years in my GMC. Sad, because I enjoyed getting the extra info the app provided.",1,11,0.37.77,2015-11-17 01:06:54,Leaf has 3 CAN busses in the OBDII connector. LeafSpy only connect to the CAR CAN. The A/V CAN is not used but it sounds like your old OBDII adapter was affecting the A/V CAN. I would suggest trying a newer OBDII Adapter. If LeafSpy actually had this effect Nissan would have contacted me long ago. I have worked with Nissan before (not the dealer).,2016-02-02 00:17:31
gp:AOqpTOG9FrV2UmGLTosOgk_HKUTrQdBeIwvoL5yX9I_6s_IOlO-bkO1QP7DQYTB6l72RGAy_UUJgjIPmwgza8ZM,Adam Sheridan,https://play-lh.googleusercontent.com/a-/AOh14GhRI8DP8KQMQ68v2fuPsvPv1F-CosrdgBBVmoOkvQ,I used to love this app but on cm12.1 I am constantly getting a bts read socket error. Has happened on multiple ROMs.,2,0,0.37.77,2015-09-28 09:26:41,"Yes, Bluetooth on CM is a problem. I have traced this and found that CM does not pass all the control data through the BT stack. Try a WiFi OBDII adapter or (not likely you would do) reload the original OS that came with your device. You could also get a cheap $20 device just for the app.",2015-10-17 18:55:28
gp:AOqpTOETGSiqCckOIKrq5_6oHESLg03WSsOVKDcYjIvQEhZYHhAukXh2L9GEw7cE_epJsaQOgK-uk7EV-YFm6dU,John Nicholson,https://play-lh.googleusercontent.com/-pNGRSAqTfvE/AAAAAAAAAAI/AAAAAAAAAAA/AMZuuckix34VqmCQdTEdQVgEhVfP9u5v4w/photo.jpg,Just wondering what is next?,5,1,0.37.77,2015-09-14 23:09:09,,
gp:AOqpTOHw7AiAA11pYK5VB7teTnIT37uT0Xsbym0Jaw_y29eQ1yA3eBDgrcHbodY-tImlsO3sRtqu6pBqkfd9VsI,Jared Eldredge,https://play-lh.googleusercontent.com/a-/AOh14GicGADeN5azgWRhJ_1KsREs2NQjhHCr6gkZFFzO-fM,just purchased for my '12 leaf SL; mostly happy with it but worried about bad data. it shows zero quick charges but I've QC'd at least 3 times myself. odd. great to see other features of the app working properly all the same.,4,2,0.37.77,2015-09-02 08:39:36,"This has been reported before about QC count not always being correct for some Leafs. However, traces have shown that the number of QC shown on LeafSpy is the number being reported by the Leaf.",2015-10-17 19:02:04
gp:AOqpTOGpJTNsWCPqwj_hz1danLBjYWSrJfAhTv39Ydlnb_gHfakr3yk8V5A572DBRfaZ_0QJHH2r0bxDqBDnR7s,John Overstreet,https://play-lh.googleusercontent.com/a-/AOh14GjT-4PLT6i-BUvEQ9b9MjuwjFcQ2jHmOTqJBBvSnpU,This app will tell you.,5,1,0.37.77,2015-08-23 08:09:32,,
gp:AOqpTOGYFDfHxp2K1JpAJAzQC2gn-NbsU2vjGFlZsJjRnuyTfzbKTX7zs2cik15AcYRWsemKWOAdq13U0KDMdQA,colm daly,https://play-lh.googleusercontent.com/a-/AOh14GjJLee7VBHruXfSQMXFKFo6iVC2IXsLKX4-mTu7vw,"I got this app mainly to check my battery and found it not very accurate,  more like pot luck as to the reading you will get. It  jumped from 97% to  89% back 100% and back to 89% over the period I tested. So a waste of  money if you want it for battery checks. UPDATE: it's the SOH and telling me it does not happen is simply not true. I know others who have had same experience.",2,1,0.36.68,2015-08-12 19:17:50,"SOH comes directly from the Leaf and does not jump around. It changes very very slowly.  It normally takes months to change 1%.

The only time it would go up is if you have taken your Leaf in for a firmware update and Nissan reset the SOH back to 100%. I that case it might change (drop) more quickly until it reached its previous value.

",2015-08-12 21:32:42
gp:AOqpTOHBDo79Pca_keXpOYuEDB8ZjEKHNSUUBXGNzLNcoRUTU6rubxoVce8bDBcxESje2K1ORQDf6ax238Ow8CA,Arnis,https://play-lh.googleusercontent.com/-2n6uBsf7mqI/AAAAAAAAAAI/AAAAAAAAAAA/AMZuucnXLLZqtxfpATuFSTqhQo3EgQEn1Q/photo.jpg,It works but braking/motor monitoring can hardly be enabled. It crashes on xcover2 and xcover3. Looks like newer version leafspy reads 2014 Leaf tire pressure sensor.,4,4,0.36.68,2015-08-01 11:05:18,The Braking/motor monitoring function is stated as being an experimental feature and may hang your device. If it works for you fine if not then do not enable it. The amount of data sent during this feature is massive and not all devices/OBDII adapters can handle that level of data.,2015-10-17 19:05:51
gp:AOqpTOE-U-LPdoSEbcteAcInCS-oskctHFSwknH-P64YaXiPYj6o1YMGxOf6jOFf_6kr67sMB-pGoG1XMApT0zY,Todd G,https://play-lh.googleusercontent.com/a-/AOh14GjD7yUZuR6nrr-Dg6Vc1KU7rpAfObqAC8EA7pdIVg,"AWESOME app. The most I have ever paid for an app, and worth every penny!  So good to know all that is going on inside my favorite vehicle. Thank you LEAF SPY PRO!",5,2,0.36.68,2015-07-23 08:56:42,,
gp:AOqpTOECTNpf0z1_Y2QbPrgLuXTBqqEpvfcnSP7jZzX3ud-RhJXmf0bGy4X7t7e2N36La1iSsM4W2zIkNTz8z7I,Bill Falcon,https://play-lh.googleusercontent.com/a-/AOh14Gi1rfAsHuOwZ69Rct4hM_MGHDh9G-_hB1xzSolFfA,Never got it to work.,1,1,0.36.68,2015-07-17 12:51:48,"Please take an ELM trace and send it to the email address on the About panel.

Were you about to link to the OBDII adapter? Did you connect to the Leaf? 

Did you try contacting me for assistance? I see no emails for a Bill Falcone. What name did you use?

No contact as of 10/17/15 so I am not able to assist.",2015-10-17 19:07:07
gp:AOqpTOFJIx7eE0jgN3V0K1TVJ0invd-s7BIUs9L7RS311ASPROLwVYbW7Vy3CiVzslfep1eqyZLZd16Brk5eUNg,Robert Secord,https://play-lh.googleusercontent.com/a-/AOh14Ghtbsqzf03Ps99i3gXYEXXKwziq-_zyDbQ2FVOiRA,"Like the app. It gives me a data guy, great satisfaction, but now I have to figure out how this data is useful to me! Would like to see unlock all doors not just drivers side on park. The tire monitoring and The ablity to shuffle them on rotate is great. So many things to explore. Wonder if anyone has figured out how to change the backup sound and the travel sound. Would love to have cartoon space ship for forward and cow or sheep for backup :)",5,4,0.36.68,2015-07-10 20:46:11,,
gp:AOqpTOEPPPinY54bY_ARVyzP7hisjaSW3E7SSY1F3YqJW_x8g80SdA9e4W6ZbnoXrcc0TP4iqyUq0QOevoRH6Tg,Jimmy Newman,https://play-lh.googleusercontent.com/a-/AOh14GjqDlub_QJMI7xgtDbzo1RUjlnuRsJz7qGxMKPgIA,Pro version has lots of interesting and helpful information. Great job,5,2,0.36.68,2015-06-29 09:58:15,,
gp:AOqpTOGeNxRFaXrK25YglZ0bT6Y81n7jsPH4qmZxuVtgWH1CNPMtwa4xrVt-jrEdh0HVkXrh91xlN8-le-1sQro,Daniel Gilmartin,https://play-lh.googleusercontent.com/a-/AOh14Gj5beLKhtev5jI6De5nB8ksWyU32GHNAJ_LCMRX92E,I love the app! My note 3 was stolen and I have purchased an LG G flex 2 running 5.1.1 lollipop to replace it. The app reports bluetooth port connection errors. I thought it could be the receiver but I've tested it on my wife's note 3 with leaf spy free and all's good.. :( please help!,5,4,0.36.68,2015-06-16 14:06:40,,
gp:AOqpTOH7AZ8GeTLJB27CxBwsT-JG1eW4J45G539oYveBUPXV7UGg29n8TxeUUEKl2kQzmgYDhfrWWjUwRQwm8nU,Peter Neil Woodhead,https://play-lh.googleusercontent.com/a-/AOh14Gje7x84Pbe_LHsnG31KJeBnjc5iqse4SshahwE,Fantastic application. This is a  very good diagnostic tool . It would be nice if the charging current could be displayed on the state of charge display page.,5,2,0.35.59,2015-04-15 11:39:46,,
gp:AOqpTOGKGj1YJ8qXXexYr6sIbjqPc00A-cij7UHmIgweqLlptClVABmVmpD0Yge3f6rf5XMZScabVlEE4ulSOv0,Andrei Furs,https://play-lh.googleusercontent.com/a-/AOh14GhVgZiQ7bK_VxFRC7IGJO63j01dSPlIvxVheQwmAuE,Must have for 1st gen Leaf owners!,5,2,0.35.59,2015-03-03 12:37:52,,
gp:AOqpTOE4ttWIHU0ASEvjFTiYHVkXuwAwCbBjYwzPBRYeHGDA8BEjJMrSbSMxIAmTIxUWr6zayZu2mpoNz4z5tyA,NielandDani Hayes,https://play-lh.googleusercontent.com/a-/AOh14GhLXFu8r6pir62pIjKryvcKNaw3GRCtkX-TNeE8gA,"I've been using the android torque app for 3 years on a leased Honda Accord and loved the detail of data I could get from the car's ecu. Just leased a 2015 leaf today and tried this app before driving off the dealer's lot. Pretty impressive! Still reading the help and users guide. Didn't know that turning on the braking screens halted logging, so my last trip didn't get recorded... would have been nice to have that info pop up when selecting the screen in the settings...",5,1,0.35.59,2015-02-28 20:55:00,,
gp:AOqpTOGm0rtm1WbMXXti3wSdzORqEmECOUxqLmzDwIth9Gunv6c97p-sBUsqqcAalvInGGMwEJwYkhppR9xttGg,Carl Stone,https://play-lh.googleusercontent.com/a-/AOh14GiBdT2rgCpw8NvAq2g--l-IHAaiPinMxRfz5bIjkg,"An up to date user guide would be a nice addition, but this app is great with a lot of great data to help keep track of my Nissan Leaf.",5,1,0.35.59,2015-02-18 07:32:57,,
gp:AOqpTOH7ikNkIArnSHRPw33IN8BKvL7vX8X-0g8pqHkQT3dRWogrwF-ZIXjJVJlxKA42LAIayZ55FoRJ9J6iv20,A Google user,https://play-lh.googleusercontent.com/EGemoI2NTXmTsBVtJqk8jxF9rh8ApRWfsIMQSt2uE4OcpQqbFu7f7NbTK05lx80nuSijCz7sc3a277R67g,"Works great. Note, app designer (Turbo3) answered a question of mine about 12V battery calibration in the MNL forum. Calibration is not necessary any more; you won't see a place to enter a voltmeter reading. App now gets accurate reading from the Leaf.",5,3,0.35.59,2015-01-26 22:28:42,,
gp:AOqpTOGZ1IXng7mE2jcxWoEetGzn3dKE5Bes9hRnb_aEAZKbxMGoRmcXkq6HYCQRieABo7AEwjnDC29ReBiFcUo,Gavin Thain,https://play-lh.googleusercontent.com/a-/AOh14GhBoIE_uHMkl9hSXKP2bQ1Ruy07lsmY819wdh-QUA,Well this application worked a treat. Was able to reset the door lock and unlock settings with the pro version. Five stars just for that.   Things to note. You need an OBDII ELM327 v1.5. Many of the adapters are v2.1 that will not work with the Leaf.   Otherwise the interface needs some serious graft. It's pretty appalling.   Five stars though cuz it worked.,5,3,0.35.59,2015-01-13 13:16:09,,
gp:AOqpTOHQ972Hd-TQCO-dUR_5id3m6N2VjosP2jz4tN-LtjmfzPr6Fi7Kj8L1z9B1IEmHEpw7aMLP6_CycgzptC4,Pierre Hinse,https://play-lh.googleusercontent.com/-EoRo-jW4lMU/AAAAAAAAAAI/AAAAAAAAAAA/AMZuucnaJYbt1YpQmWJrRUsUdxf_J2tB4w/photo.jpg,"Hi, I purchased Oro-Tek 0PA-LA0A TPMS transmitters, put them in my 2015 Leaf. Setup the pressures just as instructed and everything works.  Thank you",5,2,0.35.59,2015-01-12 17:42:42,,
gp:AOqpTOEjscgLkVOJkvrVtnyplSqDOA8oqCtTgLQFKtpSAxYSAdnR-Q8qN0UFw-EWj3nUjJrFBeqSRIc2NmFzSeg,smaragdas smaragdas,https://play-lh.googleusercontent.com/-up0j6XGhkgE/AAAAAAAAAAI/AAAAAAAAAAA/AMZuuclLlSR69vnj4_eaukZ7cLFQtZKz6g/photo.jpg,Must have!,5,1,0.35.59,2014-12-23 13:25:21,,
gp:AOqpTOFfSByTrTANyTV4wucjimcWTMxYudf0u1QO93_sYL6wx_KtO3JOqXCe9Nmu3-Vp2SYiu1KWO8oQJosHEZc,Jean-Pierre White,https://play-lh.googleusercontent.com/a-/AOh14GjUOOj2qEmYO9K6Z4AiiGM1yn9-cJ3ZAKh-aGUpz_E,It just keeps getting better,5,1,0.35.59,2014-12-13 07:51:22,,
gp:AOqpTOEtOcmUdUsuO2d5KZHX4b3wbA9ssoIM7jdiWhEtFRzIPch2t5KtbBHHWXi6sw5HBLZ85Hb3i2dzH0spzuk,Jon-Inge Paulsen,https://play-lh.googleusercontent.com/a-/AOh14GgcEyVPcJ2LF9Ipjl-CZQioHa_guwf_aLfSXBFD,Get rid of range anxiety! Know exactly what's going on with your charge! This is the best thing that happened since the Leaf itself! Thanks!,5,0,0.34.51,2014-12-11 11:03:05,,
gp:AOqpTOFqfyTav81H9RsGeTj5V3IAmMN3Um_09rL-m6BbuuxbTDnkoMPK6k6kTaQgyh2u5TY6lT4sdErZTEaI50Y,Dave Mann,https://play-lh.googleusercontent.com/-BpoZWA7hqMk/AAAAAAAAAAI/AAAAAAAAPPk/AMZuucmJuCSug3Kj8tpr-GfyoyBMfNF0qg/photo.jpg,If you own a LEAF you must have this ap.  Very simple install on an unused phone -- in my case an old Android HTC.  Get it now and watch your LEAF batteries and so forth do their thing!,5,0,0.34.51,2014-11-25 14:52:58,,
gp:AOqpTOHGcgMKWDJzXv29n0B1encfW4c5UjPbIr6XGKDuj0kfZyglwLW2kZdmp_IsVF2OqRhVbtgYz1Fd9qPK3rw,Harry Yip,https://play-lh.googleusercontent.com/-C6V1tPTKAmg/AAAAAAAAAAI/AAAAAAAAAAA/AMZuucmUdURe4-IPnGK0mQFrXSJMNAqv9g/photo.jpg,"Preferred the Amps used instead of the RPM. How can I change the info back to Amps. this is perfect after the update. Now, if only iPhone will have this apps as well.",5,0,0.34.51,2014-11-21 17:01:48,"Update: Latest version 0.38.51 now lets you switch between viewing Battery Volts/Amps/Power, motor RPM or GPS speed/elevation.",2014-11-12 21:46:23
gp:AOqpTOEvHW92YBE8lAW9tQ8-kLS89RqRhnw0asEyKYxIW8JM0Emjt9UoMit0BLD0Dmp7WeclSVVbLz_hafurx0M,Loren FB,https://play-lh.googleusercontent.com/-jnv0t3CGgr8/AAAAAAAAAAI/AAAAAAAAAAA/AMZuucmzmRRYR9F39lI9duKpN3KX9SbjJg/photo.jpg,This app provides a 'smorgasbord' of variables to fulfill the needs of each Leaf user.,5,0,0.34.51,2014-11-19 00:19:58,,
gp:AOqpTOELcbwTPOc_N3qG_DaaD_mOz7BqhgJVXxkP9dzgBvOJDH67fUDUR143GYp0i24n9sdKt81oFgobMbGmWA8,Richard Fisher,https://play-lh.googleusercontent.com/a-/AOh14GjY2VSzGKDun_wMXXnMKJn9figbdn6WjcpTip8L,Great app for keeping up with what's going on with my Leaf.,5,1,0.34.51,2014-11-13 10:48:08,,
gp:AOqpTOEzpYgn97_88e-q18L5NdX7VE8VsyVrJYfKPrNpKA-txueep4sctb4f5uop6oFKOFWIop0_QOChJZaEoGs,Ed Harris,https://play-lh.googleusercontent.com/-kBp0YqySTYo/AAAAAAAAAAI/AAAAAAAAAAA/AMZuucnQN1FBCZWJGhrsW8RW-HPsIzgPOA/photo.jpg,Great app.   Must have for Leaf owners.   Great customer service if any questions arise.,5,0,0.34.51,2014-11-13 06:58:27,,
gp:AOqpTOFxQSI8W3MMP-wc5lJWtxGG5gVp_r3kndey0fyZesePInJ1JCqDv5VMk1e1N3_-O0n65rZvv1H_XU4RfN0,Joel Ebel,https://play-lh.googleusercontent.com/a-/AOh14Gik9a8yv7noKyYXEVgHYQC6fGMcQvxBWh216YhRlw,Must have for leaf owners and buyers!,5,1,0.34.51,2014-11-12 21:11:28,,
gp:AOqpTOGIs0EVOb1xa2nwIv0TkujN4uAR0s5cT0c5umwjk0Hwa168V-iNSnfCxgmvbnaT0La74HXc269Evb7XeiQ,Jerry Beuree,https://play-lh.googleusercontent.com/-krr67Jief3s/AAAAAAAAAAI/AAAAAAAAAAA/AMZuuck5141AyUG5ZgUo75pzCVuly7bLwg/photo.jpg,"We have a 2015 SV, and this was much simpler than trying to bring it to the dealer. Was getting irritating having to manually unlock the doors if we were just stopping and not shutting off the car. Having them unlock when in park is much more convenient for us. Will be nice to be able to rotate the tires as well.  We've also just got new winter tires/rims that have new pressure sensors. Followed the directions and was able to get the car recognizing the new wheels in no time! Just drove for a bit to get the current pressure readings with the old wheels first. That way I could compare with my gauge (only off by less than 1psi) and adjust the new tires so they were read properly. Way easier than needing to go to the dealer (not to mention the cost).",5,0,0.33.41,2014-11-10 06:09:08,,
gp:AOqpTOGWQHljhzoW_3OFzpdzuwajYo822YlhcuO3jOSTvQ8snmG1cDz0cmePz-FAUKhdN9jpyWnkiw6NLNYMPeA,Richard Schmidt,https://play-lh.googleusercontent.com/a-/AOh14GhCERDg26mz0vEqpUrKGqbO9Afw9qGVe6ADDwUqOrA,This information should be available on the dash of the car in my opinion,5,2,,2014-11-09 08:29:58,,
gp:AOqpTOHXXhsXzHPhkNWDcT5dC8kifhQSNpZcn6sSnSWZhgjznS1My7LH58tUviSJILCdJqloRyOs-J1eNY-t2ks,xtort107,https://play-lh.googleusercontent.com/-STchhNXZ5Gw/AAAAAAAAAAI/AAAAAAAAAAA/AMZuuclNqKyO9mVjPO8-X-psEQb9XEr9zA/photo.jpg,"If you own a Leaf this program is a no brainer. Tons of real world information that is unobtainable any other way. Pro version gives you the ability to see error codes that won't show up normally in the vehicle and be able to clear them without dealer intervention, that's worth it's weight in gold to me. Real time tire pressure gauge is accurate and warns of underinflation essential to even tire wear. Too many things to list here, first program I've ever bought on play store and it doesn't disappoint!",5,3,0.33.41,2014-08-27 23:24:50,,
gp:AOqpTOHCL6ipePgjjePHeXNb61zCBL1jlrZCtrwDrtqTliMAXlAAEGvOZ8nywgx--3HqWENPVuarSxgloWKxvdc,Israel Alonso,https://play-lh.googleusercontent.com/-3Ieco3zP5Rs/AAAAAAAAAAI/AAAAAAAAAAA/AMZuuckswlaT4lfWvzqqYMHqBLnkoQcirw/photo.jpg,Great app. Amazing things about the car are revealed with this app. Best money you can spend.,5,0,0.33.41,2014-07-20 19:14:27,,
gp:AOqpTOGrvJJZvPUgn_NUhx5fkzhEgkEChepxWytBzasVH-Il87M-97HnuyxHlONFwYDbaKH74NEaXkY6FuZRpfY,Kęstutis Valinčius,https://play-lh.googleusercontent.com/a-/AOh14Gh9qI329D2RcUbj-CyPPGScRJpoOICnNjONN3ByBlw,Perfect job!,5,0,0.31.31,2014-04-29 07:46:46,,
gp:AOqpTOEpOqIqaS544TOvthGnkBEeFLuXRwxR7QMXm1ZHN47jHqE6eOzlCcZQNFdoEb_MFZA8aXMOL8kTx4m6x6w,Anibal Guzman,https://play-lh.googleusercontent.com/a-/AOh14Gi2kdsEWZ7JiK1Lmk6mNBm35R8ZsVyMVyUyNJWLnA,"Works great, New features and goodies added all the time, A must if you own a leaf. Need the Bluetooth obd reader.",5,0,0.31.31,2014-04-18 22:29:04,,
gp:AOqpTOFs3ATTLQ4cv27VqW3xHK4JxJaO5Go1jbP5vVT4JDNdePu0Z6lWRtMH3K7iRi2lNq2NoCTTb8hFNlgI5to,Adventuring Art,https://play-lh.googleusercontent.com/a-/AOh14GhK8BahOj-wafnNTwtLZsw7VIYno1Ma98Da-YZrNL4,Great tool especially in an S model,5,0,0.31.31,2014-04-13 19:21:48,,
gp:AOqpTOHRfZqmG8bcURQCJAjfnah8jqAR6y0TiJY76TU82b3A7P7rPKtz6uAus9OvQ5Sm9NBaFhhL7YwsWRMGkeM,Paul Reimer,https://play-lh.googleusercontent.com/-epWlxt0z1mY/AAAAAAAAAAI/AAAAAAAAAAA/AMZuucn-4uxywUtMrTLaMhAc1nAJRlpzvw/photo.jpg,Love the new help menu and interface.  Worked great,5,1,0.31.31,2014-04-13 13:39:22,"Although you have provided no specifics (always helpful), the latest version of the app (0.31.31) now includes built-in help to try to get a new user up to speed. More help will be added over time. It gives an overview of navigating between screens and explanations for the information that is displayed. The app is still in early development. ",2014-04-13 11:16:42
gp:AOqpTOGqk6HnRCFlrW0uPxv3pRK97zL5A-MvQADyIFFbjWIEnYmejyy-HFtdhUdC0tT9mh9ARqFfESuEjwkVn_Y,Alexandre Krilov,https://play-lh.googleusercontent.com/a-/AOh14Gj-NaTThkdn9v7z0-4kboSa5bmExa-O6yLGyBSWGA,Must have for leafers,5,0,0.31.31,2014-04-13 09:53:44,,
gp:AOqpTOGIpy2WYon6lBoGXGl7fms2WgRxNj3z_WpX1jrG6kX6NcKcS532wAgSe84uBG_dQx3UD-xJWAkFn1_1KiA,Gregory Lane,https://play-lh.googleusercontent.com/a-/AOh14GjNoCAM1wv52U0_B_1N3g5eeL20mUfbtE3j1ItsekQ,Thank you! thank you! thank you! I Find myself looking at my phone while I brake to see my regeneration. Now I will keep my curious eyes on the road.,5,0,0.30.27,2014-04-06 17:12:54,"Thanks for your comment.

To fix a couple of bugs that could crash the app, everyone with 0.30.27 should update to 0.31.31 or higher. ",2014-04-13 11:19:26
gp:AOqpTOFE4c365arfoci0ghBmiwDegS1vY--M2z6Xd4Hh4zXQmV_W69PVvuMnZZqy2Te5U5jLiZnrYGlVo2cDyrk,Jeffrey C. Jacobs,https://play-lh.googleusercontent.com/a-/AOh14GiRJonhw_qCOj0Op1KdDqJZBOaTDvl26RrwNbAab0M,I never drive without this software.,5,1,0.29.17,2014-04-03 06:08:14,,
gp:AOqpTOELINeUA7bJlgU8g0FGnR01zq7w5WWyzdEcMVxJu_56qMWnnD3fAxY-gN5dHauYPy051ZWV2DYxwT61b00,Peter Joseph,https://play-lh.googleusercontent.com/a-/AOh14GhlO7ZoMeDXxJcEUxmhopnnN9HP2oe6P8XcxOn1Kwo,"What the GOM could have been.  Accurate reading of miles to empty, something that becomes more critical as my 2011 model ages.  Thank you for stepping up, Turbo3",5,1,0.29.17,2014-03-26 11:42:32,,
gp:AOqpTOGX1b5qOK9lUpupt0e_aHAK_q7ouLfo556CYyVY6jndhxF8uT8sfIo-axsklJSa4HrAzU0o0PSx1In4PbI,Jeff Zonick,https://play-lh.googleusercontent.com/a-/AOh14GiHX4ysgflZFPsvujm2ISPa5-k_qrAVMmwgsi_q,"Let's face it, the Leaf has very limited range.  Especially as the traction battery starts to degrade, it's important to know the exact limitations to  get the maximum range and not get stuck on the side of the road.  This app does all this and more.  I just purchased my second Leaf and this will be invaluable.  $15 for the Pro version is absolutely a NO BRAINER!  And don't pay any attention to the idiot 2-star reviewer.  I myself am an iOS user and I purchased an Android phone just to get this app!",5,2,0.29.17,2014-03-12 14:49:52,,
gp:AOqpTOEMhTIsMongDNSDcK3ouIS_2xz5NSeIS4InUyRnZ9u5uL2Wl0uU2sm05o1ejDnmBYlwyCOBBuTh2HuVFMc,Travis Kerzic,https://play-lh.googleusercontent.com/-mI0WDQrKop8/AAAAAAAAAAI/AAAAAAAAAAA/AMZuuckvLtzn_fzkD_yIMLrH079BAPMWbA/photo.jpg,Great tool for the leaf!,4,0,0.29.17,2014-02-26 19:54:13,,
gp:AOqpTOGfkhsrHBX3UZCEDqv6ArmDGTnWR5iVA0PNbtv7ILI6_wBgk2FfxBVqvoMjUEk7bBNg2NvIBvucqruVTpI,Gunnar Johnson,https://play-lh.googleusercontent.com/a-/AOh14GiwJBwc8bRMWrhQocfLd6pE4G4ecI7mjv91thzAUsM,Get all the data on your battery  and car. Fantastic job.,5,3,0.29.17,2014-02-26 18:22:20,,
gp:AOqpTOE6DoZKqPq2Sofj4Bhd6ZUfXvWLctD8ssypUX-960ndkKD6KdjOBbFv4uT-bWFVM75qdxoq5pZ3vCO9wlo,John Tomaszewski,https://play-lh.googleusercontent.com/a-/AOh14GhDpnqGpaXkWG6jml__8BQoRX-rvFgepqzjaezBrpw,A great way to keep up on the health status of your LEAF.  A very well developed app and buying the Pro version is a fitting courtesy.,5,2,0.29.17,2014-01-14 11:23:56,,
gp:AOqpTOHUVCeP3ltTpiO5n_MVaV2BfkCVd5AnhIaSDRrEMIjg5RxLvunvlQMlFJAdRhah0jrNFOEQdOlTsc2y2AU,Robert Smith,https://play-lh.googleusercontent.com/-bc8bJ5cTEsU/AAAAAAAAAAI/AAAAAAAAAAA/AMZuucmPZGiXYWLYqWPNUveRlDLMDbn1Vw/photo.jpg,Awesome app. Pls consider buying paid version even if you dont need paid version to support a fellow member of community for his contributions and for giving us what manufacturer didnt give us for 2 years.,5,2,0.29.17,2013-12-29 21:42:01,,
gp:AOqpTOFET8zuqspV7ac_hQfsHEnreFWfV7a5f7nTs5i6UYjXKSxSa1FhUxrgcR_YzYgjRqGIlzhEYh5N_nhsM7U,Ryan Wallace,https://play-lh.googleusercontent.com/a-/AOh14Gg9ZtQOA0zRMGV7PjZkCNWNnD_-S0Vahc373qxdplk,"This app provides so much more info than the regular dashboard instrument panel.  From battery life details, charge speed, current capacity, tire pressure, all the way to helping you change the setting for how your doors lock.  Lots of little details in there.",5,4,0.29.17,2013-12-22 14:13:17,,
gp:AOqpTOE2hvHT399zjGxpJpcH9rtpF6GxKj8196bTKarrolr0cBbyw6En4HUKnNMN8TGP5n0awqdRq28ADymFKzA,Bubba Has Drones,https://play-lh.googleusercontent.com/a-/AOh14GiQfHoEymuIyVRnwCfF2o8AQcUDCA0CZbd79pD_ZQ,"VERY useful battery health, capacity and temperature info plus extras...  Very well done, greatly appreciated by a 2013 ""S"" owner who has no CarWings access. Thanks!",5,1,0.29.17,2013-12-11 23:32:08,,
gp:AOqpTOFi402Twr4cmbMTmJYqULjCEUMKVsd9cEvYcTXy_INXr7Evc7-EFIz84EBhLU4aJ7AzETHUKz4jiUetvMo,Mark T,https://play-lh.googleusercontent.com/-oiU2T9KhUg4/AAAAAAAAAAI/AAAAAAAAIoI/AMZuucljPHrjV-0BHKY0NT26LJ8Ks2Q0cg/photo.jpg,Great companion to my 2013 Leaf,5,2,0.29.17,2013-12-06 15:00:42,,
gp:AOqpTOElepx4zYwbm0f-fGGAOCEIynXDcVxN1DyYlWpgK7kKlvI2Xl2hepM2AC3kHNoqHVt8ow7og0FnjYIF5pU,Gear Scout,https://play-lh.googleusercontent.com/a-/AOh14Ghwu6ddMerUVBZ70FwIlRo8SIY55YZJafI6dbv2,The best available data is right at your fingertips.  How much battery charge do you have?  Is that battery losing capacity over time?  Which one of your tires is losing air pressure?  How hot are your batteries getting on that level 2 charge?  Works great on my Samsung Galaxy Tab 10.1 v2 to keep me posted as the vehicle is charging next to my office (Bluetooth range.)  Looking forward to more features and better graphics so I will support this App.,5,2,0.28.13,2013-11-25 12:06:19,,
gp:AOqpTOHR_QDb9XMcCbgB42S-qFEZ8sgA-EgV9DIGsSCaMWeiNQ4qI75RGpGt5SELAcR0OkkbtmT6_3cIK2PUa38,James Krieger,https://play-lh.googleusercontent.com/a-/AOh14Gi0r0pYMImYq5Q8a0xN0_5odb3kDyIrvuzf7FLZiA,Continue to be improved,5,1,0.28.10,2013-10-19 18:12:09,,
gp:AOqpTOFNmLGDAj2Pt2cU3Humd4LMerumT7P3rB7QuZer-yrEqsDuvdU46VjxLbOF5IZOdwvlXRuTHpsgGhsaSvI,Keith Kemp,https://play-lh.googleusercontent.com/-MyUWC8LgFww/AAAAAAAAAAI/AAAAAAAAFTw/AMZuuclnYCH1toseCIxw-00v5Bk8Rin6Vg/photo.jpg,Great app that every LEAF owner should own.,5,0,v0.28,2013-10-17 23:16:26,,
gp:AOqpTOFW5rs7NcXRR6kUsUgZiNVU9CYFNNraPKiOWo0kyQcERcdyKUTbFBkYv_GQ2ILFx2Kdkno1AxoEECKIH4A,David Rees,https://play-lh.googleusercontent.com/a-/AOh14GiPLP1vX-3Nctnc4eycZgqHpAhLhBkBWfGU_dF0yA,Best LEAF monitoring app there is. Cheaper than the hardware solutions out there and has more features. Easy to set up and customizable.,5,3,0.28.10,2013-10-15 15:32:30,,
gp:AOqpTOHYHKqlqTxTx63_yLutKk0Xdoz6Pi0y_1toe0Z55OXEPT3ooTpvdDb1x1vOzE3dq4z68a8YC3u3sqOdEFY,Kevin Lieberman,https://play-lh.googleusercontent.com/a-/AOh14GiqBAgmLhQfZdfXQOgRbpgqC9cD6nHeOK8l9jQlww,"Amazing amount of information about your Leaf!  Checks battery health, REAL state of charge, tire pressures, battery temperatures and so much more.  Highly recommended.",5,1,v0.28,2013-09-27 13:10:56,,
gp:AOqpTOEe6Wv-mNAyyZE3hd9sk8_2FVha0nEjFhGqUKQ68_WuBuKFo38A4nEHHgD7JQq4dZ6V1_86KRPCt_LaXIU,Deane Gardner,https://play-lh.googleusercontent.com/a-/AOh14GjFW8YXjDktkvc6ubbT0D9JD7z_gzHH6GyOH36dwg,Check your battery health,5,0,v0.28,2013-09-24 16:46:57,,
gp:AOqpTOFTtObT-TkI5Rmzq6RkUs-GFZpYmpvPPik-VMeQHd2ptmu9ISso70eVIPBE9yPtvrA8jqSTAqGBebc_y84,Philip Scoggins,https://play-lh.googleusercontent.com/-kMxL7Gy_oKA/AAAAAAAAAAI/AAAAAAAAuh4/AMZuuclu4pXQ3o8KeJkb6KtML_ea30ykNw/photo.jpg,Glad Nissan didn't make this awesome app because there's no telling how much this would have cost!  It's VERY handy A+,5,2,v0.28,2013-09-23 18:56:22,,
gp:AOqpTOGksntAl_5v5CruNoPrSswibCYCarbfRREyFOMzQ_aawny3C1hQnFscAbPPNPvb_8FBTnWW-xT4OcfQoKQ,Michael Sperling,https://play-lh.googleusercontent.com/a-/AOh14GhaYkihH6sF7nHN4YB8SGzWoGUgqHopra0s01MtaQ,"Even on the 2013 leaf with the soc display you will not know exactly how much juice you have left past the very low battery warning. This app shows you the real state of charge which for my leaf is always about 8% higher than it reports when the battery starts running low.   Additionally, knowing the battery temp is a huge plus as it's the most important predictor of battery capacity loss. Great job!",5,0,v0.27,2013-09-14 08:13:02,,
gp:AOqpTOFXUlqDl5Fez4pbeB9L7HTeHSipY6WzCRR3vxLH-CH2Rhc6uKSx0gDaRmus4z5mavND4Ux0Z9acHCWo2bE,Jeff Kubel,https://play-lh.googleusercontent.com/a-/AOh14GiamE8f5bE5Yz1FwnqCZoAghE-UhzforXETVkpb5Q,"Been following this project from the very start. Sure beats the cost and bulk of a dedicated GID meter. Well worth the cost. A lot of effort was put into this app by the author, and it shows.",5,0,v0.27,2013-09-13 12:38:52,,
gp:AOqpTOH2IuTKFPs20Au_Ms2iN9btZWD4WUnk4IQ1NNtcN-WjirNftM_bkq__KEsbtMivPBKuGYPoWln8BnDTljM,Joshua Loomis,https://play-lh.googleusercontent.com/a-/AOh14GhaU1gLoupKucby9IZUP4e94T5qgceSIgO1S1Nz,"I've been following this on MNL (uwskier20 there).  Many thanks, Jim, for all your hard work.  I've been an enthusiastic user of all your early releases, and this has provided me valuable insight into the health of my battery, as well as the true capabilities of my LEAF.  This is the first app I've spent money on in all my years of being a smartphone user, and it's money incredibly well spent.  Look forward to what's next.  Cheers!",5,0,v0.27,2013-09-12 22:17:45,,
gp:AOqpTOGN0HQTz7nM4mw4LfK3vkq3e7vUxmDZPVMUqBT85sIwAIyVVrxKW1XOjXApImAaJilgjILJEKc30Z3YfOU,Devin,https://play-lh.googleusercontent.com/a-/AOh14GjmZgaLG6UA3Ps1whdumXEdbg2lLzeAMdYd2VkHumI,"This app is a great resource for any LEAF owner.  It gives you a ton of useful information and Turbo3 is really helpful if you have issues.  I use Leaf Spy with a BAFX OBDII dongle and Galaxy S III or Galaxy Note 8.0.  After pairing the OBDII device I had to select PORT 16 from the Settings menu and restart the app in order for it to communicate properly, but this may vary with different configurations.",5,1,v0.27,2013-09-12 15:32:10,,
gp:AOqpTOGdZQLkMuUorprRvIdBr-smJwvMSAte0kEYbkSaisXO0sPw3uJBYGmePQzi2Ka1HIb01aiVxffPNeKYvFk,David Williams,https://play-lh.googleusercontent.com/a-/AOh14Gi45SsUOB9Y6VKeEY4Q70oHMIw4Vv-7kDneE2_h4w,Get this app. Your LEAF will thank you. I've been using the previous incarnation and there's nothing better for snooping on the LEAF battery internals.,5,1,v0.27,2013-09-11 18:02:48,,
