reviewId,userName,userImage,content,score,thumbsUpCount,reviewCreatedVersion,at,replyContent,repliedAt
gp:AOqpTOGgpxGL0VDzeCixDem985uhxQ5LevMpCxxO3EPpKJbZaT85ByXJIXCOVZLhYM2jNRbh3Y2l5ueqlV4b9uQ,Dustin Oprea,https://play-lh.googleusercontent.com/a-/AOh14GjE7Z33rbUd9AHt_2KoLb3KkO5ifI66DYvEc8fzy2A,"There's also the ""bundle"" add-on app. This app doesn't appear to actually add anything new.",1,1,,2020-12-28 21:36:39,"The update frequency tells nothing about our efforts to work on the app. PhotoSync is currently rebuilt and getting lots of new features. We submit bugfix updates on a regular basis in our public beta channel at https://play.google.com/apps/testing/com.touchbyte.photosync
",2020-12-29 01:05:10
gp:AOqpTOFNlFMSCv65tYHlAsyIZhj3KCyl2f-vvBzX9i9MnLAaT5HCIhcZrJYCVcw3TIyKd_vSsbnnhzJcPiO-g94,Norris DeVoll,https://play-lh.googleusercontent.com/a-/AOh14GjO-uJy_SxFg1TA1ydO3ZqufxPUqHYa55vuS23d,"Kinda' difficult to set up, but neat for protecting photos from loss.",5,0,3.1.2,2020-12-02 05:15:31,,
gp:AOqpTOHGi3hEJfepO39GMs2Ccf2xMhR8f7bIz4GbthvZdThcs51qcPa1Bi0qgQLzzcUm8MgkZ3YzF-4ZuM8gc2c,Richard Fryer,https://play-lh.googleusercontent.com/-dGunwohoN9A/AAAAAAAAAAI/AAAAAAAAAAA/AMZuucnbFprzWhZXveFjtRM9r1A2xjCA2A/photo.jpg,Works very well on my Android/Mac.,5,0,3.1.2,2020-11-27 07:05:27,,
gp:AOqpTOHwzU7PiUsEAFevB_tgZydX-oXJ0HHDS2Y2cGO9x5fqLRRt6URzlpsBVOgHtVnFV_jOWDXgS48WLbA_lLc,Maria Louise Edwards,https://play-lh.googleusercontent.com/a-/AOh14Gjqk4qQRs77GxH2wfrW0yy23vh-PO-MWgc_5ZNzyvg,What a time saver and memory saver,5,0,3.1.2,2020-11-21 12:46:13,,
gp:AOqpTOE3TXzxo_JWU6NUAI45T8qJhOCRYZp8ZJjf6cEY3hrLlpyjtltPnEk0Ml3SP66RTwg5y3OzaoeT0dLBvCY,Omid Rahnamai,https://play-lh.googleusercontent.com/-kjYfj3m4igc/AAAAAAAAAAI/AAAAAAAAAAA/AMZuuclKLiMlD44xuzKeXySD6OBquIeA2Q/photo.jpg,Easy to use and very straight forward app! I strongly recommend it.,5,1,3.1.2,2020-11-13 13:01:53,,
gp:AOqpTOHDQqfHpBrn6BAPiTUxD_YHmhrnBLlLYBwkWMZrWm1bqM-TR13pZrEMkRuXZgJfhxRCwK6LsD-tW5bg6g8,Zachary Corya,https://play-lh.googleusercontent.com/-GMiSat1w1Gk/AAAAAAAAAAI/AAAAAAAAAAA/AMZuucnt5KG-DgzGEXPbR6zibuzTCexENg/photo.jpg,"This app just works, customization options are great, I forget I have the app then check my computer for the pics and they are there.",5,4,3.1.2,2020-10-29 07:11:10,,
gp:AOqpTOHZ6YcvK_h8MxuMa5dDS2Aa9bs6FQ_hqs2wB_5-F7Nvkqsz2VqkITPZA6Kp_mXGuKznO7BJ5B25Mn0eP54,Val,https://play-lh.googleusercontent.com/-_1kQfOb08K4/AAAAAAAAAAI/AAAAAAAAAAA/AMZuuckeIjbxxX9TgzTabLm2V35454uAdw/photo.jpg,Works 90% of the time. Which is fine for me.,5,0,3.1.2,2020-09-08 06:17:43,,
gp:AOqpTOFc3_RGsmyoHa1D0LrkvfS_E9iyeNDbFj6V3eYNFNYdxDR2kvwDLprnKFlvbfTxFf77QHd7uyuT4wNAfV8,john long,https://play-lh.googleusercontent.com/-gA0PgCPM1TM/AAAAAAAAAAI/AAAAAAAAAAA/AMZuuck12fCovL4BusxxA8twRyYpLOj7lQ/photo.jpg,good,5,0,3.1.2,2020-08-31 15:00:56,,
gp:AOqpTOGa33qrrcJh4Kit0lJ6yNgS4FynqWY81bStS_yek5JyZbsazbt1niWYYUgVtbv5rWPM1apmfnDhmePKmTM,Dick Brandt,https://play-lh.googleusercontent.com/a-/AOh14Gg8MVaGvmTrAbX2DbDMLMo8piZzwpq5DqXUhCkzJUI,Great app,5,0,3.1.2,2020-06-21 10:39:45,,
gp:AOqpTOFMC_NTdxK9ZpU0Z1UaJTpGq5SlTz0UTgLEv2DVvimUYsGML0vvZuw8RGQCquzqvH33YSw852MPkeNIazk,Donald Campbell,https://play-lh.googleusercontent.com/-Kksa8h7KMYQ/AAAAAAAAAAI/AAAAAAAAAAA/AMZuucnpAzgxqS29q7MXlIPLvYL3J69a_w/photo.jpg,"What does it do? It tells you it has 'x' number of items to upload. It doesn't upload them, despite the fact that I've set it up according to the meagre instructions. Pointless add-on to an otherwise excellent app.",1,5,3.1.2,2020-05-08 01:06:52,"Autotransfer starts the transfer of the 'x' number of items when the autotransfer trigger that you chose 'fires'. Depending on the trigger this could happen when you connect to a certain Wi-Fi network or when you take a new photo or when you scheduled a transfer etc. If you have problems, feel free to contact our support, we are happy to help.",2020-05-08 01:11:03
gp:AOqpTOFrD41ybtjwK9mL-hfXTiLHq-679P3Rd0jeRG3El5LfYOVMWvCXK7z9iZF22r3oCmahnKC_YlMlPrntW98,Andrew Phillips,https://play-lh.googleusercontent.com/a-/AOh14Gj7SbpciUltFmKNgHF3pOiiXhFciOQNEPhLBO742A,Making life a little easier....taking the effort out of saving my memories.,5,0,3.1.2,2020-02-14 12:55:48,,
gp:AOqpTOGNSFJPLPQ9Wp12Rfcg0erQcpiVoep2D13A8b-b_6V-PXx_o8LqIAWh9dWlkblk69u8N4hdKy8qXOq3MgQ,Brian Klug,https://play-lh.googleusercontent.com/a-/AOh14GhlTXjZ-jDYH1AJtIlpgIubZ9wpUNhr4vMk4H5QXFk,Warning: do not purchase unless you are okay with having it install an extra icon for absolutely no reason.,1,2,3.1.2,2020-02-02 16:50:58,"Thank you for your helpful review. There is only one reason for that extra icon: The extra app contains the license for the Autotransfer Add-On. I case you don't know, you don't need to link the icon to your phone desktop and you can even hide it in the app list on your device. Sadly icons are part of an operating system.",2020-02-03 01:20:22
gp:AOqpTOG37ABOHkKG911pntCngxUJe1d4wgZxb7HHIA43zjQiOCX61EJV7Tn7lMiSY90D0LWSA_OFLL5ogHsQ0kI,mohammad darwish,https://play-lh.googleusercontent.com/a-/AOh14GjIOePgOKhAiympFdxPP_PCGIUMh2z5iBG9ekghPA,"Great app, thank you",5,0,3.1.2,2020-01-29 20:20:24,,
gp:AOqpTOHnPsybHnbT6ZHdsFLJToptF99ds9Xox5FMjHgL7pZKgw_GzaDKqnektrxktxocHB0C0L9HSa-fI7fYltg,Christopher Smeaton,https://play-lh.googleusercontent.com/-lzeFuXDDSpY/AAAAAAAAAAI/AAAAAAAAAAA/AMZuuclrrUs_FYI6zTpL_z3pr-BHdHCRww/photo.jpg,Excellent. Have been searching for an inexpensive and reliable app to transfer my photos from my android phone to my MacBook. And this app does exactly that. Brilliant.,5,3,3.1.2,2019-11-28 03:02:52,,
gp:AOqpTOHSludCTgv49fBBkXYVeBanzwNIXF2Wrtbz1Wy5ooe3v3xrbNQT9QLbCb-9mwrpKnc9nMMxAj3gTlmV8nA,j b,https://play-lh.googleusercontent.com/-KauWmm8gMGk/AAAAAAAAAAI/AAAAAAAAANA/AMZuuckj8XXE5Qv3Q0AxpOxtCxSrmCIP0g/photo.jpg,"Love it, I buy my phones and camera based on if they work with this app",5,0,3.1.2,2019-11-19 13:56:34,,
gp:AOqpTOHC1MetJdB72myN8LMLT68Yj-OLuKrwvzWoK-h-kgywAybnO1DN7jlyD-jrfRjO2z7BCzJQPuKys0YRfOc,Jason Flora,https://play-lh.googleusercontent.com/a-/AOh14Gi23KIBMpwGJJxwr4RecMxpejfGI7JEb0wENK1Uqw,Excellent in every way. Backing up my full res photos and vids from my Pixel 4 - saves me from having to pay Google for storage.,5,1,3.1.2,2019-11-18 08:47:29,,
gp:AOqpTOFTW7VWc-WtbVcJYInI17PqpfNGtTGjKub6Hi-yacwwVpT3QhLul-bW7Brbt8FH1dy7FXBbEylZURJr-GU,Sabrina M.,https://play-lh.googleusercontent.com/a-/AOh14Gg-yq5Kx9V0aaDA-tAeMN10U0eZ7rtmMtKF5bosdA,I LOVE the app!,5,0,3.1.2,2019-10-23 16:53:47,,
gp:AOqpTOGliOb1egHvNsh9zUg5fkOGr5REbhe9VutM9uZQykIgMQoMGPGooC7jnYiWDWA_QZ_OVgasDo93oos29Tc,Adrian Nettleship,https://play-lh.googleusercontent.com/a-/AOh14Gj6nD9c-LON_n0SiUL-q9mnMXthP3wQ1nWnsxkse3s,This app has greatly simplified the job of backing up my android and iPhone images to my desktop.,5,0,3.1.2,2019-10-02 13:00:48,,
gp:AOqpTOHj5FscUpZOMTXp0NpxniTNHkE_CVL7pqoM3LTW1EcpmrNw-jJfigfF-N8CJf65b-i87cRw7uZA1qecx9U,Eva Genin,https://play-lh.googleusercontent.com/a-/AOh14Ggx9T4iTt5Qg1TcSZJRyhi5-dFuHdoJEJcNMpQghFI,I use always this app. it's a super fast tool to transfer photo in and out.,5,0,3.1.2,2019-10-02 10:18:47,,
gp:AOqpTOHj6MzmvcCuHLJ8AamdJXXxsO7yjMImRXxiAoDieSqf40YlxmZ7w_TCeg2S7WGRrjMCBP0aa_raJiLnH-s,Lee Newcomb,https://play-lh.googleusercontent.com/a-/AOh14GjsTfUb1_sZzq1h_RTirN8hrqwtT9Z9LGWAJ8gOHg,Great app to move photos quickly and efficiently.,5,0,3.1.2,2019-09-26 10:53:29,,
gp:AOqpTOGRGJrnpRHQXODcth15-hX79spw-99vKileoTQt6LpJigkIpc_9nSHkwbBIutln09_8y32RrHdTzhkalB8,Rob Foster,https://play-lh.googleusercontent.com/a-/AOh14GhPV_IVGvKrbThJwphFcpT1xBuAOZC453-m5fwbVA,Brilliant for transferring photos and videos from phone to pc. Awesome!,5,2,3.1.2,2019-09-21 02:23:30,,
gp:AOqpTOGjOhHwN_XQveD6uxcsp-jDlDqc-vPgzQkK3UWgfb8SbGMtN_L2eEnQlEkWgVFbfudjIw103DLfmKmewlM,Mike Spencer,https://play-lh.googleusercontent.com/a-/AOh14GiXH68qwrMoD8pmRJj7nQY_J43YvsyOfYLEHqEHSA,Quick uploads. Easy-peasy. Get this app.,5,0,3.1.2,2019-09-07 20:04:16,,
gp:AOqpTOGFLLCV5x0NQHPUzgK50toUT2Fyk03R0wbJ1qCNA0auNqgah-DXYYGKyongvZ30zjOCSK0Y-_P35CLIN8s,John & Beth Krasovec,https://play-lh.googleusercontent.com/a-/AOh14GhWiSRjMiHFl62TsaLSuAl1hJGFgmcQyX7nTaU91g,It works great. Do not have to take out card transfer fast,5,1,3.1.2,2019-08-25 20:34:17,,
gp:AOqpTOHf-2iO76WWF8EnaqYH4LosS-IsjtadUP11KMUCG_MPeAPzpltocgXCBNsrc4GnFtc0kNpJ4d4w-SsY8EA,Diane Phillips,https://play-lh.googleusercontent.com/a-/AOh14GgyF8Z15GKLZrR5fwzUDsH2kxfxthEUBO29bH7a_tQ,Love being able to automatically upload my pics to my computer.,5,0,3.1.1,2019-08-18 11:20:06,,
gp:AOqpTOF37PQmxbMWzF5dhsmVy2oTPL1wzhH3aUzExYIzFcH2dMqbAH6snRSfuL1sVR5LE-81ESC4CYozqvdvaYA,NJHeart2Heart,https://play-lh.googleusercontent.com/a-/AOh14Gg9Y5nV8zQFjQQ0tAbRMQNhF1Ol1LV20307nhYf1fc,Simply works for a simple task . Would definitely recommend.,5,0,3.1.1,2019-07-14 19:11:50,,
gp:AOqpTOEPWcvzLHPB0lMaDGAQT1fxZQPPHw666Y_bd4CVGc6lIMh2WVO7gn7AZu5LfmzMbK6Ui3n3IrzOQKEQcO0,David Daniel,https://play-lh.googleusercontent.com/-dNO6rPp7J2M/AAAAAAAAAAI/AAAAAAAAAAA/AMZuucnGbijdLoSbTaDDIeQAd8Yv-X4_yw/photo.jpg,I am very happy with this app.... it saves all my photos to the desktop computer which is backed up. The automatic feature I paid extra for works sometimes but it doesn't take much to do it manually..... a lot easier than having to plug in.... would be 5 star if it always automatically saved my photos.,4,10,3.1.1,2019-05-08 20:14:58,,
gp:AOqpTOEiW701ocS4uhieqWwfom3pBY0upURPnmjt1N3-Wcc_o0qS0J6DvPibC-H0skGLcBU4XWi1ch5XQNhyeu4,ThomoSenior,https://play-lh.googleusercontent.com/a-/AOh14GhE73ny6Yse-IrV7PWG_jNCv0ZiCf1kglykc_47,"Great product, works really well.",5,1,3.1.1,2019-04-03 03:56:38,,
gp:AOqpTOHmorAoLNYnw0aQQbMOgwx395t6twHCCl08dZXnOurqLA9LQMjtnaQ1_TiggoKDHOMsbeenbsuwAlD1Gdg,Crazy Ryan,https://play-lh.googleusercontent.com/a-/AOh14Gh4z1TzBLsgjb68Bu4uVEHR5P6naaEX4e1NMNm1yg,excellent app for those who prefer (local) photo and video backups. plus it has excellent options for setting naming schemes and folders. i set it to create a folders on sync that organize photos by year/month,5,4,3.1.1,2019-03-30 10:31:47,,
gp:AOqpTOGu0nDarYcTqn7orWI0b9IFMzSyVuHgl-ufeAgB_pMDCsOTec2KFZBx-gubC4z-Im3HEp2kPbMBqA_jHVU,A Google user,https://play-lh.googleusercontent.com/EGemoI2NTXmTsBVtJqk8jxF9rh8ApRWfsIMQSt2uE4OcpQqbFu7f7NbTK05lx80nuSijCz7sc3a277R67g,Great App thanks,5,0,3.1.1,2019-03-26 09:44:29,,
gp:AOqpTOEuy9lA5vgT-tpJ-V_N5iHuGCF1Bce2ZnT0ckY9nwbyS5jmUqHMjLjn3YS_Za8Og_GVQdF4RBe-_qJg-D4,Tabitha Miller,https://play-lh.googleusercontent.com/a-/AOh14GijiAlJNoBAYJc7pqwprc8QOSKiAKmQoOa9d6eE,l live it,5,0,,2019-02-16 00:31:42,,
gp:AOqpTOFwb5i-BWcX7f4VqHlUpMowZkRZbrrLvXsTDaBScn32ISyPvFX813igNas5ogPDTFnNcfUNQaP044nHxkE,Dale & Catherine Stephens,https://play-lh.googleusercontent.com/-uI0RTUywuR0/AAAAAAAAAAI/AAAAAAAAAAA/AMZuuclcsoF8ghAS7GCK2ucKF8BeTNtNSg/photo.jpg,"Usually have to manually connect to PC, but that's probably due to using A VPN.",5,2,3.1.1,2018-12-31 12:00:13,,
gp:AOqpTOHxe2Us1qe_zeIyfkYNfvVCPi92LyegFSx7QNrtZynoFsRuPUkvNIs_9wVa3qBQRufxNqlNlgaaC5_glXM,A Google user,https://play-lh.googleusercontent.com/EGemoI2NTXmTsBVtJqk8jxF9rh8ApRWfsIMQSt2uE4OcpQqbFu7f7NbTK05lx80nuSijCz7sc3a277R67g,Awesome feature,5,0,3.1.0,2018-11-18 06:00:08,,
gp:AOqpTOEWzscQzdj_nndwFdmHgGlrbIaJCF6QxrHgnvPj4WvSn_rsxSUIHQ5TuCnOf5vU8gP97tTYq5gT5Q1jdAI,Jerima King,https://play-lh.googleusercontent.com/a-/AOh14GguVyAfwIvJC9NmxSCYpDrER-dgunExpWcFLvvf,Easy to use.,5,0,3.1.0,2018-10-14 22:02:07,,
gp:AOqpTOFGKpgAyOjVS11tQdh5rhuGguSf3Xg_JpDcPlPiF0XFs4gaxnRyXgO17gEBiBmWuSyfUi7wEuuzAsNuwTU,CA C,https://play-lh.googleusercontent.com/-ud4gPzh6gJU/AAAAAAAAAAI/AAAAAAAAAAA/AMZuucngWkBeO6GUwddaWBUXQo7SblmaRg/photo.jpg,"Would be a five if the auto transfer would work consistently... When I open the app and begin to manually upload, then the auto wakes up and takes over. Background issue maybe? But it can work for a solid week or two. Could still be a background issue I guess.",4,4,3.1.0,2018-10-01 14:25:28,,
gp:AOqpTOGKZQmTUv5srrBRn-GOSchFn9KEVxHTTp6z-SIdBzKyLeQKtBgg_G-G5BZ7WTTLS6jLwMvxpB-9uefQ6eE,Daniel P. Courvoisier,https://play-lh.googleusercontent.com/a-/AOh14GgJTg_JdkWpyyDfd0MPMqsaFdyK7fwI4k73tUsc7Os,This App works perfect to copy all your new photos from the phone to your computer without doing anything besides clicking the icon,5,0,3.1.0,2018-09-29 09:43:23,,
gp:AOqpTOHLPvHbNjxUGxm3aicvPj13yv64GmqSBMgvoS9KYzXSjgsPainZboXrQqlFLbwzHOdFOw9Tw0CPriVM7Fw,bolius99,https://play-lh.googleusercontent.com/a-/AOh14GijtDNjmNAFL3qkExbv_EKCOwekHv3uajtCO0rc,Great App! The Autotransfer add-on works as expected. After checking out this feature in trial-mode I decided to buy the add-on because it's just the simplest way to bring my photos on my PC without uploading them to any online-storage. Keep the good work up!,5,1,3.1.0,2018-09-10 05:09:47,,
gp:AOqpTOEBBj6VgDgnjJgNqtq_2oe2KyXzq6WP1Ti0GPcY9Z5s9Ozjrgjdak6e_C8IMI48rvaf7ArW08YmrtxKuTk,A Google user,https://play-lh.googleusercontent.com/EGemoI2NTXmTsBVtJqk8jxF9rh8ApRWfsIMQSt2uE4OcpQqbFu7f7NbTK05lx80nuSijCz7sc3a277R67g,Does what it is supposed to do with many configurable options,5,0,3.1.0,2018-07-05 12:36:35,,
gp:AOqpTOEHnYvBQsMUN2qAOofDkptnFDITLQBMymoBqJ7lrJF_SUVIpW-PahhFu0_fJ0cwYFYBDvnMQnUEYnmcBLY,Andre Natal,https://play-lh.googleusercontent.com/a-/AOh14GiGGb-YMa_rg8kxbggVJ-02I8aObu7jFSMoi_Sl,Just installed and is working good so far. Looks promising,5,0,3.1.0,2018-06-03 13:02:22,,
gp:AOqpTOGtYV6Pz2V_nhAk0WC-0HBeVomiewr3PW8N_ks4CqvruCzR3el51lbfQybNBG7HtMoZvsSSDscS201ZS1A,A Google user,https://play-lh.googleusercontent.com/EGemoI2NTXmTsBVtJqk8jxF9rh8ApRWfsIMQSt2uE4OcpQqbFu7f7NbTK05lx80nuSijCz7sc3a277R67g,Pretty good....so far.,5,0,3.1.0,2018-04-26 05:33:17,,
gp:AOqpTOEi3HMt5JwfatlWaDTtWmgzmqKOgv0qyLUM36aUddwkplcm0vKas1D7gR6GrxYEhv5qwY8QMdqXWY9qs4w,Ben Foley,https://play-lh.googleusercontent.com/a-/AOh14Gi3eIM-tTvXgidexIc-_zF9KDdprt29DMbo_vBq,Terrible. The interface is nice but it requires the app to be open (and the phone unlocked) to transfer anything. The opposite of automatic.,1,0,3.1.0,2018-03-30 20:09:47,The app can do the autotransfer even when it is not running in the foreground. It may be caused by your battery optimization settings on your phone that an autotransfer in the background is not working. When you enable autotransfer you get a window to remove PhotoSync from the battery optimization settings.,2018-04-02 05:25:55
gp:AOqpTOHnqJuMbCTVXbMp5spyXtUEUcgTP-dElakcubC2cUobNdywHK6zbyeCBglMymWDgz0cuqYLTdYsXYn74Ko,Neil Popson,https://play-lh.googleusercontent.com/a-/AOh14GjJ40SFhSxsAme732I_28jCOEyN2E_b1C1MaLrz,"Was using this on iPhone for years and happily bought again for my android.   Autotransfer doesn't seem to be working as consistently as it did on my iPhones, but I am not sure if it is an issue with Photosync or android at this point.",5,1,3.1.0,2018-03-30 10:06:33,,
gp:AOqpTOEQ2J8o-XkxgH3ArO8lmDR9f5REK9frY2lRPI38Fp8OMDPm-XCvGPXcQooElSnCbGKVIYy-pXYL2bMpAes,A Google user,https://play-lh.googleusercontent.com/EGemoI2NTXmTsBVtJqk8jxF9rh8ApRWfsIMQSt2uE4OcpQqbFu7f7NbTK05lx80nuSijCz7sc3a277R67g,Does not work with VPN.,2,0,3.1.0,2018-03-13 14:21:21,Depends on how you configure the VPN connection. Photosync uses normal network connections so it should work with VPN as well. You might have problems with the automatic device detection if your VPN is not handling Multicast requests. We use it with VPN without any problems.,2018-03-14 03:23:16
gp:AOqpTOF69hyPf0Wr-NT-TxLv03vUvf5-uPFQYDqtCDZ9-sXMogGpCmfNWnzgx5-AkxRPy3BpFAA5GIDwYkxHhKA,Steve Crow,https://play-lh.googleusercontent.com/a-/AOh14GikmULi7dZFWbxWwpcVHNPgTjyGw4h29rnRZZZszQ,"It's very quick, easy, and simple to use.",5,0,3.1.0,2017-12-08 03:18:04,,
gp:AOqpTOFWq6lejqMHOBI1jMNA1s9hocn81D5dNNlzcjNVxSsahoZwx7CJrZ1OCkQPBjShzThIPliSXphYVpUGAbE,ivan PM,https://play-lh.googleusercontent.com/-UZ9wgiGCmKw/AAAAAAAAAAI/AAAAAAAAAAA/AMZuucnu2QB4qU_WnvMJILA9k7tgNwFd8A/photo.jpg,I you need to go in a main app every time what is automatic about it??? I stand corrected.  Developer is right,5,0,3.1.0,2017-11-10 07:34:51,Would you like to contact us via support@photosync-app.com and tell us what you changed? We have various reports from Samsung users who struggle with the configuration.,2017-11-10 07:39:54
gp:AOqpTOE8WC_adFz62GzziKtqbn30qduYAntt2Xqd96mSfKud0JWICOCGjbl6djICqxaSo5_w8XsHhkTshEN2rwg,Leigh Cooper,https://play-lh.googleusercontent.com/a-/AOh14GiTbQRUWnVXsKoA2VTQ1GK5g8NHkNpyHBmp-9JtwA,Does exactly what I need it to - auto-uploads from my Android to the family iPhoto library.,5,0,3.1.0,2017-09-29 15:49:33,,
gp:AOqpTOEDqItZGGDti5eMax8BeiuxgtHLyaDe3QULVl8ZR1orLZetY5CBIs7KlsAcwPfrsMCIi9BEHKGsL_W_nis,Timothy Tsang,https://play-lh.googleusercontent.com/a-/AOh14Gg-JemwnT9AZrGjKYcbmNtNIKKn-90FsLi9DMSGGg,Great little app that solves my problem in transferring photos between platforms,5,2,3.1.0,2017-09-17 17:43:07,,
gp:AOqpTOGwyVdEwmhcii9k5SIsa7Bw7aTSto_iPHpe5NP0VX3zjTQF4ylVMYlUGJHa6QyPDy2kBTOnAmz1f4zqp6I,A Google user,https://play-lh.googleusercontent.com/EGemoI2NTXmTsBVtJqk8jxF9rh8ApRWfsIMQSt2uE4OcpQqbFu7f7NbTK05lx80nuSijCz7sc3a277R67g,Not working properly,1,0,3.1.0,2017-09-07 19:04:19,,
gp:AOqpTOFPW4qan7RijcB9FsC1VkuJdmii1vnKN46OEgiJm93nrTOJIz2BLurUGgM4Us6bS6nzxjb40lRENs0YKt0,A Google user,https://play-lh.googleusercontent.com/EGemoI2NTXmTsBVtJqk8jxF9rh8ApRWfsIMQSt2uE4OcpQqbFu7f7NbTK05lx80nuSijCz7sc3a277R67g,Transfers with usb cable sometimes wouldn't work so had a go at this much easier works everyone no messing 👍,5,1,3.1.0,2017-06-16 01:37:10,,
gp:AOqpTOH3UIlRkpJ_FF4xSIaG6H_x3Y4xSeF9uafo4YHOc4LiXO1FPNvCxVLehY_pM5SpKVuTgCqRkg5hrAoPrZ8,A Google user,https://play-lh.googleusercontent.com/EGemoI2NTXmTsBVtJqk8jxF9rh8ApRWfsIMQSt2uE4OcpQqbFu7f7NbTK05lx80nuSijCz7sc3a277R67g,Awesome app,5,1,3.1.0,2017-06-08 01:19:36,,
gp:AOqpTOHob2tsECLrzAZe9tXQtWoyDQKupPNx3jkeX4IeNW6eJTcSewRW0wgBxW13zlkpD_j7RiU2Hp-0ER1V4Lw,Taki Manousakakis,https://play-lh.googleusercontent.com/a-/AOh14GicavgdXXwoFjlLk7fhZusGk00vbKxBqccVyUKZIg,It's easy and simply works,5,1,3.1.0,2017-05-05 21:12:49,,
gp:AOqpTOFAg8uIJ61cMmjpCwnLnkHwKNu-UwBs49b0XGBkb-1yQ7wKEE0Z1ZjPupSoB3wPJ_tK8gHVHKWN0S_hBgA,Dramamine,https://play-lh.googleusercontent.com/a-/AOh14Gg8jcZuQHkTCNXybDkellYSWsbYrynS4GpUeT_50g,Worth,5,0,3.1.0,2017-04-06 14:15:26,,
gp:AOqpTOFK-83mbB_2z65TtbACghMl5h2ujzRFD6SNk8EuA2VpBKpFgSHcoY9ZTM2WP8CNJGUum93ycAVprRmEDts,Jay,https://play-lh.googleusercontent.com/a-/AOh14GgNbqwcK2axqaWCps_M6aTJKxIJuJ6b6qK7CGabdQ,"Great for takeing ebay pics,will up load the newest pics only to your pc",5,0,3.1.0,2017-03-16 10:33:05,,
gp:AOqpTOHEY583Qbo0rjuupnhY0pnuNRTA8UTzbr5xq6_uvZToDAd7tmmUpgI_LzITv8yKQy-Kco4h15sPJzbM7Xw,Damien Civiello,https://play-lh.googleusercontent.com/-tX2omsohtI4/AAAAAAAAAAI/AAAAAAAAV6k/AMZuuck5LjpWZvor9BxHj41Hm2Jr2kdgMg/photo.jpg,"After the Eyefi card and app stopped working I needed an easy way to backup photos to my NAS, this fits the bill nicely. The automatic transfer add-on makes it as painless as any of the online backup options.",4,1,3.1.0,2017-03-10 13:28:03,,
gp:AOqpTOFF9ctlPThmCSoeczxMDIGDhAFzBJhmoxcUvXp01Bz-iRnvK_rQD-uDuuZYHDuAqyOR0co-amfE22wmOVs,Vincent Byrne,https://play-lh.googleusercontent.com/-dhfwv9xROYU/AAAAAAAAAAI/AAAAAAAAAAA/AMZuucn9vTdZjkifzPiKuMR2RCjXe_dDQg/photo.jpg,Can't hide.  Won't scroll down on Lg G3,1,0,3.1.0,2017-02-09 16:12:47,,
gp:AOqpTOEm8eTBC7Z41gjRE09PyaXeLpTPpAXbfE3yUTGiqS34Ms8XiiCuDlrU3hcRGRPIoiFOlWyGx0tjDsbqh9E,Jeremy Biffis,https://play-lh.googleusercontent.com/a-/AOh14GjOOB8T1OnrJLsqbTqocq6MdC38M9jNKdYcvdp4,No ambiguity as to if files have uploaded or not.  Better than the OneDrive app. Lots of options,5,0,3.1.0,2017-02-01 19:57:46,,
gp:AOqpTOGBZBnSFdQkXXkbN8zC462M0dT9DoUma5gg62OvBWwkBm-1_hhLITwC3tl_eZ3MYiOTxix5cex7VT-mxAs,Juraci Vieira,https://play-lh.googleusercontent.com/a-/AOh14Gj7Tk1GTFzYuWvryXKk1EPeffStQl976pssUqrtGoE,"This app doesn't work consistently, I setup it to send newly taken photos to Google Drive, but sometimes it just hangs and accumulates photos without sending them. It starts to work again once I open the main app. I want it to automatically send my photos to Google as a Background job totally unnatended.",1,7,3.1.0,2017-01-15 03:29:11,,
gp:AOqpTOHA0kQ3TBKdkhDIVkQ8acTrdZVV5tRuLA2kgLitCod4doIFRYqdF_vT42Du6hcBMvzzj2dgxuOR-R-LsBc,Mike Stephans,https://play-lh.googleusercontent.com/a-/AOh14GgrRO09y259XsAn4KMwyRojYM6GeO5XxR6zzemlUA8,"I had been using eye.fi to transfer pics from my phones to my pc. They killed the program and i was happy to find photo-sync. The free version does the job, but i bought the paid version to get automatic transfers of the new photos. I like i can have it only transfer my camera folder and skip the other junk i downloaded.",5,6,3.1.0,2017-01-01 09:35:43,,
gp:AOqpTOHM07jIvjtGVF3EK1S9wp2jfcw9ZOc0yP3Oh1MWOfyfWpeleDLyOkSVKiFSjEV0yZFpMwwS5tAm_pxdH9s,Nick Derrett,https://play-lh.googleusercontent.com/a-/AOh14GgCkZyxIP1ZiIYfCQ5hJH0fJyF_63_8ugssbXtIfcc,"I just switched from an iPhone to Android and needed a way to push my Android photos into iCloud. I have my Mac at home always up and running, and with this app everytime I walk in the house and connect to Wi-Fi, any of my new photos automatically start to transfer to the Mac. It has been working almost flawlessly",5,5,3.1.0,2016-12-22 17:57:33,,
gp:AOqpTOHbV9Sbbo3WOOJ7TIVuD8jHqXGLf9t9hgJR2Wseu-AGdk7Y_gPrt-S3wyt54xOiB6A9-mHezPf9JjQRd7U,John B,https://play-lh.googleusercontent.com/a-/AOh14GhufepNUAofWSJso7EwxvQTLn7XajnhDJrZOsgR9A,I bought this to replace my discontinued Samsung app that I really liked and I like this one even better. I set it up and it does the transfers automatically. Very easy to use.,5,1,3.1.0,2016-12-09 12:49:45,,
gp:AOqpTOH0FNMeweB_j_M9TU7anl3_DDe18FHr9mgxksPA77udbaVA3FPOelJumCkrprqQ_CTVRlQ7YRskIE53arQ,Robert Ruiz,https://play-lh.googleusercontent.com/a-/AOh14GibAXvMqUSa6rOQalzNN0cPxF_7zM4KxSjNCHKSsQ,Works great!,5,1,3.1.0,2016-11-12 15:33:43,,
gp:AOqpTOGnH7Hly_dNQYQNurAJMobuwkyEocoK5WEKzFzWymKnbSEPXnFw2woYfakuERKHY06wYMuWHHqCuu7qb78,RONWYN FIRMIN,https://play-lh.googleusercontent.com/-MHI9O2XjyfM/AAAAAAAAAAI/AAAAAAAAAAA/AMZuuclOO71xaJqlEJ4tBV5_AL0IlQtWRw/photo.jpg,Very pleased with this app. Have previously lost photos from time to time. This app will stop that happening.,5,2,3.1.0,2016-11-10 20:07:16,,
gp:AOqpTOHOkcniGILHqxZLKPV248HKbYuVCzNBgXenVppQs4HIKvwOz0IAvnIi_KDrFmFrYwLTrPlHtowPvA6_0x0,Bob Staser,https://play-lh.googleusercontent.com/a-/AOh14GiTrd3tUjsaiemMCr1vlWhkA0Vc1r94GxnX7AUJPA,Perfect!,5,1,3.1.0,2016-10-24 20:59:57,,
