reviewId,userName,userImage,content,score,thumbsUpCount,reviewCreatedVersion,at,replyContent,repliedAt
gp:AOqpTOHUroAFydYCmva4LUAbmDyjLUdOMw5ZG_es-OFmIJClsO_hPTQGgn7NvUdLmFipGRmZIgH-X7tS9Vel6Tk,S,https://play-lh.googleusercontent.com/-sIHtg97pWhY/AAAAAAAAAAI/AAAAAAAAAEU/AMZuuckYiXdY4A5fhvvZpEzsjs0BAZ5nhA/photo.jpg,"Doesnt work, wont open/login",1,0,1.9,2021-02-06 09:49:15,The app works perfectly fine in regards to logging in. It must be the way you have setup your ombi server. Please feel free to reach out if you need assistance.,2021-02-06 10:50:32
gp:AOqpTOFQHKC7wjXnLgLvoN8fAM4v0dOLQnnV0eBxw6RjFUEF-6yJLIzCpfsYYXJqHKX8EoOHW2eO0fPbWMbnDkw,Shuree Dawn,https://play-lh.googleusercontent.com/a-/AOh14Gi5p4V4p0ZKRznknMI6GGM5hSSCjunjiHXD5jIKMfM,Great,5,0,1.9,2021-01-16 19:37:37,,
gp:AOqpTOEyObOVeczQOtOLo2pYYLKXcht5_P_aHLj-JKlCtgqxjs7LB5_pbHzzmo2S9M0NfF_A60WhEQvswt2UPTw,David G,https://play-lh.googleusercontent.com/-pc7VJfDSvho/AAAAAAAAAAI/AAAAAAAAAAA/AMZuuckC8gxUIeO89JCb-auskM14ldwQ_g/photo.jpg,Ombi was a great addition to my Plex server. The Ombi's mobile app makes it use easier to add more requests to my list.,5,0,1.9,2021-01-16 16:59:59,,
gp:AOqpTOE2W8mmLDYVkD2OcVeMwPscGwjMvBe9WOCztao9odWZeXZ8aOMgVXVD6nyqd_Vhb4EpPE5tWbXFN-86TAU,Keith Mills,https://play-lh.googleusercontent.com/a-/AOh14GhGLRfiA2B87zyhFWeSh6gnt7UfYVvGAjnxAfobNw,Did not work with current version. Will try again at a later date.,1,0,,2021-01-13 18:31:28,,
gp:AOqpTOFm5ol76miWpw9AbQ9Fc3D7VPnooziydZ2ScWcLK2TNN5iVmGZ_rVCd480iY8iOTa4rP_RBwLXShH_xMbQ,Amanda Bell,https://play-lh.googleusercontent.com/a-/AOh14GhCt7YMR8x4myAdOsG1dh9_3I_6xUQVy_MqM1AOZQ,Its not working. When I first got the app it worked fine with no issues now it will not do anything at all,1,0,1.9,2021-01-07 15:01:34,We are sorry that our app does not work on your device. Can you give us more details about your issue or contact us at tidusjar@gmail.com? We will try to solve your problem.,2021-01-06 12:19:13
gp:AOqpTOE6sp-Eodl4M__DCn2cjEMXPmBWb9Vtn3oucIA-7JmStLsRxr1MjUrQ8xuBhVMPn3L32vtfzxcMWsSNX2U,Russell VanDine,https://play-lh.googleusercontent.com/a-/AOh14Gi_wjB0whE6Fong2wJBH29XbFCXG3eI81j99ogfKlM,"Lackluster at best. No updates in ages. What's the point in the admin upgrade if there's no admin features? Love Ombi, but this is the worst $4 of my life.",3,0,1.9,2021-01-07 03:10:18,The app is currently going through a rewrite the same time I am working on Ombi V4. If you are already running Ombi v4 then I suggest you join the beta on this app. There are a lot more admin features in the beta app.,2021-01-07 04:03:48
gp:AOqpTOH_5s7AFA84f--vS6UUbOzp8x2TiNWa_LPBYumTGhQBtN1jR5kTtSYYowN_I0uQgM1Hlaa76AORE_DwK0A,David Yeates,https://play-lh.googleusercontent.com/a-/AOh14GgVAGhNSVqtLfUenBcrcT3jsRepiPCr4yTpIUd8Ww,"The user experience is fine. The UI is perfectly functional. Some of the UI looks great while other parts look lazy. For instance. The buttons are just colored text with boxes. I notifications work well and that's the main reason I bought the app, however some of the admin functions where hidden behind a $5 upgrade. I felt that was a little dishonest, and when I unlocked the admin upgrade, I didn't even get access to most of the admin features. I would give a 1 star to the admin upgrade.",3,2,1.9,2020-12-30 13:43:32,"If you are using V4, please press the join beta button on the Play Store page, you should see a massive improvement on the app",2020-12-30 14:56:14
gp:AOqpTOGAxelhoPb6O7JvOsBvdOu9Drx0_D2SMk9UwsU4BPZXpQYa0SWSoL4g6TvM4CzlCsLcEx4-_cFEq0T0_U0,James Levac,https://play-lh.googleusercontent.com/a-/AOh14GgcLGM2PiUNzCoefBmB5oohfTTgaKV_0Kcs6vR5GmA,Seems like a work in progress? What did i pay $5.49 as an in app purchase for exactly? I don't see anything different.,2,1,1.9,2020-11-24 18:57:08,"The app is currently going through a rewrite, if you want to be included please let me know @ tidusjar@gmail.com, you will need to be running v4 server for this.~ The in app purchase is for the admin, this then allows user management (in new version), managing requests and much more coming (inc. changing settings etc)",2020-11-25 00:27:48
gp:AOqpTOHMAGiQnkVet4SRlBuywhmhdj5a5N3y9qdMI9bwhnooKU7vdECi-n9s2_U5W0FXLLnr5VPAyy5DQHNwVno,Ryan Macdonald,https://play-lh.googleusercontent.com/-BQR4ww8KfSs/AAAAAAAAAAI/AAAAAAAAAAA/AMZuucml0Q2cOaA52MJ2l9OScSIBeHEA0w/photo.jpg,App for the most part works. Suggestions do not work with Ombi v4 and the setting page is completely blank. Requesting and notifications seem to work fine.,2,6,1.9,2020-11-20 18:19:37,There is a new rewrite of the app going through beta testing currently. If you want to be involved let me know tidusjar@gmail.com,2020-11-20 23:32:35
gp:AOqpTOFwdXJf9xekCX-kih3dK3yQkQJZ-JcLsVlVDu4YdaXe6s7DyzfyVTnn6vsx-690j0nuklxDmiKrnb3JmwQ,Anthony Harvey,https://play-lh.googleusercontent.com/a-/AOh14GjgC29vlw7ngJT5o3F69LKgkZFg-L8mnlaQcoqH2A,Requires payment twice. Once for this app and another $4 to enable admin features (like approving requests).,1,17,1.9,2020-11-07 08:17:20,,
gp:AOqpTOGeVO8-qjbgZQI9JAvpyQG60drU6dv-AUOYlt2Gvlo1fxTWnzUJQGWpQgrQf6Eo9fjkwRyiPgXrl5QjXoY,Jason Sturgeon,https://play-lh.googleusercontent.com/a-/AOh14GhdpjUtpTsqtwP8SsNsbJNDRZpy-KhsVS6UllOW,So you charge $1 for the app which gives same option as the webpage and then charge another $3.99 for admin abilities for app which the webpage gives for free? I'll stick with the webpage.,1,1,1.9,2020-11-01 09:06:12,The app is completely optional and is not required and the ombi website will always support mobile devices. You could have looked at this as an appreciation to myself who has created this free software in my free time for your consumption. No one has forced you to use the app. Sorry if this has upset you.,2020-11-03 00:09:24
gp:AOqpTOE8nB24wArIKcAsqFaXPegSGmu9CNU2QZKhm4HgbBaE3SdST8bd89nl3B0ZdfQD7bU1QVbVLBUqbFIuYO0,Adrian Li,https://play-lh.googleusercontent.com/-6GzAGE2iNCQ/AAAAAAAAAAI/AAAAAAAAAAA/AMZuucko0gCJtSyNJ817iXRU2sKYr3Be-g/photo.jpg,"It's cool that I can use Ombi from my phone. The app has pretty much everything the webUI version does so it gets the basics very right. But generally, the mobile experience feels a bit clunky and not very intuitive.",4,7,1.9,2020-09-28 02:51:21,"Thanks for the review, the app is currently going through a re-write and has completly been reworked and the feedback so far has been amazing. If you want to be included in this please drop me an email @ tidusjar@gmail.com",2020-09-28 02:54:19
gp:AOqpTOFiEYFKgMS0WaRl7BiWBZTp6q4BTnrGu9U-S-mzzA52b8N6uv4PLOq3FGJBfh0NDVN01b7QXc-q6k8nUGM,Jon Lee,https://play-lh.googleusercontent.com/a-/AOh14Gi8FGM8flhwsA54LROoNGBE5ScO_gcJvYTEAVwp,Love the app and works just as expected. Thanks so much for the hard work and development of this app! Makes life much easier to approve requests through the notification,5,5,1.9,2020-08-08 06:11:45,,
gp:AOqpTOGs9PO1FbF45hOeolfq7i6OuU5-OklB3DWm38tsdaExCGuI2Ie6Kjp803v2Bea1tAzn9Z5E_n8ybtonR4A,konsumer,https://play-lh.googleusercontent.com/a-/AOh14Gg-HTxeLCqVY1JVB_a4Djj3lJFyVKr_Xo4nfyWp,Where do I begin.. It's a mess of half-ass lazy coding that breaks when you touch it.,1,0,,2020-08-06 07:42:47,"Thanks for the review, the app is currently going under a heavy rewrite, I'm happy to enrol you into the beta so you can see the mass of improvements I have made.",2020-08-06 08:00:03
gp:AOqpTOF1aVqoz679AsGKFf7eQkgfc6vwCHc_2ZwLq0BinkDEY4bl9pKeQthZZnex586lbcp-WSmDg9RGTf2uo6I,Stefan Kolmann,https://play-lh.googleusercontent.com/a-/AOh14GjgkSGH-OsY-5TmnlUCfFMlczEF6OBoPlAWIS6vkg,best ombi very good,5,0,1.9,2020-07-12 08:57:53,,
gp:AOqpTOHMuXIrVxxsub2-Ld4kKWBHEehvlyUeDWmc9sVJqGwcgsbwZRyWDD743n8weDk90Bjz3lvazYiHeyDynlQ,Stavros Servas,https://play-lh.googleusercontent.com/a-/AOh14GjJHGLADn6LeOrBC-w08TJ1LURICdA5kdVtrYAtQw,App doesn't seem to work. Can I get a refund?,1,0,1.9,2020-07-08 05:08:13,"You can refund via the app store, 99% of issues are setup issues. If you cannot work out how to setup the app please contact me directly and I can assist",2020-07-08 06:26:15
gp:AOqpTOEXaBnqYZ4zwDcmayxZT3z4895aHR0GQCaKaHsSp9L8FZatT2SPKSAOPrYWHmurC465rHTQIVmWJwuhRXQ,Michal Kuzak,https://play-lh.googleusercontent.com/a-/AOh14Gjuf8rww77-IgwFQ6RgkuSPNBEsQnu-OUWf9E56LA,"can't change the suggestion tab in the app, looks like a bug.",3,1,1.9,2020-06-23 01:46:52,,
gp:AOqpTOEckLJNmPXGOxn88YO8hNHEyGwE3dHkYHtMds6yS2WlbrB7BGXZxIGsV5cXcTmZMoDHuOUBj4AWc-rsJOU,James Morley,https://play-lh.googleusercontent.com/a-/AOh14GgnSdWwvj_2cPSl9tAzbSO2mc5cnBhKJ0WOEw_etA,"App doesn't allow plex login, which I and all users use to login. Will be refunding until this is available",1,0,1.9,2020-06-14 02:13:41,"Hi, it does allow Plex users to login, just enter the Plex username and password. It currently does not support Plex OAuth, but that is coming with v4 of ombi and the app",2020-06-14 04:03:16
gp:AOqpTOFcO0t70h5ppgzOFvoyQkTzuTlIucgD7gkNV0I4bGNHvjtv_1IORSNcwZgfgWCmWRNiZlFIwzg5Z0_i3dI,Ricky Frampton,https://play-lh.googleusercontent.com/a-/AOh14GiwzI-Z7WVUtj2ynrehgDct7iI-ROGJcQJULWrfnw,Why even use the app? The website is much better than the app... Even on mobile. That should never be the case.. Lots of things are missing and the overall feel of the app is very poor... Room for improvement...,2,17,1.9,2020-06-06 21:19:04,The app is currently going through a rewrite that will add a lot more functionality and look a lot better.,2020-06-07 12:53:05
gp:AOqpTOE9iucW3Zmy4AKdvrctnB3Z9IkPOzeu-shjXv5Wv-mCSzNjUBmBNMWyo4As2fW2gbbRQkLQjVu_DXHTG1A,Brian Hansen,https://play-lh.googleusercontent.com/a-/AOh14Gh2bLPYWX0WbwFbaCT6EpYAgnVzw-03MWrkxyQVUgE,Unable to login as a Plex login user.,1,0,,2020-06-04 12:31:31,"The app currently does not support the Plex OAuth flow. That is coming, but you still can log in using the Plex username and password like you can on the website.",2020-06-04 14:29:43
gp:AOqpTOFIyBZ-yoMh7ViKD11uOrejUBF3GU2L-gx4wyeJ5IQIo3zwrqju_-W2_Uyfgd78c205v4YToi7rEJqqH6w,Derek Lyles,https://play-lh.googleusercontent.com/-guhumY9IQSI/AAAAAAAAAAI/AAAAAAAAAAA/AMZuucnuD87vuo1ssaEZgyCbWW9m8OqoUw/photo.jpg,Buought the app but still requires in app purchases to make admin changes. It probably wouldn't have been a problem if the cost was made upfront.,1,10,1.9,2020-05-27 18:27:46,,
gp:AOqpTOH_U9hgdfSBZzu-kMexW2WYDd3--LyGjq680oucAOS1IUyLSLmszwC2TVqesOVNMPHBuLlNF7ry6QbWpAU,Chris DeFelice,https://play-lh.googleusercontent.com/a-/AOh14Ggt3OAyiaeCV_mQB85jGC_jsa9BmQNQijAHlZ598w,"3 stars out of 5 because the app doesn't sync like the website. Content that is available doesn't show as available unless I manually request it and mark it as available. Also, I can't enable notifications. I've paid for the full version but when I tap the button to enable notifications nothing happens and it still shows that notifications are off.",3,18,1.9,2020-04-28 20:38:07,,
gp:AOqpTOHtjNOCnRwBKfIlPqwxrjVd3Uek46-mzuqVLJrYMx0tHjvPk1QCjIGkvxlPMnhBdx0Uxm0qS56jKY8Jd3M,SilverSurfer,https://play-lh.googleusercontent.com/-hG9NKpRrvHk/AAAAAAAAAAI/AAAAAAAAAUo/AMZuucmQdIei_7UH7h2N4zaAfBlvlckxUA/photo.jpg,"Only works on wifi (any home wifi). Wont work on cell data. I know my forwards are set up right, as the web version is accessible on wifi and cell data. Why doesn't the app work on cell data?",2,7,1.9,2020-04-28 17:22:56,,
gp:AOqpTOETUuVDJB3Eg_PXrP-vKh8PVRwdXVrvDNVwA79dgWDTNuWWAQj3QEjlIJccGMKC13WK8Xkp_XLHf07Itek,First Last,https://play-lh.googleusercontent.com/a-/AOh14Giftdc7hcjGxRv18CZirjQg9BMKxgWqW4-uncKhBlM,"Seriously? Charge for the app and then more money to allow me to approve requests? Naw, I'm good. If you would just charge a single price I would have paid for it but sneaking that in? Nope.",1,6,,2020-04-23 20:14:27,,
gp:AOqpTOFdTQED3Foh2kjWCVClA8XGxBw1ML9CULZF67AcQvFQXsjymGLofbUTUI1K4ygLXaTKCOR8hii-n33xXkg,Anthony Loughren,https://play-lh.googleusercontent.com/-JBSbJ3gBLYE/AAAAAAAAAAI/AAAAAAAAAAA/AMZuucnqm_wdK1aiHMIxHeGJY0_AzBTcpQ/photo.jpg,AWESOME,5,0,1.9,2020-04-23 00:56:11,,
gp:AOqpTOGpAoPrCUFN2wurGeGoY5CGB3wxHDaRKXKT96pIZS9UVFS2hrfDUtacMwNRu6r1T7wU8cRKkEWIJgOGyUI,Vishnu Jyothi,https://play-lh.googleusercontent.com/a-/AOh14GgsPM_VMmB29q-l6hXP7oCOWu9syS4BbSE36Ey94xs,"Really Handy one , if you fancy adding to the Torrent queue one the go!!",5,0,1.9,2020-04-12 10:11:05,,
gp:AOqpTOFNj1QUJbiNi71xKeE0d1F-zaxbRsbmuntrjZN2wB7R8EzTlaMSCX6pitMXCFUlpSbYLERafs2zb7khBWM,Anthony Biagi,https://play-lh.googleusercontent.com/a-/AOh14GhwWaZ0q8xkv7-e3oyhAivOMLPHKyWD3j22upBCfg,Good but only for very basic features. Can't change root directory from app which is a pain.,3,2,1.9,2020-04-04 09:25:05,"Hey, I'm currently rewriting the app to fit in with the new v4 ombi. It's still a work in progress but it has allowed me to easily expand on the new UI to include all of these extra functionalities. Thanks!",2020-04-04 09:34:02
gp:AOqpTOFUPsysAEO0Pu2JQrCeDhs8gdQQAs1vnzg7Ffio9hbZJgQbdhi5poG-vDkWfCx8ytPGP6QuvxMyukhdRj8,Steve Mosser,https://play-lh.googleusercontent.com/a-/AOh14GjVqJNcTvTep1OzbxPbeyxKTYiNnxX5-taPGK83Yw,I'm telling you right now this is the best spice ever used. So easier on sys admins like me. Donate .now it literally changed my life and saved me so much time. Thanks allot,5,1,1.9,2020-03-27 11:10:36,,
gp:AOqpTOECvcpxEpB8t7niEe1I78aAi7lhZCuIEiA4g_o0nFL6osjqFNdDVz6OrYpLmYY0eM1QU3MkEvQZYclZmo8,David Vincent Larsson,https://play-lh.googleusercontent.com/a-/AOh14GhDjVf6bd9Eg644WXYUdzvtDqwdnYQBIH6G64hgrQ,"Purchased this app to be able to disable email notifications. The whole point was to approve request by push notifications. Now they've changed the licensing model, removed approvals after purchase and approvals now COST AN ADDITIONAL ~5USD!!! This was done without any form of prior contact with existing customers. Beware that they may remove your premium functionality without notice are purchase",1,28,1.9,2020-03-08 11:57:26,"Hi,
This has been the licensing model since day 1...",2020-03-08 11:58:38
gp:AOqpTOGrOEFaDPSViWfueyyLFK22RHjYw78pIX5qbZ_ZrEgRtS9FsrMWerOlF2oYNpIHXU_Yj3GHkVX-Hyd5iN8,Thoulow,https://play-lh.googleusercontent.com/-kmnc6ZyDX64/AAAAAAAAAAI/AAAAAAAAAAA/AMZuuclJLaZqMLqGvs44GRVUhort2l_pHQ/photo.jpg,"So far so good... upgraded to v4, and not able to log in now... is the app not compatible with v4 yet?",5,1,1.9,2020-03-02 07:48:39,"Hi! It should be compatible but I've not tested it yet myself. A new rewritten app is coming soon that fits in with the v4 style and theme, but please can you raise a bug on github regarding it not working with v4? 
https://github.com/tidusjar/Ombi/issues/new?assignees=&labels=&template=bug_report.md&title=",2020-03-02 07:29:08
gp:AOqpTOHDbIYadpm7bbH3pOZW1baUayYykbxr5uRpyQZSbEsTBC-5uh_Xb2Vpn0XtLU34gvPUyLrJVxgVInUsL3g,Christopher Cameron,https://play-lh.googleusercontent.com/a-/AOh14GgYz4ZNMPE1wybxkF6ObzOZ2p9-PsaXwOlmhsjD,Still needs $4 as an in-app purchase to be useful,1,3,1.9,2020-02-24 18:08:23,"Not at all. Without the in app purchase guy still get push notifications, still have the ability to request etc.",2020-02-24 23:43:37
gp:AOqpTOFyxA5vEEYKxkrh3zfDtQsXbzdfJkyRQpU_jr3Ms0PQz89feN0ENWd_biVvTZXN3WMYJc4PspacqqsCEkk,Jonathan Rose,https://play-lh.googleusercontent.com/a-/AOh14Ghwy8kAzrqkMY-P3FqcPaIBNy1_VIrL7PWkZ-6CYyg,"Needs better integration with Plex (e.g. when logging in, when choosing view on Plex, etc)",3,1,1.9,2020-02-14 09:13:29,,
gp:AOqpTOEVLwh9j1PQTQWpvKqnpIIDfNcgrLTtad2qSJiZVJb6OFEEzzMpsijhX-PNX_rRLapn7q28uGTgYGQdp4E,Daniel Bisgaard,https://play-lh.googleusercontent.com/a-/AOh14Gi-Pcg8kMpLHBtlmZM9jtDL9dMk1PS_xnpPHwd0uWY,"Very basic, but still does it job. I would love to see a combo with tautulli",4,1,1.9,2020-01-20 08:23:34,,
gp:AOqpTOFZ27vHquk7NZcrKJnn7sNeJOV4FDLVnRn7_PLk6EFPlzzYr6x05sMJrbyDCBZKBBHPByWBJzJ3igLLGd4,AE B,https://play-lh.googleusercontent.com/a-/AOh14GhXh_m1yhZYXsnS78h3FW4ClAS28sxh_nr8wGy2BA,"Can't Log-in. All info is correct, domain, user name, pw. I would like this app to work but it's not. I would like a refund if this functionality doesn't improve. Samsung S7 with up to date operating system.",1,9,1.9,2020-01-14 15:11:39,99% of these issue is the way Ombi server is setup. Please feel free to jump on discord and I can help you out with the configuration.,2020-02-02 10:25:01
gp:AOqpTOGsHUNs45MRkQc1nquasHtT6F8reCIL39GTxl_To2MDdI08g8A5maweLfIIDEujp5CTRuVbwZIyeQKg3lY,Haku Nippon,https://play-lh.googleusercontent.com/a-/AOh14GiqqbvHnKfEVf3DGAuYkNkADb_1AeIY4utQ2hhBDA,The never log into the Ombi account. Sucks.,2,1,1.9,2020-01-11 02:51:04,,
gp:AOqpTOH0juJHCEiGtvVN4x4HMG__CiozOY7p0rFgjMxhNX3YZ7COm4IHvwleVolYgAolYjUf5Rzeue-wPwtdLaM,Joel Rader,https://play-lh.googleusercontent.com/a-/AOh14GgJZDP4D-POfpMYAufN1ArNN_7kjOq_7-R66eC1Gw,Broken. App freezes after a request is submitted.,3,1,,2020-01-09 03:52:03,,
gp:AOqpTOGRFRr-jxnO8eLLQ8LSbIFKKXKq5ZtU_i5QO0JtKk_9JL-3rJd6XMysw5JONPh3fEPcldczesxo7qQ1R3U,Alan P,https://play-lh.googleusercontent.com/a-/AOh14Ggl8dvWt8rqVprdYaV5IEqowvNxqDVUw3VcHvPsIKg,Notifications just stopped working...I have notifications turned on for this app...,1,0,1.9,2019-12-30 15:57:07,,
gp:AOqpTOHGljabUwO5cGuIVj7C-nE2lm9w25YPkGWTyAMyDqHT2DmRxVyUk4syP47V44tV1tQczSnFlnm4JMSWImg,Clinton Pearce,https://play-lh.googleusercontent.com/a-/AOh14GhN4pvlz9LKgI3UxK5kPTNjOfTNVCnaD_EVsAlj1kQ,Can't log in,2,0,,2019-12-30 11:12:00,,
gp:AOqpTOGfGExoiHUU_ZNofjBhfTYp2Mp_xkpEzIDC-s8O-rGNPrM4edZTO4hE3XdxtGk4WZhCtPJUhBtYh7ul5Tw,DUDDYX5,https://play-lh.googleusercontent.com/a-/AOh14GjcTLJiJixZso9Wey0IbIupGfUtgghMHnQuzCUB-Q,Great app little buggy but works,5,0,1.9,2019-12-03 20:37:41,,
gp:AOqpTOGKF9-o4nk4onnWdgDFxCMPhvkLNvxqOC3SYd6aZFtcOiVCt6i_C6ZcuqdKmsANYm7F0WbwyQJ2ZiWB2xI,Pete Wolfinger,https://play-lh.googleusercontent.com/a-/AOh14Gjl5ssQptuMbvEzV00-RqTBbEe23pYxpjT9x2Ycvw,"Could not sign in through the app no matter how much troubleshooting we did, but the mobile site works fine. Save your money and just use the website!",1,6,1.9,2019-11-18 11:49:42,,
gp:AOqpTOG3JpzGTftnacyKUqcMmtZByzicCwET8rbVQc7uFFAgJJhpZno7rM6WP25sSRqapF-ashRFFrxERdEeZjg,Troy W,https://play-lh.googleusercontent.com/a-/AOh14GjkkD2dtxJFjRfQ3Wh1Kr3LvAZ1cZ9t2RYm-nRjzA,"Works but like all the ombi apps, missing the ability to override the quality profile and destination directory. These make almost all ombi apps useless to me if I have to keep fixing downloads of movies I to the kids directory after added to Sonarr or use the website for all approvals.",3,10,1.9,2019-10-28 11:32:05,,
gp:AOqpTOHYjn7pRXslC1f9gEkAD3P8qw1x0nYL0348fFJtEI0S8EDliV_sdXD2eMSXlZXmb27oyuzVYQ9PGNiiE8k,Christopher Ortman,https://play-lh.googleusercontent.com/a-/AOh14GhpeyfKyMyabouqZSvgK1c1Q1ZJKlbrtk_ZeVgpOg,"Didn't really need this, but love Ombi so bought it to support. It does make mobile easier to work rather than using browser. Keep up the good work.",5,6,1.9,2019-10-27 07:14:28,,
gp:AOqpTOELz2z_M8NYlTP1y9KIU-cc8q65Cih6InARf1_nzTxabwMrM0DZvRdRjpFk9fCvgWV0T-LvwHtVFpqUjR8,Niels D,https://play-lh.googleusercontent.com/a-/AOh14GjopH9DXntWOlLpFsapXnc8xszIZLRI1U-odjsouA,Thanks for this app been a happy user of Ombi for well over a year now purchasing these features is the least I can do smooth app!,5,2,1.9,2019-09-04 00:58:38,,
gp:AOqpTOEO1Qq_UeEey0N6wUZHlL8oMX8_zT1utaDBLXlHa2mOrvoguvXrR_PMXkPzI50paCNE2AmApv6VUMqi-lU,Luke,https://play-lh.googleusercontent.com/a-/AOh14Ggy5-xuFvEBjqAG61pEW7FkPqgJcQK3MgUSCFopH9Y,"I can't enable notifications. It just spins and nothing and stays ""False."" Works fine on iPhone though. edit: Not fixed for me. I have a p10 plus running custom firmware if that matters.",2,1,1.9,2019-08-05 22:35:25,We have fixed this issue in the latest release.,2019-07-18 00:31:14
gp:AOqpTOER0nxYu8iwriJMINuoYSML-9Xa1pNqIg3pdRe7XHVUKWpkOzzhuuN62WxWQ61dSz3x3Qs-0qB5DLwNv3A,A Google user,https://play-lh.googleusercontent.com/EGemoI2NTXmTsBVtJqk8jxF9rh8ApRWfsIMQSt2uE4OcpQqbFu7f7NbTK05lx80nuSijCz7sc3a277R67g,"Peoole complaining about this app either have no idea how to set it up or don't bother troubleshooting. Rather than rating it down, join the Discord and ask for help. This app works great and I love that you can toggle ""Family Library"" on it so I can share it with my family.",5,4,1.9,2019-07-18 06:18:53,,
gp:AOqpTOEeuwdPUy4qLBO1jxuvMtTEq1WoGLxQntzIJzsR6o2k2l0mrKDezRYIEpkXlpZuRxiofb7gWHXudaoe-20,Jim Smith,https://play-lh.googleusercontent.com/-Pk7WM1xbHpI/AAAAAAAAAAI/AAAAAAAARv0/AMZuucliQvDhniaeOCSYNObE_vniMDzx4Q/photo.jpg,"Am i mistaken or did i pay for this pre-beta quality app, to be told that i need to pay more to use 'admin' features? Other than that, the gui is ugly and pretty user unfriendly.",1,14,1.8,2019-07-05 13:25:21,,
gp:AOqpTOFG7wyQV4tVtQNKTcRnMrwqqVVytP39NzlKKxJuy8EEUUczkjOPTBLvAMXqpTeCm4nM8GLUtranJ9ELVxU,Paarth Shah,https://play-lh.googleusercontent.com/a-/AOh14GidEpenDJykgZoYIJ9jSxMgMELdGwHTI8W80BOa0Q,"Does its job pretty well for the most part, but the UI is pretty awful compared to the web app, and there are so many grammar errors everywhere that it's becoming unusable.",2,3,1.8,2019-06-30 01:10:09,"Hi, we are always looking to improve the experience for our users, and really appreciate the feedback. If there is anything specific we can look into, please contact us at tidusjar@gmail.com.",2019-07-18 00:30:06
gp:AOqpTOFRdNYVOzwYvjZ4gLvM_CBVJYVoWFfN7Axt7cnwmAstc-remjJLIb0nkSV46JTI3We2ant7-4BxIKKo6Eo,Abraham Hoogendoorn,https://play-lh.googleusercontent.com/a-/AOh14Gjj6DgJDSoeGmOZgdJjGQ95zYG0Fu9P4n9nMu0oYJo,Connecting to the server is a but odd.,4,0,1.8,2019-06-19 19:57:34,,
gp:AOqpTOHPcntO-Y3rfyPzDvKP2xJovR9frGyBg8mTNTNZOeM6yc-4jmDUxpjnB_58vkatu3kCawv794YEgtuZ8xM,Dex Deadly,https://play-lh.googleusercontent.com/a-/AOh14Ggqc0bg4wuKDiEY-tDYbZFERwCmwcRLfjLnWKk5t6U,The app works well. However there are text changes and icons thst you can't see since they are black on dark Grey. The extra for admin features seems a bit much especially at the price it is. It functions but needs polished and also needs music added.,3,2,1.8,2019-06-11 13:08:56,Music has been added in the latest update.,2019-07-18 00:30:35
gp:AOqpTOFjqsoWoXdCL961UoxvlsiLI7bAlC_Mp2HHgExFj187DpR43x-XmR3JS5aJETg2Xs4f_5ONsUk-waEQWX0,Chad Blose,https://play-lh.googleusercontent.com/a-/AOh14GgJZpnaXRMmmAp9ph0dzISy9Eau-kc-4aDdBwKd7bY,Didint realize this paid app needed an IAP too. Not refined enough yet to justify the price.,2,3,1.8,2019-06-08 10:57:45,,
gp:AOqpTOFQaeI6NaNnHFougUUzdZQ5Z4E_Nmw5xMUFbBPwyo-XRzJ2Ne-7F0i0MlK4Yn-KpFOf_yGlDJknlgMmPDc,Cody Lusk,https://play-lh.googleusercontent.com/a-/AOh14GggoFh4wUw9BgQpRBtK4zXmBticgiFCaApimXUieg,"I was more than happy to donate a few dollars for Ombi development, but didn't expect this cash grab. $1.40 (CAD) just to see requests, and another $5.50 just to approve them? The app is not refined enough to be worth it. Can't support any app that uses a ""Pay to get it, pay more to use it"" scheme. If you're going to charge more, the base app should be free. Not 2 charges. I didn't see mention of the second charge for ""Admin"" features in the description. Refunded.",3,40,1.8,2019-06-04 20:16:11,,
gp:AOqpTOF6OoksOzkeEwiHwwHEhx1fLwHu_tzvw8M26R9_yzZaGpBFZpdxL4Y69smN-mNL2xrAnlV0HoglE7Zdbw8,Alex L,https://play-lh.googleusercontent.com/a-/AOh14GiglqHoVjfy6II952nhZ64qntamblKNFbID18FgsQ,"It's basic, but it works. Thanks!",4,0,1.8,2019-05-04 15:30:36,,
gp:AOqpTOG0-QwxKpGpS_K3QmvU_cPFntfWzf1o1KNlq34JAeTC6xDbMHAsz_osmlppNPwyHSzmedlcVILwkZnCe24,Oscar Estrada,https://play-lh.googleusercontent.com/-fiMRG_iGo_M/AAAAAAAAAAI/AAAAAAAAAAA/AMZuucknqyxrKvM4Ua3FqzgQvvvQ1drUBA/photo.jpg,Does not work nothing shows but a black screen,1,2,1.8,2019-04-13 21:15:12,,
gp:AOqpTOFN7Am-mbL1_bC6IZwNwilQadM5d_Xb2gtWPJcZFRXxrwRkTJTSFoht6r924v3EBrW9eHApYgosweqW0vE,Raynard Coates,https://play-lh.googleusercontent.com/a-/AOh14Ggk55uvXAoL5-gzUxQ6R6d-q5pq7qQ_lRjeo0kBuw,"5 stars had an issue with admin functions but it fixed itself when I restored purchases, the dev was more than willing to help if needed, excellent app and takes the hassle out of requests from family members, highly recommended app",5,5,1.8,2019-04-07 12:27:13,Hey jump on discord and I'll help you out with that.,2019-04-07 11:03:00
gp:AOqpTOFgkKgVVL4IcW6x9V0eeHbGJ47KUAzYEjrIty_xDnljAy1WUPd7j-U_5BKnP57jaq1qFvSddKyja54gnSU,Michal Aron,https://play-lh.googleusercontent.com/a-/AOh14GhjqjLZ0_qFm9KvTV6CEKEEcN0KEnKF-LkM7ot2Fw,"SCAM! Don't ever pay for premium.. app is very buggy, doesn't search for movies properly.. suggestions don't work. For the money expected support for lidarr (music) and is missing.. wrote author and it's been months and still nothing.. use web instead!  EDIT: So explain me then why I have no issues whatsoever through the web app? Anyway if you ask for the money I expect your app to get corresponding attention. 1) The app shell looks very amateur and it hasn't changed from the beginning.. 2) If you are still in the process of developing it, don't whimper for the money. We are your testers at the end ;) 3) If there are missing features, call this beta so it is obvious for the users.",1,8,1.8,2019-04-05 02:54:58,"Update: The 99% of the time the issue is that the server is not correctly configured to talk outside your network via the API. The web app might work correctly in this scenario. Usually down to a reverse proxy issue.Thanks for the rest of the feedback. I'd be happy to refund you, please contact me @ tidusjar@gmail.com",2019-04-05 03:03:32
gp:AOqpTOHhQ9naNS0xpISgQZ5t6RMzGNY7dGK_P511D2aLIOQDOeHkNDFKY582KHYUZmW46yXaN7R8nvlC5swVquw,Andy Koval,https://play-lh.googleusercontent.com/-FibsNZEQEU8/AAAAAAAAAAI/AAAAAAAAJb0/AMZuucm_GlLlth_TeUeHCvyRxMNSLIKZIQ/photo.jpg,"I would really like to see the ability to change the folder path when approving requests. purchsed this with auther reposes mention new features to be added and still have not seen any. it has been months. i still have to use the website to approve requests properly. dont wast your money.  Dev's response:  TidusJarApril 1, 2019 Correct, this feature is planned. Currently I am working on Ombi V4, the new UI that will be out soon. Then I'll be reworking a lot of the app. But thanks for the review that only comments on missing planned functionality.  Edit: Apparently the dev likes to make snide comments so let me explain this in much more detail. i have owned the app for 4 months now and there has not been a SINGLE feature update. The app is slow and clunky so it is much easier to use the website. There is no communication when you reach out to the dev with issues/feature requests until you give him a crappy review. So again, i repeat myself. DO NOT WASTE YOUR MONEY. especially on the admin features because they are utterly useless.",1,5,1.8,2019-04-01 05:44:54,"Correct, this feature is planned. Currently I am working on Ombi V4, the new UI that will be out soon. Then I'll be reworking a lot of the app. But thanks for the review that only comments on missing planned functionality.",2019-04-01 05:37:25
gp:AOqpTOEsrOHcN_NHTavaBr0jQ_zwqRMhIpc8CMnxdTCAjzivyardvdFOCcgtkG9eOvudfRmcI5sZHphgky3bLVE,Charlie B,https://play-lh.googleusercontent.com/a-/AOh14GjwdP33kE-1MhZWgPcoMrYSt83S6ZA68B9jtXyJ5w,Only thing missing for me is the ability for users to report issues. I have several options set up for reporting issues that work on the web app but not on mobile. Other than that the app works great.,4,2,1.8,2019-03-30 16:10:00,,
gp:AOqpTOET9nm-S96yXuLGFtzgexjAO2buzcFWzbafvtMiAIMctWaiq61zxUz87bcdGWaDwkC5CGkKFzSfNlfMYw4,Matt Stedjan,https://play-lh.googleusercontent.com/a-/AOh14Gj5aSQex6Oqb4P9JTX2H43ZW7R98QxfgFAxeZ1Tu6U,"great start! I get an error when attempting to request all tv seasons. works fine from mobile site. here is what i can see from the popup pane: Cannot deserialize the current JSON array (e.g. [1,2,3]) into type 'Ombi Mobile.Models. Ombi.V1.RequestResul...",4,1,1.8,2019-03-30 11:09:01,Hey! Can you raise an issue on GitHub and I'll take a look! The link is on the settings page within the app.,2019-03-30 12:42:25
gp:AOqpTOHm-zdyOrMIdLqGTnvRCM7CrN4ZZNyECZSpsWS3Hqym7av7bLDEtRawTGsFmwuNx7K2PT96lpx4_gUuvIc,Cortney Sauk,https://play-lh.googleusercontent.com/a-/AOh14Gi2SVbS2DrFD9t6wFlsE2YBw4YCvvUix-gQvd2Fd50,Doesn't even show me anything... All I can see are the search bar and the menu options. No content is ever shown. Waste of money unfortunately,1,2,1.8,2019-03-11 23:44:39,The problem will be that you haven't setup your ombi server correctly for the app to access it. Please feel free to hop on Discord so I can assist. Thanks,2019-03-11 23:47:17
gp:AOqpTOEmW_gq7bteFNlFbsuJDqy8h5_nm946jXho-L4VUbrN6UQS4Ob5Vv26srZtZz87kYa0PgefTXDU0l3_11M,Aqua Friend,https://play-lh.googleusercontent.com/a-/AOh14Gg_P2krm-jZ0kAVTKXo-960C0hVK81Yxc6b7LJwZpg,Great job dev! Great mobile app for Ombi admins and users.,5,0,1.8,2019-03-11 19:29:13,,
gp:AOqpTOGKq56raTRJXhhi_wse5oU0PEEDDboofkEomG8R8t8MwFlTz4lozXoUWJ-E5yXWMOunLQa2-UHNDdun9pQ,James,https://play-lh.googleusercontent.com/a-/AOh14GgcB5vGcqDpoPzz0Hi5MsdBtsNiWdumaZzMWZN1Cg,Pretty basic but does get the job done.,4,0,1.8,2019-03-08 01:27:06,,
gp:AOqpTOH6VLvsCErihicK4Ms99pyOCXuV4WawfJbhlMjlivsAtstzSBB_OmPRcuAXDc3LvT2PW9SNnU33FzZiOtE,Tristan Sitz,https://play-lh.googleusercontent.com/a-/AOh14GgpNXDfgUdllwy1FNDVI_VIbNRj1-fkIcYJrMPeGQ,"I never review apps, but this one is excellent. i dont mind purchasing additional features at all. With the work thats gone into this and the server I feel its totally worth it to support the developer that puts the time into Ombi so we can all enjoy it",5,1,1.8,2019-03-06 10:01:32,,
gp:AOqpTOHKjPpGOmJFRmGOXr3SdD7ePDVAuMUKY1feIoqwGqQZJ6tTpO2x2e56KXWGSUFBl6F0J7kRXd2E7ctLM4A,Luke Stracey,https://play-lh.googleusercontent.com/a-/AOh14GgTt7Q5Gu-uRKZAFcJIk9lOuL6l4RyfBsoPMCZChA,"Poor payment model. Admins are charged to be able to Administer Ombi, yet its because of the Admins that there is a reason for Users to use/buy the App.",4,2,1.8,2019-03-03 11:56:56,,
gp:AOqpTOFQc-H94erh0EQ9BNKRbSXSBQziehOjPDv3kG-Rw4bCMUoqocyXxAcSIa4bVoGzFJ-5gdvYzxF3IcaK6N8,Rafael Gil,https://play-lh.googleusercontent.com/a-/AOh14Gh_RLRf9-9WvowPkqJZ07nzA3aIXrbVYD-YZNBJuQM,it doesn't work. On Google Pixel at least. It says it's connected to the server but can't pull any movie,1,2,1.8,2019-02-28 17:57:42,This is probably since you don't have the Ombi sever setup correctly. Please feel free.to.jump on discord so we.csn help you.,2019-02-28 23:00:03
gp:AOqpTOHOb5gOrUVVSldRzzLn1otZJwwkD9HPPym0Kg2--p7JVccMZNIA1mZe350peNKbrgGv2IiS0GisOU_abyA,Farhan Ghani,https://play-lh.googleusercontent.com/a-/AOh14GgiNVi5MdP1KOzU1ZqIKzgOLth_uABEAHXDiXUSr-I,"Early days with this app, great for requesting and approving content",5,0,1.8,2019-02-25 03:10:50,Hey!  Request management is coming with the next release!,2018-06-20 09:25:29
gp:AOqpTOGH2BxdDhrJlCp_p7RHox5oQdbLdq8D9x7YjKxbeUV1XcQHSDp8z9PTzdVNKx4XsYiAGh8Kh1v1tdrlAVs,Patrick Nærvig Wøhlk,https://play-lh.googleusercontent.com/a-/AOh14GgF_DqSxszFmuUKYg0kGzaAUkJd9CdQUsH1vYYqtA,"Bought app, then you also need to buy admin. Useless",1,1,,2019-02-20 07:17:03,"It's not quite useless. You have the ability to search, request, view requests. Everything a regular user would want to do. But thanks for the feedback. TidusJar",2019-02-20 07:19:21
gp:AOqpTOEVnJH4yP-bwifvAg5OfaFyHOBYA3i0j6EtR86yYyfm3fgSe_3HRqw1IdRCGLZQ1iO9HNQFO7QsMnyk6Mk,Bruno Sousa,https://play-lh.googleusercontent.com/a-/AOh14GieBsdKSyjror2Vu4drkxTTzKHOcOx5AtP0tDE6PI8,"Needs refinement Mobile app is a far cry from the web app. No user management, TV library not showing despite showing on Web app. There's a whole host of other things missing and the interface definitely needs work. Once these are done I might review my score. Until then stay away and use the web app.",3,19,1.8,2019-02-18 08:33:51,,
gp:AOqpTOGNvFdyZAZymNqiDkJDWTH9R_8gRWmDR8wmLBupFpVeUDw-QtS2a_sW02201NtjB40sKZLl9DcmgxDlyqk,Blair Parton,https://play-lh.googleusercontent.com/a-/AOh14GjUVpUQIFRS9i4LonSMztcFHPwlrPOCVpDiM6kbug,"app works good, but $5.50 upgrade for admin capabilities on an app I've already paid for?? come on don't be cheap.",2,9,1.8,2019-02-13 03:19:35,,
gp:AOqpTOFGjK21VX7yKmfN9uD7FjSJV8uKWHBqbWPa8AgrEfIwnrCRl-MNhOc_3kWZBhJIn9GibEQtJW10TZGlqjI,George Wilkinson,https://play-lh.googleusercontent.com/a-/AOh14Giei2UnnTotZxEXGm6YLrAxwyAaVZwk5WVgjzzq,Did what you need it to do.,5,1,1.8,2019-02-11 13:04:47,,
gp:AOqpTOHdzvRm2rEpk1XumA5Q56GCjutUNmRu0vQicswXC4b6obiFs9c-iqVR65eKTRh_QGH3Xj6BPe2h5MPRN2Q,Paul Rutschky,https://play-lh.googleusercontent.com/a-/AOh14GgEbxJtY5y6t05EQGUPyaMbxFYbwFP0AtMeQlFkyw,"Great app. simple, let's me interface with my Ombi hosted app flawlessly.",5,0,1.8,2019-02-11 05:56:00,,
gp:AOqpTOHJVnsdrer4r74Dx3zz_r0f1EwrBMjlxb__fdigHSeJCfW6qSDJC8Xvx6RjwVo5XgRoMk12uYwdKYIzTD0,David Woods,https://play-lh.googleusercontent.com/a-/AOh14Gg1avUAsBra502c6G7AU0B7tb4oyysydUJLKAfCXQ,"It takes some work to get an ombi server setup, but once you do this app make accessing it so much easier.",5,4,1.8,2019-02-11 04:05:41,,
gp:AOqpTOFPMKlaInVS1gbBYY8p1iQDauvLu3fMdZ9l5fLPa15ZgTFOxExi_mZkjkzcZsODqNJ2ef6x4EzE7n3YF9Y,A Google user,https://play-lh.googleusercontent.com/EGemoI2NTXmTsBVtJqk8jxF9rh8ApRWfsIMQSt2uE4OcpQqbFu7f7NbTK05lx80nuSijCz7sc3a277R67g,the ui leaves a little to be desired but serves its purpose,4,0,1.8,2019-02-10 20:07:53,,
gp:AOqpTOEDZH3orydIUbgBXgTNOJJGmtIVBCT_43ZJ7tvvRy5VcKGcLsXccBu-GNX1cQQMfeLJtZzTS_UskHKiRks,Xuande,https://play-lh.googleusercontent.com/a-/AOh14GjKHmjo4DXyF4nTZ3iz2wG4WlYAQmXz15nsNZt-NQ,Amazing app. Love it!,5,1,1.8,2019-02-10 20:03:25,,
gp:AOqpTOE73UFMubX-j9GG-BVukC0f_VTGYiQw6LrJGx3kNjTcbq-5CNIvOv9hxTOBBsZ7zbzqQZsbKaR652Lcl3g,Rudolph Bistrovich,https://play-lh.googleusercontent.com/a-/AOh14GgGbC05k9Bi1PayjX6WIB5ZFGOANOgJPkZMbNR7ZX8,Very nice Tid!!,5,1,1.8,2019-02-10 19:02:02,,
gp:AOqpTOH9zKb0PCyLu2ltkr9g_5z2w8xpJBKH5L_lwp6II9NGnvAgDP-5er2dNWXcfZf5pJJRgn9jPHYnx-Yh1Gc,A Google user,https://play-lh.googleusercontent.com/EGemoI2NTXmTsBVtJqk8jxF9rh8ApRWfsIMQSt2uE4OcpQqbFu7f7NbTK05lx80nuSijCz7sc3a277R67g,Update: All working now. Notifications are sorted due to my DNS problems. Author helped on Discord! :) Unable to get notifications working even with the demo account. Pressing the enable notifications button does nothing after a brief pause. Tried reinstalling etc.,5,1,,2019-02-03 13:17:37,"You have possible not setup Ombi correctly. Feel free to go on discord and I will help you with this. 
Also the demo site will not send any notifications, I have disabled it on the demo.",2019-02-03 06:32:43
gp:AOqpTOHhivYnsVFrA5MW9-UzFSvVdWRRY9OWjJYhkGuzV3YkxiDWqorZtgzVlm134e4w6zzdU8tluICfDqAvasM,Andrew Hansen,https://play-lh.googleusercontent.com/a-/AOh14GhfOF4Vezq2a8kHnvu-uh4TwFZ3VJDVlxk9dGpZEEM,app looks and works great. Keep up the good work and listening to user feedback!,5,2,1.8,2019-01-31 19:48:54,,
gp:AOqpTOE-3UeWi8lmC7kqXQd0O59PN7PuW44lWzrEjymgC3ShdQ9kM4S1v3KSJwjvFswrkKCOxb9vlrxzM3ISMlg,Christopher,https://play-lh.googleusercontent.com/-ExIs_3gzZMQ/AAAAAAAAAAI/AAAAAAAAAAA/AMZuucncUBiDodoN8aLNGC9jxQRnDcAcAQ/photo.jpg,its a good app but... I wished the cost entire app was upfront. i purchased it thinking i can search and approve requests from the app. if you want to approve requests you have to pay extra. overall the app works.,4,9,1.8,2019-01-22 22:19:10,,
gp:AOqpTOH4or32h16KVrgiyPcRAKOPG7DWf7pkMlBihaBK-TGxhtS8EC703FanqLQFqOjgp9JRuVFGvXvSTy7Z-K4,Matt Park,https://play-lh.googleusercontent.com/a-/AOh14GgEtzBWrWOCJC1JF2W1oT294Zv-1JnwJtYzbI6djJg,"App works, no issues but missing features from desktop app.",5,4,1.8,2019-01-19 20:36:12,"Thanks for the review, more features will be coming to match the website.",2019-01-19 23:59:15
gp:AOqpTOHkcfG_RTGvcjzlL9JuWHwBXoVQZhbNV98AsFf6qhyapQTHBCHF3NmGUzZSid_PhSMbPVleJSF9h9MCK4I,J J,https://play-lh.googleusercontent.com/a-/AOh14GhuMIgpYu510MbGenB_idbNgMi6pw0LxMNjW8-TV0Y,"Can't login, can't setup account, can't request email for password. Who do I contact for a refund?",1,3,1.8,2019-01-17 16:01:28,It's most likely that Ombi server is not setup correctly. Jump on discord and I can help you sort it out or issue a refund.,2019-01-17 23:00:58
gp:AOqpTOFpV64oFdVNd9cChEQzgQxkDR8WBEB3fPWXZKlAqdfl7-_AtJevqtrpgKuEs1uZUQUUmHcXqyivnx3VV7g,Zack Metea,https://play-lh.googleusercontent.com/a-/AOh14GgfQ05KFyp0t_-S7f-pi-hOUs89iJZBZZHdBFYxxg,"app doesnt work, i reached out to developer on discord who did not respond. when they do i will update this review. i will not give a 5 star review to a product that does not work.. if you buy this app, consider it a donation to the dev. You can just as easily produce an app for this, by going to Google chrome and navigating to your ombi application, clicking the three dot icon next to the search bar, then clicking 'add to home' it will have more features than this, and be free.",1,7,1.8,2019-01-16 12:04:51,"Sorry I've not seen your message. Please post on there again.

Please remember that I'm just 1 guy developing Ombi and the App. If I did not see your message on Discord, it's not that I was ignoring you, is that I was probably busy and missed it. I have a full time job as well as Ombi.",2019-01-16 12:30:54
gp:AOqpTOEL1-qxMeEujic0qV9OMFyvCJ63BcEjRlOXeoSjd5rQI_e4ocmPDvvrMiJZjGR9M75rau0VIJ--o0bTDdA,Mike Fielden,https://play-lh.googleusercontent.com/a-/AOh14GjornIGYXSHrQOUZZ2S0o1PgLijWZjjA-cJ4-8AFoE,"No features, better to use mobile browser. App worthless AND DON'T upgrade admin for extra money as its a scam. nothing new. Waste of money",1,3,,2019-01-05 19:07:51,Strong words! Sorry you feel that way. Please remember the app is completely optional and I develop Ombi for free.,2019-01-05 22:37:55
gp:AOqpTOHO4A4yDGPc0wn9iRGjWxNrYBo2jmJQJpCnqfkUlmS9JXUjsSxy43ST3099D-SqZyCaHB3wrkVz-_rcdZw,Allen mangaza,https://play-lh.googleusercontent.com/-1Dfw3uK9oCk/AAAAAAAAAAI/AAAAAAAAAAA/AMZuucnDq_o9CWhlwqDoQoK6aBLaoKxtMg/photo.jpg,downloaded the app to support the developer as ombi is really great!,5,3,1.8,2019-01-04 21:01:08,,
gp:AOqpTOFvDxOUPAIIJHRdkYbAwTNmLQhExzXNhjQyBudCVxsCJEap4y2sKl-EURmE1zbnMmju8H-bS_j9Uf8neAU,Eric Jeffcoat,https://play-lh.googleusercontent.com/a-/AOh14GjPPJFwehDJzJSBnVm51zoBC01KuIvEtf5Y9HTPySY,I'm happy to support development of ombi :-),5,1,1.8,2019-01-01 23:02:34,,
gp:AOqpTOHSd_JnlYvrRn3gi-cf8yblfNKpUb-RIQOpqrui8_fw_2IKKBl5lWYx-iQEKJQDtFvD3oIGhKV-n9tic0g,Justin Becker,https://play-lh.googleusercontent.com/a-/AOh14Ghv9buDIYDYgHOhcLrsVNR_hCB7CZfeC7FF3xDxQfI,Not amazing. but does what is expected for movies and tv requests. i think the app should be free if charging for admin rights within the app. or have the app full price and admin right then included. currrently its like double paying and the explanation should be clear in the description of the app as to what the .99 gets you and the 3.99 other charge gets you. i really feel Ombi is an app more for the admin of the server rather than users. OMBI is an amazing tool worth $ though.,4,5,,2018-12-20 19:08:41,,
gp:AOqpTOG07TwZ0Hyisi3IJddRDh8AUQM_HY49GvLUuPTZaMVuK6vJdU7k9Zg9XFcneajOxncyDqavrTNLmX7-rJ4,A Google user,https://play-lh.googleusercontent.com/EGemoI2NTXmTsBVtJqk8jxF9rh8ApRWfsIMQSt2uE4OcpQqbFu7f7NbTK05lx80nuSijCz7sc3a277R67g,Awesome app. Worth the price to support a great project.,5,1,1.7,2018-12-15 08:42:37,,
gp:AOqpTOGECOOFftTqe9pNEGpAkN2o7ry8J1KmuvsAkTVlLpeF9fD1zwQcyfkb3_X9OEPyDO0GNE_SOpihM1ljeLU,Shane Morlan,https://play-lh.googleusercontent.com/a-/AOh14GiI4h5pv-P_UBiNn7DyiHq0yAXGZMfOgyXVREWPRKM,"I like the app, but I'm not quite sure why I paid 399 for admin features. I don't even see admin features in there after I paid for it.",3,3,1.7,2018-12-07 15:36:21,The admin features allow you to manage the requests. E.g. approval,2018-12-07 23:29:44
gp:AOqpTOGxZhQkwUKizCt4qpD0fcrq9I7G5VX8IOOzgS9mJiGj0Sm5BM6uG8S6Q3iP0RRAPzW_Vo_RIA-Lh--lnsk,Dave Perez,https://play-lh.googleusercontent.com/a-/AOh14Gh8RMpguWNu1xsV6jnBNVtn6GHXfxfvNa9xyYaq9w,I love the fact there is an app I can connect to my server. I am happy to support this project and look forward to continued development on this platform.,5,1,1.7,2018-12-04 09:08:46,,
gp:AOqpTOHZ01Mkobmd_VD0S5NWnvlSyO39lKs_lo91cz6MB31yHYrWpLEmBrIOdlt3B0Gatiqpz63H-7q-xGXJkb8,Mycal Ingram,https://play-lh.googleusercontent.com/a-/AOh14GhZQFFKU_TXlc-9wdrnsgZWpUkz1vBUlfwMmQzztw,"Willing to support development of the app and site. Though be warned, admin features are not included with the purchase. It's an extra $4 in-app purchase that surprised me.",4,3,1.7,2018-12-01 16:18:16,,
gp:AOqpTOHfwi5s7aUX0lRDdXAJpX7YJuBYRRwhQBRRsPdF5LD_5hycXLOVCXr9YF6Ix1ueDE4vvUS4MmPaSbrqG5E,Daniel Sweet,https://play-lh.googleusercontent.com/a-/AOh14Gh2btj0Kzz3RRBiJICiz7ZNoljHA31yW6Ns4WmQUa4,Brilliant App! The interface is clean and easy to use and it makes requesting content much easier. The notifications for approved content was also a nice feature to see. I did have a problem logging in but it was quickly solved by first logging into my Ombi requests on the web browser and then clicking the link to view in mobile app.. All in all does exactly what it says.,5,4,,2018-11-19 14:34:33,,
gp:AOqpTOGibrZQ7O0QYulCVmvWp60vEvg8hXgsnQb7V5HFtrb_bKKssItcIpADzfcxR6Nn6pQEVsadMTz3QLwXNv0,A Google user,https://play-lh.googleusercontent.com/EGemoI2NTXmTsBVtJqk8jxF9rh8ApRWfsIMQSt2uE4OcpQqbFu7f7NbTK05lx80nuSijCz7sc3a277R67g,Great companion with the ombi web app. Would 100% recommend!,5,1,1.7,2018-11-15 14:08:34,,
gp:AOqpTOGtfWseKOFyu_pVZ3fMx7HQZh85X3ywjjmrA3O9OYbuzP8zeBieC92QH2GTyI7_IRzrvNjVs-oYgSqfvg0,Shundyfortame,https://play-lh.googleusercontent.com/a-/AOh14Gj9L2bITlk-a-nmdGC2UY_wdyYlHix4geVhXeKU,No refunds 😢,5,1,,2018-11-12 21:09:00,,
gp:AOqpTOGtSfSMBZkbVTerN8MmkCsUCIXXKZ9uV7Fm2-5F4O0CW5iPFqnJpCccmVoCyJqp8uYBckMtULv65yGl-ys,Scott Rice,https://play-lh.googleusercontent.com/a-/AOh14Gg-vyxIdwevVufMY1KBJ4YSOERjw6oRvRkphnZwzw,"Love the app but not the surprise ""admin versio"" cost of 3.99 without the ability to suggest music and have an easy way to just search by artist and have lidarr automatically download it, fix that and you earn 5 stars from me.",4,3,1.7,2018-11-02 14:03:28,"Thanks for the feedback,
Music support is coming, it's the next thing on my list!",2018-11-02 16:55:28
gp:AOqpTOG41F7Zpj898B0e3DDZ0GkDfgutn7EtVIvcPF5TIJjpyHtS_V-w7rlpgwYCdWUb9zuR9fzh05r4kF_QOsI,Sean Hess,https://play-lh.googleusercontent.com/a-/AOh14GjbDNK8crI5uvcgMeuqYyfG7fPnkw7WH7_Ds32YOg,"My Kids and family love the app, so easy to use . Allows them to find what they like, with the piece of mind that I know all the sources. Getting new media on Plex had never been so easy. This is just the app I've been needing. Will be getting the kids there own copy soon. Definitely going to upgrade to the admin to help support you, Ty Looking forward to seeing future updates.",5,6,1.7,2018-10-14 18:36:50,,
gp:AOqpTOGFYNo3jHusZYr_uh4r0RCHO8TZlI_oZ9ljvH1hutPLiX44YmIHI2zPe2r5iEY-14tBIKXswhAxscFDLJ8,Robert Gentle,https://play-lh.googleusercontent.com/a-/AOh14GiJeSBHE5FnzYdQ4I2kaO_-jBt2byF8EaUQTpwQ,Garbage. Bought the app since it wouldnt let me demo it? And won't log me in with my correct credentials. Not the only person ive seen this happen to. Do not recommend,1,3,1.7,2018-10-02 01:17:17,Sounds like you didn't correctly set it up like the other user. If you need help feel free to jump on discord or open a issue on GitHub.,2018-10-02 01:53:47
gp:AOqpTOFA-yLeGkMkFg30cXjOM68FLp94mnfXllISKfyXdQlGbqgIYynU49ufHvLYE4GPNuxSC2B2x7lTUt3fdMo,Derek Chambers,https://play-lh.googleusercontent.com/a-/AOh14GjWmht0oLYl0HdXa5EzaBxCeKgFVo18rzYmHXIRTg,Can't login. Won't accept login details.,1,0,1.7,2018-09-25 11:34:55,"This is an indication that the URL, username or password is incorrect... Feel free to contact me on discord if you need additional support.",2018-09-25 11:38:25
gp:AOqpTOG7dxwVzevOloxhfC4fXQ-2q9rOUSbngcfZINqDyZOZumBFy6FphBvMrdrPyWFZDKzdECIZcr-T1qYFeXM,Michael Trifilo,https://play-lh.googleusercontent.com/a-/AOh14GjSmY1d79KjPane92Cl8zjvaXE-ORvsbaq1uNsM3wI,"Tidus, I just wanted to say great work on Ombi in general. As soon as I used the software I purchased the app just to contribute to the project. Keep up the good work!",5,3,1.7,2018-09-05 02:48:47,,
gp:AOqpTOFo9rg46JPSDDh8DMMI0RWvX7NoeJ7IGk2VUiTSbFbgAgosD5yN_njN6Dx2W08-pOJ95ir2c5NZNr0i0r8,Whezzel,https://play-lh.googleusercontent.com/a-/AOh14GhNwM5xUUNluhwaui2QVBvXqIa30GYkmRN3zmNAWaQ,"What a rip-off. 99¢ to buy the app, then another $3.99 to unlock admin features. That's ridiculous",1,11,1.7,2018-08-23 13:23:25,"Send me your email and I'll happily refund you. Also, remember Ombi itself is free and this is an optional feature, ombi website is fully responsive to support mobile. Have a great day.",2018-08-23 14:51:56
gp:AOqpTOEJaK4aqejivXhK3IdhIAca583NtUarqJ68bMApMCzwWOQYiNupycpn6w1zVGNkcsgHhKfM2V2F5ECJ1Ns,christopher mandich,https://play-lh.googleusercontent.com/a-/AOh14GjnVhRdUNWToScscnrUlwF_diE0_S4Ui8mjzVcR67s,"Awesome app. I would like to see the ability to add a local and remote url 
for servers.",4,0,1.5,2018-08-19 18:30:26,Hey! You mean the ability to setup Plex Severs from the App?,2018-09-09 23:34:25
gp:AOqpTOFRqEwur1mTjbzVzliROupH49sj2IV5ElQxvIX4MAJvoHs897nC0CaCvSx33kXFAcohezIfBVrGNCNlhNk,Eivind Teig,https://play-lh.googleusercontent.com/a-/AOh14GiJAwazbDoJmXlTMmPkmfRFHiJj8MVMq0JMM0WuNQ,I love it. Hope I get to use issues on the mobile side soon :),5,1,1.5,2018-08-19 09:41:05,Thanks! Issue are coming!,2018-08-19 10:50:50
gp:AOqpTOGektBIUYFhFmGHNturgNfIm4fiaREq-vXluiNHzE-Sm6MpNAN74PNpixdGBZnv_jOXTyL1BMbZapWQDLk,Nick Chubb,https://play-lh.googleusercontent.com/-WX9h-p74rZM/AAAAAAAAAAI/AAAAAAAAAAA/AMZuuck_kJUeNIdcBBPEZeMtWpZnTuhhEw/photo.jpg,"Early release has many bugs, constant force close, but once working the 
search and load is quick smooth and responsive. Works so much better on a 
mobile than through a browser. The coffee cup price is acceptable to me to 
maintain a free ombi, but I'm sure some people (most), want £0 price or it 
is just passed by. Good early work.",5,1,,2018-08-10 14:26:09,"Thanks for the feedback. I'm aware of the bugs and I'm working to try and resolve them while maintaining ombi! But they will all get fixed! :)
Fixed that in the latest version! :)",2018-08-09 12:39:59
gp:AOqpTOHqQd8ru8tKskFD4vwkFjtZ_DDIrXecgdTwmtP3DquMnIXWK-Wsq_sN0UoxDNJckdhSlX5UuPNgmBMP23E,Nick Chubb,https://play-lh.googleusercontent.com/-L3iqtw2s-NQ/AAAAAAAAAAI/AAAAAAAAAAA/AMZuuclAXCOR9hqCanxC3a7eWNmHHl7NlA/photo.jpg,"Great Android app to complement ombi, a must for dedicated users with 
anticipated progression. Works great on Nexus 6p now thanks to dev.",5,4,1.5,2018-08-10 14:25:16,Fixed that in the latest version! :),2018-08-09 12:39:51
gp:AOqpTOFZlWE98moGiVmyFsmFx8SOVQj_V1BpoTpiwtRSMJdkqhSfHnq5Vc8Xmhlp9kbt6LjXknUN1lvchPHeJc8,A Google user,https://play-lh.googleusercontent.com/EGemoI2NTXmTsBVtJqk8jxF9rh8ApRWfsIMQSt2uE4OcpQqbFu7f7NbTK05lx80nuSijCz7sc3a277R67g,"Excellent app to go along with the website, mobile notifications actually 
go a long way. Plus the app seems quite smooth and responsive! Excellent 
work",5,2,1.5,2018-08-10 02:21:35,,
gp:AOqpTOEJYDfGqcyD1C2Q9zDsF8UkIYkyFcHK7okddvSmg3jcymO3CLHXs4Ghq_PFzN74MNdo4ywewztqkqoGV68,David Wilson,https://play-lh.googleusercontent.com/a-/AOh14GiHHntfJqnu38X3Qqut2UrA44KkwMU-qf48ItzUdw,"Update 8/9: Per Tidusjar's response, the issue appears fixed. I've been 
messing around with it and have not experienced the UI bug. Definitely 5 
Stars, because now it just works, and allows me to moderate server requests 
on the go in a super easy and convenient way.",5,3,1.5,2018-08-09 12:44:41,Fixed that in the latest version! :),2018-08-09 12:38:58
gp:AOqpTOFcWa7rabnNSF1e3-Qu_ksrUnybBa8orwYG_gLwX8qvIwK8D0EQW2v9y0VEBCfCQFPbtVPlitKS7UYTb-o,kelrog,https://play-lh.googleusercontent.com/a-/AOh14Ggv3U0tX6iZrw4XRYlTigzaxxYrbGYuspnzII6SNAw,"This app does not support an updated Pixel 2 XL. It crashes constantly and 
even make it hard to uninstall. I love ombi, and I even paid for this app 
the first day. It I can't even get it to connect to my server or keep the 
app running in the background while swapping onto another app. Hard crashes 
constantly. Please fix.",1,0,1.4,2018-08-03 14:09:00,"Thanks for the feedback. It would be useful if you could have put this on github to assist me fixing this. I've not had any reports of crashing. I'm aware of the background issue though.
Update: Fixed that in the latest version! :)",2018-08-09 12:39:08
gp:AOqpTOEAuAGCNBLl-gjOTw3jGlj7HhqoEsU1RX53i2FRS2kcK0H_zXEJ2dYK91VLOf3uPzmEqJSXHDZSCW2_GJ4,David Nightingale-Ewing,https://play-lh.googleusercontent.com/a-/AOh14Giu3Alr0xg6eg1eWllCgDwIfeBZFCbWucsSb3cIWg,"Very good app, and makes using my plex setup a dream. My only issue os that 
it causes dramatic slow downs on the Samsung Galaxy Note 4 when its open or 
in the background. One feature I would like to see if the ability to 
smartly swap between a internal network ip address and a external ip/url 
depending on my current SSID or lack there of.",3,1,1.3,2018-07-28 07:19:39,Fixed that in the latest version! :),2018-08-09 12:39:14
gp:AOqpTOHBhiHJOvZrxNsT5wCBw6S0WNgM8mr3JUIW9mwvM5HKH65ztJrxZliFGo1pv_YVNTKC0QxdO7_aDwLwJF4,Robby Meyer,https://play-lh.googleusercontent.com/a-/AOh14GiYOsvMggcVB37_TNDpe4fwMLe9uO7lg117NpyErg,"Works well, just needs a bit of an interface tidy up.",4,0,1.3,2018-07-17 02:38:57,"Hey! Thanks for the feedback, if you have any suggestions or ideas on the interface please post them here: https://github.com/tidusjar/OmbiApp/issues and it would help out a lot.

I am currently looking to improve the usability as much as possible so your feedback would be appreciated.
Thanks,
Jamie",2018-07-17 06:05:25
gp:AOqpTOHn6ce_xVBPL3_5FwxiVpcvIaJAqrHMbsy5c9AIgP5Y1zE_IYSKN4PuybY8ZsPaVPXRbGN2D-Vgq2fan44,Thomas Kendall,https://play-lh.googleusercontent.com/a-/AOh14GjtSdmsWyxat8XpkrK38lqQmA7oeYCsNBXhw2SaWA,The UI looks acceptable for the first release.  I'm not really sure why I paid extra for admin access but that doesn't seem to work. Guess the updates will add functionality to this.,3,3,1.3,2018-07-04 09:51:42,"Hi, thanks for the feedback. The IAP is for the admin to approve requests etc. If this is not working I suggest you post on Github or come to discord. A review is not a great place to get support.",2018-07-04 10:40:07
gp:AOqpTOHSHLKyN_QqWHT19hmAsGr0u60eqx2ORUzgo4s3Ad4PnPZWi_AoF8Sdv_6eZyFvDot8oDmJZdG9x3IACnE,Adrian Garcia,https://play-lh.googleusercontent.com/a-/AOh14GhVZLDaHe-_IyrqNLi3OOMhHbg3vdD10OgY8dDhrQ,"Pretty good, only problem I have is that it causes immense lag in the 
multitask screen of a Nexus 6p.",4,1,1.2,2018-06-30 05:46:26,"Yeah that's been reported and I'm working on a fix for that. Seems to affect most Nexus devices
Update: Fixed that in the latest version! :)",2018-08-09 12:39:29
gp:AOqpTOHSL72Qs-m21IKhAhd9mZGlyPpVwEpmgGQxhN4SLgiv0Gev2v13_syhic5gOhlTpLb3Ai0BxrT53OvhJ_g,Kurtis Overdorf,https://play-lh.googleusercontent.com/a-/AOh14GjSbhfiqKeETryT6wTmh1rSutGWoXhj0Umy8tdnpHs,"So far so good. Purchased the admin upgrade too. Love notifications and the 
ease of use on my phone rather than having to load the web page.",4,0,1.2,2018-06-28 08:26:33,,
gp:AOqpTOGTp4mU25LVm7voZHmzephqZnuImqVsvkma6mIxgfIbdPQl8hgtUVLWXCfsckWtPBs9UFjaAE_CWTkAJ0A,Matt Thompson,https://play-lh.googleusercontent.com/a-/AOh14GgV9O9Gk_GB8oOMD5LVqItNVHqoXg__guzTREklil8,"Works great and is really handy to have on NY phone. I wish I didn't have 
to retype a search every time though if I'm trying to select multiple 
movies such as sequels",5,4,1.2,2018-06-27 22:14:55,"That's a good suggestion, multiple select to request! I'll add this to the TODO list! Thanks, Jamie",2018-06-28 00:19:05
gp:AOqpTOGnn47dEijjNmDmTlt3zVuF4PD8_Bn_GpafeKog-54SNWx7bAEB2OTSBdo6Lk4n0cP4nymRIFE186grgOk,Adam Meldrum,https://play-lh.googleusercontent.com/a-/AOh14Gg4QKr4x-8fS6YkOtww8D9UAL24FRg50ItakYcg62o,"Dude keep up the good work! Bought the app as much to support you as the 
convenience of having it. Amazing work!",4,0,1.1,2018-06-25 23:14:21,Thanks! Get ready for the new update coming soon! (You can try the beta now) :),2018-06-26 05:47:30
gp:AOqpTOGnZoU2XCozcQ3mDvXdhorwr3Jq16PshVgY8g6hTqGBgKs8r9EZy5oc7U1QT3FgpyjszkkMeka_FaLxiSQ,David Ira Waters Jr.,https://play-lh.googleusercontent.com/a-/AOh14Gh_r3v1O1LqduvJJzyv4WSy4KXafOnufvE4UA0MBA,"TidusJar, we all appreciate your Ombi app and willingness to develop a 
mobile version. Keep up the good work and awesome updates!",5,1,1.1,2018-06-05 20:28:28,,
gp:AOqpTOHeszOcaYnNw9VnuBZ3sIbcZ81r0dQ0Ocqj90pmg8tquKliYu7dC4lIh5dt8CoQ2A8Spdv7_g0mkJ-a5hY,A Google user,https://play-lh.googleusercontent.com/EGemoI2NTXmTsBVtJqk8jxF9rh8ApRWfsIMQSt2uE4OcpQqbFu7f7NbTK05lx80nuSijCz7sc3a277R67g,Hopeless. Crashes immediately and repeatedly on opening on Nexus 5X.,1,1,1.1,2018-06-05 11:18:05,"Hi, Apologies, this has now been fixed. Please update",2018-06-05 13:04:42
gp:AOqpTOHs8_IsI3K1HyR4OTzF0EZnrWM8FaRge_7yyd8egOraKAWGoPzyOSEeDiTusI_n8Kzs4ptYCH4nAaCtuBA,ginger VS pie,https://play-lh.googleusercontent.com/a-/AOh14Gh3vHCvOBWorYwsN3bDzLH6aKcTnoCuUvpLJOYL,"I really appreciate the app, but on the Android Nexus 6 when I hit the 
multi-view square button it lags out my entire phone until I swipe it close 
or go to another app.",3,2,1.1,2018-05-18 11:57:05,Fixed that in the latest version! :),2018-08-09 12:40:05
gp:AOqpTOG1QHVt8BWUpYEIBz5k8_vUs0WOsJ5q6oAOH9wjDTXe3gQ9HZfmH6z9fqHelaQeL3YS7FhD082gbpqIVyw,A Google user,https://play-lh.googleusercontent.com/EGemoI2NTXmTsBVtJqk8jxF9rh8ApRWfsIMQSt2uE4OcpQqbFu7f7NbTK05lx80nuSijCz7sc3a277R67g,"I cannot find this ""mobile"" button when I go to my ombi... Edit: ok, all in 
all, it took me like an hour to figure out this ""mobile button"". Go to your 
ombi page, click your name, click on mobile. It will error out saying to 
ask the admin to set the application url. For this, go to settings, 
configuration, customization. Add the application url there, click submit. 
Then, on your mobile device, go to your application url, log in, click your 
name, click mobile. The app will now launch. However, NOW, I get no results 
when I search, despite everything testing saying successful.",2,4,1.1,2018-05-17 16:21:43,"Hey, a review is probably not the best place to get support. Please either jump on discord or go to the ombi app repository on github! Thanks.",2018-05-17 22:47:54
gp:AOqpTOHMr87QunTIfT5VyvtVYvgCj_X_u53gxiS3b53twkUZUmL0DZAHCxDzbS8L2ZY6npOG3hYN0RdxEWhwhN8,Devin Buhl,https://play-lh.googleusercontent.com/a-/AOh14GgtDhqVDFg36kAfSWj9YosOQ5hlVrR6ugTiP8L-kg,"Please make the login process easier. Should be a QR code scan just like 
Tautulli. I cannot log in via the mobile link",3,1,1.1,2018-05-16 17:41:30,Please either jump on discord or post.on github to figure out why you cannot do it.,2018-05-16 22:52:50
gp:AOqpTOGH8XZJZqw6w3J_3xPon-OVgfduEs9CFr3VTDynrttljzTVsHqWLluRJQOy8IVJEXynuTtzfb8fOY60KPc,Shaun Nicholson,https://play-lh.googleusercontent.com/a-/AOh14GiO-fuy7nyptkgBVCamE4Fu5lmZWcIf_mMWCu5Vgg,Great for requesting from your Android devices!,5,1,1.1,2018-05-15 16:12:47,,
gp:AOqpTOFqQs6xsfsAMU5fzoGenT41zEOKBQAPvEiPcAIiFhCgt0pWMMQTATnaPkZjAj6FrWRpwtPNDq9op7yvu_0,Tyson Beesley,https://play-lh.googleusercontent.com/a-/AOh14GiBD2nTJVuB86f9hh2pWBit5hotGer0WwXTlRGlqXs,Love the app. Makes it quicker to add movies and TV shows.,5,1,1.1,2018-05-15 10:11:04,,
gp:AOqpTOGUTb3OcKK51xqGUjDW1_w0E3C0f73BiUBU6L-FtMF6C7emkOTeBkVBcIogshF7P-RHoyk6AenkIjcIHic,A Google user,https://play-lh.googleusercontent.com/EGemoI2NTXmTsBVtJqk8jxF9rh8ApRWfsIMQSt2uE4OcpQqbFu7f7NbTK05lx80nuSijCz7sc3a277R67g,"Can't scroll down after selecting from tv results for some reason. Android 
P beta.",3,0,1.1,2018-05-14 19:16:05,Hey! The bottom half of the screen should scroll! If not that maybe s Android P beta issue. Sorry about that. I'll fix it when I can.,2018-05-14 22:44:29
gp:AOqpTOHInbSMNTvRgYYFSd7uNMnpYJxARCy2nUx0bOIdgy0YpRkemRU6Mj0MaK-U2kCSGS0XQLsHMjEmR9RK2E8,Bennet van der Gryp,https://play-lh.googleusercontent.com/a-/AOh14GjgW0COuUgfdfAuh9DBKEZ9bIAzfRn4tWx1NC67u4U,Great initial release. Looking forward to the dark theme.,5,0,1.0,2018-05-11 04:21:53,Coming soon!!,2018-05-11 04:31:50
gp:AOqpTOHZp686-Fx19hZQV2mZfx0eofdi88DaH-5Q-3kyHRTsEyAlvj9h8VsrO7IGYvEIzs8enlnVqzuvoDBVEjw,Mike Ferraro,https://play-lh.googleusercontent.com/a-/AOh14Gj0FFopCX5cpMhgppdZDKxQzrzRozNeGkLI_EhE_g,"Initial release works pretty well and was easy to point to my Ombi 
installation. Looking forward to seeing future updates and features added.",5,2,1.0,2018-05-09 17:40:55,Thanks! I'm currently working on the look and feel of it as I know it looks nothing like Ombi. Then I'll be working in the requests pages!,2018-05-09 22:50:14
gp:AOqpTOEtdKR9li4AqpU1flAJru-9qLnF417QPeu_H2o5bWCRmX637YJNLL3XnAbLNzF65aO9VJzX7DBwU4bItcE,A Google user,https://play-lh.googleusercontent.com/EGemoI2NTXmTsBVtJqk8jxF9rh8ApRWfsIMQSt2uE4OcpQqbFu7f7NbTK05lx80nuSijCz7sc3a277R67g,"Nice simple interface for my friends and family to request something to 
watch on my media server. Seamlessly integrates with web version which is 
why I highly recommend!",5,1,1.0,2018-05-08 13:06:37,,
gp:AOqpTOH2-oWcffrFm1YacWGfirsSj1jmh5TcfzjKaTnfLc914XkH9dFAagw2xpHBtlMwK3DIUuayxpWg4YN5J0A,Matthew,https://play-lh.googleusercontent.com/a-/AOh14Gi3UXv2rqQKfeIdQrTHBVEzZ5-HOzil0o-x8OKoVkI,"Great app, very useful extension of the web server app!",5,1,1.0,2018-05-08 12:42:21,,
gp:AOqpTOG9S4sEn6R6mhEFT7wKwMWW1xkP4Pj12i4WQ5PdFRK5FKReZDVIYeWZps5rQaNcqqWl3JtTBI2O8SJndIA,A Google user,https://play-lh.googleusercontent.com/EGemoI2NTXmTsBVtJqk8jxF9rh8ApRWfsIMQSt2uE4OcpQqbFu7f7NbTK05lx80nuSijCz7sc3a277R67g,"This is amazing, thank you for this! My family absolutely love it! Also 
thanks for the amazing support!",5,1,1.0,2018-05-08 12:29:47,,
