reviewId,userName,userImage,content,score,thumbsUpCount,reviewCreatedVersion,at,replyContent,repliedAt
gp:AOqpTOGfeXoav81_TvKIR8tWlIf0xd_0h5Dp3Lgneat3TaJ53EqIox3ch5PSqmUWDRmpbsF7TU4pnbPIPCWGcQ,Mark Stewart,https://play-lh.googleusercontent.com/a-/AOh14GhrvggsMvLdAeTBqWgWV-dE1dSv-7WCKfoA9BJE,Wont even download. Trash.,1,1,1.6,2020-07-12 14:31:12,,
gp:AOqpTOG7nZoVnailNq_qP1dr3VDQg-59B6Ew1-3jz5L14CZ3W2DUXoeuGsfUsDLHBhGxseAGsPX45QLgbWMqDQ,Alexis Couillard,https://play-lh.googleusercontent.com/a-/AOh14GiXgqgjhyaOaSwKth2XYmGjmD-cGR07aVLku7TgnQ,LOVE this game 😍❤️,4,2,,2020-06-05 19:47:18,,
gp:AOqpTOESmRUOSSGiQGrd6eHs5AnsKSWgkz0Xce_Vg_XkG7HRPVUkSq6dVs5YRBX_fVELwo-3DY7BKjZxpfieMA,Rachel Hier,https://play-lh.googleusercontent.com/-PLslpnjpMeU/AAAAAAAAAAI/AAAAAAAAAAA/AMZuucmYCURaU-o2_5QwPSYf1bJS12JPng/photo.jpg,Omg I haven't played this games sence i was like 5 it is a awesome way to show your kids how to help out around the house!! :) Ps. Dr.panda games are amazing for younger kids ages 2-6 and older kids to!!,5,17,1.6,2020-05-25 17:09:43,,
gp:AOqpTOHMIT1E2K2eYdGP8X_E0hhUIVSdJILaQBw5fnX5BCO6_5V8-bgCRiZcv4jnJRSMk6UImj7Xxbpg6DivEg,J J GoAnimate My Animations In 2021 Of The YT Team,https://play-lh.googleusercontent.com/a-/AOh14GjEr7wCw_Gbu5_0M-I9HpEE6N9j6mezwjgXwZPWvw,Only 1 Glitch In It 🤔 But Too Silly,3,2,,2020-05-12 09:55:31,,
gp:AOqpTOECRzxtvunj_70gFDi_9dohh27FzNBTlyh-eQA9Ykib15dxUejxujQNRkg1j6k1uAD5RL3H4suqZ8SH6Q,Bailey Flewelling,https://play-lh.googleusercontent.com/-1Utr5ekf4GQ/AAAAAAAAAAI/AAAAAAAAAAA/AMZuuclWb-vfDZs3QEyKTd60mSwfn2OYHQ/photo.jpg,Awesome game it is but when the pig is in the tub it's face scares me,5,17,1.6,2020-02-07 09:33:39,,
gp:AOqpTOEODrkvJWSg5p0ST-6WSfPpXyOVYNUJpXDtIHss5aNd1UZZj9O5wYHjONfzJvYQeNBEzr9e7QsakPtumA,Iwin Playz,https://play-lh.googleusercontent.com/a-/AOh14GifK1pmbII-_i1B2qzSee5VdMZkyyRe-y2B_GPghg,I love it. It teaches net to clean,5,11,1.6,2019-11-10 11:25:04,,
gp:AOqpTOH5-Vvd-rZ943XBKtc9BJkOMMCj0XxBYW15VYxT4Nj1nT8a8d2ADE17jc6X6vcoAFeFc2TUzYWXL--XmA,hayden,https://play-lh.googleusercontent.com/a-/AOh14GhueFaSajzzzHYynwXu9cooldhkt_bNDK3w8fwpug,worst game ever i used to have this on my tablet but now it dose not work at all i cant clean the toilets or the windows and i cant skip or restart ive reset the game and my thing and still nothing i wish i could give it zero stars but it wont let me,1,39,1.6,2019-08-13 08:56:15,,
gp:AOqpTOE_es63OX7Q4F6ttksD9lg8h8B_gYNuBp7CnamohokIiuuHT2zZhij_luxoDWmvzACz4rJNaBghbyfFRw,John Isles,https://play-lh.googleusercontent.com/a-/AOh14Gg_c4Dg_ALI2qXr6BL8WIXX5X_tjZ7PFjcWwhbC,it is the best game ever,5,23,1.6,2019-03-21 01:07:41,,
gp:AOqpTOH3nj4qsYHuxBOaczEecdubIkKLYlPseZf612wkQGbz7J-Y1iBDYbtes2mcDpU7Pwv5lUEwlhWI3XM4IQ,Sasha Wood,https://play-lh.googleusercontent.com/a-/AOh14GhVfsrOTHmy8fQ2d2lzLbCzeC4U9MS9JL4Ql1C-EA,"i love it but personally it gets to repetitive, boring",4,38,1.6,2019-02-21 06:49:07,,
gp:AOqpTOEqC6N4DGo72R4lf9W8slc54Ej_2BDfoAe7YGmQ8XxYbghO09m_vmCIlRfvV4W0lfRUWYHczRQ1V12wHw,Calyn 2600,https://play-lh.googleusercontent.com/a-/AOh14GiTrOgdNwrV1CCYzb3pEdLXyHb0WTa9U-KQU37w_A,sorry but can i get the refund ? this game is very boring and expensive .,1,26,,2018-12-02 03:16:27,,
gp:AOqpTOG5TKs9eSTMedl5U5Kxy5c2Bl9xvoEyoWCtsauLso7EajRTUauK_0SoqvAGWdsDDfmKTXPRu8RlTKaZzw,Taylor Halbert,https://play-lh.googleusercontent.com/a-/AOh14GiJRmweuU0TTCpezZq7-UWh5RWa35F4j31XjUI-rA,Great,5,1,1.6,2018-06-19 14:35:56,,
gp:AOqpTOHvzGxpkv2sJQwBuH_qt33UlfHmr7GHcriC1qM2AgQMiWLeLYSgl4XC_7tJT8Vq8SZbSDIFakJCkc96lQ,Hendra Wijaya,https://play-lh.googleusercontent.com/-1z0fbUS2NJ4/AAAAAAAAAAI/AAAAAAAAAAA/AMZuucmI0BlCdkgPCaApVeGdv92GrZYsTQ/photo.jpg,Its great           I love,5,0,1.6,2018-01-02 23:52:50,,
gp:AOqpTOG6wSiRjHLxVLTGt_SVdOWmPHaT9-R0TBfgqWzHNKAhu-YhwyN3mxbd6NVsH9WyuJGk5VfGoYKVhCiEWA,cool kid studioz,https://play-lh.googleusercontent.com/a-/AOh14GhNEw2OnH3PAbrOE7PXFPVRjSutQyVc0KJ14g3NSQ,I played this before and I liked it😊,5,2,1.6,2017-07-21 21:29:02,,
gp:AOqpTOHkyllzSR6Jvm-oy-7kby1h25sLdZG0Gd5l0Q0_dMYdRqul9yoh9DZMbVGeRoF0xskvI5cuDVHz3__-Hw,Aesthetic Con,https://play-lh.googleusercontent.com/a-/AOh14GhI6P90LotQ6zQlaZCC2585n14pE8DJtyW6tlZJtg,Refund,1,3,1.6,2017-06-01 22:04:11,,
gp:AOqpTOE5kWBEJxnaaKgIbuFOSZUQFgGvthcTIq4bOD7KLT-dAtIrzMEcgO9ZmruA29ngfkqpcJ6FtlHXthV_Ug,A Google user,https://play-lh.googleusercontent.com/EGemoI2NTXmTsBVtJqk8jxF9rh8ApRWfsIMQSt2uE4OcpQqbFu7f7NbTK05lx80nuSijCz7sc3a277R67g,So I got this for my 7 year old sister and she loved it! Highly recommend for kids learning to to read still.,5,3,1.6,2017-04-14 21:42:13,,
gp:AOqpTOG0N1odznj0500kLWIBGM3fgyWPiexz5TgVIDrzjiZ0QDPYjzyW4NQSErZkN3WkpIjG7OtJmz_M8MT0Ng,Stuart Cole,https://play-lh.googleusercontent.com/-EQqB80xUjkY/AAAAAAAAAAI/AAAAAAAAAAA/AMZuucn5rG1yr5S_6vKFtT9WwtX93mKkDg/photo.jpg,Game keeps freezing in window cleaning and toilet game.  Purchased but unusable on ASUS Zen Pad 10,2,22,1.6,2017-03-18 19:28:11,"Hi Stuart, 

Thanks for getting in touch! We've noticed other users experienced a similar issue, we're working on fixing this. In the mean time, you can contact us at support@drpanda.com to tell us more about your issue. 

Thanks, 
- Dr. Panda Team",2017-03-20 00:35:01
gp:AOqpTOFOwQ_wn4LNsV9sA0erMUXLTfVBQ9PP1o7pwedveZXP3TlGPHDZI3mFMa8OYd7FrDrpfRW1bewqzHyfJQ,Namaveer,https://play-lh.googleusercontent.com/a-/AOh14GiXjhSw2fop3t5mAj08rcRurUFf9CNWicJpDcPRMg,It is a really good game and it also is educational because it teaches children more about responsibility,5,6,1.6,2017-02-13 17:20:46,"Hey Aman, 

Very happy to hear you're enjoying our game and thanks for sharing your opinion! We're always reading comments and reviews, so keep posting 😊

Many thanks, 
- Dr. Panda team",2017-02-14 23:21:39
gp:AOqpTOGlRIJnqQcyRSsIUQFIHkr16oTAVGi1puqwA_TdmrlS8_fpIXbHQTeYqw6nffE79xuiQ36L5VD51nMpVw,møøn_kîđ,https://play-lh.googleusercontent.com/a-/AOh14GhO3sFBygcrl6jfCZ6wRMADKdlSxKOdgQ0JUD0a9Q,Amazing,5,1,1.6,2017-01-15 12:41:24,,
gp:AOqpTOGhddsemQaJJDXgTkwPsa4V45M-5accfD7Hl-JY7kOnT79LmgRuIjYCvlP_BXzNzSVr98OdDyQACnHY9Q,Ian Jones,https://play-lh.googleusercontent.com/a-/AOh14GijOQIsBQKTUjA-ukgSDJ3dp1lA02RzAk7BDm9UJA,We cannot complete the toilet task. Pooh!,1,9,1.6,2017-01-02 00:16:01,"Hi Chris, 

Thanks for getting in touch! If you're having issues with the game you can contact us via support@drpanda.com we'll be happy to help :)

Thanks, 
- Dr. Panda Team",2017-01-03 22:47:08
gp:AOqpTOHocq65F0HiN38VT7Wf4_mWjC20J-b_ySKKGnZ2QeAy4DNK6ww09d_N6-7XfLTsx4EcHDM_n_U-voqADw,A Google user,https://play-lh.googleusercontent.com/EGemoI2NTXmTsBVtJqk8jxF9rh8ApRWfsIMQSt2uE4OcpQqbFu7f7NbTK05lx80nuSijCz7sc3a277R67g,its crashing....refund please!,1,0,,2016-11-11 06:52:10,"Hi bubpce,

Very sorry to hear you are having problems with the game. We'd like to help you as soon as possible! Can youreach us via support@drpanda.com and tell us more about the issue you're experiencing?

Many thanks!
- Dr. Panda Team",2016-11-28 18:47:38
gp:AOqpTOEOiuFhCO0zVeDqKNl0BYM3HkBBnXGDWrzrJPioQ3k7KomVoYv_x5NQVWKOlKcTthZ3Ip22sfMkLrtTyQ,Katie Jackson,https://play-lh.googleusercontent.com/-iDJpXS94-iY/AAAAAAAAAAI/AAAAAAAAAts/AMZuucluBziAIZJDvxX6gV80VmtXsllZeg/photo.jpg,Its all good but instead of telling us what to do can we just do whatever we want,3,2,1.6,2016-11-06 01:26:08,,
gp:AOqpTOEyXKIosU2yjfKq9On0DGO_urYJxkCTHKy50N13g0ccbYRx1SJyV-CqWH_7omeMjX4ewz357PTH0mhQqg,Stephanie Westacott,https://play-lh.googleusercontent.com/-axJIdLo2GGk/AAAAAAAAAAI/AAAAAAAAAAA/AMZuucnHD7UpvHZerw1bxJNkOC_JOLTOGA/photo.jpg,It keeps crashing which makes for very cross kids! Please fix.,2,56,1.6,2016-11-05 00:00:23,,
gp:AOqpTOGQlgpyh_Aao4aUaPRCoukAmsYTVveKeGIfCh8S1LWjgqLkcaxcindpv_s4qssdeDDxA0duVbIueyWqxw,Shawn Pehle,https://play-lh.googleusercontent.com/a-/AOh14Gilz1MESb9VkapJ_GBBjWuknnExw011eozNeqArhw,Love it you get to help cute animals,5,4,1.6,2016-09-29 05:44:04,,
gp:AOqpTOG9bD9MbELD0Kcxw7cUjNXRR7G73bukg9HeFLsXTNKdSC2GOCsoOOrh6roX8OgEwCoYLrfe_SXsmc9ccQ,Savana Pitcher,https://play-lh.googleusercontent.com/a-/AOh14GiuBXzEzZJETZ892xZObQPKkHs0ZATnN5fL26oEjw,What I just said I haven't got it yet but I think ill love it,5,1,1.6,2016-09-26 16:11:16,,
gp:AOqpTOHz4S3F6ntyvZi_2-LoLCLl-kXWf2A90u7s4uYeW_UGTF164BTI1TlQ7JQ4tQjFIrsaT5pdAR5iWjbDtQ,salt,https://play-lh.googleusercontent.com/a-/AOh14GhTrrivl_tKrZrq-1rnLF-23VIlJ82Qp23vdMbpbg,I need a YouTube camera,3,2,1.6,2016-08-29 05:41:24,,
gp:AOqpTOH3L4CpP38MUzFBvGNhpfRRyfd9sQyBt7wn8V3R7yD7pJZSKjRqKsIAgm8nT0q8nJMcfg7GIWpfbsE_ew,lifesgreqt •,https://play-lh.googleusercontent.com/a-/AOh14GhCcTv76fS7TnSzDx0MGNR574_UVhBmJWfYtDVu3Q,"Alright,i give u GOOD,Anyway Keep up!!",5,2,1.6,2016-08-27 00:35:29,,
gp:AOqpTOH4bEnb7Aov4ioRZbe7B-qNMM9C5nVRBHW-a4HV-uobLrvAQiq3565W8bKXp12uZimVc3H3HliL89SaGw,Kelly Senecal,https://play-lh.googleusercontent.com/-d8DALsUxCAE/AAAAAAAAAAI/AAAAAAAAAAA/AMZuuclBJNIWWlzrlLbNg27M7bHWQVKpRg/photo.jpg,It installs so slow,1,3,1.6,2016-08-24 12:58:45,,
gp:AOqpTOH1Wmi7nGboQUSQaKYMBlYHn8zPOwcaW8wvh3L3pkhs9VCemoMg8mYgLxexY6j2yiHkiJW1Q-PuYe9-vQ,James Auble,https://play-lh.googleusercontent.com/a-/AOh14GibkmVFJEiWBT9_vze_3QhnZa96uEjoLX6Jbj-onQ,Toilet task is unfinishable. Please fix.,3,1,1.6,2016-08-20 01:42:22,,
gp:AOqpTOFb0jqit2x0BkEh69sr3H3y5m36tH1CQlLw9G3TRbiyblfBSfDwFrrcjtGb77DbFeOFwybP_ikIhn-X2g,Emma Norrell,https://play-lh.googleusercontent.com/a-/AOh14GhSGwIZ5PArU747vTWuC7D3Wxy0OhnuVo9QPJ84ew,"Please fix, keeps crashing or just not working on certain parts of the game.  My daughter is not very happy!",4,61,1.6,2016-05-20 23:22:28,,
gp:AOqpTOHGyU5zrjcCUST0HVXDEPMw84uZYCJ6I5u98hAnkdPZvG_eiuBchvl8QWq2aUcv8m_48QjAJAAglUd8fw,Yuri Peñas,https://play-lh.googleusercontent.com/-Go9wezJ9wK0/AAAAAAAAAAI/AAAAAAAAAAA/AMZuucmjgIJEp7x20od9Yk_69p84zDvNUw/photo.jpg,"Though cleaning the window task would close the app, can't finish the task of cleaning the toilet",4,15,1.6,2016-04-18 22:33:19,,
gp:AOqpTOFf6AT3oS4wHhIYZiEy9lw95BG2XivAEMgPNzp9kCTQshUAEILe4QyRgugvoT2KwIt0hZFc7cgVrvydeA,A Google user,https://play-lh.googleusercontent.com/EGemoI2NTXmTsBVtJqk8jxF9rh8ApRWfsIMQSt2uE4OcpQqbFu7f7NbTK05lx80nuSijCz7sc3a277R67g,Works just fine,5,10,1.6,2016-03-26 08:27:10,,
gp:AOqpTOHRAwu2kNN1wRwIfukV8YZleaEPIeaIrIXYf1IxDyJckMBTEpMfNPFtccm14jjx7wiM3dpd9gLVYHImLg,Geovahnna R,https://play-lh.googleusercontent.com/-8sokAYcw0-I/AAAAAAAAAAI/AAAAAAAAAAA/AMZuucnlZM96zkqVRjsnI15zhpz-44oSZw/photo.jpg,I love this game and of course my two daughters! !! :) I recommend it!!,5,0,1.3,2016-03-11 20:41:02,,
gp:AOqpTOHUw-boYEinO_GnTzvDApWcKqTqkJodnhUicqI-_MPQfZ5LdPerJ50TMC1AjLSRgBnx-Cm-Y8UQV6m1fA,Ashlyn Risch,https://play-lh.googleusercontent.com/-EfXjLBbU2TU/AAAAAAAAAAI/AAAAAAAAAAA/AMZuuckEAPCaI0XaPvIu6jgjZJKAkc_pfQ/photo.jpg,The game is going out of the game when I am in a chore I was going to rate this app 5 stars,4,51,1.6,2016-03-03 15:25:10,"Hello Ashlyn! 
We are sorry to hear you are having problems to play the game. Can you contact us on support@drpanda.com telling us more about it? We'd like to help you as soon as possible! 

Thanks!

Dr. Panda Team",2016-03-08 19:50:09
gp:AOqpTOH2nK_QypTYM6WgGQfwLgD8SdgpJn6RDB-Xva8nhKyScYHTe82HEhpACN6shTe7oRJJRzTqpinUATxeuA,connor roberts,https://play-lh.googleusercontent.com/a-/AOh14Gjzm-c_gZfro8CgOJulaNy4zhfHB0EeJDJiX4vF,Olivia Loxton-Cocker,3,8,1.6,2016-02-19 12:12:53,,
gp:AOqpTOF08mRMc2Pju6GqeoRTj2u0cjhoPnP2R5aex1q2vXzpRq-hLJohPoiLPqoe3OjocDYwXibadxZ9iFZYBQ,Dharmagna Trivedi,https://play-lh.googleusercontent.com/a-/AOh14Ghf_aezopF_gI08DcRw8f5NARv-r0nho8zshFBfpA,My 7 year old daughter loves it,5,0,,2016-02-11 05:20:26,,
gp:AOqpTOEv0C-SdCM4cARJvZ4VG8BeZqm7Bga0aTg811Vk3P8YOMDOhzQOAErdYFOvfGK7lt9nalR84gthdbE4xQ,zunshine,https://play-lh.googleusercontent.com/a-/AOh14GgXGDFzUQNehl6ueucOjJjO6hrUVRgKex0w7QENfw,I didn't get my refund It was $3.00 and it charged me $4.00 I want my money back,1,0,,2016-02-07 11:21:42,Hello! We are sorry to hear you are having problems to play the game. Can you contact us on support@drpandagames.com telling us more about it? We'd like to help you as soon as possible! Thanks!,2016-02-10 03:51:12
gp:AOqpTOG80pC3IMKOGryCLf9zOsk2LhHT3A6orJmi4SjjP_W8muUCmL5MAx-kRPIHWU8kybhE-uubrU61-72ysA,Iris Sabordo,https://play-lh.googleusercontent.com/a-/AOh14Ghi6AQ-26RuWy6igildgXpjxxbKlH-rBWoaRK8T,"Im looking forward for ABC's and 123's,  some kind of pre-schoolers learning stuff like that.",5,2,1.3,2016-01-20 03:01:15,,
gp:AOqpTOG4nZxAMTcikxf_y-RL2iPQWRqnr15zj4Wme6VIsv3BL3Rur6elAfUB88HLwYM5_eRUA_GYzgpzCiMcvg,Anna Areal,https://play-lh.googleusercontent.com/a-/AOh14GiVl5Hkrhg5ixBofeKZBeb8wX8jbMw71pdKDpwX7Q,"When I was younger I used to love this company, so I purchased this app. I played on this app for 30 minutes but then got bored and haven't touched it in a very long time. I could see a four or five year old entertained by this. In my opinion I don't think this app should be priced at $2.99. They should have more activities and things to do if they want to price it at $2.99.",2,3,1.3,2016-01-01 18:27:50,,
gp:AOqpTOHG5230AYGh4evgVrpi21IqJlZYC_ix07V6FTq_yrEGTfyHiKxODYwbCTETdY9AW42q4Q-5lle1cykJ4g,Camille Rogers,https://play-lh.googleusercontent.com/a-/AOh14Gg3Uq-PF645NCMQGSwB9lKrQyn4E2nGmxpUcDUMWg,"I paid 2.99 for this stinkin  app and it won't  even download . I even went online and tried to figure out what was wrong and nothing worked so  either,the game company  downloads this app or give me my 2.99 back",1,0,1.3,2015-12-30 07:25:43,,
gp:AOqpTOF7bzOG04qn4jvG-G3r7UwIaY_1tZTOgigOyasSzhtX4JYiUfZA1g8VetMi8LqyfKvz2CB0dJOI8MPTkQ,Nicole Parker,https://play-lh.googleusercontent.com/a-/AOh14GhwKi_AjRsKDCy5iL-5y4Ve-bgUvd5k1SrG9nmK6A,All the games are excellent,5,0,1.3,2015-12-18 14:08:22,,
gp:AOqpTOFUHlrJN7Jqbt2jLb5zFL8pGi6RK7M46ZMRYHumwQUVrETzmZEgZI7nDDkxvcZDAp_uyBTl2batoM9NhA,Erica Santoso,https://play-lh.googleusercontent.com/-mwvwpqZyWdU/AAAAAAAAAAI/AAAAAAAAAAA/AMZuuclgPBCNQ8N3JmhE59lMFH5IVRmqAA/photo.jpg,My son loves this game so much and now it stuck all the times.. 😤😤,1,0,1.3,2015-12-10 01:05:23,,
gp:AOqpTOGSzd6gXkDxdKtjNMO7vIOj-XVGgk4XY9nQMRzs17kl4XJqwsQYtCeXTloQS9eX8FqCoXKHdyXx50tANQ,Agnieszka Cassidy,https://play-lh.googleusercontent.com/a-/AOh14GhvkHuyNJon8IwaWjuHcpLV-pkO8Bsa35g_d0OZ,It is asom,5,0,1.3,2015-11-18 13:04:38,,
gp:AOqpTOFzs0zNvjmWR6AUPQ-QRoT0QviGrDrHiGFlsUT9c2SkwaYdVF2pJzTdlUQ4MY9KmeATSWFwWrOurO4jiA,Penelope Miller,https://play-lh.googleusercontent.com/a-/AOh14GiGePyRW2FfPIXTNktM_TKI1X1QatBz0sbXM2sRjw,Great game 5 stars if it would move to sd card.,3,2,1.3,2015-11-08 10:39:03,,
gp:AOqpTOHwiIfdrLUQSRNnmmwBP0M31G9LdqzJBsvoLBMt_QmLkpKjUZJPxQir_Dpa1cqXlgM49h6LYdursC9rLg,Novita Ardindra,https://play-lh.googleusercontent.com/a-/AOh14GgeyWbf0sEpJdmgJP6MOVpSkHixvydJ3ZN9Yeh_ug,My daughter like to play this... wish there are more new features in it.,4,0,1.3,2015-10-20 18:47:37,,
gp:AOqpTOEJw9_G8VAOQ_r1ZNqkIJlKYZKok9qSqIEmTj-8xxFEB1zEB81WM0W0ZDlzyyusWQog4XMIHVrgT7scHw,Toy house,https://play-lh.googleusercontent.com/a-/AOh14Gjy2QWFNscyrswPFhsqZF-cRLONymkbA8daDTf6-A,"Having fun suck on them,",5,0,1.3,2015-10-19 14:48:53,,
gp:AOqpTOHxuwin_ho5uALY8tWNOqpS9f-h2o1GweMfmW331DDUsIzblHOGDFyaxUaz1-kh58460qqObxFnfIuo7Q,mai giro,https://play-lh.googleusercontent.com/a-/AOh14GhlLQBdB9Q6OpSrUzNug923512oeA0aUL_HikB6hw,My daughter is 11 and she loves this app so much,4,0,1.3,2015-10-13 01:19:00,,
gp:AOqpTOFO_gIVvaH0c4WFwxIwe50xFQpjQBJ36he5Rasp0CGGFIF49rrNcl2M_oeUXJxAZp4Rr8bPOMW3rbc7lA,Eddie Edwards,https://play-lh.googleusercontent.com/a-/AOh14GjbTbYxXJkMU9tuAfPWrEnfp9X4nc7H5fgpyAHW7g,"Please fix it, I think it is a very good company.",4,0,1.3,2015-09-19 08:33:07,Hi Jody! Thanks for letting us know about this issue. Could you contact us at support@drpandagames.com telling us about your problem? We’ll look into resolving this as soon as possible! Thanks – Dr. Panda Support,2015-09-21 00:43:59
gp:AOqpTOGVITEIF9S_zduQDPsX2GZf0PPmJo2Tvu9tlGXJdwVp4yLb4h7h6mll8Jbxw20bfL12ZSQlFMo7Mcw7Ww,LuxInTenebris Lucet,https://play-lh.googleusercontent.com/-tNVjW36zoqQ/AAAAAAAAAAI/AAAAAAAAAAA/AMZuucmmPH-BvZj88RjJnTX21nHD2ygg4A/photo.jpg,"My son loves this game but during a ""chore"" it will freeze and isn't able to go back to previous screen. I have to shut it down manually through my apps setting.",4,8,1.3,2015-08-26 05:35:37,,
gp:AOqpTOFaiy_rDp3iaWeO3GQyMwjcFcfiKPwspmVhMp3uxvG_wdqn_3JxicRxvtk6S4jiI_LfaYh9x2lvw1owdw,Sam Calder-Terry,https://play-lh.googleusercontent.com/a-/AOh14GgB4-Tx0-zMUBmci0Bje53KNmwJIQsdY4LVV8y-bQ,"My daughter loves this game and I have to take my tablet back of her, so that says it all!",5,0,1.3,2015-08-19 05:51:52,,
gp:AOqpTOErK9A7d3CIvMYbBOHmH6FuNx-8ihgAD-feb8k7tUePSj5JgxqR0Wgx3kznIfMmBMS73U7yBD_T0FEG2g,Flowers 99 Pink,https://play-lh.googleusercontent.com/-8ZGHf2hOQIM/AAAAAAAAAAI/AAAAAAAAEu8/AMZuucn0ESlC6YT_JqU-Dd-W6tRCnmnX0A/photo.jpg,Awesome thanks for sharing this.,5,0,1.3,2015-08-17 22:31:24,,
gp:AOqpTOGMvWFcf34zvb2gSKbEpeH50YQneJkxUVpYB668_Bf8X4pBQLyfs1mczHr1FYT4JyYQXDRieY9EQyYPFA,Demetrius Riley,https://play-lh.googleusercontent.com/-v95Fn1t8GyY/AAAAAAAAAAI/AAAAAAAAAAA/AMZuuckpascP_PkDXLRrGbC2YCOZl5KMWQ/photo.jpg,Mmd,5,0,1.3,2015-08-03 17:29:21,,
gp:AOqpTOHHyqKxqdK1OSzDvZd29E0sQfu6xzDB2zNGlHmdFD1Smng_gZVoqjW-DfynBVg_BakvpMSBWY8sccmeXg,Angel Hayward,https://play-lh.googleusercontent.com/a-/AOh14Gj52-4Bi9G01e6T0ONoV_agpcvtDdRc16CovOy6,This is best game,5,0,1.3,2015-07-30 01:08:57,,
gp:AOqpTOGT7j2s5CCNFYH-BymdxgNa5EsalgfHPG0L-Q0Fy9Y1C-0-K6BZgviaXcepAwMD-MZaufTaCjdkBqgqnw,Carie Carie,https://play-lh.googleusercontent.com/a-/AOh14GjZnGp-Wr8TU_GupYlRWvmSTralyvR4OlqMU9p7JA,Omg best  purchase ever,5,0,,2015-07-26 00:00:50,,
gp:AOqpTOHOzeVT_XVHfIokJXydWZ5PlXSCAHCKRyFOFCREcY0ngzOepo8cKdOCrD_gYGT3OWDvYoAah3bGjdf9KA,Catherine Sparkes,https://play-lh.googleusercontent.com/a-/AOh14GhLpoDn-QRpCQJ_-WjJ47SufoM5BfqeSd0XjZw30Eg,"After playing it once, my three-year old son asked if he could clean the toilet. Something his Dad hasn't done in twenty years! Enough said. Thanks Dr Panda, you are wonderful.",5,1,1.3,2015-07-23 03:54:06,,
gp:AOqpTOEL2F2s635BR-0cwkQ_mjMX5mj9SpJxJ8byrXO8h3VPobiuKnpYFpbzingPIM6gViLD1YfgL3fTuW8BrA,Michelle Nguyen,https://play-lh.googleusercontent.com/a-/AOh14GgD4hpLzN_FT5BHPgiISsF_Si-0cwYnwJmqPVxXDA,Add some more things that are interesting,2,1,,2015-07-14 21:20:50,,
gp:AOqpTOE_hj_Nh6QIpEhZbYKiWYxcbP4kX8IIe-eyOuIsofrq8GQjwabO_avne4rphFGAiIgxpc-n_V8Q3n4chw,Sarah Keles,https://play-lh.googleusercontent.com/a-/AOh14GjqGOy84rLYJxaIWf4MPLpeWVe2ggkZKzqEFvS_Ve0,I tried getting a refund but it's not letting me :&lt;,1,0,1.3,2015-07-14 09:17:28,,
gp:AOqpTOHgk2AXfiiN4FsrdhiNFBH3oFX3lPM_52yvJ_QFjkxlE1h9g59Xpv0y88JlhE089IqKnj7rPdPBG4Mp7g,Lauren Revels,https://play-lh.googleusercontent.com/a-/AOh14GiPQkN6DyeJPpTFfsevTZu1z1qnULN6MhZklmhMzQ,It is a great game and very fun,5,0,1.3,2015-07-04 13:28:36,,
gp:AOqpTOHJMaYQhatm44t2oEle6Kmhki6opIG69Bme6vX3c5Us39agrvWJ_D1ewe9FWifKu16nINhpXoaPaJufXQ,shelly taylor,https://play-lh.googleusercontent.com/a-/AOh14Gipv01nS_hGSHoNtd_O4ZmJkXbehEUzn9xor2N2Ng,I love Dr pandas games,5,0,1.3,2015-06-29 07:38:08,,
gp:AOqpTOEqIzwyGZGcPsQGSpGlWrxw461Pw1Q8ZU7ZtuWxZnFb3Pbd_ANUtkqGln2mdUKqotz8ycSUkh2chv7UeQ,Svetlana Natanova,https://play-lh.googleusercontent.com/-CeDsS1DDvPU/AAAAAAAAAAI/AAAAAAAAAAA/AMZuuckhZVQrCGLGqtaJZeb1pUxYzH1u5g/photo.jpg,I love it!!!!!!!!!!!!!!,5,0,,2015-06-27 13:44:57,,
gp:AOqpTOFNvyuDz62CBRqyKhFezIAhcBaxMdkGjwAGa5LFqY-TdVmiQ3YsgTaKxSh8sHNczaK-HeqVoZQxOUytdQ,wonderly,https://play-lh.googleusercontent.com/a-/AOh14Gi9a-7OEkgb6dI06DJyzcYqbE4-RaCplyblWufl0g,I'am only eight years old and I still love this game.,5,0,,2015-06-06 12:13:08,,
gp:AOqpTOEMOOEpY3BjokNEm92Ot2zXeAadhY-VB03g6PPEqXI7mOxmKUcA0CWoieUngkrxpsEHnz5q3VpULbTsKw,Wioletta Kulis,https://play-lh.googleusercontent.com/-fTrsS2MhzeY/AAAAAAAAAAI/AAAAAAAAAAA/AMZuucmO4_bVDX4O0TI3_Pkw9fnN5IIdVQ/photo.jpg,It is very good because you get to do things that make you responsible.,5,0,1.3,2015-05-31 14:11:10,,
gp:AOqpTOECUzEStlpfzTOF2rQBsLZVo1qX85Fntbkvmw_9Z0uHF3IO4Pv-yEGbIUf0HYY1ZuGOg4kWEGcrZL8nvg,Sally Arbogast,https://play-lh.googleusercontent.com/-eJuweRcATyQ/AAAAAAAAAAI/AAAAAAAAAAA/AMZuucm7t5fQ1ZUsVZta8dz1LVVGJ7_f7g/photo.jpg,It will not let me download the app,1,0,1.3,2015-05-30 06:54:32,Hello Sally! We are sorry to hear you are having problems to download the game. Can you contact us on support@drpandagames.com telling us more about it? We'd like to help you as soon as possible! Thanks!,2015-06-03 23:44:06
gp:AOqpTOGljnSXk9nluTpiDyGvas2_DlQD5VBbvDDR0jGlmDmRXWNq2qcA7Tp-z-zi991zsceC6wGwDXoujAqR6g,Kristina Kiah,https://play-lh.googleusercontent.com/-nr9OvfJnT0Y/AAAAAAAAAAI/AAAAAAAAAAA/AMZuucnNY1wT5HrjFOrSnK6AMQq_ZpUoYg/photo.jpg,"this game is awesome.  u can so a lot of stuff, and the animals act just like ppl.  thx, Dr.Panda makers!  (pssst.  Thx and ppl mean thanks and people.)",5,2,1.3,2015-05-16 13:05:32,,
gp:AOqpTOEwEdVkqtlYle_8Ih5jXE-qnjk2TygZlxzR7vT4qd7rFPUmgJo_ukhGOwMWoOcNQY7VscrCqFnBrhxQ3w,Evangelina Velez,https://play-lh.googleusercontent.com/a-/AOh14GhYt_QADmg2Myuk-Jo5WvRWtMQYemW95Nb1GoI-QA,"If I can give this game 0 stars I would... I bought this game for my son and it won't even install! It downloads then says installing but then just says error, can not install on USB storage or SD card. I have more than enough space. I can still install other apps and games. Help or refund please!     Update: I unmounted  my sd card then was able to install. Can't wait to finally show my son! 😄",5,2,1.3,2015-05-14 01:38:38,"We're glad to hear you could finally install it! If you have any problems to play the game do not hesitate to contact us on support@drpandagames.com
:)",2015-05-25 23:14:59
gp:AOqpTOHzJxJfE0MPSm9CcQWhDA6GPW4whgs-Whkk53BqZBwD4ob2NwI2FJ_hFxWqY8_0MVYhWF0wEucNmCzu2Q,Ingrida Timinskiene,https://play-lh.googleusercontent.com/-qL8iFA_ozuQ/AAAAAAAAAAI/AAAAAAAAAAA/AMZuuckCyvCeEVZ0SDe1xqHqWW9JpED2gQ/photo.jpg,I loved it its great game. :) =&),5,0,1.3,2015-04-22 12:26:44,,
gp:AOqpTOEmgUCZG1Ftki_Qs-nkR0eDyTHsxLHJfU453wuOXYRMI2kToK2K661cm7rwkAodoYdnvFCpaKHS4zqnDw,YR NDD,https://play-lh.googleusercontent.com/a-/AOh14GjPZ5VrjwwulPwucx5shw1iN4ut2q8Rwehbk3A7Yn0,My son love  Dr panda airport restaurant and teach me but not this Home game. The graphics are horrible and theirs not a lot to do in each mini game on top of that when he completes the games there's very little praise for a job well done.so it doesn't keep his attention.,1,0,,2015-04-21 21:40:39,,
gp:AOqpTOFZ1RcaS2NmV-jhuVm6XK3gdakJ-dYSvGH0wOswDWm9jGkqaLZTZdHz8lFZcRECUJy7rJIUyLmW_0YrOg,David Birdow,https://play-lh.googleusercontent.com/a-/AOh14GgGxg0lsumTaHyJlGVKm-sENZtAKYY3RQgZp9GP-A,I loved it so much but I wish it was free next time I'll give 5 stars maybe,4,0,1.3,2015-04-21 20:22:14,,
gp:AOqpTOE2lAyJ0hcikTIEVxmlDO728mYiM5AYQASTshrglG0ZtlPunj5PTPgdkXbgrCCc5LL73-wCxaY87hobgw,Michael Adaniya,https://play-lh.googleusercontent.com/a-/AOh14GhHBGt9d3VoXv-3JZxJf267a-ovfiB9aH_-070g,My children live this the Dr. Panda series. I notice that they do not use this app as much as any other. Maybe I it's the new animation. The classic look is much better,4,0,1.3,2015-04-11 07:13:18,,
gp:AOqpTOGf61ET-ojBdoZ-L25SnY9CQ_sWcvZPKlXk-o-sZa4y_o5SYhqk9Le2PNzr_Yxz_Sqiv3OXXmbvtJQNcg,W H,https://play-lh.googleusercontent.com/-BbD_d49BRqw/AAAAAAAAAAI/AAAAAAAAAG4/AMZuuclRWrgAgIPFobvDnPeYBpg5SEQvrw/photo.jpg,Dr.     Panda.       Home,5,0,,2015-04-08 15:03:23,,
gp:AOqpTOGURpeHkA1R1mHWR4qpmElqoCQEIkhJ5PmOQ0HbZRbBHyXupkUXN7yyfajnq_SUzYCVuuxQaTORjQ8NBg,lilbutterfly,https://play-lh.googleusercontent.com/a-/AOh14GhH7eBO8QF7w59NPPdtp7aCEniAzYIlPTDzo7er_g,2yo DD can't get enough. Can I get a discount if I buy all of them?,5,0,1.3,2015-04-08 08:37:22,,
gp:AOqpTOFUK188oWwKYhehy6YLiVoCE6aHzoApIBv_lH7MpoyGwIkueFX5bez2ePIMHnPu0bcyqTsaTU-Ehjd4rg,Claudia Dickson,https://play-lh.googleusercontent.com/a-/AOh14GiPMjmZU716x-cE_UAsj5wyUqKSqFBgsivzTClLQg,My 4 year old daughter can' t stop playing. It is a very entertaining game!,5,0,1.3,2015-04-07 06:11:44,,
gp:AOqpTOFIJ7nSPWAL-FEN1NBFfQp5RqE7LMEAt8m0S7WMj7uVwU5nmrhwqFhQejML0zCH_i7XSIGsCbgpz_oIew,Dan Thompson,https://play-lh.googleusercontent.com/a-/AOh14Gj6oEjGRRHtmBX_i8yHFTFVFb5-bdjVI80xok4P_g,Im 10 and I play the Dr panda games,5,0,1.3,2015-04-04 12:08:16,,
gp:AOqpTOHm-EE-gLVzYNAOa2f-_z5TWsVuLtJRCKdTdURl24BLLSLBlvjM9sDDFXxEa3a5VcMqrleYFEGmsjZNew,Maizie Dazai,https://play-lh.googleusercontent.com/a-/AOh14GhhaJGfCWu364bMDRJ6TxvtCmxC01YPi3rnc9Gueg0,"This is a really  good  game for my little sitter she love,s it",5,0,,2015-03-26 14:38:28,,
gp:AOqpTOF5rGJuoHOXeW8D6JlwaDc984NS7gSrZWtssqsmeJalVLppAZHR2l8MaSKIg4zZXtDzN31LWo9vtejnpg,خورشید آزاد,https://play-lh.googleusercontent.com/a-/AOh14GgmsCpt6nk7HnUbHmFTiu_0EJfwGkuiYTQID_6H8Q,"My kids love this game but, freezing problem ruined the whole gaming experience. Could you please fix this problem and until then refund me please? Thanks.",2,3,1.3,2015-03-14 21:09:08,Hello! We are sorry to hear you are having problems to play the game. Can you contact us on support@drpandagames.com telling us more about it? We'd like to help you as soon as possible! Thanks!,2015-03-30 00:09:42
gp:AOqpTOGb7V6vHOQEiwkbFE5YAS6QDgHokPX5D-Vjbtez0KFZkf-uJ2ZPYN6TKo3PH42KphqFVoHjw9FJt1s7mw,Salvador Guatemala,https://play-lh.googleusercontent.com/-otklcb8a3cA/AAAAAAAAAAI/AAAAAAAAAAA/AMZuuckWhDQZlAp4i7-bib2pRooP5Zk15w/photo.jpg,Yay♡♥♡♥♡♥♡★☆☆★♡♥♥★★★☆★☆♡♡☆♡♡,5,0,1.3,2015-03-10 15:06:39,,
gp:AOqpTOEW9We55Nz0VEf3DdAo-yldazsV5llDnKcadm8uc-4JjPoAl6kCyvUAZ-8k96Ath_cJ_ee-FMa57hRlDA,Jackie Baxter,https://play-lh.googleusercontent.com/a-/AOh14GiAbXlKo7WWOHbhDqwDQVMVyaf_Q3cdU003x7PNvg,My two year little boy loves Dr. Panda games they're by far the best games for toddlers I've found!,5,0,1.3,2015-03-08 21:25:11,,
gp:AOqpTOEZaptPZx5AylcKmdzm1KF1DiTtasU9OqsZLA_1VfZlCiveBLxsMXFu43n3GkMQ2oymAAqdY47XGry3xQ,Bene Kanotz,https://play-lh.googleusercontent.com/a-/AOh14GgnuJmivobra7DWuUFWhI49wqgaJOoqH9-liruB0sg,COOL LOVEEEEEEEEEE YOU GAME,5,0,,2015-03-05 20:48:05,,
gp:AOqpTOEogzEjbhsJQNrlUs5EGsyMU4fRLX_a3yWxj6Rn0mzLySdLnw0ysZStwncYW5azW4lrX4nsJP1fz3csMQ,Meg Spooner,https://play-lh.googleusercontent.com/a-/AOh14GipFexqZmOWYxAJ-0_WQDQU-73pX2Y1KTBQez743A,I can not stop playing it,5,0,1.3,2015-03-01 03:43:35,,
gp:AOqpTOGlAiVX8W7-FRmSjiDPEWTHtVW_W6bJVxc_JNAOfLQy_FiwrjkYNU5wreV_tGVI-trLxPsay7ClF43LeQ,Adelia Puteri,https://play-lh.googleusercontent.com/-xGvw2jGqkRo/AAAAAAAAAAI/AAAAAAAA9ag/AMZuuckcBoId5TuL-dJbn7Zxc4tYZrLPug/photo.jpg,"This game just for kids , right? I'm not very like this game ,because the game make me bored. I'm already uninstalled this game. So,please give my money back/refund. Thanks a lot.",3,0,,2015-02-28 20:47:36,,
gp:AOqpTOG0b9u6V6y4CYI7Ee5j4dPAxpIK9WHHQBYuUbeMxRCR2ApN9wMme42r1cc7ixV4-CvSNPqemwhkEXXJmA,Crystal Coffman,https://play-lh.googleusercontent.com/-MOsZ7GNCYgY/AAAAAAAAAAI/AAAAAAAAAAA/AMZuuckhpnoPRc0QjTvCigeIOAP7WsvtDA/photo.jpg,My 4 year old loves Dr Panda games. They actually catch AND hold her attention. :) Good job!,5,0,1.3,2015-02-17 05:39:22,,
gp:AOqpTOHlulzHEAVufhSLTrz7fZhuKZ4duDq7e81-L7ZNkOC5XwWWVvDEwrj0PgtU9LM9Z7YWNQRo6fVQHvMynA,rumaysa tariq,https://play-lh.googleusercontent.com/a-/AOh14GiNp8EDwR5UofsfusYU1vaDJ7ae8SbczGnxRQ2vXY4,This game is the best when I download  Dr. panda's home  I was existed to play it  when I started to play I sadad my mommy that this game is the best.,5,0,1.3,2015-02-10 14:03:48,,
gp:AOqpTOEjOBJy6TrLyb9p6CxVdKf5h7CWe52ynhtCGTNSxGwmRWxlzuviHTZPaFQS-xliajVmej2HagP0XM8rlg,Just Write It Out RKaan,https://play-lh.googleusercontent.com/a-/AOh14GgpRyoiLkUSnLGu0Ro-2TU4il7PdO6YC3v1Dk9aFA,My son loves it,5,0,1.3,2015-02-06 17:35:19,,
gp:AOqpTOHHc-H_GiYLTW5YbcXCm_YVJQ_XL5XBXW2nrtsaqOst72mfFeVxVCOwOVUKZuEptdichMwyLNlQuLsmHQ,Nicole Lapierre,https://play-lh.googleusercontent.com/a-/AOh14GjhitiEc7n8O9k96TPCQ_3niQtKSsGqSMAiyBYoUQ,"my daughter loves the Dr. Panda series, but this one freezes everytime she tries to play",3,1,1.3,2015-01-14 05:27:57,,
gp:AOqpTOFO_qs-FktL01prbJtYOIFKDr1vataaAgM-jdFkiEWESc250Kdtn3c0nTDwSKXQTjPHf-qF_GxD5nDk6g,I Gomez,https://play-lh.googleusercontent.com/-i1yjemztPpw/AAAAAAAAAAI/AAAAAAAABO4/AMZuucnZQha8PwrxMqu5Bpn6zFzA7kU7Ag/photo.jpg,"Fun, educational and so helpful explaining little kids house chores.",5,0,1.3,2015-01-13 02:39:08,,
gp:AOqpTOHut3MJ94zR_f8aapt5z5EMZeTqOU5kEmnFjBMHqOJR6c9TB36Cy1-NV4M25hvPMBPoPCc4G7WpHFh8Ag,Elena Montanari,https://play-lh.googleusercontent.com/a-/AOh14GjXYQeesYVHPp2Bp7GdXJjrDqjStmvWWqL9rWyotQ,Does not work on android l !!,1,0,1.3,2015-01-07 12:24:26,,
gp:AOqpTOE9TlAQ5mlC3ddmEy9gjuWpL3qmGFTW0ZrFiPPDP-wwandfm7dXLsKrXkz-O5N3g_Tt1wJPw0SZM5khmw,Steve Cotton,https://play-lh.googleusercontent.com/-iH4Ynl-MoII/AAAAAAAAAAI/AAAAAAAAAAA/AMZuuclEpKiTUqkcDVqOx98osnS5g65wWg/photo.jpg,Fun and easy,5,0,1.3,2014-12-21 07:39:25,,
gp:AOqpTOHg_UNLUk7iQOado7IUAAFOpdvcTI2oxHh_9nh4XqN2YUXRAIROOug_2tIp-xVhOHSoeAj86etYeeuKlA,Bryan Watkins,https://play-lh.googleusercontent.com/a-/AOh14Gge4d7z2-KVxTC2DyJtBEt3F-uvqex18k5yWnxg,My daughter loves Dr.panda games love it.,5,0,1.3,2014-12-20 10:31:11,,
gp:AOqpTOF11fLksicL60q-k1WjGXGknf6o4Y0wro-ez0f8ZqwfyuxtbirvMsTtBAPd6qp1LNmg1oeBYLZKIoefKQ,Brandy Roby,https://play-lh.googleusercontent.com/a-/AOh14Gj5DCvrglC_vMQK40vAsWMsv4Czb1l_DvD8RnR2cnE,My three year old absolutely loves it! Keeps her entertained for long periods of time!,5,1,1.3,2014-12-04 10:48:12,,
gp:AOqpTOHEgrmtBk1_OFYCFXVqW4y9uxn6Nik6ysaLnFmvK9xaWVYJR9pnwcnQtLUrli6o3GaY2TuD0fSio3Qcrw,Candice Courtney,https://play-lh.googleusercontent.com/a-/AOh14GjvBv4HSeVasdoma1AYHntVItxpVJEi00WyJXDvuA,Very cute. My four year old loves it.,5,0,1.3,2014-11-24 10:22:57,,
gp:AOqpTOHL0mhfyhImuVkc2p2TqOwSCHx49iszs8D_A0-QuCZpPLlfSyn6BSax5bBOPmqgz4p557JtM4HOjHqhCQ,I-Jung Tsai,https://play-lh.googleusercontent.com/-OSfN0tAZUJ8/AAAAAAAAAAI/AAAAAAABAZg/AMZuucnY0vZ4EO1IRCRghNJggTIJWi2yBQ/photo.jpg,My 2yo daughter loves this game. Cute and educational!,5,0,1.3,2014-11-07 09:40:27,,
gp:AOqpTOH9bH-0tipN8rejmnVMYoWZvbKrN7-JFoot4084uLkj7b2m5UfJ9rQ-gpeIVp2CxJtgHj8rw--LFV1mVQ,Tương Nguyễn,https://play-lh.googleusercontent.com/a-/AOh14GiT6v3eX8SY3u_lxz-MseC6uFyZO1TDgyhqnd88gA,Good,5,0,1.3,2014-10-24 22:20:46,,
gp:AOqpTOFFeEUgwdcKfuX07Q6zmjVZIfoJrc4I9AYKSH0KHQ1eUYJOHU2GaK4G7lGrNRYcGH9Z-7tYxIqk8cFnvQ,Alcely horas,https://play-lh.googleusercontent.com/a-/AOh14Gjhf-clrtf02tr81LfF6OjwZYu4vzWO5GCwbjY5ow,There is an error in this game. After an activity sometime even if you press okay  utton the app won't work and just freeze make me to restart it. Please fix it. I buy it for my 3 years old son and now can't even play it,2,2,1.3,2014-10-20 07:31:33,,
gp:AOqpTOHzCJLsZsvMvnBGWkfOkAXf5ZG0dSZc1Zn3h4BOWTBLw7ghqiTXAaHfJeCOvmFx5eN3GYkRV_qxtNcscQ,Rxses are blue,https://play-lh.googleusercontent.com/a-/AOh14GjfLt0tUP7G4ycMvxDsZfVumjU6p_NYU1rw6xed6A,its so fun i can do anything yoohoo,5,0,,2014-10-06 06:17:55,,
gp:AOqpTOFOx5LyRGKUJcY3WB-Z3UMADjbB-kXrP0MmK5NTB0kSucGBcA_RakDOnYhMeXbAWPsi-2g2ISU6c_XBTg,Jasmine Putriwijaya,https://play-lh.googleusercontent.com/a-/AOh14GhL4N4w2GIphSLCnsr-skiBEMfc0EN111XHene0uQ,Great! Buy it!,5,0,1.3,2014-09-13 08:04:56,,
gp:AOqpTOEsE0yYn_6-VkZYLpEcX4Q1F5VM_d7QirM0-aNY8kvYid0Prlq4hMxtSDWqXqb4NhVLdMm5jw0LR1YqwA,Jeyavelan R,https://play-lh.googleusercontent.com/-1LzmqMKnlOw/AAAAAAAAAAI/AAAAAAAAAAA/AMZuuckPda49Fz59spQ5B_erO4E62SsmzA/photo.jpg,My four year old daughter loves this a lot..getting used to the controls very easily.,5,13,1.3,2014-09-10 03:21:24,,
gp:AOqpTOG_seJWm5wtyxmft0L7Hug-CH38swh7eB3MVii9fUqKxrm1tSkCA-r8RbLVznon71xLnBY-rzFb9PzZrQ,Breanna m,https://play-lh.googleusercontent.com/a-/AOh14GjB0npD5Nop0fbVOqCFU-_N_NNd1nNuMpE8DGcBbw,can I have my money back or can I get a different game then this. I would like to get a different game from the makers of this game company I love the other games but this one I will give you guys 5 stars if I can get a different game from you guys.,3,0,,2014-08-30 10:08:33,,
gp:AOqpTOFWL1CbtsspMO6c7FiIt6rjtDVZa9gMvTnV72m_ihUJ3U08PugThumBMg2e8_FuoqCb6OUCPOFVS0wHNA,Ruben Kan,https://play-lh.googleusercontent.com/a-/AOh14GgbXiY92mvAJJbEGnoP4B09V-Rej2kscqgUhlAxNns,"For kids, finally we get some polygonal Dr. Panda.",5,0,1.3,2014-08-30 08:16:20,,
gp:AOqpTOGUvaBauGxevXX-lfNfl0QRaus5x473ZuSGbQg1OVqsrgAPU62tn51RQKrf9KhXfnpiEK4AS3YEsOabaw,Michael Clarkson,https://play-lh.googleusercontent.com/a-/AOh14Gg0AMgPE7eJTQTi5VmjUNKUYejKA7MegyHQ7AA,Permissions requested give developers ability to identify phone and serial number. This is more intrusive and different to the other Dr Panda titles I have for my daughter.  Developers please explain.,2,3,1.3,2014-08-30 06:02:30,,
gp:AOqpTOFKRJoUrOGTxirBT1nJwn4CgFm2J25B56AlkQ6B7o2NkbLAFboLTVP8uIdD51YlcJHy2CbcvWROvxx-ow,Callum Ferrier,https://play-lh.googleusercontent.com/a-/AOh14GgbWVpULJxLSkdZn4D2MIL3kiihfpBc4LnrZ9WXGQ,Great game u should all get,5,1,1.3,2014-08-26 13:10:02,,
gp:AOqpTOHDXZwAWiEc-MHF_zkUDRqHF_vCWst2YVs-PP8VqM-yJXWS1B0Co3PUJRTAlvt9PrYLbBpCBkCl-O3RAA,Tarantino,https://play-lh.googleusercontent.com/a-/AOh14Gj3QM746Tw-gpfyb_vS5VdtyXf1TNAnwJr8mnce0A,Lots of glitches. Would like a refund. Such a pity because my kids loved wbat did work.,1,0,1.3,2014-08-25 08:00:23,,
gp:AOqpTOEEG4YpHBmH2rNv1FdXQv6Q2WZxUXWNU-qalvyAMUVznvwQargOqyv2EjmPb3EweFwQv363kVupUrwpog,Lee Broadbent,https://play-lh.googleusercontent.com/a-/AOh14GhFxd9xnLQAb_76G-7t0sKQBnUgr4OlGzO8pu2mSw,My 2 kids lofe this.,5,0,1.3,2014-08-23 12:43:26,,
gp:AOqpTOFQbgrg0n6-SWnvCQAzBg2GEd_ThVXVnS01SQkH0Q1O45cu0ner5GMlWqjDzsdRXb-2LXV-OfYiuuVKcQ,Anne W,https://play-lh.googleusercontent.com/a-/AOh14Ggxr5LOoWLVDb1NEK9b1rZzxBwPp-khwECu5FwTPg,My nephew loves these games,5,0,1.3,2014-08-22 05:42:57,,
gp:AOqpTOFgKnUqgsMSK7ebBfxXAvWU-EmCgWUnIIM-A1gt8QzAu4RxAN9nDj7MKdKPZ6VOAXGr-yW7kts7GesFWw,Theresa Darnell,https://play-lh.googleusercontent.com/a-/AOh14GiM_uR5ZiwkXuoawenzmaQf5R7fDKXlcxQ2IbDJLpY,Will not unfreeze my daughter Cry's every time' and she loved this game,1,1,1.3,2014-08-18 10:04:05,,
gp:AOqpTOG4CM555JFf4ruj-6BKFwNCU8uwPiuYu3OeHDd9RjHSoId3Z_fMLdoFXyf4BZwMOg3U9xDUgUznsAD-gg,FAYM Family,https://play-lh.googleusercontent.com/a-/AOh14GjwvHcYHtlle2vWW9GkIvGCOOwlcnFeR3ej139gxDo,My daughter very  love this gamme,5,0,1.3,2014-08-15 06:14:50,,
gp:AOqpTOHvRK8VE43cDztSdAcr7OJXGdeh50T7rZBm_1kv3eqjj3wQ6sLfBE2mJrXMwdnRn-K_5jjRwCsCMmoqpA,Geneva Topping,https://play-lh.googleusercontent.com/a-/AOh14GjFYeeBZ0wsTilO6r9aoy5Zc3NqRwGinA35w9qJBA,Played for it but will not install,1,0,1.3,2014-08-05 15:32:33,,
gp:AOqpTOFRnn5xQMUDRmqbqYGOcBr4zgJ4oDYFC9O6m6JHbATduzMhP7TaCATajUxt5h-i6KiCrdZ75KyHs8DNLQ,Ronny Rosd,https://play-lh.googleusercontent.com/a-/AOh14GiQ6z0-4FYyQMv2l62AsdA2QFEsGqLjLd3KFg9oihk,It's a really big app to install butt it's just worth it.,3,0,1.3,2014-08-03 12:29:20,,
gp:AOqpTOGvJEfrWb0wyZrnW96qWNM5QXgemkv_uoG0vyxvIpnndgk8V1Fkn3fPCUbjftzK1glmYLSnbYK-WiYvFw,seema akram,https://play-lh.googleusercontent.com/-aeudOzuQcGo/AAAAAAAAAAI/AAAAAAAAAAA/AMZuucneP8yLTpCNuPTVwK6bcAXBIpH7Tw/photo.jpg,My and i love this game because my son can learn how to do house list,1,1,1.3,2014-07-27 04:09:52,,
gp:AOqpTOFehjkUsIOGKAuRz3Gw2i00p1aNKridvsUNr5Ec6W3VRSYZ7CtzM0n6vX4h0sHQgCkwx6Fse6sHWeW41g,Julie Horton,https://play-lh.googleusercontent.com/a-/AOh14Ghzw2GqyJKhrs6LoW0aUTdWdZtA4jHmF9JyRDl1HA,Loooooooooooooooooooooooooooooove it,5,0,,2014-07-26 20:31:48,,
gp:AOqpTOE4PouWF-FdmVO73e7D0vO3pPyUZ_7cLLMQJ39t8cm0Y-kVm-lUABVk7_rrx4s3VxjmgxfL-5iNUaZnRw,Kaylee Pavlicek,https://play-lh.googleusercontent.com/-xiB-Vk0UJOk/AAAAAAAAAAI/AAAAAAAAAAA/AMZuucloGUC6_hsrHgAjUaMu_oo0USxmjQ/photo.jpg,"I think it's pretty messed up when I purchase a app, spend money and data down loading it and it doesn't work !!! Freezes every time my kiss plays it!! FIX THE PROBLEM! !",1,0,1.3,2014-07-25 20:37:45,,
gp:AOqpTOENEbdtDI5Zi8Y8wjpKEvIgyagN_gS1jy-OrEoQ0ghoA_2zcWjlvS-1wKi_6vuB70BlLbVwYSccSv5AuQ,Thanh Dinh,https://play-lh.googleusercontent.com/-jCWhNJ7wL9s/AAAAAAAAAAI/AAAAAAAAAAA/AMZuuckv7CBUZOnfwTd3qzT_K-MCL8YfMg/photo.jpg,Can not install on galaxy tab 4 7.0,1,1,1.3,2014-07-17 18:23:04,,
gp:AOqpTOFQrpgtko_ZbupK7KsdGjxldrTNnJHPimDlTdkjuPtU42SDyRb3l95ST7JZ3ZeFlQzQJy5jweB8NkSTkg,Katie,https://play-lh.googleusercontent.com/a-/AOh14GgJsojNvC4yvae3nNTP2GJzse4fKuWnHvj5d8kl7Q,I love Dr Panda! 🐼,5,0,,2014-07-14 12:50:53,,
gp:AOqpTOHBlTI0ax826KKW5mCZY2S2Z0gs37kqms8LY2IINVajYqelpvo_5m6KGQP0lYuSfr9sNdbkRD5BSOkSJw,Homer Couch,https://play-lh.googleusercontent.com/a-/AOh14GhbPFPJtfXm6LV9_2v9Q3j79mZOlbW9WYFsgVXiKw,This game is so good my three kids love this app Dr panda is the best games for kids,5,0,1.3,2014-06-29 06:34:51,,
gp:AOqpTOHMxxAN_w2cktKfEaZ_3fNKFc_dlyas6LS0HHzjO43reLJ94t5seA14jeKVlIJzrRQzT8XRVOD1NddzuA,DR_ SmallZ,https://play-lh.googleusercontent.com/a-/AOh14Gj_ZyVmvENJ4lO2oaCe7YRXJEnu-h_jvZfkb7vYmw,I love it,5,1,1.3,2014-06-28 17:40:32,,
gp:AOqpTOHn1y2aHgBPqbWs7i34aCqToNfoVn2Zq8hmtC-q2Vka10g4hYCGsMc6dGoGkUwm4oXV6Kp25_LT4q7StA,Easythe Beast,https://play-lh.googleusercontent.com/a-/AOh14GirWtSBe9UN4wHx-yv3TCEEwSRt-cLQCfLX0Gr5Rw,That is cool is in it the Best game Ever in the world,5,0,1.3,2014-06-23 00:11:14,,
gp:AOqpTOGmfkNai13LLdx00lXfv_c8gZlE9Duvh9HSf6o36G0koZErFzctByMovxEFVASPdYP8H-_rhRfdayBMBg,Julia Davis,https://play-lh.googleusercontent.com/a-/AOh14GiZPyI74CUR8HoRVQujl975XiKgpXmWgqcjm3SogA,Awesome game,5,0,1.3,2014-06-06 16:47:53,,
gp:AOqpTOG1UbFXbSf7j1bCg0UG2wDeRtAm3AoYdYo-khIVZoow3Fzxq_I4UL-q-qFb3vIskNKvUI_ugsDQm8VReA,Elisha Bear,https://play-lh.googleusercontent.com/-D155GCepp3o/AAAAAAAAAAI/AAAAAAAAABA/AMZuucn__zfLNxh7b7w1KyZHKUKyVNSOTg/photo.jpg,FFFFFFFFFUUUUUUUUUUNNNNN,5,0,1.3,2014-05-31 23:37:31,,
gp:AOqpTOHBi_hy2vRn5bfuCzJOjdJG82b98_WnIC7P4bitagiuaYP0eZu-pevCY7WkGkXcjs_m-30MqLO0P8JTMQ,Adriana Avdarmani,https://play-lh.googleusercontent.com/-IkQdkLYUJt4/AAAAAAAAAAI/AAAAAAAAAAA/AMZuuclmzvPuBzVg4SONjOkzJn2i-r0y0A/photo.jpg,Awesome,5,0,1.3,2014-05-29 06:41:17,,
gp:AOqpTOHHACStt4bC3l5XCKnF0AS1onrevl8cPr5KnbvbHK0295pT7_Up5zlNBKBCjnUjT0p6tk5JMikk6FIb1Q,l Becky Reseigh,https://play-lh.googleusercontent.com/-HebAw9vSjhI/AAAAAAAAAAI/AAAAAAAAAAA/AMZuucm-DVpe7n_sHmBpYaBgF5GwOA4uZQ/photo.jpg,GREAT I love it,5,1,1.3,2014-05-24 07:42:18,,
gp:AOqpTOE9-g7MN4Ojnn7iPUuH-04UkzYxFxZfWPVNWXViozARHAi7PqNystaGY7rxAlSOAoSOh7f99kCT6bhiXA,Orville Non,https://play-lh.googleusercontent.com/a-/AOh14GgYhxNfUvojPOKcv7zWlkst0fLW1zI5VQOSHWubf_o,excellent,5,0,,2014-05-23 05:24:45,,
gp:AOqpTOGW2D2bCaQMKFdaN3jPUHPkChT7rcWS_bvmhtboh2uSw1zOqSmSDQHXcyXV4FxtNlQTL149ZkZl57snZQ,Alicia Indriani,https://play-lh.googleusercontent.com/a-/AOh14Gi45AjjEU694_IUiF-n7ju8-0fw8sz4Mrn-wgBPiU8,Nice,5,0,1.3,2014-05-18 03:54:54,,
gp:AOqpTOGiDwHV0y7Xpa1tJgJHsVn4gK41Phtv5XmnokJrnhRLo7QDXGIoIN0UYQmmG4MMCP2WoULIwKxbImzi6A,A Google user,https://play-lh.googleusercontent.com/EGemoI2NTXmTsBVtJqk8jxF9rh8ApRWfsIMQSt2uE4OcpQqbFu7f7NbTK05lx80nuSijCz7sc3a277R67g,Good game,4,1,1.3,2014-05-15 17:45:28,,
gp:AOqpTOEw_qVqphGmOa9BYMRxZgA4VFwy3o8bZQCKXhnpQnNNC1U14BiACrx52ShlZR3APumSn70SwqjWRHRjfg,lysi m,https://play-lh.googleusercontent.com/a-/AOh14Gj3kup0g7joSW5DSbwWgQz0q0QaU6AI5JdKq9yxZW8,I love this app,5,0,1.3,2014-05-10 19:44:31,,
gp:AOqpTOHhWIHLvDj0xBFNubXKX8QRxQkFwYaq-tJs4gLPpMbnn-CQS3srBSipuM0UPI8WCGxHUNQfdnqJrJgkcA,Ashley Roberts,https://play-lh.googleusercontent.com/a-/AOh14GgyqNi7UM7mbcza0y-Cdy2YMA683QBr3QuYcmXeGg,Keeley,5,0,,2014-05-04 10:43:58,,
gp:AOqpTOEooJLFgDZfXxx_tra0uK4FEat2r46XxqWrzI-LJBobGTk6q4NadptF3C1UYPxr0VjsKSBXtotqrVES6A,Tiayun Burkett,https://play-lh.googleusercontent.com/a-/AOh14GivQtaTHqbU_jROCdVsmignnlIs0pArANxMQE3aimg,Good for kids,5,0,1.3,2014-04-30 08:00:21,,
gp:AOqpTOEzRp2bf-0OuaNNn5bj--5tENVPKXW8Ws8U95VXNI6hzVhxbKp6IbPxGZDPKTWM0SD02GAZTN8V9Zgfdg,Kathy Le,https://play-lh.googleusercontent.com/a-/AOh14GiqHn9jUfPVdbee8sw9YhG_PtyWGHRGQ635OpyiTA,"even though I may be over aged for this game, it entertains me in every way. Its adorable!! I feel like I'm 6 again playing this game. You wont regret getting this game.",5,0,,2014-04-27 14:51:01,,
gp:AOqpTOEQ08nOqV17_RZ7XG3Icy86n6IFW40higkzRhJfmCEX1fua2PxfsfMKKJEGeWomfRTm5n8IShDshUgy8g,Sarah Press,https://play-lh.googleusercontent.com/-8NPjEOGsRRM/AAAAAAAAAAI/AAAAAAAAAAA/AMZuuclJbUm_kWt8UgMjS49OypmRPifbFw/photo.jpg,5 year old loves it,5,0,1.3,2014-04-26 12:56:25,,
gp:AOqpTOGm69cxo4W2u6ttCC3EKVpuGx-a8h51neXJponuvM5UMx33rGzLSkqhdeqpiYrBfomZogX8AwFQB0tCGQ,Karen Williamson,https://play-lh.googleusercontent.com/a-/AOh14GhZyxX1vlwd_C7CcVnzc9UzV8xcusHyj3AAZKpWuQ,I have purchased a number of doctor panda for my 3 year old and have not been disappointed by any so far. This one is equally as good.,5,0,1.3,2014-04-24 12:19:51,,
gp:AOqpTOH6qUOpHlPNrlJi869FpT_CYC4KvicTDJwWsgM1UsgK3T2XMjKcdEWaO5cekceEbfVdwA51T614VQdeHA,Noritza Mier,https://play-lh.googleusercontent.com/a-/AOh14Gg6zpwT3tOSYYt1zV-iqnA-XSgtEq5girCyJa1jZQ,,5,0,1.3,2014-04-22 20:28:30,,
gp:AOqpTOHAXOYDSiD2trgtvRgJhyFkpqKtqUVPWnxnfVIoq3fgXyePPidAJkv6reLNKqxxd8RqhwpY2wk5t_pq4Q,Nene Omoro,https://play-lh.googleusercontent.com/-LhIYBgOWb_8/AAAAAAAAAAI/AAAAAAAAAAA/AMZuucmBhHBTCeRawv_GgjVceFqC0fdQDw/photo.jpg,Loved it,5,0,,2014-04-16 10:28:22,,
gp:AOqpTOFVHEWLoj9KpRb0yKuZDu122vPD1tLCigpYN-cV5VAgrsIXoqokxNdAgd8DHCym91rnAQ7P3sN8VsREqQ,Rebecca Tipler,https://play-lh.googleusercontent.com/-JzwQsH8RzIU/AAAAAAAAAAI/AAAAAAAAAAA/AMZuucncfndV-4UAdWKhpQlq9_nvzwooOA/photo.jpg,Epic and fun to play,5,0,,2014-04-09 01:56:36,,
gp:AOqpTOFdeNVBXAXB-URAiAjbl3A-ZRj6RkQcwThjQudGnHJh16MALZ7KWdOfbh1sB-9eDSyg9eakz5zNz9xR8g,Mileena Francis,https://play-lh.googleusercontent.com/a-/AOh14GgrKyH72HaetK5_sclxDErsa6E3nCITpNDpdHecmA,MILEENA J. FRANCIS,5,1,1.3,2014-04-08 19:37:38,,
gp:AOqpTOGIFBVtzUyq3REqslG2MYxG8uu1unz0NOeSbQgZ3lt-xm2-YStHtaJcN1Q7MPbJ0GtFDx2VvbQhlV-HJw,Donna Roberts,https://play-lh.googleusercontent.com/-7yZRrjaUtkI/AAAAAAAAAAI/AAAAAAAAAAA/AMZuucn62pXv2-QUf5UE0DFa0J5bEOLfVg/photo.jpg,Very good game daughter loves  to play dr panda games.,5,0,1.3,2014-04-08 15:18:20,,
gp:AOqpTOGFrHAucQAummxJyYo6t0ryxBKFpWSVtejHfZu2SkGQiuJ_CsySl_oB1iETSz9G9ShhHcXhg8b2xfeP7g,Chris rainford,https://play-lh.googleusercontent.com/-pLXh2FWYCcU/AAAAAAAAAAI/AAAAAAAAAAA/AMZuuclf1dOpCk3DnXSg_itRbhC_RDUqPQ/photo.jpg,Great and entertaining for all.,5,1,1.3,2014-04-08 01:59:11,,
gp:AOqpTOHwOxCzj0LtjHcnQW6zNEKDNNleaBDHRqgDLGWls1DN6vPNBcekywqtsm5dPvTt6YEqKqbEYqSRzWksrQ,Ender Slayer,https://play-lh.googleusercontent.com/a-/AOh14GiPYFod8o6Srgye0PqbeIQNTAS83_rtYg0Djtkwkg,Love it,5,0,1.3,2014-04-06 04:09:39,,
gp:AOqpTOGE8StwQhYMgzr0SUI7i2wgFcSsGIzh6KkkVHh_8jak561T2U6O93PobJWVZgWUKedbJ4s0W-OhWQoFNQ,Estella Aparcicio,https://play-lh.googleusercontent.com/-p6QBDKGXNJQ/AAAAAAAAAAI/AAAAAAAAAAA/AMZuucmf8_39Wg7CUxgpiCekuewlK-480g/photo.jpg,This is cool,5,0,,2014-04-02 18:43:18,,
gp:AOqpTOEFz0bsNioETjnsYzjw2AcwOQK-vJO_N70L2_4YwOuE37Yjs0p4Ew9tumqPmxyGtJ1Oag9TWdCzOCoCrw,Leighton Stewart,https://play-lh.googleusercontent.com/-sMsLIOi2iY8/AAAAAAAAAAI/AAAAAAAAAAA/AMZuucl44LofI1Pu-m3yEU0Ge1aIB2Vq_g/photo.jpg,,5,0,1.3,2014-03-22 07:59:39,,
gp:AOqpTOEPJRIOa2Q3PzYzodn_ozs7obO-jj48PC6TwklLzpTIrtuiOoJr7aY6GyTi_xB-HzAIwY_TjQY79_V6vA,Derrick Hughes,https://play-lh.googleusercontent.com/a-/AOh14Ghl6jtIirQfaWU95-gyhXM6DZJSKPLv1usRkAp-QMQ,,5,0,1.3,2014-03-21 14:11:12,,
gp:AOqpTOHjDxu6gaLlrQaKg6WygNjBdCcx2LPPLSPBwl92oaX5UtWaJT5FLiMuguDcJaunt_tkE0OYq30HxqaQyw,Vanessa Jackson,https://play-lh.googleusercontent.com/a-/AOh14Gjh_FkbJ1XjaTL4MVUhzpiczf80a2hIDwLaBPeFhA,Excellent GAME,5,0,,2014-03-20 18:12:16,,
gp:AOqpTOEQwTms47XaoVvBAQ28nfX2BewYk6P7v6-8f-3pFqXA8kIeTskZBRJs2VRi03yNi0TUd74pKs43hjf14g,Annisa Lakhani,https://play-lh.googleusercontent.com/a-/AOh14GjjMwlT0QCOhbpJvmoRV7bwGe-jBMocn_s2TQxtEg,"I love Dr panda games,  my 4 year old daughter is so entertained and she is also learning how to do household chores. Very educational,  worth every penny!",5,13,1.3,2014-03-18 06:18:38,,
gp:AOqpTOG3Rx4BCh7STgdg9LQz2vA_RjZn8n5h0ZLol3a1_t7ppPMK6tmBXqDrKlyDFy6sGVhyOf7LE94iDdLItA,Anthony Papa,https://play-lh.googleusercontent.com/a-/AOh14Gju1qm21B7h3WHODOBHQjFmzXr2Fe6e5iSi3mEybg,,5,0,1.3,2014-03-16 11:46:55,,
gp:AOqpTOHZNyIZN9r8cUZqL2qXJfoehVWuMSd-A1FkNJAgLvL2XcqU7BMFmNz8DPa64nlelMGwPYQMdaAFxrt21Q,June Hurley,https://play-lh.googleusercontent.com/-adx3fOVZdkQ/AAAAAAAAAAI/AAAAAAAAAAA/AMZuucn6M8bED6viWbMyf1NnDQQzu5y4XQ/photo.jpg,Stops a lot,4,0,1.3,2014-03-13 13:01:39,,
gp:AOqpTOGd6o9eNLiTDg-FxP6UwEGJyCDbAwiaLOkAeqRkWqmpTKE4Vei_PrAL1HET06lcHX0QYjmMOvZc7AGhyA,Heather Murphy,https://play-lh.googleusercontent.com/-lXlp5A1lb7M/AAAAAAAAAAI/AAAAAAAAAAA/AMZuucmaHDCi6Hwklzep6i7dqNISApdJOw/photo.jpg,My daughter loves this game but it won't let me update it and won't let her play it because it needs to be updated. Please fix the problem so she can play it. That is why I only gave it one star. If it worked right I would have given it a five star. Please help my daughter wants to play but I can't install the game.I paid for it and now can't play it,1,6,1.3,2014-03-10 15:25:47,,
gp:AOqpTOFrjpZauZyMCwwgmRzF5kYySFrkS3q8tpnQ10c2hcf1mk11jest2nSsPNvtu7ky1yjP5fMQljDmQY1DHA,Dymon Burton,https://play-lh.googleusercontent.com/-aQXV_JjZpFo/AAAAAAAAAAI/AAAAAAAAAAA/AMZuuckHrdeLkE3N_7sZszz7TjLntbIoNw/photo.jpg,Dymon says hi,5,1,1.3,2014-03-08 17:28:53,,
gp:AOqpTOFuVfJ-ZzXE8PG4citoQ8-mnlXSPz_svAzbnpJsw24tfU0QL7EeSFQugOQO8M1HnGtmWNFPUggcNy4YHQ,Bryan Taylor,https://play-lh.googleusercontent.com/-LT0dZCGzDGM/AAAAAAAAAAI/AAAAAAAAAAA/AMZuucl2Kj4QGlYQ-tBWvt1Tv1BeDgzmOQ/photo.jpg,,5,0,1.3,2014-03-08 00:51:46,,
gp:AOqpTOFBxwsWDggpuQYJB7o4ItPa-BUSHENNk13Lc8nBKNjpfTja4CPKJK3R1NcxXZH2kZXrH5y9vLjYgMuhzA,Vanessa Taylor,https://play-lh.googleusercontent.com/a-/AOh14Ghf_X_36iICDsmwIipLDNeI4cunSe5XAlTj_99v1ac,,5,0,1.3,2014-03-05 16:44:01,,
gp:AOqpTOE0d8CdscGRfxAvgL8m7woukaAaN1dG9UWy84yG3cqcCe1jr1XYYVhmwdLAaAbbDZMCUlT-UmCWCtLFaw,Artist Fox,https://play-lh.googleusercontent.com/a-/AOh14GgOw9S1ifcoY-2X8koYXtDhbeOlEtLEBJeni6ITscI,,5,1,1.3,2014-03-04 09:22:47,,
gp:AOqpTOEaiV_ejNdjjM6ZhFohhg7RzS6oJSAWdJnUzKM1k5dPJuM_-ZhufT1SAU6ZnnpR0aQTh4Erexx1NNBfJw,Kelly Thorn,https://play-lh.googleusercontent.com/a-/AOh14GhwClCj3I73VCpODANLN4w-JNW68LJseBfSLxLExA,There's no picture just the sound please get this fixed my son used to really like this game until this happened,1,1,1.3,2014-03-03 02:08:16,,
gp:AOqpTOFUmkusMltxrYQLPjEyijJ0T0dAnsLIM51vyK3JQeMz-8sbuBHgXH3ZsfZ0bF6bQd5ts5zN5VNsVpyxfw,Paul Smith,https://play-lh.googleusercontent.com/a-/AOh14GjJYITfkiYAAN7NgnKLXKLhF65m-_aXsgQD9kQAJA,Another great game,4,0,1.3,2014-02-26 12:32:31,,
gp:AOqpTOHRUwFLitUaWrMDHuAUbp8BEHAg8NA_n4FR47-PtxpKSSFf9JQEt4bKWrGNqO3aS_THSTDH8jakxccTcw,Bryan Perkins,https://play-lh.googleusercontent.com/-AsYBllHxGS0/AAAAAAAAAAI/AAAAAAAAAAA/AMZuucl-K5nbccq8Nn4ICl9I4p-A7MQqpQ/photo.jpg,,5,0,1.3,2014-02-19 08:03:19,,
gp:AOqpTOGsI8UrEcFRINHTtS49BYcEqV5vSDzASe-euPv7paOdSmJ_WEFiezV60t7vtZkMSDao7DYuMKMOgqwaJg,Nadia Ikram,https://play-lh.googleusercontent.com/a-/AOh14GgnOY3smCmJPX1Y3ezKGHtTlE72ZfVIllzuDtKgng,"Out of all the Dr. Panda games, my child loves this one the best!! There was an issue with house being invisible, but I sent in an error report to their email and they fixed it promptly! They were very kind and courteous about the situation and were going to give me a refund but I declined since the problem was fixed. Very highly recommend this product AND this company!!",5,23,1.3,2014-02-13 20:50:00,"Hi Kevin

Thanks for letting us know about this bug, we've fixed it and uploaded a new version. If you update it should be fine! If you still have an issue let us know at support@drpandagames.com",2014-02-13 02:40:58
gp:AOqpTOF9Kk2dxh7BEqMtfawOy7Ih_nXzIztT0y8hvd2U7PPWn0TK0sITrmwLViIgGADwlKu7N_eMYDy4QNEwww,Mary Chotkevys,https://play-lh.googleusercontent.com/-NlMoipQF97M/AAAAAAAAAAI/AAAAAAAAAAA/AMZuuckD_-TdACbtql3JDQCeDkWpfwjvpQ/photo.jpg,To easy but fun,5,1,1.3,2014-02-13 14:33:09,,
gp:AOqpTOH8LcCpKLZxlnlSPZlHihvzaLbeplMFHyW0sh-QA3oVhNDIam-1jJ1aaKINwrxsVFXKDeUz6y8sfx2DGA,STEVEN SMITH,https://play-lh.googleusercontent.com/-eTOB7tuAUnw/AAAAAAAAAAI/AAAAAAAAAAA/AMZuucl0XThOVhcclHpBUSiSG4IIg_OG1g/photo.jpg,My daughter LOVES this game,5,0,1.1,2014-02-09 08:19:52,,
gp:AOqpTOG9ieJHVFxOS-9TcWzImY0CLD3mac9wXP4xwrNcwLYUwrTk5gttdBe8swViF6DGFrrD-TuaNpm_u75xIw,bryanna lilmisshollywood,https://play-lh.googleusercontent.com/-p5fFND5J_Y8/AAAAAAAAAAI/AAAAAAAAAAA/AMZuuckZzJ0ZXq2CsETcNVjulRsGdB_7IA/photo.jpg,Make more,4,0,1.1,2014-02-08 15:19:02,,
gp:AOqpTOGhWklirebqGNLTPMyl42XR8Kaolx_F860wFeObzFIXtdUluAaCG0HE6IY59kxNr6w7ssioQoVMJ9RMNA,Sergey Truhtanov,https://play-lh.googleusercontent.com/a-/AOh14Ggno6TGEnp2Lbm_Q5qErEq-T7XMnuzvSGWUznlPKA,,5,0,1.1,2014-02-04 13:13:54,,
gp:AOqpTOEsBMpGlk_ny9nQD2BRkmfLAmDl9Dot6i3TlTGTHIKNz0lcoVKB3m8ucYujrMJ3le_YlFYIpzRD9CbCWA,Madelyn Riley,https://play-lh.googleusercontent.com/a-/AOh14GjPhMNU-NRVAdpHPiTTgxL4kg-fpOijeEJxxiOZ,Love  it,5,0,1.1,2014-02-01 13:08:52,,
gp:AOqpTOH7UvmJJwgdZ8li6wORXI8l3a4tKSUtn4rOGi2hdeczXb-_04vdtv0er6pKMn9sysR5wLt7tRlqvgI5Xw,dads google acc,https://play-lh.googleusercontent.com/a-/AOh14Gi9Vc_O9WTl0p-c9Bra-DgQpA4DtUFRZyU1NI6lfg,Great for adults. Kids 1plus enjoy 2,5,0,1.1,2014-01-25 08:05:02,,
gp:AOqpTOGHWCCepHa0Lk61CT2dSk_NRV2Zfn496SWAQyhsHx29faqRhpTUEjyRwnkK4BglLlNYcfHX_4T2yRNx1g,Noam Mendelssohn,https://play-lh.googleusercontent.com/a-/AOh14GhHPr0mry15FR3s6hpMCxvH3iew3JhkpPE1xG3lWK8,"Hi guys  My 4 year old is an avid fan, BUT this latest ""home"" game is giving us trouble. We are missing half the models to the game. The house on the hill is simply invisible, and so is the guy in bath game. We can play it, but we can't see anyone in bath. Appears the game stopped showing models or something similiar. Game is simply unplayable now, which is a shame. Am willing to send logs (logcat, dmsg, etc).  PS: completely reinstalled, cleared cache, etc.",1,0,1.1,2014-01-25 07:06:54,"Hi Noam,

Thanks for letting us know about this bug, we've fixed it and uploaded a new version. If you update it should be fine! If you still have an issue let us know at support@drpandagames.com
",2014-02-13 02:38:17
gp:AOqpTOF20GMeqV1EBvqLWkrfsvPLfbAEte_dwT8atHJ2gtpjnVjmtPl9mJeiAWSbJHjGJ18ev3XxOXPFaByhRA,avril nguyen,https://play-lh.googleusercontent.com/a-/AOh14Gh90S8l-x0pB158LW-03OGmn4yB-UQLAvRZP-Tw2g,The best,5,0,1.1,2014-01-22 14:56:26,,
gp:AOqpTOH-ntTw0W43HtyfwKo9Z1ChSxQkcdUDzP_KQFLrM_rDYzsR4Vvq0uwJUBIEtfXPwEbeLlVOX45uFEIqHw,Eka Darma,https://play-lh.googleusercontent.com/a-/AOh14GgtSsnxM_tLuVQdfG_BOKTS7R4jr6oQv4KemFquqQ,Stimulating kid for understanding their role in house.,4,0,1.1,2014-01-19 11:02:36,,
gp:AOqpTOELfDKBeAgWM1t1yRpVCTwTbneZYT8i-TJkbQOI1N3msQwnwoEv49RZnDkRWLZ4HZn7zqD8hlPXVgTpww,michele gordon,https://play-lh.googleusercontent.com/a-/AOh14Ggi-IMGhl6poK12fMyrKryaIzEL0JoGVHsyl3GTKw,Awesome,1,0,1.1,2014-01-19 08:17:59,,
gp:AOqpTOF9mRNW2Z0XtyE2ftTu0FL4x67Djbt7H1zNm1Ywn7jjgxCE9QmlFQHVXCNxHex-2S4rjwntbtsK_mVExQ,Kevin Rehbein,https://play-lh.googleusercontent.com/-eo6ETg6ToJk/AAAAAAAAAAI/AAAAAAAAAAA/AMZuucm7zuegb8ps9kbG1p5ztMvZk8jMuA/photo.jpg,"The game was great at first, but now it freezes after every activity and we have to shut the game down and start over.	Very frustrating.",2,0,1.1,2014-01-18 05:59:19,"Hi Kevin

Thanks for letting us know about this bug, we've fixed it and uploaded a new version. If you update it should be fine! If you still have an issue let us know at support@drpandagames.com
",2014-02-13 02:38:37
gp:AOqpTOEn7V8Kmqt1B60tZvhOAEbN3YW7qm1FEMT_fkrQurU_fjYZfKAoSNkb8Oyl7lcuibYrdU9ezB0MiTMFOg,Toni Dellow,https://play-lh.googleusercontent.com/-5JketvJsVVQ/AAAAAAAAAAI/AAAAAAAAAAA/AMZuuckXzmbJutIlKIxnUf90oRqZjFsMdw/photo.jpg,Wahoo,5,0,1.1,2014-01-16 09:18:12,,
gp:AOqpTOHpcpJXRQ7Kzp8Tq_bX13AGaFh4NqpKZGUYGlIKipFuXGwgkKEROKjsCWCcMi4oYVEoIrFaJ1vO8g1Zuw,Juice Efruit,https://play-lh.googleusercontent.com/a-/AOh14GiK_ZavJ6sR9K8mUyR-wTX3gEqk5EDsugAtbCHr55E,"I have a 4 year old who loves all the Dr. Panda games. Freeze up a bit, but not sure if that's the game or my phone",4,1,1.1,2014-01-13 10:22:10,,
gp:AOqpTOGiKBpWWkWc2J2p7KelGIW5D4QLbBe5HpFjToCo-su0tCOguSHmP4WhPGl9q6rexZ9D2rhxY76hlBlk0Q,Grace Richards,https://play-lh.googleusercontent.com/-yWcqcQAuN-g/AAAAAAAAAAI/AAAAAAAAAAA/AMZuucmyguBw7N_EexzpppiSH88olAZPhQ/photo.jpg,Very good and exciting game,5,0,1.1,2014-01-12 09:10:37,,
gp:AOqpTOHnD5rwubUH0eAtBWH74yzNs2W_bWPJjN0i3KXR9kYpNiIngF7edOjh0WyibcJBeBICnU_PjVnqP2MWDw,Sven TS Holmström,https://play-lh.googleusercontent.com/a-/AOh14Gj4nFPCi1A6spMpyw9ilg9Jw_KHkeDK-vUcPjobUSw,"Some minigames have occasional graphical glitches, but a restart typically fixes this. Otherwise this a really nice collection of games for the younger ones.",4,1,1.1,2014-01-12 05:48:25,,
gp:AOqpTOG529HXHOXpzrXh-9ikXrkfVG2eONEn4IMxS57Wgf48zKD8QYG7MCHaZ1uKqAEUabPo6Bt-gTqBpPgGkg,Christine La HP,https://play-lh.googleusercontent.com/a-/AOh14GicgOtrXZr-QBs4l9gmZadfFEoiosnH5oWfN5P8gQ,Weird stuff - can't see the image of the house unless you click on a character. Is this a weird fault.	Can you fix the glitch that makes the house image invisible. Or is it suppose to be like that. Otherwise is a good game that my son enjoys playing.,4,3,1.1,2014-01-12 02:45:09,,
gp:AOqpTOFZDHNfI_QankOi-Bk_ENv26UQqqnIZNNctDYxtGsUfj8v1mCnqAUy81wqsJnTApF7ZfihkTR2HKXrYXg,M Sharif,https://play-lh.googleusercontent.com/a-/AOh14GiTLT0xsOLUGsdGnujPYRuTN-ZsgQPvWHKjgFRv,I love this game,5,0,1.1,2014-01-11 07:48:26,,
gp:AOqpTOGxykWSqDjTBY5yfim9G_Q3_jhDQo8j6DyURI7pJ5ge2n3iZ-z7rNIQ9IBirtqF0-Hleu-GuzL7ovsxng,Jasmine Hunt,https://play-lh.googleusercontent.com/a-/AOh14GhluIVk6xca0WatqBJpSq-kZnbbR_jePLrp1oW9tQ,Good,5,0,1.1,2014-01-10 18:19:09,,
gp:AOqpTOGHy9C8-QEuTz26E-xKspXJMxtV7S4EwUtqgRF2979MSia_9Z29qD-rjQDO2H41_Dd4AFnOSXHrgLgBVA,Melanie Harries,https://play-lh.googleusercontent.com/-CJxPM3ra5XM/AAAAAAAAAAI/AAAAAAAAAAA/AMZuuclK0pJHuVZ1kEHReegq4Rif7J4beA/photo.jpg,My daughter really likes this game but it would be nice to be able to just pick a specific chore rather than having a list of three for a 'day'  in the game. She doesn't really understand getting money for the piggy bank for doing all the chores and she's constantly trying to feed the pet bunnies even when thry aren't on the list for that day.,4,0,1.1,2014-01-07 11:08:51,,
gp:AOqpTOHoE83ztj7j8QG6cU6uuoydhAm1mdLgu5oqk2Eb1IRb7uG9SLfS6yDeOjIxqoqKNeieKCsSDnYZ3311PA,Christian W. Messerschmidt,https://play-lh.googleusercontent.com/a-/AOh14GjLOwVxFlJfnGSSKMvfTnZpZij7tlWvwhkApRgEmg,My six year old absolutely loves this and all the other Dr. Panda apps.  There's plenty for him to do here and the graphics are super cute.  Works great on the Galaxy Tab 3.,5,0,1.1,2014-01-06 10:36:18,,
gp:AOqpTOEnhfeQ9IThj_kkVP_IHdPL467VfZSFOOTyBtgJOxGJeUwJICp7I61tz8ZCLvbFFRM0P0nM-RRMUv6ghQ,Antoine,https://play-lh.googleusercontent.com/-LL28Tl4iPGI/AAAAAAAAAAI/AAAAAAAAAAA/AMZuucnuVtV6wGzq6piyB7A3iojn9irn0w/photo.jpg,Best game ever I have,5,0,1.1,2014-01-05 13:25:08,,
gp:AOqpTOGI9fh1MNkSkaoLlW1yW880F2Sf_ZamjF-uj2_IsmY6084dL3q_CdsEVtez001JjFjQCPAAmIk8JBpapA,Kathryn Green,https://play-lh.googleusercontent.com/a-/AOh14GiWQ-KWikQqOSX2SFEaX4NmnQHUxT9TtQlL7cSUJ34,"My 5 & 2 year old love all of the Dr panda game, but this one is their favourite!! Thank you developers for this amazing series of games!!!!",5,0,1.1,2014-01-04 15:38:55,,
gp:AOqpTOH-gVr_UguB8X2k5N67JDDzjhj9Ug3DgSo8scPyO86Rxpgiz9NJvcWzcWKodwGd4gqIoyca9sBpu7LaOg,Bob Case,https://play-lh.googleusercontent.com/-EWJrqzOrMkg/AAAAAAAAAAI/AAAAAAAAAAA/AMZuucmgd4VFnbkEjVYQxRS_4uxsAPwswg/photo.jpg,Great as usual from Dr Panda,5,0,1.1,2014-01-04 01:29:39,,
gp:AOqpTOGC6IFAU2sKgeBr7W_SL8cQzPsaVk9H4VDnQJ2dHzWeixoEjpiq5yIIfc59Cn2ouN6tON91Fbq9Or3L5A,Ella Palmer,https://play-lh.googleusercontent.com/a-/AOh14GhIjVdxcrSo6wQYqfdFjb0FFsucnbazRJ-MiCBNBQ,Get this game,5,0,1.1,2014-01-03 06:43:38,,
gp:AOqpTOE1RDSK1S_fE4KsRmIjPnvZSoA1q94nLuBPgLrClLTsA5lgdnrSD7BwtNzquWtyNVS8-l2utRpC8jEugw,Ryan Cunningham,https://play-lh.googleusercontent.com/-5j09bFa7jvA/AAAAAAAAAAI/AAAAAAAAAAA/AMZuucmkdQT9IdaHXrcn8CXsdXeeV4BqlA/photo.jpg,Awesome,5,0,1.1,2014-01-01 09:23:45,,
gp:AOqpTOHxFbPfrdEKcwmsHlxiyRarr-MqCBzD_DAWiJ3iDya_8jaDgtCfqNP9FUYU8jfljDj0K6tk2zVXmoM58g,Mckenna Sender,https://play-lh.googleusercontent.com/-mbKpkPCKC6E/AAAAAAAAAAI/AAAAAAAAAAA/AMZuuckp72SCozrLSdYQYiv4qBMXdL4cVg/photo.jpg,I got it for my little sister and she loves it,5,0,1.1,2013-12-31 10:42:25,,
gp:AOqpTOGGdaiMHaa1bHYW4Wjz9zbGsV0jHMxt4Tx6DWhWwuDnQK9dEnewW6VstPo2liJVkNvVHa83U3Af25mYtA,A Google user,https://play-lh.googleusercontent.com/EGemoI2NTXmTsBVtJqk8jxF9rh8ApRWfsIMQSt2uE4OcpQqbFu7f7NbTK05lx80nuSijCz7sc3a277R67g,Won't download and can't get $ back,1,0,,2013-12-30 11:08:21,,
gp:AOqpTOEspmmrOYPzbfw__97gwhe7Vxtx3Z3rq570QriHl1CS6N570_zcqNdsHZOm_YCDqO_RDL8CiUb3PmP89A,Caroline Mitchell,https://play-lh.googleusercontent.com/-M-xHbi20A3g/AAAAAAAAAAI/AAAAAAAAAAA/AMZuucmeGvSRYiNJvUYQT49iwYvBXzVrNQ/photo.jpg,Love it,5,0,1.1,2013-12-29 09:55:02,,
gp:AOqpTOHxswsiqhkS7NbGVWqQC3OIcDGVqjiBcr7O78EHMIKPgvXuvzcPwhbzFOshGt2PD52z4A-uGYhRX20UhA,louie huff,https://play-lh.googleusercontent.com/a-/AOh14GiqELa0sa-1_Madyqd8suvHmkuGRB2ORZ3gTSFabA,"This game is great for kids! I had no problems with this game, or the other ones! 👍",5,0,1.1,2013-12-28 18:36:36,,
gp:AOqpTOFlR7Oq_zuAncLAjEOYHtkwLLHmSSFaruM9v4qjUVuIR8EdhfWlYL_SkQdVPBsWOUVAx9fxKO3ZOXRIMg,M x,https://play-lh.googleusercontent.com/a-/AOh14GjznKo-vUKO227vVaiIxf_52l5onYDP86oSkR1gGkg,Omg I love it,3,0,1.1,2013-12-27 21:18:03,,
gp:AOqpTOFWstQi7EoUaLuFWvnks7hZWurD6Ykuj7gijXf88zlp1x2W3PUhxOF1skV2HI_SUwblpND0rF95C9v1Kw,Athena Jones,https://play-lh.googleusercontent.com/a-/AOh14GjTaTxZtcBfFI_-pZjn_nSSGfQoLjSPXC6noJwl,My son loves the Dr. Panda games!!,5,1,1.1,2013-12-27 19:27:59,,
gp:AOqpTOEqxs4Ulr5Rw7lbxe6m8qXQlYA0D7Ux7l_qOf7xe89Y-KoOEcUazwerGjbfboBWOd5H1UwQtHrYCPUvtA,Amya Marie,https://play-lh.googleusercontent.com/-za04flnr_2o/AAAAAAAAAAI/AAAAAAAAAAA/AMZuucmsCHloSUpa6JW3n9Va-oGRd9ICdA/photo.jpg,App took my money and wont download to my tablet,1,0,,2013-12-27 09:28:55,,
gp:AOqpTOE94pF8upwNE9_MALoxhX1yLtb5w_3MG4ndCXI5CWZvxT2hKZfaEsf0O5vVPDF7jzIU4a086Dyj8cDngQ,A Google user,https://play-lh.googleusercontent.com/EGemoI2NTXmTsBVtJqk8jxF9rh8ApRWfsIMQSt2uE4OcpQqbFu7f7NbTK05lx80nuSijCz7sc3a277R67g,"Thanks for the fix, Dev.",5,3,1.1,2013-12-24 16:21:57,"Hello,
Can you send us an email at support@drpandagames.com? We can provide better support from there.
Best,
Dr. Panda Support
",2013-12-05 00:15:45
gp:AOqpTOFyeqPYqWIwicuKwFiWTLRSfpkrWNrdmUj5ko_UsG_utQ0Y-3jeF2DwkjBsyUDiI8oKwIWcu-gigryPDg,Hannah Tomlinson,https://play-lh.googleusercontent.com/-Yi6XSBOAKPc/AAAAAAAAAAI/AAAAAAAAAAA/AMZuuck57bbPwoQTcx0Psb9qBpleAChmsg/photo.jpg,I think it needs a little more to do in the game. But my son likes it.,4,0,1.1,2013-12-23 11:41:03,,
gp:AOqpTOFD6Zmu1ljsKEntXfxcNVM2nxkXd9PONM6HdomTNs8ThBaQf5PKOyQhyYNS5Le5JZIObqF8evyDKGdeKw,Kamryn VH,https://play-lh.googleusercontent.com/a-/AOh14GjfyXyrsXgzxtGVb55rV_dAayh5_NCwaxjAuwhKSFA,Best cause it teaches kids what its going to be like,5,0,1.1,2013-12-22 14:49:43,,
gp:AOqpTOE6g9zi4ezENAXNmSSnulelYkXgoVitBeudXAtUsI25BfMvY1vzsS0td4z0cfgQuwcRkqxaTYgPiMdwow,Ian Smith,https://play-lh.googleusercontent.com/a-/AOh14GgqHXHUtuqtuma3P8TA2ZkqApZ3m2g8co7_U7YNlg,This is so cool and fun !!!,5,0,1.1,2013-12-21 04:28:03,,
gp:AOqpTOF7gzzNbqxWRoIoqg7eEHdfmGxnKmW6xu4L5MQdbSMQRPk0c4_v3WLVwnkW0Z11TqgCdyPVUdzVx5Jt3A,Me and my siblings,https://play-lh.googleusercontent.com/a-/AOh14GgmMu2tmtg762qxmj3LmC23GMHZy5H3f3Dv4Kk6tQ,Awesome game,5,0,1.1,2013-12-10 11:33:34,,
gp:AOqpTOFhj0alNqjxYbn17Ah5W9ei5hR2KIxkruKQN8xdzxc1O7ZzSJaFKTWQydS1gbPd8H1pcJe0IucR9p39cw,Michael Brangaccio,https://play-lh.googleusercontent.com/-ErRQpiTkpZg/AAAAAAAAAAI/AAAAAAAAAAA/AMZuucnUgzShgbLB35wq3haUlXzl2Gth-g/photo.jpg,This is my daughters favorite so far,5,0,1.1,2013-12-09 18:29:01,,
gp:AOqpTOFcyicUByo_gBnCqjDnhEGUFKEp-YCl_wfsG2YPWEmEpzAfae7uuBkScBMXKdOO6gYDXjbMCjyUT22zMA,Tamer Labib,https://play-lh.googleusercontent.com/-vaNmr-PLWWs/AAAAAAAAAAI/AAAAAAAAAIU/AMZuucnJ9s9W6rvFTAos9jB89Ysl2ZQCWA/photo.jpg,Made for kids,5,1,1.1,2013-12-08 09:23:37,,
gp:AOqpTOFxR8B0SObHI14kHZiogCl5NGlZ96wnNEBeNt59j0lgA0hVcNgGBRAAj2L5fWDBwQZFy4fDAjp-90C0bQ,abdulaziz fahad,https://play-lh.googleusercontent.com/a-/AOh14GhooaPVeavJBnB4R_a9Fe5UpdSeGZdgyNqWj6FQpw,لعبه جدا جدا جميله للاطفال انصح الجميع شراء جميع الالعاب,5,0,1.1,2013-12-05 01:40:39,,
gp:AOqpTOGymgft9F3pEVkBXop7j-Yx9QZjIe8Ph13LbaryNaiZ1JDBS-fuAS66nfTAUPlPoH285c-Z9Zwq5HPhKg,Brittanie Taylor,https://play-lh.googleusercontent.com/-KppV2qPNGcQ/AAAAAAAAAAI/AAAAAAAAAAA/AMZuuckOGKABXfaG40UERn6PcxOvdehejg/photo.jpg,It takes a while and its a little curpy.,4,0,,2013-12-02 15:11:38,,
gp:AOqpTOEbXXnfCGaa0LX5gxOIEjq9ZYi4dZWyhUEgNx8LQ8l3rV0T4b21NlgUBGts6RYdk12gR8lVW1JWDVS2tA,David Russell,https://play-lh.googleusercontent.com/-1SmCAmJ4uWY/AAAAAAAAAAI/AAAAAAAAAAA/AMZuuckXpbN3YzVyG9e9JZTl048mE7AIwA/photo.jpg,"Good app, however there seems to be a glitch with the monkey cleaning the hand basin that leaves you unable to complete any more tasks",5,1,1.1,2013-11-29 05:08:19,"Hello David,

We uploaded an update a short while ago, update to 1.1 and the sink should be working as intended :)",2013-11-29 03:08:48
