reviewId,userName,userImage,content,score,thumbsUpCount,reviewCreatedVersion,at,replyContent,repliedAt
gp:AOqpTOF30bb7v8Szm0c5i-3Jaeh1gNswZixqTvMGGamPgd7WLcSrn9iLy23jW98j-vINYrlWRlVWLGFLVbtzvA,Nu Phanmanivong,https://play-lh.googleusercontent.com/-qCuLhYQbPp0/AAAAAAAAAAI/AAAAAAAAAAA/AMZuuckc9B5lxdyQAXeNwZ51XdNNdB2eXw/photo.jpg,"Good story line, but there were a sec delaying on the the block and dodge button. Had to uninstalled,",3,0,,2021-02-09 19:10:22,,
gp:AOqpTOEX9D5jq4XHcXrlJUbdAxbtcmW4emXRPoV_II1KckzYbH5MEdDlp-WITwwG2_P6RFosLGYo32Ke4_OMfg,Valen Sigmund,https://play-lh.googleusercontent.com/-YoRk1M6_7Ek/AAAAAAAAAAI/AAAAAAAAAAA/AMZuucnGsFLH9sOeeiz47eWZNLMAaUhpKg/photo.jpg,"Necklace, ring, and bracelet info only appear in inventory screen, and not in sell screen, make it harder to go back and forth sell and inventory screen just to check the info of item to sell. Please make their info appear in sell screen too.",4,0,1.2.2,2021-01-30 09:21:49,,
gp:AOqpTOHgYuGu0LDydWSeeXz6J8hUr_QP5HQN4YTj-DmBpATV0vGcaJdPmbbc8qkhfybLM954phHkSGfkExbOhw,J ATats 77,https://play-lh.googleusercontent.com/a-/AOh14Gjq2rQvtqiWdbadnHsv54DHaTZxwFLxXkfbKN4beg,"I was hoping for much more from this game. I like the story and dark graphical style of characters, but that may be it. The hit detection is the worst I've experienced in many a long decade. It has a lot of potential.",3,3,1.2.2,2021-01-27 04:09:38,,
gp:AOqpTOH43fdER9h_uWY21Zdojrdh9KxjCVMxQCpiKz3q7jtj93JPfV3zA7bAp4TUxQncdurSFX3H2fUK5qtN5g,Gregory Honaker,https://play-lh.googleusercontent.com/a-/AOh14GieivIYzC6tMDmqOR_g0EIf3w_a_xs_JnRomG5PSw,I love the gameplay and the storyline ! Grew up in the 80s with video arcades and quarters !! Lol ...this is a refeshing look back at those games but this one is bad @s$.!! Controls are great and the combos are killer !! Gets it in ...,4,5,1.2.2,2021-01-23 18:41:54,,
gp:AOqpTOGQZpJI2VwAaprV9pRNvTGkqpY6Rj-c9XpJjYi7KEfYeGuAkCoaPT0We352Z8M2Y2hK0_BE8ppkIpSCpg,Jared Beggs,https://play-lh.googleusercontent.com/-or2LaOSB-oA/AAAAAAAAAAI/AAAAAAAAAAA/AMZuuclx2f-Ge7c0ATEobA3s78MAvjo2LA/photo.jpg,Great,5,0,1.2.2,2021-01-20 07:42:47,,
gp:AOqpTOEppSTfbkcac6dMDex3ADtgOnHii0yv9YaX688s4OlWkPp_TEbjSVEm5UmjvNvmPOK_C33LEZNoCtHLMw,Alexandre Grass,https://play-lh.googleusercontent.com/a-/AOh14Gj__t02M5V6szGk0cYtGIJJa44MYmJyJ_cQRIUQCg,"Um jogo bom, mas por ser focado no combate deveria dar uma lista mais ampla de estilos de luta como ataque à distância, magias, itens auxiliares, etc. Outro detalhe negativo é a presença de microtransações num jogo pago. Se tivesse uma opção que fizesse a câmera apontar para o inimigo sem a necessidade de travar a mira nele (mira travada limita a movimentação) resolveria o problema da câmera.",3,0,1.2.2,2021-01-20 07:08:56,,
gp:AOqpTOEbBHOo1rU4swtfTcwtJEfJH_nINJS96avA4lHFGhlTmCU4CB75c2CwM4mqNfIWteqNQsaYDitWa6AOZA,Jonny Locc,https://play-lh.googleusercontent.com/-oeWIAVZ7sRM/AAAAAAAAAAI/AAAAAAAAAAA/AMZuucmlzGqxKCD8PP0nj4dtk5tuasuO7A/photo.jpg,It's a good game I would enjoy if you could use a gamepad with it.,4,0,1.2.2,2021-01-19 23:24:12,,
gp:AOqpTOEh4-LL7-RRXQ85BhOFLCqbH7gCr0d4_0FTbwWijIW4KX8gD24tcTPUZ2CRSzjFauYhhnqhC5KlUChwiw,Ray Castro,https://play-lh.googleusercontent.com/-VmKSRL2NSCs/AAAAAAAAAAI/AAAAAAAAAAA/AMZuucnqdnzQPGzO9R5OxuAww5WYOySfSg/photo.jpg,Went in with low expectations games like this tend to be let downs but I was wrong it's challenging and fun the weapons are great all around great game I love it and hope for another one,5,7,1.2.2,2021-01-06 22:15:19,,
gp:AOqpTOEJmousVGsZQZNWf38MPqjZ4WdHCcicir6JBVMt6ngVvLJPoEv-xzXW7-I2fL2Jnso5FT866Pig67140w,Chobbsyboi,https://play-lh.googleusercontent.com/a-/AOh14Gjg2QASYf-AilNewbu9tlZarsFyXqjzfCYi6KmdSA,"This games not easy, but who wants that? Only made it to lvl 16 so far but it's a lot of fun if you don't mind grinding for gear. Definitely one of the few games that I'm interested in on mobile. I'd love to see this game branch out and maybe involve some hidden secrets or maybe even if the dev makes a new game but less linear and more open, I'd definitely spend money on it. Overall, great game!",5,33,1.2.2,2020-11-23 12:01:18,,
gp:AOqpTOFvJpx1VB7wrl8FzXRkCVNyNYMT6oA7chPdxW6w8qJkCAaKK8MMiI_cMtHNg4yjYn_9HRr7x451PfGZEQ,Zaldy Geiss,https://play-lh.googleusercontent.com/a-/AOh14GgnAz-mmIQwUQPmEOxmHTC2IBWww37BafAzCIxGjA,Its eh,1,1,1.2.2,2020-11-20 16:42:54,,
gp:AOqpTOGW6884tMgPNcOSadz2rbDaA73RANkaydAJl8SBV7P1jOpnpMerCOJI6KVKEG_IwXAZJzMwe2_bjQrxbA,S Wes,https://play-lh.googleusercontent.com/a-/AOh14GhSw6Gjtjjg9kdaWysht4oXKebj_pHrLivCo2Y1gA,"Way too difficult and off-balance. Changed my review from 4 stars, believe it or not. Very frustrating.",2,25,1.2.2,2020-10-02 18:29:10,,
gp:AOqpTOEiHhqb0_vktjzr_vKqCLYtXPsa9MwBIdW_qKX_fn-FtoR0viSll1fZx51kKW2DC4lVCIA-Vqly0ws2dQ,Lars Fredriksson,https://play-lh.googleusercontent.com/a-/AOh14Gg-L_D187N7wCuV0zTDVpCqP4p0vQ90tX8qTBMWyR8,"it has alot of glitches,but if they can fix them, then I would give them 4 stars.Seattleboy",3,1,1.2.2,2020-08-29 01:55:38,,
gp:AOqpTOFLAFmIboGBa5A2W-t2QyDqnZDO-cn9WBCRYLcFexHf25qimNo8F5LktdRttaQVJBF60HjEf_75hV6Yrw,David Laturnus,https://play-lh.googleusercontent.com/a-/AOh14GiN5JHxk2X1xPKj_uOJEAZS9r_DnScXC-B5G3Ow,"It plays alot like monster hunter and dark souls. The gameplay is awesome, and stays consistent. I've spent a few bucks on it, but u rlly don't need to. It can get frustrating at times but just grind missions for better weapons. Also, I have no problems with drops, attacks, etc. I think ppl just such at games and don't know how to play, bc it's honestly fine.",5,38,1.2.2,2020-08-19 19:32:30,,
gp:AOqpTOHyssQftddFw1TKbIyc29LxJgeFyBSlfcULa7E8w_NMpu8X5eN9nd9_aFGKuQR1gfeszciPNYglaosRIw,athif mirza,https://play-lh.googleusercontent.com/-8JY6QOgvOlM/AAAAAAAAAAI/AAAAAAAAAAA/AMZuuck-F0CeNGobRU1tgiPhhj2uyXbdmQ/photo.jpg,"It's okay, but you have to purchase diamonds with real money.",3,0,1.2.2,2020-08-10 08:18:02,,
gp:AOqpTOH8R_9Gvz2ps0kUNQsxkxLEp0ROQhqRYkg6ezoNBRV6soip35J-YScDMc0elFYj1Zyi-w_06_BTxRnQqw,Katash Boi,https://play-lh.googleusercontent.com/-A50unGUwfeQ/AAAAAAAAAAI/AAAAAAAAAAA/AMZuuckmiYJ36AsrI0FfTsiuLcCKBhri9w/photo.jpg,"Pretty awesome, especially for a mobile game. Has a few flaws, but that's all mobile games. Overall an extremely enjoyable experience",5,4,,2020-08-08 02:09:44,,
gp:AOqpTOEf8k4evEzg0FpwZminDzintfeaXqaW5wQhv9no-KD-nDDSC4Im2jNgS1TI2_xjl_iZfBCELMuwtWvVIw,Muhammad Tabish,https://play-lh.googleusercontent.com/a-/AOh14Gj0WcmOEWX11SYZpOdTlQ8Z82Z-gFsis1Q2_clg,Please make a dodging or attacking more fast and smooth...,5,0,1.2.2,2020-08-07 23:28:45,,
gp:AOqpTOHLQ_j1Wv7PynI-io15kOqFV1KcHp3Kf8G7wS3hPQAZQQFJtNjtzKBi-B-7xqCpWhc38q7DqEmxaPE7iA,Ian Sumallo,https://play-lh.googleusercontent.com/a-/AOh14GgWphMBn_nrG1IV-nxhb_x5O0oEimNyfSQpT53XpA,Great Souls-like. Truly offline unlike that disappointment Pascal's wager that requires internet even though it's an offline game.,5,2,1.2.2,2020-07-22 07:04:17,,
gp:AOqpTOE3i5k-EyVsxVO33RkCb7KP9sLYiQL07EkhbBnnqG1PYriD3IfgtjDmQ2y2WdWmbviJVnY9ZZ4YtgV_qw,ewey das,https://play-lh.googleusercontent.com/a-/AOh14GizxpOhz0DOCml5EmYTFPoEB3hFcUhkXcNgL3Mt,Great game if you're looking for a good SoulsBorne mobile experience.,4,0,1.2.2,2020-07-17 18:59:36,,
gp:AOqpTOEurvGTxQPZSHPhRUqLDuOjY-yHPCqbWlHRK9RaAa4e8g0SYPPnn8f9GbhVusZmIsmJlKOpE1Z8W_HBsQ,R X,https://play-lh.googleusercontent.com/-YwsSYaNIzag/AAAAAAAAAAI/AAAAAAAAAAA/AMZuucm_2nBPU0ixrwfm69Uz0fWA2DQdig/photo.jpg,"Love it. Playing again on now tab s6 with maxed settings it's like a new game. I have loaded the last save from the cloud, but I am missing a cloak that I bought at some point for 2500 gems. Is a cloak a temporary gear so it timed out during the time I haven't played?",5,15,1.2.2,2020-06-14 01:00:25,,
gp:AOqpTOFUNcsDhpgctQYWZpcPqfGureXvEOGN8nphRVTN57HED2TP1HL53gb1xDyqPItWARgPjOZdE_GqiJdYhg,??????,https://play-lh.googleusercontent.com/-RZjPsV9SmXc/AAAAAAAAAAI/AAAAAAAAAAA/AMZuuclTa5tuW2ofiPDJEOevqPj1BIa9zQ/photo.jpg,Game is a rip off of dark souls,2,0,,2020-06-09 22:29:10,,
gp:AOqpTOHdjCQLhYeCPwKOtPViurxr7ZJuKsKjKLX286lAx9NhptHgwra5e4Zo8_Svs5I91nOw31RDciBUx48MAg,Trent Yacuk,https://play-lh.googleusercontent.com/a-/AOh14GgrpYxEt5sj1r8vIjfSnykGSaKmB_FWqyHIToyp4A,Game is ok. The controls are a crime against nature. This is a dark souls rip off for sure but without the precision. One attack hits only to have the next one miss or not register. Dodging is clumsy and you often get hit anyway. Blocking is pointless as you can get staggered very easily. Oh well. Still the closest thing to DS on mobile. Prepare to grind.,3,46,1.2.2,2020-06-07 01:34:20,,
gp:AOqpTOECVCKhbo_lNSpPcQ9ieO3WvlpNazgHha3EC1cFxeSc7nvhrfTXOfjsQriPyTcyR22xGx-PHAhObVv6pQ,Thomas Weston,https://play-lh.googleusercontent.com/a-/AOh14Gh0iv9n4WCDbTzXdEbHjmG9rhKu9r-3xIPSbdbAAQ,"I brought this game when I had my old phone and loved it, but now I have a new phone and now the game won't launch",1,1,1.2.2,2020-05-31 04:24:01,,
gp:AOqpTOE4pX7d5xUOFT8mFNl0pOGdM1jCNI7EGdG8eL4jORwsx8W0pANI1mSYU-tZIzfJv9k30YWWR2pidXrnAQ,Jeff Waite,https://play-lh.googleusercontent.com/-xiGMCEMlvO0/AAAAAAAAAAI/AAAAAAAAAAA/AMZuuckfTf4aTpt8aLMsmajNn3viChI44g/photo.jpg,Haven't tried it yet.,3,0,,2020-05-29 19:47:16,,
gp:AOqpTOFwhqOrDfdItlaYzcLHHl6Op3YLqW92qtigopOYlWUa_pOS7GQ5tgVXV24jfV84UeVlhm88OPTQQoImpQ,Sam Lord,https://play-lh.googleusercontent.com/a-/AOh14GgenoS_5qy2SShnq-MStoIcyhegNg--q-z-Lu1F_g,"I enjoy the game, but I wouldn't mind having the ability to edit and resize UI elements.",4,2,1.2.2,2020-05-23 03:47:53,,
gp:AOqpTOFHwgQQdxmjv5dLwBulFi5h7RL5RuRPjXU4DmlpT80Sw47m9iugDNvW4X_-AdP4afw1WXQA-I73xv_QFw,richard dishman,https://play-lh.googleusercontent.com/-3d5GSEGwkAA/AAAAAAAAAAI/AAAAAAAAAAA/AMZuucmLfXsqbyLU58aOeTFAyeTrnnxdjw/photo.jpg,"Combat could be more realistic or aesthetically better. When I'm fighting I can't hardly tell what's going on, I just hope I'm winning. 🤔🤷‍♀️",3,6,,2020-05-12 19:19:30,,
gp:AOqpTOEY1a8A0lkyOpdkd-hvKJNJcw9lSJCGpyxGINT1xXT-vKyDRIcVOwAd3VhRfRNLNUFAIUhCDYTUEZD3Dg,TheExileWolf,https://play-lh.googleusercontent.com/-E90u2l8HOuU/AAAAAAAAAAI/AAAAAAAAAAA/AMZuucle1tV2RHy0lYa6MB3EHJz-jwqk1w/photo.jpg,This game needs full Razer jungle cat support.,3,28,1.2.2,2020-04-06 02:13:05,,
gp:AOqpTOEh0H89jbgPDWz-gcBjce-8qEz_Pk56nk4pFM-tmKopH2wSu6YCQ4S0UWe1RKZLIYQKU60CPWuwNHw9tQ,kiran K,https://play-lh.googleusercontent.com/a-/AOh14GjV84bK_Qgvavz9w6l-gGrFNEXtp_piP--mnhtjRA,"The game is Good but unfortunately the camera angels are very bad, but once you start playing it will get used to it. But as the game progress it becomes very difficult to kill the stage Boss and I am not able to upgrade my weapons from Grade D , and there is forge of weapons only upto level 5 Max, i am really not able to figure it out on how I can upgrade my weapons But anyways if you are looking for Good graphics , gameplay and a true offline RPG game this is one it won't disappoint for sure.",3,19,1.2.2,2020-03-29 10:16:39,,
gp:AOqpTOF7KSgcksQGzj9g9yBPLqdO6A5wbgZUGggip5vkYaEfkCEfTusFejq6F4oKz9HGNkNbvA-YezCwf0krhg,Rocketblades 109,https://play-lh.googleusercontent.com/a-/AOh14GiSdSUTXvxyYA8IW8k9wDipaupMcNHHgLf-s-h0,"Please add more weapons ,if you can't its fine, but can you every so often update the game with something new",5,1,,2020-02-29 10:13:00,,
gp:AOqpTOFPTPL-BoUpKDpUu88D1ixoFs7DaL6UJ0bA4rIQrUHfnlUgwpoGpawsK8Qae6vFiT8KlHe98IbpaNFeYA,Austin Gaw,https://play-lh.googleusercontent.com/a-/AOh14GhekLA3ZTo-IavfCpO3WluokSJuZt7BLGQZksSq,"Cheap, a ""dark souls"" style game. Fun and simple.",4,1,1.2.2,2020-02-03 04:58:36,,
gp:AOqpTOF_qN1laLBhO6Bw7HijP0OnXTZqnza6sYJoTtlmzummfefb5lM4Uit7Wde0YrSeAzlCKQHSOnc1szJA8Q,anonim as,https://play-lh.googleusercontent.com/a-/AOh14Gi5EAe5MNiHcixVQpS83oAjFUlwe5cuj6-qkDJivA,"This game is very difficult! its complexity is manifested in imbalance. I had enough for the penultimate boss, there were 3 of them there at once. These bosses were so difficult that even I, the man who went through dark souls 2, could not kill them. thanks.",3,15,,2020-01-19 00:37:41,,
gp:AOqpTOFDF0A3zvAbLNMYbXzDghSblS6buA4ObHGgqnBStk-1-CO4ivWovRtlw5wb5lInqB8Rv52AeaAY54-e8Q,Peter Woolsey,https://play-lh.googleusercontent.com/a-/AOh14Gi3j5PaPezr-mp8HamOcA_8nvgLGEBhOI_y4Rq2,"It's not dark souls but that's OK. What it offers is still a fun, bite sized experience with a decent variety of weapons. The controls are as good as they can be on a touch screen and I never find myself hitting the wrong buttons. With a little more polish, this game could be a staple in the mobile gaming market.",4,66,1.2.2,2020-01-10 02:41:34,,
gp:AOqpTOEqu3REB237xa1KhyXZ_ujiotAXzTx-tXAwHzKi9F8Vx2YF_LmEOLoPHEou6E8-KhbLdYA4i2O2oqNd3w,Aditya Ferdiawan,https://play-lh.googleusercontent.com/a-/AOh14GhPoRCB3J-FwKlHX-h56ySK04Aqc2-78v1Wmo91XQ,Why I couldn't upload and download the game progress anymore? Fix it please. Thank you.,1,4,1.2.2,2019-12-27 23:17:11,,
gp:AOqpTOEKYYr1FHgH5FVEmwkks74Cbk00IUZChVIvmR_GbMoPZJHes_osyojPvk5QLrgI8MprevedkXdmahWA1Q,GeFeHeDe,https://play-lh.googleusercontent.com/a-/AOh14GhsmtHYh7pHIWwNMpMV7QP_tlkIDJCrbMm65bMHDw,"If you decide to make a sequel, I recommend making it more of an exploration game than a click on quest and fight game.",5,1,1.1.8,2019-12-21 14:53:50,,
gp:AOqpTOH5VtAIy2NS3YLsrZP79I2GjLKz2jGS1NRuyfp129NuRk7WPvDBtf-Hi41iKMHoss_dOWvzMfMRTQ-X9g,Liviu Torcatoru,https://play-lh.googleusercontent.com/-mZqRLOvlKeU/AAAAAAAAAAI/AAAAAAAAAAA/AMZuucmLtlr4qVvoG4siDrWvxrv4dYQ0Dg/photo.jpg,Very nice game but for a couple of days now the cloud upload is not working anymore.,3,2,1.2.2,2019-12-11 05:03:41,,
gp:AOqpTOFUP8tTIDP4wamozw6xEoEMvB3MxAd4D2uHBa-4XK_KlQ5D55OoCwlbhu3Prn10UhEXW5bIcZ52N_02SA,Gaige Zizi,https://play-lh.googleusercontent.com/a-/AOh14GgLwwMeL5aT2Ns7d7VCVluJhKD9VNC96AIo_pz2CQ,"For a person with no wifi it was REDICULOUSLLY STUPID how i had to wait for 4 hours just for it to stop working i hate everything about it. The experience would be morw fun IF I DIDN'T HAVE TO SIT THROUGH 6 HOURS OF NOTHING, I'M INFURIATED ABOUT HOW MUCH I HAD TO PAY.",1,1,,2019-12-08 06:13:27,,
gp:AOqpTOGhV336yY7GuAMI3Mao-nxKJHoQI1gAmWxGQxrfp1GfIqNnSo-7fWVV59CzGh20PeI5S0uIOQfBbE-cBw,Liquid Eternity,https://play-lh.googleusercontent.com/a-/AOh14GhREpidhJwWj5MaqglV2kKpxBdtSTZ1-KPl_65DDg,"Maybe I'm kinda retard, but where in the world can I find a merchant or, at least, not damned lowest quality stuff?",4,0,1.2.2,2019-12-06 15:06:21,,
gp:AOqpTOFT2w5VBrxn7GWiiTtaXQO55RvZHnX_W9NiyNukA_lqjoIc3AMvUjDq9Dwty9IrGwXln4syoXCyOdj1aA,reno har,https://play-lh.googleusercontent.com/-8lVobAYHpIY/AAAAAAAAAAI/AAAAAAAAAAA/AMZuuckFRAd4DKFmmT6T7ljCYmQ1dn4Xgg/photo.jpg,Boring and no content update for a long time,3,12,1.2.2,2019-12-06 13:04:58,,
gp:AOqpTOFpg7J_NZnZJWURQmQQwzSnQxZmwvP_6dPx19KWDKQLHsrOy7FReNZ540VgPsmAeEs7tOhlAT8nAHlkLA,Akash Salunkhe,https://play-lh.googleusercontent.com/a-/AOh14Gi6LqrxTh0GviK0OTrBEuRbmFRw1V27-N4BOl64dg,I havent completed the game but so far i loved it.,5,0,1.2.2,2019-11-17 09:51:15,,
gp:AOqpTOGsy6OuW6WBoV9q6SJPM90DM_ik6sMsjJ1HiYGo5WGDCA4DRuKjutv3eSzruVKiZlJNrwuCN09TveVHig,Reynald Bartolome,https://play-lh.googleusercontent.com/a-/AOh14GgFbACSSlrTw3R81tSDhdkrOUmHN7IHCePcsWNc_A,Seems like a really nice game but it's annoying that it does not support use of glap play controller. I hope there will be update where gamers will be allowed to use gaming controller,2,1,1.2.2,2019-11-16 09:21:26,,
gp:AOqpTOEewPVbtQPkMcy44fnNMgEEmQrBPmjD4Oj_NkFeb-iT2yqsqOM1u0zC6GPe71VZuR8yuBcfUXGWdlGIuA,Virusi Z Ends,https://play-lh.googleusercontent.com/a-/AOh14GjRVum5Wyi3ooYsi8uoK1VGd4xRyakexbschRYy-g,Lovely,5,0,,2019-11-14 01:09:45,,
gp:AOqpTOHtMwEAOeWK1LVweGBfR5xtzTusZ1v1HD5r0yETgYN1vYPRdG6uvOcs0tgU2B1AXBncwLf_BQnTmfyRSA,Slate,https://play-lh.googleusercontent.com/a-/AOh14GhsmCUifzUbcsqll3GTWk1ZFm9gSdojo_VoRC-wnw,"Good control, good graphic, weapon have weight. But the biggest problem is grind. There's rank of the same gear and mission can drop the lower rank instead like 2 rank lower. It makes the mission having many chance of drops that you don't actually need. Making your inventory full if useless junk. Then the next story mission just say you need stronger gear if you lose.",3,24,1.2.2,2019-11-09 17:44:42,,
gp:AOqpTOHcKOxGhk6pXp34iomF9Dp2NKFb69MtlPvR9AYTQ73g4UNdrvzRaEPtt-Uz-jJPrwUGv-_poaWRxZAvRA,Steve Peters,https://play-lh.googleusercontent.com/a-/AOh14GgBgj5El5glFgef0ubXlhUMh1zc54y7VEUYW385TQ,"Do not like the fighting action, to delayed and too slow.",2,2,,2019-11-09 16:28:33,,
gp:AOqpTOGZ-o7ExbsAjj7AIGGIXJzQ7DO6Eh5qCBf_ovWdIeLyO1QIw55IXlfd5XHPIhU5ZeLkbUYhg7E7M0yETg,Maks Zaglotskyi,https://play-lh.googleusercontent.com/a-/AOh14Gi5FJYX0AJeUIUH-oukjuYIquZBku4UtSrbg2J6,For some reason game don't run on OnePlus 7Pro. Maybe devs have any suggestions how to fix it?,2,4,1.2.2,2019-11-09 05:32:05,,
gp:AOqpTOHpjUgAjsfpp2gY1Ji2J9N2Hh_SEINzQjSSlfWW-wR9vkR82SLcdVu8hBryxmHmA-dQZ8_ZpmKK1Bee7g,Rene Negrete,https://play-lh.googleusercontent.com/a-/AOh14GiWu4Qh5zv7Usd9-QTpoLM0n6176KnvGwgSkrQUtw,I find this game quite good and entertaining. It reminds me a lot of infinity blade with a bit of dark souls. I would rate it higher if it had controller support which would be really useful to display real skills in this game,4,12,1.2.1,2019-10-11 20:44:49,,
gp:AOqpTOHeD4m5hg4QPKUA9nMGspuUBkmuXUKjtVhC8Ic7oWPCMy70Z2ID2EV0lhudJ5RdwlyFiU0PSRD1uBFPlw,Mark Koinzell,https://play-lh.googleusercontent.com/a-/AOh14GiY1PmpZ3t1GdepXCJHjJjXaAmNM_YINR2igOrw,"Controls are bad, hit registration doesn't work sometimes... Otherwise loved the game.",2,1,,2019-09-28 04:04:26,,
gp:AOqpTOE84IUhpRbH1X4e9GX3q31xoQ49z0vRDYcVFXPkcGiCvVtlOnYhGIIbXvkd-Eetqvdx3lURuAXMIgpOYw,jake seven,https://play-lh.googleusercontent.com/-J4vPKi0cHV4/AAAAAAAAAAI/AAAAAAAAAAA/AMZuucmf4Bp41az9IC1MhsLXxw2ehZYcQg/photo.jpg,Meh,4,0,1.2.1,2019-09-27 20:14:53,,
gp:AOqpTOFocmOk0CWkY9IhP3RquqNFHwGuVBbqO9pdUIju7RyWGq978drUpOgDE5RgN643tZEk79WnI5-2RtBHsQ,dragon runner,https://play-lh.googleusercontent.com/-U7kJw8q_KxY/AAAAAAAAAAI/AAAAAAAAAAA/AMZuuclAc81qukNGJ4QYACZWvkW5ysQXcQ/photo.jpg,Its definitely got a dark souls feel the menue is easy to use I wish the levels where a bit longer but the difficulty is there,4,0,1.2.1,2019-09-17 08:55:26,,
gp:AOqpTOE1SseO1DWfBOK2o2sDD052yEzeYCQXeiQrKkOijSyI5ZEfQ7DJr-0fI3k5Qik_X5Rs2IeZh97wIlOmAQ,Jonathan Faust,https://play-lh.googleusercontent.com/-J5FKZ9tB2oU/AAAAAAAAAAI/AAAAAAAAMWc/AMZuucmVAT9SGDrQ31dWqhdarVFXjkZ71g/photo.jpg,The best third person action game I've played on a phone. Combat feels intense and the touch controls don't get too much in the way.,5,0,1.2.1,2019-09-15 13:37:09,,
gp:AOqpTOGubtD5FjmytAZ-NThjANxCDCIi43slYpLABkKZaMjZXkYyXSBmsnSqgGudbN57YcXMBWP3A2Qe2OZ3mA,Robin Rizk,https://play-lh.googleusercontent.com/a-/AOh14GhJjhxXqEAWCVa_Ky1VKc_tkIAs3aqdRnDGXOsO,"Clanky combat mechanics, bad camera control, mediocre story, repetitive gameplay. Refunded.",1,0,,2019-09-08 15:10:42,,
gp:AOqpTOFtJrFpjvSxrQpv6FKQSguOSZEvivNtoA-dTsQ4Cq_Q6LbI6H_IB6qqfjZDZgvMDcG95ZLv16YcceuLkQ,Jonathan Ness,https://play-lh.googleusercontent.com/a-/AOh14Gg80H9Z8uVpfjgGrvIKgm3S1piY64nzCmpsuc9c,Gives me a dark souls vibe I haven't had as much fun on a phone game ever,5,0,1.2.1,2019-09-04 07:58:00,,
gp:AOqpTOH7wtMfGUahiamt1oljkB2POa-F2UaRPyDqCPeYX1SlpWgecR6pbO5EogGe2pab2lBmTPTBPawbn8BUyg,Robert Day,https://play-lh.googleusercontent.com/-fp-tOteTuDw/AAAAAAAAAAI/AAAAAAAAAAA/AMZuucmdly4HJrCa1f_Rn8v0Sl3AMffdKQ/photo.jpg,For some reason I cannot download and upload saved data from the cloud. Can you please help me figure what is causing this?,5,0,1.2.1,2019-08-25 04:26:46,,
gp:AOqpTOHV1SxTW7Nb_eCOWb_EBepfJnPmxerSqFu3ToYRHmU4z6J_1GoU3ChbQu5fyXkyPeOWYdcygZrXxqM5UQ,René Negrete,https://play-lh.googleusercontent.com/a-/AOh14Ghv8dsVKOmJLUB5lUuHUIQfPLG6KCMEKIaebPrt0A,"This game is sort of dark souls just more like mission mode. The graphics are good, the voice acting and the art on the story are also really good and i find the game challenging. I would rate it 5 stars if not for the lack of gamepad support since i feel like i cannot move as i should with just the touch mode, is very enjoyable still.",4,13,,2019-07-31 22:04:59,,
gp:AOqpTOHVjc0swfPmjFEJIQfFGJGRxwGXCRSGPjBRSQONU2I-agKTLCDmTB6uEST8QOZEqR9hjrd-J5ycUBeq8Q,Digra Suputra,https://play-lh.googleusercontent.com/a-/AOh14GjN5TdKUATfO2z2m3MpIux2YB_txjTVNv_rKkzdiQ,Would be nice if we can rearrange the HUD...anyway nice one...recommend...,5,1,1.2.1,2019-07-24 05:48:18,,
gp:AOqpTOFKUHmWMmDEg6Ywf2IGgO0YyeLzEGm71-iYmetQ_lJAjJXKb6NvmJkm1ktStT4-x-bKkt3s7BYxnpi05w,Jovy Rivera,https://play-lh.googleusercontent.com/a-/AOh14GgMh6Z_QVe22hZhQR6m3e1X8J2y9iAl3MXkSMfoJA,"There seems to be a bug, I can't progress through the game because my gold is stuck on 175 evan after selling items and earning more gold",3,1,1.2.1,2019-07-19 20:59:37,,
gp:AOqpTOHM0mALNfBtzr7u7Uh5lfPZkGmCp0FE1zAxZCU4oJBQzVrX6ThvCMTXrXHqkgt55mhKfO_scrj46p4Phg,Mervin Cornista,https://play-lh.googleusercontent.com/a-/AOh14GjjpBfI3JKC3fOt9zx3XWSCBsjC7BAh8alt7u8SLQ,"Really good game,endless possibilities of hack and slash, amusing gigantic enemy to fight.😊👍",4,0,,2019-07-18 07:40:19,,
gp:AOqpTOFO1yfLEFU5te8XZY418-9sQoNO38_mHP_b436EErZkncIhYmnI9usxFjRu7kuGInc2N2GInJN8qcn3QA,Majeed saewq,https://play-lh.googleusercontent.com/a-/AOh14GjyzBvDo7Hk0fSnxXxK9WGQICcdVU_ZoOJGDYlE,I Love this game,5,0,,2019-07-09 22:54:45,,
gp:AOqpTOEwYVO3Vw_bpvBGT--XGyvLnuMhQ0j6xnQMQzT51xmlHLvdG83x4vuLzLKQnIDUC00nZRARx5OR-B-MZw,Tristhan Franco,https://play-lh.googleusercontent.com/-MBcKyLDPAUY/AAAAAAAAAAI/AAAAAAAAAAA/AMZuucmNrk4O0WCqPPdtjJtv4rf_7TpivQ/photo.jpg,"overall a fun experience, but a lack of information on the internet but not the developers fault, wish there was more of a skill tree though.",5,2,,2019-07-05 18:46:44,,
gp:AOqpTOF972PqKEl-jSnMauU1KXV3ujZ23iCH5fwDucIvvk58vZ4XQBK8NkQqjht3QZR_xHBzh4FRiEDh7OKvXw,B-Shot,https://play-lh.googleusercontent.com/a-/AOh14GgzJDy4A8sIiZNMPTsK9g2QuQHuY9sX1snjaghQVg,i downloaded this apps because im a dark souls fan..it is a good game..but a paid games that unable to customize button layout is really embarrassing.. especially when you made a game that based on dark souls gameplay..i really hope that you enable button configuration,3,33,1.2.1,2019-07-03 21:46:22,,
gp:AOqpTOE1e5kKNrau_8o-a8eXaZtzM0y-pKR75JIy2os1PEk_f4FZsuHub2K3XrF3sEC9cPnhtIAnrSTxv3Pitw,Tyone Field,https://play-lh.googleusercontent.com/-0wLh0Xd9hNE/AAAAAAAAAAI/AAAAAAAAAAA/AMZuuckbqeLUJuTqzS51w0Xg4VIXW72RjA/photo.jpg,have better graphics than the iPhone,5,1,1.2.1,2019-07-01 12:31:35,,
gp:AOqpTOHFu3YsQTHyLO0LAYRFU8zYobRc6cCjHYsp7yBJCsrygrRcfnTfaD6b6uKQqDsphe-KAwGw3hoUIvh1HA,Fred Frank,https://play-lh.googleusercontent.com/-S9sInOPA3OU/AAAAAAAAAAI/AAAAAAAAAAA/AMZuucmydzDY9zGrEKBILg_WQAd4BPWTXg/photo.jpg,Just freezes on the Google play login. Got a refund,1,1,,2019-06-22 05:38:21,,
gp:AOqpTOGhPexZWpuR5nd-edz5gkppRfsdHpHNhEa_fvmuupHqTWbixOZkZkUOBWn3DVCMHX7nBA09JzGgYTD9xg,Ryuk 1722,https://play-lh.googleusercontent.com/-w8030KYYSoI/AAAAAAAAAAI/AAAAAAAAAAA/AMZuuclgrl4rV5tksMViRpOBDVne2eeO9Q/photo.jpg,"Great game, make more monsters, more weapons! The combat sistem is amazing!",4,1,1.2.1,2019-06-21 16:14:46,,
gp:AOqpTOHDr46bR0INz1sDQigTGTFvDns-9YloKFcx6VcjKTkFyF8PxyP-qmXqpiNErtYwEKF5Uk3LAb002bLKCQ,Michael Pollie,https://play-lh.googleusercontent.com/a-/AOh14Gj9-ji9zfFuaAu6Lt6mnDcdW-dZLfEfqYy7cthc1w,glad you guys got your game back online probably lost my progress unfortunately :'-(. So I did indeed lose my progress.....that stinks because I put time in for nothing.....,1,2,1.2.1,2019-06-20 18:39:05,,
gp:AOqpTOEDZjj7eNo85gwMN_k36dSGdx4qjOtkjTsTh_GZYkGarwmDP6Qwp2PS6vRrlQhQNj28YHTkDovasLbEbQ,Bruno Sousa,https://play-lh.googleusercontent.com/a-/AOh14Ghyi-FSyU5O3EsIJqlO8u1mdjnBAiyImxYeqq1Azw,"Great graphics, a lot of potential but un increadibly repetitive, boring game. Bad controls an not much to grip on... I was expecting an rpg, an engaging one but for the price I paid, I really regret the purchase ...",2,20,,2019-06-19 11:29:48,,
gp:AOqpTOHMrv262xe4x_16JIj0mQdE6q6QaxD1WZxXCRxzKH_CrcvDvvHR-3I0lHAdjnD1xJ_ZlM0SJrNVRjDB7Q,D3MON3AT3R FIREFARTER,https://play-lh.googleusercontent.com/a-/AOh14Gh81sigqA5HEJp4pCgPw_JMZfSoUDKduAlnuFz7Bw,"~"" DOUBLE BATTLE AXE WARRIOR APPROVED!!!, GAME GOES HARD IN THE PAINT, WITH AN EXCELLENT SKILL TREE, AND ARMOR/WEAPON LOADOUTS. ~STORY KEEPS YOU ON YOUR TOES, AS DOES THE TOE 2 TOE BATLLES DO, BUT THE GRAPHICS MAKE IT ALMOST REAL.~ WOULD COMPARE TO HIGH GRADE CONSOLE OR AT BEST PC GAME PLAYABILITY. ~AWE~STRUCK TO SAY THE LEAST. GREAT PIECE OF ART THIS IS.""~",5,2,1.2.1,2019-06-18 01:10:49,,
gp:AOqpTOG9N-Oc1xz7QRojqvfvWr-BuesvPlWKJUdesm39qP9RzDapJxepQIlKpK8cLyovKiDY3or5LLCA-ua8hg,jo junizar,https://play-lh.googleusercontent.com/-MoXYODbA4B0/AAAAAAAAAAI/AAAAAAAAAAA/AMZuucmjrx9D9NwJpMDJmvk1NQpu4DCWCA/photo.jpg,the game stop at 3rd journey... no where to go... just running around at place...,1,0,,2019-06-17 10:54:33,,
gp:AOqpTOEqX6hKjGVLAatk61e6wHPJ9SuyNhboWk2xl0H-A0Q6kTaNBP9xG5XUfO8joQnRIejebUFiG9Xg9XDNdg,tantine,https://play-lh.googleusercontent.com/a-/AOh14GjPWRJExqrgjF3ORU8CH2hfscz9yuVSndSz_PW5qQ,"Amazing gameplay, and thank you for making it sale lol.. But the controls are kinda.. Like im not comfortable with it.. But all in all noice gp",5,0,1.2.1,2019-06-15 10:15:37,,
gp:AOqpTOGk0DwooeLody0nQgqo4ruKszRFV1KBXl9zF2zyE3qSS_EVYKLjH5f_QcHKwmPYSKXTxL4cirmh9WBkZw,Albert Blaauw,https://play-lh.googleusercontent.com/-aonI781pFFg/AAAAAAAAAAI/AAAAAAAAAAA/AMZuuclqiXNaxIq_rB_CIGUcpWQ6Eote6A/photo.jpg,The controls are difficult to use and there is no way to change this. Its frustrating to play.,2,2,1.2.1,2019-05-28 06:56:58,,
gp:AOqpTOGisqLgXmq54Wf1siiFCZqeYvVwtoTP6qBopu_T5VCgYfj3zbZE7eY2KthoXhZygmHRs6KLhqk750WXKA,Luis Bonilla,https://play-lh.googleusercontent.com/-RtKTzcVhmcY/AAAAAAAAAAI/AAAAAAAAAAA/AMZuuclVyZkIxQppl74WEJngm70uGR8MFg/photo.jpg,that's why,5,0,,2019-05-21 07:56:02,,
gp:AOqpTOFE17IVuMGCn3-lKYqSGonAtT96xKFFYkhHbXlNk91ImnL2DBp04ccQQ_UpRMvCLi_AspxlG22j26o3AQ,James Hood,https://play-lh.googleusercontent.com/a-/AOh14GiPXus_cLFuxRxJAB6aGx6q2SI_43PBJ5RPUDh0PQ,"great little game, I'd love the option to be able to arrange the UI to where id like (Primary the in game action buttons). Resizing and repositioning of the layout that is, otherwise it's quite informative and easy to understand. Gameplay is what this little gem is all about though, which is does amazingly! Overall a really great game, I'd love a bit of a story and maybe one big world, hopefully in the future :)",4,11,1.2.1,2019-05-04 13:33:32,,
gp:AOqpTOGx-83bVqQ12zWmuRwAcl1zARI4H6xkk_bgVpDTwbiAdw1RanmNc9-sD5G-4z_DiT5PC8lgHcKmI_R9PQ,Arthur Cole,https://play-lh.googleusercontent.com/a-/AOh14Gi3N4iuIMfuh_u0_jCIX6fBe3WEX-M6MuYvO0FSDg,"i really enjoy the game, but it has glaring flaws. every other attack knocks you down. you spend a lot of time recovering from a fall. it's very annoying; to the point that it is no longer fun at times. camera gets stuck in tight corners; making it hard to even see the enemy, let alone react to it. you can also get stuck in a corner where there is simply no escape. ambush from behind, buggy camera, and knockdown against a wall can get you permanently stuck between enemies and a wall.",4,9,1.2.1,2019-05-03 21:42:24,,
gp:AOqpTOH1iGXMeLFG2ydzYU8WAMA55kJcGJ6_hxX8oYcZO4HIGoV8vZ4UOWZI4VV8omsgeeYMwjX06hENxu00rw,Alphonze Meep,https://play-lh.googleusercontent.com/-e6VRioVF7D4/AAAAAAAAAAI/AAAAAAAAAAA/AMZuuckeZAtaCD9VIjIQRJ6dti7H0Jc49Q/photo.jpg,"Fun, grindy action game. So far, mostly arena fights or gauntlets. A little confusing as to what all the mechanics are, though. The grind is real!",4,9,1.2.1,2019-04-29 16:41:05,,
gp:AOqpTOFZhkGNUoX3UpPmB1-K9cA06y0Qp13drYHX-OxLGJxpRlnhABI4SUzg-ykS9DTNeWJh3Rg_i3EJRpaX5g,eyeboxTV Inc.,https://play-lh.googleusercontent.com/a-/AOh14GglXAzlwjQ8QX_ftmbl4JjJIOmxAMMWgzxNs7jHng,great darksouls-like game.,4,6,1.1.4,2019-04-24 15:35:33,,
gp:AOqpTOGA0LHpLvfnZk1oHmf7s27zTcxPplF65VfeVpGwVGT_fL6uyy5Eed9RakLkXhrRT6CqeZk72e1qWVpGog,Claudio Moraes,https://play-lh.googleusercontent.com/a-/AOh14Gg0IWXHjuZWuSPyjcEd1FhKdpPDcqfNHIFL3QkWlg,Bad game please don't spend your money,1,9,1.2.1,2019-04-19 08:46:46,,
gp:AOqpTOEWzJ4FZNfPHQ0ki6eEsgCK6DqGwq4S3_Ok3QPnQrJNlkWR9uM_8TfQMWxUByvH7zym3v_Aim_J0mOqlw,Ghostkielx,https://play-lh.googleusercontent.com/a-/AOh14Ggm3-LYgyTJ4s_QeJwfGdcInngomuloZ6EQ8elXssY,really good phone game to play on the go.,4,0,1.2.1,2019-04-18 17:36:16,,
gp:AOqpTOESbNOlB8aOxYKwrTs1hnmeZVQLtzNjdZ6tBXQ5i2kjHZvS23M7jsdGRgyrLQmrsVm4ESXIgYlVpwf14g,kima khiangte,https://play-lh.googleusercontent.com/a-/AOh14GhuS9czQjukUwiyfpJslWOQPb44G6uMQq19Fvq7CQ,Those microtransaction is insanity.,3,7,1.1.6,2019-04-12 20:03:29,,
gp:AOqpTOH4ZRmAemZK2qEsf8xKIAPLOJch3WRs4HJwIuJIZO7jtw4McRyB9ZsrbwpC88ngBG95K2vBPTP7m0IYTQ,Alex Mendez,https://play-lh.googleusercontent.com/a-/AOh14GjvLLjwj7Se4Z20yzKTeuwceGvUj5LSkZmLYkfd_Q,They should team up with from software or from software should do a mobile DarkSouls.,5,5,1.2.1,2019-04-09 19:15:18,,
gp:AOqpTOFpiGnZa6q1ox6HufPcTpp8fedT9j0fadIq7dqVIKlsXX1vv3WwX9uryYFX3JXfzcit6CG-nVj0IU_Afw,Christian Saulong,https://play-lh.googleusercontent.com/a-/AOh14GjPjgXzy_DdkitZIMyZSZ79mwOvVML9-JqDwvpcog,Wow. Nice game.,5,0,1.2.1,2019-04-02 23:43:08,,
gp:AOqpTOHqliPPZhL-CtwxPXOJM7azOtG6F6hpMTy2WMHG2JumrTXs1p_JdBA8qK586vp7NilAXFdqglwYIH9zXA,TwoBob Lee,https://play-lh.googleusercontent.com/a-/AOh14GhhJRPua_PFJkW-dOgsnGLrWZLlacZXLoQejyne,"I love and enjoy the mechanical and tactical aspects within this game. One of the most elegant and addicting games I've ever had the chance of playing on a mobile device. Grinding and leveling up never seem like a chore due to the game's strategic element. In fact, victory brings a sense of accomplishment. What keeps this game from being perfect are the short, five-minute levels. Other than that, this game is easily a 5/5. Also, the sound is PHENOMENAL.",5,48,1.2.1,2019-03-25 22:01:29,,
gp:AOqpTOFh0X_ZnGKQtCmMuDmGuv9TFqTO6XiQWfxfabRfxZQ5UWxgCmqQD7cn3lDfCbsIMbpFivW-5Q1rGJJ9Qw,Jaz BrO๓Noฯ๖H,https://play-lh.googleusercontent.com/a-/AOh14GgJl0Iha9-0X0apPKcykps9FEWMpsNPJx--DiWt,"I recently bought this game but it was remove on my play games, then I checked the playstore then it was not there anymore, they must have removed it before now it is back again. What changed? this game coud have been better than IRE: blood memory on a third person perspective, then make it available online since it was an offline game. Would love to play this game again. Almost feel like your playing on PC but the movement controls are a little unresponsive when you pair it with console.",4,3,,2019-03-21 13:47:38,,
gp:AOqpTOH6YTDbj5FdZ4wGUkgs3BxdDiP2o-0V1gI-WYSnrWhyoEEUD9ufuSsl--Bue1STzDj55wCzAfbRJ18tJg,Henry Page,https://play-lh.googleusercontent.com/-Heyh0KASC9k/AAAAAAAAAAI/AAAAAAAAAAA/AMZuucmwKBLpCkkgJHI3Zy0Jo2Coky_hxg/photo.jpg,In Samsung Galaxy NOTE 8 exynos..its Perfect like AAWSOME......no graphics can beat it .....its eternally The Best Slash and Hack ever created. for android.......,5,20,1.2.1,2019-03-19 09:16:13,,
gp:AOqpTOEa6puECFmyceFy21l2t8ms8aPJQ1CGtPU2rgkqIthJDXFRKd51SR6wp8uMBXNX9FUVXiHQsANI02S6vg,Cabezazo14,https://play-lh.googleusercontent.com/a-/AOh14Ggm-r1NUgjOxHSiPOvLSX2_923fJraz-Iy35vZCmg,Excellent,5,0,1.2.1,2019-03-18 22:56:14,,
gp:AOqpTOFr2mdL46Qz-RFDU42i_75T_hGIbyqs2WDUQNw47QkEjXG3YPGFLbWqlp86kINAsAr4wf-SRWAf77OEig,Justine Manalastas,https://play-lh.googleusercontent.com/a-/AOh14GiApTFMaPH2y2IfAItNetz3xPW2-eTf3_pGn_uJiQ,Tries hard to become mobile Dark Souls but falls a bit short. Difficulty is unreal as you have a seemingly big hitbox. Ridiculously low drop rates makes for a very grindy gameplay.,3,5,1.2.1,2019-03-13 01:30:34,,
gp:AOqpTOHekmDL9gWEC63Sv46loZW7jtHYrS_fKYJ2HGsm6vGdz1q5xRua-3zWIl5IAuqx20pMqHdz-y-T6qP2Ow,Poxy Zaid,https://play-lh.googleusercontent.com/a-/AOh14GgF8JU2UW3bdS3NFbYu0mUmIBjZ7lEq26gRlCjQlA,the best hack and slash in android ..,5,0,,2019-03-11 07:14:33,,
gp:AOqpTOHwQdtHgg98LawA4k5WjSd574t56YjT-AEQoy_5xhJ4TRsaBMLnmEcL5fCOWt0eso01uCnZ0K9rpQdyaw,hybrid 21,https://play-lh.googleusercontent.com/a-/AOh14GjxAqFUoErFWC5926yHrKlZRc3f-QnB3sdGXi0B0g,"I know the developers will never see this, but if you could add a gender selection then it would be a perfect five stars for me.",3,1,,2019-03-09 18:06:14,,
gp:AOqpTOHFesxU04CezoiVPFe-0W7ZWfFKbhKTJCOOgOKZbvpXY0nolYt_koB2ka248Em7ZIgBgwV_D196wGEW0A,Sayantan Chaudhuri,https://play-lh.googleusercontent.com/-ObxV-VTemcI/AAAAAAAAAAI/AAAAAAAAAAA/AMZuucmMGDeYkbpKd6OOTxOMziejv65ehg/photo.jpg,"A really good experience overall but hate the micro transactions. I've already paid for the game, let me enjoy it without any further payments to be made.",4,4,1.2.0,2019-02-23 03:02:56,,
gp:AOqpTOEeFTqlMKTqSL3k_rk-i7lo2YPueAN3gjDAaRNGP-ViZkOnlB2ZgTSJ5eYhdqTOOfB5tza28v5K9NDhmQ,Jay Symons,https://play-lh.googleusercontent.com/a-/AOh14Gig5xxRC6_dAv9RQVQUzQmLQrStTv9Jd_vQr2fx,"Used to really enjoy this game but now it's telling me I have an illegal copy and I need to pay to remove ads but I already have paid when I first purchased it. Also now ads pop up all over my phone when the game's not even open, it's turned into some kind of malware..!!",1,62,1.2.0,2019-02-19 07:51:58,,
gp:AOqpTOHkxy-qimqfPau_-LbfiU40NPNSjqiEU9Lf2ad-VNDtuf1mJZZfErOYqcZ9RZ3CM_K26CNnZQfWC_KLKw,galefinn,https://play-lh.googleusercontent.com/a-/AOh14Gi6duuh1OkYFON751jNx4GuhfxVPEzZP1U1EiniJw,my controller doesnt work please fix this,4,0,1.2.0,2019-02-16 07:34:23,,
gp:AOqpTOGJh-9Cxav7_1cyfvw0TdvVi4YYxZpHVmMKFhxCLY3ZrTOtrsfBSRs_9lYVXvbZpHb06IWabALVrqiWcA,Mitchell Haley,https://play-lh.googleusercontent.com/-kw8M07ESrVY/AAAAAAAAAAI/AAAAAAAAAAA/AMZuucmrc-13XzLc2ZEDALdJ0qWr2mMDFw/photo.jpg,"glitchy, no tutorial, bad camera angles, no boss hints, and the in game content is stupid.",1,4,,2019-02-11 16:49:30,,
gp:AOqpTOGs7d_0y7AxeRi3i-AQ_dJrRLtN2l8TtRO7TmDhdQez_IJvBxLRQ6M_HogAW1Szg0MPe1Zfc6AvqvPCGA,KARN,https://play-lh.googleusercontent.com/a-/AOh14Ghk5-xH5sZZlGqoVpBrubIJ-mfZ0PSTycpjbZc7,"I F***** LOVE THIS GAME I didn't know what to expect but this game is astonishing considering that Im playing on a low end device. Just wow. I rate four stars because I dislike the controls, the buttons on the bottom right are a little congested that when Im fighting I accidentally press the wrong one especially the block and dodge buttons. I wish to have control customization in the next update. Thank You.",4,7,1.2.0,2019-02-11 02:15:30,,
gp:AOqpTOF38U9dVDcE2dWfhHZdyLpDzY72BCyd0WCXuM5-Jc3vPuYJZFTSRN-qS-cIfG-DHa6i9oCnGu6zZ4hPeQ,Bruce Wayne,https://play-lh.googleusercontent.com/a-/AOh14GgpGezPrR65xvdSjrsXpgCNIwFVuuh-bzUYtwqe,Boring,2,1,1.2.0,2019-02-08 10:17:59,,
gp:AOqpTOGSW5cytrZynp_MbtpA9mNIoYmWsjUQYVmXKRxLzg5UzK5UdPSGKIeWuO5c0LUPtTiRSJPsPKD7VFHYXw,Jayson Frankel,https://play-lh.googleusercontent.com/--muvnCRxIsA/AAAAAAAAAAI/AAAAAAAAAAA/AMZuuckGZAzg1iYX_ppbdX2E87jRE5_tuw/photo.jpg,The game will not stop closing in the middle of gameplay. It happens so much that I'm not going to play it until it's fixed. Otherwise it's a fun game.,2,0,1.2.0,2019-02-07 06:38:52,,
gp:AOqpTOFZS1KkqhQiIjvg6iJB4GKDe-NHTeA2Bf6wwa0a01rHwGlMgtz_CERSlY2_g4XxUxPVp2Obha7RE_ImgQ,Craig Baker,https://play-lh.googleusercontent.com/a-/AOh14Gjxro0R3Er_2YlILsgoC71ASaT5t0zRXolpaMsLTg,nothing like dark souls at all its absolute garbage no refund option either 👎👎👎👎👎👎👎👎👎👎👎👎👎👎👎AVOID 👎👎👎👎👎👎👎👎👎,1,2,,2019-02-07 06:38:02,,
gp:AOqpTOHCaMRH_Le76n2QKLs-z-FpQe5kngsOPEggJ9zCdb4eBKj7qdXNAm_Vy-2JBWLcplKTMz_buLRKFNEjRg,devan lilly,https://play-lh.googleusercontent.com/a-/AOh14Gi7UwlAKm7CmGFUWpUDd8axXtTQWiQPoRhryYTobA,fun game unfortunately I can't get anywhere because it keeps shutting off in the middle of game play using the s8+,2,1,,2019-02-06 19:57:30,,
gp:AOqpTOEDuk-3U2069JwjXu0pKZLhETYjqUuHnpq8ORlNR9MQp-nlAkljrSyB7yJ2BrPFDwYfGb50iKufHDnIrg,Aaron Jackson,https://play-lh.googleusercontent.com/-FsJKnCuSVVE/AAAAAAAAAAI/AAAAAAAAAAA/AMZuucmAUm64XbMrzDOV_UvTJqNT_PRiIw/photo.jpg,Was told there was controller support. it's a lie.,1,1,1.2.0,2019-02-06 03:49:17,,
gp:AOqpTOE20-CdFZiJjoSvoAIO3Y_Gnt1fuclHZCrJtd5tpaCbeTtly8pFxPyiePtZ-LeUNYCyRjIuyD41shRNxw,Cam Lackey,https://play-lh.googleusercontent.com/a-/AOh14GimpnzPL7U6s549eVG7HGnzIIlRRdsVXu0ISGmb,"i love this, so unique on mobile platform, graphics are good, frame rate is smooth, only con out of all the pros is the dodge mechanism and including the block as well,if i press block on time i expect my character to react accordingly if i dodge same thing,timing of blocks and counters could definitely use some tweaking other than that its a great application",5,4,1.2.0,2019-02-05 20:13:52,,
gp:AOqpTOGMNLb-_x3rkr8Vf13o24AMqfLaZIfh-PrrrcCjnoOfx1gvzG9OqrZ5i4Xa_KtnLLycpT1EkH29NiR2vQ,Manuel Carrillo,https://play-lh.googleusercontent.com/-FPZOghci-6k/AAAAAAAAAAI/AAAAAAAAAAA/AMZuucmdvv4zA96z3wRExTTbhuC1HAPQ-A/photo.jpg,I'm trying to get a refund because I can't get the game to start up. I've uninstalled and reinstalled it more then I should have to. Still won't let me play. So if any of the game developers can help me get my refund or solve my issue.,3,3,1.2.0,2019-02-04 14:53:57,,
gp:AOqpTOFMGdP5YvUTnzcnYgo4QB40JMIXUUEws6lLFH1ymnz1CIS6tgMpRiT-zq6DqYoQYZdm3qukd7B0zx-8Rg,Chayan Das,https://play-lh.googleusercontent.com/a-/AOh14GiNTEaVT7e3dzOC8_kQ_Xc1FKgnazT4gD01-1Zvfw,Please remove those in-app purchases.,2,5,1.2.0,2019-02-03 13:53:40,,
gp:AOqpTOFu2TZ63PkQUVax5e3xSl8tPdKpGhr00rTn25wI7YwEj3N0R4JuS6VMqJYXgLUCCsjH8FVwANtb47E1OQ,Josh Noir,https://play-lh.googleusercontent.com/a-/AOh14GjZMMOFzuCAJI8N7djahAUstilWTOwCt3qwgVPRJQ,"Such a great game. Graphics are incredible. Only issues are being required to replay a level sometimes 30+ times to farm an item, combo controls that never connect for the spear for me, and because it's a paid app, no fun extras like IRE. It'd be nice to have daily log in rewards (can be done even without internet), mining & crafting with the depth of IRE.",4,1,1.1.3,2019-01-31 18:02:47,,
gp:AOqpTOHJ0cT3rzRGHY6JE5i1ZCRVwqZJq2vBSrN2HmZd9SaPNpbu6dtfpGbBW45-UcjewK-X4bWoXI4IC5Bh7A,Erik Nerheim,https://play-lh.googleusercontent.com/a-/AOh14GiCvHiM-ibjtO6l1Npsp06GOpgFlyUQ-WdsoYxLLQ,Not compatible with pixel XL. One stage was fine then the game's sound freaked out with all kinds of static and interference. After that sound was lost permanently no matter how many times I force stop. It saved it with no sound now its locked in. Makes you realize that sound cues are important for knowing when to dodge. Too bad it looked good. Uninstall time.,1,3,1.2.0,2019-01-31 08:14:28,,
gp:AOqpTOEbmXNfXem1ceuzD-Kscj4TdRUT-k8Im0iWxVi9dIdXlcjUjzV_-bF44ku1TmmHibCUyPChNMgvQss89A,Andrei,https://play-lh.googleusercontent.com/-VuuYdquBqbg/AAAAAAAAAAI/AAAAAAAAAJ8/AMZuuckFKEUtq2GLDgPEecyp6an-dK07RA/photo.jpg,If you can repair the bugs where you die from one hit after a revive or where you can't deal dmg to the boss after revive would be great. It rarely happens tho. And bring back the tarnished sword and the armor sets for day 4 as a side quest or something. And even put the particles from IRE S+ items for SA S+ items. Other than this the game is perfect.,4,1,,2019-01-27 17:08:36,,
gp:AOqpTOHfLj7QGzKxj3ElLlV8qnOL8rTfkTXVhm-mqHn38gBHC0FqTfVMZvE6iTUStfOVG17eA_WrcV3WC6Ofiw,Marcel Koenig,https://play-lh.googleusercontent.com/-MYfRy2sfQaE/AAAAAAAAAAI/AAAAAAAAAAA/AMZuuckcClDs6d26_7otNcsviBThsTslOA/photo.jpg,dosnt work anymore,1,0,1.2.0,2019-01-17 03:08:52,,
gp:AOqpTOHOw-rfZZGI_tRh1YoNkTf189XQPSheNruSogPaDib4KGmImOAKutFffUbd4ThHw3JSd7-yLwAdMW5T_g,Put Tank In A Mall,https://play-lh.googleusercontent.com/a-/AOh14Gj2DBXpk_-zIvhwCcEUZJfbWBMkEaa2wlgeUBmcRw,"very good game, I wish they put more cool bosses",5,1,1.2.0,2019-01-16 22:37:36,,
gp:AOqpTOENVPbUxyYiaWXp1UIR4qJb7qFQjQxo9j4e5ebGR1qAWxZairETfEPaVWfZJ7F6n6fWrpIeOOM281qb0w,Kevin Hoepker,https://play-lh.googleusercontent.com/-IuVoHmfIQr0/AAAAAAAAAAI/AAAAAAAAAAA/AMZuuckUhJvX-W1nn-rddVQ31SJgdooA3w/photo.jpg,Get ready to grind. Super short levels with a few mobs before getting to boss. Bosses usually hit you whether you block or dodge so gotta grind up those levels to be tough enough. Most boss strategies are hit and run. There are enough free games like this one so don't spend the money.,2,7,1.2.0,2019-01-15 12:15:30,,
gp:AOqpTOFxGMyWZ6xZforsrMQpqBqS-maLfB9yI6XdmZEvnxl2CIYl78KiHSpFZUGk0Qf58qgP0vTIwKi5W2xnlQ,Brian Coleman,https://play-lh.googleusercontent.com/a-/AOh14GhSW9fxHEYNpkBisCu_2Xcc0XSEBmFfa_TX91B1,"Basically Dark Souls minus the open world aspect. Would definitely recommend. Would like to point out a few minor gripes, however: Boss finishers deal no damage. If you are facing two or more bosses at once, their health bars can sometimes synchronize with a random one until that one dies, then hitting the other boss will show his health. Purely a visual bug. Drop rates are painfully low. Lastly, the game doesn't explain certain stats very well, if at all. Fantastic game, otherwise.",4,35,1.2.0,2019-01-14 20:36:28,,
gp:AOqpTOHTxgoURsR3HVVdPK50GIflScAX6fxMQ4T4Y3ymEaY543oMA0Uaf1wXTY4j7WO0HpAY931usCByl6f8Lg,Vincent,https://play-lh.googleusercontent.com/a-/AOh14GhbJHFMdKVxQG9zCtaIr4moLV7ZxjKl1gMNOdHB,"No gamepad support which is a bummer and lastly, drop rates are low. Suggestion: add survival mode. We're hoping for a new update.",3,0,,2019-01-06 04:28:13,,
gp:AOqpTOGlLr41KnHrbMXyOV3sLfd8-1sGEOY3ZgWUK4LCCrwmHG6vMB37hJrSzlwhTrv2c565IGXa0weBogfrEg,Joshua Nahum,https://play-lh.googleusercontent.com/a-/AOh14Giys3xmDg36Y46lZ7rlpUyVsuau1wmwuZbdktXhLQ,The drops are so low.,1,4,1.2.0,2019-01-05 22:58:00,,
gp:AOqpTOH4_nr3TYu66faENv0nujxhNA9nHvs-1z-Kc1xbN9CXH13HsnLLZ7bz_u_nUG-Medsiy18q33A3ALKzKQ,Steve Rhodes,https://play-lh.googleusercontent.com/-fwKXjYVJf2E/AAAAAAAAAAI/AAAAAAAAAAA/AMZuucnpKE_Gi_4vOiZRWT8ZiAxe-BQt_w/photo.jpg,not what I thought would be better if it made more sense,1,1,,2019-01-02 18:19:33,,
gp:AOqpTOFu37s-0hH2vWxWSYj-N06ths-AIl0_rO5jmXbU7cX_YHUWc9WlWwkFNRxUMNrvdAHZ3oz9zLPlf-wXSg,Scott Woods,https://play-lh.googleusercontent.com/-lo_BrFiqZtM/AAAAAAAAAAI/AAAAAAAAAAA/AMZuuclDTwHDFmbjSI0WXuNaP48_k42q6A/photo.jpg,"This is a game that could definitely rival FromSoftware themselves. Evidently a lot of inspiration was clearly taken from FS to make this little gem, but if you like games like Bloodborne, Demon Souls and Dark Souls, this is a game for you. Granted at times the game is frustrating but its meant to be and all it takes is dedication and practice to git gud! Overall Animus is well worth the pennies and should keep you entertained everywhere ans anywhere. Big thanks to the Devs for this! 🤓",5,55,1.2.0,2018-12-21 16:13:10,,
gp:AOqpTOHrJ6jJ7K6X7H18ahLrUly7goOp5gTNsns_bglp7Tdy09K3NtQDUV9ok00aOHZ8Pqv5Mfd-5MnxVJh5_g,Marcus Padayhag,https://play-lh.googleusercontent.com/-YTcHeWj1bUU/AAAAAAAAAAI/AAAAAAAAAAA/AMZuuclQwtQ1Ur_LWRHzPBCaBXrm2KYECg/photo.jpg,"Great game, except went i get so far in the game it won't let me play. Don't know if its my storage space or what.",5,0,,2018-12-20 19:15:41,,
gp:AOqpTOFSR03ELJxg-kv6ChzlQh2DIckQz_Pq7DPErzTJHFIngSXH8YMr3Zvk9xlt5ipvnYTOMimOJfI822X7Kg,Elijah Jenkins,https://play-lh.googleusercontent.com/a-/AOh14GhVzD63RyWY5MoaPGz7sXOrFWCvwmbPLVkbo63unA,dodges are terrible you get two shot by many bosses your friendly ai is bad the dodges are so bad the only way to win is to outdamage a boss using the heavy sword,1,22,1.2.0,2018-12-20 07:46:14,,
gp:AOqpTOHWTzPHaoqm50LbnVHbOPBEVtHTEU_s-UBOWjkWQTyWH_eAlexkXjCYELoz5qgG1acVea34359SNGlldw,Budianto Sugiarto,https://play-lh.googleusercontent.com/-PvtrzTpsQ68/AAAAAAAAAAI/AAAAAAAAAAA/AMZuuclX_EIP8e8uZogxsTF3ElsIbpp5iQ/photo.jpg,"Already bought it, but message pop up said I have illegal game and ads pop up time to time, who needs watch ads for already bought game, but , it's pity it's a good game",1,9,1.2.0,2018-12-17 04:20:57,,
gp:AOqpTOHIE7O4BUiiIINyVd-ms7442aRU8uL4sVuehyNfk6W1aWXXVW561GXXNmTNZV7h63rPxwXACfpwSrbw2Q,Zen Sei,https://play-lh.googleusercontent.com/a-/AOh14Gj9kTuHv9bj9KMw8yyO2pWzQBiYepeZMCy73aTT3Q,"Nice try, Ire is more better than this, drops are so low... I hope in nintendo it would be better...",3,7,1.2.0,2018-11-27 17:55:12,,
gp:AOqpTOFpQbWkYwsd7BWz0hgC8EdC5YmBkI94iqYVY3_7eyqnW9CVCcoq5xV89joMxJFUAo4eNnWKWU2aS1rcEQ,M Z,https://play-lh.googleusercontent.com/a-/AOh14GjhqZivvLqsLQrA3p1oXQRHuqzxhz1usODkYd1ZWA,Just paid for an ingame purchase which didn't come through and i keep bouncing around automated responses from the developer and google.,1,36,1.2.0,2018-11-26 06:02:29,,
gp:AOqpTOHpK7RavWtgMxZl2xqX7GfGmLS8DaxX0pAOAkDW4pw-orgeQ1ZYR4BgRGk0Al0jEh988BOLo_VlQIYFLw,Asef Erfan,https://play-lh.googleusercontent.com/a-/AOh14Gi2orzcGzL7hoDdNJyhNWtcyU0RlzkpKSz4WAmM,Microtransactions on a full priced game ruined it,1,55,1.2.0,2018-11-23 09:36:08,,
gp:AOqpTOHylFgQkBz_MLWbcqtfZx0DKloI5kh2MdNTDJ9CYxyRUSMU0oBQ8lVd7gbhYyqtuG4GXjKSxW24-elRWQ,Tory Thai,https://play-lh.googleusercontent.com/a-/AOh14Gg0zzS1ez9AbH2BQkIg5DBPy2UXJtgC83UPEu-seFg,Don't feel like this was worth my money. The micro transaction are a real burden on keeping you from experiencing the game how you want to. I feel like buying to game would help alleviate the need for a lot of monetization but having to buy a game to be sold the same mechanics you get in free to play titles is a bit of a rip off. I want my money back.,1,181,1.2.0,2018-11-16 13:25:15,,
gp:AOqpTOEoeHMpwTDs4pz3mtDvH2t7g9voHiFxroGqRmfTJ0jCP5wjfu1b5dH0SyyLimENK_GcRHd8o6_PLgPY4g,Baracu S.B.,https://play-lh.googleusercontent.com/a-/AOh14GjOTW8WY5LIn8-u04dirZ18B4gXxnvSED7eJ-3dn_Q,Thing you for a good Game,4,1,1.1.8,2018-11-04 19:30:12,,
gp:AOqpTOFJLebaNfTwBR8D_HTVblrc1FAi3ucY18hu74GwJb3LIUnaJRGzze5-WeZUOiHyqDKUhBLPZHggKmgOGA,Mean_Meme_Machine,https://play-lh.googleusercontent.com/a-/AOh14Gh9Jinyzx6YnbVSQjAR-POGMJh42QQ6TAolMM4DuA,This games cloud saving is broken and I can't get my data back please fix this problem other than that this game is amazing.,4,0,1.1.8,2018-11-03 14:16:07,,
gp:AOqpTOFfo_JzbO-tecnjqf3kv-VuKbo2KnBiWM3hLP8KOvihWtmwThjNwn0of2kKIdSJE_WsPX3U76x9O-7rEQ,Excalibur Umbra,https://play-lh.googleusercontent.com/a-/AOh14GgaUpIOLdhuN9i4curkk1dQ24CeAzhrjc_pILy6WA,Deserves more spotlight than what it is getting now.,5,0,1.1.8,2018-11-03 05:25:18,,
gp:AOqpTOGeaaTKEaUcnx-iJw7uK06ENtiU1GYAd7qDbI-EtH9pnIHLQ26g07g6GzNXgyGeOq4bZGpk3RIainS3ww,Ash,https://play-lh.googleusercontent.com/a-/AOh14Gjklez9zcyl2oKOhA0yyJzj21a_3lhcajGwFBVbVQ,"poise always 0%? is this bug? i try to uninstall and install again, but poise and stagger always 0%",1,3,1.1.8,2018-10-29 19:46:08,,
gp:AOqpTOHaREQwjZGmNZTX34UvYPybY4rqWOGepjSYClPRJVAqEZoKt_tH8nxaunELobcEnOGovFxyEYutzw3PNg,Mico Automatic,https://play-lh.googleusercontent.com/a-/AOh14GgSq1UXj9mT8XuWUlhGO_uXGovAH-uprrEnQtwnmw,My phone always detect that it have a virus,4,0,1.1.8,2018-10-29 04:07:38,,
gp:AOqpTOEUfy_FdbJbqtZ58JXeAU_qrN1kv4QUGEFb9baiYIRWYXw__ZVYVyPDdLP-2Rg_pGUpOn-ugjbuKxbijQ,Skeletor TooFor9Eight,https://play-lh.googleusercontent.com/a-/AOh14GjH86zWe8Vnmf5MBtjJZ1zwSoR2ghjdyyT9IzDqhw,Poor hit detection and weak weapons,1,3,,2018-10-27 06:58:02,,
gp:AOqpTOGD2gmcLY8IWJhGy-1qsMjJB8rn5fUllp4hR9VWnvXOK7Yhnl80EXmH-0b63O-gJHYXV_UQVWgsA_wehw,RD,https://play-lh.googleusercontent.com/a-/AOh14GjjMg9SHd7OwDbdokRNhpBcQIXWzULVdeBqJ8XWlQ,Dark Souls for mobile. Awesome.,5,0,1.1.8,2018-10-19 11:32:01,,
gp:AOqpTOGPtbPJxnFr4EIeHuNaiOOlpk5aWyUVGFCDh1wFYUMz98elTduj9WuYwQEPpszOWMNkktVhKOKEoBvH9w,XooL,https://play-lh.googleusercontent.com/a-/AOh14Ggbyo7e066VW5G4lT0xjZGnDhvXCOYdeim7fNBw1g,This game needs more.......,4,1,1.1.8,2018-10-09 11:53:43,,
gp:AOqpTOGj8NzSWnSOt8pPnbDA4gnZrjgNBM9WNHZqk__S4j_dADjKKtt-HU1t4GoX-Re39oeTw3AWHlcGYo24KQ,A Google user,https://play-lh.googleusercontent.com/EGemoI2NTXmTsBVtJqk8jxF9rh8ApRWfsIMQSt2uE4OcpQqbFu7f7NbTK05lx80nuSijCz7sc3a277R67g,This is a great game but. I'm confused that the big sword thing is more powerful than the wind weapons (you can get it from a boss),5,0,,2018-10-09 00:43:07,,
gp:AOqpTOFXkR_sFvlBd_j5WNLyGtkrNzn3eyX41mfGnySZCwxz-PD7DbBSph1ZHIfbyzsz37XtD5hyrUctKFZJQw,Huw Jones,https://play-lh.googleusercontent.com/-zcJoMhFWysY/AAAAAAAAAAI/AAAAAAAAAAA/AMZuuckvsrCeTYtade4jS8pWcLoN9mW7gQ/photo.jpg,Great game a lot better than Harbinger at least I can play this game when I'm out because it does not require internet 2 play.,5,2,1.1.8,2018-10-04 03:54:50,,
gp:AOqpTOGT761f2v7s3AYZcumTCbaqY3W3zvrOj2UuJaYgKQI0Agpvmhrug8FumCJvR6WHhmLAlttWwvsgkHWtQQ,Edwin Lin,https://play-lh.googleusercontent.com/-tKpu1aesxPk/AAAAAAAAAAI/AAAAAAAAAAA/AMZuucn2ip0KuCcvXF0oVRDxrBNCbYUgfA/photo.jpg,The drop rate for higher grade gears is too low. Grinding for hours and still can't get grade C amour :-(,4,2,1.1.8,2018-09-27 17:19:40,,
gp:AOqpTOHN0VmcHGFZA-aOBuuFj6Dwfbr4Qh4i3Xd9Rwynw3oO6gYnzAe-UXT3cKKZtBZy34DrQnG1tswwItHFVQ,Classic Skull,https://play-lh.googleusercontent.com/a-/AOh14GiLm7Sl9yVWEepAObKjErhhK_8u6iY4g_jEbLHx,"It's a trash game can't get past the main menu, I've tried everything, I want my money back!",1,1,1.1.8,2018-09-25 18:52:39,,
gp:AOqpTOHJJLWY6LVaxv9u_Nq8bVLcg5SKyQ_TgimPkxfgiuYX_fcmrE3e3yOY7nZY3GZld1uYO07vR7agwOpmSA,Jorge Pérez Ríos,https://play-lh.googleusercontent.com/a-/AOh14GgbqvsFKAg93RvS-vR_HKaHzNE0_4h8GLy5GF-Fplk,Everything is fine the game is very funny but when I sell items my money doesn't increase,4,0,1.1.8,2018-09-24 10:22:38,,
gp:AOqpTOEEqXDdjaswG2HaPuCIPXXVMNKPEdjjSW0cbwkFhXfoTmsJ2frLj5sYL12I8STnxdic5hmh0FIHvZ3qtQ,M N,https://play-lh.googleusercontent.com/a-/AOh14GiFhsQ5XqwJMvGVArC6bx1XQtr5LuoLhL36ktOeIA,Would be great but nosoundtrack please add,5,0,1.1.8,2018-09-21 00:07:33,,
gp:AOqpTOHLKLd7GGOiuknpADcNPkqWpOKjXX6nneFH6G3IQLaC-l62JgOBeHF96A9ErONwCFWRLxhgGgTB1pbOXQ,Diogenes Perrin,https://play-lh.googleusercontent.com/a-/AOh14GjXs29_Ya9HcPIYoKnL3j0Jp3HhKbM7Fq7WIg6O,The game is good but its so hard you will throw your phone out of rage quit.,5,0,1.1.8,2018-09-12 23:42:14,,
gp:AOqpTOGVLlz6iyNBqSSAaLMYbcb5gawrIojIWnSiXgeImu9fbuWRQOZbh9mmxWGBuJTHwFcTPsRxr_58IYXjXA,Geddiel Otero,https://play-lh.googleusercontent.com/a-/AOh14GiL3DBDcDf19ka4aBZj2X1DvOxKeSC1eSsBI8-tPg,I just got all my progress vanished. Idk why i was level 20 and now i opened the game but with all my game erased..,3,0,1.1.8,2018-09-11 12:04:40,,
gp:AOqpTOH7PHjFn-RaCOCCuwz-gyNuyJJBSR8Q3Cc7XcXYa5W6TGVzmUMp-IWeCXC5M4zjGXsqmQhq1qgIG2Pv5Q,Wolf Storm,https://play-lh.googleusercontent.com/a-/AOh14GhuA8SdmLiTyYPw_gvR_FKbeZ9SbDmob3W7ChlTZg,Why is there no controller support for this? The touch controls suck,4,2,1.1.8,2018-09-10 10:41:24,,
gp:AOqpTOG_MwEyUC1AA3qnvBwr0ayhn0Oy0_wG5BZl2EMb4jRkjLXTvjvNzJg3WDmPIUaCCGJPkVrmEt3UNzV74A,LoliMaster 69,https://play-lh.googleusercontent.com/a-/AOh14GgqabjUpCKGwGw1QXV_6RVjTG_av2mtuvEJw5Wj,Great game basically dark souls for mobile but easier though the loot drop rate could be better,5,1,1.1.8,2018-09-07 07:36:04,,
gp:AOqpTOFEWn5ODvpWXlH6FbhUi_wjTSdoD49dKpAEF8XR1ezMWFztxfPcMOlue6gugfW-lNTbcskLmGHgH-nyUQ,Emorrot,https://play-lh.googleusercontent.com/-FxYAtSJ5_Uk/AAAAAAAAAAI/AAAAAAAAAAA/AMZuucmDu4QF2VbO9cUyABRKk5obmQoq1Q/photo.jpg,"Game isn't bad. Loot drops need to be fixed, they are way too low. The overall UI in combat is good but out of combat is garbage. This area needs some huge improvement. Stats needs to be explained for instance a level 1 ability increase pose by 0%. 1) what's pose and 2) why is level 1 0%?",3,53,1.1.8,2018-09-03 18:14:54,,
gp:AOqpTOFTs722vVzKASAONwQAc-mzFfGpkCNSgewWImp6kq6QkTAAspLIO1oKNleD8_zduQNQlg-yE-_ylkKctA,Mitchell Beall,https://play-lh.googleusercontent.com/-CwAqdOl0AWo/AAAAAAAAAAI/AAAAAAAAAAA/AMZuuckzbC2XAV1gWXvx6_Edwk-P0XOitw/photo.jpg,"Great graphics & decent story. The real highlight is the gameplay. With fantastic combos, timed blocks and dodges, Animus is a perfect mobile adaptation of the souls-like genre.",5,4,1.1.8,2018-09-03 11:21:54,,
gp:AOqpTOF8Ep2goWgfzpdqfkMBHTWKIGkg7jcwyPw6O1fAAyf506l-Nsp1_7YOWe1bhcWgLJJr144ICzH4IcYmlA,Wolfsterx,https://play-lh.googleusercontent.com/a-/AOh14GjtGWXXcPWVb_skSq3XGjwhI83RO-PSxy3_OJR2UA,I want refund,1,4,1.1.8,2018-08-31 16:52:49,,
gp:AOqpTOGGPlvGamR-k5NM9R5iqx7zT2TOFvAvwNjh_rRjVDrNfEm80xeXppfhfP2eDdtvuuajWw4UgYelKVKb1Q,Adam Wilson,https://play-lh.googleusercontent.com/-L11miPMO57k/AAAAAAAAAAI/AAAAAAAAAAA/AMZuucnLZSl9WIF7RDCAx6CstRBAAA9ROg/photo.jpg,This is pay to win game.. im tired of replayed levels to get the resourses to upgrade,3,8,1.1.8,2018-08-30 12:24:26,,
gp:AOqpTOEJt1Frorvmx61X_ZjGyIH-c_f02bA3EZKj8xjwGvtvriLjbxiqSpkQmT91NZNChe7Pf1OAuYMYKxj2Jg,Tấn Sang Trần,https://play-lh.googleusercontent.com/-3ZoD9zOh-Rg/AAAAAAAAAAI/AAAAAAAAAAA/AMZuucm_-WAMet31uypQtOet_zKKSPQLLw/photo.jpg,"Nice game , but you should add magic skills and harder gameplay just like Dark Souls .",5,0,1.1.8,2018-08-30 10:18:57,,
gp:AOqpTOF6-jMS2HjmrqjXhx1gKyB-WAM1zY6HL0chubrBUNMShQQd14PRuORqsII_xgHlAgg6MeX8yu8L0rZ4Mg,Ciriusblakk Da Apostle,https://play-lh.googleusercontent.com/-EgQzEmu07F0/AAAAAAAAAAI/AAAAAAAAAAA/AMZuuclUjOzGsFx8-CJuyktG7Rpft2nl4Q/photo.jpg,Great game. Awesome graphics. The finishers don't actually do damage. Ex. Sunken Knight when you do the finisher no damage is done. If your developers can improve that I won't have a problem with the game,5,3,1.1.8,2018-08-28 06:23:45,,
gp:AOqpTOHsMdXc6X5q2D9ZuGIx1W-OzOs7r1vKjQvIvNvjyza5yhi5_A8UwfBUZxaMJb1W7AKNRBdFV64PiQCL3A,Joe Adcock,https://play-lh.googleusercontent.com/a-/AOh14GgYPFS4mOjNfap4eb-oTLjy7xVIT0t1-FmSy_py,"Great graphics, challenging boss fights, solid all around controls. Only problem is, since I installed android 9 on my pixel 2xl, the game just crashes, never loads. A new version or compatibility update would be nice.",4,25,1.1.8,2018-08-28 05:26:47,,
gp:AOqpTOF6_MdoG885SP92qZeUzFRIEnRrWakWbQxGSehDc9NRzFPipiyvJ0z2Ng_vSqSq3isUDSn6K1bVa3ZESA,Wilbert Ortiz,https://play-lh.googleusercontent.com/-jMR3C4P1_M0/AAAAAAAAAAI/AAAAAAAAAAA/AMZuuclKXYzI1Fjm0Ptq06bypU3qCcFyPA/photo.jpg,Not bad,3,0,1.1.8,2018-08-26 15:28:23,,
gp:AOqpTOFGkdy4UAWv4ULVGSw54Y0uiOmPgHISNeGee2x4sEmRE6awhSO3FxWup00JAewvRh5m7IVMU7cgxlswbw,Akatsuki3 3,https://play-lh.googleusercontent.com/a-/AOh14GhDSY2_swuaR1TgJGzDrNv6z4PkBjMyG4JCT-2Q,The only thing that needs to be fixed is the loot drops. They are to low. Other than that the game is amazing.,5,1,1.1.8,2018-08-26 07:10:09,,
gp:AOqpTOEyhDpwZDAOr6YtIkAyxZ8CFI65Yc4fChNJOVpjP9rbhgA1GxagbmOFbTgQekP1aYtbv6-sgBTQoxwlFw,H.47,https://play-lh.googleusercontent.com/a-/AOh14GhMVf7JN6CE1vVZzE6q1dkmaIZwy7BYRAtwuVOZgic,This game has allot to catch up to IRE.the controls are really uncomfortable and sometimes the buttons do not work.When I press the dodge button the boss would hit in my opposite direction and I get hit.This is really disappointing.I thought this game would at least be as good as IRE which I really enjoy playing.,2,11,1.1.8,2018-08-23 06:44:23,,
gp:AOqpTOGEhjZBBSJYfs6iGw8eVlV7IWFoqXPEUlZtZZ5ksG5sOlDVk4dIUCy9iX3zxHiqaTz-aQRESYRO78Zuag,Rampagesmithy Aka ASH,https://play-lh.googleusercontent.com/a-/AOh14Gjzn0x8immLqGtuubv2T622O0a20zCrWEtl0u3fLA,"Well I'm a massive fan of ire blood memory so I was super excited to play 
animus an so far so good its in third person so it different I still prefer 
ire up to now but I deffo love it",5,5,1.1.8,2018-08-20 15:38:57,,
gp:AOqpTOHczYIVmwddGt3OOJ5RL2gwvGkXBCKYmZy8MgZtEYjwavhbIl0nOOQgUWKoMjPzmB35cYme0bZmCwL6MQ,Ruslan Volaikov,https://play-lh.googleusercontent.com/a-/AOh14GhIPJ2Vvn7_3eHnqQVUTbAbGmqK63pK6bWcg7ac,Wouldn't even start can I get a refund?,1,1,1.1.8,2018-08-16 20:27:13,,
gp:AOqpTOGVUsHBAtGTOOPuEt4apY4wEzarPLCWAVFtycV3EZ6Qp1utQg2qPS9O7hrILCfO-5kAqkluiKjHlM3g1g,Random Kuyakoy,https://play-lh.googleusercontent.com/a-/AOh14Gh2yR5UBKoBNbX4NLI8XHY1M6-BwPEMhj0BdVOu9A,"Ok thats enough for me..the graphics is insane love the dramatical boss 
act, but the final boss make me boring after i finished it..i mean what? 
Thats it?? Hahaha i thought he save the girl but i dont know what happened 
he just go outside hahaha idon know maybe he find a way to go to Starbucks 
and buy some coffee cuz he so tired to fight that damn scorpion human 
😅😅😅🤣😂🤪 but anyway its a good game thou",5,3,1.1.8,2018-08-14 07:18:36,,
gp:AOqpTOHjCsjw8S-1r-5Ny3h2U3HipojyxO3ok4oRABrGKAOp6mrQ3ZiUWKs6T17FmV2uD5ahLSINUGI0-brczg,Jv9,https://play-lh.googleusercontent.com/a-/AOh14GhpMfbnUizHrJEf0odw4i0DoTjG0whoqmXmt5c0tw,Its an alright DS clone imo didnt really like the dodging in this game,3,5,1.1.8,2018-08-11 23:18:41,,
gp:AOqpTOG1y5WKnTIkB8avDmw936FNuLpg0hK6nq8z2RAIA5A9e4JD4CE0h2M1Z7ZxkHDT19OSMgLZ5KaLo9jXpA,Leo Nydas,https://play-lh.googleusercontent.com/-G4MjtUwPhEI/AAAAAAAAAAI/AAAAAAAAAAA/AMZuucmtPNnOaItT45_suCJyHkni0x06jg/photo.jpg,"Add custom controller mapping and get rid of the on screen controls when 
using a controller. Gameplay is decent but not enough to sustain long play 
time, a lil bit of depth wouldn't kill ya lol",3,0,,2018-08-08 09:11:27,,
gp:AOqpTOF4TNeW9qI82AJ4AAEOmPzie83eglWGSX6malWyedvTu8dZln4fsKl6TE-WlruChwItbYlW6-W5tJO99Q,Alexander Taylor,https://play-lh.googleusercontent.com/a-/AOh14GgIT0z_rgdmW52KULD2dkDmaQuDAttNm1jr5gxz5g,"Utterly amazing game, used lots of assets from previous title but still 
great work, would appreciate more involved story and expansion of quests",5,1,1.1.7,2018-08-05 00:56:54,,
gp:AOqpTOE8nbBxE2EIXGscE-OvSlPXSrdMfopK99SELod8hlR8R0aHnqjXDGHGb1gLxPywREchDtbcmsAaF3DCtA,Milk Muffin,https://play-lh.googleusercontent.com/-WkEXd1aBT6w/AAAAAAAAAAI/AAAAAAAAAAA/AMZuucmIztU-PpccJPuT1BltZYPKZtZv-Q/photo.jpg,Quality game to waste some time in.,5,0,1.1.7,2018-08-03 10:24:52,,
gp:AOqpTOEYU8zKLsCG0oKPb9rp0TN9ao6v0d-VCawLoastSAfZb0cia5u3GzmbhfXR3hq2PJ_uaVwdjr7gQePwXw,Parker Diaz,https://play-lh.googleusercontent.com/a-/AOh14GgwZVdj01Hf6xjcgZ-X6Sb3FalDNXIC0c37TbPG,"My favorite game on mobile. Rather similar to Dark Souls in terms of 
combat, yet still unique. A bit of a grind, but that's why I already put 
about 30 hours into it. Worth every cent.",5,2,1.1.6,2018-07-31 20:00:48,,
gp:AOqpTOHhyY7uazY_JUzBuCjPjrLUu-J0_thvDo3tCvVQaW_kicJ0IqqLZrah4trZ2ML_UaKxPHhlZm6pOt6hhA,K. S.,https://play-lh.googleusercontent.com/a-/AOh14GixhofGg7-1dBMQutv-svk2D74w2rRt_1FQ_kgYwQ,"Awesome 3rd person game. Worth every penny. The main menu looks bland tho. 
An animated background would be awesome",5,0,1.1.6,2018-07-27 16:50:44,,
gp:AOqpTOH0yAjy2HnbW8Zp5pAR96kO5gxJlw7T9RPvDNi7QLPwmDve9oYrHJa7sxNmjaprqqZlPdhqJqk1lAXPUw,Erich liebenberg,https://play-lh.googleusercontent.com/-eNqcEuSAGNE/AAAAAAAAAAI/AAAAAAAAAAA/AMZuuclrFeaKO2fB4Vu59vVhxHhFRaADmA/photo.jpg,Xiaomi 3s blackscreen is all i get want my refund please. ✌,1,0,1.1.6,2018-07-27 05:01:14,,
gp:AOqpTOEB3kt-62_cnub6mfcqSZjWyXWyK9aSDYQ_kAO6FFTYM4kZBg9Db5z1vjzTQyHdqeAqYcFgQbD1gg7Ztg,A Google user,https://play-lh.googleusercontent.com/EGemoI2NTXmTsBVtJqk8jxF9rh8ApRWfsIMQSt2uE4OcpQqbFu7f7NbTK05lx80nuSijCz7sc3a277R67g,"I WANT MY REFUND NOW!!! IT WON'T GO PAST FIRST LOGO SCREEN...THEN IT GOES 
BLACK..AND YES I HAVE CHANGED ALL SETTINGS AND IT STILL WILL NOT RUN!!!!!",1,3,1.1.6,2018-07-26 18:52:46,,
gp:AOqpTOEq2cxkO1stq1kJEiYF5xwqvHQv5b3hF4F2wicgPOzmy_TdXH77gKw0QOTTu_wN-E5Ol1U7xvfv7msUnQ,Nicholas Kessler,https://play-lh.googleusercontent.com/-NnHCWZo5jbU/AAAAAAAAAAI/AAAAAAAAAAA/AMZuuckHFFTXEE_8O3QvICjRvK05SQBbiQ/photo.jpg,"The game only gets to the very first loading screen then it ste screen 
blacks out. I have a galaxy s6 which is an older device but it should say 
it's the game is not compatible with your device like some other games such 
as ARK: Survival Evolved. I wasted my money. I tried everything. I don't 
have the option to go to graphics settings because the screen blacks out 
before I have the option of starting the game",1,3,1.1.6,2018-07-26 09:08:53,"Please check that:
1. Google Play Services app is working properly.
2. Battery settings not set to eco, or battery saving settings.
3. No apps in background eating RAM.
4. And your game graphics quality settings are at an optimum level.",2018-07-25 22:15:39
gp:AOqpTOGildrI7vQtuX4VrRbnD4etm5B5IFQptnWSCV7ENBYVtE9HgCDDDRPJLiK7UIp2-nyhXX8KMwnShEIjRQ,Marius Popescu,https://play-lh.googleusercontent.com/a-/AOh14GjvHfg2nnVTQTEOmnL44HwCmq5t0-cKeMbPAQ5f,"Yesss, it has controller supprt only Moga , please make compatible for rest 
of bluetooth gamepads",4,5,1.1.6,2018-07-26 07:26:47,,
gp:AOqpTOHDlM7eFa1GqFmjlKE6D4wZMd2U3ULO6LGDguvieaeriCgvYQ_-w69IpW_XePLwK8zWgTDeqAVBKfz3oA,A Google user,https://play-lh.googleusercontent.com/EGemoI2NTXmTsBVtJqk8jxF9rh8ApRWfsIMQSt2uE4OcpQqbFu7f7NbTK05lx80nuSijCz7sc3a277R67g,Can't beat second boss,1,0,,2018-07-25 19:19:04,,
gp:AOqpTOFJduJ1E1ZMzqY6hz2dIYrOUm5SsnDFro_CzLNJZEF5FoT-ERVEwoGwjGMzCW2SDgtY9wmccK2o_Yj37g,Benjamin Greear,https://play-lh.googleusercontent.com/-3Zyx24uQGEE/AAAAAAAAAAI/AAAAAAAAAAA/AMZuucmwW_juaASQpbpp9pLX40U3MHPrmg/photo.jpg,Game won't load past the b icon. Waste of money,1,1,1.1.6,2018-07-25 18:27:49,"Please check that:
1. Google Play Services app is working properly.
2. Battery settings not set to eco, or battery saving settings.
3. No apps in background eating RAM.",2018-07-25 22:01:21
gp:AOqpTOGLYOOqfDbT2kBNU3rZBckb9OTwo-uDVLDnlGqMaXWcCT6iSSxhWMDxKS9XWmSZrLRLh_4jRGz5ssrf5g,A Google user,https://play-lh.googleusercontent.com/EGemoI2NTXmTsBVtJqk8jxF9rh8ApRWfsIMQSt2uE4OcpQqbFu7f7NbTK05lx80nuSijCz7sc3a277R67g,"I love this game!! but for some reason I can't get the game to download 
data to move further in my game play",4,0,1.1.6,2018-07-25 16:34:28,,
gp:AOqpTOHLD_9rtrzWzzUkSrUB5VWDRT69RRGtWSmItHwNRuSVSFh4Ffb_qJYIvic2wFQ0BU9_zXrzUKcq0ZRcMw,Jay C,https://play-lh.googleusercontent.com/a-/AOh14GhUyv0RwItXTSD4eQq4sYoZ0ejbNqtF0B9CXdWAQQ,"I get to the Animus screen and that's it, the game never loads. 
Uninstalled. Wasted money. 👎",1,3,1.1.6,2018-07-25 15:32:30,"Please check that:
1. Google Play Services app is working properly.
2. Battery settings not set to eco, or battery saving settings.
3. No apps in background eating RAM.",2018-07-25 22:01:26
gp:AOqpTOFmcWlhbJuRK7fkUYD9NsbwTufJjBpgK-YXnfki_gMQ7N3b6JMhV4Ok8JWUs7UPQ38XqFabwCzPkp-asA,Odessa Sjodin,https://play-lh.googleusercontent.com/-yQp_rqX_6oo/AAAAAAAAAAI/AAAAAAAAADs/AMZuucmFXG0kSs4lp_uGz9hhKmbSY5ZfDQ/photo.jpg,"Installed only for it to remain black after showing the 10r logo. Doesn't 
state if it needs internet or not. But wont load with internet on 
regardless. Uninstall for now.",1,4,1.1.6,2018-07-22 18:14:44,"Please check that:
1. Google Play Services app is working properly.
2. Battery settings not set to eco, or battery saving settings.
3. No apps in background eating RAM.
4. And your game graphics quality settings are at an optimum level.",2018-07-25 22:17:12
gp:AOqpTOE1cxok41Ncn-ZS5hIR0wMKvzjnFrEVyUTM2wuS8kEu1Uteer3y1TPaiH1-oVHOh0CRNQacFFHlNYQYuQ,Michael Saucier,https://play-lh.googleusercontent.com/a-/AOh14GhJDGVrLbNlpTCsSv3RzS-eIZ2PWdl6dRPihnlFpjI,Laggs hardcore and force closed it's self every level,1,2,,2018-07-22 14:19:58,"Please check that:
1. Google Play Services app is working properly.
2. Battery settings not set to eco, or battery saving settings.
3. No apps in background eating RAM.
4. And your game graphics quality settings are at an optimum level.",2018-07-25 22:17:26
gp:AOqpTOGaU1XPEvYHaYQ8xR97yXlWFriPRee241YQV1_P-0seY28wcK9jcgKfcObz70rfkmj7ChF8jiCxMWme1g,James Lowell Papasin,https://play-lh.googleusercontent.com/a-/AOh14Gg85bQHr2mFUdMcr1O4nItOa4PFEQ_G3CV0qleqqw,"When I launch the game I only see black screen. So I hope you can fix my 
problem because I don't want my 4$ to be wasted in these kind of problem",1,0,,2018-07-21 22:22:37,"Please check that:
1. Google Play Services app is working properly.
2. Battery settings not set to eco, or battery saving settings.
3. No apps in background eating RAM.
4. And your game graphics quality settings are at an optimum level.",2018-07-25 22:17:46
gp:AOqpTOGhiIgwWgcslNKEoDDU6D4dToqIbIGY2_DxY7-eWn0W6DKLXIhn79mOVFyx590RrrzDMM5IsuddSjwAJw,Michael,https://play-lh.googleusercontent.com/-mQs9310VkkU/AAAAAAAAAAI/AAAAAAAAlK0/AMZuuckCDu2LfAvNOBdVZlt3iN04JLHc2A/photo.jpg,"Fun Darksoul clone, good hack and slash, fun rpg stat upgrades.",5,2,1.1.6,2018-07-21 20:07:05,,
gp:AOqpTOGZn0opYD5sqcvd-QDfwcAOX_OTqWAfMLc_aVrcqtOrvfoDYTBzQCq3_mc9tFBFwoh-scCSgoBz9BX-Mg,Vibes Magma,https://play-lh.googleusercontent.com/a-/AOh14GjFVzlIl-EB7YLk2puak0D--Ae6B1XP8TTVtxACnw,"I really like this game reminds me of dark souls like everyother comment 
states. This is a really fun game so worth the purpose but I'm not sure if 
it's a bug or a game mechanic but when I get a boss down and I perform a 
lethal attack no dmg happens to the boss themselves just some flashy 
stabbing",5,5,1.1.6,2018-07-21 18:31:47,,
gp:AOqpTOFsBeRQmbYPxEH4Q8Wt9MCJlkWoYzuT-MWHo37TjxQeWSSN5So8krsuLVQDaOiW9r8ojED8NQf_07rYew,Ghost,https://play-lh.googleusercontent.com/a-/AOh14GhauRWjyYscVjlXWWzHiBIZ0hP3Drif41tRbc9U,"Couldn't start on Samsung Note 8+. Might be my phone or the game but as for 
now I'll give it a one.",1,1,,2018-07-21 17:07:32,"Please check that:
1. Google Play Services app is working properly.
2. Battery settings not set to eco, or battery saving settings.
3. No apps in background eating RAM.
4. And your game graphics quality settings are at an optimum level.",2018-07-25 22:17:57
gp:AOqpTOFpFCK6ncShAiJaTrNVZEb6ZzRGzLsL8350rWcedNFIWY2oR7njY4706R01SqIextl6lEZ38jh26srDHg,Nick Blajeski,https://play-lh.googleusercontent.com/-q5r97wjke8Q/AAAAAAAAAAI/AAAAAAAAAAA/AMZuuckfVuGc-XnqDuI09sikdcwZW3Ux6g/photo.jpg,"Got to play the opening of the game and now it just crashes all the time 
could I please get my money back",2,1,1.1.6,2018-07-21 14:50:02,"Please check that:
1. Google Play Services app is working properly.
2. Battery settings not set to eco, or battery saving settings.
3. No apps in background eating RAM.
4. And your game graphics quality settings are at an optimum level.",2018-07-25 22:18:02
gp:AOqpTOFxxN4VVRDzorBAZCJ-U2NsHNe9199-f6jxXny22e16JoaJYQPNebDdzKWqNZxZMyDgEIoJtH1wfx9u_A,Richelieu Monterona,https://play-lh.googleusercontent.com/-Q23VvOAnKRM/AAAAAAAAAAI/AAAAAAAAAAA/AMZuucmD-zewFJZqp6qzZVsGCYaXnkxuCw/photo.jpg,"Its the darksouls in my pocket...it brings out the darkness in me. One 
thing though i hope you can add also the ire crafting system on the animus 
, also the shifting of set of gears and last thing the camera make an 
option to lock or free view. Thanks......",5,11,1.1.6,2018-07-21 07:21:54,,
gp:AOqpTOHI_uD1lSNcUdgGf89pFcPwHruv_7pIRPZkkJi8LUGxYE_KWfFKHOXj2MEEHmnsqmCC7x2mZ8UMZPGtXQ,Kyle Greenwell,https://play-lh.googleusercontent.com/-68fxWSkMlKg/AAAAAAAAAAI/AAAAAAAAAAA/AMZuuclLvDBc1xXIA8qPJqj1pt0NJDgB9w/photo.jpg,"Bought the game and wouldn't even load on onto my screen would say it's 
launching then goes straight black kinda makes me mad when u spend money on 
a game that doesn't even work",1,1,,2018-07-20 14:46:14,"Please check that:
1. Google Play Services app is working properly.
2. Battery settings not set to eco, or battery saving settings.
3. No apps in background eating RAM.
4. And your game graphics quality settings are at an optimum level.",2018-07-25 22:18:17
gp:AOqpTOExFy49-SUx8egsXBNFDWXqP2Ih2-EX8joKxeH131gJvhloIecQZfcyLg8R-ULT2Yg_a7XOT3jejcK1HQ,Jim M,https://play-lh.googleusercontent.com/a-/AOh14GiR7eu-Zt9RULAyDiv4aPpkp3ERiKaGt6HNHs8tiA,"It's a souls game on a mobile level. My guy is at level 27 so far and 
during that time I have had no problems at all. Dev. Keep up great work. 
Playing on Samsung s8",5,6,1.1.6,2018-07-20 14:19:10,,
gp:AOqpTOHxPlmldAbxNixVpxRcayUBiM7w67xTLC9xlkTUQ3LRWhw5oESIt_1JSuR6XxVzTRWK-e81mNzV0tVgMg,Voodyy Tomas,https://play-lh.googleusercontent.com/a-/AOh14GiF-buh_hrREgrRAofIJM7TAVEcHap3UBNZ2NA,"Good game just my device cannot run it as good :(. But highly recommend to 
peoplewho like games like dark souls",5,9,1.1.6,2018-07-17 13:58:14,,
gp:AOqpTOFYxzes0UZiY-E7_eFUu0XHViXWcUnvaF3HwMvci7iMztaeHgBA-X-qEieeFQsyzf7amoKUXvTJQeUljA,Juan Masday,https://play-lh.googleusercontent.com/a-/AOh14Gj028Vvsb1EoM17rFJloff6Q6s8MIf9WBv4JCn5Gw,"Love IRE since now i love Animus my request is pls do open world mmo for us 
with a graphics like this tnx.. Lets get it on BOONS!!!!",5,10,1.1.6,2018-07-15 08:02:33,,
gp:AOqpTOHCgwAjWyTnwMA75lzMHGgAyUDHPz3I_jBhRw7BSM6rAYYaWij90KB_yWHOUYk2sfNDEArcWRqvqcYXig,derrick holmes,https://play-lh.googleusercontent.com/-XYJAt4jTlEM/AAAAAAAAAAI/AAAAAAAAAAA/AMZuuckq2B99ySwMK0PuJy_A9bHfSI0lGA/photo.jpg,"It's like God of War made out of plastic. Dear sap and cum swallowers. This 
game is slow so the enemies have a distinct advantage. Fix it shitholes.",2,20,1.1.6,2018-07-14 12:37:43,,
gp:AOqpTOHdnR33pGCglo5Vvz-IweHE_O9iR-t74ar-9grjHFticpQWaMxoYrC9FGsrXz23cWmwe3nh7SeWDkIE7Q,myboi _carlton,https://play-lh.googleusercontent.com/a-/AOh14GjUMugdmUYGdlJy2In_PzYPs-BvsYUCXCdYgOTW,I changed my review it's a great game pretty much the dark souls of mobile,5,9,1.1.5,2018-07-09 23:14:07,,
gp:AOqpTOGKd1Mi4ow-Kx2Sde8SMNjmimBWU5vT8DwGcvnBXpnAEeGrF62PBEapJPgxOyo2oHfLCvh-NkB3Di0E7A,Rodolfo Ferreira,https://play-lh.googleusercontent.com/a-/AOh14GhOE5MQ_xHqOH5_laBalkvmMYsOZrekrSyErVzOBQ,"I was told by Tenbirds this game ""supports controllers/gamepads"". Well, if it does, unfortunately it isn't my case, as I'm using a GameSir G4s Bluetooth controller. There was NOT a single moment this game shoed me it was listening to my controller's input. On top of that, the game menu does not even mention a physical controller. I'll let you get to your own conclusions, so beware: it does not support gamepad/controller... for now? Only time will tell.",2,7,1.1.5,2018-07-05 09:34:09,,
gp:AOqpTOEGp78a8klxux_K04kI_btgmJoMf68cMx6qLg6KcAYTZwS1EMrf9m8J1pcdHystVvlp9HVVyY0e29241Q,## # ###### #### #####,https://play-lh.googleusercontent.com/-r_Q7HDE-sqU/AAAAAAAAAAI/AAAAAAAAAAA/AMZuucnN7rnV2egk68QXLLAIwMDQesEKuQ/photo.jpg,"I love the smooth gameplay and excellent graphics! Thank u, Devs!",5,1,1.1.5,2018-07-05 00:59:10,,
gp:AOqpTOEzvxifwM7GFSY60KpylckfOFiPTthD331raJIpnHnLyJMrxFe9zZ346mL94KwAZBOTB-gWR4JyeN7SSQ,Steven Kirkland,https://play-lh.googleusercontent.com/a-/AOh14GgCy4GtUQXf5hxM3VdzQ8gm7ri9kfxUo7F4i07kgaQ,Controls hinky but my pixel 2 xl is also ate up with multi touch.,2,1,,2018-07-04 15:55:45,,
gp:AOqpTOGwzvysbqZlNk-84wyATHGCnl_zcTci4RpmfGOupBk-L20z8TwQ6E5gKDpowbMrHbYgDh8EwPJIUxyxpA,Wuzi Mu,https://play-lh.googleusercontent.com/a-/AOh14Gif4kNgQzPUQ6gLqijRpqhn3-NaCOlmzKGxT3tt,"this is great, my only issue is it seems the menus have a harder time 
running than actual game play. they are always causing lag, and the battles 
play fine. i hope this developer keeps polishing this style of game and 
make something even better.",5,1,,2018-07-01 13:46:14,,
gp:AOqpTOFnZaPoDJ5z9u4b6KTCPQEMHc0W6Qg_HCsZcS1is78XO72aCGwB1bmX9e7w0kvlf2sssfOmdtaklZYlAQ,Francis Lacuna,https://play-lh.googleusercontent.com/-OqcPsrK6kd4/AAAAAAAAAAI/AAAAAAAAAAA/AMZuucniRGc9XAe6iUbSGSR2TI24EEq0PA/photo.jpg,Surprisingly deep,5,3,1.1.5,2018-06-30 07:41:25,,
gp:AOqpTOEVq0YqPe5kf0LJtUyRE0xe5SRLBMl69aKGiCcduLHEebzQ1k4DYUNYag-dp0AcgCmJ01_p7ch1TykxJw,Francis Ryan Parane,https://play-lh.googleusercontent.com/a-/AOh14Gi5UsTN6C19CCgR_hlv0BxiKZqDSXxuxy8Hwopl,"Thanks for the update, iam now able to play at lvl 4 graphics and still 
combo with the dual blade, currently playing with sd 625",5,3,1.1.5,2018-06-27 03:45:53,,
gp:AOqpTOHd1NogAqLDqdBculg47Mzr72uVn9KqCAHftPJdb_Qy-H-GMFxOUCd_ycgijyHYoIlYO6pKHtfUhEw8Rg,xBEETLEJUICEx3x,https://play-lh.googleusercontent.com/a-/AOh14GjgeGepOOKgRfDZqRbyv48G9s9bDzf3-zxuKEF_DA,"WARNING: This game might not work on your phones. I downloaded the game 
cause I play ire:blood memory and wanted to check it out. So I installed 
and I got through the first few fights with no problems. However when I 
tried moving on to the next chapter game crashes. I've uninstalled and 
reinstalled 5 times. Now I just want my money back and I'll just stick with 
ire.",1,11,1.1.5,2018-06-26 00:09:56,,
gp:AOqpTOG-PfxsXKIuFP8KiUyioH988gHjeQvcAPqFrviM9QRLKH09O5HDaDT2ADQkMGFcFPvno_bl7sLC56eLlA,redd blue,https://play-lh.googleusercontent.com/-00YIuaYFMxs/AAAAAAAAAAI/AAAAAAAAAAA/AMZuuck1zBzPIT_jpYdPiZqHONfVMcrycw/photo.jpg,"Thank you for making this game,...i can say this is the best rpg game for 
ios and android,..i like this game so much,..worth to buy this game,...for 
any update,..just for suggestion, could you make this game a little bit 
harder or at least make variety of difficulties in this game because i 
found that this more easy compare ire:blood memory and dark 
soul,...otherwise this game is perfect, the graphic is very nice..peace✌️✌️",5,11,1.1.5,2018-06-24 16:14:21,,
gp:AOqpTOFROAMjpa8uhfcfEsXYGgviZ72bDpLYzj-YyvdkUUf-QeQu_i7wBtRlLH21bBF-Hi-5K8gDFbcgv_fuKA,Russelle Ramirez,https://play-lh.googleusercontent.com/a-/AOh14GgYMJXQ7Y0_uZSbOhDNYLk_icwGagdv-GW9puDs,"Game is good but UI is ugly, could do better.",4,0,1.1.3,2018-06-18 16:34:48,,
gp:AOqpTOF9-BnI9JbBVsMoU3yfDaLs6EX2QrV-s_GpktMhFupc8NG4HebNmCaBQefDboj1_cJh4idwRv5SYgF_VQ,A Google user,https://play-lh.googleusercontent.com/EGemoI2NTXmTsBVtJqk8jxF9rh8ApRWfsIMQSt2uE4OcpQqbFu7f7NbTK05lx80nuSijCz7sc3a277R67g,"Ive already downloaded the app 5 times but the game wont launch and would 
just give me a black screen. Need help Devs.",1,0,1.1.3,2018-06-16 22:27:11,,
gp:AOqpTOFEuISt5W7d4cQdC-DtwAa6cZ4NR5_1JOwzVmTbGT2Ai_8Uq9voIVIxgOn7vtuxmWg1qQjXkbIptcFDeA,Unknown Human,https://play-lh.googleusercontent.com/-P7LCTEKhWPg/AAAAAAAAAAI/AAAAAAAAAB4/AMZuucmXt1JPWnPlYky0kxwGFR6AGJe2_A/photo.jpg,"Waste of money! Feels like you testing a game that's in production . Ire is 
nothing like this garbage.",2,1,,2018-06-16 01:03:57,,
gp:AOqpTOEJso3CIyWZawWHMePaZZMOcECWRb8wAtTXdMl_QYtkzR5gqv8CADXlH5E5MBoIhgAMl__q9AEAX4QySg,Jodi Wegig Wratsongko,https://play-lh.googleusercontent.com/a-/AOh14GgUcYkmDAgfXrAGJWJw9SKzCK1pBntAr3L2AZ1O2w,Awesome game! But bad ui and camera view. And no update.,5,1,1.1.3,2018-06-07 03:02:54,,
gp:AOqpTOHjxQ1p8ClqKYZmEoYhaMEl1W0Fh_vBgfziPPKUzWhSw6MkDCgd75ksAflZ0ryNZUTAQxLxwBfcT_nEhw,Julio Andretti Mamahit,https://play-lh.googleusercontent.com/a-/AOh14GhxqDeAOx1yth8_nioBgMp4Axd1ovg98wGNG9lJ4Q,Epic.,5,0,1.1.3,2018-05-27 05:28:20,,
gp:AOqpTOFD1AwU-P3aUb-Z0IlqBwmRKXpV7j_yTF1Hetkdw-md9V3QaXxMiBPiR1BdMWi9iUeRnvzouZisl_igKQ,Terence McDonald,https://play-lh.googleusercontent.com/-ic-uWGrA2Eg/AAAAAAAAAAI/AAAAAAAAAAA/AMZuucmfn-vVEQT98s3CN_ciB9pDUhB2pg/photo.jpg,"One of better offline Action RPGs I played on mobile.The control could be a 
little more responsive, and the world could use a bit more fleshing out, 
but other than that, its pretty great!",4,0,,2018-05-15 11:57:01,,
gp:AOqpTOEhQleH_WIglXz-qqZaM3YEh_m-ZUzpmR3O4UQ_zH8hlWCbQrRxEyEMdgoKZ_f0hgNbG90k6p1ybbNWYw,Marcus Chan,https://play-lh.googleusercontent.com/-5pxNJwzu4Cg/AAAAAAAAAAI/AAAAAAAAAAA/AMZuuclODvvhyiY--UI6VkVAXIncy84Z9A/photo.jpg,"I dont really like the ending. I already lvl80 and rematch chapater 4 
times. But tge story is the still the same. No challenge at all",1,0,1.1.3,2018-05-06 02:26:14,,
gp:AOqpTOFdMhCCeZHCLVbeWC1Dm13sxBjvOhys6vysgbs4kGP9HhCFSyfaTo2oilGDznePKE-um8BB1rPJlw542g,Courtney Tasby,https://play-lh.googleusercontent.com/a-/AOh14GjvEVtyTLaNs3OYkfZ5w7EPnWfSjUwCAy972G2c,"Can you guys please fix the combo controls the only weapons that work with 
combos is the longsword in the hammer if you use anything other than that 
you can't do combos and I see someone else has said the same thing is so 
can you please fix",3,3,1.1.3,2018-05-01 16:01:50,,
gp:AOqpTOENAon4mpZ-HoO26i3VHpXJH2Rs9ZqDLz39lK20yrIXHw6n5e21jMrm16xSxWftDObphLkneISQYONVcQ,Shaun Timms,https://play-lh.googleusercontent.com/-__irUF98rTA/AAAAAAAAAAI/AAAAAAAAAAA/AMZuucmj_AIJXxu-00iBkfpa5_pYvz48mA/photo.jpg,Would not even start!,2,0,1.1.3,2018-04-21 14:37:15,,
gp:AOqpTOEYQyZLIliyEcjsPT7kCYzU6CzSchRDuFB-fTVMsYZHYxJT78XdcW_zyIifYedk8VWavOSd119yfxw9Aw,Joseph Thompson,https://play-lh.googleusercontent.com/-qyX69NNanDA/AAAAAAAAAAI/AAAAAAAAAAA/AMZuucn36JRM1ck4Xdhur3YoGx_B4ve46g/photo.jpg,"Game won't load to play ,I just get a black screen",5,1,1.1.3,2018-04-03 17:56:07,,
gp:AOqpTOFLFshbd7Bmv-JdbB6uMO4nlVSl2x46jw_wiJZt47ORnsX1MpmQvMnarqsk7Ns-rOI8KxuO7vCIXGmjiA,Demarco Lowe,https://play-lh.googleusercontent.com/a-/AOh14GiuFglRQoa3nXaLQYUBDUTfkBV8DBI4YfyVldnb-A,"While I love this game and the potential it has, I have to accept that this game has flaws. The first weapon that you start the game with does chain attacks well, I had to reset my progress because of a pink screen bug and sometimes my game does accept my controller prompt when I input them; only to respond to said prompt late, usually at a bad time. Until these bugs are fixed, I cannot give the game higher than a 3 star review.",3,77,1.1.3,2018-04-03 08:21:23,,
gp:AOqpTOGLgMAGj9lbnYYUL490sJR9GK1AG8jWiqML3NGeIUc-H3-9w13VQvExLszdBjpa9V7bjlYh1bOKX4u7-g,Jay Cornu,https://play-lh.googleusercontent.com/a-/AOh14GhZjPqKqZFbYqlQabdbmFtunzTgCjIc8mQS7fcWqQ,"I would have given the controls a higher grade than 2 IF THEY WORKED when trying to combo it refuses to register your prompts quick enough for a combo which means against the minitor boss or whatever it is you can't beat it, the dodging also dose not work you still take the full amount of damage on the same box even after dodging.  PLEASE fix these issues",4,6,1.1.3,2018-04-01 20:59:02,,
gp:AOqpTOFHELcwOidrZ2aqAxRXhpNsAk3ouYkJLTynFafJwQMRvhcmoWv-Nvee1AocvMy7_n32o-1xV9co8ztwiw,MVCPremiumGamer,https://play-lh.googleusercontent.com/a-/AOh14GiFgRLhzBACiVKT_vd7efn_uXDM9VW39QDfvz883w,"5 stars overall, so Dark Souls-like but slightly easy for this mobile version. Worth the $5 game, keep up the good work game developers.",5,0,1.1.3,2018-03-29 01:48:13,,
gp:AOqpTOFntgCQ4UdjqMHNxNMH05IzxyvifM3IvIi1An8tyqllq0XjuzDcXNkW7qHyql71F7spgiDKApKcy_pupw,Doi Bando,https://play-lh.googleusercontent.com/a-/AOh14GhOXJHX6DjGK1CYDJ0CH1MRU4ilLfFdELQIkfOoeA,"Serious issues with input combos. Sword and hammer are the only consistent move sets. This is not a performance issue on my end as game is running perfectly fine. I feel like higher quality weapons/ moves should be priority over quantity and variation as 5/ 7 weapon types do not respond the way they should. If it is a 3x heavy attack combo i should only be pressing heavy attack 3 times, not spamming the button with a 1/10 chance of stringing the combo. Also why cant we composite? Wish i could say more positive things as i love ire and have played for close to two years. Sorry ten birds but this is getting old.",3,37,1.1.3,2018-03-27 10:00:06,,
gp:AOqpTOG8L5XieVjCcVYBtjOrb6IYTjykVBL7sBK-hCAbrlWSS-dvfa-hvbNFSmoc1oRCYqLp_a8V-diGtMdU4Q,Daud Satria Wicaksono,https://play-lh.googleusercontent.com/a-/AOh14Gj9OVP3gzg_l2f9z7BdGoyVL_KliV7kNP_PyXDX,Hardcore soulsborne action rpg. Very addictive. You have been warned.,5,4,1.1.3,2018-03-26 20:29:57,,
gp:AOqpTOEICinoyScGbRtjOG4gmbF-JJl4k_bSeq3s8npGVrboFLJj4CUvzC4n7jHdmy2BBRZjSAOs3LUwVVRpsw,Red Beard NJ,https://play-lh.googleusercontent.com/a-/AOh14GjHPhbCLg8Q9ZlAQIUbsP2YA-WAxA9ilmx93Iv7Tw,"Great game. We need more premium games like this on Android. In my opinion, this game is better than any of the 10,000 free to play cloned games on Google Play, by far!",5,7,1.1.3,2018-03-26 13:53:11,,
gp:AOqpTOFihEL9zoXtIw_GlksE6N1jIoQQ_c4O5FhpUj0G6e9K3xMmo1gHxLkj_ESBy8PX-btEzn6Xss7DIWqLAg,Jeerattikul Suwanrassamee,https://play-lh.googleusercontent.com/a-/AOh14GiBsdAHXsKHdysGXnlJ5m2IFydqgA1Fjo8__bAV0Q,Nice concept! Gamplay seem like darksoul. Camera is hard to control. If possible i need more impact soundtrack when in boss fight.,4,6,1.1.3,2018-03-26 09:28:04,,
gp:AOqpTOGctWOKEN1GvnGtvy3AZJCyQFxC4sqOkJ5BfMECgpHnIid4wTJnfRuIIpZVb0RypRg2fkYo7H2XQzD9mw,Master Ten Ten,https://play-lh.googleusercontent.com/a-/AOh14GhudCsqe147Kt2v3brNAm6JdTRCJqLl-u0SiWNuGA,"You guys are the best, i will definitely review that game on my youtube channel.",5,1,1.1.3,2018-03-24 19:22:47,,
gp:AOqpTOHWDSMloZsfwtTxfVH1r5Lwpro6blBKqrkYsvX_NcIzJrSU5hXfj-QdbemyscLuiANvdoki_UM0bjqYtg,Giải Trí Cocktail,https://play-lh.googleusercontent.com/a-/AOh14GgLU8gtS2HdHUTgHgLDvUx3y1vsiRfxVUEhJHLf8tQ,"Simple! But the game needs a little bit more brutal like Ire:Blood Memory. This game's combat is quite similar to Dark Soul series, and I need the atmosphere to be dark, blooy, etc. Anyway, you have made a great game for killing time. Love it!",5,57,1.1.3,2018-03-24 10:12:17,,
gp:AOqpTOHx08Y7WHW6fY_tCgg5FKi34snnW92cwpxF1Ja6NA-HwiX66YZvWaDBFEHMcLOh1WGemK_iq1WbOjVjVg,Pramesta,https://play-lh.googleusercontent.com/a-/AOh14GgNIxprtqn8ekcx_LSq3BxMPn4EWnKe6538Gbry,"Nice, add on chat and pvp please",5,1,1.1.3,2018-03-21 02:40:56,,
gp:AOqpTOEZREY3J-GDSmxBPXVzMYnD6Fk1RlQYAP0BmGnx8BHNVyLp5InnP9O6VvL87F4C6qzcfOw9Ix1LZsjCfQ,Adonis Ruel Paano,https://play-lh.googleusercontent.com/-kZYBqMliha8/AAAAAAAAAAI/AAAAAAAAAAA/AMZuucnBxs19mtRSiFjSiYExupL4fFVapg/photo.jpg,Yosh,5,1,1.1.3,2018-03-18 15:41:21,,
gp:AOqpTOEHI3vIElmQ7h6vR4IJqc4gthc8h8APWBkG7cbBVm_RnK307x55MaSRP0oj3YTCdMeLrtIJKKaN2J1YqQ,A Google user,https://play-lh.googleusercontent.com/EGemoI2NTXmTsBVtJqk8jxF9rh8ApRWfsIMQSt2uE4OcpQqbFu7f7NbTK05lx80nuSijCz7sc3a277R67g,Only blackscreen cant play,3,2,1.1.3,2018-03-17 21:44:31,,
gp:AOqpTOFWaCtppcL1hpgb-88H6sJ_33LKXc90ZEZoiRFGZX7bCvD04uN3gV--qE5x9dkJGTGQKfOvk4cLuSsvng,Yuichi Lasam,https://play-lh.googleusercontent.com/-prDITZAbqss/AAAAAAAAAAI/AAAAAAAAAAA/AMZuucnjomE5mfE0xOXBV5_SPthL7wnQJw/photo.jpg,Does not work on my oneplus 5. Now i can even get a refund. Please make it work,1,2,1.1.3,2018-03-17 09:26:44,,
gp:AOqpTOEevcxLU_xwB8_LCsxDCsXQP-jJ73vpPMsVI4bUlu-xppr634b0ry6OioYX5RjpA9sil6okNk9CAXcjlA,Sultan Sami,https://play-lh.googleusercontent.com/a-/AOh14GigbmuPFilTtHVSM9VxrfIHeEJVPk8qLHumM1Hw,It's very good but I have problems when it comes to progressing through story. Missions get difficult and I can't do anything,4,20,1.1.3,2018-03-16 22:50:50,,
gp:AOqpTOEPvwC_35PRuWCyE289CBqHN9zeW2n0pDg6YB3_vquqHUrbmcwllY0DvGKMHZInkrteqknQd8_w_kuF2w,Joe N.,https://play-lh.googleusercontent.com/a-/AOh14Gjlp6LCEgVPysnqFwsR3jShvGK6tP3qLwIOtDLw,Amazing. Been looking forward to this. Best RPG on the playstore.,5,7,1.1.3,2018-03-16 15:03:35,,
gp:AOqpTOHdenDFsSwjtt3DsJGxvo_YTV_V0yh2AjFGfJd9qrA3-A8FM1WV3vIXfRLj-x6TqnGvmmPz924Z6AxGnA,Rinnith りんいつ,https://play-lh.googleusercontent.com/-HkzrQpCrNZE/AAAAAAAAAAI/AAAAAAAAAAA/AMZuuckL3cAJexHGO5zGGCu9hgycJ1PaxA/photo.jpg,This game has one of the best atmosphere any game could have.,5,5,,2018-03-15 09:23:54,,
gp:AOqpTOGg4qKl8ICKcRt0hs0_dvwD7mA0hyfvN6hxeOdYhlMBmTdjJMFjjASROTHk33XSIKV6KgiTO_5bTQDA0Q,Thomas Eversole,https://play-lh.googleusercontent.com/a-/AOh14GgTEE8Oi1P6Rie2_KeXCRPLlgbHrJrJTgQQBG8DBg,An absolute masterpiece! This and Ire Blood Memory are the best games EVER. Works fantastic on my Galaxy S7.,5,15,1.1.3,2018-03-15 05:28:40,,
