reviewId,userName,userImage,content,score,thumbsUpCount,reviewCreatedVersion,at,replyContent,repliedAt
gp:AOqpTOGXGqrwITfm2SLWKVTkgxLNFGYh6Kqtv6K029-MwlomCKLxOHtuFxdVx8XU4sFFq5vcyVS9YyIdx-TcXQ,Ramith J,https://play-lh.googleusercontent.com/-_P1WyGcvJdg/AAAAAAAAAAI/AAAAAAAAAAA/AMZuuckBmGefamsdgFcoH-hAAsu618LgAQ/photo.jpg,"Demands connect to play store. Something fishy Developer says Google doing it. I cross checked, it not true. He is lying I keep getting same answer from developer. Why should a picture combiner app have access to internet? The job is simple and can be easily done offline. I have paid you, so why are you insisting on a internet connection? What information are you collecting. And if you continue to give such lame answers. Then I would prefer to move to another app. Thanks!",1,4,2.0392,2021-01-09 10:34:48,"You have to have an active internet connection when first launching our app, so the license for the PRO version can be verified. There is definitely nothing fishy going on, we are a reputable developer, our apps are scanned and verified by Google Play Protect. Feel free to contact us at ""zombodroid@gmail.com"" if you have any questions. Thank you!",2021-01-10 15:46:48
gp:AOqpTOGScC4HSb28r9-ixrsYb-bZAV1cj9DVykSWO5eGRYcH97auI5EQ-oICEPuk-AVzYXt_7kECFTUKqjiMeA,Domingo Lopez,https://play-lh.googleusercontent.com/a-/AOh14GiPGLbztQIIqkWF2enG4li7ilqC_uNzr6BPiSa1Hg,"Fantastic app, does exactly what it says it does. It has options to merge vertically or horizontally, and can even resize the images automatically so they match. Only thing it needs now is an option to delete the original merged images and it would be perfect!",5,1,2.0392,2020-12-22 13:54:33,"We can't access the storage in such a way, and in the future Google will restrict access to Storage even more... Thank you very much for your 5 star rating and thank you for supporting our team with a purchase!",2020-12-23 15:18:27
gp:AOqpTOFgN-AXRwhD16wPJNRBYxkQ7i2DZYxJACa846RbCPD9X7QVmP1GgepS3n0MwCu3MZM0tGonTEUE9sFCrQ,D .Harder,https://play-lh.googleusercontent.com/a-/AOh14Ghxp4PPT2gXXtoTVXJ02VOBqBuGhu7U-07tMW_-,For a quick project like Memes this app is great. The only thing to save more time would be a mirror option. For the price you can't go wrong.,4,0,2.0392,2020-12-15 03:47:15,"Are you referring to mirroring individual pictures? Feel free to contact us at ""zombodroid@gmail.com"" if you have any questions. Thank you for supporting our team with a purchase!",2020-12-15 09:08:21
gp:AOqpTOFD-g-bk9enbcURMg2Hm84GHbsnl01462qAFKbm_OEPdYu5ELKgvm6T2vMRrF8Zv-h_-YgT_d_ud6T0Lg,Angel E. Perez,https://play-lh.googleusercontent.com/a-/AOh14GjTaU_KezJ4dZ-PIIaYHfMSduuTVzDDzKSBY6ACaA,Have used the free app for probably over a decade now. Very handy for combining two or more images without cropping one or the other. Upgraded to the pay app since it has been a go to app for me for so long.,4,3,2.0392,2020-12-10 13:24:04,"Thank you again for your purchase, it really means a lot!",2020-12-12 03:52:02
gp:AOqpTOEfHhXCtDmPux3RHs5SKV4acHZswqVoYs4BbWKn3vzs6cpyv4PaMqbHkYeIR7HAHrQ_QIP31xkzvCg3Fg,Nightshade Ghostaltar,https://play-lh.googleusercontent.com/a-/AOh14GhgpWHkKCfPAeNbh7SzUa9gIrkQwFe0ovrBmUIpcg,"Added to my ever growing Zombodroid collection, 5 stars just like meme and gif pro!",5,0,2.0388,2020-12-10 02:31:27,Thank you very much for supporting our tiny team! ❤️,2020-12-12 03:52:24
gp:AOqpTOHlRvNrbbetkxeQB_Pbfpj1Qo2g6S81yVj2mJdWzRPq7AauLIMpGDej9hkoL_rCUDL7MbVs14tTYXNQlw,tino copic,https://play-lh.googleusercontent.com/a-/AOh14GiNlHmNy_elyT0i_uTc4ChGSQuVHgrGVARAySE,I really appreciate the fast / simple / not expensive app. I'm 100% like it.,5,0,2.0388,2020-11-07 08:52:09,Thank you very much for supporting our team! Enjoy the PRO experience!,2020-11-09 02:33:56
gp:AOqpTOFZgOxzRnjg92dxE2F8KgMwoT4MYWvAQcypWyYM9StGmwbw6zobz4D1yVU7AV2kQEMlNGIGMZ0cRCSpYA,Manzoor Ahamed,https://play-lh.googleusercontent.com/a-/AOh14GgPBx53Fmxz17dzVttzFR2-Nj7mMSV4cQCxkUQ_Uy4,Bought pro version to support the developer.,5,0,2.0388,2020-10-19 15:42:34,"Thank you very much, this means a lot to our tiny team!",2020-10-20 01:44:37
gp:AOqpTOFOubNhVBYZYD5yFVcgqPrDFWtJ28c_DzUDq2tTuDLszyNuEl7ap6uEwk-G15RhVqSwwW-VNQzszeufsg,Keykubat Yılmaz,https://play-lh.googleusercontent.com/a-/AOh14GhabD6ukQblSnC91n9OTJaROdo7YfjDneYAWI3APg,Makine gergin.,5,0,2.0388,2020-10-12 11:05:47,Thank you very much for your rating and thank you for supporting our team with a purchase!,2020-10-13 03:22:57
gp:AOqpTOFjFyK4EQ9KLUOnxLgrOWkHXyCwdrghzA_NiDbt25Gbm0XehleV3c5YRHI4DlfLFXUujML4CrvtMrfr1Q,Frank Domina,https://play-lh.googleusercontent.com/a-/AOh14GhDkt4YOw1tB0uap6vLthDweRGDn6uI27IX0jCx,"Works well. I bought the paid version to support the development (okay, and to get rid of ads). I cool future feature might be to allow adding a 1 or 2 pixel border between images. Saving to PNG would be nice, too, to preserve clarity.",5,2,2.0388,2020-10-03 13:16:53,"Thank you for your feedback, and thank you for supporting our team with a purchase!",2020-10-04 16:13:41
gp:AOqpTOHgQUr8TEkmanyEhOWqIhrMWHc_EgDe9fUz87bxUsdHI6wsP02kbaQczrjsRs9kpo0XKnR-JVemGXbl2g,João Victor,https://play-lh.googleusercontent.com/a-/AOh14GhEAwlLtlEwvdG8RXyssjkzcKIlFi9YVhitsZ0ZbpQ,Amazing!!,5,0,2.0383,2020-09-14 21:13:52,Thank you very much for your rating!,2020-09-15 02:22:27
gp:AOqpTOGlR2Y3RZ63Ug7Uc-vqYvG3PK6-GzH-qsl3HogMwBwlRs3dqXW0_fsWhnMtrtznC0iN__ZXym1XuqKe2A,Z A YAR,https://play-lh.googleusercontent.com/a-/AOh14GiAgvQrAjhfw1vlDLAxcLJavLMIqArF5VB_H2gURA,"Super easy and very useful app, I bought PRO. 👍",5,0,2.0383,2020-08-29 07:49:46,Thank you very much for supporting our team!,2020-08-29 07:38:21
gp:AOqpTOFSU8lf37e2yBhVLxGe3ztwiwvazW08T-wsyPegwp8W6I-slIUvD4whCHmtKzxgLOcw8tcXhw9cX6yhkQ,Nick Moore,https://play-lh.googleusercontent.com/a-/AOh14GjvLazxJrfIknCcw7JuBtL3cTALMO9b4QqrH1b93vE,great for quick cropping and combining,5,0,2.0383,2020-08-24 16:53:07,Thank you very much for your 5 star rating!,2020-08-12 00:52:38
gp:AOqpTOFlGUDIY5SK3v3PBPzE_nAtxVnR3v5FewHKpOdcqxjLUlzCAjTv7uI5Aa1SPaeZ3fjhZiMK3kNSdYZHoA,Mohammed,https://play-lh.googleusercontent.com/a-/AOh14GjuXguDoWThvhlcs25uI-B9n6gfFeTHZpc-TLo_zgU,"BEST APP TO COMBINE PICTURES, YOU DESERVE THE SUPPORT ❤️",5,0,2.0383,2020-08-22 06:42:19,Thanks for your generous 5 star rating and thank you for supporting us with a purchase!,2020-08-23 02:51:28
gp:AOqpTOHBNoFd9n29AvPkZ5TIJ14R2Hvz8bvbWEymWNYCukaEHO9FDWd6ydTuB0yf6XRi9QM0qb6pTP016Et0vw,Aimee,https://play-lh.googleusercontent.com/a-/AOh14GjPb85OGiYT9tWDx34_G1QsrJDlkF4WkFMCsWQv,"Used the free version for a long while, decided $1.50 is not a bad deal for an ad-free utility I use frequently. Glad to have this handy app!",5,0,2.0383,2020-08-17 10:47:32,Thank you very much for supporting our team!,2020-08-18 01:03:09
gp:AOqpTOHNwCjQEsNfXy_Z63y4joGmudHvsc5eO_WzEj93cf73jHwTaRkMuL6UngrpvzZ_F7vn7cGKUJlPM7ARYw,Christopher Plummer,https://play-lh.googleusercontent.com/a-/AOh14GhPyQBJAbNoIm4N8VBjpkg3nenJ5UZ9E4OkQ2RI,"I've used the free version of this app for over a year and have never had any problems. Upgraded to Pro today just as a ""Thank you!"" to the developer. One of my essential apps.",5,5,2.0381,2020-07-26 12:27:53,"We really appreciate your support, our team is thankful!",2020-07-26 19:51:57
gp:AOqpTOEVl-J4W4LxSXHtWvpZm32SUXuCACmStEtfFNUHPt0NUH6PlePrKkAgAv5gVTlq7RDKWw4CxkFZ0J6GYw,mahfuzahismail,https://play-lh.googleusercontent.com/-1SXJZL_LBxk/AAAAAAAAAAI/AAAAAAAAAAA/AMZuuckna_V-IFS4cqYNVIwZRqcGd0mPZQ/photo.jpg,"Perfect!!!😘 I bought the PRO version just to support the developer. I don't understand why there's so many bad reviews on the free version. This app works flawlessly imo. People who misunderstood the purpose of this app, thought it is a collage pic editor,,, It's your fault not reading the description correctly and yet you blame the app. 🙄 . Some of them complained about the ads which is not intrusive at all !! The developer is kind enough to charge a very small amount for the PRO version. TQ",5,12,2.0381,2020-07-24 02:06:39,"We are really thankful for your support, enjoy the ad-free experience!",2020-07-25 04:45:27
gp:AOqpTOFJESUSaVrWWKaPU0lD_eaouvGZjYFHhbDIMC2mJK-ljRTSg-ZYrzafR9ju35K0HQnKqWMUoF6dk55zaw,david hughes,https://play-lh.googleusercontent.com/-YPsAQBUrdeU/AAAAAAAAAAI/AAAAAAAAAAA/AMZuuckLRf_YNCecNbTbJNksO-x8_nY5bw/photo.jpg,A superb (and maintained) app to easily and quickly combine multiple images into a single image. Well done ZomboDroid team.,5,3,2.0381,2020-07-08 11:22:04,Thank you for your kind comments and thank you for supporting our team with a purchase!,2020-07-09 03:37:59
gp:AOqpTOEo-n3VfxtkKjnRIF3o-gCKRYUZ4cj5Zh0C51gzYPrvei-JdIeHPZnzZjINuxmb5ZaAno9BgbCmuIvZMA,Jagadeesh Vikram C,https://play-lh.googleusercontent.com/a-/AOh14Ggsl2-G1iAG7iVOAHKDn5CcTcCWyUK9Wcj90nvr7w,Excellent Application for combining Images Instantly... Highly Recommended...,5,0,2.0381,2020-07-03 06:42:59,Thank you very much for your purchase!,2020-07-04 04:04:36
gp:AOqpTOG1F18afaYwB7YetdhZGlrCGU-lxwwHP-BWaEXZQ8yjvMDAPvm31chObDxWYBqsAP2tsFZo2JT0AFUybQ,Dushyant Saini,https://play-lh.googleusercontent.com/a-/AOh14Ghsy_n0pD7frVdj2gdOkanSeNI4zM-0k2a9rgc7,Good app,5,0,2.0378,2020-07-01 20:44:49,Thank you for your purchase!,2020-07-02 01:07:39
gp:AOqpTOGhqhCuqbi0-83Ew9Vs_VP1vBw_DizqDhAUQAYPcNMdw29TSw902rKT26N8uv4wQMwoMuz3DPCmmOlDMA,Fourmidable Centurions,https://play-lh.googleusercontent.com/a-/AOh14Gi4tyxypCYlPAjLTp14P9a6GmSklFW7s39lSB3O6vU,"Excellent work, mate.. Truly brilliant",5,0,2.0378,2020-06-29 18:43:14,Thank you for your purchase and your generous 5 star rating!,2018-12-28 02:10:08
gp:AOqpTOFMVxngysjRuhy48Y4_SOAJzDttbeWjHHJwIa2KY2XHvyUGOKQznVZeRoQ0-olGT0VNGBgs5JVdiBck1w,Shelley C,https://play-lh.googleusercontent.com/-GrBdDI54iRU/AAAAAAAAAAI/AAAAAAAAAAA/AMZuucktKmKSmT9KJAYfljTeNgl7sQe8gg/photo.jpg,"Love this app and use it often. This doesn't crop images the way most photo collage apps do, I can combine full images either vertically or horizontally. Really easy to use, bought pro version!",5,1,2.0378,2020-06-28 13:02:21,Thank you very much for supporting our team with the purchase of the PRO version!,2020-06-28 14:37:05
gp:AOqpTOFR9WOiITgkNI4hhvoa0JTS7f4RlSpqlg9jBzG7peYMv52yUeRDp27bHGKArBTQ58uHir_ppxlVohCkUg,T L,https://play-lh.googleusercontent.com/a-/AOh14GiyGrrC0KqOuriiO1CgAtX4n-Hsy2vphGoVGZntDw,"Wish I knew about this app earlier, it would have saved me all the headache of trying to ""fix"" missing parts of long scrolling screenshots myself. To no avail, of course. Sometimes one pic in a long list just refuses to be captured, and you magically solved this for me in seconds! Thanks!!!",5,4,2.0378,2020-06-13 23:25:54,Thank you very much for your supportive review and thank you for your purchase!,2020-06-14 05:23:30
gp:AOqpTOGJpedxOyAHh-EhpHRauOnrooFawiyVAJZSsxie_4rb2S_WxpoxG1G2YjDAbhrss7gI20PYPnpykCWJHw,Mohammedali Vakil,https://play-lh.googleusercontent.com/a-/AOh14GgA0szUSFPDEtH170b8X-X2JF0vFlZPSxSrb0gW0PM,"Outstanding, this app facilitates joining of different images with ease",5,0,2.0378,2020-06-07 21:33:21,"We're glad you're enjoying our app, thank you for your purchase!",2020-06-08 01:50:19
gp:AOqpTOHa3QgcfHAqlxdHTf4h96124uzzbt3rE7SscVpap_Dbqnro3NNCZ8rnEI8Zbo5v2LmpQLPIyPN33hnU4A,Gina Brown,https://play-lh.googleusercontent.com/a-/AOh14GjUeWAqzcynJKkdVdKis3dN5r4zCU2n-sQ1pqzFFw,I bought this app so I could merge 5 photos into one. This app doesn't do that. Total waist!,1,0,2.0378,2020-06-04 20:01:25,"We're sorry if you were in any way mislead by our description. We try to accurately represent what our app can and cannot do with our description and large screenshots. Feel free to contact us at ""zombodroid@gmail.com"" if you have any questions, if you experienced bugs or if you want a refund. Thank you for your patience!",2020-06-05 02:38:10
gp:AOqpTOG2xrhwv2Wfc6ZWCcQuNSoHs4D3uL515yUfk2Pj-6RJ0J0_JS6p01Y99eeMvcyIBVFHb-mxsoa9aLrm8w,Tom Chau,https://play-lh.googleusercontent.com/a-/AOh14GifZ2cUrYtCreg_P6W007iDE_wVOn0tZiAnWmevEA,Best photo merging app ever use. Purcahse ad free version for support developer 👍👍👍👍👍,5,0,2.0378,2020-05-31 18:33:58,Thank you for giving our app a 5 star rating and thank you for your purchase!,2020-06-01 00:57:29
gp:AOqpTOHgzrATC6FH4HiKsjQMJb2UVHT3LUH1pLrRL7hQ0XUIBiAVVxcbbseLbprvBD2uQjFvk9kRfRLvt5aN0g,Julius C Duque,https://play-lh.googleusercontent.com/a-/AOh14Gj9eMwHBSYEambhFq2T9wIAQTywB2uje6QqaM_glg,Just bought the Pro version. Does what it says flawlessly. Thank you!,5,0,2.0378,2020-05-22 04:01:37,Thank you very much for supporting our app and our team with a purchase! Enjoy the ad-free experience!,2020-05-22 06:16:02
gp:AOqpTOEbRoOT0DF2otz1wF2n5HDjpYKkCWe1R6rNgf8j1w5T32JOkCcHQ0eL1U2OTppMoCMn6q9R5IHA_rTmLw,Santiago Mediano,https://play-lh.googleusercontent.com/a-/AOh14GgMLbBku0S-uClSpFwXyrmLPnL-hNQxuViKVZ3tCw,"Looked everywhere, found the free one after many tries of other software (Adobe fail), and many keywords (stitcher, collage, contact sheet).. Didn't want to make collage, just combine images side by side without cropping. Would like the option for the crop to be mirrored across all when same resolution detected across images for when cropping status bar(s) off screenshots. PNG saves would be nice. Thank anyways.",5,4,2.0378,2020-05-18 18:35:15,Such a feature would be very hard to detect on a mobile device. PNG's are planned for a future update. Thank you for your support!,2020-05-19 01:07:09
gp:AOqpTOFYSWw_tCVNAPAugUXlMMl--jvMbgjyj8boNZ1QWnkdL_TqYT3dl5ic8ALkKAa-YiZtbVt6LdgCDJ_0xw,y. k_sp,https://play-lh.googleusercontent.com/a-/AOh14Gh_DbY6dqW0NrogFxlTQ9WWzvm020h5fzoqhNvS,"no feature additions (except for ad removal), but bought just to show appreciation for a great app!",5,1,2.0378,2020-05-09 02:21:09,Thank you very much for supporting our efforts. We hope to bring improvements to this app in the future. Thank you,2020-05-09 10:33:29
gp:AOqpTOGmzhXMncfWyt67uVIbiD-DPrwZALg8I4fKIdVPbFhD2hFli_9o9H07uEsMzt_N88pyfvUwISL8DhtlXQ,Drift Wood,https://play-lh.googleusercontent.com/-RIuIfaqyIa4/AAAAAAAAAAI/AAAAAAAAAAA/AMZuucnvw9X37eonzGwcGoCAL4Qb8ZKPUA/photo.jpg,"I purchased this purely to support the developer to show how happy i am with the product. Simple. Straight forward. Not full of awkward settings and options. Straight to the point, does exactly what i was looking for. Perfect.",5,3,2.0378,2020-05-06 11:45:04,"Thank you very much for your support, we're happy to hear you're satisfied with our app!",2020-05-07 01:45:54
gp:AOqpTOFCO4pXHg5Ui8XVis_zmNi7CO1zxwLKP5rGmyd5UIirh2Yq76Lduw_4LJlpaIn-J6PaCkmou3t_3VfK0Q,Clifford Short,https://play-lh.googleusercontent.com/a-/AOh14GhIE7hjAlFkVDP9T6b_mMwvZYfn9crYjNFnNvOkFw,"Only Gripe I have with the app, the pictures are not high quality.",4,0,2.0378,2020-04-22 23:49:58,"If you set the image quality to ""Native"" then they won't be resized upon combining. The only exception is if you try to add a lot of Native quality pictures and your device will reize the images on a hardware level to avoid a crash as it runs our of memory. Feel free to contact us at ""zombodroid@gmail.com"" if you have any questions.",2020-04-23 01:33:58
gp:AOqpTOHcj3-hjRR22gveocrMPh_26srKF97hgLuY-JXtvMqTSz_V7O11fkk4pn8tI97bVYxKq4r08ls2PUBbyg,Niq Scott,https://play-lh.googleusercontent.com/a-/AOh14GiBF6Q9mQASH57nEbe2M1vvROAl42rWuyphJnBZ2A,"Another superb and flawless app from one of the best developers on the Play Store. Don't bother with their free versions, just go ahead and buy the full-fat product. Always quick to respond to questions, and very open to suggestions. When I asked for constrained text rotation in their Meme Generator, it appeared within two updates. I know this may sound like a paid review or overly sycophantic, but this quality of developer is rare, sadly.",5,4,2.0370,2020-04-14 09:10:45,We're happy to hear you're satisfied with our support team and our apps. Such reviews motivate us to aim for perfection. Thank you very much for your 5 stars and thank you for supporting us with a purchase!,2020-04-15 01:36:43
gp:AOqpTOEg8QRiFDnxLEFKrZ9qQ0dK2RvefiL_W1Tfj4PRLzRlkz2-LxWMzmOZ5F3Orqo4aSFBfIe-jdEzH4VR4g,Than,https://play-lh.googleusercontent.com/a-/AOh14Ginr3bLvT15wblvCNzVjbcWFXnznovgVU-NI6lZLA,"Nice app,easy use",4,0,2.0370,2020-04-03 00:49:57,"Please contact us at ""zombodroid@gmail.com"" or reply to this comment and tell us what we could have done to deserve the full 5 star rating. We're constantly looking for ways to improve our app. Thank you very much for your purchase!",2020-04-03 01:23:58
gp:AOqpTOEX9cN_rslFKHLsQnjJqYgDTjdANyM4-lCzetUGMQiTr-Ni5EHVHGBxSV1njS7S9wezp7mX2R_yf8DA-w,Lan D. Ho,https://play-lh.googleusercontent.com/a-/AOh14GgjOnNcsCP_NYosrn2424mn_f_c2jne-H_YH7QbNQ,"Longtime user of this app & happy to pay up. Straightforward and does exactly what I wanted. (Previous, free version had trouble adding borders, but that was a middling concern.) Bravo",5,0,,2020-03-03 00:39:02,Thank you very much for supporting us with a purchase!,2020-03-03 00:44:33
gp:AOqpTOG9JgxdJ6lFSIynSqahF1i4Kuofar2Yf2ydVXDbydZhgksbWxswgrs7Q9wMFVGwTe3Aup3CCm9uv5tHOQ,Vlad Impaler,https://play-lh.googleusercontent.com/a-/AOh14Giqn-1qPIPIaYuI0-NCFKJ2gblWWb2vrLYV3Qz0fQ,"Bought the add free version, since I found this app very useful. Thanks for great app.",5,0,2.0362,2020-02-22 17:56:06,Thank you very much for your generous 5 star rating and thank you for supporting our team with a purchase!,2020-02-23 02:18:08
gp:AOqpTOHiH_irECot7p-ELGMdwcdWtamuh3KF4NTc88djrmhrFZJbts2R1iXe8rNDSJTWMBZpauRNh2cCfcPs9g,H AlJayyed,https://play-lh.googleusercontent.com/a-/AOh14GjvGJoybJYQgozW4mkHNRdbz77bDzJaqODXMy1EtA,i suppose Android forces images to be resized. i appreciate the replies.,5,0,2.0362,2020-02-19 05:51:17,Thank you for your understanding. We appreciate your review!,2020-02-19 11:54:43
gp:AOqpTOHcz6t-k7Cb7U4FimnFzhpVDHVH-RYeQC3Xwto9TSkw84gmQYbSR6vljTtMjax2xocpkvv5Qeq8oHbUAQ,Voytek Eymont,https://play-lh.googleusercontent.com/a-/AOh14Gjq5vQ2_8s4pRwIgiCkpNtbd5zHq6mmUuVgxd39dA,"Great app, well done, simple easy way to combine multiple images! Please consider adding basic markup tools, also, maybe allow for contrasting border if needed between images. Thanks.",5,0,2.0362,2020-02-07 22:45:41,Thank you very much for your 5 star rating! We are considering making this app a more sophisticated image editing tool.,2020-02-08 01:37:03
gp:AOqpTOHJ2QDWeKWixtm7yZtrsrM2zWdzld6rujvmfs4IwE8UTDfCEmfcY4FiTQNP2GOjacM_sHtKKEQ0Un4FEw,Abel Jimenez,https://play-lh.googleusercontent.com/a-/AOh14GiPOS-CN5Ssn5X9Cb-18-hfGttyr4mmKBza1yIMIQ,Its all i needed that different photo collage apps couldnt do. I love that i can select as many photos as i want and edit them what order i want.,5,0,2.0362,2020-02-07 02:39:49,Thank you very much for your 5 star rating!,2020-02-07 13:27:48
gp:AOqpTOGTJ2q5y7kLNB_pIUc4v5FeWhUDTK66TBBPr88yEGtC0-DlpDh4JPQV7TqrrdMucaYkDnkZs3j1xfv7kQ,Hana Sarcia,https://play-lh.googleusercontent.com/a-/AOh14GgB8PK80MdUS6XQLl1vr12dSyBTINPdCyxD1yVxOC4,"Simple and straightforward. After using this for quite some time, I think it's deserving for one to pay for the pro version. Exactly how I need it to work - no limits to the canvas size, straight up combine the images. If you're looking for a fancy collage app, this isn't what you need.",5,0,2.0362,2020-02-01 00:45:45,"Thank you very much for your support, we've made this app as simple as possible, and a lot of users seem to like this. Enjoy the ad-free experience!",2020-02-01 01:39:25
gp:AOqpTOHWQhdMDNy4GtU_K-HagBL9eyzBA9QBnZ9zaFsi_mYnYnG-pcEAjCA-GcBiyyDtU_-yTiAj_vFG4Su70A,Liam Unus,https://play-lh.googleusercontent.com/a-/AOh14Gi6Gf8dVTXQw8MPjI3AJqOUFMBqgfYw7KttTtMUC1Y,"Works wonderful! It caches your most recently combined images in case they're accidentally deleted, supports full HD, super easy to use, and has a nice sleek layout. What more could you want?",5,2,2.0362,2020-01-05 22:00:41,"Thank you very much for supporting our team with a purchase, enjoy the ad-free experience!",2020-01-06 01:33:38
gp:AOqpTOG4qB8UAD3nHKQgcBBR3nvMB1QYG41_oXc5g0f40hs9Li6CtHHXIi4kMNnr1WMm6szERpidWpPlIKAOiw,Abdullah Ogailan,https://play-lh.googleusercontent.com/a-/AOh14GhaPDTt2EOMTtGZY-VIPjYW-10e0Bm9_UL4ARYr0v0,it's really good apk,5,0,2.0362,2019-12-31 08:05:27,"Thank you for supporting our team with a purchase, enjoy the PRO version!",2019-12-31 11:02:54
gp:AOqpTOE1a-ywarCb3sbi9mgFtvwdeVmkuea5InX8oopBsfO6CgqzpE-0KM2PhC_HFseri1VKSDMNWsKLqDJfYQ,Thomas Darv',https://play-lh.googleusercontent.com/a-/AOh14GiDIhPYpRLASNG-e1tCbbvVmWzAqtq4Z2ScZ0iPvw,Good feature... I imagine Apple have it integrated,5,0,2.0362,2019-12-15 00:23:16,"We're happy you're satisfied with our product, thank you!",2019-12-15 01:27:00
gp:AOqpTOGGieP6ftJhpqAMmQl0MOeuVDcReEqITOjB60ww7tBtqgMEIksprwpb1kUdCZCs0d1JGVJN9hVpZMLiXQ,Anthony C,https://play-lh.googleusercontent.com/a-/AOh14Gg7PrBin-piO1V0gqgBSfkHzCPwBPAtWGwlqBd3Ow,"Pretty Good app, has good email support. Very clean and simple. But too simple, could use a couple more common options though.",4,2,2.0362,2019-12-11 12:29:17,"We wrote your ideas down and as soon as similar requests are made by anyone else, we'll consider adding those features. Please understand that we can't add all features requested by all users. If we'd do this, I can assure you that you wouldn't like the app as it would be a huge mess. Thank you for your feedback!",2019-12-12 01:24:26
gp:AOqpTOEHbxYp79Q8WmGp4XCfYIjkc_yBIH9QULoCkapL667WoGzFkOBDYD1egtBQ2GEkAEGuDF3k7x1Ojz79ow,tim wong,https://play-lh.googleusercontent.com/a-/AOh14GjsKl4dMU9hkihxfbc5eIY1vY659tPlheM-o6v0XcU,"Worth the purchase, sensible price for an excellent app. Would like bigger thumbnails to aid in manual reordering but most of the time sorting my filename is sufficient",5,0,2.036,2019-12-09 03:33:11,We haven't thought of that to be honest. We'll add it to our discussion list and it will be added later on. Thank you for your generous 5 star rating and thanks for supporting us with a purchase!,2019-12-09 08:43:01
gp:AOqpTOEpyUoX1W_AHF3PJD55XpWouAuFVRCbIqIOekaFJEzSqOtk0xCjvcyVwgKKUXcoP31b_Ve_24XHFXsPnA,Alister Flower,https://play-lh.googleusercontent.com/-Lg5bELmYOs8/AAAAAAAAAAI/AAAAAAAAAAA/AMZuuckWBAawtakRunQzLIqypxr-PFi7sQ/photo.jpg,"Sure it combines images, but it doesn't let you adjust the placement of them to fine tune matching edges up. Pro, my ass.",1,1,2.032,2019-09-29 02:00:36,"We're sorry if you were in any way mislead by our description. We try to accurately represent what our app can and cannot do with our description and large screenshots. Feel free to contact us at ""zombodroid@gmail.com"" if you have any questions.We can easily give a refund, without any problems. Thank you for your patience!",2019-09-29 02:34:28
gp:AOqpTOGPsERr4kSXTQaypNzDRCIFP2c4i5Dq1nRbsAk45uesfPKwHpORGmCfqKqlGswuB7U6M-7NhzKHZtAqPA,Cole Kern,https://play-lh.googleusercontent.com/a-/AOh14GjsA__M--LASvls9VCddlhCKKqzLHqvXXr4HgXQHA,"It's simple and easy to use, and gets the job done. I do wish that there were options for adding spacing between pictures, or for changing the relative size of images in the combined version. My only complaint is that the privacy policy is a little bit nebulous regarding A/B testing. It's extremely unlikely that this is a problem in any meaningful way, but some edits to the privacy policy to be a bit clearer would be appreciated.",5,3,2.032,2019-09-23 09:28:21,"Our privacy policy was created by a professional privacy policy service, which understands A/B testing policies on Google's side. Is there a specific part of the privacy policy you're not satisfied with? Our app does not collect any personal data from you, all statistical data is anonymous. Thank you for your feedback!",2019-09-23 13:16:27
gp:AOqpTOEcowQGuQCkJmMQiQmXAswDWG8kNhxPBBeZTzTX3TFbC5Kf8lRhH0G4lDaPIfPsVFusvaj9NmglYFenkQ,Steven Fuls,https://play-lh.googleusercontent.com/a-/AOh14GhM_jfM9Nt8NcW0QS1xGLZurKtygo9SNfSHXqfLgw,Great for stacking pics to your desire! Highly recommended as a unique photo editing app. I use regularly,5,0,2.029,2019-09-08 16:50:52,"Thank you very much for your 5 star rating, we're really thankful for the support!",2019-09-09 01:32:21
gp:AOqpTOGkrBo_enNCtQxLSKhiaMtigmqGL7I9z7qKl2JTFCArD_GpMfY7WYxPWZGblmDK-zg5nsNFKZo6TdyB5Q,Alyanna Dedell,https://play-lh.googleusercontent.com/-OsYHEfyEYKk/AAAAAAAAAAI/AAAAAAAAAAA/AMZuucmkadHGq6TnUA2A3Kz6ZhbqulvLkw/photo.jpg,Great app! Though it would be nicer if you can add borders when stitching.,5,1,2.029,2019-08-27 08:33:27,Thank you for your decision to support our development efforts! We will add more features to Image Combiner in the future.,2019-08-28 01:21:48
gp:AOqpTOHGLwPbxOEpTSVBLr51VTxSznt0T7C_5CcWIaQKgBAmF7l0X8I2-AyLEff2aLjwq9GGWjQvSVwzLxPKLQ,C J,https://play-lh.googleusercontent.com/a-/AOh14GjfTQUqnsfDvxI5ci9-S4CCtFlFH5IHIos8i7SXLA,"The simplest thing, and yet, this is the only app that does it. Thank you.",5,0,2.027,2019-07-26 13:23:06,"Thank you very much, we are happy to see that you like our app!",2019-07-26 14:49:57
gp:AOqpTOH1_gR0XvP5uJl1CNlzIlC1oJssts9kXmKjSI7_AaGh7OrhubM3dz8_S7nLHD-4zcprK9qMkcXmNOmMhA,Rene Vargas,https://play-lh.googleusercontent.com/a-/AOh14GhEHKCoClue8wE9_rEJeHGKU7V-NK5DSWYtlx8g,Saw that there's a paid version along with the video/gif app. I love them so much I just had to upgrade to the Pro version. I highly suggest trying the free versions first so you'll know what you've been missing in your life and then when you can get the Upgrade. This dev is the best.,5,2,2.027,2019-07-23 20:43:59,Thank you very much for your support! We are happy to see that you like our apps!,2019-07-24 01:20:20
gp:AOqpTOF3-zoC4p5EeSqiqSvd_Zp5DOdrBpENP9RpGUeRl9g7-yFwhoTTSdrfax5U8Rn_7nbIkBWcOJSzvrSc4w,Byron Jones,https://play-lh.googleusercontent.com/a-/AOh14GiZZi7gEZuxaTgRS0fLRkKaGNJP060r_XhRjIX3,"Overall the application works well. However if you want to create a grid of photos, you have to create each row as separate photos, then combine all of those row photos vertically. It would be much easier if you could physically move thumbnails around to create the combined photo.",4,0,2.023,2019-07-17 06:12:00,"Indeed, our app only supports vertical and horizontal combining. The UI was never developed to make grids possible. We are planning to improve the combining options and layouts in the future. Thank you for your honest feedback and support!",2019-07-17 12:11:37
gp:AOqpTOEHnTy_mn92TsLUbgWIUY46GxDxYv_uargBPhmZT_d7YQl6Pgn6ySyUZtpDu8LbJWgVAxILS6S-uzQJWw,Kim Bilugan,https://play-lh.googleusercontent.com/a-/AOh14GgL7MhiQ6Die0Fzxz6jigqHONdZfTtUHrHfM8wEePs,"i just bought the app so this is my review for the free one. I import my pictures using the share button from my gallery and all the time, the pictures are not arranged properly. then, if i exit the app and import another batch of images, the old ones still remain (should have been auto deleted). lastly, I whish there is an option to combine images in grid arrangement.",5,1,2.023,2019-07-11 05:57:40,You can clear the list of picture with one button - Clear list. We believe that auto-clearing the list would create more unsatisfied users than the current setup. There is a possibility that in the future we'll add more combining layouts as we had multiple requests for such a feature. Thank you for your purchase and your valuable feedback!,2019-07-11 14:01:16
gp:AOqpTOFhG-ne1-ZNVLpZXDSLgQa_lVl5HkyiaX0I6GFutRWRHg3D9LtXGv-drzCcAdjLWMvy0L0IvD7aOEZTRQ,Mdtbolt,https://play-lh.googleusercontent.com/a-/AOh14GjUikviHB8ZnNQaWbteTbZJBts5A_wRBzmNmvFDXA,Nice work on making the app. Keep on suprising us with new features,5,0,2.023,2019-07-05 19:57:59,"We appreciate your 5 star rating, thank you for your purchase!",2019-07-06 00:26:50
gp:AOqpTOFH8lqjpuMnWhWQnfehuZChOjIs9QTMy1RTMTfXoFCpuil3_f8RKG2SlEfXAFojRAtvGNt6tuPxBbkWjg,Gary D,https://play-lh.googleusercontent.com/a-/AOh14Gg4uzC4efLHLzP_sOyK8fsX7B9qBHeHkXa1wKqNauQ,Another amazing ZomboDroid app.,5,0,2.023,2019-07-03 08:08:14,"Thank you very much for your support, we're happy to see you're satisfied with your purchase!",2019-07-03 11:33:09
gp:AOqpTOF8i59zPV0qlv05MCfbYMCwwFJhh0xFodgtVDeGCxlctfrK-9GKEKFNBdQV2y6Byu6eAteRcS-yPh3MEw,James Bridge,https://play-lh.googleusercontent.com/a-/AOh14GgCUxIkmzh83xRPlhcxUCUxdIFmjIf-8ODFrd53dA,"A good, simple app that does exactly what it says. Sweet baby Jesus, the world needs more apps like this.",5,1,2.023,2019-06-30 16:16:40,"Thank you very much for your 5 star rating! Thank you for pointing out our app's simplicity, since we've been under criticism for having an app with too few features. 🙂",2019-06-30 22:45:57
gp:AOqpTOHib_xCYOjeu9VuDaV9WKN5QHdff5sRJIyeGCQ0Tlmt1tRhJ00Evp2YBnF3hjs1d4Qdmng-qI0_K9Iaig,Sinnerism la,https://play-lh.googleusercontent.com/-auvRoNsyDyc/AAAAAAAAAAI/AAAAAAAAAAA/AMZuucl9EaPdYGDIylPfsHa3R7ODl5ZsHg/photo.jpg,just purchased it because am extremely satisfied with the initial free one. keep up the good work!,5,0,2.023,2019-06-19 00:46:08,"Thank you for your 5 star rating and your purchase, we're glad you enjoy using our app!",2019-06-19 01:21:26
gp:AOqpTOFczzMNhvaWL2Rh8urT7XmPqfRx_oMNIDwm7nOMA9Ft_sXp3bbY6OXL6G3TeTEA3rXAQdfPHNYCSVx-1w,Sumit Pal,https://play-lh.googleusercontent.com/a-/AOh14GjHrDQ1ui43lYe4RpyAxYtcvjQRrb80htRNdwo2cw,Great app. Moved over from the free version. Had a feature request - there should be an option to auto-delete the source images.,4,1,2.019,2019-05-31 19:45:40,There's a one-tap button to delete the entire list right in the main menu. Thank you for your purchase and support!,2019-06-01 04:42:16
gp:AOqpTOFH5zbUDT9SC_TgXOnRkqO1_I_A_ER8XAeQFqHslHowF9YuOa-FOPxryg3aA-Ek-xZVdbSt_9ZOquFPaQ,Matthew Piché,https://play-lh.googleusercontent.com/-N3Sp6qr6v0Q/AAAAAAAAAAI/AAAAAAAAAAA/AMZuucm-KfCyhQGnIRgYH0hjkXDkD3tQSw/photo.jpg,Good app. Wish the sorting mechanism worked better but that's my only complaint.,5,1,2.019,2019-05-16 14:51:42,"Does the sorting mechanism not work for you? If you’re experiencing any problems with this feature, then don't hesitate to contact us at ""zombodroid@gmail.com"". Thank you for your 5 stars!",2019-05-17 02:41:25
gp:AOqpTOE2w3dWSMiI6B5vKcS3DmDJKpfrKIK1zL-vYqtZVy-Bgls4GtOYDBYy-TALJIUDDalKNr4cVCzVt7RVeg,Hectopane,https://play-lh.googleusercontent.com/a-/AOh14Ghx-XxXGZURyiZH9CCHvRQlHInsvjWxIr95j3Bn,"Works exactly as I hoped it would, extremely useful.",5,0,2.010,2019-04-28 11:25:38,"Thank you for your purchase, we're happy you're satisfied with our app!",2019-04-28 12:10:32
gp:AOqpTOEen3JLK_rveL4dc6Nxqwz9RNqd8h4NuOYJ8lTnXwARS6V4ilTjypOma7LUdzNce5dU3cCDlaJlxyyK_w,s k,https://play-lh.googleusercontent.com/-1Sp_UtVd8ms/AAAAAAAAAAI/AAAAAAAAAAA/AMZuuclvxfn3EWovOm_XZmlbYS59Ssac5Q/photo.jpg,a life saver app.. purchased to support. keep up the good work,5,0,2.010,2019-04-23 02:11:16,Thanks for your generous 5 star rating!,2019-04-23 12:37:30
gp:AOqpTOFXIi1Xqo4LW0kJ4njaItwIUu3wh9snZErq7ySfPU5AQ_KYyM9Jo7hXsbJWWyP9Y40OOH-LvZ8_H-39VQ,N A,https://play-lh.googleusercontent.com/a-/AOh14Gg0QMOUnqIhL7wEgpDdmnJkWe_HGii8IDzG3LwucH0,"Awesome app. I had the free version for some time, didn't know that there was an advert free version. I have just purchased this to support the developer. So worth the money. Thank you for creating this app - I have used it many many times.",5,5,2.010,2019-04-08 05:41:38,"Thank you for supporting our work, we appreciate it!",2019-04-08 12:22:10
gp:AOqpTOFOQRq9daBSaNu-yJ16EJe3hs8KtpO0qrGxkTUR8TV7Ww4VkeYu19wGAyudmpEMIGKpl6gvCD-wR7oddw,Jonathan Adda,https://play-lh.googleusercontent.com/a-/AOh14GivCyZz4nfrVpwcQtOaByZwf4Rw04Piep-BQFJz2A,Happy to support this app dev with this purchase. I've been using the free version and love it so I decided to buy the pro version. Great job!,5,3,2.010,2019-04-07 06:54:11,"Thank you for giving our app a 5 star rating, we're happy you're satisfied with our product!",2019-04-07 13:21:01
gp:AOqpTOGQ_ax01fMraM6tik0Gc4UgWnQTvQHUNhwHIAfU4fBGFo4xIOGVKukVOcawVI8GQFNW1xjZmIG0nCYSzg,Dr Ye Min Swe,https://play-lh.googleusercontent.com/a-/AOh14GgJftT1N95VgptVEXKYRq6-kIDVyf6_96lSOXWkzg,"(500 Word limit) why developers are so lazy to add Auto-clear list option after successful image combination?? developers replied only 1% of user will use auto-Clear list .. when i replied prasing his work .. Developer replied ""They tick every feature user suggest and rank them, add only most popular one because they don't have big studio ..Most developers here are single solo developers..""Anyway , Who will NOT do clear list?"" no wonder why this app so outdating including design & features",1,1,2.010,2019-03-22 16:22:02,"You've not posted the entire reply. I also said that we would have to do a bigger rework of the entire user flow to implement this feature. As said, if this feature will be requested by more users, we will add it. It's not a simple addition, it's a bigger rework. Your use case is very specific and nobody else has requested the same feature.",2019-03-18 10:57:10
gp:AOqpTOEQWPyJcc_qhLeKgij8c_23zr3Kczyyf-x-mr294My9E0k2ldiTnPNQn4AURZxCjmOHBc64URBzd7eK0w,conny lake,https://play-lh.googleusercontent.com/a-/AOh14GjvphRx1iz3qFvZsJnN6_-Zei9qwbIH-I8zcq9Xmg,i love this app. please dont let anyone else buy it so i can own it all to myself!😁 such a great App.,5,2,2.004,2019-03-15 02:44:39,"Thank you for your purchase, we're happy you're satisfied with our app!",2019-03-15 02:41:45
gp:AOqpTOGxwDsMsoQMHm-EeByYCpB5PD2FDSts7F5aZFga6m7Xg8JfZtWD7H45__wQEfwsgzX4YRJGjL1ev5_Eag,Jon Thysell,https://play-lh.googleusercontent.com/a-/AOh14GiHbyTNar1IvO0cSQMVnd1ZSJP7BlxotGD6n6imXw,Does exactly what I need it to. Stitching a series of photos together for upload to sites/apps that only accept single photo uploads. Worth the purchase.,5,7,2.004,2019-03-09 11:50:58,Thank you for supporting our work with a purchase!,2019-03-09 13:53:22
gp:AOqpTOFyvss-hsYLUFRUXyznlfOV3cQGl6V_60EWhTLqBSP6V_aFEGCCSjJYkLjpSKHA_AXDRYNP5lQ-0adiWQ,Shadi Haj Eisa,https://play-lh.googleusercontent.com/a-/AOh14GhWAbOW1yLyhArdmJdmPX_X3taoTCF7Syfw-cekuw,"excellent app, does exactly what's expected from one such app samo tako, odlicna aplikacija ;)",5,2,2.004,2019-03-07 13:23:34,Thank you very much for your 5 star rating!,2019-03-08 01:37:46
gp:AOqpTOFC8m8bAu0aXw95MTPRpt9s6Fot04w_yQQeKvILrVkcHzJQyVCb5iaJIAR1S1aF-dnJZhrTbY6j0sZ6EQ,Plants Based Hair Colors Last Up To 30 Days,https://play-lh.googleusercontent.com/-gaIXTQ-THx8/AAAAAAAAAAI/AAAAAAAAAAA/AMZuucnm0U6MIOWG_EfwPJOknkKAGdeNpw/photo.jpg,easy to use! thanks!,5,0,2.003,2019-03-05 18:13:29,Thank you very much for your 5 star rating!,2019-03-06 01:53:52
gp:AOqpTOFnGYZUgDZMwrXtx2B91TkepoyAHukYUyL8BD6mcxr796PwdjZA0zL_WK0w6_kXKNJiLSnYunjHe59OHA,Melissa T,https://play-lh.googleusercontent.com/a-/AOh14GjIVtIHV2wdP07AcY5WyLckPbtk-XXNW3_HoxTt,*Update* they contacted me and offered me a refund which makes it less disappointing although I am still sad it couldn't do what I had hoped it could. It cannot stitch two photos together to make one photo. It is EXACTLY THE SAME AS THE FREE APP except no ads.,2,0,2.003,2019-02-25 17:42:42,"We are happy to give you a refund. Again, we are not promising any new features with the PRO version other than the removal of ads, the app description is very clear. If you send your order number to us we will issue a refund immediately. Our email address is ""zombodroid@gmail.com"". Thank you for your patience",2019-02-26 00:04:21
gp:AOqpTOEtRewYVz9HqHFWVnYOpICMJ_r0kLb8hkaF0pNCNSF-c0N8exwRqglvIRVcckLKKY9jbnosTzi7Gm-cRQ,A Google user,https://play-lh.googleusercontent.com/EGemoI2NTXmTsBVtJqk8jxF9rh8ApRWfsIMQSt2uE4OcpQqbFu7f7NbTK05lx80nuSijCz7sc3a277R67g,"I bought the pro version of Image Combiner, hoping that my pictures wouldn't come out so pixelated like they do with the original Image Combiner app. However, the images become just as pixilated once I use the app in both versions. I'm using the high resolution setting also. I don't even know what I paid for. Really loved this app too.",2,0,2.003,2019-02-20 23:15:18,"If you want pictures to keep the original size/quality, you have to set this manually by selecting the ""Native"" size setting. It's the gears icon on the right side of the screen. You can even set the default image quality in the settings screen. Feel free to contact us at ""zombodroid@gmail.com"" if you have any questions.",2019-02-21 03:14:14
gp:AOqpTOF6nLm5Re9kXF_izFGFOPQf24swGblaC9gU4EQZcm3lkzXgLD2enZ4jr9pfVCP0GXg-cNXyhOmG7E7hIg,Top Clothing,https://play-lh.googleusercontent.com/a-/AOh14Gjr_2WQgnBcaXCLRenbC7vHWmYBR90lJYSVVrYi,nice,5,0,2.003,2019-02-01 23:29:49,Thank you for your generous 5 star rating and thank you for supporting us with a purchase!,2019-02-02 01:52:05
gp:AOqpTOHh2ubnvuB0bqXceHSQX7TpRmjB_Mf3iDMHwicjo37ObUtisBvuCRVaOwRxbEVJ_26rOZtso4YMw-Am5A,A Google user,https://play-lh.googleusercontent.com/EGemoI2NTXmTsBVtJqk8jxF9rh8ApRWfsIMQSt2uE4OcpQqbFu7f7NbTK05lx80nuSijCz7sc3a277R67g,"For joining 2 or more photos vertically or horizontally, THIS IS THE APP - Period...",5,2,2.003,2019-01-30 19:38:52,Thank you for supporting our work with a purchase!,2019-01-31 01:50:08
gp:AOqpTOG2sGPlDhmcEoO-qFMX_bBYvogn6JcwIhcdEVt1yE01sDKgiv8MXb5lp_2RkzXrk2VDeeyq0Z2Anxo7CQ,John Smith,https://play-lh.googleusercontent.com/a-/AOh14Gg2EHpIZqZ2DxbIiAKixLPocIUnKoEGONwRE8k0QQ,love the image combiner app. its an essential tool on my phone.,5,1,2.003,2019-01-28 18:55:51,Thank you very much for your 5 star rating and thank you for supporting our work with a purchase!,2019-01-29 00:52:01
gp:AOqpTOEW6Bneq8VubrgwPRqUZg_-d7TL6ZO1Y8VT_s5YAF7WYWKKzgFZjENzpasAcUPcRrS6UxebhB-SxXDYEw,Jamie Doull,https://play-lh.googleusercontent.com/-OfShXrIRTAQ/AAAAAAAAAAI/AAAAAAAAAAA/AMZuucmYwahhU01kukmt99L_KNBwUxzOvA/photo.jpg,"Been using this for ages now, more than happy to pay for it too. Love the app, and love developers that pay attention to what their customers are telling them. Simple app, very easy to use, and never given me a moments trouble. Great stuff.",5,2,2.003,2019-01-13 05:17:22,"We're really happy to see that you're satisfied with our app, thank you very much!",2019-01-13 08:51:32
gp:AOqpTOHDIJHYmsQFfwSgljgG2JNyxXazQ-xXrCQMKwrc17Ul7Usv8oFX2Sr6wn4caM5fCPoigWwA5wlpbPxeRA,Morgan Stone,https://play-lh.googleusercontent.com/-M710NnO5okQ/AAAAAAAAAAI/AAAAAAAAAAA/AMZuucn4vxZxZn3g8ut4Tj9BZ8hSto-iCA/photo.jpg,"Does what I need it to without a bunch of tacky overhead and gimicks. An essential tool in my box. Fastest ""individual images"" to ""single comparative graphic"" this side of Key West! No learning curve. Just got my job done -- fast!",5,2,2.003,2019-01-12 15:43:26,Thank you very much for supporting our work with a purchase and thank you for your two amazing reviews!,2019-01-13 08:51:24
gp:AOqpTOFDVy5WUdQta0FRs5UnIMa5c5z0eTxUZAGkegNVbOMbUjo24e-A0SGQTzkuhPlCegKmo0C6Z89Pjlxvcw,Kailash Ramola,https://play-lh.googleusercontent.com/a-/AOh14GgTx1zTdKVdAxVm_lzezABLSzvd0o7U3x5wN4XEMQ,Nice App,3,0,2.003,2019-01-08 01:08:17,"Please contact us at ""zombodroid@gmail.com"" or reply to this comment and tell us what we could have done to deserve the full 5 star rating. We're constantly looking for ways to improve our app. Thank you very much!",2019-01-08 02:17:16
gp:AOqpTOEREB1Yam3xwZsZ60_6loFkQKfybcx7_9QKWwQGmix7uLsonHIK-zoGnBRuHlHOYpNfUBkDz6ldjaDaOA,A Google user,https://play-lh.googleusercontent.com/EGemoI2NTXmTsBVtJqk8jxF9rh8ApRWfsIMQSt2uE4OcpQqbFu7f7NbTK05lx80nuSijCz7sc3a277R67g,"Great app to crop images, combine, then share. Sometimes you don't need a fancy editor app. I have a few of those that don't allow free hand cropping (weird right?). This app is simple and to the point, definatly reccomend!",5,4,2.003,2019-01-07 19:30:21,"Thank you, we're happy you're satisfied with your purchase!",2019-01-08 02:17:34
gp:AOqpTOG41QUqMIqxOOueR0JCbfhUmpLqcIY-YScdFV5kAvjhNZHdzYebekMaePzeGaGemyjTqIlJC9uYNeMydg,GA Rush,https://play-lh.googleusercontent.com/a-/AOh14GjSPZa-shmWOsvbgWX3C8oEdWBio4TdtnoKBMZCAA,Very useful. Highly recommended!,5,0,2.003,2018-12-30 06:32:58,Thank you for your purchase and your 5 star review!,2018-12-30 12:39:20
gp:AOqpTOEjGNcbJigG-qX0Stze-FWVegShEOtyKy0bCDu94stBKCaC8-Bj1UAcXE5HvyferyYVpD0N3kuZOscgYQ,Darryl Trimming,https://play-lh.googleusercontent.com/-Hh02vg1pQyc/AAAAAAAAAAI/AAAAAAAAAAA/AMZuucngaZ821cXR8uxEcOizM6J7ETLv6A/photo.jpg,"Thank you! No fuss, no bling. Just pure functionality. Not much room for improvement. I use it for comparing screenshots of multiple documents. So the excellent quality of the resulting image is important and greatly appreciated.",5,2,2.003,2018-12-14 18:59:59,"Thank you for your 5 star rating, we're glad you enjoy using our app!",2018-12-15 00:41:51
gp:AOqpTOG2riiP8UbhTP-dOvXuHoA_4wAvaMYEB2BqFxPIxBnYUPcOW1-2voFJfIIobTn5dG-0aFtaW8OXd3NI4g,Владислав,https://play-lh.googleusercontent.com/a-/AOh14GjdWxia__7EFQVR7-eIQtUkjGrvEA0jPgJRIh44e3s,"Thanka, great app 👍",5,0,2.003,2018-12-14 12:28:10,Thank you very much for your 5 star rating!,2018-12-15 00:41:44
gp:AOqpTOEPK92UxSbCeZiMEmpDey7jxCvuqWE41cYdFSxpeixd2d6LNLho9cDTCmGPabRUUCvp00n_YjQrM0Vi5Q,Sk Hiru,https://play-lh.googleusercontent.com/a-/AOh14GjfqsBgEPRHgTYLEaBYyi9XbRadnzLEg9cHOutSMA,Thanks for releasing the Pro version but still need more image qualuty ...,4,0,2.003,2018-12-14 10:20:03,"If you choose the ""Native"" image quality then the images won't be resized and will retain their original size. Feel free to contact us at ""zombodroid@gmail.com"" if you have any questions.",2018-12-15 00:03:32
gp:AOqpTOFx0B01o-ZLVBGsv3ssiFR0XnSJtynW2xXl8ObNJe7eL--7fWL_jfGIAO3KF8Mkg2bGp84kJNySjysc1Q,Ladyinwaiting,https://play-lh.googleusercontent.com/a-/AOh14Gi0V1aIlvhLTJue0c2JjNqWf_hS5sNi-pKvhItwXyk,"Thank you for the Pro version, love the new tile look. It has the same easy to use and clean look as the free version.",5,1,2.003,2018-12-14 07:50:47,"Thank you very much, we're happy you enjoy the ad-free experience and the slightly updated design!",2018-12-14 10:06:58
