reviewId,userName,userImage,content,score,thumbsUpCount,reviewCreatedVersion,at,replyContent,repliedAt
gp:AOqpTOE4IEuz3kjiErHX0GvE2jAAR_GOmIVSAvsfpGgo2An-jWpmPwKFn6GFviGzWF7DUAxi9DTBC5BbfN8,sean sweet johnson,https://play-lh.googleusercontent.com/a-/AOh14GiO61SFYsanclZRptLSpDUDZlXQ8e0HXRRvsLBt,Great game a left 4 dead pinball table would be super cool,5,0,1.0.3,2020-12-30 15:53:01,,
gp:AOqpTOFLVdrUmy8nQbBkXGlJbQHomSRI4cGzGGj0pNwIpcsX-PwmymXdif0IABvwTUsNCU8BpMo3jljaNpE,Wambie7,https://play-lh.googleusercontent.com/a-/AOh14Gg9_qJ7mO1gT9y9XBZokQ3Z9mfk4X5lH7j-KTtl,Doesn't fit my phone. Moto z4,2,0,1.0.3,2020-11-28 15:30:25,Hi! Thank you for your feedback! It seems that your issue may need further investigation. Could you please email us at support@zenstudios.com so we can look into it?,2020-12-03 04:35:59
gp:AOqpTOE3KcwCWzO7FaDs-A-OqesGIiRZqTk7FcdO10f5TRD5yHaFaHG_GzLl30VSUKtmKQA3tJa-pexYHYU,David Nagato,https://play-lh.googleusercontent.com/a-/AOh14GggmtcIG2R1tvuGgWiyIzrBedJI2vK3OkzuQkvvmQ,Horrendous resolution. Literally unplayable.,1,0,1.0.3,2020-11-28 06:22:42,"Hi David! I'm sorry you ran into this issue. Thank you for your feedback, I will forward it to our developers!",2020-12-03 04:39:29
gp:AOqpTOEYkAkLvglP5xydzeqe2TJUp3gKnmsngOyXAp6Qb96--g2fD6R8MZGG0XYIJgSjtqEHKTmQMNMX6R0,Alf Alpha,https://play-lh.googleusercontent.com/-uvJwPTqhjfk/AAAAAAAAAAI/AAAAAAAAAAA/AMZuucntJqLx6zn3QTRDwdVY2wmuWXe6cg/photo.jpg,The ball is constantly shifted to the outlanes way more than usual on Zen tables. Also like several other Zen pinball apps this is in dire need of updates. Zen are still taking our money even though this not compatible with the latest devices. Last update 2016 is a joke. Either fix it or remove from the store or refund disappointed paying customers.,2,9,,2020-09-02 10:12:27,Hey there! Thanks for your feedback! This issue may need further assistance. Please contact us at support@zenstudios.com for help.,2020-10-06 06:57:59
gp:AOqpTOG6G-BhlYMh-NViKdzE-orRSoZepThv7r-k7MxM_oAZySPM1TO98AF-n_qVT80zTccbPhquDeyuXtk,Roland varjak,https://play-lh.googleusercontent.com/-3Ha4rFnu1js/AAAAAAAAAAI/AAAAAAAAAAA/AMZuucl74gofohdSdHp9-TcNg_duhDlzpQ/photo.jpg,10/10 stars this game is amazing full screen on my google chromebook laptop its the best in the world,5,0,1.0.3,2020-08-23 09:55:38,,
gp:AOqpTOF7-StoJ95wJeL_31vclcxcEPwPvghgC5IdVNiMhrNVGxRr_jk6eqfAwq1YCzVR7e4dmQy9-sDwR0U,Windi Primiadhi,https://play-lh.googleusercontent.com/a-/AOh14GieC_l3GWKw2ILrblTojNQP_EI3oofmp48dpgOKe-E,"Best pinball machine ever, implementation & the difficulty is moderate. Easy to play with & no hassle nor glitches, great job !!!",4,8,1.0.3,2020-08-06 11:09:25,,
gp:AOqpTOG0rVAaYkSTDynX_y1EWxML5Lc7m1lZUANcxQwcGAcovd7R_hV1tcDcjwA6QP9PllzCFTDsXqPdAPg,Shaun Adams,https://play-lh.googleusercontent.com/-v3LnSrVmni0/AAAAAAAAAAI/AAAAAAAAAAA/AMZuuck_DEVV5GO2dUPCiJsgvbDMWY7C9Q/photo.jpg,A truely great pinball game.,5,0,1.0.3,2020-06-04 13:34:23,,
gp:AOqpTOFXY9_VvCk_DdEMpgWPsgJob8-rx7yHO52aWIwYb72qc7dyAE2Wfw8PMxK8B4xhrLU7zSxZsc_M5KI,just josh,https://play-lh.googleusercontent.com/a-/AOh14Gjjb2J6pNH_UYczZEXvuyfc2zoh5t4z4rHUj8YEew,"Playing this game is so much fun. Not only you get a great pinball experience but there is also dialogue from the original game with mini tests within the pinball game. There's also different game modes that you can play, all within one game.",5,8,1.0.3,2020-05-09 10:38:53,,
gp:AOqpTOHy1pe_hZP4beVPq7od8w7Uo1zFYwCAX6FEGSJDNi9CElAAjz86MDei2K07soDwtFDZRAFqCeN0mqI,Gamer0134 gamer,https://play-lh.googleusercontent.com/a-/AOh14GhNd54pyirnvra45wZzd2iJm5CU72w_FzkE8TJr,Its a great pinball game about portal i would reccomend it,5,2,1.0.3,2020-04-16 19:34:53,,
gp:AOqpTOHeZWlKZc8a2j3UNbWY8O4DdgPFw1sq0Xikv6usHOK57DblYt6M45K236iS7ffHLsVVZpkcmqriFaM,Aayush Raj Dubey,https://play-lh.googleusercontent.com/a-/AOh14GgxMlHfzN74sWyAI_YMqhVq3XFVahFob7PmFZjP,Portal The Balls,5,1,1.0.3,2020-04-13 10:47:45,,
gp:AOqpTOFmHwQ7CdjvhmWJsmJgMhzHg8bAY8vx7wIeSKhi3cMMA--9z-0c74flxaGCWzWYxC3FC8RGqEdZ4qQ,Alex Handy,https://play-lh.googleusercontent.com/a-/AOh14GjzntgsbWl3HWdxzg1dxV-qT0_ba8xyjq02EQoQFNg,"Portal pinball is fun but Zen needs to update this game for modern device resolutions, last update was in 2016 which is a little embarrassing considering this is still a current product.",3,13,1.0.3,2020-01-02 07:06:33,,
gp:AOqpTOFmcsh_XwkKxXtedMZuUcXC7rZxsiHBDwBkyZOp1wKDPoQ3KihjLCzExaCiD-R3D_cKcn26HKg2EDc,Skylar Johnston,https://play-lh.googleusercontent.com/-SkRk8glfDzg/AAAAAAAAAAI/AAAAAAAACnE/AMZuuckReXULEh3v8WtzmqpQ9sHsYxwoYg/photo.jpg,Good gam,5,0,,2019-09-10 21:03:52,,
gp:AOqpTOFwSbiR1yKnrPcgeP0uRKImAtyDWLoCc4ZDQitwGnyhAhnuehZldW6Vl3KWJsJJkjJme29ZYukUELY,James Brazier,https://play-lh.googleusercontent.com/a-/AOh14Gia8GkTOfwuFMcjN6jAhtcORkfJbWkmhvXduoCf,"Fun, if a bit mystifying in terms of its mechanics.",5,5,1.0.3,2019-08-25 06:20:12,,
gp:AOqpTOEbjixNQs6JyEa1iUEadx1S-YTtzkuozRwCdDSV5SgfrjlG-8e7Wvje9Vpr2A2B4YmAdIAu1QSw7Qs,Philip Medlock,https://play-lh.googleusercontent.com/a-/AOh14Gg-CjzhjdltlmsugNuKd5mdcInV_j8QN1N82JEx,crashes when you try to play on Shield TV,1,1,1.0.3,2019-07-07 03:57:24,,
gp:AOqpTOGeaXNFXqUH59pC1V-QAF-8vBRXymFYODFBeECdWFKnjDOa9HKNlc_bZLXI2z4MhPL_Jy6ui5kj-vo,Stephen Slade,https://play-lh.googleusercontent.com/-4bTXjtvI7tU/AAAAAAAAAAI/AAAAAAAAAAA/AMZuucn19PYEywbW7OktjdQ1uLyqPecWpA/photo.jpg,"I normally don't purchase apps, but thought I would give this one a try based solely on the fact that this is a Portal themed game. I wish I hadn't purchased it. I realize now that pinball is not my thing, but beyond that there is little in this game that keeps me engaged. I played it twice and don't have the desire to play again. The menu user interface is not very mobile friendly. Feels like it was built for a PC. I only give it two stars because of the portal theme.",2,17,1.0.3,2019-05-28 06:15:20,,
gp:AOqpTOEZL2ZXgCp3eX0pMltNGgjOVXO6z5nU1HdMgTf04wPhMdAYW2l77ypqXMiQK6jEE0cmY9zTQa-8swg,Jesse James,https://play-lh.googleusercontent.com/-X52ia8s6z8M/AAAAAAAAAAI/AAAAAAAAAAA/AMZuucloWtn4UPPjN72tQ8gkQwLaa-6bgQ/photo.jpg,Not bad at all for one of Zens earlier collaborations. A must buy for your collection.,4,2,,2019-05-26 05:42:05,,
gp:AOqpTOGUR0Z2UITcsCQ2BHe53oF18bsdy2A7tJ4wQaOAyrzNdydQ6zGexhN0Zbg74_nqwOJe6zY87yXUFUQ,Shane Newman,https://play-lh.googleusercontent.com/a-/AOh14GhmAOZ1dUbeyAq9KjS0hRbU4tTaZMR7F2Pluo4m3g,Great game obviously. I wish the tables I bought individually would sync up with the Zen app but either way I'm still going to play it.,5,7,1.0.3,2019-03-29 23:24:02,,
gp:AOqpTOG8b-zi2DtMstP2n3prIuI3JqRl6K_Oeq8y40AWbbXFss8DnR6pqzHKrQvGYUupGWh9dPhpJdepdVk,Andreas Sisas,https://play-lh.googleusercontent.com/-jUU9CIMnfoA/AAAAAAAAAAI/AAAAAAAAARM/AMZuucmT5KShWgFDEzHKZlAMi079gzl_8w/photo.jpg,it's functional,5,0,1.0.3,2019-02-04 05:00:49,,
gp:AOqpTOGWBeRNkqm-CuGSg232FLTYa2yYG8BI-GEb_-MoLNsrPkEojaS7SZDfa0VJkefmeFr5V_Gy39g3oxE,Luis Navarrete,https://play-lh.googleusercontent.com/-MXS-xmPgSW8/AAAAAAAAAAI/AAAAAAAAAAA/AMZuucma33gA8WkMg4QQfx4Z6iwqlsELxQ/photo.jpg,"doesn't work with newer aspect ratio on my phone, looks like it doesn't have support anymore as well..",1,14,1.0.3,2018-12-21 19:55:58,Hi!You see the phone you have might be a large-screen device with somewhat differing resolution that our app was originally designed for. Sorry for the inconvenience!,2019-01-11 03:57:30
gp:AOqpTOGQ3aO5p_ozWmEUmJEKfgfq1jz5I2HlfKgheWH-ihQ9vJVfu78762Nn3bYZALUMOZkV3JTFFFbckI4,James Mack,https://play-lh.googleusercontent.com/-6XtCMu8MIec/AAAAAAAAAAI/AAAAAAAAAAA/AMZuuckINLgrorpk0klTnbqGzZj3iA3APQ/photo.jpg,"A real waste of money. The game is very boring and repetitive, and isn't worth the price.",2,5,1.0.3,2018-11-13 23:55:01,"Hey! Thanks for your review, we appreciate it since we always like to improve our game! Have a great day!",2018-11-15 04:20:07
gp:AOqpTOGiQcRoef-X8Cja5ScyCGO3FwvkwZFiDfXRc8sl0FGhHqzb4H9vS8bArb9JVbvNOEXkg2fbRzvGugA,Eric Steeg,https://play-lh.googleusercontent.com/a-/AOh14GidybMDcuRDYNCm7rrYlqkZqPi1etjCq9OkipdNYw,Good pinball game,5,0,,2018-09-26 17:11:08,,
gp:AOqpTOHqUmOMYalF3tgOca-SQJSdU1_8IrThKB5yErA9xtgYZyzGshQ67-f65PvFa03FvQ-BEICyOt-UN74,Leo Briseno,https://play-lh.googleusercontent.com/-iGEcAEubimE/AAAAAAAAAAI/AAAAAAAAAAA/AMZuuckko4aPAyJGwnN23TqQCxFXRNBq2Q/photo.jpg,"I love this game, because I love pinball and portal but my biggest issue with this mobile port is that the entire board isn't fit to my screen. I can see some controls while playing verticle and when I play horizontal I am still missing buttons from screen.",3,0,1.0.3,2018-09-06 16:02:10,Hi there! This is an issue we are working on fixing. You see the phone you have might be a large-screen device with somewhat differing resolution that our app was originally designed for. We know how to fix this problem and are working on getting out a fix in the possible future. Sorry for the inconvenience!,2018-10-03 07:18:52
gp:AOqpTOE0IBwsqLo342fLlDb9uJEv4JLes-LG8hf832ob3d2WPsZMIhyhgWBEs9IsdTg3j28W4lYz2dRsEak,SrirachaJr,https://play-lh.googleusercontent.com/a-/AOh14Gg-WA2-1lEUXOG-eg4vcUqtV4E2EjnGrlZA5tQZ1A,10/10 game because I love pin ball and I love portal how about put them together make portal pin ball,5,2,1.0.3,2018-08-26 18:09:32,,
gp:AOqpTOEESkzyhYpCbkQgoptZklUTMaTSQDra95VEmmRL7L3s0eO-TH0j5wudHoSlFnm7DB_Z6Yx9ZjryBW0,Adam Godsey,https://play-lh.googleusercontent.com/a-/AOh14GiZPp5x9MyzYDOKf4QHZFrCZ9j-T6a-rwtPGhFUGg,"It's a good pinball game. Not too much happening on screen at once, so the 
ball is easy to track. Worth paying for.",4,0,1.0.3,2018-07-20 22:30:11,,
gp:AOqpTOFWoO7ae6Jtq-gmSb9r1S4Mvytknnkv9vyaqK15MaOPNlhe2itQHCSUuyVMzcoVZ1zzjcrRyzimGgw,Chris Hall,https://play-lh.googleusercontent.com/-EMcrHpT9GpQ/AAAAAAAAAAI/AAAAAAAAAAA/AMZuucm7mQ7zNgtxKf5Ky85ohQj425aL0A/photo.jpg,"Its great really can u make different borads and more things to do other 
then that its good",5,0,1.0.3,2018-07-06 17:22:51,,
gp:AOqpTOHDqsLY5vIZyHFcavPBlVnRuBglzbMU9S4ojGtt5TS9bdsqEIobliJtvcnmvm47kyy5Gd2AnqZP-nQ,do ob do ob,https://play-lh.googleusercontent.com/-DNQrarbtO1Q/AAAAAAAAAAI/AAAAAAAAAF8/AMZuucl2L3KNFuGma2BY_7B8VLCI9Luerg/photo.jpg,"Why no vibration here? I bought another copy in Zen Pinball and it works 
flawlessly!!? Why don't you update this???",1,0,1.0.3,2018-06-06 04:55:14,Hey! Thanks for your question! The vibration is not supported in Portal Pinball. Thanks for your feedback!,2018-06-07 04:17:42
gp:AOqpTOEaPx6P5vLIoOy29uYVcK72GfsJpngFZpaGLS-h61EmJEYKJsunJyc06IHcALc5UfTNbdfA_-2YKnE,Piano 3r,https://play-lh.googleusercontent.com/a-/AOh14GjpKhYxrFndhI_-RwkptkwqGfDNeVLFMb_p47hUlQ,Good,5,0,1.0.3,2018-04-20 21:22:09,,
gp:AOqpTOEzfXc0LbgpOXKT0KXRu8TGHCTClnGQ-LtDxe4owqiM7DrjD8DxI5wJhe_U4lgaVAoMDu-3UIFLsXk,Name Withheld,https://play-lh.googleusercontent.com/a-/AOh14GhFT29Qc_Mi06JkbDri68zv23ZHgkQOeK7K_iqyJg,good,5,0,1.0.3,2018-04-10 22:14:19,,
gp:AOqpTOGEm4nLDEmMltfI5Q_tOYo-FWt3nZzkQh-fxE6OtrIo5zRXAC2RMA6Gop9aKkxueGLaoUyGYiiLaUs,Adriannah2626,https://play-lh.googleusercontent.com/a-/AOh14GhsCl4gBS2awgN0qfNKsl8NfwuHyStWGIVbF3HQew,I love it so much,5,0,1.0.3,2018-03-17 18:38:54,,
gp:AOqpTOFWbqUDZ0UwIFL4kbK0pbLhh4phKWcJHwnaFwm9dcytWa0qdS9_K4PsNtwA2u_KExIn-2M4b50IzoQ,GlazedHamRiot,https://play-lh.googleusercontent.com/a-/AOh14GgC5cYKNHTyYn7dtLuF-Umoti58a8HvSIi1cmkGHg,"Doesnt work, cant give fair review bevause it keeps crashing,  im pretty sure its my phone and not the game.  Shame i spent money on it only for it to not run.",3,0,,2018-02-11 21:28:00,"Hey,
Can you please write a message to support@zenstudios.com, so we can help you out? Thanks for the feedback!

Have a nice day!",2018-01-16 05:51:10
gp:AOqpTOGccDExsHkIEKpmNijf2ccVkB12ViLIvRUhj5Zs0vJsD40698JLHdJ7oon8O0BcTe0hZljGQc1FK58,A Brent,https://play-lh.googleusercontent.com/a-/AOh14GilPAP8nYONAJX8i5SEThg5-4DmjJSdNGbQybWtnA,Addictive game!,5,0,1.0.3,2018-02-01 09:27:06,,
gp:AOqpTOFH09SevGWagWWknsm0_GRI65QNtuOuognDuBSB7nXwhX8PM3ltt8RncOpziCSFs7vhrPC0Dj6B8XQ,Jose Perez,https://play-lh.googleusercontent.com/a-/AOh14GgEWuDzOW2juM2vKzz--WfFsl-RmrS-ENcJ28u9,I like the game theme...Portal...you have done it justice,5,0,1.0.3,2017-12-03 21:11:37,,
gp:AOqpTOGxPzFTzaIPHnjZ0QhibW7S34-M6M6rqY4jk-X-ho4GM2JzdGDlyo8wY9mbkhFgdk7BdmY8oGcjPME,esdras burgos,https://play-lh.googleusercontent.com/a-/AOh14Gg5CGg4qhCoXJHnL8gSW5dBaVhsiskkbd4V64hPyQ,Great game,5,0,1.0.3,2017-12-03 13:43:51,,
gp:AOqpTOHFkg2qKV7o5uKhKHmfu8N2JoNXI7pzGmE6VU7HVcxglwy-vy5qSSlEs6vxQNW0bSzC_lDoi_9vDs0,Sezza,https://play-lh.googleusercontent.com/a-/AOh14GhUTY-Fpn56xT99Ukf30DWqoJDWGZCA93Gfnde5Tg,It will go past game check but won't download content to play so please help me,5,1,1.0.3,2017-11-12 13:48:58,,
gp:AOqpTOHhoY4_fRJvOrT6JJpNPH_0wEJLNgGRi-GkXmKtnibf2GtKTRLJu8nzXHMrAXmWFGJK4a3CHw21kPE,Benjamin McLean,https://play-lh.googleusercontent.com/a-/AOh14GhL0a8cc7ydVZOQdCmK5QNcYMdH9mU8RdQu79s9Fw,This title is so heavily infected with DRM that I can't even play it. Stuck at the license screen forever.  Zen really need to ask themselves whether it's more important to guarantee that legitimate customers can play or to slightly inconvenience game pirates? Because these two goals are mutually exclusive by nature.,1,23,1.0.3,2017-11-05 03:39:44,"Hey,
Can you please write a message to support@zenstudios.com, so we can help you out? Thanks for the feedback!

Have a nice day!",2017-11-07 02:40:42
gp:AOqpTOGKSITxmBpbPIbG4ugd7WagcnzRM9Ef-DNav-2ElIIo44zPvSoKFB1k3PM_mtLk43k2SjFcC413rkc,Matt Carey,https://play-lh.googleusercontent.com/a-/AOh14Gh4d3u_H0TKbXfKRByxvXpxk1UqeOwwZpc9VWjBDQ,Cant get past checking licence screen. Have cleared cache etc. Emailed support team and no response.  Edit: Updated rating. Game working after support touched base and added the table to the main Zen Pinball. Anyone having issues with previous purchase should review and lodge a support request.,4,2,1.0.3,2017-11-02 03:13:07,"Hey Matt,
thanks for the review!
I'm looking for your mail in my inbox but I can't find it. Can you please write again to support@zenstudios.com and I can help you out asap!
Have a nice day!",2017-10-30 03:48:34
gp:AOqpTOHTmO-F2IMjHt4VEDoMOH4CKP8kvEtL2Pxf9F8L_qMoOR6H2TnD-Ad1yyQgdJVTC_0Ajf-cmnxTPXc,DC SUPER VILLIAN,https://play-lh.googleusercontent.com/a-/AOh14GgCfKn1UM-UAXEPMdTV-7DTgNKuyJF3uxU1NPky1Q,It's cool,5,0,1.0.3,2017-10-26 06:42:23,,
gp:AOqpTOFAOhl2ecKLG5tWc8uAemgVAiZFiJHT9WOpjp1-LOWK8lfoCcQ16Wc0XlWMQ7emGPQc8vSRWqMOBZs,Bangkok BKK,https://play-lh.googleusercontent.com/a-/AOh14GiFmDGRMoE21jefE7GXmi5KNnb--eyeE5CP3UGBD28,"I.can't get past the license check screen. You can't give me a refund. Please just fix it.  I sent you a message and you replied with this ""Hey,  Please download the Zen Pinball app and we can give you the portal table! Sorry for the inconvenience! Have a nice day!""  I did as stated and the still cannot get my past purchased and  informed you of such on 9 October. You never replied. I cannot get past your license check on any of my purchases. You have not replied to that email. I now demand a refund on all my previous purchases and in-app purchases. I have never had to go through a second license check on any other app purchased and downloaded through the play store. You need to take a serious look at your support. What are you afraid of with forcing legitimate purchasers to go through your licensed checks?",1,15,1.0.3,2017-10-25 00:30:26,"Hey,
so sorry about this situation, I refunded your previous purchases. Can you please check out your email inbox? I also wrote you a mail where you can find another compensation because of this issue. 
Thank you in advance!",2017-10-25 04:59:31
gp:AOqpTOHevR5i_zyXcwEdAUX8qTHbHKWvQHBzoMB9aqe2l_Yf2J2pSlOrNHdNXfDDhig4CJzogyeF89JvzHQ,A Google user,https://play-lh.googleusercontent.com/EGemoI2NTXmTsBVtJqk8jxF9rh8ApRWfsIMQSt2uE4OcpQqbFu7f7NbTK05lx80nuSijCz7sc3a277R67g,This played good and now for some reason I can't past some game license thing. Fix it or refund me. WFT is wrong with you guys. Will not purchase anymore of your games.,1,14,1.0.3,2017-10-14 17:07:45,"Hey,
Can you please write a message to support@zenstudios.com, so we can help you out? Thanks for the feedback!

Have a nice day!",2017-10-30 03:45:32
gp:AOqpTOEerSxSgzVrmwBw07Z3o1V14OkJ-tGgVXclf2fINAE5b79yERMfni04tkXtXLqxTx4REmoESt91ETg,Adam Fryman,https://play-lh.googleusercontent.com/a-/AOh14GjGi208I3KfBbFU38tJEKhTeCPlmOuCeQwlkd-lag,Unable to get past checking licenses so refunded,1,2,1.0.3,2017-10-13 01:54:08,"Hey,
Can you please write a message to support@zenstudios.com, so we can help you out? Thanks for the feedback!

Have a nice day!",2017-10-30 03:45:05
gp:AOqpTOEpqTNT0vaDjmCtvSER9FcvvOKXM6INDIXoBT77Fb6_wHu1kBoD9xBhPRAm-5BsSQitLD2frThdEiM,James Swan,https://play-lh.googleusercontent.com/a-/AOh14GhDJVEnzkIburYmmeEHTKpFFEeG68B-lzQOSnzdBA,"Can't play because of the authentication system. It can't verify I bought it, so I can't play it. What a waste. Refund, please",1,2,1.0.3,2017-10-12 14:42:50,"Hey,
Can you please write a message to support@zenstudios.com, so we can help you out? Thanks for the feedback!

Have a nice day!",2017-10-30 03:45:02
gp:AOqpTOHDRgKlfKeCkidNJZtRdajZaV-xgf5cLKqFsKA-39Syrbu64-brEKR2RdxxUNWrn7PHZmNrzqqd0ok,Denny Quach,https://play-lh.googleusercontent.com/a-/AOh14Gis8rcUBCiiqbHf-WiMCi8EFKobdhK1-bspmc23GQ,"Can't play, because I get stuck at the screen ""Checking game license"" like forever.  I even reinstalled the game, and it still gives me that screen. Is there a way to get past that?",1,0,,2017-09-30 10:50:34,"Hey,
Can you please write a message to support@zenstudios.com, so we can help you out! Thanks for the feedback!

Have a nice day!",2017-10-06 02:34:17
gp:AOqpTOGFLyHklMQuZGPj8B2NIDDMEzyodVEX_MexUdti-miAl1uOvj1-_z2GZt3KTsEUiC1X89pBABbbIFk,Big Blu Huski,https://play-lh.googleusercontent.com/a-/AOh14GieHEM5TpFu25Lz2Tlkmwmzg4u_o7_mVjAiSSBPTw,Its awesom! Portal is one of my favorite games in the world!,5,0,1.0.3,2017-09-25 16:03:52,,
gp:AOqpTOHLT2KPoHnxPXK8WiPwIIB2pSVeEElTpgCi-uq7Hd0mDLmTVsj6cpT86dh6RCrMRtagN4rsEHhWHGM,Stone Ilaska Pettit,https://play-lh.googleusercontent.com/a-/AOh14GjqnMDV9m1JGzUBIcrCjl5_84VNLNUaC5RKduBhQw,Amazing graphics,5,0,1.0.3,2017-09-14 13:51:03,,
gp:AOqpTOFw8TOLZwRWWBKKh_oZ5P1xldzOkhMUglK_0nBfu8_uw1Lmld2GutWb7f-dcVF9wK-hx88R9EEbbJ4,Kev In,https://play-lh.googleusercontent.com/a-/AOh14GgEEZKtAcME7TVGch2jcoDscN1GNwN-_bu1DKt9mQ,"If you love Portal, and Pinball this is the game for you",5,0,1.0.3,2017-09-07 14:00:09,,
gp:AOqpTOEOc-UVPVrvgf99HTFXmhTREK5qoSOFufefn6wdtXLbO_c_PcF8dLkxcNnNwTS8EJR3qWKEJUp0z70,Cindy Reyes,https://play-lh.googleusercontent.com/a-/AOh14GjlRdRLcFNRbhM3-9UWlfeLiLHlHQHkS6I6IO3E5g,Zen out did them self again 5 stars for them,5,0,1.0.3,2017-06-23 03:15:57,,
gp:AOqpTOFquf_6nD2KC_D0QYlq7OoEeRC0STERrqXlUjw6RdKcNHU92FZtdf3ToLbLCf1gNQ8ddNHhsbpjAh4,Craig Hall,https://play-lh.googleusercontent.com/-o0ShycCQyco/AAAAAAAAAAI/AAAAAAAAAAA/AMZuucnb0nUchFGlOoxBTJTTAL0ZzoMC-A/photo.jpg,Good game like it.,4,0,1.0.3,2017-06-17 20:06:48,,
gp:AOqpTOH1w6zytwONw3PNQV80-UvRXZJLX-erUGjs9PRumx7Nup-Bwxj-Nz4JqAWxtnH7mKYz0M7E_gFJfSQ,Katie M.,https://play-lh.googleusercontent.com/a-/AOh14GjT1a1zT3GuLs0Ndchqos_JrSsm2AEhtEuBKzVI,Love this game,5,0,1.0.3,2017-04-05 19:22:15,,
gp:AOqpTOGL_OV1z-3uiQ50mud4ngPijx-w_nFNi69fTpVrnS-e76xS-A7OqKPi2tfh-onirG0nXqXa7yFcqMc,A Google user,https://play-lh.googleusercontent.com/EGemoI2NTXmTsBVtJqk8jxF9rh8ApRWfsIMQSt2uE4OcpQqbFu7f7NbTK05lx80nuSijCz7sc3a277R67g,"Great pinball with excellent motive. Only one major flaw: keeps pestering about Facebook integration. Don't have fb account, don't want to see begging for such connection every time game ends.",5,26,1.0.3,2017-03-12 01:48:20,,
gp:AOqpTOEj0Of_ZIrevJcw29YmPTTitfDDT_7duoBkadMuK3M-5TH36dKyFynrX4RnTj-K3cbB7kYlItuhjQw,Nick Manser,https://play-lh.googleusercontent.com/a-/AOh14Gja0Zija-mqhsEG0AN6ZsnLXoZMEG-oBMu_fDzBVw,"Great pinball game no ads no additional fees just play, no passwords or email verification thank God. This is how all games should be pay for the game play the game.",5,0,1.0.3,2017-02-06 00:35:13,,
gp:AOqpTOGhngRGDruLu1YaivvS3XCYkg65gbQlZQWavwPzBMaON0HyK4Pjg6E76Qvx-9MnFUu8T5Dx9-1W6lw,Taurayi Chipamaunga,https://play-lh.googleusercontent.com/a-/AOh14GjWQhRus5gzZQHmukAISzqx_g58SGTEyA8L5a7XQA,Was a bit frustrating to begin with but getting the hang of it now. Very enjoyable.,5,1,1.0.3,2017-02-04 10:22:32,,
gp:AOqpTOG8p1MNUvGhWav0VBEGN-ceepHiE12wYCdt7STbkFvsXDvfdYGlxx-QQb9EWlfyXfKAsP9OYyVa2XU,Ben Bruno,https://play-lh.googleusercontent.com/-S1znvknlAPc/AAAAAAAAAAI/AAAAAAAAAAA/AMZuucmDiw2VnjpDHYp39OY_JqzrvKanNw/photo.jpg,You have to try this it is fun!,5,0,1.0.3,2017-01-24 14:41:53,,
gp:AOqpTOETHhTt51LLbLegkFdNOzxhErac5JbUy47ceryJ0FpUCY169JHFsR2wCm-8PCiIKSrwhmQEKKKeXTw,deomoan YT,https://play-lh.googleusercontent.com/a-/AOh14GiTAV_lS6EflqihiihnDwKN4rKHm1-G9J-IYZ9ovw,Can you add portal story's Mel please its my favorite mod,5,0,1.0.3,2017-01-01 14:07:49,,
gp:AOqpTOHzSZZrcARL8aC4InRpQSM6M9ezr5ZI5sHMWiuuCGFvjKDR54di7bDAWZWv6_560UzIr-GfjoIh4YM,Nikolai Snowtail,https://play-lh.googleusercontent.com/a-/AOh14GicXq_opxqUyGUkicT6iudlfacgHB4ZBdA6SdmYUg,Good pinball.,5,0,1.0.3,2016-12-25 21:06:18,,
gp:AOqpTOGYHBTGor3gYn70ZClmNKy2YW93yTkRXNZujZ6HR3eaj9TwJOvVhks_-EVuXoI9BqQW748WqGgMm1Y,Tim,https://play-lh.googleusercontent.com/a-/AOh14GgZrx0_oIRw8di6Rfyt4w6W12mCvfrNaRkySuh7l2A,"There is so much crammed onto the screen, that it can barely be discerned, even on a phablet. For more balls, they ask you to pay up. I already paid for the app.. tired of this pay-to-play, microtransaction BS! 1 star for you! 😧",1,21,1.0.3,2016-11-20 23:27:06,"Hi Tim, the tokens at the end of the game are completely optional so please do not feel obligated to purchase them unless you wish to continue your game. Apologies for any confusion.",2017-02-06 12:39:12
gp:AOqpTOFKoC5AUHKz55-A0bogb4zDxQJybF8Zvp6etpQlmWecXKxfU4__GwGx6RclYTiLgqYF9QevnjKdyco,pegasusmicro Warren Schaible,https://play-lh.googleusercontent.com/-VXmJps3OOd0/AAAAAAAAAAI/AAAAAAAAAAA/AMZuuclFIUnxCTq3XTPhKFshMPNRieD9wA/photo.jpg,"I am a pinball addict, and this version of the arcade is a lot of fun.",5,1,1.0.3,2016-11-19 17:39:26,,
gp:AOqpTOGyMNuKDMXqfrNGLkxbSjeUu8j-_cxauuDea2iqJ6_Js-eBJidW9XYZJrqMYvckgVx4wd4S9y2mBZw,AcesHighXVII,https://play-lh.googleusercontent.com/a-/AOh14Gipj6ndOJqbMhQ7VO3tVd2gN5T96pPW6hLloPxwfw,Just paid for it and I can't get past the verification. Going to get a refund soon if I can't get a fix or solution to the issue.,2,6,1.0.3,2016-10-30 10:03:53,"Hi there, please try uninstalling the app, then clear all Google Play Store App data (not only the cache), and Google Play Service data in the device's settings. Then reinstall and that should resolve the issue. If you still have trouble, you can reach us at support@zenstudios.com :)",2016-10-31 14:28:37
gp:AOqpTOFOw-4oZw5KzwkqMCeBst08mPY6XZQf1WPIZmeo2QNf4O-8EWup4ACKl-ifIRXY3TOgINzA_R7HcMI,Nawaz Waseem,https://play-lh.googleusercontent.com/-VFvy2ueiHGE/AAAAAAAAAAI/AAAAAAAAAAA/AMZuucm6RNLv-oOvKq6RDfKVxIxNz-PUow/photo.jpg,This game is so rigged it's hilarious. I can tell right away when the ball is about to go about.,2,6,1.0.3,2016-10-16 06:48:32,,
gp:AOqpTOGNLPOgPhg_EhhtWGtuezDWaid-qq_v0MzAcVlN1wwC9H3s4XojGsIinsAydCBkZEfhcPhjz2mOpDQ,Shawn Cupples,https://play-lh.googleusercontent.com/a-/AOh14Ghq0XLzTTy5SrFqrFiWYiJw0a17jsZyx30oAk_jMg,Can't play the game yet due to how it won't verify the game license. Please help I want to play this game.,3,2,1.0.3,2016-10-14 09:55:44,,
gp:AOqpTOHwhWXNNTgBzwKGCQvC_dzdHxz0RvfG6-NHno5Y2yr8H-9nMWf0lt7UFzO-3oEr5SwrKuFE0ScUs0g,przemek filipek,https://play-lh.googleusercontent.com/a-/AOh14GhfkwoNo5rCgm6bA33vuNOq3Ut-apCMgI7OvzXP,"brilliant pinball, nice graphic and sound",5,1,1.0.3,2016-10-07 14:42:09,,
gp:AOqpTOFnMNaLHcJFlo5YcSGFw9VNll8Ox5N-JQd8chtSbSq7TdncQ27VCevxsJ5hJ_n-P_d9abwP5GSLZAI,Jesse's Game Room,https://play-lh.googleusercontent.com/a-/AOh14Gja_SXvMojNHl16HHHoR76Y3FELONHGzWVlGc89mdE,It's portal pinball. That's pretty much it,5,3,1.0.3,2016-10-07 12:57:20,,
gp:AOqpTOFHtK0zMsAc1fMuBj2OM_ZOX0TakHn8wZuxypRxkcwAa9EDbbnfFHJNMAnrDZXtUJJhhymdWSIE-J4,Brandon A,https://play-lh.googleusercontent.com/a-/AOh14GgZPDl_pq1C15pPCdOjJEHBVrR1Rs0-R-1PtCdY6w,So stop asking if I want to spend money on useless coins! Micro transactions destroy games...,3,18,1.0.3,2016-09-28 00:18:53,,
gp:AOqpTOH2th7key7ouOcZmwaxBQvNuzE9ZWdBriWSUvuqAjj1_I4JtKYD-iPEPE6BFKfTWPhVUE0m6XyQb-M,Luke Stevenson,https://play-lh.googleusercontent.com/a-/AOh14Gioospn_j_lKgZ5mONuufky6NmzUryOW2a3BJjY,Get this game now it's a awsome you can go to other levels if you get a high enogh score lines from portal 2,5,2,1.0.3,2016-08-09 16:55:04,,
gp:AOqpTOHLVPeIWqrBelcfemfcLQKNsT17kxFoP9k4lFr1S4b7dvMD_WLEKH28pvKxOq5G9a-M89MT5G1iNbw,F J G,https://play-lh.googleusercontent.com/a-/AOh14Gj99XTEQYM0s2JgE3YaTW6srsUCA68uCKUGyU0SKQM,Loved it,5,0,1.0.3,2016-08-09 13:22:52,,
gp:AOqpTOEhJpFfS6rigwAwUS08ZAkgnqHfzbuda7tGHhNhbO6cImVogipsz6z2DaAxxKfOBUEebGVpqobCPR4,Patsau Shaa,https://play-lh.googleusercontent.com/-MrKwXDehsIE/AAAAAAAAAAI/AAAAAAAAAAA/AMZuucmbo-pB0Zmv2fsyVY37IHe-iu2XOw/photo.jpg,How can you fail at this? It isn't even a test.lol.,5,1,1.0.3,2016-07-22 19:52:42,,
gp:AOqpTOEiY2dx0BPIAN-hiEl8wc78gWb9khc-3hqoBTlY2UIQa8jQS4NXIT_teutBzM-CC4v-37BfClJ-8nw,Adam Powell,https://play-lh.googleusercontent.com/a-/AOh14GibNbzLQiX1ic1ZyGPqarfvU6gZEtvFCVDRsDi0FQ,"When using a controller, the button currently focused has black text and is ever so slightly bigger, but buttons are often different sizes with only two to pick from. It's easy to pick the wrong thing and accidentally use recovery tokens. Make the focused button stand out better please! Black text doesn't look highlighted or focused. Play Games support for leaderboards would be great instead of just Facebook.",4,69,1.0.3,2016-07-08 19:28:54,,
gp:AOqpTOFI4GWVHr9flpWim5_OJQ1PUZri85Lejy2kVDjNMKQhlHsBPrIZTIXX1oY2g1esKQMqzhDscLon2F8,Johnny Blazey,https://play-lh.googleusercontent.com/-k3JNqW9h1Oc/AAAAAAAAAAI/AAAAAAAAAAA/AMZuuclNy2oAiAvyfk5tIIpNHnQhziTUpA/photo.jpg,"Great title overall, not just for a pinball fan but for any fanatic! **DRM exists if he/she constantly switches devices. The program(s) need to validate the end-user first than the device(s). This is common for every program that exists.**",5,12,1.0.3,2016-06-27 22:19:23,,
gp:AOqpTOEzLSC1C2citppkj8ZC5_ZmD7CFsXqc5tp_AlGxznHfDx5Uj8QGcvghsl0PdStiOE_B3c9B6eLlUGE,Brian Morisette,https://play-lh.googleusercontent.com/a-/AOh14GgetNOkh3OR_rvmYZHeuBoJFu6s4w01cwf-kRCi8ts,"Can't play it due to the DRM this game imposes. Reboot, reinstall, clear settings, can't get past connecting to license server screen. Zen offered no help other than a refund, seems they might be aware their DRM is buggy. Issue present on all my devices.",1,34,1.0.3,2016-06-27 12:07:35,"Hi Brian, the license issue should now be fixed but I believe we have already refunded you for the app. Let us know if you still have any issues with this or any of our other apps :)",2016-06-30 13:26:16
gp:AOqpTOG_RIq5-SmU1_CUaERhNN5kVMKSnaEcQFua6zBCv28PD2fCFs9lpBoRobJ7NkXBR6ot0Ecqg8kgYFw,Shrek 866,https://play-lh.googleusercontent.com/a-/AOh14GhedgdmanvTkg-TETFlAjONRgGZUGXxp7ZyfNmLAQ,Best pinball yet,4,4,1.0.3,2016-06-12 01:15:54,,
gp:AOqpTOFz0ITJvzOgEwnpo4E-bKW6tSQpmxR5JmEEvnRMKqYcpDmZ6WBnuU8QIbnJ_O6ZQa-IwDz9FRsZH0M,Matthew Zaragoza,https://play-lh.googleusercontent.com/-qZIHGWGFscc/AAAAAAAAAAI/AAAAAAAAAAA/AMZuuclYhkXzOceVxyCy8OjC6Wa6ePHZxQ/photo.jpg,Could be more tables.,4,7,1.0.3,2016-06-07 22:12:17,,
gp:AOqpTOEh2Gi6Pgu6wpgA1vYNYwfcRZSYecf1AWFCGWvUNJvK7qSv7ibyWxYDPDZlXSVtLRiieEA9d7fuOaE,Fatherdglobe21 Stop Motion,https://play-lh.googleusercontent.com/a-/AOh14GhAwwzxBn7HY543DMb7szI50djLy5WFoTuivpxl0A,Soooooo Cooool!!!!😁😁😁😁,5,0,1.0.2,2016-05-29 06:56:56,,
gp:AOqpTOFvonFAAGxOEH2XnX_gmzWUXUnIuOtF6SiScmG9LeW1uMWF2qG5xcj7JcWGusXbJzf2Wd5DFQNsnbE,Edy Manuel Estrada Barrera,https://play-lh.googleusercontent.com/a-/AOh14GgvgtO2QIkR4QalXNe3xKCeRhstJ6Ja2HgRSKfjew,"""cool fun game app if you are a fan of valves Half -life series this app is fun to carry anywhere or play anywhere. """,5,0,1.0.2,2016-04-25 10:46:56,,
gp:AOqpTOGbzY9PXaSBQqbJf9YH0QTJeX53uSx5mmz1mKS-drr1fSkZRPxQHN8k32oLHOyJVl2DizaBW3968C8,Travis Ferguson,https://play-lh.googleusercontent.com/a-/AOh14Gj8KLWubJEPEpF5_TkM_zfV_qtX4dNOy_PyhiYAt50,Great table theme,5,0,1.0.2,2016-04-06 00:57:02,,
gp:AOqpTOEUu6ukWUBntzpgpzPZtdsz8CnxJsNRIWsNhsbkZyA0IO3jZDelAzTZKYow3XDhrAU_hy_1LbRA_DI,Robin Bowerman,https://play-lh.googleusercontent.com/-jZpJipol2w8/AAAAAAAAAAI/AAAAAAAAAAA/AMZuucn1U-FnjIxY2lYPa6nTM1dtnYn7QA/photo.jpg,It's  a well done game.good job ! Robin,5,0,1.0.2,2016-03-09 10:21:13,,
gp:AOqpTOEyEHiGeW7JcTM55NrAcrvufLs0X3zIFAOjE3s8t3a8eO4B9gC0YUwNT-f5gZcrereGhHxMFcbAbnE,Johnsy 0,https://play-lh.googleusercontent.com/a-/AOh14GgeAp1e6ebLu4THayAYYHo6WpmS_tisHDAsz-oOQ54,Good table. Addictive.,5,0,1.0.2,2016-02-13 00:45:14,,
gp:AOqpTOGZnLJuKtGUZ9_kNihCwItakRK1zQCYyo0jO7T82LoEBYiMbeJ6RnkQkT4jVOlAnXwwA8sp_2n0uaw,Mike Sudela,https://play-lh.googleusercontent.com/-ASdO5b0g6Ng/AAAAAAAAAAI/AAAAAAAAAAA/AMZuucnAQebt0okJZk4rVAOc71Iz2okCXw/photo.jpg,Legit,5,0,1.0.2,2016-02-09 19:51:40,,
gp:AOqpTOEYBxWerimUfeKARVeNJ0DTKKdDJe9tQV2bnfFw3Xx6mBbHny93dFeVxWlRFJyUsOhrjwpOWESF9sA,Noah Sloan,https://play-lh.googleusercontent.com/-M-exzus21go/AAAAAAAAAAI/AAAAAAAAAAA/AMZuucmDbyShEhqebTeiUkH-K5CkenjzYA/photo.jpg,HOW DO YOU LAUNCH THE STINKING BALL!!!!!!!!,5,0,1.0.2,2016-01-25 19:38:50,,
gp:AOqpTOFtaYKgeGGf9THYUSB8KQU9HIib5p_vfAvUBKrBW2fFlrhozvsc7oyzCly3yhF_fLIqfz2dcSb1Ke0,fxmy wang,https://play-lh.googleusercontent.com/a-/AOh14GiB8-KPzKePOhR6SHbCYPh9Md5DkiN6gSJmkPd0,the limited time in test chambers is horrible,1,0,1.0.2,2016-01-11 05:01:48,,
gp:AOqpTOGcnUmGqQpLuRSbTzserVqiCEaGhxkN0np_gZeCsFi7zPmJlZ9cPioJLNq3ZaMybCtpFHcY4-sh8zM,Khaz Husky,https://play-lh.googleusercontent.com/a-/AOh14GgpWfEmbJn-eJJv_760PI7uL-HFoYXUj1idPFkI,"Loved it, plays well and feels great on my tablet",5,0,1.0.2,2015-12-14 16:54:40,,
gp:AOqpTOG-HluIgFHsJr3SVQqE7cmDxEB1kzH3cB-heKRop4qYF29Py2629ecEmiIhoTW9thH9E8OOf5q1LSA,Alan Layman,https://play-lh.googleusercontent.com/-5o_TmFh_qxM/AAAAAAAAAAI/AAAAAAAAAAA/AMZuuckW15TJhtWxZlp-fcbGU3vdusPxxg/photo.jpg,I liked this game very much,5,0,1.0.2,2015-12-12 06:16:02,,
gp:AOqpTOHFLcmI9oBq_uju2r7Kp40czGzA1ZDT4GdyfZmpuzrjHGOgwHpZyJEx1AMfB5xkSxwgFcCv6i6D1Lo,thedumdmedic,https://play-lh.googleusercontent.com/a-/AOh14Gj3Z_BzFVmJgkwPRjYfo3xGEhetH7bTvMTaoFglMA,Lol,5,0,1.0.2,2015-12-03 07:29:58,,
gp:AOqpTOGISS9QlQmKYE1R3Ii6kJENQhw1vLLP6ROfHVxl_2TpbQLdOVX9rd1YiOrMdrxPlPwu8eT5rjBOmxg,BatWeaselPresents,https://play-lh.googleusercontent.com/a-/AOh14GgLA5whqmzJQM8bfJqr3hO8boaCtEpupmqMuzu1LA,For the best pinball experience you're allowance for a lifetime of play. The physics are spot on and nothing is spared for the portal experience. Suggest: Game of Thrones and Dr Who,5,1,1.0.2,2015-11-27 11:47:05,,
gp:AOqpTOHYmET-WBNRO57rHg1YwkGlh4hCDN6JPI4knlC9pYNCDTRBvpFwDASd8LFREUnmB23IGhac-amYTcI,Nenad Krstić,https://play-lh.googleusercontent.com/-BOtsqaVFQF8/AAAAAAAAAAI/AAAAAAAAAJ8/AMZuucluX1blwDfNx3mhqH4jfH_KCIZ8Gg/photo.jpg,"Good game, but is there a way to change controls, especially on nvidia shield controller ????",3,0,1.0.2,2015-11-05 08:07:09,,
gp:AOqpTOH0cPJxYpqmU3fJBvgjXeS2-qU-8XAOLnEm4EpEvNm9mpSf1KGbWhlSS7QigP0kJcQsP6Kaz5d1bB0,Marie Y,https://play-lh.googleusercontent.com/a-/AOh14Gj39a6lj_ElZwWeRc5mHtgw5TTPGLRHLtic5hEb_Q,So cool looks. Great!,5,0,1.0.2,2015-11-04 07:23:24,,
gp:AOqpTOE5CUNVf3pfgn1V_SaAIeeZ8GWzYgiNwdg5RZbbZIeiIyIlq54D_GnBOiVzqHj8nUd3nNRguKQFKjY,Allan Gates,https://play-lh.googleusercontent.com/a-/AOh14GgMZD09TcoTsIPhejK-w7a8uwE5AgfmU8XDzc-J,"Just another ***Winner*** Pinball machine by Zen Studios. I'd So love to play this game, as well as the other Pinball machines You guys have in an actual arcade...I've always loved pinball... This is the Next best thing..Again, we'll worth the investment",5,21,1.0.2,2015-10-30 06:43:48,,
gp:AOqpTOF7eG_DuP7mRX4ri8dAHdXmA8i0HujqW2eWuhpL6muEiXSxfosVXXFNPtq-cSoTmvQUOC7-4idXua4,JESSE ONE,https://play-lh.googleusercontent.com/a-/AOh14GiAsBWs03ehtrEISiP6XhA9yNtzqfhC-zHYD-l72A,UPDATE... 5 Stars for the response... THEY LISTEN =) Nice... but you need more tables and more use of game stuff ON THE MAIN TABLE... sentry guns...  portals...  cubes!,5,1,1.0.2,2015-10-15 14:31:09,"Thanks for the feedback, Jesse :) We have more tables of different themes in our free Zen Pinball app, and the download comes with one of our original tables. Let us know if you have any questions at all, support@zenstudios.com ",2015-10-15 14:29:08
gp:AOqpTOHPW6gFB5_c3IEmdCfPsJ0bLJp5TEZMp966iVgCYQ6ZTi1j8-jOexy6xf5WSJEZ32MxYEmrhkmQ7UY,Landon Walker,https://play-lh.googleusercontent.com/a-/AOh14GjqetnPR1fwrb6-vMaIXT9vPDl_czGxeoYPnDB6vQ,If you win I'll tell you about the time I saw a deer again.,5,0,1.0.2,2015-10-10 19:21:26,,
gp:AOqpTOG2DshRQZUk1U32SbmVmypTzqVNPFYvNLre2Awfa9XLpmqzGm-d8p1FlB7ifF_13v1WaVS7dCYSUDE,dreg font,https://play-lh.googleusercontent.com/a-/AOh14Gix_KyYxo0gYTw_SLV5e-RYWsTCSPD2xDQgQmLN,Wish it would stop asking me about the tokens though ...... once I run out of pin balls thats end game for me,4,18,1.0.2,2015-09-23 21:46:03,,
gp:AOqpTOEu10NPx4Cvu4qo6cOqX74BC9NDxWwloSL5GY5ob6ZKNf9umxrFs9FiuluA17URxo7N6IYCodL71YU,Tealoaf Fresca,https://play-lh.googleusercontent.com/a-/AOh14GivNyMvePh3HkZb-1oFSNngbellhyr-G8ZL6Az2HA,"Really annoying, I turn off data at work and I can't play during lunch. I want a refund.",1,1,1.0.2,2015-09-19 10:51:42,"Hi Teo, after the initial license check, you can play offline. Please let us know if you have trouble, support@zenstudios.com ",2015-09-21 14:19:17
gp:AOqpTOG_LlrLKEtiOXsYNLW0mHaHKamiQp_VJpix-K3E2VC3DBbWd2S_udwm6bPudtjt-kZG2fppfsTxJCI,Amanda Rose,https://play-lh.googleusercontent.com/a-/AOh14GhdRr9sO8IyidySZ-JgkLrMKYx5ZBP3hR8B-VwarQ,"I love this game! I completed Portal on Xbox360 and really enjoyed it, as such I'm enjoying this. Good game, no bugs...nice one",5,2,1.0.2,2015-09-19 10:17:58,,
gp:AOqpTOGEb7WWKqC16VR2CJkLlo1J6tzy1N0lVAS49BdGcdOzBd7ABXLLiFZ7XcuoCKnk5V88bH4egI-zZnw,Chelsea Verhalen,https://play-lh.googleusercontent.com/a-/AOh14GhqTNE_ef3cS2OK1j_r3yiAx_HJ7ZaVXCnVLVqtsg,"Lags at times, enough to make the flippers miss the ball, and the ball moves very fast. Does include a how-to guide which is very helpful, but its hard to fund underneath a bunch if menu options. Still a must for any portal fan.",4,1,1.0.2,2015-09-14 18:53:30,,
gp:AOqpTOGg0fLMdbcYEjDp-SUrVdA98zFQwOBCOZLXFiMIfIRxH9SFkbrVgqT0CoDv-brFbQ8y46OuyCF1Nb4,ALT,https://play-lh.googleusercontent.com/a-/AOh14GiiozVh-7oD4m_dDBpJjFXoIXH11WoWeyJQgBII3HY,Im glade they made more portal stuff  this made me like pinball and i cant stop playing it,5,1,1.0.2,2015-09-12 19:21:19,,
gp:AOqpTOHsJC1vYShZVpia3ESIhHodpBa4BW3qlG8e-gmEk8FVVUqz8tJdSlylYHIAN4ErTQpGn-r8loN0UIg,Antonio Solorio,https://play-lh.googleusercontent.com/a-/AOh14GjCZv7wZcySXk2tJ3fp4r3priJMwapvIsjyH-_j,"This game is awesome, the minigames are fun and it looks amazing on my Nvidia Shield. If you like Portal your going to love this game!",4,1,1.0.2,2015-09-09 15:07:29,,
gp:AOqpTOElQP3-rIjMQtW32wawF3sX7fe73JgKFtltTmLbL9BKeFOaotXSJGwlTtDK-WLgeibpKiB6z1h9I-k,Pocket Gamer56,https://play-lh.googleusercontent.com/-HSZtqJpRAzA/AAAAAAAAAAI/AAAAAAAAAAA/AMZuucmIKBdtmJIk4VCapzZm9zmGY5QzNw/photo.jpg,This is the most entertaining thing scence pinball on your calculator(ti 84+) and if ur reading this dont miss out in this extremeley addicting and fun portal themed pinball machine,5,0,1.0.2,2015-09-08 16:44:55,,
gp:AOqpTOEQiak0qjJ1SwZ78fiSwyuxNMTU2TuZAL5NHrUZUDfdCeie0fWuT7a1zpSFxAa9bBG1aUg9k1x0YYc,MrT Mojo,https://play-lh.googleusercontent.com/a-/AOh14Gjvw-P_axFUYdjCkT8SkuQRDIgvqamtXl8SKcM_9A,It still has ingame purchasing even thought you bought it. Poor show.,3,6,1.0.2,2015-08-26 15:26:57,,
gp:AOqpTOGI7q13ZTMO5RBk7eKxvuxPxcDqsPZXqY2B7vnf1f-zycc6ofoj3z1JEI6SHJxdmCTf5A3B3g1b_bI,jayszandor,https://play-lh.googleusercontent.com/a-/AOh14Gimaw3kregn7h8Xh-vQ3M0EdxQz0ZJGlMQVeqzKzA,Best pinball game I ever played! Love portal. Love pinball.  Best of both worlds.,5,1,1.0.2,2015-08-23 13:33:38,,
gp:AOqpTOFAIwtf5TNXvxkumCnc8JZG8qJbUE4i_pGVgsJM1sHhrHlptRh26PlwR6ANT9MO1HUYNWoJtbtxUxU,Amtrak Acela Productions,https://play-lh.googleusercontent.com/a-/AOh14GgyL9Y3ujld5_doZdT_MwNdO70XoZw-DvcHXDRkhQ,Such a awesome game turned into a pinball machine,5,0,1.0.2,2015-08-18 18:39:23,,
gp:AOqpTOGR1MpsNitCbTzBVOobyv_giI3vzRU1QQY-O8HxVId4JPGwutX63M5fA52lIAevZzryBfQpnWm9c8Y,Bryan Cutshall,https://play-lh.googleusercontent.com/-XVXx0Pj5DIw/AAAAAAAAAAI/AAAAAAAAAAA/AMZuucnbNdv09nv6tnhrTx_OEYGOmAXzmQ/photo.jpg,Brilliant pinball table! Now if only I could play pinball better...,5,0,1.0.2,2015-08-17 08:10:30,,
gp:AOqpTOFi8OLGsZaOgidLXmwzycsssPPArqVZ7AI8qZMC9sdA0--YzqGKKnbLpzqBda3gCop94UgvTd0BepY,Jackson Welker,https://play-lh.googleusercontent.com/-kVrRNBMmsMA/AAAAAAAAAAI/AAAAAAAAvFw/AMZuucmhaG3itqmHiCcQbaUIDjd5w3tmYg/photo.jpg,Good pinball.,5,0,1.0.2,2015-08-16 14:41:16,,
gp:AOqpTOGsTXSBN2v_9mwj9FuEJgwrmit5tK-Sv5Jy0SEz_tapMEBelhfALvOP2NUyNThoRB_WnNJV9fgHatw,Luis Ramirez,https://play-lh.googleusercontent.com/a-/AOh14Ggvbq2P84X0zgVGVONM8p5u7PQ7QgcpDnxMjTCc,Especially if you have a shield tv or play on a tv. Zen pinball is just so much better and the original makers of the table. So lame I fell for this.,1,0,1.0.2,2015-08-15 00:51:40,"Hi Luis, the Zen Pinball version of this table is identical to this version, we made both :) Let us know if you have any questions, support@zenstudios.com ",2015-08-24 15:13:35
gp:AOqpTOHKcpDIv5CYukojDycNZZnKnOf0dvLMi-uxrs_GJdMN_K-JeeSc-Sc3dIPQL3HitMAS1u-qh51hjDY,Giovanni Asaro,https://play-lh.googleusercontent.com/a-/AOh14Giwd9B3_tnR5vXpJiGKkEK1z2xTewlIQjJ-aJRlGw,Really fun,5,0,1.0.2,2015-08-08 07:07:09,,
gp:AOqpTOF4rAb3NIcN1nqdMDrycvQRY4OHH9CXioNbHQ4AWlXRqAEbw0M6O9q8lw0VFkNs3n859X4-6JjtorI,Eye Gee,https://play-lh.googleusercontent.com/a-/AOh14GhsuFJgc_PHvAuWwJfc3WsuYSOS4qoppbKOa_vUVGA,But please remove the Facebook nag after every game!,4,2,1.0.2,2015-08-08 00:19:33,,
gp:AOqpTOE-s_G6STKcCV0mksH_4Qgf8sebtXdXFEM7MdLf0JglRMk921DGIEoAxhxXJJ0zcWdYS7j6MPG7FBE,Fatalis,https://play-lh.googleusercontent.com/a-/AOh14GjfYuXxCts-5TVL1mxxgxLQmqMR4GiPuK1q7-HkBw,I wanna be like turret when i grow up.,5,0,1.0.2,2015-08-05 23:17:00,,
gp:AOqpTOGdZ8pW7Z7V7zU7vDkShUGPGeZVyVTjU1G_wiOV-Q_HeenOMjScMA50wIIzNFDquuBRSJNNa0jxs4o,Isaac Barrenger,https://play-lh.googleusercontent.com/-s_qRphww8pg/AAAAAAAAAAI/AAAAAAAAAAA/AMZuuclyjGyv-of9qNtza6fbRHe_bGAUxQ/photo.jpg,This is portal and pinball,5,0,1.0.2,2015-08-05 00:30:28,,
gp:AOqpTOFAnJm24uLVOsAAiRT2bQetfkiEJZdYopwP2SExYVqxajwqtXUcEHxStk9EZK450IFiRX-AhLmGbLI,A Google user,https://play-lh.googleusercontent.com/EGemoI2NTXmTsBVtJqk8jxF9rh8ApRWfsIMQSt2uE4OcpQqbFu7f7NbTK05lx80nuSijCz7sc3a277R67g,I've been a Pinball Wizard long before Video Games and this Pinball Game is Freaking Cool!!!,5,1,1.0.2,2015-07-30 00:33:35,,
gp:AOqpTOHIhF3xhzVgE-Q9WxJeLWxqfdc9_sejSQc4vakGSeeQD1BH0VaVEydSDNtfo6psHr1ORDMv91NpgNQ,A Google user,https://play-lh.googleusercontent.com/EGemoI2NTXmTsBVtJqk8jxF9rh8ApRWfsIMQSt2uE4OcpQqbFu7f7NbTK05lx80nuSijCz7sc3a277R67g,Great action and lots of secrets. Difficult to master.,5,0,1.0.2,2015-07-26 22:19:55,,
gp:AOqpTOHyJr3GdulqIop8f2N-fICEPQolJIRW_YGZe7viWU18BvBMy4wVa5FKSJ83crR-yUqMyQz_sa-bMXQ,Kevin Vien,https://play-lh.googleusercontent.com/a-/AOh14Gj7-IjYQOxnHyh5Mjie196oEDqCMC5O1o1o8u5ApQ,"Only started playing. Has all the characters I love in the portal series. The pinball layout is not evident, and will take some time getting used to. That's my only gripe.",4,2,1.0.2,2015-07-24 20:03:53,,
gp:AOqpTOGdXziYp_1uFmbC917Ahg4N-4RkYsgtpTYLzPvoA-jvSy3c6SfUGXJsQ5x6SAVe29fXxt6WCjygJsM,Matthew Butcher,https://play-lh.googleusercontent.com/a-/AOh14GjC9D8RTNYgqGoBXA6_w1eg77YdqO67LJ92RPxqeA,"It's good, but I don't know how to get more tokens!",4,0,1.0.2,2015-07-24 08:40:41,,
gp:AOqpTOHKXyEZYJedFf76MfnM6OPItvvPJ2JXuLYQmvYOfDAAuuxNHR7Im7OOm5Fhi8XPbJ9EtJ76r-JI_1Y,dylan newell,https://play-lh.googleusercontent.com/-3a928FVwkU0/AAAAAAAAAAI/AAAAAAAAAAA/AMZuucm1SrKQfw6BXkIMdvIcNDJIVp_8Ig/photo.jpg,i cant get the game working can i have help,1,0,1.0.2,2015-07-19 01:57:26,"Hi Dylan, let us know what we can do to help, support@zenstudios.com ",2015-07-24 10:38:43
gp:AOqpTOGDc_MTGx9hJNOcdclUHPblQaBa1M14IihwkVuigh0yJLXl7yRUYaft1kwRFJ9EZ-MqWxeBJW8g1iw,Archit K,https://play-lh.googleusercontent.com/a-/AOh14Gg-9dfv9vZVH_dy8dA-wmcyAboaNbHx6Q1LjsvWLA,Game stuck on checking license screen even though I purchased the game. Refunded now.,1,1,,2015-07-19 00:44:34,,
gp:AOqpTOFVGa4YoxDc_oMLwfa3XXQoM9OCtjmPzMTIWwKMQkuK3aWpjpdGZC024SAnfwSlDt7GdCHBlMWUuEY,Jason Miguel,https://play-lh.googleusercontent.com/-EXNzJqaXXGE/AAAAAAAAAAI/AAAAAAAAAAA/AMZuucl11p4ISvfxXE5QB1Q1bPtBK-XhRg/photo.jpg,I finally got this game to work and it's actually really enjoyable.,5,0,1.0.2,2015-07-17 11:04:00,,
gp:AOqpTOFoTecdr6AwpY2Rho9bIBhpaeVe7PkspTgd2fzC57c-dqu9mdsOtJYGEEUpwXB7rUgtM0HGTCV2iDw,A Google user,https://play-lh.googleusercontent.com/EGemoI2NTXmTsBVtJqk8jxF9rh8ApRWfsIMQSt2uE4OcpQqbFu7f7NbTK05lx80nuSijCz7sc3a277R67g,May I have a refund please thanx,1,0,1.0.2,2015-07-09 16:11:26,"Hi Max, you will need to request a refund through our support address and please include the email address for the account used to purchase the table. support@zenstudios.com ",2015-07-13 17:28:44
gp:AOqpTOH2YIQJjy2fa3OR4L4elHgtudkpiWIPWt7m1VyxL-fbhukXxL_FxaK2AKaQ3IGA2Jnsp-ExCgnf3AA,A Google user,https://play-lh.googleusercontent.com/EGemoI2NTXmTsBVtJqk8jxF9rh8ApRWfsIMQSt2uE4OcpQqbFu7f7NbTK05lx80nuSijCz7sc3a277R67g,I don't love how the app pushes you to purchase more tries AFTER you paid for the game. Also the link to facebook keeps showing up. Pretty lame stuff in a good game.,3,24,1.0.2,2015-07-09 07:28:41,,
gp:AOqpTOHYaSs5Uz4kqLGT-GNedQU3hjAyqeccxMoxgnYefQnsQn_CpOpYeHvtG1cT6I4VGqb8bQMrRR99ezw,David Friedman,https://play-lh.googleusercontent.com/-WtrU0NI6xUM/AAAAAAAAAAI/AAAAAAAAAro/AMZuuclGJlNfAyTZPI8ucDptSIPjLMUY5g/photo.jpg,And pretty good portal too,5,0,1.0.2,2015-07-09 07:15:05,,
gp:AOqpTOHZJAHzSVIKc3Bpk4dKOxwRsPP1Pfm7Cgk07Wh3dV-VdFlUGjf4fuaWMSzBXIPJPgQSMIRwgE_PCPc,Antonio Navarro,https://play-lh.googleusercontent.com/-2P1FGb6H-Co/AAAAAAAAAAI/AAAAAAAAAAA/AMZuuckWQ_-XeilXtIuLSXX9yv3lwWxBrQ/photo.jpg,Awesome,5,0,1.0.2,2015-07-07 23:00:10,,
gp:AOqpTOG4DRWza1U68SYbX-iVbL6L3ZnJwPatDW_EXzhoHOprjdeH28fo8wg1MqP_kakbZmVIeGINDZSty3U,Seth Bryant,https://play-lh.googleusercontent.com/a-/AOh14Gjad1JYltJtzuWDxhaVAwVFMEHkCqy-pvHG8WJS_w,Love it,3,0,1.0.2,2015-07-07 15:56:33,,
gp:AOqpTOGaLwJf3Z4IQemHQULbCeVwtsMN2TvvD-CdRygY52Wdz1JgTaBktbWo8XquxTeG7rPc2FLlPR_f3dg,A Google user,https://play-lh.googleusercontent.com/EGemoI2NTXmTsBVtJqk8jxF9rh8ApRWfsIMQSt2uE4OcpQqbFu7f7NbTK05lx80nuSijCz7sc3a277R67g,I don't give a pinball game permission to know who I am on Google. This is crazy!!!,1,0,,2015-07-06 06:02:27,"Hi Andrew, the use of Google Plus is totally optional, and only used so that you can add friends to compete with if you choose. Email us, support@zenstudios.com and we'll be happy to answer any questions you may have.
",2015-07-06 16:29:20
gp:AOqpTOFn2Pgj5Y3BDhnQT4gX2qQ9AbgfbSYFER1aNJD-K5RLH2iA6LbAc1J1lCU4VA7I8QmAWqFnoRpopo4,Michael Rák,https://play-lh.googleusercontent.com/a-/AOh14GjiSeiiG8LTl349Sm9kBimiJZS1r61xms5x6mmMMZ0,Sad and disappointing.,1,0,,2015-07-05 13:16:04,"Hi Michael, faying for tokens to continue the game is completely optional. You can complete a full game without paying extra. Let us know if you have any questions, support@zenstudios.com
",2015-07-06 16:28:57
gp:AOqpTOHiMMIRpLJoxQ9CkKAHbdbzDwndLCviflzeI1zhHEbxhM0UgTAMO3-5DtsyDVa_WU9Q9rkjLuiKxxQ,João Rei Lobo,https://play-lh.googleusercontent.com/a-/AOh14GjtFKBhkdCaDJpMp9lIEkCW_0GEVj-zRKRwwA7ujQ,The game is amazing... It just works now... It's so cool to just have and enjoy &lt;3,5,0,1.0.2,2015-07-05 06:32:29,"Hi Joao, please email us and we'll be happy to help out :) support@zenstudios.com",2015-06-30 13:03:45
gp:AOqpTOFCLNgTyr8jA1ga_yvj4XFPx_YtNuIfjlvtontbu3jMygn3msgwjxJmiBGdberSxdRHljfnyNjO08o,A Google user,https://play-lh.googleusercontent.com/EGemoI2NTXmTsBVtJqk8jxF9rh8ApRWfsIMQSt2uE4OcpQqbFu7f7NbTK05lx80nuSijCz7sc3a277R67g,Slowly liking it,4,0,1.0.2,2015-07-04 09:58:55,,
gp:AOqpTOE38Zk_8E2MkTF7FlmLyW7VG-SptIjTGzw57DqL1fY1JepYGlbogapM6r303USIaRCiKg17HE2oSwE,Jack Buxton,https://play-lh.googleusercontent.com/a-/AOh14Gj-ibaA2DL8-Ll0b5r94TjXd2ao7TPWDibJ_AL6,Valve wouldnt want to release anything with a 3 in it now would they. BASTARDS!,5,0,1.0.2,2015-07-04 01:18:33,,
gp:AOqpTOF3CZqRhZ4qHsyTuoStC72VUVUPp2esIVoGsqSRl0cK1oqz-VOHLGQWf7E5z0rvKSkLu8GBAtV3X0I,André Mora,https://play-lh.googleusercontent.com/a-/AOh14GgjGETGYoHlQJVuJCLJNaK2Lh0W6O8W_vF0DQzN,Love it but will we be getting more tables. -Pinball wizard.,5,0,1.0.2,2015-07-03 22:10:24,,
gp:AOqpTOHx66LPBh5PfSjvFJmSP73hKRI5ItTw7D0MuRJmqCCnUOpwHKhDt2g5oK-vF0AsTUCDot4vK4m56Uk,Andreas Poletti,https://play-lh.googleusercontent.com/a-/AOh14GjoJNjET2cWvNKSEAPLQR7QUOxdje9-yHrrE2_l3ZE,Combining pinball&portal is the best thing that could ever happen. Good job,5,0,1.0.2,2015-07-03 16:30:28,,
gp:AOqpTOGqtLzqQ0z3vP9T0M_EAwUJmbREw36TguYXc_I0MvzBdGUZWA2AtKpCPJCic4PPC7eak47e1JkJVwg,Greg Lauver,https://play-lh.googleusercontent.com/a-/AOh14GiHFcv8k5zcpsoXnmZFlcAtIaWDRiRTVDa9OZc1baQ,"If you're a fan of both Portal and Pinball, just buy this app. It's great. The details are awesome, there's lots of sounds, quotes, and graphics from both Portal and Portal 2, and it's generally a very well done game. If the app used Immersive Mode to hide on-screen buttons and use the full screen, this would be 5 stars.",4,5,1.0.2,2015-07-02 10:04:58,,
gp:AOqpTOFI1rD8KLIclnPz5KZzegP0zLOi6ZNTg1wrTQV2CypbuLXbR2Mf2CBsIrxSC2tKxAUMO2bzsxq785k,bl0ckbrick Gronlund,https://play-lh.googleusercontent.com/a-/AOh14Gjh5vJH-lmu-M7wUyWAFokPpwYu0i6vAE8FJOhVgw,I cant even luanch the ball please tell me how to luanch the ball,1,1,1.0.2,2015-06-29 19:35:16,,
gp:AOqpTOHNQQIjAfbYj1Dw27ZJmgMYgkiNPqtoOk0WbRSecGJSGmstZuwDgbr7HU5dTosM-uAsiCn74iC9OJ0,Reece Flatt,https://play-lh.googleusercontent.com/-Uroqs5uyWgI/AAAAAAAAAAI/AAAAAAAAAAA/AMZuuck3rGd7BNoRL2scEAz1uqzP8YBnUA/photo.jpg,A really enjoyable game for portal fans and pinball fanatics alike.,5,0,1.0.2,2015-06-29 14:31:35,,
gp:AOqpTOHAacB2hlcbr2XGtsSzw5tNfsQviSrWlJWusSLlFG0oyoJHNQcFsvSDR4ShNrurigDC48vQkrBe8l0,Youglemyvideos v.s,https://play-lh.googleusercontent.com/a-/AOh14GhWzw_XPTy-gZUS2diLHd7MzOX4c-QQH-uOdrbu9w,Its worth you're money really has that portal feel to it better on a phone hope its only a 1$ in the future and offline mode,4,1,1.0.2,2015-06-27 15:16:30,,
gp:AOqpTOEEFQpn6kaRfSnpTSs3oHU6Kj2bWCRHCFjO_qzL7WLWejlLNlO1qRzQkgdyWemzJi2nI4HTfwACMDc,Michael Hawk,https://play-lh.googleusercontent.com/a-/AOh14Ggmc5qhGS8cWNFuRx0wNvuxY4KjKrJ3kKgsjAQF,"Great game, nice side missions, love sarcastic GlaDOS",5,1,1.0.2,2015-06-27 12:47:56,,
gp:AOqpTOGcs2NXc0Qp3GnmJ5Ppg8uBbLdUbGAWoCJlCBSrsxj3VHQFAZoc2g5Y1mvta6PVRFTcskYz1VKZUYo,Jordan Wyman,https://play-lh.googleusercontent.com/a-/AOh14Gggew82-JQb6y3xFvVqPJX3Vdi_YsrzXAdCtuVN8A,I cannot see the side of the table unless I run my phone to landscape. But that makes the actual table so small I can barely see the ball. And the ball keeps going straight down the middle or down the sides. Great game otherwise!,4,5,1.0.2,2015-06-27 08:13:53,,
gp:AOqpTOFd-_VY9HiGuJKrKgqfabNQjU4KXIkBHT7an6yP7Vub-u_ToASA7QMV1Yaljbf0TUXD3OTZnMOsGw0,Kjartan Abel,https://play-lh.googleusercontent.com/a-/AOh14GhFJfFCUMyosQFq2n31Zs5-20riFi8-DZE01E0At10,Not available in offline mode. Need access to my Google account.,1,1,1.0.2,2015-06-27 03:01:18,"Hi Kjartan, you can play offline once it does a license check :) Let us know if you have questions, support@zenstudios.com",2015-06-30 13:03:21
gp:AOqpTOG6IHVPkpJcXafkjpB6ZZkGxiw0A5sYSEDJkORjtBKKf74AyHuDHD43ATtUMsk2GMWAyXE7-kbEUFU,Alexander Saltmarsh,https://play-lh.googleusercontent.com/a-/AOh14GjAkGPSpCHWajc-JEfZ4xgs4Bxj_I6IkZ1EgAp-Og,I haven't found anything wrong with this game! It's worth $2.50 but one thing why doesn't my phone vibrate every time I hit the ball? Is it supposed too ? Other than that its a Great game!!!,4,1,1.0.2,2015-06-25 15:25:18,,
gp:AOqpTOFxf5fEz3-A159hI8h7tix4XiT0Qri3O6vx3H44U6LyeE6tGdkNzeRB5ZOOuJvf7oGIG57ALOBQvvU,Not Wowee,https://play-lh.googleusercontent.com/a-/AOh14Gge7e_EC_9wmQtsw25TUsqD47JQFua7Ou3XJjCsWQ,"Really creative with elements from the portal franchise, and lives up to other  Zen games. great job!",4,1,1.0.2,2015-06-25 12:29:05,,
gp:AOqpTOEU-BdIo5kh8yvWglwsw-mAar2TiZA3aIz6rsbaENKMpOOtbBC24xMfEt-WxuKMDO6vtxc6wKpH_Ng,Adam Lyons,https://play-lh.googleusercontent.com/a-/AOh14GhXslASoVpGi7NAhFouAZ6mqQJn3i-pmatN9YpwOg,but they could have done something better than pinball to follow the first two perfect games.,3,0,1.0.1,2015-06-22 16:29:40,,
gp:AOqpTOERzR7kBQotBJh5WM69HurtO-GU86yp3Aw-EXxX3aV1Ki-F7gB09H8UlWVb4f7kjkqNDUkAQqMHEks,Will Griffith,https://play-lh.googleusercontent.com/a-/AOh14GhqD1gftCIaw8cw1B4CmieKpJqS4gHbNoAqdCYfkg,Good,5,0,1.0.1,2015-06-22 11:40:06,,
gp:AOqpTOG0e7IFkhMZv_a1K6s8MyEyAqNjN3_Qr9af28sAtkaJJytvdVdgOHU59aRpyYWZjAnBrJbSveoJehU,A Google user,https://play-lh.googleusercontent.com/EGemoI2NTXmTsBVtJqk8jxF9rh8ApRWfsIMQSt2uE4OcpQqbFu7f7NbTK05lx80nuSijCz7sc3a277R67g,Unable to verify game license. Shouldn't be necesary for a pinball game. Refund needed.,1,0,1.0.1,2015-06-21 17:59:16,"Hello, this issue has been fixed in an update, let us know if you still have trouble, support@zenstudios.com :)",2015-06-24 13:12:54
gp:AOqpTOHj5Vt6_rt83ch83kR2RLRe532xNvGhPn9KseeM6FeQPdgrq2Tfo8KKRIN3IyMnwmb0CVYxzkfAO_Q,Lydia Myers,https://play-lh.googleusercontent.com/a-/AOh14GgqZ1jPpgXB_fOxP6_990VV_VWBXVb-v5nzbHBIhw,Awesome!,4,0,1.0.1,2015-06-20 11:46:23,,
gp:AOqpTOHQAnpnDStbkkDE-p7j0ibYEDLIB72jBDN4hsgEg3cQ-JGRJ5zTmpvr94bduJ2CdlibNuP7MpTcNjs,David Chaniott,https://play-lh.googleusercontent.com/a-/AOh14GhI1hNh9eda7MD4vvwzsZIQXV3j9FYYEcgBVtUt8Q,"I love this game. I wish that it could go into full screen, and I wish the hit box to use the flippers vs. nudge was better. I lose a lot of balls because of these two issues.",3,0,1.0.1,2015-06-19 14:45:05,,
gp:AOqpTOGeTnMIbZ3fPqMfermccjFYNrzm02kpbxAAm0StasOsCxw_3mVuR860p_FP6qp_quLidaIYMagQBtw,Ashraf Al Bakry,https://play-lh.googleusercontent.com/a-/AOh14GgodcLbxa2ho6_L57b99CQbfPGUKhM86fH2sRpcNQ,"But for the life of me I can't figure out how nudging the table works (gyroscope or touch control). Pls add proper explanation in the Help section. Also, I want a detailed description of what must exactly be done to solve each challenge. Video tutorial will go a long way",4,1,1.0.1,2015-06-19 13:49:27,,
gp:AOqpTOGzxU0eQNE-EQQw2mzPmMMvV1UUfFP38rcEk4BsY-DslFB8LCwDKWhdzHdFIw7vcVK50DZcuRna4vc,Alex Crider,https://play-lh.googleusercontent.com/a-/AOh14GgOe-Xd2OuAtE6HTZnoP1rLR8DU1-sW09uTJOxz,Really wanted to play. Love zen pinball and knew exactly what I was purchasing... Game sat on a screen that said checking game license for upwards of 15 minutes before I gave up and got a refund. Broken. At least for me it was...,1,1,,2015-06-18 19:48:56,"Hi Alex, this has been fixed if you are interested in trying again. Let us know if you have any questions at all, support@zenstudios.com ",2015-06-24 13:12:26
gp:AOqpTOE8VtGM2dbFizuqFjh8dFCzzum-gJHlyNCsFtpv_54FwmUDaO52Sq6uQv_nU9PccSUkABdveUGh7YA,Jack Yeager,https://play-lh.googleusercontent.com/-_ZSr7WSG1h8/AAAAAAAAAAI/AAAAAAAAAAA/AMZuucm8fN9DUgnRrPY9niN0-qTtP2qR0A/photo.jpg,As a big fan of pinball and video games alike this game just feels perfect to me,5,0,1.0.1,2015-06-18 05:51:38,,
gp:AOqpTOEMsg247n-NUEePgldnxf3Rxul7khvEtwCg0DflIv374ubZnSuUyHcLHP7sB6zXIgE2e5YwGyv1TwM,Play Station,https://play-lh.googleusercontent.com/-0OvILejLOIU/AAAAAAAAAAI/AAAAAAAAAAA/AMZuuckQ3x_Yj4GbWY1zInN4FJUBgYO2oA/photo.jpg,A must buy !,5,0,1.0.1,2015-06-17 05:49:23,,
gp:AOqpTOG1p4KQDgexWphF3vPqYhzfkGm__rGJpFqWME2fXNilZUbK_X7fzlVQJJoLKlunb9oGneDmI08xfkE,John Cornelius,https://play-lh.googleusercontent.com/a-/AOh14GjFUltEgEeZulDWWKtg4UKSdnUyVXoviZCRPqs5Sg,"The missions are nearly impossible. With little time and a happenstance advantage, it's highly unlikely that a mission will be completed before losing a ball. Wasted effort... I also have a problem with the ball constantly shooting for the outer margins, or going straight down the middle. I would prefer the nudge be disabled. My fingers are long and I prefer to hit the top of the screen and don't want to nudge the table when I want to use the flippers. Maybe it's just me...",3,1,1.0.1,2015-06-17 01:42:06,,
gp:AOqpTOFjpxHPail0aaIIlGrAL12-8fjZV0wKzIFouYyuhdlJ5s8tTQt7_rVLhwkTD3EkC2HXv4PolxvA-qM,Joseph Wellman,https://play-lh.googleusercontent.com/a-/AOh14GhT6waD-pSyiwoZn2QxmvsE3yg6_9WD68g3ZjOpdfw,"Bought it, installed it, can't play it. Every time I try I get an error saying it cant authenticate my device.",1,0,,2015-06-16 18:46:49,"Hi Joseph, we fixed this with an update, let us know if you still can't get the authentication to work, support@zenstudios.com ",2015-06-24 13:11:50
gp:AOqpTOH89UgTb1caQ_5uYluhUSBN8Yvh_2yV2iZMUDYNKbRQEFvisNlzURzFeYSGr3Bov5QHF5p1OvNCQI0,Oliver Green,https://play-lh.googleusercontent.com/a-/AOh14GjZ_DdB3ClqNjdZry8JHyGPS1aRVFzja-nNrWEf3Q,Very good adaptation of the ever so great Portal games.,5,0,1.0.1,2015-06-16 18:27:54,,
gp:AOqpTOFAONe0ZVsK3zXJ6A3tJ7mRk3QeZ4QKokx5kgAAwj1yt9IJHy5-sYqCTlN7QWnRZ8Slg5ylLQSvxMI,Alfie Woodland,https://play-lh.googleusercontent.com/a-/AOh14GgoQdgcQQmY43PIUmHlvYmT4wiK9GDIJVE9p6XAgA,"Seriously authentic feel in terms of the physics and a really well themed table which captures Portal 2 brilliantly, and yet it's incredibly hard to get beyond a couple of test chambers without the need for tokens on account of the ball so often falling directly between the flippers and down the outlanes. I reckon it needs a little more balancing in this respect, but pinball fanatics may disagree. Either way, having a lot of fun. :)",4,1,1.0.1,2015-06-16 06:47:24,,
gp:AOqpTOFTW4-uQKdWUWFbTkbuz99DZSULdf8iMgc-5CR9pXZGoFSN3xH2JnZQi9swrGwjHXgkUL2csueugv8,Dougie van der Beak,https://play-lh.googleusercontent.com/a-/AOh14Gi58m9qzsqj0jUCmFXjdLD-A38sFrrgPoV5ncZmArM,"Really well done, brings in the portal elements nicely.",5,0,1.0.1,2015-06-16 01:53:29,,
gp:AOqpTOGQbeR-GhBWKhTuSEK_X7AIEz0WEPeRtdDq_7pK8wJ9BKtu8YYBXKsUba1dBMSH08xD4117fq6qngM,Ryker Dulaney,https://play-lh.googleusercontent.com/-lOOwJB7PiRE/AAAAAAAAAAI/AAAAAAAAAAA/AMZuuckGxfTZ8qvxssyv4EfyybeFzZfgRg/photo.jpg,Great games. Confusing missions,4,2,1.0.1,2015-06-16 00:26:22,,
gp:AOqpTOHh6B66sMETAqq4kdLIvIDMAxVuQEQqFIYnOGvvtiwiDmyzrFcN06a3_jfINB0q_AtGYP7qpwiTMoc,Liam Granlund,https://play-lh.googleusercontent.com/a-/AOh14GiND-6aHwW8iC5AtFCsB2nQNL1bmAEBAJ0dNYiIUw,"After an initial error connection, something fixed and the game plays smooth as butter! AND I ABSOLUTELY LOVE PLAYING IT",5,0,1.0.1,2015-06-15 20:41:37,"Hi Liam, do you get any error messages? Let us know and we can help you out, support@zenstudios.com ",2015-06-09 13:46:53
gp:AOqpTOEwr00tjHHsgxTN6dE6outGp_pThvs499tKaU59B6mCDY5cGK7wPCnj7MxjMFEueNkHE7jpC8vy3po,Anthony Nintendo,https://play-lh.googleusercontent.com/a-/AOh14Gil8Vy-jGIDdLQwSwCMMDuOrSMYMffiVpGGqz3OzQ,Awesome Port Of Portal To A Pinball Version!,5,0,1.0.1,2015-06-15 18:10:49,,
gp:AOqpTOGuZmEblhVRL7pcqruhuW6KebgNhvBSRMF5qztQv2jDU7rkRqra8iR7sVmFJrJrKSPGvFBINun4bag,Charlie L,https://play-lh.googleusercontent.com/a-/AOh14GihIM901UGyhPSG0E4TZIjpw_ltx1uYRNyh79Np,Hands down the best game of the year.,5,0,1.0.1,2015-06-15 09:26:08,,
gp:AOqpTOG1BmmOzA9uVNVXBDTX76l0qSOuIjZ2qOTzkP7_jJztVXrPlgk2cUiPKkpSNAVh7CVR5cOC9qHhWoY,Display LastFirst,https://play-lh.googleusercontent.com/a-/AOh14GhRXQY-PX0RFpr8O2UGAMpUEdbHXmrEmipU7RqkkQ,Never worked. Refunded.,1,0,,2015-06-14 19:51:08,"Hi Frank, this has been resolved, please let us know if need help or have any questions. Support@zenstudios.com",2015-06-24 13:11:19
gp:AOqpTOFjzT_XeDXJ_vLeCE0wbI5Le3NMJtvteYHVt78UNY14ehZ7TkGyMsjbl0VOPgH9SU4C2LM1QbwXZOI,Richard Larsen,https://play-lh.googleusercontent.com/a-/AOh14GjV2BV-XjU0yYg5cP-xBpFhtTPXL0q4hvTmxmByhQ,veryenjoyable time waster totally worth the two bucks can't wait for it to be updated with more levels,4,0,1.0.1,2015-06-13 10:12:13,,
gp:AOqpTOGkR3d0xn0PySpDGstXuTtQ7qZqR8O5RGs-cMxehc1Gcd-GQ3OhjQrNRkL4JqRU4lZdrncfR8pnKsM,Eddie Shaman,https://play-lh.googleusercontent.com/-sJI9bVaHZsw/AAAAAAAAAAI/AAAAAAAAAAA/AMZuuclc7pHI12GZiBhWcWm5pX7nQd_tTg/photo.jpg,Just can't put it down!!,5,0,1.0.1,2015-06-13 10:08:02,,
gp:AOqpTOH2C8NHCEvGfUqz8Vatvt31ffqUoKlUQDHSz5PI2p9irP5pIdG9qBnDlLWqm7r89YL61eMFOgjwemA,Supertron 200,https://play-lh.googleusercontent.com/a-/AOh14GjytsyPGEe8FQWqBtPsfuceN_2jAWmHoHi0PStFaw,"Pretty good game it's portal and pinball together. Their is only one problem with it though when the ball goes the lane behind the paddles you can't do anything about it,you loose that ball. Please fix this then 5 stars",4,0,1.0.1,2015-06-11 20:57:43,,
gp:AOqpTOEimgd5xp_lr5I3Lvsn8DxDbhYac348LV5ETePS9YHhH8tNeKDRL3wfHWBWjzHRPX92U1dYRYngHxM,Garrett Simpson,https://play-lh.googleusercontent.com/a-/AOh14GihGYols07OVDZ4r0dzOvT_uYSwFQqGYESCtSJbAw,Great game. It gets the essence of Portal.,5,0,1.0.1,2015-06-11 10:28:02,,
gp:AOqpTOEow_ShhURXD4_vVAD97FLccSb2nVeuCT2iFCNZVIcWigaGL4jdpoO41VLPLxqSy9OuzUN_TNkpn-Y,Matt H,https://play-lh.googleusercontent.com/a-/AOh14GhsbxllCqsHndd83khrZDjIZiX1EE5xY0nQVEuV,"Good game. Some parts, mainly the tests, are confusing though. Every time I start a test, I honestly have no idea what I'm meant to do. And the table-guide is more vague than helpful. ""Shoot the flashing lanes indicated"". What flashing lanes? It would be much better if, the first time a test begins, there is a cutscene that actually shows what you need to hit etc., instead of just Gladys saying ""This test involves turrets.""",3,1,1.0.1,2015-06-10 19:24:37,,
gp:AOqpTOHVdZMpg9tyCeftVkcMOsQFJdGugWRpNhFP7efPnkpOQla6H042brnfZymWDrhWajhe-YwKH1FO3io,Charles Culver,https://play-lh.googleusercontent.com/a-/AOh14GjpUkc3ITB-mb1ok7rHJ6ubiZsX_Ve5hPKlskwU2UY,"For starters, the ball moves way too fast.  WAY too fast.  Second, the display in the upper left with messages about the gameplay.. You can't read it because it's small and the ball is moving so fast you can't take your eyes off it.   Another thing, more layouts would be great.  There are only 2.  The first gives a good view of the board but not the ball.  The second gives a better view of the ball but not the whole board.  Anyway,  I like the game but it needs tweaks before I can give it more than 3 stars.",3,0,1.0.1,2015-06-10 13:51:16,,
gp:AOqpTOHJ-g1nBv2Hb0lmz4UaR2c0RsxISaOqUPKBz4L7x6xFok4G2GYEd_I2ii0irlAAt2ZPcURmbt-8_Ts,Vicente Uvera,https://play-lh.googleusercontent.com/a-/AOh14GgWs5Mcy39r1WSnD_5XYIaDBnjBgcN7SD7W0WYak-8,Game starts hanging on the verification screen even though I'm connected to wifi,1,0,1.0.1,2015-06-09 19:41:26,"Hi Vicente, this should now be resolved with the most recent patch, let us know if you have any trouble, support@zenstudios.com ",2015-06-24 13:10:34
gp:AOqpTOH9XZsi_V80yKcKGe5Q9eI9pKWQWFmlg-Hou6tfYF984idSul3LR1OHHVzoC_0sRWgvXJYMbxnQESc,Eric Thwaites,https://play-lh.googleusercontent.com/a-/AOh14GjA4aLG8CfknpTAXc8v9X_67GX6Jcxgt_Wb3FVdFA,And this game is a great way to kill time while listening to the satirical banter I've always loved.,5,0,1.0.1,2015-06-09 18:03:02,,
gp:AOqpTOFd6oUQLyy4p7-g0NtpD6HBkqOQ7Al2rWLKGbCezMw9mHsPbM_nuv7JQ73PU344XkUHWS734RurNVc,Mac Christmas,https://play-lh.googleusercontent.com/a-/AOh14Gis8A--ugYZhp-ZX7gN_gz2FGh5_eS4xI3u4VBKig,"Nice, But would like to see more layouts",3,0,1.0.1,2015-06-08 21:36:25,,
gp:AOqpTOFUAqG3NqoYX-vwR-fAeH4usRYqzJKj5fRvFW1PGCKu6LDsGtsVPIjpchf2hsVSs8FPVmvpDbGDg38,Severance 01,https://play-lh.googleusercontent.com/-x5yRsSYl8ec/AAAAAAAAAAI/AAAAAAAAAAA/AMZuucnN4NkKk80veZpIGAvoN6zYRfUZKA/photo.jpg,"Rediculously fun, for a great price.",5,0,1.0.1,2015-06-08 18:30:13,,
gp:AOqpTOEzYWprxlzvWYq2ynnRNHMZuymRHEaIQf_og-bPOP60nfZmlQPT354pm2-3s3Qj3Cxp3jxQLAG5fIA,Garrett Martin,https://play-lh.googleusercontent.com/a-/AOh14GhU_X9cothI3i3TiGFEHdtQjIaD3DgDxK4LU-hHcw,Great fun for all ages.,5,0,1.0.1,2015-06-08 08:19:46,,
gp:AOqpTOGFcoewCDGWnA42ivCekqaUr3XjQVY_01K6XvRSfqzE4T_sDbxdUs9b1kQQ_A0gSWaI7rigyLbXUh4,Lord Turtle,https://play-lh.googleusercontent.com/a-/AOh14Gi3iJMd5j-WLnUabTdgaBclrnsPV1JNxGoPAv1sKA,Had to contact Play support to get refunded. You wasted my time.,2,0,,2015-06-08 03:40:09,"Hi Dakota, we could have helped you out - let us know if you change your mind, support@zenstudios.com :) ",2015-06-08 15:09:23
gp:AOqpTOFDts3m6GCKjxXptFqu8N8kSlguIRWwfCW5iP4Tt3nNW6NBAPwksqmzrzSCwFy1NTXFeGRg_z3oyso,Arnaud,https://play-lh.googleusercontent.com/a-/AOh14GjdUqeScl5_udLi15HS4u69t97M5yv8k0TXut1lvg,"Pretty well made, just expected more than one table for a paid game",4,1,1.0.1,2015-06-07 17:52:50,,
gp:AOqpTOFbeNqTdQ7ry5JYmPwJ1MVBlD2jEp371V-sCMAQ7U6wxGbsQeH-MjmfCSVajinfBEwSWFnoJ05FHbs,Alex Bond,https://play-lh.googleusercontent.com/a-/AOh14GhlGxZJnlEqqU590JtnTYcesL67S5bx-L3Rf8Jxgg,"It's a really fun little game and it's got that same Portal vibe from the games. There are plenty of things do and hit and keep trying at to get millions and millions of points but with just the one table, it falls a bit flat and I feel like more could have been done. Slightly frustrating log in, but fun nonetheless!",4,0,1.0.1,2015-06-07 09:48:35,,
gp:AOqpTOEzXrHMm2nkwf_D0h0S5JsU8jOvVKpWlszkf_Nj2u41j249dohlK7grFkEmee7S4rMzaRwbzzCqnWE,Sean Miller,https://play-lh.googleusercontent.com/-mZBrGfjvf48/AAAAAAAAAAI/AAAAAAAAAAA/AMZuucmJ4p8HkEJAEhuwilxRF37L00nfHQ/photo.jpg,Awesome graphics and lovin the portal theam!,5,0,1.0.1,2015-06-06 22:29:23,,
gp:AOqpTOHU9FgqiTWvKjz7acacI4_-zhaYbQOVrA1wSz9MPQA7fX8mHcaS_XQNShhUlE9JF-ocodWeiKL5ZAI,Anissa Trujillo,https://play-lh.googleusercontent.com/a-/AOh14GiNVJP24ZzfkZcWlWPVvEyEPT_3zyamRiDaS0kQDw,Always been a Portal fan and this is very cool... Runs great too!!,5,0,1.0.1,2015-06-06 20:42:10,,
gp:AOqpTOF0iYoP5a9xbjs6fp2n7SPNhh8Jbgz_A37eMeHySl6w7pHk-JNzoC0CbesdqbLJw9Kly0PQG8UZAeo,Mike Norton,https://play-lh.googleusercontent.com/a-/AOh14GjI4oKWXJDzgqRKSikpUWK-GFlk9M2EXJxVhncq9UE,Won't authenticate! Not a good sign for a company putting out a valve licensed property.,1,0,1.0.1,2015-06-06 19:33:01,"Hi Mike, this has been fixed in the most recent update, please let us know if you still have any trouble with it, support@zenstudios.com ",2015-06-24 13:10:01
gp:AOqpTOGwCl3GF57vU0LZuQ9cyrrE0GoogkXPiwLq9x0WEjJAl3jTeF5HXvuBMkT8Z3tJDT7ggiY-3oBx3y4,ERROR,https://play-lh.googleusercontent.com/a-/AOh14GgY3YzE4X6-KtXW0Ae6DljBk-NG-qnnWRIzgNQ04g,Because I like Portal! :D,5,0,,2015-06-06 16:06:59,,
gp:AOqpTOHddICxFwN7F_DajlkyK-pvhLrdieadEWXiRj_WwF8axD9H96E6D9dNnKbQKdRKoKZik4OoYgNdl6Q,Lance Torres,https://play-lh.googleusercontent.com/-HgQYG5-OuNE/AAAAAAAAAAI/AAAAAAAAAAA/AMZuucmwat_g7GvW7ABjeNmE9DRnXCOC3w/photo.jpg,Fun little game,5,0,1.0.1,2015-06-06 13:59:02,,
gp:AOqpTOGEC0lOUBSScyEMP2HUfMVYLZfSf6fu-Yc87elQur_URwtUOCCv0qQAPJMGjC85-N_VdCCissFmLjs,Christos Kargas,https://play-lh.googleusercontent.com/a-/AOh14GjsaoScv3lFAO8vmJubjWUu48kfUYC4vbtiVS4KbA,Nice but a bit hard to play on a phone,4,0,1.0.1,2015-06-05 22:57:51,,
gp:AOqpTOEU1DdGgcm5q8yoXk5CmC_jbuCwAhTkO5LFYfCcE3WFAYk_aLUMTR-fp5J7GxESHaBLImxqQfblxiU,Leisa Dawson,https://play-lh.googleusercontent.com/-inFY8GuS8Io/AAAAAAAAAAI/AAAAAAAAAAA/AMZuuckZqIcUWgfYc2dRk9sW9Mqy5scXzA/photo.jpg,This game is so fun!!!!!!! I enjoy playing it. Also because its portal themed.,5,0,1.0.1,2015-06-05 19:46:24,,
gp:AOqpTOF_SccnEf_gY0GbnZ9W6G13W62tUCbqk7A8phyohGdR_1wh5yiiPkHRy6Rhc0N3rK_CJDEs_sqF1fI,Kevin Galligan,https://play-lh.googleusercontent.com/a-/AOh14GhjuH8RHEA1A6hdeMxPp7X7c78UPHAMqsBT8HcMMg,Paid for app. Login doesn't work. Shouldn't need to log in anyway. Too late for refund.,1,1,1.0.1,2015-06-05 10:48:56,"Hi Kevin, this verification issue has been resolved with the most recent patch, please let us know if you still have trouble, support@zenstudios.com ",2015-06-24 13:09:28
gp:AOqpTOGVXkHpLGW_dsmOoxfxacx9sT0yNNFK60FQPf1PA9vnTXif-bvT-D4OiN5dWoeTClXRqMorODkRAl4,Matthew Sansom,https://play-lh.googleusercontent.com/a-/AOh14GhQIydT7hlywHZXenvEJc5aZ9REmMzNL1nrWwwIsQ,It's really fun,5,0,1.0.1,2015-06-05 09:13:54,,
gp:AOqpTOFlvu9fdGbR8GDx4KuOY7qOL1HhBzsejFIiOd2ElTe1b-gK4pCuGSYCVhIcDBsQGO8Nxh9CDECOGec,Ryan Brock,https://play-lh.googleusercontent.com/a-/AOh14GjBkWFv3tEYryZqqON9FB-l2kXByOyLmXdEYAyG5Q,"The UI doesn't seem to be for mobile devices, you can't see the ball well, it moves entirely too fast, and the pauses between ball launches are unbearably long. Lots of potential here, but needs some love to make it shine.",2,8,1.0.1,2015-06-04 18:41:56,"Hi Ryan - if you go into the settings in the app, you can turn on ball trails so the ball is more visible. Thanks for your feedback :D",2015-06-05 11:43:56
gp:AOqpTOHCejDIDxHxX1rd64jyVRoDq0gCpPYIlzm6jUf0PDjgdTSgimHmhmFKxEniY8m0K-PCa-VpdEt-0Zw,derik hetzer,https://play-lh.googleusercontent.com/-OmbhZLJiyWM/AAAAAAAAAAI/AAAAAAAAAAA/AMZuuckx4iE2y870r2bnZ6Mci4O4jx_NbA/photo.jpg,Nailed it,5,0,1.0.1,2015-06-04 16:21:45,,
gp:AOqpTOGysQ3YdFxUMeOZdrkE8HSs-S8hen0xPx-fLOV8EvLwIaWjpUG23bBwGJWJq3VfTiiNYugJ8FG4_Xk,eliezer,https://play-lh.googleusercontent.com/-YYFne9Q44lU/AAAAAAAAAAI/AAAAAAAAABM/AMZuucmcF-TtvJcX-F07DMnaP5CD48I3kA/photo.jpg,Only one table to choose from not quite impressed no lagginess when playing even with apps open.,3,0,1.0.1,2015-06-04 15:30:14,,
gp:AOqpTOHvXHPiDQCDM3MUgbOBD4ynJ25RqO4bZNoFREp-JuxFISZaIsCgnL-fgeqRWWepwvuc6SwNcBnSh-0,Jared Balser,https://play-lh.googleusercontent.com/a-/AOh14GjXSCghgNnU4Q8jq0J5SrcbjLlqkbY9sIJTg2PFeg,"For one, the look and graphics are great. As others have said, it really does capture the atmosphere of Portal. Unfortunately, the change (I think it's a change, haven't played a Zen game in a while as I'm more of a Pinball Arcade guy) to in app purchases of tokens has led the developer to make a less than stellar table. I've only played 3 rounds and I've lost at least 3 balls from flying off the jets down a side gutter. It's sleazy table design that causes you to lose balls without it being your fault...",3,5,1.0.1,2015-06-04 15:29:32,,
gp:AOqpTOFQXgi0pS3XW-hXl23O36cQSwZXWUhpVmn0h3BC7BE3zbvxQOTnHQhy4UDM27IsLu7x4o5u_eLfjVc,Chad Langohr,https://play-lh.googleusercontent.com/-F8w4rBKz6R8/AAAAAAAAAAI/AAAAAAAAAAA/AMZuuckOj2z_3vsnHlDviQsuv61HHSVSvA/photo.jpg,"This is one of the best pinball games on mobile devices. I knew with Zen making it, it was worth the money.",5,0,1.0.1,2015-06-04 14:38:56,,
gp:AOqpTOFQeGT75RXQchd0BMq1DpkFoS_kJmqSvFi__NeKJUK05h-tOLCGcx2xdNmvPx6igbyKT9EJ4Fly05U,Alexander Vargas,https://play-lh.googleusercontent.com/a-/AOh14GiG0bgPGITjieVRMEB-tabYTAT3Avirw0IXCtNYJg,License isn't letting me play so can I get a refund?,1,0,,2015-06-03 19:55:00,"Hi Alexander, this has been fixed in our most recent update, if you still have the app, give it a try and let us know if you have any questions or need help, support@zenstudios.com ",2015-06-24 13:08:42
gp:AOqpTOFcyv8Iu9LoPa7eaEDEnHyZHL3rTy5wYtrOxwwVng9sPiIE4tbEPYCI6the9JyOFOffVtaq1JiA78g,Matt Langreder,https://play-lh.googleusercontent.com/a-/AOh14GiJTKacfAHquamd_m54pHcNIWChf7cRQcrG4wEVIl8,Can't play because license check does not complete.,1,0,,2015-06-03 19:39:50,"Hi Matt, we have resolved this issue with the most recent update, please let us know if you still need help :)  support@zenstudios.com ",2015-06-24 13:07:58
gp:AOqpTOGEWxAcAV7pRx1V7sPzAE_btayRDub51v96O3apTc4dNP8vqzQTyAruDorfOHCwRE-2ORJVCf3vTrI,brenton padgett,https://play-lh.googleusercontent.com/-wa5nbPiEoFk/AAAAAAAAAAI/AAAAAAAAAAA/AMZuuckDw5nt_eOdgPWjIBlJqftKvGtq7A/photo.jpg,Super fun,5,0,1.0.1,2015-06-03 19:15:56,,
gp:AOqpTOFSgDZ26izdOcg__P_Pj3hiL2mYUahsn8EyYfgH0KYZKRKCTnTt8jJTexyNdEEVTvpPS-IaeiqcpoI,Same Old Satellite,https://play-lh.googleusercontent.com/a-/AOh14Gi2Sv7B59LiOQYWUD4i-6GUfTHQXOULLU6qt6ncYSg,Brilliant!,5,0,1.0.1,2015-06-03 14:07:59,,
gp:AOqpTOFwWJo3Tgiak3VsOIyLqBR0CdQcU2GQFAXkgRc6F7QCtNxNmIpZVyFpXCLBLingE5aW_snj9MdsDmQ,Jonathan Renton,https://play-lh.googleusercontent.com/a-/AOh14Gg4ZmUwPrelipjj9KdHHlluBD-0EztBidARBt8K9g,Great work guys! I am really enjoying this game alot thanks to you. Keep up the good work :D,5,1,1.0.1,2015-06-03 10:03:19,,
gp:AOqpTOGQdskiLHE8MdD9fGDOrIBHUYrSuT9TKa-7Kvb4Yjwnxn9IqHqeGXWwl-Fx7pqINXcQaiTbxJwSxsM,Joseph Mueller,https://play-lh.googleusercontent.com/a-/AOh14GhazKoP4LccayXWHJks2-5hNa0YV_UdtE6_Le-MKJY,"Paid for it, no license validation will allow me to play...",1,0,,2015-06-02 19:29:25,"Hi Joseph, we have resolved this issue with the most recent update, please let us know if you still need help :)  support@zenstudios.com. Thanks! ",2015-06-24 13:07:42
gp:AOqpTOGTKlYX7Hx_scYy9V6ZABUY3Pvhi96G8YaAw4HkAjPjNvczHSs-x5KGtMOMTVanPUwOZtSMrgmq-nA,Daniel Entaltsev,https://play-lh.googleusercontent.com/a-/AOh14GiU7e0pBJYuQs18ABLd5AlEg2uVMWfdY5Hk4q9Rg6c,Ways better than pinball. Portal themed pinball. I've played pinball fx portal on the Xbox and wished to take it along any were now I can.,5,2,1.0,2015-06-02 17:27:19,,
gp:AOqpTOFvC02u9Sv9EZ0bcyH2iONTs56H99hKNhPXuWMumDrn6F8ox8FeTUsFFhASfL7BeqWF2LGYFyCdxVQ,Wyatt Hoermann,https://play-lh.googleusercontent.com/a-/AOh14GiIW03kG8KKAQ1ums0203WTpShqo7qYhkZT2WoY-w,Definitely enjoyable if you liked Portal,5,0,1.0,2015-06-02 15:23:33,,
gp:AOqpTOHgMraQj0LwxzmVTwX4rApFR1WHZyy1IoRYV7BaVsDl_e5gmGkxiUh0ZXk-9qbefLKOH2uJw18FCe0,Adam Legault,https://play-lh.googleusercontent.com/a-/AOh14Gha3QybN5VWpket4sJ0WK9crPvpGiG18-dhy5jKxg,Awesome game. :3,5,0,1.0,2015-06-02 11:24:28,,
gp:AOqpTOEoAbKWvHi1cc5MyzTX9UQvFQ-Hl0fP9ggyFm3Cg9kDnCeG9PioJTIi3mzG6m4Rnnfa25iPZLgfmx4,Endre Svensen,https://play-lh.googleusercontent.com/a-/AOh14GjR-rmY5stZQEnAi2IpVxwYPlvmxTQeTOuhs1pRag,"My favourite board since the Blade board, it's really great, but after each game you are asked to pay for a fourth ball, with a really small decline button, feels really cheap. I hope your score isn't eligible for the leader board if you use this option.",4,2,1.0,2015-06-02 09:31:39,,
gp:AOqpTOGk8CVUS96P1ytmQHYgdlfP97JP3UJw5Sx7SnLdaOhNSTHvkBIMWiLPqBUwqHEnH711Au4tC1JiH-c,Matthew Ralston,https://play-lh.googleusercontent.com/a-/AOh14GhtHsGUCIz3BReiJZ7_3pQti8hD9SB9vFVvChgUWJ0,Tried it. Was fun but did not enjoy being prompted for IAP to continue playing the game. Not sure how it affects the total game play but I am not a fan of IAP,3,2,1.0,2015-06-02 08:02:26,,
gp:AOqpTOGqVLKDBqSSIn1wqHOOk3c7AkzbIh9aZNzJGClk6mk8gniDgW2N4QzbpfXDHFU4Rga9aX-EB9cEKBA,Cody Duncan,https://play-lh.googleusercontent.com/-il5gYqdWqQ8/AAAAAAAAAAI/AAAAAAAAAAA/AMZuuclqOGARSbvU4aQwSJIxpiDU7w5FyQ/photo.jpg,I love Portal and I love pinball. This game has all the best of both. I would love to see this in a real life machine.,5,0,1.0,2015-06-01 22:37:44,,
gp:AOqpTOE4CBTa4-xqcbgknr7d9n-mCkKtEMH3RoiNZQzNkovimA8QLIX6l2cPm6DBa1Gpvsl5u07hhW_bP2I,J Hawk,https://play-lh.googleusercontent.com/-6F2-2o77Yig/AAAAAAAAAAI/AAAAAAAAAAA/AMZuucmY0L_6zJNPTy8haeeUVO6h7ZR7pg/photo.jpg,"Awesome work guys. Great animation, visually appealing, and very enjoyable pinball game! Good for people not familiar with Portal, even better for the fans.",5,0,1.0,2015-06-01 21:59:27,,
gp:AOqpTOHcbDK9AsCHgpcy9gQOBimUVdiz0h9q_NBIbuABxSRxwmZel_OpJ6w7Dlk2Q01pSzJtyw_w5KJERp4,Blake Schulz,https://play-lh.googleusercontent.com/a-/AOh14GjxO2ZrvhZzUBuWDat_3Jj8I0aYtLK56rangmf94Q,Real fun! Cant stop playing!,5,0,1.0,2015-06-01 20:23:35,,
gp:AOqpTOE9RrtyV7Y0o90AKSc6mptM1xow1GXysD5vsEv9XcO52u6GT0hA4eYopfHYQXHqMroGzKXoZuZeafc,Brandon Metz,https://play-lh.googleusercontent.com/a-/AOh14GjWpvcGGEIrPyJeqNw4R4YluLdECrreuVGcLOF5fg,Looks fun but after purchase it wont verify that i bought it please help,4,1,,2015-06-01 19:47:33,,
gp:AOqpTOF5xmKdrf4iZhnX0Ll9ioeTBU5cia93IRqzKNtyqn-viTjc-XQLVXJurD5LWeTFRhOhCUJkzFfHWTE,Lolita Dreams / Alice's Ascension,https://play-lh.googleusercontent.com/a-/AOh14Ghb1PaHmazrHjzYoo6kaiTfnVr2CJ2tXx6rJIJNuQ,Love portal and portal 2. Love pinball. This made me very happy! ☺,5,0,,2015-06-01 14:55:21,,
gp:AOqpTOHJqORuHJt9wi-1sTKWZxtsAYF5eG0uIt6XIWjrwzEDVxjA3Ax0ewOfjttdAIqvyBhVqfbeTcmKBP8,shay smith,https://play-lh.googleusercontent.com/-GptTm9QpYKY/AAAAAAAAAAI/AAAAAAAAAAA/AMZuucnozqo-n6uOt_t1SIgb5K2RPmBxZg/photo.jpg,This game is great!,5,0,1.0,2015-06-01 03:47:23,,
gp:AOqpTOFLWhQtslcV0f1mS0JmKy9lS6DxkTA5OipubLtLEIS4lznx6Xv_e36MT3MMa3W7W0mSr_OrB_FWRvA,Do Tech,https://play-lh.googleusercontent.com/a-/AOh14Gjr0fLjfDpyfMNrA7tBiecVjzQb32yg6PrDu-38Zg,"""Can't refund at this time. Try again later."" I want my money back...",1,0,,2015-05-31 22:34:30,"Hi Aron, email us and we'll be happy to help out :) ",2015-06-01 16:08:18
gp:AOqpTOGRI5em13r3Efvk8HTMGc1GNUyY_gWUOQjmPcYWC8rz9ECqQhO9EhEfWn6sKdpV4zPwdm4OykDLOaI,Mark Ingram,https://play-lh.googleusercontent.com/a-/AOh14GgXSQeLQ01FZtwOAo9Lr0idOCjj0CN_zBN_7kcDGoI,As always for a zen pinball table wtg,5,0,1.0,2015-05-31 13:25:49,,
gp:AOqpTOEwmFY0CXvsCA-w-muDAObvKUR7E4dT_5Hncqw0s3GYHI5RA2FWeFNb-B3gKpXXjR7Uo25qwzxaNF8,Gabriel Rheault,https://play-lh.googleusercontent.com/a-/AOh14GgdFYkiMzZrZ98iDxkcM-oHkooXCT7CyWdhudEX0w,"Good game,  shame their's micro transaction in a game that I purchase...",3,3,1.0,2015-05-31 09:37:07,,
gp:AOqpTOGzEkowECfr2koG6HEtWvvaaq-AVdOIJ0H0c3NtRCKmiLU1WdBM7tnxln366NlHNu_N7cfKT0eeL-8,Luis Nido,https://play-lh.googleusercontent.com/a-/AOh14Ggbnq8kn3MxyG2rn_YoMakHFYA4EJTKJNaaOFCNDg,Portal Pinball is one of the best pinball tables I have played in a while. ZEN Studios hit a homerun with this one! Have been playing non stop since it came out!,5,0,1.0,2015-05-30 16:41:14,,
gp:AOqpTOHS2KBrXNqjpJVnAouGP9EoJTQfVANBnuhl3kUYCVuX4C0CykPj7nKIWKaOJHJRucBYEWYZk7u4IB4,Pete F,https://play-lh.googleusercontent.com/a-/AOh14Gh5a8h7eMs2V_QvPuluRrSsCpmUXeW89OL1TZDwYQ,"Great pinball game, good physics and love the portal theme. Was wondering since you guys have the portal license if any plans for a mobile version of portal was in the works. Been a devout gamer since pong and Portal 2 is hands down my all time favorite video game. You actually felt smarter by playing it. Would be a dream come true to have that fun on the go.",5,0,1.0,2015-05-30 14:39:43,,
gp:AOqpTOHtTkzzTuViZJt6K2hPveWTOIFdPgee8-2bD2o5uJSzKBwrT0f4GKnwU8Sc5QP1ny52JcqdrIG01gg,James Skinner,https://play-lh.googleusercontent.com/a-/AOh14GgSE0D6k9KT8l33TSZ5XrX_nPfLyBwgtJFqikhZPA,"I've only played a few minuts (break time at work), and really enjoyed it. The only suggestion I have is, a tip for new users, especially on the first level, how to shoot the ball. I was fairly lost for a few minutes.",5,0,1.0,2015-05-30 08:09:43,,
gp:AOqpTOGboqeaBv-rK6zbLtuns0jehXBMDpkJQhjuHOSxxNRgggwpuRyxTh-NbmMdQUVpAYX9oIMWWz6GomU,Adam G.,https://play-lh.googleusercontent.com/a-/AOh14GjwPmnMBWjV6VMVuS0oRKaYxh1bGj-zwNWRwgzQIw,"Fun game, but unfortunately, even after paying for the game you're going to be pestered to spend money for extra balls when you get a game over. I don't mind IAPs that add levels or optional cosmetic changes, but this is the definition of pay to win. I couldn't get past that. :(",2,7,,2015-05-30 08:09:13,"Hi Adam, the tokens are totally optional - you can still play a full game and post your score without buying tokens. :)",2015-06-01 16:09:04
gp:AOqpTOH8JbtSPkQIo6h2lLzD5xzcVmaC3nWsiTaYQfuoZ505lXckNdQPELzVVDgDChj8CpItlOvXWRlmiKQ,Joao Lopes,https://play-lh.googleusercontent.com/a-/AOh14Gh8W_cdlWPn_FIjz-AGqNTIMiMcQyu-v0pHtyyKSQ,The table is awesome and the game runs smooth but the in app purchases is something that can't get 5 stars from me,4,4,1.0,2015-05-30 02:44:02,,
gp:AOqpTOHSBYyOO0JuQJldCiS8E2SXHYOrfHjVIZS7UsZnuUVecPibQKOM3t9qpPV3c6JXNoaLSEr53Ur6tKg,Clay Chaney,https://play-lh.googleusercontent.com/-j410n7rVdS4/AAAAAAAAAAI/AAAAAAAAAAA/AMZuuckG02IT5jIUCVQmzSLr4OwkftJPxg/photo.jpg,It just makes sense really.   Awesome game awesome graphics awesome sound and great controls,5,0,1.0,2015-05-29 09:51:22,,
gp:AOqpTOE409CxLDh4SXphsOZXJ5EMh1tgs73kdMoghKDb8f0nW_lu4b1ne7OpotG5EfsdGwoJ4iPju83Dm5w,Azhi,https://play-lh.googleusercontent.com/a-/AOh14GgYvERwjYEmOT2rxVmbqFRmVLLLYBpL0a-gGObIw40,It's a great board with a lot of fun references... But I am curious.... Why does this not show up in the zen pinball app if purchased separately? Same goes for the South park boards... I was really hoping to have them condensed into one app since I bought both.,5,1,1.0,2015-05-29 09:33:30,,
gp:AOqpTOG8vHYAL0qqKQW30D-ohhpSF_iZsydqwyKPATjiXr3YvmQwyTmvd6734pqFbKjVjQ_OLE61o1Kr4WY,Bresug Cosmin,https://play-lh.googleusercontent.com/-KxycG8p2W0E/AAAAAAAAAAI/AAAAAAAAAAA/AMZuuckBcjiiLoag94m_Ynz2oAl3BlIpHA/photo.jpg,Next step is Half-Life 3 Pinball :)) great table nonetheless. I like it how you use the portal voicelines and sounds,5,0,1.0,2015-05-29 08:55:37,,
gp:AOqpTOExvO54jGwZ8jfG1H9RRyt-uoUOET_4VtdpAjnH_DeYzKLsGQ2WvP-tIx1YCmPL5dTHu_EDtdKJvxg,TH3 RU1N3R,https://play-lh.googleusercontent.com/a-/AOh14Gij1glrlaicr3o7KisZTZTiekMoP5t2Do14l0Qz_A,Fantastic,5,0,1.0,2015-05-29 06:50:05,,
gp:AOqpTOEX4AU3jXWEty1Nv85kluN0wQaM-Icz9fvyfSZIvSp7mhkCxabANT0FvVX3GUV3gawv5k4_owXxwhY,Román Rodríguez,https://play-lh.googleusercontent.com/a-/AOh14Gi-PbUTf9E72LV6F84_Uy0UbVzcUZm-hkygwwr0mA,"Not a big fan of Pinball games, but this one is really good. And as a big fan of Portal games, I loved it.",5,0,1.0,2015-05-29 06:14:20,,
gp:AOqpTOF7yiRfZ1utCWM1g7etW1FN43vPevsZulrevjiO8dnvI_wJmOF19-IRacOGetdoGxv97_rShM_rISQ,Robert Preston,https://play-lh.googleusercontent.com/a-/AOh14Gg6x0MHn_Nf4PGXMPFoi6R3ssbc0JYh2OAunwGfOHM,"Very impressed with table physics, bonus rounds, and keeping the portal 'charm' authentic, and don't forget about the background music! :)",5,0,1.0,2015-05-29 01:01:30,,
gp:AOqpTOGzj_qiQGBZUxaASzyd_T9OWLqJgV9xzvqjlsCQ_9J2JhL6GZmoEwsisPQuNdSqmhXM7H0tvpUEVOg,Brian Stewart,https://play-lh.googleusercontent.com/a-/AOh14Ggz0WxC7t7-n7StN9jvymezejm7_1RIryPd_OTqHQ,"As an absolute Portal addict, I had to have this. No matter how bad, it was to be mine. Zen didn't disappoint in this one, the quality showing through like all of their other tables. One of the best $2 I have ever spent on Android.",5,1,1.0,2015-05-29 00:37:24,,
gp:AOqpTOEnB3Pq3dLcdll3m3msPdSVAizClov20XWwzcmn3266TOIIU5EXr2L1Qt6yC-KMMjZ58F_OjQk9lEc,Matt Grossmann,https://play-lh.googleusercontent.com/a-/AOh14GjkhbfcNOVERbRM5Yd5VD3npSAIiZxdWX1Ye1d3_p8,"When I heard Portal pinball was coming, I was super excited and hopeful, and this doesn't disappoint. It feels like you're in Aperture Laboratories. Look forward to more tables being released.",5,2,1.0,2015-05-28 17:52:08,"Thank you, Matt! We're happy that it lived up to the hype! ",2015-05-28 17:28:58
gp:AOqpTOG2SidT9M-5VSvi1qFzHPheXc3dU8-oorBQmg3_wOZuaFjRYSptPfC0ygM6Z8KYRHM68zJuLlBiyc4,Drew Hostetler,https://play-lh.googleusercontent.com/a-/AOh14Gj2oK1iyRMzYT86vgaEMh4buEbASbc8N6cx35jBFg,Unplayable due to right flipper issues.,1,0,,2015-05-28 16:32:30,"Hi Drew, make sure you have magnification gestures turned off. Just go to:  Settings &gt; Accessibility &gt; Magnification gestures. Let us know if that doesn't help. ",2015-05-28 17:30:00
gp:AOqpTOEnr7-C_c4kUyXBDtVo5fje4pDu-JdKXZTlbLRp1Vp0pIdYHkg2LdIAeJopkBuPKT4vMoLgURIzFrc,Steven Milicia,https://play-lh.googleusercontent.com/a-/AOh14GhECZqB6-lWxkPJMVyF4uoY4AzbTx-LSlGAwQZA,"This is one of the most addicting, intuitive, and just overall fun pinball tables I have ever played. Valve's distinct & flashy art style of the Portal series combined with an interesting pinball game play experience brings a whole new dimension of science.",5,4,1.0,2015-05-28 13:15:51,"Thanks, Steven! We really appreciate the kind words :) ",2015-05-28 17:28:26
