reviewId,userName,userImage,content,score,thumbsUpCount,reviewCreatedVersion,at,replyContent,repliedAt
gp:AOqpTOHq2opGLc2M1xH6DXw2CY4cGTbgak6qYKCcNRfeWOS2Okh8APkchhHZxoslqqOFk6D_OswVcJMw2Qs-Mg,Alicson,https://play-lh.googleusercontent.com/a-/AOh14GgHl-lI1AVrlt5C4jHqIKAh4UDascWgyqi0awSPc-8,"You must answer all the questions quickly in one sitting, because there is no save nor resume, and if Anything interrupts you even for a moment and you try to come back, you'll have to start All Over Again. -_-. This is a programming issue; please solve so everyone can enjoy this app properly. :)",2,14,1.0.2,2019-01-18 11:46:20,,
gp:AOqpTOFmGj4T5mjP6__llRdlopSquqTzfElWuzveG7oigCGuTCGg0bkhAn_ouNTdBrlpFNWC9MXmpA_l97wPPg,Tiffany,https://play-lh.googleusercontent.com/-V1u9w4w8PuA/AAAAAAAAAAI/AAAAAAAAp8c/AMZuucleS8SjT6MMbOYWSv8tpwxPljyAaA/photo.jpg,"A beautifully designed app and fun exercise. Insightful for all levels. Sparks both introspection and understanding of others' strengths, ultimately making our team more empathetic and effective.",5,8,1.0.1,2018-03-01 09:44:53,,
gp:AOqpTOHTUUj1KbiIWXnjLbhcTq8NcoE-ZzLHAV8QV7It3Fg4oHi5KUzEZhS2vKngKj5gQtN1tXONjbX8m0tIEA,christine mana,https://play-lh.googleusercontent.com/a-/AOh14GgMxGf81piWhM_z98IdBxCJ17WXgns1fkpIaf3Q8g,Felt like a pretty accurate assessment. Kind of more interesting to look at the ones that aren't my superpowers.,4,8,1.0.0,2018-01-16 08:32:03,,
gp:AOqpTOGKFyLaZyQWB_nYyyJ-gHhMMbRiIQtVw_4y9HNakqN1BMmbadXjpBSLemM9d0kn6qO3OOk2SemWixXgTg,A Google user,https://play-lh.googleusercontent.com/EGemoI2NTXmTsBVtJqk8jxF9rh8ApRWfsIMQSt2uE4OcpQqbFu7f7NbTK05lx80nuSijCz7sc3a277R67g,Really interesting insights into my strengths.,5,0,1.0.0,2018-01-16 08:27:29,,
gp:AOqpTOGPjZKgJlwCSpY_vZDpDjhfYMytQ4P_nt0Ccklb_tAmo1RSxlZV0IN4BuOx6xLZa-S59sD_Zb46sbc_oQ,Daniel Pardes,https://play-lh.googleusercontent.com/a-/AOh14GifRckR6gdgGCV7YfHCEvfUMT-_kveJU1nTo8GC,A fun way to figure out how I can contribute best to my team.,5,1,0.9.1,2018-01-13 17:55:28,,
