reviewId,userName,userImage,content,score,thumbsUpCount,reviewCreatedVersion,at,replyContent,repliedAt
gp:AOqpTOFjm1hKfGBBCUMj1h4NXYSMjaIps8SbdpKgGBoj6VzN-4fS5H8BQlnv5yHNVvxRKPILW7XCCk3dnOS8Ww,555seanc555,https://play-lh.googleusercontent.com/a-/AOh14GiFu9aosdCM8lG20DQ4rNsYd2WeBcT4uzPXOsuq4A,I love this game. the controls are ok on pc you just have to map it tho. But it handles pretty well when everything is at max,5,3,0.53,2021-02-03 19:29:34,,
gp:AOqpTOGoNW-x6vk93WkgseRLOYFhZ_1X4k4FrHIZLhg_lJ6gpEV2mVgnUzDnrtLaxb44_SlBut2_3W1Dg7p6xw,Dusty Rolla,https://play-lh.googleusercontent.com/-2-nuDQpcd5g/AAAAAAAAAAI/AAAAAAAAAAA/AMZuucl5f-X7i108WHzwh1ekmgI7SSoOow/photo.jpg,It is a fun game and its like the only game on mobile that u can play on the Eastern front and I like it,4,0,0.53,2021-01-31 18:50:04,,
gp:AOqpTOFHw3v1eEGSgJxd9TqjIGnTe1EEZ8rpupp-ba2TXNzNZhxB9n0Zx7_ezCtqmUwCHv2E9VsPdwNxzzweKQ,shadowsyus Sentry,https://play-lh.googleusercontent.com/a-/AOh14GjdWq2To75EYSnh-u4p60ZAXXGKHO_lTwRRTA4Hs2o,its got potential n i got some suggestions..like adjustable ui for better control,3,0,0.53,2021-01-31 12:01:00,,
gp:AOqpTOFDobdEqNSY6Lc0S9WK93lcy3yxbuy8SlMf8rB_r0xp-r7X8k1c_bb0Vll39a0xjWDviG0GDo1Dr5Cp4w,Civil,https://play-lh.googleusercontent.com/a-/AOh14GjPz-f-f0P23MRHnWBZgcqKUbKoBNm1nAemaPkI,"Very fun. Very realistic too, some examples are when you kill a high ranking officer the units get more disoriented, on both sides. Also it's fun how you have to capture bases and defend them as well, adding more accuracy and realism. However, I have some complaints. The controls on the plane are not so good, turning requires alot of effort and experience with the plane controls. Also, with some vehicles you can only aim horizontally and not vertically, not some tanks and cars. So, it's decent.",4,2,0.53,2021-01-27 12:24:00,,
gp:AOqpTOGLGnJ6hUzqDMNjebZcehGb-KIUHlZDakaC1Ct1AFnRBQwDRqHb5yTwdOWcwwdtBirPhV1urA1K7DVG1Q,gamer,https://play-lh.googleusercontent.com/a-/AOh14GidVQU-ptfOR37d1PudWkjj0EgEbFiKWJP_GwuM,It's a good game but can you make the a.i more smart like I dug a trench then they go in it. The airplane controls are a little wonky. But over all it's a good game :),5,2,0.53,2021-01-26 15:36:53,,
gp:AOqpTOHGOafr4R3gED83YwVICmh-uULRPc-aAH6mJYoy98prBOUwecEHwVHPAuF1yU7Cu1NbDTaiBF3fHghvrA,yobama,https://play-lh.googleusercontent.com/a-/AOh14GhdUXJs9VzlZmARrxLcIrVowz_YSRzwTxR27-8uzg,Nice sandbox and campaign,5,0,0.53,2021-01-17 07:54:47,,
gp:AOqpTOGEorEAIqpHFp3qGsF0I8uH0buwVbTmiQ3fq6MvPm44VOUXNyiRgiC1hny_Izt4UrBUc87iI6Rwefp-sg,Donnyシ,https://play-lh.googleusercontent.com/a-/AOh14GgeEz_lrOV1KfNGKJ3wzbm9WhiP2tiwEDmbb_WsuA,Bruh can I get refund back I loved the game but I got the wrong one :(,3,0,,2021-01-16 05:13:09,,
gp:AOqpTOHW-POMhnAJRe7ra0W2MTrFRn90AmpoC4wBKaeE_Aw0nd8CEu9PfYpBy1A1nu_K-ofmW7nG1OH4QV2FUQ,uncanalnormal,https://play-lh.googleusercontent.com/a-/AOh14Gh90pRnfzGXkvwDgRsSn1kGXCyUHx0p1LAnMdgD,I love the game the only problem is the shotting and thats all the problems but it's a really good game no going to lie,5,0,0.53,2021-01-10 20:51:24,,
gp:AOqpTOHJIf1volrirzf9TEWQg-5VdBtoxnqeb1-qXng2IWRtxVDrSGBxAiPIsP0l6AF7jDWZ_nQgOjSotUvtuw,Radchawit Prukthaveesak,https://play-lh.googleusercontent.com/a-/AOh14Gh3hNH9bnDrji35_1w5zdm4jO-_ZyDNqoNpn174WA,OK. Since I have played this game about 2 months it has the issue. The controller not really good at all. It has the gun hide bug. The tank and the plane are very hard to control. Artlliery is so annoying. This game doesn't support to big screen because affect after you get shot or die it isn't full. Hope in the future you will upgrade your game to easy to play.,4,18,0.53,2021-01-04 17:58:55,,
gp:AOqpTOHcH6izJJo-hiNdHqPR2eQzYfGpHAgKwyC2Rv3XDUlmiB1z9jofZ5fQMlwvJGg-bY8b3WJ97XL1D2G6Ng,codey gamer,https://play-lh.googleusercontent.com/a-/AOh14GiZ9VISw1HSIrTmXtZV3yMhJc1JL4ZKJz1PrYFD,Amazing game exept sometimes all of the planes spawn in upside down,4,0,0.53,2021-01-03 17:56:12,,
gp:AOqpTOEuLOQllldsw5g_O4cwd3nxlAmY6-m1MPT26X-KeaJBdbloWUPTiFr6T2pum4uzlejqIlLpWZNQ9Xy--A,Connor Cranmer,https://play-lh.googleusercontent.com/-HeU7ND2YsSQ/AAAAAAAAAAI/AAAAAAAAAAA/AMZuucmp90Q2dfoTj7LTT28WzbfvOuB0bw/photo.jpg,I love it its a good but can make so we can join ppl pls?????? I LOVE IT!!!!,5,0,0.53,2020-12-30 18:32:49,,
gp:AOqpTOE7Q7av6VZcSgedARX9jb6zNJtm6MgKiQkzNLHOPhlB6f1LoL41HdYKNWA5O8pnYmPu8DMq2Uq9tTa0Gw,April Hubbard,https://play-lh.googleusercontent.com/-aYwcGspaot0/AAAAAAAAAAI/AAAAAAAAAAA/AMZuucnvHykbDq-EU5tW99z9-K6786WhXQ/photo.jpg,Rating 9882e828+a02e stars best game,5,0,0.53,2020-12-26 14:43:16,,
gp:AOqpTOF0tbN-S4BQ2U3vPOC5s4KXUSTKaEwGYS5THrzdMYldbPuxxYM_5e7V7Bz08Tniy8muK07tx1zPG362Ww,Naruto x Kakashi,https://play-lh.googleusercontent.com/a-/AOh14GhFTQnv7bJr8JJCnZLF8Uj8vOqMxMohiLiJF_PrcQ,East front is so good you should make an update on this and you should make some more teens more flags and stuff,5,0,0.53,2020-12-23 11:13:27,,
gp:AOqpTOF2G9i2SCy4XM3cWkRR2z4DwROU6oXFefOWAQoo2C-cgVwGQRvB0mfzhH4ob_2m7clkUnGbLxYEaqDsWA,Realzombie 1267,https://play-lh.googleusercontent.com/-3t0L1WB0CyA/AAAAAAAAAAI/AAAAAAAAAAA/AMZuuclR7Hyjpb_BAmzUtD2BRT4e1Krsjw/photo.jpg,"Really great game, especially considering it's made by a one man crew. Of course there are a few things wrong with it, but every game has problems. There is occasional lag when troops spawn, also the plane controls need some work, either that or a suck at flying. Also sometimes the bunkers spawn partially under ground. Other then that, great game. It seems like something several people would have to work on, but this was made by one person. I do hope to see multiplayer in the future.",4,15,0.53,2020-12-22 10:48:34,,
gp:AOqpTOFnwVatSzC5xbcAhS4X9x89Oh3sfW8DddQoGiLT7OxpFYlOi3_R5ExsfgKZNdEkic_cLtWucRn_T2pDug,call of duty pro,https://play-lh.googleusercontent.com/a-/AOh14GgkwdP7jZ2U7dHJ7jxJiP3P7QThKvrLIaczjpEo,You to good but make a free game in iraq 2003 or now,5,0,,2020-12-06 09:12:37,,
gp:AOqpTOFa_AiapbI6ulWu3xRk3XlwfDPhI_Z7yd096RBKuBNT7pwvkHBYPqBKUKnhaKV9xYu9vADQS4TyjKH-bQ,fnaf roleplay,https://play-lh.googleusercontent.com/a-/AOh14GjYkP6BeqRKxmajVnwVG6f_y3K4OVFX7siU7bOS,You should a dogs and get the bace build option up. Thx,5,0,0.53,2020-11-28 22:26:04,,
gp:AOqpTOEiDT_2Pzr-DJ6J_QcmAKVjNnL502igNDR4CAwGDZthnLiObci45Nm80r6LVQb-r4ScE0gSZxBHxCizEA,bossofall nb,https://play-lh.googleusercontent.com/a-/AOh14Gj-KItnbDRARNUVR9yHq7hX-0wnqm3UF3Df7iM3Xw,The controls could be little bit batter & there's a lagg that needs fix or bug. but over all... The game is fun and great battles and can you add D-Day map.,2,8,0.52,2020-11-23 08:09:26,,
gp:AOqpTOFyDT_EfYSiYgk66EyL9HhG-bBCHjAFLq3VEy9AotnSuh3r9RM_mr4Ax1VolKZr2Q6kGUR_20hH3cMQ_A,east creepy pasta,https://play-lh.googleusercontent.com/a-/AOh14GiG55e2v6CFIo8TDaIpNjbxo62qHFXI9Yz8IQlGSQ,I thing how do i the pistol please someone tell me,4,0,0.53,2020-11-19 09:54:41,,
gp:AOqpTOGMPX_Z8mp0f3EleLya03Fek1i3SYGY9BeIwx4Q2wVm_Oj2PDN_ryWvcvt02F__Uz2rewNsbN--fcUtWw,abby kushner,https://play-lh.googleusercontent.com/-W3NMsHsWkno/AAAAAAAAAAI/AAAAAAAAAAA/AMZuucl_h41XYzXUcGXxhFJq3b0Cfr6zdw/photo.jpg,Nice app but maybe add a update thats a Pacific war update please,5,0,0.53,2020-11-13 17:04:48,,
gp:AOqpTOETuFom5XBrfrgnJJ5bQwFthJC5KqXckgAT2Jq-mI7CatVVY7Ix5fvCNR9vYkkkISa_TMRy3FtoQq1BbQ,Druettus Edward T.,https://play-lh.googleusercontent.com/-5DSFTVSrk3g/AAAAAAAAAAI/AAAAAAAAAAA/AMZuucnF3yKj_985BdGD9Nxikg9jqpC3eQ/photo.jpg,⭐⭐⭐⭐⭐,5,0,0.52,2020-11-05 17:57:10,,
gp:AOqpTOGfAMabT-ymgglbmetTPEG6HJA0S7XGg1YLGxi7nQxMb66XLNAZz6K7XXkfniPYht32v1Nb8X6t9V8OEQ,Cool Clips Animations,https://play-lh.googleusercontent.com/a-/AOh14GiWbDNSZR9bUyhmztuR8D1nYRhM5ckD9TNq6AWwBA,Fix the controls!!!!!!!!!!!!!!!!!!!!!!!!-!!!!!!!$!!!!$$,4,0,0.53,2020-10-24 22:26:49,,
gp:AOqpTOHWtOFHkmqvmHC3vDQi3XtTnWs6d7AaD0MSo4DkijQhBT9gpODQCWJsIpe9eSKV4cLLtXTGb5sr3Y3E1w,Aaron Bedford,https://play-lh.googleusercontent.com/-xR_tywE9QCI/AAAAAAAAAAI/AAAAAAAAAAA/AMZuuclvWtOXc0YGIUPcxywlMP0JaEY_2g/photo.jpg,"This is great game in terms of simulation and how realistic it is. I also enjoy the concept of the game having no real campaign and just having all out war which is one of my favourite aspects of the game. However they're are many improvements that need to be made: 1. Saving- everytime I save and go back on it deletes my progress so please fix this. 2. As fun as it is it's missing some aspects of reality such as npcs attacking all at the same time, you cant die. Part from this, it's a great gam",3,18,0.53,2020-10-18 07:37:36,,
gp:AOqpTOFoPN1wjLwPqGNFBrmEKXuzj2u8zHwDLJ2hAGkDPaXGLvOhKGVc45wk-rPmdZjY1X_HmLRXddkt8F-LXQ,Erick Bueza,https://play-lh.googleusercontent.com/a-/AOh14GiPFdhvual8SaIbKnCbkJMR0oGB6-FUeM-sSPm5,"Nice game i loved it! But sometimes many bugs i see.. and i hope u removed all bugs here Pls make more units, guns or make a map like stalingrad, Berlin, or other on Campaign and also pls repair the rocket of katyusha because always explode on ground when i firing I hope u make better this game thank you KEEP UP THE GOOD WORK :>",4,26,0.53,2020-10-16 03:15:06,,
gp:AOqpTOFGlnCO9-z_wHfFvHMYsNo9l0kwbHb9IQjnTE5jJDUhrYwH3Pzxi1TuAqg8qSCEcW8EKrW2qrdIPKjZ7Q,elyse c,https://play-lh.googleusercontent.com/-lq853ZeOZlw/AAAAAAAAAAI/AAAAAAAAAAA/AMZuucnNAVM38F46HF3gFS1hdBngevH_PA/photo.jpg,Its AMAZONG AD A STORY MODE PLEASEEEEEEEEEE,5,0,0.53,2020-10-13 16:00:53,,
gp:AOqpTOFroprf4TlT6dRnCDSJvUY_D5KOcL3KvrYoKcjK6TkXdCrSEziCqiQVHb5Vftg2b_JvjBINf9B6681Deg,Jennifer Doucette,https://play-lh.googleusercontent.com/-Db9uKZRnA_k/AAAAAAAAAAI/AAAAAAAAAAA/AMZuuckfeE6wucmWXEE8Eqhtguj_RamnXQ/photo.jpg,Can you do like real real life graphics,5,0,0.53,2020-09-29 13:08:12,,
gp:AOqpTOG96Ewpb1AAeneIlaGJuFarkGy-aCoTK2EHBqn66rQvonVF2x62GXJgay5X_ojCbiVWOXeHhKl7VoU-lw,Tom war lord,https://play-lh.googleusercontent.com/a-/AOh14GhPWxPnQFajBv1oDxzCIlt5tkjPePEazFSlRSd--g,For one man team. It worth the money and it got custom game so. Yeah its good,4,0,0.53,2020-09-29 04:56:49,,
gp:AOqpTOGgbOp8ww47NsQ05beNP2oehPJr1QzQt8U763J9MnvxaG8jZ9a8Yo7lZNcEH-F1fdBwC_j_YwnzDdBWhw,Kalethan Steadman,https://play-lh.googleusercontent.com/a-/AOh14GjO7q2MZfFRC-MUxhwIebqSzCIFo96rTAHjPIKR,I love this game its awsome!,5,0,0.53,2020-09-23 17:56:28,,
gp:AOqpTOESgCc_vnihW_miH4k1qSvMxLxzP11N6AUnomzuZ-y3YBpfFEiRTT7bW0F17eVJ3IcAjxz-UTtOhG1BnA,Harris,https://play-lh.googleusercontent.com/a-/AOh14GjkMIMUMxIqM0csTIyv9V0Y5vvhzb6q-euL71kdsw,"This game isn't worth a dollar. The graphics are kinda good, but the controls and gameplay are terrible. The ground splits in places, you can just dig holes for some reason, and it doesn't explain what you should be doing and how to play. It has potential but it needs a lot of work to be good",3,3,,2020-09-13 15:20:33,,
gp:AOqpTOFJoi_te2HUmBAudTgqjSqxrESkkMUQ2rwCXuJg0C8u88lPCNWWIALRfRDqDzM64cufjkJBOc1pyA212w,Gabriel Barriga,https://play-lh.googleusercontent.com/-YLhc5ds0Zzo/AAAAAAAAAAI/AAAAAAAAAAA/AMZuucnK0N4x_mmq-pnBYUDjBJIKvaG1Pw/photo.jpg,Its a amazing fps stragety game,5,0,0.53,2020-09-06 19:50:23,,
gp:AOqpTOH_6yS9DIYCJLlEi__22o-JO8_yK0-GE8BILdTfr-8wGX5Lb3L6_BlkEh8YSgA-kaoyzbIxg0UsIyj5ZQ,Bryan Bobbitt,https://play-lh.googleusercontent.com/a-/AOh14GjgKAyU8bBooAx_xa0IJha71AlYWggnCAme_ZjkHGA,Amazing!,5,0,0.53,2020-08-24 23:39:32,,
gp:AOqpTOGZgisJP2riDOX2mxbdzyz0P-wZkgWj1y2fLPAaBvbqqGLW7ilEoF3rgxaTG4Iu_nEKzd3rVz68viUJyw,hate sans,https://play-lh.googleusercontent.com/-iZ-xaJ7Dhzs/AAAAAAAAAAI/AAAAAAAAAAA/AMZuuckGYxpzWVTDxggP5qc6LivrjM4Nxg/photo.jpg,Perfect game with please make it more realistic like I would shoot a rocket launcher at a house and it would immediately deflect off and please make the bot actually work the gun I had a problem with the flares they wouldn't change and I don't know if I'm supposed to upgrade to get the other vehicles or they just locked for now other than that it's a perfect perfect game please fix these problems Developers,5,19,0.53,2020-08-22 18:37:30,,
gp:AOqpTOFSZymtyK0jG_4K6ewjloL2LYqFfILRniXa0kQ5YfmVXhBgR0CGSfVuMz_jZ1LBSwgOiSlAAR7k2k6k3A,William Klang,https://play-lh.googleusercontent.com/-6fGANSi_R9U/AAAAAAAAAAI/AAAAAAAAAAA/AMZuucm8TtW3rIgVCoLxHeI5LEs3543AHQ/photo.jpg,How do you unlock units,4,0,0.53,2020-08-12 06:18:51,,
gp:AOqpTOFBU0TPOgvXrRjqFulJ4bjSzPYzuAL9ib-OsdEBTidgEfz8kSiV8ZSgbRGwJ8vmVBkucER9t2xBMq7RkA,Orange Boi,https://play-lh.googleusercontent.com/a-/AOh14GhsdE5v-h7rmVKQle93GZGO7RM4X7EHJ6jILFtuuA,I am very satisfied with the mechanics of this game. When I want my men to defend somthing i just press a button,5,4,0.53,2020-08-02 17:48:51,,
gp:AOqpTOGNBqttrKhQWirVwzxQRNDCOrHN9eTjfyRHMVJ0uJ_wQ0H1AoLL5-OKU7CoO6lUOpCf9QgGXQxqZxOaQg,WW2 German Powers,https://play-lh.googleusercontent.com/a-/AOh14Gjmdl9ZKy_CngzJC31adSmqxZ_xPCBzdvMxlcuQ,Great game but add more content add sandbox mode pls 🥺🥺🥺,4,1,0.53,2020-07-30 09:05:58,,
gp:AOqpTOHYhqsrSFYpN6lGf8o2y2Axbr9jNwbm22f3cxAhPYaUtGLrunDXKmWonYDrZvdExhUeBqrG1VLozlkKbw,BraxisMight,https://play-lh.googleusercontent.com/a-/AOh14GgJK2lueoPLgj7r824Zi8XZZtfDf7LnperDlJcwiA,Can still use some work...,3,0,,2020-07-29 00:53:33,,
gp:AOqpTOGUgtix5VkkB0w5Dq4M2mYLBFIcjSUk3GrSZg1hs7IIU-oOc9RHSPbWGSpGRWVqzXgrd9Fpepp59woNkg,Jose Ramirez,https://play-lh.googleusercontent.com/-fkbTE-Bkgy8/AAAAAAAAAAI/AAAAAAAAAAA/AMZuucn7Fm3FumLgec8q8IvSP4dYsGy4nA/photo.jpg,Love it,5,0,0.53,2020-07-24 02:48:43,,
gp:AOqpTOFzQ-pM74KeQ_aZWiXRl7WvHU-aDGKWj5sBD7NcD1kBYo5vVTY_A8Quk9NS8qvS8KPBO6lsmqUc7QXLpQ,Larry Thieman,https://play-lh.googleusercontent.com/-TGByKV2PQ8c/AAAAAAAAAAI/AAAAAAAAAAA/AMZuucmtzB4hL9eptDUVBaFs4I-Pbhczkw/photo.jpg,You guys have to work on the bugs,3,0,,2020-07-22 19:10:29,,
gp:AOqpTOFil16m06C0GiUM0vUkMmWA57MxELRz-YbK0klSmNohXfGh-ufUmvrK9_1-yKYHUL6m9r1u0bX7VratLg,Ryan Adair,https://play-lh.googleusercontent.com/-G0kvWYNsENk/AAAAAAAAAAI/AAAAAAAAAAA/AMZuucmhFTQEtQtMS45R_sHcJZxHLvYsjQ/photo.jpg,Impressed. Glad to see more games coming from this small developer.,5,0,0.53,2020-07-20 16:37:13,,
gp:AOqpTOE6iUExhx7MyR07DTV6GZI_zUTaMUQ4TrSMv0ezk72r7GmZ0361DvPs_w51J0dBIP2nC3mzxMTzmVYHYA,Miles Rice,https://play-lh.googleusercontent.com/a-/AOh14Gi02ADFLdDNx-me55C2mm9UPSCM0H54uN_SDDYmzw,Best fps game of east front,5,0,0.53,2020-07-20 08:45:33,,
gp:AOqpTOFKlXhMNFYEmj8M_5Sb9iRHNVFtRZqI0tQeO0AnBvnb5f2bGrFzgac0CThVg11aLf10FD2UioJSefa9_Q,katina Galloway,https://play-lh.googleusercontent.com/a-/AOh14GinqOlsCC7BRKejAWHNLBFEef7B_AtMSlXUFKONLg,i just love this game the gameplay is pretty sommoth its easy to get used to great time killer its just overall a great game,5,1,0.53,2020-07-16 19:29:13,,
gp:AOqpTOGf_C5qVOZUnSDiWfXye0g8A4znY58_GnsSqxhsClKaYWeo6HBVwXh0vcT6kZarnuxB4_GmSWwiMOWKEQ,David Sprinkle,https://play-lh.googleusercontent.com/a-/AOh14Ghca2Q-BgU9aA56J9JSND-tKzjbbgVUNR_kAbAj,It good but it's a little buggy and hard to control the bike and trying to throw a grenade please fix it,5,3,0.53,2020-06-27 03:51:57,,
gp:AOqpTOGAH992sc0zgSx3rBp1OnSmsh36DXp70NdEwYSy7w4etJ6WJlM4Lm5i5NwANTvlri0HP9wHlYKENug0uA,Thatcher LeBlanc,https://play-lh.googleusercontent.com/-YXVxiKL3YXM/AAAAAAAAAAI/AAAAAAAAAAA/AMZuuckhGpjLV6H5SEe8C962lEaFzqyocw/photo.jpg,"Like many reviews, this game has amazing potential, but it is just not quite there yet",5,0,,2020-06-20 09:21:01,,
gp:AOqpTOEvWTX780d3xftodR-PokJyq7FBGVEnLbEBAY6hxcfGmzTKNIp5JDvTda-Gqm1SqevaUrOYcAgkoGeC8Q,Joshua Cameron-Wallace,https://play-lh.googleusercontent.com/a-/AOh14Gi1xyOE4tpRpFOwZHzewovMEjNGR6naepACWkfk,Pretty good but laggy,3,0,0.53,2020-06-16 03:02:57,,
gp:AOqpTOF_oBhmPwO-ShShTDdR0ZifgeYXFlcAxLIe5vwJzC2n5EQspvtT3LNisIByb6CO5NdWfbYc4iMEmvdYJA,Jennifer Johnston-Marius,https://play-lh.googleusercontent.com/a-/AOh14GiGZIy-ozdFuEccXoZMCKqOMsnoUkL5FsU_DXIdOQ,[joel12yearold] I love this game but can you make a wsternfront of ww2 like D DAY and all of that and also do battle in berlin,5,0,0.53,2020-06-14 12:46:29,,
gp:AOqpTOF9a33v6NfJUhwrVEcwRvQgvyBRWjF9JJJRc_a1zED2KCJhdmg57H2A9U9HosVJ_8Mo5o4abuhp4J55ug,Terry Zimmerman,https://play-lh.googleusercontent.com/-GzjUBa-aez4/AAAAAAAAAAI/AAAAAAAAAAA/AMZuuckJ2PnqN5M5mCNfUwoH4Ym6Gl1yKA/photo.jpg,It suks,1,3,0.53,2020-05-27 18:56:36,,
gp:AOqpTOGndp3kxmYlEQ8On6kT9lB2w-IVkm1i1ZvF2MQlqKRhT2Q7oWiw0aCCKTM6TjfMnrDTO0TA0_UtD8uQ5w,Jami Thomas,https://play-lh.googleusercontent.com/-END3k4I29tU/AAAAAAAAAAI/AAAAAAAAAKc/AMZuucnpcI7p0R9oEAsK-FDe3Ur18U7M7A/photo.jpg,Werf da Kachina folk,5,0,0.53,2020-05-23 05:13:03,,
gp:AOqpTOE04_prOtwDIBMTskLt4j5WcMhhps-oujnnlym87CY4rCfUZUJ-_5LBdHFnfzDQ-VTYDwMlQxwBeM-0_A,John Wicks,https://play-lh.googleusercontent.com/a-/AOh14Gga2Ds3ve6esATx1vm4Ofvf3DOgKUc94GuYV6fiIw,Sorry game to much words on the screen just for a simple game,1,3,0.53,2020-05-20 09:16:28,,
gp:AOqpTOFgvxZ_SIM_7W1wyea-zC3VMosTkbY8-yiySpFkCU3LQnrGbTkGqyIxXA3Oww0NNA2prD7JFoRXTuWW6Q,flipper-b productions,https://play-lh.googleusercontent.com/a-/AOh14GjKYv3sLJQmjUbVDxBsgjxSyRCiqKovt5wCJDnTeQ,"I absolutely love the games! I think theyre definitely worth $0.99! The graphics are good for the game style, the controls are easy, and it's just a fun game to pass the time! I haven't bought the other games but based on what I've played on this game, I can safe say that these games are amazing. I should also add in recognition to you as you're a single person developer that has been creating some of the best mobile games.",5,2,,2020-05-20 00:28:11,,
gp:AOqpTOEuBzYgIA_8LPcmfu5PGfFSw-TZMisslIesAOlSAyQmyZqQDd81-aOpNlysZyzHdsXgKmz3hd3YFIirWw,tiptoe killer,https://play-lh.googleusercontent.com/-eH-Pk7eCZdA/AAAAAAAAAAI/AAAAAAAAAAA/AMZuucnwEHoR641vM7RqENTPYp6j3KtvIw/photo.jpg,Cant move without getting hit from everywhere and the cannons have to long of a range,2,2,,2020-05-19 00:13:01,,
gp:AOqpTOGD5aUEyMV3-CbpK98hiNNp3divPOyi5KxFwJopUd85AH_TLkM0UeqyMfKBKc5MQ8nPcA9rLpZYEf7Z0g,christian oyan,https://play-lh.googleusercontent.com/-dacPDovhuCY/AAAAAAAAAAI/AAAAAAAAAAA/AMZuuckvLKoALsqPxEv78MllfZRPou6-7w/photo.jpg,glitchy and kinda annoying,2,0,0.52,2020-05-18 05:12:44,,
gp:AOqpTOExIXtlT6QBSaQ7ts0W9TK0nilegvkEW9YoXfFfZwlkXXtDiszQ8fDYQewF1RsKjIxU78hqkzfKnjIBSQ,Geo Betus,https://play-lh.googleusercontent.com/a-/AOh14GjnjS6tGjK96IVyh8947OOF5J_misH2-D81OpRN,"Has so much potential, the game just isn't finished. Simple features like something to tell you how much something you build will cost, a way to start gaining resources that you can reasonably afford, and better aiming controls are just 3 small features that are needed for this game to be really good. It has so many good ideas and good features for a mobile game but it's missing a few that bring the others all together.",3,41,0.53,2020-05-17 08:40:25,,
gp:AOqpTOFubLS97b4H6HYkpWQeaozZKI4_lSEx3a3G03a3XHyWLoXhNtlTEsVmYVGnmr6xp5aKPhrk2HfAQCRZVQ,ZEBYT2 Yt,https://play-lh.googleusercontent.com/-eyFUN_FIdPg/AAAAAAAAAAI/AAAAAAAAAAA/AMZuuckXnpSxmoBrtEV20XihVhkbMtlNBw/photo.jpg,Well its AWESOME YOU ONLY NEED TO SPEND 1$ ON THE GAME AND ITS AWESOME INSTALL NOW,5,0,0.53,2020-05-12 17:35:47,,
gp:AOqpTOGCkgmTDCqz_ke23WhneSCC6cW1VsCjXC6nSryNZ_8l3f3e9H1pM_fPNGPChT1tyKKaEYygb-uIZGXzVQ,Green Colonel,https://play-lh.googleusercontent.com/a-/AOh14GhYa4H0ucJm1VEUV6SEyctG5CBHq_j-yh10e6Wu2A,Love east front gameplay is amazing nothing much else to say,5,0,0.53,2020-05-10 14:53:25,,
gp:AOqpTOEN4Hbo7DGVja-KrSGAgLguLuBWLU9jzPd9ZLTxeXvR_olXkKnELUMFd_7lNhIaaLZMQrBwcMaCR095ww,John Higgins,https://play-lh.googleusercontent.com/-uGo_65YTbGQ/AAAAAAAAAAI/AAAAAAAAAAA/AMZuucm7bfGjjl1LOnA3RNM3_e7i-aZwFA/photo.jpg,Great guns love it,5,0,,2020-05-10 09:12:18,,
gp:AOqpTOEWLO-vep0Vchn71hz1MRYV5GWzheHgLRDPV1UnXqfco1I2T52gOYWqsmalu7PjcHiNZLxwP1ij46r8LQ,Tiffany Hill-Anding,https://play-lh.googleusercontent.com/a-/AOh14GiAw9464knjCBog_pIbTQBDmJ3s8OhkKs04LufrWw,The game is fun but it's broken it has became to easy as no sides spawn enemy or friendly troops please fix that,2,3,0.53,2020-05-07 02:39:28,,
gp:AOqpTOHmlkxG7vh61zW1G7jwBvXEZQvyFHMuFjpbkWzbQWqBP9QfIOrr8fbHxPoBqEiXSMR0iOzXrKWanfCQug,Alex Yeet,https://play-lh.googleusercontent.com/a-/AOh14GiePi89sNlgjdvPg0cQfjYtvgRPl1Zee-QiPxN3,The game is fantastic! Ive been playing for a few days and yes it does need some improvements On the controlls.This was the type of game i was looking for its worth to spend a dollar on this game.,5,24,0.53,2020-05-05 12:40:26,,
gp:AOqpTOExGMN693_PXnS1UnvNcuJNslMdKASwnAFOR1z2QJ8N3xVLCMpySjui0Dgt7R0vadJmVNNH4OZZLInOGQ,gaming with gold,https://play-lh.googleusercontent.com/a-/AOh14Gh7H5cI3MTWX_XUDIyDKmF_zBarglUG5otTvW9z,Really cool,5,0,0.53,2020-05-03 14:27:43,,
gp:AOqpTOGlGzL8hAcor7IqjTcuR-9YKVW4MzCkLLl0Ucxz4mDeizSEStDDjhZqXaAeKGW2Hikv5800QQHvz5Ni0A,Ted Dwyer,https://play-lh.googleusercontent.com/-8bw4Sbv5bbo/AAAAAAAAAAI/AAAAAAAAAAA/AMZuucmB7tKnHlqRj0I8C5p0Es-1NzuPCg/photo.jpg,Great but very glichy,5,0,,2020-04-29 18:35:45,,
gp:AOqpTOHyCtqyXbsb6LUOwgbwdlfpXCChgOGm-al37vkktm9_6VxcJibqsjSui6auzvgAMGt94xn-l6esWYB8Bg,reshiram the fire dragon,https://play-lh.googleusercontent.com/a-/AOh14Gg6y0ocHlN7Ki2WyTTBzEkiT_JFYqYxoRW4euIQ2ng,It a pretty good game if you want to waste some time or want to make some scenarios but using a plane is pretty hard I can't use them I dont know if it me or the game but it kinda hard driving I would like if they do a motion control or one button to try to drive it because two is a bit much and it feel like the plane goes slowly when it turns and can you add like king tigers or a tutorial of how to play would be nice but everything else looks fun oh yeah sometimes the rocket physics are weird,4,27,0.53,2020-04-28 03:06:30,,
gp:AOqpTOEq7x3Gz7hzBR7bmtj9jaG5NJdsf6SX18ayPa8YeMrhKECpvf8n7gevOR6KFEfNzmq34dtBVTklrfjGnQ,rd 6,https://play-lh.googleusercontent.com/-86wAQxI4tk0/AAAAAAAAAAI/AAAAAAAAAAA/AMZuuck8qY1T4l5xeeOdqHfPGO485zdclw/photo.jpg,Is sandbox mode a possibility?,5,0,,2020-04-26 01:12:40,,
gp:AOqpTOEwFh1_-UV-lhDUjJlxQVNvvD7duCI92LvhIFE9HkBet_6LX9pPLZhqLi6hRHIqTC258JOkxbM_C63C_g,Alf,https://play-lh.googleusercontent.com/a-/AOh14GiW5ApKz3UulWfNtyAVB7VGKypm0e-vvJoMgUd2Yg,The game is overall good but the controls are bad.,3,0,0.52,2020-04-25 22:16:30,,
gp:AOqpTOEskMnb1wNhC2pISrD4r68z3kjkX0McVHU8szsX5y2sSq4OWYOk81LQ0EMiqeeVgQXZeWZcpxi_DsKWbw,Johnny Purcell,https://play-lh.googleusercontent.com/-b4ry3b4fD7s/AAAAAAAAAAI/AAAAAAAAAAA/AMZuucnTITtl44elvVfdsqWMi5igT_JvcQ/photo.jpg,I love this game so much but when are you going to put in the stuka,5,1,0.52,2020-04-25 17:40:02,,
gp:AOqpTOHrQn55931OJQIsofshUZis1-ujaYVIDu0PnE0PKaWm4Sal06Waif-c0MUi62nzUUgXHRlGvoOrMop3IQ,NCR Trooper,https://play-lh.googleusercontent.com/a-/AOh14GimGEKdHtDKVkAaMbY3VWf-E6HqOSCMN4mwG2kaew,"The game has potential, my issue is the control layout. As an indie game you can play for two hours and toss back, it's good, but as a game you'd wanna play constantly, no thanks. Of course, I am talking about mobile games, so not much of a comment, but still.",2,0,,2020-04-24 21:14:53,,
gp:AOqpTOEiF8P2EKuj1heuWhn0LJG8NrqLge_XTO0mdCx-6ASlIpqljXRaLqfvy7BwkS0jrEWDUsTJTHdrJScbPg,Redreovich,https://play-lh.googleusercontent.com/a-/AOh14GgjGEbmOGCWAJmg4oXpiTToNUc9zH-mYCXDWNJGFw,As it's brother games as I would say. Another super awesome game. This one really blows my mind in terms of Gameplay. Having a lack of shooting games depicting the east front in the store I would give this one a special praise for the effort and the creation. 🌟,5,7,0.52,2020-04-24 09:38:41,,
gp:AOqpTOFiJhxGVp1LtgEsKLddBXbFnEZGqJutC55BqzqXKyAVUUNgJ-IOzqCOoklUvpIfSJsAp-yq0S58R6oCtw,RedWhiteBlue3357,https://play-lh.googleusercontent.com/-c3kD2kJxkL4/AAAAAAAAAAI/AAAAAAAAAAA/AMZuucnVyU1ESotZXF66fzKxM3oiDzqY7w/photo.jpg,"Definitely could be improved, especially since it's a paid game",3,1,0.52,2020-04-19 11:00:32,"Hi RedWhiteBlue :) Yes i will keep updating it. I was just a bit busy making the new game. Now that it is released i have more time to work on updates for EF, WW, and BoV3 again. Thanks for your patience.",2020-04-21 00:46:07
gp:AOqpTOHp8sv3q05cxS5CwNc9qhPg7ne_3jEUPEDOYR9dSajxJvwHnfTBrgFSBwoo1yTh8cQYqoZJ72cJ_VlHkQ,Bucket Gaming,https://play-lh.googleusercontent.com/a-/AOh14GhLH6FR7pZqHphoWnLB_ezbyDIKkvury-SlyJ0a,Add more flare types,5,1,0.52,2020-04-18 21:03:04,"Hi Bucket Gaming :) Thank you! Good idea, i will consider making that in future update.",2020-04-21 00:51:46
gp:AOqpTOFeserZa-7YsuNrLQk9h6Ntgqy0IsWN79WRP4d_drZbbXc19nU0LG3fPEeL8lxWizhrKjsp_ccmT1tmGg,Kaiser Reich,https://play-lh.googleusercontent.com/a-/AOh14GhUv9BT1SbjK32x2jNfX71ptJNQkH0eMGXnm4NA,Funny gameplay,5,1,,2020-04-17 15:23:42,Greetings Kaiser Reich :) Thank you very much for playing and reviewing my game. It's nice to see you have fun playing.,2020-04-21 00:52:47
gp:AOqpTOEWvlKbX9NeFz_cv7Iz9q1_FrJkj52oRz2SQQObTE2IKiksEYKO0lAVA4RUReufvAuAKhTAxL9eANi4Ow,Veronica Evans,https://play-lh.googleusercontent.com/a-/AOh14GjkznxVW3tjhhPhUg31-5R7frGUAfQbR0xktJ5pow,Hey one time i was in a truck as a German and it went black in white like old TV'S at 9:00 and it showed the reinforcement sign every where and said a bunch of yellow words i don't what they said and can you make like the Vietnam war game also i heard rumors the Russians were there and maybe you can look at it if you can make the game maybe the forces can be American Vietnamese with was the enemy the Russians i don't know if they were the enemy or allie,5,1,0.52,2020-04-16 17:17:27,"Hello Veronica Evans :) Thank you for the review! The Vietnam War idea seems very interesting, it's possible i would make such a game one day. Thanks for playing my games.",2020-04-21 00:56:13
gp:AOqpTOESScVeBLWddS6XTUAe5KDQnRihu0GM3zJqO3ngMmTUn4bOO5jvfuD8O_o2JV5uKa6N2VCHpE65Yxb5ww,Revital Aharon,https://play-lh.googleusercontent.com/a-/AOh14GhBZBrqMgaeq_DJ52I4KQFqu0zPOIKJkVVIscfkZw,I lowered this from 4 to 2 stars since i see updates are never going to come and that really disappoints me. This game had so much potential but yet another game ruined by a devs laziness,2,11,0.52,2020-04-10 21:33:29,,
gp:AOqpTOEK8sHqhzbe2mG5bWvEe7MSecId13H9dXkXLzAtap_rXIlwTqh2mMxtDqQMKvuyaa0PeC8ckDjF4DGU-w,Cheez It,https://play-lh.googleusercontent.com/a-/AOh14GhXV-Ao4P289xR5O6mkouzrtR5LiK89Ul99Y_xCxQ,"It's a good game but has lots of bugs that can't really be explained more like showing would help, but it's fun and there was a sandbox mode such as u making forts then u join in. (Make is an unlock ablel).",4,2,0.52,2020-04-09 20:21:24,,
gp:AOqpTOFP-M5GWQehiHukgEW7wcco3U43eOcuNGy3fG4bxgqb8DXA1kxKdmm_fI4Nx6VESpXjmMEoRc1feiBrzg,Teresa Wagner,https://play-lh.googleusercontent.com/-xRbP1J55D9I/AAAAAAAAAAI/AAAAAAAAAAA/AMZuucknLol2JRowkWQ5cLkoUQqX3aqMUA/photo.jpg,Hi. Are u ok . Or not. I will pray for you . And your game go on. Give a Russian kv6.and a maus in the game pls.,5,1,0.52,2020-04-01 22:07:50,"Hello Teresa Wagner :) Thank you for playing my game and reviewing! I will probably add those tanks. I will consider the U.S. / Japanese campaign, it could be fun no doubt. I would love to model those ships one day :D",2020-01-02 02:07:28
gp:AOqpTOHJ6RGauxpIqTWRugVcVdwDcOt020vTbmn2HSoLwvJXW1FMfDXIel9q4_1qjmqK7Q1R-_X-DFiIeqnbXg,Clark Kent Caampued,https://play-lh.googleusercontent.com/a-/AOh14GgFm0RkRsqR6rLqvCK9ytg3ABCixPJ5_qJkWYxH,Awsome download it guys its awsome,5,1,,2020-03-30 20:45:08,,
gp:AOqpTOFUgYubHt91vxXLAsosWKhRfY2ksGx1Wv12jhtgJ5C-6kCv-XqOa8HWCFJPgD1U2jQYLPsg636qv6kzcg,Takk,https://play-lh.googleusercontent.com/a-/AOh14Gh-taIEfyRYwJa4-9UsT29daO6lIht83KX3ZkMv,I love these games but I really do think the controls need a bit of an overhaul. It also doesn't show the costs of all buildings which is rather annoying.,4,1,0.52,2020-03-29 09:31:36,,
gp:AOqpTOH283PkxMnD0LKSXvBqpivCZE99vjxF0NOPFZudRyL_0XfnB3RZPLQmSyoZF9Uh3AqmHGN2UXBp21DgyA,Fluff's Gaming,https://play-lh.googleusercontent.com/a-/AOh14Gg2jI-Akx6CSVtgZoJ9S04pWEJo9hMjze91wIWZ1g,Add more factions and more vehicles weapons l but my main concern is fix the look around button instead of a joystick it's annoying,4,1,,2020-03-27 16:03:39,,
gp:AOqpTOG6DI3Z-xCjLn1oLjzsPXIhWSX6koHTaDim3MVl-7djk73Nmq4JllchtzYd45qP297BPiqInrZ3ApEY1Q,Lal Thankunga,https://play-lh.googleusercontent.com/-s7jJbTV4XDQ/AAAAAAAAAAI/AAAAAAAAAAA/AMZuucmOitAT3tlQOHrf0sMqlmhsS2rILg/photo.jpg,Very fun and its great except the controls and i have a request how about making a japanese type,3,1,0.52,2020-03-25 04:33:45,,
gp:AOqpTOEON4uaVlk3nGdvhocMRpCQo11g71v8Sy0x_YklJI5n9aFByHOy_p2gu2vZAz100K97njVcB54y1-i5gg,Will Saganitso,https://play-lh.googleusercontent.com/a-/AOh14GjCzNFCp62HKshsCT7oKK-VQvjipkIZ3sNKx1my-A,Awesome ww2 game I keep playing it over n over n it awesome love it n make another games like this please with us army like towns war n d day fight n Pacific war with Japan n us Marine n keep us all update n make one with korean war 💪👍💪👍💪👍,5,1,0.52,2020-03-23 15:39:37,,
gp:AOqpTOGQdMSU1HOGUodiCZmFWZQYljOMqTI5KWdYeJcsvK-DQ28urO8hVnEuQp-VVKnJjlxWdCy0r5YPDRMDyw,Androidplayz oof,https://play-lh.googleusercontent.com/a-/AOh14GjaEngFsP8o-Y8FwrRpKXrPKl1s-0kRndASh7CxXw,Really fun!,5,1,0.52,2020-03-15 14:20:50,,
gp:AOqpTOHUA2aNQO9D7lMNsCpm21Qav4aqotLCv_KcdIvG8b5YdHPkHyxrCsa6G67yau_Ox0Z-unlx580x3vfgZQ,Tobys gaming,https://play-lh.googleusercontent.com/a-/AOh14GhvaWi9S5bxFLA9CxMYF66uyWshTjFENDMMfyqJ,It's a amazing game and has a lot of potential but it needs some changes like sensitivity options and tanks spawn camping where you spawn but other then that its amazing I suggest you add a online version or something,4,1,0.52,2020-03-12 12:49:10,,
gp:AOqpTOFlvTXSL6Vefb4A7L-zVR76iqJ4tE3sSNjlypNC1V2zNZvNmT0yudez-CoIVCVlN7mevAKqh5_u4hQDOg,Jeff Reaves,https://play-lh.googleusercontent.com/a-/AOh14GjicmD1QXzdCYIBdjUSprOz7xnBr5rrMXyyLF3urA,Simple graphics but just very fun. Love how much you can altar the terrain.,5,3,0.52,2020-03-11 16:31:43,,
gp:AOqpTOHehRVft4EBJj8JqhlcFugcZ94yVcCmZ7oWwvlTqbiEoel60Kk7yij_kXowK717WhPyV6FYAeYJoNc_hg,Top wolfz,https://play-lh.googleusercontent.com/a-/AOh14Gj5xTfsBH7vsYNCz9lePViDqLQYX1vxKwq7hvNiog,Please keep this one good,5,1,0.52,2020-03-04 15:14:33,,
gp:AOqpTOFcGaCEBtCtmOBwU6BO-lUgtbwAZJGVOgMIhMu7JkVpLv7788GF6tnZEa9B-nLyau7nDNOzgRHo6Cfbng,Tanner Hathcock,https://play-lh.googleusercontent.com/-UItNNAWAuIM/AAAAAAAAAAI/AAAAAAAAAAA/AMZuucmJFO3nBaeK0xv97XXFOFtsESPwrQ/photo.jpg,"It was great , the next on you should make is the African campaign, and you can choose between Germany, Italy, or great Britain",5,1,0.52,2020-03-02 19:54:47,,
gp:AOqpTOFvuNXywpC7yXeom3s8_gGAjN_6T1T_JZqG2lw7n1io0_vbhVWY9ZTAuX-YEe5zvVWWD639Mwlnac189A,Jordan Batey,https://play-lh.googleusercontent.com/-wLwhip_SBxE/AAAAAAAAAAI/AAAAAAAAAAA/AMZuucnW1O1j5wqMOH_yKI_YVus-qXVlHA/photo.jpg,It worked for the first few days and then it just started lagging badly.would like a refund,1,3,,2020-03-02 18:09:03,,
gp:AOqpTOHmHnPfgkcm_N1x-YTAd7Ws9sZK9NurVRhY1d9l61kLOjLQ14ImieoGsxaXXZ90iUaLy5sH-KBjRRgt9Q,federal response,https://play-lh.googleusercontent.com/a-/AOh14GjZhf0ZsuW2kvpZ-7epQb37lcxqdzSoWgHNsUDuUg,Shows potantial,4,1,0.52,2020-02-27 19:56:13,,
gp:AOqpTOHc-5u_BT5IrmRXZmSwJXPoxTIvZ0O7C4agIjLCDHTs6wChhXLO4M3crVyq3bH737Wta8Eo4vuK_yYCuw,Amit Shekhawat,https://play-lh.googleusercontent.com/a-/AOh14GgTXtCw-t1DJI3zZcZ9PkRbxKEDRV-uX2of3t0eIA,Nice war and fps game,5,1,0.52,2020-02-27 01:59:26,,
gp:AOqpTOESagwhjcxSCBMhTIdB1Dvr2sCrqgYSXRqSjACMCUKwiT_1FroeUL3_BsDiqW2shS4BR4dvH-RIUKY_Yw,Irishman,https://play-lh.googleusercontent.com/a-/AOh14GgiuhL0KCZN1z7dVHHBDAIBmIgMXsxBfdAErXgi,"An awesome game, but needs some improvements: number one make the planes not control like I just took a shat on a waterside and then pissed on it making it slippery and then I threw timmy the kid next door down the slide. Nerf artillery into the earth's core. Last make new flares for the flare gun.",4,5,0.52,2020-02-25 15:04:33,,
gp:AOqpTOFjQnyYoGDDhucthi5BqiS03uStG5-KOP-bPziycIeP9bgBVdtKzs7-3oPQ8awRd6QWIMb6Kk0M4fRX8w,endz clan 2,https://play-lh.googleusercontent.com/a-/AOh14GiCRaA2CFyX6ULd1DdyBfS8UFMzerfUIpFxuV5g,Its like battlefield its worth it and fun,5,1,0.52,2020-02-24 06:06:31,,
gp:AOqpTOE5nihGhFe5ojpD-f5g3rLYoi-VG53qiXD_b294qJxu-ym9tA2bWrG2g715uRdjFBJnY5QoGCOfxtSr9A,Arsène,https://play-lh.googleusercontent.com/a-/AOh14Ghpid6mIzISCl8I2dlwMg8O27_lquFi_K1tHBt25A,Good,4,2,0.52,2020-02-22 19:25:18,,
gp:AOqpTOHNYsYcAhZ-d6443xeilEHTPV-a62Bo8s-dez0kOroN1WBV1ao5sD6fLN4ViTDop_jMklNrAJ16aLG3vA,its jameson critz!,https://play-lh.googleusercontent.com/a-/AOh14GjbZWrtT92gQZWlnwYTUicBk_Y4s0xNg2JSqyd1Fw,I will rank it 4star it is a good game but it does. Need improvements,4,1,0.52,2020-02-20 20:54:20,,
gp:AOqpTOF3vX1xDh6f8oN9MTV0NUFapS--IKvgGC9-BQus2t3eWG0qbcbJ1vqQ7wQPVZds35rRK7RGY2dzHEtAcw,Communist Propaganda,https://play-lh.googleusercontent.com/a-/AOh14Gg56DpIUoGXMkR4Bs8iJUK9swoZaokGYFlIb0u5,"I very much enjoy this game, and have loved all of your other ones too. I personally like the low-poly graphics, and think they add a lot to the game. It would be nice if tanks didn't spawncamp field hospitals as much, as I've been stuck on the Battle of Moscow for quite some time because of that, but besides the tank issue, great game!",5,37,0.52,2020-02-16 17:59:58,,
gp:AOqpTOHNhUZ1yEK0lcxhagUnqBAJ-lIRpITo8HfL4eEKUQu2ASC2eb7V7cLmsdzYrRaTB26xHBvPUCUvW0KPoA,Hadif Evos,https://play-lh.googleusercontent.com/-R_yq-Dj9ycM/AAAAAAAAAAI/AAAAAAAAAAA/AMZuuclj-HckoNBcwAUe5-aVl9fC2rDZnA/photo.jpg,Epic.... Nice game I really enjoy..... Can't wait for the next update..... I hope you fix everything for this game... Because I could see the potential to go further for this game... Oh yes add German anti aircraft like flak 18 cm aa.... How about that?... And why don't you add swapping gun animation for at infantry... That's gonna be cool.. And one more thing pls shut down friendly fire😢,5,5,0.52,2020-02-14 04:22:15,,
gp:AOqpTOHrilMFxASlGhS8CR6glvMA5s-d5IInLdUN3tmRVBuwir7JmOiTHmOMMgg-QBK1pGPSBw_gLZ-MbsPtAA,vanessa tagg,https://play-lh.googleusercontent.com/-VmxqB7Rg76Q/AAAAAAAAAAI/AAAAAAAAAAA/AMZuuclmmUOqmpZ9-FuXu7ofD5Xvj5xOlw/photo.jpg,I like the idea of the game the fact that you can comand squads of soldiers or tanks is cool and its a big step up from winter war it has more tanks more weapons and planes the only problems i had were your teamates shot you often and the lag but its not to bad but i had a good time with the game and i would like it if the next game was on the western front,5,8,0.52,2020-02-08 13:07:07,,
gp:AOqpTOEUChxGibtg2aKMy_8DSDaYKt1T06DIMkrhhWh52S65U2HI2_4Q3fCoWqBmSgGTTo4aZ6O3Nigu2wYYMg,Amon Mengle,https://play-lh.googleusercontent.com/a-/AOh14GhcdUGfPuGbqi3h-Pv8Z2CqpjbHW4ZdDHNDsNhNog,"Honestly the game is actually very fun to play and is worth the money. But it also has its fair share of Problems most notably the performance is terrible , most of the time I get less than 10 FPS suddenly. So I advise the Dev to focus on improving the performance and mechanics and also fixing bugs before Working on other things. I would also like to see new animations for other weapons like the SMG and MG. Other than that the game is actually quite enjoyable.",4,35,0.52,2020-02-07 03:56:12,,
gp:AOqpTOFz9qgwi4hs5Fw4HYN6wgxDmb1vJk_4-bYbUe45MLZ96jsTTj90VS2vmD4W3ygTjPsf2jg9YrDq2frQSQ,Rasel Ponpon Miranda,https://play-lh.googleusercontent.com/-z5tlBkJSa-k/AAAAAAAAAAI/AAAAAAAAAAA/AMZuuclFO93wm-nQpvO4SDriSrqRPtbhVA/photo.jpg,good game edit:please add more vehicles and flare types you could also add a new map😊😊😊,5,1,0.52,2020-02-05 22:21:27,,
gp:AOqpTOF54GwpIsxCXzLx1PUfhlLnksyDr2Hu3MEsaNWM2jsAHldrmDDiTnx9UTERg6UMJ_VsnVsBnRswxcs3kw,Tucker From wot blitz,https://play-lh.googleusercontent.com/a-/AOh14GgOXlWTetcdKJ8NFTbj9p0AgtJiTr_9zzCHYNVD,The planes controls need a update and you should be able to choose what tanks spawn but besides that love the game and winter war so please read. Add and fix,5,2,0.52,2020-01-26 13:04:06,,
gp:AOqpTOGTR_5JSAQQL52sY28i8tfokL89ykZgx0MraHqNal-S5l4dFA7ghDbtSKeT2MA7jvnbb8EhMK3Qn8MbKg,sam sam,https://play-lh.googleusercontent.com/a-/AOh14GhfDBy0whuxnKEA50sibe7ajg5sbGwnK5LlUFXOcw,When is conquest and colonies coming out ?,5,1,0.52,2020-01-24 13:04:51,,
gp:AOqpTOFjAkiO8DnhrvAWKW1lSvQTsPUVkvj3lq74NR3RFj-jdmpjamCDj2OroFgWEpZWkjar4VDjxAtDbcHI_w,viktor rocco,https://play-lh.googleusercontent.com/a-/AOh14GgTs4WRXfEMMdhM7kRqHYtQgQDlURzL2sOFXLaozA,I think this was better then winter war i loved this game more then ww (winter war) but the tanks are to fast can you fix it and also to strong then in winter war ps can you do d-day next for a game,5,2,0.52,2020-01-21 04:16:54,,
gp:AOqpTOHDHI3T_WeW6-5egJNhhwx2I6tUsmtBWqS7KLlj5VzSreCo5YtTr6UAyF0wLwgA_QmdzPIrGdLYh_QOkA,sam w,https://play-lh.googleusercontent.com/-IQ7RjB-Q2GI/AAAAAAAAAAI/AAAAAAAAAAA/AMZuucmJhUQh_NQyZO851FZN_Z54rNKoew/photo.jpg,"Great game, more effort put into a £0.79 game then other bigger titles. Little things like the artillery leaving craters when the shell lands make this game a cut above the rest.",5,3,0.52,2020-01-19 04:41:03,,
gp:AOqpTOF0V-WPdpyyzrXJKTq0FbUgGYTSz1FLZ9-1J2Bcd1xnLNBV8WZGXQoBUx5yTazNIaaXT5gyR1_cYApugg,end my suffering,https://play-lh.googleusercontent.com/a-/AOh14GjZ3Iqx_e66yw73SO5vZ_eAHKqUyRdgcpIeHo66Ig,Awesome! But i think you guys should change the player models,5,1,0.52,2020-01-17 01:16:53,,
gp:AOqpTOH8-7JChtJJPTO5fcyxDtrgHZ2Og36crGE21nOdu9OZVSdyCeCYWtQiLSxnrMSRt4gtgkfqu9EjF3fqXA,Likemsplit,https://play-lh.googleusercontent.com/a-/AOh14GhUdmI1btWnd7A8Onc7UgFAXF4XGx8ecGEEQuh7,"Really great app, i love most of the games you put out like battle of vicksburg winter war love em, These games are a great and dont take too much space while giving good gameplay keep it up.",5,2,0.52,2020-01-16 05:18:34,,
gp:AOqpTOEHjua0DJK-Yu2Gnjrm-q6C8JBwCccrUrDJqo_avx7dki-YO9YnBpqjBSky6FfPdvplkxrsKi6D0ldDOg,Indeed,https://play-lh.googleusercontent.com/a-/AOh14GjBWkplA3CTIlcYx7m-nx-5TznQYeSEJC003mEEsw,"It's an alright game, but I can't find the new rocket launcher. How do I equip and use it?",4,1,,2020-01-15 11:29:48,,
gp:AOqpTOEaNeAcHV_G9JQhbJTk7ME_kb40_dxSudmVDN5FSvHKeiLpPh2zDQL-hsZi-UPFpUn1pLCw-Ji2tU27RQ,Brayden Wagner,https://play-lh.googleusercontent.com/-Lq1zBg-bETA/AAAAAAAAAAI/AAAAAAAAAAA/AMZuucnAAJrZXaDcTME1j9_Wt5EWAs3ZVg/photo.jpg,"Very fun, lots to do. By far my favorite WWII game on the playstore. I would like to see a WWI game made by you. I can imagine it would also be very fun just like this one :)",5,2,0.52,2020-01-14 16:03:55,,
gp:AOqpTOFPEqchDwHMmv0k0ItiKm7nFd6DE0-TRbFvEU9oZXOBH8XLuwsb8Y2ZKDp19jDxQphH5yAWvMyY6XFr2w,Raymond Spielbauer,https://play-lh.googleusercontent.com/a-/AOh14GjolE_7RAQ--lFz5jVHap_6fJvFVcM4DZKjo_nn6Q,The idea and attempt at a large sandbox like historic war game is meh at best here. It is hard to find a starting place to complain do not buy I want a refund.,1,3,,2020-01-14 10:27:12,,
gp:AOqpTOGsy9IOteIETqxuHTHinJQK9-iu9AdjrxFkVhT3Wpj_HTADaSY6KTDOFGR_zCOFpQFa0YYF9b1rkpZHlg,Mickel Dupont,https://play-lh.googleusercontent.com/a-/AOh14Gh21YUqlWlLVy1FjKA5kDxcdE4loMDC4vj1SBcs2Q,"Very fun game. I like the simplicity of the graphics that allows ittoadd more units but there are some problems. When you get into a vehicle that has 0hp it will sometimes cover the whole screen with distorted parts of the UI. Another glitch I found is when your screen is fading to black because you are unconscious, you can enter a vehicle and when you respawn you can press to exit the vehicle and you are teleported to where you died at.",5,26,0.52,2020-01-13 13:46:27,,
gp:AOqpTOGvjXw6LjZxf39kaj5FykZxyXlbIpZwgEML4oOGg6yWlQUGKjp6RdmfAEqKUjcau2JSqxEf4naKQiDr0Q,Bruh,https://play-lh.googleusercontent.com/a-/AOh14GigxvM4XI3uYJCeZk8207VjyKQcyMTBrU9J1Wcx,Over all this game is good but i suggest you fixing the artillery aiming cus they always aim forward but the games good. GOOD JOB,4,2,0.52,2020-01-12 19:37:29,,
gp:AOqpTOHmgjp5NsrckLHMXZAMftrNrk8nzSlOxPOEcpmz09ahc7WTjfXH2La5F9TifUHLbgz0tNS5Zp2qrp8Qhw,Grantie,https://play-lh.googleusercontent.com/a-/AOh14Gjs1mTCOGE5GhXtFpv79PvEZL3Yvp8O2hZJU5BVew,"Very fun game, though it just seems to be a reskin of the other games the developer has released, and nothing has really changed",4,2,0.52,2020-01-12 16:54:19,,
gp:AOqpTOHkPjvwRyNgL9nx8TvYJE6NocxarpHNzsDaR5KjylVxpXmsyI6OxR4oPVqLTPr4xkMBFWTlGI9UpAK-SQ,elias meinhart,https://play-lh.googleusercontent.com/a-/AOh14Gjrbu3_32QWPTVIP6fOB1iRZ5-mbbwUotO_lteYmw,Great game but the only thing that holds it back is the controlls,4,1,0.52,2020-01-12 09:00:18,,
gp:AOqpTOGiP9miBSq5xslhAXs2xXgDXr9UJeD3-bcUCPNxD9edPnPC6f9lLpmVg-SDZMOMZ4TYY6oMM8U1aJp9QA,Renerson Caampued,https://play-lh.googleusercontent.com/a-/AOh14Gipio5-8tcFKjhJIrPVE4LCbratW9t4zHNZST7Fcg,I complete now your game you are best developer,5,1,0.52,2020-01-11 23:10:16,,
gp:AOqpTOG4WBLtSg5WjBOXskVjdS93w3AT4XqMdcHB6MQ-mydKeXWMZH8hYlgJOwoLwgF2B34XG5ZNe-Z_nmwGUQ,ultrainstincthaggy,https://play-lh.googleusercontent.com/a-/AOh14GhTvRk1AD6DQ3f9gdLgP7VEgxOksqo3KUiSC6VIbw,Its super fun and addictive but something is weird about the dead bodies floating or random objects in the sky,5,2,0.52,2020-01-10 21:32:59,,
gp:AOqpTOHNJQKLTWk_ehYatlvelRhjap5RLleWP-jZd8acSaMAZU-ikW1iR01Ks17HEhxvghRjPhdBC0-yta1bkQ,JEMGEMING,https://play-lh.googleusercontent.com/a-/AOh14GhkESjME-w93HCLe0Y5-R2Oq8A7VS3aWEpAI9WZ,Can you pls update the game and make the ju87 stuka available pls,4,1,0.52,2020-01-10 18:17:51,"Hi CAPNGaming :D I hope so too lol ;) Don't worry tho, money doesn't buy what i really want.
I just couldn't resist the temptation of making a game with some nice German Panzers hehe :)
Thank you for playing my game :)",2019-12-29 16:57:25
gp:AOqpTOEii6fho0n2tt7tblYE9lX-g_1O8ZRfMayRcyUMoSE__iJAv6NuYMXfZVdaNek17EQGzmKQaXb0axRBwg,Buttfrags,https://play-lh.googleusercontent.com/a-/AOh14Ghw6jfYdzLvkXbcIjFiXX8oFrVrA7_km0sXN0LQeg,"This is the first time I have had to leave a review this negative. But this game has forced me to because as it is . It is practically unplayable. I have a OnePlus 7 pro,l and the top and bottom of the screen is greatly cut offf and it makes the game unplayable. I will add 4 stars once the developer fixes this major issue.",1,24,0.52,2020-01-10 17:15:49,,
gp:AOqpTOHYaFUzQAzd26QdFAnjt69ZYY9IiucaYHwvkT0TBRc5JRvzRy6DV_jCZxZ3CkYCm2_FvEsUcZ2fShWsLw,Chaos Insurgency Union,https://play-lh.googleusercontent.com/a-/AOh14Gh0OZl30yeAdhjjXvW6Tec_El1yabTUO4tUhnG3Dg,Still a good game! Only complaint is that in some parts of the map I can see cracks that run in straight lines. After this game PLEASE make D-Day.,5,2,0.52,2020-01-08 20:01:19,,
gp:AOqpTOFSJyZIBzwUDZAiuxRA7gI0lierV8on57IeydhfikZ7c_WIJYchttY7ivuHDWdGNC137_CW0xXYB2M-Cw,Luis Palomera,https://play-lh.googleusercontent.com/a-/AOh14GjSWlwkP9yxxb7Ll3LhXjmccQ-1h2ClWrGpZTGr,"I liked it a lot. It is a very unique mobile game that has a lot of potential, but the controls could use some work.",4,1,0.5,2020-01-08 19:22:12,,
gp:AOqpTOFxTZHyw7AMw2aDl60rp1yzGY9Nw5zOzmoG03i8c5YvhsmI6D7G1zozfZrcD_r-NrTeI_zxKcChJLbIXQ,nuky boi,https://play-lh.googleusercontent.com/a-/AOh14Ggzau5kvmaHkl6QUYNMRMDjnaV-ooIHdvxi9pCMTw,What is with the mystery stuff and why cant i get stuka?,4,1,0.52,2020-01-08 12:53:28,,
gp:AOqpTOGzfh2EdD_tcMWeyRl7mAH6T_Cwrna6ZZEjqQQYR9cHy2cZAtinyjh4Jb4yqBbnpTgn3rUDGzy6txxF-A,PureArchon3578,https://play-lh.googleusercontent.com/a-/AOh14GiNxKBntORpblAbhPHigfdnkWvFxtrFYCdPN7hC7RI,I am really excited to see another game by you! I really like the controls are consistent throughout your games. Overall quality isn't perfect but it's amazing and really solid for a mobile game. I really like the style of this one in particular and like the feel it gives.,5,9,0.52,2020-01-05 13:39:50,,
gp:AOqpTOH8_eRQWdMTWo_yODV5tF-R0wCt7onVaptzIPQc7g2skm45Kbj0ff_9pOvsuxxKG1i_7QgJ9fiEMip0Ww,Charlie Galligan,https://play-lh.googleusercontent.com/a-/AOh14GgZ_8ZXXjry-sMd2PO3kLLApY1rtY9pX-7aSOW1,Super fun. It is a awesome time killer and super simple. It's just fun to hop into a plane or tank and capture a base then do it again. Some may find the graphics annoying but I think they make the game better because there just so simple unlike other games. Best world war 2 game in the appstore. The only issues I have with it are that it will sometimes glitch out and will make me die but other than that super fun. Would also recommend his other games.,5,28,0.52,2020-01-04 11:23:32,"Hi Charlie. Thank you for letting me know about the issue on your device. I don't know exactly why it happens yet. I will try to resolve it.
You can see if the OBB file landed in correct folder if you know how.
I'm uploading an update now, you can try if that somehow makes it work (but don't count on it). 
Sorry about the inconvenience. Thanks.",2020-01-02 01:14:12
gp:AOqpTOHApFIcZg8ql-qt3OqHe17gjme2j9lnUDhhOz9F15i2_oj26scgJfEO0yuZ3iBwEjZQzcCL0r3f4tCUEw,USSR Union,https://play-lh.googleusercontent.com/a-/AOh14GjSFb6sgAlH_IYv0FZnh5jEAHB8LJXMDrJHuWbMWw,How do you use rocket units?,4,1,0.51,2020-01-02 16:50:48,,
gp:AOqpTOHxW5692VLIcn1IGsrczt3YEZp95PgggK4ZTzDfpIJ4niVkV-_hFHmK14YMDorSGCTZ7BN9RnoKv1TDzw,Aviore Gaming,https://play-lh.googleusercontent.com/a-/AOh14GiI48bRwcp3KYTwpDpjwV6VcjPJnvch75-Ukvs0bg,Epic awesome game you create the best battle simulator for android ever,5,1,0.5,2020-01-01 05:31:36,Hi GamingNinja! :) Thank you so much for your kind words and support! And for your awesome videos! I love watching you play my games!,2020-01-02 02:09:25
gp:AOqpTOFu1lrSy-dPGHy7p7j6SdsWh78bbRaFpSphyRlreW_HcxHW6cREOxeEuKHQWw8ZRcVu8_8-zZ-tf53XBA,DemiTreuse,https://play-lh.googleusercontent.com/a-/AOh14GikGS-CWIV1fB_63Puw0kFpWckRq4FzKBuAq2Cpug,Can you add many country for fun,5,1,0.5,2020-01-01 00:23:55,Hi DemiTreuse :) Thank you very much! I might do that eventually. Thanks for the feedback.,2020-01-02 02:16:00
gp:AOqpTOEh9lCedndbV73nY7rXPqjxiIGG0GDEX-sqozCMdH4WQO6g2bJuAkT5C_5EpvFnPYsy19qmFCtsgvw4tg,matthew connelly,https://play-lh.googleusercontent.com/a-/AOh14GiIa9q2rgany-ZmNCMzbHm7WAfIkYCMP-4UXg7UXQ,"Panzerfaust is broken, it keeps firing into the ground no matter where you point it,and the katyusha should be counted as artillery",5,2,0.5,2019-12-31 19:14:54,"Hi Shiteposter :D Vooorwäääärts! 
Vielen Dank :)",2019-12-29 16:35:24
gp:AOqpTOFY8pNvX4lquUJpsZ41-Mg7BD42nBVJl7eIXCOmxqt0xFjrEqyYFbD6RckQrrSfznezJOeDmJF9NoYhcQ,yung Guacamole,https://play-lh.googleusercontent.com/a-/AOh14GgNby_68OAukNtIki5JqiX1DjqS3jyVS5Qpz3Hh2A,Good game overall but i feel after playing all the games they share an issue of haveing bad controlls.,4,1,,2019-12-31 14:27:57,Hi yung Guacamole :) Thank you very much for reviewing. I will be focusing on improving controls and UI soon. Thanks for your patience.,2020-01-02 02:18:13
gp:AOqpTOGs6VlUXB4cUrjZ_bzuvm8uSMYgLrx5096o-8jJtEvev1OfNU3fXPnEoUZXKU-5q0Uw8qpqwhuu6Cu8lg,YOUTUBE YOUTUBE,https://play-lh.googleusercontent.com/a-/AOh14Gimhg5Efs0msyRuKixpbda9vCIpD8O1di2-9z_YcA,It's good but it needs work if you die in a airplane one time the next time you respawn you fall out of the map and sometimes when I spawn at base being attack I will die from the enemy over and over it's a good game but it needs work and can you work on the AI,4,4,0.5,2019-12-30 17:55:13,Hi spring Foxy 6 :) Thank you very much for the feedback! I will look into those issues right away. The AI will be improved continuously. I will release an update with fixes and improvements etc very soon.,2019-12-30 20:19:09
gp:AOqpTOHra-GvJuWtJcPj1h3hF3NWJFUBuokPPjeEjv6kP7mjjMN4vhdbjP3L3lkDFuVedFP9AQ-n753q4rzNZA,Simon Gimotea,https://play-lh.googleusercontent.com/a-/AOh14GjGCx8py_2qs9ZRIpP8QDG_aonOd7tM9OSQK1Cp,This game is really awsome but can you add a back button,5,1,0.5,2019-12-30 07:48:33,"Hi Simon Gimotea :) If you click ""I"" button in top right corner, and then menu, it takes you to main menu. Is that what you mean please? Thank you for the feedback!",2019-12-30 08:14:29
gp:AOqpTOE5yBTY3nAMMpyxDu6SyID1GBl1-FhmvHidXUj6lKBCyS5StQ_7lXTJcjIF5AHImdPP8e75XuURU3o-5A,Steffen Williams,https://play-lh.googleusercontent.com/-66HVb0i9WNk/AAAAAAAAAAI/AAAAAAAAAAA/AMZuuckxUrhk4MyVBe6ywnke-1pPIrr9NA/photo.jpg,Great game but it takes getting used to you should make a ww1 game Or a Pacific game,5,1,0.5,2019-12-30 07:43:10,"Hi Steffen Williams :) Thank you! I will try to make it easier to learn. I'm working on updates with improvements, fixes and more new stuff.",2019-12-30 07:45:02
gp:AOqpTOEq9RuYVmb70Era0igEXXeiNojv1aewEyuP7umeohl7rpTdRV6rrOmu6HkULpOyzmu9V4XSnsnnDwWvVQ,Old Music,https://play-lh.googleusercontent.com/a-/AOh14GjylusufG5DzcAj3Pr-9w8s0SrMuavapBZo04kH,Some bugs in the game,4,1,0.5,2019-12-30 07:17:23,Hi Cosmo Recognition :) Thank for playing it and giving me feedback! I'm working on updates to fix bugs and improve game mechanics etc. Thanks for your patience.,2019-12-30 07:30:16
gp:AOqpTOEHUfe80rhd3M2lHGSHbDi4d1kLfoA6M6w3q5r3XRc3h0UZlj53l8Wcgj3aCWgtFTVL9QLhxZ8L-cLDRQ,Adrian Scalia,https://play-lh.googleusercontent.com/a-/AOh14GgA4mO1QghYPRM-SZAXJ_P7VRufLzJ2muU7dc_R,Amazing,5,1,0.5,2019-12-30 06:51:11,Hi Sovi3t :) Many thanks for the support and feedback! :),2019-12-29 17:13:44
gp:AOqpTOFh3eozr0JkySaVrS2bUeewqGXtNkTcUnh4_GuH7uGLzwMhr8GE-PsGgCFHi3oX4weoBD8slA9255yNZA,Simon Gimotea,https://play-lh.googleusercontent.com/a-/AOh14Gj9Yxp7pTk26dY43rNZg71shzvGDBbtLMmPdCk_,"this game is fun to play but can you add more units,objectives and campagin thats all",5,3,0.5,2019-12-30 05:14:56,"Hello Marianne :) Thank you for the feedback! Certainly, i have just added two units (Axis Panzerfaust infantry, Soviet PTRD41 AT infantry) They will be in the next update soon. I will of course add more campaigns and objectives soon :) 
Thanks for playing and reviewing :)",2019-12-30 06:58:15
gp:AOqpTOEBe_Ib6Va0my1AxF5_yljsXRjO-LqKqb5ZGoNFDfLiyCLLa-arB5KwURQxU_-ClhkEqq70RcXrkumZCg,Hawker Harrier,https://play-lh.googleusercontent.com/a-/AOh14GgOn8020GEp9suc4vQqXoIMc8JtYAa4e516lipvLw,"The Gameplay is fun and the mechanics are well built. I do however have a good few problems, most being glitches. Glitches like spawnkng me in the abyss, houses that don't let you out and literally, while driving, the game breaking and playing some crazy sound while staring into the abyss, couldnt even exit, had to close the game itself. GUI is pretty weird, a smoother and more comfortable one would be much better. Either way the gameplay is great and there is a lot to do. Nice game Thorium",4,20,0.5,2019-12-29 20:38:24,Hey Wantonyodler :) Thank you very much for the detailed feedback! I will look into those issues and improve controls and UI. Thanks for letting me know.,2019-12-30 07:05:46
gp:AOqpTOFDr0Xa7MIBGyET2hVICjvdag8PrcNxdgrpbLNv6sgAd5AmBADjhNl1Ehxsfpd0nKumyYazsWvwh9slDA,ÅSHÅ Last Day! :3,https://play-lh.googleusercontent.com/a-/AOh14GjDgt_iaatdcu5JNCDUVeK4-qJYf8b3lOPPxZdnNA,"""So Far So Good and Still Good!"" : Its like everytime i wake in the morning all i thing is this game. Because you know, i love war stuff.",5,3,0.5,2019-12-29 08:37:32,Greetings :D  That's so great to see lol :) Thank you for the support!,2019-12-29 16:39:48
gp:AOqpTOESgq8keWJYlDnNWe5hH4pdYmAPc7OesOaG3mLD4fw5zNh_HyJrpU_5SV76FyBrAUyZIzSNAZHrvsJAbg,OScar G,https://play-lh.googleusercontent.com/a-/AOh14GjveDimgAfPzznRV9GI2edUJNVqm5DQXKHqZCNKOw,I love your games. I love that you can tell your soldiers to follow you and lead them. Keep it up they are really fun to play.,5,2,0.5,2019-12-29 08:15:06,Hello GOAT Osky :) Thank you! I'm glad you like that game mechanic :) i will make the tanks and vehicles follow commands in a similar way soon :) I'm also considering making more commands for the troops. I will of course improve and expand many parts of the game. Thanks :),2019-12-29 16:43:37
gp:AOqpTOEHpi-EFu27UevanJyZZSP7jprvSMxvVVuWE6xXLMJZg5haw4tWxJZlVg4epeMT7pQny4dXkKdTbmSvBw,xXNorthofrealityXx,https://play-lh.googleusercontent.com/a-/AOh14GgxwNXadwuYN2XdsQoQsSWkDHv38njcox6TYWyoBQ,"Heyyy bro great game really love it, would you mind shooting me a discord message?",5,1,0.5,2019-12-29 06:33:57,"Hi North :)! Great :) I'm glad you enjoy it. Sure, i'll try to be in there a lot more again, like i used to :D
Thank you for all the support :)",2019-12-29 16:48:12
gp:AOqpTOEfqG2RJoJhU8qaPym0Mjhg99ohnGXjCGIQt94IjGvgB3hYooW5CXh-sYR-uG8fImoPi1SzlueZUuAnbg,Senja,https://play-lh.googleusercontent.com/a-/AOh14Gj2NM3srMwJUD0Ep8fK1v3ZQhXNkOrylCcYq6wQUQ,a m a z i n g,5,2,,2019-12-29 02:15:24,Hey Senja :) Thank you so much!,2019-12-29 17:05:03
gp:AOqpTOEG9OTc5uqGPytXmbahQxd02OGkPgHzF5lQx9gUUpsOblZkOyxCDxXZfNJgp9j1OyXfpOrVaYnCX-53ig,Muhd Shuhairi,https://play-lh.googleusercontent.com/a-/AOh14GjN2wSmKeRopo6Q17MJDgmuoEjGPZfxDowGwU-5,"New game, New Everything, Nice, 69",5,1,0.5,2019-12-28 22:17:17,Hey Muhd! :D I'm glad you like my new game! Thanks for holding the fort on discord while i was gone :D I knew i couldn't return without something new for you lol :D Thank you for reviewing :),2019-12-29 17:09:30
gp:AOqpTOEiG88Rmik39PCaEzKSaDho0b-npx9p0CgONG0j0f7h7nVEJuUtoCtrboQp0e_YRJO3hiYhttgEIK12OQ,Sam Banh,https://play-lh.googleusercontent.com/a-/AOh14GjJqG0Fw6vq8BaEZ9UGqJtHwaXSla9I8fN-7klzJg,Epic,5,1,,2019-12-28 19:52:52,Hi Sam Gaming168 :) Thank you for playing and supporting my new game!,2019-12-29 17:11:04
gp:AOqpTOGTHOkCu7D6tISm5w0TtTPsNvYZ1Xg8q2W5xm-3a9Ojis_lqjAm1KIQ5rIh9pWHQhMA2I_sPziOIqC4sg,Thomas Romanov,https://play-lh.googleusercontent.com/a-/AOh14Gi5rEG6gkmo-MSnkapM7q2ZEvuj4IqEdEs-NbS5,Amazing.,5,1,0.5,2019-12-28 18:56:39,Hey Thomas :) Thank you!,2019-12-29 17:12:13
gp:AOqpTOESTaMfRPOOt6evjKNbqbov5B0UaRIp4kRHBqeORxueTDA6X5kbhyGwskCZ3hpyGsOtQxaUieGS7FhMzQ,Wolfy der Fuchsolf,https://play-lh.googleusercontent.com/a-/AOh14Gg_pNH2sXbsQ6COEQAJnvwaUtYFFys86vArVV56lA,"Great for its current stage. Some weird occurrences currently like overlapping UIs/Huds, but that does not effect much execpt readability, and the random German solider equipped with Finnish guns.",5,4,0.5,2019-12-28 17:30:57,"Hi Wolf :) Thank you for the feedback :) I will improve a lot of things in the coming updates, incl. UI.
I will ensure soldiers not using standard issue arms will be reprimanded and somehow provided with proper weaponry :)
Some AT troops will get Panzerfausts or PzB 38 (and PTRD-41 for Winter War too) soon.",2019-12-29 17:30:46
