reviewId,userName,userImage,content,score,thumbsUpCount,reviewCreatedVersion,at,replyContent,repliedAt
gp:AOqpTOEdFlxZJoLua-FnSGhogENam0Q3VM-Q1D0bVj93ByhFmw5tPfu-0G1od3O8pZCAB4uSrFq2pu3rIyc6HA,Amber Slone,https://play-lh.googleusercontent.com/a-/AOh14GiA7XfeI2nbG6Stqpb93mdq-70ZTuJC7XT_CgeX,Did not like this app at all. The information was very confusing and the articles are the same each week.,1,11,,2019-08-29 13:26:36,,
gp:AOqpTOE2ukFO4HBxb6BB-Y5zuDhdN9tAPXAgkEZ0Nb1Hbx52m95DFEJJ-R1mN3CLZLb4brSHsg7UWPdyIzOBmg,A Google user,https://play-lh.googleusercontent.com/EGemoI2NTXmTsBVtJqk8jxF9rh8ApRWfsIMQSt2uE4OcpQqbFu7f7NbTK05lx80nuSijCz7sc3a277R67g,"An awful app. No helpful tips. not interactive, not uplifting,not positive. The first line is a line that never leaves saying the below always check with you gp. Apart from one line of a tip there's nothing else changed week on week. I use a single pregnancy app that's so much better and free. This app isn't worth a penny!!!",1,18,4.3,2019-03-01 00:13:20,,
gp:AOqpTOFBE1Dv-AQ9jmJ6mI334D95s0Tsfv_BufgskkIqj5L4Iixz0U4dxuA3_xJ3Q822X-sNrmRHir9cDI4MrQ,A Google user,https://play-lh.googleusercontent.com/EGemoI2NTXmTsBVtJqk8jxF9rh8ApRWfsIMQSt2uE4OcpQqbFu7f7NbTK05lx80nuSijCz7sc3a277R67g,Definitely not worth paying for as you can get better information from a quick Google search!,1,12,4.3,2018-10-06 14:37:59,,
gp:AOqpTOEXj2Ll3wqV9reAEkAOb1zunm1FFjBO1DEo_iAoJOFSdLB87spCML0c4Ug4M7d4yiORofHmlXByCCrBpQ,T RS,https://play-lh.googleusercontent.com/a-/AOh14GgqGMoguO4XQUoq9EDXMY728btB4u8l8b51a8ZU1w,Just not at all worth paying for it. It has nothing just few articles taken from here and there sites. They don't even bother updating it with new ones. All they want is that one keeps posting pics. No new information not even weekly. Highly not recommended. What are you guys charging for?,2,10,4.3,2018-08-30 09:01:59,,
gp:AOqpTOFuH4ZzXk9PCIOgLSCnmNQZfJ600HGgT6lt5zaxNEKHckU89kjvFz2UWO916rd_Hj6BXe4smT4pjj-9EA,Ashley A,https://play-lh.googleusercontent.com/-FL0zLdoNLkc/AAAAAAAAAAI/AAAAAAAAAH8/AMZuucmmMoKE8SzAavoI32D7qVPjoPriQw/photo.jpg,"Repeats the same info week to week. It only changes slightly to say weight 
and size of babies. It never gives any new articles so you read them all 
and your done. Total waste of money. The free apps give more info.",2,8,4.3,2018-05-02 05:56:23,,
gp:AOqpTOFunaBV5ZYtNlVQnxI-Trj4qzCfJdH6bTqK4LV3Mtp_Tn-cnqIpM4V7ZdgkS6OsTaDoQ2tS5V8gcQWXUw,Kristen Floria,https://play-lh.googleusercontent.com/-clen2FsaotY/AAAAAAAAAAI/AAAAAAAAAAA/AMZuuckSjo8XSErpzlyriSZTA6XsD2elDg/photo.jpg,"This app was nothing special. Definitely not worth paying for.  It never automatically alerted me to my weeks changing and only popped up after I went in.  It didn't have anything that my free apps didn't have. In fact, most articles just transferred me to babycenter, which is free.",2,3,,2017-11-07 09:43:11,,
gp:AOqpTOE4x9iQ2gCKr5omqu5u62-26VI3bJEafa3H1b_osJpwyxKoLK45P4lmf1ZRp_WkbwxWmt1-bBxUVB5c3A,Monique Lightbourne,https://play-lh.googleusercontent.com/-AF6UQoeae4g/AAAAAAAAAAI/AAAAAAAAAAA/AMZuuckumWKp_QheWiFDaXI0bdwbwQxJ9Q/photo.jpg,Great details!,5,3,4.3,2017-07-16 09:56:06,,
gp:AOqpTOETAjZd89JTqcZ4rEQQBwpfEG6M45FUUi6zLVIgff6iOvGo2YLAXgANUHiL_xhH2aIuXoqX4EqmLW4y1g,Ghazal Pakzad,https://play-lh.googleusercontent.com/-9jXoPF4qnVQ/AAAAAAAAAAI/AAAAAAAAAAA/AMZuucmgLuBjDU3t66Qi0Mnb_foSOg1_oQ/photo.jpg,"Its ok, once i read all the articles theres is anymore to read. I like the name list i can creation. The weekly info is not much, very short. I get alot more information from Other free apps. And there doesnt seem to be much update to the app. This seems to be the best that it will get.",3,21,4.3,2017-06-11 23:09:09,,
gp:AOqpTOENOKQtbrS_gHYeLWWpEnbwZe9qm2h_0rZB0Ek44gcCPuT0WAzpVG8zO-ulUy6falD3HHDAG_h4lWPUjQ,Joy Gotlieb,https://play-lh.googleusercontent.com/a-/AOh14GgCs1a-bLNF4-rH3fBPBiXcg_Ftvdlyptc5_KZ3LA,Didn't like it. It isn't worth the money,2,3,4.3,2017-04-29 10:12:48,"Thank you for taking the time to review the app. Sorry to hear that you feel that way. I am always working on improving the app so if you have a time to give me more details, I would appropriate it. please contact me at help@twinpregnancyapp.com.",2017-04-29 10:23:28
gp:AOqpTOHLPuVeKWmhvBLDSNv250bq58ibvzFFmEtx1HV3Yerma1nrGCx3dnMJDYf8L4N56EasoTgRyJkjBC8rXw,Jessica Johnson,https://play-lh.googleusercontent.com/a-/AOh14Gizd2Ews-7M5cCevQkSuc8DwzNMBek_FlacIAOyjg,Why did I pay money for the same info I could get from other free pregnancy apps and a bunch of links to free websites. Not worth it.,2,2,4.3,2017-04-25 13:02:32,"Thank you for taking the time to review the app. Sorry to hear that you feel that way. I am always working on improving the app so if you have a time to give me more details, I would appropriate it. please contact me at help@twinpregnancyapp.com.",2017-04-29 10:23:34
gp:AOqpTOEinxLZR1wj9J5gIMhsK4d3ubUwsT09Vnzy8_LR7E8XzZz42kVJs3R_rKopv1gXxJNz2rUYRRw7OkYl7Q,Krystina Anderson,https://play-lh.googleusercontent.com/a-/AOh14GjksS-cyO0sbxhaWLgUI8dVLWkRCplPgRRv1ekr5w,I like how the size is accurate but I can't stand how summarized the weekly developments are or the what to expect. I like more details which is why I have another app to tell me details and keep track of everything.,3,2,4.3,2017-03-31 11:36:30,"Hi Krystina, thank you for taking the time to review. We appreciate the feedback and will work on adding more details to the app in the future. With twins in your future you already need two of everything, we will try to make it so you don't need two apps. ;-)",2017-04-01 09:47:56
gp:AOqpTOGfwuhuvZjNjvv8JuG4xbp4Pv6XlF0ZMUzMZa3nSns5I5Y_DADZi4EF8ELPp0v8WIM_qQc-os_b3ZsqWw,Dana Booker,https://play-lh.googleusercontent.com/a-/AOh14GguUMus88koM_tkzZ8Yre51Ev03fBfw2rNj4JMtwBg,Great app overall but I love all the links to recommended reading!,5,3,4.3,2017-02-09 16:28:42,Thanks for the great review! I'm glad you like the app. Please let me know if you have any feature requests or comments by emailing help@twinpregnancyapp.com.,2017-02-21 08:53:58
gp:AOqpTOG7nqqXpXV2SStuFz1xeicvUxUwjNtQtZAP18Q0HM0R_59DtiIXkkNZi8dEvkq8NpZ5jsDCl4As-Dubyg,Sarrah McFalls,https://play-lh.googleusercontent.com/a-/AOh14GiAyJD46tB7m6Slmb6oU3vAvurl0BmeMlP_5hCY,"The free apps will tell you the same information, if not more.",1,5,4.3,2016-12-24 04:13:40,I'm sorry to hear you feel that way. I've tried to build an app that will benefit soon to be parents of twins. If you are not fully satisfied you can request a refund. If you need assistance doing so or have any requests you can reach me at help@twinpregnancyapp.com. Happy holidays!,2016-12-24 04:58:51
gp:AOqpTOEc-8h2ENZCvGWwpdBUZpvQ9DTqA6Wf8yeQpc5A80BH8blJRPOnihO613P-v9r58-9hfsXNuUt2Vpoi6g,Lark Fife,https://play-lh.googleusercontent.com/-ecWzcFvML5E/AAAAAAAAAAI/AAAAAAAAAAA/AMZuuclWie_A2Ierq-65iFXFOtFBWb-55Q/photo.jpg,I really like the way the app tells you things to look out for every week.  It is fun to imagine the size of the babies and fun to picture them the size of a passion fruit or melon.  The sources for  information are also very helpful.  Thanks for a great app.  Well worth the money!!,5,13,4.3,2016-12-12 14:37:16,Thanks for the great review! I'm glad you like the app. Please let me know if you have any feature requests or comments by emailing help@twinpregnancyapp.com.,2016-12-23 08:09:40
gp:AOqpTOG8T_011eXFb5OgFAStRiwVLjpyKyLC2BFopsbo4WoDJ7onBk4MdA5FqOnMz3FEKbAg_YNal4q1rE2Aaw,Theo Fife,https://play-lh.googleusercontent.com/-Lh2zoAeqiZQ/AAAAAAAAAAI/AAAAAAAAAAA/AMZuuckjNsFetYk9wyknK0UYXhs6qrLhNA/photo.jpg,"This app is great! My family has a history of twins so this is just what I was a looking for! It has all the features I had hoped for and some that I hadn't expected. It's a great place to start learning about what to expect every step of the way through such an exciting and crazy stage of life. It also lets you save/manage your pictures and the names you are considering. The app runs smoothly, looks great!",5,12,4.3,2016-12-12 11:55:23,Thanks for the great review! I'm glad you like the app. Please let me know if you have any feature requests or comments by emailing help@twinpregnancyapp.com.,2016-12-23 08:09:49
gp:AOqpTOHLRyJ8CGQM1cfm2lidxD_fRh0hM3E3VRnJ4E68ZZ75l8jWd6L2wqga7ALPnJQJcyCEFXAqxOPehfD1rg,Elizabeth Fife,https://play-lh.googleusercontent.com/a-/AOh14GiPuxE0UE2U4SYU-fZ_bcA4lEMl4lk2ez2Gdn47rw,"Love that it has weekly updates about your twin pregnancy, and the ability to share your progress on Facebook. Highly recommend to other twin moms.",5,3,4.3,2016-12-12 11:17:22,Thanks for the great review! I'm glad you like the app. Please let me know if you have any feature requests or comments by emailing help@twinpregnancyapp.com.,2016-12-23 08:10:06
gp:AOqpTOFGHVzdTcHj2GZTHwhlmq0wSEVQ1kHp_jqmynpv5VyXVyLOTyHExw8I8kVrmNValo2aHWCX6l3_Ot01-Q,A Google user,https://play-lh.googleusercontent.com/EGemoI2NTXmTsBVtJqk8jxF9rh8ApRWfsIMQSt2uE4OcpQqbFu7f7NbTK05lx80nuSijCz7sc3a277R67g,"Crashes continuously when I try to upload pictures. When you pay for an app you should get what you pay for. Please fix! I tried again and it did the same thing, I sent a crash report this time. I hope y'all get it fixed soon. Thank you!",2,1,4.2,2016-12-12 00:28:07,I wanted to check back with you since the update. Are you still experiencing this issue? Hopefully now you can enjoy the app to its full potential. Happy holidays!,2016-12-23 08:08:11
gp:AOqpTOEPqiNLHeE0QDAKwAHSWqmwQaSyJukew-SMcni9TsiPmkN7ulSeZJpqnS2i8Zy0UTMLJoSJrqdb7tTEpg,Lauren Yannelli,https://play-lh.googleusercontent.com/a-/AOh14Ghjrq3S0p3PW0R0Hq0QaO5I92OfVQ4lXefV8YEwkg,"After trying several apps (Ovia, baby center, and the bump), it was very refreshing to download an app specifically made for parents expecting twins. The app has pertinent information and weekly updates that let you know what your beans are up to, their size, and symptoms you may experience.  There's nice features which include the ability to upload photos, make a list of baby names, read articles geared toward parents of multiples, and a countdown of days left. I highly recommend this app!",5,6,4.1,2016-11-09 10:24:04,Thanks for the great review! I'm glad you like the app. Please let me know if you have any feature requests or comments by emailing help@twinpregnancyapp.com.,2016-12-23 08:10:15
