reviewId,userName,userImage,content,score,thumbsUpCount,reviewCreatedVersion,at,replyContent,repliedAt
gp:AOqpTOFERLS7uFj0CHSuxamGP28DbtmovA2zcTTC0XKCC1mkHN3eqxPdFS0H2vENlwjlPbKEOWwMXANKoTgczQ,Steve McGrath,https://play-lh.googleusercontent.com/a-/AOh14GifnaAX15yL3YlZVInhlXoUwjMD4ix5Oc2TyGeXri8,Extremely realistic and easy to use,5,0,1.5,2020-09-17 03:46:04,,
gp:AOqpTOHQmga7VwSMD-nacOl3fAhSemzBkgZC6vrm0JnSdvLmH5OXGUdieWDTLgB9dKQZuLjmegkO3U8Q9biOAw,Marco Westerhof,https://play-lh.googleusercontent.com/-vx_h4w12Y2w/AAAAAAAAAAI/AAAAAAAAAAA/AMZuucl2yBc0fCAOgr8b24AkhGshR_6WJw/photo.jpg,"Smooth and accurate (for a slide rule) and quite fun to play around with. Would be 5 stars without the forced auto- rotation. I'd prefer if the app respected my phone's auto- rotate setting, or at least some option to enable that",4,5,1.5,2020-05-24 23:07:17,,
gp:AOqpTOFn4siwZTTuZlOPYX3Wq5C5Hpu2kgLmxDoxDarXP1EBor975OIVDlmLs90El3U9lil4Ter0rgNjU780xA,Franc Roy,https://play-lh.googleusercontent.com/a-/AOh14GhKGXxs0wP6agosL5wBNFBcDBJFoZFBrM72sT0M,Purchased the Pro Version for a Moto G6. Over a two-day period I have not been able to download via WiFi and/or cell data.,1,2,,2020-03-27 02:04:11,"Hello, I'm sorry you are having this issue. Downloads are handled by the Google Play Store, maybe you can contact them to assist you with the problem. Make sure you have enough free space in your device to install the app.",2020-03-27 05:52:05
gp:AOqpTOFp9Ij986fsN2IGYtOpsV8ipuUohgY-JBA7slQT-hMTrRsv86dW15WT4N_XKYnoN-yB9Qz6bynSLDzrCQ,Bill Allen,https://play-lh.googleusercontent.com/a-/AOh14GiraINj0S0TO6qfu__XmMwjT9WUbat1GeJaIZX4hRU,Gets stuck?,1,0,1.5,2020-02-18 22:00:23,"Hi, I'm sorry you had this issue. Could you contact us at contact@daosoftware.net and tell what device brand and model you are using? Thank you!",2020-02-19 06:54:56
gp:AOqpTOF8qheEuU2uSDQJQrnm5uxeroXkO_8KT9MiQ7gQNchdBPht0KLoDLYtBqYikq4cPKwwwOLzoQFV3uA5qg,BAN DAI,https://play-lh.googleusercontent.com/a-/AOh14GiYiejYTC4klKr2oHqyJud5LI0ozw0c4-qyn6SogFo,Very easy to use. But my phone has a notch on top of my screen so I can't see and press the middle two buttons. It will be btter to make the buttons bigger or relocate them.,4,2,,2019-10-01 12:58:17,,
gp:AOqpTOENyRTQ8msslzF5vOmxDg9Nuv4lPgIUCSu7qfOYkJbWYJ0dqzoP1wqOkaZxlfJVkhKAepROq_71jOVXNQ,Carl Schmitt,https://play-lh.googleusercontent.com/-09EfVITB9CU/AAAAAAAAAAI/AAAAAAAAAAA/AMZuucmC_qU9NAxXVgrLf0Ee5dIrm1VKhw/photo.jpg,Great for practicing when out and about.,5,1,1.40,2019-07-26 03:35:44,,
gp:AOqpTOHqZQ5sKPuqFsn-T1SiM0qV5yDG9xkJTOVIr9XQDYj59c_Rmg7UGCZ_WqIQMo6GK73Lh8RtKQ42zywMAA,Fabiano Abate,https://play-lh.googleusercontent.com/a-/AOh14Ghe7FPNrL6F8ClcwIFwWw_9MiQsAPGH2-XaXm6W3Q,Very useful. Very cleaver!,5,1,1.40,2019-07-06 17:46:37,,
gp:AOqpTOHXP4U6QQviPjr5VQ_ik9Tes2Bj1yqeBwctrWEzOAiPMgE19eLVhtfpvyCCgS1m-IG1V19blWB3MJx2tQ,Sims Simeonov,https://play-lh.googleusercontent.com/a-/AOh14GhU_YIzprRN4ItccyVDGs3Anp96sr2YWLWqiY4EXw,"works great, use it all the time for teaching",5,1,1.40,2019-04-15 10:33:25,,
gp:AOqpTOHVSLCeekUHnNbP0ct-fxqdvKK2xKvHi5vi8BM5_NttvE4bVuoUqF4ErL--UJ_GERe6U8T0PJfwNqdu8A,Kendal Carlson,https://play-lh.googleusercontent.com/a-/AOh14Gjw7hjjXcBybYH6uy4fXXUukgRuacG6d56tcqw41Q,Awesome app!,5,3,1.40,2018-06-02 13:18:28,,
gp:AOqpTOHae5GwnEPYYs4JwtXX_sAuT8fzxul7gp4U_kGXuwiSyzLB2PkUg7XwtH0FSt_3cI_h-AJDY3eHloSgPg,Caleb Hansen,https://play-lh.googleusercontent.com/a-/AOh14GiljfplBmyr5RNid-tzQbzcuxJDCTgFuD70H5wr8g,"I like this app very much, and it does everything I need it to do. But, It is not compatible with the S-Pen on my Note 8. I would go for 5 stars if it worked with the pen.",4,2,1.31,2018-03-19 14:34:09,Hi! Thanks for your feedback. We will look into ways of making the app work with the S-Pen. Keep flying!,2018-03-21 07:17:06
gp:AOqpTOGD7mplqF-bx4IDpXBxY_JeqeVkrNfaCFoYXPTxjgG1zLQSfIT4OLMvw0GjruSNZ3YPrA41sX5YXGDj7A,Joseph Giron-Ortiz,https://play-lh.googleusercontent.com/a-/AOh14GifgimplfsEIXKldL0ZhMFNqFoTgqxRildiKDhiVQ,"Awesome app to use while I'm in flight school, especially in conjunction with my EFB app. Only gripe is the entire E6B doesn't rotate so I would have to manually rotate my entire device to look at the numbers at the 3 to 9 positions. A rotation by moving only the upper part where it says ""flight computer"" to rotate the whole e6b would be perfect I think. Great job otherwise",5,5,1.31,2018-02-15 12:55:33,"Hi, thank you for the feedback! We'll look into ways of making it possible on future releases. Have great flights!",2018-02-15 14:59:34
gp:AOqpTOG2jxjwGp2pRvUsvK5bT07SDTjJP7cysRGn_EhVeP_Qy_E6XA01VKcTPaQGK-KrocHHqb7iJnXdM2okFw,A Google user,https://play-lh.googleusercontent.com/EGemoI2NTXmTsBVtJqk8jxF9rh8ApRWfsIMQSt2uE4OcpQqbFu7f7NbTK05lx80nuSijCz7sc3a277R67g,Once installed it would not open so tried a second time. No luck so regretably have uninstalled. Since writing my original review I found a problem with my tablet which I cured by powering off then on again then reloading the app. It is now fully functioning and I now rate it five star.,5,2,1.3,2017-02-15 06:20:59,"Hello, I'm sorry to hear that. Did you try the free version? Did it work? Do you have free space on your device? This is the first report of that kind that we had. Please feel free to contact us at contact@daosoftware.net",2017-02-10 17:50:16
gp:AOqpTOH3s1KJ1kqP1z63Jw323MpSj1-4WS7FQvScQG94vYSbdfsbMqzNyQcn-DS6Q08iej9GBafjEzOee_GIqA,Brian Murray,https://play-lh.googleusercontent.com/a-/AOh14GiLmxHnc80SznlPzu9SqTzwNoAXTNfVktIgQsAL_w,"This app works great. One suggestion:  I use this on a newer phone with no issues, but on my samsung note 8.0 tablet the precision of the touch screen makes it difficult to adjust the wheel sometimes. An on screen tappable button option that can be engaged, like the lock button, for more precise adjusments would make it easier to move without passing the desired values.",5,5,1.3,2017-02-01 05:11:48,,
gp:AOqpTOGP-FhBgo0poT7PQvyEuV-IWDb-JYcDEGxxfb8UDPMhyhXTVJKN6ynjORxweWEu0fSDlC5D2EzQf-uJiQ,Theofanis Katapodis,https://play-lh.googleusercontent.com/a-/AOh14Gh3A6UQ9oNhXgRE651B8pWI9IWys_ionWjtjKE9YCA,This is getting better and better. Useful and accurate. Friendly interface and easy to use. Excellent work,5,2,1.3,2016-11-30 23:36:27,,
gp:AOqpTOGRHcqCaoOcCxw-52SCmWPuAO8RdspreGCuD3z25VnK0lyV6DAAxQXURvhzTzxV9hIc73O0447pqC7wBQ,Omar Khouri,https://play-lh.googleusercontent.com/-ChoJG4VhsAo/AAAAAAAAAAI/AAAAAAAAAAA/AMZuucl3WoK3BHzaOBSD1ZPqkR97sIAzjA/photo.jpg,Works well,5,0,1.1,2016-05-23 10:51:49,,
gp:AOqpTOErGxZGTj-3KWL9X83q9CuJLb_I6bSihSR7RTnIzAOZX4YF9YwRZ0mfpjpgD6p6VIORqEPvkmmmc_nGZg,Pallavi Bhardwaj,https://play-lh.googleusercontent.com/-s-MmEXWhZG8/AAAAAAAAAAI/AAAAAAAAAAA/AMZuucmU3KL9G6CfWCVaJTtkrroMcg0F-A/photo.jpg,"Make a provision to lock the calculator ,so that one can enlarge and see the values without disturbing the initial settings...WILL GIVE 5 STRS FOR THIS FEATURE",3,1,1.0,2016-03-21 11:12:05,Hi! The new version just came up with a locking feature. Thank you for your feedback.,2016-05-24 14:32:06
gp:AOqpTOHpyUrEYwS1SVfAFrEgaXn6AqfqQz74yHn8ym_0a7aVl6w-X1aHBkDTde7qYmshIamgnkXVCCS2iNZO8Q,A Google user,https://play-lh.googleusercontent.com/EGemoI2NTXmTsBVtJqk8jxF9rh8ApRWfsIMQSt2uE4OcpQqbFu7f7NbTK05lx80nuSijCz7sc3a277R67g,Works as well as an actual flight computer but so much more convenient.,5,1,1.0,2015-10-11 14:17:48,,
gp:AOqpTOH_-oq0Sn2ItFBKwuYb-eIL4-3aY01Y_eP23cXr102p4uvIqrwB7FOfcB_AfWrV1a4TPiiwHc7LKcMxqg,Moko Sitorus,https://play-lh.googleusercontent.com/-Ag5zw7OpzWc/AAAAAAAAAAI/AAAAAAAAAAA/AMZuucmpxZruBXPFWiDzu1D4aqlEbs_2tg/photo.jpg,"Daripada beli Flight computer yang mahal, lebih baik bayar Rp30.000 untuk aplikasi ini",5,1,1.0,2015-09-02 01:03:15,,
gp:AOqpTOFD29Ux9EzvRrZ4edycYoBEQb_7LvbUB4uJhPRjxXFb_CEnm0GtsL8PhMU-tkIlezljpsPnb_1V3Ds-HA,Victor Bernal,https://play-lh.googleusercontent.com/-B-iI6IQcosg/AAAAAAAAAAI/AAAAAAAAArM/AMZuuckDaGoMtvCCV_h2PvBM1v9AnDQc_A/photo.jpg,Best E6B App,5,2,1.0,2015-08-09 23:19:58,,
gp:AOqpTOH-Z3f9ITg-E9eGAHZjdDrtvesGji27rzMjwO23hW3PUyBdZl4pf_4JIcAKf5HIaGLxM517nDjaXz0Srw,W W,https://play-lh.googleusercontent.com/a-/AOh14GhrOwo0nbnxKb1QM-HO0-vnjrrzUnZ3OKyxaish41k,"Please add some useful information text on the slide, as jeppeson e6b has",5,1,1.0,2015-07-28 13:25:40,,
