reviewId,userName,userImage,content,score,thumbsUpCount,reviewCreatedVersion,at,replyContent,repliedAt
gp:AOqpTOGSC0ayUaz_fYTROF47evlQvkpAZooStF0QbVQmxJ4We0X_DByCBWcZnSZyNceZJhp3UaAm1rVNnDqLcg,annie whitney,https://play-lh.googleusercontent.com/a-/AOh14GiitAd-Qzp4PAF8_shBKHDy7IvhkodenvCrKBRrrA,"Fabulous amazing app to help you see what is out there!!! I have an Android, Galaxy Note, and it has always worked really well over the several years that I have had this app",5,0,2.5.1,2021-01-17 06:03:56,,
gp:AOqpTOEo7PZRap0cyFu-PYajqrNMsS0Kui35MN_Ur-OfETnFE-NltpY8y21fOIAZkWpp0Ghf3vJRWunbjowVHg,David Turner,https://play-lh.googleusercontent.com/-mCE65H0dmxc/AAAAAAAAAAI/AAAAAAAAAAA/AMZuucl0gmRJ9AYPXADxclhootQlUxrH4A/photo.jpg,"Bought this app and the first-time i opened it, it said it didn't work with my android Operating system. What a rip off",1,5,2.5.1,2020-12-24 12:47:08,,
gp:AOqpTOFiprVS5NowlWvh7UeFxeKLxMSn3HnVQ4PIvEW7Meg7Cou_efVu_tjdbjdQ8z6cTyZf8Jft2Vn7qD_OiQ,Mad Seed,https://play-lh.googleusercontent.com/a-/AOh14GjRxOZtxiiPLIYNEPpae9jHy2ZIgCnFP8_ib3UThA,Does not work on Android devices. Save yourself the money and buy a different app.,1,2,2.5.1,2020-12-23 03:47:27,,
gp:AOqpTOEZgkYlcuqOD9x0VniXUvh1aWUIckTMs7zeVKEsCjEgaj-fDV7n4DSTGeK5oUwAqbrAdjGC-uTS6Eizlw,Mack Shealy,https://play-lh.googleusercontent.com/-qFyUml8g9CE/AAAAAAAAAAI/AAAAAAAAAAA/AMZuucmSiWxfp0PGJoPWtM-jN0czHJE3Lg/photo.jpg,Not updated for OS,1,0,,2020-12-21 16:59:51,,
gp:AOqpTOG5CrET3-rFHoDy3rh1kpaEQVQ7ntA04-30FFRanTiiZKGD517KDiMmjRYDnwK0QfKSDa9ytjgex0giDQ,Jerry Weir,https://play-lh.googleusercontent.com/-LSBN5NJ4ttA/AAAAAAAAAAI/AAAAAAAAAAA/AMZuuckxreVPNbMZ92fwZDD2uCNf2UvNqQ/photo.jpg,Not very user friendly . My brother has the same app on his iPhone and it is alot better than on my android phone,1,7,2.5.1,2020-12-09 16:14:34,,
gp:AOqpTOFT-NmIfGYuSwLgNtvounWgdzQx7J3yriX3ZZilMLhbINDejIet2-IkGvESNybMDtbKY5uAS_qF5QTSjw,Shyam Sunil,https://play-lh.googleusercontent.com/a-/AOh14GhFvVOHUN8Uv-FrnoZvuwP5g_Gy4XF94zIdj6wmOQ,This app works very well with Apple or Mac. Not at all good with Android. Look for other apps if you are willing to put in money to buy as a one time purchase. I am not happy and won't recommend this to any android user.,2,33,2.5.1,2020-11-26 00:50:00,,
gp:AOqpTOGaCTv4qA0dDRI2rmAAjivZ6oV1QGQmWYvrWS8pSCwQdaYp36MGLSShLX2DMmwVloSdywg-0gOnkVVRSw,Bad Tripp,https://play-lh.googleusercontent.com/-Z6tUnEjbprM/AAAAAAAAAAI/AAAAAAAAAAA/AMZuuck_lXs94rhjgWBoWBP71W-_dYA4SA/photo.jpg,I wish it moved with the cell phone. Instead of my hands.,5,0,2.5.1,2020-11-23 01:20:30,,
gp:AOqpTOHiRYN1kNoFL41WvkSu1YINDqQXytqdjLADjTC7J_kMwOiQQrmeGUeC2OHUKvtXrjRdXdKklUS3FFGK2Q,Austin Deal,https://play-lh.googleusercontent.com/a-/AOh14GiJXgNoadVGpIuhSt8z1KeoWmm1XF3d5yDkuB3RFw,Works perfectly,5,0,2.5.1,2020-10-27 03:45:58,,
gp:AOqpTOGUWgk7Kxx-Jgbnsi7PXDnG2Gxzgl_wzuGSHhvbzYhFunX3RieKn9G5gHbWUVDo_LzzXenc9hy1zycFhA,Christos Panagopoulos,https://play-lh.googleusercontent.com/a-/AOh14Gj3zbhv89SGWRf8drY9fdhfUYdX2XNncw2mAuU_,"Downloaded the app but didn't work on my phone a Galaxy70 ,only older phones, no update available",1,4,,2020-10-15 17:23:16,,
gp:AOqpTOF4CvWq4rA_g1M15feHKoGWNEss5Z6W49JBXS8TwGDtr2b8LSvM85OQkDcW7enblJ-af19bQYqGgxZBFA,Bobbi Nettles,https://play-lh.googleusercontent.com/-gKsZa9WT_Vs/AAAAAAAAAAI/AAAAAAAAAAA/AMZuucmq-XSOGCfRY7dsplg4fjN2PvIVlg/photo.jpg,didnt work with android,1,0,,2020-10-08 17:46:18,,
gp:AOqpTOFdjD35naZHCV0-cqPguxV9McAibWJJKG22xTRIGjlfo6vSudL3j-0T7kyRlYeV7anyj5uWty2_fxFhtg,Chris harris,https://play-lh.googleusercontent.com/-OngrTjgTNI4/AAAAAAAAAAI/AAAAAAAAAAA/AMZuuclNZfTvatDpfweXsVtNsKCFS6ZL9Q/photo.jpg,"Very bad , doesn't work on Android",1,1,,2020-10-05 00:22:33,,
gp:AOqpTOGUNqJ8LUuoqnMyt45Bu9xRcqguPEpqCKsI2BrmolQ0PqqwHsBmHRnaTj1JgQJNSTMKH6YoOsRLlqecGw,antonio deandrade,https://play-lh.googleusercontent.com/-x_ZgNicKkXo/AAAAAAAAAAI/AAAAAAAAAAA/AMZuucl3L-nWYFt-LKRrJlSP5d0San6o3Q/photo.jpg,Don't work,1,0,2.5.1,2020-09-24 21:39:28,,
gp:AOqpTOGKXGPDYF1FZrp034sfVNyDHUvqS_yPknZgT_-nBV2-mm4npyLdGycqjpHLfxZ4D9vz09xOT-0LHb8pEg,Robert Lee,https://play-lh.googleusercontent.com/a-/AOh14GiIDN8cAhlT1eZkZpnfC4UMdPKMHGRGGe5vhrUK,Will notbworknon my android phone,4,0,2.5.1,2020-09-22 17:04:36,,
gp:AOqpTOFOuS7_ThYPIO2bM7reMAx_tVFjIPh-2jErB89Vbj8rVzc8asAylNiWIVwJXbpLhln8J09Bqtc6eiMECg,Tanya Stelene,https://play-lh.googleusercontent.com/-7HflJ_gX3u4/AAAAAAAAAAI/AAAAAAAAAAA/AMZuuckB--xD9qwqFODHdD5oCrhBYYqsLw/photo.jpg,"This app does not work, I want a refund. It was a waste of money",1,0,2.5.1,2020-09-21 16:41:33,,
gp:AOqpTOFwNUwwTTUsRAwqSF0USncp_hxkG6ZmVPiWYeN5n-oYm_AMeT-TbVvBgmP2v18znmto1WSzCeMq1oFGAQ,Liam Drumm,https://play-lh.googleusercontent.com/a-/AOh14GjiPHFu_kTXiThzSNNTBMKsSda_0drg8MQaTLE1,Not very visually detailed. Feels gross to use. Inaccurate aim.,2,4,2.5.1,2020-09-10 16:31:58,,
gp:AOqpTOHxN6TEGIwtOiomYloYPGGkyu6qwGy85kmP44_-FgTJhUWb4kZDZY0o-qSAeZ-MvlGipPynMZrnulhbew,Yeslyn Casasola,https://play-lh.googleusercontent.com/a-/AOh14GhmSoMVN15Xcgo_x48IAxKdkmt5S0k6N50OidI0C-Q,The worst. All of the best star tracking apps are available for apple phones.,1,2,2.5.1,2020-08-26 20:47:51,,
gp:AOqpTOEVELV3BnmlQEZS9zi1FazZ7DWwWIzCeFAqxqEjUHSnkGjKyg_aVBaM-N35be6ezvu_vC_D38GrKtfotw,Bruce Ferjulian,https://play-lh.googleusercontent.com/a-/AOh14GgJAAb77Q_rGQOUQUcQ-NGZhrcbWm6hEmDv-vO0Qhs,Hoped that for $3USD it would have been able to tell me where to look for the NEOWISE comet but the search function returned nothing. De-installed the app and requested a refund. Another free app did tell me where NEOWISE was.,2,2,,2020-07-27 13:54:45,,
gp:AOqpTOHgm64ecpvM5ptFgnWmpqxLS2vuuIUr-A4palRkzS-PLvpKl1hfN05gInOnjHK2DtC_LV0RDE1UbjAKjg,Jerry Todd,https://play-lh.googleusercontent.com/a-/AOh14GiPoCzUbbCK8mGCNLdakUYnl0Y4rr99P-YDfRGi6Q,Doesn't have the features the FREE Apple version such as ISS tracking or comet Neowise.,2,0,,2020-07-19 18:54:22,,
gp:AOqpTOF6qt_zH7xawEoiVG1IUP5Enk_F4utgMv_PCwxjbIpfQ5vpb6_CMPX7u7lKtsrWron1KZAsNqSnCLamqA,barb dee,https://play-lh.googleusercontent.com/a-/AOh14GjbsllkDtpWgfq2G9XyWAJ9cD8rS0Bf-xLPCeCi0F4,Good app for i phone not android,3,1,,2020-07-13 06:35:37,,
gp:AOqpTOFIjNvisIR4rPpVh_MhA_9rbHTu3pL1R9OwfHAbBqeorEkcXe60TXdFVxeYpumlNdtbQju6KHv2gwaz5g,Cathleen Geiger,https://play-lh.googleusercontent.com/a-/AOh14GhcfVaCMUrhP65o1Is29CWfM4Uny9WFhYQTbmwS,Works great offline - thank you. But can only see a small part of the sky at one time.,2,12,,2020-06-24 20:24:15,,
gp:AOqpTOFkDXuais7fziLGyzDP-6VOKGGwC6TlDsKZOdk4UPZD1K3MEoBkKPDj0yTCb-zTpPpbxElv240Ehv8zlg,Jerry Beaulieu,https://play-lh.googleusercontent.com/-8pvdKFKIV_s/AAAAAAAAAAI/AAAAAAAAAAA/AMZuuclNr4eoDxs_H16axGSdmuCuW8UCMQ/photo.jpg,It's difficult to use. Not like Apple store version,1,1,2.5.1,2020-06-19 17:46:22,,
gp:AOqpTOEkycyfz3bfP_OHOJuAxDglK6v1h-5AuQ7ugxkDbQ6cpiQfRfNY-23J-Rhd-D_-kxXR51jpAPv3Ebse2A,Kay Patterson,https://play-lh.googleusercontent.com/-syj2uVgmPHg/AAAAAAAAAAI/AAAAAAAAAAA/AMZuucmmG78NZZFIIfPf98lHMLzhLAWEKw/photo.jpg,Why has no one from Sky Guide answered my query? Where is the tutorial to help users get into this? Have I paid £1.99 for nothing?,3,29,2.5.1,2020-06-08 11:32:29,,
gp:AOqpTOE5a5H1QkrJKh1-wNB05HUBbCICBCOP1XtLWa8Wf_q0itOFP8nd9vRD-RM6fVJswhsp3bDHGClL8VFptg,Ann Pleas,https://play-lh.googleusercontent.com/--bkzFqzu7kM/AAAAAAAAAAI/AAAAAAAAAAA/AMZuucli6tIShZIUw8OtsaWSUnX35RTM-Q/photo.jpg,Cant get it to work just stays on America tried all avenues to get it to work .its a rip off,1,2,2.5.1,2020-06-01 11:30:43,,
gp:AOqpTOHxSCvz6LRjadvU2JimtcYtRhu2o6tnUixP2lrbUqDzCcOmKV8uzEqIyZjhIyUT-bliZttA3bmgjkCFnA,Robert Fletcher,https://play-lh.googleusercontent.com/-24g5kMdSwIw/AAAAAAAAAAI/AAAAAAAAAAA/AMZuucmW5I1tsmTG1dlBQQrexcJooIdm2A/photo.jpg,Exceptional tool for learning and observing,5,2,2.5.1,2020-05-23 12:43:45,,
gp:AOqpTOFi-EqLXsbWu5EH_I1Yi1K5LBBWn0pTfk6sHfe81Qxv1MSWfcUA_5AI1xadzzA8ENwQbO3442HAz1O3wQ,Lokesh Chavan,https://play-lh.googleusercontent.com/a-/AOh14GgTle7dX3JIvgI4CbDbkgumzUe6FNz1SaoCTFcjVs4,Doesn't track satellites,3,0,2.5.1,2020-02-27 08:46:24,,
gp:AOqpTOFC6wWI7afMKnkfuRBabO-Ji2BoxnDyO4Dnz32Jo247q4a2dqkl_5Bq9CLQubdHC20GCSi75EYjj-kShA,American Seawolf,https://play-lh.googleusercontent.com/a-/AOh14GjsVQ_UfrARKDMt10xN0Ht9xxKRhqMbB_MkysXoIA,I used to be able to see plains and satellite information. What happened? The accuracy in constellation mode is not accurate.,1,13,2.5.1,2020-02-26 20:17:15,,
gp:AOqpTOGFtc6jRVTyzQ_i9Rtfw46KUz2qiL9VH8XEKLTvDKOkealPMUYycN9Z9xqTpTymGlRfXRfhOoo9_3ymsQ,Taylor Gates,https://play-lh.googleusercontent.com/a-/AOh14GjZBqlh8akbe3QBDZtZNYHVdqNNe3Ji5AOwFYY0,"Would not download. Payed for the app, but it wouldn't start the download. Waited for close to an hour before I gave up.",1,11,,2019-12-22 04:12:42,,
gp:AOqpTOEY_wg61daGUkjO0qybeuXHQZCa_9Y6AY6lxFZzTtwwpNBUar_VeC8jmtNiAHYkp6QJfgHnrkwYRgeYJw,Erica Bigham,https://play-lh.googleusercontent.com/a-/AOh14GiRuNM-uAV1lJd9sXp742Hc9dHwjZBRXNeSbpzU,Not compatible with Google pixel,1,2,,2019-11-16 18:37:46,,
gp:AOqpTOFalrjkzj8MUr5lOeMVcLXCs0J9pwx-oIRO6o7TE0L0Pc8xRMDeNtoob_nBhCgr2c-wRuPlDYYaquAlhQ,Ian Ford,https://play-lh.googleusercontent.com/a-/AOh14Gj2UjD_W2A_znBeNd-4oUoteVpK02M8MphD-xJR,"I love this app, unfortunately no Android phone has a reliable compass. This cripples one of the best features.",4,15,2.5.1,2019-11-02 22:44:13,,
gp:AOqpTOEjxr3BcviFzunhAVE3_oxGbpEQcfA3OQDsfTTnCMuCI4Z7p44lf-YbXGlaBcIalgoBPKnMEs8On54Xeg,Imtiyaz Khan,https://play-lh.googleusercontent.com/-ItsNbbmZHHI/AAAAAAAAAAI/AAAAAAAAAAA/AMZuuckHab5af-q1ug8x3PMr26reSdum2A/photo.jpg,Amount deducted from bank twice. and refund executed once only.,1,2,,2019-10-17 21:37:16,,
gp:AOqpTOH18zf0B0sLxKovPst5ZvLA1s706zxSRYiBxUPyZJM1cO6OLwh-G7ODusSdQWYQPRfYS8EqmM5n_0BvBg,Douglas Kolbe,https://play-lh.googleusercontent.com/-PthgksQAQUs/AAAAAAAAAAI/AAAAAAAAAAA/AMZuucmTDJfu7xx6tBexumrf8jed5q9QJQ/photo.jpg,Not at all like apple phone app,1,1,2.5.1,2019-08-23 19:55:06,,
gp:AOqpTOGDpTw1JeIaq7yd0tfD_Hv3HxfRJodNb-2Waq_PAMszbtBlXCHeREfay6PdeFWuSJK0qx6p7c6HHO1Kfg,Kenneth Chan,https://play-lh.googleusercontent.com/-khTdratKB6I/AAAAAAAAAAI/AAAAAAAAAAA/AMZuucnJrSqtqloqzIsioFE4LTpvRN6jBA/photo.jpg,It does not work for my google android phone at all.  Please tell me how I can get refund.,1,2,2.5.1,2019-08-21 13:08:44,,
gp:AOqpTOHNy1WcNhreia8tqASWLp7xKg5naSObDPqmdRt8m4ftEA8gNd8y2_-qWNotvYtfXmrkVsSGk_5V35T--A,James Preston,https://play-lh.googleusercontent.com/a-/AOh14GiDS6V9ZG8ykJN1AlGOKRawiETf20vkQcxTX6Ya39o,"named the same as the iPhone app, but NOT THE SAME",1,3,,2019-08-12 12:42:45,,
gp:AOqpTOG4eDgxh55GK3yIK54s5QcYMKqmrjX7b36He4t-Kh_M5tnxdatlMSg62BTJoQ1ptqrkuk07SYOd-r7fXg,Alana W,https://play-lh.googleusercontent.com/a-/AOh14GgaRTlGUqgeNpXonasS4tiGSKg6CxMmpk24xCV6Ow,Not at all like someone was using tonight. I downloaded it thinking it was as cool as hers... Nope! Asked for a refund.,1,2,,2019-08-10 23:05:43,,
gp:AOqpTOGeZGse_UKCNG46JE2gG882Y9JSeS5hAH0R6ma0R0iJKNIq5gmLlDP40Hyo37T1dfhPXa7kja-Al42FAQ,John Trump,https://play-lh.googleusercontent.com/--DOgoIvPGH0/AAAAAAAAAAI/AAAAAAAAAAA/AMZuuclowdl_BYvO49vDshw7sMuJMptafQ/photo.jpg,"Not sure what people are saying by this not working, it works perfectly for what I needed it for (locating planets) and also has helped me identify a few notable stars. My favrotie thing about it is that it uses your phones location and updates live, you can track planets moving across your screen and tell clearly when they are below or above the horizon",5,76,2.5.1,2019-07-09 20:19:42,,
gp:AOqpTOHgsmFCxEkZpywvGjcJLb32GOjgekkJDqXCiDXYAdSl53bfTh3aFRH9JmOTkeCH7nUoJPUOpx046eM-pg,Evan Perry,https://play-lh.googleusercontent.com/-1AEgVwhqvNw/AAAAAAAAAAI/AAAAAAAAAAA/AMZuuckKdN5Y65CxINnZugOPOtLA2JTTnA/photo.jpg,not the same as the iphone app. Avoid! its a bad app just using the iphone app's name to scam people. this is just a very low quality app used as a scam!,1,29,,2019-06-10 03:21:23,,
gp:AOqpTOEUk7sXnWdhTMIfS0Aq2fe4tQVa3SA2dfY7J37BJlavnrz0bbmMLBwjLXGMzw6t9eF5It4SSxWrcyCcNA,Jerry Vandiver,https://play-lh.googleusercontent.com/a-/AOh14GhXsgg5b3G2ARb5dZ2zjs35p7sKmivJDpcOJY-A0g,great app...just starting to learn the skys.,4,0,2.5.1,2019-06-08 05:55:30,,
gp:AOqpTOGzMpunp6kkkBtYm9ZBNry-VOfUCk7ucFh5ZZ5LIVch-iGzDlOyEGkZ7CQpsToylCM5RQfoJ2EiGKv7dQ,Alberta Lathan,https://play-lh.googleusercontent.com/-2d7WIggqNS0/AAAAAAAAAAI/AAAAAAAAAAA/AMZuucmA1KPJ889k6BxeIoTFTSdEuhPDQQ/photo.jpg,we found ursa major!!,5,1,2.5.1,2019-04-05 19:06:21,,
gp:AOqpTOF32TvuCk41CrbgkgBvN9j4r-w5w84V0KmIbfg4MuhAwOEL7uTgUAoeARtYlsvZ_g517bONfeidxY8ECg,Shawn Morneault,https://play-lh.googleusercontent.com/-BLxBd0kcI0o/AAAAAAAAAAI/AAAAAAAAAAA/AMZuucmlAhVXDFGVxYmapxd8OntPx0cs8g/photo.jpg,Live mode doesn't work,2,1,2.5.1,2019-03-29 18:13:06,,
gp:AOqpTOGcYS00k_QaqSdcja3XjyLLa1omPg-n8t8kHIhYMFykzElTSvvfnmP0hGgV729GW83b-To8WMPOYeobAQ,Ron Brizendine,https://play-lh.googleusercontent.com/a-/AOh14GjhTXOJmKrrdxuh0RvC_hDC33XXK8FkI_VbwagcUQ,"Does not work on Android devices. Attempted to use for 15 minutes, then requested a refund followed by uninstalling. I say don't waste your time on this App.",1,42,,2019-03-24 18:58:52,,
gp:AOqpTOFsxUU37sEOz96MzQPi-fdDLngyqyiuTwaNYhNgsF_cyR8D47UHF00bD40udUW_UzZD9rVFPGdSZh1ddw,Celease Reid,https://play-lh.googleusercontent.com/-XzQv2_tOh7M/AAAAAAAAAAI/AAAAAAAAAAA/AMZuuckgb-9o14JC0ffLqQFOXybrC2jsew/photo.jpg,nothing works!!!,1,0,,2019-03-22 20:21:59,,
gp:AOqpTOFEx2ix8Da4VlWGH_66vgDgYiISDObQnsUgp-HyLk4IQvZIOqqSOPgwxk0H1hadgMX13F9DcgpMcBUgqw,Janet Rush,https://play-lh.googleusercontent.com/a-/AOh14Gg81hFnb0pfnli9j6vYdnQAYdKr6Xo6wqZ1wCTN7Q,this was an older version. I expected the newest version. very disappointing. I would like to know if there is a free upgrade.,1,5,2.5.1,2019-02-05 08:25:22,,
gp:AOqpTOEkMFtdrUEf7Tw533UZiHJryGoFpt1_CkEwCkEfFpxPIJolEBpE-jIQ2m52aDQ8R-bd55eXBDA7rZcdXA,CHRIS KATHY,https://play-lh.googleusercontent.com/a-/AOh14GjDW17T-ctiBn7tPiyUlvRNJ3seuw7li6KCZRzGCw,Awesome I Love Our Universe Bring It On!!!!!,5,9,2.5.1,2018-12-17 04:55:48,,
gp:AOqpTOFxw9JQihJlMGz8oFyudmsvuX82Vfqc6iIq_XQfuW_zJvyLgk-brwvu4uGFsq9E44H2B5hvkIRApaujKQ,Jeff Watson,https://play-lh.googleusercontent.com/-4isfbSb8UEQ/AAAAAAAAAAI/AAAAAAAAAAA/AMZuucmWX68KR0rGqVZEvHaJBskb0TsYKA/photo.jpg,Not user friendly. No guidance as to how to use the app. Should have read the reviews. The apple app by the same name is apparently much better.,2,4,2.5.1,2018-12-16 17:56:17,,
gp:AOqpTOHd_ID303pN0uyY5zcKevjOp00mrwZTERkXssVwtwglxDR0ikQkA7hBPRidWQRVaH8WZfMq3vVIze61WQ,Ruslan Bezruchuk,https://play-lh.googleusercontent.com/a-/AOh14GiQW870g3pYlfB54bPR1FHdGIbTQGMp1_kCgUaRsw,"It's too laggy and slow, disappointed =(",1,5,2.5.1,2018-10-11 13:56:44,,
gp:AOqpTOGlBR7qNv8gGwyfXoSH1RWnqX9DBPFNl6C3dIaR295xGzlGfl4317bg69JrLjKx835-fSj9GuCcZcdKLg,Nolan Lee,https://play-lh.googleusercontent.com/-HqzaUvnILEU/AAAAAAAAAAI/AAAAAAAAAAA/AMZuuckq4LqGEsm-Jtrn8AMozdhS-RuHVQ/photo.jpg,Just doesn't work. Stuck on fixed page. And there's no help contact for guidance.,1,0,2.5.1,2018-09-08 15:13:24,,
gp:AOqpTOHt2RzldnmxoGd1r2B3Iid1d7QJ8_7ecn4wMeFr3Keujv2IECWiC7XQ2pigAHZWXE6r0F-kBfivsANTXw,Jeanne Oliver,https://play-lh.googleusercontent.com/a-/AOh14Gi8aamM5rMXMWDDnLjU4Z3HWkmUQjLTfaXYlsB7tQ,Waste of money. Doesn't work.,1,0,2.5.1,2018-08-25 06:56:35,,
gp:AOqpTOEUlbGpXzcG4xiG9IjUa-Q790WAYZUh3sqKG1JGSyLE8L7UNZ7OaTmW71laYRgwr7ED2mjL27os_Qwcbg,A Google user,https://play-lh.googleusercontent.com/EGemoI2NTXmTsBVtJqk8jxF9rh8ApRWfsIMQSt2uE4OcpQqbFu7f7NbTK05lx80nuSijCz7sc3a277R67g,"The screen was locked, didnt move tried all settings. Broken app.",1,0,2.5.1,2018-08-24 15:50:37,,
gp:AOqpTOF7ZXU3ISygnssCBdqGKWt5BWbt1k_ixZNtkyJ2YzkhzTWyAx6K6BLmGBgVVoaJa3UQam6xY_q8l2-uYw,David Witzke,https://play-lh.googleusercontent.com/-jMWrtXyUmVM/AAAAAAAAAAI/AAAAAAAAAAA/AMZuuckf3Ams0OumVXG080ufp1EJpx-PGg/photo.jpg,NOT user friendly at all!!!!!!!,1,0,,2018-08-22 13:38:49,,
gp:AOqpTOGI-r3nWf1YewQEG4pyI7XyzWDdeB1gJZcoJMYZpa28PmFb27qPd_cLzTuygKh_pP07d84C1Z2aS2oO2w,Michael Joseph Krische,https://play-lh.googleusercontent.com/-I1Ce0oGmEfQ/AAAAAAAAAAI/AAAAAAAAAAA/AMZuucm5Lihp57gOB5gVlJUSJ1QKCQG4wQ/photo.jpg,Bad on android. Don't buy it.,1,0,2.5.1,2018-08-17 21:03:30,,
gp:AOqpTOFshcKsfqKzlt1y0Pfp_JhvOV1eHSmUQP9fMrU-YbI5q44DGp-EJbOgaUnVT1XM-G_NHoqhaWeHLc1uTQ,Tim Farley,https://play-lh.googleusercontent.com/a-/AOh14GjOt16eScEoxGMpqqPY0mvAgv3V6H3o9OWlhLuU,Absolutely worthless compared to the other android start guides,1,0,2.5.1,2018-07-25 21:12:02,,
gp:AOqpTOES2gtWZe3D1XfZf2b-gL6AQZMldg-MSK1guWTlb0Zv8ZoU0jldB8DoHTZdMSJ9diFnC4yRie3Fj6d9mw,Marlyn G,https://play-lh.googleusercontent.com/-2Csd_gENe0g/AAAAAAAAAAI/AAAAAAAAAAA/AMZuuclEJ-jksXNBAWp4tRxasvt2Uz53fQ/photo.jpg,It does not work on my phone or it's just a bad app,1,0,2.5.1,2018-07-15 08:13:04,,
gp:AOqpTOFeKjHk6iyyNO16iieY-NUZoiZSbbn1wn28P-vhoKvlaiuPpVi-SIw7evLY28XcOJCEYKSYWOqo1qU2Dw,Tom Amann,https://play-lh.googleusercontent.com/a-/AOh14GjWy37xzWM22Ll2UGNG7k7JV2oimPVmqBIis0gO,"Saw this app on iPhone and had to have it. However, on my Samsung Galaxy J3 (Android) it is useless.",1,0,2.5.1,2018-07-06 06:24:38,,
gp:AOqpTOGjjV4LKirDPC_6ORR9p6jlyfAnXtMsaOwCodNqkJIMem8_0CvPyndIbWGn8CQY5Ub-IlGUJiHSstmTvA,Snakebite Andi,https://play-lh.googleusercontent.com/a-/AOh14GixGW29Bi0J1Es_k_3kxrv9m1rrNEEor4DFFwUEFA,Sky guide app,4,0,2.5.1,2018-05-26 21:48:11,,
gp:AOqpTOHGDGHhXhOmodY2zxG3csGwVpJODybbJ-9sSHCaPbDsYaYOn-E_kpwcuYH9WnqMbfsD3zN42lRWKAgecg,Kris C,https://play-lh.googleusercontent.com/a-/AOh14GgjybnonPOOoUIUE_n7CtUqVLPsgblLHZS4rfMDKA,"This is a effing joke's!?! Refund the money to all who bought this app. You 
sucker!",1,2,2.5.1,2018-05-14 15:48:12,,
gp:AOqpTOENAnb9E2f-IXJ-7tc9_czJCXxKOsxUFrnilNocXo_8CCksJb11bFB475V-vSSXJxHnT-_eCUCuIvqk0Q,Triaji Prio Pratomo,https://play-lh.googleusercontent.com/a-/AOh14GgvBvCWqlp_gLhOC6AHtbre4dfjLGh3ZH4waNfyqm0,"Total iPhone version knock-off. Regret to purchase this. Google have to 
have a redeem button.",1,0,,2018-04-18 04:45:30,,
gp:AOqpTOGWAibv8ccShMeem2T1TlBVE17hSsrlWcHrYZYegqJozQoXnyias9Gdc7gwFnbpPZ8fWncxkPrfUktwQw,A Google user,https://play-lh.googleusercontent.com/EGemoI2NTXmTsBVtJqk8jxF9rh8ApRWfsIMQSt2uE4OcpQqbFu7f7NbTK05lx80nuSijCz7sc3a277R67g,Awful in comparison to the iPhone.,1,2,2.5.1,2017-06-03 19:59:59,,
gp:AOqpTOF0jW9ZLc5U42EMNwFKsNz63qYCPoCGrGk-cSisAwyYaqDCcILvAVWF5iqbPm4UOWzSX4qCpwgmoQ-ucg,Reann Miner,https://play-lh.googleusercontent.com/-tPR8RhhEL6g/AAAAAAAAAAI/AAAAAAAAAAA/AMZuuclCXYnpYEvQh0t-nNNifRAN6yo_2g/photo.jpg,My husband and I love exploring with skyguide,5,0,,2017-05-31 04:39:23,,
gp:AOqpTOHp8t6dqmljgf8-EmjBqRx7BXsEfVfoi7BTN3JJOMwVQAX2uSGcKh5YQJjxR834HDxlmds-3T9darjUjA,Alex Gardiner,https://play-lh.googleusercontent.com/a-/AOh14Gh2byyHO85qbNokLlaGLtAiRHmOejWUEZn-RQ5D8_M,"Tried the iphone app which was great, but this is poor. Would like a refund please",1,1,2.5.1,2017-05-05 22:53:12,,
gp:AOqpTOEpqgXTfyQEl05nQ4_HQByBWBXoB9_OR0e_vF0DHsM3MUjRV_j-8NMKMWc0iYq6ORMiXIaDFYrYDGACLA,Erik Kundrats,https://play-lh.googleusercontent.com/-clkH2E8vaCc/AAAAAAAAAAI/AAAAAAAAAAA/AMZuucnmBcH4s38p9fB57mibIV4ix2xzRw/photo.jpg,"Same name as iPhone app, but totally different. This one has a primitive interface.",1,3,2.5.1,2017-04-30 18:13:38,,
gp:AOqpTOH_RPMTj7AqYIVV1LKBO7Hw0udKRvp_h0eMoDBbAbwhNR73R8RRm6BeQ6YCK0gUYbqV3REG4KleVSZKqw,Ruby Hollander,https://play-lh.googleusercontent.com/-bcLQ7jd7thk/AAAAAAAAAAI/AAAAAAAAAAA/AMZuuckEzLXZPkyoGHIsMWnwjlj5h2UsWQ/photo.jpg,Terrible. Hard to use. Very complicated and there are no instructions.,1,1,2.5.1,2017-04-26 05:25:52,,
gp:AOqpTOHffYVdpagqtnqoYhZvIL4NWIGbZFuJXTZVtPvvfl9ngLzeajdpgzyZYL9HiKauIZqhyVXhKfFjHrVi9g,Linda Hughett,https://play-lh.googleusercontent.com/-WKPs0YXMLtA/AAAAAAAAAAI/AAAAAAAAAAA/AMZuuckYxFG_gY0mzSJkcaGRaXj5ryE11Q/photo.jpg,I can't get it to work on my android.,1,3,2.5.1,2017-02-08 16:24:14,,
gp:AOqpTOHNHlMENbhrLY8cRGdMpXiW-qebIe3OQDMP7qWPKV8MqtjSQSAs-FSO_6-NqI0H3l208cK-G15n3dANmg,Simon George,https://play-lh.googleusercontent.com/a-/AOh14GiUaOconSQoH3ZSCrDmKsi9O-it_yakfeW9yoECMw,"Please don't waste your time and money. I bought this app thinking that it was the same as the one that my buddy has on his iPhone , it is not. It doesn't matter what you do in the settings, the stupid app sucks. I am trying to get my money cause it's just taking up precious space on my phone. I want to delete the thing so bad. If I could give it less than one star I would because I truly believe that it is misrepresenting its capabilities.",1,16,2.5.1,2017-01-02 05:44:57,,
gp:AOqpTOHmKiW1YEU0kCnSwhp7D81jjNnC2mGpONExu4_mAGzm4gLVKToCDv_hOBB-8IEdytShLb9Y7FuAsOjXng,Rick Dyson,https://play-lh.googleusercontent.com/-8NN6DYgZVDk/AAAAAAAAAAI/AAAAAAAAAAA/AMZuuckj9AzeOhGiMZJ-AtWmCuxc2XxwpA/photo.jpg,Galaxy S7. There are absolutely no instructions on the correct ways to aim your phone. Perhaps I wanted to place it atop a telescope. The website is equally lame. No support options anywhere on the page. Waste of money,1,53,2.5.1,2016-11-05 17:41:22,,
gp:AOqpTOHKSvql_i5Fo-3_xiH8ytvHiGOK3OVEZQVGPUJf9Kmqhy-608TfMbTXn4hpMyhkN6XebomRLiZs4zurBg,A Google user,https://play-lh.googleusercontent.com/EGemoI2NTXmTsBVtJqk8jxF9rh8ApRWfsIMQSt2uE4OcpQqbFu7f7NbTK05lx80nuSijCz7sc3a277R67g,My teacher bragged about this app (on iOS its actually good) and asked everyone in the class to buy it for space science class and EVERYONE with an android got this app then uninstalled and got a better free version. I recommend star chart,1,0,,2016-09-08 17:10:26,,
gp:AOqpTOGuZdPUQgqOABYfl9nQwP2BZ_cVixvlsooVE_In9zuFfHHT7ibJr0hXm8MIfffLXMwOJDJldzmFKMu5vg,Rebecca Shepler,https://play-lh.googleusercontent.com/a-/AOh14Gjd4QJUm0TPeox9VjlFEPBeVD0uMoOt8g5anE2U8g,Don't waste your money.  Get the iPhone version.,1,3,2.5.1,2016-09-02 18:09:30,,
gp:AOqpTOEtv4XLzr_Hms0TaYwGX_4rfkTNOrITBfNfZouyEF_U9CozNNKG25o5dMPf74GjSiJJomIyJkrKFVYIgw,Blendi kondri,https://play-lh.googleusercontent.com/-QPaK5WFpCh0/AAAAAAAAAAI/AAAAAAAAAAA/AMZuuclBfcny8Jl6IkZkLRon9uypmdv1Vw/photo.jpg,I want my money back,1,3,2.5.1,2016-07-07 17:51:26,,
gp:AOqpTOF7olVJAu9XvAS-OgBxn2xk8MHrlYlI7Sjhc21NYuttkN-mwNiZKxUDo_1JpnayHvHsO1UeI5xB8IaEow,David Roots,https://play-lh.googleusercontent.com/-NPyy3jN3GxA/AAAAAAAAAAI/AAAAAAAAAAA/AMZuuclaYjaYmEvJtnWZUfSS5uI0550vSw/photo.jpg,Enjoy studying the night skies with my granddaughters. Thanks for making it fun and easy.,5,2,2.5.1,2016-07-03 19:06:25,,
gp:AOqpTOEZ5xH7btBQ-TkisW_PXmWr85amhXPPa1zfl1b1d3awhGVcNb8lbsQNJ3xYc05YWPTMStQ0TvuFZkweQg,Paul VanNatta,https://play-lh.googleusercontent.com/-7RZo5lNvhl4/AAAAAAAAAAI/AAAAAAAAAAA/AMZuucn-I3AmqJeVu4LH_jAS1n91KqSmrA/photo.jpg,"This app is somewhat informational, but when compared to the IPhone app of the same name, it is absolute garbage. IT IS NOT MADE BY THE SAME COMPANY AS THE IPHONE APP. Does not show satellites, no option to recieve notifications when certain objects are visible, no music, and the ""live mode"" seems broken, as it will suddenly stop rotating with the device. Save your money. There are much better options for android than this.",2,120,2.5.1,2016-06-24 22:39:18,,
gp:AOqpTOGRdMLte0YP5z9GkRMoCHK-sFz88nT9m-Ul-rG3Pu-2_O4i3CLTAlbEFQvNjdE5mSoajIYpbWj_ThB8ew,LYON,https://play-lh.googleusercontent.com/-ECWTS89WX6k/AAAAAAAAAAI/AAAAAAAAAAA/AMZuucmyH_RaytzjhpgfP9ZrGQ3StScpDQ/photo.jpg,"This app is crap!!! there is other ones for free in tje app store and work better, i want mi money back !!",1,12,2.5.1,2016-04-19 19:42:18,,
gp:AOqpTOHIwOIVONGHJIOT4e3GR_YImKEvt8v9WLx5MyC4ZjnSVPGTu4BcTMRrh3F4acgNEGpt5j2K4KdBx1I7xA,Smersh Rabie,https://play-lh.googleusercontent.com/-ANZCm2rHiyo/AAAAAAAAAAI/AAAAAAAAAAA/AMZuucnyCUkrfAHRXbU__txkYCnJKM0x6A/photo.jpg,GREAT APP,5,0,2.5.1,2016-04-09 12:03:15,,
gp:AOqpTOFFZnZSoEfNYMRGMPxAwqe4KuLhoP5KGi1gR4ZFgbadqkajTF08kH5_7fKyLSwyJg7MpxR5T2fW8wmqLg,Alexa Ortiz,https://play-lh.googleusercontent.com/a-/AOh14GjtUNj1xKF0pdAPPG-hmaBAievoVM5o13Hc_XiJYw,Does not rotate with movement or have music like it does with a iphone,1,6,2.5.1,2016-03-29 09:15:51,,
gp:AOqpTOGIrUU7iIEHVL8UfSf34xpOExvGzgUov8koeZb63MVGJgnIgvgHUyh7gw4fY1Bo-dyE2PLrbPdkQaBUew,G. McAteer,https://play-lh.googleusercontent.com/-cwzKlpEf-Rs/AAAAAAAAAAI/AAAAAAAAAAA/AMZuuck0qKfjXL8mELxSLubqdvvWwGvEiQ/photo.jpg,Download will not complete and that stalls the install.,1,0,,2016-03-18 14:36:21,,
gp:AOqpTOFpbTAv_jN4DRCM24ufHmDKSxz_uz2DMkjiJlA6VHiNmk1NGcJwm5EH8vwnTAv-4dx1q6WPjxxIALmKWQ,David Gallant,https://play-lh.googleusercontent.com/-Lnni3AxpoaM/AAAAAAAAAAI/AAAAAAAAAAA/AMZuucllfuftxbwGd_KlmXJxqMCVATJajg/photo.jpg,My daughter has an iPhone and I have an android the difference is night n day. On iPhone point up and it displays the constellation vividly and tells you what it is. On android its very confusing and doesn't display the night sky as good as iphone. Stay away if using an android I have a galaxy S5,1,91,2.5.1,2016-03-08 15:37:21,,
gp:AOqpTOF81W2zEaa3RM3RE6nmqM1CJaVMbyWrkuCBdScqPsGu_0bDJAswaHGEjeLUtq8SKAkQ5YRdcAQcE4etEw,Christian Weber,https://play-lh.googleusercontent.com/a-/AOh14GgynAxZtIALEEn7EUCFLpa5yYEiZp8cgwIEPxA09w,Great for watching the stars,5,0,,2016-02-13 08:14:15,,
gp:AOqpTOEnk8emx5CC4iJMdJvkMYlP1tALfNSPE1IEHSCR-c1ouxH-5I5MgtO15oEbUyl8yURd3DV-caR33TnPXg,Jimbo 1988,https://play-lh.googleusercontent.com/a-/AOh14GjYpC6ZL34FMEBQgAiEYH7tfEDmLAvZf6RF2OFCqA,Work but on note 4 I think the calibration is way off. The moon is where it should be during day time.,2,13,2.5.1,2016-01-18 15:58:41,,
gp:AOqpTOHaikavB9CU23NVKX1o9m9MtZWXaECjZDoAvmN_-hHSj4VDO2_LCu3J9s0xHbOqg4E4oFWROxt8p_woTQ,Graham King,https://play-lh.googleusercontent.com/a-/AOh14GiWnbk9USZc43mzjZiSxzLcntphvg5JFFCfo5Mw,"I cannot get the compass to work. I assume it is in the Sky Guide app. As I move the tablet around the map should move with it, correct ?",3,22,2.5.1,2015-12-18 16:36:39,,
gp:AOqpTOFxiFSeVtP5sw1O1wYtyADnoZik80O131zOr_n7fqI0sYpu2OkgquxKgnUP7I1jPoQGE856hgaWOL7IaQ,Nick Thomas,https://play-lh.googleusercontent.com/-4N28Rc0oKoo/AAAAAAAAAAI/AAAAAAAAAAA/AMZuucnbBqUid0598V99TNkJcIckE6Ehiw/photo.jpg,"A comprehensive sky guide, full of information and options that go way beyond my knowledge but it’s something I have been interested in from a young age as a dabbler and fan of sci-fi. Not going to make into space in person but now I can track it all from this. Recommended.",5,2,2.5.1,2015-11-27 07:21:09,,
gp:AOqpTOFc56YzTqf8zmjCh1BDJDAYPjKZncwJo9OYGNTOlTuo3dQIgdUa_UQkEYHW7blK1e_sULl8_FpleOdszQ,Author Anjela Renee,https://play-lh.googleusercontent.com/a-/AOh14GgvLwT0mwaG277S2maUxPpteP-cngWX_dopdScJt7c,I have always been curious about the stars in the sky. With this app it makes it so easy to know exactly what I'm looking at. I love this and will be using it quite often.,5,2,2.5.1,2015-11-22 19:41:27,,
gp:AOqpTOF6wFrnFHTdRTWVUPXFypz_t93eq-xf3FlccMLqsFowHwXNdNy7Heaafvrf3SCrXJvRTwhjgKWI8lSZ7A,Armand Rivers,https://play-lh.googleusercontent.com/-Y_1fvcIC84c/AAAAAAAAAAI/AAAAAAAAAAA/AMZuuckxFjPnmuKey6pI1-auz675psLETQ/photo.jpg,Paid for it and it never downloaded!,1,0,,2015-11-21 16:32:49,,
gp:AOqpTOGIC-9grL1CfXBRjpYLG-2ucTRHFFYE6B24sF3B7uepG9Rjif1OBEybFtNluCjh5DSgNl5qUuGXm8BD1w,Linda Hofmann,https://play-lh.googleusercontent.com/-wWblELWwyUU/AAAAAAAAAAI/AAAAAAAAAAA/AMZuuclF1VjqjLMrvHWqzAMz366_FIQGHg/photo.jpg,It's fun. Fantastic app!,5,0,2.5.0,2015-09-17 12:27:22,,
gp:AOqpTOFfCf2QMY7IMKyNOIebmZYNePKEVrg8XkJWjErqnD5bMX4hJ6JMpySU1abDayM-rf3wCKIEKtLGX6VtAg,Eric L,https://play-lh.googleusercontent.com/a-/AOh14Gh80e2eCh9PvnQtwDng_sOwHWTt9b8fLvM7dv9YJA,What a waste of time. Now I need to get my money back,1,1,2.4.0,2015-08-14 19:11:03,,
gp:AOqpTOFXx7wp5I3tiH3hwz19mfzEFRgOXuYadqE8bY3d7fhweg1lACx4oeLs6u6MDE3FjY9H1HRSOB6CQtlO7A,Branden Pierce,https://play-lh.googleusercontent.com/a-/AOh14Gi0Q3dBPMUJP_IKAwWft5qxIN5WsBGSSXVSJfbCzA,"Sky Guide is a great app for learning about constellations. You even can see what's in the sky wherever you are with the ""Live Mode"" feature. Very cool!",5,3,2.4.0,2015-07-07 07:15:02,,
gp:AOqpTOGOQcrE5DTk9PQ2ILvqRvwP7yr8VqFtOHBkNYNX43kwhaqkT6khNBN5aiW2fPEj80V3LySsM4OCk945vQ,Sherrilee Fowler,https://play-lh.googleusercontent.com/a-/AOh14GgH_3tPUDyiB3SOkCzHcr9qMkp4LG8xi5PK1pk4Zg,Great sky simulator with a wealth of additional functionality. Very good educational tool.,5,2,2.4.0,2015-07-06 09:30:00,,
gp:AOqpTOGbnrEF_i2DRUiNgnQWusNfsMBHGl_zEY9GTtAhi9lUkb7VzmorxWklTK9RQiwByA_yoTKApJQNbby4xg,Jera Pennington,https://play-lh.googleusercontent.com/-FdegOeb6P7Y/AAAAAAAAAAI/AAAAAAAAAAA/AMZuuckn9sqZZmuLPsKSz2bhX6JeIVmAAA/photo.jpg,This is not the same as iPhone app.,1,3,2.4.0,2015-07-05 04:52:05,,
gp:AOqpTOFcfsA8aUiA2l__BGZ8JpmH387yAuSgXt6wyfGt07xT0yG2d-jCqOyv_mZIsbY0FMpaESI68nEU-wwKoA,Amanda Palmer,https://play-lh.googleusercontent.com/a-/AOh14GiL44SswK3m0XiNibU7tkzKOGLZVp7m30XPgT-FJqg,THIS IS NOT THE SAME AS THE iPHONE APP!!!! THIS APP SUUUUUUUUUUUUUUCKS!!!!!!!!!!!!!!!!!!!!!!,1,3,2.4.0,2015-07-02 10:42:58,,
gp:AOqpTOEPb06vU6SrMtylV3YMjX1A7x6odV27ezXVi1HhWKxA6OcRiIAXzRM9OhyVhZZNiynkn1niPFmoo_ympg,Megan Lima,https://play-lh.googleusercontent.com/a-/AOh14GjfV9zxtIozPyr81NgOTkuuwTKN3uCRSj14Fyyw,Nifty nifty nifty loved it,5,0,2.4.0,2015-06-30 18:38:54,,
gp:AOqpTOF9mK4kDGcLQC3xsMyH9h4oAXmyrisvDEQeJKR7K_4DvIOHeEkXlhSYK2javI-zuTX9X-QqnMvweqiDTg,Peter Montero,https://play-lh.googleusercontent.com/a-/AOh14Gh1xbEJfjlZvwD6lT6rgMdncaxsrLP0MbIXljNn,Brilliant app for astronomers,5,0,2.4.0,2015-06-28 03:57:40,,
gp:AOqpTOG8JhnNqHFUucsmW4nhTxYjIEgb4n-gV9mHcCC5D2ljG6rYdoaVzYMBSC-Uk5EaJLZEcWzvn4FqjqzdEA,Peter Montgrove,https://play-lh.googleusercontent.com/a-/AOh14GiZWv_LWzFejgBCSZIr-LUfC7UhW_HkcpIClzQc,"Fully configurable star chart. Detailed information on every object as stars, deep sky objects, planets. A lot of great additional tools.",5,3,2.4.0,2015-06-28 02:42:41,,
gp:AOqpTOHz7pJGOwSyIYIftRfcqt5uiVLL4mWWoVYYYXdVuEkpmaA3vM6ZsxgneZ5YSN6EPLPvw-iUls4jMlwpAQ,Winda Latumaerissa,https://play-lh.googleusercontent.com/-Ha0jVjJ2L9k/AAAAAAAAAAI/AAAAAAAAAAA/AMZuuclC2cyTtyJQG8FFPHMIideY1AVFng/photo.jpg,Exceptionnel,5,0,2.4.0,2015-06-28 02:15:59,,
gp:AOqpTOGaE_aoWROi0Py8FjxpXQM2G2yFhRSdC-yrZYuArHzv2FVa6VjemykVgz8g2PNbWBKav8Dk0sf9T8xg1Q,Jan Pedersen,https://play-lh.googleusercontent.com/-mDAsBz54N9c/AAAAAAAAAAI/AAAAAAAAAAA/AMZuuclmsvMI9G1h7ZImtaHaJ9rNY_CkSQ/photo.jpg,Precise star charts and a lot of information for the more experienced observer. Easy enough to navigate for the novice.,5,2,2.4.0,2015-06-28 01:54:58,,
gp:AOqpTOE0eVxoG6ipAFbRIrS6LccwhCdLiv9CZ9HbaWMYB2XnTAglgpeOfFU-kIftFiq0QhgL94Fp3rjaDCrRDA,I Shot That,https://play-lh.googleusercontent.com/a-/AOh14Gjz1NRr69XJCg_0ZPsOMa2tuKDz-ZjB9g4U7YTM,Put it on my S4 and is utter Crap compared to the iPhone version..waste of money.,1,1,,2015-06-06 21:21:16,,
gp:AOqpTOE_qiv_V95FfKGGJ8gQfULS41fWFjD1S3Q2xrvA-2LiUdqB38x6iyZzCdWA9pKPdvzMNCxUb4ZBS0jV8w,Andy Harris,https://play-lh.googleusercontent.com/a-/AOh14Gjccl6df6E_jn9zQop7QRwvEThVB31ZaxONoC1CxQ,"I've been using the excellent sister app to this for a while now and having used this one also I find it excellent as well. A wealth of information, accurate and easy to use.  Good job. 😊",5,1,2.3.1,2015-05-12 09:56:52,,
gp:AOqpTOHVvaIourZTJLmsd6buVr8ZXnFW7L-v8_2JGACI83CzBIQ-BB5b7JElFm8nIdQbMcSytHu27DzmPfEyvg,Shala Jarbo,https://play-lh.googleusercontent.com/-pARZt10_2Yk/AAAAAAAAAAI/AAAAAAAAAAA/AMZuucmU2E5Zl0haoxwCuZbEZYZZ4biRjQ/photo.jpg,Sucks,1,1,,2015-04-18 18:38:05,,
gp:AOqpTOEKcCrxPChKLZ4R8VZvx7HnaPkjH9TvWq7m7YtnYldvUfH5LbB5eo722FwqC8hEL5RbmC2Q-EfIS4XBwA,Frank Köhler,https://play-lh.googleusercontent.com/-T_mImylVjF8/AAAAAAAAAAI/AAAAAAAAAAA/AMZuucmQqEvPhPFBPQyMNaOUmyRaWSNumw/photo.jpg,accurate and serious,5,1,2.3.1,2015-04-04 09:47:43,,
gp:AOqpTOGKViEMa34gf0bctHgVW8RgU7MUH4ID_LFlCJA9KBfye4ltC3mj6vN1Ly4oPmZP2RSIxS9pcRn8jNTYfg,Stacy Cappleman,https://play-lh.googleusercontent.com/a-/AOh14Gj304q4OGJicFxl7qpMeOUUE6yZ0zMg1TFLhw0Eyw,"This is a great way to ""look"" at all the constellations based on your location.  The vivid pictures and colors look great on my HTC phone.  Not only did I find that I could look up all the constellations, but also planets, moons, showers and more.  It can be tough to research these things without a device on hand unless you are a ""master astrologer,"" but luckily I found that using the app is an easy way to track everything better than Neil Degrasse Tyson!  Love this app and I highly recommend it!",5,1,2.2.1,2015-03-22 16:59:35,,
gp:AOqpTOFaqJPE983UxzMMlb61pD4Y4mw1HNy3kwj9ifmaoE1vbzzIl6WAXZtXGy-21_lOxfyigfwSFJTRfAk3Sg,Crystal McDonald,https://play-lh.googleusercontent.com/a-/AOh14Gjv44QP2yOh1jr6rSp65ce2GNL_XfUlToFz9I7jHYE,Cool astronomy app with accurate mapping. I'm going camping for the memorial day holiday and wanted to surprise and impress my family with my new astronomy knowledge. It gives information based on personal coordinates through GPS. The ability to search by name and constellation makes it easier to use. I've memorized 4 constellations so far. I love my new hobby.,5,1,2.2.1,2015-03-22 13:29:44,,
gp:AOqpTOHDL6Pvo_d-r5C3LcwBEvRFVkA1kQKIPnAORXfRMbQKqzPuHznlaUZeQX76c98c2ETh5Z_Hgcg8FDSuIw,marc atkinson,https://play-lh.googleusercontent.com/a-/AOh14Gj2FtsWduETRGk_G1lMJvFoNKsJF6p39VeAQV1t_Q,Don't bother,2,0,2.2.1,2015-03-21 14:08:13,,
gp:AOqpTOF88fgY5Au8SDWGXbwi_lUfKGbf3WAKkhiHtUT8BpkDTItQp5rH1SAf1DhsbfaBnDi_Rf5RVTbqePT2RA,Ross Tisbury,https://play-lh.googleusercontent.com/-NrVxiSgn5hg/AAAAAAAAAAI/AAAAAAAAAAA/AMZuucmnxdbYMi_DPBpTRWpSpKTEH5H_fg/photo.jpg,Outstanding . . . compliments the Planetarium app . . R.,5,1,2.0.0,2014-12-16 17:43:57,,
