reviewId,userName,userImage,content,score,thumbsUpCount,reviewCreatedVersion,at,replyContent,repliedAt
gp:AOqpTOFqslYwDaUYfs6VOUA1JE8BbT72x46giLjpoVtERKXkUO6_-0MInqk7I27IG6wyT1DICPt8chDAPqtQpgo,Brian Sacco,https://play-lh.googleusercontent.com/a-/AOh14Gg1ZCj7SvPADp7ywMU6dnbB9jNXb3DfMmCOhWLPWA,Such a good game!,5,0,2.0.0,2021-01-18 21:56:21,,
gp:AOqpTOF703hyXHXnL-vM8Xl2yzKN5rd_jzjoax8Scqj_BSrw7_rlnNbnckAYA-NYlj6sqlCrVuQ8kH8odfzwr58,perry hinderer,https://play-lh.googleusercontent.com/-XyqCKNOK8SI/AAAAAAAAAAI/AAAAAAAAAAA/AMZuucmvN83u5Tswz7J8K1k2zF2GgE_fvw/photo.jpg,"Brilliant game, I've also own the real card game as well.",5,0,2.0.0,2021-01-11 02:23:20,,
gp:AOqpTOHPUwc1jW8bQaUTF2XCXzpoc2UN-M8qaMSYsgPu-9cCg-wZDb61iflHwHGkvtYlJ3oiUXpYnjqDXoX5qVo,Brent Clark,https://play-lh.googleusercontent.com/a-/AOh14Gh9f71RHON2RqqkobfuN963vNiWO52NHsCk0VVNzJo,Can't see the top of the screen on my android 11 phone. Would try again if fixed,1,0,,2020-12-26 10:34:03,,
gp:AOqpTOF4weSMBAMVDc4Pe4b8GmkoZGXw9sXC3usK7gejXPULqn2uUeLX7jLkQQypg2zgK6e32-g0kf362H6MAZo,Andrew Calis,https://play-lh.googleusercontent.com/a-/AOh14GiKmgCk8l8yET0LA8qjLI7Zw6ID6guNB5k2dvmVCQ,Goodt,5,0,2.0.0,2020-12-23 16:09:30,,
gp:AOqpTOHVL0vIdxGrD2uODDHucLKAngdLrI3daBjAXVXRDmXXnLIO0C6_NZD4ejsrUW5GRd23cfl9gIergHvGxxU,Derghi Arrinde,https://play-lh.googleusercontent.com/-A-BaZSgvmhk/AAAAAAAAAAI/AAAAAAAAAAA/AMZuuclYMfvdy7yle8yb2EVNovFtX2teRQ/photo.jpg,Really good game with somewhat quirky interface that took me some time to get used to. Manual has small font which is hard to read and cannot be pinched out to zoom in. I still play it all the time.,4,0,2.0.0,2020-12-12 21:52:01,,
gp:AOqpTOFr_t2tBRX34cgCLzEAriovmTsCoeofdfUL7T-CzhE9QzEvsf-rTLdU1o69dS8NkVl_evC_DNKfBCXQkhk,Jurjen Borst,https://play-lh.googleusercontent.com/a-/AOh14Gi4n6h_jCG3ACgojL4d5GJvO_A8SI7McWX2e1iA,A fun and addictive game which I bought to learn the rules. But the digital version is the one I've played a lot more than the cardboard one.,5,1,2.0.0,2020-12-07 00:37:25,,
gp:AOqpTOFrhimcJmSZ87_Vkdm5fQuCQXkNI6_aaPpXkn8p18mCEuCo_aJ5OLVCd79kwENN9pZwQ0BoSRSeTYFZP5M,AC Withcat,https://play-lh.googleusercontent.com/a-/AOh14GiSg1GZmIHfEeDuhzLcZn2p_XLuBamKKe0-jwKy2w,Don't give up if you're new to this game. I kept getting negative scores as I learned how to play. The rules text is very small too. Finally I scored a 0 and was happy.,4,0,2.0.0,2020-12-06 12:59:45,,
gp:AOqpTOFHuCqxhLFn5FzXXQzSfvOTq_5LZ8PJ9AiWu-s0H9EuNCZNHNKsBON3muxef3-ODtTDMjt8iYOqB0E4U_o,Michael R,https://play-lh.googleusercontent.com/a-/AOh14GjhXbz6M9cv4oduKd305Agh9CvSbQTYH_y_9VpEhA,"Great 1p game!!! I have the physical version of this game and love it! Its a real challenge, and unforgiving.",5,0,2.0.0,2020-12-03 20:07:17,,
gp:AOqpTOFDTy3Sb7Pgg0jVUEnFlwXc_levCH_ynu_SpEq9-RURvj2awQIdJOiCiOQbWOhKO3bttAuXX48sxsTR4jI,Felix Sun,https://play-lh.googleusercontent.com/a-/AOh14GiFA7_FlNE2jp8xLdns0-EoYlBXBkZq1VN6YwWZZA,"Being ported to an app gives so much potential, but this is just a lazy porting. No tutorial, no clear interface.",3,0,2.0.0,2020-11-30 05:22:51,,
gp:AOqpTOEiUaRTAWmn7mPZKwE2xVpUheQQR0lKeJNBw_jmH2xo_jCsMxmOxJlUaJn2v8MIIPjikPDHX-hUMwZtJB8,Uwe Wilhelm,https://play-lh.googleusercontent.com/a-/AOh14GjWLp96Niyx3xdaKMFhfGsGVQHP1odr52mggIqa,"Ich versuch' gerade den Spielstand auf ein anderes Geraet zu uebertragen. E-mail Adresse auf dem alten eingetragen, Bestaetigung mit OTP, so, jetzt muesste mein Spielstand auf euren Servern sein. E-mail Adresse auf dem neuen eingetragen... Fehler, diese E-mail ist schon vergeben... klar ist sie das. Hab ich hier einen Denkfehler, oder funktioniert das auf Eurer Seite nicht richtig?",1,0,2.0.0,2020-11-14 01:05:25,,
gp:AOqpTOGWI6xNG1BlG1tMk2NbVU6FQybB7F4lWE6TN7fwIEnvZgbkxJWh9sgD0o5Xk1BJh_rKmprlqcwkySWk5ck,John Curtis,https://play-lh.googleusercontent.com/a-/AOh14GhcsvsT76K5Y75y-62y0RD-OU3ej_x9ZQtysxJM,Excellent#,5,0,2.0.0,2020-11-03 07:25:44,,
gp:AOqpTOFfKPA_LqaWIsSB76enFKKwFKJykT7Th6LisaWptIW8bns3sw4tINKR7230Zfc0b5uAQ_sUgwPN0AiEavA,Chris Wiswell,https://play-lh.googleusercontent.com/-sTi-T4CA3Tc/AAAAAAAAAAI/AAAAAAAAAAA/AMZuucnM-EWWOK2tpCgdD2RQAQf7_p3-Sg/photo.jpg,"Great single player experience, but the rules take some getting used to. King of the Island tournaments are great fun!",4,0,2.0.0,2020-10-23 07:24:22,,
gp:AOqpTOE1zGxLZ8r9_u4KbJ8verOLlz_UFmazquPaTrmSfTI6-XUKvD8rOuxhVvIlH4SHclgAk7fyBqSvvbV8nJ8,Jim Mueller,https://play-lh.googleusercontent.com/a-/AOh14GgE3lE7Upse5tP-vTuPX29RSFM6M9bAcdQVs8v8Qg,Amazing solo game. Quick fairly simple rules quite difficult without being impossible. Highly recommended.,5,0,2.0.0,2020-10-13 16:37:23,,
gp:AOqpTOF_o1GYemf8UhKAMp2a3rS3yXw94vCorPlz8XnucF9C2ljJMopVFzcs58k4SZhO3XYqU61ms7_FGF5azg4,Luis Perdomo,https://play-lh.googleusercontent.com/a-/AOh14Gj2Cu6MOlq6_FVN8hOqeUiQZZZVRjNBT7CU7LM7CGI,Great solo experience. The King of Island tournament is very entertaining.,5,0,2.0.0,2020-10-11 20:14:51,,
gp:AOqpTOEhQ2YGEPAR0VZB8Tn2wowAVNWAN5blh_OWqua5CCx9Cz0BWPP7CB4I9lXI_DvUr_mjctit4MnIG7kcNG4,Rai Icasiano,https://play-lh.googleusercontent.com/a-/AOh14Gixb-92CgXHvFahwA2jm1RW3FkJEltU-xTCRrRbFQ,"Great game. You won't need a tutorial if you've played the physical copy before. The interface explains itself, and the only tough part was the game itself, which was already a given.",5,1,2.0.0,2020-10-06 03:43:12,,
gp:AOqpTOF5nomASdxkZrVxJRCnB_ehZMv5ZeHkIc-JnrZtG-6eBFL2QgkUEfjxkKIIw2qn2UMqni_TfxN8PIjM6jM,Allison Barcenas,https://play-lh.googleusercontent.com/a-/AOh14GgjbLVDImaM4Rj9V1hHCP_CoIDwpJcyJS1jquv7YZY,I wanted to learn this game and thought the app would be a great option. Other board games have great tutorials in their ports. Not here. I should have read the reviews and spared myself the frustrations of a sloppy mobile app.,2,1,,2020-09-20 01:18:51,,
gp:AOqpTOHGMJ0BMkiGabK8JmQaWtuHCNrximXys19burvgDQvBoOFXUAsE3cNU7S12ahlENI6MFvf851ugES980a8,Jonathan Fryer,https://play-lh.googleusercontent.com/-oCzpzXFhW40/AAAAAAAAAAI/AAAAAAAAAAA/AMZuuckr271S0F71jRnMaOPs5nhj9K_p5w/photo.jpg,"Love the card game and now I don't need a table! Wasn't clear on how to use some abilities in the app, but the Internet is a 'wonderful' thing.",5,1,2.0.0,2020-09-19 09:44:48,,
gp:AOqpTOGzDDZ78x8kojDzQCDAT3VKasbUYqT9NULkQCA4cVxd1WbuAP_NRpMsa9bewSb9XlGJsEwhY9izJsuOBDA,Sara Johnson,https://play-lh.googleusercontent.com/a-/AOh14GiZTE17yrUQCqAJkajH9CjkVmahbUF6yRzD2xDMGg,Excellent solo strategy game and excellent adaptation,5,0,2.0.0,2020-09-13 16:20:48,,
gp:AOqpTOHOxw0iOluOVJ1ci4gGYNH_mjeXq6UAGyG4MokI8jcB-vQadhpdCZtNDOoUvR-kpGnEAn5wwsXmo3nYA5M,Ondřej Jelínek,https://play-lh.googleusercontent.com/a-/AOh14GgZeJleW4ZQdsyVPRVkCSNr7GdUPB_9gvV4XyIRRQ,"When fighting the pirates and lot of cards are on the table, the help text is not shown. Otherwise nice game!",4,0,2.0.0,2020-09-06 04:26:48,,
gp:AOqpTOFDWCfKoFQenJr7H7Mpg0C2gUcAL2mbQwoq1hlaVCVE3ckv7dW8MjneOGxIMJTXpq7ot25BIsPaCG37qts,Toby Tornay,https://play-lh.googleusercontent.com/a-/AOh14GhcvKftAj4rwYaqF6VZVPW8kYWi-eWwZO3bykMK,Very clever. Difficult to master,5,0,2.0.0,2020-08-28 12:03:23,,
gp:AOqpTOHR7hnawrwzGXlPZe8crs0V_nD3X0811pOJaD3rNq7oKI9uyy5wVveMzW4YV4NTs7-mPmZN-nDs8z5OFtw,A Google user,https://play-lh.googleusercontent.com/EGemoI2NTXmTsBVtJqk8jxF9rh8ApRWfsIMQSt2uE4OcpQqbFu7f7NbTK05lx80nuSijCz7sc3a277R67g,"Fantastic solo card game, challenging enough to draw you in time and again. I would have given it 5 stars but the game has trouble connecting and therefore I have never seen the highscore tables.",4,0,2.0.0,2020-08-18 17:10:24,,
gp:AOqpTOFxEhKLVndV07BU6u_RJPG8QHSw3CDjZhOKpxTnAq6xtxezt8-FWu0W2xEC4JRgbkiRk7k-D95Psovk-4k,Jason Currier,https://play-lh.googleusercontent.com/-VrOr4sXKmlM/AAAAAAAAAAI/AAAAAAAAAAA/AMZuuclapwP8Ko7tfQ4WBiwc1iaORorWow/photo.jpg,"Takes a bit to learn, little longer to learn a good strategy, but so satisfying once you start having success! Great game",5,0,2.0.0,2020-08-14 17:48:17,,
gp:AOqpTOGzJuJ1WWwSuvzzO6J8qXeoTt_JNOfkN5lwmg7gmsgsrm1vPXTb928gXrl9bCwKAHc0OMfMbeM32uDYtRM,robert glenn,https://play-lh.googleusercontent.com/-wG2GSYfOjaM/AAAAAAAAAAI/AAAAAAAAAAA/AMZuucmYxbpFntGq4hxJ6iJyG0YHXdWuvg/photo.jpg,Fantastic digital adaptation of a great solo game.,5,0,2.0.0,2020-07-29 21:07:32,,
gp:AOqpTOEA1rAtWqiMqe050_RRZrE6V8h48EXzT74_RFfS_-opMuUvcVaqSP1ZZ5tWuG8GV0yeCMRUwzj-LoXMlSY,Nick Butler,https://play-lh.googleusercontent.com/-2Xh4YtdERbA/AAAAAAAAAAI/AAAAAAAAAAA/AMZuucnHfF8yEWDWZumNS0iQExC6s_yH9A/photo.jpg,"I don't have experience with the card game outside of the app, so if this is Friedmann's idea I have to say his game bites. But I perfectly build my deck only to be told I've run out of cards, and while my experience should have resulted in a high score I'm eliminated before I get to the pirates with 18 health and no recourse. So while it's an okay game, even an addicting game, it is not a great game.",3,1,2.0.0,2020-06-23 18:40:01,,
gp:AOqpTOFzVJwexINMYYBlw7G2_e18_GjBiwRxetPlz4c7qY81NK_WjoVEm1pGk7drKzROsPopC2awNUePaQt9lm0,Orngen Blak,https://play-lh.googleusercontent.com/-L1VrQ9xI-LY/AAAAAAAAAAI/AAAAAAAAAAA/AMZuucmCW2g09L_IgeeFhVswIfhF81TZqw/photo.jpg,"Very fun game with a biweekly tournament! It also clarifies some of the rules that may be ambiguous on table top. I gave it 4 stars in graphics because some of the menues fade and therefore hover over what you want to see. But not for long, and it's really not that big of a deal. Enjoy!",5,3,2.0.0,2020-06-19 08:37:58,,
gp:AOqpTOHrp8Isd8LSpXaif58PSBSpziaajVr-nMVPuvc4CHEjBDFpX8nPxDYW4gxlWLCUVYb23cm-4KinLNmF954,Kawaii433,https://play-lh.googleusercontent.com/a-/AOh14Gj3x9pO5sAejFBC2LOanYhf0VxIANQIVg7rkBMmQQ,Love this game. The app is perfect too.,5,0,2.0.0,2020-05-22 09:57:13,,
gp:AOqpTOHvpFN7b8AXXdHsw4woS-z1gr_yefWQoIm_qoj44REWOlie6URF8ocQSUCnheBebyZjDMuUhKdg9I9ynss,Ryan Hibshman,https://play-lh.googleusercontent.com/-Xd_M6EEXyZA/AAAAAAAAAAI/AAAAAAAAAAA/AMZuucmHa7ZN6YFDsAvP_P8a1Pz7Ae1xUQ/photo.jpg,Excellent game.,5,0,2.0.0,2020-05-11 08:26:32,,
gp:AOqpTOHf9Ja6PVF2b4inurNvvC1VIp5FOIFRqxEri68pH8qRyNsBVxIMtptCSHdhLv8CRSnzXKe8WICz8b5e8IQ,Maruel Zain,https://play-lh.googleusercontent.com/a-/AOh14GhRyhcM1-Szu6FGlWca3-CFltuC6XVSZnJGkI12zg,"Good game, poor app. I got this to see if I would like the game. Unfortunately, the app makes playing and understanding the game very difficult, so much so that I've given up and don't even try anymore. E.g.: - no way to see the contents of your deck, the threats deck, discard pile... for a deck building game! - no undo for very basic actions, sometimes costing you the game - activating card powers is really awkward Get Onirim instead. If you wanted to try the game, just buy the physical game.",1,8,2.0.0,2020-04-27 03:04:51,,
gp:AOqpTOG_QNWoroaxUcG7tMqLjgPjvddmTIn4TA2Kvcixr9hE0DU29EzSLfUAPb1fkQ5e1-MKAn1OM-QBWKVkp7k,Mario Saucedo,https://play-lh.googleusercontent.com/a-/AOh14GjXsLkzjEG7pjtyPTgcDfPjuvCpHZv_yisHVMjuCg,I bought the boardgame a while ago but this is so much more convenient. This game is so much fun and passes time in a very entertaining way.,5,0,,2020-04-09 19:38:02,,
gp:AOqpTOEkBAEdubPyJkmttRWjMOlCp0iLb_QEPT45dLGCLpKRvBt5NetlQLcRlrRTk-e1QVkYbHXd0PngR0OK-tA,Spiros Bardis,https://play-lh.googleusercontent.com/a-/AOh14GipoAeD8PGrNgEgik03DfPscll5xA4ol1ZvCFMrsw,"Λοιπόν. Ύστερα από πολλές αναζητήσεις για σόλο επιτραπέζια και στο bgg αλλά και μετά από μερικές προσπάθειες να το παίξω στο tts, κατέληξα να αγοράσω την εφαρμογή. Είναι φανταστικό παιχνίδι και πολύ καλογραμμένο. Αξίζει τα ευρώ του με το παραπάνω. Μπράβο στο δημιουργό αλλα και στους developers.",5,0,2.0.0,2020-04-06 14:29:04,,
gp:AOqpTOFvp432mjb6o8pBq2AvwHnzTx_vtZOVvtL8j6roqQTREb73Ms6QswNllnMiVccUbwlL91V80x1q7vl_bBU,Dan Clerkin,https://play-lh.googleusercontent.com/a-/AOh14Ghi4K1LXH6vq5-Hxi4fkj7TAhwSaWL3cUtUlB9I,Fun if very difficult,5,0,2.0.0,2020-03-03 07:01:21,,
gp:AOqpTOEJDA8J95N6u2KdKpJPyCz6xC3dTO18VZcTl7iohSQadxeln6kCjXycauYDVU1bIrLFhVYPhknrpucXs08,Kate Rietmann,https://play-lh.googleusercontent.com/a-/AOh14Gi68znK033oGZQ2vNIQ4PY4VCUGJ2SHGRm7MUI4IDc,Awesome game!! Very like the board game.,5,0,2.0.0,2020-02-28 19:19:00,,
gp:AOqpTOHKOMoQuyeto947aMVydO00TRvHyu1yzcvA_lSvy_znqYWsTWhV-8ZZg7fsnaj42I3Eu_JUb2_RermDf2g,A Google user,https://play-lh.googleusercontent.com/EGemoI2NTXmTsBVtJqk8jxF9rh8ApRWfsIMQSt2uE4OcpQqbFu7f7NbTK05lx80nuSijCz7sc3a277R67g,"Supposedly one of the best one player games, I find it very engaging and still feel far from conquering it as I can see some do in two weekly competition, it will last and last",5,1,2.0.0,2020-02-14 08:32:01,,
gp:AOqpTOFPbQHeSWI_tXXElE0-qX2oYHwP0CsrP2ZdWD4nZA6nwDrl0E-xxMmEYMdfr4D5qHb2u7ryTZd4RJ94gz8,Adam Winston,https://play-lh.googleusercontent.com/a-/AOh14Gi-QPCUN9ENyWzYDkMRdyqoRvFMmOEhM10hjEWOu-U,A great and effective digital translation of a tight and well balanced solo game. Would definitely recommend.,5,0,2.0.0,2020-02-10 03:51:37,,
gp:AOqpTOGLN4VMmm1qmTEsCMcbVMkPoLt2BFx5oUz9E9jXlTu4FCWuqq7SqvWADT972_F5h94Ly3imwUxNM2l1u9E,Christian van Someren,https://play-lh.googleusercontent.com/a-/AOh14Gh-q0TZg-_IBlukQpUslxfe_dY3dtzxHkWp7VsnGw,A great implementation of a great game,5,0,2.0.0,2020-01-24 21:58:20,,
gp:AOqpTOHgjbinv278ijCkXeeYfoEuJyKtU2fizhmYLb_8KCNWjepWHgFbDkaW8EXoWkNjnT7A8ck8MUB-ZyTI-Ls,Morgan Dorado,https://play-lh.googleusercontent.com/-pKc0vknKB4g/AAAAAAAAAAI/AAAAAAAAAAA/AMZuuclDzoUEOZk-RvdT2cvgI4tC2vRmsA/photo.jpg,"Pretty great game. However, I'd still prefer the board game to the app due to the HUD.",4,0,2.0.0,2020-01-10 07:36:47,,
gp:AOqpTOHigIrzrpONZBf0yx1te29weQ5Q9E_lRnfJ3n35Smf2aZ9oMyO0pHdJOWMx6f1jKvJe_BtS0_GewMg4bpM,Brad Rhodes,https://play-lh.googleusercontent.com/a-/AOh14Gi9nDa7OVCW9VUmpaYEw8p2d87seROXdrfoHsHkFA,Frequently fails to allow use of card abilities. Either is bugged or is lacking error messaging as to why.,2,1,2.0.0,2019-12-31 08:51:24,,
gp:AOqpTOFz4VWzrBcbJCfsDM7ODlAq8x2rYgqjyyGAQfZz8dD93ND4qf3VgdQr-n9YtIGESJHRXJopXBFOUN_i7iU,Jezza Andrews,https://play-lh.googleusercontent.com/-363nxl19huE/AAAAAAAAAAI/AAAAAAAAAAA/AMZuuckZDHBCJ1Y1JZg2AG3-qxT4RnrfOg/photo.jpg,Needs a tutorial,3,1,2.0.0,2019-12-30 11:39:02,,
gp:AOqpTOEShA6I64eI7guej0NmIspyUqDc5o-XHPciaL8KrkvXz5pvDQH_Bj8YEUkqgminkb8q_E2RHyA6lLcPODM,D P____,https://play-lh.googleusercontent.com/-S3MGlShr4RA/AAAAAAAAAAI/AAAAAAAAAAA/AMZuucnsCI3UmPtkAfvvG8QmYgR9ZyS0YA/photo.jpg,"Good implementation of the board game. It badly needs an info button, though, because the controls are not very intuitive. Also, it frequently crashes when you try and resume a saved game. Best to only play it when you have the time to play it through in one sitting!",4,5,2.0.0,2019-12-26 10:53:46,,
gp:AOqpTOEfUXzW_O4w7Fudt12FuPAUDBe6xVjLDuu0_bgqy4XgkECUDLH7ZieAmUsYX8KJSGb65HfrsS8qly9AadM,HuMoDz,https://play-lh.googleusercontent.com/a-/AOh14GhVP-qVyRXV8VrzMHHkJkb2v3iGWfWClwmZeYwDew,"- The animations are a bit too slow and nauseating. There's too much spinning, some popups fade very slowly. Turning off animations doesn't really fix this. - It's not possible to go back to the main menu and look at the card reference without ending the game. I can do this by closing the app, but IMO that didn't have to be necessary",3,8,2.0.0,2019-12-21 04:02:24,,
gp:AOqpTOEbn9gSyaX_fS1HNnn13pKLqMolImMU8Ds2ZpJaMuGriQhcRyod4b6_gwRARc68KsxKZ8VPdmzBURQoLWI,Kevin Lamken,https://play-lh.googleusercontent.com/-Qn3F2FxJ5M4/AAAAAAAAAAI/AAAAAAAAAAA/AMZuucl77_0OTL7fa-GiM4G5A5BAw1tHvw/photo.jpg,Got gud,5,0,2.0.0,2019-12-20 14:58:54,,
gp:AOqpTOHh7MEJx-pFROoN7Ew0Vs60gBJe7AomSd22QNRkbmVBtWVAZcE_JBw3ksN8tmaYqQJN3R7d_KMJljT10N0,herdianto prayogo,https://play-lh.googleusercontent.com/a-/AOh14GgFvBnyFl5PrEVBO7FEb7R5K32NokiFn7WhoaUGGw,"I can't push the lowest button, because it's not showing all of the screen.",2,1,2.0.0,2019-12-12 16:26:40,,
gp:AOqpTOHbpoepaO_WXiqZ0WDqIKWLKtq6JaZ-0i_mSxYHH3V5qgoKv329IBQLU--CItydEGs0ZlG1vVHpMpREzvI,Chad Bloomfield,https://play-lh.googleusercontent.com/a-/AOh14GjyuaGvs-ht4V6mQO6x3aRdAYAD1VbpiLqDVLcqog,"This is based on one of my favorite card games but this app is rough. There are several bugs, some of which are game breaking. I am still using the app but only because I love the game. I hope it is fixed soon so others can enjoy and not hold the lackluster app against a great game. Edit: still no updates.",2,11,2.0.0,2019-12-06 20:02:48,,
gp:AOqpTOHWJIGv1zclSTBMb06hlTmLIDjjbkoFrsK6JHO5vQBpVNT1ISQ4yZECzaHnxa4qMju5ffXPnwINYg5W96E,TJ Warren,https://play-lh.googleusercontent.com/a-/AOh14GgzFumcOsPoj9ZAraOTqC75o0pYCc3aXddH2JxMZA,I. Love. This. Game. 😊,5,0,2.0.0,2019-11-22 14:33:54,,
gp:AOqpTOGYkvOoDdAdpwv-DnmzX0ZennpH6wHryU361N6Af7Ii6gTfNft3Y8nY45TozJPxu8rHEQGzXLtd9Zmm_7s,Xerxes Rigon,https://play-lh.googleusercontent.com/a-/AOh14GioeAbaADb0LHfGXokUet9g_13bQImFpPKPDyLH0A,in my top 3 solitaire games,5,0,2.0.0,2019-10-23 12:33:08,,
gp:AOqpTOHgzsR12P2LhvBvGY7dahOU__m9qUpE-8yriXpa78Rbxof77o-PW9W9F9MLU0lWwg6kpYQm1rIfcRmMXPE,A Google user,https://play-lh.googleusercontent.com/EGemoI2NTXmTsBVtJqk8jxF9rh8ApRWfsIMQSt2uE4OcpQqbFu7f7NbTK05lx80nuSijCz7sc3a277R67g,This is a great implementation of the solo board game. Any problems that have popped up have been quickly fixed by developers. An undo button would be nice. 10-2019 there are now ads in this premium game. Before there were sometimes ads for other games by the same developer. I let that pass. The last few days I've gotten ads for what looks like coffee (ad isn't in English). Reported to Google.,2,4,2.0.0,2019-10-13 00:43:43,,
gp:AOqpTOHnf7dqP-uxtUmNrQ7uzQh1hydTkqNGrFv2gx7HoM5s2wBOYhvI8Q8y60vnnRtxLYoFQnZX5IoKZyr-hJw,Britta Aldejohann,https://play-lh.googleusercontent.com/-n6H95G39Hng/AAAAAAAAAAI/AAAAAAAAAAA/AMZuucn4_YlNBVMxE7pWn6h-CfhrNfhzoA/photo.jpg,This is a great implementation of the card game. Be prepared to loose a lot. 😂,5,0,2.0.0,2019-10-07 07:48:18,,
gp:AOqpTOH_DAqShFC8kLOmaRb1AIGEgZw3sFZXKBOG03LsuIlV9OpqRoC_yRgjKO85tHlOV-rsVYGwaxE8IDovNZM,"Gaby van Dinteren, PMP",https://play-lh.googleusercontent.com/a-/AOh14GgMi7XtZnRIHHW_wjCgW2VrEpkRLzyZBQVjGpJuiA,"Great port of the game. Makes the IRL card game redundant, because you don't have to shuffle cards or keep track of things - the app does that for you. Great for lazy people like me. If you manage to win one of your first 10 games as a newbie player, you are pretty smart. I managed to beat level 5, but that requires a fair bit of luck. I found two problems: higher level games (4-5) are not saved well after quitting the app and I cannot go back to finish them. Also I could not find out how to discard a card with the ""Sort 3 cards"" ability.",5,5,2.0.0,2019-09-27 06:33:45,,
gp:AOqpTOEfA2-8jzHIaGHIVgikNmqzOowu5nPwWJveHhjBcuVXDJHgaEKPA9b0yzhekbacny3z9Nn8FAHJbs6TaV0,Midhat Muhic,https://play-lh.googleusercontent.com/a-/AOh14Gi1vtNreHEQA6b29h0baXodIr38dPvvAty4xMabbg,"I love the physical game, but this version is just a disgrace. Frequently just stops responding after I choose a hazard card to engage. The whole UI is just embarrassing. It really lacks life. There is no visual or haptic feedback whenever I press things. It's like a badly made website wrapped into an app instead of an app. If you're charging money for it, at least put some effort into it.",2,6,2.0.0,2019-09-19 05:52:45,,
gp:AOqpTOGNp4SYNDdyaw37kxmJvKXAvdk9Ba_UBIxumQWXHYL336jczEKcJlwLlCYPSJv4N3ZW70zUi_DVThsZCD0,Ryer Schelling,https://play-lh.googleusercontent.com/a-/AOh14Gha5fLpYrhtU3J2_4kgFKsIIO-o5FcVeGVRJpmv4A,Great solo game,5,0,2.0.0,2019-09-06 04:08:02,,
gp:AOqpTOGPvr-sHSJ6vc4D6PIVtsLihaNCPHGFo0VELa9PGvjTvNiAuhlwgDxmH4s1GtR7cflaLxDkETdhu7x6vRU,Eddie Stanton,https://play-lh.googleusercontent.com/a-/AOh14GgVFxEfTpCuL_5PAAuMfmOq4IyvMLolvlQUvJd7TQ,Great solo game on the table and now also on my phone,5,0,2.0.0,2019-09-02 18:41:47,,
gp:AOqpTOE0UMmtJAXWYXDh3bXBzLC9nVwhINXyT1MNTHk9e87iDAUU3RkZ_Z44kDYSQObjyqfOLBiqq754mXCXbxI,Matthew Surburg,https://play-lh.googleusercontent.com/-sskgs8yeDoo/AAAAAAAAAAI/AAAAAAAAAAA/AMZuuck8CUdeCZK-bz0GfOThw02AKxRTtw/photo.jpg,"Fun, light game. Challenging at first, gets easier once you get the hang of it.",5,0,2.0.0,2019-08-26 07:13:50,,
gp:AOqpTOEes3aHRRYNtgHaAh33xeq-Qy0gb5aGakRl7G08IddVdDRcqWA5hSduaLU5S_y-5_WkHa1GVTeB6LtSbXI,Aussie board gamer,https://play-lh.googleusercontent.com/a-/AOh14GgMPpGxVi3lhBnktPb7y2LvGXpIbG7s_KwlbPutGw,Great game but real one is better.,5,0,2.0.0,2019-08-24 04:35:24,,
gp:AOqpTOF2U3fD7hVp3a8VyE-qLpUsytp188ERR-9iM0ybo5M-PR-I4d8cmeEj44isGAYoZUBIAiM9xlp7pG2oy7Q,Moses Jimenez,https://play-lh.googleusercontent.com/-ai1_S2vOMbE/AAAAAAAAAAI/AAAAAAAAAAA/AMZuucnYANLDw2YaG_BWHjfA3D0vMkpYfw/photo.jpg,good game,5,0,2.0.0,2019-08-08 23:21:25,,
gp:AOqpTOHULTxlMCvS1Olp7CAvxe5JjgCksVXhDI3A7cRJzB3CTIGkrnhMtYJrivsRUw9MRdyiogI08n3bpQoLwI4,Mike Dinelle,https://play-lh.googleusercontent.com/a-/AOh14GgNmi_32Og9Zw5jfYk1Q8V797Jjp1uLPwPXlfb1ww,Great game but very hard... Also I've noticed a bunch of translation errors,4,0,2.0.0,2019-08-06 06:47:51,,
gp:AOqpTOGHfSuP15qB4DFVw9VowxYXb0c2twtkwYeOKm93RSZEyd0IbEDciMR8Dn1GJOL0zKaBJIAJ50oa-o_K5I4,Derek Paz,https://play-lh.googleusercontent.com/a-/AOh14Gi0OsZwopMvm9uyl9q--iNVYsVKmn5xeRYGEfUnfQ,"Super awesome, fun, great game. I can't stop playing and don't want to either.",5,0,2.0.0,2019-08-03 20:32:51,,
gp:AOqpTOGoV57lQyrimAQ0PsujS0-B1AxZdA-0Nb2pKZ-GwuWlAPpMMBDdTuf1PmqahbLGVCWf52gGwTWPtqOIF-E,Stephen Hamel,https://play-lh.googleusercontent.com/-TUn2p6j8fKo/AAAAAAAAAAI/AAAAAAAAAAA/AMZuucmQ0wL3rPlkKkanl6M93QrRep3Gfw/photo.jpg,very addictive awesome little game,5,0,2.0.0,2019-07-13 09:21:55,,
gp:AOqpTOE5zrR7ldG0BD4YDN8KPvQoYKh0MsqvE9wHdbyiyEG7xzILU-DGV3AGiLowlZ0ty9x8j1_9G40z5vyf7Fs,Benji York,https://play-lh.googleusercontent.com/a-/AOh14GjYqg9-E9K7AtxrKSWl3_CdgqHih06OC_Os9Xd0Tg,A great game and a very good implementation.,5,0,2.0.0,2019-06-22 11:49:42,,
gp:AOqpTOHn2DfBNuAI7a3jGGRBwrOFE8mki0iqv0U3Z8PLpo7PXevsd7GameeoagzfQgljckJUFAxBz5j9s6JFKOI,Joshua Lechliter,https://play-lh.googleusercontent.com/a-/AOh14Gi2aTQmJ2Gisb7_EdOPzh6KmZdqJkzRtvIhRbjdyw,"Great adaptation, a little glitchy. Sometimes taps aren't correctly sensed or applied. This does not really detract too much from gameplay but can be a bit annoying. Over all this is a fun game and moved well from table to screen.",4,3,2.0.0,2019-06-21 22:00:09,,
gp:AOqpTOEBD-jmN4i_TKTBOYL6i3FmgRi1UwkYkkpSZktN6bLrJChyeMuynzltwQ9UDNkTMmhN2cinbW7CIIwStZs,Ohad Ouziel,https://play-lh.googleusercontent.com/-blGYWPI6h3A/AAAAAAAAAAI/AAAAAAAAcIc/AMZuuckT8wHZghm3QUNeQv95kuy26ZHkhA/photo.jpg,fun and hard and fun again (could do with a tutorial though),5,0,2.0.0,2019-06-21 03:02:14,,
gp:AOqpTOFKuUAu9SMxuSDoBuOmNztb4bWXnNYzTgt8DT_dfoYEPZGHye2St8Ymqn8ot7drnwehn1Rb_J5ZaKl0nEo,Dr Explodo,https://play-lh.googleusercontent.com/a-/AOh14GhFR_bKA6c40_vwK5EqpZdAgYGCG3rZLaHis37o8g,"love the card game but there are a fee issues with the app. sometimes using ""1 below the stack"" seems to break the game and I can keep drawing multiple free cards... also on a couple of occasions the exact same aging card has appeared twice when drawing to fight against a hazard, which shouldn't be possible! also as other people have mentioned there's some typos in the achievement and the game would really benefit from an undo button as it is way to easy to select something by mistake...",3,4,2.0.0,2019-06-19 09:39:46,,
gp:AOqpTOHcejllMf-fnFBZGqYvDaRV8Khdq8uGBeNIt0DW73jbvmLg0KM9pP_Dg24VUtgGQMAHLLlC2QHTYxIiI-0,Jake Zeck,https://play-lh.googleusercontent.com/a-/AOh14GgE4j9CtXJP5z-ZwPATVyupfNWcWZ3H5iL-1nHC9Q,"The card game this app is based on is an amazing solo experience packed into a small box. Each game has this amazing arc where you're building up your capabilities facing challenges, slowly at first and failing often. Then things ramp up in a very satisfying way and you're just barely hanging on by the skin of your teeth until you finally pull out the win or succumb to the withering onslaught. This app is an excellent port of this very fun and challenging little solo card game.",5,5,2.0.0,2019-05-29 13:12:16,,
gp:AOqpTOGbfNJvCPNnEimmv0JJi1FjOC8Z_wsYutVxJRDhac5vixoFK6gyZklHx51d4_ZRR2VMHFsJTb2XUiGY2hI,Humberto Eduardo,https://play-lh.googleusercontent.com/-OMeuIrwjOyY/AAAAAAAAAAI/AAAAAAAAAAA/AMZuucntM67jNeSHcITpDmaOT5ChpGd6qA/photo.jpg,nice solo game when on the move. Have the boardgame for a long time.,5,0,2.0.0,2019-05-22 13:54:11,,
gp:AOqpTOH0vWVPbCr_FOguN283LN-OEQhOOBPCzHnHET7Nw1mnrELW6ofVVoIolJASUypQYDTytf-w0AAeJrwStAA,Richard Carlsen,https://play-lh.googleusercontent.com/a-/AOh14Giq7Fq3tqB8qoiMlRA4VqlwZlN8UgWkPZfFQpGfxQ,"A pretty darn good interpretation of the game. I'll never say an app replaces a game per se, but Friday hits the table a lot less because of this app. That being said the game is definitely easier once you play the physical game as the how to is wholly insufficient. Would be a mark against it but it's a pitch perfect port of one of the best solo board games ever made.",5,11,2.0.0,2019-05-14 17:43:23,,
gp:AOqpTOFLOvMSsDD2I5r1vbDfygdsVeI_HyH24lKtdd_A0wvk4i_ysRGvPH2mkUpQlH9taM-pXB1rkBXDsSeUEjU,Erin Forte,https://play-lh.googleusercontent.com/a-/AOh14Gjc95bsKlmBNX1VN_LwGkRhhC6dfRh6gqfszkzbn0Y,Great game!,5,0,2.0.0,2019-04-12 10:09:51,,
gp:AOqpTOGLCaQ2MZ9h80MHKEqKD7wU0bHUuiStstgX45pxjYH6cjKSo-4InBg9mw632flDv9Y25Cu5D47KKNQD_-4,quazl,https://play-lh.googleusercontent.com/a-/AOh14GiTxLKdlw059P8qyzmZfsCRij-vKo-hgweDCC-x,Some strange UI design choices.,4,0,2.3.3,2019-03-25 12:39:03,,
gp:AOqpTOHkfgZkNxkiBUd53TKggk-SAMcIhDSuB4CHOHQZy9st3sJMWUErwi8KtsF4nMvrch0mF3rg0Xvcy25UiRE,Cheshire Cad,https://play-lh.googleusercontent.com/-YvEKlFOKS_0/AAAAAAAAAAI/AAAAAAAAAAA/AMZuuckp_0k3dbecg8khmUAMK8HTI9JbyA/photo.jpg,"Instead of a tutorial, it just gives you the game's manual to read. Which would normally be excusable, if it wasn't just a scan of the manual on the LOWEST possible image quality. It is barely legible, even when zoomed all the way in. I can't understand why anyone would think that's okay.",2,21,,2019-03-16 09:44:01,,
gp:AOqpTOEUWBrqv1oNojx667BDw0l9jO_2nrOjPCH6oPNWP0QxHFl8PQSeoCfK3sIzkLPZ4j59CQ7uBZ5DJs32bys,Tanwaya Yookasem,https://play-lh.googleusercontent.com/a-/AOh14Gh545koawQzuZXLbINj5XuILPKn5PnJo7E6jY5xGw,good fun.,4,0,2.3.3,2019-03-16 07:20:01,,
gp:AOqpTOEmHhEqmdtgcldpTkGcwFC5wJJMlDerDOpUCNZ5CH7e-2IHuQWj_DyFvWiX29SJ7aiTeJrTs6WAGPUQR2Q,Yokem Hard,https://play-lh.googleusercontent.com/-h5AYgwZgiKY/AAAAAAAAAAI/AAAAAAAAAAA/AMZuuckpXDRUuV4M-pVAs0OarPtrpw7ieg/photo.jpg,No tutorial,1,0,,2019-03-15 20:14:09,,
gp:AOqpTOHQnHWXDoW9mw_iheSuASCo8F8jils22OHFXDuP50wnHIjCTk5VtD4lRvY1JwRJpPI3BYhNFBGl34Xppn4,Jeffrey Amos,https://play-lh.googleusercontent.com/-X3bjY_HTYWw/AAAAAAAAAAI/AAAAAAAAAAA/AMZuuclYSjI5i2VmI0krekbo-67Ll-MQVA/photo.jpg,"It's originally a one player ""board"" game, but it's better as an app. It's a deck-builder, with the twist that the starting deck is substantially worse than in most games.",5,2,2.3.3,2019-02-25 08:16:10,,
gp:AOqpTOEX-QZM7YsYM2HjM_MkaGlDSmlrW3RHLO8D82sCWmkyNcqjiiVgZq_nGZo-Azjs4nXRl68R1_3uRKg1vbU,Marcus Pratt,https://play-lh.googleusercontent.com/-AQPUgbcHitA/AAAAAAAAAAI/AAAAAAAAAAA/AMZuuckPOYnvpwxanpz2wayZUQ5buHkg1Q/photo.jpg,Great game but a tutorial would be helpful.,4,1,2.3.3,2019-02-22 12:14:19,,
gp:AOqpTOEkPVBqoYdDGXDyrgcjKjfTQ3cS_qY9c7O3ez5rEejZAOSsPuMyu7xtcUvGKTWl85_ZkWAfG6wcD0_pMAQ,Frag nog,https://play-lh.googleusercontent.com/-bylovbF3fbI/AAAAAAAAAAI/AAAAAAAAAAA/AMZuucmebQs1nWdLzBRngoHsLceQ0PeWjw/photo.jpg,Excellent solo game. Different game every time,5,0,2.3.3,2019-02-18 03:40:09,,
gp:AOqpTOHtCAALKAOpqJDDXFN04gOhWoCi8jvCJML0b1WSyryPIbrjuoVf0TOz_MbIrzCDfhMQKGoBmvoDu_vNvlc,chris Cler,https://play-lh.googleusercontent.com/-v20au5VB4Xk/AAAAAAAAAAI/AAAAAAAAAAA/AMZuuckiD53Z9UDfzW5vAqe2_8fux-iM2A/photo.jpg,cool game,5,0,2.3.3,2019-02-15 12:40:15,,
gp:AOqpTOGaB0X3kt6VXPxyvIsaViYpEffwX2-y2xhqSRUSLDhSx81JC0pRWE9T56CTJHz4_gZGcWndDOVa-4Tf5as,theeldeivd,https://play-lh.googleusercontent.com/a-/AOh14GiDD0QXAZOZHozFq4bPDdyoWmVYsxeIcxstvj31,"Very good game, really entertaining and good to spend some time.",5,0,2.3.3,2019-02-10 23:26:24,,
gp:AOqpTOG0nntAOxTId2DotOoqnZPMDJjH4caWQX9Js90Soi78lWkPbZY4Q2IBiKa4tM2-lLQ1h1VUfUrPiOhle7Y,Lucas Sencabaugh,https://play-lh.googleusercontent.com/a-/AOh14GjnnoEJpmdF44D90Gm8Ggw8ZTrUlyGIvpuV8pwX,"I've been receiving ads, pretty disappointing since it's a paid app",1,22,2.3.3,2019-01-02 08:32:56,,
gp:AOqpTOE4GvcE8TvbACoyvTYlutp4VphQiOynWKn9PGfGScJVGfgZvRVA71pVzGtYWnOdKJUBWE4dIXVT_dER9hs,Lee Newton,https://play-lh.googleusercontent.com/a-/AOh14GjaG-fLldsWADc4JPyrg82uW-Y434WVm0_EDI91IQ,online doesn't work. and it's the only thing I bought the game for.,1,1,2.3.3,2019-01-01 02:42:18,,
gp:AOqpTOE5TBwX37rQikIBjcTkVX5FIvLA_cg-EQOyQMgyJUnWC02hK-4tKHes-7XdgJfUQXl-5Wth-i7isDlYILU,Karl Kindt,https://play-lh.googleusercontent.com/a-/AOh14GjCjbgoln83cpgs0cDzlhWRQpuwp2pcT6NpHQseDsg,Great solo game in a great app. Could use a tutorial.,5,1,2.3.3,2018-12-31 19:55:51,,
gp:AOqpTOG9MbWAJ-lVTsIxKC0CiniCLSzqdfts4v74K0Mkj5HeAwD2MEAWdBRIWVzKVnOsidjSne5jAbzsIjjAk3k,Aaron Pieper,https://play-lh.googleusercontent.com/a-/AOh14GjoZXNfGFPO71e69Tw0gSojImd6RJBjpWbgY_NxMQ,"Features obnoxious pop-up advertisements for their other games, which have no place in a paid app. The gameplay is fun and challenging, a testament to the flawless design of the original board game. However, the tutorial/instructions are near non-existent in the digital version. Many spelling errors; I can guess what ""disctracted"" was meant to say, but how do i get an ""Ear Victory""? It is required for an achievement... ...",2,15,2.3.3,2018-12-28 07:25:12,,
gp:AOqpTOGTT4DUQqWB0f4AGO2zzogDF0YMIBUyXv1pGlDXHInPI-B9NFeA0b7Ns6luj4dRls8qOoaPJxjBU0i8LBs,Grae Kindel,https://play-lh.googleusercontent.com/a-/AOh14GiHjexXjzgakgNI0u6EVq5JXP6werj6JtokKdp5p6w,throws errors breaking gameplay. poor tutorial,1,0,,2018-12-27 12:15:07,,
gp:AOqpTOFgrG2jH_ArbrjLozq01BQRkDsNp3SUvvK3jma2NgYN7IjrP6d1rshpDdqYr5KLVgyuY9HXyGKe84FT1ys,Mark W.,https://play-lh.googleusercontent.com/-7zyuwvFN-gg/AAAAAAAAAAI/AAAAAAAAAAA/AMZuuclTdR13XC1X9wlFOB42j0idJ6r0aw/photo.jpg,"Excellent game, the app is great! No issues. I haven't tried the online part yet.",5,0,2.3.3,2018-12-26 11:41:59,,
gp:AOqpTOHeP0PlNbfzMx0CmvR9RYpSEPwfah6uHtQrtljqQKtl4D5_v25peCjhW2XCusCxuiI-bTXnu_pJn96M3VM,Wade Bates,https://play-lh.googleusercontent.com/a-/AOh14Gg8oqAsJFzNoAsu7xREkvJP8yEG7NBms_vRo2eI,So hard. You will die,5,0,2.3.3,2018-12-14 14:48:35,,
gp:AOqpTOF0S5T5EUIAilo-cvSiNptbqh_8vl63TNw553-xJyalhoIsGffvgXH1ASahcn_YFY-Z0Q4HPUt8KpSQot0,Ran Elkobi,https://play-lh.googleusercontent.com/-xa-V-bXr3xI/AAAAAAAAAAI/AAAAAAAAAAA/AMZuucmyz78wngNuEMTWkb6AAHPHSuGFhQ/photo.jpg,Sounds settings ignored,3,2,2.3.3,2018-12-07 05:17:06,,
gp:AOqpTOEROASumT4kSTxWKliVc61b8P0D_L2SibTt_F-182OHzf6WZ9739kCM8a8Irggpg3b860sNfnfAutMwTuo,Garreth McGrath,https://play-lh.googleusercontent.com/-fRzSZFtm8hI/AAAAAAAAAAI/AAAAAAAAAAA/AMZuucnZ5MOurM0UchWsUS6Vbn7zec7QAw/photo.jpg,Great Port of a great solo board game,5,0,2.3.3,2018-11-06 07:25:09,,
gp:AOqpTOFvjZ6REVlT3I7AhnuzPT-7t0poW6kqjcdu5ggaUK8zVsI0GHvydc6BXeh9zkgbavFu3kqfml1XH3FpG1I,Chris Jarvis,https://play-lh.googleusercontent.com/a-/AOh14Gj4_qYY5sdOp9_jToWBP55El6vZFhc3SaFPbzxVLQ,"Great art and gameplay. Actual interface is rather clunky, but that doesn't obscure a great game.",4,1,2.3.3,2018-11-01 03:48:41,,
gp:AOqpTOHStAhYdrt6ByEaz6vcZQzTCQfP40NJLDXnbHG7buu7zTq6OLgQDDSbENSeFSsV3ORmSJ8fzbu-tDTA-30,Simon Hall,https://play-lh.googleusercontent.com/a-/AOh14Ggkz9jMdz-57X8xNEQcGd4DG3dQKAK9eYrEzoHn,"Great implementation of the card game, although I don't know how you'd learn it as there is no tutorial.",5,3,2.3.3,2018-10-27 07:25:06,,
gp:AOqpTOG32k5kMkcwLHP8D31Ho2VETSEgUBarY8hKSt9b-9ah_REDLrljRhEXUMBcMFo0hm4j5qNtcxpZ3fyUtE8,A Google user,https://play-lh.googleusercontent.com/EGemoI2NTXmTsBVtJqk8jxF9rh8ApRWfsIMQSt2uE4OcpQqbFu7f7NbTK05lx80nuSijCz7sc3a277R67g,So good,5,0,2.3.3,2018-10-13 15:53:27,,
gp:AOqpTOH_kZDI5IcGIyM33Vn3KLsOnFeq7VExPd4mrTzumGcgtsqL03Xqf8SiDYAEMb0NKFSwXq3Xc91HqLEPD-8,Dane Burchette,https://play-lh.googleusercontent.com/a-/AOh14GiCy1C_9Is3YOGDFNXCYYP0-8UxqULrCtJqjFgH,"My only complaint is I never play my physical copy anymore, so much quicker and easier to play the app.",5,0,2.3.3,2018-10-05 05:41:11,,
gp:AOqpTOH7JFuYVyvSHxmbSRikXhAdOCVga05wb-66Ja982n6TmzkiIS2ir6QOyzCUgZsn4XT1W0eqVP-9qoiUA2Y,Andrew,https://play-lh.googleusercontent.com/-X1sWOER7U1Q/AAAAAAAAAAI/AAAAAAAAAAA/AMZuucny3fZzeDSD6nS4V3QlDQcqx_T8Xg/photo.jpg,A charming thoughtful game.,5,0,2.3.3,2018-10-04 06:20:37,,
gp:AOqpTOGdahz8RwY9Pw4Ycze1QPKJL1pzIS9AMwBNYlDH3vk0iboi9a3n_1NnhT5qC2R1rwxlx0QrkCxTWkRYtWI,Diptansu Sengupta,https://play-lh.googleusercontent.com/a-/AOh14GgcwBUIfw4Lb51beTsUfN9T0n40BdnnnI5rRd4W,"It's a great application. Some of the negative reviews misled me at first. But if u know the rules beforehand and have a bit IQ, u wont have any problem understanding the app or playing it.",5,3,2.3.3,2018-09-06 10:40:28,,
gp:AOqpTOGT4ipCL_XrGqG1dX18w-LG10NTCDL-xllG4fnF4rn1yYir0nucNAtq3ussqnFxZyfvvxy6s_onBVxSVw4,Edward Mis,https://play-lh.googleusercontent.com/a-/AOh14GiLvRcS6TKUxC-gfPOalO5be-xzggLC_SfE9cop,Would love an undo option and a better tutorial,4,0,2.3.3,2018-09-02 13:04:14,,
gp:AOqpTOHUxUjBwOrsP_5_HRKi_4J9FtC1ZGq_IfWZFY5sLm_3B4BTPTrYfCo0tSTjYt4K1JcJl_Pw-UXZriaoXuE,Reinhard Grünwald,https://play-lh.googleusercontent.com/a-/AOh14GjPcmB86F1VeBzb2RR15GHegiccpn8YiDCkGfrC,Intelligent yet easy game. Highly addictive,5,0,2.3.3,2018-08-29 14:28:32,,
gp:AOqpTOF-ShaMICA8jZDkFBtOqgM1iGj4U7iKCDp5f_1icwFBMfshE0SrLOmk7B3j6k_EMOTX0GmhhM_I8oSJKhw,Simon Taylor,https://play-lh.googleusercontent.com/a-/AOh14GjrGtyMPuOXJcLfqNg1O6gWqq-Xr_ZWa4sUfcuTeA,"Had this game for years. Love it, and now it's on my phone, I play it a lot 
more (and with no rules errors!)",5,0,2.3.3,2018-08-06 05:24:49,,
gp:AOqpTOHxXiMxKa4v8-KGnLnpxlbtqAqu4nDg-cwICew-KRap0ntEdFhC5T9L0HOst0Kgryxep-ffF6q2fyxvddU,David SlyEnemy,https://play-lh.googleusercontent.com/a-/AOh14GhdjXIlMpOufb2xGmjdPzc2lTUsGLHWDm6OpI6q7w,"Good implementation of a great solo game. UI can be a little fiddly but 
excellent price point.",4,1,2.3.3,2018-07-29 01:04:14,,
gp:AOqpTOHUKqs3lNPReiFMyKsKfJFMesTJd2YWVNXW27oyHLZVTk_-ehuHCMbboNG5r5_sZp0kL46Lr_oVm2VBacg,John Miller,https://play-lh.googleusercontent.com/a-/AOh14GgXqRFfXrN9nN6zL4GBmgZUyG7QJR19JwNse2fOLw,"I've never played the physical game. There is no tutorial and the 
instructions are in bad 'engrish'. Confusing, but ok, I guess.",3,2,2.3.3,2018-07-23 16:23:21,,
gp:AOqpTOERHkPnVO6GE7fKIoIqU6v4RFJmoNWK1ICy0juwCnA4xKIms83S4d72pMTqaZJ8DdLOlWzldPcJZxkkE7o,Остап Гевко,https://play-lh.googleusercontent.com/a-/AOh14GjmhMejcTxgRb0TWMmUwhdbbhmFdiJxxHOlWM8Q,Love this game!,5,0,2.3.3,2018-07-17 12:56:38,,
gp:AOqpTOHsnKdGwrC18ENLawlHlnkEszmZYjt-1T6kCea6crN9u2aSDyY5VTptG7vOkwS7JnRvkcZQUuAKDcbt3lw,Adam J,https://play-lh.googleusercontent.com/a-/AOh14GibpTc14lr4P5OgOKj9h5rJZHfTspzbCHSW6IA2bw,"It's a fun strategy. Needs better tutorial. I looked up how to play on 
YouTube, I suggest watching Rahdo.",4,1,2.3.3,2018-07-14 11:01:08,,
gp:AOqpTOGA2QWMjbeqDjw9HOmKHRJErZIYx2I9b3HlWjAAjbRuEsbgYDpmdKywI6_K-XmmAq9BMF2IFzE1LUfYe74,Alex & Mawon Plays,https://play-lh.googleusercontent.com/a-/AOh14Ggmw21hInd1EmCgPzhHHcK0VWRwcNqd-nsRpumadQ,One of my favorite solo game 😊,5,0,2.3.3,2018-07-14 01:36:19,,
gp:AOqpTOHr6L325UPgMBkY7hIC5alvzfH3Tk8wLW963Kza5FOmsxlGiJ4lheOEW8iNa1AKJmLVUthh5PKvK9cfQoQ,Jason France,https://play-lh.googleusercontent.com/-HOM3zdJK3Xo/AAAAAAAAAAI/AAAAAAAAAAA/AMZuucmKcXOh8FSATvcHDnzaVsFDKkinZQ/photo.jpg,Nice,5,0,2.3.3,2018-07-02 19:14:15,,
gp:AOqpTOG1ZbGQ0MlDF0DcHxJJuxBR1bLzeSLxXzmYDsp41J0PsHTzuS8Lu_iKFac1LAjDRdX-c0jvBRWYNv9n6Es,Ariel Garcia,https://play-lh.googleusercontent.com/-LaYJJFbAbTc/AAAAAAAAAAI/AAAAAAAAAAA/AMZuucntXjMvOSRe9_hotQ-FftUcJ986lA/photo.jpg,"Great port of the physical game. I still play the real version whenever I 
can but this version is perfect when I'm stuck on an airplane.",5,0,2.3.3,2018-06-26 14:17:31,,
gp:AOqpTOHYHoiblrxkS6e_uDYDXzaf4BSRpxkZ1ivtNTvnbnH6bLCUnp0RxG4fIFz0hw4UdUj1Npg3S2lALhbZwk0,Edli Bar,https://play-lh.googleusercontent.com/-jHrahfa5tSo/AAAAAAAAAAI/AAAAAAAAAAA/AMZuuclNkQFaAWzN6NXl7ytIgtuzCrPc5A/photo.jpg,Very hard but interesting,5,0,2.3.3,2018-06-18 12:33:54,,
gp:AOqpTOEmTpTIvuDMVQXxwHv1mR64NIuJKvcjJhzT7ZeKFh5_QAvNb9slh8l_esoO9qyN14vZWgQeupiwKxtfJiI,Chris Story,https://play-lh.googleusercontent.com/-wL4iR18cIS4/AAAAAAAAAAI/AAAAAAAAAAA/AMZuuclYLBI96jXZZXOdLKquLUm77TDJgA/photo.jpg,Good but not great app version of the excellent solo game,4,1,2.3.3,2018-06-17 10:43:01,,
gp:AOqpTOH1IWKp8y4-q2w62UYOWVUkm9vbHXg893HXaYsjxL4eJs_R5idp85DYZJg9kk2lfOoL2i9bKnYW-YooNMI,Tim Jones,https://play-lh.googleusercontent.com/-igcCWI7tK8k/AAAAAAAAAAI/AAAAAAAAAAA/AMZuucmK-4YtOZ1gwG2j8nXgX0jj8Wu2pA/photo.jpg,Good Solo game found out about it on The Dice Tower.,4,0,2.3.3,2018-05-25 17:20:09,,
gp:AOqpTOEeHGjE80dY946Nad13-dabJHw5j1dV_Gt6MBxPUwvNlXEErSLSw9peq7A0JiTUt-xUA6-zODRlNQmwIX0,A Google user,https://play-lh.googleusercontent.com/EGemoI2NTXmTsBVtJqk8jxF9rh8ApRWfsIMQSt2uE4OcpQqbFu7f7NbTK05lx80nuSijCz7sc3a277R67g,"Id give this game 5 stars since it is a great game, but whenever i try 
using the ""1x below the stack"" it freezes the app. So 1 star until thats 
fixed",1,0,2.3.3,2018-05-11 09:05:15,,
gp:AOqpTOGj9eGF5v5fR4safCVPjSIrCqVegBrlG7XX07FG7cREin4_F0AtDL0q-8ZyApfGewUTc75olJ2NK6XyM3Q,Dorian Terry,https://play-lh.googleusercontent.com/a-/AOh14GiiLdjOy-8JYiL9jvTLxcdygeZRFXFytds7IT02mg,"I love the board game, and now I can play it on my phone whenever I want!",5,0,2.3.3,2018-05-10 15:12:00,,
gp:AOqpTOGJqGUpe8iigkZywJ5Pl0GmOHOjcfad2PoYa1_NzNcE0xacjkpEjk3a1TY7OnapRtdHsqV8HXQi3AT9b6o,A Google user,https://play-lh.googleusercontent.com/EGemoI2NTXmTsBVtJqk8jxF9rh8ApRWfsIMQSt2uE4OcpQqbFu7f7NbTK05lx80nuSijCz7sc3a277R67g,"Just great. Great game, great adaptation and great fun.",5,0,2.3.3,2018-05-09 06:18:33,,
gp:AOqpTOGsbrIIa6bumBeBq1lO07fod3hUuTlge146RpvPJZJMqNlwnyS-VuWYNpOOQOe12YsExnFZez7QsKzJNUo,Colleen,https://play-lh.googleusercontent.com/a-/AOh14Ghu_lMcY8KY5GzA0R9ZBXsJUDKGdZuJZbWOLTaNJA,Nice adaptation of the card game.,5,0,2.3.3,2018-05-08 00:43:19,,
gp:AOqpTOFnrbw7-zI6SHbWdPdTcbdMMokgs7ZuGUoBiOYXxGmdOUQCI88O7XDpxTjlmVe3WPafDaUDAtD-Nz42JDc,Darren Sever aw,https://play-lh.googleusercontent.com/-9ODV4_UsXBs/AAAAAAAAAAI/AAAAAAAAAAA/AMZuucnO_MgrghzEoquDpBN9GCSFAwT3Pg/photo.jpg,Awesome one player,5,0,2.3.3,2018-05-01 15:48:10,,
gp:AOqpTOFkzRAx66o8DmqgcwYk_fyYrUg8dZpKELH3n5G0T1QaRFeTBZA13G0eemYASWnyTcQYGn29bDBkLAs01SI,Michael Fahrenbruch,https://play-lh.googleusercontent.com/-cJ97tu8lzxc/AAAAAAAAAAI/AAAAAAAAAAA/AMZuuck3ZiTY2y_9u9vyNgSSX2Ppy7Spug/photo.jpg,"Love this. It's a fun game, and so challenging. Only thing holding it back 
from five stars would be a better tutorial, or more in-depth rulebook. Had 
to learn card abilities through trial and error, and incorrectly assumed 
food automatically added your health. That said, it's not that hard to 
figure out, and everything else about this app is great.",4,15,2.3.3,2018-04-26 09:52:01,,
gp:AOqpTOHZ_2i7h219z6znPo5b217tYpJ6oFQbF5viJdQ7sd3h38uOjXqiZPp1tGfRYDiIiwIXoFGYQ46FMaVhUcs,Glen Osborne,https://play-lh.googleusercontent.com/a-/AOh14Ghcb0uLhdyAJ7y4OaoEUl0iNyiDsrO61svwA8KUdA,A solid digital implementation of one of the best solitaire card games.,5,0,2.3.3,2018-04-24 12:23:25,,
gp:AOqpTOFhIB0j_6czJcf-Uemsxku45PqfKJIMhRCZmSk76TQjcOvz2bK-0BuhCb8ufZhtmnhm5JdPEW9R93MWL7A,Skyler Colladay,https://play-lh.googleusercontent.com/a-/AOh14GjoHjw48uf8mX_3JIPsBCm9AuY0MYd6SPHyaOhi,not much of a tutorial so you have read illegible scan of rulebook. annoying reminders about activations ive alreadt declined. easy to forget what difficulty youre working towards because the only indicator is too subtle. the game itself has some interesting mechanics though and i think if not for the frustrating ui elements and the lack of ability to yndo decisions made because of said ui i dont see myself playing it much,3,13,2.3.3,2018-04-15 23:36:25,,
gp:AOqpTOGyA6zkTDcXZxt4MvoNnV9axZOOXCE0YFv6UAA_Z2PjEFyNRbIYBlAYyEaKq2X75FfumjJHtrvdMWh6bd0,Zachary Ward,https://play-lh.googleusercontent.com/a-/AOh14Gg3DEMwB2Fc5YFLgmIrAW5bkkTElVmhED7ec4tVlw,Would be great to have an option of backing out of selecting a card power to play. Sometimes hit a card accidentally but have to continue with mistaken selection because haven't found an out,5,1,2.3.3,2018-04-15 07:51:00,,
gp:AOqpTOH0y6Rx6sh8Q35QIGAFCtK42G8D9aeYPhFZKgAzWETTNnm7DgC9zJAoqQhhC1Zj866MOjSYZlxXMaE459U,edward su,https://play-lh.googleusercontent.com/a-/AOh14GgbHExx-yfZVasaurgR5XuGb8yytUK12OcuueFSfQ,No option to disable sound? crappy UI? Pop up messages that take 30 seconds to fade? No way to reach settings without quitting your current game?  Total amateur hour developer stay far away folks.,1,9,2.3.3,2018-04-13 21:27:28,,
gp:AOqpTOEQDfdtPtJ9dZaULyaJv9iZ-2IQVhFaySAPopd_xA9paJEov1dbbFnbKwxiVfYYL6n_VrgOtG80SeLuF9A,MrBurgerhead,https://play-lh.googleusercontent.com/a-/AOh14GgRNpAhKzzPwNhKIClnuMrY6x7p3778uQ2t4hQn,Great implementation of excellent solitaire card game.,5,0,2.3.3,2018-04-13 16:31:53,,
gp:AOqpTOGujZtIgPBcUt1-AprmoaI3Uimy1ogpVaDW2lEhYawLMVHo20glD1qKwoytmo-XNDteRjKmPP6U0cj_3Ew,Pat George,https://play-lh.googleusercontent.com/a-/AOh14GikDiD-Dabk4SzTiL1j4yARF4rjjC_ejCLYXfkO,I rated this a 4 because the original card game is good. I think this implementation is not. The game gives little to no indication when important events occur. The controls when doubling or swapping cards is inconsistent. It reminds you you have unplayed cards that you wouldn't want to play. This can be so much better.,4,10,2.3.3,2018-04-01 09:45:43,,
gp:AOqpTOETjdPfClwH_ve3bsbOFNdHDoQtDm6tDimSSf_1L4x9zFb8wLfvFRV7t0QqHM_v6482g3CUtlrh9g5rnFw,Martin Ball,https://play-lh.googleusercontent.com/a-/AOh14GixrW_FHz950wciNIARMVlu3ADHIt4pDjDdINWPoQ,Great port of the card game,5,0,2.2.6,2018-03-13 12:14:16,,
gp:AOqpTOGFyWVeqMykLh0O9gFyywtOqPncVSWYBaMaA-g94SpbUGScoWI-y4mY2lRDJvWN0kTX__rsQ_IH4L055CQ,Chris Street,https://play-lh.googleusercontent.com/a-/AOh14GjUSsg-hvxvb3zEH-Rg7GE_hW0hOVndk75j4St7jQ,"Error preventing game play. Was working when I first installed, but after two plays it no longer functions. Rules assume prior familiarity with the game. Others have made similar comments. After few days, reply from developers came. Suggested I use a beta but not given access. They weren't aware that latest OS is available for my phone, so I'm guessing this could be a widespread issue. May want to contact developers before purchase",1,3,2.2.6,2018-02-24 10:31:24,,
gp:AOqpTOG5KRd3g3nJJ3o6WlCx4WclRbQD0qCE2aM9UITXjcy9w51-aX_cGjPYCyUSkWvIr20SB0ZEJ2vYfdKALEo,Adrian Hill,https://play-lh.googleusercontent.com/-JiW_jj9iPLE/AAAAAAAAAAI/AAAAAAAAAAA/AMZuucm0bYc72X8lwJQBjXpSx4lJoSCWCQ/photo.jpg,Would be good to have a graphic to make it clearer that an ageing card has been added to the deck,4,4,2.2.6,2018-02-12 05:46:35,,
gp:AOqpTOF-2NLovWx-d7GTNPNv087NI1r1EuIUadcKJ1MtrbA5awUDI5gs-dYiGl5ntQsHThuvlXkA6vSJGzR9VOI,CJ Raulli,https://play-lh.googleusercontent.com/-E8-LY-WT_Jk/AAAAAAAAAAI/AAAAAAAAAAA/AMZuucmwFG1jDiqk8rYtG1KsMQ7ami3--A/photo.jpg,Quick and easy to learn. It's a great adaptation of a solo boardgame made for phones.,5,1,2.2.6,2018-01-27 10:56:16,,
gp:AOqpTOHbuBlR_lNzoMj05eOiVkxtGBqgiwgv0QJnOVVnRPwe0VELpp_73OVr11AyMM3ch3DCpbvJNHESsSH5_7A,Mike,https://play-lh.googleusercontent.com/a-/AOh14GiKt5eGWeVFMx8v_1fbgEVb-vIGI9hlvHlNgVqXaw,Tough just like the physical version,5,1,2.2.6,2018-01-27 01:37:46,,
gp:AOqpTOGHTzcdngwc6lKD4S1uIbAPRm2wGgnTpQbXhZzwdN1ZdCxqTbUYQAUmBdNHT-Pv6fgOUp8bOyM53AUqmKg,Ryan Bartlett,https://play-lh.googleusercontent.com/-FtvVkmgC2mc/AAAAAAAAAAI/AAAAAAAAAAA/AMZuucnIZbp_TzKsgMaSB6gq9R3nrosrvQ/photo.jpg,Actually a 4.5.  Better than Actual Game as long as you understand the piles.  Sounds and music clips add to the Jungle feel.,5,1,2.2.6,2018-01-21 06:39:46,,
gp:AOqpTOGl0M377S5hLxuj2zYagWGDAY-z6RABP-_LYmt1fkeJy42_X4e1b0DhGP29G_WrqOX6Oy9g_4DjVO0kQaY,John Deppe,https://play-lh.googleusercontent.com/a-/AOh14GgTXxEY3_e1ad4hTxm8m8xVMGyXiN4b-LJAHC7fiQ,Rules illegible on Pixel 2.,2,2,2.2.6,2018-01-13 10:03:39,,
gp:AOqpTOHJbFWBx_md9z0KSWhvGvtQ-NLcL2rKmUygLLj0yCszYO2RooXa8GDgSZDgOxOn8NU6sTXBifoXjqVGRu0,bri guy,https://play-lh.googleusercontent.com/-wozsQZ8_dTg/AAAAAAAAAAI/AAAAAAAAAAA/AMZuucniaUUznJZJk5pl_NflDTnIDA7xSg/photo.jpg,Love it!,5,0,2.2.6,2018-01-07 15:15:10,,
gp:AOqpTOEszXSInitdNyJYvIkpO-HSdg4DgDI0nJlrm4aoTaOSB7C7VFfkDrnnOTQ4_Y2a0koDH8yVEIqyKpr9MA0,Chris Doran,https://play-lh.googleusercontent.com/-Vep9uZPqGyA/AAAAAAAAAAI/AAAAAAAAAAA/AMZuucmRN107AQdjfONiZFYDO8FeMYxcxw/photo.jpg,Good implementation of the card game,5,2,2.2.6,2017-12-31 13:13:18,,
gp:AOqpTOHcZ7_sU9DpBQUoYIBHWAQ_ZOEDYPyyc8uEZ5mDtWudFg3ddRkVb1NOAKKa6HOqL-omz27gRYZ0B0MkJ5g,Bryan Last Name,https://play-lh.googleusercontent.com/a-/AOh14GinWN91QjjS_1WM3mXuTUf1WTLD5cEPmE4sZsTx,The biggest complaint I have on the game is that it doesn't keep track of my high score. I couldn't care less about other people's high score on a single player game.,3,10,2.2.6,2017-12-22 10:10:30,,
gp:AOqpTOF5THrLb-cesvffvt_-aY77yB4eUuyukqk1aVoSJQVaRwWUKDxOwUKjclnl56Ih-8KyoZNcYIkpBYieIDs,Dan Carmon,https://play-lh.googleusercontent.com/a-/AOh14GhjCg2VuJLKNcZXI83JvtwNqSKpxLOZwwsUiI3D,Closest to the original card game as possible,5,0,2.2.3,2017-12-04 01:29:29,,
gp:AOqpTOFdPu31Yccv57uq3kmjSOpJ_lyUXTUwsAbR9iUhhDahQtx-Y0ma_P1_Tj14zQJVNotnEfA4Pb46eFub0l0,P. Uaong,https://play-lh.googleusercontent.com/a-/AOh14GhLWzzfKFewkzqqm6YW-qgTjM1ZN9Q7OhuOKYnn,need tutorial for beginner,4,0,2.2.3,2017-11-26 01:48:23,,
gp:AOqpTOH2tQTPakw1L5wk4W512hwCcNoSH099XP578Dz6HVYsfHyLdS0bZVaTCNwi536jO1seA6HNQJQ2hG9r7_k,Alisa Baidukova,https://play-lh.googleusercontent.com/a-/AOh14Gieo9LEEqrNpKhOtQph3YiUIvfbbMRTFtasfPtoDg,"Very poor implementation of a really good game. The game itself deserves such a high rating, but the app doesn't",1,1,,2017-11-19 23:25:30,,
gp:AOqpTOE2OgwDQdKbf_2Xb2MwXlyWHKbUUb2tx7gQKA6GYYUA73dhUtLFNE9ZsvxU6YFpFcufPMLRWLToA5AIru4,cristyx2,https://play-lh.googleusercontent.com/-ldGULkZdGvg/AAAAAAAAAAI/AAAAAAAAAAA/AMZuuclzuOuda0DfiAZTWXa8sI7KTXKjmw/photo.jpg,"The game itself is very good but the app is horrible! No music, just a few sounds here and there, no tutorial so u need to know the card game, the rulebook is a scan of the card game, hard to read and partly unneeded, animations are very bad, sooo much room for improvement. It looks like an app made by a fan of the game, beginner in app development. And that would be ok IF this was free  ! But it's not !",2,3,2.2.3,2017-11-11 09:26:28,,
gp:AOqpTOENjiraEhhCh2YQjxOQ8SbE-r3QHJkZK_J1wb6dgHIpekcuB31Tu2RrzMAd7S9oCHW6shZdihGbVXidneU,Michael Smith,https://play-lh.googleusercontent.com/a-/AOh14GgOWnROEKGIE5z0NJh-EKLf7-mjGmgTV8vsTQkp,Excellent adaptation of the card game.,5,0,2.2.3,2017-11-09 04:59:58,,
gp:AOqpTOG5LCbkS-6PyRvYNwDAgj3wD0kPn8XHdUHSLFIp-ln5zZli-5yXqXssjo-Ald92yEnFfw28I_AgMClC6BQ,Greg Cappello,https://play-lh.googleusercontent.com/-0HtTI9Pi5lE/AAAAAAAAAAI/AAAAAAAAAAA/AMZuuckEkYI2P0DtBxXFylinhyPddP7Dvw/photo.jpg,This game sucks. Has zero fun factor,1,1,2.2.3,2017-11-07 10:09:29,,
gp:AOqpTOElNJ3nMTExc1-ouycnhnTfgZYBZGRZvsfjalu_yLEfri1SmeMPvq6VCawceG0fZNTkrsxGmN4VIX3Audk,Eric Egenes,https://play-lh.googleusercontent.com/a-/AOh14GjnNB3e-pUvnJRWOx_LuvqmeIySR4_rHDdGM4id,"Fun game. Needs immersive mode to hide Android controls and volume controls to adjust very loud sounds. Instructions need to be rewritten (or rescanned) because it took a few videos on YouTube to figure out how to play. There are no ads or in app purchases, which is nice!",4,8,2.2.3,2017-10-22 10:10:18,,
gp:AOqpTOEw8aRfDE-KKoOBNnmIGnikLeF3enab9Tc6OL0BE5TivVji3o1bLhQPuAA-BOHXlMVQO5A7snDlsdhkp9M,John May,https://play-lh.googleusercontent.com/-GjQYGdLJpi8/AAAAAAAAAAI/AAAAAAAAAAA/AMZuucmQ7l6SBemsnXGKJQIhueLGbhukSg/photo.jpg,Fun,4,1,2.2.3,2017-10-20 04:18:50,,
gp:AOqpTOFdG1c6zCttGbZzIEV30l2Cymd-FddvSpKWHRRex3pnr3CwNtZJaVAPvaB2dgwt05QFslh_1A9_p-HWOj8,Michael Pruitt,https://play-lh.googleusercontent.com/a-/AOh14GiVhDNwmV-Ch2r-gT2-0qwxzXTWsri3TkrMiPuMZto,Ack! Can't stop playing! Sooo much  fun....,5,5,2.2.3,2017-10-13 00:48:59,,
gp:AOqpTOEBn023cYtAbpgRmAFjGY8JZswznBxt9IpE7wb5EmDjZH75pvPTdtkljoR-zrscltm6bgXQMOzlMNyNC7c,Izak Marais,https://play-lh.googleusercontent.com/-z3FgfMn6_HM/AAAAAAAAAAI/AAAAAAAAAAA/AMZuuclZUNrojugL7O_xUmXIQS6qteRyHA/photo.jpg,Good app implementation of clever solo strategy game.,5,1,2.2.0,2017-10-07 22:08:18,,
gp:AOqpTOEEgh0C-np-_xo14QVGm6nzl1Z9ipbSyvDuTvCXBvtRyehS40XIXtsous6nKZEaIG-RuD6l8gLYYmxAJl4,Daniel Keeler,https://play-lh.googleusercontent.com/-rxvDMQSeYlY/AAAAAAAAAAI/AAAAAAAAAAA/AMZuuckRmWjbmpkxy53B7LRRSEnQBC5ouQ/photo.jpg,Perfect copy of the card game. Let's me play much more often. Down side? I now rarely use the card game.,5,2,2.2.0,2017-09-16 23:23:27,,
gp:AOqpTOGB7XeyXXxiWSyFoCj_Z3OfWeHZUDF45_LJaLTv5yaxpVxHq4WAOfMUpACTsgM24nShVf71Snl9ua_faRk,Torbjorn van Heeswijck,https://play-lh.googleusercontent.com/a-/AOh14GgUwIkq7McSmNWVUVvTBzaYhxMKLbYugvjS4yj8,"Easily the worst professional board game port I've played so far. The games art was never great, but here it looks stretched out. The UI is clunky and uninformative, playing and using card abilities is annoying. There's no tutorial and the rules look like a low quality scan of the rulebook - I'm not sure how anyone who doesn't own the original could learn to play from this app. The title screen isn't even localised! Overall really low quality given the asking price.",2,1,2.1.3,2017-09-13 19:20:35,,
gp:AOqpTOESgyNoZvrVqgkiIiTXB-uW8_petWJjZHNyPVLtp15mufTn0urPEN64krrTYyK8nIT_JBO8pcjWciw-jCU,Irwine Young,https://play-lh.googleusercontent.com/-NH5LWk79Euk/AAAAAAAAAAI/AAAAAAAAAOk/AMZuuclq5pNTR8uscQdG21Rjw-AOLhTOBw/photo.jpg,Good port of a very good single player board game.,5,0,2.1.3,2017-09-12 17:31:55,,
gp:AOqpTOHM9qMVnzXcNN33elCHt3SpGRGsv6l12ZBdd9HFeLgnggoASgfoCYJMfJR06XVX9Y1by8KmSj1FXn5SjkA,john strine,https://play-lh.googleusercontent.com/a-/AOh14GjOtoz9f0OzPLGD5oG63VJCfSyLABjHV0d-0aJApPw,Decent port of my favourite solo card game. The rules are kinda blurry on my Pixel phone (but I own the physical game and remember how to play) but the gameplay is there and level 5 is just as challenging as I remembered.,5,1,2.1.3,2017-09-12 15:27:14,We found the reason for missing translation in certain screens and will release an update later today.,2017-06-30 06:06:33
gp:AOqpTOHeIzQD-BTg2bzrdSVS7Q5SICUdlIiZOqBFIFxLZ7tIcO7W9AUOmrtqkOjKI25a4C9X9xxo8r7HMKJfYXg,Tom Riedel,https://play-lh.googleusercontent.com/-iFcROzhHEuI/AAAAAAAAAAI/AAAAAAAAAAA/AMZuucl_OsLYYmF1eyd4IF2eu8szuHzNfQ/photo.jpg,Muy bueno,5,0,2.1.3,2017-09-09 15:40:37,,
gp:AOqpTOGcs22Djt5bUapGpP0sUI0_dgw_Mg52AStPUfSyTsDYB7UEGCzj4S7a2_gMfVknX1SNOypDO_mN1X3-nm4,Joel Zapf,https://play-lh.googleusercontent.com/-RaJttgj0Ugk/AAAAAAAAAAI/AAAAAAAAAAA/AMZuucnNWesalQkPq2zq89XQYuEDbT-_4A/photo.jpg,"Great game, nice adaptation of the physical card game. I have played probably a couple hundred games by now. Took over 20 games and watching a tutorial video how to play physical game before it clicked for me, but once it did I really enjoyed it. I gave only 4 stars because I agree with many reviews an undo button is sorely needed, many times I have overlooked an ability or my finger was not 100% accurate or I simply realized I made a mistake and there is no way to step back. Developer please add an undo feature!",4,2,2.1.3,2017-09-09 11:09:47,,
gp:AOqpTOGTbq9-hQXzXjbsCIln1xXGSVoUgsHcumakyCBS9sKjA-pGR1SL2arbgBleXspsl8lQZr3rpUDs7Qo9DMY,joe howden,https://play-lh.googleusercontent.com/-HS5Qc7FpjjY/AAAAAAAAAAI/AAAAAAAAAAA/AMZuuckd5c7ZlA_vSd94X5RZOaukcZlw2Q/photo.jpg,Really fun little game.,5,0,2.1.3,2017-09-09 11:08:37,,
gp:AOqpTOGDwcoaz5DeNjofVBhAsrqyZfimEoYZP7VN4yBwIfvLxFW0i5bCw3-BaO2U-7wkrWf15uSCdwC4OzP7_YM,Christa Jones,https://play-lh.googleusercontent.com/-OFo4KH7LWZU/AAAAAAAAAAI/AAAAAAAAAAA/AMZuuckQaWJWK5SlOCGB18-btcDr5BXWkQ/photo.jpg,Great game!,5,0,2.1.3,2017-09-08 08:36:52,,
gp:AOqpTOEBVIUnst33x0jBfcWiHdoeE0Xv7k_hLu7oh8Uvu050Q-4z0AbUxEl61IcCaSnY7uUcQA6sjUHg7T9WrKI,David T,https://play-lh.googleusercontent.com/a-/AOh14GgKvp0Pi4JI7d20kqV3roDoUaIO25yg_AIKO-PxQA,"Please add an animation when an Aging card is added to the draw deck. It's not always noticed when this happens. Otherwise, an amazing game and digital adaptation!",4,2,2.1.1,2017-08-28 15:30:12,,
gp:AOqpTOFJF9O-GEMISpqTj_3hTLgF60yhtzY8ItRgrUr5YEEAVnPLJ2kj-nHbYsaluPknC8yGP-7BhRDvQ0kB94A,Dániel Vásárhelyi,https://play-lh.googleusercontent.com/a-/AOh14GiD9-t_16i0r98tUBO25mITAIXsyicHX5f5D4-bhg,"controls are a bit uncomfortable, but the game is very nice",4,0,2.1.1,2017-08-20 11:41:04,,
gp:AOqpTOFqUmaaGS972lbgkdMcClNNsGZ6H8exoV1YT4kefU8NPiOXwXW9XdVTVfmqIUD0wNZH1NeJSZ3V1LUWRMc,Zane Clements,https://play-lh.googleusercontent.com/a-/AOh14Gj7OGHyIuKhyib4dGoUPRn9Cd1cGrFZmsbvmwEt,Pretty good implementation of another great For a Friedmann Friese game....now please bring on Power Grid,4,3,2.1.1,2017-07-24 09:47:32,,
gp:AOqpTOGk5stf1wT4zXTubLov9_auDaU_AuBv742Uz-qrgSz5I2zc_53iwqm-VNpHnJPcV10RCop6RVNwom92pEk,Dan Caram,https://play-lh.googleusercontent.com/a-/AOh14Gi5j_TSTpo4fIgJPpNM8CZeaybItUwW51sxgqbDxbw,"It's a good start, but it needs work.   1) There needs to be an undo button.  Several times I have accidentally indicated that I wanted to quit drawing cards and therefore end the round.    The only button available is ""OK"".  Why even have that if there is no other option? You must be able to keep drawing cards.  2) The main 2 buttons that you use throughout the game (Draw and Stop Drawing) are inconveniently placed in the middle of the screen.  These 2 buttons should be at the bottom of the screen where they can be easily accessed.    I am glad this app is being developed.  It's a cool, strategic game.  I have the card game and this will help me play it more often.  5 stars when these are fixed.",3,8,2.0.7,2017-07-14 06:14:21,,
gp:AOqpTOF_7OLhXn-kHZAvM7Z-4nVlPwYRQO9ZR6dNt5rGJoNmglFmcm6BMmNxYrLtp5r5rJV1yV18QKyIOiP2Apg,A Google user,https://play-lh.googleusercontent.com/EGemoI2NTXmTsBVtJqk8jxF9rh8ApRWfsIMQSt2uE4OcpQqbFu7f7NbTK05lx80nuSijCz7sc3a277R67g,Brilliant version of the card game,5,1,2.0.7,2017-07-14 05:06:25,,
gp:AOqpTOHBFrTR6RpnB_hnjnQHej-Gdxq9EaiQ_xEFl-7-R9FSx9Yllr15YRNLk_NLdv8sx4rUNpWLDu-p87x1XJ4,David Gotteri,https://play-lh.googleusercontent.com/a-/AOh14GjJLlIEY2ncHOPqclzZ_hVeedsQLrWDTUN8uzL1Qw,"Love this. Unfair to rate the graphics as thy are faithful to the game. Controls are not entirely intuitive but make sense once you figure them out. Smooth gameplay an a great implementation.  I would prefer the cards to not change size, and maybe separate t free and bought cards, but otherwise love it.  Really nice app, thank you!!!",4,3,2.0.7,2017-07-08 01:13:07,,
gp:AOqpTOGuC1GkHfmArplMPgP4z6t_f0hDOMbLOBPoMvUFn5AGyF1AqhpDAYQ0Hg5Owu6-uoMWvqz2tkh3kF8DdCc,A Google user,https://play-lh.googleusercontent.com/EGemoI2NTXmTsBVtJqk8jxF9rh8ApRWfsIMQSt2uE4OcpQqbFu7f7NbTK05lx80nuSijCz7sc3a277R67g,Getting better!  Could really use the ability to cancel the fact you clicked on give up the fight.  Too many times I've accidentally hit this button instead of drawing the next card.,3,4,2.0.7,2017-07-07 15:16:02,We found the reason for missing translation in certain screens and will release an update later today.,2017-06-30 06:06:38
gp:AOqpTOGbfPahzB5udLCu6GC7dzOIVEbADG64ZYu37ZQ6sgD1QimG6ld2T96t3KWb1Udrf8pcUMUy51OqhBizSuM,A Google user,https://play-lh.googleusercontent.com/EGemoI2NTXmTsBVtJqk8jxF9rh8ApRWfsIMQSt2uE4OcpQqbFu7f7NbTK05lx80nuSijCz7sc3a277R67g,One of my favorite solo card game. Now for phones as well. Perfect!,5,0,2.0.7,2017-07-06 06:48:52,,
gp:AOqpTOHEXuT_joWSWNqqfRFX23-bzCCbddw9eNS5iCK7nYwbLOHJ74cJ8CfkK5KUC5GQ31EObDu6FZ4K3Ho4uvA,Nolan Riley,https://play-lh.googleusercontent.com/-1xFBT1UjxNg/AAAAAAAAAAI/AAAAAAAAAAA/AMZuuclQxOzxGO2jNcin-gTGkQu-h4ACJA/photo.jpg,Plays pretty much like the physical but without shuffling.,4,0,2.0.7,2017-07-05 22:43:24,,
gp:AOqpTOHE-RdMIXeW4eQQBO7foEdZC2l_N_ElBgAf0NZVG-VXYw4ic05dJmVBpwpUvmX9HDOQH-8w9_22Vy7Y5iE,Cory Fink,https://play-lh.googleusercontent.com/-aA95AROFQ2Q/AAAAAAAAAAI/AAAAAAAAAAA/AMZuucle2x79xgNWnGtKl-2Nc7M8b6WGEQ/photo.jpg,"Any issues I have had so far were quickly fixed by the developer. This game is great, I own the physical version as well. This is by far one of my favorite solo board games.",5,2,2.0.6,2017-07-04 21:44:28,"Hi Cory,

do you get an error message? We fixed a problem where the message is not in english, hopefully this will help you. The update will be live in aboutr an hour!",2017-06-30 06:08:29
gp:AOqpTOHMPlZNoZ2LToZzvY4ZCca4bArwQ25XBRuQr6LiGT2fF0vpuxUkmqEO9tj8JEZR_Z7SzDU76CGF4h6URvo,Timo Dankert,https://play-lh.googleusercontent.com/a-/AOh14GiIMXh8SzBWP5rWXQDXLWjwKMJgWEC4vIhbX7CjOw,"Worked fine until the last update. Since then, the app crashes after defeating the first pirate :(",3,1,2.0.5,2017-07-04 07:59:47,,
gp:AOqpTOG3iEFPiu3u3czkL9un-X382bbu8WYn1ZuAMLNloBTKQqNSj5n3Yv21MBb89OZyl3YG1MwBhFddh8QX_YM,Jason Ridenour,https://play-lh.googleusercontent.com/-FbOC-oRUX7A/AAAAAAAAAAI/AAAAAAAAAAA/AMZuucmTpGgw2FocSrndZhqS3OOnOiGErw/photo.jpg,"Two times in a row, when I defeated the first pirate, the game crashed. It is pretty frustrating putting time into a game you cannot win",3,4,2.0.5,2017-07-04 07:49:28,,
gp:AOqpTOFWvbZsbSfIzGBt510G1_incInDx6U8ZJggZQ9CewA-63iHPeMh1sGY0zrRpwW0BIiFhMvYW2c8lPUnzgo,Lyle Schulz,https://play-lh.googleusercontent.com/a-/AOh14GiEoBtn5o0td5s700aO2dVCu1og_OtMc2MNQ90g,"The app is a mess. There are still parts that are in German (in the English ""translation)"". The rules are too small to read in a phone and to blurry to read on a tablet. There is no tutorial. If you know the game well you might enjoy the app. If you don't know the game, avoid this app.",2,7,2.0.4,2017-07-01 08:08:26,,
gp:AOqpTOEjmIrPVf7rYBpxFW5-LEXSxCZNHTCVSjDoF7O0jCClW-Wcr8ZzbWGR5SQKiZPZR8P7nsg1Qgsj62tTVgo,Andrew Dabrowski,https://play-lh.googleusercontent.com/a-/AOh14GhBlUcgC2ocRiWs-p2PPK25iV4HvZyBoIQm1i4MKg,"Great game, good implementation but lacks a tutorial.  Also throws an incomprehensible error message when ""Copy"" is used incorrectly.",4,1,2.0.0,2017-06-30 11:15:27,,
gp:AOqpTOEhtl91PWVMY_YkV1xAAXEBg_SW5FGo2y-4P4MAnOUTfnV4WTRTG8xRRO6GTFEU2U047RkbVDHK_N1UoL4,Ken Stojevich,https://play-lh.googleusercontent.com/a-/AOh14GgEbGbJz4m0ejvCt3w_AzLcqsVqwP0YWPg3ekc,"Exactly like the physical edition, one of my fav time killers at boardgame night now more portable",4,0,2.0.3,2017-06-30 09:32:13,,
gp:AOqpTOFoWIbWdTpgh9fRtf4az0T6F6G1BJrp1YgX0TFd83BvhFoeKkGb6rN6cbsM-t7tJ1RgPPPR41MwCfyRuEY,Bill Colvin,https://play-lh.googleusercontent.com/-i6X6fTxlQCY/AAAAAAAAAAI/AAAAAAAAAAA/AMZuucmblyv9Vpv4pFz6kpuatMnSJ8By3g/photo.jpg,"Game is not finished. If you don't already know how to play, don't buy.",2,3,2.0.0,2017-06-29 19:02:22,"Hi Bill,

we fixed the missing translations in certain screens and will release an update later today.
If you have any other issues please elaborate, so we can make it better!",2017-06-30 06:09:54
gp:AOqpTOE6ruA4SOWeMfnJwOritCSEfeqWBbdznEmEeEzYLaSKVo0T_Wbfgztxpr8A7Z-rzOQeBwXVyVvym7xggoM,Paul Jennings,https://play-lh.googleusercontent.com/a-/AOh14GgGhvd33TP42cRvsUyZTHB3XbT-0JZnJDVX3F-Bvw,"Good implementation, but score breakdown and options (maybe others) are in German even though I have the game in English.",4,1,2.0.0,2017-06-29 14:34:39,We found the reason for missing translation in certain screens and will release an update later today.,2017-06-30 06:06:49
