reviewId,userName,userImage,content,score,thumbsUpCount,reviewCreatedVersion,at,replyContent,repliedAt
gp:AOqpTOFmYaeW4JnYS8kG7FnKjIQeq6GlsJ1XjaXmnSo8sxDT2snP3W_uJLvyt8njjdp2iHVkpWyBiSVJ4eJN,Sergio Fernandez,https://play-lh.googleusercontent.com/a-/AOh14GhrhLDUuxrQUesh_LQMVB9ExJMWP6ayMPU4CkBT,"I have and love the phisical game, but the app is far from being right. Multiples flaws on the scoring and the game play. Considering the app market, this app should be free.",2,5,2.0.7,2020-12-06 04:09:50,,
gp:AOqpTOFmnJ1dEv0DRxfEeAx0VuztGb4ncVWh7vgwvPt_HY6Ss7mb6RTwqCTre2-sY6a_jPesaQTuPx9mbi9y,Emily Walker,https://play-lh.googleusercontent.com/a-/AOh14GhCjz2jIxjjGBFd4SGLQt6R7I6ArjJwRomzSI0n1Q,I dont know.. I couldnt get beyond the enter your name page? It's probably me.,3,0,2.0.7,2020-11-16 15:35:12,"Hallo Emily, it could be possible that you tried it at a very bad moment (wrong app version or our server had a temporary malfunction). Normally everything works fine if you are connected to the internet when registering a new account (name). Please let me know (alex@brettspielwelt.de) if the problems still exist.",2020-11-20 00:47:18
gp:AOqpTOEb2Vl8Y3GZqG_vcRgJyEvjct4VQ0kO9rCSyYsRgt8BOLpoMYHhAC5ZrTjH-x-7G7o-95uO-telZYRM,Brian Leahy,https://play-lh.googleusercontent.com/a-/AOh14GjA_S8B6Qdp58PN4c4vBUjvnTN65TWbCnzv1TWk,"Game has stopped working entirely so it seems. On multiple devices, when you launch the game you just get the grey background. Fix please.",5,0,2.0.5,2020-11-02 01:28:35,,
gp:AOqpTOH0OnE3c-5LeGQCYN-QsbvUuvrpR5qQ77N9_hyHpVVc77G0HcZ3-OQIsRUrffCYGqXUwUzrH0_PuMNa,Daniel Marshall,https://play-lh.googleusercontent.com/a-/AOh14GjA8QK00CMPzetawt2vtZLAadn1hzu0VEL_6utn2g,This game is great! It's a very good implementation of the physical game. The only draw back is the rule book. I wish there was a walk through instead of just have the text to read through.,5,0,2.0.5,2020-08-14 10:15:22,,
gp:AOqpTOHvxmHUmYjK9PH1WWgtwx-nbsC1e0erbxN20Of_zJhz0Iia0xnS2-2yeyhTaM6AfvTKLB7zhDecVvQb,Karin Zwiers,https://play-lh.googleusercontent.com/-1hes5ALZbao/AAAAAAAAAAI/AAAAAAAAAAA/AMZuucnlB1MCpGrPj8OUpSV9cvZwo_xg5A/photo.jpg,"the app crashes almost every time halfway during a game. update august 11 2019: still crashing... Sep 4: updated the app on my tablet. Unfortunately, it still crashes halfway through the game. Update July 2020: app worked fine for some months, now it's back to crashing halfway through a game.",2,2,2.0.5,2020-07-29 23:17:07,,
gp:AOqpTOHhClsN4qxTT8MYq-0LOopCNxMunhY8VN8O_QQSUzpKLcsLuFX6foypS_-s4Ae3Kcle2v5cZKkGfNIT,Barry Welling,https://play-lh.googleusercontent.com/-TWUKPNRhR58/AAAAAAAAAAI/AAAAAAAAAAA/AMZuucksbnTCasDEdh2yEArX8peuXmk86w/photo.jpg,Great digital version of the game.,5,0,2.0.3,2020-07-29 17:46:31,,
gp:AOqpTOG0FchBjHKos99UdiOPgTeSagznrmEdhtCBHZS9t0k2UWi_ncCNv-Jg5dtJ0wx387pFBb-3c4_vTI-b,Josh Hanna,https://play-lh.googleusercontent.com/a-/AOh14GgLWbxoEszFsOQG_wEgn90ohPGv_p7q3WMXb41a4g,The game itself is fantastic. This app implementation has a long way to go.. A few things: Pressing the back button immediately exits you to home and you lose any game progress. You cannot save your progress at all to continue playing later on. Triggering some bonuses don't apply not allowing to fill in extra fields. At this point the game is basically broken. I do hope the developers fix these and other issues as I'd really like to enjoy this app.,2,13,2.0.5,2020-07-24 03:12:07,,
gp:AOqpTOG5eBIY5E747ev4s77LjHOCl2keygnlHiC72VMulkuIQw4m3GQ9lCHS7myeDdOojsVD0tdmYVWC6FNk,Kerstin Heinecke,https://play-lh.googleusercontent.com/a-/AOh14Gh5E-xSnhmB2bU9nZGvlT1VioJ6k-g63zFjnWqjzQ,"The game is amazing, but once I am in the game I can neither change any settings nor restart the game or go back. Additionally, an undo button would be nice, as touch screens do sometimes register the touch on a neighbouring field, which is sad and combined with the lacks stated before, a little annoying. I would largely appreciate a change!",3,4,2.0.5,2020-07-12 21:54:37,,
gp:AOqpTOEHawcevZE4MahB9FDtdTycwUEg48arIiHHDtQHQbuMy0rpWYfM_NrZotMpIS6rapc-Xank1rZNHPYQ,Jackie Wright,https://play-lh.googleusercontent.com/-H5HL3v5Wmls/AAAAAAAAAAI/AAAAAAAAAAA/AMZuuclkIaBLERdN4MR1sJohB7UWBYuGMQ/photo.jpg,Min to learn Fun to try to master,5,0,2.0.5,2020-06-03 19:56:53,,
gp:AOqpTOG4SDQLRePmpocYH99ZiJlChz4pMedg7g4KBmCjuIaQA5yH6FHe8t7K5JyouHxxQVgjtKW3f1bRRpF-,Antonio DeCante,https://play-lh.googleusercontent.com/a-/AOh14GjwlDub0jy3YFKFQEoPXJAitzlHaEI33iQUMxyo1kA,"I love this game. However, the achievemnts don't unlock half the time. I can see my score is over 400 in the stats but the over 350 achievement didn't unlock. It's a big problem.",3,1,2.0.5,2020-05-23 06:41:44,,
gp:AOqpTOFTslhHacaiujychIIHf7AoYbY8hkPu7mja8wfuvh_4xVOkkhoTHzMMAdREKCaoxGfU4feodZdxi36d,Lisa Hansen,https://play-lh.googleusercontent.com/a-/AOh14Gg_EXJXy4yE8LnLDCRUsy0KdSHaCjq2O-hSohxATCo,"I love this game! It's easy to learn, and fun to play.",5,1,2.0.5,2020-05-20 11:11:33,,
gp:AOqpTOGh3f-9Hfv1zu69UZu7Fp4FRLswBBcE5-RmvGIO738ns47eFHhdy8QjM036KMW-F2eYExbBz-FmuCDy,Matthew McNaughton,https://play-lh.googleusercontent.com/a-/AOh14GjUI2qfBuawmXGnIWYISAnxpWNu6Scm8XA3RCZiUA,"Twice as much to deal with, and half as much time. The original is far better.",3,1,2.0.5,2020-04-05 23:33:02,,
gp:AOqpTOGP-pNzqFfn1CseKVz4LlJ2z0MqAX_eeeCLFtT4Rl2Uda5f78ns4vjYPdJqQ2C93HCimSF9gg2xk4Ao,Dennis Lee,https://play-lh.googleusercontent.com/-nQYh6Po4lwQ/AAAAAAAAAAI/AAAAAAAAAAA/AMZuucl0bej8LSHkZ6_y98QU-VRax6GptA/photo.jpg,Great game. Learned on the board game first,5,0,2.0.5,2020-03-23 21:02:58,,
gp:AOqpTOHczlxJ8DpAOxC_xODcRE5nAzJQqU2Wm_dm7jjs8DZwC_bGDImul9SyUkKV4qu_jWAzgIKjgsP07VXV,Sylvain Maurel,https://play-lh.googleusercontent.com/-0jxM6dT7EhY/AAAAAAAAAAI/AAAAAAAAAAA/AMZuuckj_gE5VJNUO38xDCIyv87S4T-6IA/photo.jpg,"No matter what I try, the app stays offline, so playing alone gets boring pretty quick.",3,0,,2020-03-03 05:08:34,,
gp:AOqpTOHgPgBgseoyPIMBRTS2AjYqrHZN39FAQiIKmiqqZ_J-ZyvGb7znQhMkLquWdiGv3BKL73bXsvBwgl5N,Volatile One,https://play-lh.googleusercontent.com/-QuAYqd31Wz0/AAAAAAAAAAI/AAAAAAAAAAA/AMZuuckllKLqlG_iMyZ3D-hMOFqBMe1p0Q/photo.jpg,"Worthy sequel, this dice and match game will keep you playing forever. Choices are both harder than the first game due to the added possibilities, and easier due to more ways to get best score or near that.",5,0,,2020-02-21 08:08:53,,
gp:AOqpTOGNWWJTm0H6MHM4ex5c4DRR8lVmfzFCTh0Rm4Iwbjz43qiS0n0XsWG0dyKV665Y9ouCcXzIjBaRzjpt,Andrew Rich,https://play-lh.googleusercontent.com/a-/AOh14GjD1N_G4HY3HAbZG6RdfXDGD77iCrp1VR3PrCHN,A very different puzzle from the original. A great roll and write game!,5,0,2.0.3,2020-01-20 11:29:18,,
gp:AOqpTOFqRv8sPXkmSlWnSMRvZvQIXwRqOMcDkF8dePsQ3lbLXpM02hTGkzKuJ5-PKoIfltIcFFxnQJJwKipJ,Andy Flynn,https://play-lh.googleusercontent.com/a-/AOh14Gh5KEVYBB9V8qdODYiMwJwKsocAG4CVp8rIHGHZ_pI,"The game is a great little time waster. The instructions could be a little clearer, and occasionally the app fails to load the game (hanging on a gray screen), but when it works it's very fun and more than a little addictive.",4,1,2.0.3,2020-01-13 05:31:51,,
gp:AOqpTOHOFe10J3ThrZLipj-t5pH2YlQQtrd8FIMSZ_zfZ5FXGgjnGwxq479HpqBiKaH7UqI-NgTQey-w7SOY,Thomas Klingensmith,https://play-lh.googleusercontent.com/-NYM8siaCo5c/AAAAAAAAAAI/AAAAAAAAAAA/AMZuuckwCxRMuoGKcMGkWDg1XJHL4P9Mfw/photo.jpg,"Great game, flawed app. Often does not record the score of a game in the stats. Frustrating. Otherwise great",2,0,2.0.3,2020-01-08 23:02:47,,
gp:AOqpTOFb5RM1wNkwfmRbDfbHYwk9_jTnViaF0uMSDRBzjqGFOpxkZAiezi3QINPyHoEnWQfkjh_ugy1cLfcU,Sarah Howson,https://play-lh.googleusercontent.com/a-/AOh14GjQoMLXPd-dlgkghFd9Z_xpStssoxdYZa734PWV8w,"Good but glitchy. I've noticed bonuses are not always applied, otherwise a good game",3,1,2.0.3,2020-01-03 12:05:55,,
gp:AOqpTOFN2hTYw_8D_CMT_QN-P_EeOOckP8JTm_qKcqhX62aRucvQeg655Bvn_DyuCGOTOBr8Mq0zhuE6q8xu,Anastasiya Matchanka,https://play-lh.googleusercontent.com/-st01T-kXGlQ/AAAAAAAAAAI/AAAAAAAAAAA/AMZuuckdPGq73h3vnFKwIZncIeX61Tv1uw/photo.jpg,"The game is great, but the app is far from great. I have to start it like 10 times before the game actually appears on my screen(when I hit ""play"" the screen just freezes, so I have to exit the game and start it again). At that point I almost don't want to play it anymore.",3,0,2.0.3,2020-01-03 05:52:00,,
gp:AOqpTOEYrczndZI1COUvuHvmEclWfeJHmIvJUqTh21YaakkrMyi_qhOflClJck7B3fudLRY7-UqUpSOlxVbP,Carl B,https://play-lh.googleusercontent.com/-5Yiv7EofHw4/AAAAAAAAAAI/AAAAAAAAAAA/AMZuucnknabUu1pBQGyvyOIJpsAyljxOKg/photo.jpg,Edit: issue was resolved quickly - great app!,5,2,2.0.3,2020-01-01 03:40:48,Sorry this was a bug of the Chrome runtime M79 from Google. ( https://chromium.googlesource.com/chromium/src.git/+/56eb64f502ca1fa3e376a5234f384f5115e4f043 ) please contact us via email (alex@brettspielwelt.de) and we will recover your account manually.,2019-12-16 05:12:13
gp:AOqpTOHRho34Rqvez0Tzx0caoY6ISS56XRPRPosw2wOs-Hq31wODKBgKI9512-FPm0-92ayylWBBcPZljAkq,Jeremy Sear,https://play-lh.googleusercontent.com/a-/AOh14GjJWc6PtWsr0gxQb-syOVsJijoqQzQc4-HzA1SG,"You don't seem to be able to use any stats etc if you're offline. And you can't get online, BC it demands a username and then won't let you register it. I can't even find a website to register either the username or email. Bizarre and infuriating.",1,4,2.0.3,2019-12-25 17:45:13,,
gp:AOqpTOFH10O7U2Fd-2f-4YqMaESbqn_EV92DH-0z2qG-QB8lO5PUO7klCyWsHicqenGQBbo6Ol7M5qoKHcVO,Blake Fisher,https://play-lh.googleusercontent.com/-_AnG_XbpDz0/AAAAAAAAAAI/AAAAAAAAAAA/AMZuuclhRPCQ1GErVCAbNDEmyIJSZpBAGg/photo.jpg,The app seems poorly optimized. It runs very slowly on my device. In addition there are some issues with translation. The game is an absolute pleasure though.,2,0,2.0.3,2019-12-19 12:34:52,,
gp:AOqpTOE-u6bCK8lQGfaIv4I4d3qiuC6hmKVO_DdVjk-r5j-srXz-HIMET37nlJNx2WlVeeM7GG-kmGwzzn3j,Linda Chov,https://play-lh.googleusercontent.com/a-/AOh14GjgXXHIDRcL-cDWyN3cJkDj509Yj18xDU6MLhRLcQ,"So addicting. I'm always trying to get at least 300 but it's hard. Only managed it once so far (319). What kinds of scores do you guys get and how? Please share. Anyways, the game is great... Suoer easy to learn but hard to master. We got it during the half price sale on Black Friday. Sweet!",5,3,2.0.1,2019-12-17 06:43:32,,
gp:AOqpTOGsYoe_DYqjjvKX2OWTxoHsg-6ItHvo2FrzBaQ7Gk2JeTbA_jhv_yXBdsr-1xn4MZQQUNeq7is1fiHe,Su Lutkin,https://play-lh.googleusercontent.com/a-/AOh14Gg1IIL-iNjQJA03MfBwxnw81tI1Hf0IsW5BqOVM9g,"Amazing, fun, totally replayable!!",5,0,2.0.3,2019-12-14 22:46:38,,
gp:AOqpTOG3diPO3ebrRGH4VQjQ5tYextenjOwWk1qO9mhMHnBaJysClSLxYJEQo3zQZ-TMyMUhXXW7PJ_il5gl,Travis Thompson,https://play-lh.googleusercontent.com/a-/AOh14Gi9PQn1i4HCvMgNgbk8vOSpy3ReW90pLqkLXaEcxV0,"Great game, played the hell out of Gon Schon Clever before this and Doppelt so clever is even better!",5,1,2.0.1,2019-12-06 10:09:35,,
gp:AOqpTOHP17-H4aAKNJ25KYVgs-xx3svrqxn9rwc_EMawIPuwc3RwD7cmeRekZ6kfyllPUELDrjbL6YX6bPqt,JJ Novacek,https://play-lh.googleusercontent.com/a-/AOh14GjQThfT6E3N19XEbHA-f1fHLLQzZdRsbO3uBK1P,"Unable to log in with an account Update: Account worked, able to use account on That's So Clever and Twice As Clever.",5,0,1.6.0,2019-11-18 04:33:29,"Hi,
did you try to make a new account or to use your account from the ""pretty clever app""?",2019-11-18 03:45:06
gp:AOqpTOGxWnoUiCVfEZMfLUC1KNNBCUVJ86QTCtY7zXMsEtFchORlNreAK6iXmrOeuudlrhSebrqOJuw4HsKU,A Google user,https://play-lh.googleusercontent.com/EGemoI2NTXmTsBVtJqk8jxF9rh8ApRWfsIMQSt2uE4OcpQqbFu7f7NbTK05lx80nuSijCz7sc3a277R67g,Why does it know accept to be transferred to the external storage (SD card)?,3,3,1.6.0,2019-10-27 01:10:42,,
gp:AOqpTOG5iXGzl9B8qh296SPoVTPc6E1uW840JiTdAZ8uRSWbewU9QNzQ12Ny4gKs7aHdfHedPaR-DJCuC-D3,Kevin St. John,https://play-lh.googleusercontent.com/a-/AOh14GjjBhxKVMtKdIndsykUacA9jBH1LJ88zSeL3fg2-g,I would give this a full 5 stars because I really enjoy the game. But everytime I play it skips applying the bonuses from the pink row,3,1,1.6.0,2019-10-24 13:59:10,,
gp:AOqpTOHiNaw431isAoL7aj2kSKjXXTTmAglmHJCXKVNL92JJI3sLM4gXkQCkA4y38cAPmmSS_klIPVI8NEQZ,Matej Kovačević,https://play-lh.googleusercontent.com/a-/AOh14Giu71oKD-53czD7jlgK3Gw1W9zJLCX9AZg5A3gZmRc,"The game itself is excellent, but I'm giving the app only two stars because it almost always resets when I switch apps in the middle of a game, sometimes even if I only go to the home screen. It's not my settings because other apps that I've set up to keep running in the background are working as expected. Once this is fixed, I'll change my rating.",2,2,1.6.0,2019-10-02 23:23:38,,
gp:AOqpTOFPlw3z7v_CIPCkU2OW7Hj6c74ymFcbzisfZ9iVfay22vFWtTBuz2W3Z76MOf2Q_Ym9tO5QttqfWzyM,Aaron Boston,https://play-lh.googleusercontent.com/-WFrf9H5Xvzg/AAAAAAAAAAI/AAAAAAAAAAA/AMZuuckHjMxfD2b29OsxZlrvJAq__XCfPA/photo.jpg,"Love the game. Quick to play. Challenging to get the new high score. A by-chance game with strategic score placement. It would be neat to have a second to fourth user, so the phone could be passed around.",5,3,1.6.0,2019-09-05 08:52:20,,
gp:AOqpTOHHjS5M3a0WbcYGvd_TmHXaVm0jxa-1WmDgcbuH0DK-4opJViUfRp9lNCApamrXtxF-CEbm4WxUQv8k,Matt Burton,https://play-lh.googleusercontent.com/a-/AOh14GgAnFLvJqSOBoUePjN8BdU_QqmCcdGsB_QFpcROqA,Zero instruction on how to play.,1,1,,2019-08-31 07:23:52,Just look at the rules section. It is linked on the  main screen.,2019-09-03 03:08:04
gp:AOqpTOFjUBEeCSnQaHO3i-RmA6ksRgHxeIjimujVD28uGsS3tdNVgXay6FJk8iLlbgyLnSoEstzf0ADiBAl2,Edward Liddell,https://play-lh.googleusercontent.com/a-/AOh14GjucMG43UpzvTmFVTJEmPBLTnkjakK7WdK2PlQq,"can't log in or register, and I'm giving up on playing now that crashes are becoming a regular thing. Total waste of money.",1,2,1.5.4,2019-08-30 21:55:34,We just released a new version that fixes all known problems.,2019-09-03 03:12:34
gp:AOqpTOExDHgeWkyD9JlsZ3r_OtbS_f_NLRkMpmgLQ7yspvovVh5ufeYDlvbni6n0Zb8HziswUbV8kLCMnJbc,Louise Thornton,https://play-lh.googleusercontent.com/a-/AOh14GjqqS7U9RhLFU7KYxJjJIWBydVfIEIb_rW5gjcuug,Gid its hard! To get ovwr 200 anyway. But I love it.,5,0,1.5.4,2019-08-22 08:24:42,,
gp:AOqpTOEunBe0Cb_Ste1AnDbtXhAoXfdq7rSUIkX99u8YmFWiq2rKbJZ9-nFngxz0mEonB6mmqnzyoL2sO3g6,John Miller,https://play-lh.googleusercontent.com/a-/AOh14GgXqRFfXrN9nN6zL4GBmgZUyG7QJR19JwNse2fOLw,"Awesome roll & write game! My only issue is with the login system. It's really clunky and difficult to use, which makes online gaming nearly impossible with emailing the dev for help. If they can fix that, it would be perfect.",4,1,1.5.4,2019-08-19 03:19:59,,
gp:AOqpTOGfF757Hhe43s7Z8TEmsTDNlwfBksPSLtwz6QipXmHlURIIvwnDDRw765HMtQvQoizx1X0x8Fq_teTo,Blayne Riffle,https://play-lh.googleusercontent.com/a-/AOh14GilT6KyqJr_mSwKY7yt568jH4A-Aq4FOQR4wbp2Fw,Just as good as the original and even more of a challenge. It won't recognize my email from the previous game. Get that fixed and I'll update to 5 stars .,4,0,1.5.4,2019-08-06 09:38:51,,
gp:AOqpTOGYqQf13jWB01EtGn6rPrU90U25SKRTVWYTmnyaVHL5DzH4By_Lw4vhnL9dQjxUBSS3zwPFJp9Y0KDe,Derek Ott,https://play-lh.googleusercontent.com/-8DytBqRzIjI/AAAAAAAAAAI/AAAAAAAAAAA/AMZuucmCWqIo5nJQo8xta3jpZj4diNU3kA/photo.jpg,"Quick, fun game to play!!",5,0,1.5.4,2019-08-03 06:01:28,,
gp:AOqpTOHjXPOGyaciepukek-TPT81xYBq0HWcTLid5Ovsw-F0LoXUOYG0qnyTh_Z9NEmtZ5Z7H1T4mIZdNvUB,Rhiannon Oxley,https://play-lh.googleusercontent.com/a-/AOh14GiRv32Ap0UQHIdDrZHGvyBHw1-ZeUHggVB2u6k9Sw,Ok game but the pink and green row bonuses dont always trigger. I set up a chain of bonuses and didn't get the first bonus in the chain. Needs looking at to find out why these bonuses don't trigger because I really enjoyed the first game app.,2,2,1.5.4,2019-07-30 02:12:38,,
gp:AOqpTOFHsS6bsZlflkrV9IvkjISdG9RumVe3Q8jYrwXJU2BmdzSBpSCO2hcYz2GUJcdUTmumtv0V_C2LBKa7,Michael Friedman,https://play-lh.googleusercontent.com/-gBxvPmoLdIo/AAAAAAAAAAI/AAAAAAAAAAA/AMZuuckOzvg_CkqQXW5eVw5yJJPY68humQ/photo.jpg,"If you like the board game, this is a reasonable port. No explanation of the rules if you haven't already played the board game. No local multiplayer, which would have been really nice.",3,1,1.5.4,2019-07-29 07:27:48,,
gp:AOqpTOHhxkMkUqF5Sib8VCNonZaP0nu5DPt07gUZVvYBxQyjrhBtN2RT_va2i5tMoAN9ouv6LrXfLLHJ3dK0,Rodrigo Morales,https://play-lh.googleusercontent.com/a-/AOh14GjuBAJnbaQYw4nChQq_O2aW1qdJtgWCcj7p1wOSUbo,A good solo game with multiple variables that make it unique everytime you play it,5,1,1.5.4,2019-07-25 10:42:45,,
gp:AOqpTOHYH0n_hPt7h5VwoC7euDJlozNvGlD_ThCZwxH4n6aMvrIAfEX8NDrrGesSHtzeIjaGpY-jlU207hAa,Joseph,https://play-lh.googleusercontent.com/-Mh50nT-6ahs/AAAAAAAAAAI/AAAAAAAAJo8/AMZuucnSAwlCIZYYQJmqMgb3aRDiMfDeZg/photo.jpg,Very good board game and the app basically works (solo mode). We never know when final scores will be recorded or omitted. It is hit or miss in that regard. Slight disappoint they don't support Google Play achievements also. There are other top-notch board apps that do.,4,3,1.5.4,2019-07-24 17:13:10,,
gp:AOqpTOEoC1qf6VMMcGYCBe5_T2-fR3LphrV1GNNun8iFNH4qnernUiqpMG3RD_Lic3m4PbP7IJ2bt7LmFri3,James Hayward,https://play-lh.googleusercontent.com/a-/AOh14Gilm7uvxUp-qmoEwfV6120jwdTCxC-qmlV6wVaiqQ,does not work,1,0,,2019-07-18 21:35:45,,
gp:AOqpTOHFKfG0Bq7KOmQhb1dMjx3dCDoDZxijvbiK29DkVdVW_Hxnwpm_y7vkQQxQInCVTN8OWq1x414J7Rgq,Scott Hughes,https://play-lh.googleusercontent.com/a-/AOh14GgDVVZ3khFS9reszqYqyo__zOVMmCHi66seuyHT,bought the game at dice tower con and had to have the app too,5,0,1.4.7,2019-07-13 05:09:15,,
gp:AOqpTOGNwfEIoSgbXkpgULioE4qcSr5jDqYdfNdcK6hPk7z8xFSvlXQB1y4XDXAiRZDf9e0y0IZGCCA_lKyU,Gavin Owens,https://play-lh.googleusercontent.com/a-/AOh14Gguh6iBGSPx-xDxtfDqgdsDVPhZrlRPKtpzAJ_B,excellent copy of the boardgame new challenge mode is worth the cash,5,0,1.4.7,2019-07-13 01:13:39,,
gp:AOqpTOHkpmefBNAJt0-thEo0zMik_xXwnw73PjTHY0k1gancT1e20ilEm6y41zzgGU-GbmP4wy4tfxpZ6tth,daniel grubbs,https://play-lh.googleusercontent.com/a-/AOh14GjsQwEGmkcAzbS2ppNbRrvmsBMKtUf2Iv0Dl6OIaCM,very good app! would be great with Google play authentication for achievements!!!,5,2,1.2.5,2019-06-06 18:57:15,,
gp:AOqpTOGeHBJQXEhastiuK8f4t0OrkyDlsCkX-05RwAV_Mcej3ZC3h6JmdiOAW6Z_GPC1yg7GSYC3wl2gIG_2,Mark Webb,https://play-lh.googleusercontent.com/a-/AOh14GjQ13V3RpIDuyrNJ0Cjr7askgMlNgUsWBXwit-Wrg,Great Game...,5,1,1.2.5,2019-05-15 06:24:50,We fixed the problems with the login and the email registration. Sorry for the inconveniences.,2019-05-15 06:23:15
gp:AOqpTOFCr1M-cS-PfMnN6rFsDgh0-kAbrVFHUGiVIJMt0NvLdprCfv29txZ33ZhIbNpRdi4QN0saL3ICwvZK,Conner Gillette,https://play-lh.googleusercontent.com/a-/AOh14GjO-UV_ZZD80lgvfh22N5LaHcGcuAKaa43Fb0f7Jyc,This is a 5 star game shoved into a 3 star app. The two things preventing this game from receiving the final two stars are as follows. 1. I cannot for the life of me exit offline play in any way. Creating a new account doesn't work nor does using my email account that is linked to Ganz Schon Clever. it's very frustrating to have no way to keep track of scores. 2. this game (and ganz schon) need aome kind of multiplayer. Even a pass and play would be such a welcome addition to the game.,3,5,1.2.0,2019-05-02 10:22:18,"We fixed the problems with the login and the email registration. Sorry for the inconveniences.
You can play online at m.brettspielwelt.de against other people.",2019-05-15 06:24:25
gp:AOqpTOG-EWAM7grvFYIvGFyP-c7zRGHuU-2zchsohbeYq4jozzFjQpuGdxx_POxc0YMzLyRwzzpwAyHnuOH9,Matthew Grant,https://play-lh.googleusercontent.com/-KJS7Zab973U/AAAAAAAAAAI/AAAAAAAAAAA/AMZuucnJvy8pjJ5jVhRa2Qbrl_N7uWrUCg/photo.jpg,"Harder than ganz schön clever I find this more challenging than the original. After many plays, I still don't have a strategy that consistently works. I enjoy trying though.",4,3,1.2.0,2019-04-29 14:41:47,,
gp:AOqpTOEF4i8qnqd7BNI3Acjf_JTiGobBANQkvSakhkCdw_0Xjr-FhGO9nywoz6EHGiuc5JFFljW5JsM-sZXP,Clint Brubakken,https://play-lh.googleusercontent.com/a-/AOh14GhB-qgirtW2V_54FSveT-2bCDqQwPIu-rQDhIDG,"No instructions on how to use app. When I enter a name and click accept privacy all it says is ""register account online"" with no instructions on how.",2,7,1.2.0,2019-04-20 21:41:29,"We fixed the problems with the login and the email registration. Sorry for the inconveniences.
You can play online at m.brettspielwelt.de against other people.",2019-05-15 06:34:26
gp:AOqpTOF1O-zkFnGUw-gKqomAqvzD0P5LFx-hSCBtTGKqYr-cNG2vC7CncnQkJJeF8ICSOk_9lu2b2cQuu-cN,Patrick Wilkinson,https://play-lh.googleusercontent.com/a-/AOh14GhCwBPuwM1JivRXNS6_sKCPQ6TZG2bWykLYAWPy8A,"I can't log in either. I set up an acvount on schon clever, but it just says ""check email"" on this app.",4,2,1.2.0,2019-04-15 09:35:05,We fixed the problems with the login and the email registration. Sorry for the inconveniences.,2019-05-15 06:34:43
gp:AOqpTOEs6IWQCX0BdqI2fcqWGecN4G6ixLkHeQCUWepkvqZgGJvEf8UDUdbe_IPHMPp1VXJFeKWJpPJlEM52,Ashley McFadyen,https://play-lh.googleusercontent.com/-oy6mB7fXCxc/AAAAAAAAAAI/AAAAAAAAAAA/AMZuucmp1tyQ6il7HbPNZz_fAJoS2leXJw/photo.jpg,No bugs or freezes. Easy to learn,5,1,1.2.0,2019-04-10 18:41:41,,
gp:AOqpTOF__ZBKml8u4we2ZURCYl3L8uEu354BjTauhoc2V2SikNMA1WEc-PwNlBX-plzmSWwnioeuOv1od71b,Victor Torres,https://play-lh.googleusercontent.com/a-/AOh14GiW6LbF0rL8HyO1CwA9WsHmZ4kIa6WR7nYqDx2EwtI,Great game. Lots of replay value,5,0,1.1.2,2019-04-02 04:12:27,,
gp:AOqpTOEwR1CjGRRFFwDG2Zsv1u-tklsxenGYPSG0FUme28Upwmi4bguexGvkhUIlBT46gDIXN_xZ_HJp3cvr,Christopher Melenberg,https://play-lh.googleusercontent.com/-GjSv3_G307Y/AAAAAAAAAAI/AAAAAAAAAAA/AMZuucmh3gIBXnKFWI8OUTxgLSsdk33aIg/photo.jpg,Really enjoy this game. Fun little puzzle dice chucker. Of note a couple of the achievements don't seem to be working: I've scored over 350 and in the top 100 for past few weeks without the achievement showing up...,4,1,1.1.2,2019-04-01 16:43:19,,
gp:AOqpTOGWll50x4f-MQkm_q3ZB8Z5fAWFppu508SzYSkWzXxcYCw4u9MYS6swrUqmlXBNrWTeI6uAHRZKQLzJ,Wendy Whitmore,https://play-lh.googleusercontent.com/-zLRqzacSdfo/AAAAAAAAAAI/AAAAAAAAAAA/AMZuuckcwgkHWgy5Z6BsuhSMZYXNRq27Uw/photo.jpg,complex and so much fun!,5,0,1.1.2,2019-03-24 08:24:57,,
gp:AOqpTOFvFWwXA9A1ksyVK2OhSrruPy--Tx6UqS6o-2S4TppoL1r8vUzR8EE7xb4j7d52PcopSNZjY8L_74lw,Nathan Clark,https://play-lh.googleusercontent.com/a-/AOh14GhKHo45UBRj7y6IDW-RvzeBWDS3cioiHFNT6pfFuU4,Fun game. The app only logs my scores half the time. Really annoying when you get a good score and it just disappears without a trace. Pixel 2 XL,3,1,1.1.2,2019-03-21 19:07:49,"Hi Nathan ,

as  far as I know nothing gets lost, which is of course most important, but you are right that an immidiate update in any case would also be nice. Sometimes you just need to reopen it or wait a little bit to see your result in the list.",2019-03-26 03:56:40
gp:AOqpTOG8RSo4O6HbNYJ11vXxMu4x83BMcyAFfHtQhFuaI6T2nbTaqKbN9mp1KZ3lMRdgrZI4gu-C7xJO3NlI,timmhanser,https://play-lh.googleusercontent.com/-S45R25p705Q/AAAAAAAAAAI/AAAAAAAAAAA/AMZuuclmSuyfWoYRAV6quvef9Hz9F517BQ/photo.jpg,refunded this game because I was unable to connect online using the same username is that used for clever part 1. in fact it's user name I chose continue to tell me that it was already in use. I figured this app we're just add itself to your clever part 1 since they are picture together on the load screen of part 1. but both games appear to be separate and require individual accounts with individual screen names to operate. I wish they would change this to sign up under your Google Play account,3,0,,2019-03-14 12:42:17,"Man kann die Apps verbinden und mit dem selben Account nutzen. DAfür muss man eine Emailadresse in der ersten App angeben und sich mit dieser in der zweiten App anmelden. So nutzt man dann einen Namen in beiden Apps.
Hier wird der Ablauf detailliert erklärt: http://clever.brettspielwelt.de/i",2019-03-26 03:59:16
gp:AOqpTOGIU86vWJ3Wd-YVIdzFNFu7DaxX15xemI4PKYIn-PFvBPvmksOTr7ZGZ1Xn-Z8I9tUY_bqD4lRM0IxQ,CJ Calogero,https://play-lh.googleusercontent.com/a-/AOh14GhQqj0Lc8zhOhdpAbzEM_BTQcdkkGbUIV8A0Q87mg,"No score at the end, just 2dots like this .. Not always, but frequently, especially for scores above 200. Waiting for fix but will ask for refund if cant reach the developer.",1,3,1.1.2,2019-02-28 04:07:00,"Hi,

I have never experienced this. Have you looked into your stats? There you can see your last 10 games.
It sounds like the font size is too big on your device, but so far we could not reproduce anything like that.",2019-03-26 04:03:19
gp:AOqpTOGKCnE8yMUEG8imFHf7OjJQA402_UkfLQZxKRXKh_CKa1l8NyUopkzkBlU_-804pY0StzcN4JCZp2t0,Jelle Gommers,https://play-lh.googleusercontent.com/a-/AOh14GgmLYg7WdI8tjEajx7yZqq9snN16B8I7XyH_r6aSQ,"online option not working anymore, otherwise great, could use multiplayer function",4,4,1.1.2,2019-02-23 13:20:03,,
gp:AOqpTOFxHjQJKeYH6fNXdVvDS_v7xYcjQfT0RD8TTZqRs80ZtmdkdGIXpkiswvMa_zK6SwWGikG1HAuaMRGP,DV Yost,https://play-lh.googleusercontent.com/a-/AOh14GiGk8gAaov9uAJYjsf84FAzgESJOBw__ukPaBAG2C8,can't register or login to an account.,3,3,1.1.2,2019-02-21 10:54:47,"Hi David,

do have an account from part 1 you want to connect? Or do you want to setup a new one?
We have an explantion how the use your ""quite cleverc"" account here: http://clever.brettspielwelt.de/",2019-02-28 01:11:44
gp:AOqpTOG7EzYuGF5b3CmMBBYU-KaDRlvnmNwpO-FjwqbxK0LTr41mhL8xqCy2fQ7bPa4DT-ieutTt7Wb1__3R,Stephanie Cameron,https://play-lh.googleusercontent.com/-d365_6VeDTo/AAAAAAAAAAI/AAAAAAAAAAA/AMZuucm4xHqneseK_W-wZsLvdrD9gfQ_bw/photo.jpg,great game - much more difficult than ganz schon clever bit well worth puzzling out.,4,0,1.1.2,2019-02-14 13:16:19,,
gp:AOqpTOHBZj6h7BnIOEWGUDFU_BsMCnALpRBnesf0WGBcI3YNymaIUkizqVrv3pk9w3ov5JlPXZimrxhgluZN,Rod Hayes,https://play-lh.googleusercontent.com/a-/AOh14Ghih3q-gtwh58i2w13Vp8NztjfvR6hpB6CXjgIJV7w,Very fun follow up game. These apps scream for multiplayer though!,2,3,1.1.2,2019-02-05 18:39:33,,
gp:AOqpTOHRQnzWp80a2rI_V_8MJplhSEQ_XHdbgfsN5TmiV1B4sYxQ2et7HGuqvOeJMJ9wzUeXpOTCAEIqmmRJ,Shawn Sieben,https://play-lh.googleusercontent.com/a-/AOh14GgZhIMInVJEL3EhXjq9yeelyrVL1qGEmN1wAFVojg,"fun and even more brain racking than Ganz! Wife and I love. For everyone saying it is not giving bonuses, double check the rules. We didn't see the read the rule for the pink row correctly at first.",5,3,1.1.1,2019-01-29 18:18:50,,
gp:AOqpTOFZnNcvGw-NETzd7WP9a1ZU4wq_vfvH9btjgUGAyL7miks7mXYxqF1pFWo2JfZ8IzfscfYdlfRfROQ7,Sergio Martins,https://play-lh.googleusercontent.com/a-/AOh14Ggf04oIxYG89q75gkB3j0NiQETMqV7VRytbLnNS7A,"Game is very cool, but can't login, so only have access to the offline play, which does not have the achievements...",4,2,1.1.1,2019-01-29 06:52:50,,
gp:AOqpTOEMwmeJvDM4XOqtLJjZXcbc7mv9xdMJgiAsfPr_JgxGBPEjXqlZoT3MlSPTcWLGnCBKRJyaTWuq1fAu,Mark Hall,https://play-lh.googleusercontent.com/-E33IqarEXbE/AAAAAAAAAAI/AAAAAAAADeA/AMZuuck8ZeyyMu23QeVZytxTVCZn5n0lJw/photo.jpg,bugged- pink row does add ? bonuses,5,2,1.1.1,2019-01-28 14:33:05,"Hi Mark,
Please double-check the rules regarding the pink row. You are always allowed to place there but won't get the bonuses if you do not fulfill the conditions. Hope you can then reconsider your rating",2019-01-27 06:06:04
gp:AOqpTOE2Ub33EA80B_vRHUz0iY6KWd063OOLNj5U6_S_PRUEWYFNV5fCBDCN5QbQ5bITEaMw0XfugJYY_izZ,Renate Weiss,https://play-lh.googleusercontent.com/a-/AOh14Gjmuo8YHn77ZwCu2vQO3fujVsxZntpqc52ErfJzSg,"I just love it, I am nearly addicted :-), sitting hours on it to improve my achievements.",5,0,1.1.1,2019-01-27 07:56:35,,
gp:AOqpTOFDYXMyL-hpoosHy74VMr7_G25vJZFQVLADMa1lmUaoKOIipt3g0fjelzyVszjjjdLY3wZO7JytLghY,Marc,https://play-lh.googleusercontent.com/a-/AOh14GjexN7WGXEnk6xDTQ6Qu9LGYJquHJbtfvhIX4_RwA,"I get all the scoring but the silver section. Interesting game, quite distinct from the original.",4,1,1.1.1,2019-01-26 17:18:33,,
gp:AOqpTOGCCvV41mJNCkO2xf-KZ_CjF0SqWpOQMhcqto26fUriUfyBGb13CmPtlc4uGwszkoEsofh0_koHONQx,Chris Mack,https://play-lh.googleusercontent.com/a-/AOh14Ggu_uBk_Gml4Y_AHLZZ-LnTNfecxxukJsP9ucQAGA,"Really great game, but no matter what i do i can't connect online.",4,0,1.1.1,2019-01-26 14:48:07,,
