reviewId,userName,userImage,content,score,thumbsUpCount,reviewCreatedVersion,at,replyContent,repliedAt
gp:AOqpTOGkyQpdMUNZbO3Zlaf4pPy7F2WzydqcMrCTt0GICFniwoLEFEwKl2b7j-lPyKqyiQuex-oUpXlDTV-yzA,Rogerio Hernandez Jr.,https://play-lh.googleusercontent.com/-Af9MozjD0_c/AAAAAAAAAAI/AAAAAAAAAAA/AMZuuckyUGHDhrFi4xFenBzcfQNgA8ChvA/photo.jpg,Fun and addicting,5,0,2.2.5,2021-01-26 14:33:41,,
gp:AOqpTOGlCqoszFt17fLitKG6ycJputalAWdhQByEjWU2K7SNasIeWO4CcPx4j5zJzKial0lXXAibj3dhA5-TgA,Michael Miller,https://play-lh.googleusercontent.com/a-/AOh14Gjx3S5qUaKiZLy0l_xMUSevxry6tHAU6YrPRsD4lA,Good solo player....and thats about it.,3,0,2.2.5,2021-01-17 07:13:28,,
gp:AOqpTOGidVGl3hbNEMZrdXGPNI5TRZ4Qa4wTS3C1STlYpnjtC9lR3WsbK7mxHGTlNt44T--2YwV05eHJagAhdA,Anet E,https://play-lh.googleusercontent.com/-IU7KGnljzFw/AAAAAAAAAAI/AAAAAAAAAAA/AMZuuckQo0Xqt1waft5lMjuk-w74veHYlA/photo.jpg,"The game can be fun to play, but I have had it freeze on me a number of times which is disappointing. But, an even bigger issue is that Brettspielwelt placed RECURRING charges for this game on my credit card. I bought this as an app for my phone. It is not a subscription so I cannot understand how or why this was done. I also cannot seem to stop it so I am now left arguing my case with my credit card company.",1,1,2.2.5,2021-01-16 07:24:33,,
gp:AOqpTOHw_KwuYXVLOmQladmUBIGkOuc79f-EucpXZeX18NgiQtxFdOQiKZ1xZjMGNYtRHJt3GzbItCkAUZ9klA,Elmer Payro Costilla,https://play-lh.googleusercontent.com/a-/AOh14Gi5n8N4pvfo8NndUIDeV7Tj0WUI6zLPh2EJpu_-Sl0,"Good game, although it would be great if it had a multi-player option",4,0,2.2.5,2021-01-13 09:27:50,,
gp:AOqpTOEUF7ZTVLqSKGP2shLBg7oO0Zfh50QC2z1TAUhtyNnJzr9uY6XFhFfHFiZ0Nyz3N5DOVViFDV79tu7YSg,Marfin,https://play-lh.googleusercontent.com/-rQIi_WyXoWM/AAAAAAAAAAI/AAAAAAAAAAA/AMZuucm9JBorA6ikUpdQwGZT9i5J6Fhn-Q/photo.jpg,Fun roll and write. Good time waster.,4,0,,2021-01-13 08:23:17,,
gp:AOqpTOE_oMQTwfhOpOamOYsAz9_flcF-1wM-WmhEtV84CdRbgQWVsmTUvLiFs8c1PlQw8ZtibOkx1w5oPFcDaw,Matthew,https://play-lh.googleusercontent.com/-2oWA4jU1jaA/AAAAAAAAAAI/AAAAAAAAAAA/AMZuucmr5Xd90XTC0bHgCpe6zOk0ou6Eyg/photo.jpg,"Terrible flaw! If you hit the back button for your device, it exits the game and you lose all progress in the current game! Terrible!",1,1,,2021-01-03 18:02:34,,
gp:AOqpTOGFZezdOcdmcJhw74CVzod6hPkM4iX3RpqXOXjtdDGD7bzyVfhRGotC4BAv9UBlfeN66LoZRkTslQzm6Q,Sebastian Vacherand,https://play-lh.googleusercontent.com/-IrhUPgunFEY/AAAAAAAAAAI/AAAAAAAAAFY/AMZuucm4S9Bf3XpYB6GYkE8G-0QEXcQ62Q/photo.jpg,One of my favorite board game/dice game! It's lovely that you can play it on your phone when traveling plus saves space. But honestly I would expect from a 3euros app purchase that it has something more like: pass the phone to play with friends or online multiplayer or both eventually. And finaly when playing on a phone it feels very small (like if it was made for a tablet) why not make it playable in portrait mode ?,3,1,2.2.5,2020-12-30 06:00:29,,
gp:AOqpTOFBt6Fw8jlLMO5htIssx7sY4YiP0yUeYKDVRZJEEHbL1wco6DGTTV5st49THfZpfR3nnNSHhKnPQqCAcA,Mario Lotfe,https://play-lh.googleusercontent.com/a-/AOh14GgxtxFXBSL0MhI9USEfBLnl6hmCZoaMhe5_UMVfxQ,"If you don't know how to play this game do not purchase the app, the rules explanations are really bad. The game itself is very good, but if you enjoy the game most likely you won't pay again to play it on your phone, and if you want extra challenges you need to pay more... I regret having purchased this.",2,0,2.2.5,2020-12-23 11:58:13,,
gp:AOqpTOHnCqiPNMWbnt4t93RfC_gYp2WrgED5m5AerEa9AEXLghZG_tA5Oe51smQgQ8qq2I1CS5MZYYz9r3TCWA,Paolo Piccione,https://play-lh.googleusercontent.com/a-/AOh14GhQWOQybkd73rimx9tBHbT_Wldzam9qbzLQv-Fi5g,Smooth and easy,5,0,2.2.5,2020-11-26 15:52:22,,
gp:AOqpTOFPdgXerM2PHfvkrc1tO8f63mT12_xrKrVH5mBr7BfaAjFGc4uA8VcaPuJucE3jIPoxAhb4xqb-5wGNrQ,Lamar Rushton,https://play-lh.googleusercontent.com/-ywhShV6UMCM/AAAAAAAAAAI/AAAAAAAAAAA/AMZuuckpAT7twogW4WERsaKJnczZgs0QWg/photo.jpg,"Game is much funner in person. App is disappointing, no pass and play, online or even number of player settings. Needs an undo button. The dice rolls don't seem random. If any of the features mentioned above were included the app would likely be worth the money. As it is now, I wouldn't buy again and wouldn't recommend.",2,1,2.2.5,2020-11-24 08:12:47,,
gp:AOqpTOHFLkBcgHmD5ICRlx0y_2hqDFrMJMgpXQIusnQsOnFZEzhOnCqpZGc1CDIxSJA7Eq9nhbs3A3aZl00oxQ,Steve Cane,https://play-lh.googleusercontent.com/a-/AOh14GhXsEWbThpIzdHwCZtsyxs9uMF02xUEet5HIl5KeQ,Fun game. Sometimes not sure the number refilling is not random. The number of times I he rerolled a 1 three times in a row....,4,4,2.2.7,2020-11-16 02:04:53,,
gp:AOqpTOFv6OdG3qSGYzHAr-UAISg6dDJS2668BmO30nUonlTo5mZ2My-WLnScbP1aKTK9mPHK28rDYcPjlaMpeA,Dennis Papaioannou,https://play-lh.googleusercontent.com/-sMHt1KeTrHM/AAAAAAAAAAI/AAAAAAAAAAA/AMZuucmQZrd6RG3cet2bJJAck2k9QLN9QA/photo.jpg,"As gameplay goes, this is one of the most addictive games out there. BUT, this seems like a lost opportunity to make an absolute classic. Lack of multiplayer option (just comparing your score to others in solo mode is not enough) and a problematic interface. For the price of this app I expected more. The actual boardgame is not so much more expensive than this.",4,3,2.2.5,2020-11-15 13:14:58,,
gp:AOqpTOHxQ0pdXEsMkNumGKewuU1vRDt5R-G_si3n9o9nhT09UxWSXrOQvzXG4D6kdyHHiFltu3HQe3OlOBtszg,Jeremy Nale,https://play-lh.googleusercontent.com/-1Npfw9wxsjE/AAAAAAAAAAI/AAAAAAAAAAA/AMZuucnO8rIUqeFxsGGOu3LztodrZXUBdA/photo.jpg,"I wish it had a pass & play option, or an online option.",3,4,2.2.7,2020-11-12 21:50:41,"Hi Jeremy, you can play the game against other players on BrettspielWelt https://m.brettspielwelt.de/",2020-11-21 14:21:59
gp:AOqpTOHOckcL0e6KPnLY6KxKmZnty-Bm_P2bf2CoNpBXDhNZ3VQft66ZFC1AQXhN5O_1-2s0PKQ-dgYhsZ_VHg,Arron Throssell,https://play-lh.googleusercontent.com/-x7OSViz_gwc/AAAAAAAAAAI/AAAAAAAAAAA/AMZuucnwFQvOOnmScdK004Fq-qPkDCXRzw/photo.jpg,Needs an online play,3,0,2.2.5,2020-11-10 13:54:40,You can play the game against other players on BrettspielWelt https://m.brettspielwelt.de/,2020-11-19 13:03:08
gp:AOqpTOELdvhEZxpFFoxcasFqPU_kIh_1O8v2afJirrLGRbVs0239qrGf6VjziDj72UMrcnrGkrjUXqnkNgKpqA,Jamie Bishop,https://play-lh.googleusercontent.com/a-/AOh14GhV8bG5yTWU7KFSS0maCc_TW7WEsZJOaeyspRlX_c4,"Great game. Would love to see an online mode, but happy with what there is.",5,1,2.2.5,2020-11-09 14:51:45,You can play the game against other players on BrettspielWelt https://m.brettspielwelt.de/,2020-11-19 13:03:38
gp:AOqpTOEV0fXT3LQwiSwQ0QuNgrJ2IUEJ_pEklx-rthfQYBwDaGqHfIHUouB6qcrPatxI9G8TIVEo5HN8IsWIjg,Michael Dean,https://play-lh.googleusercontent.com/-bW64q6I5u3U/AAAAAAAAAAI/AAAAAAAAAAA/AMZuuclVhpyldUUKjHetUa4e6bnWa2kN-A/photo.jpg,It's OK. The only way to learn the rules is via the rulebook. How to use the interface is just trial and error. Some sort of clue when you touch a particular area would have been much more helpful. Only 3 games in but still unsure as to how I score or what will happen if I choose a given action.,3,1,2.2.5,2020-11-08 10:48:07,,
gp:AOqpTOFKeqZL1_RCmb8YWe-uKNTdC26XzHvZds9hkn1_WaQYLmF2OwYcnIs-vMV4RTr0XqJjFPhpJYMAjxFolw,Dennis McDaniel,https://play-lh.googleusercontent.com/a-/AOh14GjhTsRMm5EMOX3YdMfwdaYxWvhR2s510X2QEh09Ug,"A great implementation, if only single player. However, achievements don't seem to register.",4,0,2.2.5,2020-10-12 13:22:17,,
gp:AOqpTOFA0AG64mgznmIvJH5sY0KmMTtVWwiD-ae2piUi6k_VbSHLrZjNh27Y3lk2alUvZyesruIznyJzeG5M8A,Kathryn Miller,https://play-lh.googleusercontent.com/a-/AOh14GiBe7L-gOpkcXyjGVxL_Ig5DUQLB5pcTk5JYSzkMQ,"I like this game. But I can't change settings and it makes this annoying ""hee-hee"" sound. You can't pause a game, or go back to a game you were playing.",3,0,2.2.5,2020-09-02 20:37:53,,
gp:AOqpTOFt-MgvT4VGXwaIa9sW4ZRsSSCmoyVxtz2Ss49OiHOhqIlzY9CIEENF3AZ8AvDgJPYJzW4dZXUOcTmO4g,Lisa Hansen,https://play-lh.googleusercontent.com/a-/AOh14Gg_EXJXy4yE8LnLDCRUsy0KdSHaCjq2O-hSohxATCo,"This is a quick ,fun,challenging game that I love to play while I'm waiting for anything.Doctors visits, long lines,or any time you want time to pass quickly.It is easy to learn and understand.I wish you could play against another person in the app.We do have a physical version, but you can play it anywhere on the phone and it would be nice to play together.",5,4,2.2.5,2020-08-24 15:01:40,,
gp:AOqpTOHt2IrCyQeQuyC6zgG-qSyx5KzrUV2eUQad4qU2f7K2VhpzhGQ00FolzGKDENibRwpR_g3HJgMl4tUvBg,Casey Baines,https://play-lh.googleusercontent.com/a-/AOh14GielABNG5U0GBxOTo9uc6Y7JJbJUwBR2HayPlyuWg,Such a gun game... we need multiplayer and then it would be perfect!,5,0,2.2.5,2020-08-17 19:58:17,,
gp:AOqpTOH1M_VkqZ-YkUiWN8gz8jA4WJ_HQSP-nXyMR0vg6blLHDfNmGWN5dJQMZdQDQ4WP11Lhzc5OpGY-xYiuA,Hannes,https://play-lh.googleusercontent.com/-rA_UCHU4j6Y/AAAAAAAAAAI/AAAAAAADdeA/AMZuucl_sr6lIJeAyhaiNeMYpNBdtAtZHw/photo.jpg,"Das Spiel Ganz schön clever ist einfach super und das kommt auch in der App durch, auch wenn diese ziemlich lieblos gemacht ist. Die Steuerung ist umständlich, die Zurücktaste von Android wird nicht unterstützt, was dazu führt, dass die App direkt beendet wird. Während des Spiels kann man auch nicht ins Menü, da sonst die Partie ebenfalls endet. Cloudsync gibt es natürlich auch nicht. Die Soundeffekte nerven nach fünf Minuten. Eine Rückgängig-Taste gibt es auch nicht. Für drei Euro zu wenig.",3,0,2.2.5,2020-08-15 15:00:33,,
gp:AOqpTOGXhrDCADH8kWA-UJR0s7pXZRtcldz7UWzn0ff-eaHoYq4mQvaDbczzY-U6bih6lusvxtf95qubG-NTuA,Simon Curtis,https://play-lh.googleusercontent.com/a-/AOh14GjmaUp-jG3JkwlnwsEiH_SV9DKLNOxYSFan6zN8,Great in every aspect,5,0,2.2.5,2020-08-11 07:03:26,,
gp:AOqpTOG5bhoD7Z2ayiwpjANIMqhRFnHquspY52NDOpmgBgmcUcWPoKA8sY-nC_Ufiy39Nl1HjqF1j1XjJ-Lksw,Dennis Sarkozy,https://play-lh.googleusercontent.com/a-/AOh14GgsxgVuWKwYpy_Wud0wfapA5ZRwZwFLwRpXoHKKkR8,Seamless gameplay to learn the moves and mechanisms. Simple controls. Pretty straightforward.,5,0,2.2.5,2020-08-09 13:11:31,,
gp:AOqpTOFE1gkTn5KQ5oaxYZMMpq3u-ss6zAkhs3_fLyjsWJg1TglOw5eOFM_C9CDdV7F-A1ET79ahNx5091N__Q,Claude Bridges,https://play-lh.googleusercontent.com/-hvgBiufisQU/AAAAAAAAAAI/AAAAAAAAAAA/AMZuucn3mzPAVArAuJEOM0FMfvzzq3g5NQ/photo.jpg,Superb implementation. Replaces the physical game completely.,5,0,2.2.5,2020-07-31 17:56:55,,
gp:AOqpTOGoW5C3SIo73tQWfDGCCWA764VI4uDMFUReG_6y3dHnOngoPa5GQqsMXzS5-2bZkupI4e3N-eSliamztA,James Bellarby,https://play-lh.googleusercontent.com/a-/AOh14GhYm_fQkuRzdXznbp2uGl2OV70Y7Dn6gu1WmFTSww,Great game and good implementation,5,0,2.2.5,2020-07-28 10:24:32,,
gp:AOqpTOFFpw4MF_jAXnwncEHMTEitK6IWTpd9J2Wadm0Tfr-ZfQLybpIgrKj2VJPSz9ZScRfXWq37tsSaulSx-Q,Kerstin Heinecke,https://play-lh.googleusercontent.com/a-/AOh14Gh5E-xSnhmB2bU9nZGvlT1VioJ6k-g63zFjnWqjzQ,"The game is amazing, but once I am in the game I can neither change any settings nor restart the game or go back. Additionally, an undo button would be nice, as touch screens do sometimes register the touch on a neighbouring field, which is sad and combined with the lacks stated before, a little annoying. I would largely appreciate a change!",3,3,2.2.5,2020-07-12 21:53:56,,
gp:AOqpTOFEsJ_yXgQHcSnQPCHnWGMr6dzoQ13t1Swoo-MnXYuj48tffrEmOv9ASJdOdHNH_F-5_mW-l_x_qj_1bQ,Chuck Wade,https://play-lh.googleusercontent.com/a-/AOh14GiQDQsVuTIDQVp4sfbj7C5dOOSNlEHRKE1SjiSRhg,"I'm still learning the game, and it seems fun; but it seems weird that it's only solo. There should be an option to at least pass and play. It would probably be 5 stars if it had that.",3,1,2.2.5,2020-07-01 11:08:33,,
gp:AOqpTOH9syCntpIXfkA0FMZiOC6khhT5Hb3VARryb4d3fRUFrpLQlhQzCw17aSVaigTgMhQINHqiyjwiChUzgQ,Henry Propper,https://play-lh.googleusercontent.com/-o796KWuEEZY/AAAAAAAAAAI/AAAAAAAAAAA/AMZuucmlm3WmjkD8EMqVdXcAXrGnSyDv6w/photo.jpg,Great game once you figure it out. Definitely worth the price,5,0,2.2.5,2020-06-26 05:54:39,,
gp:AOqpTOEQI5iDXvsPEQ4pQNkCe4J2gIG2oH9ITg-tUplUFWMavS5-SM0rRtALP7cjcjcU-Z0UGIFWJk9XH2czzQ,Trevor Schadt,https://play-lh.googleusercontent.com/a-/AOh14Gh-VYbc3Vlzpu7zauwvvLnpsJy-sX4SzOd8xzkXEQ,"All in all, a great game and well worth the cost, even if it's only solo. As others have said, I would love to see a multi-player mode (even just local!). Also, an undo function would be fantastic for when I fat finger a selection!",4,4,2.2.5,2020-06-23 14:05:38,,
gp:AOqpTOGh1x5TFbH33am06M4Uaje2RZMEKok8m9qbuI_j97QmmGoDtKtfvO_70iix_Xm7p2XxFPTLEGbEkvoDXA,Eric Carlson,https://play-lh.googleusercontent.com/-efs8XoF4Ta4/AAAAAAAAAAI/AAAAAAAAAAA/AMZuuck1N05zjT82MIfopOuMjJh-_plGnA/photo.jpg,"UI is bare minimum, to the point that it is harder to learn than it should be. No frills at all, like animated dice or anything. It is functional, but bare minimum implementation of the game.",3,1,2.2.5,2020-06-11 16:10:24,,
gp:AOqpTOFvvNVwCORtGMLf3PWPAjVOtcj1pdX5L4orqrMKZSKGyacI3jHP397NxZUXaDKPMJhYBn2W_xm_TREkjg,Lou Parker-Jones,https://play-lh.googleusercontent.com/a-/AOh14GjEQ2KfmFHFzw5pty4tH3Yewhh2i3AStQu6Jtg-cw,Brilliant game which is quick to learn but takes ages to master - yes there's an element of luck but there's also using probabilities Gear fun,5,0,2.2.5,2020-06-08 05:09:49,,
gp:AOqpTOHuOBUSBak94TlbInEPyc-BNPGAorDK_PpLIcxwi3end-9b2IekqI6-gZsQmv9cKKLst_GKSPEg_tqtTw,Matthew McNaughton,https://play-lh.googleusercontent.com/a-/AOh14GjUI2qfBuawmXGnIWYISAnxpWNu6Scm8XA3RCZiUA,It's the perfect game. I'll give it five stars if they include a feature to automatically show you each section's score as you play the game.,4,0,2.2.5,2020-06-06 06:15:55,,
gp:AOqpTOF2954rhUPd6GFdD9HNmAhpaxAXWpl8lBG5KqXu-d2xD4XrLvYOIc7ISFQ7-5VuxkO_KYvDixWV1qH_ag,Brian Ip,https://play-lh.googleusercontent.com/a-/AOh14GjA7GtTVhd2EGWmV0P1F4Exon_NvQk4IcgJUxRN,Enjoyable quick little brain teaser on optimizing bonuses and points for chains,5,0,,2020-06-04 01:50:08,,
gp:AOqpTOFFRN_rYwXv5OFSWagGWwhtVfje_ozTRsOjYMDQ54teV-O0z9Lg5wuIifE10QjIyJ4zs4HnSHUSVF78gw,Dave Fuller,https://play-lh.googleusercontent.com/a-/AOh14Ggx_xH4sI81xXok0ryDn-5voMP14xnmu46dmev5Rg,Good quick game.,4,0,2.2.5,2020-05-21 16:12:19,,
gp:AOqpTOF8vC5Bw66gCIWBV8SjROulBCtcRGp5gzbNpeejHPLmLr0j-CcE9yOlzxcXeufyB6ErjNe68UKE4alvLg,anthony backhaus,https://play-lh.googleusercontent.com/-yFAswZ8nUvc/AAAAAAAAAAI/AAAAAAAAAAA/AMZuuck78eFgPh7nkk5N5t45pljrfa0L8w/photo.jpg,"Very good game, nice app, but doesn't save all of your scores. Only once in awhile does it add the score to your recent games list.",4,0,2.2.5,2020-05-16 11:37:34,,
gp:AOqpTOGzQw5F3YyVAH8DXUKn9TCU3yJa8IgaWB3j5OrHOxsv4uc5jREfdN4LqF4BefVPK17z0OfTvIsm-Vjsrw,Harold Hoop Harper,https://play-lh.googleusercontent.com/a-/AOh14GjeL1S67f1KZULfPja2-WX_xheSsyMpYAlRHZvgLQ,Quick pick up and play roll and write with choices to make. Getting late game combos is the bomb!,5,0,2.2.5,2020-05-15 05:37:29,,
gp:AOqpTOFbDO8c66psZAYs3hNN1cPM9OM9QOdw0a4lTWibwt1vMe4dWOsE4yfjH3N1OScm_qHGnPm_Od4ESprxBQ,Jeremy Fox,https://play-lh.googleusercontent.com/a-/AOh14Gg8AJtMaFVonACmcqWLf-8YqZkVQwZLG6iZ3yCtHg,"It has been a lot of fun. Played dozens of times. Only problem, only 1 in 3 games save into my history or high scores. Doesn't effect how good the game is, just like to see all my scores or personal best registered on my own high scores.",4,4,2.2.5,2020-05-08 10:11:36,,
gp:AOqpTOHee5EIEoG2rNw_NMhCSNI-JX5ZCaLEGxrY4vn1IMU7Dt1pTqEQdLgSRoM-vLCNdQnoTn3E8cnbuDWcHQ,JJR,https://play-lh.googleusercontent.com/a-/AOh14Ggf9vyWEB2dz4vFLm8GwEdwPf4N-RJVqEyALrO7bQ,"Great game, but the Dec 2019 update has totally broken the app. Didn't recognize my email, pushed ads, now doesn't even load a game. Update: Problems have been fixed.",4,0,2.2.5,2020-04-22 23:34:15,"Hi Joseph, please give the actual version a new try. We have updated our servers and everything should work fine.",2020-03-09 14:24:43
gp:AOqpTOGAWx9A2RCwvgWy6UR_PNMGouLrBteKY52Ehmn4HJfaMBiTCZyT_azKg42RQKL4nsUpUJwMF9YioYLfwg,Shane H,https://play-lh.googleusercontent.com/-8HpmvXqq4Cs/AAAAAAAAAAI/AAAAAAAAAAA/AMZuuclJ1eFH7cUjItfwe9ubmmRzJJg2Hw/photo.jpg,Fun game with good replayability. Well implemented.,5,0,2.2.5,2020-04-21 16:34:32,,
gp:AOqpTOFDdP1TWeNiyTYvv2r4CDTF3w1GZw1oEmf87QmfXxD_HiTswZ_bXE88Zbohv957_pf9aWo805mSvKFz2w,Robyn Zwicker,https://play-lh.googleusercontent.com/a-/AOh14GiqjM2vViGoR5VW-KeTRbfbm9l-IEhn6FbxDsbTpQ,"Good game, but cannot rate the game higher until they add multiplayer",3,0,2.2.5,2020-04-19 08:41:06,"Hi Robyn, the game concept was to have a game to play it fast and everywhere at every time. You can play the game with other players online at https://m.brettspielwelt.de/",2020-11-20 01:13:32
gp:AOqpTOHsptkG9hW6_GganFXQ-vfbTqh-qKGdDQ6hhaHixjz4LT7_t_RnNhDc2XIEVhh20W2USHlNjX-p4_DOYQ,Cameron McAra,https://play-lh.googleusercontent.com/a-/AOh14GjLA9vPhFVFqJ94budEYGdWGrByG0ydTSEMTKA2fg,"Although I played Twice As Clever first and enjoy it more, I couldn't get enough, so I purchased That's So Clever as well. I love it for the quick play, the strategy, replayability, and fun. Such a great set of games with amazing design.",5,0,2.2.5,2020-04-13 12:26:00,,
gp:AOqpTOGO-Q2EhwwKvm-2fQQzfVvA-ntD3eI2RqPCmd6SJuojo4895Gi7dROx20fMougSzMQQtd3U92xGK9hMAA,Theta's World,https://play-lh.googleusercontent.com/a-/AOh14GiYVbsGcgtTD44Oqbk81I7pxWSaDRBU8WFdBmzU,"Great app,an update for multiplayer, either by internet or by pass and play would make this even better.But I have found a bug. At the moment you have ended your round and before you press the arrow to see the dice of the ai that you can pick, if you have any rerolls left and you touch the screen in the exact space the reroll button is positioned(not visible now)you do reroll the dice although there are of course no dice since your turn is over( you even get the sound effect of rolling the dice)",4,6,2.2.5,2020-04-12 08:56:41,,
gp:AOqpTOE9R-x1escqmTF95fmwbWlhp6lgKQOpUJHpgQ12B1977INJrDejcg7DInVmf6GzYPh3Hnv9Nstpl9O6nA,Gail McClure,https://play-lh.googleusercontent.com/-v4vIgKWuarQ/AAAAAAAAAAI/AAAAAAAAAAA/AMZuucmut8trll6cXfFbbC34qjwrzNNk1w/photo.jpg,"Played the boxed game, and enjoyed it so much, I got the mobile game. Fun to play. Try it...you'll like it...",5,0,2.2.5,2020-04-10 16:35:47,,
gp:AOqpTOF3-vjmghczLvtatf0k-YWjdv358XdC-zJupYTP73eYHvV2xFU7WnzzbXKsu5T6Iyu6F6oL3hF-qunbWg,Michael P,https://play-lh.googleusercontent.com/a-/AOh14GhU6vEChObczXPbVNfMVo3tb5EYr3-roaEH6xnq,"It's a fine game. However, it's gotten wonky and often won't load after the landing screen. IMPROVED.",4,2,2.2.5,2020-04-05 10:21:20,,
gp:AOqpTOE0_HWfGk82Rm6QW6ACjY8R1jnuBUEcObMhW5E1qaF-YotOilgXdKP0IVY2zkYnNXaIReBGzmN32J-F1A,Keith Little,https://play-lh.googleusercontent.com/-R3scYk3RJX4/AAAAAAAAAAI/AAAAAAAAAAA/AMZuucmSi6jXtKtQ08zcBOBEzIRosUQ75g/photo.jpg,This is a really fun game. I've been playing it quite a bit since I got it.,5,0,2.2.5,2020-03-29 09:04:18,,
gp:AOqpTOGWik-Z4BEL3U1HcLJZAVACfd63D9aUObLHNSXqXeR23UwvE3-dhzP-VwkPYhZ4eGexJnrvTOZuVssm5w,Justice Hemming,https://play-lh.googleusercontent.com/-OmEqWIg_C8w/AAAAAAAAAAI/AAAAAAAAAAA/AMZuuck-voRy3w1VnCHUFWFLOYoa1uhY8Q/photo.jpg,It's a really good game if you like roll and writes. It's simple to pick up and play. The only problem I have that makes it really suck is you cant set the number of computer players and you can't play multiplayer. Neither online or locally.,3,2,2.2.5,2020-03-15 19:36:55,,
gp:AOqpTOFJkDGhXX5oEiC4WpLAZScjnq9tUEQQZHh7MBki1u7Fs29lzDzdOapCN2p-KdzZsBs4nI1snvHlumpJpw,Robert Holland,https://play-lh.googleusercontent.com/a-/AOh14GgAEC22HGY-ztUGShbRcuxsw97YAYmNHs1o8EZ90wY,Clever as a fox!,5,0,2.2.5,2020-03-14 13:06:45,,
gp:AOqpTOEUaRIkJB9XPlW4Z0GGYM-_AZAize2f85OeN0HUA8vXwnmS69O16IRyRIBdddMi4e5TSuDdzsSMEgT1rQ,Ricardo Consonni,https://play-lh.googleusercontent.com/a-/AOh14GisuptIrVfkmhCJZw2HGr-FP14h4LhMmgBskOXXMA,"Rules are terribly written! I read them several times, and I'm not quite sure I have fully understood them.",2,0,2.2.5,2020-03-11 21:00:37,"Hi Ricardo, I am very sorry we did such a bad job writing a condensed version of the rules. Please refer to the original game rules which you can find online in the iNet",2020-11-20 01:15:55
gp:AOqpTOHWMCoZiBkKhL3s7ywGGsuvJNUonBuVHZX0LznLVRTv7WkpLx80FSJYt0AVXUhhn3ym96vxiT-DdsCiFg,Paul Serafini,https://play-lh.googleusercontent.com/-Ah8wCORG4zM/AAAAAAAAAAI/AAAAAAAAAAA/AMZuucm9NFTmm6hyBYsDaDTP9KL15ATYYQ/photo.jpg,I figured out what is going on with the leaderboard issue (mentioned in my prior post) - Challenge 2 stats are being saved to the leaderboard for Challenge 1,4,0,2.2.5,2020-03-11 10:45:59,,
gp:AOqpTOEurX-KzYcOrCFEXt0PH4DGX30ZR5-7QkpQ7AoBpq1SHjjXSjen_1IBpP5Y-QDOvdyUZ4sYk9fdBmnlBQ,D Dolly,https://play-lh.googleusercontent.com/a-/AOh14Gjx8nWYxUFppYKQsIdFVgfGPcU2JLaeUFVEYzbRqw,A brilliant game. The only downside is that it still doesn't save games and achievements if you are offline. *** I just tried playing offline and that score is not showing on the Your Last Games list ***,5,2,2.2.5,2020-03-09 15:36:29,"Hi Dolly,
we fixed the problem of not saving the score if you are offline. Hope you have no more problems anymore.",2020-03-09 14:36:57
gp:AOqpTOHWhdpp75t04ciPeEPjpNK2ubQRebSWrZTt6kMfqLkT_g-7HKOA6mbOtFVFgmMM8T6MLqHa90Nlyp18_w,Alex K,https://play-lh.googleusercontent.com/a-/AOh14GhNgb0nn7xoOyXsezaGTTE2dgT5XqX-WhwtJTQKag,Update seems to have fixed crashing. Good game.,4,0,2.2.5,2020-03-08 12:36:22,"Hi Alex,
if the problem persists in the new version 2.2.5 please contact me by email, so we could narrow down and solve the problems you face.",2020-02-10 12:44:04
gp:AOqpTOHbdLjFBSQWRMzkmiNaaepHyz_t15tRxIdRPsCvOHlMJJ1hJc2e7BGxSKWlJzYFlBrU98bDCjBb_BXvcA,Louis Counter,https://play-lh.googleusercontent.com/a-/AOh14GhwJOEp-wgfi9Q_z0LnTw5qLmno8d2S-pk9O_ks6Q,I love the physical version of this when playing with other players. I'm enjoying the app a lot but don't find single player quite as entertaining as I thought I would. The app is a well designed version of a great dice game though.,4,0,2.2.5,2020-03-08 07:08:59,,
gp:AOqpTOG8N7d0XlcyqQ3AoHDJFdtWEFYKuAF90--HbNh4bIGi6DhdVsvUlRhM67pAHbLHIuXfTrqWmvdF5WwBkg,Sylvain Maurel,https://play-lh.googleusercontent.com/-0jxM6dT7EhY/AAAAAAAAAAI/AAAAAAAAAAA/AMZuuckj_gE5VJNUO38xDCIyv87S4T-6IA/photo.jpg,"No matter what I try, the app stays offline, so playing alone gets boring pretty quick.",3,0,,2020-03-03 05:08:17,,
gp:AOqpTOEXuDjD3wXEpwC78_VISOiK7OegORsG_vs5hfOUrk7O8iTWf2S_fWVwAXHzL3PjGL6UI7dmj4zIBkdIkg,Donald Douglass,https://play-lh.googleusercontent.com/-nRJNHZkx83A/AAAAAAAAAAI/AAAAAAAAAAA/AMZuucmsHO1RJIYxblLCKWpFvbUFdGVuWQ/photo.jpg,Quite enjoyable. The feature to go to the main menu from the current game would be appreciated.,5,0,2.2.5,2020-02-28 20:58:23,,
gp:AOqpTOFfpf3OS068GG9qyNo-dGoxrLNmlzJA4rKH28gI0UHjffHC256f17xyQd9a3jHzCTRpqd8hpr3W1owOmQ,Jon DeYoung,https://play-lh.googleusercontent.com/-PYBatwbAC_M/AAAAAAAAAAI/AAAAAAAAAAA/AMZuucncsTe4dztqGAX4cJOtMIZYJAJ0sA/photo.jpg,"Great game. The reroll is broken. Half the time I use a reroll, it comes up with the exact same numbers on all 6 dice, a statistical improbability.",4,0,2.2.5,2020-02-25 17:01:28,,
gp:AOqpTOFtPGxwuGcEAX7mn1pTf60Ja6nUu6m1HJJSQJq9cP1tICqW3YC59zgjnyuYjVmwFF5X5tQIj6AlsN6iCA,Roman Peselev,https://play-lh.googleusercontent.com/a-/AOh14GiRN6v7sponOYAvcNMrhX3mP2iX4AtFVMWgnysr,"Good game , sadly no multiplayer",5,0,2.2.5,2020-02-24 05:52:18,,
gp:AOqpTOFVNvYdQ_UDmXT0WOJ7diZ6EAGvc2Quktjh2q74-7GngCKaey31snVEpyK17btJyw1j7BRQGSxxMLe-WA,Patrick Wilkinson,https://play-lh.googleusercontent.com/a-/AOh14GhCwBPuwM1JivRXNS6_sKCPQ6TZG2bWykLYAWPy8A,Why haven't you made this (and doppelt?) multi-player?,3,0,2.2.5,2020-02-22 11:33:15,,
gp:AOqpTOGAnPDUCO-Tal6xC0TKw_HRn9DAN2eHLY0pPiLaa2XuyukQRpvZCABIKPxvNIXMCjMm0kqSixZVLg85og,Volatile One,https://play-lh.googleusercontent.com/-QuAYqd31Wz0/AAAAAAAAAAI/AAAAAAAAAAA/AMZuuckllKLqlG_iMyZ3D-hMOFqBMe1p0Q/photo.jpg,"Great game, even better than the original. Games are quicker than the dic4 and paper version, choices are hard, we get new challenges. It's all around awesome.",5,0,2.2.3,2020-02-21 08:07:01,The new update should solve this startup problem.,2020-02-10 12:35:30
gp:AOqpTOFK7MB3iDJ-KgikF36MQ2l3jCuYXXalca2P4OW0xi521jX9FUG8039ZDxA8tOydw6TSqgXdp8enmQL1mw,MissBlade,https://play-lh.googleusercontent.com/a-/AOh14Gj2u1cFEYgtuuQd2hy20v6hj__faUBDuR1vCvH47Q8,Excellent. Love this so much I've now purchased the physical version. 👍 The only negative is the rules aren't very clear. But it wasn't difficult to find a full version of these online. Boardgame geek website is helpful. Now I just need to figure out how to score above 250!,5,1,2.2.5,2020-02-17 12:09:36,,
gp:AOqpTOG1BGaIYi4dNePY5IQnErDp-l5z83I_wxFGWBg_EMZFb_HXtHlAYemHMWoNE8f7gWknwvgzsKTQ-gc0CQ,Tobias Wesseler,https://play-lh.googleusercontent.com/-sNeDXU2Mxrs/AAAAAAAAAAI/AAAAAAAAAAA/AMZuucmmrjybTWHlP9Fw_G1ncrVeTFhC3w/photo.jpg,Update: The error was fixed. The app itself is quite fun. Unfortunately the user interface lacks basic features and standard behaviour. For example the Back-Button immediately quits the app and cancel game progress. There is no way to resume or pause or cancel or restart a running game. Ideal behaviour: Tapping Back sends you to the main menu while saving the game state. Then u could continue or restart from the main menu. Original: App is broken. A new game won't start at all anymore.,4,7,2.2.5,2020-02-11 03:32:27,"Hi Tobias,
hope your problem is fixed with the new version 2.2.5. Please let us know and/or re-rate.",2020-02-10 13:01:53
gp:AOqpTOE7rP0HngF96yAdc8-uDj6lzDAtYWhgEuioF8U2tyZi9dDdQFLWytmWv6E5QXOP597W7s91X_KHlRhu_g,Hans Engelkamp,https://play-lh.googleusercontent.com/-SoNGRnfq3cE/AAAAAAAAAAI/AAAAAAAAAAA/AMZuuclRba4cR6HFLJMimodNQlpAJj_E_w/photo.jpg,Almost never works. Stuck at gray screen. Please refund Edit: so far the game started normally. That is great. Now only the achievements should be fixed ( does not match high score at all) and this challange 2 should be explained before having to pay,3,0,2.2.5,2020-02-10 23:38:12,"Hi Hans,
please try the new version 2.2.5 and let us know if it works now for you. We tested the game on Galaxy S9 and couldn't see any problems there.",2020-02-10 12:55:08
gp:AOqpTOE6M_IhS6jq9B4lM_oWx2QX2uqyBna3AGlB2cN4xSTeGZLfUuLB0D8suMEvsFGarx9nyLXHI1-gwRyR6g,Juan Antonio Becerril Nistal,https://play-lh.googleusercontent.com/a-/AOh14GgwbvmWRZFEJ2-0dnleWjLhABHnVhHeSOGeXnnOwQ,"What can I say? It's a great game with a great customer support service. I had a problem, they fixed it and they let me know. Now the app runs perfect. 5 stars well deserved. Bravo! Old review: ""It's an awesome game but the app constantly crashes.when they fix it I will change my review too.""",5,3,2.2.5,2020-02-10 13:10:29,"Hi Juan, hope the new version 2.2.5 will do the job. Otherwise please contact us at alex@brettspielwelt.de so we can try to find the problems you face.",2020-02-10 13:04:11
gp:AOqpTOHjou8vxyQVb-Bv0n61mHDOb2B7oN35vTcE5--wz8HGHlGVkVX3IddQIRrRjtL5p_NrdraYvvDSHKYzyw,Brian Laub,https://play-lh.googleusercontent.com/a-/AOh14Gjgr4jRyCIPYFFdjJXXtMffqXqQdrv8ihJ4waBATAs,Game frequently hangs when trying to start a game Hard killing it and reopening the app doesn't always fix it. Game froze when I was 90% the way through. I also wish there was a mode for 3 or 4 players (even if they were AIs) Pixel 3 XL Edit: played 4 times. 3/4 times the game freezes in the middle of the last round with no way to recover. Infuriating.,2,0,2.2.3,2020-02-07 03:05:47,The update should fix the startup problems. Hope you can enjoy the game more then.,2020-02-10 12:36:31
gp:AOqpTOGxC6i-Xk0slXPa-fPmkJELaS3KBK45dxMHPbiU1vmgyM9VIP1p6Q1BeWKe272jRHHL-PGbwgsSeV4rJg,Petra Nordlander,https://play-lh.googleusercontent.com/-azARbOrGKqM/AAAAAAAAAAI/AAAAAAAAAAA/AMZuucnTrFvaTLZ8g3NtwMWw7I98rq3pIw/photo.jpg,"Love the game but am stuck in offline mode. Have tried a thousand times to enter my email but to no avail. The few times I've gone online the last month and I play an amazing game, it is not registered as I've gone offline during the game... Same problem with the other version of the game as well. Makes it less fun to actually play. Have tried to uninstall and install again but no luck at all. Fix the bugs and you have a fun game I could play forever!",1,2,2.2.3,2020-02-03 12:02:02,"Hello Petra, please try to clear the memory/cache of the app (in settings / apps) or try to uninstall the app and reinstall it again. If you have problems connecting to you ""old"" account please contact us at alex@brettspielwelt.de",2020-02-10 12:38:57
gp:AOqpTOEmCwXp1QZa3i8TQypQAak5y2xGpfcXSNoQ7FVgB7nOYaHWTJR83E0nPhpiWB7E9ZXWyC5u6EK6LghvMQ,Meghan Birt,https://play-lh.googleusercontent.com/a-/AOh14GjRuXDOYgSJZBGb7zz24l0vJ7gEDtxzY5q4mmv6Rw,"Great adaptation! I just wish there were a multiplayer mode so my friends and I could play together. If it had that feature, it's easily be a 5 star game!",4,0,2.2.3,2020-01-22 11:00:45,,
gp:AOqpTOECAOPGzOyt31aYfrOHaT6EMeHljC9u7Tm-PesElMTkCJEA3UpKU4sqmy1mDVcNYb_OZ-yA4Hw5dWGDRQ,Matt Kiser,https://play-lh.googleusercontent.com/a-/AOh14GiVz2aOEIroapHgtLP5TlTGIWohesBzFnXzmF11,"Poorly designed app. Frequently fails to record scores; so, high and average score tallies are meaningless. Fails to log completed achievements; games played to fulfill specific achievements are a waste of time. The app is very rudimentary and clunky; user interface is subpar, below even many free apps. No undo option. Gameplay is static and monotonous; no variability because there is only one play mode. No AI opponents, no pass and play option; not even challenges or puzzles. Waste of money.",1,2,2.2.3,2020-01-10 11:10:49,"Hi Matt, we had some Server issues, which we have solved now. Definitely better now. Please try and give feedback if you like.",2020-03-09 14:23:23
gp:AOqpTOEysVH3dZ22EjqJ8JOjiV1Mk5RjxPQ95BwypjQHWoJPLyMSEYwSr0p06C15PPMm_fZmclFz04SgFoycsg,Dean McKenzie,https://play-lh.googleusercontent.com/a-/AOh14GhzYzVdHkmzIAiS8EFA-jeqfZf6fCCdKCcc33kpbXs,"I enjoy the game when it launches, but it almost never does. It'll take me to the splash screen, but when I click play I get an empty screen with just a background. Clicking back, exits the app. Avoid until it's fixed.",1,1,2.2.3,2020-01-09 06:21:36,"Hi Dean, hope your bug is fixed in version 2.2.5. Please let us know and/or re-rate the app.",2020-02-10 12:53:33
gp:AOqpTOGfM1nF46uvD_jO9CyOTCgJCFlrsnE5_cclen1dcAlmwzojKvLr_CpE4jODSAjLT66eTjin8gFWd8kXHQ,Scott Zaremba,https://play-lh.googleusercontent.com/-9JnWwbR83s0/AAAAAAAAAAI/AAAAAAAAAAA/AMZuucl3pwBm9qYKwYrSRwYOxG4Qedn1VA/photo.jpg,"Needs multiplayer and pass n play. Big issue with me, huge.",3,1,2.2.3,2020-01-07 11:33:12,,
gp:AOqpTOGU2mmewoInrLZzvL731pQgrjTnYQoHyik9Gg8g-ehYNFu02x9LrrT0do2gaYBV7IdFsc2S6ytuA3XI-A,Michael Hastriter,https://play-lh.googleusercontent.com/a-/AOh14GjMvlCXLY6vhJaH11cit0YaAAe1DjMFOlJV5TChHw,wont start,3,0,2.2.3,2020-01-06 06:38:11,"Please try the new version 2.2.5 which could solve your problems. If it does not work, please conact us at alex@brettspielwelt.de so we could solve the problem.",2020-02-10 12:57:38
gp:AOqpTOHN7MjWpN2X1hpeBIzsxt0IeRIztCtSK4ghLnbMRmNfq0DwPyoWUKoCNl414nka9DLtICa7P-j2vku6LA,Anick Duchesne,https://play-lh.googleusercontent.com/-j1uDUpMRL1Y/AAAAAAAAAAI/AAAAAAAAAAA/AMZuucl0ctk9Uz14kCM2mtJQ02x1UDcVBg/photo.jpg,Cost 5$ and the game is poorly design. I refunded the game for the main reason that there is no options. -You play against 1 AI and there is no way to play against 2 or 3. -You can't back from a game with the arrow in the bottom of the phone or the game close. -When a phone game cost 5$ don't put ads about other games that you own in it... Otherwise the game itself is awesome.,1,1,,2020-01-03 22:10:26,,
gp:AOqpTOFz_25tKkLqMaIMOAvAahch6ZDfuPumkTKRCxK3VZCbd5heBQkfGKQfghfdFeYH6zH_gNpK-Xh-UfT_CA,Adam Bullock,https://play-lh.googleusercontent.com/a-/AOh14Gj5AS26c1Qf2M_onth58Yk-0lbp73Nfx1JFoJ386Uk,"Awful, How Do I Even Play?",1,0,2.2.3,2020-01-03 15:17:41,,
gp:AOqpTOEX0VP6eC1rk3FwHTvJTIl954LAJuMsohAhwO2ykweaYb-5wwoRgIKfHae43wBeyKNTdcLuTIc7VB8RVg,Simon Hurley,https://play-lh.googleusercontent.com/-qGHU_1FMdIk/AAAAAAAAAAI/AAAAAAAAAAA/AMZuuclJ3qW-8GX9zXHnxWgu4wo0Ho6GhA/photo.jpg,Brilliant little brain teaser. And probably more accessible than the physical version.,5,1,2.2.3,2020-01-02 08:47:07,,
gp:AOqpTOFoGerg001AyUqRHpe-U8DbzKgU3Ba5v2OJSuzl8fuuVCPf0tJW6Y-hN_5MH1ep_exz8IcToqlG47Syqg,Antony Duncan,https://play-lh.googleusercontent.com/-Ssf19D4ST80/AAAAAAAAAAI/AAAAAAAAAAA/AMZuucnqjs4jUf5cl-ACt9E_yey1q8TkFg/photo.jpg,"Edit: Lowered my score as they have updated the game not to fix the bugs but add dlc which flashes with a massive arrow in the middle of the screen every time you load up. Great game, scummy mobile developer.",1,11,2.2.3,2019-12-31 07:05:58,,
gp:AOqpTOGjLuT3wQB1kwhaIAcSLNRYZroAo9QShCrSnv1NKjOdI-t9daKpzGnDOJLz-xOwIvsaq9SIwA6WPEnKXA,Andrew Welsbacher,https://play-lh.googleusercontent.com/a-/AOh14GiS3PESe2toCXQwaPyP0PULGno-HrmHwnL-389r,Game stalls going from menu to the launching the game intermittently. Otherwise faithful rendition of the game. Wish it had a undo button to take back a choice.,3,2,2.2.3,2019-12-23 09:54:42,,
gp:AOqpTOErNV6g_Y-KyFt07ShkZij3WGXhis_uJ2r356s8cVnseDoqZAK5mgH5qemYWtMKTy0ogCpplY3oUUp7rA,Bruce Ulrich,https://play-lh.googleusercontent.com/a-/AOh14GgmeP4N_REWJywV93FDKwOWfz2OvaTvm-3Aer-8zA,The game is great. Love it. The program is garbage. It has forgotten who I am. So if I log online my email is unknown yet if I start a new account my name is already taken. Of course it is... By me!!! Very frustrated that I cannot Post high scores or compete online,2,2,2.2.3,2019-12-18 18:11:47,"Hi Bruce,
there has been a problem by google which ""destroyed"" some kind of persistent data. Sadly this bug hits our App. But we could help you connect back your account. Please send an email to alex@brettspielwelt.de.",2020-02-10 13:06:18
gp:AOqpTOFCW7z9MC2c5ex8m4IRbjFggk6obbUoTi1V194bKpoJ3HNZMKC5q6aN5XqMzJqHe_kKzALKIzvgZevRHQ,Liam Mulvey,https://play-lh.googleusercontent.com/-2IibtM1zUp8/AAAAAAAAAAI/AAAAAAAAAAA/AMZuuckP23SRSsR3Lk0GLt4n59cqqhhGmA/photo.jpg,"Great game. Clunky implementation. The actual game works nicely. It's only single player though so removed the ability to play with friends on a play and pass format. The main problem is the menus. The user login is flaky. If you're not online, it doesn't save your stats rendering then useless if you are ever offline. It's a shame.",3,2,2.2.3,2019-12-18 00:35:56,"Hi Liam,
Your scores and game data will be saved until the next time you have access to the inet, then it will be saved.",2020-03-09 14:29:55
gp:AOqpTOEPasXCek5uWKUh7EfEKsa9GH_6HC8kPB6PHfkajjBShtX3ez5i_7ghIxBL5AcfdESdyIUup-3LLEmCxQ,Adam Thorn,https://play-lh.googleusercontent.com/-XfsMsbRxz8E/AAAAAAAAAAI/AAAAAAAAAAA/AMZuuckI2qUUF5kLd0M-uGdqcIGB_z6kQw/photo.jpg,"I enjoy the game, but after playing about 100 games, I've lost my achievements and high scores, so annoying",4,4,2.2.3,2019-12-16 15:29:37,,
gp:AOqpTOHJzVB-77Xf_bGd3p-KmyhHb1kXXAEPaR5_vXu8gEK8qr5_mhym4FfMN-jdgGFwB3RSuNWQ0mESUFBxQg,Krystine Dumouchel,https://play-lh.googleusercontent.com/a-/AOh14Ghe1lcFXTNkFFZBCDjUnrMJRagn_kFFg2eRAnSLpg,"No possibility of playing online or as multiplayer (even if against computers/robots) - unless I've missed something. Therefore, in my opinion not worth the cost, and it should be free. This game is a lot of fun, but with other people. I personally do not want to pay for an offline game. Sorry.",3,1,,2019-12-15 09:54:03,,
gp:AOqpTOGgDcB6XwhNITRNNxeDi_wogUd9SorYpHp1y-A-FB3-wJUF8ASR_wjZ68KrTJYLiIxyGDZ5N2m8pnrQWw,Cliff Fuller,https://play-lh.googleusercontent.com/a-/AOh14GikfHyBM9uzj2Q_V3S-hKbbfEm3gVWbLjvUX9UrHQ,One day the app no longer recognized my email address so I uninstalled it.,4,0,2.2.2,2019-12-13 19:23:39,,
gp:AOqpTOHQYtCno0FhZqxTwB2pFr7i3RWz69FZXjDjUNkbGdm77a25uwCycNz_OCLdmcXD3mye0PeB6GT7OF7s4A,Ryan Wallace,https://play-lh.googleusercontent.com/a-/AOh14GheNvC9IICgo2qefomFYj6hGhIlGtSnqReR4KCl4g,"Game is pretty fun and addictive. Wish there was a way to save my high score, though. Don't really care what others' best scores are. Otherwise pretty cool.",4,0,2.2.0,2019-11-25 21:53:00,,
gp:AOqpTOF9P9_UMunqk-BAKFE_oHi8nfGdTJ6Yvo7MYgq69X3oplQb2xA1gareE08DbyEaWMRMFdPyHBcdYQRzhw,Karen Yeo,https://play-lh.googleusercontent.com/-YR1HZRlpQMo/AAAAAAAAAAI/AAAAAAAAAAA/AMZuucnV6uOBYANVWZ3vkcRhbdLv69GTOA/photo.jpg,Highly addictive,5,0,2.2.0,2019-11-16 20:26:52,,
gp:AOqpTOEGneiBkuhK88EVNV4aWfEorSzK8rwiPOHms6jAFM8OvPhc-BW0ooOMIvkiYegkyUgI3ikBLbHGpVDeyw,Sunny Neuroshima,https://play-lh.googleusercontent.com/a-/AOh14Ggp0FlnoaaTRHhxzo_ejG9dXRjEq_uAdnYQqLHD9A,Very good game once you get to grips with the rules. The in-game rules are poorly written/translated and the app badly needs a tutorial. It also needs AI opponents.,3,2,2.2.0,2019-11-15 01:54:09,,
gp:AOqpTOHIgMUlyxR1EdseWmEzF-RWcwgPFEwndn7eZA2oVa3ZTPQ9swLCuvkO-hbqxwkL9GFDL1sj6gruN1wGqQ,Becky Naughton,https://play-lh.googleusercontent.com/a-/AOh14Gi6wpMP_9tgufHE5aUOQdTrUDs67I3hdDNCfQhn3QE,"Fun game, but I wish I could play with others",4,3,2.2.0,2019-11-11 07:13:34,,
gp:AOqpTOHsgiQlO_sBnOJONwA27ivpWB5PKAo3sqoug6qII78D1PEmbi4gfZqspagPvVyR5oVSFLyEXEhJbwuP0g,BackCountry Blazer,https://play-lh.googleusercontent.com/a-/AOh14GivfUiTLfqauBaqMw_t9_FXCxPjiIyHqBEyHONme7M,Great Game,5,0,2.2.0,2019-11-09 11:54:26,,
gp:AOqpTOE-nNeJvLR1ZXanZ0flxAsYngV9nAxDAOHLkB5AWdUT7ZvhmroEnSXuxCA8gQ5XsYiM2v4WTJsh4YC86A,A Google user,https://play-lh.googleusercontent.com/EGemoI2NTXmTsBVtJqk8jxF9rh8ApRWfsIMQSt2uE4OcpQqbFu7f7NbTK05lx80nuSijCz7sc3a277R67g,I give 4 stars from 3 because you promised to add support for SD card installation. But I will only give 5 stars if you add multiplay on one device. It would be perfect for 2 people to play while travelling together in the train or bus.,4,7,2.2.0,2019-11-02 07:45:57,"Hi,

we will add support for the SD_Card installation with the next update.",2019-10-29 05:37:34
gp:AOqpTOH-2wIBQyqFYmgg0rsumKi3rzfruJdiI6DYSUMYfxq5qw85iRjgi5r49ksyjfjNbhYwm-UrMzkANzhUpQ,Tyler Kostuch,https://play-lh.googleusercontent.com/a-/AOh14GirRGYkgWa5_sWcse5k0AeznqP6tb5CGDCUJp7Hhyk,"Single player only. No AI opponents, online multiplayer or pass and play multiplayer. My wife and I wanted to play together. :( I feel like that should have been mentioned on the product page. Refunded after two games.",2,3,2.2.0,2019-10-29 18:20:38,"Sorry to hear, you expecterd something different. We will look at our description how to make it better. You ca also use m.brettspielwelt.de for multiplayer games.",2019-11-18 03:41:57
gp:AOqpTOFaOhMf2KAfTaDlmVF6D0Pfi_cqLmcTxL_0jPgfdy33toARyEJfQHcxoPGaIaJy9SpJ7zjtc-kGlTGLPA,leotherf,https://play-lh.googleusercontent.com/a-/AOh14Gjfzp0kMNQ1Wy0tBWoKjkmDKv0lfES9E_UtKqFu,"Super addicting, in the best way. Every time I play, I want to try new strategies and go for new bonuses!",5,0,2.2.0,2019-10-07 19:56:31,,
gp:AOqpTOG_FYCnjz43CxBrLlnlr_0EZokVJMBu8vz95Ztii3IW6TEAx1gv-Uw9oyfbgMQsgMj-2WiM1CrzZ_g-UQ,Mike Davis,https://play-lh.googleusercontent.com/a-/AOh14GgL6gHy9bXlpd4c8T8_DIYx1JWzUGV3XhPL55N1uUg,"Login is broken, I login on my phone, and the same login doesn't work on my tablet. So I have to start over with a new account.",5,0,2.2.0,2019-10-07 05:25:58,,
gp:AOqpTOFvt6ERSZ2kfUUfKBTVKJjva7GLiiyh6taT8FPTyTvRj9mP9682OQHwI9PbTie7grgNk_07pALII6wn1w,Sam Newland,https://play-lh.googleusercontent.com/a-/AOh14GiKPGHy0nLrm88lPu8GzY7rPLi_1unXKqEwlzACSQ,Great game!,5,0,2.2.0,2019-10-01 16:50:47,,
gp:AOqpTOFxn8PUj3XKt8fcI0mRSk7kZVtzoTyO6mbKVSKyxC-Wl1tXI0N5szN8iUDV3AySPT0TP6xLw64PP3Jc6Q,Jenő Szabó,https://play-lh.googleusercontent.com/a-/AOh14Gg0ZkNMKz49jUNP1QfSDA-dKSpSqjb_YMMeDFL2JYU,Nice addictive implementation of the classic table top roll and play game. The rules could be better written.,5,0,2.2.0,2019-10-01 11:27:39,,
gp:AOqpTOFss9XJrsV_RfT6-27j0A02knSHJOu40IRlbxJBYtcdPCAMFaJ9Hy_uwrIyPoMxXI23OEY07TJd0gT1CQ,Ohad Ouziel,https://play-lh.googleusercontent.com/-blGYWPI6h3A/AAAAAAAAAAI/AAAAAAAAcIc/AMZuuckT8wHZghm3QUNeQv95kuy26ZHkhA/photo.jpg,It is indeed very clever,5,0,2.2.0,2019-09-30 01:16:27,,
gp:AOqpTOHnu_KM59qE8uJNuSiDkW51iGnUd9GkDkBPP4yxLPO4QS69xBg1CZQeTfFJCaL7MPDMRbL-wfAMVrGKIw,Stephan Esser,https://play-lh.googleusercontent.com/a-/AOh14Gix1xuAeRI51qovojjCdYoX7-uN8P--2AVPVu-A-IY,Feels just like the table top game!,5,0,2.2.0,2019-09-24 17:25:05,,
gp:AOqpTOExao8t5LBQhvDn3MH5_S2hqnMLh5JkaHz39Mhfd_ds9f6MMu3owwP39Gm51ZXYk3Da8gsfZHVvlhu_Yg,Ian Rapson,https://play-lh.googleusercontent.com/a-/AOh14GieFFBWP6GiSAAefWyGnOaqH20YYkLCnkWCzXr4Gg,Single player only. No pass and play? No online play? What did i buy?,1,9,2.2.0,2019-09-22 19:40:23,,
gp:AOqpTOFZQaPSKrDgekbVbhOdGUALh9d7EIDjuRsZLIOjVNL13H4tSSe25FD6wrv0YMGke5CiBKgpVKnkXoCj1A,Calum M,https://play-lh.googleusercontent.com/a-/AOh14GiDPzwCW9m6vK3wE_x8tzLv2P1LMIIPSj-GRQt16SI,Poorly thought-out app. It has no tutorial just a list of rules but these can only be read from the main menu not in the game. I found the game unplayable because I couldn't use the app to work out how to play the game,2,4,2.2.0,2019-09-22 06:33:35,"Hi Calum,
so you would have liked to have an tutorial or would ingame help for the specific actions been most helpful?",2019-10-29 05:10:29
gp:AOqpTOE6e0qRf55AjzCKoE-5mcBoWjnLIwtUv7MVeN2xwYBUAEzhxHkdNsXvW_XA05Ntn07rpETHCQBlAkR4gg,Andy Nguyen,https://play-lh.googleusercontent.com/a-/AOh14Gi_vhDLeKVl7L6HOzdZblbEv5Zqr4J3chH2ACw0Pw,"Excellent gameplay, but the design need to be more appealing...",4,2,2.2.0,2019-09-16 02:02:10,,
gp:AOqpTOGavfEhkj4-8Ldw975aT2UGgIpqXbqj-asgaAm4q45qzviPr2IhG7HYcSo3cpSVcnlozR9ieJcdCjDb-Q,Jon Greene,https://play-lh.googleusercontent.com/a-/AOh14GgQsO5v9ryzD_ILRZN33kd5L_36V2Y8Nz6kFMUC,Crashes every couple of minutes,1,3,2.2.0,2019-09-05 03:23:46,"Hi Jon, please try the newest version. Everything should work without crashes as it is tested with an Xperia Z5. Otherwise please contact us via email. alex@brettspielwelt.de",2020-03-09 14:40:55
gp:AOqpTOHg4rw-Xi-eHLBj3QfzzOgG9x5pISwiscLQ8YE5puMmP6QhJmB_RzW1BGU-5Um2-762nfMQQnq4UnW0lg,Joshua Kahn,https://play-lh.googleusercontent.com/a-/AOh14Gjbf5fP2LfbTOfylOuqRmhvsKEDG1aW28JbIzPt,"Best board game app in my opinion. Perfect for filling a few minutes (or more). People complain that the game can be solved but I've played pretty frequently for over a year now and still don't feel close to cracking the order of actions. Maybe I'm dumb, your milage may very 😂",5,2,2.2.0,2019-09-02 06:16:47,,
gp:AOqpTOG-ARNUMVyGToiK992GQ9e_8K9chmPNTk_DwKZU9Yqvqkql48LllfwQa8BDDTV39QXtBgy15YGeZ7mZmg,Raphaël Tremblay Lessard,https://play-lh.googleusercontent.com/a-/AOh14Gjf9Qbtdj52_jHbxYZBn9TMa131fjK3zSdpHBF2,"Great implementation of the game. Solo only however, no AI or multiplayer.",4,0,2.1.7,2019-08-31 03:55:22,,
gp:AOqpTOG9OQw5V4XQLgFqADrHeIuZXfGECD7Ky9tiUIBuycHXOFV-pFtwADu5_8HtdUJd6EVWVIgMYZqe8nRdOw,Edward Liddell,https://play-lh.googleusercontent.com/a-/AOh14GjucMG43UpzvTmFVTJEmPBLTnkjakK7WdK2PlQq,I was getting very regular crashes before I gave up. Kinda hard to enjoy with this much trouble in stability.,1,0,2.1.7,2019-08-30 21:54:12,We released a new version yesterday. Hopefully that will help you!,2019-09-03 04:03:41
gp:AOqpTOFpvmGGBcZvRcsbpdyvSQ8j6a5-I8hRz2YGPfzSzxmyGUKUFBzEnSPj3uOwU7YGSoNjDctXW4t5yL7Bpg,Jonathan Bailey-Jones,https://play-lh.googleusercontent.com/-X0EAVcDqoPE/AAAAAAAAAAI/AAAAAAAAAAA/AMZuucmf_eIfAhPUWrMGdg8VlkFF9fmCiQ/photo.jpg,"Great game, quick to pick up and play, highly rated",5,0,2.1.7,2019-08-24 08:58:09,,
gp:AOqpTOEWznfWj_vzfNqmeyfYhesTNa05nzCPU6tH6SqmMMy8SLMT8Bjq3mciamgNYuP2FttsnIk9_crGmjx1eg,Mikaela W-P,https://play-lh.googleusercontent.com/a-/AOh14GjSnsy7eumb1Ui0Gcnv4NfjIJ71cK5xwe7wMt4,crashes on some phones. a lot,4,0,2.1.7,2019-08-19 04:16:13,,
gp:AOqpTOENjpC8k_Sz-fuDo2vKZak0FxUGIYowLGByGAM3St_lOQ8GzRZ6S7CnHNwNS7RUtrJUZ5izsohp72bKUg,Bryce Journey,https://play-lh.googleusercontent.com/-zVAukEYfwIw/AAAAAAAAAAI/AAAAAAAAAAA/AMZuuckSODNxupRmVOYm2GZfvStwmQ35yQ/photo.jpg,"Ah geez, looks like login / registration / linking account issues are back for Android users.  After loading app, the screen says I'm Offline and I can't get it to change back to online.  Entering my e-mail in the link account field does nothing.  Very frustrating!",3,3,2.1.7,2019-08-18 13:47:09,Unfortunately we had some server trouble during the weekend 17.8./18.8. Everything should be running smoothly since then. We also released a new version fixing problems with the highscore and achievements after a loss of connection.,2019-09-03 04:05:54
gp:AOqpTOGydJHyFsCj8FEWYOdC6m-OvSVmTs0yBlaw3bHyMkH7IieNctsNV1Ch-SRfLZ2BJINJpkZzFrmBPTtSNA,Barry Welling,https://play-lh.googleusercontent.com/-TWUKPNRhR58/AAAAAAAAAAI/AAAAAAAAAAA/AMZuucksbnTCasDEdh2yEArX8peuXmk86w/photo.jpg,"German Roll and Write very fun, give the tutorial sone time, or find a youtube video that explains it a bit better if you still dont get the rules.",5,0,2.1.7,2019-08-13 02:14:34,,
gp:AOqpTOGwiZFo3R9gd3OpyVR4v52W2ElvkI_LBHLW1E2u5zLuFYYOEKmmntnZY2i54YsEt9t0f0xvFILGx0PFMg,Jørgen A. M. Berthelsen,https://play-lh.googleusercontent.com/-p49XNKkiH0g/AAAAAAAAAAI/AAAAAAAAAAA/AMZuuclQbCpz5uA-nFeQfRuTTtuwYkLrOA/photo.jpg,"The app wouldn't register a new account, and wouldn't recognize the account I then made on their website. Just said it couldn't recognize my email (sure i typed it right), and when i tried using the account name I registered, it complained that it was already in use.",1,0,,2019-08-04 10:35:33,"Hi,

you can not use your  BSW account here. Just register a new nickname and optionally link it to an email for use on other devices or in  ""Twice as clever"".",2019-09-03 04:11:00
gp:AOqpTOEJ_gaBJIkGtKI4Z6MylkaOEsa_tTorAlXZbfgPL77YYDPBkrkL425TdLRuW2HRRcHoDGMubjvQM1D2PA,Emily H,https://play-lh.googleusercontent.com/a-/AOh14GheA3rEgEqfdv6Hx0gf3km6JnKGQ2nG7eI4P-ms,"Wonderful game that translates very well to technology. My only suggestion would be a reset button, for when I make silly mistakes and I'd rather start a new game!",5,4,2.1.7,2019-08-03 22:52:33,,
gp:AOqpTOEldGPwMr6cK4ehMvoU-80nvXRsdx5tmrJdCvXfOJB4Js-B3FDpo0e-WWm7nscVo_apaPYQV_Ykw53Mpw,Philip Carlton,https://play-lh.googleusercontent.com/a-/AOh14GgeR2lV61AZw1L-bWawmRKyAhMFv-xKXha27kxVAVA,Good game. Slightly clunky implementation.,4,0,2.1.7,2019-07-27 13:52:04,,
gp:AOqpTOGZNAK6nQUfEADbJrJSztcWCUI8us3ZuVW7tT2QPhRba8O1xUNj5A9oHZJ1NfTWmAJAyvrLhrvM-Pq2eA,Gerhard,https://play-lh.googleusercontent.com/a-/AOh14GiWMvAbfSXUXiKCNpXICZT_oqNgY13HPFCq-f4w_BY,Playing this on paper with friends is amazing and the app amazingly conveys this feeling in digital.,5,0,2.1.7,2019-07-24 10:03:40,,
gp:AOqpTOF6zffEfuCbTaVzQuZGRs1dUzLGDfxU9DHpl4JcraE0z4fYXIKkD-lSIkVtvCQd_GrhIpAE-v5_48fJKw,Zsolt Botykai,https://play-lh.googleusercontent.com/-pNPhOL1-ZPw/AAAAAAAAAAI/AAAAAAAAuDk/AMZuuclgWrR0JzBGhROt9TxpZmba0KwZVg/photo.jpg,"This is exceptionally great timewaster, the only improvements it needs is are AI and/or async multiplayer mode.",5,0,2.1.7,2019-07-21 06:05:35,,
gp:AOqpTOFKVUoqe4O7fBcFlPABLGjkhp-_V73auPG9s05fWKgKEjGFrzRKHgpQGK9bTew-XawDaHA1YPnTQuzEnw,Bob Trezise,https://play-lh.googleusercontent.com/a-/AOh14Ggi2Gf81gprH4todrO2OJZcY87LPPv84yEgLc0bEQc,needs better rules interaction,4,0,2.1.7,2019-07-20 09:26:41,,
gp:AOqpTOEG1_i9UMC3fLqQVtD_kAdoNSJdLLsebrwkziudE7U3oDcz8BC6TtItdV7t3vDYd0P-UnADST9q5Fu6gA,Ryan PC Gibson,https://play-lh.googleusercontent.com/a-/AOh14GiJq9qJt1WZNSNhltvOoKR7AYILAn9PfXxvjEJwF_E,"Good port of great physical game. Like others a bit frustrated at the bugs: switching away to another app resets progress, stats bot updating correctly, timestamps off. Also x-1 in challenge 2 would be better expressed -x I think.",4,1,2.1.7,2019-07-18 15:38:58,,
gp:AOqpTOHn_FCH14Y5FmYTCrYivdQqG_WrGz492Hqc3ggOPhrM14Mu26eyqkrwEFQOz2hAXjCwYJSJho3dAjaiaw,John Miller,https://play-lh.googleusercontent.com/a-/AOh14GgXqRFfXrN9nN6zL4GBmgZUyG7QJR19JwNse2fOLw,"Love the game, but the app absolutely refuses to accept my email address. I entered a new address for Ganz 1, & somehow it worked. Installed Ganz 2, now neither app will accept the address I JUST ENTERED!!! Good thing the game is fun solo, because online play is totally broken.",3,1,2.1.7,2019-07-16 23:25:30,Wir hatten ein Problem mit der Case-Sensivität. Das ist nun gelöst. Einfach bitte noch einmal probieren die in Teil 1 verknüpfte Mail in Teil 2 einzugeben und  dies dann mit dem zu gesandten Code bestätigen!.,2019-09-03 04:13:23
gp:AOqpTOEn3fBYNhLBUUK5s-vnjTzIyiCUosc5eMCvf0yJiJtuRsgpP_SBTjr4Wja8V0wRusaEgE4E9JmI4R2n4Q,Anna Konda,https://play-lh.googleusercontent.com/a-/AOh14GiZNJZuzlZ11iZLRQaoqFc-HwqQRxj1wU3PHW9n,"Das Spiel selbst ist sehr gut umgesetzt. Allerdings funktionieren die Achievements und die Registrierung einer E-Mail-Adresse nicht, was ärgerlich ist, da ich dann meinen Namen nicht auch für ""doppelt so cclever"" verwenden kann.",4,0,2.1.7,2019-07-15 23:33:40,,
gp:AOqpTOEePKBGvPyLpMCD_gVpo4-gWiGHElyLYxSdonYTdmhaYsgjg6JtGbr2QBN_5C2WbZkKtasol07R7O3Skw,Cedric Sureshkumar,https://play-lh.googleusercontent.com/-D8XrqWy8B6Q/AAAAAAAAAAI/AAAAAAAAAAA/AMZuuckONYREcVRUZkhXgx-5fTRI2JPVCw/photo.jpg,"Game plays well, but very frustrating that most of your scores never get tracked! Part of the fun is repeat play to better your score and get the achievements, but you can't effectively do this. Also seems to be offline mode only, and the mysterious Challenge 2 that is a paid unlock, but no details of what it actually is. A missed opportunity.",3,1,2.1.7,2019-07-15 15:59:07,,
gp:AOqpTOF8NEl1q5ckdrw0-Gtt_jF8H1sXjfqlvSbnXXdkTv2j4_1K4kPlTuV548atZJTXF6USgiYFXeUNfOMr5Q,Иннокентий Воронцов,https://play-lh.googleusercontent.com/-tpWigHU8b-U/AAAAAAAAAAI/AAAAAAAAAAA/AMZuucnjPv6FLZVNvouD4ZJGwRedGyeymg/photo.jpg,Great game. But app doesn't save results of all my games. I think I played about 100 games and only 41 of them was saved in Statistics. And I don't get achievements because of it.,3,1,2.1.7,2019-07-12 06:21:02,,
gp:AOqpTOEXzphcAUcKuaDmpO6hJM3K8Gh-e2B2rLkbszrvwCFxZoZLovlsyaR6jhNIPrFS-V5hkM8IoUIm_AbJAg,Hossein Keikha,https://play-lh.googleusercontent.com/-Uycs-J1I8Yk/AAAAAAAAAAI/AAAAAAAAAAA/AMZuuckh9lgICjuOzqYkflb_cdZzsPiP2Q/photo.jpg,very good,5,0,2.1.7,2019-07-10 13:02:29,,
gp:AOqpTOFOzKGRUKF0xAFrsgOEuNjxIJrDvuekLZvmVZDf_0KEE7eOncNqDRrcAo9cAuBhG8nuioIyzxgC3_UEnw,Donna Silverman,https://play-lh.googleusercontent.com/a-/AOh14Gg_8XeDz107e9-7szPz5-p72WoH49Z_CCX6bfBNaA,Love the game but can't seem to get online with it.,4,0,2.1.7,2019-07-09 07:34:06,We fixed the problems with the login and the email registration. Sorry for the inconveniences.,2019-05-15 06:50:36
gp:AOqpTOHi6iLFyhqJQCMQg5qzpByZ8IORQx_S67BpBREhZyGy3DOahWokiRhn68df-YXagheHEXUN_Jh0yH6FxA,Koen Devos,https://play-lh.googleusercontent.com/a-/AOh14GiFPwmk45yL7ElDcacZgzzZtxOve9v5xBrOgk5GPPE,"Fun game, have a physical copy as well. The app is not bad, but not great either. The achievements don't work properly. And it could be made more colorblind friendly (blue & purple and orange & green are difficult to tell apart). Would like to have online multiplayer.",3,1,2.1.7,2019-07-04 00:59:27,"We  released a new version  yesterday fixing problems with the highscore and achievements after a loss of connection.
Now  your scores will be submitted once the conncection is back.",2019-09-03 04:14:36
gp:AOqpTOF0Os75GSTF5Brn6kPG9V4yo44Y3gl4nzFZjsLCDe736YQU2wa6z0wFQ5b_VcaWnKl7nkCDVwTI1cTWAw,ilse jorgensen,https://play-lh.googleusercontent.com/-KVL-9uySNj8/AAAAAAAAAAI/AAAAAAAAAAA/AMZuucnh-dUj73TgUp1q__LHXcmfQXHAsA/photo.jpg,excellent addictive,5,0,2.1.7,2019-07-02 07:26:32,,
gp:AOqpTOHHmRkTEOpq675sHwGdy0YlLOn9PRMGtAuZaKNqhj5z3cvnq7ejC0pCVNVeh0J8tUYHuCXc8wQNiSoRIw,Phillip Everett,https://play-lh.googleusercontent.com/a-/AOh14GjULy9I2tzALVcOGnXlLUVZBx8Xp6E8f8qD0FsXUA,"A fun game with a few issues! Dice rolls seem scripted at times. Rerolls often yield the same dice value, and on the last roll, the white and purple die often are the same value, limiting +1 chains. Also, the game occasionally losses my progress requiring me to start over, and my purchased content keeps needing to be restored. It's worth the current $3 price if you dont mind the above mentioned issues. And if these issues are addressed, and a local multiplayer added, this is a 5⭐ for me.",3,2,2.1.7,2019-06-29 05:00:30,,
gp:AOqpTOHpALQpx94iDQ4ZudGtoHEVPeLVvYWTK9qZPdGnhEOPLVwsMQz8-O92yXRpgbk7Cf9s90lqSnYGlEzvhw,Andrew Riley,https://play-lh.googleusercontent.com/a-/AOh14Gj-eum24wTLVaJD-x3qWH8J3EDAb2z15rFCNolV,Needs to record offline scores in 'statistics' to get that last star.,4,0,2.1.7,2019-06-28 14:31:20,,
gp:AOqpTOErkwT65Fh-SqbBk1eWXC8x6BePcbCavkllAtxi_Z44ju67iDfsgapGTZCvttHd6hvbcU2rzGoMYxFHPg,Benjamin Locke,https://play-lh.googleusercontent.com/a-/AOh14Ggf3wfmc_MGpcpvIfNDnHpxCA7uFbPqhi8d5PCB,"good implementation of the game. I would add a running total to the orange and purple areas, though.",5,0,2.1.7,2019-06-26 21:21:08,,
gp:AOqpTOEzWCQhjtyHCRFThadfl_kNzkUdptFeUF4wbr0UxVNeqgM-8STLw5JkrzCPZjR4s2TxteRdcYevbgwHgA,Richard Harrison,https://play-lh.googleusercontent.com/a-/AOh14Giu9Qe9d8IR3QhZ1j9gDFsSljR9qkgZzPRnTlshBw,Great game but doesn't store all my scores. lost two great scores from my stats. now lost 2 more games. terrible. why does it keep not recording my plays? so frustrating. I've paid for this game.,2,0,2.1.7,2019-06-25 22:24:34,,
gp:AOqpTOGXqVCqBiIrRzQrZUNZU_iL0MMaBhjTUwktBdqom0ez1NGF149WsdVSGHctzOCWqsAyz_OemUd9qk6lMg,The EdMan,https://play-lh.googleusercontent.com/a-/AOh14GgBxL4Ty2zFT8ZKZA6-QFfVHmZE_6Lj7C1sCJsCLA,"Fun, addictive game. Nice combo of mostly thinking with a bit of luck. The rules are a little lacking but playing the game and re-visiting the rules 2or 3 times was all I needed.",4,3,2.1.7,2019-06-09 06:27:07,,
gp:AOqpTOHq9gdM3Bakq21qYYx6cBjPWTW3TimS8yegRZdOaKpUTI2yQnsPn_YFLqqgEz9MRjZL2YOXMO2WjcrtZw,Crow T. Robot,https://play-lh.googleusercontent.com/a-/AOh14GiXQS-ltaudq_1CfItm1-pW7J5PlADVQAn5v9x_7g,"The game is fantastic, and the app plays just fine, but there are too many times it doesn't record my score. Pretty frustrating to put up a great score and not have it tracked...",3,2,2.1.7,2019-06-08 14:12:54,,
gp:AOqpTOHIY2B6pTlsDmzxFwAEAh_Zt6Xj7bD3ZI77oc8PYItXYIm2uqdXGbvvbIs3ccf5O1bk-k1F77iZg7w2BQ,Behindthefog,https://play-lh.googleusercontent.com/a-/AOh14GhRBZvyrl5-oumnBzCbjc07IVbYYMK2n2d-BiaI,"fun game, but can't play online. please help",2,0,2.1.7,2019-06-06 11:33:58,,
gp:AOqpTOHoTauAOujNgn8r3uwsG_Sxe_pA-94THjkW1PlH3kNg7P0FSfkEXAwcPEInB84ckN85cxrv0e5ybrVakg,Chris Marchbanks,https://play-lh.googleusercontent.com/a-/AOh14GgJcIUnuHZDvfYW7AjnGiBh5k3wh-SAx05D-QKzBg,"The game is really fun, but I can't play online. It's always offline. I cannot see any way to get online.",3,1,2.1.7,2019-06-02 22:33:21,,
gp:AOqpTOHyf1SlqYtE2W0soLW6CBly9aPqebCDakfygV4G_iSwbu3DwY2KADyIeC2PBM1aQvxwG82XcxGlEUQHJA,Tom G,https://play-lh.googleusercontent.com/-Zo1uGO-nvkE/AAAAAAAAAAI/AAAAAAAAAAA/AMZuucn_9OHmBqvO47bg9l9uJzbnx7Q_Zw/photo.jpg,online fixed so changing my review to 5 stars. great game and app.,5,1,2.1.7,2019-05-29 11:19:47,We fixed the problems with the login and the email registration. Sorry for the inconveniences.,2019-05-15 06:52:28
gp:AOqpTOHLNhhaR1YKqOoFL9ZW_HW199xCAs7_qfjhvzSUJhyTF69MoC6Obfok9NrGAoXv0URsXH4-LyUijSSCtw,Mark & Jenny Waenink,https://play-lh.googleusercontent.com/-lsHa24AzalM/AAAAAAAAAAI/AAAAAAAAAAA/AMZuucmdQ7VVxAbyFu9H3939B6GCbtOloA/photo.jpg,This was a great app but a recent update makes it terrible. It used to be colourblind friendly but now it is completely unplayable!!! Response: I used to be able to see the difference between the coloured dice but now I can't since the dice where changed to look more 3D - especially the blue and purple dice are no longer distinguishable at all. The other three non-white dice are also too similar now. Before the update there was enough contrast between the colours to identify each easily.,1,2,2.1.1,2019-05-15 12:35:26,"Hi,
what exactly is now worse than before?",2019-05-15 06:47:17
gp:AOqpTOFfGqtfyV-389hpqkd3SRdzEFnIA2vKJE4dHQ0Kh5yumXCQAD5qcyDjNgM0ikejwTgxjHNaBt3RJje1lw,Ryan Niswonger,https://play-lh.googleusercontent.com/a-/AOh14Gil_e3VxWw-DhlY2Drgq_csuJXm2b2qhZZMKnDGSw4,"Yay, account registration is fixed but still a bit wonky. Once you put an email address in, if it's not found there's no way to restart the reg process without force closing. The game itself works fine.",4,2,2.1.7,2019-05-15 11:33:41,We fixed the problems with the login and the email registration. Sorry for the inconveniences.,2019-05-15 06:43:46
gp:AOqpTOE5tPXzKvwe_47sx7vyckL4wC_P-2MhIwOtQwPvLPV6PE6G9c_ez9sSYMp7hVOx4SFvV2HxE63FP8j40A,Ryan Opp,https://play-lh.googleusercontent.com/-KKu-XQds-Q8/AAAAAAAAAAI/AAAAAAAAAAA/AMZuuclLhO0H50SpY39HCdfrCk1u-rsA5g/photo.jpg,I love this game! But the last update made it so I can't get online.,4,2,2.1.6,2019-05-14 17:57:56,,
gp:AOqpTOFDIQOz15FgFk2jVbrddI9YRrsrQQfA4xJwIgD_dM_acNVFcu-RyJDGn9gzLHkQVMDfXlyX_eeb_N8ctw,Miklós Papp,https://play-lh.googleusercontent.com/a-/AOh14Gi-s3CE6TgKybyLxO9kQ8lbKFdlRlzQFEDBC3tT,"Very good dice game, I love it! What the hell is challenge 2? There is no information about it in the game!",4,2,2.1.6,2019-05-14 03:16:19,,
gp:AOqpTOGFIRrvV10mXB1ZNW61PtlQs8U1ZuW7vEwzAM1Bm0PudV88sVa81vTORdPhoDXg9SUzClE98TE6f8JknA,Liam Magee,https://play-lh.googleusercontent.com/-aqrm8-pOXfc/AAAAAAAAAAI/AAAAAAAAAAA/AMZuucnrQ_40VE4g45oqc6nLV-Zu9XnQmw/photo.jpg,The solo game is good. That's it. unable to create a new account as having same issue as previous reviews.,2,0,2.1.1,2019-04-26 17:12:22,We fixed the problems with the login and the email registration. Sorry for the inconveniences.,2019-05-15 06:46:17
gp:AOqpTOFLp_qO19AYKVb-TWOtH37-9dQeeJfmaZcqND-6tPy5aWz04R_ylZ3s5xJAhp4BZHVhma-e_AG9DjhB3g,Yves ter Huurne,https://play-lh.googleusercontent.com/a-/AOh14GgN-DNIyw3xVx-gz_Vf6ijl71SqJm7nRXunw3NX9pk,"Just paid to download the app, because I wanted to play online. Just like other reviewers are saying, not able to register nor login, so forced to play offline. Dear makers, can you let us know when it's about to be fixed?",1,2,2.1.1,2019-04-24 23:18:20,We fixed the problems with the login and the email registration. Sorry for the inconveniences.,2019-05-15 06:46:28
gp:AOqpTOFxFw7axZ_hZkyH3vIgVmIGPwP8IFLQ3QWLDcJVmbkccRepct9_XUimA-ebMBcfc-rwn12UZJRUoo_vXQ,George Mathai,https://play-lh.googleusercontent.com/a-/AOh14GhUABbDxhbEa6oaeZHfoh_oQJvmkyOxK9NZ7ZdTRw,Unable to register. I registered on the app but it's not reflecting on the app. I could only play in the offline mode. Can someone help me please?,1,5,2.1.1,2019-04-24 11:28:09,We fixed the problems with the login and the email registration. Sorry for the inconveniences.,2019-05-15 06:46:33
gp:AOqpTOG0qlsUn1NiO4ORfz_DORZnFnPzrDPfph9HwlMw3TIBN_Ji5O_KEnh9vlMEqv9qwMMLl_TFlsGU8lryNw,Bob Scherer-Hoock,https://play-lh.googleusercontent.com/-lg7PeO47dt4/AAAAAAAAAAI/AAAAAAAAAAA/AMZuucl-C806iyulHpU5OvyvFoSrFm143Q/photo.jpg,"I'd give this five stars except that Challenge 2 doesn't seem to be accessible on my device. Does it require an in-app purchase? A ""buy"" button appears but it doesn't do anything. Do you have to attain a certain ""level"" of proficiency in your statistics? I seem to be at a roadblock in terms of accessing Challenge 2.",3,0,2.1.1,2019-04-23 09:08:39,"Hi Bob,

once you click the yellow star with the lock symbol, a dialog should appear on top of the screen. Just clicking buy there will normally trigger the inapp purchase. No specific score or achievement is needed.
We fixed the problems with the login and the email registration, which were based on problems with the network communication.",2019-05-15 06:50:17
gp:AOqpTOHnOys-MVpmrso2_V7BLwjJMZBwkXyH0Z-Ue86y5hi8DxEusqCjshRhMDg-qDBja0U-hJaQFKhu4Mrxpg,Constant Percosky,https://play-lh.googleusercontent.com/a-/AOh14GhK-7Q-k0Jo3kQ1YnYDPPx_krJRCT4bugoaNFqpVQ,"Fun game true to the physical copy but cannot play it as anything but Offline because the registration not working. I enter a name and press okay and ""Register New Account..."" appears but nothing happens. Please fix so I can vote this a 5 star",3,14,2.1.1,2019-04-22 17:56:01,We fixed the problems with the login and the email registration. Sorry for the inconveniences.,2019-05-15 06:50:30
gp:AOqpTOFD5n32M3zgnyr-GIH62rNWFrSiRlPXB2qNu_uBfoTsoC40qAQXzzM8FLqyENm6RhklHaMHdIbqDmLPOA,Kimmo Asikainen,https://play-lh.googleusercontent.com/-Jia-00tP2J8/AAAAAAAAAAI/AAAAAAAAAAA/AMZuuckSfZyDgCwJnX9uYqfpetDW5UG0CQ/photo.jpg,"i can play only in offline. when trying to give myself a name it just says ""register new account.."" and nothing happens. could you please fix this problem?",1,6,2.1.1,2019-04-21 00:45:22,We fixed the problems with the login and the email registration. Sorry for the inconveniences.,2019-05-15 06:50:48
gp:AOqpTOEJeg89TkI-sTlEHZzDJxJIuWEooekx8rn-7z2PTmSrMxZVsPbgTGQ8OqtrEvqC7_suwqs9Zucr2-fheg,Angie Jewell,https://play-lh.googleusercontent.com/-hdVLmn-_Q_M/AAAAAAAAAAI/AAAAAAAAAAA/AMZuucmHzejkZvrs44rSZM2SbhE-mJfufw/photo.jpg,Cannot register. Can only 'add my name' to play offline. No highscores... Shame because its a lovely app of a game I own.,3,4,2.1.1,2019-04-18 09:07:56,We fixed the problems with the login and the email registration. Sorry for the inconveniences.,2019-05-15 06:52:02
gp:AOqpTOFk8SB5VJDurO5a69ZsST0GW2MCzJHgPlsvDXKHRBUm71DVxRZakAi1s0iErGal34Cq9lYJKTBjPavViw,Steven Fortenberry,https://play-lh.googleusercontent.com/a-/AOh14Gh8f53QNABDkrV8BAmh_EwOYn52a4Vl0CXLH-y_,i can't register my email or play online. why ?,3,5,2.1.1,2019-04-16 19:09:26,We fixed the problems with the login and the email registration. Sorry for the inconveniences.,2019-05-15 06:52:08
gp:AOqpTOHDfIT-jFsGPkuVf7aVWPAbRVQ8GohBjeA3RKyawB-jl6jmuluNA40khsIHWBa8hZxL4R2_lIOh23MZsQ,Renate Weiss,https://play-lh.googleusercontent.com/a-/AOh14Gjmuo8YHn77ZwCu2vQO3fujVsxZntpqc52ErfJzSg,suuuper,5,0,2.1.1,2019-04-15 09:27:11,,
gp:AOqpTOGWPn-cGy41RrCS5uHtlUlaYeEU1aZl6tvKQxYI_8K8XHviqEDhVGdpAWXOB29qYs1JardQSY9UXxBUpA,Jon Beach,https://play-lh.googleusercontent.com/a-/AOh14GjL8GCI1hoc-JLN-ZfcX-2yl_MvgqU0444aIhs2Kw,Great game until recent update/upgrade. Now the game annimation is painfully slow on a Fire HD 10. Hope it gets fixed soon.,3,0,2.1.1,2019-04-14 18:18:02,,
gp:AOqpTOFqhnoiAaoBwrSbkCdVzKskbeRwzJuSYPNal83QZxPaha8BrlDO8RW6qYm9DmBueZhf1bikIru_ZtLFSg,Michael Leugs,https://play-lh.googleusercontent.com/a-/AOh14GggrrvLp10PrzFndcXBswfpFnQfKgM89XJrxnBhpw,"Love the game, looks like Challenge-2 introduces a new learning curve, which should be fun. BUT the notation on the Orange ""x-1"" spots is wrong. ""x-1"" implies that putting in a 6 would result in a score of 5. Correct notation would be ""-x"" [or -(x) for math geeks, or (x) for accounting nerds].",4,1,2.1.1,2019-04-12 12:28:19,Ja das stimmt leider. In Analogie zu den anderen Multiplikatoren steht x hier für mal und nicht für die Zufallsvariable X des Würfelergebnisses. Alle Alternativen wie x(-1) oder -X (dann doch als Variable) wären entweder noch verwirrender oder inkonsequent. Daher sind wir bei dieser Darstellung geblieben.,2019-05-15 06:56:16
gp:AOqpTOHl-jc1UX49vs8dOGD2KgnL3MONavXoDrWK5lx25J3O_7Q9rtELuAnsU18X21ytAtkrbB9jqUZeuLHUMA,Emanuel Frățilă,https://play-lh.googleusercontent.com/a-/AOh14GjyVj1YaHQ9HYa2fvHzMpefGhAlQXKaETN-2sUOsw,Great game and fun to play!,5,0,2.1.1,2019-04-11 19:06:52,,
gp:AOqpTOFlTp3M803qZ2wRLhArZBGHEZwv7jCXMXUot8YxMPSu4HiyvXKAajPtqmtKldaingRMEKLR-6rir3zPug,A Google user,https://play-lh.googleusercontent.com/EGemoI2NTXmTsBVtJqk8jxF9rh8ApRWfsIMQSt2uE4OcpQqbFu7f7NbTK05lx80nuSijCz7sc3a277R67g,"its fun, but i just wish i could plsy with other people.",3,4,1.7.2,2019-03-18 12:55:32,You can play online at m.brettspielwelt.de against other people. We think for the app the indirect compotition via the highscores is more fitting.,2019-05-15 06:58:56
gp:AOqpTOGfv7kF8si7hJ1BJ-iD_HC-BT5EAdgeVP9p_9cIkBE9T01HI6SfqblMjhm3bhdUDXaYUL8h1-ykz7nIBg,Dan Alioto,https://play-lh.googleusercontent.com/a-/AOh14Gi4dHlHvh4u9JLBOYo1OScZrFe5SRVtaNwupyEkMQ,"No way to register a new account. No multiplayer. The UI is unclear. They shoe horned in the singleplayer version of the game behind an app that doesnt even have a clear main menu, or a working avatar creation. maybe I will reconsider after the app is complete.",1,4,,2019-03-17 01:04:27,"Hi Dan,
 
we found the problems with the registration. Sorry it took us so long, it was complicated and device (android) dependent. Now it works properly.",2019-05-15 06:59:45
gp:AOqpTOEPrQepHv02mI9nYFqZJZEi0kxSupPdqNOYwYCKUdAF3PNY4eyx2RZm4Jc2_mxPaHFwkR-Rpi6Cfz3hTg,A Google user,https://play-lh.googleusercontent.com/EGemoI2NTXmTsBVtJqk8jxF9rh8ApRWfsIMQSt2uE4OcpQqbFu7f7NbTK05lx80nuSijCz7sc3a277R67g,A fun game that is true to the physical version.,4,6,1.7.2,2019-03-15 20:23:23,,
gp:AOqpTOEKwO9uzOr0Pu9voLgbJzK8DY5wjXGXnOfjVEMy0D2sDcE399SlwLyT7fVT-Kf_-IPwjooa1TD7Lesf8w,Rachel Partridge,https://play-lh.googleusercontent.com/a-/AOh14GiNn2AYVxABG-sK1QXzaL1SCFq4EF2PB8Hrr3rzOA,"Love this!  I downloaded the rules to the physical game, though, because the app rules were too vague to really figure out how the game played.  Very true to the physical game, except for one thing: the rules in the boxed game state that no Actions can be used in the Passive Player Role for Solo Play, and the app allows me to use my +1 Actions.  Not complaining, mind you, it's just the only discrepancy I noticed.  ;-)",5,17,1.7.2,2019-03-04 03:08:29,,
gp:AOqpTOEuvzStr_QCveSa2u6FG_YgcyPfpgeY1s9lQzlD2qm2KfN_7P9Rv2at3p9jdBiD_ENTsq034LYXK0XLPw,Jelle Gommers,https://play-lh.googleusercontent.com/a-/AOh14GgmLYg7WdI8tjEajx7yZqq9snN16B8I7XyH_r6aSQ,online function does not work anymore,4,5,1.7.2,2019-02-23 13:20:32,,
gp:AOqpTOFjS2L9Q_Qhl2p85Kv1osChKMrNA7LADV_VOVx55WnfxCS_NqAmtZX5hC1yaKu9thRDx6dM7ZQdrVKrWg,DV Yost,https://play-lh.googleusercontent.com/a-/AOh14GiGk8gAaov9uAJYjsf84FAzgESJOBw__ukPaBAG2C8,cant register or login to an account.,3,5,1.7.2,2019-02-21 10:55:07,"Hi David,

we do not know about any problems with the regstrations process. what exactly went wrong?",2019-03-26 03:14:26
gp:AOqpTOEqnEw5O4MXcKL34ObIRPQeFjLEEU9C1PQX5rvQFgpJOCEdDGrK4RZuDj7KglLBaW7MU5HZScYUfUDGoQ,Penny Booher,https://play-lh.googleusercontent.com/a-/AOh14Gh00LOCJ-owqxKI_NYO73NWU0KzwdA9r7EftWCg,I like the game but it wo t install on my Samsung tablet. I have to keep opening it from the Google play store,2,6,1.7.2,2019-02-19 12:21:57,"Hello Penny,
the game itself runs, but you miss the app icon to start it directly without going to the store?

Normally there should be an list of all installed apps where you can choose which apps shoud be placed where on your home screen.",2019-03-26 03:17:28
gp:AOqpTOFSCk-_v15bXRVNpBhZoY_6xC7w9XHlCAjs73w0FlLDqBdtuO4sdAgeGNI3wcFhv1-ACI5Stx9Cdm9pCg,Scotty Bonzo,https://play-lh.googleusercontent.com/-rm9MFaTNNa4/AAAAAAAAAAI/AAAAAAAAAAA/AMZuuckID5lxA42Y5604Ep6YPbKr9Kai8A/photo.jpg,How do I get multiplayer?,4,7,1.7.2,2019-02-10 04:27:49,,
gp:AOqpTOGqZOemxJyHnvDXe58F7-0lgCTkv4YzDkrsXSklLCSrsoxKzHx68PSR64RE42Hy_tCzFNCaN1dWQiNu1g,Matthew Grant,https://play-lh.googleusercontent.com/-KJS7Zab973U/AAAAAAAAAAI/AAAAAAAAAAA/AMZuucnJvy8pjJ5jVhRa2Qbrl_N7uWrUCg/photo.jpg,Solid game.. Enjoying it,5,2,1.7.2,2019-02-08 14:15:56,,
gp:AOqpTOFSv9nKJdypQgG5ZGtI_-ioMbO9S62D5Cogdw6WYVhVRPer3c6fHk83TWWJEOoSq4sXpOMAL9mHiNRaOg,JOHN SMALL,https://play-lh.googleusercontent.com/a-/AOh14GgDkNBmXVSO5gkvx5VLHo3qg_vgsVrKxYvBhScN0sw,Nice to try different strategies. 12 minutes per game. Addictive.,5,1,1.7.0,2019-01-29 11:31:12,,
gp:AOqpTOEpv-I9yxrD5sgdWtkqnKqGKc4fHrsyctz9zVtVlBD9sP-CkEfO6PARnnjYOjFEhH5H2qArljaHCKIJTQ,Kyle Osborne,https://play-lh.googleusercontent.com/--xep2-zS9tM/AAAAAAAAAAI/AAAAAAAAAAA/AMZuuckre3o0V0chz9BFVf4R5iEtnV6Kxw/photo.jpg,It's a huge problem that the app completely resets (losing the current game) if you hit the home button or let your device fall asleep. Edit: after an update the app works better but still wipes your game if the phone goes to sleep.,2,4,1.7.0,2019-01-28 07:13:52,Sorry if you had trouble with that. We updated the game and the problem does no longer exists. Would be nice if you reconsider your rating.,2019-01-26 09:24:49
gp:AOqpTOFxClPGfpQj-yeCtfQlnIou0-XpHWS-ncyk-mx1V6huLWz7BkCga_yPr8bhVRTZ4bei1HOgXAqlTL7MdA,Steph Dunn,https://play-lh.googleusercontent.com/-arEu1_z5dh4/AAAAAAAAAAI/AAAAAAAAAAA/AMZuucnbIivB9sAHRS-g3fPEQuxEtEoT0g/photo.jpg,lots of fun,5,3,1.7.0,2019-01-27 05:23:37,,
gp:AOqpTOENBCCozxkDMe5u1gvdQBuCA01976XMrm75cs3o0og-5zqJDu2Z2Fzqk3IHtwK80-a3Oef4WwJXxcJbXw,Andrei-Vasile Cornea,https://play-lh.googleusercontent.com/a-/AOh14GjTIKN1LHOF8XqSpNRzfu_uDifvEQiTusce1k9-8A,best,5,1,1.7.0,2019-01-25 02:48:08,,
gp:AOqpTOHBikrKbNEzWTc4b7Y74gsAnpcARkAqGbXPE-d47fesBawbsQ89eX6Kdmw5v5TPWf4DkLGqfRe5CsJTcQ,Sean Loades,https://play-lh.googleusercontent.com/-GRbUxAEtkiw/AAAAAAAAAAI/AAAAAAAAAAA/AMZuuckhTIJFuGFpiGIVxWnjdlCYcgEDcg/photo.jpg,"Great implementation of a clever and fun dice game. (You'll earn the other star when I can easily use one account for all my devices, with synced scores and achievements.)",4,1,1.4.0,2019-01-19 01:56:37,,
gp:AOqpTOF2JSn2m529FONU5Fx3tPZ_1wcl9G0enaDLgNxlZFnV1amLoIOjiHvORVTn8n-g5CUoB08f0lfEub-zaw,Alberto Enriquez,https://play-lh.googleusercontent.com/-4LaWgKCwCUg/AAAAAAAAAAI/AAAAAAAAAAA/AMZuucnvvm9s6MilLCiTHA7b1Dg5-yALsA/photo.jpg,"Great dice game. I go through a lot of issues but remember that I still give it five stars. The app itself has a lot of shortcomings; scores don't update until you relaunch the app, date and time info is off, learn to play instructions are awful, woohoo sound is corny, no multiplayer/online play. All that considered, the game itself is well implemented and downright fascinating to play. I'm hooked. Just find a YouTube learn to play video cuz the in-game instructions are discouragingly bad.",5,2,1.4.0,2019-01-17 22:03:42,,
gp:AOqpTOH_6UrbUB7ccmWhliG9o3fEoDjLtbD4LWqr91_aVhSR0Y5UPvYKsRjCFPCS8yOP0YKAdXiFOxbEuy_FLg,Jacob Harris,https://play-lh.googleusercontent.com/a-/AOh14GhrQpmZPTjlLv5SqZgdWZ36Cz4OSpSDqJE-RPDdBg,"Decently good app of a great game.  My only issue is when I hit my home button to send a quick text, and then reopened the app, my game reset and I lost all progress.  Keep in mind, I'm not closing the app, just switching windows.   Very disappointing when I lost my progress in a game I was doing very well at!  Edit:  Just tied my best score yet, but the app won't show it in the statistics.  It's as if it never happened.  Very disappointed yet again.  Normally, I wouldn't complain about these type of things if the app was free, but this was a paid app, this could and should be better.",3,15,1.4.0,2018-10-18 06:52:17,,
gp:AOqpTOEl58azFpYbedKuF5Um28Q2arTT2aS8HsymGF9PGftqlhVI77hQWEcf-MLHUyw0f5UYtGGn3wzLZEFx6g,Florian Abry,https://play-lh.googleusercontent.com/a-/AOh14GgAh-B-vOgSFjhDBbLhh7SHWBv9JGpi3ls4AF47Q9A,Good port but missing a pass and play option.,3,1,1.4.0,2018-10-11 13:04:46,,
gp:AOqpTOE0gCXfuEipL_DrlA9Y6ZNMoMxAxf-36CY2Sw21YK6oBB10WED9Yel9jy6SMhQJy45aKCaBytrfrvItwQ,Dane Burchette,https://play-lh.googleusercontent.com/a-/AOh14GiCy1C_9Is3YOGDFNXCYYP0-8UxqULrCtJqjFgH,"The included rules aren't super helpful your first play, but aftera few goes it just clicks and suddenly I've lost my afternoon to rolling dice on my phone...",5,3,1.4.0,2018-10-10 18:30:18,,
gp:AOqpTOFQ3ZbAsNn2_rILHzaH_nP9evMfInCszMFdaHSCn4dig8P4SrcfbmyK8oZ4M0P9uoGG1Mc81Ba8bDy6EA,Eric Egenes,https://play-lh.googleusercontent.com/a-/AOh14GjnNB3e-pUvnJRWOx_LuvqmeIySR4_rHDdGM4id,It really is a pretty clever dice game. One of my new favorites.,5,0,1.4.0,2018-10-05 03:44:37,,
gp:AOqpTOGuixzZcUWtg5vQ6uwhfN5ZY9pLrfyuV8UrxFdAXYDg3ZivwEg88zKgDxZ3FfYtmOu1K1ql-IQdo90DeQ,Jamie Slaughter,https://play-lh.googleusercontent.com/a-/AOh14Gh_lU4-2QltHMIyFpj6KtegTgn_yOwZP9Yn89sJ,"Rules are a little hard to get at first due to poor translation, but very fun after figuring it out.",5,4,1.4.0,2018-09-20 18:15:55,,
gp:AOqpTOFeJti8I4sW9Y2PAsMv1B_JNl9s1Jz7PkrgeRPPzwGG9tmMa1J6IrV8Fv2FjPkbKKJ98UJTGdTHdaPrRQ,Original Otrex,https://play-lh.googleusercontent.com/-s52i8OkPLBI/AAAAAAAAAAI/AAAAAAAAAAA/AMZuucltSsq4I5dwhiNfpmzBIW1M6GwDZg/photo.jpg,Solid game. Well worth the purchase.,5,2,1.4.0,2018-09-15 19:42:15,,
gp:AOqpTOGHBdIZUKJyJAABkTSlKb0ZvHLtfPVp9wgzxX2-lAoi6bxPflJU1VYGD7KzsSuedHitJ4WjRsxiSybVNQ,Luke McFadyen,https://play-lh.googleusercontent.com/-Q0DgKlBiPxU/AAAAAAAAAAI/AAAAAAAAAAA/AMZuucnRGx1SpgZks7T-kwnrt-hH_wUF1w/photo.jpg,awesome roll and write game would be nice if they had a multiplayer pass and play or ai,5,6,1.4.0,2018-09-12 22:32:40,,
gp:AOqpTOFCCWW9m2MuVUzxwMF9G2LU94FNobdKr2scc7V2AB8WBZdSk9NiXOhZ89l75gZ-nrk5jN6Hq1ur31htKw,Haralampos Tsakiris,https://play-lh.googleusercontent.com/a-/AOh14GguZdUJBvTComDr9kIegZhthHc8SzMMNH3EhhXlSg,"All is good but 2 things are amiss. 1. If I missclick, there is no undo action. Please put an undo action on the Placement options. 2. AI for an offline game with 1-4 player's ? Is this possible?",4,2,1.2.7,2018-08-27 00:25:43,,
gp:AOqpTOFQT0-IWlS0WV6TXle8hJPNycZAj1pgWq1IV9PVhx_1W8Qlgkcg-eyAqDTi0WcO0ESDWWugohprx8BgCA,Rafał Kruczek,https://play-lh.googleusercontent.com/-X7NB3DNitsI/AAAAAAAAAAI/AAAAAAAAAAA/AMZuuclrnYowdOGvyB8Rdh5KMCe3OlbXAg/photo.jpg,"Great game implemented just ok. First ONLY SOLO VESION is supported. Second mutlitasking isn't well supported , after taking a call from an anothed app , game sometimes resets and progress is lost - it is possible to finish the game in one sitting , but resuming the game could be a great feature. Third - small nuisances and bugs - SFX - reroll button sometimes uses 2 rerolls instead of one - second reroll  SHOULD wait until results of fist reroll is shown etc.",3,3,1.2.7,2018-08-20 15:06:40,,
gp:AOqpTOHlyglYq0LyeCMXDWPCr3S9tfdJL7dtwSen15_B-jCO0G-u-m4vyqxQSDYTPiaPVaA5ofKvPUl3xKnL7g,Craig Phillipson,https://play-lh.googleusercontent.com/-isjmHH5yxnE/AAAAAAAAAAI/AAAAAAAAAAA/AMZuuclalzk0Fn2T0pBj0Xy7Ba_hHSsuGQ/photo.jpg,"Picked this up after hearing a review on 'Mile High Game Guy's board gaming 
podcast. So addictive and fun! Played like a thousand times already. 
Current high score: 268. Great game try it for yourself.",5,0,1.2.7,2018-08-19 18:17:47,,
gp:AOqpTOEq59CcwTV3yla2VvyEGg9Pl0T4TaDtA2sOehMGoEQ_8ruSHfnkcpQyqxD6nDM2s6nP7JhnNRutMHppGQ,Kresimir Sicel,https://play-lh.googleusercontent.com/a-/AOh14Ghq2VuMnfWpULFQSohpH4MYauWMsph0_XmCccMV,"Love the game. App needs a bit of work, though. I would like to see local 
high scores, 2 player gameplay, a button to allow you to exit to main 
screen while in game. Another feature I would like to see is if there was 
an option to use this app as a score sheet to be used with rolling actual 
physical dice. I put together a set of dice in required colors. Who doesn't 
like rolling dice?",4,1,1.2.7,2018-08-08 20:12:22,,
gp:AOqpTOEK5_rVciWCFmj6-MZtNUt45aGwBTfETc3cNS6C5SUT83tZTEMH_55L3869azmgWoXKkH9RNHr3QCwxqQ,Corey Hendon,https://play-lh.googleusercontent.com/a-/AOh14GgZePfSryRkJdyvVCSJDcAya3aere3hkBcQMoao,"Wow this is good. Never played the physical version, but the app version is pretty well done.  The underlying game is stellar.  I usually don't play multiplayer games on my phone, anyway, so single player is fine for me.",5,0,1.2.7,2018-08-07 11:05:12,,
gp:AOqpTOHc6-p8bbTcS2lBodwCJK_J4IFV_5ZzaWnkSV0waHnJxK60ZwGRgdlWXQL24jdIVdemx0lm09kM6FOIQA,Michel Bosman,https://play-lh.googleusercontent.com/a-/AOh14Ghj5oRsrPBPUWG-OlNaOrvyG-Csvrnn8wn1Zw,"Really addictive, fun timewaster. Too bad I've had my highscores and 
achievements disappear several times now, very frustrating.",4,1,1.2.7,2018-08-06 05:55:00,,
gp:AOqpTOH_L2sHiz2QjxxJtKRZNH_FwQJg2eFBDmZ_ar8oC78KeV2X9HxL4DnJvLKPwUCM7DTib2s0jqNRK4H2NQ,Christopher Cork,https://play-lh.googleusercontent.com/a-/AOh14Ggl6vUCFSQcVFE75ORbFC1Ji_4hM1j9997OJQeW,"I like it a lot. Feels a little unpolished, but the gameplay is stellar. I 
wish the English translation was a little better. Would also like a 
personal stats page (games played, personal best, personal average, 
best/worst each category, etc). Just a wishlist, not a complaint. Game is 
still great fun.",4,8,1.2.7,2018-08-03 08:41:51,,
gp:AOqpTOHimwrRo73mMLlEtsnE0lFd-l30Rj8Zud33gtNuM_cZ7pcvIPTmq4vkBrxz5X0Uk9d0T0XpSnxx2SJe6g,Maria Vilensky,https://play-lh.googleusercontent.com/a-/AOh14Gj3YPX2X-n65OBrAuUY5ZhVax4KGkX8zJgJHP8,"Could not find a very needed undo button. Also, on switching between apps 
in the middle of the game, returning to the app have reset my game!! Very 
frustrating.",3,4,1.2.7,2018-08-02 08:52:27,,
gp:AOqpTOGNHVKIeZbLlPp9AQYYULybZvsydZINUMWxQpR6F_H5D5pwfDhDtJYwvMDQx_5kgWjUwepGxVfFSID7Qg,Chris Mack,https://play-lh.googleusercontent.com/a-/AOh14Ggu_uBk_Gml4Y_AHLZZ-LnTNfecxxukJsP9ucQAGA,"Great game but PLEASE add a local leaderboard so we can track our best 
scores. The numbers in the achievements don't appear to be quite right and 
don't make sense to us non-German speakers.",4,2,1.2.7,2018-07-31 13:23:16,"Thanks for the voting, local leaderboard is a great idea. We are working on improved achievements and some kind of tournament.",2018-08-02 01:37:03
gp:AOqpTOGqvGQXCAj9vwYHbWZNpWcbXzW7-oJNLcH_y47gUB6icaVGfh1p67N0Wv-IXiWe3i9iNjlUHtidZWdcgQ,Daniel Vieu,https://play-lh.googleusercontent.com/a-/AOh14Ghhgdb2cRrLgC3FMHE_idtBQmBLwQRyDCspJYI1bQ,"Love it, please add pass and play and cross plat asynchronous play",4,3,1.2.7,2018-07-28 17:40:32,,
gp:AOqpTOF9yH5uc5hKIMLtFPyyW0DnsnutphQLbr5t9sDl2aLOUv-vcPnu1n26--BvcJBxkHGN0Ul7MjRxAr-_6w,Indra Lim,https://play-lh.googleusercontent.com/a-/AOh14GiMygOyz228xnQR0K9bc8XKhHVdTqJPl2w2odBl3Q,"Highly addictive, will buy the English version of the actual game when it's 
available. Hopefully they can figure out multiplayer (even just pass and 
play). Also during the passive turn (after you've selected your three dice 
for the turn), there should be some indication that this is what's going 
on, such as a dice roll animation. Otherwise it's a bit too subtle a change 
(the dice changes and the platter gets a green highlight, but there's no 
sound or other visual cue). Just putting it out there because the developer 
seems super responsive to feedback.",4,4,1.2.7,2018-07-27 07:22:59,Thanks for your rating and suggestions. We will try to implement a better visualisation for the passive round.,2018-09-13 05:57:04
gp:AOqpTOFpWBop037EFQ5jlkHlmi9nkjdB4Uok8EobOLSKlPSWfDkeUb-jtDrrlHXJsf1FtHW4N0qPcVwZTkJJsg,Jonathon Godfrey,https://play-lh.googleusercontent.com/a-/AOh14Gj8ZeE9dh38u6CUkCSYCGOWS0wWqOgnoP4VXVFVwl8,"Absolutely brilliant game. Perfectly encapsulates the physical game. The 
only thing I'd ask to include is a statistics page where I could see all of 
my best scores?",5,2,1.2.5,2018-07-26 07:33:15,Statistics have now been implemented in the current version.,2018-09-13 05:55:42
gp:AOqpTOFbdthKsjbah7VpfI4QDUzAOZRX7O5tMSnv2pw0IQdijVK_P69YYdc1jckvUx0YfqMu7qG076QUDppcEQ,Jon Vallerand,https://play-lh.googleusercontent.com/a-/AOh14GiwQoG7iXvLK-XCsyaEu5FN2Kan-Vnm4tKZRwB8oA,"Great game. Interface looks very amateur-y, and the lack of a mute button 
(or a settings panel in general) is annoying.",4,4,1.2.5,2018-07-24 04:14:09,Thanks for the comment. We are working on improvements. The sound toggle Button will be available from 1.2.7 onwards.,2018-07-26 04:54:41
gp:AOqpTOEmz--D1pS03yI8qOqMuQTXOMFvf6kx3Dn6EGvxiCvE7hb_mg9b-2mF70p-CQ5ArLu22ZfdH1Cae85u8Q,A Google user,https://play-lh.googleusercontent.com/EGemoI2NTXmTsBVtJqk8jxF9rh8ApRWfsIMQSt2uE4OcpQqbFu7f7NbTK05lx80nuSijCz7sc3a277R67g,The devs have since fixed my issues in the previous version. Thank you!,4,1,1.2.5,2018-07-23 23:30:08,"Sorry, we had some Server issues. Registration should run as normal now. Please give it a try, and see if achievements and Highscores will work again.",2018-07-23 04:43:32
gp:AOqpTOE5YNdLnHsxj7LLvCE-b_sW_P7B2yirz5MMudQRQDlEDKs9sHtXpqZb3J3_5XV1WkDC14ba7UVwo3LQ_A,Greg Lunsford-Davis,https://play-lh.googleusercontent.com/a-/AOh14GjKZW0ta6V9wGSjS3ebnF-qjBM3DbZEbxzNQZJj7w,"The game for now is solitaire only, and it is only partially translated 
English. That said, the controls are sensible, it runs fast and lean, the 
graphics are colorful and presented well (they wisely recreated the 
physical player pad), and the interface isn't too cluttered. This game is a 
brain burner, and if you like roll-and-write style games this is a good 
challenge.",4,2,1.2.5,2018-07-23 19:31:18,,
gp:AOqpTOEkisRkHS7OgxERWoLEy9YLFahBFWgvfQvaTvCjSSuAvQmj0I4JQ7c1Y_Jp0t8GhpgeekJvO9tfVYSzmQ,Angie Bosch,https://play-lh.googleusercontent.com/a-/AOh14Gi_L7uZ8HknZ4mCBzFe7r9chmr-R8BB68RpdH0h,"It's a very tricky but fun and addicting game. I've had no issues on my 
Galacy S7 or my Galaxy Tab 4. Glad this game exists as an app!",5,3,1.2.5,2018-07-23 13:43:13,,
gp:AOqpTOGokUXJXm2Dd4IlAieI39-vLuF5A--5wiX4TTqg6El8TprJTTfE9mKIS99dJc-WqPH0h58ycToS__vHtA,Ignasi Miró-Sastre,https://play-lh.googleusercontent.com/a-/AOh14GjFKzKEmbyMbsN23CvMEaizEvSqeMKiXJAAzi1M5g,"It is a barebones version of the dice game. No multiplayer, rules section 
is incomplete, and a general level of jank that makes it look amateur at 
best. The game itself is really fun, though.",2,2,1.2.3,2018-07-22 15:01:29,"Yes it is the ""simple"" SingleUser Version of the Game, with Achievements and Highscoretracking. If a lot of people will use the App we will consider making updates for Multiplayer. Apart from that, the rules should be okay.",2018-07-23 04:47:06
gp:AOqpTOGPeVUGH-kSKxfaXWa3mPOSJtc01W4BFr-9kK5CkdZJEZ0K8Y39_MyrJamach3H0TpLsvvt4OqtzVsTJA,Troy Newhoff,https://play-lh.googleusercontent.com/-EHD99zxOQ0M/AAAAAAAAAAI/AAAAAAAAAAA/AMZuuclK4Uz2fLYbpbej1Tpm6BBwPOCRRA/photo.jpg,"Only 2p vs. 1 AI opponent. AI rolls are not seen and youre always left with 
1s and 2s!",2,3,1.2.3,2018-07-22 06:18:32,"The App implements the Solo-Rules of ""Ganz Schön Clever"". Where there is no ""AI"" ... just the lowest numbers from the rolled dice are placed on the silver tray.",2018-07-23 05:36:44
gp:AOqpTOEoQbjJbXhgGTyPgnE4QWYoCrz5T0TK51X2NoxyBcB1EpvMGrZIk7EdlwFVwhKfWPCJ7cXWAp_5sKOejw,Ryan Gutowski,https://play-lh.googleusercontent.com/a-/AOh14GgaPfLF9-mvwBdAywGQFeCXzwL7UAb5gTcP1V6u,"The game never loads beyond the gray background graphic. Reloaded the game, 
restarted the phone, reinstalled the game and nothing happens. Using a 
Galaxy S5 phone.",1,2,1.2.3,2018-07-21 16:20:15,"Sorry there were problems with Version 5 and 6 of Android, which we have fixed in Version 1.2.4. Hope you can now enjoy the game. Please let us know, if everything works fine now or if there are still things that need to be cleaned up.",2018-07-23 05:37:49
