reviewId,userName,userImage,content,score,thumbsUpCount,reviewCreatedVersion,at,replyContent,repliedAt
gp:AOqpTOEy1PzevSCB836wIYqfrTIHLh0MKKBgHsQBTaYYTN-ISqU69kzjWy9QBZ4_ShE9Pq0ypa7ESmRxbcv9yw,Kutmanbek Salaiev,https://play-lh.googleusercontent.com/a-/AOh14GjajMUrp2JlZKoS_YOGEPCIlrqyq9P0Kd27ZPVQZQ,The worst app that I had ever seen,1,2,,2020-02-03 14:12:19,,
gp:AOqpTOHR5AoN1A-XreJeVaKi3QyJ4m8FvIaSmqcvy5Lxv-GlEBFjtTIkb4RemibftkB5MQvc0ZhlYOfh5TMr7Q,jnbug,https://play-lh.googleusercontent.com/a-/AOh14GgeCRqQXx6_j7NW3wx1oO_B8_gnk0iYYhhIlopbEw,"Is not an actual calculator, just tells you what buttons to press.",1,1,,2019-08-20 15:38:41,,
gp:AOqpTOEcqGCJ3eKdtxRLL2EuuVZUPrRBqTH_4ewtcK2MXHToMWIV2uD3a4_nO4fntJCrGw0zIe6qw0lfhqQoZw,Sketch 61762,https://play-lh.googleusercontent.com/-JYJTHkQwIQM/AAAAAAAAAAI/AAAAAAAAAAA/AMZuuckwv86SjeVX_zKeOxNxZUW00YFZqQ/photo.jpg,Sucks needs more info like how to chnge the inequality settings,1,2,1.5.2,2018-09-26 13:55:36,,
gp:AOqpTOEseep5j-5MnmXKjqkjYdCgK8eZEwQhkEGjtb2yrb3vYtd74gE6VCKQcX_hJyodPADYab2CMv7g2SxyOg,Jimmy Bejamin,https://play-lh.googleusercontent.com/a-/AOh14GinH7OfSckimLW1AfwOyjUubuLyXi5M76iiQRqNuQ,Nice,5,6,1.0.0,2017-02-01 18:50:43,,
