reviewId,userName,userImage,content,score,thumbsUpCount,reviewCreatedVersion,at,replyContent,repliedAt
gp:AOqpTOF7333lGiRUjWl03hFg6exfDASy7tlBZSgQEQxAxO7rNl5OrIRSWwt2HrHJz0PpLxc5__g02K4D15qRVA,John Purple,https://play-lh.googleusercontent.com/a-/AOh14Gh--Q_jxMM2WuJxLjZPbIswfq7ctJWPCqFn_Ns,Reliable. My doc reader of choice.,5,6,1.29.11,2020-11-22 17:25:54,,
gp:AOqpTOEghYk2qYsRlUvKouKx0XcrBq0Pqa4KJOdPyXD3UgXpkMKToew8D3WfS-6DcIKghVpfzYdaGAWtY1RbcQ,A Google user,https://play-lh.googleusercontent.com/EGemoI2NTXmTsBVtJqk8jxF9rh8ApRWfsIMQSt2uE4OcpQqbFu7f7NbTK05lx80nuSijCz7sc3a277R67g,Great reader for open doc format. Finds SD card files easily.,5,1,1.29.6,2020-09-23 15:02:43,,
gp:AOqpTOHHxy8-P9Gz2DX6l0ar6YlGwgwAh9a8P7Wj3th6vQJgu9xDYgbOJ0kS780Hm452mH-CFAUorroa6QTTUQ,Tom Darais,https://play-lh.googleusercontent.com/a-/AOh14GiB6VsLfU6ZZj80pqo4w2JsZhaMnI7OicWH8_Fb,"Love it, and the text to speech is handy too!",5,4,1.29.1,2020-06-29 13:38:18,,
gp:AOqpTOH6d2hTbZ0Z46rpCgDoQIzjp0waSmEDVGomb1Fd-YGnqd9b7_SOpfwmbJ9eAv9Ic87ewzy4hJHf0yOehw,Ertain1,https://play-lh.googleusercontent.com/a-/AOh14GjpUjbKDnSlwwPOS3uQb4Nd6aoDLuvFGPoI1l1X,"This app mostly gets the job done. But it doesn't support some standard stuff, such as ""strike through"" text. Edit: I was referring to ODF files.",3,2,1.27.4,2020-02-24 00:04:34,"Thanks for the feedback. Which document format do you refer to? E.g. in Open Document Format documents strike-through should be supported, whereas for the old MS Office 97 formats no formatting is supported.",2020-02-23 23:25:03
gp:AOqpTOEzKdqa0UR7OHqYJl4XCINSQyMbaHCQJyaQbGvz_UKdpYawIGj9tB1nmnOhKBVyxaIpF_YXh9oTZ5br0Q,Jack Griffin,https://play-lh.googleusercontent.com/-ewDHoUlfDJI/AAAAAAAAAAI/AAAAAAAAAAA/AMZuuckZAKVM8QxqnjLPtPix5PJhbEct1A/photo.jpg,"What are the EXACT ""bug fixes?"" Still no response, downgraded one additional star",1,2,1.27.2,2020-01-29 10:38:31,,
gp:AOqpTOFWgsf6qVAq-nbWlzOiWIfou4v8cSZo_tJDtCNJI8uddILJrAWHQiHoReULg8BB3l5R484cdJkWJ7AGxQ,Harry Scriven,https://play-lh.googleusercontent.com/a-/AOh14Gi11RNnlrAJGWYRaPEN8mMHQ65gEwUFfdl0w45dpw,"This opens open document format files, PDFs etc. There doesn't seem to be anything else as reliable with libreoffice spreadsheets. My go-to App to open a variety of files. Well worth the price.",5,8,1.27.1,2020-01-11 01:05:34,,
gp:AOqpTOENaAYsRcGa5jZ9cvyQCDVqpESVrYpgoTS62PyPiZ9qqHw664opqvQsJCErmKEKg1S1N_cdgE7LDpqDig,Reluctant Fox,https://play-lh.googleusercontent.com/a-/AOh14GiYY0QMcc43iAQroXyik8-IYjGlX-invHnrMqdj,"Would be perfect if I could just change the font size. My eyesight gets worse the longer the day wears on, so itd be great if I could manipulate the font to accommodate for that without having my entire phone's font have to change. If I make the phone text too large, it becomes a pain to read my menus. I'd love to give it 5 stars. Please include this feature!",4,11,1.26.20,2019-11-01 20:20:20,,
gp:AOqpTOEtPt897hm_E1396tOhiRvW6wUwGSHbcD0RBDqe35hhXlFlXGPzS72NNzU1pmtR-0uVch9Sz-ETbL3Qjw,Ibrahim Darwish,https://play-lh.googleusercontent.com/a-/AOh14Ghu82UtjpXC-koFlzAtFDSNckBsalVDO1bIZtXm,good,5,4,1.26.17,2019-06-29 14:07:23,,
gp:AOqpTOESvJyCzbZ76rjmX98qsp18CJrPs7J2kGHL9OVKRsYBazzqdmIQgenlj6mSzIzbd41yZMIhIghJkRwVOA,dantes dacio,https://play-lh.googleusercontent.com/a-/AOh14Gi2_m53uymQMsvzvpDdqVkCkLG6I6Ji7Hqs63r4,"For libre and open office related applications, this really helps",4,6,1.26.17,2019-06-26 16:41:39,,
gp:AOqpTOH8jJUPSR3GB2glY-3Fjv5XMSPVA0Gi-VcOCIcbkiqEsJWOGynCMSTsBgGJF0YptALDi8bNrwQfbvkU0w,A Google user,https://play-lh.googleusercontent.com/EGemoI2NTXmTsBVtJqk8jxF9rh8ApRWfsIMQSt2uE4OcpQqbFu7f7NbTK05lx80nuSijCz7sc3a277R67g,lightweight and does what it says on the tin. The best app for viewing Microsoft/Open/Libre office docs,5,5,1.26.11,2018-12-01 07:21:48,,
gp:AOqpTOGKkBwUq-9x18YnULIh6DFJojc8CWejF92d64a_iXnGJ5wdVrNuSr0EahfNCyScvUbWzgLRpLv-Kq7uDQ,Iron Spring,https://play-lh.googleusercontent.com/a-/AOh14GjcCUoQ6IMNirpGgH4IDLaliwhZBwnIAd4ztch4_Q,"Almost a 5 star app but on my Note 5 Nougat 7 the first document load from 
the X-plore file app which loads great on every other app. I get a grayed 
out field displayed. Then I can dump the Doc viewer and reload the document 
to a viewable display. Power Points From Microsoft Power Point are not 
displaying anything but viewable text in the Power Point. This makes this 
app worthless for MS-PP. Please fix and will up my review to 5 star app. 
Thanks. Ron Memphis, Tennessee USA..",3,3,1.26.4,2018-06-22 22:43:09,,
gp:AOqpTOHwbG24iAtjayFBzu6ikd-TMYZAx4DQCPfdBLwkyPZMS9lgskE-BgpOWhuskOZNs62Liim70HpMxbXL0A,A Google user,https://play-lh.googleusercontent.com/EGemoI2NTXmTsBVtJqk8jxF9rh8ApRWfsIMQSt2uE4OcpQqbFu7f7NbTK05lx80nuSijCz7sc3a277R67g,Shows .doc table cells content as a raw text.,2,3,1.26.2,2018-05-01 05:05:43,It's perfectly true that the app does display the old MS Office 97 documents as plain text. But why do you give a bad rating for this? The app description tells exactly that.,2018-05-14 09:40:05
gp:AOqpTOFPWbcXJlms6wQmtqhH2GAgZK5BYV11KkIcOcTSkojgvhurdfvJI0oEPI_EjTvi4Dd1Id8NM0evep9U5A,OldFon Cicho Zdzicho,https://play-lh.googleusercontent.com/a-/AOh14GgNqhjPt4qtlvn0MZqr_YDcGQQD-hX3uq6SlNbKhQ,Outstanding!,5,1,1.25.3,2018-03-07 08:30:52,,
gp:AOqpTOGEOgbzu7wCl9YtCmZVdCRD5s0-H1aZ_4xp5xhqc-qjaZ_xno2BIaaI9CGAYrGM_hLXr2VIejWWo7Itog,Christopher Robin,https://play-lh.googleusercontent.com/-acvibK1tcLc/AAAAAAAAAAI/AAAAAAAAAAA/AMZuuclq-Gc_-N6jSmmeLY20hFqbo24Zww/photo.jpg,"Wouldn't open any documents at all. Surprising, as the free version worked fine. Getting a refund, and reinstalling free version.",1,2,1.25.2,2018-02-15 02:09:41,,
gp:AOqpTOFPlN96SOFPrL9H4LkDpehkwKnV5_Bh4_RfIH_B_LyQjEvT6yKOqVPDUqTBY2p5PrrTr68yPP1voVW_8A,Teachings of Imam Ghazali RA Urdu Dr Kamran Shaikh,https://play-lh.googleusercontent.com/a-/AOh14GjLVyvLEiSFih5H4Q9gB2FGZeTt7kzXiM9vqpR6eMk,Excel files get stuck. Search 🔎 facility doesn't work. Going to uninstall it.,1,3,1.24.10,2017-10-13 02:34:45,Perhaps we can sort out the problems. Can you perhaps send me one of the Excel files you are experiencing problems with? This could help me in debugging and fixing the issue. And can you explain what's not working for you with the search option?,2017-10-13 05:47:22
gp:AOqpTOG4YZqse_qcFYioXl-o0U4GLqZVpxafYQJuuwfOP0lKu1asSMcUo6JPshXC4yCswbeKjk3xfokqasJYlA,Wayne Stark,https://play-lh.googleusercontent.com/a-/AOh14GhqljrIrVpv0XXxUv6Zs9IgfLD2ikz0gc6t1dAjYAw,Opens .odt files fine. But all .ods spreadsheets are greyed out and will not open.,3,2,1.24.10,2017-10-05 05:23:54,Can you perhaps send me one of the .ods documents that don't work? I could then use it for debugging and fixing the issue.,2017-10-05 15:15:56
gp:AOqpTOGsWt2ov_Nm5WYZqKg596i-Zl-VCqEkUtXdegzaTW7MJFYAUkeTabTII0ByPsikApTeOcFueACy1-fkqA,A Google user,https://play-lh.googleusercontent.com/EGemoI2NTXmTsBVtJqk8jxF9rh8ApRWfsIMQSt2uE4OcpQqbFu7f7NbTK05lx80nuSijCz7sc3a277R67g,Opens documents other apps cannot reach.,5,0,1.24.8,2017-08-15 06:07:59,,
gp:AOqpTOFCgxUAsafaTwh9CnWkPf1xnt8-uRLdoAR34F96P0_2YZT_FrWFTzUAy1LpzKuqhtHUUcwbpLxrzMIrDA,David Billiot,https://play-lh.googleusercontent.com/a-/AOh14GgWVOfj-_3zYZhfKtO4TsIdkNJHfgPcYOBzVYnUOaQ,The tts function is absolutely invaluable to me.,5,2,1.24.5,2017-05-11 07:28:21,,
gp:AOqpTOFWQlDYJHU4k_iNcW-qzD2OOQKfPOQMHPyQ1kx1FoLkYGDfNmvCTT5jPShaH5MocBxtiSfGfjFb4MIk3A,Marcin Ciosek,https://play-lh.googleusercontent.com/-45wR1MHdJHk/AAAAAAAAAAI/AAAAAAAAAAA/AMZuucm0WunqenAlXyJJThed1hcbmza9nA/photo.jpg,Missing comments display capability and Calc's charts are not displayed.,3,2,1.24.2,2017-03-27 01:09:53,,
gp:AOqpTOHMvRcOCDw1ZETetukORyTefRKdMaiXgufrYqtAZLKKjYt1-XEQxS-xl0341N8O5gioxdZ1X3AMQs--ug,Rosario Cracchiolo,https://play-lh.googleusercontent.com/a-/AOh14Gh95IkJZTU-0KpEJi5IV45jjriwV-fTAuDzfdFpqA,a must have,5,3,1.23.3,2017-02-05 01:33:01,,
lg:AOqpTOFH0xZ6IhX_Nlx6dcrioVRw6UNu6oWnRNvW1Q4S0ZagwAUQ1f4hyp-js1GDc09HgIjdLUo-ER71CZhewQ,A Google user,https://play-lh.googleusercontent.com/EGemoI2NTXmTsBVtJqk8jxF9rh8ApRWfsIMQSt2uE4OcpQqbFu7f7NbTK05lx80nuSijCz7sc3a277R67g,"Works better than the free OpenOffice document viewer and for a few meagre few cents it costs, it's worth it because it does read more document types. Adds the ability to open password protected Libre office files directly from Google drive.",5,1,1.23.2,2017-01-22 09:59:18,,
gp:AOqpTOF9-cP9YwK1nFKQLRi-jOtFxUVbrYDxrXrcbL-w_AW8xcagKutQOSrxuXgmIggsWXxmuQDf35fwlksFPg,A Google user,https://play-lh.googleusercontent.com/EGemoI2NTXmTsBVtJqk8jxF9rh8ApRWfsIMQSt2uE4OcpQqbFu7f7NbTK05lx80nuSijCz7sc3a277R67g,Works well basic but that's what I needed ideal for my rubbish work smart phone no ads slowing it down,4,0,1.23,2017-01-04 04:52:53,,
gp:AOqpTOHQJ6GrSyu5HdllykR1pCZaUv-48l7T-VNQJgdzwWP8uVY0uceP1Pi42WpuBuGiS2A0LveYKfItBG-G5g,A Google user,https://play-lh.googleusercontent.com/EGemoI2NTXmTsBVtJqk8jxF9rh8ApRWfsIMQSt2uE4OcpQqbFu7f7NbTK05lx80nuSijCz7sc3a277R67g,"Reads all files I need including .odt, .txt., etc.  Nice opening screen, well designed, reliable.  Thanks a lot, this has made my life much easier.",5,3,1.22.10,2016-10-26 07:32:22,,
gp:AOqpTOHyjZXCw1BDYNSUUaAbKZAjx7oEGcHpak2YE4NbfDmzTB47S0WJlkZzIqIznAjntOJawuN4nu-T72ZfRg,Barry Hubble,https://play-lh.googleusercontent.com/a-/AOh14Ggtp7AW-APqpYTqjk1hJORvbFTzDebRvdEDW-CXZ9w,Good,5,0,1.22.6,2016-06-22 23:35:06,,
gp:AOqpTOGjFF_pduqgE_2Rq9E64MqsEKeFvAJ_6MxPmSGsgvMCBMxaIcl5x7erXKQhryN3StTDeryUExqkmKZzAg,Rohit Gupta,https://play-lh.googleusercontent.com/-oNciaJHvG2U/AAAAAAAAAAI/AAAAAAAAAAA/AMZuucl0JZJLpl7CvNeTQtcUOgN63SMu2g/photo.jpg,"I have tried dozens, they lie about being free, they want access to your contacts, they are slow , they won't resize etc.  This just works and is fast. Which is why I bought the pro version.",5,1,1.22.5,2016-06-21 14:49:50,,
gp:AOqpTOGY1W6IG96ZkA4fLCCvwUHpPZItg81TqqmSTvKHg8sR8Oc2Kt-Scjja6hPV_TUjxuI-yDUNN0brw-Q1VQ,Pain Management,https://play-lh.googleusercontent.com/a-/AOh14GiN0QsKLYJMe4GsFckW4YrRqj3PML0QwNtjgz0NTg,Works,4,1,1.22.4,2016-06-19 00:41:38,,
gp:AOqpTOG2Zj7A-TNFPKvyiUS5PzagXRSJPWeBhBjkOcENBPbjVamfPyP3XScVMC34EdXnJhgCKPjCGJRilseFZg,deepak sharma,https://play-lh.googleusercontent.com/a-/AOh14GiDwRWtbLI8WwnQ1IbJZJWC-foNuaRzTeind08eLw,Comment later,4,2,1.21,2016-04-25 11:07:00,,
gp:AOqpTOEHNEpy0hSj7qoamotphYagl4KErS-wvx9TtGfRRlpMQT9PJgM1NGKxz5vn34vDWF_zDGYi7Cyk-h-JvA,David Thornton,https://play-lh.googleusercontent.com/a-/AOh14GgGgG-mDCb8h0WlzaFp8CRrqFMZbRJ_8AoeGcQWaO0,Use it all the time. Great app.,5,0,1.19,2015-11-04 12:15:01,,
gp:AOqpTOGZNk2s5WUXGeozxj_djD8A1-T2L0QXlgJMhzWeU2EbhjW9w9-hToSpP2S6l3XnQAr2Xb8LsA_g1oISUw,Catherine Howard,https://play-lh.googleusercontent.com/a-/AOh14GiSz3JT1x4jft-1L0CFrqwpBs3McDFyk5DnLiKa,"What I love about this app:  it makes it a cinch to find your docs and integrates seamlessly with text-to-speech apps, including those in foreign languages.  I couldn't find any other office app that could do this.",5,1,1.18.12,2015-08-06 21:08:40,,
gp:AOqpTOHWb7dAzmR4cWtVpcbigi0OO3vWDDMktiLTUOuAjRDUFjEMWr92wPwitDYR7FUgAGpltck5AdK8rNVwOQ,Feroz Ali,https://play-lh.googleusercontent.com/-2F4LNWIRb5k/AAAAAAAAAAI/AAAAAAAAAAA/AMZuuckQjs5aRhARBWOX6kkOQMW8tddhkw/photo.jpg,Because it gives best ledger report on my printer,5,0,,2015-06-27 17:06:10,,
gp:AOqpTOEGHguZoH0k4QHG8Rr98uTZzvlQDh_NRwcrZL9BSZmN7pKRkYorjItMh1JWh6SVmXRh46cDPjbLW4dGCA,George Natsvlishvili,https://play-lh.googleusercontent.com/a-/AOh14GhBK_kRACCObIg3ozU6v78xSGkUXu1olwl6AKdAhg,"Good light weight, functional.",5,0,1.18.8,2015-05-19 13:04:53,,
gp:AOqpTOGFCbnprC9quC6C6umoZdc3X139-QRMg1qoMMVubJHrd7-kf2o-J5jd5z_VgrOQIeptzfIfsoWrRkJMug,Wayne Magruder,https://play-lh.googleusercontent.com/-MqTjs7RP8I0/AAAAAAAAAAI/AAAAAAAAAAA/AMZuuckAzTmMgTLuZQRFjhnhSs4Azy2glw/photo.jpg,Have had problems. I've had to uninstall it several times because it quit working.,3,0,1.18.7,2015-04-23 14:04:12,,
gp:AOqpTOHPYc8ptd_eGVTw4JZRkg16bIW-eRCFKaNlORKrfU7z0x8sk7QgXKgfdnbwSPYMXGWOcczPTHSH0zm72Q,Ferozarif Ali,https://play-lh.googleusercontent.com/-w5PlpEfO8lQ/AAAAAAAAAAI/AAAAAAAAAAA/AMZuucnAYGRSggnulsKWo-9NCjoO3kYHKQ/photo.jpg,Yes Love it because it can print on my epson printer with butiful ledger,5,0,1.18.6,2015-04-01 11:12:49,,
gp:AOqpTOHWz7LVOfqam9HHPgHeAPAJc4HV_LvLvVpoQP18Vw1tDiWlW9I0AXaqgdK4hQckK4w5hOCxFO_R1Asu_g,Ken Irving,https://play-lh.googleusercontent.com/-cmfOSWzUer8/AAAAAAAAAAI/AAAAAAAAAAA/AMZuucnzRDz6Kef36eqYVWhi2Ul51ytKlA/photo.jpg,"Does just what the name says, and gives a very quick, accurate  rendering of any MS or Open/Libreoffice text or spreadsheet document. If I need to refer to or just to read something, this bypasses the complexity of a ""do everything""app, and gets the job done. The text to speech feature is a nice addition.",5,1,1.18.5,2015-03-19 02:51:42,,
gp:AOqpTOG13aEhGbFhaWGbhxgKU3Of6uKEH1eClXXgdIqN_7rEgpVlgNOv809katSPaQMWtrhdcPH1WCNj0Xg3qQ,Pimp Daddy,https://play-lh.googleusercontent.com/a-/AOh14GjVQXc6_K8fsCrljMvM-3PNoHC1U1ViazN9OTtr,its worth bein able to c on mobile jus like bein on a computer software all in one !,3,0,1.17.3,2015-01-01 00:00:10,,
gp:AOqpTOFZ7P8IyEk1qYzwyjGuLa1WyP_FJZURdfM4nLRTwnWB2gtjcsOecqjFZF_oLRX877SQG3SF-0mWFiJteQ,JOSEPH LITTLEWOOD,https://play-lh.googleusercontent.com/a-/AOh14Gg1t2XNQZ3qBy4YmrCXUZ-I5gTmzZJ0ZuLC_wH-Og,After last update I have two icons one works the other one crashes  emailed developer within an hour fixed buy this app support is brilliant,5,0,1.16,2014-11-11 12:57:36,,
gp:AOqpTOGxkfSBp17htnbKlpNkAweuth90ym2vNWljuFrngBdKp0J1FfVjtzNRivPJbyggKDiR3LZe6pglYf5RlA,prizmhouse,https://play-lh.googleusercontent.com/a-/AOh14GiFOZFssSmepW-PPg0zOqxKGtnSMh_9HPdMJ8L7Bg,Finally an openoffice document reader!,4,0,1.15.1,2014-10-31 21:16:51,,
gp:AOqpTOGERVs3VGSu29HYVJOe7bSxFf5pqjb4B0BZ4jPNEL9492rVq6-QhiHQOmruNHwBeqzoj5EscLO_0CIMag,Eric Zago,https://play-lh.googleusercontent.com/a-/AOh14GjymeWBlFnF-oXC-ejQrcINRNXPrfI0Pm4GtVCVcew,Needed something to read documents created in LibreOffice.   This app does that job very well.,5,0,1.15.1,2014-10-30 02:46:35,,
gp:AOqpTOGFOCuvgjDhpwedJle8Jz_7hLBHH2zruAO6xMH3ugr3kAcMyzECqpOujSVXWH2irvN8CsoGzZwzJc4C7A,Gijsbertus van der Heijden,https://play-lh.googleusercontent.com/a-/AOh14Ggl8Ey1uQM1eabBJiCNvEkc5qryfhwJebUw6xuBfw,"Deze moet je hebben, Roel. Echt een goeie app.",5,0,1.15.1,2014-10-29 16:01:21,,
gp:AOqpTOFHFR5qQA4aLNPVPxOOBis2uwTF5_-CTYyHJeAZuwJNq_x3xIVygBFngQoItI9xjXKKfJ9F2MOC3y4iWg,Pamela Dobson,https://play-lh.googleusercontent.com/a-/AOh14GjXM_wOM-H5EuilfBMH4EpmJ26wO2-NT0qxwxP1VQ,"Does what it's supposed to do, quickly and easily.",5,0,1.14.9,2014-09-22 10:49:46,,
lg:AOqpTOGMLrX1rTGwRcXKAxAoGkpkjgABZ7QvGTAQbVDBa2P84Ug_pTCe7pR6FDHhOz5Y1r7yZZJe2lLstKbM-Q,A Google user,https://play-lh.googleusercontent.com/EGemoI2NTXmTsBVtJqk8jxF9rh8ApRWfsIMQSt2uE4OcpQqbFu7f7NbTK05lx80nuSijCz7sc3a277R67g,"Works at least as good as anything else I've tried.  Better than many. But I have only wi-fi and the app checks periodically to verify that it has actually been purchased.  If this happens when I don't have access to a wi-fi connection, it locks up until it can be verified.  This renderd the app useless - sometimes when I need it most.",3,5,1.14.6,2014-07-27 17:58:27,,
gp:AOqpTOEBV8XEIhjDTOzguwRn1Frn8dyY8_J2k0C2AEJuU90G9K1n0ZFAJLdTKc88LNSRjhTl2xkM-urrh1N3Iw,Darwin Robinson,https://play-lh.googleusercontent.com/-RJFbE9pybzU/AAAAAAAAAAI/AAAAAAAAAAA/AMZuuclsgN-K4oUPm8PlHQ9xF_2gN3ZAtQ/photo.jpg,Great,5,1,1.14.4,2014-07-16 16:14:27,,
lg:AOqpTOHXGvaVKLLls8V4wkeyYQiqEVJmtB-U1hmat3lfvjZ3vmrQsu2geutDc0LctNyDfn5_GopLcl-O8myNDQ,A Google user,https://play-lh.googleusercontent.com/EGemoI2NTXmTsBVtJqk8jxF9rh8ApRWfsIMQSt2uE4OcpQqbFu7f7NbTK05lx80nuSijCz7sc3a277R67g,Just what I was looking for!!,5,0,1.14,2014-05-07 11:06:57,,
gp:AOqpTOG6x4CNB0SpplWTMlPHgVq9dz2ZtmSbOx0PmIuC29f7U17GQ7Ubr37lBGHL3q3XdLpovX3ZtMZ8gWGDUQ,melissa ramos,https://play-lh.googleusercontent.com/-37CrV4rz5P0/AAAAAAAAAAI/AAAAAAAAAAA/AMZuuckTJ2MjuPVLr9pUbgWKM6ZC4RtyYQ/photo.jpg,Very useful app. Easy to use,5,0,1.14,2014-04-26 22:39:32,,
gp:AOqpTOHUCTTNCLDcBwXzywWSgRM7BgzSwiHiuk6ZHZ8NuT1tDhsuSl4sXkg2FRn16PrDdOwOf4DxRPCgHwQ1ag,John Davis,https://play-lh.googleusercontent.com/a-/AOh14GhJoREF7aMPQ8B9eqA9cljqzAT3REcXrSbmQ_7q,Using this app to relay song words and chords to my tablet which is mounted on my mic stand. No music stands anymore!,5,0,1.14,2014-04-10 07:45:04,,
gp:AOqpTOE1Y3aqaxTrAA_kmfXIHni_2IbvVPvKMAPllJLexrv6MRZuEhdP-58ezjSYRL4nXlHdsDqL7xdCIBMaoQ,Kemp Arrendale,https://play-lh.googleusercontent.com/-LS51UxBI0S4/AAAAAAAAAAI/AAAAAAAAAAA/AMZuucnccjJLs-CLe54XEtmLghfnPo5H9g/photo.jpg,"Does a good job without too much fluff.   Only negative is the old free version had good paragraph lengths.  Now both the free and paid versions have paragraphs of two lines each, so a lot more scrolling to read an article.",4,0,1.13.2,2014-03-07 17:27:39,,
gp:AOqpTOEBNK8Oq-IeY7dH8qjyvapfUoTcdhfjl_YQ0e-u6StllFjq45l5sVtZ-xomcHV9LYf8sBLmUyvD33yqcg,Chris Davis,https://play-lh.googleusercontent.com/-5B-szlxTwmA/AAAAAAAAAAI/AAAAAAAAAAA/AMZuuck2pQMg1vMFc-iXjaamMADA1XsVhQ/photo.jpg,,5,0,1.13.2,2014-02-13 09:16:16,,
gp:AOqpTOE6AQVDA_QiFrw1itMR2rwE1KbcPXn7EC_TdlmMqRtvKXAsmQrFcG3v37R0wmFImVmhzcQQJegli4LjKg,Eddy Suwita,https://play-lh.googleusercontent.com/-4qw5L9b6KgU/AAAAAAAAAAI/AAAAAAAAAAA/AMZuucmfvtqfpWN0ASpz-1leUaTgmX0d6A/photo.jpg,Excellent,5,0,1.13.1,2014-01-24 16:20:06,,
gp:AOqpTOHOqoX5rFl6xNjRYXTimBLKThh8lqXVnrm8qJ2t-nFUGHsOqH-ywO_D_LB_Yehfk2svXuB4xjgupqgQlQ,Aboor Dundumo,https://play-lh.googleusercontent.com/a-/AOh14Gih8bb_q2AvUWZJy0xNQX_F10cMlJH2W0v_jfIqxg,Very nice i like this up my only concern is that you cant edit your decument otherwise 5 str,4,0,1.13,2014-01-20 22:37:10,"Yes, the app is purely a viewer for documents.",2014-01-22 00:47:50
gp:AOqpTOE5p_Jku_WYcuCsemLQSlw8B25D58f9-tI8A_cCl6o-6VQsUUNNDlRx7v4yGIrMzaHXrToepX0p5PENZQ,A Google user,https://play-lh.googleusercontent.com/EGemoI2NTXmTsBVtJqk8jxF9rh8ApRWfsIMQSt2uE4OcpQqbFu7f7NbTK05lx80nuSijCz7sc3a277R67g,This is the only spreadsheet app that I found with a search feature,5,1,1.12.10,2014-01-14 13:01:46,,
gp:AOqpTOHbptzOlMmoMnIyCA8V3cnv5jFsn5cQwmnf8syI9i32cAz2-130xSOEmnJes3-ZXjsfCNaiV8pdyzJMYw,Stewart Witchalls,https://play-lh.googleusercontent.com/a-/AOh14GjSjfsIrFYlaJ3BO5HnnrqVEQYJDgqwnELEjWSk,Does what it says. Developer very helpful.,5,1,1.12.10,2013-12-17 09:27:47,,
lg:AOqpTOGgZAvN3F0aB1XaMnSD0B9lbBIssEJnwCGktRv5wUjcmaul98ItdhhhaPkZAk5uH7cR-x58B3twK5Vkhg,A Google user,https://play-lh.googleusercontent.com/EGemoI2NTXmTsBVtJqk8jxF9rh8ApRWfsIMQSt2uE4OcpQqbFu7f7NbTK05lx80nuSijCz7sc3a277R67g,"Pleased that this works - I can now view my Open Office ODT and ODS files for viewing, including password protected docs. Hence 5 stars. Also opened my docx files.  It would be good if RTF files could be added. Update December 2013: developer continues to improve and support the app and is very responsive to email.",5,2,1.12.9,2013-12-02 15:55:39,,
gp:AOqpTOHshaaCzqlS_fT19jKwcecBumrt3nmWbYTqzD0Ht4rC5Us1mDiXgFZIPBQH2ksLgZFTRbLksss8NOddrw,johnathan steed,https://play-lh.googleusercontent.com/a-/AOh14GjfBegrPDVnJ7hfp_OVtubjY4mJDcSwquXWskHxRQ,I have experienced an issue since the last software update. When you zoom in it doesn't auto fit all the text to the screen...,4,0,1.12.8,2013-11-26 18:33:48,"Thanks for pointing this out. I just found out that it's not only the new Chrome-based web view on Android 4.4 which it missing the behaviour for refitting text, but instead the behaviour of any kind of web view on Android 4.4 has changed :-(. See http://code.google.com/p/android/issues/detail?id=62378. Will check whether and how I can repair this.",2013-11-27 14:45:12
gp:AOqpTOFv3jJqSPuCGRIRXEWbUMABpSHA97Lu7Hudc_nnUhks6vykWTsFA8lV98rbXXG-JE1K7l3gYYIcH9wKdw,Thien Phuc,https://play-lh.googleusercontent.com/-04gQZJRpANc/AAAAAAAAAAI/AAAAAAAAAAA/AMZuuckRnHMtlyONyfHvV9tqYaHk7JSVFQ/photo.jpg,"Can not explore the file on sd card external.  When explore a file on a folder then back to previous folder,  the screen is blank.  It is not integrated to read a file in email.",1,0,,2013-11-21 00:08:21,"The issue with returning to the previous folder was fixed with the last release. Thanks for pointing this out. Regarding reading files attached to email, this might depend on your email app. With e.g. the Gmail app opening an document of a supported file type works like a charm.",2013-11-24 05:44:52
gp:AOqpTOFn4dYvV1_gcx7sGBKdBoeo4g050t-fXmXi7iaKZqHZiLZzb6a0BAEHYdSHbQIb1JT_llRG0a-uoajKHg,A Google user,https://play-lh.googleusercontent.com/EGemoI2NTXmTsBVtJqk8jxF9rh8ApRWfsIMQSt2uE4OcpQqbFu7f7NbTK05lx80nuSijCz7sc3a277R67g,Covers all the old and annoying formats that most readers does not.,5,0,1.12.6,2013-11-12 23:24:17,,
gp:AOqpTOEgyiAnoRmJyUu3NO9vcw8NbOFUwlS5YwGl5XQlRHsWhUImNuU8vwVpwRCBt6t8dC1YY63RIdQBz6F5hQ,Jim Carter,https://play-lh.googleusercontent.com/a-/AOh14Gh9UttNfsqmggJdElC9wmdB2BBuZbyixDDel5RwD-Q,"Kingsoft and Polaris both failed to open an ODT file (pitiful). I read the reviews first and noted the need to adjust the setting to ""manual"" in this app before it would read my extSD Card. I did so with no issues and my document opened perfectly. My desire is to make my phone as capable as my Windows 8 desktop PC. This app filled a void. Glad to support developers who give us apps that serve a valuable, business need. UPDATED: developer continues to perfect app. Thanks!!",5,3,1.12.5,2013-11-05 15:16:42,,
gp:AOqpTOERxypCLKngWkm-tOCZZEahNx7eqhdOxiveaHvbOSIYxWPppYmu0FVNMfkB9Raj_Gppt8ZrgatduuDeJA,Mihai Sorin Damian,https://play-lh.googleusercontent.com/-JVhwcpydV_w/AAAAAAAAAAI/AAAAAAAAAAA/AMZuuckZqg2sH4maCmAdw-_wtsHAzgXOSA/photo.jpg,Not really good application,2,0,1.12.5,2013-10-30 09:21:32,"Could you explain this a little more, so that I can understand the problem and hopefully fix it?",2013-11-03 10:28:35
gp:AOqpTOFNDY1BopXUKnJO7LJqp-LgwJdjIVVf4LM-hI5hNKe7z5r7TN6Zfl7_9zv6RYklGIB25bwF7BFQaZuFDw,Irade Alexi Helligar,https://play-lh.googleusercontent.com/a-/AOh14Ghad1Xf_V3sowWKzRt02VbQlTHLlfdlPHrhSQpy9Yw,Great option for viewing ODF files. Does not display math formulas or embedded images as expected.,4,0,1.12.4,2013-09-16 06:40:31,,
gp:AOqpTOEUa1lgsDQLfTd-ndXPTddf7YzSjh0d8Yfd3232Hq3RepAg8-VjZQHH0_KQlZycW53ZAsmQk6z-gHyjlw,Randy Jahn,https://play-lh.googleusercontent.com/a-/AOh14GgsrKiMm-tx0mJo2JlLxwKMn8wV-Xlpo2WXV-rr6Q,Did not open any of my work email documents,1,1,1.12.4,2013-09-16 04:04:41,"Did you perhaps try opening emails containing .doc, .ppt or .xls files? As the app description tells, these old MS Office formats are not supported.",2013-09-16 05:53:28
gp:AOqpTOESvDiiEdfqhSDpNJ0nf8oImxdX7xvgqQ-ZWCAhyiqJhRYU6cEqonOG9nD9EQ-_1_-4O9mbNPGv1wcl3A,daisy lane,https://play-lh.googleusercontent.com/a-/AOh14GhAlpwJ0eMzYPEQYMI7ig3vxMstOz7yHBaQFznydQ,Awesome for my line of work,5,0,1.12,2013-08-23 02:53:24,,
gp:AOqpTOEo_g8DFbL2wVuh41btuwyFXj27m6FR-FJTgMzqf6kLbiDof4BVqQc1ktxEJx18Xytc_aShOwyLarDEnA,Malcolm Taylor,https://play-lh.googleusercontent.com/-z20t5yOqLlQ/AAAAAAAAAAI/AAAAAAAAAAA/AMZuucmykGAmVSY4DMOMt5fgqgiDcb0OAQ/photo.jpg,Manage to open files that others can't,5,0,1.12.1,2013-08-12 23:38:44,,
gp:AOqpTOFBu_fIK4gcSOSB2g9mWLV8zeEo93nWr5OU1-O9B6kNCzmsLOP0Wy7IL8jJSshB45jmQYp1yl7ZHuWGVg,carla johns,https://play-lh.googleusercontent.com/-PmMvbiyaoE0/AAAAAAAAAAI/AAAAAAAAAAA/AMZuucmJ-53nwrhhIyU2G-mnS6aou8yF8Q/photo.jpg,Opened documents from libre office without difgiculty,5,1,1.11,2013-07-21 15:15:38,,
gp:AOqpTOGQYwIZu2KmbklVsMzOm7s6mBiXxQf4SOaGjoZQvjANHM-rZj9AxMHV0BMBtJVzs2TGti55rVoE9aKrzg,Charles O'Connor,https://play-lh.googleusercontent.com/a-/AOh14Gh7Xp4WXbAC8MbMcGVyFGsIUnCVNSIgiH02Tjq4Ng,Uncluttered and a breeze to work.,5,0,1.11,2013-07-10 02:31:04,,
gp:AOqpTOGieymPtWK9UjYycYZdsZtfsiTOkAGDWD_-ukwKErh2j0hz6-m0SIW24ZSv4B2C0GqGxXgzWhFgLnf2NA,Chrishawn Cavanaugh,https://play-lh.googleusercontent.com/a-/AOh14GjmR4Qh8ispwNb2DqWbrY54n5on55IpZKRzYjtfGU0,Dude Way Awesone Yo..,5,0,1.10.3,2013-06-15 08:34:50,,
gp:AOqpTOEZqjPcIEEELZzbMRwoj_6eoDNeO81L-SQKMEEm1hRQrF6sNmLQEMTPRNp5WgCNLZm7Ef8eCc7KlRi9uw,Janne Annala,https://play-lh.googleusercontent.com/a-/AOh14GiNk7iLNwTY4LsH34J6px97-Naga9D0x3i9jK-bhwA,Did not open a simple doc file. Refunded immediately.,1,0,,2013-06-13 06:50:45,"Please read the app description before rating an app! The description clearly states that the app will not handle the old MS Office document formats before MS Office 2007. So a .docx file will work, a .doc file will not.",2013-06-13 09:03:30
gp:AOqpTOFf5xgkcwiw7ClFhhQDOsLXESJxVvRuFLDtIvgM-_hYiRuXn1rEQZs3Ed00SrWI0qSOYYPyEgYZG6GnfQ,Charley Sebastian,https://play-lh.googleusercontent.com/a-/AOh14GgL-ud1FQ9n5GBK34F75anpyC64cFEc14mGctW0-w,"When I tried to open a password protected doc from my skydrive folder (on my device), it gives the error, ""An error occurred! Could not convert the document""  Too late, I already paid.  How's that for specifics?  I downloaded the document--and it still does not work  (it works in everything else--just not this app). I'm going to uninstall this now--Kingsoft Office opens password-protected word docs.   Thanks for reading",2,0,1.10.2,2013-06-10 09:55:58,"It's a bit hard to tell without further details, but what you could try is first downloading the file to your device and then opening it. If there is a problem loading the file directly from SkyDrive you could wark-around the problem this way. If this does not help it would be great to get the document for debugging, so that I may solve the issue.",2013-06-10 01:54:12
gp:AOqpTOH1PTYH2_DoBxEk0TYXJc_cjtoCoG3R-9GEX-24a7dxal-jTgs_UMU-AVxy_i0e8NbbCyUdeMTe2yfzlg,William Paul,https://play-lh.googleusercontent.com/-1OQgZBS8aP0/AAAAAAAAAAI/AAAAAAAAAAA/AMZuuclAw0PEgNqvlWMb1SSQ8dckZkImfw/photo.jpg,Best ODF so far.,5,0,1.10,2013-04-20 16:17:27,,
gp:AOqpTOEBJST6EgYqiqE0hXQPInDJx5QvuZqZue2TbnvaGuTXRnIDzfW88H1KFQJzIXcS0UA2emCICKdMrcFbVg,Alejandro Martínez,https://play-lh.googleusercontent.com/a-/AOh14GgA_4VmSyZIHBXYAEkOEL1iwEBEu2gcyCzmcNNqMA,Its good,5,1,1.9.2,2013-04-15 22:09:59,,
gp:AOqpTOEV6BIy6UbnL5cfMsNuEqA64aM4RW5WUakBHqh2O1XvpuQGXuSOCjIzZNJulkom2cwt1kvNq9cslsaX-w,Scott VanKirk,https://play-lh.googleusercontent.com/a-/AOh14GhKRW182UKupmNeDIG2q4NH5iUaYzGsqw847ygtAg,I only wish I could find an editor for .odt files.,5,0,1.9,2013-04-09 23:55:51,,
gp:AOqpTOHAGWn7xyOF8MA6UChuS_44sL-ThbRiHIyQLdWAOZQ5oHrUFigFHc5gS1zGJtpkj0SucZhLPMt4gDnugw,Alison Hilkiah,https://play-lh.googleusercontent.com/a-/AOh14Gia4eO4sLaW3RRHExP9iajBbI7p_ydz1d3f_pokuzc,Fulfills my doc needs,5,0,1.9.2,2013-04-04 07:34:54,,
gp:AOqpTOFrUyaSWysL2f3zwZ7NU8S4_rk38a0kL3hv9NEgQw0L9rTVK5zSH9QaVaQ4PA6RUmEhiKaBbjLqGApFUA,Ed Bitsura,https://play-lh.googleusercontent.com/-sPlFmp-BtKs/AAAAAAAAAAI/AAAAAAAAAAA/AMZuucmrttU6cQCTHIMNIu7j3P3xFdTnLg/photo.jpg,Works well,5,0,1.9.2,2013-04-03 05:33:34,,
gp:AOqpTOFKd2w0YNFydXAuWkVaZjSFwDk6p_sXVod97IJz-Ad4h_tcH8vs5iYeyDWw8l10T1Jqs9_7V6Rdu1C3AQ,Richard Collins,https://play-lh.googleusercontent.com/a-/AOh14GjcBnRpb_a0l6ielSh2mXA8vwHiGsSQHdH7owjdQg,One of the best I have used.,5,0,1.9,2013-03-12 00:08:54,,
gp:AOqpTOFp-vf-zIUNoVxxhKCETUCCv6ogUkNNGd_z9yKcikxAy-tW5JTnv8rkx_Kw8y5E_gbduxGTUk_VHdgPWA,Adolphus Thomas,https://play-lh.googleusercontent.com/-QsdyFejdGHo/AAAAAAAAAAI/AAAAAAAAAAA/AMZuuckT8dK6j78Qe5j5a-L3BfWVma8sWg/photo.jpg,"OK,but not effective",2,0,1.9,2013-02-28 05:06:39,"Can you elaborate, so that I can make the app more ""effective""?",2013-03-19 15:52:10
gp:AOqpTOFQVJy0-oGtg4ggQFIT7tR3DsomXW982TWeK9p8-3wdZCSeDJCxComLtjaqeMlW37iThEB7skwY_lTwDw,Randolph Paul,https://play-lh.googleusercontent.com/a-/AOh14GikXkllTe3uyvDwQni-lrZSrApltq_iVkyawtVMZA,Good Product wish it could also read .doc documents. Great job Joerg Jahnke keep up the good work.,5,0,1.8.10,2013-02-09 19:10:58,,
gp:AOqpTOGV_K4Yh_0r-yalp61g8r1rRwYtmh3J4924eEMqQfyovEQ9_Su8NzQ68kcdIbMY_H3_BPspqsFF7f9xnA,Scott Weakley,https://play-lh.googleusercontent.com/-_jQ4bdr7Np8/AAAAAAAAAAI/AAAAAAAAAAA/AMZuuck_V7W812ZS9FaUKUsborEiUSEU0A/photo.jpg,"Works great, fast clean and cheap. No complaints.",5,0,1.8.9,2013-01-27 10:58:47,,
gp:AOqpTOGi3-EVlHa81LehDfNTo8ZNp5zSK_AqFhzFw3GnVNiVbk9TJTG0FgfJ9-H9cVi-LWUTWYfKifw9wdOypg,Kenneth Coe,https://play-lh.googleusercontent.com/a-/AOh14GiMM0lwLVeWBuTbbSH1aPaM1REpFJwyQuxu7PAi890,This worked fine on my phone but not on my Galaxy Tab. Reason is that the file browser will not recognize the external sd card as Samsung now labels it. This is where I have to keep my files or I run out of space on the local sd card. Android ridiculous.,3,2,1.8.8,2013-01-05 12:24:04,"You can set the ""File Browser Mode"" to ""manual"" in the settings. This allows you to navigate freely through your phone's file system and should enable you to also access the external SD card. I will have to find a good way to recognize external SD cards for the ""automatic"" mode though, that's right.",2013-03-19 15:54:05
lg:AOqpTOGtqG-sE5UiDpVl6ZannStNp0zKkRmCThNlbs-y2c2LcfIxx6zgzH-huSsEfNgeY1WUHAUv3Cp4wKy-7w,A Google user,https://play-lh.googleusercontent.com/EGemoI2NTXmTsBVtJqk8jxF9rh8ApRWfsIMQSt2uE4OcpQqbFu7f7NbTK05lx80nuSijCz7sc3a277R67g,Good app but last update  fails too slow needs backup,4,0,1.8.3,2012-11-17 03:16:59,,
lg:AOqpTOFzQnSG_xp34S8eEpO1IfetqpEk4ROODXZdqlYvgvC2cxOL0MI3BwxvWJOtErmGCQhS4DjAT2VoBLRcCw,A Google user,https://play-lh.googleusercontent.com/EGemoI2NTXmTsBVtJqk8jxF9rh8ApRWfsIMQSt2uE4OcpQqbFu7f7NbTK05lx80nuSijCz7sc3a277R67g,Excellent,5,0,1.8.4,2012-11-07 11:14:10,,
lg:AOqpTOG61ly-yjtxBw3hk6qKjthctpdWhZVSHpdY5Hu7l3WTPuR8pnLeK3D_iQ94RmmJERJbKG8O0kQDUaZ-qw,A Google user,https://play-lh.googleusercontent.com/EGemoI2NTXmTsBVtJqk8jxF9rh8ApRWfsIMQSt2uE4OcpQqbFu7f7NbTK05lx80nuSijCz7sc3a277R67g,Perfect for viewing libre office odt documents on the move!,4,0,,2012-10-21 11:07:51,,
lg:AOqpTOE15RAOQZ67qEOwh3Ra7LgK6RY57EBobrSSmqlT7zoDziAI3g0kXBjKfMVyE6FJioVgeXd83H9Mp0OIwQ,A Google user,https://play-lh.googleusercontent.com/EGemoI2NTXmTsBVtJqk8jxF9rh8ApRWfsIMQSt2uE4OcpQqbFu7f7NbTK05lx80nuSijCz7sc3a277R67g,"Works very well with odt files from the latest LibreOffice release. Well worth the price for the ad-free full version.   I hope development continues, but am very happy with this. Lightweight and functional, it has handled Greek and German characters without problems.",5,1,1.8.3,2012-10-19 07:37:21,,
lg:AOqpTOF5Mi4YU6YFHzVYNNsGb896_A0ZCrR2lUpAYrDmm4hThbKU1oysuU6BsL2zLmRBe_KNx13M9EB5CVEehA,A Google user,https://play-lh.googleusercontent.com/EGemoI2NTXmTsBVtJqk8jxF9rh8ApRWfsIMQSt2uE4OcpQqbFu7f7NbTK05lx80nuSijCz7sc3a277R67g,"Working as expected. At times Picas tts is to be opened. I can't understand what's this?  Also  at times rows are showing different as stated in programme.  If it could be solved,  I will give 5*",4,0,1.8.3,2012-10-12 05:01:26,,
lg:AOqpTOGsELgm24PsQ5C2O1EnmfcEiQ9sgz_4F97GnsLgbH6TxU-TV4XFQ1At1jFBZ2bFVOcmEEACTpqrfznbhQ,A Google user,https://play-lh.googleusercontent.com/EGemoI2NTXmTsBVtJqk8jxF9rh8ApRWfsIMQSt2uE4OcpQqbFu7f7NbTK05lx80nuSijCz7sc3a277R67g,Does a good job with open office spreadsheet viewing,4,0,1.8.2,2012-10-10 03:45:42,,
lg:AOqpTOGi4ro-0_H0l_FJ91SZUMXOeh-fIUmS06qPMqmMzX0dX4lzEnoRpw_Vsx6BjQjxN0DvYW0d9B0emfLd8A,A Google user,https://play-lh.googleusercontent.com/EGemoI2NTXmTsBVtJqk8jxF9rh8ApRWfsIMQSt2uE4OcpQqbFu7f7NbTK05lx80nuSijCz7sc3a277R67g,Does what it says with a few minor quibbles,4,0,1.8.2,2012-10-06 09:45:28,,
lg:AOqpTOHOmd28LtqpOrNA4Fl8mpXMvVph6KrDcqhAWu5uWMS-5aA7uEW8HO4HNOF1vxIRnH8R--HLdRmvhGP6Rg,A Google user,https://play-lh.googleusercontent.com/EGemoI2NTXmTsBVtJqk8jxF9rh8ApRWfsIMQSt2uE4OcpQqbFu7f7NbTK05lx80nuSijCz7sc3a277R67g,"It does its job very well! I would like to be able to copy text portions and paste in other documents. Or to export to something editable, like html for example.",4,0,1.8.2,2012-09-28 00:52:19,,
lg:AOqpTOG2G9tb33UHCJIXchADTlWT5Sp4RgAdnp79gw7YiZxbTwrtAiOziC8o22Rks679eGAw4rKDKgzMl5uy7w,A Google user,https://play-lh.googleusercontent.com/EGemoI2NTXmTsBVtJqk8jxF9rh8ApRWfsIMQSt2uE4OcpQqbFu7f7NbTK05lx80nuSijCz7sc3a277R67g,If only we can edit...,4,0,1.8.2,2012-09-25 23:28:48,,
lg:AOqpTOELdUciTGJL9ulmPs8hgyfs7ST3Y32JN_pgUG2AYJX-44GmvDouLa3pirjYA5ig1IE6JqVkr8u5ub5qIA,A Google user,https://play-lh.googleusercontent.com/EGemoI2NTXmTsBVtJqk8jxF9rh8ApRWfsIMQSt2uE4OcpQqbFu7f7NbTK05lx80nuSijCz7sc3a277R67g,Has not let me down.,5,0,1.8,2012-09-01 04:37:11,,
lg:AOqpTOEiYbtc4DEq1Y0V_BGlkQnxmT9RKF3FMavJ1ahgy4BJsYxrNF1F6JMJjprZu7RLRaMhviSOgEDlJJg13g,A Google user,https://play-lh.googleusercontent.com/EGemoI2NTXmTsBVtJqk8jxF9rh8ApRWfsIMQSt2uE4OcpQqbFu7f7NbTK05lx80nuSijCz7sc3a277R67g,Works perfectly with utf8 docs. Worth paying for :-),5,1,1.7.5,2012-07-31 01:55:20,,
lg:AOqpTOEnVqgFIDg5b40cEk1TB3Woca8i2bEHRusoYrG4dhWgZz4e51JLlqeyFgi-4r-mWmzf7eXYE85Mewpn6A,A Google user,https://play-lh.googleusercontent.com/EGemoI2NTXmTsBVtJqk8jxF9rh8ApRWfsIMQSt2uE4OcpQqbFu7f7NbTK05lx80nuSijCz7sc3a277R67g,Good,4,0,1.7.5,2012-07-30 01:43:29,,
lg:AOqpTOE4kmv9mFT7BQzW19VEwraS6Phl8Zca9vy5Zkc-wPr-X-u1PLbiXPGe3dbwliT2CWDJhEiGZjgkHylDGA,A Google user,https://play-lh.googleusercontent.com/EGemoI2NTXmTsBVtJqk8jxF9rh8ApRWfsIMQSt2uE4OcpQqbFu7f7NbTK05lx80nuSijCz7sc3a277R67g,... quickly and without any fuss.,5,1,1.7.5,2012-07-08 04:14:38,,
lg:AOqpTOGz2y6Q61PpfWS2wjhDutGlDgGvZXDMxvZlkYf3yQKsNRm-f2kQ9GMW6hcXRsL1EPYANK34aQI197TPoA,A Google user,https://play-lh.googleusercontent.com/EGemoI2NTXmTsBVtJqk8jxF9rh8ApRWfsIMQSt2uE4OcpQqbFu7f7NbTK05lx80nuSijCz7sc3a277R67g,Awesome,5,0,1.7.5,2012-07-04 01:11:38,,
lg:AOqpTOFD86NSdWmoHzrpla9KGVuAcbTL5j8FrsC2A4tICGZ4ZYB_jss7FPYnAw1RcEulTlEVaX_9ne1FIJ5JwQ,A Google user,https://play-lh.googleusercontent.com/EGemoI2NTXmTsBVtJqk8jxF9rh8ApRWfsIMQSt2uE4OcpQqbFu7f7NbTK05lx80nuSijCz7sc3a277R67g,"Great EXCEPT it sometimes comes up with error if you're not connected to data or internet, even if reading files on phone... Defeats the purpose if I can't read with no internet connection. PLEASE FIX THIS!",2,2,1.7.3,2012-06-21 13:08:20,"Are you talking about the full version of the app??? In any case, if this was ever a problem of the full version, then this is fixed meanwhile.",2013-03-19 16:01:46
lg:AOqpTOGuEnRTV8eErqTzJz2wpRWaLWMPeW_VG4eqHDKkEHeRynj_NuC-MqoPwv4FejFsxXNH-XOhqV2XlICx1g,A Google user,https://play-lh.googleusercontent.com/EGemoI2NTXmTsBVtJqk8jxF9rh8ApRWfsIMQSt2uE4OcpQqbFu7f7NbTK05lx80nuSijCz7sc3a277R67g,A great app; carefully maintained.,5,0,1.7.5,2012-06-11 17:59:55,,
lg:AOqpTOHlyUTiH6F78Xjbb_py8_lnAgsL53mFJG0nrheZGRoydR91xmVZv0rDvgk-ZKG1RfQOmqpoWuZrF7KPAw,A Google user,https://play-lh.googleusercontent.com/EGemoI2NTXmTsBVtJqk8jxF9rh8ApRWfsIMQSt2uE4OcpQqbFu7f7NbTK05lx80nuSijCz7sc3a277R67g,no problem,5,0,1.7.4,2012-05-30 15:02:32,,
lg:AOqpTOE6oID3HRuFsZrpvzhRku_ywcjM0MI0Dj5AwVCwO8DSMPak4zadURHuToRZpzfN_U3FtfNl590Y0qHzGQ,A Google user,https://play-lh.googleusercontent.com/EGemoI2NTXmTsBVtJqk8jxF9rh8ApRWfsIMQSt2uE4OcpQqbFu7f7NbTK05lx80nuSijCz7sc3a277R67g,"Спасибо, отличная программа!",5,0,1.7.3,2012-05-15 00:31:55,,
lg:AOqpTOHddvhPI1ikbA3ybla50M2nXPHzhbExfWm-nVyThH8j5iPGno1-E19-uWHQc_jnYOVL0S7jsaAAYDTafQ,A Google user,https://play-lh.googleusercontent.com/EGemoI2NTXmTsBVtJqk8jxF9rh8ApRWfsIMQSt2uE4OcpQqbFu7f7NbTK05lx80nuSijCz7sc3a277R67g,"Depuis des mois, suivi des mises à jour, fait vraiment ce qu'on lui demande, parfait!",5,1,1.7.2,2012-05-02 00:04:22,,
lg:AOqpTOG8UHok1nKbPYIYYhE16ADuHJMavGHBbHRLxS0icJ2XVENny6Pi_USD0wB4E3bFyTa7RhVCUjaMBOaKXw,A Google user,https://play-lh.googleusercontent.com/EGemoI2NTXmTsBVtJqk8jxF9rh8ApRWfsIMQSt2uE4OcpQqbFu7f7NbTK05lx80nuSijCz7sc3a277R67g,Great for open all documents including ODS files,5,0,1.7.2,2012-05-01 19:14:20,,
lg:AOqpTOGGmTUMHMxkeuZBGuvWEtaTnUvGMYKa84JZNDK5Q88ksaIZqBE2xh291WdOuT912ohSrHBAmAOKYlx-5A,A Google user,https://play-lh.googleusercontent.com/EGemoI2NTXmTsBVtJqk8jxF9rh8ApRWfsIMQSt2uE4OcpQqbFu7f7NbTK05lx80nuSijCz7sc3a277R67g,"Does what it needs to when you need it to.  If it could extract pdf text it would be a bonus, but size might suffer.",5,0,1.7.1,2012-04-18 01:38:26,,
lg:AOqpTOFw8nGkPSWyBf6VJBk0lngmo-U1LP7bjaRKEHl_TXqtwH2LW_dJHThpx7qtlIzt1lZz36e_g67iBjowfg,A Google user,https://play-lh.googleusercontent.com/EGemoI2NTXmTsBVtJqk8jxF9rh8ApRWfsIMQSt2uE4OcpQqbFu7f7NbTK05lx80nuSijCz7sc3a277R67g,Its ok,3,1,1.7.1,2012-04-10 08:53:54,,
lg:AOqpTOFkrBgcBBrnNCchsmD2Hqf_UBxjgZd2fuOW8SQQh0UGzJJolIS7bm80AfvKxR0_nvLuNQl0s2fwkprXJg,A Google user,https://play-lh.googleusercontent.com/EGemoI2NTXmTsBVtJqk8jxF9rh8ApRWfsIMQSt2uE4OcpQqbFu7f7NbTK05lx80nuSijCz7sc3a277R67g,Simple and easy to use.  A feature to clear search results in a doc would be useful. I can only do it by closing the doc and opening it again. Otherwise this is a great app.,4,0,1.7,2012-04-09 23:17:54,,
lg:AOqpTOE9XNCzbZoHV8KD6k2hv4CGHfVxcrhTvsrBQrTa83DrdxQDwAHdHKKeg7yF-Ivi9G4Sa3XSeV4uRde-vg,A Google user,https://play-lh.googleusercontent.com/EGemoI2NTXmTsBVtJqk8jxF9rh8ApRWfsIMQSt2uE4OcpQqbFu7f7NbTK05lx80nuSijCz7sc3a277R67g,"Very easy to read OO files, almost like an ebook reader.  Displays Chinese just fine (important to me).  Even speaks text (English etc).",5,0,1.7,2012-04-09 18:38:09,,
lg:AOqpTOESRiiEyix0fiqhetpXGpzK8Vyh-O1jlLURP8bMiDTVcUNXMRn9Z2mzzt3PrXksJc89h4a833MCOqlAdg,A Google user,https://play-lh.googleusercontent.com/EGemoI2NTXmTsBVtJqk8jxF9rh8ApRWfsIMQSt2uE4OcpQqbFu7f7NbTK05lx80nuSijCz7sc3a277R67g,I can finally read open office docs in my email on my android phone.,5,1,1.6.3,2012-03-26 08:42:20,,
lg:AOqpTOHuITTvTJZqGfrQDZdsEzBB18xwXznNlnZOHYhNrNFzP0o1gPNYJCXoPNu7cJJtezAv9Z8PRSeqC_CMiA,A Google user,https://play-lh.googleusercontent.com/EGemoI2NTXmTsBVtJqk8jxF9rh8ApRWfsIMQSt2uE4OcpQqbFu7f7NbTK05lx80nuSijCz7sc3a277R67g,I use it to read my spreadsheet files from Linux office.,5,1,1.6.2,2012-02-18 11:50:22,,
lg:AOqpTOFoZSt4rbDg6Q546YsP0LOJ7mfTN5NKiaaFFYK_0lXj-QqphGwOwJdtbgJC387GF2-kp1JvOQaTHziu7A,A Google user,https://play-lh.googleusercontent.com/EGemoI2NTXmTsBVtJqk8jxF9rh8ApRWfsIMQSt2uE4OcpQqbFu7f7NbTK05lx80nuSijCz7sc3a277R67g,Great apps,4,0,1.6.1,2012-02-02 08:28:34,,
lg:AOqpTOF6p_ViimZdzRDAwXWNeu3UJhXRERzvWDKVqaD0DXFkXs84_ZnTfF--HqfkkXheyI0xfESbEjteZpoDNw,A Google user,https://play-lh.googleusercontent.com/EGemoI2NTXmTsBVtJqk8jxF9rh8ApRWfsIMQSt2uE4OcpQqbFu7f7NbTK05lx80nuSijCz7sc3a277R67g,It only opens .docx file not .Doc file. Please help me if any other setting or addon required,3,0,1.6,2012-01-25 18:42:43,"Sorry, but as the app description says, the app only support the new XML-based MS Office 2007 formats, i.e. no doc, xls or pps.",2013-03-19 16:03:34
lg:AOqpTOEJSFM69lZdOw4AWwAGDBEejco5hKXbb3Re-d57m8T6vR94GUIMun-hqGYJkDxZihSUPo_FaVLgpnVtCA,A Google user,https://play-lh.googleusercontent.com/EGemoI2NTXmTsBVtJqk8jxF9rh8ApRWfsIMQSt2uE4OcpQqbFu7f7NbTK05lx80nuSijCz7sc3a277R67g,It does what it says.,5,0,1.6,2012-01-23 10:00:37,,
lg:AOqpTOGJ3n5nr4hMK0kHF32DgZlsxQx_u1IFKEp9rH0dm7ls50K5-y1Jn9zyeK9YeDXHC7Aw6gCAoaGcZq4faw,A Google user,https://play-lh.googleusercontent.com/EGemoI2NTXmTsBVtJqk8jxF9rh8ApRWfsIMQSt2uE4OcpQqbFu7f7NbTK05lx80nuSijCz7sc3a277R67g,It has a little bit more polish than the free viewers I have tried.,5,0,1.5.12,2011-12-12 08:32:13,,
lg:AOqpTOFH5cGDzfuUQm_u-Sc3AQJmsZYgiUqj8Xdje_a6XI47h3jYh0vpHOA9JVyzR72HeMTDm4gj-zle2ivHLQ,A Google user,https://play-lh.googleusercontent.com/EGemoI2NTXmTsBVtJqk8jxF9rh8ApRWfsIMQSt2uE4OcpQqbFu7f7NbTK05lx80nuSijCz7sc3a277R67g,Works well on galaxy tab and allows me to view office docs well -cheers,5,1,1.5.10,2011-11-14 14:47:20,,
lg:AOqpTOGK4oMH8BLYoNHtG8UIdUn0hqkbCaFShFuLMQeCIkSM8Y1EH0jKPlBJ1-IloKUNDVSX4sBQ1QTL_YWLYg,A Google user,https://play-lh.googleusercontent.com/EGemoI2NTXmTsBVtJqk8jxF9rh8ApRWfsIMQSt2uE4OcpQqbFu7f7NbTK05lx80nuSijCz7sc3a277R67g,Adobe PDF viewer and its perfect :),5,2,1.5.7,2011-10-07 06:45:43,,
