reviewId,userName,userImage,content,score,thumbsUpCount,reviewCreatedVersion,at,replyContent,repliedAt
gp:AOqpTOHMPoFpjMNMtZTiFglXxM9hfLfqdmaNneeRkt6fCrXl8D_SzgYNlOydAm56YQ4dTEyxkrh9UX5AUUFuYA,lion jackson,https://play-lh.googleusercontent.com/a-/AOh14Gg3HJjGNdxf3dOrp55zMbT9hWt5QAMpTl8xonoFhw,"This is a really good app, I love it.",5,0,,2020-11-25 03:02:46,"Hi, and we love your review. :) Have fun with Mindz.",2020-11-25 14:04:19
gp:AOqpTOG5GG6en-Owb1t9s0xbHvLw5Lclfs9iRCbWytX0a9e4ptdqYEgqvoV0Uoan2Hkes9iDteOhPVPtYIEkQA,PowerMechGuy,https://play-lh.googleusercontent.com/a-/AOh14GhUC182a3_fpHw8inj2uHJlbwmqhzRaLIXjOEPlYQ,This app makes planning easy. I recommend it for projects that you are not sure how to start. Being able to get a bunch of ideas out of my head changes the game. And the flow chart like structure of a mind map makes navigating projects simple and easy. The layout and design of this app make using it a joy.,5,4,1.3.3,2020-11-03 10:21:37,"Hi, thanks for your opinion.We are very happy that you like Mindz so much. :)",2020-11-06 02:03:47
gp:AOqpTOFbxq_CF-unERJ-_VWDj_y9krPt2OgVfLCje7-mamCkCnkbQP3QdEaFwylOzkYp2FEuowPvcZP1KN4pew,raion last name,https://play-lh.googleusercontent.com/a-/AOh14GimPbyjn0UCgYkVYuTN0y4s6N7VSYm3y20vom6JhQ,"I love it, thank you so much for this app.",5,0,1.3.3,2020-10-22 05:39:38,"Hi, thank you very much for your review. We are glad that you like Mindz. :)",2020-10-23 03:33:02
gp:AOqpTOGYyiXitUgXt2g2OMQsmNl0kAZAoUYbOGlegMu5Yon97Sq24oh3YV8O00-9LLLNaLHRLeHVOgiBiS0G8g,zainul farid,https://play-lh.googleusercontent.com/a-/AOh14GgNmpPY8peDdZ8ij2_g0KKTAK3gIDhUfeMxqMStiQ,"I love it when a big map can be broken down into smaller maps and each can be further broaden, and then broken down again. By the time you realized, you are deep into your thoughts, and over time I'm sure you have improved on whatever you're working on. Kudos to the creator.",5,4,1.3.3,2020-10-19 20:43:24,"Hi, thank you very much for your kind words. :) Further much fun with Mindz. Thanks a lot!",2020-10-20 09:25:32
gp:AOqpTOHJe4Z36ohT82MYgc7g-6Eucf9QOxhoOD_dVo4Kv9ADU_ys0W2se-4lqv8DY1vUAmPylaB6e3vLSVwqZQ,Northern Highland Mist,https://play-lh.googleusercontent.com/a-/AOh14GhsBQ6eR_Hr-xHyniUik9nHy-jGaKm0RaEhBU7S,"Most intuitive, easiest, customizable, not to mention beautiful mind map app I've ever tried!",5,1,1.3.3,2020-10-09 05:28:09,"Hi, thanks a lot for your review. We are very pleased that you like our app so much. :)",2020-10-10 01:17:53
gp:AOqpTOEuRAjcfFHuZvGOERyuCZqTFGMvUNSfNPD5NZz6h0zZMs0IoZWT9XMnRBB5V__cbltvV7kmecU13-VZbA,Rod Alan Wildeman,https://play-lh.googleusercontent.com/a-/AOh14GiN-1zBzCrUQy3IIPb8FjroFZZNbZXZWR5BayPsNR8,This app is great. It just works,5,0,1.3.3,2020-08-28 12:36:19,"Hi, thank you so much for your review. We are very happy that you like Mindz so much. :)",2020-08-29 12:21:38
gp:AOqpTOFIv2zSHnzFsPR_cLCOHFt_1kgL-lR5L276RnIQcYj-05r_Nju2RBbsfHh4zXx9hLV24TOANvxXKINrUA,Dan Schulman,https://play-lh.googleusercontent.com/a-/AOh14GggpUCW_Gj_g-hV-x-jp0AZAs83FNk5mrwjtOhmAg,"Best mind map app here in play store. The only problem is no partner sync, when you lost your phone how can I retrieve my data",5,0,1.3.3,2020-08-15 00:39:30,"Hi, thanks for your review. We are glad that you like Mindz so much. Until the synchronization is finished, we recommend to export and save the maps. You can also save them directly in Drive or Dropbox. And the export can also be done with a few clicks for all maps.",2020-08-15 04:34:34
gp:AOqpTOFMG76tnBeJ9ho82-vCk8Ckrwz2gewcffScf13XkwnlxB-Veb_GINObdf3v7O2GcK_DMWIOx8Aywp9eqQ,Jano Swart,https://play-lh.googleusercontent.com/a-/AOh14GhbgWxL6nK0-fenT1dcL_k6uSF30--mjiAywHo8,Very flexible and unlimiting,5,0,1.3.2,2020-07-08 02:53:54,"Hi, we're glad that you like Mindz. :) Thanks for your rating.",2020-07-08 06:29:37
gp:AOqpTOGJcKpetxTq_35hyWRVSOxp6VUwdmOz3h0GKUMTTlFBnp9meG9sTl4_x_CTHqs6c_GsdexSpGmvimsF7g,Knyte,https://play-lh.googleusercontent.com/a-/AOh14GiWWZcb8DuU9r6nPUAU1HS7lzVPLwTq2qUZWZgUHw,"Love this app, absolute amazing and smooth to use only wish it had more features and options, like the option to change the nodes width as having a long skinny node look really ugly",5,0,,2020-06-26 01:06:04,"Hi, thanks for the kind words and your rating. :) Thanks also for your suggestions. I wrote them down as a feature request. Have a nice day. Greetings Tom",2020-06-26 05:59:50
gp:AOqpTOEQJiHlqzulmTunn3mMXF3eiDJHFJYdeR7GU3sXhQlZm6nwqV7nbuTq1FfCZoS_e777FhDz06CJV-AkGw,Atharva,https://play-lh.googleusercontent.com/a-/AOh14GiXo16m-x3-D2iIInJUlnJ4RcTwWTc4iAhmf_Ar,A great tool to sort out classifications flexibly. Thanks!,5,0,1.3.2,2020-06-20 18:06:16,"Hi, we're happy that you like Mindz so much. Thanks for your rating and have fun creating beautiful mind maps. :)",2020-06-21 00:34:03
gp:AOqpTOHTuiAyUQ-6ByTYWK1QG63iQtDhtOE2d1B8tm-SMpz9LTCYnAZYVTO5LeVWJ4vXIYRi9T_o_3a3M3fiqA,Elijah Ecclesia,https://play-lh.googleusercontent.com/-QfPAlP2mpKA/AAAAAAAAAAI/AAAAAAAAAAA/AMZuuclD1xbH8fF9_M744c72V7n1Xkh7zw/photo.jpg,Best mindmap app for android. (Feature requests: Nodes automatically don't overlap each other and the ability to add new nodes from the mind map view),5,0,1.3.2,2020-06-18 09:43:58,"Hi, nice that you like Mindz so much. Thanks a lot for your review. :) Unfortunately, I do not understand point 1 exactly. Please send me a mail to support@mindz.de so that we can discuss this in more detail if necessary.",2020-06-18 12:04:19
gp:AOqpTOFFwfO6EwqqFKKDVycLnBfOaWYp7QBOjVFM9kWDhMzK42zgFcRJTLCGf5JXZzNAYXo5rqxr36yRtVyQNg,Snow Bialy,https://play-lh.googleusercontent.com/a-/AOh14GjikrZaTEwVXG5XkMdjguJr8RJY7VdBXTXmSKjAeaI,I love this app! Best way to make a solid plan!,5,0,1.3.2,2020-06-04 09:14:41,"Hi, We are very pleased about that. Thank you so much for your opinion. :)",2020-06-04 23:18:09
gp:AOqpTOH2ysw7DxnSuClP75I9_HqRy-ohFD60Fei8lfQBwF0Jzk3bIdqq5_nY0lYRseE0KJXEj02IBvMkB2c9hA,Brian Hickman,https://play-lh.googleusercontent.com/a-/AOh14Gh6VdLe685gKfICfvwFo1nG4ER8d2mh4CAZTur1XA,Good for organizing information. The larger the project the more useful Mindz is.,5,0,1.3.2,2020-05-26 19:48:07,"Hi, thanks for the update of your review. We are very happy that you like Mindz so much. :)",2020-05-26 23:15:34
gp:AOqpTOHAlo4gA881OFHsAaBXikDUirLvYNmUzWM_z3Oy633XOT85zchW0IzyPodNjkm1KFa1Uw7oNC1lvzDWBw,Mustafa Al-Wardy,https://play-lh.googleusercontent.com/-7xXLPARbA3U/AAAAAAAAAAI/AAAAAAAAAAA/AMZuucnEoAV1wwOmE-PqY2Lzw-KOImwtNQ/photo.jpg,Simple. Smooth. Well thought through with tricks to make it easy to use on mobile phones. Empathetic developer. I switch a lot between my phone and Windows Surface and would love to see a seamless experience to work on both. Maybe a long shot for now considering that this sort of functionality doesn't exist between Android devices (phone/tab). Good luck. Great app. Eid Mubarak.,4,6,1.3.2,2020-05-23 04:26:56,"Hi, thanks for your review. :) We are trying to release these features, which are also important for us, as soon as possible. Have a nice day.",2020-05-24 03:36:45
gp:AOqpTOHd1tG7fkz6hYFgVZ1qNQ4Vb7GP84X0G21LO8VyNzgL4ry3fQwT-2zivRkcVvfg0uz9EwrK3SBBUsz1Bg,Bulent Coskun,https://play-lh.googleusercontent.com/a-/AOh14GhtVeEdgDO9H5q1ox4NTsjQFDdq1cd2NzCNpkSWqaM,All is really useful but it's missing browser synchronization,4,0,1.3.2,2020-05-18 07:46:31,"Hi, thank you so much for your review. :) Synchronization is the next big feature. We are trying to make it available as soon as possible. Unfortunately time is a bit short due to the current situation.",2020-05-19 07:46:12
gp:AOqpTOENzcZH4WhAdLTxwxNjsZCDXgL1IBYU2SGm34Uq8tTd1FCZSvy0QuRLqF8H2Bhs_7XZ-U9ZN1bFFUYtBg,Shekhar Pandey,https://play-lh.googleusercontent.com/a-/AOh14GhrCQnEDNn_-tHkOocvcvuQRZNZHbY_EO-pOZ6d,"Bought the pro version, so far so good.. love all the features :)",5,0,1.3.2,2020-05-17 01:54:53,"Hi, and we love your review. Thank you so much for that. :)",2020-05-17 23:45:43
gp:AOqpTOGdRBCCDqpzMomEzTavfRI6sAId3Hj0J37OYiKDi96Zs2tRG8-TDQ_nS_1fKimSJz5oO_QJwgqaiaheQg,bruno lancement,https://play-lh.googleusercontent.com/-W94ydz1MjjI/AAAAAAAAAAI/AAAAAAAAAAA/AMZuucmaW5nsNp6OK3g1_OdpifNC8sAPKQ/photo.jpg,"A really nice and power full app crossing together mind map and cards. Quick and responsive Dev team, lots of languages... Just lacking a few features to replace the 5 apps I actually use, but Tom and the team are working on it ;). Mindz is my first choice to sum up quickly a meeting offering me both a mind map and the card mode if needing more details on a specific point.",4,4,1.3.2,2020-05-11 06:34:18,"Hey Bruno, nice to hear from you and thanks for your review. :) Too bad it wasn't enough for the fifth star but I think we will earn it if we find the time to dedicate ourselves to your feature requests. ;) But before that, we still have to get the cloud and desktop up and running. Sorry for the delay. Have a nice day. Kind regards, Tom :)",2020-05-11 13:02:19
gp:AOqpTOHVuqx9Fq24TOw89MMNHF-M0v5H8az7k12Xv4CsVnKidGD2znqaOBJnh8WyoeoUJuseB32Q7ntCdo8-8Q,NutZ Vathanyu,https://play-lh.googleusercontent.com/a-/AOh14GgNqefm_MUwgUw8aQY8CF_517Wa5rDakyprtUVI,"Best Mind mapping app of the store, even better than any of those expensive monthly subscription",5,1,1.3.2,2020-04-26 08:13:44,"Hi, thanks for your review. I already answered your support request. There you can see that the log file has nothing to do with the export of your Mindmaps :). But it is still very easy to export your maps (check my mail). If you have any questions, just write to me. Until then, have a nice day. Greetings Tom :)",2020-04-20 08:50:35
gp:AOqpTOGBrKSnkHYOLApXJp87TqAjoS6qHCuvhQDQzM4OuuMpAWpxluna3Nd6RZsd8LZ0tpNOqrHSHnrPq-0G5A,George Poon,https://play-lh.googleusercontent.com/a-/AOh14GiKM3pGQjJMzqYRRn8LpXww-q5SbRJMce1BLiUBfw,"Almost perfect! The GUI is perfect and the control is very good even on mobile phone screen. It supports image, preset icon, multiple links and attachments for each node. Each Mindmap can be exported in its proprietary format with full content and exported in OPML format with node title and description. It is a highly recommend app.",5,2,1.3.2,2020-04-25 07:56:09,"Hi, Thank you very much for your review. We are very happy that you like Mindz so much. :)",2020-04-25 11:13:41
gp:AOqpTOGDKIlZ52edaux6i7EXO_xF47m5euXdlHN8wj0RSrP6Tfnfn8_3Zi-NkjTW_itCw6WTSoCam2U7k1JMTg,Noel Richee,https://play-lh.googleusercontent.com/a-/AOh14GgMSxM6Trs0G_T2sf3fAi1Tomfh_ZTClVMHTxj3,Great app,5,0,1.3.2,2020-04-19 14:23:55,"Hi, Thanks for your review. :)",2020-04-20 03:09:41
gp:AOqpTOEg2OV4eJHbpv_kqwSJMQdV0Si6YOkv6XNNnAvvNBkFa18phtwk-YPnU25KctiINS9388rKxOPLOElQPg,Shanas Mohamed Shamsul Mueen,https://play-lh.googleusercontent.com/a-/AOh14GguJTetYZnrQ4ml4Tip26p5YwVLvAMQuyeNu8DwEw,Worth for the money spent,5,0,1.3.2,2020-04-18 04:28:15,"Hi, We are really very pleased about that. Thank you very much for your rating and the offer with the translation. Have a nice day. Greetings Tom :)",2020-04-18 09:02:16
gp:AOqpTOEKgEhcFEoOS7FV0C8TS5gak5Mo5gAvV_Dtew35uMIajHc6cdTCs6_xTgEwwipkoA9-IFK1cpQIAXbGpA,VIJAYA GEETHA PATHANGAE,https://play-lh.googleusercontent.com/a-/AOh14GgLkwyPzOrudcCo3FG7cEDbmz38arlB8ioVheivmA,Amazing and great app,5,1,1.3.1,2020-04-15 07:32:38,"Hi, Thank you very much for your rating. :)",2020-04-15 07:47:41
gp:AOqpTOEJAoSqVklRDyWcVJAzM6yjviDbJD50aQSQMJt077D8FJe9IbmUv-dInWkJpBpngAvOE9o37vhSIAAkSQ,Richard Henderson,https://play-lh.googleusercontent.com/-zCo8F9gzt78/AAAAAAAAAAI/AAAAAAAAAAA/AMZuuckwYnL-bSrdfOPUySrJCrzF4kqhRQ/photo.jpg,Would not open new nodes on tablet.(Android 9). I reinstalled and things work much better. Will see how it goes.,4,1,1.3.1,2020-04-11 07:38:17,"Hi, We are very happy about that and thanks a lot for changing your rating. If you have any problems or questions, just send me a mail to support@mindz.de. Then I will be happy to help you in more detail. Until then, have a nice day.",2020-04-12 01:47:41
gp:AOqpTOHjekziMnj2AYu7WQryGDtm5ZHxzosXc6MosGSVsTkj8L7jQv0tAhggnMZ9CJwUfRkhR3keYyEGRo1WLQ,Kevin Boehmer,https://play-lh.googleusercontent.com/a-/AOh14GiOLNUvL1gn4vna9MIAI_yij_M9QdTk-KYE0zXY,"This had been the perfect app for this. I have gone through bunches of mind map apps but for my tablet, this is THE BEST, hands down. I only regret that there's isn't a desktop version that I can use on the bigger screen and the sync to my tablet, using the tablet app when I'm on the run. This is the best.",5,7,1.3.1,2020-04-03 14:15:01,That pleases us very much. :) Thanks for your review. We are already working on the desktop version including sync. We will do as fast as possible.,2020-04-04 00:58:29
gp:AOqpTOFDLshCCy2qz2mi_6QEH_nkZJQkQr3KZG8EEWzyxj5oIYOOT8yfmA4g1YoHgqOcDsgL7VZ1KV0mGN9aqw,Baradey Mcbrades,https://play-lh.googleusercontent.com/a-/AOh14GhdPbLmfi_tSobtdei0aheNx_U5W-Ke2CTVgKkGO74,Top class experience well worth pro version.,5,1,1.3.1,2020-03-28 00:51:06,"Hi, Thank you very much for your evaluation! :)",2020-03-28 00:37:55
gp:AOqpTOEuQA2nD8rjwYD0cTeWmhKC3QvPqEB77-GqRfZYtadEwf-cjGh1F3eADQUTEzjgMRn_fpz6FONE5MY84A,Kevin White,https://play-lh.googleusercontent.com/a-/AOh14GgHLNE252zrEt9Rt7AZA91MsOn-B-rqqEib3wS_Qw,"Love this app... Looked for something like it for a long time. Works really smoothly as well. UI is like butter. It's perfect for what I was looking for and visually sleek. Only wish: white color icon choice, & Dark mode had black background option, not just Grey. Custom background isn't a bad idea either. But really just want it Jett black. But I really love the app. Easy 5 stars and a thumbs up purchase 👍",5,2,1.3.0,2020-03-27 15:52:00,Thanks a lot for your review. We are very pleased that you like Mindz so much. :) I have noted down your wishes as a feature requests.,2020-03-28 00:37:17
gp:AOqpTOGYvUx9_4Up7KpIJgMil1mFSnWG189PW71RRHF3gHdgHAhpqC0z90ZADD26RysjE_zkQr-0dOUSaqjkPQ,Jaxon Hollis,https://play-lh.googleusercontent.com/a-/AOh14GjoCRNjNKiG8n5cKEQ2r3Jat6gwlc1XjMsINDIxaw,Great app! I love it. Thank you very much for Mindz!,5,1,1.2.9,2020-03-15 13:11:22,"Hi, And we love your review. Thanks a lot :)",2020-03-15 15:24:56
gp:AOqpTOF1FDFmrEv9RTNQemcCaQPCEKdQHMrNVIbW8LOhn-mjMM_rtPG4SNC62FvYHNgGGFLt0ZFYmjSb-dnW2Q,badawi sulieman,https://play-lh.googleusercontent.com/-K79VO3wew3o/AAAAAAAAAAI/AAAAAAAAAAA/AMZuucnQRW5m-4L7z9FcG-COmBw-T916WQ/photo.jpg,So far so good,5,0,1.2.8,2020-03-14 12:23:13,"Hi, Thanks for your rating. :)",2020-03-14 14:58:31
gp:AOqpTOEU3jMfOTbtfSePTAJC9gVn8PZuvHnALXOA99ChR15Uf0iDYoUX-ooh6QKpB4zTDfUTfPKhxXB6W8fXhQ,Charl,https://play-lh.googleusercontent.com/a-/AOh14GhbTO8fUp_3gP90E0P4wM3u_z6n5-coLM2vyoSLoA,Such a beautiful interface which makes it so quick and easy to arrange the information much better than I ever could. I'm just a bit sad that there isn't the option to create more complicated relationships so this won't be my primary mind-mapping tool but I was aware of that before I made the purchase. I'm eagerly awaiting the sync feature.,5,2,1.2.8,2020-03-10 14:38:03,"Hi, Thanks a lot for your review. We could well imagine more complicated relationships to support for later. But that would require a bit more effort and currently we are working on the desktop version and synchronization. Until then, have fun with Mindz.",2020-03-11 01:57:02
gp:AOqpTOGx6VsffXuH-Vic7_GLEvuC0cyWX5pHLQWjsVPwbvJrgVOKVcpcutoq7iicP4WqeNhkXSGrhHNq71S8EA,Anthony Fok,https://play-lh.googleusercontent.com/-Pq8gQkqogFI/AAAAAAAAAAI/AAAAAAAAAAA/AMZuucmbCD6h6FqjGmqm31CqejPjL8M8tw/photo.jpg,Clean UI and intuitive to use. Is it possible to use the same node linked to different parent nodes? Wish the colour palette can be expanded too.,4,1,,2020-02-29 20:25:25,"Hi, thanks for your review and suggestions. I have noted down your wishes so that we can discuss them internally in due course. Thank you!",2020-03-01 00:46:25
gp:AOqpTOHA52I7kzNXt2_Y5Hq7HP0uI1mnncOO9yuwBvApZoFxCUVILm21narJ2oQf6h4GeP1_hXeT5HXqAY8aNQ,Michael Herd,https://play-lh.googleusercontent.com/a-/AOh14GisAQw7IMYQiqGG8nx9UtNdsHTmaU6NYyF1xGMz0yk,I'm an organizational junkie & I love mind mapping. I have used several others but I believe Mindz if the most complete. Entering new branches & data is more refined here. Takes a little bit of time to know your way around but well worth it.,5,2,1.2.8,2020-02-29 11:35:15,"Hi, thanks for the kind words. It's nice to hear that and it motivates us to keep working. :) Have a nice day. Greetings Tom",2020-02-29 14:38:40
gp:AOqpTOFHFoGityfKefwyYFLkCfyqAsGnCRpzmpJz5amEYbWVeve6FjxZ2O9C1EwnLQTAHul3w5S_Hycg4umzGA,Just me,https://play-lh.googleusercontent.com/a-/AOh14GiploB-5qPfukfrTLe-GsB7nNFRBGSNg7ytwWT9,"Very well done so far: dark mode, images in nodes, import export for opml markdown, etc. One of the few best, superb, fantastic, wonderful: 5* easily",5,1,1.2.8,2020-02-28 10:29:49,"Hi, One of the few best, superb, fantastic, wonderful reviews ;). Thanks a lot and have a nice day.",2020-02-28 14:03:55
gp:AOqpTOH3zzJhx6c-TXikRntO79tO2klDXE3ZJ9GxCGNpv099xua1Qw-bTX8JnttFHCLG2eU5DahPEtlYK0vjJA,Demarcus Collins,https://play-lh.googleusercontent.com/-qPUIksuTd_c/AAAAAAAAAAI/AAAAAAAAAAA/AMZuucmvrSHfOTttxmgb4-0Rq6EHRMB2Bw/photo.jpg,Great app. Helps me really organize my thoughts.,4,1,1.2.8,2020-02-27 18:11:15,"Hi, Thanks a lot for your rating. Maybe you'd like to tell me how we can also earn the fifth star? :) If so, just send me an email at support@mindz.de. Have a nice day. Greetings Tom",2020-02-28 00:14:47
gp:AOqpTOERk-OIMVhHBAMPNQHzGy_IUk778aonpz-rB13V5I59ZA-Hh9PcGL-napTvDsH3k6hx7nfPLsjbGSJd2w,Kirsten Kukulski,https://play-lh.googleusercontent.com/a-/AOh14GgMAZWw2csYFd9B8gs1i8K5z8KVg7zv60Uzz3rdGw,"This app is exactly what I wanted. Easy to input information, easy to adjust information, written and graphic format. Also has the option to create pdf's. With a small initial payment, and no monthly fees, it's also very affordable and well worth the price. One addition I would make is to have an account/login so that it could be used across multiple devices, and information wouldn't be lost if a device is broken or lost.",4,5,1.2.8,2020-02-10 02:08:14,"Hi, Thanks for your review. We're already working on a synchronization. Until then, you can save your mind maps using the export function, which we will improve a bit soon. Have a nice day. Greetings Tom",2020-02-10 02:44:57
gp:AOqpTOGGbUovi33AwDRX5VC0nQu1AhT6INK-2ZHfpzHqn1yStBMkY8yEu4Nfqw1v3qoKraTwuwJoajAPzGR1jg,Third Jaruda,https://play-lh.googleusercontent.com/a-/AOh14GiIqlNVVOj3gEp8B5Mo_XDg9YWefIucdeBcIVJ9,"Best mind map app I found, simple, no gimmicks, straight to the point, gets the job done. the tech guys are also very responsive on queries and feature requests, loved the free version so much, so I bought the pro, very satisfied with the purchase!",5,2,1.2.7,2020-02-03 15:50:41,"Hi, thanks for your review and support by purchasing the pro version. Greetings Tom :)",2020-02-04 04:17:27
gp:AOqpTOGdtG4Xlp1CM-eiuOearzPQhHqAMTSALYpg7e-zSG9PGYopPrznN6dSl6Cqt-DOuJGTc9olsLfVwsmvFA,O.T.B Harmony Limited,https://play-lh.googleusercontent.com/a-/AOh14GifB6RU9LvHrINZxSfWngahwDTqH9hKNiqQTqnCUw,dude .there is a bug in the program..while adding picture to the node or to the subject..i am unable to zoom or zoom out..its like stuck to one place edit - its working..may be image proble :),5,0,1.2.7,2020-01-18 06:52:31,"Hi, I'm glad you were able to solve it yourself. :) Thanks a lot for the rating and have a nice day. Greetings Tom",2020-01-18 07:34:18
gp:AOqpTOExYNVHqWAAZrmBAHD2mGvXnyIHKx6qYbPS8hOcYqrogGdmmDB5tw-ar48tKFJfoh87K3LT1oWqv0ak7g,Petya Pevko,https://play-lh.googleusercontent.com/a-/AOh14GgyKqfYl2LR9u5yWOFP5CBGOmtwTsC7AxMpj8UYiA,"Definitely, this is what I need to make clear some complex thoughts. Big thanks to the design and simplicity which do not reduce the capabilities. Moreover the app has the developer support in case you have some issues.",5,1,1.2.7,2020-01-16 00:25:08,"Hi, We are very pleased that you are so satisfied with Mindz. Thanks for your rating! Greetings Tom",2020-01-16 01:22:16
gp:AOqpTOHbigjxN4BZ4v4c-eL2PG7BazxFBEBVxvox0jDN9vu5aVEIUqpGPnuRp1RhDG46fksnvCBmwsGWwGGoXw,Iain Lockhart,https://play-lh.googleusercontent.com/-GPrXAApYV10/AAAAAAAAAAI/AAAAAAAAAAA/AMZuucmkuRKNn8i7RRYJceMDgVI2uy2S7Q/photo.jpg,"Mindz, a super simple but visually detailed tool. I work on multiple projects, with mindz i am able to map out my thoughts and then insert to communication docs to share the vision. It's a great visual aid that gets the message across and triggers the thought process for the team. Customer service (Tom) were really quick to respond on some questions and gave clear answers. I bought the pro format, really happy and there's more development in the pipline. Highly recomended.",5,5,1.2.5,2020-01-07 09:06:08,"Hi, thanks a lot for your review. We are very happy that you are so satisfied with Mindz and we will try hard to improve Mindz even more. Have a nice day. Greetings Tom",2020-01-08 11:54:43
gp:AOqpTOGXeGIsyc_I3KuZZiZ9Rsv7hnvFK5q2LLL6_kX_VGxLiD6fCQ9N4vQMsBnA4ITbVaKMgUaxII6zywggfA,Manitoba Gel,https://play-lh.googleusercontent.com/-1oGjFW7kgKg/AAAAAAAAAAI/AAAAAAAAAAA/AMZuucnrLLzoXF_1P615XW9-Olk4yr1F4w/photo.jpg,Found Mindz really useful for almost everything. Simple way to condense information that can easily be pulled out instead of wasting so much paper! It is exactly the kind of app I was looking for.,5,1,1.2.5,2020-01-05 07:55:23,"Hi, We are very pleased about that :). Thanks a lot for your rating. Have a nice day. Greetings Tom",2020-01-05 08:18:41
gp:AOqpTOGuPtU5Lv0t8b-TzP29FxrI4zh6XmyZgJQuEDR7-JDIqPd8VCSp2D6ZlywApmDePgc-Qy13dwa8aKIB4A,Prabu Ponnan,https://play-lh.googleusercontent.com/a-/AOh14GhXK2JZf56Wov9biei5Se_D9qLIYlnQDwe6MSueRQ,"Hi Team, I am unble to clear description completely once I wrote something. Example: I wrote description as ""list of items"" then later, I decided to remove ""list of items"" sentence completely with no description but here, I am not able clear all text. At least I need to keep single later or symbol in order to save. I.e single word: a Single symbol: . Could you please correct that bug if it is or am I missing something here. Please help me. Thanks, I am looking forward your reply.",4,2,1.2.5,2019-12-29 18:34:04,"Hi, I would love to help you but unfortunately the translation is not very good. Can you please write to support@mindz.de what exactly the problem is? Preferably in your mother tongue! Then I can certainly help you.",2020-01-01 09:29:37
gp:AOqpTOFFGUp6H_4kZYemgGpo1hYGAndwVdJcAfQtjvRvyniAeBCRb3NBcUkE0RXHVFnKxWW_B7vFIPQUo1cYQg,RAFAELA ROSA,https://play-lh.googleusercontent.com/-Vv820bPtS8s/AAAAAAAAAAI/AAAAAAAAAAA/AMZuucmJ0bp3rr8vnCvdh8tRmdlLCcA7hA/photo.jpg,I have been searching for a mindmap app with this exact design...forever. I purchased the app outright.,5,1,1.2.5,2019-12-22 15:26:24,"Hi, thank you for your rating and support by purchasing the Pro version. We are very pleased that you found what you were looking for with Mindz.  Have fun and have a nice day. Greetings Tom",2019-12-23 00:08:38
gp:AOqpTOEtL8uWuUU1nD0UyTqHq5qu1zBCudfO7Ijm8VsHmv02EuvZBGbBBF5neiZZYENJ_1AuzSe6y_lN6vuIxg,ksz Ho,https://play-lh.googleusercontent.com/-JIyw8iK_65s/AAAAAAAAAAI/AAAAAAAAAAA/AMZuuckoStgw74zA1cJf78oh6qZankPK0w/photo.jpg,"Remorse. Cannot edit it on a larger display using windows. Even using samsung flow, editing text is still very slow. No cloud feature. Switching over to another app",1,2,1.2.4,2019-12-01 18:44:29,"Hi, too bad Mindz is only worth one star to you. But we don't say anywhere that there would be a desktop version or cloud support. And if you still buy the app and are unhappy, you can give it back. But to rate it with only one star because of that? :( Even if it doesn't matter anymore, we are already working on a desktop version and cloud support.",2019-12-02 00:04:51
gp:AOqpTOHTE96grPB3qquhjqzu50WpN6S_xYLldic2JwZj-VJSWiJ8bbsbwgSrspxdIXSokKHisQgSfF10C0XM0Q,Ciprian Sorin,https://play-lh.googleusercontent.com/-3unIXlAgCDs/AAAAAAAAAAI/AAAAAAAAAAA/AMZuucmdOJdCQZZGIqopbxAf5ORfQB5fmw/photo.jpg,"Great way to never forget. Easy to add up info and easy to find it. Mindz blowing. Actually 2 apps in one, having the chance to us it as a regular notebook, or a mind mapping tool.",5,2,1.2.4,2019-10-31 10:24:30,We are very happy about that! :) Thanks a lot for your review and have fun creating more mind maps with mindz in the future. Have a nice day. Tom,2019-11-16 01:11:30
gp:AOqpTOE9-Lt0Jub28HgDV1fZgWoI80ChgspuPiJVyyXM--5WmtyGgLEw3sldv6C_ogDO8PQQYMtwzeSJHoZdgA,Linda D,https://play-lh.googleusercontent.com/-TGH5zdmFHMw/AAAAAAAAAAI/AAAAAAAAAAA/AMZuuclQe89_MRWdmxUpXYeSjNLH70ZmWA/photo.jpg,"Intuitive. Only one issue, easily rectified. I created maps in free version and decide to get the pro version, they appear to be separate apps. I needed to export work from the free version, import into pro, then uninstall free version. Minor.",4,1,1.2.2,2019-10-22 07:24:32,"Hi, Thanks for your rating. We will consider importing the Free Maps directly into the Pro or offering this option to the user at the first start of the Pro Version. I think that might be helpful. Thanks for your suggestion and have a nice day. :)",2019-10-23 01:11:16
gp:AOqpTOGtjhIoABeosVLZ1NwbB36E7fqEdF1KCH8abTugpHu-3ExiN3HEEmBnc5ZWhvO3YpkFZ5TTR-Bh_9BzSg,Graito Padmonobo,https://play-lh.googleusercontent.com/a-/AOh14GjvA2wcm0Mkx86PnKvF3SzcJkQP9K2swjlB6wwc9Fo,Add google support and it will be perfect,5,0,1.2.2,2019-10-17 16:34:02,"Hi, thanks for your review. I suppose you mean a cloud sync with Google support? We are already working on that and plan to release it in combination with the desktop version of Mindz early next year. Have a nice day.",2019-10-20 02:17:20
gp:AOqpTOElpvW4sdxT5t7JH5oHFcuYdiWcRZEI_KN-I8N7bMduCFoVUPpPl6RuWhZoocPx8fUcYRwTm1n6sByEwQ,EL SANTO,https://play-lh.googleusercontent.com/a-/AOh14GjKYmF2SNqPvygp_92P3slcRvp064gQxFP3Y7SO,Its realy a great mind mapping app. Thats why i now use the Pro Version. But consider you does not work here primary in the map like other mindmaps. You work in lists and thats very usefull for me. That makes the app easy to use on small displays and help me to focus my work.,5,1,1.2.2,2019-10-14 04:25:07,"Hi, thanks for your review. It's nice to see that users recognize and like the idea behind Mindz. Keep up the fun! Have a nice day.",2019-10-14 04:41:53
gp:AOqpTOF26-OYW0QSUE0xaDZi2NYIMhfrWhu8b3HnJUuQBT-5osafwI2vGXG8g8sWU7-K2fV9Jryeh9Db5RoKkg,裴Laputa,https://play-lh.googleusercontent.com/a-/AOh14GhsIQRppDJHL5is35iy6twfT-3fDnKc_aPYld4m,"Amazing app. Different of others mind map, it not let you draw a map diractly , but through nested lists and automatic generated a mind map you can adjust latter . This design make app easy to use in many things. Specially, I just need a place to record something in most time .",5,2,1.2.2,2019-10-10 01:18:16,"Hi, thanks for your review. Nice that you like the idea of Mindz. :)  And thanks again for your bug report. The next update will coming soon and fix this little bug. Have a nice day. Tom",2019-10-10 01:37:39
gp:AOqpTOHz4uQpUL_YneVBMBcBe_RzXhpxHeUwEa1URmmoSlzMAsXcAwwKmi49tLY2k2854i7XnBbdSqk9BmCw2w,owat owattrakul,https://play-lh.googleusercontent.com/a-/AOh14GiH59TTI18yRLyFriretF5ttaCdnvwyuhPzauTRFQ,Eazy to use and do the job well. 4 stars for occasional crashes.,4,0,1.2.2,2019-10-04 18:45:54,"Hi, thanks for your review. Of course crashes are not in our interest. You are welcome to contact us at support@mindz.de, so that we can see why this is happening with you. Have a nice day.",2019-10-05 01:13:36
gp:AOqpTOFwReexXcti37bJflewAHU9cCeuXK5xHaTlae56oOL8gSPnZ2PBeJfnMgdX-wfCrweprybiEr5wmy3PKA,pier giorgio napoleone,https://play-lh.googleusercontent.com/a-/AOh14GhxtJVFWRpNNQA-jihukK1OZu6g1RJURu5nDTeh,"well, the very beginning was somewhat tricky. this being due to the adapting learn process. it lasted long, yet. but now everything is going well, and smooth, the app's pro price is already paying itself off; I am working with this rather well, and I am starting to give to it the topmost level of preference. it's good to grow friend with this application. it will last ! FIVE STARS FULLY DESERVED.",5,2,1.2.2,2019-09-15 04:32:26,"Hi, thanks for your evaluation and kind words. :) I can well understand that the start was a bit tricky. That's why in a few days there will be a better introduction to the app. So it should be easier for new users to understand the principle. Have a nice day. Thank you, greetings Tom",2019-09-16 08:07:45
gp:AOqpTOFuJg0xOBJ97y_N1NaVErBVMCFUxDucDw8_0skZhx5oB9KBZtjAfEamuCIlIeDne5gY8zMizZ8kx_wt6A,Stefanie H.,https://play-lh.googleusercontent.com/a-/AOh14GjYJnh8KgmEiqR0c-fHUhVFHUeVINCHSdEJD5RQZw,Sehr gut und echt praktisch!! Mit den neuen Export Funktionen perfekt für mich!! Super schneller Support und super App!,5,0,1.2.1,2019-09-02 22:22:36,"Hi, vielen Dank für deine Bewertung. Schön, dass dir Mindz nun noch besser gefällt! Was den Support angeht, man tut was man kann. :) Ich wünsch dir einen schönen Tag. Danke, Lieben Gruß Tom",2019-09-03 00:30:50
gp:AOqpTOEILEaZy5T5f46SrvcgyhcsxZtH9rthMeVgTXjFzVooYcWhfI84p-UIn0l8bEu2LDqS3lIQFKO9yDmipg,Kam M,https://play-lh.googleusercontent.com/a-/AOh14Ghbpx2Erxdlcphbk6GrIcDzVtww5bLwS5gTPptaOg,"I was introduced to mind mapping over 10 years ago just with pen and paper. Although I had seen MM apps before, I wasn't tempted to download due to the clunky looking interface. This app has raised the bar in this field. The UI is attractive, intuitive & flexible, haven't made full use of this yet but so far it's an impressive piece of software I intend to use more. Only suggestion I have is to implement androids double tap, hold & swipe up or down to control the zoom level. Thanks",5,4,1.2.1,2019-09-01 13:35:45,"Hi, thanks for your great review. We are very happy that you like Mindz! I took your suggestion as a Feature Request. Have a nice day. Thank you. :)",2019-09-01 23:58:42
gp:AOqpTOFG8p2TKtP3GF0ptQzE9IP0QVY9p7A4r8peTNOyoO-kcZnVyPGsYEff-Kp5BVfRB_bdItV8hCNEPlyjTA,Tom Viney,https://play-lh.googleusercontent.com/-AuvG4xDpAvU/AAAAAAAAAAI/AAAAAAAAAAA/AMZuucnd8dle241Dopl9YB1t946nIDARug/photo.jpg,"I have used the app during and since the beta stage, and I think the app is very efficient and easy and quick to use, it is very easy to make, change and add to nodes. The map view is well implemented, and allows you to move the nodes around very easily. Overall I think this is the best app for mindmapping I have used.",5,4,1.1.7,2019-08-18 13:19:12,"Hi, we are very happy to hear that! Many thanks for your support in the beta and for the nice review. Greetings Tom",2019-08-18 23:23:03
gp:AOqpTOFHiBJG3b-WKxWYjh0RCapjATGkJe52U0xIc6nBzCaMgfqlvTFvqbtagRsMWhUldHyvGCI1X6QO5-wSUg,QuinsYjam,https://play-lh.googleusercontent.com/a-/AOh14GgZPnVRfVN-3WysGnVhU5tbMFbRQqCpO5u298k8BA,"●20190814 •How do I use my device's clipboard? Copy and Paste? •Is it an option for you to take inspiration from Google Earth's or Google Maps' use of Gestures to navigate a map?: )●20190813 •Have you linked your YouTube app introduction video to your app's Google Play Store page? •I would prefer to be able to open audio files from the map view, without leaving map view.",5,0,1.1.7,2019-08-14 16:52:42,"Hi, thanks for your review and opinion. I will answer your questions via your support request.",2019-08-14 23:52:51
gp:AOqpTOF-idpIjGWqjdklzUnTD_WnaTormQcEWXLS1Lu9VOMmQ5VAWDT5Fzk4E0Wv2WEEyVFlZlgAIeDukU3-oA,Yoyo Chan,https://play-lh.googleusercontent.com/a-/AOh14GhaINsOEHXjp3V9JWmemZPG1w7ootX_H5qPdwSp,"Love it, easy to use. But it would be even better if i could select certain nodes and enlarge them , so it'd be easier to distinguisher the layers. Now I could only enlarge all of them togather.",5,2,1.1.7,2019-08-14 07:54:52,Thank you for your review and opinion! Single nodes cannot be enlarged at the moment. But you can use the designer to enlarge all nodes with pictures. Maybe you can do the subdivision with colors? I will be happy to include your wish as a feature request. Let's see if other users want this feature too. Have a nice day.,2019-08-14 08:12:06
gp:AOqpTOFN2P7L8zZq9PgebZWTBWpeRVvX9tlxOeUwp0WdNW6yBsd5OPSi1gcGF5hDMW1LDHUmHuRPPFX7hvn7ig,Roosdiono,https://play-lh.googleusercontent.com/a-/AOh14GidYpGapOhtUz6SRkoP_WLouH03nw6vIJ7g5PD0SwE,Good apps,5,0,1.1.1,2019-07-28 07:56:38,,
gp:AOqpTOEIHVMHvPST1vIuvWU2aO-MbfEGRRvjEamF1XPIMa2e_Mn83K5QxS4xtLfAXcbe8Z557Vgztb_HqK6W8A,Carvis,https://play-lh.googleusercontent.com/a-/AOh14GhLlfJmbBMMvs0O6Ed5-8qb2eg_CcR7A1SWh5ROaQ,"inconvenient to use, it could be more intuitive.",2,1,,2019-07-25 23:36:06,I'm sorry about that! But please send us (to support@mindz.de) something more concrete which disturbs you exactly? We are always interested in constructive suggestions for improvement.,2019-07-27 01:59:48
gp:AOqpTOFmO6gcl7tYJaonvGMBf2LR2_qv-JoXpwUPImYHenilG1UrwV7QCo5ibqkZrwX50ymCHWM1eHVF9zFpyA,Yasser Mustafa,https://play-lh.googleusercontent.com/a-/AOh14GiZZcLQtms4eNc329BreU-7UzVNunroyl84Px6L,good,5,0,1.1.1,2019-07-03 23:25:32,,
