reviewId,userName,userImage,content,score,thumbsUpCount,reviewCreatedVersion,at,replyContent,repliedAt
gp:AOqpTOETH-ot3C9cIR5-fdmSCxXged1jGjAbfeBTtbTbMnDGXjUDAlhdG6a6WEZOErgVx8s3bl8Wvq4lSEcmjcU,Iso-kun,https://play-lh.googleusercontent.com/a-/AOh14Gi7zXLPmKHGLQCrYofTi62-35HNDJmyUxg35QVGMw,"this game is really good. really enjoyable, good vibes. my only complaint is that there isn't more",5,0,1.2.0,2021-02-06 19:32:45,,
gp:AOqpTOG2Ex6ZOApsB0FY9FfI4ghcCY2NB2y26-DtZdjZesMtuNdxbixnG4boaOX4yAaTeMdsfmydr4y7dR7h3Vc,Beasle Sop,https://play-lh.googleusercontent.com/a-/AOh14GigKc8Fc8nSC_tNh2pSdDXmMcVsP2eeHcU3hg_0fg,"Pleasant, relaxing and the difficulty progression is at a fair pace. It's quite different than most other puzzle games and the sounds are perfect.",5,1,1.2.0,2021-02-02 21:20:15,,
gp:AOqpTOHfc2DbFYpcnxdDl5nSTlq3jWWcJJK8-zldb9akzfVej7fmj3uAX4L8qmRQpd8yN82Q52C4v_ukQ1LC5B8,KML,https://play-lh.googleusercontent.com/a-/AOh14GjQlg5Y23SoMjiXqiX_Rwss_ZGtQzradAti3grK_8g,Fully entertainment app,5,0,1.2.0,2021-02-02 03:00:05,,
gp:AOqpTOF6njQyNiKPWmY03pkY-hJ_s9fSUQZR95wVPU4RLa74oBNsmC5MwnTyf6iPwkX5YsYd5tTJWhUGjJZ9onI,Paul Brown,https://play-lh.googleusercontent.com/a-/AOh14Ggnli__kHqixD34JIppm-H74u12xP_uN7NRRwgEVGY,"Fantastic game, absolutely love it! The graphics, the sound, the ideas around the puzzles. It's just a very very nice experience playing this game. I play it with a smile 😃 on my face. Well worth the money. Thank you thank you thank you thank you 😊",5,2,1.2.0,2021-02-01 01:32:32,,
gp:AOqpTOHEmD2GS2QqZxDsPuGqpQj5JaJCB5AzyncHg3JzHQgImBegy7YLYo4tAI__7MBC5VAtoEQ7PPj5U9T_5JQ,Alexander Ratcliffe,https://play-lh.googleusercontent.com/a-/AOh14GhQ086hrjxVnq3hAm1r4ihKMuJujiF1j4J0LfMuVVU,"OnePlus device owners should avoid. Developer confirms problems with these devices, but no plans to investigate and resolve.",1,1,1.2.0,2021-01-25 04:55:09,,
gp:AOqpTOEGf-jV0hMoPdSKTflPv8Ri6LhGa2Au40qkwHQadAYrmqusVA9gZcE0Ii1NF9PeZYHD672f046pfgmBFvQ,Kushan Thathsara,https://play-lh.googleusercontent.com/a-/AOh14GhgjjJxy99BRtcTBxOs6aIeKayo796fiTe9ZV5YDg,😍😍,5,0,,2021-01-22 01:01:32,,
gp:AOqpTOG2PQPZ9764MyICspzHXKOKuFLBOSMgo-b4XrK-2xSqubOAf6CxzyqxQtxNRzjV0vrjxSFjRQmLFwgueSU,ericks cc,https://play-lh.googleusercontent.com/a-/AOh14GjngG8YWMnIk7EHPD2VdNWekmToV3iVEsn9Xclm,"What a beautiful, well designed, relaxing and smart game is this! Great game, download it, you will not regret. Is better if you have the Google play pass (no ads and free)",5,3,1.2.0,2021-01-11 15:29:33,,
gp:AOqpTOHEfqCIvRenx1tymRdjsSFvrng7Ny_OHEPsL5-Te-CNenaRMTXLxCI12vHMeayj-Pn8W7LY3YTMCsKFbAk,Marisa Loccarini,https://play-lh.googleusercontent.com/a-/AOh14Ggt2hw8GJgh5CX7VC1VuvJXGv2KwfAApujr0m8u,"I love everything about this game. The graphics are cute, the music is nice. My one qualm is that there aren't any hints incase I get stuck on something. I try my hardest not to use hints in any game, but sometimes I just get really stuck and need one.",4,6,1.2.0,2020-12-18 07:43:57,,
gp:AOqpTOF-e1yHAI3qdpY3iOamFHz3RxNpcUihrm_SURXDOuqFoYXcaCGnHJucq4C-GwkKUqaqX5WZBvyPgothCSM,Filip Damljanovic,https://play-lh.googleusercontent.com/a-/AOh14Ghlfs1PEszFvhdYMZR_Z_69IaXdluw8ARWDr059Gg,Probably the best game i've played on my phone.Great job.,5,0,1.2.0,2020-12-13 04:09:20,,
gp:AOqpTOEt0pKCuucDb5cF2TMgvKlRQeILmrc4z4DQUo_HcEbqWlU1kPhd2q12Ee-o4PO6lDWKyMUY0e5Tl5TXTj0,Steven GMD,https://play-lh.googleusercontent.com/a-/AOh14GiGW2yBMu3BP2M2L7B92IjIapkiBxv6z7518VQPcQ,Its relaxing,5,0,1.2.0,2020-12-04 16:22:03,,
gp:AOqpTOELkVGUz3eVjm4cT3iO25LfjOaQGHupYDhFREKcSueDFk0btuXvu7CaOs20MVBWlepXwippClyNOjA0LQI,Sajjad Pakaein,https://play-lh.googleusercontent.com/a-/AOh14GgJaGlgXr-huOYAr5EdnqXv0I_iD0VzMsd8sOVZ,Masterpiece 👌,5,0,1.2.0,2020-12-01 07:19:51,,
gp:AOqpTOHrpXmKIrNhmXNmWiKfQz4F9TbPw8pYuawbr-xNxW_JznP8_wZ7oEDxBmkJm5DAMKHTV34Otx0Hc99ubUM,EvolutioNon Non,https://play-lh.googleusercontent.com/a-/AOh14Gg8hiUXo3Chotx5MSjid834eYEkXXLxDkArIPv0OA,This game is great for brain exercise.But have only 98 stage please make more stage.,5,0,1.2.0,2020-10-24 05:41:00,,
gp:AOqpTOGc9U5lIh542OhFvpZ0Cn4FJnpjoRwGqMd_Oz6lycgyYyc4ml5-mahZfj2CO_svHdUIxolyOJF2gPT5k6A,Mike Wachtler,https://play-lh.googleusercontent.com/a-/AOh14Ghi6c1IQ_E7K6xWRo88xUO52yLq20K7BaxRGaTi_w,As long as find some help it's beatable😂,5,0,,2020-09-14 09:16:18,,
gp:AOqpTOGXc3oMdgUD_Ud6PHCOjfQyZwNmDKlyXdLobjjVRRGgtldpsZMs-wcVYl_QYOePW03SHXAciyXgR8IIep0,John K,https://play-lh.googleusercontent.com/a-/AOh14Gh0WJzlz7OVS5yh6J7WifGjfVwI7G9zw-0ujTioTQ,Specially I liked the graphics.,5,0,1.2.0,2020-09-13 08:59:26,,
gp:AOqpTOGBLlG02qk6BmnasWn3s6L8EtTnbHTHQM7YR5B5nJgtj2VoStlrpJXAItNzHHrjKbQ6sy9WkU1UbSwftLY,Sarienn Horror Narrator,https://play-lh.googleusercontent.com/a-/AOh14GhWqlmZoQAmokASvbc1HsYwxGV8BunaYJ23yEMGXw,Makes no sense. No tutorial. First game is a thing with 2 white spots on board. Two red things below it. All you can do is move between the white squares. Nothing happens. Can't see why this is a game for 5 year Olds when a 47 year old vsnt even figure out how to play the doggone game.,1,13,,2020-09-05 22:07:15,Hi! You have to tap on the speaker shaped emitter and redirect the balls to the red goal area. I hope this helps!,2020-09-07 03:07:14
gp:AOqpTOGYEWc1qRibrcozFQVZmUl_MH1PYW_tvkHzCmhSSREYNp1ljrbDZrjwQJoNbFH4Bsz4qK4ZJfcLYPcekTc,J J,https://play-lh.googleusercontent.com/a-/AOh14Gjx59hU6NHCvFG6UqFId-dzvnVBHOpem2g4HwDgmIE,Cool. My 5 yo is hooked.,5,0,1.2.0,2020-08-22 06:44:43,,
gp:AOqpTOGOjjnQySuPQW86WuIH3sBYbYjTnIAShl2g8f-G3BCvhqdr8AD5awc_G7jREH2a1ZoVQLHRaD2P8TntjG0,Melissa Shupe,https://play-lh.googleusercontent.com/a-/AOh14GjD-APQD4qhLFJdvxu51nuD3cE34JWVBgpC7oyunQ,Very challenging and engaging.,5,2,,2020-07-27 22:32:28,,
gp:AOqpTOHgmWt-cxQR2crirYFnJJaNcB9LQEyl9CljPI5AInrNR-O5rCsJ22GlLGtmjG3T4RJdlfnDN4UJW8cmoMM,amr elfishawy,https://play-lh.googleusercontent.com/-Pbv_DSXT8II/AAAAAAAAAAI/AAAAAAAAAAA/AMZuucmhUhotCxzbvTpdanVs_CDL5U_oSg/photo.jpg,I love it ❤️😍 Although it is a little bit easy,5,0,1.2.0,2020-06-22 12:53:17,,
gp:AOqpTOHH4SdH-4wKU35GJgDtIbl8o2WEVRz4RNoIXpxikYA7QX6yEF1GRFFh5DIaZohjDussQQM3NB9dyHUlmZ0,Brayan Menchú,https://play-lh.googleusercontent.com/a-/AOh14GjtWOYcRpxpPh0JHKdBaGpcLqOW3N9niXf2RJvDaA,"A beautiful game, I love it.",5,1,1.2.0,2020-05-29 09:27:08,,
gp:AOqpTOHa45qCg-SrC6odTmSivex1T9zoTQZWdjTqR9iz2sOxNA2lkcJMqL3QxH28f2bQ8CiPD_Q1jHbZiItFWIU,Nick Motsarsky,https://play-lh.googleusercontent.com/-Jumr2CAuGos/AAAAAAAAAAI/AAAAAAAAAAA/AMZuucmcQmX5Z1HR8nBwonujX9Phkw6IPA/photo.jpg,I love musical puzzle games!,5,0,1.2.0,2020-05-17 16:38:00,,
gp:AOqpTOHOv8XoZl2dWhjFTG3_bJB_G0CQuBglCHTybyCoWvyd7L6PM3uiUkKQfAH5AAZJCutr9zYCvIf05ye4oWI,momma Bear98,https://play-lh.googleusercontent.com/-iPvRKBAYsHA/AAAAAAAAAAI/AAAAAAAAAAA/AMZuuckBIfs-5q1cu77i_4CkQoqYnrFPdA/photo.jpg,Cannot complete one of the levels...,3,0,,2020-05-14 13:34:34,,
gp:AOqpTOGu73i3H_eFlpvVu4qCrfXfh5dRyInqWmH_zRzuMrt0CilEop00XzG-n7RPlAg3-yYsdhizUrAjKZRaaZE,Rubix Head The Shape shifter,https://play-lh.googleusercontent.com/a-/AOh14GjU9fAOk_cjHmrOZWmRs32_WVzNMu3ggAM9DtedLw,Great game 👍,5,0,,2020-05-14 13:09:09,,
gp:AOqpTOF5vlPzty2_XDQztrYEDGn4jrPXtHkN8kGiKvGL-hm1YATSihD0loyuy_j55UhL8a5gln6jZYaSRiwjAKk,Ruben Potatoman,https://play-lh.googleusercontent.com/a-/AOh14GiaxUOGbg_pntqDyP8_T4CEMFCNJT0wpABS4Azn,Fun,5,1,1.2.0,2020-05-11 12:45:59,,
gp:AOqpTOFC3K-9yl5xC_ay-SOxFoe4Wm4dTCjWaw42IPgalbiHZlD6qCHh__teB-Sf3kNzXQTIg4TMfwtaKyYZlaU,Vasya Ivanov,https://play-lh.googleusercontent.com/a-/AOh14GhYmuTFIAcmP_wE2V2NjBWnZ0-ngVhMlAUEsvK9uA,"Fantastic game, fantastic sounds",5,0,1.2.0,2020-04-26 09:56:18,,
gp:AOqpTOHCqcTRO7Ey596oSRWLUrPusLwMUP_d4pUaIP_Xhlxi7JwRh776cswM0QGCGhQw072GZlcMcboekF5RsuU,Andrea Tamantini,https://play-lh.googleusercontent.com/a-/AOh14GizXUNl_6VoC0HnBEH68G0Vxq-nmia8nroTSPHh,"98 levels. The difficulty doesn't increase uniformly: the new features are properly presented with a couple of easy levels to introduce the player, in the other side new levels goes from being counterintuitive to others really easy to solve, the last level is a joke compared to the previous ones for example... It deserve to be bought, not at this price.",3,28,1.2.0,2020-04-13 13:16:55,,
gp:AOqpTOH4uF9KI32SQmWRUkx89SQEPIJPYHolCsBLA85d6ENC-Feof4vnhQ84jq9Oq96xNdoKMjl108sK636BbDw,princess leah lopez,https://play-lh.googleusercontent.com/a-/AOh14Gg_SAjNWI9CUklPZ6TKHZS0LxqA0FESfaT_YaBYIg,"Great graphics and gameplay, plus spectacular sound mixing!",5,0,,2020-04-11 08:13:52,,
gp:AOqpTOHcs2TjwegFXoBTxSiZhDjwVeaZbtNZ_c-bDfrWiQz5H7kvyb4Sz78f3WqRYEMDHGYIw-t6w3n0o9f92MY,April Salter,https://play-lh.googleusercontent.com/a-/AOh14Gj-6Z_r-nJY5ZaNfg9ZGC3_UvUW7FR5iA-vLH0xyw,This game is so beautiful! Level 68 is my favorite so far.,5,2,1.2.0,2020-03-28 16:18:54,,
gp:AOqpTOGILg7eoaKL4Hp1LK9Sp9HNBmBxrE0cOrB9Rq9Kj7aKoWUZExtj-TQd6XpIaGcx83dtTqn1oZ5Wr8uv8bw,Sharon Gregg,https://play-lh.googleusercontent.com/a-/AOh14Gi95lBcZ5xH76sX-9OWXB5uJRduv6_SEnM1hA-odw,Very much enjoying this game the characters are cute and odd looking and the beats enjoyable. I'm not rushing to get through which makes it a relaxing game so far instead of high pressure. Finding new beats instead of rushing to figure out the solution is part of the fun,5,30,1.2.0,2020-03-24 18:44:51,,
gp:AOqpTOGA1sbIV8ysDBMK_usMkUvRT0eSbaQQNkOUvuIuTVgeCtDbMnE9PZ0oNDXSxly-9UEqBNjUmbyIld-WUCU,Matt Holloway,https://play-lh.googleusercontent.com/a-/AOh14GimT_fjjFe5XzWI1ju-tNuDVnf-3ZBmtwO2jmbelg,Fun and challenging!,4,1,,2020-03-24 16:10:24,,
gp:AOqpTOH-gyEUlq7R-416OVFEBUX4gogMZRC5fWBNENrE7yjjx1jEJRPOG02DCL9EPtho4D88qFe5tZzm2NMFrnw,Abdul Isik,https://play-lh.googleusercontent.com/a-/AOh14GgfBAqxfzlHPJenBsTq8mnY7qSZeCO9EmDJEWW5OrA,Relaxing puzzles,5,0,,2020-03-21 21:34:15,,
gp:AOqpTOFymdezK01qCr7Vly2HZoqpyWkDlPJHBguKBYrAY0KHRhRorLPoTbItWLmpMJTz32gpbE-Z2mzHd8XUz8M,Sinan Ghareb,https://play-lh.googleusercontent.com/a-/AOh14GgK_uF39KcLC9MzhCDqaRS2wp2foAnr032kqt3eOg,"Great, calming, challenging at times little game",5,0,1.2.0,2020-03-19 21:33:17,,
gp:AOqpTOHY01AoSnaB3wVSadR-ReYIxKP0452iNAqJ4A5WfSSF9sRuHXcpx7UshwIVtO48iyWKBvLQ1y4LhLwhUqY,Ana Maria,https://play-lh.googleusercontent.com/a-/AOh14GjA6TrpeiBaZRXiZ_zUXX0ZEmz0gwX_Fxj2rseXHSU,It's realxing and cute :>,5,0,1.2.0,2020-03-05 15:02:37,,
gp:AOqpTOFB9iVpuS7FaalIRVUfZtuydmJgFzXfFy6PzD6_A3yDurAE6fOCoEA4-nt5CR4oNxtdQ9E_jnGJB1xgv_0,Trans Human,https://play-lh.googleusercontent.com/-R8JyRnrzz8Y/AAAAAAAAAAI/AAAAAAAAAAA/AMZuucns3CygFEqgCbHl8HPdC_0ss_tW2Q/photo.jpg,"Listed as offline game, yet needs internet connection to play.",1,3,1.2.0,2020-03-03 14:48:34,"Hey, thanks for writing! You only need to be online when you first start the game to check the license. After that you can play offline. This check is mandatory at least once a month.",2020-03-04 01:09:11
gp:AOqpTOHYT6xygQ6dc9E7Nswo6kB5L5BSgpBWv1lDTDkOtsXMnKkSyYaiES27gz_8f_NUNXrWhdi49_Vz4_1_uj8,Marianne Trzcinski,https://play-lh.googleusercontent.com/a-/AOh14Gj50Zz5gbTvDHCa48rDSZuK557DCwb4j6G985BwOSA,Good game! Just got hard to play a pittle to soon is my only complaint,4,1,,2020-03-02 08:45:15,,
gp:AOqpTOFYZaiMyzCOapuzQfV2ANjMCzv9s4EzHNnng95JrHcLfkBe5nLAL6-EH5cx4VsU8nIs6YlXRN4WlsNcH1g,Ryan Swan,https://play-lh.googleusercontent.com/a-/AOh14GgkCFHskEi84vAeMGI9zAnabU4y_Ji98LnbbNmFp5o,Audio is very bad. Sounds like static,1,2,1.2.0,2020-02-23 10:24:47,,
gp:AOqpTOHm5hCugahVicvpZ1QaySUGREvFS_8ZqeAxOCv1Pj_bdSSzavC443EGuA4CBLPUPlbs7SLj7tkNbH9_88w,Justin Carlisle,https://play-lh.googleusercontent.com/a-/AOh14GjMegOebAvXhXZNWsDlJERZ6-jUnywV-BF470GIPQ,Game doesn't open. Shows the first screen then gets stuck on a light blue screen.,1,1,1.2.0,2020-02-13 19:30:41,,
gp:AOqpTOF4nySEBASdFXw1qALlK67olFPSup9t9_RLaQ1uwpsrLj-ZZ8raijwugVLWRdNYl0Gv16AXU1QdzpjPvLU,Tana Perkins,https://play-lh.googleusercontent.com/a-/AOh14GhjKilY4Ph8uH8MvbxsPDuF3M7m6He1LuvFjLeGr10,Interesting but not engaging enough to keep me playing it for long.,4,0,1.2.0,2020-01-24 19:28:13,,
gp:AOqpTOG4AyIqu5C6c1baqe3FuRg8NlQ8Ki9IaDlv3N3HyMoDi80IG0l695e68BR4WMWqQe9uGiAFwDkYKR-N20w,Joe Garza,https://play-lh.googleusercontent.com/a-/AOh14GgAFKramx9UjJpFDVVZUv92AA8gLnRAHbgQ6kU4Kg,"Played only twice, but no longer responsive. App will not load on Pixel 3XL. Reloaded three times, app won't load game, just blank blue screen. I'm not going into any settings to fanagle this app to work. Can I get a refund?",1,7,1.2.0,2019-12-31 07:20:56,,
gp:AOqpTOHTKn4c29KwqEEEOa0ZBSA9rsOMatGbXnoCWb9qS7YmjV9D2TemiE1zkqpNgDz-m8300WWOc3IreTTHr7w,Brian Snyder,https://play-lh.googleusercontent.com/a-/AOh14GhudTvTkIf7ZpW7R3UHj7GZ7Ty8f_GcA6Wkc6V1nyw,"Very charming little game, the audio is really great and the puzzles are just challenging enough to give a sense of satisfaction wo/ frustration. Only complaint (which I guess is a good one) is its a short game. Can beat the whole thing in 2 or 3 hours of concentrated playtime.",4,20,1.2.0,2019-12-30 07:16:16,,
gp:AOqpTOFvjSuncTaHv2BhydyW4bASLJbhJWxD-EHJy8Ivaswr4cNdKTu9zjSrgI39L0S6gFMRZ8T8lEn2r9oTFrI,Neece Campione,https://play-lh.googleusercontent.com/a-/AOh14GgMAvVgxu2uRj9V8irX-mXdVOElD6d8XEYl9j97HhY,"This game is wonderful! It's delightful, fun and mellow. I love games that don't have timers. This one is meditative and I love that I am making 'music' as I try to solve each puzzle.",5,2,1.2.0,2019-12-19 14:28:11,,
gp:AOqpTOFr5mXgkoPzH2LA3yd6cCY8O_Dg3FUps0kAn4DyNyWcNK8VPLoYpLmMtBsuiZmBoXbwfGO9nuq1wYA3IGI,Ian O'Neill,https://play-lh.googleusercontent.com/a-/AOh14GjK0_F3d51vI3lsFjL7jGjRS3Oj8jplsegWSZ_yNbI,Great game! VERY challenging!,4,2,1.2.0,2019-12-05 02:18:36,,
gp:AOqpTOE3c0hgyPcOQ2GEY7Lk531wY710I3p46PO7PzG-qL8j9OBCp-ixmoiubCW5u9cFsWPuqRrWroL77JnkvyE,Jennifer Morisch,https://play-lh.googleusercontent.com/a-/AOh14GgBcpfeiR3qWbeLcSzdMSAhPt7yl43frY5ZxawTTQ,I Played until got stuck at level 20,5,0,1.2.0,2019-11-27 20:27:39,,
gp:AOqpTOF9qNUBz_jGDdqolCPjrFkrvpSXbAi_ufe5unmwcZ-UxOMnhfQeQQbowEC_lSIQT9P887GLN1ShmWbepUQ,Bugside almighty,https://play-lh.googleusercontent.com/a-/AOh14GgO1ejA3negQ55k-ZVKK8aKdR_9fWlWR6AwU6xQgg,"Oh no, was enjoying it, and now my phone got an update to Android 10 and it gets stuck app blue after the initial credits. Edit: it appears Android 10 deletes the obb file, and uninstalling and reinstalling doesn't create one",1,4,1.2.0,2019-11-08 12:58:10,"Hi, we are not aware of any issues with Android 10. Please contact us at info@jcstranger.com so we can try to find a solution.",2019-11-11 03:32:37
gp:AOqpTOFLSTaHjy-9ENlHz0UHu56eiej_fQC53IOkV_BcYPwycTTqzMGVuam6e0vCb2E_hsp6ZlrSt9tUT5I-2NA,starphoenix42,https://play-lh.googleusercontent.com/-G94nyJaQ8xc/AAAAAAAAAAI/AAAAAAAAAAA/AMZuuck7XtarEour377uUqp8-5xteuqn0w/photo.jpg,The visuals are perfect and the audio is so charming. The puzzles are well designed and solving them is so satisfying with just the right amount of challenge,5,2,1.2.0,2019-11-01 16:29:28,,
gp:AOqpTOH6IdZ9jTCJP5c2lhy9fe2sSUPyWI--jMGnRCLCgDPRZYagi6ZLJyj2fEcrHS4gAJJnhvUXij14WKIy_zo,Alexandru Tudor,https://play-lh.googleusercontent.com/a-/AOh14GgnkEVGiNsJYygHFKgNOxUe5uE-28PsfqnwXWI9Suk,Doesn't run on Pixel 4 XL running Android 10. Please fix as it runs ok on Pixel XL running the same version of Android 10.,2,0,1.2.0,2019-10-23 17:47:00,,
gp:AOqpTOEUZ7J6O78X-MzrTfjm_ayR3sLysPX6spsTbrtUD0jRhBanOh5dcr-ApUHIjHRo3ezCMOlIXqBZiHkboFE,Niyath Jain,https://play-lh.googleusercontent.com/a-/AOh14GipNE7SJpvYQEqgNxkh1Y2EqEWrrpNCM3N3Y38R6g,Cool game and it's good for people with stress,5,1,1.2.0,2019-10-23 09:02:04,,
gp:AOqpTOE-7YR1X6pdFuWREKeZmnRGQO-h1bqJ6nENwMJLeRRIyldjAh7DikGoDV4eCPTWMBfEjdrnrQvC4zit95k,ma to,https://play-lh.googleusercontent.com/-VQVgarX1QTs/AAAAAAAAAAI/AAAAAAAAAAA/AMZuucnf9utTBhPNghTf0mU987jeUs6YhQ/photo.jpg,Please add support for Google Play Games achievements etc. Thanks.,3,0,1.2.0,2019-10-22 13:38:35,,
gp:AOqpTOF_zEyXLMtv0qCzeRObIlifr11Zg-3Yxs3KPAwkhp91sOeCWUqSuwlVNHInsP3wzwRFqB52f8K34rZoPBk,Nicholas,https://play-lh.googleusercontent.com/-u8b4ktofZKA/AAAAAAAAAAI/AAAAAAAAAAA/AMZuucloB03iCmThAQOiZ4_1yHmztemyOg/photo.jpg,A unique and amazing experiance.,5,2,1.2.0,2019-10-13 22:07:18,,
gp:AOqpTOFSsSznPoQS1x9yI4KJiMnrkGqveSzYv-P4Eum9LfMX2RHBabNFng_CR-8ac7gtoiTSWc5CQ2gffBcynkk,Dmitri Carapezza,https://play-lh.googleusercontent.com/-3rwI2_DNLaE/AAAAAAAAAAI/AAAAAAAAAAA/AMZuucnPEWVrleO91hXDeULz2h2NzGXhPQ/photo.jpg,Fun but conviluted rules that are never explained,3,1,1.2.0,2019-10-12 20:14:21,,
gp:AOqpTOHUMrxz-RY3GJb3BOUtCsYf6659N3bln9CT6tWYfki5q2lLmhSlP-Yd2Wgbqgrm7c5FUTAWc-UU6FhSLzE,Benjamin Rubacha,https://play-lh.googleusercontent.com/a-/AOh14Gip44Yel2DBiLaOFUWz36lsvzp_ILW-K16-N2RsEw,I love this game. The music is on point and the challenge level increases as you go. Great game!!,5,2,1.2.0,2019-10-02 15:43:12,,
gp:AOqpTOHac8r8RgSzwVRxJJSd7B2EJL1XaeF8yQOTyiBKexJJCH52RwGzUvlOE_o46kWvq_r5mHZxS4H7GglfNTk,Paul Spoerry,https://play-lh.googleusercontent.com/a-/AOh14GgFm15k40wWk_2rkmYciVMH554q9SkY8JONifS-5ao,"Enjoyable. Nice graphics, fun sounds, progressively more creative puzzles as you go.",5,0,1.2.0,2019-10-02 12:13:41,,
gp:AOqpTOEUTpgmU88yYAnqVvZ5lOrxmDGU_70Xd6ib5Rmgm5ocNKGz7UnjxZzfuo9_hhXgtWJzv5I66k_YcnN8_Kw,Ruby J. Scheme,https://play-lh.googleusercontent.com/-Pq0aY26EOpQ/AAAAAAAAAAI/AAAAAAAAAAA/AMZuuclpq_ZNZotxW2cpuNV3nDvSASo5WQ/photo.jpg,Good Reflektor-like puzzle. Quite beautiful.,4,2,1.2.0,2019-09-30 07:47:07,,
gp:AOqpTOEYRbcKjzvSdxL5s5-C3rj2vKgQjmw1l4N70Gf5O-xqu0RtTu_OC2FvN-Haw3ixgQkKMAyZ4MYIobQplgQ,Venkata Ram Kumar Katta,https://play-lh.googleusercontent.com/a-/AOh14GgRgE6XNM-PO4vaPur-Ci738SQUTLS7NuN8IVOL,Simply Beautiful!!,5,0,1.2.0,2019-09-29 08:20:54,,
gp:AOqpTOHQOL7A65LTdFVuCbmOyUagKDXhx7tn9J0nCEggnzgm37GdL7EQTf4KyxdFzRaq5gE0beMLrTJOVRWdIpM,Tamara Jessup,https://play-lh.googleusercontent.com/a-/AOh14GivvFIj0uHiRGkMdCg5zn4D3N_zbQsgJKyRreokdw,"Music is my life, and this feeds both love of both music and puzzles perfectly. Hard to stop playing!",5,3,1.2.0,2019-09-29 01:43:57,,
gp:AOqpTOHDCyZCnj4IgbL8njxflgNH9GV4OZQZTgZVKmTVJGgyyv6OY0nQyLtEXlAAV5-FgD_1YB2YWrtPDgnWaI8,Rachael Beth,https://play-lh.googleusercontent.com/a-/AOh14GizRVxKOY-UuqG0tFDZISOqBY7mkr8bX_uPxCEIwA,Awesome,5,0,1.2.0,2019-09-28 16:56:11,,
gp:AOqpTOGD0Wj0iUQjBiBF0zlTAzOG5L3X10GGpu0XDMGuv_8dMsGpW6VZDB2pN16OcxX8cX2MAlR00tQDUjkrgcE,2 PAC,https://play-lh.googleusercontent.com/-J7_wsGw3gcA/AAAAAAAAAAI/AAAAAAAAAAA/AMZuucm-9xTDrG4QJic3tLBlmrGl14G-0g/photo.jpg,"This game deserves way more attention. The last levels are really hard 90 and up, because some levels require you to move blocks back and fourth to allow room 😮",5,1,1.2.0,2019-09-28 14:25:07,,
gp:AOqpTOGFQjMAOJmdQN9qSHu5rOdx7PMrugKKCFQNASe5pOIDnwiFo6op65mT6zGDooMgxryB9uS_ymL4onU0g9Y,Anirudh sreekumar,https://play-lh.googleusercontent.com/a-/AOh14GjxkqAmb2uoTJT_VUPBHm-QvWGsTWzYf6Sryv9VAco,"The game is super relaxing to play!! On top of being an eye candy with its awesome art-style, the sounds and the rhythm are liberating. Rather than completing a level and rushing to the next ,I find myself goofing around in the same level trying to cook up some funky beats. Kudos to the devs for doing such an awesome job!",5,13,1.2.0,2019-09-25 07:28:22,,
gp:AOqpTOEbeh-SFEMcJ7-XVrmRVQqFRx46sG3JgPHeyqJnZ5jLTOc8IgpBPjJZeGzjNneWw0uLIcTYcyrj8Uzqa6g,Gocha Gurgenidze,https://play-lh.googleusercontent.com/a-/AOh14GhvuxQeejH--Bn4B4QDU9_uyKcw9Q_T2OALu44D,Amazing puzzle experience,5,0,1.2.0,2019-09-24 06:56:35,,
gp:AOqpTOFa8rHeL8RVqRC_4amDN_V1xHrJMa9_pIDy4CkP5U7Rhve_UDXjBhrj-iZVX0x79x8t01Javl0kbmReL4Q,maria paz muñoz balharry,https://play-lh.googleusercontent.com/a-/AOh14Gi7WFyTkSfwVQDe4kveYkFaA6MXjg-bdK62R_jjxQ,This game has the most rewarding art and mood I've seen in a long time. It feels like fresh air!,5,2,1.2.0,2019-09-09 15:45:00,,
gp:AOqpTOGBuAhvMM62vQwlsC7r8L5sRFGhigeYXxPnumnOVoiJm4ZEEdGEF9w5f9KMb3JGYhCecqzv9Eh4QbyYNE8,Gabriel Games,https://play-lh.googleusercontent.com/a-/AOh14Gjne5llkqt-QfFbvYFFA-mLU9Uu5Bm_rk_lXfoAmA,I tried playing it but it would just stay on a blue page,2,2,1.2.0,2019-08-24 07:36:18,,
gp:AOqpTOGxBrJ3c9494s7purOyHtgWlchPgaugWFdqg0d0dTmexJM8gIxOiLA1_SagRqk8WYInBmz_aii97SelVc4,Dan Com,https://play-lh.googleusercontent.com/-5leGEAKvRdg/AAAAAAAAAAI/AAAAAAAAAAA/AMZuuckb3W_DWDo1S7m5DU8vkgJCUVQozA/photo.jpg,cool innovative design and game,5,1,1.2.0,2019-07-13 04:13:50,,
gp:AOqpTOEy1mewx6zm4BdmAnzVu6r7m5vzjsHtW52nHAnaKSrWLhdSD0N4C8q15uEjTPUeD0QtE0G5Z484l05D6I8,Tisha Beedle,https://play-lh.googleusercontent.com/a-/AOh14GiDINU-Ldum0veyNWhf2fzZOPKrNHFddvUz84lzlw,This is a unique and absolutely enjoyable game to play! I'm very happy to have come across it. Thanks!!,5,2,1.2.0,2019-07-07 10:11:31,,
gp:AOqpTOG-xPQ8l-hiEmfaee7eAEbqSnNsP_8jqfQkqIz1UPGngIKNyf7De5-sWO6kzppWzgVrlUC6-fxo2eGlSY4,Peter Ring,https://play-lh.googleusercontent.com/a-/AOh14GhOXf4R5pQ2DdxcY6j7h5yu_reCg41FRWnbpDwDXV4,Brilliant! Edit 02/06/19 Please update for Android Q Beta if possible.,5,2,1.2.0,2019-06-06 03:11:46,,
gp:AOqpTOFDCRbn14WtpLDWlqQ64xBGKLro1HKsebnJenVW1rts0_EgpRC47FRWBY1ggBL1MNQjQc2RsA9reH1ijgc,Jane Bobkova,https://play-lh.googleusercontent.com/a-/AOh14GhWurkFDl3-AwW5ZFAcp4_XH4cZDp9J_--BTeTrtA,"You're the dj of this game, love it!",5,1,1.1.0,2019-05-04 12:23:48,,
gp:AOqpTOGvf2KLfyudfdBPII1NTdW8Acm18pomTk_rgNIeFbqX_KTgKjdL1DIcuC2FfqswccKYIuFdbGv2iKJx1Z4,Zoe Dunbar,https://play-lh.googleusercontent.com/-3knOL9vauDU/AAAAAAAAAAI/AAAAAAAAAAA/AMZuucmuF4QH_0BZ-c9cnkb6A7fQgnQ5LQ/photo.jpg,love this game but stops and freezes at level 80 something,3,0,1.1.0,2019-04-25 02:10:43,,
gp:AOqpTOG0Kbj2PC4gEX4bIlYODM70mqAhzNGXUxYH8HqVoj5Z6WiP-poFJvuLQHaxCPr2gdf3yXDWipRQrcGXAMM,Matthew Bradley,https://play-lh.googleusercontent.com/a-/AOh14Gjj4Z-cXPyGHluyKVG02EqsnjbUCjT4ZYzXF3AIc7c,"Edit: I'm sorry to reduce the rating, but after 6 months the game is still unplayable for me due to this audio bug. It's a shame because I've been looking forward to playing this for some time now, but the experience is anything but satisfying atm. OP: I'm in exactly the same position as Guy Unger with the audio bug, however I'm on a Oneplus 5T. Thought I'd let you know my device to help with the compatibility issue. Looking forward to playing the game as it should be played after this fix. :)",3,23,1.1.0,2019-04-04 12:47:10,"I am sorry to hear that, Matthew. Please contact me directly at info@jcstranger.com with details about the problem so we can start investigating.",2019-04-24 02:21:59
gp:AOqpTOHlfc7XtV5sw_zAZSN-nZZCy8fWXRmE99FSoRJOT9ljE7BzQYwmAT0bxuV7y0Sl4v2teihg2z5L-a-udhM,Michael,https://play-lh.googleusercontent.com/a-/AOh14GghiPNdjMJIHAku1PtahtCdCQE3QvY4aPEQafzBJw,relax & rhythm game,5,2,1.1.0,2019-03-29 10:51:17,,
gp:AOqpTOEEXc0Y02hrcq8jvFcA_WCxUQv50Z95KcyBiC9JsDvqmbyOTqhYg1tDJJBzL4VUZ6J_QPBN1n_Mna4N8IM,zeek bonaham,https://play-lh.googleusercontent.com/-EBExAb2e5Ao/AAAAAAAAAAI/AAAAAAAAAAA/AMZuuckxSheWCU7COmCwKnis4_sXvdjpOQ/photo.jpg,A ZEN PUZZLE GAME WITH A COOL VIBE!,5,6,1.0.3,2019-03-11 19:10:51,,
gp:AOqpTOHaGr1m-LI5cZZzGzS0Po_nUh4_ThL31uEeAK1BQGpuzeIKOIKkcBWzyh9nRZW5E_C4ua4vLIO8Nq4WvB4,Soham Naik,https://play-lh.googleusercontent.com/a-/AOh14GgoKn6yZo1Wsn0a7BwKoS_mrmFuX72P3q1uKe7edRI,Fun game worth every rupee. Finished the entire game without any YouTube help.,5,0,1.0.3,2019-01-12 07:52:17,,
gp:AOqpTOF4o-78YP1sipcYrCZiq8vwCAVQ2xFlT_SaVjqgTQUIJrJvzfHTh9Fag4PJGNFFNvL6T5VQw6wdOU0JtAY,Arkadiusz Kulita,https://play-lh.googleusercontent.com/a-/AOh14GjJk-UYdYM4_PoYfY8y04FglI9W1IqfRPRZ_KYN_8A,super boring. if first 20 makes me sleep why would it be worth playing?,4,0,,2019-01-06 12:46:40,,
gp:AOqpTOGpsfo_Fi0SMvfqVnpBTEf-qbKJCi_OcTU4Qsxz-kEW1hBOlp9QvjFrC_7fagab0I-JdGHQ6rCyzSVlFjI,Gregg B,https://play-lh.googleusercontent.com/-AFJGvBjAvFo/AAAAAAAAAAI/AAAAAAAAAAA/AMZuuckOiX4fAeuoFsEf3o3yUOlHtCtPYw/photo.jpg,"A lovely little puzzle game that can be played in two ways: map out your solution before activating the percussive projectiles, so you get the final rhythm first time, or activating the projectiles at the beginning so each solution's audio is evolves as you work it out. The latter is more relaxing and more satisfying sonically, but undermines some of the puzzling because solutions can be discovered easier and sometimes by accident. The game is a good length but rolls the mechanics and more challenging puzzles out a little too steadily for my taste. Still, I enjoyed it a great deal. If you enjoyed this definitely check out a similar title called Micron which has more varied and interesting sounds as well as a less linear structure.",4,28,1.0.3,2018-12-15 09:30:18,,
gp:AOqpTOH4EAsqBWMIIrHx_uZBYGxrLJF9lqIhG6dTIsmS-cu9dRHEwHd2kzaOEge_04vb0zYLkd8Bb06kzez_ysI,Chaim Sirotta,https://play-lh.googleusercontent.com/a-/AOh14Gg1crCi0CsiyWWKXiCVUqc3x6ZUv8FS8JPchq6AoQ,Very nice and chill.,5,0,1.0.2,2018-11-25 07:59:12,,
gp:AOqpTOE0ECToKBCBqOp_fW1sD8Cu6r4WGeMqB-JImPG2qalGHHte0L13F0B1qLHMJkHXCIc-mhL39oSRE49NN2E,Akalanka Giddawage,https://play-lh.googleusercontent.com/a-/AOh14GjU2xOt4vhQ8KwmGBcve7bzoewwEJUL1pYjorg0neE,Incredible concept! Please add Google play achievements,5,12,1.0.3,2018-11-06 04:18:03,,
gp:AOqpTOFm8F36_eoRjAyr7lPvTPYW4GkOEMoumoGHYwA3ThprbfNdyOGDKcWR9msjXUyBFDYHZVGYJ6-zLLh6QW4,Iain Stark,https://play-lh.googleusercontent.com/-G6aV61ovgmI/AAAAAAAAAAI/AAAAAAAAAAA/AMZuucmSwpkuAJC_PjuBP9RlPmX4QKMoQA/photo.jpg,"Loved it, but too short. More please.",4,5,1.0.3,2018-11-03 00:59:50,,
gp:AOqpTOH67N9omd5gSn2yaRN-xoPX8WE80zc6PlxFZJtz1wRwIH1YuOm2C-ubimYRRhGM75ibA_VXD5sWRuX27fc,Joep Hein,https://play-lh.googleusercontent.com/a-/AOh14GhKKh8Vqm_GYAQkWmK_f7-QkG6q7BOOqRtuupSGP9M,"Really great graphics, a great puzzle game: relaxing and challenging at the same time.",5,2,1.0.2,2018-10-29 09:19:05,,
gp:AOqpTOGptkFLfWqr1xXUgQ5W8-29zmBYzAJRPS0yN34vDy4hdemSLNn1xYhVwLBODVdmifbpPOz_F7OgZIhyAqU,Yash Verma,https://play-lh.googleusercontent.com/a-/AOh14GhD3sS43etbKSU_Z9_1OZulBcSGxqNTQkvsDGg_,Game is pretty good and it's my first paid game to and I loved it.. It's enjoyable with nice music and sound effects... But it's not having as many levels as I thought. It's a very short game according to me. Please add some more levels to the game with a new theme. Other than that its awesome!,4,1,1.0.2,2018-10-26 04:12:00,,
gp:AOqpTOGlor_xFdC2gYFkcNFBK7Z7qMo9_jnNvIv5jKE88fnUIcoIybUQ5yPlDsF8pIzb25C5QzkAzKKsmA8Be94,Andrea Ravasio,https://play-lh.googleusercontent.com/a-/AOh14GhGpssLIeUAfqoZ4ZeHPJwVZ5Ukfh2xa9aRv1_kPw,"This game is a little gem. The puzzles are intriguing and the difficulty increases gradually, with the introduction of new elements from time to time which keep the gameplay fresh. Design and music are also a great part of the pros of this game! The options menu is a bit too minimal, maybe. Totally worth its money!",5,1,1.0.2,2018-10-26 00:11:47,,
gp:AOqpTOEr8hdDs_Nj3QPMVtLK0Idg8hsYcLkqOESZW3lvg-nCerxTQIyeoZERkeUag8RnJHzQrA5w1kXMRCSlNkI,Starblind 16,https://play-lh.googleusercontent.com/a-/AOh14GhnEGnwQe0xiOV-t6ctuSMe2gFxHHMYEMdcBk-QYw,"One of the best games that worth it's price in the playstore! Easy to handle controls, a good level of difficulty and an interesting design. Waiting for updates or a 2nd version of this game :)",5,1,1.0.2,2018-10-23 15:59:56,,
gp:AOqpTOGGb5V2pnXLENEFGhL8Y-JK2azf9dkdqU8g4GM1gjS6QhVjOrVUcHq6Yr6Gc-t1q9Kvz35w9FkS3_8Xhyw,Varga Szilard,https://play-lh.googleusercontent.com/-DKsQbbrCOY8/AAAAAAAAAAI/AAAAAAAAAAA/AMZuucllv9L0YESBA18qV7VVz5pzDLB79Q/photo.jpg,Engaging puzzles with amazing graphics and sound. Challenging but not frustrating wich makes it really fun to paly.,5,0,1.0.2,2018-10-23 02:40:15,,
gp:AOqpTOFeQASXhzaeyHLydxg4wVKcEFO_3fyNiM15-UXkZ2ONgdzmBztT6STYpRcFWPLj9jLUkyDgEJbcWHaClLo,wonder mr,https://play-lh.googleusercontent.com/a-/AOh14Gh-4G1boLPhIT-345Z8GUdXiyH6SPzQ0pBJUBLQFg,"Nice experiment. However, only 84 stages? Cleared it in a few hours😂😂😂",4,2,1.0.2,2018-10-20 20:51:44,,
gp:AOqpTOEm_45EPumdEZDBuF8oJ2q9_-YErLy-OZKwoSjHA2Vu6-ts4u6IRHTONeCyNQYKdu1BqEvA72qCCgdsFoA,Mateusz Młynek,https://play-lh.googleusercontent.com/a-/AOh14Gi6fQP7igK6OM19QOQL4G79nuUUoJ4AI3HLy6zfsQ,"The visuals as well as audio in this game are amazing. You won't find that many eyes and ears pleasing games on Google Play. The quality of this product is worth the price, game runs smooth and I really like the transitions between levels - where there is no load time at all. Good job!",5,2,,2018-10-19 14:28:56,,
gp:AOqpTOESlI6G4cvnYjNVwD2_FSpZ7cs692Nhx-Kx_etRdRyBMJw3tYOD2K0YTnZ_aW6wxqReGiKGbzuqL97LWXc,denny b,https://play-lh.googleusercontent.com/a-/AOh14GgtR_wT8izaJii4sBByLKIHSXOZ7xy2aiE8SVY9oA,Super relaxing - nice price,5,0,1.0.2,2018-10-19 08:01:56,,
gp:AOqpTOHFt3994S1Qnc0s3mowzzSA5CpTayOroTj0QEkQ_QovjpnpJV7xq1u-PIiUpjuJZAqrBdVwfr4Xn2zIA3w,Ramavenkata Nandagiri,https://play-lh.googleusercontent.com/a-/AOh14Ghflcq3FCunZpBcjOdpnuQeIWDuJwLGoS5w13P8qw,Great to idea to put music as core theme for this simple gameplay...impressed !,5,0,1.0.2,2018-10-18 14:08:38,,
gp:AOqpTOHsmrYOZjaV4-ZIOp_-ZqEBFsyjAnVT2qSNqrOPlplxJPaZCb_SRL4tPQEgnAdDsZD0pUSfqB8JfkJ63P4,Antonio Uribe,https://play-lh.googleusercontent.com/a-/AOh14GieylaMUFgrWAF_WCH5OG7mAehWZutyL9MutyF3jm8,"Looks and sounds awesome, it's also really fun.",5,2,1.0.2,2018-10-17 21:23:56,,
gp:AOqpTOG-dBKIaVpTEDFwUzSIw6esDWYGCHCMxzyctZ_MYYzDO6SsonGzg_uEecNFz1YQNDBfkPumfWjvzUAefvU,Chris Polster,https://play-lh.googleusercontent.com/a-/AOh14GiGVL74fMhu4eD0vBtV8KI9dNHaoAu3m7RqvQ3HIQ,"Apparently someone else had the same problem, but I simply get a fade to black after the screen showing me who the developers are. I've tried the force stop suggested by reviewers, to no avail. I was looking forward to trying the game, but now just disappointed I spent a couple bucks for a blank screen... my device is a Samsung Galaxy S6 if that is helpful. Happy to revise my rating if I can get it working.",2,19,1.0.2,2018-10-17 17:55:36,"Hi Chris, we will update with a fix soon. For now there is a workaround: Go to Settings/Apps/ELOH/Storage and press the Clear Cache button. Then restart the game and it should work.",2018-10-18 06:07:22
gp:AOqpTOGbS2AkkM2YYrXMFmXQ2GpgvuqyejeGKupMPdJqhDKPpn-FQpJCmyOY69GLibIuYX2nTdP0gh4ua5A0uCE,Ayan de choudhury,https://play-lh.googleusercontent.com/-nConj5jiRs0/AAAAAAAAAAI/AAAAAAAAAAA/AMZuucnBbKeIZtJKNDmg_lPZzOiP_XHZsQ/photo.jpg,"I have never been much of a mobile gamer, but this game changed my perspective on that!..wonderful art, super relaxing!..and the challenges are incredibly fun!...cheers to the ELOH team!",5,4,1.0.2,2018-10-17 00:11:06,,
gp:AOqpTOE8caWDI9IlYftNLULVnZR5msZD4yAtjlyqgcmTieE1Kuw617XSHpbv3-UZF77U6l1zqz34Cd8sO4CeXHs,Eric Orr,https://play-lh.googleusercontent.com/-XVzeZRt0-BY/AAAAAAAAAAI/AAAAAAAAAAA/AMZuuckNV37V1ppK5qtsv2X9_xiOsaFaOw/photo.jpg,Puzzles generally require a steady working through of the steps rather than a big eureka moment so patience and persistence should get most people through the 84 levels. It's fun. I wish it was longer.,5,3,1.0.2,2018-10-16 06:55:37,,
gp:AOqpTOHa-TH00nMUXTmD1RNOFmB3CW6-jevNtcXe6L64jNI5UB0EZSqZcQSPxqK8kKJW4a4bfHZA2wdMxInEecA,Kürşad Can Mutlu,https://play-lh.googleusercontent.com/a-/AOh14Gi576t7AjNf-TQvQtXg-xFGCKIqRbYGVkiPrwYzag,A well designed puzzle game. I really appreciate the way game makes you think. It made me remember laser puzzle but with music theme. Sometimes i just stop playing and make stupid rhytims :),5,40,1.0.2,2018-10-15 10:38:14,,
gp:AOqpTOFBJ1F4EV4cBi9BWZ6yLrFuGba2LhHKrn2hzbD0mmk3T8o9MJfY4Z3JaJGnDiX9weAaQeHXVFmjbBfH624,Kleverson Paixão,https://play-lh.googleusercontent.com/a-/AOh14GiAUrCm76XO-7LMFwZEzYxanTyCxFbEPJWVy0Oc,"I am genuinely pleased to play this game. It's simple and yet wonderfully implemented. The art great, I really liked the sound, and the design of the puzzles are so charming. Congratulations. Now, the downside: while it wasn't a problem for the game experience, the back button didn't showed me a option to close the game. I had to press the android home button, or the overview button and close the screen. I don't know if it's your screen flow or a bug. Somewhat annoying anyway.",5,97,1.0.2,2018-10-15 10:02:57,,
gp:AOqpTOFeybrG3UyvkrHIidKb0CT9i8WhX5TUY0G2N_rSnTfSilqsOyThy6vwsYOzExu_Zwd7zSlgvfyvQaFNXkw,Joerg Zahn,https://play-lh.googleusercontent.com/a-/AOh14Gijnns74B81MsFPB0bKB4uFW8xVgqTM-F2Hr3Yt,"Outstanding game idea, flawlessly implemented.",5,14,1.0.2,2018-10-14 11:07:10,,
gp:AOqpTOH5SNUyRQ_9E_RzfAeBRpUqQf0GUnuM8UL7oioidUa3rw9Qw5dVQdr9xcs3aXuBNgeAhGO-dt67Vb2ElMU,Mister Somebody,https://play-lh.googleusercontent.com/a-/AOh14Ghcl0ELF6fruoUWYu0yIC7dfFafkjN_l_o3AbLK,Really chilling game with great sounds and excellent graphics!,5,23,1.0.2,2018-10-14 09:24:28,,
gp:AOqpTOGvr71pDENmLb12leisutgQsxNL-LZ8I056AcqRsCXZyKxAuNWdLkvkiolJlqG7Wuk3ovNpoPnBTkrqZ_g,Kenaz [GD],https://play-lh.googleusercontent.com/a-/AOh14Ggsye6CZkK7CveoHgQjqW8atE9p96lwU_SlqD8zU0w,"From the reviews and videos I've seen, this looks like a very well made and fun puzzle game. However when loading it up, I can't get past the intro screen. It fades to black and it's just stuck there. Can you please look into this issue. Using a Huawei Honor 6x in case that may help",2,147,1.0.2,2018-10-14 08:51:04,"Hi, thanks for the feedback. Please try to `Clear Cache` for ELOH from Android settings and then restart (Force stop) the app. If this fixes the issue, please consider updating your review.",2018-10-16 06:18:29
gp:AOqpTOG9pXqELguhLS8hDT8oAQ2FNvybS0Ss0PLKGsSICBgFBS7XjsVDTBOQvwS-ghQbGIxCGIMhIiPNe601wGo,Guy Unger,https://play-lh.googleusercontent.com/a-/AOh14Gi7jQlxzfghRgESp2dKbSp5rw65Aj4Wx-XVJ3izkK4,"Major bug on my moto g5! When too many sounds play at once (maybe just more than 3 sounds) it just stops playing more sounds, completely destroying the purpose of the game. It's such a wonderful game and I'm really excited to play but I don't want to ruin my experience by playing this broken version. I really hope you'll fix this. Giving it 5 stars anyway because I know how much it sucks to deal with Android compatibility issues and I don't want to ruin the overall score because of it, but please fix it soon 😬",5,109,1.0.2,2018-10-14 06:05:28,Thanks for the 5 stars Guy! We are already investigating the audio bug and will hot-fix it as soon as possible. Stay tuned!,2018-10-15 02:41:47
gp:AOqpTOG-WjOOKxP6VpiwGWI2TzRBWHBp5V5OLHPYu6g_-_ZWeqQH4PBlxGpQ739Eyw0xkJbWgSL8iuVSMjg8LOc,Johnny Taylor,https://play-lh.googleusercontent.com/a-/AOh14Gjq4hyf9qmcodeL9uR4uncDmzch6bxkGI_oB3a_x7w,Love it!,5,22,1.0.2,2018-10-13 09:16:58,,
gp:AOqpTOELwa-iS6fcvfhUjMjff9hJoPSc-gRKeDKKs4Skv4-I-hwswk1HmlINmUOskbX9QlKmMSYVWgXCOheWDM4,Gareth Newin,https://play-lh.googleusercontent.com/-08TEvZE73Lw/AAAAAAAAAAI/AAAAAAAAAAA/AMZuucnlebtsE_socgCE7ItvwiH_fUN5Ug/photo.jpg,This is simply the best puzzle game available on android.,5,62,1.0.2,2018-10-13 05:11:14,,
gp:AOqpTOE5Z7gqpirikNMmt4T_1Nyzrhj36T1FWBzMm89A0JIJyVAPfQHyc601v_lJXkoIRDjdh7O_Amahtq3ZPjY,Lana,https://play-lh.googleusercontent.com/a-/AOh14GjmMcCrJnMPKApVZKimEyhTs13WPGRXzjA8D4tSSA,"I have no words. Absolute masterpiece of a game!! The beats, the animations, the gameplay... Buy it, you WONT regret it!!❤️❤️❤️👍",5,113,1.0.2,2018-10-12 23:15:07,,
gp:AOqpTOFAu3Bu_9C9dqq-H3KXDLPcUw-ml86LqDHWVYwSR2dTtzqPyJSjJbQETLc551vS0JaA2qa_xGUioIchxm0,Linh Nguyen,https://play-lh.googleusercontent.com/a-/AOh14GgkQHQOEBu-MmQc49Alml8RU9V7zqkSdiOq3tqc,This game is freaking awesome!!!! This must be designed by a genius,5,105,1.0.2,2018-10-12 19:54:36,,
gp:AOqpTOEqJVriEH__hloKlcl_9cfQvSCJGNfLGUEN0YRjhZcVLSc_9A3E6PfPY4xAaZYdVrECzd6ejRkzVuDLgmE,Georgina Armstrong,https://play-lh.googleusercontent.com/a-/AOh14GhwxsjmeLnwfT-roBB08aYuKcFYVr0KRQD6wSf_eQ,Brilliant. Beautiful. So relaxing.,5,43,1.0.1,2018-10-12 14:42:44,,
gp:AOqpTOEiKSI2TTAvP6K2vzQ3kePSzfk30T2MX3NiBk3MSRkvkCovxvvhweX3T9flgQ183M5l9-ynrnzxxhfNLek,Tanya X. Short,https://play-lh.googleusercontent.com/a-/AOh14GjHHknz35GYQrNxrBCHirrF7kha_yp1XlmU3ml6TA,Beautiful! Most puzzle games frustrate me but I like how in ELOH I can tinker with solutions in real time to find the answer. Great audio too.,5,184,1.0.2,2018-10-12 09:42:27,,
gp:AOqpTOFhnNejZU5az_5zBJXk5efTwfSrYGDvj3GlD4PDFGHZM4ANmu_UDFmSpYDZsydKGIVXGciaDz-mZuwmW40,Nick Ladd,https://play-lh.googleusercontent.com/a-/AOh14Gj2pcIb5sxsdEiQpUdzljXbdQNAEOFXOlfZuT5jr5M,Stylish musical puzzler,5,54,1.0.2,2018-10-12 06:02:59,,
gp:AOqpTOHdsA57BDYQPcTa3B6y3lMLgBi2w6Sxp76ugic-GMYQoYtriO0Mjkki9twVDqmnFptQO4qZoUF4SsrxiOM,Roman Matviiuk,https://play-lh.googleusercontent.com/-H_5kSzQsCnQ/AAAAAAAAAAI/AAAAAAAAAYA/AMZuucn7QbXnUFMfrNAFSzRfZMXPQ8GRrw/photo.jpg,Cool art style!,5,91,1.0.2,2018-10-12 00:31:07,,
gp:AOqpTOEDuzszAAI0p1GwO_9EeTDFHgTVNc53VYcMJs1G_HVjRjJv-wn1w3TWGtAXFTkM87AdM2_RwWYIYiC0e3Q,Jörn Hagen,https://play-lh.googleusercontent.com/a-/AOh14GhIeik9ijxRljxNbcTgOxJ7W43-IlT4h0zqoYUR8w,Nice and fresh puzzler,5,79,1.0.2,2018-10-11 08:41:36,,
