reviewId,userName,userImage,content,score,thumbsUpCount,reviewCreatedVersion,at,replyContent,repliedAt
gp:AOqpTOG8nwNb0QKLdPRvFF8twd1L6i9sCcG1HJUzT6UyN3EBA3siPOyarNmMIlzi-MnRAGxgcevGQP2mx0C1gA,Jo,https://play-lh.googleusercontent.com/-m1Htk6UE8Fg/AAAAAAAAAAI/AAAAAAAAAAA/AMZuuckpqVFU9YsMV-39OwJnRtLutkonjA/photo.jpg,"You CAN'T SEARCH for conjugated verbs like ""prends"", ""fait"" etc. which is a huge downside since otherwise the glossary is quite good.",3,0,1.0.4,2021-01-24 10:00:33,,
gp:AOqpTOGALf5cmByIuaccu2CBswhQM4rorPlIFSkcELjIebrYPTOhyU3x9mawgVjtkqhUvVGRq-n_FrO_Me7w9Q,Ross Lewchuk,https://play-lh.googleusercontent.com/a-/AOh14Gh2pG9TqFfwvoxq38VBJmn9nW5wrBRpMMvZGweLpQ,"Excellent! Worth every penny. (At first it was stopping at conjugations, which I reported. Works fine now after a phone restart. Android 7.1.1)",5,0,1.0.4,2021-01-23 06:09:32,,
gp:AOqpTOHfWyxESGa11Estj6yDgzLUjlEWJmNYuv6xYIMEQ61_MwPypSQcnkDIwUmMxmXdGehZ4gJHJtMYl_r4NA,Elia Zomot,https://play-lh.googleusercontent.com/-ezHx08aBDgw/AAAAAAAAAAI/AAAAAAAAAAA/AMZuuckB0vqsAy4fAWIqcCZTZ1_ZYElalw/photo.jpg,"App is pretty basic. There are no settings to change font, option to contact the owner, offer suggestions or anything similar. I also expected to be able to click on the words in the definitions for translation instead of having to type them.",3,1,,2020-12-16 11:12:01,,
gp:AOqpTOGyyK5lsqtE33ElRdW7ukDgTb8z2sSITHRQOV6FBNq4xnsxiIdV8gV-bW0Khlc0pBBA0_ZQUVgAzdD_Kg,Mandakini Baruah,https://play-lh.googleusercontent.com/-pOWaHvErHCA/AAAAAAAAAAI/AAAAAAAAAAA/AMZuuck5d--4KF4AZLWYc82-BGRECZ_T-Q/photo.jpg,🥰😍🤩😘,5,0,1.0.4,2020-11-09 12:27:54,,
gp:AOqpTOHQwCCTlH0uRJFVs6y2IpU4apg-d1YEEKfYRVMY5XjB8nFOhcbGTctM_SlNKZjXJb-C-_jVRs0ICK12KQ,Jedi Knight,https://play-lh.googleusercontent.com/a-/AOh14GgfEUhE8ZNX9C5UvEJUkmsdGR4gfsKAdzSgqBxO,Good app with decent service. I reported problems and they fixed them quickly. They listen to you and respond. A product behind a group of staff who care shall win their business!,5,4,1.0.4,2020-10-13 19:39:52,,
gp:AOqpTOFicB_TEtyp7EzqYYjfvCY3MB-sBKuPbnOIXQS1IN4SJ9OOtYyqCBJDjRjCyg1DXbXT6XZYgNIJEZaaOQ,Bill Newscast,https://play-lh.googleusercontent.com/-9qUnCOGkghI/AAAAAAAAAAI/AAAAAAAAAAA/AMZuucm9Ooiv0nIvpJpO5G964x3hc2ID9A/photo.jpg,"Application revisitée de l'ancienne version, avec ajout d'une section travel/voyage en plus. Ce serait parfait si le nom de l'application était un peu plus descriptif (comparé au 'French' actuel)!",5,3,1.0.2,2020-02-09 12:55:45,,
