reviewId,userName,userImage,content,score,thumbsUpCount,reviewCreatedVersion,at,replyContent,repliedAt
gp:AOqpTOGoloVH5WIYiv65KPXVqaOf92rOD5PXM57jlKSCuj4z1XqAT30UICpym6Qh_t2g2Z9GbOlMpSb7NSPMaQ,Hunter XD,https://play-lh.googleusercontent.com/a-/AOh14Gg9m_RxIB_BmUb6ASfUGiEhfT3KoCfI2YUPHmFTmQ,This app is such a masterpiece 🖤✨,5,0,stable-1.60,2021-02-10 03:00:12,,
gp:AOqpTOHufIYnjdgVd52Y-65lolo80BLs0xY5Xw1kkMInt42gulZKkVZ0aQbMF2XNeYnzzKyOFD7qvuAS3c_Bsw,Akash Deep,https://play-lh.googleusercontent.com/a-/AOh14GiBb_aKJKLj7tK0yVv9H5g_ZQa0U1qmlwStMnm-8g,😍,5,0,stable-1.60,2021-02-09 23:02:52,,
gp:AOqpTOGJeQIJ0dPDIpRLyYdt8oLFBEtPVM1-okggodqTD3WXMl2N53gEkIqiyRD_ZKHIrgfzLhyZqe1j33oKHw,Benjamin,https://play-lh.googleusercontent.com/a-/AOh14GiHsqNNYHfAMiun5QXZoXp8avXP5DGKduubcSgQ1O4,Your one stop shop for customization,5,0,stable-1.60,2021-02-09 22:58:21,,
gp:AOqpTOHtM1-VE8r2qeiECbWY2-75ti4imRQcERkDlTeP0J9cC3xP5vg5tewMXX-OCAc1NP7CbAnhKucDxyC03g,Howscribe Dayma,https://play-lh.googleusercontent.com/a-/AOh14GhX1HgrX24-vSLMxI4eGM0smuoCrTnpGzkeAWVL,Great customised setups,5,0,stable-1.60,2021-02-09 22:52:46,,
gp:AOqpTOHJ5vYsDTIedA0AuA_EMlIedgSzCvgj4_h_T9Y00mBmP5YRNYLjTQ6F5SRUT6JILZfjISViECQZra5pQg,Hari charan Adduri,https://play-lh.googleusercontent.com/a-/AOh14GixAex-ll1hAXMyUz1SxSfoOxo7IbVzF5S4_2jHFg,Very excited to use these home screen setups....... Simply amazing😍🤩,5,0,stable-1.60,2021-02-09 22:47:58,,
gp:AOqpTOGbfUWkZYHvlq4LHRgpV0NkIzDfMfNJsbJt6WND1GdvYhIbZEOq6hMWCaQ-ry4fUnGiRjqbH66-HT4n2A,DRAGCON LPU,https://play-lh.googleusercontent.com/a-/AOh14Gi64a5WVLuprdGfgM-wK0cMpGrpSpqHx_YlqI91,"Awosme app,great to use",5,0,stable-1.60,2021-02-09 22:44:00,,
gp:AOqpTOGJDoDbmJTfmSnEoZKzX_c9EdCgodWlWksOuWOGl9GAw5Nqys_EO_T093-MOwgqz_rEeAFWCITt15SQIw,Emad Hussien,https://play-lh.googleusercontent.com/a-/AOh14GjxuWnHIikCa5S2JHk-N47QACUno_UDl7kahJDMWNg,Great app,5,0,stable-1.60,2021-02-09 10:40:08,Thanks for taking out time to rate us. It really helps us to keep going and delivering the best :),2021-02-09 22:30:58
gp:AOqpTOG5OTMNRfjd3Q8K6vzhQBXhAV4738c1jfO5o2HLodzdq88Y-IZsop5SjzXNzRorhZ8AJO2JXpFBoKUFzA,Vutshilo Fortunate,https://play-lh.googleusercontent.com/-DeLRHOZKtow/AAAAAAAAAAI/AAAAAAAAAAA/AMZuucnWEhqEdoxeg0ohw8S07HbDdFC00A/photo.jpg,Best app,5,0,,2021-02-08 17:47:35,,
gp:AOqpTOHM6eU694nubymwF5gkBggP4xxq1C7NtCUFBuMJWWkRdRFEcXIuyhgNOlbt3r2F8BUhwNmLL6l5nIT-Dg,ސMukhtarސސ ܫZadranܫ,https://play-lh.googleusercontent.com/a-/AOh14Gg9odO37GPV-nZ7_4G11x33-DnIOS6f1HYVu7uX,Best app forever,5,0,stable-1.60,2021-02-08 08:17:09,,
gp:AOqpTOG7DlwyI1vN8mF0p7FJGOAm_JTk5WOrqGaBY0OAPoTFcWkimVPWmTCAfL_yKXhZWKm0Gelsd1k-jhZwlA,Kishorebabu Yendluri,https://play-lh.googleusercontent.com/a-/AOh14GgudnMeNOkAGFieTvrVsNZFbqgEPCWnw2sMBgUrtw,Good,5,0,stable-1.59,2021-02-07 18:47:03,,
gp:AOqpTOEY2KAUqoSm3CykDrLtTAsxu_WPNLuHN3nUOOrDTnwM7ErT7tHehnhOjgjcdSo6O0qN47JKjmwF8K5KyQ,Mohammad Mohsin,https://play-lh.googleusercontent.com/a-/AOh14GhHsWiuImgB9gVKbPQkBh0HoaP8uuED7dcBKfy3AZQ,Superb!,5,0,stable-1.60,2021-02-06 19:49:11,,
gp:AOqpTOFcmcjJDzsyl-vifCQphELU5g84tvtXFh-Z7f9nuQmtgqJoJmgkQddoJu0wKQRpR4JmShRNUffxntZPUQ,Sony Maxx,https://play-lh.googleusercontent.com/a-/AOh14GjCanMt_A1Zro3j2V4VZCt0kWVE8Ul6YWyTSQSLjA,"I can't have enough, so many great setups to spice up my home screen. Amazing work!",5,0,stable-1.60,2021-02-05 21:03:14,,
gp:AOqpTOFNRI-sa6jgTLw3b-v7vc3izxRrPFBkvA8kiWKLlZOApW9swU6JuQTh1djrXYMZmbJE-fnmNfDJHJEcxQ,T M J H,https://play-lh.googleusercontent.com/a-/AOh14Gg-STIgJuVIl4ay8XPoXy0ZBx3MxulVg6sgXr6NpA,Beautiful!,5,0,stable-1.60,2021-02-05 09:15:06,,
gp:AOqpTOGN2YMZnr48YFKlj3WznK2qPDFcBEthfw0VyJQ22zGwHjAW_1JfVCXX_ZLz9J5cpTrgicKxGSNU8a8_SA,Tanmoy Roy,https://play-lh.googleusercontent.com/a-/AOh14GjnZ6tNBMUsdMAaCtYllgk9MPaOnPwhvusFsj6CIA,awesome app,5,0,stable-1.60,2021-02-05 02:36:40,,
gp:AOqpTOEygg5vWvulze54T3xH3eXCr_W5RvuFGTUshbd-tNfQGo9aRn8vd965HpJNTEBsetLa2vD__qBhbYfYTA,Yash Mishra,https://play-lh.googleusercontent.com/a-/AOh14GiWqhViI-_AXy6q5qqA_NwnY1VD7A92Nt2FR3s3k-E,It's the most clean looking app that does everything that is says. Everything from design to execution is done perfectly. Prime is worth it. It is just a beautiful app to make homescreen beautiful. The irony. LOL,5,0,stable-1.60,2021-02-05 01:29:56,,
gp:AOqpTOGMkxaoDC7ut3W2i1BzxmpOXBsoQAF2XUchqM_jaQZe4G-5eudz7TO9QdL9S-Q1Qyv96ztywyyBTGziPA,Chander Hans,https://play-lh.googleusercontent.com/a-/AOh14Gi2bu8XXLSE52M04C6j2RBOK44Md_mqDsV5d8DLOQ,Great,5,0,stable-1.60,2021-02-05 00:02:09,,
gp:AOqpTOHZ73QDPI0QS_dVLZuCod8E43cHrSO10DnHeNHTh7nYbaJP1RspMQgYNuhOQONETZsktXaZxuzkDR0g6g,Sarmed Ameen,https://play-lh.googleusercontent.com/a-/AOh14GigZVpd0WXhINbY6yDCSxerKlM4sAKs1I3UPwOplA,"Awesome wallpapers! Thanks for "" In depth reviews"" for pointing to this app, very cool home screen setups and beautiful wallpapers.",5,0,stable-1.60,2021-02-05 00:00:49,Thank you for downloading our app! We will keep working on it!,2021-02-05 00:14:25
gp:AOqpTOGWhJHij3GmS2uHWL__tawH9JFL7r-nijmdYLswx1R3IWil6K4rquk5LdQxgUlzIO6lyuhO1IjDrr7e4Q,Ayush Kushwaha,https://play-lh.googleusercontent.com/a-/AOh14GirKdX-05ckAFBXvPZ6eHktPnkUg916V6GcnYMHDg,"For the very first time, such app is being used by me. I am a huge fan of customisation and this app is nothing sort of gimmick. Does what it says. The only problem is the ui. It's a bit laggy. I tried it on three phones and found no difference. Improvement on the UI part will just improve a lot of user experience. Overall it's worth for a 5 Star...kudos to the team",5,0,stable-1.60,2021-02-03 21:15:58,"Thank you for your support, we will fix this issue soon.",2021-02-03 23:43:51
gp:AOqpTOHhsRXzocKfXkh2yjWC66sCHrlJYDdbqaUAs_rTtWVBCuQxk-_DuBqz_F3SA4FUHY-rh0SY0cZRs-TI9w,Robin Negi,https://play-lh.googleusercontent.com/a-/AOh14GgtlYxjzIFRnPxMiIpjLFOJP5UC1sRFD1OFKv2KnA,Really good app but app doesn't work in Landscape (in my tablet) Will enjoy more if screen orientation will work fine in any size of screen and to set the wallpaper,4,0,stable-1.60,2021-02-02 22:46:33,"Hello Robin, thanks for your suggestions. We have added this to our upcoming features list!",2021-02-02 22:52:51
gp:AOqpTOEy9tPph3PYkUmH5PCG0dyrK4SsjIK-fkCP8TW9KpPsNC649Rp7cYTSowJ-GreT-X7xnOecAsE7XH1T0A,M.I CREATIVE,https://play-lh.googleusercontent.com/a-/AOh14GjQu_up2cSoGr05HFyZxqNBfep6-bCvY62Dtp-Qrw,Wow. As I expected it is really great app... But u guys need to add nova backup also so that it can be better for us to use.,4,0,,2021-02-02 00:25:18,"Dear User, really appreciate your suggestion. We will consider it and improve our app in the new version. If you have questions or suggestions please contact us at fusiondevelopers90@gmail.com.",2021-02-02 03:19:10
gp:AOqpTOHnjKFqNZDPMFvUMQvlhOB-jzIzRzYrIZOZ_Xi85VdmD5sDCM2Zbe_AdX9mjxvI5b4ncfi6-Z4y3qNl2A,Azharudin A Hamid,https://play-lh.googleusercontent.com/a-/AOh14GjK6810uR-kJFam3eQsqqW2_umaXz30DD3-kfvudA,"Great app, loved it.",5,0,stable-1.60,2021-02-01 22:55:43,,
gp:AOqpTOFcH9pNpsFPPs7l5pT0kWc_36icRgqNC0iTeqznlAm792m_tiB67vOcHBz1AnJxV6_Cf7VRezGrix98hA,Akash Kumar,https://play-lh.googleusercontent.com/a-/AOh14GgFb7Ru4yMRVPNYxa1o9-AYeIwFEg00Z3RxK1e5bg,It's not like I am using the KWGT Widget first time and I also followed the video step by step but the error keeps popping up. You may be right I should follow up with KWGT developers. Thanks for the support 😊,5,0,stable-1.60,2021-02-01 09:00:49,Thank you for updating your review.,2021-02-01 09:12:13
gp:AOqpTOEqNA3sgbAhx8uFB9As-aMwL-qFgXauOTJzbI8puBoiJutGH7JCWUiOtE9QSLgYcBEWLTevE1lJ365-oQ,Parimal Chauhan,https://play-lh.googleusercontent.com/a-/AOh14GgqbJn3wfE0VXN2pD0AM3nM4hwGIMP9iX6M60_5jQ,Truly awesome,5,0,stable-1.59,2021-01-31 01:21:21,,
gp:AOqpTOGG-pdDTL0MH-9EF8GJeD195T3dHLi1roVU9Ttd7h9bmkJCGSNyBMT5bmnj0lwpsSyJDGcihHdNtniPJA,Hakimuddin Javed Daud,https://play-lh.googleusercontent.com/a-/AOh14GhRhCVw87lO_q22pHhwLRWykQ-MAuSdSuBL-BE4vQ,Great setups for personalizing your home screen. I had left a review earlier regarding adding steps for making it easier for those who are new into personalization and they did it as well as other stuff like improving the UI and fixing bugs. They also have a great telegram community who can help you out as well and as I said before it is worth upgrading to prime. Well done.,5,2,stable-1.60,2021-01-31 01:02:16,Thank you for your feedback. We are working on such a feature.,2020-06-29 17:42:47
gp:AOqpTOEZHtXbjqrizQtfXfKMdd2S2sk8LwABmJ22cQIpv0RvKPFcwDdIdmvOT3jUpKSqwlEuKpmwu2ji3DsTTw,Prasad Lohar,https://play-lh.googleusercontent.com/a-/AOh14GhFP7xrli8WiCmG5jtrKsIH8CySQL1t2aAYQZoU,Good application.,4,0,stable-1.60,2021-01-30 18:53:36,,
gp:AOqpTOFNXe-qqSYBXkdDP-_Jo97LcPdiHAxPxHzRk7fz95mZVl0jypfOAYnRWA3D2jpeh2LxRH8EPOUS3V1zEQ,Eddie Hooker,https://play-lh.googleusercontent.com/-S5IepiTT-qo/AAAAAAAAAAI/AAAAAAAAAAA/AMZuucmQsd1ImXQPGMvj2-FoiW1bxTNlSA/photo.jpg,"It's just my opinion. TruePick's Prime is the ""edge"" of wallpaper design.",5,0,stable-1.60,2021-01-29 10:25:46,,
gp:AOqpTOHSuU-_IIZi2tKdMnTtRjwKLkp_phTeY-iIR9rZylMwNfYe9xUwEnispndT28XWspdZpBCIbkqTI84qnQ,Vikram Singh,https://play-lh.googleusercontent.com/a-/AOh14Gi0WtCVp6KdWmNv21ZB_BWn6vqEumN6lEKwQhkKHA,Amazing ❤️,5,0,stable-1.59,2021-01-29 08:59:31,"Hello Vikram, As I'm working on a new update, it'll get released after 20th of Jan, so you can wait till that time, thank you!",2021-01-14 05:47:20
gp:AOqpTOEgyIWvTNlWjXnFWd869Ns_MOG0xcnQqHYxVhrCkFeSRyzXLVFrRQSdmSfO5L5GEsF6ZrQOuc27uiPTfg,mtbinesh munambath thazha,https://play-lh.googleusercontent.com/a-/AOh14GjgJffelw8b_k6HDOvhaWWDYn9gT-_VtYzPEh2awg,Need to improve,2,0,stable-1.59,2021-01-29 00:44:22,"Hi, sorry for the inconvenience. We will surely improve our app based on your feedback. You can email us at fusiondevelopers90@gmail.com.",2021-01-29 08:11:58
gp:AOqpTOGlhvEJcylwiuCKNykIdoQD2b-S_3FwPyw-bmteMYJC5Bb8Bb16Q_NP4BxAJCqwtEKmtjl3WEFslNlPoQ,Maryam Muni,https://play-lh.googleusercontent.com/-SJjHYEMyWoM/AAAAAAAAAAI/AAAAAAAAAAA/AMZuucnsoCJsfBcoza1vbze5rusPK5QEBg/photo.jpg,❤️,5,0,,2021-01-28 20:25:27,,
gp:AOqpTOHKcyJ4cNL3xEup1RQ41t22mNzcDQtxZYbftfHPE_oQdPNwJLxgZaydPsGotyenJkXLKr87fcXSQYGw5w,Ahed Shaker,https://play-lh.googleusercontent.com/a-/AOh14GjpQAiD9CDb30Rd8Bq97EB_w0qFevd7W6Wh1i71JQ,"great setups in the app, so many are good I change my setup daily",5,0,stable-1.59,2021-01-28 07:22:17,,
gp:AOqpTOHVYES9NTS941pQZXIentRN10AYWjNYpywAA3HE715OpmgOnO0hb5SWc0VNKNqYahOGUklW-59L60x9zA,Solomon King,https://play-lh.googleusercontent.com/a-/AOh14GhHkh1XBr8VMQpC7fDl97NpMDkyneBSoXumbOKs,"I had to update my review! I wish I could rate 10 stars, this app has gotten even more mesmerizing as time went on! This latest update is such an empowering experience, it is literally a work of art! The UI flows and the animations are fun to experience like never before!",5,0,stable-1.59,2021-01-27 23:48:07,Thank you for downloading our app! We will keep working on it!,2021-01-28 04:22:06
gp:AOqpTOEvBM09BdgMdHwl5xvpzIdgtXwcxljk8mUitZcHeJwVufVX2R0jYGxxXb0APwFK1hxwRAP2o8T7jpG20Q,Dee Adams,https://play-lh.googleusercontent.com/a-/AOh14Ghkh4uV5F9Y6hhqgK10yQqdwzLrvwkPV64UVbG1QQE,Beautiful and awesome app!,5,0,stable-1.59,2021-01-27 20:52:32,,
gp:AOqpTOE8GIXC0GyIPiFJzR47wRmsCpK9FA9SW3lf5NO2Mt-ytAQLAs_z1btC2APwb_L_CGYKOnNgo3Q-ByRq8w,erica joi,https://play-lh.googleusercontent.com/a-/AOh14GhtJxR573f3z-x0l5ugZQQwNTPcWY4-XYRCtqyAqw,"It's nice to be inspired by everyone's setups. Having a space for wallpaper downloads, plus easily finding the assets in these setups makes this quite a special resource. The upgrade to pro was well worth the money, as I'm hopelessly addicted to wallpaper downloads! Highly recommended 👍",5,0,stable-1.59,2021-01-27 19:33:49,,
gp:AOqpTOFR2J9jRMHk0d9SDFShh565kQrMY11qFx8YRZhfVXkrYIGNcidZoX-OixfppEFbDp_Lob5uppJA8Eb0Bw,Mahesh S Nair,https://play-lh.googleusercontent.com/a-/AOh14GioA-jC2wq9d6o2f5tVptBi0Mic9asEw9x9srzurw,As predicted the app is a failure due to arrogant developer or customer relations manager. Such rude replies to users.,1,0,stable-1.58,2021-01-26 01:41:57,"Hello Mahesh, according to our data, you have never emailed us nor messaged us on any of our social media handles, if you have any issues you can email us at fusiondevelopers90@gmail.com!",2021-01-26 07:44:06
gp:AOqpTOEZQeMFkLG47fnSrY2lDecBuMSSxJUhdSPXkf-ACsaDLhkL8epxP7qpyYrVWNChz29B8ySVPrgj52oNZg,PhanI KY,https://play-lh.googleusercontent.com/a-/AOh14GjfSassT16i0KgaPUcELJrB2v_VPUHw3pbUBmEVJOU,Need more setup updates.,2,0,stable-1.58,2021-01-24 03:25:50,"Hello Phanl, we usually update setups and wallpapers in the app twice or thrice a week, but as we are working on a new update that is on the way with many optimizations to make our user's experience better, there is some delay!",2021-01-24 17:19:35
gp:AOqpTOFPXogbtTwit9H8vVyEOUUsE-O5Svlume-zMidUiv6vH-_FEDFi7FZ3n3Obb0N-wQbPIvY66zSZMmPJCQ,Maurice Bankhead,https://play-lh.googleusercontent.com/-jCMw4My9s_M/AAAAAAAAAAI/AAAAAAAAUPw/AMZuucl1x85MFzpHTn8kQG603wlWTBBbSA/photo.jpg,Love this app. Lots of great wallpapers and regularly updated with new ones. Worth the money.,5,0,stable-1.58,2021-01-23 18:24:01,Thank you for downloading our app! We will keep working on it!,2021-01-23 18:26:40
gp:AOqpTOEUPj4qXLxryS8tAJjULHZ2BXSbokgtf9iu1FjDWJ8qtRJ7wCYr6TPTse5CGPCVqj7Xqh_W7RBczIe5sA,Chinmoy Sharma,https://play-lh.googleusercontent.com/a-/AOh14GjG-cex2hYjlesFgD2v76gdBtTdQ-8dGdd5yrjxwA,Optimus Prime 🌶️,5,0,stable-1.58,2021-01-23 01:50:06,,
gp:AOqpTOFwcZM5mWjtBURpFH5O07GeDeIPi9Pq2c_m8VTv2nmBxw7PXxy1gUHMMhQBvj7jn6WxL2OMSlQpvJf-OA,Muhammad Shahriar Kabir,https://play-lh.googleusercontent.com/a-/AOh14Gji9h_clxXOsFkasKZ8nNhPuIKUuzi85bfSMPLBuw,"I have just purchased the app . Will you please listen to me! I just love your work. But it's a paid app,you guys should be more regular for updating the app. And the homescreen customization tutorial video is very unsophisticated . I hope you will listen to me up.",4,1,stable-1.58,2021-01-22 12:36:13,"Hello, the new update is on the way, and personally, I'm also using 1+7T (with ob1) and there are no issues for me, anyways if you wait some days, a new update, especially for Android 11, is on the way and as of the last question of yours, it is nearly impossible to create a video tutorial of 450+ setups, you can search the internet/youtube!",2021-01-22 17:30:33
gp:AOqpTOH_Lzyzdx1MbOEopNcfj0P60oe-7yWTkUKjm1B9R-snD8_4Nu7szorMXH8JBrpPPtDWVvzQTXsQPS8gsw,Harikrishnan P,https://play-lh.googleusercontent.com/a-/AOh14GiXwfYpwC2TUdnQyDwqK5PPd4vNsM27A2Uu6_TU6ug,Best app for homescreen setups and wallpapers.,5,0,stable-1.58,2021-01-22 06:06:21,,
gp:AOqpTOExu_Kpwq18rGz736YX63r34NjdIwx7XlaJR2DV3V04LwkW9r2G6yyrGP7G_k1Zr5_JtNFbfDTLip3LhA,PRINCE,https://play-lh.googleusercontent.com/-4LnX1x9BAEM/AAAAAAAAAAI/AAAAAAAAAAA/AMZuucm1sihozgZDY_19GoMQTsWbRpkjYQ/photo.jpg,Nice and awesome setups and wallpapers. But one request add more and more wallpapers on a daily basis,5,0,stable-1.58,2021-01-22 05:19:05,,
gp:AOqpTOEtGHI2rqtK69oxXgwFAJhDsHaU2dRJa9CjuDa799WCnxUMRJXnSvMSJb2CS_CnzFjEANZ9l4VqoOf6MA,Aman Bhardwaj,https://play-lh.googleusercontent.com/a-/AOh14Gih5QUDd1SfdZkH8IYEQ3Dzdi0KPDRd3dJ4Bu7z,Awesome nd beautiful walls and setup ♥️,5,0,,2021-01-22 03:14:40,,
gp:AOqpTOEZqMt31P9QUMpXSp0p58a_odbjyqjoCNziB5drWf4VDq0m-8KDpOGdtK_-9rhNR82_X8e9MesTKTn1TQ,VIKAS VitVikey,https://play-lh.googleusercontent.com/a-/AOh14GjdpSNFycW3NqEiXw3b4OLrQk8QGridf436t8aeBw,Don't,1,1,stable-1.58,2021-01-21 18:09:11,"Hello, can you tell us more detail about the issue at fusiondevelopers90@gmail.com? It will be very helpful for us to investigate and fix it.
Thank you!",2021-01-22 17:31:22
gp:AOqpTOGaSCt_pt-AuPtJrA_uHQ75ySxVTxsndflhO0Rg84ufdMKcZYNEMEIZzfxn9eJQNI66JkNtwQuVt3g7zg,Minesh Pradhan,https://play-lh.googleusercontent.com/a-/AOh14Ggh3lmc4R5nm1aGIHqbrOBLrLUKP0P_R_soBrd34A,I found really beautiful home screen setups...,5,0,stable-1.58,2021-01-21 07:40:01,,
gp:AOqpTOHgBQr3sIVeJNtlO_j7a4biXd0kb1Syfl6lXCxcnbYNXoCfng-oxSTOz9AzfcHigZ_LhL8JDfYVhG492Q,Sexologist Delhi,https://play-lh.googleusercontent.com/a-/AOh14Gg6AnFz7P7qeGFCsplsZmoZG8xJJUiiFNRjNhAFiw,Best app for customization,5,0,stable-1.58,2021-01-21 04:03:55,,
gp:AOqpTOETfKVFd6FeZ_teNDLrc0CTGsBgLRji4GbzBRZTeGD-WeWy0hprhKfTbu9FIotuh7dxcjdupDz0Qu1RxQ,Angelo Salvador Terrero,https://play-lh.googleusercontent.com/a-/AOh14GibueSCnzRZgjsMbNicVm-MpecFVyF0M0MBEEHjuw,Great!,5,0,stable-1.58,2021-01-21 01:51:59,,
gp:AOqpTOFSUI2MMkLEbKVzbrZ86A_aiorSrXsH6xETyAJ09nV7hLNPSf5P06fQUBeQWLxTowKKgh0VdoM-ylftCw,Moses Simon,https://play-lh.googleusercontent.com/a-/AOh14Gikr5ZkJrgA4pGElYzD3uE2aOQ3dxo8Z0zf2ROetA,Being a customisation freak.. this is my go-to application for android setups. Just love this app. :),5,0,stable-1.58,2021-01-21 01:27:17,,
gp:AOqpTOEjw-RbGIfZhBRGpBvIRNbnuiXJ9I4xWkrJA9biA4EGbf3ym4gDVee8Q4m9Ilwk-GKtPc0ABrxC7XnTvA,Harsh02it,https://play-lh.googleusercontent.com/a-/AOh14GjSU2Jpvp6QPDa1TBOcD5WjTkXWJpDNyzlygZAaRxY,This is one of the best wallpaper and setup apps you can find in play store. Wallpapers and setups are added to the app regularly.,5,0,stable-1.58,2021-01-21 01:22:01,,
gp:AOqpTOEeNi6UVeUGPkooRlwfqQHczJjuiCqz5qbMG12h-iQFJ1fRBrGH00pwU4eRe2WnEum6o0MQm7UP9HVG3g,chandan gadamsetty,https://play-lh.googleusercontent.com/a-/AOh14Gj952ZYAfQ9M-F6to25mpXQf_qQeld1uIXP7sr3,Best app to customize..loved it❤️,5,0,stable-1.58,2021-01-16 20:26:06,,
gp:AOqpTOHqYfmRBkxi2vVY57-cfpK6SRsGxXBlIsJA40kHnBBQ-mrA5mosafQ97xw0pFmi1PbXwz7Mqndb6OHUtQ,Aditya Thakur,https://play-lh.googleusercontent.com/a-/AOh14GjzJfD39yGaiyqRlskUMTggClDJizVoH0e8vppGjg,Everything on this app is perfect but the app isn't complete after purchase. You have to buy additional add ons if you want to get desired setups for your android. The app requires KGWT Pro Key which costs another ₹99 to get basic setups done. It was heart breaking to find that thing🙂.,3,6,stable-1.58,2021-01-16 10:04:24,,
gp:AOqpTOGGcisCili35u-bHwBqvb7QVUDdrjUwLDS5rl9ToXu-BKUV77T4wfDPLso-8zrTEnUsJx_gSBV17UCoAQ,Siddhartha Neog,https://play-lh.googleusercontent.com/a-/AOh14Gh9potIxlJReDN-4F3OLo3iYFH_bkgX-2N1OQ1eWes,Very nice app.,5,0,stable-1.58,2021-01-15 10:08:28,,
gp:AOqpTOG74yQ6ayhLHFZ16VZChgAsjDOXiVIeeRl9AvQ3v6DXcoSRj_Gjn1ucHk2FbpP8d5k-YTuBLdIU7ncgMQ,Yuva Teja Anirudh,https://play-lh.googleusercontent.com/-nZhDnhXYROU/AAAAAAAAAAI/AAAAAAAAAAA/AMZuucmxTfUE1z93DwMcN1gF-fWJScAd7Q/photo.jpg,"Best app for customisation. By this app we can customise our android phone to the maximum possibility . Really great app and I love it. Especially Baskar , jakson Hayes setups are quite amazing",5,0,stable-1.58,2021-01-15 06:24:58,,
gp:AOqpTOFduasAxoVc-1_upVpmMW43G-5hakr3zrSFskx27M0BaDnEAz34HWOI7FTieoXrLQUDk3BOaFe4i19S3Q,tony coleman,https://play-lh.googleusercontent.com/-4eSdrd5YtjA/AAAAAAAAAAI/AAAAAAAAAAA/AMZuucnzqh3f_L3TyPn9CEDGCAyNET6yYg/photo.jpg,Contrast on wallpapers..fantastic.. Great choice!,5,0,stable-1.58,2021-01-14 15:14:27,,
gp:AOqpTOGSP-DBuKBHmL4dUpi2fwpfSbnmkjrPLueYYQ72AXPNYWIUtj149DDCmKphvaqP2QlssOrtjq4LGEGzjg,Keshav Shinde,https://play-lh.googleusercontent.com/a-/AOh14Ghr-lJZlJZUOtaWbijeLJM8sMJkW_BUa2mqLXCAig,Make it 10rs I'll buy it permanently pls dev,5,0,,2021-01-12 06:57:56,,
gp:AOqpTOFKFw-IdNhD3AxpDva7noMjdiTzfIa99qB-8JCBHRwNyXqRJOL1ziuDrhL3PkpQdKkY_ltc_kJ_at-1Jw,Kiran,https://play-lh.googleusercontent.com/a-/AOh14GhJyduGOC9I2zPHmK3FCFZIw5OpM-zf_sOGCriWfg,exceptional app,5,0,stable-1.58,2021-01-10 01:00:28,,
gp:AOqpTOFGh7xvrznRUEvC68b-NPXj6qSDAK-xJvhsZyUbiKtDoEjes4qjfn75K4uc44EB3YmcpBqceKOY_OL0tA,Nayag Singh,https://play-lh.googleusercontent.com/a-/AOh14GiyROgf53gOEHyjLtYCAb5_FRuAFkWRqSHufO95CA,"After S20 plus system update, it says 'license check failed' and stopped loading",1,2,stable-1.58,2021-01-09 02:15:19,"This sounds like an issue for our customer support. If you haven’t already contacted them, you may do so at fusiondevelopers90@gmail.com.",2021-01-09 21:27:33
gp:AOqpTOE7LenWK1ZnJvsfqrcs1gKvP5xXMZOPHcsXOozjdMb6aNR1WC87CiExALcaH7PZzzRoOtA3NtDUEJK5Bg,Tech Smash,https://play-lh.googleusercontent.com/a-/AOh14Gjcxuh6zUicUFmAPSykr0l1Wz3A7CISqH4ka1MxD4k,I did not like how it works. It's very annoying and clumsy. You have to do things manually.,1,2,,2021-01-07 10:40:37,"Hey ""Tech Smash"" lol, Are you new to Android? Do you think an app will set up the whole screen for you, at required places, we have given the launcher backups for ease and it's your bad luck you didn't read the app's description which clearly states the same!",2021-01-07 17:14:18
gp:AOqpTOH3jY_iqyAgichjkPSdZ_z-32OZbhGz68-KAaePGpbVoHGu381T_paURxLTFRwjUxH_pXsou2qoa1phMw,Uday Lal Das,https://play-lh.googleusercontent.com/a-/AOh14Gg64WCQPVNOAc4F2_6BQJr8ZBPP54qNgjVV9vVZ1w,Wow 🔥🔥🔥🔥🔥,5,0,stable-1.58,2021-01-06 22:55:08,,
gp:AOqpTOEPPZSH1Rxo8lU7yMWMAu3LMM9lWRBJ86g9OGA-dxthNSzf4cMd1yjb-cqAII8owtZ3KwkBjeZbWupslQ,Kel B,https://play-lh.googleusercontent.com/-9oRs0YJQvk0/AAAAAAAAAAI/AAAAAAAAAAA/AMZuucn9TU5JN2TmUaSO7dZgg2bso9JbPA/photo.jpg,Awesome app for setup inspiration,5,0,stable-1.58,2021-01-06 22:36:17,,
gp:AOqpTOEql3tkZ817adK50677HiTjlsQbNzkNpVLIhjgGUGCVV5oQiIoM3g6K8d1VPDPbobp3lyUTHp8UvE7vUw,Octavian Radi,https://play-lh.googleusercontent.com/a-/AOh14GgRvOTySLKZ6O206nTVpSvCGCs9VeKx_osDTf4BLQ,"Still not working. I've cleared data/cache and nothing...the app is still crashing, i even re installed the app...please fix this issue.",2,0,stable-1.58,2021-01-03 08:54:41,"Hello Octavian, can you please re-check & update your review, Thank you!",2021-01-06 10:44:21
gp:AOqpTOE1aswxLrlUfYh2tVU2jCj-b-WOiwh09F8bsc3jJVbggwOkTrj0JQAxtoXyXJXTY_4sXp_LtJZLXQubTw,Anurag Mate,https://play-lh.googleusercontent.com/a-/AOh14GixqbsOrfsro4o2avUTAVvVRlNS9Tqrmx3N2Qy0Dt0,Awesome App for Unique and Minimal Setups for your Phone. Cheers to Developers. Suggestion- Add more abstract and minimal wallpapers,5,0,stable-1.58,2021-01-03 08:14:07,,
gp:AOqpTOEEuNWoKCzJUuAYsSnvnhZtTpevfQndqV5IU8R_t-oBVECSp515sCypwZ2wRyHERtuCEgBfJuP4x3ZOAw,Dhaval Agechaniya,https://play-lh.googleusercontent.com/a-/AOh14GgyiWQgDX-igpqObLt98bzN6semnQDIRmOa0-V87A,My app is crashing please solve Device : redmiy2,3,0,stable-1.57,2021-01-02 23:28:13,"Hello Dhaval, can you please re-check & update your review, Thank you!

",2021-01-06 10:44:36
gp:AOqpTOHL0QpjdZtVT-l8TXdHWHpjh-2PY6CSetRtrqzWWGoMC9jZ5A-lhSuxHM6kz_puA5GuR3ZwyeV5EhM5fg,mr.ketan parab,https://play-lh.googleusercontent.com/a-/AOh14GjdphYHIqYUBpvsAdqssdOJ0T4_9pZVd1Lg5Zcb,wasted primium,1,2,stable-1.58,2021-01-01 21:05:34,"Hey Ketan, if you need a refund you can contact us at fusiondevelopers90@gmail.com",2021-01-06 10:44:59
gp:AOqpTOG_cwCaR7EpvqAThqykHNPtsh-0h4vvUbgxHiEDlEcUU1F_Mdtcf094KvRI5rDnmwJd0D3W4XgeARRylg,Matt Pellicano,https://play-lh.googleusercontent.com/-bMSgGAcQbts/AAAAAAAAAAI/AAAAAAAAAAA/AMZuuclr6W66YmiAjVgioAqiG2Zn1GbZHQ/photo.jpg,I Uninstalled the app and reinstalled it....works fine now.... thx,5,0,stable-1.58,2020-12-29 06:01:04,"Hey Matt, we just fixed that issue, for our satisfaction, please clear app data/cache and re-start the app, thank you for reporting it!",2020-12-29 05:47:43
gp:AOqpTOHN0n3ajHSEM58cNs0NKTNuNmLL5Hv9nGFHTMTCtEDGRUaWmJiJRbxMLEOyNE1mz3Us2xMQsge40YtISg,Craig Moran,https://play-lh.googleusercontent.com/-3FgKwxaq0Co/AAAAAAAAAAI/AAAAAAAAAAA/AMZuucmrOKnLCZNmjJWh6MJdMMUIywkGLA/photo.jpg,I had a small issue with crashes the developer contacted me personally and had it fixed in under 15 minutes. Not only is this a great app the customer service is exceptional.,5,0,,2020-12-29 05:51:12,It is delightful to hear such positive words and it’s always a pleasure to serve our users.,2020-12-29 05:52:56
gp:AOqpTOGFO3XtHDrHLnxNnEazP6bmu03nO_XqbDcMWFI8TblyRwFTOeN7f2L5QLbuZyCXLTck1LI_ZLxdGGJfdw,Rashmin Mehta,https://play-lh.googleusercontent.com/a-/AOh14Gg-Hxs9e1C7smGMdplAQFpCHS2Y1TnEpO6WhHwy,"Hi Dev app is good but start crashing on my device frequently. Also, pages load very slow. Please do the needful, Thanks :-)",3,5,stable-1.58,2020-12-29 04:21:07,"Hello Rashmin, can you please re-check & update your review, Thank you!

",2021-01-06 10:45:19
gp:AOqpTOHxC8HEZlT7MiP1jEoT3WZ7GUZBNKFJ_hYP9acFssCoDZo9OTvZJRlTubZNxxnF0Z9xuNayh4UH8D2Vag,Akash Sharma,https://play-lh.googleusercontent.com/a-/AOh14GgoclJjo41VO2prInt2n9SFphxIe2wzD2O8LLAm4Q,"Best place to search for unique setups, developers are a really good listeners because the feedbacks can be seen in the updates.",5,2,stable-1.58,2020-12-29 04:09:25,,
gp:AOqpTOF7aWFNXOR84AfxTaSGbwpFuOxtt9IF73tj0PqhmSoCV1ot9ef93o7TUZhcSH4zTpKB9w_4M5SXQHRMRQ,Sohail Muni,https://play-lh.googleusercontent.com/-xbYzMrP6-xI/AAAAAAAAAAI/AAAAAAAAAAA/AMZuuclGrF3IFzyHWdfn4lTAnvU5IauwNg/photo.jpg,Nice,5,0,test-1.66,2020-12-27 09:50:18,,
gp:AOqpTOGM92kij_Ql1DtdehUzfyVcg6lAdCOKmZ9V3dHpLdcpxO5KNDTZMybsirbSqATXnXeeNTcHnXmrROxRMQ,RD IR,https://play-lh.googleusercontent.com/-IFtkmgSiurQ/AAAAAAAAAAI/AAAAAAAAAAA/AMZuucn-YMjCU_Jdz6odgWHxT6_-0-LEzw/photo.jpg,"This app is just awesome, wallpapers and setups are 🔥 also it helped me a lot for choosing what's best for me!",5,0,,2020-12-25 20:40:06,,
gp:AOqpTOHabE9bVkJ2wYvnv-1m-_9wVPyReWY6T0YMuDhlbsaKS1v5LlpkMHKfni2K2EG-Y6EbJMUWYG1bYkD3gQ,Amar Paithankar,https://play-lh.googleusercontent.com/a-/AOh14GhbC_vfEXSkV_rnWRqYLrA9J07E_3VWzi6OEWYjfg,Best app for customisation...,5,0,stable-1.57,2020-12-24 20:41:09,,
gp:AOqpTOH2NetsKHDXvBlpOBwi2CK3BiQxPG3bC143iliqX55YJoteaLFk4z-PM1wA8ZwGKWm_L7RPWxOBwc8Vjw,gopalkishan Muthyam,https://play-lh.googleusercontent.com/a-/AOh14GiGlASxRDW1sRXUx2_7XDyACuz3BG_FkWtus9OTouM,Super..,5,0,stable-1.57,2020-12-22 09:44:00,,
gp:AOqpTOFUfF5MH1q4SjmG-jbczxeO4O-K_4va3ExkaPE-KtxuFAHETExz8VViser-Ck8Iiud3BRcb_TvfWx1oBQ,BebéTechManiac 2018,https://play-lh.googleusercontent.com/a-/AOh14Ghc10bFiFvVvgv9X-fY4VpZPPiVW-W0W2dQMBH_,"Update, after several reinstall the app is working better. Nice app, but not too fast loading some of the things... but maybe was my connection. Some mentioned backup, but I couldn't find that feature, just import of a Nova backup... which is a feature I can do on the Launcher.",5,1,stable-1.57,2020-12-21 22:19:23,"Hello User, as you said about slow loading, that's your internet issue I guess & if you don't know how import widget backup you can find in the app itself, when you click widget backup button you get 2 options, the first option redirects you to a tutorial that guides you on how to import and second option is to download the backup!",2020-12-21 21:45:23
gp:AOqpTOFdtbbHVknUwa0-2XBwOwn5yGRSirvM0HRwH5fMFisC36XjUf-9nggoGcADegAkT11CCUvHYzBy63nn6g,Suraj Rao,https://play-lh.googleusercontent.com/a-/AOh14GjK9MvuD5f5XKjAHJOukRU5J--6SmO3sebxEV9_,The wallpapers are just amazing. Just the thing you are looking for. The interface of this app is so clean and nice.,5,1,stable-1.57,2020-12-19 20:02:51,,
gp:AOqpTOFQi8ClsNxthvFOntUG0nO_sW6QLtqEv9Yg7bgi-oPGD_fIS1w_rF1DgVK3-f4zlWpWcJPabKYYBKkp0w,Roki Black,https://play-lh.googleusercontent.com/a-/AOh14Ggf_P1Np3pWglg89KsbHoScE9g8zDi7L5hINDIY,A place to find a lot of creativity & amazing setup from different people.. very nice interface & handfull to be used😍😍,5,0,,2020-12-16 23:46:02,,
gp:AOqpTOGE1MM79pdX_4JcAyTwGbq6JzaAALaGV572B3vr-OdI6IPvAPC1mtoQeo_I7cthiX5_XI_xMnSaUiyI2w,Andrew,https://play-lh.googleusercontent.com/a-/AOh14GifapIP2SwqmJD48ezFeEYi_tQxTTLfdJJJIGS41A,BEST BY FAR.,5,0,stable-1.57,2020-12-16 01:22:48,,
gp:AOqpTOErrZDaVY4LNmC344w7aGMsdMqAFpcKxQoELJTapCduRNkLqWt9wUWREAp4Jn5ad7kMtr__mvQpqBDMgg,Darenly Nair,https://play-lh.googleusercontent.com/a-/AOh14GgA62DbkrYt_iUFO6TBFV7shV7DTAO7amMb0m8cpw,"Overall this app have a really clean looking interface. Everything is well categorize in my opinion. One of the best customization apps out there. If you are looking for a fresh look for your phone, I really recommend this app for you guys out there. Tons of home setups, tons of wallpapers! The developers even host giveaways. How Generous!!!",5,6,stable-1.57,2020-12-15 16:53:50,Thank you for downloading our app! We will keep working on it!,2020-12-15 22:10:20
gp:AOqpTOELXVDvQAfOq2Agq7XWt0brm2XU56bIm92ML5ni9mSJWV8B1VsRR586k6s_lw9_LFRRcn_dHuaEQN94LA,Prince Ed,https://play-lh.googleusercontent.com/a-/AOh14GgMlkLBl7rvgqbEaq7HW-ye6z7nx6QXIm3WSxVD4Q,"This app must be removed from the store immediately, cause it gives customization a bad name !!!",1,2,,2020-12-14 19:57:39,"Hello Hguldad, please stop spamming reviews with different accounts as I can clearly see the same device (S10) used everywhere!",2020-12-15 06:53:37
gp:AOqpTOHrydpQKOz1Woz9v_N46tQzpbWn-M7VM5CQqDbG_NWjH_Xe-9cUXjcWdbXUM1nrG0ClYAAkw-xPHwJj3g,Seventh Son,https://play-lh.googleusercontent.com/-W50CD9eRcdg/AAAAAAAAAAI/AAAAAAAAAAA/AMZuucmaiIpzp4K7sZgzWp-9ea7BItYkfQ/photo.jpg,I wish Buzz launcher was still on to save us from such apps like this one ...,1,1,,2020-12-14 19:54:11,"Hello Hguldad, please stop spamming reviews with different accounts!",2020-12-15 06:53:09
gp:AOqpTOHKdERSJcscUyypm2vEo0-5koD80tTmcgZyFE7rgd6o-tHcThFURg6Kb-DF0zSnH95P3Ku2TTUL1ewyCw,HeavenlyBeast,https://play-lh.googleusercontent.com/a-/AOh14GgVGz09olAa7efMez-0RFd3IUzOithjpI9FSbbO,Awesome optimised app,5,1,stable-1.57,2020-12-13 22:05:21,,
gp:AOqpTOHGb3WcN2MQKaRvxGKLQxfQRzJxg4LT7Jlj4NFPkBFDUW6jxk_iXNFbG17t9uENnsdFC10MOtmBe2jGYQ,Golden Flame,https://play-lh.googleusercontent.com/a-/AOh14GhdrUbLWHdokayrdIeI27Q1anEl_KeaZFgJShe9ZQ,"Nicely designed app with all features that are required to get the same look of our home screen like the one uploaded in the app it provides backups which comes in handy while designing our home screen setup, very user friendly app. I can surely say that the developer(s) have worked hard on this app. I just love the app and the work of the developer team 🥰🥰",5,6,stable-1.57,2020-12-13 19:14:17,,
gp:AOqpTOE2rmwC7HBXYkZoTs4CRM6yTpTxhb8ZK0oDypU4hQjl2h1r-uaPq59wm-d03Bt4klZp9_pLQOZgDugz5A,Yordanis García Delgado,https://play-lh.googleusercontent.com/a-/AOh14GhY2JtIYcF49-d7FUs2SbD8GeofN0fkvCaHIuOnGQ,"Awesome job have made with this app, it allows you to get gorgeous walls and also share you phone setup, awesome bro",5,1,stable-1.57,2020-12-13 05:40:40,,
gp:AOqpTOEiZ3Vz53sXcM0zizNBmybG61U7-zzGFwWxgEXv6mUQC9qyEtCg2fkCFiZ4uoqY-p8hpwTg1QJXCJo7qA,Judhistira Mistri,https://play-lh.googleusercontent.com/a-/AOh14GiMk8wCehwmc84pAOTbBPFcrJhfZ5rxx5z5di3CAw,I like the creativity of the users and ui of the app,5,0,stable-1.57,2020-12-11 06:20:42,Thank you for downloading our app! We will keep working on it!,2020-08-13 09:24:48
gp:AOqpTOECZccdJ4Aht_hMu--sAcjb7ZWRAM3nK0LBxOC17-TSQW8nIJrN-2ewg2xPrKtLfhpn2OCZNZ20bjSYyQ,Jai Trig,https://play-lh.googleusercontent.com/a-/AOh14Gg-0FkngUXPjAVWAnNveoLZzdMImmveIOVsXUrKsw,Pretty good,5,0,,2020-12-10 01:07:38,,
gp:AOqpTOEz_StmLlIoH5_eifO0XzV8V_pCkv5IN88PZ3v9zm-pTzHLpdTXf78zhUDGnJ2H24f4lk1OBfpcFG59jw,Ashutosh Sharan,https://play-lh.googleusercontent.com/a-/AOh14GhBERslFgiD4zK_XzuostYLOn7M12iUQ-lsjcAVSKM,Very great app with a very good UI design and the concept behind the app will attract a very different audience. Great work developer(s).,5,1,stable-1.57,2020-12-09 08:46:12,,
gp:AOqpTOFIYbKl-4GjVlBw84-JoBAzkeLiekhReunc7oZbMSmWBoCrKxi1mx2S2sy_4L_F5oQggcNnAhqerX_xsg,Khrievor Tachu,https://play-lh.googleusercontent.com/-0fKJqLTLQh0/AAAAAAAAAAI/AAAAAAAAAAA/AMZuuclowfmN72Hkz1U2vpOCYi4zHGnspw/photo.jpg,good,4,0,stable-1.57,2020-12-09 05:22:18,,
gp:AOqpTOFQ2RDd9cvsS8ovN21kp_nto2pgvCN7BiGMzBFCngQdFhfKzwn_4uaBoBF43dJarAde3nj0J10S3DIiDQ,App Ki Khoj,https://play-lh.googleusercontent.com/a-/AOh14GjKpLbd5cPiH6pkHp9WRQ6ojhSrKr92IM7dOqHmUg,Ye dusre apps ko bhi downlode karne ke liye play store me bhej deta hai jab tum paise le rahe ho to fir dura apps ki link kyu dalte ho batao,1,2,,2020-12-08 06:03:35,"Hello User, please send us your Order ID & I'll refund you your money, thank you!",2020-12-12 09:04:09
gp:AOqpTOFUk6oh5lBlO8tzEN-MZ7hgbl_Rww8_tZS-Bv9ICqcPvPcTuVwtnk6rDNOFtGM6NHSSaCEZVPQgGb8A3w,vibes bb,https://play-lh.googleusercontent.com/a-/AOh14GjDFCyoX1L-WAqCEoveEuv0JA559_bGX7A2cvgphg,Awesome 👍,5,0,stable-1.57,2020-12-07 11:16:59,,
gp:AOqpTOFic9narrKE5R5I2z9H-BDSMgBQCo-85QFM3SIkWjXTrjN0YtPQ9EIucMCzM6nPZ5ZQvAzeWf21irMNLQ,Aniket Khandekar,https://play-lh.googleusercontent.com/a-/AOh14Gh7Bj6pB2_GqlE24xm7wvdJ_VMIWkgcNN0cLX3qTw,Exceptional app for customization.,5,0,stable-1.57,2020-12-05 08:23:20,,
gp:AOqpTOGkPlftfnndi3znarvroGEmcR2rgxL-N5NOFvNmMhVby3n70tYs7UZp-faJA51SgJKPM5DoFu6QY-el_g,VanToM VB,https://play-lh.googleusercontent.com/a-/AOh14GjQF_iI28mEVPv4efCZWNqO4fNr0Ji7J0zriACiqw,Very Great app 👌,5,0,stable-1.57,2020-12-04 22:05:51,,
gp:AOqpTOFTDhy8U7rZhNpFBiGIa9ngIr3Z5y1ZYJv1uKfv8yhhFmiVgPm4jOvwcqsaOfBcua4TVlA1pPE-sE4UQQ,Avinash Raj Jr,https://play-lh.googleusercontent.com/a-/AOh14GhWRGHGii_3WMwwZ1UNI-pkYDAbocsXxaeXefJGKA,"Clean ui/ux,clean design esthetic, cool wallpapers..hope to see some live walls in future✌️",5,0,stable-1.57,2020-12-04 20:50:15,,
gp:AOqpTOFX2S9mSnD84kbNydargeQizAef9I34tUg2BGhk7KAWrUzQAIOOI_ilYghriZq-C1WcFPz1bE0ILOhn7A,Nanda Kishore,https://play-lh.googleusercontent.com/a-/AOh14Gip5SV62q_CMiug2NpjBn9ncw_Ujy38Q30oWuHxwQ,Love the variety of choices for setups. Awesome app for customisation with great in-app UI,5,1,stable-1.57,2020-12-04 20:49:09,,
gp:AOqpTOHnfdigbhhLjao57pkvKOh650LSC41mJgcBEsuugOXpjkHjDVzBAEqq4taDXIKriHyVdi0xiCSxrK8pOw,Projato Chakrabarti,https://play-lh.googleusercontent.com/a-/AOh14Gg5yJLS2464E4TNL76putoe2q7HegzOKhsjPFbndQ,"This is simply incredible. I love the setups, some minimalistic, some detailed, giving it a great look to my device. Being a customization person, I love to see that my phone looks, good even when I have hundreds of apps installed. I used TruePick's Normal Version for a while and it really helped me. Incredibly, I can now post my own setups and amaze people! Really well done by the TruePick's app builders. P.S. I got it for free after winning a giveaway!",5,4,stable-1.57,2020-12-04 20:45:45,,
gp:AOqpTOFsuAi1AysyCuXO4qP9TYiE5Mc81WoXA1Hl2qrwsdVR9x1lJQzqwacPoxzvzmISwFp4OvigvGMKYUg9MQ,Sourabh Bagrecha,https://play-lh.googleusercontent.com/a-/AOh14GgCHNdDmqWsLbxRy4hAlpn2jn-cMCzMtDQuEp_q,App is good. Add more setups with categories so user can easily find it. Wallpapers collection is also good.👍,4,2,stable-1.57,2020-11-30 03:12:59,"Dear User, We are always working to add more sources in the updates. Thank you for sharing your thoughts with us :)",2020-11-30 03:14:48
gp:AOqpTOGI1BFRSAWpAIwPvkhJiTSlNhJp1XyX0YMNXON5mH6hNN8NgdZ1qwbPQ_YoJkdZMG_Ae7LZP-kT6BzfAQ,Ekta Khatarkar,https://play-lh.googleusercontent.com/a-/AOh14GhFU1EwcTfg2cPqmlJIAjxNHCNle-Yg-UPmhMGk6Q,Its amazing app.. Whatever i was looking for I got in this app.. 👍Well done developer..,5,0,stable-1.53,2020-11-29 23:16:40,Thank you for downloading our app! We will keep working on it!,2020-11-29 23:22:16
gp:AOqpTOGQ75ei16ADmEivukRCXhOSasRPZnqG2YFY7SWvR5p_Y75N5ll7jZiOG7tzzq5PUhCF48XrNEfRA3RLLQ,Wiz AKRAM,https://play-lh.googleusercontent.com/a-/AOh14GiR3-j4TgAluGEC6rbl1mYJYAClrZPuFAgYFOu_zA,i like this app 🤩🥰,5,0,stable-1.53,2020-11-25 02:31:13,,
gp:AOqpTOGdsx2X7fqe8xXGv5WRHleuxAhtQ-x1uMl7lWDGlvW-eSqjNAo2qMdqcreaY2DEq8JUySPo02l_qGOdEA,Prakash Mudliyar,https://play-lh.googleusercontent.com/a-/AOh14GiDvdLEmP4c_f1S3KE2C5SJ8oVhK1hDrJbE2iD_g3M,Great app for soothing wallpapers and beautiful homescreen setups. My recommendation for anyone looking for both good wallpapers and homescreen setups.,5,1,stable-1.53,2020-11-25 02:22:44,,
gp:AOqpTOF3C-9JhLq6T00UILBkpb02ZcMWwiOneW-KvvoEiilh8Ozd73lFcIaM5cTZW2LBvao9iscRt4CHAxSrwA,RINGTONES BANK,https://play-lh.googleusercontent.com/a-/AOh14GjO0JiP9JxQ18xt-fIEgYU3NYOCBegxQ2ev-lStmA,Best app for all type of wallpapers..plz purchase it's prime to experience the exclusive minmal and sexy wallpapers 🔥😍 and also do support to this amazing developer 😊😊,5,0,stable-1.51,2020-11-22 08:57:39,Thank you for downloading our app! We will keep working on it!,2020-11-22 08:55:26
gp:AOqpTOHnY9AAVOz8dT49EKKovgK9j_tkYwlnwxIlFzfkvNZ5R0a5sKOrWdqVJJwbKaLGk_lEhxNKXZ2l5gi8mg,Sankha Subhra DebBarma,https://play-lh.googleusercontent.com/a-/AOh14GjPx_5gCPHTPmfRRmeUrj3mEt_NyLXvtcx043iPzkQ,Awesome,5,0,stable-1.51,2020-11-22 08:24:30,,
gp:AOqpTOGkC6SLgPIzB_UPnnUgC1fMi2dDQpSIh5x9t805BEBtvllECqdw97Jgo-N4G2e1SRy6-nSNmCE2t30reg,mohsen medoo,https://play-lh.googleusercontent.com/a-/AOh14GjdQvJ-rcEj3ICBP4ITih6QlF33Zn-os8yVNi7Shw,👍👍👍,5,0,stable-1.51,2020-11-21 22:25:01,,
gp:AOqpTOGMdgaMC1DMnNeyw61MQjQG3Nf60KYurdOzYY5Y7AGwbfTJ75Met8rJyy6jhx948G0c_txvYpsU5OyuVw,Yaswanth Sai,https://play-lh.googleusercontent.com/a-/AOh14GhsuZyE55Oo_BwaGpCazeTAILz5B1g0_ul17qEtUPg,Sorry My friend unfortunately bought this application Can you please refund my amount I am begging you sir please,5,0,,2020-11-19 01:55:13,,
gp:AOqpTOFkTCAWTMUVZQXu46NAatoLWf-VonMmBrvv3pplonMGomFfDPYD3qVap6T-DuS2CbefPYZX7grZP8vPGg,Joel Johny,https://play-lh.googleusercontent.com/a-/AOh14GjL8ComkIxvqxOb20_Q8sE_7dUcuscOYqIKtXpHtg,"Love this app, but whenever I try to download a wallpaper it shows ""pending"". Please help",3,0,stable-1.51,2020-11-19 00:36:21,"Hello Joel, the pending shows that you sometimes have a weak internet connection, also if this happens only for some specific walls, please email us the title of the wallpapers, Thank You!",2020-11-20 00:29:19
gp:AOqpTOHhqI4nSWe6h9gEmly1_Kl9DRTAU6fmHosJVAw3Zj3CPbFXxecRHFWYyPKbX3NezyucUJwS2Osrl3bNNg,Roge,https://play-lh.googleusercontent.com/a-/AOh14GgKCKbN2Sb34hhV2UQ9HCv7BFHZ-QTOcSzZVz7nkOw,Fabulous 👍,5,0,stable-1.51,2020-11-18 05:43:18,,
gp:AOqpTOEmqvJZTduBw0HSQWQKqMAtx_sfG0gWjpxTJ7P7udK_g9VSAcoDhp5w6PSzJGNsLb1ZopiBRPvd7u60Vg,Khan Waqar,https://play-lh.googleusercontent.com/a-/AOh14Givjz2-ZCi4NboBM8bDBwUG00NQFcV1-2kU4YqeE8M,"Like it at first sight...but need a weekly setup update for nova launche, lawnchair, and smart launcher with backup of the set-up so that we can apply instantly by one click hope this features comes early...thanks for this kind of app🙏",5,2,stable-1.51,2020-11-18 01:20:17,"Hello Waqar, we respect your suggestion and have forwarded your feedback to our development team! Thank you!",2020-11-18 01:23:15
gp:AOqpTOH0oIx2u8MFE0YxsT2dUonv6IooEDuqDwaAM8QUUe9IJ3KZOZbzhQdy3Q4YCk2JHwxOT6sVZ5IfvAxhuw,Vijaya Murala,https://play-lh.googleusercontent.com/a-/AOh14GjxNamQBHEqWDA_K3I7sIHkxKUiTEJhA1qdSiGK,Excellent for customisation,5,0,stable-1.45,2020-11-14 00:55:31,,
gp:AOqpTOElQOK4tRfS_q6DnyZ-QtTb91stwL9pDYQTGD5GuWC9WFzc2BhhIAM_lGCZxPpuVGnzzkU_zQd90-XDWg,Prabhakar Bisoyi,https://play-lh.googleusercontent.com/a-/AOh14Gi0PXafS2D1SEuloQPyKrlNlosaLI-46uIIeEAb8AY,One of the best app for customisation,5,0,stable-1.45,2020-11-13 09:05:42,,
gp:AOqpTOHIyN_A6mkNbrbDsGp7JHkU0hQoA0snguhIckApMD85_IPwhGjKJp7QBjykl3SovSR8H6g2ReHIcON8Rg,Tell Tech Tales,https://play-lh.googleusercontent.com/a-/AOh14Ghhzi3L3xYN-bpMDWywQZG5i-pRdOXxXKjLCNZP7w,I was looking for this app this makes life easier,5,0,stable-1.45,2020-11-13 08:07:10,,
gp:AOqpTOGByjXAO0_ZIlBm_2uXEZ2bAOa0wLkphFMRuOkgtrmZlQBQ-tcdqH3uFeLj3quij_FfLX_fQCq_T6xcfg,Mod Boxoffice,https://play-lh.googleusercontent.com/a-/AOh14GhqFwFmYXr4jbdmlz82Wpl_jYSbsFwBuujBwbEz,I just paid for the prime premium version but can't install it on my device.,3,0,stable-1.45,2020-11-12 21:08:28,"Hello User, please elaborate and send us a screen recording of the issue at our email ID -> fusiondevelopers90@gmail.com",2020-11-12 22:08:17
gp:AOqpTOEslaytmHbIRWT0uBVvj1XvsfzNi_bYAXYNlbK-06jMfCvU3s3Aiz4D5DnUblt0KZI8NEBmYXuQAfwdSg,Cattivellio,https://play-lh.googleusercontent.com/a-/AOh14GhE0pv6jJoFOaicT3DjOEuC2eYBWN-lQogrw83aWQ,"Very good app if you like customization, a lot of set ups and in addition exclusive wallpapers, the best of the best!",5,0,stable-1.45,2020-11-12 17:12:43,,
gp:AOqpTOHxppEP_BckGzdmbfz_prx7r4_tVdt-yRLmpN4pnzwBQG2CdP-tXq98Ff_QU7CDRil4sIt_AM_UxRZ8Wg,Hady Kuhail,https://play-lh.googleusercontent.com/-qFB4hRK7Itw/AAAAAAAAAAI/AAAAAAAALks/AMZuucmUNXmRZ5PVRWS5-nfMqffmU6kCVA/photo.jpg,Awesome app for customization,5,0,stable-1.45,2020-11-12 03:15:19,,
gp:AOqpTOG36KCU0W2G2lgexgOA-TVsOBzN-VCl97I8alGbes6pO60iFIruqzho9CoElWVq790F1SunBZCvof4DvA,19_ILB_089 Shubham Singh,https://play-lh.googleusercontent.com/a-/AOh14Gif88agxHqz0ivSppM3-ssvtZ1qINVOhJuhQDOanw,One of the best app for custom launcher design and wallpapers ❤️,5,0,stable-1.45,2020-11-12 01:33:44,,
gp:AOqpTOFhAB-cLBK25ckC10kBZ0E5BE25C7taiNh6OJMho_KkFeB_prK_4dcGDKyww4yYHyXJK11i0XapYNUHrA,Rodge Atilano,https://play-lh.googleusercontent.com/a-/AOh14GhOJl2jVq8lda4f0GQ7cDtXLdXKxe83PQl7ztr3Ng,"Awesome app, good set ups and a very active dev. Thank you",5,0,stable-1.45,2020-11-11 20:08:08,,
gp:AOqpTOH_nUpqYnEy__TwtvftiM3Bf0LTemtHICuKHFD3ExhraxpYl-L9zC6EJ0FDVnVT2Q6ZhdGatBD3Y5pPpw,Rahul Gupta,https://play-lh.googleusercontent.com/a-/AOh14GglUZVZCOmd1rRJe7imLZwBwTGoLQEVuCcLSJHs,App is amazing that's why I purchased the premium one but my only concern is to add backup files of Nova launcher too it will be really handy to apply the setup with it. Edit : I love the quick response from the feedback team waiting for the update ☺️,5,3,stable-1.45,2020-11-10 23:20:44,"Thanks for your feedback! We deeply respect your advice, and we will try to combine your feedback with our R&D, in order to provide better products.",2020-11-10 23:07:37
gp:AOqpTOEIoFr9Squ1zl-DL4SeX0tRPu-gaCMZObvwhZYJnfo-v7TW_QgcqVLG7zhgYrzRNmMao619jGzPKCBasA,Rushikesh Bachute,https://play-lh.googleusercontent.com/a-/AOh14Gi2agVkZ3PRoOw3BVnqEJrjLSJh6s9RLIkhOH-fOw,Awesome,5,0,stable-1.45,2020-11-09 08:12:04,,
gp:AOqpTOE_wAKAMssZ3kF1GdistEbm7gJVSugVpCaUzT7cR_lSuxiQZVygFwcIzpcwJA-5oCG4aIuBLDmkSBGIZg,Rathi Biswas,https://play-lh.googleusercontent.com/a-/AOh14Gic3G30aLASX8fnRlldOV8BrWx2_KEphDsa1XgNgw,Just Amazing collection of wallpapers... 5 Stars no doubt,5,0,stable-1.45,2020-11-06 15:04:48,,
gp:AOqpTOFczrB1VCl_ieY9obHO-iHghG-zCCH2piida3t6xsZsLtizestx7R8Q5CgtsXXCELhh5XMMVCtuyD5GPw,Nishanth Messi,https://play-lh.googleusercontent.com/a-/AOh14GgesrXhljt8jfqAW2bEiD4FsmiYajpUiktxVu0E-Z4,"This is the best personalization app I ever used, worth buying. Wallpapers are stunning too! Love it.",5,0,stable-1.45,2020-11-06 08:59:35,,
gp:AOqpTOEEKZWWi8eBNG2Joa1rqQfCXj5lSLSmSs9tUG3l8745PTLbvJEphDAHfnoxjyWiOHE9XWKB6pqs6dBkGg,Michael Janion,https://play-lh.googleusercontent.com/a-/AOh14GhzUlCaBN62_HDpV3N9ihj2LzIC3k3gYy9GyWZwqA,"I dont know HOW i stumbled upon this little gem, but I'm sure glad i did. Pure brilliance. Hats off to the developer. I've purchased this and use it religiously on my Huawei AND samsung device.",5,1,stable-1.45,2020-11-05 12:28:36,,
gp:AOqpTOGWpKt1ER86w0nEXvAePqNp7wrU4Od1T0fqLbo5Sm7WDhJecgvQagHmIy2tr36UkoxYJcLjb-zbjXrVAA,Thogdad,https://play-lh.googleusercontent.com/a-/AOh14Gh-k9uaWr0ka8CZbh0eIqS-yznuxdbHH1JWriC8tA,Great app for Android customization lovers. Great interface and fluid animations. You can't go wrong with this app!,4,1,stable-1.45,2020-11-04 23:03:57,,
gp:AOqpTOFf7Pj427ncUymIEQDJtwj2Ha8h13P7D2iiCkkfcuGvlxGj4sFqJjcoqAJpTGBWsj67_9zWAkr8ojyppw,Prabhu anand Khalkho,https://play-lh.googleusercontent.com/a-/AOh14Gjkq2EhcJZqAJFZhY-Wro1ab5i9iJSMJT6wdvh1S9I,Awesome...aap,5,0,stable-1.45,2020-11-04 20:58:02,,
gp:AOqpTOEsh_eABDfCVJ6PdZB4LiuUxxwMGP3d5jzXAtHhR3z5yZU-YSxUNGUxNQH_9DnbtJnI0HxHxAoojfMS0A,KENNY Boyd,https://play-lh.googleusercontent.com/a-/AOh14GjV3b9bpG_cZCXpr3l-WsBmt_1Eey2ZaNQ3gmX8Ww,I like the idea of this app buy when Im searching for lawnchair set ups it keeps popping back up to the top as soon as I start scrolling down through the different setups Edit Thanks for fixing the issue I love the app 🔥,5,2,stable-1.45,2020-11-04 20:11:15,"Hello Kenny, we have released a new version and this issue has been fixed, please update the app as well as your review, Thank You!",2020-11-04 05:55:32
gp:AOqpTOHI1GpQlZcJ5bS5RvWIMJWOzZP2LTI0rqEykWPJ_yOFYahO8E2Bs4Ldj-VoVowzkjdbckuUl1ZQ0Uhdhg,Vishwa,https://play-lh.googleusercontent.com/a-/AOh14Gg9Meu8gbSWRN7e1SmGn0kbiRc-B3Oym5nyUdgUIg,"Really a great interface, and the collections are very aesthetically made. Everyone can try.",5,1,stable-1.45,2020-11-04 10:52:48,Thank you for your encouraging words.,2020-11-04 11:04:00
gp:AOqpTOGiZeTSUSOEywgohJ9WUUMsxEroBHONA26zzPldTtKxVNk757h_Fa3_ha7sCLAztRzTFhgoo3LHwnlLow,Naze Dyster,https://play-lh.googleusercontent.com/a-/AOh14Gj9JCKxRO3hMtVd94REW84o9gy76FpMqfQMaNymMw,Must buy if you care about customisation,5,0,stable-1.45,2020-11-04 02:30:04,,
gp:AOqpTOGcnpilvme3l26CiEppmGhELfpOCQiwpFVJCuxdtrAk0DYM_JVB0jeEOwKiG9-fomdTcsVlzh2LQaTjaA,Erick Isorena,https://play-lh.googleusercontent.com/a-/AOh14GhYgjGbaedkCNwlhIllaBqolV9K6h_GmWH2BmSV1g,10/10,5,0,stable-1.45,2020-11-03 04:16:33,,
gp:AOqpTOGCn_zn1ASjK9rMzbsQYTwLNrTOd4QJ-sfFonY9DTMxVMtnS9nm0KzQMXa8x_E0TVJZAaWO6o3xAphjKA,Aim,https://play-lh.googleusercontent.com/a-/AOh14GjD1-vlOyQDS4DTuGtH4NWRRdbSp4fOJ7L4ZLfh,You should update it more often so we can get more setups. Apart from this everything is good 💙,5,0,stable-1.45,2020-11-03 01:37:43,"Dear User, We are always working to add more sources in the updates. Thank you for sharing your thoughts with us :)",2020-11-03 04:09:16
gp:AOqpTOGQXbQYabe_7zHXqewjv30LRR-a57C-p7cbm_NBwLCZ69bChQu8s7jicDwxTtUnj1wzMKo2-YOQvNHdQw,Maaz Rahman,https://play-lh.googleusercontent.com/a-/AOh14GhCq9sboZabHKWubq-yXfbyPj7JTHqWT-AMTRcJaYA,"There's something related to the Wifi, I turned it off and it was validated. Anyways Love your apps♥️",5,1,stable-1.24,2020-11-01 21:06:17,"Hello Maaz, We are happy that your issue got resolved, enjoy the app and more new features coming soon :)",2020-11-01 21:33:20
gp:AOqpTOFOvQVYFjW7WT77mNOMfC-AkanUvksuXxa-W_N9Wp4bdX_E6D0WjJ3R8_yfPlVl1us-Gg7kv08cX4h0qQ,Shivam Sharma,https://play-lh.googleusercontent.com/a-/AOh14Gj7UL3FqB6-t67cvmF8VBGurikdsbWs9-dHdIJs,It's best app for Android lovers.nice one,5,0,stable-1.24,2020-10-30 20:19:17,,
gp:AOqpTOFTSyYTEaOnIJHorPBBMXs0Ey-GvKqoTXo9KynG2T_oliAfE2j3v8i55Xdtz8sdT77apFy5BZvXvsqiyw,Ishit Gupta,https://play-lh.googleusercontent.com/a-/AOh14GiH0YaOI2b8BNMS4LDh3xg6qjHmhvNnxWavB3JF-A,Easy to use and a collection of incredible setups as well as walls. A must download app for those who like to customise their phone🎊🎊,5,0,stable-1.24,2020-10-30 07:19:33,,
gp:AOqpTOFiheDyyG3FUDd169ncz2llIkYP9h7eRPoza7jP85U5bvpinJfeNxwPXGQVVaT6TTECXbWOkAiAJPDdkg,Daniel Muñoz,https://play-lh.googleusercontent.com/-Y09isN56nS4/AAAAAAAAAAI/AAAAAAAAAAA/AMZuuclkXP_YgJI3jTVQ7BbtuvF-OvmmGw/photo.jpg,"With the last update the app doesn't open anymore, it just crashes.",1,2,stable-1.24,2020-10-28 09:52:04,"Hello Daniel, we have released a new version of this app, kindly update the app as well as your review, Thanks!",2020-11-02 05:01:14
gp:AOqpTOGWi_0MNOhjwE1neOOIZlGcEGTzZJgovTBdGP2yUNSQULtwFtfYUP-yVMRV1tbdatrE11vL0Tr2RdvDqA,Domnic Walter,https://play-lh.googleusercontent.com/-HcWLmtYSsU4/AAAAAAAAAAI/AAAAAAAAAAA/AMZuucnJhg3la-KhTDUVD7r14f7BYkbi7g/photo.jpg,"it's just amazing app, everything so clean and the easy U.I. ,one can get everything thing here!! various setups .. nothing can beat this bro🔥🔥 .. appreciate the work of developer! amazing work and app!!",5,2,stable-1.24,2020-10-28 04:02:04,,
gp:AOqpTOGLOClZhCSK_k-U2FAGWydKczVUbKZ5mtyh5Rz5qrboEmGyXhzO4of0OcHaiO5aYYa1viwVKnSBRoNbpA,Aki,https://play-lh.googleusercontent.com/a-/AOh14GjbMnxfudZWZh0UorCouIEzUOX0aQNL_Bj2xmxMKA,"Great app with some great screens, still initials days so not many setups but alll those present are very beautiful",5,1,stable-1.24,2020-10-27 20:31:49,,
gp:AOqpTOEhFvSbVDXTkyym600dUfOh-Di0NQXJMT1j4TcJjpqQYwnG3Ju_smVf23o5nU79GYaUIdVJWzgAjlGztA,Subhradeep Ghosh,https://play-lh.googleusercontent.com/-tXWsS-RHiwo/AAAAAAAAAAI/AAAAAAAAAAA/AMZuuclxJbDagHlex9xEtD4Otk3b_FkRnA/photo.jpg,An Awesome App It Is... Just Mind Blowing.....🔥... Nice Ui... Every Week We Get To See New Setups From Different Categories Of Some Respected Designers....That Was To Good...❤️👏👏...,5,1,stable-1.1,2020-10-25 11:53:08,Thank you for your encouraging words.,2020-10-25 11:59:14
gp:AOqpTOGgb3Kccyc0cS4Yv6M5E5PZ4EwMd3MbME12AyfNSjsYOCZZt5hDAgrQPjCNUzExSBuMxYY65AdDuI_5iw,Ahmad Ansari,https://play-lh.googleusercontent.com/a-/AOh14GgnTlDIQjQmJcCTbQp6a_HG-ZGGDhRoGgjz9eP-A_s,It's Very Awesome Apps to get Very creative setups 😍👌👏🎉,5,1,stable-1.2,2020-10-25 03:23:21,,
gp:AOqpTOGYTJ4A4LriTzif1MnLKgGQEFB4x3AATYd8a8F6-nJN0cDg1VeCARBdDXvHWYVA6UG8s-DRqbsYIwROAA,Jorge Fragelas,https://play-lh.googleusercontent.com/a-/AOh14GilsPem_7lETQTjcU00nQoDW5NCI4t9qWazDREPYyc,Love it.,5,0,stable-1.1,2020-10-24 12:05:44,,
gp:AOqpTOFSoWitfwriPF8K1rquzeM2rmfae-zq_jxQnNotUBuDNDbw3czxWiR26HoARXFHSxvV4fP8AIo_qB6Yxw,WMR,https://play-lh.googleusercontent.com/a-/AOh14GgU9L5O2j_6d0vIGdgAZ15XOia7moAMXEdbS2EKJg,Awesome app made by an awesome dev,5,0,stable-1.2,2020-10-24 11:51:27,,
gp:AOqpTOEbJvDUTN0ABw5MWFa0HvePSu_nttQfincyVPI0maxxHrhDYGuhYc79PAs7HkZxevgcUyfaqOUdlLKpCA,Raji Hernandez,https://play-lh.googleusercontent.com/a-/AOh14GgqRALLBuumhM7qcUg7JzUM38tIe8Va9EgZrxIxBA,These wallpapers are badass. I'm a prime user now and those wallpapers are fire keep up the good work,5,1,stable-1.1,2020-10-24 08:47:36,,
gp:AOqpTOFe2w3PtiJ8_NY9I36LUuiB8_RMDnEciFZenhJ_VzraLMRhRhvVOsO9kNUyfvHN3RaMo3PTmbOMxpJhsA,Maryam Muni,https://play-lh.googleusercontent.com/-Z80LoBFhwaE/AAAAAAAAAAI/AAAAAAAAAAA/AMZuucmDNphSHy-4WKPuIpKF8__nhMyh_Q/photo.jpg,Nice update 😊,5,0,,2020-10-22 01:42:32,,
gp:AOqpTOFbEzeZQ7P5yJIPUC_fSrv2WwXCTRz4g2q9Jop1mMl5LuPGUxKN9ideQafu8m8ugf33FdZslHwC3n-oBA,Maryam Sohel,https://play-lh.googleusercontent.com/-_vLOqyQLvgo/AAAAAAAAAAI/AAAAAAAAAAA/AMZuuclPSyvX_9zSjnuDb0RJYWwO16vPZg/photo.jpg,"Worth every penny, and the new updats is amazing!",5,0,,2020-10-22 01:41:58,,
gp:AOqpTOECjWn1mMI0AGwiv1WkoVr60yxCYrPD4s7cyqsgHLU7mkuI2Wyfe3epxJTuQZiz8vFREAbTkXVQZfOGgQ,Sagar Nikam,https://play-lh.googleusercontent.com/a-/AOh14GjVk81krdELrOHWIonV8PQhFkRBxrAJxvRCjanytC0,"Absolutely loved the new UI. Makes the app look much more clean, sorted and easy on the eyes. Glad the developer's making a massive effort and constantly updating the app. Great work and thank you.",5,2,primeB3,2020-10-22 00:46:15,,
gp:AOqpTOFo1-X6FwcvdeBs26THHAqbXiZpHT0K7P2qd8jQJeXOMTWvzqLFqQ_uEkYZwnlJYFLVYuXmddr1uum4Mg,Vivek Chaudhary,https://play-lh.googleusercontent.com/a-/AOh14GgT7fX0GH9SxpoooEV6t88jcmIrHnYUgXfnAeXQiWo,"Since the start this app has been good and still continues to be better, dev support is awesome and so is the TruePick community.",5,0,primeB2.1,2020-10-21 13:12:56,"Thanks for the support, your reviews are our real motivations!",2020-10-21 13:29:00
gp:AOqpTOE6R-u6iNsfViIAonbH6WKaO-v1svUwAhvRqksvtsoEW7zy0q1TpRpHa_Ek6czIgrHoMJAfq6QLbxWxwA,Shree Medical Store,https://play-lh.googleusercontent.com/-wx73sBCjldc/AAAAAAAAAAI/AAAAAAAAAAA/AMZuucnt3WmWyy4aAwFT67e-rAHmdkl4Pw/photo.jpg,It's to good,5,0,primeB2.1,2020-10-10 19:10:44,,
gp:AOqpTOHnHR1UIFXHnVgyjeSXGAuHC7TvZO5s6yR20RWv6bwFTg5jZjuOJF3DoQIVKw7m4Yfr-REzmy_LvUnsnQ,Dotimi Okiy,https://play-lh.googleusercontent.com/a-/AOh14GioQn1h5_mYZp7-7WWchrWDFiTj0lzhgvIM9Rp87w,One of the best apps out there that has to do with customisation After downloading this you're sure to have a fire homescreen,5,0,primeB2.1,2020-10-04 01:31:41,,
gp:AOqpTOHrYkU9dsHhPtDhPg0AOs5E-rlENC_bbFpEMh78mqgMTglIxhv4BwO4pJFYCpBqpol993P4rtQSmwvQTA,Pedro Pasin,https://play-lh.googleusercontent.com/a-/AOh14GgvFX8Z0gHpgzXZqFVV7Ge55L7dZEFPYRgTzEyo2is,"It keeps saying I have lucky patcher, but I've already uninstalled it. I payed for this but I can't use!",2,0,primeB2.1,2020-09-20 18:43:22,"Hello, we are releasing a new update in next 8 days, please stay tuned, also if you want an urgent fix, please connect with us on our email ID - fusiondevelopers90@gmail.com",2020-09-21 01:52:45
gp:AOqpTOH3vUyhJwVaw4FJudM_F53xUANkwKK539m9XLROjJZDbyfcsX-GHNk401HfFkwcE_uvRBWMg3qbvROymw,Bhaskar Dey,https://play-lh.googleusercontent.com/a-/AOh14GgWJ-dUYYsgjNwksuCRj30mbA4Uv1GGxteRS2O5vw,"this is a truly supreme app. Here I found a lot of highly customizable premium setup. In my case, here I got a lot of supreme setups along with some premium wallpapers. Thank you devoloper for making such an application. And the best thing its UI. I have fall in love with this application.",5,1,primeB2.1,2020-09-15 20:35:48,,
gp:AOqpTOEUFa60O2BbuV9NdAnuVtEzbDVALRco9VBLzV-RuadmLOYeHQBZcA8Kk9GYjtrqSrNeu7wYtwulEsPOZw,SadiQ YM,https://play-lh.googleusercontent.com/a-/AOh14Giflmd7yxRMQPFD8sHiC89d07a1xfZNZwrxGXcN1A,👍👍🏻,5,1,primeB2.1,2020-09-13 10:05:00,,
gp:AOqpTOHtQwjDImSwBzZ8KpQmsZPJcTAOoc7zDc6Zm1KpT8v2Hm0WjISb0LWAUYXuZ9FUbKVH_E6t3JIIbFg6UA,Syed Mustafa,https://play-lh.googleusercontent.com/a-/AOh14Gh3Ln7UYv3eFGB1-V8HMuNmRGIem9kIAaINcDe6,Lots of love 💕🥰🥰,5,0,primeB2.1,2020-09-13 05:14:20,,
gp:AOqpTOHF78f-ZNzX9mINBUQsPDg9lNZY1DNco6TrzSPQo1Jm6wV02skibs2w8_Hfi9aXUan4tqSGxQ3rugbh1g,Ss Mobile,https://play-lh.googleusercontent.com/-rWu1aSluzCI/AAAAAAAAAAI/AAAAAAAAAAA/AMZuucmEIbihzqzMnSi-sHt6dFx4ku_KOQ/photo.jpg,I just bought the app.i am a beginner.learning things slowly.request tutorials about customisation of home screen from the scratch.it will be beneficial to all the beginners.,4,0,primeB2.1,2020-09-08 05:57:31,Can you please share which features you find difficult to use? Please contact us at fusiondevelopers90@gmail.com.,2020-09-08 06:30:58
gp:AOqpTOES_WTvaYmvYFTh28Npf5-4LniQWsAW_a4hm6ScpnMcdAgQ6iaEyspUFjfJTVapM0nKjTcu5Q21h_spnw,El profesor,https://play-lh.googleusercontent.com/a-/AOh14GjcMM1tlVSHr_TCO8rHov379eaT-LXawFvCTw0CGOw,I really loved this app,5,0,primeB2.1,2020-09-07 03:09:13,,
gp:AOqpTOEgFR3HqRGgSuv9woTd6NISWYLYexoNAeMIcaG268jmXkKgnXzEfbkHks4Cj8OIrq0VN5M5NhSQO4yFcQ,recursion py,https://play-lh.googleusercontent.com/a-/AOh14GhjVI_iFhSIwZIyBPsE8-EB86l0_cuGhU_Mcj0o4g,Healthy Dose of setups+ wallpapers!! And a minimal UI..im loving it😁,5,0,primeB2.1,2020-09-06 06:32:22,,
gp:AOqpTOFgVii_zOi8oLhN1o9XlIfD4INnSVRh1wKj_Y7MmgAu_Yg3E4PaJ4oM_BbonTQi5yIjW07t-qguRjnrXw,Fuzail Hamid,https://play-lh.googleusercontent.com/a-/AOh14GgijOYQ3NOAAidqx8w9N4HAyRHbGRMQSX42CCltZ0A,"Was always looking for an app that would allow me to make insane home screen setups with barely any effort! 45inr or 0.5usd for this app, eh? That's nothing, this deserves to be way more expensive! Also love the dev since he gave me a free code 💜🥰",5,1,primeB2.1,2020-09-04 08:19:02,,
gp:AOqpTOEF3_SeW0rg8OJft0Nyk_7-1mfn_P3S6PIG0ZV-qFeK5I0QWKkIHCTAtYwao6PcfVQAC63oqzPQegV6fQ,Jitesh Gugnani,https://play-lh.googleusercontent.com/a-/AOh14GhweAD-KyZbLWHjx5mcme9QSPn2YVELvbER_kjhvA,Not opening in oneplus 7pro,1,2,primeB2.1,2020-09-03 03:43:48,"Hello Jitesh, can you please write what issue you face exactly via email, our email ID is fusiondevelopers90@gmail.com, we will be quick to respond. Thanks!",2020-09-03 04:51:16
gp:AOqpTOG6wdkfMXaU9HDk6C3Odb6vyVnJs26ripbqyO_rgPzRG82sKQACT4LvxyhYCa6nY0fJQfjwIVkM86MZjQ,nikhil,https://play-lh.googleusercontent.com/a-/AOh14GilVYDLtFeP7geSw3zlzM5TPZo5ttaA7Kp3f6WUBw,"Like customisation? Must have app, go for it",5,0,,2020-08-28 00:01:42,,
gp:AOqpTOGRqmwFU2JLAZ-UGrBnEXcQehRIS_h2FCJDy-zsY6whQ7fOvDcmLRkQ2Um-TlHXyAKrtNl6_3kMGB--mQ,Shanto Rahman,https://play-lh.googleusercontent.com/a-/AOh14GhWBtvPkjpeoEo4zqqlT8i5K4tgwdL4m5EcAL5DpQ,Finally accessed this app & it's a mind blowing app with high potential,5,1,primeB2.1,2020-08-20 13:51:29,We are very sorry for the confusion. We will solve this problem as soon as possible.,2020-08-05 22:04:34
gp:AOqpTOHm_lclPZCBO2QXw7nr1y-lIg1D_o9iWszugzHnsu7rNIp1cUQJASK2qJ_lnskUbsGqWd0FzQlbTCTGJQ,Rock Akash,https://play-lh.googleusercontent.com/a-/AOh14GgE247l2snD2I1901Q7XG5vITV3C1vrTsi5yV0mGA,Truly nice app Good for customization ideas Loved it,5,0,primeB2.1,2020-08-20 01:27:43,,
gp:AOqpTOGlLu2zUUqx8SpNVzDVb0fCluf58DQjRqgbkExfLVEHTITkUDinXlOtfA2rzwcwp9_PDsMm1eeFzyqpsQ,Fusion forDatabase,https://play-lh.googleusercontent.com/-eATRsrufdzc/AAAAAAAAAAI/AAAAAAAAAAA/AMZuucmPB1KxglmYZb13bsRHoA3k1Wwu8A/photo.jpg,"A Must have application for all people who need a single source for perfect customization, the TG communtiy is also great and always ready to help, Cheers!",5,0,primeB2.1,2020-08-18 19:46:15,,
gp:AOqpTOErq7AnssRwRxMo2o1xrGG5dPTERkw6ygB-JZT5OfRMK2CQBKHuVZJ1O3O4zDXbaxZ8o_WwyvlAcOgJMw,manjunath deshpande,https://play-lh.googleusercontent.com/a-/AOh14GiHR49OcxdYb24jc_PyMPhByFw-KrH97ktIAAB2iw,One of the best guide to customise your android device,4,0,primeB2.1,2020-08-07 18:26:36,"Hello Manjunath, we are waiting for you to update your review and hence motivating us to make this app more better, Thank You!",2020-08-21 01:37:28
gp:AOqpTOHwKRR5xsLe77mQoBzEUuXdrrf78I87ufRG0pxtSlKxc0_Cqx2oIczV5zWkd5AgRzfhMQRbyIKqo3HAQw,Doug Waters,https://play-lh.googleusercontent.com/a-/AOh14GiCOgVTbOlWmGVxrxw1bhfeT1sJEXpWXkq6Cw4j0w,A must have app if you enjoy customizing your Android phone. You will definitely enjoy this app and it's community of users.,5,0,primeB2.1,2020-08-06 07:18:56,Thank you for downloading our app! We will keep working on it!,2020-08-13 09:24:36
gp:AOqpTOECB9cRAbgYanlEhI5j-6e_Mm3a-DIjIubCRs_MIwj4AlEifVnwqX_1ufJK3P7nVnaYJiEONNgujSi9yA,LOTUS SECURITY CAMS,https://play-lh.googleusercontent.com/a-/AOh14GiyxyPx0Pio3vg_lD0hFJUeXgRAvGeK0ng54iToaNw,Tq for promo codes lvu,5,0,primeB2.1,2020-08-05 12:49:35,"Dear User, we are happy to know that you found our app useful. Please help us by spreading the word amongst your friends. If you have any feedback or suggestions, please write to us at fusiondevelopers90@gmail.com. We would love to hear from you!",2020-08-13 09:25:03
gp:AOqpTOHBn6pS9yeqx-yj_m5-zoSbU56qlOykuXWMQifRnS2ZnsaEuVleorsSas5O7pJlcDTLpNSjjUDalaikOQ,Ranjan Kumar,https://play-lh.googleusercontent.com/a-/AOh14Gj3AVvxzvwmFYf4pAC8h_AaWEpYmLNkv8l6g6VEng,"Indeed a great app. U can find the best customisation options for ur phone whether it's amoled or not. So, a must try app",5,0,primeB2.1,2020-08-05 12:31:45,"Thanks for your review! Please recommend our app to your friends, and don’t hesitate to shoot us a note at fusiondevelopers90@gmail.com if you have any questions.",2020-08-13 09:25:10
gp:AOqpTOGfQLzCY3z_XougAjpb-kGHgePyevbDtJV-DNRpGwvIPSlJcnzmwilqHcSu_nB40LyXO-hlOKjxoXhfmw,Shankar,https://play-lh.googleusercontent.com/a-/AOh14Gj6Add8ahf1eNthHEevZY88XlJjmQ4kRJ7TOntKBA,Got the prime code just now from the telegram channel. Best application for homescreen customization.,5,0,primeB2.1,2020-08-05 12:20:18,Thank you very much. Keep using our app :),2020-08-13 09:25:15
gp:AOqpTOGmG8YSPOH_3-EiipxKKK7D18v4S-Mnfaj1GAVukna1HxNL9JC5jXo1sTb-ydUYugLfhZlqIUAcgKdhTg,Ulhaq Burhan,https://play-lh.googleusercontent.com/a-/AOh14GhtZ2Ii_WGXMPSBpIwws0_u1OXwXw73vT7RY-3F_TU,Really like the variety of the set ups and wallpapers. One thing that would make the experience alot better is if including a launcher backup was made compulsory on each set up. It makes life a lot easier and the premium version alot more desirable.,4,3,primeB2.1,2020-08-04 06:06:03,"Hello Ulhaq, we have taken your feedback into consideration and have started to add launcher backups wherever possible, we hope that you update your review, Thank You!",2020-08-21 01:38:33
gp:AOqpTOEBvexoQxAht2L6c-zvE4T4SYQgh2Xl37IXEDqwWXG3GWeNiFNcwezdUy-sLu-QMvhYOQCN2x5w3xO35g,Mahesh S Nair,https://play-lh.googleusercontent.com/a-/AOh14GisZ7TxdJX3bP42moUVS5LlYHnreTlnYvesRbie,UPDATE: Very rude reply from you. Shouldn't have paid my money on this app. You should put more quality walls rather than putting 'very similar walls' all over. Updated: You clearly don't know customer service. Take care. ( I don't want my review2 affect Ur app so I'll delete this review after a few days. But this is not tway2 talk 2a user.) Sometimes t users give harsh criticism which can be taken in t right spirit2 further better t app. (From a banker &business owner of a leading Bank),1,10,,2020-07-28 06:03:34,"Hello, we are waiting for your order ID to initiate a refund of your payment. Thank you!",2020-08-21 01:31:23
gp:AOqpTOEVDJJEJAmuJ66WKYcX9USbUa3qxJNFHne-y8XNL_kUfjcbBRMUDhnWAKDxRIMrCgVeWQ9woWSIwiuF1Q,Gaurav Negi,https://play-lh.googleusercontent.com/a-/AOh14GjXPqdNHkkRGrY4lzm3U_lJ3Eatq4vHSqugA2csusc,Very good app,5,0,primeB2.1,2020-07-28 01:05:30,"Dear friend, we are really glad that you like our product. Your support and voice are very important to us.",2020-08-13 09:25:26
gp:AOqpTOE3mM2gpO9zjTtZJr_SvqCYgUax3N2J-_5zPTkDACcQLwOF2t1uwRoTf3sPqin5S1D9QrnhtYZTT41x5Q,Samir Kumar,https://play-lh.googleusercontent.com/a-/AOh14GjVpFvex0cT8iEMeuhpjzphacnaSIV_LYXSYLNsXg,Customization at its best.,5,0,primeB2.1,2020-07-26 08:54:32,Thank you for downloading our app! We will keep working on it!,2020-08-13 09:25:21
gp:AOqpTOEsQ4pFtCwBMjJWHjdByoJPs2GCl7-TwZHwpIoWBTb2jFQ71Tf5rzL2fk6zaBRAl4Ga8lqmxB8prIMx2g,Francis Isaac Caasi,https://play-lh.googleusercontent.com/a-/AOh14Gg7G_yWDqTCcNfczk9wJ-SMWiAStH-Qz3zFUynlzA,I paid for this and its keeps saying that I have Aptoide. I only use aptoide for some games which are not in google play anymore. It's also troublesome to have the 2 apps separately. not worth it,1,3,primeB2.1,2020-07-21 09:42:34,"Hello Francis, we have found a fix for this error, please mail us at fusiondevelopers90@gmail.com. Thank You!",2020-08-21 01:31:34
gp:AOqpTOHxvGTAV72PEovjU3mUTuzy3n9OCKqCrFpUJ2yOsW5-Gk7u1BMKL4jfsSusxgafWTssowODqz_RpIO7jw,DENNIS WILSON,https://play-lh.googleusercontent.com/a-/AOh14GhcT-AssZM3Kk6jz4OTbbAPz3gS-2tvPjLhkAj83w,"Awesome app with lot of options to choose from,Thanks to the dev",5,0,primeB2.1,2020-07-19 06:25:03,It is delightful to hear such positive words and it’s always a pleasure to serve our users.,2020-08-13 09:25:39
gp:AOqpTOEe4rYdUEdc1jQBzaCFABTVR2vrPC7SdUv2HojMfaJeN4joRqVYWedC0sio7_Cy49deq71uOsW4nqkiAg,Arfan Hidayat Priyantono,https://play-lh.googleusercontent.com/a-/AOh14GguR9FWzQhBGVjNFXl_zAJKsErO2K878qzcb4CuFn8,Awww,5,0,primeB2.1,2020-07-17 04:11:36,Thanks for taking out time to rate us. It really helps us to keep going and delivering the best :),2020-08-13 09:25:49
gp:AOqpTOGAdNZKFJY5pNmqonrWGBqFec3HgfkAvTWvorCkAmxh6hzTlgmgiCfOorYkXtp-CWr04dbs7k4hgk8wMQ,Deepak Acharya,https://play-lh.googleusercontent.com/a-/AOh14GgK8_cxZb5y9NoQJ0DXGlx47TDjZwbz8weRVdSesw,"It's good Set-up app. But need complete set-up backup like whole home screen grid,a pp drawer grid, widgets size & placement. It's very to first download all required things and putting themselves.",3,3,primeB2.1,2020-07-14 22:17:41,"Hello Deepak, we are waiting for you to update your review as we have taken your feedback into consideration and have started to add launcher backups wherever possible, Thank You!",2020-08-21 01:34:50
gp:AOqpTOHzsDlMa0-NAV6AZbSUto29VcdzEFGybBpC1QivxgG2MZqSTNohcZjBROdem74GWesquhMPA3ZINOrKfA,Ankur Jhavery,https://play-lh.googleusercontent.com/a-/AOh14GjryNtgPk6LwmmBnvRb0D1U2kq-Nk_DCNSZ-CdhVoE,"The setup and wallpaper collections are good. However, without KWGT backup, launcher backup alone is not helpful and requires a lot of complex customizations. Simplicity is the key and would recommend the app developers to ensure complete guidance for end users to benefit from the app and recommend the same to friends and family.",3,1,primeB2.1,2020-07-14 02:00:34,"Dear Ankur, We are waiting for you to update your review, as of now we have started adding a video guide on how to import backups and hence improving user experience! Thank You!",2020-08-21 01:35:49
gp:AOqpTOGsnRToR04ftR_1IA0FOQQWV-91c7qmvaoLS43SZgMNhiEj950lZL5m4pvNVLPjlqS4DVv5vZVndlCB8g,Ethan L,https://play-lh.googleusercontent.com/a-/AOh14GjZaFnufkJlhcg65ageFzuiCbnNNu5apw40rM5fPA,EDIT: Thank you! Much better already :D,5,1,primeB2.1,2020-07-07 19:38:39,"Hello Ethan, As per your suggestion we have already started to add updates/backups to Dropbox instead of Telegram, thanks :)",2020-07-07 19:30:17
gp:AOqpTOGAaupMRjkq_URA92UvH0I5PJPnt4oNWDoYdMIRO34G_3MrFxkDMgILhO716D6uwgGCiYUlH11voj_4dg,Siddhant Moitra,https://play-lh.googleusercontent.com/a-/AOh14Gi_BDoGxgXilE8tnNbNVVMApSYlWAQeyQvGP9KSqw,"Hey, i have one more little suggestion for you if you don't mind why don't you just combine both truepick and truepick prime into a single app instead of 2. What i mean is that when somebody purchases truepick prime there normal verison of truepick app get's converted into the prime version so they don't need 2 Version of the same app for the same purpose",5,6,primeB2,2020-07-05 19:17:25,"Hello Siddhant, Thanks for the suggestion but we are too late to think this, there are many users who have already purchased the Prime version but we will try to do some work around and improve this app more!",2020-07-06 02:11:56
gp:AOqpTOEYwK1DbCGKyquTg8uM_ey9DWFM93XoEGej4FsuVD1RSRpFzE4anqV773IhCM8XxuPh5HrJaQwrc2XMww,A humble request,https://play-lh.googleusercontent.com/a-/AOh14GiRmpw9GKNhXPX3n-DaMqRBb7JMw01J7xzKQJIU,"Love this app so much, But sadly backup files doesn't automatically applies all the settings and widgets, its kind of sad and useless to add that feature.",5,1,primeB2.1,2020-07-04 10:37:37,"Hello Prime User, the launcher backups makes the gaps and spaces as per the designers icon size, grid layout, etc. You just have to drag your icons and widgets in the empty space, also there will be an updated Guide video soon!",2020-07-04 17:50:11
gp:AOqpTOGTiLwOHcrD8R1Iw4wmWINK1bpvfwLSVsW-2PsIll4yB2eGYQB4SVGVCqxiEHKkBfwyKayAAOulozmX_g,Kavita Chauhan,https://play-lh.googleusercontent.com/-r6rfCfYKL0M/AAAAAAAAAAI/AAAAAAAAAAA/AMZuuckUAd37XD0Ojo75JIwo0jKkXf4qHA/photo.jpg,Mind blowing clarity of wallpaper but very few. Please include bright colors and pastel shades too.All the best.👍👍,5,0,primeB2,2020-07-03 23:47:48,Thank you for downloading our app! We will keep working on it!,2020-07-04 01:07:27
gp:AOqpTOGyLPyKUV-fMVF3Jr0Ac3TPwMgWWeA2m2An36cbvHJvQ_bpEiG5rloUIw05of94La4gxYGGf5zc7-i3LQ,Vladimir Grdinić,https://play-lh.googleusercontent.com/a-/AOh14GjeQfVFQh4CXhYW56aYShPLuBvKRFiSX983Q8nlOqA,"As a completely amateur when it comes to customizing my home screen, I would love to be able to download backup files or step-by-step tutorial for doing it by myself. App itself is amazing, I bought full version.",5,2,primeB1,2020-07-01 11:47:14,Thank you for downloading our app! We will keep working on it!,2020-08-13 09:26:21
gp:AOqpTOHyOCXjtHemAjzDcJXk3scZoMYDRS85qFtECGm8cDNETw1JfG0xJUfX2loujno8mMDIWaH-Uf6jQyLCgQ,Tushar Malkan,https://play-lh.googleusercontent.com/a-/AOh14GjEwjnwOPvfUphNEQ8UYYWU0om7B3-XZ4QdnwfbDg,"Do not download, developer is abusive, banned me on his telegram channel when asked abt the update on his pro app, do not pay for pro app at all. Developer using foul language",1,5,primeB1,2020-06-29 08:21:05,"Hello Tushar , we are waiting for your order ID to initiate a refund of your payment. Thank you!",2020-08-21 01:32:04
gp:AOqpTOFf9Rpn5HlEDX6NUc-ktjZbK5RDA7j0wUjjlNKHzfSMy6qhe-nvJ6BL46ie4Jnv-I_0keJznZ3yEUkQog,chuyexeツ,https://play-lh.googleusercontent.com/a-/AOh14GhzCRMtYYnoP74l8jBUAKsPS6JAWrHZLoRYhLQjyg,Says I have lucky patcher even though I don't,1,4,primeB1,2020-06-23 19:41:31,"Hello chuyexe, we have found a fix for this error, please mail us at fusiondevelopers90@gmail.com. Thank You!",2020-08-21 01:32:38
gp:AOqpTOHbs03bFqy7HbN_EoJNXgJn-9pWD-Av90dOtwkOpmaJ0OTqI5Ppfx1ssY9bg_4_v99KdjRTf78mDUDbEQ,Atharva Phadke,https://play-lh.googleusercontent.com/a-/AOh14GgX3hJJeDp_25ztwapvOyGoTCnlPbCtm_HAHRLF0g,Best customization app ever. Good wallpapers. Best amoled wallpapers... Worth for 65 rs.,5,0,primeB1,2020-06-22 03:29:57,Thank you for downloading our app! We will keep working on it!,2020-08-13 09:26:34
gp:AOqpTOF3G-6IxqruhcHWCgeoVTOzBPfNpMBtYn9eDICNmGbVb7gTq7qO-dqesEMAPzOUNKpe62htdc6jx879yg,Nilesh Nalamwar,https://play-lh.googleusercontent.com/a-/AOh14GhdFJkfkS5zJkYLT_CqCbAY6nuWyTqhjj4iaZwkOg,I'm loving this App 😍,5,0,primeB1,2020-06-16 08:45:37,,
gp:AOqpTOE7A_9Anoa8jATEzzmdHqUv2466U35RqKE4tmh824_6-Ncv_oXEXBC8-wU1mVBBL9h-WmoKCQlaGGB2pQ,Nishant Chaudhary,https://play-lh.googleusercontent.com/a-/AOh14GhJBT-N4a4pqMGNfiBHaUg5jtyLJCo45mcRX84RrQ,Excellent app. The idea of competition among setup creators is brilliant. Keep up the good stuff 🤟🏻,5,0,primeB1,2020-06-12 09:52:21,,
gp:AOqpTOH81xAhJpGPe2OlsEh8JgS08Rk9ofAzwuabYSFZ6onu1GeVLNhH32RUMH_Mjd45xBuz0Q741nEhMpsXfA,DRAX YT,https://play-lh.googleusercontent.com/a-/AOh14GgQUscGj_WMnq4YKEbhKcW8GOg3P2Aw615l3NFJXg,Loved it ❤️,5,0,primeB1,2020-06-11 20:51:56,,
gp:AOqpTOEpuiIyt5sJa_Zuc-0bDW_1b5YO96o2MdTzEsOx-IMjddxmkH8sxl7B8i3bJsXu4UT2C6qheOIRR0oEWQ,Jsps 07,https://play-lh.googleusercontent.com/a-/AOh14GjXjs_WkJUZImzYo4B7j1yO4LXpFVB7DOaLQFNy,best app for wallpapers and setups,5,0,,2020-06-11 12:09:51,,
gp:AOqpTOHowlDLBiLvwwyZMFiwe1avyRczqpJBrfhE-zxplVeyz4fQxBL7HJU6-ZmsQv77Q3rP4_uL9QuP02YXSQ,Jaspreet Singh,https://play-lh.googleusercontent.com/a-/AOh14Gg6E5K5phYN-hGtNh7TPu4lMYZKdZvjluGvpc5lJA,"Best wallpaper and setups app out there , truly recommended",5,3,primeB1,2020-06-11 11:35:10,,
gp:AOqpTOGojQYoE0-XuGgc2s9wsiEDiXRY0VLBe7cXuKB7K_k_MbfaZP7Lihd4FtL29ojHzMNJYbaIoAUbRdfX_Q,Venkatesh Prashanth,https://play-lh.googleusercontent.com/a-/AOh14GinnHf9hJRQYa78Xclp1B_Ov52O_t5cL2vh_ntQUqo,The best WP app out there!! Simple and elegant 🔥,5,0,primeB1,2020-06-11 07:41:09,Thank you for your encouraging words.,2020-06-11 08:08:36
gp:AOqpTOHG3HMCZkct-H-ok3OLbw3uiR44Wr0Rvvg8HYhzMiaOS-xrua_1klaJGsyKmitNXxq347vvS3Ac02T0Gg,Inder Deep,https://play-lh.googleusercontent.com/a-/AOh14GjyIkiknNj78sCLDAivZmiSawt3aUTzoh9mQRlnYGE,"Love the app , Great Dev!",5,1,primeB1,2020-06-11 02:24:25,Glad you like it! :),2020-06-11 04:17:15
