reviewId,userName,userImage,content,score,thumbsUpCount,reviewCreatedVersion,at,replyContent,repliedAt
gp:AOqpTOEpUpVD3Vcaj2qys28nngEVE0kFZZuuJOTKo6Jepz5LsuzRMabuOY-EqSoT5UqrvWi8LkIo-uPaMfSJ,MOHID G,https://play-lh.googleusercontent.com/a-/AOh14GhwhXBpk5WSEo5HuVlMUVH0j4szZLpyUSV1NMMDWA,णझ,5,0,v1.1.4,2021-02-01 20:57:38,,
gp:AOqpTOFo2bEMvty-7FSjOhP6PbGjQ91vi8Q0HdWJflLZUyvXjb4rIy0FllLfLb4NYd4kaguyIQqW9lnGn3vS,Rex LaRue,https://play-lh.googleusercontent.com/-fjJHkqrHoeA/AAAAAAAAAAI/AAAAAAAAAAA/AMZuuclSXAGY8938CFxho78ICze7K8TI0Q/photo.jpg,Absolute junk. Tried to use this on a new phone to view my photos. It dumped 1400 photos into the same folder and would not allow sorting by date.,1,5,,2021-01-19 16:53:01,,
gp:AOqpTOFpkBjjH7frWxfIP2laWVn4qRh-oAvEofks2qLzYXbL4rqHQLyVysb2S6ZrWCgWShTbfDX_QxWYnuhb,Syn Sinner,https://play-lh.googleusercontent.com/a-/AOh14GghiSTfGqUgtYxnI7tAYg-BBOmLdG3SwJqtUGShMg,Fantastic. A+++,5,0,,2021-01-18 00:01:29,,
gp:AOqpTOGGOdwo5lUsiQ7zCFkEPG7d5FUQJADbrIYcNXQuuhSLAnO3VZTA3FZ5gNRk9129prgGKZaSGg4Fwdki,Godfrey Hamshire,https://play-lh.googleusercontent.com/a-/AOh14GjqioiCsIN5EzWozFEO31Ll5tUARXdxAjMlfmCVnok,Excellent app simple and to the point.,5,0,v1.1.4,2021-01-09 02:22:51,,
gp:AOqpTOFU2-hzdQY-EdjJH-v7bXBEEDmHcLtQweJ2FvBnIbDIq7GX_2kY4avfJ4iRFdF7zuACzOG6Kj8rD6q0,Fahd Althobaiti,https://play-lh.googleusercontent.com/a-/AOh14GjjIbYFrxlnjKEv-EcSys_Ei9IAO8yYSWYZqbu9TQ,good,5,0,v1.1.4,2020-12-25 15:16:29,,
gp:AOqpTOEy4Eodkv6V-J66koGzRZb0afFJOabKgbvmD-5kMc-hhh2zQzeuiTe5Ob7wpVNjFNc4g5l6cB6xkg0U,RACHEL STEEL,https://play-lh.googleusercontent.com/a-/AOh14Gj2B1BuRNCXByXffzcXZeUDi8lCmzc29YlV-PENFrM,Its alright i suppose,4,0,v1.1.4,2020-12-24 14:33:58,,
gp:AOqpTOGOLgnG_mYaglyvTi9MAPNAn4shNJpNlu69ZtLT9RHGskTejwG71nMptv4ll8QNmSvXMk8grquR3mhW,Nicole Kelly,https://play-lh.googleusercontent.com/a-/AOh14GilYYXBTa2w_2zT0KvDmjXrgGFYNRoyiS7rdTad,Good except that you can't set your default sort to have the latest pics on top by name of the file. I have to keep sorting it every time I open the album.,3,14,v1.1.4,2020-12-13 11:37:43,,
gp:AOqpTOGvZCSNEcymFxEp3PN4lTPj_tZE1eZdC8TxNNkzE5z_yvBLajs69o1oqwiu_75ozz1oFmWuvWxT8ZbE,Real Gaddafi,https://play-lh.googleusercontent.com/a-/AOh14GgpPgK0PSoWFhAk0GnLE72-ItfS26z1S3MHVbIX,Nice app,4,0,v1.1.4,2020-12-13 06:58:26,,
gp:AOqpTOE-QmIKlwq_cF9ZiDyCRCsqEws7b5XU-C_ydlxiJbOXeO7NfnO-8ccs8YaMqiqCtYIOG-6q73I5abOb,B III,https://play-lh.googleusercontent.com/a-/AOh14GjYTRgtHkyUHgBPzzKhmreSxFm2C4rIsT4l3-pgWw,Down with Google,5,0,v1.1.4,2020-12-09 09:23:16,,
gp:AOqpTOHj2Zq8M5wK_DlxxerowaJLVcun-RQQj_UBlhTOTMeldQdfQg9RLW7yfF4vQee29FL98qLnMRrrZiRW,Zsuzsanna Vári,https://play-lh.googleusercontent.com/a-/AOh14Gg_kqKwYAeX_Ep6t9ScVKdSUlKKgLz-FBl1CzlEVw,"I'd expect a bit more, e.g. some extra in design, but to be honest, the app totally worths five stars - it works smooth and fine, looks fairly nice, easy to use and does everything you'd expect from a gallery app. 👍",4,27,v1.1.4,2020-12-02 14:13:49,,
gp:AOqpTOFJ3xgc-mbfAzUUkA0xasYDMXwsBF81udf8rPgcIdH1_Tv9Rgzqt5DMTl8qp1f5mrwsVLS-gnwukI_E,Jrozmil Mil,https://play-lh.googleusercontent.com/a-/AOh14GjNXQCRckf9CzMGWGjW52_KUohlrjaYratBUERdhQ,bereh,5,0,v1.1.4,2020-10-29 05:32:52,,
gp:AOqpTOFS4bg-3gZHLESP_qVfZAImpEfXQA-77dowhvGCjwbV177c3rrjQRfoccdpUjMHoiRbm1qabu_wEkWo,Arrabella Warwick,https://play-lh.googleusercontent.com/a-/AOh14GjIpb1G-axFwGhMOj4dMDZtSFpsp7C5egOrMcUrmw,Looks nice 😊,4,0,v1.1.4,2020-10-22 06:12:55,,
gp:AOqpTOF5xbYQY57MWbc3P8pAdeKZnF4UpWzkriJlk84LavqvmDrKlOIYGm9U5IB5FGzgYNL-fSDjppByLqWB,Kayla Norris,https://play-lh.googleusercontent.com/a-/AOh14GhsYaZ9uMWGqIbwhP4Yy9_GfaC27IwIkwZ6LKuA-w,Good app,5,0,v1.1.4,2020-10-20 23:39:26,,
gp:AOqpTOHGiQ47SLdTjbd4fpUaPR2tk7jhmS4xlRPu8NqpF6eIl2jaJ2AfcENENPe1NeJJdZ-ecosJYF3IJk9H,Francois Barnard,https://play-lh.googleusercontent.com/a-/AOh14GgZoZGmP8OLlvjoTz4WDVp3SaWj1Hs6DASOumilXpY,Great,5,0,v1.1.4,2020-10-20 07:11:11,,
gp:AOqpTOEibR2q6_31S1PTCd0xbntXXv2Hk2QT0t3KrL47Sk2h1JbwMXvT-ER3OAFtAnUkwBGrm7AXYCTBNxBJ,Naresh kumar Kaswan,https://play-lh.googleusercontent.com/a-/AOh14Gj4lKSWukLP_Wzs0N4yjLaz3B47WyPjX65g78ZIuA,Lacks a lot in the UI,2,0,,2020-10-09 17:48:54,,
gp:AOqpTOHWukiJ5az8eYVU6IFsSOGqThiqXj5ti9w9kPe1PmgVmof0_cXEylMG-sRriWgJ_BBfhPAiP3xSlGdD,Mohd Saifullizan Manshor,https://play-lh.googleusercontent.com/a-/AOh14GhhJd8ytItdA8edDOWs_S03abAr-0f30qZ7V5gNBg,Good,5,0,v1.1.4,2020-10-09 05:36:48,,
gp:AOqpTOEa7n0C4FfCdWqCGieK0GNlg7ePQOrGu54JilJS27Ozc9PWeGd_SzQcVtcl0EVlvdbXrUP7gJEIMbmg,Moreagain Manganyi,https://play-lh.googleusercontent.com/-CWTK7tJmzFk/AAAAAAAAAAI/AAAAAAAAAAA/AMZuucknKtV1Oe0TkXNaCJrhJieaCycpaQ/photo.jpg,This app is magnificent...... wonderful... beautiful...easy to use ❤️🔥❤️🔥,5,0,v1.1.4,2020-10-07 01:51:17,,
gp:AOqpTOHIQS45F_IBAwVD7a5zAoJ19LXgmeIWyHsjs6YlAeClnQW4S70KZdVnchztLdPfsTgx22xw-0jXFmJ-,Jey Wright,https://play-lh.googleusercontent.com/-7Uy1fJ6Ru70/AAAAAAAAAAI/AAAAAAAAAAA/AMZuuckYzrTCPVeqBKr4avYL_mh3dNnjXA/photo.jpg,Perfect gallery app,5,0,v1.1.4,2020-10-05 13:10:30,,
gp:AOqpTOHP6WR56-7RN9S5oyGUkWXiYYDvmqxPjNVd0ct31y1EFayNtJWWDWIm1xOOS0PU45Ud_r9HnHZ67gXf,Damion G,https://play-lh.googleusercontent.com/a-/AOh14Gjp56urfVvs_1hAQvVPhyT708RD2yVAg-YNUp6AZA,Useable and well organized,4,0,v1.1.4,2020-09-29 08:28:43,,
gp:AOqpTOHJ2Cpqyz-WME78h6X2CQLpyvS08cOrhU2dBewXuRRdtpiYQ2Cs5YPV5PzgTXWtmm-tgpQy0v4J3GFB,isidro p,https://play-lh.googleusercontent.com/-8LbfMLDbmrw/AAAAAAAAAAI/AAAAAAAAAAA/AMZuuclWcwZprsm3WhMRi4Uj9GTR0-JO2Q/photo.jpg,Pretty good,4,0,v1.1.4,2020-09-29 00:43:14,,
gp:AOqpTOFvgPNE9f4wxVR4WxBA19GEWrrivHzeNkzFCGdDHEdT-naA55qu89_-JfEmXV5O4UVy2qJd8t4xgCTp,Akbar Moten,https://play-lh.googleusercontent.com/a-/AOh14GhcDD0Zrs8YGoZoSC5cX3JzNDNULeWCNsIPEG3xaz8,Good,5,0,v1.1.4,2020-09-23 11:34:19,,
gp:AOqpTOFWPLRWWYmzx2n6KIT6Zkou5mR5KZPJMd2CXxJO9PjDmzKmSFjTWEFgw-vTCryiyuUTdO2AkSk8N0Nh,Jack Frechette,https://play-lh.googleusercontent.com/a-/AOh14Ginvs5X5VPoziAbS62tD1HHyTEZOWYZd9qfHjJvcw,"A beautiful gallery. Pictures are large, easy to see. The photos are a little square, though I am still familiarizing myself with the program A lot of features with this app. A vast improvement over the pre-packaged program. Best I have found. Thank you",5,25,v1.1.4,2020-09-22 17:06:28,,
gp:AOqpTOGGf9O6zN5sUq9I7V0_G4_2Mh7agFp_dzuNlAifp_Af_54m_MLyDSwR39N1sJmZv5DK3GqTiQG6NKzK,Chris Clayborn,https://play-lh.googleusercontent.com/-RmeE1Jb6VzQ/AAAAAAAAAAI/AAAAAAAAAAA/AMZuuckvg7hcF_YFaGQIoVL0aOc7FVpy4g/photo.jpg,"Pretty solid, straight forward.",5,1,v1.1.4,2020-09-19 07:13:46,,
gp:AOqpTOHI18S7TEinZo0yyzmVVBEA_bQf5h-f7Lzpx0N_5dT6AgNCAnQZe3RX7T2pBc99cJ0gBXt3cD98U1TA,azure prince,https://play-lh.googleusercontent.com/-bXKiizJQwFM/AAAAAAAAAAI/AAAAAAAAAAA/AMZuuckGjxIls4k08y_8y1KkadFHkIV67g/photo.jpg,Great so far,4,0,v1.1.4,2020-09-16 04:35:33,,
gp:AOqpTOF80dyBvh3aP0c0fAgYQGSwLhYHzYwqeAgZCuTQT2eg2DkOvs8PKfPOtzTTqu1q2WiGWFEGE10qWWn9,MINNAKANTI SRINIVASARAO,https://play-lh.googleusercontent.com/a-/AOh14GiB1IsLPnQW1HFqQtnAWXrpNr5fqFSNLoiR_4tWOsE,Good,5,0,v1.1.4,2020-09-12 09:14:45,,
gp:AOqpTOE12ItirhXZsAPoOgV2oXx5NM1rGf0geJOttNXmbgAbpqCzak9Jk8Z-pCS5h6GbU6Z1Lj4Z1CxeXIdc,Wawan Gaming,https://play-lh.googleusercontent.com/-h-0McpKs_rQ/AAAAAAAAAAI/AAAAAAAAAAA/AMZuuclbHrPSrEZbayxLaq6T8bw5jTL5lA/photo.jpg,Paid but bad. Bad but paid. Change this app to be free.,1,0,,2020-09-10 10:04:57,,
gp:AOqpTOFH-geXoPIdXFBdz_a5WBVADucs6CWfa9S19afMXFKIUy7Kc3h5IT7oWZz6uPPc2_eKRD89EIKOGoBd,Ajay Kumar Jangir,https://play-lh.googleusercontent.com/a-/AOh14Gh4B7kpXuz1HDuN-wGfhpRHfbIxmEcKFh6h92F1Lw,Good gallary app.,5,0,v1.1.4,2020-09-10 06:13:51,,
gp:AOqpTOGuOFLO2NDNoRZAeeirU4bsjM2PP0iWy790oDCVhOUs8n-hpE5CTg2_woSUmToI6HPyzDtbDgH5rC7V,Lindsay Dustin,https://play-lh.googleusercontent.com/a-/AOh14GijfEBqay7CdzxmhAqVOL7ahGIEqey-iz4l9f63uw,Makes things so much easier.,5,0,v1.1.4,2020-09-10 01:16:36,,
gp:AOqpTOFoG8GKh5MzmAoerHMv1g687JSN-4HdvDVI5eFjAIru42OL1fwmz2P4F0Bd5FLlYI_Weh_utqlZA5fn,Private Citizen,https://play-lh.googleusercontent.com/a-/AOh14Gjy3tiB54gbReRTzWy880YFRuhIqB7BWhzb7YnJJA,Utterly devoid of useful features.,1,0,,2020-09-09 16:20:31,,
gp:AOqpTOFBf07VvVmbsi_KEIf9PBpqZ4atF3Yyu2V4DDNN4gcR6o_fsUHdWne9nUt1tXR4IysFyL-UkdyYoxId,Victor Boakye,https://play-lh.googleusercontent.com/a-/AOh14Gh4rr2bXcEFlw9YH8-E98A7pGmJZm7zd_plIbC6Bw,Works smoothly. Thanks,4,0,v1.1.4,2020-09-09 00:57:40,,
gp:AOqpTOHuOJ0x32jIA4WXId3XV8rHfm_U7q9o0X7fJ-bBqyM81csQxN7OKz-GN5sJaECLbdRZBXeAHBIeVX-p,Christina Saxton,https://play-lh.googleusercontent.com/a-/AOh14Gjotb_DKeu8dh0s237ANZxsvf1VVp_PLEdDVQKqQU4,Awesome,5,0,,2020-09-08 15:01:12,,
gp:AOqpTOEpyjx97RiYblcWFWAkv0uiZwknNcGOeE2RW7VVc2av-OAOSq_uKYgr6GU3aw_sn9VdbsYrN9QzTM2k,Brian Pedersen,https://play-lh.googleusercontent.com/a-/AOh14Ggra2Stzd7kRnvFDfoizkiKDf9duxbXbrLb8L0aQQ,I agree with all the other reviews here and I emailed the Dev telling them that asking for a rating before using the application is ridiculous. At alone it does nothing that inbuilt gallery does. Thank goodness I got it for free now to unistall a useless app.,1,26,v1.1.4,2020-09-08 03:45:11,,
gp:AOqpTOGeansPznZ7BVyIlo2SGEadg0G265_kVxGGtOfYtyo-YxQDZNRSWRdNphcnKkDEth-qaxtWWVpQtpTt,Ali raza Laghari,https://play-lh.googleusercontent.com/a-/AOh14Gi0tqqOagf-eXVrQZjxmb2swJwTZujTbHe05Qd2,Beautiful ❤️,5,0,v1.1.4,2020-09-07 01:51:49,,
gp:AOqpTOGIETcw12yxCsYi8DVreHZhGLO81PoxAjKqFqaKLJRWgHwQEXZ77lqR6pxYufVkVGQgvKvKECtzcoU1,Sam Pescadero,https://play-lh.googleusercontent.com/a-/AOh14GiO2nkntgMXOs9EJylkeYuiDs_n2J8ZDer6lS72,Amazing,5,0,v1.1.4,2020-09-05 17:34:49,,
gp:AOqpTOEgv5zkWvk6tHaMtfPjDL2Q9MZGHkLA0s9ngnrXEGpZN4rQxKqjE5zhKiTq9h2Sozk7N7T8mDWmGrFy,Frackie Sharon,https://play-lh.googleusercontent.com/a-/AOh14Gg49WHttNb63Haf8ifjPM99PlcLSTU7d3ts7TwwBA,It nice...,5,0,v1.1.4,2020-09-05 02:35:10,,
gp:AOqpTOG4gvM_V_1s_cuzJ1BNaso22EmNBeUX2fOMVCWPQyHryABNBV2cHWJVbnqOTeflL60swCQKIUi-7M0q,พิษณุกร พลชะริน,https://play-lh.googleusercontent.com/a-/AOh14Gh7eIFczIduGpMTqGM6M60HsYrob5Ec0neMIWCnVQ,Good gallery app,5,0,v1.1.4,2020-09-04 14:57:36,,
gp:AOqpTOG4SI1B9_8fWiAszQtCN-wF6s_kGbYyqqTqg0sU-vl-V-AAwsq0omcyomv8b_doIv-blkOs6DvoOHw1,Marko Dzunja,https://play-lh.googleusercontent.com/a-/AOh14GhgURM6nEhOUriHkspe1CifberKm6o4pg408RhqtQ,Meh. Cant even resize photos...,2,1,v1.1.4,2020-09-04 07:02:40,,
gp:AOqpTOGYDUDzcDaA72gEO3Vh5-TvILs4KRhxoka3ECBSBavsqk4ItDD2INR0_5JVhTCPZA05fR0sAnBrHGKr,Shawn Spradling,https://play-lh.googleusercontent.com/a-/AOh14GgXAqjDf3WKCgULRyPRNIh4RN491IVwheEyCoN3KD0,Well done!,5,0,v1.1.4,2020-09-03 22:35:30,,
gp:AOqpTOFBx_XkCumSurXoWca9-H9M65AEEU5E8zba-mtTOYqMuJXp97HQRANcvcS1V0gq9n_BTcUCKUep7WaJ,Qaiser Nawaz Niazi,https://play-lh.googleusercontent.com/-cZg_S818ZSY/AAAAAAAAAAI/AAAAAAAADGQ/AMZuuclbSMJ4zw8uZGc_abCKRmcD8QL3gg/photo.jpg,Good but need some features to improve,5,0,v1.1.4,2020-09-03 21:11:37,,
gp:AOqpTOGuV8DfHCkIunbHCgW74BkW_dQc-tijn1efF2hzGLYvuJFr0uYqk9aE0ZPjFAW7L-jnRP-pQcd61WfT,Damion Knight,https://play-lh.googleusercontent.com/a-/AOh14GgE0C-7LnztBgGTyRYmSXAD_Mbro_ODac3F1dbtSQ,Cool,5,0,v1.1.4,2020-09-03 17:23:25,,
gp:AOqpTOFiPWkYk6NlDk12i3B82ttUQ91Nsn9Y7MXzwptin9loFZ-MvPAQqPd-qw-C00lhqALEPxDWO__-crLf,ابوالحسن,https://play-lh.googleusercontent.com/a-/AOh14Gj9LslWM3CSjJD94mR7oPAIKvF0VffXQ8AstfcpGv4,doesn't look like the pictures that are provided! false advertising!,1,2,v1.1.4,2020-09-03 15:41:57,,
gp:AOqpTOGofTmwxLZzUCToXNsMN0e7yaWY42-TQmyebwFivzX0i3kpeNYQ9t3oTXvySGBa9j0237ZlrwNCsJhh,Abo Hawa,https://play-lh.googleusercontent.com/a-/AOh14GhhO60zzESU2McH49tZ8BLlJwDufG5KdipJsQkT_Q,Good app,4,0,v1.1.4,2020-09-03 12:36:36,,
gp:AOqpTOFyKJcHcX0yp-eaUcVztLJfYriVri3Q77W4A2bzXRZmc82xqzVF1Qr0HzrC6-qutjVPaUJsGbVHkOTU,Jair Naranjo,https://play-lh.googleusercontent.com/a-/AOh14GjxwaBewTKicfgKZC0ZjN2nKr6Ve-fiWrlbdP3CCw,No editing at all!! Forget about editing brightness/contrast/filter as the deceiving ad picture shows. Fully fake features!!!,1,7,,2020-09-03 10:56:46,,
gp:AOqpTOGOw29lNpsTjsXtntEAwkoGb3z5QUXLTaT329h9bvI8l2wVjHF4KQw_5y1TPhLjM2VncVvEruyjdVOG,Don HEMANTH,https://play-lh.googleusercontent.com/a-/AOh14GhklAH4MAApJ051e8YW0WxtKEaMnXIMbCBVjzUWYQ,Need some improvements,5,0,v1.1.4,2020-08-20 09:03:16,,
gp:AOqpTOGdLbgc2w8m4jSmvqP1RMoU5vf4rpH3gMcuGCFoIHj4t4VVtbMyn6YFYfLTc_HaOayCCvJVpU6vgSAv,jaydeep waghela,https://play-lh.googleusercontent.com/a-/AOh14Ggri7p-huk111vS0D_AoaB1l6uM4Fi-A7G53Q-dOg,Good app but 3 tap on icon (hidden file) is not working properly need to work on it. Plz solve the issue 3 tap is not working.,2,4,v1.1.4,2020-08-04 12:22:17,,
gp:AOqpTOEihpyNnNabL2lQuKHmM0c54jc1QkPCvJi606goeoScMv33j04J4Yi8c8xUJ21j8YlfaDElI5bQW38s,Sadanand Patil,https://play-lh.googleusercontent.com/a-/AOh14Ghl6zpuuAisGgRGWqVuLrZDIkHRm4fcXdp5EHHt3C8,Super application .,5,0,v1.1.4,2020-07-16 03:48:30,,
gp:AOqpTOGEDuHnRWXMtib7K5GxMlyobtphyu4kBiTAgrFdsf0eHq2rqatqI7NVsmH8OOzN2IC-4_WeR45GjiEU,running fast,https://play-lh.googleusercontent.com/a-/AOh14Gg8Qz2iVg8uYs-dNCqCOH8b6LqI1jLVknMi97nlHts,Excellent,5,0,v1.1.4,2020-06-25 10:01:09,,
gp:AOqpTOHFEHsFDUAShshOu_IXXC6e7Y2ihHT-2J-8Eb5oQxl8Oi_EFEQon81rrdV2p2_SGgr19WkXlQ-mea4P,Santhakumar Jothimani,https://play-lh.googleusercontent.com/a-/AOh14GgwfQ9uyEv7wzE0r_0PH85jnJjgdw6qxZEyIq_pSg,Very good organised but have bugs,5,0,v1.1.4,2020-06-23 03:34:38,,
gp:AOqpTOH8CAOJP92KqSZFy2AQClWGEofifiwHPLcw0xd5rP8XaFJofeMf8nmQgBy0bwcTQyMlVR2VnEMkpm2R,Amol Deshmukh,https://play-lh.googleusercontent.com/a-/AOh14GjOtgB9HnMdyc-UOKrk29gkdq8ZZV0dZXvWz1YjbA,Ok aap,3,0,v1.1.4,2020-06-19 11:42:15,,
gp:AOqpTOGyvUd33Xe7mODo3jUaDVMQonJ1mlQ3A46P9dPFXrILU3s3VFthzeSnW_Q_fu1ICMl9usrmBKNg8m5T,Binit Raj,https://play-lh.googleusercontent.com/a-/AOh14GiezYr6AQSwjgoDSm9SPlk5H8lDCrdNDxqrP1NY,Can't Unhide the Folders which I have hidden in the Past.. Please reply soon,1,0,v1.1.4,2020-06-06 00:09:23,,
gp:AOqpTOGuIl8u8oya9FH4YfWRfiMRDiuxgEgaTkkMmFmzU_0IACi8xuLGA1yVFmQLrlJnjFvDzun8hiJy8SzR,Frederick Andrews,https://play-lh.googleusercontent.com/a-/AOh14Gi1fIdKWKsd-gndR9hnwKMcmFlobQijAjfJMOWraQ,Great app!,5,0,v1.1.4,2020-05-24 18:26:40,,
gp:AOqpTOHp6IZUOOq8ugQ7pZtIAdcq_s8pJoGTU3ttU0swN-3nJCtSzpuX_0uiuLiJX3kjZc3flNLQtqCn6uP_,James Rose Jr,https://play-lh.googleusercontent.com/a-/AOh14Gijqh7C6tE5VVPuKnmppmHTJh0tPLqc_-md3IaB4Q,So far so good 😊,5,0,v1.1.4,2020-05-07 15:19:04,,
gp:AOqpTOEQB-rU4MKXphYRYudzHQBBPIbn-5WJCSFB7PXKjIhuYynCuoEkD4xR2QgUhN_0DNF6lGlEmzo8aLxs,Shacoya Jackson,https://play-lh.googleusercontent.com/a-/AOh14GhU6ERuYoqnnX-a6UJyckX-O1bosYl5esnT9R1JBXk,File,5,0,v1.1.4,2020-05-03 09:29:02,,
gp:AOqpTOEnUvxlwE_ChDdxGwyPIAt9MPQC82umZpbaLnqcC4GgEPi-Q0LgX7cxUWaEMl4WNSOoDNeTCniy9esd,melvin oviedo,https://play-lh.googleusercontent.com/-12p3W374o00/AAAAAAAAAAI/AAAAAAAAAAA/AMZuucn_QebW5M6oshhFEwtyoEtqWSYPkw/photo.jpg,Good,4,0,v1.1.4,2020-04-26 22:02:30,,
gp:AOqpTOGDyn2x0ng2Pr5vJuRhUym3tYq8Eh0_HgnPc_B99GWQFWdSh46rhPWdUSNck_-xx7aqkpzpHNkeSfQ4,NAGENDRA BABU BADUGU,https://play-lh.googleusercontent.com/a-/AOh14Gj-OszhmzJcI8KG0TnFxGNnzv_JMUWiBFn2V6-8IL0,Excellent,5,0,v1.1.4,2020-04-26 05:35:41,,
gp:AOqpTOHiNHHR2k_bMnx2sOVTMPQinzHh4svD1_ZqOwRo63bsRHWKoWoL-rIeO2sgaPOVoD7XrihvZB24E2qX,Hakimuddin BW,https://play-lh.googleusercontent.com/a-/AOh14Gi7tINyEBJdFa5-Y1sRrzJmd12USyjEhT70DaxayRQ,Easy and clean,5,0,v1.1.4,2020-04-22 17:52:21,,
gp:AOqpTOFh7G3lNYxXwatoqEaXCyEGeNkn48z_10YsnXWmUviAcw9Ju2PkhsJO5T0Lb17K_RAvvjF8P-DQfrzK,rammohanrao kanakam,https://play-lh.googleusercontent.com/a-/AOh14Ghm-DNDxzFW_FjPp3zjtcxoxxbJe4UuGOJDqRJQmg,Very good app Easy to use Excellent,4,1,v1.1.3,2020-04-21 11:14:01,,
gp:AOqpTOGnbXaZ18Vv8g3O5Q2LldkyAGlrZhB_2NhbbIeoeg3ISRlDzsFGIsA1qG-GisD4yDQnr2-DRCVST31X,Ajay Anu,https://play-lh.googleusercontent.com/a-/AOh14Ghs2BKwD12xhiZVuxyMdkMOj7sb9rstkf0WvoVCVA,Nice,5,0,v1.1.3,2020-04-20 08:43:54,,
gp:AOqpTOGL5m4Ewd8mRwpubqA7KJdthVWoK7mSb_cDs1CPBCyS8HCkZ1dxPlJFjrRPly4Z4gDJtMQeN519auS8,Avinash Kambala,https://play-lh.googleusercontent.com/a-/AOh14GghczAUxRTDu4vQNpOQujYmk6tmLQEQyeQ0-E_7ikw,Editing option is not working at all . Please update it.,1,0,v1.1.3,2020-04-19 14:09:15,,
gp:AOqpTOFdBm3Kb5LGZ9lLMsIASYD_mQ6sqOCWLNe-a26yYnTgq9Ba3SASMwdQ-NvedvuFcwxsdO0DOXM0ocL8,King King,https://play-lh.googleusercontent.com/a-/AOh14GhdrLbbN7HZld0VghpCdUskXvK-E8OzQfA2rQPOBA,Good one,5,0,v1.1.3,2020-04-19 01:29:23,,
gp:AOqpTOFDA6_AyVhg1dd3en_xJgQH-BWyifKQ_ef7VpZSQ9NYmo4dKBgJl6SCP9LvT_X5WUOO7UI7DwJH9yIV,Raja Photo Studio,https://play-lh.googleusercontent.com/a-/AOh14Ghq_AEPu_sURMM1Fzy724Rjf1WlILBQj7fWobk,The app is good but i cannot able to delete the files from sd card which are showing in the photo gallety app. While iam trying it is showing Failed SAF. What to do.,3,2,v1.1.3,2020-04-16 13:10:17,,
gp:AOqpTOEOwDsmXASWVuqbVpMuq9oBZb7Cphl7djaQTgozv0X56nBXR6sw1cnqqMxrLHjffTHAApv0mIDoY7I2,ROHIT PATEL,https://play-lh.googleusercontent.com/a-/AOh14GhQbbL2nZFQWHAyW7tcltt-ZNJqVXe4up9lcVTVhA,Love this app,5,0,v1.1.3,2020-04-15 23:19:35,,
gp:AOqpTOHorIuHhZHdEscO8pApM_p8jX9SpBO77rdnthAzL7UzOYT1hMg__eY5oZp34-e94DHhhl5RISQhmQmo,Tyler Penner,https://play-lh.googleusercontent.com/a-/AOh14Gj6aeEbAG0tOsdtxqyLLTokTsPdczw-twMTM9X3rms,awesome app,5,1,v1.1.3,2020-04-13 13:07:11,,
gp:AOqpTOF_ePgd3xLLObSPgREgTKdk-JjumdO5GGm1Sd4DRVc2qCBg5ERafDGDgZ_cha5UYVgiLrdmmEt7k2LC,Subrahmanyam adari,https://play-lh.googleusercontent.com/a-/AOh14GhIqgbKJ9PnhY7vB47_kecgRJqnr8D16TAzPso4eQ,👍,5,0,v1.1.3,2020-04-12 21:43:20,,
gp:AOqpTOGT6zCct9Xio2hSuGrPMoPpR4zxj9eAlUBwGMQ4uK1L0ef8zK_V7AcNCwfS72ABr_kWb6o82QvbWPbl,a surd53,https://play-lh.googleusercontent.com/-xQlEeh0trKA/AAAAAAAAAAI/AAAAAAAAAAA/AMZuuclC5WjvGt7OFiuygwZWa2fi8ZAPqA/photo.jpg,Nice,5,0,v1.1.3,2020-04-11 05:58:03,,
gp:AOqpTOGzck8C65mnqPIcNjosaMMjWUb6TaJ-KJppyFIqeQZWDfccnwoNadtMoJMxVvHM71KdyV66uqp8H-SB,Ameer Suhail,https://play-lh.googleusercontent.com/-1Fqd0BDEgeE/AAAAAAAAAAI/AAAAAAAAAAA/AMZuucm2totLnwPO0XKH-bovTQv8Jw3fNA/photo.jpg,Good,5,0,v1.1.3,2020-04-10 23:12:27,,
gp:AOqpTOGaPb9vixtEATlPAND-tZ4zAOg-Gj8yRWgKcux6VmNmLbQPueVkcF1MjsH7ixo0yh9QSmh43ra_m0G6,Marty L.,https://play-lh.googleusercontent.com/a-/AOh14GjSi5c_9erqjLw7IYUqVpFUzSaeo3RZimnV9AvJpgM,Best gallery app out there...thank you!,5,1,v1.1.3,2020-04-08 21:07:17,,
gp:AOqpTOF3Et6hUm5z7tMHL1i13qANAWjU4WxdgKM1FZcujAH_jNQSic98z9wpDQyeHpnHDuJ3u58cC7_dIhNp,Kevin White,https://play-lh.googleusercontent.com/a-/AOh14GgHLNE252zrEt9Rt7AZA91MsOn-B-rqqEib3wS_Qw,Totally false advertised. There is no shadowed 3D effect on the columns like the photo. Also you cannot edit things like brightness and contrast as the photo shows. The vault with pin is nice but as the photo shows things not available in the app I am uninstalling and rating 1 star on general principle of good vs bad business. I don't recomend this app.,1,27,v1.1.3,2020-04-08 20:08:14,,
gp:AOqpTOED0GRs15pRjN7WIHHQpDM807t3h1-RsphUkW4Ax6t4K6VCgEzCBRj_Wht2Ck0tGzgiOUlk3jOznq3Q,Pinacello,https://play-lh.googleusercontent.com/a-/AOh14GhF49fk6JYwS0zy92TLZK5bi_-3Xdck_xnpS0_7QQ,I can not move my pictures to another folder,1,0,,2020-04-08 19:09:47,,
gp:AOqpTOG3F_8TaqF9AF9ne3KhFdMYqCYE8WVHIi4txWYjvLBa62xEbMPjz1HOOfSzCAXMXs4lMUD9UzlVPCoX,Kari Bravo,https://play-lh.googleusercontent.com/a-/AOh14GjwYn1_Th8daW2xcKQYQDHVBKF1ACCl1Pr7wuhrTA,I Love It,5,0,v1.1.3,2020-04-08 11:25:29,,
gp:AOqpTOGLwMoh_uWx5l24XNyRsYcp3B2Tscpa9dixGJX5EmM8kLIMEzYKllYuciJ0VoG7alzsd0DCLxqceBIP,Kim Rosoman,https://play-lh.googleusercontent.com/a-/AOh14GhjGbJo3MKpZJ8WZWF_WvyEa6xYEwz5hEmQYXVvEA,I like the lay out and the options the app has.,5,0,,2020-04-08 05:11:23,,
gp:AOqpTOEeTIH9NhtIouMRF8jnVYy0PkLGxcYh0k2kIWEk-OVHvD_Ad3KdpeTvaC7_2hZ-cFuwGHsopbYlYCDX,Paul Sim,https://play-lh.googleusercontent.com/-E8TCmkDo3ys/AAAAAAAAAAI/AAAAAAAAAAA/AMZuucnzXjy7oUcOhacZ0cHwdYPKdhNz9w/photo.jpg,"DO NOT WASTE YOUR MONEY ON THIS APP. Doesn't do anything more than my current gallery does. 2nd time you go onto the app you cannot proceed without giving a rating, you need to press the middle button on the phone to get out of the app otherwise it is impossible to leave the app. Nice looking app though. Glad i got this for free because I'm not wasting my money and the developer has the audacity to charge £2.19 for this app and there is absolutely nothing unique about it.",1,38,v1.1.3,2020-04-08 03:52:12,,
gp:AOqpTOGbWdaG9P_wW1zQxxjtbNxlnitoqeWor-wG5FzHyxB61NSYgf4w4KoutpcH-5X9_qYm6A1Y4uifedxf,Richard Cuizon,https://play-lh.googleusercontent.com/a-/AOh14GivVM-LvK5asN6upx0uSQrs_ono825P5Fv_xLuFrg,great application,5,0,v1.1.3,2020-04-08 00:36:34,,
gp:AOqpTOGxwWBgdvDphnHO4YVJQWFPq8K3jPovBEMKDwW3TiM4odprLJETCD7rgjsZK5M3bPbl8D8zGlt4n4jf,Eric Merrill,https://play-lh.googleusercontent.com/a-/AOh14GjmrNVN3iN2BFFpP9p1P2MYHRIDc91-qA6LpBk28Q,Ok,4,0,v1.1.3,2020-04-07 20:23:50,,
gp:AOqpTOEC5nmE8H0vudJcTS9moGS3Swx2wR7Yl4a3DuP3wspnp31x1OYkrwCwfTjdpGCMagq-4AirUomxSHri,Shubham Kumar Tripathi,https://play-lh.googleusercontent.com/-6TlfQ598mtk/AAAAAAAAAAI/AAAAAAAAAAA/AMZuuclhNZ6F8Zaa52M61O7IbSCScPs0EA/photo.jpg,Add best photo editor,5,0,v1.1.3,2020-04-07 07:20:16,,
gp:AOqpTOEdrdM67hKUxLDVNVLqpbtWdyGuaZQIefAPdiloMpwpw-dEeoNteHpjECTX9DTFD__TaA5qSF27v9Az,Linh Vinh,https://play-lh.googleusercontent.com/a-/AOh14GhA_9JluoEK2Z0LzUpJwltZMy63Nyd9uaElznQ1wg,Good,4,0,v1.1.3,2020-04-07 05:59:11,,
gp:AOqpTOEqiWs0LpqP8WpF6m9GCPNcDZ9SPUnwPCdIi-DjVlc0Y-vCA5R3WisF_E1I65v_stb6I2senOktX76k,Sujeet Kumar,https://play-lh.googleusercontent.com/a-/AOh14Gjk6Yamw15zteoxToh5jwmBgcs_9gYLR_AOzuas4Q,Best aap,5,0,v1.1.3,2020-04-07 00:01:00,,
gp:AOqpTOEvrwdDTgReFcV1xikRJhPPHtyh4ccl0NnrVov0QVWyvAeVLPggZ7QV8gN_mDtCUmP5V36QoZ04Jmde,Pham Xuantoi,https://play-lh.googleusercontent.com/-kFFLGaIzEtE/AAAAAAAAAAI/AAAAAAAAAAA/AMZuuclrHNN72i0Am3EE2W39aXPGYQZvRg/photo.jpg,Good apps,5,0,v1.1.3,2020-04-06 14:01:02,,
gp:AOqpTOHH04beinte6YnZvBtF21ADpEMnRDo7ILiAAZlewGwJbINIUCs1K5Kjj5pj_WbY-Nzy_EBV-hThZKy3,Osama Raza - Serene,https://play-lh.googleusercontent.com/a-/AOh14GitjD3Hb9IWL4PhjTqcexy1NAIov8gNuPTe6QKAog,poooorfect just perfect a1,5,0,v1.1.3,2020-04-06 12:50:46,,
gp:AOqpTOGgPuPPW_9IsL_akT6IfMw2r9Hg1ooJRyiMHCfN36AOoAJ00H0iH34Rj2Rmr6V1bm2vJkfntF07Z8pV,vijay singh,https://play-lh.googleusercontent.com/a-/AOh14GhYhBg27OEReDS1yE9By9orEAsUx21CD8-H10Q3bw,Fast simple view photos,4,0,v1.1.3,2020-04-06 10:20:39,,
gp:AOqpTOEUge8iQi9wO7u6EYZgPLq7SfoTpVxriqjqLpiIjv0kQ-3WI88EqB7FlNanSLT0opPOaU9DW1HczDv-,Ali Taghi,https://play-lh.googleusercontent.com/-ujUzBD9q4BU/AAAAAAAAAAI/AAAAAAAAAAA/AMZuuclrUnsA4n6c2hGyrr8rf1uDLfTHQQ/photo.jpg,"Sorry, but it is just a photo gallery viewer like many others. The screenshots showed editing options for brightness/contrast etc, which cannot be found in the app at all. That was actually the reason I installed this app in the first place, because that would have been the feature many other gallary/photo viewers lack.",2,23,v1.1.3,2020-04-06 09:11:38,,
gp:AOqpTOH9_va3TdZx376ge6n_BOq9VHpDNsMoX8TQ_xsWMNsgg6OjtXMPJEyWXkAZoFsj-XdqHIz1qqIYqddZ,Muhammad Adam,https://play-lh.googleusercontent.com/a-/AOh14GhKwjgQ47zsE-Sl1E6BLPMSJNTewbyTKAEZ_MWBqQ,Great works,5,0,v1.1.3,2020-04-06 03:02:48,,
gp:AOqpTOF8tyiS1zSBub3NEP0KnVSK9piQCoETbJU0rNj4qgObrvMfOfd8wZw2PVf7CiFGiR8E1S_KrxsaO11N,Ajay,https://play-lh.googleusercontent.com/a-/AOh14Gh2gt2BJLVTSBIspxP7hmZKlcRqtkUg7Sxu5tvqmA,"Good , no ad , fast....",5,0,v1.1.3,2020-04-05 20:46:15,,
gp:AOqpTOHWfI02KSZfMBpqjdVW8ffdMb7Um6qcCgu3EBoaYxNk1sbwsXv-bFq0J1OUmYYCCLX6pOqroBeGhUa2,UTTAM PATRA,https://play-lh.googleusercontent.com/a-/AOh14GiTv_OPTezNYI53_DyqW2aWLU4syhcbXQJOBggiHw,Very good and usefull,5,0,v1.1.3,2020-04-05 20:12:45,,
gp:AOqpTOGwAus1T6ul-FM7yaMzutkRvBwY2hdgjfq2vaU6g_gy5RUzaQtX3AvMG1QYARTWggwmcLgDjg1J4xtw,Chris Davenport,https://play-lh.googleusercontent.com/a-/AOh14Gi3xnQ6H855SFIsf43pOVtzHclfzajdh4DGJr4PwS4,Great App,5,0,v1.1.3,2020-04-05 20:11:29,,
gp:AOqpTOFfKHfPWXZCIPugheujeyAG08dbnwV6LP9WYL7isIiVbc1O7FaCvGv4kD3xSI7ojNzWkG3QvxTAkBrp,Mohd Shafie Bin Samad,https://play-lh.googleusercontent.com/a-/AOh14GiDfUN5nOgdTYvfU4Fb7HSZpZBcFEX71cDc1606pw,Good apps,5,0,v1.1.3,2020-04-05 11:08:05,,
gp:AOqpTOHlB-5tNkNnTK9LCq0YBrRvqaQO_EbXh-p19i_aR9AOHL_AR7XHDPMYVKJEQfuX6Xy4YHAnaE9ToEKm,jackson kimani,https://play-lh.googleusercontent.com/a-/AOh14Gi2BnPsJxZBDuqbV3SeYEV9mCV0ttJF5nMXemaaeg,"Everyone should have it! This gallery app has everything I've been looking for. Thanks you so, so much.",5,1,v1.1.3,2020-04-04 23:13:21,,
gp:AOqpTOF-qc5z1yz10qRDj_-_9hgf3wYPTyZF1cVqVn7qE2Yo3eZ_saej4VBbAvaD42XJxAnsPRf5m3eXeRcl,Goldy Shergill,https://play-lh.googleusercontent.com/a-/AOh14GiTGIumggze9XQFIlb7v9Mg6YI0bQxneX-IfqA,Nice,4,0,v1.1.3,2020-04-04 23:07:04,,
gp:AOqpTOEriRDeSomZADuN5UUrO5pC_y25i9cwfYx-BrDXi6fOwWKT2vPcrywUM6yS-a2gCH36GBJpfpol6p4G,minaxi sansiya,https://play-lh.googleusercontent.com/a-/AOh14Gg6EsMyvfOa7nKNXOuSgobJdyoc8ziZgfhLyLl2,Good,5,0,v1.1.3,2020-04-04 08:03:38,,
gp:AOqpTOHaB-VkMkMUvSyxnM0457idD7NXW1gSYshXgVMR2Kq4p3tj_FMbek06f-i22WEf225hwsf7KcdsLq27,Vivek Kulkarni,https://play-lh.googleusercontent.com/a-/AOh14GiGBj-HH7ohgL0YxbUFWMPyZUMQto1UN60n2bPBXQ,Good work,5,0,v1.1.3,2020-04-04 07:46:49,,
gp:AOqpTOEal58gQcCa1nVWdDmUglrByMvqxZSPfYIPdvCtlREfeXxkffXqKN13qVsuTvLIcEx9VkTsDZYoyt-h,R R R,https://play-lh.googleusercontent.com/a-/AOh14GgutFHUMa7RNnvpXtQYKp_M4x7ndYSFWScPUIwMuQ,Gd,5,0,v1.1.3,2020-04-04 06:30:03,,
gp:AOqpTOFFhWGYp-33AIBzdZwinpV5giutaHBwMROm7mEgzrSPbRXdcXXakIlXLGNC09El-BMi-LgOVtBr9I_V,venkat pethsangvikar,https://play-lh.googleusercontent.com/a-/AOh14GgXKKjXfvLUddj9jRjnxBLi50JGj8VPMwjwUKWb2Ks,Good,4,1,v1.1.3,2020-04-04 05:40:26,,
gp:AOqpTOHdLYS8ft4hMx2xl8-SwOYVSUsNWx8D1E1oCfwAz4FIJCYrU_CHiSCBGeHYj9SJwij7D_VQue1qGZyJ,Emierul Edham Vlog,https://play-lh.googleusercontent.com/a-/AOh14Gi4GWb07US49EZ_L_HFkvxch51VmvHdRtWEwqkJH10,Best ever gallery made for a android,5,0,v1.1.3,2020-04-04 00:40:04,,
gp:AOqpTOFryzwewP4f23_FW8ULHBkS3p7aoyOE57RpO2UG0QljdaOJsyC9Y2fLSwO6mJ1zdsNZrCipLsoZ3ilK,AMIT SAGWAL,https://play-lh.googleusercontent.com/a-/AOh14GiK8E1GLmqfy2YonLQgKmdzmex-G8OncYw9OKhcnA,Ok,5,0,v1.1.3,2020-04-03 23:38:08,,
gp:AOqpTOFlsgPMz5JSi7xoL1QKfXWWxmp1_zX7UezpGstY9szUjF9NfTaOtOsZYezCEPz_cOcbatF5eprSMbIv,Alhumam Hammour,https://play-lh.googleusercontent.com/a-/AOh14GigVzN9gzNIEwBp-0XEjcGdIz6s_k55DQ9Z23WYzA,Thanx,5,0,v1.1.3,2020-04-03 23:14:53,,
gp:AOqpTOGaU-6p1DuqUJKvrdLdwBt9311WLBO4HkXe1BieRdNa12fa7TJrUh_kn2f6oi20jdHFZmRYKUERMSOP,Arnab Nag,https://play-lh.googleusercontent.com/a-/AOh14GgMUz2xCZzb_nOnP9K7baCKw93rqVAw0ZpU8eiRo_0,I cant turn my photo into wallpaper. Worst gallery app.,1,1,,2020-04-03 21:11:09,,
gp:AOqpTOGqvL7VkmMp2VWENrPFD_6Ai9Oor0HCaPTpRlRoqA1zV7KL1I7YvO_twK8uG_-SN78LyTEyC9UNwEST,AMIT jangra,https://play-lh.googleusercontent.com/-wG84d14ARRI/AAAAAAAAAAI/AAAAAAAAAAA/AMZuuckClCGYQ9KS5CI0dki6ClhFH-0Ykg/photo.jpg,Good,5,0,v1.1.3,2020-04-03 08:51:09,,
gp:AOqpTOH2m0XMR3dL_KIW_7tfnusTdQBytVWOLK7tA70WYIyapPWJSJIHThcpLhFiU2lPbltTJqKFn17DQZwA,Mohd Imran Siddiqui,https://play-lh.googleusercontent.com/a-/AOh14GgQOu5MZnYW-dHGYQGZlGQynnoakwtbbz1GRlIDvQ,It's very useless app for gallery,4,0,v1.1.3,2020-04-03 08:48:49,,
gp:AOqpTOHTAYifS91zz9q_vI2jwJWskYQKL8rC0pXeePasBFZh7BQfgkqNYu_kLHK3x8SkwVRrUiq7OVYQ4e8P,anand vns,https://play-lh.googleusercontent.com/a-/AOh14Gh923MLul6uwWW3np8KJyI9ARlEanDYeDujuNRX,Ok,5,0,v1.1.3,2020-04-03 08:12:41,,
gp:AOqpTOGYIE9s5m17kJWQNwATRG9vykBIRPM9ytV3hUfwnRs-Fp4G_p41aZV41zk6YGzGv10hABIVyWe9UQEG,Sangeeta Garg,https://play-lh.googleusercontent.com/-Fm5c9Y05zuo/AAAAAAAAAAI/AAAAAAAAAAA/AMZuuck4UEOz4wdlwyDOeeJ30bNwpTNzgA/photo.jpg,Good,4,0,v1.1.3,2020-04-03 06:36:52,,
gp:AOqpTOFZ4mpk5lqayxSWnbyFpS1ibzxFb_4JzaGbTRhTAdKOTjUTMjv36HN4sjQu6WSzN7qYMB5HlW9DBWlj,abrarrasooldar dar,https://play-lh.googleusercontent.com/a-/AOh14GgBnnIphnYkE5KQTVrD-zdfVi0D7NNyDKB1-0hB-Wc,Nice,5,0,v1.1.3,2020-04-03 03:23:52,,
gp:AOqpTOFebi3NayacaGnn1SyvA7YWSlRdH6X3Mfr7Ayq5ZkS5-wYozR1gFJU74laojCLtAzR7hqX65XlbXFmR,SHEKHAR VARMA,https://play-lh.googleusercontent.com/a-/AOh14Gigl_XjZxfvo0lOXtfpJAj7niOhLJGL02ZFOsRDefY,I found this app very handy to use. Clean interface and simplicity is the uniqueness of this app.,4,1,v1.1.3,2020-04-03 02:53:24,,
gp:AOqpTOEC9h8ZgFw6ONnemmqCIyFF7bRPDMapbALdKlKSwLKTfDwB-GFTQrcQH29VOu9kiFMpsMF1Oy_u1ra3,Albert Greco,https://play-lh.googleusercontent.com/-VFJ1Hdm-ryo/AAAAAAAAAAI/AAAAAAAAAAA/AMZuuckR__tOwwo_76ZH6ubkXk_LhdByNg/photo.jpg,Nice 0,5,0,v1.1.3,2020-04-03 02:37:20,,
gp:AOqpTOGpZFBqrCyRyonwq5_g2PGodbYNrGkFANRgt0vxiT-eZHW7mLD8kWleK04IEO_OfXHWt_q2eS8hT28K,Bheemeswararao,https://play-lh.googleusercontent.com/a-/AOh14GgwCRnLZgxAab8YP5BwBQrGrKygP1yxO6gR-7j_Gs4,Need improvement,3,0,v1.1.3,2020-04-03 02:10:28,,
gp:AOqpTOFxHQOgf6nkKz2sCRtaxPAN7sPvTiHBkNivm5W1-Ia4n6pkKTEbPO7WygWR9QrMdc-Z1sl1Zvqltc9B,ankit vyas,https://play-lh.googleusercontent.com/a-/AOh14GhrI-cJqFKSChY9-ojCj-SN_53K1Eaol8M6HaRzCg,Super,5,0,v1.1.3,2020-04-03 01:47:32,,
gp:AOqpTOHatCGtJ3eIxe1VS6IXvWixPxoSezWmFNtP1TWMWsnZI9-JrKCf8vfFHZm_gaK3QHBj7xGBiu56s995,MA K,https://play-lh.googleusercontent.com/-UwbuN_RMKTA/AAAAAAAAAAI/AAAAAAAAAAA/AMZuucmo1SHiZdiTcMR5g7c7kwUwNGnfAQ/photo.jpg,Unbelievable experience love it,5,1,v1.1.3,2020-04-03 01:12:35,,
gp:AOqpTOELW_kch0JiNJECGd9XUWo1NJF6VkUhMWCfypEAFUjlLUfw5mXjvd8eeX_lwwzC3wZGTYVXdxQEI9y-,krissh 22998,https://play-lh.googleusercontent.com/a-/AOh14GjleNC9Sv1x9GXad171u8TlX7xJ0h5VHDlKM_JLZg,Xcellent,4,0,v1.1.3,2020-04-02 22:08:51,,
gp:AOqpTOHRtvGT3Y0BHchHqlbXTlUYiet3hLIhU2LGz8-nO-87GdLeCeapb2h-Yr03lxBcGFyjlSIBDj4FsQK5,SANTHOSHKUMAR LAGUDU,https://play-lh.googleusercontent.com/a-/AOh14Gi5zXeuI_FeJyDaA4elcn8QITL9jRn_YV_BYpgV,Nice app,5,0,v1.1.3,2020-04-02 21:35:00,,
gp:AOqpTOHWtHFhI6qquejEs5vmxHk7GqyIkIBZTIL-1_ol3IsjEebA7_z3sQ8LPBpmlsb8-8sT5IVVcodnTYnZ,Narsimlu TN,https://play-lh.googleusercontent.com/a-/AOh14Gj4R5mR02r5YnWFtVdQadVy0ML9dlWt3qnSdlTDLg,Nice gallery,5,0,v1.1.3,2020-04-02 21:11:48,,
gp:AOqpTOFytOaCUPBbr2wGXWfJAkCpZ5SO9BSV86RK7ys2M7DAypTC-_JWcnTMjw2gOV-5QuJ4w61vytN34kpM,Joe Belton,https://play-lh.googleusercontent.com/a-/AOh14GjvOPMOptVhQpAOP83o7WE4e_ZP1yQZDnqtO028iQ,Awesome app!!! Amazing difference in your photo's!,5,0,,2020-04-02 20:25:58,,
gp:AOqpTOG_Z2v9SKLF6MytT7R2d2R5sTfWweT0ofnU6Ai2sPyIf4gKlCiYCu17mFMVoLypce_LMpmyOHOVncFt,GA Rush,https://play-lh.googleusercontent.com/a-/AOh14GjSPZa-shmWOsvbgWX3C8oEdWBio4TdtnoKBMZCAA,Works great!,5,0,v1.1.3,2020-04-02 19:40:45,,
gp:AOqpTOHix3J3vRNFLJkeG_ivLpHHZvILbLjql-Qf3Bys3131aDCy8vIDkybfgNCtdnXqjlMdSiKOJFrFQSfI,Baradey Mcbrades,https://play-lh.googleusercontent.com/a-/AOh14GhdPbLmfi_tSobtdei0aheNx_U5W-Ke2CTVgKkGO74,Nice,4,0,v1.1.3,2020-04-02 15:31:26,,
gp:AOqpTOHw-TxRwp7wtftYrJf9blyEJmbX5XsIAN6GTV_f7aVabcc8p_jPsSqj_3p7Qsx1vWYmnR_nQLimwztc,CITY ONLINE SHIMOGA,https://play-lh.googleusercontent.com/a-/AOh14GihSvAqpd62JHzxUF1Di1R2gkHrC4pctXhlLkYkjqQ,Good job,5,0,v1.1.3,2020-04-02 13:35:14,,
gp:AOqpTOFEYMd2rn6Q5OAGU63IeJ7Rk1V3HYcQfHbOe-uBKJWXOnd91oFlbYTCtnj5Epn46MpzN_LvldaW5ToK,Ramesh Reddy Reddy,https://play-lh.googleusercontent.com/-tF5wd28PyoE/AAAAAAAAAAI/AAAAAAAAAAA/AMZuucmqG3SCM2_O-p5xATT_yHoG9lI19A/photo.jpg,Supar,5,0,v1.1.3,2020-04-02 13:25:56,,
gp:AOqpTOH_c5gLo80_FF_5wgJ_WNBrcoAAUGOVuAtE5CvocUvzoKWmeuM4okb6txP2Bwojam486_f3qq1z6ZBo,Chanda Venky,https://play-lh.googleusercontent.com/-p8dCKR2XWS8/AAAAAAAAAAI/AAAAAAAAAAA/AMZuuckDeh5z7Zb-HfaBVhUbg6TBX3YwoA/photo.jpg,Excellent,5,0,v1.1.3,2020-04-02 12:09:47,,
gp:AOqpTOFdOnwGoZCr5IDZpntdL9Ow-td2dc8WltxpcFF1K4z4CzoGf3OF_w2Tj8fxi7a5ksPJU2Kck_ujLilk,Tulasi Reddy,https://play-lh.googleusercontent.com/a-/AOh14GiEEFE9w58sMMRzg3Glp5Os-p59GyclfedyaAHs,Nice,5,0,v1.1.3,2020-04-02 11:49:40,,
gp:AOqpTOGgGZAWrb6dIEjW41G6cdRcoRcadEboQuYvKBUHHeyOkKpT__wIdO5abQv6jDWWeQXsYrMqkDU3_nuW,bad boy,https://play-lh.googleusercontent.com/-u-vBMOIc65U/AAAAAAAAAAI/AAAAAAAAAAA/AMZuucneo5e729Z2M5PmEBmxzT-REx3Ybg/photo.jpg,I love it,5,0,v1.1.3,2020-04-02 11:10:19,,
gp:AOqpTOEE0Qr57TMzo6Eem2V013dES0hwxtLxyVu8-1JGCjP-iBdr9X2aXKFcrqSPMMBvPaPyaS95HMMJvSYP,Govindaraju Potnuru,https://play-lh.googleusercontent.com/a-/AOh14GhXgM9bY-YIXOellV4WZwqdEXBID20k8PBrwoJERT4,I like it you save also WhatsApp status,4,0,v1.1.3,2020-04-02 10:24:31,,
gp:AOqpTOEUi9HfN0rcA8pGipyO3STSBXC6nge_deZa_8N1Osi-un9bMGejCSJ9g6feDn15zEgtH2K8qiyd_7gu,Vishnu Goud,https://play-lh.googleusercontent.com/a-/AOh14Gh_eIQwg8t00eqfAELciRZiuOESkWhihNEmyScZ,Good job,4,0,v1.1.3,2020-04-02 09:30:51,,
gp:AOqpTOGYRmUY_thEKl-nHrSbb_4yLCnqPws0MZlWunYWyhfNCcoueDwQhODalL1JWI6VjoJgG6KdTuMsbGGH,Maqsood Saifi,https://play-lh.googleusercontent.com/a-/AOh14GiAXo3I3NPMRDFbYQierHuwbLbpF4bl17zB8fNOz3M,good app,5,0,v1.1.3,2020-04-02 09:11:01,,
gp:AOqpTOGuWqjcIXMtdRykgg-LFa7vor4llwNCKKswkGIfmvTBaib9n_enk2jo_EkcdtvfUJz-LqC3zKkJEcJ2,Sanjay Kumar,https://play-lh.googleusercontent.com/a-/AOh14GjCLqjLrd8jzmeV4bxeqRMUwczRmSKWZ68e3-J7ug,Nice Supper,5,0,v1.1.3,2020-04-02 08:26:59,,
gp:AOqpTOH8Z5b2NmHnNiw4b80lKdV-w5PrlAcekkLdj7I6TqYeBGHplTR5CdNgg_ii_StFPpTUuzoG8kHDaHGC,Sankendla Sandeep,https://play-lh.googleusercontent.com/a-/AOh14Gi01JE960cYQPtXyG1IP0lnrB1Kj_7ufWoUDWXsqQ,Its nice,5,1,v1.1.3,2020-04-02 07:50:20,,
gp:AOqpTOERQZuIw33GJ28D8hgPkelbxV_NlW87kPp-aT8lHeoiWuPrXfKRTVuxK3a7p5i948NZXhOktMxkoVxd,Suresh kumar Suresh kumar,https://play-lh.googleusercontent.com/-MCTk79lqKdQ/AAAAAAAAAAI/AAAAAAAAAAA/AMZuuckc-011--hIGHT8m4yGmvuF8GF5pg/photo.jpg,Nice,5,0,v1.1.3,2020-04-02 07:43:56,,
gp:AOqpTOEd3Qdmhj5eFmOO3FRZwiYPr7xbHmlPveTSkcuA4OMifEp71LIkrV5FnBZbtiNR_uovSI5sfGvk7ERe,Sunil Kumar,https://play-lh.googleusercontent.com/a-/AOh14GiAQVrZPkRNA-cp5h5S6yTRYjvrKSHLA-vucBhh,They sell our personal data.... don't install,1,0,,2020-04-02 04:27:56,,
gp:AOqpTOGwKDvq0b6NALNjt4PsexxxrW7cEHwtTPhq2NH7AK1LSoGDvRRpnqSuyHTNaSqwE4afc4SKzLv8CX6a,Vedantminecraf Playz,https://play-lh.googleusercontent.com/a-/AOh14GhDulF31CLsQTV-Ci7PlUfrkPsk1IwVdVSpOtTbT5U,Normal gallery app. I don't find any special.,2,1,v1.1.3,2020-04-02 03:59:40,,
gp:AOqpTOFGSYoruyxRWo9QtgMJhHwq1Mf4949Ad18zCapuKF4y_IJp08bAUB0pWiusnMaLNrhrOC3i_HEtPC7n,Shivak Max,https://play-lh.googleusercontent.com/a-/AOh14GhhYZJQq_7sgJVW70jVzlCyup1KRjUF5GYnTUxjFw,Cool need to improve and change the icon becoz its hard to find in app log,4,0,v1.1.3,2020-04-01 23:10:25,,
gp:AOqpTOFyaH-GFZkTx6-rBBG0VWMYzAgYckhFjo4oeHZR3ZnrixMIbVuneJyZHfn0aC8fVISZU5ptB07ORXbw,Random Freak,https://play-lh.googleusercontent.com/a-/AOh14GgxUenNETPL6u-QnTSlR-gJVlny5QKKoObN82Rfcw,Excellent,5,0,v1.1.3,2020-04-01 22:02:02,,
gp:AOqpTOHNJtDlwujqj9uWDRJaxtKKInxqVrBhMJcWqksuoCoyg5jHG8RF6MWWqmBRsZvVAtCL3q2eDrpNDI7d,Chandra Shekar,https://play-lh.googleusercontent.com/a-/AOh14GhxLqppiMdQwZxmIwSnSRZlLhsvfaxL7wlpckfy,Nice app,4,0,v1.1.3,2020-04-01 21:15:14,,
gp:AOqpTOH6-IToVuFhDbeiY0ic0F-ZQLAM4u3pzmkX11vj3AVMdbEoMZ7aVGqiHef0W4gKMdNRaMC46tauMsVn,srinivasa reddy,https://play-lh.googleusercontent.com/a-/AOh14Gj54fj5VLtLUVX3n4iGKib2_6IfO5v5qYhWUhmRfA,Best G app,5,0,v1.1.3,2020-04-01 21:11:55,,
gp:AOqpTOGuwFLFRP5OWiek8jaToHtoXKs4aV2iwKQ1MMeRIVOXyzVd7likZh8H4wVsXVnmFp4HByUsVrOVnlAH,Kyle Oyama,https://play-lh.googleusercontent.com/a-/AOh14GiIBSZFdv2C4F7AB7Yy1Fsrb-muXKhCnd1bTBK3Bg,"Gallery replacement app. I don't know why this app needs to run at the start up of the device, it seems questionable, but it does have nice features, and does the job well.",4,2,v1.1.3,2020-04-01 20:15:17,,
gp:AOqpTOGLgUccOnE7XZsZfY2egZRQdcF2EzPhmvV3YokyilH9AJnSP8HT-bKH1zxEACrrWPzDC40Hkm4zgcSf,Rhen Agarma,https://play-lh.googleusercontent.com/a-/AOh14GgP3va7KH54b6O7cXzdAvPdVrX6pSPUL46adhfA,"This app i good.. I will give 5 star if you make font style, size and color can be change..",4,0,v1.1.3,2020-04-01 19:22:23,,
gp:AOqpTOHhiZOPoWNFWb1mRhaq2hgwc5EkcztQwltbanOs1Bks2QnO4dx7_eMF1xlgkL9M0x9rnxFwsPhGysAy,Kamran Mehmood 212,https://play-lh.googleusercontent.com/a-/AOh14GjNsN4t567RLuoHvW7XEiuvmdOnuttj4FoFDmOUVg,Folks..Get it while its on sale.,5,0,v1.1.3,2020-04-01 14:25:10,,
gp:AOqpTOHd-hsB4gGcF_CkyXCIKk9H5o4ukEa8GQPNmo0Z1dk6kKQ6SClHqDMSMdPGLs49zr1ZACK3CaQ3X-wQ,KHN Dara,https://play-lh.googleusercontent.com/a-/AOh14Gguf_Xd5KEatIqkDaJ-hOTNx6fOvyLoy39wQKs4,Good,5,0,v1.1.3,2020-04-01 13:09:04,,
gp:AOqpTOES5CgkpNfUBM7IBfPYcskVKTCJAyf-0e68cnBY09pQZoDsqGcQ7Sqq7D8ju_02ZZhGeVWE9jwoaijw,Amrita Paul,https://play-lh.googleusercontent.com/a-/AOh14GhQ99a6aayvzkvzh1O5IrVVC6CRACbrAPd2HqRoFg,Good,4,0,v1.1.3,2020-04-01 11:26:54,,
gp:AOqpTOH3JS6vAi0aOvqCVJF_ZvmM4AA2kV29ZMr0vCinBjmMZFwG96tU55ERzTPhLjYXs2HJS6DqSIy9zG_M,Mohmmad Babar,https://play-lh.googleusercontent.com/a-/AOh14Gh1LyaSeGhb4q1_5Hbm2N_scwvERLwmdEb1E4rYvg,Very nice app,5,0,v1.1.3,2020-04-01 10:32:12,,
gp:AOqpTOHYJR8SjUc7N-gSOtRF3sMWGFeJ9gVkCwtHbYhbydF_0BsS5Jm0S0xsGS8d2Xl6f7BbOqWK08JXZHv4,Bala R,https://play-lh.googleusercontent.com/a-/AOh14GhXO28X3-IpMb368pE4vUY8urkNxMwjg_9KMz2rMrc,👍,5,0,v1.1.3,2020-04-01 09:55:30,,
gp:AOqpTOHJRjMsZZ4xi9RsC4jXzhQ6ZLcmY5hqgHcS0WvTYDBz9TmmKHB3umCS4ibopfyGCQO-RgyvWUXCDE-V,AZAD ALI,https://play-lh.googleusercontent.com/a-/AOh14GhyTfqsQnF9xlkJ1KQWlYrMsSM2zH8-mb9B_HA,"Photo editing option not work ,And vedeo quality is very poor, so need improve",1,0,v1.1.3,2020-04-01 09:07:07,,
gp:AOqpTOEsXCgddzjF3fdo8blLOe36LMPaG5Mg_1L9KIAZVAgBM2lMY06HAU8MjUJts7Pzq0ZsHF0TcT8RmHSg,Just me,https://play-lh.googleusercontent.com/a-/AOh14GiploB-5qPfukfrTLe-GsB7nNFRBGSNg7ytwWT9,"Can increase columns for folders view or photos. Lots of settings, AMOLED etc. Suggestions: play button for slideshow in a folder doesn't start slideshow. Also needs start-slideshow icon when viewing an image. Also needs a section in settings for slideshow. 5*",5,5,v1.1.3,2020-04-01 08:59:56,,
gp:AOqpTOHdUFt89wKsv6IpssgWA97IuOo5TCwsNgxQiOPNy80E4wsoyn8qOzzj9DKap9HheeATvFGdqTR7xoBx,Narayanaswamy v,https://play-lh.googleusercontent.com/a-/AOh14GjsVXB7guFDqEe__aULYBAMmNEMfSR7V5fOfKHN,Excellent app very useful app,5,0,v1.1.3,2020-04-01 08:33:15,,
gp:AOqpTOGcf5V-s0RweF3XvgjZUhF2glGXCBqm5TToUdFbCAZClwfruuM7IoQoDyLyehXwpJmx_u_347PWbL1E,Shahrukh Shaikh,https://play-lh.googleusercontent.com/a-/AOh14GgcuB9TmwnnYzUNuvkSLv5EjtyenZk2REIl6Dk_Lg,Nice app,5,0,v1.1.3,2020-04-01 07:17:59,,
gp:AOqpTOEGy4haErZ6IIUZdY-VeQfMuL6rwDhyGB5X_ppca74qOvALE0k-zJjvUdxdp5_dviftqFMWsBNKpdkX,Narendra varma K,https://play-lh.googleusercontent.com/-SzSaJof91mU/AAAAAAAAAAI/AAAAAAAAAAA/AMZuucl4nmJdGKuqKbOe25Gss2JepuFVxA/photo.jpg,Good but........,4,0,v1.1.3,2020-04-01 04:05:35,,
gp:AOqpTOGe5N7HQlL1nhwwlGuwQ5BsCuKzv3G1SOvVC1jxUIzTB0mSdJdZgZDDUGO4giZei4yH5m72EV1-R0bb,Ishwar Chabbi,https://play-lh.googleusercontent.com/a-/AOh14GgpGvKGAdvRIlqC2kzABc771vARN16zt9WcIfi-hg,Super,5,0,v1.1.3,2020-03-30 10:21:43,,
gp:AOqpTOE5pDEetzOhBVse9oJUI_oq3Gu_AsyhzWr0OfCO8tVj_b27QJeU3mT9b0nedvwp8Q6tIAG1lqnh_ysN,K,https://play-lh.googleusercontent.com/a-/AOh14Ghu8kBTFH3gU7L0QMr_9zo9cKnybvJtcvOu_G_BpLI,"App cannot delete pictures from bonus microSD card (not a microSD card supplementing main storage) ""Failed SAF"" Please fix. I like this app",4,7,v1.1.3,2020-03-25 23:32:13,,
gp:AOqpTOHrBjzT11KVN7aFDqgAcVTYYVRGSxMBQ_kc0hN5FokMChHSlbMg26owfuNuntv1tOUDzKIvVyonIL3X,Anjit Ahlawat,https://play-lh.googleusercontent.com/a-/AOh14Ghy0kXwuSb5W8wC4mXZpsog_VFuSRqm5nZmAc1CUA,Feels Like samsung gallery.,5,0,,2020-03-23 23:15:06,,
gp:AOqpTOEO0Vz-n3xB2f1B81cAY_sQJPZjvZ-puCUPbd2ujyTj6w1BJvlFyFqgycLupakTqgMSfW0Hxd2A-wkc,"Soy yo? Si,si eres tu",https://play-lh.googleusercontent.com/a-/AOh14Gj2NZ7OGZrkj5nUfTVebo24GXfl8ILLJ5mHvxIuVnU,"Really good app, it's good for what I need",5,2,v1.1.2,2020-03-16 00:00:49,,
gp:AOqpTOHyQkHMDOyFleHhg8GtQhbZQFjCz89Kq7PQtLzMmAc32lk6DVudedKesiiWNXs-_ILdb0a9c0TJQbuk,Memory Thief,https://play-lh.googleusercontent.com/a-/AOh14GiCkJNiykzf_9isRzDvZjRedoq5G_TyvBXqIpQWhA,"Great picture quality, but app size seems suspiciously fluffed up with features of questionable desirability.",4,11,v1.1.2,2020-03-11 22:50:17,,
gp:AOqpTOHUh0AWfuWTKlwCBr6sz3-JT0IkHr6PJrL6P8-jqa4O_vKsne5WQW_Ay4Mx0e7mB8uMNskr4y1xFNhV,sunil jadhav,https://play-lh.googleusercontent.com/a-/AOh14GjOZQ45pBaQthWb3MM4kuNqesE4BHNZOH7YsgszWg,Nice,5,1,v1.1.2,2020-03-09 20:15:36,,
gp:AOqpTOHOSoolvVfTubgPMLrVXBZs7NU56ZDjoNHq6Y9Ttj-ArzMRpNY43FsCSS5Yj_kuzr94mgLRCQsa25tw,Sandeep Upadhye,https://play-lh.googleusercontent.com/-5evAoIbSQ8k/AAAAAAAAAAI/AAAAAAAAAAA/AMZuucn0NzEVHNVWOB6xm6f47Kblz1M97g/photo.jpg,Why im not able delete photos from my camera folder,2,4,v1.1.2,2020-03-03 02:43:58,,
gp:AOqpTOGdCF6YUvQBkJ6LSR0Qm45PHBc4MGXetjFYOm9kpK-1i6tur9A6OvTIJbo0GD878Q9DmPyHo8p0DsID,babji 0006,https://play-lh.googleusercontent.com/-Ly56wRn532Y/AAAAAAAAAAI/AAAAAAAAAAA/AMZuucm8qE-gQMOQRI789GsCmsxdtoGZBw/photo.jpg,Nice app,5,1,v1.1.2,2020-03-02 06:23:09,,
gp:AOqpTOGYcKqmawIq-13GIYbDZBvbIWfw7XDDHeimDrK-qjR6nzCuIWSXRlbwQGnzjLFq1FdUuZKFPbyjyWqh,MOHAMMED NOUFAL,https://play-lh.googleusercontent.com/a-/AOh14GjN_vvAEIlyWiBDKR-WzPbQi5rPKyB2qkl5FzmfLw,💚💜❤️,5,1,v1.1.2,2020-02-29 03:07:12,,
gp:AOqpTOE7l79MyRd5VWtO9KsZ3vSwZViOuuwuypS-bw68lhoyX7M1tQwtghW7M531Sj8ohkiyhDQdwzUwBqNS,phani Kumarpln,https://play-lh.googleusercontent.com/a-/AOh14Gia0NAmNdt96PZxt6-XkWKK1KChRKDaQ_L3A1hjwA,Nice,5,1,v1.1.2,2020-02-29 01:18:33,,
gp:AOqpTOG4_InIYkEH4nSPfZujXjt2ADRvKS1Qq8Cs_0cmp0w1UZs-4-gEjYDg0UnbOGc2KAQjLStCQtls8Dxn,Sahasra and Saanvi,https://play-lh.googleusercontent.com/a-/AOh14Gj5yI-Q-IGAxtqRkMe58eLBHU_9BdvxFhQP7uIi1w,nice,5,1,v1.1.2,2020-02-28 20:35:52,,
gp:AOqpTOFPhkvidyiutkJbMyr6U8b0xSg15JaMrIdg-7E8Nv0iURt2YjJx87CTB6xbCZz8qyJuSDUNz9B_bWsz,Mahi Udas,https://play-lh.googleusercontent.com/-HSNBXWABeC4/AAAAAAAAAAI/AAAAAAAAAAA/AMZuucmU4BqJAQKHUEMtPc1Eca2MDS372w/photo.jpg,I m checking,3,1,v1.1.2,2020-02-28 20:02:49,,
gp:AOqpTOEjYinnj1K8GxI3HWltjEtO246q04d4g2apYTia3Mdy4MFUz49yqfUyDm6A-hZXO0AFanlUjjagbazT,Srdjan Kostic,https://play-lh.googleusercontent.com/a-/AOh14GiNSYD-BfZRBS024_FL7WCC8z3Bd853JFYuF9pqbw,beat,5,1,v1.1.2,2020-02-28 15:38:06,,
gp:AOqpTOE9ZsShQpgx0ATj3DgzRyYAqHnxz5AhYk3vpm5YY0caOUcIIL89sR8dJdQv-vIG3xeuJ9IEKjBLO99G,goli bhasker,https://play-lh.googleusercontent.com/a-/AOh14GjjtXWBepH-1Db0Vn3sjHPfa6DTZvPn0DkbaWQw,Nice,5,1,v1.1.2,2020-02-28 07:09:32,,
gp:AOqpTOGvLkgz6HyQzv9AmQ9_dQdXdNtoPppRooh-mHifdMWlFVBMxcPQ9fl5ivccqtmwigYnyvo9EQQm32jz,Osama Hassan,https://play-lh.googleusercontent.com/-hbHW4e7eT6g/AAAAAAAAAAI/AAAAAAAAAAA/AMZuucmejGwC6zh1gz0G9rDXE3R6B8p0uQ/photo.jpg,excelllent,5,1,v1.1.2,2020-02-28 06:45:00,,
gp:AOqpTOF_p7KR1znoCg3nlcihGQwUwpQ2rPCyhJap2lcWbJl8663hzSS1zd00QNEUg50P-Z38ZxPdjH66wPXG,Cunning Linguist,https://play-lh.googleusercontent.com/a-/AOh14GgBy_tnHAOwQL5OK6iGNV36sWOz83Au14pRKO84oQ,"It's a good app with a lot of good configurable features. However, there are some bugs that I'm sure the developer will fix soon. Please mr developer, don't ask for a rating within the first few minutes of opening the app. All that does is make people give bad reviews. I explored it though before writing this review. As a side note, the graphic editor is great to crop and rotate the images but it would be nice to enhance them as well. Not stupid stickers a d emojis but bright, contrast, and hu",4,21,v1.1.2,2020-02-28 04:24:31,,
gp:AOqpTOFt8PC1TTeei1zHtf0rmZS3vSgO9xs5-aAXBfxcAGMh-O9LjEpT_T4kFungriy_R19iS7pGJWHKKwVr,virodula saikishore,https://play-lh.googleusercontent.com/a-/AOh14Gi2p8_1U1jm0V9u-vngFywa1L1Mn06uhhazH-rL,Nice,4,0,v1.1.2,2020-02-28 01:44:45,,
gp:AOqpTOGAS2AGVSckweeiU4CuabRy7DZ6OrVHm7VAGFxm4R8CLAfV6CfAgItxfk31BZUoc--So3iWvyI6_3v3,Tawfiq Hamwi,https://play-lh.googleusercontent.com/a-/AOh14GjjLAamV_9ZI_rS4YDobRdw-o0S9gnS9t6OqKwrUp8,Very good,5,1,v1.1.2,2020-02-28 01:02:25,,
gp:AOqpTOGO91ViA7YT-0IzDrDmnebBQNVoFHkE3MrpcoGZ3TqHX5h9xuEcoYXwvlfqr-GAaiwYgZIn6etQuZkp,Aman Kumar,https://play-lh.googleusercontent.com/-PJsR-r-S66s/AAAAAAAAAAI/AAAAAAAAAzY/AMZuucn8iUQD6_Enn70PupULezqa1tcaKw/photo.jpg,Best,5,1,,2020-02-27 23:59:27,,
gp:AOqpTOHyiUE0VANfUJq3WcTvlnZNCRYjQLTa-D-F_Q5DTxZ8FkO1ZTQ6v8_LLFXkkB2kCdGBvRgfUsn8C9uy,Dhong Sandoval,https://play-lh.googleusercontent.com/-V1FfI4Xdb6I/AAAAAAAAAAI/AAAAAAAACI4/AMZuucnrEOfPqToaBO7VgyVn9UXB_KkqDg/photo.jpg,Good,3,1,v1.1.2,2020-02-27 19:53:21,,
gp:AOqpTOHhTmoAL9WB13KGc1Vp1yeQNwtshKAVxUMF9HGQqe_hFR7RtmNFr8Jq42Fe3Tic-7irWxtbNqpc2IGI,Makhmodul Hussain,https://play-lh.googleusercontent.com/a-/AOh14Gj3M3slHw7ZVZB8C5Y3h3iuu5g79oNpbgK5tPh5QE8,Love it,5,1,v1.1.2,2020-02-27 19:42:09,,
gp:AOqpTOENL09M-GmFZ9yQiJWByXN9Kez8AFM4fxlc7rJQK3yXSmleR4n0SodO9gYNkHShLrWgDVSEuHBWTFWD,Jeffrey K,https://play-lh.googleusercontent.com/a-/AOh14GgA79ySQ9uAfC4GAKp7p504SLXTr4r356MAasy2,"Not much to it at all. For the money it could be much better! Section-video. Well, not all of them are there.",2,2,,2020-02-27 18:18:22,,
gp:AOqpTOHluaknXGGRWj4BKDq3QG9vIsxIbFjC3T6j6Eg204NEfEaq0H0mfidTK-GONFFHkJ--VnezlQpTBd3g,Abdul Hannan,https://play-lh.googleusercontent.com/a-/AOh14GhBFJSF_3lQ6JNLkPQOWGqUauVPSsVZN7XVTfY-nA,Good app,5,1,v1.1.2,2020-02-27 10:51:35,,
gp:AOqpTOEVY9-dxl8wzFQM6z-RvzRUk3VVGFGit5mA-LHWUNcJ1jIk5QodzmnOC4ajKgK2ufADIlwd7De5V0Lz,John Murray,https://play-lh.googleusercontent.com/a-/AOh14GjgCTRbpzrdCIPEKSYNeb7PA4eoBufmuPvdv-9g5Q,"To move photo,it brings up all my folders in my file manager,not my photo folders.",2,3,v1.1.2,2020-02-27 10:19:20,,
gp:AOqpTOFlf7OzivA84I3CWrDAEvuXXEKt6oHWUfd0_u45Q2Wl6JPffYv7rHdtKnOwe59rBbUkmb8gEyOKsqd0,mukesh jorwal,https://play-lh.googleusercontent.com/a-/AOh14GgL4DWo_LJn5C8FV0sJ8nU7EgqQdL4AWdXSCQvrYDA,Good,5,1,v1.1.2,2020-02-27 08:04:37,,
gp:AOqpTOHhJ-Z4jMQ7icw0EvxM6j7ECE9uNfdMiovS3e3AA8mwaQYNvx3dFDutQnTzD1kJ2OsZ6_gO6BfgEg8F,Steli P,https://play-lh.googleusercontent.com/a-/AOh14Ggp9X-lOgAqxsMm7k6_KZ4r1vx4tn7wqgMeJdLPAQ,Cant delete pictures from sd,4,1,v1.1.2,2020-02-27 07:35:59,,
gp:AOqpTOGOqeiXnNwWFy6XwnI5PJENoq8m_liTdhLRgnH1e0OkW3OdEfiSM2YRm4AzKEJMbypFzB0lu_m-A12C,Shan Rajput,https://play-lh.googleusercontent.com/a-/AOh14Gh8hWYsRoKggGoyL63jtb3p0uIEn8DWjh7kSqHbwfg,Nicely done 👍,5,1,v1.1.2,2020-02-26 23:33:27,,
gp:AOqpTOHXnS1bY9vfoHV5C1sHA6ElI9K1jaxfFvTnILCxoQJcYHGDnWFBohBh533byYSz5DlfrnqquCKr0s4f,Nelson Chan,https://play-lh.googleusercontent.com/-AifIpekuNno/AAAAAAAAAAI/AAAAAAAAAAA/AMZuuclrq57EZj8OEVK59xwvwhK0FHpA0A/photo.jpg,Good performance,5,1,v1.1.2,2020-02-26 21:51:37,,
gp:AOqpTOGD11HWbJgQzzUPtYY6BY8_07qMxkNljc0mEG6iVDDJ4XRwNvKER1G1l2g55T0xqFM8B1ZcRapXKGKY,গাজী বিপ্লব,https://play-lh.googleusercontent.com/a-/AOh14Gg3iAN3ttUR-jSYlkHTDe5iP2mDvQskqkSIi4rWZg,Good,5,1,v1.1.2,2020-02-26 20:51:58,,
gp:AOqpTOEjx3hSkYMkGyNCXUkLrYZrQS5CXdnn39fU5qYCz9L4fpDScsqZ8KSrXfB-4X7AFhxik8tgm-mT97Gz,karankishor bhoi,https://play-lh.googleusercontent.com/a-/AOh14GhgMCBAJJcQ8gXSa6YFqBuB6aQEiNCXH5X03NFM,Good app ... add a hidden folder features and recycle bin,4,5,v1.1.2,2020-02-26 20:30:12,,
gp:AOqpTOG0g_Zpr7Q-ItxYLv-u1b6eTLWpYaEpYhGP6ilWxmlHVHz1WIwGG8iYDBpUPV7DAs0DwN2rv6YFsS26,Kiran Halder,https://play-lh.googleusercontent.com/a-/AOh14Gh-ksThtsqGNN1DrJpL2xM-4ifTe_gQZYxb6IQF,Nice app!,5,1,v1.1.2,2020-02-26 19:31:51,,
gp:AOqpTOH2uD6fCER2_bc20QFF75r6s8Xx3_vCXcDdW7NctGWeXjH9AoWjG38E2AduGL2pKjLHW0rULZPLsiSk,Narayanaswamy v,https://play-lh.googleusercontent.com/a-/AOh14GhaYPUZafANtzLyFLqbFqkw1ySvgeOzfp6JksV-,Excellent app works great thanks developers,5,2,v1.1.2,2020-02-26 18:54:16,,
gp:AOqpTOHUraRN5Ua5jiWaK9pHeso2fgqdS1FgbeckeBUw8rB8-Tn6fKjxNAIj_F6nLohc591OZnnOmlylWk_q,Hafiz Zeeshan,https://play-lh.googleusercontent.com/-pigbRuMduGE/AAAAAAAAAAI/AAAAAAAAAAA/AMZuucmvPO_cQuC549I8GMRs-NU9F3y1cQ/photo.jpg,Noce,5,1,v1.1.2,2020-02-26 18:11:39,,
gp:AOqpTOF7dceJbtFI27R5G6WFHsfrJkIDD2WWhB9gvfc-Ss7OWQwaUMZpDc3qH3BhQe5q3SthIh7oXJ-KXnB5,Saied Fa,https://play-lh.googleusercontent.com/a-/AOh14GjO3I_yPVizonogeCQmTd6__AiIuaat3D_BY8XZZQU,Beautiful design but video player didn't worke for me,4,2,v1.1.2,2020-02-26 14:40:04,,
gp:AOqpTOGQM7xEmZT2zt4nhQl2Z8eEdkXgUrQwnelI3DCk4C1fYhJ11wByuS3u2DpQWmy-41-Bpa-TCQOLQG17,Ahmed Laouak,https://play-lh.googleusercontent.com/a-/AOh14Ghn1-y8UcIEfRgecJCkAOyO37ejkmGjTXUeAnx8Bg,good app,5,1,v1.1.2,2020-02-26 12:55:43,,
gp:AOqpTOHS_dQRzVmDb8c03gIDEORs9jdLNxw8hWeBQfgKSs1VYH_F2DUYe6SlUXwbT_cBJrG6ec7KmqtOzbM3,JEFF HEANEY,https://play-lh.googleusercontent.com/a-/AOh14Ghee-FkfKxwkBTdXzpfP_CCO0sW1gzSrutuRwtopVo,Good app so far thanks,5,1,v1.1.2,2020-02-26 11:32:24,,
gp:AOqpTOE-hrmQ0ShlHFKzCA818ye5KM1FngDQvmFoRJQxH6qGEvucdtiYwcyFmvr-Op9bl4BJGN-RmUL9_KfF,Pounu Magan,https://play-lh.googleusercontent.com/a-/AOh14GiCSJ7V2aV-wLcupaw8uUFisgNpxrBerXzsRR1xp6s,Nice,5,1,,2020-02-26 10:03:46,,
gp:AOqpTOE2mMgsN9J12EBplnYuWeJBzfMbwn1tsNbqHdhCa3FHsh0yss2KHnOBCQwlEch8ieGvZGl-dQW2MGb-,Bakhtiar Esmail,https://play-lh.googleusercontent.com/a-/AOh14GjEW0ai_X0C0PmOs-QUL0q9P-8CgDhzFNyiT8Uzfg,Good app,5,2,v1.1.2,2020-02-26 03:34:22,,
gp:AOqpTOE5Zc3xInsO3ZvuPE_v5HZXeUOlmA4gT5DVZi82HCJeyHcHR71cC8UMAU7ra6WLFiZlPerH6fmkC_ud,Santosh Maske,https://play-lh.googleusercontent.com/a-/AOh14GiCPTo60FcAM1P5wfRJaWyl0FYCfwPtAT4G5I95HA,Nice default gallery app no ads,4,4,v1.1.2,2020-02-25 23:33:15,,
gp:AOqpTOHjOZ0fh1QlXfw3gfSanx9C81ULWGrGkQVwHMJ4X53bAcOJcFbRZFWlo_jNVpbQzxi3OtC7L3Bff3F1,Rana Aftab Alam,https://play-lh.googleusercontent.com/a-/AOh14GgB-eTq4zOgTuUX-AxPtIcT5f1DmtSWmu8wFaDZ,Nice app,5,1,v1.1.2,2020-02-25 22:11:00,,
gp:AOqpTOFVotKE6tLIvuDmA2ITej10TvEtzdNvyIpe80ZH5HRXb3p59NRt2l4NXvbfyrSdRW1L8m5r87epKqlH,Mohd Afzal,https://play-lh.googleusercontent.com/a-/AOh14Gjf6b5b_p3B7LKs7aGAycrfAvZjfAuHISD0ExEl5Q,Nice,5,1,v1.1.2,2020-02-25 13:53:43,,
gp:AOqpTOGLPoenP8qOQuLs2FsOPOIHwLmiLboDhPkwe4gDSn0ITqcm4xnEZyiUgrzlLec0rSOoP1-KzC85ZsnN,SHEKHAR,https://play-lh.googleusercontent.com/a-/AOh14GgsTy4ybiP_DdGz_VmqZ-6tJpNGdxCgfMHiIieY,Unable to delete media files in this app stored in SD Card.,2,3,,2020-02-19 02:01:45,,
gp:AOqpTOEvTgdzrptXEVINvICdWOHBNY1MiQTivsqKD4h7OpcHneMHhvdjjGP3CVWeW_R7H7jcCwwr1DHr5WF1,Jeffrey Portas,https://play-lh.googleusercontent.com/a-/AOh14GgPiWrox4XXWyOYrUFO7aVdXy54aGtx33ITkRfKQg,Great,5,1,v1.0.1,2020-02-03 13:50:02,,
gp:AOqpTOHWUoaD83StD6f3AQpxK9OuPeaJPBCbu5I7pUh8XEzw7wsxqP-BI5mMZHOWFY_8Dz41v2ugQp9vqzhn,Admiral LionHeart,https://play-lh.googleusercontent.com/a-/AOh14GgDtUhAptt2-9Co61aiX7-i0o-AXiUuSXxqNnd6ew,[NEW UPDATE] I like this app a lot but I find that certain things you do don't work right like for instance long pressing on the thumbnail of a photo to move to another folder it glitches out and won't bring up the move menu. But I do like it's very fast and slick compared to all the other gallery apps. Thanks a lot I will be back soon.,3,12,v1.0.1,2020-01-26 04:48:40,,
gp:AOqpTOETJ-YaxMtie0PZgdVnTFbTDZGIcrs2iUW0kRh76sUZOmUPK784CiFBvjjwK36c-crfNuI3rMmKH-on,Bobby Elvénius,https://play-lh.googleusercontent.com/a-/AOh14GjoDt7GkppwkOapD1bxU0vuFsIbVJSm-CqMmwL3Cw,"I'm not able to move or copy pictures from one folder to another. After selecting pictures and choose to move, there is no possibility to do so. Is it just me or do anyone have same issue?",2,12,v1.0.1,2020-01-20 14:48:59,,
gp:AOqpTOFeAUU4xYBH6JWNFWGGNfklXw3LpEcRSnm3J13uVsEI1U49QQabMo7J5adoMfwIzS_4wkY8B0KUhTB4,Hamid Pour,https://play-lh.googleusercontent.com/-w48F8rZR06g/AAAAAAAAAAI/AAAAAAAAAAA/AMZuuckplg9zqy56PmILXqoTX4NbSChs6A/photo.jpg,Good,5,1,v1.0.1,2020-01-20 09:47:29,,
gp:AOqpTOGEPR03MMOyqLr84vNLybXJ2xSemdPUXoghqQUXVOobWfTmunUReX7DuFdJ2FQ8XUd1-Rvg57reohSk,Stanimir Števkov,https://play-lh.googleusercontent.com/a-/AOh14Gj_vHkgVDq-euTjpx-Tkc6TFlpLZQzmbC11wYsHXg,Nice.,5,1,v1.0.1,2020-01-19 10:21:24,,
gp:AOqpTOF1JJ6tmR74BpZGjkfl5AUKAcnqpFU7Bjr6hPAXxgkf-1aU31nSVZeP6PIL_y5zOQgZsGPyjjjD9Jej,Andriyansyah,https://play-lh.googleusercontent.com/a-/AOh14Gg6wEO5eyvlgLXkfcQNWSSHxxVlc-hg9PRaRLgyhQ,Like it!:),5,1,,2020-01-17 13:45:12,,
gp:AOqpTOG6oWKJvkcq0cPdfVdRNV6NLt9ltRxIytQ5iJa8-P6g2cRHiXjwulrFzFHDyutgPeiNmxTk1bEfUVDj,Andriyansyah,https://play-lh.googleusercontent.com/a-/AOh14GgtRginT8K9EzKJm2DfwYFND05Fl4iyw8LRFJrI,Like everything from this app!:),5,6,v1.0.1,2020-01-17 01:31:35,,
gp:AOqpTOGTNhaZ0uQazUBvFPuttaza8xQ19V8seh3T1QXtciTCHIYEJATrapE1lWL3uE32qRIvcduesJ9-uJVJ,DEV KUSHWAHA,https://play-lh.googleusercontent.com/a-/AOh14GjbaZ98WLaJND2WpIQG3yNhpuVYkO7qZYa7-MwJ,85% bset,5,1,,2020-01-17 01:15:12,,
gp:AOqpTOGf1yC7dvAkITASBdm2kxkedkRacV7LnodYEY4Ckf_-B3QoUXqHdQiD9aexGX7Y4QkbTUjzGPUECJLB,Nymur Rahman,https://play-lh.googleusercontent.com/a-/AOh14Gh3I5_161SV3o-r5cm0NOlyc9898O567YVt_DXWBQ,🤪,5,1,,2020-01-17 00:49:32,,
gp:AOqpTOEcPIg_VV6Yohp_l6qjLyoDtfi2BYvrC-fzBUknLqEnSwDm-TxfEf7NZ2nVJldTGSkRkKHP8_LgABP5,Elaina Kirisaki,https://play-lh.googleusercontent.com/a-/AOh14Gic-LNUUzoLTFMqBmymHVVtuycNqMqys9KEISSgLQ,Cannot Move File,3,3,v1.0.1,2020-01-16 20:23:51,,
gp:AOqpTOHmHp_-If1rX8S3VoBJNSCAQdh_osLf91t2XRwblPba6j6IVdeCXLlk9428hM87BTR5e_xlNolRnZUf,Killer Soul,https://play-lh.googleusercontent.com/a-/AOh14GgBP5RTQBZoJs5YgdQrLr786v-71AbUsrFtXSKIKw,Works fine. I can't move and Copy my photos. Big Dissapointment,3,7,v1.0.1,2020-01-13 05:41:49,,
