reviewId,userName,userImage,content,score,thumbsUpCount,reviewCreatedVersion,at,replyContent,repliedAt
gp:AOqpTOGZpku5KgoKclHaX3s5rg5NlVF_x0xwilpLAb2GOQgiZUlbooNoafsBFNlkwvLFyjRzZ8dwdfj3N7tq,C Paladin,https://play-lh.googleusercontent.com/a-/AOh14Gg2Eatirl0lylLcfHMY2SvfY2Upg27f8QFlUzwvvQ,Minimalist Pomodoro app. Super cute. Exactly what I need.,5,0,1.9,2021-01-17 19:05:41,,
gp:AOqpTOGqKw_qibm3MaRIVCbovKuOmxESZiyvrGAOriqjGTKPY9kvCBVpM9Rxtb17FcUseMhHAPJvKpcYSL_D,Sophie Beer,https://play-lh.googleusercontent.com/a-/AOh14GhZWGs5OFNVTBi18MXC0RL19I-6GpHz5BNE1Ub3kA,"What a cute little app, my productivity for doing uni work has definitely improved since using this. I really like all the options available as well; you can set the time allotted for work/break time, how many ""sets"" of work you do as well and white noise option is great. Like others have said, having a stats page so you could record your progress would make this app complete and grant it 5 star.",4,3,1.9,2021-01-05 14:10:45,,
gp:AOqpTOE0dOiIfQHJ3VnS3qK5sabxU-jEXzt6t6BJl7BSxNQiHKHQS6QKknHarJCSYntbObeh1a5zTIn-m4YE,Steve Dimmick,https://play-lh.googleusercontent.com/a-/AOh14GgNu0u9gzZxTYggX7e893aKFi0tuVc8evNuWYV67Q,"Really effective. Thank you, thank you, thank you. ✌️",5,0,1.9,2021-01-03 09:24:54,,
gp:AOqpTOFN3X9SkPZ8Pci_4mydUjt7YV-QuqhhDcyiwJ12nkCqgWmcZmKWhcSlUCL1JidtSWk4Irk2caoNA3Pm,Amy Morgan,https://play-lh.googleusercontent.com/a-/AOh14GgtkRy-kFIdhGGxPTyoPUvh2unZqBP4UwKESfPAzg,I refunded it right away because I couldn't do anything with settings.,2,1,,2020-12-02 08:45:12,,
gp:AOqpTOGXhJQ0PMzmvdzZ7ejV4OZ9zX_gvkNtmGc9IsRHXo7GAAlR48zWyDIfXz1nRQC0cK8JriWfgY3Oe0-x,caramel corn,https://play-lh.googleusercontent.com/-hEFVVnoAb7Y/AAAAAAAAAAI/AAAAAAAAAAA/AMZuucl1HNbfrWQ4_gf413bB0mEPHQBIyQ/photo.jpg,a very simple pomodoro app that works fine but it would be better if it can give stats on how many hours in total that i was productive and the time of each pomodoro session (like 9:00-9:25 for example),4,2,1.9,2020-10-26 10:49:40,,
gp:AOqpTOFpSEP0USJVHuxn80U9gaJ4Pbc4zTQRI95F3hv7dmxz_ZN_QgCiXNtCnZUr6yvtIAvZIwzJ_HzizL6E,Victoria Garz,https://play-lh.googleusercontent.com/a-/AOh14Gi2dU2TUli4A4UY7dYC1qpowuxwR69BxiIUD33KXQ,"I like it, it's simple to use and fun. I got it yesterday but now the timer doesn't start when I flip it? Anyone know how to fix this...?",3,0,1.9,2020-10-20 21:15:02,,
gp:AOqpTOHry-QRqwICJ-tAXFFTzA3Qg1X8EP8AkdpImCXb4WbI4tMy6zQTuLtg4LzyTv9e6I1jXR0ja24XfV5Q,W. Cowboy,https://play-lh.googleusercontent.com/a-/AOh14GivBNKYfnjBCaQadC_11n4k0SXWdFRuvm3vLBkseg,Ive had this app for my Android for three days and now the timer doesnt work. Ive restarted my phone. Ive done all that stuff. Tried force stopping the app. Im really frustrated. The app is good; but the glitches are really bad.,2,5,1.9,2020-10-14 03:16:44,,
gp:AOqpTOFTE74SGc3XYp9IiJJLwrLhdqs1OktgQ9If-LmGCPBy9QnQG08crgXyk9qcjA5IoZa3irejOXaZO-ZQ,Hui Yin,https://play-lh.googleusercontent.com/a-/AOh14GgQ730-2kyc2e_rZpmFlf4uJBWWbQ6uOBSd0gYPVg,"it is so hard to find an app stellar like this,it's so simple、wonderful and easy to use. It literially can help you to focus and the design is sooo cute",5,0,1.9,2020-10-11 03:29:17,,
gp:AOqpTOEtxa2NNFc6EFAEuLeyHHQkWRvTL8dCjl1xDcKDO1DFLZEXYIup2qz1QYyaKK50OSHYY1hBM7js-3YG,Katha Nordbø,https://play-lh.googleusercontent.com/a-/AOh14GjuVNqxtIz3BbnhrixOtCfDIAgOGWO2gyZPYBXmdQ,"Mostly purchased this app for the adorable bear. Flipping over the phone to start and pause the timer is a surprisingly nice way of controlling a pomodoro. The ""settings"" button in the bottom left corner fit in so well with the rest of the design that I thought it was just a little sun, hence it took me an embarassing amount of time to find it. 4 stars because I'd like a simple statistics page in the settings telling me how long I studied each day/week. If it had this function I'd rate it 5/5.",4,6,1.9,2020-10-05 01:09:36,,
gp:AOqpTOGcc6B5j2zmOV1aY3iz8hOgVe_xo4BxQ8PAYaMv76WuiFRFGmeVdRvGJ3W-0cG_lq763lrgc7tjP6JN,Seb Clark,https://play-lh.googleusercontent.com/-n95_wLUT2l8/AAAAAAAAAAI/AAAAAAAAo7g/AMZuucle9arZufRo86YBns3sLc20OSUSeQ/photo.jpg,Does not work! Timer is constantly set at 25 mins and nothing can be changed. Tried reinstalling but nothing has changed. Poor!,1,0,1.9,2020-08-23 14:37:21,,
gp:AOqpTOH7y9AoQdmnfdHQjYYQWn8D5mA5bw1FvpWxrH5EpRQP4J3diUNFv0SqIpVcLQQp7wWFXGuJ-HzlVujL,Anastasia Dickerson,https://play-lh.googleusercontent.com/-eeHhAsx1ORE/AAAAAAAAAAI/AAAAAAAAAAA/AMZuucnr2H53E4Po-2GWelv0fnHF3KCrbg/photo.jpg,This app so so cute- I am in love. It is really useful and has a simple interface that doesn't bombard you with unimportant functions.,5,0,1.9,2020-08-12 14:05:21,,
gp:AOqpTOHlv0tfA6TJONu_yrDbZILnoHshPk86yl9iByrc9w-c7p7IzH4IFHtCoP6BURIZEILZnZfDzs45QcIO,Franck Jaït,https://play-lh.googleusercontent.com/a-/AOh14Gg7He_GdJ-1y3qujNzn-G_IxSI0V3mDOTzrxZRzfw,A cute app that stops working after a couple of times... Too bad!,1,0,1.9,2020-08-03 08:28:13,,
gp:AOqpTOFWFN2EZmbHQJz7Ku0sPO5j3NyusSq48MEfxqw5ITojh4d9BgydJwhHBGFfuy0c3AvIdzpkte24bmf1,Jani,https://play-lh.googleusercontent.com/a-/AOh14GjLVZhdh6TAWVoz2DM8jEWmv709gfFlizR840K8l18,"I wanted a simple pomodoro timer with no useless extra features, most definitely with no weird permission requests and with somewhat decent UI. Just bought this and it seems that it meets all of my needs and also with super cute design as an added bonus. Don't know what's with the other reviews but it seems to be working as intended with my Pixel 3a.",5,3,1.9,2020-07-27 06:58:36,,
gp:AOqpTOG4uMmplkMOFlaFV9KrnMVtE48ydhlGy9esTy70HEvXzVTWgTtoQw_ha0MZy_YL2mbE2pfF5alWuBY6,Charlene Lawson,https://play-lh.googleusercontent.com/-2BL9D-rOwx8/AAAAAAAAAAI/AAAAAAAAAAA/AMZuucmyFJvuppnoYc6TJu261UY_t7OY-w/photo.jpg,"Does not seem to have the correct functionality for Android. Does not play white noise or have any settings you can change. Shame. Was recommended to me by a colleague, but she is using an iPhone. She gets white noise etc. Don't recommend for Android. Thankfully got refund. Will use Alexa to play white noise and give a timer instead.",1,0,,2020-06-24 08:56:11,,
gp:AOqpTOGA1H3q6mJR2RUbKLXnzpSsosy9qKoF6jSQvRj5V4BDsypSWphy9D4F3zfddkSt6rW1b7cNH1PAxlwa,Austin Frewert,https://play-lh.googleusercontent.com/a-/AOh14GimUxqbiuYmKIUjV6NhfMuOwaQ0mvCRP0nkHE0E,"Worked at first. After a couple of days the timer stopped working when the phone is flipped. I uninstalled and reinstalled, nothing fixed.",1,0,1.9,2020-06-03 16:20:25,,
gp:AOqpTOGZY7Ej_GRLl0-peuGRZu6InoxTL1bwmy4A4zgupL0-P8yF-TJ-9mnD3c2Aiy0A-cUzAPgrwifOk7nD,Peter Paoliello,https://play-lh.googleusercontent.com/a-/AOh14GgE27eXDHiQ9G1QSuUjOLJUTpRAwN3nfsIJPHnn4w,How do you start the timer? Nothing happens when I flip the phone over. Device is Mate10 Edit: Appers to be fixed now. Starts when the phone is flipped.,5,1,1.9,2020-05-25 16:13:08,,
gp:AOqpTOEakgw7CdwN2LLRujUqsnPtK65zdF2cIrC7QxA4Zw9XIounwkTJ-DUJw9cyKcKnY4Ghg1m5cXDz7e0R,abchi,https://play-lh.googleusercontent.com/-HFEFoL65wcs/AAAAAAAAAAI/AAAAAAAAAAA/AMZuuckFacj3-CjJOUFm4oUFqO7r-6vDJQ/photo.jpg,Good for lazy person like me,5,0,1.9,2020-05-09 08:31:11,,
gp:AOqpTOHxAU6XdxjxbHH32PPtJtFqlx47pz8qxUTQ72wnJ1YMh3dsoep-8MLrvpasnt7OiaUjbVk0MN80z2U0,I.m so So Cool,https://play-lh.googleusercontent.com/a-/AOh14GhzRVgg-bZi_pADYBDS0PrWJThQysdGaXSMOYH6sw,Cute,5,0,,2020-04-07 19:52:26,,
gp:AOqpTOGx7gTZGvkuj7dch-ddfDDCmwiAv2QBQqEocmfUnMhmj-UKyv9MjH5JFAschyjT8U5ZVKlWKZYR5XZh,เห็นนั่นมั้ย สมองเราเอง,https://play-lh.googleusercontent.com/a-/AOh14Gi7J5VUKnLBhHIiWg7N-HJSlu_wu0Sc6GW-tSc,"I really like it, and bear so cute .😍🐻",5,0,1.7,2020-03-20 23:20:56,,
gp:AOqpTOHxXovliDhauM2ML4THr9xDFLavLzUcSVOQH2YwZahbDzlZ4FuKIcncLKyEgqXb8rXCcW5tSCGcwZ5A,Lily Dark,https://play-lh.googleusercontent.com/a-/AOh14Ggx0L6XYKsDQIy4JCAokhtxT5-woBNS1r7xN_lC1A,Has fewer options than a free one. Really awful.,1,2,,2020-03-03 16:16:21,,
gp:AOqpTOFXZ-dgAkvVpJNwynWBacl30pRR7JmfkWjvUv_qotL-YsZ24AnrUp2_oijM-smbrNpfXsrQXQL1GQaV,A Disibio,https://play-lh.googleusercontent.com/--ijuwZp2Lsc/AAAAAAAAAAI/AAAAAAAAAAA/AMZuucnxy47I2AE0IqgzF9GO5L4fkOYo5Q/photo.jpg,Does not start. No white noise. Never alerts.,1,1,,2020-02-07 18:10:16,,
gp:AOqpTOF8fyji0oMCIFpsEy4fivkshE4bB2SGTiU2hfezHX1XX4hG0P-OggQZLWmC6Ek23oOrhDgOxsE5Y2cm,Olivia Lynes,https://play-lh.googleusercontent.com/-OKHqkVoaee8/AAAAAAAAAAI/AAAAAAAAAAA/AMZuuck_yx8V_nMAOqS6ztnlFXhBh3YIpQ/photo.jpg,Downloaded for Android. No way to change the timer or see other options? The cancel cross did nothing.,1,7,,2020-02-03 12:10:12,,
gp:AOqpTOHAH26omqWKkinjuM7YOGFj-XXF_j8gLiynx37RkEGFKIdZUdgrzCryBgghCkAF8MZ1cm3Is9ZtUGEA,A Google user,https://play-lh.googleusercontent.com/EGemoI2NTXmTsBVtJqk8jxF9rh8ApRWfsIMQSt2uE4OcpQqbFu7f7NbTK05lx80nuSijCz7sc3a277R67g,it's wasn't like what I imagine,1,0,1.6,2018-09-26 02:41:57,,
gp:AOqpTOF02yPSpmDLCK7mhUfKymUiiJkRWXT8nHQ8sboasuB9kOXP6KrkI5qcJd3eR2vDpN8DTG8NlgjC3kTh,anark kriengsiri,https://play-lh.googleusercontent.com/-gGBXFqEfbro/AAAAAAAAAAI/AAAAAAAAAAA/AMZuucnXyehypJGWTYRcUWxwaGQ8_vNk3g/photo.jpg,"Cute app, but cannot adjust time.",3,0,1.6,2018-09-05 05:08:02,,
gp:AOqpTOFkBOCs_AaoIOoUnw3HCnZRDO41_T-y0m_hAGb2RYpZnLHs7fB4Y-ZRlA2ZLzBeod8aqa92c2TfEH4P,Cezanne Cariño,https://play-lh.googleusercontent.com/a-/AOh14Ghh13yA6hEh0ptqyAUUVkbhvxBT1SX7a3z31oAdNA,I like the interface overall BUT... I was fine for a while but then it stopped working (timer won't start even if I flipped my phone over). I don't know what is happening atm. Please help resolve this issue. Thank you!,4,5,1.6,2018-08-29 11:20:50,,
gp:AOqpTOGgGHk5G4qFm34YolqXHACGsLqJuVn3lFvYyNZ4Dc9kVi4qJ55mCMZ8izQbS0HPtDoAnOBjveGJbc3x,Musa Dliso,https://play-lh.googleusercontent.com/a-/AOh14GgN01dj5uuKmS3AHq6FRQ6-XZU4X4Wn5V-Bsb5i5To,App froze and could not adjust the time,1,0,1.6,2018-07-22 07:31:11,,
gp:AOqpTOFaHjEbanWpkSCFJ6Y8xINF6mswzBckDKcw-g_Yenj_XZURhDybjPkFB5_J05JH_vz5QbNFKrhQLHp0,A Google user,https://play-lh.googleusercontent.com/EGemoI2NTXmTsBVtJqk8jxF9rh8ApRWfsIMQSt2uE4OcpQqbFu7f7NbTK05lx80nuSijCz7sc3a277R67g,Good app. But they should update it for Android devices!,3,4,1.5,2018-05-29 09:57:01,,
gp:AOqpTOEDFIUGWWadLc4xsSKsZQPIwc4CH35i1XK5jVOj13Qj3wmnhKWon3bEwXtS404zJviGbTn0J0j9eNNe,Jon Bridgeman,https://play-lh.googleusercontent.com/a-/AOh14GhUG2mb_bjLuloD-zaZ_R089QrYvmd70_xgjQyRrYQ,"Nice little app that does the job it has been designed for... However, 
please at least give an option to remove the 'notch' version of the bear 
image for those of us with notchless phones. App shortcuts would be nice 
too (i.e. to start the timer)",4,12,1.5,2018-05-20 02:52:02,,
gp:AOqpTOHQ5pp9qDtdGA_MCQNdemU2uy14SZunpeDHckljaxlVdq65lAWkIsm0UZxHKLgg3VQaRXYtVlfOYtFq,Justin Song,https://play-lh.googleusercontent.com/a-/AOh14Gg6ISflPCT8tpiSdxqFeHnT4Br5kbnWJ4QW6JhgcA,This app is really helpful to me. I'm exercising to focus without phone...,5,8,1.4,2018-05-17 15:57:47,,
gp:AOqpTOG7lGY7V7CML4B1QZmX7Z5GQxsj6D4KFogeqq2YY0idVuJI-Q1LBwqVHR8YMx1GdVDAJbpmiPv6UlRu,A Google user,https://play-lh.googleusercontent.com/EGemoI2NTXmTsBVtJqk8jxF9rh8ApRWfsIMQSt2uE4OcpQqbFu7f7NbTK05lx80nuSijCz7sc3a277R67g,"Fine, charming app, with cute illustrations and a simple, well executed 
premise. However the illustrations are clearly designed for an iPhone 
(specifically X). There's a cut out for the notch on the top (which leaves 
ugly jagged lines), and the flip-the-phone symbol on the bottom right is an 
iPhone Too. The app works fine, however much of the charm is lost because 
of it's shaky presentation. As a result this app feels like a cheap port. I 
would still recommend the app to those interested, would have given it 5 
stars if more effort was put into the port.",3,14,1.4,2018-05-14 09:03:09,,
