reviewId,userName,userImage,content,score,thumbsUpCount,reviewCreatedVersion,at,replyContent,repliedAt
gp:AOqpTOFc5hdgyHcXfVexDMQ92gnVTOGM2M16c-S6tlENbLbK77VyfjxBPanMUw8LnLB9Jb694leml2EBXgNUBA,Sybil Song,https://play-lh.googleusercontent.com/-4CH-US21qkA/AAAAAAAAAAI/AAAAAAAAAAA/AMZuuclDFWld8fMnEJKSx1JDapT8cDw9sA/photo.jpg,这是我用过最棒的软件！💕,5,0,3.21.012120,2021-01-26 07:32:10,,
gp:AOqpTOHtXFHOTgk5_aD3K7q6XFh4K9uq-0AUggYQNAm8WPmn2kTqMsKyzhyQiKQjJlPrnpsHvvLvUzUxSKLr9w,Ju taosay,https://play-lh.googleusercontent.com/a-/AOh14Gi2jkt60x-n723XL9uZr6js3H96z7JL9hoDtjD3nQ,酷安白嫖那么久，play支持下。多谢开发者做出如此优秀作品，同时期待ios版,5,0,3.21.011819,2021-01-20 08:42:42,,
gp:AOqpTOEV-KlPBHppxbcj2V8NdQcw5bD2QMyh9ns3JuBpYWS68b1qs4_Cfo2sroZ5klkk88cB28p9_lg4nOx8Dg,Albert Liu,https://play-lh.googleusercontent.com/a-/AOh14Gg8SA-Va281VuCd1rmTrQu66x0kQazm2voui7OP,Best reader I used.,5,0,,2020-12-04 05:40:39,,
gp:AOqpTOEETmb7Eqx01Uslui5mpHE_R6mfojjEHXCPeXUyCIpug29hHpKHPxzyg28w2_A9L6iQPrHgjCe7Zzg11A,tuo,https://play-lh.googleusercontent.com/-sXOxjjMQrDg/AAAAAAAAAAI/AAAAAAAAAAA/AMZuucmonst_FftGsFGJbEyI6567bnS7Dw/photo.jpg,nice,5,2,3.20.070622,2020-07-10 19:17:37,,
gp:AOqpTOEaLgZweDRGO_UXBkJulXXXjyNq5-j8nKpnqtK9ShTCR4CzMGbb5RkMsWjSjGkn8VBSxblz6-3BdeQG3Q,Eric C.,https://play-lh.googleusercontent.com/a-/AOh14GjA365h40HHCWwD9wR2Edb9eGvdCyFnsoTSzB-Ing,Best scraper reading app I've ever found. Not to mention it's a FOSS software! Looking forward for the promised Pro limited function XD.,5,3,3.20.070320,2020-07-03 19:06:47,,
gp:AOqpTOG4fbCnFr0LNZqnSLdRvdCuI-gBhFp_hLUhYiWQ9XBSwUodeU8E9X4TG_bnRxPK0FiUj1xmQMzNbF0Ntw,张建中,https://play-lh.googleusercontent.com/a-/AOh14GhE1jtm2zs9TLyTHKDSf7YVbtTh86X2USVqB-4PWA,非常好的软件,5,3,3.20.040520,2020-04-11 08:54:06,,
gp:AOqpTOE4u4MkI3djekub4JKFKLxSMA8Daw5mNjQhm0o9ECY6cI4Ub_Td7rfqioNLnBbcWEPioG9DIjn0yACeKg,Su Mz,https://play-lh.googleusercontent.com/a-/AOh14GjKULBpdynGS_ImUYzYJApnyhL7vGSV2C3CaqXSXA,GPLv3很好,5,1,3.20.031821,2020-04-01 20:42:00,,
