reviewId,userName,userImage,content,score,thumbsUpCount,reviewCreatedVersion,at,replyContent,repliedAt
gp:AOqpTOGQDbs36Y5-SDWYjxbrNHwzT3Ha3rSXCO36sIaAZYgU0QqGqcv_7skQM5g-_z8sFhmFxIxzIiR2-rH24pw,Eric Guenther,https://play-lh.googleusercontent.com/a-/AOh14GiXaZ8BcsBJ9vzUYmWTOKKWVtV_SvhFB1kQtuGOp7c,"gee thanks for resetting all my customizations back to their really terrible blue sky defaults. yes, I haven't used the app in a while. I'm guessing it was a app update that blew out my customizations. the app should mimic normal thunderstorm effects upon installation/default settings. put a demo mode in if you want to show off what the app can do. also, put in a function to backup user's customized settings so when garbage like this happens, one can simply restore their customizations.",1,0,5.0.0,2021-02-05 00:27:27,Sorry to hear you lost your custom settings. The settings are stored locally on your device and should have remained intact after updating unless you previously uninstalled the app. I apologize for this inconvenience and I hope you still like the app despite this. Please contact me at support@thunderstorm.scottdodson.dev if you have any questions.,2021-02-05 00:40:04
gp:AOqpTOGMaJgyDylMiBiTtpXDhVQRc9rIbmuOmQSM4Lf_WUtf9ITWE95kTCrwUGMqGLoB8fCNtVYFjs8coWuzwi8,Jason Starvetsky,https://play-lh.googleusercontent.com/-uEU9FSoKlpg/AAAAAAAAAAI/AAAAAAAAAAA/AMZuucnY1u5fgMQxi2NYzyveGsOUWDbl6A/photo.jpg,"Its ok but the lightning color adjustment needs work, you can't make bolts 'slightly' any color, any color chosen displays with heavy saturation. Like lightning on Jupiter or something. Also, there is a highly annoying, repetitive gap between loops. Must either eliminate gap or randomize routine and make it endless.",3,1,5.0.0,2020-12-24 16:49:21,,
gp:AOqpTOHFmViDCyau_kTMhYmPrL1OKANZ4LeeaCDtvoyRqM7nehGGoFYGJTUmAUdCHxbJsK6qw_c9xxP8Zyk8fEE,Paul Kamill,https://play-lh.googleusercontent.com/-F55TvxPK5no/AAAAAAAAAAI/AAAAAAAAAAA/AMZuuclpd2ISNb-MZ5zNSloEVo8uRRLisg/photo.jpg,"Pretty unimpressive as a light show, index somewhat irritating. I have asked for a refund.",2,2,,2020-12-05 09:05:49,Sorry to hear you don't like the app. Each mode offers a different thunderstorm experience with different intensities. You can further customize your experience on the Settings screen to create the perfect storm for you. Please contact me at support@thunderstorm.scottdodson.dev for help.,2020-12-05 12:18:06
gp:AOqpTOF3rFoixuLluqAeTuonF5qsgI0CISeccBgGQj9C5pjIRlKU7RHNz9uILYdfA6SxyozvBQSfEfp9vZ8OjCY,Robin Guillory,https://play-lh.googleusercontent.com/-jEl4gkKMVB0/AAAAAAAAAAI/AAAAAAAAAAA/AMZuuckptpzP6KpFiVO0b95ZSuFfjf0hOA/photo.jpg,I like Hue thunder more 4.0,3,1,5.0.0,2020-10-26 18:36:19,"Hi Robin, please let me know if you have any suggestions for improvement at support@thunderstorm.scottdodson.dev. You may find that it has more customization options than Hue Thunder in order to create the perfect storm for you. I'm happy to help!",2019-07-15 19:39:53
gp:AOqpTOFG7j6eE7BVowBm5IO0Qe9A6ruzr0Cewur50gfebrGkaedpMMxyl8LCMBnQ1g-L9wXMSyG3dhDgS6nt9Vc,Kristian Williams,https://play-lh.googleusercontent.com/-SV7rTu0AFz4/AAAAAAAAAAI/AAAAAAAACts/AMZuucm1IHBMbkyg00LsZM4Xs7o2W1sjgw/photo.jpg,Very good app only suggestion is an on demand button for lightning and maybe Google Assistant integration. Would be a great addition for Halloween!,5,8,5.0.0,2020-10-12 14:22:13,,
gp:AOqpTOEW03fxgbrQ0srmHNGDrUHq4WSf3HlnsIJkU3QNA4ZFF9KQpIembxrb7TVi0qpPA4Iy9uBjhOp-1xK0McA,D P,https://play-lh.googleusercontent.com/a-/AOh14GhtSSk8oOTm3yof62t3azANYjs-Mo1YqUtTkupn,"I definitely needed to adjust the default settings before it felt anything like a real thunderstorm. It was worth it. Played through the home stereo, this app very realisticly imitates the thunderstorms we have here. Even my dogs want to go hide from the rain, lol. Dropped a star because it did take a lot of tweaking and there's room for improvement but overall I'm impressed with this app. I just noticed the cats running for shelter when the ""lightning"" strikes, lol",4,20,5.0.0,2020-10-11 19:42:47,,
gp:AOqpTOEzJaXHzDA4mX3W3aHKepVAbcR_aU-ZCRRwt2SmrJml1DdtUwC_Mu9jTgdnC63h9OtgqC2pxt8GT_2MYeU,Nisha Vidyarthi,https://play-lh.googleusercontent.com/a-/AOh14Gg61nEmCwljBlSEq7_VyeXAkY16QQaEZDe6Cs9O-Vc,"Work on quality of the sounds of the rain, other things are great",4,4,5.0.0,2020-09-16 08:09:14,,
gp:AOqpTOEKhjdT4EXOzP7MJGu1bjUjuNZlOWBuPcZSHG5-j9vxMQRFLd5TwSBkmaIv3omXZaAro76DjrQYTZyxhg8,Mitch W,https://play-lh.googleusercontent.com/a-/AOh14Ghmv_3meDKH1ABKAqklAhQNHuNq7mOi8nJ6zjDl-Aw,Amazed from the second I booted the app. I was looking to write a Python code myself but this is so much better than I could do! Great personalization and functions. Awesome app!!!,5,4,5.0.0,2020-08-18 19:43:01,Thank you!,2020-08-18 20:17:06
gp:AOqpTOEzlQHUjhG2ryl63i05MCEMoH8iaFV5_SP-rUUsmMwOtVwA17-IZbpiTNJyVNwcyIWAVpbSrKzzrVi1yhY,Greg Kourik,https://play-lh.googleusercontent.com/a-/AOh14GiR7z8IyjTqq9USvrk4lT05syS-PqhJGr0u9QGP,Great app! Love the ability to have red lightning. Sometime my son and I just let the app roll while playing online games. Any chance it will work with the new Phillips WIZ lights?,5,5,5.0.0,2020-07-15 16:32:59,"Thank you, Greg! The Philips Hue Bridge and compatible Hue lights are required, so unfortunately, the Philips WiZ lights will not work. Please contact support@thunderstorm.scottdodson.dev if you have any other questions. Thanks!",2020-07-15 16:43:51
gp:AOqpTOGGTBOq4rkp61yuunA5vpW_a8oe2158sTdBe5GlAndSvSSmHx1ZeuOQUYuRRlmeK3dSoV1g-fOhuqA3yPU,Vince Rojas,https://play-lh.googleusercontent.com/-pcj5_WLQGP0/AAAAAAAAAAI/AAAAAAAAAAA/AMZuucnOq6DV0Y9NfTGKdzeB8zb37-fhCQ/photo.jpg,App works great. Lighting strikes are on point. I used a soundbar for audio & the delay function worked seamlessly keeping the strikes on que with the flashes of light on the bulbs.,5,14,5.0.0,2020-07-13 19:17:06,Thank you!,2020-07-13 19:34:36
gp:AOqpTOGXIWfwqcra33q5ximyOhIE1sVoBgNKAOakM8_7cuLkFx8dJ7FdA_1O5FjmpeL6Fhzp_8zOZZCFe4rB25s,Valerie Rupe,https://play-lh.googleusercontent.com/a-/AOh14Gj49HrfUOqwl20HgqW1ZVGthLe0N52v5Yr102GDoA,"Amazing app! The idea of an indoor thunderstorm popped into my head this morning and thank God Scott had already had this idea before me! It's everything I was hoping to find in this app (the fault is in Alexa. She can't open apps.) The light effects are so natural and lifelike. He really nailed this one. The thunderstorm takes me back to my childhood. I love the whole thing! The app creator is pretty swell, too.",5,28,5.0.0,2020-06-15 15:52:09,,
gp:AOqpTOGQFDDvgHalO2zX5sN_hGswPz5eDyzH-w1VRbCI8BwL6K2dkEtuXNGDMny71TZXYaHfWDjpzVyJ7dBKFiU,Jeff Lott,https://play-lh.googleusercontent.com/a-/AOh14Giwj0XwL11WGW6mcHB7HdE5iGknnfzKAgsb4VncVQ,Cool app. Is there any way to turn off the blue lights and only have the rain sound and white lights flash to the lightning effect?,5,4,5.0.0,2020-05-24 17:40:12,"Hi Jeff, under Settings, you can set Sky to min brightness and turn off the Rain Light FX. Please contact support@thunderstorm.scottdodson.dev if you have something else in mind. Thanks!",2020-05-24 19:12:18
gp:AOqpTOH2f9PTROtNucM6SdPHsCDOSjFwFa8wX8TFaIq6KNiUYt1NAcmMfXwnSERQxKNCeTR8cMWWke3YS0dy9jc,Noah Braunstein,https://play-lh.googleusercontent.com/a-/AOh14GijEibjNWh1d0tJqCty-FBqrMVIAxyJmWtpzUNDKUQ,Love this app. Wish you had a beta program!,5,0,4.4.2,2020-05-11 08:43:17,,
gp:AOqpTOE3KgsA-EEGyLT3U1YMM4Vx0B8_wiUmzljDCcabIXGybo1BXT261zgM__ayn05AOfvLJc7PTVorKw7R3m4,Jeffrey Jones,https://play-lh.googleusercontent.com/a-/AOh14GhTuO3UsIf4bZfYnKRJqIv2-D40PS1puJvm0X_jyg,I love the app but I must keep pushing the button on the Hue bridge every time I use it. I live in the basement and the bridge is upstairs. I read a similar review from someone else.,4,2,4.4.2,2020-05-02 14:41:08,"Hi Jeffrey, thank you for the feedback! Please contact me at support@thunderstorm.scottdodson.dev for help. UPDATE: Please install the latest version (5.0.0) and let me know if the issue persists. Thanks!",2020-05-11 16:39:44
gp:AOqpTOG2SoQKba4gYh1uZA1O29A8OtagpppkOjSYJ2WvDjepUsMD_TsJTYOF91jJBDSmz5PJO8GaXJvx2-xIpnI,Shamir Nandy,https://play-lh.googleusercontent.com/-X6HbSBTqqOs/AAAAAAAAAAI/AAAAAAAAAAA/AMZuucnBc3P1jFin71-p21_oEfeetT3UhA/photo.jpg,"This is just plain fun, and works out of the box. I can tell it's a lot of work, so it's a steal for the price. Planning a thunderstorm for our indoor camping adventure and this seemed perfect when I tried it just now. Have grabbed the other apps to shake up the isolation days with the kids. Looking forward to our volcano adventure! Great app, give it a shot!",5,19,4.4.2,2020-04-15 20:47:18,Thank you so much!!,2020-04-15 20:50:50
gp:AOqpTOGtvvea-y1cOb0iA-7hX1E_qePfZlPGn8iesalV0OO9DE9rIN5KzJHP6CdDDcUp1NEdCQGQc-nZ28hVPqY,Matt Burns,https://play-lh.googleusercontent.com/a-/AOh14Ggd2Jd1RtTZvHcMXzbF9LCk0GXmifTohSxX01YmQA,"Seems to work best with fewer lights. I've greatly expanded my hue bulb collection and now notice that there must be a lag between syncing all of them and the sound from the app. It went from the lights flashing and soon after hearing the thunder (correct) where now with all lights going (about 20), you hear the thunder first followed by the lights flashing a few seconds after, which is backwards. Delay Thunder does not resolve it. Any tips for this issue outside of using less lights?",4,5,4.4.2,2020-04-05 14:57:23,"Hi Matt, thank you for the feedback! Please try creating a new group with a max of 10 lights that will be used for the lightning effects. Go to Settings, scroll down to Lightning/Thunder, and change FX Targets to this new group. Please contact me at support@thunderstorm.scottdodson.dev for more help. Thanks!",2020-04-05 15:00:17
gp:AOqpTOEjhmBNqdXIvB-TB3TX7f6qThQiXOj39SjhYH6Ii6QocdKX8qfIz4wMWTDTbxn4O0gbT8zO3pJFspAVGZ4,Tero Kaikkonen,https://play-lh.googleusercontent.com/a-/AOh14Gi1kb1XiZtLLPzJRrGwKm_OXB75pI7vIsTJfHYL_A,Nice,5,1,4.4.2,2020-03-31 20:30:10,,
gp:AOqpTOEetnBj-0JL9jUUkoqUUwQnAx0iv0EzJtSKuP1Gw0QX50JnuFV-bid8F03Y-hNJWpLh3CZt21vq_MOTPnQ,Chris Hatherley,https://play-lh.googleusercontent.com/-ex-UG7pyRD4/AAAAAAAAAAI/AAAAAAAAAAA/AMZuuckLdVwxTRpG9BsylV7haq9qAXQrIw/photo.jpg,Superb app very ambient and the dev support is great. Well worth it and worth getting the other two also. Firestorm and soundstorm.,5,3,4.1.1,2020-03-10 09:35:46,Thank you!!,2020-03-10 09:37:00
gp:AOqpTOGEhCrs_7iYjHHcifnvGB2gspLn7XRsW6ncQ5vgCxHgaBUOf6PSwHWYLeINPoNcbd0cw9Q7IDkc_ROoOmE,Giovonni Fareed,https://play-lh.googleusercontent.com/a-/AOh14GjToU7hfBQ-mcB_J_fDJwkYmvtrXQ4J6ewYNPS2PA,I love it!,4,0,4.1.1,2020-02-22 21:26:59,"Glad to hear you love the app! I hope you'll consider a 5-star rating. If you have suggestions, please contact support@thunderstorm.scottdodson.dev.",2020-02-22 22:16:50
gp:AOqpTOGhGPYjTX0QgJ7jRNzQmPx_8OeJKBNgaE2UzaTgixxwNW7OiiWn_0rxf_gNUKxvUm3_zyMfbUX8R0BSOL8,Mark Stouffer,https://play-lh.googleusercontent.com/a-/AOh14GijB4vDPFxqDb9IzyepYE3LK81D5OqmTvf3RLZfJx8,"Great ambiance, but how to put sounds on Echo? I can only trigger it on my phone, and then it plays there.",5,1,,2019-12-31 11:14:38,,
gp:AOqpTOE95Seo2zLmWeQHCs1NaiDdjRRIa42ecyNqaBPzo9wU8EEs-2vCKrUg4r_na2WfXfR6kAXrnmcxYftehAs,John Morgan,https://play-lh.googleusercontent.com/-1KFGKO7F9jI/AAAAAAAAAAI/AAAAAAAAAAA/AMZuuclYQzJJP0Kw9uIICw8VwIyIbluwSQ/photo.jpg,OMG! This is amusing and wonderful! I bumped into this by accident and figured what the heck. It's only three bucks. Easy to use and quite enjoyable especially if you have a thunderstorm cranking out of your Bluetooth speaker. One footnote. It's more effective with lights you do not have direct line of sight to. For example a light bulb behind a lamp shade or in my case it was especially effective with the light strip hidden behind my television (reflecting off the wall). Thanks!,5,12,4.1.1,2019-11-29 18:15:52,Thank you for your review!!,2019-11-29 19:28:36
gp:AOqpTOG8V_W3q2BamsrJuOvM-Jy6SC7XINI4vnDb3hNES-iwnoWg8pXSvQI93nzzSYnv2w8ElgU_DlyBFCj9XAs,Neal Chauhan,https://play-lh.googleusercontent.com/a-/AOh14Gh5w32OewFYNRr2Uex--coGIhLwsqCLPQtUfgogkL0,The only paid hue app I've purchased. No regrets at all.,5,3,4.1.1,2019-11-26 10:47:25,,
gp:AOqpTOFL5W0D4BITfMmaGAbpiPPT2D4N-dyW_mnYvxkwX47tfnzAy2VNFRMnbpKqhFI8SuiPiIRQGyIcaoquPfQ,Hans,https://play-lh.googleusercontent.com/a-/AOh14GgOWPtGqIBGtmiSTRWHfF5HPA7G0WGKSrQAUEUsow,"Nice app, great to relax with.",5,3,4.1.1,2019-11-09 15:53:45,,
gp:AOqpTOHdPEFuZAczERGgW9XnvHrMtt0xHB9sEN3WEbbHSw_wHdUnFShA7LnQh_fB60_tPwJRO4jbwbQdSgbNaJ4,Morten Solberg Bakke,https://play-lh.googleusercontent.com/-ckAzXz3qS3I/AAAAAAAAAAI/AAAAAAAAAAA/AMZuuck4KeA6QBGRT2f3VtoZZR-jI-ukbQ/photo.jpg,"Cool app, but missing video option on TV after I cast my phone to TV via GHome to get sound from phone trough my home sound system. It's kinda lame to see lights & sound create nice atmosphere, but then the phone screen without anything cool matching cast to TV. Can't you add a video in the casting from the GHome app too (not just sound)? Fix this good Sir, and that last star will come flying in! :)",4,9,4.1.1,2019-10-31 15:57:34,,
gp:AOqpTOGTraH2bbft3DHWNkyiEVlPxZdP2lppIOlpxLnjOyuA2OdzYEJH0wm2mGaJBFVU5tBgnf-0Gq-rtTwm510,Timothy Haley,https://play-lh.googleusercontent.com/a-/AOh14GhmL2PoCpGDBXKt6L6P2RohmUQEfrY9T_jdxlYUtVc,It's not lightning it's slow fading in and out. Nothing like a thunderstorm,1,1,,2019-10-31 15:15:59,"Hi Timothy, the lights pulse blue as part of the rain effects but you can turn this off under Settings. By default, the lights will flash a bright white when lightning strikes but you can change this as well. Please contact me at support@thunderstorm.scottdodson.dev for help.",2019-10-31 15:20:10
gp:AOqpTOFeoai6R-lKk6V4UxUzu_V4jX8Nc6-XvPd9ec-XkwxgPYV05_1n67LsrZZASHpCgVEClAncx6JZrTDaAFg,Michael C.,https://play-lh.googleusercontent.com/a-/AOh14Gju7fCMFPhFDOotslBkAZCUMs1QthasC6AMmTdxKN8,Love the app like to know how to cast sound and to make it little more interesting if i could cast a storm to your TV.,4,3,4.0.1,2019-10-04 19:46:45,"Hi Michael, you can cast the audio using the Google Home app. Please contact me at support@thunderstorm.scottdodson.dev if you need help setting this up. Thanks!",2019-10-04 19:50:33
gp:AOqpTOHoE_3_zns0-KJDdbWi-RVqLCBQElZx7rZSBdxNiD6aCU1n36wbVfTFy_kV9fs5ScXVK4fLB0-rCEmUu4I,Ari DiStefano,https://play-lh.googleusercontent.com/a-/AOh14GgB_STUKiDKPfQVX1IWk10JnEheQwCzkevr6f4aYg,Really like this app. Great for Halloween. Lots of settings to play around with to get your desired effect. Even the background sounds help make for a great atmosphere. One question. Is there a way to have better control over the pulse rate or turn it off completely. Sometimes the pulse is to overwhelming even on lowest setting. Otherwise perfect.,5,8,4.0.1,2019-09-30 22:11:11,"Hi Ari, thank you for the rating and review! You can turn off the Rain Light FX under Settings. Please contact me at support@thunderstorm.scottdodson.dev if you need more help. Thanks!",2019-09-30 22:23:08
gp:AOqpTOEbCZQDkQ_VeRSz8-doDZEsR4VRVMgXAkq0D47xSyAInSyHXgMy1Jt4ioVMwlGKMdrzC1NxaCcn0pjkYs8,Jason Bellish,https://play-lh.googleusercontent.com/a-/AOh14GjSA7sT8T6PmRS5vFhDJYeQQJofkL_kJNwPHUDKkhw,Simple but awesome app. Awesome ambience and perfect light/sound sync,5,1,4.0.1,2019-09-13 20:36:43,,
gp:AOqpTOE-UYB_aw3ywbf-uTS17yHsk9V3Q3jcq-KW-5nrZOmDGd6OlDILYqRffbKjMV8a6sFwxEKdrn7p55_3XTs,Cameron Scott,https://play-lh.googleusercontent.com/a-/AOh14Gg6gzgwcm43KWbf-J8lj6PwLmkzKFa8lKmgx8fQDQ,"This is one of my favorite apps. And I have tried a lot of lightning apps. Everybody loves it when I demo Thunderstorms at parties! You have to use the Google Home app to Cast the sound and it works well. I don't know how to get 5.1 sound, but i imagine that is Google Home thing. Can the storm sounds go to more than 2 home speakers?",5,3,4.0.1,2019-09-09 19:12:11,"Hi Cameron, thank you for the review! You can create a speaker group in the Google Home app: From 'Home', tap 'Add' and then 'Create speaker group.' You'll be able to cast to this new speaker group. Please contact me at support@thunderstorm.scottdodson.dev if you need more help setting this up. Thanks!",2019-09-09 20:27:53
gp:AOqpTOH4-Nunvl3XLdswQzEZzbiJcPQsESuV9MypxAJV-0AAlsNARO_l9gHfdACAjZnq-06d1r6hz8g9pxQuC1E,Jimmy B,https://play-lh.googleusercontent.com/a-/AOh14Gju0VKucMB66LnmIcXIPPvXJrIxiyfFrvRhVX5Esg,I love this app! Only reason i have it 4 stars is because it can be better if it had the casting ability within the app added to it for audio!,4,4,4.0.1,2019-09-07 21:12:14,"Hi Jimmy, glad to hear you love the app! You can cast the audio using the Google Home app. Please contact me at support@thunderstorm.scottdodson.dev if you need help setting this up. Thanks!",2019-09-08 10:28:39
gp:AOqpTOExLlA6lZ-jRqCMg-9OY_Dr8rfpTpMkSbaeYIbpdy_MHK_XmwGxCIZNqkheNdwhRGR8ZYVjbTL2sZqGius,indesan21,https://play-lh.googleusercontent.com/a-/AOh14GhAoHLs4_PtHO_ird-I2ZC946Uxt90pDEzff2cyCw,"amazing app, works exactly how it should, i was so impressed i also purchased the fire and music sync apps. outstanding!",5,2,4.0.0,2019-07-19 10:34:47,Thank you very much! Please contact support@thunderstorm.scottdodson.dev if you have any questions.,2019-07-19 11:00:37
gp:AOqpTOGrnQyoznbW80ezRW0WhwFsU-puaPCnGcbeIt3swsZofK1S7FF-HZxqIXtDsoFfLlHNMZVJhrbd9qEu7sM,Jon-Cameron Bates,https://play-lh.googleusercontent.com/a-/AOh14GhC4Il989OFcbnka3Ptz0FGwgpHSgBUSlKB7in2R04,Takes a bit of effort to get the sound casting to the speaker but once done you get amazingly realistic lighting and thunderstorm effects!,5,2,4.0.0,2019-07-11 14:28:48,Thank you!,2019-07-11 14:35:22
gp:AOqpTOEZWxp1l6yrnn8MsK5o1pqXzyC6LuunM4im6zuNKRTpXDupad0mQ6d308az_cAsk6ddNvwMxnxcmcfObLI,Jake Schindelholz,https://play-lh.googleusercontent.com/-esvYHCoky0s/AAAAAAAAAAI/AAAAAAAAAAA/AMZuuck6aalGBj2C0DRr29nfXU_uCiutGw/photo.jpg,"I love the app thus far for sleeping, is there a way to play the audio out of my google home, if not that should definitely be programed in",4,1,4.0.0,2019-05-16 11:13:37,"Hi Jake, glad to hear you love the app! You can cast the audio using the Google Home app. Please contact me at support@thunderstorm.scottdodson.dev if you need help setting this up. Thanks!",2019-05-16 11:21:16
gp:AOqpTOERebCR839FHUt1g0rSVkuaZLRb08ucK4xCJCnRLr-ESEFWNnwBleGpNdOCAXI8-uzKwu3JOcIrTdROhnQ,N.A,https://play-lh.googleusercontent.com/-RinmSh4zeYs/AAAAAAAAAAI/AAAAAAAAAGE/AMZuucnaEx_HT0nCAi2pOGQvEjHiiimPCA/photo.jpg,"Absolutely brilliant app! I use Bluestacks on my computer and running through that.. So not to drain my phone's battery. Works perfectly, I love the customization as well.. Putting the settings on random gives the best experience with the lightning. Well worth the price!",5,6,4.0.0,2019-04-24 13:55:28,,
gp:AOqpTOHUdCZfbNesnaFWP1O5vizM63Urcb-j60XYtIwCwPMA6JdW_OkQyuVVUpcfnSj211IyXbAu84NqCEBh5D4,Tom S,https://play-lh.googleusercontent.com/a-/AOh14GgzFLySOz9i9lf9xruL9qxi2JBLHKT5YjzEWilKCbQ,"Using this for atmosphere in my D&D games. The changing weather over time is excellent, I can set it to run and have nice dynamic changes throughout the evening. Love this!",5,4,3.2.1,2019-03-23 08:14:33,,
gp:AOqpTOF6g57XWUKK3HCEKYE8492dPxQXIdDIYqUUquDvfT_SrYjf8pCpunLjn36-LZn7yVt_bUAqS1MV22MPPko,Vlad Akhtyrskiy,https://play-lh.googleusercontent.com/a-/AOh14GgLzZaQBAKDwkhQ30P9GQ0n-utoPO6xBcVuOZZ3,"I kind of like the idea. but have a few questions. 1. the frequency of lights doesn't match to lighting. so I want to feel like I am in the storm. even I choose high frequency, its still kind of fade in out. 2. can I play these sounds on my Google home? 3. so if.it plays on local device- can I listen any music and have the flickering effect? thank you. asking for refund and if answers will help, than will buy it again.",3,2,3.2.1,2019-03-08 20:22:15,"Hi Vlad, please contact me at support@thunderstorm.scottdodson.io for help. 1. By default, the lights change blue and fade in and out as part of the rain effects. The lights will flash bright white for the lightning effects. You can change the effects in Settings. 2. You can cast audio via Google Home app. 3. You can mute audio in Settings.",2019-03-08 21:31:08
gp:AOqpTOHfjKrPiEsTJC8tEmjtLRiEsA_8WWuEi5w9TNK1LmGP0J8xuZ63EdU5YK1hS3dS_QypCM4YS6xovWjWaMo,Eva Lissik,https://play-lh.googleusercontent.com/a-/AOh14GjdtuJacTybxCWQb9ildN7CN8gF3k8Pk_NdaBd2-1M,the user interface is very confusing... how are you supposed to select a group of it doesn't show as a selection.,1,9,3.2.1,2019-02-09 10:11:57,"Hi Eva, you can select a group or create a new group on the Groups tab. Tap the plus icon in the top right corner to create a new group or tap a group name to select it. The selected group is displayed near the top of the Storms tab. Please contact me at support@thunderstorm.scottdodson.io if you need further assistance. I'm happy to help.",2019-02-09 10:53:26
gp:AOqpTOHy-Slr0JulPso-7KeW-q84R3beEf5NHQpZJ-yyu8JJ3CogzAt7LVCqrfmygP6rRvQItWSZiMLYDtZdZ1U,Matt Koch,https://play-lh.googleusercontent.com/a-/AOh14GhIKqexSCXd7gajKlusutI1llxDQrUXI_BpECEEtg,I love this app! I live in the desert where it infrequently rains. Now it rains/storms whenever I want. (Update Complete user error on casting. I had the volume turned very low on my phone. Casting works great if you do it right and turn up the volume.),5,5,3.2.1,2019-02-02 15:37:46,"Hi Matt, thank you for the rating and review! Please try casting to your Google Home with the Google Home app before starting a thunderstorm. Contact me at support@thunderstorm.scottdodson.io for help. Thanks!",2019-02-02 12:22:12
gp:AOqpTOGW4rtbhNHBnNYUCRPgzOLFCENmdF124logYdw9gRioxCZk81ClF9WFiUrplyEjQ2Kg57uz1r-m6Ex1YHM,Seth REEDER,https://play-lh.googleusercontent.com/a-/AOh14Ggm_6NwwgCrK8LOXGsCsL0Fl-MTC5mZc1d74Mn1oQ,"I have found this App to be very good and I do like it very much.     One feature that appeals to me is that even when the App is closed (not switched off) it still runs, that enables me to cast various images or videos to my TV.  I use it on a Samsung Tab and cast using Google Home.  This all works well but is a bit fiddly to set up.    Future thoughts: ° To cast directly from the App. ° Add an image page so that a select image/video could also be cast, including a 'blank' screen.  4 stars as it could get even better.",4,6,3.2.1,2019-01-26 05:44:53,,
gp:AOqpTOEW6Q85pRNtFQ46DixXZwnRpM5KoP8HRZ8aCMHmzSGDifWvHWiQtHtABI9dbiV4DdH8R5rkenqz8_VrorY,Laura Osland,https://play-lh.googleusercontent.com/-IMW5iqWcE_M/AAAAAAAAAAI/AAAAAAAAUrk/AMZuucl3gOT0LNya7YD83RsbCnrcp2GBiQ/photo.jpg,I just bought the app tonight to use in my steam room. It was great! There are lots of settings to make the lighting just right. I used my Bluetooth shower speaker for audio. Really cool app.,5,4,3.2.1,2019-01-11 18:37:42,,
gp:AOqpTOGtnf0cD3pW-oupLdAjdMPbmEuTO6qsR0DOXJwJUbgtXPsdrC1EHkELVNOaTZxydtntzPkreevuOok8O04,Steven De Sousa,https://play-lh.googleusercontent.com/a-/AOh14GhS0K2OA163yKCHSK24KNFrTpiOqZWQ9mJ8SZ6XPqQ,"Awesome app, light effects and audio are perfect. Only issue is that only philips hue COLOR bulbs react and not the white ambiance ones. I understand them not being able to perform the color cues but should be implemented for the lightning effect. I'm intrigued by the other apps you have as well but the white lights might stoo from from purchasing others.",4,3,3.2.1,2019-01-11 17:10:41,"Hi Steven, the app does work with Hue White Ambiance lights. Please make sure these lights are in your selected group. You can also target the Hue White Ambiance for the lightning strikes by going to Settings and changing the FX Targets under Lightning/Thunder. Please contact me at support@thunderstorm.scottdodson.io for help. Thank you!",2019-01-12 17:20:06
gp:AOqpTOFF8EflQaFjwVw4Y6D2NX_jCnBZ5bUxXl9zp8fJunt_4rhTo8wER28AC13Dxh5dpl__dVMe7s_RUYqMmaA,A Google user,https://play-lh.googleusercontent.com/EGemoI2NTXmTsBVtJqk8jxF9rh8ApRWfsIMQSt2uE4OcpQqbFu7f7NbTK05lx80nuSijCz7sc3a277R67g,"Impressive experience. Audio beamed to bluetooth speaker, synched perfectly with light effects. Great way to fall asleep!",5,5,3.2.1,2018-12-27 19:22:41,,
gp:AOqpTOFO9ska1l36tAbPOZf8Z4EWyp2BQFpiKJSryYut86HnAFqlJMNGJhlRYR1ujJJQtbvKsSD3DvUKgZOsgAo,A Google user,https://play-lh.googleusercontent.com/EGemoI2NTXmTsBVtJqk8jxF9rh8ApRWfsIMQSt2uE4OcpQqbFu7f7NbTK05lx80nuSijCz7sc3a277R67g,very slow. was hoping for something dramatic and this fails.,2,2,,2018-12-19 20:08:38,"The Strong Thunderstorm mode has the fastest rain effects and the most frequent lightning strikes; however, the default settings for each mode can be overridden on the Settings screen. You can change the speed of the rain effects and the occurrence of lightning strikes, and more. Please contact me at support@thunderstorm.scottdodson.io for help.",2018-12-19 20:22:56
gp:AOqpTOHbTlmYnRzh3Hz8fqiBmtLYGPzGFA5uRRO_-cmsMSl1D6yVdFBHEzjX9brov6v6t0qyV2D_532Pve4sI4M,Kevin Tan,https://play-lh.googleusercontent.com/-PANBNK4YRQI/AAAAAAAAAAI/AAAAAAAAAAA/AMZuuckeql3xQqoEWTSedHIDfz1KHSe6Bg/photo.jpg,Does exactly what I wanted. Very customizable!,5,2,3.2.1,2018-11-29 01:44:11,,
gp:AOqpTOHhBr2AcwWNDor-K9N6IJRIwR3IGgtn-QUkQwni7oBJ4n7OnjgvgzkUJjUqzFoiQIzdz-L4eol91xgfpsk,Chris Norris,https://play-lh.googleusercontent.com/a-/AOh14GhdYL2fD56kOOMtf44KrV7hMrZnKzw8P3ZVAckKFOs,What a great app for a lover of thunderstorms. I streamed the sound through a hifi. Great app.,5,3,3.2.1,2018-11-25 14:45:59,Thank you!,2018-11-25 15:34:21
gp:AOqpTOE5UIA1IvlEK-WeMLqt5u8w21bJ5b6qg2apnqD1CzZgyJyMzl9u5UAi1xFHCLRlY4dCf4DMcldCVeYME0c,Joe Connell,https://play-lh.googleusercontent.com/a-/AOh14GjqA8Lon4BMc1HO_BNcSnMBNe2a5oSoTRbZFcesVQ,"Best 2.99 I've spent in a long time. Easy to setup, easy to configure. Perfect for outdoor Halloween effects!",5,10,3.2.1,2018-10-28 20:30:27,,
gp:AOqpTOFpFhNpiYFhgcWdv3UlHCPzxMN31pyUkEXp0nt4KqHEFkWUYHZPm0Jf_Mhbpek5V6ZY3iY4BunditaFKYA,Chris Clarke,https://play-lh.googleusercontent.com/--Gne7ChS3gc/AAAAAAAAAAI/AAAAAAAAAAA/AMZuucldeA0CK7uAQiOIqav2Rc5yQwgIlA/photo.jpg,Disconnects from the bridge. Must be reconnected each use,2,1,3.2.1,2018-10-25 09:33:28,"Hi Chris, you should not have to reconnect to the bridge every time you open the app. Your device may be low on memory or the bridge IP address might be changing on your network. Please contact me at support@thunderstorm.scottdodson.io for help.",2018-10-25 11:27:33
gp:AOqpTOEAjhY_EIwxjgl08Rs4YyzfaF9PG-ExbAJQbZ7hA9ILWzC20iS8R7tWnkF2BJmc-Op_cRJcq66AOpH54eY,Kevin Cooper,https://play-lh.googleusercontent.com/--SuGolCsNoc/AAAAAAAAAAI/AAAAAAAAAAA/AMZuuclMoFee-jE1I1PqEqbE-oHe2-0Nsw/photo.jpg,Love this app.  But what would make it PERFECT would be if the audio could be cast (chromecast).  Any chance?,5,3,3.2.1,2018-10-10 15:16:14,"Thank you, Kevin! You can cast the audio using the Google Home app. Please contact me at support@thunderstorm.scottdodson.io if you have any questions.",2018-10-10 15:32:21
gp:AOqpTOE0IPAmoygHBlYaLKbHoFpCSjsHGChmqPN-JK9CWpflCTws0DThdTIK6C7RIVj-oFKC3mmfw3iPfKDdCfY,Jane Lockie,https://play-lh.googleusercontent.com/-xLUGW4sm03E/AAAAAAAAAAI/AAAAAAAAAAA/AMZuucnlG4gWjUpZ2qrozsPWcbOpM2SMIw/photo.jpg,"Fantastic app, if you want an excellent thunderstorm this is the app for you! I love it!",5,5,3.2.1,2018-10-01 07:56:24,,
gp:AOqpTOF2H9OHKSqJ_-LJnUfumvW0cNwWnvpMSOPv0MOtpXSYRX0mKlNsCfp0WRoQFK6cOhwAb1sp3gfFBxdk0cY,steve hebert,https://play-lh.googleusercontent.com/a-/AOh14Ghte1kIfb-d8iQwl_lkgn9aWKBrttvYdGRDyztq1g,"Awesome app, you need Google home app to complete the casting of the thunder to speakers but the lightning part is complete. PS. Needs it's own casting button for ease of use.",5,13,3.2.1,2018-09-28 07:12:32,,
gp:AOqpTOHMJFclex5PXLEazp24Rc6ygtOP9F1ZTBNaB-D7mra71o5tX8GFhGH6Xs4PFqYSOeL_GWE1ncnoMP4vi6I,A Google user,https://play-lh.googleusercontent.com/EGemoI2NTXmTsBVtJqk8jxF9rh8ApRWfsIMQSt2uE4OcpQqbFu7f7NbTK05lx80nuSijCz7sc3a277R67g,"Fantastic app! Complete control over effects. Audio through Riva Turbo X 
sounds great, but feeding it through Sonos Play:5 shakes the house. Just 
got Firestorm, but have to wait 'til tonight to try. Gonna get Soundstorm 
next. Scott is a maestro. Edit...Demoed this app for my buddy who loves 
sleeping to thunderstorms. He bought 2 more LIFX bulbs and a Bluetooth 
speaker, and will get the app for LIFX.",5,24,3.2.1,2018-08-11 19:07:24,,
gp:AOqpTOHI8Bdz1Zpfdrs3Cm0N7aXq-wSp7iDezCA7hnbMBG2tcfWgeH_hb5oCKsT3B0MNN-KUnQitHNeIaoelWDk,Lee Andrews,https://play-lh.googleusercontent.com/-T8CwHdmw9tM/AAAAAAAAAAI/AAAAAAAAAAA/AMZuucnkqfdF023bIfS6V5r0X9_EwFCFhQ/photo.jpg,"Just buy it. It works wonderfully and is great for insomniacs and night 
owls.",5,2,3.2.1,2018-07-02 02:27:01,,
gp:AOqpTOG7wOJ3hCxGbhlco8hYsYMv-Rn-c9g6toy9YNMKnkF3jZkA2yQPR4fFw1ShcukJU1XwirJv3Kxio-uABp8,peter cantwell,https://play-lh.googleusercontent.com/a-/AOh14GhFdvIXw9SXv7RI9ue8i8BM4to-FizmQvDvM4X-,Awesome app love it well worth the couple a bucks,5,7,3.2.1,2018-05-29 18:55:32,,
gp:AOqpTOFCiOQ8yyju45eiANFaX2Hn_ph9KFi81JEC-JLqTcF-wAl_ss_COd794DGFaDzW4Jeg5vC7dR5BQjkwnZA,Mick Dunn,https://play-lh.googleusercontent.com/-8jCYFZI9-Ig/AAAAAAAAAAI/AAAAAAAAAAA/AMZuucla-VztXIgEF-66fzmq8EmV9oFodw/photo.jpg,"Good app with lots of settings but you can't change the colour of ambiance 
bulbs through it. They just flash what ever colour their set at on the 
phillips hue app so you have to go out of this app into hue app to change 
the colour from say a standard bulb colour that you use for normal lighting 
(which ours is set at all the time) to bright white or blue which works 
best with this app",4,2,3.2.0,2018-05-09 23:51:31,"Hi Mick, you can change the color of the bulbs for the selected lights, rain effects, and lightning effects on the Settings screen. You can also select ""Revert"" for the ""Lights End State"" to change the lights back to their original settings after you stop the storm. Please contact me at support@thunderstorm.scottdodson.io for help. Thanks!",2018-05-10 00:03:14
gp:AOqpTOEY5YSGWakj2VdktJcTI_h74_Z7KWt2MeRvkxjXk2P2U-02-MuFNxL0p5AuoycEYZw9y0sxAnl-E_cI1rs,Steve Collins,https://play-lh.googleusercontent.com/a-/AOh14Gjp0I7ueEZso5yBIxCVAyYyTAePBXMcqAxo2H9KuQ,Just recently ventured into the home lighting scene and came across this app.. waited till sundown.. closed the blinds and BAM!! All I can say is WOW.. once I linked to a bluetooth speaker I was blown away.. brilliant app.. keep up the good work Scott.,5,1,3.2.0,2018-04-07 01:31:03,,
gp:AOqpTOGCYsb0T2MHgoWCbbEU5OdzZHFBkPtyue1G2OreeAhGk3Y6Jner0AhW5JPGYqVcTRIxqgeXwLPA1z4Ms5Q,Eric G,https://play-lh.googleusercontent.com/a-/AOh14GjN5tEiK6wlKAHg_drUgj2SrOAnWKassm5DgcsV8A,Awesome app!!!! Maybe native Chromecast support in the Future for audio?,5,1,3.2.0,2018-04-06 19:13:34,"Thank you, Eric! You can cast the audio using the Google Home app. Please contact me at support@thunderstorm.scottdodson.io if you have any questions.",2018-04-06 19:40:25
gp:AOqpTOEkUkoLq7cem8zNdLUkY4B3Y_Rbd7mB1yqcmUaic-imNRhtxujdyP0MKsUAikI4W7c6CPkBj0CTkkOmoZM,A Google user,https://play-lh.googleusercontent.com/EGemoI2NTXmTsBVtJqk8jxF9rh8ApRWfsIMQSt2uE4OcpQqbFu7f7NbTK05lx80nuSijCz7sc3a277R67g,Love this app! Very customizable. For casting to Google home speakers use the Google home app setting.,5,2,3.2.0,2018-03-21 01:25:22,,
gp:AOqpTOHjs6rbd-kYt2OgqRSgXaQ2lVAWmHkDQwT6yW_Kr1eLvhOjU4gCmZcjXXEJ4w1kUbeZe8AWGSWOEH-vzSg,Joe Carpenter,https://play-lh.googleusercontent.com/-MzhPCM4nYBw/AAAAAAAAAAI/AAAAAAAAAC8/AMZuuclQ6ZCQZrUEi_6wZmyWGjV5IPxGSQ/photo.jpg,Closing the app but storm sounds stay playing on device! Though the buttons are toggles it wasn't clear but if you close the app via the task manager it will continue to play sound or app setting you can force stop too.,4,2,3.2.0,2018-03-14 07:42:43,"Hi Joe, the buttons act as toggles. You can turn off the thunderstorm by tapping the selected thunderstorm again. Please contact me at support@thunderstorm.scottdodson.io for help. Thank you.",2018-03-14 07:36:58
gp:AOqpTOHO9h3PNnR3-1uGoq_mA2SER44AeooAcgpXL8Q7Yv_SD7On-XZMiEhH_LTy9lHjEG-n406P-Vh4B6zTP-I,Charles Walker,https://play-lh.googleusercontent.com/a-/AOh14GixhvvDK2qdJKcYmvr9dHYttOAeTUc5PsgHxmreAA,Works well. Worth three bucks.,4,0,3.2.0,2018-03-13 15:46:14,,
gp:AOqpTOGQs2OVAHcSWlLTAzfljc6H7mA6QOxkrMIpaRXY1gQGhEVNTSS1-o0_RjO5EkhVa_RUl0GnW7TGW3no_L8,Matt Elsberry,https://play-lh.googleusercontent.com/a-/AOh14GiVZsX_5OUzC9sp5U2BjPys8pTOACrIpb_niIZu3zo,"After a reply from the developer, I found a way to cast the audio through the Google Home app. Doing so changed the whole feel of the experience. Looking forward to perhaps a 5.1 or 7.1 surround version with cast from the app built in, but for now, kudos.",4,1,3.2.0,2018-03-09 19:32:26,"Hi Matt, you can cast the audio using the Google Home app. Please contact me at support@thunderstorm.scottdodson.io for help. Thanks!",2018-03-09 15:35:59
gp:AOqpTOGDjIy4R3VQkCv1IkFU4Rr9tc7dhljbRhuiUrjqiIwfUJSPaHY3FbjYXIytC3Lxhj8m3kBOxM_ZUKul3Ek,OverTheTopCargoTrailer Jerry,https://play-lh.googleusercontent.com/a-/AOh14GjYxL8dtr9n47iFskukHCYyAtB4IpK1u-syc7MZzg,"100 usless garbage, only sees 2 white lights not my 12 colored lights. Dont waste your money on pure junk",1,1,,2018-03-05 18:43:36,"Hello, Thunderstorm for Hue does work with hue color lights. You may need to refresh the Groups/Lights tab. Please contact me at support@thunderstorm.scottdodson.io for help.",2018-03-05 19:07:41
gp:AOqpTOHAum07Oll1EzYor29MWSJSlpWpRh0wGN5Xbtr43sFldGvhy0ZFGrzdPSgZH-1lc2Anay6ToI9cKeopGYQ,Scott Ryan,https://play-lh.googleusercontent.com/-7PkONgQNoCk/AAAAAAAAAAI/AAAAAAAAAAA/AMZuuckQWLap4cIVTlpmJqaDWPoqODPe-Q/photo.jpg,"This app works great even with the basic white bulbs. Play around with the settings to create the storm experience you like, and use Bluetooth to rumble the thunder through some good speakers - perfect. I'm not sure what the intended purpose is, but my wife and I found a good one...",5,8,3.2.0,2018-03-04 02:33:47,,
gp:AOqpTOEXqOJUIMWI7n0sj5j14YbtDvRgyCNH_cp-huePgOeAzt0xgvuVVGTyB-Xh7nQ4I0ByxBwiTl8fa0bRzV8,Daniel Vein,https://play-lh.googleusercontent.com/a-/AOh14GhjK1-SD7OHiqmiM9PUE9_eQ2AF28brx8sKhsuuIA,It's a good app but I wish it had native cast support,4,1,3.2.0,2018-02-19 17:55:17,,
gp:AOqpTOET2Mhj3NYwWDI9mBuqiQH7vCW4VgZb1AShe4yOoY1X0XecwMLYYE0rkKaheDPP4_r0Bm8m82b9GoVYORQ,Adam Rasmussen,https://play-lh.googleusercontent.com/-aQdx9hJxnWg/AAAAAAAAAAI/AAAAAAAAAAA/AMZuucnPisNYhA8Gr7WH3isRdfmZ7Ad64g/photo.jpg,Too glitchy  Lights randomly reset to normal and then resync again to the storm.  This happens about once or twice a minute.  Only happens to some of the lights.  Kinda ruins the ambiance that your trying to create.,1,1,3.2.0,2018-02-05 16:51:12,"Hi Adam, sorry to hear you're not having a great experience. Are you running any other hue apps at the same time? Could you please explain what you mean by the lights reset to normal? Please contact me at support@thunderstorm.scottdodson.io for help. Thanks!",2018-02-06 10:27:37
gp:AOqpTOHGMIROmmDkvY9Vyg7Rsz48w4eAIyJ1AeuiOt1lL9xcbcJ865NeDVZXJtC6rU2zAYcmm4kk2PU0vQ0-D08,John McKinney,https://play-lh.googleusercontent.com/-L2cXJKwM0MM/AAAAAAAAAAI/AAAAAAAAAAA/AMZuuclrS8QIGCXw09Yr2mz5WnKvhfAd5w/photo.jpg,I absolutely love this app! My only suggestion for a future version would be to add in preset feature.,5,1,3.2.0,2018-01-21 14:21:03,,
gp:AOqpTOEsfZobzewluUQdN7IY1ueef7boAl6dei_QI8MmmsHgZYV9jqkcOnrkTjWE1CqyC3R-AVBVkXu574SYXvw,Daren Lawrence,https://play-lh.googleusercontent.com/a-/AOh14GgD_7qxSSORv6qdO4U0cWo9o1UWD6HVkMoQ2fi_Opw,"I have 6 recessed lights I switched to Hue in our living room.  This puts on a really cool show.  I even plugged my phone into the receiver and blast it on my speakers for the full effect.  It's an impressive way to show off the hue bulbs IF you have the right set up.  If all you have is a lamp, then its probably not worth the $3.  Well worth it for my setup.",5,3,3.2.0,2018-01-20 18:16:39,,
gp:AOqpTOGROvRA7SyarzuGOg0ccc-Z4UaeTbv-q2mUAfaondKYj2rKW0ff7EM4FVj3I5y5jV7bQATQLolPD6laEPg,J D W,https://play-lh.googleusercontent.com/a-/AOh14GgCs9q6PgCyxz2w5yHgZwmYHEM-9sMx5raN7CFNNw,You Have to link audio to Chromecast...if you do this.  would be a solid 5 stars,3,0,3.2.0,2018-01-16 19:04:32,"Hi Jack, you can cast the audio using the Google Home app. Please contact me at support@thunderstorm.scottdodson.io for help. Thanks!",2018-01-16 19:21:57
gp:AOqpTOG-oAqTYbt6_sdQ93DC5ma122n-nWZ5C1wdYQXvor_jrI__O2WJE19Ipscbcpbc2FsYg4k1iLGALk3bhGI,Ann Chalkley,https://play-lh.googleusercontent.com/-UUGgblYcZFc/AAAAAAAAAAI/AAAAAAAAAAA/AMZuuckxhY0AA4vLFgRhaS_VUYsHS3wtRQ/photo.jpg,"Love this - you can vary loads of settings to get the effect you want. Bulb set to dark blue with white lightning flashes is very cool. Worth the money. (But the Firestorm app by the same author is, by comparison, unimpressive).",5,4,3.2.0,2018-01-15 09:56:31,,
gp:AOqpTOF34Pt1jxYdRnpc-Zv6tSv5kEp49oVxDRrFT3-D9xa5K6xRfeWiPWFIqatt6CLKZWjDJBS6KF_DFDBgJa8,Brian Skuzinski,https://play-lh.googleusercontent.com/a-/AOh14Gi6Gu3Ny89ZwHn6voslsradyl4yg3-T4xYOVwypoa4,Would love it if I could Chromecast the Thunder sounds to my devices.,5,4,3.2.0,2018-01-09 04:14:20,"Hi Brian, thank you for the rating! You can cast the audio using the Google Home app. Please contact me at support@thunderstorm.scottdodson.io for help. Thanks!",2018-01-09 16:05:20
gp:AOqpTOFoMlEF-LX0-HQWKVO01KRRMHfYVbt5VZjQ38NvaasANpXY1LOFMfRGrfSsZ_Vh4LX8WWYbdC6XlRMMhLA,Audi man,https://play-lh.googleusercontent.com/a-/AOh14GhuNWJvA1XmZSx6tcHUfNpRNWhNjxKrnPYCCdWXyHw,"This is really cool! I have 4 full-color hue bulbs in my bathroom and this creates a really neat effect. My little one loves it for playing in the bath. I was so impressed with this one that I purchased the fire simulator from the same developer. I'm hoping that helps enhance story time, haha.",5,3,3.2.0,2018-01-07 08:33:00,,
gp:AOqpTOH8D78omcJvYPneSgyj5frcCZlegAGocRZO-oeYkkd2xWCUc_ohpvi4BxFAPZvgptmyHhE9lACY8PA0bfo,Mark Rios,https://play-lh.googleusercontent.com/a-/AOh14GiDwVMgMn6dWPM-RGHQrqSmajMsnE3Zmg0i6ALFQA,Had some minor issues on my end. It was my fault. But received quicky response emails. Great support!,5,2,3.2.0,2018-01-06 19:15:18,,
gp:AOqpTOHgTZORzx_Sk0K0SshyRjOTdoENFpzX3jdVRlK45BkdrvUiDXxZNao3I_w-eitcuc-l00Pa8nyBKEPulvU,Tristan Morgan,https://play-lh.googleusercontent.com/-nXjmO3YMN9A/AAAAAAAAAAI/AAAAAAAAAAA/AMZuucntxa9L3ncPpNKPK1693rVtgBvZzA/photo.jpg,"App is awesome. Need some more apps like this. Was a schmuck and bought 1st gen. Then 2nd. Now 3rd. Works through Bluetooth too!! Bluetooth your phone to speaker first, then go into app and enjoy the show! Thumbs up!",5,1,,2018-01-06 18:08:53,,
gp:AOqpTOE5gP6w4SkvjRese4Pcmvw0YSBHot8MxWviT6mG_-PfvPhY-o328R5BvbsHZHG_2_v1HW25o7WseRW_SQ0,Moarbrains,https://play-lh.googleusercontent.com/a-/AOh14GjQOInvncdD8KAUZCIBGX0tZlDlShbWGIwiEVkl9eI,Apps like these are the reason that I decided to buy into the Hue brand. Scott answered my questions regarding casting to the Google Home and I'm really enjoying the ambient customization that this app has. Scott is out there doing some very unique things with the hardware and I hope to see even more from him in the future.,5,21,3.2.0,2017-12-29 14:57:47,,
gp:AOqpTOGDXIsf-htxeHEkbDweH4zmEOxHclrkPCmgQQDNhntBcnV1GjMvdbLzecslYbmcydZbili01fcZb8E5Xbo,spencer campbell,https://play-lh.googleusercontent.com/a-/AOh14GjTHkvg2cca_Jp4vv2dT13YI6AAdd989IxYJVT6NQ,Love the app!! I emailed customer support with a question and the response was within minutes! Great customer service!!,5,2,3.2.0,2017-12-28 16:18:32,,
gp:AOqpTOE7r1Og6GL3DppNlfkX0jRyek-Qpnnqv14alfEciCR4zhclGgpMVp-xvBBrYEZTl5MjnwaLpgRcZMlQjN0,Blake Vernon,https://play-lh.googleusercontent.com/a-/AOh14GjnWkFiJ6M_w_LtND4pERtlKuyFEmmWZiENlY2sUQ,Really great app. The only issue I have with it (and this could be user ignorance and happy to change to five star if so) is that I can't figure out how to play the sound through anything other than my phone. Doesn't seem to play through Bluetooth. I have S8,4,3,3.2.0,2017-12-21 16:54:33,"Hi Blake, you can play the audio via Bluetooth. Please contact me at support@thunderstorm.scottdodson.io with the name of the device you're trying to connect to. Thanks!",2017-12-21 16:59:45
gp:AOqpTOGKzruYSChrHf0xFGbDWTo3CPJxuCcXSXoY7vgpJlTgUYEh2cw6nrnr02cXUR3zGLnHi3DsLpvQM-QU3AI,Chris Cornejo,https://play-lh.googleusercontent.com/a-/AOh14GgqL1v5S_Ztvrpq6_m5GfJPBYWCh0QWDO1RpvNyK_M,"This is pretty cool, I only have the white hue bulbs, but will be getting color ones soon, and I can see this will be even better with the color lights. One thing I would like to see is to be able to have audio cast onto  Google Home, and that would add the extra star. EDIT: Casting feature is possible, did not know thanks",5,33,3.2.0,2017-12-11 11:38:51,"Hi Chris, you can cast the audio using the Google Home app on devices running Android 4.4.2 or higher. Please contact me at support@thunderstorm.scottdodson.io if you need help setting this up. Thanks!",2017-12-11 09:55:14
gp:AOqpTOF2EGO9Rzf9W6kAeqTi9uepnLNN3Q_GFWk39W9ZxynWoplq_TvtnyfBWSoIIqEA-oa6_1PK9BFqGaKKAkE,Jeff Atkinson,https://play-lh.googleusercontent.com/a-/AOh14Ggos1eqOwB6y71rX4aXzQ5w5hCd6OiljMX_ji1MgA,"Luv this, well worth every penny",5,1,3.2.0,2017-12-09 20:21:40,,
gp:AOqpTOHITOg1AVvg-g7IzZeWffteuy_F2qsJ7vZmmXfgZMLE0PtnhkwaaQFpiJswVbGl7wysjDsBi1nC7ZRK7K8,Ryan Hynek,https://play-lh.googleusercontent.com/a-/AOh14Gjqoll3U21U3a74bUt5sl2hda6_Cdd-TfFU6HLm3w,"Very cool!  My new favorite way to show off my Hue lights.  Unfortunately its a very expensive app because it will make you want to buy MORE Hue lights. :P    Maybe a dumb question but: How do you stop the ""thunderstorm"" and return to normal lighting?  The only way I have figured out is to force the app to close and then turn off the lights to reset them.   Humble suggestion:  Would it be possible to put native ""google casting"" into the app.  I can cast my phone's audio to the TV or Google Home, but this causes all my phone's audio to go through the speakers, ringtone and all. Just a minor wish.",5,6,3.2.0,2017-12-06 18:20:58,"Hi Ryan, thank you for the rating! To stop the thunderstorm, you just need to tap the selected thunderstorm again. The buttons act as toggles. Please contact me at support@thunderstorm.scottdodson.io if you have any more questions. Thanks!",2017-12-07 20:59:44
gp:AOqpTOH23h3QQ7VCzgXsXjBMmIJ4hFBFhFksfRXwz1aC7Igur9HO16GLvNKCAbgiC1HVFSzmp6wdrPdfm06iZTs,Jeff Pierson,https://play-lh.googleusercontent.com/-8KlhgO6_jXk/AAAAAAAAAAI/AAAAAAAAAAA/AMZuucmV9rRkmGj9f0HUk1yXVrYgSwcZpA/photo.jpg,"App is super cool, and makes the hue lighting that much more fun. A lot of options for a real customizable experience from rain intensity, to other noises like birds and crickets to duration of lights and even the ability to cast to a Google home/mini for audio. Very much worth the buy, you won't be disappointed!!!",5,4,3.2.0,2017-11-30 16:52:31,,
gp:AOqpTOGqtb8x02jAVQR-dGmq4I4qeUrfdi4qZHmKB55vQ5DE-Xpd2IhQfzAT9G5q2NGRRsV7XfvgrgGYFDD-TfA,Elijah Wilson,https://play-lh.googleusercontent.com/-4kxu6txXTKU/AAAAAAAAAAI/AAAAAAAAAAA/AMZuuclK9eEoDwSBnj0TZvm7cSGdgt8ZDA/photo.jpg,Works great. I had sound issues at first which I was able to correct and they were great about responding quickly and helping correct the issue.,5,3,3.2.0,2017-11-28 12:47:47,"Hi Elijah, the audio will play through your echo dot via Bluetooth. Echo devices only provide audio output to other speakers via aux. Please contact me at support@thunderstorm.scottdodson.io for help.",2017-11-28 11:38:20
gp:AOqpTOFpk8Yh4JshUDiPfgXaSHzDz53to78qfmMYrIIbd0HwO3wW8duCjyLyIQXsS2Pcc6bUuxxJfE_D5mNe6NI,Psycho_Cypher,https://play-lh.googleusercontent.com/a-/AOh14Gg_1q4-jZXiBSrCW8zpJh4u_bprUntgILLeHk26FMU,"Great app, I love sleeping in storms and this helps get my fix. I sleep great now. There are plenty of custom options to get the perfect storm you want. It even had some extra sounds like frogs, birds, and bugs. Great hue add on app. I would rate 5 starts if you were able to chrome cast the audio to a Google home.",5,26,3.2.0,2017-11-26 01:42:36,,
gp:AOqpTOGcCOwFL168ds-kgFxasMIZhFgC5SxKQ9pLa9k-OasshHEuIHFd1YRdg4tu81-b7hdtnyOevR6y5eEGGWA,Marc-André Voyer,https://play-lh.googleusercontent.com/-QwcMTCvMdCQ/AAAAAAAAAAI/AAAAAAAAAAA/AMZuuclvkmuMXXVdoAm2BsdXHgfoRowqcw/photo.jpg,Scott Dodson Hue apps are simply the best out there. Lots of options able to tweak and great results. Thanks for making me happy of my hue lights purchase!,5,9,3.2.0,2017-10-26 18:20:38,,
gp:AOqpTOGhUEBbOM9AdCnK_nb8MMNyGqpxqNBFoSMDvxmRFDyOL5IyloXD8vCzDw9F-uz6jgtbO-8wGUuv3Ev5AuU,Tom U,https://play-lh.googleusercontent.com/a-/AOh14GhkJrjaX3Ij-9VBoVUCli49I4m0Xh5OB8vvRETb2g,"Amazing effect! Had some trouble mixing in white bulbs, shot an email and had a response extremely quickly and resolved my problems. Great support!",5,4,3.0.0,2017-10-13 19:46:02,,
gp:AOqpTOH6-e_FqfK1bs5VuNNAaLUmTUQ985gocHqKu8F7Bd_zd81Hoxzh0l1s3MJAHLjKHzOOnj2HOOJa0WMqMB8,Jason Johns,https://play-lh.googleusercontent.com/a-/AOh14Gi0GF90nTw13NykWjNvGLtn0kqZspGGpMG6MZ7BUg,This is my new favorite evening app. A passing thunderstorm set on a 15 minute timer and I'm out like a light,5,3,3.0.0,2017-10-13 17:17:56,,
gp:AOqpTOEVPdCfZan7g-E7HIjlpzSgxHK0kdNVD8sWTovqewLmw2kJMYDuUn_gCyLx56DOjS29fq0I6EKuuO1bzag,Bruce Graham,https://play-lh.googleusercontent.com/a-/AOh14GiVeAkCbnGIoMCOGcAAirtZMGRFunP0F7tS46QP,"Wonderful :) When run sing front room lights, and via Bluetooth to my Amazon Echo, in conjunction with Halloween soundtrack it's PERFECT for creating a mood outside on the street when I open the windows",5,14,3.0.0,2017-09-20 00:28:05,,
gp:AOqpTOFpiFtoqsnVO4P2Hg83Xh4bn-X1vqibcRD8Gf6ShrCHKD6MmjHq7OaFEGZZg1LY1-ps3esG3rQCTejPpkM,Ann J.M.S. Harlan,https://play-lh.googleusercontent.com/a-/AOh14Gg0GNSpPs_vkvYpZ0E-ZV5plyDEFFpAaj56F4dp,"Very customizable.  Can choose different lights or groups for main lighting (default blue), rain effects (mimics distant or heat lightning also default blue), and lightning flashes (nearby default white).  Each effect can have whatever color you prefer assigned, at whatever brightness.  I chose to use my white kitchen lights and ambient white hall light for the lightning strikes freeing the colored lights to maintain the other effects and shifting the bright flashes to the background, and I turned the rain effects paler greenish blue.  You can do it all with one bulb, though, if that's what you have.  The app can create new groups, not limited to one room/group per bulb like the Philips app, so you can set it up however you want to.  Volumes of rain, thunder, and background sounds (if you choose them) can be individually set also.  Has a sleep timer and reverts to prior setting on exit.",5,11,2.2.2,2017-07-15 20:55:13,,
gp:AOqpTOGXMLuIhc_OllkM79l7I3LYZrtDPblOGqJNSVvu_CEvESU3mM5Mk8P2aI5N465extSDknrQS59Cb-5H18w,Jayson Owens,https://play-lh.googleusercontent.com/a-/AOh14Gij5fQqijb01LCfz_OlrEMUZzwLaJaTTyMC1eR1fUM,"This is a great app, only complaint is the chirping noise at 01:52.431 in the tin roof rain sample which is really distracting and reveals that it's on a loop. Other than that this is very relaxing to listen to and watch.",4,6,2.2.1,2017-05-10 20:07:05,"Hi Jayson, the latest update (2.2.2) removed the chirping noise. Thanks!",2017-05-10 22:25:02
gp:AOqpTOEQNVrJ0QuipL0w8vz57n5umWu1xzPnWCJjoIYOnaKrV-v4lAjyBMRGcv6zFkCPNH8Ty2SyBMvXr0L1ESM,Yo Hobie,https://play-lh.googleusercontent.com/-N1SpcM5C-MM/AAAAAAAAAAI/AAAAAAAAAAA/AMZuucmG_cAKf4F2zoUI8oCDMo83NJadRg/photo.jpg,"Great app!!!  This is one of my happiest purchases and it is truely relaxing. Developer is responsive, always open to suggestions and constantly improving the software. Highly recommended.",5,2,2.2.0,2017-04-07 04:14:34,"Thank you for the rating and feedback! There is randomness in the lightning. The brightness, volume, and delay changes depending on the distance of the lightning strike. Normal Thunderstorm offers the widest range. You can toggle Delay Thunder under Settings. Please contact support@thunderstorm.scottdodson.io for more details.",2017-03-13 09:32:59
gp:AOqpTOFJly6MF8GntVBw3LQo_5LFoj6NyCXWSfU_q_9Nhug7r9NWJuSA994rZTWnz90hkT5n9gOEAJYZmlnl_J8,Brian Lemur,https://play-lh.googleusercontent.com/a-/AOh14GgFd-DIZ0FPzZ_0jgNeo_TVMw1RpoShh4NtAvvZyQ,"Edit: i initially wrote this review intending to talk about a different app. This app functions perfectly as intended, and customer service was both quick and friendly in responding. Definitely recommend!! Keeping the original review for the sake of context, but NONE of the below criticisms apply to this app:  This app was mostly good, but it crashes after a minute or two. I sleep well with thunderstorms outside, so I connected to my hue lights and streamed through Alexa to provide a good experience. However, since the app crashes very quickly, I could never fall asleep to thunderstorms--in fact, I was always startled awake by the cease of sound when the app crashed. If this was fixed, the app would easily be 5 stars.",5,9,2.2.0,2017-03-31 20:15:57,Thank you for updating your review and rating!,2017-03-31 20:25:19
gp:AOqpTOG-Y7iDqGqJxzF_RyjnhncQlVxLHK8AV-39z3LByEl6EDXR1FYlLWq-k1lsmkEH82ecLlDNceSKcXxDn9c,Spencer posecai,https://play-lh.googleusercontent.com/-Km-fdeLo2AI/AAAAAAAAAAI/AAAAAAAAAAA/AMZuucmbQEJkIK5Pq10IKnrDWQpnrh7s_Q/photo.jpg,This app is absolutely incredible! You can tell the creator put a lot of effort in because  just when you think it's perfect he'll have an update that improves it even more. This is by far the most well thought out & put together app I've seen. I just thought he should get some credit. Keep up the good work!,5,7,2.2.0,2017-03-23 23:49:20,,
gp:AOqpTOHnrue17yBL0m1fFVg_Wkbzc1bDYzj3ZjMEujMn1aDD3FOSzTxcHoVdUX89ucfv-2L2SI1yRZms2zXOW7c,Colin Mason,https://play-lh.googleusercontent.com/a-/AOh14Gg-pC12kbfBWaAXrAsXy5pmHOToiXlJJWhC0ozUNw,Cool App but keeps making me press button on Hue hub to connect.  It should remember an authorized hub or ip every time.,4,2,2.0.0,2017-03-16 15:41:05,"Hi Colby, thanks for the feedback! You should not have to reconnect to the bridge every time you open the app. Your device may be low on memory or the bridge IP address might be changing on your network. Please contact support@thunderstorm.scottdodson.io so we can troubleshoot.",2017-03-16 15:50:55
gp:AOqpTOEL2Rcdmv7FNgLZohzKhdsvrFQzPk0RqAjV5JAriawPTJ5v3tyLz_GQnJpPn7zAygUxq3FDp2COfgbi1f4,David Poulsen,https://play-lh.googleusercontent.com/a-/AOh14GgRKHhjzu7yjbDMvkVGLILtsBfmYgc1KBEtfC1esA,I like the app however when you exit this app all your light settings are changed and you have to reconfigure all of them again which is a pain I have 12 lights. hope you can improve this if so I would give it 5 stars,2,2,1.9.0,2017-02-09 16:56:24,"Hi David, thanks for the feedback! The latest release (2.0.0) adds a ""Revert lights"" button under Settings. This will change the lights back to their original settings before you opened the app. Exiting the app via the back button will also trigger this action. I hope you'll consider revising your rating/review. Thank you!",2017-02-12 12:33:44
gp:AOqpTOGfJIKfq9zum026qAHHaw90bMmM7C9MjMsBwOAp5pGcwOH0O4oDpj9bykbIjjX-NArTAn_Px9az4AX8gec,Dustin Carpenter,https://play-lh.googleusercontent.com/a-/AOh14GhVu4B6U-z-gUZeJfF6Rh9SUjTY9DS6CEOKJAdd,Works well with plenty of customization. Would like to see an update that would allow for random targets to light instead or the same light or group of lights each time.,5,4,1.9.0,2017-01-31 20:01:25,"Hi Dustin, thanks for the suggestion! The latest release (2.0.0) adds Random Group/Light to the Lightning FX Targets under Settings.",2017-02-09 22:51:38
gp:AOqpTOHEjof1w7U5YVJSWqhwYjSfOAt9v2Hl87nWJxyzcXEyDcLvTKpU7pdHSG4ro01LGPmXx-qhsWdxzMIjtF0,Jake Wilkes,https://play-lh.googleusercontent.com/-9tuKYGI5Zr4/AAAAAAAAAAI/AAAAAAAAAAA/AMZuucnPAwa1GqSufGZE8UJ6qFzVikG6Cw/photo.jpg,This is by far the best thunderstorm app I have found. And the lightning effects are awesome.,5,3,1.9.0,2017-01-23 01:17:59,,
gp:AOqpTOF8mc6LI1o0xDqJ4w2Jwi9-nQ2f4QBv3SIRukF7F_18ybmBzRhRMpIuWMA3d0oyZ6ICGa8eeh0n2VEhV7k,Kathy Rae,https://play-lh.googleusercontent.com/-TWPW7MtorQs/AAAAAAAAAAI/AAAAAAAAAAA/AMZuuckrjz-RjUJcZoBSnftLkYhcAxhmdw/photo.jpg,I use this app almost every night. Its like I'm reading during a thunderstorm before I go to bed.  it's very relaxing,5,1,1.9.0,2017-01-13 19:47:36,,
gp:AOqpTOEal2n6rKuGatYxiOddWL7NZVAHzTFbxkF9t6c-S1i_EEms6pLNqaWoRCKpWq53FBm43tzcCmwOyKEyk_Q,El Kukuya,https://play-lh.googleusercontent.com/a-/AOh14GgkrLItB98PTrnvtozu3oT0phVRW4YzZdmZeoSCbQ,I love this app so far. The settings are fairly easy to use. It has some very realistic thunder sounds. Helps me relax and sleep at night.                                        One suggestion would be to have the lightning strikes have a brightness scale like the rain. Can be very bright flashes. Otherwise an amazing app.              *Update*  The devs have added tons of new features and really cool controls for your hue lights. Everyone who I show loves this app. Awesome stuff!!,5,4,1.9.0,2017-01-05 01:03:03,"Hi Kyle, thanks for the rating and review! Please contact support@thunderstorm.scottdodson.io so we can work on bringing your suggested feature to the next update.",2016-09-15 22:22:16
gp:AOqpTOG8UVBD2NIqgAAZQGYBntUmCI7kteKILEtJNri7zIQFz48v6-eu7cqMub1T31Gj-7bW-NL4P3_wXAWOE2Y,Allen Dockery,https://play-lh.googleusercontent.com/a-/AOh14GhK-GMnqTiqPxCWvj6eS6uYEF5ko8c-sObznZE6MQ,"I seldom write reviews or rate apps. I've slept to Thunderstorms my entire life, I normally stream to Bluetooth and the phone alarm turns it off. This App made the Storm feel real. I like the sleep timer. If possible, would like to be able to adjust to a longer time and/or add an option to use as an alarm, i.e., play until [set time] it would be perfect. As soon as the storm stops I wake after years of sleeping to storms. With 6 lights on my bedroom it was quite a storm! Thank you for creating this!!!",5,4,1.8.1,2016-12-30 14:26:31,,
gp:AOqpTOE5NQLZKx7qj5KjLefyfOnf6Y_NjTEK8S0wlDybG1O1hlaGR3QYc1kLlOwoXA9gIxGU7BNubmQiUqteUhg,A Google user,https://play-lh.googleusercontent.com/EGemoI2NTXmTsBVtJqk8jxF9rh8ApRWfsIMQSt2uE4OcpQqbFu7f7NbTK05lx80nuSijCz7sc3a277R67g,"I love it, I've seen a couple comments of people connecting the audio to their Chromecast devices. I'm not sure if I'm overlooked something obvious but I have no idea how to do so! Help?",4,3,1.7.1,2016-12-29 20:08:45,"Hi Frankie, there isn't a cast button in the app but you can cast the sound using the Google Home app on devices running Android 4.4.2 or higher. Please contact me at support@thunderstorm.scottdodson.io if you need help setting this up. Thanks!",2016-12-30 14:53:15
gp:AOqpTOFznDfA0bzPbYawsRyb7iZoTbuQfw6LT14cXUwmX07wMZBjzdzpiBPbJRBNjQ1pfRBuMLu3RNtNPzWiwgo,Shashi Ramchandani,https://play-lh.googleusercontent.com/a-/AOh14Ggalbh0wou0twuaw_a0I03aLFucTBGidm9j_A_vdZo,Or at leasr guve us a setting for it because i have mine hooked up to a flic button and want to trigger a storm when the button is pressed,5,2,1.7.1,2016-12-27 20:05:47,"Hi Shashi, thanks for the rating and feedback! The latest release (1.8.0) adds Auto-start under Settings. Please contact me at support@thunderstorm.scottdodson.io if you experience any issues with this update.",2016-12-29 14:07:39
gp:AOqpTOHYAgVRovMfscLE92PTrWGsRgI8DqzlevIAtYnsirTBAH6Bs_gOghyxje2cwNak3FKwXrhxD0WUfJJIbxY,Mark Ward,https://play-lh.googleusercontent.com/-v8y8sYnMnzQ/AAAAAAAAAAI/AAAAAAAAAAA/AMZuuckHWdgajGYEImXf1P9Wgnm2zFAvIw/photo.jpg,This app works great for thunderstorms. I especially like the Chromecast audio support. Good work to the developer.,5,2,1.7.0,2016-12-21 15:43:08,,
gp:AOqpTOFgrSfPHv2CUqQ-0OnTCCa64kn7Yj1GYdFAe0h_gqjt20SxBItYCSKfYUEsYKH9YxTWIRVBHr523r95poE,Nick Hosack,https://play-lh.googleusercontent.com/a-/AOh14GgfnpWveSAkakgRr8ZwFDQxXR7bVrZbDuZLd8N7qQ,I've tried a few different options for lightning storms for hue and this is the best one out there.  A lot of different settings that you can tweak to make the storm exactly how you want it.,5,2,1.6.0,2016-12-12 21:10:40,,
gp:AOqpTOGmjan3Cdvrhfsl0Ox9gn9GP-GOmiyWZfHYoxHqVt-c1jVDHA26ZeYp-I_rhH1tiUdCNJ4jxNcCYaGDsXM,Woofer Pupsters,https://play-lh.googleusercontent.com/a-/AOh14GihkNg43S2ViuyAU0zn8nXId7cENWVK1lhQihyXBQ,I have asked for a refund due to the fact that my lights go blue then white as a lightning strike hits. But then they flash several times after for no reason. Good idea but makes you feel sick with all the flashing,3,1,,2016-12-01 16:05:24,"Hi Kirk, on the default settings, the lights pulse blue as part of the rain effects. You can turn this off under Settings. To access Settings, tap the cog icon in the top right corner of the Thunderstorms screen. Please contact me at support@thunderstorm.scottdodson.io for more details. I'd be happy to walk you through all of the settings.",2016-12-01 21:00:02
gp:AOqpTOEXSJp9gQLC3-vl-MPjdDdYgEXfKY51rEq6ykMxP3kx4wGOvE2Pmj_6QL9mSewcbrPhEiPHeTqVpPE_enE,Reuben Brown,https://play-lh.googleusercontent.com/a-/AOh14GjONJOX2XlWIbTRPvGwZ2_oIK1jwkBQsWQMgGrLcA,"Very cool app, love it. Developer is quick to add features and fixed based on feedback.",5,7,1.5.1,2016-11-29 18:34:59,Thanks for all your help! The latest update (1.5.1) adds a background mode notification.,2016-11-15 13:09:49
gp:AOqpTOGdeuuAZSX1irhBJi1gIqRImbTfxqk_ff45O0oUy5_c-uNB4Jpeo-QaBDNQAsOa4XstdNEMtdQkz-WC8DM,Scott Muell,https://play-lh.googleusercontent.com/a-/AOh14GipK4prDX3_CgxivfcFSPR4UkwpP_doGNmPSqrw1Q,Maybe make the lightning light up random lights and not all of them possibly random lighting intensity. Also any way to use higher quality audio and I might give your app another try...,3,1,,2016-11-04 07:01:25,"Hi Scott, the brightness of the lightning and the volume of the thunder changes depending on the distance of the lightning strike. Normal Thunderstorm offers the widest range. For higher quality audio, try connecting your device to speakers. Update: The latest release (2.0.0) adds Random Group/Light to the Lightning FX Targets under Settings.",2017-02-11 18:49:04
gp:AOqpTOFvktM73eiwJFG3Wp0VmtCzBYZhzn50sme6Yb6f1BgOjmMTzfxSM5kzSmnOjXxltf81LpDhEn7J5bL_rYA,Dave B,https://play-lh.googleusercontent.com/a-/AOh14GiSyH1wloir_raWljIjmRa6mReMnzwwu5_Id9mapWU,"Really like this one a lot!  Very relaxing! Put your feet up,  start the storm and drift off back to that rustic cabin in the woods.",5,2,1.4.6,2016-10-27 17:12:47,,
gp:AOqpTOE7qPbVDx2PL4PkXQrJhbZU-_wL9gbwg6_UDkuldJMoWdB2i53Ian9OSn-JWEWCdKsGPD3XyCB_w45czL0,Albert Ritmeester,https://play-lh.googleusercontent.com/a-/AOh14Gh8_tSvplqTNuFuyvHAI-GcUgi_yg6IVX479Blg2Nc,For some reason the groups were not refreshing anymore. The support team told me that this was a known bug and that I had to wait for a new version of the app to be pushed to my device. Just before the updated app arrived on my device I had removed all app data and did setup the app again. Then it was working fine for me.,4,2,1.4.5,2016-10-26 00:16:07,"Hi Albert, please click the Groups tab and pull down on the page in order to refresh the groups list. If your groups are still not showing up in the app, please contact support@thunderstorm.scottdodson.io so we can fix this issue. Edit: Thank you for updating your review and rating!",2016-10-26 00:24:26
gp:AOqpTOFACEMpvWZquJ6sCPlX5_B2PotN95laodVZ7vU_UwqvdKJwr2zlsfdyYkFShN88KqM9LZszkB6sUWpzLxI,James Carroll,https://play-lh.googleusercontent.com/a-/AOh14GhbDmCJvw-Xw4seH2oVvGpOJPjxJMAiFKxZ2tH29Q,"I love this app so far but have just one ask. You had mentioned a link for Google cast, any updates on that?",4,4,1.4.4,2016-10-09 13:50:42,"Thanks, James! You can do this now by using the Google Cast app on devices running Android 4.4.2 or higher. Please contact me at support@thunderstorm.scottdodson.io for more details.",2016-10-14 06:56:00
gp:AOqpTOE1ZbJItwGPKNyIfsDIvm7XHpoNLlIQl5vzhvZXdE-QZwugnXuNpPx30O4pHGq2pAoIn4cZ9YMsnxQGZZ0,Pete Landymore,https://play-lh.googleusercontent.com/a-/AOh14GiKLDA_j5_Wg4ogkAw_1ub2Nz3V3E4oSbB-T6n6FwM,The only omission I can see from this app is the ability to cast the storm audio to a Chromecast or Audiocast. Add this feature and you'll get the fifth star 🤗,4,3,1.4.2,2016-09-19 13:59:07,"Hi Peter, you can cast the storm audio to Chromecast Audio using the Google Cast app.",2016-10-14 06:56:13
gp:AOqpTOH5kENRNLJ5jmwPYrdNQ0wPikHOetzK53WXifcmxBdvlTIdVpQ1QWuFj2TDei-Yz0WbkhRgKfKAShRUhcI,Scott Buchanan,https://play-lh.googleusercontent.com/a-/AOh14GhtbbOvFTni3otwVMNGSQNDy1CGkpdl3He20hT55W4,"Great app. Discovered a bug that made the app unusable, reported it and the devs pushed an update within a couple hours. A+. App is excellent now. Enjoying it very much.",5,5,1.4.2,2016-09-18 21:24:58,Thank you for updating your review and rating!,2016-09-18 21:30:33
