reviewId,userName,userImage,content,score,thumbsUpCount,reviewCreatedVersion,at,replyContent,repliedAt
gp:AOqpTOGILBqm-EyVmWHJlafu4afvfvsD6SNvHcIyX4X5i4x8u0vpgU3A5c7iwUtd_jQs2m1iPJRI1gkx8OqUsTI,A Google user,https://play-lh.googleusercontent.com/EGemoI2NTXmTsBVtJqk8jxF9rh8ApRWfsIMQSt2uE4OcpQqbFu7f7NbTK05lx80nuSijCz7sc3a277R67g,Good app.. I like it Recommended for BACB,5,1,2.4,2021-02-09 15:54:52,,
gp:AOqpTOFLvR41Td8YqCvM53tKAFLesFeWaZZ_Lwi_3cf_CqfyB_QKBcClHMrVt89VFiSQNqTMZjxcwKmVUCEG8eg,Amanda Campbell,https://play-lh.googleusercontent.com/a-/AOh14Gjd5BFGl0Cf3E1IvlsObxgY4QEkOkCTa0XAzLJ3Gg,Great way to practice questions!,5,0,2.4,2021-02-08 21:50:56,,
gp:AOqpTOENasUhgbR7Ygy6wN1Tt-aCGBzlLpBcvCtYIPCnSZcwK569oSL1LHjjScvD_Ei-t1r1cAAyj9Mr8yTLKpc,Lorie Camp,https://play-lh.googleusercontent.com/a-/AOh14Gg8zyZvsEcbwVqFqv7ORzIuXroavEcC765R2yW5AA,Good questions but easy to memorize,4,0,2.4,2021-02-04 18:06:05,,
gp:AOqpTOFtKPxXMbCHD46iUTcSYO4IL6MJfg9aO5bkpg5eqAeK_IzVq1qjtrebhuRrBfOakQgno03iHV8pb0VXP90,Cecilia Madiedo,https://play-lh.googleusercontent.com/a-/AOh14GiLG50idtDlcrshLdDrox2S9jJidciPv521dqpr,"Great experience, feel like I learned a lot. Will post update after my exam, spent a couple months finishing the app and 3 days doing random quizes",5,0,2.4,2021-02-02 05:48:22,,
gp:AOqpTOF68L505_l8xLoCITXjBGIL3Mz1DJls1q_0Dqmf1FC45TRW-3gb7DoSzOab8XtWL_ydybbq0EWDnMH5JO0,Joyce Ho,https://play-lh.googleusercontent.com/a-/AOh14GiZ8AhOxCcgGUn0UkDKVYe1xTVgOuqaiqfPhC_N2w,A great way to keep up with my studying throughout my busy workday!,5,0,2.4,2021-02-01 19:49:05,,
gp:AOqpTOHrgJprut9oxWRhzl9xmG5H9jIkefG5DtjM0c9ReFdSDiy2zhc3IE20aZBDvA3eI-G3dnKVmvIVVntzYTY,Tybule Saint-Louis,https://play-lh.googleusercontent.com/a-/AOh14Ghqsdcep-ARU4_Tyd1nASXl-S0zrr56Fag-EQuK,This app is relevant and meaningful! Please aways keep adds out!,5,0,2.4,2021-02-01 19:23:14,,
gp:AOqpTOGuJlEcoBpC6JwrPYiIX4Qvc9Ee4PxZi9nIpHdvCnHJSM42qfb0CTmJ1qU911unayewDu9BqBRdP4tFEDk,Mimi Forman,https://play-lh.googleusercontent.com/-sZe1fNMPFhY/AAAAAAAAAAI/AAAAAAAAAAA/AMZuucncRSpHig6t2eiT01R4Ujk6wqcOTA/photo.jpg,"It's very helpful establishing a baseline and where I need to focu s my attention. Some grammar and spelling errors make it less effective when you need to read the question, absorb, understand and answer quickly.",4,0,2.4,2021-01-31 17:46:05,,
gp:AOqpTOEVvUd0C4evapZkI__cOU5wBhhrzZiI5pIrj79usIXB0gkmVhX7Qane9lLPFrHzr2onmApF2s5dCD7qBu8,Dick Thornberg,https://play-lh.googleusercontent.com/a-/AOh14GglCuAA-MtP6Zq69Kl1-9S-aMdLntzECplNiZFJtQ,Good tool to help supplement your studies while on the go.,4,0,2.4,2021-01-24 11:39:13,,
gp:AOqpTOH8OuanSX3QJW_BYe3KzxMnBT3jiaetjSOcepQ0s0-U1bill5HmQxSaIN5Y7Gnc0jkD5WGYD8QE02ukXwI,Sydney Pickard,https://play-lh.googleusercontent.com/a-/AOh14GhJkfjfYfOho9_gymdVnkMlQQiP5EWPSIbZ5GsVIw,"This is a helpful app that I use in addition to the BDS modules, for extra practice, to study for the BCBA exam.",5,0,2.4,2021-01-18 11:32:46,,
gp:AOqpTOGa7R37FH9B4tHPKP-91ONZHy0YHfKVOotYIfj-W1zRJ64ve9Ur_VIAxZX89Fj3WVtF3_1Y73-30fH7GHY,Christian Ortiz,https://play-lh.googleusercontent.com/a-/AOh14GiytiTQcs4DvaAv44P-bfqaqLO2dA1OsZ_OJdHFTnc,I would give it 5 stars if it would STOP asking me to review the app after each section I complete even when I ALREADY provided a review.,3,0,2.4,2021-01-16 12:11:15,,
gp:AOqpTOGsPtxMET-8Ah-Do-C_5NKEoZo_5WUXDI8JUFUsnJgWmr_bzzrX7rbZpUI4ah2KdnF9SfQv1-z0sxPMX6Q,Jeremie Golden,https://play-lh.googleusercontent.com/-atTJHWLoN-w/AAAAAAAAAAI/AAAAAAAAAAA/AMZuucli68FrMVbGatkDAbmOXr_4DtKLNg/photo.jpg,Great app,5,0,2.4,2021-01-14 04:47:04,,
gp:AOqpTOEdUazRviPMHC5MY-QLVM1MtxINf3sQG94oRwLSeeNvWS7wkwdIGnBnlJOZzcBZNJ5DQQ2A-7ncolWXceE,Georgina Sanchez,https://play-lh.googleusercontent.com/a-/AOh14GjQrXgroG8PTzZBZYJNXSkgDjzqBHv-cu193v2l,"Perfect, I enjoy practice here.",5,0,2.4,2021-01-03 21:01:29,,
gp:AOqpTOEgQU4IVOgoD8tO2BmHP--ywhEGC1cVrDfPfA2hZw6RcOv2rXEKNlQhmawQGytgt3dlRq4QLEdGRaoeMZU,B ES,https://play-lh.googleusercontent.com/-NIuP89Ey5jM/AAAAAAAAAAI/AAAAAAAAAAA/AMZuucm-VpmAzg7P8r8cdf982G4ZysDlMg/photo.jpg,Helpful useful,5,0,2.4,2021-01-03 12:58:59,,
gp:AOqpTOGL4t9tEwofw0S0x0NqqfmmijR-EeY2quCTRseHx5soqaTLrRlSrdItydWgUN_1jTXLDvHPv_j7EXqIlSo,Joanne de la Caridad Cruz García,https://play-lh.googleusercontent.com/a-/AOh14Ghs8tQtkVHExpByN74jhx03w344ySEo4PxzBCHC3Q,This app is very useful and help me a lot to get fluency. It's an excellent tool to practice everytime. Extremely helpful specially for the price.,5,0,2.4,2020-12-27 19:37:00,,
gp:AOqpTOGq8qUVJHDGb4ScSOgjlYZiGdwAfKZmFnBJGA8LqPYMDXdqSJNCu4pAdv6txck2nNJD1mHuQWbE1MtUxYM,Katrina Woods,https://play-lh.googleusercontent.com/-yWfQSX9kDvM/AAAAAAAAAAI/AAAAAAAAAAA/AMZuucl99PbB40AOImIdYwocVvhf2vvyPg/photo.jpg,Great app in preparation for the BCBA exam.,5,0,2.4,2020-12-27 12:46:36,,
gp:AOqpTOHlRUXTPLh9YEPXjitJf8N6At6X3vFTgXtWWXaQXcKVWQFdExr34f8vPi5PqUTFFOD5yvcRbR1-gdEkrYo,TaMarra Hicks,https://play-lh.googleusercontent.com/a-/AOh14GhsV8dO8c9nL2TLWInp-ahZUiAXowwueIQ8tfjdfg,Great tool. I even cross reference the feedback with copper and the answers match up,5,0,2.4,2020-12-20 21:12:09,,
gp:AOqpTOFbOWk2EEMZAn6Fu3pH57EQ7Jzz2646ouuODUJ63ZhbTeW3v3-Jx3skMBAICMOZt_d0J0eD9-8e2mBWLIw,Dylan D'Pulos,https://play-lh.googleusercontent.com/-o5weBJaAI6Q/AAAAAAAAAAI/AAAAAAAAAAA/AMZuuckDH8N4sqmT14qrOffrckWOwxRh0g/photo.jpg,Great for on the go learning.,5,0,2.4,2020-12-16 10:43:49,,
gp:AOqpTOHjFRoggowSYdSTCfTidS4FPBPLqDyoJXr3uoCGfk2rM2TCk7Ib_NTNAZ2IHo2pikHrZs5aRhwparhRVyE,Brenna Carlson,https://play-lh.googleusercontent.com/-FwtDp7aQ6N0/AAAAAAAAAAI/AAAAAAAAAAA/AMZuucm2P6bl6r2IoxdnNYaUb4V7h2FdpQ/photo.jpg,Great app with good questions,5,0,2.4,2020-12-14 17:44:34,,
gp:AOqpTOF6dObHC8PodJ8Q94Rkv_bx-0x9jZvkyx51Diyh2ikRukvLczaEdL3tCg9BPjYG9QOZgdhk2kMnDsZdMyM,Yoandra Garcia,https://play-lh.googleusercontent.com/a-/AOh14Gj7CaIpDulq8onXRFTjR82Wue90uDkPiQpN2RCo,You don't need internet connection to use the app. Cheap. Excelent for studying!,5,0,2.4,2020-12-12 06:52:05,,
gp:AOqpTOFcuRI5jTf1DRcbEj2X5H0RRzU5u8D67zLyqftbnuVcAhNLdQOsCkmUK5LMwRQ8IEkwCQs9qgGZMwOco_A,isic Mami,https://play-lh.googleusercontent.com/a-/AOh14Gi1poNYp8qXuDY4LHpqtdwTt_lRaksG3G4yocl2uGU,Nice,5,0,2.4,2020-12-02 19:25:27,,
gp:AOqpTOEr3R3BJ3gk2CvOJvcpjdqb-ds5DX9yXa15S0mEnRmY0eRWpxRlJzzJAxXAf3UhZlBRtsv-gNqhyihi8Sc,Sarah Housholder,https://play-lh.googleusercontent.com/a-/AOh14Ggu7GH1qg5I9XU4cVJJsTyN0pGcHUOYJejbwYnIVg,I like the random questions that I can do quickly when I have a few minutes to study. The mock questions are great!,4,0,2.4,2020-11-29 10:53:54,,
gp:AOqpTOGgIyktYS3GuALuKJ9t7rBw83zdSXtYumnc6oK84wPobSNFUXUUBeupV2BhyY-O1FhG8pqSc8eh0uWc0Gc,Louise Wheeldin,https://play-lh.googleusercontent.com/a-/AOh14GgJUTRsXPUUlGEEiDuBO9oYAhgYOsFTBYCDVX76nWk,"I like this app because you can quickly do a few test questions while in the queue, or waiting in the car, or waiting for food to cook. Easy to slip in some revision regularly throughout the day. Also good feedback on wrong answers 👍",5,1,2.4,2020-11-25 03:30:35,,
gp:AOqpTOEbv1IEOTTYikYUjKCxdmqQLMDnO6l3w-oYKvDuxU0dyfVPJBaoULSpUf6ZtRHkGedBbn-9EX7X3JQMG9k,A Joseph,https://play-lh.googleusercontent.com/a-/AOh14Gg0QVBEtPnnv8R-o34unarUbBr0oGy24-kw3oaEbg,A lot of incorrect answers,1,1,2.4,2020-11-20 19:31:02,,
gp:AOqpTOF9F4cyj-19lQoq1VlFu9zChxdpQ2QM4RZF6h8mBRS7EL6WeFDmxlMi_LKt7EY2brn51Cs3GmCBu2oJLW8,Pallavi Kulkarni,https://play-lh.googleusercontent.com/-hrdeUubHrOY/AAAAAAAAAAI/AAAAAAAAAAA/AMZuuck4ajgcHzvXTQFbv2nAkklETvYVqQ/photo.jpg,Very good app...i recommend it,5,0,2.4,2020-11-17 15:28:44,,
gp:AOqpTOEgDBH3ZLkullhm_d0fG_ULT547X8UaySNvjlV8IyZyZN6ivZVpbCvb3-jqiztxK07OikRqfrRmS_uh3BI,jori nana,https://play-lh.googleusercontent.com/a-/AOh14Gg9_-YZ-fXebo_CaxPvysCkzKvAuVvVzJod_JNjfQ,Great application,5,0,2.4,2020-11-15 13:58:15,,
gp:AOqpTOEiVM-6iFGx1rbXJmS0Jog7FsJj-HFBu5XQGnb3060W6yYGYTnHzTgNLgV-H1jG9vlsd2dli1eoYgQbdoc,Kimberly Martin,https://play-lh.googleusercontent.com/a-/AOh14GjPczJg-Ab8_ppwg3Ncya88oPggDIFzArGM33l1peg,Excellent study guide!,5,0,2.4,2020-11-12 10:46:34,,
gp:AOqpTOGmSq0rnq4-svISoyw-Rz50m1yDrm8Wp80Gx7E-h1oZt_4FKX2lFvOncaQGP2VKQG27brRgaNay59bYpLI,Audrey,https://play-lh.googleusercontent.com/-WYvsvOSIY10/AAAAAAAAAAI/AAAAAAABMLY/AMZuuclU_SUvqYRPYKSi2DA522_SsWnolA/photo.jpg,"I love the questions because they teach me different ways to describe the terms-ways that are slightly different than what my coursework taught-which helps me to generalize. However, there are definitely some questions that are mis-keyed and the correct answer is marked wrong. There should be an option (like in Trivia Crack) where you can report an error.",3,6,2.4,2020-11-10 05:38:01,,
gp:AOqpTOFiWhKZp5PhQuU-Vf0-JiabWxK-3TUdHoPdoNtsGUJveqz91wNrCkgQUnySnvwvQPYp6LAwzmhEZvBuMEg,Alexa Galloway,https://play-lh.googleusercontent.com/-tO9s3fBO-LY/AAAAAAAAAAI/AAAAAAAAAAA/AMZuuckduhs1bcpWH1qzhOVV8GCmC01EGA/photo.jpg,Great way to study on the go or for brief periods of time. I can put a few minutes in here and there. I was prompted consistently to rate the which is very annoying...hoping it goes away,5,2,2.4,2020-11-01 08:20:46,,
gp:AOqpTOFVGgOzurXyf-WUdyHuypEVctGtLY3YsE6ExXXX1muz7ixgklAXojc_e37wmNLEGrG5efE8wetpFM1MusA,Sophia Hernandez,https://play-lh.googleusercontent.com/-ce1kXQGzFfI/AAAAAAAAAAI/AAAAAAAAAAA/AMZuucn2X-7odJr5xJRFSRab9p1hl7N6xQ/photo.jpg,I love how easy it is to use! If you make an error on a question they immediately give you information to what the correct answer should be and i find that really helpful!,5,0,2.4,2020-10-25 19:24:20,,
gp:AOqpTOFbBbmnuxegfoA7FyjxpJt1milqI2sOLx2fTb_aJt6LkvNspczH7u689WybqVbBycHmYn7RitaWC3RNlqs,Adriana Diaz,https://play-lh.googleusercontent.com/a-/AOh14GgSs3Ckb43RhBzLiWtUQAQalKxzzUX7k9XliwMhHG4,"Easy to use, I love the feed back and helps you a lot with fluency.",5,0,2.4,2020-10-15 23:40:23,,
gp:AOqpTOGHu82eJNS4PPsY7Rmsv5BaQMOqYUPZpUK9WxSH4uBWIqES_Ayv8fJEbG6KoVjeaA8YSamjw1MXigS6Dbg,sergio sanchez,https://play-lh.googleusercontent.com/-gIrWEKk9Q6E/AAAAAAAAAAI/AAAAAAAAAAA/AMZuuckEHqj_NoDDUZOoSmtrQuPBsrNvsg/photo.jpg,"I really hope the answers are correct because the presentation of material is good (reminds me of bds almost, but no hint unless you guess wrong). I dislike the ""would you like to rate"" after every quiz. I am only leaving a reviews because it was starting to annoy me. I rated it less than 5 stars because of that.",4,7,2.4,2020-10-13 22:46:24,,
gp:AOqpTOHNT2Gz6esOK_3xz2O4I4anwu0GfCr6PIT055cYptWY8OthrL08BRmqJPv6TrXpFBIAsCcNHnn64DB4vDo,Tom Alldridge,https://play-lh.googleusercontent.com/-UO-G0rFnvzA/AAAAAAAAAAI/AAAAAAAAAAA/AMZuucmIsyp18GdFQwZy3lh6ryDHKFLCZw/photo.jpg,"Whilst this initially seemed like a good revision tool. There are a lot of incorrect answers to questions, specifically about MO's and behaviours.",2,3,2.4,2020-09-30 10:05:40,,
gp:AOqpTOH5pUm0VA85IXy6On02I9ujtSHTb0WrArCeB0H2sIxfOSgu7WhNh2IdhVzP9EtOo1aDwQ6VnVDW_aCsjoI,Robinne Morgan,https://play-lh.googleusercontent.com/a-/AOh14GgcmXxzysmi8nseFXt9OTgdRJRY9q_FsBxwWl9fIw,It has really helped me to retain in areas I need practice.,5,0,2.4,2020-09-21 17:15:54,,
gp:AOqpTOGlkcomVv8GvwslDkQp-rScCxeIXWkIwLrHgDs53hoKlx-vPU09n2fGfFPVa2MHbpYMLW7d5nKIwR7AktA,Abigail Quiroa,https://play-lh.googleusercontent.com/-f_6lWT_wd9I/AAAAAAAAAAI/AAAAAAAAAAA/AMZuuclG7aUy4cPC6TmmSrCXkUVgAs0fHw/photo.jpg,Perfect for studying for the ABA exam. This realy helps with providing examples for each term.,5,1,2.4,2020-09-21 12:47:06,,
gp:AOqpTOGxoajdveuRUlicrmblun9H0bEEdOjnmnwRf-s94JEFf8_FEYNElRe4SeKLxRLn8tIpAPqzqmbXCzQq84s,Belinda Smith,https://play-lh.googleusercontent.com/-kx1pawpKUyU/AAAAAAAAAAI/AAAAAAAAAAA/AMZuucnky4-VHXxTKyAaGGhxxXuAxKDdcQ/photo.jpg,Great feedback,5,0,2.4,2020-09-19 05:20:15,,
gp:AOqpTOG7vlQQMoLCseCEfvN39PEt__3otQ260F8-vXMJBMPzhebXftvoF4Ir_NaN8uDpio63wtbWFDVdQQy69mE,Elise I,https://play-lh.googleusercontent.com/a-/AOh14Gij3Fqrq-NRh_wYD5T3QFVb2AzitCtvmm2huMAE-Q,Great app for building fluency while studying for BCBA exam. Similar set-up to BDS modules. Recommend cycling through a few quizzes at a time so you don't repeat one quiz over and over again until you reach 100%.,5,1,2.4,2020-09-15 22:55:11,,
gp:AOqpTOERTsvnV3E_oveStHhMv6DU_Qjs16nHspgEdFHXK5HLOI5BP-qQlN__X4NuBZG0bK8EyXM6OmNRGvZ-_d0,Lexi Wright,https://play-lh.googleusercontent.com/-zcI10HSdj8E/AAAAAAAAAAI/AAAAAAAAK2Y/AMZuucm0DsBIFFP-bjCPfCj2dqdFBzX-ng/photo.jpg,I am able to study on the go,5,0,2.4,2020-09-14 12:55:39,,
gp:AOqpTOGt8nhzi6FNkskwmG9Ep3LDfvWET4ZBo_Z9xbOXsBSoigZkfwsa0vvKSpPVuvr4C5QEbWBBv48qGQPb20I,TaeTae Trash,https://play-lh.googleusercontent.com/-AEcL0SR4opM/AAAAAAAAAAI/AAAAAAAAAAA/AMZuucmdypvHbm225CZOlS56B6ZRxunEyQ/photo.jpg,"I just started but ABAWizard is making learning feel like a game! I complete 3 activities at a time or I can say I follow the teaching style practiced when completing BDS'. Once I master a section, I then include another section. But, I continuously rotate through 3 activities. I'm so excited!! I am also writing down the information when i get an answer wrong and refer back to the Cooper 2007 book to read more about the topic. I feel confident that I'll be well prepared for my exam in July 2021!",5,2,2.4,2020-09-10 17:45:42,,
gp:AOqpTOFUTpckEiGn6aq_FHvT2XILiDGcX0H0XFi06n3ELXxAF7uo6R1tkomLpvkKYiV8IDyZOjAHojv4xbTgAOg,Joshua LaBeff,https://play-lh.googleusercontent.com/-J88dqGMRVL4/AAAAAAAAAAI/AAAAAAAAAAA/AMZuucm1gw51vqDyzRVlT2kURuodUD2BFw/photo.jpg,Good prep app,5,0,2.4,2020-09-10 13:47:25,,
gp:AOqpTOHujEgK7_7eKSoPmhVMDTigTHYNte2QNF8n5Yp_8XN4ZxcFy-E3yohLwhKtWp8XdMKOsR8Qh7oQVYTwXdQ,Samantha C,https://play-lh.googleusercontent.com/-Zv0RrP_0XGg/AAAAAAAAAAI/AAAAAAAAAAA/AMZuucmR9WLXf0fmxM3JStN8z-Wr5yH6cw/photo.jpg,Very helpful,4,0,2.4,2020-08-12 18:08:55,,
gp:AOqpTOFJn2eet9HPAkrCmTYT1St7s2785fS-zvAW5BEC6Mq15bVfRzY18i7UJXoCFCvo1VJW0clzTbOQyi7C2UY,Sipie Burga,https://play-lh.googleusercontent.com/a-/AOh14GinSjUqMu9Gw9phkdIHklvY1NqEIHZX3I8RcP9KUKc,Great way to practice anytime you can grab a minute.,5,0,2.4,2020-08-06 21:16:37,,
gp:AOqpTOF8E1P-zDOAy_1IK5396lsfF-7i9j2v2bX2qhuGCv1xbSivDIEM-bqq-jZpeNaIvTu90cTvNBdJ5wHCUHQ,Lenora Taylor,https://play-lh.googleusercontent.com/-6qImBCESy2E/AAAAAAAAAAI/AAAAAAAAAAA/AMZuucm5Iq0lsPiYge3Nhv9AEc5Ef4Isfw/photo.jpg,Great app. Small font.,4,0,2.4,2020-07-28 10:06:21,,
gp:AOqpTOGvzc1ccYpBcecLGqaMgxTIhWilZw8du2GaQ13pa1jPPLLkCXyVhjPUSDVYhtn60PoOZFvQN9rasjx8c00,A Google user,https://play-lh.googleusercontent.com/EGemoI2NTXmTsBVtJqk8jxF9rh8ApRWfsIMQSt2uE4OcpQqbFu7f7NbTK05lx80nuSijCz7sc3a277R67g,very helpful! :),5,0,2.1.2,2020-07-26 05:20:22,,
gp:AOqpTOFfDUEqU-_bNAHvhUal2WuISi92W3itOFzz_5oZn9zSTQA_pDyTW3NLBDr_E5OLv7Z71ic42v7TPEE2H3c,Letisia Ariyuri Simancas,https://play-lh.googleusercontent.com/a-/AOh14GjgpfCxJ3xvAKGWHpL12sYvcFmWdhG7mIQP2CSVSA,So far so good. No complaints right now.,5,0,2.4,2020-07-20 20:42:50,,
gp:AOqpTOHqXR-Z-gGW6mSO_Pywn3dGzb-OMWv3gUpblk5orcmLyP2hR-YOy_MYcbJOc6tuLyBBsUsoixeC0s3FPvA,Laura,https://play-lh.googleusercontent.com/a-/AOh14GhJlBjiUqhtmhxJ-r4TTWSDs74i8EqhEDSQMx4O,Wonderfully helpful!!!,5,0,2.4,2020-07-13 13:18:37,,
gp:AOqpTOHTqLQ0-zflBMZ5Eivq0LhyaY1VfMn1O-fRn-S9YD-MEhhbJygc17XK4uDIUJqRJ52KI5ivRz2s8YYoU6c,S K,https://play-lh.googleusercontent.com/-m9SVtrmofHM/AAAAAAAAAAI/AAAAAAAAADg/AMZuucmqS7fbdA-zQ7N0eo65KGhJ-rkbsQ/photo.jpg,"Currently using it to study for my Boards! Would be helpful to get feedback for each question, whether correct or incorrect. As well as a list of all the questions at the end of the quiz to further review.",3,5,2.4,2020-07-11 15:53:12,,
gp:AOqpTOEU2aQNubnwEJGAEDgefTPcCXqO0mFfpWodKb4ZxDnxj_KGMqP7auKHqHs-ooZ6EY0CqyFDNfAJhoME4xU,K P,https://play-lh.googleusercontent.com/-hafJiDeLmoo/AAAAAAAAAAI/AAAAAAAAAAA/AMZuuclh8WlQs2YNnoUICYOiBrqy_56gFQ/photo.jpg,Awesome!,5,0,2.4,2020-07-10 19:06:53,,
gp:AOqpTOGcbE3v7aCYEPjwaoMyu6xFVJl6dnvH2T-DqQsBHwn33eneyqw81c9IJMnKRpx2AS3M-asiDO3XBGAt2Bc,Amber Arkel,https://play-lh.googleusercontent.com/a-/AOh14Gitx3yvj9vHiGTzgfUyxOJXP4XmUb_AWI8JjA8,I love it. Just wish there was a way to access the basic info to review without the questions.,5,0,2.4,2020-07-06 13:54:17,,
gp:AOqpTOFQ57yIUP37Msmvm9l_5bWBukdtH7r5UB-1jWZ-LDvpFh0OfyvxgPJUQWlA_FP4vcHrW0S-mZFn-i84nn0,Milena Priven,https://play-lh.googleusercontent.com/a-/AOh14Ggei2EZAZWRBS1CH5O4IHi9FwCmqD4WideJKAUMQg,Excellent app! It gives immediate feedback and very convenient to use. I passed my exam in Feb 2020 :),5,2,2.4,2020-07-01 06:35:31,,
gp:AOqpTOGJE1by_-6DVTb6shXl0jK_EJ6228Pctl1MzRvJxCnI1HNJBOcp-1eaqIzCAEE6aQYATNsrVZRlnrVgutU,Melissa Khabbaz,https://play-lh.googleusercontent.com/a-/AOh14Gi6F7Oa4ibBYRvNLHVgVJEmg0aaLxCe6yaIpCnqiw,"Makes it convenient to practice terms, and test taking anywhere. Haven't taken a test, but so far I enjoy the accessibility and option for a quick review.",5,2,2.4,2020-06-30 06:37:36,,
gp:AOqpTOHxntcH-RjMrno1T5rmEzu1mq80bJwu6SMVUw14okad7ywPUkoZDzNuvjeQ1PC76P71-ShT-OhFQCtAd9Q,Jennifer L. Williamson,https://play-lh.googleusercontent.com/a-/AOh14GjNm7Yq-E0ikmX6AVLIQ63H8ECZY3i7_awxygxN_Q,Awesome study tool!,5,0,2.4,2020-06-22 06:12:02,,
gp:AOqpTOEI5YRYXIvYzMKZUUgqyfIuUcpnSYdprVSvhwhc0Q2I2MmwrPnax_Zf0MC8QYU-GExd0jEcgoLR1axJArg,Nina Gales,https://play-lh.googleusercontent.com/a-/AOh14Gg_rfkpkCX419fFygrHRH0PAOJ5oHRKvYmuGJ-ykA,good,4,0,2.4,2020-06-12 08:40:18,,
gp:AOqpTOF-_QK3bP1YxlI2K7CHVf0ogLHMXE75EGNzHra77QjIuWfXCAE1p4rXF9O4PgAMCe5-trlTlhN5JeTfWWc,Celyne Tebid,https://play-lh.googleusercontent.com/-VN8X0WWKpEU/AAAAAAAAAAI/AAAAAAAAAAA/AMZuuckjAOzZWCyQPaVzUkJ5jr6jT7eXng/photo.jpg,"I am still about to start my online certification program, however this resource has been amazing in giving me directions on the various content areas as well as a lead to follow interms of what the exam might look like.",5,1,2.4,2020-06-07 01:16:00,,
gp:AOqpTOG6Ue5oG9-yhzvmaNavpe35h6bdOmq4Z6dPAiEH1CWlgQvi8ioBkPPeC3jli5uv1J7PZgrVBNh--LxGopw,Meghan King,https://play-lh.googleusercontent.com/a-/AOh14GhOeQZsLqUM9ucMGMI5ExKuf7pLuiNqPT9bBLn-2A,Great practice on the go!,5,0,2.4,2020-06-05 17:04:29,,
gp:AOqpTOEWCns9obYA_CZgFq_GyOxUSyG0glqNGU3QGMZNlK_EbiSuz5lI4tCIRJCjIy9monkV0MKmd3TFM-F9RDQ,Kendra Bloom,https://play-lh.googleusercontent.com/a-/AOh14GjVn5OzwP4XM5FZQdMJjww8b8kvuwsRS7tqMauveQ,Excellent app for studying for the BACB exams. I'll report back when/if I pass!,4,0,2.4,2020-06-02 19:55:32,,
gp:AOqpTOEeSLpZ1UUN9YN7KR_pQ22pVF3OYntaAD4OSRxT_0twL4D84djTeG1Qch-QrXtS3gAhJCoybuHisHjVsKc,Victoria Andrus,https://play-lh.googleusercontent.com/a-/AOh14GgDUZyEBdKej33qLaFyWGUNV1INPoOd_RimWtDH,It's great for me to review my knowledge for the BCBA'S exam.,5,0,2.4,2020-05-24 02:36:18,,
gp:AOqpTOHZlyxGkbBb8kucKtv20pt0uVJbzl6H0oXwrZ6tk0dpxdCf3fFF7-IHdbqOJQTQlVlt6QBRI_PP5xXYEI4,Robin Luo,https://play-lh.googleusercontent.com/a-/AOh14Gj3Z1y6oNoHzqvntXn6ObtHRzrulaWTprNnddxraA,Worth the money for BCBA hopefuls!,5,0,2.4,2020-05-20 20:45:21,,
gp:AOqpTOHB5Y7VL1wYctu5v72LPRVoToJQ9XHvS2ac2AKiSflc6LgiozB4S4LnXMURh_vdIHQEEwDTnJIE0zYKRlY,Jesica Peterson,https://play-lh.googleusercontent.com/a-/AOh14Ghqlo8D6de1yodh3J5N093k2-ax6ULKu3fhHV-t6g,Great study tool,5,0,2.4,2020-05-20 13:29:04,,
gp:AOqpTOHR9dcECDKrfDBtBuN66WCtp2aNpf5-qKihgVd-_yS7jaFKHPUJgvWXE7FSB8pRSnt_b7FpAgfIN_bCq80,Katie Marie,https://play-lh.googleusercontent.com/-3fyQ3BqRJFQ/AAAAAAAAAAI/AAAAAAAAAAA/AMZuucn9udUrmZjxW2VY5nEUtxfO_Zgn0A/photo.jpg,"I used this app as my primary (also used books and videos) study tool for the BCBA exam and I passed on my first try! Over the course of about 1.5 months I went through each section until I got them all right, did several rounds of random questions, and then did each section again. I continued to review until the day of my test. I used the app every single day during that month and a half!",5,13,2.4,2020-05-19 07:33:41,,
gp:AOqpTOG7B6Jtw1Dy3xt6pe_d4VNPhVuEINKB3qReh0IqD1xkmrQjZOi7DeLA-yoULITWvbkijFMlZgVb_ykMP9o,sergio sukhanov,https://play-lh.googleusercontent.com/-3UyasQb2n8w/AAAAAAAAAAI/AAAAAAAAAAA/AMZuucmWlUu_rBycI_ofTtd0nlHM8vnjWQ/photo.jpg,"This app makes studying amazing, and it's a lot more effective then reading the book. Thank you so much for having this app, I love it.",5,0,2.4,2020-05-18 21:54:20,,
gp:AOqpTOEh9wfUUmIl4iTYTwflfUN0rELF1Y1d2lBLCRIKLGql_B5i5VcNVNQjPPYDR_ltAhYUNCFmDA-CYG3wgK0,nahaniel duvert,https://play-lh.googleusercontent.com/-Cq6IXQaS1SI/AAAAAAAAAAI/AAAAAAAAAAA/AMZuuclH6aLlKasHijBTppwyZRui2Q-mIg/photo.jpg,Very easy to use,5,0,2.4,2020-05-17 06:24:51,,
gp:AOqpTOF-pVMQxlTmT4Tpqv7zqniDg9BD4iomwJLPaopyj7v6Nnd3naKIMFJKpV566-9PspDfHheR0dZOwxAEfs4,Brian Byrne,https://play-lh.googleusercontent.com/-agOYqJDwkV4/AAAAAAAAAAI/AAAAAAAAAAA/AMZuuclca02PFRnos6Ti-JAN4GYwoswUVA/photo.jpg,Its about as close as u can get to the modules and far cheaper.,4,0,2.4,2020-05-16 20:26:58,,
gp:AOqpTOGBq4kXI7kWf5fUOjU0Pfyy-0hrNuWchVkAP00EyFpurUqH_tzWx0OOJk3V3kme6a9Pj0fNLuNNbN2ZKRI,Melissa Cartwright,https://play-lh.googleusercontent.com/-XFUCBk9t5n8/AAAAAAAAAAI/AAAAAAAAAAA/AMZuuckAGxOMbj65bki8L0bUNFoD4KcWTw/photo.jpg,"Good overall, some questions have minor typos and can be confusing to read but so far I like the app",4,0,2.4,2020-05-14 16:41:33,,
gp:AOqpTOGXwG9GdJPqxIeMAIY0EhXgz_LSndRoqIWdoVaSsofyTlbDGM4XinIOHuOIWzjHsRZENbjGwgCN9klWcLo,Marie D,https://play-lh.googleusercontent.com/a-/AOh14GgCQrn0Zz0yrZDUROS594XWL22SRr3NYTYkm_qEjA,Very easy to use and questions are well written,5,0,2.4,2020-05-12 15:03:28,,
gp:AOqpTOGarvGkVDnA1zqglxP1S1PRrpUs2JyqLB6U3jFqaObXpcZxqwqVBwbzt4pO9yFIYx0KhmtNmjqFDNXqyAA,Lauren Bahr,https://play-lh.googleusercontent.com/-FaT_BsWYauA/AAAAAAAAAAI/AAAAAAAAAAA/AMZuucnzWLz_9HKDprCZl_Q8Eh-72H9jvg/photo.jpg,"Just started using it and it's a great refresher, I do wish it had more questions per category though.",5,0,2.4,2020-05-05 09:52:37,,
gp:AOqpTOFfEx9LNgLK4rkPnrKGYqLIgBqNiUs8aJLDxYEIep5lQFYy6k91pyNY-PE7C2eSaTR_iOQsZtuBFTUFg40,Bettie B,https://play-lh.googleusercontent.com/-d22tp_HKKkI/AAAAAAAAAAI/AAAAAAAAAAA/AMZuuckWSAbCxY9Vz_fEvZ9bQdD_1m6UHA/photo.jpg,Good app. They stalk you until you give a review. Frustrating for a paid app.,5,0,2.4,2020-04-30 20:21:46,,
gp:AOqpTOFV9jveBxpJ3gzuEpRzV9IQb8zI04YOKNGpslVYUFywU1-_uzgPSfULlcUCbA-W6_iaiBzWTdm8LtKcneU,jenny p,https://play-lh.googleusercontent.com/a-/AOh14GjKEGlmLNANbqQ9DxlGYjNMz9hrUQdx_SjsYf2AjA,Great little study questions... Would be better if when you get a question wrong it explains why is not the answer you chose.,5,0,2.4,2020-04-24 11:05:44,,
gp:AOqpTOGbWnfIGVyxG8XePJulXRTzyAd5jU6UcrXjRjSHtiprJuUZUx2hSGQkpWJKa-WGmKJohbHbFbLfczxgRmQ,Amr Mahmoud,https://play-lh.googleusercontent.com/a-/AOh14GiZNEAWczJ0t5kkfmX--85JlDfe8gglNZ35deYc9Q,Amazing,5,0,2.4,2020-04-21 17:19:13,,
gp:AOqpTOHACY5MlDY-rF3iG-2Nketb_o49OyE0fwB5JRdYR7r15ORoaThlYA3HoW0Q5dhZi1n3Rzh10IwHJ16ZlHE,Lettisha Harvey,https://play-lh.googleusercontent.com/-5IUy9J0vbHA/AAAAAAAAAAI/AAAAAAAAAAA/AMZuuckW1SgqGMR7LN3GzKjMsTnn3hKH6Q/photo.jpg,Great!,5,0,2.1.2,2020-04-17 13:01:32,,
gp:AOqpTOFu94dAu0lK-UldpOgITXRhRNNfHkWj16l8nSd71IQOhrStPGkv12RR4B0eRSUsZBuyROM1Vni7CX9tuN0,Tatiana Diaz Saez,https://play-lh.googleusercontent.com/a-/AOh14GgPTqPR0RS3YVB9TYM8eETLfmaEPuerX2c2tNeJl80,Good enough for basic concepts. I'm enjoying the practice.,5,0,2.4,2020-04-12 12:43:29,,
gp:AOqpTOFeXSg0vhjaBDLiohVmGGEigMLtWHS1DafFc1p7-Sd5rKG6nUGUUVtXKmBYwNbn9k9evRefSB-UzvzcIZw,Karmina Garcia,https://play-lh.googleusercontent.com/a-/AOh14Gh0tkyIUtCffnDFCvsLlVTyNyV5B6TVegh5Branh_g,It is a lot of information for 10 dollars,4,0,2.4,2020-04-09 15:30:46,,
gp:AOqpTOHYq9wOk3TAHUTgsoT5Wa6ktQQIW5fO6kjJU1gEM05_tiPIYkvmU0S503DfHpxWfXh9H85445PF6RSF2y8,Claudia Romero,https://play-lh.googleusercontent.com/a-/AOh14GghUaNi8XCGF9CAl6pTb0c3BAYkmfswHw6gYEndwMs,Fabulous!,5,0,2.4,2020-03-31 13:22:46,,
gp:AOqpTOHz2HkltqD8R5FQGmzgPWLKuBrLNVkKHz3ZViHbttXQwHy2HtxC62BoNraTVGXrFNMn17BWlbc3GcUGBGA,kandi Moore,https://play-lh.googleusercontent.com/a-/AOh14GgfkcFQDgof9_7MEQxfPv4gcfuHVO5BFTbLZXIJ,A must for anyone preparing to sit for the exam.,5,0,2.4,2020-03-29 11:50:15,,
gp:AOqpTOGTFxR1qPLpp8tHGWLAgLmqDqIvc2YpKxW_6xEvnlyx0jk0gIsPDDqq5eIoFeOlpQp0MawBkNgQgM1RZUo,Anna Zamora,https://play-lh.googleusercontent.com/-kT6raUntSlg/AAAAAAAAAAI/AAAAAAAAAAA/AMZuucnkDJfa2UajPgcCf_Yj3T7O61SSiw/photo.jpg,"Some of the questions are a little too easy but overall, this app is a great review of concepts on the task list and WAY cheaper then some of the other options out there. Highly recommend this.",4,5,2.4,2020-03-26 10:23:51,,
gp:AOqpTOFJZqr8DVIK250cjUcscE-AwAUyw7QvXnTlAr4GAn7H5tGbjQgn5g3c4eYzJA7Qz_R5qhQALIgj2NIdKzE,Aleksey Balagula,https://play-lh.googleusercontent.com/-Cm7_Hg4LYPE/AAAAAAAAAAI/AAAAAAAABoY/AMZuuckcdO9ckUZrGg_kB3T0HrHhsEpqNQ/photo.jpg,"Great study app, but just like another person commented, it would be nice to have more feedback such as what the user needs to work on. Also the colors of the sections should be different if they are completed 100% or not.",3,5,2.4,2020-03-13 05:43:55,,
gp:AOqpTOGYyPCfkIrAMhbZA9BcAXGNXBr1F58N36ihz8Kua9N1G5vpm97kYjYUeJ8nHsFvFM0Iil9x5vKGLDKpocE,Andrew Charles,https://play-lh.googleusercontent.com/-p-WoaipgBLg/AAAAAAAAAAI/AAAAAAAAAAA/AMZuucknUj3WWLgM5UUG8tucC5Tefno-Sg/photo.jpg,Best app ever,5,0,2.4,2020-03-08 10:45:25,,
gp:AOqpTOFNrl4q11jqoWPa_i6KquoBAD-cfJRdtFazs50ELzuRktp5zo01yauT-a1XRjC0gCo0l2SxAkXOGT7sXfc,Amos Kollie,https://play-lh.googleusercontent.com/-bM1ljgWZvCs/AAAAAAAAAAI/AAAAAAAAAAA/AMZuuclgNCav0iW2gwXFjglpR04KUpFyHQ/photo.jpg,This app is excellent. It is the exact tool I have always hope to have.,5,0,2.4,2020-03-07 04:01:11,,
gp:AOqpTOEBRpvhV8TBqbRiBJEZAWL7LBr3B5Tb7yoo6jy4rL-XVz2fZiU5mdNqWSHyu-rzcfKyf-mbnkkisReKtKs,Darryl Jenkins,https://play-lh.googleusercontent.com/-yDdwJDdfogk/AAAAAAAAAAI/AAAAAAAAAAA/AMZuuck6tSOE2FAV8WUOCQIWV3GxMc_fMw/photo.jpg,"Definitely a much needed app to help study for my certification exam. I like the break down of each course, and feedback it gives to help retaining the material. Must buy and wish everyone well in studying and passing!",5,3,2.4,2020-03-05 19:17:14,,
gp:AOqpTOGzREjKMokflSQp7W-JYrKf844Uqv1-Y3HwmDmpxcqGNzFy0zTCOBSH-SBhCAMbAXA2HBejMzRja-Q_9j0,Breanna Schuler,https://play-lh.googleusercontent.com/--_h9X3S0AXQ/AAAAAAAAAAI/AAAAAAAAAAA/AMZuuclE0po6ZLzSVY4EnwsaffCe4dyUwA/photo.jpg,"Awesome program to help study for the BCBA exam that can be done in small chunks and references Cooper, Howard, and Heward with page numbers to help study further.",5,0,2.1.2,2020-03-05 05:33:08,,
gp:AOqpTOHkijJiI-7YCVQoimQFErgepK8RwbyjL7rGJx2cKjiAiNO57enNob2fkbtQfzGc1N94ES3rT9vzXSNhIhY,Kyle Gettz,https://play-lh.googleusercontent.com/a-/AOh14GiCqpLrOsUmYkSKID6ZKSiWFrBngi80WHTbtpaOyQ,Great study resource for the BCBA exam,5,0,2.1.2,2020-03-04 08:26:04,,
gp:AOqpTOHxiS8fdA6_qE4cGgXtRA39YNf5Z9DAHRBAuKs_9T6Yo940dXmojwBmoXTdRZImoLyEhnhMNuuirJVA6Ns,Katrina Johnson,https://play-lh.googleusercontent.com/-EIYIvvzo7VA/AAAAAAAAAAI/AAAAAAAAAAA/AMZuucl_NAqbQNnf7Ch7xi0n4O1p-9C65g/photo.jpg,Questions are relevant,5,0,2.1.2,2020-03-04 06:55:57,,
gp:AOqpTOHepiCCyNz-wlIgCni3X_TUgbB2kvM3Q7uRMen6mzrBGEuDv85Iu7BBZeMkJNQqZEAuTZnGgwsWX2J1b8c,Alesia Sivels,https://play-lh.googleusercontent.com/-zD3Jrk6A7SQ/AAAAAAAAAAI/AAAAAAAAAAA/AMZuucnjsgxyu8q92b2u862guFGG5vIpNg/photo.jpg,Great way to gain fluency. Sometimes I have to take quizzes several times but each time my fluency is getting stronger along with my response time of course.,5,0,2.1.2,2020-03-03 21:10:48,,
gp:AOqpTOFJFKPlWPcsEmEpKGjStexov7I6y8ANpBP63JKrJucd3qbPTCLLmy8HY2Ih0vZMVwuFUX1zczc206YY944,Reaghan Shumberger,https://play-lh.googleusercontent.com/-CYekus1BmDg/AAAAAAAAAAI/AAAAAAAAAAA/AMZuucnhGsQ6rIwA0tBiB7WnI6lKEIVGIQ/photo.jpg,Easy to use!,5,0,2.1.2,2020-03-02 16:27:34,,
gp:AOqpTOFF5eM95lj3sKVrGom4iwu1YkXZ0vLVfK_OEbhd9eatgk5tmO9AV_uBCge-JDJ9vq0q46bLI2nW5FXpZF0,Mirza Zaldivar,https://play-lh.googleusercontent.com/-pePD1OR0A0M/AAAAAAAAAAI/AAAAAAAAAAA/AMZuucn0QklmpGFJjG8bihdGGAMuew6flA/photo.jpg,"Loving this app so far, love the format, is easy to use, allows you to practice several times and provided feedback. Really worth it for the price.",5,0,2.1.2,2020-02-29 08:09:09,,
gp:AOqpTOF3a2FPnvbrHrFAcnpF2joV1xJLmYbc9jZvOTCcbr78vb9uwAGnJjrGHpV8FwUHmOeqwcIxHM6orv7n7vE,Jordan,https://play-lh.googleusercontent.com/-OXdaY1pfYqo/AAAAAAAAAAI/AAAAAAAAAAA/AMZuucmSg4WSOV5CQUBismDWv60rqz5f-w/photo.jpg,Great quick study tool!,5,0,2.1.2,2020-02-24 08:32:07,,
gp:AOqpTOH6wCYRo8N1qclVho2aTtFdYdopTngGw5CKG_zlfBT_c6qFPpLPOTItdzqueT1lfdr-PM8ZfMXwRihEakE,Rosie Bangert,https://play-lh.googleusercontent.com/a-/AOh14GgeQcQBHV8YD2YX1_pvFPSBUwJ86mJz9-DpTW89z-o,"Helpful in preparing for the exam, although I recommend the BDS modules as well, this is another great tool.",5,0,2.1.2,2020-02-22 13:28:44,,
gp:AOqpTOFqWevLKR2v8Tf_3QniHuxghP3eO_lxPJy6fFPyc_UIvj4DDgjl4qAdQ4_0CpQA2DaZNpsh29lRtMxuQkM,M Paschall,https://play-lh.googleusercontent.com/a-/AOh14Gh-UBN1gwmMfOW03MsoJdxNv9oHq0ygbtuJneQnqA,What I like about this app is that it gives me the reason for my wrong answers and the quizzes are short. I can do a qick quiz while waiting on my lunch.,4,0,2.1.2,2020-02-22 08:36:28,,
gp:AOqpTOHPj9bUqZIYfL6cZ1gM0NhaEZWAGUxqf2RWkqSzHhLF7fDmi2BsoZDMAlJW3UT9MsQTgQFWCJkCyPTU0LA,Hendi,https://play-lh.googleusercontent.com/a-/AOh14Gi9PgVanzfMw9qReZeKYfCKXm69K_Zh6wRbY2GDHQ,Very helpful and easy way to prep for cert exam!,5,0,2.1.2,2020-02-18 18:57:58,,
gp:AOqpTOHj9JmB4JPLJ-frQ7GTlJery1AaNR68ETElD3O2eIeAH4XmhbOVGthH9yJlGotL-P0xnSXROd6ZTid-3y0,Aristotle Kerouac,https://play-lh.googleusercontent.com/a-/AOh14GhUWYceKw4WONCv7JADN-6-w5XHrz0zwIGhrxoVrA,"Experience isn't bad. It walks you throughout balls the knowledge needed for the exam. I would've gave given it 5 starts if it included some more feedback on things like my last score in a particular area, advice on areas to focus on based on repeated measures (perhaps, anything 60% or lower), or above on areas I've been improving on, or an so close to achieving proficiency in, again, based on repeated measures.",4,0,2.1.2,2020-02-18 11:08:33,,
gp:AOqpTOG4G6Ckhbnw4jltI4Gv7CjDc5VV04Qi9LYD6_NZbkMfhk5FXHgqqulXDBKlLNKTDM4mNt77zUJ7jT9n_Fo,cierra keeney,https://play-lh.googleusercontent.com/-B8jV_bvB124/AAAAAAAAAAI/AAAAAAAAAAA/AMZuuckYO1-LzqOJFWzQ94S3rL2LPilNDg/photo.jpg,Love the app. Easy to understand and use,5,0,2.1.2,2020-02-15 22:37:32,,
gp:AOqpTOH57O6DAlU_-hzj5goJFW1bFcoRKVOBdFQb0fzWHbMR8L_Z3OTeS2DO8uxZjTWzhFRd7bZoeNoBXDeARkc,Bre Jump,https://play-lh.googleusercontent.com/-ZG3T10vFVPo/AAAAAAAAAAI/AAAAAAAAAAA/AMZuucmpsYcsfOULIj5-864mdBDonyT8QQ/photo.jpg,Love this app!!! I feel like it has really helped me prepare for the BCBA exam,5,0,2.1.2,2020-02-12 15:39:26,,
gp:AOqpTOFBxKG5OqnwGDxRnJ4FJISe3X1yuk8VTLkR5KvGyISlBJ2fMEd0gprjXNCMM6xwIwppXbMku8iqjgVJUdk,Tracee Morris,https://play-lh.googleusercontent.com/-vp0lbq_HwBE/AAAAAAAAAAI/AAAAAAAAAAA/AMZuucnlk8kZ194w8TlWHpqa7AE6WwxoTA/photo.jpg,Easy to use,4,0,2.1.2,2020-02-09 14:23:08,,
gp:AOqpTOF2LTCT7KcstzFQc51pIk5cbaNPZ6e_gpJ8Z4H6kYQISiOA9upw8UtBWLae9iK4y_9vY0UkcBFmvL5dpe8,debbie lieberman,https://play-lh.googleusercontent.com/-FIJkg_k_OHs/AAAAAAAAAAI/AAAAAAAAAAA/AMZuucn3s3SsEiCLgObRmyqt0hDuIKYMLQ/photo.jpg,Great way to gain fluency!,5,0,2.1.2,2020-02-03 18:19:00,,
gp:AOqpTOFp3XbcOAgp6L-Vfj9Af0_C2NlKhUx1pWGNiWt-VadpR100Mu4pvoo9WAgD5ob3ea4VfcpbZbthWOwZAtw,Sheri Libby,https://play-lh.googleusercontent.com/a-/AOh14Gj98f2dq19KZuKNJ0SoomjXOGuOvX_BdNAXhkKZxg,"ABA Wizard has been extremely helpful for my studies! When im on the go, I can keep up with quizzing myself so that I'm prepared for the exam. I highly recommend adding this app to your study resources!",5,0,2.1.2,2020-02-02 08:49:08,,
gp:AOqpTOEvUfigWov-5E5wUM957l-bWSSGKKAxYAa9tf9a1FjHmpkcXIP8gU89ZiOuIvgbPcpfR1SeKyj4X9T_Flw,David Salcedo,https://play-lh.googleusercontent.com/-iY64mBWLjxo/AAAAAAAAAAI/AAAAAAAAAAA/AMZuuckGp0UP3-MmNuwmOCuGt9sGujjAng/photo.jpg,10 questions at a time help me a lot.,5,0,2.1.2,2020-01-31 23:17:20,,
gp:AOqpTOGUKpqBvsLvGd5ofNOgQidpIYj10ZaSVmifIRUv-k45Jt9OX-gndYBMxKs41PGDc9TI6ecgfCyrVhwBvOQ,Jaime Baker,https://play-lh.googleusercontent.com/a-/AOh14GicWWbnBBVVyHspZQEVMYATBNiqlWgcSOpo_ALdUW8,Great for Fluency and preparation for the BCBA exam.,5,0,2.1.2,2020-01-15 15:38:58,,
gp:AOqpTOHFSaMNUpmTwv9rh8yewkhs-Hub6_q7-gu9NCLJB6if-FYm7-lQ_XPVbgb5YNow_L9lKbA_nLeVnGrFFYg,Katie Braga,https://play-lh.googleusercontent.com/-i26P4YiBx3w/AAAAAAAAAAI/AAAAAAAAAAA/AMZuuclhxWjRs1sb6OP4Bc_8SR9uJDOM2Q/photo.jpg,"Okay, so I accidentally downloaded the wrong version, I need the BT one and the people were so helpful and amazing they helped me download the correct version and emailed back so quickly! It's so worth paying for to make sure you're 100% ready when you test!",5,6,2.1.2,2020-01-11 17:46:07,,
gp:AOqpTOFh7jb3CIb54IjbUWjsTk71-Cujo-ZBch5YNyqbKFTZWSfIy8YiwtqrMSTNYLOTBwlCBOUSUgnivDCGmIc,Lisa Williams,https://play-lh.googleusercontent.com/a-/AOh14GjBb0g6Fg9sS8idWDWEJEpvCdMnCcEqn3dh2iTl,This is a wonderful study tool for preparing for my upcoming exam.,5,0,2.1.2,2020-01-06 18:47:19,,
gp:AOqpTOE6c5W3NW-DWbCY0lufeJSD91gmTCKIKIdw8bsGjngTAYsZTYm8f8q48aLOhg6ohy9TSjqT8vPuGkQCgAg,Susan Warnken,https://play-lh.googleusercontent.com/a-/AOh14Gh0mEd1DHKCS04ZLOZZTE_Inss0UhGI5WV9t8_P,Providing small opportunities for studying on the go!,5,0,2.1.2,2020-01-05 06:50:20,,
gp:AOqpTOEB_ZTY3PBZO8ClkISj74MAYqfzVd5ubOclSsS-pgV6BmaRGvgn8IBAXb8f7SueqEvlDsMQcyi8JGlLHoI,Jen,https://play-lh.googleusercontent.com/-QmEzsJLHo1Y/AAAAAAAAAAI/AAAAAAAAAAA/AMZuucnRl6hpM2I7KtnUpV7j9_DN3aGZ7g/photo.jpg,Very helpful!,5,0,2.1.2,2019-12-31 08:04:51,,
gp:AOqpTOE3L7-FSfe7EvXqw5zi9azoJJyB5qPAoAgYdjxiJNT2TiQpQepxKYSYRuRExddxsb1SqAfRIRnAw51JxAg,Cat,https://play-lh.googleusercontent.com/a-/AOh14Gj-k5iTSr9JvDa4KkLj8pTHkYipOX-hs-TOGzBcYw,It's cheap and highly effective with good quality questions and challenging material to prepare you for an exam.,5,0,2.1.2,2019-12-26 10:06:25,,
gp:AOqpTOG923X1pThdWip8mUoqT0z2pq_Hx2MBh9ZHIa71D6X-EK9l0cTOvkxv0i4C5je-BY42e9AMGbCBUb2fdl4,Vincent Duru,https://play-lh.googleusercontent.com/-SxyRa1Ux7qM/AAAAAAAAAAI/AAAAAAAAAAA/AMZuucl9kkDsPKe4V5qwV3ZL-jjupRQdwg/photo.jpg,Good.,5,0,2.1.2,2019-12-23 20:25:48,,
gp:AOqpTOFNSNLldgI8QotOIG9lQqsb4uTiL9HBAH8mV_WhASdt6wgCT1PDkqdGq6pZl-xURPOpxmk3la6kbOwRk8E,Jane Okpara,https://play-lh.googleusercontent.com/a-/AOh14Gj5Rt2RKskUJpuGZEB5S8V5MdPTpcOy_r2MKjMDMQ,Gives me a better understanding of ABA concepts and applications.,5,0,2.1.2,2019-12-12 00:06:23,,
gp:AOqpTOGTFv0KfkJpCXnsPnBolMNp2fbnycLerkllw1XmZ1IeZpvoSLlddBzAs9r7kMAetCx28lrsWgbplEf6efU,Ashley Beougher,https://play-lh.googleusercontent.com/a-/AOh14GhP03TXuhAfJGUQB6F70CvD9q0vWP-_k36fPZ5N,Seems to be a good app but constantly asks you to rate it. Very annoying.,3,4,2.1.2,2019-12-08 18:07:11,,
gp:AOqpTOGzdkbbkvz3S2A_Qo4xx7kZntdMLyvCtjsK5sS-skNCraJH0TxEuQybMkK0Ug6PJnpoShMivisxqgUBpAM,Laura O' Rourke,https://play-lh.googleusercontent.com/a-/AOh14Gjdq-_JTvCx0VASLKb6LIIKJKW8cONW4gfwB_CzkQ,"Very helpful for reviewing topics you've just studied, increases confidence",5,0,2.1.2,2019-12-08 07:14:47,,
gp:AOqpTOHRs8Mp5oRksU6bPykJO4yfNMKx3eMZujitlBWTHOx8cnnCZnqY7oao8TVN6z1Ei_g3ZRqX8RSJGiTMsDQ,Patricia Janas,https://play-lh.googleusercontent.com/-9iHOFu12uUU/AAAAAAAAAAI/AAAAAAAAAAA/AMZuuckIzn0VDfYydm13Xz3oM77LdYMRiQ/photo.jpg,It gives the reaaon when you answer incorrectly.,5,0,2.1.2,2019-11-29 14:49:20,,
gp:AOqpTOEuRT_8_0uQxMxpnkCqXcAZAadSSDQYj_0b9YgknhZpkuShFBT55mi71PdbM2GPIpq1xnJSKPJsX4YnCpc,Laura Garcia,https://play-lh.googleusercontent.com/a-/AOh14GgxXAxNt5n93FfRigNDl5nLq7XIrWy8SRgit2dj2A,Great questions!,5,0,2.1.2,2019-11-26 20:04:40,,
gp:AOqpTOHbpMTdknpiMgzHVP_2ON8DnmO0nv1oTIgMcT2FzEHnljPbZVl3S_IzkYZ_fvhtSgK0PEbHMOK7jB1WX9o,Karina Valdez,https://play-lh.googleusercontent.com/a-/AOh14Gi5zizFF3uHYLH6sBu9L1mArwD1ebnp_KRm5ATwrQ,Nice,5,0,2.1.2,2019-11-26 02:02:01,,
gp:AOqpTOEdSfc_1CAnNIjBdOWlvWpf3sI--pAjDI_NohtwytqN10pHF3KvxIqaQALNRsTY6rmiXiT_LAFBo5MQIs8,Ca Quiles,https://play-lh.googleusercontent.com/-zma9OAee6E4/AAAAAAAAAAI/AAAAAAAAAAA/AMZuuckvrZcCMOZJ32e4SYNE7IctZf1j8A/photo.jpg,This helps me see what I know and what I need to study for my tests. I wish the tests that you passed didn't have the same color for tests that you didn't pass. Also I wish that new questions would populate if you go back to take the same test again. I'm enjoying the app otherwise.,4,1,2.1.2,2019-11-25 05:26:42,,
gp:AOqpTOHT4r1EXsXkhUiOhFUAEea6_EkKxhbzVUXO4BHlms7F9y4tjBf5Ray7yYouolXpiUNecM_XmraB88_J_sY,Nesha Depp,https://play-lh.googleusercontent.com/-vARGig5DB4U/AAAAAAAAAAI/AAAAAAAAAAA/AMZuucmmGayRfxQf7pat3FITol9tsQOJfQ/photo.jpg,Great Questions and will make the test green once you have met mastery criterion!,5,0,2.1.2,2019-11-17 08:03:04,,
gp:AOqpTOF74zoDHFG6dRV_9qF66d0MxPU3tBEuFkea4m3uNk-s7uVCpcKeQtN5tG4J_lvvVoKVW9WHbEf5faJeXgI,eugenia onwuchuruba,https://play-lh.googleusercontent.com/a-/AOh14Gj5G2jEXtRdNR1IfbPwTMrXd-U6V3hDI7p67ero,Good,5,0,2.1.2,2019-11-13 14:07:55,,
gp:AOqpTOFtKAUXOoPulWUsGPwE-wYJfpSkAM_K2UdWJmCTLMy2ookRm3BNaW8XbMn6ZPWlFzS_c1i24VikeO9zXzc,Rory McChristian,https://play-lh.googleusercontent.com/-1SRS-9QSIS4/AAAAAAAAAAI/AAAAAAAAAAA/AMZuuclD1D0LuNqhkN_cTU4tPCpEN-sF6g/photo.jpg,Useful for identifying weak content areas and making studying more efficient.,5,0,2.1.2,2019-11-12 05:26:29,,
gp:AOqpTOEygHWBTZbcdqhc29-9jHW6bPOu5T-CXug5x_OCEUm1PVkH96XQoWgZ7okz7RzKOSnzyj1L5FGdbVVqfhc,876IslandGurl,https://play-lh.googleusercontent.com/a-/AOh14GjSR6DwIBB7maoKC_VpYFfbMC9_F6QO_toybHtqBw,Using the app to study for my bcba exam. Seems like a good way to test my knowledge and focus my studying.,5,0,,2019-11-05 19:40:41,,
gp:AOqpTOH5peEh-_1q2NIetCM99GlenfB9pnIioKePTHBxZIQ6GLM5f_wBdkoj9wv4F20YekBOZpnRF43wKZk0ppo,Lisa Gillette,https://play-lh.googleusercontent.com/-XdYfAVxMteY/AAAAAAAAAAI/AAAAAAAAAAA/AMZuucmraM5bEETEzCY07oBiy3RWFSmnLA/photo.jpg,Great!,5,0,2.1.2,2019-11-03 09:51:09,,
gp:AOqpTOGP1AH8pdf-b4HyI0iPk_6JaQsXved6xN2IeWvjbxzsUwT9gL6HRkcXOG7uY-aNW227Wcsipihr-iTgqoI,Ali Fontan,https://play-lh.googleusercontent.com/-1TTFDH4Ojlo/AAAAAAAAAAI/AAAAAAAAAAA/AMZuucl4ptD6ac7NVw-Kc7Ky-efn6OXc6w/photo.jpg,Great study tool. I just wish it didn't show me the correct answer immediately after I answer incorrectly.,4,1,2.1.2,2019-11-03 08:15:28,,
gp:AOqpTOGmrAJ3fu007J8-MQ19TZxmEFnJYjyLbIkzp25ATIyGv8_Fx_rZKlI9mhzrEhoVLew6HuBdQVI36PTU2vE,Kaitlin Brunt,https://play-lh.googleusercontent.com/-h-CVOqt94WM/AAAAAAAAAAI/AAAAAAAAAAA/AMZuuckS1qKB-afnYcOSWlVoF2VUDBXO-w/photo.jpg,"Some additional information on errors would be nice, but overall a great app!",4,0,2.1.2,2019-10-31 12:12:21,,
gp:AOqpTOGH1Ce8MUvE7Kxkxb2A5AHVewaFCuHc2J9JuvVXJK5r5Lzaim93M_iHilsfumyjCCgJalPxkrUQFzT3Hmk,Mikie Lovett,https://play-lh.googleusercontent.com/a-/AOh14GhOFrzprN0P-m9Z1cap_ibqfQ8s0BYFWhBm3BL2pw,Great app!,5,0,2.1.2,2019-10-30 14:44:50,,
gp:AOqpTOExoDqkLgzfdlfpVfU9YvS1Gm2HoAnKaJ-D_Vqaw2wzTRXgdf9LX0SrH8KuOcYbsg60TpJmbIZ_pPCRhRM,carol toner,https://play-lh.googleusercontent.com/-g8LOAomCOb8/AAAAAAAAAAI/AAAAAAAAAAA/AMZuucl9QfVCgyMMF-yVWRr3AFXlQlo0bQ/photo.jpg,Great to use for still practice to build fluency.,5,0,2.1.2,2019-10-26 17:10:57,,
gp:AOqpTOHdftqpnB2UWkkBdNBcZptaReztEdzpJYXAyRHGtkMCkEE3g8n0cLTwnUac4neB99redijwoHVctJmhP8g,Teddy B,https://play-lh.googleusercontent.com/a-/AOh14Gg8zQkQ5ac20DyF1jTFbsqY4Vo8S4K2XHgIODvJtg,Great tool to practice,5,0,2.1.2,2019-10-22 04:55:01,,
gp:AOqpTOG8HAOpuMxI9sKfzIipA3QUOYWB7JBaeyv45Gp87-tunjwQMdAdgRiSYohdnOFTfV5SYtTChK2EZNSq6GY,Luisa Shumway,https://play-lh.googleusercontent.com/a-/AOh14GgtE00vBLy5d9ZsJz1NM84NYsHI-eCtiVqnvi_s6A,Great resource!,5,0,2.1.2,2019-10-20 21:05:26,,
gp:AOqpTOF5QBnztFaQH9w2SE2AEUHD79nF8ABJsnxMbbntUvgZzAoduuUCTu6U0GLsFl2_jPaM3MZdNfLedbwzzVo,Kayla H,https://play-lh.googleusercontent.com/-8ba5KyuXYXo/AAAAAAAAAAI/AAAAAAAAAAA/AMZuuclCxn-ClsYT7A7Hn3DpwwTv2br0fg/photo.jpg,Super helpful! And so easy to just take a quiz throughout the day when you have a few minutes. They are only 10 questions so it really breaks it down so you're not overloaded by the end. Really enjoying this app.,5,2,2.1.2,2019-10-20 18:54:55,,
gp:AOqpTOEge6FyDgjpLT4tHskiCeMBrf5QiLd6xi8FmuRQyBspWfc0VndoZCIKyzR6I6MTovVuSTZY7Omqg65zsuE,Sanna Kontinen,https://play-lh.googleusercontent.com/-rDy5Q3d3Fsw/AAAAAAAAAAI/AAAAAAAAAAA/AMZuucnSfWDYtUeYFzOTwKpJ9c8G6hdP8w/photo.jpg,"A fantastic way to practice ABA concepts anywhere - on the bus, while waiting for a meeting to start, in bed, etc. No Cooper Bible required!!",5,0,2.1.2,2019-10-14 17:32:44,,
gp:AOqpTOHnOxl_jeD_-YjRjRCidqC3LKrGWv4kqe2006nQYqBbgKWE9LzxcCLwgWkEHretoEERz7N14u-1_J4mZSg,Kaitlyn Sawyer,https://play-lh.googleusercontent.com/a-/AOh14Gj12U_6HDoNBRkoI5pjLR2yuLW4dSq0OmzwDybJqg,The app is very helpful however it continuously asks you to rate it so I'm giving it one star.,1,4,2.1.2,2019-10-09 19:46:08,,
gp:AOqpTOE2QIuJ4iWQ2lOHRleVEgpe4a2pfauMxUNyep5Vk_Ca7SF_hKNg5qWd-56yaGCiHC0OlfVrTBr3ao_WmMo,Mary Egbert-Hiner,https://play-lh.googleusercontent.com/-sDYbYh1cT0Q/AAAAAAAAAAI/AAAAAAAAAAA/AMZuucmuVSxYuBDWzIvUbYg4lkC-L0Rv7Q/photo.jpg,"Wonderful, effective app.",5,0,2.1.2,2019-10-05 12:00:10,,
gp:AOqpTOHetLwmcGJ38fyrgfLNm9x-zRnO-_gCwEl2aOnIoeq2DwuQZAbCG7taCBx2FveIt6idErbrA-VtJFg-6ak,Paighe Rojas,https://play-lh.googleusercontent.com/-sH9VhzSocIo/AAAAAAAAAAI/AAAAAAAAAAA/AMZuucnfbnc5b9iUbxXjbyhCK_Bh6xZ4pg/photo.jpg,It's been super helpful while studying. I do wish they had a larger bank of questions per each sub section so when you go back to try again you're not answering from memory.,5,0,2.1.2,2019-09-29 13:25:59,,
gp:AOqpTOEHa9Lr4uPM6r52Ykp_rCncLBtY4GZo7ic0hxDQ3-R77ga65sPg-efmKNBw9xqC9gSC2ahcI8OyUVfySHQ,Adam Dean,https://play-lh.googleusercontent.com/a-/AOh14GjOB_5udrObtbX4z67D1Q1DJRJcp7ifQ8JfzMdRkA,Would be five stars if it hadn't prompted me to review after every test taken.,4,0,2.1.2,2019-09-26 15:11:48,,
gp:AOqpTOGFapM3cA9Kuw3JzFAsAX74usu6jm0zDM1n4_Fh9F5IgaOADZNhErK20wdjEWsfDKJgMDr4VBWVgEaHsfg,Merrilee Frank,https://play-lh.googleusercontent.com/-NCFG9XjwN00/AAAAAAAAAAI/AAAAAAAAAAA/AMZuuclBM90ZB6Q93XhdrQ9_Z8NSXZo8hg/photo.jpg,Defuntely helping identify areas for study,5,0,2.1.2,2019-09-25 07:07:24,,
gp:AOqpTOHI4aJENCubcFBYen168F7VOOmKXqzO2LXQUbPw4XR-aaVotaKCafz9coEIwL0jhkr7U3Zun2vnrv0Il8M,Aisha Gorman,https://play-lh.googleusercontent.com/-Dfwdsx_gTyg/AAAAAAAAAAI/AAAAAAAAAAA/AMZuucm0kCTBdc8ddW1ilvAqmevGNpgb9g/photo.jpg,"Contains a large amount of questions and areas related to task list, app runs smoothly and feedback is clear and concise.",5,1,2.1.2,2019-09-24 07:01:55,,
gp:AOqpTOG4oNajvxPXCPMubErsCIL3_jA0EeeOqx9dgVIrC4r1aiQTeIB4XlQFgipcG7yBCWQ5htFoCFmH_T9mUeA,Phillip Britton,https://play-lh.googleusercontent.com/-mfnJTlri0nE/AAAAAAAAAAI/AAAAAAAAAAA/AMZuuclgDJ84kRzt_DzaYzPfr4IoXtbe9A/photo.jpg,Well worth the price and easy to use with wonderful easy to follow examples.,5,0,2.1.2,2019-09-18 22:22:20,,
gp:AOqpTOEGJ4a_rZMcylarAfG9tB0yNuyt_fixdQ5G7hYAj9wr4vOaE5S-TifHj6skFIr0hfYz44dBZ6_ohRtSu7c,Courtney Martin,https://play-lh.googleusercontent.com/-xhwRGBVg3gc/AAAAAAAAAAI/AAAAAAAAQsk/AMZuuclFCJLkThtuqMr2N7P_eZ35e0ff7Q/photo.jpg,Fun way to practice your aba knowledge while on the go.,5,0,2.1.2,2019-09-17 20:09:32,,
gp:AOqpTOE0AIkIfLoOs2tlbWXAuZEBbzTD33N8I_PdG5NZoXkcSBwGBk3XKgZuP1TG6M2wIAqoScZZ1-Ufiq1MsAk,Edaliz O'Bear,https://play-lh.googleusercontent.com/a-/AOh14GiAs5Q0jVzV0P1CDyXFpJOxYEKEHszQTQ6r1P--vQ,Great learning tool!,5,0,2.1.2,2019-09-09 20:13:24,,
gp:AOqpTOGtLtPBrprt_4oS6raW06GeZectIkcyWKQmZUpqxVDmbL-JR7H4zHUT8htjD4AQR6bxf6ajiM2vYrXBIPU,Y V,https://play-lh.googleusercontent.com/a-/AOh14GiFSflGKNyrXFNEOmMeCWzmyTKq6nDOowA0JKJh_Q,Best ABA app,5,0,2.1.2,2019-09-09 08:20:34,,
gp:AOqpTOFs4Q77Ulm90dzptha035wQsMg-WuY0cWL1r7cOoyGvuQaiku_NsVjDvrJon5SKXXPn7GwJOKpioEtoDf0,Kiona Autry,https://play-lh.googleusercontent.com/-u_EAMzPwOQo/AAAAAAAAAAI/AAAAAAAAAAA/AMZuuclkhUSapNTc2DL_Ai8W8GnlIvY3QA/photo.jpg,"This was my go to App for studying and quizzing myself while between clients, waiting ANYWHERE and anytime I didnt have to drive. I especially appreciate the explanations provided.",5,0,2.1.2,2019-09-07 16:31:08,,
gp:AOqpTOETnJ9srsGpUGOQEseP9DG_7PDPAQA4d7p0kxrt0MNg1VUP1RQZcR2ktPdsHX16cJwRHUTs5gylo5ZiGaA,Philip Viljoen,https://play-lh.googleusercontent.com/-pifLuD3wr7A/AAAAAAAAAAI/AAAAAAAAAAA/AMZuucn1ail27TJsBOh-7o_NLxB7H0eW6A/photo.jpg,Very good. Would love some graphs and data analysis.,4,0,2.1.2,2019-08-22 03:38:32,,
gp:AOqpTOGIxM-_PkMmQXhIzBbsrwtNhKejpg4eBr7v40-HgPjOFpoAB8BbAIOTHCBfgXkSLMWjhJ7_ampy68yPNO4,Lindsey O'Regan,https://play-lh.googleusercontent.com/-w4g02vcjBvc/AAAAAAAAAAI/AAAAAAAAAAA/AMZuucl93BFPu3aTrO3gj0EYqgAyScFQoQ/photo.jpg,perfect study app for the exam and a great refresher! perfect for any ABA students,5,0,2.1.2,2019-08-16 17:03:55,,
gp:AOqpTOH23Tq06LVnd9SOKNgHijAjXu8IeHQY7SddXB4bbyKG0nyj1_PI1ELjCDm-jDin8tv8f1jRYotkHkdcrnU,David Eynisfeld,https://play-lh.googleusercontent.com/a-/AOh14GhBYh52haGqne5twuS-oS-ynKEzj5aH4GQACb_ebw,Great ABA study app,5,0,2.1.2,2019-08-13 19:42:43,,
gp:AOqpTOGaioq6GrBd2lh-Sjb_xYjTOlft5MjsMx_050ev3sra1L4xJptF3_FeoMGsWYhM4M3_scI_4tIO34voa2E,brandon lopez,https://play-lh.googleusercontent.com/a-/AOh14GgZfTK-Hg_s_bdK-PDErif8mcj0CxxkYJK7z94H,"Great tool to help study and test your self. The only critique I could give is I wish I had the option go through all of thest questions at once. Also, I wish the app would show you the question you get right most of the time, the questions you get wrong, and the questions you get right half the time. This would allow you to break down further the specific areas to study further. However, the app is great and I highly recommend!",4,13,2.1.2,2019-08-12 17:36:27,,
gp:AOqpTOGG22D-Y5mqvjwm7B7MPatMjDdw8YmGUjdgJ9jdF-eR2ifah6B64TFBtVP-kvUzqyINWnGuOPuMinrFxvE,Jess Hermansson,https://play-lh.googleusercontent.com/a-/AOh14GjIuHrh2AER_wO02nLpyppwuZpKePLmMFzv3kxI,this app is helping me read the questions correctly just like the real exam,5,0,2.1.2,2019-08-11 14:54:24,,
gp:AOqpTOGpUKFP3bUJ7AXsZLbdCOHwmltq3V1vGZeeZgMrpvx_9hIXBi4BeCv2-jKCASyHjmMUpe6qiI6Qhxytyas,Brigitte Christensen,https://play-lh.googleusercontent.com/a-/AOh14GgEHCx9jnmTUXu9QxolFnq_EHqHbYBMiVxfYCdI-A,Love this app! So many questions that I can practice anywhere!,5,0,2.1.2,2019-08-11 12:06:20,,
gp:AOqpTOGlVt365kLWTDFisYZGGxqpeP0t1HDNB3pUTleOtdByaMblM90ZvrZOQDSHKuNuDuqFEDicWsm2hCn37AQ,Christina Sithole,https://play-lh.googleusercontent.com/-wv-CBwADmc0/AAAAAAAAAAI/AAAAAAAAAAA/AMZuuckHNkhFzS07KvCvpfynqw8WVEvvHQ/photo.jpg,"It is easy to use and the terms used are relevant to what I am studying. The questions are not too many. I can use it in line at the bank,post office, in the supermarket or at the doctor's office.",5,0,2.1.2,2019-08-10 09:49:55,,
gp:AOqpTOFw_Zl__WKkPmAcQmlbuvPrJJg1H0Lrdwxdz-_7DJApRp5QbFdsnys4M66CL38Ee3x1iMfYXadkR5BV69s,Brian Hess,https://play-lh.googleusercontent.com/-kH0jDsWvSiY/AAAAAAAAAAI/AAAAAAAAAAA/AMZuucn5R3thrATTvjm_Y_AfuIFiR1H_0A/photo.jpg,ABA Wizard is awesome. I really like how it presents multiple questions for each of the task list items. The option of being able to take banks of randoms questions is also very helpful!,5,0,2.1.2,2019-08-04 18:29:00,,
gp:AOqpTOHDI0AyoDnk-bDVDD-6dKvbzct0ej3vDATGvGJZnrIX6AC_YVEZKEZIXzadJvLBquHVgDo0DZEj2WODIKw,lbveney,https://play-lh.googleusercontent.com/a-/AOh14Gjdjahbp8aNPUiHn9EAmtVyAi744K9luKfu-ZWAMQ,Must have app for those studying for the BCBA and RBT,5,0,2.1.2,2019-08-02 01:03:05,,
gp:AOqpTOGZZUVdYHBul_5bORlgaQqQOij4cAQj70JD_pnCo0sO3u5BRQKkDvNPLRQAeoWajEwAVwaUnVmoSfVabMk,Katarina Ondrejcakova,https://play-lh.googleusercontent.com/-djZHFNnG35c/AAAAAAAAAAI/AAAAAAAAAAA/AMZuuckaSw-g5EGQDzZBpAvP1ArpR5a5ew/photo.jpg,Great review while preparing for t he exam. It highlights areas I have to revisit.,4,0,2.1.2,2019-07-31 16:20:31,,
gp:AOqpTOE1kCdSAg6zU1SeJvCls5qY55yZzF52HWpnRd0fWz6pwAXpiBm4PaltAcEKZg5Nh0kaVtUJ6F0aP6DUaXk,simchaa ss,https://play-lh.googleusercontent.com/-rTgTXrfOx0A/AAAAAAAAAAI/AAAAAAAAAAA/AMZuucnlYI53rkFP1xjW1iHhGjq7G63EjQ/photo.jpg,fantastic!!!! thanks so much for the wonderful app,5,0,2.1.2,2019-07-24 19:39:56,,
gp:AOqpTOETuqMQ8j6cBJnuRbSAPp-MjiCbg26mVFJyrrSgyx3t5FK7XAN8_dHDpRuB4WkEMsWgnWbOiEaX3Fwj5I8,Gabrielle Higgins,https://play-lh.googleusercontent.com/-O0WUE_44u3s/AAAAAAAAAAI/AAAAAAAAAAA/AMZuucl6gJlVBjxisKKGbF2ursWsBByitg/photo.jpg,"good review tool, provides citations to explain missed items",5,0,2.1.2,2019-07-22 18:09:36,,
gp:AOqpTOGyV3qbRuyU11YBpnkMt88iXDo2ftuK1cEzDgxvQDcsrByVGQgdwdFyxRSMhn75wwbAr0n2y-7iQ6kfliU,Nicole Fino,https://play-lh.googleusercontent.com/a-/AOh14Gj5fGniwte84HTPwwN5tImIryUS9kIWyXNU7tOI2Q,Great and helpful!,5,0,2.1.2,2019-07-16 22:00:37,,
gp:AOqpTOH3Ay6Yo4JRATJBvsXTHYI0EuilifuT90WT7Iu7HfT2JbY21AFPai4m7L2XLl_gdw9A5wGD_q2ouWbgJ1Y,Jacob Stillson,https://play-lh.googleusercontent.com/-ttwv8IyDLvw/AAAAAAAAAAI/AAAAAAAAAAA/AMZuucl3B2wslx7AX7uNBQFQmToDIYXpRQ/photo.jpg,So far so good. The feedback is nice and the mixing of questions across topics is a nice touch to keep you reading each question thouroughly enough.,5,0,2.1.2,2019-07-15 05:37:22,,
gp:AOqpTOFdtpYm-EAHWDy7h0dLammjKWzhMvV_OX0IuCOvAYYT1pFUQZ9wKXVyGQw6cbHSE8QD4hIU-Ti91b9IBPo,Kristina Larsson,https://play-lh.googleusercontent.com/-_StQw7mYr2s/AAAAAAAAAAI/AAAAAAAAAAA/AMZuucmm-QOJVfZuReTw6jQFhVBp7RMdDg/photo.jpg,love it!,5,0,2.1.2,2019-07-14 13:07:32,,
gp:AOqpTOHELJbvjaP238-q0id90hk2inHaEHuajqf3LSDVGORWuCRAXuVsnhS4COw15u1jw5t-EKixxj1w-Z2Yd3s,Chelsey Fosdick,https://play-lh.googleusercontent.com/a-/AOh14GiP6DkVPJ4ZiV8eYKSofA3DnsgPgEDw20ruq36w,"Wish I could do quizzes on entire groups of things (ex. All experimental designs, not each one individually). Other than that, amazing!",4,0,2.1.2,2019-07-11 06:57:46,,
gp:AOqpTOFuvRE9tdOWirYByGODcMLoaYedtolSU7j9srkt55yoqlnEjbxmiUPgoeVYZMjQS9RD3IhIhoofCDrPPzk,Neutral Grey,https://play-lh.googleusercontent.com/a-/AOh14Gg8xJC-swixZk_rWtpvNI7sCm9TyOiqnnbAJOrs8g,Super useful study tool.,5,0,2.1.2,2019-07-08 20:22:32,,
gp:AOqpTOGecU-pq4TaZBnrs8INUsIEA-BVbGkJ4rc_SMFS0lMQIXEw1p14pewgqEmCHM_qcpFL9Vcu9k-b-uG8Puw,pamela follon,https://play-lh.googleusercontent.com/-p2iW_LUc-LM/AAAAAAAAAAI/AAAAAAAAAAA/AMZuucnPSeE6b4_qMrajoPHn-MLZddCENQ/photo.jpg,great,5,0,2.1.2,2019-07-08 08:56:07,,
gp:AOqpTOEjn6wcYp_rJN3F9YVaWTNy-TNuU0LzIA-jCYMqA68Z_VYcWpAa8PqkZbQ_-lChoj2K5WYRHZ5PFPzDxHQ,Stacy Klusmeier,https://play-lh.googleusercontent.com/a-/AOh14GhsaRD9DM3hcPLFApWonGUhcT2AxeO7cSWQ7abc,Love it for on-the-go studying!,5,0,2.1.2,2019-07-06 10:57:14,,
gp:AOqpTOEAI8sp76J8ieBhAKxW1VVuw0c2d343xM85h_2_j00cZSMlg6S91orbhR2WQymwwYTSTlZgHWCAuh0c_LA,Keone Boyle,https://play-lh.googleusercontent.com/a-/AOh14Gj2xGAOW9XUPdzggfPuj-mX0yHKGirCyJ7rAb11-eY,"user friendly, well organized, and helpful app",5,0,2.1.2,2019-07-02 21:05:20,,
gp:AOqpTOF6Q4gXqrj7607AuY6Gt4rbpI3Y6OVSRAWHgBQ1BPBWaGe7FJRg-RHbnyGxofdBwGcfW3BvgU64Choulyo,Rachel Thibault,https://play-lh.googleusercontent.com/-YpW33eMEkik/AAAAAAAAAAI/AAAAAAAAAAA/AMZuuckIeE9W6jhUeVBllwlnpDW14JsuAg/photo.jpg,pretty good,4,0,2.1.2,2019-06-30 11:34:35,,
gp:AOqpTOGb69QBCyJwm4skJurSVpVO49oXtqSWn_eDEHOFkj5xd72RO_OYGbS34k1LNiDz5aGUVltk4y6BzHQXgn4,M W,https://play-lh.googleusercontent.com/-osfy9LCDHgY/AAAAAAAAAAI/AAAAAAAAAAA/AMZuucl1bnA0Xuz6_KUHAtEYzLq3f9u6EA/photo.jpg,Great way to review for the BCBA exam on the go!,5,0,2.1.2,2019-06-27 12:58:15,,
gp:AOqpTOFJR1AHpT-M6VCEojGfbxJosLwEQ5Y2-HjLRgTdfcgRwoMeIi4ptbsKX0sbx5kqrbGLHe6pl7QCIhtTTc0,Amara Schubert,https://play-lh.googleusercontent.com/a-/AOh14Gh1vnjYGYoOy8YkokcZHragy3S6GAvtzugKsYdsYQ,Great little study tool for those preparing for BCBA exam! Questions are pretty straightforward but good refresher on task list topics.,4,0,2.1.2,2019-06-25 23:24:20,,
gp:AOqpTOE6xySF981OBBTuzP6Xh-5G83ylDoXaNjC1jl-BZyOocbvQvx4YZjlQ5mhAgO7q7ei1_i1fu4fjQL0Hk14,Motorhome Adventures,https://play-lh.googleusercontent.com/a-/AOh14Gj-0Qw7Ri1es_rxw7K-dUER33X2Tq-7qoqKJirqMA,Handy for revision on the go....at the gym...waiting for meetings etc !,5,0,2.1.2,2019-06-17 23:03:42,,
gp:AOqpTOH-obys8aY2IfuDifzGs775OgGZU8KuFY3y_Dd82ik06-JM1ajdxgvpyn13YEmKvlYR9XLVdQlNSX-EApA,Tori Spain,https://play-lh.googleusercontent.com/a-/AOh14GiNUunaYpVMcnHf3O69djxAqK0RedHAwY6kuPs6,"Easy to use, well worth the money.",5,0,2.1.2,2019-06-16 21:18:56,,
gp:AOqpTOH9OOyzuaIG6RszjY93nFtHg1O6qiREoH89TleNN0R3S6Z92Y5cf_RfPcfo_5WU9yHESZqmHv188_aNQ0I,stacy scalyer,https://play-lh.googleusercontent.com/-u9l8LYDi6Ds/AAAAAAAAAAI/AAAAAAAAAAA/AMZuucnI391XfNMXlOFGNxbPtduNffQ-SA/photo.jpg,challenging questions available to study anytime i have just a few minutes,5,0,2.1.2,2019-06-08 15:24:50,,
gp:AOqpTOGtVXf6RlQx-AQP0KMdaSG5V0szYbxB7DsMKtsfiZvqM-5FoZNZ-rTzqwwk4uJ7BRpRoMKIGvltCB66hEE,Cs Wallace,https://play-lh.googleusercontent.com/a-/AOh14Gj1odqub2frWMitvhY5PsbylKGxR1Ss4k1EvBZPuBU,"Just graduated and using this app as a supplement for my studying resources. So far, it has helped me correctly differentiate between similar concepts. I like the way it follows the task list so I can plan how to effectively study the sections where I'm having the most challenges.",5,1,2.1.2,2019-06-01 12:43:26,,
gp:AOqpTOFeMHPfMCaPP1lZ2X5uOYEr8WkdarWXFkhwwxBzetouBa-R2AF_XVZx5qiYn7PoMxtOp3QMf3YtxUyPCbA,Mystic Bloomer,https://play-lh.googleusercontent.com/a-/AOh14Gj4NN8FuPfDLE-7ddyI3SI9drjx4p_1JvfB12wlmoo,I'm very helpful for the test! I would refer app to everyone,5,0,2.1.2,2019-05-25 07:55:55,,
gp:AOqpTOEtuIsVN6O4prvn2SxGW87Q-dQAo6wHQLH7BguO_RSZW9SYnABEV138hriq3y9xlHKKojWZHq85HI3mnew,Aram Hovhannisyan,https://play-lh.googleusercontent.com/a-/AOh14GjFhU48qvBNxb4Hgm0ltWPlYv4lBBPW9ThUnrSvig,It is really helpful and had some tricky questions. I love the fact I can use it and refresh my knowledge by implementing it.,5,0,2.1.2,2019-05-24 20:23:07,,
gp:AOqpTOHz6JOkrXMaB5riiqWVXmEqWs3UHFp4ZA10KdobeaRMzM90Y_CYKNMq3CpSoBD3kitGELh0sYlgUEOJy40,cedric nelson,https://play-lh.googleusercontent.com/a-/AOh14GiHMbDNEDMVzdgg3QNXrb7eMtnmQE3LMpZCZgeJ-A,great app! wish I had found it sooner.,5,0,2.1.2,2019-05-20 08:50:35,,
gp:AOqpTOH_ZjEpjTeF23j18MxRd3U-xB0KNecPywzitvQOv4GG67YPWaorxSvE6qnGcg8gasvWNoNjI8AoitNlud8,Blu Sprinkle,https://play-lh.googleusercontent.com/-E4CGBAk5ZAA/AAAAAAAAAAI/AAAAAAAAAAA/AMZuucmhhdjAsHRoo_57gxOgIqvtqYJ5rQ/photo.jpg,good so far,4,0,2.1.2,2019-05-18 23:07:53,,
gp:AOqpTOGV1giK08c5duza3o0JFPqJobu8JaoLM7zseHt-Pro3oUId6q9ZvGjJV3vFo_fe_xdrl3tINE9M2Z-6b_0,Nicole Lavarias,https://play-lh.googleusercontent.com/a-/AOh14Gisf_pZwhx2GUK8G-0KdHIKDbDgErsuwe86JYNeQqE,"This is a great app for fluency and definitions when preparing for the exam. A few typos here and there which i wouldnt expect from a $10 app. Overall, its a great addition to other study materials. Definitely so not use as sole preparation.",4,2,2.1.2,2019-05-15 13:34:30,,
gp:AOqpTOEoMNZrC6JZrpCmH40Yir1bcjNJgixnypxdsfDnRLYpvLy0ueJHEJ3kBlJiFrfRZx5lRPSKTq3KyvTaGVU,Alice Batista,https://play-lh.googleusercontent.com/a-/AOh14GgwGkd1SMcquZOFUk8YNPhpZ5QLMweH2lZ-P2NW,Love the app!,5,0,2.1.2,2019-05-12 18:57:41,,
gp:AOqpTOHxKktuMV5PqgZIte8QmVyq6VwjbGFGAykXrw1IXZWejAQ_3KrIfeECPQMsug5nT27zY9NaM5tC6qvAdAI,Adrian McCune,https://play-lh.googleusercontent.com/-eV5i5sLBxcU/AAAAAAAAAAI/AAAAAAAAAAA/AMZuucmkNPeO20y8xwtXiNt7xbsd0QK5-w/photo.jpg,Great study tool!,5,0,2.1.2,2019-05-09 17:29:01,,
gp:AOqpTOEHFQf0mAuDZ-Go9zVl1v7YCvx24pAcfXSN_LHY2fSoW-FCrAohqsZ8zd4bQdKVdkQPQ7hHUR6lAg0C_Dg,E.B.,https://play-lh.googleusercontent.com/a-/AOh14GjAapo89mW549QNa5UanEJK5YMpBNeudL5gUY_v,Great for studying on the go!,5,0,2.1.2,2019-05-08 14:45:16,,
gp:AOqpTOFsz1gV5AKsU8VLFUA09NO3kdxLoZ6xAJn2xUln5jd6Wy3fPlVoSSbVMRr7YbM7-5_M7vJ7s3BmHUcTHFk,J Karue,https://play-lh.googleusercontent.com/-hiUw0DZyN-I/AAAAAAAAAAI/AAAAAAAAAAA/AMZuucmrkCJhS4xLUUTInQ-LbyUA5WNYbA/photo.jpg,Good,5,0,2.1.2,2019-05-04 08:11:29,,
gp:AOqpTOFrxUGSobXASA_yPOP4fj2yyZLWoCYpJg2hMzAq1q7IoMTChhn04WnmFp_DA-Ei-oRIRHmvOuaW67EX_kw,Cheyenne Ver Voort,https://play-lh.googleusercontent.com/a-/AOh14GjAcrcz1aa-J4g-A-xz78mNKqQpg9ti6B4oK2IPYQ,Awesome app that I find very helpful in exercising my ABA brain but it is a bit ridiculous that it hounds you for a review after each set.,3,1,2.1.2,2019-05-02 11:29:55,,
gp:AOqpTOFePFCcRqjOM-8eeS4wtWub8uLczOOPlLbQpq9Omihp6prfBGE8VEWhR0K_X7fc1YGzKUZM_Vi9-O_6ex8,Joseph Tromello,https://play-lh.googleusercontent.com/-WZhNXVhf42Y/AAAAAAAAAAI/AAAAAAAAAAA/AMZuucm3lOZUrlqBw-3dEgnfUbr3V9JPPA/photo.jpg,ll,5,0,2.1.2,2019-05-01 18:40:55,,
gp:AOqpTOHtrFm6CyWPkJJ6QQnNfi-LUiUUSO-lO6D-8bwpUxhwKnuCuEui-qHRXDqiU8maaZM1908eRTA1Of666B0,Eily Garcia Aguiar,https://play-lh.googleusercontent.com/a-/AOh14GhfrLUo7Hc7XQct-lnOisPvzLrGA2jbuo9zfxUl,"excellent app, great tool to study",5,0,2.1.2,2019-04-30 19:55:50,,
gp:AOqpTOF5SduPQibyjmrQdV3h9jLjxLh9R22DQCn_Y0rcdFVUDbvRX2-RNZ4gKVl4H0d8MxryNvbkCVVm7p5OWnk,Sehar Moughal,https://play-lh.googleusercontent.com/a-/AOh14GiqH8lLmwl2GbBf34giXND8NPxA30jH1EP4oIGrGA,perfect on the go!,5,0,2.1.2,2019-04-28 16:05:59,,
gp:AOqpTOHCCci2BPU2Xl-75-mFGHFFOuAvwkMuYnXDN8EXUoQZS-73ie2xVCvmLagG4YFu3o0P7xcI0LVgdZaZGII,anita barker,https://play-lh.googleusercontent.com/-hNRue8WSb-E/AAAAAAAAAAI/AAAAAAAAAAA/AMZuucnJetrbO3KvXpeGpE1W50Zs2_xMjA/photo.jpg,"So far, I lime this app. I just purchased it though. Time will tell.",5,0,2.1.2,2019-04-27 17:17:09,,
gp:AOqpTOHkmiGFMABHyAym6cvBLTRYXwxFWYfabejB6Obxfv7SIdPe2otQayl9csR1Wa95tObtCLDYTBx8N05ALxI,Nicholette Hackney,https://play-lh.googleusercontent.com/a-/AOh14Gh_gDY9VbtJUXNqFXJu56o6QWNQf1JsgKHCVH-1Iw,it is a great study tool for the price and easy to use. very similar to BDS mods.,5,0,2.1.2,2019-04-25 16:26:47,,
gp:AOqpTOE7w_LRf_dsp7V-2kF1FaqDJglKhM4jAcr6C1CIf8csC0Ziv-5OnGe8BlcKXU6KJz-P9sjaJ5qFePr5EsQ,Jose Montada Ochoa,https://play-lh.googleusercontent.com/a-/AOh14GhwZFAKX4phzFt9wThLh8qWJFlAXjjWdENmeHITzr4,Very useful,5,0,2.1.2,2019-04-23 10:13:22,,
gp:AOqpTOHjI0lFBS9tZyV0G2lEVG-pSJxDl7MI8R_9xKfffd5ajEP9sVfkkesbsVpjgaKJvzCGgXl1YG9SHjzbdsU,samantha parker,https://play-lh.googleusercontent.com/-HUWyIs-ghiI/AAAAAAAAAAI/AAAAAAAAAAA/AMZuuckYx7GpPrro4AeO-RwOH1KXrwELcQ/photo.jpg,Really beneficial!,5,0,2.1.2,2019-04-14 13:50:44,,
gp:AOqpTOGxVAGRAJXmLzvY0NGcd74rgOXojqkwYwSOsYyMwPzpLQqjIki-LG6SJvst245OFBk7GWWLmkMKVRcYDe4,Somesha Pickens,https://play-lh.googleusercontent.com/-QYxngDODwig/AAAAAAAAAAI/AAAAAAAAAAA/AMZuucmaTBtVry7U5SajWzRLYgrSsBCtTQ/photo.jpg,app bothers u until you select a rating,1,9,2.1.2,2019-04-11 15:08:48,,
gp:AOqpTOEHQcskRWRxLVdNDQbZpDVdys6QJyQ9KWpyjidKcVS8DvrGVPX6GYT7HIIZpL1_0OINw95iILcxjOPt514,Victoria Smith Lyons,https://play-lh.googleusercontent.com/-i4OBQmuknKM/AAAAAAAAAAI/AAAAAAAAAAA/AMZuuckc9m1HlszT4z41T67NFV1bSqlUZQ/photo.jpg,Great practice for the scary exam!,5,0,2.1.2,2019-04-02 06:04:45,,
gp:AOqpTOE7GDGCwwtnBSi00Q5KKS4RgRJrvmHYs17SzbQBbBRprh3ewMkpWeUQQk41kE9vE77cYsRc7eLndQMCaQw,Gema Castillo,https://play-lh.googleusercontent.com/a-/AOh14GhhcScJbzl4g-HYfwK9dCve63CKnr_ET7hNLrTBqw,good vocabulary aid,4,1,2.1.2,2019-03-31 22:12:17,,
gp:AOqpTOHpiDkorHnKqhC_3RCsAdO8viwAhSnITk2oqJbPEX3wouT1AjE6Oob0uqCipyLYJefILwX9w6P9zjSpTaE,Carla Farley,https://play-lh.googleusercontent.com/-X1VOvB9bKy8/AAAAAAAAAAI/AAAAAAAAAAA/AMZuuclbtEkUsFZLv4gx4PTkT785cBt7Pw/photo.jpg,I like the mobility and portability I have when using ABA wizard,5,0,,2019-03-30 16:16:19,,
gp:AOqpTOEL6P3VyxV0FyXeEiJ8gzZ98JBU_vIaO3hD6pY1D7fzQrnzpUvsj6mCkzrihDp5TSIEWppmLuxUZochgYs,Sara C,https://play-lh.googleusercontent.com/-W3yd1WbGyFg/AAAAAAAAAAI/AAAAAAAAAAA/AMZuucmhj9upV-LCxEiO3OFV6FbcZF-kGQ/photo.jpg,"Easy to use, and a wide variety of questions to prep for the exam!",5,0,2.1.2,2019-03-29 07:26:32,,
gp:AOqpTOF1BKQBKiOyhLWTuctt3dgVETVx5Cqrw3lMgGmjOlZEsffbA0LBswUvNpXUqvxBQSIzvVn7AlcNjLJUc94,Justin Castillo,https://play-lh.googleusercontent.com/-p0gSikMuUNs/AAAAAAAAAAI/AAAAAAAAAAA/AMZuuclHTURWMw2cMbvgiH68gMAtFFFlAw/photo.jpg,Great app on the go app that increases fluency of ABA terms,5,1,2.1.2,2019-03-27 07:37:14,,
gp:AOqpTOHOjEaxHPTIL5owoGBSXUg0mMGYtj3yLFrfmXVdMx58Ftq3Bffi4B5XkCgtbfL7uHL0jB0B62IiXFIvbb8,Carlton Le,https://play-lh.googleusercontent.com/a-/AOh14GgUOY6EKz2bDUk5iSBHsGoVG7FcBnDV4xPr-aeWWw,Great App! definitely recommend.,5,0,2.1.2,2019-03-26 20:22:20,,
gp:AOqpTOFOCiVGTx9vUI1KiP3X7vvAoy6jCa50KxSKKQoYk3P18iNIWjVgSCmDKAU3HfZhtJeGE_dxUZSMx0QeGYo,Meggan Dubin,https://play-lh.googleusercontent.com/-UOswSylB2kU/AAAAAAAAAAI/AAAAAAAAAAA/AMZuuclqDL7iMLNDx8RntDQvqeCnk9yU6A/photo.jpg,Great on the go study tool. Enjoy the immediate feedback for incorrect responses and the variety of questions offered.,5,0,2.1.2,2019-03-26 19:03:14,,
gp:AOqpTOHixS6JXLmFp7ctnIhRl1q5rLLGNk_0oX55f2vkENivsvOZ7XAZLSNZJ0gvKaAS1ffW_lf6_HunddA-S7Q,Chris Allen,https://play-lh.googleusercontent.com/a-/AOh14GjkOQciOhUWvF34Gq97JAVvA5NRql5AsEscAoWbiqA,"great app, easy to use with great questions",5,0,2.1.2,2019-03-25 12:34:33,,
gp:AOqpTOH72UaEBJnlc24jk1Ov-6bkih7T2XmHTWv3xpnrz2KfOANB6uVvMbGgnpkc_yTAUUDCmfgCHtQXGr_1DwI,Rory Smith,https://play-lh.googleusercontent.com/-e2l9QBdrJDU/AAAAAAAAAAI/AAAAAAAAAAA/AMZuuclOFSANkGlEmNPK_C16nikWqbLSOA/photo.jpg,Excellent app. great preparation for the bcba exams,5,0,2.1.2,2019-03-22 15:10:15,,
gp:AOqpTOHGX8Z4Fv2jpT5yLZj0MMbsVzk5xORgq1yFf7GMMzcGfn18eFBFpaje0dTvTJyJveTo1ocFVzTslWee8us,ana castano,https://play-lh.googleusercontent.com/-TFl2ifXomnE/AAAAAAAAAAI/AAAAAAAAAAA/AMZuucl-J8s-h--PW5jF4_bduHnKodc6rQ/photo.jpg,Awsome,5,0,2.1.2,2019-03-19 10:08:02,,
gp:AOqpTOHtlH45UuAZ5wkkAdxTGLwVWMTZMe-95JcXhs7XcheUxYHSegk3YudfqRbBVfjMDylM5L0hpIOSM3wlPME,Zulei Vargas,https://play-lh.googleusercontent.com/a-/AOh14GiUlaQZKLV1QCZvda4UcRfeMFKZAFnqo-BMVw-96Q,I needed this app to make sure my commute to work was filled with more studying. I find it has a similar style to the BDS Modules. I like it!,5,1,2.1.2,2019-03-15 20:19:38,,
gp:AOqpTOFm63oslULCjyYU0Q3uzIbjnAywiB3MoDt5QS74pF_X4XiWQxgfzNfO89zt6LE16ELOMm_tAEGwxvh3Gyw,Michelle Fenton,https://play-lh.googleusercontent.com/a-/AOh14GhP4BJrtxX9A4bDypiwP2pCLHdbCyy1nlDVTKe3sIg,"Great study tool, especially for on the go!",5,0,2.1.2,2019-03-03 07:46:38,,
gp:AOqpTOFepo3B6EGjA0QKvHpihcJ9CaieIeXoC42mDNxRsFCKoSRGtkkaz7oZmBY08vCZgz9GMpN72MjMnJR5Goo,Carl and Katrina Doud,https://play-lh.googleusercontent.com/a-/AOh14Gg3PwLFTIPvZ_DdD8jPewEB50k_dCBZuZHuemUqbyM,helpful,5,0,2.1.2,2019-03-02 11:00:20,,
gp:AOqpTOHTRR_n0USZ9UaY4lT3iBd448MwLMKu5RyywIWAs2n8wv961Fwxs_ip94LVL6ap8qX4VSMTsmLx7ZFmvuc,Pretrice Brown,https://play-lh.googleusercontent.com/-3EeOWYGekHY/AAAAAAAAAAI/AAAAAAAAAAA/AMZuucnxHPmg_tXnj8se4_tB6O-oTFoFTA/photo.jpg,This App is AMAZING!!!!,5,0,2.1.2,2019-02-26 10:14:03,,
gp:AOqpTOGActanYqmmXNv-ofYVjvF6oaSDi_yeulqPzl9JyWM8yglyDYyAHPTqxvXp2NbY7Ih2atRzKM0IYHdWHAM,Sabeen Bilal,https://play-lh.googleusercontent.com/-swZd8oqSmO8/AAAAAAAAAAI/AAAAAAAAAAA/AMZuucnJdVu_K2vHsUZ7KyPFDLkBKuar8Q/photo.jpg,very helpful app,4,0,2.1.2,2019-02-25 06:01:10,,
gp:AOqpTOE--hHVLw-XtkjiwT1CZEbyZRSzS3kj3DIt-m4DusyXuSzeOY1DUcpe6XspPRqQgqGvOuhaDr2QUfxxRuI,Camiella Hay,https://play-lh.googleusercontent.com/a-/AOh14Gie1oKRtg9N1WtMJ2Do6fYoYZfVj1CLeyo7lLArHg,Amazing app! really able to see where I have improved and what I still need to solidify....quick and convenient! Thank you!,5,1,2.1.2,2019-02-24 16:57:25,,
gp:AOqpTOEHgWq2BQjTlpgZq46ouHBJ6_hdoDIt9KFuBU4Tfgx-l7oM3LG7hFd-kPKGdqfC73Ry12T8eVlhSbOsU6c,A Google user,https://play-lh.googleusercontent.com/EGemoI2NTXmTsBVtJqk8jxF9rh8ApRWfsIMQSt2uE4OcpQqbFu7f7NbTK05lx80nuSijCz7sc3a277R67g,helpful and thorough,5,0,,2019-02-20 11:11:00,,
gp:AOqpTOEIhh6TSMmXkU5YWIqBBbpX1umJ-JGyntaKflZAx6IEqs6HX0aaLY68xWMEiN366PpQVtjJegKPWwtljLc,A Google user,https://play-lh.googleusercontent.com/EGemoI2NTXmTsBVtJqk8jxF9rh8ApRWfsIMQSt2uE4OcpQqbFu7f7NbTK05lx80nuSijCz7sc3a277R67g,I love the questions and feel that they are questions that are well written to test your knowledge of the subject.,5,1,2.1.2,2019-02-15 07:51:14,,
gp:AOqpTOEU-OYBSq1EQhg5q_lWRMIWp2UxRnDpy5hEGjuL7PbBQhVOnBSv8ccmN9RNpr5T217GhyHEcOw8WOGsNeQ,Ashley Mitchell,https://play-lh.googleusercontent.com/a-/AOh14GjUa22Gbqxi8W7r0ePp0HpJqCJ0xpQKH-eYFXqy5gg,"So far, this has provided me with a good amount of challenging, but applicable, practice in preparation for the BCBA exam! Questions are relevant and similar to the other study materials I am using (e.g.: BDS Modules), and I like the references it provides for incorrect answers!",5,7,2.1.2,2019-02-14 08:41:32,,
gp:AOqpTOFlbvgmluppqgCogSKn5c5wzrJ8NHFzzJMgERYQ3GsIBsT4KmI0ny0PeWPCOwYIycjdorjQse6S8CkBt7Y,Courtney Balidoy,https://play-lh.googleusercontent.com/a-/AOh14GgCRRfHXqBjgQAdC-RUEJu40x5PIfGQSvYkYA1ca0Y,Convenient app for when I want to quickly review items.,5,1,2.1.2,2019-02-13 21:07:20,,
gp:AOqpTOGl5mOtrM7B71LHYUsbK3LSpBHTDstj4OuPN4feLoVMh_nCzH_eFOgKWwcOTPUOWrIPoV8MbBqVpPk9_X0,Sharareh Zainalian,https://play-lh.googleusercontent.com/a-/AOh14GhiJ7whU4sfykLH_Qo2M87W2cbu8cMNAUN2rsB3flI,provides useful information and knowledge that is important for the test,5,0,2.1.2,2019-02-12 10:16:56,,
gp:AOqpTOHm6Y3UFL0Qxgqe4QZszZrok0K2n9qkYchNFk13RYqTHq1Ic9E0iu7EZ3nfCPYiBzkl2b4uGc-MghEhkLY,Lori Cruise,https://play-lh.googleusercontent.com/a-/AOh14GgB-RYr9jVFilcNi-6Qj15Ydd0lzJSA-TE27HbNWg,love this!,5,0,2.1.2,2019-02-07 18:04:07,,
gp:AOqpTOF9vNnpH7zivNJ8D36LhJkTzTwqEhUl8OklFQXgstvZdEZwLkaYWzgUmNa0G3U_276L7WjtJdshuVJY3A0,Katherine Rose,https://play-lh.googleusercontent.com/a-/AOh14GgffJWifIGwIuExIuq2ayF8q6diJzCGr-shxLj5jg,Excellent study tool! It's like having pocket modules!,5,1,2.1.2,2019-02-06 08:32:34,,
gp:AOqpTOGFs9U9RwJSXHtnzT0AENLYytWwAPlGLEWnCy7R3925KFbHSN0kUfDdNQ9NE4LN3TzeX449hSMN-HFiGUc,Michaelle Berry,https://play-lh.googleusercontent.com/-CpQ3W6yzElo/AAAAAAAAAAI/AAAAAAAAAAA/AMZuucm9QqM2rD5XsGQ15aCsQsarYlliQg/photo.jpg,"awesome study tool, I like it so far",5,0,2.1.2,2019-01-26 14:13:19,,
gp:AOqpTOFgxQg2mRA0kfoZWrctCvQbDezuDqP_WMKwTRlc_T6l7cVXK5eH0B4FUiH4TvWbw4qLmFXPG4HBTksrkjk,Gregory Todd,https://play-lh.googleusercontent.com/-bd5u67kgrAs/AAAAAAAAAAI/AAAAAAAAAAA/AMZuuckgDc-f70k1SSCQ_KhT7G6nrA1h2g/photo.jpg,"Great study tool at this price point!!! Thank you ABA Wizard. Plenty of questions and categories to train your brain for the test. Having the explanations to incorrect answers is key!! I've gotta know why the answer is wrong and what ABA states is the correct definition or term. It's not so much what I know, but do I know the Task List correctly.",5,5,2.1.2,2019-01-24 15:07:55,,
gp:AOqpTOF41fpH6pX6eDO0jFgHGl4qV4vkK9HBspwdVarhgWACt5aR5K4bsm7_zQoNevZ3CeJtR8RwYx8KdDcjr_o,A Google user,https://play-lh.googleusercontent.com/EGemoI2NTXmTsBVtJqk8jxF9rh8ApRWfsIMQSt2uE4OcpQqbFu7f7NbTK05lx80nuSijCz7sc3a277R67g,This has been a convenient and helpful tool to use when I have downtime or if I want to run through a few quizzes in bed before going to sleep. I use this along with videos and reading materials in my prep for the exam. A BCBA used the ABA Wizard app as extra prep and recommended it to me. I recommend it as well!,5,3,2.1.2,2019-01-21 21:53:38,,
gp:AOqpTOFenll8qSmdMBv05Ea2lfQ1qfiZmZf_PrZu9zk12eXOdSn4dvhKQVtRhq2OcotodEj6j2qNCNvsxp8C648,A Google user,https://play-lh.googleusercontent.com/EGemoI2NTXmTsBVtJqk8jxF9rh8ApRWfsIMQSt2uE4OcpQqbFu7f7NbTK05lx80nuSijCz7sc3a277R67g,"for only $10 this app provides you with material that would cost over $200 anywhere else. I'm extremely happy with this purchase! my favorite part, is that this app is based off of mastery. it doesn't let you complete the section unless your fluency reaches 100%",5,5,2.1.2,2019-01-21 03:58:46,,
gp:AOqpTOEcSXgfjCSdXjSTb0VgHtXhDrAfLvuC8Xoftfpjr09JiWPyR5FtE-_BnW4S9ernL4DRw7UCx-q2ZvCZ99Y,Adriane Byers,https://play-lh.googleusercontent.com/a-/AOh14GinnO41QbgHJGS8skJHF0UrjlYymwW2JgYEUzz0,would appreciate more random questions and perhaps longer scenarios,4,1,2.1.2,2019-01-10 18:09:27,,
gp:AOqpTOEM2YlMeeOEtLhqtfaVJ-o9Oy2Bwq3avR8TtGFLlq7gpd_jF_BUycFODRnPrMerDmqZORiQhuQ-7euLHw4,Dulce P,https://play-lh.googleusercontent.com/a-/AOh14Gjkn2k37xXEhWhKtX6dCkBHZALrhCbzPxpJnNDJAA,Awesome,5,0,2.1.2,2019-01-10 10:06:42,,
gp:AOqpTOHxwnVRs3r8tGimVxr5etTm3EqdVe457jMiRjEg-sFQ_Hcp7_nGDnTbSv01Rc9u7SUVEjudSDDXhYXhpAs,Kahrissa Pratt,https://play-lh.googleusercontent.com/a-/AOh14Gi3xCp7UoZEWw2j3qn1c6Lo_1nynclpQwGl9Tvoxg,Decent for understanding the concepts but not enough questions where you have to determine what they are asking.,4,1,2.1.2,2018-12-29 11:37:20,,
gp:AOqpTOGYtFgpMuF2_gL_1qkyEgMV_WEOrahvZFG0DrvI-knKhOhNMA8uxyCiwB0hXeTaG62JOHGKbpIxKuzLoE4,shanna Havenstein,https://play-lh.googleusercontent.com/a-/AOh14GilzxfbrNNFkr4MLEG9LMXFItdReGaroxP9n_wahw,This is awesome. I plan on testing in November 2019 and this came highly recommended!,5,1,2.1.2,2018-12-28 07:24:48,,
gp:AOqpTOF_9HOn7ST4X67RwY5YV81dpPTdmddBnemNF2DB2gSeDcGhNMg2YlS2kxgVeEuhAYqBezjs8OXoDEm9I3A,Fifi A,https://play-lh.googleusercontent.com/-U47lHjq5eHg/AAAAAAAAAAI/AAAAAAAAAAA/AMZuucmJ8uAm6G5BLip0WDc36sIb07134g/photo.jpg,"great app, motivating me to revise on the go. also like the prompt feedback for incorrect answers",5,1,2.1.2,2018-12-27 16:51:10,,
gp:AOqpTOGlAiJoxT_H8yxovug8LPmv3oxGatm3jQ4HQmH_jJqpJr_qbb2brfmQqxer1pwF66NpBZFGTpHt5V3Jnt8,Alex Packard Dell'Aringa,https://play-lh.googleusercontent.com/a-/AOh14Gh_coxz6mHoEpcYfrL5HnBsL0taiUoyPj2JpUQPFQ,"So far it's helpful! The quizzes are only 10 questions long, so it's a quick way to squeeze in studying on your lunch break or while you wait for the bus. I would love to see: - A greater variety of questions within each topic. Some quizzes have the same scenario multiple times, with slightly different questions. - If the best quiz score could be displayed beside each topic or if there were more than 2 colors (orange/green) for completed topics. With the current system, a topic is only green if you score a 10/10. All scores before that are an orange/red color. More colors or posted scores would help users prioritize areas to go back and study. For example, if I scored a 5/10 on one quiz and an 8 or 9/10 on another, I would want to review the topics and retake the 5/10 quiz first. Depending on time, I may not even bother retaking the 9/10 quiz.",4,5,2.1.0,2018-12-06 07:45:04,,
gp:AOqpTOEh7PoFmt5FMyeM6RvIDBqTaP_zMjBmj1cjvhT8XFOrn7N1AVLOT-jfWHy_TkMj27VxL28pSiIwXVbh_CQ,Rebecca Cachat,https://play-lh.googleusercontent.com/a-/AOh14GhOCTa3woz6GRfkU-YJFjm1o-nxv2NxZ6I_zCDl1Q,This is a great study tool that I can use anytime I have a few minutes free or when I've set aside time to study. I love the random question feature for review. The colors indicating how close you are to mastering the content is helpful too.,5,2,2.1.0,2018-11-17 18:10:02,,
gp:AOqpTOE2mfVR9sAas5M9IwHjY2VNM8B12btbhlbwsxd7_-j8Yk9E8Xru_7B-57rgaNEBgXy-VF2C1Sr8iPpLTps,A Google user,https://play-lh.googleusercontent.com/EGemoI2NTXmTsBVtJqk8jxF9rh8ApRWfsIMQSt2uE4OcpQqbFu7f7NbTK05lx80nuSijCz7sc3a277R67g,"Honestly, this app is amazing. Don't waste your money on other expensive study material. If you read Cooper and use this app you will be fine for the exam. That's what I did and passed first time. Thank you ABA wizard! 🧙‍♂️",5,6,2.1.0,2018-10-23 13:36:44,,
gp:AOqpTOGo9UkbVwUwuEWAtrEHatDskNjwegT811Au-dGpjmbunLWOL3rbxVJ4zxKe2uR-2pv9GY0hMwHPCHJz_Rk,Sherry Wong,https://play-lh.googleusercontent.com/a-/AOh14Gh7q3mGdb4sv6SO-ZF0BBKUpoY5gSJGWDhFk4ODF24,"There were lots of grammatical errors which made the questions confusing. Questions that involved all the above as correct may be correct for one question but not the next several questions even though the choices are all correct. Overall, the app requires a lot more quality assurance before using it as a study guide.",2,3,1.0,2018-04-14 08:22:50,Thank you for your feedback! Please update the app to the newest version. All questions with any grammatical errors have been corrected to our knowledge. Please send us a screenshot with any other feedback you may have.,2018-05-03 18:06:40
gp:AOqpTOEEtTfb5_424_pH826NFcdB40r_5VXkixF7YNkw5uz6F-E0rPngN3aVwC-IMd538SQK14_bJD-y679p9NU,Nicole W,https://play-lh.googleusercontent.com/a-/AOh14GjgwbWO1n8ZOzwqh1QUnUIkyaJrpCnpkWyW4w9C,"I don't trust the answers after finding incorrect responses, which makes this tool ineffective, frustrating, and untrustworthy. The app is a good idea and it looks fine but I would have never paid for something that wasn't accurate had I known. In fact, until it's fixed, I think it's unethical to charge for it.",2,2,1.0,2018-03-10 22:35:27,We are sorry you are not satisfied with the app. We have spent countless hours writing and reviewing the content. We would love to know which question you saw with an incorrect answer. Please email us at abawizardapp@gmail.com so we can make adjustments if needed.,2018-03-11 05:15:15
gp:AOqpTOFDIxA_4MnmINMi0ISqe6qGGSz-KhAOEHXoG3E73ARB6lnP8DrGEB0HtiW0z0y8E9gu1yBuCFzhwcrdJCI,maydelin prendes,https://play-lh.googleusercontent.com/-1BCRaM7Lrq8/AAAAAAAAAAI/AAAAAAAAAAA/AMZuucmkTKUkjGkMeJYmnKEtgi4LRpLP5Q/photo.jpg,When are you going to fix the issues about the experimental design graphs??????????????????,4,0,1.0,2018-03-09 11:26:02,"Thanks for the review! We actually have the update ready and in Beta Testing. :) If you’re interested in being a beta tester, we’d love to add you as a tester. That just means you get the update quicker, and give feedback if you notice other problems. Email us at abawizardapp@gmail.com if you are interested.",2018-03-10 10:06:00
gp:AOqpTOGeyYbwY7AXDuh2lRDD3lA30d0-pLQoviX_W6umbt45Qoovr3dTI1xTq-MrAgO5VzJ1X5Ik7I-EQ7vZpT8,Joshua Middleton,https://play-lh.googleusercontent.com/a-/AOh14Gg9auYGN9WIQ6rua-AUpCoFHtsvJwNokkWvtGu0_w,The app is great! Only issue is the random quizzes do not display graphs,4,0,1.0,2018-02-18 08:35:29,,
gp:AOqpTOHDO9JWJ_Oh3UGI3sw_te77jc5FTeJ8LAU3LCkcUCTcdgDloDhFmERoyKZ1mgtsvG1A7Aqjy3gtCAnP-PU,Brianna Citro,https://play-lh.googleusercontent.com/a-/AOh14Gj4zUJ48M5_7xteKwlcOrvI9hX54WtFKeGg6lIV,"I love this app! One problem I find is that my graphs don't show up for all of the questions. Suggestion, rather than only green and red for topics, yellow might be good for 80% mastery. Would also like to save specific topics to randomly review later. I.e. I want to review measurement and bx change systems. I can quiz on those two together. Thank you for this!",4,1,1.0,2018-02-03 11:43:18,Thank you for the review! Graphs are now available in the Random Questions feature.,2018-05-03 18:10:15
gp:AOqpTOH2i2VUJXfuaBqb33nW-ZWssQMURJcquqxHh15js6GxsQFDPdPYszZWKTaV07YD6a1_EUcLbk3fQyoBXb0,Shelby DiPilla,https://play-lh.googleusercontent.com/-SoLDFOjLw-Q/AAAAAAAAAAI/AAAAAAAAAAA/AMZuuckPd1keQ2cHEEKJDRSslpYPVRtBsw/photo.jpg,The questions are a good review but the graphs are not appearing,3,0,1.0,2018-01-30 08:55:02,This bug has been fixed. Thank you for the review!,2018-05-03 18:10:29
gp:AOqpTOHiaMDugD2FcUINt8Yw4TrtVe7GWJPJQepgoIucV9oJoRZfszuC1HupUPp7cGS1_XyqXBwNBsU0LXp2l1E,Isela Stephens,https://play-lh.googleusercontent.com/a-/AOh14GhKN-PMzXeXXAHHtQ271AStGwfq3A8P8wDzBLCVWJw,"Great study resource; however, when on ""Random Questions"" mode, graphs do not appear on questions.  Example: what is the trend of the following graphs? ***Graph is missing*** only multiple choice answers show.",3,1,1.0,2018-01-25 08:33:31,Thank you for the feedback! We have corrected this bug. All graphs are visible.,2018-05-03 18:11:53
gp:AOqpTOFidhB4MebgjtfFyes6Df_LNJbJU2QPDpaanBsaUFHR0d_L0DNSTxBPIKNGEzMZE9AKhFW0blcyKFulLN4,Kade- H,https://play-lh.googleusercontent.com/a-/AOh14Gh9G0Ph7xFHvvu3EdP7x5HrbH1xnhe5ZmPK6qQOLA,Great study tool to keep you on the key components of ABA. Excellent to take on the go as you bring your phone everywhere.,5,1,1.0,2018-01-13 05:36:55,,
gp:AOqpTOGsiiROPcZNNEn66mC4lRviKOS9GeU0PzXOUvSaXgurLy7nnR6mJzwP_olopMtCdlljajVdccQTUlr2IrQ,Lauren Bauer,https://play-lh.googleusercontent.com/a-/AOh14GgjeiUXqOb-k_YmaFYq5slEnoW3v-DnJncHRrF_,Great study tool and the developer has been on top of all bug fixes,5,2,1.0,2017-12-17 12:29:57,,
gp:AOqpTOGqI_Pu-PPTzDSOJUy__FiilUUL9wN734SnuUkkCA3BV1ZjYsGGTLGv_w_KO5-2JnXBrDmHxmWjnJvdMJE,JBell81,https://play-lh.googleusercontent.com/-QUi1Cb-y7cw/AAAAAAAAAAI/AAAAAAAAAAA/AMZuuckIRL73yaUvKz3oUfR1y4aqWTBc1Q/photo.jpg,Very helpful,5,0,1.0,2017-12-14 05:04:01,,
gp:AOqpTOHr1TlK0kUJvaCLaJwLDE54kNT--8gCATbOcq90Fbu3fzk1x4oBhC1ou7I5eXlfk5IKMXMFvu_5NGFtu3c,Skyler Tolman,https://play-lh.googleusercontent.com/a-/AOh14GjBoEE4ps6yzSgk4LWXerBN-YlkXb0UIc0yA2gts90,Great study app! Tons of great questions and an easy to use UI. Very helpful!,5,0,1.0,2017-12-13 07:40:44,,
gp:AOqpTOFt_iGT8oul_lrCJ1SydniYijX_ZbLhAid1nX-wNsYoTH2lULAWdrgEEiZu2jX2HkrbQkXidew8EhiVzvI,Trianna Flores,https://play-lh.googleusercontent.com/a-/AOh14Gg5kkMmqIbzOxILFmK88EiBn6jvv40GQ5M7gex60H4,love that this app gives an explanation and cites where the information came from! Looking forward to this study tool!,5,0,1.0,2017-12-10 21:36:57,,
gp:AOqpTOEodrEVmNL9gAVeFE2a_uLuzbd5vo9iO3xVuc4YOkGL-JON8ppzddFBuNlwZO83KeLFBkuRi8VtdnMHYZE,Caleb,https://play-lh.googleusercontent.com/--RCicscPjDU/AAAAAAAAAAI/AAAAAAAAAAA/AMZuuckACmV5uCXggeE52KWUlvskcRn8lQ/photo.jpg,Easy to use with good questions. Now I can study without paying for the much more expensive alternatives.,5,1,1.0,2017-12-10 10:47:52,,
gp:AOqpTOHwHSGq02B-dXySdWAvQCLpGGeZKWDT6cqqqsit-OAAoDfvTtytWBN1YDo2zQB2klkvNXO_Z2aPiUk4G6c,Jeff H,https://play-lh.googleusercontent.com/a-/AOh14GiCUR-ZKIN_vacjmiKFGlANDZsl5HE4PRLK4yeDk68,The app is very intuitive and an incredibly helpful way to study for the BCBA exam on the go! You also can't beat the price for the substantial depth of content included and the app runs lightning fast. Well done developer!,5,3,1.0,2017-12-08 04:48:12,,
gp:AOqpTOG1IMKXFqG31MdBSLSO98sBRR2Q5h_STFzgP5U7HLeTd-BFQvcMpoxWLck1SG3xhKGwrF01iWpvdu3Ao1A,Channell Sanchez,https://play-lh.googleusercontent.com/-bjNwcr8KWZI/AAAAAAAAAAI/AAAAAAAAAAA/AMZuucmcEUWKkdz_uf5J7ibI_tnVYHYxAQ/photo.jpg,This is a great app to help prepare you for the exam... the explanations are great...love it!!!!,5,1,1.0,2017-12-07 20:13:12,,
gp:AOqpTOHQ-a8nhFLIqQlpPjQnpK-l7ia3avnIN3TyysY_1vrGNiSPhQ4eWBKk_2rhPeS5qcp_qb0n9bwZVkKX_MQ,Tyson Terry,https://play-lh.googleusercontent.com/a-/AOh14GgXeiK9AyDsIaz4xZYNj1ojph-o-uvPIimLt10oaA,"This is a great tool! I'm supervising two interns working towards their BCBA, and we started using this earlier this week during our supervision session. I can't believe how many questions there are, and the references used to create them. It's much cheaper than the online modules a lot of people (including myself) used to study for the BCBA exam. Good job devs!",5,3,1.0,2017-12-07 09:12:29,,
gp:AOqpTOHXszmNbBffQVH3UVhYUbnm9rcBd69tOI86UWSZG1OIqI-BKvDlUM1Ey4z9N0kgziGA7o183nmu1gndSsU,Cameron Tolman,https://play-lh.googleusercontent.com/a-/AOh14GgBeAPt5qP7XeqgfXpwhnWu2FVnDiCtO6sgP30nssU,This is an in depth study app that helps drill information into my brain.  No shortage of questions! Well worth the price!,5,1,1.0,2017-12-06 16:43:53,,
gp:AOqpTOFD2WZUQzRpVVQlWp1O3ezRBEMvxwTyJA-8O92GrhPJy7QVwNnM4PLOyOPaIMpQRCIeEb5EJZ7IGR8z46M,Richard Derricott,https://play-lh.googleusercontent.com/-3Fkwg0BsgPM/AAAAAAAAAAI/AAAAAAAAAAA/AMZuucn1lTksMrZH6_t5kiqT4MIPqdX5BA/photo.jpg,"Perfect study companion! Simple, clean, and easy to use. Love the explanation feature when I get a question wrong.",5,2,1.0,2017-12-06 15:15:22,,
gp:AOqpTOEnOk7Qsgp5SJSXBoUI0AtkAXEbbCpxUYeZzklsFehq39MjOlvvNMUYkzkwr7akhk7n1sATcgdtYfZeXQ0,River Park,https://play-lh.googleusercontent.com/a-/AOh14GjJZ_rL846k52XEt3ZkFCikX0s90Ou5o5LjclKdL38,this is a fantastic app that is very easy to use! It's perfect preparation for the exam and definitely worth it. Awesome!,5,1,1.0,2017-12-06 14:23:44,,
gp:AOqpTOEP_IE_rpydNohZVxappjTR1qE-SY8Wqhr8UFXOI58IBwV8wgEa4ZKM4OCqTEQea0YxGGZ1dTgjmz4Fkkg,C Hatch,https://play-lh.googleusercontent.com/-Jb8JqRJ_1JQ/AAAAAAAAAAI/AAAAAAAAAAA/AMZuuckUHgb2sh-EEo3p806faSEw9O_ayA/photo.jpg,"Finally! I've been looking for a resource to help me study for forever. This one is fast, clean, and simple. I like that it doesn't just mark my wrong answers, but offers the correct information so I don't have to go digging to figure out why i got it wrong!",5,4,1.0,2017-12-06 13:51:24,,
gp:AOqpTOGKMKydFLIUTRwy_uILJY0cjWOufFT4ir_nFaArNYtx7gP4rkj-wD4khyQZosAEn2X6tvBcptdohoCyaUs,Ann Heiner,https://play-lh.googleusercontent.com/a-/AOh14Gii6NnUrK4zhSst_7Zi05Uidf-idT5Z4SsMuVhU_w,This is a great app! Perfect way to study for the exam!,5,1,1.0,2017-12-06 13:46:15,,
