reviewId,userName,userImage,content,score,thumbsUpCount,reviewCreatedVersion,at,replyContent,repliedAt
gp:AOqpTOFJB-oUfTntsuPxiooS4SAHgpmuYX0IyElmDHecSNOIO-Fwa4WXzIVWuwVrl2SHTNUOkH1r2qFZ8n4FXw,D Deep,https://play-lh.googleusercontent.com/-WwDu_8Ka-aM/AAAAAAAAAAI/AAAAAAAAAAA/AMZuucnwpthOPdeluYL-he7cJxtXbnCfBw/photo.jpg,Additional vocabulary from the book not covered. No spaced repetition algorithm for flashcards,1,0,1.0,2021-02-09 20:04:23,,
gp:AOqpTOFc9j8REkKRPF7rq8DWpkET60PAuw6cZ5mPXKslB8pzPkpJHpLNIiixSWgs8auIqNh3uLg-WTw4mO6E6w,Erwin Wehenkel,https://play-lh.googleusercontent.com/--KvP3bsSmwc/AAAAAAAAAAI/AAAAAAAAAAA/AMZuuckEDwQ5x-qRN7NCeN-fYRwX4NjNmA/photo.jpg,"I bought this but a lot of words are missing... How it works is also not good, These are just some of the words from the book on flash cards...",1,0,1.0,2020-12-27 14:14:43,,
gp:AOqpTOGByAGeKN8ojjBooB1bgcn8jP41q6mlXf65iJZDtLQdKDZqrBA9gQd3izSRl3RIVNT2oW_lKyoNoFhyUw,Zakaria Benihoud,https://play-lh.googleusercontent.com/a-/AOh14Gh-x46eXpUKV_8sYRM-416n-eVS72ppNJq008SSD6U,"Works pretty well, hopefully they'll add the additional vocabulary too in the future.",5,1,1.0,2020-12-17 14:46:00,,
gp:AOqpTOGbI94L3L2siI2Cdp7y7NBZN2UEC6M4of9vet2m2kaz5soRqkQslIS29ENEloBTOJbvRex0rQ0ZM__ftw,Daniel PV,https://play-lh.googleusercontent.com/a-/AOh14GhWoxBwtuapUS3ZCe7HrczCye7JqvbBgfjtxnBuyg,"No bugs, quick and responsive to use and great audio files. Very good price, my time to put together this on Anki would have been much more valuable.",5,2,1.0,2020-12-14 09:35:06,,
