reviewId,userName,userImage,content,score,thumbsUpCount,reviewCreatedVersion,at,replyContent,repliedAt
gp:AOqpTOFs_6exzzEM5d3FtbtVgkJxZfLZj1gV9IgPKA5MFVdQM-LadcxWUTjgVO9xV2cE8zuxwnF2TV1mvqXMbQ,Hooman Sepehri,https://play-lh.googleusercontent.com/a-/AOh14GgKNqDmaXSW1aKwSHPRSmCW-ZYQWqGDaHa5_2CdZg,This is nothing like the original 1942 on Commodore 64 console. 1942 music was one of the best which was replaced by a cheap digital effect on the mobile version.,1,2,,2021-01-17 11:10:16,,
gp:AOqpTOGdMn_EMPNsYjMUuzhFupHYRkjJUHS96GflOMnt4U0_oTBvVu8Au2RxQWMGpYJTjAJaSORpX2AmOTeHPg,thePsychoGames,https://play-lh.googleusercontent.com/a-/AOh14Gi0Fq45E9NHAZJ0wZs_WSt2CKwqo9dxKJgQ9ArL5w,Awesome!,5,0,1.00.10,2020-12-25 00:17:26,,
gp:AOqpTOFnM-JhW8qJhe7THJ6dsn-E2rsH_-a1JWFAeY2EQejmIcBAfTp_dJWJwd8rEHmiZViP-s6p6uIUh9tIJA,Chris Olson,https://play-lh.googleusercontent.com/a-/AOh14GhDsYa4lt6fYjfbfI6E0ELdKwzMWx73jeIYbB1H,"No game can copy the original, which is why this one is the best. Pretty much the classic but with extra features for that extra bang for your buck. As a request, could you guys also put 1943 on android as well? Furthermore, Why would people complain about the whistle? Only one little repetitive whistle?? At least the whistle of the Arcade version sounds a lot better then that of the NES version. (Not to rip on the NES version, though. It's not bad. Hard, but not bad.)",5,9,,2020-12-12 04:44:27,,
gp:AOqpTOEKyHdQsw5pEq-yOVmDPlA25BwWHnvRL03IVWnm6T8-NqjKJ-Wfos3JHjQ-00GWjgNkKU90r-WARrxH5A,sveec taux,https://play-lh.googleusercontent.com/a-/AOh14Gh_8G7l97SZsR9bqfXi9ow5JABxCXja_lhWxKCIvw,controls are wack,1,0,1.00.10,2020-08-28 05:43:41,,
gp:AOqpTOHj898RTrG54th2d55JMYP5lBbZfvNiMjuLEBg6JaLeEn5PpevJjVunDoqJRzW6vWf1yjT95rpDIB-FnQ,Yosef Grey Fox,https://play-lh.googleusercontent.com/a-/AOh14GgPWwhPAsciTQQTSR64SBtuSp01ioE_XmqhhX9Q3w,Great classic arcade,5,0,1.00.10,2020-06-27 06:47:24,,
gp:AOqpTOEhh9zZCp3dFvNzmYhNq5gJazAj71ogdlAjy9VLm5MTWZd18sEgy6phlJTWfSkr8bEONt2j7Ek_7iZMUg,J.P. Lesage,https://play-lh.googleusercontent.com/a-/AOh14Gj3bSscFMCJ_67McQTda1cIG9tpW_Z3Pc7E53twCA,Desperately needs an update with options to disable that annoying whistle. Game takes only 66% of the screen height on a Note10.,3,7,1.00.10,2020-06-21 12:06:11,,
gp:AOqpTOHcB5fTUGEGJrN9eu-MISF7DXtmADovOk7tCPMpblcYLk_N1Xjx552M8GtLZJqBfXUo-Vk4hVe1iy_lWw,Stephen Crooks,https://play-lh.googleusercontent.com/a-/AOh14GjCpnZFygIqjfeOjFbk-m1wGqpTVFxlEZMzyC5jgQ,Needs updated.. whilst the gameplay is there. The game needs updated to support larger displays. Only ⅔ to ¾ of the screen is used.,3,7,,2020-05-17 09:35:51,,
gp:AOqpTOHpayftti3rs5UuG0upF4p3DRh4sRlBjs1Kml-0YTEzdi62thOU3AVPLEZUop5xy3fy4C_wj5IdegLBGg,Chris Scotti,https://play-lh.googleusercontent.com/a-/AOh14Ggg2axcmFykd09UfTclCDDWW2zLccu5y2wlcEXomQ,Not the version with plane upgrades. Sounds was annoying,3,1,,2020-04-14 21:08:48,,
gp:AOqpTOGrCgcVwfI05J4fKeBi3_Ow77GExh0sDN0-_egZph4dyFvl4VMO3kjvj_bOV7g523WAIb1sWqclm3cFAg,BlueRose 83,https://play-lh.googleusercontent.com/a-/AOh14GhBY5d9vd4umFlUO7JFqczh1c35NQCkmOGyfCD3vA,Finally the classic it hard as i remember 😁 but fun for break from or in general worth the 1$,4,1,1.00.10,2020-03-08 09:02:11,,
gp:AOqpTOEQfLcIhzbitsLSATypgAlCrPSrdnlNN_9JSVDrSTpycllcIHB3JjFNrpmkGj7eBByGF6XRCFtX3H5k0A,xxmoon_ _gachaxx,https://play-lh.googleusercontent.com/a-/AOh14GiCc8JFUpYbC1K0-LBn7NaveSlJJsPvFLqJvTbuTw,Best arcade game ever and I can play it on my phone!!!!!,5,0,1.00.10,2020-03-02 14:20:58,,
gp:AOqpTOHjZJzD5fDzodX3iuQFuG5UTdb8ZH7UNo4-3-RIQEGZxCHxtzQjE2Eu9pJxpn09fBbUdQ4FtUjIfF0oIg,Charlie P,https://play-lh.googleusercontent.com/a-/AOh14GiPspGpblgDkIg99heLM1ZmfVj5lJne8hWJXm9xtw,Do NOT BUY! Whistle sound so annoying! Tweetteeet tweetweetweeeee twetwe. Tweet.. is all you hear so annoying! Please delete the stupid whitsle sound and get 5 stars!!! Ugh!!,1,4,,2020-02-15 14:46:14,,
gp:AOqpTOEOI5RP1RhCRWfBxJihBKQz5xAtFLL0fZYZNYWwCGRyB3Sc9ppLqxL9t8h-KRMQDk61r-zmgFe5rxjCgg,Rainer Follador,https://play-lh.googleusercontent.com/a-/AOh14GiY6T-jYRewo9_vsJgjsdpnCQZyDv6946cnbwBVKw,Please update to Android 10,3,0,1.00.10,2020-01-02 07:25:53,,
gp:AOqpTOEDe1mhCZRC77-gefGAYFsZcJdrkZhZulY2qIUjKoNYy9WUYNfgJnYhX_DiYihM2ylDKchf8oQsBBIAjQ,Mark Horton,https://play-lh.googleusercontent.com/a-/AOh14GjVyqQJxfwm06rFFORm16ZihW0N7YGT4NMTlM9L1Q,"Classic game, but I'm not sure it was well conceived for mobile devices. Takes a little getting used to. But there is fun to be had.",4,4,1.00.10,2019-12-31 17:26:43,,
gp:AOqpTOHsp4qNWUaLAEc_urMjnJDuFYwvZ5iAev4eeVpCQZ0VBCpssPDfi71Wn6TyvD7dSph68QZJyrInjUbF7w,john deakin,https://play-lh.googleusercontent.com/a-/AOh14GiFTzi1DSh7F3JycTFNEAskH2dGGQeJfvXntImI8w,Terrible graphics and controls not great.,1,0,1.00.10,2019-12-08 09:57:55,,
gp:AOqpTOF2l1IqpSmqjz1N6JjOSWIBVDjOWbO6lbFwx7sIyEOxBw61AyvXI8SYM0Fy58XbIqGf3qs868VcqBqKfA,Daniel Melman,https://play-lh.googleusercontent.com/a-/AOh14GhFc9TRhIU_UJIll2pffqz7QMCX3VGlP12NolyzvA,Great recreation of the original. Well worth it. Please add a mute button and get rid of the whistle sound and this gets a 5 star rating!,4,15,1.00.10,2019-12-04 16:05:34,,
gp:AOqpTOHVYt9s7rivC_FkalcLBwAJDIQz3ZYtiMa_cQVNbM5mITghcG7NgUQ0vZeG7QORMty5dG0FU1N7CmqqMg,Ryan Schulte,https://play-lh.googleusercontent.com/a-/AOh14GjSIdqLxdFfXpOWdfyIW_UbZ1fD2LnEWQD2Qj0P,"Glitchy, not worth a dollar",2,0,,2019-10-22 07:24:45,,
gp:AOqpTOFHwSYpgFBbwWPugxBXW4dZ_WRB3MbbnsF0vue74WUlY9V6xWElmYwfuztQZbQCQJdjURoLl_Kbsy-aXg,Burrito Ass,https://play-lh.googleusercontent.com/a-/AOh14GgBlU_Z7ZPvP7zwEh10SVNvcKS2UgqP_X0wyuof0w,No what I expected and I can't refund,2,0,,2019-09-17 19:01:29,,
gp:AOqpTOFuV7KyyenoDYOiLiaUMXXE5z34UnHZ4B47JC78FilvryypH606KiWHHu3gZYA61LDiXKNdUNA5fpAXKQ,D KLAHR,https://play-lh.googleusercontent.com/a-/AOh14Gj_WwbP3Zmsp11SIRCaLQYWSrnqeshSLDe6v6OHsQ,It did not work but at least the Google refund was very easy.,1,4,,2019-09-09 11:05:50,,
gp:AOqpTOFYP8JMRf3qXlPyUciILwVKiJO14PTlkiQxY2CtlyY3PagLDan1Sl05GqfBKp1N5VhQq8THT8zYss0pVA,Rob Hedges,https://play-lh.googleusercontent.com/a-/AOh14Gi8JiQTaY2X4ZYrDQf5jKl366d6gWiyJYZf4tKavQ,"Galaxy Note 9 on T-Mobile with Pie. For those gamers who want the original 1942 coin-operated game, this slightly-enhanced version is as close as you can reasonably get. DIP switches not included so there are some other customizations such as auto-looping and advance warnings as a tradeoff. Some game history would have been a nice extra but for $0.99 it is still a good version.",5,11,1.00.10,2019-08-31 20:28:00,,
gp:AOqpTOEX35smNAQHPhzEJw_dmJRUeVK8Fdcfxt00DDF2FFoah8LR68J3bkCgzVz3zatgiZksupaOB_jCWvnP7w,Arkara Nhem,https://play-lh.googleusercontent.com/-AEkwtzhMvb4/AAAAAAAAAAI/AAAAAAAAAAA/AMZuuclGmF6Ov6_Ny13TfmZHzmRtE6AN-Q/photo.jpg,Crashes at start up and Google refuses to refund. Nice.,1,2,,2019-08-25 01:07:52,,
gp:AOqpTOGyJUyzApl8rFmA_29CDkd3-fbl14GffdCtqht16hYLQI7llgw6GgnD708sgKsKhjInZcM0pU7mNRVFgw,Chris,https://play-lh.googleusercontent.com/a-/AOh14GiIIPCEOvRa9_mYY2MKFv_UvW2kgYDNcFh31xSZFb0,Does not work on most recent android version.,1,1,,2019-06-08 05:35:18,,
gp:AOqpTOFVaMgS6xF-cYEyKQrQnBGs9-qhrzzMOG5bw5Qfkb88dmOTir-Zuy2NyjyDCV-4cYrvO8UUiZ7X3cg4YA,plAyer1 production's,https://play-lh.googleusercontent.com/a-/AOh14Ght_JSe4JKCb753y9IGa6vzsCqFcLEaDT8CLWiA65Q,very good 👌 ace,5,0,1.00.10,2019-05-23 21:20:01,,
gp:AOqpTOEQUnpSnD4tFtePgQ-JA_bvde3dYK_HNvcE5uqyrCZo3F0tE75gwsMuEcPnpSN7vScnRQ6t5L_D8BWciw,Tiny World Kaos,https://play-lh.googleusercontent.com/a-/AOh14GhigI4t0oqsefGeaYYR3tFoV3yO12BJpKBWnBOWqA,Please bring back more classics like this and updated modern versions aswell.🤘,4,3,1.00.10,2019-05-12 22:48:14,,
gp:AOqpTOEdamw_Y2wJVYVRa3xj2_uENuxYbEIsYiV1ueRm8O_XkCj5xOsbAHEIOQtmn9telZM1IQJBfuJ_PH2VLA,Bryan Stevens,https://play-lh.googleusercontent.com/a-/AOh14GhSdo52kr8T0LfZ79sSibwqF5SdTBkYbySOcuFZ6A,It is a fun game to play during spare time.,5,12,1.00.10,2019-03-27 20:04:16,,
gp:AOqpTOFBoejOJnspWVuU3K4-qyJVfkUbFppCEdomDeWsEMyge2Id24Bp5A1qvzYJBkV1cCSvv5PPF5Miaiec1Q,Nathan Friedly,https://play-lh.googleusercontent.com/a-/AOh14GjoEVxnS_BPERIwQtwCrZ9ea_TMbKyKmsxEEVPt6A,"The game play is great, although I agree with the other reviewers: that whistle sound is super annoying. They seriously need a way to mute that sound. It says it contains in app purchases, but I don't actually see any anywhere in the game. Maybe I just didn't play enough yet.",4,11,1.00.10,2019-03-25 05:21:01,,
gp:AOqpTOEx-WlEVJs-Pd2L-OUZzKEUlBUhej7D6GsRMNV2Av5Il9EGYOlV9x_Uym45MccQGL2k7nLd1kAmpJRBLg,Andrew Forster,https://play-lh.googleusercontent.com/a-/AOh14GhU9kZpeAi3coduIBRfE-HeZ5lX5I16fyGUpXv6LA,wicked,5,1,1.00.10,2019-03-12 01:28:45,,
gp:AOqpTOHnyUvl57nI-M1mJoo_-IyZbsbVbs2sjdgRlDejDUfemlpuQSXsmkU7Jljf4A16n-1iBJg-ysc0rnTdtA,Leonard Haigh,https://play-lh.googleusercontent.com/a-/AOh14GjG5BTRdHyBIdMaLbbxNQYOJKTlnQ-dlshCBxE4,"Can only see half the screen, and it keeps flashing. Don't know if it's my phone or what not, but I just wasted money.",2,13,1.00.10,2018-11-19 17:39:24,,
gp:AOqpTOHVKrLicY0tbaWibVyEEX15arJqnP-qtrK1NAhVdXFOFg3vgWPdYgGi5aub1__67FV9ywHbz0XgvS9Ewg,Daniel Shanyfelt,https://play-lh.googleusercontent.com/a-/AOh14GgwBNQQI2ia0hiVI_HYzxA9A_y2wEtPQH-4U48TXQ,no way to mute. would be decent otherwise.,2,5,1.00.10,2018-09-20 16:34:00,,
gp:AOqpTOECSuYd4u2OHodh_a9eR5QZtwNSjJeOJLsy4snAa4MixQBR-1ItwuJ3k5jO6rvPcVDrUajfRjWhJ1oDpg,Hermunanto Endro Prastowo,https://play-lh.googleusercontent.com/a-/AOh14GgnoKVuGepQH3JctYiPEoYgADUKl2h87_6pNn_WSA,Game Classic yang paling plek mirip sm versi dingdong nya jaman dulu. Nggak nyesel bayar buat game ini,4,3,1.00.10,2018-09-09 23:42:50,,
gp:AOqpTOGxJHWdB-BBTGfDrQFQ7UdHrGS18XDD1OQRUgh6C6iKeGNz1p4ui2N1YDChDbddDezuHtrFPN7xlR8HSQ,Phalla Sim,https://play-lh.googleusercontent.com/-qBPdFVK9JRM/AAAAAAAAAAI/AAAAAAAAAAA/AMZuucmsZYgtmeha7FmtS847wClU4BXxBw/photo.jpg,Bought the game can't even open the game to play it wasted of $1-29 great capcom,1,1,1.00.10,2018-09-08 18:16:23,,
gp:AOqpTOF51mpuHIS67FGprnihYv7566RuSd-ym_NNn4tOQ2b0rCaj-376rezzA1eZ89BiAd0bQnbR7H8Fm-Lqpg,David Horrocks,https://play-lh.googleusercontent.com/a-/AOh14GiFvvgFZ0mFpoDnB02BBtTTBmzRGpxY0Qyz3cvr,Superb but would like to have roll on a blutooth controller,5,0,1.00.10,2018-09-05 11:35:12,,
gp:AOqpTOGeBPMwrGQpCPJMFUxZgzSQ5F1E79-E_wJBdeXFsQIlpmvkUTM-u-4z196bD8RkuZhL4BEr9Xi5SifW5w,Eddie Serafin,https://play-lh.googleusercontent.com/a-/AOh14Gi3F-P0OcvYxBBJiQSYQfH3M93Lpy5rtgWo6wVT,"Nostalgic but buggy. If you are in the lower right corner of the screen at 
times, the controls wont react. there are also time roll doesnt work.",3,0,1.00.10,2018-07-30 06:38:27,,
gp:AOqpTOEp5JPaXCkmw6rIzyXWkZOzIyUp-kxoTfNf-O3ohkgrMdSXJC_9K2ossY8MppCFSyuHmODdGn40r6EF8w,Amjad Naseem,https://play-lh.googleusercontent.com/-tngW1ftvmeM/AAAAAAAAAAI/AAAAAAAAAAA/AMZuuckDo3QzHWyVUL-6vKHWBwFx8ef9EQ/photo.jpg,A good retro arcade game for the mobile.,4,0,1.00.10,2018-07-17 15:52:00,,
gp:AOqpTOGJm69ELF0XrAg7yUDa82h-EKDNTxa-1qb8CV8OlAI3bwIakSS5la2lD9TUC7YvhcyJb6P-cefo_VrEHQ,Quanda Winters,https://play-lh.googleusercontent.com/-81pWMHM4ZtA/AAAAAAAAAAI/AAAAAAAAAAA/AMZuuclkRZw8Ycu9uSpbWTbVRQf22u3fng/photo.jpg,Been playing this since I was a Young Buck🤣🤣😃😍😍💖,5,0,1.00.10,2018-06-23 12:32:52,,
gp:AOqpTOHNqHpbMRgGR1ON4n3aM79aRcNaPGtOFxiiJ5BT6JzT_011rfTZ9orZcK7rgP5h6jN40g0dfBg9dqio0g,R Rocky,https://play-lh.googleusercontent.com/a-/AOh14GgTT9bF9HxOgT2eIGHUbskgDVup1xbpJWeSjlOl1w,"Just like the original arcade game. Enemy seems to multiply too fast. 
Biggest issue is extreme difficulty in controlling your own aircraft... it 
separates from your finger (extreme lagging?) which means you often have to 
lift your finger to regain control... but gameplay doesn't stop or slow 
down.",2,14,1.00.10,2018-06-20 18:14:16,,
gp:AOqpTOGZdLTwzIlhdfYTMliH5RAUUU81LqYeO0c0VYPGG03WZ9xuWUBjYkYCCdtI5ymtgfnvRfmAqThA34YGqA,Woo Song,https://play-lh.googleusercontent.com/-FpcviECgKCs/AAAAAAAAAAI/AAAAAAAAAAA/AMZuucnIdT8dDsCLrUjU7NipUnl7kX24tA/photo.jpg,"Not the arcade game and only partly featured ie. none of the great weapons, 
bombs etc.",3,0,1.00.10,2018-06-02 03:30:01,,
gp:AOqpTOEifCfkedtKBJCnBY6H8iQGHS5yyASzm0p2W6VqUxmjq1_bLp0BfQMlUFgwHpavCN2TiItajbSoCIf7fQ,Arturo Apilado,https://play-lh.googleusercontent.com/-EisvvVPyJmQ/AAAAAAAAAAI/AAAAAAAAAAA/AMZuucmuNQVOb5mTWNWIOtcDHK74TBI7dQ/photo.jpg,"I always like this game with the arcade version. My fingers keep getting 
stuck to my phone, other that it's a great game.",4,0,1.00.10,2018-05-03 05:20:31,,
gp:AOqpTOGa0U4PXek3XffZQkWpn7oTDRsnMjlVnedOr5RAsHtwhD_C3TMFEtzaYihEkbXvYfs0W2QlHpYGe3jc-g,peter montgomery,https://play-lh.googleusercontent.com/-V1TGa3J_trg/AAAAAAAAAAI/AAAAAAAAAAA/AMZuucmby6-9YNlBdAfD7Dt9AjqGEqx3_A/photo.jpg,A surprisingly good port of one of my childhood favorites.,5,0,1.00.10,2018-04-25 06:32:41,,
gp:AOqpTOGJuZ2bSttrOAFu_mJt4GTQkSAPWz2fb0Z4Db20MdOihXOp-hkv1LC5YYodnUrx7nwoQCL2d8CnvBE55w,Moni Assi,https://play-lh.googleusercontent.com/a-/AOh14GhEC2uC9uCWozy7SgLr2Yva7ZPbVHF43Bt-PNMAPC0,This app would get 5 stars if the settings had a feature to mute sounds and music.,3,2,1.00.10,2018-03-15 15:46:26,,
gp:AOqpTOGTEJWFFBXe_coCss9R1XXbSGnD05DNqptKy7Z3XjTiwj2NlpOfMRJLwpdxNKI4XZMg3FinTmYQp3QjnA,Alex Andreadis,https://play-lh.googleusercontent.com/-0Srt_6wLHJ8/AAAAAAAAAAI/AAAAAAAAAAA/AMZuucnq3OS8l9SFfcoVlUgY5b-64lM9yg/photo.jpg,"Good, but missing 1942 c64 title music. Also needs option to remove bottom half controller screen and have it full screen",4,0,1.00.10,2018-03-04 02:46:58,,
gp:AOqpTOF46uxPOw2_SaKsrq6_ae7a_S0uw3Z89xTI_Z5gzVSS4vV3wUtME0YGFGThcKOAxGRp0un9OprFfvsYzw,ulturx’s Dad,https://play-lh.googleusercontent.com/a-/AOh14Gh9oRRx_0Wxz9ZtWAXsoBHOWpZmkdspBFDHKos94g,Great game I love it but the screen cliches can't see the whole screen when I play so I can't enjoy the game fix this I will be happy.,3,0,1.00.10,2018-01-03 11:54:25,,
gp:AOqpTOF7BYfTisMc96WwTHQUtrlKBgROEE9szTuBDjsA7BUGeYqxDPscknZyUjpsuE20zVUOhU46CC9nH5SWaw,Ryncol Lionheart,https://play-lh.googleusercontent.com/a-/AOh14GjqLoSWAo0HoOlT0vOE-0StwNQthsQ6HcPOaUjbwQ,"I wish they had the ship fig hts in it. Cruisers, battleships,  and carrier fights",4,0,1.00.10,2018-01-03 07:05:59,,
gp:AOqpTOFtemN_nkFlLwAryCu82MTWhTpksbdk6qwYO_yc--JXoj83PtBiu4RIapB1z7Q1-cKKd9Za_tGj3890SQ,Patrick Hebenstreit,https://play-lh.googleusercontent.com/a-/AOh14Gj1kaaIJ07zxLubhuFJrXtsBctu0vIYT5sGufTBcg,Nostalgia,5,1,1.00.10,2017-12-26 14:19:40,,
gp:AOqpTOFXpqiTGV0f7DIpmZ1oBH5nDEUwGbt5Ywsm5r-JqqZY9xXvxDAauxJhS7TFu8OSFCg-mYfjAx7iTYTq-g,Jason Logan,https://play-lh.googleusercontent.com/-yFU8pZrPHP8/AAAAAAAAAAI/AAAAAAAAAAA/AMZuuclsCpauyDFz_OUDcKWwv3sr_O8g-Q/photo.jpg,Love it.  Old fan of original arcade.  Just control a bit to fast lol,4,0,1.00.10,2017-09-06 09:38:13,,
gp:AOqpTOEA-KCDskOMd502ayTGkVoBOqgg7ZGD7PCrurABHOFfER8JHu78_DPwVnAfN1mZuX_NLmqngA4-49wlTA,Andy Nunn,https://play-lh.googleusercontent.com/-_mXWLsCqhX4/AAAAAAAAAAI/AAAAAAAAAAA/AMZuucmLYCsVxtiuZjRbM2DF_6rJs0kbAw/photo.jpg,Absolutely love it takes me back to my youth only wish it had option to use a Bluetooth controller!,4,1,1.00.10,2017-08-06 04:50:05,,
gp:AOqpTOFwqEeVYejrZsTO2ZlEArEUIXvEzZPJjqm6jnwOCOLzmeR93cBCYzg0HX5iT8zC5q-4o9beq-xGiOoolQ,Rob Gayatin,https://play-lh.googleusercontent.com/a-/AOh14Ghk7841KcB8MytxP1-gJCuc9M1mOD8YK_Zpg8Tpag,Nostalgic. I remember playing this in family computer.,5,0,1.00.10,2017-08-02 00:57:43,,
gp:AOqpTOGtNVn96V6nlfIcLnrnSxaRbXy3A6O1uwSEQLugDqu5JR8iQ87OiBYKH4K2bxWRKiX41USzN6abUJH48g,Kev In,https://play-lh.googleusercontent.com/a-/AOh14GgEEZKtAcME7TVGch2jcoDscN1GNwN-_bu1DKt9mQ,No controller support,1,0,1.00.10,2017-07-31 15:53:03,,
gp:AOqpTOGAaWilgkYlPeiCWGbROjRiT0WeU_i9p7CQNFF7VYQ1b-hJDoXTz1Eugb5RkeMQsUSDk8e2_nv9vD8L6g,CJ VGR,https://play-lh.googleusercontent.com/-fvk_yZ098QI/AAAAAAAAAAI/AAAAAAAAAAA/AMZuuclp_WZkzLFqNUJ2vcEXzTDFB_500Q/photo.jpg,"Remember feedin' coins to the arcade cabinet in 1984, and 1987? Well, no need for that, here. Shoot thousands of warplanes and reach Tokyo.",5,1,1.00.10,2017-06-16 07:54:15,,
gp:AOqpTOFA58ZAagPZTGLx9eBtsQ0CDTkrHBa3GK8V8lsatnhWdg9lzDWB6Gwmc-UaFjuHwcndj0XyBZbwZJPqlQ,David Rhodes,https://play-lh.googleusercontent.com/-sX9VendvL2o/AAAAAAAAAAI/AAAAAAAAAAA/AMZuucl5fw-ZB95kPsz414VISmyUimjj7g/photo.jpg,Seems good to me. A nice translation of an older game to Android with touch control.,4,0,1.00.10,2017-05-26 06:50:09,,
gp:AOqpTOFuLPj17EPsFc4kRk0rdHMg8QCQjHWEyrKt4o6j7RBNNgcWA3ok2JLvr6bnVwsf3BIWdbQvyMUdkB11_w,Đăng Khoa Hà Thúc,https://play-lh.googleusercontent.com/a-/AOh14Gior_kVc5VI1CdcZ4AhfuxBxZeUQ4znWhRAvWsp,Color error on zenfone 5 kitkat,2,0,1.00.10,2017-05-21 01:47:20,,
gp:AOqpTOGkLEm4PEcl7T5bjNdn5rXk4P_LAvtMRxWjFmDG_D74ybQkeiEVouXZi-_2zZ-C_bVBUxRb6oPPo1NcIA,Daniel Mcintosh,https://play-lh.googleusercontent.com/a-/AOh14Gi0d9cRtvmHpxBg6XKsIP0Gs9P7rJ5HY_eU-qYyrg,Basic 80's arcade port With a few tweeks here and there...nothing new to write home about...capcom needs to make a port of their dead rising games bring the zombie carnage to google store (play) .,3,3,1.00.10,2017-04-13 02:38:03,,
gp:AOqpTOG8WMJAZ4Qam9dozCTGNDS7EKMJHMQ2rJVLCeAI_RYftXDGXxV_iYWlSimW6IHKxjZQ1g0euCSC7xqQDA,Peter Duff,https://play-lh.googleusercontent.com/a-/AOh14GjPMTO5P6ZUxenSk3qeaBJw4-YyGaj4KxuViuqe9Q,Brings back so many memories. Cant wait until all of the bullet options are added. I used to always play with the sprayed bullets and it makes the game easier on higher levels.,5,2,1.00.10,2017-04-08 14:31:40,,
gp:AOqpTOEzENKwDFdYPK4s8uy6vsUgSBx01Z6cqsT_DHf3iCOKop21Sq2QvRNFiB_cpYVw8Wa5FleURjdYhWcLlw,Caleb Wilkison,https://play-lh.googleusercontent.com/a-/AOh14GiJvYoissSJXoIgfpTCE91xf6TnSSPFF0Gh-Vr-ng,Doesn't work. My screen just flashes and nothing appears until it says game over. Refund warranted!,1,0,1.00.10,2017-04-08 08:32:39,,
gp:AOqpTOFK6Esd3Fk-0dQ-d8R_pl7PLDe2mMHsDk2wUpw6SMN2plsylcedyMAr4VcpoVr2xMxvNn7alSQj0wAHcw,Diamond Boron,https://play-lh.googleusercontent.com/a-/AOh14GhvyhIs0eUyEm7Uq1LogJubutsxQvk0bsf7J7rQ,Brings back a lot of memories. But where's his cousin 1943 The Battle of Midway and 1943 Kai Midway Kaisen?  :-(,5,2,1.00.10,2017-04-05 07:36:15,,
gp:AOqpTOHES85tR3VYwoIt6sE76fvzBRFo9nk2fuLYRI947tzdbRWX3NbjjkUVKzMZopMiByCALPneZ20NuOVWtw,Daddy,https://play-lh.googleusercontent.com/a-/AOh14Gh87W5DyIuKU8SX9pc4oUHEaDEgr1n0BeQLN_eS8w,Takes me back to the NES days 💗,5,1,1.00.10,2017-04-03 15:09:50,,
gp:AOqpTOG_hkXEk1bpHjXxwexrQnkv05NsDQKE3cu0K6I_qGEmyYg04Twzo4MkTuy7rzXKjJ78q4sMEdIV8Flw3Q,Mark Morris,https://play-lh.googleusercontent.com/-2MFoHBM2AGI/AAAAAAAAAAI/AAAAAAAAAAA/AMZuuclBl3mzHHTi-tgYI2EEQ7vwN8oUkg/photo.jpg,"Very stuttery, but fun",3,0,1.00.10,2017-04-02 15:55:41,,
gp:AOqpTOH0K6wpwrhptdVishX2hlkiT1pwfPDut1KzCoTsTHi3ZnDPnD1EtseFtqV0bj4y_1Z5OnwFYgu2Osi3tg,Irwind Kee,https://play-lh.googleusercontent.com/a-/AOh14GjWOSJpMIgqcYO2NjNSGksgBZDCqTAJDr7PkFy4sQ,display flickering during game play in my mega 6.3,4,0,1.00.10,2017-03-24 05:51:37,,
gp:AOqpTOE5Kq3e3HYPLther8w4GMIJVmsgcjRmBM-t3Ck9yxrcn6jVptwcJ8WH-zy84bZar4Fk1jtI1OBv-cftIQ,MATTressInsptr,https://play-lh.googleusercontent.com/a-/AOh14Gikr3-XkbYSx7eHLyB63m0kGwcKxUTx-xYoULMSng,Needs controller controls!,2,1,1.00.10,2017-03-23 11:15:22,,
gp:AOqpTOHnK-NWtHhZyCcBfNXfhuzEGC56wXQ8poNj4gctp55ZZbqL1W2L1aOs3BbN8dHTG3YQrjhMHkoSq1Wvqw,Manto Lee,https://play-lh.googleusercontent.com/a-/AOh14GgXZy2OSwE3mGHCyD8PBggx9BAb8cW0kUcg_3b8jw,cannot change movement speed - dialogue not work,1,0,1.00.10,2017-03-21 05:46:31,,
gp:AOqpTOGbLv44NFyXc9Lr6nwSD8dglORpCME67OIvPipWbD_N1ic-tBPbc-GfFHC-gdFO8CNA-ZV7W04N2h4QGg,A Google user,https://play-lh.googleusercontent.com/EGemoI2NTXmTsBVtJqk8jxF9rh8ApRWfsIMQSt2uE4OcpQqbFu7f7NbTK05lx80nuSijCz7sc3a277R67g,Loved playing when I was a teen,4,0,1.00.10,2017-03-20 13:22:52,,
gp:AOqpTOHXdHmqMP-F87H1jeLJ7nM6AioAOektN9uzYYXuXWpKxLL5whyyrp_gB5bogdTfrX-b6xz1TKSvfWT6OQ,Murat Abiri,https://play-lh.googleusercontent.com/a-/AOh14GgZxw2cQm-txg6wJ6K2CwqqJOunWbLoOzHreNErtA,Just fun bringing back the old school times!,5,0,1.00.10,2017-03-19 13:11:47,,
gp:AOqpTOF2ddY-1sZylgp-Uu8JbUwVgi6ZZF0hwi_QlcGVv3uQroROeE8pHg1pqdfDLEshFA0x3QQaIhB_rF9VDw,Paul Fraser,https://play-lh.googleusercontent.com/a-/AOh14Gi-87s8hFMy4z4d5jHOScP-KdiHWTWtjk1TMaJk,Perfect. If you're a fan of this classic you won't be disappointed. Worth the few bucks for sure. Using on an HTC 10,5,1,1.00.10,2017-03-18 10:59:37,,
gp:AOqpTOHLDXY-1SWK86fUBwrac0zKwOtQF8_A8iEtuizBpFNeerrXlN_dAfdF_s2mk5bu7Ujo3dAztZeXvhRdUQ,Alex Jazayeri,https://play-lh.googleusercontent.com/a-/AOh14GjO_ABFDUkyVHbDyQ6vTmzCupB2n96l8jvbyI2fWlI,"Very good shooter, with an emphasis on dodging enemies vs bullet hell. Enemy behaviour progresses quickly, and adapting to this is the name of the game. Misses perfect score because game forgets settings between sessions, and due to slowdown when Internet is slow. Also, looping controls to slow/unresponsive to be useable, but you do learn to compensate.",4,4,1.00.10,2017-03-18 08:11:59,,
gp:AOqpTOHUIQYRcSUz05hzWdEe-1728RdYzCgnLmCYPp1N9utK9u0FTYz5stDbKLY9FekRpI2nJ-NhBCXKFIJb1A,Geoff Mitchell,https://play-lh.googleusercontent.com/a-/AOh14GhTlkNXedrFYF2l-0G2ePqr6hpDEbbwrStqfEGbbA,"It's ok, that screeching sound is annoying need a option to turn it off, and for some reason clicking achievements crashes the game back to home screen for me, plz fix. Sony Xperia Z3",3,1,1.00.10,2017-03-17 09:08:29,,
gp:AOqpTOHGGgchLuYyQxW_4AVVBdD8fhUNlRfOpNe06mpPkMe2xmHSSZ3t166_E7JBJvJLmPRtPpONy-S9E_KEoQ,Daniel Ochoa,https://play-lh.googleusercontent.com/a-/AOh14GjyTH9P38yN9L04i8AZSFArdP4qV6C7KQeub9iynnY,Works perfect on my S7 edge. Love it,5,1,1.00.10,2017-03-15 21:29:47,,
gp:AOqpTOEBrex68-MPH4AAbBsgP2FFn5_8JjG5apM9MLAmN8P25mYgQUutTzNN11eU_kjdFTb2ec6zEswCgRxMPw,A Google user,https://play-lh.googleusercontent.com/EGemoI2NTXmTsBVtJqk8jxF9rh8ApRWfsIMQSt2uE4OcpQqbFu7f7NbTK05lx80nuSijCz7sc3a277R67g,Game would not start disappointed,1,0,1.00.10,2017-03-14 16:08:57,,
gp:AOqpTOFvZB0E4ELyNAr34fnr1f-_Ik1_uTAMBDU6xnNSadFOD60FEOl_nenEO5KyXgqrWsTAvS1srH7L7_QoMQ,Stijn Dries,https://play-lh.googleusercontent.com/a-/AOh14GiEFddgL5MD66EuXjPrwsWa2oMKO3Omwk9S_FXT_A,"Not working on Nvidia Shield K1, stops immediately.",2,1,1.00.10,2017-03-12 05:22:33,,
gp:AOqpTOGlD1j350AlAkpEgbjZy_dTNANo46XZdkoWGwR4QDdwyvhXt36N7FZfmFb8MYeVDPVKwPpDE-V6PcyHPw,James Swaby,https://play-lh.googleusercontent.com/a-/AOh14GgDSd39-JcwaJBBLL3w0mZa2r8S4H2A4VpD3Qjm,"The controls work fantastically well, I like to have the sensitivity turned all the way up usually but these are just right. I hope some of the other scrolling shooters make their way out from capcoms back catalogue. Well done guys!",5,3,1.00.10,2017-03-11 05:41:59,,
gp:AOqpTOHf19P4ktyKERDvJ-xfopRQ6YUS5DZs8GNLYQIVovlglrQAgje05muKGS0_h8DcAc_0pghShd4LK6f78w,Lance Rubio,https://play-lh.googleusercontent.com/-ZLAtA3rjCU4/AAAAAAAAAAI/AAAAAAAAS_M/AMZuucnkjTP-atwH2LBuMclrTS0tZGBr5Q/photo.jpg,"Playing on an S7, skips frames, awful controls.",3,1,1.00.10,2017-03-10 10:21:14,,
gp:AOqpTOHIa6CswB3HVFMPQ1pm7fQI2S2FyHxUbJd7R-RnLYlqVGhuHQ85zY4c2GAXWQiAwoyi_56-uO8_CD4j_w,Simon Collinson,https://play-lh.googleusercontent.com/a-/AOh14GjdJX3CKyjfikJaSKVHlDGMgFcVphopZnvBfl8AaQ,"Nice but please fix the awful screechy noise, I have to play it with the sound off.",3,0,1.00.10,2017-03-10 10:04:32,,
gp:AOqpTOFjTY_kOx5YLQUvQtumyOgX02dXNonPFXM_yEhShyDpRSCUFePpx0rKaYEOZ5xhbxBpUlL26_z_qj-5gQ,Cornel de Winnaar,https://play-lh.googleusercontent.com/a-/AOh14GhCDv1FVZ9xNxw3dtSV2_Z_pLd3MHljaLx272kR2Q,Love this,5,0,1.00.10,2017-03-10 06:51:12,,
gp:AOqpTOELhHPQq9zjdI5vIcDBLKZi1r1Tdm-zKIsfqnfDp2WPdA0UFjNkdDgzdrmKlHxli3COMoouWdWJs4NkkQ,Geronimo Estrada,https://play-lh.googleusercontent.com/a-/AOh14GhianUou5gJsuKLVWpjdarkdjpNoW5tao2HP-U1,"As fun as I remember. And for about a dollar right now? I'm sold! Seeing this game in action again with the fighter planes brings back many delightful memories. It runs well on my Samsung Galaxy S5 with the occasional stutter, the random stutters are by no means game breaking though.",5,56,1.00.10,2017-03-10 01:54:46,,
gp:AOqpTOFiZqSz-dEw-cEyhsYGQgVWgu36JJUFD9ZG6f5GFOzgpEz3GZQKdUWNQWHxVhsEqL59ZCXPF9v2UjV2Og,Paul Mawson,https://play-lh.googleusercontent.com/a-/AOh14Gi_s0jagYeIBsGQDsMLr5aRUH6kqrzYlfI1k2-1YQ,"Yes Yes Yes YYYYYeeeeeeeessssssss, bring them all back please, i miss the days. This is awesome, it will take some time getting used to the controls as i used to use a joystick in the 80s, hopefully i can connect a gamepad though or even a joystick. ooohhhh",5,1,1.00.10,2017-03-10 01:31:34,,
gp:AOqpTOFAGOtsnefgtQARLPMk2hSI7HtaFJFgXLh8qGN8TRoxoeIqEcH2o4rjbZBez82yGFeVHVH3IFJowAnIEA,CASH ONLY,https://play-lh.googleusercontent.com/-WhEIOwY4_X0/AAAAAAAAAAI/AAAAAAAAAAA/AMZuucnQf6tblz166h_Jas3MJA7LKNC8WQ/photo.jpg,"The game is really fun when it isn't lagging.  Unfortunately the game has some massive framerate drops at times.  Usually when you have a lot of enemies on the screen or coming back from a paused game.  Really fun port if that issue gets fixed.  Could be my device but I play games with much higher graphics with fewer issues (nexus 6 running stock 7.0).  I gave it plenty of chance, as I have the top spot on the global scoreboard.",2,1,,2017-03-09 16:34:27,,
gp:AOqpTOHz_04Q4ACo8hzm07jQcZA4A3M2W_O46iWknPSQcKPRE9SQmdCD01UI81Us-irfZ0jF9np4dMzSwJH6Tg,Elwood P. Dowd,https://play-lh.googleusercontent.com/a-/AOh14GhwQRrXD9lekC4GDuX_j__LRooQOy5gSv1iiomW,"Broke 200K my second time, playing as a filthy casual. Eh, I'll take it. I'm usually terrible at this kind of game, so somewhere between bad and mediocre works for me.    Some stutter, nothing I'd characterize as lag, per se. The most irritating thing was the way the main plane kept randomly looping for no reason that I could figure. Possibly I wasn't pressing my finger on the glass as hard as I should have been, possibly the fact that I am playing on a Chromebook in tablet mode, dunno.  Summary: 9/10, (that looping issue, sorry) but I'm feeling generous so five stars for Google Play. Am old, remember this as an arcade cabinet. Will have to break out a Members Only jacket and listen to some A Flock of Seagulls, Duran Duran or Hall & Oates for the full arcade experience. Plus visit some hygiene challenged stoned fat guy for change for a dollar.",5,13,1.00.10,2017-03-09 12:36:59,,
gp:AOqpTOEIb7XlmULvViOTwmMeLOizIfmtmvexNHBcA-k2fMvRKI7CXRYuf0drgdsPtKEBfa0nywnW0fEFf2nCCA,David Costa dos Santos,https://play-lh.googleusercontent.com/a-/AOh14GjxSGj1J1BbYKuCSex8WaWClTqnxQok1o_NbiC_6A,"The game looks great, but the font text on menus are hard to read, it looks weird. Also, there isn't an option to turn off the music/sound effects!",4,9,1.00.10,2017-03-09 12:13:57,,
gp:AOqpTOGY_wcXh0DJrbvckDnC8C70-zIPow2XUKsffKlweUYryNA8GLSBiCv2xRAltYozlNTGs-jb-GhXURgAcg,James Johnson,https://play-lh.googleusercontent.com/a-/AOh14GihfbDZPmg_YLrNIc-lgyaZ85EIT4AWDw8LGD5SqQ,"Looks like it should, plays great, and half-price at launch.  Can't complain!  Even has achievements!  The controls were a little too twitchy for me at first but the movement speed is customizable, so now it plays perfectly.  So happy to see a great port!",5,72,1.00.10,2017-03-09 09:38:29,,
gp:AOqpTOGdf8_SQ6IocDHkTXYwsP640elAtl7jGLh--qpg1o5iRK_m1JEMCLr2uY_asrKfpxewnUBwiafuFE-3sw,Lilly P.,https://play-lh.googleusercontent.com/a-/AOh14Gj8dC6lHPifdvtydGthrPxGfx0MXeIIiPSBEInmsg,"Far better port than the Mega Man games. For one thing, the frame rate is actually consistently above 30. While I would've liked to change where the R button is, that is my only complaint.",5,15,1.00.10,2017-03-09 07:52:00,,
gp:AOqpTOF8BMqe642X7aB3cRF3o_-YzionY2VwAfoktFtDbCNTSUbG6DNbBspXK-CwS2jphOyI1WNxp4UMyenmfQ,Alex Rhino Rebollo,https://play-lh.googleusercontent.com/a-/AOh14Giwb0luqTJqNweRuKRNpxYvWY-9h3b2hQfGeHZs8x0,Awesome! Brings back memories.,5,3,1.00.10,2017-03-09 07:31:53,,
gp:AOqpTOEkZpBoXwvRHHHrMsnNw5FgTwL_5zi5_nzm5XZDHE43j3lVLxLbGvZ8pYLxsHAmjwiFNfBWY44KzTn-Gw,Jesse James,https://play-lh.googleusercontent.com/a-/AOh14GghKkBmaBAowUfCCw1TJqB2UmBX_NF_0OF6GLdyHw,"Thank you guys so much, please keep them coming. You can smell the Nostalgia..",5,1,1.00.10,2017-03-09 07:12:11,,
gp:AOqpTOE9iM8nXLBNjyG86WMQGQYKAIB8fyAk5P2AN341-YHiLIfvgHwAGTcXjS11cGrkd3ulVns657w0HNkgBQ,Andy S.,https://play-lh.googleusercontent.com/a-/AOh14Ggle_xU2_kPTulKPC4yYM_GYM1q23-AMA_k7PNwjA,Cannot wait to see Willow on Android,5,0,1.00.10,2017-03-09 02:07:19,,
