reviewId,userName,userImage,content,score,thumbsUpCount,reviewCreatedVersion,at,replyContent,repliedAt
gp:AOqpTOF3lqHPSnqPw82WOHD2Plw7d5Zb_cKr_u1wGj9obguopN9ySyzCb-k_PNGjyc5LeQ_9JA3pmL9D7-BsZg,David Ogden,https://play-lh.googleusercontent.com/a-/AOh14Ggcl7qRVUseW4uSj_5H4Q83pk_Rs04Ne7BJG5AZBg,The original game was difficult enough. Screen controls are useless for this type of platformer. Please add controller support and I'll give you five stars.,3,3,1.00.02,2021-01-13 15:46:28,,
gp:AOqpTOHbhpBpI9_dEAoaqxYxLL6ZCl1gknDt0A87YHFJsTPTKUMQ07gp4VWH-VnybmW0T2EWYOYVJTzed8oZAA,Sean Doughty,https://play-lh.googleusercontent.com/-fK_VuUqGD5s/AAAAAAAAAAI/AAAAAAAAAAA/AMZuuclE_JAn_RNtpD4RDmCNFoBeOfLekA/photo.jpg,The best 80'$ Game ever,5,0,1.00.04,2021-01-04 20:35:37,,
gp:AOqpTOH5xCFMH_pfbZooLFiLM_VV3226VwMq56m2wd3yZbSZj0QuL-AGLqqcS1i9DgPlBxwJcHMRlXPFW9V5JA,Bobby Hartman,https://play-lh.googleusercontent.com/a-/AOh14GhBOnzOkX9fIiYQJ1kMfmcGFxf0nxII_SJeLJS9aw,"No controller support and awful screen controls. If the screen touchpad was good it would be fine, but everything is a separate button. Jump and climb should be the same, down should be on a d pad. I wish i could get a refund, but at least it is classic/true to original. 2 stars because it plays how i remember.",2,4,1.00.04,2020-12-30 17:24:10,,
gp:AOqpTOGWR9wBIKxR9AF2YVQZxndlbkJcFUQree0Q2f1HatK02_gSuio-taKGvugHA2TEEWvikxyflvE0HVL82A,Mark Hollyfield,https://play-lh.googleusercontent.com/-bAkr83cji4s/AAAAAAAAAAI/AAAAAAAAAAA/AMZuucnw2Fn6ZrKdKQt9DVzg1sQvw8lFeA/photo.jpg,A excellent game I remember this game when I was a kid and I still like it now.,5,0,,2020-12-25 22:16:37,,
gp:AOqpTOGuP1jnCuZzzEmEiqSSPailm68no_ftHjiPxq7NOHhyR3mYEXDDJO0653pS9X3ajLahxrw_DKwINV3v5A,Warren Schmidt,https://play-lh.googleusercontent.com/-5JGt6_8cNsg/AAAAAAAAAAI/AAAAAAAAAAA/AMZuucnQ89Z0CIvHvGkkFtxBSofZHQKoPg/photo.jpg,Runs well a great classic,5,0,1.00.02,2020-12-22 13:23:57,,
gp:AOqpTOEjMfPsterQVHyvBwpmyVeVnlWW0REIUMq_-gre5sQgrvFkkEu28lU2Kcocwl8zWUIAhrivjW26xVOP-g,abc cba,https://play-lh.googleusercontent.com/-8suwDjkIZ1s/AAAAAAAAAAI/AAAAAAAAAAA/AMZuuclReGJdNz0ozrozf01nbSHFnGmcMw/photo.jpg,Great but hard.,5,0,,2020-12-21 11:43:13,,
gp:AOqpTOF7Yb2haannghYEYmpKHZMXax1NzRiD8JzqVSvE3ccT4tKKWQnrpo1iX3KMsw4Uk14w6Auoo36Meg_CFg,Spiros Kakos,https://play-lh.googleusercontent.com/a-/AOh14Gjiysy2kworYBI7U4QKRW-h_ziXeTz1hm3bNy_4gAM,Excellent!,5,0,1.00.02,2020-11-28 10:30:21,,
gp:AOqpTOHZWku3FDOn3glQzYFoNtY2ZqTUIP4M4VxoKGCQbqpDEoFacRpgiHRQKYZYMrrRoHDygi_ly1e-PlKEDg,Pete Harding,https://play-lh.googleusercontent.com/-5oX9lnbAUkM/AAAAAAAAAAI/AAAAAAAAAAA/AMZuuckcb6LWXyaTA7QCxY7zRoDY-QYcTw/photo.jpg,"It good, it hard like original, but most importantly it fun. Only issue always have to change controls because they auto reset",5,7,,2020-11-13 10:33:33,,
gp:AOqpTOFFJ4WAKWtlHWqiIEjF1WXPFAF08IZWfsoDupSzo8U7Ut-aMm1AdHVgyZTc8LNFFLzzp4cNvLs984XrEg,Ben Stanway,https://play-lh.googleusercontent.com/-_5CUByQPs8I/AAAAAAAAAAI/AAAAAAAAAAA/AMZuuckN45__-LHGbLSsP8ldRK8m58lWTQ/photo.jpg,Loved original years ago. Had this on commodore 64. Bit too easy to die and not any lives so constantly have to start it over but controls easy to use and gameplay a good representation of original,4,7,1.00.04,2020-11-10 14:39:02,,
gp:AOqpTOE8T3XvoDty86NR3EASvoybsNMstH4NswRa_KQFWq2-dTOK6h1U9Rh8yLfcW5yZxk51TGZOKJ7csxA0iA,Matthew Smith,https://play-lh.googleusercontent.com/-0mL8pQMT1jc/AAAAAAAAAAI/AAAAAAAAAAA/AMZuuclswFH_fwOAicqBo_s1cI1HqJ8qSw/photo.jpg,"Love the game, but the controls are aweful",2,0,1.00.02,2020-11-08 06:25:53,,
gp:AOqpTOEHjQDXvO1Q2TfQ_S91iZjyxJ0q9NPvbhbhvvUgXbgwkBp3WGO7ubut35BbNzQpLJcil9sgZckZ8P9kxg,Erica Marinou,https://play-lh.googleusercontent.com/-XYlsDFkbCOM/AAAAAAAAAAI/AAAAAAAAAAA/AMZuucnc_UXYoaDLmq7JJG7nD9rYYbxFkA/photo.jpg,Great but last level can't get ahold to beat,4,0,1.00.04,2020-11-04 07:19:17,,
gp:AOqpTOFSx5PqBR2hxHEq0xszbxDkZM_waf3jABUPgnLjzRhmSR_2mlqTNnoJ5O-SkA6nW1r51TXP2cCIBpYTbg,use. adblock on my channel please,https://play-lh.googleusercontent.com/a-/AOh14GjlZe58d_OFzHX8Zr6u7Hcr1ZeP1UeNVdyQs-Sinw,"Don't buy this game, the controls are as bad as they say.",3,0,1.00.02,2020-10-20 06:52:29,,
gp:AOqpTOFDbk7jmkXnw7YGY6GphD_80YWZwmmW3ltF2D0x8VDUHmOizShVQcx8Y79y2_daymjq0XZVOQ_TlCed1Q,Motley Crue,https://play-lh.googleusercontent.com/-YLH17L6a17U/AAAAAAAAAAI/AAAAAAAAAAA/AMZuuck_dObSDrylUWYJeEpCZqjx6QdGnQ/photo.jpg,The game good and easy but the controler is triky,3,0,,2020-09-25 18:06:37,,
gp:AOqpTOFZvoxf7EVOLjtDU4y7cevBrjc7e68U6WO-nyawd2c3D_lYskvFjZTKTZsbWvCrx-ZEah1_rPX1oxWwzw,Nel Yambao,https://play-lh.googleusercontent.com/-oFPjHrEhvpQ/AAAAAAAAAAI/AAAAAAAAAAA/AMZuucl0kI4ztGBTzlBpRqSqBviHqO6pCQ/photo.jpg,Good port! well made controls for touch screen,5,0,1.00.04,2020-09-19 22:49:07,,
gp:AOqpTOH_kdki95CO7Gc14s4DRTVPT8Dr2ZTHwgk446mddnAXaOFTAf4uvmvA9Mee2Jx1vzggBO-64I8Sn3tDYg,Jonathan Spadafora,https://play-lh.googleusercontent.com/a-/AOh14Gif657B2cf45P3OwXPEhLhyoGkjAX3_JrNZ9PbZwg,Loved this game when I was a kid. Great port it's no different from the classic arcade version. I almost beat the nes version in the early 90s. But I belive they made the NES version a little easier. As this and Battle Toads are considered to be the hardest games made.,5,0,1.00.02,2020-09-17 11:56:19,,
gp:AOqpTOHVvze1ssELtkxxDSCE4y-OYSYU_OH8IAGOoKn4aOB4t3ZsTRw6HD7sqHLkKtFsCE1ttFNsIGfXCC6Sqg,Jeff Tillotson,https://play-lh.googleusercontent.com/-egRYlMUUChM/AAAAAAAAAAI/AAAAAAAAAAA/AMZuuckL4IU06ZL9CU6HezQrDP4zPWHLLg/photo.jpg,"No good my controller doesn't work with this, unplayable with controls as is.",1,0,,2020-09-15 20:06:21,,
gp:AOqpTOG0-EcBNKQ0lQzFUIh4yKQvcrw1CfyYtTqfvIQGs4XS_lLBIjjiLaMTIb7CgXNW04S7WMOMdwpTbGlkVg,Klause Steinworth,https://play-lh.googleusercontent.com/a-/AOh14GgMvIZ1ZD1RyrjD7sBowFC-yipuYxRBJLI8_9Hs,So close to being a perfect mobile port... just wish there was controller support and maybe you could move the screen a little more to the left and rotate the other way,4,8,1.00.04,2020-08-16 18:46:20,,
gp:AOqpTOGr-7LCNQZpjLnGTgZiVqePrccZzC_WJi7Y4yij29TNKg_hmnD8KqdFAtmWE3xSVt4K09lA3SzsWR-70g,Villajah,https://play-lh.googleusercontent.com/a-/AOh14GjMbidEdkVRsTq6tiVypZJWNWhyb_SL5c3fRf0Myg,Controls could be a little better. But still a really good game.,4,0,1.00.02,2020-08-13 15:28:51,,
gp:AOqpTOFbtuiZhhHmQ3pnJPS94i-raDVtrrmYDIfklpls3wQSSwePA_-wzGPkDoDZOPjLT4NWJvCQij2P_saBiQ,Michael Lopez,https://play-lh.googleusercontent.com/a-/AOh14Ggxw7UuXAegG_RHNIm4MqJHjswFEvcqApIHivSeGw,The best what a throw back... Just like when i usto go to the arcade... Awesome... love it,5,0,1.00.02,2020-08-12 16:23:49,,
gp:AOqpTOELpebs3445ioarbH0T7TUH810Cjyq38tmVA88emDUP8Qj35HhBAwdgqSIGn_pk6flGR8Q5807sD7pPOg,John G,https://play-lh.googleusercontent.com/-jVJuZOsrHiQ/AAAAAAAAAAI/AAAAAAAAAAA/AMZuucmZtmBFkd8J_CdZwMCvMXdOKE5HcQ/photo.jpg,I can never find The shield but still good game,3,0,1.00.04,2020-07-03 17:35:05,,
gp:AOqpTOGjYA790xiTmK02y1Il7MkEIO36ovbMOkhR1ZIjH5fsRBP61r4B8h36esfBCQKKGbCMv24EBqkMSMR8Hg,Yosef Grey Fox,https://play-lh.googleusercontent.com/a-/AOh14GgPWwhPAsciTQQTSR64SBtuSp01ioE_XmqhhX9Q3w,Good classic arcade,5,0,1.00.04,2020-06-27 06:45:32,,
gp:AOqpTOE9JW4B8AJ5ca_cWz9XTr3yL7_Vnip7Qt-GVzAlD_Jib2Wwr1v1UmcM-ANhq_GuQ6sq-Vy04mPPKWBuVQ,Darryl Wright,https://play-lh.googleusercontent.com/a-/AOh14GgQnsktq6mM4_u4JyOyE5K8W9QfiYEcg9M0RYMLzZU,Accurate port but not mobile friendly. The developer didn't really put much consideration into making the controls friendly to mobile play. It's basically the original game shoved in a box.,3,6,1.00.04,2020-05-23 09:16:57,,
gp:AOqpTOGZx1CZ5VkxRZtvoQKH5ZKJDYunQilEMGcRdTF7YZ3jZJqLPWdN_Z6xBHaZ-mGTsAVQ42PstllJ3rYVdA,Miguel Fernandez,https://play-lh.googleusercontent.com/-uOYThjkYSzI/AAAAAAAAAAI/AAAAAAAAAAA/AMZuuckpBxx7JbXOqGi0cgOeYdhweoK1DA/photo.jpg,Albselutly great one of my retro favourites,5,0,1.00.04,2020-05-19 07:09:58,,
gp:AOqpTOElS8liAkF6s7vqofFuH50L7Q8YIzWzdZPuyIMc3gqxxohVBrtYK0YPO-llRypk16S_ZDvKV6nWhm72uQ,Rico Wolf,https://play-lh.googleusercontent.com/a-/AOh14GiIgxfyAZ6OSF8iF3OeB0Kg-KX8RftOQSOrdSL62A,Great game! Controls are tricky. My bluetooth 8bitdo SF30 Pro Gamepad works with most of my other games but not this one. Please add input device/controller compatibilty. Will make it so much better to play. Please resolve for more stars. Cheers. 😉🤞,3,12,1.00.04,2020-05-14 12:54:19,,
gp:AOqpTOGjhIWOHfTCBg3KbZORqicR1LGFEKopR6vtq7aNFN9X5A9QPXNAZmZ4dprcI4HODtC-TzeEHzNtV1oWfg,Ryan Linn,https://play-lh.googleusercontent.com/a-/AOh14GhVoVkSdLr6AQgJMtGQlLdhAYXdOEtZpj7wGvrq,"Great game, however, I'm pretty sure there's a bug.. half of the screen is blacked out! When I go from base level to one higher the screen doesn't pan up with the sprite!! Im so conflicted because it does play well, but I spent my hard earned money on something that, unfortunately, can't be played right.:/",2,9,1.00.02,2020-05-13 18:45:35,,
gp:AOqpTOH-iPg3nvFWeJWPUH5maj-4ltKRS-zSP06StzKrd3EyylgpkO-GKAYbqe02a2g2DXMI-bY80ESJkIdaBw,Chris Meyers,https://play-lh.googleusercontent.com/a-/AOh14GhzXpOD-Oz8Mr6EYv9-PiZ__Db2qu9vk73AouyWG8c,Great throwback!! Enjoying the fun all over again.,5,0,1.00.04,2020-05-06 06:41:03,,
gp:AOqpTOHBHThz7wrhN8P9s1FZeAdo-DFoxjyQgRzjy8Rvj5txaosGLEicQLMupQl5EbjxQeR9ubM0ZxeKP2hg0A,Dana Tower,https://play-lh.googleusercontent.com/-96ANFLup4lc/AAAAAAAAAAI/AAAAAAAAAAA/AMZuuclGi3n6cLGBK1pLnXNqw7N6GilS9Q/photo.jpg,Gamepad support.... Gamepad support.... Gamepad support.... Gamepad support.... 5 stars once you offer a way to play that is infact retro....,3,1,1.00.02,2020-04-19 13:47:26,,
gp:AOqpTOGUu8DjFeSqeSdIapmKlycXfNwD6U7MhAVCb05PGF2PxHT3D0O1PwaDAMJ0TUxNgNNyNyxI7-xHdSV4Fw,Yan Kruger,https://play-lh.googleusercontent.com/-Dn9bAo31Q-s/AAAAAAAAAAI/AAAAAAAAAAA/AMZuucndvbFd-0DbvH__rlcuwf52HU98vg/photo.jpg,Not compatible with latest android versions,1,0,,2020-03-21 02:34:55,,
gp:AOqpTOEByBuW9Fzxm8xu4lmvJShyatpg0kOVkufnSRBWn6wVAMnlx_shOOmJytaPfIgsepU_OdsUB4r8dJDacA,PEDRO NICHOLAS CONS JR,https://play-lh.googleusercontent.com/-uDv7Cq1rMjY/AAAAAAAAAAI/AAAAAAAAAAA/AMZuuclPJUVu53lYQZZ9BKxXvCIockunDQ/photo.jpg,Blast from the past,5,0,,2020-03-18 19:27:57,,
gp:AOqpTOEx1DkcZpK8S4g4trFCP7ReKIPRQFJjLsB2dm4AOlJsPL7-rpUw63ZHI4a4Y4bt_rKlp0nn0uWuzcNEDA,Al Logan,https://play-lh.googleusercontent.com/a-/AOh14Gi8mDtem9hb9-o5cGhBbfvT9wCJYlP5gBl8irWQ_Q,"Unlike other classic 8-bit and 16-bit games ported to mobile devices this game is actually fair and plays very similar to the original game. The controls do not get stiff. I never finished this game in my youth, but with the advent of mobile gaming I was finally able to finish this game.",5,8,1.00.02,2020-03-14 05:26:05,,
gp:AOqpTOGzFiNTPYCc6Txh44SUhH-HeCBeoG3g_n7kU0aGkIBRDm_xaVMhi19ltC57RFzBQPerOyRIh_Bo_YkVOg,Shawn Bennett,https://play-lh.googleusercontent.com/-EAKWxasS4Io/AAAAAAAAAAI/AAAAAAAAAAA/AMZuucnIonKnJfkEiicieGrvSYBrObrU3A/photo.jpg,Bad controller option on android,2,0,1.00.02,2020-03-11 12:18:21,,
gp:AOqpTOHXMjBgz9YkKesG1FWKY7nthCiX2XOISoXe91Cy4NYBcOPxcYyhH1Og0ruefhfUIMH_Y39Ni6MmC3C3gA,Leonard Webster,https://play-lh.googleusercontent.com/-mwpU1iu30_w/AAAAAAAAAAI/AAAAAAAAAAA/AMZuuclvb80SQFlZ5qi-l3qQ8fRhiUGVSg/photo.jpg,played this game alot coin op... all the secrets items aren't there anymore..what the deal..,3,0,1.00.04,2020-03-08 09:23:50,,
gp:AOqpTOHEBaQScCA3VGeblfAdcC70aYMu_wGkmzN4d8kER1mMAOZcsznyYwWCynVpqmrlY8mR7648YA7-heMH9A,psovegeta,https://play-lh.googleusercontent.com/a-/AOh14Gg6guf7-bkMxLhjBAhUCbi6vlFwwAHVi_AiyJsN,"I got bit by the nostalgia bug and bought it immediately. While the emulation seems perfect, there doesn't seem to be support for a bluetooth controller. I won't refund since i bought my NES copy second hand. I'd love to give my money directly to a developer but this needs controller support.",3,7,1.00.04,2020-03-02 19:35:10,,
gp:AOqpTOHHoCAra2l9I4YggmAV_7I4OURibrXRvtCh7dWwjHnfFXjMAjzLGZCYmaF7Mv2VMznaLfF_Op4drNEDtg,Connor Mcloude,https://play-lh.googleusercontent.com/a-/AOh14GjzpkLVN_VN1-g2GaIwoRub2fWjSy3oIeTJlxSq,Great game with achievements and leaderboards. But the developers lie with wrong screenshots of the d-pad and jump buttons. The layout is a joke. You need to duck often and instead of pressing down there is a seperate button which is slightly off to the side. Same with climbing ladders. Game is timeless and an all time great. Just a shame they cant get a dpad right.,5,4,1.00.04,2020-02-06 15:05:52,,
gp:AOqpTOF2o44zyG16YGkYIsoEZCoLpwFqCp_4X8T-TXsFmZH1U-QDyRuvgP4Ut1WzFCA-N9MC0LdkW9WGNF1W2A,J. P.,https://play-lh.googleusercontent.com/a-/AOh14Gihwf2AXlgG7t42VCdH5z2YYF7Mbs7SOTHibzS0mQ,Can't see top half of screen. Ever. How can i play the game like this?,1,0,1.00.02,2020-02-06 07:17:44,,
gp:AOqpTOEXPeh6Y6mWk6emSJ4IxUUCnOvzkEKLpIWPe93WVnr_-XOVgCXla2gXsIivg9q9uNDh9fqKeRDKavKKxQ,George Gionis,https://play-lh.googleusercontent.com/-3Hi7Hk88jdo/AAAAAAAAAAI/AAAAAAAAAAA/AMZuucl1k1harRnciPb--Tqdc-wJ0xnhDw/photo.jpg,Ten points to the developer. Identical to the arcade version almost 3 decades ago. The buttons/ control panel getting use to but other than that wow. What memories it brings. My two favourite arcade games ever were Rygar and Ghost 'n Goblins. Worth it's salt!,5,1,1.00.02,2020-02-02 01:44:08,,
gp:AOqpTOFPeTbWAuejnykJQAx_MwwpZCAUBH_NHgKen6qDhYKuZ7nZiwsuGBnKaVFAGKAgzkq3nc87kBOTA6bzLA,Ragu Ragupathi,https://play-lh.googleusercontent.com/a-/AOh14GiaVAr_3ks1x0xkRC54v29TmNEbvIdwQoMgHzpD,My small age favourite game,5,0,1.00.02,2020-01-28 19:49:44,,
gp:AOqpTOFxreAGwg75IoGvQRa92setDvPWhUFECUsoIfCxSD6jaqBqqY92pL2iWltnGSmLGprdL8LrB1A6LPV_FA,Francesco Arsiè,https://play-lh.googleusercontent.com/a-/AOh14Ggbmxv00CRG9hLNvX6oglOdait240nK0zogPvIog9E,Should have controller support...,4,0,1.00.02,2019-12-31 23:08:29,,
gp:AOqpTOEcgj9a7jskYIcPM2rw9aGyBlIm79jagYHpHHk6LwLvb3dV2YRXPFb74A-rXj0bU0vHObPgmkgJe54m7Q,Junaid Bhatti,https://play-lh.googleusercontent.com/a-/AOh14Gjqsaws0IrrqNHCNIs0ljiD4j2K9ErcllYzR4h5I-I,"Terrible. The screen is totally blocked by the controls so you can't see what's happening in a lot of the gameplay area. And it never remembers your preferences, so you have to enter them all again at the start of every game! Don't bother with this. Waste of time and money.",1,3,1.00.02,2019-12-18 05:23:58,,
gp:AOqpTOENicEx-_1gtqDormsOaqzHyP2pbNEzWCCTEecVovy686VR8BXUIS48TK2EXxkVZV_ZEakq7rdsjCCOpg,Eric Cook,https://play-lh.googleusercontent.com/a-/AOh14GhoLIIONiiG6paeRAmO8C76dk8HbUE_ErVIyGy4I7k,Not too bad of a nap but I don't give a full starts cuz I hit the controls inthis game not to mention I do not like how I could not hook up Bluetooth controller up to it which is the way I prefer to play my games on my phone but I had no choice but to use the controller that I already did not like on the screen,3,1,1.00.04,2019-12-17 01:09:22,,
gp:AOqpTOEGM5exCRbBceXhbWpvM6cd1PI2vDqVtG_laWdo3uAzpY9i0kD1j4X9_8vCJu6ODOI5LhOJ3h8fTVR_7w,george ramirez,https://play-lh.googleusercontent.com/a-/AOh14GjfjW9zXLo3e62vzPlx8b0bBPjXVvvh0jFale7LNw,Rememberd it from the arcade,5,0,1.00.04,2019-12-01 17:40:01,,
gp:AOqpTOEaTzmAHqZZK1_maJCTmhLXgIjfWO5GdBPcOZwZwZmTEgPh7yNgq7QFHocE_WJ6ti5ocQoVtJ-qSdk2vw,Josh & Ana Productions,https://play-lh.googleusercontent.com/a-/AOh14GhiwhlsrTNqNrIhWDR6rxQouOQrvfli-SxtHKR9nQ,Great Old School feeling to it!,5,0,1.00.02,2019-11-25 11:37:12,,
gp:AOqpTOFepkiaysiu50weuQAyA_owwEattQ3ydl0g6qfOHT_do5B9J5yhVbY7br-3F1Vz54iYJ2Vh-3cO22n_OA,Vanner Costa,https://play-lh.googleusercontent.com/-O4pJOrWmZS4/AAAAAAAAAAI/AAAAAAAAAAA/AMZuuclmx-2kGsXSX8v8_YZ0vi-RT4mWjg/photo.jpg,Nice retro game,5,0,,2019-11-10 16:15:28,,
gp:AOqpTOF4mt0JiKMESGVvi5rttJXZsyMIhM3iwS9cpLww6_q3pOCVAV6UF-_s_PE1J5VQf00HHvzAw1XQZBlagg,James Millership,https://play-lh.googleusercontent.com/a-/AOh14Ghz48qSENy_wkKoZn1MrkkeSMCC5HeGbXzkVy52iw,"Nice port, horrible controls.",3,1,1.00.02,2019-11-03 23:52:24,,
gp:AOqpTOHmzNgDR8C7zj0S00bHInjX_iZ5zI-0bOEPFBLPDP5dOm1jBnbDwU18JVzRJ9Jn5r_FXGMG8jAMEpP78A,Super ShatteredMyst,https://play-lh.googleusercontent.com/a-/AOh14GgqgidV6PwdsfdlGzYiaom6wtHYTEv6yBTNudHL,"An amazing port, and a must-have for any Capcom fan",5,1,,2019-10-23 21:09:20,,
gp:AOqpTOGsikDy5qebqlxZkTkSe5w-5BOvdjtWfOddVnXkNvAUtFmrw0bQbZthnP9-BArDFGTphbhDtbEnU5n3zw,Gaza Chil,https://play-lh.googleusercontent.com/-_5G-C-WTIos/AAAAAAAAAAI/AAAAAAAAAAA/AMZuuclmTE7iTcyW5W51WJ_bZ4bvXWv92g/photo.jpg,awsome game havent played it since 1989 when my older brother spilt baked beans on the second commadore 64 disk hahah thanks for bringing back fond memories,5,2,1.00.02,2019-10-13 09:43:12,,
gp:AOqpTOFpD1BFeli7TWZlGcK9JgEjmuOB88HAMp6iblfTO0rjiTILEBKVoG7v_PW_12EmFVBFNrvNcTCGVWm7PA,Gregory O'Connell,https://play-lh.googleusercontent.com/a-/AOh14GiifExrFOhnate9gvKJqEfcQN6uKFUCQq1baJV4YSs,"It's a good conversion / emulation but the on screen controls are awful, and why doesn't this game support a controller?",2,0,1.00.02,2019-09-28 07:41:29,,
gp:AOqpTOHacWy7ZFFm4ZXMjTGTzV1vT8dNaWO4FU9PoqRwr0wQicJ82i5Z-4PmLOFVLtUnay1UMLrm60_si2cv2A,subpoena Joe,https://play-lh.googleusercontent.com/-TB-GPPpK5ng/AAAAAAAAAAI/AAAAAAAAAAA/AMZuuck0onpvDdzavR_LgatIA6BNuSZKqg/photo.jpg,It would have been better nut controls were lagging.. i really like this game too,1,0,,2019-09-23 18:59:26,,
gp:AOqpTOGnxo2KGM-mHTd2YxxlZHHuDuYTGMNk04Pw3av5Spg5BEDv9WLBl9U33wHumo7p6vof1H6quk6nricOOA,Dan,https://play-lh.googleusercontent.com/a-/AOh14Gjwm2lPAO5OJM16eFJmyz1Vp5hPqGWdlIyjnu-kX5E,This game is just as frustrating as I remember it being. Exactly what I was hoping for! Thanks for not making it easy or freeium.,5,2,1.00.04,2019-09-08 04:26:15,,
gp:AOqpTOEZQFF8w4a6jq9Vj6a1labwwsF_ZBJq9WnI2l92U-knrmSkq31eb4RhxSNgJQgjp7VCxJqUMPLKnSeJjA,Ryan Bowden,https://play-lh.googleusercontent.com/-VUCSct0-Y_s/AAAAAAAAAAI/AAAAAAAAAAA/AMZuucme2Qe0087w76pokUwpx2eWCRxZCw/photo.jpg,The best,5,0,1.00.04,2019-09-06 09:59:44,,
gp:AOqpTOGP0P1hK3eL_vVZjva1Bto3nIqkD9QEOrM-Yyc1BrxECMFpMP2kbnIV8rmh_xOCovXJ8oMvSs2BovAG3A,Robert Copestick,https://play-lh.googleusercontent.com/a-/AOh14GhbdDwdp2M-ihb81GQiOH-zSyxtLLyx7MYo0peU,"Needs an update, only supports older bluetooth joypads.",3,2,1.00.04,2019-08-18 10:04:27,,
gp:AOqpTOHRe3oJz1unqjBwAXltUCalzepoApcVkXSMEt3agclk_ZDe-EfcKwkP4hjnO-cMCmuWDRvvocViSXBe1A,Jason Frendo,https://play-lh.googleusercontent.com/a-/AOh14GhuurCueatrmaExvT7Wm9r_7pPTcv870pOf6HLW4A,its great game to play was one of my favourite games to play back in the day and being able to play it anywhere now. Perfect cheers 👍👍👍,4,9,1.00.02,2019-08-15 20:05:33,,
gp:AOqpTOEn-k7xAk1jizpZltc71XDagvgt4JpHhyzIFjUqS_biE5OODqvIbpPacV16zpLVok1JQQXRB6x09rUAsQ,Tavo Mendoza,https://play-lh.googleusercontent.com/-PltiPCQM1ck/AAAAAAAAAAI/AAAAAAAAAAA/AMZuuclvSJxVBgR4aFIOtuH1W3k0uTJEvA/photo.jpg,Thanks for the refund. Make it gamepad compatible and I'll buy again for sure.,2,1,,2019-08-13 17:19:48,,
gp:AOqpTOGvz91_C4iir2QCaEkglJsSkyZZnPqI9JkJh4THjI1ZoPfN2ivdpywvd61Gb6KF0MVUHAFDqJOalgoUlA,Gerald Collins,https://play-lh.googleusercontent.com/a-/AOh14GgIg0VHXkkHbWzBw0L8sUdGfUSFnWJCiW-GXUlC8A,don't like controlls and that it doesn't support controllers,4,0,1.00.02,2019-07-13 12:42:15,,
gp:AOqpTOGw1DmodFeMpfB6_hyceGyi320sTcCljafH7r-cD9l9mJCJJdawjfijRZ08qhJNDsiS6AA9PkrgJObUyw,Eric Jolley,https://play-lh.googleusercontent.com/a-/AOh14GhypbSAmpl8XwC7VGa0_24JSK09aSStiIKWKsH8rA,"Good Emulation, Bad Controls. Why can't the on screen controls be turned off? Why doesn't it support game controllers?",3,32,1.00.02,2019-06-26 00:24:09,,
gp:AOqpTOH1wNIzeT7g2tLPRFwwnNBH7lGImk-_F8eLkdaw5bJdwcY0GxjSnoisADA3oZCgWK38gRisYMCXcBa7EA,AmishMonk RoTP,https://play-lh.googleusercontent.com/a-/AOh14Gge7Guzg6FfTbm_1dQACmLcigF1TLaN4GGwGcgy,oh ma gurd,5,0,1.00.02,2019-06-16 09:14:07,,
gp:AOqpTOHq_T-oTkWzmCTGu6TZ_iuE43S7zH3JGK8n3-R2EvX9vGs0XroFWe2dbTmvliPaSRoaaijt9HCiPeN8ow,Jason Laney,https://play-lh.googleusercontent.com/-pRqPu-o9La8/AAAAAAAAAAI/AAAAAAAAAAA/AMZuuckH1nBesBgViJDQV3cKjRWTeO5E1g/photo.jpg,"Beat on Android and nes. BTW, the game is a 2 part series meant to be interface to its siblings story it would seem. Like fighting bhall from Diablo 2 but only with the first run being fully completely finishable as a better trap Imo, fooled me.",5,1,,2019-06-07 11:52:59,,
gp:AOqpTOHuqldR-5n6fkFE5Z7ZW3fW8CoPCTPPhso_94fYSsm_U2VqIczFb9_Q1eoXRQD8aoxFHq1Gg9jN0gmW1g,A Google user,https://play-lh.googleusercontent.com/EGemoI2NTXmTsBVtJqk8jxF9rh8ApRWfsIMQSt2uE4OcpQqbFu7f7NbTK05lx80nuSijCz7sc3a277R67g,Best arcade game ever.,5,0,1.00.02,2019-05-28 09:37:12,,
gp:AOqpTOH5H6pqUgzHq4aE0uEbRuPULN5TsbDwPEzGYGB9fz7l2Q_S-MuZTc8iva8OIYnqCu4wpOqBi5RNfT8eww,Juan Carrillo,https://play-lh.googleusercontent.com/a-/AOh14Gj7r5aU6RMJPmg3B1Au4rX8XifMNXJ0Td3Rr7B-,Love This Old School Nintendo Game Thanks,5,0,1.00.02,2019-05-21 15:46:39,,
gp:AOqpTOGz7mMktf1OqWZrLStMOEDTpYCDPWbO_iK0lQVCKbGMiedgOSndydW5ipd96uv21c4utFumj--2h-mAFA,Jablow,https://play-lh.googleusercontent.com/-iiam4_o4Uqg/AAAAAAAAAAI/AAAAAAAAAAA/AMZuucn62RsO87q7e82zDs5lFyoB_FMwdA/photo.jpg,"Don't get me wrong, I love this game. I give it one star because the touch controls are badly implemented and the game crashed 3 times within a matter of minutes. I would love to be able to play this game on my phone, but this app is unplayable in it's current state. At least it's on the Switch. Refunded immediately.",1,3,,2019-05-18 20:20:07,,
gp:AOqpTOGiucqt8fKIVBq6XLtuG1mL0oRz1hCZmI0ZIiJKyBC7MPdnsBC-984keXc-s7HNcbNiKbxvRDdBmlVG2w,Tiny World Kaos,https://play-lh.googleusercontent.com/a-/AOh14GhigI4t0oqsefGeaYYR3tFoV3yO12BJpKBWnBOWqA,Where did PuzzleFighter go?...and can you port more classics...please,4,0,1.00.04,2019-05-18 02:00:45,,
gp:AOqpTOEcyBxq401soitxfsIh13MRfE2Sq7VRiXklwMRKmniI7R9trF0cYr28A5iPS6EkaMOY1QxFAduMfCiLAA,John Ziriada,https://play-lh.googleusercontent.com/a-/AOh14GiwjENJ0fKG0d1AwWJJyZVBa83eUOlFhXPgRKif-w,Game looks great but touch screen controls make it impossible,3,6,,2019-05-02 03:30:08,,
gp:AOqpTOHKlZgam127hEIgFdWJ3gdH4AR-szvn_5ygf7IcLfuwzT6LQrDMcQzDpLu3fXhfc3LFfnqPfJJbJEZlcQ,Munch eez,https://play-lh.googleusercontent.com/a-/AOh14GiLCrAg2aw5nylPqzffapu6SetA864Ead2h3IG8,Just keep in mind your buying one of the hardest games ever made on Nintendo and your going to be playing touch screen controls . That means it's going to be close to impossible to beat this game. My reason for not leaving a 5 star review is that my virtual pad controls selection from the pause menu resets to Type A controls everytime I get game over. So everytime I start a new game I gotta always go and switch the controls back to virtual pad control. Not a big deal but a little annoying.,4,7,1.00.04,2019-04-28 07:14:24,,
gp:AOqpTOHjq4iRhaQ2SQwWdOtmHfJ_zctiShENNNsoh_UeL1EA6b-ItJlwdZh-VKKH4y9L8SM6AVYMWkV79Abfdw,J ryder,https://play-lh.googleusercontent.com/a-/AOh14GjNvfpAkYM-PkulcTwzTNLus8heV3_HHNGbt9PtuwU,The game is ok. My only problem is the controls. The controls suck really bad on here!,2,1,1.00.04,2019-04-24 12:51:02,,
gp:AOqpTOF9ZxbsOxXI9MB5vCoBd8wcNwiruwLqk-Sld8XDwbRvdMyhGBUv3bIjAaS4dK9TIL43Mnl72PFUbxC1EQ,Roberto Hernandez,https://play-lh.googleusercontent.com/-k9tigSlGROk/AAAAAAAAAAI/AAAAAAAAAAA/AMZuuclSyOYvFOy_IZ2KJPV7ba_pdfK11Q/photo.jpg,Terrible controls.,1,0,,2019-04-20 06:06:00,,
gp:AOqpTOFr_8pZM_wVULHyMNCiTcKpLHAOk4cGW4TuL-w8ECwf5fn0oowbfbYkGIbIhJzjHyIuccp1rgrH5sMUeQ,John L. Sullivan,https://play-lh.googleusercontent.com/a-/AOh14GhDU-l3M9zqbXGi-3CgBiLTFLrfAYLeiGLTmvyeEQ,"it's awesome, and extremely difficult. My only complaint is that there is no volume setting. Other than that, really cool.",4,1,1.00.04,2019-03-28 08:34:43,,
gp:AOqpTOGdtZyyFIvZmDMe99n-juu5RB0fOuwwjP1hmngjeKvjZFw4FWE0BptaXyIWDMGnFfhFxdFOn_eF5M4eXQ,Gary Halaas,https://play-lh.googleusercontent.com/a-/AOh14Gg8pc1A0sWxc5CwhOeMaZGoAFWOjiEFWKNi0LiA,bad control,1,0,,2019-03-26 13:40:48,,
gp:AOqpTOE_VsaSTB9yDqFPZQbX-yEFhZ9qZsVQ8MSmBIRxOLNBkfdVKIt5KwxgAmWNdruppH9QsJw9dbhbdkUK0A,BakaNeko31,https://play-lh.googleusercontent.com/a-/AOh14Gh5QyD0_agNnfaqvOSKheTGEIxKTDWB2fMDi_tP,lol all these people complaining about difficulty it's like they've never played a capcom game XD....Excellent port controls are fine and the addition of casual mode is good for newcomers and the nostalgia is far worth the price!,5,1,1.00.04,2019-03-23 17:50:12,,
gp:AOqpTOEoGxn6msEVFvUgUquqHSSltVglth2Wo_cjbdUFN3tg6SZ5J-QhEYjj8txOMmeoVRWz1xxO9HgGiLBeMQ,wes waugh,https://play-lh.googleusercontent.com/a-/AOh14GgTIz3w2hOfCK7U--u7imb93QVxKRiQd_yextEXXQ,"Just how i remember it but it's pretty difficult using the touch controls, is there support for a joypad? Last time i tried i could only jump and fire so useless. Need full support for me to enjoy it properly",4,1,1.00.04,2019-03-17 14:31:27,,
gp:AOqpTOGC6rxbtB0tBThcgUqWMw1gR-wvuyCPEI4cLJgwByXT6vpcF8Jio7iOTLikgIzfbkcHwlbNCda2CIb-jw,A Google user,https://play-lh.googleusercontent.com/EGemoI2NTXmTsBVtJqk8jxF9rh8ApRWfsIMQSt2uE4OcpQqbFu7f7NbTK05lx80nuSijCz7sc3a277R67g,My favourite arcade game from the 80s. This is the first decent version I've seen since. The catch is the controls are dodgy; eg. there is a left and a right arrow for direction but the left and half the right arrow move left and only half the right arrow moves to the right. It gets more of a problem the further you get. Also too much lag especially on jump. The jump and fire controls obscure part of the right side of the game screen but this is a platform game so you can't see what's coming.,2,5,1.00.02,2019-02-28 15:49:06,,
gp:AOqpTOEbDB-QvipUvA7DR4Ofc1MqptXuzzIz5QP3xCcjkEPca65dLS8PrggfF4ekTx5_fvHOKEdasZA-O8qUVw,Pool,https://play-lh.googleusercontent.com/a-/AOh14Gh2OQ5dUPayo-MT_AGzmjpDHJ0ED8HdqI_aimVa6w,no deja avanzar mas haya de la primera llave,1,4,1.00.04,2019-02-26 21:24:58,,
gp:AOqpTOH6S9jxm95AUTbSCQsDX3u_KpjGc0s98OoUrV7-K-7yIeZQ7JbHwRR8YjHdZS76XzTFEdxDmGjPUN2iCQ,Drewbie Doo,https://play-lh.googleusercontent.com/a-/AOh14Gg3pTs4xJGbl6108ERIyVj-ET_3nhcqKfDl_k-S5A,"well its a gpod port and game itself, but i when i climb something the top half of my screen goes black which makes the game impossible to play... fix or refund please. thanks",4,0,1.00.02,2019-02-20 08:36:41,,
gp:AOqpTOEW0xekw6iRd2V8gFWC8GT-f4BL-QK6XzSlC3JUpB6sGkdbzAftBc_hfIQU20nKHjeC0KEdePHaQYdhaQ,Jerome Bass,https://play-lh.googleusercontent.com/--uUdv8V_p00/AAAAAAAAAAI/AAAAAAAAAAA/AMZuucmMVNGD_Y76HM12knGNTb-BellrTA/photo.jpg,"I've played this on a Samsung J3 Mission. The game played well for the first week I've owned it, but now the emulation cuts off half of the screen horizontally. I love the game but I've found no way around this glitch. I cannot recreate the conditions because I have no idea what happened. I have uninstalled/reinstalled the game but the glitch remains. 4 stars due to this glitch.",4,1,,2019-02-18 18:57:16,,
gp:AOqpTOEmYbQocDK_rKf-JfMM6UwFLoBB3MhnHF2DrdtOx_cLeXsEgbTk0a-uTQdBSKEFr1GOiJCTnHVg6tqf6g,Janine McLaren,https://play-lh.googleusercontent.com/a-/AOh14Gh8k_p7mxq7-ibgaaOaJ06saiJE8lBeayjbgc_YHA,awesome! arcade accurate!,5,0,1.00.04,2019-02-09 23:49:42,,
gp:AOqpTOHtKCuvVUYf7glUgCbql2t4whaYGdzlD6F9sO9q-9dZ6jdAUXdLYM2xv2Y3SJr35LNxfc8HU8bN2ZYglQ,francesco trionfetti,https://play-lh.googleusercontent.com/-Zn5mt0mcCU0/AAAAAAAAAAI/AAAAAAAAAAA/AMZuuclPWaNxPd1Qae1Fgy02idpa96X6rA/photo.jpg,"i just downloaded it since a couple of days, arrived at the 2nd stage bossses, amazing game it's just the original version, and i find controls quite good, honestly i don't understand the bad reviews, higly recommended for those who loved this game at the time. Classic 5 stars",5,9,1.00.04,2019-01-19 13:13:18,,
gp:AOqpTOEAPyHHeJIiwshSNTyLvrO3iRn8c4pc1PJxiiwAmeLxu-wlIKVXgKnYt_OnObnmOVUnsBwa5ZvjsyDhwg,Serge V,https://play-lh.googleusercontent.com/-HNYarjeylpI/AAAAAAAAAAI/AAAAAAAAAAA/AMZuuclSp28lCsdVuHoHVI9nWKDF2JVhtQ/photo.jpg,"I downloaded G & G and was instantly transported to my local bowling alley, 16 years old, punching the hell out of the buttons as I spent night after night, dollar after dollar, conquering this game. The opportunity to relive those times, MANY years later, on an app that is virtually identical to that original console, is hugely exciting! Thank you very much! :)",5,52,1.00.04,2019-01-12 03:42:31,,
gp:AOqpTOEQ0cb0eHNbGfmr9qOwAM1-KOBkgnpRhrhGKpcKMfBCGJPIWZKL4oazj5fcs318VmW43f9STbCGkA8rDQ,JerseyJOE,https://play-lh.googleusercontent.com/a-/AOh14Gj4jmjj1vkYMBnQglgC6q9C6OFN8tZ4F50_1Cr7LA,"Loved it in the ARCADE & I STILL love it. WHY ""isn't"" this game available FOR PS4 ??!!!!",5,2,1.00.04,2019-01-11 07:56:25,,
gp:AOqpTOEemhvL8oSDptl_TYsSgIRMs2PK04hpFvvqZV7ACIsBZODTkdWIzMfQAToRNCe7zmnfuJtODHKoioFjbQ,Matt Sadowski,https://play-lh.googleusercontent.com/-gibfwomRoc4/AAAAAAAAAAI/AAAAAAAAAAA/AMZuucmNxfK-6FAtBL0yytrZ3f0PdNvZWw/photo.jpg,As difficult to play as ever. even more so on a phone.,1,2,1.00.04,2019-01-07 09:13:43,,
gp:AOqpTOF17ljdPEYOXK3cUoF9hxCfneBu0BJiG5ekXP9YQDCk2_DuO1N5Ky_KOQvd83xf66j_Do-dd549DOpKHA,Logan Crider,https://play-lh.googleusercontent.com/a-/AOh14GiSukeu5191Diq92_85jWKcoU_ZMnkMD8Cb9Wj9,"controls were okay, kept crashing constantly. crashed when i dies or completed a level",1,2,,2019-01-06 15:37:07,,
gp:AOqpTOFrkC9vtwqFGL0NPbg-cJ9BEc2u9tt7aPbqED4D851XVi2fTD7xWpu3gNk4VheUB9tbrWpO6zUoSNDnZQ,Kelvin Cooper,https://play-lh.googleusercontent.com/a-/AOh14GgjJe4-JPb62PNpMsuV3thXWc0LWtmuzkvBKRg8Rw,I remember play this Arcade when i little. I like this game it a good classic Arcade.,5,3,1.00.02,2019-01-02 21:09:48,,
gp:AOqpTOFCEUOY96pQdyF_GnFgBCJ4L4Mdgy3X0uV3xtRWggr50K-ZAg9gIUgOEpYXEmHfh2HXDTCmRebxnN_rpQ,Evan Crain,https://play-lh.googleusercontent.com/a-/AOh14Gh6wCUf_h2w4uGoibsWT3SeLvvj_dWTCCrhebxzqrA,"The control configuration could use a little work, but otherwise its just as it was in the arcades.",4,0,1.00.02,2018-12-21 21:23:27,,
gp:AOqpTOF7zJwXsp9-ZIU2aqvf4jkkXYNHzxCE79I6CsbysKytJYauZ_ZR3KBpsju3tO-a9Fgap-6Bkjxgy6iASA,A Google user,https://play-lh.googleusercontent.com/EGemoI2NTXmTsBVtJqk8jxF9rh8ApRWfsIMQSt2uE4OcpQqbFu7f7NbTK05lx80nuSijCz7sc3a277R67g,Capcom's highest selling game,5,0,1.00.02,2018-12-14 17:48:08,,
gp:AOqpTOE-pWoF3EN0GInpcSvL4KOV4E2qUkZJrGXWzazAMKuxIlmviswIVMMBCqmTaajdAwendFY05P-jJgkDpg,Joshua Terrell,https://play-lh.googleusercontent.com/a-/AOh14GjNTVPfENNi9FrVDnhLpW2Gh-iC5K8o-KtoTbAOFA,Add external controller functionality. I'll be in heaven.,4,1,,2018-12-13 12:47:12,,
gp:AOqpTOFuLityw76nAaDZUoYvFETZaZ5FoTZHJR65D3RRK8P2hyRoN21VockMtALgCVU2QrC1vI7qhAmZh0zbpw,A Google user,https://play-lh.googleusercontent.com/EGemoI2NTXmTsBVtJqk8jxF9rh8ApRWfsIMQSt2uE4OcpQqbFu7f7NbTK05lx80nuSijCz7sc3a277R67g,Too hard! What the heck? And kids played this back in the day? I'm in my twenties and I can't even get past the very beginning of the game! Boo!,2,2,,2018-11-28 02:25:38,,
gp:AOqpTOG2P9_Sj9S6ibL6oBYoLn2-3M1vJvDZ0ftzgOThRfjX5QAetZGj8ln2G6F2mDdhNnoXpM2Glqv_4isI5g,Josh Garrett,https://play-lh.googleusercontent.com/a-/AOh14GjGRgsb82qjvNK6ykj02HQEhNZ7O_3vindVuMyP3g,Classic g&g! Love it!,4,1,1.00.04,2018-11-19 18:51:29,,
gp:AOqpTOFLeg9Gy1KQ_Zo3Jx_EQdjlmSOBO0rxoAu5jTAsYDcS8UmI2qo2ybD2fqpGzXidNJ_mr-DKitSZMP8jqQ,Chris Olson,https://play-lh.googleusercontent.com/a-/AOh14GhDsYa4lt6fYjfbfI6E0ELdKwzMWx73jeIYbB1H,"The best classic game series ever created as well as one of the most difficult games! The controls are very good on this app, and the gameplay is legit as always! Thank you Capcom!",5,0,,2018-11-09 05:39:35,,
gp:AOqpTOHRXtLdc6ZzzKiVRu_a6HJW1tGMaUEopEpq4EZCXKsI1vU0veXikK0T8vZx3uO87MsNfmaYVLvwfPD8Sg,A Google user,https://play-lh.googleusercontent.com/EGemoI2NTXmTsBVtJqk8jxF9rh8ApRWfsIMQSt2uE4OcpQqbFu7f7NbTK05lx80nuSijCz7sc3a277R67g,"This is an awesome game but.... The controls are f**king terrible. When you continue it resets the controls to standard. In virtual pad mode, which is the only way to play properly, jump and shoot buttons are way too big and the pad control buttons are too small, the pad is half way up the screen so it's too high. Make it so the game pad is customisable and can be saved. Then it's 5 star. As it is, once I hit the castle it's unplayable. I was a master of this arcade game in the 80s. I could clock through 3 times on a single game. I know what I'm talking about.",1,3,,2018-10-24 02:36:46,,
gp:AOqpTOGK6EuH7QEmFApTWS_JVMelSulCEKK_PGcMNP9sn83RsUnlf9lW_mVO5qrh83xeIxIXMWxEQ-AQpyFSFQ,I.B Damned,https://play-lh.googleusercontent.com/a-/AOh14Gj_XpXXbnGqAD7-qVboUvONp9LmPjaVDzwMQy_upw,"Screen is off center. Controller buttons need to be adjustable as far too big. Controls need resetting every time you quit the game. Please fix these issues :""((( Also if you could release sf2 champion edition and sf2 hyper fighting that would be a great addition to your android selection.",3,0,1.00.02,2018-10-02 08:37:09,,
gp:AOqpTOHUBAaguZjF63nkOo_ItAsmE44TnUCoyoxqXMOOLFzJMnmGmYKNzOlPAHxzrsrO2wa0GCF3k0wr5VxNwQ,John Espinosa,https://play-lh.googleusercontent.com/a-/AOh14Gg_uIuwQWSHGWXs54G5pbzjsS1QcEMp3DkHI4NxPQ,Sometimes you gotta tap the screen more than once to do what you want and all in all it's a fast pace game and that hurts especially in a crucial moment,5,0,1.00.02,2018-09-30 21:54:23,,
gp:AOqpTOHBRDI6jqpnKU3gJQ9nDwh4wCtN3u_16Mr9AUhKvrhIXCIVh4HymTWDQNloahOfn-ET7QFUGW3ZVwfu5w,Shariq Chhapra,https://play-lh.googleusercontent.com/a-/AOh14GhXORDRtqQnO9ILj6x6wNfzkNSZ3fLhafSLWe_Q,Just like when I was a kid. The controls need to fixed y'all,5,0,1.00.02,2018-09-09 12:43:00,,
gp:AOqpTOEjglRBci_eqtZA8-94_UYS88OOv3RyXZ1aln9aODZs3gq0bbwCLP_rTuI-C8vb2yWMbzkpzSdCjBd29w,Thomas Chartrand,https://play-lh.googleusercontent.com/a-/AOh14Giz6ku69MyMj1_PSmiVCjro_cjOGPffgcMxW3J2eA,Whoop whoop!,5,0,1.00.02,2018-08-30 19:16:22,,
gp:AOqpTOHZ6Lp-nRko_-9apDVTSpktiFx3UHqYFjyxH3EIWcjHndbLB7PJDNePBZNytd8nWTqb8J3oo52zpgtAmA,Angel Lorenzo,https://play-lh.googleusercontent.com/-Ner4kcr5yng/AAAAAAAAAAI/AAAAAAAAAAA/AMZuucmkz0EvH9Q_WfD9vR6nHgjBiGXVLw/photo.jpg,"Just like the arcade version, thank you",4,0,1.00.02,2018-08-20 23:24:11,,
gp:AOqpTOF0H9UIaL8AtodVgqzWbEbPai7GGNTwMx4m8i5afpPq8sjr_wmvm0l311LnddeE_ig-jjHeNdZ3ENTtDA,Avelino Orois Fernández,https://play-lh.googleusercontent.com/a-/AOh14Gh4dgZOLlc3Wb5zmQsHJ_AH6LsWEPIp1Zadho_1,"What this and every other arcade conversion needs is SCANLINES. Otherwise, 
the graphics become quite unappealing and it greatly detracts from the 
experience. Scanline emulation on non-CRT displays is perfectly feasible 
(check MAME emulator), it massively improves the graphics, and it gives the 
proper retro feel and authenticity that games like this deserve.",3,0,1.00.02,2018-08-13 07:41:46,,
gp:AOqpTOGNZkg_W0rk5Fj_KS6fHwa7xBsCa6Q_w2n9KBYGU2ed2u86arRmL9W0vA9KapT6rXvDTAXjCtYBmWEyeg,M Pit,https://play-lh.googleusercontent.com/-YYOcq_2I3QQ/AAAAAAAAAAI/AAAAAAAAAAA/AMZuucnEvx7gkI4ecfyz-Y67b6hteRoYog/photo.jpg,"Fix the UP and DOWN keys, they are in a horrible position, too far up and 
too far down from the side keys. Same goes with the ATTACK and JUMP keys. 
Fix this issue and ill give it 5 stars",3,4,1.00.04,2018-08-06 15:11:45,,
gp:AOqpTOFc8D7GI0rYdFuepu0ajCz6ACgtTwtA3vUB2heTsMunLaecswFKF2UPLT5kiHjnJQUQYz0vHVM1C3LWcw,G Staples,https://play-lh.googleusercontent.com/a-/AOh14GhF878Fghfyfj0AMreyA6zsNZt3N5AtVi0IHXU7P08,Bluetooth controller support need to make this game playable for me.,3,0,1.00.02,2018-08-06 07:45:08,,
gp:AOqpTOHMckbvWVIWOk-oYl3LjXqZLu4ZTdgfVWnBdXoj25Wcs1IABkJE9F1vqnN-uzdArppW5jU14oKR5LWfIg,Roger Farrington,https://play-lh.googleusercontent.com/-MWe-PIwM_WY/AAAAAAAAAAI/AAAAAAAAAAA/AMZuuckAVMW9qlZkBZfFvdE8EwwbamqFuw/photo.jpg,"The savegame/continue does not save weapons acquired - this means you 
cannot keep the shield you need to win the game on the last level.",2,0,1.00.02,2018-07-22 10:26:31,,
gp:AOqpTOEcwPexvSz5nqFpNxCe6MLD0J4YGhJx9nYyngdR6i3eGmZLAp9uuIOUR4e5orzNrCZIRN2JwTn5P0sXLg,Gloria's Channel,https://play-lh.googleusercontent.com/-U6yCacjCgMI/AAAAAAAAAAI/AAAAAAAAAAA/AMZuucm1R8SLqNB9ItTL3YBdditEQOcoEg/photo.jpg,Awesome game get it if you can,5,0,1.00.02,2018-07-06 15:01:01,,
gp:AOqpTOF7lpOc5M9kwzblzcP2QejmguYCerEZHbo09jUgcHNQ8vfXPJYCVnk6_9LoHEXQMrMaRduFbMqVnCSdMA,Đăng Khoa Hà Thúc,https://play-lh.googleusercontent.com/a-/AOh14Gior_kVc5VI1CdcZ4AhfuxBxZeUQ4znWhRAvWsp,"I don't know what it's called but what in the background supposed to be 
black is purple",2,1,1.00.04,2018-06-16 21:35:07,,
gp:AOqpTOHpv4E7U7lxWTk6xTFMYElOOQKPZD5Il9wz5qHld_tmD6PbQM6l6_AeqSX0Jwz-F4FUc1HiljyK7Dv0vw,Carl Simpson,https://play-lh.googleusercontent.com/a-/AOh14Gib7cYWpGFbyo974VmUk56ae33F9L3io-TaqqtL2g,Got through the hole game on the first man,5,4,1.00.04,2018-06-06 23:09:17,,
gp:AOqpTOGIEhcA4ZS1JjVoelUDUFrc85A2AcQap52pF5021-DX-67NlaBG3uUmgkoyj2QHfobRduuOYnu8jlKiDQ,Avree Hinds,https://play-lh.googleusercontent.com/a-/AOh14GgyQiajTeMNmVafMnzRRVnIV-qtk8_J3IGFQE8OYQ,"It's a great game yes. The controls were nice, the achievements were cool, 
and the graphics were better than I remember. But the game is an entire 
glitch fest! While casually playing I was hopping through walls, going 
right through enemies, and even de-spawning enemies. I love the game but 
maybe fix some glitches?",4,21,1.00.04,2018-05-15 16:35:55,,
gp:AOqpTOG8f-3ET4hYndllpQEeEIK8rquzrdKsOzIhe8xlIIm-soWVw2QljoKS0LSffOC3nAtE-BYWOcKsriylgg,Jonathan Maher,https://play-lh.googleusercontent.com/a-/AOh14GjaDKV9tLwhtWt4pFmvyWvvwNMCJIqXk8j2Gs3s,Needs Bluetooth controller support or its useless.,3,0,1.00.02,2018-05-12 13:17:15,,
gp:AOqpTOFXdssL4pKDh9gcXCa6_pS1ucZ51Rf_WzT7LFDVPVrxrneQqg_bFcQkhDDZ8maX-tYOVN99pYuStD_BNw,A Google user,https://play-lh.googleusercontent.com/EGemoI2NTXmTsBVtJqk8jxF9rh8ApRWfsIMQSt2uE4OcpQqbFu7f7NbTK05lx80nuSijCz7sc3a277R67g,"Poor control layout this game has always been challenging thats what made 
it a classic but this is just ridiculous",2,3,1.00.04,2018-04-18 12:42:45,,
gp:AOqpTOEC40xN9k-_3uBUD2nfe6iafn9vWTJiUJrtp6M5cruHGQL280yhQMDObKYdzeqt2dOFLab8EP9AFAQi4Q,THX 2208,https://play-lh.googleusercontent.com/a-/AOh14Ghp5e9bsImEOL_DUWc-nuzNTmNO-V7T-KJbGdjdBQ,Really needs a controller to get the best out of it. The control method is at best clumsy.,4,1,1.00.04,2018-03-25 14:50:11,,
gp:AOqpTOGI0UNaib2oBk4wQsJAUM_Wnj5EAjYE54vgOC0AEpETzTV84wvjoSykKi1zGmPMdUUrE8cp1G9P06gmsQ,A Google user,https://play-lh.googleusercontent.com/EGemoI2NTXmTsBVtJqk8jxF9rh8ApRWfsIMQSt2uE4OcpQqbFu7f7NbTK05lx80nuSijCz7sc3a277R67g,Love it,5,0,,2018-03-16 22:46:16,,
gp:AOqpTOFCYr7hKxeMiVit0K0jsrF9kp4uUHt3EJDkJw8qnUXJDB94fspHW0zxaXkkNL7iUSzPZkMRl5tWpSNJxQ,Eddie Syfy,https://play-lh.googleusercontent.com/-5PJW3XFuXBQ/AAAAAAAAAAI/AAAAAAAAAAA/AMZuuclWsvkHHHZxKZMSurYiERlVuR84Og/photo.jpg,"Gameplay is horrible. There is a delay in response. Samsung note 8 platform, android 7.1.1. Also, I requested a refund from the developer and about a 2 weeks later, developer denied my refund request. Don't bother wasting your money on this app. It's not worth it, in fact it's frustrating.",1,0,1.00.02,2018-03-14 03:57:29,,
gp:AOqpTOHPesVdPVmjCjaH6ocZkLhODM8sdwJtIN-yY66eUBys6OZ0KyCKJh1qfhQrUHNP7lONvyj0N-dSHYazKw,Christian Pham,https://play-lh.googleusercontent.com/a-/AOh14Gg0GIBmz_5iLjxPWX2vBcZEYynscvOuV1Jol0Tuxw,"It was very fun, and I love the classic life style of only 3 lives",5,2,1.00.04,2018-02-09 04:09:25,,
gp:AOqpTOGRbS9_7JuzEtUirWAMgUUbUIDwviVlqGRSq-bJu0CJFTjFy2L6C2nIrwH3TV65XMpcZeKJ8bgaNETKCQ,Chris Bergstrom,https://play-lh.googleusercontent.com/a-/AOh14Gik3nNrM3nQO1ZYFehXKO23GlJpioEyRV3_Em1LmJI,I would have given this fives across the board if it weren't for the tough controllers and the fact that I can't beat the end guy. I've literally hit this guy like 300 times in a row and then run out of time. I've watched on YouTube people beat this guy in 20 hits to the head with the shield. I truly believe they designed this app so that you cannot beat the game.,3,37,1.00.04,2018-02-06 17:59:35,,
gp:AOqpTOFL_lRvdqjg0Z3TtSM40AIYKeVMflv6CQD1yLU2W-S708fEzaoWp_venIZFlBiTnfwG93gZCjp1OPb06w,A Google user,https://play-lh.googleusercontent.com/EGemoI2NTXmTsBVtJqk8jxF9rh8ApRWfsIMQSt2uE4OcpQqbFu7f7NbTK05lx80nuSijCz7sc3a277R67g,"Nice game, like from the 80s.Sadly after a few starts the game don't start anymore.You have to clear data and cache.Please an fix for this error.",5,0,1.00.02,2018-01-25 13:47:43,,
gp:AOqpTOF2TFWYKIefotkQsYT3RLJzvzTEAga4EiQsSjgXrrGHZACHd4Ynd-XWPyvrsWg7hLbVpcu7TIxGLMT3GQ,Nenad Radosavljević,https://play-lh.googleusercontent.com/-pJFP8u32aJI/AAAAAAAAAAI/AAAAAAAAAAA/AMZuucnFb81-DzPC2QxbvCCf6aUVWbb2wQ/photo.jpg,"Takes you back, doesn't it? Great times.",5,2,1.00.04,2018-01-25 12:31:15,,
gp:AOqpTOE4bhjXDvxYzXGG08jGPIF3Mn_CxX-gB8xGXG0aEzazQkdodgrouuvOCvDO8pXASXTCu-4nS4CGKebQcg,Daniel Scuteri,https://play-lh.googleusercontent.com/-oKWMCjSYYh8/AAAAAAAAAAI/AAAAAAAAAAA/AMZuucmxpeAm1xar3I3Lz5tpw1gJA0p6RQ/photo.jpg,I used to play this game in the videogame arcades as a kid. I am completely blown away with how true to the arcade game it is. I recommend this game to all fans of ghosts n goblins. The best arcade game i have ever played on my phone.,5,5,1.00.04,2018-01-08 23:23:10,,
gp:AOqpTOHk20pe7sDAzG13mcnQS38OuCdo3oR4dol6IXt_sgQJqMFpoLVYdX8A6-FKhdRMQMXZiBhLcNbKGmWxKA,Robertoj Alicea,https://play-lh.googleusercontent.com/a-/AOh14GjGY8lOs6DkGpc5Wh_4BYvBaQLthrjShZCfQ_IR,Pretty good retro game I love this game had to buy it :),5,1,1.00.02,2017-12-25 14:15:55,,
gp:AOqpTOFjLXQPkKYCrwjVZcr79XZEsc6_2lXhp0ZX91sl6pPfqzQnSlDAhU79W7i-iW0-JtypI-SAHaDqQ2scag,A Google user,https://play-lh.googleusercontent.com/EGemoI2NTXmTsBVtJqk8jxF9rh8ApRWfsIMQSt2uE4OcpQqbFu7f7NbTK05lx80nuSijCz7sc3a277R67g,"I would give it 5 instead of 3 stars if it had controller (moga) support. Without that, it is not so much fun, control is too unprecise, error-prone and slow for such a demanding game.",3,35,1.00.04,2017-11-28 18:46:25,,
gp:AOqpTOGDbPrxkruBF_JNtc80EgF3JRpDbkLykIcUkaq4ZfL3Y7CCcmQgiGlZcpnES7us67vCaqMZSFEi0NibOA,tykesy01,https://play-lh.googleusercontent.com/-ojWV5oy7c6I/AAAAAAAAAAI/AAAAAAAAAAA/AMZuuckyXeG8XudDa0oknOjhwuNa01yjjg/photo.jpg,Well done. Hey I got an idea...Lets take one of the greatest games ever and totally stuff it up by adding the worst controls ever! .My question is did the person who approved these frustrating controls still have a job?. If not then good.  If so then obviously youre just in it for the money. Poor form guys. Really poor form. Would have given 5 stars but thats just based on the game itself which is legendary.,1,2,1.00.02,2017-11-26 19:26:43,,
gp:AOqpTOEure-nduYS3EUOpMBjxmat7D-zY2CQ6ru5r7TeaxozPYTAIftKyfwdJMkTTA94Uxtg1k0V3s-7zi8dtw,paul sweeney,https://play-lh.googleusercontent.com/-UA3ANz363IY/AAAAAAAAAAI/AAAAAAAAAAA/AMZuucnDf2oOFiSNKQq5_6clS9kE33o8yQ/photo.jpg,Controls make the game virtually unplayable and completely ruin it,2,1,1.00.02,2017-11-24 15:02:10,,
gp:AOqpTOERqbbXWu20CarsEjKhf8Q-EDrU6962D8xdFfC9_MzcKjrFM7434mS7rJsUwXPofI0TKJVEdZmNp8VPrQ,Michael Cooper,https://play-lh.googleusercontent.com/a-/AOh14GhgQ0SCQ5359MxnfRpyTzMKPBIQ7px3uXpY3LpxRA,"I was so happy to see this. As a teenager I wasted probably too much time playing this. However, the original bugs are not present in this port which is a big shame. I'm talking about the infinite time bug and the dragon at the end of the fire bridge in particular.",5,2,1.00.02,2017-11-10 09:12:08,,
gp:AOqpTOGfEZfQDG6_wguTxBcPIPLdO-EJBsrnMSftd6tpMghz1n-rMlguy-301vpzna9BrrQzFuI_x7IQWQXy3w,Audel Herrarte,https://play-lh.googleusercontent.com/a-/AOh14GjNvaAyc-IxPttea760o04NYfufAamhkmxjVbWtdA,Sux,5,0,1.00.02,2017-10-31 13:37:52,,
gp:AOqpTOG4Mo0xElec4t-WpMctGfIicSOkMji-9LSQSMqgCMeIkWWtauf3NhxtIQj0C9dxZ_RarfpkSOnnwRCuxw,Mickey Wong,https://play-lh.googleusercontent.com/-_ye9xziXBcg/AAAAAAAAAAI/AAAAAAAAAAA/AMZuuckiIFDU1COr59-0a_jecf88bU-kCA/photo.jpg,I can't fire up or down which will be required for later levels. Pointless without it.,2,2,1.00.04,2017-10-28 22:57:56,,
gp:AOqpTOGzEEfb-AHcDXybDlvFbgsHca-1GPXMqDjvxpmKgAwFTGQwtPD2SqmKLAy65hWGi_6ioT37hk0sdGLUmg,New World Disorder,https://play-lh.googleusercontent.com/a-/AOh14Gir4QmBFWXfpuUBIyUQQlD_3e5KFODkprP0xmYPOA,"Controller type resets after EVERY game and you need to manually change it every game when the new game he started, also it's almost impossible to fire while crouched and should be fixed in at least casual mode. Buttons are far too big on tablet so avoid and the game won't let you get passed level 6 unless you complete the level with the shield which is a rare spawn in the game!!  @#$% off!!!",2,18,1.00.04,2017-10-27 10:29:44,,
gp:AOqpTOG-KFQUiiO90Hd2TSfy8sAhOdNekmXObm0ExXMheeBWyuGqsqW8ZlIjODugH3cJMXGIccVDxJK6PKu_dg,Derek Bell,https://play-lh.googleusercontent.com/a-/AOh14GhWni57Y7fjj7YaejuMCRRQr_Nwpj8nIgi8wyMw,They are never going to make the controls save after you die and that is a huge ass problem,3,2,1.00.04,2017-10-26 09:06:23,,
gp:AOqpTOEQsTiqKIhUNyxhQwarqjWVbfdE_e2tDliq3K93fMYvZSSS-o775ucayWfrIRU8aDNzsg6PINAvlCpVwA,Piece Of Paper,https://play-lh.googleusercontent.com/a-/AOh14Gg6_rewEUrBwr7-jYDpR1TK8gKAwtX6HxQUpVUu-A,"This game used to be fun, but whenever I play it on my Samsung galaxy s3 it has a bunch of flashing colors for backgrounds instead of what I see on the pictures. The same thing happens with 1942. It almost makes this game unplayable,  but its completely unplayable with 1942. Please fix this.",3,0,1.00.02,2017-10-13 11:49:13,,
gp:AOqpTOF2ITSjCfTtTcmDSZ2TBJ_IuAYcAmPvInAhZA66ml3C2bsjJ85FPtPom-oi8e917Vh7L7EtBH9Hwx_VmA,Mitchell Cairns,https://play-lh.googleusercontent.com/a-/AOh14GgePkcAaKP49-e8VOjdAaSAY41Sw4S981yu8Oo5QdY,"Great game, an all time classic. But the fact that you can't select your control scheme before starting the game or have it save your control preferences for the next time you play is a major issue. The moment the game starts you're in danger, so it's pretty difficult to find a point where you can pause, change it, and then not be immediately attacked when you resume the game.",4,7,1.00.04,2017-09-30 13:15:15,,
gp:AOqpTOHnzeB9pqFoXM-rIP_F2jQSYnuGA0T0VHSN7aY2Yw2pJj0bJvGu5Gtno1VqEYy_jK24GS3O43DZTmExDQ,Ed Carden,https://play-lh.googleusercontent.com/a-/AOh14Gj92w5hqBncl7iyKC7Ss6367hk01PNXyYYA6xel-Q,"I'm a huge fan of classic Capcom arcade games, and Ghosts N Goblins is one of the greats. It's a perfect re-creation graphics and sound wise, and the controls are much better than I expected. A lot of these games are just to frustrating to play using touchscreen based controls, but Capcom has figured it out pretty well here. This thing is definitely playable!",4,24,1.00.04,2017-09-28 14:56:17,,
gp:AOqpTOF9A2gryeotGM6zRRzsfWOC2S3hgR7URjivvMXbFQfMQdQta4ozLgbMvSjv2dUk1GwYi_rb2mnep901RA,A Google user,https://play-lh.googleusercontent.com/EGemoI2NTXmTsBVtJqk8jxF9rh8ApRWfsIMQSt2uE4OcpQqbFu7f7NbTK05lx80nuSijCz7sc3a277R67g,"Awesome, Flash back to 89/90",5,1,1.00.02,2017-09-28 05:20:18,,
gp:AOqpTOG3QRwDHUaXLR7q1LV0xqVg-tX-lsogAXpixJZhE6RTcXSfG9ImOb11gEWhvdHoCQL0wNqxLbhxwhP46g,Suger Coated,https://play-lh.googleusercontent.com/-yo_yX4RDZiA/AAAAAAAAAAI/AAAAAAAAAAA/AMZuucnMGDbJWqOQSRpUUTqYsNLdbEX2uw/photo.jpg,"Buttons two big, hard to control, this is the first game I played on nes, I should be able to play just fine.  Casual mode is hardly casual.",3,1,1.00.02,2017-09-23 04:07:53,,
gp:AOqpTOGY4XUMLKY3n6gnUDHTviABIP3LJQREiOIwUkVfbpCK7rp3engebAu0sIlRREd5gPirFdrmbIOEMDhSLg,ck bsz,https://play-lh.googleusercontent.com/a-/AOh14Gh3DLE3JpXVBgvxqAYOybM45xxHNxKMOVBf9174,YEEEEEEESSSSS,5,2,1.00.04,2017-08-13 10:39:25,,
gp:AOqpTOG-6zcZ46PbMfWz_GlK1voksUjct4mZwW1uc7ww7gTAbkyb-1NFIa8fbUOyW2uTnXXtd2rQ-SZHrZMM-w,thenext Stan,https://play-lh.googleusercontent.com/-79vwkev_jIM/AAAAAAAAAAI/AAAAAAAAAAA/AMZuucl3bqUZAocY3S9Av-NFubPLzlRLPw/photo.jpg,It is a very fun game i really like the game,5,1,1.00.02,2017-08-04 17:05:32,,
gp:AOqpTOHU49f0zPTZvDDjVYnOhadX1473s1Ti__89eZnb7P6lqTrv2emn-qbf8PjNDYDhCADjfQCFPdH3klmbNQ,Kev In,https://play-lh.googleusercontent.com/a-/AOh14GgEEZKtAcME7TVGch2jcoDscN1GNwN-_bu1DKt9mQ,No controller support,1,0,1.00.02,2017-07-31 15:54:28,,
gp:AOqpTOFcjVHk2VF1fPJwFhOsSgakIB7ASMka3z-hcNCmXkt5BzoAiKFwxyd7cEwFkS0YFqKHPnOvA7kFsC36GA,james williams,https://play-lh.googleusercontent.com/-nk7XWuQwy5U/AAAAAAAAAAI/AAAAAAAAAAA/AMZuuckdWGu0cAqT5p0IWm97el4ngufepg/photo.jpg,"Please give us game controller support, it's a real heart breaking letdown to only have touchscreen controls. Anyone who's ever played the original knows it's a great classic platformer that demands more precise control system than touch controls.",1,28,1.00.04,2017-07-11 11:16:18,,
gp:AOqpTOFOVa5UzAp8aKA-7yX5qs99fkgs1c8x-mGEGL0QFZKHnuQkl3VKEtZnMy-KSvqBcld5-OJ9v-iq4KsdRw,Russ Meares,https://play-lh.googleusercontent.com/-bTC9d3UzSAE/AAAAAAAAAAI/AAAAAAAAAAA/AMZuuclhd_3DL1l2U7otPv4MxO1Fyalyvg/photo.jpg,My only complaint is like everyone else...hate having to reset controls very time I play. No other complaint! I spent a lot of quarters on this game as a kid and I am addicted again!,4,0,1.00.02,2017-07-01 20:23:15,,
gp:AOqpTOEZ_sr2AFODRmpd8Yo82hCK0SXyV_tnyF6nr8qOaPAiAaihr6x73s65W8aceyDe_7dNbIAmqIcDKs4UtA,A Google user,https://play-lh.googleusercontent.com/EGemoI2NTXmTsBVtJqk8jxF9rh8ApRWfsIMQSt2uE4OcpQqbFu7f7NbTK05lx80nuSijCz7sc3a277R67g,Reminds me of the old good days. Exactly a copy of the old game. I love It!,5,5,1.00.04,2017-06-29 09:52:38,,
gp:AOqpTOFfnSSrob7cWh5AmWCwSJ9t9vVKaOAQzq5N7HSAvE1UbG51pvzEaR_GP2iBz2ZFTgG6DBhFPts3RCfcDg,Mark Graham,https://play-lh.googleusercontent.com/--kVBTHZo6As/AAAAAAAAAAI/AAAAAAAAAAA/AMZuuclnfBlMBEcridIeh4DwXON-4OD8fw/photo.jpg,Very bad controls no bluetooth support for a controller hence very frustrating to play.,1,8,1.00.04,2017-06-25 20:44:42,,
gp:AOqpTOFrYj2rsDCa5JgSz94c6C1LB41lnXPHn7LCfWt-9v2r7_7aScnKjSo9LRdnMtUcghvY-WrXuxXouRScVw,Kevin Redford,https://play-lh.googleusercontent.com/a-/AOh14GhjwKH0zJm2848UZFSo3V9mK2SkUN30jCe449Q6,"A decent port. Just one thing, please fix the control issue.",4,5,1.00.04,2017-06-19 08:38:59,,
gp:AOqpTOHr7UBfveHGhnTms9rX8e4PMQ8hf26Y7Ca8HJhoF3CkJC6tWYrzxUtjpGsvMDSbJc-F0-ELv-qidy8EYg,TVG NETWORK,https://play-lh.googleusercontent.com/a-/AOh14Gh6lFJWwEIRcUJMbJKjNIn6NdBk_H9ZtjD0YFLt4w,Classic arcade throwback 😁😁😁😁😁😁😁😁😁😁😁😁😁😁😁😁😁😁😁😁😁😁😁😁😁😁😁😁😁😂😂😂😂😂😂😂😂😁😁😁😁😀😀😀😀😀😀😁😀😁😁😁😂😂😂😁😁😀😀😀😀😀😀😀😀😀😀😀😀😀😀😀,5,1,1.00.02,2017-06-16 11:06:28,,
gp:AOqpTOFp9tNlGn4SeuCS5lU3CWs8UnAzfyXU0g4c65Aov5t7u3r8P-i9HhM6y9b26wsjBJZyao0AThn_n_-Ejg,Buddy Wlodarczyk,https://play-lh.googleusercontent.com/-9cELP9y9ek4/AAAAAAAAAAI/AAAAAAAAAAA/AMZuucmWuAULiUe3Vkd3aklrrLQK6TWknQ/photo.jpg,"On phone : It's exactly like the arcade version from way back. Awesome. PLEASE though, PLEASE make it so the control scheme you pick doesn't change after you start a new game or after backing out of the app. That will get 5 stars for sure. Great job devs  On tablet, no background graphics, just enemies and you. Can make it through 1st level, then impossible to play/please fix!",4,93,1.00.04,2017-06-14 16:52:01,,
gp:AOqpTOELBsZD8N7zhY88vqnW2mlJM6FtoMmvf7wN0qx1KcsFMHyejbgTJrWDKCRXSCrWSLOvwsLRGenAUe-SCA,Matt Cooper,https://play-lh.googleusercontent.com/a-/AOh14Gicku8PvMbkuprMtQAZ5aLAddp0K3z8C2B4rXzF,"While it reminds me of the game I grew up playing, I have to keep resetting the controls after each game is over or I close the app. It's a little annoying. It would also be better if I could make it full screen too instead of the bars on the side. For .99 cents though, it's hard to beat.",3,1,1.00.02,2017-06-06 07:35:31,,
gp:AOqpTOFbU-05yushzGw32bO4Mu03FV7TPXlAjkbC7l3EUR0wNiHeNO20Viuqn-rMa6J6yHk_3GIiLX0zz3dnrQ,Dave BOWLERS BOY Platt,https://play-lh.googleusercontent.com/a-/AOh14Gj9CAJ_D4A9Y0jaKA7nf_6sPUZvZZRRzc89qE9Mog,"OLD SKOOL GAMING, !!!",5,1,1.00.02,2017-06-05 13:50:09,,
gp:AOqpTOF5MaKPNEcopwntjO3_VCSYiyiuu7ejD5Lv-pKaNdyAjfR4O2YDD0sQmvlz4vg-IKz5SUYBWXITPKQ4Fg,Justin Taylor,https://play-lh.googleusercontent.com/-xwFz0ky57tM/AAAAAAAAAAI/AAAAAAAAAAA/AMZuucnWDj0Gmp80D1YF4nsSLq-S3IXl9Q/photo.jpg,Game keeps crashing after the 5th level. Can't even finish it,3,2,1.00.04,2017-05-31 14:13:31,,
gp:AOqpTOFh0Sb1TX1OTI2Uyb_C94jXUrDrsx-cK15BdK1FiCXyIijD_-SB7f_hf-qeRf8yt0iccQK2SC_MPddW_g,Mitchell Febrianto,https://play-lh.googleusercontent.com/a-/AOh14GiD1pGh1N8gcUZpOZm9kFuTf8UoKIu0LkLIyc79EQ,"Capcom please fix the screen rotation, like ghost n ghouls!!",3,0,1.00.02,2017-05-21 15:30:55,,
gp:AOqpTOHr8jMTQawvwx5mjjOoCLUBgrylHC9Jg2ErmUi9h1CVC_mAVHl84e46hLL0-jF0iaHQSaBnC111PTofnA,Ryan Winter,https://play-lh.googleusercontent.com/a-/AOh14Gj13YjVbVvp_m6Gb6zWT-NN4r9_VkynwwXIUCwexg,"Paid and installed the game, and 90% of the landscape is  invisible. Totally glitched. Do not buy.",1,1,1.00.02,2017-05-02 05:45:19,,
gp:AOqpTOEyNRVZg3_YLaTB0U5t_EmffoH4B39oHKtoD-TEZYtAFJaNDhcFRdXUA3ulAzTLbmcIIDKnCHA6RhhmjQ,scott murray,https://play-lh.googleusercontent.com/a-/AOh14Gj3I3kmqEOyJYOPBXZTocWn0wuq6rU48aUEF-G_-A,Not a bad effort for a port but wish they would bring out games that would be a bit better suited to touchscreen like final fight,4,0,1.00.02,2017-05-01 08:19:39,,
gp:AOqpTOHffzj4ES-joI26ASoL37I7D13svMH1fSVddQy8T2UEqUGfTnPRp3A4EnXN3OXqwKD1LGCNjWmZzUV3wA,C's show,https://play-lh.googleusercontent.com/a-/AOh14GgriWC8LkRt4WhcmEwWXwpkLkGl55VMPL0NSRGebQ,I am happy that this game is challenging and fun. I look forward to more games.,5,1,1.00.02,2017-04-24 08:13:46,,
gp:AOqpTOGWWQhRh4L5v2L9AGVu9KqF7j7ItfLhACpI0mqB1hS8hAcgqamPEEwLV7gF4hc2sJbYttjDaS6G8VhxSw,Neelix1 Karaoke,https://play-lh.googleusercontent.com/a-/AOh14Gh-GBYR5YPMY9_zSzJTkaAXJanPhqNI6P3LdY5r,I loved this game years ago and would love playing it again if it would connect to my MOGA pro controller. Please adapt this game for controller option for MOGA pro,3,18,1.00.04,2017-04-24 03:22:57,,
gp:AOqpTOGaczOdUlj5bMXXcLDYzafG4NrhgQ92NClSWqP1txmPcN9INKmy_5exiz19L-TiYYPIKVW1Ph3_i9SAug,gooseNchip,https://play-lh.googleusercontent.com/a-/AOh14GgB4IUMnhXpVIbhRsNtmtzRdKFRPwl_zK54SRUycg,I love it,5,1,1.00.04,2017-04-20 17:10:03,,
gp:AOqpTOEfaPwpEfO9Tl0E6t0xdpg1Q7JYdSXwu3oGqVx6OXpaVUHXvWwYDFD7JHLRJRD2U-nDGaFpStvIizMJtw,JBB Purchased Playlist,https://play-lh.googleusercontent.com/-AgiNQQU0Ex8/AAAAAAAAAAI/AAAAAAAAAAA/AMZuucmDk4KFei3IbPEWYuWR6WQfWv2QDw/photo.jpg,Plays great and love the brutal difficulty as always but on my galaxy s3 I have no background textures for the first level and opening sequence... haven't gotten farther into the game to check those levels...,2,0,,2017-04-14 05:13:18,,
gp:AOqpTOFekLaXSYROJP2UA-LarM4qKmJYQVvjornxp8iRFUcQ4Ap1IBdEbysvVE3b5-3Vdx8eir23gCIE21qLXQ,Mark O'Driscoll,https://play-lh.googleusercontent.com/-ifHE7NDmQHs/AAAAAAAAAAI/AAAAAAAAAAA/AMZuucn0y10ce1WXor8F-mXDcMW7gyLoLA/photo.jpg,"It's great to see my favourite arcade game on mobile. It plays exactly like the original with all the levels and monster to fight. The only downside is the controls take some getting used to, but once mastered are responsive.",4,1,1.00.02,2017-04-13 04:18:50,,
gp:AOqpTOEphYq5ZcytJ4A8c3w9GnnIne8hp4XopM2xSxkdtwi7rpW363PjzlJ40zZGR8ZPnb6LzjJKGxQAwcj8HQ,Braedan Taylor,https://play-lh.googleusercontent.com/a-/AOh14GhA_kJMIgU4llGUKasVfEGysBo154ef_ge3I93m_g,Looooved it,5,1,1.00.02,2017-04-03 07:59:40,,
gp:AOqpTOEFnIr_930_a1UIhx1P6SrNbqVaZ0zRTWAxmlFuZUWo99taKIrdVANXlWoYZCRJGqiCNyHXV-yoma3jMQ,William C,https://play-lh.googleusercontent.com/a-/AOh14Gh7VjByKU6BZwJObMDdMJsknnp7glNoK9AOdhXwCw,Love to play a classic again,5,0,1.00.02,2017-04-02 21:11:10,,
gp:AOqpTOGyBxqWJc04NQc8KxKwm6Q3EpjBgxItyEKKQyX3eVS2bRcIzG4Oo-OXNxH6rBst0JWzg_BiCu944zofZQ,david balman,https://play-lh.googleusercontent.com/-PkQr3B7pot0/AAAAAAAAAAI/AAAAAAAAAAA/AMZuucnLcmy6r30-azcbngb13m_7CBidGw/photo.jpg,Good game. Needs Bluetooth control support though,3,20,1.00.04,2017-04-02 12:07:34,,
gp:AOqpTOHNuBsLlo0_-o9Nb1zLkHBA1ncpW6-viwJ_CKjgG0FW1c8MJA3i2XurZ1XnyJR0vP2HClUUou0oEAkl6g,Chris Dugger,https://play-lh.googleusercontent.com/a-/AOh14Ghq2ase-7PWMrlIaCVLFK9fQVbQJHAbJP5qXmKRjA,Doesn't give you full screen on the Nvidia shield k1 tablet. So impossible to play!,2,28,1.00.04,2017-04-02 09:21:11,,
gp:AOqpTOGZj2NFxY6eIcM9sb1Nh4yQaI-6VQfVGQYMnTJUF9s8ARYLMhQOgUBulFxvJ73kIPlz4N-WrZmyFVMPHA,Vic Rey,https://play-lh.googleusercontent.com/a-/AOh14GjQezSZw7h-Tvqnt4zhdjCAUvxd1eFN7hqQdCcaDgE,Please add gamepad support,4,2,1.00.02,2017-03-28 21:03:09,,
gp:AOqpTOHqTlrz_SLty8fIejofzxSej4HFJ4AafPbJbD4FnGscXhdB1UV6t6ITS_PaA51MARj2dfBjj4Hd9iSAIA,Pablo Sarmiento,https://play-lh.googleusercontent.com/a-/AOh14GghUHk_Pbb_8dkJkNzFbfEVP_2mkUfifpRF4kRe_Qs,"Here's the thing, I think the touchscreen controls are actually quite good....on a phone,  but on a tablet they are impossible.   I believe the price point is more than fair,  but I would've gladly paid more if this game had controller support",4,56,1.00.04,2017-03-28 14:34:37,,
gp:AOqpTOGj5uM1DTSbdJkxrnCDIh3XFHM3ykyxeppXX-Em2K9ka3FW3SH6PCi93ytvhNFpucdzevKzLDOrca1mJw,Josh Hutchinson,https://play-lh.googleusercontent.com/a-/AOh14Ghf9hODbnEwkEjYHxmHoTkBhn8C2Vd3K487KWeV,"Capcom, you used to be my favorite videogame producer. Now you don't even know how to apply an acceptible button interface to play with. Not only that, the contell settings you do have all reset after you get a game over, or exit to menu. Sorry but buying this game was probably the worst decision I've made. ESPECIALLY SIMCE ITS A CAPCOM GAME!!! Do not waste your money.",1,6,1.00.02,2017-03-23 23:51:03,,
gp:AOqpTOEnQx9rsHLLNVpP-QgtqbdDhbNrGVopupE5611KaSCX2scJPED4tPSPVsKtKUAcPNQDtJEWUMbUQpDaEA,A Google user,https://play-lh.googleusercontent.com/EGemoI2NTXmTsBVtJqk8jxF9rh8ApRWfsIMQSt2uE4OcpQqbFu7f7NbTK05lx80nuSijCz7sc3a277R67g,"it's true to the original graphics wise, however the controls couldn't be worse even if they tried. A simple joystick on the left for up/down/left/right and adjoining jump and attack buttons on the right and I might buy it again. Till then, refund time.",1,3,1.00.02,2017-03-23 14:57:14,,
gp:AOqpTOGPoo42SEFV_Nwfwt-GZHPW1ZrPOOX9TjsVwFGDEu-hO5l5dt6g07AZx2pK-wfOED4RgorHwAUJmK-dmA,MATTressInsptr,https://play-lh.googleusercontent.com/a-/AOh14Gikr3-XkbYSx7eHLyB63m0kGwcKxUTx-xYoULMSng,One of my favorite Capcom games. Must have controller controls. Button controls in game are poor.,3,1,1.00.02,2017-03-23 11:13:31,,
gp:AOqpTOH_n5k5DShSloC9Zo8ytCp9XpPsCEgcRULyrfka0Zmry7SXFzpA-opgUFoMW_FhGdL8hjs2FRSl0pb9Ew,Anıl Korkmazyiğit,https://play-lh.googleusercontent.com/a-/AOh14GhnL6nHc4__TZHg8iVRyxSdVixy_yOeznDwYnDa-w,Screen is flashing dont stop all screen is pink and blue please help,2,0,1.00.02,2017-03-22 12:07:48,,
gp:AOqpTOHmFPb_lANIwGRavDNW3YiUO0dbwNi75mkYOsnkCBRBPAF1C4JCwWIpqWgGEEcGhRbP9twdyqlhicDGtA,Nektarios P,https://play-lh.googleusercontent.com/-_WIwtqF_U0c/AAAAAAAAAAI/AAAAAAAAAAA/AMZuucmDFiRh1o0yB87Tt3_KavsRJoffGQ/photo.jpg,"Controls could be better, but not at least having support for bluetooth controllers in this day and age is unexcusable for a gaming company like capcom. get it together guys.",3,5,1.00.02,2017-03-21 21:31:15,,
gp:AOqpTOFJ6yVCtA5A_BjWxH6EeaTRWmejRmktoGQRqrA4THzwsgB7EQgK1DaBlVYV3xPDFfTuPA2FfRlgaCGJBQ,Jonas Fredriksson,https://play-lh.googleusercontent.com/-VYi0xWIgGIo/AAAAAAAAAAI/AAAAAAAAAAA/AMZuucnHTLEeMrshStFl4TLs6s4ABEo-GA/photo.jpg,Change the control layout first thing you do. Big time nostalgia after that.,4,2,1.00.02,2017-03-20 11:03:07,I'm sorry you're having issues with the controls.  If you hit the pause button in the upper right hand corner during gameplay you will be taken to the settings menu. From there you can choose between four different button layouts.,2017-03-20 10:04:34
gp:AOqpTOEjiWoAuZR2n9QsKYBA2IXJgQqX5DM19G6Oz6LsTWjEQhI37wQ_DnCskJZeEutBsmJY35i_0xqfQICxkg,Ben Cahill,https://play-lh.googleusercontent.com/-A9QPI8XBjRM/AAAAAAAAAAI/AAAAAAAAAIs/AMZuuckdF0oax7astbKXfFy3l0xwURQtPg/photo.jpg,No bluetooth controller support. C'mon capcom this is emulation 101 these days. Your old games arent exactly casual so you need to support proper controls. A CRT filer would also be nice. This game is a classic but unplayable to me at the moment.,2,21,1.00.02,2017-03-18 17:20:10,,
gp:AOqpTOHROMka6Z1loInUmbnQSPss9XZ1drZkkHlEarU48aaZfs6r-pc68TaDy7fGogIk-Z5GncZuwNpm6jc--A,Alan Hickling,https://play-lh.googleusercontent.com/a-/AOh14GjfPdtj4QiFoDYRTakDfRwFOUjc0GamVGtCscYlrA,Pretty good there are lots of control options in the pause menu..love to see more classics from Capcom,4,0,1.00.02,2017-03-18 10:55:19,,
gp:AOqpTOGB_qsatMGri59MbreFOSEJLPxuzhlqRjBoGsQIUwqeSKXsbPdhZZKAXd62os-z3OQ33y3XQ7pxxmNw9A,Scott Kintner,https://play-lh.googleusercontent.com/-m47ATtu8mR4/AAAAAAAAAAI/AAAAAAAAAAA/AMZuucn__JMug6WCyCVxlowekT4JP8JuKQ/photo.jpg,Was looking fwd to this. but the absence of BT controller support is a BIG disappointment.  The game is unplayable w/ onscreen buttons. Please add BT controller support!  ThX,2,8,1.00.02,2017-03-18 10:24:53,I'm sorry you're having issues with the default controls.  If you hit the pause button in the upper right hand corner during gameplay you will be taken to the settings menu. From there you can choose between four different button layouts.,2017-03-20 10:04:17
gp:AOqpTOEgNyEMNHxjDUAAJn9MQzXDC5GvmTBwxPo4fc3fnucyvQTMTJq3q7aW3hIfSfXYTWj7qw52sXan7MDcDA,Daren Wood,https://play-lh.googleusercontent.com/a-/AOh14GiGePUkC3w__bJpsxkoLzzsw7CnN5NCvHJhfvXZ,"Controls just need a little bit of practice that's all, I have got to the end of the 1st level so far.this game is over 30 years old it is meant to be hard they don't make them like this anymore.keep them coming capcom",5,1,1.00.02,2017-03-18 02:58:55,,
gp:AOqpTOEzAoPbDrceByjvwIPmKxepO9DkuyY7B4LC-BcrldUNYs2bXiSoFa3wrGtQzzJwU9bWtz2U6RvUq7L07A,Nicky Chan,https://play-lh.googleusercontent.com/a-/AOh14Gh9w5hbhhIB5CXrK9DwEEBNovYrRsUpv9Dz2GQTpjs,"In short term, if not because I grew up playing this game, I will not purchase it.",1,1,1.00.02,2017-03-17 21:54:12,,
gp:AOqpTOHl4uTF4v-0Zd7GkPZ5T3_Ge3XQoeSEgvqIn-sTMvQUvHV5GojHmGxEKIRGpdKJn8341389Wuo0r-PsSw,Tyler Wintringham,https://play-lh.googleusercontent.com/a-/AOh14GjPM-bYK08FJ8paG7ax5p4Olm7ofGYzHyJ_FG4_bQ,Awesome. Is this like the oldest zombie game ever created or something? Has to be.,5,1,1.00.02,2017-03-17 11:19:51,,
gp:AOqpTOEIcAviuft0AKwzdFQNTEHI8azR0XQuo0MW6C6inHQo6ndLMSOwLO-EtKtApgEcI3-iURTuVWbFxuo52g,Angel Polanco,https://play-lh.googleusercontent.com/a-/AOh14Ghy75YYFjwfBrsMnsEA1JwSAxOhcu8l4dOWcP7T,No BT controller support and on screen buttons are terrible.,1,7,1.00.02,2017-03-17 09:06:56,,
gp:AOqpTOG4RZz2_my_cUcB_O8b4zBmqe3G3i9d2pOIDX6tET1HOQVEIz6mYORwmBi4ik9Ie2TNyLk92UO1CY10sg,Marc Russell,https://play-lh.googleusercontent.com/a-/AOh14Ghv4Nx4yNOITCL21ZJeRaS47zBTq0dWgrRpiCLuNg,"Truly awful controls. The game is difficult enough already without giving the game awful controls. the buttons are so huge on the Galaxy S7 that you have to stretch to reach jump and fire. One option only shows the up and down buttons (which take up literally half the screen) and no left and right buttons. I should not need to stretch to reach controls on a phone screen. the game does not even remember the control layout you selected when you leave and reload the game. Make the controls moveable and resizable and remembered when you leave and exit the game, and then it would be worth rating, until then you have made a difficult game near on impossible to play, at least my galaxy S7, which is not an uncommon phone or uses an unusual screen resolution. Until the controls are resolved I would find this difficult to recommend to anyone.",1,14,1.00.02,2017-03-17 02:57:42,,
gp:AOqpTOG33wyznvsiKWQZ29m4psFyFpB8vnNdBeWxz6Zg1P07CLWnX1G8UKkoJQWHWMcljeHjb-n68RwELodn7w,Sergio Renovato Parga,https://play-lh.googleusercontent.com/-Q77dUhMgIjY/AAAAAAAAAAI/AAAAAAAAAAA/AMZuucnesVkTieokub0mWzxAGNQ24lI6tg/photo.jpg,"Capcom do it again!!! Controls are terrible, i can't imagine who's the one behind testing the game before you releasing it, you just don't learn from megaman. I'm really disappointed... again.",1,13,1.00.02,2017-03-16 13:38:08,I'm sorry you're having issues with the controls.  If you hit the pause button in the upper right hand corner during gameplay you will be taken to the settings menu. From there you can choose between four different button layouts.,2017-03-20 10:06:12
gp:AOqpTOHnMicooyOYH_48s4249T1ZMzMfT3VL0d7AdgEBSyG9uWmmBFWoGeA7o15XIR1XDd0sNaaWyeWrcAwEbw,titi piti,https://play-lh.googleusercontent.com/-ERzabmw0K4I/AAAAAAAAAAI/AAAAAAAAAAA/AMZuucn0IRK_tP-1KNtBLazikeLYiP7jwA/photo.jpg,"Nightmare, the screen flashes blue and pink non stop. NOT playable.",1,4,1.00.02,2017-03-16 11:23:28,,
gp:AOqpTOFDJ3N665T5rzWT9zuw-eQ_XlWOxRQ0gK7YFNKJHXvsFQkqqpiHUlZ6551PKfIYj-LiLK7Rq6Elv1P_Bg,Dan McSweeney,https://play-lh.googleusercontent.com/-1_aromiM6jY/AAAAAAAAAAI/AAAAAAAACWE/AMZuucm-LFE8F7H5hNmnM7lZbsO997SnXA/photo.jpg,"Controls are terrible. Huge oversized buttons. Even worse is the fact that your choice of controls from the limited selection  is not saved, so each time you begin it goes back to the default setting.  Gameplay and graphics are true to the 80's classic, but you'll be doing well to get through the first level before frustration sets in due to the insane difficulty in manoeuvring. Please add better control options Capcom.",1,24,1.00.02,2017-03-16 09:01:30,,
gp:AOqpTOFCvHh6CG3Wj4is5De_1nKh9fGe5Quax5ha4k6HueHvGr7q2uZmVOLv2aF7TxMZlDMnISKhFxH-yZaHug,Nicholas Vilppu,https://play-lh.googleusercontent.com/a-/AOh14Gg7TEWQqB4mKvf40D5bHf7Ygo69CjNri7SARaurMYA,"Doesn't save the controller layout, needs audio volume control.",3,3,1.00.02,2017-03-16 03:19:03,,
gp:AOqpTOG0y8DkfuSx1uBPKcj-hq66xaRG_TS3qcZ4D4eJ2XnUxD2nNTA8A1sxme5lKqXmq3LBaW1O9AAuTBSDBQ,I'ma Rob'Oat,https://play-lh.googleusercontent.com/a-/AOh14GiXdxHHOlvoCgwdA_lc69yHn0VbAYh5JxvsBaZtjQ,"Meh, it's a good port.",4,0,1.00.02,2017-03-16 03:01:58,,
