reviewId,userName,userImage,content,score,thumbsUpCount,reviewCreatedVersion,at,replyContent,repliedAt
gp:AOqpTOHdrAzyUQL86L1FQO2kFtsRavwNv3Qi3K2QI-yj9XCuLIvpUBgn7u_YF68JNRYx5I37nqanpw8R11XcXZk,Point2Bexact,https://play-lh.googleusercontent.com/a-/AOh14Gi5zqoCEnhhVtFCE1vm7D3Cjk4Q-TsG51KRdKBmCQ,Works great,5,1,10.0.6,2021-02-05 20:43:04,,
gp:AOqpTOHjT80RfGiHZipVe9TlArZd4yaPRFtpn5ccv4YKeDbnOKurFe8GrzgUYvLmtVT_WMqSN_FIGyooRMhphB0,Chris Walls,https://play-lh.googleusercontent.com/-SEFJRQoqZgw/AAAAAAAAAAI/AAAAAAAAAAA/AMZuucn9BFIR777sTgsc6VzgoJ-vQ8dOQw/photo.jpg,not sure yet bought it for the battery life on my OnePlus 8t 5G. because the battery life on this thing sucks but so far I can do everything on the phone for free instead of the app that pertains to the battery but the rest of app is good,3,0,10.0.6,2021-02-05 05:02:51,,
gp:AOqpTOGL1Yr2efug-uFNuPqE0UpsU_ZxYNs311rXueYrda0LFu_3wNUMiSMEfCQiacQQunTW9bvL82DC4i5JM8U,Robert Medina,https://play-lh.googleusercontent.com/a-/AOh14GiQk9dmy4AmUBz0i2qg7wRmVgVGq0MCqaR1otn89g,I love it,5,0,10.0.5,2021-01-31 21:45:20,,
gp:AOqpTOHUz7KU-Q3NFTX-t-txrcbgH2OfSyRgcbS4rG7xyF8jIHOycDQcARcsLq2mBELRzWfxbK96H9MG3ItWVjM,Haridas R Menon,https://play-lh.googleusercontent.com/a-/AOh14GhjlT0bBl0eYG2KmpFpSJsaT41evLX3GCdte_fFKA,exellent app,5,0,10.0.5,2021-01-31 09:07:34,,
gp:AOqpTOGFSOjBb9F5AOQyodcEMeFgRQ5ZkOwc-QGgBgiiRd7ecTGXX35EAehjJpgFbnCNWdMANvBg6wTVk769K40,Sid Saxon,https://play-lh.googleusercontent.com/a-/AOh14Gi1T8bNvwjQa_i6VVviT7xYBY-KeVqpqtfKTdgydMM,This utility for Android keeps my phone running very efficient. A must have app to keep your phone running smoothly!,5,2,10.0.5,2021-01-29 11:30:53,,
gp:AOqpTOEiieyNZSnFsIbRg9HYT3oDe89Gj5oiPj8W78yhKsHKaBRVLOSlgAe4FeMj7-38L8y8SwzxSkEikMdGcuQ,Josh X,https://play-lh.googleusercontent.com/-7In09nZxlCo/AAAAAAAAAAI/AAAAAAAAAAA/AMZuuckdrUaP82kPL7QsDfhyd9rbEwPVWQ/photo.jpg,It's good and getting better as they update it,4,0,10.0.5,2021-01-28 04:41:00,,
gp:AOqpTOF2n6LQNBpHV5RecboTTb1eNlVABn0j4R68szPDuZfKNr6vJbU01HGidkUBY2O2yMSUJbcSW5cHl-vLoNg,Master Moripe,https://play-lh.googleusercontent.com/-NOBFP4rheO0/AAAAAAAAAAI/AAAAAAAAAAA/AMZuucmrdz1j-SxfKFAVkNPFrveizSIorQ/photo.jpg,Very good app thanks guys love it,3,0,10.0.4,2021-01-21 03:55:33,,
gp:AOqpTOEWJCOiDrlRZQwClfkG1cUD8VY4wOI1vs91FkjiiaiT4q3UKaS-ZQm4AmwcHqR4gQrwWgP1I-7WEbGDEvk,mark wilkes,https://play-lh.googleusercontent.com/a-/AOh14Gg2hVzj4ybY_dFmGT5BNbdDEoo277wCROL9X6HiAQ,wow. . . what a great optimizer bought the full version as its that good.,5,2,10.0.3,2021-01-13 11:06:08,,
gp:AOqpTOGjRrECZx-Ps0GPB6k1GP_hFIyXYGZfsd1CYhM_UQHs7A6xICYeBP7UTkDwARe-661TyVyqRyhrIgL-WkQ,Clay Krebsbach,https://play-lh.googleusercontent.com/a-/AOh14GjZ40ZjYCzAYrUJzyEjHU5rJmQ108QiKkhppKSUNg,"It use to function great now, if you can pay attention its being swindled! Digital well being cant be removed either. , type changes itself! Im being hacked bye my phones self. Its not ai but my new group. Ai is fun. It all started October with the android 10 upgrade. Ive made a speech president. Its the only option i had to bridge the Italian speech gap. Im clinical awaken its my profession being swindled. Im legally altered for my acting profession.check your plastic. More setting to drown out",5,2,8.0.4,2021-01-10 03:02:42,,
gp:AOqpTOHI4C9ziaD-Uxo7kE5ZdipMHAduZs_mJCNEH9E5hxtMgut3GqA_CG_mm3iBJ6AKnXFWq0yMhQlWmf76MCU,Ratan Prakash Sharma,https://play-lh.googleusercontent.com/a-/AOh14GhBsGVERAbjr22gBpNYzaF-6f3HYeQk0qoCPHTlOw,Its Really nice App,4,0,10.0.2,2021-01-09 18:26:30,,
gp:AOqpTOGOik11CBVpQaN75DTG9od0agvgCc1KHJrYzs2pacD3APzKrPG1CDuibyX0NmqnvVN2FlB-JOlPRWTnVkM,Sam Jones,https://play-lh.googleusercontent.com/-pjafZf6meKY/AAAAAAAAAAI/AAAAAAAAAAA/AMZuucmeMJe4_ns7L017V6wb9dxDHKXZSw/photo.jpg,Great app. Not bad for. 0.99 sale. I would've definitely paid the regular price to support the developer for his or her hard work. This app is essential for my low end phone. All I have to do is set up to my personal preference and app is automatic. It does the rest hands free. Battery seems to last longer and less lag on my phone with 1gb of usable ram average. 8gb of usable internal storage. The app has some very nice widgets. I use the widgets the rest hands free.,5,8,10.0.1,2021-01-09 04:11:41,,
gp:AOqpTOHRxNiSxU5-apB04drEwb_RHWxX5MMSklh05bzbJdowPMpfAMzrd6OyhMvX9qkcWBcRpeV9lCdvdWh7ehA,Gabriel Mancuso,https://play-lh.googleusercontent.com/a-/AOh14Gi8sri1q1Qqb-M2tK4qwpTqS08gAyofVVwXBmVSWJ4,This app delivers whats promised,5,0,10.0.0,2021-01-07 14:17:07,,
gp:AOqpTOHtPnS_1gXxLpqbvAiUiyEmbgZp4NrE-1rItUYSd2eatMiUCnsECxLByNDlkfVacbEYVU4pDDAC6VEbInY,n al,https://play-lh.googleusercontent.com/-lIaCJl-o6Ak/AAAAAAAAAAI/AAAAAAAAAAA/AMZuuck1Q5_xryoCGRQiJn8abqaFa51L2Q/photo.jpg,Great job specially the cache cleanser . The only cache cleaner that really works.,5,6,10.0.0,2021-01-06 17:04:43,,
gp:AOqpTOFdyflKL_KQ8m6c6p76nzPpxIAa9LBnjEgpQDDBBB2WanAzU_EciwWjElElSrx9SeMFbnmRQ_KI_X6R7t4,Unnecessary Permissions,https://play-lh.googleusercontent.com/a-/AOh14Gj3I6TGwvZr9jt_FM2sDm_ZiT0gk8FiQLfz-VTtLA,Useless against Android 6 cache.,2,3,7.6.5,2020-12-25 21:41:36,,
gp:AOqpTOESu63Ri3itOHvXBo0bU3ff-6pracxZEoV8eMkUCVCBky-8OmZTnE9PXt5_eFy9Q3XEPRnuNrD0HMDTYfY,Rio Wong,https://play-lh.googleusercontent.com/a-/AOh14Gimu7xtD_DRL0ndwVKOZ2-GdCAMaziSUC2zHutCq5M,Clear Hidden Cache will always somehow be stopped automatically in the middle of clearing process. Expect dark theme which is so bright white sharply now that consumes battery.,3,4,8.0.4,2020-12-22 18:31:17,,
gp:AOqpTOEgmXFXfds7TQ3nVln4zbPbiapDTlYNzfahATIdbvQzHWU4Y5gvW37uyZb2qWFxQOV6akQLS-RkUqIVzNc,Jerry Chrane-Shafer,https://play-lh.googleusercontent.com/a-/AOh14GgJiYvvEUYcEbyF7z8EBtctGeLcvS1pPy2Ka0T-CQ,Simply love this app.,5,0,8.0.4,2020-12-07 19:14:53,,
gp:AOqpTOHxlrF8aZjBNeYYIEtJs9rsgLBsRObK_vl9o3zM2AFMJZYQHTE3bJWKDdYJdI6NwcZDV4S8dNhylwsvQEo,Sarath ps,https://play-lh.googleusercontent.com/a-/AOh14Gi2lpmilN2Ltb0SCdBgGaZq2gdlYGlWNGukxp4p_g,I paid for this app because deep clean mode shown in this app ...after install its...deep clean not support...force stop not support...also shows refund..but its also not working,2,1,8.0.4,2020-11-23 11:02:00,,
gp:AOqpTOE7TNE32AI2DomN4ndP6h_V5qGgbWts5FajIGhgULdVcR8CFtlloVP9rmC6TE9ppLuYULe-2rfKDb3pnaM,"TSHERING DUKPA, INDIA",https://play-lh.googleusercontent.com/a-/AOh14GgG9IX6knjjp9n0lNsSyq1wsesR1IgiuPy111srvw,"I wanted to install on three of my mobile handsets. I could install only on one of the them . I tried doing the on other two as well, on both occasions, money was debited from my card but downloads were not activated. I know that one time payment is good enough for any number of downloads against the same account. I am feeling like being let down, please look into the matter and get the needful done!!= EDITED: it seems the issue has been resolved. Thanks for the the response!!!",4,18,8.0.4,2020-11-22 19:18:06,All apps purchased from the Play Store can be reinstalled for free from the Play Store as long as you have the same Google account as when you purchased them. There is a possibility that your Google account data has not been synchronized in the Play Store app. Please try rebooting your device and initializing the Play Store app.,2020-10-27 08:13:36
gp:AOqpTOEscZtyt1KiLwDaMGbRLeif3AJhabTU7Fx9HRgNeSZ_iCwdTSeQ_7bwdHjbnKXiB3FaGV215qNi8AVwdqM,Gilbert Aguirre,https://play-lh.googleusercontent.com/-BuTKWTA5JVM/AAAAAAAAAAI/AAAAAAAAAAA/AMZuucmhVNFYLAjoZUPfPqiLK1KapY0dtw/photo.jpg,Good,5,0,8.0.4,2020-11-19 15:48:03,,
gp:AOqpTOGYxBMZSYXgoFvlRlhQMfL47pt9jOUERzrkJYGvJr3RGCm3jKcUkErD_C69xKkkaBrDJNXv8jz2wLuM5eU,ALEX YONG,https://play-lh.googleusercontent.com/-WXCeo7S8mAc/AAAAAAAAAAI/AAAAAAAAAAA/AMZuucn58JzPx-r5VjRfSGzYT_XZ8WpcBg/photo.jpg,Overall its very good app with rich features. Five stars if you can automate for kill app and clean hidden caches. Many thanks.,3,1,8.0.4,2020-11-05 17:46:04,,
gp:AOqpTOGvkvCaMIfKmoXNJjpO0ap9hKSUFaizbk84-bJ5mRH1bga6N570vmhLZQGZk7-BxI52SaSCgdfZ3Qs77CA,Aaron Klasse,https://play-lh.googleusercontent.com/a-/AOh14Gjhvubxl9x6SIFfMy2JGMoPzHfvXXgPM8K2sZDkSw,I tried to trial version at first and was so impressed I bought it! Great app!,5,0,8.0.4,2020-11-03 20:10:34,,
gp:AOqpTOGwDVSkjC9qt0EOFqSGx-t9wA7D-OmPArI6H7AZgglFSTOsjrhuqmF6_nimdbpvMXzvOLYBxmPfE5u0CCA,gustavvson,https://play-lh.googleusercontent.com/-c4rWmr0P5bM/AAAAAAAAAAI/AAAAAAAAAAA/AMZuuclSC8NVFuxWtqxhFwTk8vS3jxZbIg/photo.jpg,I just wanted to know why there isn't a switch to activate automatic airplane mode. You need to line up the cursor to the airplane mode icon and no matter what I do it keeps saying it's not correctly lined up. Why is this? Otherwise I love this app,3,16,8.0.4,2020-11-03 19:56:48,,
gp:AOqpTOHzJppCAnXBpq6jkwgzb9C3TOvITLQ2nxOgUJVwXCy4K53CqlbU2tYib3wxZGpnxo96I-i_juBDoJFZsLo,Tony Nicklow,https://play-lh.googleusercontent.com/a-/AOh14GiVw1mkz4o6_frPPfiR35PBTRnbBMlZEdjYESEmrCE,You don't need apps like this. Android manages ram just fine. There are better apps to clear cache like Goggle Files or built in utilities. Don't recommend this app or any like it. Don't what this app does actual hurts performance and battery life. It's just snake oil.,1,2,8.0.4,2020-11-02 07:22:20,,
gp:AOqpTOFAUWDYPb_nnq1gwsnNf5Y1b3snHh7YtL8iga2U50wZT33ayqnb6wQGIo0sjM5fBOPtiny7jH6IgVxCyoM,Josh O'Niell,https://play-lh.googleusercontent.com/-EEGHDRS0klU/AAAAAAAAAAI/AAAAAAAAAAA/AMZuucksEJ_4g-ksuy6Z5qp6-dg6BZKFOQ/photo.jpg,Have lot of apps from this site all been perfect so it time to let this on save on battery and clean up and am pleased so far,5,1,8.0.4,2020-11-01 23:36:41,,
gp:AOqpTOH-oylpD6-_oh0wtfGx-mBuNrQQHdKUdn29T-GfFcsNpX5CVRvIBz91by2vs5P5z-5t_3JO2WnZUGJ5drs,Ahmad Zaid,https://play-lh.googleusercontent.com/a-/AOh14GjY8r_BmbiLI0eeES0QuENvVleWB0Y0vd_Gto9u,Good app,5,0,8.0.4,2020-10-31 16:00:08,,
gp:AOqpTOF8Zm38KGKjHQqXXWnF9r_kBq3K9y5G3Yby8Be6pu8Ai9txWktHGTJn1vKkHk68FpW_Wd-tvuvjuBO8qN0,Gabriel Cabral,https://play-lh.googleusercontent.com/a-/AOh14GhfqlahXpiZ6pc3xl7uxOK4xq6MfthIXfOvqH4DyA,"This app is working fine for my Moto G Fast, as expected. I beleive this app will be worth every penny. I ve used this developers free version version for a couple of years without an issue.",5,5,8.0.3,2020-10-25 08:06:08,,
gp:AOqpTOEND42cIXczf9ay4EQFHgxLEdtsyU2JcXNzfRXPPoOOZQFcVY8kU1v5vBo8geHvAFntVAk0RvBw-Wokpz8,Bernie Amler,https://play-lh.googleusercontent.com/a-/AOh14GhjK5GdTRPe1aenvwxtbJ92CCG6mka_G_Xcg-8etw,Don't know-how I managed before without this app. Would give it 10 stars if I could. Would love it even more if it was able to kill background apps that were running and not needed. But does an admiral job of keeping memory and cache in check automatically. Even able to reboot device without rooting.,5,3,7.7.1,2020-09-13 23:38:30,,
gp:AOqpTOHc2shbe_fTH2P3TtK9_WGjtEAno0c_31c8fD1UQlQOtwWuEAvnY3QnE1QOc773_XSXeo1kZBu51Xnp9z0,Vincent Varghese,https://play-lh.googleusercontent.com/a-/AOh14Gg0BdGnz7ptvXkKyUTBs2yeFyGI5yo6hqNTuPUL,"Works Great, good for freeing memory and cleaning, space, highly Recommend.",5,0,,2020-09-03 05:24:28,,
gp:AOqpTOGcMeFjCGFN0KvsQXl1jn9PSbIDJJ2J9eu2Qo-y855348DECkxq_37FfKAdCCPgm72Otb_HP8TSmVCDZYg,UZIBOY,https://play-lh.googleusercontent.com/a-/AOh14Gj2uCDMH5k_Abgqlcslt2SxJoLTJ8WFwvvkd_3Xeyc,Good over maintenance app,5,0,7.7.1,2020-09-01 13:42:09,,
gp:AOqpTOF8MkxUQdvWJKFM3jswTR5tvzSof11_7aYs4xVtBOtXJSzgIrBceiOwoNxJvIe4HUN0iwXDE4SeOSii1mc,A Google user,https://play-lh.googleusercontent.com/EGemoI2NTXmTsBVtJqk8jxF9rh8ApRWfsIMQSt2uE4OcpQqbFu7f7NbTK05lx80nuSijCz7sc3a277R67g,"App works great for clearing RAM. Some apps we restart of course, but the ones that doesn't it does free up the RAM for other processes.",5,9,7.7.1,2020-08-28 20:06:18,,
gp:AOqpTOGHLTIXFRvz1q8dK4L9iJjIkpbSxkWqxjSUctQ8MKNo_2mNwq5dQ9xwZQb-0SsFtHWnj69LY4BYaZ7CbVY,Vincent Varghese,https://play-lh.googleusercontent.com/a-/AOh14Gj4RDZmRTB3GjOgT_24ocuncOHize8uHWqUHW8PVg,"Very useful app, highly recommend.",5,0,7.7.1,2020-08-15 14:44:54,,
gp:AOqpTOFCUle378ATi6FEx49rquAR5Uhj8040htRqC6hXqcvI1Z5fPVO431dH-RhUrgElf5mCK4Zx1HTc1gD4Pcs,michael150583,https://play-lh.googleusercontent.com/a-/AOh14Gj7gP2wcE8SQPsIHYbuhPBfa-8ipG-dMal5n_gzGA,The best! Congratulations keep up the good work!,5,0,7.7.1,2020-08-06 15:25:41,,
gp:AOqpTOEFaBcnD2XnszkSXcEJItwwuoNlIkh8dsYUID42_DAY56L1gc9B9SOI_km_guwsMEkLJrw3AXMIoB9m2_0,H&B ْ,https://play-lh.googleusercontent.com/a-/AOh14GhqQt_blaRLZpLY7AATqRxejXl1xLYZ9ulBoPt3fg,very nice,5,0,7.7.1,2020-07-29 10:34:20,,
gp:AOqpTOGuMllqbSfVhJ1YazKfBfL-2qOSg9banfNbCKhMabHmM1GUfRg_-dDMjYPyJeae4KUFOb5tnmlu5v6MUVs,Eyal Oren,https://play-lh.googleusercontent.com/a-/AOh14GghDqUEuhWBk-IQCrPTDdIK7bfHzE5nPxsCf_5wnQ,"I have used a lot of Memory Booster/Cleaning Tools,THIS IS THE BEST for me. Every thing is Designed with a lot of Skill.The Developer was thinking of Everything.Excellent Design & a lot of options that didn't Existing at Any Others Tools. If i could i will give it 10 Stars.in the the botton line WORTH EVERY PENNY 👏😉",5,0,4.5.0,2020-07-24 21:59:17,,
gp:AOqpTOEYrF5dhGa-Bky0MEYL65IzrVTHLvYjgLMrepCOGzVOpz5V7wEFFISUaCVG1iE3hIOCRmuPn6eT4vcWU7k,shan michele,https://play-lh.googleusercontent.com/a-/AOh14GjDLsO0sFvf7PbpQ0J45BSoZfamaNUvwbIMOR-9Hw,"I purchased the app for 75/- the trail version was working good, but after purchase of app battery back up is not good at all its like normaly i think we should not purchase this kind of app... Friends be careful",1,9,7.7.0,2020-07-21 23:18:00,,
gp:AOqpTOE5S5gQ64XF67ZV7kqnhcBYOGhWYLiuiH2KV1kUr4booCvSF0rrGJbBZ4GgxfMORR34sigWTzTWM1z3-O0,A Nisachon,https://play-lh.googleusercontent.com/-gZGAWtTnBAI/AAAAAAAAAAI/AAAAAAAAAAA/AMZuucl5jJJkTwrGAe05CyMSFwwomhS19Q/photo.jpg,"That's great. Upgrade apps from ""Fast Task Killer"" and ""Fast Cache""",5,2,7.7.0,2020-07-18 20:18:14,,
gp:AOqpTOHIHV5QfDGFxKTq1MUuucbYeQO7QBqF5WQnH9iLWt1ZrzzISRJ5YFuVC58X2YD38byxnbVDNVEckYC3II8,Dylan Leslie,https://play-lh.googleusercontent.com/a-/AOh14GjKiw6q4TTM5417CuzVtbmH77cjKJknfPv-D4OlrHA,NICE app but after 10 mins I realised it couldn't be transferred phone from tablet. I want refund used 10mins total,1,0,7.6.6,2020-06-23 14:46:06,,
gp:AOqpTOGGjR1Her2C9aLoQWNNW55mDzi6iK9uYRoBkXUFN1RdUrQuJlmm8FWNUGGRPY8l1ZbP51iEKrGhCCoTlf0,Randy Scott Monroe,https://play-lh.googleusercontent.com/a-/AOh14GiNJat2vSnDHxt05bhjWPYQLXgFYB7xdItBpFZN,Like the way you can customize and very quick. Use on tablet and phone,5,2,7.6.6,2020-06-19 04:54:42,,
gp:AOqpTOEQ6yd3cCX4ixG2UM26l1FKlYoknhuH5mB-zIkZ4NzQnjYSTW4ZrbWmdlYRpQ5xiIWV-KkvhavkNsHn5lE,shiv kumar sharma,https://play-lh.googleusercontent.com/a-/AOh14GjxU3uQ-pZ0PdhveuTImE9yWmv9_nRnxFpyeR5k4g,Gud,5,0,7.6.6,2020-06-15 01:29:36,,
gp:AOqpTOEydojJLfubH1muRvOj3nhik2zB8rJIWZk0P1oMQ_ySrXFYPHitmCRV29O1mW7HxKB2z-ZPemd505S1-qE,69 Bro,https://play-lh.googleusercontent.com/-98aTcALur9s/AAAAAAAAAAI/AAAAAAAAAFY/AMZuucnQSzL1zguEieMXA_HRsJnOCRm3wA/photo.jpg,TQ VERRY MUCH...VERY USEFULLY. 100% GOOD FOR PHONE BATTERY LIFE & HEAT CONTROL...B4 USE THIS APPS MY SCREEN ON TIME ONLY 10 HOUR 100 TO 0 % WITH 50 % BRIGHTNESS LVL AND NOW 16 HOUR 100 TO 0 % SCREEN ON TIME..NO HEATING ISSUE ON MY PHONE..MAKE SURE MUST USE THE RIGHT SETTINGS ON THIS APPS TO GET GREAT PERFORMANCE.RECOMMENDED APPS.,5,7,7.6.6,2020-06-15 01:18:30,,
gp:AOqpTOGMnZBRGpC9OtsSG1715Q83IV5KSfa83p_LB6bkiPi4yE6wy629ZVmt09mSX66UNkxAnQfebgQQE-x7kEw,Nitin Dubey,https://play-lh.googleusercontent.com/a-/AOh14Gi8bURG-5LCRXOXGr5QCSgplk8DqC06kdunX3K2,Superbbbb app...Keep.updating..!!!,5,0,7.6.6,2020-06-14 03:12:52,,
gp:AOqpTOEGTDBb2gbOSteisihja6w7NlIxXhtfNdPCURlxQ8gxRq8PHiwO-7PTgxJvpj14y_W9O8TXU7QAJH5iIVs,edward miller,https://play-lh.googleusercontent.com/a-/AOh14GhifJWiTwWXu6HJRSQuMIAdu0q7XHAp-asOW2nQ,Works fine. Good tolol,5,0,7.6.5,2020-06-06 06:06:46,,
gp:AOqpTOHqu1JIJ6gmBM9wbTCnrOFtUkk1c0UVvgnt5TLa1jIGnRaGxAtWh4uziNG599mx-IL-8czryEEW3goEt3o,Mohd Shafie Bin Samad,https://play-lh.googleusercontent.com/a-/AOh14GiDfUN5nOgdTYvfU4Fb7HSZpZBcFEX71cDc1606pw,The best ever apps in their class,5,0,7.6.5,2020-06-02 07:34:26,,
gp:AOqpTOHPwoKMwXovBQQF3DNcAx5jo1JAJiZDp3mdg48CGZ9Itv0AQ0q7ymP7gJSqt2DLjQoX2UsmD6tlCUEI0ZE,Brigid Holmes,https://play-lh.googleusercontent.com/-DGlXRN-75pY/AAAAAAAAAAI/AAAAAAAAAAA/AMZuucllVX5-1-5n9hRpcuxTnW3hGRP1GA/photo.jpg,"This app has given my phone a new lease of life, before it was slow and was thinking I'd have to delete loads of apps or get a new phone. It's easy to set it to ignore apps that you don't want shut down, I haven't tried the battery saver yet but its well worth it just for the optimiser.",5,5,7.6.5,2020-06-02 02:54:05,,
gp:AOqpTOEyKui1Gi7tvLURIzU4GQpMb9D30ZWad2hbSglEVNJiBdjdyhQ_CeP8axiBIy5FQW-R2MOKjWG-z9Pw8k8,A Google user,https://play-lh.googleusercontent.com/EGemoI2NTXmTsBVtJqk8jxF9rh8ApRWfsIMQSt2uE4OcpQqbFu7f7NbTK05lx80nuSijCz7sc3a277R67g,Cool!,5,0,7.6.5,2020-05-28 02:41:49,,
gp:AOqpTOEkGaMJTyVAEsP057RnnsAbQnTtpzGXRtCxP7jicq269Pe6w9IOYDJrTSeMj_5KdrODr4sSeLpBuGfhoo8,Adisak Mongkolnamsakul,https://play-lh.googleusercontent.com/a-/AOh14GhQToLSunEJboYlI5nj4u74tamY1Q_4JA7xSF8C,Awesome,5,0,7.6.5,2020-05-25 18:12:22,,
gp:AOqpTOHwgdrZP3iNMmT1WYLBAPLz5-ok6Csp_mAZBZ5xIN0MgavhsDv6AOcFPeCrcJkRnGtWrCRlgcoSGQH_7vk,Vikas Chandra,https://play-lh.googleusercontent.com/a-/AOh14Gh0ryyC5SOWLsmZ2uEa14Ba0oQcnvGDgjEfiO1__Q,Good app,5,0,7.6.5,2020-05-25 06:19:40,,
gp:AOqpTOFjahJ5snTYxa6FmW0nGP6AGWNtOf2I3JhU2QPpIZJz1Zfbz4XWFJ34SgTYql--L1-yM4XjpsfZdRLFZ3w,haitham mostafa,https://play-lh.googleusercontent.com/a-/AOh14Gj8kfk6XKHj0g08XIckQdWUija292m4Qhb75JEstA,A good program but an automatic Restart feature that does not work as it is not by pressing the button it is by dragging up,4,2,7.6.5,2020-05-18 07:18:44,,
gp:AOqpTOFLzvqpnIQ8dcnLIjmMR60aniZeFl1q-OAYueB6ICgM3Hlf2KmOLWrdGVy3CED-Wh0zKcS8fb8IHTkAO3o,Rock Sollinger,https://play-lh.googleusercontent.com/a-/AOh14GiIwJ4A-DAp_VNDkvzavyWLrcdiAscshrp4ViuAtA,Great job 👌 so far so good,5,0,7.6.5,2020-05-13 16:08:53,,
gp:AOqpTOHAFFscyYbD2n6Nuw0kR-zE8dhOzK4WX9S5cWf9pPK6lEQvvu7IPDqp431ptkNvNO8dnahta8rSl4I5PUY,Keith Bayliss,https://play-lh.googleusercontent.com/a-/AOh14Ggp6dP_cvtKQh1CPvaz-ELodsKJwFF1MLgs0ncG,Good easy to use.,5,0,7.6.5,2020-05-08 13:56:05,,
gp:AOqpTOFRdbIiiHk0HuqV-KUCeK7058KFvQfzaStj4zumqs8aTJuV8M6HbfyQkzm7q_DwpAiac6McQEWULLTqp4s,Rakesh Kumar,https://play-lh.googleusercontent.com/a-/AOh14Ghetc0Qn3wjq1AmN-GV_inuVq_CtRyUSJAydyoO,Awesome,5,0,,2020-05-04 15:03:34,,
gp:AOqpTOESFJcZJbkLKUp9TtkrhWkMNC3Xcy-qYpWCBTIYM5s48vJy2cFfk-pqlczbh3FOT78mjIC-Dh1Ja5iFCsg,Orion Broughton,https://play-lh.googleusercontent.com/-0P_VzQgX2Rk/AAAAAAAAAAI/AAAAAAAAAAA/AMZuuclm_FP07GKzFWpmscnjf_9HrDbycg/photo.jpg,"I really like this app. I I haven't noticed battery life improvement yet. The apps consistant maintenence routines are making my phone smoother/faster, and I know I should restart my phone on a regular basis, with this app, I don't have to remember anymore.",5,5,7.6.5,2020-05-02 18:32:01,,
gp:AOqpTOHBQDQhstzmeZ3qxwEWdf4Uh_MG2AFu9fJlYp2_Fmpmt6a9sWgtQQKUYVP3GUTXdeMZqRR251xQJZDwZ3E,Keck meng Yap,https://play-lh.googleusercontent.com/-90t-8VNI4T8/AAAAAAAAAAI/AAAAAAAAAAA/AMZuucksj71WZMsHsfruo0_kjvJtzvnc5g/photo.jpg,Ok,5,0,7.6.4,2020-04-27 18:55:32,,
gp:AOqpTOFzwFisqntvbDmSP42MJHAwHGYH_YllAI3zaaJL8SjnS1mcG0dNZx45Gt9E7b4BBd3Vk9XdSdp7neT0wkI,boomycol,https://play-lh.googleusercontent.com/-G5MCRCPSN5U/AAAAAAAAAAI/AAAAAAAAAAA/AMZuuclPtdz-YE4fCLYZcVzFq4Sk1roDoQ/photo.jpg,Always top draw,5,0,7.6.4,2020-04-27 09:53:22,,
gp:AOqpTOGRyiU2HQ90OxBtHedhTMdQhZscdPi2iP1g3s7__AyRc-vXEcRYaNr4_zWOuagEIvrCKmZ2rONcNiaxUWc,James Hoch,https://play-lh.googleusercontent.com/a-/AOh14Gj0OB72MHQVrj5WV1ZOIODTDK643mQEXEDa1PmXHg,"Brilliant, easy to use app that just works!",5,4,7.6.4,2020-04-26 11:45:50,,
gp:AOqpTOHnxcO8AkCIG52Mf10Lfkay1vWY9lyYJNUtghEgPE9EUqJEDnUb89wFxQbsyCWdIxtDUHzwyHY3v3o6cL4,Frank H Cousins,https://play-lh.googleusercontent.com/a-/AOh14GhhJSThRTZoM_I64FJVWgx73LzWmmm5udc9isZRuQ,"Since the virus you have updated every 2 days. This is no longer a couiedence. And why does it say that you are updating the SAME THING every time. I do not care what you say, because you all LIE. every app is doing this. Because people are in their houses. We are NOT we are WORKING. this app lies to everyone check out the updates and you will see for yourself.",1,6,7.6.4,2020-04-21 17:35:37,"You are completely misunderstood.The app was updated multiple times in a short period of time, with the addition of new features and bug fixes overlapping.　We're not going to change our policy of fixing updates as soon as we find a bug.　If you personally don't want to update frequently, you can just do it manually instead of automatically updating.",2020-04-22 21:10:13
gp:AOqpTOGAcM_DhiGgJaXnswg7WQ2ELyzDuZKEu4Q3hBrSFLIarFqJwmbsQt7Qdw8wdBQKAyzTVTdNku8D0L9iCgw,Jose Jimenez,https://play-lh.googleusercontent.com/a-/AOh14Gg8yxDYj77IOGaoWDyPDMUjxrthNCqlIBsz0jmQCg,Edit: I will give it another go. ThnX I really want to enjoy this app as it is. Everyone should start paying attention to the app permissions! Otherwise I enjoy the functionality and UI is weak in design - but I more into functionality than aesthetics.,5,15,7.6.4,2020-04-21 08:01:38,"All of our apps do not collect any personal information.  It is specified in the privacy policy.  Also, make sure that this app does not have internet permissions.  This means that this app cannot send information anywhere.  You don't have to worry at all.",2020-04-20 15:19:33
gp:AOqpTOFe97CGLl6HXYXOTD2YAVta6-rTqN8DWDMKbKnj58FlL0dOKpj8Swus3C4zqNsIqgw5BTJCnx3i-15ZxyE,Brittany Long,https://play-lh.googleusercontent.com/a-/AOh14GgGjAZ7vPP2fNP5Vpr0tIQbE1LmR0x8XqsniadOzUQ,I love this app It totally works I never rate or leave comments unless it's a bad one. So that's saying a lot seeing how I am giving this a 5 star it deserves a 10 star though. This optimizer really works,5,8,7.6.3,2020-04-19 15:13:00,,
gp:AOqpTOEg4sj-wPVu5WBFL09p0MyEVV6ZR2fEYwPYhg8dqusRDSqB2npxtFfNERAriKUP-GvM8p2NkJGxje461fE,NORRIS ROBINSON,https://play-lh.googleusercontent.com/a-/AOh14GhuCjzHsrMdtw5r1ON76mjiHUXbfKbSZaakf4Pxqg,SO FAR A GOOD FOR ME.,4,0,7.6.3,2020-04-19 06:46:09,,
gp:AOqpTOFYSIw5fDcMb9R9RlshmJaHLCR_6oKwL4w97bMOshtDGLNpABu_itbs_jn2Y6vsS_6GUjHESL_r2qoiQ8E,Nigel V,https://play-lh.googleusercontent.com/-DkrWrvpBT7I/AAAAAAAAAAI/AAAAAAAAAAA/AMZuuckKsKHHES7b_9Dr---GSiSnY7VPbQ/photo.jpg,Does what it says on the can 👍,5,0,7.6.3,2020-04-16 15:41:25,,
gp:AOqpTOGaRHEPRHz7CZe-EabKZ5x8H0MTRLW4N2Bs0ycAlWsVsn--lLL_JgoBxQhp2ARyhC99vCUMwvmGO59Jw3k,Kevin Jones,https://play-lh.googleusercontent.com/a-/AOh14GjwQhDR3QRNxeFS7slfzV5X-nMxDEIWoTE6rrFGuw,"Everything you need to optimize your phone, thanks!!?",5,0,7.6.2,2020-04-12 17:02:13,,
gp:AOqpTOHGQEnvowOb9zYQxInINr5mPvqmja2c3nugjr-204kHWfkdN8WzDRlo5fbBwLPdKQ9s7ibQipLe6jWTtd0,Godfrey Mtumuli,https://play-lh.googleusercontent.com/-PdWmj7YfFQM/AAAAAAAAAAI/AAAAAAAADo0/AMZuucnFB-hCdWEoE0AvL6v0YYEyWQBaww/photo.jpg,"Add junk, thumbnails and duplicate files cleaner.",5,0,7.6.1,2020-04-11 21:58:56,,
gp:AOqpTOHFQRyYf7KvtitIRSgW81-i8imH_K1vRJPwoN-v_eU7pf_w-53kvZD31DeW-pY3458zIxxUyaCz4xNAbUo,Sri Ganesh,https://play-lh.googleusercontent.com/a-/AOh14GgxWQIHWnrNpBzvK44GVG8CrO6Md6ebYwhlkgHe_zc,very great features and working well.beat wishes to all the developer...,5,0,7.6.0,2020-04-11 20:31:29,,
gp:AOqpTOFzqL3shzwbBPwnr5AWzCLe0V97BEZ-oC6QFWxygW6TwKJVydUmZBYTHQf3TepRy9oiQITafzPMG8NmeiI,Mile Topcijoski,https://play-lh.googleusercontent.com/a-/AOh14Gg32zfiAieLa7Rq68SglAf454zSdoFtiU93JGCJUQ,battery saver not work,2,5,7.6.0,2020-04-10 04:59:33,,
gp:AOqpTOHMa7wBMCrLNw170bF_5LygkuokmxGlOg537PkIx10QbNgsJHy-x94ZeHFSsr98oO4Ewmv0BGM-fB4pwkY,Suntorn Suwannashom,https://play-lh.googleusercontent.com/a-/AOh14GgJgyK1nFcMoFP2uR6cNfz9wWaeLhJiiHUryyq2,great app,5,0,7.5.3,2020-04-07 05:11:16,,
gp:AOqpTOH4GTYyCHdEU5yQ5jA79GX29MoP3tIq-wKQcbCqWNtQ2_EIj290TVFcHP7dwMmnbze2MHF594Ibu-6_O8o,"Alfred Spencer, Sr.",https://play-lh.googleusercontent.com/a-/AOh14Gimk5NpRSkpNi_yu8MrRDbku9w92oYiTEDrTHKQ4g,Works GREAT!,5,0,7.5.3,2020-03-29 09:01:04,,
gp:AOqpTOEn2pIi1DsquNodVuvi7_oLK_5Rng-kKPjO4LY_eE4HwqouukZ6Pwzb5lQog6yEAQDVrrM_nv9vXA44164,Q Z,https://play-lh.googleusercontent.com/a-/AOh14GiteNUhfsWK4k7gQags5BA2bsl0nNoHatNvGFtf4g,Can you add more apps to have their cache cleared please !,4,0,7.5.3,2020-03-28 22:42:48,,
gp:AOqpTOErkNnhZjmAE19e1VwyLLiRPO9qA0mNDnhGAcpFl7WYUza_BQPT5RJHoNyDsMWy3XRliO1iFbGJhkKZSrw,Ramim Hossain,https://play-lh.googleusercontent.com/a-/AOh14GhmUFYjadtXvuH59Eq1P2qPahFIr2z9kGmLw52qMQ,This apps all rady fine.,5,0,7.5.3,2020-03-25 08:53:27,,
gp:AOqpTOGzNZ-Bwdq_-rzqe71rvkTQbW4hdwQxWryz4UDyQtWCQ3zcEOtTyTRlNZATwDm1wnMMNIBBTiTJw-WJ-PQ,MONASH INDUSTRIES,https://play-lh.googleusercontent.com/a-/AOh14GhNcjXW7yb8kSr-5puZdbmkzYZmTjopLzeSZzjS-iM,SIMPLY THE BEST 😍😍,5,0,7.5.3,2020-03-24 23:49:09,,
gp:AOqpTOEr9ENuRQk6bZSC8mfP0Pnf8A5XbNj-nqNnMh6iys19slq9ReaGUrtXi5Xc5J5dmp4uLV5t01kSwoT4vy8,barnabas helton,https://play-lh.googleusercontent.com/-vMv7cjhR6bU/AAAAAAAAAAI/AAAAAAAAAAA/AMZuuclLSBrViqiGcnAhyYAYm4v-k0ot6g/photo.jpg,"It really helps,thank you!",5,0,7.5.3,2020-03-21 16:41:54,,
gp:AOqpTOFlMpbeC0jeycb7RZ0tddjJ8UBSGR0s7MLDB4bxImL8vqPoVKSbBuTyWaAajJvKlvob7rrf6TirDRtKtJs,Andy James,https://play-lh.googleusercontent.com/-mc3u-jBwbqw/AAAAAAAAAAI/AAAAAAAAAAA/AMZuuclmmhnjR_OociWle_uG08lQ954o6A/photo.jpg,Makes my phone feel like new again.,5,1,7.5.3,2020-03-21 02:02:38,,
gp:AOqpTOHstWEGx4zjfup0G1eftQmmyXVl5ONeauXzzzInmd8-w4tK_R6j6WJ1b-sVBGnWnehhpLIpbO6wePGWTlg,Ssnake,https://play-lh.googleusercontent.com/a-/AOh14GgbTQelcr_nl_mxsMur_3gVsX8kvXbw9_fwmOBNaWA,Perfect. Does everything all the other apps don't. Plain and simple. Keep up the good work developer.:-),5,3,7.5.3,2020-03-18 03:01:26,,
gp:AOqpTOH-89PrH8h3PO68TgS3wZpyxyQOtYwuyqW9BhkefgRUD_UBOA9AfK1QABfMFvQK0cgcm431G0VV9CpmJo8,Melvin Faulkner,https://play-lh.googleusercontent.com/a-/AOh14GhtTdYWT-48hqKK6ae-Qnabv3oVDwcHFOK4SAoi4A,Great,5,0,7.5.3,2020-03-10 00:21:54,,
gp:AOqpTOELU7D5Vd97uJQcrNA1NF_DP8Pa5bjTjz82Jq54ANHLL-VH9HXBhPCCBZJ4baPiMASjIHbIjPLzRX-PViU,Edward Holliman,https://play-lh.googleusercontent.com/a-/AOh14GjwHL-fgpsXjjTiWmLxhFF3-33eS_h1DOn1mIydiQ,Does great just like saise,5,0,7.5.2,2020-03-04 16:16:34,,
gp:AOqpTOG79eWUz0Pdpa1AltKnzZfeHyv5VH8jVxZP0hJNWETr1PwxLBtNzOfY_A5SGA223GPXeN-mjlpkmlsfqPw,Jerry K,https://play-lh.googleusercontent.com/a-/AOh14Gg5nD6lDqASOJ0Aybi8VclShjsnfQglzUIa-ursyQ,It's actually very handy.. not just snake oil.,5,0,7.5.2,2020-02-26 08:49:34,,
gp:AOqpTOG1So7E-FxcSejWZEw-UYEXHd4bVhtPdM5fOCEnDDRosXhEYY8xptmQJA3K_OsxOVcNXyKNENJC4ctE87M,Dillon Poston,https://play-lh.googleusercontent.com/-It2p5F_J6j4/AAAAAAAAAAI/AAAAAAAAAAA/AMZuucnCBNdOlv_28gPY2_QKT_TnuM5qqw/photo.jpg,"Best optimizer app I've come across, I like it enough that I bought the full version and use it all the time. Simple to understand and multiple functions to clear cache, history, memory, or all at once. Definitely worth I having this app.",5,6,7.5.2,2020-02-24 13:56:34,,
gp:AOqpTOFcisAnzdMqtFGj8Rc0XrgpscDWbsgrNnqn2lqmnkTcwUjoRMOdexrTEdfXz4T_ObEsUqqw3up1hEGoHNs,michelle ash,https://play-lh.googleusercontent.com/-IauAGXNHfLU/AAAAAAAAAAI/AAAAAAAAAAA/AMZuucm-C8-UP049pb4LpzSZsdUnA0JqLw/photo.jpg,You don't really need to do a lot it does it all for you except there are a few little nibbly bits that you find that makes things better but like I say I can't really say too much you'll have to find it all yourself over and out it has been great and I really good thing going forward into the future to have have I recommend this 100-percent,5,1,7.5.1,2020-02-17 11:38:03,,
gp:AOqpTOG_ObPu6gXTTMf9HLRS7eWsXnLZ1--rJ9T8LtYaopu3kAjKEDr65av8JsrDDKyjggKrjSXhcFTViVglwRA,Yuli Wijaya,https://play-lh.googleusercontent.com/a-/AOh14GiH0tJ12d71dKyZ6Clf5WNX3RRs8iOxxJajxu8mJ3M,my phone is more responsive than ever,5,0,7.5.1,2020-02-05 00:41:00,,
gp:AOqpTOH4MQCx1rZ4ZwvuY73tTN9NUYfO-Fg3-m2xnqlJnUgNoApo0WzX_DAuBQU9EghvUSvDg_YGzf534lDDhno,Ramhluna Pachuau,https://play-lh.googleusercontent.com/-csIMIE_fFKc/AAAAAAAAAAI/AAAAAAAAAAA/AMZuuckCadEWXalF1mdyMRCyDLXvquk7zw/photo.jpg,"During 6 months with this tiny application, my phone have no problem in concerning with this application. One of the best among the bests",4,3,7.5.1,2019-12-27 12:21:40,,
gp:AOqpTOE_SxfqUfinQpcx30gO4UCXcb0Ue0C5wGZeC1kgVr8oJxFE7TwEkG1l1Oeq9ueu0ugmKaMGCiskHPdPbHo,Sitikantha Das,https://play-lh.googleusercontent.com/-Wr2lXJo1IuU/AAAAAAAAAAI/AAAAAAAAAAA/AMZuuckLV7KVbFXH6sbEoHQexhmBEn6F1w/photo.jpg,It is a wonderful app.,5,1,7.5.1,2019-12-23 04:58:41,,
gp:AOqpTOHj9KkONbcdQaMhBgJLRlGSSqCakZv5klQ_tBkVTs7HnvsDTNYQd1cahobLEIvYe5F9jXjVl_-aQmWI07A,Anthony Andrews,https://play-lh.googleusercontent.com/-IOpS4y7Tqeg/AAAAAAAAAAI/AAAAAAAAAAA/AMZuuclwfy4qZSjP6jjyeDomr-uGYqM95A/photo.jpg,This is the best Auto app on the market by far most.,5,3,7.5.1,2019-12-19 02:40:02,,
gp:AOqpTOFWugOygODEkyaHm-uVM6kxuXMtJBHI0pObsqdcd6yMD5gBdLCNhjuYCdHamyKzvOurdU725LUf6PLiMAg,Tomo,https://play-lh.googleusercontent.com/a-/AOh14GgGTh5sKzGvreJ2GlxZY8Frcz1Uxvgg3hU-wpkgVw,"The function is good, but it seems that the cache cleaning is not done correctly and UI is old-fashioned",2,3,7.5.1,2019-12-14 17:37:29,,
gp:AOqpTOEr38r6t-mPxK1yBflb_KjMlPkxOQvNgxDyvPaIA5gXdmbsvnwPnOzEZWBJBe-YJvbdLy2Ujk3BqRHRgqs,lenard wade Jr.,https://play-lh.googleusercontent.com/-BjGTzeYUrdk/AAAAAAAAAAI/AAAAAAAAAAA/AMZuuclXuaUYZfSxkvzQ0NQRE8bvxlLttg/photo.jpg,GREAT,5,0,7.5.1,2019-11-27 14:13:25,,
gp:AOqpTOF5f9mVwXiFfR3oaH6zDMCZNFliOegaQEvYtmOIJEnJdelfrvUPFUWtpEDpVjDaRa4VAoZ7x7A8Ug8QpNM,John Thayer,https://play-lh.googleusercontent.com/a-/AOh14GjD5HDZXE6KiU8ZhX2vHqMNefELqPwLCh1qlU-FwA,Auto Optimizer Makes Android GREAT Again!,5,0,7.5.0,2019-10-25 02:27:56,,
gp:AOqpTOEb1YcB7x95s3U1Ld4amNLxbKbgnEKWEgFvqECiVOF68ykpiZMiHIwD0wJ69R_YaPN20xuQrsH0HJyCzUc,Dale L.,https://play-lh.googleusercontent.com/a-/AOh14Ggn46er7v5DTZMS1hQ6ot7ei10EG3uXhuFCPI1LRA,Very good ~ impressive ‼️😀👍,5,0,7.5.0,2019-10-19 15:48:35,,
gp:AOqpTOHKEsPaMpp_iduIE6-yoqjZoQtanbal2JX4eVu5vmIjx2hF7xgnRDnw0sBMfLCQOvR_GN7BzqtJMvFqff8,Winfield Nelson,https://play-lh.googleusercontent.com/-IXiWDxxjpMA/AAAAAAAAAAI/AAAAAAAAAAA/AMZuucnL82DcIKeY0YQ0sTN9j3rPh373hg/photo.jpg,Ok,5,0,7.5.0,2019-10-02 02:57:06,,
gp:AOqpTOG0Cn2GTmOezXnGsSWKDDZDYhXdRm3cD9JO7DyzOxGDDJHc6a0opLHR_N6VPFvh7jjaHpVTFUpJ83JS6gg,Wayne Mills,https://play-lh.googleusercontent.com/a-/AOh14GiBXsA-yt5L-QCs3xmJDLuqlmeKKgTXE57jGpL_OQ,Fast and convenient!,5,0,7.5.0,2019-09-25 15:52:14,,
gp:AOqpTOGIltdeF0ymeXLnR4HM2u1w3JTN6hx5hTEKDS1qRZlo9ZmnnprzAbg4c943etYB2G9wUqINEsewTpXuskM,Lim Meng Heng,https://play-lh.googleusercontent.com/-MmF7cIOsFdY/AAAAAAAAAAI/AAAAAAAAAAA/AMZuuckUytV8PJX_V4fVU-isACO6iQTN-A/photo.jpg,Very good app. No problem at all. Keep it up 👍👍👍👍👍,5,0,7.5.0,2019-09-11 09:24:05,,
gp:AOqpTOEF4oxE-C5-jbTZzhcCjPOkJWawGAoZD0US6gLloVuuCM8NhGhdqAJC1EoYzHaAxaZoA9zvfiWF5ACt4KU,Morad Gad,https://play-lh.googleusercontent.com/-y-uqE1XdcjQ/AAAAAAAAAAI/AAAAAAAAAAA/AMZuuckOu1oZceoaSgcstYW0zcGtdJYzhw/photo.jpg,very good optimizer 5 mega star,5,0,7.4.0,2019-08-30 04:05:33,,
gp:AOqpTOGyTfP5u_ZB9fXFAjfdZ-q4E7UnAzpaqhCjy0EO3HR5tjHuPLCspLfSXXfJFKugA2dF2uAL6ss5yzFRqUE,Mie- naS,https://play-lh.googleusercontent.com/a-/AOh14GhgQbEZVfXuJJLFeH4xXQrCiex5HNH-1_M1K5JFZQ,good,5,0,7.4.0,2019-08-21 21:11:14,,
gp:AOqpTOEzsesZieWT9vhqJOXkxbntRo0YyBlpXyCpIMgx0Qx5AzlsIYLvK4GBL4PK0jwPxBCJTnIuh4fYFckUUIo,Jugal Pandey,https://play-lh.googleusercontent.com/a-/AOh14GgankhJe6_XsWw-g4x_6_Os9lLtlqKEqLqCjlGm,Best auto optimizer.,5,0,7.4.0,2019-08-11 10:00:55,,
gp:AOqpTOH69AfY7j4BZHGRQwASbWMXwEYGWTfkw5oLyIKMZ4lh99QbfxHb9WiAsDfB4W61YGc--NmDouCgczYi1j8,Ghulam Mustafa,https://play-lh.googleusercontent.com/a-/AOh14Gi_d-bTOaafGmmpyrCeCrbirBQ44XV56sMcH-FkAA,perfect optimization,5,0,7.4.0,2019-08-09 11:32:11,,
gp:AOqpTOFYmPUwDky3Eoxcax9hHXpR08Tzflr8zAp9S8yRKOlwBCUl2inLzNEHgVe1zKU8ljjh9mpcCV-P7SfN9yw,Mr. Big,https://play-lh.googleusercontent.com/a-/AOh14Ggd9jeSZ2kNyf8u3i0bJPZHKV7pTk6KYq3lVvDPxw,Really works great,5,0,7.4.0,2019-08-06 19:14:03,,
gp:AOqpTOGK87XaDN8SUgNHaX6l0wBYV4utFI8845Cjqw6Jt2KEDQ83MqMLuG0AdlB8jW1qyo5MQsnohGD9AGkpZII,Vermeilia Apricilia,https://play-lh.googleusercontent.com/a-/AOh14GjKe2AIiMytDqX9GyE9c2656GzVtmqP6vnBE0nD2g,take a while to setup after that just forget it because its all done automaticly.,5,2,7.4.0,2019-08-06 10:11:02,,
gp:AOqpTOFRG6h24uch77lV1hDjjqng5qQo_0h15TXFE2LhTiiBqwpjYqWtpQeg5pI0yQJum6uZsLu1QVMq-UtDMxQ,Horror Fans Dad,https://play-lh.googleusercontent.com/a-/AOh14GgMFh8P7Ag7snSJGNcsRqKjSubhuGLj8ACDJW0Q9bY,Best optimizer I've seen on the market.,5,0,7.4.0,2019-07-29 18:47:45,,
gp:AOqpTOEmUIkKC3ZVaLBr8R-eTNuVLxwbnlZOjr4Cyqv3PgRw87cAQrM9JfOJoXm9RljKBlsMx3ILxhtz1bVIqLs,KMHamm,https://play-lh.googleusercontent.com/a-/AOh14Giyw5wMcx5aLfGHmr6Qa3Qz_h4WG8c2i5xpwCcr,"I've noticed a very real increase in battery life in my Galaxy S5. Program works by stopping other apps that aren't being used and clearing them from memory, then allowing them only when needed. Very happy with this one!",5,9,7.4.0,2019-07-26 10:31:22,,
gp:AOqpTOGGFsluQ6eA2vI45n-zvP8LtyQXSItGFYRa6hvkG0YA2do9VUR-CIq_IPjl1oU4m_c55qiwOBwaqRrS48A,Lee Prothero,https://play-lh.googleusercontent.com/-rawtbKm8KBc/AAAAAAAAAAI/AAAAAAAAAAA/AMZuuckpAkDf8ykSCGpZU49Fysknxr6UpA/photo.jpg,BN,3,0,7.4.0,2019-07-26 02:59:07,,
gp:AOqpTOFijs6hq91xTw-QdU7zZqb5pcNr6UvauQS-HkvdsF7X1f97dBAsO-NwvZbv1zc2RVFNU3cNA4l9uB1s4rw,Ruben Conley,https://play-lh.googleusercontent.com/-LmrJgHRo89Y/AAAAAAAAAAI/AAAAAAAAAAA/AMZuuclP3NXKQODbExPUHkWN6bxCJ4JbrQ/photo.jpg,Wow im just blown away. thank you guys for making such a powerful and convenient application 🙏. everything a power user needs in a small package. i will pay and use all the apps you guys produce as well as get all my friends to.,5,1,7.3.1,2019-07-18 08:46:13,,
gp:AOqpTOH7g0SbZXFyktgFbnQ95mjwgWA-E705SYp85S2k_pByTMYEOeGwczt-RD0-09yf5_gm6TPPWUYLzODlS60,Irreverent Observer,https://play-lh.googleusercontent.com/a-/AOh14GgE9t7mF3wnMpOTBJtwxqdMyYdIOrdVCNb2i61DYQ,"It does what it says and does it well. i have a cheap phone with tiny memory, and this app helps keep it functional with a slick, fast optimization that's not intrusive. It all happens in the background.",5,3,7.3.1,2019-07-12 12:19:54,,
gp:AOqpTOHu99-VH5o1QeZVl7lLpBgd4PLvlz_KUY6LjC2roqhUo6KJXFxyth414Lb9pK0xXp0m4HRUvQRMEINNCaI,Hanif Nagori,https://play-lh.googleusercontent.com/a-/AOh14GjD1pEm6RcsqnEJNaMsurXzjOkYLXUr5fanFVBi0z4,The best app. i had ever installed. Keep it up dev. Thank you. 👍,5,1,7.3.1,2019-07-02 09:23:04,,
gp:AOqpTOH5QXbONs16-9G5AHY76XtcxM1aHq-o3Fp74yWQAfkHkarz1HdLNN7rXgiG4vPkAQp93-UmvKb2heHwzeM,NiRMAL MEENA,https://play-lh.googleusercontent.com/a-/AOh14GjXtO4JbA1aNwSlwhXgYwUH5R8aqL9UoWQuOxA6yw,nice working,5,0,7.2.0,2019-06-08 15:20:34,,
gp:AOqpTOEm_-Df8F9Ph3hqa54VFOS-EWf3cim1p6C7WmzGH9QEhMvrekV074rGFWlReIMuOq4zCFeW5D8nXGIPJtA,"Roberto Paisa, Jr.",https://play-lh.googleusercontent.com/-TiylrYJDVP8/AAAAAAAAAAI/AAAAAAAAAAA/AMZuuck5-wl5wD7b8pcZe7HrAePYG5mPMw/photo.jpg,very nice worth it,5,0,7.2.0,2019-06-08 14:30:57,,
gp:AOqpTOFTAoRnw3MRZ1LKWtntrToSeAlCqQuudJmpt-NULt9XoV8Xx7kS5aiZgz5s8VhKpIApzqD7j6-HlY0Kbi4,A Google user,https://play-lh.googleusercontent.com/EGemoI2NTXmTsBVtJqk8jxF9rh8ApRWfsIMQSt2uE4OcpQqbFu7f7NbTK05lx80nuSijCz7sc3a277R67g,The problem with multipurpose apps including this one is that they're difficult to understand and configure optimally. Suffers minor bugs like battery info color settings not working but will stick with this for now given its generally positive Ratings. Developer's English skills need improvement.,3,6,7.1.0,2019-05-05 04:44:54,,
gp:AOqpTOH_lMXwo8c8AMlaNyECqmINnbZcFyCD-Bl8lie4PJoiXco8xa9_IwD-7OvwCx4JjkHA7teiojP49JogzTA,AZAD ALI,https://play-lh.googleusercontent.com/a-/AOh14GhyTfqsQnF9xlkJ1KQWlYrMsSM2zH8-mb9B_HA,"auto optimize not work, few times later is automatically off,........",1,3,,2019-05-02 06:17:47,,
gp:AOqpTOHlTzZl3Qu0k2WhMj9odLI3WtwwtchIGmUADQPnTYitSNLynAugyEAo1W6eS_HvPLzbgWc4quU7dVHf9B4,Bruce Sawers,https://play-lh.googleusercontent.com/-naHOtASXWjg/AAAAAAAAAAI/AAAAAAAAAAA/AMZuucntLbF6S1PpcPs1xHtZKR-WjN0Rmw/photo.jpg,An auto optimizer that really works,5,0,7.1.0,2019-04-21 02:12:13,,
gp:AOqpTOF2mRk0A5zMEULNphRhvgbWC4O1E1WLeTQGwj8DBhTKHpPQjhenKQHNyByqEQVavm0Sr03eaJ5BISB0tok,Dave Greenhow,https://play-lh.googleusercontent.com/-f30Tl5Bdq6I/AAAAAAAAAAI/AAAAAAAAAAA/AMZuucnWlfAP0ch7bjiNpOUrCX-0p5F-xQ/photo.jpg,can't be beaten the best thank you,5,0,6.0.2,2019-04-06 14:04:25,,
gp:AOqpTOF4-NrOcMvjYkRGS1stVDrQnu90EcArrrVfz-XaNrnOOe4YmoLQfgK-vFb3eIkMeUbUCo7p0X1ZzAoXu2A,S.M. Mofiz,https://play-lh.googleusercontent.com/a-/AOh14GgWlnXZxsW2v-QTBWYekNqa6ukZjSrER1WS_1EI,nice,5,0,7.1.0,2019-04-02 22:54:03,,
gp:AOqpTOEHUKd-L6ll-Zu7SugYEEvwVvrBaJCJKTvyI_4JDZ1U6cwUe6idrkA-Vk338iCDLtj7Wp7DYVIjpA0IbK0,max jason,https://play-lh.googleusercontent.com/-iZH-Sb27nno/AAAAAAAAAAI/AAAAAAAAAAA/AMZuuck2BTgyxqwF6-y-mYN7QsmCAFhtqw/photo.jpg,Excellent,5,0,6.0.2,2019-04-01 13:34:51,,
gp:AOqpTOG872sMugWobefSUSMsB3U7VwGnbHbtsIoGFRzwn19WTUEv1emT4CueSjT5d3dwJOMVNyEOGo5IbFunetA,Jay N.,https://play-lh.googleusercontent.com/-7LABJkAL0FI/AAAAAAAAAAI/AAAAAAAAAAA/AMZuuckYaNeTnP1KTaS6BUhJAph9W2s6jQ/photo.jpg,"Became completely worthless as a cache cleaner now. Reported 1Mb cache in need of cleaning, while in storage the amount was 240Mb. If this isn't changing back or at least have an option for the old way, I need to look for a cleaner somewhere else.",1,17,7.1.0,2019-03-26 07:37:17,,
gp:AOqpTOFyyOZhONAxzAEx5MDCDsLatpjtdXt1kCBWXM_dV7kMhtYj1YwHoVkX33NoKHlX41TXHAHOpILrzdCKN-8,A Google user,https://play-lh.googleusercontent.com/EGemoI2NTXmTsBVtJqk8jxF9rh8ApRWfsIMQSt2uE4OcpQqbFu7f7NbTK05lx80nuSijCz7sc3a277R67g,Very Good App,5,0,7.0.0,2019-02-10 04:20:20,,
gp:AOqpTOFDgPu5dBH-P4LrU5W1xuxRkBdl2YNZurxaqgeujRazNmNIK2ErzoXKhK_MNRxtw9oAj61lC9ZdmnsvL9w,A Google user,https://play-lh.googleusercontent.com/EGemoI2NTXmTsBVtJqk8jxF9rh8ApRWfsIMQSt2uE4OcpQqbFu7f7NbTK05lx80nuSijCz7sc3a277R67g,great,5,0,7.0.0,2019-01-28 15:03:03,,
gp:AOqpTOFjdpc00DjWSN0rfLPj-MiW67NuKpKRefqhDH6Ppk18CQTtspcSaAunyI-gRIz1O0Omeq5nLXUX8BRPxww,vinod sharma,https://play-lh.googleusercontent.com/a-/AOh14GhnkKbWhctiYY19O3un59VOhXOUlyFca9pZFTc6,Simple effective,5,5,7.0.0,2019-01-16 01:06:54,,
gp:AOqpTOEyj1wQUHq_O8zfRCjm6yvlTh3drBSMQOeq6GJ2ZGnWDb8dosTbMnP-jpZPmMgLbs80vzMAouiSbNGzE8Q,Bash Exp,https://play-lh.googleusercontent.com/-pNoag68imfg/AAAAAAAAAAI/AAAAAAAAAAA/AMZuucnu6sXxM8DtChpRw3w-ZZ8wC4bdfg/photo.jpg,gud,5,4,7.0.0,2019-01-09 17:42:06,,
gp:AOqpTOE2w0bj9tcwq0VFu9ONlH24Wd98ZijemH5-kWtr7vd18GM8rSZ8NOMtGbqxnqTRyuthFbW273AtwLj_5GQ,Thembinkosi Mthembu,https://play-lh.googleusercontent.com/a-/AOh14GhULGuugt1zxMQ8mpc0NF1MBgjUWhpBS9pQwBH8,Simply the best,5,0,6.0.2,2018-12-17 16:16:41,,
gp:AOqpTOFQvTh3fOzow2k_r7mz2BtSrNW0I0QQiYlOGoWiYqxcwPhS1MPm5WJCH2Dl27utNOfDWzc8DTQ4uoy5pvk,Patricia Marie Mitchell,https://play-lh.googleusercontent.com/a-/AOh14GjF9aA5HHSyRGq1qKGps9LBq6-fTgsvo552GlBh2A,It's still the best auto-cleaner out there. I'll give it 5 stars when it installs on my SD card.,4,17,6.0.2,2018-12-09 16:59:44,,
gp:AOqpTOG6O_L4STZsPk9XijcckGwe4jkZ--mlvzOmb-Q6t1Q-xVITHPL0ku5QrQPkcEjk-WmRv9MkOYlBgYPP1uM,Johan Hattingh,https://play-lh.googleusercontent.com/a-/AOh14GiJp9XdzjpcL_BRlXhdJH-MjNLc7LSxfaXwlINK,Probably the best memory cleaner I have ever used. Thank you,4,0,6.0.2,2018-12-01 14:38:43,,
gp:AOqpTOHRE5Jnoh_daVfRZQQEtMItmoLOO2DtWh-Zqslv4vgwDBVhoHCTOOMnAkrp_tPpjJ-yS9g1tVlX9bKrC2U,Charles D,https://play-lh.googleusercontent.com/a-/AOh14Git_ms48g3BJ9cQLjqBDZmhgaqEtRGP6dBJStCpYA,Does what it says and works flawlessly. I dont use all the feature but the options do use actually work without the background malware in most google play apps. Thank you for being an honest developer.,5,3,6.0.2,2018-12-01 06:25:20,,
gp:AOqpTOHbihXYIzCkq2Cgdi4ZNDs0XnBmmDJa3Sd-GbxlwG03zb0bCodtmhAG_8aepnvmTq-c3fNSFxK0dZB5x_s,Ryoushi Neko,https://play-lh.googleusercontent.com/a-/AOh14GgmIhdO9dwd5jkPdEIETkQSaxYnizBKb5JFD4AHNg,As I have used this a few months..it doesn't do what it says completely...it doesn't kill all programs...or it doesn't follow excluded programs..but it is automatic and that's just about all it is...I have the paid version..all that is is just ad free...I have it on it says memory cleared..with exclusions just on my Nova launcher...I used Kaspersky battery app and it said I had 6apps still running after a memory wipe...don't buy it..,2,4,6.0.2,2018-11-29 19:26:48,,
gp:AOqpTOFMhXdd_3FLN3ifH1cQQO0AP7KmrkqD_pmm5qrgkqaz4k51K26gOqLhNxng24AjgaHcdWs8z4BSHsFMTE0,J Dawgz,https://play-lh.googleusercontent.com/-Tz8YNKGChnc/AAAAAAAAAAI/AAAAAAAAC_Q/AMZuucklLEz6UohJmxo2EcOJ-kihw-_Ueg/photo.jpg,"I actually do see a difference, phone after tweeking with settings, feels snappier, on NOTE 9",4,1,6.0.2,2018-11-28 15:21:06,,
gp:AOqpTOHDrYasNSvLkuuK738CtT9fIZT4ZBWEN_9NdpYdjGgx0U_SWFDApynwOg0MZbRELD2itfVJhGg_9knTa1g,Ibn Faraque,https://play-lh.googleusercontent.com/-XTLotXv_b6A/AAAAAAAAAAI/AAAAAAAAAAA/AMZuucl7hg0ehj2Pewse7_PFZCp2PT8ehA/photo.jpg,Add App locker and automatic junk cleaner all,3,1,6.0.2,2018-11-28 06:02:01,,
gp:AOqpTOH7Kxo6QQRsTYLEHYDezCzVic5jb4gm0Jgf3yhLe8PV84as3BErdAPOkhQLvMrORJ3WC7zN5Ja5GzJZTk4,Subramanyam annam,https://play-lh.googleusercontent.com/a-/AOh14GjpDaRVLziNDO86xQaf__EtVIRzV0EUWOZUdZjwqA,Better than others,4,1,6.0.2,2018-11-28 05:38:06,,
gp:AOqpTOGET4QOAAt2WkpJn3bJc0HMjjY64MM0qEVn_A9CXQwoMJHvD77URnkXGW0sGL7SEEddovgUvHIsnTHsDf8,sem sabiduria,https://play-lh.googleusercontent.com/a-/AOh14Gi1gfxptTXGab6hgKoora-CrTwV6lXDfF0zaeC3,Messy design,3,0,6.0.2,2018-11-28 02:59:23,,
gp:AOqpTOEM6ux60UrBKTgzJxM7TQzUFt1b-jp1wW7UwirE_MFb6FMowVoE74fSrhNCvhbxfX4VsXoBTIMqtmWn0GM,Baz Edwards,https://play-lh.googleusercontent.com/a-/AOh14GioAO_GndO-U4D-0oNwxjOQadAJBQyIJsSOYJPK_Q,Does all I need,5,1,6.0.2,2018-11-20 12:50:39,,
gp:AOqpTOGRqZMe2oBqYdD-1plytVVbpZlA0Mb75CM6NOSNWNFeIYOESjEcHVFnpl3rimOP1q6DHV184Wmc5D1AzWw,ElectrickGypsy,https://play-lh.googleusercontent.com/a-/AOh14GgGef1yjZc4osc-FH266pu_gyPqjQTVnadIbIU5xQ,No idea why it wants my location. Blocked that function initially then decided to uninstall it. No more back doors,1,4,5.4.6,2018-11-19 18:19:38,,
gp:AOqpTOHNNCyfHG7EBiXtkZEaLI5im_mSyf_fo2N212gZ5mNwDZfCFYGOloouG4BQKbpXFAiQZTJXygRC_zm-FWA,Fretho,https://play-lh.googleusercontent.com/-u0SFKycNDOY/AAAAAAAAAAI/AAAAAAAAAAA/AMZuuckjw9k46N82YdlgksJJhFNcZcJHmw/photo.jpg,Functions well with Android Marshmałow. Attractive and intuitive user interface. Highly recommended.,5,5,5.3.1,2018-11-17 23:41:10,,
gp:AOqpTOGAjWOFlMAGuosBiAs-I61utKh6nm7FgFLz8Unh96uF2bwIafsRfA2xbmaY4HJWQEdxG4sEjwaXBRI1sEI,H. Achmad Safioedin,https://play-lh.googleusercontent.com/a-/AOh14GgpgvMVQXEBeJDjNQ6bVFD6WicnNvDeCB2FdBHmWfM,It's the best app cleaner.,5,1,5.4.6,2018-11-09 07:47:43,,
gp:AOqpTOHshniRZVc2cM5PKeOAOxC9h2hXxyrdm5nTZBnpJqIvUkoRMgoPETenw0LsCekMKiXoXjg2n1p4BMRMq20,Yasuko Wulf,https://play-lh.googleusercontent.com/a-/AOh14Gh1EyOyJXUQr8JBvxi0dgV4r1OsOokTB2M2KX6lxQ,Great app. My phone was slow before using this app. It helps speed-up.,5,0,5.4.6,2018-11-03 17:07:35,,
gp:AOqpTOGFSTV3Pyh3RpwZOTsN2QzQXhXYgBj-H06uYSDMgkhoLAwbV9EKhKxrcSCZ_OZ08W4E2BSiWUXqx6V1G1E,Mikey Gingras,https://play-lh.googleusercontent.com/a-/AOh14GiEnZOHldeD9J9uWnaIkF7hU9MPAmlaLFTYW7kH,Excellent !,5,0,5.4.6,2018-10-29 14:37:39,,
gp:AOqpTOE1WT1Ed5h4EwfX5Wau9VILb6vpJJrUxJt4r_v9k0w57OShh1AoKLE1LPWDVqy_6HWaxyh6AGTGPFmEHN0,Rully Gibran,https://play-lh.googleusercontent.com/a-/AOh14Gh7TlKzEYLRR38ndtjToFDqMToBkK4pqsOvQiN8,Amazing,5,0,5.4.6,2018-10-29 01:18:00,,
gp:AOqpTOHI9JliiBroW9y2eAuV5OZKiEWaAPRgZ2sfkgqqGZbKObUQ2bRnw9FycJ0h6-7o7OunLPTJVS2NSF68_cY,A Google user,https://play-lh.googleusercontent.com/EGemoI2NTXmTsBVtJqk8jxF9rh8ApRWfsIMQSt2uE4OcpQqbFu7f7NbTK05lx80nuSijCz7sc3a277R67g,By far the single best mobile device optimizer and history cleanup cleanup app that I have used yet. Tons of customizable options with different ways to set the app up to fit any style.,5,0,5.4.6,2018-10-24 21:33:27,,
gp:AOqpTOEz-bg46DcyLZrf2ddNilJnXOhHwz1CCwsj1bUnvDuSXchMbfp6B7k6i1Ytm03K18PrNFxQjrnTJePER34,A Google user,https://play-lh.googleusercontent.com/EGemoI2NTXmTsBVtJqk8jxF9rh8ApRWfsIMQSt2uE4OcpQqbFu7f7NbTK05lx80nuSijCz7sc3a277R67g,Nice App: works great TY.,5,2,5.4.6,2018-10-24 05:53:24,,
gp:AOqpTOFqRzM8N_k4pm4478I38-cos7vFB256Dmna9C72bsG4MELVQ3KHnD5UrCoWHn1sHLVlMl92xnTL-L-Zpkk,Poonam Yadav,https://play-lh.googleusercontent.com/a-/AOh14GiGbZ9Lb0RE3eNEeM0zivVIPSD8SmP92WmYRGA67w,Nice apps,5,0,5.4.6,2018-10-23 07:31:27,,
gp:AOqpTOEP0yFDzC3S-CNauoPOOiwdxDcoNDAXm611cB1Xmx96EucN88GJOh_eQHqgVZqZgDt2dUhQSebsNHRPstY,Osama Hamdan,https://play-lh.googleusercontent.com/a-/AOh14GjB9MpeXyi9rRfV5788vpOUJknQmuILjXqzMvY5WVY,I like This App,5,0,5.4.6,2018-10-23 06:13:21,,
gp:AOqpTOH3bs8SVNwqhCQca8l0-dyFDeHmFtU1TRCM025b3J9xxgTaSiQJDlMT5W146zNqJ1pqfqZGjFySz3ISeFM,GA Rush,https://play-lh.googleusercontent.com/a-/AOh14GjSPZa-shmWOsvbgWX3C8oEdWBio4TdtnoKBMZCAA,This app does what it says. Pleasantly surprised. Well done!,5,0,5.4.6,2018-10-22 22:50:37,,
gp:AOqpTOHYEmyvFRC0WbCzYB5Aq7u0VnUB1mqywfdHi3WdmZnPObsvego2v_8tKrp1nLiq7NVc-MwDAnEqwVrA2FA,Stefano C.,https://play-lh.googleusercontent.com/-Pq5UlCvElZU/AAAAAAAAAAI/AAAAAAAAAAA/AMZuucn_ehIcLgxEPwlR9q8Y2zFaCLTMgA/photo.jpg,Great app... It works great,5,0,5.4.6,2018-10-22 12:53:12,,
gp:AOqpTOF4VqCJ-R1lHFphzduDwjRAFES-Ef71KhWCgnymdiZOcPGYzdmPExEdTj4aFiw-LqtkiNBYJQNsZvoa8tU,jeff lava,https://play-lh.googleusercontent.com/-ULqfm4TbZlE/AAAAAAAAAAI/AAAAAAAAAAA/AMZuucl-5QqfstcudoVAyXGX4XRPfvmZGQ/photo.jpg,Well executed app,5,0,5.4.6,2018-10-21 22:44:51,,
gp:AOqpTOHsv7CsX2go1lXJgwEjSJvIz0qNAill_-8HTSvW7EHesVkZnhZIgYrAqVvN88uDHrcSRKNnc8aaQBjW8R4,gowri sankar dubey,https://play-lh.googleusercontent.com/a-/AOh14GhOQUnerw28rkkqEYMYlDL9PtU-GLBRcgmxG-69gw,Good app,5,0,5.4.6,2018-10-21 04:47:09,,
gp:AOqpTOHCR16O7gERm-jkMEH1TDmYlsx4g0fya1duNUGSwpv4HpuJXbMMwBGxyI9XjlpGi3mZFh7OZY3MhuasWAI,Jo Ban,https://play-lh.googleusercontent.com/-n9dJpOr51Rc/AAAAAAAAAAI/AAAAAAAAAAA/AMZuuckf8or1ci-zCpaJ1cLRIBE9YEtLZg/photo.jpg,"Looking for battery saver exactly as came on phone. (or way to keep it turned on at all times ). If only playstore had a Search that actually worked.?! Your app seems to work great as to memory. Lost my texts from today, (forever?) as I tried out the memory settings on app. Thanks anyway. CPU thing is cool, because overheating battery is part of problems.",5,3,5.4.6,2018-10-18 10:21:05,,
gp:AOqpTOF4mvKXuLBC8saruywCJoocIJvj-_QKL_KrLirJXEYcvlsPsmIqTCvjIS0JMmvCUOpmIwKz_WPygq8FNYs,A Google user,https://play-lh.googleusercontent.com/EGemoI2NTXmTsBVtJqk8jxF9rh8ApRWfsIMQSt2uE4OcpQqbFu7f7NbTK05lx80nuSijCz7sc3a277R67g,Cool 😎,5,1,5.4.6,2018-10-17 22:25:20,,
gp:AOqpTOEY82FA-nSl9oz4bQIs8wUcbYdEVLZGtR_E5DzDQBDvbUzFWaMDZTQ-BkPhWVE0BfKOdo3XagexcZj0QVw,jiteandra nigam,https://play-lh.googleusercontent.com/a-/AOh14Gi51ruiXcnSJ8X6NjxCHY5v4DmIUg6wEh8ityP_Zg,i got it free thanks to you coolest app ever,5,0,,2018-09-28 06:46:28,,
gp:AOqpTOGxzNmHF8D-8jjvQe4nUJ9cmgbrGxNS7NNI4tsR915e6XVI7lOgvHeu-jnmM77CUhWY0FL6dl9QXduzY5U,Yen Hoang,https://play-lh.googleusercontent.com/a-/AOh14GioKa9HQr95qGyoLCxceer-4lEHOnpUYcGs5szTaQ,"Best optimizer app for battery saver , phone cleaning &...",5,0,,2018-09-25 09:35:15,,
gp:AOqpTOGNoNW5Tn3k9GYVlnzBc4RzitwaXdEhoBt2Hy7fFmfnW1c3EOmJkN4z_JNY-0bIvjobYcucsbR2JV8ocxQ,Tommy Teague,https://play-lh.googleusercontent.com/-IH80G3GHk0o/AAAAAAAAAAI/AAAAAAAAAAA/AMZuucnCnMoDU6W2z4GrpW-YbX-LyR4nXQ/photo.jpg,It's good that way it works keeps it in good form!,5,1,5.4.6,2018-09-13 13:59:22,,
gp:AOqpTOFCOwi-blUCRM_Jq_4X9i-iJp-hjoX0FeWkAbLoxVAxRsD647AFjpNwGO3geIp7X54PvCHaBdJfISk3_Y8,Damien Johnson,https://play-lh.googleusercontent.com/a-/AOh14Gh0IRZx9e1iIBlOR60K8iezCZgsqGv1ZrKtDxnlRw,Awesome,5,1,5.4.6,2018-09-02 06:18:53,,
gp:AOqpTOFH9gralY0aLvyNnlB6TODFErBUCMUyJb3N9ZEgADwPzVnXAkWUIm6CB2fSC_oBuEaiwmZ1nSBh07_3qPg,Henry Hyman,https://play-lh.googleusercontent.com/a-/AOh14GgoOTkcp1UdVIq4oUPmuNWMmOkic36I5sK0_nnsCtY,Excellent auto optimization!,5,1,5.4.6,2018-07-14 11:10:47,,
gp:AOqpTOHAagJ9AUd41ggeHvmofVowZJKNrI4cYiAVYNDG7aeXn_i95ZlSdl1dg1fNP5_uS4wGGEsZfeA9xEnQ4Fk,Ajay Singh Kuwer,https://play-lh.googleusercontent.com/a-/AOh14GizLP7phD4Wf1GLMrP3DXum72xVX3hWHfewwc_EJw,"Sir, i purchased it few hours ago, But I don't know how to use it (what  settings to be done on it so that my android phone having 1gb ram can work  properly) So sir i request you to send me desired settings for my android  mobile phone. After that i will change star ratings . Reply soon. Trial  version doesn't disappears automatically ,even after purchasing the pro  version.",3,15,5.4.6,2018-07-05 22:00:30,,
gp:AOqpTOFiaPdH4KRNdT743Y27QEmh999qbFCTz1IHAb5NiqurAxtqqH-mgvYB7D_ru9lT5GaKhdy_HhFEgANAV-M,wendo123,https://play-lh.googleusercontent.com/a-/AOh14GgYpt-iFohHyfmmcV2CDoygvRxacVL-tbIoynNyEg,"This has really done the deed and optimized my Huawei. Best app I have used 
so far. And it take care of itself. Sweet.",5,0,5.4.6,2018-06-18 13:09:08,,
gp:AOqpTOET0itxYqn0Uv65bGAg9oRuTmjhCbTVTy3dDwiU22krRMChmYWF971xy3XTDDboyFW1Z1iGsUzdXbZ6CM0,Ron Almstead,https://play-lh.googleusercontent.com/a-/AOh14GgIQnbJZuf8TgOGqNL611tL9vXTdzemQzXm-qv3FA,"FANTASTIC! DOES EVERYTHING I NEED AND MORE! This is the only app of many 
that I have tried that actually fulfills its promises and then some! Works 
flawlessly in several different manners; by time; by memory level; by 
widgets; by notification bar. Buy it and you will not be disappointed!",5,1,5.4.6,2018-05-26 22:19:46,,
gp:AOqpTOGbD-GNmsp0BDKpPpdtDGja-HjOimRstJRxLOOUVeOknV3IT6ayq8q8u5b_9Oi_y_foWP1JmT-j1FgAuSk,Elidio Maldonado,https://play-lh.googleusercontent.com/a-/AOh14GjWMWfX0Lky86uC1ifFVheVc1g6rG3nYXYM9qs66g,No ads and does the job for me,5,1,5.4.6,2018-05-25 23:40:43,,
gp:AOqpTOEeZjaGNwNyIoukjsZg5m6yTAEYVtFbu69ETYeI0VSa9JC8QVWWfiW6WEM_4P520Nr35A7mO6coCu45ONo,William Taylor,https://play-lh.googleusercontent.com/a-/AOh14Gg0jGWIysRMzFt1QiinVCv8us3hEed_RqR2mh50ag,"This app is taking very good care of this LG Signature. No ads, paid or not paid, is defiantly a plus. I like the auto part. It takes care of itself automatically. Depend on how you have it set.",5,13,5.4.6,2018-04-11 06:47:05,,
gp:AOqpTOGgLOpGKGsUnGcNO30CP0ESbiL9_SZ3gecT4dpypZVBljA7P6oqkxUk9v_6dEEP9V2j0a8gk-SQV7Ei6qI,Mark Dorling,https://play-lh.googleusercontent.com/a-/AOh14GiYXCMMPqXX0XeGZP_hIUA5fKdi9yg6mgQZYjbyBb4,Excellent App. Well worth the money. 5 stars,5,2,5.4.6,2018-04-08 06:12:00,,
gp:AOqpTOEm8N1NoJrExoUNN3Hf4IwBoNQBwItBx-j6YAe4F9BdeMRSlx1ZsO0zOpF9S1UyiNl1zEtLDFb1p8h71bo,Geoffrey Wukik,https://play-lh.googleusercontent.com/a-/AOh14Gjd6DukQWZHrLbdcSI5Ewyq8gqIOGnrhF-4ix6Isw,Running smoothly and efficiently.,5,1,5.4.6,2018-03-22 01:37:12,,
gp:AOqpTOHYbfkn3mbuRWScFjNkBbnyERLbRGzZEOlb7IYsoswYqAm9qe3oFSEPsK7z4mLhxMwBz7WenuRMW1gDPYg,Lisa Wiggins,https://play-lh.googleusercontent.com/a-/AOh14GiGzDwT6rGmh23omCN4VSErxd8Xom1h2ZUPr6wwhw,Works great!,5,1,5.4.6,2018-03-20 21:26:01,,
gp:AOqpTOGnwKWIZ6YtxAHteUcnsWi2DL0U4SPg7RGOJXLXnbmynNJ-SPRmafhRx0ZZQYsrSdWaeO2Bg_TU2KywU_w,A Google user,https://play-lh.googleusercontent.com/EGemoI2NTXmTsBVtJqk8jxF9rh8ApRWfsIMQSt2uE4OcpQqbFu7f7NbTK05lx80nuSijCz7sc3a277R67g,I need refund i bought the pro version,3,0,,2018-03-20 15:42:57,,
gp:AOqpTOH9711OUxGP_lpTAXxRxqkkRm_qd-P7WAD42aVM0SJU9BPvKCBikbb2qeka_h2HNttlLMg4AHIOjRSa_k8,Anthony Wardwillis,https://play-lh.googleusercontent.com/-_-UDJXCdl00/AAAAAAAAAAI/AAAAAAAAAAA/AMZuucnS5P8xCwLALhQq9re5GsYfsdMm5w/photo.jpg,Battery saver excellent. Optimiser good.,5,1,5.4.6,2018-03-01 06:46:05,,
gp:AOqpTOGLntkuH1XURUY7b0Sihb9JPibMKJJwV54vpBaCoRCZ8EJ9INY0tGgdCOFOXM5ji-pcyqj07FWr3Jrc9Vo,Choy Lopez,https://play-lh.googleusercontent.com/a-/AOh14GhuBB7Di-f5Gcs_sjcHOkoq6hxClQzaWmYpKOR7sg,super optimizer even not rooted,5,2,5.4.6,2018-02-20 16:07:56,,
gp:AOqpTOGJBWcodXl5b0rRTP2i8dSOVtW2lG-ao66SbiUrfYBly2F0XwpiqbnvGPaSPNMZQQJ6kONf3U19eW0n1HM,Raju Zore,https://play-lh.googleusercontent.com/a-/AOh14GjVbG61_LOX9CbDxWNYr_PYkvSflpIFyoVrGBLnwQ,Excellent app No.1 cleaner,5,2,5.4.6,2018-02-20 03:48:21,,
gp:AOqpTOF2cHRE3gykdhRwVuboU-FS91JZqPSzB_hQ5SxhAeW_yZ2WaWFJLW_dzEeTyqp67alMlso95WXUml_CiNM,William Manica,https://play-lh.googleusercontent.com/a-/AOh14GjK8ooYFqZ1WHTlFPjLqRzyEgDkqKmhxUnabG2N,Helps a lot optimizing phone,4,1,5.4.6,2018-02-18 07:47:22,,
gp:AOqpTOGLjOZ89ThtZaWSDMg3PNa2OWPaqUsxMpYI5qZZvWFuBt_L7Yyro6qupuQ9lTwWx9BXzHxJIr0sdHs__rw,shamsul anuar,https://play-lh.googleusercontent.com/a-/AOh14GhXuPNwa73rfIsoAplRvPFm4MGaW9FghM4guajIDg,very good..👍👍👍,5,1,5.4.6,2018-02-16 07:47:02,,
gp:AOqpTOHYUVF2Tv6H3IQk_KHSAHlknIPijQ7emrfDAEeSDKXc3RhPk88UIRy3tTsz7p1Q44jeGGsxVzeJW5YgOAc,Iron Spring,https://play-lh.googleusercontent.com/a-/AOh14GjcCUoQ6IMNirpGgH4IDLaliwhZBwnIAd4ztch4_Q,Much better after the last update. 5 star app.. Thanks author and a BIG THANKS FOR NO STINKING ADS.,5,5,5.4.6,2018-02-12 11:34:18,,
gp:AOqpTOHaWCrO-vVetS62iawUHGsiOu6e-6DWdUA6FuyTSEmmR24IpNXv-_OhgKWhTdPfDFpfB_eN_oiqsYtBf30,Walter Dee,https://play-lh.googleusercontent.com/-k6NV8PVJgfg/AAAAAAAAAAI/AAAAAAAAAAA/AMZuucmv7mi_TZVmV6MQ2wNWXa-Ry9pPmg/photo.jpg,Been using app for a while now and it still works great.,5,1,5.4.6,2018-02-07 15:01:02,,
gp:AOqpTOGcUGHEXeIZ1832mxAWpDmfyctzZg6bz96JLM5KUqB6-VMAkc1AB4mpX62KhckUlco6i5XQHQp65x_UZes,Taylor Mravic,https://play-lh.googleusercontent.com/a-/AOh14Gi-vWkejLmkPU9mtYQ6sZYHdmdUONcOAZlm6f_SLQ,Saved me a lot of battery life,5,1,5.4.6,2018-01-29 20:21:14,,
gp:AOqpTOGS6M0N9mF0Twzrymd9zz8KoT2zq551lo7KgKYDNdKUZ2r8nc9QMf6pxg-q6D1BnoealWWw3sAjgPuCHWo,Jin Kim,https://play-lh.googleusercontent.com/a-/AOh14Ghy4yPq0rn5wDWoTrcrPFcF82kaEoPvQO9FUqpztQ,Great app,5,1,5.4.6,2018-01-21 22:38:57,,
gp:AOqpTOHwKxFanP4ehsMOsmkNKzajpK-Lbb5CmhNFXnAiT247vm57EfUQfVAz64w_FbD0ErLn-AuMBZ5TW6MfSdY,Vash Knives,https://play-lh.googleusercontent.com/-SPFaxEmpLb0/AAAAAAAAAAI/AAAAAAAAAAA/AMZuucniQBKdwpTOc2NH667IYaJKJzBBSw/photo.jpg,almost great..the only problem is the app is still killing my excluded apps...come on man..specially go launcher z..fix this pls..,4,3,5.4.6,2018-01-21 14:01:26,,
gp:AOqpTOGY9ca-VnbJR0VyE1KiEleMdsZrMByPZstJ9MSLMgri9TLTULg01oKV46dZ6Yc2ClrjwPfXG22HtSE10qM,James Bobbymah,https://play-lh.googleusercontent.com/a-/AOh14Gi_FuBgRwnakid5Foo4CrwKhYccc90bKeSffCuV,The best I have ever used where is the praise people?! This is da bomb so far. Pay the man his $2 it's a bargain!,5,21,5.4.6,2017-12-24 17:11:05,,
gp:AOqpTOGMV7ME0YZSpvCDInWnv1l3UAnywg4_IWnb0GbK6buZlkso63O4DgmTQaKfOm_hP2IIiDMbSHQ3kygMrB0,Umesh Ugale,https://play-lh.googleusercontent.com/a-/AOh14GhfJ7vQ9RIJqXt0R3sWy0my5IWpj8OefftlR7C28g,"Good for low memory phone, make your phone smooth.",4,12,5.4.6,2017-12-20 17:40:25,,
gp:AOqpTOEPmZwLhHhgiW6kEapj7_QSbd1EejHGlNI0LdSiej5XurHBOGqdSGJk8rWhOxnMwe63HkZVCAYN9Nic9FM,Joe Chaplin,https://play-lh.googleusercontent.com/a-/AOh14Gg7HlilLZMQBxZ2DG7RusU8rgt2DhZRuMRK0-CJ9E0,Thanks for the optimization.,5,4,5.4.6,2017-12-16 04:09:24,,
gp:AOqpTOFrvFOovUBtcVme4RfVnersKsgBrvxMLcIO72IDX1Kv0oBiFklMDjv8q0qBoJCz7emf2X1jbO7EUbYqGNA,Chad Timmons,https://play-lh.googleusercontent.com/a-/AOh14GiKVXrwWlOsBtCX_jG-_VWUOdvQICJaXR8FR0rwDQ,"I love this app because you have the option to free up ram on your smartphone every time you press the home button.  This option might sound might a tad bit peculiar as it did to me when I first started messing with this app, however, if you're like me and constantly use your smartphone throughout the day, you'll find this feature to be very convenient and beneficial towards your productivity.",5,2,5.4.5,2017-12-10 05:18:50,,
gp:AOqpTOG5OM7_C4P8W1MoGhEOErTOBxzt-tB-SL_TifMm6HtAtIioEfjtLqyLQPlt9T020Kf3-ejzaVw2eXIOCsE,A Google user,https://play-lh.googleusercontent.com/EGemoI2NTXmTsBVtJqk8jxF9rh8ApRWfsIMQSt2uE4OcpQqbFu7f7NbTK05lx80nuSijCz7sc3a277R67g,So gooood! This makes a lot of effect!,5,0,5.4.5,2017-12-09 17:09:22,,
gp:AOqpTOHO2XFOhS8FsK5lWR8sLjaY-qBBlPN0n7O_Ot8lQFkge9LcnKS9XUx0kaqhKSNvnH9vSn4IJsNgJ7Z65R0,Erick John Nobela,https://play-lh.googleusercontent.com/a-/AOh14GgRdyzpJhLsgLJSHti6bQVw-rmfQEHyG6vmX7uU,"This app does exactly what its supposed to do. It's easy to use and once you are done setting it up,  you can just forget it and it will still do it's job keeping your phone optimized!",4,2,5.4.5,2017-12-08 03:20:39,,
gp:AOqpTOEAk30ATbBwU_wFmdASaFhUeFQqoJBc8RXy7B4AuvsOLrkhKKr49heV-miCpxAV39YStPrD_QR1sIykoNs,bloodys spammers,https://play-lh.googleusercontent.com/-N8EUi4DjDlM/AAAAAAAAAAI/AAAAAAAAAAA/AMZuuckVhhI1dvYz31NXGrSxuac7wiapPQ/photo.jpg,"👎💔💩👎💔💩👎 SLOWS DOWN UNLOCKING OF PHONE! ZERO INDICATION OF WHAT IS CLEANED!!! 👎💩👎💩👎💩👎 FULL OF BUGS!! ENABLE ""CLOCK HOME TO CLEAR"", THEN PRESS MENU AND IT CLEARS!!! 👎💩💔👎💩💔👎",1,6,5.4.5,2017-12-07 19:51:13,,
gp:AOqpTOHL6XCL-yjOXmOfGY552M1_7TLBIEGs3XvDW_GztAuoa9UGmgue37MHBg0BX9Jh-Yrdr8EQx3k88poJqA0,My Jams,https://play-lh.googleusercontent.com/-FzurRLM_iY0/AAAAAAAAAAI/AAAAAAAAAAA/AMZuucnHMHW5qhSGUzFOL6C638dpE-Zu9w/photo.jpg,"Absolutely best app I've used! Exactly what I've been looking for 👍 You guys are amazing!!! This app actually does what you say, I'm ecstatic 🎉🎊",5,2,5.4.5,2017-12-07 07:02:29,,
gp:AOqpTOElteo2b002gCDxp1fClLUSi9zXf0a_H47aKd9xHdHzlmmdTPruQw1-e3kRs57Eqd9O-95i_83_yhJGZpQ,A Google user,https://play-lh.googleusercontent.com/EGemoI2NTXmTsBVtJqk8jxF9rh8ApRWfsIMQSt2uE4OcpQqbFu7f7NbTK05lx80nuSijCz7sc3a277R67g,Best app..Specifically for asus ZenFone 5 ..This is the reason why Indian fans of Japani technology...,5,3,5.4.5,2017-12-06 19:14:20,,
gp:AOqpTOGSikWexcDDCIdnIgkzqnt-ZrGlu4ZJoI7mJsMsXSmHdU0GDQgMsyn_hgIHJJjAloeL5jImDDmx4e7vdx0,A.G. Martinez,https://play-lh.googleusercontent.com/a-/AOh14GjuBXYsFv9rvdZvo3TTCe_sm3oY6gIKQkzJiIa25A,"Add Chrome, Firefox, UC Browser, OEM Browser, QuickPic cache, DCIM thumbnails to Clear History Target.",5,3,5.4.5,2017-12-05 17:21:26,,
gp:AOqpTOEYI-E36Qv8TsZnEl0U5boSHIa-zJlKjAYdzFHs-5y9qt8IFVhZy6WzWEYhkglpSEzewkOKmaOkAOf6x9E,youtube watcher,https://play-lh.googleusercontent.com/a-/AOh14Gh9I2lunPd6lrA8tkKUHchfaZogs19ORPahciXhjw,A very good app still have it and it's going strong keep up the good work,5,0,5.4.5,2017-11-29 13:21:51,,
gp:AOqpTOH8sRH6cE-986izBaaeqJX3b9X95BkNUT6Qdb7Ta5ZMtt2_CW9RVfRSksuYnOXciKFidPnnQkkPd53gr2M,Terri Wells,https://play-lh.googleusercontent.com/a-/AOh14GiHX5U4N1LpcTAbVUTqujDPSqNAkx91lCsn-A-Hjg,Automatically...purges unnecessary stuff....cooler than cool,5,1,5.4.5,2017-11-22 11:53:14,,
gp:AOqpTOHdZgxTZz9P9vMTvOEFxVW0RXHe6fZkcUgCk0u1FW6H12rkFkUe4P9joaXiq3xM6FxQFXgOG58cinZYAiM,Bayu Adjie,https://play-lh.googleusercontent.com/a-/AOh14Gi2nMSxNAH6mbZQP1DpNnrJ_rh_LVXRKK1iXvRwGQ,Simple and useful,5,1,5.4.5,2017-11-12 02:12:48,,
gp:AOqpTOGFaKUztDmX8OridAppVp1hznyWxjojL0Bx_yfmNOcz0meWvBmn0rSUZkywvhbsAyK8lkTudSYiIZyWo-k,Aneesh Anz,https://play-lh.googleusercontent.com/a-/AOh14Gjd3pqp_-U9usCNS3RrxItzb3YaOyR9KyxHGUHMqw,please add App force stop feature,1,3,5.4.5,2017-11-11 18:34:31,,
gp:AOqpTOGwZzw-bgANZ0JkZQqkwxz2IdJwxvb2ELKlORVBdl-fM2cxiNS4p_5sHebMn5flNABaXj178Ose5DnHPIY,Roger Bautista,https://play-lh.googleusercontent.com/a-/AOh14GgEQbXWNfUxVrpEn1nHn9EEhGenYS3f4YDWHQRtsw,"I just bought this today. Can you make this possible for android wear also? I like the option to optimize the ram when screen turn off. If it can be applied to android wear. My watch is LG urbane 2nd edition LTE. Thanks for the useful app..,",5,1,5.4.4,2017-11-10 05:00:30,,
gp:AOqpTOGKbCzSYWF85KWQHfcbfX7PuAxzJVPmx7rgAGybWNRwl8bq2ryKdnf4zxG7IKiG-Zh0pEwckKYjM_-9sUY,Bob Dees,https://play-lh.googleusercontent.com/-x13961YWEIQ/AAAAAAAAAAI/AAAAAAAAAAA/AMZuuck3QlDKdCiRJaW38y7CQLXKjuAyyw/photo.jpg,Very dependble. Set it and forget it.,5,0,,2017-10-25 20:31:33,,
gp:AOqpTOFP7W8cinRm_qv2UyPe8xqFlV6CQwb_Tw9eRxKwUyJYvXygT5sjDwmW8mi_HQkQpxkK5Tyfu-cYxujoJ9Y,Jackson Paul,https://play-lh.googleusercontent.com/a-/AOh14GiKa-x8iu8LeziTYnTrdaRfEoCKMtsr0WqDaGun,Good,5,0,5.4.4,2017-10-10 04:44:24,,
gp:AOqpTOG-LkqKL_u1mPzOm8DZ6P6Z81fglmkSSf8ahoTOcm1OxOsvHqX74OruN4w8X-WTnzIdksrKkOytgGEtLIg,ひろ,https://play-lh.googleusercontent.com/a-/AOh14GjEYIk6UHGk6v_IiiqlC4UlHX9UdwGE02UAYY-Ontw,"yeah this is good app,but Why this app uses too much memory? You should save memory... That decreases effect of memory optimization.",2,2,5.4.4,2017-10-06 20:03:29,,
gp:AOqpTOGKdWXENbdLWdk5BeV27QcrOuTSsRpC4GL7FXtFyTCOe8vamWGliOlNuYCfkDyt3OsbO-Y0NLFx_LX3cR0,Nasri Makassar,https://play-lh.googleusercontent.com/-lig738tDld0/AAAAAAAAAAI/AAAAAAAAAAA/AMZuuckDwuf7R2NlXWUvpCNuAuU7Xfykdg/photo.jpg,Love it no ads,5,0,5.4.4,2017-10-01 07:58:54,,
gp:AOqpTOG2Rxh8pWWPDXY8SyZD3VrprknNRnah2SFeWGSswTg83waXs7lQqd_eIxaKyzdoa2E_B0tBUDyQed5QvZ8,DB'S_Media Gallery,https://play-lh.googleusercontent.com/a-/AOh14GhKOTnKmumSsqYgvQkIWfi-yfaXMx5myDa_J2tzvw,"Loved it that much ,but my likes were limited to5 star's. Thanks team for this wonderful creations.",5,0,5.4.4,2017-09-30 10:29:25,,
gp:AOqpTOErepFSXxQ0bGbGWRmzrrlUandGqi1RV6erdFk255Uc-2pJhGkjLF1Pacoqid-Yt4Gjs5Z7nRQKnLHScaI,Jishnu Kollam,https://play-lh.googleusercontent.com/a-/AOh14GjA6RbZFeT-NDUljJf5kQ7OYoaaLrJM69BF5yJ42w,Good,5,0,,2017-09-26 12:31:18,,
gp:AOqpTOHEE3oizE4cYYmKwegS2b-lyZv7iMZS2eH13UOLMDqdpthTB2WiFblRThID8jWZUp5mgn-fat0GW89zUkQ,Trường Giang,https://play-lh.googleusercontent.com/a-/AOh14GgtvXXtjl94z7aKVQrSbxmoD79Kep4TILuk-ZrhAg,Ask for my contact to optimize? Down you go,1,2,,2017-09-26 10:09:07,,
gp:AOqpTOFDUcYDemxkDsZ8KUuqcMBc6osmK2QE0tN4chos_j_AX4QpK_WhooY0rgLeIVCQ9gd99BaYAXmThnq__xA,Md Arshad Islam,https://play-lh.googleusercontent.com/a-/AOh14GigwOXGrnfCa-aXd_YMsLJVyq7DvBT5xlSbULSHcg,nais,5,0,,2017-09-26 05:14:25,,
gp:AOqpTOHaKhfxBCJWUJGrajsrwsVaVZqvwGbkE7tf-UXWW9ZLLipfX4nt4XKrjcZRtUXCgnzD9qqWJ_OowmJKBt8,Adhi Paryono,https://play-lh.googleusercontent.com/-OZ5oXxmPk4g/AAAAAAAAAAI/AAAAAAAAAAA/AMZuucnzm36cuDgm5ghCFyZ9irfU8tgv7A/photo.jpg,"Download this while it's free. It has the best gui among android boosters, however it takes 230Mb in running services. So I use fast optimizer instead.",3,2,5.4.4,2017-09-24 10:31:02,,
gp:AOqpTOHfEnd8TcVA_DGQnPa7FjX-ebL6GMrlfoXYg9JOnroJbX8_VDUzhxaIXvcsjR58YbTZNGgNaniN7qQCjZ8,A Google user,https://play-lh.googleusercontent.com/EGemoI2NTXmTsBVtJqk8jxF9rh8ApRWfsIMQSt2uE4OcpQqbFu7f7NbTK05lx80nuSijCz7sc3a277R67g,"Well not so bad,but memory freeing has only few sense,and it eats lot of free memory.  But the battery saver (as turn on/off your Wi-Fi automatically with auto connect) is nice,it really saves battery well.(careful automatically connecting interval is 15 min is most shorter, I want more short option)",3,0,,2017-09-23 20:52:27,,
gp:AOqpTOHXr7BRnaOpResfvSnFIIhS3O8CJRB0U3CCZwxTgM_LMH14HNkF_GwFw0B3jdQwdOXZvOFKbNKMzmok7Wg,A Google user,https://play-lh.googleusercontent.com/EGemoI2NTXmTsBVtJqk8jxF9rh8ApRWfsIMQSt2uE4OcpQqbFu7f7NbTK05lx80nuSijCz7sc3a277R67g,Plz.reply with setting to avoid phone heat & response delay,4,3,5.4.4,2017-08-20 04:58:45,,
gp:AOqpTOHL-Jx0ESdr-ymnGcH4jmqlEijUh2o9wQfWJ5x_Ud4mq_bwehcZni94sB-pUUfZG2dbxR0MxjUuFI0EMlA,Geoffrey Wukik,https://play-lh.googleusercontent.com/a-/AOh14GgyRKl4bVFLsz3eS8Tbz4hHjvsckbg3jmzQXH_JWA,Nothing else matters. Thank you !,5,1,5.4.4,2017-08-18 00:46:48,,
gp:AOqpTOGGlLs8d_Wlk_mtGEU3PoPCDftCTthyKgxi1labHTnC3crmwAPdMjLbn3ILZHnDROdbYkxMhdgQXBZBN2Y,A Google user,https://play-lh.googleusercontent.com/EGemoI2NTXmTsBVtJqk8jxF9rh8ApRWfsIMQSt2uE4OcpQqbFu7f7NbTK05lx80nuSijCz7sc3a277R67g,It works and all of the time.,5,2,5.4.3,2017-07-09 22:33:35,,
gp:AOqpTOE5R1rIyiGCpQVG_8cE9KHqSYARo6xbpdoWZm40sV7m_5ew6dsCJj_k_yOSKiWh6O6nOHyPjto79SDR388,MunO KurO,https://play-lh.googleusercontent.com/a-/AOh14GgtGQ0doww1iX9YmFQUVc-x7rTQqiXWLc0AyUXq,Awsome,5,2,5.4.3,2017-07-08 07:13:30,,
gp:AOqpTOGOm98MwzJAmkuDZkrBw2WkFB-42NYjna1Znfu5p6tawcG_97eYzNxvow0fp36lr8WxBp4aTR9D3mGq3Zc,A Google user,https://play-lh.googleusercontent.com/EGemoI2NTXmTsBVtJqk8jxF9rh8ApRWfsIMQSt2uE4OcpQqbFu7f7NbTK05lx80nuSijCz7sc3a277R67g,Fantastic app.,5,0,,2017-07-04 13:01:21,,
gp:AOqpTOH634g8weu3LK2F55-4yt26D8KL5PJsK7QmJS6fjCKWavHrXABrQRYAAodKExSy0B57Nd03_wmDPhVq-ps,Amit Saha,https://play-lh.googleusercontent.com/a-/AOh14Gi8LOcyXXWHbXny3J4BSpgVCbdTNQz49z718Kbngw,Awesome,5,0,5.4.2,2017-06-22 21:03:31,,
gp:AOqpTOEqQoEmKfhaAoFDDMBE7PSiJ0HoLOVEHh5RFoONMixZs6dhZuorKqThxcij1aLHAlFKLEXQDlgXLUONUkM,Manuel Casillas,https://play-lh.googleusercontent.com/a-/AOh14Gh-IV_rWq3zxboOB8EPpN2w3TagbA_BfONYMj3PWA,"It works, simply works. The only issue I have found is the app keeps killing my excluded apps. 😣 Please fix this... Moto Z play with Android 7.0",4,1,5.4.2,2017-06-21 21:12:07,,
gp:AOqpTOGRLSpmwLydDVCijbLL6-nXmga6frLSB-uOXQil41tnWCRUK9IWmEA6NHnRlQ86y__ZpzLOBkW0LcQX2QM,Philip Salt,https://play-lh.googleusercontent.com/a-/AOh14GjnSQhLOJ0T8DpOJTxJ34GOl5CSPSYTuejKIRxJRg,Very good app so far so good.,5,3,5.4.2,2017-06-19 15:58:34,,
gp:AOqpTOE4lVPQQfAL4ZXG9wuXYyCYAN8zKAgRsEB7Rp7JLLXmIkn7M_oZLNq8QQu94LOGUxnnsCyqKwRyU_xXkU0,Gerald Rich,https://play-lh.googleusercontent.com/-QhLlItBRqGw/AAAAAAAAAAI/AAAAAAAAAAA/AMZuuclPpjPt2inBqvEL7R-NmgySlJh_Zg/photo.jpg,Would give a solid 5 stars but it keeps shutting my music off even after I've excluded it from the auto closing list!!!,4,2,5.4.2,2017-06-19 07:20:18,,
gp:AOqpTOHY_-hFIkGc6Z8QhNQtGd2Fud2cMNPRt3wLovy0dTL65oaiO5NHdOZ5acOlfwMmPbOFiYMuq5nYsxjmSFE,Michael Shellmire,https://play-lh.googleusercontent.com/a-/AOh14GjeHl-OWSE26yU9r3gul3zKd7AE1QJHfvdoKoOk,Nice,5,1,5.4.2,2017-06-12 19:47:32,,
gp:AOqpTOGwhXphNnQ0v8MnV5RqbCpopNjKJAqDVY4JVPXaQNIKp_Wd2v6NQINri3ffySIGegYe69rXQyNzR2aL6DA,A Google user,https://play-lh.googleusercontent.com/EGemoI2NTXmTsBVtJqk8jxF9rh8ApRWfsIMQSt2uE4OcpQqbFu7f7NbTK05lx80nuSijCz7sc3a277R67g,Great...nothing else matters,5,0,5.4.1,2017-06-07 04:43:45,,
gp:AOqpTOHXYQfwTBs5ZtRnm3snA7ujZgrK-Cu6-iYKZrDpSTE3rMuunnLPSBamRvTaqWO-eqDnz2grErUfxiitR5Q,Dr.Mahaveer singh,https://play-lh.googleusercontent.com/a-/AOh14Ggz9Oq7hUjVMqoMODslacFqPsG0mlM7fm9otAlA_w,Good,5,0,5.4.0,2017-06-05 12:33:15,,
gp:AOqpTOE3kgPouiOeoxoIC2P6x6EmMnb6wE2XZrZyxNThDXk_baOuzkVRQRV803VZIvL7t6Nug_08Sh6jdciJ_tM,Hector Jimenez,https://play-lh.googleusercontent.com/a-/AOh14Gh05M3YPls1cH1pnOt_gHJAnTLotg7mg67VLjwknw,Love it!!,5,1,5.4.0,2017-05-24 13:09:58,,
gp:AOqpTOF5famtRAqUWxcI8D2cQz0fh8PaO9lujYbzDE0vHIkav2inZYsdIEi13iw1ViKobCzuSzctWe4qDWxsPXM,New World Disorder,https://play-lh.googleusercontent.com/a-/AOh14Gir4QmBFWXfpuUBIyUQQlD_3e5KFODkprP0xmYPOA,Seems good,4,1,5.4.0,2017-05-19 15:04:21,,
gp:AOqpTOEOIVD250NIAo_F3CAit4KTO4nRlEglg2v7ppSiDYTTFiMWcAlCwz-UdOF_dFxX_ZymY_1fuEoqe-ajqvk,A Google user,https://play-lh.googleusercontent.com/EGemoI2NTXmTsBVtJqk8jxF9rh8ApRWfsIMQSt2uE4OcpQqbFu7f7NbTK05lx80nuSijCz7sc3a277R67g,Easy to use,5,0,,2017-05-12 14:24:36,,
gp:AOqpTOELEHh1JweE3ZDqcVUyuSCIack-cp2AsGnsfZCZS-9rFVFJh1YmZK-SG_V79uRhxxdMwCb_ki3d_z0Vdlk,Ian Street,https://play-lh.googleusercontent.com/-imiEBEPnI-Q/AAAAAAAAAAI/AAAAAAAAAAA/AMZuuclcM0ctmV1rEkCiH_JwZgmbMuxYFg/photo.jpg,It works as advertised which of rare.,5,1,5.4.0,2017-05-10 18:15:56,,
gp:AOqpTOFhWiRix_ikURguZUejMccXI3say6vJk8IOVDUTeNv50lXH6eKKppk__PjPRra77Wr6jnyPKcHjPWdjnpY,A Google user,https://play-lh.googleusercontent.com/EGemoI2NTXmTsBVtJqk8jxF9rh8ApRWfsIMQSt2uE4OcpQqbFu7f7NbTK05lx80nuSijCz7sc3a277R67g,Never use this app i almost lost my 70 gb data because of its nonsense,1,1,,2017-05-05 00:33:59,,
gp:AOqpTOEBEs4zK9j45dLi9KncK5VTHgKT-ayQRKxMSO580cUabHdr9wh3CAUaEMRPf6jplgFHb--QH-2yg20Jj98,A Google user,https://play-lh.googleusercontent.com/EGemoI2NTXmTsBVtJqk8jxF9rh8ApRWfsIMQSt2uE4OcpQqbFu7f7NbTK05lx80nuSijCz7sc3a277R67g,It really works.. silently.. good job developer 👍,5,2,5.4.0,2017-05-04 20:37:56,,
gp:AOqpTOHvKqaUKWnAQyX0Y-NboYYPo80BsRtAPb66fkWu7e5Jq6pewAgPQEI_I2iQuLz9bTkydq9jdHYPcdJFCuQ,Paul Waxweiler,https://play-lh.googleusercontent.com/a-/AOh14GjUweBJwAUhAqEIoSliwYs1RBaDf-9wUgrjsTTejA,"I did not believe this was not a 'false booster"" as there are so many in the Playstore, but I was totally wrong. It just works  Period. Isaw my available RAM jump from 700 to 1000+. All I had to do next, when sure that it did not interfere with anything, was to disable its notifications, because I run Notify, which shows notifs in a bubble, so as not to be disturbed when watching a movie. Great work !!",5,11,5.4.0,2017-05-01 23:26:45,,
gp:AOqpTOHrAOzeyBv5GBtBjR-i-xMBN1IHyxyWzI2jOm7XLkr5rZuFgAEGPQat5u4oJeD05JCnjmiKPBp27USWuVQ,Freddy Kerus,https://play-lh.googleusercontent.com/a-/AOh14GjhG9uZkM_dtZ9PPB915U9aSPbh_1xUJ98mrOVc,The best app..,5,1,5.4.0,2017-04-29 18:22:17,,
gp:AOqpTOHlGtDngMvpRuCk0vq-cxC4iobhJoOJRhVXj9UqsZk-hUkIbf2uSkRDF_Qmw5wbICaqdeDQztH6Mz1icUM,Shawn Teasdale,https://play-lh.googleusercontent.com/a-/AOh14Ghlzr8hwWCdzLBmaQgnlJc0beKs3iVm0r_BwfFRyA,Efficient.,5,1,5.4.0,2017-04-29 16:59:08,,
gp:AOqpTOHXsJ_6jhmucpaPIRIdxBvOIDThbevYx-lZGU-kAOR-57pOVIiOWCxWpYjM6sAWTyseXqm3uia22bwRYuA,SB Prasad,https://play-lh.googleusercontent.com/a-/AOh14GgrYBS2yNx-5FExhTm8x7xN9WS4KUS2ANAPaA6zpg,Good cleaning and Batary optimization.,5,4,5.4.0,2017-04-28 02:23:49,,
gp:AOqpTOFXKzY4N5LtZU3fAaZ8yMoZY59YhA6JKcLDh4FeKA6V9JNbJnj00kkxeTRYarNsczpfM68Uu_FyKQ3y5uE,Steve Medley,https://play-lh.googleusercontent.com/a-/AOh14Gg6fJNS89JJlxcMRx3tl7_Ox1y7Gk17Qv8Qd5Hdpw,Slowed my Galaxy S6 edge to a stall!,1,7,5.4.0,2017-04-23 22:58:19,,
gp:AOqpTOG3oMjRwD8RSEm1E-OMxl-Tt13es2VFOMMW2zrEYqvhbgMYdYrxWykW_EUxjfN1c97OBpSsy38C5baJfT8,Kris Randall,https://play-lh.googleusercontent.com/-uLXAbaXr4ek/AAAAAAAAAAI/AAAAAAAAAAA/AMZuucnh0JfsT2j2-JJuvygvEWi9nd60-g/photo.jpg,"Mine doesn't clear cache, only RAM. Only provides a shortcut to system settings to clear cache. Very misleading!",3,10,5.4.0,2017-04-23 13:39:15,,
gp:AOqpTOFGRrDLInl6d0ILaIzn-vTcMP5OhgUqTo4mwC2bdvVduBYYFbH5aVuSGAacDHkD9XQwRPnTCINugsp5ovo,Dexter Mason Lords,https://play-lh.googleusercontent.com/a-/AOh14Ggk57ZcskCmpELeaFQMlNKczOC5cDSBEXuV02UZJw,"Hoping this fixes lagging issues and inability to open apps on my brand new CUBE iWork8! Will update, but so far it looks promising for assisting with the maintenance of a device which has very much been a disappointment!",5,18,5.4.0,2017-04-23 09:59:11,,
gp:AOqpTOGQWYJWDCRkmtJpUtX2rXf3jnzBlbXP3ISo-k4Hk_BHCYqNhDQXc27yVA9-UkbxNMPFfthZVt9jxAgPXZ8,SR P,https://play-lh.googleusercontent.com/-cNLeIkmgA4g/AAAAAAAAAAI/AAAAAAAAAAA/AMZuuckSzrEh78bXgYenm7VBw_0SpNP2YQ/photo.jpg,Very useful,5,3,5.4.0,2017-04-22 03:56:42,,
gp:AOqpTOF_EFN8b0tFcb2DSGJHxO8HjQ3T8LdE6zmxjJ5Xwjg7L2yUomdsuQqRUn6xxNneTRwAtmlnMMYVOwnNgDI,Just me,https://play-lh.googleusercontent.com/a-/AOh14GiploB-5qPfukfrTLe-GsB7nNFRBGSNg7ytwWT9,"Stops many activities, like downloading by apps etc. Not worth it. Uninstalled.",1,2,5.3.0,2017-04-20 07:09:32,,
gp:AOqpTOHwB5p8yntbdBkPLrMNaSZvrd_DtaHPGC_OqukGMZJ3yDfaRShjQEFZwtPZp-YexyFt_SnPLIXDESgvuPc,said rasheed,https://play-lh.googleusercontent.com/a-/AOh14GjbvFOTF-Q_Dwk8uMT6EOJfltyNk8Femj33EmgPQg,"Great effort,",5,0,5.3.2,2017-04-15 05:18:10,,
gp:AOqpTOHtbRrEGYlXFinmi7Hm2RtcRhuSTQdlZNGWC3gEvpnMILVQtsp_YudmYoxPq9r4AMmTvR7kYM6FIxvN5bk,K M ARIF,https://play-lh.googleusercontent.com/a-/AOh14Gjnr8kwPb-O4CuC-3_t87AdeySqfH1gX8zeHdBcmQ,It is working well with system,5,0,5.3.1,2017-04-05 08:14:17,,
gp:AOqpTOGt4o7H-wcpkeEdKJw3zrEdeGQl7n-YfrP0gX4Csi7BA5Dlih8FIxk3xwSR7qzrN62yrfgLUieU_REV770,Don't Worry,https://play-lh.googleusercontent.com/a-/AOh14GivENRgmGxQR-Q-GQQFF6HGAkktR10LVCYYYoC6kTw,Great app,5,2,5.3.2,2017-04-04 19:45:36,,
gp:AOqpTOGi1YR8BjrLvjTfPMj08fRXeFhFOW4oSNR9xRx5AL--gtdJSVwucV3vtpYEbedfawFfEmRrYQV_PPPexEc,Stuart Coultas,https://play-lh.googleusercontent.com/-89Or0mnaChI/AAAAAAAAAAI/AAAAAAAAAAA/AMZuuclSBo-k9HOjOQEwveac45RoPRpFBQ/photo.jpg,Sorted my laggy phone and tablet,5,1,5.3.1,2017-04-01 05:52:54,,
gp:AOqpTOEBVKFgNTVzmbBJRpTH2APFYlKuUZp4xnozRXKXIDkEdW5kIGoEEdNSQY281oxxm7ppBOy8HbnjCBghLxk,chandra sekkhar,https://play-lh.googleusercontent.com/a-/AOh14Ghg7b5XjkxHvXSUm42-cyxTxunS7Gua_rXHd1LcSvA,"Sir, I found the calls are dropping in the middle of converstaion. How to stop that issue. otherwise I have to uninstall the application. Shall I OFF battery saver in the app?",2,1,5.3.1,2017-03-30 09:00:21,,
gp:AOqpTOHdgSY1DeibZGyDxJG2yJY7IFLvMxUwQ0uOUiYTBr2NZ1E2FdQrtHaLe401pa0GWvHcNG0SUS7M7sE8DEk,Ong Joseph,https://play-lh.googleusercontent.com/-Saq1t3tqzYw/AAAAAAAAAAI/AAAAAAAAAAA/AMZuuckqBdYz5igQHd2igb7IsEVdjg_-Tg/photo.jpg,Doesn't have the option of CLOSE RECENT APPS for Samsung Note 3..?,5,0,5.3.1,2017-03-29 20:03:11,,
gp:AOqpTOGClM9ANyQTE8rdqCUD2_5RT7d6CSCPtRiQomfV4y4aKImzwUcPv-ogNs0KyOHqIAkByvXr7MuJt4Pds-8,Khan Khan,https://play-lh.googleusercontent.com/a-/AOh14Gh75IzRPJMfgaW9w_z3DkvHPWsxZ7O2CQ3fLAExgJ8,"I can,t say it,s good o no",2,1,5.3.1,2017-03-27 10:39:45,,
gp:AOqpTOFdQbxlYEBt3nlcDC8yZPFcaFp124AILpTYNHW6fyP4NkeNN3KXRke0FO8Rh0tWJquZq2eIO2j4VEeDIxA,Anirban Shome,https://play-lh.googleusercontent.com/a-/AOh14GglHUpqLHPM9oeEbDYCNv8sPNVWQw8hWR94x6G1fw,Battery drainer,1,3,,2017-03-26 08:36:27,,
gp:AOqpTOGaOFlPv-7L5nMjmDSHayMseMphxIkkw53kYm7H0YU955fu-05XBn3ANjTb3s2dfQSSswEDsImV6_Bicb4,Eijamsya Hashim,https://play-lh.googleusercontent.com/-CLNiUEXsTjA/AAAAAAAAAAI/AAAAAAAAAAA/AMZuucnMsg3DARXn6pkb6vSsKOwlQ1oGPw/photo.jpg,gud apps,4,1,5.3.1,2017-03-24 15:11:52,,
gp:AOqpTOEjKe8BTPhCf74Fc9rUX_UFAL8MTebCw2Vk8rlSf8LI5yAYW9wnx131saS0dsnnmDFvsOnEDykxuKtBc70,Rajesh kuppaiah,https://play-lh.googleusercontent.com/a-/AOh14Ghvbg2_4G7QT2LDQuDOMEJt7W9aH0UhY8sJjEGn_Q,"Excellent app good speed,",5,0,5.3.1,2017-03-24 08:04:10,,
gp:AOqpTOE3Lt5rhy3CkfEpf3blkNtZ9VKtegmXxv8ndMoLPhWCyvjRELrAa_3oITOpkFYhFC4VuvSLkWQf0WFpAl0,Riggy Riggs,https://play-lh.googleusercontent.com/a-/AOh14GgDMsVC9Y0aBfr8k8wRcFkpJVz3sJtEMuaEewk86A,"Works as it should, useful for the memory info",5,1,5.3.1,2017-03-23 07:23:33,,
gp:AOqpTOGqd66rIkUXdNrjWQIXjRnGCPR03rmCURXzbgX-oVCaDApS-gwrslZkEeMPNNzcPBxYMPoa7RnCu86iTlw,Tim Cheung,https://play-lh.googleusercontent.com/a-/AOh14GhbRsxtntXhm4VEhkuh3G7RNh59Z_hbaYxekC0rPw,Great!,5,1,5.3.1,2017-03-23 02:40:25,,
gp:AOqpTOHydwo_hm16NfiyYt4sZWVOef0Cm7ajXvby3v-W5-f4Bt0j1LMXdQTYRidgnK7Sze0A1KwMHEg-Z0I0Mp4,Art Gutierrez,https://play-lh.googleusercontent.com/a-/AOh14GhgmlNqNBmQeSZK89NUh3_FyWuka_8e2A9orupnhg,"Great app. My tablet running 4.4,2 was slow. I had other optimizers installed which helped a little, this one is by far the best. It has made my tablet much quicker and now my apps can are updated on the first try versus before it took multiple attempts to update them. Thanks!",5,11,5.3.1,2017-03-22 11:30:15,,
gp:AOqpTOFgYZBpiRun4E6UJyl40L2Etk_rl__h46QOjy5ZPPfyT66Bc3VPPLvDm2-BOH3NBoyXWqxn2ne6RBYs_90,Gaurav Ratnawat,https://play-lh.googleusercontent.com/a-/AOh14Gi3CR7Kq_JcPMNfRSf1iYR4Gw3Be8Ef30sXEmhjVg,Dont know why but after installing it my android became hot more frequently,3,3,5.3.1,2017-03-22 05:04:13,,
gp:AOqpTOFIU0OvloYWiFOwRWQsR10qzpjuhjRtLy1ob7z5bH6YWH3QLRRNbHLOxfXc1T36wahpHleVp-g3jzGIzpo,Alex Cardwell,https://play-lh.googleusercontent.com/a-/AOh14GhIX5SM_o5IZfjUByIRIafZN_iDWcEjavvEqgS76vU,"Not super nice looking design, plus it asks for a 5 star review which is a bit scummy imho",3,1,5.3.0,2017-03-21 14:31:52,,
gp:AOqpTOEd6XOgxuivmwIyKIgCAlpyPAzG8GtGEYuDBDtdc1HpJKL9LW8aKPy7HRnUfUWomiWau6HFFVtBnP-oioI,Sunil Barwal,https://play-lh.googleusercontent.com/a-/AOh14GitOMf75mD7IcgQXREspy45C85_kLL-nfgPbFJuXw,App works good but need to improve UI and App icon more like material design.,3,1,5.3.1,2017-03-20 19:09:29,,
gp:AOqpTOH3tXiB8rhpwtFV8ZbT2fyfGTZ6MhOwtiPkmtWm0zxv7B-7qYCL5EJMtn_iuJ2ieYZYVV0LQPX6JMimaG4,Adam Murabit,https://play-lh.googleusercontent.com/a-/AOh14GhMviHOeVahPe6DIfywJIg1kG_BkZ3dWoTrnoYUlZM,"Good app  Dev, please allow an option to show the Memory & CPU info in the status bar but NOT include them in the pulldown notifications",4,9,5.3.1,2017-03-20 17:19:24,,
gp:AOqpTOGmxuDDtgH3IfyimqGbAlAnPdT-DphHp-KiUy69wctEr4rLJiTGVqYhH-zm_gZO18LM6CWF9uQMBbJ6-Qs,k sathya,https://play-lh.googleusercontent.com/a-/AOh14GgW0RISxOK5MSsvCcJlyvXubMoOyCFwtveZhE8aIQ,Dear sir  Your all app is fine Pls try to make a dual what's app Because many people are cheating in play store,5,3,5.3.0,2017-03-18 16:44:59,,
gp:AOqpTOG99lhkJwighZMBvFvUu_BlMDAN9WofKfks8eK5Dgz5ERgo03qzqZt2l-XmzbIBtiWLFOOLcSmCOEOcxNM,malek alia,https://play-lh.googleusercontent.com/a-/AOh14GjYLGOR_t1-hk7n3gDh-WzmRg2Tsk2huf9cdm_MwA,"👎👎👎👎👎 it could not even know the operator name , this is a junk .",1,2,,2017-03-18 12:01:26,,
gp:AOqpTOHnkQZzk51bM8zc7yXmtIilfVOKASorzROUdsRZUHStJd2mDet3ky0Ir9cj9seJ9S-PlqioeffCo9UJYR0,Ankit Rukhmode,https://play-lh.googleusercontent.com/-UScUGH5t7f4/AAAAAAAAAAI/AAAAAAAAAAA/AMZuuck8owlXYeH-slRb4CzHnW0j1ihz0w/photo.jpg,Very nice app for optimizing Mobile. One of the best apps on PlayStore ...,5,3,5.3.0,2017-03-17 09:44:33,,
gp:AOqpTOE8b26m9BpC7MrN2aEGvs9VcEJPjRakbGLT0SRZOPF8vJLYJwDU7PBlvR4qIYuWm5db4-wGOyE0Wl5LqL0,Prasanna Gadkari,https://play-lh.googleusercontent.com/a-/AOh14GiakC4P_jGuxYX3gz2zr8Rh0841t20ABsewl0h6EQ,This is a good app to improve performance. I did not observe the phone to allow down while it's running in background. Must buy 😀,5,1,5.3.0,2017-03-16 06:33:15,,
gp:AOqpTOEx5u5FXACZAwA2Oa9nC_DjvNoEBvUSLs8wlGP8KmFBc1HB328q7xjNPVASxnmrJFlHpgxfooi1KDXJxMs,Charles 54,https://play-lh.googleusercontent.com/a-/AOh14GhBzVVTEDJui8fVH6tfL-s_LnandxU2Z3UnWt4YQqY,Great to have with 2GB ram phone,5,1,5.2.2,2017-03-09 06:53:54,,
gp:AOqpTOHshCK3dx4e1Pakv_fWpM6X1ZF3NghE-x0QwlV7ATCl1b-erWb0ZEULm9n6gD91YocHXa1YZ9wVSgBTA4U,dr wael abdelaty,https://play-lh.googleusercontent.com/a-/AOh14Gjc8jH6z-tqmjK6bxCejdhMhBW7FABlYy2F55iSwA,Perfect👍👍👍👍👍👍,5,1,5.1.0,2017-02-10 12:27:09,,
gp:AOqpTOGk5UX0oVIDRMLOafXX_Ba1czjhPXC2KKaDadFbMPcXhmBw5Rg8HlVORwTgKp8747iCW6hwsLyYmy-PFOg,Dave Aylwin,https://play-lh.googleusercontent.com/a-/AOh14Ggts6_lhmzO9g49J0nD8EOc8fs8ydSy0NnK0X8o,got the old version back. the KISS version doesn't cut it. big icons are for those who need them. I don't! !!!!!!!!,2,0,4.5.0,2017-02-09 10:39:38,,
gp:AOqpTOGNyT5Esei1KC7h8vcsBZ3O5Ez6Rl0XzSUl998mxJwfo7Vkzz6qGjLzYfXhiVsP51FnLDVRrP6u1s4Tufk,Stephen Regan,https://play-lh.googleusercontent.com/a-/AOh14GjoDIkI5zjstBLOOM22GPYK0Bx5ey4FoAqaua4o,"Please, add the widget back ASAP,  I don't see it now, it is gone. Nor is there a way to add it to the home screen from within the app that I see? Should make special options for ROOT users as well. This is a great app. Widgets? I like how the Ui is now going towards material design, keep it pretty with new features!! New features? This app is worth every cent especially if ""frozen"" it can get you right out of it with the Widget. Make the widget Pretty as I must look at I everyday.  Maybe an option of different colored widgets? Genie widget like Blackberry?  Thanks.",5,0,5.0.1,2017-02-06 15:50:01,,
gp:AOqpTOHZJLX2OJkziDTeIhuzSTGie_hpRHZ7z2vU5JmqnqDRq3iLeQOFcDZUg3TLqmROCpw0vMnirsruIkWBWAg,M. L. A. Daniel ROBLET,https://play-lh.googleusercontent.com/-eKGMYfQQ4hI/AAAAAAAAAAI/AAAAAAAAAAA/AMZuuckPep9M1ACPCWw0DKkQFwp0S0Rx9g/photo.jpg,"Simply, Simply, Simply THE THE THE BEST BEST BEST.",5,0,5.0.0,2017-02-06 00:24:31,,
gp:AOqpTOF48h4_ZvuZo9TPBoopKjuObhyq4G2iQWPjZBmqUtFva7aYWFOQuNYz8U5M3MukxxXXgJ9QbGUMk2b2y48,Brandon Dorrington,https://play-lh.googleusercontent.com/-Lv3xLjdWLXQ/AAAAAAAAAAI/AAAAAAAAFQQ/AMZuuckx7dZ3Mc2fKvJwqoIU8MCV9rqCww/photo.jpg,It is far better than the most popular optimizers .You know the ones .. .. so filled with ads it's ridiculous.  I am hoping it will help save battery.,5,0,4.5.0,2017-01-17 14:04:41,,
gp:AOqpTOG9yjdJEO-ILjWsdFlnNPdjF9CDUN_FMwghfKHISQyYZhNk8ImiCJBDj7c44hksZuCyuuleK3TSGm8GJhg,Don Lovill,https://play-lh.googleusercontent.com/a-/AOh14Gh1QkquxraoXr68MVAzOG_7feezztqTZcNvkpN9,shotcallerbofnoptizmation,5,0,,2017-01-04 06:43:04,,
gp:AOqpTOFQPVC4r-mWPMeD8s-Rjabzp5uMYiYDybO4agfddWnGqKajZr1TifPChdoZ3PoAFSh9RNpP0yVpDDAPAQU,Wallace Edward Newcomb,https://play-lh.googleusercontent.com/a-/AOh14Gi93_mtOpziehiSBARvDrsOVrO7ysUd58-vMC6VsA,"Great, but not w/Android 7",3,0,4.4.3,2016-12-09 11:40:19,,
gp:AOqpTOESIa6m3LO1YHrA5FzsWiHR7WKEqcfLB8VCclBcWXRhjQIn_O6Aix18D79PnrNf1RUKiUwJnB6NIqItsNo,Droid User,https://play-lh.googleusercontent.com/-CWFwgQ83PYE/AAAAAAAAAAI/AAAAAAAAAAA/AMZuucn_vtAReSG9u8U0c-gl0H_xVObmfg/photo.jpg,"Great app, but ""clear cache"" doesn't work for apps (with Marshmallow Android 6) . This is due to Marshmallows permissions. I use AppMgr3 for this (it informs me of large app caches) and when I upgraded to Marshmallow, I have to  NOW manually click to clear each app cache due to that restriction.",4,2,4.5.0,2016-10-29 08:10:44,,
gp:AOqpTOEwuKmXQKoVxLHV8Nrfwwmwtp41mVunKKjEbJ_PeypdqUtx06Dv1v7g6o49XhZWqXM0ItcP2kxrjAi_kIs,Jonathan Fong,https://play-lh.googleusercontent.com/a-/AOh14Gi4qIeDuJNYobCEjmOER0S11md8HH8SIhqTK8zdXQ,Im using a s5prime. I thought i had a virus or sth coz i had installed a few apps but when I had uninstalled those apps it was still playing up. I tried searching for my antivirus to run a scan but i couldn't find it. I had uninstalled the auto optimizer and then everything went back to normal. Please fix this. 😕,1,2,,2016-10-26 04:08:38,,
gp:AOqpTOHQ7whO76oVMG__nsvBVdzHCGhEf6YDKefejv-Xzb84vKK67aYf5OaV-tIRjcp-rubwBZTq6f8AvdRYT4g,A Google user,https://play-lh.googleusercontent.com/EGemoI2NTXmTsBVtJqk8jxF9rh8ApRWfsIMQSt2uE4OcpQqbFu7f7NbTK05lx80nuSijCz7sc3a277R67g,"Works. Very well on my old MB860, and my Trio stealth tablet. Haven't tried yet on my Moto A's yet.",5,8,4.5.0,2016-10-13 18:16:32,,
gp:AOqpTOGPEGyeh7uRB9qwqWW8lmKbfuNTAQ_D6BnOVIQyebS785A77MUtu5mCjFUNRFuxKuRLtUmzip1YGMjoYhk,A Google user,https://play-lh.googleusercontent.com/EGemoI2NTXmTsBVtJqk8jxF9rh8ApRWfsIMQSt2uE4OcpQqbFu7f7NbTK05lx80nuSijCz7sc3a277R67g,"I am still in a learning stage, so please bare with me. So far I think I am going to love this app! Got any suggestion",5,0,,2016-09-23 05:48:31,,
gp:AOqpTOG_gXFCZPaWToinTlMDsPfLPl4lx7RuqsWqvVP2UoZ6BUWTMPk_409QV90h0ghrku_Lh5SrOVxh8Fnn7_U,Mark T,https://play-lh.googleusercontent.com/a-/AOh14GjBKheVUqV6zV1gQhaXGEODhN-dlA7XavB1Zs_nYw,Excellent on my Asus Padfone S. Seems to slow down the battery usage even though I didn't switch on the battery saver. I am guessing it is stopping many running processes at the back. Am using Craig's battery saver (rooted) and this goes ever so well with it. Now I am feeling very very satisfied that my battery can last a whole lot longer than using other apps. Seems to hit right synergy for me,5,9,4.5.0,2016-08-26 07:02:31,,
gp:AOqpTOGOXkauY6qm7eak7tLQdsWYZD3CtobbT4GrktLk_BI8zHvpHdhj-f3iEkLSBu1crmDLPQFSalf3o9i0rCo,Andy T,https://play-lh.googleusercontent.com/a-/AOh14GhSehMAqIic511fnkG4y1RyNf0OVAoBOz2KuLelAA,Works in background and keeps the phone clean and on top performance all the time automatically. Its just perfect.,5,1,4.5.0,2016-08-25 07:33:13,,
gp:AOqpTOHZvZhIFC1x_x-G7WihOiq9weL4fju2Yc75yjq9c5BCgJU2V1Uq6fGvJkzUEMviiURI_pkBcC_LfLwPxok,kevin jenkins,https://play-lh.googleusercontent.com/-x2fq2rgh3Eo/AAAAAAAAAAI/AAAAAAAAAAA/AMZuucm14310RxXmVrEbuzMsFdpEVyTRSg/photo.jpg,had 4 different apps doing the same as this does. well worth the money .,5,1,4.5.0,2016-05-27 12:48:01,,
gp:AOqpTOHx-pV389o-lI79zOPgK38CTiFQ3XWJGgyc_XXxYheBJyKi2uO0kiPsN8oNsC5vFbI_U1wBkP_sBI84nGE,Conrad Brookes,https://play-lh.googleusercontent.com/a-/AOh14GiM8mnZxMkFOjcE8B04a4AlGauVh2ifzN255W9UMg,The best ever. This app do what other claims to do with ease.,5,0,4.4.3,2016-03-12 03:19:51,,
gp:AOqpTOFOa-24HhqUZ1KyCYi6QPtaY_Irb02MBcATFK7KejtPYHGsbw-qVMXXb-XhkulEx8iuFAA8HtUAhiFkmTo,David Pierce,https://play-lh.googleusercontent.com/-IWmCz2jhWyM/AAAAAAAAAAI/AAAAAAAAAAA/AMZuucl1BqsDItB5jrh3oC3n_zu6KBgtdg/photo.jpg,BEST,5,1,4.4.3,2016-02-05 18:35:30,,
gp:AOqpTOEx12PR8Gf4Q6ptMP1s6moUB22SUqDMw_VPviiB4z2LKVA0SpZyUenL8gdAmsTKpsMLffftFL5Dx00YNSo,Mr Quileste,https://play-lh.googleusercontent.com/a-/AOh14GgdxSQLB6Mw7lTnMqDQNRu7G0eRE6WeKZ0GDX4iCrk,"It freezes my phone all the time. I don't know whether its because it executes quickly the processes tht makes my phone unable to function and lag up or it killed a particular system process. Please fix this. When I leave my phone in standby mode, minutes later it was already frozen. I am using Huawei Ascend P2.",3,2,4.4.2,2015-10-11 06:09:37,,
gp:AOqpTOGOgOMGgrgccqMxBa_WDf4dELHEDEfuGR523XMHBcvleZFqhBat33epA4rIlKIR0MCE_0oqOKZV1ed1U0E,Thomas Perkins,https://play-lh.googleusercontent.com/-Cn42vZVhVvQ/AAAAAAAAAAI/AAAAAAAAAAA/AMZuuckMTdwavVUDjIT-j7L0zk9Zxc0Hdw/photo.jpg,Booya!!! This is the only app that will slow battery consumption for your HTC ONE M9 even as you are using too!!! Don't be fooled by the others this is the real deal!!!,5,3,4.4.0,2015-09-09 14:09:32,,
gp:AOqpTOFl8XErq29ifKwfYZ7Ya2lJmRJc3-eO4eXvdEHaIRJg3wBKeknFKArJJiXf6fVW5mLy_RRz7y0T4lHjf1Y,Joleen Koay,https://play-lh.googleusercontent.com/a-/AOh14GivMqfDCByeh_G7ZSTjiHI3uLZ6NojWd8vmsQC89Gg,Glad to found this. Works well in my note 3. Keep the phone runs fast and smooth .,5,1,4.3.0,2015-07-22 02:01:25,,
gp:AOqpTOFDpzkac_3JEUWyATt-WOiVNq0D6HTXrWfgvjS99F-qdL35oi1Z1jcgv7hodzM5ERzNaSbVJTbQnzCCq4Q,Stephen Barnett,https://play-lh.googleusercontent.com/a-/AOh14Gg45V2R-GTpDJoQ6MYjkkILiIWMTvd-OfQSofQF,So far so good with this app. Works well on my nexus.,5,0,4.3.0,2015-07-21 08:44:45,,
gp:AOqpTOE-KXWcNTOsXMGcyPa3gN_RR054eLLbwBNmd-Qnx_DVvtnn7-zk4FkhN5kk82J4MVjjExl14ypO3LAjX6s,A Google user,https://play-lh.googleusercontent.com/EGemoI2NTXmTsBVtJqk8jxF9rh8ApRWfsIMQSt2uE4OcpQqbFu7f7NbTK05lx80nuSijCz7sc3a277R67g,The best optimizer on the playstore been looking for an app like this for a long time. It does it all.,5,0,4.3.0,2015-07-16 13:00:14,,
gp:AOqpTOHeunUq2lx3s8Nl2_-qpkJqM8hRF-aD-suTCZGDbdypN0nJl9_ctjQ0KVRwVsDYhaPUk9DwmWi-eupN2wM,Dayanidhi Murugesan,https://play-lh.googleusercontent.com/a-/AOh14Ghra8sgpl47mfy3Hh-fewKR1dvbu1eQuDkMCTQEwQ,Excellent,5,0,4.3.0,2015-07-05 23:39:58,,
gp:AOqpTOHNBYtnlvFJ3ZY5D2Y3xcINt5kU7l6PLxsH1LNSoxpQ6VaN6bbRFP9K4qhak5I7kgdTFO0EPw75_zdorvA,H. G.,https://play-lh.googleusercontent.com/-UZH1-rVHGFM/AAAAAAAAAAI/AAAAAAAAAAA/AMZuuclvDpbjrietZqLhFsNxZtqjCU3gcg/photo.jpg,This program can only clean the Google Android factory app and need to implement an option to disable the service in the background to unload the useless always running app.,3,0,4.3.0,2015-07-01 11:00:44,,
gp:AOqpTOHt4raZdoT60byLbFcF36dTjNvGTXDHnY3zxTt9M8vM_Rm1xKNpxZ7e8-X903HI33tP6yJ7AJORD2HZs_s,Masaichi Hamada,https://play-lh.googleusercontent.com/a-/AOh14GhqqXqQHgilRK1wBI1uCC8dxFW8po339NRwgU0Y,Great!,4,0,4.3.0,2015-06-19 05:07:02,,
gp:AOqpTOHPw54SV0Um4B3I1rLNvTrd0QybzTEcyu2xvCwyDKP9cAuvI8QiJxPfuyI81Xq_NqbmUbEN5RGxXGKf920,Jose Villarreal,https://play-lh.googleusercontent.com/-xM9Jrrh4nbc/AAAAAAAAAAI/AAAAAAAAAAA/AMZuucmd_vLTUZPItZBZRtfB2EaXI1pklw/photo.jpg,This app works.,5,0,4.3.0,2015-06-15 06:40:52,,
gp:AOqpTOFSbGOftydsj8lNKKeBLK4eh-zg-nK7taJpg2c7r1Cxw5_Al63wY9Ksq0iSLYHth24EAy6YoT_KcKew1dI,mhd fds,https://play-lh.googleusercontent.com/a-/AOh14GjJ4_eNS0DwxiEMzTMxSi-RDIAZR3WAd6wwhHNoZg,this app make my phone smooth give 5☆,5,0,4.3.0,2015-06-14 05:28:11,,
gp:AOqpTOGlp_Qn1a8taPoh5qcx5AJ9tftgjp81BVKJYyLXLVqwvrdrqRX_PzXX_NpnZFlfRBTOvS265wQuOc9mIDE,azhar mohd,https://play-lh.googleusercontent.com/a-/AOh14GhIZdRQNAd3WxfdT1CXjqA29yOy_zMIcitpw3djBDw,"Gd App,  highly recommended.. 👍",5,1,4.3.0,2015-06-10 23:34:30,,
gp:AOqpTOEWeVlKLaErpvsSyYVm1Y9p4kVL_bdKR_BUZQywIWXutVtdmMkYA865I_iOZY-BHJFQ2G3d583MfPAddSA,shawn adams,https://play-lh.googleusercontent.com/a-/AOh14Gh8aDnBXWLByHJhHXhfwxQjf6PBzg3QRmhCpPkV,Love the app and its great value and money well spent. Be great if some of the stuff worked would work with lollipop firmware version,5,3,4.3.0,2015-06-05 18:08:39,,
gp:AOqpTOGxn9NCJH3VcBPdX3rLPIMZ7iSXE7Ql7Tm7bDtnpGELb_CvKYOOipwQ1laI8SmXgmdYEQ_eUOy7KbRlrXM,Yi-Chieh WANG,https://play-lh.googleusercontent.com/a-/AOh14GgVdrwtRmRZzOQq7wzxMGTpgFTDmodM2TokZMwvHA,easy for using,5,1,4.1.2,2015-04-10 20:29:07,,
