reviewId,userName,userImage,content,score,thumbsUpCount,reviewCreatedVersion,at,replyContent,repliedAt
gp:AOqpTOHkKbvUfGya4hZ2-UC6eENDyhf1akGvPo-UEj5ltQlrUhubyOmtQQzfaRUmmnCGvyULV3DcfzptPqGp7A,Roy Sizemoore,https://play-lh.googleusercontent.com/a-/AOh14Gh6hBnKl9ZgtTIKt03-H0EeViWUZhNGiVCbE-h8Ow,Works great with a 5 month old new born,5,16,6,2020-10-30 11:40:39,,
gp:AOqpTOHaBTVtgj5NHhSoDhoIkCNLQbTXLSRtlxDOlvKxxnNog2zwevMJ2R2gF7ULn6-RAnmA57_DeI1IuJyvaw,emma Shillan,https://play-lh.googleusercontent.com/a-/AOh14GhBpbZqa3QDn01Lkx00iX7aeYXaGfzZEuZApTs6,Not happy paid for it to be unlocked and it just crashes and closes all my little girl goes mad,1,53,,2020-04-29 07:44:29,,
gp:AOqpTOFh6EnLNfVRA1b7N8eP-F16mzJZ3Sf2OzD0D5IYsSutZLYBzVG9gwob2iXZQkg4lQkD7c15XPY1xW61Ug,Daniele Marazzi,https://play-lh.googleusercontent.com/-7b7x_1-MPTU/AAAAAAAAAAI/AAAAAAAAAAA/AMZuuclHssrV22k8T--v3NGMkxwzPxZC0g/photo.jpg,Good,4,12,,2019-11-19 10:25:49,,
gp:AOqpTOECRYdabkeFn7oyuulLZ8ub1SrSffaex5D_2R68S4okHgdatEyMSLQ6pawSiGc9VLsK7PIK_tQf_bJ9WA,maria uribe,https://play-lh.googleusercontent.com/-h9u4vFxubT0/AAAAAAAAAAI/AAAAAAAAHR8/AMZuuckARr8OOAMdqIAa2OIwesVeAiAXRw/photo.jpg,"don't purchase this app, I have tried to open it and it says it can't connect to the service. At first I thought maybe my internet is not enough so when I got home I connected to the wifi and still not working. not even had a chance to played but already paid!!",1,177,4,2019-03-26 05:29:08,,
gp:AOqpTOEcBdOZQ7RPiU-aJRMxrbd8b7DMEYEYjoRF04U0mOOHBYK30fWqZsL7HQ8uvfvD9TixoeDKMA3F7SGfiw,Samantha McGuinness,https://play-lh.googleusercontent.com/a-/AOh14GiqbOJdMKOfvoh23E9we-wcqu0exdKRGfSGO9p2rrM,It doesn't work...,2,118,3,2018-09-16 05:09:32,,
gp:AOqpTOGy4b1JJF7eXojz80ZaySBJLLaGQDxkC7zPBe-mPTRQRKWl9_WbkpWz1ennsudrMM-S7qkEO37x29-MEA,Tasha Marchant,https://play-lh.googleusercontent.com/a-/AOh14GgcJYwitxL3AfSePeNgvYCj1DC5p2QjmAE8Y1IN4Qk,Purchased and cannot get it to open. Have reinstalled a couple of times. Annoying. Usually love Pink Fong apps,1,118,3,2018-08-25 14:44:28,,
gp:AOqpTOEpxor1LZfQS3Zyp2ri9UwCdkEYNkNzTIdxtjVoKkYRqPzpkeMiPBdN6YA4Q9lWhD45xI5uD8mXFr7vCQ,Kevin Wibowo,https://play-lh.googleusercontent.com/a-/AOh14GhmWkaEjLpil3CiS30cs2o3RqXJ8qDbMOLD7JEwDQ,"Can't complete initiation download. Failed to connect to Pinkfong's server 
and was told to check my internet connection even though I am at my house's 
stable and fast wifi. Furthermore can't connect to Pinkfong's server even 
when I switched to LTE connection and to a different wifi. In conclusion, 
it's not the network ton my device that is having an issue.",1,260,3,2018-08-18 02:10:50,,
