reviewId,userName,userImage,content,score,thumbsUpCount,reviewCreatedVersion,at,replyContent,repliedAt
gp:AOqpTOFxDu-JUijF9qGmHt2XReZHHLaoP4mKS9LhVTp9jLxO2XWSt578KTiqwVtaaONHMosz62NoD9As46plCII,Amol Yeolekar,https://play-lh.googleusercontent.com/a-/AOh14Gi0ydAERStNi_DwMY5ddUUJc__RfADuD0XGApArnA,"Airpod pro pop up not showing, airpod case battery not showing",1,0,v2.6.200111,2021-01-01 09:12:36,,
gp:AOqpTOHexltLyou4kq5x3g1T1SqCb23uFaJNOz777h0gA4n4eAQ0KSygTvuI7JFzPWBqkwUmMmTCYII0eT1CiN0,Le Akahoshi,https://play-lh.googleusercontent.com/a-/AOh14GjdvdUs_QHUJ2om6fSqDQgykU-SpgxBpboitcuwKw,"Been using this since Powerbeats pro (yes the app register PB pro) now I use Airpods pro, the app show your device battery in rather approximate way (to be fair you use an apple product on android device). The extra feature is neat but wasn't that great, room for improvement is rather limited due to certain reason (apple product on android device) which is OK. Overall, one of the best you can get to support the use your apple earbuds. If I have to give an improvement, add powerbeats pro pict.",5,6,v2.6.200111,2020-11-09 23:50:27,,
gp:AOqpTOGgfJUnTt_tkA4M4VSVdMTwoqg_Opqcv9AcErE4ufOKaxmujVVXQ35cKQGwDnUtqXr_x3um41P1lFZ0N4o,haresh patel,https://play-lh.googleusercontent.com/-8s-cretQvGA/AAAAAAAAAAI/AAAAAAAAAAA/AMZuuclbmgLO5mTGdMtEGgEnYjh4vqMQ7w/photo.jpg,Ye pata nahi chal raha ki location on kayu on karana padata he????,1,0,v2.6.200111,2020-09-28 10:40:36,,
gp:AOqpTOFzBQ_ywMJBN63pruAOyBTMn265b8GBnJ3T7_CgzpbG-kq0VSxsgWPo-cv-0DsBiG3Zc4n8SRxmGYIRy3c,Hossein Nayebolsadri,https://play-lh.googleusercontent.com/a-/AOh14GgerdyGDeBtytAWcoayrhg38EG6DT1ww5epDkdpVKA,Perfect App,5,0,v2.6.200111,2020-09-21 06:48:23,,
gp:AOqpTOEjyEtcFiyiIPFcLkRHlXrGJ3EXrHJ0X3hb6cJUB0cwGJCNZAKrbWC85QFJZA7zI11QdlK33r7NzsVchWg,Thomas Blase,https://play-lh.googleusercontent.com/a-/AOh14GgjliU28BGZhMKZ1MnvTeQKYrTkbmxbO9EK1t1TUA,Doesn't do anything,1,0,,2020-07-27 11:47:49,,
gp:AOqpTOFWoIcn3sIId7ZdxGBgrf4HqtBezRglgrM8q4K_E1ZrJjFR19DbOpiqvwokjxmBcflM8yM_sbQyv34zPG8,Ahmad Q8,https://play-lh.googleusercontent.com/a-/AOh14Gi8lTBZKS3nyMUJxCA_J-sp48BAF-EPrnA04lwZIg,Better then other apps But not give u the exactly Percent Battery always 5% Less,4,2,v2.6.200111,2020-07-21 14:26:58,,
gp:AOqpTOEvLn_fzrwZVPnaTth0sg0GP_Xk3UFJSOCiNCbIv71yBe2RspYWlgtE2SUch8pGBNbwY7W9xwehQC3AZBo,Sheryl Cuyler-Ebron,https://play-lh.googleusercontent.com/a-/AOh14Gi3xTV2J7i0fJ97P--vQkh0gfi38hdk0tk7X4wkXUk,I purchased this app thinking that I could get read caller only to find out that it doesn't do that anymore so you need to take it off your description,1,22,v2.6.200111,2020-07-21 07:44:59,,
gp:AOqpTOE6bf9D8vTUBChAO3hWdlwXcWyl9rC1HiD3aH1QlD0A8KdMm-nYWlWAXAWo8c7u2Fyn8yeALuLYJKTtsv8,John Paul Anore,https://play-lh.googleusercontent.com/a-/AOh14GgIboqNE3-t-schGS-_cdLxqD8bfwRYNfdhq5Ci9A,TANG INA MO WALA KANG KWENTA,1,0,,2020-07-02 03:44:15,,
gp:AOqpTOHZKxGkNgrXKwIzWTHe8aWiybGEVG8uD6R3x2k1ZkDWXDuhTXu7Xl2smy6S--8Bq0v6QcElOboVNZRky8M,SALMAN ANWAR,https://play-lh.googleusercontent.com/-ffLoFpt-GOQ/AAAAAAAAAAI/AAAAAAAAAAA/AMZuuckMKF2OXft2E3_WsJHyIDHzg_j2nQ/photo.jpg,its not working connected and always showing both pods 100% and case 85 %,1,0,v2.6.200111,2020-05-24 08:59:49,,
gp:AOqpTOEfGdkFvmtAtKmoNtdK0LXE-wdhtGE85JKxN2lWsvd6q0YxviO8AAh2RCakM2FFmTOFwYxdrKmhfvMUo5E,dustin noonan,https://play-lh.googleusercontent.com/-dWg-HrxdONY/AAAAAAAAAAI/AAAAAAAAAAA/AMZuucm1ppl0bnGRpDyyOd-s35seeME8Nw/photo.jpg,Gives you the illusion that it's working shows same battery percentage all the time.,1,13,v2.6.200111,2020-05-14 16:59:17,,
gp:AOqpTOHnAUeh4vsHWZvmT96kL0loAMb9gfQ4UoLAYZkqc2Ag51HQbXx_-g7AIBvnXUgAzwwIRc3GE5kvLeYMa_o,Thomas Durand,https://play-lh.googleusercontent.com/a-/AOh14GjbYl74iZQvDN-TeT2Wfb9nbG6CxNXcDHfFWl11,Wearing detection only works if I go into the app and turn it off/on again. I have to do this every time I wear my airpods.,2,20,v2.6.200111,2020-05-12 18:05:59,,
gp:AOqpTOFvK1S_K8ipkGBOzR7EQ5b-32-xwQuk6Ocf_xaDSNCsjwop5Yl3lSbFwdUiWCzzWdWKr-YhvUNpAeS2T2E,Pooya Rad,https://play-lh.googleusercontent.com/a-/AOh14Gg45z6Wo8rTS9OZLawBkBQicAA5hbb113eP6PENMQ,Works well,5,0,v2.6.200111,2020-05-06 16:51:31,,
gp:AOqpTOGyFqH-7Kd0omF3G7Afku24Y8pcSNnLF2Cw2mGu-N4AxWovH6pa3c5yz8dvV3f6b_JFB_367KJfmHO_NBQ,nelson juarez,https://play-lh.googleusercontent.com/a-/AOh14Gi-xQYsNCLsoSdqgarkLJ0M7fPKj5hWVsQsY5CTBQ,Works as described... Keep going like this...,5,1,v2.6.200111,2020-04-18 12:33:49,,
gp:AOqpTOG-NkbAX-xYCeSlBy_376x7jsj1iwNlYxLEA03G1_tv96LyjjtKewxZza7HZDz7v3GkDtADACLyAysgJZ8,Awais Rajpoot AR,https://play-lh.googleusercontent.com/a-/AOh14GjheT9D2LqE6ovvRJFo6NBmfqjKvh0Oz4QIK_U--Q,This version of software is pretty good .. But the charging count should need improvement .. One more thing I will like to suggest you to add in it .. and it is that add a shortcut of assistive listening feature in airpod touch toggle pattern or in fixed notification during its connected with device and may be in paid version .. I am your paid subscriber ..,2,43,v2.6.200111,2020-03-18 23:28:45,,
gp:AOqpTOGdD0CvIHMTv8BsckldkOt8fVLueZoa_PLrvCMO2p8N2RX3ne6FGug58tTx0gFJ7DvKJAmoTGCZnGnPi-A,Ashutosh Makwana,https://play-lh.googleusercontent.com/a-/AOh14GgiWFvAhdfLzDz_SCnkhGt-UkjewhXDHfXh4H9xEQ,Not working. Always showing the case at 85 and both buds at 100.,1,6,v2.6.200111,2020-03-15 04:38:05,,
gp:AOqpTOE0uXBS0j3BVZjbk1Tl1pvHUdAEo3snABs7jRaWsBiuST4bMRK-TLvIzTTI-rRwH84dy78tZ6nao6LKgrA,Ali Khraizat,https://play-lh.googleusercontent.com/a-/AOh14GimMbr9lVkRTSEWAPTqDCu4PNst82P7qxUMhl64lD4,Brilliant App Works seamlessly well in Samsung devices with airpods gen2. Great work.,5,3,v2.6.200111,2020-02-16 00:16:34,,
gp:AOqpTOEMEVSsgHiOr3NNN2hLG9AyPyIJGfxOQdZPSrK9ZgJuks5zGFzWOzz1NcSGoc9RYkYqt58c8qRMVoCZvBE,Mateykoo,https://play-lh.googleusercontent.com/a-/AOh14GipA_cc--elZJ71FLioRycNO4JouIODnB8hf_qSqg,"It is good, but wearing detection doesnt work for me and voice assist is using my mobiles mic, idk why..",3,6,v2.6.200111,2020-02-08 09:41:34,,
gp:AOqpTOFlYDuJNOEMoMxBmJ6UaN5_VUykczqZfLYzavb_UzwGa8QkOv2Fs90hbsD03GPFXuxaH4dbDHNi5YO04Mk,J Boy,https://play-lh.googleusercontent.com/a-/AOh14Gifjkb3qr7kctlM-yHKGn7_lhHfamiSd3AcA0c2dg,its ok,4,0,v2.6.200111,2020-02-03 13:27:21,,
gp:AOqpTOE0_CypVo7SO_cWRj0O1vTFNXMYhA3Nr7uyuzz90auHfALtw99fP3s0k0-txLEdzQGTerfaZ9OZgalxdp4,Laura Jank,https://play-lh.googleusercontent.com/a-/AOh14GhNVIzwGW0g2IDeInOCaCKV0xwBROAbYHJUATOMKw,Very bad,1,2,v2.6.200111,2020-02-02 08:57:57,,
gp:AOqpTOHi21U7oOZ8ajQHkN6pGdmWYdeEhzmu44Lq2RWWo0n9Wru5nZ8L1ycOJPFob8GjGzay_Uj3OwyrbJun7zs,Carlos Ferman,https://play-lh.googleusercontent.com/a-/AOh14GijS5a9o4opfmvcF4q8AdCJ8rnpt4ICi4FdsheW4g,Best app to used airpod on android,5,0,v2.6.200111,2020-01-26 22:27:42,,
gp:AOqpTOGixpkjeWHdeMRmgk4KU8qPRdUqkVuGlXlw72gwdPrSQDY89OCTxtTnRaN1nLtbJ67Fsn22xy5nZUTIeYQ,Karl Beaton,https://play-lh.googleusercontent.com/a-/AOh14GiQT6_I5Sttde8cnnuK7c4YJnfIvVFfT9HxVoBojA,On 2nd gen airbuds it does not work. Waste of money,1,3,,2020-01-25 10:51:30,,
gp:AOqpTOHEBHx9iR99Tp7lvk13rVb904QECERl__1QHuU0b0EwzM95TxLLOd-H9hEzWdvfR87dEeEdh1gb1VZYqbw,Rino Purbono,https://play-lh.googleusercontent.com/a-/AOh14GieYBIB7fQhRoBpIUofvYi9g6O_X7Z93atciLKR,Not calculate battery with accurate,1,2,v2.6.200111,2020-01-19 05:31:30,,
gp:AOqpTOEjYPHEjROYreFaNe7-ixV1ipzCkUjiWlY2Ko-yNNzTGQwL6r0MN4DjXXPIwI44fMZarjnWOpP_-_-Dv94,eanrum un ninivukaludan mathuma naan Nifras,https://play-lh.googleusercontent.com/a-/AOh14GiOPKFEjJsF5hvsAbK2N6Pfv32BUV8juKne3yGI,Good,5,0,v2.6.191208,2020-01-09 12:37:43,,
gp:AOqpTOFkjoAWC_v9Af5rejEgKXo1LsiJPUTYiEUU7QHJC9rUzDqRXKfh27XLL942kaIyRILFfHt4O_jY053U094,waleed salama,https://play-lh.googleusercontent.com/a-/AOh14GhSGHSAWJl1x_FGU0i2kRqqjlaGbOsh418QmJ99aw,not working,1,4,,2019-12-19 06:10:30,,
gp:AOqpTOFcyQxWEEEKvEGxkvI9vXaGvmuVE6VWnX_ILdHI1ewtbnU54Gx5EryT11iSvTDWvUWP-JtWbfJQiWw0_Is,Patrick Ridgway,https://play-lh.googleusercontent.com/a-/AOh14GijERtnGk6iIPswHDOoRVD4aseGZCap_CohE56HpQ,"Excellent app for use with your Airpods. After moving from an iPhone to an Android, I was left frustrated not knowing the battery level of my Airpods while using them with my phone. With this app when you open them up, the apple like screen popup menu displays with the battery level and after you dismiss that, you can then find the battery indicator in the notification panel. It works really well and I consider this a must have if you are using Airpods with an android phone!",5,11,v2.6.191125,2019-12-08 02:30:43,,
gp:AOqpTOExg8nOJ1u884A3_IMYHV_rSEeL7fcF_oAxzojSQc3wQKV4grt3CGpC_vDbekNrmH_f6G7qgEX0U_Sk1Cs,Kalvin P,https://play-lh.googleusercontent.com/a-/AOh14GjaAPpPdoHp2ElVmQDVzK3vTaHUDt73xCPHTLCBFA,App works perfectly,5,1,v2.6.191125,2019-12-01 16:19:54,,
gp:AOqpTOG9f5aYXTD7M-NLAXE6yW90fxwNaEb56Z-PGNtDtm05y7cpgpJP3SLY1z7Cc4A0qCk9JjpkPCIf3Z1U5QU,Andy Albino,https://play-lh.googleusercontent.com/a-/AOh14GhJYYSlHsYuPEZ415KRPbxzVOpkWG2Rb6prCrDaSQQ,"The app is ok, ive had it for about a month. I dig the assistance listening feature and very simple non invasive app. It's been accurate until recently. The air pods are showing the right percentage, but the case stays on 65% no matter how much juce it really has. I've charged my air pods and case over night and morning. And just updated the app. I wonder if any of it is accurate? 🤔🤔🤔",2,13,v2.6.191125,2019-11-24 11:02:59,,
gp:AOqpTOEgnjGgqgPaCSCnTYPmQOEDyDzyLTD0rV02NvBihJhFwiNuVq7aPLIWSs307pQYOb8yuAoII71I7L83eIA,Fuzse rob,https://play-lh.googleusercontent.com/a-/AOh14GhDYy7toT9e1rLYImmxsoMZh7x3oe-f2dXKq2V5VQ,No pop up Nothing works and when my 2nd gen airpods connect nothing pops up,1,44,v2.6.191116,2019-11-22 12:40:30,,
gp:AOqpTOHu2x8YnCNTooStyZXwhSS_nxNuJe-uxEBD6jaTOxbJOti6o6kfVBHreHPRGbA_siJBWoc5tBu3zoo1-YY,anand jaiswal,https://play-lh.googleusercontent.com/a-/AOh14Gj-pBv3RZkaQprbTOjEoi-xpDniXyoLVzBWNuh-vA,There is not showing battery level of airpod case nd the buds of Airpod 2nd generation with charging case.. Please fix it,1,2,,2019-11-20 20:17:47,,
gp:AOqpTOGw_ra-tA659E7JSoufuQzaymWzqeZUQqZiTSqgKspSsv8Z85IhGP3IPDOMqT0E7F5fpAArRnbmaPimkJM,akil gittens,https://play-lh.googleusercontent.com/-B7YOOWA2EXQ/AAAAAAAAAAI/AAAAAAAAAAA/AMZuucna07MfkPFQVMpPcffz1o1cGobPBQ/photo.jpg,This does not show battery life or any other info on airpod 2 just shows that it's connected,1,3,,2019-11-17 07:39:41,,
gp:AOqpTOEkLrlDszxIKbQGL3hj-wsYwaKoReEmiL5qJU9aQ5jh7LLWizG43P6cUSXVBwCSaJRQqYZyo93tDrBUPFc,Ronald Diaz,https://play-lh.googleusercontent.com/a-/AOh14GjnbNuLPDAA8-aBBRqg-Sa3D0_Xr_anFdAY3AcCsQ,It does not pop up as described,1,2,,2019-11-16 20:44:33,,
gp:AOqpTOHPZ8u5iilOKLZaVHC1gczk0eVSJE_XvgOTGykfRhyyHLbkG5YcW6BL_UwzVJd8LxaKjszwyLetmRVd1Kk,Edward Caldwell,https://play-lh.googleusercontent.com/a-/AOh14GiwyvclwUQkCxebOEXgjvcbNtaP195ZC9Nrd6KphQ0,Good job guys thanks,4,0,v2.6.191116,2019-11-16 04:36:38,,
gp:AOqpTOGnjc1ILOorNhUUvEqdaWHklpQKdr1C1mncjW3TOXBDS2XnUcmjmI5p0XyFqZ_TzoCeqjoPLI27grHJulw,flight Аllowed,https://play-lh.googleusercontent.com/a-/AOh14GiorUpORjurEhO4Rw6GU3xGYf_C7VExe6xvIv6fSA,"i own airpods 1 and 2 i've tried almost everything in the play store. I want to tell you that this is the best application for this purpose. last but not least, the app is optimized and does not have any battery drain",5,4,v2.5.191114,2019-11-12 22:39:32,,
gp:AOqpTOFLkoyEppmpP59KPdWdhDUXeioFC5hopbB3ox6EjxZTS7-DqophH-CTjGWem2l2H9lwub6_4DjzLNHyP2A,Chamith Prasantha,https://play-lh.googleusercontent.com/a-/AOh14GjO4YaX8_zu5f806zv-Q4NTxwqdRZEwarGyZrjNjw,Can you please upgrade with airpod pro version. Not just only the pro image.,2,4,v2.5.191110,2019-11-10 23:22:12,,
gp:AOqpTOHJa4Zt_B-3zoG-8VbRgGDGnqDagJIhdBXBTDBKMlfV5Hc-0lzzJGlTN_iG54Cj4tEmB05t6NT9aTmQmEg,Jakub Holovský,https://play-lh.googleusercontent.com/a-/AOh14GhDhGdj91rE6f6k1raO10aPdoM8PIBOW8zl7yKQdA,Good app,4,1,v2.4.191106,2019-11-06 11:54:16,,
gp:AOqpTOGwUFMFlgGrsIafVP7LIlSJDiOdQIbtrcEyndBvEbavPDLTVbo5PfNeOYzpWrXYqgmPNpf34JazkUvVpaI,Aaa Zzz,https://play-lh.googleusercontent.com/-BCETGCe--zs/AAAAAAAAAAI/AAAAAAAACeg/AMZuucl5AGtPOxemOSjFr-M2zroLdEq16Q/photo.jpg,I paid money for nothing .it is not work. My phone samsung note 10+,1,1,v2.3.190424,2019-11-02 15:10:49,,
gp:AOqpTOHWhWlx75xI1YAyGEwcjE9RiHNL7D9Dw9Tfdl83neCgCaageUfLa32-sn_Ll0ZLvpJO0_mb7AwrpQxnkzU,Dave,https://play-lh.googleusercontent.com/a-/AOh14Gh2fje_WYioZtCB1FGWswyjGqeO8fT1vdGrl4hEBQ,Battery level detection is unreliable,3,0,v2.3.190424,2019-11-02 12:10:08,,
gp:AOqpTOHLef2IkHCHZT3Xu1pn558OPtledWIMEObfWS6mFSvpbjKTzYGe8cmyDTANGBZZjbtfP7u5-U0-GAkj3cs,David Emshwiller,https://play-lh.googleusercontent.com/a-/AOh14GgYywyuvTvmJKB3it7DL5lM9nUWJwZnrpkY3VFJhg,After charging my case which is now 100% still shows it at 85% also my airpods at 100% which is now lower please fix,1,2,v2.3.190424,2019-11-01 16:06:51,,
gp:AOqpTOFGvpeW8z71VJAoMff6FCzoq8jS3-NK6d_bu6bwRkssFmM4k1jBoqycd8edx1U7jkNcePPG5uIbEdrqGSg,M J,https://play-lh.googleusercontent.com/a-/AOh14Ghl8hkT-F7LODpj15NGOxMe5Ml1Wr-qhUBnPQrqRA,This is a wonderful app & thank you so much for making this. I have an Android Galaxy note 8 & it works perfectly fine. When I open my airpods charger the app pops open & tells me the battery percentage for airpods & airpods charger. Thank you & I was happy to pay for this great app. Keep up the good work.,5,41,v2.3.190424,2019-10-24 12:09:33,,
gp:AOqpTOGHTmlLSSD6KB4rT-5wzj9r4ek3--bzB0UlBM0I44A58nWZ8uXaq4gc70BLK6Au_qCRPH1wnEcQ-LzgD3g,Shafqat Ahmed,https://play-lh.googleusercontent.com/a-/AOh14Gg0V4FBmwNZPxn9DBuN3ukfs08TkXiXxw3Yar24Lg,Didn't work,1,1,,2019-10-18 20:37:22,,
gp:AOqpTOGPOA-7Z4-uIVv96wAcilyqiI3DHYzi-71kkNmza0snZdDUCWwfVlJTdgdPv7sq2gpycydt3TGxYtL1o6c,Djad Trenerry,https://play-lh.googleusercontent.com/a-/AOh14GgYwerW36jZIU9bQi5GFG-DTB6hzl36hdzYYdu9_w,The app I was looking for! Displays battery and case info and shows apple style pop up when you connect.,5,3,v2.3.190424,2019-09-30 05:00:13,,
gp:AOqpTOEKuAL8KqSSXSr5QO8DXPhT1nwTk8c-SLsbrNKT9dbTzpL7D-0MfarO-ua_nLe51RuwEzRrQamm99uEI9A,The Micah,https://play-lh.googleusercontent.com/a-/AOh14Gj9nA294xMh9Cctcb6ZMTej8QKYvi-sGZ5J85O_ew,"After 4-5 months, the AirPods 2 support has not been updated to be more improved. As of now my Airpods 2 are pretty buggy compared to the first, including not displaying the battery of either the pods themselves or the battery case >90% of the time. I look foward to more updates soon, as i would hate to leave such a poor review for what is arguably the best app for AirPods.",2,4,v2.3.190424,2019-08-30 11:21:14,,
gp:AOqpTOFb_3NdyZAAtxVPQQtKMUF6CrHyItE9K7_VjeoRqODPzp-061Xd0XdnHffKJk1vj3hIf2OrSlP9MD1-ANc,Ahmad. Almarasy,https://play-lh.googleusercontent.com/a-/AOh14Gi8XqdU0Sx4binxcucqNItl5ba0Q8cZE2v4NxPC_A,The app is good but they said they would show us the battery life in the paid version I think I'll refund back my money if they don't do anything bout it ( I have airpods 2 ),3,1,v2.3.190424,2019-08-23 11:48:41,,
gp:AOqpTOF0r6IgxnrsHqmARZ3BFzIMQtGOX6HTGfI9r5QaFyUI8Gk5ftoREjYgWDaoohivcR_J2Uv1pCWXvZuxYp0,Billip9145,https://play-lh.googleusercontent.com/a-/AOh14Ghe4GWlNAg9gsqi_Vvs4Zn3qEPOKnclWCVVfSsWmw,Pretty good.,5,0,v2.3.190424,2019-08-20 17:31:52,,
gp:AOqpTOHMiNIB9p0a4fy3eIgeBmbHkmhjbpKDR7UemQoAHewBREhymcIULXIlCkNdpXhqRbg2eq-KPGbn8kNwBWU,Esdras Rodriguez,https://play-lh.googleusercontent.com/a-/AOh14GhL9ht1RHt40sSoNYzxdLuR8IXJ-H7LuannaJP18Q,"good concept but didnt work for me. I have airpods 2 , my fault for not reading so gave 5 stars.",5,0,,2019-08-11 15:53:11,,
gp:AOqpTOHawiNuvFmZzUsyyTFJrQ1aOhtf0UnWR4LritFgwcmnRaag7zuq7bFi0NIfjf-2VDa9X8lg8oQJ59iTSJg,Wellinton Valdez Rubio,https://play-lh.googleusercontent.com/a-/AOh14GjUGUCWTeaM9s-uJ-VMizEr_WHj4hJ4dqXU_D8IQQ,good,5,0,v2.3.190424,2019-08-07 17:30:02,,
gp:AOqpTOEpyPTVIILofxyo8OkvIPTlqJOwWgP_05xG9Yjx6k6S4WpdTH0JB2_1Z4HxlXUPixV1aCw00CXIxfsFAwM,Father & Son Gaming,https://play-lh.googleusercontent.com/a-/AOh14GhITi8-MRkaQF_YDwr-XWsxHA_VMonzn5oikuHHOA,not showing the battery percentage,1,0,v2.3.190424,2019-08-05 19:08:15,,
gp:AOqpTOGtEZ-dFX1VBMhbyMeVbViaIYdfMDJuLqNQYpjJ4lOJLYc2KrGzihGceiwaiMa2U1DpqyiQOENZ1c5x1Cw,King zip Almazan,https://play-lh.googleusercontent.com/a-/AOh14Ggy7kKpVuy5Qo9GagHYJ7bn0p5d-asu2EdBOK-ihg,i like this app but the thing 8s that the wearing detection doesnt do anything. I know it experimental but how am i supposed to experiment with it if it doesn't work,3,0,v2.3.190424,2019-07-25 15:38:13,,
gp:AOqpTOHMLicKsq-2Pq7_XNYUFDnO-lf9sMjBX8oR5L8UcQIGHtvANFuijNKND_3YsRkV8u6Egq8abRFM-2Qtg1U,Aran Collins,https://play-lh.googleusercontent.com/-wCJB1yL8kHo/AAAAAAAAAAI/AAAAAAAAAAA/AMZuuck_fTX-K6i24CK5Ar9_-L2tiFAYUA/photo.jpg,"a waste of money does show the right battery percentage, also doesn't pop open the app when you open the pod case. nothing like the ios version save your money",1,0,v2.3.190424,2019-07-25 14:39:42,,
gp:AOqpTOGvr-Bl74YeYQ5Xg_nDbzBVEV-UyhYxOig52Ica31gaDJrBQE9M_L-Xdm1wF6xcNR_5ujRMt-0JRZzBC4E,White Respect,https://play-lh.googleusercontent.com/a-/AOh14GgiJekGx0iXbB7FnjoO2oZ26hzPtg8OB0tI3abfXQ,fake app,1,0,,2019-07-25 09:40:15,,
gp:AOqpTOFvbikhbXvxwTo6YQcy8DQA6Wl8Chn9vSx2A9YzvB9QmF9hwscouB7hWe3tgUBXTKsr-allSnZfo6wPXfU,B Kirkland,https://play-lh.googleusercontent.com/a-/AOh14GisxsgZoCPCrHN0vHlZqJmf7cliWG8AUp7ayE0H3g,Refuses to show me battery life so it is a wasted app,1,0,v2.3.190424,2019-07-20 12:04:37,,
gp:AOqpTOFR07oqkch1eURPpvZP2zo0H4VlB0tFp0rfu207zp5HWTet7wS2jCtd8jlGKFxjY5fRorEwqVPDtLdeTno,Skidwheels 12,https://play-lh.googleusercontent.com/a-/AOh14Gg9V256nUOIqoXubB543BZ39N4NvVfayH-9qGfn,"Doesnt work at all with airpods 2, shows 25 on left and 75 on right even after a full charge. when this issue gets fixed i will edit this review to make it higher but currently it doesnt deserve any praise",1,8,v2.3.190424,2019-07-20 11:54:12,,
gp:AOqpTOEv--M0DmKmEyL9CDalvqqPDiXPwbKZ1cWyOyc7u1j8igXYiwPiBzlFC0KuWSECv0TFgY_8eOQ02P6maAI,Nehemias Moreno,https://play-lh.googleusercontent.com/-GJTGYfTCxIo/AAAAAAAAAAI/AAAAAAAAAAA/AMZuucnXy4UTfE8SQB8YYcUHET5faeaA4A/photo.jpg,"no lie, I've bought many other apps for my airpods first gen and this is the most consistent. can't complain but it would be really nice if you made popup gui better quality or different because it's not my preference but five stars, keep it up.",5,6,v2.3.190424,2019-07-20 09:38:48,,
gp:AOqpTOHUKce5nOpM_DVEjQjV48dQqJKs-nJMzXI3z_adNTrYwiAxwAs8je-MrluOdGMAXy5MlyepOUenTOO6tps,Jesus Maldonado,https://play-lh.googleusercontent.com/-j83D6HhQQ4I/AAAAAAAAAAI/AAAAAAAAAAA/AMZuuclSDoFN6EQucHtgSbxh0adUkzHJ0Q/photo.jpg,love it. only things is to add tapping gestures,4,0,v2.3.190424,2019-07-18 23:16:24,,
gp:AOqpTOGtgw9suExwcDxe7OYhrmD9_iUsGr-g-ORRZEujmYCtIlHDsq-6--NCFc91UVX7BrCVdD4yDj0gEMC9x5s,Ilie Agrigoroaei,https://play-lh.googleusercontent.com/a-/AOh14Gjk1Zueh9ACFIIuMYkSs4MfIlveiuk6tEMfr0N6Iw,"Works ok, but has problem with showing the correct battery percentage, I just took them from charge and shows that all are 5 %",3,1,v2.3.190424,2019-07-17 10:41:40,,
gp:AOqpTOHfth6gXuSiJm-vCTdSaPBI895o-4xmklSdu0ZSP0uEpIlqMXmgaqBrExpYY162zElAvb6d0W3lkAeM954,Felix Dalguntas,https://play-lh.googleusercontent.com/-enQeoIBYviI/AAAAAAAAAAI/AAAAAAAAAAA/AMZuucnWVbIb2gVmSn6NqrqhZG8Fon8jdg/photo.jpg,this app only shows 85% on both pods ITS USELESS!!!!!!!,1,0,v2.3.190424,2019-07-16 12:59:13,,
gp:AOqpTOFubPVXIFT1oaNTL-dwVBhGL1L23V-3DMPjn4akquq9pwzjyV9PXqi3eJgPGa4M8Q4EJtNsSj5FkuMJDQM,Clinton Moraes,https://play-lh.googleusercontent.com/a-/AOh14GicpKqeNAAO0aFnCHE7LwYjMc8EVc76yeG2mPwqQA,"it does not show the accurate battery percentage on the 2nd generation airpods also the airpods on the right keeps showing 15% even after a full charge. I feel like I wasted my money on this app. I'm hoping for an update from the developer to solve this problem, and maybe than i can give this app a higher rating.",2,50,v2.3.190424,2019-07-10 03:35:20,,
gp:AOqpTOHCzTh4FJG9AvC_o6A34bOX8YqRwdsD2vIiZyWZlSJrtkEBIy7Gx_n1fLbcSPRT-9yKVZWbQznytra_xBU,Dr. chetan sisodia,https://play-lh.googleusercontent.com/-uJ9jQ0PRM7k/AAAAAAAAAAI/AAAAAAAAAAA/AMZuucmiJKAwtbguv6M1XQyZ6Nv7z7yyRw/photo.jpg,"this is simplest yet good enough.... few features missing like tap settings customisation should be included. also the wearing detection is not flawless , i don't think it's even working with my 2nd gen pods.. many times pop up and notification bar info. also doesn't show up at all. so i have to manually open the app then it will show in notification bar .. fix the issues..",3,6,v2.3.190424,2019-07-09 20:08:39,,
gp:AOqpTOGoQGMSeAlexNvVF2nzQEG2UhAtBJWizJ8YPVYZ9MtlV1PUIm7ax2PdWh5eiwTMM61f0KZbpelftEs2bGs,John Ramberger,https://play-lh.googleusercontent.com/a-/AOh14GiOF9GbGYlGHMW2XAZcDywZWcKmioAWO2VjlpNpLw,works well,5,1,v2.3.190424,2019-07-08 00:56:20,,
gp:AOqpTOFyMRIiDOYQOru7HRb6aoBiwF4EisJEV2m9qNIYju-z__gF-_y1rZYDeIEVsDA1PooUlArzuWelje0OAHY,Ahmed Farah,https://play-lh.googleusercontent.com/a-/AOh14GjrVCMMH93DXFljAlvt6Nkfovyw2QZkHCK_mUGBhw,"Do not buy it, it does not work. fraudsters",1,0,,2019-07-06 15:47:25,,
gp:AOqpTOH1etJHEKd-tPWaSpAkUYn8ZHfGvOlayAnbnP03ZssX7NgB-LTvhBj5vFl8IiADec8S3UHToUi7jW89CtE,Ivan Gunardi,https://play-lh.googleusercontent.com/a-/AOh14GjNEhdMkw9uLGzIOOxafcsizpVYYevCBo_DJZJ-,the battery percentage not showing up in xiaomi mi 6,1,1,v2.3.190424,2019-06-28 03:58:30,,
gp:AOqpTOHKYpP9rpnu7caDE-PWy3rZyGNQ0i7A1x08y43ncl9F0pkghw2MnYeG5tuavsHMMbOqX51d5c9Kcj4Xj7s,Ehab Daoud,https://play-lh.googleusercontent.com/a-/AOh14GjUJiO12y09EPUoxlv5IwPdLpBZs6xhErpQ2D9CmiM,"They made me buy the app, to get more features, and when i did, nothing was added. and i dont see any status of the battery of the case. i dont see the battery status of the pods. i cannot control anything from this app. total loss..",1,33,v2.3.190424,2019-06-28 00:30:03,,
gp:AOqpTOEOubmfw3ihVAN-QkBQ0Y93eWJBbvxDGz1N_Skwj1QgxamvCpq5Z3fXf0jRzMlX130I2nLJjLMUJgTdUTs,keon cao,https://play-lh.googleusercontent.com/a-/AOh14GiyXSH-Xmvfu6nfitvo24-eDc0-lexKwSJxfnfnFg,it's good,5,0,v2.3.190424,2019-06-27 19:33:11,,
gp:AOqpTOGsRjNSEncy9It54Uy37tRP7p9Nberwg2eJNpzdbCY8kHb6sfwbHqDhxucobslAv0URAyC86RuVtTOgoXA,Dr. Spicy 5360,https://play-lh.googleusercontent.com/a-/AOh14Gi1-nL0y0BE_VCU5PAuJlh6LAelYsCSXPu-fukHQg,didn't show battery life,1,0,,2019-06-22 12:54:18,,
gp:AOqpTOGk0XaOBdWFQTu4M4Tp2_T3z5XS6S7mXsbBAfsa2YL4GKTI0P5430kvuwioZ4LJgbS2uX8fuU5u6E18v7U,R E,https://play-lh.googleusercontent.com/-xp-EvDA6hWw/AAAAAAAAAAI/AAAAAAAAAAA/AMZuuckn5eWN0Ali7gOACtlat15n4TJ2CQ/photo.jpg,I never really review apps unless the app is total trash or if it's flawless.... This app is flawless with my Gen 1 airpods works perfect.. Thank you,5,1,v2.3.190424,2019-06-19 10:54:52,,
gp:AOqpTOEdeMc-by4uMqEX7YsEduuG4YS-6OrdmkwOWFaujtnOZouJy_Xbf6L0uKM9S5GLBPz79IWMkP-MaEvvdE4,Ricky Michelena,https://play-lh.googleusercontent.com/a-/AOh14Gi4gFizQgAeBvjTee7xV6kXKA7dg2ZccR6kYKj2,good,3,1,v2.3.190424,2019-06-18 01:53:41,,
gp:AOqpTOET-rRckwpNjtIZXg8GHc5uryUxO-O3EgEqm68BtVWDmsK8MXxK4mYjlrDlk4kc_3RjEj6k2pGYi449HPQ,master malik the gamer51,https://play-lh.googleusercontent.com/a-/AOh14GhDJvimvYbe1bIaLHR-BKOg1XMi-p2U57Mj24kf8A,i had this app for months its really great and working well,5,1,v2.3.190424,2019-06-15 08:38:31,,
gp:AOqpTOEXxQkyExGrRisKsQdz3eG6RVDmiVC7Ln-6gXNRUyp_JBZwL63X-TYHS-x96D_nYUAo5lDfBsskNdQ7A34,George An.,https://play-lh.googleusercontent.com/a-/AOh14GjgFFo60-sNF7TYdRyFDUTRyFH7P9inQ-3NE6CJbhA,The best app so far Will appreciate if you make a feature that triggers pop-up if case lid opens/closes,5,0,v2.3.190424,2019-06-14 09:14:30,,
gp:AOqpTOFefviNJxGIjsABNQQq4Bn3RQHgIBbDDFUK2uzLuC8ebVnbGDK3_xfVhqSyH24rzhRPPOzANrdP27k4-BM,rahul deb,https://play-lh.googleusercontent.com/a-/AOh14Girlj_11SiVCCjKFfZd6JyuAXlxjNbQUvPCI7V4Nw,airbuds are not popping,1,0,,2019-06-13 09:04:01,,
gp:AOqpTOHjCzC70j2qa7srXns9v9c_zgMFJXD-ivRyb4ui9jc-KMvNQn1cDIQSTuYwExo5nzrh29WnLpVlo2HKYQU,HeonYoung Jeong,https://play-lh.googleusercontent.com/-4CdC6z1XZN4/AAAAAAAAAAI/AAAAAAAAAAA/AMZuucmnwOEVP3FvwFWagaKg2oUDAK9lWA/photo.jpg,"배터리는 잘 보여주는데요, 착용 감지는 언제 업뎃되나요?",3,7,v2.3.190424,2019-06-12 10:17:12,에어팟 2세대 지원을 위한 핫픽스 버전 출시 되었습니다. 다만 에어팟2세대의 반응속도가 매우 느립니다.,2019-04-23 18:47:08
gp:AOqpTOE1UW9tnRMJvxWuLWFEweviZ-VgJsol5l1SgdXwKscCSMp0dBnamDaFervA5SLiO1jNE79E5VWuvJA9AFI,Mateo Carder,https://play-lh.googleusercontent.com/a-/AOh14GieWHsdxMQ_ob9LtOXA2bWwGyysMurBQQY2LENm,it wouldn't pop up in notifications and it wouldn't let me refund,1,1,v2.3.190424,2019-06-07 20:29:08,,
gp:AOqpTOHeOb2Mzs_9gsRmlXrDXA0ZnjAP0mjohm-6BjCFBRFhr6az5V6_z3I8WP9CoAmbpv2o57CNSIoNd3IB-zE,Mohammad al-Farabi,https://play-lh.googleusercontent.com/a-/AOh14GgdGRnfZx8EaMuFdOlu3b-G00Y6b6IwxYtErlkYXA,"Please work under airpods 2, it's not showing properly, too much bugs I bought premium but I'm not satisfied with",2,0,v2.3.190424,2019-06-06 13:44:48,,
gp:AOqpTOHr2uup5QbggaVZ-zMW0Bago1ZSBagLmh2tb0GSUuRcqN86Wzo-wJGRxtdUo18G1mNc0mGPFW5c_Kg5d0U,Chimito C,https://play-lh.googleusercontent.com/a-/AOh14Gg5mErVwID2jgZZQ4ws54ggl0nMxprtIk_ntgFYZg,"Ear detection causes to randomly disconnect and connect, double tap most of the time don't work. Airpods 1st gen. Could use and update",3,0,v2.3.190424,2019-05-31 06:15:43,,
gp:AOqpTOEPxXcJ0OD8nIPutS1ozAZTpumpTSCEGo5O_CueI6eQGlNuDzU5up__f3DZlisoL3a4nd-7oclB-k7CSS4,علي محمد,https://play-lh.googleusercontent.com/-LZbD7WG3Xqw/AAAAAAAAAAI/AAAAAAAAAAA/AMZuuck36f3ePtpEncdNiYcY2qi2QFtbww/photo.jpg,Not good at all,1,0,,2019-05-28 13:40:09,,
gp:AOqpTOEUzoEasj0fMp9LHOtGwh41gZ458SMlAo48jMGTla3iq-OjkZJlKG4ireIdXF0_xCEf9Sh7775jSIUE6Aw,Hunter Scales,https://play-lh.googleusercontent.com/a-/AOh14Gi5qUzLfkOXC2ikMz1h6dZtRdzjLd6aPyPr1Oz1AQ,it didn't work out,2,0,,2019-05-24 18:58:18,,
gp:AOqpTOHZZo1cW5ziUbR-HE124594O4CFYDw_A8iXB64BdSob_msWx0H0ncc4s_lI6QxGwfpqwOSKNWpeRj2XXFs,Ivan Petkov,https://play-lh.googleusercontent.com/a-/AOh14Gj03M6Egl93mGKoNNeGQ3B2zlLJLNjaMFC0GJXpTw,"Good app, but is buggy here and there but it does the job well.",4,0,v2.3.190424,2019-05-24 16:10:12,,
gp:AOqpTOHwSdFrzWCn1ki_Cv8WIDlyPxiNXVvEzCktR28T3JrNP3ZaHnUJs9U9QhvhkYlwgc0yCxgJDK3w9YcFPlU,Rudy Acevedo,https://play-lh.googleusercontent.com/a-/AOh14GgMQ1qTS1y5pceagtv4iQznF5P48D0HY-VZYGnE94g,It don't work,1,0,,2019-05-19 20:05:27,,
gp:AOqpTOGUuOYwkpyPZFSXZXOnTWh_s8lVHtZrQRHJmpNivfoeOjDTYUdpzzo6ha6Slw8QG-0_opvxbsjyGm9dTXU,Semaximus,https://play-lh.googleusercontent.com/a-/AOh14GiAsw2UWsavA3-Lw_EnhKSsP7x7togPnUtRWK1ZyuQ,"It works pretty good with airpods 2, but there are drop outs and glitches on occasion.",4,1,v2.3.190424,2019-05-15 18:37:00,,
gp:AOqpTOHx3mfICmdprbFT2jQrpmQfSggmAcmMob35Hw6XZ1t6E_XVyKAMwnE0fOsZ5vcPOfqcS0Xwu4s_nGiotAs,Vertic,https://play-lh.googleusercontent.com/a-/AOh14Gjdd3TZw4LOZOApERtl59lgXyTw7KtflQVtZl2SdQ,"I tried all airpods apps,In my opinion, this one works better and smoother than others. I hope to developer work on airpods 2 and make it stable. Thanks",5,26,v2.3.190424,2019-05-08 13:41:04,,
gp:AOqpTOGjY9Vv7SKPn_9Vz3NBG2KW5H2rmkeq68XUMd4fj5guxUAHy0y5vIHVpGp7ojpfHId_JdV79DUs7CrK-gI,Ibrahim P1ayZ,https://play-lh.googleusercontent.com/a-/AOh14GjFk65B4M29sGe4XGCRt-mrCiZVlYDftWMZsy7sMQ,it is useless that i wasted money buying this just because it only shows the battery level for first 10 mins and later does not show,2,2,v2.3.190424,2019-05-02 09:47:10,,
gp:AOqpTOG5LJpTrw50BHTALiYxLGeGVE0EaB1l6DzImZduCL1Jj_rXO9879VgYji1qLnntTyfD0rqw7VEKfIAUgIE,Shijo Jose,https://play-lh.googleusercontent.com/a-/AOh14GiNHUjs7yOPvBdG3KLQifhuO_5EjW4IlHx8Lsv5GQ,Perfect app! Works like a breeze. Need animations like on ios,5,2,v2.3.190424,2019-05-01 15:17:33,Thank you for good evaluation.,2019-01-02 16:40:58
gp:AOqpTOEMMi_yXpZ745B5SubtZokuaqhY6FaH8zX5aPugbaj6cgmzoCHY2hTQwY56XEipbxPCzy5NakxYuwrpL08,Kobi Doanis,https://play-lh.googleusercontent.com/a-/AOh14GgDzFh_XzW45Rmj-akboWZag_noZQNeZjNmwtIi,The app is broken. I cannot see the battery life any more. worked only one time.,1,14,v2.3.190424,2019-05-01 11:21:34,,
gp:AOqpTOHQxNIdDdp1QggDIE308fXIHI1dujmf-li4dPSEItXQ1AzABs9hgQavGgrE-Q1oZ9b8P9Gf3kIGENs6-sE,Jeff R,https://play-lh.googleusercontent.com/a-/AOh14GgXRPi7iwsWEvmQQzm1kYbhjA9Rfy2AhQ-hQXOPKw,New updates very helpful... Well done... Gen 2 now has good connection and battery level for both the pods and case...,5,4,v2.3.190424,2019-04-25 01:09:42,,
gp:AOqpTOFtQ2W7VKPLZZ_Xa__act20-6doSGf0SguzalAI3SoczeDw45mUGAcTzm17koVLGDp1-CC3Jkse8e7hnhs,Themis Ganis,https://play-lh.googleusercontent.com/a-/AOh14GgzyctzxopuzctyxZsPVhR0m-O1gBLJDLKjaL0-yQ,not show battery levels,1,0,,2019-04-24 10:13:56,,
gp:AOqpTOEzYEvYnuzGx9ysen8-hYJ6yjzcGXJemcOOZvzXs7dKLFcqDpQXBrIKUYQygWKhxF3UIA7qO9gNgGHyhtA,LROPS,https://play-lh.googleusercontent.com/a-/AOh14Ghoer1frZXJ24d0BGDVfOzPGjw2xP3Z2BB9iEwHBQ,"refund, doesn't work with second generation",4,1,v2.3.190423,2019-04-23 07:46:46,Hotfix for AirPods 2nd Generation has been released.,2019-04-23 07:17:18
gp:AOqpTOGK4xE73uQyD8fHNR7Q9KQW9YwmF2Ad_mVIz-0mp0m_jrtQ-cekHfHnuyW5Ywz-q8hEL_q6oY-tISvqk7k,Joey Conwell,https://play-lh.googleusercontent.com/a-/AOh14GhW-klLCcIyHlf5mtcRGPVIdkaKSU0VjeKEZdspwQ,refund please because the app doesn't work..,1,2,v2.2.190408,2019-04-15 08:07:13,,
gp:AOqpTOE81f5q2CaOz26l9X1E0kmKg24KmruPFXcqge94o40PcIh7nGLOwVE7E8ab14410uL4QX3pmgBteulE7k4,AA K,https://play-lh.googleusercontent.com/-oILD8Ygi8iQ/AAAAAAAAAAI/AAAAAAAAAAA/AMZuuclY3Y8g9M8il58eE_DGHWFagMJHKg/photo.jpg,not working good bad app for airpods 2,1,2,v2.2.190315,2019-04-06 16:50:11,,
gp:AOqpTOHHOjcmc4IBDtzahkAt7MujRpGzO10Y0fAVGAhitfoUuCfw3MXh8cK_vtrjGFZWN0AT7fDqKnMuaW611I0,Foxy,https://play-lh.googleusercontent.com/a-/AOh14GgvJli8OxticIh5WvYGwfYn0Erv_HYzWUqmWlh5grk,i want a refund as soon as possible,1,1,v2.2.190315,2019-04-04 20:19:12,,
gp:AOqpTOEperQiVzVEagvyCPTDgmmJ0cwgDKuHIfHSSS9S3_OWqSzT2OtWx2Tym-8g4LB_EA-Ve3vY2K_hoJV071Y,MRHOUNY,https://play-lh.googleusercontent.com/a-/AOh14GgwX8NTDSIglaCAQnaqEy7oL9pdgCh52R0lF123jiE,"Great not working on my huawei mate20pro 😭 No Dark theme, No pop-up, and No Battery level until if I open the app. It's worked perfectly on emui 8 but not 9.",1,0,v2.2.190315,2019-04-02 06:56:04,,
gp:AOqpTOEXm_iJN1DPh8tPfTmoRbb7MQzmg1LFA_B4muzUVU9cg36zSOalP8h8SkF9iCU98lhCk2A_i3I2wbR0eYs,Oskar Policha,https://play-lh.googleusercontent.com/a-/AOh14GjGJ6GuMQOUE8GMCg9AJXc7IrCFDmaU0e7hGcqfVg,"It's probably the best app out there so far, however I'm facing some issues with the wearing detection feature and the battery display on the 2nd Generation at the minute. However, other than that, great app. Defo recommending it & worth the money! 👍🤟",4,25,v2.2.190315,2019-03-31 15:21:05,,
gp:AOqpTOESez1JcRg4fT-UmXVH7vdFTbGNX-Usem3t17EKxj259E6E-5O2RHtJ96dnHraMZl4SfjzrPnCDn3hMgQc,A Google user,https://play-lh.googleusercontent.com/EGemoI2NTXmTsBVtJqk8jxF9rh8ApRWfsIMQSt2uE4OcpQqbFu7f7NbTK05lx80nuSijCz7sc3a277R67g,"useless app, as it doesn't show battery percentage, this is only feature I wanted.",1,9,v2.2.190315,2019-03-30 21:05:14,,
gp:AOqpTOHA9cAWIECCVTxAoejgzLMoWLtnQaAS7bc_7xZv3pbvTWOUgcUIfWV8hmElebL14rI_KJgAkM_6Zxn7KA8,Dave 15017,https://play-lh.googleusercontent.com/a-/AOh14GgJWKnjf3R0pKyXEvtLzFgwqN-TOIlk28n0iVlMFw,i just obtained the seccond generation is there any info regarding for their support it only shows me the battery for the right earbud,4,0,v2.2.190315,2019-03-30 18:13:23,,
gp:AOqpTOFBLuDxK6b5vyVuxJEkc4X_E6c6ZuxwRUers9Dfg1TQ8oyI8WDhxj6Q3uYdaBl5AeOmqd1qiV8DOIlemio,Daksh Vira,https://play-lh.googleusercontent.com/a-/AOh14Giefb1twqtfxOIBQwvL0nzyWy-_EmXWgZ0ZTcIawU4,draw over other apps option gets disabled again and again.. please fix it,1,6,v2.2.190315,2019-03-28 19:22:05,,
gp:AOqpTOHG43Ke7aQz_sMUZfKw2KddDnal9kGaw9_OPOfnd_TtU4bbLNrK2-2lSOOvx16WaR6l7g0H8tUQv7PITZM,William Métivier,https://play-lh.googleusercontent.com/a-/AOh14Gi_P1IMyEFc5VJV5xoeAO8CSK789z87x4r8dAqr5g,Really amazing. I get nothing to say instead of this is a very good app. All features are there and it has a very beautiful UI. This is definitely worth buying! Thanks to the developer(s) to have solved the problem.,5,8,v2.2.190315,2019-03-28 05:40:39,Thank you very much!,2019-01-05 06:14:59
gp:AOqpTOH__IksiDzjFoVhiV0zWs7UgR38zqbIHYXJ3edH7x4uuQWDKOFm4ucB2oksmLVBsFz2MpmeqqnCEJ20q8c,Max Harvey,https://play-lh.googleusercontent.com/a-/AOh14Gg8K6pYEGYdHrKL93Wq14TbRpuN0v0dx8S9oOKDLw,Pop up happens but doesn't show battery life.,1,8,v2.2.190315,2019-03-27 08:30:51,,
gp:AOqpTOHxH_QKIzg8binH2sIxdr80GKkmx8Yp7e8H5uODsWDv0qZDjxIZ-64t5gJPufjn1H6m0i2GoAUSoKdHaag,Mission Unboxing,https://play-lh.googleusercontent.com/a-/AOh14GiS0J-9-sfg3ORP0-acrH2SZSVNiOd5b6xXvV6DMg,why this app is not showing boxe'S bettery as i can see both pods bettery percentage ?i am giving u 2 star because same these things are free in other app.reply me plzz,2,3,v2.2.190227,2019-03-15 10:53:45,"The bettery info of box is be transferred only if the AirPods is in box. This is AirPods H/W limitation like iOS.
Please try to take out AirPods slowly from case.",2019-03-16 01:03:18
gp:AOqpTOGP7JzhuP3EcrrmjuBIPFR9IPPbG64ziFWDweR50nvxDRubyw2CL-bzZTZ4hr6IKNd-t9KI-QLATd6-2p8,A Google user,https://play-lh.googleusercontent.com/EGemoI2NTXmTsBVtJqk8jxF9rh8ApRWfsIMQSt2uE4OcpQqbFu7f7NbTK05lx80nuSijCz7sc3a277R67g,didn't work,1,1,,2019-03-13 17:12:33,,
gp:AOqpTOHaNT1HXqY6WTL600Zf_IAKgBQzVe_wEQWPV3jGaPJEY6AXgd4i1aibfcI7LazZSuQY7QhgdvwzHYwKdEQ,Javier Diaz,https://play-lh.googleusercontent.com/-il6de0Qmwdw/AAAAAAAAAAI/AAAAAAAAAAA/AMZuuckF7bcS_GHdIF7k_ncK8tncw-tasQ/photo.jpg,"The app's main point, the battery indicator, is completely broken. It does show that the airpods are connected, but it doesn't show the battery level and the notification only shows three dots. If that matters to you the most, skip this one. That aside, your audio does pause if you take the Airpods out of your ears, it's pretty consistent. You can change what the Airpods do when you tap on them if you connect them to an Apple device and switch back to Android.",1,43,v2.2.190227,2019-03-12 20:57:28,It can be shown as that if phone Android BT system has been in error. Please turn off/on BT setting or reboot phone and retry that.,2019-03-12 23:47:55
gp:AOqpTOGNyRTWUhbws0baM2dt5l66Al6oHzi6sFKVj6H6dXSQ2noP17C5aIajSky0MfULT-E1zCIBsJMiUvrz0dg,sunny khurana,https://play-lh.googleusercontent.com/-dIgIDPMFygM/AAAAAAAAAAI/AAAAAAAAAAA/AMZuucnLVYJIJwT6Lvi-d2Eza7zPWwM2og/photo.jpg,Very easy to use.. What I want it I got it thanks,5,0,v2.2.190227,2019-03-11 18:52:38,,
gp:AOqpTOECGiy2oB77UmY-yB0YAMzu6HEAV97otwdwEe7ccW1WGeVV46Lih75Iwd_JMvUvbxvJGas0gwd7pyHrmmk,Stephen O'Sullivan,https://play-lh.googleusercontent.com/-Plz9pXGn810/AAAAAAAAAAI/AAAAAAAADT4/AMZuucl4Pp5UyV7UjhrVoe1BOYKjnnxoZg/photo.jpg,would it be possible to have seperate controls for the left and right earbud,5,14,v2.2.190227,2019-03-04 15:28:48,"I'm sorry to tell you this, but I am not adding any features that can't support stable to user. I know that currently known tab-setting solutions on Android are functioning unstable.
Please understand this point.",2019-01-14 16:05:08
gp:AOqpTOHe4n-Tuy6mCnnWVZzT1NNlJ17IMNp631gKlX0RmnSeU48Miuun-oEMQeNzpLnmXmIrUfRNwU-gKiV1KOc,Briancrazy45,https://play-lh.googleusercontent.com/a-/AOh14GiYiwnNirZiAIGisRfu6y7UkmubICn2PQCLXoRS1A,best app to use for airpods,5,1,v2.2.190227,2019-03-01 03:53:12,,
gp:AOqpTOF44o6__Kqv84aJkNq9Di_-BMTYQUtQxo-4nxA8rwKmIBWfYnzkHQ-iBlWOScx8NUCIqxOr7G5MwjqZEYg,Matt Schahczinski,https://play-lh.googleusercontent.com/a-/AOh14Gja8rhi4vLpvUqf3XNJD44S7jDKrLSAHC4bzPYqBQ,"Best app out there for AirPods. Hands down most stable and feature rich. I know because i've used them all, including premium versions. Prefer this over AirBattery. Kudos to DEV- great work! Don't pay attention to the negative votes.",5,0,v2.1.190128,2019-02-21 11:37:21,,
gp:AOqpTOEu3LI0gGoVCbkn2NN3v8M9ykDXvOVJN3cx-VzxIoRmw_uiIOKGWH9Kw7LXqC_XCa1wKphJQ7PXHJp5uDU,Rob G,https://play-lh.googleusercontent.com/a-/AOh14GgGM8ajQqmNUX_3TUsC_uHgddiPW57wWVNg9ePWKQ,Best app to use with airpods. Uses less memeory and actually works.,5,0,v2.1.190128,2019-02-15 19:26:25,Which model is your tablet? Could you check if the 'system location service' is enabled in your tablet or it supports the BT BLE feature?,2019-02-14 16:42:51
gp:AOqpTOFF_QXeLkX7DwcgEo3NngX514wCkinJyrgl_dm749YvVCGXQXjxJMN99PsnWrtgbPmChxi6ivKVNHecCos,Agarun Ilyaguyev,https://play-lh.googleusercontent.com/a-/AOh14GifV-cJee3YyxSS8P53bGUSnTdW-0D-iLQUu29Daw,Good but sometimes stops showing notification,4,0,v2.1.190128,2019-02-15 14:17:32,,
gp:AOqpTOH4W7BqIEA1UXf_MyClnrT-TE8abEzXhrKrTzSxHk8lUeAhkSfq8yhRZk3ZqIbaQ605F0q8l3if4GYWWmQ,A Google user,https://play-lh.googleusercontent.com/EGemoI2NTXmTsBVtJqk8jxF9rh8ApRWfsIMQSt2uE4OcpQqbFu7f7NbTK05lx80nuSijCz7sc3a277R67g,"A very authentic app which resembles the features of the AirPods in the IOS to the Android platform. It has lots of features, it displays the battery info for separate case and each pod and has also options like wear detection which I find very useful. However, if enabled, the wear detection sometimes makes errors on other bluetooth devices (i.e. Smartwatch connected over BT). Please fix this!",4,10,v2.1.190128,2019-02-13 03:02:51,,
gp:AOqpTOG_Fp8Q5Ft-U6yjc1sWKN31WBxl_KRlyXJ-LkF6-7XRjupYstUy6Ry32FjXDS75d-qGOQf7LhDPsDntTmo,HungryHana,https://play-lh.googleusercontent.com/a-/AOh14Ggclx8k9Bn83cwpV72Z3YSkNXQEN37Ksfz5rCMDFA,excellent app but would love to have the feature to activate Google assistant by tapping 1 side of the airpod,4,2,v2.1.190128,2019-02-10 06:11:30,,
gp:AOqpTOEuD-WvgY5cjr4JvE49LdlnKGghlrzA7uwiOx97_MVSNM9xi8UNON9RRSyYR9gnm8Y36sKpEkq5OEgC16Y,A Google user,https://play-lh.googleusercontent.com/EGemoI2NTXmTsBVtJqk8jxF9rh8ApRWfsIMQSt2uE4OcpQqbFu7f7NbTK05lx80nuSijCz7sc3a277R67g,works perfectly just as expected.,5,0,v2.1.190128,2019-02-09 00:27:49,,
gp:AOqpTOG6FDJ-DxxHy6uPF14uMNq1aDVxWK9Eiznt3g5mpIfoxz7sx_wW5Z9pjNhGiHSsk3sKy-_imuvXEgXKusQ,Yupi,https://play-lh.googleusercontent.com/a-/AOh14Gjrki66_5VU2Llk2YG3PQeP8AVKLARNYH1VG0UpYIs,bad,2,0,v2.1.190128,2019-02-08 11:45:36,,
gp:AOqpTOGhxLtNdl5jInlUhq1_eVp5JJI_CNnVUTcH0ieQiePviX01brKw0YGDXUOvRxt-zNJK1zrJfLAWUai5g2c,El Eddy,https://play-lh.googleusercontent.com/a-/AOh14GhxhnHXXXgz8MSaqCTv8h9HjU5aoIe7gnpmm_UR72Y,"Great, but wearing function worked better in it's beta. May I suggest a function where it indicates you the ""last battery connection"" so that you could know if you need to charge them or not, even without them being connected. Thanks",4,4,v2.1.190128,2019-02-08 05:19:49,,
gp:AOqpTOHOMAZa9poIyOohvx7Q65_TvKVbNSSqKz7gv9vDL5QdOl9pnfOCyfQsFNjZW3zFn0NZrkrWEc9RFLucH2g,Ehsan Hozhabri,https://play-lh.googleusercontent.com/-IOsG9PeGtGY/AAAAAAAAAAI/AAAAAAAAAAA/AMZuuckh10Uz0okxWmvrJBGyis34U310Ig/photo.jpg,"worst apps , don't purchase!!",1,2,v2.1.190128,2019-02-05 01:05:17,"Over 13,000 users are using it without any problems. Please let me know where you are experiencing the inconvenience, and we will fix it for the new version.",2019-02-05 17:45:29
gp:AOqpTOH6H35GGTlENC3RKbZhxe978xxot4Yedq38hMTw5u4RC6BJQN81_F6V-ewZQL3imWNqlJ6kQ7dT__uACAs,The M.S,https://play-lh.googleusercontent.com/-IKE4UsN9Quk/AAAAAAAAAAI/AAAAAAAAAAA/AMZuuckoaf0J_oa8x4C03hFEP6RLWpyvKw/photo.jpg,Best !,5,0,v2.1.190128,2019-02-04 08:34:58,,
gp:AOqpTOHg6B-aHpIgkyGdBmv7ea-9MRz8MHgENNedkR7HIENNTF233b0nr1su3z6yv_27iU9wYEqj7R2Hok569eI,Bryan Irorere,https://play-lh.googleusercontent.com/a-/AOh14GgjwDtA27wHIVgSeowpdU7mWQQRqktALwzUsBWe0_Q,I really want to give this app 5 *s because i love the caller ID functionality and its fluid user interface but it is constantly stopping or pausing my spotify music and YouTube videos which is very frustrating and annoying! I use a Samsung galaxy S8 plus and should not be having problems that others using older device don't have. I didn't have any of these problems with the free airpod app that I used before this. please fix asap! Good customer service 👍,5,10,v2.1.190128,2019-02-03 13:39:36,,
gp:AOqpTOEKFYAh7QNCvaG68VxFeWtirVxsWJ8ThRJPNeKlaXpqaVuIO9yKbDq_wvS9s9Fa-36591TAISaKD2Hby64,ERASMO VARGAS,https://play-lh.googleusercontent.com/a-/AOh14GjzK5umwWxKzNVfZ6eiZjE4tKGDyYCkVSvD2UJaJNw,The app doesn't show the battery level in the screen app notification. If you call solve the problem via update I will change the review. in the meantime I'm not sure about the quality of the app.,1,28,v2.1.190128,2019-02-02 07:23:51,,
gp:AOqpTOH5Qtt0BFaRyzE5EROEwQupH3wrUYma1b25d7wdQ2xEkdVF3R3EaSjntEtc-NKmT3jXVQ8MvE7kqLBsYMY,Craig Hoeschen,https://play-lh.googleusercontent.com/a-/AOh14GiboLRUM3hrTMVbAuVWJQeg6YoUfclM1FVW3DX_,Excellent! Simple; clean; does exactly what it's supposed to do.,5,2,v2.1.190128,2019-01-31 11:46:19,,
gp:AOqpTOFO_TNbPcIk55mokCNtVfeRlPeElr9TrCcAZ73WNjjOHIXJgVViHkPnE0AWE7CkgOgd2O9rHt95c94m8_U,Joe Velez,https://play-lh.googleusercontent.com/a-/AOh14GhTnArqNPpHiNE0tZGqkuPhqQ0xuXXn46ZKu4eT2Jo,WORKS PERFECT! BUY THIS APP NOW!,5,3,v2.1.190128,2019-01-29 06:18:08,,
gp:AOqpTOGj-7f3VEG0G8SdEvYrGMWZPsmJYkLAK0-L46xDYiuQNtMQqWnoqjbVMle9q0tyhmNrnOIwrhprGwNkcnc,Joshua Friedman,https://play-lh.googleusercontent.com/a-/AOh14Gi97xwnzbjR7EQ1bI-QZJq8vrKGbd0P_IdSgIwDsg,"amazing app, exactly what i was hoping for. excellent response from developer. 👍",5,0,v2.1.190128,2019-01-29 04:57:39,,
gp:AOqpTOG73bgbJHiSLHoJHCWIRMuTVZR0GP7EYMKzfj9B8N_eOOulNJRofCQ4qkcYS5bTvIG6d1CheoqpQ9AnQhs,A Google user,https://play-lh.googleusercontent.com/EGemoI2NTXmTsBVtJqk8jxF9rh8ApRWfsIMQSt2uE4OcpQqbFu7f7NbTK05lx80nuSijCz7sc3a277R67g,"Great app. Essential if you have AirPods. However, after the last couple of patches whenever I unlock my phone it thinks that the AirPods have been removed from my ear and it pauses the music! Please fix this; it's very frustrating.",4,0,v2.1.190120,2019-01-29 03:11:31,,
gp:AOqpTOFOIJ205GctX9IriqVhQv_ZS5hiiYd2UPlQlMbErEPoQaTkddkMV0ooVFwFXRizOQu_BPNVAGA4XnLzT4o,Julian Lyngaas,https://play-lh.googleusercontent.com/-fbJDULHpW_c/AAAAAAAAAAI/AAAAAAAAAAA/AMZuucnZJL7mTbLnTB8U7Y9YlKfK4QxqFg/photo.jpg,"the only real problem i jad with the app is that it doesn't show the exact percent of the airpods and that is just sort of annoying considering the app costs money, but everything is very well done besides that, and could u make it have the animation that ios has on it? if u were able to do this this app would be god-tier",5,1,v2.1.190126,2019-01-28 17:54:04,,
gp:AOqpTOGxRbFSZvD0zoJFhCoZMywt358KiBuSWtE94ZQRfcnXyGg9o5hx_XSga_V6fMtgGPEFbKyVn35tmT38_sI,A Google user,https://play-lh.googleusercontent.com/EGemoI2NTXmTsBVtJqk8jxF9rh8ApRWfsIMQSt2uE4OcpQqbFu7f7NbTK05lx80nuSijCz7sc3a277R67g,"This app is add free and so useful for what I need it for. Battery remaining in Earbuds and charger case is essential and the options to have the caller read while the call is answered is really helpful if I'm not near the mobile and a call comes through. Not sure how much better this developer can improve, what is already, one of the best apps I've used in my years using IOS & Android applications. It's a pleasure and simple to use & you'll not be disappointed in its performance...5*****.",5,3,v2.1.190126,2019-01-28 15:40:04,,
gp:AOqpTOHM5Ne1LFfmlQYcS6wgw2_Aq_w8H8299d96dSQg-_B_KvIwsKw6pYJj7hfOHJ_CGOlZy5ds6mC6cKu2XRw,A Google user,https://play-lh.googleusercontent.com/EGemoI2NTXmTsBVtJqk8jxF9rh8ApRWfsIMQSt2uE4OcpQqbFu7f7NbTK05lx80nuSijCz7sc3a277R67g,"Everything seems to work perfectly but i cant seem to enable the Assistive Listen option, pls help",4,0,,2019-01-28 02:22:51,"Sorry to your inconvenience. If you can let me know your problem and about your phone environment in detail via developer email, I will check  it accurately.",2019-01-28 03:00:27
gp:AOqpTOEXZMlAbt41V5kBi9_6tf2l782j1o6IjCHZFLO-fCQ4M6osXxMhThYcS5bZvlE2jm5qnt4Zs_X3HhT-uJ8,A Google user,https://play-lh.googleusercontent.com/EGemoI2NTXmTsBVtJqk8jxF9rh8ApRWfsIMQSt2uE4OcpQqbFu7f7NbTK05lx80nuSijCz7sc3a277R67g,"I bought this app under my T-Mobile plan and yesterday I find out someone purchased an iPhone XR under my account! Your the only app I've purchased, and I havent done anything but calling n YouTube since my purchase of your app! I don't know what's going on or if your to blame but I'm not happy and will not change the review until I resolve my scam.",5,3,v2.1.190126,2019-01-27 19:53:23,"It is very regrettable that such a thing happened to you.
But it is very dangerous thinking to associate it with my app.
Your guess is to downplay my efforts and treat me as a criminal.
I respect your opinion and rating giving you, but I do not want you to treat me like a criminal.
All routines in this app are public and reviewed by the Google.",2019-01-27 19:49:14
gp:AOqpTOHB21yWC_MkG-tEgaYttvCpioDyV9nbA1vSBmx65o1Qx80LcuvTmNauBOKcG7JKuhXAw_9tDSImN9Ym7Jo,Pranith Kasam,https://play-lh.googleusercontent.com/a-/AOh14Gj3-1kUOIG6d8hrlWfQZV_Al7bk_2qWKTp62NAazn0,"Tried a few different apps befote this, this one connects the fastest and has the least bugs. Auto ear detection also works very well. Definitely worth the price, good job dev!",5,1,v2.1.190126,2019-01-27 14:02:07,,
gp:AOqpTOHDebdn20gqhoSPKJOoW87DyviijttqVViBytGdzCNoRjT7y7lCmH9afel-ZwtXjKYVpc0eEXtibwbut9Q,A Google user,https://play-lh.googleusercontent.com/EGemoI2NTXmTsBVtJqk8jxF9rh8ApRWfsIMQSt2uE4OcpQqbFu7f7NbTK05lx80nuSijCz7sc3a277R67g,"I've tried other pay apps this one seems to work the best. connection to air pods are almost instant, caller id is fantastic. live listen works well but VERY loud even on the lowest setting, dark theme as an added bonus! would like to see tap features for assistant if possible in the future. keep it up mr. Developer.",5,8,v2.1.190121,2019-01-25 16:03:18,,
gp:AOqpTOHt5pxSaBYtqUGFVWNCd_OCsBsTWd0RQyJxft7wnGbD8yfuyJsFEsFwxR_2ZRvpPFpiNIG5SmYyMYU3y0U,A Google user,https://play-lh.googleusercontent.com/EGemoI2NTXmTsBVtJqk8jxF9rh8ApRWfsIMQSt2uE4OcpQqbFu7f7NbTK05lx80nuSijCz7sc3a277R67g,this app is good but can i add widget permanent on home screen ??,5,0,v2.1.190121,2019-01-24 22:56:44,,
gp:AOqpTOGEfnBzA0I_RMJV-VFlSVzKI07v56s6MIDdSxnHlJZJrRF2g7yPQnLPCbzrO1gx7WHQRr3GTOQepYFKKlU,Reagan Rae,https://play-lh.googleusercontent.com/a-/AOh14GjURu75nnx4uD-VtUlJe1yjEARNSzPyBm2EO1wZvS8,"i have a moto 5g plus phone and when ever i open up my air pods it pops us with the case in the middle, and the two airpods on the side. but no battery underneath the items. plz help this problem",1,0,v2.1.190121,2019-01-24 18:45:03,"Activate the system 'location service' from notification area and please try again.
If it keeps not working, let me know.",2019-01-24 19:36:15
gp:AOqpTOH_nXs2C7CbjVuA0f6DI-r3_LrbqqPiOZ_V1vJzytbXk7Yl6ylXPailCedbqlKKi3M-S5OLZbKYmPVtiJY,Daniel Yang,https://play-lh.googleusercontent.com/a-/AOh14Ghw_296qUuLP5s_YB6YZ6noEb0HiaJS8TvjrMREnQ,Awesome app but I have one request. Can you add a little charging symbol in the popup while it's charging?,5,0,v2.1.190121,2019-01-23 19:23:03,"Already exist. There are blink lighting marks under percent number.
Please check one more on charging state.",2019-01-23 20:33:20
gp:AOqpTOGDZAJzIkKIkoSOVbzhWShLA6vMJzs7SLsW2ejCAjfocpwgNF5Lw8OegvBLay49ZePOJpAAe7axRL7d8q8,ImSaaam,https://play-lh.googleusercontent.com/a-/AOh14GiIrLUIQO03cp-_arjb8GyKpe0n2YF-UWKJJ_a03A,"Just bought the app and it's already amazing, in ear detection works really well, popup shows the case battery too. 5 stars! A good feature should be the 2 tap summon of Google Assistance.",5,1,v2.1.190121,2019-01-23 04:53:13,,
gp:AOqpTOFJgAesPVEy9Lr2I4yL71PXHJmdQfbA3JQy-Cc-07GS-mI1LjCXGCGdFxTHruBI5RASL2UU5ClVWogVdIs,A Google user,https://play-lh.googleusercontent.com/EGemoI2NTXmTsBVtJqk8jxF9rh8ApRWfsIMQSt2uE4OcpQqbFu7f7NbTK05lx80nuSijCz7sc3a277R67g,do you think you can make the taps on each ear customizeable? great app,5,2,v2.1.190121,2019-01-22 15:58:41,"Thank you to good evaluation. Many people request about that feature, but there is no stable solution to customize tab action of AirPods 'on Android' yet.
If the new stable solution is known, I will must apply it.",2019-01-22 21:19:31
gp:AOqpTOGjmzEuW_1yJUEdI5ARdhOM8wyKMjdou4kB2r13lw4rKGDedUrj9TRyWo9thnQPy9TlImX15t5lOyxzb5g,Luxseu,https://play-lh.googleusercontent.com/a-/AOh14GjJhS3vDtc3mc-mYmNds3QYRsSoUWgb9b8pep4vDA,It is very usefull and good. the weekly updates add a lot of usefull features.,5,2,v2.1.190121,2019-01-21 23:37:04,Thanks to paid use.,2019-01-05 06:41:58
gp:AOqpTOFCbr1q1h_ERP6opIdS2lhgQSD3U4ADXSjSr84Ruxkj8XJJ-nZuadnDzbfj3o_KwgF95xTJEU-n6h4JPgQ,Ebin Hein,https://play-lh.googleusercontent.com/a-/AOh14Gig5XwwJEgV2D5hVRgQnnPlKEdI166iDkZ66pZ1dqY,"i have had this app now for maybe a month or two.. and within those two month i have seen an update almost every week, making it more stable, more features, and more compatable across the board. this app makes the airpods extreamly easy to use with my note 8 and android in general. huge thanks the developer or developers working on this, paid version is worth every penny👍",5,3,v2.1.190120,2019-01-21 06:03:39,,
gp:AOqpTOFWXZIyQdJwCjFobj-5K88_XqWyjkpIJ8G0Kptjf4bzq0_BfWmqP49_C4WpaSg_l3MZMGZynijpJQsi2pI,Frankelys Hdez,https://play-lh.googleusercontent.com/a-/AOh14Gi_cSzVFcZ5fMQDlSVKTWwXsloOP2j4IML9-Ao1AA,is there anyway to have call reader like to hear the name of who is calling? do it just let people to decide like its wearing detection and thats it. would be awsome to have it.. thank y0u when is the update avaliable?. 5 stars you are awsome man. God bless you.,5,0,v2.0.190118,2019-01-21 05:03:58,"Thank you for your valuable feedback. It is possible technically as I know.
But it needs more permission which is  accessing user's contacts to this app.
Someone may hate this. I think this part needs to be decided more carefully.
- I've added the new 'Read caller' feature you requested. (v2.1.190120)
- whth in 30min, you can see it on Store.",2019-01-21 04:56:08
gp:AOqpTOH3EvKennAyaSCObSWlxf7yu1rBP4a8sllTn7_OdSEWmvVJLnu_5I3gQEqtDRJ1pEW-azCNHfPaUpuvg-0,Calvin Fung,https://play-lh.googleusercontent.com/a-/AOh14GiDWPU-DzVGfkdE7NV3nfYK91MHYfVdePU21VJouw,Good app. sometimws battery% does not show on the notification banner. is there a way to force it to show?,5,2,v2.0.190118,2019-01-20 01:48:43,Did you mean case's battery? The case's battery infomation is transferred only in case of the earbud is in case. This is same limitation with the iOS.,2019-01-20 05:50:01
gp:AOqpTOHY4IxpUJoxfBWUE_NPwyS2QCVgemDoKtW8SKp04iqxysGm5JFpAXZDq8qSb03zHqIVB_g1QvZkXNruNQE,Kevin McIntyre,https://play-lh.googleusercontent.com/a-/AOh14GifeGOppI_xWz6upI6iIgRhl3UN1DB8nL5KoW_T,"great little app bringing some of the missing apple airbud features to Android. Not quite a 5 as the pause when pulling from your does not always work. however that being said would still recommend to buy the app. The pop-up widget is great, as you can see the battery status of both the case and airbuds.",4,3,v1.9.190115,2019-01-18 11:45:16,,
gp:AOqpTOEZQOgw5EDAxL9uJ1dXBsW8BRxdw3LAoWbl9sAR8sULFuP1it2o4QsJvG4l-EByBukywU2mZnuGjBqW0Vw,Miguel Romero,https://play-lh.googleusercontent.com/a-/AOh14GjKqYLNPSi6CMDZmxvEJ3c-NgWuUfSsbXleeMm-9w,Was in the market to having a helpful app for my airpods i just bought for my Razor 2 phone and i love being able to know my battery life for these things otherwise i wouldve been screwed.There is a reason why this app has a higher raring than all the other ones. The Developer definitely listens and does his/her best to fix any issues while improving it. Definitely worth the cost. Would recommend.,5,4,v2.0.190118,2019-01-17 21:02:01,Thank you so much. I will keep it.,2019-01-18 01:42:46
gp:AOqpTOGrneeYD8XBLBo2kGUoyc1mqG1c6DRHpc6Tf7B5KYZ_I0-Bc3ReGUNW-W-mpnsPqW5wNL-nLwKnoQMR6Ek,Anh Tân Lê,https://play-lh.googleusercontent.com/a-/AOh14GhUrtdgD-hcMzzw5Q_ztTusrD3phrPDhCUSsY2r0kE,good,5,2,v2.0.190117,2019-01-17 04:41:37,,
gp:AOqpTOH-2y4Gpc6rjQRGqKo9GGj8EFkiYpRAK01WxIblZckPyHO8IH_-x6-R8xhLRfFUIK6YifZ5oHJNX5uMwcg,A Google user,https://play-lh.googleusercontent.com/EGemoI2NTXmTsBVtJqk8jxF9rh8ApRWfsIMQSt2uE4OcpQqbFu7f7NbTK05lx80nuSijCz7sc3a277R67g,This app works perfectly on my Pixel XL. Makes using Airpods a pleasure.,5,2,v1.9.190111,2019-01-12 04:13:40,Thank you so much for thinking so.,2019-01-12 18:59:11
gp:AOqpTOGtgvDT9Q3Z9iPKe4Bbi1AUeOnXXkTRxXJKdkYUUJPBZ3QVovQr-lM5jD6Jf2knId6JaLumNhLZgZM03pc,A Google user,https://play-lh.googleusercontent.com/EGemoI2NTXmTsBVtJqk8jxF9rh8ApRWfsIMQSt2uE4OcpQqbFu7f7NbTK05lx80nuSijCz7sc3a277R67g,great app. battery stats are great. love the theme.,5,1,v1.9.190111,2019-01-11 07:58:58,"Thank you to good evaluation.
A new feature, 'Assistive Listen', was added to latest version.
Refer this.",2019-01-15 19:52:57
gp:AOqpTOEFF99v2_uwOlhoMedfqHbpODetAI2vmjvGw8V_qG0wmh8cDRmDVVO6kd_SEi7vfoQp_-mZt4a3TadM4AM,luckyxchico,https://play-lh.googleusercontent.com/-Y39JBxTLqG8/AAAAAAAAAAI/AAAAAAAAAAA/AMZuuckqiRlCTIN4kybAnoFf9GL3acj8EQ/photo.jpg,Nice app. Airpods connect easily and fast. Thank you for listening to your customers. Continue updating the app to fix bugs. Worth buying. Highly recommended.,5,5,v1.9.190111,2019-01-11 07:07:48,Thank you so much.,2019-01-11 20:16:25
gp:AOqpTOGaKH-audPzPqTMcCUnkQ_3bvv8wP3XEiIiadgufkfaqQuRqOwfCjFPasjdymXonJUQTmcaeXKh66nbGrA,Kanaan Thabet,https://play-lh.googleusercontent.com/-xFyiXp6H1q4/AAAAAAAAAAI/AAAAAAAAAAA/AMZuucm0U5oj4IcYmdPd6ao48dBvAHaZ2g/photo.jpg,great app ... one issue is when i have the airpods on and the mobile goes out of Bluetooth rangebfrom the airpods it stops working even when i become within range ... i have to go to Bluetooth settings and pair it again,5,2,v1.9.190110,2019-01-09 12:46:37,"Thank you for a good evaluation. The out-of-scope reconnection issue is a limitation of the Android BT system. On Android , a typical  BT device tries to connect only when it is just powered on or explicitly enters search mode.
Please refer this.",2019-01-09 16:52:16
gp:AOqpTOEdBbP9nkY0BdhYS03roQ-IQURKuITSqY4inMPspmPMAJh9flFzU6o5eLHCrBlKF90tWjSAUI3WD8PeyT4,Andrei Ionescu,https://play-lh.googleusercontent.com/-aWWhpZtRC2s/AAAAAAAAAAI/AAAAAAAAAAA/AMZuuckUjCpqA74BEAVH0r4XlPISwaMP_A/photo.jpg,Had my doubts but i saw the rating so i decided to give your app a try. It's pretty polished and it works as expected on my Samsung s8. Bought the app with no second thought. Cheers man !,5,0,v1.9.190108,2019-01-09 02:05:48,Thank you for good evaluation. 🍺🍺🍺,2019-01-09 08:13:22
gp:AOqpTOEGMkjHuDhAVE2m8H4LHI6vbAkUcK2lKlXHDfVJgt4_tvpsodkdnYRKdhBFwbagsenCruaQ5NAfF2grC_w,Vicky Rebecca,https://play-lh.googleusercontent.com/a-/AOh14GgE586zSptHEYN9P220WSBTHNgzew-MDcJWP0vD9w,"I bought this app because I used to have an iPhone and I love my airpods and wanted to use them for my huawei mate 20 pro.. I bought this app due to good reviews and when I selected ""notification widget"" and ""wearing detection"" and it hardly works... And the battery percentage isn't accurate as I fully charged my airpods and connected them to my phone and this app said they're 95% when they were fully charged... Please improve it asap",2,5,v1.9.190108,2019-01-08 08:17:56,"Sorry to use inconvenience.
In the Android environment, you can only see the battery level in 10% increments. This is a limitation of the Android system.
(100% - 95% - 85% - 75% ...)
The problem that rarely works is that if you give me information about the situation that does not work, I will be able to help you.",2019-01-08 15:14:28
gp:AOqpTOEDD2byGeFckfjMzEcGWZ1hCwttdct-2M7aPLZZ55WrDXFG0-RFPw50OWDgMXs2PEEWeQQCzIQYiHMLA4Q,A Google user,https://play-lh.googleusercontent.com/EGemoI2NTXmTsBVtJqk8jxF9rh8ApRWfsIMQSt2uE4OcpQqbFu7f7NbTK05lx80nuSijCz7sc3a277R67g,This is my first purchased app ever. Love it. Thank you!,5,0,v1.9.190103,2019-01-07 12:26:03,You're welcome. It's an honor to be your first app. I hope you are satisfied with this app. Thank you.,2019-01-07 17:15:55
gp:AOqpTOF1tqAUGfAIzg_vU30ZlhGUiPyQCtPQg07Yq0ab2xkhBm_7NxX-t74Kbl9nZTZxG4tIWodSi9EzvKk6LGk,S Banner,https://play-lh.googleusercontent.com/-XCUzBYg8xck/AAAAAAAAAAI/AAAAAAAAAAA/AMZuuclzVY8I-gvYnCFcE77A5E0Y3eXMKg/photo.jpg,Glad to pay the price for so much functionality. Love my airpods on my Note 4 now. Thank you do much.,5,0,v1.9.190103,2019-01-06 12:12:50,Thanks to your support for this app.,2019-01-07 02:27:55
gp:AOqpTOEjP3XPchMamXObH0e7Kwnd0uKfvEQasj054CfCHb2SxHVf7AMR4jghUmTcE_qkOgQVHcxL9q-rq-UMYlo,Ahmed Rashdan,https://play-lh.googleusercontent.com/a-/AOh14GhQW62WgKMBMSwrxN3BIGbZw8DZrygATQrN5TEc,i bought this app to support the developer for his amazing job on the free app thats an awesome app never been satisfied with a. os bridge app like this before thanks,5,1,v1.9.190103,2019-01-03 16:03:25,Thank you so much for your wonderful compliments and support. I will keep continuously managing this app to be better.,2019-01-03 16:31:53
gp:AOqpTOF2xiXSO6mudACx9wLa6IKXLynLlJGKqowAhuvfGs6jpbR_qDEVPzBCrYdWyJzTyXtL6jk764pnPoyetnc,I Rodriguez,https://play-lh.googleusercontent.com/-dF4HDnuBPp4/AAAAAAAAAAI/AAAAAAAAAAA/AMZuuck5a7TUbLZKOETea2CEtVf1Kv3uYw/photo.jpg,"Played with free version for couple days, si glad I got the paid version! Great job! Using Oneplus 6t",5,4,v1.9.190101,2019-01-01 23:41:06,I'm really thank you for twice high grades of feedback. Your support makes this app more good.,2019-01-01 23:57:11
gp:AOqpTOFlqTf_Bq0hszaskCsor_7EczB63U2ZkmyFafdbMFkUecv-mX6L_NXthnrePSyPpL-SZjG0qA1nb-uY0So,pandabearmadness,https://play-lh.googleusercontent.com/-eZ_tPd_mMUI/AAAAAAAAAAI/AAAAAAAAEhc/AMZuucmF_8KiZEsVeRQcPVTzJAZh4-kDzw/photo.jpg,for some reason it is not showing the battery life can anyone problem shoot this. im using galaxy s9 plus,5,0,v1.8.181228,2018-12-30 21:53:32,"Sorry for the inconvenience. Is the situation going on? Would you like to turn off / on the system BT as a temporary measure? If the problem persists, will the developer be able to give me a more detailed problem by email?",2018-12-30 22:57:54
gp:AOqpTOGspEJF03YVoZMjTimxp3CP9qXr_IF70eRkrsaN6R9oYrlgU_O-TXtBsklBMUj6x9vjw-5MULRlVwYst5Q,Ty Grzybowski,https://play-lh.googleusercontent.com/a-/AOh14GhCEWCgcJBB8QvNresvl69qpbeAczmc2WOscdkZeg,man I got to give this 5 stars because this is the best Airpods app there is. it was well worth the 1$ I paid for it. Good job on this app. no ads on the pop up either 😀😁👍👍,5,0,v1.8.181228,2018-12-29 00:05:00,Thank you very much for the wonderful evaluation. Your support will make this app better.,2019-01-02 17:31:09
gp:AOqpTOG2T4SzxHp7Tb4J-jSqGHeyCIY7FBaGkI3vyJXd610kI5wcNRqDJNNozR_jgmZAheBBJ0wtvFx4vIKxQAQ,Charlie Hutchinson-Smith,https://play-lh.googleusercontent.com/a-/AOh14Ggt81UAX50pTbdhMjvhYsBxFXna2Qh8kAy5kxNH-Q,worked immediately. Tested airpods on iPhone 8 then on my s8 with app and works the exact same. Worth the 99p!!,5,0,v1.8.181228,2018-12-28 10:38:04,Thank you for good evaluation. I will continue to strive for stable support.,2018-12-28 17:55:47
gp:AOqpTOGGhRfEvVOVU_kgW9peXdQ-F14o2OFmBYQXMmW4lMmK6CqvhCrNQeldRlyhfXBckmFHHB4kV5yNJE-ifkM,lewis abe,https://play-lh.googleusercontent.com/a-/AOh14GgSLcRqXgaIPvFMPfzmv45A_pPyR_0VCxNOHNmtzg,"perfect application, i tried the free version for few days and now i bought the paid version and it work so well .. thanks for this beautiful app",5,0,v1.8.181228,2018-12-28 01:40:10,Thank you so much for your wonderful evaluation. I will manage it steadily for stable support.,2018-12-28 02:54:21
gp:AOqpTOG_VMCcot0iY9tSFc0Ezn8mJlFtk66iNIMEzPBd5bf-F9FtA-56JcLvFtLrbv-Y_qM6TolQn12GcPhfzO4,Sunny Lee,https://play-lh.googleusercontent.com/a-/AOh14Gh6bS2rTmY837Zdz3tgQ1P8N1K2btgvNDdk4ae9ag,Great app. In ear function hasn't failed me yet. I used the free version for a solid hour and decided to support this developer. A customizable double tap feature would be even better tho. Keep up the great work ☺️,5,2,v1.8.181228,2018-12-27 04:22:02,"Thanks for paid use. Of course I will improve my app actively if there is any more feature which can help AirPods. But I'm evaluating that the known 'double tap setting' feature on other Android app is unstable.  It didn't work on my phone and inner solution had a problem I think. If there is stable solution in Android, I will apply it to my app.",2018-12-27 06:33:25
gp:AOqpTOHvUdfOUMYyYo3rOhS5u4LoafXM54GTZXEGp5PAc1U-PsPgTfDsqDgIUoDRWolDCaDjGFdDfMv5RDyKMN0,Marcel Ackema,https://play-lh.googleusercontent.com/a-/AOh14GigHmmHG1lql_a6qGxe_R834laPQ1xmHr91Vk-F-Q,Works perfect!,5,2,v1.8.181224,2018-12-22 12:02:47,Thank you for a good evaluation. 😂,2018-12-23 19:15:10
gp:AOqpTOFKQes88l2ybpvn0ustcUpQm35pGLNwIxKOAnOYYKEdZoCxeo7eUlszwjAMxG5W0lzr9MONVK0EK7Hk-2E,Mattia Mattivi,https://play-lh.googleusercontent.com/a-/AOh14GhT8DKdcJA3zOPihH-OePFLI9m_Q8nqFI_1Fmbdzpg,"the wearing detection is so much better than airbattery app!!! thanks mate...I saw that the wearing detection is still an experimental feature, when will be definiteve ?!",5,2,v1.7.181218,2018-12-19 07:20:07,"Thank you to good feedback. The internal behavior of 'wearing detection' feature is a kind of technical trick. It is different with original AirPods's behavior way. Theoretically the trick can't catch 'wearing detection' conditions perfectly, so it is named to experimental feature. Further, it uses more phone battery.",2018-12-19 20:15:51
gp:AOqpTOEYHSNzreVpxQmecN81fcXtUtncR6tMoe5Scc92630y6vTPEJyvb2sCIyluwz-_gXdqxAPvHDiQMiek63o,Namic Gryndhard,https://play-lh.googleusercontent.com/a-/AOh14GiAr7XX3z4kkHrdn1UhCY5Q3bFxEUmUEah5KW6sNNQ,Great app. I like the way you figured out how to apply in ear detection. There's a little bit of bugs with it but I'm sure these updates will work out. The bug is that it randomly detects as out of ears at times while it's in my ear and I'm listening to music. Great app overall!,5,4,v1.7.181214,2018-12-13 05:04:38,Thank you for a good evaluation. I will figure out the correct reason and fix the issues you mentioned.,2018-12-13 16:16:15
gp:AOqpTOE-SBZQkz_7gDJXWf6-Jkyl849ZEmF6wBO9T1MGxYiiln3fxaMhFeI8PK2wMpdVe6cEg0PiLrNdxvdeyIY,Oscar Reyes,https://play-lh.googleusercontent.com/a-/AOh14GgwL9mPBckH5HUuVHvvH4BrRlKdB9RLqRe3r-rF8Q,I was really nervous to buy this app but it was worth it,5,2,v1.7.181213,2018-12-12 08:49:43,Thank you so much to good evaluation with many stars.,2018-12-13 04:48:36
gp:AOqpTOGG33ScBB9ipzgw6ZcXILe4GghHgK8wZt7gcHhvyX5-9W69QI144Fu2Xc14_wugjRIhUUaTnqUWDlvz_QE,A Google user,https://play-lh.googleusercontent.com/EGemoI2NTXmTsBVtJqk8jxF9rh8ApRWfsIMQSt2uE4OcpQqbFu7f7NbTK05lx80nuSijCz7sc3a277R67g,Best app for airpods,5,0,v1.6.181203,2018-12-03 08:27:25,Thank you so much. 😭,2018-12-03 17:07:17
gp:AOqpTOF7-r1bTx6FaqgHJ1UYHZnbxjVfT7XAcOqBWOGOB41icHDowIlLkyu9Q8zJ5ndzxxTFYf8tApnrxBhqIjo,Habib,https://play-lh.googleusercontent.com/a-/AOh14GgzXWFq-2OQw0QDrb9ko_K4umK6QPlh8oj4TobNTg,Please fix the changing track controller,4,1,v1.6.181127,2018-11-26 00:49:16,Thank you for using this app. I didn't understand completely your inconvenience from comment. Could you explain me in detail by email?,2018-11-26 06:23:03
gp:AOqpTOGKxxs0-gE8G-kdhtJKQ5w4hegeSLWVmzjSSKxu5IyaCuNi8iL7Z5KTSqIRRoEZmBc-CvKUl7ENZR4QL5I,V V,https://play-lh.googleusercontent.com/a-/AOh14GgCeNLaz5er9a2mVAZYVeU4soNp4w0eVt74CRr1Rg,Thank you very much for your work! Works and looks great!,5,2,v1.6.181124,2018-11-24 03:56:32,This is a best ever feedback making me feel rewarding. Thank you so much. 😭,2018-11-24 15:07:55
