reviewId,userName,userImage,content,score,thumbsUpCount,reviewCreatedVersion,at,replyContent,repliedAt
gp:AOqpTOE9mBAuJamq8hM-ZKSSVsf7z5YG8AxheDmpWHJ0XgwQ6F74lHKjDWvJ6i6z4yQngJ01_rzBcacpJW_RlA,Darren Leech,https://play-lh.googleusercontent.com/-t01Lcv5BlOQ/AAAAAAAAAAI/AAAAAAAAAAA/AMZuucnVlBQ1xZaCA2uuj5873YJtt0ygAA/photo.jpg,Good communication all round. Always trying new ways and updates to get that elusive PS5!!!! Cant fault them for effort. Worth a punt,5,0,0.72,2021-02-10 05:00:30,,
gp:AOqpTOHFAObhZdADS2TEnamII_WQDiehCsBJCcdEvT1SEJCuBymea9QIQtRFRUnUKkbVXVi8xsLfIvGXSFZE1w,Luke Watson,https://play-lh.googleusercontent.com/a-/AOh14GgF23GVuSC4DQj8yri-WM1H_vdAxJL4nmVP3wfV,There have been 3 PS5 drops in Ireland since I've installed this app and this app has provided precisely 0 notifications for any of them. Top-notch work. Glad I only wasted the price of a can of Monster on it because otherwise I'd be even more disappointed and frustrated.,1,0,0.72,2021-02-07 05:46:53,,
gp:AOqpTOHFbDFuxUMUmQkgwv0-sF3dcRRWUMHrKZUVyHFqGOVhR7dDgs0XTjAroU9EfrYTI0NjNtzpS-R11ULJcg,Craig Murphy,https://play-lh.googleusercontent.com/a-/AOh14Gj_9QuI4Und2-ztl3eim1owjr1_B6km43yVXj1JKg,Hardly ever alerts. Massive smyths drop this morning and not a single notification.,1,0,0.72,2021-02-06 02:18:45,,
gp:AOqpTOFdbBjyjg4Wib2IqopYufcF2s10yyWMJgjZp80qQfeiRgznbqvXFrfzXq6lk9YYJTsWzbourHvlvsKfWA,david smith,https://play-lh.googleusercontent.com/a-/AOh14GgC-WDI6_OQgIgugBAniHfGavbCcnQ0Pc3aHAYHxg,Class app the notification get you where you need to go and easy to use keep up the fantastic work,5,0,0.72,2021-02-05 21:52:11,,
gp:AOqpTOEpTA2cjYf_5-MW2r_jg1YPykRmwkKdT82O8wk_HS46n5EfzXE6vvxfswqmNd5f0HAhtJwFc07BFIAVqg,Sean Mc Cabe,https://play-lh.googleusercontent.com/a-/AOh14Gh8nFYEHX-GMZtEPH0E54jnMKmaiGhiL-3UQiOu_Q,More false information today showing PS5 consoles in Amazon DE.,1,2,0.72,2021-02-05 11:18:08,Fixed! IMPORTANT To improve chances to receive notification right away please read this: https://documentation.onesignal.com/docs/notifications-delayed,2021-01-26 05:41:50
gp:AOqpTOEnBvz5yrdLEwhjoDTMJccKtL18JPMCQJLHvp-w-54Nq-KiA6YeELaL9WNwsYVVB5H4oeF_Bg60YJxdHA,Gavin Shaughnessy,https://play-lh.googleusercontent.com/a-/AOh14Gi1oy2lIpKzD7cGzdl-s95oaeSNQyRWLEltcOs17g,"Very useful app. Haven't managed to get a PS5, Yet. Was looking at buying a second-hand PS5 from Amazon.De but got bought a few seconds before me lol.",5,0,0.72,2021-02-05 09:38:56,,
gp:AOqpTOEJiDb1QjyCd30gX3xI7uyNPfPjM7IyIA9BXu-XkDdu2Rpw-hQgVEXOC2cgdH6v6ZVdSeZyqeNzAOhY8w,Nicole Murphy,https://play-lh.googleusercontent.com/-KfnH9kl0ZhE/AAAAAAAAAAI/AAAAAAAAAAA/AMZuuckwllFcQrJlfeqj6Ui6OZmb7OJvZg/photo.jpg,"Very Easy to use, still haven't managed to get one but this app has definitely made it much easier for me to keep track of stores launches! No more hopping through 12/13 different websites to try and see if the ps5 is in stock as I know I'll get a notification of there is stock detected.",4,0,0.72,2021-02-04 13:11:52,,
gp:AOqpTOF767rtjHTaA1rXJdP55nssKsVMwWrvfrb2a2UiiQV8PiSIe5F3gO_C9gBHkAgF0tTnh7JuzmWt9hg-Tg,Jamie Allan,https://play-lh.googleusercontent.com/-4kzMpxpLi88/AAAAAAAAAAI/AAAAAAAAAAA/AMZuuckly2rKfLhol3nrMODTrq2w0wZQMQ/photo.jpg,Great app bagged my self a ps5 just over a week from getting it,5,0,0.72,2021-02-04 12:35:06,,
gp:AOqpTOHWHCt2s-dBcSWn_hTSOunmdAZs3rsuqF5lsGC7sCnoSRLpzKm9TceAIrmLzlsWdn1dY6W86o3-alGDEw,Luke Allen,https://play-lh.googleusercontent.com/a-/AOh14GhRgEevdF3dukfvYcNTWVK9K9z5NIIAeu3FJflhb18,Alerts very quickly when there's ps5 stock. Occasional false notification but that's just the way it is when monitoring stock. They're ironing out the kinks though.,4,0,0.72,2021-02-04 10:54:30,,
gp:AOqpTOEYu12MP3GqiAA9XVFQCqeHc4bPdhh7BYWFXlPAS2X3kh7r7rDGNWBqskrAYuAJGo5tqGJsHt7Ok5KbTA,Daniel Palmer,https://play-lh.googleusercontent.com/a-/AOh14GgdvsD0tfTyiqLHBeA1BFNCZmaRyV1RCcBR78Fqgw,"Keeps sending notifications that sites have consoles in stock when they don't. Also sends notifications saying sites are down, when they are not. A waste of time.",1,0,,2021-02-04 05:59:45,,
gp:AOqpTOFo6Uz7HEcZJs6KBThqAxE_xhDC92D4-WP18qxxJscThzyvhcHH83LgIBgT7YeqNEjYQD0-tRN4-IwQzg,Sam Galloway,https://play-lh.googleusercontent.com/-29W_nqbZW_w/AAAAAAAAAAI/AAAAAAAAAAA/AMZuucmGI_tsN05gJ2uCqqK_JgvbyGQEPw/photo.jpg,Don't bother. False positives all the time. Never found genuine in stock. I got my PS5 after a twitter bot notification. After I completed checkout I checked this app and it hasn't even detected the stock.,1,0,0.72,2021-02-04 00:07:59,,
gp:AOqpTOEGMsWZcSKKyBdbJsIyqJJK-AFb-zhyvy21dIf1SpaoqCe5Yf8lH02BftN4LKoFIiKfkHwcKErY6Qvesg,Catherina Ahern,https://play-lh.googleusercontent.com/-eJibng1_is0/AAAAAAAAAAI/AAAAAAAAAAA/AMZuucnkW1Ax-U1F2Fnaa_opBuc2ddl4Lw/photo.jpg,"Smyths went live a couple of hours ago for pre orders in Ireland and didn't get a notification. Yesterday got numerous notifications about Harvey Norman's throughout the morning and there was no stock. I was better off checking every hour myself. Editing my review as one star is harsh.. gamestop went live this evening and got numerous alerts, got to checkout would have been able to purchase but didn't continue as the person I was buying for didn't want the digital version..",3,0,0.72,2021-02-03 12:36:33,,
gp:AOqpTOEZqZDxVdbyvzWDKSC58K-HpFOv-QmXhCQrEtdWj6Dl2_hn8x5vcHwaetW31bHAcS-utKK6jgFqHFJldg,Jake Fleming,https://play-lh.googleusercontent.com/a-/AOh14GhulnlO1OD7j2OafX_5j3Nl5WX8ZcD5R_pYn9uf,Notifications sometimes never come through when there is stock and I am seeing an increased number in fake notifications where there is not actually any stock when they say there is. Don't waste your time,1,0,0.72,2021-02-03 02:21:57,,
gp:AOqpTOHGvj4Mm2jK-iYsf0X8iwA6UX9XNIzzMzhg2D5umEUz_igBm7mHV0slmIIvdgVpo0RQX3sIvab3ZvIK4g,Ps5 Streemz,https://play-lh.googleusercontent.com/a-/AOh14GhLNqsJq4TH__0qcYlenYqB6_f2jB7XIi8Cq_UrXg,"Why would you send people on a goose chase just because a website page has a error. There is no point in a app notification unless there is stock. App can be far too slow at times. App needs work and polishing. Today the app is displaying random text on one of the links and the developer has not done nothing about it, it's like it's been abandoned. Taken money and run off. I will be uninstalling",1,3,0.72,2021-02-03 01:53:11,,
gp:AOqpTOE8UoFspvyvuRDA99_ltUbDXtjehcoJit-nS7nnet1W941VNPyojiYD4ZVv8up-lOJ3jSx_VPAaNHnL-Q,Luke Browett,https://play-lh.googleusercontent.com/-eqODJK6itXU/AAAAAAAAAAI/AAAAAAAAAAA/AMZuuckr63TmiBevXG3AppcITgVukfktuw/photo.jpg,Gave me plenty of false alarm notifications to websites that didn't have any stock. Barely ever notified me to website that actually did have stock and if it did it was far later than any of the Twitter accounts you can just follow and get notified from.,1,0,0.72,2021-02-03 01:23:39,,
gp:AOqpTOGWxQiE4IrHUfBknlkMlnN1prHqp3kIansBNEj317dRX_iU49h5L7CDatIUT8JYCP_Uqx__aOkkjgP7aA,Chris Ford,https://play-lh.googleusercontent.com/-tuZ8uyqS06c/AAAAAAAAAAI/AAAAAAAAAAA/AMZuucniWqqhZviBpiJf0Thv5PGxa7mgcQ/photo.jpg,App completely missed a number of release notifications and then the Twitter account only disclaims after the fact that they didn't actually test for the relevant websites. Despite the app implying that. Giving it one star because it definitely has not helped to identify stock and will certainly not help anyone get a PS5 until they are in abundance. I would be amazed if there was a genuine case of it working for anyone.,1,0,0.72,2021-02-03 01:22:54,,
gp:AOqpTOHbQJqZq_6QfO5jfMm21g3KZr5ZwitwvAJ9P4T3WhDYGNbnSsUsbbYElEZaunTr96NfnTx-J83Um9I-tQ,Diber 27,https://play-lh.googleusercontent.com/a-/AOh14Gimbc3KpWXHxfTcmiWdx6sfAyy7ifxhPiVcM98V,"Seems a lot like a scam and I'm a little frustrated I fell for it. Less than 3 seconds from getting all these alerts, it is sold out. These seem like false alerts and I've gotten nothing but those. Very disappointing.",1,0,0.72,2021-02-02 18:20:15,,
gp:AOqpTOHzx_VTlXSwXKyVZdzi6ZvzJWEeFuIz1Uu6lW8hfMJhHGo3Z-S-s_9Br4W6U7BZCqdHtLXzfUpZqKW_BQ,Jamie McIntosh,https://play-lh.googleusercontent.com/a-/AOh14GiVPgnilIsm9q6cPFmSSBipjxUxPs-9MnuBj1oCRTU,Genuinely this is a pointless app. Loads of notifications throughout the day and none of them turn out to be actual consoles in stock! It also randomly resets itself so you have to keep selecting your country! I love the idea of but as it stands it doesn't do what it says on the tin!,1,1,0.72,2021-02-02 09:22:31,,
gp:AOqpTOFJ_Jj-4hhyqZ2PlyLxji7nt3K5XromUryufj9dvCdQre8BvSK_DAcL2zj9UU0qHeHSPex4IcStnFMsKw,Adam,https://play-lh.googleusercontent.com/a-/AOh14Ghj2W372D5e7S4jneNmjQ9m10ZosAJcXUePeDvpFg,It works. People get bitter when they're not quick enough to secure a PS5.,5,0,0.72,2021-02-01 13:55:29,,
gp:AOqpTOEfZIFSj1hY6_Iqb_ScRW6jKnm1HSdwqYfny7u0VdcymxNlC3Kh-2Ftua1qQmI8ZAhTEJst2D9I4vjjjw,C.O,https://play-lh.googleusercontent.com/a-/AOh14GikuaobMAipiqyJdZyTxcNvF9N0Zi6D7NAFhvyrkg,"Great app, very useful and honest people/person running it *Update* Got a notification today and got a ps5, delighted. Thanks guys",5,0,0.72,2021-02-01 09:37:13,,
gp:AOqpTOFr5gw5Us8iNA31Erikuo2qC6TmzbxB0QfO7y3UmIJK3XETvvJtYj16JLPDixqsQnTLGKH7rRzcyXNpeQ,prophet dias,https://play-lh.googleusercontent.com/-S8E1bqi1Kz4/AAAAAAAAAAI/AAAAAAAAAAA/AMZuuckm9146HSY7hngfhUKXBLaKBQXa8w/photo.jpg,If you really want a PS5 this is the best app for you.,5,0,0.72,2021-02-01 06:02:30,,
gp:AOqpTOFbNs58LmZRYG-K4IEcTDWuVLBVjDknl6BcVMXUPlLAKWMEebF8kBkCKkkGG69k7ntKChURWLOXq6aN5w,Aiden Casey,https://play-lh.googleusercontent.com/a-/AOh14Ghwpkg5R5qvYH8mYS818FASQpip3QL1RL4NroPmJg,Very helpful app. Always gives alerts on time and is faster then hotstock.,5,0,0.72,2021-02-01 05:51:32,,
gp:AOqpTOHy0RAz-a0iYXqHMeY0d6tyozF1E4ZNIotUCcCuSDa637uM4GpCl3WgGcVrAoxmRTD_ScprRoMo1nOe_w,Fernando Cardeal,https://play-lh.googleusercontent.com/-Xqg-xX48xVg/AAAAAAAAAAI/AAAAAAAAAAA/AMZuucnGLCmgIUZZvu1om277FdIsFsiOrw/photo.jpg,"Can't thank it enough. It seems impossible to get a ps5, considering every sale sold out in a few minutes. The app was quick enough to let me know the console was available and I could get mine. It was available for less than 5min and I still manage to secure mine. It had a few issues but that happens, and it's good to see how supportive the developers are and how they are still work to improve the app It's well worth the investment.",5,3,0.72,2021-02-01 05:42:13,,
gp:AOqpTOGTbwbzRnr8nVzr5ARJwZ7XW8zk2qfZZg_8kNrisTMqS5Y6uTUs4YxRhAaagpTEfyQ9OssD8tIpDZ5EKg,Alan Plummer,https://play-lh.googleusercontent.com/-j9LGHe_MeD0/AAAAAAAAAAI/AAAAAAAAAAA/AMZuuckSl2GfDEHJfa6JyN5aUB35D-ju8Q/photo.jpg,Excellent notifications were very quick 👍,5,0,0.72,2021-02-01 04:30:07,,
gp:AOqpTOGrx8Gj7tHDU8NYU46EjwjPnRoIXbJy2IPstAV9xY_B_PFDH3g9V4gk-UdLFyEC01isWlGwYffMVDIscw,Ronan Hayes,https://play-lh.googleusercontent.com/a-/AOh14GibP4dTgysxLYwQX0xYszUavWx8OWqv6CGPrgLN5w,"So quick, best chance of getting a ps5 in the current market. Would recommend 👌",5,0,0.72,2021-02-01 04:27:56,,
gp:AOqpTOF9qOQzV7hKkqZx3mv9wRGZPc0TZ7_gCXwiQZ7R9fHftSJKPnwG03my1QJC_J60RkEVJBoFTgotqfskow,alivewizbang 123,https://play-lh.googleusercontent.com/a-/AOh14Gje723bxggrezu3636GkFEPDerG8gT0GSXdzq_Xiw,"Remove the notification when a site isn't working because you say to check it but we can't because the site isn't working , at least give us the option to turn it off",1,0,0.72,2021-01-31 06:30:06,,
gp:AOqpTOGMO6TAEaAnvqwfwKCbV3IYQllTIqRyI85apAb53iRHO39SsYL9OdfJutzZvLFv-8KdwX5nQVd782db_w,fizzypop1210 x,https://play-lh.googleusercontent.com/a-/AOh14GgYSs-Zh8bsjmNn-nX5BUQiMDioTjNVAoEmauGhFw,"Constantly have to go back into the app to tell it again I'm searching from the UK as it resets to the original menu. Have had notifications for false drops, but for real drops so far I've had nothing, but that might be down to the app resetting itself (again). Please fix asap",1,2,0.72,2021-01-31 04:42:14,,
gp:AOqpTOFK3Rp-PYBQu0BpLpQHKxBB3uKY3zAM5_iNHFDdbEj7ANDOUTjc0LiwtlnKPO1Z-IiZmdokokm6_9WDkQ,Douglas Waldron,https://play-lh.googleusercontent.com/-dZoD_E9Ju90/AAAAAAAAAAI/AAAAAAAAAAA/AMZuucnQHuaqQ6fqW1fu_nZFUScSkUIsxw/photo.jpg,"Great alerts for the largest majority of stores. Just missed out each time, but hopeful will come through ASAP.",4,0,0.72,2021-01-30 16:54:22,,
gp:AOqpTOH8-bEBnxz2e_eBpZOTbD4NZBpExQHrBA4HFfnRhg_FpC426WLJaUwL3TMOhhtEUY7S2dUod2ts45Gqgw,Philip Geoghegan,https://play-lh.googleusercontent.com/-RcnYP1HrjbI/AAAAAAAAAAI/AAAAAAAAAAA/AMZuucnNO5xdRL2_m2Grixq3Y-7ySme0wg/photo.jpg,Smyths dropped this morning and no alert from the app,1,0,0.72,2021-01-30 05:41:08,,
gp:AOqpTOFXkj-s2VbJloJ3h71AC1LGCw5Jzgt8x7I2sMNnh5cngEvyqkJCbVY_Zw5JdVY1VPiS-0oONuimP3An7A,Alan Brady,https://play-lh.googleusercontent.com/-hAXfpcGcnN0/AAAAAAAAAAI/AAAAAAAAAAA/AMZuuckBbM8gkTj_7l3k3r8-Lunr-UGWTw/photo.jpg,False notifications daily. No real use.,1,0,0.72,2021-01-30 05:14:02,,
gp:AOqpTOHwwqDuZaU4k_BZRy06M9Um9FXbGPuC6pmm1muuB8mdv0oCHRbH9Eib3spzkbJM2D_uuNxEunE1EqewBg,Graham 91,https://play-lh.googleusercontent.com/-zyrlWeMUkQ0/AAAAAAAAAAI/AAAAAAAAAAA/AMZuucl-hW6xUVDtIcUXII7dg4YWPRgsiA/photo.jpg,Pointless and doesn't work.,1,0,0.72,2021-01-30 04:12:06,,
gp:AOqpTOFQuWMM0FxEX0j3qIXMtfgToM8sCmbpeg_13Vk4r71Y_bNyR6uaXwI17CkEL6lXnZ2ba6IfbSlQluYAFg,George Nyakundi,https://play-lh.googleusercontent.com/a-/AOh14GiEST4LzLzx6LzUkgCgWb9s2EVAUdj5RtMe1zV5,Please include PowerCity in the list of retailers you scan for in Ireland. It is not there.,4,0,0.72,2021-01-30 02:39:20,,
gp:AOqpTOGYZztd1Xr-1pCiKNXLrYSGxIDIymoC6ei7nIn6fLKXxwhJTDPIFclFXEzI9M0h8MZ9MJ6WH2TIFMD1MQ,Manuel Álvarez García,https://play-lh.googleusercontent.com/a-/AOh14GjDAEdncclceTb2vzlmQsed_9QqYFYut1zfBQuoYQ,"I have the app since the day it was released. Not very good for Ireland. I got many false positives, as the app notifies you when the page on the website changes, not when there is stock, and I didn't get a notification when Smyths dropped pre-orders for 40 mins. HOWEVER, I am aware it has worked well for people in other countries like UK. Also, the developer is trying to do all he/she can to improve it everyday. Worth to buy it if you are looking for a PS5, just in case it works for you.",3,0,,2021-01-30 01:47:54,,
gp:AOqpTOFhAJnQCmx3Cg_txj42ycyWtYdMtV5OthbZRqgySnUd1UjMpScZOwTNAk-fmXtsu4U_22pQGGXfRSLgMg,Matthew Sel,https://play-lh.googleusercontent.com/a-/AOh14GhPKIlWm344rjdeeC6DGa9JDeUx7TicGIsnqiH1,"Rotten Doesn't do alerts well for Ireland at all, none for smyths drop at 08.15, 30.01.21. Have to say waste of money.",2,0,0.72,2021-01-30 01:04:56,,
gp:AOqpTOGe4wJbxlzLg82Eyqi_L4GiCikCE4jNYmj9j9J9e8dkreVXj-PSneeU_Mma8-zICiQuuHstznaRLKK_lQ,phil marsh,https://play-lh.googleusercontent.com/-kvhKg2u6_Zk/AAAAAAAAAAI/AAAAAAAAAAA/AMZuucnlmfCkb2mvsCNekjFDCY_AQezA3A/photo.jpg,"During the recent round of ps5 releases when scalpers were doing there worst I did not receive one notification. The free app hotstock at least gave notifications, even though the scalpers got them before i could log in. It is cheap to buy, but pointless. I would give it 0 stars if possible.",1,3,0.72,2021-01-30 00:49:13,,
gp:AOqpTOH7mk4PnduuWzsezsZ7zTpp-ZH4cw8SyjHmal7RGIC8INM2IP_YKvbklI90XaxJ6EWxb2GiFqegw4-ohw,Alan Peters,https://play-lh.googleusercontent.com/-Ka5nvRzxn9o/AAAAAAAAAAI/AAAAAAAAAAA/AMZuucmsISuICDjq-XdGRZLz2gldLxOoLQ/photo.jpg,"Doesn't search is the app isn't open ive not had any notifications and if I close the app, it seems to forget what country I live in",1,0,0.72,2021-01-29 16:48:59,,
gp:AOqpTOEh5Ig8wLweRsp2k_3hyz4tk08vtfbo1fNuDdMY10X1GiGo1d_PZMF0vUqhmwdMLhvZ2ub3QWStmUUUTg,Bob BAILEY,https://play-lh.googleusercontent.com/a-/AOh14GhkQtiakhf0Y5uETCDNuNahkpZKDGz9EDDnfRZV,"It works pretty good, it's pretty new so there is bound to be a few bugs. I haven't gotten very many false notifications. Hopefully soon it will help me get my ps5.",5,0,0.72,2021-01-29 11:09:19,,
gp:AOqpTOHR3PQbNm7CD9giYcU_aI-y4VHfmxK65nhOzKMFnsnG_sXmdxymBtWxUNbkesjvbuK_RRnZYSjymTFdfw,Selina Jehu,https://play-lh.googleusercontent.com/-j3u6K26c-Zo/AAAAAAAAAAI/AAAAAAAAAAA/AMZuucmZF3xLy6omhukMvYaHTpNa9cUHIQ/photo.jpg,Not getting no notifications!! Says in stock at argos and there isn't!! How do I get refund. Rip off!! Would give zero stars if could,1,0,0.72,2021-01-29 10:03:02,,
gp:AOqpTOFz0iFjimcADJmGbShvhwOJuDIyzf14x1Ckms75zZ469v9yJdHN8TQadIbMFv5sm8sqM3ygqwPpaTTIjA,Mitchell Davies,https://play-lh.googleusercontent.com/a-/AOh14GiXiGm1Z2vKYJEc1S-jIAFSXj4IHfn35PKBbzCI,Haven't had one notification and there has been drops everywhere so uninstalled straight away..,1,0,0.72,2021-01-29 04:41:28,,
gp:AOqpTOGOr2p6ZNXLBosx3Mo76UKxD3gx2hipjmQoso92ltwwmuruYvMvR38VqmPWGzlWpnfa_SGJP_4YoFZf4w,CandyClouds,https://play-lh.googleusercontent.com/a-/AOh14GicBg9doUOhkxLKYdfEbK4e7LCjoWuvu7Isy9bajQ,I think the app is a good idea and has helped people reach their goal of finding a Unicorn aka PS5. Hope to find my Unicorn someday soon. Until then thanks for making the app and helping us get a heads up :),5,0,0.72,2021-01-28 16:31:06,,
gp:AOqpTOHgF0wdFSdtpt2XGDIVEv1Hro-yp5BlaFcoPy7MWoWZ6m1VogGeFftwOGmw8dovsr6vSEDhDXiO2RlU0g,Abiram Reddy,https://play-lh.googleusercontent.com/a-/AOh14GgiPd0KOLK0Cx2kYw8cwPTAQkpX5_P1Kg6Rng2aVw,Works like it's described.,5,0,0.72,2021-01-28 03:36:22,,
gp:AOqpTOFJqhOlTT1A04gspJPfXu_ste2yNlCuUydV_LtTloLUYXV1eY7zlc9BO6jbb93SwG8kpMNhu40w2Yfx3Q,Kimberley,https://play-lh.googleusercontent.com/a-/AOh14Ggwo_q0JkKsx_JqqWVoevps2AzXr6J01H0hnapDXA,I was notified immediately of an Amazon stock drop on a Monday and have been playing with the PS5 since Wednesday! A couple seconds quicker than any Twitter notification that came through for me. Thank you :),5,0,0.72,2021-01-28 02:00:23,,
gp:AOqpTOFMdFtt8wB7mhcA9vCdnx0OXg3l7gVQyY6c-b_fxLmkpnMjZhF6WpfKh4B4PRtVR6ZmoPT29NPBOzXaPw,Alex Patel-Cook,https://play-lh.googleusercontent.com/a-/AOh14Gidivg-Wna_ljCoy_tCPbEuHvtSJNF6Y0EvY3xE,"Seeing lots of negative reviews of this app. I've seen success multiple times from other people on twitter and the team are good with twitter communication, they work around the clock to help the regular buyer a chance to beat the bots and scalpers",5,2,0.72,2021-01-28 00:20:55,,
gp:AOqpTOFgWj83fWjdcYjw341S0IFeWIBl0Fq2pUuXh256LuuCwY5UGLj8_9DusvEgPL5NHHQm6VSdNeckRNds2Q,Graeme Mcgurk,https://play-lh.googleusercontent.com/-T2a7n-QUzVU/AAAAAAAAAAI/AAAAAAAAAAA/AMZuucklvXOgh0H_G0BsXhg1evUxS142nQ/photo.jpg,Too many false alarms. Did get swift notifications for various retailers however eventually got my ps5 from argos and this app doesn't give notifications for argos,2,0,0.72,2021-01-27 10:45:27,,
gp:AOqpTOFdkZA1DOh7yObsUx7VqTtTYaaNX27PRZNCW4Eaj9WQcBjtZlXNQS2MvBUMODXuyHEDja1KCRi_fRdCJA,Lianne Elliot,https://play-lh.googleusercontent.com/a-/AOh14GiulYkgV5kNbLDt8gqMAGbA3uUib3W409lFOH2-jg,"Thank you, I was unsure about this app but I have now actually got a ps5 from using this app, happy bf now lol. Thank you 😀",5,0,0.72,2021-01-27 09:56:14,,
gp:AOqpTOFMRHB1Niit057axiQPo3U8o5GudVcSu0xufEUQxi3oeg5b_4QFMAxac9-TgdThCnhO2_e9_UratujkOg,Laura Raine,https://play-lh.googleusercontent.com/a-/AOh14GjtXNqREhMWAzemrHKVJLwg7LGJGb41gGNuvk7Uyg,Got ps5 3 days later from amazon. Thanks!!,5,0,0.72,2021-01-27 09:55:54,,
gp:AOqpTOHR1_fYZyDH1pU7Ll9SbWc9GlJLoS4bVrIvTGs8WjpgKUKw_VElTEeGBAHGpItxea5qEEn4gPjXa2R51Q,Don Corbett,https://play-lh.googleusercontent.com/a-/AOh14GhIwZJ1tdFeMa3kS6_3GAR9kPUIynr2NjS2inuE2Q,Update prior 1 getting 3 now. Responsive developers doing their best. Still missed out on Argos and very though. Getting fake notifications two mornings in a row. Please fix,3,2,0.72,2021-01-27 06:21:44,"Fixed!

We send notifications in less than 2s and we scan all UK shops in 1min10s now!

IMPORTANT
To improve chances to receive notification right away please read this: https://documentation.onesignal.com/docs/notifications-delayed",2021-01-26 05:27:30
gp:AOqpTOHeZg4Qk5fIjLfLRkqxflU2XYImTKoDW_SB07dIY8h5-kCSKewA-5m69HrT0ov4Y_il25KanFH6VFz7mw,D N,https://play-lh.googleusercontent.com/a-/AOh14Gh83CPHBLyZDQL_m2Z_VQu_F_bBw4twHsRPbjMudg,"Accurate, updated and always perfectly on time",5,0,0.72,2021-01-27 05:35:18,,
gp:AOqpTOFepQbqnw2ftH4Gg1ph-r9zVVu--QuXW4vIO5XQkRvNYP8JGbZy7WVU1JnUn9BEXcmYKEXuYnzLuOOKOA,Kelli Barrett,https://play-lh.googleusercontent.com/-rcILPmoUWWs/AAAAAAAAAAI/AAAAAAAAAAA/AMZuucmneVqHMEzWs1i1WVv761qdjgQ1LA/photo.jpg,Great app. Fast. Works 👍,5,0,0.72,2021-01-27 05:34:23,,
gp:AOqpTOG6U9-pnzQwjb6bfKfivwBdNf-IE4i3WpbrX6yY2jyIKA1K1Q_pqy8k12CIFAZuQoJCMUe1wqo2IV-RRg,Enrique Peinado,https://play-lh.googleusercontent.com/a-/AOh14Gg_VsbocFzs3Ge7IertM1N7yY-8wH2Ou1MIJqboFw,Amazing app with alerts from stores all over the world. Guys work constantly for updates and ways to make notifications get to you faster. 100% recommended,5,0,0.72,2021-01-27 05:27:53,,
gp:AOqpTOGANON8dv5NXxTCkx1WRPB-9qmcnDERF3s39_bvxDQ9GTUiGzdO2U7Cypz_htkEDEhTGRr5nvTjFnYPnA,Malachi Williams,https://play-lh.googleusercontent.com/a-/AOh14GiPt5VManzLm0_x4JOUauFr33a42at78Pzu2xRDLg,Every time I leave the app and come back in I have to reselect my country again. And I've received no notifications as a result,2,0,0.72,2021-01-27 04:08:49,,
gp:AOqpTOHUl5ScpcW8oXzlgeyamCu5G_A4ot9ZyO34ev7GxQIuEsxh8e5jZVoTq50dgDl6ZP6jlf5l1w4BLtd03Q,Damien Hill,https://play-lh.googleusercontent.com/-xvylJJyMnXw/AAAAAAAAAAI/AAAAAAAAAAA/AMZuucnAG4zKeedWp90oaN8FLRMNhmL_eQ/photo.jpg,"This app helped me get a PS5 from currys and two friends got ones in Ireland from DID using this app. Its not going to 100% find you a PS5 but it certainly increases your chances. For 1.99 I am very happy, was able to turn off all the nonsense twitter notifications and relax with my new PS5",5,0,0.72,2021-01-27 01:52:32,,
gp:AOqpTOF2T-i8GcS2U1NTuEjLG96WxPsY9V_7XQiLlmfbDhXcCWys57HnC_9s4N4yHDlZsRFHechaGhVDuytSvw,darren holmes,https://play-lh.googleusercontent.com/a-/AOh14Gg9i58YALrGy-IOp2ct_spY1yzXfsI2LvEU2_O4,Completely useless don't get notifications waste of money.,1,0,,2021-01-26 12:53:07,"well, those Argos stocks were only localised stocks, we don't cover this special case, we would have to deploy more than 100 checks in all your country, impossible, follow UK twitter accounts to improve chances. To improve chances to receive notification right away please read this: https://documentation.onesignal.com/docs/notifications-delayed",2021-01-26 05:21:59
gp:AOqpTOEh9vbbnUtXIkK1c8BaFj68q53kPPcWVeBtxNfVYaNhF0ksyOcfPS5NBRTc1BHXPT7z_fjsqyF-wL0-tg,Chris Thomas,https://play-lh.googleusercontent.com/-TUJpHcFBaZA/AAAAAAAAAAI/AAAAAAAAAAA/AMZuuclQ5-ZmfD8J_8NkRK2D8X0pocYs-Q/photo.jpg,Very and argos got stock and got no alert,1,0,0.72,2021-01-26 12:06:44,"Those were very difficult to detect, Argos was a location based drop, nothing we can scan here. Very has secretly release an unknown to public URL, we cannot guess it. Stay with us, we will make you win eventually. Sorry you had to remove your comment. good luck",2021-01-27 06:11:24
gp:AOqpTOGOzSm4ej5xRUGgVajQFXfcVFxldxl4phcLac5XkUSl2Qi2MTEdvNcJNK35muyH6WC5nVkRmifoq2qHtA,Dominic Ravary,https://play-lh.googleusercontent.com/-BTC3jUmZAoc/AAAAAAAAAAI/AAAAAAAAAAA/AMZuucmPqhxE0CkbK9KmUe8XrYtJGXENtQ/photo.jpg,"Missing websites, there's only 3 for Canada, missing EBGames, the source, shoppers....",2,0,0.72,2021-01-26 10:58:16,"cool! thanks for your comment we'll add them asap.
We will come back here to let you know",2021-01-27 06:12:04
gp:AOqpTOFlQYA3PmHmbo11KumVGf5T3ko0fnB6O9I0x6N1QUeIop2Fq5VD-t-LqpQBOSgAqTwpEwcr-RRoMaxxkg,x_ Respawn,https://play-lh.googleusercontent.com/-GNX8_59UcRU/AAAAAAAAAAI/AAAAAAAAAAA/AMZuucl_-lLBOduwsnnnuYgy8JygJDZYjw/photo.jpg,App does not send me notifications even though I have slid the bar to send notifications. It also didn't notify me of the argos drop on the 26th nor the very drop on the same day. If it was anymore then 1.79 I would have requested a refund by now. Shocking if you ask me. Untill my issues are resolved its a solid 1 star and I wouldnt recommend anyone purchasing this if they are experiencing the same bugs as me.,1,0,,2021-01-26 10:50:05,"Those were very difficult to detect, Argos was a location based drop, nothing we can scan here. Very has secretly release an unknown to public URL, we cannot guess it. Stay with us, we will make you win eventually. Sorry you had to remove your comment. good luck",2021-01-27 06:12:31
gp:AOqpTOG7IztKMRVZM0NAc5Rj1NmmgME2c3RiI5UiwUVrq415F0jKVga5zkgervJ69c2aF-k0BPW_DP0axFEifA,Daryl James,https://play-lh.googleusercontent.com/a-/AOh14Gi5tJhIFk5NbcsyzXd-vwCrYn_E4K-DaD6W5VmZ,Stock in Argos today and I didn't get a notification even though I selected to be notified even when app is closed. Thanks alot!,1,0,0.72,2021-01-26 10:05:00,"Those were very difficult to detect, Argos was a location based drop, nothing we can scan here. Very has secretly release an unknown to public URL, we cannot guess it. Stay with us, we will make you win eventually. Sorry you had to remove your comment. good luck",2021-01-27 06:12:18
gp:AOqpTOHoYq-IqEkYXtRu0POwTeYU-_m8UOxWijIsanuM3sFOIDkCa3_Jk99EqcpzPWgUT8HNczz7d77_D5BR7Q,Nico Hamilton,https://play-lh.googleusercontent.com/-G6uKdZcKecM/AAAAAAAAAAI/AAAAAAAAAAA/AMZuuclWaCA13xA4J-MHQxCU_iYzJtyg1w/photo.jpg,Total waste of money not one alert!!! more like a scam..,1,0,0.72,2021-01-26 09:46:02,,
gp:AOqpTOGDhTcHzIdXcdh_pRsjCNDP56fC5gAJ7a4Zp-8TkXhDc98VG2m2rH5csJ0DG_hoZd0p6SoO9CN_mbONIA,lee crook,https://play-lh.googleusercontent.com/-0YjWTexAzQ8/AAAAAAAAAAI/AAAAAAAAAAA/AMZuucnVpv0cdl6iP3fjEw8gDGRE0BXneg/photo.jpg,Good idea needs work The app shows out of stock and checks regularly just doesn't give alerts when stock is in. Very good idea to combat the scalpers but not quite there,3,0,0.72,2021-01-26 09:15:31,,
gp:AOqpTOH8D7gCHw2sGPRcknC5dZtAGlXyF2I6AuywYRZ3XgDglPLTlVZqhc9uaI7xwhXWzJmCXhl_J-_Lr9GD7g,Jay,https://play-lh.googleusercontent.com/a-/AOh14GhIEVeVPE6DyokKwK5XdGmHNmrwLZCDG1w_H7XTcWw,If you want ps5 this year don't bother with this use Is way faster and free lol Edit today Argos released ps5 and still had no notification so uninstalled waste of money stick with Twitter way faster,1,2,0.72,2021-01-26 08:41:31,Fixed! We send notifications in less than 2s and we scan all UK shops in 1min10s now! IMPORTANT To improve chances to receive notification right away please read this: https://documentation.onesignal.com/docs/notifications-delayed,2021-01-26 05:40:22
gp:AOqpTOEDOlMUPW5h3Gnz3JPXH3xq20x45mjOsQkEdcwk5nWfNCEnl-XE0VloEv4ASKxIuVTNNFgbqWeLLNa6VQ,Adam Tabb,https://play-lh.googleusercontent.com/-pHoqKJZz25U/AAAAAAAAAAI/AAAAAAAAAAA/AMZuuckwht5Z8i9KU7h1YlVvJQRy5JGFjA/photo.jpg,There were several stock drops today and didn't get a single notification on the app. I have everything setup correctly so not very happy.,1,0,0.72,2021-01-26 08:06:57,,
gp:AOqpTOGGCTK8rU49MwPoDI590VcnT0_LO5luPnN2JrmQEfR2JqR41vlzkDYTkN-B7he2s08H1MKMmbndd09QJQ,Jack T,https://play-lh.googleusercontent.com/-COY-ZKF5ISo/AAAAAAAAAAI/AAAAAAAAAAA/AMZuucky6ks-nc5W3k8Q4ZPcXH2PHb4Elw/photo.jpg,This app is mega shite. Do not buy it. Missed loads of vital drops. Refund please 👍🏻,1,0,0.72,2021-01-26 07:35:55,,
gp:AOqpTOHliltQkbmZWQsqnnzFEhlazTAwtjbX6eDhovu5zeX1BThhV5FZK5iBLKrX7Ro7Vj6Gi9LWp8UndfYjfA,Michael Quinn,https://play-lh.googleusercontent.com/-9MWvYXFDKp8/AAAAAAAAAAI/AAAAAAAAAAA/AMZuucnibpwpoSLvLOqRAXn2Ee5qYuWisA/photo.jpg,"Save your money and dont bother with this app, I downloaded yesterday and the app has missed every drop. Not one notification.",1,0,,2021-01-26 06:28:47,,
gp:AOqpTOHMJRN4AEG9KiXfHqOLIZDubdVB6vNrO-13EsixAgzUo23Rked39f0AEGjnK0WRYWCy-U_7xXH3C5472A,Kev TDD,https://play-lh.googleusercontent.com/a-/AOh14GitGfojrpoosNcT5-ixwr6nWG3Z0RxYWqIP9Dumuw,Didn't work,1,0,0.72,2021-01-26 06:23:49,,
gp:AOqpTOFJWVKRnqemUIAe2xaY2L2GnWBLlTJwQcjhKtbblH9FwVzKfJ55aLlB_PvMTdt3QGUTbwNwAF0vHHTMpQ,George Dick,https://play-lh.googleusercontent.com/-w1IuL52Z-G4/AAAAAAAAAAI/AAAAAAAAAAA/AMZuuckMXdXbXFZaP-MnSYepplFcgkL7SA/photo.jpg,Useless.,1,0,0.72,2021-01-26 06:23:47,,
gp:AOqpTOHusqH6j7dgF6YIXv9HlfTgS2E_MJUrTDHaMAafQktqD7MRRAApHk3rDFFbjhowTkfR2MksDjgrrpt4Uw,Mark Allen,https://play-lh.googleusercontent.com/a-/AOh14GhpsfULz6fVSuMyzKranaBIT1-IjXXDE4w3LqQszQ,Don't waste your time with this app. Its fundamentally floored because it uses hard coded product URL's to check for stock. If the supplier changes the URL for a product (which they all do to avoid scalpers) the app is useless. Nice idea but a waste of money in my opinion.,1,3,0.72,2021-01-26 06:19:05,,
gp:AOqpTOHelze8-6vrmoNjLGDVpIwkDmdiUscW3t6fRj8NVcrauf0N0KyGAmy7qRPWBB_Caz25OZ65o3iBj3Sj7g,Paul Fitzpatrick,https://play-lh.googleusercontent.com/a-/AOh14Gj6oqeMjDi5svQk7MoqESxk5q3LGjNkn2O8XuI,It don't work the notifications are miles behind the second I get a notification I click in and cannot get onto the website I'll just wait until all these scrubbers who need a job stop buying them all up,1,10,0.72,2021-01-26 06:15:40,"There was simply no stock, we alerted DID and many user secured a PS5, hope you are one of those!

If not, IMPORTANT To improve chances to receive notification right away please read this: https://documentation.onesignal.com/docs/notifications-delayed",2021-01-26 05:36:02
gp:AOqpTOELhwjaANc0llX5D6Ec0d9j9sN9j0OS_jN9IhIRpx9qKOI13ldP5XzGBFSjPHabHDYBpJxI7qKeiFN43g,Billy Wright,https://play-lh.googleusercontent.com/a-/AOh14Ggn8oHUINlzS3pzfMZfigp0WaMtJmacwFQGZYTG,"Waste of money, been numerous drops in last 12hrs from multiple stores that this app supposedly monitors and not one notification for any of them.",1,0,0.72,2021-01-26 05:55:08,,
gp:AOqpTOH1DkYGSOohTClgzaDkqRQpvC1Gv5BlTdMzYHTWfOezUzCfVNYwPTPzKUOsLl2AiFY3A2pYwmbsM9BB4g,Paul Cocker,https://play-lh.googleusercontent.com/a-/AOh14GijPA_NiixOGWptCEUkHlBHJ3YQtgWtZCP1N7D7Pic,App has missed a number of stock drops in the UK. No push notifications despite turning the selection on.,1,0,0.72,2021-01-26 05:54:56,,
gp:AOqpTOGsLH6tarfbiOX0F-DzwnnsMTjeA0NqFqFAsAMBS07iJzZYfdiZDQR-zGvrVVVjR0BhzmoWYQZ2vwNR-w,BotchMayhem,https://play-lh.googleusercontent.com/a-/AOh14GiZWu03tAvRtPTGExkq6UorQfKq1ZgglcewhJ3Yi08,"Save your money. Just follow pages on twitter, that works better then this app.",1,0,,2021-01-26 05:47:59,,
gp:AOqpTOEsP6-a_MhN53cidalOA-tKtK3c59muvxmW9DGbY10iMiCV2PQCCXtEwRySYv7ztv7iKLXBVNdMzllPNw,Lallu,https://play-lh.googleusercontent.com/a-/AOh14GgMkytqdOB_x0p1RJxmzZVsnhm9spfzB0c7TGDyQw,"Didn't notify me about Argos or Very today, your app looked a lot better than it actually is.",1,0,0.72,2021-01-26 05:44:35,,
gp:AOqpTOE5wzOrbsALvNUdf3384RnQ3vnQ1vjPHQisvAr5S0MzWTWegUze_cs9Y06xnWXOnSjxEay-uy7eVVgqcA,Ricky Connell,https://play-lh.googleusercontent.com/-FCyoSkrvTRA/AAAAAAAAAAI/AAAAAAAAAAA/AMZuucm8PBRVmvBISqvg9ExFkGdqprVYig/photo.jpg,"Utter waste of time and money. App decides to reset itself at random (so you have to choose country again) and appears to stop working in the background, despite changing settings to allow it to work in the background. As a result, I don't get any push notifications and now missed two drops on the same day.",1,7,0.72,2021-01-26 05:44:19,,
gp:AOqpTOGAjj3fMnVbycTM-ZTkvItQdRcTnrVJtnQyfH1-ZdQ5FlWB89GEDBROsO-LZk2WS7AtpkybuEiy4x6KfA,DHzero1999,https://play-lh.googleusercontent.com/-JZN2iORggmc/AAAAAAAAAAI/AAAAAAAAAAA/AMZuucnAwOECQ0ubhd4t3bRNDHnr0VFqiA/photo.jpg,"There was a PS5 drop at argos today, I had notifications for this on, and not a single notification to say that they had stock, waste of time, and money.",1,0,0.72,2021-01-26 05:13:08,"well, those were only localised stocks, we don't cover this special case, we would have to deploy more than 100 checks in all your country, bummer impossible, follow UK twitter accounts to improve success rate.

To improve chances to receive notification right away please read this: https://documentation.onesignal.com/docs/notifications-delayed",2021-01-26 05:19:00
gp:AOqpTOHn5AIPpaa6IC6lITmeNzXYyWsJZziJujkxBRm2_s5w3X5KVxYR5DqeND5dO2CZcnXcY_5Xw89W7vnlXQ,Gavin Conran,https://play-lh.googleusercontent.com/a-/AOh14Ghz2caIy5my-KiDtzPADoCZx6seefz-kwGKaMJRqSY,"Seems to be working away, but hard to be confident of that when each time I open it I am asked to select my country again.",3,0,0.72,2021-01-26 00:49:14,"Yes, true we are working on this, we will soon publish a solution, rest ensured that it works, if you see the toggle ON in your country it means it's available.

To improve chances to receive notification right away please read this: https://documentation.onesignal.com/docs/notifications-delayed",2021-01-26 05:19:05
gp:AOqpTOGIym1qLLrnLCbdAhKzCYV8h8coxeeVvc75VfztzFodUcLY4qcwGck6p6LF9mU5u9SRnlw7zobq8rzeaA,Tom Booth,https://play-lh.googleusercontent.com/a-/AOh14Gh6oB0qQ7uc1XPFXbs_7tZveSbPChNF2w01UmwAGA,"Gotta say this didn't help at all, you're better off following a Twitter account and turning on their notifications.",2,0,0.72,2021-01-25 19:50:20,"We secured many PS5, keep on using us, we recommend following twitter accounts and using @hotstock_io and our app altogether, everything that is efficient in our field is not 100% efficient, but altogether combined we get you to higher chance of success! Thanks for trusting in us and taking time to share your honest opinion.
",2021-01-26 05:21:00
gp:AOqpTOG0SRq4d6ppo59WGTzo0-ZnxKwYXyCdV27394zyBT2cM2corr_isY_yNt4xqnoPUFmck_o543e2v5milw,Kurt,https://play-lh.googleusercontent.com/a-/AOh14GgE0lb4Wl-rRc0W7MdjH0JbtbC2eq7_1dAzFKeH,A full Argos stock drop and not a single blip of any according to this yet Twitter going off like mad with people getting them,1,0,0.72,2021-01-25 19:41:36,"well, those were only localised stocks, we don't cover this special case, we would have to deploy more than 100 checks in all your country, bummer impossible, follow UK twitter accounts to improve success rate. To improve chances to receive notification right away please read this: https://documentation.onesignal.com/docs/notifications-delayed",2021-01-26 05:21:17
gp:AOqpTOGu7NfN4turqKnA01mre_MTFXM6RrrHrvFyRlac4EvBg_aQPAKF8G0wa_EApNtpUYUPloFJ6tDlXSnZ0Q,luke prout,https://play-lh.googleusercontent.com/-2k3ElR48J4Q/AAAAAAAAAAI/AAAAAAAAAAA/AMZuucnLCTt3Brlc0Eof44clB5m5ic5ZVQ/photo.jpg,Got one today thanks to this app! Thank you,5,0,,2021-01-25 11:32:06,:))) Excellent ! thanks a lot for trusting in us we are extremely thankful for your review!,2021-01-26 05:22:37
gp:AOqpTOG78UucHsDjLviNzXEQ6x4kUY-wIgtSCcJpug6FbOeyUgwZA25f_iFM5lSI7d4Lj5tzt_HcqK5UOaYhyA,Dan Dorricott,https://play-lh.googleusercontent.com/-wLNBqsoXkNw/AAAAAAAAAAI/AAAAAAAAAAA/AMZuuclJErWxvGJ5mnHf4lwHOYVRDzclDA/photo.jpg,Fantastic app. I got an instant notification as soon as the Amazon drop happened this morning and have managed to bag myself an order! Extremely happy and worth it for anyone keen on getting a PS5.,5,2,0.72,2021-01-25 05:27:31,:)) Perfect !! You are a lucky guy anyway!! Was a tough one!,2021-01-26 05:23:00
gp:AOqpTOF0hvCAk-0KGaDNetr5iIRtdnfLyumXEJi_-wMupWCYygFiUEay4R52ySGJo3-kayAiwFez0h_yUIC51g,Paul Spittlehouse,https://play-lh.googleusercontent.com/-zUkaMXf5zY4/AAAAAAAAAAI/AAAAAAAAAAA/AMZuuck0jIr0n4obvAcpNjwqjx-b2DmfPg/photo.jpg,"Failing to secure a PS5 since launch I downloaded this a week ago and it paid off, I secure one from Amazon today. Thank you",5,0,0.72,2021-01-25 05:09:06,:))) How cool is that !!! our hard work pays off and on top of that a exquisite review!,2021-01-26 05:23:27
gp:AOqpTOH2WIJEKvtMK9-Ms65HB_XWCFR0XZXfsbHWuNtpWFt3hiR1a_WK0JS8tQKyR68hDK-awIKbvhWGM3pttQ,dan lavender,https://play-lh.googleusercontent.com/a-/AOh14Gjp_qMwBY-oxzgIOoL1qyj56lGNYJPXRfJM7HWDpjk,Keeps notifying me of stock when it's not even in stock. Waste of money,1,1,0.72,2021-01-25 04:33:55,"Hello here, we are sorry you received some false positives, we are now super reliable and increasing server power and better checks every day! If you feel we are getting in the right direction, increase star count!

To improve chances to receive notification right away please read this: https://documentation.onesignal.com/docs/notifications-delayed",2021-01-26 05:25:20
gp:AOqpTOGWYGfDDcT-WAbPi0dGiMarQ0mwNYxDb38Hng16ESxpXMkLZ6con73_fnQ_My_lvemBuJG-5WngnycT-w,Shaun aka13,https://play-lh.googleusercontent.com/-fbzPqtO4SCE/AAAAAAAAAAI/AAAAAAAAAAA/AMZuucmtPiJSsnBK5FswOre4tkrz-Oc3HQ/photo.jpg,"Thank-you!!!!! Bought this on the off chance it would work.. and it did. A couple of days after buying it, i secured a PS5 from Amazon today 😀😀😀 best 1.79 spent hands down P.s. 2x false positives for GAME but rather have that, than no notifications at all. TY GUYS!!",5,0,0.72,2021-01-25 03:07:18,"Yeah that's why we are here!
Beating the scalper bots just like that!",2021-01-26 05:23:51
gp:AOqpTOFZjw5Fjb0JFull4iX02tZOwadTudi_mTFEHXgAk5hP5Rds2ym0mTzRR_TsVachNkUHLJlkvpyS5nBQrg,Carlos Ortiz,https://play-lh.googleusercontent.com/a-/AOh14GgIAvDMnpSImpG7rEVc82LuEoGQ0gS8hUxyx2qwnA,There's about an 8 minute delay compared to Twitter but 8 minutes mean there all gone. A good effort but not worth the purchase,2,0,0.72,2021-01-25 01:52:05,"Hey Carlos! Thanks for your review here, we are sorry you experienced lag, they are not in our control we send notifications in less than 2s and we scan all UK shops in 1min10s...
IMPORTANT
To improve chances to receive notification right away please read this: https://documentation.onesignal.com/docs/notifications-delayed",2021-01-26 05:27:00
gp:AOqpTOHl_gVx9JhorigN9AzWrcvbH4qDhHA25JcJkXt8SHDFx6p6LhaP4UfgFqWghKNxp5os4KLxNV2WwcLlqQ,Kittle Beans,https://play-lh.googleusercontent.com/-95tSgXDHOYg/AAAAAAAAAAI/AAAAAAAAAAA/AMZuucmSSv9ltM_TRVorp3ox3dk6t8dJZw/photo.jpg,I recieved 2 false notifications for GAME yesterday that never happened. If the app sends out false notifications when there is no stock how can I rely on it to send out real notifications when there is?,2,2,0.72,2021-01-24 11:45:37,,
gp:AOqpTOHiSADO4sRLI0xCE_Gx9fd45coFyJglkNWQUc4XsSiLarYyeA689n1wc3R6IrfGMI5uoGYcuZoO0V__Rw,Zac Meli,https://play-lh.googleusercontent.com/a-/AOh14Gib_ANNgtQYoj8JT5XTe-WFMKwBtNtFnIFwQ0hGYw,Notifications come through too late and am also receiving false stock Notifications. Shame.,1,2,0.72,2021-01-24 02:20:49,"Fixed!

We send notifications in less than 2s and we scan all UK shops in 1min10s now!

IMPORTANT
To improve chances to receive notification right away please read this: https://documentation.onesignal.com/docs/notifications-delayed",2021-01-26 05:27:40
gp:AOqpTOF03RH7FfAUvM47lJLuBKZWMHI5hy_CVyjbY6rSAYL6xMVZ1sVTBQMNSEHacAsjdQbN57WfrOj22l4JFg,Jack Sim,https://play-lh.googleusercontent.com/-T3b8cJPY3ys/AAAAAAAAAAI/AAAAAAAAAAA/AMZuuckyUGSTAq1TlW_VIMNlJq5pt55exQ/photo.jpg,"This app is utter trash. Pings falsely when there's no actual stock, and about 4 minutes slower than any other ping. It's also such a class feature that you need to select your country every time you open it. That doesn't get annoying really quickly. Mad props to this guy for cashing on people's desperation by slapping together a 2 bit app, he's at least slightly less harmful than a scalper, he just influences more people",1,9,0.72,2021-01-23 14:26:16,"We are working on fixes and you are absolutely right about the country step, we are saving the country in the next release.

We send notifications in less than 2s and we scan all UK shops in 1min10s now!

IMPORTANT
To improve chances to receive notification right away please read this: https://documentation.onesignal.com/docs/notifications-delayed",2021-01-26 05:28:31
gp:AOqpTOHvG4ejy-7a2zVpvwovdzJPzql_jQtq440Ml2GOgefe3a6jjdYnoIRzZ64B-L-X6qmduKByztT5DY5sAg,A Google user,https://play-lh.googleusercontent.com/EGemoI2NTXmTsBVtJqk8jxF9rh8ApRWfsIMQSt2uE4OcpQqbFu7f7NbTK05lx80nuSijCz7sc3a277R67g,Review changed ::: due to listening to us on twitter. I and many more didn't agree with the game side of it just glad you listened 👌 Top app its not managed to bag me 1 yet but 🤞🤞🤞 it will soon 😉,5,0,0.72,2021-01-23 06:54:04,"Cool!! We are dedicated to making this app the best stock app, next update will address many more user feedbacks and feature requests. We are finger crossed to make your PS5 coming right at you ASAP

IMPORTANT To improve chances to receive notification right away please read this: https://documentation.onesignal.com/docs/notifications-delayed",2021-01-26 05:29:47
gp:AOqpTOFH0AzYg9IIFXVTR49K0y1YJ6B9jOmAEVqWuwLaBAB77XR0xcKlaTl6s_tEYZJhF6u2HQw9yO7yFDGkyA,Jay B,https://play-lh.googleusercontent.com/-zP8aDuMvBb0/AAAAAAAAAAI/AAAAAAAAAAA/AMZuuclq75bD1pgKdWlm8plNRAwO-ObDuQ/photo.jpg,It's a great app. The only thing stopping it becoming 5* is that it lacks the ability to apply a filter so that it only displays disc or digital PS5's only.,4,1,0.72,2021-01-23 03:51:03,"sure! that's something we are working on!
thanks for the amazing review and good luck for the next drops!",2021-01-26 05:30:25
gp:AOqpTOFNWfP5fPFPEI0sHotG-q_7LOtbYs0UkdRLrVnqrt_LsoCmrltXhoNBRJI4ExWDx9FCydd1DoIR6PUCNw,TheBreadMan22 1,https://play-lh.googleusercontent.com/-iP320IDULO8/AAAAAAAAAAI/AAAAAAAAAAA/AMZuucky4JD8Uh2we0_bf-md4MM5rmvLNg/photo.jpg,App is worth downloading and is helpful. I just recommend adding the Testing United Kingdom page to the United Kingdom page.,4,0,0.72,2021-01-22 15:46:30,"Happy you like it, we are working on important updates, just to get your last star ! :))) ahah

IMPORTANT To improve chances to receive notification right away please read this: https://documentation.onesignal.com/docs/notifications-delayed",2021-01-26 05:32:12
gp:AOqpTOGf9kgS7qWuGh8U5iO8-js5PYrEDy66pSN84MALa9xzomvi4k49U5PDwiOg668EC_RhZXwYBVRUtq70CQ,Matthew Edwards,https://play-lh.googleusercontent.com/a-/AOh14GhiXBJCACgmjdlFccmY-VhP7AV122QFtgr_7Pmotcg,"Why cant I install on 2 devices, it asks for payment again on my phone? I wanted to keep it open on my tablet and put it on my phone so Im not tied to my desk. Edit: it's a Google issue, go to the playstore web page and install from there rather the playstore app.",4,1,0.72,2021-01-22 10:23:41,"Cool, happy you solved the issue.Thanks for trusting us!

IMPORTANT To improve chances to receive notification right away please read this: https://documentation.onesignal.com/docs/notifications-delayed",2021-01-26 05:32:44
gp:AOqpTOFc1a3L5PPHA4m8K9jkx7hJ-xbzy3eUL-a76S2t0FZ8pIWZcwwNUh9shQlS4dze2CA_7ahiaKm8kbP1xg,Priti Patel,https://play-lh.googleusercontent.com/-QqOVzlnOOtg/AAAAAAAAAAI/AAAAAAAAAAA/AMZuucnk6GWgxw7UWs1jJ2ngIDV7WYycbQ/photo.jpg,This app doesn't seem to notify on time or at all unless I open it even though the option to notify when app is closed is on. Its a waste of money.,1,3,0.72,2021-01-22 03:51:01,"Ok it seems you are not the only one, please have a look at those solutions:

IMPORTANT To improve chances to receive notification right away please read this: https://documentation.onesignal.com/docs/notifications-delayed

Let us know how it went!
Thanks a lot for you review",2021-01-26 05:33:29
gp:AOqpTOH6yekSo14iZ31qU8Cg_oGi3ksbfjmX_COdjDGW5KnypLyoB4IlGqO6htyNDdbCoVixkdwmPLBewlvIFQ,Cainez,https://play-lh.googleusercontent.com/a-/AOh14GjfrdyACSjqKxDH1_5OYOgJKwKdUj74Z32c4G27,The app is a good idea and has potential but I don't think they care about android cause I haven't gotten one notification when anything drops and if they do drop i go in the app and it says it hasn't dropped and it was just checked,4,1,0.72,2021-01-21 22:00:42,,
gp:AOqpTOG1gzA1aiyPr6HeZ70rjQ6CEm8Z8lkSVN6lCXkZ-miw2wHFABGJtmLjipqg5wxwVmvfIf4FhrJYRXNo3w,Roger,https://play-lh.googleusercontent.com/a-/AOh14GgVWPT2C2fasJPOdOteFklhyjH6vS5ZoPOnvVHL4g,"Quite a few negative reviews, I've only had this app for 2 days now and the notifications are coming in faster for me than social media etc, not been fortunate to buy 1 yet so that's why only a 4* rating, will update my review to 5* once I've managed to get 1 😁",4,5,0.72,2021-01-21 04:35:49,,
gp:AOqpTOHx1M3AXViyQi9iQ_uCDZByKMqsBhK1hraco7WT0hsttmyEn9cc3Q7r1YjadyLGpONQTqm2qecErvFwCw,Marcus Mc Monagle,https://play-lh.googleusercontent.com/-JA-M7oi0Ygk/AAAAAAAAAAI/AAAAAAAAAAA/AMZuuck1f8w9AGuIYmr9HIQttPjzrTlQTg/photo.jpg,"Dk if delayed or not but came up this evening at quarter past 4 saying there was stock there,but was none there at all and now have to wait till February to try again (it showed February on first click before I get called out for being greedy or something)",2,1,0.72,2021-01-20 10:11:52,,
gp:AOqpTOFz9ywSH8rxRa78efoRH6jVE7kMfse-0gi7hnYBc7tx2peyEcNcsZ8MXk66zx_wQteKTeQwtcmGBMZwbw,Fatima Miah,https://play-lh.googleusercontent.com/-cfa0hmykQ7E/AAAAAAAAAAI/AAAAAAAAAAA/AMZuucmLrQAwdeyW0_merpS1k0w0Ko2bsQ/photo.jpg,Kept saying loading countries but nothing came up.,1,1,,2021-01-20 09:21:05,Fixed! We send notifications in less than 2s and we scan all UK shops in 1min10s now! IMPORTANT To improve chances to receive notification right away please read this: https://documentation.onesignal.com/docs/notifications-delayed,2021-01-26 05:40:38
gp:AOqpTOGK3ntmBxk1-AfSKTr6QIKO-DGrIj_cC6o4RVhXMc4Xjolzg5g8vuWK3-z94hTy_4GY1LGhRMykpY_0Kw,Adam Bedwell,https://play-lh.googleusercontent.com/a-/AOh14GhNu4irXBZsZ54ZSTl80d4PaSe1X4MY3AN2_K-N1g,"Had the app for 2 days and managed to get a ps5 from ao. There can be false positives for stock but i would rather that, than risk missing out. For 2 quid its well worth it just to have a chance of competing with scalpers",5,0,,2021-01-20 06:33:49,Yes!!! that's very nice of you to take time to review us!,2021-01-26 05:40:59
gp:AOqpTOHsDaCZGvuEoA17mduzoCsGvvINSEB7Q55i39OxjG-5m3lVn1Sq-PISGHXb-ZFYwImOA1gjlH5YFPH5Yg,Stuje van Houden,https://play-lh.googleusercontent.com/-eeuCzPJxNxM/AAAAAAAAAAI/AAAAAAAAKK4/AMZuucm4jDSAxRjYHigfYy0809AbAYbZ0Q/photo.jpg,"It works, really fast notifications. Brilliant, UK user",5,0,0.72,2021-01-20 04:53:49,,
gp:AOqpTOHO6FC7vqxm-65dvvK5smxUTQtlvi_3CtS5qhwdVBIhJZBWYdth39gyWkj01nqxX4trnpMiNKJr_Y_jaA,Wainfleet Mags,https://play-lh.googleusercontent.com/a-/AOh14Ghcf6NZt1tE4uv5OBa0YDa20mxXaPf7t6gLW3KNYw,Didn't alert me when currys dropped ps5 and app froze.,1,3,0.72,2021-01-20 01:03:13,Fixed! We send notifications in less than 2s and we scan all UK shops in 1min10s now! IMPORTANT To improve chances to receive notification right away please read this: https://documentation.onesignal.com/docs/notifications-delayed,2021-01-26 05:41:07
gp:AOqpTOFmF82rmO0CkPd3PFXcp7Iu_2w0FGNMOyZKv8gxMvmHkKYEsOviaSUwo7n8eh0kzDoP5rpmVqOwP7idfA,Adam Hockey,https://play-lh.googleusercontent.com/-iiIqtBeIH-E/AAAAAAAAAAI/AAAAAAAAAAA/AMZuucl_Sm6mW2tygwjH63nacgi4nVy-TA/photo.jpg,Was receiving alerts from twitter faster than this app by that time all stock was sold out on multiple occasions,1,3,,2021-01-20 00:28:55,Fixed! We send notifications in less than 2s and we scan all UK shops in 1min10s now! IMPORTANT To improve chances to receive notification right away please read this: https://documentation.onesignal.com/docs/notifications-delayed,2021-01-26 05:41:13
gp:AOqpTOFFtc77-Ta2Zc0KiAGKCL_kb3MBJMz-HmKvrhZsfKTYoGWNTFGRQE3B4-hcXPAYORK6-hnc3kaieVLd0g,james player,https://play-lh.googleusercontent.com/a-/AOh14GjnZbzIpRomrhTAFOlZSF9Et2Eha0zPEF0sgKyo,"Managed to secure a PS5 after weeks of trying thanks to this app. Received notification, jumped online and secured an order. Easy 👍",5,2,0.72,2021-01-19 08:30:10,,
gp:AOqpTOEERwzinf97vBhOQxxJWmCPCkYKDci_4sVxzFQ2i2gvFX-VsfQCNNlIF3--KxSvDT221rzVfoAyGeteJw,Timbo Slice,https://play-lh.googleusercontent.com/a-/AOh14GjnNZ_FSQaNSQTo1ycn43A47oUF6smcZrk4Dr3o,"Very slow, tells you after other sources seem to know minutes before. Also several 'false' notifications. Pretty pointless and a waste of money.",1,14,0.72,2021-01-19 08:00:58,Fixed! We send notifications in less than 2s and we scan all UK shops in 1min10s now! IMPORTANT To improve chances to receive notification right away please read this: https://documentation.onesignal.com/docs/notifications-delayed,2021-01-26 05:41:20
gp:AOqpTOFShdsM50OCYEVnTSeEU0BGF_y1CAE9iR8A4w0TA9i8GkXi5aCmzDO-r3yP269ewixS-OoHcJ4FqrQj_g,Chef Dan,https://play-lh.googleusercontent.com/-E5kPcEAIPbs/AAAAAAAAAAI/AAAAAAAAAAA/AMZuucmjyWq5gogxeLdAEUttZQO10IBkzQ/photo.jpg,"bought this 6 hours ago and its still not gone onto my phone, any help??",1,1,,2021-01-19 05:54:39,"Hello there, please check if you have enough space left on your device.
Then reboot device then uninstall app reinstall app.
We are not responsible of this issue as it seems like a delivery issue, not an app issue
IF you like the comment or solved the issue please increase star count. Thanks !",2021-01-26 05:39:39
gp:AOqpTOHUZ1XZTe4iw1VFgIP0klbyJ43nPik9awx-sy5vE_EVQFwWO505kkViXoIae7R-WEZSkbfzL6rL2hgLsw,spankawookiee,https://play-lh.googleusercontent.com/a-/AOh14GgLEPY5qgjoclxQU9q7qq2luHWsONDYFC7Z1mDZww,Uninstalled. Just ghost alerts or 2 hours late. Good idea though.,2,3,0.72,2021-01-19 04:52:31,"Hello there, Seems you are not the only one, due to OS algorithms and some hidden features:

IMPORTANT To improve chances to receive notification right away please read this: https://documentation.onesignal.com/docs/notifications-delayed",2021-01-26 05:38:10
gp:AOqpTOHTssFsQaRc7Ntccv52ph_LfXTpNo9vGRQgCh1xoYSG1lX-kLRjkeVot6IHYguSThLpxxydhOvsWlG_bw,Steven Hamilton,https://play-lh.googleusercontent.com/a-/AOh14GjZ-XizF5m2GTmTfYGwELcGH3BWlH6sCdGSOY7kiHg,"Simple to use, seems to be working. I've seen progress in other regions but not my own yet, so still waiting for my PS5. Will edit this if I get one via the app👍",5,7,0.72,2021-01-19 03:30:21,,
gp:AOqpTOF3msm0uaVX-HLCM-LQSSCr-y4ZedY5HR83QW_xeVhaJXb_gejwlY5ziMSJS6YVDvetMG5IleUlL0nUog,Maran Korteling,https://play-lh.googleusercontent.com/a-/AOh14Gg-KEzpndLy9WAJNf_o933132QOS79MdUGXpP9F3g,"Thanks for this app, VERY HANDY, I can have a normal life again… 🙂 but why the app is asking me to select countries everytime I re-open it? Apart from that, keep on the good job, only had 2 false positives in days!",5,12,0.72,2021-01-18 04:47:18,"Yes! we are working on an update that will save the last visited country.
Part from that please",2021-01-26 05:41:29
gp:AOqpTOF-OlQoHbSMWQ2xH9MN99JRudaOHLLak25H-8RFyUUV0RWXA0EiBY7opXQBSvSvA7tEtyHP_MGeqtxBbQ,Shax Uddin,https://play-lh.googleusercontent.com/-tDteFjUkUgs/AAAAAAAAAAI/AAAAAAAAAAA/AMZuucmuaDFTzs5mdbEL449V-UwqtBAiKA/photo.jpg,TODAY said stock at Currys ... nothing at currys ... then box which I think was fake as they still haven't completed all pre orders. I paid this amount to waste my time,1,4,0.72,2021-01-18 03:05:26,"We had some false positive, now I hope you can see that we have much less false positives and we have added some stores :))
We have secured many amazon and game drops last week, I hope you're the next to enjoy your PS5 through us",2021-01-26 05:37:21
gp:AOqpTOHXyWXeuAbAHVxNQAErOJIoz0cX-xAVqPbedtRboU_nMtoMF33CdabcFRnD1dKvnkGOdEONxk30didavw,Thomas Wall,https://play-lh.googleusercontent.com/a-/AOh14GjoX9ArzgS7C486ww5b5G77hoFY0PCmeI0PjooaPQ,"This app does not give accurate stock alerts. Any time there was an alter, it was a false positive. The system used is not monitored properly. Don't waste your money.",1,3,0.72,2021-01-17 04:10:01,"Hello there, Seems you are not the only one, due to OS algorithms and some hidden features:

IMPORTANT To improve chances to receive notification right away please read this: https://documentation.onesignal.com/docs/notifications-delayed",2021-01-26 05:35:08
gp:AOqpTOH4nwbMjUbbgGbwKWg9mO1gXVpepX4FgVtk3PiP8g0iuSN6jZYsbxGwEBu0RmPGRCQgBGrAJwmZ--T5aA,Greg Koronka,https://play-lh.googleusercontent.com/a-/AOh14GiiQG9XqGp1_pqdrlT7Bt45p2UtMHKCnvSTEW37,Absolute garbage app. Does not alert you to genuine stock yet alerts you to phantom stock when there is no stock at all. Completely useless and a scam. Should be removed from the store,1,7,0.72,2021-01-17 04:05:11,"Hello Greg! Thanks for your feedback you helped us fix a bug, apps doesn't need to be opened to work, and we didn't receive any crash report so far, we are going to test more android devices like yours, please keep on using us, we hope we can alert you on stocks like we did for the first two waves of users on iOS!",2021-01-08 04:25:17
gp:AOqpTOFxwx-vXyL4ZFMeitsYqo9L2PCQowBt2oDGNyD6NSie7JdmY57x82UXeuqpEXUer-HO5hAvRSdzBOZhbg,Zain A,https://play-lh.googleusercontent.com/a-/AOh14GjEx5_bsIbbaSEdpLIXH4BMUykob0t5_XpngqnL,"The updates and alerts are not even instant, they come after a minute. I want my refund back",2,2,0.72,2021-01-17 02:06:27,"Hello there, Seems you are not the only one, due to OS algorithms and some hidden features:

IMPORTANT To improve chances to receive notification right away please read this: https://documentation.onesignal.com/docs/notifications-delayed",2021-01-26 05:34:19
gp:AOqpTOFdJ4kmZ6S_2RoMyWbYAaJUxp9RCPY96vKbPD5QJ7YT1dmxp-DfIqIWnSA86GoDvfYoNNNozRGqHfl24g,Laura Mazonaite,https://play-lh.googleusercontent.com/a-/AOh14Ghl53cOhttkkwYsN1a1x7YmVkgBWhiqynpHBcorgsw,Very easy to use hopefully ps5 will be in stock soon,5,0,0.72,2021-01-16 11:52:33,,
gp:AOqpTOH9rfnTL78dCUwNO0pDazgt8aMcI735xS757y1NlMdIfP4XFUig9yJuYPCibZMFCEKhf8sAhSLzTrxCgw,richard holt,https://play-lh.googleusercontent.com/-GlXgDINCaNY/AAAAAAAAAAI/AAAAAAAAAAA/AMZuuckTOKP_GcpQZuvVLMV3JKcc9IzFsQ/photo.jpg,Didn't alert me to the smyths drop until after 3 separate twitter accounts had told me. Waste of money by the looks of it,1,15,0.72,2021-01-16 01:33:59,"Hello there, Seems you are not the only one, due to OS algorithms and some hidden features:

IMPORTANT To improve chances to receive notification right away please read this: https://documentation.onesignal.com/docs/notifications-delayed",2021-01-26 05:34:28
gp:AOqpTOGb0efY8RkBhgM7PECd5sOO2bIVP9Jgn26rWT40QAcmw9lMPbPrIj4FpzNMuxfTInfOAsJT5BVtySPZXA,Brian Beard,https://play-lh.googleusercontent.com/-7x2IWD5VXAA/AAAAAAAAAAI/AAAAAAAAAAA/AMZuuclG_iUX9AUjf4QgZq77ka5Iim1G2A/photo.jpg,Didn't let me know about drop for 30 min and by then it was over waste of money don't bother,1,7,0.72,2021-01-15 22:42:29,"Hello there, Seems you are not the only one, due to OS algorithms and some hidden features:

IMPORTANT To improve chances to receive notification right away please read this: https://documentation.onesignal.com/docs/notifications-delayed",2021-01-26 05:34:35
gp:AOqpTOHJ2aW96eqs2YlgDEjs-ThG2R4wLIRwrzHwge_waK0wll4bWpYAOZq62fE4YUab25hKVcFGCPX8Erdy4g,Joe,https://play-lh.googleusercontent.com/-QcVuCvd0Ku8/AAAAAAAAAAI/AAAAAAAAAAA/AMZuucl8-f70r9-FECwDzblo_iOc91sQVQ/photo.jpg,I went into Brazil by mistake I have now clicked on Ireland but I'm still getting notifications when PS5 are up for sale in Brazil. I have it now sorted was my own fault thank you.,5,7,0.72,2021-01-12 06:48:35,"Ohh, sorry for that, you just need to go back to Brazil and then remove the toggle from there.
If you like the reply please don't forget to change your star ratings, it really helps! This feedback will help others too, so we rate your question 5/5 stars! Thanks!",2021-01-12 06:45:56
gp:AOqpTOGFssjUg5BdWiTebsfM_7qASeOBwbWVWBYyeb3BC6zWlxeYyp7h8Jp1Cu4xyThgrArRojjnbZDALOEWSQ,Andy Ionita,https://play-lh.googleusercontent.com/a-/AOh14GgyyEi6vosGapCphqf150rnU-vr0qH1CKJAq3Hf4w,At least with this app I will not miss the next stock of ps5 in my country. Thanks,5,3,0.72,2021-01-11 07:36:34,"Thanks for your feedback and please let us know about anything we can do to improve the app!
Sorry if your receive some false positive from time to time, we are dedicated to solving them.",2021-01-12 06:48:00
gp:AOqpTOEuChC_rpdnN8iLm8dM_c5LDEnSUJbSB9or2bYANJSlpWWZaEXDf8-njTj-CCkyTiN19hPgBymIJFxHDg,james dourish,https://play-lh.googleusercontent.com/a-/AOh14GiqlPhplqWXnkjLLE6GHfoC1AC-RZ50UgrabOJTxFo,"The app does not seem to serve it's purpose, 3 false flag stock notifications today, currys, board game & shopto, non of which actually had stock today at all",1,15,0.72,2021-01-08 04:34:03,"Sorry for false notification, we are working hard to make the app more reliable. Much improvements and still no real stocks in many countries.
We focused lately on UK, you can find a new section in list : Testing - United Kingdom, those are new shops that we added. If you feel like you liked the reply, updating the star rating really helps",2021-01-26 05:42:10
gp:AOqpTOEMTr9t676fKWwGygLX9aCiQSgmCUFbSa8SXOfc93E2_GueRdmWHBkXkGMCYwlRq4eiuqTsoKf8NBPM4g,Hailey Middlewood,https://play-lh.googleusercontent.com/-B2shgvKhmLc/AAAAAAAAAAI/AAAAAAAAAAA/AMZuucmJO89pteIyZ1REMqvbvNCYidDCgA/photo.jpg,"Found this through twitter, easy to use and well worth 2 quid hope everyone can get the ps5, good luck guys ❤️",5,6,0.72,2021-01-05 23:42:41,"Thanks for your comment!
We hope we can alert you on stocks like we did for the first two waves of users on iOS!",2021-01-08 04:25:36
