reviewId,userName,userImage,content,score,thumbsUpCount,reviewCreatedVersion,at,replyContent,repliedAt
gp:AOqpTOHE8cggJrZ7bNbCsALBfrt015vWhXTNafVjiWWnmsTSkOFzrmGjVV77Hj9zfDiZDqq630vxCY6Zp_A8aA,Aijhel,https://play-lh.googleusercontent.com/a-/AOh14GhvXlwCB0cAe0Rxch5sFlII8H7R3xff85Do20fPgfY,Aesthetically sweet app uwuu,5,0,2.0,2021-01-09 09:13:26,,
gp:AOqpTOHynK3k7CTWuYdXttiuYibV-nvISVgigvYUoGo8RZSG0fT1YBuQUxnj4pFbbsBnSmYsavP49zVpm1gXlw,MCCXLVII 1247,https://play-lh.googleusercontent.com/a-/AOh14GgYTfNUapddeWnPH6U3TrzECgw-yGRkkym9x9UFQg,I just love IT!!!,5,0,2.0,2021-01-09 04:11:11,,
gp:AOqpTOHNgUngxjHzM7zRLtu1VNL6JZEc-s8Lbda-7lPGPzzudNLEnnXwTADH1je_uVnw-wcVGVsG88SFhGXqcw,Max Ninety,https://play-lh.googleusercontent.com/a-/AOh14Gg_zxYtO5gzsNtXE8FNeKd8U7XJN0ZPWOM3UX0kpA,"APPLAUSE TO ALL THE DEVELOPERS OF THESE SIX APPLICATIONS. They are incredible, they make me very nostalgic. I bought all 6 I would pay even more for them really. Clearly they will have some flaws or things to improve ... But at heart I really like them too much. They are super original.EXCELLENT WORK TO THE WHOLE COMPANY ✨💖🌬️.I would write things at six applications but I don't want to spam and bother. Goodbye a hug🥰.",5,0,2.0,2021-01-07 18:20:28,,
gp:AOqpTOHhDQOtQJ5-jH1g5DIav4V6Rg17bfSL4a9dqziriof_ynWK71swmyawZDsIvi0pLZVJWtRWq_pyvrT2jA,Altaïr Pearce,https://play-lh.googleusercontent.com/a-/AOh14GhaR8m80ZLe2Zl-Q1c_r2MRBFTQggtEUI_RNvCgM7M,"I made a ""Video"" it says saving then I go to the photo gallery in my phone and it's not there I did this twice and still no saved work. The developers need to fix this issue in the app. So a waste of $1.49 lesson learned uninstalling.",1,0,2.0,2020-10-29 07:19:20,,
gp:AOqpTOEeQGLzZdEJB_qr47_eL7O6BSD8KJXr-XnfWPVDMMJyTEo1Z3FON5pB42qyfaKzMgR5LtJMGOtIOMVdOQ,Joelvonius der Shreddenstein,https://play-lh.googleusercontent.com/a-/AOh14GhMvY_kftrFjF89xBZ3Unnn8lAP7IHeDYip6SUYdQ,Saves everything in horrible quality. The free version worked better. Amazing.,2,1,2.0,2020-10-28 08:18:24,,
gp:AOqpTOH2cVpG86g7a5eOOr4xhHH7LHZq2tEMe3hQuFaxTh6WcPgGrk5do9DSF8WFeqrly58DtPVffZPyNjisLQ,Zack Deeter,https://play-lh.googleusercontent.com/a-/AOh14GjYDmayDlGOr_YG-zI-KUcQt_RIjH66jHAyEMHENw,App constantly crashes when trying to edit photos. Smart selector and background eraser freezes and crashes the app 100% of the time. App is unusable until fixed.,1,2,2.0,2020-10-26 10:14:33,,
gp:AOqpTOFtqXdMFzJ5vEJSA7TWtNrqFNSuu0G1HaolvOK7PUCy-ECU096nqzogNa1Qu7gTPrmhlKM793WPnJm3-Q,Guinevere D,https://play-lh.googleusercontent.com/a-/AOh14GiawFK7Dc3W4p-cAfSivxTMeRv16kqx-sTiRcXLOw,UI isn't perfect but I still rly enjoy it.,4,2,1.0,2020-09-12 18:06:48,,
gp:AOqpTOHQ8QUt-Mz2C-XYQs2n6bZR4M7y9nRffZnfby5z5vBSmnT2z3g0KOsr3vx1FbSU1JN_5SFjYwaHqfiwAQ,Daniel Caulfield,https://play-lh.googleusercontent.com/a-/AOh14GgghNlUQdt1aVTccv-iPV-Ukz-sEoFgDhUjEex27Q,looks great so far well done!,5,3,1.0,2020-08-21 05:53:10,,
gp:AOqpTOFn_uEHmM0goCfQe7lMw0AJlrLkqGrG186DWeGfNz_TCtMR3bgyBB9SNdWLs6zK8ASDRI5Dc5andnn-nQ,Javier Jimenez L.,https://play-lh.googleusercontent.com/-mSv2kDy2e6g/AAAAAAAAAAI/AAAAAAAAAAA/AMZuuckNts8c9UW_JXoTIcUniYtvuzG4mA/photo.jpg,My favorite app ❤️,5,2,1.0,2020-07-26 00:52:34,,
