reviewId,userName,userImage,content,score,thumbsUpCount,reviewCreatedVersion,at,replyContent,repliedAt
gp:AOqpTOEP7aetmnngkzwnqOchCBYzx2m7ydjzRnuqPE9BY-qiYZr2xZePy2lMvEp7iIhZDO1tZ-jr_5jFQm9UK58,Kennedy Berry,https://play-lh.googleusercontent.com/a-/AOh14GjUdUB-u9VUKV1Wew5rNqpUhltES8Xw2q5qLKKMXg,"I went in expecting this app to be super minimalist and it is that - you will need to be an experienced hot yoga practitioner to be able to use it at all. I was fine with that - I'm looking for a minimalist way to practice at home. Unfortunately this app is also super buggy. Try and turn down the background music? The voice queues go away. Skip a pose? The voice queues go away. There's also no way to customize to do single sets, or make a custom program which seems obvious.",1,0,,2020-09-19 14:37:17,,
gp:AOqpTOGQm6pnAwko-JvSfq35w2hDjkfd0Ae0cALA6ess46avOANmmVjRiFYFVaWavvmljt8_ursjypodGL4_dh8,Safe Money Singer,https://play-lh.googleusercontent.com/a-/AOh14GjQRKYYMWQSul-_m-3Xny-2LmboMZ2rkoA_fas7,My experience is perfect. Love this app.it is much more efficient to use this app then drive through traffic for 40 minutes and join inexpensive yoga studio and possibly catch Covid. Come on!,5,1,1.5,2020-08-27 16:41:59,,
gp:AOqpTOF_t0O2gnfEUxfIzQvw4IfcQlsw153zcm4wwUnskzYbG_vx3HFaDrlO2Hj4yKI402_InzedFyfpwIZzFIc,Oscar Murillo,https://play-lh.googleusercontent.com/a-/AOh14GjJhPd2qDehBimNdQxqQ7c3Qz8pnQ9EBSnp44jJ,Create job with this app!,5,1,1.5,2020-06-11 06:35:44,,
gp:AOqpTOHzfgNINP1lOsf4OYM9nSGgDuKI5hCez6ofHhuekrcgGkGW5uCtIyZBrKKs5YZba8HbCU0Xy3Y9lCOg3qA,OnenessYogaNow,https://play-lh.googleusercontent.com/a-/AOh14Gj4phAQsSKu2ipZ6pYh038JUuZsarfnxurMjwvcHQ,Some of the postures are not healthy for the neck and back 🤨,1,1,1.5,2019-08-21 13:23:37,"Hi, we are sorry that did not enjoy the app so much. These are the standard Bikram postures and the app is specific to this practice, nothing additional is added.",2020-03-15 09:18:44
gp:AOqpTOHzKKyjPYhcHkDurvEftCep7sJo7QMrLtLdTK66DW0h2RL7_A3ve5oLfpLJR0JI8awTFbpx_ytcI_tWoQA,BL B,https://play-lh.googleusercontent.com/a-/AOh14GiYkuRxDkFa1MlT2Puh2f23cRNc1j__osxL9lkI,Pathetic service. Keeps hanging and no instructions !,1,0,,2019-05-12 00:50:56,"I am sorry to see you are having issues.  We have released an update that addresses hanging issues.  Also, there is a voice coach that provides instructions.

If you are still having problems, then please let us know using the in-app ""Contact Us"" button.

Best Regards,
MSC Support",2019-05-19 07:56:23
