reviewId,userName,userImage,content,score,thumbsUpCount,reviewCreatedVersion,at,replyContent,repliedAt
gp:AOqpTOHaSHsGmKF_O8uFhZX4_-0BLXL1-RaMOLiJyuV8KW8myFi_RNF21JaW_LgXIFtPfT-mLra0xikDjxrtdw,oi Sassy Maate,https://play-lh.googleusercontent.com/a-/AOh14GgA23uVP8fhha7uuFA5GXRHn0CUqelIpAT4HjdKMA,"Don't buy it, devs have abandoned it and hasn't even updated in a year. Needs an update bad too.",1,0,,2021-02-07 05:41:23,,
gp:AOqpTOE5cwx_HelSWuSiJJOYKvodffCyFt2qKdDeykD6lVDdWIixgAoUTcIN3vDy0_yZw8RCNWiJl_kg7EI0hQ,Jorgy 411,https://play-lh.googleusercontent.com/a-/AOh14Gh50hnaCADmi7JMhX0Ik5-sj9YnRQCwlRT5gf4gqQ,"Ya this is a nice app. It's not updated to the new 1.5 version though. Also, feedback for the dev, could you put in the settings for your farm that you've chosen 25% profits? That would make planning a little easier :)",5,1,1.7,2021-02-02 23:24:45,,
gp:AOqpTOGfRj1qem8NbuP9wummJtwG33aWhrW_vsndBrrlvya770X6PNiIuk8JXcN9Xbm6VIOR0BHFPlqkvbbHAQ,Emily Knifong,https://play-lh.googleusercontent.com/a-/AOh14GiYHajgKG5UJl3n8tUlTqQkJ_L_szb4_emyBn_Zaw,"So far the app has been really helpful, but I would wish for an update to match the new update on the game. so far there's been a ton on new crops added, that I wish were logged into this app.",4,3,1.7,2021-01-12 00:50:11,,
gp:AOqpTOG-G9Z8d9uvyoT3X1MHPuQeXn-Ev3Wezyf2ScOeODbokN5XM3WaUAWclg2qnY66QRPnRNjS8NMqs6TdzA,Pravityo Yuliandika,https://play-lh.googleusercontent.com/a-/AOh14GgZR3UrkNRJ3Ruo1erEylVswGy0x2FS2XF2_xLECg,"It was good while it lasted but this app is probably dead now since it hasn't been updated in a very long time, tried to contact the dev but also never received any more reply.",1,6,1.7,2021-01-11 10:16:58,"Thank you very much for the great review!
The idea of swiping the calendar is very interesting, I will try to implementing for the next version. I didn't knew about the minimizing problem, It's definitely a bug so I will fix it as soon as possible.
Edit:
I fixed the calendar bug and added the feature. It will be available for the next update.",2019-07-19 14:34:31
gp:AOqpTOHQml92OpluoPGBBjLlII7Rc5lHkx8FJuf8uxwY4zSq2SBtHPwGnco7pEHysHobW2U8pO_7AjX9l0a18w,Severyn Jones,https://play-lh.googleusercontent.com/-J0ZPNN-rShs/AAAAAAAAAAI/AAAAAAAAAAA/AMZuucl1CQqgoYJc3uIupsILwKC2VFjc3g/photo.jpg,Really nice app. Sadly the gift pages are not finished. For me that was the most important part.,2,0,1.7,2020-12-15 06:08:49,,
gp:AOqpTOFhFV5lIshLhg-Re_cLrKxGt_VPNCJyeIL_VnQAA4LZuBCG8XIQ3CPN1Wos3d4rUI9jPdyuCAAq6m_9Rw,Amy Latham,https://play-lh.googleusercontent.com/a-/AOh14Ggu2MgMmvx9umQelyJ96gNMYUrcD6V74bV3T0b0xvI,"it's a good start but, I'm a check with fanatic. And the only check list is the bundles. Although I like the information. I don't think you have everything.",2,1,1.7,2020-07-29 09:30:28,,
gp:AOqpTOFiWyPoyoVJ2Le737TKS_ElGQEAkoVq44xo0LrGTCZpV71pqGw7hPb8dBSWSNhxZSa2TKI-hzqHE9aHAg,Herman Thompson,https://play-lh.googleusercontent.com/-WkbXar5F1do/AAAAAAAAAAI/AAAAAAAAAAA/AMZuuck0wdd0FYzXhK6zmEBP3QjKrSI7zQ/photo.jpg,It was good for a while but the lack of updates have left this app woth alot of inaccuracies. Ill give a better rating when you guys decide you want to update the app more frequently.,3,2,1.7,2020-06-28 07:26:51,,
gp:AOqpTOGmcMXezbfGpssWAiLet-A6uIape5ydNODQHMWXeP675K6p7soeuI3u9JGNqfIS2IgAaBbpMWFp-_OZDA,Erica,https://play-lh.googleusercontent.com/a-/AOh14GjrL-VQv-hEK1WAcZqlXq1PorNOnUoiUjyE9hSX2A,Well organized and easy to use. You can even create multiple save files in the app so you can switch between each farm you've created and track your individual progress on each.,5,4,1.7,2020-06-22 09:59:15,,
gp:AOqpTOHO58-AZjeGD0828YXBuCvGZ6YOx9OCmLtxD9KjgjW0Hqu6lMOSt0z86kCM-e9Ym5fiXzI4CDs0UUXE8w,rockythesavage1,https://play-lh.googleusercontent.com/a-/AOh14GjT18hz1y1h4OnzQdgzcInDQ3_xRCZbPUuVzD3FaA,I tried using the app for something i needed to know about but it sadly closed the app,3,0,,2020-05-24 02:53:52,,
gp:AOqpTOF695TvC4ML2YG9cm137wkSYYYGQEdrZz1o5MebIu57dNh2HchXFCkM7-67AlvgkD5XbInp3SznrA90fw,Nyx Celina,https://play-lh.googleusercontent.com/a-/AOh14GiUNDZuKd30BDF9sYPyTF77aVkGXcn69iwzY13zbw,wonderful guide! its nice to have an app like the wiki but is a lot easier to navigate quickly,5,0,1.7,2020-05-18 05:42:11,,
gp:AOqpTOEB4IWl7jg0kdJ2F9o-MSJFc_JRtZ1rZdwtmtrmTC3Jn8yX1RHfmDNCp6ymvdg0oH0m0PIgARGLOI8_9g,Benjamin Bugten,https://play-lh.googleusercontent.com/a-/AOh14GhZVYVNo_vlGV890uU0g4wOaram6o3ANr_R8i6C2g,"Great app and seems to contain everything useful. One thing I would like to see changed though; the fish section should be sorted by season and location should be shown in the column to the right, not the other way around. EDIT: A lot of the fish are missing, amongst them everything you can catch in crab pots, which is a shame since they count in the fish tab.",5,7,1.7,2020-05-07 10:21:07,,
gp:AOqpTOEEVBapwqFB5J6SudfBPIyWLXuAgOgPA1v7v2N3dfmNiCKtHXREdxzyn_hUoX4h0_YsBJXF0YpueF42sA,Sebastian Casillas,https://play-lh.googleusercontent.com/a-/AOh14Gi9oQ6RoI-XMFcY8T2d9imqB68BsotVFfK94H-lBg,"Missing a lot of info. No info on animal produce, Artisan goods, or weapons. Second year and after show events that only happen in first year(like access to the mines).",2,0,1.7,2020-05-03 06:26:23,,
gp:AOqpTOEpFTDfzH3nSIIyJlAICO4LhPmI1WX-MrWygkvWvGFt3Esx4-kjsfjJlI8MXKzfs_0Rd8pL-_E35k9l8Q,Samantha Baguhin,https://play-lh.googleusercontent.com/a-/AOh14GiYj18nFLDkJtWdr7kDM99ClNtT3PgwoBs7gfmaRw,okay but there are lots of bugs and some crops have wrong info (like rubarbs takes 13 days to grow but it says in the app it's only 6 days) im still givingn it a chance tho bc it seems like it has lots of potentials,2,0,1.7,2020-04-28 01:02:52,,
gp:AOqpTOGqrLCw2mm3Z1iqOQpmd6nQ5DYZZNwMhoLyHki34En3fDfq39tnh7KAlwz0I-CTnhpDLFdHAv8ORukjoQ,marco amoroso,https://play-lh.googleusercontent.com/a-/AOh14GgfE_JtTVu1Bf1NLCQBfksUegFEi_osFK7DqmoOxQ,It would be good if it had massive updates But it's not informative and hard to use,2,0,1.7,2020-04-15 11:27:10,,
gp:AOqpTOFdpXOy1K8QGtz5SJJ0KEWM55wzx2_UfMJoM6KFKNOXNaz-G6CG2hjvce5z2qR-66oH8S5k647s0cbq_w,Alexandria mccallum,https://play-lh.googleusercontent.com/a-/AOh14GipMYSVYZeSEcg3STRlMbwTfIcGN6-2-FV0GSF8Kg,Still a LOT of items that need ''implemented'',2,0,1.7,2020-04-10 11:13:16,Thank you for the review! I am periodically adding new item information with updates. You can check which item types there are in the main page.,2020-04-11 17:08:13
gp:AOqpTOFjuoxEfw7P4bQmxDxe11wt57jEgPJcR9dMW88PK2FFD9UpK9SIhR84qvnAh1jBwLhbUlI-Ml_P4uTnVg,Sumon Sinha,https://play-lh.googleusercontent.com/a-/AOh14GhtuIRmKkx4G5nLS2lf-mLmC6TikB1vgTO8ygxr,Liked the app. Add crafting items to this app please. I know it might take time to add everything the official wiki has into the app. But for anything that's on the app - please redirect to the wiki page when clicked on the particular item.,4,0,,2020-04-09 12:48:19,Thats a good idea! I will look more into this and try to implement it.,2020-04-11 17:09:12
gp:AOqpTOGFmlYJNcLKC195qxSAGtqXLS6JganmRc38biDr9FGWxRDQdwNXUv9GfdzJGpDSNjQEPZp9vsP2JJGkBA,Shelby Spradling,https://play-lh.googleusercontent.com/a-/AOh14Gj4SWrOBDTsn_tBnbF3fXIcBrOvMExQvKdte18R,"The app is good for keeping track of minerals, fish, and bundles. It is also helpful in locating villagers. However, a lot of items have no data or show very little data about how to obtain the items. It wasn't as helpful as I was expecting, so I refunded the app. If you are just starting out in SV, this app may be of more benefit to you than it was to me.",3,0,,2020-04-09 10:12:28,,
gp:AOqpTOH3BdBVJps8-HsnsH6CGj3auCBx_mHkGZErEABV5ha-Oey4TpnX61Affyo73S2zxsnM6Etvb5sw7yJaLg,Gav C-137,https://play-lh.googleusercontent.com/a-/AOh14GgtXk7XqLIaGJa3Ov--LKWtOjtdjbXHs8jBKLqSPDY,"Please add either a warning when adding crops that dont have time to grow due to season changes, or a ""last chance to plant"" entry in the calendar 👍",4,0,1.7,2020-04-02 15:04:13,,
gp:AOqpTOGKL4jgnPSmgZy_lQDa5dLHc8r_giKJyv6oswzVqvttMoxaQ-Ph3Bwgnjtmqow419C-2zj57VO9floyuA,TTv_ Dewey,https://play-lh.googleusercontent.com/-BhdVpmsDtGY/AAAAAAAAAAI/AAAAAAAAAAA/AMZuuclcVbVkJU0w7JIQNUn6lTHHyex7ZQ/photo.jpg,Not accurate,2,0,,2020-03-29 16:52:59,Thanks for the review! I know that everything is not 100% accurate because since I launched the app the game has received updates. I would appreciate a lot if you could send me an email with some examples of inaccuracy so I can fix them.,2020-04-11 17:11:32
gp:AOqpTOE0iRzlTgCogQvBXAhVmhnpdsqO_zs-k2Emj2tnpE4XqPCMyJZ86lnuw9-SlYC7ONC4HRGYsZCjaV3SDg,Isaac Douglas,https://play-lh.googleusercontent.com/a-/AOh14Gi7ZPa5uheaYiyUQXxpYhsYR85pQA03qOTRZkaPWw,"Great app, but please add a dark mode!",4,0,1.7,2020-03-28 21:40:57,,
gp:AOqpTOFMxM3aRpaaRPhewSHLCABeRpzzMWOROXebIiVANVOkI3Gz1ErXV8b6fvHEeo2MvTUVfnoW4HKB6V2giQ,Allanna McBrayer,https://play-lh.googleusercontent.com/a-/AOh14Gj0yEqGLghKGHvCis4li_7CvgArh1aSehRmY_XCbA,"This guide literally has almost everything. I'd love if you added a crafting center/when you are able to craft certain items. It would help me plan out my farm better. Also I don't know if it's a bug or not, but I cannot seem to remove planned crops so I can change them for the next year and some crops like the radish have wrong growing times.",2,11,1.7,2020-03-26 02:29:47,"Thank you for the review!
Adding crafting items is one of my priorities right now. You can remove a planned crop by swiping it to the left or right. I will check the growing time problem, thank you for noticing me about it.",2020-04-11 17:22:05
gp:AOqpTOEnv-ovrpuCi4So-2ZHVsuPwrq3hxgrRqdWpxPSUk0m55sIixKIGw2LcaMasppAaomLaD5icogJWU2hrQ,Aleks Judd,https://play-lh.googleusercontent.com/a-/AOh14Gh4nR7RAkB4BDnckJS1s9U0XObhBrsBvT_MSK_1,Has a really good user interface and tells you everything you need to know with in tap. If anything could be added it would be to add a planner or to do list Bit it's a great app,5,7,1.7,2020-03-17 15:35:15,"Thank you for the review!
You can add custom to-dos in the ""Calendar"", there you can also plan crops.",2020-03-17 15:38:18
gp:AOqpTOFX_EZMmd5rH8JHh-s5wpQSUMqUcYo3ikq5GnjE98fLJW_Jb38LNMvOmbFKx6VEU1_FVr-gLv3Le89dCw,Amber Layton,https://play-lh.googleusercontent.com/a-/AOh14GhB8141WkxochdF7hxbgv2A1tNB508IRV_SNJ_gMQ,Love this guide it is the most useful and up to date app for Stardew Valley the video game😉😉😎🥳,5,0,1.7,2020-03-14 20:59:11,Thank you very much!,2020-03-15 02:05:49
gp:AOqpTOGuKPYXHwv9OrlLvEtf1eeKZ2DLaP6zPQvLGRbw25p9izB047XAVzz4w6J3AjWxriERKrG2_EjfNUdwCg,Aimee Rowland,https://play-lh.googleusercontent.com/-t36jCEHjvug/AAAAAAAAAAI/AAAAAAAAAAA/AMZuuckBvGxhCGvZEhYG1R6hyXvks2vppw/photo.jpg,Awesome app. Looks amazing. Could you please add a check list for the Artifacts and Minerals for the museum please. I think that would really complete it <3,5,3,1.7,2020-03-09 15:29:26,Thank you for the review! I know it's not exactly what you are asking but you can set a mineral or artifact as completed with the button check button on the information page.,2020-04-11 17:16:46
gp:AOqpTOFaQ7mOgCb0e-x1eSvDbvPML4CKvVGO-Sn9d0Ivbm_-WN6QsfOl9v3fo_vCZ8dxZficYkdWvDvjoaiy1A,Bryson Renwick,https://play-lh.googleusercontent.com/a-/AOh14GjycGXFXNqj2hXXXL4HDLKweFt4YMtVoldV5KN4,"Love the app the the UI, just missing some information that would make it perfect, like prices on animal products (eggs,milk ect) and artisan products, once there definitely a 5 stat!!",4,4,1.7,2020-03-03 06:13:50,"I'm adding those for the next update, stay tuned!",2020-03-03 08:03:15
gp:AOqpTOEkr3dQxUFKUmWPtvYNydxVYxDr6MtKUM4jMn-F8y3tfbwTXMvrzIM7wpWdE3lmI_MXrtw9HyHYvcRN5w,joseph rios,https://play-lh.googleusercontent.com/-fXWUm2ryC94/AAAAAAAAAAI/AAAAAAAAAAA/AMZuucmo0trDaYz6BPdQB1OQqORc0TSuDw/photo.jpg,"It's a nice app with a sleek design, but some of the information is simply outdated or missing. Can't recommend spending money on it in the current state.",3,9,,2020-02-19 05:48:02,,
gp:AOqpTOHUAnhouiZbVDJrk6UWGSzVgBBBTJTz_Ygfjj_68vg0olvZLjU2-XBRZPdHQ_bXkRC3CHTgwDStKnx7oA,Vulcan XCI,https://play-lh.googleusercontent.com/-XNpcvpxVr5Y/AAAAAAAAAAI/AAAAAAAAAAA/AMZuuck_Gd4BSeTaWajFBJsuE9Sb31ERRA/photo.jpg,"There are a lot of great features in this app, but a few things missing to really make it 5 star. Small stuff like inconsistent alphabetized lists and repeated events in the wrong year are a nuisance, but other apps have features that I'd like to see here. Such as summarizing most profitable crops and if you can't get them until a certain year or event, as well as the ability to make notes/to do's repeatable. What I'd like to see added the most is event descriptions with times, locations, etc.",4,3,1.6,2020-02-10 23:54:40,,
gp:AOqpTOEni4WGlmFKcW5zwCtXhzNN68bpXF-Zk3EnuHzBdSCCgyeuJ1JWhxnqESUn73h1FAikoMPxsVFmAw1TaQ,Danny Holyoake,https://play-lh.googleusercontent.com/a-/AOh14GgXzW1Mg_ibTNrlmZqskqNCvevAYdEVrZb6K5KQ7mc,"I absolutely love the UI. But there's strangely some information missing or inconsistent. My ideal use case of this app is to search an item and immediately see which NPCs will like/love. In the app, this works for some items/NPCs but not all. Will keep installed though as this app has not been abandoned.",3,1,1.6,2020-02-04 13:24:31,,
gp:AOqpTOHS4xQtHB00saSZJ-iFHcU5byNJBWXjf92YjXqTJCyU5YjUC6u8I1Atqhi2ifnJOEDN43WiFGlzyfuXeQ,sweh sweok,https://play-lh.googleusercontent.com/a-/AOh14Ggn96qrzr6PggRGGKpSy6CreQM6d6RGb3fZVUwL,"I think it's a really good app!! Although, I'm pretty sure Abigail likes quartz :O but it in the app says otherwise.",4,0,,2020-01-28 09:29:13,,
gp:AOqpTOHOnuC_6NgnlePt54p646xuTDFLD0q_PzFq4dMHRvGzXB-yVhqpOf07c92ieT2dez447rwMd82-X1-CLw,Rayān Farhath,https://play-lh.googleusercontent.com/a-/AOh14GhSWtXDr5TGBLzXsjvUK6qtAx46pFuHuveTjRKdqi4,"Everything is superb, couple of items missing, would be 5 stats if it had a night mode pls add night mode",4,5,1.6,2020-01-15 19:40:58,,
gp:AOqpTOFcLWd1udck_zXsNyV1hUt6QH4cULctPXWqUcm4jkrJRE14Pzz2n6edsd9bXR8VFTgulIbkxz-ow0PzDQ,Stormblessed MMA,https://play-lh.googleusercontent.com/a-/AOh14GhqQDS0gbEKOHogpYznzsZSRuBKd4j-gpUp9_O1,"Great app! The clean menu system and UI is the reason I bought this guide, job well done. I would like to see what food people dislike and maybe a marriage tab added to characters describing what they bring to a marriage. Keep up the good work and thank you!",5,7,1.5.2,2019-12-27 22:53:40,,
gp:AOqpTOEKZTkYSforUSl5iKQjkXaTnloi0xWkAjx27NMCStQMGfL62TCK612BvHU4E8K1Lod7hYrcrRHe76Dsgg,Nate D,https://play-lh.googleusercontent.com/a-/AOh14GjSobU-G56aBP9xxf6Bm9y2AFbf4DUWjNAsxHLu,I love the app but a building checklist with the cost would be nice,4,1,1.5.2,2019-12-22 15:46:03,,
gp:AOqpTOEQ5iRpXqM9iTWhuNfEy8Vel2gQOnunrh-sFHUSv_RYuBRo_pPYN-ZSmxZwPajnRCMVesmTthGi9-B_ZA,Arybella Denton-Parry,https://play-lh.googleusercontent.com/a-/AOh14Gh63iBri9G3ROh6W2tslfnYcXRkcLRkBZ2qKqedeQ,"Seems great for the most part. I love the crop calendar. I do wish that it took fertilizer into consideration, though. Otherwise, it looks nice, feels nice, and is incredibly useful to make your life in Stardew a bit easier.",4,5,1.5.2,2019-12-21 04:28:06,,
gp:AOqpTOGWaXkGxhgYVjy8C1vpiTAIkJn5zDo__B5Qq4llvtT8vhYTrXe_7U4NXdTtZkUVitXavvvwJJ0nUpKa5Q,Zach Meeks,https://play-lh.googleusercontent.com/-jO4t1TP4o7M/AAAAAAAAAAI/AAAAAAAAAAA/AMZuuclePUtUbTNlc3zxL304fB7aawM-XA/photo.jpg,Awesome,5,0,1.5.2,2019-12-18 21:16:24,Thank you!!,2019-12-18 22:30:30
gp:AOqpTOFF0Ld4SNa-9_klfhqerctjkM8Us4Y-Y7tEnR9VOLvo-TN52r514nHVd35i-ooRFQiHr-6__nitAJwuHQ,Jared Schrader,https://play-lh.googleusercontent.com/-veZTvUBz3ok/AAAAAAAAAAI/AAAAAAAAAAA/AMZuuclMbN7Pem2xxlIz_Nf_7Q9AJAICDw/photo.jpg,"Amazing, but I will ask for crafting recipes. Otherwise, exactly what I wanted for a good price.",5,1,1.5.2,2019-12-18 15:24:01,"Thank you very much!
I have planned to release crafting recipes in a few weeks.",2019-12-19 06:08:42
gp:AOqpTOFy4l9UI7bxhVU4mqkPHU3mZuJD0ErZk4Wn1vndBMhv3uSE7UAy9bZttGzf-Bm5xpcxLHwcX9gG3yo6PQ,lyle newcomb,https://play-lh.googleusercontent.com/a-/AOh14GiAzyHqhmCp-CLcf5FPswEG1vTadqEcfee5_S1trQ,Amazing app. One change I would make is to add the rewards you get for the bundles so users can prioritize without using another app or having to Google it.,5,4,1.5.2,2019-11-28 15:05:10,"Thank you very much for the review!
You can do this by tapping the prize icon at the upper bar.",2019-11-28 22:40:47
gp:AOqpTOFvqJHIpiMJeU7SWN5_81dhPgEZvf8vnlWbROG2_83x8PgUXQ4D2CdUZZBfdMPIPZ6X6klPzuxWf_uA1Q,I A,https://play-lh.googleusercontent.com/a-/AOh14GjQaIoOWjssR9rQxVJpaeFFsXNZma6pvebR1w2wVJM,"It's ok. It has its uses tracking crops etc but the amount of times I still have to head to Google instead is pretty bad for a paid for app. If it was free OR it was a more complete package, I'd recommend it, but as it is, I don't.",2,8,1.5.2,2019-11-21 10:06:27,"Thank you for the review. I'm working on adding more content and information but it's impossible for me to include everything the game or the wiki has and keep a clean design, I hope you can ubderstand. By the way, if you want a refund or you want to request a feature you can contact me via email.",2019-11-21 11:31:23
gp:AOqpTOFuLDKRrB0kokO5vb16ElEe-8bV13jbl8Mu9Di3TXImPsprhFIIEctQsryg2sx9P7nk0lN6FuTjFst9RQ,RS CodeBreaker,https://play-lh.googleusercontent.com/a-/AOh14Ggx_1_4lkQWOGRO8ZDP0Pn3O6iEgOB3CQk9fdZT,Thanks this is really helpful you did one amazing Job! Also i wanted the know do this app work when i have my wife offline? If not please make available q,5,0,1.5.1,2019-10-26 19:02:51,"Thank you very much for the review!
The app works perfectly without wifi/data except the music player which requires a connection.",2019-10-27 01:55:14
gp:AOqpTOHx6OMAjS9b-Ly9oiMUh6TTlUGYam3hIUDC2MQ9ejAAcchQsfJHyYTt4FdiijxlT8uvNByT--zVUX8PYA,TolerableShip02 _,https://play-lh.googleusercontent.com/a-/AOh14GingVRAQDdVh3aWm5SkMYacWrKsQwSSW3m7Knot8g,so correction it seems that all the fish pricing is off,4,0,1.5,2019-10-17 06:54:03,"That's a bug, I hope I can fix it today",2019-10-17 07:00:11
gp:AOqpTOE_7hVkNVdn5TBr5pMqPaGzlPudQVseIEmTtn7VyiMuNxIlZJRJ-Ut_v2qf1-W4NPrPypuxkvKZ47ycnA,Tyler Haynes,https://play-lh.googleusercontent.com/a-/AOh14Gghk9d2CJMu1UTuvcxCEkphSWpSaOTX6x30KVxG,It was no help what so ever,1,1,,2019-10-13 01:56:51,"Hi, I'm sorry you didn't like the app. Could you explain what should I improve?  If you want a refund you can send me an email :)",2019-10-13 02:13:39
gp:AOqpTOEh7cJss9nnGU2o_xrnS3LjVi4qL9c_CW7Aowkxw0unrMwqiyOSj42ZTweNKmnzEF1jFic5boodonkj_w,Stefan Cornelius,https://play-lh.googleusercontent.com/a-/AOh14Gi7IXwcCvfJDS8DiV-lHWk50wqsK64NHMmYblMGcA,"Great app that is still being expanded. However, as of the recent update it seems I can no longer filter the lists of fish, recipes so I can only see the items I dont have. Now it forces me to hunt through the entire list to see which I have and dont have. I'm not sure if this is a glitch but I miss that feature and wish it'd come back.",4,6,1.5,2019-10-13 00:37:27,"Thank you for the review! That's a bug, I will fix it today. Google takes a day to publish it so I hope it will be available for tomorrow.",2019-10-13 02:16:57
gp:AOqpTOEp7N1MTR0Wn46qWAOL6LlbCV6iwnxxNwPy5IZScbh5thLJqIKqTCpawJrGIuZp4mVbnvV12yzSWM8lEQ,Tasha Dinham,https://play-lh.googleusercontent.com/a-/AOh14Gh24Cwshk7XNDg7SB07Bl-nOrHSZVjKwbQt_xZ3,"Great app especially to track your bundles for the community centre, would be great if the heart events for each villager was on there so we knew how and where to trigger them without having to search online.",4,2,1.5,2019-10-11 12:13:13,,
gp:AOqpTOFyjSauFWm02LafJPSF7OgYn9sktpi-W7Rew_FwVWtAojUGUDYaRBXHz8QwsPcLxb73OOV2Z9bky42hYg,Erica Leff,https://play-lh.googleusercontent.com/a-/AOh14GjcubBFCHnHtdBOT24sOFu-zIkYI3OjQYcIFRxpMw,"Love this so far. One question: can we set someone as our spouse so we can locate them accurately, etc.?",5,1,1.5,2019-10-10 07:42:58,"Thank you very much for the review. I will try to add a way to locate married villagers but, generally they only change schedules on mondays.",2019-10-10 07:54:09
gp:AOqpTOF5i69ne_QDsPJoxZii9_hqwSZlTQ4N2Z4qju7sXhUfvUHqwmILzshDJToWgKop2SuN_8qc8NyHGKwrtw,Chris Herborth,https://play-lh.googleusercontent.com/a-/AOh14GhdCLYleh2avyDXveQo3WMlbUHZT56weJbTr0TArlk,Very handy! I'm using it while playing on the Switch.,5,0,1.5,2019-10-10 05:46:26,Than you very much for the review Chris!,2019-10-10 06:06:17
gp:AOqpTOHNfN4O_ApX6LdTcJd-AY_jT67QaY-r5XljRFftBUZkj51lP2mGJSCp-xNnbFPX3mOAnRLNkq9ORazQKQ,Angiie Gloriia,https://play-lh.googleusercontent.com/a-/AOh14GjJJOxmKOp6yF8VBKvkAhM8mNpGyVGDLmStrCAH,Love this app but would love it more if it had all the buildings and that for your farm and what you needed for them to make it.,4,0,1.4,2019-10-02 21:00:35,Thank you for the review! Farm buildings are a planned feature. If you have more ideas you can send them to my email.,2019-10-02 22:40:31
gp:AOqpTOFgvFwaRT9qVlNMviaWOHmM-SsIAjADU_avVx2JPsVqqEAb2NiiD1jgYmwWxGhETsKMmk3bwVP8huIMIQ,Muffin,https://play-lh.googleusercontent.com/a-/AOh14GhBn41QdnPzd-Iz9W9FhLyJm05hwDUI_8101vf1Bw,"So I've been searching for the best planning/tracking app to be my companion guide for my newest playthrough of Stardew, and believe me when I say I went through a few apps trying to find the perfect one. Guys, this IS that app. I've been using it for several weeks now, and I only find myself retreating to the wikia for building requirements and miscellaneous item info. This extensive app and its devoted developer are an absolute gem! I eagerly await updates, keep up the incredible work :D",5,4,1.4,2019-10-02 15:09:36,"Thank you very very much. You are so kind and I hope you will like the future updates I'm developing, the buildings will be implemented soon. Best wishes for you! :)

- Markel",2019-10-04 13:08:19
gp:AOqpTOGOSng0d2NVGQnx34fraSAZ2-IXu93Gm3O05hFhi8yunr0BbDxKf9tRIzWSxQ4UI7NJspjm0tU_ZthQ3w,Hugh Murrell,https://play-lh.googleusercontent.com/a-/AOh14Gg9ZGbXrcExS8-EioBqIDG8Hr23zffQXoxfPGo9,"Great app and resource. Could definitely do with more updates, first I'd recommend a general app-wide search function. Keep up the great work, glad to have purchased! 👍",4,0,1.4,2019-09-29 14:06:08,Thank you for the review! I was implementing the app-wide search function few hours ago! It will be available for the next update.,2019-09-29 14:08:03
gp:AOqpTOHqpBJVlGGgxs-vkcO4BYTR5z8PHGOf9DbJ9fFge64uZME9KDL0ZuDZE79ruoDjmTMCxNNDj_XLMSPhOA,Veritas,https://play-lh.googleusercontent.com/a-/AOh14GheaZ4hjJpYF8PHA0M_aHClFBWw2VWsYcp0xxfe,"This app is truly a great help! However, I would really like to have the option to see the npc's location when I open their information screen. Rather than using the npc locator, it takes too much time for me",4,0,1.3.1,2019-08-22 16:42:31,"Thanks for the review!
I will add a shortcut from every villager info page to go directly to the locator and select the villager automatically. Also I'm planning on making the villager locator easier to use.",2019-08-22 22:39:32
gp:AOqpTOFe95sUQKR34-SqkvtnT5Eeu5-K2qyZcZiRgBSAsA3-H90PWl99MnViUGZhKi1vdxYX4vX9QtSHD67fCw,Boay Jun Hung,https://play-lh.googleusercontent.com/a-/AOh14GhpyQoLzZ3MWWBX9kI8MSug_wYNbmEAutTaNSBj,"One of the best underrated trackers/guides you can get on the playstore! The dev is also quick at responding to problems and excecuting new updates. There is even a music player that is unseen in most of related apps. For its price tag, you won't get anything better than this!",5,4,1.3.1,2019-08-22 15:28:12,"Thanks for the review!
I will try to implement the multiple farm system, it will be a bit complicated because the app is programmed just for 1 farm. I will try anyway :)
Edit: I just added the multi-farm system! Update the app to try it.",2019-08-17 22:44:16
gp:AOqpTOE5kH--gaOae5Od86ohqfFyVaBcHgmBx0FIWF2FrMYUAF6u8kgrBU_IffOWBCDjlFMV7G5OteFoA1RidQ,Jennifer,https://play-lh.googleusercontent.com/a-/AOh14GhIHxEWAb2q4xZUbhqhJzgZzr6LfyjQr7Pb3pdI,"This is exactly what I needed! It covers all the basic stuff like community bundles and gifting. But most importantly it lets you set date, time, whether the community center is done, and the weather to to help you find the NPC of your choice. No more scanning the wiki because you forgot Sebastian's birthday and for once he's not in his room.",5,3,1.3,2019-08-21 10:39:38,Thank you very much for the great review! I'm very happy that you liked it!,2019-08-21 10:59:21
gp:AOqpTOHX00OTwNNyxFZUncCRnKIFOlGdB7LgXWVt268fjX1-vNWrPfqJdF1X_5j4cCleM-VBOANY49_NJrrgaw,A Vander Heiden,https://play-lh.googleusercontent.com/-inq1YuTyeAo/AAAAAAAAAAI/AAAAAAAAAAA/AMZuucnlMDbT_2KmRGtS-EXl7obXGV9Mng/photo.jpg,"Lots of information on most things. I love the calendar aspect that lets you know when certain things are happening, which if you are playing for the first time would not know where or even if they existed. I would give a full 5 stars if I had access to what items the villagers, not only loved/best gifts, but if I knew what they liked/neutral/disliked/hated, if I can't give them the best gift. I've seen this aspect in some other free apps and it's really the only thing I'm missing from this one.",4,10,1.3,2019-08-20 15:39:27,"Thank you for the review!
I'm working right now on adding the liked gifts! It will be available soon.
Edit: Liked items are available in the latest update :)",2019-08-27 06:43:26
gp:AOqpTOH-HMHzRGrHteVZo4pSQruvX0Iiiag9SH7WtfLza9KagLqBKbrGKdMUKzyCWqLDvJ6pcter6tUgnuVbsw,Mandy Lenton,https://play-lh.googleusercontent.com/-5iEXWitkbEk/AAAAAAAAAAI/AAAAAAAAAAA/AMZuucmlvKycMFWpVtHtZTm-a6aGXDvNlA/photo.jpg,Officially Best App Available ♡♡,5,0,1.3,2019-08-18 07:21:09,"Thank you for the review!
I will add the crop check feature for the next update :)
Edit: Added!",2019-08-16 11:27:59
gp:AOqpTOGfW-tetBzJAlQE3Ri7H9hhYC9XR3iO0MRd663GLyR3imN6vqmpdkpndxBzNOe_FcclI5f_Hju_t5tWuQ,Jordan Hanson,https://play-lh.googleusercontent.com/a-/AOh14GjCj9y7gAUziYonKLEPahpMGZ9wcO7Pv3vrLPI3dg,"Nice app. Easy and convenient. Missing some components that I would really like to see implemented. I love to forage and would like to see it in the app. Edit: My 3☆ review is based on the current status of the app. Given how old the game is, that the app costs money and that it is missing vital information, my rating feels justified. I reserve the right to change it once more features and information are added.",3,0,1.2,2019-08-14 02:58:37,"I'm working to add more items. Foraging is coming soon :)
Edit: okay, thank you for the explanation, but keep in mind that the app will never be as complete as the wiki.",2019-08-14 04:00:05
gp:AOqpTOFwxjV3RbJm7M-Ly0jvS4imcVHGnfwx98WC6WO4POXuQiiJu9SWNydoR-VyLzsWet-1OXE2c5Rmf451EA,Helena K,https://play-lh.googleusercontent.com/-6DqMPYhBejE/AAAAAAAAAAI/AAAAAAAAAAA/AMZuucmeGmPP909SgfCFNhGvcaCmBQbtsw/photo.jpg,"Pretty good app, would be 5 stars if it had what the villagers liked not just loved. Also a gem tracker since you can track artifacts. Last thing, if it had villager tracker for rainy days. Unfortunately still find myself going to the wiki too frequently to make this purchase worth it. Edit: Having read other reviews and dev responses, I realized this is a brand new app, in which case, it is very well done. I look forward to updates! Keep up the good work!",4,0,1.2,2019-08-13 18:18:41,"Thank you very much! I'm waiting 3 days for google to upload the new update which includes the gem tracker and many more features. You can select if it's raining in the locator (There is a switch below the villager)
Edit: I just published the update with the gem tracker
Edit 2: You can see the liked items of each villager in the latest update.",2019-08-27 06:45:50
gp:AOqpTOH70R015vUhzVy7SMKvs5LaKofTX37k_YfOZ2txrUByFPWaIEBI7HTtsZir8fFHnED2buV-yBL3dg7ogA,mejuez,https://play-lh.googleusercontent.com/a-/AOh14Gh37bPSK8rIzx8xXL55zC__O6UkT2IOVTzkevbVgw,Nice guide and info for SV.. But can u update for Material Item in SV like Gold Bar ?? I hope for next update...,5,0,1.2,2019-08-07 04:20:11,"Thank you very much for 5 stars!
I will add the resource items (gold, iron, wood...) for the following or the next update :)",2019-08-07 05:30:20
gp:AOqpTOGvp4JOkiO0CAAddsfIaFpC8aAxq88XN-EY-O1MdnKMJWw7ZL61785t7nzq0mgGy1fHwbqGYebegSdNZQ,Erin Prater,https://play-lh.googleusercontent.com/a-/AOh14GgBDpSNqboQTByBfXoYVg0UQjgsmjk4BS6-p1QOwA,"i love the guide so far, very helpful. i've run into an issue with the ""NPC locator"" causing the app to constantly crash whenever i tap on the option. A feature i would love to see in the future is an option to track artisan goods put in either casks or kegs and preserve jars to the calander for those of us who keep forgetting when and forget to check (myself included). also could you please add the ""Wild Seed"" packs to the crop planted section of the calander? thanks and keep up the great work",4,2,1.1,2019-08-05 18:09:42,"Thanks for the review! I'm waiting to Play Store to accept the update that fixes all the locator crashes. The cask and kegs feature is a really good idea and I will try to implement it. Thank you very much for these ideas!
Edit: I added wild seeds to the calendar and fixed the crash in the latest update!",2019-08-16 11:30:45
gp:AOqpTOFkHrcEbF4wvj4vsCxt0rW9OQ7FQVETAducOaIKchKgz-BUQCTJ64_M_MvlNZtHpWc0bj9HUxa9amUuIA,Zerdxs AF,https://play-lh.googleusercontent.com/a-/AOh14Gj97tK-Wq_80r-vWAIM4gc3y-NQCw5QHQ3TMlmv,"I buy and install this app, but i cant open the NPC locator. how to fix it",2,0,,2019-08-05 03:34:43,"That's weird, try removing the data of the app (Settings/Apps/StardewGuide/Storage/Clear data) and then open it again. If the problems is not fixed update the app when the new version comes today. You can also contact me via email.
Edit: It's fixed in the new update (1.3)",2019-08-16 11:31:45
gp:AOqpTOG8SwI0nhYUq3-lnUH_23moD_pJ5YJPZnYZYw6lUbLzHUtMopeN3cV6twOMQjSunHPjMjn-FOUSJXAcDQ,Charmaine Earnshaw,https://play-lh.googleusercontent.com/a-/AOh14GhcZJAIfAANFuYq4uTl8Zg-Hw75Bx_XBMEOzxkJ,"I really really love this app, I have tried all the stardew Valley ones on Android and this is by far the best.",5,0,1.1,2019-08-01 18:08:29,Thank you very much for reviewing!,2019-08-02 05:52:25
gp:AOqpTOF6fnJk-iWMSVWxrsfZXzybK0leMnaV8OT7du3k8VS-6GU9-jcN_o4zhazwsTCRKbGBj1Yb42xTNuEMPg,Aoife Nolan,https://play-lh.googleusercontent.com/a-/AOh14Ggz3Y0661GTTCe980B02DIdK-XEwNdDkGE8KRM,"good app - wish if I clicked on crops I could see who (if anyone) they're good gifts for, also an option to click on forageable items in the same way as crops. also Emily is listed as Alex's Grandmother 😅 edit: trying to open Dwarf scroll 3 crashes the app also if Gems could be ticked off like artifacts once they're in the museum it would be insanely helpful 🙏",4,1,,2019-07-31 17:33:05,"Check out the new update, I fixed those 2 problems. Also I will add gems with the ticking feature for the next update :)",2019-08-04 15:58:56
gp:AOqpTOESaXGG1HzcWf-MWU8OycufBmnFitbQHovhy5ybkvqsP3Ka3mqE_pj6ciwkc6n7An5KbRlvouuLFJ8Q6w,Jesse Quackenbush,https://play-lh.googleusercontent.com/a-/AOh14GgraGXjqZOFw131pJ3hZaFJ5AxxR_keExBPtP9tJQ,"Great, full guide. The only one I've seen so far on the play store that's not just a bundle tracker. And only 100+ downloads? Worth the $1 do not have to constantly google ""stardew valley..."" every 2 minutes.",5,0,1.1,2019-07-27 15:55:49,"Thank you very much! I'm so amazed by the fact that my app has +100 downloads already, for me It's a lot!",2019-07-27 16:06:48
gp:AOqpTOECV-Xta4tippLWewm6nqFbC51V7LnWUYvozFzmPDb3PbzttehlMEFvlSGsn_O4v-z93MBDZIB74AVh_Q,Sidney Taylor,https://play-lh.googleusercontent.com/a-/AOh14GjDhogCuIysI8EVPx3mRw7Sp0k-q-gvumiOLVnV,Very well done app. I love the map locator it has proven very useful. However it doesn't have the full list of items Liked/Neutral/Dislikes/Hates for all of the Characters.,4,1,1.1,2019-07-26 13:54:10,,
gp:AOqpTOH5wWiPSCQV_6U26x1t85_8FPwzrAvMroIpXYOfwQbKlY4So0BLIK_SWiMCrpKi1NRK2avKN1YxC8Bf2Q,William Afflerbach,https://play-lh.googleusercontent.com/-4BYMT9oxSMA/AAAAAAAAAAI/AAAAAAAAAAA/AMZuucleRYWAnrq2rUs53zqGpbDmxaYBDg/photo.jpg,amazingand the offline functionality is great. I would suggest adding which crops would be the most profitable for the season.,5,0,1.1,2019-07-25 06:15:53,"Thank you very much for reviewing, I will try to add the most profitable crop feature for the next update.",2019-07-26 17:03:15
gp:AOqpTOGBHUnu0XgBeeuE21OVbhGubtssX4Xjgfm_Ydjh_jeXdhTnS2500ZSu8TdH8Xm3BucLzLqmkht6waAK_g,A Google user,https://play-lh.googleusercontent.com/EGemoI2NTXmTsBVtJqk8jxF9rh8ApRWfsIMQSt2uE4OcpQqbFu7f7NbTK05lx80nuSijCz7sc3a277R67g,"Very detailed guide, and is the only one I have found that can tell you the uses of an item so you can quickly tell if its needed in a bundle, recipe, or gift for a friend. Almost earned 5 stars accept some items are not yet implemented (as in they dont have the uses menu) and it could really use a filter on the menus to shortcut to Summer / Fall / Forageabe / Lake / Ocean etc",4,1,1.0.3,2019-07-14 13:59:00,"Thanks for the good review!
The filter feature will be added in the 1.2 update and also I will add all the information about cooking recipes and minerals. Other items are coming soon (animal products, artisan goods...)",2019-07-14 15:00:50
gp:AOqpTOGZacz7QzD4JrA7SW4QxIC4UXAdq7HsLJmnrVG4r2oDoZATF8SgtVRQBUgF3_Oze5yUZmDcPzwDIvCkXw,Mickala Horn,https://play-lh.googleusercontent.com/-ourHMnPY3yU/AAAAAAAAAAI/AAAAAAAAAAA/AMZuucm6tvpmt3Dn-EEymwXVtD0Kdcb-ig/photo.jpg,"it barely worked on my phone, i wish i could get my money back :/ its not a bad app, but i couldn't get it to work without glitching or freezing. maybe its my phone though. either way devs did good, theres lots of useful information",3,1,,2019-07-12 23:55:40,"Thanks for reviewing, you can refund your money if the app doesn't work. Anyways, your phone (Galaxy J7) is a pretty old phone with only 1.5gb of ram. I suggest you to upgrade your phone or reset it to factory settings. I tested the app in my 4 year old phone and I couldn't see any big freezes. Could you tell me on which part of the app it freezes?",2019-07-13 00:12:16
gp:AOqpTOGElqwaqr6wwBf7x_I-AJptvWHQ9OxovJ9FGdv9cRIUCMLueotjIXqaIwVWDv1eLPdLDMaETx11BFAYwg,Kinzee Davis,https://play-lh.googleusercontent.com/a-/AOh14Ggn83T34LvwRkws2utCmXuTjZ-EyQ8jLoHETnWMgl0,"It kinda sucks how some info just takes me to the wiki, which I could have done for free, instead of having it all on the app. I got it so I wouldn't need internet to look up things. It also crashes when I try to use the locator.",3,0,,2019-07-10 10:34:03,"Thanks for reviewing, the app doesn't take you to the wiki, it stores data from the game files and then it displays in a readable way. I'm really sorry for the crashes, I would greatly appreciate if you could tell me which villager are you trying to locate when the crash occurs.
Edit:
I added an update that fixes the crash you mentioned",2019-07-10 15:33:03
gp:AOqpTOHDZP7SLCh8W66IFcTK5k2rcpKRjL_BZarqkYM1dQTQ7uYxEncXWWranVCJo1c5SzOIT5dP20aRWqUffw,j w,https://play-lh.googleusercontent.com/a-/AOh14GgRhUxiEGqh2MzpmhpMJ4pSgY6jrOFqkxCwfZ9Pow,"this app is my best friend when playing stardew valley. i deleted my previous 2 stardew apps as this one covers a lot of game content. perhaps a show/hide function for collected items would be nice, or some form of marking on the list to show it has been collected. i can't wait for future updates and additions - there is so much potential!",5,4,1.0.1,2019-07-09 18:17:06,"Thank you so much for the review!
I will try to implement the feature you said for the next version.

Edit:
A new update with the feature you requested has been sent :)",2019-07-10 09:23:47
gp:AOqpTOFaPF5O6kkTxMvyEwUPql9P8Fu_dfEPMJVPj3F83KNiXJpiIAZEwHq8w6CAWUrtiXKxdCBEq4m_z074ug,Randy Neilson,https://play-lh.googleusercontent.com/a-/AOh14Gjh2eGeefCQUYNrfFgdLBKtP1pDuGmUT9cXfOHLFQ,This is actually amazing. It includes everything I've been looking for. The developer was swift with a response to correct an issue I was having. P.S. The Music player is actually the best and I can't wait to see further updates and more implemented into this app!!,5,2,1.0,2019-07-08 05:40:09,"Thanks for reviewing!
You can remove a planned crop simply by swiping it.",2019-07-08 02:00:14
