reviewId,userName,userImage,content,score,thumbsUpCount,reviewCreatedVersion,at,replyContent,repliedAt
gp:AOqpTOEuGAdRmM4QWRy-DeMKhXQLL63zJV-XEWN54GzGKC6C_MXUfBjAmasA7PfNoLr8slTMDiszlpxf5-bSjA,Aizen I Sama,https://play-lh.googleusercontent.com/a-/AOh14GgsTyxBInRnUUBgCz3yLBMDW7gNN0oQyjYNk202ug,noice,5,0,9.4.8,2021-02-10 04:08:13,,
gp:AOqpTOHNPV28vL-TRlvu44o11RGUEAwGhiVZbhC3llavhhd3DIo5UJd0yhsRSNoeZYGt1V_20tCB6RtiXMPOxw,Mikhail Pryadko,https://play-lh.googleusercontent.com/a-/AOh14Gj00TLpURuQJEZeRySbr1eemyxyW0hAlLaIx5Q1jQ,Stop. Changing. Design. Every. Update.,1,0,9.4.8,2021-02-03 10:54:05,,
gp:AOqpTOEJHztYbN87pzmR0qoNxA9wllYQwtUuWbgsZy4LhpP7_8sH8ORhJd1C9eHPwwPPceiO-qK-vzG1IaMs0Q,Luke Cloudkicker,https://play-lh.googleusercontent.com/-3e1dKQRxEaE/AAAAAAAAAAI/AAAAAAAAAAA/AMZuuclt-eJ5Y7-tTT3BhMZN4upy2jwHrQ/photo.jpg,Just what i needed,5,0,9.4.8,2021-02-02 05:32:01,,
gp:AOqpTOFycWn2RNoSpXJMT10BdZNuQ8e7rejA12sa0JQPdeBI33OrDlRK5pgyv7pqWSn1Mm9IlNhXUfMrbxPfSA,Garèéb OP,https://play-lh.googleusercontent.com/a-/AOh14GidW8-MNOv_0XXWBofgpA_qBKortKYvIuYRhaPf,Uu,5,0,9.4.8,2021-02-02 01:24:39,,
gp:AOqpTOE2TOTwA1cmOXmHA3jlWo4-LUScF_VDhRFq-4MMliVbe1mku4MURobJ84bAAtVVxShGk7lHktPwh9gT1w,ASWIN R ERANAKULAM.,https://play-lh.googleusercontent.com/a-/AOh14GjD6aizsXBQclYdT9asfTfThOV6XpT35UkRvpRF4g,Very nice audio player.,5,2,9.4.8,2021-01-30 20:35:38,,
gp:AOqpTOGoyMHvPib7Rk6QFsbQKZkdsiYUCQaJ8sSqlDYEtioJ0UgHAvQkJFmhgj45ynyeoff3u3zXbOWVNv06yg,Waheed Nadeem,https://play-lh.googleusercontent.com/a-/AOh14Gj1cGyRY61i50cV1zXrLXiSeOmyBPdAcph93w9JBw,Absolutely Good🥰🥰,5,0,9.4.5,2021-01-29 21:00:26,,
gp:AOqpTOFaBbGTWchhMpF58BKCSoTbyfi2RKDY9gyBiFaau4i6b1R3jBfPjHyKZkp_kYeK-FuR-X-xzSWc2g5FaQ,Hacker,https://play-lh.googleusercontent.com/a-/AOh14GjdPimd9tZ4Dzo5v70lUMJ5zMnYtGAiSn6jMozgxg,Please add new Equalizer like Party & Club,4,0,9.4.8,2021-01-28 12:00:42,,
gp:AOqpTOGoK7oMvkZqoAQcBYF1QaPRElwOMruGozjgghzBX-Tv7BJnXHN_n49fMgtt9OYx7ZPBziSyGgZn0QCgOg,John Roussos,https://play-lh.googleusercontent.com/a-/AOh14GgnOW2hmZPaC9iWeu92j_onjEt_JfwbxuS0D2xFqA,I think that it not worth the money you pay for,2,0,,2021-01-27 04:16:34,,
gp:AOqpTOGrgTWVF9lkEQyNzWjCX565gcTDFiBMHlASRfomEeny8jinYrlKFsF2NbTtivFr9DYQ0NwdRpLAPOhOfw,Lazar K,https://play-lh.googleusercontent.com/-TsGfESt_qnE/AAAAAAAAAAI/AAAAAAAAAAA/AMZuuclfBE8LAgHgURbBIJBQGDIMIYwR-A/photo.jpg,"Basterds, cheaters, go and beg, fraudsters",1,0,9.4.5,2021-01-25 09:19:54,,
gp:AOqpTOGAz0UTAVDvkWP-Q8jLCfbHX1sEyF9nfTBJKJo3O_UiRYUETbh47ZlBs5aHJgJ0_Kp3WLwBG7_Pm9odhQ,widac styles,https://play-lh.googleusercontent.com/-t033jBoAyyw/AAAAAAAAAAI/AAAAAAAAAAA/AMZuucnDFNOnUC29PtS91ujthlCoCR0cow/photo.jpg,Exellent app,4,0,1.0.1,2021-01-24 11:27:39,,
gp:AOqpTOFXIhFTkQtzMHweSyJC90rzPxLfo2jW6VKg0Q2EVoFjntNstxtBCTS6NbfRbKP4a4ZD2TQAZ2OPBn0ptw,Sameer Jadhav,https://play-lh.googleusercontent.com/a-/AOh14GhDD2m7Zbz3Aw2TLkUP3wm4rJTSd6O9dCFTYp5Jjg,Lot of better music apps out there than this one. This is a generic music app with a reskin from this developer.,1,0,,2021-01-23 13:34:01,,
gp:AOqpTOGAUMb2mmaBdVwnGLbHMsJFIC_etIzJTTWqEgF7i7KUqZa9jwl_lP8vqA8BkZgG_D1opagCET19WdqoqA,Ray Mullings,https://play-lh.googleusercontent.com/a-/AOh14GgsX_-oNH2labJ6v4TLxuYHr_I1FSnF9ewt8FMwyw,"Doesn't work well. I got to a point where you can't even change the song. It literally plays the one song, and then is stuck.",1,2,9.4.5,2021-01-21 19:09:30,,
gp:AOqpTOGAvNgisyhLb-671JVZg2-Sj346b9HNg1FVrMbfCvtHGpJMplMpY9agi-N8zrBX4bBuHsGCkZ7Qd14hTA,wuuut was that,https://play-lh.googleusercontent.com/a-/AOh14GjtHidKc4XGTvwrzpB4OnUr5FMIQyIZI4bLuyt-Qg,The worst,1,0,9.4.5,2021-01-18 11:24:19,,
gp:AOqpTOEOMsIqAVeo2-i8IF9h9F_TwcLanRDdhUZXjWtj7_tHMycUzwaIcWbMsAP5LbvRVKZP8M3sOouLIk89sw,Harhsa Vardhan,https://play-lh.googleusercontent.com/a-/AOh14GgPEXexN_wZV1XW5OD42AiMrRcffqZVQo1PYOyC6w,Nice but i need some more features.....,5,2,9.4.5,2021-01-17 20:47:54,,
gp:AOqpTOGMXt7YZaa6owgeFWp1McupD1oFV0XOfHbXnMMAi_l6GOHGG2uvjgohtiEz12SF6tuqIAlkVbb3mRe1Ww,ZKC ٌ,https://play-lh.googleusercontent.com/a-/AOh14Gif9ymVncGwxWGFyPxbuy1Vnx0_iBp29npj8GL3AQ,boring and so buggy,1,0,,2021-01-17 09:29:26,,
gp:AOqpTOHoHgMIRucoAjNqxwf-anOeJbaiTlc0iBJj0NdApvqjKxrWu66F0quP7DNB3E5nf6zHeQSGLsgv5jep9w,memes are hyper,https://play-lh.googleusercontent.com/a-/AOh14GiyWsa29DGOR0L8XGK2BozdtOutIY3Wo8plfIPC,The EQ is actually good. My cheap speaker phone actually sounds like a flagship like no joke 😐,5,6,9.4.5,2021-01-14 18:59:35,,
gp:AOqpTOEYLGnASI7FhFZlBdgphC9nanU5yuUMBErPJAu_yrLwsH2KS8l4iEMM3_HRh6URl0BxT79Iq_7vm8yD6A,krishnabal P R,https://play-lh.googleusercontent.com/a-/AOh14Gh0pf1SW4V7t1EluPRnEUVkaIO9797JMqwYj9l8wQ,Good app beutiful music are coming,5,0,9.4.5,2021-01-13 00:14:20,,
gp:AOqpTOE3Xq-DUWMp3u2qCJHNEu4TMEwWFzqTxopX4X9jUl2mrA0zFZLTGUTsU_2Hw87EmoqAFY0BSJ_RCsMsNQ,Zeeshan Sarfraz,https://play-lh.googleusercontent.com/a-/AOh14GhGuAtZTJsc3fyfrPt2ohR2xcKwQ4nwom8Q-_vQWA,Great app,4,0,,2021-01-10 10:58:46,,
gp:AOqpTOEtwrRJ3Vog4penWnArP6XoSYmnSYRkVBen-Y5NmYGRAKde_4_BA2E9iksVy8IATFM9WO40G1cKnFvYuA,Ajeet kumar,https://play-lh.googleusercontent.com/a-/AOh14GiDPyDMYplTYbaPrqHoYpiWDNo_l6ToggJAW-MCpQ,Small but very good audio player,5,0,,2021-01-08 20:18:22,,
gp:AOqpTOGS9tw0n3AQaR82o576ApTrD35Xsl04HyZ6is-cF9dGkCVu9zN_ktq_CmgvUW4dg0sRWWQxUOp4b0n8kA,Imran Ahmed,https://play-lh.googleusercontent.com/a-/AOh14Gg6tT46_NaJPHehT6VR1dNBczSUIgPB0JkCOIYeeQ,Good look!!!,5,0,1.0.1,2021-01-06 23:53:58,,
gp:AOqpTOFFumnJjQYDir3irF9zI0tYmk9IlC7UGU4dUIQVTmvzwnYNtEcMCShrj3h2ebG4rAzDGDrIxdFnTwXOWA,M Umar Iqbal LCM 4198,https://play-lh.googleusercontent.com/a-/AOh14Gh59Y_IVdwG-YMgMP9sh15vaRvLEFhEPyEYIxgK,Amazing really worth it to use,5,0,,2020-12-30 14:18:53,,
gp:AOqpTOFEf8CauXOgfw0rqN4Wu2oxG34OJMCbsCx5b4D1a3nQfhS1bDKE9v3_2WxtO6hyG6n564HGsRYD9Fi93g,John Ward,https://play-lh.googleusercontent.com/-Lmi-iGVBiT4/AAAAAAAAAAI/AAAAAAAAAAA/AMZuucngmfxTB7rCRnsTHvoU1JQWtaNQQQ/photo.jpg,"App works pretty well. Simple controls and easy user interface. The app lacks a continuous random play choice. I'd like to be able to connect, start the app, and listen to my full library of music in random order. The shuffle control seems to be sorta useless.",4,17,1.0.1,2020-12-28 05:58:26,,
gp:AOqpTOE7rSS3aLQOlIylLxtnuBhcQkmEJg3p_dGT8NLru4c3VhN2bxENzWLJxMx1gFJ-2YOCRlYyAQZVHlt3pA,Hassain Panduri,https://play-lh.googleusercontent.com/--9Jn-DaJ0Ds/AAAAAAAAAAI/AAAAAAAAAAA/AMZuucmKhiIOgnveHW023HRQPlEmTE0e3w/photo.jpg,Gd,3,0,9.4.5,2020-12-27 21:52:01,,
gp:AOqpTOElYx_sxOm4nXMsQyNnYrsIMW7cuBLpOnfdA_-w2PjW2N1raAmfKhHH8Kk51LQoiyxeLLNADraHq9g6og,Vikrant Choudhary,https://play-lh.googleusercontent.com/a-/AOh14Gj71q3O3t2vWJYEV_Kxlcsj_O82AHsGhUXPdvjPrw,Notification panel issues. Exit from notification panel does not workk many times . Seems to be a copy of Poweraudio . Kindly redesign notification panel for larger displays,1,47,9.4.5,2020-12-27 09:14:07,,
gp:AOqpTOFCcDMSWCKYvMfv-ICwVMEP-MNBIddnkhvqNH1a3qthn3uvtW-YTS3YYeGYUWaj-mrKx2ed6_Ea5TDNlw,Sumit Kumar Roy,https://play-lh.googleusercontent.com/a-/AOh14Gh_9GdXoe72WkxUji7PS8S_7YQ2N0QFU6ncZey_Ew,Very bad app,1,2,9.4.5,2020-12-27 08:31:58,,
gp:AOqpTOGrMlYEn6XAuB8VLOCjOaajWABtY9w2538XnNN1OavY0IxK0jzAGVfE6dJ2QwkE8CszrSU34M7vjbN0og,Harrytriant 22,https://play-lh.googleusercontent.com/a-/AOh14Ggp-btY0LlH1v2vF3yHSqma1UXtjtTOpDrDGjBEZg,THE UPADTE DELETED MY PLAYLISTS THAT I MADE,1,0,9.4.5,2020-12-27 04:04:46,,
gp:AOqpTOFu3Wno6IVXs4p5wKoLGJTRnNySleOqOJOXpB51UJZTHjMUrjueZqK5of0IfanXBzXFrEH57cWNMxNezA,Mark Robinson,https://play-lh.googleusercontent.com/-j-KtQ3EbKKs/AAAAAAAAAAI/AAAAAAAAAAA/AMZuuckhYweaCqIMiXIOPsNKaL3fv_5I0A/photo.jpg,Very good,4,0,1.0.1,2020-12-24 05:21:34,,
gp:AOqpTOEDsEnUYgYfY9hAfrIf2_upKQ73ZRxogU90fb5QmsVbMc7yqUAoQsEnGcb40hag0WNSUTYlC55z70ii8A,Mani Kandan,https://play-lh.googleusercontent.com/-kXiAiexa3gQ/AAAAAAAAAAI/AAAAAAAAAAA/AMZuuclVxeYqKadC1lxm5Er8Plq5EuRUsg/photo.jpg,Over Bugss,1,0,,2020-12-23 19:49:51,,
gp:AOqpTOHl7QyDuLiRwb2SEh3OeByjZca4XqxXqc30AQWZ5uWz5iy-69jvsKTVr9y-27VnOgJMLG3rld1hSPP5Ww,Hesham Fahed,https://play-lh.googleusercontent.com/a-/AOh14GgCMj8mbocN7rYYXhoNKugf8wjY5jfU_TsYiYJRPw,Very cool,5,0,1.0.1,2020-12-20 21:14:55,,
gp:AOqpTOGdEjlRKQ5JvjB-nkCUgHDpuCOnqRe7uv-ChX75H8dclfjvx5fJVtEyeY-stgEYWEJ_XI0lVCfoLpLqCA,Hussain Lotia,https://play-lh.googleusercontent.com/a-/AOh14GhyaSOGMDD4WNtDBhMCwUtEickd9ixmxTNQD-r4vw,Best music player app!,5,0,1.0.1,2020-12-18 06:59:57,,
gp:AOqpTOF9MlsN1bZNUWsT7DFh-HNTYLo0h7aPiL01rm_hwoAwFKtMitVjk99QmAPOKc7lZfSiTGuwmqFCK_FL7Q,John Mather,https://play-lh.googleusercontent.com/a-/AOh14GiiFLsrYiSR3n4lGRWXe8JFhNKOe1HRJANw_JgNDw,wicked player and looks sweet👌,5,2,1.0.1,2020-12-17 11:33:36,,
gp:AOqpTOGHd5MfQN2KzVoDxKautvodOUGGkWSVPrvWyxalZ1ZsUnwjBt9AHJb2hKdZ4NvG9YCe9-FIvr0mWmhgIA,Ram chandra mishra-madhukar,https://play-lh.googleusercontent.com/a-/AOh14Gg7OY1Tw6paYcXTkHiW5NZTtiLqs3qITF0hVpxjPQ,Bad,1,1,,2020-12-16 22:07:21,,
gp:AOqpTOGDzKVPRKO6FzihFs4b1HxQX_Joqpf4KnpPGn_L85kGGPsH3xALAYubmhmWcbLYCj8GzfrV6QkgrWPc5Q,Soni Singh,https://play-lh.googleusercontent.com/-KUhSoMQoOIY/AAAAAAAAAAI/AAAAAAAAAAA/AMZuuck_Ju7v5BBbHgR7foOdVchrUvenaw/photo.jpg,Very nice app sir ji,5,1,1.0.1,2020-12-12 06:04:14,,
gp:AOqpTOFP-tVkPVCuv6yJnDV-i0QJe8S3dqSVK1oRvluePrLh3IroEV5v5ciI1PelMa-esEFiPR1g0M7NsHMafw,Saad Noor,https://play-lh.googleusercontent.com/-le1PPA0dPWo/AAAAAAAAAAI/AAAAAAAAAAA/AMZuucklFotlHC9gVNc5DvshwOMzVw_bnA/photo.jpg,Exactly what I wanted for playing music from my local storage. Small app with a nice and clean interface.,5,34,1.0.1,2020-12-11 18:10:36,,
gp:AOqpTOH8mnbj1slV92brLw9c19uZKC7AQq3ewgOL2zsK735qYLPgtCkQQXECc2DEBEPNU6l60yJEXimF99NC5g,Julizar Hara,https://play-lh.googleusercontent.com/-yOex_lz3jRA/AAAAAAAAAAI/AAAAAAAAAAA/AMZuucnmaSbXdlyLTgRMS9UUAGogh6om6g/photo.jpg,Nice music player,5,0,1.0.1,2020-12-10 22:32:31,,
gp:AOqpTOFQoR6rqAkeGMRMOZPgmybJsIawXOM-2f8CNudu8fH_RORAZgw74_MlKqbwoBsWM_WrBfyj8SEZF9U6bw,Rohit Kumar,https://play-lh.googleusercontent.com/--sE4bQ2HekA/AAAAAAAAAAI/AAAAAAAAAAA/AMZuuckys2EFQ9Vmm_bOHjgWlLDqTm4QJg/photo.jpg,Good morning,3,0,1.0.1,2020-12-10 19:51:21,,
gp:AOqpTOEcKtlKelxO2vL3sj_EDKaPBBRu6ocO62G_RkKxMA267NtinuGO4f73yIV9O-v1C86xupUUDNS2VN-Bhg,Mort D,https://play-lh.googleusercontent.com/a-/AOh14GitamqsKqoxryKvreR-aBAR6JE2F-UHZR4BX7-BqA,It works well,5,1,1.0.1,2020-12-06 06:44:43,,
gp:AOqpTOFkpIu1iC6j3RB6nbbbkVUGL4TOCgXXkPv0C9YXWV9o89kbFRmtP0XNtXYMHmTGHprkobcvajnqhJG8_w,Dennis Montgomery,https://play-lh.googleusercontent.com/a-/AOh14GhSIMZ5u_pudCCZL0UZ0Jb2f5U7cYunV3vEYf_Q,Love it,5,0,1.0.1,2020-12-05 06:48:30,,
gp:AOqpTOFBsFdQr95LyTGAjE6uuMF7msrARgqK89veFrEFtAnqu6TbeU8wtLSBfH_HV_t-OpmCSW56QlpUDHFmpQ,MIND Shoot gaminG,https://play-lh.googleusercontent.com/a-/AOh14GgSc7qjbXMR2FzHPrn5sg1TPhejFH3P1rWFfGwQ0w,Best app,5,0,,2020-12-03 03:49:42,,
gp:AOqpTOFapuEOPNbEYaSVNR4rJVUqNettEW4L_Y52Oiq_O4sEoe4DPqY1KzDGcv9zrI7QUguZsqg0E8n7LuwzKg,Jayasyeśvaḥ So Jayati,https://play-lh.googleusercontent.com/-rm26BHpsLK0/AAAAAAAAAAI/AAAAAAAAAAA/AMZuucnM12F8bBBxmhQHhs7UeKJ3_b9VsA/photo.jpg,"The app won't shuffle all the songs, just a few before claiming it's at the last song.",3,12,,2020-12-02 08:46:37,,
gp:AOqpTOE3VZQ_txNbZ8otp3ACH0AfNQUiQVZo3fuZOagL2kG9Q70HxcGCNVa280WZs-cTR9gpUQuS8Nhoy8SyZw,RAJ ĞURJAR,https://play-lh.googleusercontent.com/a-/AOh14GgSFFWwc_JDPsdgu1XUvVbCDeoA-xnPIHlEzE28,Best app of hear high base songs👌👌👌👌👌👌👌💙💙,5,0,1.0.1,2020-12-02 08:45:17,,
gp:AOqpTOGlW_zJZUMuzCcv0WeeqJE-cZA_EJXnhOjk9N29qhIoOKJQn1ZO0Lcvta7xFqnnUHs6BkarHZ1tB_lCMQ,muthukumar M,https://play-lh.googleusercontent.com/a-/AOh14GgG_HfPyxL4Chjcx3W8OMXtHTkfWROChmox9dKxJg,Mokka ah iruku,4,0,1.0.1,2020-12-02 01:40:10,,
gp:AOqpTOFvX8xRm0TndXKac-cRNgOfY2ZJLsjcBYo7JDexFXs-ryIkV1esws5LF6eYKHPuoUDNJikd1m-sN-2OIQ,Aseer Al Faisal Saad,https://play-lh.googleusercontent.com/a-/AOh14GiqrFz5O0aDp5bOPUraid1tnydF7Y_hKkOxTv8xk5Y,found nothing interesting! to change my default music player.,1,2,1.0.1,2020-12-01 09:07:59,,
gp:AOqpTOEnmssWBGakr_zCnWfipKBi9m9OeEpeGHlRKVqeRc-1Nd-dsCrIw5MakVYrTegxSK_JChYWnlu7ht3gmw,malik tariq,https://play-lh.googleusercontent.com/a-/AOh14Ghilmvocrfn6EKw_2na-pLm8Qv79E6ZK3PDtjYNNw,Excellent,3,0,1.0.1,2020-12-01 06:22:25,,
gp:AOqpTOFPhdADfxxqrw2kxE-clubyTMjQoIgRMsdhQ4MRsokiIxm7UckwQbSvePXuRClMT3B0Trej80_G-mjt3g,Raphael John Fellazar,https://play-lh.googleusercontent.com/-yXRfz_qfac4/AAAAAAAAAAI/AAAAAAAAAAA/AMZuuclU4-_J4TMzaFx_XC-z8wscxoMqYQ/photo.jpg,✌😷👌,5,1,1.0.1,2020-11-30 00:26:51,,
gp:AOqpTOHuvfeSKaTdjCsmaRp-CYPQpWwZpCApXEJiKnah2pu2DaD65EeTWBOfm-TcxBL4P9pGgx8KIdlQF5jPCQ,Pradeep,https://play-lh.googleusercontent.com/a-/AOh14Gj23DrpfOUft-Mw3GE596Gli4tKvmrSm0RYNkjeqQ,Worst App....,1,0,1.0.1,2020-11-29 12:43:46,,
gp:AOqpTOEInvaH2HwWfbvW748by8Y2td22w7NkVLZLXa9v4gFo0sV4WqUF4GijDION8_I6y3e-pSUpAcmSxYAjDg,Luqman Siraj,https://play-lh.googleusercontent.com/a-/AOh14Gh3ExwNE4ejQSxpOzmZMGgmL3crbXt5h9X3GaQa5g,Good .,4,0,1.0.1,2020-11-29 03:54:14,,
gp:AOqpTOG0mOyvK3I8t3d_vdYc6fu3v9uqTQmvZzUfIozouEuBxjb5bOu-_g0uETn53g9tSe6KmqnTuWvP9_6yLg,Carlos Teran,https://play-lh.googleusercontent.com/a-/AOh14Gg4hZS-8vXlHz_Anp9LnVMm6l7G5gKPbG__FQyiiXc,"Great player, nice features and not resource heavy.",5,2,1.0.1,2020-11-28 02:55:54,,
gp:AOqpTOFBMuaik48vU0iePq-DFN-CK8jTCkmkmi5Wg2UTObErdw_DM91pDD-sg8wefQT3wzuk5ZfwGVpUosi1lw,Nandhu R nair,https://play-lh.googleusercontent.com/a-/AOh14GjJEL62Y_6OB5V5VTfzNHUSrexqzXj5tzndlsb9,😪,4,0,1.0.1,2020-11-27 20:44:28,,
gp:AOqpTOFYnaAlvXToBTpsRVCz5Fzf_L6T9oJBmoUEJin0LKVNROpcYDiugPdyOONuOUAXY_OZ5s3_IxCsNvM-SA,William Giles,https://play-lh.googleusercontent.com/-lmQrj1YH9FE/AAAAAAAAAAI/AAAAAAAAAAA/AMZuucmHajQRZybpNqERj_bmwxRdvCXCyQ/photo.jpg,Clean ass sound and clean deep bass,5,2,1.0.1,2020-11-27 07:15:54,,
gp:AOqpTOEP2-Y9zLquucKOVEwpCSg3mB27a1JuUxau9g0ITkf7S4CQIfaUzxnXYlUpeMH0qrYVOWGqADYb-ZKN7g,himanshu raj,https://play-lh.googleusercontent.com/-Msn39_SnO2M/AAAAAAAAAAI/AAAAAAAAAAA/AMZuuckPpNDHpPjj1iHde4ndG2gFsx_aEQ/photo.jpg,Its an amazing app in little mb,5,0,1.0.1,2020-11-26 17:42:09,,
gp:AOqpTOGsKyPhu8Bo7Qw-ZxZXXo8hkDVtUjVEXyWt-sAOozHep2OHD_knWBylzUqXF0G8Ufov4Grn6qrZtL8F5w,gamer boy123,https://play-lh.googleusercontent.com/a-/AOh14Gh7q3-s3i4Sv0nUHBMBX2YFZOIn4bvvqrqxVdom,It is soo bad like i cant even play music,1,1,,2020-11-26 06:31:34,,
gp:AOqpTOFeXFYqYU4sod6YfEZ4DSdwM2UKUe3tu0MaqhcwYpd5fUFKAxZy8BP4OAqELne76SogBjyiWuQZwBEadQ,MOHAMMED NOUFAL,https://play-lh.googleusercontent.com/a-/AOh14GjN_vvAEIlyWiBDKR-WzPbQi5rPKyB2qkl5FzmfLw,Very good App 💚,5,2,1.0.1,2020-11-23 23:06:29,,
gp:AOqpTOENuuputE9I8Zsgc1J4tfH1AJ-NEik5-QAnvN2ZHir1XngU4TODmrs8L9V5UqW2Bp7JF1wnTfGmfpm9QQ,DJ,https://play-lh.googleusercontent.com/a-/AOh14GjPpGEhqbcLuaJ4MTxLnMFoIUN75_xBRaQHICQGHFU,Excellent app for music lovers,5,4,1.0.1,2020-11-14 00:29:57,,
gp:AOqpTOFmAAAujAI4qgaPdmpLmr4bQhMVALElw91m5Y1EU4e2xtRNGd5ltneEOOn4QMNI3vR6PgVoHuX0VGJu0g,anzori chkholaria,https://play-lh.googleusercontent.com/a-/AOh14Gi8G1XrPU_LJfoZoyIic0q7ONDIyexFW0K7N_O_lrk,Tbilisi in georgia gamodia fuli kargad Flow,5,1,,2020-11-12 03:49:08,,
gp:AOqpTOFkJEYNlQkzUbtvuIMvJaf-jPs6l6juvl9bvJ9DCNiclNferxysqs0au9TUufjg2UE2qVg08Ah-1QRUlg,Rekta Fajar Rulyawan,https://play-lh.googleusercontent.com/a-/AOh14Gjo5n1QYZkBe8sHNU1-cMdaiCNRWtospZhoX1mamA,Easy n nice interface,5,4,1.0.1,2020-11-08 23:44:59,,
gp:AOqpTOEYf_8Vd6-e83j7zHg0mhdqTijqq6s2vxLfeDpvJmVWmuyr-aKfPGwT5jmco45pJ4RP47TS4dyJrwLrfw,CSBN GG,https://play-lh.googleusercontent.com/a-/AOh14Gie5MLCg1k4AxKZwNlG0io5KqLb7s-rahwcsCQyCQ,It throws albums with the same names together even if they are not in the same folders and the folders are named something else.,1,19,1.0.1,2020-11-04 12:54:36,,
gp:AOqpTOEXAh2cKps2g9LCP68Lyq5dNsNXUSQ8-sxAhtgsEjsuT9wWInqEDSkaq-HqIoQ2-gpZ8u0h_qD0SJZKtg,Gabri,https://play-lh.googleusercontent.com/a-/AOh14GihEulSm6J30hmJOmVZsOpO57AA8ugD1D0aTie5UQ,Awesome apps..I love it,5,3,1.0.1,2020-11-01 02:12:42,,
gp:AOqpTOHVh0YdiXmhnBRQIZoqFdNBh15mh9xxDmsIvQzTTKXg1gjgpmayNcJcYWfVT60wcujWpXAY1N0WmMhNzw,Rodolfo Marines,https://play-lh.googleusercontent.com/a-/AOh14Ghqt0oCtEDWw3gbnUCcQAXv9547DuWZ1a2As9jAvQ,"My phone doesn't have a built in equalizer so this music player comes in handy, plus, I can choose wich folders to search music in so autoplay don't starts playing my ringtones in the middle of the shuffle",5,84,1.0.1,2020-10-21 23:19:11,,
gp:AOqpTOGgO4Cn8uGmqlxWpEM6XYdgUV-JhAC8_hFG3L0XHIy865v_ND_qp7qXkVSE2Ch_VXdXRszEY9K_jgoVqQ,Ivana Cano,https://play-lh.googleusercontent.com/-QkUWJK1mlmk/AAAAAAAAAAI/AAAAAAAAAAA/AMZuuclpy8bY_KJJzy5E2DBWNiupopFMPA/photo.jpg,PLEASE UPDATE YOUR APP IT DOESN'T LOAD WHENEVER I WANT TO IMPORT A PLAYLIST IT DOESN'T LOAD JUST FREEZES PLEASE UPDATE THIS SO IT CAN BE SMOOTH AND NOT FREEZE IM CURRENTLY USING AN SAMSUNG DEVICE 2019 PLEASE UPDATE THIS APP!,1,11,1.0.1,2020-10-16 17:23:16,,
gp:AOqpTOGYyyfAmVAEsENv1hXDBZOahuHMBsG9v1bJplC3-iRzI7rmSgmMIZwsExVW5c5oOJhBEkeHl2JcGYrdyQ,jasim Uddin,https://play-lh.googleusercontent.com/-kL8u3JC9YtQ/AAAAAAAAAAI/AAAAAAAAAAA/AMZuucn4j9T4GLim4aVv2m2wKxwywoepLw/photo.jpg,Better than the best. Thanks to the developers.,5,4,,2020-10-05 19:58:44,,
gp:AOqpTOGJ8W9lJWHdhjDViBVlXtBHJiiWmdMwGnRPOWfHp3iFJW8DK_X2muUpBRF2L2Hcm3IWHJSKk_qgXvvuTA,OutLooK EnterTainMenTs,https://play-lh.googleusercontent.com/a-/AOh14GhM_z93nRjJ1M6xgyYs3AQJFf1p5H_w_ckeTemY4Q,Excellent,4,1,1.0.1,2020-09-29 09:47:43,,
gp:AOqpTOFM0TgXVAqQcKAkrF6etGO9eiNHkTqmDPz_7zqdKXN5N8XTlrxQFuuK01PuJnYJfS45PLvBdMQgJE_Bcw,adrenalin tek_llc,https://play-lh.googleusercontent.com/-OQd-UsUJ4Ps/AAAAAAAAAAI/AAAAAAAAAAA/AMZuuckRuJ-GisA0_kBn1lAX5Mv1EOa26Q/photo.jpg,"Exactly what I need. Directory/folder-based play listing. Looks nice, too. I like this player as much as Foobar2000",5,41,1.0.1,2020-09-25 08:09:38,,
gp:AOqpTOFUm9m2eesJJc1KpIyuQEzt6GrLE3OsQr5hDToHTXpo7cWpUZ8-dk7ucyUVorfB58Qd-uo627A9ylhibQ,Britnie Jones,https://play-lh.googleusercontent.com/a-/AOh14Gib09HHGeShc3_2EsAvIEXRlc-myXJV9MB_Y84SEw,So far so good,4,0,,2020-09-22 10:20:07,,
gp:AOqpTOFfqKUITEc6lxj1jUYiWC-hbL_IZaKu5CRJHuPUt5AEiR4__0_xAUzKDrrIDqrUZ23Hlt2poXK4UdOceA,Neiko C,https://play-lh.googleusercontent.com/a-/AOh14GhP4pd0rjG7_q8MELmE5NagW5M7YdS5F7daLHqIQ0M,Found all my music no problem,4,2,1.0.1,2020-09-07 06:38:18,,
gp:AOqpTOGsTO8jXVGkTPHzT81zxvSsENGXrrNABX_Ldh9EBVSyjnlMN_5k6Fs8-ey2sKuzgtPiuZO6MJMmu7EAeQ,Madhav Reddy,https://play-lh.googleusercontent.com/-MlvWRdsHyiY/AAAAAAAAAAI/AAAAAAAAAAA/AMZuucmnX5V-kWdFcUm-OkkcnhR4R6cm6Q/photo.jpg,nice,5,0,1.0.1,2020-09-02 06:20:20,,
gp:AOqpTOGKzCBoc8p3aOQZGsAQTV3Ha5H1ikxyJn24fblZsmfyQ5lD9vCQ1MmblEUAfy8DXdVGDOT2g5lR1QNmDw,Vaishnav V,https://play-lh.googleusercontent.com/a-/AOh14GgasBsNx1WIk0ptt87GEJNX4NqsDZueQBnNsspAWg,There are some limitations here compared to other apps but speaking of overall satisfaction this app is good. The audio quality is really nice.,4,53,1.0.1,2020-08-28 21:25:21,,
gp:AOqpTOGubh3hw05TkJdoeAEPVmJEAArNzUT6uH_NVw-h9fdwQoqEIBLnlR3CMc0VHLcatXgzBalrme5aQn8MTA,Kabeer,https://play-lh.googleusercontent.com/a-/AOh14GiukWjG8KJPHdBJW1-f5xrRiXCgUl2BVbW4UjOIrA,Make your cancle button in notification bigger,5,1,1.0.1,2020-08-16 11:51:20,,
gp:AOqpTOEZKMjs7zFcEoODlQxOd7PYkZ6K9u8vMMaiaq2xhXmA_Ava2Eee0fjaNDJDWQXqQtIQPppVz8oU8BSKRA,浦原,https://play-lh.googleusercontent.com/a-/AOh14Gjshm_gcHQq9_-2WOkV5hcXPo2Z6GF9SLaX8dZ5EQ,ძალიან კომპაქტურია როგორც ტრუსიკში რომ კაცი ჩაგიხტეს👍👍👍,3,0,1.0.1,2020-08-13 09:20:25,,
gp:AOqpTOExbRKIV7UCxdHsSa92TR0Jv09_NS8347cNxWyYV7922DWYP-F4jfBQd7H5PuzkC6kY50_c_p2dl-azMg,SUJIT GHOSH,https://play-lh.googleusercontent.com/a-/AOh14Gj2i4oIMlBcFb8PWbrfqrGPyoMQZj5K8m3-57gBTw,Very good app.,5,3,1.0.1,2020-08-11 10:25:37,,
gp:AOqpTOFPMhrmuMR9di8SiBs-1hY-Sxw3zaTWrxinGJae8uIkbwhb551boEqUKaszMwsw58eRm2DkTLHsI23oMg,Osama,https://play-lh.googleusercontent.com/a-/AOh14Gjk2URydTDPaXCtJ4HA_HrDI8h9VpwmcFm34jLCzsU,Black Player rip off,1,3,,2020-08-06 23:59:01,,
gp:AOqpTOFJKjn8u1MWauXnaGZAjsKgAn0EaaDi2KBr7WFvSS-HvuAjRAK-Y2LehKfyewdBkmmzEpIo0-FyRJHXgw,DevB,https://play-lh.googleusercontent.com/a-/AOh14GjXCwVnbwQhXz_TR5pejm9t9YK4CYVyIij069DaFQ,Excellent natural sound. Great bass naturally. Highly recommended,5,3,1.0.1,2020-08-06 04:33:07,,
gp:AOqpTOEuezK5lnTvwF9BOmFFb872VlOv_c43L6_amkk0e-ryklu0KEysM5TeRMU_gaiEisl2CfAMl6Psco2jxA,RICH FAN SSB GAMING,https://play-lh.googleusercontent.com/a-/AOh14Gjh_xed7kAGiXubxTG5CNGVxgZmOlZg1KdUmmuN,Bad app it's always crashing every 10 seconds .,1,5,1.0.1,2020-08-05 22:03:11,,
gp:AOqpTOFXqQ56zXBKCtXEVY-gXfAVR62hCiXbesU1WR67odo--5AczR-465JHSiE_AualgHSRWLY96QJMDC0-Mg,Fate8 Gaming,https://play-lh.googleusercontent.com/a-/AOh14Gg7uC0jCfUR_b4jPfDP0CkHw1JLWdO0uhhu-bsw,5 stars for me because i got this for free in a sale and I'm liking the experienced in this app,5,5,,2020-08-03 18:18:19,,
gp:AOqpTOE2i3pLKBqHfoRz2aOLifRfFhGUU1FdamrvSQ1i6QW0omkvmQxiPitDDcEc4T12VHooucnRvIVJI93Agg,mahdi ameri,https://play-lh.googleusercontent.com/a-/AOh14GhJf4lqH27kxVDHRLs3bqhtYinayA_-4vM2iannRw,Hello thanks,5,0,,2020-08-01 02:23:51,,
gp:AOqpTOFS14ff5o-p9vZvcApvQAkaUJsia0aoQFfjfxX_y7VXGuPY1dSNweAXtGP6_O8c1luBBIiaEvVrgVwnew,sri ram,https://play-lh.googleusercontent.com/-lElW7Is0F5M/AAAAAAAAAAI/AAAAAAAAAAA/AMZuucksTn6G0s8YqAMVxW5C66vOK_KxZw/photo.jpg,"I like this app but need lots of improvement like theme colour (dark black for amoled phone) and app interface was worest because it's very old interface and add speed control, pitch control",1,13,1.0.1,2020-07-31 10:27:48,,
gp:AOqpTOG_uHW4RVVSvz50PcX4j3R5fkU7a7GrPMszvN7ZRHOewXqjU1sgHR_2mKgYEp4p7KAUZT7YiZC4EszJXg,Zoltan Balogh,https://play-lh.googleusercontent.com/a-/AOh14GhCFbgEH-RWjbzXERXApKscfFRRozkU3an1HUkNlg,Would be nice a 5/10 seconds backward/forward option. Love it other way :) Also the track numeric sorting isn't in order and no option to change that.,3,36,1.0.1,2020-07-30 23:33:04,,
gp:AOqpTOFjHx3jjybvcYA38PVArc8L-kNmhgyJPmufwBpe09KWLhG0tgYghECcEvWvqt2Jj2iWr3mnFMoApJwZCQ,Tripurari Sharma,https://play-lh.googleusercontent.com/a-/AOh14GiUWjwLL0bIsCmWbOp81qxtEmo8t1uhyfdx_hKlAQ,Nice,5,2,1.0.1,2020-07-26 19:10:57,,
gp:AOqpTOH-0e4YulzJOd-t3I4Qm_DawNxS6cKF5d2RUShYT21dTzet4sd6-b2x0y1Zk24WfETNvpSTtsoFvA1ENQ,Atharva Rane,https://play-lh.googleusercontent.com/a-/AOh14GiND54ECAU0sZpCi5Dc4Q3mbeLdJvYRSwq8joeqcA,Well i got this app for free when it aas on sale it has a quite good music experience,5,3,1.0.1,2020-07-24 22:25:47,,
gp:AOqpTOFhmYWij1vqci5WZntUYupjJC45MYN8_MCHQy4PmCgDMJ4sdGZ7P--DDXOaNIXmcOSIyuCWewYyZ9Qxwg,Frost Games,https://play-lh.googleusercontent.com/a-/AOh14GgXFGabWbpoHXdIwaCmIIkOG01mQzy0pjV96zsS,"Would have given five but when I turn on the equalizer, the sound level barrly change . Plus they try to fool us. The name shows the discount.",2,6,,2020-07-16 03:10:30,,
gp:AOqpTOHqFumlZRrQIxsHq3RvnaDzPWXyp1sHCLfdwHMbu6oeUWfdv9iYIhwDMFcdXB5bXXihYDpi-rxhaHQQbA,Michael Whildon,https://play-lh.googleusercontent.com/-w4H5jqavss0/AAAAAAAAAAI/AAAAAAAABIc/AMZuucmtG54ImnCSSb1ZoIAkKj_f0UmGzg/photo.jpg,I enjoy the design,4,1,1.0.1,2020-07-09 15:33:23,,
gp:AOqpTOG8Jp38-muCa-Reh-7JzNiOVJW6Cwob4MLaG8VkQOmxfihHi9nhixebjolQTD00K8rEnlxTRbXNZHbQFQ,Rashid Islam,https://play-lh.googleusercontent.com/-JKogwRaX-3I/AAAAAAAAAAI/AAAAAAAAAAA/AMZuuclSMm6IlGzFBg5xWHwgoUmvopQ1dw/photo.jpg,One of the worst app,1,1,1.0.1,2020-07-06 23:20:48,,
gp:AOqpTOGghnKtIorxlIjAKP0xvIan5uB4qbMb88urBLWUiul9be-c88WNmNf9B3V8Jlh-te2mqdETiX7ljMtx2Q,Chander Mohan Sunda,https://play-lh.googleusercontent.com/a-/AOh14Gic3zLnSjU4no9wAyNUIdhPid0DScVMBpTUJ3Fs1g,Nice app,5,0,,2020-07-05 06:18:42,,
gp:AOqpTOGo6bZJo6VdwhmbHyWBpPGLfqLMH55VMyg4cDJJNDZGVKHTTh_90-b9BnISxhsDkWFbEsmQGxC_IzycRg,music araghi,https://play-lh.googleusercontent.com/a-/AOh14GhBU7N_IvUxlbaYVMLObfjb0MEgPjGjs_J6mZrnb1I,Best experience music 🎶,5,3,1.0.1,2020-07-04 04:09:30,,
gp:AOqpTOFiVbWEr_u1aIDiJBS_hVEvtWr-corQj0uWVRAR9Pvd5co71OgnAuqdoImMPlunlMSmrOiEQWKKI-OX8Q,David Toppo,https://play-lh.googleusercontent.com/-PluFGe5-7TY/AAAAAAAAAAI/AAAAAAAAAAA/AMZuucnuHrPRRyr69BcXMC0o3sXdEmnHjw/photo.jpg,Best audio app,5,5,1.0.1,2020-07-03 06:35:52,,
gp:AOqpTOFGXByS16lhI6dKa4myGPkKYv4vmuBRtr0eg__Ln-rXesitq4A-kE7LsBG_JrizFkf5a7owwVbhF9ds1A,CHay Đang,https://play-lh.googleusercontent.com/-L8bUAeG0tGo/AAAAAAAAAAI/AAAAAAAAAAA/AMZuuckR-l1bMzxWCojVfPhV0Q87b9WaVg/photo.jpg,GOOD,5,4,,2020-06-26 15:10:30,,
gp:AOqpTOGYV7vD74wTqI04scPcYZleXWVx5an66z_YbZoxoKeKyeSEa4-2hPAaCEq8ZAgrI7vPObHAX6DPYfKDnA,Miếu Văn,https://play-lh.googleusercontent.com/-afe8ptY5smQ/AAAAAAAAAAI/AAAAAAAAAAA/AMZuuckmfJe-jZMXLGsV6VkNlV_YdcsyTg/photo.jpg,Good,5,3,,2020-06-26 14:19:02,,
gp:AOqpTOEw7Vnx6bHb557aGs3duv30cvrkyWXrAiQD9UUkWbBSAPHPXz2_IRqbGtSyWreJBPmIQ6UhGNuDCy9cLQ,Abdulkadir Atik,https://play-lh.googleusercontent.com/a-/AOh14GizmXvke_85Bmhl8YqzFUks4-24KT5T8DyUKixLIg,Very very bad,1,2,,2020-06-26 13:51:46,,
gp:AOqpTOHTOZF3beW0zY0S2CXREUKi15MNWxc7QNmqkBzCZ4PwYK5pTM5Li4sftkykDL0aJsiAP3chSJFm5wA7aA,sushi panda,https://play-lh.googleusercontent.com/-zR1WO7v7F6g/AAAAAAAAAAI/AAAAAAAAAAA/AMZuucm2un5tvCWwQftTBV8_ydu4nKsazg/photo.jpg,Nice app...Haven't encountered any problem yet...I'll take back my stars if I encounter any real bad issues with the app.,5,10,1.0.1,2020-06-26 12:59:36,,
gp:AOqpTOGin4oK8vY9jAzgr0xf7ur0uy9P1Mc9zXP0ZG5_rpfxWaOcaqDnXwKAD7BSqLcmLL48-YphTqNUhYYeqQ,kakhaber gelovani,https://play-lh.googleusercontent.com/a-/AOh14Gim8IxC4uFJCAUpW_YGryFqTbkWw8ycyAHTx1axuw,Garabage for free 🤢🤮,1,1,,2020-06-26 00:10:19,,
gp:AOqpTOFna1Bqbo2E5QvQy96WYkyfEQYmp8qayaVwY3R7f_5KxGv8CiegejGaSM8Zn_zbpsEsNXXg5jXUlUi_mQ,Vrushabh Adke,https://play-lh.googleusercontent.com/-eJ8WyRSXetw/AAAAAAAAAAI/AAAAAAAAGGY/AMZuucmGecER8eIrtccDc5lS3OKlKeLrKA/photo.jpg,It should be free,1,3,1.0.1,2020-06-25 22:57:25,,
gp:AOqpTOGoTXb6BJ723b-4ao9Cg1qqZQS2mNAnOCiRW7THKmSW7AjXSkmx8alB9IVGd0LJZV5Paa9XcXTqOda69w,Fathia Zapata,https://play-lh.googleusercontent.com/-KA667KNlhO8/AAAAAAAAAAI/AAAAAAAAAAA/AMZuuclRKd3cSJHgTbQUe9N9PnCa6c3r_g/photo.jpg,Good,5,2,,2020-06-25 11:22:20,,
gp:AOqpTOEEYXGnrXfz8MDyt28v0kVC4sSOr4XOgx9npHL9yOAZL7qWMaWVdC9--CsWHmWsKzAYlQQJ_mAGPcJ83g,Amanda Kadaver,https://play-lh.googleusercontent.com/-wgiRJOmn1dM/AAAAAAAAAAI/AAAAAAAAAAA/AMZuuckD3mzUpuUATFvkBQZYgsqt-zGM-w/photo.jpg,Good,5,4,,2020-06-25 11:06:08,,
gp:AOqpTOE2CYQGiK_t5356oYUk6LT8LYUvRNsymkqKypQ4E86Updeub_sjVvSOa4mID_pvLVjfExIoBaM70EsFsw,John Flohr,https://play-lh.googleusercontent.com/a-/AOh14Gi9ppPgnUZT7NfCEsV_mwGjiCfg4kOhFrURBgMv,"Pretty good so far, but is there any way to arrange tracks by filename?",4,4,1.0.1,2020-06-24 01:23:48,,
gp:AOqpTOH4h3vBBzyBXLho9HvpK8I7KOAoz-Yuv7S7rmsiMWCOUIYqazwBNpI1FgWvQnipZtfOtjgn7wbGrFYgRw,busy catter,https://play-lh.googleusercontent.com/-0zGzq-zt9As/AAAAAAAAAAI/AAAAAAAAAAA/AMZuucl_1NQndSs0V9fg4b2HL9THgUSyZQ/photo.jpg,It's blank. Empty. No options on the screen. I've installed and uninstalled it multiple times.,1,9,1.0.1,2020-06-23 13:31:10,,
gp:AOqpTOHvERYikCO33CZteXiwcOMFT__WyarqwYgNbez4X4h2E61bOyFzcvSukfzr4jZxwaqUUF4nBH6OJ60Glg,LHL,https://play-lh.googleusercontent.com/a-/AOh14Gh_KRgWb0Fim1D2DZS46-lRlnXyrS49KmfjbXuojQ,I think it's overprized . The sound quality is not better as Power music player.,3,7,1.0.1,2020-06-21 21:33:29,,
gp:AOqpTOFbhsjgB_BhZcdyBFAKG2-ILEt1w-N02ZUP-9k24C89cWSfHuqFx5tQgZF9GQK0tL3HtU8FoNazXT2_7g,Javier Solís Mendéz,https://play-lh.googleusercontent.com/a-/AOh14Gi6xNpiM2aHK20C9btuVQeDJ_YIrOaz0xeNzXK4Tg,it's nasty,1,4,,2020-06-21 18:21:02,,
gp:AOqpTOGFtZT9mgKqt9ACnwD1pm4VmGk_vW8qeQ0aXT35BSk2mYyihLSVrsTOq0mIzG4NpgA-5-pJpkZZu0n0XQ,Cari Ashley,https://play-lh.googleusercontent.com/a-/AOh14GhMJ3eHPXhrlWwYK_OzNGRU7HKoXUjzCN08ERhuug,"I'm only giving one-star because if I had a choice I would give 0..Y?Well I'm asking developer for a refund because this app really sucksbecause you can't get music off of your SD card or anyting and it only gives you two different types of ways things where you can get music from so yeah I'm asking the developer to give me my money back.,. .. sorry to whoever made this app but you need to tweak it a little bit more and make it to where it will read SD cards because if not it's not worth a penny",1,214,1.0.1,2020-06-20 19:21:59,,
gp:AOqpTOEvtXOD9xNoe4EDu5Zec4240uPL0E4y58q1_2XR7nWhPggMlWpxjk9eLd_Vhac2pO5nGSm76SrSUMOaqw,Gabriel Berrington,https://play-lh.googleusercontent.com/-BYmYXtULuI8/AAAAAAAAAAI/AAAAAAAAAAA/AMZuuclwIJxg_7G-nhPAUuQGPUAb9TBkrg/photo.jpg,Doesn't even work,1,3,1.0.1,2020-06-19 19:51:43,,
gp:AOqpTOGMLzw620oYpLQ9ID-D10AX_W8NKaelTGbh1HCkQvfw39k2Tg0wUcnp3uuBiM5iS99Kt99Qo5lyUTfLUA,Shaik Baji,https://play-lh.googleusercontent.com/-LSnTDxpJWTo/AAAAAAAAAAI/AAAAAAAAAAA/AMZuucktcCC87iviahdeenPEB21lDgYsyw/photo.jpg,Nice,4,2,1.0.1,2020-06-19 08:58:15,,
gp:AOqpTOFtFZo9BUJkrHdR9tZsUnNlYyg02itmfYifbJIc0tmtJDENRdKmmq2400wlpUfyyKUlinACppwahCiXhQ,Fernando Hernandez,https://play-lh.googleusercontent.com/a-/AOh14GikpQXm1IxUIw0_hPyWDWDz2VpPGlfl0ZLjpxS9_w,"Solo la instale porque estaba gratis, pero ni la uso, uso Spotify",3,5,,2020-06-12 05:56:21,,
gp:AOqpTOHS1RPGSRrsKizJspJFvSUfwnt583ko0QrjLLx23pqr_c0i2CX9339hAWw8-U_Ai-5ZIKFb01eKnSrFkw,Ettore G.G.,https://play-lh.googleusercontent.com/a-/AOh14GhOTK4pR4VarC-9IdH65hXtRwRJTt8AD323otaAfQ,Really nice player,5,2,1.0.1,2020-06-07 20:21:33,,
gp:AOqpTOE7AJkzEwrvQmajTVX8adRr_L6ha4NeYrsV21KV4Q6puQn9bDjkRFyeWakbEUOliqcCbpQ6wQDsW4SC3g,ASIF IQBAL,https://play-lh.googleusercontent.com/a-/AOh14GjondX1Kx-3EZH-L_fz36frcdoGfQAKgVSpIhLuQg,Ball😂😂😂,4,2,1.0.1,2020-05-29 11:41:44,,
gp:AOqpTOHLrLe1PmQuLbk0WdoGzsyHbE1mZ6Gr-efpWe2t-H2MyVHU6EkT-3EGdATKx1lf9CJ1SpujAGmCArz9aQ,Ganesh Andhale,https://play-lh.googleusercontent.com/a-/AOh14GiNEb42Y7h9ofbngQ3BMEnDz4yI2HfhwYI091uJTQ,Fake app Not warking,1,2,1.0.1,2020-05-24 09:15:46,,
gp:AOqpTOGNVVHUAPbfoPTa9o84gIuyfNXHwImgGwUgEW0Snu48bgXAM5Z6nnfJIwolNx_DRsKLgeFpO5wrJvEMtg,Stephen Lieb,https://play-lh.googleusercontent.com/a-/AOh14GghIm_npJ9x2amB6gzfTfmyBFTrKNkP7X_vWjS1Bw,"Decent entry into market, but lacks necessary useful functionality to compete with the market leaders.",2,16,1.0.1,2020-05-18 15:13:46,,
gp:AOqpTOED5qQ37Ke--BBucgtufiqdUqwlf88zlxf_FKFxuC3y6L1qJAVX-A3syTIRzPF8zZeHAsLttO6pBiiJYg,We Love Crossfire,https://play-lh.googleusercontent.com/a-/AOh14GilsARKdhfLLIp7KI17iexlJf6TlhaPwAoIBxCIyA,Beauty..,4,1,1.0.1,2020-05-16 12:11:43,,
gp:AOqpTOGtr2MwVx5uYGasEQrm0R7vj_Za2Ralb1VcxtKaPtnImqvcrmc_wrNFHcAmLD7T4ulQLxZNGa0lGz9HKA,Nikhil Choudhary,https://play-lh.googleusercontent.com/a-/AOh14Ghv45t4HTkuSZ4tjzvXAt0LPVpKCAjzZHuzQFXX,Awesome,5,3,1.0.1,2020-05-15 09:37:08,,
gp:AOqpTOFKVByAIHAtVsPdzfPoCca-O66aV1f3joewG4jsBqV-q0tZBtB2zVYl48PzscoRPSod3Ym21iw193O_yw,Acio adriano passanduca,https://play-lh.googleusercontent.com/-l2UpJDw4xwY/AAAAAAAAAAI/AAAAAAAAAAA/AMZuuckm6k-lKco95T7rsCGPDYYSdqwBmQ/photo.jpg,Good,5,1,1.0.1,2020-05-13 10:22:01,,
gp:AOqpTOGQ_Miy8q6S4qoWIfZ6Hep4aV65BpJ6nAS7QH_MpmS2_bIpONUyo7ly6qWrj0cBeJrTVrReekS4_TUpGA,Jaffri Abu Bakar,https://play-lh.googleusercontent.com/a-/AOh14Gh3tzFuKNLG_irfuiqVVNGjvgz2tzaAP03k8cmKRU4,I love it.,5,1,1.0.1,2020-05-09 23:48:34,,
gp:AOqpTOF6to4anejtJlPYHEpj92yvbFXt57jfsBpVLVuvKADnC5cA_GVivG5aLJpVgTD_ADBf6MPBu1vMwCF-jg,Pooja Khona,https://play-lh.googleusercontent.com/a-/AOh14GgfoAD_Npsx3m2o0zi7EDoRU_OwsLzGKHvoJhFbTA,This is a paid app but doesn't have better features.,2,8,1.0.1,2020-05-03 17:16:12,,
gp:AOqpTOEq7piK4gu1vNEUoxz4vDBB06XnKoaOHGe76x8a_VF2a0QDUzX4IsvSM9YFZeTg-LgxxyAdLNCP0IpcGQ,Andra Arjuna,https://play-lh.googleusercontent.com/a-/AOh14GhrIX0jLN2oBKiqSfRAJZuzuqMGuWWwbntbx_0c,"Mantappp juga,, tp sayang hrs bikin playlist lg.",4,3,1.0.1,2020-05-01 06:05:35,,
gp:AOqpTOGcV-rvVKSxfQ1-KNTb2PJ7yFxNz8GCDixjoBy_ZFdPdgm0bOWf_W-p2QbAYauSZVFUqQd1kPtRDUDM_g,le8ekb f1xvac,https://play-lh.googleusercontent.com/a-/AOh14GjlMV9ba0Y8A2YryuYhOnFR3cC9ptsljsbPPJK3Yg,"absurd that this team hasn't been flagged to death. haven't broken anty laws, or breached any contracts, they are those guys that use weird tactics whenever and wherever possibl over and over and over... from having 2 identical apps that both suggest they are pro versions, to pro versions that still show ads, to having music players that are tune same as free music players, but they are charging $3.99 for, only to put that app ""on sale for free"" always. scared they are liars...v scared",1,130,,2020-04-30 15:45:57,,
gp:AOqpTOFx7wWGvRW94sG7WjY--omNwCvdaFjCu-2okasd80lyJMWUWqW5CSZnv3aRjcZ_yMf7v4LzO39uV2C6pA,JB Betlon,https://play-lh.googleusercontent.com/a-/AOh14GglgwWzHit_JfM5FdBDgkIpMk9ELTrOfjl4TWu0,I love this app. I have truly enjoyed it since I downloaded it. It works flawlessly.,5,12,,2020-04-22 08:20:18,,
gp:AOqpTOHht3Hn4CT5GAvjYm-CAfcUywmIaiMK8bKi3Q34HX35TU7FHY7HgHVCT2uTcbvmmMczwoXi8AtufaotRw,Krishna Vamshi Durgam,https://play-lh.googleusercontent.com/a-/AOh14Gg0GP2fn1neMwamjcWRiqWAx9NrheKp2TdjkilADw,Good.....can be improved 👍👍,5,1,1.0.1,2020-04-22 06:19:40,,
gp:AOqpTOGWlH7myWXYb1VJyqcUj4MEHMdmBYju1EiEso3YqXXr_CtdGJD6E_eAHp6_wI78StepYZaOHxIS4OAY-w,Pappu Kumar,https://play-lh.googleusercontent.com/-d1f4JhfcrLc/AAAAAAAAAAI/AAAAAAAAAAA/AMZuuclgrrRx5nbtMNO_g348nIf6ZXGpWQ/photo.jpg,Nice app but album cover size is not good,4,8,1.0.1,2020-04-19 10:20:47,,
gp:AOqpTOEeS6PM_cX1CeYulEvOTXHOigdVWSbfjrLliS2fjl2OIIvM2TVF1_uTPeGvtNW5aD_y_FKNwGiKzihcXw,Yefersson Corado,https://play-lh.googleusercontent.com/a-/AOh14GhYJ70TaVHze2yNmtKzD21oVsVn0LQsOBCiN0siGA,Una asquerosa interfaz,1,6,,2020-04-14 13:25:24,,
gp:AOqpTOFUDBasrmlV5esEsFfWplNEgA7j-r_XYiJKeZKxAWTc3lk10yvA5iZxFzOF2Pvm8DW-R2TXBL6vAXkU6w,Đoàn Bảo Trung,https://play-lh.googleusercontent.com/a-/AOh14GjCBGtSlzhu--LE5EZOv0Q8KI1H8VI_3GOiCTzaDw,Cannot select folder to scan Not useful for me,1,10,1.0.1,2020-04-11 07:07:25,,
gp:AOqpTOE6f4glpSRi2yUuOnsViuDBUz3SFi6I5pOHS1L4TwyUOK8oDY_S0foCL2o-aDPUAAhI3ng-wZYYSGiXyA,Abdessamad Elyoussfi,https://play-lh.googleusercontent.com/a-/AOh14GjPcD8Ea_oaiN-2caSHztTfBpMnROCgLx2sJHEELYs,Great App,5,4,1.0.1,2020-04-09 17:53:40,,
gp:AOqpTOH8LIbGXRcP4nF3VTEESL3IxcymR0ab_3n3y5eWqvNpmt1zNcDxyBo1GrX_V0lWw0hRPVar89Z7_hmWow,Raghavendra Reddy K,https://play-lh.googleusercontent.com/-2qmZpABsMc4/AAAAAAAAAAI/AAAAAAAAAAA/AMZuucmnb2fnZAsh2r_GXYoh8_HVYCAq5A/photo.jpg,Overall good experience,5,2,1.0.1,2020-04-08 08:13:36,,
gp:AOqpTOHtz02oC65GF_MaCjeufb4ib8hbmWF-8eJ-LE4lxxo9_TliKow7f24NXnvvLCIlXaeUJ6_ZMeZsKzS_xg,Rajkumar Teli,https://play-lh.googleusercontent.com/a-/AOh14Gj5iouF2ay1wAC2Dp222p5ihit8bn9Dla_6TMpz9g,"Just one word ""Awesome""...",5,2,1.0.1,2020-04-06 04:53:26,,
gp:AOqpTOEkE5cZxkA7DfXNPT7NUszur_h-xbz6fTyCiVf0ApNZ_ytyJUJCU8neLkO_EY4GWyjmjj-u0zQVttPr0A,encik kapas,https://play-lh.googleusercontent.com/-P6UUnYbMg3Q/AAAAAAAAAAI/AAAAAAAAAAA/AMZuuck66iM-vO8I8eTCQ2-AwIz2F2HnWQ/photo.jpg,best,5,4,1.0.1,2020-04-05 08:25:33,,
gp:AOqpTOGyOpp9FtUxw-pN2epGWTXBabVZBV7jeT7bmn32AcrCO-fakR2p5-hOwQJG6YVFT5FNUuGEUWlOJaXhzw,balayodidyavardhan bandela,https://play-lh.googleusercontent.com/a-/AOh14GiWs_PETNeVnN6YUXiU0BFz0EVf2sKlbGAjnaIt,good,5,3,1.0.1,2020-04-04 21:54:39,,
gp:AOqpTOF3xkgRn8wQ0M0-R5esSUlMiNTV3OaxJAGQ8K8PQfcHmJ5d3LSMJGrtR_o7zdOnSGaRaFjCmSqw4RcTlA,Gregory Lee,https://play-lh.googleusercontent.com/a-/AOh14Gjqmrgf4aN8Ojs0gf12Sn_W9eJKh-bSkKhnRyQgQc4,"UI is nice and fluid, EQ is a nice to have as well. However, simple things like not being able to choose a specific folder to look for music is odd, to say the least. Changing songs from the lockscreen is completely bugged on an S8, pressing previous song or next song just simply pauses and resumes the song. Future updates like having a desktop app so that you can wireless download music to your phone automatically would be nice.",3,111,1.0.1,2020-04-03 00:44:15,,
gp:AOqpTOGCgf7PkycbpgEy-RP3Z6qJa-P5eHxBgc0KKWnmtHJ5ymBy6grMu2gLMIHLy4ecjq8L_4szM-nCXfsFdA,Vallabha Das,https://play-lh.googleusercontent.com/a-/AOh14GhYwWdZCjE5k3u-1f7Z6nOeXIS6ug7gMgoEyKV1uA,The best!,5,4,1.0.1,2020-03-23 15:35:10,,
gp:AOqpTOEaRjk06-dqc44Yo1PFEZRVhSn6x0UISYtioJYu1qpHMy0DhLtGzXBDsUqf-IwTQqNDC0G7rlksfwRPvA,Elizabeth Stevenson,https://play-lh.googleusercontent.com/a-/AOh14Gj2NUYPghqrLL3qGAU2gjblWcvMkU-6Iqt8rEmXvrA,Great music playing app. Thumbs up,5,11,1.0.1,2020-03-22 15:56:18,,
gp:AOqpTOG3FdKUs_gnHDCsUsKJVqRzbXXlkWUJaJbsc9hBp1skQN061HKho4qCeHgupFxmWc8wBPCycyNwifV3KQ,Shahbaz Maqbool Baba,https://play-lh.googleusercontent.com/a-/AOh14GgSvoRrPaVPXY2jr0-bf4UTADeMiQSYkyl6KHo,👍👍,3,1,1.0.1,2020-03-09 05:40:26,,
gp:AOqpTOFebokmy71Y4ecldqnDpriQFvdh9o3jtHhG4XE1q_SImJqSpELHBWllsbbgia7y-FvGwZ7Qv848iqHqJw,My Life My Rules,https://play-lh.googleusercontent.com/a-/AOh14Gji-kYeP9E5wy0rwKw27Ujk8ti8bM5FiCZGu4KoVg,nice app but after update totally changed,3,4,1.0.1,2020-03-05 08:52:15,,
gp:AOqpTOEKIsBh8Yb70oElM2TsJ5FtxuLI2vkK3Ci8UE2Y-o8r7cWz0mpV8j_Rc-oy4KjP1j22Gizc17OvPc6VMg,Gaurang Agrawal,https://play-lh.googleusercontent.com/a-/AOh14Gj5uAp-GJHjz8-YX1D_DZw8rMVHVFsADOKJwpF51A,"MONEY REVIVED. 😍😍😍 Best music player in the playstore, Best music experience 👌",5,13,1.0.1,2020-02-24 23:28:04,,
gp:AOqpTOH-UV3lFLsnhOucQ1Nhr4YbuHpAkNuDrFzj4UFFqAGpVut3f0eiluULpaDWFrTEFCh6q3JD-v_rajSEJQ,Sheikh Abu Mohammad Julkernine,https://play-lh.googleusercontent.com/a-/AOh14GhJKYNsAhhM5kDLxlC-nob047czaGBev8SXzuzJ0A,SD card can't access.,1,6,1.0.1,2020-02-23 04:27:38,,
gp:AOqpTOGCPU95FJ0_SK_Pq5lSC_JAHAUvGpjdmzRR9YRRl0HE8Yy4feHS7nWsBTrNO2oktZEDcGYPUkaGQXW0xw,manoj golaniya,https://play-lh.googleusercontent.com/-YssfFoIBgQs/AAAAAAAAAAI/AAAAAAAAAAA/AMZuucnF8LdaWyIfv2OzTLlLd_7rdht6HA/photo.jpg,Its old like poweraudio app,3,5,1.0.1,2020-02-21 09:19:30,,
gp:AOqpTOGNyg-9M6xoKFJW_d_GKIltqvqg_m-dLsaJxfrDulw5tYLtAnX_1FtParHW6MVzs_0W9SGA0BBCmRlTFQ,NoRmal,https://play-lh.googleusercontent.com/a-/AOh14GjswCrLkpeBllJkWlRp-QCrXJ--59vAYX7NI9rs3g,The sound quality is good but the app can't have others features and settings,4,14,1.0.1,2020-02-20 04:21:38,,
gp:AOqpTOHtoo0kjU_EIDPKpnLqe1yNm-aAjSY082b8y-dhhqAm9L0ZK_vtnuM64_4YkgUZEd84w_63Vph5xKCdNA,Triggered,https://play-lh.googleusercontent.com/a-/AOh14Gg1fz89jvqncXGQwu4OlJc1AwYWGq-w5Q9Zc8qn8A,"Wow, good enough",3,3,1.0.1,2020-02-17 12:51:59,,
gp:AOqpTOFCkRCvD-02FTt7_FhZ67B3Bsh4j-U6gBcZv8P_E7-3unJmvdE-P3_5n6HhbHaSRU4TRKEkI3_5YnR-7w,Akjames75,https://play-lh.googleusercontent.com/a-/AOh14Gg1fqzzVYgX1n2nLFrym_FwVXG4fIEog9tDzRBjCg,"This is identical to their Power Audio Plus app, and both don't have many options in settings, cheap themes and can't add music art. Glad I did not pay for these rip off apps.",1,63,1.0.1,2020-02-17 01:04:03,,
gp:AOqpTOHATG444TF_W1fjsMkteur_ZIaH-9tQm3Z_tVBC8Xbhf5BoqAmlNYgE68LN__CV0-BcxfxObc4unkhoFg,Adil Nawaz,https://play-lh.googleusercontent.com/a-/AOh14GiOCOpIfg0YEdZ0FQdEpBqoO_XdqG_ZICIkreN0nA,Brilliant Music App,5,1,1.0.1,2020-02-15 21:39:47,,
gp:AOqpTOHa7jBxyVWdC9313AysRMlx7J5NK8Vo9AWT5RJQkOK9eT3ChvcMgpz5UtKrHyMKuWJ8RLcD6qaF2hzfMQ,Tareq Rib,https://play-lh.googleusercontent.com/a-/AOh14Gjowu6hM-sJ_n3ibP4IHBYLQyFO7kUenL6WOjI6AQ,Not support music on SD card  * External * !!  😤😤😤,1,8,,2020-02-15 05:27:50,,
gp:AOqpTOH4M56O5V92Sn93xJYFYcpy2QrN3ZPCGdvdab0mw9RBUbu0VUfcwCZeSzeY_w9kfvaaANv8LLSatYdTgg,Gabriel Souza,https://play-lh.googleusercontent.com/a-/AOh14Gh4OrRqTpftBr2JvzzWHZ6r1tVuN8PMdSGc2Rg7qQ,Otimo,5,2,1.0.1,2020-02-15 04:12:01,,
gp:AOqpTOEEN6K012HRF3bP3VN8zp-Lrx-LfiWp5qXk2djKC26qIDUxH3nPq24MIKhlD7CrOjVlgUj-ERDLwwxD_A,Mudassar Ullah Afridi,https://play-lh.googleusercontent.com/a-/AOh14GhdaVTE3j5u3BuwbI_sn_cp_PoQInafSia_VB_2,This is a great app,5,9,,2020-02-14 02:52:09,,
gp:AOqpTOHpcvbOu-W3DB8DQjxvLEMwJ3JfRemZHKtuSuwMY4_jxFdeY42YGQmfq88kuYqHgg5q258cEgyC3_QvCA,Arup Halder,https://play-lh.googleusercontent.com/a-/AOh14Gj_hyZLxHMdCHDLZMWntgiMri1Cgs7-VXYP2QIlwLM,Very good app. Best 👍,5,11,1.0.1,2020-02-14 02:37:18,,
