reviewId,userName,userImage,content,score,thumbsUpCount,reviewCreatedVersion,at,replyContent,repliedAt
gp:AOqpTOEOgviBQbcHltFPgjx5nnqEkNqdc8YeaVusuGvgIlbMFQky0tXb4tkmgyjyyppF-Yym0oK08jd97k2OZg,Lisa Washington,https://play-lh.googleusercontent.com/-GIfw2llelwM/AAAAAAAAAAI/AAAAAAAAAAA/AMZuucmkeNTplTswN5UXDifnxoJ9gf5pyg/photo.jpg,Love is the best so I love this game it s been the best on the best I will never hate this game but I do wish it will load faster but I love this game so much I don't know what to say1🤫☺😗🤫😍😗🤑😒😛🤑😒😛😗😗😛🙄😝😒😑😒🤫🤑🤭🤭☺🤔😛😝🙄😒🤑😒🤭😋😗😒🤭😋💯💯💯💯💯😍🤦🏽‍♀️🥰😘🤦🏽‍♀️🤩😍🥰🥰💯💯💯💯💯💯💯💯💯,5,0,,2021-02-01 22:37:51,,
gp:AOqpTOG0TbQG09zjrlfHQKLw5cgbK8nPAoY_BjAAG5TwIjs8LTzGrnqaTTBSu2Va_mF9rh_ZqqK7D4cI27G1HQ,Jessica,https://play-lh.googleusercontent.com/a-/AOh14GhzUEcca-d7q9MNAAJ9AQ2aMOx2N27vzIaQE0RSLg,Nice,5,0,1.67,2020-12-30 05:34:31,,
gp:AOqpTOEgXEtfXwragVEdUgzBB_EYoRoJoTEa1-EC6phHMjMYCKNXKBYNOIre9xZ3AVjEAdHj2-ayTwGXaEV9zw,Holly Kelson,https://play-lh.googleusercontent.com/a-/AOh14GhAEtA1idD1RuDSgjELT1GLNZkeloZkOaePhJeSzDE,Not easy to navigate,1,1,,2020-10-02 09:43:14,,
gp:AOqpTOFktSO-npawsWkUiKNdHd7sGZgsyzyLc1w2iJp4olnQAm8aOOybpLXWNTrismj0QUPTfI6i_OjNcAMlew,Ebony Barron,https://play-lh.googleusercontent.com/-j31YkSmILcM/AAAAAAAAAAI/AAAAAAAAAAA/AMZuuckay0zy6s9W-xmnmv5qoQLurfo0bw/photo.jpg,Fantastic app and free,5,1,1.66,2020-09-03 03:26:45,,
gp:AOqpTOHj3ebJmanLeJcq2fuDbwg8Kg3DKZ3a7KovR7gqRoFUafkg-sYEfdegE0iponYPiO5WqA0y-uWZwwGUUQ,Daniela Clark,https://play-lh.googleusercontent.com/a-/AOh14GgVNzYtX88Dv09wc_nH6uYUbP3qgkxz5jNYH2qYSw,My son absolutely loves these games. He has almost every single one. The only problem is the car is no longer available to drive from place to place. He loved that he could switch between games just by getting in the car and driving to another place. It turns out into an actual town that way. I also like the idea to make it possible to bring the items you buy at the store back home with you. Reinstalling the newest version didn't fix the car or sharing problem. Please fix this. Thank you!,4,49,1.66,2020-07-27 17:04:49,,
gp:AOqpTOEoUTcP8hmUuILXgY6xiNZOm2rFCNsfOCax4berPrMwU7XKy2GZxminpKHhG-AOeDd2HqRhHl8dnjABQA,alice cokkie,https://play-lh.googleusercontent.com/a-/AOh14GhS1szcGWsXudIOvZ7gCfpQBJi6B5yd790iPGQIdg,Has my town stores free came out bc i cant find it,4,0,,2020-06-14 16:07:10,,
gp:AOqpTOFz-rdqG2Y-oWrgokGd5jI92nHjqVXygyjqtlTr4GGFRttz35xohJS4R5BqZHGMF4cDbCZTuqvvcmQQKg,Jorge Villanueva,https://play-lh.googleusercontent.com/a-/AOh14Gjj8JrCkeA_MCuPYiq1QuQF9zcwiq_s0-xV67iaSQ,WOW COOL GOOD,5,2,1.66,2020-06-01 12:10:16,,
gp:AOqpTOGermtNhV7Ax64FYJQEnnHV2NW1U5czwFjo2VgJ21trRUHD6Tk5oFLs_ptosYqn0Vdakkh8n4FVx28jZQ,Rebekah Lester,https://play-lh.googleusercontent.com/a-/AOh14GhjGiQmP69lOiQ3GgPZQCZ_xza9JPm-wVjgmx3MOmo,I love Shopping.,5,4,1.66,2020-05-26 15:23:05,,
gp:AOqpTOEeUOWcfOyM8eLhK5rUB7Z426ukkivUw2t5HEqprwZMcVvpb3VPf4olkWb7UeZZBSdkLoXntJxwuYSolg,Rachel Locke,https://play-lh.googleusercontent.com/-QZ060IwL_Z0/AAAAAAAAAAI/AAAAAAAAAAA/AMZuuclusEGOhNlGdlMnGUjL2G3MKhTsYw/photo.jpg,it's great but can you make a ross and maybe ulta bueaty,5,55,1.66,2020-04-10 10:59:27,,
gp:AOqpTOET4Nibr3zpZj5XLKCjq-PMCxsKUtlqO1dqF6GyyfacubD6VaPbv9gHXJB1wxuLSfIM54B153VV2sZwPA,Paige Heal,https://play-lh.googleusercontent.com/-iQTElC6g5WE/AAAAAAAAAAI/AAAAAAAAAAA/AMZuuclxY3FkGc4Oy-CV1kmXtQqflk0x0Q/photo.jpg,It's a very good game but after a month it doesn't work,3,14,,2020-03-03 10:57:12,,
gp:AOqpTOHLrtcLWChfa3MRixmTOBNv7XPMdDZoyMiE18BFa1WtMMXqFcQIaPM5vE-4XzPalVdxX0GXDKM8Ploxzg,Lilly_ Shrimp,https://play-lh.googleusercontent.com/a-/AOh14GiYqXTMtjiNICI74G6hlWP9nyo-kJRuHiMPfIhX8g,I love this app I would only suggest to add more stores please take this into consideration.,4,127,1.65,2020-02-23 17:56:24,,
gp:AOqpTOEW6vt6AUbBULLQ5oyeZYi-EKjpkJaSB80StUa1Yy0_wpGFhh8c6lZVnbTPqHjhAzrYStD3SOMIEoZf2g,A Google user,https://play-lh.googleusercontent.com/EGemoI2NTXmTsBVtJqk8jxF9rh8ApRWfsIMQSt2uE4OcpQqbFu7f7NbTK05lx80nuSijCz7sc3a277R67g,The update made it better,5,10,1.62,2019-12-23 10:06:08,"Hello! We would love to hear your ideas on how we could improve your experience with our game/s. Meanwhile, we invite you to try the latest version of the app and let us know what you think. Thank you!",2019-07-30 02:49:22
gp:AOqpTOHOWTh3myp19pG8BvIYnLvR3V9YKJNLEg26R4oAvTGK_vJULEqPUGQ-jPrAfDmOT-MSgmHYsbbTKhr4UQ,Alissa Macon,https://play-lh.googleusercontent.com/a-/AOh14GivhTvgHn3z3Htiybfese0ubL-WsDwao5-JvQNhHQ,Can you fix this? You can't use the car to drive to and from the store.,4,7,1.63,2019-12-05 03:51:47,,
gp:AOqpTOEKFNe8lh3KiHLaa7_jAo2l18z-Y_o62JfEb1Z6xuDSoAZWtUSdMyr7UBd2tRsoRLJeS5kMAVCAjRzGlQ,Maleah Jones,https://play-lh.googleusercontent.com/-7twwk6bqM6o/AAAAAAAAAAI/AAAAAAAAAAA/AMZuucn1c8qI-1X6ee10j1xdstWHMPYGmg/photo.jpg,I downloaded this game and the hospital and the house and none of them connected with each other. Please fix!!!!!!!!,4,45,,2019-11-10 09:09:45,"Hello! Make sure you have the latest update of the app. Before you download it, reset your device. Thank you and enjoy!",2019-12-05 03:08:54
gp:AOqpTOEeGKofZ_Sa_CefJ40_4wh9yDPo-sCN5FdM_WzIvtTtPRctJtYYlIgJbd1KP5yrX176aGuznbc_OAJyvQ,Ния Иванова,https://play-lh.googleusercontent.com/a-/AOh14GhZZOI6x0Ot-o454pAOEqhzqeCAqexHmXsj4r0A_Xs,"Nice but the poor cant get one!, umm make a resturant did you?",5,7,1.6,2019-10-06 00:15:14,,
gp:AOqpTOHvOIA5kQAXdZKC-RpCMMUtpM64GtgU-GDOF4U4whdfAeR8MCFKqW_mXAWfInLjlfi4nF-tG3Dnhqdnqg,Fun with Kendall Jones,https://play-lh.googleusercontent.com/a-/AOh14Gi3h-6DWO5fFKPuatc1zyeJ4WddolZXji3X-7uiA-I,i love it!!,5,7,1.6,2019-07-30 16:46:56,,
gp:AOqpTOFVc9Ke7VdtgoDfLnjHSqnX_RYc7iy84FQCI4tZwQhHTDesygfIZl9I48ZsnkcJNGKJOgTJ6tuBfFrTmA,Summer Freeman,https://play-lh.googleusercontent.com/-nid0Bmiy24o/AAAAAAAAAAI/AAAAAAAAAAA/AMZuucmlLB9b5mD1pWXTTYQPoWGwSYMOjw/photo.jpg,it is the best game in the whole wide world and I play it all the time at home outside on a trip at school at the hospital and doctor and the dentist and the waiting rooms and in my bed and everywhere I go I always play it anywhere on earth.,1,21,,2019-07-03 23:43:33,Thank you for your feedback! We would appreciate if you would tell us how we can improve your experience with our game/s.,2019-07-30 01:40:38
gp:AOqpTOElIX_BzZuf1ZaCX0A2aq1JOR77dz6E0AYq6VDLpF3y8W1qJmz2pLqq4zZwi2KxuvilgkAH3GB2p_xC5Q,A Google user,https://play-lh.googleusercontent.com/EGemoI2NTXmTsBVtJqk8jxF9rh8ApRWfsIMQSt2uE4OcpQqbFu7f7NbTK05lx80nuSijCz7sc3a277R67g,Great game it got a lot better once you can bring the groceries home good touch with the baby shop and I like the restaurant good job you guys!,5,23,1.6,2019-07-01 20:26:49,,
gp:AOqpTOGRdsBitEfN39mzGwx4fGYfTF1GYIpypSzHXIU-fSqmJ5JU3KFsTnMX9KLqfRHx14d3beNDpVhxLgfSEQ,Cookie girls lover Lover,https://play-lh.googleusercontent.com/a-/AOh14GinEu_IRVVfk5eaGQbAvBWfQngseOYLsiUge4EVaw,BAD BAD BAD BAD. BADDDD&DDD,1,13,1.6,2019-06-21 09:37:58,,
gp:AOqpTOE6YnaUnq5okiAipbs0VtqEhoswpVmeqUWaHTn627nng7i8CLP-G6whgXOP3TP4ZbfMG-yuH-B6U0dOIQ,Diana Lissa,https://play-lh.googleusercontent.com/-SI89Ku8PZh4/AAAAAAAAAAI/AAAAAAAAAAA/AMZuuckpd8eELxCyg5c7QbjSD8oTu9-FAg/photo.jpg,it's so much fun!!!!!!!!!!,5,20,1.6,2019-06-15 09:57:40,,
gp:AOqpTOHN3TsTp8giYkYmuAyZSX0D0aGRDCv6xmfc8LtlLtSjsvOB-0lX4WirQ7nsHGMI-81TdTV44JPvs74QpQ,Omolara Ajayi,https://play-lh.googleusercontent.com/-w8WubcBEb2M/AAAAAAAAAAI/AAAAAAAAAAA/AMZuucmPn9eTLCAclmryjtdLj68CQcbwVg/photo.jpg,i love the new updates,5,16,1.6,2019-06-03 03:57:27,,
gp:AOqpTOHKuYlB1DXji0Hscx9CeAmeUbo9zfYkOgv-ZPJo01mRWVOFFsdmt5YSTfTxRwcBBaAwXM9tnVZIGFN2NQ,Lela Ray,https://play-lh.googleusercontent.com/-eapkN-0Clec/AAAAAAAAAAI/AAAAAAAAOqo/AMZuuckxXDYnHhL-u4llwwEILEEb6Cl-yw/photo.jpg,awsome game,5,4,1.6,2019-05-25 17:30:01,,
gp:AOqpTOHIB3fuqxdU5hrFhRG8fZLCK41r4P2BzzzZrY00mlEK3fQTrVmX_Jl4L6TxMs2hoKsoxd1r1efqUBg5sg,Kathleen Hutchison,https://play-lh.googleusercontent.com/-k9AVj-vrlfM/AAAAAAAAAAI/AAAAAAAAAAA/AMZuucmfzX2vOYyBvt7KcSTOU26ikoMJ8A/photo.jpg,AWESOME!!!!!!,5,5,1.6,2019-05-19 14:11:48,,
gp:AOqpTOEEemi153rf5a7eUfcUPud6fitPJeDH6zyGibXb1xf01sVQGa7-g_Vl1hMkG2f6r9sVd_U_VQpy1LbS4A,Tessa Terrell,https://play-lh.googleusercontent.com/a-/AOh14Gg8UzsRi9qHw1Bw3YETe3dAgl5ylF2XBILUZ7wKlg,It was fun but I would like it more if we could bring the stuff home.,3,26,1.6,2019-05-19 04:48:38,"Dear Tessa, please make sure you have the latest version installed so you can enjoy all the features. Thank you for your feedback!",2019-12-05 03:10:54
gp:AOqpTOFOl4sCBLXo3JHJZQxcnhmr9iz1x1EG0cl3DRgGAkHFm3Z34ZLN60Wgkun0i9lXxq6xn8i1CpibcO_GrA,Ashley Melendez,https://play-lh.googleusercontent.com/a-/AOh14GjPxZ7K0OXbAKHAD9g8N6eB2aMWXdTJ4qITMDRzOg,Cool,5,1,1.5,2019-05-14 12:33:38,,
gp:AOqpTOGCXUMdopdQ9J_tjgdJmJDEg4YItUWzPcXxpPfpVWGh8XDPSRIRKL6m-0sREzaySOIU6YvmrzUkasV9ZA,Stacey Bromley,https://play-lh.googleusercontent.com/a-/AOh14GiGClRQo56ahdmt4CufBBqFveyVxf80gHmpN34A3g,dislike so bad I don't mean that it's like so good I love but don't don't download help help help help help 😭😭😭😭😭🔪👉😭,1,10,,2019-05-14 10:39:59,"Hi! We are sorry to hear that you are having trouble in downloading our app. Please restart your device and try to install the game again and if the problem persists, let us know so we can address the issue. Thank you!",2019-07-30 01:44:38
gp:AOqpTOFJukijGXqZSBfrE8r1WdIFvM5gn4qEuroL-P5hOpqXVYB8w3ZJ3aav0PUrJPwhI1wSpcmN5zFxF_nzGQ,Shorty Jones,https://play-lh.googleusercontent.com/a-/AOh14Gh2GrmE_GZhqkVFq836leSUg8hRp8ZyhsBKrurwrw,its really good but shoild make an update to take things home,4,17,1.5,2019-05-04 13:05:31,,
gp:AOqpTOFBWxS6_aaXiD11RDdw5ZhsN1S3P_cLRbFTcy4j5qRKgEBAZiG7V3FizJiUJsKgY5s8Npj2sSorB9vA-A,Laura Roman,https://play-lh.googleusercontent.com/-zQuTtl1Bqiw/AAAAAAAAAAI/AAAAAAAAAAA/AMZuucls98PI2JFVv1Y8kZU7AJFe-WiFSw/photo.jpg,this game need ac t ok be updated,1,11,,2019-04-21 14:08:14,Hi! Please make sure you follow us so you know when we update our games. Install the new update and let us know what you think! Thank you!,2019-06-19 05:37:27
gp:AOqpTOHN_t-Nxf3-JYXKBUFF-a1pUEMpuMpVxPZ-20Xh-gWXq0FQl-4B3-vg_j6VBW9oEp5I1hZPXzxe3ZRe_w,Spence April,https://play-lh.googleusercontent.com/-hgJL3Efwiqs/AAAAAAAAAAI/AAAAAAAAAAA/AMZuucn44f63aiEjcAIqNmj_bM5zrn_jkA/photo.jpg,update please a baby and a toy store would be nice,5,28,1.5,2019-04-10 11:50:09,,
gp:AOqpTOF2uNsIkBk5D54ytwTWh44O3DEc44jN4ftychwY44GlFWK2a5wd4g8zLUKo6QF9zHzgnpX1M1rijYlVHQ,A Google user,https://play-lh.googleusercontent.com/EGemoI2NTXmTsBVtJqk8jxF9rh8ApRWfsIMQSt2uE4OcpQqbFu7f7NbTK05lx80nuSijCz7sc3a277R67g,it's ok but I can not bring it home,1,8,1.5,2019-03-08 17:10:53,Hello! Please make sure you have our latest version installed where sharing between our games is available and tell us what you think!,2019-06-19 05:41:44
gp:AOqpTOFT6N4IPGhcMlCSPKHrImZBKs26GnbuLcJJZQ-YB3JZLfyUyOruBxRoYU60rzUf3xvW_f-K1mksLPtNog,Zykia Herrion,https://play-lh.googleusercontent.com/a-/AOh14GjynM9b-LQWOUcEULy5O_2w777OGz4meYEzrCas,its so ugly,1,16,1.5,2019-02-17 12:29:55,"Hi! We are always listening to the feedback of our users and try to improve our games. Please let us know how we can help improve your experience. Meanwhile, please try the latest version of the app. Thank you!",2019-06-19 05:44:30
gp:AOqpTOFTZi7KcPPvhgLpDyk6NQ6i9Q4tL9b_c4spBL2R1V1ycLF9dk50vEYYyR_ANCKqVEc6fUQsFrjP7nJQcg,Laura Gilmour,https://play-lh.googleusercontent.com/a-/AOh14GgzjFJsv_n0lcrWLhnAxZWe6FBM_LVX1TZ5x3xOBQ,All of these need to be updated for full sharing or creates crashing/instability but nice options,4,16,1.5,2019-02-15 19:40:00,,
gp:AOqpTOE_NKosmP_xCwZYj7U9C2xXZWqAVZRfb2SdKWCGbylRjcFTmfD841UtDoZiA5TI5pOJCY8FA7v8JJCStg,Scarlett Merlly,https://play-lh.googleusercontent.com/a-/AOh14GiuYw2zYKJfQH4NYcIBY1QGsEMLnkgdUYoYoeM,why not this one connet to other my town pls fit this,2,16,1.5,2019-02-11 02:56:17,Hello! Please make sure you have our latest version installed where sharing between our games is available and tell us what you think!,2019-06-19 05:45:03
gp:AOqpTOH8Q2zT7xeciG0KCff_gXDSTburu91xmA0-EVvUaX4ghuoRjDTrCG-cwbhii1H_RKC_g77kESIcrSsjDA,A Google user,https://play-lh.googleusercontent.com/EGemoI2NTXmTsBVtJqk8jxF9rh8ApRWfsIMQSt2uE4OcpQqbFu7f7NbTK05lx80nuSijCz7sc3a277R67g,Please add a refund I dont really like it...😕 But it is kinda fun! 😄,4,15,,2019-02-09 14:41:21,,
gp:AOqpTOEIGWNAQEq0OLLNDH7qo28QOm9kRqbVluJqv8TARnWPJOPXTOGNpoeCIeerSbhYcomIQD_Nh1e45QnN6A,Stephanie Farmer,https://play-lh.googleusercontent.com/-nwASPi_D_UE/AAAAAAAAAAI/AAAAAAAAAAA/AMZuucn2TkmgMaw9tjAWjz2ssHGxr60pHw/photo.jpg,can you guys please add full sharing to it love your games,4,15,1.5,2019-01-28 14:00:19,,
gp:AOqpTOGxCySO6OqguRMbTcIuR9MGwytRz5ns0VzxDhA42lzvWr01K7fgTuu0bv7FqFebHUdfnvuYCeao_3Ni6Q,xluvrjess,https://play-lh.googleusercontent.com/a-/AOh14GgEPgC3A8Dz6NrX8CfmuaP3J4ZfVI67Evnw2apMzA,Nice Fun Weird Positive Cool Relaxing,5,15,,2019-01-21 13:01:15,,
gp:AOqpTOHDXiUO0WqqTCdkN7qf8aTTvoy6tMZiw6xfDBmnwCbvRj97X5bG5nDkVMsBO40VWjxgRHVIq79EgSCphA,Daniel Rhodes,https://play-lh.googleusercontent.com/a-/AOh14GhHnLeTls-TukgzQTeYe0qEdFXWrrFsFKrolmAjjg,plz can you update this game so it connects to the others,4,13,1.5,2019-01-11 08:35:45,,
gp:AOqpTOHeQtWmixqe_n_y22HVhEP5jlg1wBVCJYkEX5FnHICR6c2_1DdMytITo2wX7QnyZCB7Gqm1UUV2Cq5J5g,Justin Farrar,https://play-lh.googleusercontent.com/-ssCjlumCqZs/AAAAAAAAAAI/AAAAAAAAAAA/AMZuuclxhSugE1huOmk8wIj2JAxccnuoBA/photo.jpg,I like it but it won't connect with the other games and the car won't appear.,3,15,1.5,2019-01-05 15:42:06,Hello! Thank you for your feedback! Please make sure you have our latest version installed where sharing between our games is available and tell us what you think!,2019-06-19 05:52:36
gp:AOqpTOGtFFoOXGGyaXP-duVBViZsqS36VSx_aQTq7Cfnj3cBojVyI-QvBSirGfJCpdcgSwadsQyqK_2a_2XW5Q,Tawana Cobb,https://play-lh.googleusercontent.com/a-/AOh14Gimd8NkgA--D01p7RGcquLnLRBl_7N4iFFYQFgjzg,game is not connected to the other games.,1,71,1.5,2019-01-03 19:29:24,Hello! Thank you for your feedback! Please make sure you have our latest versions installed where sharing between our games is available and tell us what you think!,2019-06-19 05:53:07
gp:AOqpTOFFSLkMchS9UjmF_fQE2WFAXd3-xIPkfaMxd0rvRo9PXDHoJrk_fth7fIwOhJVj7B9JfqnWtRA40ezHXQ,David Davis,https://play-lh.googleusercontent.com/a-/AOh14Gia0DAFHruPJhmjjXLZrkpTAgsU7pEj5qPsLwrv9tE,You need to upgrade. it glitches out on me all the time and its the only game that does that. please upgrade it. because compared to your other games this one is bad. all you need to do to fix it is update it. please and thank you. Thanks for taking the time to read this.,5,2,,2018-12-23 06:11:49,,
gp:AOqpTOFYPb_HTfCAjnt_2KkDpaVKBjfLCUnZzqRebLgxb8jctQRP3LAFUK9CU4dAtlSiLJ0Zd11o_F-kxtL0qw,A Google user,https://play-lh.googleusercontent.com/EGemoI2NTXmTsBVtJqk8jxF9rh8ApRWfsIMQSt2uE4OcpQqbFu7f7NbTK05lx80nuSijCz7sc3a277R67g,Need update please,5,10,1.5,2018-12-21 00:18:29,,
gp:AOqpTOFXmk5H-neZjYlfE4JUEf0mf85YFhngjkTLPgbifgJLqkBRT0U1bPDtstCkA7IeT-ZiX44RVrcgwmdJLg,keratilwe peta,https://play-lh.googleusercontent.com/-0AyyCKnNGMY/AAAAAAAAAAI/AAAAAAAAABg/AMZuucmNFV9vLLpISf0TpnCqU5skMOdxYg/photo.jpg,Little good,1,4,1.5,2018-12-17 03:12:15,,
gp:AOqpTOEyh5UAB7DqDg7JgNTPInnbRjH8dPukCKkEzl9gcWxqprgx8b7ZRK_aPmONJLXuvD7HD5aiX8kZ644lFQ,Letisha Van Valkenburg,https://play-lh.googleusercontent.com/-tBIkmaeweGo/AAAAAAAAAAI/AAAAAAAAAAA/AMZuucn-GLOTTIwtrhARKii_njOBSYvXrw/photo.jpg,It needs an update,3,7,1.5,2018-12-16 09:24:46,,
gp:AOqpTOGjCmKFHXnV4brm9xqfJxdOxNSoJKJ7LvRnFRU-HHPZFAUwhnRQWtpERsddwliC9Jimfh7rkrQPn4KzVA,Zabreya V,https://play-lh.googleusercontent.com/a-/AOh14Gjatmq-0d8lKretPVS6Da08IneblWI-WEbZmQzaRw,I think that you guys should update thus one and the other ones so that you can bring your characters to other games and I also think that you should make more games free for younger kids like me I love all the my town games just by watching the videos but I am really sad that I can't play them and finish and add on to the story that I am creating you can't do a lot with only five of the games and only three are free I love your games but I will buy one with all of the ones you have already made into one I really hope this helps because I know that me and my cousin would really appreciate it if you did because she was the one that got me obsessed with my town but again I hope that at least some of my wishes come true and if you do make one with all of them combined please don't make it like my city and so we have to get the games so we can play the whole game please take my advise because I'm pretty sure that all the my town lovers will appreciate it if you did and I will buy the my town games together for 2.99 but not individually for 2.99 because I looked into that and all of them individually is around 80 bucks and my parents don't have 80 bucks just laying around like a dirty sock so please im begging you please take my advise thank you have a good day or night.,3,135,1.5,2018-12-15 14:03:10,"Dear Zabreya, we are pleased to tell you that we have updated this game and sharing is now enabled. Please make sure you update it. We are happy that you enjoy our games, and we have always at least one game free in the store. Make sure you follow us to find out about ongoing promotions. Thank you for your feedback!",2019-06-10 23:04:55
gp:AOqpTOFWWpasMxi8qIJ49AG3R4RajFcN7CWZgqZezJu241NSPxYN8YP4ZCQ_IEgoeMCgem7AqR5M3U0qJWSvOQ,The Squadster,https://play-lh.googleusercontent.com/-25rPIemvCqs/AAAAAAAAAAI/AAAAAAAAAAA/AMZuucm_JDcnaknIPAJ44AjQ0aAP1mxjFg/photo.jpg,"I Love my town ,s a lot 🐕🐕🐩🐩☺☺",5,19,1.5,2018-11-16 15:17:33,,
gp:AOqpTOEHyrCnIOUMxdlheW_U4NRCJC109zQSpQNgkrqoIy9E84CWl-Mtfrd20gLIOFkfmaI4j4El4K_HQJ1vfQ,Natalie Reyes,https://play-lh.googleusercontent.com/a-/AOh14GiY6AcDeeDgRLM4sfMoXd4UqiEi_uICqfM5ZyZs9g,I love these games but you need to update it like put a few more stores in it and let us take the groceries home but other than that i love this game.,4,192,1.5,2018-11-14 13:21:09,"Dear Puppy lover, we have an update available where sharing is enabled. We hope you enjoy it! Thank you for your feedback!",2019-06-10 23:57:50
gp:AOqpTOGhVOz_DdnxamJcPWjF7flIu4Jni-_LGU4rndRIfeMAwSeuBVF964D1AZwrSLWui7M_D4I0JEHaaEGWvg,A Google user,https://play-lh.googleusercontent.com/EGemoI2NTXmTsBVtJqk8jxF9rh8ApRWfsIMQSt2uE4OcpQqbFu7f7NbTK05lx80nuSijCz7sc3a277R67g,It is awesome,5,9,1.5,2018-10-07 15:10:14,,
gp:AOqpTOE01Gaj3ImtmYqOBcPkx8KTO5raLNQ47Xs6jEIDThNmLQSNrxZko4aRv3f1MWydrRBkvTsAmypsHpWFiA,TeenMomTo baby.J,https://play-lh.googleusercontent.com/a-/AOh14GiZYjANA2H4g4DSp5w3pYVIepkh8fyuqptUOUnN,Whats the point? I can't take anything back to the house! Only reason I'm giving it two stars instead if one is because theres a restaurant in it,2,99,1.5,2018-09-27 13:59:37,"Dear TeenMomTo baby.J , there is an update available where sharing is enabled. We hope you enjoy it! Thank you for your feedback!",2019-06-10 23:55:34
gp:AOqpTOEfgIPjX6TUReESox1hShJW6CiOZm6hKh6oNfyzGOmKNM7RhLHEo3jNgK2wAtIoK6jK5n-NjajXxnUfUw,Amy Bales,https://play-lh.googleusercontent.com/-7PAHIGvurHw/AAAAAAAAAAI/AAAAAAAAAAA/AMZuucmwaI9n0aJwbGdGG_w51rjyd0yv1g/photo.jpg,It's have to tp to the other games,4,3,1.5,2018-09-08 21:05:10,,
gp:AOqpTOEbkgsTNRSdLdwJhtR1jYje8U7i-5Lj8zhMTbKTKeJTYoi9V8c8XP2nIrNwwcQko3yo1D4J6ijhObUcaA,Shalonda Smith,https://play-lh.googleusercontent.com/a-/AOh14GiymTWNdc_xGnoDsJpzdiA2Yjlss2QzIkaeOOmHmQ,Please update btw i have all your games THANK YOU,3,2,,2018-09-08 04:39:08,Hi! We are happy to let you know that the game has been updated. Give it a try and let us know what you think of the latest version. Thank you!,2019-07-30 02:38:01
gp:AOqpTOGgnYasSR876iLtqN1ATh3Qwtgzb0UW6s427plVgmk3bytzP3gxiEWEoIlaAOf-5z-LNlmRFkurkLS2Vw,A Google user,https://play-lh.googleusercontent.com/EGemoI2NTXmTsBVtJqk8jxF9rh8ApRWfsIMQSt2uE4OcpQqbFu7f7NbTK05lx80nuSijCz7sc3a277R67g,"I love this game it's just when your in your car you can't come here which 
I really hate.",4,7,1.5,2018-08-18 15:05:21,,
gp:AOqpTOFvJDDGv6oU16CjxHcBYmCfJmxnqouTHqQApb9g7_J_W4osqRYC6ARyBjmjxdkGPrIs3Y4TFsWyyTfmCw,michael torquato,https://play-lh.googleusercontent.com/-6IMhN3mU864/AAAAAAAAAAI/AAAAAAAAAAA/AMZuuck61XiTJYcVeUWJWzQozNGVe8qzsA/photo.jpg,"I love my town games they are so much fun I wish they were free I love my 
town you should definitely do lowdown this",5,13,1.5,2018-08-18 14:28:12,,
gp:AOqpTOHzdgPEak_de65ydC9fXS35Co12ivCmptVCRRCL9wXAWv-Tia1cB5Qdy1wFb2j36WWnwNHXVndr8qD9Ow,Ya Gurl,https://play-lh.googleusercontent.com/a-/AOh14GidjlV-416djbJ6VEym9JfqXusoSo-ukLcuVUCfnA,"You need an update. Like it doesn't make since if you shop and can't bring 
nothing home.",1,2,,2018-08-01 20:33:28,Hi! We invite you to try the latest version of the game and let us know what you think. Thank you!,2019-07-30 02:39:31
gp:AOqpTOHZUWnIMSsVIPt-ZJrJO8rdPqzpyELwsG5QV1tcsfb_rufnB10UL5E56WnfOrEsAl4QNHzfrVT6W5Ur8Q,A Google user,https://play-lh.googleusercontent.com/EGemoI2NTXmTsBVtJqk8jxF9rh8ApRWfsIMQSt2uE4OcpQqbFu7f7NbTK05lx80nuSijCz7sc3a277R67g,Update this plz,5,8,1.5,2018-07-26 15:13:11,,
gp:AOqpTOFCmW3fLYj5ceB9Y5iNubxS46-nSZY6P-OIPNfs-3nKqhyFlaM2ysT2ClaBqmThIAK8nssaChIIuTamYQ,Barbara Kroft,https://play-lh.googleusercontent.com/a-/AOh14GiN_JhohYjHRYG8LWUMVZFE67SOnaTMK8BvwPrvmQ,"This is amazing game I am so relaxed when I play it you should add more to 
every game",5,9,1.5,2018-07-05 04:13:55,,
gp:AOqpTOG9nPZ9qrkjXyBHnA7CB_fDysA5JdQy4tf9tIh0ZgD9QuBas1HOidwVDTuI2xkAAP1uSTnsl3G-ZlG-3w,Evie Redpath,https://play-lh.googleusercontent.com/a-/AOh14GicY8XYp7dXXxZ8mUSSAj7zku97Y_iQCcjHnKXnBA,"This is a great game!( all My Towns are of course!) But i would love a new 
update please !💜 Thank you from Evie",4,17,1.5,2018-06-18 08:18:35,,
gp:AOqpTOHIdWyPzXpyBpmYK-Rty6LJQZe_xUKbpzHwfPEPcGHcgEO5nwGd4_M90VBXmuFEevg-2WB2TmUV3Uyk7Q,Fiona Nabila,https://play-lh.googleusercontent.com/a-/AOh14GjD8sK67pbSWczL6c4VbqZ823UY84rwaXmrykPDog,Can make a my town Duo and Rockstar PLZ,5,5,,2018-06-14 20:30:19,,
gp:AOqpTOEgnNAhnyCmC0fXljch8O7q7Qfr33qo1zYmjJIj-2VelBDA9Q0yYgWNlm_ZRianJHsGjclh3I6hUGKHCg,A Google user,https://play-lh.googleusercontent.com/EGemoI2NTXmTsBVtJqk8jxF9rh8ApRWfsIMQSt2uE4OcpQqbFu7f7NbTK05lx80nuSijCz7sc3a277R67g,"I bought every one of your mind towns please make a new cop 1 and a new 
forest fire",5,3,,2018-06-01 18:09:13,,
gp:AOqpTOGwGDWDPKF9UCf-0IZ5pLSK4isA9CYxWWl3BkPMk-E6ywcOaWTuQvPcG_s9flRziH-f1wnKOP_AtjZ18w,Simone Crenshaw,https://play-lh.googleusercontent.com/a-/AOh14Gj0GJPkSKLnjrALbiUpMTFBGfppRXWsaJt-qKGl,Needs to be updated,4,5,1.5,2018-05-05 14:32:05,,
gp:AOqpTOFWb4m_zNwdzfofn5Ic0dkYTqd9PscDZaB5IHupM1mZ-dvGWrKXIKN7aMh-HXmvT0Vlok_7zyUEwgIETg,A Google user,https://play-lh.googleusercontent.com/EGemoI2NTXmTsBVtJqk8jxF9rh8ApRWfsIMQSt2uE4OcpQqbFu7f7NbTK05lx80nuSijCz7sc3a277R67g,"Y'all are saying to low the price,I mean,it's not that much.I have loved 
this game.It's good for other my town games like getting ready to 
somewhere.Please make more sales.Its great but not so entertaining",4,2,,2018-04-17 18:40:12,,
gp:AOqpTOG7IqrxjMqtizhCgkLfwws36RbvpMgJF-nYalqb8c_4yjrropmFJsMCdb78cIRT9gI910FTKi5MdGfU5Q,A Google user,https://play-lh.googleusercontent.com/EGemoI2NTXmTsBVtJqk8jxF9rh8ApRWfsIMQSt2uE4OcpQqbFu7f7NbTK05lx80nuSijCz7sc3a277R67g,It is great,5,3,,2018-04-07 09:33:27,,
gp:AOqpTOHhKVlbA7fKY8voT3-FzUcaKNur_pOvYs52obc_ZPUTVhi5e79aJL0Q8azZDNjX8cYh8RJS_KSUf1ucxQ,Bailey Collier,https://play-lh.googleusercontent.com/-C5_sdacYvI8/AAAAAAAAAAI/AAAAAAAAAAA/AMZuuck6BECIZNqrzx0wzuULEUfuoU1dtQ/photo.jpg,Fun,5,4,1.5,2018-02-03 20:25:50,,
gp:AOqpTOGjFSePqKD7hCElwnLiJKbVAm0hbhb7E_qdFF_FBKmyOfb-vKRwjG5lVJyTKK8BoEz-BvPrFPKQ1MhEaQ,Sophie,https://play-lh.googleusercontent.com/a-/AOh14GhmeOBwgxbcr-eH7ptVC5E6pltSJkf2OXaY-F24lw,Well..I personally love the game and  don't get why you made shopping malls because it's almost like the same idea just a bit bigger so please stop this because when you realise they are the same kinda idea your thinking such ONE TO KEEP Which ONE TO REFUND!!,4,95,1.5,2018-01-26 13:04:23,,
gp:AOqpTOGzjb5Leo-rudKTmXBMgsZBdgeOAMnLavzvn6x6Z_YIJX99NL22nLOp2qLZOxpn9j9ukgewb9uA8KJEmA,A Google user,https://play-lh.googleusercontent.com/EGemoI2NTXmTsBVtJqk8jxF9rh8ApRWfsIMQSt2uE4OcpQqbFu7f7NbTK05lx80nuSijCz7sc3a277R67g,Yes,5,6,1.5,2018-01-20 04:11:16,,
gp:AOqpTOEr1S7Dykd5NRnEubJysMPMekVBT7Jqudoo2y0fabzLeiI3SNC5Uq5hxD0RywDDNkPD4o9OP_iBQu_71w,Haliegh Summers,https://play-lh.googleusercontent.com/a-/AOh14GhuKCGRCWSP2ILbq6BAV_e7AWm2iN1cok6ZcuEJ,Update plz,5,5,,2018-01-19 18:04:52,,
gp:AOqpTOHHxlOMFR7UDcmufQB-1rSHPszajMfZZWT2gOrrbJOgw0mNejUjxUkPF2r0ds0XO2lEL7T4Iebud8pEIA,Kylie G,https://play-lh.googleusercontent.com/a-/AOh14GhwYARZLE3bULxoZxZM6Xy0M-SpGdA_OOTAytvvFg,Needs more stores,3,9,1.5,2018-01-05 15:41:12,,
gp:AOqpTOFHEA-KxaA7oRWqivFnVPyZqYt1lvWeac8LtRnNiCqFE0HBbOobaQ7dpwLxVa1h-j9AQgXxotNOA_hJBw,JordyPie xoxo YT and MC Michael Plays,https://play-lh.googleusercontent.com/-DkQj1glOZ68/AAAAAAAAAAI/AAAAAAAAAAA/AMZuuclhed83e3x3KvVweNqTs-IbAjtGUQ/photo.jpg,Soooooooo coooooool,4,4,1.5,2017-12-21 10:26:28,,
gp:AOqpTOGDD_mTy_rXPEBvGCOPyWGDilCZiypoKYPNu8eJLgvYSy5beSFPQrS1M5_DDZJxrLNfenlLDn367vs4WQ,cece lilly,https://play-lh.googleusercontent.com/a-/AOh14Gg-PIGJMthQJIjV7iBoNIYKEA7PJyC0KBV6IWdPpRs,Make them bring it home so we could use it like what is the point of getting the stuff from the store's,1,2,,2017-12-17 13:30:21,Hello! We are happy to let you know that the game has been updated and is now possible to connect to the other My Town games so please give it a try and let us know what you think of the latest version. Thank you!,2019-07-30 05:40:42
gp:AOqpTOHFepCM07josHoLQO7knUGTvyPX70ZLb7dL1CnV-WWn4LqENTrxxbVFhbG2N9vQ8AvuYfM7sQsNOzPRWQ,A Google user,https://play-lh.googleusercontent.com/EGemoI2NTXmTsBVtJqk8jxF9rh8ApRWfsIMQSt2uE4OcpQqbFu7f7NbTK05lx80nuSijCz7sc3a277R67g,It is ok not good and not bad just ok i do't like it is a waest of my time,5,11,1.5,2017-11-25 12:06:26,,
gp:AOqpTOHIJBCfP_naJXc_TD9EljBgxsfajgAED2gv1dZ6JtV6paUBp7cA9uDtQ-2LCB04_mmzNGfBEZ8S3OspXA,Ryan McMillan,https://play-lh.googleusercontent.com/-ieib6snurIY/AAAAAAAAAAI/AAAAAAAAAAA/AMZuucnWAsx-p1TfvC09xgQdNdmLOi8KdQ/photo.jpg,Great game I think you should connect it to other my town games like house so you can bring stuff home.☺☺☺,5,32,1.5,2017-11-03 14:50:08,,
gp:AOqpTOGquY4UKBx6DdW4yybvVUFWEdaNrTUqdU_qi5D5JaUNZJrmrZyiOm-Zza3PTJpudgFA5G6fI4BnNIzCJQ,``,https://play-lh.googleusercontent.com/a-/AOh14GiFpeOnxCSfnvwJlkCTz-6VO3JyxuBYyYwBAWD3mjo,Love it but can you make a my town neighborhood with family houses in it and stores please because if you do il rate 5 stsrs,5,3,,2017-11-03 11:46:58,,
gp:AOqpTOHAOKxt-lJkqnznKuE5LPl93BJkg70gu192RbveWQtiGTsAJWPX63ljTG1LhqZS4ragnGYFyxLXzmBiPA,kitty's for kids,https://play-lh.googleusercontent.com/a-/AOh14GjyJHd0FFOSzqXBzTFjW-31m0iSAcoDK8c68jxvhw,How can I get a refund,1,4,,2017-10-15 10:16:51,,
gp:AOqpTOFxEEr0SlR1lJpoxZMdM1Ff0BZi7LI9TLueeQGmVUKLeyaCB0rVLDjkspCCEtMCfglFyMZLIaNUXPBt_w,twilight awesome,https://play-lh.googleusercontent.com/-cIlBRq81eG4/AAAAAAAAAAI/AAAAAAAAAAA/AMZuucnyVsNUjSXldourNAlVG54RYlGmAA/photo.jpg,I love my town 😎🌇🌇🌇🌇🌇,5,9,1.5,2017-10-07 04:49:35,,
gp:AOqpTOEFNNVCwnGuaEUiC_nexVWFlm-VoiwtmpMX0atA-7nng2se52f9Y8bIWwXNmRFL9fpHE-SSE3w-jAtdvw,Cheyenne,https://play-lh.googleusercontent.com/a-/AOh14Gij31TSG_ZQDSm7FOLIeFllJBDZ0OhELvNz3To_dg,I Wish Your Games Were FREE,3,3,,2017-09-23 15:54:10,,
gp:AOqpTOEv9kh5H1xdA0ZpwfEHdWRIWguRZe3G6DxPXv8tI_FJr7B_9LYV5ru98IyPG1X6p9zuSCWryLFGNPchDA,Olivia Burge,https://play-lh.googleusercontent.com/-XJVgOGI702M/AAAAAAAAAAI/AAAAAAAAAAA/AMZuuclKchxhyd2mQznurzF6zj-W11dV7w/photo.jpg,Groceries and clothes for the people but I can't take them home,5,16,1.5,2017-09-09 18:14:29,,
gp:AOqpTOFv0mDDP_maCeY5WvEFZNiqEwnd-yiQOj7QIS2WdXzBMkYW4BZO450Df5ncRqNfWPaD_Sbu35KZ317ivA,Isabella R,https://play-lh.googleusercontent.com/-t6bWYGQWlSg/AAAAAAAAAAI/AAAAAAAAAAA/AMZuucnz4xC1Ai8_XPiKAeVZctBKXObxGA/photo.jpg,Can we be able to bring the things we buy home ☺☺☺☺☺☺☺☺☺☺☺☺,3,15,1.5,2017-09-09 10:35:44,,
gp:AOqpTOEH4XSuMBShob_D5zuCom_JVGVFFBUX1HmyGmM9Bm7w3zD0KJ1FZreo_NDgKQbtMkt-I2TSFknKuINDvA,XxPheonixEquestrianxX XD,https://play-lh.googleusercontent.com/a-/AOh14GinlsBp6ye_bu5jfRSFGp66Bqj6YEip0Q5awEzq,Stop complaining about it costing money they need to make money some how💰,5,22,1.5,2017-08-26 05:37:03,,
gp:AOqpTOHuNMM8QvsLcR-5hIYDvu3v7eEIyElcIkJKk6tyJSUoOdlxgueaVPr4J4SKOGKf3QkA663mnzioGd22aw,Jason Pogrmich,https://play-lh.googleusercontent.com/-tkNtC4asNLo/AAAAAAAAAAI/AAAAAAAAAAA/AMZuucnleoj32swW2h0X2FCbrP26xZ7GqA/photo.jpg,I love  it,5,3,,2017-08-25 06:15:05,,
gp:AOqpTOGjaBz4dxK9G0k46O7-ajQeU9jidWx6SgT3EX-TuiZovDjNYXNTCKuG3oS470AeanppnNpV5y5odYzD0w,A Google user,https://play-lh.googleusercontent.com/EGemoI2NTXmTsBVtJqk8jxF9rh8ApRWfsIMQSt2uE4OcpQqbFu7f7NbTK05lx80nuSijCz7sc3a277R67g,I think it's a really fun game there's so many stores and so much FUN!!!!!   PS. Get this game people!,5,15,1.5,2017-08-22 06:22:18,,
gp:AOqpTOFEUsAS0e3WSyza3CC7ODHqA2ptgpWdYKxJoeEf_DtGGbJSC8zfuOLsvm-_b28GQjduZ0v5JQm1msEaMQ,Ahja Breedlove,https://play-lh.googleusercontent.com/a-/AOh14Ggh6iuniiCvkKyxBPZ0Ye_eIaQkjQQKKrLgjCvd,its so good,5,9,1.5,2017-08-18 14:40:15,,
gp:AOqpTOF7X3gmFYwlDTYSyvWBSP1Zqzd3P8lwtUUUHTAc1Cm2kcAAU1R8Oq6jnp7CBlUpg4AmVm72M4Sg4VxMHw,Carlee Young,https://play-lh.googleusercontent.com/a-/AOh14Gip_voflKcMj64FFGadhy-nNX9f1WJJh-WRTo19zQ,It gets better when you play please add a update I love all your games just one question your new game my little princess is not a my town game and your team is called my town. I LOVE YOUR GAMES and I hope to see more of my little princess,5,132,1.5,2017-08-17 17:51:22,"We are sorry to hear, We have over a million happy kids downoading and playing our games. I suppose we can not please everybody all of the time ;)
Contact our facebook page and let's see how we can help you",2016-03-09 01:05:55
gp:AOqpTOEU7O80njbk6NhLx01YQaknLoj4ZQaCNnIbTycqaDSN7XV545Jr16BQb7FYxPoZzz_xaNYMq1VLIzG2YQ,Rihana Crawford,https://play-lh.googleusercontent.com/-mLkbgjd8DGw/AAAAAAAAAAI/AAAAAAAAAAA/AMZuucknqSRq3t_05TZwNAJa8MM4gUyW1A/photo.jpg,It is OK 👌.,3,2,,2017-08-04 11:45:45,,
gp:AOqpTOEOh878jTEkLFtulUvtbrFmIMzoAJE4YVu1tFptvS9fURyr0-tGs586ysy9j1L6r1aGT_MXFMZBqbNVDg,Angel W,https://play-lh.googleusercontent.com/-L9OASV4duq0/AAAAAAAAAAI/AAAAAAAAAAA/AMZuucnjdcAfAR6HsXgtk9h3r7Rz3e9lLg/photo.jpg,I want a refund,1,18,1.5,2017-07-16 17:05:51,,
gp:AOqpTOFfgTlQ4CeW6WoRHdN_IkNlqE3IZDNKnyDDN15GC7al6pNhW0ONV3VlbH_t4C_CTKKR_d3x_rmTuc0-NQ,Rihanna Smith,https://play-lh.googleusercontent.com/-XU1wN_X1IEw/AAAAAAAAAAI/AAAAAAAAAAA/AMZuucmfESSKWil1lnDQZm0naBAyP3rcHQ/photo.jpg,It is amazing,5,4,,2017-07-15 18:05:59,,
gp:AOqpTOHEKes60PE64SvUE0K1eVamafzMeJOvH9vz647ZMeQyn_S-t1XdD1O1NGfMyKSyUg0zYhhJNCu9-qYJyg,A Google user,https://play-lh.googleusercontent.com/EGemoI2NTXmTsBVtJqk8jxF9rh8ApRWfsIMQSt2uE4OcpQqbFu7f7NbTK05lx80nuSijCz7sc3a277R67g,Love it its just i hate when you have money 😣 💵💰💰,4,17,1.5,2017-07-13 14:30:24,,
gp:AOqpTOGDU_ynjhQGOkfKAIBWnBTpEJCU_n0KYTKinZXPQuTeNLXiN-SRTVrkslPoWIJaQFViiqAU-A-LkfmnCQ,Angelique Clarke,https://play-lh.googleusercontent.com/a-/AOh14Gj5kayiLvBAtqrIeHUHiXWH4vEoGZKKIINoGGTNtdQ,Make refund button for game so u can refund when u dont like it no more pls (I wont refund only put button there incase ppl whant to)   .....,3,98,1.5,2017-06-17 05:26:41,,
gp:AOqpTOFSh0gUAi1cV_5z0U-ZAT6PBizsZyI-5RRbxl9sCZ1f2dmdsW-zjM1qQHCia_-HCkTfo_3zJgUizhiHLA,A Google user,https://play-lh.googleusercontent.com/EGemoI2NTXmTsBVtJqk8jxF9rh8ApRWfsIMQSt2uE4OcpQqbFu7f7NbTK05lx80nuSijCz7sc3a277R67g,Amazing it's if I uninstalled it gives me my 💰 back  Omg my kids loved it but make it free pls I have used  40,5,59,1.5,2017-06-05 08:36:25,,
gp:AOqpTOHB5BWSu28y2zqr7WTJGwBxbJqOxIBjcPohqYs2WkEdXzkAVz-DZXmf9G3n7mVI01F8deG9DoM0r2awFA,Tim Howell,https://play-lh.googleusercontent.com/a-/AOh14GglBfn-53mSl5mt_AfS-IhtXucrBTIG20pSAaG6qg,It is a good game,4,12,1.5,2017-06-01 12:19:26,,
gp:AOqpTOGzH7ZcpIXIR6Azr38QBgTXkpD5HI1LABz5FtgGgt0NIP5HDTfA383dvwHlGE6SbIlxXWKb-tbU62Sbgw,A Google user,https://play-lh.googleusercontent.com/EGemoI2NTXmTsBVtJqk8jxF9rh8ApRWfsIMQSt2uE4OcpQqbFu7f7NbTK05lx80nuSijCz7sc3a277R67g,Make it free,5,5,,2017-06-01 06:54:40,,
gp:AOqpTOGl3_1D29zHgjbIwp7yVafRf_Wjs5NOtuH-XsHW-1j3x2Ed5MYnzOawbnBNKC5AGDjdLGY18swyYYQQEw,Magical Person,https://play-lh.googleusercontent.com/a-/AOh14Gi0rXUjXqucJHdqcxDCUg9kmZIREOEd6NgdU0_T,It's ok it not that good I'm getting my money back,3,42,1.5,2017-05-28 13:50:46,,
gp:AOqpTOEC2SEpjnv7ZeDRx5kTrogCr7NJjGMY0Xv8wXS7gX03XTSMmzRlpu4XKaFzU3pHQ9Igc6WMttIsMTa58w,A Google user,https://play-lh.googleusercontent.com/EGemoI2NTXmTsBVtJqk8jxF9rh8ApRWfsIMQSt2uE4OcpQqbFu7f7NbTK05lx80nuSijCz7sc3a277R67g,It was good.,4,14,1.5,2017-05-27 11:27:00,,
gp:AOqpTOEa3R3MUZGsmKvRDYlV5Voz5r20OVv_t-bPU-7yPHEzwli1Jehut7CEIElpNixE2RmOIFQVNDgqT_09Yw,Smith Sanaa,https://play-lh.googleusercontent.com/-rS1QCffHyLU/AAAAAAAAAAI/AAAAAAAAAAA/AMZuuckZNjR2of9kMkHwNyM67MeZfEM1rQ/photo.jpg,Bored,1,4,,2017-05-05 12:12:46,,
gp:AOqpTOEEgWHMtd4rfs7FDupWju3pIIg7FKPBLyaQURVDK2g5OkLF1b_wKRoqtsnSj0_YvVhfATvUjT6RSO8q9Q,jeremy krutina,https://play-lh.googleusercontent.com/a-/AOh14GgyKc7Jog8FTvjEu8ixENbiBKZcuLjHD9Ew-G9B5w,I love it very much ;),4,29,1.5,2017-04-29 06:52:25,,
gp:AOqpTOEB8texvt-PoqTYx0s6ocy_7Sb4j06564O7m0yewRhyE8HZkaRzOXq9S6NNsVpjlY9b71byEquSucb6lQ,Em Mie,https://play-lh.googleusercontent.com/a-/AOh14GieIDv2N-TCIa9e-Uk3CLUuQnAdO3YXUAq3kWWNNcw,I him HB in CBT gang yruy hub KGB NTUC,5,33,1.5,2017-04-28 18:57:13,,
gp:AOqpTOGmvoQ-BMi2y728fYjqXPLnhP2COI9lX-0q_NhDyRxS_kidM9RzDOcmBSJmTHlOq3HvcDc9QjPHaqcN9g,YelloRangr 08626,https://play-lh.googleusercontent.com/a-/AOh14Gh2u_iXgTMRfQANXG61zuELrLU-5-McHux5Y8L1,"Ok, dont get me wrong, I LOVE your games, but cant you make them 99 cents that way I can have all the games becuase I've already spent like 20 dollars just trying to get them all, thank you",4,16,1.4,2017-04-16 08:15:42,,
gp:AOqpTOHB78w3FkaWCL-_DaJbkjF0scozlQcij8gyAWOTLtJYql3Kiox0FnnSU778FE2gDz44vKVJoFUiMBG0Xg,TheGalaxyGirl,https://play-lh.googleusercontent.com/a-/AOh14GgZwfL-mfaUZTVs76wNgEFiax55F9teeYlhsopTpA,When my tablet broke and I got a new phone I loved these games. All if them are a great roleplay for my baby godsister. I am so glad I found these.. buy some cost money and she really wanted some . I try to make her happy and get her wishes. Anyways please make the price go down.,5,25,1.4,2017-04-16 06:18:17,,
gp:AOqpTOHbKVrCnKBxyrQoU-I1sAGtim331MkAR1N-JASbIVnxkgz2O-XsFvEr3D5E2AsPbT_7XKaQItqqlguTPA,Fernan Simbahan,https://play-lh.googleusercontent.com/-pnQgL9SyzBs/AAAAAAAAAAI/AAAAAAAAAAA/AMZuucmRJb16zPf-V2uRqBkJZ3DjsF0JbQ/photo.jpg,No refund!,1,15,1.4,2017-04-09 09:21:42,,
gp:AOqpTOE8HzEh3T-Ztl63zK-210fSe6phKEgf3R5i2LBrBy-D9cXzfhHL3ARcKdiXQeXThvmW7xogh_wBg0-xug,roberto tellez,https://play-lh.googleusercontent.com/a-/AOh14GjK74PVVtALmtEhGmU1C7v3Y7nEZilu7teL-GKsGw,Again give a refund there aren't enough  stores,1,5,,2017-04-02 08:36:02,,
gp:AOqpTOEfiBUmr39d55BBLqqAsCGDV9_0V8BR3aA8V_BW2BzyG0VxiQ42Z7L_ty-dHj9XA9FL2QWZemxy-fFUDA,Kyara Delgado,https://play-lh.googleusercontent.com/a-/AOh14Gj6My654X1bomchCkw9vmiF9Lmuo5VqrG8TeRSc,I think the game is the best from all of them.,5,8,,2017-03-27 18:06:19,,
gp:AOqpTOERQXhcybqgPRRHiuG2hJdF7DryR7c17_NJDFsCv2Uyi1hL8gFWBJz1YRv1KWy8VMV2xys-XLMigZzjRw,devan painter,https://play-lh.googleusercontent.com/a-/AOh14Gjzrqg94LFH_M_bTANqO_grEAA_GF1D9N8hti955w,My kid loves it and sometimes I pretty much make you play and he will love it when I make him play it.,5,5,1.3,2017-03-15 15:18:53,,
gp:AOqpTOGKEgo7-aHq3B5XbsCF9zU--Qu3ulstcKy8UCrGcvUceiwxOD5Rc7bblE7IjBT2vICAg-_iE-ggutXZyQ,Norma Scott,https://play-lh.googleusercontent.com/a-/AOh14Ggk8QpkvmqTAHylXJSkuWSfOPkoX4ei6oBXEDtWYA,L O V E  I T ...,5,3,1.3,2017-02-08 08:31:00,,
gp:AOqpTOE2IdTBQqAvehnip4p90gDgrlqarnnu6I3rVd_Uc7RGQ5nq80eGDHSuG2lmnXUO5RZNReWTtLefpb2PkA,Dk Gang Collins,https://play-lh.googleusercontent.com/a-/AOh14GjCZL5iwY_EyTc6AIV_Q2YMy_8rIf4GAqi6Ygprmg,Yall need them free 😭😭😭😭😭,5,83,1.4,2017-02-06 17:48:44,,
gp:AOqpTOFlTHXaW6vGYOE3OqEFTsDmCLzaKg55QdJmzf9lokNl7KSaLcukSBqN9SSDxMBlPxmsfLu0gHZdWiKVIg,brederson victor,https://play-lh.googleusercontent.com/a-/AOh14GjuXQlz8jPcOsgbJWdZnbj0rKJBHxxrMPGC71S6Pw,Aweome,5,6,,2017-01-28 10:51:15,,
gp:AOqpTOFRB66pcMTUAoS3rAghweM_J7dSBfJEq6GK5U2d6JcVdlSGcK4GkqIP46Tv_C3SJK4nCTFwAmyAXTMj8w,Brock Leasy,https://play-lh.googleusercontent.com/a-/AOh14Gi3K65eh80tKQ0ZMVeSEEwmvbCAeJ3YmsD06lu9O84,I think that you should add a prize claw or known as crane machine or game.,5,56,1.4,2017-01-26 17:37:17,,
gp:AOqpTOErdihBXGHvlI4us3lw1JApBgMMdV0YpR08ChzKvbA7aoWwzf8A4KpkuqqNXDVN-g8IICXXVbBlB0wRAA,Christine Simon,https://play-lh.googleusercontent.com/-3Km6wa3rR_4/AAAAAAAAAAI/AAAAAAAAAAA/AMZuucllsGjFmDTVLxtymtz2Cr-xywBK_w/photo.jpg,"""Recently the ad icons at the top are covering the icon window with people in it. Cannot pull them down into the game. Please fix this. I have purchased 6 games! My grandchildren love this game! Thanks! I reloaded this game and we are still unable to use the people. Too many game ads at the top. Covers the people window!",1,18,1.3,2016-12-31 22:46:47,,
gp:AOqpTOFfNvRRr9OdcNFtnfStzm1nBXuaPkfOFP_P7RebXR7wrZp6NPeuRa9BI4MYm1FuiKUu_r-L7Q_lQn4Urw,A Google user,https://play-lh.googleusercontent.com/EGemoI2NTXmTsBVtJqk8jxF9rh8ApRWfsIMQSt2uE4OcpQqbFu7f7NbTK05lx80nuSijCz7sc3a277R67g,No offence but I am not really impressed coz when your going to touch the person bit ads are covering it so I will give 5 if you improve on that,3,4,1.3,2016-12-21 09:42:09,,
gp:AOqpTOEiMSXHnsPAeUqUWUwJ8SYl1BRgBLkAKLo3SIWAtCzMkWdLJEx06EV308u8xJ4hVTV446c45GyYgsi7Og,Alana B.,https://play-lh.googleusercontent.com/a-/AOh14GiuNvNi6qlwCO6YBs1RS45Ftgc1eBGQHX-ECbA7zg,"I love the game, but after a while I got bored with it. So, I uninstalled the game, but no refund button came up. Your company needs to have refunds or else all you're going to get is bad reviews because of your no refunds. Also, the games are pretty fun, so I did give some stars. But, there's a bug where sometimes the characters won't sit down when you drag then to a chair.       P.S: you should make a my town: camp out",3,3,,2016-12-19 22:53:58,,
gp:AOqpTOHlvvHjixvVTHE6UJ5jGgQzvRJ6qk86-qHvFyfx_57TtNDcJqDhK-GiP4JWLBvaShFAJp2uNB-wYwrKQA,MANTASHA'S DIARIES,https://play-lh.googleusercontent.com/a-/AOh14GjU3ud7I5GdkmAvbjOiVZLiqL6xIqCYJqaz9vPy,Give me money back,3,3,1.3,2016-11-22 08:12:19,,
gp:AOqpTOG57_8lG1R-kK7F7yHgCeOCrr97m7dw7LIZvFPUpcJW4GC9JqJUhSF2zqOxpDP16o2iI5tWJrZvbVXeyQ,Abbie Wilson-leary,https://play-lh.googleusercontent.com/a-/AOh14Gg9djhtCuOk7OMCyGR8BlmFKPO9R-_lTmuhkXSd,This is a great game!!!!!!btw can u make a my town game where it's a b day party and pls make it free if ya do plsssss!!!!!!!!,5,6,1.3,2016-11-20 11:00:07,,
gp:AOqpTOE93aQMJNQ-731gUqNvxSAQBDCJYV2WdOMmWt9orRyPZGCvzvEEvopCHiCmxyyTMbSVLP9TIAhOvbOk9w,Terry Holloman,https://play-lh.googleusercontent.com/a-/AOh14GhGch4d5JwpgbRAMJKpPU-x3NezECX8FMWyQLBcyg,WHEN I WANT TO GET A CHARACTER THE APPS BLOCK IT MAN I DON'T WANT TO PLAY ANYMORE OF YOU GAMES AND ALL OF YOUR GAMES COSTS 2.99 AND I CAN'T BY NONE OF THEM PLEASE BE MORE FAIR OR ELSE I WON'T PLAY YOUR GAMES AND YOU WON'T BE GETTING MUCH LIKES!!!!!!!!,1,3,,2016-11-18 19:32:05,,
gp:AOqpTOGLj6YotjUUkS8MYBwfNmxzqnwOIHAzm2Fw6X6CZm_TArsQB3zrzie8swUpWbeQyYjLEMCgNUzBz1YT8w,Lauren Guest,https://play-lh.googleusercontent.com/-AlJDuOlSDXI/AAAAAAAAAAI/AAAAAAAAAAA/AMZuucmEyUTpkAvn_wBgVq9uquWXrF7jag/photo.jpg,I cant get  my characters because the adverts are in the way,3,2,1.3,2016-11-11 02:07:06,,
gp:AOqpTOEj0ZxcDtF1cXt9yh-SAP292AmAKSTK7A-USWaQpnnkL2-35_5abgNGMkA3jXse-Rdl4o4HTArvBkifOQ,Minghui Tan,https://play-lh.googleusercontent.com/-hNetd8DJxYQ/AAAAAAAAAAI/AAAAAAAAAAA/AMZuuclXDH0y22kjsQ1kVEbq8o3F0oMzow/photo.jpg,It keep stopping,1,2,1.3,2016-11-09 07:27:55,,
gp:AOqpTOFYQOKeF-HxenB3G5nMnoCt7pkIE1V8095pqHCSD6Z9wJZdEHV3lpjm5Svhd6nrMBJo-YW_4Q_uvE8xrA,Jessica Laffin,https://play-lh.googleusercontent.com/a-/AOh14Gif--ehnsfkJaKni_KmLGNaWqAe72NU1JtJwh1w,This game is terrible. Toca rules over my town any day.,1,4,,2016-11-05 22:25:22,,
gp:AOqpTOEoYK6SpAOUR3TNUnt-JU5w01CVWmV1j03P9yOyF2T1XFZh0-qxiND6cp53MyazmqtlzSuCFqjWWzCHaA,Gymnastxaliciax2018 Gymnast4life,https://play-lh.googleusercontent.com/a-/AOh14Gi4NBP7K8dScJ2NGcRmmJrQ_1s4ZDVIq6xmk__-Vg,Like my town theme park and makes them free,5,7,1.3,2016-11-02 12:29:43,,
gp:AOqpTOFkyCU_euYIKEdG1M7NLHx6IiQFIF9bj1rP8lu9jesamDMMllT_FcHbFZEtz1mAsEXioaJhjqTqmzgPKw,A Google user,https://play-lh.googleusercontent.com/EGemoI2NTXmTsBVtJqk8jxF9rh8ApRWfsIMQSt2uE4OcpQqbFu7f7NbTK05lx80nuSijCz7sc3a277R67g,There's only 2 people  I can pick  that  not fair,1,4,,2016-11-01 15:01:40,,
gp:AOqpTOHQfS0b1o4Scgv2z2IqVpFoGzUeG8aF0FH4MXfOdkVAsz6vT325Uz12SvdvBBCIZHmtJPd2ZDVRr0fa8g,Haida Vasquez,https://play-lh.googleusercontent.com/a-/AOh14GiJOcuqgrqmuOIdRG7FvAcBX2aCnbtcOZLg4PZg-Ew,When i try picking my character my other my town games get in the way please fix it,4,3,1.3,2016-10-31 22:42:13,,
gp:AOqpTOGBNV_T9vncPkippuHPLv-rGriF3bfBPxrdhyJM3LZQsT5X8QkafyGQpUuc21wRPJOSd3mq6H2tlpmIWQ,Grace Ellen,https://play-lh.googleusercontent.com/a-/AOh14GjJpTQu-9xhqQOtO02mMfAg3gWY1ayajdpwrtlJWoo,How do I close the preview screens and plz make more stores,3,2,1.3,2016-10-31 07:04:11,,
gp:AOqpTOEcUSqcSSkd2p3qEAVpn8VqrqJJi94XzD1l_pVxlJgBFQRh28yf6mjQCAwTmVH_sjF6RG9WBn-bWE8FsA,gg peters,https://play-lh.googleusercontent.com/-55w6RHFJ7eU/AAAAAAAAAAI/AAAAAAAADQs/AMZuuclDWHhYdrh25xM3ceT8dMQZ8BL6Vg/photo.jpg,This game is so cool can you make a My Town game room that would be so awesome thank you (please respond soon),5,7,1.3,2016-10-28 20:29:20,,
gp:AOqpTOHQw7xSsAaGjBqrqMtLWN1PJOqVhkxiBF9zvtzYbuKfsOeuLUVD_w14Lggt1QB0m3RCV_R7bu_wgEeLYw,Devika Prakash,https://play-lh.googleusercontent.com/a-/AOh14Gj4SwlDm-2b5cmBTQ5XyUt3t-gn92UsSiggXPMQPhU,When I want to pick my character's out all the other my town apps come in between. This is really very annoying. Pls Fix This.,4,39,1.3,2016-10-24 03:11:30,,
gp:AOqpTOHjFYJKHvlt7Y1YnJBUU_-o2qvkS5l0nE-0fPFvcFfRcaMjpbvxGH2vWMkq3S8Uo3K8Bp8S9o3RXNBJUg,Sherlhaines magic playhouse Castillo,https://play-lh.googleusercontent.com/a-/AOh14GiLiDyTYwsaMiqWzpjCTe1g9jFnsxIRdJMq2k1kzA,Why is that I can't use my other ppl to shop? I can't take them down when I'm in the store... Pls fix asap ... Thanks ... Or I'll sue u... I restart my phone and everything... I even uninstalled it and installed it... Its the same!!,2,6,1.3,2016-10-22 04:25:17,,
gp:AOqpTOHQ76_6pm09nyUynJ-yjdHaC280ZOMk56r-Uyg8Mg13lzvAhQR0AiHI3J6rCjW9-MN39KgttvHBVkJviA,Isla Vocale,https://play-lh.googleusercontent.com/-fmWq234Dy3Y/AAAAAAAAAAI/AAAAAAAAAAA/AMZuuclGsFNKeYwnOIXDwNtl18_6CqeZ0w/photo.jpg,"On the top a long line of advertised  games  blocks some of the options  of the game, making  it impossible  to play",1,6,1.3,2016-10-20 07:03:32,,
gp:AOqpTOFWjOPMmySFdytlxa8ZBamDFzaS-78MlzjLP6AboNI7vP3rzogbrjDdMVDobo9izM3MLZJ-VRaoW1Ccqg,janya williams,https://play-lh.googleusercontent.com/a-/AOh14GhCfneny7v-BTxCDNXYTS5crP9ExdLOd_ibCjpM,HARD TO CHOOSE CHARACTERS WITHOUT TAPPING THE WRONG THING,4,4,1.3,2016-10-18 13:14:49,,
gp:AOqpTOH5fFLUnyo-h_8O-ZAdUBgXfGwohEDk_y2XP_Nzq-sAvJRaIouF_fD1TjXg9htZBlFKtqIUoR1z-zs-PA,A Google user,https://play-lh.googleusercontent.com/EGemoI2NTXmTsBVtJqk8jxF9rh8ApRWfsIMQSt2uE4OcpQqbFu7f7NbTK05lx80nuSijCz7sc3a277R67g,Please please please make the games FREE i cant get them till after my holiday and grandperanens house sounds so good and preschool but mom get angry so cant play 13 and 14,5,5,,2016-10-15 09:49:45,,
gp:AOqpTOFeeR7GPCdQQqxi1PyYYsQZleA5IvK7OH1FLqXN7RmxsUBxqqU_hmusmqcp0r4qPRVzjoOEeDiP5UbMIg,Catherine Markham,https://play-lh.googleusercontent.com/-gqF1P0hvS9Y/AAAAAAAAAAI/AAAAAAAAAAA/AMZuucmCA-VfuMAiES2elnXNx4By3J-QsA/photo.jpg,Could not get to the person icon as link to house game in the way and could not move it so daughter could not play!,1,4,,2016-10-15 05:33:14,,
gp:AOqpTOGdbRyquerRqxDov7kibroAR5ifuCS0bqHeVoJz36G5iosTXMwiGdcAAwnpgD7zpGrCXXzyrdzG3uxPTw,Country Gal,https://play-lh.googleusercontent.com/a-/AOh14GiqkjVLptLdJVQULJd9qPwKjVfK-VCHP1OPycfY-g,ALL YOU WANT IS MONEY PARENTS SPEND ALL THERE MONEY JUST FOR THERE KIDS AMUSEMENT AND HAPPINESS!!!! I SHOULD SUE YOU 😡😡😡😡😡😡 YOU SHOULD REALLY MAKE MORE FREE! I SHOULD SUE YOU!!!!!😡,1,4,1.3,2016-10-02 12:34:29,,
gp:AOqpTOEW4zZFgK5xdNyEpcxkz6GKoBEs0aH7urIxo62k0Qetk9luyIqQRFqtXR2zFu7qhsx40H7gxTmJuLf0xg,Markya Latham,https://play-lh.googleusercontent.com/-5gR13hHmxMw/AAAAAAAAAAI/AAAAAAAAAAA/AMZuucmw7DAvTqlWLe_2hZmJ0T2TlLe6kw/photo.jpg,Needs more store's like a mall toy store a tool shop and please make it so the people can hold the cart in the grocery store if added I will rate 5 stars,4,9,1.3,2016-09-25 17:34:43,,
gp:AOqpTOF2Fbga5tD60Q1w_ydoLIA7XmxX_IRQs5FE0C8ZelO-sc-ZMGl7LItBMms9Dhsii7bFoGmjWb_kCN4MPg,Missy Hickey,https://play-lh.googleusercontent.com/a-/AOh14Gh3oV-oFdJaJBst2z1grPTs8V8Q6A_6vKSEE1jXcQ,Add new people car seats prams trampoline houses newborn swings toy shop cars,5,5,1.3,2016-09-18 02:54:22,,
gp:AOqpTOHs3yK1GzReV_je1obDgq0A4S5yYZI3yab9QvNj8Ilep15pXkDUw00U8M1jT4650wtcKHvgCPeHFFBlWg,Kellie Breen,https://play-lh.googleusercontent.com/a-/AOh14Ghe2rLq_MKC7hrk4DyMENV-NnOSRcUJc9BVZhUiQQ,It downloaded and it is fun,5,4,1.3,2016-09-09 14:30:12,,
gp:AOqpTOEjbrAMovWw9KUBkhH4tth70kTrR-stWocmaKJGGHDqmEfnmNSyft5pKN7D1XOm7Y5RzCtIZhT7vjO3cQ,Samia Cornish,https://play-lh.googleusercontent.com/-ZRmSnt5Agvg/AAAAAAAAAAI/AAAAAAAAAAA/AMZuucni3Arhet3IbpG5CsYULs70-cvzVQ/photo.jpg,Can u guys please make it so we can take stuff home such as groceries,5,5,1.3,2016-08-19 01:00:18,,
gp:AOqpTOHs9z-amtoxnQzoQ69PDJZEicpbahfmFTBdvkcwSGZ8prbBfeoimF2anQ9MqOEGZ1r4q4Wdq-qLQbOJvg,Shootingstarr,https://play-lh.googleusercontent.com/a-/AOh14GiZue4V7A1Uv5CVJovZnVXy7xaOd8n254pwnjS7uQ,Love this im 9 and I play this,5,4,1.3,2016-08-06 23:34:50,,
gp:AOqpTOEDlIYT3mPGdDIXFA3Xw6C1Kfq4O058ZwVpxOKd2B8408TN3Kqr6pYlRZYKXXKv1QvMkULPwReQvRYseg,bushdred1,https://play-lh.googleusercontent.com/-74LZ1CphMPQ/AAAAAAAAAAI/AAAAAAAAAAA/AMZuucmPgxF8Zok8zMKTLimtR-o9kA5YkA/photo.jpg,I got bored of it after about two weeks and I do go back to it and play on it and have fun when I'm bored but toca Boca games have so much more to offer for the same price!! I have all the toca Boca games and all the my town games. the toca ones are 80% better! I want my money back now!!,3,92,1.3,2016-08-05 11:07:09,,
gp:AOqpTOFaWnqUnn2H98tBmipG-E3YCuJkhhPNMaop1tc6HDqPnbf252SHDjkO4iMcX21Zf2v3jt6sZXyUhh06LQ,Leo Murphy,https://play-lh.googleusercontent.com/-I34gONluP44/AAAAAAAAAAI/AAAAAAAAAAA/AMZuucmBUNcdrIgYPpl_nig-_YN6VX_fyQ/photo.jpg,I remember this I really really really really really want it back,5,3,1.3,2016-07-29 11:49:08,,
gp:AOqpTOEOkS8JEix0beGhhq_pj7ndF_WQsQ2GvhZidAeEKez6MRVp1LgU3ZRIvQneS8AGFredWaP1hz79uvJNNw,Renee Bravo,https://play-lh.googleusercontent.com/a-/AOh14Gh5f2m1TFKevUMT1WcrSOrFkYg7SsYoJ2HYdc5-,You need a new my town app.what about my town water park or my town fair.,4,5,1.3,2016-07-21 10:34:15,,
gp:AOqpTOF-eU1eDxd6YpC5kaLgV9GQYsKzpBTlR9ztublv171e1yxHcFbb6khtMmSpxzMmGDEiN6oxhno4Ex63CA,Madison Wilder,https://play-lh.googleusercontent.com/a-/AOh14GhtFG9kazTS-dDPvB5YFCuX_3swlwUP8nJDimvQfA,"This is so awesome a candy store, Super Market with toys and food and a food truck and clothing store rocks. This is better than MyPlayhome stores. I BET MY TOWN IS BETTER Than My Play Home GAMES!!!💕💕",5,14,1.3,2016-07-12 14:22:26,,
gp:AOqpTOHWwhuXekQLErAFuNkAP7CTB9kmEUhAV_AZ_X7nPHgJ916znufywAIb97Gf3BNrotAkjEfy0nJh4rxTgg,Sophie Dykes,https://play-lh.googleusercontent.com/-D22Ywl9uk4A/AAAAAAAAAAI/AAAAAAAAAAA/AMZuucmwnvzcS_9GJd_dvyJOxmxD3krHiQ/photo.jpg,I  love  it   because   I   like   the   shops   but  can  you  make   a   pet    shop    and    l    love   how   the  ride    moves,5,9,1.3,2016-07-09 02:14:14,,
gp:AOqpTOHKzm94ZN7GnRD4MifG8CK1a3L-05HZvI8TtJKehuFqjsU4ihjNMjq6uPhC8q38K24RWPXK-i-RlWCLEw,Jasalyn Michelle,https://play-lh.googleusercontent.com/a-/AOh14Gj3mHTkTXw3rcj_G1EYBvJMW8XLlwgUSLaiWTgpPfQ,😃😃😃😃😃,5,3,1.3,2016-07-08 19:35:34,,
gp:AOqpTOGK_OU60Fx6IYJQ4sr3TU1nwC2Vuz53O_ZAMTv87tFLlsVyAxnYST6eSXi8vn2yimxAqCe2q2Cg6cXb7Q,Tom,https://play-lh.googleusercontent.com/a-/AOh14Ggzz01Wx3UGny4shgLxatrRJAZttz_EHXT86qGIcw,It is good but I Wish You Could Have The Items In My Town Home And The Rest Is FAB,5,9,1.3,2016-06-18 02:51:46,,
gp:AOqpTOGH93IS0GCbmoDVOQ8CuJ3P-VU4AFx0V8KEMJ3lixR1hE3RsYrhGOA--1lWzRewsH8TxEI7ID8HTBunRQ,Rose Collins,https://play-lh.googleusercontent.com/a-/AOh14GgCVNZnst6LwXZbD1hYPdA24ZIKkCg_88IDojheJh8,You can go and get things fore the Stores,5,4,1.3,2016-06-14 14:17:37,,
gp:AOqpTOEbssthqYleflrqugr3RfbPJAKJCcVLLcR-AwQQ43WBGBhihGuIQFp7wy6kqSJm9dD0Be0RCAGazdSnOw,Mangle X Foxy,https://play-lh.googleusercontent.com/a-/AOh14GjgEUT2OdJ5xzyjcNDGkGXrVVJvy4nd71PMm1KplA,I am your biggest and I mean BIGGEST My Town fan in the world! I have all of your games! Please make a Cafe!,5,7,,2016-06-03 01:54:20,,
gp:AOqpTOG58gNg6lR_Ldk4o6GNpRa5AjoNkXiT08m5k246Cau9eskTykLFWed80UOPLPvqbxtFQnQRKz3_HQ1-Zw,Jessica Harmon,https://play-lh.googleusercontent.com/-GvpqFXAd-eA/AAAAAAAAAAI/AAAAAAAAAAA/AMZuucl2lQe_MCfBUYaGcAHe0zcNMjlOpA/photo.jpg,Yay,5,5,1.3,2016-06-02 16:56:27,,
gp:AOqpTOFGHShvbiehmUIqxDPfxDff_DSqOMFXwuCneFpd10qf5R5fpi1aFpbgy1Ipv4g-hCquFe81WRWHHII5ew,xyz,https://play-lh.googleusercontent.com/a-/AOh14Gh1RPsflfECqOfoS4tWTFHH5eL3XJd-QOcB2_k24w,I would rate 5 stars if you can bring all your shopping home,2,18,1.3,2016-05-27 05:27:34,,
gp:AOqpTOEWJPpBC_XynDe17ro3QwgOed0OchlNC99oX-76vHqvqwFcztTNUzPl2-B9OVvD0vlpoQwjYKxoRruhzg,Shraddha Soni,https://play-lh.googleusercontent.com/-YTnEuCvn1Is/AAAAAAAAAAI/AAAAAAAAAAA/AMZuucnWWZiiJFi18D4qeRZ3_uSdeH2cbQ/photo.jpg,Please make more games,5,5,1.3,2016-05-17 13:00:57,,
gp:AOqpTOEYk2eOAq4L91-vN0oyaTJhgIoLahREBbZUyIFHBSj2jM0ha6Ob9VnTwsBppImHXMu3J6ibaDmfU38V_g,Sinead Sweeney,https://play-lh.googleusercontent.com/a-/AOh14GgsfiupfLjJ4AAiNimc6bgFEdow3ovDuMA6gv7Y8Q,I like it but there is not a lot of stuff to do.Maybe you could add a pet store or a gym.And personally I think you should be able to go home like in your car or something but otherwise it's good.👍keep makeing more games!!!😊😊😊😊. Oh and one more thing can you plz plz plz make a hair salon thank you!,5,46,1.3,2016-05-07 14:31:01,,
gp:AOqpTOG90OR8T0diLfQGKurqnMVsr5eOmSINDvJDJ51N399FavY47SG-yn3MY-y4iHQ9193JeeXzsMfQAmO2xQ,olivia aivilo,https://play-lh.googleusercontent.com/a-/AOh14GgGj6rFDDcebXAiAR5Pd6rV4sv_qzVqLYZS-pOjofc,Its great but it keeps on glitching with the trolley!,5,5,1.3,2016-05-03 23:53:50,,
gp:AOqpTOFQP59l3cw7lkjVIY54wPv45H9oB8JCnybKYNwOrMxUqfUpJ3Lf5-2zi6yKQ2aow6AFs_4lOFIRnvC3_Q,The A Pals,https://play-lh.googleusercontent.com/a-/AOh14GjtA2fmhaigw1VUtnt05jjXNjFghgLefOYBDmd5,I used to have it on my other tablet and it was FUN AND AWESOME,5,3,1.3,2016-04-28 17:54:06,,
gp:AOqpTOEaeXUMkHVCzXUymEkalIKP1fhHuJFnvvf6PGhk56LahCW_vejOvI6Hq2n7-UXT0o7IIklBc-miZIIWbQ,Kashe Rushton,https://play-lh.googleusercontent.com/a-/AOh14GiKwRhpPoZ2JdphEr5XnCGgLm1-sZ5y00fdRbkxag,It wont let me down lode,2,18,1.3,2016-04-21 14:07:42,"We know people want it, the problem is that if we do it with sooo many assets your tablets will crash.",2016-02-28 09:21:04
gp:AOqpTOHjvsQ3w4t1R31e7PaX-f-EXOYy7wcbFxFCK32PqxZ0aeq_hwmbrcVCgaHkVZK2ra7SnhrW_qICRqI0OQ,Courtney Darcy x,https://play-lh.googleusercontent.com/a-/AOh14Gj8UEjXRro_bw8ngPdKMUuef4O_H8WAlI1XFD_tvQ,I love this app but can't you make it free or at least lower the price I mean it is like £2.59p for a game 😀,5,6,1.3,2016-04-19 10:51:46,,
gp:AOqpTOFVf2-JSbVS2eVuAKEJMvTDC3KTkpoUe_lwK9CBTB1DnPFxrbouQ9Ob4ASKGKn1C7rtSz3frKH8qPKiSg,Jacqueline McKenna,https://play-lh.googleusercontent.com/a-/AOh14GhZrc0oBVMkgUjMyH5Kcp26vBd5eFk5wNV6rz8,I ♡ it,5,4,1.3,2016-04-17 09:08:45,,
gp:AOqpTOHt5hJgfkOQUlzXAajpzP9KYLSREX5uvuC6XVAkDKHQNLGHllrTvrA_-wt9Q37-m5-5814R1AJCuVfJMw,Gisselle Bayron,https://play-lh.googleusercontent.com/a-/AOh14GgDon-UHahwBH2Pdql5F7FHq-lAf2pWt9gT1dSv2A,I love how you get to go to different games of it because I have three games of it and at the top it showes a shopping cart and a police hat and  a house and a pacifier . and those are all games you can switch to.,5,56,1.3,2016-04-16 05:42:05,,
gp:AOqpTOFeY-wDkGdud9iNqydOU8b0xqdZOycTSncA9cgn3b7jtgkIqiY-0rw9xLD2RbHhHJckpLrESfyoVBwiBA,caitlin Lee,https://play-lh.googleusercontent.com/a-/AOh14GhC7mLAJ5goKA_9vaYR5Ro-9AxsapmmBMOvhYuU8A,I wondered if mytown would contact me because I would really like a refund because my game keeps crashing.,3,12,1.3,2016-04-15 14:58:09,,
gp:AOqpTOGwSopdazBA3Xg68Bfi0pEv4Cn65OlAXNybw8IUmgel48VgLWjBaMtu_LHHhj_XJkeQDw6qWDm_RktuEw,Mike Colledge,https://play-lh.googleusercontent.com/-br3mM6XAEG0/AAAAAAAAAAI/AAAAAAAAAAA/AMZuucl2khPTpOe4oHSbesIwZmR-3pqVFQ/photo.jpg,"OK,I still rate it 5 but in one of the stores the mom disappeared and I went to the other stores and it said that she was there can u plz fix this thx.=)",5,41,1.3,2016-04-14 20:10:31,,
gp:AOqpTOEVJa8Fzj7cAKlitT1ciMMJVYkouHFl5Jc0dyN7U7G6gNb9MnHrOBeh4N4PJCx4qGkN8GPwntCBhEgMiA,Stemara Bella the Cat,https://play-lh.googleusercontent.com/a-/AOh14Gh7PB2Ik09DR_wUYT4afdwRwjbfpzn2bH8LeBTc6b0,It needs more stores and is it going to be a circus or a zoo or a park or something like that,4,27,1.3,2016-04-06 13:20:41,"That's a secret still, We can only say that our next game is going to be even more AMAZING! A very original and unexpected theme!",2016-03-09 01:01:22
gp:AOqpTOGOZIH82_eTeicWHAFhHkZ5LqGpTktl88PFpzL1UKQloYxfBjUnYpPJW46Bw2px8O50T-a_MziihCyxCQ,Skye's Adventures,https://play-lh.googleusercontent.com/a-/AOh14GjpyJpEpsgz4vIUdMZYm-D2PACwgc2fuGgQrdF7,Omg love all the stores its the best game in the universe can u make a babysitting game but free...if i was stranded by myslef and had one app left to get on my phone it will be this game,5,11,1.3,2016-04-03 19:34:12,,
gp:AOqpTOEmzIIsJSd9fHw-GZDBraFiKMJ_aVXDh_wot0p8GZs1Y7J9ZPtGFd9EkJ5kCbVI_fgAcBVwBf0eWzJK1g,Kristin Moilanen,https://play-lh.googleusercontent.com/-TdIlPxNN53Q/AAAAAAAAAAI/AAAAAAAAAAA/AMZuucnDOVi4aO-ORQj82ld4C4SoBRlfmA/photo.jpg,I have a lg tablet and I had it download but I needed to restart it so it takes the money off,5,10,1.3,2016-04-01 11:17:01,,
gp:AOqpTOF7YRiUCcUdFpQ0dayzZoUfVQIw-S6eF9rsZedmyTcVll89CNV_qDghmgkFw6qCMN3FL6LKAVwCDA9ttQ,Rebecca McDonald,https://play-lh.googleusercontent.com/-tZYtPQkkIU4/AAAAAAAAAAI/AAAAAAAAAAA/AMZuucmJ8aTXfo4JYA6khwtX4K-FqCg93w/photo.jpg,It won't let me put things in the people's hands and it won't let me put things in the grocery  store  bags but in the cloths bags yes it let's me but if you don't fix it I will delete it and get my money back,3,37,1.3,2016-03-26 08:29:51,,
gp:AOqpTOGG0_OIyppIV61Djvb8zIytKr3roZj86WBnKBO6j2fS6fIHhTzvnvQ3kga2U3ornZaMozJexfOecN1anw,Lorenzo Craig,https://play-lh.googleusercontent.com/a-/AOh14Ght7Rv_Xf3SGG-xrOe_EhvZXeRmIxTHdjIENvXKug,I loved this game but it was really stupid because if you go to the store you bring your stuff and grocery home right or do you leave it then go back to get it then go home don't got it and when you change your clothes and go somewhere else they change your clothes it really makes me mad and made me stop playing the game so I guess you guess need to make an update that allows you to do that!?!? So can you PPPPPPPLLLLLLLLLEEEEEEEEAAAAAAASSSSSSSE!!!!!😢😢,3,4,,2016-03-23 13:45:35,,
gp:AOqpTOGLmlmFHmibFcfrfb4XXy8Daq0hIlu_LU-Vao4E4TBp6zF39DdeR1mFqB7cXkClH3UypDHEzUMk8q_NRw,Vanshika,https://play-lh.googleusercontent.com/a-/AOh14GhwbKz-gEN-H4um3JFxHGdkSifHTLaohYyIyNmkQg,So good,5,9,,2016-03-22 23:29:29,,
gp:AOqpTOFBm-AV7N_GBffOVDM0oRABKEBz6GyuiLCA4OKf8aO50MsjEadxzwBRW_Z7Y73VtfIVH2YDa2Tapt8rzQ,Alessandra Santos,https://play-lh.googleusercontent.com/a-/AOh14GjPSc0d92oxP38fOv6_okE5ItdxZTDlVKIRldJP9A,This app is really nice enjoy the world of shoping and you can only find the world of shoping in my town stores come and shop what ever you want every day fun and lots of shops to visit in my town stores ()(),3,14,1.3,2016-03-20 07:07:13,,
gp:AOqpTOGK8Q0jcnAfVA7TVCvKrOaww29fSy2k0TAX6B9jZ71gpfC2AToCRThUliLZHqwfuFtKjQWGbF3KP0lDWg,donna ashall,https://play-lh.googleusercontent.com/-UFHAinQNuGo/AAAAAAAAAAI/AAAAAAAAAAA/AMZuucmD1QGl1o8kslYCZaMFqEL_N2x6Uw/photo.jpg,,1,3,1.3,2016-03-19 09:00:41,,
gp:AOqpTOGp13dz1Cs90gMED8vAa5v-_C9WAQCgU_Cdrg4ulEvz76dgBvh7f4JgjojK_rJUReP6pTDEuGuQZx-viQ,Alesia Friedrich,https://play-lh.googleusercontent.com/-kGek0vDAg8o/AAAAAAAAAAI/AAAAAAAAAAA/AMZuucnglYNqSBTUdWHyoQ30tUP0vevwzA/photo.jpg,I love it and when I but stuff can it please go to my my town doll house.,5,9,1.3,2016-03-18 17:22:18,,
gp:AOqpTOHsKGSKxXM2uND6o29ik_VP2YRX3sl_foPyaFtWDJKiUW4si_ofz7YLRM9NCEPitOJJhz1uZhgJy-g04g,Semaj Jenkins,https://play-lh.googleusercontent.com/-CJ7-BNFMjxA/AAAAAAAAAAI/AAAAAAAAAAA/AMZuucn2UJokCYKeYDWBw-CwR3hdBbhtFA/photo.jpg,I LOVE THIS GAME SO SO SO MUCH! PLEASE AND I MEAN PLEASE MAKE MY TOWN: SCHOOL AVAILABLE FOR NEXTBOOK TABLETS!!,5,14,1.3,2016-03-12 15:00:51,,
gp:AOqpTOHmLoAqcdGuqneCIKlrppxA6XrrKAJ5HzzJsbseLB4-N2ZUgDtDMsKBrsHxWNm0KQI1PQTXNVmyrYUfXg,Aimee Seaton,https://play-lh.googleusercontent.com/a-/AOh14GjqFWZWUw2NxV-DWedaVjKdfNNGsqZpBURRdx9p,Best game ever,5,21,1.3,2016-03-12 00:16:24,"You are the best!
Stay in school, get smart and make a difference to the world. We know you can!",2016-02-09 06:16:56
gp:AOqpTOFEIqx_NAYuzDYXPwrxCKSJGlUXCbfnynEWv1KbBFbYGzSNVbWSLh3Y9isJdfqU_CQ4uuVutUc0r_5hjg,Alicia Henderson,https://play-lh.googleusercontent.com/a-/AOh14GggBzI_ffrprHWWyyd2AdyY16Tp0GQyKOfM3akeVQ,It is really cool but I have trouble trying to get the money in the cash register. But other than that I love it.,4,13,1.3,2016-03-07 18:26:17,,
gp:AOqpTOFDnIUl7VO-BCrIQfJetbts3wHBTZ68FVOgqJ8vXXQi_Zp-LTtDyQaaFfzXJiC35hZani-_KaCiaqsgoA,Ashley,https://play-lh.googleusercontent.com/a-/AOh14GjUmWiyJnrJ6i1x3TuBWiqKfu5TSuMYxi-fWuBg2g,It wouldn't download it and it still says it's purchased GIVE ME MY MONY BACK OR I WILL SUE YOU,1,48,1.3,2016-03-06 11:26:25,"Please don't sue us. What you should do is this:
1. See if you have enough free space on your mobile
2. Make sure you are connected to the internet
3. Restart you tablet/phone
Downloading is done via google, not us. Download fails is caused by either your mobile not having enough space or Google play

For more help please contact our facebook page",2016-03-09 01:03:43
gp:AOqpTOF7CTB0lP8IQ8eMEc7DdJXrApyxj6atTrfsvS0o3PnYia9zZ8bBxVqmQUiw6Izn3hFvMKhcGOe8dELWqw,_Strqwberry,https://play-lh.googleusercontent.com/-__P23yDK-c8/AAAAAAAAAAI/AAAAAAAACVk/AMZuuclvHVkwbebjwS992PnsiRpmeYPfQQ/photo.jpg,Make connection to the other my towns plz,5,9,1.3,2016-03-06 07:47:22,,
gp:AOqpTOGZPgt_vFMvw0UAFEQUZU3vU7omr30xZ26gTAjbEebORA0Tbmy17eiYiG1UmdqfojjSCv2_vI2fZTl0FA,Arturas Tim,https://play-lh.googleusercontent.com/a-/AOh14GgnachiMhKRQuWxafbCkI7xz4XlJIl3YV9uWLF4Dg,Good but make a hair salon and spa and my town:school plz,5,13,1.3,2016-03-06 05:15:21,School has just been released :),2016-03-09 01:04:08
gp:AOqpTOFAgh9SOmOeVysBUG-BQPPPOqeLDyn2X9uUghCbmRrWkSfiYWIR1nwO5l6_5uVhBdyGJWRe64RzR7OwBg,Cerys jones,https://play-lh.googleusercontent.com/-M0BuC-K7frA/AAAAAAAAAAI/AAAAAAAAAAA/AMZuuckc9AU0gCP2IUKxJsviMhqMbRl_yQ/photo.jpg,Its really good and I play it everyday but can you make a really good school on with new characters but please make it free please I have got every single one of you amazing games keep up hope you reply soon 👌💟👌💟,5,56,1.3,2016-03-05 21:45:17,,
gp:AOqpTOGceKWScFSU94Agtm0oF1Nik89H6KmGD_A3xDVMYgCqAXRUGuHQCe4LBlBH25TUtRwS5wphxC0nyyaC9Q,Aariya,https://play-lh.googleusercontent.com/a-/AOh14GgeVubJNjFVyl0iIQHW-QwWri2P8EHineJXS7T-qw,I want to play but when I do it kicks me out I hope you fix it or else my money is going back,1,41,1.3,2016-03-04 09:36:50,"Please contact our facebook page for support.
Before that, please make sure you have enough free space and try resetting your mobile. Let us know how this goes!",2016-03-09 01:04:49
gp:AOqpTOHA2NvAkQKwuotaNztYE0bRaDqU0I4gMursKPzKsvhVoys4xoR-y46DOLIRznJD2H2uOVS-6L0lp0IKiw,pretty_ kenzie,https://play-lh.googleusercontent.com/a-/AOh14GicvZ0CM17JPJ504mkZn6cixcV_ctsGb6xp89prxQ,add a daycare jobs cars,5,9,,2016-02-28 16:20:43,What is a daycare Jobs car ?,2016-02-28 09:20:23
gp:AOqpTOGMFYI-9jsU1U6EzysnhqJUn5uP-fuvaZy0lVaBD1B6nJ-tN180QQBFw3vxURAOgceL9-MnV6VeBMfvMA,Kerry Rutherford,https://play-lh.googleusercontent.com/-2qtyr04ZJKo/AAAAAAAAAAI/AAAAAAAAAAA/AMZuuck8ng1ytc4UqKjOJX_DpVm6XM9HHw/photo.jpg,"My four year old daughter has all of these games, she loves them!",5,6,1.2,2016-02-21 12:38:19,"Thank you so much :)
💖💖💖💖💖💖💖💖💖",2016-02-28 09:21:38
gp:AOqpTOHTEEgkmNVJojFH4DuDNoF8oRyjqBjYu0k9dMeVYPOcfTLlWysCEzqjCaAONThGbhGYGli_sDM2AzSGKQ,Our Sustainable Life,https://play-lh.googleusercontent.com/a-/AOh14GjZKnm4Xt8w9y9gtbusIQHsVDnrFIfCYbZ81Q3CXmY,I need a car and a mall and school,3,13,1.3,2016-02-21 06:19:52,Ask nicely :) Rate us 5 Stars and we will consider doing it,2016-03-01 08:25:50
gp:AOqpTOES_B1mbreINj5myv1ejL9wWwg4C_JLgxMOcOxawuISzGwsC-9TvJvcvmQRc6tB5ozM4N0xxsW0WW281A,Peyton Wilson,https://play-lh.googleusercontent.com/a-/AOh14GjJCA-2CcCHrR9AAKwnRAzNfCBzHSxg1wt--97M,I think it's the best game ever but can you guys please add a pet store and could you make the school free when it comes out please please please please I barely even have enough allowance to pay for this game:)answer me soon.Please!because whenever i send you guys a letter you dont answer me:(,5,23,1.2,2016-02-20 10:28:09,,
gp:AOqpTOH6CwhUzUy4y_jjBPx0XPUBGehZqtcIbfK0J6EAE6QcmgBgFGe4xtLiK445OwvMoxmWveyWZIzZMIP1Qw,dills mcquaid,https://play-lh.googleusercontent.com/a-/AOh14GjhDleF16FqkR7tEc6xzpYtDr1klFgp1BvWp2FLTg,I just  love this game to much !!!!!💖,5,8,1.2,2016-02-20 04:08:43,Thank you dear  💖💖💖💖💖💖,2016-02-21 12:05:51
gp:AOqpTOGkPz56ILAiJlY8XHs3DgtM0CDXxgUXPyBS3z8Kf1eQUB0oqkiSzBQ0gB3nQ4QSaBxXSEx8zEAevfmjng,Chato O,https://play-lh.googleusercontent.com/-itp2oSoXpnU/AAAAAAAAAAI/AAAAAAAAAAA/AMZuuclWLT9b6bNyreHPdlrqIOaSstK-vA/photo.jpg,The game has been installing from last night & keeps saying it can't download,1,7,,2016-02-19 21:37:50,"perhaps you do not have enough free space?
We do not control the downloading of the game, we control just the game. Check if you have enough space, storage, goo wiiFii connection etc..
AND UPDATE THE RATING
Thanks 💖",2016-02-21 12:06:54
gp:AOqpTOFKRLcNhgCdYOqyyJT6PsdAWZLimxFRQWzWZvDaojWUiokALoXLCQHfxMZ704f3_lHhT35oKJtXjZQJ3g,Skyler Roberts,https://play-lh.googleusercontent.com/a-/AOh14GiPEkfyfEbu_lw5QYbk1CGtMNnsZqCWmHiDoox8BQ,Can you make a update where you can bring the stuff you buy to the my town home please. I want candy and more clothes and more babys,5,9,,2016-02-19 17:35:20,"That would not be possible at this stage i am afraid.
What items would you like, perhaps we can make a nice update with the things you want back home!",2016-02-09 06:15:39
gp:AOqpTOFCnxrExlLqlX5IBnmuI_ca-Xq8_6XEpynSbzyKoXhz5x2qo1HCUhcX3y_-7OKbWWPdzvlWIaBdAqxikw,Hannah Osgood,https://play-lh.googleusercontent.com/a-/AOh14Gh73Bn8hiV8-qTk4nuJzPHD8_Q9ZxD2L00inn67Fg,I love this game its cool fun.How about a school next and an update on the home game that has a car so you can drive into the shop game!,5,8,,2016-02-19 07:40:59,,
gp:AOqpTOFtcMBl5ESRUN5DFtaN3YNzDAB0IkL3SKrI48xUIBc-szJX2ODM8hIH1JrGr8U239kh0uQZCPWorJqkgg,Melissa Silliker,https://play-lh.googleusercontent.com/-EOpRnSWgOEE/AAAAAAAAAAI/AAAAAAAAAAA/AMZuucnKrpUMeGo7rFVQfV5vTuJ07mQwvQ/photo.jpg,"My 3 year old loves My Town Police and plays it for hours. I find this one much more difficult for him to find hearts and even when he does finally get enough for a prize, as soon as he touches the presents the screen dissapears and he gets nothing! It has worked a couple of times but its also not that exciting to get food when theres already food in the grocery store. Collecting new fish is way more fun in the Police game.",2,27,1.2,2016-02-15 16:16:46,"We are sorry to hear you have had issues. Would you please contact us on facebook so we can understand better what is wrong?
Another option would be letting us know what tablet type you have
What android version
And i promise we shall look in to this and get it resolved.",2016-02-19 03:03:37
gp:AOqpTOFiQ0BVU2qeCSLlYjJQMlAM6viLFbA-BVXrQXLEFIaNNq_OqCq9ck7md4IKmsTE1PAqQCmTa5ARk1-2cw,Jaee,https://play-lh.googleusercontent.com/a-/AOh14GhxDk3YAPY4c-skoTTL9xnuu-k2FEMIurARcL2Yng,"I love it but can u add cars and a another family and a mall please please please, .👍😛😅😅😅😕👍😭",5,20,1.2,2016-02-14 21:27:49,,
gp:AOqpTOGQccqMBVBoQ3zfBax5NqmGPF3kHs7pX9ZxXi4Okm516VD_w5KMxQuqxl6Cl7wSMwmenKwsHMckm2hOyA,ROXANA Gonzalez,https://play-lh.googleusercontent.com/a-/AOh14GiZ5MDQgLEBB-fglsuzkXV0lhqWDnsUGoL3JXYC,I love this game can you plz  add more stores  do ☺best game ever,5,14,1.1,2016-02-13 21:41:01,"Thank you, we try to make the best children games :)",2016-02-21 12:08:10
gp:AOqpTOHjdSPobmuhyzOY-3588EdinKNf2jHKiAHWecCGa-p2c3nB2tD7BDztjzuvPLVPZavrE5gFrZcNqItVrg,Caitlyn's Channel,https://play-lh.googleusercontent.com/a-/AOh14GjZ7miburzZvEX3g2OvoHJuFUK9hC5LSZYU5UCQ,Can you add a pet store but don't make it cost money... thank you hopefully you will add the pet store for free,3,8,1.1,2016-02-13 03:41:49,"If you love the game rate it 5 stars please.
If you have suggestions we are always happy to hear from our fans. Suggestions you can place in comments easly.
there is a free game we are working on, it will be released in 2 month aprox.",2016-02-14 01:33:55
gp:AOqpTOFwfRmO4nv99qD4SbcvQKYnPuBERb6Hx38ButT4gMSYajojkH2X_hcHVCDG1rE0YmScC3yw0QXSVgSyrQ,Lorynn Moore,https://play-lh.googleusercontent.com/a-/AOh14Gh4H-u8sLYeAz492CVolvaaMGVpGxl6z4U4-fUvFQ,Amazing!!,5,8,1.1,2016-02-11 15:03:33,,
gp:AOqpTOEHXVPX5xmHupqbdDX0dGfVf5RBABorE8iTnfA_jPrgP7zPAbJLAxiBg6FbmGolvuyfnR9RQ08J4ZY48g,Sadie E,https://play-lh.googleusercontent.com/-siPeVoC2DbQ/AAAAAAAAAAI/AAAAAAAAAAA/AMZuucnJ91ELZQvVtiMUYN7SGFOHgpt-2w/photo.jpg,I still say you should make a my town school.,5,29,1.1,2016-02-09 14:33:29,"yep, we are releasing the school game soon. Please update rating to 5 stars cause you are rating the game, not your wish list",2016-02-09 06:49:18
gp:AOqpTOH3BD-UcvCZ8gyIbp1g6-NCfRzNIO2rb8l3z6Wez2XNFdqNKDtVEMkyfWgK311x7U7NN3zICi22A6cGaQ,Nicole Eubanks,https://play-lh.googleusercontent.com/a-/AOh14Gjy0P0j64ljMNHZixnpx371h1oE0KYfFacDLsYsdQ,Can u add a pet store please?!?!?!? And maybe a carnival,5,27,1.1,2016-02-09 13:26:42,Great idea! let us see how this can be done please,2016-02-09 06:14:37
gp:AOqpTOFbmfWZwtc2lEz5O9uPo41R_XAWmpJwkXJA2D0pE-m4R3br1krzSrO4D9JjxhohrdHEvdTxjL-slV2UWw,Jazmine Wynn,https://play-lh.googleusercontent.com/a-/AOh14GiR8Qd2HXksHIDS32BSrX7Ei27TMD6o5kivM5-6jg,Please awnser meeeee 💜💜💜💜💜,5,14,1.1,2016-02-09 10:22:13,Yes we can! School is coming out next month. Pet store is a great idea. we shall definatly look in to that asap,2016-02-14 01:34:46
gp:AOqpTOHvH1_sX2g6ythr4Jp9ZpWq9N0mmib8pvG4hJv335xAKXJcb4xYQ9iYXe4TWnO2ib9L2DdWYD0uK1pS3Q,Shalonda Bates,https://play-lh.googleusercontent.com/-sypoRNlYWPo/AAAAAAAAAAI/AAAAAAAAAAA/AMZuuclLzgSkJ9E_XKyQhbblwW1UN30qjg/photo.jpg,I was excited to play it I thought you guys were hiding the best parts but it was only 3 places add a hotel and more,3,24,1.1,2016-02-09 07:54:11,,
gp:AOqpTOEyXNbkzyTcDMmoGWCwCbqEH4xKgdsB8A7-k5ZYRMxLfMRUfyaM94vBL2mVxAE1XrdsK1wpbB-oidOnmQ,Karen Cotterell,https://play-lh.googleusercontent.com/a-/AOh14GhYcxVccMVmt7SMDS1xfo3MY2QCMl-AHuIX5zOrIw,I think you should make my town school,4,11,1.1,2016-02-08 13:50:56,My Town school is coming out next month! Please update your rating darling to 5 stars. Cause you love our games :),2016-02-14 01:36:30
gp:AOqpTOGWUhVmiqzvepepWWywJNbgmUj1IvZW1PEE-A0nhfhtOUmvY1V0DGCz-k90xkWxaEZtvmf9Lv_94hNYBQ,Laura Tramble,https://play-lh.googleusercontent.com/-9MZuyHVkghQ/AAAAAAAAAAI/AAAAAAAAAAA/AMZuuckPTGLW7EgAyuHz4j3U2XMBKSnE3A/photo.jpg,Stop being so picky the game is the way it is Jesse!!,5,19,1.1,2016-02-07 17:29:46,THANK YOU :),2016-02-14 01:36:40
gp:AOqpTOHg8VgBF8NMV3DUngyRaJjw6KN-RYp7VowFT8eOJ3SM0g5_5A7-SN8UusUlprtyxhZtLl3t7vd2YzquSw,Jesse Minor,https://play-lh.googleusercontent.com/-3RW1tILfCIU/AAAAAAAAAAI/AAAAAAAABo4/AMZuuclQcuW0LGz2Xgc2fvGYw79t1Sa4hQ/photo.jpg,"It needs more stores. like a hotel, a soccer field, a hospital, and a furniture store that is it",3,10,1.1,2016-02-07 16:32:47,"Ok, noted. Thank you",2016-02-09 06:16:19
gp:AOqpTOGLvHIfO9LPmsqeBmA6vJ_GiEBeEq2NLSl2vzTGs76FCIDhVQxkqQSge-4TjqZNaNf0JgoXfC1WQO6zTQ,Heather Bowen,https://play-lh.googleusercontent.com/-fBsHpn5-H5I/AAAAAAAAAAI/AAAAAAAAAAA/AMZuucmvrHPCLU9A5NYmSHYYJl8EHsb5nQ/photo.jpg,Awsome,5,14,1.1,2016-02-07 11:54:28,,
gp:AOqpTOH-bwd1XdD4SbzqZ229WTOKMzccyo6lCSDNXsJ4Ix5r7bfCDCKD8gU2osaEw3JJxmNu5bc_4ATSqbwqGA,Creations by Gifted Hands Miyoko,https://play-lh.googleusercontent.com/a-/AOh14GjyoZQtM1Y25pRwhVahg0CRDcDOcDZf7UdvaOuW,I love it its so fun im on my mommy account and she got it for ME SHE'S THE BEST AND YOU GUYS WHO MADE IT,5,41,1.01,2016-02-02 16:06:36,"Thank you Keshe, stay in school and get smart. One day you to could make great things !",2016-02-09 06:50:03
