reviewId,userName,userImage,content,score,thumbsUpCount,reviewCreatedVersion,at,replyContent,repliedAt
gp:AOqpTOEcCih4-ny2lH45bpBuyY0hDWEvfPNCghiVyXF748XzBcscKLKAlGKLtxuzA9rMOYVEv4jEm3zTzd5D7g,J.P. Holiday,https://play-lh.googleusercontent.com/a-/AOh14Gi_kwFmw1d_VkW2mz8vFqcH3_U7V_ZDqn6Q8aYPXA,Wonderful addition to the Kairosoft library.,5,0,2.0.9,2020-05-20 04:33:58,,
gp:AOqpTOFZh98AUIVhSrsmm26OjcCNvQyOpgT-abTtLVqodrRWdp29BeEI_Ce4nnLQ9XXrvlyKYpqQ74fVub-uDQ,Marguerite Smith,https://play-lh.googleusercontent.com/a-/AOh14GhTRUIcQh7XSVr_wsJUC0-z-bRvPUgmDaahfcZb,It's fun,5,0,2.1.4,2020-04-26 10:11:51,,
gp:AOqpTOEaAHXVzbOr4rAAyrsWu-omce_MgscHmBCKekG9HCbxX7neUwCXBiS1WU1iSpOm2DZy6GMJYfwFztdXEA,Cat Lover 1606,https://play-lh.googleusercontent.com/a-/AOh14Gggpx-3GkGjPY5xyKPrKIxbC5UxC7_sz2mfcrkF,Its kinda inaccurate and just plain annoying how so many combos just plain suck could you maybe fix that,2,4,2.1.4,2020-04-14 16:03:55,,
gp:AOqpTOFiXyFdCq5d64FH5Gekn5LtU_twSOQTynLqYS9e7YG0A24C1Jb5LomWmaizED61ZfI729XuB3FvudaI5w,bon nob,https://play-lh.googleusercontent.com/a-/AOh14Gh2sr-Kgb9QblHtrY8gMhDQuS35b-e8KkLuC7aIQw,Decent game but all the kairosoft games coming out are.just rethemed recopies of their older games and it's getting boring real fast,3,56,2.1.4,2020-02-03 14:18:14,,
gp:AOqpTOEkvv7t3MqjcyGVBe5z8yKlPwI_S9BhbU8rW6Ae4ibuIXWqN34IHPTewMy9LgXbfI2OcpaH6ciqelZ6cA,suk !,https://play-lh.googleusercontent.com/a-/AOh14GjpeXtbw84_n8dJ7RNY7uyw75FM7OChrcwT972wTQ,Epic,5,0,2.1.4,2019-11-13 12:11:57,,
gp:AOqpTOEflgQedADLnQzif23OJ4LL_ISYy_zNwWZxaqzQLs_2van5aft_hZguF7LV4pwlQZwDgqtTw1gNZljB4A,general kitten,https://play-lh.googleusercontent.com/-8RRi61-EmfM/AAAAAAAAAAI/AAAAAAAAAAA/AMZuucmu_xCP_xWiNMR1HQ3PtUkKPAyrZw/photo.jpg,This game is one of the relics from the good old time when actually good games were made instead of brain manipulation tools made to make only money. This is one of the few actuakly good mobile games where you can just play a nice game and not be bombarded with promts to spend money to speed up a meaningleas time that is there only to get you to buy the speedup nor be bombarded with ads. you pay the fair price and get the nice game.,5,36,2.1.4,2019-10-22 17:52:41,,
gp:AOqpTOH-IGyJmR8abs0iGPBWdfKR5s9JW9g5XZctKg2g9m2ADIBrkNQXew3ZuXBFy4sRieVoayeuyktjXpI3SA,Adventure Stories ASMR,https://play-lh.googleusercontent.com/a-/AOh14Gg0fgStLt_n2FpCiVLr5ILqEts_NP9S5UohH27QOg,One of the best anime making games for mobile! ^_^,5,0,2.1.4,2019-08-26 00:11:21,,
gp:AOqpTOH5GOgAHXH-NO6cV4uZ6PSduzpE3fWlEvsnWxGMSxq8hUs71dZ1Cc4Q3Di3f5Qk2PIBhJDyNC3gNA3ryw,Victoria,https://play-lh.googleusercontent.com/-OLNvg0eODmo/AAAAAAAAAAI/AAAAAAAAAAA/AMZuuckVpgB5fC28aqsdWVTI0L_w3Sg5SQ/photo.jpg,its a lot of fun. i wish it was more dynamic. one instance is the popularity of certain genres. foreign locations are always unpopular. it wouls have been nice if sometimes they were popular.,4,12,2.1.3,2019-06-15 11:48:26,,
gp:AOqpTOGZe-cYjXxo9qIz7xxG2zjRqLjZJMj7Rrjuf9kAbkr_XCCcGIvALUuquDIOV-cgsC1GucWAOD07T5Kwpw,Kitsune Risu,https://play-lh.googleusercontent.com/a-/AOh14Ggsiyhn0O0K5-u3lhZNezsucnKOIFwJspl89S4PdA,Finally. A fun game that isn't F2P. Good mechanics and a touch of the classic Kairo style. A warm welcome back. I don't mind the F2P ones as long as the full games keep cranking out.,5,31,2.1.3,2019-06-06 06:22:19,,
gp:AOqpTOExQPWcq-iNEX6UX8tiA-RO-6Ss8Y4cNDRlDn8d1s44wfOpEikxkAYDEoS6l0oYqc27OpPij7u5a1Q7OA,Stone Vox,https://play-lh.googleusercontent.com/-6roGfmz2JpA/AAAAAAAAAAI/AAAAAAAAAAA/AMZuucmyZorw4BoQLJNDhcb429nLs0aaAA/photo.jpg,I play for days on end. Endless fun! 🙌,5,7,2.0.9,2019-05-17 23:28:46,,
gp:AOqpTOHvS7ryzR05ltGw2GjMjaDmRBYpBK5Iqg1Qu6N4LUm6okSgabLcGj4Fs0jpbTD3f6I4HCezQuXRFpJ6GQ,Afiq Yusaini,https://play-lh.googleusercontent.com/a-/AOh14GjRUS4GEmSgoi87wfN-2rcPZHfgUDA-HDMpp09VBw,i hope hv rugby game,5,2,2.0.9,2019-05-15 02:42:32,,
gp:AOqpTOFKFqe2TN7QK_q-Bd5z1oW47HZ_mA-nfoFG5FYtoUFRCz3-Noy7oPg_lKcPTQFbAcOs84T35x4IaQl6zg,FlippinNeet Gaming,https://play-lh.googleusercontent.com/-BlcyDQzXV30/AAAAAAAAAAI/AAAAAAAAAAA/AMZuucn-MO6k4X-YSDxiYlUgDPPj7G8pcg/photo.jpg,Really good at keeping you occupied while doing nothing else of importance.,5,6,2.0.9,2019-02-11 03:21:53,,
gp:AOqpTOGjb3YJ2oeUdpvPuZLnxzc6TzVlFtM_POIY6_9JG23Yfm_nax9_s4r7DhCfMLTkbkYFMlrcJQtGxll4JQ,Mark,https://play-lh.googleusercontent.com/-F0C5KdRF4ik/AAAAAAAAAAI/AAAAAAAAHF0/AMZuucmEy8DSGU7fhJQlVAm9khKl18Wc1w/photo.jpg,I❤Kairosoft and The Many Simulation Games You Develop. Nobody Comes Close To The Many Simulation Gems Created For Android Than Kairosoft. Thank You☺,5,14,2.0.9,2018-12-31 09:42:06,,
gp:AOqpTOG8NtXcBmnI8A5qkGMltcJhCl01NbXKFiVU4pMVZRljsp55l-AdQrww-HysL2VLftsCta4jWjr7z3Meew,A Google user,https://play-lh.googleusercontent.com/EGemoI2NTXmTsBVtJqk8jxF9rh8ApRWfsIMQSt2uE4OcpQqbFu7f7NbTK05lx80nuSijCz7sc3a277R67g,Ihave bought the game......kairosoft please make more game like this.....please please please....i love it soooo muchhhh...,5,6,2.0.9,2018-12-25 12:48:03,,
gp:AOqpTOHiTclJv2w7Hxxc7N8dhBglOdSVEoqXsroNtoHAoGIFbYl_dyarhKl3gcC_0OVgk50jPr39NvalQjhdkw,Brian Fetters,https://play-lh.googleusercontent.com/-Tp4Lv-QT2p8/AAAAAAAAAAI/AAAAAAAAAAA/AMZuucl3EO5eaHPrIcBCi2MsVxKp-OjsRA/photo.jpg,BUY IT!!!!!,5,0,1.0.5,2018-12-22 20:00:19,,
gp:AOqpTOF2vxueHmMogBHPcWgrURWVbaMlkmOjNYlLfvA5BjQWPuoWX6U5rzYoXivPGH1fBtEIRDhpoALLsK9Hew,Nats Entertainment Gamer,https://play-lh.googleusercontent.com/a-/AOh14GiHGXnjVwntW1xUSstZAaMSyB08x9TRY28Zd54a,Well... when you finish it... it will be kinda boring... :p,3,1,2.0.9,2018-11-19 06:55:29,,
gp:AOqpTOGheIi9FTiuvbq1w5SGN4bi-Dd28ayHcHizoXKbtz8H8E5C4HFXSCCK3yJXqhoxt0XDs9U1ojYSwUpyfg,Redstone Warrior Plays,https://play-lh.googleusercontent.com/a-/AOh14GgxJo_SqDbc_eyb_ecA1FSKLUTmC9RN7_eAPLan,I love all your games exept this one and manga. but I will give it another chance,2,0,2.0.9,2018-11-06 05:48:09,,
gp:AOqpTOH_Nh-LdWOpudLf8q2D0bjX3A52CYLhjoWZi5ZLAeJB6gCmZ8Guv64mILgWwWhTVbjYO2xM1KqQ0eqMsQ,Eeli Laaninen,https://play-lh.googleusercontent.com/a-/AOh14GjZ4AOoBCsfMQNfsJ1f45jOZuql9ecHVJtUeIRb1w,"I played the lite version, and decided to buy the whole version. I love kairosoft's ""beasty bay"", but I like this game too. It's simple, cute, nice reference to anime and cartoons.",5,9,2.0.9,2018-10-25 13:55:58,,
gp:AOqpTOGQRlBusR3sr1Ql3Tcy0OPfXL4aFQD9v0gjTvuf8oW-qi_V6zrOyhTFFDwyk1K5fUaHVHkhDWtMhXgAog,Garry McCarthy,https://play-lh.googleusercontent.com/a-/AOh14GiqL0F5yCcluY-hhQL-VLVXAEpyt5gNjZPB1nk7,"Please make a bonsai game! I love kairosoft and I love bonsai trees, this would be awesome!",5,3,,2018-10-15 09:07:56,,
gp:AOqpTOEJgTNu5huTeeAlLxAZvjGAipimpIomkjA6_P0WZ-ADX1rxtitTZHsthPaCubbWh8ZBlV8JZq04WX5g_Q,Sunho kim,https://play-lh.googleusercontent.com/-5AiMY59pmMo/AAAAAAAAAAI/AAAAAAAAAAA/AMZuucl-KQDIEWCJdpR5JLpIC1SHnz7urQ/photo.jpg,I dont know why but every time while I'm playing the geme the screen freeze.,1,19,2.0.9,2018-09-17 22:12:47,,
gp:AOqpTOEcLSGHWR3Xvn22u8Bnne46yiQJE0hK0p9L4roeZ7Jt0Hjq5lHexmyNXc4A0XMyAYWGDDusS-y3hbEM-g,s s,https://play-lh.googleusercontent.com/a-/AOh14GhepNL8LwluoTNuoJBUWBrVbefA5fw56ub6XiIkPA,"I like most Kairosoft games but where is the option to add facilities 
(breakroom, job lab, etc.) Reached 10 years in-game and haven't unlocked it 
yet???",4,3,2.0.9,2018-07-25 23:33:59,,
gp:AOqpTOEO0-q7vTdqsRa4P1uUHpDws3VuRDiuS86ur9JZIBD6cfFToPmgx-80JdufYdtp1BSPLK4-9oLOpMIN5w,H4n Mil,https://play-lh.googleusercontent.com/-bNkOU6DghX0/AAAAAAAAAAI/AAAAAAAAAAA/AMZuucnREOAhHRhTecI7TOEpUo-kWX2Zzg/photo.jpg,"HELP! Game crashes randomly every few minutes making it unusable.. on 
android 8.0 huawei mate 10",2,0,2.0.9,2018-07-24 22:25:28,,
gp:AOqpTOGixuYcJ3JLFtp1kqFR1vjKkZS0fBEIS3twp82GTUO1C5cIbaiUkgw_1VmEiFodnkqAZG4l5xmT1AmDGQ,Michael Lawrence,https://play-lh.googleusercontent.com/a-/AOh14Ghq4v7qYewwDmiBzJ8CmFiZEXWEhSjR-w18FX0TCA,Another brilliant Tycoon game. Really fun to create your own characters!,5,1,2.0.9,2018-07-22 14:54:41,,
gp:AOqpTOH4sPbLzaq8H3aJ3rE_JpJ7XT-pUXEXDEvsJF7Tx_Pf4mJWA_XcWpXC_JBDZ8KvWRrtnO9IYKHGfqxyvg,TallFox Nation,https://play-lh.googleusercontent.com/a-/AOh14GgHFaCteKMOvUg7nXaLynq9gafKjx9pKGeXy3j4eQ,"It's quite a fun management game, it has good pixel graphics, easy to 
understand interface a good selection of genres(wish it had more) and 
crashes rarely. definitely a buy if your looking for a time killer.",4,1,2.0.9,2018-06-06 09:00:21,,
gp:AOqpTOFFkcMXVPMqaRupo6B2uQeD63NlRnNtEtm9UlNzYwn6vNpo8dfuW6vL1OT3WrP0FeckWQMwzvYO3V_82w,Dustin DeMarre,https://play-lh.googleusercontent.com/a-/AOh14GgN2PazYTwXKh5CcbbXZFbpiNxwwyZlGjjPbdgxOw,"Wasn't quite as exciting as game dev story, but still held my attention for 
6+ hours. I really enjoy the games Kairosoft puts out that don't feature 
the property management side as much- managing the teams, people, and 
themes is much more fun.",5,12,2.0.9,2018-05-19 19:47:44,,
gp:AOqpTOGab2vg13-yOYju-w2sG_Z-7hrBOI1gpts1da460SD8-BSNKOnoPFBeUK6wzFNmV4xmHwtiwxTkQEw3pw,Jessica S,https://play-lh.googleusercontent.com/a-/AOh14GiBi6vMbReR_nfU3iMDLnS-HzgbgGcvrV0Un2fEZg,It's a simple but fun game. I play it on and off and enjoy every time. One of my tops for theirs.,5,0,,2018-03-29 04:59:20,,
gp:AOqpTOEpugc8w_Qe0ou3qLxGXjXPQwsk99jYi3P29YvaOC016Dckp6QFr-KK7IRVnGo7LYXz42aFFn3uqLWKvQ,Patrick Mikha,https://play-lh.googleusercontent.com/a-/AOh14Gg4wYCWvMEHYq7nasGCw9McJ_bvksLUpyvmfVOKo1s,"This is a Kairosoft game. Soooooo, basically A+, it nails it on the head with having fun with something, of course a lot of the ease shown is unrealistic but it's fun pretend like you run an anime company and the gameplay makes it fun as well. Your anime didn't do well? Pick a better theme combination, a better network, a different writer. You anime didn't turn out good? Hire better employees, boost an anime by allowing works to add extra details. Its simplistic just can easily sink you into it for hours at a time, Great game.",5,18,2.0.9,2018-03-25 00:50:34,,
gp:AOqpTOEMp-ZcdZD-EbSH3fflrDsA_DNurcr3opNewNk8ouKwKBQJiLVqW20wDNC05Yu9c6tu5l_8-cNVY3PnMQ,Skyla Lewis,https://play-lh.googleusercontent.com/--XJEH_uJgEs/AAAAAAAAAAI/AAAAAAAAAAA/AMZuucnKtQRzSm8sPOjKhKFUSg0xiIINPw/photo.jpg,I would like my refund instead of being ignored.,1,2,2.0.9,2018-03-22 12:30:30,,
gp:AOqpTOFX5QJ0wllX3Hc7iHdb7QOYSLD9uGT1t-U4XUQMG_rSHRdE63QQz9wXGFN4I11tyNOLQ-6E6G4eRLtweg,Inari,https://play-lh.googleusercontent.com/a-/AOh14GjPZ9k6s6IVmuuKz2Ix1t93kz73VktAHO-TpX_Vug,One of the best apps on here hands down,5,1,2.0.9,2017-12-21 08:07:28,,
gp:AOqpTOFOBhCqPTN4gdm53aa9AlN8t8EfJH1p6KIeVepVMyjkce3eQwdefbGWivzgdLT4C57iUm_D_Yp7wOs13w,Silas John,https://play-lh.googleusercontent.com/a-/AOh14GhINF5ixX0eSLxFr61Beuna6StGWxl8IplOPlXleA,All of my Kairosoft games suddenly freeze after a few seconds of game play. I have a Samsung S8 Active.,2,10,2.0.9,2017-12-01 13:59:48,,
gp:AOqpTOFwiMp0vTfRDMjBRy7QlQhVqZ5HYOODia1g61YSKggngaO55N_sNdapmURvcY7syG3fa139FOdhAz4YtA,Wirama,https://play-lh.googleusercontent.com/a-/AOh14GjYNJtmAcAfKTT1VXmR8b1hsdKlUvPgJSV7u9RBag,When you are bored. When there's no Wi-Fi. This game is for you. Still exciting but getting too repetitive once you become big company.,3,9,2.0.9,2017-10-05 20:10:41,,
gp:AOqpTOFvn_TLhLJrU5Xn5skGFHteEiRt3hVjnQk_WvI9iEu7okPJ96TMjf3ciRkOdelrWT2NBZB0NPtGBzIHLQ,batmangamer FC,https://play-lh.googleusercontent.com/a-/AOh14GgmUUvE1CAHsoZ4d74BmnhlljeB2SHsDMMSaVT0eg,Amazing,5,1,2.0.9,2017-08-11 02:34:44,,
gp:AOqpTOExvOlhjm4C59dBXq_HU8FGC-89Uv5js3ryD4-3CcZ_5E-3f1YeRMQwYc_ZMEojRZxEoGB3tfT3902ivA,MadAdam81 #EpicPartner,https://play-lh.googleusercontent.com/a-/AOh14Gh_9pA3P9w03OGfdH9zOVXbb3rWLSHkWUBeYq9ECQ,Best TV/movie Simulator there is.,5,6,2.0.9,2017-07-30 22:37:01,,
gp:AOqpTOF-os1iREjrEvElZZI6HA5-DIdezAfx8Ey_vKGDdjemry5fHDuh3pNmZ_ITOQWOviHAq66k6F1qEHqeBA,Emily G,https://play-lh.googleusercontent.com/a-/AOh14Gjsw4IvMDyap06TKD2xcyAUfk7AbZO2Xi18fr2I,"I really love it! but sometimes it lags a bit, other than that I absolutly love this game!",5,2,2.0.9,2017-07-30 15:28:23,,
gp:AOqpTOEQDOJmcN-x6qBCKl_EOuoWyiQjW19kZ5sJOp4nkvzmV-QhWuRP866pIyySvMZJu23wzix8HlZafO_vGA,Wolf Andrew,https://play-lh.googleusercontent.com/a-/AOh14GjjmBqURKYPK0iRFUpXutGiHh0cw8J0CnlJQnej,The game is awesome but I got 100 and.still lost the awards to some random jack face,4,4,2.0.9,2017-06-08 22:38:38,,
gp:AOqpTOGXTLaAzQT-4jk26FUkvnkTNUa1grNpYHC5TQMxSa_CqcgWCOebluJtRJrRLBuLREdvMKh8NKaiUQ1KOw,Gilang Lontaan,https://play-lh.googleusercontent.com/a-/AOh14Gj2aEGGEif-ZVRUMt7_PZ3-oTvUS8H5OrfQxKhF,Best,5,1,2.0.9,2017-05-24 22:05:53,,
gp:AOqpTOHu2DaHv-mOvqMoW1sFlqOcK-ZKFAHCdUTGZHuxEANY0Fq04l-6bb1tWPswROgVWZdrXRB5KEYLViY1XQ,A Google user,https://play-lh.googleusercontent.com/EGemoI2NTXmTsBVtJqk8jxF9rh8ApRWfsIMQSt2uE4OcpQqbFu7f7NbTK05lx80nuSijCz7sc3a277R67g,Good game but not worth the money,1,2,2.0.9,2017-04-08 11:59:17,,
gp:AOqpTOHhTmLN4bLolS_TpPfz9QgOcr2zJJ1JXhSqY2222awzqndQf-vh91IRA_1qVCyPjMGGf2EjGDsrjBYYWg,Sean K.,https://play-lh.googleusercontent.com/a-/AOh14GjVLyTdn1LQzBY0yaOHfid2V1XH6Ll9st8DA0VNZw,Make more games like this,5,2,2.0.9,2017-02-23 16:38:20,,
gp:AOqpTOH9VOAgdJ6aIDqD1tKu15oumMgYw4ZvU38FvG3z9viUSinaB1kwCiHjUoeQTrsj6fRFp5rl1tPFw-qKWw,Antoine B,https://play-lh.googleusercontent.com/-gZc3UKMNj8k/AAAAAAAAAAI/AAAAAAAAAAA/AMZuuckwm5X0D3x7owJvvch_NvqIr2gI_A/photo.jpg,One of the greatest games by Kairosoft,5,3,2.0.9,2017-02-13 08:00:34,,
gp:AOqpTOHbiNaYCYH7H6Lo5vTHexDkYiAlE26sty4ZwKHg8siUS2H1_dTkrkkV6iT_42zixZOtyb9Ua9kSQW7Pqg,Leafs Green,https://play-lh.googleusercontent.com/a-/AOh14GgDwB5OU91GqhjrL53zxIwNnMCWDvvdsTHGraUN1g,"It was a little too short of a game, you could beat the game around 1-3 days I don't think the game is worth that much money, I suggest that the game lowered the price.",3,18,2.0.9,2017-02-08 20:31:05,,
gp:AOqpTOENAE_V9Uk4ujLeZfwnyXi0t_Gxa9onbToJH7zSOOevFrCMzS_a64JuwSnmUVbc-3-0Hy7qzyPUKjquCg,William Westfall,https://play-lh.googleusercontent.com/a-/AOh14Gi92PGs3BXDC_nLUcX67Jg6ULh4gdaqYHWxITr-,This game is amazing once you get the hang of it and I discovered this gem though lost pause on youtube,5,55,2.0.9,2016-12-22 21:28:50,,
gp:AOqpTOE-JKWQHVZoQCpGunG66fpzJlqKUj8aYcKWlGshcDfxYm7r4ccOqmzMJkyYhbj9r5wF60KE7qS5dB9Q2w,Scott Malensek,https://play-lh.googleusercontent.com/-jyTaRPFTtBo/AAAAAAAAAAI/AAAAAAAAAAA/AMZuuclzGz-CpvNtRN0LyaOdvD4LQUlTNg/photo.jpg,i loved your game dev app this is set up a little differently but really fun,5,29,2.0.9,2016-11-29 16:25:39,,
gp:AOqpTOGtfjMb0IqYL0RQfsz7BhXmuG-h3M92NxwQAqvoqilv0hNbK5ZduO2WwCBZ-6PLLzbxwdIPUuV6lYmpeA,Kenny True,https://play-lh.googleusercontent.com/-aQ-8HMTQ9OI/AAAAAAAAAAI/AAAAAAAAAAA/AMZuucm0GQhrlOSaCC5ypL7-emd6YKtvPw/photo.jpg,Love it the first of many kairsoft games,5,10,2.0.9,2016-11-13 17:53:28,,
gp:AOqpTOG-ikfr7Z2__Ja-nV2nmDrgJFWgzDSlOf6ce2KclfIV_2MFWYVkEs5wQqAkPqOJicUmMs_9fjRv8CWDfw,Fabio Lisco,https://play-lh.googleusercontent.com/-sWjNh3NLVF4/AAAAAAAAAAI/AAAAAAAAAAA/AMZuuclNR1b1sv8ht8QR2mAji_fTGP10xw/photo.jpg,"At first it's interesting but, after a short while, it becomes boring and repetitive...",3,3,2.0.8,2016-10-30 14:47:27,,
gp:AOqpTOE2JaHhmNtCi710uPdEAlyOx4A3xPn_vWbnEnYB6eeMqz698XmnkGNy4uBYThHVZEhXR5h2D-L9CuBJ5g,Brian Whiting,https://play-lh.googleusercontent.com/a-/AOh14GjA28EOi8z_jHHc-Hp0wH--qROgZsvXhh-HendyIEs,I am constantly having issues with it freezing up on me in mid play. I have restarted my phone to see if that fixes it but it has not worked at all. Do you have any fix around it?,2,2,2.0.8,2016-10-16 12:17:01,,
gp:AOqpTOHMIFAGsfsGkgxdJbaefZqxa1oaGRES2vvAcGgxPGeeJj4A3lQS5mazlNFmvW58ytFwfmDrsWcvBuuRvA,Danial Salza,https://play-lh.googleusercontent.com/a-/AOh14Gj90KE-98RSdFOgGTPA2F3XRgXA61mTRwCOLs5M,Yup..i just bought the game.,5,9,2.0.8,2016-09-15 22:23:25,,
gp:AOqpTOF7vT1UOrF3VW2RDSvWwRGlWzeMH0cuUWzyBmADybhIgiY2l4kvR4m9svybEUme7P9uGNBXZlKT_kwJuw,Belsameth Taken,https://play-lh.googleusercontent.com/a-/AOh14Gi-xk5adR8c1XssFBo22JqcIKNzMgt8r2qMpf3C,All the time. Sadly played it after my refund period was expired. Don't buy!,1,3,2.0.5,2016-09-03 13:42:36,,
gp:AOqpTOGDWNcUqG_IB2oaHOOOf8W-ufQ7EF7nfmpNPRt_s__rgXNWrckIQd7HQMSXBUMUSyZ21Yz9UM_OHQR_8A,Phish Market,https://play-lh.googleusercontent.com/a-/AOh14Ghvg08uCqGWQ9kfS7LdQoWSNyRFZR0izX_fvvA3Gw,keeps freezing want money back,1,0,,2016-09-03 00:15:44,,
gp:AOqpTOEiOyzECU-5SdFxQWFaZqwtkjxoKorLGjCke4anYzVTUr0y5yTjZNYNMzx43dK6XTX1KN8qSPI7ii5MwA,Yazuko,https://play-lh.googleusercontent.com/a-/AOh14GjZM_SuPAVMSVfX6OH8QIV6K4vYEiu4hMo1lodb,It was a great little time waster while I was traveling.,5,3,2.0.5,2016-09-02 05:30:53,,
gp:AOqpTOEOfL705oVsLbXra54dN74X27gY5smomsXhR-YanbYQQyf9TGG8jgiovF1jOcyOZksdSaLTYaJPR4oMlg,oneofakind121,https://play-lh.googleusercontent.com/-xQdXCzeaDRI/AAAAAAAAAAI/AAAAAAAAACc/AMZuuck-XU5aWDwfQoqNZqg1yLpd5O7VyQ/photo.jpg,"It was fun before year 20. After that everything i did was in the Hall Of Fame, won many awards, i.e the grand prizes. Repeat.",3,3,2.0.4,2016-08-25 20:17:09,,
gp:AOqpTOGpuld5HjWAU75xAso9xUP3lKnU_H5TkzXx86w-TfhKJWHxP0Va1YKqas3az94Ll3iaS27b9D-T5aRKGQ,Kyle Kyle,https://play-lh.googleusercontent.com/-BeGxy0wLpVw/AAAAAAAAAAI/AAAAAAAAAAA/AMZuucktSDKCM5GM7yW6zq4jEU9Q3tgCMQ/photo.jpg,It doesnt really offer anything new or exciting once you get to a certain level. The replay value is lacking.,3,5,2.0.4,2016-08-21 12:08:48,,
gp:AOqpTOFbTl8p_xmXE0kdXaGsoU669_Sj58vaC2olL57XCnLvShQ5K2CtRdyZx-aePsm2Rb7RUE4w0hgdSg3Unw,Quan Harris-Holley,https://play-lh.googleusercontent.com/a-/AOh14Gisa2JROarPJoWwYgycpiish-k4wj6wY99LEyffNA,Wont give refund,1,0,,2016-08-12 08:21:25,,
gp:AOqpTOFp5upgfAWtMyI5TTKWzFUopqnyy1uHwAbW9ssDpALg7RK7Vk_TZRjHwp_J3zPQ8_xCX6O5EOMIf55YOg,Jonathan Williams,https://play-lh.googleusercontent.com/a-/AOh14GinC6LdAUQPaZ0TN4RIXRsdqtJfgI_zmt6WhSFR,This game is awesome. I hope the cartoonist one comes out in english otherwise I'll just have to wait until I've learn't Japanese,5,9,2.0.4,2016-08-04 10:52:15,,
gp:AOqpTOH9vXxC5g8bAXaTmjmlUhR3AqxeUq-m9tPxTXtTbACeHHsTcMUhdgcpduoabJcrKgU28sSozlfm0UZsWQ,Rob5 Porter,https://play-lh.googleusercontent.com/-bdzWOssUOTA/AAAAAAAAAAI/AAAAAAAAAAA/AMZuucmghvK7_K6jzP08aOfYU9nLD5aMXA/photo.jpg,good game. simple but also challenging.,5,4,2.0.4,2016-07-17 06:25:00,,
gp:AOqpTOEoainOSGRQ_KbIjcJYL4ZXtqascGcwM2rcdH8iGvZ1xAAn6XKI4E9iCGXXKSwbuSLDjtihoRbd6vrxdg,Chris Dickson,https://play-lh.googleusercontent.com/-gybWfkB24B8/AAAAAAAAAAI/AAAAAAAAAAA/AMZuucmPUNI_6Ik_3ksw8l3tQTtlz903Kw/photo.jpg,Bug fixed.,5,6,2.0.4,2016-07-13 17:54:44,,
gp:AOqpTOE5wFDxA9YC6cf0dH_gKF6fqWtiXDrqWWfgHJYWqxyqyNjWvqx00QERJdUfnckM9SwJxeAFqYfZrbMDOg,Vin Vin,https://play-lh.googleusercontent.com/a-/AOh14Gjd7eKVn7dQyTNgWHjaAQDPS4Q-urOvM3dLqyEC4g,Fixed bug! Good support!,5,15,2.0.4,2016-07-12 07:55:37,,
gp:AOqpTOE14TILmmAScmkcEVmHup47GmPbdlk9YAk1BBDCyLfulJFsoj4dTJrxebEFtw_XnysFMSmAiOp05MVEuQ,A Cat,https://play-lh.googleusercontent.com/a-/AOh14GjVmFhVUZaaJrtcNz-05lSU0uppY1wgiz4UAMxr,"Hello, this game was great and fun but as with all your games, are annoyingly repetitive. It is fun for a while but tends to get annoying once you reach a higher level. So can i please have a refund?",3,0,,2016-07-06 03:33:41,,
gp:AOqpTOHLpjIR9ggtBgenj_s854nwxWOTMOLEhc49tp7fvu_HCdlN5MUy1SpWwMd_RiRLQZohTYct9m945kQM9A,Robin Gatten,https://play-lh.googleusercontent.com/-3qZlr7QK7pk/AAAAAAAAAAI/AAAAAAAAAAA/AMZuucmgsl3QJ5Im8fCCsUXNRPK4CmAyCw/photo.jpg,I can not see half of my people,1,1,2.0.3,2016-07-03 19:05:21,,
gp:AOqpTOE46WTFYupj3TzT8gx1MGry0K6RMwSd3iNW7dn2KetMuzzGJVPp7L7LLyaUwMrGhIsV0qT_o-ztCjJxKA,Angel Yang,https://play-lh.googleusercontent.com/a-/AOh14Gi_kVidDDLtlY-KqrPivgFK7bQvkyA85wHhXR-xlA,It gets boring once you play it over and over and it makes no sense sometimes. It's okay though..,3,0,1.0.6,2016-06-13 08:37:22,,
gp:AOqpTOFNyk6Diat5Md6v4NancEk9TxXTNOZtbq8lUh12Jg4rIoWkP7Q1dxsxapNYiIo1mTEAXBhW6j71M5c3sA,Roger Finch,https://play-lh.googleusercontent.com/a-/AOh14Gj3bU_7U7oCOU1gW6hH3CWX-o7phI_s9Gh00OaPAw,1.Create character is lazily done while you can pick the skins their stats are randomly generated. 2. There's no option to research the television markets and you can't find out what themes they like/dislike until AFTER you complete development on the channel.(e.g. waste time creating a school themed anime only to lose audience because they don't like school theme) This is a more bare bones version of Game Dev Story I recommend getting that instead of this one for the price,3,17,2.0.3,2016-05-29 10:57:05,,
gp:AOqpTOFxu0p0bFjELCdtXtV6OFfGvGU9VWkIWwdG3tFdTt3_CmTsoRh2tT2xT9QibV632Y_mHVawRA_pVZqjeQ,Lincoln Smith,https://play-lh.googleusercontent.com/a-/AOh14GjKkOEMON4HjFJhndQYUvd9kx4NPa2Jas3z1EvSuw,One you buy it you cannot get a refund,1,3,2.0.3,2016-05-23 04:48:14,,
gp:AOqpTOE2iBdaRPn6lxSPxZivr_fN_ABeWuiO96ZxVApbLtiP-Ew-9hhsU9Qm8vAD20QRuUZXC8BJzGv2RWRn2w,Matthew Smith,https://play-lh.googleusercontent.com/-yFYKJB-WAjQ/AAAAAAAAAAI/AAAAAAAAAAA/AMZuucl7RKfBm1Dp5jx5HjwPWWrsJC-AJg/photo.jpg,Absolutely amazing,5,2,2.0.3,2016-05-19 00:12:41,,
gp:AOqpTOGPxoNtahWBJloWvQq4WUyr6CweFnBC-m5xrjPFAeEorpDmieF2PlA_r9urE1i6sDguHWl0Vn9bnKDUiw,Alanna Shand,https://play-lh.googleusercontent.com/a-/AOh14GjwVThmy35hlsD-HseGS3H50wVXoJwNg2SzrnNg,"* No In-app Purchases * thats a huge plus, no waiting around, no paying to win! The game is easy to get hooked on, i end up playing for ages. It's interactive enough without needing to play constantly for upkeep, can close and reopen to where you were up to before. The little touches such as employees moving about, awards night etc, are a nice touch. There's a fair amount of replay ability. My only suggestions would be to have a slightly more indepth introduction so that players get the general idea of what things are or how they work a bit easier. Awesome game :D - back to my studio!",5,40,2.0.3,2016-04-28 22:48:35,,
gp:AOqpTOFYcJ5elwa0VSbbh8yTcT5tdFJTi3Hntp2bPWK1d19zw8-6KH6Z44fN1htD1_xiaLB1GHICvB8JQ0PCTQ,Joey Duarte,https://play-lh.googleusercontent.com/a-/AOh14Gh4p-g-1a8rjFwiOzJX7_H043PaVAUyTydsPU30mg,Love this game. The only problem is I play for hours.,4,17,2.0.3,2016-04-28 14:31:50,,
gp:AOqpTOGCkuZsmH3vdnmZYRWXD_WoJ6grRNmF4benTWZjFyXB4qlSeAU71feWEur25GZrHMEKGxfmLNB-3tpeVg,Michael Batton,https://play-lh.googleusercontent.com/-HQe9u3J2Wa0/AAAAAAAAAAI/AAAAAAAAAAA/AMZuucl4ftLSyEvska3tqDcLCwkrbj-AzA/photo.jpg,Always good games from this company!,5,14,2.0.3,2016-04-25 21:42:46,,
gp:AOqpTOHsuFKMFtP5U354DinPwd8H2KbiuPfoNP_gb1QQymXJ20GRbG3GUqprlNsZLlUeW8NvhaMmF5_TY9t3JA,Ted Laser,https://play-lh.googleusercontent.com/a-/AOh14GhBclhbre5sFEIgyHCk0KwGG6-cVtvNP9WLb34s,Now works great on the LG G4,5,4,2.0.3,2016-04-20 16:09:46,,
gp:AOqpTOEkzody4Ipej97UuAxLD80Q1iSwp9ZwYzt6pCIO5jO6x0eskFNgPLPr0x2aeDzUXCQy0saPk4fE2jJ1WA,Yuji Yana,https://play-lh.googleusercontent.com/a-/AOh14GhBTKl4E6O9M7XO0A4AD3WnM3Lu_hVhSsRydqhZAw,I love all game of kairosoft very because is easy to play and i like graphic,5,0,2.0.1,2016-04-20 07:21:59,,
gp:AOqpTOFdHyeGFC3O9kdigf6_kK969kCZoVJvYAMr3vBFOCwtzY6qY6HVK1ElKa4JgKO3s8Tnhh9SX-pkMuPHtQ,Panisha J,https://play-lh.googleusercontent.com/a-/AOh14GinoV1_2uV7nIN3ETLrMUxfCDBT7QoY4xmJVu5Agg,I love Kairosoft!,5,0,2.0.1,2016-04-11 08:33:10,,
gp:AOqpTOEP0sX_zTInHd4h61KOrkToEo43kwUosfpx1nQnclWGJ8BJdHlvxYhzkxjvLwxnO0H1R78kOyvRQyjf-g,nvk3435,https://play-lh.googleusercontent.com/a-/AOh14GgR5FhwEYV92BA5_5djXO43Hi1ySp6rDe_aY3U_5w,Do I need to elaborate?,5,0,,2016-04-06 10:11:10,,
gp:AOqpTOGoWm4JzGV3tqteL78V7hxQ0Q-Jj280d8mzJ32MrJ094RXydS-wp-SfF8j9Vaw1h6E0F_OsV0OlVbyMeQ,Winson Jim,https://play-lh.googleusercontent.com/a-/AOh14Gh4JK_8_x6y8lM8A2W4CmOAdHrEPBcviSogb83iRg,Refund please!!!,2,1,2.0.1,2016-04-06 02:33:34,,
gp:AOqpTOEfmbDHmmyIzPiZIiMmp8FJWORihKjuAm-F0yLaoeIiw03K9t0usDYC_F6I25l-9Jd7XpMUi-PcG0HnpQ,Dom,https://play-lh.googleusercontent.com/-NDXWWX5v-TQ/AAAAAAAAAAI/AAAAAAAAAAA/AMZuuck1g80xCnwD4Yzd97xREX34bZ2LLQ/photo.jpg,Why this game cannot refund within the usual two hrs timeline??,1,0,,2016-04-05 19:51:35,,
gp:AOqpTOHHX1eop7U1qrUzOV2HyIuMKNn-JWHfGMEQT8PBU6SLZZOFJd4grRzOi-ceG-OpKTrvXXg4x0vXcNzkDg,Erin Haines,https://play-lh.googleusercontent.com/a-/AOh14GiX3-kTcg9zp1qd_C5-PoM9I3KjFDyzVGE7QPXk,I played the lite version first and ended up buying it :),5,0,2.0.1,2016-04-05 10:46:38,,
gp:AOqpTOFfgJHLXg_8m_RCtDUtG2XBvDREZgyBUCRH0Tf9zAedaOv3XFdPTeUUkQugP93iWM8Ytt2bBqEmfRz7pw,Sean Adams,https://play-lh.googleusercontent.com/-8DFYp5qMLlc/AAAAAAAAAAI/AAAAAAAAAAA/AMZuuckUKk2QZyucVIgJ20oDhEXmH18Jkg/photo.jpg,It's a literal reskin of their other games.,1,2,2.0.1,2016-04-03 13:59:34,,
gp:AOqpTOGMwUFDa5LLb9pzaCffUUYTwP1--FMM6_nESkSuzHqF_S88WXr0RS7npVSWiIlaFZJn5jwGEu6dh3iivQ,Dylan Hunt,https://play-lh.googleusercontent.com/a-/AOh14Gg8hLa2U12v5Hxlyl4LqYQkjSByQf9modq_ra5Npw,"I love all the kairosoft games, and this one was no exception. It is a great, fun, and entertaining game",4,0,1.0.6,2016-03-29 16:03:09,,
gp:AOqpTOHFTU_aT4HYbLIAtIyZZQYDtdO_XVEOOzVpTK40oaKQwanWHn6KRiDrsO2iIsKM-0W7_2P6W9PovsB9yw,wayne kennedy,https://play-lh.googleusercontent.com/a-/AOh14Gj6YvyeeA9zBSmDQcaLal0PvG6DUqvQlnwyHzfPSw,Wasted my money on it and it doesn't even play.. no response from the designers and no updates to fix the problems. DO NOT BUY don't make the mistake I did with wasting my money on this game..game dev story actually works and is fun to play so I don't understand this game being so broken,1,2,2.0.1,2016-03-28 09:21:34,,
gp:AOqpTOEG2AgxJppJ23AZcZYEPQq3sbanKd_kqFCov3uk_5fqtv56pT7eWHi-UZ0NH-EntrwqC3vavAp7tDZk-A,Kelei Ntsoe,https://play-lh.googleusercontent.com/-U4px2q3fI18/AAAAAAAAAAI/AAAAAAAAAAA/AMZuucns3wvXlM51PKjfUwKLkD1RdSEH1w/photo.jpg,"I downloaded the game accidentally, and exactly 2 minutes later I came back to Play Store for a refund. I was stund to see that I couldn't get a refund and could only uninstall. I am extremely unpleased and would like to be contacted immediately about my refund.",1,25,2.0.1,2016-03-25 03:18:50,,
gp:AOqpTOGGvZ-nGCfJzv-syaMXVNHjkDOyg2MauYgGjRcpo5_e8Wr5m49sLSjJUwYcgrWsZnSeY56bwT9i21JIcQ,Attila Nagy,https://play-lh.googleusercontent.com/-5A_FzVobuIM/AAAAAAAAAAI/AAAAAAAAAAA/AMZuuckfWQJ9oDOM3pAbo0nK3hbzizsYLw/photo.jpg,"I have purchased a few games from Kairosoft and loved them all. This one won't download. Fix it and I'll give you 5 stars. Update: great customer service, I've got a reply from the dev team with detailed instructions! 5 stars granted ;)",5,2,2.0.1,2016-03-24 18:49:37,,
gp:AOqpTOGfmQ8oPu2OF5ELH4_RHqQpDQqbOJa15nuZNBKcoMTjt_UB9OB-ViH6MTtxbdOIZL2jHJ5Y3bJDHFOG5g,Garrett Valdivia,https://play-lh.googleusercontent.com/a-/AOh14GgVaBg28Dhmm_EOCkLrfEdBSSukB5a33LFWtdmVyHs,"And honestly, it's pretty fun. If you love resource management games and cute graphics, this is an instant winner. Got well my money's worth!",5,1,2.0.1,2016-03-22 14:11:07,,
gp:AOqpTOFixMZqgUe_vEnWslBIs5-0ERMrxCv6WIF-T6lnx7l3RBfka4UyKQJxL78YsQl4-6D8mFtRYRGAEbr49w,Paris Dijon,https://play-lh.googleusercontent.com/a-/AOh14Ghw2vnGTc3TM_qMIt09KMbHdfwdSq-Mq8YwR-JL7A,"When I played thru the game, making combos and characters and working on stats was pretty rewarding bcuz coming closer and closer to the ultimate prize was a great drive and motivation. Finally reaching it however is very...anticlimactic.",3,0,,2016-03-21 20:46:40,,
gp:AOqpTOFQiRduvj00r6uZb50fvroqJlb0TKqq1yvFCHmVzgvXPLPtrVrvC823Y6lVTbcLN4-D3OXt3tU8w3leGg,It's me,https://play-lh.googleusercontent.com/-kj5LIFwHNdk/AAAAAAAAAAI/AAAAAAAAAAA/AMZuucl6ChpLD6RepnI-iLiJ8A-tJe0udA/photo.jpg,Hard to play because the music is so terrible and half the time I'm just waiting for something to finish. So glad I got a refund.,2,1,,2016-03-15 04:36:04,,
gp:AOqpTOFMvJ9iXiZ2OXtJJKzjb0HXReJ6flfOrin_nRJffDyTpiGh6I9R2hluO97uLuFzywB_dQfIq0dU1CzwLw,Steph South,https://play-lh.googleusercontent.com/a-/AOh14GgX5Fo62Cu3OXMvM4F0wbud7XO9twwJ-RDa58Pl,"Feel like this included less content for the same price as kairosofts two older, extremely similar games. Still good, just not as good.",3,2,2.0.1,2016-03-14 16:52:50,,
gp:AOqpTOE2oJsBDJHdaGphNPaCGooYudIMU1UgQACcNExSDRqBpET-O_tIgts-ZdXVPYUUj3KJJBEpRvTvKq3eOw,Pija Giandra,https://play-lh.googleusercontent.com/a-/AOh14GjFEl6H-o_Z5tPbLEsd3CH7c2T5fhd0xDAmu9g,give me back my money!!!,1,0,,2016-02-25 01:32:36,,
gp:AOqpTOE37Fizw-eNLSKdk4-nSugGSDaQQx40iic1nOX3dtG9l77GMflz-flnCQBs9MaY09ycUCQK64FrrkX-Hw,Space,https://play-lh.googleusercontent.com/a-/AOh14GibFs6e0s1NBgR43t0eyQFYs43-bKSNnxPuCXLL,This is the best game ever it is like you have 2 jobs exept you don't get payed for this one,5,2,2.0.1,2016-02-24 09:18:58,,
gp:AOqpTOEm70HTk5QIVYXGnzJwKvFpCl7QwSSsnRCzfKLJqP7L4KyiHGnzkQGQjcAGhHrjzyWspDJk0oy_E5mSIA,James Siggins,https://play-lh.googleusercontent.com/a-/AOh14Gi0KA8gXoWQOku8_xXlhyFx7W16U8CPZii3YaQHxQU,"Thus game and others had serious lag issues. The game itself was great, but it ran so slowly. After todays update it now runs at normal speed so I can actually play it properly. Thank you.",5,9,2.0.1,2016-02-16 14:40:07,,
gp:AOqpTOFhcqLAnohbgTL5cxlArdtvZEQIv18fEPThiS0frkqufSZS83543AcIg2mJEUuzDWTwSmPyY8WDqBh4FQ,Kallum Weyman,https://play-lh.googleusercontent.com/a-/AOh14GgoUikGAy-76nfZGjRlfLvJmvDn54thVdi1U4r-Zw,"I like most the kariosoft games,  Game Dev Story being one I put many hours in. This could be seen a reskin of that game. I kind of agree but it has changed things which make it unique however I don't find it as deep as other Kariosoft titles.",4,4,2.0.1,2016-02-15 02:59:26,,
gp:AOqpTOGuN8uY5ymQL2wh25-Nh72622XFIfC9lIwtGcbS9qQ1mBM-grWNv8RntkjcyXern5PKBfNp0N4suO__Fg,Sam Kello,https://play-lh.googleusercontent.com/-CSceInt1RCM/AAAAAAAAAAI/AAAAAAAAAAA/AMZuucmsN0lyQG2OxL_nCQLsn5FFkIoglQ/photo.jpg,I'm really enjoying this game. However i want to report two minor bugs. 1) When removing rented facilities they still show despite getting a notification they have been removed.  2) Action bubbles disappear from some of staff sometimes. They still contribute but it doesn't show what. I noticed it only happens to the staff of the right hand side desks.,4,28,2.0.1,2016-02-13 01:25:19,,
gp:AOqpTOH4QWiWVAm2q6AhNzCqDoiAErBu7X-VZIQeLFaHxIRAeNDmkIqSxb6HMs7M3fo2JyU7QjjYHOebXiGHzQ,Chase P,https://play-lh.googleusercontent.com/a-/AOh14GizmTt49wgT7N_pqhS7cmIYgmnexPBw1G3GD-3_DQ,"So first I need to say that this was a 4 star review.  What changed?  I can hear you ask, well Kairosoft had a reputation in my book for just making games, that's it.  They weren't scraping data or monitoring any activity, that all changed with the latest update.  The game turned into a naked data grab and I was very disappointed to see that happen.  They got minus one star for every new permission they wanted to add.",1,2,1.0.6,2016-02-06 17:17:48,,
gp:AOqpTOHFlIQlVkLXWpL91NgbIgnR1UQ-ZGkX84Kdk3-kIs6RMAwcnZd1Xxc5xEg0zMEQPFnFxj1gifSagxwKfw,Sunny D' Fox,https://play-lh.googleusercontent.com/a-/AOh14Gj_CfPCI4O2tkyhOedmGKx_3yxMIoutPPB4UA6xPg,Pls I can't play this Offline ?? I paid for this ....no Response at all From Kairosoft !😐,2,10,,2016-02-04 05:24:10,,
gp:AOqpTOFrqxjR8_ZjSCRPVIWKoEH4pnnfTPDTkJ8h4L0ArPrxTTp1WKRVxs8uVvKimeicmz3aWk11CSaq2OYvlA,Julien Dicaire,https://play-lh.googleusercontent.com/a-/AOh14GhyOgTkp34smnK_He-AbY-qkQ-7Cegktp5TXDJDJA,"Fun, but not very different from other kairo games",4,3,2.0.1,2016-02-02 04:04:51,,
gp:AOqpTOGshLi1vJajocEvhKr8T_TsTKHXN7SCUGY6nssINuSM8_xts_P2SbLpGBWLpZjFOc5jsW49IdNc9nKsJQ,J Tom,https://play-lh.googleusercontent.com/a-/AOh14GgNO3ysFg_LQpCm_Ez0mTdW3zOHiit0BQQ3ONuK,Runs smoothly on LG G3  Game is a little shallower than other games released by Kairosoft; imagine Game Dev Story but a lazier version of it.  Designing characters is fun and I enjoy anime but it is not a 5 star game,4,0,2.0.1,2016-01-31 23:07:35,,
gp:AOqpTOGZkzP_GVFjH6JGil6orjRlE-COvVhoWuNCLJZgSOcnh2MWJLf_XZ-2KgpNiab71KhqsgkVe_xRvznzhQ,Roderik van Trigt,https://play-lh.googleusercontent.com/a-/AOh14GhIBc822_baeLf5VlK8kQs9bKIkqPeNmDT_GplNgg,Now updated so it won't lag anymore on newer android devices like G3 or G4! Great stuff!,5,12,2.0.1,2016-01-31 09:39:22,,
gp:AOqpTOFoPXLcyzWfOkBT5qT6f60nY4o7yysX0gPQ3ni3-TaIcV_rUYyMpq_ZT7akUCXoFkVMdCfKQ8O_YuQpmA,A Google user,https://play-lh.googleusercontent.com/EGemoI2NTXmTsBVtJqk8jxF9rh8ApRWfsIMQSt2uE4OcpQqbFu7f7NbTK05lx80nuSijCz7sc3a277R67g,Great game. Addictive. Worth the money. There is no way I'd give it a lower score. I love the pixelated graphics and the retro vibe. I'm currently on year 35 and have continued the game after the main portion was finished. Going to restart. So much replay ability!,5,1,2.0.1,2016-01-30 07:12:00,,
gp:AOqpTOG-3ImN6n5ymL-HZ6En1kXACPd6Jn2iGx-hCdqgBkaGftJVPA7rgKvO8aOWvRMEOOwSdJ-amKJ6etHg0g,Melanie Tan,https://play-lh.googleusercontent.com/a-/AOh14GhIn4WwFvtkr-vj5ZubYiFgmKw7dWQ4FfYYrfPO8C0,"Used to play this all the time on my HTC M8, but I switched to an LG G4 and this game runs at an irritatingly slow rate now.",5,34,2.0.1,2016-01-29 07:30:47,,
gp:AOqpTOH-LBXX3fG3np5Nh4Uktuhb5ZhVOR-84aM_-KzqYd7AQqzdziwstWEpZj5r0Fu1UnjN0GQSsjQlPkqq9A,Joseph Dieterlen,https://play-lh.googleusercontent.com/a-/AOh14Gjqmy2EEpqlNUsKc-rdiKL3DnJPMDFdVJMtm8ATIw,No lag on my LgG4 great job!,5,0,1.0.6,2016-01-28 05:36:08,,
gp:AOqpTOHF_WlsmzQV0KKa9zaTVllqn9sWUmxzcnGkv_634USYNbvQ_mI2DAlGNXkyGeq3Em7hB97e9GojW47eQA,Nic Ratcliffe,https://play-lh.googleusercontent.com/-Bkx5QxQDyos/AAAAAAAAAAI/AAAAAAAAAAA/AMZuucmQwsNtbilpv1__Gw90e9TIlVgOHQ/photo.jpg,Where are the English games are you not doing anymore?,1,0,,2016-01-27 12:39:01,,
gp:AOqpTOG_7GVUk769nG5D1hc47Jhg6CHOCnKoft46X9yy2nP0zFvn0a2MrALFKxa6AdUhssE0HrqBkUlzDx_nkA,Reed Lariviere,https://play-lh.googleusercontent.com/a-/AOh14GgDK7UKdjjmAYXxeS5IIEMX_L4klmHAQbY2VLHdgQ,Last update got me worried that Kairosoft was going mad with IAP's. Glad it's back to normal for now.,5,11,2.0.1,2016-01-27 06:00:01,,
gp:AOqpTOHw79h72rP1ZJZkbz9tGdsLGloQ3stkbqvkm2Cz_M3r3KN6lMPFYKyMSJL_asvUJR4guCUfggNXxn943A,JennArrons,https://play-lh.googleusercontent.com/a-/AOh14GiYR3LgVBlFul2qEetL2-ioUYj8wkGRi8vy1j-wuA,Why'd this new update suddenly require access to caller ID and photos + media?,3,0,1.0.6,2016-01-25 15:27:09,,
gp:AOqpTOFuCmEa0NgFVzyUXWkqsEjuOBlyYXO25d1LLfe9uFlivIEBfvdB2Or0RIKFkEqXe7RJGQ_4LTx8ANjIwA,John Strayer,https://play-lh.googleusercontent.com/a-/AOh14GiVfGnEQXXmBdHf2kFCcaqY26B9XoEzG0HxTiP9Gg,Just as good as the Game Studio version that started them off.,5,0,1.0.6,2016-01-25 13:40:23,,
gp:AOqpTOFec6NuHx5oUsOTynKRCRunb_ZGmt2g0JOLlWz3JfgnpR_k_75gkMzPy2KdiNkuosHXaDHngvS-g31c-w,Tsukiko YAMAMURA,https://play-lh.googleusercontent.com/a-/AOh14GhxUYZvM99V93uSKl0t9CdC8njrKYbQ8ZS9IhKY,Great game gets better with latest update. Love Kairosoft games and so love playing this one of theirs.,5,2,2.0.0,2016-01-25 12:23:12,,
gp:AOqpTOF7GafoeqAchRwQqye4Zp-w0RENGk1SMbIArtRAL48jrKahI47X4BxHhMy-W5TSB8ci36xqXqvDzK5a0w,Jakub,https://play-lh.googleusercontent.com/a-/AOh14GgXuDv6iaxGhijVD27Rj0xIZfP2rgagK_RHGrOAag,"Paid for app and now in-app payments are introduced? Dodgy for existing customers, shame on you Kairosoft :(",2,1,1.0.6,2016-01-25 12:16:45,,
gp:AOqpTOH_xDHDg2oV3KkmitCjANTEGYfHzeCoowDyyY-hlCl4g2cfh59JBnIMPW647wDKj40ElGYGIyiBMh-xJg,Lee Yoke Wee,https://play-lh.googleusercontent.com/a-/AOh14Gh8G-_9rrfSdMz0HwqoOWcy-AZt54B4v55PvaJyYw,"Game keeps displaying ""unable to verify game, bad internet"", althpugh i have no internet problem. 5 stars if problem is solved",2,0,1.0.6,2016-01-20 17:28:31,,
gp:AOqpTOFXSGCN94GpMzjj-ruxOvEHKUukrIK7UMmpyuNDY-MZWEmPLGtjof6-_8bjKX53jf5r9RQuNmtfFTyWTQ,Clifford Armstrong,https://play-lh.googleusercontent.com/a-/AOh14GhRS7lN7lBhPCr-VrcM0sY9ikHATgf9U32lvs9eTg,Its kairosoft,5,0,1.0.6,2016-01-19 18:23:22,,
gp:AOqpTOFVO3YOBHigYclP2HvVwt_1nKwPL6P7fVh5Hql-cr0E7Q87tfYhj69h0mnubCbWCyWRmX1a9do2irBtpw,Brianna B.,https://play-lh.googleusercontent.com/a-/AOh14GhbQhLt9Pd5uTpxW0x5b-MlzxzsOQL_OQbAhnKOSw,Kairosoft once again out does themselves. I wouldn't know what to play on my phone without their games!,5,0,1.0.6,2016-01-12 08:54:10,,
gp:AOqpTOG8dKG-WmjwVE-hhtm00XHXbz09zG6Gn5fTXRSsl0Y3kb1-Sl9GnI7PYUnwgImQQALKLEZD92s-Ho1cJw,franklin howard,https://play-lh.googleusercontent.com/a-/AOh14GivvbNf6pVJ3M1valbkuNmskq5VRSu2ivETiEpm9g,"It dosnt matter what they release, without reading reviews i always buy their games! They haven't  failed to entertain me yet!",5,0,1.0.6,2016-01-06 07:48:13,,
gp:AOqpTOFUULvXTu4w1N6NfECCW-A7OsEpWqUTtuN3f4i-i7v1Id4kLdH4RFf8gGUiOA_IOZa3UrZSwulkm_4gkw,Lord English,https://play-lh.googleusercontent.com/-UmYZOJbznQ4/AAAAAAAAAAI/AAAAAAAAAAA/AMZuuckAm9hUHZ3SIDBMmKrLkEloOCYQRw/photo.jpg,"A solid enough game but, compared to Game Dev Story, it is severely lacking. There are only a handful of settings for your animes and the selection of themes is pitiful. Not Kairosoft's best. Oh, and the complete and utter lack of any support for those outside of Japan is shameful for this day and age.",3,0,1.0.6,2016-01-04 12:10:30,,
gp:AOqpTOGjgmJWarPoJVhnk4quPJKOlQ3U30XaL9OvqWwcFjGBo_iYe-AgkGIAWK4owUdqGtZILPXIOp7blAmqJQ,Matthew Heckard,https://play-lh.googleusercontent.com/a-/AOh14GgICamUGoeXiXjkuN7z36NVUOS5ND3ER6tdPr3_Pg,I suck it's hard,2,0,,2015-12-30 16:30:57,,
gp:AOqpTOEqKxc5fqs74RG2zmup6B6fSvxNxyIOdjrbRwrIUOItc99KL4EjcXMUvZq5ToZGzSp6Gekxd-lVhjSU5Q,J H,https://play-lh.googleusercontent.com/-T4OyQf5L1AY/AAAAAAAAAAI/AAAAAAAAAAA/AMZuucloaIicqgYWaHbKJWS_172rufAIvQ/photo.jpg,Just a really good game to waste a few hours on.,5,0,1.0.6,2015-12-30 12:09:02,,
gp:AOqpTOE1X0ljyJEhhw5gNjJZDzzuEc4B_XyPA7sVLPXVF5Vf3bhXqftGnDD72t8nyIYAAg3y92Tab0c5Hglgzw,Lhicc,https://play-lh.googleusercontent.com/a-/AOh14GhKpasBnrsn66YFC42R6-yZosDZ67f3ZRAHZu4AQA,Simple yet amazing...         Quite so if that!,5,0,1.0.6,2015-12-29 08:45:59,,
gp:AOqpTOFQVODu6Xlyv7cLYbVJ5x5yr7KFiiAwKDo7bNs1qMQsPnCB6GgUvwni-_04Kd5B8f8WUORkPe3D56GWvg,Ooops ItsSpirit,https://play-lh.googleusercontent.com/a-/AOh14GgYtfsFkkkSwyj28ad6ZNOu3b0bHbVMH5ZJlYqcDg,How do you make the studio bigger? Oh yeah and I love this game!,4,1,1.0.6,2015-12-25 01:47:32,,
gp:AOqpTOEgO9kWmTvEZEn2ijqdIqH6SS88s5vBI_5DinikyNSO8iDzCh7UWQwVcOc0spUl3kWWKeQP_yuCrwKT9g,Kief Harding,https://play-lh.googleusercontent.com/a-/AOh14GjrezT9tFinmSaXO1_0_t5_C2ueUO0vtyK0N9k3,Kairosoft is the best gaming company ever.  All games are 5 star,5,0,1.0.6,2015-12-23 14:02:17,,
gp:AOqpTOH-QCn--eQiSuHbMTRS5ZfMHq-E6XfN4NC_mxlT1aiYBAQ4eMD6YLPmjCLhu3nWozpXL_VKVzpVgTP4Kg,Michelangelo,https://play-lh.googleusercontent.com/-VxZr7rKM_k0/AAAAAAAAAAI/AAAAAAAABNY/AMZuucmodV479mXQYb59fw1781_JeUes2A/photo.jpg,Karisoft is love Kari soft is lyfe(if I had more money I'd buy more of your games),5,0,1.0.6,2015-12-23 10:28:18,,
gp:AOqpTOFLCix4GYmZ-kzVIHutsbwet26sDvlQP7K0Y0cig7OnzAfCM-1CgI1tiSvxxVzqO0f_kWCCMldZNoyVMw,Trench Goat,https://play-lh.googleusercontent.com/a-/AOh14GimD2c8MgrxhbT3KDZ2XbsROxN2gJWldQSmhgL4RQ,"New phone cannot play this game grumble, works fine on Samsung s4 mini",2,0,1.0.6,2015-12-16 14:00:19,,
gp:AOqpTOFclk4xlDyONKJ2uHWEpYMb-YgDlcCbvVYdPBfttF-DHGp5yaqcpi9xO-sXukUSKGfjqgJ_okwr42uqow,Rizkika Rodzan,https://play-lh.googleusercontent.com/a-/AOh14Gij4yRK1qyi-TvI6HMjRbWGqi_LuVneoWJ5hkafeg,It won't install after i bought it and i couldn't get a refund. I would seriously like to play this so please fix the problem. I'm using an LG Optimus G Pro. Update: alright it works now. Idk what happened though.,3,0,1.0.6,2015-12-16 09:13:38,,
gp:AOqpTOHBSV54lGTIk5wn3Xl73iEb5Vtqc1Sj_-YWUpxVkKuq7tJ12AHDNjx4KSDshdQ6VyIF5rjS0xPLAuzc6Q,Andrè Ingar Sørensen,https://play-lh.googleusercontent.com/a-/AOh14GgPdtJ6RNwYhqyPtwgzJS26uZ59gwgUBngmsTP8Lw,Very addictive and fun. Can play it for hours. And hours.,5,0,1.0.6,2015-12-10 13:38:47,,
gp:AOqpTOHesHz7dMqxp6A8sjGBpSML0aY9Om2DN4GJy77C_uSv6outJWwXY-kDUQGt4e0BpAFZyojPQ6I20ENlhg,Andrew Bennett,https://play-lh.googleusercontent.com/-GCoeGTcn61M/AAAAAAAAAAI/AAAAAAAAAAA/AMZuucnEVKBe4CIzdFHOkIyxkbTjGlXsLA/photo.jpg,"Played the free version till it told me to purchase full game, addictive and finished 20 years in a few hours",5,0,1.0.6,2015-12-07 01:37:02,,
gp:AOqpTOHKYSwzuzYUHZQcCgFzRDkkmB9BImvPly8dooGLmcoHBceN3FS-enpEUOIKNSUskjccxHipPJtvW7aKXw,Just King Dean,https://play-lh.googleusercontent.com/a-/AOh14Gi9UosnKgORXvOu44fWkvYHKtKNYjQciOUx02TK2Q,Like like like very like :),4,0,1.0.6,2015-12-04 20:32:55,,
gp:AOqpTOGWnhl943WlLKRKGXHJPugNRoC5qstBpNg1B_h5fb0-fXGW94iaRuWQkx4Ys0ZMHEHqNgIW42VSO_LfaA,Jacob Vawter,https://play-lh.googleusercontent.com/a-/AOh14GiTXsQTkoKL_vRTomTzKb1zq3U8MORn53D0uu5vZA,"I loved Game Developer and this was very similar to me. It took a little while to get going, but once the game picked up I couldn't put it down.",5,0,1.0.6,2015-12-01 00:25:55,,
gp:AOqpTOGV5VtxTT9XQnuQzFLieHl1K8HPDUzWv6zmY6Rm6WXjgG2iqoYFdW34YaEBGi__qmfETp_yQzHNs1pr1Q,Anonymoose,https://play-lh.googleusercontent.com/a-/AOh14GjU40t7AQB49_ddA0lPc50yP2OBIGKiB07rThrbnA,Like seriously... worth the money. Kind of... anyways it's super addictive and I've been playing it for hours... it's almost 4 in the morning. Maybe too addicting... well whatever your doing keep it up.♪ｖ(⌒ｏ⌒)ｖ♪,5,3,1.0.6,2015-11-27 01:56:23,,
gp:AOqpTOH45QGUML3cZmSnHavYWzGYDNmL9tTcMC0mravnURkfF2xJA3WAH3-NqqphDdPzN9cw4cuRJZOU05Rh8A,Peerapat Lertsirarangsan,https://play-lh.googleusercontent.com/a-/AOh14GiMpplVCeOEX9f4XC1IWS1AYJFvhUoqvu9In73kQw,The worst kairosoft game I've played so far.,2,0,1.0.6,2015-11-07 07:15:46,,
gp:AOqpTOHVsn0KfTErqGelxWkHsvcwGB9VdNLs6LKSB06MBjfuBGaf9Rl5nqpgw8nlz3dH2pREp41VAUC8yD5Tcw,Jorge P.,https://play-lh.googleusercontent.com/a-/AOh14Ghwhm2i_IKBa3_UrsiXqL-WyC3JLVF9ck2fl45Ouw,As always this company makes master piece games,5,0,1.0.6,2015-11-06 06:22:12,,
gp:AOqpTOFlXrt18YbMKJqN_N5hnOlKtP6qVvwiEb907tS8wKVYo1Mv_bZeqskkosHNpZLAz3gn9hWasXnJyy4t3g,The Gameling,https://play-lh.googleusercontent.com/a-/AOh14GhvMKRYh5gendtEYzNVM7He1jRV0vayXw0Vfnqqrg,Very hard to put down!,5,0,1.0.6,2015-10-10 22:57:03,,
gp:AOqpTOG7E3CH5XbC2zyk2lq_EqyXp8awOtCBhl8j8aBACQdPzzT3fqXAlFHdMLrXNSC9SnmB6n_FjMGPxIGgtQ,Tarleton Angel,https://play-lh.googleusercontent.com/-DXWfu_cuxlo/AAAAAAAAAAI/AAAAAAAAAAA/AMZuucla7dFykhDz5usWfVHBJCAx6oFYvA/photo.jpg,I love kairosoft games and I own quite a bit of them but! I suggest you make these type of games with the add on feature of either purchasing new characters or a game were you are able to purchase it and then create your characters then Import them into any purchased game you have made by kairosoft. I HOPE YOU GUYS CONSIDER READING THIS. :) Thankyou Kairosoft for these amazing games!,5,0,1.0.6,2015-10-10 16:11:47,,
gp:AOqpTOEtJUyo9FV8b1ahWNty0lcxMfEBeW48GABtxMHSciTCQeWAyhnF8RnQKr0iGlIoO8_r-rsHskURss6Ayw,GOODKING205,https://play-lh.googleusercontent.com/a-/AOh14GjZvVUWsqxal4FsDC8N8cldPdpddih2Tgtl7Is_Mg,I really really enjoy this game,5,0,1.0.6,2015-09-28 12:22:33,,
gp:AOqpTOHGOtq6emvgQc43Gyr-pdBTKCSfEtBZMRJ9zmmBJFscE5w79kL8MrE_p94agtNaOi91JS7P-TbSu4aPNA,Dustin Mefford,https://play-lh.googleusercontent.com/-wvSAjqm94yk/AAAAAAAAAAI/AAAAAAAAAAA/AMZuuck0q_p96zLV0tTcUB79-eZN4_pWTg/photo.jpg,A very fun and addictive little game. Just be silly with it and enjoy the ride.,5,0,1.0.6,2015-09-25 11:50:21,,
gp:AOqpTOG_o_o2nf6Nmzj8ABiZqG5bE-yaJQydR2E_0ziIRDOkA6pOxW4jrtnUfIE2Im2FqxOl0exvkG_O8pJ0Dg,Mister Sukmeoff,https://play-lh.googleusercontent.com/-Re1UI6UWsg0/AAAAAAAAAAI/AAAAAAAAAAA/AMZuucldFNRy57wqYfzo2VxzHwN1hIGIWw/photo.jpg,The name says it all,5,0,1.0.6,2015-09-21 09:24:19,,
gp:AOqpTOHJ7ikkhY7ED2iZwI5v_UecMq6RAWFJYJNuxEzQnDimFrLeunazsOEJMRuKiM0xW7jgWg0F8BBDib5TBA,Djay210,https://play-lh.googleusercontent.com/a-/AOh14GgzvAw5TlzQvMbZLhPqYSZGyE2rCX8AoNrWp8_T_A,I love all ure games I only need to get the lake and the Magazin one then the collection is finished/;,5,0,1.0.6,2015-09-03 13:25:01,,
gp:AOqpTOGBNsG5tTg-P4mz8sWYFJmKPh3ZYTH3u7KpzgGgcneKOF3pTvKNX5vnoQegfjEb1e9eLkhfZZ3HEohdZg,Grace Funnell,https://play-lh.googleusercontent.com/a-/AOh14Gh-EMWnrW5sNLz2U70ZUei7NOf9H11KOt988GUmaQ,Character haven't got much heads and body's that haven't been locked,3,0,1.0.6,2015-08-19 10:43:32,,
gp:AOqpTOFlhSoC2HkvIQpNWmlLThXOUpL6j1hCGbHpem9MKvpO3XhQtRMO9fzQ3GqZXoSfRY8yf28rJIw9K1_Wqw,Slytherin Potter,https://play-lh.googleusercontent.com/a-/AOh14GjJiu8bYYCrh5auEGQt5T8B4P-U1LZinBOskdlZ5g,Too difficult to get money,5,0,1.0.6,2015-08-14 22:11:02,,
gp:AOqpTOFXeg4jyW8PNzTkqdKLIrFAYk2gWFk6FIdGI2PjAgNfEjxe6ur-cKcF8ct_i3eaFwLsCJfqDXJsc-ck1A,Aj Lambeth,https://play-lh.googleusercontent.com/a-/AOh14GitqZ5G_lbycGmyhZKDAgFx6dRWJGbgbVXj1NdxAg,"There is no question that this is a Game Dev sequel. Alot of the mechanics of GDS was shipped over, and that's GREAT. GDS was a fantastic game and I was happy to see a continuation of the ideas there. This is however not a clone or reskin. There are some good and bad differences between the two, and enough differences for a kairosoft fan to enjoy both. I really enjoyed being able to customize my office with additional add ons that gave boosts depending on the ones I chose. Retraining employees is easier. Th",4,2,1.0.6,2015-08-12 08:33:26,,
gp:AOqpTOEqC6gtJVJzO52AhJEtYjrZHBNetpBFwM9fUI6B7k7xA7mgUv3D0d7wjPqsbTQXma-TM_je3Y2KtOjeNA,Nazmi Z2,https://play-lh.googleusercontent.com/a-/AOh14GhmSNuAy9leSrPW0tbzsfamEgyYTzt-fceibqMd,The game is good but lack features in it,4,0,1.0.6,2015-08-11 17:13:42,,
gp:AOqpTOH0ocXZtIZ3lPJezwlQpPeHumBtb5FichrHI5F-6RltlERCRBzbdzPxUnC1OTl7K6u3p9n8xAKiZD4uYg,P. Lipsey,https://play-lh.googleusercontent.com/a-/AOh14GhSxUZt2zddRL2VaJwOuS9lEKgxgZvYYgz4H3scZQ,"Oh, the game is fine, I'm sure. It's just unplayable. That's all.",1,1,1.0.6,2015-08-11 16:00:06,,
gp:AOqpTOGvCpGWYV9_sCRGpHxaehXp-CJ1M51D8cJuvns7bN51as4X_bTD4p5KInBbFzE_vOaHbyxUd6_VhelAtg,muhd hifzhan,https://play-lh.googleusercontent.com/a-/AOh14GiI5uMLFh3V9tKs7qhcozCUgVJPhlLbCwdxLZXwxA,"The game have bad authentication, i did restart my phone but problem remain same. PLEASE FIX THIS",3,0,1.0.6,2015-08-07 22:09:42,,
gp:AOqpTOFUeY5cd5I81XGo2CQAV3jLII62Be2xk0RB-huRm7wXrmTfuRSpwCJWUzBX-tAYowaaMuNZrTgEGZ3_HQ,Ryan Makasutji,https://play-lh.googleusercontent.com/a-/AOh14GiWS1RjXsIopS0M-pJ0A0fbTl69dZvshLE-vdlY,"Kairosoft is to creative with their 8 bit pixel game! But i what i love the most is, they come up with new style and theme. Eventhough this is a rip off Game Dev Story, but it is still a fun game to play with. Keep up the good work kairo!!!",5,0,,2015-08-07 19:59:12,,
gp:AOqpTOGYdyJI2iKVjLe7RdqqJd2BdRHKrR9fhfRjeub7bg3fswGWlgnR7Diz2xWPhFf1w-QFDEIDCzpcjWsdpg,Jeremy Kuehnau,https://play-lh.googleusercontent.com/a-/AOh14Gh1Jy5q9H-xYA5FrvwNirYwnS_UjjCmKu6LIJKJ3g,"A game slightly more forgiving then Game Dev story, it suffers from the same issues as the later title, it also features LESS content then its predecessor, which makes it eveb less well off to do.",1,0,1.0.6,2015-07-15 11:44:28,,
gp:AOqpTOHLWP4N50EMu5w5bBm6Yq172mIftUF-FGW1NAWbv0nLRQ7bXkDAZeO23w9RZkPgIRio5cSxtcCChL-KYA,Alex Merlin,https://play-lh.googleusercontent.com/-WI6r5jbsfOw/AAAAAAAAAAI/AAAAAAAAAAA/AMZuuckiZuCbmaNLJNsbNjO1ClfYZHABdA/photo.jpg,"If I don't make a good anime, which is very difficult to do if your new to the game, then not only do I lose out on money, it often gives me the worst anime award meaning I lose 300k and after this it is very difficult to get the company running properly again. It also is very difficult to fund an anime in the first place and I can't for the life of me find the job lab",1,0,1.0.6,2015-07-11 11:00:31,,
lg:AOqpTOHD1la0F8vddXbG7x3D_C7iPapYGA8I8InZHbT45SNRqrt38UZsj90iSfBJYe04bsKDtsm5kQwHuZkglw,A Google user,https://play-lh.googleusercontent.com/EGemoI2NTXmTsBVtJqk8jxF9rh8ApRWfsIMQSt2uE4OcpQqbFu7f7NbTK05lx80nuSijCz7sc3a277R67g,Better than game dev  story,5,0,1.0.6,2015-07-04 02:55:34,,
gp:AOqpTOEsHyjxvFpm_unMsNBsFv5muQBDzwYSmVhqRTSIf1idWv12PAnMrgns5ohjkdy0Yi97kXjbhXrJHdL6Pg,อ้วน อ่าา,https://play-lh.googleusercontent.com/-ToBu1TfwPtU/AAAAAAAAAAI/AAAAAAAAAAA/AMZuucnjQY61TrUlUJnBy8YYvIjF8FhzVg/photo.jpg,Fun,3,0,,2015-06-16 04:26:29,,
gp:AOqpTOH2SICukwqldqjo9rHmYshBDnp70bao-G6NxXYN1ZPCTz9qWwx7xgCi7SODM3FDLZ85-ppqrJ_8Q3Ykng,A Google user,https://play-lh.googleusercontent.com/EGemoI2NTXmTsBVtJqk8jxF9rh8ApRWfsIMQSt2uE4OcpQqbFu7f7NbTK05lx80nuSijCz7sc3a277R67g,I can't play it on my nexus 10. I want a refund!,1,0,,2015-06-04 08:13:36,,
gp:AOqpTOHBIVzLzkW3Jixwkg9Pg0px-si45bHaIMCPVZ5t2nzVdK7bZHs3xL8uLHahjtxqAdpw3vS6nIQfhtRyzQ,LifeInAnNutshell,https://play-lh.googleusercontent.com/a-/AOh14GjCd3i255Y1TnJ6ZHSMiPppCuSnFzIv9lyU-3e3,Its very creative and fun,5,0,,2015-06-01 18:37:57,,
gp:AOqpTOHAOwEf_lEVbWl2Tj2dXSlhGITJTlftpSE3akwdur-ACZxX5dnkRaEstM-MSTQ5JwTlLcZA7xleG4vd8g,One Leap N One Stride,https://play-lh.googleusercontent.com/a-/AOh14GhAh3vlyTO4wSTOW4YgiNnVHIjadctTgjhZtCTopQ,Just like Everything about kairosoft!!!:).  AMAZING!!!!!,5,0,1.0.6,2015-06-01 05:43:01,,
gp:AOqpTOHf677QdAqbYihrr8UfgyRULqD95AtvWbELp27aA2yv6QYPDLYesxMCdiFCzaR2ltCDjEOqwbf7rEJdSw,Leanna Ward,https://play-lh.googleusercontent.com/a-/AOh14GhvSwBOb0VhGTVze_BoE6cD5KrJrXwF2sh2U_GF1A,Crazy,5,0,1.0.6,2015-05-21 23:18:37,,
gp:AOqpTOGV7qb8di1fTGWbkeA2gd78YAEP0x_8JL0ykxd3wcH_DGUbqbNDvCf6rcSbqoPBaMfKxJ-NcjCdXe8UPQ,Matthew Tincher,https://play-lh.googleusercontent.com/a-/AOh14GgulNhyR5U9C6uL7nk8W_1pIe5H-1oZ77w_eLx2jA,"I just want to say how much these games mean to me. No other game company has gotten me so addicted to a mobile game as Kairosoft has. Anime Studio Story is no exception, can keep you entertained for hours and can easily be played through more than once. Thankyou for existing Kairosoft.",5,0,1.0.6,2015-05-21 21:36:57,,
gp:AOqpTOFyGO1pgBuR5cYde4_Ln9YkXHjqxA7TrPulwlzDEUmx05t7YwuJAw9eWjjh1E86FkJDSzmslmllXejRCA,Fresh Andrew,https://play-lh.googleusercontent.com/a-/AOh14Gidpg6F4p7n7V6odm4taoPkzzcBuxBO-Eh_Jjpx,"Kairosoft has made another great tycoon game, however the game mechanics and looks have not really changed. The pixel graphics are nice and the in-game music has improved, plus the game also runs a bit more smooth on my Nvidia Shield compared to older Kairosoft titles.  The gameplay is mostly the same thing as Game Dev tycoon but with a new setting and it works fine, i personally would like to see Kairosoft try something new and fresh with the gameplay aspect, since most games they make are mostly the same style of gameplay besides the changing setting which does impact the gameplay (an example: Dungeon Village). That is not to say that there aren't anything new, they did add something to the game, characters. Characters are vital to the Anime the studio produces and with 150 heads and 136 body types you can certainly create a whole slew of different characters, however you do not have all of the heads and bodies available from the start, instead you have to unlock them.  Should ya buy this ? if ya like GDS you'll most likely enjoy this game as well even tho it did not do anything new and fresh.",3,5,1.0.6,2015-05-12 02:13:04,,
gp:AOqpTOEjohbPFkjKH7djZSDeZ-gEhpnSdOlHKdOZnW53TdY_lx0RIN8lV1NQ2aGujQraS-I2tJDo8BhMFvFhdw,Bob Lame,https://play-lh.googleusercontent.com/-Zw9r3knAgWo/AAAAAAAAAAI/AAAAAAAAAAA/AMZuucn6IDZJZ-ncQGrHwbB5D7soM-NHWw/photo.jpg,This game is fun and all but when I paid for it on my card it said It took off 6 dollars when the price is 4.99 it should had been 5 dollars not 6,4,0,1.0.6,2015-05-10 18:28:00,,
gp:AOqpTOEjFRrqCrdOYlPCrl7xLrEHNEYRb1Quyv8AjVcMmsg6gSwVnL6Dmc50yE1z49uRCDclJ5dztIZQytlEvw,Jackson Snyder,https://play-lh.googleusercontent.com/-s-aQBgWyX0E/AAAAAAAAAAI/AAAAAAAAAAA/AMZuucnxP07XVNuAe7Kk8x_jmyO_lfgMgA/photo.jpg,The game may crash a little bit and I'm fine with it. Fun game.,5,0,1.0.6,2015-04-07 21:23:56,,
gp:AOqpTOGNxYJxYLiDGKfq2y0H6az-84CV9FQxlAXwE1dQ6iM_MqDFcPJm5MkL7Pwd6tm77Urlaita65gRE6kNkQ,Marc Williams,https://play-lh.googleusercontent.com/a-/AOh14GhokALo-3XgWh5WkX7i7Hfcvy2QFgXfCcyLQnZJRg,It's alright but feels like it was made by a developer attempting to copy a Kairosoft game.,2,0,,2015-04-03 19:49:51,,
gp:AOqpTOGPx4IE5Lv2vL_xOANA3R3VUt-rAk2QrXwzFjXIIhfqUtDZcC4_u8EY9rbap8D0QmFDWCuxHskBtps7eA,Violet T Brook,https://play-lh.googleusercontent.com/a-/AOh14Gj6_jkaF_MTIzmJDDsEG49Qq8ivoap5Bc4doknXvg,Like game dev but it its still unique in its own way.,5,0,1.0.6,2015-04-03 09:44:54,,
gp:AOqpTOGOPpQUxbV32frF0oQryd0qpBn8VE-ZCY74jtmuHobsv82b-T2PP2KRLVrFyXxiSn0OzHNatkCp5M0PZg,Diamond Dragon,https://play-lh.googleusercontent.com/a-/AOh14GiAq7Iyb0fO6-KrnqFcKor12l2rOFb6EBjnJOy5,I love all of your games and i have a suggestion for you.  Can you make a game where you are a film director?,5,0,1.0.6,2015-03-29 06:19:50,,
gp:AOqpTOFE0dlO0SScgNmDQsH5cHWdRCm1omUItqOHPpYEeToNoLTjy6Za0oa2LYm-ZiteGfiL1fnuUBrHPCHiew,Julie D,https://play-lh.googleusercontent.com/a-/AOh14Ghif2KU1pg3QoeXqNI03QHYdSYhDVacSr0eoOiK,To simular to magazine mogul and game dev. Has been done before.,2,0,1.0.6,2015-03-26 05:10:05,,
gp:AOqpTOF_NER29nz0fMNvq6d89u_B_0x9tp07uwYWGzbpcGoWFXXX556MozxYv30_eyiw_fnOQITSY071EWwHNQ,TheRidiculousBlog Else,https://play-lh.googleusercontent.com/a-/AOh14Gi2bfJNJ4nVpeSXobp1KGerDMOT8T4K-rBelZcF,Refund,1,0,,2015-03-25 11:42:48,,
gp:AOqpTOEQqR9GTlKzuqy2U961GOqidD9zcmG6RD-vWNtUhR3FkrPeDg5FcRlAJiZRWqPwITFXWRMuR51N_zB1wg,Chest-High Wall,https://play-lh.googleusercontent.com/a-/AOh14Gga-7rDRwmX-aHk-5GVbHZcBdSYf7PHgAFLSfx0,"While the gameplay is not unlike Game Dev Story, there are enough differences to keep the experience feeling fresh. I especially liked the concept of creating a character. The one downside was that I know so little about anime that I had extreme difficulty finding a combination that wasn't poor.",5,4,1.0.6,2015-03-23 04:59:10,,
gp:AOqpTOF2LvoVrgNP37xx6Z5Mc5g6Tqz3lVaMGYmfW9KyHWZnqsBDtXlOC3l0JXPotu8JVyHGMK5Nsp40G8y4Sg,Eva MC Morgan,https://play-lh.googleusercontent.com/a-/AOh14GgFpaiw-uPabU_hYo8c2m-3xHkl2chgX9LnDgg_,"Great game, this and Game Dev are the best personally. This is how a mobile game is done",5,0,1.0.6,2015-03-17 15:26:59,,
gp:AOqpTOEhwd2UiQWmScir6T8yWOLIBONT_hp401TgBZX0zO7zqHpCS2ZSSmcUMQS2wzC0rbY-QD9X5c5RRfZXJg,the skypilot,https://play-lh.googleusercontent.com/-gb2rn1T3B20/AAAAAAAAAAI/AAAAAAAAAAA/AMZuuckwkz0uA3SgAEYat-zRj70AB6jL9w/photo.jpg,Like game dev story passes the time well enough just missing that special something,4,0,1.0.6,2015-03-16 15:17:47,,
gp:AOqpTOEjCRdO6ksNxaHXcoIZCBXR4qW-42Gk_Xo3H1GlutWJIb3Df6n9ThoogXK8tA1HFR90SAstNq2759bVgw,Darkestblue One,https://play-lh.googleusercontent.com/a-/AOh14Gjo1sTW5MJvdaHOqWMm1bgbSfbGYRshwz1NGly9Tw,All it does is remind me how great Game Devolper. This game has no replay value and a whole of things with no purpose Idk this and the pirate game made me lose my trust in kairosoft.,2,0,1.0.6,2015-03-16 01:16:47,,
gp:AOqpTOHJvdzgYP0aQDfVL-ZUchl4mSP6i7K5St2By9sk0FQfiH7UNSh8KCg6mRPC5XKLmb80y-Ph9Bj-4qUvEQ,Samuel Low,https://play-lh.googleusercontent.com/-s7sh-wXMdgk/AAAAAAAAAAI/AAAAAAAAAAA/AMZuucmekJPIolHJznTCggfbGcsCmilMaA/photo.jpg,"The game is fun to play, but if you are not the type of person who likes simple game play, don't get it.  If you are the type to get the most out of this game,  enjoy it.",4,0,1.0.6,2015-03-15 09:04:22,,
gp:AOqpTOHSW7eyoCeZF196VDESLeFsVI-t-nt4BbSJUEOqxY7Yip7WP5FnB8m0DyrX2GlXH3t52aqdbYIw2WDzQw,Clark Bailey,https://play-lh.googleusercontent.com/-nGatLiwkbEc/AAAAAAAAAAI/AAAAAAAAAAA/AMZuuclSDxcwDqFFcXv-IGwc_Bbz_84Cww/photo.jpg,"To stop the error upon loading, just reload the game with an Internet or Wifi connection and the game will load as normal",5,0,1.0.6,2015-03-15 08:21:08,,
gp:AOqpTOFZvAoPbZzxXZpdB7wTBeKpQJbWS347Yb6WW-Nhd6aeKs513MCRoKxJCh5YTaFeT1EQQ4cubzwu0i9oCQ,Bacon Hunter,https://play-lh.googleusercontent.com/a-/AOh14GhjQs8KOaudpHRarA5egtnPU6MmhFrqi6D00dIN,"Kariosoft, in my opinion, has failed to disappoint me so far with any of their games that I've played. And this is no exception. What I really like about this game is that you can make your own characters and help them become increasingly more famous amongst the audiences. This game does remind me a lot of Game Dev Story in how you choose a genera and the process of developing the product. Despite looking like a copy of Game Dev Story on the outside, but on the inside, it has a very original concept.",4,0,,2015-03-12 12:33:55,,
gp:AOqpTOFEls0cFQVHbHjA7Q7IAiedSVaNX17dgZpwoMhFDdI0ls4HZ3aDSWHsPgxTv8C4THwc3wjq5ljEF_YH6Q,J Rich,https://play-lh.googleusercontent.com/a-/AOh14GjYt7xjqcMxFyORYGxLKCBZ2jQIHudrOEDIfsXmMw,"Beloved, MAKE A {GAME WITH THEME PARKS NEXT}. Kairosoft is awesome! Sorry for the yelling.",5,2,1.0.6,2015-03-11 13:09:38,,
gp:AOqpTOGc6Sk1EE4MB9HPuq77F4KCCUnD22C_8WMByB9Eihzr2itSmoWT4_zPGQGcOatwAq_U-akt1gLRL74ZxQ,Tomato that is Locke,https://play-lh.googleusercontent.com/a-/AOh14Gj68uRMMOUOE-J3CwOXmAMNi1TFcb0QmXQuBO0gug,This has successfully copied the program for dev story and magazine module and turned it into something unique.,5,0,,2015-03-10 08:27:50,,
gp:AOqpTOFbt2Wlql8yDvgcboqnKGVLri4VzsaO_548EdJZ3ft2dyNmSTWi-riUblAQlvcWTNBH2ECIXG9EKH6NBQ,Jesus Crespo,https://play-lh.googleusercontent.com/a-/AOh14GjsVlPoFMxxaA6OGAmmJ6NUUeOyk8vK6geK6frhrQ,"Dylan and May are correct.  Is like 50% of what GameDev is. PLEASE bring GameDev 2, pleaseeeeee:'(",2,0,,2015-03-09 23:00:24,,
gp:AOqpTOE9Uo9DJIZxds628Sj_4auJp60fXO_9lZryDqqmlX4tIQNDznKHjQa-Zz9HxKqCxQtBXmmHslwVRabIpg,Cece Antonio,https://play-lh.googleusercontent.com/a-/AOh14Gi_2ZeZLrD9Nez3Ss4MW9a5_Ar-7iIdnw9xNmI6,Really enjoy playing this over and over! Definitely worth buying!!,5,0,1.0.6,2015-03-09 15:41:09,,
gp:AOqpTOG_F5ppn8rhUzEXpx1dEKU6yrsKcTfT-1AIok5v9kYk-t8w2hZEiZt7AWZ8AXUJ6smIXKJaOFoZJr_7-w,Isaac Judson,https://play-lh.googleusercontent.com/-58f9Fr6IZi8/AAAAAAAAAAI/AAAAAAAAAAA/AMZuucknGan2NE2-OFnYNtdwf2hwYOmztg/photo.jpg,But it needs a LOT of work. Mainly bug fixes which I hope will be fixed soon.,3,0,1.0.6,2015-03-09 13:24:45,,
gp:AOqpTOHcbCYHYxMEkycU0iuJgRQOyrIK9TjVf9eggZxOuEHqUWNmAjI9b_P_NZ07p2Pz0CySNlZ-cYfs2qnL6w,Nick Jenkin,https://play-lh.googleusercontent.com/-kfb3vS8knsw/AAAAAAAAAAI/AAAAAAAAAAA/AMZuuclzYVXUETCuO84qkfFjXEh5WkWLNQ/photo.jpg,"Would rate 5 stars but I can't play more than 2 games and after that you're screwed. You need to make it so you can play more than 2 games and delete old games as well, then I will rate 5 stars",3,0,1.0.6,2015-03-08 17:40:13,,
gp:AOqpTOE4QCzB88xVnvolV1jrZr3ZpQdi5xwnS9r1rzYBxHtXpDOeORNRf_L0Va_-WLZTxy9d2uq-DkeiJSiloA,Sarah Prasad,https://play-lh.googleusercontent.com/a-/AOh14GjMaxIKFXYVGtDKvj_B-y60w30T2zybB_ANO8xk,"I love that it's so fast paced, especially after some of the latest ones, very slow and involved. Sometimes we need quick progress!",5,0,1.0.6,2015-03-07 04:13:33,,
gp:AOqpTOHPprccOO1K9L1kR6cJmDYustpOAYfZvoVbBi6PvCr8FObqs-l2y9p9ttPc_6_5NgBp0YC2wB32n2TdOg,Tyler Pope,https://play-lh.googleusercontent.com/-Wgkp_nxBGh4/AAAAAAAAAAI/AAAAAAAAAAA/AMZuucmCSXH8QX3woiQ7gBBRJCHnhy5zXw/photo.jpg,Love everything about the game,4,0,1.0.6,2015-03-06 19:04:26,,
gp:AOqpTOHxs1Bxs-Jk8mmD4ARU-06IoSWlWPOzqdHpnhFWUTzMl6csgXq9qx_Gy3ZC8vEnAW4vVaA-wf-DrzwOEQ,Steven Feather,https://play-lh.googleusercontent.com/a-/AOh14Ghv-zoeqVn_g6ZaKkL3BFfbpw3T7Env3iO_qdcSWw,Now suck my balls,5,0,1.0.6,2015-03-06 14:17:38,,
gp:AOqpTOGjGaIVeV2e3vSOTlQ6_CyHsoItPajBY-fO4Pshi5fGLlA8y1_d_cCgN85CqihPT676pl2m4y0fRxQR2g,Jimmy Jobob,https://play-lh.googleusercontent.com/a-/AOh14Ggr0LHo_NrlnZMLDnYCa8WhSH7jv0KvIeckhkyM3Q,"The Good: New content and concepts.  A good deal of fun.  Few bugs.  No paywalls.  The Bad: A battery hog.  Shorter than most Kairo games. DRM, it's a pain.  I mean does DRM even phase pirates?  It only seems to interfere with legitimate customers.  You'd think the first thing a pirate would do find a way to disable the DRM program.   The Ugly:  I feel like Kairosoft is getting fed up and maybe loosing steam.  Don't let the trolls and pirates get you down!  You guys make great games!  Do it in spite of them",4,1,1.0.6,2015-03-06 12:24:42,,
gp:AOqpTOF0vn83AojkQarLnwBFfAeJBfhryQuhIw6tHlkAX6TBOiNis0HzXvuSjOgBFwBF3tRyTd8l_5-yIhHqsA,Joshua Polonowski,https://play-lh.googleusercontent.com/a-/AOh14GgQIikhAfdRqWsWh4k1ZGHNyX2WplVQzSeo8iyuJA,Glad to see kairosoft releasing titles regularly again,4,0,1.0.6,2015-03-04 17:54:00,,
gp:AOqpTOELjYVuaBaFFiuSL6-Qznxv_Tjv4hztYxUsiWHrxzUa3TEss_2S4U6cBOu3PFVinRQpKYmHb8Pa-hkS0g,comash,https://play-lh.googleusercontent.com/-pIeKZOgQHvk/AAAAAAAAAAI/AAAAAAAAAAA/AMZuucmVdjlaGQqMvlRUmt30Ks_wYgEj2w/photo.jpg,Why does it always check for the License.,2,0,1.0.6,2015-03-04 15:32:06,,
gp:AOqpTOEHoLtdd5NCnGzMeGvqal0cx0Oce5E_zjsRkKICA1LiCO74WAHDUJZUxkLQ88O67nhQGREJwKgsjAfqjA,Mike VanHelder,https://play-lh.googleusercontent.com/a-/AOh14Gj8xYUDSwnGUpzYRYdiBd9_PMg_ZO7wkYU6DVTj4g,The first truly disappointing game from Kairo. It feels like a rushed and unfinished copy of Game Dev Story.,2,0,1.0.6,2015-03-04 14:11:21,,
gp:AOqpTOF7Jg7VRNC_anUX1h1E4XVw-zd_dhJx9pyzFiLBWNIX_lkKdfbXo14BM1Go4YdfBpQC4ROCAChCuD6zWg,Marsha Wesner,https://play-lh.googleusercontent.com/a-/AOh14Gjegfoetjfw4xbenj4JwHg2E2Zed143PDZmW5kr8w,It has a lot of the same elements as Magazine Mogul but not all. It can get a little dull after a certain time and I an unsure how often I will be replaying it.,3,0,1.0.6,2015-03-04 11:11:59,,
gp:AOqpTOEMRfMVzBgYZ3XHRBnFz3vdpxpFcOwQkwvu8MuzJ1NyffHqqwNxMuTQE8rnN6571nMmEGBk5Ix5p1Dk8Q,Sara Ng,https://play-lh.googleusercontent.com/-n5eC0ESPC-o/AAAAAAAAAAI/AAAAAAAAAAA/AMZuuclp3SoHJPpwkpGGwruK6H-XW2dXRA/photo.jpg,Got me addicted! The only thing I don't like about it is that I can't delete my older characters and add new ones. Maybe there should be an update allowing unlimited characters! There's just too many head and body designs to choose from and only so little slots. Please make it possible to delete the initial starting characters at least? Would've been 5stars if not for this.,3,0,1.0.6,2015-03-02 18:19:51,,
gp:AOqpTOGKYe1YHgay2gfGC5pRd32lUlkInq0_p_LNUHT6-ZSLFXFQXAwwcTddPvQDBlASm2Iz8QTZeXb15P7ReA,Azarath,https://play-lh.googleusercontent.com/a-/AOh14Gj3TsEG5VUUTi6OWNarediNWowJBHgXUhMeNpttvrs,I wish you could multiple a lot of genre and character. It's feels boring when you have 2 theme to pick. I really want the dev to put more extra stages. Like you stop on stage 4 and it's completely. I would rather have a lot of stages and go on and on like an HQ with you can hire more stuff. Wouldn't it be awesome?,3,0,1.0.6,2015-03-02 02:15:51,,
gp:AOqpTOFKu1ulS71WlCABqg8UXHcSHKPzWQiJ5Ixywu8QOZb5GwFCL-6L1RUCiAw2TatPZ0nISPwWdJPlRuy-Kw,Jeff Hill,https://play-lh.googleusercontent.com/-SF8NdAkxW1w/AAAAAAAAAAI/AAAAAAAAAAA/AMZuucnh_YLSrozPmXoa1rmGrcz5Mm5Nkw/photo.jpg,"This feels like a carbon copy of game dev with all the type-matching removed. It feels like a big step down. And I've bought at least 5 kairosoft games, this one keeping my attention only for a few hours before getting perfect scores on every show. Too easy and very copy pasted.",3,0,1.0.6,2015-02-26 11:43:24,,
gp:AOqpTOH_cSTCybEvcZFpDoC9WUZ-mL7BFR0KeZ8Sl0VWkSPmH2R1hCaJTZ8hNHbkQs-gMSjyw5PneJGJiWJKOQ,Thet Zaw,https://play-lh.googleusercontent.com/-vh_A6BsMdcQ/AAAAAAAAAAI/AAAAAAAAb8s/AMZuuclKbK73nAJ_B0PgMUoxyLR-SO1vHQ/photo.jpg,"Compared to other kairosoft games, this one was way below their usual best. So disappointed!",2,1,1.0.6,2015-02-23 09:16:19,,
gp:AOqpTOHgvuly9EtadYjZzqSRaMhQMp3TNYRCERSn96dR5oT9j9jzB5-8LERGLA3j7QN3dijkQMdNcMcRzXHFVw,Joe LaBella,https://play-lh.googleusercontent.com/a-/AOh14GiREVqxQXO_nSHIgaxPC9vwudApZW9ywqg1lt8E-w,"Is a great game sure, but it's just too much like game dev story that this one is uninspired and boring.",4,0,1.0.6,2015-02-20 11:15:14,,
gp:AOqpTOHsBPoYrz037L2dmjXdWHhPOLex3uq8iA8ejyBaiGmUF8xxVKV4kUtsQ73ZR19OYkRlfmYKdLzmbTCgrg,Ellen Johnson,https://play-lh.googleusercontent.com/a-/AOh14Gi3Zzld1APpwwYdJc0ESD5pHiRqbauBeSwK4U4n7g,"It could be better, but I am not saying it is terrible. Its just that the offers are repetitive and... yeah. I know you guys at Kairosoft can do MUCH better. Oh well, see ya next released game.",3,0,1.0.6,2015-02-20 01:19:36,,
gp:AOqpTOHgH9q-9GkVyHYeR08mxGyRHkFNfiIXoMwcos6LYDnEtBwcIxYMG7AY__d2XSHTMFoNzvC3TQtyFzYcsw,Makaii Melissa,https://play-lh.googleusercontent.com/a-/AOh14GizKuFaYkuI3MxairDSaKwHnGxCi4Yas5od8oNACQ,"Not as in depth or creative as past games, and not much replay value since nothing of value transfers after you beat the game.  Disappointed.",3,0,1.0.6,2015-02-19 07:58:21,,
gp:AOqpTOFYSkjvV5QOIPzq5AIToYU7x1JvQ-vP246mCwqh4mbKS8yRb2DEy0UkMEILqr_B-154LSnNZ86xZazmFw,Jade Ang,https://play-lh.googleusercontent.com/a-/AOh14Gi0Z8YhDvN2hAen5vQMdBecV-nnYvUEud_y06Su,It's good to see new game from kairisoft but this one look like the re-run of game dev story.,3,1,1.0.6,2015-02-18 22:24:05,,
gp:AOqpTOHAmkWq5jYakxayT4gL1tQ-Ksbb9ewGSmA9Oht2tu22S1HQmtdisZNAtMfDK2_WVFEANMjL3KxN6Amp2g,93maxie,https://play-lh.googleusercontent.com/a-/AOh14GjH7QsQWRBCDRS2OlYLNhFK4IoadeB3lEA8JK68,Love it! It's a simple yet excellent game.,5,0,1.0.6,2015-02-17 16:53:52,,
gp:AOqpTOEHiOBXvLCFy2_sfOKv2V4LSJtEfvlcWm4d5LewhTfUOSc8qLUYvBx3UiBhJeLCbthaM3f-f0Lhz1W3cA,Steve Harder,https://play-lh.googleusercontent.com/-Wh0Dy0cqlgU/AAAAAAAAAAI/AAAAAAAAAAA/AMZuucnCQr0XAQQfmVqRjxBKF8x9PWoTgA/photo.jpg,Have you played Game Dev Story or Magazine Mogul? Don't bother with this lazy re-skin of older games. Such a shame.,2,1,1.0.6,2015-02-17 10:22:58,,
gp:AOqpTOFr4bs_z9n5tiI6HvM-PoAhQKZ9GSgiTWT_q9J6ewR4GMDQlsg9sqb1cXr-WxGNNSodywB4g4fKx_ZAxg,Overlord Nanie,https://play-lh.googleusercontent.com/a-/AOh14GjihsXMh3sKWBrdYY0lP2UX_SUdJUNhHOJlQM6Fpw,"It recycles many concepts, base animations and ideas of their previous games, but that isn't always a bad thing. I think it would be amazing if the devs updated it occasionally with more sub contracts, as that list seems a bit limited. I really would have liked the ability to add multiple characters in a single show, maybe build relations between them or something. It could go through a big time upgrade really it is a great base system.",5,5,1.0.6,2015-02-16 07:29:00,,
gp:AOqpTOFeb-8f-YIZ80kcRuUQg-MyfS5yw-Fm3_NEq4mKA6jrJl7_qibeIF_gpZMu25pxjQ37n7DunfTuSlmIcg,SuperJono3,https://play-lh.googleusercontent.com/-07eCQcPRlqg/AAAAAAAAAAI/AAAAAAAAAAA/AMZuuclP8fTH4FC8pM650Jqru8yTzQvspw/photo.jpg,Wasn't a bad game but l would like to be able to create a series of anime (eg like naruto or one piece) and please post your change logs in public,4,4,1.0.6,2015-02-16 00:34:37,,
gp:AOqpTOFd2L1EZWpFwDvsv_9B-wb0l6Ai5rzwRB1G81O3QZ_3mcMoy_YyMd3fY5FvMZTx1TJr5R_ZSo3I6JiheQ,Leon AAA,https://play-lh.googleusercontent.com/a-/AOh14GixneFH18dXSkia3Vs32iZ4RCXLtlczqB_X5-wc,Very disappointed. It has the art design and humour that I love about these games but this experience is far too linear. I feel like I have very little control over my virtual studio. There should have been more features.,3,0,1.0.6,2015-02-15 23:38:16,,
gp:AOqpTOHwE9hHOGt6puABvzmUCLYkLNE2e2gSy2sWHpbe-DF2wa97ug4Sy6teUwhDfa6b3zSojyCskIxBMhMOpg,kirk erickson,https://play-lh.googleusercontent.com/a-/AOh14Ghhm25VT8fyv8V2ublmFvxYxtc0sfZlufRPYeP6XQ,"Not quite as good as Game Developers Story, but still great",5,0,1.0.6,2015-02-15 22:35:37,,
gp:AOqpTOHWLeoKfVcYRsL-CREe5rX_g6K3oKKlCcwBVyDEFB2qw6Mfw2Bt7EPdXCVNLvtpQDcVHKpO5BMBlhyjpQ,Sharon C,https://play-lh.googleusercontent.com/a-/AOh14GiytS1aWXomHKJkOecJa_LqLDk6znGfwdW9mWZwJw,Magazine mogul was better... But I will still buy every English game made by Kairosoft. Hope u guys translate the bakery game soon!,5,3,1.0.6,2015-02-15 16:17:05,,
gp:AOqpTOE5M1I9PazSVZQIOFyQkVc4mCiDCCKKs7SHbdwI0xfly1PM3qBPbCbbifs6QQbMX2PA1E9nG0kM2Pbvfw,Ross Goulimis,https://play-lh.googleusercontent.com/a-/AOh14GgQ1ABVTbmYB8ZXHQsbC31RlKNVptSblLAYfO1F7S8,"Fun for a single play through but after finishing it first go I realised this is nowhere near the quality of Game Dev. It's hard to fail and there's no complexity to the game, you pretty much just keep churning out another anime by guessing what two themes go with a particular setting.",3,3,1.0.6,2015-02-14 21:36:44,,
gp:AOqpTOGgOrc_7RWi9WyWz0Tc6XHuWdVV_qs--6Fhv458V6YAGU5eCK_z-G97xIkQVs1fLktyivrO7wdm0NI4Vw,A Google user,https://play-lh.googleusercontent.com/EGemoI2NTXmTsBVtJqk8jxF9rh8ApRWfsIMQSt2uE4OcpQqbFu7f7NbTK05lx80nuSijCz7sc3a277R67g,Get Magazine Mogul instead. This one doesn't have enough variety of tasks.,2,0,1.0.6,2015-02-14 15:18:35,,
gp:AOqpTOFB1luGaCEmN6_mkY7iDsV4M1zItwd1paq_l3xEfEGAQodKlzJMuTjgY4zK2d80Rm5lYQMWkuNv4CMoIA,Dave Taylor,https://play-lh.googleusercontent.com/-5PppeaFjPJI/AAAAAAAAAAI/AAAAAAAAAAA/AMZuucm1WMdo9eQkcaQYHarc3fmyiJUqGA/photo.jpg,"I'm a fan of kairosoft games, but this is a little phoned in unfortunately. Pales in comparison to game dev story. Also suffers from performance issues on my lg g3 for some reason which makes it tough to enjoy. Only kairosoft game I bought and couldn't be bothered to finish...",3,4,1.0.6,2015-02-14 12:45:08,,
gp:AOqpTOHd3q3VY2FTCMItrVva71NhkuWwRZbJaP60CIejrzgbMeR7DeQroZ3Kjm1AuSdyzJcalwO6MQQGTQjulQ,A Google user,https://play-lh.googleusercontent.com/EGemoI2NTXmTsBVtJqk8jxF9rh8ApRWfsIMQSt2uE4OcpQqbFu7f7NbTK05lx80nuSijCz7sc3a277R67g,"Really fun at first, It can make you can't sleep cuz of playing this game lol..but when you upgrade everything completely then getting boring.　",4,0,1.0.6,2015-02-14 02:11:37,,
gp:AOqpTOEqZneN-OkeKalsUpNpkWV4o6X0oCX6PgafEVHrUvU9lCOHbjDMi4rY1EWrdoDAokZCP9Ko9CV71tHpGA,Dylan Hughes,https://play-lh.googleusercontent.com/a-/AOh14GiqV4I0D7JAf-vL5ncGumulzDGDwmvIKMY_QMgq,"It's like, a spiritual successor of sorts. It makes you feel like your almost playing the game that started it all, almost. Unfortunately it's simply a stripped down version of such a brilliant classic, I mean sure it has some new features such as character creation, but it removed so much of what made the former great... It just feels bare bones. Though I craved the simplicity of the original game, thus game does it badly, and takes it way too far.",3,52,1.0.6,2015-02-14 01:55:56,,
gp:AOqpTOF-MHdH8ektYMMbbslj_d7aCHiujnoVm4zYO66iF_qUTK4MssIbD9BiYaGK3zr-XYXHRlMDjbG4nFvnjg,Bloggie Tactus,https://play-lh.googleusercontent.com/a-/AOh14GiFgH3oQvs6FBgn1xKErwbN2PTk0GG0x1HbiNfB,Great game,5,0,1.0.6,2015-02-14 00:19:21,,
gp:AOqpTOEJe27DwCAlwfWp61ccHpODb6X61EkBO_jEUuCYiOevfSe44WTkmHbDBaFZJYJwfzwTbwC-hCMhK62Z_g,Iron Raptor,https://play-lh.googleusercontent.com/a-/AOh14Gifrbl828CYena-xIJxPqIA_hxGxIiXDkHYbeaP,"Every time you start the game it demands to phone home to make sure you didn't pirate this game. I hate being treated like a thief when I paid good money for this. Utterly disappointing, kairosoft, I thought you guys were better than that!",2,28,1.0.6,2015-02-13 23:58:38,,
gp:AOqpTOFtuXr17Rl8MTDkTIvITbxB8At8jsfCYLL8H06dYeK9f5lnXkfYWOb1n_sQgmJW8NnRjTcLmpgnXt7_5w,James Canty,https://play-lh.googleusercontent.com/-Yb4YC29x_PE/AAAAAAAAAAI/AAAAAAAAAAA/AMZuucmw2--nB13OrLGQUPW0KJgoKv9l1A/photo.jpg,But I already played game dev once,3,4,1.0.6,2015-02-13 21:25:23,,
gp:AOqpTOFb9Y__eXGeatappGtQz1JPvd0wl2628LbKbq55Fylbqkz42DhSJpdmvk5gJg2tNr46QsQAPU_uHj1pCg,Ralph Chilton,https://play-lh.googleusercontent.com/a-/AOh14Gjg1zFa8CBYyM3-d9dbvsT8V1CptbiuwPW8tdZwnqc,"This plays very much like a refined 'Game Dev Story', and as such is pure, uncut addiction.",5,2,1.0.6,2015-02-13 17:50:59,,
gp:AOqpTOEMzKwPw_2fGY6gRYYeg6Hx52CjeJ7juj4AkcA0uP0-17g_g5cuUCEzfkVvY8Iw6VHyYOZ_VP-9XKX2pw,David Fulcher,https://play-lh.googleusercontent.com/-Fvf82WAT7pc/AAAAAAAAAAI/AAAAAAAAAAA/AMZuuclDWNrXX9x3_q6RCt5kGZr4SqgXJw/photo.jpg,Best game yet!,5,1,1.0.6,2015-02-13 16:29:35,,
gp:AOqpTOEVaP96UdTS29uWZr3cwyupWppY2FPCaHCH-tv9e1U29l9arjtI7DNbhPEyLJqcCq8mzEHQW0-Da262_w,Thomas Ray,https://play-lh.googleusercontent.com/a-/AOh14GhNLcjIa4IalaOsoyBhEWOm65FLHyoBBSyQ0VQ,Just like game dev story,5,3,1.0.6,2015-02-13 07:13:43,,
gp:AOqpTOFl_lE4rscUQJ3Zyqku1FOUUKd3FVW36IwRAO98xhqbH2rEKpVvS5ixR83P4xar5nWb8j5uDMlcWZe_7Q,Rucadi,https://play-lh.googleusercontent.com/a-/AOh14GgNjKfh5AOcc8QVN829gsmrjLXqLjqbvg1SrHzyqQ,Wow i love this game!,5,0,1.0.6,2015-02-13 03:25:07,,
gp:AOqpTOH2MIWyB-WdR5ayc4wb44Utg3HAyKr5hRz4Rnego7ah0JSw640PXS9J0a9g_4HrL2HesxNiEIUMW4yaMQ,Kyle Cantor,https://play-lh.googleusercontent.com/-3EW-NX0OKJk/AAAAAAAAAAI/AAAAAAAAAAA/AMZuuckqjVSyExzlBLU6MlTN8IhaNW4I3Q/photo.jpg,No new features or ideas in yet another kairosoft release. Games were fun at first but now it's just copy and paste with a new name and graphics,1,0,1.0.5,2015-02-12 14:47:02,,
gp:AOqpTOEeBSxDDNWSPCjLcowd4RgekQaH6_E3C8moz1wA0eAhaHTPu-C1yA1i2gJg395Ka44MrQfKmU9LbUX-Ww,Gabriel Kemble,https://play-lh.googleusercontent.com/a-/AOh14GgOoAr9hU6q4agH90lUcZelWE0dCE3BuW82Ra7wQQ,Really it's decent. Doesn't seem to offer quite everything game dev offered but good in its own right.,4,0,1.0.5,2015-02-12 14:39:05,,
gp:AOqpTOHmUFS4itKOJM2DvidYmq3QxLv5fKhNKiZKW7aUOYhcz9te4ECHzdXjJ1fqU4KFxVl476lL1xvMbe4YXg,Mart L,https://play-lh.googleusercontent.com/-3gVSkZ8vO4s/AAAAAAAAAAI/AAAAAAAAAAA/AMZuucmEPuN4mcLp03hQqgJmZ6c12u4MYA/photo.jpg,"Runs like crap, what's it optimised for ? nvidia K1?!",1,0,1.0.5,2015-02-12 11:14:54,,
gp:AOqpTOGbMQsP4vW_sq5Oi_7B8-6Qs6Ojpb9mg-4JN1PjH9OKdHJCCgnIYaeRZ0n6AOqcxMJ-5NMDEjp6XJ9_YQ,Alan Hosie,https://play-lh.googleusercontent.com/a-/AOh14GgOSyeCnKYY1kn9suXDcszbXLbv4wCmVt-mnjKP6g,It's trying to be a copy of game Dev story but falls greatly short of the mark. It's not got the same humor as GDS and lacks ambition. The boss (you) is very one dimensional and mainly says bored ect. It needs an update to fix these matters,3,0,1.0.5,2015-02-12 01:55:23,,
gp:AOqpTOE4bYkMtM1lj-LQgVSKjtcjRJ39_7ubxApLhH9SNP9tBjzn_rR6PzMqEdwh9_J7tqsUL3SzS5_FClIggg,ElcomeSoft,https://play-lh.googleusercontent.com/a-/AOh14GiZe6nNokTNsCj8ydGnxUy_lhX2tOSDbrCDuH0Grw,Buy Game Dev Story or Magazine Mogul instead. Anime Stduio Story is very lacking in both depth and features compared to most other Kairosoft games. It is also ridiculously easy to make great shows and oodles of money so there is literally no challenge at all. Within maybe an hour I could have said that I had accessed 99% of the content and was just going through the motions and churning out anime for money.,3,2,1.0.5,2015-02-11 20:05:19,,
gp:AOqpTOE6sDux9aMzEkcQkWfh4w1v3Od_D19msRJm3foEULiEujw53gsjzKyCXwAkHqpPPjjElOEk6sPvoGR0Uw,Isaac Hamann,https://play-lh.googleusercontent.com/a-/AOh14GiuhgPXxWa1vV65eK8MkCvWRdc__4-sEs_afHFDYQ,"What can I say? It's another Kairosoft game following the Game Dev Story format. As mentioned in other reviews, important features are oddly missing, such as if the combinations are good or not. High level hireable staff are also missing. This game does contain one major flaw that greatly decreases my opinion if it- There is no major goal, such as building a console in GDS. Kairo- you've made too many games to make mistakes like this. Give the fans what they want and port GDS 2 already before we lose hope.",4,2,1.0.5,2015-02-11 13:37:38,,
gp:AOqpTOE68vA0GAGPXm3_-eL742Cu546yYjXjggyWb2zZMptHZCAV91HNaiStBnWJNaPoQ0qFIlk9rsc5zX9_-Q,Nice Shine,https://play-lh.googleusercontent.com/-EROQvr4kt30/AAAAAAAAAAI/AAAAAAAAAAA/AMZuuclG06RXbddbXNS8T2DT1tjtBQLOPg/photo.jpg,Woth addition to creating your own anime heroes and also adding facilties tp enchance your staffs abilities etc! Nice!,5,0,1.0.5,2015-02-11 07:29:00,,
gp:AOqpTOGSaalhHftgNyhOAl0hBacdljphQ2k_e1yxozACgmvmCo7SxNST8KkOE0YBBKrVeZArfDcUapoBJGKdzg,Mark Jasper Joseph,https://play-lh.googleusercontent.com/a-/AOh14GhwjsPZqoRAP9B0jveYY0MBE1trbapxrg55-eAFtg,"Another masterpiece! I hope you can also create a game like managing a boxer or an mma fighter, or a basketball team. :-)",5,2,1.0.5,2015-02-11 01:21:35,,
gp:AOqpTOFoQUTxkX2g6XMHPAKodszN-AwJRqigtM70I8wg6QNtvMRN7vMvWXo-QLrQXsM3xntw-a2bZEmj-WhhGw,Matthew Hall,https://play-lh.googleusercontent.com/a-/AOh14Gi1CaBJltvFGqI8T3M9p-RHwAXv-0hN05NuzQgy,"The game itself has a good system, like every game you make. However, the amount of content is less. This I noticed since you can easily finish the game in a day and a half. I hope there will be a sequel though!",4,0,1.0.5,2015-02-10 21:37:20,,
gp:AOqpTOFB08XWp7t5nHjg-0s0yfd1o8QMOPyBFDTbclUSZmIGOYQ1YBuJNIaYZ5LkVJ7Q_DQHJwRzx1MDsm9VHQ,Gareth Pope,https://play-lh.googleusercontent.com/a-/AOh14GitieKmrzp7aPghPLMBfca6yiU0NkppRiO_hQQvkg,Would be 5 stars but can't find anywhere what's the point In having the school facility I just seam to be getting the same applications,4,0,1.0.5,2015-02-10 16:26:36,,
gp:AOqpTOEorWTMuCO6U1ij5uX5_7qFe024g2hUbXaIEFFrKJE5eT8u551z1koYgEsReboqsPgB-PK_j6LypII23g,Johnathan Chitwood,https://play-lh.googleusercontent.com/-Hso6uYDmMOg/AAAAAAAAAAI/AAAAAAAAAAA/AMZuucmjF_M0TyvREGjR-PXw-AFOQS8CsQ/photo.jpg,"Like Game Dev, but better!",5,0,1.0.5,2015-02-10 06:27:03,,
gp:AOqpTOFo-xaPa1OMCFP29sG68fCePLrWMUXmfiMJOe1EL7VdfAoxTWOhdvLo51S_5ynTgHTxmQkPEoBZg3cexQ,Hugh Mormi,https://play-lh.googleusercontent.com/--krKeYOKfTk/AAAAAAAAAAI/AAAAAAAAAAA/AMZuucnKe7YxLAOH6z0sVghGOlJbOldFRA/photo.jpg,This game takes game dev story and improves on it. The closest thing to the sequel before it gets translated.,5,0,1.0.5,2015-02-10 03:51:37,,
gp:AOqpTOGNBLl9PMTaDc_Zq7GmTIbmQlBPL-9EFx5OwmeaOYhxi9ajftp5kzNmgHDqqY53q5giF13NLuZ6P3L6OA,Shottymazer,https://play-lh.googleusercontent.com/a-/AOh14GgA9HbCK3N2yHGMa1zttbwxDnLBrKW15htRb0M1XQ,Gotta love this series,5,0,1.0.5,2015-02-10 03:36:49,,
gp:AOqpTOHq1Xo6swIKIIrHomNE-x47mKlkAUQrx855utiCCnFqIvzd6ZOGIEaBe8z5ViQw6HAzoHCZ5Oad3cbqeg,Bagus Aryo Utomo,https://play-lh.googleusercontent.com/a-/AOh14Gj83w2MZSOzsUFN-eN4CsPZSkjfOv15T59sQACG,Pretty sure there is no kairosoft that I didn't like :),5,0,1.0.5,2015-02-10 03:06:52,,
gp:AOqpTOGrfFQjlApv4YWlAfZ5xqjx2RKmhurCVh4gCKrMj035Cb9yJdPPUioFCJLkWjq0rISHomOrzx-Qo8yYBg,Matt Dellario,https://play-lh.googleusercontent.com/--U5EGxNFplA/AAAAAAAAAAI/AAAAAAAAAAA/AMZuuckzxIfYOEsxzO70mSPnqkU5SLr_cA/photo.jpg,While I feel it is somewhat shorter than previous titles still had an enjoyable few hours and am happy with my purchase of another kariosoft game,5,0,1.0.5,2015-02-10 02:08:59,,
gp:AOqpTOH_XxcBPY14vO6NHrJXd8O_p93fUlBvlg__7E5SYKz6MqQN5LjE6M05qVv0LHPOccQRmnqt7cCWOPzrwQ,Michael Christoglou,https://play-lh.googleusercontent.com/a-/AOh14Gj2NBO6oX82-I9ECRlxdRZv-bVdYcbqngf7_ALPdQ,I really want ro see more kairosoft games :-),5,0,1.0.5,2015-02-09 22:22:28,,
gp:AOqpTOGsF95SsRmByEdz18lbhDllM-INlTyykFIdHc8zj4mxMwBYl1_USoij8tEpqOnUf8xzIUg5wiH2f7IR-A,Raymond Pryimak,https://play-lh.googleusercontent.com/a-/AOh14Gihe1O3kqDbjOmSN9JjxsG5_HtE5CLDyXQQhvggJA,"It's amazing, and if you really enjoyed Game Dev Story you'll definitely like this game, I highly recommend this game",5,0,1.0.5,2015-02-09 19:12:39,,
gp:AOqpTOHjOSDXaQHn6Tincpmxv4jdkHD4M08X5jArtAx2UKaYpOVJhAbDP_BjN5WowrRTz3xd0VPJHRyNMMBaHA,Serph Demon,https://play-lh.googleusercontent.com/a-/AOh14Gi6xLqbk9MFgAha3urzg8PGfNc1nJQ1l1vTtuFApQ,Amazing,5,0,1.0.5,2015-02-09 17:47:32,,
gp:AOqpTOEslGjHi5nuN42WcQFR7L6xnfhEj6RwmZh67ZvtnlSQTFayhqBlVM0VPcVn9CSYeqJyGt1wv57PWEdkkg,Melissa Cullen,https://play-lh.googleusercontent.com/-B8YDNxrdYN4/AAAAAAAAAAI/AAAAAAAAAAA/AMZuuclFKTu513d7Aug7Jlm1ofPvFPJehw/photo.jpg,I don't even have to open it to know it's amazing. Instant buy everytime Kairosoft releases a new game. :),5,0,1.0.5,2015-02-09 15:03:46,,
gp:AOqpTOGahjZwd3dBy3oO7LMnMT8PJR2WR99gYktb33J2oakMtJSU_a51ceUNkPueXYIBIkodLLO8uC9O9YPz7Q,BORДT Sagidiyev,https://play-lh.googleusercontent.com/a-/AOh14Ggc2KLRdUrZImoFMvw1srV6tV5ObaNTSXzDHypIGw,"Like most games they make, very good. Similar to their best game, game dev story.",5,0,1.0.5,2015-02-09 13:48:30,,
gp:AOqpTOEpZevY_HsoyRhvQKyDiLfWJFKdFaDwMwRBiiUxh9V9u4p-jvweAFcC8sieRNyIhY8Fp6YrkmvCQbCgwg,Michael Bennett,https://play-lh.googleusercontent.com/-056N1-GFKcQ/AAAAAAAAAAI/AAAAAAAAIHA/AMZuucn-tvXEWLuy0uZP1JA78HZfeuzCpQ/photo.jpg,"Purchased but won't start, says authentication failed",1,0,1.0.5,2015-02-09 07:48:24,,
gp:AOqpTOEataKHXgHSyA9AZ9EwTFa6s7FXEaIBMF1FHJRrE03sExsUjdZ-c3kIGxFyZAHMmb4F_OG4KBI5EcIWCg,Alex Adanah,https://play-lh.googleusercontent.com/a-/AOh14GiSgJM_60rVo-EZSziKtytl2myXDRPWcskAHNXE,Such a class game very  enjoyable at first I thought it was a bit step for its price but no no no! Its AWESOME!!!! thank you for making a game like this. Everyone buy it it's worth your money!!. Thank you ~Alex,5,0,1.0.5,2015-02-09 07:29:56,,
gp:AOqpTOGy51_nyT5qajuzbcLKaRuoRVMYzk_xYom_LOjM-_jwMu-Dm3bKgSfENld-LA5EJNcDiaeQYtcAyfMbMw,Cody Rugari,https://play-lh.googleusercontent.com/-5xMx6CFicyA/AAAAAAAAAAI/AAAAAAAAAAA/AMZuuckFYeIANmpHkMyFvofGrogV8U0JCQ/photo.jpg,BUY THIS GAME :D,5,0,1.0.5,2015-02-09 05:16:11,,
gp:AOqpTOESDXNjCp1UyMKiNoELbEb0XNOGcPYXNBl8nz7h9PVbSJGEQWteIafwvmrXvxGj30QO3ltU7Qy-W7G_8Q,J Hawk,https://play-lh.googleusercontent.com/-6F2-2o77Yig/AAAAAAAAAAI/AAAAAAAAAAA/AMZuucmY0L_6zJNPTy8haeeUVO6h7ZR7pg/photo.jpg,Awesome,5,0,1.0.5,2015-02-09 01:11:32,,
gp:AOqpTOHlV2dTEPu3eZS-IOQLm9wBjiT5irPl8b6YICbSbZtNL4IZg4AxfxWlrNwHG0IIT8m_bwcB08Ymt4o-jg,Hoshi Arakawa,https://play-lh.googleusercontent.com/a-/AOh14Gj59a55blGB6OJxjvMBe8DJbw9Q-OdM4JSlmW5zwA,Thank you!!!,5,0,1.0.5,2015-02-08 23:06:30,,
gp:AOqpTOHi4r1h9Op-peUqsuF8l1nn1lVxTucUSqe62FaMUH62HQSatKGW0fHjYU-AesNR2DdrAoXubJus8yY4qQ,Baptiste Dorion,https://play-lh.googleusercontent.com/a-/AOh14Gi55RyhGE1gonq8dktUOTDQ0bWcTmFwkNhqyiKR,I feel like to play magazine mogul over again :( and due to the € crisis i paid that game a bit too expensive... Please release the game about pirates :),3,0,1.0.5,2015-02-08 22:14:52,,
gp:AOqpTOEaVug0g_C0NIZodxCxIGmC08rKXSEIAtS2QshmkjI4Gc2WeZ0IrBLkA0aiWT6rrOPBOxVN3wgES8qjfQ,Antony Hollums,https://play-lh.googleusercontent.com/a-/AOh14GgrLcGN_F0qOm-8j_1wgdKttilcV3XLL-PLVoTg,Always love kario titles. Great games. I always get em.,5,0,1.0.5,2015-02-08 21:23:36,,
gp:AOqpTOFPWp0cKpfA4y_lTmGfihCNqCODhhWP_2vNPsIYyvGRxsn8uazX3GF97VMxJ_JXbYnnHmMG2pg7Ayk-Hw,Crystal Campbell,https://play-lh.googleusercontent.com/a-/AOh14GgUYFK6BdFIVgJbhwKumLn1idJlEoRi1FH74ckluGk,Game Dev Story but TV,5,0,1.0.5,2015-02-08 21:22:59,,
gp:AOqpTOHzxUiDwq6HGrYDvcbd3FyaRLUp28xbPaEpwh5d3zGA2JAqL2kIikITRX3bbNV6AeUyLz68n7h4tvdMxQ,Aaron Goh,https://play-lh.googleusercontent.com/a-/AOh14GjW2y_34LiPGZ7cIzp5MtymskXik-vDyV2Qu6kXgPw,Very similar to Game Dev Story. Love the focus on anime characters & shows! Keep up the amazing work Kairosoft! :D,5,0,1.0.5,2015-02-08 19:20:37,,
gp:AOqpTOGjQHuvcy376E0lZ7fmMC2-93MOj36rz9GEU2HfCnVZcUzktqsgw_rguWrONhUnpOIOC-fjYJTZosGt7A,Sky Koh,https://play-lh.googleusercontent.com/-ShYsacYZJWs/AAAAAAAAAAI/AAAAAAAAAAA/AMZuucmnVzgmFoZQxqhRzoFXeEnhXgKWGg/photo.jpg,"Best game ever, I like the best for kairosoft",5,0,1.0.5,2015-02-08 19:16:37,,
gp:AOqpTOGyLznr13BSN4LHqXda_z9pWkiAVMvqeRrDirI4GKB_t1qP3j0q7fq5So8IGGmX7u4yeLiBtJWjKHdiZQ,Michael Davis,https://play-lh.googleusercontent.com/a-/AOh14GhudH-A1LAJik0DBVRVjmBVqiG_c66G7dIA6Fbyxw,I own each of the games that karosoft has come out with and they just keep getting better and better.,5,1,1.0.5,2015-02-08 07:50:12,,
gp:AOqpTOEb3Q6KyXoVdc18xjTy0C_JcOSTVrj4ZviwxN6CJumt218HuZKKBdhYr7WcftyLnWWCew1h3_0QEtBUmA,Rudiger Jones,https://play-lh.googleusercontent.com/a-/AOh14GheXEeXjTNBD4ElahqQKibRw3zJwMjO0ZyZpNYUtqA,"This one is very much like it, yet another addictive hit by Kairosoft...these guys are the crack of the sim game world.",5,1,1.0.5,2015-02-08 06:25:19,,
gp:AOqpTOGdCusmEgN4rdgN2_w-uBH3PR7AKMoARVwGg4e3syJtBmZNV_pY3B1zgONPUCsU0DJevyxwQ3s1975iog,Milki Verplanski,https://play-lh.googleusercontent.com/a-/AOh14Gg5Ng7LfPfqNh4FSuwlCo7g0zRQV_7D-aF3m4v-EQ,"It's somewhat of an updated Game Dev Story, similar to Magazine Mogul, but with less features. Something new that it adds are rooms you can build, but most of them get pretty useless later on. You can also create characters for your shows, but only one can act in each anime you produce. Anime Studio Story has no treasure hunts or items like other similar Kairosoft titles and not much else to offer besides the ""find good combos and train your staff"" gameplay.   Something that really annoys me is that the game doesn't tell you if a combination you already used is good or not (like Magazine Mogul does), you will have to remember that or look it up in a guide.   Some kind of indication what kind of bonus the head and bodies for characters give would be nice as well.   Would have been nice if from mid-game on some more features would have been unlocked, like using 2 or more characters in one anime (MC and their rival, love interest or best friend) and having that influence the popularity of the show further, or being able to upgrade the rooms, to make them more useful in the end-game and stuff like that would have been nice.  It's not bad, but there are better Kairosoft games.",3,23,1.0.5,2015-02-08 06:13:47,,
gp:AOqpTOFntuMiioqWq0SkrXRkr5imopcoP9UB5Qitx331QKAznjRntp1dVeHEXD6xoS0VqjsfUnmJo0uvvJbRAg,Budiman,https://play-lh.googleusercontent.com/a-/AOh14GiBl5MSrATVXtggxEftJArWVgsaAqW-221pZYSH0Q,Simple.. It's kairosoft :-),5,0,1.0.5,2015-02-08 04:56:30,,
gp:AOqpTOFI0tipzyjTp5Sa-mCCPskL2vnog_nlvc_JGSShLRhNJvEGiPsGrNFptUuQ_j7xeB1z73Qgl8G7aCOalw,Craig Robb,https://play-lh.googleusercontent.com/a-/AOh14Ggxlubf2LhFbPextWuI1jVITqXHyGvpls9rofhw5Q,"Thanks Kairosoft for releasing the English version please continue, your games are the best.",5,0,1.0.5,2015-02-08 04:01:55,,
gp:AOqpTOETXYKgotpyI46Ru8rvBeHddEDvmOTEaTjUViEg9lWPG675-C7iC4c8L75wboQw9JiSe0daKBGHZoETHg,AJ Thorpe,https://play-lh.googleusercontent.com/-wHegVurZScs/AAAAAAAAAAI/AAAAAAAAAAA/AMZuuclbBVD2lBuCQ35v0q9NeJtNrJrlDQ/photo.jpg,I love all of Kairosofts game titles and find myself playing them over and over again. I lose track of time and always have a great time playing them. Thanks alot Kairosoft for another epic game title. Hope to see more great games from the team in the near future.,5,0,1.0.5,2015-02-08 03:28:43,,
gp:AOqpTOFl4yPptC7mvxSm7NMc3sTY1aAY2zn92zJBm_eQJNw9KPxXSdGFNCRXigarM2_tyY7u7_ZuqI-vs7JRnQ,absrecion Shaitzzey,https://play-lh.googleusercontent.com/a-/AOh14Gj35cClCTEwI_hj1-iMVyuzf9wBNdTHREFGXHjnEQ,"I love Kairosoft so i will give them 5 stars for this game. But i REALLY hate the idea of pressing at random during the Award-winning. getting awards are based on votes etc, not at random click. Its hard to get the Grand Prize, even while i play Game Dev Story the last time. I hope this helps when u guys create a similar game in the future. Anw, hope to see a new game soon 😊",5,5,1.0.5,2015-02-08 02:57:48,,
gp:AOqpTOE5demakNzUnb4usSfQSutXBDNZA8BrHt93qCVEBm491p8h6_9Ji9ukupVGqsj1D-MagDewUmXFe7-F2w,Rae R,https://play-lh.googleusercontent.com/a-/AOh14Gj0TQfgAp3-rDd6j-r4H6tN5eKh26EMt8QRZ4-GGw,Just like my favs game dev and magazine mogul. Now one of my top favs as well,5,2,1.0.5,2015-02-07 23:29:42,,
gp:AOqpTOEAVfd-IO1e5xh-Dg-S-P1r37bae8VISV_SC5C7O1jnxx4jJUQNB4KfWMaaNKrn8W2UrCMXtwVwz6XAYQ,Antonio Martinez,https://play-lh.googleusercontent.com/a-/AOh14Gj0I7k8lHIPPWw5OUohq5udqaVMNRotSg0MRNtX,"Kairosoft is knocking balls out of the park with their games. Amazing, engaging, and incredibly addicted. The only time I can manage to look away from this game is to charge my phone so I can keep on! I love you Kairosoft, please make the leap to console games!",5,0,,2015-02-07 22:16:04,,
gp:AOqpTOHieFOvpmo_H0YgMv5M-kULJvVhl3lI3FfbHRLVaOpk8UG3GJcGsavPDfOrDdmvEWb-MjrJUFTvlT2xpw,ObliviOni aka Oni,https://play-lh.googleusercontent.com/a-/AOh14GjRJuz7346piznrn52Jn4B8VjxgyEZW_fY9lb0-,As much as I love the addicting kairosoft perfect hybrid of rpg and simulation.. Please stop selling the same exact product with different themes.. you are one of the most creative mobile game designers and you aren't trying to evolve... This game 10 minutes in feels like every other one of your games but at the same time doesn't even feel like a animation studio but a acting movie srudio.. I'm about to press the refund button.  Sorry I Played It All Before...,3,2,1.0.5,2015-02-07 18:14:00,,
gp:AOqpTOH1lBbRoaOIFAW5kW4h5woEAQ7_ckcql8CtX6DVo_-ZIVHhv0QGXrNuMxmN439HB0qAsLMRhl9jJ4Wpsw,Plsdon’thurtme I’m scared,https://play-lh.googleusercontent.com/a-/AOh14Gg7GMzxp1GVP0UfMj9fYaHv5yHHS5sZCwDG2h0U-g,"This is an amazing game, I always do terrible. But that dosnt matter, it is an addictive and really good game.",5,0,1.0.5,2015-02-07 17:48:22,,
gp:AOqpTOGIUMd_bP_7N-Olx9Ek6aej0pWa-zLBbWD1Pusr4ORx1t1tSK7EQFUoPj74aqFC_JgPQgyckYxuzT-sEg,WolverineinKC Gaming,https://play-lh.googleusercontent.com/a-/AOh14Gj2nFGA8bQfM1Ku8wKl6vLYoD-SAo3m8-fuOL4E,I can't believe we get 2 releases this close. Just made my day,5,0,1.0.5,2015-02-07 16:30:52,,
gp:AOqpTOGpkkraF3pd1XsR6lN0mdIRlnuRVaxUF1n7zTEiDVfsYxiMFbAxRBRjzjp8GAD0Qf8DDX6h2bVrkmQBjg,Stephen Nagy,https://play-lh.googleusercontent.com/-MXxRgDLI-ss/AAAAAAAAAAI/AAAAAAAAAAA/AMZuuckdubzNItlfgeudRUO8tgcu1QpfIw/photo.jpg,Best one in awhile,5,0,1.0.5,2015-02-07 12:46:09,,
gp:AOqpTOHMQyzLp0RE1W2pNZ_5mo0m9W_BKHqzxDc1KUcm6KljOhtVPRZ17Gihf_al86pZGrruIWE4KG2ScNa36g,Trevor Sutcliffe,https://play-lh.googleusercontent.com/a-/AOh14Gi_rZ9_27RhpnTa023z2cObLEzvRiCTp9rq-bfT3pw,This game is very similar to Game Dev Story but I actually like it a little bit better.  Research points were implemented in a less frustrating way and it's fun to create your own characters. 5/5.,5,0,1.0.5,2015-02-07 10:18:06,,
gp:AOqpTOE_O87GR61hdGgmetW73NeAJJVsFpopZVGA2gu9BeghJyl5BDZCseflHd6V6Hz2DpIM9L2BLGps4NycTg,Amarit Karmokar,https://play-lh.googleusercontent.com/a-/AOh14GgrAZyxpbpmVN6ZtN6Fm7kMOYJJPJzbBtAYVBHrfQ,Shut up and take my money.,5,1,1.0.5,2015-02-07 07:31:00,,
gp:AOqpTOH4QRHfEBjW3SJwYtSpIkJjeoEGEo92RvYGTyCmJHpXzyLyhsG-bW66i7SC2ad58H_iFKAN2eFpfIy2jQ,Somedude0029,https://play-lh.googleusercontent.com/a-/AOh14Ghv3DbDuLswyjTN4fGJDUb1v0lhhlx3CTHmEhUnYA,Kairosoft I was finally able to buy ur games hope u make more awesome games.:D bye,5,0,1.0.5,2015-02-07 04:46:46,,
gp:AOqpTOGJVsvdqeB4MdFEs1qtSozO4garaitkwpAAFC6uryK7p_bXlbHiJqMVWmIoLXRZRNRvEy-1pJ0As8lsSQ,Andrew V.,https://play-lh.googleusercontent.com/a-/AOh14GivMAQ_BHc6SF1usb0-TSglSc3KpFVytSpDsT-EuQ,Player this pretty much all day. Beat it already and gonna play again,5,0,1.0.5,2015-02-07 04:10:31,,
gp:AOqpTOHclrfte5D1u4bgTJVERJFApkrux0K8Q2oBhYweqwgo11gy597eHLCWccOtgbgOYwbxWYhGpeMtbAlAxg,Scott Masson,https://play-lh.googleusercontent.com/a-/AOh14Gj0i0zo5IvaurMEQotM4w9hlAT7epykgbWtda_4,Another great game from this company! If you like tycoon games that you don't have to wait around for ages this is the game for you! DOWNLOAD NOW!!!,5,0,1.0.5,2015-02-07 02:14:12,,
gp:AOqpTOExmZlzFPvaPZy8ZqSb7oITAKYFnWKiQI0PyxsKWUb-Gs2W2YXL1iByQaVXa-r2WpM8NVj3lujFYafxNQ,Wasi Arnosa,https://play-lh.googleusercontent.com/a-/AOh14GgsWNAKNoRCRcQgY7lhKfF7_TGO-4J1vGL-jHG-YQ,"Same with game dev story, really addicting game. 😎",5,0,1.0.5,2015-02-07 01:16:17,,
gp:AOqpTOFTw2vTWPwgiszviaOETu5FbOoII4B9HMbm2q5qFyMkm-6FM_OVQRMrAQaS4FD96DgWiky045UopB7h3g,Nick Urashevich,https://play-lh.googleusercontent.com/-u5mUH0RoXB8/AAAAAAAAAAI/AAAAAAAAAAA/AMZuucnbivVHDn_2tzNsB4ds3WmBcqK4hA/photo.jpg,Thank You!!!!!,5,0,1.0.5,2015-02-06 20:54:12,,
gp:AOqpTOGsyIpY0D56fwtZP96vBvHk3pABdDg1YPDKpu253fV9vhjwuK4QXDXOCtaqWwmGuXEKH_mIMR4pTTnFJA,Brad Wilson,https://play-lh.googleusercontent.com/a-/AOh14GjAQDbVNTh5ZotIYsvdKIPMf0_yamNYgJcoTLEGew,Oh man two great games within two months YOU GUYS!! YOU!!! Awesome stuff haven't put anime studio down since I downloaded ARIGATO NE!,5,0,1.0.5,2015-02-06 15:35:38,,
gp:AOqpTOGtlUe0J86jUS-SmzSUHbcFIb4mA67h7ZAJRHsvpJnN3u9c_Ce9_j1maOnlc9YAvSLNdBWPD6JD7WMU2Q,Sierra Breen,https://play-lh.googleusercontent.com/-SAmrvjHaoXw/AAAAAAAAAAI/AAAAAAAAAAA/AMZuucmj2I7dWUW4nl4caD4woYxpKASWYA/photo.jpg,I think its a good game,4,0,1.0.5,2015-02-06 12:23:04,,
gp:AOqpTOFAFBbMIyXF_rk9w91NdOPAH14YIMjvQs300TB50QOSCZ5zjBgjb9DwqK7SawtPuXdUqEVI8M_aIft1Jw,A L,https://play-lh.googleusercontent.com/-JM0r5DSitCI/AAAAAAAAAAI/AAAAAAAAAAA/AMZuucnS2e-9s6TAZvAWG9GMMbVE0EGHBA/photo.jpg,Thanks for making English Version =). Keep up the good work guys,5,0,1.0.5,2015-02-06 09:59:12,,
gp:AOqpTOFYY45_gDg5I9Mo_F3y0urZ40_0ygn2mexnGT-hSzC7Hjc6v0I4agu9GlTEKMDjmBG9p6D4xGrOkw-PBA,Jon L,https://play-lh.googleusercontent.com/-nd16j7xVtvo/AAAAAAAAAAI/AAAAAAAAAAA/AMZuucmWXsBxTJkpZRJjool779ZnH3yptw/photo.jpg,Shut up and take my money !,5,0,1.0.5,2015-02-06 07:36:15,,
gp:AOqpTOHvbV_XS5o_wgJPntaI8XeSfE7sSpB_wPEqQufcfjUPM4IyAWcDHvIvlAMg3HJ2qINOJYrZjLrQEJJIkQ,Evan,https://play-lh.googleusercontent.com/a-/AOh14Gjc7NTrMnw7-RbKUV2pUSIrJB86SbEup4Thit0w,"If you loved Game Dev Story and wanted a similar game, this is it. I got insanely addicted to this. A++",5,9,1.0.5,2015-02-06 05:38:12,,
gp:AOqpTOGZcQd3HmLmNhVxjMlqPGfVfnt88tyH1N0ReVOBhXR9jD1VNcacXoQwI5p7Jd8B_e6Ar4RQbDiAfTm_LQ,Lennel Heah,https://play-lh.googleusercontent.com/a-/AOh14Gj2vGXU2FEyGePKyzaArqsY20PoBoOD0lVX5U9I,Enough said.,5,0,1.0.5,2015-02-06 03:58:10,,
gp:AOqpTOGUT97iBWtf8L5Am6r8uj1BYLJHRvdNU4klRnp7aBh0kHL5OwtFORG1AscEWBcGKN_ttnGSCum8X3WXmg,reiovich albern,https://play-lh.googleusercontent.com/a-/AOh14GhfOko8E4QupqDsqz8K8bpFR8vTi95jPoYEjOJQEA,"Well, it'a kairosoft's game",5,0,1.0.5,2015-02-06 01:53:04,,
gp:AOqpTOGX7Ca19ySUkCP5VatxcooacbQEzE-QjlbNhAHVV5vm16aWpVbeuosjbHSXgFkILknWz-m55e4aYkk-rQ,Iniquity of Symmetry,https://play-lh.googleusercontent.com/a-/AOh14Gjq3s6lh2hhFrhbOvNu--X7H37RByQXlGQFe0o4Zg,kaaairosoft goooooood... Make me have happy feelings!,5,0,1.0.5,2015-02-05 21:45:59,,
gp:AOqpTOHWtbMzhkutKuBanymT55qtyEhKJjjipSM7u0IynU1P3Z49MySNY9L-AflfBAFDZJFnB9bZVdbvqYQjNw,Alfi Rachman,https://play-lh.googleusercontent.com/-HjamqIe405c/AAAAAAAAAAI/AAAAAAAAAAA/AMZuuclECdu-dTNa8ISFxU92ya_g6qZqzQ/photo.jpg,Hey its kairosoft what u expect?,5,0,1.0.5,2015-02-05 20:38:57,,
gp:AOqpTOEbsHMQK7oFF4pYpPmqSDg2KaNbL-87NH6no8K9nAoDlm0ggElyjP1r1ik6vgJg5-6kBOYsyd8-FDk6cQ,Bruce Witherspoon,https://play-lh.googleusercontent.com/-lRqVzMI5sq8/AAAAAAAAAAI/AAAAAAAAAAA/AMZuuclqSFkUW6dEKve41cYNFJn_fxiHKw/photo.jpg,Once again Kairosoft has took my money lol. Well worth it.,5,0,1.0.5,2015-02-05 11:57:46,,
gp:AOqpTOFA1MSSxY0R1CMHtyH4cTzkSvTsyid6USLUu60gh4kIY4lvB7U7BsH9cMGI851tw7lBjRXyM64erXslTQ,Villagernum1,https://play-lh.googleusercontent.com/a-/AOh14Ghlboxey6wx-gX8W2Opv-A2P8qXa00lpPW9s3JCFQ,There are performance issues with my note 4.... it shouldn't but it slows down massively...,2,2,1.0.5,2015-02-05 10:27:27,,
gp:AOqpTOHsC3Kefo3eq_7IY7W-Is4Ofs_ltbl8HZdC3B5iw8QpBWIdYqgRtiM5jUb5J-iQp5Tj1mtUFWbQypeEhg,Tan Sing Gak,https://play-lh.googleusercontent.com/-7KRIOUWUMFw/AAAAAAAAAAI/AAAAAAAAAAA/AMZuucm8UidPy5NeSU1FXtYKUVFU1Yf8lQ/photo.jpg,Waiting new game pirate will come to singapore,3,1,1.0.5,2015-02-05 06:47:06,,
gp:AOqpTOGVWDdGt2f0j_zkKiqHRHXRQBuYV6EAEhAWGOkfTZ2vRrgzK-v3hn48R49P5gJaN84I_dPxNqjGMqfY0g,Shri Devagiri,https://play-lh.googleusercontent.com/a-/AOh14GjvD1tcY1M9aSifZnNJaP-f5IsCkmYEy8U4AMYCBQ,"Kairisoft have developed a perfect core game engine, and keep coming up with great ideas to dress it in!",5,0,1.0.5,2015-02-05 04:53:20,,
gp:AOqpTOEg4tTBp1f9FJodS7yb-Jt9NH52xnx7CWrJKXxSoS_Wglf-jZTaZyHSaL0L27FOPey-mGCl9chRFevW5g,derick tan,https://play-lh.googleusercontent.com/a-/AOh14GhGaCwlwhNP4zdPwkG9fjydKT2GBZzrvH6p3a5F,It's kairosoft end of story. No need to hesitate or think,5,0,1.0.5,2015-02-04 23:18:29,,
gp:AOqpTOH8uAYv4kspRiYRGDOis1VGdV4VibRSXmwSrvOaf4DH4YtPm33IkCLecjiRMLQMzKrVGorNsa6rN7-R5Q,Kevin Musto,https://play-lh.googleusercontent.com/a-/AOh14GhRWUZVamZVOx_fckiMG6ugjpZBr9HAfFvqHTaS,The only Kairosoft game that rivals Game Dev Story. Kairosoft makes phenomenal games but Game Dev Story is in another league. Anime Studio is at that level of quality.,5,0,1.0.5,2015-02-04 15:39:57,,
gp:AOqpTOHGeKAHJC3CZxAGt1ea0Q5Zw06XusC8_ltyEt9fKg89DBewFGn4d5G7Sq6Yc_wWdU0iQeg3Iv-nVaEn9Q,Craeftig,https://play-lh.googleusercontent.com/a-/AOh14Ghe2XwJNJJ5zkc0jMR-rHP-qnSeyYhJINz-P-U9hw,"I purchased the game, but when I opened the game it tells me Aunthitcation error? this cost me $5 fix this?!...",1,4,1.0.5,2015-02-04 06:39:18,,
gp:AOqpTOH-1_WmrxsTasT9Ecmy3yJw2ts_UGCo4C_eKVl5T_hL51lkAQPq6Ddm_6Fkc7bURlns-FEVk57DyDKYfA,Wien Viendy,https://play-lh.googleusercontent.com/a-/AOh14GhA_wGTJmTb3y3OeZiLw7xjRc3g192UUchQeLDK8A,Awesome,5,0,1.0.5,2015-02-04 06:12:52,,
gp:AOqpTOH0g5W_jRRHs2BRDbbt9G6kDFxQavCdhOpvsC0sXpk6mnhh75qejWx3w23shfqKss-zQFjmc2DcjcnD3w,Worapon pleepattanakorn,https://play-lh.googleusercontent.com/a-/AOh14Gh94olnG-gbL2QK3xCKJsdrvuVdkiOgwzUgal2i0A,shut up and take my money,5,0,1.0.5,2015-02-03 17:04:04,,
gp:AOqpTOEw0Hdh0XYPc1glR-yh_6mNcm5DoiCSolzoai_b5Sni1EdZdQ1j5Ih0Hje88hoisycLCuik19bB6Xtz-w,Anthony Fandetti,https://play-lh.googleusercontent.com/a-/AOh14GjfaqgiACPXk_udAwTeo7sxivFrtqW55fRKjCjR,A must buy,5,0,1.0.5,2015-02-03 11:53:16,,
gp:AOqpTOEJPVA7wdyyKIAC47XywF2j0KbPKGdIj2sPOt-mAzdVilP9IhATgPwccS-NFnzh8-tS0a_D3yei-mOYnw,Fiona Currie,https://play-lh.googleusercontent.com/-GelnyJ1y6rY/AAAAAAAAAAI/AAAAAAAAAAA/AMZuuckrdu2keDKlaWgJT_8Z2BlxOuE8Qg/photo.jpg,"Most disappointing kairosoft game yet! Its game dev story and magazine mogul repeated with nothing new added. Wont play again, really poor.",2,2,,2015-02-03 10:43:23,,
gp:AOqpTOGba5dx0ZA8xfGQdpREL1Z_He7h2vY6NELrdi16n7k3Af5xPrAvKwnilaRtAw3jnJy6QOqdjWOCI041iA,Gideonic Gaming,https://play-lh.googleusercontent.com/a-/AOh14GiW073p1hFcz2P5RaqHbSNti-NMurGuxVEvieg7VA,Please make more games in english so we can play it. Make a combo guide will be awesome too.,5,2,1.0.5,2015-02-03 06:03:24,,
gp:AOqpTOEBjek3zoQAnOmb5us0GsUxnsvCc3MXrBuKCEUOQep6-_pAitgiM1fn3A5QvSmksmyFPGx3CbTJsC1K7g,A Google user,https://play-lh.googleusercontent.com/EGemoI2NTXmTsBVtJqk8jxF9rh8ApRWfsIMQSt2uE4OcpQqbFu7f7NbTK05lx80nuSijCz7sc3a277R67g,A must download! You gotta play this game!,5,1,1.0.5,2015-02-03 05:19:30,,
gp:AOqpTOGzQVV2XN337hoTJ1ZY0t7691Mj2S0UUEXdASs64WUw-E24FwAeFOh8J5bo68ntZAtj_Yxhg1R-5ettRw,Jagannath Sree,https://play-lh.googleusercontent.com/-luWlb0f7IEY/AAAAAAAAAAI/AAAAAAAAAEI/AMZuuckJMKgObjQaybhtlW9jmwU9-xJWGg/photo.jpg,Noting else to talk here when its a  kairosoft game. Amazing like every other game. Just keep them coming !!!!,5,0,1.0.5,2015-02-03 03:05:11,,
gp:AOqpTOHSbKtEQqzMUqkpspafTLYADZOd0MeFU8BNym3sMSEmzryYFCFNOmCa_TGfgKZse7jqUxXDXc8SypwZug,Zikoro,https://play-lh.googleusercontent.com/a-/AOh14Ggh737Rf-ZJbAnze-ucmoZjLT5SQBVbnj2ImOBvvQ,This has a Game Dev Story vide to it with more mechanics. I love trying to make a great anime! Keep up the good work.,5,2,1.0.5,2015-02-03 01:15:08,,
gp:AOqpTOEF8AKhAN0PsukhjEz4Ka2abte1Dreu1-Y_tI9RS-VWf5U1Ga3iRQT7d6Y2r_kgu-tIHHUQVxrteZpfgw,jim passantino,https://play-lh.googleusercontent.com/-AvhgWQeByCI/AAAAAAAAAAI/AAAAAAAAAAA/AMZuuckGo6JrYgBruiIiRJCVQG1rB6rbwQ/photo.jpg,"Absolutely love this and every Kairosoft game, please keep on translating more games. Very similar to game dev story in terms of game play.",5,0,1.0.5,2015-02-03 00:40:36,,
gp:AOqpTOEQgMJY9sNjB35tKT1YnhV5q-bUyjCW2w6MX1jPJfo22zrrotfJZUrFfhoQ6cg5btH1IdHhDJSFdX3XxA,Jason Kostelecky,https://play-lh.googleusercontent.com/a-/AOh14GiADNxrLuEhEJJaFztlCpVhgOUjFA9LVnfsoI-T,Great job on the game.,5,0,1.0.5,2015-02-02 19:53:24,,
gp:AOqpTOF0I_Or982I15NrbOrHqQXnpC07Kj6fov2BMtOXQZb6w4oRXWMmRzv5jYVPZMxp3egl9A2H4XtbCrRzbA,S Green,https://play-lh.googleusercontent.com/a-/AOh14GhyDXOIjR4wuqEFyzoU3hdvn16Q1_j6JuQ6g0HBZA,it took a bit of time but thank you for translating ♡♡♡,5,0,1.0.5,2015-02-02 18:25:59,,
gp:AOqpTOHBaflEfnJNCo0IKOG-IDWABUNN4lcFCs6T8tXfNTuu-kWSjO3KXpTH_mCmE3RL2ICExGjyTNDovxGivA,Nic Wong,https://play-lh.googleusercontent.com/a-/AOh14GhBJ-KeJan0OFhk1dDL6VfNR8Cxyjm2sOh2m0_3,Yay finally!,5,0,1.0.5,2015-02-02 17:31:48,,
gp:AOqpTOFTEdxsv9a_4dZa4BgNkKZVycjT77PHWfXdu-IyQTAgXfpGS6Ymp8GfjC8sH2trhs_9yMsZO4h6_BmmjA,Anatake Bodesh,https://play-lh.googleusercontent.com/a-/AOh14GgKhZUS07eyIB5gL_57Ysmr3qXF0j_pzEwdbY00,"When it comes to Kairosoft games, it's always a win!  Demo the foreign versions and insta buy the translated ones. Keep it up Kairosoft!!",5,2,1.0.5,2015-02-02 11:03:25,,
gp:AOqpTOHbQLOiKJA5wZjGM6k7vOgFdHD0X-HI7bn8XgRw4Trsiur0ZcSnreDq-7cmgQ9lD0p6uAREqpWK1omMSw,Paige Langille,https://play-lh.googleusercontent.com/a-/AOh14GgnNj578gTxJzGQJuQeoNhN92teWturoRPPmcQw,Love their games!,5,0,1.0.5,2015-02-02 09:14:40,,
