reviewId,userName,userImage,content,score,thumbsUpCount,reviewCreatedVersion,at,replyContent,repliedAt
gp:AOqpTOHok2Ck77BwdKq0vjvV-rKKIocosBRP160CJM-3aK9Kyo5VCkDqHhQLaVvbV0aaTbdJtCHf03vt8GTr,David Williams,https://play-lh.googleusercontent.com/-vyaJE5eFmC4/AAAAAAAAAAI/AAAAAAAAAAA/AMZuuclk8gOQxojhj35KWqszk4-8nJyufA/photo.jpg,"Quick, light, and straightforward app for AD tasks on the go. Been using it for years; would love to see an update, but no real need.",5,2,1.23,2020-09-17 19:22:13,,
gp:AOqpTOEsto6kaknanprbUqRBEbocadSY5pGleTcMuiQ1zwNV_TW39Qd7GNP0p0z6zu7r41jSh1Pm6fGr8zH5,John Keleher,https://play-lh.googleusercontent.com/a-/AOh14GgQTsCnpHo0tGi3peiUccSNntfdnaDmo0LRShfCuw,"Good little app, works well",4,1,1.23,2020-08-14 02:03:20,,
lg:AOqpTOH0auuf-_vcE9ZeqQo3rjH78174CReK13IFriccdFdjKFDFvAICnlAYQa0JxBfLIt5wUSh5whhMaVEe,A Google user,https://play-lh.googleusercontent.com/EGemoI2NTXmTsBVtJqk8jxF9rh8ApRWfsIMQSt2uE4OcpQqbFu7f7NbTK05lx80nuSijCz7sc3a277R67g,Still the best around. Would pay again to have the gui updated to look nicer. But can't complain. Would like to add a feature when you open the app to trigger a VPN.,4,0,1.23,2019-11-13 07:46:50,,
gp:AOqpTOGTjEKd9WgmtfBQwtxOPeJcHTliAG7shvaTpAPAIHopCigh7nYxonZRELVjRR4CgaMhhpLegK5U_T26,Mark Piontek,https://play-lh.googleusercontent.com/a-/AOh14GiOombA4CPW_CPAantDEoieQKVrIVNgPoHlxr68lg,Love this app.  Does what I need!,5,8,1.23,2019-07-29 07:56:57,,
gp:AOqpTOETWYsbPaE1tabL68xxwO6ANS7kKCvDq9HCqo8TmMFr4Qmg3VVBefGlfKzjz6R7BIqnuIpdzV7HPDsa,Charles Sexton,https://play-lh.googleusercontent.com/a-/AOh14Gi0yMhpUqxJqnw5_A1FYv292l3R2O26npI1pMnAIpo,I love this app. I do wish it was modernized a little.,5,0,1.23,2019-05-29 19:32:29,,
gp:AOqpTOGsYofftVLuJXySBpu8fa9KAQYwPQ8dMbvWxJl3bgsEGmduglM6Kodx9z7EpBeI93VW294aCYTNMc0A,Laurent D,https://play-lh.googleusercontent.com/a-/AOh14Gi8BJv0esJKKaT-Zwh275XULqH-JKMlyw3Ka7NzbAI,"Work fine, user interface can be improved",4,10,1.23,2019-01-18 20:09:15,,
gp:AOqpTOESsA03OOerTV2q70PG8eJNilSScAMyeTrXFtRp3rZo-t1ZOexsrxRB5J5I2ujGCsMqdE8SJdy3T_rI,Keith Kitti,https://play-lh.googleusercontent.com/a-/AOh14GiRxkLWDz_t1T8tWgtJMHHvuNP9oI7jWY_ciMbH,"Works very well, only thing missing is option to add new AD user. I hope this feature gets added in a future release soon.",5,1,1.23,2018-01-28 07:49:56,,
gp:AOqpTOG2GSIkWjzfj4SZuCWs6d8wNPOC7TxhR-GYqUrsPCqpGapSCIjQDouYHm62to_8fSiCqfWcoLNWug-i,WaledMpower,https://play-lh.googleusercontent.com/a-/AOh14GjIUtFpEQrw7kcqi46uCNEBA3_U6rMoSpFZbsVmFw,Please tell us how to use after configuration show message can't server,3,0,1.23,2017-05-22 08:30:45,,
gp:AOqpTOF740fTLU188cc_GK4Yst5sP4ZQ4AfuGK0-eJQh6b6mWIFsqruGQDqMPowK-JpAX7JeNz8eTZHUFeG_,Stephen Pearson,https://play-lh.googleusercontent.com/a-/AOh14GhuL9YEgXiL2jfnWsKhFVRqk6PbTNPXV-zFFdUPZQ,"The app just doesn't work, it won't connect to my server 2008 r2 ad... tried every connection option with no luck",1,0,1.23,2017-05-02 06:33:42,,
gp:AOqpTOGwiab5lsJG-6AWqOi58fFcXUr5B2V5MQ1WHGnZRkUqCVw7dDikjoElAKAGdQT1I-1NpWqKyKF_FOoG,Keith Jacobs,https://play-lh.googleusercontent.com/-9R8t251NRo0/AAAAAAAAAAI/AAAAAAAAAAA/AMZuucn_r5LVbsjSlmQzueW6vnCqqLRA0w/photo.jpg,After the latest Android update it no longer works.  The app was last updated in 2013.  I don't think the author supports it anymore as the link to email for assistance from the developer is no longer working.,1,0,1.23,2017-02-13 10:00:02,,
gp:AOqpTOGAox2kZ4dNXd_6qLsm3DeZZ0RK0zLlZi4bx81-ReNtqNv6XUyMhBPGI6r_enAEL9rGnpr_N69d8xsP,DW H,https://play-lh.googleusercontent.com/-zgOVVMbkUf4/AAAAAAAAAAI/AAAAAAAAAAA/AMZuucmkDY9n-jtjOBJN6zMxCNS5Lob4sA/photo.jpg,"So far no issues.  BUT can't add users, can't create groups etc. Id maybe expect that in the free version, but not there paid.",3,0,1.23,2016-11-22 05:33:15,,
gp:AOqpTOFeEfFYgSFmeDzwRKPJW6eQ_QFVGvaenKsdnwVWCd-vavwvEbjpg-GCqhxWczuI_RiuvbG_O3hORpSq,sam murphy,https://play-lh.googleusercontent.com/a-/AOh14GgN-0M8SaT_R3EnQb6IIkwYGBJo3Sk_zcYApOuPiQ,The app does not work and is a waste of money,1,0,,2016-09-14 10:27:00,,
gp:AOqpTOGu1mDkQQM3mO7CzVyBbGTJpxCuMusmCsusdGSp-Q64EQ-RN9EK2qckeGamPyEAVgC615KmHLF-Zp3C,Patrick Story,https://play-lh.googleusercontent.com/-2GJJ2PyJDjQ/AAAAAAAAAAI/AAAAAAAAAAA/AMZuuclQyf6f0gqHV5L2iDgmAJVprH_Vvw/photo.jpg,Works pretty well.  A little bit of trouble with screen display when scrolling.  I'd have given it 4 stars if I could add users too.,3,0,1.23,2016-08-24 14:54:25,,
gp:AOqpTOGbG-9UI8JjsZfsPaMQERBKjv1nkyC0TWXakw5dipGWvH2TFByuahBQ3QWskMFqq4BuO1gu4ndcVCzE,A Google user,https://play-lh.googleusercontent.com/EGemoI2NTXmTsBVtJqk8jxF9rh8ApRWfsIMQSt2uE4OcpQqbFu7f7NbTK05lx80nuSijCz7sc3a277R67g,Really really useful tool.,5,0,1.23,2016-04-10 06:03:48,,
gp:AOqpTOFAXmNovyVZy8oJWzdx23KCQqX4rB_ZIcJWhLvRpl_2umZQqQVqWb8kif9_LcYnmDXKndaHX-WLq8VD,Charlie Groff,https://play-lh.googleusercontent.com/a-/AOh14Gg46VffC6JWGgCLbbuqvQg0dqlsB-rzvqCRIJ2A,This was a great app for me and I used it all the time. That is until my phone upgrade to marshmallow yesterday. No matter what I do I can't get it to connect to my domain anymore. Weather I connect to VPN or locally as soon as I click the domain I want it says cannot connect to server. I have a Droid Turbo 2 at this upgrade the marshmallow yesterday. I hope this is fixed soon especially since I had to pay for this app,1,0,1.23,2016-03-13 05:41:10,,
gp:AOqpTOFB84tM8yUHZ8pkunEIS2ejv_JsjbvAP70gJopfVPoGmUGBBpRaWo7pS9IlXI-Q0VMMp3BrGuk7LOrt,A Google user,https://play-lh.googleusercontent.com/EGemoI2NTXmTsBVtJqk8jxF9rh8ApRWfsIMQSt2uE4OcpQqbFu7f7NbTK05lx80nuSijCz7sc3a277R67g,How do I install this on both my androids?,5,0,,2016-01-17 07:16:14,,
gp:AOqpTOHDjpIxqnt3TeTLXiqkBleoZRIaD2pKrlQYXp9HisFYITdQza1Nwp4bv5ZE1-3n9o3eSvAg8OJpJvBD,Scott Marquardt,https://play-lh.googleusercontent.com/a-/AOh14Gh-MQYL0DZTvVowQiC99rwhluql-OuDv7Rly4e1zmI,"You can move a computer if you first find it in the tree, but not from the full list of computers. Also, from the computer list you can't discover what OU a computer is in. The same is true for users. So the actions you may perform vary depending on how you're accessing the objects. That's ridiculous. You should be able to do whatever you can do in the application, from wherever you can tap & hold to get the menu. Why artificially limit actions the app can perform, out of careless inconsistency?",1,1,1.23,2015-12-11 13:21:41,,
gp:AOqpTOHuggt2HBHy2pb8RJLNiZ9rWGEXhu8qru02R4Amr9wQH31R6FQS9C6b8UoaXoKPHV8AS8Xk596RyVd8,Allen Gwinn,https://play-lh.googleusercontent.com/a-/AOh14GghqVu9mKrp5PcUtg-JPVOJruRp3RDXkbh4DF05YQ,Used to be a great app. Now when you select a user it crashes out. Reports to developer are ignored.,1,2,1.23,2015-10-08 14:09:23,,
gp:AOqpTOEsBX48xgpyCpOHqC5-tg04TZ5bbemQhHFvBHa30_i8YJinPcuf4jY1Gakllo55KxlS7PbP89hPPqz4,Phil Underhill,https://play-lh.googleusercontent.com/a-/AOh14Gh8hWnuFme9VBK8tYnlVkOcLj0IiaUIZOdPthqVaBQ,Pretty decent for basic AD administration. Loses a point for the horrible interface and another for the LDAP search base not being implemented. Otherwise does a reasonable job.,3,0,1.23,2015-10-07 10:32:19,,
gp:AOqpTOFN26LR10kyahRKgCqvdXUunbkH5vWvwF9D2NbI-S1SuY5RE5RiyuqhrNgnSN8GNI9YZEBwY1NY2ely,S Tse,https://play-lh.googleusercontent.com/a-/AOh14GhqNf_Q0DrbO7XD0iLuphNlnJ5fxvdbYFHyDLvVjQ,"Well, thanks to goole play survey.. anyway, this is about this app. Good, works and handy.. but one suggestion though  put ""Find expired account""  Update:",4,0,1.23,2015-09-11 05:41:50,,
gp:AOqpTOHX8_nryxWxUJ2spLp2a-xP4GG8CUrROLMleG1t1vprXCvgPQCsCA_X3lYnvA2L8uuWNwEvMqan0oqr,Sean Sheridan,https://play-lh.googleusercontent.com/a-/AOh14Giv6Rqcw-JMreukNbY61VDtDosw2IEACLRsYHTw,"This is a very useful app for on the go AD admin. I would like it more if the search feature worked and if I could delete accounts instead of just disable them. Otherwise, I've been using it for three years and it makes my life easier.  Well worth the money.",4,2,1.23,2015-08-17 11:35:31,,
gp:AOqpTOGS-oC2HCBTLOYwUWpvERvN9ilcHm4KxnazHzP8E1EDgkkShjeUprEDlCv5axSS6oDEDi_YrTqYGhVN,Martin Spencer,https://play-lh.googleusercontent.com/a-/AOh14Ggyi-b87tpjH7HRilLSgpvMdZovpPnIw4Uac8mKQUc,Very handy for doing mundane AD tasks on the run.,5,0,1.23,2015-06-30 00:41:17,,
gp:AOqpTOG7bq0WB_VcmLqeQOSS0cvTRcxTHAtWpPQswhhn6gbjIC7KAOtX3b9rOH4vNzVK0_29T8xWVBPHf-de,Derryn Jones,https://play-lh.googleusercontent.com/a-/AOh14GiCnI1xu-gy13qxKLfQNQxpBbhEjW6B-3b8Jp3GwA,"Would be nice to have a material upgrade, but it works great on a functionality level",5,0,1.23,2015-06-29 21:28:26,,
gp:AOqpTOFuDNxCRh7L8Y_N5Z0w1Rvir9fE2C-OW8saQ-RKk8gNoQa8mGuxRDtInS_-i3QVpEuM4HimLLHp0mbY,Hiren P.,https://play-lh.googleusercontent.com/a-/AOh14Gj7hNYyG-Lbum1xbhoYtDoMeRODEPYzdPzRVD7U8g,"Works wonders, solid no issues.",5,0,1.23,2015-06-13 15:02:26,,
lg:AOqpTOG7kHEcdlvFVrc2wAFWYBNTxXhI2wIPUl38bHNgv0_zA7rMm6RnEmtIk7L9L6MH-1wZ4igs897KE6c3,A Google user,https://play-lh.googleusercontent.com/EGemoI2NTXmTsBVtJqk8jxF9rh8ApRWfsIMQSt2uE4OcpQqbFu7f7NbTK05lx80nuSijCz7sc3a277R67g,"I often use it when I'm at work or remotely (through VPN). It saved me from booting my computer more than once. I'm not sure the app is still maintained, but it would benefit from a little interface update, and with ARC Welder this would be great to be able to run this app from any Chrome-powered systems (Chromebook for example).",5,2,1.23,2015-04-01 08:18:19,,
gp:AOqpTOHINp74Pvepz2BrjtuzlSg0nt0T3gWZBeXqqg5naxPgB4DqhlitabE0LkixhEd2J79v583Pz3cB4IUt,Brian Rodriguez,https://play-lh.googleusercontent.com/a-/AOh14GgzWTAbfuvicIFlNnGUxXkVmsYQWBt-W-4LmJ5TRg,"use this all the time with junos pulse, resetting passwords on the go is a snap with this app",5,0,1.23,2015-02-19 19:29:57,,
gp:AOqpTOGKawsOenF79Q04JCLbiLyLAdn2c_ysO3peIEiBT1VuhhcJ6_zv280zpJApRH5xgIeSTBdlGOhf4oAc,Jake Erdman,https://play-lh.googleusercontent.com/a-/AOh14Gj782QKc4nWsJqrZOU6t08H_GlJN1N8tG6fucvQobw,"This is a great app to manage exisitig users but there is no way to add OUs, containers, or even new users. I hope future updates will include these options.",3,0,1.23,2015-02-04 17:24:53,,
gp:AOqpTOHVWua2YMkYB3GvWnmKqhYcF8l2shAvZJaTkLFYoyXHCuRtcWXngGCRD6ZLcr1yBLYsle-fkI_W4jPK,Jason Weller,https://play-lh.googleusercontent.com/a-/AOh14GiZQ8vgxpELLKFfxiAOyOjMf8Iopl2dPSQQ5elFpw,Will not connect on HTC one m8.  Using the same configuration as on my HTC one m7.  Please fix,1,0,1.23,2014-12-12 05:15:43,,
gp:AOqpTOHoEjabtoIv1I6yU31sVup-QnBm8TGgAzcGq4fxqfsxqKll-TbpNMQUgb-UUL17teyrMi8QPX_pf_lM,Daniel Hines,https://play-lh.googleusercontent.com/-y7HzVf0sJ1Y/AAAAAAAAAAI/AAAAAAAAAAA/AMZuucnu_DwDtxkSQ-ClktRktb7EyR8Y6Q/photo.jpg,"Works great!  Full access to users, groups and devices.",5,0,1.23,2014-11-13 12:16:58,,
gp:AOqpTOFlT-CD8zeqXgNggQzsVabAnbCgsYe-2YEnKaX6ipKCQJ78SQQoikvHu0ypZGGe9jqiSK0ujpOnmid_,Fabio Cruz,https://play-lh.googleusercontent.com/a-/AOh14GhRJ8AzIR2_yCYjnN4PiuBGigN7xI-Zx1F1KDir63Q,App works great and is very useful but please refresh the GUI. Would be perfect if it looked even remotely modern,4,0,1.23,2014-10-28 15:56:55,,
gp:AOqpTOFnxaBoK5oNWvnpSeUqpmFFiXhxKsLf7b6ZtT7qb0NsWtxXpqRN_Aa72BdaCaes869_5KFF9KgJwp2C,Johann van der Merwe,https://play-lh.googleusercontent.com/a-/AOh14Gg7-_oXV69A3gwiVwFppCvneG141Bp9CNd4_gIw1Bc,Very helpful to see all locked accounts in one easy step.,5,0,1.23,2014-09-30 08:42:00,,
gp:AOqpTOEZSP2rARmxSU7pT8iUmzdAlNzkj5rNf-d6qgCuya1qeGdXnwl5TU6ezSPewBogskqHS307-oIxJFTC,Fill Ups,https://play-lh.googleusercontent.com/-nRFw71r7nEM/AAAAAAAAAAI/AAAAAAAAEcA/AMZuuckEIVYLSyb6KrF4tEKFAAURDMFDSg/photo.jpg,Great access to AD without logging into the server directly! Get some!,5,0,,2014-08-30 15:32:41,,
gp:AOqpTOH66KLmO-QXdATHKY-GSelHEkqJN35FdyyzuQHEKAodRg0kQKbVEeKw4yjdXden6Wi0ho4saMmAQCEt,Maklin Deckard,https://play-lh.googleusercontent.com/a-/AOh14Gg6JOcJ6TYDlLtw-g2g0wPtB7lQiunuzPSwXhTS,Finally can manage AD without running back to the office to the desktop.,5,0,1.23,2014-08-28 08:48:44,,
gp:AOqpTOFiSxQYyHHhhEbYj2VHcQwUR2OZZUrJw0SRim7f8Jg7-BU2Wz1cQDkkCWVATWmtvSkdPqLa4jqDCH4a,Curtis Hamer,https://play-lh.googleusercontent.com/a-/AOh14Gg90GjRiDUgPJhS9GPS5WfoPHkNfd6THQuHIWEQ,Able to edit and keep up with users on the fly,5,0,1.23,2014-08-25 12:09:41,,
gp:AOqpTOFFKpRcVa4C0WlNHzL4ko6RFrOeHQ_gJ1bc5roYrnOmmNdFsT7cx5AFu2a563TuRiaWpOvbK7iaV1hY,Zack Bennis,https://play-lh.googleusercontent.com/a-/AOh14GhURiqmTKI9JNMPTetWLakZ2VjgcNq1syU4bhHC3Ok,"I want to start off by saying that this app works great and has been incredibly useful. That being said, it could use a bit of a makeover, namely, current design guidelines and larger tap targets for things like usernames and computers. Thanks!",3,15,1.23,2014-06-17 11:01:07,,
gp:AOqpTOF8F13HGr2Ylg0u6kpP7xz4b9OmOlEmY7jJhgLgHvhPMG5icxUxoxL69pinGI0UBOXmEv-ZM0OO3Shb,Jesse Patterson,https://play-lh.googleusercontent.com/a-/AOh14GikDLjKrtFYQdJQRBv77pjrE-FKkHH-10wPPxv89g,"On a note 3, constantly if left open new the background will crash when you reopen it.   In search field, pressing return gives a line break instead of searching. REALLY? makes me miss iOS.",2,1,1.23,2014-01-17 08:58:49,,
gp:AOqpTOFRi9ejPh4cMDdLxP46BH5xysceMRUUK99V3BDQorw99ilSAvvN3EsIfIPxxLqJRjcB8WoGNpkHhCLs,Bob Kersting,https://play-lh.googleusercontent.com/a-/AOh14GjMIpr2QgXKnvX5vQNM9vFu-p5oSM81EJfaWeajQhU,...the GUI.,4,0,1.23,2013-11-12 16:09:43,,
gp:AOqpTOE02hla_E51VAq2yPwyMDNmokZgPIaza8xkPQkgln_X-lNsm-zEaeU-9-V0lynYY7zSy2zudfm6tBL5,Denise Cox,https://play-lh.googleusercontent.com/a-/AOh14GhIRYvMJouJ8oH2-rLjFul1Yv7qUkv1irF7TanSEg,I have the pro version and I use it every day.  It is very easy to use on that 3 AM lockout or AD problem.  Very nice.  Prefer to mmc for ease if use!,5,0,1.23,2013-10-28 20:42:16,,
gp:AOqpTOFPND_ZWxfRdSGiMAxG0oXjWvPuN6M_pv7tljORBZ4WmZNEOVeKvXa-mCRlj_6oHHrU5TIzTbNgndmL,Laurent Poirot,https://play-lh.googleusercontent.com/-TEDXHrsKZHY/AAAAAAAAAAI/AAAAAAAAAAA/AMZuuclsZYyuIIps_q6-pLRuZF-wPUxSHw/photo.jpg,The free version worked right away so I bought this version. So useful...would be great if the GUI was updated...,4,0,1.23,2013-09-07 11:45:11,,
gp:AOqpTOH3lZqv_BA7wfUFinyf4hfeJ4ug-YKMoYVeIG7VL2XKfhLw_M1oLkEdCwydET3bY8fgNhQixxcb8p1J,Sam Clinton,https://play-lh.googleusercontent.com/a-/AOh14GiraNLmjFIOl6FRb320m_w4GoHQqzPUeATt01AM,Like a handheld remote to a DC x,4,0,,2013-06-11 08:15:06,,
gp:AOqpTOFnGF1w_ZA6SporEMpENuYPUEOnrawUzJFNMcDn9ZPfJtZHLE1iph581ozBf5F8F2cT2kzX0EddJbTU,Zak Emerick,https://play-lh.googleusercontent.com/a-/AOh14GhJ_bQ0J9rMP5uv4jAs4TqX3OH2u-h0OzoSjA9mUw,Comes in handy a lot on the run.,4,0,1.23,2013-06-06 19:36:39,,
gp:AOqpTOFhpmwnRH3vYdLgFdJYICFNf2uAK3Zzlk_8fNAFm8Ris0j3WxPvuQpG_DPFPoi5j7oyvTRtcsvxyf3Z,Josh Dwight,https://play-lh.googleusercontent.com/-HkMGbGC9Qfg/AAAAAAAAAAI/AAAAAAAAAAA/AMZuucmJdRCnuwjGl3-kVN5OqYTmNe3qpQ/photo.jpg,Very useful for moving computers from one OU to another on the fly! Well worth the money!,5,0,1.23,2013-05-24 14:09:51,,
gp:AOqpTOEvx-jcOJzkSsO_Vgo6oYpcm3DvVAldhXAn0Fc_ZdEzs2rulrpArKjedO0l9hHxACQgt03A9IFnC4Rb,Scott Bowers,https://play-lh.googleusercontent.com/a-/AOh14Ghc4e62KfXzYDioUCuGD2GdX4N0VFVC8z-WLAURDns,"This app works great, but man is it ugly. This can also cause issues with hitting the spots you want due to the targets being too small.   I'd pay money for a version with a UI overhaul.",4,12,1.23,2013-05-21 23:12:58,,
gp:AOqpTOE3MWChvgHSKJa96HEttSzZ133JfoY7Q35eWMWMdRxqXCEsWONGhd_Yk0wrBGpecPZfROCrXwsz3MPA,Jesus Arceo,https://play-lh.googleusercontent.com/a-/AOh14GgnUbDLL5MM0PDvtOZWCmve_n_-KUTIcvyONj_-ifU,This thing is a life saver and so handy. Works really well ! Thank you developer of this app,5,0,1.23,2013-05-09 08:39:36,,
gp:AOqpTOGuf8LPEDSkjsHE-Tf2OmGSEjmKVgKiaiT_gDwDlcrZ-J92BPrJc55Lf5sqIt0t8KukKAAr8jiZHkca,Steve Irvine,https://play-lh.googleusercontent.com/a-/AOh14Ghx9URvtNkkU7diD3EIkRsNPDt3o_xEq3WNijHh,"Paired with a VPN client this app allows basic view & edit capabilities in active directory.  I wouldn't want to try much more than account unlocks and password resets, but it handles those actions well and has a handy feature to let you get straight to locked accounts.  A few pounds to avoid having to find a computer to do a password reset seems fair to me.",4,12,1.23,2013-02-21 12:50:35,,
lg:AOqpTOHj9lIa1VHsKdu9kUXgjL8WVVSua5L9vzgLgOIOwmiYsRX8K27MOUKNNizb0EFLNPb65rvBtDOaphD_,A Google user,https://play-lh.googleusercontent.com/EGemoI2NTXmTsBVtJqk8jxF9rh8ApRWfsIMQSt2uE4OcpQqbFu7f7NbTK05lx80nuSijCz7sc3a277R67g,It would be 5 stars if I could edit extended fields. I'd also like to see password changes without SSL/TLS.,4,2,1.23,2013-01-30 11:22:08,,
gp:AOqpTOERktuCh48bgUzuCsogHKRYc0M2jwCKnr20I15F2C2tyWVjuadvapVVxw4wT1BiKLRMkLPHwqNspung,Allen Visser,https://play-lh.googleusercontent.com/a-/AOh14Gjl8NNoEfGM1fFfdVXE8qdsalqawfhFhqYJKgHg,Brilliant Tool. Works well on Note 1 so I don't have to carry around a laptop or tablet.,5,0,1.23,2013-01-22 23:04:50,,
gp:AOqpTOEypjIAMVrgvUdN_-k6iCm2k7yNMvtr9PUo27UlnZGggS5UPQoj0nksg4csPcMp6-OnYH71POUXh-i_,Frankie Santiago,https://play-lh.googleusercontent.com/a-/AOh14GgmBU29_vlz2IbmOT3kvwoGNAOWU5TQjtmrNk3dAQ,Finally setup TLS on windows 2003 server and this saves me so much time when walking through the building. Having over 200 users doesn't make resetting passwords easy. Thanks this app works great!,5,0,,2013-01-16 16:47:09,,
gp:AOqpTOFHKLVlbsoeP_FSyq12Xy_5K-iw6X89twomfNE4_SNeh5Jjm4H789hXAVR-R5O5kmedUofQSEi4NoWq,Andrew Taulquist,https://play-lh.googleusercontent.com/a-/AOh14GjfX9tnTr8ZjBfabkXUrNKrmry2g8Qfvse-hcFJaA,"The user search function just doesn't work. I like this app cause I can browse AD through the tree just fine. I can remote to computers with the junction-ed RDP app. I can unlock and lock loaned laptops. I can go to an office and reset a users password for them, BUT only if I can find them. If they are a new hire, there is no guarantee that they were placed in the correct AD container. So I have to go back to my desk and find them. This isn't too much of a hassle for new employees. But, when I'm helping a classroom of 100 new students, most of whom can't log in because they didn't read their email, it becomes a problem.",2,6,1.23,2013-01-15 11:20:06,,
gp:AOqpTOEjOFf_SAJAN128LoLD0hfLhUKcdGFtV6vf03tFEMjMQIvRGCMZHDApwd6lY__oLOc8JZExuzCFRPgS,Bob Rissler,https://play-lh.googleusercontent.com/a-/AOh14GjyrebdfhPOghm7_bpYK5U3aRvEsPIy2kYfgYxEEA,Great for managing users while on the go.,4,0,1.23,2013-01-10 18:07:46,,
gp:AOqpTOHy9C8hd_66g02LZGiEwS5BmA5HjwOrA7_QNz5rznAzOUXadoCl2AsBIkw6DoD2mKcWUxWBE6cBd3L5,Scott Feagan,https://play-lh.googleusercontent.com/a-/AOh14GhE7qvg2JVV7kcpBDIGjiTjs-YvBAfE--8JcbrKD0w,Does just what it should and provides much needed functionality. A must have for any domain admin.,5,0,1.23,2012-11-29 14:13:45,,
lg:AOqpTOHD1rxyGl2zJpd77YG9MKttfYW_5dEGxJ9jHOfCLZ3R-DDmMYma-8xfm9T_dTEqpckWl44xvqsZ3lEf,A Google user,https://play-lh.googleusercontent.com/EGemoI2NTXmTsBVtJqk8jxF9rh8ApRWfsIMQSt2uE4OcpQqbFu7f7NbTK05lx80nuSijCz7sc3a277R67g,Perfect AD management a must have,5,0,1.23,2012-11-04 05:41:35,,
lg:AOqpTOE994LjbgxYPyAsAYRXjTUvx59n6hkQHPLjnyos-2Evne-vuPl8hVuttbWRQXNcS6Ut7dQjoRKtnBl6,A Google user,https://play-lh.googleusercontent.com/EGemoI2NTXmTsBVtJqk8jxF9rh8ApRWfsIMQSt2uE4OcpQqbFu7f7NbTK05lx80nuSijCz7sc3a277R67g,Should remove the save password option for security reasons. Would deploy to my techies if this was not removed.,4,1,1.23,2012-10-27 13:46:32,,
lg:AOqpTOFTL9clKxe5Gzswf1OrXYTPvFQQ0esvDxX3ItwFtCgpwVt_ukj0Afgz_RF28njtGjMoIaq9B_vuQ1N6,A Google user,https://play-lh.googleusercontent.com/EGemoI2NTXmTsBVtJqk8jxF9rh8ApRWfsIMQSt2uE4OcpQqbFu7f7NbTK05lx80nuSijCz7sc3a277R67g,Outstanding product works great with Nexus 7. Would like more features but man it is sold and worth the money.,5,0,1.23,2012-10-24 21:12:23,,
lg:AOqpTOF58HC_tIX3ecgcO4VKCWxzFcQHtUGI5VoYBA3dg7t2FZJnkX-v0GpEDYRXrkUDHZ7oA1nogMZI1B99,A Google user,https://play-lh.googleusercontent.com/EGemoI2NTXmTsBVtJqk8jxF9rh8ApRWfsIMQSt2uE4OcpQqbFu7f7NbTK05lx80nuSijCz7sc3a277R67g,"This is going to be my goto when I'm too lazy to pull out my laptop!  For simply actions like reset password, disable users, moving objects or even changing memberships & details this is exactly what I've been looking for.",5,1,1.23,2012-10-19 10:06:36,,
lg:AOqpTOFYh4l-C2tCzZzX3_6BwfV-Hac55wWm584k9MWuz_gBC4vc3fr5vQ3OBIbVe9AmsOtpAFdnou4t_Bm1,A Google user,https://play-lh.googleusercontent.com/EGemoI2NTXmTsBVtJqk8jxF9rh8ApRWfsIMQSt2uE4OcpQqbFu7f7NbTK05lx80nuSijCz7sc3a277R67g,"I use this at work. Overall, I love it. I don't need to carry my laptop with me anymore when making simple AD changes, which is really nice. There could be an option to change appearance, such as resizing the text.",5,5,1.23,2012-10-02 11:51:43,,
lg:AOqpTOECTnPOI6lQwA6ebNd64-TEvc34-cMkzL4_tj_fg5oVGNwEjNtFY9vjndmKji5KGOmNI0KeySYYglfT,A Google user,https://play-lh.googleusercontent.com/EGemoI2NTXmTsBVtJqk8jxF9rh8ApRWfsIMQSt2uE4OcpQqbFu7f7NbTK05lx80nuSijCz7sc3a277R67g,Works pretty good but by no means is this a tool that could be just used instead of the AD MMC console.  If your on the road and in a small AD jam then most likely this app can get it done for you.  The UI needs a lot of work.  It just not very intuitive.  It's pretty sloppy.  If the developer were to add create user and a better UI I would give it 5 stars.,3,0,,2012-09-24 07:28:27,,
lg:AOqpTOHANHTWM1VuEyKQ34dGrC67VAchtIyx3ufagL0uxZctAcx8htXP0fypFm0zY1STKjr6vO09GE6V4EBP,A Google user,https://play-lh.googleusercontent.com/EGemoI2NTXmTsBVtJqk8jxF9rh8ApRWfsIMQSt2uE4OcpQqbFu7f7NbTK05lx80nuSijCz7sc3a277R67g,Most useful app after taking,4,0,1.23,2012-09-11 01:26:23,,
lg:AOqpTOEBSaTnaXgG6C3drmONO7fiMJ2wK_gL1zYLVE3g7KBvgxUK1KwmmxbCWOz0djrSNnCV0grHQFfWgQMU,A Google user,https://play-lh.googleusercontent.com/EGemoI2NTXmTsBVtJqk8jxF9rh8ApRWfsIMQSt2uE4OcpQqbFu7f7NbTK05lx80nuSijCz7sc3a277R67g,Must have administration tool,5,0,,2012-09-05 12:34:37,,
lg:AOqpTOGzUr_S_7hX__rFKgU15QiAPcvdWnLBcGbXYpqoCTlY_d2LGTtu_3--GCLHCsKrMp_zMOvTbcSFWng0,A Google user,https://play-lh.googleusercontent.com/EGemoI2NTXmTsBVtJqk8jxF9rh8ApRWfsIMQSt2uE4OcpQqbFu7f7NbTK05lx80nuSijCz7sc3a277R67g,"This is a useful app for when I am on the road to be able to perform simple AD Tasks. But the one feature which is mosy noticible by its absence, is the New User.  Whilst on client sites I often need to create a new user account to give them access to our help desk, as it stands, I must use my laptop to perform this task, life wold be so much better if I could do this with my Android.  I noticed it is on your RoadMap, I was just wondering when it might be implemented?",3,24,1.23,2012-08-26 17:59:00,,
lg:AOqpTOGyRCJSzogRKinfjb0GF-xABXwlEBmxCr7mA0TA-pYAKUxljk8NNWYklmBle0yW7I3G2lJ2VWArSxym,A Google user,https://play-lh.googleusercontent.com/EGemoI2NTXmTsBVtJqk8jxF9rh8ApRWfsIMQSt2uE4OcpQqbFu7f7NbTK05lx80nuSijCz7sc3a277R67g,"Works well so far, but DO NOT save your password in the connection profile. This app stores it in plain text if you do!",3,9,1.23,2012-07-19 22:08:36,,
lg:AOqpTOGmEyphbWd_mZTP6VKgiVyvOjH7803Az3ZdlAeLLgBSK5jIbmxfcFuh-wy1D6o7WXYY8XEAyKqAjP0V,A Google user,https://play-lh.googleusercontent.com/EGemoI2NTXmTsBVtJqk8jxF9rh8ApRWfsIMQSt2uE4OcpQqbFu7f7NbTK05lx80nuSijCz7sc3a277R67g,Awesome. I can reset passwords etc from no matter where I am at in the office. If I am out of the office. I simply connect to VPN on phone and  run app. Love it.,5,0,1.23,2012-05-25 12:50:25,,
lg:AOqpTOGfixuBGSd6-iuMvZ2kb2T2eD-tCw3O7xfZJ7ZL0P4a-JqqKOVdhbUmmt5hmbiWUcYK6p5TVSVJWzPH,A Google user,https://play-lh.googleusercontent.com/EGemoI2NTXmTsBVtJqk8jxF9rh8ApRWfsIMQSt2uE4OcpQqbFu7f7NbTK05lx80nuSijCz7sc3a277R67g,Wonderful start to what will surely become a powerhouse app! Keep up the good work and updates!,5,1,1.23,2012-04-19 21:52:21,,
lg:AOqpTOEUPD8CGAyMVnFNQGDMLS_d5uYuZB8QwQA4tI6x69bD0pujRHVDfypCNos3pdeka3PgFzM_fN5WABgo,A Google user,https://play-lh.googleusercontent.com/EGemoI2NTXmTsBVtJqk8jxF9rh8ApRWfsIMQSt2uE4OcpQqbFu7f7NbTK05lx80nuSijCz7sc3a277R67g,Great for quick fixes or checkups on multiple ADs.,5,0,1.23,2012-04-19 13:42:43,,
lg:AOqpTOETg2qRy-8BB3Ja4yaEv1e7ks1A2c4dsvBfzNm-48KXJwyzCXffhpRDkowycaMZ9LVftrNtpOI0oOdo,A Google user,https://play-lh.googleusercontent.com/EGemoI2NTXmTsBVtJqk8jxF9rh8ApRWfsIMQSt2uE4OcpQqbFu7f7NbTK05lx80nuSijCz7sc3a277R67g,It would be 5 if it could add computer objects.  Thx,4,0,1.23,2012-04-11 05:29:45,,
lg:AOqpTOHGij09RkvAnhEDGrYcSY_pCF7SBBunlmxMOCc501vDaZmmrZd-l-iwSkhtbSERw_Ku1KbfKq9Soyvj,A Google user,https://play-lh.googleusercontent.com/EGemoI2NTXmTsBVtJqk8jxF9rh8ApRWfsIMQSt2uE4OcpQqbFu7f7NbTK05lx80nuSijCz7sc3a277R67g,This works just as advertised!!!,4,0,1.23,2012-04-09 12:06:09,,
lg:AOqpTOHJgtYkaDZyTFHwWKy-Qlupnmgqt2dzr1bSJkGv_TldZolve3dcARHdAyLsNV35co6t4_I-2lngZsoU,A Google user,https://play-lh.googleusercontent.com/EGemoI2NTXmTsBVtJqk8jxF9rh8ApRWfsIMQSt2uE4OcpQqbFu7f7NbTK05lx80nuSijCz7sc3a277R67g,Awesome app. Worth every cent paid.,5,0,1.23,2012-02-01 20:10:14,,
lg:AOqpTOGNqFpyBKpodOzb3gYRWdOUFar1nd95BLe_v9li3JV7McCxM7VNFbQFeS9QakD46nRE9fj0037QzGkz,A Google user,https://play-lh.googleusercontent.com/EGemoI2NTXmTsBVtJqk8jxF9rh8ApRWfsIMQSt2uE4OcpQqbFu7f7NbTK05lx80nuSijCz7sc3a277R67g,I love this app but feel there is still room for some extra features. Features such be able to mange a PC ie add user permission like you can from AD. That feature alone would really make this tool priceless.,5,2,1.23,2011-12-16 18:01:55,,
lg:AOqpTOEoVQeclblzbN2NlmUUw6a9kIvSvtd3GRr-nz3LxMZONFy_fsvIK-mdVYTVEG2Sw1SWHL_4ssJBMQyK,A Google user,https://play-lh.googleusercontent.com/EGemoI2NTXmTsBVtJqk8jxF9rh8ApRWfsIMQSt2uE4OcpQqbFu7f7NbTK05lx80nuSijCz7sc3a277R67g,One of a kind application on Android.  It's similar to AD Helpdesk for iOS. It saves me at least an hour per day with password resets/unlockes. I cannot wait for the tablet mode. Fast and thorough support from the developer. Keep up the good work Andy Beal !,5,3,1.23,2011-12-01 21:24:29,,
lg:AOqpTOHeCTTzIBVfWAKB9zJ7MJ7jxMMaXvmmGd_XY6UOBnjYBolpt-0aVMUA4QT0ISMM62uTUNdsJlfdnwGr,A Google user,https://play-lh.googleusercontent.com/EGemoI2NTXmTsBVtJqk8jxF9rh8ApRWfsIMQSt2uE4OcpQqbFu7f7NbTK05lx80nuSijCz7sc3a277R67g,If you have Android and run an AD environment then you HAVE to get this app. Add the rdp client and you have a superb way to mange your domain.,5,2,1.23,2011-11-21 02:30:17,,
lg:AOqpTOGFHR5QbxzBpZU_rJ3PpQJcag11X922MdY4z276Zr9i8VH_yEejQdDLmwrLhvs9WNdAoh5dVDDxI2j-,A Google user,https://play-lh.googleusercontent.com/EGemoI2NTXmTsBVtJqk8jxF9rh8ApRWfsIMQSt2uE4OcpQqbFu7f7NbTK05lx80nuSijCz7sc3a277R67g,Great app. Makes life easier when im on standby and have to help users out. Can unlock users and reset password when away from my pc. Must have on GS2,5,1,1.22,2011-09-21 07:21:03,,
lg:AOqpTOEEUvwGDPQ3d3tEl9OuZKDB-mv2i94O-0bSRgAmFLAvExSV_B8YvO3gFwduDKqFF447PVDecl4ikmJP,A Google user,https://play-lh.googleusercontent.com/EGemoI2NTXmTsBVtJqk8jxF9rh8ApRWfsIMQSt2uE4OcpQqbFu7f7NbTK05lx80nuSijCz7sc3a277R67g,This is a totally professional application for AD administration! Everything works perfectly! You have to use this if you work with AD!,5,0,1.22,2011-09-19 03:28:36,,
lg:AOqpTOGFQqUmdi9gWsWSNmYCO9fvFXgn8MrZ6X6soCx6D6bsHXTNmdwLZHiSUxn4PDG298w0Z1CubPt_7rgA,A Google user,https://play-lh.googleusercontent.com/EGemoI2NTXmTsBVtJqk8jxF9rh8ApRWfsIMQSt2uE4OcpQqbFu7f7NbTK05lx80nuSijCz7sc3a277R67g,I have been using it for the past 3 months and it works flawlessly. If you are a domain admin you need this!,5,0,1.22,2011-09-02 03:06:27,,
lg:AOqpTOE_VR7FkopluhPhvIvW4AeY-HNOJGVy1o7ff9WWf1VUT6WMD7dbKo8juAW6iL__B_Z9ILFzgw2WVwQj,A Google user,https://play-lh.googleusercontent.com/EGemoI2NTXmTsBVtJqk8jxF9rh8ApRWfsIMQSt2uE4OcpQqbFu7f7NbTK05lx80nuSijCz7sc3a277R67g,Works amazingly well. Very well designed with great features for AD management.,5,1,1.22,2011-08-16 05:09:24,,
lg:AOqpTOFNjNtJNp2SyyBWRqw9GhSa9DY_91HOIIKagCHxVS91uE0kPoxJPtRwetXGYObsCbSa_QfUMKxlC3Io,A Google user,https://play-lh.googleusercontent.com/EGemoI2NTXmTsBVtJqk8jxF9rh8ApRWfsIMQSt2uE4OcpQqbFu7f7NbTK05lx80nuSijCz7sc3a277R67g,This program does what is says it will do. It resets Active directory user passwords flawlessly! It works great on my Archos 101 Internet tablet!,5,2,1.12,2011-06-04 20:16:09,,
lg:AOqpTOG1jG9rJtm1ETO8bgq50p3LKBCKfzhGp1ghLChtsLrSzfgGLD7C6tkZh2jbnl21l0Ow5pN9ti2rRbqn,A Google user,https://play-lh.googleusercontent.com/EGemoI2NTXmTsBVtJqk8jxF9rh8ApRWfsIMQSt2uE4OcpQqbFu7f7NbTK05lx80nuSijCz7sc3a277R67g,Can't seem to reset user passwords after update. Only reason i got app,2,0,1.1,2011-05-25 13:11:39,,
lg:AOqpTOG4WcB4MQ2kxC3SOy-stGlk-MqDv7ALYQ9SkUhUP9faemNTiaFV7Mc-ktx8cFofopPmxUssFNehsJPw,A Google user,https://play-lh.googleusercontent.com/EGemoI2NTXmTsBVtJqk8jxF9rh8ApRWfsIMQSt2uE4OcpQqbFu7f7NbTK05lx80nuSijCz7sc3a277R67g,"Overall your app is good only issue I find is that, it should be able to let the user choose what vnc or rdp and not just the ones you want us to use.",3,3,1.1,2011-05-23 05:11:05,,
lg:AOqpTOEhhGYWt5-9Mieg6xKJRtYY0I8H36w92-ALPUSCyNkiqz-iyVXNcPKd9PM0g_7G0KOZGtiNA1G9WagN,A Google user,https://play-lh.googleusercontent.com/EGemoI2NTXmTsBVtJqk8jxF9rh8ApRWfsIMQSt2uE4OcpQqbFu7f7NbTK05lx80nuSijCz7sc3a277R67g,IT WORKS! I have been looking for an app like this since I got my phone.,5,2,1.0,2011-05-11 09:09:50,,
