reviewId,userName,userImage,content,score,thumbsUpCount,reviewCreatedVersion,at,replyContent,repliedAt
gp:AOqpTOEUO32FCAUBRmfI9KZClthSwikVe1P1xnPvFLJ8O9HKICwZ8AeiHUN5LHdAU_L_IpnjpDZ85H6dAs2fgg,Joann Kadonoff,https://play-lh.googleusercontent.com/-BH8-j7HuTGo/AAAAAAAAAAI/AAAAAAAAAAA/AMZuucnczl2CAgPhemGtE3qLDN6bkBP6BQ/photo.jpg,Relaxing but once you have built all the buildings there is nothing else to do. No trucks available in the game. I have been playing for years and have tried all the cities.,4,8,2.0.4,2020-08-12 19:43:55,,
gp:AOqpTOHZxXeGyQbuaHPiEBdi-PUdjeYuFhvSGJXrOmYg_IVCerBHhb6tSg0J_qgI2U41pYMRAKmQqZNZpFsJvA,J.P. Holiday,https://play-lh.googleusercontent.com/a-/AOh14Gi_kwFmw1d_VkW2mz8vFqcH3_U7V_ZDqn6Q8aYPXA,"Not Kairosoft's strongest entry, but still entertaining and worth a go.",4,4,2.0.4,2020-05-20 04:35:19,,
gp:AOqpTOFTimyVIqvH5xewAeVVFWR5_1UUcz94-r8qDOMETuWc4nzMyOYUsoS0AwPWH7I9kj6rr5RoM6ckuKBoeA,IvanKang,https://play-lh.googleusercontent.com/-NjKOSlA83AI/AAAAAAAAAAI/AAAAAAAAAAA/AMZuucmywcC9SRmvgzpoz86rxFfmjVtTyw/photo.jpg,"Its fun, but the learning curve is far too steep with ZERO guidance from the game at all. I find myself referring to online tutorials and guides literally every couple of minutes",4,22,2.0.4,2019-12-13 16:28:48,,
gp:AOqpTOGA8DqtRoAP05ehKGUmaumBDlWAM8G9MhnPLRkjJqIfKrUqc8LS8YrQaVbFqDPxJI1MVaY-hOosE82dpA,Bonnie Cutrell,https://play-lh.googleusercontent.com/-v2UvaIA6Z8s/AAAAAAAAAAI/AAAAAAAAAAA/AMZuucm8R4VFInuXehfmaEElVbpqU7Q1vg/photo.jpg,It is ok,3,0,,2019-09-15 00:39:31,,
gp:AOqpTOHq0vFtu6J8VupsXIBVFWCLUH4WWNx9edGBJQ_VGyuBxIM-HaWrj9JqdpE1sd08-IBZLza1hjIrlMhB7Q,Nina Koesnan,https://play-lh.googleusercontent.com/-ZsatGEODBBI/AAAAAAAAAAI/AAAAAAAAABk/AMZuuckwXdNNX3lgUAPMx5MABykhiQqGKA/photo.jpg,one of my favourite games,5,27,2.0.4,2019-05-07 20:04:18,,
gp:AOqpTOEzpk78p3NJ7HtPKzFBYyj_UcIJyFpWSGMLy-tpFIFF2bskwB_OMXwKjaGliDOKOwOoFicJYPXatjiF4A,Johnathan Moore,https://play-lh.googleusercontent.com/a-/AOh14GhigSMWHollVjAHQKQKZ8Nb3iRzcwfQJixJRHn4Tw,One of the best simulation games I ever played,5,1,2.0.3,2018-08-12 19:31:41,,
gp:AOqpTOE7wl76qyDZ_PlplHnWbSJ_Q2R609Oe-VSHPfDeng0vQDC2e1h8FPc57ZfGfCkvzjtU37VfqL_bn9HsFg,Megan T,https://play-lh.googleusercontent.com/a-/AOh14GjK8kfcV9mA9T2omU3lqg1IfgjK-aOOIASaNckh,Better than DTS,5,3,2.0.3,2018-08-10 06:24:08,,
gp:AOqpTOGEjwxzCtKADvqdR7YMyboc9Cj0-ascSWprzNLsf2cAJI7UVABHKVdaT2KEXZNRmW-SH2YLX_EhuEGznQ,Identity V gamer,https://play-lh.googleusercontent.com/-kgLgPcPMkp0/AAAAAAAAAAI/AAAAAAAAAAA/AMZuucnG-Qh2RUerU9LYeguv3MHd_8rN0g/photo.jpg,"One of the best games I've ever played seriously your making your own town 
and see all the people get new houses get money and cars and all that I 
love it!",5,1,2.0.3,2018-07-06 12:28:22,,
gp:AOqpTOEZQo5JXyMYLML52WgHL-aABRJUv6GW-7eKDTLZzhaUx6iOh2lSjVZYMvuRxTAnsPFiGkQYx_LkvoHdRQ,Tina Bowlin,https://play-lh.googleusercontent.com/a-/AOh14GiiaJYuIgKzyY-W4Rw8fIaRiXvajwniKRYh-rfagT0,"How come there's no time and why doesn't it get dark ,I mean the daytime 
throughout the whole game play is annoying...IJS let the town sleep & this 
game could be alright.. Is there any way I can try another one of your 
games in exchange for this one..",2,0,1.0.5,2018-06-01 23:54:47,,
gp:AOqpTOGH7CJ3d1vlwGI2d7nlLlcprKW8TnbMNND4HZ9pamcIYAP6AKKB_8rBS2loNm_aTMP0Gj0fokIi-euEfg,Rae Sprole,https://play-lh.googleusercontent.com/-RK6cq9mvi54/AAAAAAAAAAI/AAAAAAAAAAA/AMZuuck-8Uc_Ua5AtXw_gJwJK1v02u72-w/photo.jpg,"My go to game for about 3 years when I get bored with other games. This one 
doesn't get old to me",5,1,1.0.6,2018-05-07 04:21:14,,
gp:AOqpTOFjPY8Qj8BwbBpVqwO9kqTSQp91k0MjXe3nIWXmsToZG3czleGxKBLUHOoVMffVncDuwxqlaSSzcFSsLA,Najuma Henderson,https://play-lh.googleusercontent.com/-mkbiYOuyymM/AAAAAAAAAAI/AAAAAAAAAAA/AMZuucmoAkqmVyPc348u_OOb6jchGQVetw/photo.jpg,"I hate it you barely get money and it's so hard to get more than you have 
to pay until that is fixed it will be 1 star and I won't play this game",1,3,2.0.3,2018-04-27 08:33:20,,
gp:AOqpTOF5GO4U0zCpKVcZZrnqRU5wwnC_M46iynFbZW3NGtm2gqQrD7xN9-2MLGCPcuqrTnVd7KrDIBKDpH2dtw,Lisa Becker,https://play-lh.googleusercontent.com/-Ylm5zkq5r4o/AAAAAAAAAAI/AAAAAAAAAAA/AMZuuclAjT3LvF_e2yT2K6-cw_kYJ1JlKg/photo.jpg,Its OK. You can't make combos unless the buildings touch each other with no space in between and that is a glitch that any self respecting developer should have realized was there and corrected. The game is only half as much fun because of this. It's a shame I like old computer style games and I was happy to find kariosoft until I realized they have no standards of quality what so ever.,3,41,2.0.3,2017-10-11 09:39:22,,
gp:AOqpTOEWhou79O_TQxe0Ui6V4Q5ANRjsCRn6M9guIzw6dfYrm4_3rbD-QroqbeHa9lKrZEqEF9Ip31rGJmp-zA,Thomas Turner,https://play-lh.googleusercontent.com/a-/AOh14Gi4sFo5SNvqZxfEkZvHfGnOefJGrxcOXIbGIwmeDw,"Cool game only one request, Please add kids and school and make people have girlfriends and get married.",4,3,1.0.6,2017-09-23 15:34:17,,
gp:AOqpTOG7K00uYZmaZgRaj92mghzSopYx3mAgEDNX8cJsnXteBvp-HWd-a49LrRPu4kZl10DxGHx0mvz3ETUNoQ,Katrina Pantilla,https://play-lh.googleusercontent.com/a-/AOh14Gg4oLogvZY2lwzZUfVjUpib6zA5xHuNvlQU429gPw,A kairosoft classic,4,12,2.0.3,2017-09-02 13:00:14,,
gp:AOqpTOEVSaN11pIxRRBHoquUxOLj-ulneEd5rJkRvySByRPSvjnI1QiRueNnmxfzjFvgw56-sjcOLwFSWO7lrw,Burst:Oven,https://play-lh.googleusercontent.com/-CYpURrpCE5w/AAAAAAAAAAI/AAAAAAAAAAA/AMZuucmF6OXdtXyrZbxqJU96Wx2flomATw/photo.jpg,Aww gee have this game for yrs love,5,1,1.0.6,2017-08-04 10:26:48,,
gp:AOqpTOG8C43rUxoRs1hte8Mz4Kf3sMD9VgKEtds1KAJ-_Rb1I_3ZGe_4b7z_VP3lTKRNioydh-wKytklOk-pMg,Andrew BBryant,https://play-lh.googleusercontent.com/a-/AOh14Gh30VdV2_b_i9qCnsS3Z8IJfy9_OSZ1QEtmH8SxpA,"I love the game awesome time consumer. But it gets a little repetitive, could you possibly make it so the maps are randomly generated.",4,34,2.0.3,2017-04-09 13:45:23,,
gp:AOqpTOHp_Je__mIxvgnn4MzQpSjWYDj9YgdoTCN796G2sbYTGblGAIXuZ0OaJ9YAa63RMF_KpHMKcRAEvkdk7w,Arielle Mallette-Hall,https://play-lh.googleusercontent.com/-OzKKpn5dTSA/AAAAAAAAAAI/AAAAAAAAAAA/AMZuuclS4H3q7CQKrKv3AiJM-Y7_fnHqFg/photo.jpg,The money was worth it,5,1,1.0.6,2017-03-09 15:24:34,,
gp:AOqpTOGg1fRcDXP4A_EaxYyiraJUpsStY557U4C--8kaDLt8Aw_Kb-h3eRjnI1lgceoe4uhPMSNQZotQmZnGfQ,Allan Binns,https://play-lh.googleusercontent.com/-GhRe5RYoaC8/AAAAAAAAAAI/AAAAAAAAAAA/AMZuuclB7UWjW7AjafMC2TZuSyGXr7UL0w/photo.jpg,"Explain why now you want to nosy around in me videos, media and photo files as this has nothing to do with the game if you insist on this I will uninstall the 8 kairosoft games and never return I will also inform others!!!!",3,2,1.0.6,2017-02-09 09:19:18,,
gp:AOqpTOElBOr3UQESl_9A-BMKx2ABZoxR6du3_TrcZZF6XVbNcrrknEPLhMWeRU12QYp40nf72qRUM7DGCYwPjA,Brianna Hawn,https://play-lh.googleusercontent.com/a-/AOh14Gg32-8aKPmMfnwYT17m5x9-GhEe7m81DhLmaLY-HQ,"Payed for the game and it wasnt what i had expectd, i love dream house days and i was hopeing for something similar but after playing for a while i found it just wansnt what i wanted. Then i tryed the lite verson of your cloths retail type game and i love it but i cant afford to buy it too. If you could refund me for this game, i would definitely use that towards another game of yours",5,13,2.0.1,2017-01-29 10:15:33,,
gp:AOqpTOHg1wbyqtZS42zGbMnp2Mr-4-fYO89cY9C7nNHPNbKaM7f9J6Lr5JyEOS912TF1DV5mVRSDYc7mj33Xew,Tammy Jackson,https://play-lh.googleusercontent.com/a-/AOh14GgVajoccf0oTLd1Av4Ito9v33b1lPrR-vvaarv548I,I love app store😍😍😍💕💓💙,5,10,2.0.1,2017-01-28 10:26:34,,
gp:AOqpTOFAObKYpxAHseRH0SxaQg-H8vZqLOzhOmtPzpMW7-5tOZQ7iZXbRqRp5adzdM7polvASQmSnOzNFAGWzA,Jintawat Yafoo,https://play-lh.googleusercontent.com/a-/AOh14Ggajx7OKwhqtlupYvK_dScIxDskTXUCft6toVNThA,I like this 👍,5,6,2.0.1,2017-01-26 23:14:46,,
gp:AOqpTOHFfahbbiy4oGJA8Gy5hMmHSRF2pph5zAqe_XFm1PUnG9xdT3vd9D1ebkFbpicX-DfFBpA9Bj_A2FVPAg,Michael Lawrence,https://play-lh.googleusercontent.com/a-/AOh14Ghq4v7qYewwDmiBzJ8CmFiZEXWEhSjR-w18FX0TCA,Another fantastic product by Kairosoft!,5,1,1.0.6,2017-01-20 02:18:31,,
gp:AOqpTOHNNvnRuUuWFBaBSaV0r6-Y28gtImuM7y2dYZUA9BZIGJlpHtAeeV4K7ICtCOVvd7FZUEEcec_q3cT7ow,jackie cunningham,https://play-lh.googleusercontent.com/a-/AOh14GjthljNDT0js__rVLTFC27X1XqVIBfG6W45ikPWq1M,I didn't mean to get buy this,2,0,,2016-12-02 14:09:17,,
gp:AOqpTOHmn0NHlUudHSelQCW8xBlBaePKzxXq71VPMzPSW_cGkP56Gyog84V4ddpI1FcmiCetE74n0I4sYu8efA,Stevo Martini,https://play-lh.googleusercontent.com/a-/AOh14GhR_NEVUtxXQusrPPNacg7cJeygLTsZD64Trz8pAA,I love it!,5,1,1.0.6,2016-11-29 07:30:13,,
gp:AOqpTOGYrifEUczlqRsP7Cm6GffhbuoJLK9ctA0Ex03hRQ9sFuqfUaI31okgPWlrw2f39f3F-STTOX7zfsQtdw,Bryan Long,https://play-lh.googleusercontent.com/-kLx44k-FW6M/AAAAAAAAAAI/AAAAAAAAAAA/AMZuucnwHJyTWzdwwk0H8zhy00yWfvwzWg/photo.jpg,Game ran smoothly the first time. 2nd playthrough it became unplayable slow,2,2,1.0.6,2016-10-30 16:01:56,,
gp:AOqpTOGyCluGZUmEd9Tv7d1dwxkU1BtQe-PeBhwmQQLCC9nqUkz7e0_mWBn-gBip13QukW_fTQXy2ef2xO0Wqw,Ben Manning,https://play-lh.googleusercontent.com/a-/AOh14GjdPM2loDH7RbA4mdgra4wJNMcwkRVEk2t9MGxEdA,No bridges???,4,1,1.0.6,2016-08-06 19:07:19,,
lg:AOqpTOHrL7MGotH4Pvv1_M9tcw74ZY8VRk_ZBQFQ5dAeUirR8UFkv7_I5tbFTzgZzVDDMx7tKLTENEcxkjXDaQ,A Google user,https://play-lh.googleusercontent.com/EGemoI2NTXmTsBVtJqk8jxF9rh8ApRWfsIMQSt2uE4OcpQqbFu7f7NbTK05lx80nuSijCz7sc3a277R67g,Best city builder game on Android and iPhone.,5,2,1.0.6,2016-07-25 08:45:41,,
gp:AOqpTOETRgKwmWO1tMrDPfOJl0zznuZwxBKBHNI4CPIVItselQ13fZ5v8-G-IvWqSjgAt5RjdSEt5Omf98DMew,absrecion Shaitzzey,https://play-lh.googleusercontent.com/a-/AOh14Gj35cClCTEwI_hj1-iMVyuzf9wBNdTHREFGXHjnEQ,"A minor problem.. I wanna play the game again and was trying to edit my character. But I cant seem to change the looks. It use to have male and female, but now I only have the very first male character. Help pls !",5,6,1.0.6,2016-06-16 19:14:09,,
gp:AOqpTOFcRfOMNnyQwqWzv4GeWC6zBxUc9KqdZHcfM5HE3zcnn8MXMJpV20YrQGkFoFe0vg8B8r90eFbHU8_pfQ,Conner Smith,https://play-lh.googleusercontent.com/a-/AOh14GiYxiKn6M2mJQOw4TMMCWs-WanxB8AuVyQ0S65swg,"Amazing game and lots to say positive. But more importantly, to all those that are having issues and claiming graphics or laggy play the second time. All you have to do is change your settings for graphics to performance mode and it solves it all. Don't be so quick to write a negative review if you haven't even tried to solve the problem. It works perfectly. You should download and play this game, it will consume your life in the best way.",5,33,1.0.6,2016-06-06 18:38:35,,
gp:AOqpTOGM8UQ_FKF6ejW86cy4b6mjSx--sgRQwK2zDlozdN8dujz-s6C9aw6AclFMXExvhB5KrKeXvDmhzGk13g,Teagan Prescott,https://play-lh.googleusercontent.com/-3kr0uHtItU4/AAAAAAAAAAI/AAAAAAAAAAA/AMZuuclK_gsacEVq26wWlw8PzT2HATohIw/photo.jpg,I have heard people say you can't play a second time the reason is is that the graphic and speed level changed all you have to do is change the quality back to high and the speed to high.....yeah...it was that easy....,5,8,1.0.6,2016-05-25 08:50:48,,
gp:AOqpTOFR71kA4jHYmO7qFuuFMNXTBe1bt2Zv_Zo_iStFWFi3YzwuawG1g7IBTWMT9RModfmYDAIsaWvrVx7QYg,Mark Hudson,https://play-lh.googleusercontent.com/a-/AOh14GivXVSQhD982fSV3otBIydEXl2g0-DrY7Awzo4b,I don't usually buy games from  Google play but when i do its usually Kairosoft games. I've now built up an entire collection of them because of the addicting gameplay that keeps you busy for hours and never gets boring. Check this one out if you got some change to spare. Its pretty good.,5,1,1.0.6,2016-05-21 10:04:20,,
gp:AOqpTOEMo3cSorc9b_x2Hmi-m9NCLPhavG2VqZCYjKWVqv1oy3dBv3CDmHY2xDIa4UX8PJqt2LiloYljY1zLUg,Dan,https://play-lh.googleusercontent.com/-V24yzmYsjmE/AAAAAAAAAAI/AAAAAAAAApk/AMZuuckPJ8xMQLrVKzK0AYfn34CjFp8M4g/photo.jpg,I should've listened to the other reviewers. This is unacceptable for a games whose premese is replayability,1,2,1.0.6,2016-04-23 19:50:28,,
gp:AOqpTOGTZDHkTzGc5Q9O7LRBuG81glDSQJXzb7WTn-RcqLeOK8PgPFWmNTkYywv9BN3PLVeoKp5vMRlEIRySBg,Stephanie Nelson,https://play-lh.googleusercontent.com/a-/AOh14GhYtB6tknok3Voza-_iwyXRLgTeZTYAVuh_kBxS,I love the game but after you start over the graphics dull and it runs slow making it less enjoyable please fixx,5,0,,2016-04-07 10:49:43,,
gp:AOqpTOF0z30mfJIdwo39yU2t0PrYqqaVDcjyMfZckUjJidtdYBawRfbfYH8ojXc_cB4h8-isHSI0xRROkbi-Ow,Len Cruz,https://play-lh.googleusercontent.com/-fSS_XIOo2nU/AAAAAAAAAAI/AAAAAAAAGeQ/AMZuucniGc7zpUikN9K1gcR97arfl6IS9Q/photo.jpg,Love it!,5,0,,2016-03-07 01:35:55,,
gp:AOqpTOFxeQpBVXI_peLNK6npRbeypQkEhE3_wrmgE1A5Qd5K14WZ6ihTPJAXwLOmSWZxZQOGQSjTWpIk1NoF8A,Asd Rion,https://play-lh.googleusercontent.com/-g_hDwOB8U4s/AAAAAAAAAAI/AAAAAAAAAAA/AMZuuck-Jkm5DZ8faYxhUojssdc-gk4L-Q/photo.jpg,"Game is nice. Bought the game, had it authorized though the net onces. Even played it. But some time game will not allow playing of the game due to no Internet for authorisation, double authorisation? WHY?! Edit: Third time requiring net to authorize an purchased product.",1,5,1.0.6,2016-02-20 06:59:59,,
gp:AOqpTOH8iMGk4u60gJ66Dj4TIvf05-_vqO8Ui20vCUtcXf9upPIWJmGFfUrLnu9zfBR-NJ5LaV99jXdQkmGIRg,Tina Knott,https://play-lh.googleusercontent.com/-hZuiey2GThQ/AAAAAAAAAAI/AAAAAAAAAAA/AMZuucl3mNPkbE-jMZA5f2X5EavluIMmwQ/photo.jpg,Best game in the world,5,4,1.0.6,2016-02-04 16:31:15,,
gp:AOqpTOHIR9MSw8KHfRJOd80SUvoI3sq5NhcjCUdun_p0pqXrQAnX2ldV5IBhLPMWSGZwi3yGFTRBAGDfd-0LSw,Karen Sabins,https://play-lh.googleusercontent.com/-6EPHGYZHruE/AAAAAAAAAAI/AAAAAAAAAAA/AMZuucm5WmOU3zn0gzsNraTcyMxg_lKITQ/photo.jpg,"Hello, I Really Enjoyed Your Game And Would Be Thrilled If You Made A Prison Sim So You Could Run Your Own Prison",5,3,1.0.6,2016-01-22 11:18:57,,
gp:AOqpTOHL0ps6xfXG-hvwROQbUtq4q78N_irb03utoLT_MQt1mgJ0Ym2H2JRDisO28xDo-eOidueOPbkx8jouWQ,Big anime freak,https://play-lh.googleusercontent.com/a-/AOh14GjpEt0Ij8U01FRMi5r9pXsyhH69877Xlmcf44fC6w,I think the game on is great. I wish the towns people could get married and have kids like real life. And different work buildings could be nice instead of just one kind.,4,0,,2015-12-30 13:00:29,,
gp:AOqpTOHMkdjqSDWfApsVSvaUW3FcV2VOml8q4K13f9CqCcGT5m0Y_DshKR2Pl48HPq0B1PM3ouySkAxXDEm6Jg,LizzieLOL,https://play-lh.googleusercontent.com/a-/AOh14GjtwWA6sEUyXpMZ3AriP_zgTv5s33KQsRJuCOnsyQ,But I kind of think you should make it a little like Dream House Days - and maybe we could go inside the person's house? Just ideas! Love this!!!,5,3,1.0.6,2015-12-23 19:24:54,,
gp:AOqpTOG4TH1UJdhpCK_guzSE_9fQDtKGStp6gqdqj3ClGCitxCdfYo_aNstSU7qd0eD7ORSyyj7r7jQG1liS1w,A Google user,https://play-lh.googleusercontent.com/EGemoI2NTXmTsBVtJqk8jxF9rh8ApRWfsIMQSt2uE4OcpQqbFu7f7NbTK05lx80nuSijCz7sc3a277R67g,Won't authenticate.,1,2,1.0.6,2015-11-29 18:17:36,,
gp:AOqpTOHz8hwY6a5tkQ3o-dZG4wvOkjS7PwiK_x9wVUqiFpAp4BDOmxogTM3tC2u-cUkVR0s1X3dP1QtZ9O7Jig,Hottie Tottie,https://play-lh.googleusercontent.com/-BisqNDkrOC4/AAAAAAAAAAI/AAAAAAAAAAA/AMZuuck8fo_NKAYEGcJdi-jmmXS_PMiy8w/photo.jpg,I got 7 games already by them .I'm trying to get them all I love it keep up the good developing lol,5,1,,2015-11-04 09:18:49,,
gp:AOqpTOH-DjBnvzcwxk7n7Yt7-u2kveMpkMrUeQ9E7Bpz9RIQlC1-bPjR5oaudoZy9YrP6hkaUwlixxwVnk2rmw,Rose Anne Gulosino,https://play-lh.googleusercontent.com/a-/AOh14Gh2Njw7PpFh8bCqclU0ZiQGy5m-2iqnWCzoKHIr-9k,I really enjoy every game made by Kairosoft. Keep it up.,5,3,1.0.6,2015-11-02 06:39:00,,
gp:AOqpTOGpGzjMaktPzrsMt2QhZHTJtGMjU_HUZ2p38UW_1zYlccBG6zlbU0qosrXHxlcqwseBRpN7tGcXl95WiA,Bev Walstra,https://play-lh.googleusercontent.com/-10iyepSmaBc/AAAAAAAAAAI/AAAAAAAAAAA/AMZuucmibFI2G3SvZhxEikjxwHFIf1FV2Q/photo.jpg,Great game,5,2,1.0.6,2015-10-21 18:32:13,,
gp:AOqpTOFvdaWTLoZ_RGriLlXuGTQVIhHbrUQ4lgSTspJ_T4-yTsjzahJwYZaC_TkjtWK1K0ZbVqtwhc-qg0tN3g,Benjamin Frankart,https://play-lh.googleusercontent.com/a-/AOh14GjvreTrUw6AcJHOyzZRI944ajC5IlMJPdha8QKX9c4,There's only a few games that don't live up to their name.  This isn't one of them. Amazing game!,5,2,1.0.6,2015-10-18 19:04:25,,
gp:AOqpTOFOZQko4wKxMyeJIB8CI7P0h2H_-SyYUzq8oZqeS8DrLoO83xVx08__yCwpGP3LTs6uzo0UxdVuKn2Sww,Zexsoul,https://play-lh.googleusercontent.com/a-/AOh14Gjx5xqMbsKY0mkQai-VG5ooN0V77sj-DjozEFAQ,"I really love. But after finish a town, the graphics and speed of the next became really blur and slow. Is there any way to fix it????",5,3,1.0.6,2015-10-17 21:10:30,,
gp:AOqpTOEBSJloZQxaOqbpP44qO3xWQfBwXsIDWs7QAdn7QEAUTEMDTE-0lFWsUTPkBgJipRaYsA30ouHgawi33A,Jacob Nelson,https://play-lh.googleusercontent.com/a-/AOh14GihmRVfV34RTFFsBwxS3LDpimc2CoqvUWGLtzO7uA,Awesome!!!,5,2,1.0.6,2015-10-04 14:08:53,,
gp:AOqpTOHlnnqe2YDwC6vOeKEqpeENUzc8Czrgw3ZvaElLoyt_K3FbW6EfbJJtECkOKTqhCs0_BSQzM1HsF5jZMg,Martheena Ram-Landicho,https://play-lh.googleusercontent.com/a-/AOh14Gh5gedc-DuNIVYf7kGj0sldHjSYeh-djykbcg4M,Awesome,5,2,1.0.6,2015-09-26 09:54:33,,
gp:AOqpTOE0A0Sfwa97vq9cjVW9Avp4qHgKXABvhgU8z_KUHFYwRCLc-QzhkeXtQG0DonDF5_F-_99Zeibp6VmX1A,Enric Naval,https://play-lh.googleusercontent.com/-ehnUalaE7HE/AAAAAAAAAAI/AAAAAAAAAAA/AMZuucn6MknSubk7jrtGxMXns66nDl_MGg/photo.jpg,You can keep playing after the time limit and build every single building.,5,5,1.0.6,2015-07-26 11:58:41,,
gp:AOqpTOGTP3-lp1mIGyvTaQEZ0V0YPz8NilKWS1ZuR19DDP0GnEdI7Ea21-QotpnO23DUBXzLWZbioWnK5pBxKg,FallenAngel666,https://play-lh.googleusercontent.com/-DRG4TSBLxFw/AAAAAAAAAAI/AAAAAAAAAAA/AMZuuckn73ATmhexhNskBRqVYDfwWJNyFg/photo.jpg,Didn't get a refund.,1,1,,2015-07-12 13:07:54,,
gp:AOqpTOGvCEhvrPSWKaAeAEEjnIarwnPV56xvQ0vPJBO41TYaja9N-acFfqUpcjAy5knjm5h05rWzEGWrOuQH-A,emily,https://play-lh.googleusercontent.com/a-/AOh14Gg5TyBYcmBeT7zqiRRlj5PhIxmQ8ESpyBTldYTj7w,How do I get a refund? It got pretty boring.,1,9,1.0.6,2015-06-18 16:26:41,,
gp:AOqpTOEwZDwIHQngjRD0tOlDHCQMZ81HMutqweOudMkFczYlWgTtqKVEUlEExOBkAkdscBVXIMUlAu8STCwMUg,A Google user,https://play-lh.googleusercontent.com/EGemoI2NTXmTsBVtJqk8jxF9rh8ApRWfsIMQSt2uE4OcpQqbFu7f7NbTK05lx80nuSijCz7sc3a277R67g,Bought this several years ago and I'm STILL playing it. :),5,3,1.0.6,2015-05-29 15:21:05,,
gp:AOqpTOG_1itYh2EjxHr6GKBETvNC7iF1n0Dn31RFneXI0WWDtuAm8Vr3gqMSaZKHbUpW8rL0szSFbvRWbDwlvw,Arianna T,https://play-lh.googleusercontent.com/a-/AOh14GiNTInm-Bu8VuYjYoWACWjtX159Lq4viHUp-Ytu4g,I wish they had kids lol,5,2,1.0.6,2015-05-24 14:09:00,,
gp:AOqpTOE95nFVwGfD7-v0yDPawPvXK0vsxehzPN9Y_idzQ3Dci-69Hkuc_Vv7VuD8R4tbBe_iI-cZwLexlgDe0A,Brandon Colz,https://play-lh.googleusercontent.com/-cFZW9ZbZloo/AAAAAAAAAAI/AAAAAAAAAAA/AMZuuckq5PR5geRaOzzSIIbZ5fYJzErNjg/photo.jpg,"It's a very fun game, and very addictive. For those out there who says it is slow, it's not defective. You merely need to turn down the graphics.",5,3,1.0.6,2015-04-25 07:50:44,,
gp:AOqpTOEaUBssZpgklkO5GWFKCN2GFIkSkrx9UEPqwtCsHMq4mwTPoRclvWHswgokA1x3u8Mvfsk9c3rm9VKXvA,Daryl Fenstad,https://play-lh.googleusercontent.com/a-/AOh14Gi6iIXuNMgNo-c87-QqqHB7vAiNYgtVyz3bWCR5Dw,"Never enough cash, makes it less fun",4,2,1.0.6,2015-04-24 06:32:41,,
gp:AOqpTOFIj81fl9ZkK6yVYdzCq9IelXIrwYjGAHrqvs-yRDAZr7ujlidhdPH-3-Wnx_Bb0HoVGi02NfGXAmxggw,Lala Dlt,https://play-lh.googleusercontent.com/a-/AOh14GgkSufOhDoP_3GcRdtDvqyAulnid3hGZKhQyZvvXQ,Need mall or somethin im already on 24 years but on the pics it shows cool stuf when you have a world it probley will take u forever or 43 years to get a mall or somthing thats relly cool,4,3,1.0.6,2015-03-28 12:17:12,,
gp:AOqpTOGSC5BRMGGTUaB9G_HvzX9F7APoavtzID_AKO_Lf5Ons8Am7c1gPcdYr0b6y6DY8v3knAGk-FFeXl4bgg,Eevee10101,https://play-lh.googleusercontent.com/a-/AOh14Gg1TBckGYl3T2FW8cxy1IJlvYA1aMtrVcJztTwtrQ,Ehh...,2,2,1.0.6,2015-03-25 17:01:09,,
gp:AOqpTOF2nB-fs2mN_W23wk9a6Ga_2UuxkFl_Qz_ndpfqW0AFLkdI594g-T0AulPzhiskghIMjoDP-1qBfqkUUg,A Google user,https://play-lh.googleusercontent.com/EGemoI2NTXmTsBVtJqk8jxF9rh8ApRWfsIMQSt2uE4OcpQqbFu7f7NbTK05lx80nuSijCz7sc3a277R67g,"I don't need to think twice about Kairosoft titles, I just buy them. Fun is all but guaranteed if you like this game genre.",5,5,1.0.6,2015-03-23 02:30:28,,
gp:AOqpTOFf2rPK61Af9n9AEBxuLnGe46yIW44HnTwv-KwmZEbSbGGxHkDN67Ou413ueaq999ZRwGPfk13_MQSzww,Mabel V,https://play-lh.googleusercontent.com/-Rc6gZgAq88U/AAAAAAAAAAI/AAAAAAAAAUA/AMZuuckGZ3ReM9NirBqH3c-iQ361UIgj6w/photo.jpg,"The game is pretty good, similar to Oh Edo Towns. Unfortunately the game is defective. You can only play it once. When I try to do a second playthrough, the game runs slow and looks somewhat blurry. It's slow enough to make it unplayable. If you are familiar with kairosoft games you know part of the gaming experience includes having some of your game data transfer over to your subsequent playthroughs. Giving it 2 stars until there is a fix.",2,52,1.0.6,2015-03-02 20:55:34,,
gp:AOqpTOHMwNyCQTDoiGBi7NqgFbdy3y8w49CaZj9n0LcGG6AV-cxhuowyDgySOtmdEDBtmWoYmIm7M2wfPZoPrQ,Chooki Zoro,https://play-lh.googleusercontent.com/a-/AOh14GjQtYMmb67SNdu2bO_R3VdoQQDavLG0W07RxBQ8,I love ALL their games!!!!!!!!!:),5,2,1.0.6,2015-02-13 20:29:04,,
gp:AOqpTOFdPLl3lr1CgZXJfsSuB4Tn-WZwqbCogeDyDgwObReUSUUwVkP_F5inP_joRWAP-Bxvucie3hfdqCgnTw,Joni Montz,https://play-lh.googleusercontent.com/a-/AOh14GgVIBXyjdVi5xvHGworVwGrFiW5EhysA3_dC4T_,"I love Kairosoft games. They are all so good in their own way. Unfortunately, I'm giving a few of them a single star (this one included) because of one thing; it's really Slow and Laggy. I have no idea why this happened since during the first time I play each game, everything works fine, movements are normal and the like. When I play a new one though and no matter how many times I delete each saved game(s), it had become really laggy which of course kills all the fun. Anyone else suffering from this?",1,14,1.0.6,2015-02-10 08:11:51,,
gp:AOqpTOFEAp-aysXLwToAV5jlMuwZWRGRxNetdQclApbc_Vsng6ojfhfGkE3dpBgxycGdKsFLsvzda4CtvPh30Q,Jesica Stefanski,https://play-lh.googleusercontent.com/-HGmwk3Y3GIQ/AAAAAAAAAAI/AAAAAAAAAAA/AMZuucmOsO28YTm_dypLHBQwdbkVFeb0ow/photo.jpg,My absolute favorite!,5,2,1.0.6,2015-01-02 19:39:11,,
gp:AOqpTOHZ05mWHJ4BhMVdgLjLQ12XSGertNydTNZb7SVocguPL9Jij1VaUPBv_cOs9bdh06TjN5jqwCybyfdEbA,the real boris johnson trust me,https://play-lh.googleusercontent.com/a-/AOh14GgcwNz9XHahqyyR2CEEEeIwE-pdgEA7lTdgckrZxQ,These developers are great! I recommend this app to all user!,5,3,1.0.6,2014-12-25 10:06:13,,
gp:AOqpTOFRrbILm77X0lANRuPrNZEFSHcqOSjPx8meI0VfaM52jfel-VCUmIJT6iCyUeDp2pd4yP3xE-EKUQ6Fxg,Destani Bourque,https://play-lh.googleusercontent.com/a-/AOh14GiU9wiyzwcY2RFkC2l9o3cppPKCw0-maU-BjmrTiw,"When my people are on a shopping spree and go to the fishing pond, they don't spend any money. Is that a glitch, or is it supposed to do that?",5,0,,2014-12-15 00:19:56,,
gp:AOqpTOEfKOsIXMfXHNDLOaPSSvq-zGuE20WMiSxwPXhpyObZ57ZmVz0oGbIhlJRBIN7Ru_qA54ausM6g5gyzgQ,Nicholas Mouat,https://play-lh.googleusercontent.com/-AK0lGDaxQzI/AAAAAAAAAAI/AAAAAAAAAAA/AMZuuclHeA_QpAsOb3kEcxiGZ7rywg-7_Q/photo.jpg,But I wish that they add new types of houses,5,3,1.0.6,2014-11-17 16:16:42,,
gp:AOqpTOHd9RUrMHMFnarce30BeoCfJKdKXnUovehRe0Jp912rahtmBBrJeZSCmO88TziX6Dq_5lVdDU9PzLDQNA,Simon Gautrey,https://play-lh.googleusercontent.com/a-/AOh14Gi425i4-Wl7C4afeRNgB19X7ATbwwoOUhssuzvc8g,This is a great game,5,2,1.0.6,2014-11-15 08:17:39,,
gp:AOqpTOHr7pG5FDrcjpK-HXTkGKFflLCVsnPdufP3UOkKJPF6OsFl6Kh6YCC6H0EIdN-vjT25FaEPiVc7aaoJkQ,Billy Presley,https://play-lh.googleusercontent.com/-wsAdgwm2aUQ/AAAAAAAAAAI/AAAAAAAAAAA/AMZuucl9lIIGXj7he5r0X8Tn1hDD43MccA/photo.jpg,"Even though I can just get a free apk I still pay for it, its that good I mean seriously who wouldn't want support developers with this much talent",5,2,1.0.6,2014-11-12 10:23:22,,
lg:AOqpTOHlUKZz5gUH5PRJGJUnjdC6NyXFN1stOuz2BrVnAwqIq15MOhAKfKeoxk9nGrFkAi076JPoDuDOJ5xlKA,A Google user,https://play-lh.googleusercontent.com/EGemoI2NTXmTsBVtJqk8jxF9rh8ApRWfsIMQSt2uE4OcpQqbFu7f7NbTK05lx80nuSijCz7sc3a277R67g,The game is deeper than I thought but great game regardless.,5,4,1.0.6,2014-10-25 09:23:53,,
gp:AOqpTOG0se_-SjFfl9GHrg1YuaZMtjsVCUjRE9g2dsibM9msWCY5tEZyE0PsPgAOylcRx7QGzK2HH4FF7_dw5w,StrawHat TTV,https://play-lh.googleusercontent.com/a-/AOh14GgyWogyV-xI9cOUzWP974TV5JowMvsWO_PNkfq6ZQ,"Every game you guys have is very fun. However, I would love too see them dual released in English as well. For 5 stars. I would if you translated the ones I've seen in just Jap.",4,1,,2014-10-23 07:30:02,,
gp:AOqpTOHFHL02vMerMbkYLkqNP7lm3a9SIHapCNeS4LWwLiys53-ekvstkbVqZ3mgWLc0xDUVrkwZkJ0D8xk8JA,Laura Rooks,https://play-lh.googleusercontent.com/a-/AOh14Gj2t8vw3EZAmBDE8SNku6W7vN8P0VAdLaCWeVsZhg,"Was great the first time I played it, but when I created a second town, the game became unbearably laggy and basically unplayable. Still not sure what the problem is.",3,30,1.0.6,2014-10-20 12:50:33,,
gp:AOqpTOHYqh9sUd5EnyiBDcFkWtmZr7OQ_rMrvUokIwnl0V3gwSYk040Ngg4JUwnPdCCGNH-XBXaOgoQe4gVHoQ,Andrew Sikes,https://play-lh.googleusercontent.com/-OZyjsE5Cu68/AAAAAAAAAAI/AAAAAAAAAAA/AMZuucnvuCG8382B6Yyisgz-dI2z98f_xQ/photo.jpg,Kairosoft I love your games but this takes the cake this game is awesome great job and I hope you make more game and I can't wait,5,3,1.0.6,2014-10-16 18:02:15,,
gp:AOqpTOEfE58oRZvFkbb8dkFtPyGqw6gU0CYV8hcLo-HCJq3PhYBMGkT72Az7JJOXHfHsVw17R8E90Kn-Xj6tvw,ratu ryland,https://play-lh.googleusercontent.com/a-/AOh14GhKGUjcHiQGt56eiC8O0OGU9Go3aa-gw9nFv1pWvw,Ive bought and played every game by kairosoft except card change because its not in english. So now I'm waiting for a new kairo game. Please please hurry up and bring out another.,5,7,1.0.6,2014-10-09 19:28:18,,
gp:AOqpTOGFLkAO5LAvoNMjqnQoD_QBVbdS2YEuBppnJkRKDTcbhdx7L6ybtfMex0nNcHcwUW1NEwbvkE5qkRDPEQ,Jeffrey Alvin,https://play-lh.googleusercontent.com/a-/AOh14Gi6-NLlGoTzEcl1uUKzhA411haKC2o_8ew6oko7jA,Fix it!!!! I downloaded 3 other kairosoft never had this problem!,1,7,1.0.6,2014-09-26 22:08:43,,
gp:AOqpTOEma4a535I1eJeC48U_EOX6g00C1ZbfDQ2r5bZ9oVMVFOnnQYtPDhV-UiH5Rb1tGdxb3PPelZamkzbxlw,Jordan Wells,https://play-lh.googleusercontent.com/a-/AOh14GghkXO0ntVVUCM_5QsEddIQo3lZOPx8YU8f7bCtzQ,Best game ever,5,0,,2014-09-22 21:47:58,,
gp:AOqpTOErkN9IuAV-qLUEzTScZZcrZ-zJ_AZZ522sHzYyAKSsLAlxhZz6gpLCwooZkSMstJNqeE1pbFEc3-zR9w,Arin Lattimore,https://play-lh.googleusercontent.com/a-/AOh14GirsxI6xB2axVtWbjC0ZQBC-imPY498btiovFPz,I always love games by you all please keep bringing us new ones.,5,7,1.0.6,2014-09-16 08:06:16,,
gp:AOqpTOHd5sfNzjADDGBe3aSVdZARXcp68WWnFXnrwYRMd8K4j4K97As0n3A6dMSWbh_K1gGSHs4XfRb45-c5pA,Jonathan kulic,https://play-lh.googleusercontent.com/a-/AOh14GiHbKfHZT5rThRiRekwz1157sc0MRldUAINx9seixU,Game is excellent but would be better if there was an option to  have bigger maps and a different variety of environments,4,7,1.0.6,2014-09-08 21:02:33,,
gp:AOqpTOF5QtiJeXX1p3cBfLCCwAnsu-6eWl1js57EjGWciDyIYa_B4UdvbA5XI3lEGVNJJnPs_tzBemajVdMtJQ,Rahne Shrontz,https://play-lh.googleusercontent.com/-NWeUdfVEuCo/AAAAAAAAAAI/AAAAAAAAAAA/AMZuuckIt2lh6Fg_xIXx3A0lqbkt6QPnbQ/photo.jpg,This game is perfect if you are looking for a game that challenges you be successful. There is always something to do. I have beat it once already but it's the kind of game you can play again and again.,5,38,1.0.6,2014-08-30 09:53:38,,
gp:AOqpTOGqDTmO1VLqB-rvdtGHJdfJ12XFNH_dKZ3wSmNJ-lRPlsrQgmmFS65CQPXWn_ngLL636SvkqzkdLIWu4Q,Toxicity Rose,https://play-lh.googleusercontent.com/-FNHAenx1MV4/AAAAAAAAAAI/AAAAAAAAAAA/AMZuucnH_4vuFOiQYr-LiY6iFqo-HLxnHw/photo.jpg,GREAT game worth the money,4,3,1.0.6,2014-08-28 16:25:53,,
gp:AOqpTOHGx1HDXJW16Y1llABZWBtHy5sJ-E0ceEny5-vnc5sCBa-yRAue5PBiVzpHszpfA_K_I0jA-S3E2OmrBw,Steve Marsh,https://play-lh.googleusercontent.com/a-/AOh14Ghq6fk2CkQBwQIyAqbONyD6IO5vu1Uwz8dtgDYLrA,Fun,4,3,1.0.6,2014-08-24 08:32:44,,
gp:AOqpTOE2-V4xj2eKg3mViC-G8XFmmvYxpTN1mRumoj1LN2o_nOd8bpdr54Dv1mQ56HyW8cBpM1RnHu8UEsJb6w,Marc Bourgoin,https://play-lh.googleusercontent.com/a-/AOh14GgxWpMPWcNcpmkJ5Y15yB557zjqauejikC_POHr,"Heyyo, fun game, but oddly many Kairosoft games run poorly on my HTC One M7. Android 4.4.2 with HTC Sense 6.0... Even running on low graphics the game is a little choppy.",4,23,1.0.6,2014-08-10 01:30:07,,
gp:AOqpTOFoQjBKsVdu-k0EyDMfutiZ9dwYY0JlOgG_uiTM9yJx08sF-yR3PFq4w1PEXlmEL1YFwTMAd7ZHecT40A,Adrianna H.,https://play-lh.googleusercontent.com/a-/AOh14GgI_G0FYIboptfRFRsHfR5VJzlwUUIEkyujC-lD,"What the hell kairosoft? Why do I have to be online to validate the app every single time I open it?? Why can't I play when I don't have Internet?? Why the hell did I pay so expensive when I can't even play it offline??  As for the game, it's addictive as usual with Kairosoft games but I just cleared the first map and boy it was hard. You could barely spend on much things because each cost a lot. Maybe if you play more, it'll get easier.",3,14,1.0.6,2014-06-18 09:40:21,,
gp:AOqpTOHTo0cr0Ml1mxt_coJAAAClIHxf03GVf4ZecBGkFrgEFq0CGoqtidXXT9FsPMaCFxMdkzp92Uy613Q6CA,Tongg Pongsathorn,https://play-lh.googleusercontent.com/a-/AOh14Gi80xE7PTQtpreSN_uZi-uGRcdBRajNrbKAWcVi,plz sale Game Dev Story - $0.99,5,3,1.0.6,2014-06-12 11:06:21,,
gp:AOqpTOElahbrMmW8UIQaya5A0C-qYYmyhXarOmxvlNiYxvaQGY2Uu0HhoZTUowgaoOLc_OpDzw1CbcA3EpGMAA,Lauren Fanning,https://play-lh.googleusercontent.com/a-/AOh14Ggy7yN1wOMYNQ2a9EJ6FFc5PbymVgIcpWtteAUzlw,=),5,2,1.0.6,2014-06-11 15:21:19,,
gp:AOqpTOHAW5bWZIwYbfPRcxuLSlwyFu3lV9rw7XnDiZBpi7ucDd15jYH670eYIrvRQ3cESmc9l_c7Jxs5dYilOQ,Behcuh,https://play-lh.googleusercontent.com/a-/AOh14GgyUOTaTKEZFTT8P1EFevmoEQ4vuXhXH5_U6jS5JQ,You guys make the best games! Love love love. Every time I get money I make sure to buy a game from Kairosoft! Keep it up♡,5,7,1.0.6,2014-06-09 18:19:37,,
gp:AOqpTOFKk8th5-lVsLcVj3knjXXQWTD-A4ZgKt7gH-gwVNpN3XAY-vidjJJ8nsQ9gNQbiD6KXFUzcSfV9OObtw,Jake Sumner,https://play-lh.googleusercontent.com/-Qzy7f_mlafU/AAAAAAAAAAI/AAAAAAAAAAA/AMZuucmehA4JQI9BgzI-QWmPhRA2Yxy3HA/photo.jpg,"This is obviously expected from Kairosoft, but one slight problem, I cant figure out how to hold the Olympics(Ulympics).",5,0,1.0.5,2014-05-27 14:43:44,,
gp:AOqpTOEFCnMcjyNXy-Qvh4AykVCyA1rU0qNxnGrSc0Rba-eRwPH8498FjQzjweRwE-dzDuxo1SlseQkmDmtxDA,Mr. Columbo,https://play-lh.googleusercontent.com/a-/AOh14Gg8xonnea98EJKuAHLEQYo2zFe9tBzcJn8gnp44j5w,More games perhaps a airport or hotel game,5,0,1.0.5,2014-05-25 04:04:56,,
gp:AOqpTOGiQlzRQEfazAxbQOxeto_Y2pxj-yHvJdXRCETgAMTSCmJjtK1fbtmq-2mwjSAzVKG3SqoS1_Oy7kInHA,Cara Fiacco,https://play-lh.googleusercontent.com/-6OuXA29798Y/AAAAAAAAAAI/AAAAAAAAAAA/AMZuucm2WJeXXmyfGROMgPA3cRM2p3o-MA/photo.jpg,Is anybody else having the problem where they can't customize what their first resident looks like? You used to be able too but when I re downloaded on my new phone and started playing I found you couldn't anymore,3,0,1.0.5,2014-05-22 09:59:51,,
gp:AOqpTOG5KZF4gzfj3vGkaD_Lo4Tt4SO2D8VbbVhkKfp89L6KRwhlrv0mVHdD7Hc6PXcSNaxv46taoCJX9Sq5wA,The Invisible Expert,https://play-lh.googleusercontent.com/a-/AOh14GiCneZDfHbT86RIqUwPl7YZSrZt6ke79qkV2GDakw,Cute game! Still learning the ropes though.,4,0,1.0.5,2014-05-20 16:16:43,,
gp:AOqpTOH90AICOggWkQ_2NMx-r0poKg16OPY4oa6rWUNe9tuEzq-NkSQX3Wh87UOI8R2c41z7FyH_OWArlR8ZnA,I am Pineapple?,https://play-lh.googleusercontent.com/a-/AOh14GhfUp9KmQyzmR90cHpX6K3GgWGPXcMWS1aef_yB,Some of my people are not getting savings and some of my people are not working who doesn't have savings! Please fix this.,4,0,1.0.5,2014-05-11 10:51:37,,
gp:AOqpTOH0KRqUuid35MDDigOWd7f3kPJYLtMexj5irQGsdjaDTHXr6VtQZNI38EL0Yt3R-c6SsBTYLmwHWTeZ9g,RageQueen OG,https://play-lh.googleusercontent.com/a-/AOh14GiIWhqgCrfxBhF5rSdwcoztdiGyhIm8w2cbmBUdKg,Its soo good to play cant stop playing,5,0,1.0.5,2014-05-07 07:42:06,,
gp:AOqpTOGsiOPkhsbtWwsKk586jCTxmWFku0uZH6dudO1ibuIxUNPyQsbXCqTUavPxmLgCIGlY_Dmk4Uy7a2KNLA,Marchel,https://play-lh.googleusercontent.com/-tVqNgd0Va44/AAAAAAAAAAI/AAAAAAAAAAA/AMZuucnS1k15oooQqqA6IK4PVifM7n7hRQ/photo.jpg,"It's an awesome game with fun gameplay,would be even more awesome if there's more content",5,0,1.0.5,2014-05-04 04:28:58,,
gp:AOqpTOGbA2IS6uVi6GRwpKm_N-68__pmchJugxYIOcvIq5e0vckzL2OxXiOhNoKjC2svQ18KJZ4dYUNfh4UqJw,Arnold Montano,https://play-lh.googleusercontent.com/-tU5bAodjid4/AAAAAAAAAAI/AAAAAAAAAAA/AMZuuclAevjJIt55TR7c9NVKOzT0GoaQgg/photo.jpg,I dont know what to say because its so amazing!!!!!!!,5,1,1.0.5,2014-05-01 03:37:43,,
gp:AOqpTOGYrFDQO_cU_dhAOvgsYxGHLvNV25DQxJWV4PA3Z332CQSxbqyDenyN1NNIy0x9yQqv6iX6QvhUQbwV0w,its a dogs life,https://play-lh.googleusercontent.com/a-/AOh14Ggsqeyd3D8cPeywr91_X27T7IEAtuamxtd6xES0cA,Ok game but not alot of help with  starting  a new town,3,0,1.0.5,2014-04-25 15:01:03,,
gp:AOqpTOH8UWoCeo5YGDuat0tAtgdg-Wv1quBtNr4AXe6FQF5ep6FINyAvLPGg36HwaEwcF2MhsELfd9XUYWE3ZQ,Teva Artwork,https://play-lh.googleusercontent.com/a-/AOh14GiDpVMAiZK8jNArP1GGYSOLHGW7NOG2dq77j3YZCA,I would like it if I didnt have to be connected to the internet to play this. The other ones I have brought didnt need Internet to play them. Would give 5 stars if fixed,3,0,1.0.5,2014-04-22 16:58:35,,
gp:AOqpTOEeyusSEG9Krk1nzmuHVsAsezNh1P7gxJpC_byvXPYHEXsa_n3LSroIUcTD1t550t8lUTMLj5NqdTStFQ,Chloe Thomas,https://play-lh.googleusercontent.com/-Kky5TyT9Wjc/AAAAAAAAAAI/AAAAAAAAAAA/AMZuucktOeNUk64oAP9Yv-UKh8mmJ_fqxg/photo.jpg,Rt,5,0,1.0.5,2014-04-19 06:05:45,,
gp:AOqpTOHoJuC_D3zHO5E7YzTdDRZYk-6APkqD0VmgfZmR2wvaxWiBjYs9ApW-SCFLH7SV2EvtgZXWVgJSxsHikA,Jason hansford,https://play-lh.googleusercontent.com/-llj78vRjLf8/AAAAAAAAAAI/AAAAAAAAAAA/AMZuucle6oBj4SJMtfxOQx_u4rlnPXXkpg/photo.jpg,I love Kairo games but this one didn't really impress me. There are so many businesses to build but it takes far too much money to not only research them but to build them. Some cost you 100k to research then about 40k to build and only make 1k per sale so you basically go in the hole on everything you build except houses. I'm gonna keep playing and see if it gets any better but I'm really questioning my purchase.,2,0,1.0.5,2014-04-12 08:37:34,,
gp:AOqpTOHZN9A8ZXnFqd77eRJ1CNVquMRosjbmeG8Y-9syXjO44mGiB9w8-ohfRfWIBr5IeF_YHivzcOd6srsp_Q,Zabrina Lagamayo,https://play-lh.googleusercontent.com/-jQQxzQVh6Tw/AAAAAAAAAAI/AAAAAAAAAAA/AMZuuckAsuVkvz5P5GE68xnoIco_H5X-zg/photo.jpg,I only ever purchase kairosoft games Cuz their games are absolutely wonderful. My money is always well spent on their games!!! Pls keep making more!!,5,0,1.0.5,2014-04-04 20:34:12,,
gp:AOqpTOEIR6L987l7C6M5_XjU2vCrI4zcP2dWd3vKpQ-_lwVKihGZIgQqgvHwA7Dc3Y_eUmTJYI6BJyIvMNUuKw,Citra Pratiwi,https://play-lh.googleusercontent.com/a-/AOh14GjuZKIWEGv9-YcQn4LfMLo3pxzLQECdy-D5Pm0Vkw,"I hate the way it authenticate, always have to be connected to internet. I couldnt play it offline 😢",2,0,1.0.5,2014-03-23 14:16:17,,
gp:AOqpTOFOH20gr5u9-jo_BkAuCCOfj5PIw3N2sEPfU5zeHq0e0HM6tiV6rZ6B5YW7WXYw3apRpEhaMD4Mny2b-Q,Mate de Erebus,https://play-lh.googleusercontent.com/-TPHWYNwkVq4/AAAAAAAAAAI/AAAAAAAAAAA/AMZuuck49XGMo7FQkIHpZ3TmzhgQaYOvDQ/photo.jpg,"When I start the new game with my character, the game was very slow (some lag).",1,1,1.0.5,2014-03-20 23:17:51,,
gp:AOqpTOHv8Hk-_VlCCDK0AZh176WY4wzFl92ifgMGKQUrnRjvOg9SfXaTZhGyu8L0c86mktelaQYk9LFt0Ha_Vw,janah jean bacerra,https://play-lh.googleusercontent.com/a-/AOh14GgVz1nYPPZDLnPs2iXiPbteywmZYWTNlj2aVkRx-nI,Challenging fun and it will never grow old. However it sucks that often enuff I had to authenticate.... I don't have net at home and the crew at mcdo is beginning to tbink buying sundae isnust an excuse to cnnect to their wfi,5,0,1.0.5,2014-03-20 02:30:15,,
gp:AOqpTOEAtoHb6ovoeeX4I9jmMpLbXKNu7hE_XNeZoaWbAh2SOJPDqumLdl48jl-rboncr5F0kFCNqx-lVTbUvg,Christian Puhlmann Brackmann,https://play-lh.googleusercontent.com/a-/AOh14Ggcf_RzYq0DZG_InYg6QxzUtdT3mc8oABGvHE6_ONw,Too complicated and not user friendly,1,0,1.0.5,2014-03-19 19:14:40,,
gp:AOqpTOGACpmrVH9AqGGWHlP4rwZ2TE1VodFS8_zp5ZeZ_kkd1HvOFOApuIkp9LKxU1CSjrKsZe6QjxU8G-kRqg,ksirj tuehdh,https://play-lh.googleusercontent.com/-2wt8WDCkMi0/AAAAAAAAAAI/AAAAAAAAAAA/AMZuucljTcId8Z0o6G_zevCqotesAtrGJA/photo.jpg,,1,2,,2014-03-18 09:33:19,,
gp:AOqpTOG6_2NS1jZz1hIWvGW65qsiJT-cKfpaNm6ivHZrLYGu7Hri9k399eZpatC_ALCglAHVHXmNJDg6qyE9jg,Jul Albert Conanan,https://play-lh.googleusercontent.com/a-/AOh14GiAiyd0iPDwU_ypQaiGPyrDQuEktIE1W1ZJKQUbgg,,1,0,1.0.5,2014-03-15 07:12:07,,
gp:AOqpTOHsA0QZ-5M12FqIOyMyXdeAT6jcHZAwGCRFFRs-GDmiDqbMGlbNllnuYsHhi2UF5VSUC-vIHCQgDcVN3Q,Ridwan Gosal,https://play-lh.googleusercontent.com/a-/AOh14GhFRIZ75YJQAR4eZsMYyUyJEJQo3Vf2GPYSEp4Luw,This isn't your standard city sim. It works just like any other kairo soft game with their weird formula and unexplained attributes. But the wonderful sight of your bustling city will keep you hooked for a while.,4,0,1.0.5,2014-03-15 03:57:12,,
gp:AOqpTOFP_IajobecGeUNc5SpqX_uMh2bLMJQAtI1wjSDJIcEkKZ3B8Qx7c5R33hF09-CKH53WB55h4wiyF16Aw,Alfianda Karuza,https://play-lh.googleusercontent.com/a-/AOh14GiCDIgFIjiI4Ek-xjzA357CV5ThwCLnKmfIJN1HNw,"Perfect and addictive as usual from kairosoft, but one small flaw keeps me from giving a 5 star. The game slows down the second time i played this game with a fresh start, please fix this bug.",4,0,1.0.5,2014-03-12 04:33:37,,
gp:AOqpTOE5u-xqsbWCTEJLtXA4sZMD_mzPACjcr7KXucSmpQsvP0Y3IIMgYWU7JRBzE3oR5TeDZHU3we9sdR6bmQ,Brad Wilson,https://play-lh.googleusercontent.com/a-/AOh14GjAQDbVNTh5ZotIYsvdKIPMf0_yamNYgJcoTLEGew,Wish they'd release a new one.,4,1,1.0.5,2014-03-10 17:56:32,,
gp:AOqpTOEuChAq-IFceg-jhQQAOt0eSQ5oBBLxN9dYlzb2E9Tggcy2I4gyVBILLQhrUwo5JB7Z7_sfArRXFoL0JA,Lien Airell,https://play-lh.googleusercontent.com/a-/AOh14GixD6_W_zA5ukKaDLjVTeI0JrPTGcRqNhruJKdZCw,"For me, its quite hard and not as easy as other game. But i hope kairosoft make more games translated to english... i really wanna play another games at japanese playstore.",4,0,1.0.5,2014-03-09 19:40:04,,
gp:AOqpTOGYYcPfepm0idtLihrS4_BQaFD70590aQgEDGVI52ZYfI1GU_C4GKOtdtc8Q95HDAFvjhDOhAzJMkv-jA,Iqbal Satrio Nindito,https://play-lh.googleusercontent.com/a-/AOh14GgKbue7HL9CLF4NAgkGpiUSm_AAIP7IxaCYjZBSLHk,Thanks for the price cut. Wonderful game,5,0,1.0.5,2014-03-09 10:43:44,,
gp:AOqpTOGU-t05bXn4JdfraWvYpHNOF8wFTna758aCPLXB69-vWMYZv8_shULq8lQJ9xyQFKf-j_ZD1AXjYSGCkQ,Adam Mesarč,https://play-lh.googleusercontent.com/-R9vKyvrwH00/AAAAAAAAAAI/AAAAAAAAAD8/AMZuucmW6GuidMsur1vSAtFPZxQIl4O16w/photo.jpg,"Second best 1€ spent on game (Game Developer Story was awesome).  Great graphics and sound, even better city-building concept. It's a must have.",5,0,1.0.5,2014-03-09 06:53:03,,
gp:AOqpTOEOhcZY0qsBQXJvhhASuLXuhUrQNGyneB5o91I9YjgKiYFN3Vk9L3mgLbXsPJlhTW168bqqBfbBhiVtqQ,Jon Huson,https://play-lh.googleusercontent.com/-HO9HDgIygzI/AAAAAAAAAAI/AAAAAAAAAAA/AMZuucltXFqWgz_Bpqqsx48NV2GsdNB_FA/photo.jpg,I enjoy the game but I feel as if there is no real direct goal to it. I built a city withing 15 years and somehow points are calculated to give me a score?!? I enjoy city builders but this seems to have no back bone to it it seems kinda pointless...,3,0,1.0.5,2014-03-08 21:22:52,,
gp:AOqpTOE5mAp71zzrbMx7H9PXDpi03o0k0jNCoUZBMTlVgOVrSBcYLKe18cp2TYzX1wiS2PEw-oQs_f74coR5RQ,A Google user,https://play-lh.googleusercontent.com/EGemoI2NTXmTsBVtJqk8jxF9rh8ApRWfsIMQSt2uE4OcpQqbFu7f7NbTK05lx80nuSijCz7sc3a277R67g,Game is engaging but it badly badly needs the ability to move buildings.,4,1,1.0.5,2014-03-08 20:19:46,,
gp:AOqpTOFpqoXcmwtCs6gihTZtyrG-ZYkFnR_Y1zEkK5z2kKFXQ8doULmxWVppS8elDys0ADcX3scppMmDJ-b8uw,Alex Stinson,https://play-lh.googleusercontent.com/a-/AOh14Ggkm2ydMhJqH-CpNJraKFsOM_cbj-cFzqnkyJA8Xg,Okay. Not quite as good as other ksoft games,4,0,1.0.5,2014-03-07 23:01:48,,
gp:AOqpTOEwwXTrhYpHV9FKGm_pJRSLb3O0wlwYs_7pL3g3Yhyqt84RMGz5_Vul0lIFxJypjMadHFHsfJLjrWPlzg,GolfcuP 76,https://play-lh.googleusercontent.com/-Jr49KPHVsvU/AAAAAAAAAAI/AAAAAAAAAAA/AMZuucm7bBL9yahEVxWpTfGfE5e1GDhjOw/photo.jpg,gg,5,0,1.0.5,2014-03-07 03:35:00,,
gp:AOqpTOHbF-Hftr2zgGhpXFUrLnnc2y9ydYjwrTNFkb-F0F7nrT4vrbwfb_ntOixvNAD9atBayy8iU1V-w96mug,A Google user,https://play-lh.googleusercontent.com/EGemoI2NTXmTsBVtJqk8jxF9rh8ApRWfsIMQSt2uE4OcpQqbFu7f7NbTK05lx80nuSijCz7sc3a277R67g,Another great game which is simple and exciting to play! Works well on my Sony Xperia M.,5,0,1.0.5,2014-03-06 20:54:46,,
gp:AOqpTOEIxRcidzM0MfKt3De6O5pIFkADPGx-vNED-kgrm7y-E5tLbAaV5F5g79etKtsNjj1fRB4am7OPHXMISw,buntham thapprasarn,https://play-lh.googleusercontent.com/a-/AOh14Ghn4NyhLShJk0kkyIzZN3iCgd4DlKpLiYw91fCgHg,,5,1,1.0.5,2014-03-06 08:26:00,,
gp:AOqpTOGsdhaq_bRRNP4rhIT7Fvhh8PbPPsp3LLM_RzRxIc1clkSsBij3k-9G1NFdjTHEvRGxuUFgx1ksXRJyHg,Jeff Horatius,https://play-lh.googleusercontent.com/-UYFQzkxI5yg/AAAAAAAAAAI/AAAAAAAAAAA/AMZuucnKeHabLaDvzt--u4opcIyHBwrCyg/photo.jpg,Not so bad,3,0,1.0.5,2014-02-23 19:40:48,,
gp:AOqpTOEnvnt6ljVP7cdbE-xhGtOYRY9Bl2Px5qgYMnPqfdda4PZ0Kh1igxpOniS0_dc8EeanH6Vrb3uzLqVqGA,Ethan Willis,https://play-lh.googleusercontent.com/-wjKXR1VcxpY/AAAAAAAAAAI/AAAAAAAAAAA/AMZuuclXQMst3Ppt6_MPKD8UOxeNidfouA/photo.jpg,I can't quit playing this game,5,0,1.0.5,2014-02-20 06:23:45,,
gp:AOqpTOHb5403HhQrpAL6gNMXSaNtGcJCaWXZ8Wx0f1WzZWZ6UsTTwkj98rrZ8ghYVS_c4d034NTD-9rhvDt_xA,Chloe Lunn,https://play-lh.googleusercontent.com/a-/AOh14GgoNo9KvrFf-cHyzBbLatabOX5_wWzweklKrpOI,On of my favs love playing it well worth the money,5,0,1.0.5,2014-02-03 07:02:02,,
lg:AOqpTOFFhmBVxZEZJlxZluf8z37W0kCIlbbkcmL3T-umG3K5V29gHaUyt0Uv1248QVTaJiD4iQgKBAeNnhnUPQ,A Google user,https://play-lh.googleusercontent.com/EGemoI2NTXmTsBVtJqk8jxF9rh8ApRWfsIMQSt2uE4OcpQqbFu7f7NbTK05lx80nuSijCz7sc3a277R67g,I couldn't wait for this game to come to android.  Best game out so far!!   :) enjoy,5,2,1.0.5,2014-01-18 22:08:15,,
gp:AOqpTOFvLzcJHVwUFSoFgVeSVFeX1sxcBa0aWgV7my1v7Ju6YCMoAAP7PuwY0CFyzdqeurTc0uqsH3Me5V4b0A,Marcia Brewer,https://play-lh.googleusercontent.com/a-/AOh14Ghtz2RP8qDkyFpj6GfxmmOAjs9iYnUxWMyprWwrtw,Very fun!! Loving it.,5,1,1.0.5,2014-01-11 21:01:05,,
gp:AOqpTOHZbUEXAR1mchY9aIHTODIruyYPNqjGaVtpoQk7o9cwKgOLN0qYUAtCbDjVYHrJ5zLvIY0weMSghVLvvw,Jake Stelman,https://play-lh.googleusercontent.com/a-/AOh14Ghl0nd8rZ5gvRSwd1XqwjrnXUvlH8J1_Nxc3nui1w,"To host the Ulympics, you need a TV station, a Sports combo, and a security company. You also need three sports and government-related jobs, I forget which though.",5,1,1.0.5,2013-12-06 11:38:24,,
gp:AOqpTOGVCsxKv7eXqKJC2rUOPL9SRmo4ls_9r9aXYGHL4PbK6cHMi8lGmYqDkFDcM30YleJcQfgiXDDrokk9Vw,Darraks Den,https://play-lh.googleusercontent.com/a-/AOh14GgqeHjYDlmTDPFR5IaNHGDZloIk6A77HiLn6icByQ,Fun fun fun,5,0,1.0.5,2013-12-03 06:39:14,,
gp:AOqpTOHz8Y1IyOlyUkCTBJ9c-vzT57SUGBTq2JYVigSQNmJ0gLeGLSfE9kMjwUE0QyhdT006mvXQPQDnEFACUA,Shane M,https://play-lh.googleusercontent.com/-mMzgHkeev_U/AAAAAAAAAAI/AAAAAAAAAAA/AMZuuckvoE6fBm7bp-cxBdLFQZvBHXSHXw/photo.jpg,"bought. constant ""authentication check failed"" - cant play. 1 star. do not buy for low end phones.",1,0,,2013-11-15 00:36:30,,
gp:AOqpTOG0AtCdQBHXiWWLkrhPxDvRfUi2EB85z08r9FfJbIggRfKv1rWkUMcmiz-BvpNF6HE70E_m7iGphSjlIQ,Victor Garcia,https://play-lh.googleusercontent.com/a-/AOh14GjbGpeBWMqVAxEqgVtZUhWLOeQ4_GjWLzCDuwjFiw,Awesome,5,0,1.0.5,2013-11-11 20:33:31,,
gp:AOqpTOEgv7mLXDfZ1Mdf4kshTvavguSLKzl1hFSgVEyUTHlcvAIGRLi2O7nkBUBcvFK-Qjphk-i7YvL5cvUSIA,Mae Daniells,https://play-lh.googleusercontent.com/a-/AOh14GiHOHEWIb8nui5y6NjLq6kGHAw3_87UxyJNvdJOEQ,"one of my favourite games of the sort, kept me occupied for hours at times of boredom.",5,1,1.0.5,2013-11-06 04:34:37,,
gp:AOqpTOGy3bMXdC0c6P7jTEQQmlqNBF_oESS2lTfkr9ikbg1H2V8v2K5CacECM0j6DLP9fInOkh42byfR4NpqLg,Outside in gaming,https://play-lh.googleusercontent.com/a-/AOh14GjBvEkZ10_WnJgfRosOZdX8pAJYfjVG1bLvGj64nA,Best game ever on the Motorola us celiar only it is five dollers and there is not a lite version of the game that sucks,5,0,1.0.5,2013-10-26 14:04:00,,
gp:AOqpTOGhFNRAkTaTn7oeTGTtaLIa8072Ac1DSD4HIerNegzp8I9evz7gqBgDty3Xw8GUbeyvFGk5rC5Q_63e1w,Bradley Teasdale,https://play-lh.googleusercontent.com/-wVCnUcPvJAM/AAAAAAAAAAI/AAAAAAAAAAA/AMZuucnZoWLC9jRAXb4n3350J__SnmSmIQ/photo.jpg,Please release more games!!,4,1,1.0.5,2013-10-10 14:37:08,,
gp:AOqpTOF-p8cLmcCOWza-vvBiXyPVBDQV3aAUEIdawIRMmh3IL78uGEuTpIq2DEO0msgxN37ATKQE4xoVZ0f1VA,Rob Gayatin,https://play-lh.googleusercontent.com/a-/AOh14Ghk7841KcB8MytxP1-gJCuc9M1mOD8YK_Zpg8Tpag,"Love it, this was my first time city building games. Hard at first but i've getting use to it. Love the simplicity of graphics.",4,2,1.0.5,2013-10-07 13:05:01,,
gp:AOqpTOHISodH76j3NrEONGIBWw4Ld1mopPeHIARFNhmm1FlbpP9uaQuJmz10YO-1J9D0ZTfJ9i2sPcCPQgS36g,Michael Hinton,https://play-lh.googleusercontent.com/a-/AOh14GjIGko6dLRaXRSbnTpWFWqz5Tr-nwI0-63AAluVow,It's nice,5,0,1.0.5,2013-10-02 18:39:18,,
gp:AOqpTOFks6Racp0T52oKk-DUk3Cz45LA9Gejc1MWHeZm_offnxZMBlRoAis2DZ_gVupM27hjIKbRAoFk4Nu9KA,Kyle Bittle,https://play-lh.googleusercontent.com/-YcOAUzZtnj0/AAAAAAAAAAI/AAAAAAAAAAA/AMZuucmX3VN2iurnpUyxBXqFcLFvuTQc7Q/photo.jpg,It's good,4,1,1.0.5,2013-09-09 18:04:38,,
gp:AOqpTOEaNB9U2g15OPrvCWDAaviqbm_R7n4w_KdF1UFoDoH9By8s8j9a2ufXsYU0xZ-DVPy6tnX0_qrM94CSMA,Michael Hadden,https://play-lh.googleusercontent.com/-WoKejtTx_2Q/AAAAAAAAAAI/AAAAAAAAAAA/AMZuucnnN3eucuZY0WQSRELQPGO_1SNdMg/photo.jpg,Always love these games! Great for on the go and best time killers :) keep it up,5,0,1.0.5,2013-08-28 00:32:53,,
gp:AOqpTOFgidYL2d92sYbnYfISeASCK16umASVfzSLlXadK0r2ZdDNMXAAkL3m-LTWUIJWjqTI7aiZimfrGFuWUQ,William Geronco,https://play-lh.googleusercontent.com/a-/AOh14Gjoii7d_NflpLDSw2tKmK7FTDZ5DYBFdZkRyO4lD5A,"Faiths a bit you pixely, otherwise great game!",4,1,1.0.5,2013-08-20 16:39:23,,
gp:AOqpTOHbuCRBjsiQGC96TpnpAwymn0U6_4eI5t-XAgZTaf9gzPAHue0p387zIH-v7ZV19ZC09nZlCJV74TISlw,Marcie Brock,https://play-lh.googleusercontent.com/-eeKjEt_zd5M/AAAAAAAAAAI/AAAAAAAAAAA/AMZuucmSAYaOPzyThohYiVWqUkLtDXexSQ/photo.jpg,Great game but i would love to a new update that would add kids marriage and halloween wen the kids trick or treat  that would be awesome and you can go into peoples houses and buy stuff for the houses,5,0,1.0.5,2013-08-19 06:03:56,,
gp:AOqpTOHrn4g5IBZEAnlqC9c7G04r7_368_ZtPIBNa61mKLSOm_UmKhhiYQF83x6X2M30ZFACgBJ6kYbNfQf77g,chris rundon,https://play-lh.googleusercontent.com/-0PVriAwfr_o/AAAAAAAAAAI/AAAAAAAAAAA/AMZuucn0TcUM0Gq6mUpgELtZVPpl923Dpw/photo.jpg,This is an excellent buy for people with older Android phones that struggle with a lot of swiping and multi touch games. its a simplistic city builder with enough depth to hold your attention for hours . The best part is that the game plays itself after a while so you can walk off and do other things while your town is making money,5,4,1.0.5,2013-08-16 12:23:37,,
gp:AOqpTOE2fogbSoyNsVsgvEuyyF3HxsbodhIVJr4Pd00Lg3D-1e_509gYkqHt3DxcY8cTrrl_OG3htAxBvG99ww,Robert Polo,https://play-lh.googleusercontent.com/a-/AOh14Ghpl63XcCJuKFxyS3tGjPJkFS00oTGn00E74Exj,"Not exactly simcity, but still had fun playing it.",5,1,,2013-08-01 10:15:54,,
gp:AOqpTOFoMD_KJ0kGcWESUjNiobThpXhAnju2Fpl3oYT4ESD5Rd2qEwh-1ZmC9NtwNsQlJ8rXX9mh1UajrBw6UQ,Jordan Hamilton,https://play-lh.googleusercontent.com/-OFXSJIMJ_Wc/AAAAAAAAAAI/AAAAAAAAAAA/AMZuuclxKR1_v3A3B0XLrFLe3vPW8K-8JQ/photo.jpg,Kairosoft are the best for games ever love you guys keep throwing them at me,5,0,1.0.5,2013-07-30 11:11:48,,
gp:AOqpTOGAZDU893spOoeiHmSiTh6V--EIEsH8qrM3pcY0KtXulwKZ9RCORSiMqR8TA7VH8V3De2M-6UfsSeIfrA,Dimensional Breads,https://play-lh.googleusercontent.com/a-/AOh14GjBMtwrtg-OKOCrwYcWPtB6Jg-RlDfGbu-DG_zrLQ,A fun game. Hours of gameplay and nostalgic graphics. One problem. How do you delete a saved game?,5,0,1.0.5,2013-07-11 04:42:37,,
gp:AOqpTOE-4NytajXKLPGecR9TgCq-XFJcgxgyO_TtbwzEi77OqixSQ1zneczEBTeVqbEErc77_wVtmRpUjoKO9A,happy girl71,https://play-lh.googleusercontent.com/a-/AOh14Gg5ddq9qS6UwKwBlPnErZIzSCUisFzco1BWyJgI6Q,"after getting ripped off by many ""city builder"" games out there, stumbling on venturetowns was a breath of fresh air.  I don't mind paying for a game when it's so enjoyable.  Best game I've gotten in a looooong time.  Recommend.",5,6,1.0.5,2013-06-22 13:22:55,,
gp:AOqpTOFSG35s08pah5_cBuS7IdoB-EHdi3EFlHItCtOwJ8X1N957uufolQmGwq0m_bh8k4D7iQsQOy_saEF9xA,Ira S,https://play-lh.googleusercontent.com/a-/AOh14GhCivgZcJjj3qCrwx2WcsHJtDTdHZRZGaP-jyKTRA,"There's no option to move buildings. Wastes loads of ressources in the game. This is one of the fails of Kairsoft, which usually comes up with interesting games.",2,2,1.0.5,2013-06-18 19:23:56,,
gp:AOqpTOEh7kQbmQUtU4VdZfBe8bWq4dzZvtCrYrr1lui856l2Epo5eBj4gQ4NswRn6ECToDhva6jz86Z2JlzEAw,Andrew Perry,https://play-lh.googleusercontent.com/a-/AOh14GjH4zFS6xM_pYuhBuFNRyGutD8isNuTOSimWT4i,This is the worst kariosoft.game they've made to date and I own about five or six.  Not terrible just save this one for last if you can help it.,2,0,,2013-06-16 21:28:37,,
gp:AOqpTOF44IxtuU3h3diul_bo_pN6M4RcQHWzRaqU3UyCAoC_bKXHDt0GUkb4zYNpOrPbVE8inJhC4UMPm3mwww,TJ Raedy,https://play-lh.googleusercontent.com/-QM0KX0aRV9c/AAAAAAAAAAI/AAAAAAAAAAA/AMZuucn7y36S4Cmu5FpRq70dueFh3_TmFQ/photo.jpg,"You should make a pet shop game, a football game, a hokey game, a super hero game and a movie maker game. Just suggestions",5,1,1.0.5,2013-05-27 17:32:00,,
gp:AOqpTOHSrnQXozVA3Rxj1u1Oqh3jZK85FzsDD3fEeQ6wC3QXUethQ3oQkoF8eBbBydb1XCpBU-mPH-hUnRtmHw,Kevin Bolt,https://play-lh.googleusercontent.com/a-/AOh14Gj8OI91AjLvjDhZg6pikS8ZikxBjDYzvRlSDwrquQ,"What the hell is going on? Is there any structure to this game? No idea what's going on. Thanks to Google's 15 min refund policy I don't want to risk giving this game more time, only to find I can't refund it. Only paid for it 10 mins earlier. Angry.",1,0,,2013-05-26 03:31:16,,
gp:AOqpTOEI8LCbvCRL1T8MIHkpNAY4zwOhHrJKqbgHCRBnYBMjaIUsHBghO-gpnHC8sQ3wvwxNuCzeMQZ2glkV3Q,Yvette Dolan,https://play-lh.googleusercontent.com/a-/AOh14Gh02EZKkO_79k0L9v8xGlPFPjoK2VMysNuf0f_W_w,Just starting this one.....and I'm loving it just like the other 4! I have not a single problem with game play at all. Some in-game options or sometimes lack of options annoys but really my only problem is which one do I buy next!!!!!! Thank you Kairosoft!,5,7,1.0.5,2013-05-26 02:52:42,,
gp:AOqpTOEowqTdDIusee1VbaTKEl1U2jMEsCgaEwBy_bA91qCiLdBFn6vROlbiaB6rkpduncGbmOSBpumSA4rhBA,Lisa Thompson,https://play-lh.googleusercontent.com/-mB3wMb4z17k/AAAAAAAAAAI/AAAAAAAAAAA/AMZuuclymJG16SA5xSjb0rpb-bQk3B6_yw/photo.jpg,I liked it.It can be slow at first but it was excellent.,5,0,1.0.5,2013-05-19 09:54:39,,
gp:AOqpTOH9HbsfsfqWZbytlD8GiizZzKUUnGBWxKqj9RLRYInf3JkomNMHJ75wNvfXOr9ClFzSYatH_rVOnJ5rpg,Charlie Dimiceli,https://play-lh.googleusercontent.com/-Qb-PZ3yejiM/AAAAAAAAAAI/AAAAAAAAAAA/AMZuuclEO3iZu-DWmzBoLckP42iokDmrug/photo.jpg,Lots and lots of content that will keep you on it for hours and hours!!! And making a train/city game would be awesome too.,5,0,1.0.5,2013-04-29 08:47:21,,
gp:AOqpTOHvA4EiCsfCwoojVfy8vb5NzCx0oP04LhQq6Tw9VBCRW21QD6bY5-ofVDst2s1AMq3U_-QOZoUrRcQR5w,Peter Adamson,https://play-lh.googleusercontent.com/a-/AOh14Gjj7Sa0AD1E7Dsp-rR0MdN5BtqDx_y0Y4vndrg-UwQ,"I love many Kairo games, but this is one of the weakest I've played. I woudn't recommend it, try one of their better ones.",3,3,1.0.5,2013-04-10 08:51:32,,
gp:AOqpTOERhvPbzq6HcaDT4fTkJG756xLIRuQvtboWHOkx-_xlyPWjFDlPHTUnwvJyPR4kt-0HvcNC2PsvCweuaQ,Zion Laster,https://play-lh.googleusercontent.com/a-/AOh14GheAnsIFYi_2eNnBQ4nt_E4JkfVMRvSSLqyP4K6,Very good,5,0,1.0.5,2013-04-01 11:00:37,,
gp:AOqpTOGuGBUILua61Ss2T6cabnjXH6KqxvWwc4kMi0fBCDnYVn6ZNVV89ObiAUHqcWob2v0qpuFSJcf8mgItaA,Ashley Randolph,https://play-lh.googleusercontent.com/-N3qzmcmOh4Y/AAAAAAAAAAI/AAAAAAAAAAA/AMZuucke_ZJYJO84V1qC8f28FnXkz7rafA/photo.jpg,I love this game but why is it that every time its a new year my money goes down to 200$,4,0,1.0.5,2013-03-23 15:04:59,,
gp:AOqpTOHBTabAm007BL4xiLTUGSxm2uW-t_Fry6toYRoq4mfODPMyTbHDB0w5jLC9k2kQ9b7V8pW-eyQ50b9azg,Ray Snider,https://play-lh.googleusercontent.com/a-/AOh14Gh856lNMdTpmU9g1rZjWFIET5SqOMOcjb7iY-qp,"Ever since I went into $6,000 debt I couldn't get out no matter how hard I tried and before I knew it my money was negative 100,000",3,0,1.0.5,2013-03-13 17:44:32,,
gp:AOqpTOGIgR4vrGKhfCCeEIhceociDgHhXOhmfa73ECToj9bPQfw-wg4EtXmfmfwli2YAghHG__FMTQULpJzR5g,Momma Minerva,https://play-lh.googleusercontent.com/a-/AOh14GinmW_7v3K5YRiDl77eX5Mlj3Q0FpO8GMmaUbfK,"This, like most of Kairosoft's games, is addicting and beautifully put together. As is, I still keep going back to this one... but as another reviewer said, it would be great to be able to edit the hills once in a while. They do add to the layout challenge, but maybe a free-play (flat) map when we have cleared all of the other maps? Love city-builder games, and this one does not disappoint.",4,7,1.0.5,2013-03-11 11:03:36,,
gp:AOqpTOH6xhclLu5qiq63RGLCKQGLR9vunoIFOQdqJHp90hnbZCkraO_Xq4W0x9NCLzpCBx-gufpLdfIoLi8a3Q,Warren Mann,https://play-lh.googleusercontent.com/a-/AOh14GjH0qYB-EGK1ns74-hL-iCcgEYZB_r66vh_Y1E-Dg,"Love these games, best of the rest",5,0,,2013-02-17 08:30:20,,
gp:AOqpTOFaT052FVEe6B9RkvRJvv3wwmkEJysQowh_E2jwXzLm6wdl58TgMLOi6w61pYR1VWy3P7y0RjCT1vuAog,Jimmy Jobob,https://play-lh.googleusercontent.com/a-/AOh14Ggr0LHo_NrlnZMLDnYCa8WhSH7jv0KvIeckhkyM3Q,This one will own all of your free time for a while.,5,1,1.0.5,2013-02-06 23:00:48,,
gp:AOqpTOFNiNO7VzRT8FTs0aw8gq1WElklBl5CEjyOE80dmeR9HbqdewwFzJqR-NU8MF-KezUFBdynoVieGZ7-uA,Tony Unger,https://play-lh.googleusercontent.com/a-/AOh14Gi-5vzGGHpur51pXiJ8NfpmI6HdwWbEF5eaNkGWFQ,I am pretty mad that I purchased this game knowing full well there are pirates version out there and I can not play the game because I am on a airplane with no WiFi access.. This is unacceptable I will never purchase another game from you. Because of the way you have DRM on this game I am forced to use a pirated to play a game I paid for.,1,24,1.0.5,2013-02-03 14:55:43,,
gp:AOqpTOFNOBlQDgU7QzUCdhmK_CXOFyxI1Yp-LXmlq6SH4Yr-E5kkV8d2BfImnNtrfU2Uqjv_JH3c0aBnPmviVQ,Jared Abig,https://play-lh.googleusercontent.com/-cbiAKXhOf8I/AAAAAAAAAAI/AAAAAAAAAA0/AMZuucn0CuPQAvjWYl-Mp2kWaEEZTUizTw/photo.jpg,"Awesome game, just one problem. The lag is noticeable on galaxy nexus.",4,1,1.0.5,2013-01-14 12:41:50,,
gp:AOqpTOE6mCl6LjggrKux0rRYeEG4LxDOsxO1aAPqnNTbu0Peqv0vEpL0UYvAN-hIBK2Bp17PjuEAA5--Zx80Ww,Joy Smith,https://play-lh.googleusercontent.com/a-/AOh14GioudO4WmB1IhVfN64rQyvMP0jUz2ee8ohvi0l4vIU,"Its fun, very addictive but I feel its lacking structure, cohesion & most importantly story and purpose. Easily a good game but from kairosoft & at th price, not worth it, I wish I'd picked a better one for my money. Honestly, nothing happens, goals, events & storyline are non existant.",3,17,1.0.5,2013-01-11 15:54:49,,
gp:AOqpTOHTElXg2khGK9Uv58jWkVONAj48f6oukfbdtv_fL7tIvQN27Hv7pfkf6rbDYG4kQ-4TLLGNbNKN3YBdrw,James Calbraith,https://play-lh.googleusercontent.com/a-/AOh14GiegWlJBWejDD3OhIAjxP-DwNFqpUxKgRNPk935fMU,"I may be in minority, but I like playing Kairosoft games because it's the next best thing to actually living in Japan :) Unfortunately, the translation in this one totally kills the mood, changing the town into a generic Westernized every-place. Shinto shrines are not ""Japanese Gardens"" and ryokans are not ""Japanese restaurants""!",3,16,1.0.5,2013-01-08 06:55:10,,
lg:AOqpTOFlw1Hxrd3I2pBu1VSMNx3sIbTAzcsq2yNt09enil7OfMzvseScdW2QEL7m_2evzkhVNrq9p7bQT6NH5w,A Google user,https://play-lh.googleusercontent.com/EGemoI2NTXmTsBVtJqk8jxF9rh8ApRWfsIMQSt2uE4OcpQqbFu7f7NbTK05lx80nuSijCz7sc3a277R67g,"My 8th I bought from Kairosoft, and another great game! What I like here is a LOT of game play even after 15th year end, love it, would love to see more maps to play, maybe even options to edit land and hills, but can you lose the birds please, annoying... and still like to see a Train/Railroad Story like the tycoon games 8)",5,39,1.0.5,2013-01-03 20:33:12,,
gp:AOqpTOEjirdtnDP_F2B2rDA-pgFXMMGoVtUpyKAtsxSc9q4kYeYf3PcFkAG9oStAp-3k8gIqxjB_QyiY8Shiog,Emma Marshall,https://play-lh.googleusercontent.com/a-/AOh14Gj2wnDHw8nS2KaWhqpPQ0N6lM59KAfPZ4kD3WbtOV8,"I love this game, kills time, works smoothly on HTC Desire S & worth the money. The annoying thing?! How the hell do you host the Olympics? Been turned down 4 times so far :'( someone tell me!!",5,14,1.0.5,2012-12-24 03:31:50,,
gp:AOqpTOHLYsEcdI6HoZem_fTMNuZDJ8LPxiOctKi_VY4C_miJHpFa0QEUQ1kXnHzIEmMiwnWt3gVBgYpUR37akg,Kai Yuan Wang,https://play-lh.googleusercontent.com/a-/AOh14Gh0Y80RQtkWkqeBLy3nyfgAtgh0s9rGuU4-WAxB,"Please update this game as well! Make it worthy buying this game. Also, please fix the gitch on when you receive gold twice at one time, it only gives you 1 part of the gold I earned. Realism would be best but not to much :) I know its hard making games but can you guys add one of the suggestions? Your game is good. :)",4,1,1.0.3,2012-12-18 19:23:03,,
gp:AOqpTOEeBGSxhPD0kf8xmMRuKozwVztXQJIrPON136T-gDXhnnuQVBVohqp-l7yUhtUMaugZOoi1lc_21ki_0A,D Nguyễn,https://play-lh.googleusercontent.com/a-/AOh14Ghsq-fO_N092YVisoHTzWP6yqxQBOh0x0sF9NXzNfI,I think I have gotten all of KAIROSOFT games. I think this is probably my favorite of all the games so far maybe because of the building simicity like qualities.,4,1,1.0.3,2012-12-04 18:48:00,,
gp:AOqpTOERacSTk6gv1eYlMgUeCBu8Qlcxfg1JvoF8ded4pmiagxlS1CY0k7zk53Q_rWqYdbw2CQj7kmYLkCTKmg,Jared Lawson,https://play-lh.googleusercontent.com/-Vif6NnVFW94/AAAAAAAAAAI/AAAAAAAAAAA/AMZuucntMvhjtyTLMtQeHy02a2mTg6-gAQ/photo.jpg,All kairosoft games have been beyond excellent. I only have one complaint and thats the authentication process. It always wants to do it when im roaming so I cant play when i am in the middle of nowhere. Elsewise keep up the good work.,4,2,1.0.3,2012-11-30 12:57:44,,
lg:AOqpTOEbgAtlmZOmLl2cJNcEwvHI6vgHPswRlF0a-aCxoCsGLsgHEM7uV-hSmVR6A9SB38u-TRgDVSqQGQupJQ,A Google user,https://play-lh.googleusercontent.com/EGemoI2NTXmTsBVtJqk8jxF9rh8ApRWfsIMQSt2uE4OcpQqbFu7f7NbTK05lx80nuSijCz7sc3a277R67g,Very Fun!! ^^,5,0,1.0.3,2012-11-10 20:51:31,,
lg:AOqpTOH9SmJl2beMpo4GhFPxfjgZDngTC6xc9R0eSAs5XJ434PhO-yH1KM2_TbQLEYU7ERZDsFClh5tGxA03nQ,A Google user,https://play-lh.googleusercontent.com/EGemoI2NTXmTsBVtJqk8jxF9rh8ApRWfsIMQSt2uE4OcpQqbFu7f7NbTK05lx80nuSijCz7sc3a277R67g,U have to add something else to it,3,0,1.0.3,2012-11-09 21:46:53,,
lg:AOqpTOFbRsz26U3wZfRMjL1W02ZlfOwVCpRXyMDXMhFbMVdWOmPsiXtPUNz_va5tFo80T7_SYOUj8Y1-xw6E_w,A Google user,https://play-lh.googleusercontent.com/EGemoI2NTXmTsBVtJqk8jxF9rh8ApRWfsIMQSt2uE4OcpQqbFu7f7NbTK05lx80nuSijCz7sc3a277R67g,I love all there games,5,0,1.0.3,2012-11-02 07:29:02,,
lg:AOqpTOGDUUe5nUAAcyvzCauMQH-CSWRvDVYtXo-m67KsKx6_AVK7XjasFthyH4HedGVeuJ5IaBJ5gLYn1Oonuw,A Google user,https://play-lh.googleusercontent.com/EGemoI2NTXmTsBVtJqk8jxF9rh8ApRWfsIMQSt2uE4OcpQqbFu7f7NbTK05lx80nuSijCz7sc3a277R67g,Tired old formula.,3,0,,2012-11-01 13:22:45,,
lg:AOqpTOFA-TXAFc2z3A7s-Bv5_4czXSn1ZnlOo5CgLAWcdJtsSeA22JkjM_7dm6A_zCVj7Q_P5D3NFi9SXKMRJw,A Google user,https://play-lh.googleusercontent.com/EGemoI2NTXmTsBVtJqk8jxF9rh8ApRWfsIMQSt2uE4OcpQqbFu7f7NbTK05lx80nuSijCz7sc3a277R67g,"Following the ""K"" formula this town-sim is simple but fun.   More city sims Kairosoft plz",5,0,1.0.3,2012-10-27 13:18:37,,
lg:AOqpTOGHzUXyf8m7TouL768nMDXKoA3g1QmY1hYY-3c7E0RXCwt7BGYZ_VmX9WJ-HlhO9bNnFoYJ3orOoGqjwQ,A Google user,https://play-lh.googleusercontent.com/EGemoI2NTXmTsBVtJqk8jxF9rh8ApRWfsIMQSt2uE4OcpQqbFu7f7NbTK05lx80nuSijCz7sc3a277R67g,Kills time!! Free like SimCity....wait no better than SimCity :D worth the money,5,0,1.0.3,2012-10-24 10:01:12,,
lg:AOqpTOHuzli5S9jmmF7npKULQO09oJl2UBx4g7FedrwHCL3stMQlyAzv1xrj0bAuQ7GeWyZX3MxqMMIFU5OXPg,A Google user,https://play-lh.googleusercontent.com/EGemoI2NTXmTsBVtJqk8jxF9rh8ApRWfsIMQSt2uE4OcpQqbFu7f7NbTK05lx80nuSijCz7sc3a277R67g,"good game stoped working, same with all the other games i bought from kairosoft",1,0,1.0.3,2012-10-23 20:03:34,,
lg:AOqpTOEd2_VZ5HraRD5vqxqgQIIzaWSnM-aE00c9nb4rfUsVSMEMOJ73ya9JmVJBIJv_egeyrwn7qC9vHskvPg,A Google user,https://play-lh.googleusercontent.com/EGemoI2NTXmTsBVtJqk8jxF9rh8ApRWfsIMQSt2uE4OcpQqbFu7f7NbTK05lx80nuSijCz7sc3a277R67g,"Love, but there's no original games out from you guys. Well, I'm trying to sy that you should make different games, such as Airport Mania. I'm a programmer myself, but COME ON!",4,0,1.0.3,2012-10-11 13:15:58,,
lg:AOqpTOElNy9Mf2FXdQUzQ3yp0Io3eR7siaZGTux8N5LBoJEsRCGEwceNL9MwhJ4OETXL_8-Qjg8XrHtUc9Aikw,A Google user,https://play-lh.googleusercontent.com/EGemoI2NTXmTsBVtJqk8jxF9rh8ApRWfsIMQSt2uE4OcpQqbFu7f7NbTK05lx80nuSijCz7sc3a277R67g,"This is really fun, but just as in real life im not a very successful business man!",5,14,1.0.3,2012-10-06 21:39:51,,
lg:AOqpTOGy4V7V8Zm99G_4VWDbHwCYTuvTxSAOCR4_gPLMwJnXSLNE9X5NRURRZsfPNwOVxx5G_gpK3eR74HhoOg,A Google user,https://play-lh.googleusercontent.com/EGemoI2NTXmTsBVtJqk8jxF9rh8ApRWfsIMQSt2uE4OcpQqbFu7f7NbTK05lx80nuSijCz7sc3a277R67g,I own every Kairosoft game that is out to date. This is just as good if not better than the rest!,5,7,1.0.3,2012-10-06 13:56:53,,
lg:AOqpTOEpnLzKGpwbIzxBOcbUn86IGAfHWS4rmRiPJZra8JONHxw8KwmD7aQuUXlct5tNEoU9LVM0pW4NdpxfIA,A Google user,https://play-lh.googleusercontent.com/EGemoI2NTXmTsBVtJqk8jxF9rh8ApRWfsIMQSt2uE4OcpQqbFu7f7NbTK05lx80nuSijCz7sc3a277R67g,But should give more beat to the game. It's almost the same as Oh! Edo Town and I wish for something new and different.,3,10,1.0.3,2012-10-06 08:06:49,,
lg:AOqpTOGNSLnBXW34o_D8Fw9DkRln4qVynC1B-3IhAtAGSua9-Ah8mp2BtI8__UtOc1N97AwMZKjQRE2k0ZdwUQ,A Google user,https://play-lh.googleusercontent.com/EGemoI2NTXmTsBVtJqk8jxF9rh8ApRWfsIMQSt2uE4OcpQqbFu7f7NbTK05lx80nuSijCz7sc3a277R67g,"Asus TF300 transformer This is a great game to fill in a niche that other games miss out on.  I would give it 5 stars, but after I restarted my city everything moves with a disturbingly slow speed, even when I put my tablet in ""power mode.""",4,2,1.0.2,2012-09-26 19:19:55,,
lg:AOqpTOFqqlfucQa-DLsqCTWFs7CU1p058qF71e7g9DmCYPRC4TuTh_74SPQCaS99SgCswxhCzkNoQaDvMFeISA,A Google user,https://play-lh.googleusercontent.com/EGemoI2NTXmTsBVtJqk8jxF9rh8ApRWfsIMQSt2uE4OcpQqbFu7f7NbTK05lx80nuSijCz7sc3a277R67g,I don't like the game it sucks how I refund,1,1,,2012-09-26 16:51:11,,
lg:AOqpTOEJyABEcqUUiouV-jaVZYHXJyh0twMpHHOGsJoAjno9pJtEEGXCKrrdROO9dHeCcN6rVK0z29NTdS_-dQ,A Google user,https://play-lh.googleusercontent.com/EGemoI2NTXmTsBVtJqk8jxF9rh8ApRWfsIMQSt2uE4OcpQqbFu7f7NbTK05lx80nuSijCz7sc3a277R67g,"This game certaintly did its job for those who wants a time killing getaway. I wasn't very fond with the game because it was way too easy. And this is just another game of the Sims city & cityville on fb, but a mobile ver. Could have done better guys!",3,3,1.0.2,2012-09-25 18:16:22,,
lg:AOqpTOH_yQQfP8XPPchwYVRELKxZNl8EfAeIrknMXcxGCv3T68TTozbt-3sUl5A2Rbp3BU2j91sYMqRWo8zecg,A Google user,https://play-lh.googleusercontent.com/EGemoI2NTXmTsBVtJqk8jxF9rh8ApRWfsIMQSt2uE4OcpQqbFu7f7NbTK05lx80nuSijCz7sc3a277R67g,Error,1,2,,2012-09-23 20:43:47,,
lg:AOqpTOHqpFNKQv6knYrZQi-PVmqNF3qzAzpW1ae4r6IxKhdacHLPs9OM3Yc7EFHXZqx1hpnsk6hf8zeJSyCWsQ,A Google user,https://play-lh.googleusercontent.com/EGemoI2NTXmTsBVtJqk8jxF9rh8ApRWfsIMQSt2uE4OcpQqbFu7f7NbTK05lx80nuSijCz7sc3a277R67g,I've played this and Game Dev Story. I was so lost in this game until I was half way done my first play through. Nothing is really explained to you.,4,4,1.0.2,2012-09-19 22:19:41,,
lg:AOqpTOHGgemJ03uARVY41o_BRHb_bqc1bVwlfa6tQMm0g-a7gd3hjNVhQuNTdrESL8fKj83_hmv2UUkRk2c4-g,A Google user,https://play-lh.googleusercontent.com/EGemoI2NTXmTsBVtJqk8jxF9rh8ApRWfsIMQSt2uE4OcpQqbFu7f7NbTK05lx80nuSijCz7sc3a277R67g,Addictive game,5,2,1.0.2,2012-09-19 14:19:35,,
lg:AOqpTOGjCWEAhpfdyF6-k2agsN6DrhVxrmmfgRsiLWfkR2WTjx7Y95wmU8KVdszO-g7Ew5I71w2Ki1_puYItyw,A Google user,https://play-lh.googleusercontent.com/EGemoI2NTXmTsBVtJqk8jxF9rh8ApRWfsIMQSt2uE4OcpQqbFu7f7NbTK05lx80nuSijCz7sc3a277R67g,"reskinned an existing game, not worth the money",1,2,,2012-09-19 00:31:20,,
lg:AOqpTOGQLkF4iCESAUa01gvnI97Ma_XkTaF3Pl0LQm7HH7QkjrwRIMcYzznVxpo8mZchQqYVo5dYjzDnp-PsdQ,A Google user,https://play-lh.googleusercontent.com/EGemoI2NTXmTsBVtJqk8jxF9rh8ApRWfsIMQSt2uE4OcpQqbFu7f7NbTK05lx80nuSijCz7sc3a277R67g,Good game if you like town sims like me. Had an authentication bug but seems to be fixed now,4,8,1.0.2,2012-09-18 07:51:33,,
lg:AOqpTOFtx5facq4_q9aVg0CCx94NiIfYAxiwV723dWu8Shnwl7evrEMTz4gH6hXlxKAfD85gjGBaku2TsYUs-Q,A Google user,https://play-lh.googleusercontent.com/EGemoI2NTXmTsBVtJqk8jxF9rh8ApRWfsIMQSt2uE4OcpQqbFu7f7NbTK05lx80nuSijCz7sc3a277R67g,Authentication failed!,1,0,,2012-09-18 00:23:13,,
lg:AOqpTOESALkW_o8zSPpX4UQ-i5ZSvIrgq6sLWJwxEZeAygI_iRfF_v4zHE96UIme8QFWOqfI1LN1NFKBiYdEJg,A Google user,https://play-lh.googleusercontent.com/EGemoI2NTXmTsBVtJqk8jxF9rh8ApRWfsIMQSt2uE4OcpQqbFu7f7NbTK05lx80nuSijCz7sc3a277R67g,It's not as fun as some of the others but you always have fun with a kairosoft game,4,1,1.0.1,2012-09-17 11:43:38,,
lg:AOqpTOGMH8umj1cZaoX5aLdDyGl8PSR2k-buya8okUr3V5fwsfYdGp_pfWry42-JjZk6pr4NIAXJtMtNNzLAaA,A Google user,https://play-lh.googleusercontent.com/EGemoI2NTXmTsBVtJqk8jxF9rh8ApRWfsIMQSt2uE4OcpQqbFu7f7NbTK05lx80nuSijCz7sc3a277R67g,i have every game made by these guys for the droid and aapple. they are the best.,5,3,1.0.0,2012-09-17 10:51:51,,
lg:AOqpTOH-GUjfibDcRVTqDQVkMNOq8VwFmfrsNvAmUempc203ecr9-ZnL9nTjpR5yzJjgzfIrg6fH7EML2n97yQ,A Google user,https://play-lh.googleusercontent.com/EGemoI2NTXmTsBVtJqk8jxF9rh8ApRWfsIMQSt2uE4OcpQqbFu7f7NbTK05lx80nuSijCz7sc3a277R67g,"Yeah, it's basically the exact same game.",3,0,1.0.1,2012-09-17 03:11:31,,
lg:AOqpTOF2245w0gOK4V8QW2p7TlHVB4fL6szXzqj6PW_33LDNE85fNJRYUF3m79EUeSsZGlis15AuShQRqcji-g,A Google user,https://play-lh.googleusercontent.com/EGemoI2NTXmTsBVtJqk8jxF9rh8ApRWfsIMQSt2uE4OcpQqbFu7f7NbTK05lx80nuSijCz7sc3a277R67g,It's too difficult to do anything. Impossible to make progress because money is unrealistically difficult to come by.,1,2,1.0.1,2012-09-17 01:05:15,,
lg:AOqpTOF4sVXn2YbmWkrXsKh4Ba9yEBeC3DnzFpcMddTf_6RZNFHTy9tqlrrZVuOleqDU4G3fMkpCBhjhbrKTyA,A Google user,https://play-lh.googleusercontent.com/EGemoI2NTXmTsBVtJqk8jxF9rh8ApRWfsIMQSt2uE4OcpQqbFu7f7NbTK05lx80nuSijCz7sc3a277R67g,Boring. I normally love KS games. This one has no substance.,3,2,1.0.1,2012-09-16 21:19:23,,
lg:AOqpTOHplFAijej0-YPnGjx50wwoGe4GSpM1zU2Qj1C0CLN2IWztwoRLVbXoQN_Gz0boKdeuVIR5x1Fp0KUs-g,A Google user,https://play-lh.googleusercontent.com/EGemoI2NTXmTsBVtJqk8jxF9rh8ApRWfsIMQSt2uE4OcpQqbFu7f7NbTK05lx80nuSijCz7sc3a277R67g,"Fan of Kairosoft, so I bought it without even trying the Lite version. Not my favourite. Same as Edo Town. Meh.",4,4,1.0.1,2012-09-16 19:38:02,,
lg:AOqpTOF8rql2kk8360-wY_jTfc4SxNqwrgt0tqYbXujQ_FwkPhUGDgCFIj1y5AXO-FYPdjTG82uId5DS9CT8hw,A Google user,https://play-lh.googleusercontent.com/EGemoI2NTXmTsBVtJqk8jxF9rh8ApRWfsIMQSt2uE4OcpQqbFu7f7NbTK05lx80nuSijCz7sc3a277R67g,What is the point of them as they always seem to fail to do anything!?,4,1,1.0.1,2012-09-16 15:11:59,,
lg:AOqpTOEYhF0NHrcimxLVL8DXIDivijnaPa1M3J9Dw6cK_NWu3esKDDOux2ViEs3CDXPO8lZ-2uodM08iUYFUVg,A Google user,https://play-lh.googleusercontent.com/EGemoI2NTXmTsBVtJqk8jxF9rh8ApRWfsIMQSt2uE4OcpQqbFu7f7NbTK05lx80nuSijCz7sc3a277R67g,"Favourite developer at the moment, everything is an instant buy pretty much. I enjoyed this on isos and I'm glad it's now on android!",5,1,1.0.1,2012-09-16 07:41:48,,
lg:AOqpTOF-5aSCyrGZea-Nx2Bh9bZLVmBZ-2i950kDZ4CXKw0xiBK2eMfsvYMMS0GUlyRPMY86qXY2j_teyp5EQQ,A Google user,https://play-lh.googleusercontent.com/EGemoI2NTXmTsBVtJqk8jxF9rh8ApRWfsIMQSt2uE4OcpQqbFu7f7NbTK05lx80nuSijCz7sc3a277R67g,meh - edo town clone,3,1,1.0.1,2012-09-16 01:40:13,,
lg:AOqpTOENPjmpMZ8VBsZsuE7PJMwEEOT8fCIh3t8pUh1DKzk_Lo8-s3U8A7f-Bhl7LI-lG9L0FfL6DDD9ndjA6Q,A Google user,https://play-lh.googleusercontent.com/EGemoI2NTXmTsBVtJqk8jxF9rh8ApRWfsIMQSt2uE4OcpQqbFu7f7NbTK05lx80nuSijCz7sc3a277R67g,Game often  requires authentication to start. Can't play on flights... =(,1,7,1.0.1,2012-09-15 08:40:19,,
lg:AOqpTOFuELE5gircMuOIqXSrDp0csz1yP2NdQghMUHBYnAic6KfPavPWfPrRcVbtUj3_lUIgRfTalt-3q6eNmg,A Google user,https://play-lh.googleusercontent.com/EGemoI2NTXmTsBVtJqk8jxF9rh8ApRWfsIMQSt2uE4OcpQqbFu7f7NbTK05lx80nuSijCz7sc3a277R67g,Love the game its like sim city,5,2,,2012-09-14 04:16:58,,
lg:AOqpTOEr5oJAAbnSbaZtHc3b2pe-FDeTiAoj8TMJHa5jtw5u7oOKMVt29wad_ppjoCqn5-9QpCTBkkswrWgY6A,A Google user,https://play-lh.googleusercontent.com/EGemoI2NTXmTsBVtJqk8jxF9rh8ApRWfsIMQSt2uE4OcpQqbFu7f7NbTK05lx80nuSijCz7sc3a277R67g,Change log?????,3,2,1.0.0,2012-09-14 04:07:34,,
lg:AOqpTOH8vSO2IwgYZElLZ3a9dMraWP_nReiw-mFdN2nBayQ86xHxBp-oFtogEZNt0qjbixPmCRtEB-qImTh-Og,A Google user,https://play-lh.googleusercontent.com/EGemoI2NTXmTsBVtJqk8jxF9rh8ApRWfsIMQSt2uE4OcpQqbFu7f7NbTK05lx80nuSijCz7sc3a277R67g,Fun game but rating one star for now until update done to allow us to move things and rotate things all ways,1,1,1.0.1,2012-09-13 12:21:25,,
lg:AOqpTOE3wCyU-fq0WtEoSrR-IuYrgZuCPruyA_2oko8TtPsuNrI-kGziyMnqErI94hc69ShmIMYxKNRW-Zl7xg,A Google user,https://play-lh.googleusercontent.com/EGemoI2NTXmTsBVtJqk8jxF9rh8ApRWfsIMQSt2uE4OcpQqbFu7f7NbTK05lx80nuSijCz7sc3a277R67g,Won't let me download,1,0,1.0.1,2012-09-13 07:24:27,,
lg:AOqpTOFgixRE2y3cTUoJK2yqiAv7GHxnP_TbVMmA8KLDWBu0-kLAZAdErbXYyxqkH27hsd3FRQy2VvIQFoaUGw,A Google user,https://play-lh.googleusercontent.com/EGemoI2NTXmTsBVtJqk8jxF9rh8ApRWfsIMQSt2uE4OcpQqbFu7f7NbTK05lx80nuSijCz7sc3a277R67g,Like this one.. Last few bored me.,5,0,1.0.0,2012-09-13 04:35:37,,
lg:AOqpTOFm4T0esXbM0IZyDSC114gIfw7FmlxrtYfWf3fk7zI8Ao5VE5_DF9Ify8wLuRIM4tIcYTU-blNC9iAGDA,A Google user,https://play-lh.googleusercontent.com/EGemoI2NTXmTsBVtJqk8jxF9rh8ApRWfsIMQSt2uE4OcpQqbFu7f7NbTK05lx80nuSijCz7sc3a277R67g,楽しいww♥,5,1,,2012-09-12 23:35:29,,
lg:AOqpTOFmGANPluQyfuKPr7SMXE1OF3Z4PEF3ozBcOTitBqhtLqzRSBr3mfN19Z8OOvU2LCGEk1Mo8Jsd-NKJXQ,A Google user,https://play-lh.googleusercontent.com/EGemoI2NTXmTsBVtJqk8jxF9rh8ApRWfsIMQSt2uE4OcpQqbFu7f7NbTK05lx80nuSijCz7sc3a277R67g,Great game but to much like Edo towns still.fun to play though have you guys ran of ideas? Listen to.your fans and.make we want maybe a bowling game story.or basketball story or a.car garage game,4,2,1.0.1,2012-09-12 07:26:34,,
lg:AOqpTOHStUeEfiq8YJ4p2HQSseaUVwOvlOcNm_DrqSW7aTD_Rd14qEQqB5kkHbw3t0jYnfkq0IHJt0YWF-MkLg,A Google user,https://play-lh.googleusercontent.com/EGemoI2NTXmTsBVtJqk8jxF9rh8ApRWfsIMQSt2uE4OcpQqbFu7f7NbTK05lx80nuSijCz7sc3a277R67g,Authentication really sucks. Can't get the game to open at all,2,2,1.0.1,2012-09-11 23:43:07,,
lg:AOqpTOHo6c-gNkObT5C0QImpwx7_lJfh0HuDuZ-hKlZsR7k2GZU83J77iLVbIZbZ0YMIKYcSKH1RhtyRMF0-DQ,A Google user,https://play-lh.googleusercontent.com/EGemoI2NTXmTsBVtJqk8jxF9rh8ApRWfsIMQSt2uE4OcpQqbFu7f7NbTK05lx80nuSijCz7sc3a277R67g,Great job the funnest city builder on the market!,5,1,1.0.0,2012-09-11 22:59:09,,
lg:AOqpTOGch0yKOT_315X7QWlbBbVHTBC9nD5PQx5H7X9dLKQK3HVrfe3rBBFJSX0NoPEXvQa893fdL65jM12dzw,A Google user,https://play-lh.googleusercontent.com/EGemoI2NTXmTsBVtJqk8jxF9rh8ApRWfsIMQSt2uE4OcpQqbFu7f7NbTK05lx80nuSijCz7sc3a277R67g,At last! I will become invisible for a long time! Thumbs up!,5,0,1.0.0,2012-09-11 19:43:52,,
lg:AOqpTOE4EgRAdiv8Hoj2KEavbEVTVSvM8MHrm9rB52S56YyT_BYUpgBRU2ueDPx2D1KXUFhL6dbGgfyl2YKIKw,A Google user,https://play-lh.googleusercontent.com/EGemoI2NTXmTsBVtJqk8jxF9rh8ApRWfsIMQSt2uE4OcpQqbFu7f7NbTK05lx80nuSijCz7sc3a277R67g,Ok but won't recognize some combos will give 5 stars when fixed,3,1,1.0.1,2012-09-11 19:23:38,,
lg:AOqpTOEZBFUOjwFBSAphzA0sgjPtTJ_YqWDGDXN0d7h89Bsb0LkS8QL_f5DBv_zKiJGgNDJY4pUSY912SidbIw,A Google user,https://play-lh.googleusercontent.com/EGemoI2NTXmTsBVtJqk8jxF9rh8ApRWfsIMQSt2uE4OcpQqbFu7f7NbTK05lx80nuSijCz7sc3a277R67g,"Best developer for games on Android! I have most of these games, worth every penny. Don't even bother playing the Lite versions any more, straight out purchase. Next one looks awesome too, can't wait!",5,3,1.0.0,2012-09-11 15:26:06,,
lg:AOqpTOFy6RN9tu6DIch4Ttza-JwMO2KMNcIgdizWaBWfXLmUrvaU42FVruF3lq1A9rDcRfyuZk0id92UOGksmw,A Google user,https://play-lh.googleusercontent.com/EGemoI2NTXmTsBVtJqk8jxF9rh8ApRWfsIMQSt2uE4OcpQqbFu7f7NbTK05lx80nuSijCz7sc3a277R67g,My move coupons are not working wth....please fix,2,0,1.0.0,2012-09-11 14:51:45,,
lg:AOqpTOFDC6jYjQAjgkhisrfHU0U72br8VaXGLJrIImwa5BqHdpqhJ0evwUaREnPHBzHMMgfJxRQ1Cnpgc8mRXA,A Google user,https://play-lh.googleusercontent.com/EGemoI2NTXmTsBVtJqk8jxF9rh8ApRWfsIMQSt2uE4OcpQqbFu7f7NbTK05lx80nuSijCz7sc3a277R67g,"This is Edo towns in a current era. Nothing special or new here. Edo Towns was a ""meh"" game anyway. Give us Game Dev Story 2 or another Sports Sim!",3,47,1.0.1,2012-09-11 13:32:30,,
lg:AOqpTOE3cRz94061saJdulO-DbUNiLeiOdILTjRlhP9DIZJxRfXh1-ZiTI5wyUQ0NsWZzzN6f0UrqSxeAxY2Ww,A Google user,https://play-lh.googleusercontent.com/EGemoI2NTXmTsBVtJqk8jxF9rh8ApRWfsIMQSt2uE4OcpQqbFu7f7NbTK05lx80nuSijCz7sc3a277R67g,not quite as engrossing as their other titles. the low area of effect for each building makes it too hard to stack combos. u spend the majority of the game in the negative unless u micro manage. needs a fix/update to be any fun.,3,2,1.0.0,2012-09-11 12:57:52,,
lg:AOqpTOFkcBDDhk97RXzBBYQqEGqZ_TuuGdVvKdqHveTyIgEfQHa9asNeesbJoQYVp_Gw4gMRM3w3uA6aiS0u_g,A Google user,https://play-lh.googleusercontent.com/EGemoI2NTXmTsBVtJqk8jxF9rh8ApRWfsIMQSt2uE4OcpQqbFu7f7NbTK05lx80nuSijCz7sc3a277R67g,"Pretty much a carbon copy of edo town, I feel like there should be a discount if you buy one to get the other but clearly that would be unreasonable. Would have liked a warning at least. Can't rate it up as it is completely void of anything new",3,6,1.0.1,2012-09-10 18:23:05,,
lg:AOqpTOHInWMC2g_B-wr1x4L5_j3Bj5OQW5sFQw4eOR0CG7rss1Nyf09vWYCKrnXWYCD_jTPkcZqov2cwOdUx_g,A Google user,https://play-lh.googleusercontent.com/EGemoI2NTXmTsBVtJqk8jxF9rh8ApRWfsIMQSt2uE4OcpQqbFu7f7NbTK05lx80nuSijCz7sc3a277R67g,Get rid of the authentication!!! I cant play the game because it won't recognize my account!!! 1star till fixed... besides that the game is cool.,1,5,1.0.1,2012-09-10 09:53:36,,
lg:AOqpTOEqRznv2b7pRGo5eUCKdF6OQKLtebxDukjO1BV8YIAqQvDPjUZbExD-074YlHHb4Nwsw68hAqXgR20NvQ,A Google user,https://play-lh.googleusercontent.com/EGemoI2NTXmTsBVtJqk8jxF9rh8ApRWfsIMQSt2uE4OcpQqbFu7f7NbTK05lx80nuSijCz7sc3a277R67g,New update sucks makes game force close every 5-10 min now 1 star till fixed,1,1,1.0.1,2012-09-10 06:56:17,,
lg:AOqpTOE_Sy3U9bAOUlPzRSDFSI0Re8BXerJ0EUSbgFrK_FkrxsKRO68-4S7Cjn6KmS_WaIp7WQ5kpiCujTSrAQ,A Google user,https://play-lh.googleusercontent.com/EGemoI2NTXmTsBVtJqk8jxF9rh8ApRWfsIMQSt2uE4OcpQqbFu7f7NbTK05lx80nuSijCz7sc3a277R67g,"Not one kairosoft game that has been released has ever let me down!  5 stars all day, everyday",5,0,1.0.0,2012-09-09 22:54:29,,
lg:AOqpTOFjRDgnzfrCnca-U6D122VYViIm2AcrFcjJFfPdygz3BqxnbB0Q3FT9yfeKfVA76il4hxpbD3b4PxusVQ,A Google user,https://play-lh.googleusercontent.com/EGemoI2NTXmTsBVtJqk8jxF9rh8ApRWfsIMQSt2uE4OcpQqbFu7f7NbTK05lx80nuSijCz7sc3a277R67g,"Another great game from Kairosoft! Everything they do is worth purchasing, never lets me down :)",5,2,1.0.0,2012-09-09 10:52:06,,
lg:AOqpTOH6CM8wXAWsLU0nlXGDQLTPuu0Il4oEJ2d_3XRynVgR-l6ovWFwxTEL8DfP1acKjR4FtqlPi9Tp6jzLMw,A Google user,https://play-lh.googleusercontent.com/EGemoI2NTXmTsBVtJqk8jxF9rh8ApRWfsIMQSt2uE4OcpQqbFu7f7NbTK05lx80nuSijCz7sc3a277R67g,kairosoftありがとう。常に完璧。私はあなたを応援していきます。Well done kairosoft. I have all your games.  Brilliant and truly enjoyable.  Flawless on Samsung Galaxy S3 QuadCore.,5,0,1.0.0,2012-09-09 08:01:28,,
lg:AOqpTOGY0Nn21NvXFcwF087ewydFA5hVomEOPgKq-GWSZam9mF2Vl2eVceutBtKk4crSh-fPDg7kBnsg8VetRg,A Google user,https://play-lh.googleusercontent.com/EGemoI2NTXmTsBVtJqk8jxF9rh8ApRWfsIMQSt2uE4OcpQqbFu7f7NbTK05lx80nuSijCz7sc3a277R67g,Good game as always,5,0,,2012-09-09 07:12:25,,
lg:AOqpTOHa2FgqRDc_T3lFpiW-ivJhVzew8iiEqxY4sI50oOpo6N9-BXUIVe1u6L1vKyge7jN0gmGViIqGrO4XvA,A Google user,https://play-lh.googleusercontent.com/EGemoI2NTXmTsBVtJqk8jxF9rh8ApRWfsIMQSt2uE4OcpQqbFu7f7NbTK05lx80nuSijCz7sc3a277R67g,Thank you Kairosoft :-D,5,0,,2012-09-08 11:29:50,,
lg:AOqpTOElNP88B-kVPLMpZrT-Mo4PqOkzTCFGqEZnzMLcm-m6LgJM0_UgV97nv9pJICHRSfERoixcgy75TLecig,A Google user,https://play-lh.googleusercontent.com/EGemoI2NTXmTsBVtJqk8jxF9rh8ApRWfsIMQSt2uE4OcpQqbFu7f7NbTK05lx80nuSijCz7sc3a277R67g,"Really good game, normally give Kairosoft an easy 5* but this one wants authenticating every time I play and have to restart at turn of every month due to a glitch with money, say I am billions in debt.",4,0,1.0.0,2012-09-08 07:05:12,,
lg:AOqpTOGWM2O6AieBarRisOHM6NkEjUqIEF7sZLVJaUywIyYKBLXThwb_4713NuUYBoMw2m_dtdqOsQaRzA8BBw,A Google user,https://play-lh.googleusercontent.com/EGemoI2NTXmTsBVtJqk8jxF9rh8ApRWfsIMQSt2uE4OcpQqbFu7f7NbTK05lx80nuSijCz7sc3a277R67g,"so fun, better then sim city lol i really need to playing kairosoft for while...   not getting sleep",5,2,,2012-09-08 06:21:53,,
lg:AOqpTOHMWd8yasyYsR-ZqxiaOTbsckzlVLynCbOi4UiZ7zjvXv3sSTg16_3S8M2WwyvHTRXJcloWtNKb81TXCA,A Google user,https://play-lh.googleusercontent.com/EGemoI2NTXmTsBVtJqk8jxF9rh8ApRWfsIMQSt2uE4OcpQqbFu7f7NbTK05lx80nuSijCz7sc3a277R67g,Just shut up and take much money.,5,3,1.0.0,2012-09-07 09:26:13,,
lg:AOqpTOEfdwZWFNUlC0oZwtVgWSvWn64d8TbQkNUkE9JEvh9LU2Js0XDuGDxdf3-0YNrLzJoU4huptWqxwCoRNA,A Google user,https://play-lh.googleusercontent.com/EGemoI2NTXmTsBVtJqk8jxF9rh8ApRWfsIMQSt2uE4OcpQqbFu7f7NbTK05lx80nuSijCz7sc3a277R67g,Another quality game no doubt!,5,1,,2012-09-07 09:23:29,,
lg:AOqpTOG0T0Zz8XDfHyOgH2BsPLkn2SHM0P68ZwEtIZDDdT67n8eAw-gBTnlG8wpjSgZcI6Cz79Ri4-HpvBkwkw,A Google user,https://play-lh.googleusercontent.com/EGemoI2NTXmTsBVtJqk8jxF9rh8ApRWfsIMQSt2uE4OcpQqbFu7f7NbTK05lx80nuSijCz7sc3a277R67g,The authentication does not work through 3g so I have to find wireless. This is stupid.,2,3,1.0.0,2012-09-07 08:27:38,,
lg:AOqpTOHiKACZPs6lYnX3O9xUuK3tNL6LE1gxpnMoHzppwLEteHrX53VrBm-OLASCBLfRbhJFjsd72rI7nSxcfg,A Google user,https://play-lh.googleusercontent.com/EGemoI2NTXmTsBVtJqk8jxF9rh8ApRWfsIMQSt2uE4OcpQqbFu7f7NbTK05lx80nuSijCz7sc3a277R67g,"Finally, the long awaited iOS game is finally on Android. This game is pretty much the modern version of Oh Edo Towns. Game is awesome and runs smoothly on my galaxy note 10.1",5,4,1.0.0,2012-09-07 08:10:43,,
lg:AOqpTOHhL9ZcFo9L2H7yuZuBm6ga933deokmtXKbdWHDrkZQaKrjTe73qaAEk_PFDzlovsbsJTC4b1t4jSAmRg,A Google user,https://play-lh.googleusercontent.com/EGemoI2NTXmTsBVtJqk8jxF9rh8ApRWfsIMQSt2uE4OcpQqbFu7f7NbTK05lx80nuSijCz7sc3a277R67g,Two games in two weeks?  You spoil us!,5,5,1.0.0,2012-09-07 06:09:25,,
