reviewId,userName,userImage,content,score,thumbsUpCount,reviewCreatedVersion,at,replyContent,repliedAt
gp:AOqpTOGy-NQpiNld_fEDtYXZ5QvcvOGNi6CiD6ZXrr10CmfHIT1Fe_27h8wGd9kLhqd44Qi4qB0M_pBndlu5A58,Zack Stewart,https://play-lh.googleusercontent.com/a-/AOh14Gg48Sxo81URxJ55AKxpmOQsniJxSHNP9biXyEhwLQ,"I like the game, but I find that ""household expenses"" seems a bit arbitrary. It would be awesome if there were a breakdown of what contributes to it.",3,1,1.3.7,2021-02-02 13:33:56,,
gp:AOqpTOED2RWrUCi-m97GgdmsSVsFvdkCzT77l9Je4QcMDX7JdS5DFVN6WSCfIjCjmysQJHtiI4nrAgJG2crYXXc,Rafal !,https://play-lh.googleusercontent.com/a-/AOh14Giv0UxMp7WJpG-AOrZEpAxMVH6Ac9kFvHg0UIH9pA,I love this game but theres a gitch where it shows something like nice goats you got then it crashes,4,0,1.3.7,2021-01-26 22:13:24,,
gp:AOqpTOGfMtMhbwXDeOG7Lw5dj_MQzhKGhq9FOn6-eGtnHYjpUpmm8VCj0W1FyKeESFMMQHY0GG5tvTXTzFOxK8I,GAVOtheGOAT,https://play-lh.googleusercontent.com/-snjj1ytlack/AAAAAAAAAAI/AAAAAAAAAAA/AMZuucmUs_b6MLiSwKOoiYOH81tNAnwO6Q/photo.jpg,"Gets boring, fun at first, then turns into the game you forgot about wasting space.",4,0,,2021-01-14 20:16:01,,
gp:AOqpTOHuLCkYGsMPqmcjDFZqMJ76f4-FHvPP9T5Mokunws9zM7TCox-ewWlnx5gYeQEapwWjBsxj0NILXaYgQ-I,Rj Fattibene,https://play-lh.googleusercontent.com/-5px2n1-44vQ/AAAAAAAAAAI/AAAAAAAAAAA/AMZuuckHrIsUstH7snDWgQ5W0qSjvzC3qg/photo.jpg,Its a great game. It gets a little repetitive. I'm looking forward to more updates with more content and things to do.,5,1,1.3.7,2021-01-14 17:28:09,,
gp:AOqpTOE_HeEA1Xn3oo_U5_sJ8twaKmgN7e46Q8sVIIqX5E4Dv2OOa6Jrx6lBHd3CuT95RzXPBCCiUpy2LCvTafo,Lemon Fap,https://play-lh.googleusercontent.com/-ggUawS-Fjo0/AAAAAAAAAAI/AAAAAAAAAAA/AMZuuck7xAb246_FQCly5c6_O-sRUqfr_Q/photo.jpg,Could be better but you have to pay absurd amounts of money for every little action. And the prices only go up.,2,1,1.3.7,2021-01-04 00:09:02,,
gp:AOqpTOGbtzplg0DqP95FvOuL8RRb8_lsKe-Hdougw2jcheaYFWLpQ_g0lgqTT63UwSKBxMFSCpwEq-x488jIaF0,Captain Jin,https://play-lh.googleusercontent.com/a-/AOh14GgEdDke8tqxrIsu4NWOEY5YJ-yLqT8UAeC2uynY8A,"Roman bitlife. Interesting concept but because of poor inheritance mechanics, incredibly wild rng, and very slow progression it can feel like wheel spinning with little interaction and few options. I'll likely give it a better review with more updates but as is it's kinda boring with little to do.",3,6,1.3.7,2020-12-26 23:58:35,,
gp:AOqpTOGgEjjQ8SPM3iHQ5iHhnFoq6b2MxEaAsdB9cvh-ekxEhdteuGP89_QSEEGHXW1AfsFjaQPIE2aRf3O6wrk,MemeMan Lesser,https://play-lh.googleusercontent.com/a-/AOh14GjyleEu16ra3YVTx46dkm213z_oPm1lnjh8gJ0j,So are you gonna add the military thing to the game or should I just move on. Good game I hope you can release more updated.,5,0,,2020-12-18 13:54:50,,
gp:AOqpTOEOOJxhZLmCJJBboWaIIoCDQRcW0KJ79f1fsv_G9BXQrgUUCcL4hYB4tZcJUd4h1mahzFmUky82y1mZvFE,Erin Alexander,https://play-lh.googleusercontent.com/-DndBForqv8g/AAAAAAAAAAI/AAAAAAAAAAA/AMZuucnSPbfVSAsJukfWhNgmioKu_xmHdQ/photo.jpg,"Update: As of right now, the issue with the game crashing when a certain event pops up has been fixed!! Apparently the latest game update did fix it, but I did have to delete the app and reinstall it. And, when I reinstalled all was fixed and my previous game data was saved!! This is an awesome game, so glad the issue was taken care of!!",5,11,1.3.7,2020-12-11 12:01:50,The latest release v1.3.6 fixes this without having to reset your game. In v1.3.5 we'd recommend you avoid this event by choosing the don't steal option (only one of the several outcomes in that event leads to this crash) Truly sorry for the inconvenience and thank you for your patronage!,2020-10-16 21:35:21
gp:AOqpTOGBMinqXM_BRALgIUz5wBcrz7ql1S4nAo-J5BVoHiTvNVizP4oPVJp9qE5G82odAiUv1_gnGiqMqAkUxRY,Dani Watts,https://play-lh.googleusercontent.com/a-/AOh14GgV-jAO_6I_LGR_WS_CYGWq24OJa3pF1GLhaujo,Fun game to waste time with!,4,0,1.3.7,2020-10-27 15:19:44,,
gp:AOqpTOHnY8wdLQjdDKyl6dYwRf1uwovcO3BO920GuTPRtJYHFN-0iSrKp-gx9RssYyWEJF2DsFVowYrLfBb6C9I,James Sinclair,https://play-lh.googleusercontent.com/-DMLab8oUGG8/AAAAAAAAAAI/AAAAAAAAAAA/AMZuucnOzaBcS8F5UX1T6OJPO6m1j2d9fQ/photo.jpg,"Used to love this game but now it's almost impossible to play and crashes whenever I get the ""Nice animals you have there"" event. Usually when this happens you can reset and keep playing but not always. Also they need to deal with some gross historical inaccuracies, add a patron/client system, allow you to purchase slaves, and add more historical events and have an actual ending. Until they fix the bugs I recommend you don't buy it. I'm using version 1.3.7 on Android.",1,13,1.3.7,2020-10-23 15:46:15,"Really sorry you've run into this. It should not be occurring on v1.3.7, this was a relatively rare issue exclusive to v1.3.5. Could you please confirm that it crashed for you on v1.3.7? Also we do try to uphold history where possible, please write to us with any inaccuracies on that part and we'll try to take care of them in upcoming releases. Thx",2020-10-23 18:45:54
gp:AOqpTOHq9DNHOLLcwOQa-nihxgbBAQkn4C7VMTr8_EVCqxpXYBbXwO0EIIKwIR7QdiRHzKkec_sGXrcMXo0rWLI,Robert Kulze,https://play-lh.googleusercontent.com/a-/AOh14GhWPiwJAQ77_u0dcLHqFm2FcSP_c15LnDy0AY-_LQ,Goes nowhere,3,0,,2020-10-21 18:53:17,,
gp:AOqpTOFSIep4DLd5og4Z7wL518NTgAZxQ0VrSHnSQVA8jEFDdq82fIO4_8uyamjqzNIVQ2QbgQKbpYP5up04GyE,Daniel Head,https://play-lh.googleusercontent.com/-TugKKnsKnAg/AAAAAAAAAAI/AAAAAAAAAAA/AMZuucksaTBMk6qAnCVGRxhz-8UcKgiblg/photo.jpg,"If you add military and wars and like a map to conquer more random events and basically turn this into a roman Crusader Kings game OMG this would be the best game ever like PLEASE Dev PLEASE keep with this game and improving and adding to it. Rival Houses, intrigue, merchants, barbarians, anything creative and fun. more traits genes more more more please literally an awesome game but you could seriously have a masterpiece with some work. Ill pay more for it!!! I love it thanks for responding",5,3,1.3.4,2020-10-17 12:51:07,"Thank you so much! We do eventually want to get there, though not turning into a grand strategy game overall. Please join us on our discord and help shape the game's future. Thank you once again for your patronage!",2020-10-16 21:38:55
gp:AOqpTOEree8iLspXY4edTw738Bn32WxY_iqxp06ip93HbEbWK9246NrjqsMl93WqWg4NSrd2pB3ir5R5iqTXiMI,Codie Thresher,https://play-lh.googleusercontent.com/a-/AOh14Gg_NtumvjNnGCN78CC8GLVPuvyPt1n0ArSHJPNt,"I love this game, it has some very interesting features, especially with how your traits can influence the outcome of events. The reason why I rated it three stars instead of five is that there is an event where you can steal a rival families animal that crashes the game and will not go away unless you uninstall the game.",3,0,,2020-10-17 05:59:47,"This has been fixed in the latest release v1.3.6 and your game will continue to work without having to reset even if you ran into this crash before. Until you're able to update, I'd recommend choosing not to steal on that event. Really sorry for the inconvenience, and thank you for your patronage and kind words!",2020-10-17 06:38:28
gp:AOqpTOELv7zfWACzFn328PTkJwIfxkVW7Odgu9-tr_o1YW6N786LL3hqn6YZyFo8DaTnnT942EJLAP7vIbkSMUQ,Nacht Musik,https://play-lh.googleusercontent.com/-0ovoxZQAEbI/AAAAAAAAAAI/AAAAAAAAAEM/AMZuucnFUXXTBuR9qsr7CzZHzRWtKMCZqw/photo.jpg,"Gave it a 5 stars, but I had to edit it back after the update. The time for the events to pop up is so slow, when I pressed the next month button about 1 sec per tap, it skipped every single one of the events, including my children going to school. So now I ended up with dumb kids with no education. I even set ""automatically open"" option up for education. Biggest problem is your daughters. They're so useless in this game, with no benefits except marrying them off so we stop getting penalty.",3,14,1.3.5,2020-10-10 03:23:28,,
gp:AOqpTOH9PKewRaqhnDzyg22bohMgo97Zix8gMLt5jKA-wW4urZ12xtPii2v8lpkrTcDRuVUwZzLkiv9uMqbNgaE,Caius Schneider,https://play-lh.googleusercontent.com/-rLf8av-wTMk/AAAAAAAAAAI/AAAAAAAAAAA/AMZuucnkNHVrdNzhFnLB1P1BhfUQZmpv7w/photo.jpg,I love this game. However the fact that money is capped causing me to continuously keep having thousands disapear from my bank after earning it fairly is seriously obnoxious and makes me stop playing often.,4,3,1.3.5,2020-10-09 09:53:31,v1.3.6 changes this so that money over your stewardship based cash limit is only pilfered over time instead of being lost immediately (You can see your cash limit by tapping the indicator on top). Thank you for your patronage!,2020-10-16 21:37:30
gp:AOqpTOHefhPZk81z0MfC93sYpEjtguYXDtuwNofkJln16BbqEfz0yFNGzUw1B92pyX1WEexCrR1lMe_GlVE_v0Q,Louie John Virata,https://play-lh.googleusercontent.com/a-/AOh14GgiAOxotIAAbqb20kPd9u-wS1r1Yz-VrL-83eGHdw,Great game,5,0,1.3.5,2020-10-08 11:19:30,,
gp:AOqpTOF-l1z7X8KwzyfcjgOfqJuvVFLKhf8494wfMm_O_SfS6_1g0HjlWbZHrtfLZaLy8eYacjpLXJdK97OQJzc,Ryan B,https://play-lh.googleusercontent.com/a-/AOh14GgfrFShGczA4I2aE_P2p3yHM6G5CWr6YHsDa2QLow,The developers really need to make sure the percentages of doing well in an event is correct I had a 99% chance of doing well and I lost an arm. The next year I had a 95% chance of doing well and I brought shame to my family. The final year I had a 97% chance of doing well and I lose a damn leg. WTH so yea be careful of the percentages because they are VERY inaccurate,1,7,1.3.4,2020-09-06 14:13:43,This has been corrected and the system has been replaced in v1.3.5,2020-10-16 21:39:57
gp:AOqpTOHjDUPD3n7-zwqKWgPGiDst8Kv_AI8zpTPSflZ10X2VS8BqE7MsBHeLCZu9684Wrzgs9lFX9rj0VAfVulw,Jake Zade,https://play-lh.googleusercontent.com/a-/AOh14GiKQmLJjMjsej98cG8cq0UsMO1AkZb_oItNCEsXXg,Fun game. Very addictive. Only downside is constant popups for non-optionals. Why do I have to click to pay the tax everytime if I don't have a choice but to pay it? It make more sense to deduct the money automatically IMO.,4,3,1.3.4,2020-09-06 08:33:08,,
gp:AOqpTOFtk_cvV-hbfHreUWNTe_eGj4AWtZ4lZs6VmtixJmv-pkyRzhP12ntscV4HiMP5faowSvGtB4TQ_jEcy1Y,anjana arun,https://play-lh.googleusercontent.com/a-/AOh14GiQ1IwAxHpfcq6oyfay1tOhyA_wGE9ZwsMcal79eQ,Awesome game! was a lot of fun!,5,0,1.3.4,2020-08-24 08:21:07,,
gp:AOqpTOF6RdmV0NmVcXV500ZBUKUaj99gJDra8oO5FBLAHnUt0BvBo82v8Lh3gOfKrseSo--VB7y5cPDZVc1jPN4,Xavier Fauver,https://play-lh.googleusercontent.com/a-/AOh14GgqKUYhaGg4gqNfx1aF3VftRqTYU2pawY1ji-l_Ug,Love this game. Don't have much to say about it besides it's great. Main complaint is that it's pretty annoying having to go to different screens to buy different properties. Just put them together.,4,3,1.3.4,2020-08-24 05:03:24,,
gp:AOqpTOGmcvNenz4O0gwu1Vlt45YFYm7gIwa6_mj--ADOoyf-KK3fUmMd_5WODIL9f2AOswS4bOwad3m7BbXb9Ws,CJ S,https://play-lh.googleusercontent.com/a-/AOh14Gh4anY2rAPbt0d5dsky0m0gPgNVwQEkog9CF5ww,This game is one of my favorites. There are some small errors I find annoying i.e. when I get large sums of inheritance it shows up but then disappears just as fast as it was given. I enjoy the historical accuracy (there are a few things that don't particularly match but it's accurate for the most part. Overall I reccomend playing it.,4,4,1.3.4,2020-08-08 09:57:53,,
gp:AOqpTOFFRXM3uxrEnQ_pvIbRvPY5e8q_Qxz7jzkQysHGIYgTdDrKZgbhPigjXeUkWpQ2F5qzVpC_gEzt5_-B6d8,Uknown Unknown,https://play-lh.googleusercontent.com/a-/AOh14GgEH0b-vNga1gjSBcevqlimuDf7kyHAIrMGuimn,Its great. Add a military feature and it will easily be a 5 star game.,4,12,1.3.4,2020-07-30 19:25:03,,
gp:AOqpTOFxQpbM7e-ux-QCbZuAyb8CB-ggP8jtzrdf_ZfYfPJ82TK_3hCo5t8EiMuQi8ZH30Q2CzKErQK1UFuEtM8,rob jack,https://play-lh.googleusercontent.com/a-/AOh14Ggh_kns_Gs84R3GRpZu-dWUyR4G5-t_uqZYv612qQ,I love the game I just want a bit more content and if you have a large family the game can get pretty slow.,4,2,1.3.4,2020-07-06 12:41:25,,
gp:AOqpTOFmyxfyPGlJg0PSkT_Aay__TnoO8OvNSJ6C7QYiQmPxuxJnIGX3TFjRPxDul1CiX7hcXejmISUwNwUNGQA,Gemma Morris,https://play-lh.googleusercontent.com/-3UmPpdsnsA0/AAAAAAAAAAI/AAAAAAAAC6Y/AMZuucnxzWBa8cRKHf1FjmH7M9ebPlRRdA/photo.jpg,Love it Great Game,5,0,1.3.3,2020-06-09 03:34:40,,
gp:AOqpTOEuz7H5e21U3J6zPEWAtmJvfxdo04Uk1ajytg5pbSD5VWSagLW3smZDYY4Nexc75PVJ5HCt9eUbTMlfOZE,Buck Farmer,https://play-lh.googleusercontent.com/a-/AOh14GjEW4rxn0MmsnrTS28PGzHj7A1DgpXVVKCfHIa0,"Excellent concept and very good execution. Would be good to add in more late game events such as military campaigns for military tribunes, praetors, and consuls. Also some kind of activities using the Senate or the Tribune of the Plebs to alter the legal and economic landscape would be good. Would also be cool to add in various religious posts that could be competed for. Also automating some tedious tasks like tracking education in a large family or property as stewardship shift via policies.",4,5,1.3.3,2020-05-27 13:30:51,,
gp:AOqpTOHboKbHCARqgXZpoy-PFpFSSzj8srLLd2gme30szW43LWvv5EvHefA3xChp4vTQyUSkbT750jqjwKc0UyY,Nicholi Grisafi,https://play-lh.googleusercontent.com/-843acXxQIBk/AAAAAAAAAAI/AAAAAAAAAAA/AMZuuckyrj8ELovJARMuwiRM0oXF0UaRqg/photo.jpg,Grand,5,0,1.3.3,2020-05-18 16:34:07,,
gp:AOqpTOEPGY3xgznCxnuxIADX4iSzJLHXxA_UNh1za5aH7Ce_4uMpRscafIwnRpiwoO46B3QalOrxrXXQME6Uth4,Maxwell Simpson,https://play-lh.googleusercontent.com/a-/AOh14GiHcHksHzztmW5tZTcxPvFZcFpiTsBR9nuLq9IsRQ,Good concept but lacking real depth. More control over interactions and jobs would be nice. Controls didn't play nice with my phone either (Google Pixel),5,0,,2020-05-13 22:54:12,"Could you please share more details on the issue with the controls, either via Discord or email? We'd like to get things working great for you as soon as we can, and in the next release if possible. Thank you for your patronage and really sorry it didn't work as well as expected",2020-03-13 00:04:19
gp:AOqpTOHzZo-Eh60Xoa3M5Qb60gri3ttX78AsxViX2KIGwPrAQFLFzAcTjChAlx1Z-xfLK2YQzEhLJksRpsY6mvE,hidden bunny vix,https://play-lh.googleusercontent.com/a-/AOh14GjygMAsk3r0vDJtMeRdumJezXXGBnma-R_LgLb1,It was good but I asked for a refund but I never got it,2,0,,2020-05-12 20:08:11,I think Google restricts the time since purchase where you can get a refund. Email us your order info and we'll try it on our end or better yet ping us on Discord and we'll do our best to help you have even more fun with your purchase. We're also coming up with several new features and content updates soon as we've done since release,2020-05-12 20:11:58
gp:AOqpTOHUFutyTlBGeN-_DkN7-ngFYpmffFBIjCNfEEhCqMhy-Gh6kN1gtP8aZa7DcAQFQqP8Iu7A2ozdU53zIcc,chy pearce,https://play-lh.googleusercontent.com/-j-MY0KBLR-A/AAAAAAAAAAI/AAAAAAAAAAA/AMZuucnnyB1ou0k7qufS5LqJCxKvKf4cTw/photo.jpg,"After playing it so much, events repeat year after years. I've played through about 15k years and never really got past pleb lvl 1.... I don't see how one gets into the military or govt without playing on sandbox mode or easy",2,0,1.3.3,2020-05-12 19:59:21,"It is definitely very doable, plase go through this guide https://steamcommunity.com/sharedfiles/filedetails/?id=1993435956 and ping me via email or Discord and several friendly players amd I will gladly help you get through and make the most out of your purchase. Thank you for your patronage!",2020-05-12 20:05:34
gp:AOqpTOHra7-cyHlnQkIw5pGofDN5IQYr-YDGjgxNup0BewNtZEgulsXYVdds7i5iMxrBdlK8hylKggb319_2PL8,Namhla Tengwa,https://play-lh.googleusercontent.com/-u0_joPNt29c/AAAAAAAAAAI/AAAAAAAAAAA/AMZuucmlnM-GYBockedUg3m4DIDKVVH5BQ/photo.jpg,I would have given this game a 5 but there are issues with the game play that make the game tedious and often annoying. The calibration of stats is not always accurate.,4,0,1.3.3,2020-04-22 19:22:28,"That sounds like a bug, could you please share details via email at rome@thestartupengine.net or Discord? Thank you very much for your patronage and for writing in!",2020-04-22 21:21:49
gp:AOqpTOG4yeZa8k8Br70aJAAx9FPWhciJSUmm6WtZgMbeUxi9T3pi--iXPKxY-RdhY7g9bjy4bXUhhwy_tgUf4Lo,name name,https://play-lh.googleusercontent.com/a-/AOh14GhEcDgitOEWZTvMJKou3N40CdIjbMpunMV4lYnBkg,Just not enough to warrant the price. I wish there was more to do. The same random events happen time and time again and it just kind of repeats forever. Disappointing game to say the least.,3,0,,2020-04-14 01:44:36,,
gp:AOqpTOH5sRWMr5Cws3-dI-lW6mgKyn31XeZJ1gO_wkupyoHqTOtw1_RwCES0dZXWygchq11UsHjBeUFAm-5U85k,Pete Salas,https://play-lh.googleusercontent.com/a-/AOh14GiP8OoIMJT01wUDrxKkOIirJ87cJnikQycddlJHSg,Very fun game! I definitely enjoyed the open-endedness of it all. Managing large families can be a challenge though and my one criticism would be that you lose so much of your wealrh during every generational shift. Even if you manage to keep yourself an only child you seem to lose half your wealth as if you were splitting it with a sibling. That didn't make much sense and I wish there was more transparency around that.,5,3,1.3.3,2020-04-12 21:02:49,"Really glad you enjoyed it. Regarding the property split when you inherited as an only child, it sounds like a bug and it would really help if you could share more details via Discord or email. We'll see if we can show an inheritance breakdown somewhere. Thank you for your patronage and for writing in!",2020-04-12 21:36:15
gp:AOqpTOEpXLUOJlUXHqUIis3v5zMEoFUKvERll8skQMSG56i8kxxYSGz0g1FgA4wXHioO6l-MKxfibX97q6jB4Lk,Anthony Salisbury,https://play-lh.googleusercontent.com/-AwnGm3rQNqs/AAAAAAAAAAI/AAAAAAAAAAA/AMZuuclwJ0VnOrBC7T8D7WlLCcwplj2WEg/photo.jpg,Great game. Love the game and the histort and culture points . i feel like this will be going place .5 bucks and keeps me entertain so no complaints. Looking forward to future updates. Ps to those saying its hard..i made it to consul of the republic.just keep trying. Little tip have you oldest marry a old woman so they cant have child. Keeps cost down,5,2,1.3.3,2020-04-09 19:59:04,,
gp:AOqpTOHKO-TJ_WBQ6n_FI7Lqug1PohNeSW-_SKlanTnGU-P-dLgv6QDW-u2arXiiAOOYpFcUrGP_oMMJPmDB3DM,Joshua Zeimet,https://play-lh.googleusercontent.com/-56q-5OultTI/AAAAAAAAAAI/AAAAAAAAAAA/AMZuucn1dt4LziASa2Ia0rm3AdQEFi1TfA/photo.jpg,Educational value here is higher than entertainment value.,3,0,1.3.3,2020-04-08 18:03:18,,
gp:AOqpTOFgPGh7JT9Hyzb1yPt2TuyQzzHeK2uHMhIbM0xRq7UnFg1l5yJ7oWqIHwudTWcsl6fsspW2Y4il53BIsaY,Kaiser Reich,https://play-lh.googleusercontent.com/a-/AOh14GhUv9BT1SbjK32x2jNfX71ptJNQkH0eMGXnm4NA,"Can I get a refund, please",1,0,,2020-04-08 14:10:40,,
gp:AOqpTOHNLcwyl4bsbiD44d9SjSkyj7uOYxT581bpe7IRvYM4j_GSRusBm2fOFT3VWVlgrnXbSE7vag6HFuk6bAU,Yammy so jordon,https://play-lh.googleusercontent.com/a-/AOh14GibUt72GB2LLcnh90_SdCcR8NZr9goua1G4eQVJ,I didn't like this game,1,0,,2020-04-07 17:04:22,,
gp:AOqpTOHYm2hkTQutfexs46Qcqu6OfreN96ZKPZ_4FgPMqPDoANnvNE4OIyBpApr1AQmcl4ngxIojYJrCQKpFkNw,reggie's meme stash,https://play-lh.googleusercontent.com/a-/AOh14Gj8hvMEnIL5FVyp1P2tuo9G0oifQiVKabCGJswX,"It is a very good idea, but the execution isnt that good. There is barely anything to do besides buy property and the occasional random event(i personely got the same events over and over.). It would really benefit the game if you could do more outside of random events. And some of the job names are in Latin and theres no translation or even a description of any job, a job description for the jobs with latin names would be really helpful.",3,15,1.3.3,2020-04-05 19:19:05,,
gp:AOqpTOG_vB_X_GZsEHQ9tzunjl1fP359eiPphr6bPSRCJIvMvd-jBYwXM_vuYsvylGP-RM_2KvXh3_DaaMtfZFs,Rabble Rabble,https://play-lh.googleusercontent.com/a-/AOh14Gg5kUDSdqZc1Iy2WRwuCBcwNxy8P8XLiDlrCEA9kw,Worth the money. Spent all of yesterday playing.,5,0,1.3.3,2020-04-02 20:39:34,,
gp:AOqpTOGIUREWI_pvmZVa8T7bVJoIDfTAwr2svE1Iovp2EY76lwszGOpHSjmOGVuxS8v8Yr_BhYhP9N0NRzJl5LU,Socal Crypto,https://play-lh.googleusercontent.com/a-/AOh14GgFrss8VtoMxl8x6UvF6aDl_NBJTMv4NxoehvSSLA,"Pretty good BUT a few major issues that make it not worth $5 YET, maybe $3 in current form. No clear methodology for increasing max amount of land. Arbitrary money caps that just discards money received over the undefined and arbitrary money max. last issue is there is no clear end game, not even a pop up that says ""congrats you did it"" Also I'd like to suggest some sort of Imperium option like if you get enough money and renown you can declare yourself Caesar",3,6,1.3.3,2020-04-02 01:41:53,,
gp:AOqpTOFP8y6mq7K_SHGxp9TmiDLem0ZNN-mzT5wFN19a5f1okUZ8W9wRDYKkTv74TDSZ_Q5h6JfQkLIZwPuQDXg,Robert Clark,https://play-lh.googleusercontent.com/-mTovFsQ-tog/AAAAAAAAAAI/AAAAAAAAAAA/AMZuucmkvVkGQrDREiv3Q-T_ckgIL4rxMA/photo.jpg,"So far, this game has been great. From roman lore to management to your family and otherwise the gameplay as a whole. Although it could use some tweaks, such as a tutorial on the stats especially which ones matter in certain events, to possibly more micromanagement in terms of managing your family, stat improvements, and possibly property. And I cant remember the user on top of my head, but an encyclopedia on Roman lore would be a great addition to the gam for both education and immersion.",5,1,,2020-03-18 14:07:01,,
gp:AOqpTOFXBsNG2P5QA3Yq06lxV8VtkXlJV2Pn1xymneyAzNnVHWOT3-cYUOpxdcmFNuP-fM4fK0nb7Xkgh5eB4GM,Zac Smith,https://play-lh.googleusercontent.com/-VOD_EB-9p1A/AAAAAAAAAAI/AAAAAAAAAAA/AMZuucl7318XbuQexKr6JGUsJRW9yi53Nw/photo.jpg,I only give 4 stars instead of 5 because it is honestly a great game unless if you get barred from the ludi and then you have the problem of not being able to make any money at all,4,0,1.3.3,2020-03-17 21:10:12,,
gp:AOqpTOEN_y14_eo1BAkh4M8UPsoJ1aMoWebScWIEwfR0U0LNXqRyTt8UwZQby8NGpaCGtXtynJPFaYTDPKOYAAA,max lane,https://play-lh.googleusercontent.com/a-/AOh14GjSQ_CZLTRKqdgRiF6Mt7QOTtxIlDuXAyFDtUSc,"I wish there was an instance where Rome went to war and you had to fight, or that you could enlist in the army.",5,1,1.3.3,2020-03-13 07:27:43,"Coming soon :)
Please share your ideas on Discord to help shape this.
Thank you for your patronage and for writing in!",2020-03-13 07:34:52
gp:AOqpTOFbndee0sjryBmyRt4p45UfBUYhX3ENpC8jVcUhCA_bWWFVb9-f3-moYhuKDzXgRZFTCWE4IMe0igvSMis,Kyle E,https://play-lh.googleusercontent.com/a-/AOh14GjdiXUqmkux3xmSePRXBxodogIz0u8uXKATdGj-5g,"Lost a lot of time on this game, would love more events, but the creator seems to be adding things steadily. Buy this game **EDIT** 03/12/20 after updating my s9 my entire save data was deleted. Still love the game, just wanted to give a heads up!",5,1,1.3.3,2020-03-12 19:39:56,,
gp:AOqpTOHGnkFJnozr8jQ5LN6gRQR5djll22BinKEep0DNvnHKMfLlCnb-CTuyjRzM7oinfMCGlhNM28C_O5mLchs,ClassOf2020 Spriggs,https://play-lh.googleusercontent.com/a-/AOh14GgoaaBw7zCgkEA65mSGV4jg60nvdezsn_jOHJbXpg,"Will buy again when a decent bit of features are added, feels like you need more options and controls. Would love to see things like the older son getting the bigger part of the inheritance, or some type of backstabbing etc etc idk just more features. Also please make the family chart more clear",2,0,,2020-03-11 21:13:53,,
gp:AOqpTOGJ8cC6oKJb09ZjUKhTGMqm9spdbAtROjGuLLj6zpKKgBk_byS_dXYwhgKiJUeoUS0WiM7dny-ck7IITs4,Cherise Johnson,https://play-lh.googleusercontent.com/a-/AOh14Ghw0XsBIC5Dc9tfF6VHE7gInRVOj5s093BKRgEsRg,"I'm updating my review as the game has changed DRAMATICALLY from when I reviewed it previously. The developers have taken on board so much of the feedback offered that it's truly impressive, including a suggestion that I made. The game feels more rich, more fun, and the small touches and personal events make it all the more enjoyable. I was delighted when I got an event related to my daughter's trait, a moment that prompted this update. Highly recommend it, and keep going guys",5,2,,2020-03-11 19:06:41,"Thank you for your patronage and input. Thanks to it, we have added flavor text showing the cause of death in the latest version. We are continuing to work on and improve the game, Please do feel free to share more feedback and ideas via email at rome@thestartupengine.net . Thank you!",2019-06-28 12:03:23
gp:AOqpTOHnbMaIHT1qvaSKxjp5aeGlSgTmHXRVTVuWoKw-2Rj-n1wGOlEh0fmvw0cuYGj3s516j6IqHYkpSSEzDpo,Duncan Phillips,https://play-lh.googleusercontent.com/a-/AOh14Gi2botykLi-XTTZjoBqSSo1MBlZsbP1vaeKKS5ihg,If you lose stewardship there should be a notification that informs you to sell property over the limit. Also when you spend 20k to educate your kid at 250 a month and have it auto cancel? I overall can appreciate this game but it frustrates me more than the $5 price on the game. Good concept but you have a lot of work to make it more enjoyable to play. Overall 3/5. This game is worth a dollar or two at most in it's current state.,3,2,1.3.3,2020-03-11 17:08:55,"The first option in the debt modal allows you to stop spending on education, it's likely you're tapping that. The first bad event that happens when you're well over your stewardship limit is always a revenue malus one acting as a kind of a warning before you stand to lose property. We're considering a sell all over limit button in the future",2020-03-11 17:08:26
gp:AOqpTOF9sXttEPq2PgTT_TlKIjVvV6DADSYqa6JHk1NCAdjsf3J2RNuadoRQQFtSnSn1ooLZCCC9jfYGahRGf1Q,TheSnowyBanana,https://play-lh.googleusercontent.com/a-/AOh14Ggzacc9fCisyyiXzLqzkNp2kerKiVGTdROFqHz4wQ,"It isn't a bad game by any stretch, but it definitely does need some work. For instance, I have noticed a spelling error here and there, among some very minor bugs. The main issue, however, is the lack of content/things to do. I very regularly find myself simply smashing the time progression button just so I can get to events like Saturnalia and whatnot. Needs more activities for sure, and maybe even a compendium of all the Roman lore the game offers you to make it more educational.",4,8,1.3.3,2020-03-06 20:56:06,Thank you for your patronage and for writing in. We've been continuing to improve and add content to the game and will add more random events going forward. Please do share any bugs and errors via email or Discord and we'll get them fixed in the next release. (One fun game play mode to try is to use autoplay and play long term across generations),2020-03-07 00:09:32
gp:AOqpTOEQMmoMQPqgA-6rR6_dsffctGIdsBatQi3AjIiQ0qtDV8dLWdg5DgNK82ROmgRwgFMygXiXMR09Uf3iNSs,Caleb Henshaw,https://play-lh.googleusercontent.com/a-/AOh14GhgHjJrB4gLcMftBaSDq9102X1fiOYaAdO3te6J,Had to uninstall and reinstall due to bugs. The ladies were having multiple children every month and I eventually I couldn't click anything or move to the next month. Also could not reset in settings,3,2,1.3.3,2020-03-05 06:33:39,"Really sorry this happened. We had patched this very issue in the latest release V1.3.3, could you please check your settings screen in-game and tell me if you ran into the issue on this version?  Kindly email rome@thestartupengine.net or message us via Discord and we'll get it resolved at the earliest. Thank you very much for your patronage!",2020-03-05 09:16:16
gp:AOqpTOExuS2wUuA0YKd1-bZHVb3hwe-Xp1R0S3Axb9IjpXW-18fg7k_mYoQG3fYYmn98ci8XMlbHPBj22lyp8CE,Amanda Goedeke,https://play-lh.googleusercontent.com/a-/AOh14Ggb50DtM5EJVTlIOyEE70McrFXvAphJKIbvvmQ0qA,I love Roman history and dynasty building games so this is just amazing! I have put so much time into it and it still keeps me entertained!,5,1,1.3.2,2020-03-04 18:41:58,,
gp:AOqpTOGTWFb07CpH45GTrCHLWB56tB08sC3ryHs2M9EZH4dBigqH-FdxxkL3nfRK4k48Eq3-Yg6IwufjCTk07yM,Miles MacElman,https://play-lh.googleusercontent.com/-a3bJFkbdTJw/AAAAAAAAAAI/AAAAAAAAAAA/AMZuuclopHTOYnRw7qQxCxwA-qaq0nqDdQ/photo.jpg,"I can't believe I wasted 5 bucks on this turd. I actually like the game, but simply put it makes no sense why household spending continues to rise rapidly throughout the game way faster than it's even possible to increase income, on top of this you have to deal with things like paying for schooling or apprenticeship for your children which takes 3 years all the while dragging down your income dramatically while spending continues to rise for some f****** unknown reason.",1,3,1.3.2,2020-03-04 13:17:56,"Sorry it didn't feel fun. Please just hang in there, it does get easier going forward. If it's too painful I would recommend starting over in the Easy or Sandbox modes. Kindly also see this guide: https://steamcommunity.com/sharedfiles/filedetails/?id=1993435956 Please also feel free to reach out via Discord or Email with any questions/suggestions",2020-03-04 16:21:01
gp:AOqpTOFUAA0i1ENsa_MGsFB11HEiGlRPcRDm5sBBI8Zel8Ufsb3K7yUrOi1N5tqCWgm-T6zN4cmmiwpf844sTbU,Spread Zash,https://play-lh.googleusercontent.com/a-/AOh14GhPgmTrXU6G4hRtFzGoJNRURbkisk1ViB2mOKfD8g,This game can be very fun going through all the events. But can also be very frustrating espcially when you cant control on how many kids you can have. Because they can just bankrupt you.,2,0,,2020-03-03 09:52:01,Sorry the experience didn't feel enjoyable. Going into debt for a bit is a common experience in the game but you will almost always bounce back - the game has multiple systems that ensures this. Please ping us on Discord or email and I'd be very happy to help. We've also balanced things a bit around this in the latest release v1.3.3. Thank you,2020-03-04 01:13:11
gp:AOqpTOFl7QWNTtISBOeeaoTj1RcYESJu0aq-XiiNfWTJqVX-CaIsYzbA2hF8JO11weqTe_imopW9FLMylzEF0JM,Robin P,https://play-lh.googleusercontent.com/-CESascdiEp0/AAAAAAAAAAI/AAAAAAAAAAA/AMZuucl4LH2jG9ZR5PGoRMN-PiqDEhHHjw/photo.jpg,Good but needs more content. It cam get boring in a few hours with content slowly trickling in.,4,0,1.3.2,2020-02-28 16:12:59,,
gp:AOqpTOFeTtgVd4jWPXg2TY0yNKEA_5p-1bveElWv4DFAXGKbIhfRT9toyIOs0k16CItayKWuEG2N1NC1LDm0deA,Brittany Brandenburg,https://play-lh.googleusercontent.com/a-/AOh14Ghbkk8gzbr0iN3-QOA212Ur7mCsXdBAIKYDWpe0Mg,"The game is challenging but fun! Would like to see an update that includes the ability to ascend even further up the rungs of Roman society, perhaps even emperor!",5,1,1.3.2,2020-02-28 11:52:26,,
gp:AOqpTOGVTVPN4J-SznR5zZ_aMGw7gjRh1HtV7Fxo-VVp6Pxfgh-MRGrfwy2MC6PX_MN-RVe57vutqERu5-eMEQo,Christian Farrell,https://play-lh.googleusercontent.com/a-/AOh14Gg2v3S-hjPN6Ew3vTsQfy9qvyHC1tmJplfREhELIA,"Thanks for the response, I see exactly what I was doing now. I really enjoy this game. Thank you for being helpful and keep the updates coming. Thanks :)",5,0,1.3.2,2020-02-24 08:09:26,"The first option in the debt event is to stop spending on education, it is quite likely that you may have tapped that. Please write to us via email or Discord if that's not the case. Thank you very much for your patronage!",2020-02-24 08:02:46
gp:AOqpTOEY5cL85ayspDD2VqvlcCYja-93rVRqqNx45jmmnkxwBucx4tsnE108wNGB0r-ekg_OvIgNz_KCrK3Jhrk,cheesy z,https://play-lh.googleusercontent.com/a-/AOh14GhC18-DtMVi7QJm66mh2vuPo588vTMS2UrUubxScg,Its a good game just that it gets boring after less then a couple of weeks,3,0,1.3.1,2020-02-12 19:04:42,,
gp:AOqpTOG6e01FIpO0llKVimtIGDPKWn2Zjm3tfmW3VQSkDJeXsoV1kqhzTEJF3uoaNg0fw-COBQF6aKKQQ4jnL7c,Samiat Balogun,https://play-lh.googleusercontent.com/-D7BCtGHmJ4s/AAAAAAAAAAI/AAAAAAAAAAA/AMZuucm_UgS_hy2MNNw4FM0Q6vNiTgVq_Q/photo.jpg,Didn't get the full experience I paid for even when it was fully updated. Try harder next time pls.,3,0,,2020-02-12 18:05:10,Could you please elaborate and tell us what you felt was missing either via email or on Discord so that we can improve the experience going forward? Thank you for your patronage and for writing in,2020-02-12 20:19:42
gp:AOqpTOH3zEhtf9ehrZI30E-NiGZMzvvT94iSjlRk5VD2eKqjdPdB5UuIQzqF5doztSuOvrr9k18z0h20gvVhuzQ,K Waihua,https://play-lh.googleusercontent.com/a-/AOh14GiQe5sAxKRAw8O5bStsKBS910FNOV3qKEWvTLJHRA,Love this game absolutely love it I say this about very few games but this is amazing. You should add different ranked citizen types like plebian to another one all the way up to like something dont know what I'm saying but yeah,5,1,1.3.2,2020-02-09 23:45:46,,
gp:AOqpTOGElriy0Ca0ntXy_Z9KnPLmRfDdWR3FefStIVDNjee-IyvWWG8G5G1CocQsZQhUPE3c7WFGdBXSmqQ1g3A,Kaylie Hightower,https://play-lh.googleusercontent.com/a-/AOh14Ggn1aMNgC3UE0bqf8VI8cyUKQZRdkub4L-aN3K7AA,"Great game, but hard to keep up with finances. I'll have plenty of property to bring in revenue, everything is going great, nothing changes at all. Then suddenly, I go from making 50+ a month to -40. This is a very frustrating part of the game since I would like to stay away from the easy mode. I just dont get where the money goes. 🤷🏽‍♀️",3,4,1.3.1,2020-02-04 21:05:42,,
gp:AOqpTOGrPiVxAaDUN8FdtmaHANKJHDilAc0KD3Bcd-G0hoztJKRikX7U5qIvWKV6WSYny7HFYanL7PSEn-i-4A0,Alec Smith,https://play-lh.googleusercontent.com/a-/AOh14GjOkIPME-oEQWfhWp_pEckAoTkhPxAi2QUsXU74dg,"Entertaining Education I was skeptical at first about getting this but after giving it a chance I am hooked it seems like there would be a learning curve and a bit of an imagination, some knowledge of history this is a great game with excellent replayability. Some helpful ideas there should be a speed option for auto play it feels like it goes far to fast and the manual way feels far too slow.",5,3,1.3.1,2020-01-29 12:00:48,,
gp:AOqpTOFP-02zdJB1j8RaxkfdweaxKG1rV2-QSLY8leJ02H5EwuHYt2saZLJYUNR16sjphKNu5ZSrExkzs-c7TAY,Evelyn R,https://play-lh.googleusercontent.com/-w3awyyE4vZo/AAAAAAAAAAI/AAAAAAAAAAA/AMZuuckOWG0NYRC2nEWe5MQp-kac5PqZdQ/photo.jpg,They really should have added a small trial period so you dont waste $5. No discernible way to lower your characters stress which they can die of for some reason and every time someone dies you're next character is again at the lowest rank it's impossible to move up. Though I do enjoy the random events Fun game in concept poor execution.,3,10,1.3.1,2020-01-29 07:44:06,,
gp:AOqpTOEz83VqBehv7mg7l3O1Imt9a1I2BOl3OGdTOjO6mF9jlvXbUPhpe_Yk3lfq6hQvDhNiEeNs4NQP-5sAn2s,Chance G,https://play-lh.googleusercontent.com/a-/AOh14GhH-OD2N151mrEOqdYVwaw71NLeg0_0dP6sPs-Rlw,Game is fun for a few hours until you realize everything is RNG and it's impossible to do well.,3,1,,2020-01-29 06:37:24,,
gp:AOqpTOGXGw2OJWxrF-_cldv6z3TqRfqxZd1BowVyCKOi7_GSnnn_GIR_zpq1zSo_qnYpW0B5P4TI8xYPollm9Hk,Sea Bass,https://play-lh.googleusercontent.com/a-/AOh14GhugbIbSAIC_KQ3z1Z69ebY45iDBiIZLTHDWQCJWA,"Gets kind of stale. In its current state, it's not worth 5 dollars.",3,0,,2020-01-28 16:25:17,,
gp:AOqpTOGg2Fos5xJsexg2pfwicXwi1Hpsnvfh23MB7K7S8OxqmvOdS1PRNHQx0LUGNy7vFVqnMphn8qxIQirNaS8,Brandon Hursh,https://play-lh.googleusercontent.com/a-/AOh14GgpPneup59Su_Fd_49zLIYgGqdrpB8SC_MQBWk7_Q,Has so much potential but is not worth it yet. Needs more content or a price drop. The final nail in the coffin for me was when my prodigy son died in a freak accident after I spent thousands of gold to educate him.,3,2,1.3.1,2020-01-28 00:12:36,,
gp:AOqpTOHgRumN7KBRycdTKBgfeazGNHtB09aXzboYEP44HREmBRfG5vNZjRohYxgW2jdBJhDQ9mTqukfj0hiTJPI,Andria Tyner,https://play-lh.googleusercontent.com/a-/AOh14GiKUzHOoaVeZdhaXpQtbMbfZUFIfWu-kHItCPpOqg,So the game used to be fun... but tbh idk what happened with the expenses... but its WAY too hard to keep up with the increase of household expenses. It's not enough time to make your revenue go up tbh. And also we need more descriptions for what were looking at. There should be a manual in the settings.,2,11,1.3.1,2020-01-27 14:40:24,"We'd love to improve, could you please write to us on Discord or Email about the kind of descriptions you're referring to and also any ideas on what should be on the manual. We haven't changed the way household expenses work in quite a while (rising linearly with wealth and as kids grow up) - maybe try the Easy mode? Thank you for your patronage!",2020-01-28 19:19:21
gp:AOqpTOFZ1DReIo6RmKPNqYLGabahIFFK1TCcjAxa65OTa_4u7TyXqP1RF1DPLEdf9KcnttxFAf2z58806Pmul7Q,Edward Kierkegaard,https://play-lh.googleusercontent.com/-_w4mRSVNXBw/AAAAAAAAAAI/AAAAAAAAAAA/AMZuuckkbLtGorXKnINPfxHng67HoSydBg/photo.jpg,This game is worth the cost. I've many hours on this game. I have learned a lot about roman culture and ways. I've enjoy it a lot.,5,2,1.3.1,2020-01-26 12:56:00,,
gp:AOqpTOG-KIr-iouHyHQSZoRq_ZwztkOtTszVP5-S3kbCfHD813YcX7Fg2S2PdQOaBSbqbj5wBlnMlLxIUHJBVEA,Nate 2020,https://play-lh.googleusercontent.com/a-/AOh14Gi0g6LswhAWFJm_Dmc86UwEwkmeyD0LaP__1K6a,This is really fun and no ads.,5,0,,2020-01-25 10:37:42,,
gp:AOqpTOHoA4ioyCtTYNv4lSV5VTxqKsi6nWnZLuLw0OJi0etOtBXgkjQwZtOOD7ac3_ly55EU3NNttxamTr3S19k,Zack Seawolf,https://play-lh.googleusercontent.com/a-/AOh14GhnoKc0q0e_-IDPOzXzIlrsH2oZ9lr36M-9ABA,"When in sandbox mode, the game will ""forget"" it is in sandbox, and you will start to bleed money.",3,2,1.3.1,2020-01-20 18:21:59,"Sorry you ran into this. We've fixed this bug for the next release, for now closing and reopening the game will put you back at Infinity. Thank you for your patronage!",2020-01-20 18:23:56
gp:AOqpTOEZVJ3xKl6c85OhGRRvK0oTSaS4yvnz7XaZMt79ErHhVMle69jEdGVWMiW0oz9GB1ETzF6ZsosT9DQ_QdY,Brittney Martin,https://play-lh.googleusercontent.com/-HI--HPPuQmE/AAAAAAAAAAI/AAAAAAAAAAA/AMZuuck8_Xo7BcOrqpMLB2vW8ESVHSJ34g/photo.jpg,"This is honestly the only mobile game I'd rate as a 10/10. It's free and and there is no pressure to support, but it totally stands on and surpasses the playing field of other life sims. It offers a truly unique experience as well as being a bit educational regarding the ins and outs of roman life. I love this game and its constantly being improved upon. Please download and try the game and support the creator because they deserve it for everything they put into this.",5,12,1.3.1,2020-01-19 17:19:28,,
gp:AOqpTOFeEkKt8NmhAs5RMCzm8-OfQz-WCsgl3YbhgSS12xwfkAwJSiV9DPemU_0jSt1omZSoAf4Chbi1_a6BKn4,RiverFerret 9803,https://play-lh.googleusercontent.com/a-/AOh14Gj-l9-W14dHppZVuSs2dD0fC5yPgNVIxOZcGBqW,Really fun once you figure it out don't expect to make money right away but in the long run you'll make tons,5,2,1.3.1,2020-01-17 20:50:22,,
gp:AOqpTOEv4UFYGIe8namwHdSgA5mKjdqPc0TuOdtwWJGC1O28WttMxAb_RQTmA3VCJjH5zkwQet9Lf3n2h8_pyPI,DemonGaming,https://play-lh.googleusercontent.com/a-/AOh14GiryfADTxRqQdJYPwVbJdgpmIMiQ9uJrqmyA9HxAQ,"I'd give it 5 stars, but the game makes you fail elections almost every time and it gets awfully irritating. I'd love to see more options while campaigning rather than only three options. Also, you should add a census feature.",4,2,1.3.1,2020-01-16 13:45:41,,
gp:AOqpTOEsKkA9Kem8wnFCLRAhzROD9q8xzKuwiUkUuILydiVgBuExu7nXchgrTvKF_ciXXCZ_avjEg-tJnWXYitI,Algirdas Ulba,https://play-lh.googleusercontent.com/-9YYJnojoALQ/AAAAAAAAAAI/AAAAAAAAAAA/AMZuuclwLyWKt3eUvkmTpUIuOw0bAolqnw/photo.jpg,Frustrating but fun clicker,5,0,,2020-01-15 17:04:53,,
gp:AOqpTOGaNJuOXvkRYN2jhIaiUfA23JStvktWpawL8kv5r562sqdLfWyJQGaD9Tmo8zJwXjPSd2n_ZtIDOcvkmok,TigerAce 02,https://play-lh.googleusercontent.com/-DCN4FlWhbuI/AAAAAAAAAAI/AAAAAAAAAAA/AMZuuclG8nTSynqFBeYy1tJ6ydw9pgQRXw/photo.jpg,"I enjoy the game every much. The detail of it is awesome. Only thing is I got to 610 A.U.C and no wars have happened, there are achievements for it. That is the only thing preventing a 5 star with me.",4,1,1.3.1,2020-01-14 12:10:19,,
gp:AOqpTOFOjyIaI9H6h38fsHAc0dBpAQR9vv_XawwJwV_uTKNN97YZVJQ5W25R_ZAVgqg9fXrzy1cIjSZWxKwmYEM,Gabriel L,https://play-lh.googleusercontent.com/-hSYv0du0UDM/AAAAAAAAAAI/AAAAAAAAAAA/AMZuuclHz83Sm2E152sPsJDuhb06ynMKWg/photo.jpg,"Extremely fun, frustratingly difficult to progress",5,1,,2020-01-14 09:34:49,,
gp:AOqpTOEkOpvewnLDb2bV27-3bJMbTL0qmS0EFjXUDmq6oDRaF1kmDCd_HcRqRsm9y32EsRYe_ClWqPg5tHQhhHM,Sad Gurl,https://play-lh.googleusercontent.com/a-/AOh14GgDTj1pa6tmhT7yapwJ7dPp_uPnHg_BwBl2vYNe,I absolutely love this game! It reminds me of Ck2. I hope you made a game like this but set in medieval Europe instead. Tho the money system is kinda hard but it adds challenge.,5,1,1.2.51,2020-01-13 03:41:09,,
gp:AOqpTOFox1sZobUm_qIZbixcVeolzELBXhUBpR74DX2HHaDSJ3MTJFqTZSW41zQ9Udo5_fERTbSgXRnTocZsdIo,Lance Yang,https://play-lh.googleusercontent.com/-_QjXW9OOTjE/AAAAAAAAAAI/AAAAAAAAAAA/AMZuucm2LlOd6d4NG3RhjYL-wYWj_tJUsQ/photo.jpg,"You guys are all explaining how u guys go broke and stuff and at first I thought my people were gonna be in debt forever cuz I owed 100k. However, you will get inheritance from dead family members and buy a lot of farms cuz u make lots of money. You'll soon get millions and next generation you'll also get millions and you'll continue to grow the money and get more inheritance so once you play enough you'll just stay rich.",5,1,1.2.51,2020-01-10 21:18:30,,
gp:AOqpTOE8rdW3XtW6F3lI4-dFgM4VSevRt7O-ydJukd01LyK_z8Zo4e50eiOz_sde3lmvW2GGdTgUBT7OtRUOe8s,Sulla Felix,https://play-lh.googleusercontent.com/-rDQ5VZridD8/AAAAAAAAAAI/AAAAAAAAAAA/AMZuuck4ESj4jyPemRmG6S_1ZX_fsLHlsQ/photo.jpg,"It's a lovely game. There is a bit of a struggle at the beginning but once you get into the Senate, things start to look up. I found the discord to be very helpful. I love the fact that there are no ads. I recommend it for a neat way to pass time. It's a rather enjoyable experience :) Keep up the good work :)",5,5,1.2.51,2020-01-08 21:29:14,"Thank you very much, just hang in there for a bit, it will get easier as you go forward, even if you run up debts for a bit (remember there's no game over). You can always discuss strategies or write to us on Discord or via email. Thank you for your patronage!",2020-01-03 07:56:58
gp:AOqpTOGS95fyym67JulOzjO-gVP45G8uZrKvxsbUw-rY9Fi2uQ9AQ-0N1oeztKYszgDvm-BKeGuEJ-MQFq1k7aY,Brendan Shanower,https://play-lh.googleusercontent.com/-jbe8y3EZYhc/AAAAAAAAAAI/AAAAAAAAAAA/AMZuucnsdAhn0sp058dm2RoARiKb5ZaQKw/photo.jpg,Game will make you want to pull your hair out at times. For example after I tried to participate in a horse race the game decided to tell me that my character cheated and got caught (without a decision from me) so I lost all my money and had to sell off half of my possessions to repay the debt and got a cheating character modifier which reduced the gold I earned from all of my my buildings leading to a negative monthly gold gain which lead to many other obstacles. Lost hours of progress.,2,25,1.2.51,2020-01-06 17:35:16,,
gp:AOqpTOERatUbSw-kgqxXZYW1_A2rilXtaGCc5ZGYot8GNbdmSiopyz28hsjPQp0gPuM-tgWoC_XyNKM6LmBqA_Y,John Sabol,https://play-lh.googleusercontent.com/-Ow83qgplcO8/AAAAAAAAAAI/AAAAAAAAAAA/AMZuuckMvH_b7ftKYWNOn1U0c0ZGw9S-FA/photo.jpg,Its pretty fun but is kinda annoying to have no control over how many kids you have especially if you build up 20k worth of property just to have it drop to 2k when I start as the next person.,4,2,1.2.51,2020-01-06 13:14:14,,
gp:AOqpTOH4_FnWCJWYZ-ENuNyCaJJYZt3eW3u4nSa1NZ-j_JwRZQuv0T7LIH73Ihgqhk-ERQAlIedOqmh3LmZK2lM,Draxzel,https://play-lh.googleusercontent.com/a-/AOh14GiEdR1Yi2j8HWzUWLO7k43ZFTh1FGA_x22viKQYTJA,Yeah game is Bugged you start losing money out of nowhere,1,0,1.2.51,2020-01-06 01:11:18,"Really sorry you ran into this. Could you please write to rome@thestartupengine.net (or on Discord) with some info on when and how this happened? Was it rapidly rising household costs? Thank you for your patronage, we'd like to get things working for you at the earliest",2020-01-06 04:58:07
gp:AOqpTOF-xR7QF45wpnN9W4lQVnUoGvWhrMRHz169SwkGxGkZVV48YvEPqDGUFkztqdiEfUvfZMwfiy-JA8iOctE,Jarrod,https://play-lh.googleusercontent.com/-udtCbIrUT9M/AAAAAAAAAAI/AAAAAAAAAAA/AMZuuclxHWadSpiyaYt8ialgb8H1zSmWuw/photo.jpg,"Needs a detailed income page, went from raking in cash every month to suddenly in a constant huge deficit that ruined my run and couldn't be climbed out of no matter what I did with no explanation as to why my income suddenly nosedived",2,0,1.2.51,2020-01-03 20:58:32,Thank you for your patronage and for writing this. Could you please check the property screen and let me know where the deficit stems from? Was it education costs or rising household expenses? Please ping us either via email or Discord. We are going to have a visible breakdown on property revenue modifiers in an upcoming release. Thank you,2020-01-03 21:03:11
gp:AOqpTOGdLZTmJVwv0XIAmRs3LA9I8xVg77e1gXZcX_9F6GuWA_gKs21LchFO98nkyNZ_o18RTZTCjLB2RlB9nTg,Ethan Moore,https://play-lh.googleusercontent.com/a-/AOh14Gi_JAG2GlKcKWJ9lwA7eYovPnToFvo_x3wSpwGpdQ,Gets a little repetitive but other than that pretty decent game,4,0,1.2.51,2020-01-01 13:59:08,,
gp:AOqpTOGKBu7StWa2WP3rGfkO_RSSuA5ZlEkN5FGKbNfmjN83_OXfm1nKjtgRbE-97Ds_qmOphKGvHljJN4V__zo,mike powers,https://play-lh.googleusercontent.com/a-/AOh14GiHRu6_YYg0xMxAlKLvqhdemEAGRNMAPGOayJcCj6w,"Generally Positive - should be a way to limit birthrate, or desire for children, or stay unmarried, or same sex relationships or a better way to just focus how wealth is inherited. Should have a Military leader Legion or Armada career path. Should have a ""mini game"" goal set, more than just the get elected senator, & better way to set stats. +s ... easy to grasp, nice story for each festival, good Roman research -s ... expenses are high to start, hard to focus hereditary monies and property.",4,3,1.2.51,2020-01-01 09:22:13,,
gp:AOqpTOFZ7qZlkhQmxi-1NJBa_mPhE4t5Zr54rBPlmMOsLSQS016JQFMLjb9B_h1qP16UirzEJGnFIcdcdudFNj8,derp ferp,https://play-lh.googleusercontent.com/-YVNBOjQgM24/AAAAAAAAAAI/AAAAAAAAAAA/AMZuucntzVt8imWsfBFs6s6bvMYLg35RIw/photo.jpg,"No matter how much property I attain, my household expenses are insanely high. Rocketing over my property incomes, even though most of my money goes into property. Dont fall for the illusion that property is a stable and idle way to make money, it's almost useless. Otherwise it's kinda fun, but its infuriating how exhorbantly high household expenses are, and they wont even show you why. Needs alot more information.",2,0,,2019-12-30 10:37:32,,
gp:AOqpTOFvfZjpF_NomWhhgNGqUuuU0XFsqgA0ZkJMdJEyeg-Fg-bVJyS2bVfDsXqfD7xGpcVaRNP1e4YXlPNPjlo,Lizzy Old,https://play-lh.googleusercontent.com/a-/AOh14Gghgs8mVN1_J-DxXgQuQQ_3tBRj9xL4hf5WZBUXmw,Make it where i can be a girl,5,1,1.2.44,2019-12-28 10:29:33,,
gp:AOqpTOEP-Aj75_pMyUeadGZFpe7vETp-EyMCnrngWB30JYRECbkf2NaL6v2NtZZdjRtwohlFNaQQJK3NZevv8AM,John Bell,https://play-lh.googleusercontent.com/a-/AOh14GiLNj1wbTO8iKmFXb_ybLe_OlQV8NRmRgqnaEg2FA,The game is bugged. You randomly lose huge amounts of money for no reason straight after you get any inheritance.,1,4,1.2.51,2019-12-23 03:24:05,It seems likely that this is because you're going over your stewardship based cash holding limit that you can see by tapping on the cash indicator on top. Please write to us at rome@thestartupengine.net or ping us on Discord in case that it's not or for further clarification. Thank you for your patronage!,2020-01-12 19:43:40
gp:AOqpTOGiv_Qsg0MpNxZ5Q2pPOniHLL7IhUHMEjOpC7olvRlJxI4wPKlH9_Fn283cc1CyN4l4c2xGnEAmtJEpPUw,Ki-Jahni White,https://play-lh.googleusercontent.com/-ddMip__0R70/AAAAAAAAAAI/AAAAAAAAAAA/AMZuucnU12zpXQIOa1fmE8k8m6YUpWq7GQ/photo.jpg,They should do this again but with a Monarchy,5,0,1.2.51,2019-12-14 08:29:15,,
gp:AOqpTOGyfmFQD9Tcn39fz-zBAgyJpH2GMVzyFzGuGSJ3DE0VbR8eKjFS1b68lac23U7mpMBjzvEmU3uD9bFy6ms,CHAOS CHAOS,https://play-lh.googleusercontent.com/-_bPwp2ld-Ms/AAAAAAAAAAI/AAAAAAAAAAA/AMZuucnLLPuRrUEJJQTGHG_7p_P486hTuQ/photo.jpg,Frustrating as hell the lack of control over how many children and when I want them is annoying. My heir also doesn't get all the property I built up instead it is separated and given to those idiots that my character keep birthing out from class 1 to class V instantly. Definitely not what I was expecting!!! I WANT A REFUND HOW CAN I PAY SO MUCH MONEY FOR SOMETHING LIKE THIS!!! GIVE ME A REFUND!! Edit: At the very least they have good customer service,3,11,1.2.48,2019-11-23 04:28:56,,
gp:AOqpTOFzLyy93rzEY_geTMSImgDJWpallSicWQku9XeHRr-ovR7cpnQUihf5lcGDxmFb_EQlmZtNhDMaHdT3nRw,Adrian Carroll,https://play-lh.googleusercontent.com/-rnonA8kirOU/AAAAAAAAAAI/AAAAAAAAAAA/AMZuuclK3bL3167A_te5cBtyfuku-X7plw/photo.jpg,Finally a mobile dynasty sim worth playing. It could use a little more customization but otherwise 5/5.,5,1,,2019-11-20 14:57:52,,
gp:AOqpTOFfJKr3OQtquR9NxAGOGsUVlMx5sKyMEXyiKDnrstasNn0lMZQ1daMmRhrCMERunnRXsMIGJdEzvaMLzI0,Minecraft Houlahooper,https://play-lh.googleusercontent.com/a-/AOh14GhfA_sbfFyT3BAJ98CPj0xXlipAdV3yQW1x40E,The only way to make a lot of money (which is nearly impossible when you're an equitte ) is to gamble,3,0,,2019-11-09 08:53:06,,
gp:AOqpTOG4fhrbNhoysXVKiABE1z_2O4Snu1kCczEhpdStPyWbK19_WR6vtxFZHReqaxch_szNNGS9xzctRptWYPQ,Clinton Chan,https://play-lh.googleusercontent.com/a-/AOh14Gif7njfTf5na0avrpdpYr-IYk7hP8HaWyrRyIp2pQ,Love the different options and multi generation changes. Very creative and lots of replayability.,5,3,1.2.48,2019-11-05 20:20:27,,
gp:AOqpTOE2MkdRS2RaPY4TxuW3kk-hsN0JtPALW6jIHWRPwoSN6lhGA9bHt3SJhVvygzU7L_nMxqIL-4YDrlYH8x8,Chris Berry,https://play-lh.googleusercontent.com/-ZBq7etyo9KI/AAAAAAAAAAI/AAAAAAAAAAA/AMZuuclGNjtbTcA20j3ll1HAUlMkkWnMpg/photo.jpg,"Excellent Game!!! Love it, shockingly worth the $4.99!!",5,2,1.2.47,2019-10-27 09:23:59,,
gp:AOqpTOHE5vr5Sud3BogXO12D-LW40QMCUk9NONEEr1Qbah2TZWgsV9wRthtSinslaED3c3mSJrgcanAbVuekXo0,humbo o,https://play-lh.googleusercontent.com/-BRkd1kTZ_pE/AAAAAAAAAAI/AAAAAAAAD4A/AMZuuckOR7gBDX-3QsriwpFFYQw-qVqjuQ/photo.jpg,"Update has made the game really good! Love the graphic changes, this game is really coming together well, and it's been enjoyable to watch the developer make the game better and better :).",5,14,1.2.47,2019-10-26 21:21:39,,
gp:AOqpTOHKpmAhISPwp5VgtkyoZdaV1hjJDpccnGMv-P6i_6k4EOrbWbfYTIVXrLHiq2Gtqg_nA6JxlQQSuV8n3Rc,Marten E.,https://play-lh.googleusercontent.com/a-/AOh14Gg1e-Zaa-QEYQdWejR-o841w3eWt04hIqV0VMb0,I did not expect this game to keep me this invested and entertained! I found that I started to care less about the individual paterfamilias and looked more at the bigger picture of my entire family. That's a real fun game I will be playing for a long time. Thanks for the update as well. The new icons are much appreciated.,5,3,1.2.46,2019-10-16 13:10:06,,
gp:AOqpTOErI8-kZil3NU3iEi9N0gZZPzQemRXkUss9YLgJy4z4ipa6ykWO4Dee8YB-8dY_fsNbDc9dZvgDgvIQqsY,Aidan YT,https://play-lh.googleusercontent.com/-3N8HZZWkWD4/AAAAAAAAAAI/AAAAAAAAAAA/AMZuuckkxWc7vBGL_XIh8WrTkPyNvHPNFg/photo.jpg,The game is really fun. But when my character died from old age all of the property was separated. It kinda threw the whole game off balance. I hope u would consider adding an inheritance update. It would make the game much more fun and probably improve more people's experiences.,4,2,1.2.46,2019-10-13 02:31:14,,
gp:AOqpTOFzUsYxT0kErdmPCBvuthNd0QrcaLZ3E24ZbJySkHSXxNHYcGe2oG5AYL_7tKKgZ42Q1StL9T6J2kGJQBY,Alex Lawhorne,https://play-lh.googleusercontent.com/a-/AOh14Ghck9TPh9pncbvhtg_SEX-JcYaAm9foGj0Oez8yfg,"I love this game and I highly recommend it. The developers are very fast at fixing bugs and releasing improvements! I've spent a lot of time in this game, and the updates make it so the game gets new things at just about the same time I've adapted to the old ones. It's great!",5,17,1.2.46,2019-10-12 21:26:19,,
gp:AOqpTOHjOPXFTySHKvmo4jQtrSjKeQwDvDX1FXwXCw-r3ogbO-SMYGUy0qkSkHQTO8Xg0YKrb_7sN0YpNSR1yjM,Andrew M,https://play-lh.googleusercontent.com/a-/AOh14GjkJDYPEHNal6g74SkiCp-UyaYEbZCi5v8CWUhQ,"Regular updates, easy game. Wish there was more to do besides events and going to school.",5,1,1.2.46,2019-10-09 20:15:44,,
gp:AOqpTOE52Cum_1Kt6GExlBkdYTXM4HEKDQOQp-ABz2ru8qIhtMjnqjywrZHNW74EEOPxgdlnJQN4X04UaDM6xzk,Melanie Perceval,https://play-lh.googleusercontent.com/a-/AOh14GjZRoe3YAfaxWtn514q8oBI3qaF8hejXxdbXZKbEw,Please let us grow a beard in the game,5,1,1.2.46,2019-10-08 18:59:44,,
gp:AOqpTOEuRb3KdOvUusbghLOKyLAmoTeP5-ggGiZ3ANYsuC9JNeDyekYYtcckxA1WxUDQ-UoFC3koXI9vvtBBBr4,California Mass,https://play-lh.googleusercontent.com/-XRbGIVkhtjw/AAAAAAAAAAI/AAAAAAAAAtA/AMZuucn_hFSRQyyB5GJPo3cSF21sIoaAEw/photo.jpg,How did you guys make this,5,1,1.2.46,2019-10-08 11:55:55,,
gp:AOqpTOGx1HbQL7R6sn4TEjbXacnGacrt6xpsiv7VyRjji36TBpaF2Rq6BCP1-uf8aRC5B98k9mr-Bzjwz_LLro4,Aero Gibbons,https://play-lh.googleusercontent.com/-pdy9w_bTK7c/AAAAAAAAAAI/AAAAAAAAAAA/AMZuucnT-55PAnf_48PJ_qroueJvlup5Sw/photo.jpg,It is a very good game! Keeps me busy for hours. I do wish that statistics on certain actions were more clear. And it would be nice to have a full list of events and the benefits they have on gameplay. Otherwise good game!,5,4,1.2.45,2019-10-04 08:49:35,,
gp:AOqpTOGXAEgRZdaYRWDyEMuiaPn3WnXFj__ksJ7WLPCuje9kcKDEZeaou7b9SrhcORVK52DnAKhy1sgKnzJ-pik,Robert Šilar,https://play-lh.googleusercontent.com/-ElYYjE7xWbE/AAAAAAAAAAI/AAAAAAAAAAA/AMZuuckiXCpDF1ltuKmZai199T4Mas-mrg/photo.jpg,"Love this game, one of the best in its genre. It has high replay value, since every game is a bit different. The developer is also constantly tweaking stuff and adding updates. I suggest adding an option for a couple to stop having kids at some point, an option to disinherit some of your children and an event that lets you increase a chosen attribute for some gold.",5,2,1.2.45,2019-09-27 06:58:05,"Thank you so much for your patronage, kind words and feedback. We have just released v1.2.43 with a little better balancing around illness, birth-rates & mortality and a few tweaks to improve game performance, please let us know how it feels: rome@thestartupengine.net, Also I'd love to hear your ideas on better inheritance and sibling stats control",2019-09-12 10:38:44
gp:AOqpTOGjU2Sqcgbgj2sPX25fT-RixKxqyWEGmqpmhiw-kakAYORsPVgaM0OWBG3qSxcpfppnZ_OKcWaoEGA5LJQ,Clifton Davis,https://play-lh.googleusercontent.com/-9CDTv4cmmeU/AAAAAAAAAAI/AAAAAAAAAAA/AMZuucm7IRDNT15t_aDENcUJBqh5vw6j0g/photo.jpg,I want to become an emperor,4,1,1.2.44,2019-09-24 08:37:49,"Declaring yourself ""Princeps Senatus"" is definitely on our roadmap but a little down the road after we have finished fleshing out more of the politics, expansion, etc in the republican period, for now you'll have to content yourself with becoming Consul (and soon dictator ;) Thank you for your patronage and feedback!",2019-09-24 08:13:30
gp:AOqpTOH4DscK3X1Ivo2QcqcbRRe07Boge0UzI6v5EjCewaHLeF7rTEQabFNfbx63xmoP5Yn-Ouk_RzITtsMsr4U,Tanner Scott,https://play-lh.googleusercontent.com/-lMr_KUH_kEM/AAAAAAAAAAI/AAAAAAAAADU/AMZuuclO_Tj3mAC-DSiaH7PD9G5PTlzosg/photo.jpg,I love this game I am practically addicted to it,5,0,1.2.43,2019-09-18 22:14:44,,
gp:AOqpTOHENQfScmr2AnvITJHSTf7D3hxPyBwgYxqR8r01KJi6KJuU-Cs8oVQ8243iudnqfHe8mmy9B9yTRJFcHBs,Vu Nguyen,https://play-lh.googleusercontent.com/-88fXb6J7nW8/AAAAAAAAAAI/AAAAAAAAAAA/AMZuuckAQEZYVznNka6qEjZ5W93RtTFY_A/photo.jpg,"It got boring really quickly. Seems like the stats don't really do much, and the events get old after a while. I also don't like how apprenticeship scales with your class, and still provides more or less the same benefits. There is a sense of progression for a while, but even in easy mode, the game is too tough.",2,0,1.2.44,2019-09-17 23:27:35,,
gp:AOqpTOEz9Uj_wmSmWU-XmmG0OpG-K257DzqIuFJBHrjysvSOTrY1JW_Vlk5q-uGl8m97m00N_PkuKu5rGJkiCng,Jacob Hause,https://play-lh.googleusercontent.com/a-/AOh14GhrwR7E9sjCx0VadUbK6A0A7zOUXZXrKJpejZ9imQ,Great game,5,2,1.2.44,2019-09-17 13:41:13,,
gp:AOqpTOHAeUVikq5wjIuMuAku51Tr_t5sbOLhBrqhg1yE5uQdyyhbXipHwm3PMx2taxi0ohOjojcVJ7HW6f1i09s,Blanca van Lohuizen,https://play-lh.googleusercontent.com/a-/AOh14GgKu0FHw3MNVtIt6t3QAd34wdYR93tShprVhpGAGw,"Nice game. Sometimes hard to get by, eventough you got quite a bit of property. It is enoying that property's are devided between sons. It cost me my game.. And sometimes death rates are very high. And that also cost me 2 games...",4,1,1.2.44,2019-09-16 04:21:43,,
gp:AOqpTOHvT8VfTg02td3XZTpbmT3ox_QrmtVg37QDsufhT9R7rosRV2Zg832xtVmGKxgoiAVB8T-nBSNYUMO1-cI,Oscar Carrasco,https://play-lh.googleusercontent.com/-GMVR7_AsBdU/AAAAAAAAAAI/AAAAAAAAAAA/AMZuuckUOeLQVERgapJ4Pyq82HRadIjuoA/photo.jpg,I think when your heir reaches the age of marriage i think you should have the option of giving them your stuff,5,1,1.2.43,2019-09-14 17:52:04,,
gp:AOqpTOGt7RP1n0XiTs7kfecJfgjLPMhxkSXVYkBYRvjvwhowCRET7OufTWk8Sad0pOZCMMcVUzEsYuxOVf3WTR0,Geramie Laporte,https://play-lh.googleusercontent.com/a-/AOh14GiBbBoyNAGOH9eaRei7-Znxf1KhOABOiFCvvLTD,"I love this game. However, id love for some unique events to trigger. Like a murder in the family, assassination, war. And maybe in the future, have some interface for the Senate. This game has unlimited potential and maybe I'm thinking of CK2 but I see where this game can go. Also still glitches.",4,4,1.2.40,2019-09-03 09:01:19,,
gp:AOqpTOE1IBbIf7snfnavvs8wkR8b53W1ZPQnuXzmvNAG7sPbOXLOIwnAj9mkVPnsKHoRxClaP2RqTLHWuf154Js,HighAF 175,https://play-lh.googleusercontent.com/a-/AOh14GiRmLcAH5qMhpOtVhDUR7SYZJEzlyl7AKIUnqjO,After the update I can't even play anymore. It's just a blank white screen when I open the app.,1,1,1.2.40,2019-09-01 23:43:35,"Really sorry this happened, an older version had a bugged out burning Insule event which caused game data to be corrupted & the game to crash after a while. It should work filne if you upgrade to v1.2.40  & clear all app data, please email us at rome@thestartupengine.net in case it doesn't resolve it for you. Thank you very much for your patronage",2019-09-01 23:52:35
gp:AOqpTOGnJk48BZXXmgA5eIY2jqOVTthzUHgfoXRZmyU8Po1YYBCd2oNQmNDhMGJUUIPNGNqbtSlQBh6aAjX4SNQ,Alex Stinson,https://play-lh.googleusercontent.com/a-/AOh14Ggkm2ydMhJqH-CpNJraKFsOM_cbj-cFzqnkyJA8Xg,Disappointing and limited game for the price,2,0,,2019-09-01 18:14:42,,
gp:AOqpTOGAWttupCzsZ28Z29RzBqOvVmjMB4FMI3JvXRlT-IUfsgpqm6ZtWrh64lRZXNvIwsvHZ3Bk2WY3Ei62gmo,I have a name,https://play-lh.googleusercontent.com/a-/AOh14GiFOJIzKDtGj53hWpdQhBp-rrz70vwA_o9VkpH5_A,"The game overall is very good and facilitates lots of imaginative thoughts, like any good RPG would. Developers are great and respond to you litrrally in a matter of hours. Thanks for the bug fix!",5,2,1.2.39,2019-08-26 09:00:53,"Really sorry for the bugged experience, we have just released a hotfix v1.2.40 for fixing the event. Thank you very much for your patronage and I'm really glad you're enjoying the game otherwise",2019-08-26 01:20:11
gp:AOqpTOEOWfwFVms2WDjri8bKMYJzmeBJWkhTFTkZb86obXCeiIpIc5zFyQ_CCx7D7zMtMIzlsWe-Q1zFUDPxVkw,Wer Wer,https://play-lh.googleusercontent.com/-UOsXyh0-oCI/AAAAAAAAAAI/AAAAAAAAAAA/AMZuucknYbOjHoIfVt0kofHGGU81tYvtMA/photo.jpg,"Great interesting game. I think as this current build, there is some balance issues on the progression of class. The total value of property is not proportional to the class, even if the kids graduate and contribute to the income. In one my game, I only had 8 low level farms yet I was on class 3 already. It really is hard to sustain with that amount given that for class 3, it is already expensive relative to amount of income. I think it will be more manageable if I am still on class 4.",4,2,1.2.37,2019-08-23 02:34:26,Thank you very much for your patronage and feedback. The class property requirement levels are set to match the historical levels Romans used. We are planning an update for better representing the household costs and to give players more control with options to choose to skimp on them at the cost of prestige/health and are open to ideas,2019-08-23 07:46:07
gp:AOqpTOEHl5Zi8aU8KZ1xcHmoqticE9Ci_PKMFRDhIAc-YlC0vFPYi0HihtMZJi1R6Md_VUxRrOppmWF6i6MK_cc,Luckiestof13,https://play-lh.googleusercontent.com/-Q4JiwX-OEu4/AAAAAAAAAAI/AAAAAAAAAAA/AMZuucmhuFrDL7gUynnavRs2xRXFUDiaSA/photo.jpg,Fun for the first hour. Not much to do for trading in game. Not much too do in game. You buy things to make revnue and raise your class level. When raising to another class not much really happens. You grind just to buy land and get in a higher class. Random events have effects with each month. Sacrifice livestock for better blessings and reputation. Growing a family can be hard at first since it eats revenue. But can't do much with family. Apprenticeship for different jobs. Ok game.,2,0,,2019-07-21 16:36:30,,
gp:AOqpTOEIwf6p8h3k_65TiPcbtoCYnPdMwHq50UY2yjY-wWyt5uUNp2_-iLyJKkg-1naXnsLiFs-Mxt3RZfL3vDM,Jacob A. Anderson,https://play-lh.googleusercontent.com/a-/AOh14Girs6vXDS6pcLLruUauWfpLAHWY65JQRr6WJZFh,"Enjoying the game a lot, only thing is I am curious why my household expenses keep growing so rapidly even though I am not gaining any new members. what are the household expenses connected to?",5,1,1.2.35,2019-07-20 01:24:36,"Thank you very much for your patronage and review. Household expenses rise as your children grow older and as you move up the social class ladder (it is a linear, per-person rise). They serve as an abstract representation of the living and luxury costs for the people in your household, please see https://rome.rangergo.net/on-household-expenses/",2019-07-20 01:30:43
gp:AOqpTOHtJ6rrNhDZ3t0BxNE1u5TjpngQL-dVGOadzOQXaxwiWPJgel8BG9twNkx8jwEHpkY6u4Z2XXR3yMM3AUg,Donnie Smith,https://play-lh.googleusercontent.com/-TwlAkXHCQUM/AAAAAAAAAAI/AAAAAAAAAAA/AMZuucm4u5_fWXlQ3KFKAow6glYKcIN1-A/photo.jpg,very repetitive,2,0,,2019-07-11 10:57:36,,
gp:AOqpTOGu0z2Qu12JGV9KptjErAF_7zXqcGp6A0e6pmGJS_ncrjo9hc7R_34VV_9FnQ1M3ZBdjx0EpXGDgmGLCic,Tony Raymond,https://play-lh.googleusercontent.com/a-/AOh14Gjk6Q7Z8mqniDPjHxt721KU3JjNjupzubp2k4K57Q,"Well done, a good start. Gets a little repetitive after a while, but I hope that more features, events and choices are added in the future.",4,1,1.2.35,2019-07-10 04:06:19,,
gp:AOqpTOEQp4xCZ9uciRHPJhRk1v8F9zoXK93yYOip0h0O3w1PpFiZ5nuXe3ndaYvK_aMRtFXr2Ghy65ESycOtegg,anthony tranquilli,https://play-lh.googleusercontent.com/-an7zIeO1Jiw/AAAAAAAAAAI/AAAAAAAAAAA/AMZuucme-x6909gJMKT1ViDOYIGOyiap3w/photo.jpg,"Very enjoyable game, i was however wondering if the developers were going to add war to the game in some way or form. After all, war is just as important as politics and religion were in ancient rome.",5,4,1.2.34,2019-07-04 16:16:10,,
gp:AOqpTOF3vijLfMfg58Xoh4Us0lkK1MzxzgynFqR8aun9CBOj8w4RZJ4JeJJU-sa__-J0leprTQsXYkDCItPYzS4,Sadneil,https://play-lh.googleusercontent.com/a-/AOh14GggUmQix7XC0Gbbeh7Vxh8TmNod1H29r9VQ8xPK-A,game was interesting for a bit but then just got stale and boring. there's not much to it just go by the months put your kids into apprenticeships and get education and then wait for you to die. fun for maybe an hour but not much longer,2,0,,2019-06-29 21:42:51,,
gp:AOqpTOHoTuATmuE7ab7nL9SBctJSGCLSF6EpcHwJlqoSGakwNhdfNvgYePY_0pzHZ9nAZ8gRIzz1HIKbLTQeZjk,Rook Cobalt,https://play-lh.googleusercontent.com/-wOEDx5JtR3Q/AAAAAAAAAAI/AAAAAAAAAAA/AMZuucmZd1U9V4yrDT7x-rnRyU7ZJUSF-w/photo.jpg,"While a quality strategy and simulation game, full of historical research, it needs some tweaks to truly be great. Your family's income randomly decreases with no explanation whatsoever. If there's a drought, fine, tell me and reduce the income of the farms accordingly. Embargo? Sure, reduce the profit of my ships. But there are no explanations, and I end up on a treadmill with invisible controls which are randomly adjusted up and down which really decreases the strategy and the fun.",3,3,1.2.31,2019-06-29 17:02:51,"Thank you for your patronage and for writing in. I am glad you're finding the game enjoyable overall. The fall in income is likely due to rising Household Expenses that go up as kids get older and you get richer & move up classes, please see http://rome.rangergo.net/on-household-expenses/ Please write to us at rome@thestartupengine.net Thank you!",2019-06-29 18:00:08
gp:AOqpTOFjAbn9kYFuFjYywK-F5hIXu5YG7eQHtsmKYM-n0KCLN1TY77gkC9Rc6iN62lEFortpkI4fw1Df53Scwrg,Cupcakes are life,https://play-lh.googleusercontent.com/a-/AOh14Gh99ssS_HjvvR6hY8_Gn_RdhqgdsHhVKepGnlWbQQ,"Great game, devs care a lot! Reported a bug, devs got back to me quickly and politely!",5,1,1.2.32,2019-06-29 03:52:05,Thank you very much for your patronage and your review. We will be removing the influence and prestige decay in easy mode on the next update. Could you please elaborate on how insane a rate it is - don't 2-3 festivals an year make up for the decay? You can email us at rome@thestartupengine.net to help us balance it better. Thank you!,2019-06-28 07:24:29
gp:AOqpTOGUz3IAT_iV4UwwehC_XNmvPsuWK8tthVgAdKitgNiyd05bNSkS8Ng82piASNPR89FxmgUB31X1RmkJs-M,Just a dude,https://play-lh.googleusercontent.com/a-/AOh14Gh45aSUDsg_qVmo2IR9VdQ6Rjk1jHhGFwXVYqkKLw,Gets boring fast. Please add more options.,3,0,,2019-06-24 14:15:03,,
gp:AOqpTOE_RdoNVrWQG_eUuy_3dM_hZ3qZVZaltp6aUEiPgplJrKQv9oDTYERjljhgDpZ97lKDahjYu53p2LHOu3A,Hailee Taranta,https://play-lh.googleusercontent.com/a-/AOh14GhYgMWnlov5XqNn2pAiBgO_D-cQ2VwgYDW5klou9Q,"Super fun! Totally worth the $4, right up my alley. Can't wait to watch it develop, I'll be playing this for a long while :D",5,1,1.2.30,2019-06-23 12:07:33,,
gp:AOqpTOHf2pHU2v8J3KzMIhri_zsrerNtvDB9kc80P3QF6hqx9kLiY8AXbcf9cC1qVSkjTjOGYv6J_NZxWQ3xQ5U,Mr Fox,https://play-lh.googleusercontent.com/a-/AOh14GgzYyQNxNXVlUKx5gMbj87b252kkKChqwwjvo1nNQ,"A really interesting game that kept me entertained for a good hour trying to learn all the little history lessons packed into this simple game. Worth the $5, honestly. The photos show exactly what youi should expect.",5,3,1.2.30,2019-06-21 09:00:15,,
gp:AOqpTOFCyoxrnxtiIP3SpW45K0UC3zwY9uT6AOkg_r51F-s9SqOSLfejrFNIGOZu5uReA7BpXaUhLJbEp4l7V5M,Lint,https://play-lh.googleusercontent.com/a-/AOh14GisM0kNQwLhYTe-wpkPktPtVAoQCcZWPF2GAn6p0Q,It's all fine and dandy until your second son's wife births 6 children.,4,2,1.2.28,2019-06-21 07:29:55,,
gp:AOqpTOGmZjKfO0YF9MOOB-gaLzG2W_a66VwW2ACn9BLiux99lTkLMV2GlZvbmIZrA1VA4l4b5ep4WMkGpjTdeRs,Tayson O'Hara,https://play-lh.googleusercontent.com/-NS9l50bIARU/AAAAAAAAAAI/AAAAAAAAYyE/AMZuucniRXeUNpVYascVii-tuO4Hn9EMkA/photo.jpg,This game is very fun. Can get boring once you reach Senate class as its all about winning elections. Perhaps the developers can expand the election mechanics?,4,4,1.2.30,2019-06-20 15:17:03,,
gp:AOqpTOE_0AOhBmkRGWVMHX-B9kRbf3KleXUjCDh5w6UVSFIQdgvgznS-AfJgTa1T8zKEUfVe-uokc1D30Tbxe-U,Fabian Mier,https://play-lh.googleusercontent.com/a-/AOh14GhICtqEi7Z7BfrcwPChU_3lNXtekwAgma2V4zTcxA,"I enjoy this game considerably. I've only managed to get to the rank of Equites (I think they're called), and it's intriguing how some of my runs go considerably worse than others. Meanwhile, some times I'll run a surplus of 150 each month for a year, and it makes victory much more rewarding. My biggest criticism is the uncontrolled births. Unfortunately, Household costs make it extremely difficult at a certain stage. I also want to be able to choose which child I become.",5,6,1.2.28,2019-06-19 13:19:39,,
gp:AOqpTOEDg94cLggqAnlHbncmv4HhETi9L--RGnMF7hP9V66S_AvmeBycjkQi2l8Mnm1EfOuGuMKWUNRvtlTjRXY,Brad Le,https://play-lh.googleusercontent.com/-un85qKIWbFU/AAAAAAAAAAI/AAAAAAAAAAA/AMZuuclG8o0r0KJ-4SZvHAlVXmgUvUPdSQ/photo.jpg,"Fun while rising. Very punitive on the fall. The biggest annoyance is that the game encourages you to have your children marry young. Younger married children means too many kids to the point where it is unmanageable. The game heavily taxes you while your kids are unmarried, and more kids mean less inheritance it is a really punishing game. The game should reduce the consequences of unmarried kids, choose which kids gets the inheritance, or be able to adopt kids, or increase property benefits.",3,4,1.2.28,2019-06-18 10:07:03,,
gp:AOqpTOGaMI3Eivo7tNU5acJJMy3kTaLiSx6fSpO-QlFE4tdQxmXNb9M2zPZoN_cLIl91S4QDv4fpYQB4uG5fZ-A,Matt Rounds,https://play-lh.googleusercontent.com/-ESr77-Fr7xI/AAAAAAAAAAI/AAAAAAAAAAA/AMZuuclNFV6QGT3L8fxrBWBQWCEEEW1VVQ/photo.jpg,good game needs more content,5,1,,2019-06-17 20:13:47,,
gp:AOqpTOEk8etLfk7cEs_oAkHuVdXfrX2_0IekAiw7Sw-H8eS5Bv-9UcJrcefLyZ_yB9gWqF53-2CSTI9w3VJw9C0,connor loss,https://play-lh.googleusercontent.com/-51L8JO2X2qU/AAAAAAAAAAI/AAAAAAAAAAA/AMZuucn6uLGSea-cDqRABgnnkuEJJObgkw/photo.jpg,"so I jut bought this yesterday, and I love it. played it for 5 hours straight without noticing. I will say the balancing is humbling however challenging. it's not hard to catch on to the game, however one bit of criticism. it seems that the interface for clicking the icons below the characters, doesn't actually show anything, not what it is or how it helps, etc.",5,6,1.2.28,2019-06-16 17:22:23,,
gp:AOqpTOGOXmGkVgTCBiRvwxwtAhZ1yRwV-VQAy8AijxettQzSaKkz5xMu2IvFXYzzrkSR-i2HYGBbaviaN-cocro,sean brousseau,https://play-lh.googleusercontent.com/-XaXBWtFDQRI/AAAAAAAAAAI/AAAAAAAAAAA/AMZuucmCsfSnP05g51-OJl2GB_50Vbcqcg/photo.jpg,Simple setup with a good amount to depth. I really hope there is more to come.,5,1,1.2.28,2019-06-14 14:10:18,,
gp:AOqpTOE2k5O0iJ_UCuqeM_P13XWcrb8Jl6Wy30vi8m63vsNX4IcVHN3nXOm-3TS4_TefqCfKIkJe7ao1JEa5W38,Bastien Belhomme,https://play-lh.googleusercontent.com/-uJU-6MCNwks/AAAAAAAAAAI/AAAAAAAAAAA/AMZuuckQF_gW3MplUbHcpN249K5uPMU9fQ/photo.jpg,Any good guides out there? Advices? Forums where I can ask: What is the fastest way to make money? If I'm old is it worth sending my second son to school? *or questions like these,5,1,1.2.28,2019-06-11 18:26:05,"You can ask on the official Reddit - https://www.reddit.com/r/CitizenOfRome . We may introduce either a Wiki or a standalone forum if players are keen on it. See also: https://steamcommunity.com/app/1063790/discussions/
Thank you very much for your patronage and support!",2019-06-15 06:28:14
gp:AOqpTOGuWks3XKGUylOB9tFEgH2sZYj1vmkPf7gPygREIykaVMeaCklMtFEiwiTgXAmCzAvgXrU3Y6ix1JJkeqM,Travis Dobbs,https://play-lh.googleusercontent.com/a-/AOh14GhCt2DB5CV1xhpNCUTI1A0-rz95VWW_ibVhyDbKTg,"Love it but... i really wish you had a diffaculty setting. i love how it is, but one bad year, your main guy dies, making you lose instantly 75%. i had a guy at class 1 with 11k in property, he died and his sons took everything, leaving the first born in finicial ruin as i am now losing 45$ with no way of paying it off but selling everything, losing education and going down to the lowest class. please find a way to balance this major flaw.",4,2,1.2.28,2019-06-11 14:14:20,,
gp:AOqpTOHzuBSGG63ikZQ7vxNIIgiB-DF0iBh5L4G1we0oieT6tHKOowr7NQkCTm7US4XvE7qxEVA2YaHNom4xDBs,Bob Joe,https://play-lh.googleusercontent.com/-hrc0Uk3ALUs/AAAAAAAAAAI/AAAAAAAAAAA/AMZuuck4b6eG30U57HTJYWAClvY0AbC02w/photo.jpg,"Really good game, love the roman history but I would love to see a bit more actual politics, such as enactments and/or laws etc and the ability to choose the next paterfamilias because sometimes your firstborn son has terrible stats. Nevertheless, it is an overall a great game and well-executed product of a great idea.",4,9,1.2.28,2019-06-07 13:29:39,,
gp:AOqpTOEcMEp2z5MbDdNOiCshwOSHFEYuDxDHBbGIZadJh9hshIfTjA0WCUSSQUylc8iCse3L4HLNpzHstHXx6nE,Jacob Cimmer,https://play-lh.googleusercontent.com/a-/AOh14GiSuK1sS2gtKVZJAkBlIRVg-LnbUI3LbijcOP9cGw,"So far I really enjoy this game, but I think that it would really be cool if you could choose child takes over as patriarch when the family patriarch dies, also i think that it would be really cool if you could play through on a gameplay with cheats. Thank you for all the hard work that you put into making this game so, so very great!",5,13,1.2.28,2019-06-04 23:30:32,,
gp:AOqpTOFFndS89Olhh0IltUk7vCYsv--n4Pgp2uqFObnu26LhoMxjREA-ul9QqkvY88K0bEi_LslgFyVxBMuGmAc,Miguel Suarez-solis,https://play-lh.googleusercontent.com/-bQU5WqhB9U4/AAAAAAAAAAI/AAAAAAAAAAA/AMZuucmbz-ClJiC07aEu95fO-fIrTYB4cg/photo.jpg,pretty fun.. would like to see a divorce ability maybe it would cost influence to get one. this way you can have more kids with a younger wife,4,2,1.2.28,2019-06-04 14:39:24,,
gp:AOqpTOEwUFWlZMHtIweq3zWwohpOwgdpUaA4SPk_FSu08fZe_q3JVtRJPlJAbuaxPksVoOnYzsiTHIx7c7779M4,T Lee,https://play-lh.googleusercontent.com/-QqIcCQZu5Sc/AAAAAAAAAAI/AAAAAAAAAAA/AMZuuclUJpWMX7wuUag97LjPbnWOjs5o6w/photo.jpg,Not really much to this game. The event trivia is interesting but after that events are pretty much worthless. They offer only tiny amounts of influence that you lose shortly after. Influence is a worthless commodity since you always lose it faster than you gain it. As cost of living goes through the ceiling you wind up skipping festivals altogether. Mostly you just live poor and plummet down the social ladder.,2,16,1.2.28,2019-06-02 20:13:19,Thank you for your support and for writing in. Sorry you've had a difficult run. Our aim is to keep the game challenging and engaging but not punitive. I understand falling down classes can be rough but you bounce back quickly as children start working and get married. We're continuing to rebalance - Please see http://tiny.cc/svcp7y and email us,2019-06-02 21:27:28
gp:AOqpTOE4mUov-QfjrIrCCdwuMacYyAUN6lTsVALQ9JyraFRX7qxT9l8rEG374PXY-3s2nr0H01RXNk_Lga7l6Xk,Sareth Metzler,https://play-lh.googleusercontent.com/-dAXKBKIjUg4/AAAAAAAAAAI/AAAAAAAAAAA/AMZuucnGQO8DArIlGjRdh-dgCQa0lUovpg/photo.jpg,"Neat little time killer. could use more events and different ones. Maybe Controls sometimes sluggish. (e.g. can't click ""next month"" when the are character-related pop-ups, can still scroll background view when an event pops up, etc.). also, seem to have hit the pinnacle very quickly... 1m+/month income, 2m prestige, 3m influence, all my male characters have been consuls multiple times ... what's left to do?",4,3,1.2.20,2019-05-18 02:51:51,"Thank you very much for your support and input, I am glad you find the game enjoyable. In the latest update we have balanced the economics so that this racing up classes doesn't happen as easily. We are also working on more content at the Senate level The issue where the background scrolls instead of the event pop up should be fixed as well Thanks!",2019-05-20 22:27:15
gp:AOqpTOGA9qyH2Iz0uBFJKXh4JLZSafrDcsRtlyuYQt4paXZn9ZistqBzeVzWuGMbfC4kyuLH1RlmHJorNYtrYUE,Viv F,https://play-lh.googleusercontent.com/-0EmFFG0kRx0/AAAAAAAAAAI/AAAAAAAAAAA/AMZuucndI6uhoSGjkeIm363UUWCEVwP-tw/photo.jpg,"hope to see more events and stuff, still wish dead members would go to the bottom of their appropriate family section but it definitely isnt a deal breaker, lol.",5,6,1.2.18,2019-04-06 03:15:44,"Glad you are enjoying it! Thank you very much for your support and input. We are looking into either making the automatic scroll to characters a setting or have small tappable icons pop up and fade out on the bottom right that will scroll you to the character with a new action available, so that the family tree is easier to navigate.",2019-04-06 04:01:24
gp:AOqpTOGy-roFTlgKUkcrSzVEuw9JlH32ooj7X1eRzGav1_13Qw_LT6NSCSk47g5g26dxjTOXw1Xy4yFV-TUrKvk,Winston Moses,https://play-lh.googleusercontent.com/a-/AOh14GgsVkXTf5DPeyNbW-2aoeHsD9FB3PVTprJPhVuo9A,"Amazing game, love Roman history and this is a nice way to learn new things! Keep up the amazing work",5,3,1.2.18,2019-04-02 19:28:41,Thank you very much! We're glad you're enjoying it :),2019-04-02 20:13:01
gp:AOqpTOFptzor7vZoCsiaIdI9QhN5cSqSWcfrILc2-b8gs1iNC885LZADKJzU8DQzq2FWMMWC2eg188DzY8ZV7Zo,Ivan Gonzalez,https://play-lh.googleusercontent.com/a-/AOh14GgJUcwORZzTK-SOwRS0HG2Hcf6JmqxmwrPbZU0o,Very fun and addicting game! I would love a dark mode though.,5,3,1.2.10,2019-02-17 10:44:47,"Update: We now have a Dark Mode, you can enable it on the Settings screen on the latest version, thank you for your input
----
Glad you are enjoying it, and thank you for the input, we will definitely look into adding a Dark Mode",2019-03-07 05:38:25
gp:AOqpTOHnrW8vz62YrhsyMwX_Mf_-CLYZZwCi-OUQ9cjl28iAcM2etihyjc5xJH4XA2OVjpp14K9awiv_ufWAUHE,Ramya Vad,https://play-lh.googleusercontent.com/a-/AOh14Gh0p305h2GgpdFGM-95QinZZnAPSWExdbu_PrJLbQ,What a fantastic game.,5,2,1.0.2,2018-12-30 21:53:12,"Glad you're enjoying it, thank you!",2018-12-31 02:46:59
