reviewId,userName,userImage,content,score,thumbsUpCount,reviewCreatedVersion,at,replyContent,repliedAt
gp:AOqpTOEAr4hKwPHbB8rQUI48QNpth9XPZIpf7h314WzkvBs9jZLGcaN3MKdJ4RQXJqWc76a7VrxBpsGBF8hQeBw,Tristan-Lee Mc-Ra,https://play-lh.googleusercontent.com/-oBsjAFem7Ds/AAAAAAAAAAI/AAAAAAAAAAA/AMZuucne7vrWTP1eHpOr4ZIdR23lUcR-sA/photo.jpg,"App too old, the touch screen isnt working properly on my galaxy s 20",2,3,2.0.2,2020-09-16 13:39:35,,
gp:AOqpTOEmiY13N4AMpbjSbXj1zKxxdHWNMy_ULRfKoQ0afhu8s7MMeicyoeyapioR2KWVxEb9MsWsWMhf7x6UajE,Mirza Karahasan,https://play-lh.googleusercontent.com/-go5fMVT9Vo8/AAAAAAAAAAI/AAAAAAAAAAA/AMZuucnGxgbPCCilVc-HMgheuAQLMXSSmQ/photo.jpg,Their new games are a disappointment but these old ones are still awesome,5,0,,2020-08-07 07:43:02,,
gp:AOqpTOE9x5rgAYjfsi0Td0TnpOKIuZbDR7hWTg9O9bhgISbOMtLxjz4BxIBpFyGDilt6vjXCYsMhX7gKhEkmRM0,Richard Remer,https://play-lh.googleusercontent.com/a-/AOh14Ghe4n2HmkqpWWxpW1mJB2qZ4Wb7idlP7RPIbHJufA,Construction workers aren't doing anything. They walk to get stone then they walk back. They have stopped building anything. No explanation.,2,0,2.0.2,2020-05-27 23:43:34,,
gp:AOqpTOGwiLybwj9SEINPFzMd-UAPnZS72F7skoUX_vi2Kfc02_lXhhqxj9UjVGp6zxTf0S5GbXMG3FM1Fk8ZeC0,Karol Kozlowski,https://play-lh.googleusercontent.com/-oagnyGOXpwg/AAAAAAAAAAI/AAAAAAAAAAA/AMZuuckwCQB-EZZcYsJJzAhT-vUgjKgbCg/photo.jpg,"I love Kairosoft games, and I love how different each of their games are. Pyraplex is another attempt to differentiate itself from the mold, and sadly, is not the outcome doesn't create very satisfying game mechanics. You have to juggle between having a high amount of buildings to complete tasks and keeping your building pyramid-shaped. Sounds pretty interesting on paper, but construction is so slow-paced that it interferes with your planning. Overall, it's ok, but far from. their best title.",3,15,2.0.2,2019-07-21 20:33:17,,
gp:AOqpTOFlvlSN3Z03PygUDgb3wNBAYAWiT4V-5x2Q6r7KKY1OMzzEbJ8jm4bLWt739L6ME7BjrIAPueEHJkag2c8,Harley Fullerton-smith,https://play-lh.googleusercontent.com/a-/AOh14Ghra2p7UpsS0pqve0N3wzfF4A7YJSfWjU1kKfku37E,paid for this cause I got hooked in the lite version.. games amazing BUT if I pay for a game I dont want advertisements,3,10,2.0.2,2019-07-08 07:59:59,,
gp:AOqpTOGKk2mpksyeNx4UeA92uiRNVfFbYMd7cf2aJTlIXi-LjcyFQbadCAULlglU4sZuHj0ysHQ2vgYxU9Pm9UI,Jaydin Rosenberg,https://play-lh.googleusercontent.com/-wtjQwZxNPG4/AAAAAAAAAAI/AAAAAAAAAAA/AMZuucmSh8wP5agBdcJaIlfYPsjmdwjAPw/photo.jpg,great game,5,0,2.0.2,2019-07-06 11:37:35,,
gp:AOqpTOG-rzpQX9xH8Z-B-J_8WxNK4Kn-hE-6GF7Vr-FZWhJIAfHLeWH4gjbA-hBqBtqGu7d7M6nCBm8LxzyAwZM,DefCon Heavy,https://play-lh.googleusercontent.com/a-/AOh14GjvQWLkJoPaZGqpRAwUD_0gnafLB2F3A3MzzqwkVQ,"unable to play the game wont start sys it cant save , does not have acess to its save folder?",1,1,2.0.2,2019-06-23 20:01:08,,
gp:AOqpTOHViEt5-xX-WL6HI6DllSm9Q8oDKbZvl_rnMyCqN92FA1fInod6XFOufwnD-ucVOB7LuWpl2re_Hco37mI,Clarissa Ardinia,https://play-lh.googleusercontent.com/-jVNCGxLadfk/AAAAAAAAAAI/AAAAAAAAAAA/AMZuuckAI_BPqbEgkyANZ78dKfoKDx2liA/photo.jpg,great game,5,0,,2019-05-30 01:47:02,,
gp:AOqpTOHkWtQNeaGHaQDuSJfCEC931Zd3Wzxfv6KPLSccxgQfkuwZrtxhP1G41qH9CEYoEmWGrL2OEBY7ZvCTOLc,Lehla Quartz,https://play-lh.googleusercontent.com/a-/AOh14GjkUDhSB8vn5EAHpNeWJaCBNEVwxWcVgKuG2rpyug,"It's easy to learn and get into. My only complaint is that despite this game being centered around Egypt, there's not a single brown or tan person in it. These people are as pale as can be. Other than that the game is addicting and cute with endless combos.",4,34,2.0.2,2019-05-07 15:07:53,,
gp:AOqpTOF-Az23L6Yak7vjvanMhYTkJlvo3yOmUuzCKrNtxJgmuT9lDGpZZF7qrW4NO38mhyp8LxLyFJF-Sp15zAY,Jie Ying Song,https://play-lh.googleusercontent.com/a-/AOh14GivnC7ga9UpyN6YIQKR2eSSgUhtG8pT3-_-upl_Xg,awesome game. Except theres a problem. You vant shift shops over if the amenity was placed there before.,5,1,2.0.2,2018-12-17 21:19:50,,
gp:AOqpTOG09fczlGrWt4HurUhxxTx1nS7i_5y6tnRexnEMSckDNf6JWKSax_lNv1gp44PPWic28tBhr6b0lMAPqK4,Christabel Pankhurst,https://play-lh.googleusercontent.com/a-/AOh14Ggsoz9F2uElDwb0BK96V6sIfMV9yFmj7joWzrAU,I'm a big fan of kairosoft and downloaded this games ages ago but I'm here putting it on my phone again for the third time because it's so cute and so fun.,5,10,2.0.2,2018-10-18 19:11:03,,
gp:AOqpTOEhZ4CFBUnJjTNxTYlMIq5iIeSRrQOGyFiYndfwFV1sjh4SmTvq5vEHdVmD8i8oGuG2FyGi7y5LnY9fOGo,Blake Adkins,https://play-lh.googleusercontent.com/a-/AOh14GgzY31lUApo9z40RCt281fpSAzjw7fNYSpH5AIEkA,Needs more building space,5,2,2.0.2,2018-09-08 08:15:19,,
gp:AOqpTOE4p0TTPDoawErTm2iKsLACYVsv3vp29rRRbJYjIkihX0v5Iams1BscEVpZTuW3bI2GM8-hbCHGrSRMR1Q,Stephanie Rhoden,https://play-lh.googleusercontent.com/a-/AOh14GgTcxA66JzIh5RdYYI_JyufR2C9ymlum1cs-xqygq8,"Fun game. You have to be able to plan with limited space. Only thing, the 
controls are far too close to the scrolling button so tasks often get 
switched without you even realizing",5,5,2.0.2,2018-05-31 18:53:21,,
gp:AOqpTOFlaDBRBPsE4i3nRcZxxXTuazMY9mbRUEpVu-sEFYFLEOAEb7jsAXEuyzjgj6Fr67FcEaW0bEUnujCuvQY,Devstorm,https://play-lh.googleusercontent.com/a-/AOh14GiyVtLmIjRIWt9UGxHw8ghCVktt_MIfs7EK-hje,"As much as I love Kairosoft games, like this one, I am going to have to give it a much lower rating than I would like. The games do nothing for me when I get those authentication errors and cannot play them. So I will not be purchasing any more. None of my other games need me to try so many different methods just to get them to play and I am sooo tired of losing all my progress in my game just because I have ,ess than perfect internet.",3,3,1.0.9,2017-12-20 02:32:41,,
gp:AOqpTOGsFORh-IZ3VyAVmSLHGAR-tYFv_Fb3yW53bodAssO0UEDj35Aw_uDfvKgPgC4Os5voNXqF8cYATY7tkkU,Kayla Kellner,https://play-lh.googleusercontent.com/a-/AOh14GiSVUyqzLPXcwdk_2doEpzTQhslHht6l3iaGBsJdkw,it was good i loved it dont hate it,5,0,,2017-08-21 09:28:29,,
gp:AOqpTOEgZftgdPEZPU31xdO6KMs_VkVWUto-Fy7ZtcUbMsYuYv8ghDuZM9xB404q-9rDuV4Dd4DV7wUzTgHOKPI,Esmeralda Enslin,https://play-lh.googleusercontent.com/a-/AOh14GhVl7zGrzr0yx75I9uJSr_yQqQQmPQgHvZ1WBprsQ,I can not assign staff jobs... the arrows are missing. Please fix it,3,5,2.0.0,2017-03-11 21:14:06,,
gp:AOqpTOEqlAVJ9cRauNpDh-BXt9D14WEdtepMdLKR6qYXUTeJnkicRjcYjPUGnN8IzvTBZCH-JpAnPwnYxgtlZIk,Lucas Parsons,https://play-lh.googleusercontent.com/a-/AOh14Gj3RmVZkCr2ROa19r8VRJfQ9g5krcM8oT8f-BtTNg,Great game. You gotta be able to plan ahead and manage your limited space to play this one.,5,15,2.0.0,2017-02-16 19:26:53,,
gp:AOqpTOFPHpHqgRnJEPkvxLwLFOCJNhs0jBTFGQBFSZ6HRewZ9SQdgHW5qTa0x3s1-o5dLFCfwTIBRkyIFLECVrA,Nicky Rae,https://play-lh.googleusercontent.com/a-/AOh14GhtAmUF_H3DcLKr0pmYHIDuWcxG4mJFQowGQ6Q9,Fix it or give me my money back. The game doesn't even work.,1,15,2.0.0,2017-01-19 19:51:13,,
gp:AOqpTOG0V6m3HSNy-5iC_OL6QEE_AJTK32S3kC-V6RECefR6KNEOaBTdXZiwD2xgqzWQRqyMoB-o6ph3SR6jeRA,Alertz Masamune,https://play-lh.googleusercontent.com/a-/AOh14Gg-VUQgkQnhg9eqnzsm6b-7ssA-hT94gifu4mUIkQ,Heart points bug if you select the same tourist it will say something but it will decrease your heart 20,4,0,1.0.9,2016-06-30 08:19:21,,
gp:AOqpTOEAmdYx5Qp_pm00x5hM9CyykUjMuqzVRqQLAVhY9jiALE_h_DbxAeqmHFNlLAidIT-wAiYxXcEomXdxI0c,Levi H,https://play-lh.googleusercontent.com/a-/AOh14GhGQcHuBaDitYlmLAjdL_Oqhy261lEGFXdT5Hv3,I can't scroll up at all suddenly. I sloped my pyramid and when I was about to place my capstone on top it decided I can't scroll up. Would be 5 stars if I could build on the top layers again.,3,0,,2016-05-04 18:28:08,,
gp:AOqpTOGiZE6Vltf7ezfQHsRu_3nHvSLxcW74mP1gOWpKMYXd1KeEeUI5HLajR4D12CwcoHMwqxiG8o5XormEJ4E,Sarah Thorn,https://play-lh.googleusercontent.com/-ODJliAOI76w/AAAAAAAAAAI/AAAAAAAAAAA/AMZuuckMP99be4A76-o2845ojTelpZn01Q/photo.jpg,Love it!,5,0,1.0.9,2016-04-30 12:50:02,,
gp:AOqpTOEvf84kuXRZ1u4B4DR4QlgQ5kqGfoZUAuwSsVKgABLTrRf6o3tJGinji_h7KA8ZOBFi7K6Bu9v2lmZIJZ8,Jacob Bourdet,https://play-lh.googleusercontent.com/a-/AOh14GgdHEuRj_6Fh8D8FX3_SildLNv8qhn2NpZjEHkbEw,This is a great game to pass the time,5,1,1.0.9,2016-03-27 03:03:21,,
gp:AOqpTOGoXJFQVHbZvStfTjYPWot2QaISEUVFlFqHk75BQB9nUmnBkrowfUTScmgbAHekdeUmQRoku3ZiEKEM6gs,stinky boy,https://play-lh.googleusercontent.com/a-/AOh14Gi6xnT1sXGra0Tt58tzw1hN6H_1bP13huq9I_hlbis,"Not kidding, it gets REALLY boring in like 5 mins",3,0,,2016-02-22 16:28:04,,
gp:AOqpTOFl5HBOVk1OKQF_cggf7G6mDteRkKr9TqYIdEUmub5EcNGvtN-6xyRFXigsHTIL5YRYhpfAfpWkcXXmnTY,Allan Binns,https://play-lh.googleusercontent.com/-GhRe5RYoaC8/AAAAAAAAAAI/AAAAAAAAAAA/AMZuuclB7UWjW7AjafMC2TZuSyGXr7UL0w/photo.jpg,"why does it persist on piling snake upon snake when I keep getting rid of them one goes nd within 1 minute another appears nd I have to use all my hearts, isn't this cheating Kairosoft?",3,13,1.0.9,2016-01-10 06:15:10,,
gp:AOqpTOFV_0--LfkxmnotQPGk2FehQkeswJiXx1WOm54aBw8CUmLEremi-oa-wdjkKk3hE2gc8nSQvV7Yl2iHQoE,Saffron Tart,https://play-lh.googleusercontent.com/-JexXJ1SjtM4/AAAAAAAAAAI/AAAAAAAAAAA/AMZuucnZkeKBT4GV2g9upyupIKq9Vl6QQQ/photo.jpg,Some people at the stone place is walking in circles and there stuck. Please fix!,4,2,1.0.9,2015-11-20 09:20:57,,
gp:AOqpTOFUGx6rFerIW9sDVjhks3XZKZ2k12_75M6SRlg76nlMcgIYova8s8_ZZw1r9sj1IEzA1YdhEfnXdTE6sj4,vonn,https://play-lh.googleusercontent.com/a-/AOh14GgAyvfKVUMsiUSBfJNxUrolwdv14GAISkvruKzaVpI,Every time I try to play it it kicks me off I want a refund!,2,2,1.0.9,2015-11-11 14:02:03,,
gp:AOqpTOH0xq1ZqsflNvO2j-QPWZsU0xuW57XGKyCJjuUuEvp55qgPe_vmsYmIXRoKraYwL94eX9BzW414wbVyhbw,Sharon Walker,https://play-lh.googleusercontent.com/a-/AOh14Gg2LexUAVQx8i6s6tnz4-VrUWpL-f8Cl8yHs00aFQ,Keep up the good work all your games are great ! Keeps myself and the rest of my family happy for hours so thanks from all 10 of us !,5,1,1.0.9,2015-06-23 02:42:22,,
gp:AOqpTOGlz51OufBKNItJF2tgC4s8fBzXVFOcsnHiPEpVnIVJIQjkCvd-gHnIu_-oal_WJ5VBr8kOidv3tXEIo58,Josyut,https://play-lh.googleusercontent.com/a-/AOh14Ghs2BwDicQfzD3BiyaRZYRNpr78qH27Obgz7DUIHw,I like the many special offer of play this gives worth £2.99 ! :),5,1,1.0.9,2015-05-31 05:05:15,,
gp:AOqpTOEZVH9T3CbuTk128yd1kpPZWiQ0tlgcGBZDDiLeGQVCoZdtZYvkaE8PYWE20vbVrh22-_yOI752Us8E3EY,Alex Juchna,https://play-lh.googleusercontent.com/a-/AOh14GgckGvxTOgLverUHad-LkTe0YRERqrMaH3XFUZy,Like sim tower,5,1,1.0.9,2015-05-28 23:40:24,,
gp:AOqpTOHw1EFz3t4Ibn4dJ67FoHUYC1jbwWrKrpmvCvjVtVylbh-oVYIK4ByDzfuaDRUeFeA-IQv5ZGRUJPlyTa8,C Davis,https://play-lh.googleusercontent.com/-QMGs30bW8fE/AAAAAAAAAAI/AAAAAAAAAAA/AMZuucmX1KhP-vWTJV68JMusfqyvffn8ug/photo.jpg,"I adore this game! Another reviewer had it right when they said it's Sims meets Pharaoh in a great, pixel way!       My only issue is that I want to start fresh, and short of uninstalling and re-installing the game, I can't find a way to delete the save files. :/ A lack of a ""New Game"" button, but really, that's a minor ding on a beautiful game. :D",4,15,1.0.9,2015-05-23 02:14:56,,
gp:AOqpTOEhzaWq4xB3zKTa7HzLuJPATVcUBri8O6t_4s0lLEDAIis8e5YjSlfGjwwiuC7cvfaYscq7l9kl1lo263c,KS Chong,https://play-lh.googleusercontent.com/a-/AOh14GhmNgbAG69OjqH_OUh9aGINFuHcAMXtFU2knye-0Q,"I guess you are finished, kairosoft.",5,2,1.0.9,2015-01-29 19:53:48,,
gp:AOqpTOEto5oUWrmOTQNwrIb41IgmzO6QdwJ64t14pa8ns7XZyd0zxdVWjVTRdDunAUf5eFehxgHkLJ_vFz95fmM,Initial K,https://play-lh.googleusercontent.com/a-/AOh14GgAhRrOOtgdfcQGuO4qB2smOQDMN8VadgifDju1,Kairosoft should have its own rating system. And some way to pacify wife every time they release a new game...,5,32,1.0.9,2015-01-04 14:11:54,,
gp:AOqpTOFDiOxuZHbw3fduqIvqQoLXexiEUavZ1tua5UJp3DQaEY72RyXhy4TXxnCdG1BkO6zX1tAEqjz50j9FJus,Douglas,https://play-lh.googleusercontent.com/a-/AOh14GidV7fufu-U_IxfVf0ff-w39KgNZWRmM8agoPDj,"So much fun, burn time like a mutha",5,1,1.0.9,2014-12-23 08:42:47,,
gp:AOqpTOGAx68t-ZW4JJoO2hx947dVk2LP-Au8GQQ0H0scXQdLgpz-xRZC8DZR9ktEh7qw8G2RIRx7k4Is9BVZcT4,zehao cheng,https://play-lh.googleusercontent.com/a-/AOh14GhLev50517KQN3E1MCbnopdTN7mi3l2rUGPEs3X,"Fun game, but the problem is you cannot use your cash. Hearts are more important then the money, where by it has become a score keeper.",3,4,1.0.9,2014-11-22 06:05:42,,
gp:AOqpTOFIKidXUU3Q5an7q7Kv2IDgvuih7MlS5A2Texm8Pl2epuOk7lEcjZ7F5njejHp2zcKVWghKWwXKAzSbKqc,monika blackman,https://play-lh.googleusercontent.com/-dja11n656Yo/AAAAAAAAAAI/AAAAAAAAAAA/AMZuucl_g97Xa0ejMO0yNsBwR57BaFwB9A/photo.jpg,Gets repetitive but fun for a while,4,2,1.0.9,2014-10-01 20:13:16,,
gp:AOqpTOHJBqMdhz2f-c3LxkyQYiZVzu55B7Txf4C6Fqm3ftbjO5WgvJp3dehZpS5o9opF-vuScuevX1awzBkuO9E,Mitchell Thompson,https://play-lh.googleusercontent.com/a-/AOh14Gh28K140BWErBF85c-81PalBQ0nI1FHzk-FBNnbJw,Nice job. There aren't many mobile games that impress old school gamers like me.,5,32,1.0.9,2014-09-22 16:10:57,,
gp:AOqpTOG-tCdVqlFwzs3fy1FJDpt-qJoF_DUCWm2pAlfsZq92UvyjSO_w2biauzLZSbOFDZpLAZSBhsTSxGtWO2E,Mena,https://play-lh.googleusercontent.com/a-/AOh14Gh84i8c9A53BE1JVKekejn6kvOpsq11z7H1ZgtLfA,"I paid $5 for this game.... got to $14 million cash after playing for weeeeeeks.... n cant f*kn play now cuza an ""authentication error""? Last kairo game i buy if this isnt corrected ASAP! (I HAVE ALLLLLLL THE OTHERS! Waaay not smart ta alienate=lose good customers/fans...)",4,5,1.0.9,2014-09-21 04:56:21,,
gp:AOqpTOEBFMMmb4aRd3IEs_iw7NlVjeoTyUW4UsnvS4rBf2Y5tlLgybm0iQrZwTfu1jbfhRRG1vwOx_JomxGH1Bw,Andrew Wiggins,https://play-lh.googleusercontent.com/a-/AOh14Gjzst9KqlLubPKkS9Vp2_Vhqpr6dRb2L03NBUhwW5k,Cause kairosoft,5,2,1.0.9,2014-08-30 00:11:38,,
gp:AOqpTOGZmjQJqqBPdlLPJpGTUX4eCRCxblWcYnYKNUmO2_7aaC_69JvS1CWwBZPVo4fLzmkWk-saFce7KJdxBKw,Kami Wright,https://play-lh.googleusercontent.com/a-/AOh14Gjg2ydj4jxIUYzplJct8fVU7hW7PfkMSE0-1VVD,It's kairosoft.  Need I say more?,5,8,1.0.9,2014-08-27 21:17:47,,
gp:AOqpTOFEu689FZG5iUTv2xmV38cbMUQwdryq5RLMi-VvT82SJxJj9svbvVrh3OJv4206c-Gqvt6Ok2iA4Y-50xU,A Google user,https://play-lh.googleusercontent.com/EGemoI2NTXmTsBVtJqk8jxF9rh8ApRWfsIMQSt2uE4OcpQqbFu7f7NbTK05lx80nuSijCz7sc3a277R67g,&lt;3,5,2,1.0.9,2014-08-23 03:34:43,,
gp:AOqpTOHhndT7zousn-q_yevoAZ1Y3dlaxz7dBaJuD3WH_znx5q_C4usyPGNFbop-KzMG_1aDQ-XsEppvjbib1Jo,Eileen Tan,https://play-lh.googleusercontent.com/a-/AOh14GjWi8HMcqVjbHfRTcsOr4vcBcwSbY5Jo908sR9p,Simply loves Kairosoft!,5,0,,2014-08-17 21:14:54,,
gp:AOqpTOFfzdtqIVLdnSPALMjxWfU6QUhpgJcDd9jvyzembLpj7OXzGs-1ZbxdwcP3zfrGomfYhPnOsVL5B2_FAtk,Tul Vi,https://play-lh.googleusercontent.com/a-/AOh14GhxSZSX5klOh5KQp0l0nzujRGCNXZclxTQ2lLTQ1w,Didn't disappoint me! Great Game!,5,2,1.0.9,2014-07-22 15:21:12,,
gp:AOqpTOHbV1hXfqHLz9hJTwyWlDtay_ofC20QNc5-pWB1MZRRAFb3rii22lRK5Wk9lu5sPe5k-nwgnZjBSiQBr4U,Round Birb,https://play-lh.googleusercontent.com/a-/AOh14Ggb0uLglEqDEpIV-2keO8adLnu82GWSod7Mx9RR9g,:D,5,3,1.0.9,2014-06-29 15:44:39,,
gp:AOqpTOFihC_faprjqrhsUbxKe-kgBk8gTrGdOpZlgWtrqUueCl415-fJSOIVxUl8wA0ExyCPUcsC9T0kU-vlHOE,Momma Minerva,https://play-lh.googleusercontent.com/a-/AOh14GinmW_7v3K5YRiDl77eX5Mlj3Q0FpO8GMmaUbfK,"This Kairosoft title is adorable, but definitely lacks the depth they are so well-known for. The stamps get old by the third year, and there's nothing else to do. No replay value, as compared to the rest of their games.",4,2,1.0.8,2014-05-23 04:04:17,,
gp:AOqpTOE91JqxytLgdenPjsLWaceoVmCsWMZ4VHTRObPdOqyXs0ZmHylb0Aef_8zgZ81A609dsWj1haEiSyj4RiU,James Ferris,https://play-lh.googleusercontent.com/a-/AOh14Gh4YGGZtoIihOX46E53xW06hgOzIz8rFPxc9kwLVg,font alignment needs fixing everything else seems ok so far,5,3,1.0.8,2014-05-21 04:03:13,,
gp:AOqpTOHgjjFlx8TRUD1F59zrG0gtwA6lAuv7kfsYX4BwVLooe57AYrYQ3fVy_sMV8wP9bztjjp2bgV9IFTCFyBM,Phillip Nicewaner,https://play-lh.googleusercontent.com/a-/AOh14GgfxDePzEJ1e1oMqZ-e7PvfeudRLb8pLTuks7z-,"If this was made on Game Dev Story, it would've gotten 6s and 7s. It's good, but could be better.",3,0,,2014-05-05 05:00:40,,
gp:AOqpTOGZv3Fo3bxABv4dgffjeD6G3wlybAgHzStEEh7gVwbqi375aK3IdeZPGFHAWx1JJcVm9T9J4qEzraF1jcc,Kendra Hinther,https://play-lh.googleusercontent.com/-Seiu3_5dUsY/AAAAAAAAAAI/AAAAAAAAAAA/AMZuucmO66QpbmF67hlAQ0xuWnxqIBMrtw/photo.jpg,It is a fun little game. Different each time.,5,0,1.0.8,2014-04-29 08:02:58,,
gp:AOqpTOERhR9GSB1MIvHqexk6wP1tRum6Q8yMu0QZS6Cqq1c8y4qXRx_PE75GT_60pMof-P8iD40PnvP6nWJJPIU,93maxie,https://play-lh.googleusercontent.com/a-/AOh14GjH7QsQWRBCDRS2OlYLNhFK4IoadeB3lEA8JK68,This is a awesome game and Ill be recommending to anyone and everyone!,5,0,1.0.8,2014-04-04 17:25:21,,
gp:AOqpTOF4gj3zzaWlOgK80KWkism5h7rjgcuCovBBw81IVW7qVHqryD60-XuYKZvMuHeRuZkJwX-lAIVB4ZRoFgg,Shannon Reppucci,https://play-lh.googleusercontent.com/a-/AOh14Gg0zBdqzYzGmK6Vj3LO4TeRTeeOGI6dcP-jTojS,I have played other games by this company and I like them very much.  They are fun and they are not a game that you can beat and finish in a few days. Very addictive.,4,0,1.0.8,2014-01-11 19:53:12,,
gp:AOqpTOHBty79JhOmBewhWq9b5MvVs6hQIzlD2IpdyXBkCXTuWket6etVrv5eHz13-FYRNg0tPYJKIgJ2HZIfncU,Paul Hinds,https://play-lh.googleusercontent.com/a-/AOh14GjDt-Pi1s1VVoqG0ZwrdTBgh--9dnGrZ7OUoZzC,Awesome,5,0,1.0.8,2013-12-22 12:23:43,,
gp:AOqpTOHKZKCZIU-MX2sbgX8cJ5nkpXl9f3tlp3Ghgq9MWGNHcc4u-WzOVJ5A6u4eBIqBDfk2rUzivKBF4U0C0PE,Galen Snead,https://play-lh.googleusercontent.com/a-/AOh14GgumUc_wE1coR3P8scPd0KpBquuAhVkINDj4g8x,"Love kairosoft games, usually similar gameplay but they all make passing time fun!",4,0,1.0.8,2013-12-20 08:35:46,,
gp:AOqpTOFdFKoJOWKCAQefo2RHEjgrMuegiql1EamSj7VDpbFqdj3Zfrq51UDcxH04_PgrIfnCuXxFatyLZWCipkY,Rachel Grossgardt,https://play-lh.googleusercontent.com/-dYoCtOw2LtA/AAAAAAAAAAI/AAAAAAAAAAA/AMZuucnJEVSHXc0zPwYQC29mBA0wJXF-qw/photo.jpg,Ijust love the kairosoft games  I don't know why but it just keeps me so entertain I was super excited when I had discovered more games on my  new Samsung then  on my apple way better  quality,5,0,1.0.8,2013-12-17 09:40:27,,
gp:AOqpTOFq43iZvVv54Bx6RNDDfmTeXWBGTxXVVfGSor3SMxMIpJw3CPNZPoHgtyvxZtufS2YCA2OrGqsDrB0IWgg,Amy Crossfield,https://play-lh.googleusercontent.com/-ent7_361VfM/AAAAAAAAAAI/AAAAAAAAAAA/AMZuuclLHbbpUA7obGpKWl0UjvDL7ORsaA/photo.jpg,This game is too much like the mall story. Love Kairosoft games but my favorite so far has been Game Dev Story and Pocket Academy,3,5,1.0.8,2013-10-26 20:56:40,,
gp:AOqpTOHN37gO_0qu3gXfT2mfCATj7LXzJhCzfJiDCsKvV2WJEIG4z0554BPyE-SHBmQUhkhKOXmUBvCq0s-ncEA,Angelina Hovde,https://play-lh.googleusercontent.com/a-/AOh14GgOyrmoNYtWIJ550NVMIRILWTaH9OTblmGanzsfGw,Love it,5,0,1.0.8,2013-10-08 06:12:40,,
gp:AOqpTOFWke3a_WpT8xl-OGplIG8xjBdeqaUi6BapaB-0j2OPxFY28GmszVzU6GQEhko28RyP5b9aLawRDhymwMI,ZiK,https://play-lh.googleusercontent.com/a-/AOh14GgL-fDphohPrip0ZcOdnwmcULSuJhUNgZGd2eMaYA,I think that you guys should make an update and have it so that you can buy a larger area or a separate area for more pyraplex fun,5,4,1.0.8,2013-09-15 18:37:12,,
gp:AOqpTOEXZWV201zIczl70yG__5A6q21OkVFS7DplfSB8aS2W1awW067WHpMopIIXnImpbgVM-DaYseBo7MOOhaY,mary balazs,https://play-lh.googleusercontent.com/-1bWiALF1gBI/AAAAAAAAAAI/AAAAAAAAAAA/AMZuucl7h1TirU4iY2fout7Y1NUIrADrQw/photo.jpg,Love it,5,0,1.0.8,2013-09-11 20:25:08,,
gp:AOqpTOGLin7Rm4FVKkQkaS1vsB7qXWqS4MWzDmUK6DyfZ8rEd9Vey84KEV9YGL_mnAGPdYFaXawiKQ0S5TmLsBI,Angelo Luis Tancinco,https://play-lh.googleusercontent.com/a-/AOh14GjAcggN0CmNgA6ku7sTyCmOT7k5px3o-5HpDWRgsA,I like Egyptian History and I like the concept of using the pyramid as a mall. The gameplay is nice. The graphics is simple. This game eats up most of my free time and I love it.,5,1,1.0.8,2013-09-03 00:52:10,,
gp:AOqpTOENU0da-w1bk8hghmdJP18N9HaBs7tWVSxylbrlbGdw7w_ZYbPFXa7oVbIVfXkLxSrwhC9W6ZJEbXKFV94,Victor Pino,https://play-lh.googleusercontent.com/-Jf-4jw5OfSI/AAAAAAAAAAI/AAAAAAAAAAA/AMZuucldXav6zWCS5rzsmSav6fFkUQUL0A/photo.jpg,Same game as mega mall story,2,3,1.0.8,2013-07-24 19:12:00,,
gp:AOqpTOGPE64RGCtkdzaylD7uKVPStCVD7iSaRqvqbsePYC-UixA5_4sWCSeLyiIL_X0NfzeS5AogxzKMWapI6i8,Cody Rugari,https://play-lh.googleusercontent.com/-5xMx6CFicyA/AAAAAAAAAAI/AAAAAAAAAAA/AMZuuckFYeIANmpHkMyFvofGrogV8U0JCQ/photo.jpg,Just a great game all in all,5,0,1.0.6,2013-07-09 02:23:00,,
gp:AOqpTOEYugGSf5LNAS01MX30mG2YA1JsW3ruRAzwrnH9ZMYtSO7aabwws177QeHYSDnWMEbrgE13jyn8No-yYVM,Andrew Clark,https://play-lh.googleusercontent.com/a-/AOh14Gjk_YojbhnK2aKnWaVxcxjrL_yTO7kWH8Sx18izsQ,Etc,5,0,1.0.5,2013-05-21 18:43:23,,
gp:AOqpTOGI_HEYqobUtPgOy1xIjaVlkTxKlMUsFGPT2xVIQOW64musAwve5DGxixdH5y1TOSWHQw4JEx8PThvArcQ,Allan Binns,https://play-lh.googleusercontent.com/-O3fZOzQtotc/AAAAAAAAAAI/AAAAAAAAAAA/AMZuuckzH6ltvESVKch3Mj_FS9OHFyKnPg/photo.jpg,Love it played for hours,5,0,1.0.5,2013-05-12 02:41:37,,
gp:AOqpTOHWR3I_M2XBTuXVihSOQ5e3sNcU0A8mco8Dsx-0-1ekeoeFO2e9TfxegfFYpIGby6vOLT-00Z24kE1l3-U,Christian Vedsø,https://play-lh.googleusercontent.com/a-/AOh14GjYad19OBjpC-0EbazZ5gMEgqF3H2pMkKhCEBQC7g,"Someone, please answer me this: do the different stamps really not make a difference? It seems to me that no matter what I do, getting complete rows or columns of one type of stamp does no difference. Also, requests that are all for diamonds or fossils. Dear god. Mega Mall Story gives essentially the same gameplay, though much, much more fun.",3,0,1.0.5,2013-04-11 11:17:35,,
gp:AOqpTOExdV2-uOyo0c0pP4-TEg-xd1jpoFxhkH0S68GG1UC3yHCBxYwtnTt-YxMrDXx0mDL0LG6Dj31c3zGVmkY,Craig Robb,https://play-lh.googleusercontent.com/a-/AOh14Ggxlubf2LhFbPextWuI1jVITqXHyGvpls9rofhw5Q,Its from Kairosoft enough said. One slight problem with text alignment hope this can be fixed and will up to 5 stars. Hope you bring all your Japanese titles to English! Many thanks Kairosoft,4,2,1.0.5,2013-04-02 03:16:18,,
gp:AOqpTOES86vA6-7QRhbPAQZuHum4JS29RRNJadq5w9GTb5z2_AhSf7OmbI0r20hpufy_40TWstJAFvdt0rAuuU0,Zach Ferrolino,https://play-lh.googleusercontent.com/a-/AOh14Gg9CXjhTEBy_mRdW6H4cttwnQ8K9_XFGAiIlkJ7MjI,Instabuy,5,1,,2013-03-29 08:27:16,,
gp:AOqpTOG3pCuKXWQm0aNG8HWh9-tXSZRz6blbE8gnhgCubTgTUmFvt3mb2jIRJv9fW7VAnXRo5_ugqpUIy49VT8Y,Shri Devagiri,https://play-lh.googleusercontent.com/a-/AOh14GjvD1tcY1M9aSifZnNJaP-f5IsCkmYEy8U4AMYCBQ,"That's another $4.80 I won't be seeing again, pick up Mega Mall Story for the same experience in a much better game.",2,0,1.0.5,2013-03-25 17:37:02,,
gp:AOqpTOHk38a16OLGlT6qBLBMEjxFawI-YbvHRJqH3_peoV2IBnLJ-Sk7wKbK0nV-YvFitsDdSe_WS-LYxx3Kwl0,Cary Samedi,https://play-lh.googleusercontent.com/a-/AOh14GicTRCly_RuQ-Wp5uvwcZ7CO8iQRcRB5B1D1w_jWg,Really kairosoft? you haved came out with five new games and you still haven't fixed the random shut off problem im kinda disappointed now btw im using a samsung admire,3,0,1.0.5,2013-03-23 22:59:06,,
gp:AOqpTOFzmcLyMk1YyUYLm1CgmsvP2vZ1xUZ7UUTatCpB4uefV47P5a3tO0Qem1XUOuP2JJ7QQAcicJQEzixDgbc,Jinnx,https://play-lh.googleusercontent.com/a-/AOh14GiFKKw5eA9ci3MxQAhY7OkUSRpT7LsmdLeAPpuo7A,"Another great game from a brilliant developer. More games companies should follow Kairosoft's great price, no gimmicks, quality game example.",5,0,,2013-03-15 18:33:05,,
gp:AOqpTOFIzUdiFfpli4-u1mCAu2x3JpR8J703-pBsK0bQ-IWGQDySUrUGGPHtGc9XN9vTekxaBsG5dBLwSRFzZ_8,Chester Everingham,https://play-lh.googleusercontent.com/-BCd5ZwgVr_E/AAAAAAAAAAI/AAAAAAAAAAA/AMZuuclJz30gOktCzH0zJTfoyaqsMLhFxw/photo.jpg,"""can't authenticate"" bug is dead. The game deserves 5 stars and that's what I given. Excellent kairosoft game.",5,5,1.0.5,2013-02-27 07:51:20,,
gp:AOqpTOH1Y-bXX6KODAXODDAVcpI7s51tjuW-yb2nn_fWbUktIO6cvyp4_5YpyQoHwD38gEwzhFcw2N5tKft0Cz0,Amy Sadler,https://play-lh.googleusercontent.com/a-/AOh14GgNDM-rJIhkTxng6J49OTovyZAulsBwesTKz5OWss4,"All other Kairosoft games I've rated 5 stars. Lite version of this game played just fine, but full purchased version gives me an authentication error at start up like others are experiencing. Please, please, please fix so I can play it and give this 5 stars like I know it would deserve if it were playable! Authentication error fixed, YAY! Up to 5 stars where it belongs :-)",5,2,1.0.5,2013-02-22 21:59:45,,
gp:AOqpTOFi5nsg_rAzeTM08yy9BPr9Wi6g9Izsz6ZLMuDRMjXdgirGasfL1GAVACLmQa7C7LbGoDb10Eom9cZMG3U,John Burnett,https://play-lh.googleusercontent.com/a-/AOh14GgXhmHqqEQ0drSHMXYCRuOD8PWoguHtC705VmjFSA,Nice 8),4,0,1.0.5,2013-02-20 02:30:01,,
gp:AOqpTOEz8hwataozBFtGtbB1Rnu1mqsqqnpe_zgoDflTk546KR4sG2GMa9Kx4yASBDSxZpZj5WkqTcKRV1wcZq4,Kostas Karatzas,https://play-lh.googleusercontent.com/-ndpU2d38dDo/AAAAAAAAAAI/AAAAAAAAAAA/AMZuucmroM5S3ysCepMSSeJG0lqbzKYJ6g/photo.jpg,Good Game . A lot of things to choose .,4,0,1.0.5,2013-02-13 20:20:35,,
gp:AOqpTOHdb-_o_w0GjY1Aafrt-cVmyMsYDCk5G0k7fxj1dlR9wL3kxPkPKvyKp3pAyaXNqwwdwxLGO69_WDCJuy0,Jeremy Krantz,https://play-lh.googleusercontent.com/a-/AOh14GiWsR-jD-B8cf7CrFKCvlYhXUki9EcWixEmsl-ENg0,"Kairosoft has fixed the authentication glitch and I can now play the game. Great, solid game just like their others. Same style where you build and develop a complex within a pyramid. Lots of fun and great time-waster",4,1,1.0.5,2013-02-10 09:44:19,,
gp:AOqpTOH4Au_d5QQTAuot7WTEbBkSj5FABmyioGWUAkpor2sjfvMmqOq9Sj2H_taQiZde-b21r-Enki1AgzLj5MY,Elly Brus,https://play-lh.googleusercontent.com/a-/AOh14GiYRD7MT4iQvgbpQNQmRYDRrq6S7L2H87DgicbKKw,Urgently needs fixing!,5,2,1.0.4,2013-02-09 19:38:27,,
gp:AOqpTOHR1KwaAccgJnYc5vOhhkkpOztSzU9IcutrM9P2XypzEFVKrTIG6o0A4sSU3i1sCMzBdQD5thprdlibiqA,Mike Rusche,https://play-lh.googleusercontent.com/-7T-hpdq1bIM/AAAAAAAAAAI/AAAAAAAAAAA/AMZuucm5NQKGYrzGo9m8-y_pHwXyj_VtBA/photo.jpg,"Now that the authentication error is fixed, this game is awesome.",5,1,1.0.5,2013-02-09 08:37:24,,
gp:AOqpTOHGbOeqOwW_mM7PP1kxvrm5IUDxYbzfqv-uKzuJXTMZJ8RLYkSfUWRxcmWTB1q04fj7xx27TvNztcq7pmo,Tim Massey,https://play-lh.googleusercontent.com/-wZn-0uTp7Zg/AAAAAAAAAAI/AAAAAAAAAAA/AMZuuckGqa9JlPl-5ipXbFn1MXBkJuPRAw/photo.jpg,Its fixed and great,5,1,1.0.4,2013-02-08 20:51:52,,
gp:AOqpTOEVNG2hnJyKdsDw9iDMh95aUhdaOIbbEAKRu73DenBuQnFVs91Z5csi0v9NeK8RC4wDmV88sj-RCAJHnDs,Ceri Kum,https://play-lh.googleusercontent.com/a-/AOh14GhdG1nMOC8QkUt9S5phPBYSZjvYTw9Km6Y2DOksxA,Osm fix!! Luvving the game!!! <3,5,1,1.0.4,2013-02-08 17:02:41,,
gp:AOqpTOGMwRda448sgsOyG96MDsHcbVJG1PH1oE7hzhzFwm4nXPTs-p_HXmAqsFSwedLr5b061s1sgq7SK7QaPrc,Jimmy Jobob,https://play-lh.googleusercontent.com/a-/AOh14Ggr0LHo_NrlnZMLDnYCa8WhSH7jv0KvIeckhkyM3Q,"Fixed by latest patch.  Great game, made me smile within minutes.  Sorry for being impatient Kairo.",5,4,1.0.5,2013-02-08 10:21:07,,
gp:AOqpTOHDjhFb6QJRD2aqOzR3b7kQQAdchWAPACPm15HwCq4o_4HnBUNRQZrl_v1GszK2uJClfyIPUvFXj3TouSg,Andrew P,https://play-lh.googleusercontent.com/-n5GpAaQUxAM/AAAAAAAAAAI/AAAAAAAAAAA/AMZuuckaN2fEjzHHfe8gEX-TdReWWzNlNw/photo.jpg,"Lets me play now, will update to 5 stars if it works smoothly!",4,0,1.0.4,2013-02-08 09:24:27,,
gp:AOqpTOHXmCKFmly7Dr6zRtiL7uVDcKuroygJkTEpdhr1pFuqEFGk2qcOIdpsaq8scIUuPyIXmIJOryynqO42tsw,Zachery Solis,https://play-lh.googleusercontent.com/a-/AOh14GjgzgN-ig_kNh948zh9x-rYRLE39tOel71k0WPa,Update fixed game for me. Thanks.,5,0,,2013-02-08 07:30:49,,
gp:AOqpTOGPV90j3dwYUSV_nK8t-GmXJeGJHHoSCyUXgn3U7kvgBbkBhb1bVh4Pmz8j7A5DM6k3fmzf4ghiOniJQUc,promlert pearrukkrai,https://play-lh.googleusercontent.com/a-/AOh14Gi2YqPwrRKsBlWrC3OoJsA8JTsHpg8zTNNlHeLP,please fix update,5,0,,2013-02-07 19:59:19,,
gp:AOqpTOHdPPXED30TI9eogjvfv4lx-ULmeOCIZ9n7MD7Yr24r-B0W-GsZokPlxiBPXoGEyGJbIKxgAYCsraPGqMQ,Timothy Massey,https://play-lh.googleusercontent.com/-beWaPur7UCA/AAAAAAAAAAI/AAAAAAAAAAA/AMZuuckFcB_uvzYQEGNtCunqsIEVZrNPUQ/photo.jpg,Can't even play,1,0,,2013-02-05 21:24:40,,
gp:AOqpTOHEfYpEKmlJgq7P6-xUkF9ghKMVb5Gc_hn48zkweJJCrbCcuLUXNnGVM1q57NPzB1u47ootrGnSFFnlsMc,Kaiser Villheim,https://play-lh.googleusercontent.com/-lFqErjYkv6M/AAAAAAAAAAI/AAAAAAAAAAA/AMZuuck3KdpW8nfuC0_qDvjjBhux5-kDpQ/photo.jpg,Love all of kairosoft's games. But this I have been unable to play :( the lite version is great but the full game wont start up. 1 star,1,0,1.0.4,2013-02-05 18:52:40,,
gp:AOqpTOFlfH5bOujT8N3Ljvy8R3kwAtEJ74X4EMiI3nJ3dMcHWMdZji4WP9io6deHJ-TltLfkQFE03hWBDqfdiRE,Anthony Campagna,https://play-lh.googleusercontent.com/a-/AOh14Gi1_XBmn3AiRwUbaxgnz2_A7-3HelVU6IzIpNxJvTA,One star until I can actually play the game....,1,0,1.0.4,2013-02-05 14:06:16,,
gp:AOqpTOEcD9hQBNnGMgV0a4aCM1vGRgcsYoqdTbSLe6L9b0a8GL3RwA__wAM4UnVhZ-GcjtWsroWg4F71APsigK4,Chris Dutton,https://play-lh.googleusercontent.com/a-/AOh14GiwXKMDF1PSv5yWXfvzOvzpRzpLT2Zw2MGDF6w6OA,"Extremely similar to mega mall story, only in a pyramid. It's essentially the same game :-(",3,2,1.0.4,2013-02-04 13:33:55,,
gp:AOqpTOGCZdImLU-9iG9bAQBqEVSmbhv_Ny8LQ1HPH4EazqoOWwSaz43PH8OtFyUKMvC5F7LGUwrYs77b_kxpSiI,Matt Morris,https://play-lh.googleusercontent.com/a-/AOh14Gjk-d-M-IQpqMdoGmM_XDvvUbIbLckgp6ENYt4b7A,"I'm getting the authentication error that others have mentioned.   I've tried all the steps on the help page, actions in comments section,  and tried items from forums.  Nothing has worked.  I played the lite version and thoroughly enjoyed it.  I can't believe the final version has this many issues.",1,0,,2013-02-04 12:41:57,,
gp:AOqpTOF8_YxFKJoUHjqi_H_FeigxDi7wIZF_kpcsw1YvYVsIFoYhzv85RwLhWyrspXgq37QWTekmPQiuOTs6rlY,Alexei Short,https://play-lh.googleusercontent.com/a-/AOh14GiBjg2QDohqyW2rZ11RWm4yNBBSfgwXJmULd-CqrQ,"I've played and loved every game that you guys have released, but at 8 years in, I get locked out because of authentication errors, losing my saved game and progress?",1,4,1.0.4,2013-02-04 03:46:01,,
gp:AOqpTOHvqvrQ2FPsoy-VUWZOKebdag4XBJhaEfL-1xUQgyFOiFXcZfjTxiJsVrRF_y6fxLJ8e0M5q_fs1fIIJiA,Joel Griffiths,https://play-lh.googleusercontent.com/-0km5o5QiZHc/AAAAAAAAAAI/AAAAAAAAAAA/AMZuucnpvF7Qqle_ry-6Dgsvlv_26LOjjw/photo.jpg,Will not authenticate. Can't play at all,1,0,1.0.4,2013-02-03 16:45:26,,
gp:AOqpTOGAwWmxEQkV_gtwDxgc84iLB8sE7S91AWbbuRLf5we-SIx36jpPwp9PcGSMlui4OwwOjfRc20_i5IwGhAc,Paul Hodge,https://play-lh.googleusercontent.com/a-/AOh14GjKgL7in3M4dejQ7NCKAbfXd4_q_Xwc-lek3vPc,Still will not authenticate 1/5 until this is fixed,1,0,1.0.4,2013-02-02 16:26:21,,
gp:AOqpTOFXbrHljSnxoNcET2hxHkwKJXLSHghaJowLkGMqlnF99101pWCyI36CDhIEgjiVE75R0UJQbkRNN8g6jqc,Jeanna Andres,https://play-lh.googleusercontent.com/a-/AOh14GgQcnIIiGkcg9JIvi4Xq2_okzC4fmGi7vOShDA-PQ,Had no issues before tonight. Literally played this game all week. Its one of their best by the way. I own them all LOL. Similar to World Cruise Story. Please fix I want to finish my game.,1,1,,2013-02-01 20:53:40,,
lg:AOqpTOGyiQunMvKCKNznuDs4U99j00agYCABCYOvQcukZONBg8ChyI4kTk3lYeHkBbPnHVtO8WBjaiIumoQAJ1I,A Google user,https://play-lh.googleusercontent.com/EGemoI2NTXmTsBVtJqk8jxF9rh8ApRWfsIMQSt2uE4OcpQqbFu7f7NbTK05lx80nuSijCz7sc3a277R67g,WILL NOT AUTHENTICATE,1,3,1.0.4,2013-02-01 20:15:55,,
gp:AOqpTOF2D_E-8EEGgCy2noTRZMNNi0Bxvj_x8dfipj71e0Y7hXnJmS5kARGcAmCgMQ-LomgXsH5U2HARttgqd6w,Matthew Ragsdale,https://play-lh.googleusercontent.com/-upf0kRkNuIw/AAAAAAAAAAI/AAAAAAAAAAA/AMZuucljYC8OGeE1jM5HJq9tIWgnAn_tkQ/photo.jpg,"I've been a big fan of Kairosoft games but this game has given me no end of errors. The game won't authenticate so I've been unable to play at all. Reinstalled, reset tablet, even refunded and repurchased and same error. If this isn't fixed I will never trust Kairosoft again. I am unable to refund it so no money and no game. :(",1,3,1.0.4,2013-02-01 06:42:16,,
gp:AOqpTOFG0dSZNZk1cbY9KwmAGR0deRrkeQSZUvi0blMpDZKGds97aDqfUoTRnBC6f3LyKcr7GQ-shkAlLHqJUhE,Vance Williamson,https://play-lh.googleusercontent.com/a-/AOh14Gj5WrsOpNuEhyTeyd0ZK3jLm85ETs9d6jLzDTQNhg,Haven't been able to try the game yet as it refuses to authenticate. .,1,4,1.0.4,2013-01-31 18:14:44,,
gp:AOqpTOHEllXmY4cqOkRST0GOCjRA46RXok1bBIfliEWz2B6yH9JzZC3FKfBb2F33X1ZB5GAwVJYcfIBd_jeKj4Y,Jon Prior,https://play-lh.googleusercontent.com/-TfhOh72nPmo/AAAAAAAAAAI/AAAAAAAAAAA/AMZuuclajB-rtlrbTM8HG80ARvpl3T4L4A/photo.jpg,New version that came out today has authentication error upon booting up the game.  Galaxy S3.  Refunded.  Please fix!,1,1,,2013-01-31 11:53:18,,
gp:AOqpTOEwPd3TItwwk6RlEFAsiUBfQ2rLFaA8iP7eQA1fP3pn3bhrtCZooDeLk6M1S0HSx9ZcLKISYAGANSiWJZA,Mathieu Savoie,https://play-lh.googleusercontent.com/a-/AOh14Gi7v4zlXq9P3MM_WIjIPgW7ZGTR4S1Je_W4ngO3xg,"I've tried everything I emptied cache of google play deleted data too , turn off turn on phone uninstall game , re-install WiFi and data connected and still nothing working this is a new low I never had any problems with other,kairosoft games just this one. Running an HTC one S",1,4,1.0.4,2013-01-31 10:20:27,,
gp:AOqpTOHtdlsn7F34rztie91SV0Rm9a9nkM8hDKgoO801rRtdRE73_ccJcj0WoZpzB5_XgLQw-Q72zw9GOWGqOmg,Jeff Thomas,https://play-lh.googleusercontent.com/a-/AOh14GgLKzAe-r74cvk23ykB92JQD30qSUj64mGyAqr-dQ,Ready for your next game in english please hurry!also fix text alignment,4,0,1.0.3,2013-01-25 08:55:22,,
gp:AOqpTOGk3huJQyn0i-JjIrLr4mHllASpzhJMYiS2uxgo6ySyMRNP7AEeDIEPHcaS37G3SeIfmC8HyGtljAT1uEY,ComKeeper Fixed,https://play-lh.googleusercontent.com/a-/AOh14GjYwLhHySTHXQWWNp72ucFRwRbEnIeA2GbC0GNflYg,I would like to play it every day when I have freetime.,5,0,,2013-01-24 03:33:33,,
gp:AOqpTOH-q2VYn8II-B_dAc9_i6NE51s1MJULiuRut1iP-NN0Pt-rywEn1gBTCyQvipsjO3HK1C-yt_HV9e0Ult4,Shannon Weary,https://play-lh.googleusercontent.com/-MPZh2aLeud4/AAAAAAAAAAI/AAAAAAAAAAA/AMZuucnxDOCno_3So0L9QDEp4KWxr9IJvQ/photo.jpg,Not as difficult as other kairosoft games. Needs text bug fixed,3,0,1.0.3,2013-01-19 14:27:53,,
gp:AOqpTOEwNrNNGQQYGWEMrI3FSCRV2gqXH3-niDdj2P5yqCT3xtLe1ZE3tIaDOLi82vtCE15UicjG49iZbmKD0I4,David Guerrero,https://play-lh.googleusercontent.com/-6VwEt7qhbeo/AAAAAAAAAAI/AAAAAAAAAAA/AMZuuckemgbqw_RuhA8UMLZQ92f-c_GyHw/photo.jpg,Dialogue boxes are misaligned and takes away from the game. Never had a problem with Kairosoft before...for the price it should be fixed...come on developers.. Galaxy S3,2,0,1.0.3,2013-01-16 13:09:07,,
gp:AOqpTOHmkJ-BncDOcPaKRF7hX5iO2yp2KLEEDs332XIZ5Wf7d3EryceDJ2IQc9LvPBu_Ks8KJ17E-SDrMiThfCk,Drew Crabb,https://play-lh.googleusercontent.com/-XunRPa3TInk/AAAAAAAAAAI/AAAAAAAAOhs/AMZuuclh7kICotmyZfB2XmrtD9DcWUulqQ/photo.jpg,Out of alignment,4,0,1.0.3,2013-01-14 06:34:17,,
gp:AOqpTOGdlDX9yXoM7gSJatyX-hmWUZ8qIL_Hws7KCkmIjwyx-1Y_0u-Z2POdfqHlTxD5bDVJHzb1arnZ9RqR4Ss,Jennifer Haynes,https://play-lh.googleusercontent.com/a-/AOh14GiDK_bJZ4L-5VRD4PKjvFmpcZryFj1thcui4S45,"I love Kairosoft games and buy without hesitation. Sadly, the font alignment issue in this game really detracts from my gameplay experience. It makes it feel unpolishede I've been patiently waiting... Where is the fix? For most, the font issue docked one star. For me, it's two because it still isn't fixed. Will easily be five stars when fixed.",3,1,1.0.3,2013-01-12 21:05:00,,
gp:AOqpTOHXnTpRvB9oeMdBxx9Kp5pX-6HujYiExrOlmuUCP2el5ige-D6u_0Ky8MipTgio-s6Ow7OSgcoyXTw-b4k,Joey Ken,https://play-lh.googleusercontent.com/-p9WGbqJKaEk/AAAAAAAAAAI/AAAAAAAAAAA/AMZuuclC4RZZc6rBzuxo-JTaWN8aP6lM6w/photo.jpg,Love the game. Pity about the text being messy on the s3.. both dialogue and bottom line updates dont display nicely Would have been 5 ★ if that was fine,4,0,1.0.3,2013-01-12 03:38:11,,
gp:AOqpTOEq_J809GK21GZpSbwLGRPDAGYKSMPbiwQUHOIEIfFK5odDXi96zM_2GXrkPe5T-HSjYUfUtKR6yH6B5eI,Ralph Chilton,https://play-lh.googleusercontent.com/a-/AOh14Gjg1zFa8CBYyM3-d9dbvsT8V1CptbiuwPW8tdZwnqc,"Still played for hours on end, great stuff from Kairosoft as ever.  <3",5,0,1.0.3,2013-01-10 09:25:41,,
gp:AOqpTOFmc0UbUKuPIJMg6pfs4EDYV7hoQXwTULLexc1vQT98Jr7YE2hlFq6a4fhIyXAw2SgS1RBNB--_IF_gTV0,Terence Fong,https://play-lh.googleusercontent.com/a-/AOh14GjjuKOincMwvHsfz7f_H-eUkHV2TAku4EWHPd3Kzw,"Just feels game isn't as polished the texture doesn't look as good as other kairosoft games, please fix the txt and ill re rate.",3,0,,2013-01-09 21:52:39,,
gp:AOqpTOEyKJp1GKgQDKrAIbYI8y59Yzrdt4ridFRXQeJfkkS_nEVDimxIY7mzM02LiXF1VruoXqMouxsbkDHhooc,Mike Koch,https://play-lh.googleusercontent.com/a-/AOh14Gjon-sgaTYDzAIi4nGdw4xRe4HXwgk0K1rPT9qb,Kinda boring. Easily won. No depth.,3,0,1.0.3,2013-01-08 14:17:49,,
gp:AOqpTOFAvxcuqZf2Ke_eJQNTlG3SdfbUaxcRAYfIlEUMoQCV-MdfYm8K4NYoMKtWBSlfAegAHv3HuxiO24gbZag,Luck Yeung,https://play-lh.googleusercontent.com/-CGYmT5PDBNk/AAAAAAAAAAI/AAAAAAAAAAA/AMZuuckxsnxCj1uharXgKigK3fSP7wW5Jg/photo.jpg,"Instead of plonking down new stores, you now have to manage between mining for blocks and carrying them to build the stores. Pests also come into the desert which you have to get rid off and there are constantly quests to fulfill. But again, like most of their recent games, one playthrough is enough to unlock most rewards. Still enough twists to make this good fun! v1.0.3, text still cut off.",4,2,1.0.3,2013-01-07 02:41:59,,
gp:AOqpTOGm4cxxBL0NXf1WeYveA5WmTYqrcgLVV2vYdMxRXw0_gdZ-OwulrteVnvF7fDdMg4rmAKaM2L36D4ouSjY,Jake Christian,https://play-lh.googleusercontent.com/a-/AOh14GiqNdvFNU254xw6lDQQr3kl7owpOlUp6Plhat1ud-0,...I anxiously await games from Kairosoft...I keep getting error when attempting download!,2,0,1.0.3,2013-01-06 22:54:18,,
gp:AOqpTOGQQg6REK-J9HJ570gnyk7VSR1oqJF3UIqH5ua3SO8EW9QpvuKTDTADbahcUnmbnAzj2n2YoG4rtZX0i2w,Brad Boyer,https://play-lh.googleusercontent.com/-vynA3HgGThM/AAAAAAAAAAI/AAAAAAAAAAA/AMZuucm-JXK2yrMFepC1MSDDWRq_auNP6Q/photo.jpg,Kairosoft ftw,5,0,1.0.3,2013-01-06 11:26:07,,
gp:AOqpTOE_PBUlw38UZoSnQ4Th2pGn9pc2Lx2JNqIinYXeGc7LlfepEEGW79ZeuA8QmZpZSEGjkVGX9le6s3N98AE,Josh Collins,https://play-lh.googleusercontent.com/a-/AOh14GjCP5R7Pu27UTcQBmWSTj5G-hh3HxJymELS67ldqQ,"Words not looking complete Kairosoft on 7"" Tablet",4,0,1.0.3,2012-12-30 15:43:40,,
gp:AOqpTOEnGZ7l_AxZdL2rXTdiw30EtO4o5qSwQVue_NBnM7hk1HpC2DryQfkvwnthmN4YaZ_jtqtCnJQzejtlNXw,Ollie R,https://play-lh.googleusercontent.com/a-/AOh14GiFFTXkBt3Zf5nliyHrzP6LDWgpgqdRAZa8OfYIyro,"A shallower, easier, shorter, buggier version of Mega Mall.",2,1,1.0.3,2012-12-27 08:59:48,,
gp:AOqpTOFaPjaptYlpTTXG4gZYRav5EYIWAdchKCJaM8dQ79E18Pg8qcDFP-QzYP9h33UoPWqKjbmiNOIG_8Zf6Js,Kitsune Risu,https://play-lh.googleusercontent.com/a-/AOh14Ggsiyhn0O0K5-u3lhZNezsucnKOIFwJspl89S4PdA,Fix it please!,3,0,1.0.3,2012-12-26 18:21:25,,
gp:AOqpTOH3QkG1cWsggoEB7f490fNMoivOrhpxwXFU-OxKc1Y5TMkHEqH43gYkmVq8yiFcuyPyqj9X2CnVavwTknE,8bitjake,https://play-lh.googleusercontent.com/a-/AOh14GhSpb_Z6cssHgfWUwqPiVbEj5mfGfoFBIoc0qr38A,Love the new game. Thanks kairosoft,5,0,1.0.3,2012-12-26 10:32:13,,
gp:AOqpTOHSNHId-HybkCQp_HIkLxHmfqL37cwQFLyvAoceuvdqdPLAml_gaqJND1RM6J4y7Ld4ySdocYYXDc2kuag,Vicki Howe,https://play-lh.googleusercontent.com/-uephrfnvgdI/AAAAAAAAAAI/AAAAAAAAAAA/AMZuuclvidOhLA1HkLa5xkhAAYOyBJ7RrA/photo.jpg,Classic Kairosoft game that is well worth the money! The only issue that keeps it from a 5 is the text cutoff on the right side of the screen.,4,0,1.0.3,2012-12-25 17:12:43,,
lg:AOqpTOE-dlzVRI-jcXI4q1WlGwkZUG4vkQji6Y7rYBAprM7RiCtep0j3NTNlocZefKa-kr1kak-TV32q7MwyWik,A Google user,https://play-lh.googleusercontent.com/EGemoI2NTXmTsBVtJqk8jxF9rh8ApRWfsIMQSt2uE4OcpQqbFu7f7NbTK05lx80nuSijCz7sc3a277R67g,"Very disappointed in a company I used to trust. Key elements of the game like elevators don't work, the text is buggy, and the game has a premium price tag. I will never support kairosoft again.",2,3,1.0.3,2012-12-24 16:13:52,,
gp:AOqpTOGl-IqFamXzXilFuvngE1J8BPCcPU-_Mq0LyWy5RIY1odyxYff6rEt9qo8eVHTRQo0ki3ELZcCBsZ3Kxds,Dexter Camilleri,https://play-lh.googleusercontent.com/a-/AOh14GivuzEM8fA0sPbZmwQCznpQ9zQr3B4m7_9XriR24w,"A company called Kairosoft and only now we get an Egyptian themed game, haha.",5,0,,2012-12-24 06:55:33,,
gp:AOqpTOHEjjP24P2kOi7y4TEBFvB7z_5qauKTvqiYBUAKBf0th81rAmNZR5S1dIB3lZyf4eee7IRoaJbkUyuLRt4,Sas Flowers,https://play-lh.googleusercontent.com/a-/AOh14Gg8uP_48osqd5xl36ezmo-YiSSuhCfiyDbBK5R7TQ,You've done it again kairosoft bit of text is gone but don't feel like i`m missing anything important. Keep em coming.,5,0,1.0.3,2012-12-23 14:56:26,,
gp:AOqpTOE46wiFPo_EeHIn4-9Ryl1SqRbALEDge4y8Yujp1Nu4qcVRNjcfzsqO8iPjEZcpOLOiTkJQU6yRobzy3qY,Nathan Lynch,https://play-lh.googleusercontent.com/-qdtT0ob6Fsw/AAAAAAAAAAI/AAAAAAAAAAA/AMZuuclDUmNYglT7JYv8qnQDMgH5ZA1jxQ/photo.jpg,I also have been checking the market every day for 2 months... And am doing the same with the horse Racing Game that has appeared... hopefully wont have to wait 2 months for the next game :(,5,0,1.0.3,2012-12-22 09:40:56,,
gp:AOqpTOGsJfrSQBfjG9XFi6wqmUvrQduRStEHS41Nz5fLUCo2IodAnM-5UcpRRaHbe3yMrHAPXCZ6F5NzJZrX6os,Carter Lewellyn,https://play-lh.googleusercontent.com/a-/AOh14Gj6XzjuPs5tq4Wp8B6hrSuMC5vTVGt2TH25Kn-AxA,I love all Kairosoft games. Usually rate 5/5 but the text alignment issue is rather annoying. Please patch it soon.,3,3,1.0.3,2012-12-22 08:44:47,,
gp:AOqpTOFjbpIFjFcThyo5ln8ZHXsm4Byy1WBrmZNX8pO9NjZETfY7JF8F9MYhUfqrOPv5_Tr9Tw0ySQBB2YGqD2Q,A Google user,https://play-lh.googleusercontent.com/EGemoI2NTXmTsBVtJqk8jxF9rh8ApRWfsIMQSt2uE4OcpQqbFu7f7NbTK05lx80nuSijCz7sc3a277R67g,Formula has been used before by kairosoft. This one feels repetitive and boring,2,4,1.0.3,2012-12-20 13:40:42,,
gp:AOqpTOELgiM3cf59zPbhOtLt4VGttnqqUlEHsn7GmRD1ikWR5YLgEZ0V7U3P0GopO0PO2wspE1pWZc18wRJR_5M,Peter Bloomfield,https://play-lh.googleusercontent.com/-oTU5w_7TYMg/AAAAAAAAAAI/AAAAAAAAAAA/AMZuuckcHFu8AhksbQwAukPxrd1njqQlAQ/photo.jpg,"Love it, keep up the good work",5,0,1.0.3,2012-12-19 12:41:33,,
gp:AOqpTOFaUc1eLmfZdZT-4c8omNBtLIWjhXxZxlxstgUNDdpdVuF89KVknsVHhjDD0dQntZhWKea5FkEaCo4mHVA,Jonathan Harly Sitorus,https://play-lh.googleusercontent.com/a-/AOh14GjmYWhaIxve7o_8TUBNQP7NXF1jxK7L6XGzXk-DQw,"Great game. Engaging as always. I'll give 5, please fix the text problem. Thanks.",4,0,1.0.3,2012-12-19 09:55:24,,
gp:AOqpTOGRi3CZcGMiGhFAys39ZoW35n1EoSummwTNsjxDfohDNOfTH5G8rxmEMcr6Om36OhYZb6BKKSIfWuziI3w,Wui Yi Tang,https://play-lh.googleusercontent.com/-75MHs0iSDCs/AAAAAAAAAAI/AAAAAAAAAAA/AMZuucmFUl1QaPlkfaVSTox2hPsV3gaNTg/photo.jpg,Support or the game of kairosoft..............but i think the level of flexibility to player this time is not much as previous game...,4,1,1.0.3,2012-12-19 05:36:31,,
gp:AOqpTOFsOmGioKTXvSPQm805buOjEvW5hfLaJHSySo_M5oaYMPKXdPscceqRNSabeg275tJ9XAhvIVu7Byfu9Fo,Dan Rodriguez,https://play-lh.googleusercontent.com/a-/AOh14Gi5PPBuXfg1mUR4cUd2vewmPJdS7WDyB4lk5Lf7,"Awesome game, Kairosoft delivers as usual. Keep up the great work!",5,0,1.0.3,2012-12-19 04:19:15,,
gp:AOqpTOFnGFzDx-Gr0BiJI3UcrsPMoZhvz3vQDYnYzi1FA1XKgc5a436SJ7c-RaU1jAspnqJeRmC5uuQMnLEM5Rg,Gary Lucero,https://play-lh.googleusercontent.com/a-/AOh14GhB4o1HPHNseHHzaZ6hDWrgARE_k5f3q3APasELH7A,"I bought, installed, and played. Same management sim as most of the other Kairosoft games own. What I want is Game Dev and Grand Prix Story 2!",3,2,,2012-12-18 20:07:47,,
lg:AOqpTOE6a4A2yGZqY72dOPT8Zklk8RL6_oFepn6lXnCxO9jxRRLe_ZYANKEgbxU12qqe_IOZZfY5kJLkpfSwnb0,A Google user,https://play-lh.googleusercontent.com/EGemoI2NTXmTsBVtJqk8jxF9rh8ApRWfsIMQSt2uE4OcpQqbFu7f7NbTK05lx80nuSijCz7sc3a277R67g,"As a kairosoft fan I loved it, in my opinion it has nothing to do with the mall game, it introduces the possibility to focus more on workers, crafting, trading with other nations etc. I'm enjoying ever bit of this game :)",5,0,1.0.3,2012-12-18 15:13:52,,
gp:AOqpTOHfUM48SYAzVD0FGFcpklmmohRB9MO88eF4uDJBO6LVGL4VcBEEcnfyc95p6lRLEsMCuAxXishapWIoEdE,J Shug,https://play-lh.googleusercontent.com/a-/AOh14GgN08wHopB3Rs1LnrtMibKOmQf5S4YZv4GXdwkRCQ,"I am a huge fan of Kairosoft games but this one seems rushed, put together poorly and is a copy of the mega mall story. Not their finest work by far at all.",3,4,1.0.3,2012-12-18 13:14:40,,
gp:AOqpTOH-WFXZQF1Pe0_2MDnHwkaNHDTJ7PDLulVAGSyMzwSp60Ss1o2GCP2IZlwL1FIhMhuBlcfQ-UAETSWQdSk,Alex Short,https://play-lh.googleusercontent.com/a-/AOh14GgaQJfj85kKb6H3l1wPuJbqXCwqsfUsH0lchYhYrA,"Fun game, but words will stack on top of one another or be cut off on the right side of the dialog box.",4,0,,2012-12-18 07:22:44,,
gp:AOqpTOGrug4HzM_T8zd9a06D_yDJT766sgZydJyoHFvJTHszAK6zySq5EiOde-kmkoeTozuxFRxJG5It7BXnXC8,Miguel,https://play-lh.googleusercontent.com/-ZQpm-8-9S1w/AAAAAAAAAAI/AAAAAAAAAAA/AMZuuckTkignPLo1L8bhfusrLV1-9alwVA/photo.jpg,Another hit! Took them long enough to come out with another English game!,5,0,1.0.3,2012-12-18 03:45:52,,
gp:AOqpTOGt6XUqpFkhM9p3abPq6oKWhLrorZhY2PMY6sl7VX0UU9Yx0k849_LwmfRDQ2dhGsXd3uMigPqUXs01-yE,Margaret Roberts,https://play-lh.googleusercontent.com/a-/AOh14Gg2F7yXbaxK1ryY9AOsvQTpb2t95t9C03gmGitQ,Wish the game was longer.,5,0,1.0.3,2012-12-17 18:49:27,,
gp:AOqpTOEGE-FlgGaKVRuvzzYEs46MQpyrd23p78ZT9TAI6oU8pmkDmP1sj9vuorRC7BbUPMXI6QPMQlvKs0njyIo,Nikki Chenard,https://play-lh.googleusercontent.com/-f9CRnl-30G4/AAAAAAAAAAI/AAAAAAAAU0I/AMZuuclxWXIwIzjSN-rRwC6MXuMzxJ1xcA/photo.jpg,Kairosoft did it again!,5,0,1.0.3,2012-12-17 17:38:49,,
gp:AOqpTOHBFqkDOPb3ZTuY5LMTyfkFXcPwLm-OlS6UXjxaSQtvOLtWOlKLb-PIm275UiIB8Ek2ZrDY1BBYH_1jJE4,Teravut Anansiripinyo,https://play-lh.googleusercontent.com/a-/AOh14GiTzaI9XqYn-qpZ792WRJePjLqzYmKRyghRvZK3-w,Can't read last text. Please fix it.,5,0,1.0.3,2012-12-17 17:01:34,,
gp:AOqpTOG8_yt5xVdKnEsqXkwjrTagfrCsV3dwOHXV7hbMLCrGPrtdteQx4DET62Rpc-iukb39Y4bgldLKKH3tIdg,Gregory G,https://play-lh.googleusercontent.com/a-/AOh14GhjyrjWojLMSnNaDeb_3jb8FGmxN0QoiDE1RPizmQ,And take my money !,5,0,1.0.3,2012-12-17 15:35:41,,
gp:AOqpTOHux2MODyTaLBHcirxtTvN6mE5PYoExd9uETICHtV8ndHLV8MSEQualRMP-9Jhzo1NST4j1WqlorAaJUDY,M G,https://play-lh.googleusercontent.com/a-/AOh14Gi7f6aUQYHFNkaXGhlc0zRzhciddGubjPB1UTv_OQ,I have a machine that constantly throws money at the kairosoft website in hopes of more releases! Thank you for making these wonderful games.,5,0,1.0.3,2012-12-17 15:15:23,,
gp:AOqpTOHmaklEb-z5WbxlW8TdNcqCwb5-cfEj2lj8LgVOmcnRVdxcuFU0zKLUAV3vD892wpW6-aYQZnhmWduIu70,Laura Flores,https://play-lh.googleusercontent.com/a-/AOh14GgnjZWtULuwACJx44irqiVntLCsqyCOvVma_wjuLb8,"This is one of the easiest Kairosoft games I've ever played. Even so, it does require effort to unlock everything by year 16. Knocking off one star because its replayability is low.",4,1,1.0.3,2012-12-17 12:54:45,,
gp:AOqpTOGQBYZhkid7LyRfrSS2Ds58JSbppzjwYq1DFL1MLcU89lcE3hvI_sAbj14VWZqFtHfsSSHKaq3hh7paZe4,Philip Ro,https://play-lh.googleusercontent.com/-VTvTX1-156E/AAAAAAAAAAI/AAAAAAAAAAA/AMZuuck2ECv-84xGeJ_SGB_f--MqcyDT1g/photo.jpg,Game,3,0,1.0.3,2012-12-16 20:34:26,,
gp:AOqpTOFNeC_H0M7yJkyy-38Q8QtJD0u4md-irrHOzkfIBCo3kw36ON-hA59qC47x_E0GOsyfYj3Jle1vVySshvk,Jonathan Yonker,https://play-lh.googleusercontent.com/-e6M1wHIVVPI/AAAAAAAAAAI/AAAAAAAAAAA/AMZuucleUN3FTvAfNtXxP83JudZKG5Fltg/photo.jpg,"Amazing game, but text is cut off. I'll change to 5 stars when it's fixed.",3,0,1.0.3,2012-12-16 00:13:57,,
gp:AOqpTOEg8I5bD_6QtsRajR2SsVvcOtsFp8UkQoLlh0jtse7vzZfLiX6Rcy21vusu0PEbTYJ4iIwbLwI7JyRM8hU,Philip Pau,https://play-lh.googleusercontent.com/-sn_AOj1886I/AAAAAAAAAAI/AAAAAAAAAAA/AMZuuckl19uyI8vkKo7DH_T_RQ3wz55Xew/photo.jpg,Will give 5 stars once fixed,3,0,,2012-12-15 22:10:19,,
gp:AOqpTOG2_fzXI9CmZR2n6phixOV3SYTZzmvaEgmaKGR3xUBjnGFEt4c9LC7igM9XxNrAx1eLI_VhxnIPWp9nCf4,Ritchie Chia Sin,https://play-lh.googleusercontent.com/a-/AOh14GjS23H9DLDusWKulPLS-YBTTA_Aym0JZ3b5kaBsvA,Just awesome!,5,0,1.0.3,2012-12-15 21:31:38,,
gp:AOqpTOGDLg93IR0Su_X9L_kGbZDAVnUMdY4qP_KKQ_h1o5YNAiltbBn5yvU6DIdszPgGWQSG0d2Ib7yuHc517LY,Mike Davis,https://play-lh.googleusercontent.com/a-/AOh14GhI2HRtski5LrJqigBvDGC9nfY0yPY_0KyaW_uRh4s,"Cannot see right edge of text, generally last words (Galaxy Nexus), due to alignment/font issue in game. Otherwise, great game - classic Kairosoft. These games are too addictive!",4,12,1.0.3,2012-12-15 16:34:10,,
gp:AOqpTOGSrUWBk1Ka_AopwyX4wl-gS63WysNsTJWOA0FfwDleM-cIe1EdajTqhzalNwQrXrG-Q-kjdl5CBpfLhSE,Nicholas Navsrro,https://play-lh.googleusercontent.com/-eTP6RgqVGbs/AAAAAAAAAAI/AAAAAAAAAAA/AMZuuckIWDCJ4yJbIO1l0MHVTD-FRyOTNw/photo.jpg,This is an awesome game thank you so much for fixing it so fast. This is a fun easy going management game. Kinda like building a mall but better . My only complaints are that the game could be deeper and that money is really useless after year 4. Other then that its a fun and addicting game,4,1,1.0.3,2012-12-15 10:54:11,,
gp:AOqpTOG-RGjzP8xT_NHYB9MSxuVTQnkwr7HNbM8TatN20STYL59fKaVc13K9ojy4dJC3PPV-UAh0n1_2LJcaeRE,Carina Williamson,https://play-lh.googleusercontent.com/-_8Ltx8SC41I/AAAAAAAAAAI/AAAAAAAAAAA/AMZuucnkZvsplyZ84xg-x5rFP9_otDtLqw/photo.jpg,5 stars!!! Been waiting for this one for weeks. Ok to be completly honest i completed this game a lot quicker than the rest and it doesnt seem as in depth as the other but still a great game especially a first time kairosoft gamer. Alot similar to mega mall story with little twists seemed easier than the other games but all round a great game.,5,1,1.0.3,2012-12-15 10:07:27,,
gp:AOqpTOHalmhENiqFyu2gc1BFLP5qnvMdErrimwY8YgDhvOowInmDzyzXYCoQJkg8ZF5XVkQ7QZS-HGaFeAEnHIQ,Joshua Smith,https://play-lh.googleusercontent.com/a-/AOh14GhwWZoFAY6oOOCOyiBRuG02GfJI8b3ZOLoV8wPb,"Game is like Mega Mall except Egyptian. You have to quarry stone for rooms, chase snakes off, all while providing customer service. It's fun. 4 stars due to text running out of boxes. Doesn't make it unplayable by any means. But it's sloppy for a Kairosoft game or any game for that matter that costs $4.99  Let's see another Sports Sim or Game Dev Story 2!!!",4,2,1.0.3,2012-12-15 07:31:31,,
gp:AOqpTOHcaRjmNH6Y-5NSNfIBGsr_xmNb8vGO7KNghehgNqtlqxy1gJ6q9FqRkFGPPfxAU_LrsmOS3wg46qC2pAQ,Kelly G.,https://play-lh.googleusercontent.com/-YLPi0MZUtqQ/AAAAAAAAAAI/AAAAAAAAAAA/AMZuucmwualxKTs_C9ZXMlYyuQ33oxhPwg/photo.jpg,I have *literally* checked the play store every day for over 2 months waiting for this! I'm especially excited because I loved Mega mall story and I love Ancient Egypt :) Keep 'em coming Kairosoft!!,5,6,1.0.3,2012-12-15 06:11:48,,
gp:AOqpTOEuz3t8PkmD9CGorhIYjfi7Wq3nJNcLxHDvGuyDExcu8ETXECC-ddPv6vJpj5SD3hyvvsNatg5HxtVgp_c,Ngoc Do,https://play-lh.googleusercontent.com/a-/AOh14GiKe4-usdDCxLwthycwQ756n84Hq09pQQfgeIXg4A,I've only play for a few hours so far but I can tell I'll love it! Kairosoft fan = buy.  One problem: the text needs to be realigned; it cuts off sometimes. It's annoying but you can still read it.   S3 cyanogen 10,5,1,1.0.3,2012-12-15 05:37:22,,
gp:AOqpTOHX81wISbu5jGOEcEYuaU1poHoT_ZsVOr6TFDsFRUXbnxwSmpK_bZRCIofeAcrZn79xULa8yYErUtfIP_w,Belldandy Morisato,https://play-lh.googleusercontent.com/a-/AOh14GgGfrUDRBWEd_T0v-VL273BrAyPwMfT3wZMvxGoAA,"What a great game now that I got it working! However, the text are not aligned properly so things get cut or smooshed together. Thanks Kairosoft! You did it again! I was late to work this morning because I was playing!!",5,7,1.0.3,2012-12-14 23:06:45,,
gp:AOqpTOHd6bqwwzXsiChP87a9szr2IdLHWxD46XuJROkbGiacCbMAff9l-kSuBnKMdBiAxuqbU0I9zhXar11kmko,Kitsunemiles37 Lain,https://play-lh.googleusercontent.com/a-/AOh14Gh2207P7Giv5elxukzXTShXreBDBrUkLcsUJTXcdg,I can't put it down!,5,0,1.0.3,2012-12-14 21:11:11,,
gp:AOqpTOEnGS23z42tMiqPN-ywSqe2ZdZ-1UGqRvPQJz-uSYp3kz4bCuB3J5KlgQ62ipVn8nGWSg7bl9KZ8oeDA5Y,Tarika Chomchome,https://play-lh.googleusercontent.com/a-/AOh14Ggxc5Fkb-CAkYN1RFBo3O4LI2-G9qBYvGEOrto8,"Ok everyone with problem, listen. Go to setting > application > manage apps > google play store > delete data, cache I got problem here too..and doing this helped.  Taught by Angry birds staff (fixing similar prob) :) Now enjoy!",5,39,1.0.3,2012-12-14 19:31:37,,
gp:AOqpTOEnqFeBkcu1qpDo1D3NLuh1-hCe-ebSHtdUqmx0lyXFKSn3RbnuIqA2ci0i1VlOEvUm8A7Jx9t9KBlo2vw,Vincentius Themadjaja,https://play-lh.googleusercontent.com/-A14jSPcv98E/AAAAAAAAAAI/AAAAAAAAAAA/AMZuucmHCGaoQn2qm8sg1Ta-Wwpvd48o2A/photo.jpg,"title says it all, glad it's not freemium",5,0,,2012-12-14 17:41:15,,
gp:AOqpTOFmMOwwST_15iS7nTrzfs4DR0BrOZaUiuXH1iZxUN9K28IFCXyR8mGjYw89uUIdm1fXdsABTGC393sDZh8,Human Male,https://play-lh.googleusercontent.com/a-/AOh14GjTGEMxM45c4AdcDgjenqueDvqkgZX6Xb4HkG72_A,Awesome!,5,0,1.0.3,2012-12-14 17:40:38,,
gp:AOqpTOEMyvHC0fo4zrLS2Uit49UuprgXMFv-BcKVW80hi_owcTRWKLBRZqh86af-VneiZftwKSUp8PmA6fcaKMY,Alex Brown,https://play-lh.googleusercontent.com/a-/AOh14GiU3-O07K7oL6D8lOnVVinCfvPLc1lun9SoIokhUw,I love these games but I'm getting tired of all the shop and city management themes. When will we ever see another sport story or game dev/company story? Just something to break up the monotony. Preferably a baseball team sim. Thanks in advance!,4,6,1.0.3,2012-12-14 16:46:55,,
gp:AOqpTOHM5b3iYR6uhNY23W9oLqan0nhXff80NxOz_oTI4XM2HNDn8WuC9WT9OEo82w6eaiftFX_RNpk7KR23Guo,Tommy Tran,https://play-lh.googleusercontent.com/a-/AOh14GixBhAkw8xm2MsXoZQ8Gbgsk9QLiYsdRdV_YAeFow,"Now giving five stars to another time killer game, I'm enjoying this too much. Had problems with authentication but fixed. Small minor problem is the text don't wrap too well. But still fine enough to read. Good game, keep'em coming!!",5,0,1.0.3,2012-12-14 15:32:34,,
gp:AOqpTOFosHpM75V0OMpe82mj6H5KwkcCRA_ZPmy5PfCARKgCIX4Hb9a3KxRwoUUqbrZNWTtqD1She1C_ysWGGgU,Vivin Seprini,https://play-lh.googleusercontent.com/a-/AOh14Gg-cYh4TcND8QJGvwnRnngEPI4pR4o5eP_Q1G2Qg4o,"Waiting so long for this translate, thanks. Used to have a error when purchasing this game, now fixed.",5,0,1.0.3,2012-12-14 14:59:54,,
gp:AOqpTOHXUeC0LKFJI_3tWQ9cJDWAyqWS50h3qJ6Re_Z3Cyx6U8ph3QJ6s3jTeH2MKxW1gF_tHWxghw6AtUES9tk,Nikkita Mitchell,https://play-lh.googleusercontent.com/-uNEzmABJE7M/AAAAAAAAAAI/AAAAAAAAAAA/AMZuucldKKDh2fqRL0qmkS2OaI7mZcfbrA/photo.jpg,"Mega mall with a twist. Some text doesn't fit into the text boxes but, not a deal breaker!",5,0,1.0.3,2012-12-14 14:19:17,,
gp:AOqpTOFZ4wAyDU6S50VIqFDRK-6XVO_lBHUAWji3JPfU1Je63t8HL6BtmkRN5AICormI5dWJ2ThX0UREAOcIMM0,Brian Wilson,https://play-lh.googleusercontent.com/-z1MeUd14eh4/AAAAAAAAAAI/AAAAAAAAAAA/AMZuucn6OWYtB1eiM5OIw6ZXckp-eLa2VQ/photo.jpg,Amazing game as usual from Kairosoft- they never let me down! If you like management games you'll love this.,5,0,,2012-12-14 13:57:10,,
gp:AOqpTOH7OI03hjqJfIIpr46TOOuOCwcAFLy-ZnJgbFIs1nnGNGwaNS-qZuxTvy_5c2fk7RbnCOUZwQvU5LQW8gk,Kenny Lum,https://play-lh.googleusercontent.com/-hMh8Y0TcqC8/AAAAAAAAAAI/AAAAAAAAAAA/AMZuucmiRU0kDKSc-vylouKyFJ9Z1dYgPg/photo.jpg,When it comes to kairosoft. Its dl without hesitation. Havent really go in depth to game but knocked out 1 star (its usually 5 stars in my mind automatically for kairosoft =p) because of the font alignment in dialogues. Hope it get fixed asap.,4,13,1.0.3,2012-12-14 13:48:17,,
gp:AOqpTOGHm23DOlnK6nlcc3iiFuQofucDvpfcfWaIQ5NJCKs4DIesr_gobshsUjyJ-jOa9k6NVPDcrkff_JLIvqw,Catherine M-J,https://play-lh.googleusercontent.com/a-/AOh14Gj7AVPt_1R9VwCxjYgwNxWrQc5Raa_EmZRK2r6j74c,"You can really tell this title was rushed through translation. Additionally, the text boxes are all over the place and it's impossible to see the right edge of the dialog.",3,1,1.0.3,2012-12-14 12:30:15,,
gp:AOqpTOEwtsiSUBQLEW7hfx-UPY44mS0D6RMCpfKfYd1sYTd5zx88x6Aa5QQHEVUF3lJ7Bu6aBzaczWXQRL4Wmxs,Josh Leopard,https://play-lh.googleusercontent.com/-Ui-hpNikj-w/AAAAAAAAAAI/AAAAAAAAWhA/AMZuuckYey1Igy_uvsiWsykxwJxTMmx8mw/photo.jpg,"another great game, thanks for not making another freemium!",5,1,,2012-12-14 11:45:39,,
gp:AOqpTOE1tSuknDkIBBL87MhzHWDUfT1n-65sZRX4oFOheQygJsotku2JfhIeq_GUCdJMZqZNSxKE03k2OPPsqI4,Dennis Page,https://play-lh.googleusercontent.com/a-/AOh14Gj4Jl065Lul0Mla25ZazWa7I8wObSNt_1qv5oez,Issue fixed and enjoying the game,5,3,1.0.3,2012-12-14 11:00:19,,
gp:AOqpTOFJHPUFk0uJargxS1NWM8aekGLdgUmO_WeRJClbPGTDlm8Lagr3ynTSlIepWIY_gV25mXIdJFnBfnz0YxE,Jason Chum,https://play-lh.googleusercontent.com/-Fez36jaDb0Y/AAAAAAAAAAI/AAAAAAAAASg/AMZuuckR2sENrzWCmgv9T4H3G8E4U6Bh4w/photo.jpg,Looking forward to future releases!,5,0,,2012-12-14 10:32:27,,
gp:AOqpTOGBEYJaqd157Bjb6kH1IffA4DhRIjnHLoMjoFQMAj49osSQ03nXQCdyqlsFYQoIPDjYg3TYUC6HfiILp_c,Jason Bowdach,https://play-lh.googleusercontent.com/a-/AOh14GglL7mnTGmG117gI13lTOH2marxcb5a_cREDwL93gc,"Purchased to support paid games. Thank you for not continuing to use the freemium model in Beastie Bay. Paid games let me focus on playing, not paying :)",5,14,1.0.3,2012-12-14 08:25:31,,
gp:AOqpTOFZ2VpmguA44CeeKHd261Ot2TxgoK1qG0hlfvP-jrkw3Lj_Qq93uWmFjzOPio8r1VQGAeAnJmbBOlIg23E,Jonathan Tsang,https://play-lh.googleusercontent.com/a-/AOh14GhShv2O7t1mr3n4d2b8NMDI_nXfp0l7O6g2UjPRrw,The text alignment is awfully off and creates issues with properly reading the game texts... Will upgrade review once updated,3,2,1.0.3,2012-12-14 08:07:18,,
gp:AOqpTOF0rR1xeL4PlzIPUWOscY_TRcZdQ3Msuz6iVfqdhoL5_EvcLCHM0Y1l3aVbTvLo3eVKfLeG5Xx35r5ubiU,Ed Mango,https://play-lh.googleusercontent.com/a-/AOh14GgaQLqfLj5zc0kJ2E_cJSnnEr8nOyhZrG_prbzuBg,Sleep is not important now that kairosoft released another game,5,2,,2012-12-14 06:04:44,,
gp:AOqpTOHI2zI4QCeAWZGRCz1QLE3N7UuztqKAClvhJnm4okIy2g2quhOsfbwL3jSllHScGZi9_nOZl_IRXVSalNI,Max Kolodiychik,https://play-lh.googleusercontent.com/-9BsU1g3_wDA/AAAAAAAAAAI/AAAAAAAALLs/AMZuucl8Vl7b7GPGQe_5-C86NH4xQV8hAA/photo.jpg,Always 5 stars...,5,0,,2012-12-14 06:04:00,,
gp:AOqpTOGA2tqnEkukO6DYdXhq28-0VWTiq9rFRTnneblme3P6eVH_1PUSWjQm64C3I_DVg8kOOncZ4EU70l-07wg,M J,https://play-lh.googleusercontent.com/a-/AOh14GgK8O_LF7J8CsS-yblujE_ColD5Fc8YNuAetsOb,No matter where I try. I'm unable to get this game authenticated.,3,2,1.0.2,2012-12-14 05:03:51,,
gp:AOqpTOGNV0D8k0Fx24LrnZ62UjNybco8f7NSukf9x8VGY6szKmbZMeTh7kebJellZDzBjZlDg34xB3wlVExi6b4,Elaine Morland,https://play-lh.googleusercontent.com/a-/AOh14Gjy0z0ls7XLaSV09WScGag_WZH06wzcaVFRzPQfBg,Of course it gets five stars. :D,5,5,1.0.3,2012-12-14 03:50:56,,
gp:AOqpTOHcXnecGKT0aL7gkIiBnux_VAY8B-D3H27850P8dopo0GU8hF848mwNhAON5-uCXCAZFZWNavZurB7RQjA,Harry Lloyd,https://play-lh.googleusercontent.com/a-/AOh14GjNDYeiFrNt_IvuiYS4PzCh2yJx-BhsvB-81GIRLg,Another fantastic kairosoft game :),5,0,,2012-12-14 03:33:50,,
gp:AOqpTOHb3FPRwoxj2On8F0Qbl6mqleJtR1KNwfubejjGqpm8vqafh4lHqBa7h98sH-4OChHKkWnn_CQFpDl0AWQ,Sith Tantiwut,https://play-lh.googleusercontent.com/a-/AOh14Gj7_WX6aFnLmZ2DgIZVGgzlpJt5Cb39Wbts8axVnQ,Thank you for fix it. It's good game. I love kairosoft.,5,0,1.0.3,2012-12-14 03:30:48,,
gp:AOqpTOHH6iWZ_t9PmU63y9QqjMmEuwa-qgkeHCfK5ewehrFUi3OowlogxEQp0iRyBddo2kxwTmUHOIz9TlJQkZg,Jagannath Sree,https://play-lh.googleusercontent.com/-luWlb0f7IEY/AAAAAAAAAAI/AAAAAAAAAEI/AMZuuckJMKgObjQaybhtlW9jmwU9-xJWGg/photo.jpg,Now the error is fixed can play its a kairosoft game no need for introduction will be awesome :),5,0,1.0.3,2012-12-14 03:22:51,,
gp:AOqpTOGuBR7kv47KHRkMyKtiTrUVmrUeLvyd6QmCZo7aZ2quKd9Yp_HEf6_CdMGBr3_eNDY4mRE6hh7JrXEYAX8,S A,https://play-lh.googleusercontent.com/-eT-lfs4WF_Q/AAAAAAAAAAI/AAAAAAAAAAA/AMZuuclu_CPB5iO9rM3RPQCtUsGCb9LEAQ/photo.jpg,Already fixed. THANK YOU :D,5,0,1.0.2,2012-12-14 03:08:50,,
gp:AOqpTOFKGymeOTulDI4vpXBqTA0312SUkcQkow3wm_opWmodiYSdhPgAwoUcYW71zQIQV0BrWcq9C2CKwrsDqKw,Simon Hoang,https://play-lh.googleusercontent.com/a-/AOh14Gh6KZ0h7L8FNQUkbomv3NPXAnfx7ObYJAYynBv-,"Uninstall, then download from the play store again. Didn't have the authentication message show up again.",4,0,1.0.2,2012-12-14 03:00:03,,
gp:AOqpTOFHM32aDVxbEHh7JBdwzXki_xmS6q66ZkuOsCNfusJEcq0his8rsHlECwFe5H7TxteP461Jz_qa7N06vPk,Crystal Campbell,https://play-lh.googleusercontent.com/a-/AOh14GgUYFK6BdFIVgJbhwKumLn1idJlEoRi1FH74ckluGk,As others have mentioned. I have faith in Kairosoft though. <3,1,2,1.0.2,2012-12-14 00:24:45,,
gp:AOqpTOFjV27_7n55yXz9h9u33sPhphWrWXSlfwvOmP5g-exwjOgUfktKedNyl_NS7nj9rl4NnmRUiRfyasJfLF4,Amethyst 1013,https://play-lh.googleusercontent.com/a-/AOh14Gjm1QfDZ9Bc4ZBXR4jv7sOb8Ke-wqliQB5MRgU7TA,Authentication failure....refund NOW,1,1,1.0.2,2012-12-13 23:02:30,,
