reviewId,userName,userImage,content,score,thumbsUpCount,reviewCreatedVersion,at,replyContent,repliedAt
gp:AOqpTOEEjuHlMF0Fl3WmcZFY6XolcHS_0LbQcUCukKheko3XmR1jPqELKyxPPs1KHob5RTWcyG0bIZHH9zjchcE,Gabriel Castaño,https://play-lh.googleusercontent.com/a-/AOh14GhsKG_DKd1dFROVW4Rvs6oZu-qaf5elgHE8_ovf7Q,"So nice to use,",5,0,8.0.2,2021-02-05 14:07:09,,
gp:AOqpTOFn1c1CmtDoxTTFF2qm7-gQM8FXxHyvYWzssx-mXlXIGM0bYL-71gSEVb1Ij9wwatK26hiQbqCJdVXtOlo,Bob Brown,https://play-lh.googleusercontent.com/a-/AOh14Gi5h3F6L-8H8amhXxYLdbrhPpiFTEE_gxHO8Ngv,Great Level app.,5,0,8.0.2,2021-02-02 11:50:38,,
gp:AOqpTOFCHKtpbtWmXpaYheQ41fo0ugmDgau5z1y7k528uihqltivyvin3ath17MYzTHejQLmutaCnVvRHDzXMIc,Jeff Kent,https://play-lh.googleusercontent.com/a-/AOh14Gh6zjJWv0HgPl7GvCiBQAdeHK2_QDhfoHMB4iVaAw,"One of the coolest applications out there! Simple, light, and accurate. Couldn't ask for more.",5,1,8.0.2,2021-01-31 11:38:08,,
gp:AOqpTOEZxBDHFP-EfEJhx7tFX6PsncX24_RdJFx8LgtW8dy5hXPuOAiVz5unLQnm8adFhyXcUsYOru7uSIirwsg,Doctor Ratton,https://play-lh.googleusercontent.com/-JjsTeb3PK1I/AAAAAAAAAAI/AAAAAAAAAAA/AMZuuckz6kDl5pueKbkM3Xv6hs3LdF_2tQ/photo.jpg,Great app that does exactly what it says,5,0,,2021-01-28 15:35:30,,
gp:AOqpTOHirgMF03GHXUT-parx5vKqMtK5LCv7UDNJAH2E_YllUVo7h4jN1jPT8SPoZJpGypS2VZdBmjRJimZWbwY,william meighan,https://play-lh.googleusercontent.com/-1lh8XfDT1rI/AAAAAAAAAAI/AAAAAAAAAAA/AMZuuckU6IRqTZ55LI-WRc2eaBz4myMmtQ/photo.jpg,Easy user friendly app. Very handy. Best I have used.,5,0,8.0.2,2021-01-27 05:40:37,,
gp:AOqpTOFNRbTD6lWCa3jBMhXxSPd3vhMtoYtENW6KIlp5RgEPgbmy6WnroGtmwqvu9j8XugqT9A3NMstchbQDbEY,James Woods,https://play-lh.googleusercontent.com/-ghmOPsjInHA/AAAAAAAAAAI/AAAAAAAAAAA/AMZuucnafmMIwMeQU7ILB-EJkcEyYU6BhQ/photo.jpg,"One of the handiest phone apps I've used. The level is very accurate, and convenient. Would definitely recommend downloading it.",5,5,8.0.2,2021-01-17 14:56:42,,
gp:AOqpTOGcPPrZOV9U-cncoQExuu5opW0icXvML6lPDnjoFl8OEiHyJHfR1toL280mgOvcEhNDZK7JGKLF4GDe4po,jjcobas222,https://play-lh.googleusercontent.com/-TrIoqptaPJc/AAAAAAAAAAI/AAAAAAAAAAA/AMZuuclTXoJnF-piYgBR1thwaBiQGIEXFw/photo.jpg,"Spirit level in your pocket. Used it to build 3 custom motorcycles. No glitches, perfect!",5,6,8.0.2,2021-01-02 01:55:31,,
gp:AOqpTOEAVQkiRHhar_vcvYchYiY2E7bB8iiUuPU13I-bNUvuGOZPSicu7SqEfW1Hva7mxsKYJ16Wmyqg-p98J5c,Roger Bellis,https://play-lh.googleusercontent.com/-B-ZLhpNsQQs/AAAAAAAAAAI/AAAAAAAAAAA/AMZuuckvHWa-6yOepJRloPeOqPyoX9DpTg/photo.jpg,Very handy.,5,0,8.0.2,2020-12-26 03:33:20,,
gp:AOqpTOHH_-0JmldOWJ2ZHwvE_bTplEy19dX1ph76AWcapD40gvJIqzf6BHUjSawmMQ8pxYHZZcv3v-cHQmzbeoM,Steve Barber,https://play-lh.googleusercontent.com/a-/AOh14GgFDw3A_HQ9h6xB5nwR6DBvUMBET23ZGQy12m1Tsg,Works great,5,0,8.0.2,2020-12-23 13:54:49,,
gp:AOqpTOGkHaKvi8rN0jckI4sRyDBEQHQfV1acPdRQs2lIbL5L0fVLRiNf9bK5KW3Agdltp__2DYCVxIrNxTeUpBg,Mark Dobbs,https://play-lh.googleusercontent.com/-IHNUUkc-ElA/AAAAAAAAAAI/AAAAAAAAAAA/AMZuucnQzb2e51f97u9gg6t4YYYr2uvjUg/photo.jpg,Nice & Handy to use,5,0,8.0.2,2020-12-21 11:43:57,,
gp:AOqpTOF8PK64lyoLmOODk2B56JSxmc7cvfRtXJCk2PoaihtgymuAHutCGK_oUTgv132OJ4Lx1qBbYZ4zXGtqfTY,ricky chandra,https://play-lh.googleusercontent.com/a-/AOh14GixMylz4CMmuzN8qHzIQKZEkfisMUmKWvC3DOM1u3c,Handy,5,0,8.0.2,2020-12-21 00:52:36,,
gp:AOqpTOF8RtavWgz3zftVIhOAdFHXS1xHoLGyCglPJOIQBl4zZ-9P5UJbZyvrJRUV-iy6VmYY3NyhLAMMsq333Qc,Larry Lauer,https://play-lh.googleusercontent.com/a-/AOh14GjVgAGftHRUQ5zDCMIVRtd74RBmAppmQSAmcZ2vBQ,Love it level my camper,5,0,8.0.2,2020-12-19 09:52:26,,
gp:AOqpTOFn7k00TbY-FZ8J3AGkm7AODLNIfIzeo0gh_lrgfpl3fvywOgN2sMyoeYp9r2bcENzmn_Az5vVjQQpOrTg,Keith Daniel,https://play-lh.googleusercontent.com/-iOySSFBQuMw/AAAAAAAAAAI/AAAAAAAAAAA/AMZuucnzefvnrFbx9xYpH_cqvOlHdsXe8g/photo.jpg,Very accurate,5,1,8.0.2,2020-12-04 08:48:45,,
gp:AOqpTOGSpCXbyjo875KVI_htsxI1_k3xBBDcQhZfpPsFjonW-o4Ks09-DeWnrUGdVnPTUTJYXuTLhO4P6zwJtcE,A Google user,https://play-lh.googleusercontent.com/EGemoI2NTXmTsBVtJqk8jxF9rh8ApRWfsIMQSt2uE4OcpQqbFu7f7NbTK05lx80nuSijCz7sc3a277R67g,I downloaded this app because it was the only Level app I could find that didn't want unnecessary permissions even in the free version. It also works very well. I purchased the pro version because honest developers should be rewarded for their work. Excellent app that works well.,5,5,8.0.2,2020-12-01 10:26:46,,
gp:AOqpTOHabct80_ulawE7x1jZIESRYvkR7wc33SY3-4lI7s0v2ZY2RQ2w-_IeridPAPv_xQ5ZiKn9MOCC6e6gxUs,Charles Barraball,https://play-lh.googleusercontent.com/a-/AOh14GjZ2Wpzm7h_byiiwSb7VXUFg-U5HhXndy70ECX5_g,Lovely having this handy versatile level always in my pocket.,5,7,8.0.2,2020-11-27 00:12:12,,
gp:AOqpTOEdqL6juwpgQ6-fqncyrqXOeuI-vYYdPSP06RiLNjSv9ihFnTRxN4_f7zOzdc6bc6RWHW0VcQUvRVOFX6I,Philip Monroe,https://play-lh.googleusercontent.com/a-/AOh14GheHNHLmg4JIsvVrHYCRRm2aclFRMk57tIfvC3Dsg,"Very dependable, accurate app. Thx !",5,9,8.0.0,2020-11-18 17:40:38,,
gp:AOqpTOFM8_GFXP1CDlxjphBwL29P-yQB3DNdbKOEm3Ulz9sWbCYxfF4A5sg3UG7jD5PgvpNMv4AmqwdfcspAEWk,Mike B. Pyro,https://play-lh.googleusercontent.com/a-/AOh14Ggjd7pssrv2H9hWeE7eia1Cj9MOou6-dmW9o-uYDQ,A+,5,0,8.0.0,2020-11-13 09:00:36,,
gp:AOqpTOGe9r5nlsYHze55fniLiMK5bCx41Ln9cZefZI0v6pHdV-bNmNSLQvQVWzcIAWZSubcAWWEOqC_xTTtyYIo,s h r i f z k r i h,https://play-lh.googleusercontent.com/a-/AOh14GgryI1bYBkE_sFErV2rU3Bm0LWXJJZmXpTNIbxDjA,Love it...no regret,5,21,8.0.0,2020-11-12 23:06:20,,
gp:AOqpTOGvZxuSGy6HYy1aJzUMQRSYpaTQecsEq74swooAH-P1tXZ90yVTbRFibferHRkSKrBZeNuiQEBEKcrGB-c,jrhino85,https://play-lh.googleusercontent.com/-QA8bx-1a414/AAAAAAAAAAI/AAAAAAAAAAA/AMZuucn5nllNQki6Ja3QHfyvLXGJt4VLCw/photo.jpg,Very Handy I use it all the time.,5,26,8.0.0,2020-11-11 17:07:26,,
gp:AOqpTOFKfBzzdzndA2Z4KP-jzvqYl2NTbMiX8U0xK0rhHOTlTvRf4IGjC1V7mJXra6kuhDgG2oxG7ENJsZ5r_zU,Dave Perry,https://play-lh.googleusercontent.com/a-/AOh14GgvZXKotzuS7vyRFnz6m5iSxuSFqCHYEcT0UJOIzA,"Great App! I love having a reliable level with me all the time, especially one with a camera, so I can look at something and ensure it is square... when it is supposed to be.",5,90,8.0.0,2020-11-11 06:15:20,,
gp:AOqpTOGsMSwcjlFsl62jpTGhghBjimzakPq2HTHF-tlYTAiQXWv7gCAb7cjjgbuCXdYb6UedjWRchxflfk2Tjyo,Roberto RR,https://play-lh.googleusercontent.com/a-/AOh14GiK8ZEelXuM3whPmyuh4YVDZX1ZT5ldzB7pca56pA,Great help,5,0,8.0.0,2020-11-11 04:40:43,,
gp:AOqpTOGpqytfuBp3ZH8qSj1DfQu-ArTeN6AhSNOTsPeHfw0eq7J70NZoKRyLI2VnTDxcQRpzal0BVFn8HSUDLCg,Alan Pratt,https://play-lh.googleusercontent.com/a-/AOh14GjT2nFtnjUF0sal4PWZLCPoTy_MZyni44A45VFF,Downloaded pro version and there is no difference from free app,1,2,,2020-10-31 01:55:43,,
gp:AOqpTOEKMv02KfKuC_LlpaUjUy7TMPhmJZnNZWGfLXjIdIYnJYYxXWykiDLS0SpsL-rrSbCIeBO2v3u5lUsZtZk,Robin Christmas,https://play-lh.googleusercontent.com/a-/AOh14Gj-qGZrAEafiIRq9NCIDhidhhRdgrRgIW7gCkXEvpo,Works great. Just what you need.,5,1,7.1.2,2020-10-20 15:26:14,,
gp:AOqpTOHtaswH8gIHnszv8b05c1H6g_wxHnjBiydL98wIHfwMloy3_cerTHTv3PZ3kTGX8uFZHQSqYq5NoJyCHak,Luke M,https://play-lh.googleusercontent.com/a-/AOh14Gja1EtxqK0tQC5vXxvwd-iGXU2G0iO1-t36RuhRrg,Good levelly thing,5,0,7.1.2,2020-10-19 22:57:09,,
gp:AOqpTOEZq_eovh2wi1h-ryv1FobSyDdtCNhAhvwG3MAajrA08Zv1TuqEFSpNhbDNegCZK6DSNZrswTE8v5Hm9qQ,Yehezkel Pernas,https://play-lh.googleusercontent.com/a-/AOh14GjhbjSNYDmmHPcKfDTVcGv5nu2srqv3Sy-gfTD0cw,"The app pics are not up to date with the real app, there is no image on the background, neither text on the controls",1,7,,2020-10-03 15:39:21,,
gp:AOqpTOGHO_J-s-9byyNwMV75Hgm0OXLcZaBn-qWdnTG8fstzAHHKhoTup0-4x1xj_Ld3bXjiIxcWg2QqJjrV4Sw,E,https://play-lh.googleusercontent.com/a-/AOh14Gg96S6k0usN5_hTrRtrX0pqad_M8upbpX66gBp4lA,"I paid for the PRO VERSION and did not receive it. In addition there was no sound as purported by the Developer. If you've moved the Clinometer to another App as you said, how about some directions as to where & which App so we can find it??? I'll upgrade my rating when/if these problem are rectified. Thankyou.",1,19,,2020-09-12 22:08:57,,
gp:AOqpTOEzT0O2gJXoo44eXWx6izkUk3Bfq7als4Q5dDURJYnkM54A0o3UmegO41ialCP8ihPtPwnAgq6XTrCFfpc,Bryan McDermott,https://play-lh.googleusercontent.com/a-/AOh14Gjnh5C_ggTkGoVZMfYNN4REYVrS1lrJynFRM01UnjU,The free version impressed me so much i bought the app. Ads are not annoying but the level does everything i want. Helped me to grt a job done so paid for itself.,5,34,7.1.2,2020-09-10 16:33:01,,
gp:AOqpTOFuDiunnlSkcYF929sMnbg1n_oka53giryaiQmV_L8iL6JjOwf6zz6N8csVrcntX3hzZYlrMkx_OLV6JBs,Manuel Rosario,https://play-lh.googleusercontent.com/-PocVg-s4Oxk/AAAAAAAAAAI/AAAAAAAAAAA/AMZuucnDl_8A134hjflLSocDbdlKo4SLNA/photo.jpg,It works!,5,0,7.1.2,2020-09-10 14:02:40,,
gp:AOqpTOFXQRcJxv-9aarytqaBa2zjxki9liqtMEKYNbWHyFQ1lD647d2Zt9Mp0bcklHlEaKvj37PA0nRArO1TbB4,Allen Samson Paul,https://play-lh.googleusercontent.com/a-/AOh14GgAkdtI9E39d5koflK95WkEUBnfWWUlZiac1c2EHw,Awsome,5,0,7.1.2,2020-09-07 03:54:13,,
gp:AOqpTOFB6H26_qBLlL0Gl4dP-W0yfIfv58FaFboO6DMGTii8UYW1Blqz4MLAFyPaSFqIc_ylVOxWU4X5T4TEm38,drachir 1780,https://play-lh.googleusercontent.com/-FnxyXCXWOwY/AAAAAAAAAAI/AAAAAAAAAAA/AMZuucmStqipCHZatNreP_k2qzlaTvoWKQ/photo.jpg,Nice tool,5,0,,2020-09-07 00:17:16,,
gp:AOqpTOGqFhy9KAuN6GQazurhq7TnvRxroz0vCmxX1EoBJxHeuv7uX789-12wTnpU-d2bh7nlESy8An0u_9YbNZc,Kirk Rowley,https://play-lh.googleusercontent.com/-msE63rFGHI8/AAAAAAAAAAI/AAAAAAAAAAA/AMZuuckWzTkYLB2-QRfaH5WheIVYSNelkA/photo.jpg,Great tool,5,0,7.1.2,2020-09-03 10:32:18,,
gp:AOqpTOHYghvdd9RNOJWoANsWjFmbjeXijUa2fOhyw4jrWYy_UJizTssJhPClYTrM2YghEu4USvKyvPXRtcKInMQ,Ted Warn,https://play-lh.googleusercontent.com/a-/AOh14GhXr2mnH_4uftb5r1Kpqm01VvP93pZKd0IilHLP7g,Works well,5,0,7.1.2,2020-08-30 14:47:02,,
gp:AOqpTOGx1r78RWFbwKDAv-b8yH5gRsZT1SGTQXu-lLKDTmkQW0AzGXZyNL7prizeZf8cZHZgemQ2KBfV3jfj-FM,Mike Mlakar,https://play-lh.googleusercontent.com/a-/AOh14GgLffqU9p3E2vJM6vLrOW_2jYhu0z4nl_W46B9quQ,this app is amazing. very accurate. thank you. for the professional app.,5,16,7.1.2,2020-08-21 15:51:24,,
gp:AOqpTOG7DCDPSzxjcSeH0bkdwYnyh7I_DwUOF9Zl7jtLis68FNiqIHVIJqvS3yjVr8kjPUYg1mDahRcTYK10yOs,Gregory Bunch,https://play-lh.googleusercontent.com/-XwoXLK1Yuik/AAAAAAAAAAI/AAAAAAAAAAA/AMZuucmRBNskHy-Ar3GC7j5c8CS8LCA-PQ/photo.jpg,Brilliant!!!!,5,0,7.1.2,2020-08-10 17:05:57,,
gp:AOqpTOG0VInlfLj8CYJMKqZ2xQB762bJsR3BvMg6_yUbtUoJEmgRwWvo7m08O9JQN703wKrD8OHNhMPH4BWeAEY,Leonard Scott,https://play-lh.googleusercontent.com/a-/AOh14GhK1aDMaGF_jCnEgMJ9FlQhZgXVTOcFLE1HlFvseQ,Excellent application. Works at any angle and direction. Love it!,5,33,7.1.2,2020-08-07 10:49:04,,
gp:AOqpTOEJ0CFIBEgyHDK-NW31WeKhrlDlutHlEWKcwI0SkAjinp-wdZLpivXZGdx8qAlmUKyN6CV6X3ezaSqZVy0,stuart roche,https://play-lh.googleusercontent.com/-3TGi0Qq3OOI/AAAAAAAAAAI/AAAAAAAAAAA/AMZuucn7jIK-cW6uNSPsqL51O1tranngXQ/photo.jpg,Ace app so easy to use and pretty accurate,5,4,7.1.2,2020-08-03 04:39:40,,
gp:AOqpTOEq4cL9VuQLLzU73pYHjbFwy3wQlwrPpN4_28uAQiERTnnIbMOO3u_uo5qT_b_p791F0LSC3ao0zH1udwM,Jim Pazarena,https://play-lh.googleusercontent.com/a-/AOh14GjCx9QiX6ARioLBaoQq6hBZ-xQUhxZBTnJ39ziMiw,Simple to use and clear to read . I like the ding at zero degrees as well,5,19,7.1.2,2020-08-02 11:57:58,,
gp:AOqpTOFIZ_8lJ5Nt0YLrjy1PaSBjY1W18jC007z9S61CF9O6Ky0TiQqTL-uUrYZEifgGUnEUm9dAD41UQthuQqM,Kirvin Hodges,https://play-lh.googleusercontent.com/-tniqzAw0_sE/AAAAAAAAAAI/AAAAAAAAAAA/AMZuucnqpyJwxtACOjdgHOuaFpRXcfuojw/photo.jpg,l have a farm and from time to time need a leve well this is the answer to that problem. Try it you will like it.,5,3,7.1.2,2020-07-19 07:36:42,,
gp:AOqpTOGhpJlqBmWhlfdN-JExBoB6S6ovbJPMWeBEw2CeJViPmoEZCu7y8F53p4MI14JMwueq7QE99i9iWjBzmI4,Randal,https://play-lh.googleusercontent.com/a-/AOh14GgHjcGeVMM--F6nn0QyppK2E0s5QSXPlLVVI62Ofw,Very Convenient 👍,5,2,7.1.2,2020-07-19 06:52:22,,
gp:AOqpTOEK6TmEFwAQ771MJTC0SekfVMb3Qu16GvlV-y7nXQq1woqmIAswh5knl7f70CP-nj_Ce1qnZLEJ7vCthd8,Mario Escalante,https://play-lh.googleusercontent.com/a-/AOh14GjwMX7iOt69JzeZ7-nONxn2QQP566SRDNP3YZ7cnsA,"No calibration, no camera view...",1,9,,2020-07-13 10:49:19,,
gp:AOqpTOG3LMTybaap8VeMiELdxnIXujdbZ2fEc2axLEDoVRkkpaBri8weDWDU0r12i-OAoupoaHecMEHN9vQo3AI,Michael Kipping,https://play-lh.googleusercontent.com/-VIOKQoyk8Og/AAAAAAAAAAI/AAAAAAAAAAA/AMZuucl4YC8srG-es9_DdS-DxpLJ24qRgw/photo.jpg,good,5,1,7.1.2,2020-07-05 05:19:17,,
gp:AOqpTOE5xejOzMjg3zVgD9tTuoQtMYzek6Uu05wENoYn8glq_dpUg4Cz_tcoAkCbFyO8q3wzSCjSKJvFn9EOVrI,Ed Diaz,https://play-lh.googleusercontent.com/-HhVyYHlaZpE/AAAAAAAAAAI/AAAAAAAAAAA/AMZuucl6zJFcQEkjGpv-6oKhnzsbR-UKVw/photo.jpg,"I have been using this for three years.Great app, simple and effective.",5,0,7.1.2,2020-07-02 09:27:12,,
gp:AOqpTOFbTxP9vT1yFQjjHbT5yKIypgsZAx10qdCjfORBZwkpUFCcZGSSQF8rElnWMLvTVN16f4-EPgAQCjGQNIw,Mike Bliss,https://play-lh.googleusercontent.com/-1k-Zxm5Sf6g/AAAAAAAAAAI/AAAAAAAAAAA/AMZuucn42HmFQ4tDqBzRg0-C5Ct2EBq1-A/photo.jpg,"Basellined the app against my calibrated digital level, and this app is very close (+/- 1/4 degree when compared to the digital level). Solid app.",5,51,7.1.2,2020-06-28 10:43:05,,
gp:AOqpTOFdLp44aGBJabelJSMfa07zmVcWLUDr4zQQTlydcw6DQgqPNGvSJWHfuPxaBEr0OIHfFmNhAGrX4ZfBKsY,Pappi gentry,https://play-lh.googleusercontent.com/a-/AOh14GjOkxSxew2hGmtWRg1ULcIBMT9bB3khlRrhecUiew,Wow,4,0,7.1.2,2020-06-26 12:06:24,,
gp:AOqpTOF-ImZ-HzvjrlergMAkYHcZOQlWHgboBLK_cewkMHNm1hkFLa--OzkuIBowUPuzm7cT-pgcKMp1ZN0vVgA,SoCal Fishing,https://play-lh.googleusercontent.com/-XCw_KGpTU28/AAAAAAAAAAI/AAAAAAAAAAA/AMZuuckQM5kjAe8fOmx42iDSQLk0UIm95A/photo.jpg,Great app,5,0,7.1.2,2020-06-21 14:53:05,,
gp:AOqpTOHIF1eqlKkega11EZw72h2-7OBel3n7TZU0U6J3PV3DQvRs3s9QEPIkqHO51dh0sQUkpxhA-jM-Gm4ndcs,Andrew Jellyman,https://play-lh.googleusercontent.com/-tYSN-bpxgAs/AAAAAAAAAAI/AAAAAAAAAAA/AMZuuckmcBYS2ZZ5Dx9QKMpXYFfTbX-3Fw/photo.jpg,Simple to use and fairly accurate.,5,19,7.1.2,2020-06-19 09:45:15,,
gp:AOqpTOGFnnkXdLixOwNO8oygS4W7pB0mhYm5UdVvZAEQ0x8YoB7o9nBbzxCYqQ8Xxzyj_NxBYBEmfT4mbK5ra64,Bill Pearson,https://play-lh.googleusercontent.com/a-/AOh14GivL04jfDAde73jalKfqTIOOEfsCYbGfAKnxSwpJA,It works very well for normal uses,4,8,7.1.2,2020-06-11 09:36:20,,
gp:AOqpTOHbkXCIfnGGNaVdplu2SI6h5zwv3YVArXGrL9m6oooeyqTbBL3Ujo3CUeiFhOB4qJbsJ4cCQup5ttCPMAA,Deemko B,https://play-lh.googleusercontent.com/a-/AOh14GizKLdtQ3YTjbzJvR9gmUV-36reL5QIMQysaHR_PA,Good app. $3 pro version removes ads.,5,35,7.1.2,2020-05-30 10:52:10,,
gp:AOqpTOG4pbR3HQ6ZQBpkdA8eGwEwRRZBUTdkoSlNgzYc_eWw5Cp8ozMH3F8QiDbwvShg6unZArfOfoMlw0s_61U,Mark Wilson,https://play-lh.googleusercontent.com/-ibPFf4PfpMw/AAAAAAAAAAI/AAAAAAAAAAA/AMZuuclnHVqA8MRTnej49bvKeAlezWLilQ/photo.jpg,Very accurate,5,0,7.1.2,2020-05-24 08:06:02,,
gp:AOqpTOGHEB2bPep4jukadMVzVm41Y1evCY5AXOiikbO7Ig054bqDTuhtjeAvP2Dbq_LvSQHeBpSve3RFonx5vrI,Don MacAlpine,https://play-lh.googleusercontent.com/a-/AOh14GjY1hKTgtYEDmQ3LUlhMY2syKbNVNrtXDYTrOvfqA,Disappointed. It doesn't work vertically or with the camera - despite what the description says. It's just an ad-free version of the free app. No change 21/5/20.,1,32,5.0.0,2020-05-21 04:37:45,,
gp:AOqpTOGmio2JUuD39KyCfr0fxXsz4HHTnlmlu1nyDCyk6SYzfo9WT6z4G4CJhTN5TFdL61GZ79nue2ERBfMMYAE,Dennis Price,https://play-lh.googleusercontent.com/a-/AOh14Ghda2gXPq-DO9TGry-gLRLd7bFITGn8Pzvffeo43iA,Great App!,5,1,7.1.2,2020-05-16 07:06:03,,
gp:AOqpTOHMakw03vR_jTtMQmwYuM87D0fPa6tyoskzALyAbvgwDydkxWgk4k6mgfxMCvLJt6qLO55_a-D4tP8vl5U,Ken Tanguay,https://play-lh.googleusercontent.com/a-/AOh14Ghdy8wZOyJ2sEzAjbLG7OMHwr5fpOKqF7zssr_ZTQ,"Cool app, I use it to level my camper",5,10,7.1.2,2020-05-11 15:19:06,,
gp:AOqpTOEAdOY5x-8p20svBTWBOMW-DwOq41atw5ipF29DBf87B_XkgyxRg8qMGRIAEHguPIx3nfHodIh77WF5sxs,John Tate,https://play-lh.googleusercontent.com/-hD1bZ9yVRqQ/AAAAAAAAAAI/AAAAAAAAAAA/AMZuucn0UoQVvVK055-Aelzy6rnz7h_7mg/photo.jpg,This has turned out to be a very handy app especially when I am making stuff. It is so handy for measuring levels,5,55,7.1.2,2020-05-05 02:46:38,,
gp:AOqpTOF34oMcH5mC-2pfan4nx2f4rR7IXgK769xqTDV5LNTNs1kssZUIxKjx3Njk0LjCVGI90Z5PF6oR3EJul-k,Larry Levy,https://play-lh.googleusercontent.com/a-/AOh14Gghp3jfHkM2g1uYzu8oEpYhxn6V1FY76EideY-W,Great little tool wjen all you have is you phone.,5,3,7.1.2,2020-04-30 10:19:45,,
gp:AOqpTOF_G0ti3-cxXu8ToNoKcot-SQ7oR2adK6rYi-2BqzdA_Z7oxxy7gnXdoiyvj7fVVsCFzkpIjk4fld5Ab38,Steve Liddle,https://play-lh.googleusercontent.com/-4PrrUQCSH_0/AAAAAAAAAAI/AAAAAAAAAAA/AMZuucnXMUHQEftMhv84wjO5mZzWHrZ-lg/photo.jpg,Simple yet effective,5,9,7.1.2,2020-04-29 23:32:55,,
gp:AOqpTOGShAeXXB5IcoeQYbfr9T_wHoUpA4v2IxEO2CAztu9rG44VbQqyeoLsaVwW0YbJv133ErHtFqHY1kvdSGs,Fred B,https://play-lh.googleusercontent.com/-M2pF1TmX8H8/AAAAAAAAAAI/AAAAAAAAAAA/AMZuucmnSCS1yrNSalEqhsZz_lu6NKHkhw/photo.jpg,It is very useful.,4,1,7.1.2,2020-04-29 01:19:34,,
gp:AOqpTOHuHLNCPSQlHtMmNOdct85mwtJyNSGcJ27XuiepMfIgK8g_DIiZZ_KoNI6D7yCe1SP1NF-t8mN3sCBULA0,Richard Whiteley,https://play-lh.googleusercontent.com/-BPaYSYHYMy4/AAAAAAAAAAI/AAAAAAAAAAA/AMZuucnJbXiFTRGOniFBf1aaA2IqbiC48A/photo.jpg,I purchased the Pro version to get the camera part of the app to work. But found no difference to the free version.,3,19,,2020-04-28 07:24:32,,
gp:AOqpTOF6Rb5sHKY9CTjNCHqDJcTxXGjheC-vvQLpJjx6xPaigw_sEOJUt-IxUNqSS1NRd2jjNls0Wr03JXFgWBQ,Ken Sorce,https://play-lh.googleusercontent.com/a-/AOh14Ghbyjj6YUgafD4b8FiOMaKJIdzuRUeGqcgmN4XXeQ,Just handy for somebody always putzin' on sumpin'.,5,4,7.1.2,2020-04-27 16:02:51,,
gp:AOqpTOFNxbr_eObg1xoy9j1Z57pTM8XfiAS8d1HLyJI_py00A_xSYAo2TgDbgpkEPJMIFlE3LXl2T9q0l1dcg6U,w,https://play-lh.googleusercontent.com/a-/AOh14Gjy8cG-Tniq12kE1Fr-9ufnnLkEwIFNp43Qn8xBOOI,Awesome. Simple. Clean. Great work,5,27,7.1.2,2020-04-27 07:45:47,,
gp:AOqpTOF6IJGTZ3B7-plgh9js-wR_p5JZCPVPv_r4YMjuBQvXOyM6q4v8wa7qxMWLliG6m9vk3iOL8XLIEKRAdpk,Aaron Cohen,https://play-lh.googleusercontent.com/a-/AOh14GhhS3emZ0--Abp1IoJIobP6Qgb2huWK7PnTFa2htQ,Simple and quick level app,5,3,5.0.0,2020-04-01 11:44:55,,
gp:AOqpTOGY2ZcpluOScGk8MwYHzqnw4V7jU2TO0wGY32H8w4ik04O2ctoAD0iVLE2XXZq3Vi9y-jXzwH4cssZz4lo,W Scott,https://play-lh.googleusercontent.com/a-/AOh14GgAplLDnoSwWwG9ZoH_mgeJUocpc0a0yZfpvXmF,Like!,5,0,5.0.0,2020-03-24 04:34:53,,
gp:AOqpTOE5dku2DbT7IJVRLbHfPm9Gqc-TjBNDa7XmbZA4gRO04qwCXHVeZewtzWuBAyhQQ0TcdWao8mLHYZsEvCE,Mike Bailey,https://play-lh.googleusercontent.com/-bADfzDHHjVw/AAAAAAAAAAI/AAAAAAAAAAA/AMZuuckIhWEulRJosUKzzY43ccnKsgGGVw/photo.jpg,Very useful.,5,1,5.0.0,2020-03-08 15:03:05,,
gp:AOqpTOEbN1Mngpfz5bZ8e7uFVUcAYYr00FduCza3gprzwFxUZyw3ZKFuaYegXW2BgO02CSmZ0nrTuEbx2VWLVyk,Chris McEwen,https://play-lh.googleusercontent.com/a-/AOh14GhevCVP-NQ17kg-OemykXx_aZcTtySLZqme-GL7EQ,Fantastic,5,0,5.0.0,2020-01-18 15:38:35,,
gp:AOqpTOFfLnjrC6xIpef0gIzMVBhrcmQteERTdSiUTrIiJzdJFjxdOo8NLigKA2Jw6pZgK1_wgbZSMjzGR3tUN30,Randy Joy,https://play-lh.googleusercontent.com/a-/AOh14GjIx_BqXJcy2-klbo7lhXV3TECNEwpGzNFSlCzqfg,"Great app, works exactly for what I need.",5,5,5.0.0,2020-01-10 15:02:51,,
gp:AOqpTOH0-O1ajcpTbWwaA3_fF5gkK1MlOBheF4MPrK3gGsZ9C6ss6l7a4s-cJpsJDmapiuUlEixexweMi76xy3c,David White,https://play-lh.googleusercontent.com/-FdY0ca9YU3o/AAAAAAAAAAI/AAAAAAAAAAA/AMZuucl1esqCdTuL4qrGcLKMpGFQs2H4pQ/photo.jpg,Excellent device,5,1,5.0.0,2020-01-04 09:47:06,,
gp:AOqpTOF1vc7e_oJdawElOq-DRxl2-s50gH3ZFqmVUksEm0fhqPcYdoHIu6YU4pgJiRg_80qBpVKmfkA-Bw6JhyA,Raymond Bennett,https://play-lh.googleusercontent.com/a-/AOh14Gi2m7_TQ_wEpYrgeDgIKpp7pMsLLvwU3GDx-q5Gyxc,Precision work,5,0,5.0.0,2020-01-04 09:32:53,,
gp:AOqpTOFjJoBJyv74tAu8tXH0pPf9JbJ6HRtE4HMBuThrs1cQT7xCRMf05028Zo3oFcOGTyPrLMSE4ZpK_zDN3DU,Will Lombard,https://play-lh.googleusercontent.com/-DUnTnL4-zBI/AAAAAAAAAAI/AAAAAAAAAAA/AMZuucmiwXWdwwmyYXXdTLbw6RAHi4JKmw/photo.jpg,👍👍👍,5,1,5.0.0,2019-12-27 02:01:05,,
gp:AOqpTOGrivffl5OAeSCagxuomPWmkmyFoqHfq47PQYSX2Af_ULbf1fyhCh8E9OXg9ri7PYa4VnOjZTYvesIsCs4,Stephen Brooks,https://play-lh.googleusercontent.com/a-/AOh14GgQFKSrdXvHb3f46f__6QjHb-ZK2tZsoHPABjjP,Going to Pro added the light/dark option (after I said yes to the permissions for detecting Geographic North). Using the lock option for the bubble levels allows one to read angles above 45 deg. It appears the author has split the Clinometer off into a separate ad free app Request - Show the Angle Type currently in use,4,33,5.0.0,2019-12-22 08:38:50,,
gp:AOqpTOEup8zMsvISX6EV_eEoJlH-gIaYo_Qz63ehb_lBmTJKJ2Xzn_1Ssu1Toi25prSgXxPbuaPrV7gFoCtaU58,C.W. Voll,https://play-lh.googleusercontent.com/a-/AOh14Gjl3au2pnKa6ulIfnw67PD1pSeizSGLHQTuGHM-Vg,Comes in handy.,5,2,5.0.0,2019-12-12 19:36:21,,
gp:AOqpTOEswtfHyTDpj46x1MFCkQBz4mjSpd9yVUg7Rp486VXWsxh2aL-Ekh69TARBLSn0umNKJlY8-89WKu7ycw8,Jeff DeRosia,https://play-lh.googleusercontent.com/a-/AOh14GiWDgmjSkD7gOuHybhfGxZFNiEyMsgPNvOqwhhrUA,Does what it says as a construction worker perfect for my work,5,5,5.0.0,2019-12-12 05:48:54,,
gp:AOqpTOFFrOjl6VD3DpV30pXaOtDRFHik2-8yvsFswf-5zOuyVfWNAtz0OaJisCNiNcjPKHXXpNSI1LRMPiXHyhE,Winston Baptiste,https://play-lh.googleusercontent.com/a-/AOh14GhZG8v_b28HqAW7fLC5ZsbcyCrgPoHTj43g8cTh6tE,Very easy to use. Would recommend this app.,5,7,5.0.0,2019-11-12 03:41:42,,
gp:AOqpTOFkGr4gQGMdq8ZlX78Hze2QkhS2CjkNSr6YdRhAROi6-CIn0hyETyCq_mBQXOOQj8Ep-0ej_sWYsm9GWJY,Harry Vonk,https://play-lh.googleusercontent.com/a-/AOh14GiYUmiB18fS0gzT4Q3kSkyIUnWsqBR01M55x751,Handy and useful app for quick read when leveling something. In many cases the app is all that it's needed.,5,13,5.0.0,2019-10-31 10:01:30,,
gp:AOqpTOF1u9AL8nT28ORPJFl1m7NL5I-_IaCkCWg4aYEW9THZiGOC6-GXBAPvbpQLKHjOOUpUTnHbM2r8m8lXKH0,Gary Burya,https://play-lh.googleusercontent.com/a-/AOh14GiFKNCg0IoC90lhW0atXXPoaPCaCAHpq-JyKjNNaA,This has helped me numerous times. Sure I'm not a contractor where I need a level very often but in hanging pictures or leveling off the pool table or Furniture in the home adjusting the settings the washer the dryer leveled off Etc this is help drastically I love this program!,5,40,5.0.0,2019-10-28 10:32:46,,
gp:AOqpTOHJZkxr-G7XxPwl7f2S_7KqaKW6xAmu2DSaST1_UD_GpDzyuwcrgnAlilwOCiyX-9AdMnV4t0bvo1xUzr4,echto,https://play-lh.googleusercontent.com/a-/AOh14GjpRtFZ-Q8Fo-_qHHlisxU2wbdB8R5uMC5KvvLBLA,Great app. Need greater than 49 degrees on angle though.,4,14,5.0.0,2019-10-26 07:24:15,,
gp:AOqpTOGs9K_dNZBiPMlAosNWlg19sPFLzRK3haQwWA2NI3O0IcMmVB2QiwPKqRdDPzh5Olw3tfy_gqMtZHZa0Tk,David Gaia Kano,https://play-lh.googleusercontent.com/a-/AOh14Gh1qb9FEvhjmI8mx_Y_NEO_RusI_oAuScV58J30FA,"Clean, simple, handy, accurate! Glad to pay to support & remove ads (which actually never bothered me much).",5,20,5.0.0,2019-10-07 19:05:52,,
gp:AOqpTOEkda8zs6tutmNpq2L6GAgx71Fy33u180FgXvzRwQXaUD50upPxMrV8koty_Qv00NIcNMPQ-vJdU-D63v4,Polar Byte,https://play-lh.googleusercontent.com/a-/AOh14GiferF7v3_zJVeizLS9TNu9TXfSEHMuvpSSdFFVFg,Great app!!!,5,3,5.0.0,2019-08-18 10:18:00,,
gp:AOqpTOHTl9bUcaoIPLK8CT18877uLTNVUrx-p_3QssEPaIJXHaBCRT6i9W0zrW8MQFN41BzDjJFhgrhYAD84EDk,Patrick Hildebrand,https://play-lh.googleusercontent.com/a-/AOh14GicHmAchuNwq918ASyojWXxxiPKdpumCnYXwMHrIQ,"I use this app quite often. As long as it is calibrated before each use, it works well.",5,27,5.0.0,2019-08-14 11:46:17,,
gp:AOqpTOEsQcC1Oh33bkT_Alq_bSUjlZkzrORh6ECbIz8nXDwwZVwoIFmRkhAnTsRohpuVhznxPFgxVwhflIm6Oj0,Jake Penner,https://play-lh.googleusercontent.com/a-/AOh14GiFJjQv6Gh2NPuqp10zhSbUKzQT0tayjzCxzToOEA,Need's the camera function back. it was perfect before it was removed.,2,35,5.0.0,2019-08-05 11:00:36,,
gp:AOqpTOHvYMfHDHChgB_bb3WahR4X7s2MtwjzuXFpkfOKbZd3SnSvLuTmp50U59SGRsBOI-rtwEiwW37WSfvdJ9w,Jon Madden,https://play-lh.googleusercontent.com/-r2w15Yx4hIY/AAAAAAAAAAI/AAAAAAAAAAA/AMZuucmMvpr5xOdj0P3dR6TGcKsxWDwgAA/photo.jpg,"Works great, worth paying for pro.",5,11,5.0.0,2019-07-21 12:35:45,,
gp:AOqpTOGDe1owjuDt5CP1O9IpsoFroEBeopv2ti857OgS3JY0s0cc4v0T0b6De8TrSKoZFgObkUOP9yNZdAaljrk,Ronald Richard,https://play-lh.googleusercontent.com/a-/AOh14Gi6c_JWEl2BWoJxOfHWIsZXvJtMKNzuvRTPOFU3og,Very handy. Miriad of uses.,5,8,5.0.0,2019-07-19 16:40:41,,
gp:AOqpTOH8afUNzhoNAranMnWhbVpOAvTPaYIG4VC98UI1wB4J68Ysyz5MFkyGtosmFsyJ5yjVHGIw85efQIH9Cng,Tom Coats,https://play-lh.googleusercontent.com/a-/AOh14GhVvttLpvDwO1kWseUWgAP2Gfb_ZKv061xWe_p16w,great,5,0,5.0.0,2019-07-05 08:52:32,,
gp:AOqpTOHzSJ6QhS7TwiSv-t2-WeIl-UrNav1RaGU0gbMyuoI_dqJ6LPYj6g0eQFJHTPjL0dw3WH1_h0qWXDO2koM,Francisco Mauro,https://play-lh.googleusercontent.com/a-/AOh14GiT5V5_yvBbe3DzD111trPmMfC7iRm0Sa15VExfHw,good,5,3,5.0.0,2019-07-05 06:32:34,,
gp:AOqpTOGHxbzz23ShW9IYQvkRybZi-r3aqz2Qw5YW-5bIm7KCHUlQAHfR8KC1R2aBmDk5plGc8PhpZyiT4lCi4XQ,William Ashley,https://play-lh.googleusercontent.com/a-/AOh14GjKdLPV9SoXINIWb37qB48syQItTvaY75rBdt7QxA,excellent,5,3,5.0.0,2019-06-26 15:21:37,,
gp:AOqpTOH8znsYLZ-94e8EQP8Wq8peKg3FkSYYmY8H4kAqFRDwOryUJOUOkTu7seolyNK4MV5nPsIe-CK8G8TDv8k,John Lazor,https://play-lh.googleusercontent.com/a-/AOh14GjF9H7MkWEfiOe1Xa796MwrgV_hbHtQ_DsI7zuFGp8,it is a very handy app to have when you are doing odd jobs,5,19,5.0.0,2019-06-25 18:46:29,,
gp:AOqpTOGnOVpMgBJt7LTEqNTPWzZ9KXgegEwPL-KoYnoY6G8mpxU255CmUAE_KKigrNQez_Vub1iC5V3ZLwNkOAM,Derrek Patterson,https://play-lh.googleusercontent.com/-cC__KgXOnJs/AAAAAAAAAAI/AAAAAAAAAAA/AMZuucl_Ka1Vz1nukwFS0o2un0KfHWV7YA/photo.jpg,"Tested once, calibrated, trust it and use it all the time now.",5,46,5.0.0,2019-06-15 14:03:57,,
gp:AOqpTOGUCLtRq2uNLLeweC73I47sXt_IZhpJWQexsBe6bAfPi1RNeeC2B0YCAZp9Js9-PEv4cA7Ewoq8EeZMeKQ,YellowBoyBlk 678,https://play-lh.googleusercontent.com/-L1HkRDsIvwM/AAAAAAAAAAI/AAAAAAAAAAA/AMZuucn1UxUbbbKajGXpwl9wYj5K_SGuZA/photo.jpg,this app is amazing,5,2,5.0.0,2019-06-08 12:03:08,,
gp:AOqpTOEhti0j1nhQ9YEZc_5CTL1HU5aL0o1_r3vxFup0vBy-w9JRtvGxH39kYypG7_bq6RGAp21jR_AXGZ9CP_s,bradley lemen,https://play-lh.googleusercontent.com/a-/AOh14Ggp3hFRF0CwVcpq6TsVr2yfJFrwel0XP7s0rQrvAw,works good,5,3,5.0.0,2019-05-19 21:30:34,,
gp:AOqpTOHZ_we7mLbQQH2zVrEihhbTzBiLwlMz3kkyz-5cjUHJ8aM7cos_p29pxPciCdDYZSgkPDcqpSiHnxTBOAQ,Everett Bradley,https://play-lh.googleusercontent.com/-jgLwd8kNX2M/AAAAAAAAAAI/AAAAAAAAAAA/AMZuuclT81Kq-p_In6U3SbvhJ1Mz7ngAZQ/photo.jpg,good,5,3,5.0.0,2019-04-25 10:49:55,,
gp:AOqpTOEm71Qn97Pt6UqnEhSrPhDs8EFALFyxYIdh3N3NVz7Vv91FrxmvYK9H8AZ_OvLE9dyeBbafPBbQ1g1HV88,Dr. Ramon de Torres,https://play-lh.googleusercontent.com/a-/AOh14Gj_TiUoAAf-OrjwHuMcymVDz-0MDV3KeGm5sqLO,I love this app. When I don't always have access to my tools I can always use my phone and this app.,5,49,5.0.0,2019-04-21 15:08:10,,
gp:AOqpTOG7jk3uGIKAjBFxSqWuN_CrSToG6ma2jkPQ4OvUT-Aa3R_qySW7A7p0KY9f3DWI1dYu3hEP0nWLeI3SttI,Lou St. Marie,https://play-lh.googleusercontent.com/a-/AOh14GidvKxY282gnC9Quqi5nqUKeYCBO07q1fP2iSaV,Excellent 👍 Tool!,5,6,5.0.0,2019-04-18 22:57:46,,
gp:AOqpTOF2qOlM3TGz2DMIeaN_FzNNY8lOJq5c1LdEL2F6dI_b64EyUee-QYHoKE15OWhd-U3zPy5Za1T5UwbNRnk,Joseph Dixon,https://play-lh.googleusercontent.com/a-/AOh14GjGL2y0Rnr5stFbKUbb_bxnAnEGPwxS-a0Fbf8R,Took out a feature that I had already paid for. Bring back the clinometer.,1,30,4.1.0,2019-04-14 00:51:59,,
gp:AOqpTOEI6VkU01NmkMVtclfWkIY5gB14O3wFqItJ1rb0PEhiq2Wz5xX3akqIH8y-wN90Kn5DKomTE6ZHsB0_vq8,Rick Weightman,https://play-lh.googleusercontent.com/a-/AOh14GjKy-y2RQME925UvWFHS1Id6xceJd79UoKKzZnNyiQ,Very handy App.,5,5,4.1.0,2019-04-07 13:48:09,,
gp:AOqpTOFwEZL1qeLc0vihRSkQLRPg_sJNiDbeQwf1Kz0HA5bIdivca0tvsd0pqmG3tlpGDWg2mjRci_182T8wj0U,Shannon Bowyer,https://play-lh.googleusercontent.com/a-/AOh14GjOsaXG3CRJUHjwofWzlspUAg48PmhnWVaECSN9rWg,I've been using this app since 2012 and I love it! Always have my phone on me and it's so easy to just pull up and use! Haven't figured out how to use it with my camera but rarely require something like that anyway,5,28,4.1.0,2019-04-01 14:03:52,,
gp:AOqpTOGj1F2CMFO3KCAs66WLKa_L0QgruXBQ9Zm-40lw5Bj7PHUrRU0mp1Imf0RVCJl44mOXfcgQnJq3_eb264c,sahab oedin,https://play-lh.googleusercontent.com/a-/AOh14GhU84ZP8LFt500wQFGY22w0HAYiU4QYfp5I7t0,Powerful with Pro version 👍,5,4,4.1.0,2019-03-29 02:20:53,,
gp:AOqpTOF-e51_nBzVM9TIYgzujJcWfHczljiPR5KMA2G7Y84tM9-cDqscXpSvrNBO64qZhYjhGQI70QelQ67wo6Y,A Google user,https://play-lh.googleusercontent.com/EGemoI2NTXmTsBVtJqk8jxF9rh8ApRWfsIMQSt2uE4OcpQqbFu7f7NbTK05lx80nuSijCz7sc3a277R67g,cool effective,5,2,4.1.0,2019-03-21 11:52:20,,
gp:AOqpTOH7IK_bo54IMCkI1s3isUlAzACf7yu3cpagELj6Ng75-wMhm3rEdgJ9LI6dw15Na87AGSqh4zVm4ApAJh4,James Palacio,https://play-lh.googleusercontent.com/-HbTyyzo-JKw/AAAAAAAAAAI/AAAAAAAAAAA/AMZuucnHJBRnQGO2SwVuNVhC1sdoFfRCrQ/photo.jpg,keeping me level,5,6,4.1.0,2019-03-19 16:24:07,,
gp:AOqpTOEssJg89OeEPjJY13v0ZTR_ffSr6RvvVC8U-5gK4WX0LBvf93iIxYsmTuYj8HXtajk-FfcmyOkfT_qy6gI,Alaina Nash,https://play-lh.googleusercontent.com/a-/AOh14GiVfgTJ7dUAm4dAElCHrcqiehm0jifYHdW_Pv_W,works great. sensitivity is awesome,5,9,4.1.0,2019-03-10 01:56:13,,
gp:AOqpTOGHtBOg1I8egET-IIQyh4aLjS6KvddsH7Mxc8NjyBLYnj1sEWcGPzCZBnA9upTaX0mGsCoq6EpMlS9OHrY,ernesto romero,https://play-lh.googleusercontent.com/a-/AOh14GjmmbjtuhI5RdiRzg-hTFNryAdc8IaHdWtwE2xW9g,Very useful little tool :),5,10,4.1.0,2019-02-28 23:46:19,,
gp:AOqpTOHcKw5uA7-rXrtG_CDR09wdm-818B5mJ0hewgHZ9z2206QmhA3MjqStW9yxa1F7Ef6HGUj9pIlQWkilOIE,Richard Flynn,https://play-lh.googleusercontent.com/a-/AOh14Gij0zppzvv_8GXLc32cPiIuxQ7wyLHTOCMRTiob3Q,sweet! - perfect! - Simple - even I can work it!,5,12,4.1.0,2019-02-28 08:30:10,,
gp:AOqpTOHQXBa-ChAaXJlt6FoumTjA0hDlAvPx2k1nOau5h7lZu08zciaYnGIjGf_d0Jr1KvbUST4uFtIG1cinsiM,Don Pillow,https://play-lh.googleusercontent.com/a-/AOh14GjiiaBOJ5cKwTR1ZT4BwWFg1OEVKBZO6FJNMyjr9w,Use it all the time. Eent up to the pro to get rid of the adds. Well worth it. Thanks.,5,48,4.1.0,2019-02-25 13:49:56,,
gp:AOqpTOG8AADTctNLtgy-8ztlCaV9fJ-2XKxU8MepcEPgE6dMFBNEA3hofLZzQhkK76CAGrJiz4tdb0RRS6w8Ntg,G. Thomas Utech II,https://play-lh.googleusercontent.com/a-/AOh14GgK4VTjTFJECeNYwJf8oRi7XE0PO6Dc9VPtDuzY6A,"Nice, now that I have pro!!!",4,6,4.1.0,2019-02-18 13:07:35,,
gp:AOqpTOFXWHMLPfKdmAgfI8_z7ud1SBZZNHkxyfZyC3HD5uwGUDkQKhZug06ysSvI1slBQJ-jcnsLx0qe2IVuxbM,Michael Tarr,https://play-lh.googleusercontent.com/a-/AOh14GhiEqyPEXCbXr9pfRrIOjamYgB-oDzdptQoJTWq2pk,does what it says on the box,5,11,4.1.0,2019-02-15 09:44:17,,
gp:AOqpTOF_e4YfNvIWuUL1KcbPJ5H4tizC2UiInQ64NT9_rRxdsinECnk5myHyQEWehe8Y6FnSUoV_7IEFbyLb9NQ,Peter Lane,https://play-lh.googleusercontent.com/-VcImPTbtNuc/AAAAAAAAAAI/AAAAAAAAAAA/AMZuuclWR09ExNpJOxapoZkqVn0kv6ocCg/photo.jpg,I'd like my money back I paid for an app and now you've taken away some of the functionality don't buy this app,1,39,4.1.0,2019-02-07 17:05:52,,
gp:AOqpTOHxcdDvyRt5lXxdTlPwOqqEMiqwdpkzmWdf1UzRvjf1GATs7a7yCAD6-SHAvOj5E1YYBwH8pdhaT3M9mlU,Alex Napa,https://play-lh.googleusercontent.com/a-/AOh14GhkFFGIELtqZz6mUJJd2Mz6A7TWI3DbhDvBrPTo,Like this app simple,5,1,4.1.0,2019-01-12 17:24:09,,
gp:AOqpTOFzES5Rrhr0wd46x82H5K1fWXmGyZxsXoQLUNXz_lFUfbDvsKUnH1TlxcF4D2qwvhCoDPc5ixeedtITZ8c,b crow,https://play-lh.googleusercontent.com/-GynMiKsGEic/AAAAAAAAAAI/AAAAAAAAAAA/AMZuucm5Fmt2N-MuM8Oj2pd6rEILm3de1Q/photo.jpg,"""Clinometer functionnality has been externalized"" Wow, what a fancy way to say, I'm taking away functionality you already paid for. What's next, externalize the level function? No Thanks, I will not update.",1,152,3.2.5,2019-01-04 08:45:36,"The last version only update Google dependencies of the app. After I opened a ticket, Kaspersky invastigated the app and updated Kaspersky Anti-virus Scanner. It was a false positive. The app is no longer considered as a malware. Sorry for that.",2018-01-16 12:48:20
gp:AOqpTOHgWe8CJ4WpFbTUsA-N9W9Ol7chxrqwYkDghktSHxxm4DYVWs9lobyYJVUvh7ioRRzl9pbvFBXw78mBL28,Brandon Brzon,https://play-lh.googleusercontent.com/-SHK9_4ZaXoo/AAAAAAAAAAI/AAAAAAAAAAA/AMZuucnKp5i6v0V2bwwmvjulBj66OCnANw/photo.jpg,"great app love the flexability for degrees, inclination, and roof pitch!",5,33,4.1.0,2018-12-28 06:30:11,,
gp:AOqpTOEOsfDaguhqluOk3X8rAcEeGdJtwgo-HKSKkvkFUcgtlYxijoR-vQa9A6556ZNY82746hCOSgSsOcVZKlQ,david t. chestnut,https://play-lh.googleusercontent.com/a-/AOh14Giim44dGTY98x5qB-R72ZZuBoG-IZSKjOUbl_uPFw,awesome,5,16,4.1.0,2018-12-28 03:46:15,,
gp:AOqpTOHMmrmu3ANZzyJ66uuugjuiXNjwIkjkV2eh-28WVX9Gclt3Yj2BxPg8DhSIDMB90eEKi3mjS3w78KKdm0I,John Bramer,https://play-lh.googleusercontent.com/-hO-B_QJcI2I/AAAAAAAAAAI/AAAAAAAA1R8/AMZuuckNQB1b9cXvTpdrXIlYn7OyxmH4VQ/photo.jpg,"The developer took out the clinometer function right after I paid for the app, specifically why I bought it.",1,40,3.2.5,2018-12-26 17:26:28,,
gp:AOqpTOE3q1TukXUygZj9SYOnVBWsGyAjZfQaatfej1uqh-TGH200Dd6Djis8c7-lnvc3a3UGH7FOoJXnztUNuYI,Bill Schafer,https://play-lh.googleusercontent.com/a-/AOh14GhvqO7oWzgQTn6vuB1JRe6lz5fiBb7r5NMsjVjT,Use often for hanging pictures and leveling furniture.,5,5,3.2.5,2018-12-17 18:55:29,,
gp:AOqpTOGFr12Mm4hBY8-ImCmrnCodUIc6AtoYxaySfb0b5xPpwHAShmDyXDjVdIz9XvQlpKVNpxWdjFslIgE5-Dk,A Google user,https://play-lh.googleusercontent.com/EGemoI2NTXmTsBVtJqk8jxF9rh8ApRWfsIMQSt2uE4OcpQqbFu7f7NbTK05lx80nuSijCz7sc3a277R67g,This app works absolutely great.,5,8,3.2.2,2018-12-17 15:48:12,,
gp:AOqpTOGGxf-Z1MyKssSB3vz8rZegMfPLYdxEu7FJhz2OkCMJEiVu4-a8vQH4-jVtyEm7r9NMIoXJqu6ys1jNgnA,Ron Gadagno,https://play-lh.googleusercontent.com/a-/AOh14Ghu2_BEIhNZsarC2yj0F0XcPzYT1DyrF9xKlCdq,Love the visual feature where the level is overlayed on the camera,4,15,3.2.5,2018-12-04 12:22:55,,
gp:AOqpTOFh9TLJ-fKH4om5cetsjOtyEG5fdxFc10uEwVsFkZ9knd0PPZxv0Wo2Q3xWl05AuWLC4-WjmVcyW-qHrlU,R P,https://play-lh.googleusercontent.com/-_F7WZFeIgR0/AAAAAAAAAAI/AAAAAAAAAAA/AMZuuckbHlleQQ1MMi_1f73wGs9KXGH9Tw/photo.jpg,Very useful,5,4,3.2.5,2018-11-24 08:12:10,,
gp:AOqpTOH6XsKhikuGY0SyJseckivOeOa6EI7FZZNS33FkavBl7GpdTSUHvkNOwLs5a7CaLExk6z8tPInfjbpJ6Vo,Kirk Scanlon,https://play-lh.googleusercontent.com/a-/AOh14GjaemJ8uN-q36mzoyYjVXm61Exl7rR9hC4IaEabtg,Great quick tool.,5,15,3.2.5,2018-11-20 06:33:48,,
gp:AOqpTOEAbq9aaBuUImccrQQKMTnKtmPI_NszNCiqhjwiDWD507VZTyVfPwHrTnSbYsaqgwuXdELSmOr7Zh4MUTc,Greg Wint,https://play-lh.googleusercontent.com/a-/AOh14GhP5Qr0UEO8GZ1dAi-CGsdHSFyjJHK_R9xDp7crow,Perfect level tool,5,5,3.2.5,2018-11-07 09:29:53,,
gp:AOqpTOGJyby1f3X0E9p7iHbhEVUInJERfTdyJfojXlV6_CawCZauOQ2ZoM_OrqMvN7Ne8-XW_WNKsQVsrUlkOiM,Olaf Bode,https://play-lh.googleusercontent.com/-vm_xELcQae0/AAAAAAAAAAI/AAAAAAAAAAA/AMZuuckRcsA1cQfftw2U890Zp6f3rnVKBQ/photo.jpg,It works well it works well,4,14,3.2.5,2018-11-02 18:41:43,,
gp:AOqpTOEQD4s-7x2nOWYrBIfkB_i3axdwmkeemC-FqVPo5oPJx4KvoWHrMDD3n-fmJ4qAJJn97NQJPvd0eexIvus,Billy Garfield,https://play-lh.googleusercontent.com/-v1_bpfERITM/AAAAAAAAAAI/AAAAAAAAAAA/AMZuuckjn2pxjGQQGpom1Vi22_cJEc1gnA/photo.jpg,Best app yet!,5,33,3.2.5,2018-10-22 10:35:13,,
gp:AOqpTOGaJvixDsqlJSh2BcXLyaDVyfcL3UgP7WQumorE73ipLVn-_3A3B5oE3hJmoVZlSJE0Pt1rVi6rRdDS44Y,Przemyslaw Spiewanowski,https://play-lh.googleusercontent.com/-VgqhxObIwf8/AAAAAAAAAAI/AAAAAAAAAAA/AMZuuclhzsyV_CPSRsmhdw9-eERhL0eK9Q/photo.jpg,Accurate and simple.,5,9,3.2.5,2018-10-17 04:29:11,,
gp:AOqpTOHJgrQhupmez_k6Y2RMqCfPvr9ukxJ6qSruQexy_t8XAL2JBKalJwY2YE0C4cVWUax2CENvvajwUqTeK9o,chris taylor,https://play-lh.googleusercontent.com/-jKCdArOebtI/AAAAAAAAAAI/AAAAAAAAAAA/AMZuucnAW53-xfnlkj5Yvc3pL5i-4MLG4w/photo.jpg,Very good,5,3,3.2.2,2018-09-13 23:56:48,,
gp:AOqpTOEsEjgipMPbXbAuUgXSt_-DfILkdJSKalh8Eal7pkYahw1NPGrxhnuOiLL7Eg5rpbbsrqh6YTbt5GgKqyo,A Google user,https://play-lh.googleusercontent.com/EGemoI2NTXmTsBVtJqk8jxF9rh8ApRWfsIMQSt2uE4OcpQqbFu7f7NbTK05lx80nuSijCz7sc3a277R67g,I just downloaded this app a few hours ago and found it not to be an improvement over the previous version. In addition it produces different readings when you turn your device around and put it down again on the same surface. it appears to be possible to calibrate it but there are no instructions on how how to use do this or what the other buttons do. I would return it if I could figure out how to. HHK,2,37,3.2.2,2018-09-09 10:19:38,,
gp:AOqpTOHREJozacdhlqXzYlKl18oMfnHrgY4lrpgxO1vY72kpjUrqLn_2i3rFVRacIu-TroU9Y-6bQImyxn50eJA,A Google user,https://play-lh.googleusercontent.com/EGemoI2NTXmTsBVtJqk8jxF9rh8ApRWfsIMQSt2uE4OcpQqbFu7f7NbTK05lx80nuSijCz7sc3a277R67g,"Excellent. Well worth the price to remove ads, and give the developer something back for his time in creating this app.",5,8,3.2.2,2018-09-01 23:41:46,,
gp:AOqpTOFxMJeOUM288KmYWk6oSMRMGNJLwQ4l3XLfKIbhkocFOJStjxdUhoFA867p7OgGBqlLs7SEj6JEwCPXoME,Santoso Wijaya,https://play-lh.googleusercontent.com/a-/AOh14GjqCAyQ_3hLD7BuXsgtzmGKq6_4Q30_0WWqvnoKt8Y,"Very accurate on my Pixel 2 phone, incredibly useful in both level meter 
mode and visual camera mode.",5,13,3.2.2,2018-08-19 11:56:06,,
gp:AOqpTOHsaQBSpg6dMmPla4kvuA-c8WchUKOgp_o42x9i0Vbe_n-aepUSPo68lnzeHWh0UcMuotGf5GxdAzl4H74,A Google user,https://play-lh.googleusercontent.com/EGemoI2NTXmTsBVtJqk8jxF9rh8ApRWfsIMQSt2uE4OcpQqbFu7f7NbTK05lx80nuSijCz7sc3a277R67g,Great!,5,4,3.2.2,2018-08-18 10:18:52,,
gp:AOqpTOEwaAvWi0JIpMGperq7f1RnU_TQi2QCQ-oDE5OTSBynp3nTG-AOFvJ15O9GJHj7utDUeSUiaYIqXeFXx4Q,Doug White,https://play-lh.googleusercontent.com/a-/AOh14Ghb3yMXOUt8rFRy8zjow7K7VAPHVtgvs3ENSMNO04k,"Best bubble level app I've ever used, and 0 ads",5,3,3.2.2,2018-07-30 16:24:48,,
gp:AOqpTOF1BOq0VLqYWr5PcnDwCLlve50cd1253XprgXBFY7Cxu5ZjWk3TDZnTNlEDfXuMsRC95WxC5nDHNjxGCoA,Russell Johnson,https://play-lh.googleusercontent.com/-iblTAm8bwsE/AAAAAAAAAAI/AAAAAAAAAAA/AMZuucn5Z6CVFlaole9hjmA2PjXZ3qj9Nw/photo.jpg,"I have had the need for rough-in leveling numerous times since installing 
this application and it works very well. I highly recommend this app.",5,61,3.2.2,2018-07-04 08:53:15,,
gp:AOqpTOEqx9aeYyeTDpVGEBuui3qIlcllso_5FHply9vPu4C_qjTXlgG4cEJM5BTL0UoHur2JLup8c-cL5YZ6ekw,Kurt Willenbacher,https://play-lh.googleusercontent.com/-Q0-XEDnM4qw/AAAAAAAAAAI/AAAAAAAAAAA/AMZuucmtXgHfwwNqcA0h8WKIDfKUKNtUKA/photo.jpg,Good app,5,13,3.2.2,2018-07-01 09:41:55,,
gp:AOqpTOHLUfe1C_xk63beUHNIK1PayPYDOpp4Lchu_77VHPYS8u9YiMliT4ywnzvSSGbsvqi_Sw9Unc4zpGejz5I,Russell Johnson,https://play-lh.googleusercontent.com/--TUuMj4ysfI/AAAAAAAAAAI/AAAAAAAAAAA/AMZuuckHdGk-CD2bMkBq3-HLUr58aXdafQ/photo.jpg,Just what I need. Love it.,5,11,3.2.2,2018-06-22 13:57:59,,
gp:AOqpTOGlcBTqHMyrUX37RXoE0XwmgaqVgzif8goNDewfbTI-SJVbrioUh9hUxu3h1-aqovUscpZX51eK5Y-qho0,Gary Mathews,https://play-lh.googleusercontent.com/a-/AOh14GgqC-iX1zh7vPFTnyA2Qp9Arc2Mwv2iNSvYnma4Lg,Excellent app and so handy. I truly love it.,5,13,3.2.2,2018-06-12 07:34:15,,
gp:AOqpTOFAv-OmauWts1IoWuqKoBwNLsHGQ0fo3_MUP-fieIMg2T4WDccuLctuXNdhwVX7trFN2IDeb5PVmO6pMC4,Chip Estabrooks,https://play-lh.googleusercontent.com/-tXAoHGbteL8/AAAAAAAAAAI/AAAAAAAAAAA/AMZuucm4Uc2PxLYXGRMj51cuFJYNOApHog/photo.jpg,Bubbles are my life,5,19,3.2.2,2018-05-28 11:56:16,,
gp:AOqpTOH7PjY4rFJSohJYxIVm95J7plEhhM2HwW9XMxGih9-yyOXOCAE3Tj2yacdIl9cWZ6MzmJ4CVGIJHPNIoEo,Samuel Tof,https://play-lh.googleusercontent.com/a-/AOh14Gh6zhi-2sQz047c1EIRuFHL3avvnR842kMkGvCRcw,Perfect!,5,12,3.2.2,2018-05-13 21:00:02,,
gp:AOqpTOGYJfnf1avjSSK7ZDzZzTg3wSto3p93FeJBptcNmF8m-0QgXi2WjhesXBu_CFkJ5xuPKFmuupOO2K8nCOc,A Google user,https://play-lh.googleusercontent.com/EGemoI2NTXmTsBVtJqk8jxF9rh8ApRWfsIMQSt2uE4OcpQqbFu7f7NbTK05lx80nuSijCz7sc3a277R67g,Works Great,5,19,3.2.2,2018-05-11 03:49:33,,
gp:AOqpTOFX1vkrjskwuhqbF9TaHIAtqtthmVFsvhtZZQO_VIz2uDODO8xgC8JiJkGPAKSFkQOKD7J4SpaiN9hOKvI,Noland C,https://play-lh.googleusercontent.com/a-/AOh14GhGKieT3O28VC8dKms08mpZFyNZFcETW4Uhrocn3Q,"""No permission required at all"" But it asked for premission to use the 
camera.",4,26,3.2.2,2018-05-05 06:37:11,,
gp:AOqpTOH9ehDBH92_-jDx6r3hwjnax5uCmsMEdSow2Nm7HE4zO2Ahooj6eC_ii20ChM5PLE8VOUTwvofbZxBYmPY,Erik Novak,https://play-lh.googleusercontent.com/-Ah2m8CUSF5Y/AAAAAAAAAAI/AAAAAAAAAAA/AMZuucn3-8MbVmpCC94PQjdIlMDdKWzrkg/photo.jpg,Excellent level on the go. Erik.,5,4,3.2.1,2018-04-13 23:37:49,,
gp:AOqpTOGMoXPszWWkMmJgUmsCaASRU_MJcy0Sn5V86DLzR3BcCBVWSXybuKM0vPDdB5LAL4v-g5EbJpfr3nXJ2_8,A Google user,https://play-lh.googleusercontent.com/EGemoI2NTXmTsBVtJqk8jxF9rh8ApRWfsIMQSt2uE4OcpQqbFu7f7NbTK05lx80nuSijCz7sc3a277R67g,Works great ..,4,8,3.2.2,2018-04-08 15:02:12,,
gp:AOqpTOGHF75OnhRMX9dkeQBo9RZqJ4dPqYI19PWTDVntyYzJtJNXcr91AEFpIlyE_QxiCgrzhnY2eFUmqwVQDYo,Pam Smith,https://play-lh.googleusercontent.com/-aMcjEr_wxnw/AAAAAAAAAAI/AAAAAAAAAAA/AMZuuclFKxXlLGCiNSE5Rh1AYKeFlMqWWw/photo.jpg,Was in a pinch needed level. Worked great,5,27,3.2.2,2018-03-09 09:29:52,,
gp:AOqpTOHfI_sRZq5MSUCC_vRW6pBBjJDFDPn_eRusWpl-exV5NWaRnoBx7qcZWnTd_FoECPLPw5AZS_T74ctWdpE,A Google user,https://play-lh.googleusercontent.com/EGemoI2NTXmTsBVtJqk8jxF9rh8ApRWfsIMQSt2uE4OcpQqbFu7f7NbTK05lx80nuSijCz7sc3a277R67g,2 thumbs way up!,5,1,,2018-03-06 13:35:42,,
gp:AOqpTOF9ukRvfVO05CCgbYnhOke1hFxEzWWMpkJwzSLy2WJPIe_VpMw1wg6tx82lWNhXvltBhmYHVEjtiAK4GUE,David Dolan-Wallace,https://play-lh.googleusercontent.com/-YY_aSp_ktXI/AAAAAAAAAAI/AAAAAAAAJjg/AMZuuclcCnSCETo8fz8JRiHk98rJW3_yYA/photo.jpg,Always there when you need it!,5,28,3.2.2,2018-03-01 18:06:23,,
gp:AOqpTOF--qhehzC8-r5h2k4uJA0iKQRQ9uN1AUfkCbos0DDHS9W7vF8VXuSaQJYm_InGZOtLyHXAvNHlQnjTAp4,Danny Litton,https://play-lh.googleusercontent.com/a-/AOh14GhahgdcOcY9sId-Ru2sY3M59l0XIiNSJMHW-y8Lffg,Works Great,5,15,3.2.2,2018-02-23 17:48:02,,
gp:AOqpTOFCF0-OL1qdu5xMbI8Dqeu5Q4ZemrnTsPifHxFKWZbTPzomvZTuDosWxbOGkNHAsJQ2gv73-zBlHUMGaQ8,A Google user,https://play-lh.googleusercontent.com/EGemoI2NTXmTsBVtJqk8jxF9rh8ApRWfsIMQSt2uE4OcpQqbFu7f7NbTK05lx80nuSijCz7sc3a277R67g,"No substitute for a proper spirit level and limited usefulness, but good fun. I like the nice, uncluttered design.",5,57,3.2.2,2018-02-22 21:28:58,,
gp:AOqpTOGe0r_e6jB893jupq-Lse50csPGCe3VAdGScutLNwfV4bXT_2ck-Cb59cs6UXt9dCSnq4wo6KXYpcoZAJI,Rhonda Wilkinson,https://play-lh.googleusercontent.com/a-/AOh14Ggaf6twLM3WNv8VJgHQI14hE50ylAfdcrcfqNkQ,Excellent bubble and the pro offers side and angle as well. And so handy on my phone,5,55,3.2.2,2018-02-19 14:53:08,,
gp:AOqpTOGzZ8NigKIsigE8TPIcWlI71UkEzkA-72wR8eM3bhjK3GUFmtmWH6dixkh_c3FEE3CSbCEzBrZDRFBZWVI,Carl Hutchins,https://play-lh.googleusercontent.com/-CyDCz0m7oKg/AAAAAAAAAAI/AAAAAAAAAAA/AMZuucm7VdhnGYjvugSeOQI1ep8WCA27DA/photo.jpg,I work in construction and sometimes I need a quick level or plumb reading and my tool bag is in the truck. This app works great.,5,80,3.2.2,2018-02-03 06:22:33,,
gp:AOqpTOF86xUOz65kzjRLnASCtexm7PUr1GP9HZz1w_P-q77-R-QFtmJORlFXaiHwx44dW-syYMlnXwu6yfky3YY,Ken Ingle,https://play-lh.googleusercontent.com/-giIhieaZ1PI/AAAAAAAAAAI/AAAAAAAAAAA/AMZuuclK53YtpohdPbcPmEn2MXlqQswJ0w/photo.jpg,"It doesn't make very good coffee, but what else could you want?",5,89,3.2.2,2018-02-01 16:19:41,,
gp:AOqpTOHxPjulRvwtrpBdDfGdtuUJ8kfwePxXucsNoenr6ya7T4MgOxoYoRsz_un_gCFKnk_VTR6fhfeEFHd-DpA,Barry Simms,https://play-lh.googleusercontent.com/a-/AOh14GgM2ZkoEDr-MZOkf6_M4x8Vir7mR6A2bgEXdtoCMA,"Started by wanting to check the level of my rebuild turntable and good spot on, find this so handy now in my phone happy days 😁",5,49,3.2.2,2018-01-24 08:59:13,,
gp:AOqpTOFLvrDnCsjb7AzEydlFPbLCz2XmiGw4BrUN8s9BcgG9AG7yHLsqk87pYsk3f5kgzuAXuaytPNxyhtZAALA,David Dunmore,https://play-lh.googleusercontent.com/-ajEQHfHWYPE/AAAAAAAAAAI/AAAAAAAAAAA/AMZuucnMsT3d9O2j5v3F44lNRUv2PZOHZw/photo.jpg,Fast and as accurate as my old spirit level.4 2,5,30,3.2.2,2018-01-23 10:03:32,,
gp:AOqpTOF1Q5xzGLDwxknOPoDkeVkk7CCtKY23qkX2i-XNMquDfqm7eLWAUokS4xdngVcPAT8uz58tmSfdWbNEWaU,Jazz Seahra,https://play-lh.googleusercontent.com/-Rm_oJzGxCsw/AAAAAAAAAAI/AAAAAAAAAAA/AMZuuclDx8mfi4_DJysKoMvnwVBhvNM2fw/photo.jpg,"all good, working as before",5,32,3.2.2,2018-01-18 05:02:21,"After I opened a ticket, Kaspersky invastigated the app and updated Kaspersky Anti-virus Scanner database. It was a false positive. The app is no longer considered as a malware. Sorry for that.",2018-01-16 12:49:47
gp:AOqpTOFPghtD2Ds5tq2h4Q62GXu3oE0DlP9395hQq-TCH0UcMLtr8HCraKj-nq7mFKMmU_6aLZrCw9vy8lF9h1Y,Parrin Freed,https://play-lh.googleusercontent.com/a-/AOh14Gi5YKtG1HCFmUQtFseF3igcjfRiNwX9e9SJ7yWk3wk,It's simply a great app,5,17,3.2.2,2018-01-12 19:33:08,,
gp:AOqpTOHNrRYPi_T-KRG1ePemNWjOIrRUXCJZCUklQ3NvtKrWLfuGmDejd6YOEiFcQFjWPSynBmhdrPluBkbWzJw,"Ralph Loar, III",https://play-lh.googleusercontent.com/a-/AOh14GhBk38GJ3GweVcXTZ3LpeKySkYdEFY4SnoRVJU-WRg,"Bubbles, tiny tiny bubbles...",5,171,3.2.2,2018-01-12 18:36:59,,
gp:AOqpTOFzBfUpgMgdwNLwY55hOGfRFUSed_W5r0WjPL8MT5DbbsoWN5cvbuY1a7gPwVM7X8jTKt9Qz3rxQgHA3qM,Martin Cotterill,https://play-lh.googleusercontent.com/a-/AOh14Gim62wqrNPP6HVe5uc1VcQcwW9sLY0W41NTdbaZ-Q,"I love this app. It has proven to be useful on so many occasions. Having a spirit level in your pocket, that is available at the drop of a hat, is a must, like a compass or a torch.  I like Bubble Level because it's clear, no nonsense, background. It is a spirit level, no more, no less.  It is a standard level when the phone is on its side but becomes a 360° level once the phone is laid flat. This is a must for levelling the likes of washing machines or fridge freezers which need to be level to function correctly.  It even has a sound to tell you when the level is perfect so you don't need to keep your eyes glued to it.  I've used this app for a fair while and will continue to do so for as long as continues to be this good.",5,10,3.2.1,2018-01-09 12:26:44,,
gp:AOqpTOEHuc4tyJEMgiMwbX5e5_4juOCEVLM0jG8Kpv33bOXTgw8S82eIQcSSYnUR9RewkK2GE8w43Zyi9kcdWmM,Sandor Kacso,https://play-lh.googleusercontent.com/a-/AOh14GjygWXNsj3U8OTic4XKEKNrqHzF_LOb4xqtQa-8hw,"Handy tool, it even works",5,5,3.2.1,2018-01-09 08:58:59,,
gp:AOqpTOHRSicKfS5KW5NhebljrUeWL3WJrrC3rNLtTaeOWUMKwwpccnY1yeHGPTj-HBg3u6jVeRbgDexuXY-CBp4,Eyesopenwide,https://play-lh.googleusercontent.com/a-/AOh14Gi0Hk-NkoCKj4RrGzG3Gat_nNNAOq2k-P9ykGRs6A,"I have been using this app for a long time now, and I am very happy with this level app. I have another level app on my phone and would like to use this app over the other. ☺",5,6,3.2.1,2018-01-08 02:05:42,,
gp:AOqpTOFOaaIUbmAFICfYOSAw8qIST23VQcoefwHw04JR1PtrAvCmdBkZlPDSphOT0ierRf6U_g8Q4OTgEk3acnM,Dave Imrie,https://play-lh.googleusercontent.com/a-/AOh14GhX7Ogl94rIpJbsVx3tRclcsDZ_W7W601-OIHkuug,great app for levelling the caravan,5,2,3.2.1,2017-12-31 17:21:18,,
gp:AOqpTOFN9wE2gcmy8TACcsuUVoUWyys8OXhw-P9dOopbDIuiKZJw5-0P9aEWhE4PoHaLRkiCOzk_KbP0zZp6b-U,B Millertime,https://play-lh.googleusercontent.com/a-/AOh14GifxvDuJbkRT9PAUov03TLMlYTwtdpen6LgyEO2cQ,It's excellent when you get on the Rock and you need a little talk to get a little bit level,5,5,3.2.1,2017-12-30 21:31:57,,
gp:AOqpTOFhNtJyx36j7JTjNrzDc1KFxaPCeEz97FpWLHbvKqN03LcGrLapkvUvO41NYoy1EUGtfoh6NgPgcURKuvc,Joz 66,https://play-lh.googleusercontent.com/-CDFVc2SrClU/AAAAAAAAAAI/AAAAAAAAAAA/AMZuucn53RPqjwYhiCPJ-Hy-twxD0lHABQ/photo.jpg,Good for simple jobs like hanging a picture or putting up shelves...,4,4,3.2.1,2017-12-27 18:21:21,,
gp:AOqpTOGzjzmfiGHhHubjsvgpbGpFiZ100Q2R2hephTd9_rX6dgLcgPmRRrCcFArb22KLk2KE1st5Da_HgdSUPCE,Darren - Mary Ellis,https://play-lh.googleusercontent.com/-oGy-x0frdus/AAAAAAAAAAI/AAAAAAAAAAA/AMZuucm4s0lEt7netzmI14ZpQfiyUxM-nQ/photo.jpg,Simple easy to use.,5,6,3.2.1,2017-12-22 03:05:55,,
gp:AOqpTOF-kjvHubwkggLQEO9gm7FDZVxYbO4l8EvXnzYFScBydaWF1euL6v-egyeWhpMlYzb6odzwicaCpLBa1iI,Mario Toscano,https://play-lh.googleusercontent.com/a-/AOh14GgkmRR-zLNx1du8nOA4QWe90iPhVWLhd4akhSiCzfE,Works amazing love it!,5,14,3.2.1,2017-12-14 18:42:10,,
gp:AOqpTOEqWXrxMi9pP_Hf99raAK6uvn5G9C18soD_-P2T2D0_hv9m7Bv3L0JAf-OUCSU_zKncdBJbUeFV4gVQqAo,Mike Blackford,https://play-lh.googleusercontent.com/a-/AOh14GjXYwYH37QQuzQFFXcz0aBU4TphlozTvSDARA0YLQ,Totally worth the purchase,5,5,3.2.1,2017-12-14 14:39:59,,
gp:AOqpTOGNIM9-HkhWXLUJ-XgBiJxGOTWaKclHldwDOp16rn7XZdf-6vW1h0PXHJtNnRqTmoQwzEFFURxcx2Yly_0,Jose Raul Lopez,https://play-lh.googleusercontent.com/a-/AOh14GhfEp9JvtaqMry4qrwkaE1OF_hwLqirQ35cP6wVLA,"Precision, exactly but simple , I love it !",5,21,3.2.1,2017-12-11 17:55:05,,
gp:AOqpTOFzQbbBp1UPSBGhX_WYD-3wlA7ynt4wmiPaoSqBiyqG6OQCjddoGV0nlE_Rx3PFXWtnWVoIjNzv6IPS8ls,Bob Riley,https://play-lh.googleusercontent.com/-nupyh6SN2lw/AAAAAAAAAAI/AAAAAAAAAAA/AMZuuckWcwKxwbyyvzOOqZruil4UhO3sTw/photo.jpg,Great advantage,5,10,3.2.1,2017-12-01 23:40:34,,
gp:AOqpTOEGgWHilococsAzjVUsWSmhIsALebfT0KI2Lisgake3dvY_4sp81n6B9V1cYzVnzFMoFl4F_u7BdNu3Yhs,Anthony Williams,https://play-lh.googleusercontent.com/a-/AOh14GjtHG7fuavOsKDfmFz-aaalbIkTt71y4Z1l2qoSIg,Cool app,5,9,3.2.1,2017-11-30 20:08:36,,
gp:AOqpTOGPdLuw-1ZeK3SbDgr7vXsiwYvp1_KmFfGl8K86333Ko5eXsPm4t22Zad2zweoJ7etTerySh2VkK0jyD14,Stephen Skelly,https://play-lh.googleusercontent.com/a-/AOh14GhXXJgB_DZCIU4Rstqvrt7TyByy-EQkieCKF6lg0A,Great.,5,9,3.2.1,2017-11-25 16:34:17,,
gp:AOqpTOGiZijQekp1vL2MBz2V0o9WkCsgvuObtMNxjxXCA-THg9UBSwL89Rs3ewjeRVLKNfVu4spPXitDsqGsngQ,J.B. S.,https://play-lh.googleusercontent.com/a-/AOh14Gj3MZ72GDtmip4aH1aq6WGsQG-ogGlvw1mqj6a77Q,Perfect tool! Use it daily in my work.,5,27,3.2.1,2017-11-10 12:24:19,,
gp:AOqpTOECsI55xBGYgngSHVmHlTi0ATPZEoSQDf9VBwz_0NY90Ty7xjOX1V3gtAD0OZUrAqfZwmm-vinOf8o5XE4,Lynn Cummings,https://play-lh.googleusercontent.com/a-/AOh14GgXIp9q1yNT8slIBHuvSWjaQkd5XRVOSdvNNSSrQg,"Excellent app, used it for years, no problems ever.",5,24,3.2.1,2017-11-09 19:32:43,,
gp:AOqpTOHqzAxtowfZ8wftvU7oeht6d9uYua0ODeaXMZkmXOJLapd62xrYvXjJJLF4q0ArUFMTkzD-sxSMnIgV-jU,Merabi Kobaivanov,https://play-lh.googleusercontent.com/a-/AOh14Gihkk3kGppmLO97AT3UoM9XMg01bxi_MBiHTxdmWqw,תודה,5,21,3.2.1,2017-10-22 22:20:28,,
gp:AOqpTOGHotTZ6ixrgN_Kf-yS0OCBECPRcj3FqCbQeMA_2zoRDqoxMm-Ap0jdk3dvznZ2NFI8D_Y2p9e8xYsiG1c,gerard falla,https://play-lh.googleusercontent.com/a-/AOh14GjALGanErK4FcXhCuNuGE3Trw1us9_E8jNOD2apVA,does what it says on the tin,5,14,3.2.0,2017-10-19 09:27:52,,
gp:AOqpTOGJ0blWVogbvdeI2GqvfkOtcSZZzF7RpFtdk4sjezFCBAVV48IxwN6Xim9bfnkkkIjtdS6RJVrX3lUsmDw,Thomas Hertel,https://play-lh.googleusercontent.com/a-/AOh14Gjod8AHTZSirIIkVQguYrWnWMWZTnxQ8sYCv0lFBg,Cool and very usable,5,17,3.2.0,2017-10-13 12:54:54,,
gp:AOqpTOEUNTdLVrnd6NHCpM_mqQ8UhNPGOjTzN0udt1DtHwaP_sItYRvve7o_oRG44d8XXYq9dRlWWpAbloliTZs,Harrison Crespo,https://play-lh.googleusercontent.com/a-/AOh14GgqD7_Ur1GNDhv8U89czM2r81UKaMCHNbi4L9_m8g,Always there in a pinch and very reliable. A floor tiler's friend.,5,2,3.1.1,2017-10-11 12:23:32,,
gp:AOqpTOHiV_9Xcf3ICuOBlSzPfoZ_2t8VnTpJ0VvfHvxezRfmUDT_eot7N8XLHvHhZRcJq2ncNaGja2h2qmoiVEY,Roshan Moayed,https://play-lh.googleusercontent.com/a-/AOh14GhahmmGzO3qNBlkvLV2QrF9WHsaDtnpkL_-0BNcZys,I use this a lot while I take pictures,5,15,3.1.9,2017-09-29 08:39:09,,
gp:AOqpTOFub5zEWGHNTw7payKWE6IbzTjWxu7FT_Iu1eYQou8w3wZhJoDwrU5FWthiN-7UFHIOzvfkjl6seFHqTS8,Chris D,https://play-lh.googleusercontent.com/-dNsSPSgHngQ/AAAAAAAAAAI/AAAAAAAAAAA/AMZuuckHIhbMBHnHciCqIKofHPvBmYkbbg/photo.jpg,Very handy app,5,8,3.1.9,2017-09-26 18:07:51,,
gp:AOqpTOHNCBXbizhGbLoLf1PapdQzbEBqiMT2F-URRzy6iqyJYWpvSOgVQp-hdBnh3QLecID4Xn5wTdj34ZycgUQ,Terry King,https://play-lh.googleusercontent.com/a-/AOh14Gg2cFD45xjiPJraIy6w4LXt-xrvJmgvtQBEjxN9Lg,Not perfect but still the best.,5,15,3.1.9,2017-09-25 20:21:58,,
gp:AOqpTOHLStM0r9qEesRlXevJS_PGpBI6D_NA19ICcgm6045fHEM07YmXiWbHsoTbBEccVDgJm9rrNOssKeLHWxw,Julius Thomas,https://play-lh.googleusercontent.com/-AYSPjuAJKok/AAAAAAAAAAI/AAAAAAAAHN0/AMZuuckLT4Vzu30xs9N-wabOUwpDgZC3vw/photo.jpg,Extremely useful,5,2,3.1.5,2017-09-16 19:26:57,,
gp:AOqpTOFgOfBl1Ir5kReirGGxX5rlLIJ7NPSZgkUWDQKiGOC5Bl86Y-t0yZZXesJi4lxLKJpQ-tU_AnrrF9Jrd2w,A Google user,https://play-lh.googleusercontent.com/EGemoI2NTXmTsBVtJqk8jxF9rh8ApRWfsIMQSt2uE4OcpQqbFu7f7NbTK05lx80nuSijCz7sc3a277R67g,"It does what it says, does it well, and nothing else.",5,9,3.1.5,2017-09-15 15:06:45,,
gp:AOqpTOGXa0AM6LkFEcmgMqndzysex-xA_o3etzX003I-HTYOFGTJg0mVv9W5HzmXzR0LZaX_0aIQziMVUKa3S1s,Liz Biss,https://play-lh.googleusercontent.com/a-/AOh14GgBncURSJCpkeh2Isflux2kJL7iRXCEYzbpvVyjpg,Hard to get it level but then its great.,4,14,3.1.5,2017-09-03 09:48:30,,
gp:AOqpTOHnUC_HkTJE5sBtNg02p5o5wL3NZdk6Lt0QdKyD2k252LLEaHPy9seCNX1XpTXnmHkzZ9X5WNzPatFjGs8,Forrest Waymire,https://play-lh.googleusercontent.com/a-/AOh14GgvnqDT363hx6VNjJmuqwRNqB2OTsEfdRP_BYLnNTo,"I like this App, it helps me out for hanging pictures, and also for certain art projects that I do.",5,27,3.1.5,2017-08-23 12:41:31,,
gp:AOqpTOFZ-H0V3jTb6srhYuTVgP9mSlIx15ZT94f68MDcmNX9xDvIOQQvOYjk7FlswJjC5HOgbOpMQ-Yz7zfhy70,josh assing,https://play-lh.googleusercontent.com/a-/AOh14GiA2-Q3PjOj4uufwLUrPLbDP1-Im8kZmonTzlFLkA,Simple and easy-to-use,5,15,3.1.5,2017-08-11 19:58:36,,
gp:AOqpTOFFFpTpa8MeZZ4ImCqSQHJaBEMk_ita9PH4N4gsMhBWevycEYJYzmhR3luT6fmRFQjg8v-V-OqIoi3Ghu8,FERNANDO RIEZZA,https://play-lh.googleusercontent.com/-8bdHEGDi3Wk/AAAAAAAAAAI/AAAAAAAAAAA/AMZuucmh5CcMTgzkDyClmRrC8Gb8c6MMHg/photo.jpg,Useful whatever you want,5,20,3.1.5,2017-08-09 06:55:52,,
gp:AOqpTOFfeGyFEeS1PYhq1tAhC7mqNDh24x5v42JzFy-Au0ywWld0_m8z3b_H0h9xQ1uroDK-UF9VnXjVk5IRKkA,Val Mooby,https://play-lh.googleusercontent.com/a-/AOh14GhmUxW-dj1eAomFG4G2h0zVHMNeCe65t-AnVw7utw,It's great! Works fine. Thank you.,5,1,,2017-07-30 06:05:35,,
gp:AOqpTOHqSyB8LZ4HdtlSBC3kiCBLPdAlOd0wGUJDGCREkqtkhiPD4SVELqc58kFnw0W3agqGYZV5Kvyd8XAyV48,Jacob Allan,https://play-lh.googleusercontent.com/a-/AOh14GhkUJSn_q7ceDcOh4L8Bw1ulEEGmeJ8mTU0DJ5bVw,Does what it should,5,46,3.1.5,2017-07-16 13:03:34,,
gp:AOqpTOFy3vPkeeA3lSK-ivb83damkuC24bzlcydChMJXYEep9iz7BSDRSJ2ZZXwACqtiwwclW8yJPR79y3FhN2g,Glen Ford,https://play-lh.googleusercontent.com/a-/AOh14Gie2a4-fycQt6NQ4nAtPFQZlt42j5UEOAYTAX1mJA,It works well after you calibrate it with an actual level,5,68,3.1.5,2017-07-12 14:26:42,,
gp:AOqpTOHMZd4AWOcuE1accMkMhiJxGwGT-Pbhd4kIj_mRT44upnyORkBcpuunJq-CX9EAJRAPiGiWu6UMqXwQOxs,Michael J. Toll,https://play-lh.googleusercontent.com/a-/AOh14GiazSKAgJ_08OJG_nXmiK7wW0PBDnvqJF7YtxT7,I wouldn't have paid for 'pro' if I hadn't used it for years and found worthy... I paid because hard work should be recognized.,5,25,3.1.3,2017-07-04 04:19:11,,
gp:AOqpTOE76_v33lTjWkd81gLY0QLd56x42uAPuDhzzebrSWQE0lTCAMevdfd47kbPhojjlYuZYEeViZev6V3Tv18,Inspector,https://play-lh.googleusercontent.com/a-/AOh14GgXBY4v1CzxSvq8g-Lecll7FhCnTnCm5zLGb0EnyA,Its a working bubble level.,5,6,3.1.3,2017-07-01 06:16:21,,
gp:AOqpTOGNIZo0R3f3gSphUeRBKfSxNtTkZYUf1nwsqPwHVbEB4SLeYLmmSrmix3SC4OaOOrQWJfKtVqhfT84WZg8,A Google user,https://play-lh.googleusercontent.com/EGemoI2NTXmTsBVtJqk8jxF9rh8ApRWfsIMQSt2uE4OcpQqbFu7f7NbTK05lx80nuSijCz7sc3a277R67g,"Simple,clean and accurate",5,20,3.1.3,2017-06-26 11:09:45,,
gp:AOqpTOGSbJbs8R1jL_VSvub0bZlYJgaP2kMaIfnLGpGPRWY4nz58Dpgr7W05YfWfRKZFaZwvYIhB7UCvcU7Io6U,TK Austin,https://play-lh.googleusercontent.com/-ChwQ9SFuUo4/AAAAAAAAAAI/AAAAAAAAAAA/AMZuucnYjzaGKWgOr9KGaQ7tXds8Yexzww/photo.jpg,Works great,5,11,3.1.3,2017-06-26 06:56:53,,
gp:AOqpTOGtDcsEUkhuhFsllXc6-0wcWqZ2R2ULUbp4uMYV5qrb8xsO3q-oq9Idp-c9vgRUg9UiRDw1HrShlPuoHcw,Michael Hosken,https://play-lh.googleusercontent.com/a-/AOh14GjrT_5iHG1ihESUcB9w87_BG-GjKNYUryeilSCa8g,Works well.,5,10,3.1.3,2017-06-25 17:35:53,,
gp:AOqpTOFFgTBZXZvpZ6BeifJ1ZolmBmIxg-5IHZ3Yy1V5DLH5pKOgSeOICP6HF6qnhvWNphbma2Ez7lQl5grM3ZA,"Scott Cold, DDS",https://play-lh.googleusercontent.com/a-/AOh14GiUkdjuzTSu_jJ2qzX_1W9hdCVoWdpkPBgFwYJTm1U,I use this all of the time for bike fitting.  It gives accurate vector and degree.,5,34,3.1.3,2017-06-24 05:59:18,,
gp:AOqpTOHvw49frxW4WGwFwIyaLju_uOZVCltBCKSxbStunC4AT367YhxRa-HDUqN1_DndbNTanU0Euk3sz6D9LzQ,Stefano Moroni,https://play-lh.googleusercontent.com/a-/AOh14GgOoI0AAw3tHfYj8HBTSaukCkk1-7RSLwfkOqkShQ,"Perfect, clean, simple.",5,20,3.1.3,2017-06-24 04:40:07,,
gp:AOqpTOFOMmS7KRRvkgyFd738w011VIfRYzMHCxxUciRO9bXjiUBEcTYHJrCJ3DUmUf0ShjlqmvTm0OjioScZKW4,Robert Uranga,https://play-lh.googleusercontent.com/a-/AOh14GiGk1JVK1YwqYG8RFzaSSb4LlkNaGOpydnt22n47Q,Great app use it all the time at work,5,8,3.1.2,2017-06-17 18:21:25,,
gp:AOqpTOG_nmcLHbPjvNDoCkfdQSmiV4e6CRbMgrEIaE3KfpEW_hUEc8V4lsTZp-e6DoHnKxcU24Hk0Y_VSJdCPxU,Yogesh Shukla,https://play-lh.googleusercontent.com/a-/AOh14Gi0wC5mFCbWK2UUz_NHe8jo9cN6H80rKwTAA-_aWQ,Very useful,5,29,3.1.2,2017-06-14 05:29:42,,
gp:AOqpTOGugxVvKGk_gnJM4Lm0Lo5tV8cZxA1Y_pdTKmS9yyiw0UU0S3tWm8W0S6OIJ1VQGaF6e_xBmlpriinMPrc,Panos Dadamis,https://play-lh.googleusercontent.com/a-/AOh14GjeCw5WIK5gMKw1OhY92LD_okf2cPX9Y533ya_swg,Looks very accurate! Great simple app!,5,13,3.1.1,2017-06-09 15:03:07,,
gp:AOqpTOGUcjITxhZwz8FiibeFCgKS9SK57z8uD1MKL8vkzHY57OtseksnF7_qf7BHwGeoJcXBew9Hxzy6giQ6PUM,william wolfe,https://play-lh.googleusercontent.com/-9WbMzgKsuaY/AAAAAAAAAAI/AAAAAAAAAAA/AMZuuckR8ntbMu_XRK70AAPoDQJZD9Onhw/photo.jpg,"It used to work exactly as it was intended, a great app.  For unknown reasons it no longer works at all.  I uninstalled, and reinstalled to try this.  Still will not work at all.  Could give 1 star since won't function but do no have that option.",1,26,3.1.1,2017-06-08 12:54:13,,
gp:AOqpTOGr0M5FTWhy5SFmpP9f6VwWdr1r5cqOUODUmvT-wtv1HA-xHIICqNj3oT4RlOnD4h3qmzuJdEOUv9K8NC0,A Google user,https://play-lh.googleusercontent.com/EGemoI2NTXmTsBVtJqk8jxF9rh8ApRWfsIMQSt2uE4OcpQqbFu7f7NbTK05lx80nuSijCz7sc3a277R67g,Just works like it should!  Used for levelling my 3D printer ..,5,7,3.1.1,2017-06-07 17:23:47,,
gp:AOqpTOGeha-aXIb8uDp4Kur8FOGZf2-IcaWprv0X5bpv__08XIzwEENoTYXXtd0fA3t8qPV24yOn58z_S9lg5S8,r n,https://play-lh.googleusercontent.com/a-/AOh14GgHPyqG9wgqYSVJTQR2tBnqK54lEOt5RrS6Ie2G,Good,5,11,3.1.1,2017-06-04 14:31:27,,
gp:AOqpTOEwH5P96QzMGv4Q8pm4P5tG5KYPZzXiezm-Nn54wPKunTTDbhp42xQZSHa1x06VfUABQeimvPzQXANmia0,David Manley,https://play-lh.googleusercontent.com/-NFzUXk7xFMk/AAAAAAAAAAI/AAAAAAAAAAA/AMZuuclmxS30qT0FQ5nLdSY8MnrFzeOhhQ/photo.jpg,I install DirecTV and when I lose the mast plumb this saves me a ton of time,5,25,3.1.1,2017-05-31 04:31:01,,
gp:AOqpTOFVC5Apw_BYBBt9vh2Syo1Hl-z3vkknwatW8XWiKhkVhoqrjK4Z47dClk5CvyGK2HNYbOBJeQMgz1RtE5E,Sam Morgan,https://play-lh.googleusercontent.com/a-/AOh14GjcB0LCClvKF2oYqme_zznCzCwoK5qXCnFxXx_McA,Far better than other level apps out there. Superb. Even the free version just has non-intrusive ads and doesn't try to install anything extra like other level apps. Calibrate is an excellent feature for when you want two objects to be parallel but not necessarily level.,5,37,3.0.5,2017-04-23 00:07:08,,
gp:AOqpTOEM_BEQaI9uC6-YdfypM_mYOecfkA0BQivrXDNJ1i_Hd_-WLksSpgoymETbPa09vjaSGvTxGHlzxSgHN4s,Sam Swak,https://play-lh.googleusercontent.com/a-/AOh14GjpYICBmGtZfG88y0XpDgdekQGIXwYNxitCIn0grw,"Had free version for a while, just upgraded to pro..., accurate, easy to read, and it fits in my pocket!!",5,21,3.0.5,2017-04-19 09:34:23,,
gp:AOqpTOGerfbeekxP9SW6ppDpYEFhKHomDnOhYMYal_d23yF3klnMihy6DolG1BbasRamsRY7gY7pS5yxfjgPeRw,A Google user,https://play-lh.googleusercontent.com/EGemoI2NTXmTsBVtJqk8jxF9rh8ApRWfsIMQSt2uE4OcpQqbFu7f7NbTK05lx80nuSijCz7sc3a277R67g,Great app.  Does exactly what it supposed to do. Without a lot of memory use and unneeded permissions.,5,19,3.0.5,2017-04-16 03:14:41,,
gp:AOqpTOGpYGa9DbA8-psapdP2lNc4gvygzb46FgDCOKdL4-UnbykzSU_FTtnhX4B7wAofz4uJ1wx9DEI5dO7QlNo,Alex Thompson,https://play-lh.googleusercontent.com/a-/AOh14GjHwQUWyuoYb63uRvL6f_Qb6fSBsqPy3MIR0PUMGQ,Works as expected. Easy to use and to calibrate.,5,12,3.0.4,2017-04-03 08:05:04,,
gp:AOqpTOFkDb2z2fUWsAGNcjYnhk6Q4yedRKunUDzOHfE5nTSof_7lCrcs5Tf2B4EpJxGuRuT3jCNxKed8y9gUIIk,Bruce Stirling,https://play-lh.googleusercontent.com/a-/AOh14GiGTqpq4qDdm_qzP8SqCBM6isfOMQV0BxB0tYBhsQ,Terrific!,5,4,3.0.4,2017-04-01 15:15:44,,
gp:AOqpTOFEZC1NbRaCTlVPVC4klgvzyh1JG-HqOen9TAmt7tNpvGkS-or0qz-9pzGAI_sfKaRBtLwo4sXsd74skHM,Patrick Wood,https://play-lh.googleusercontent.com/a-/AOh14Gi9OiC0Ug88M7BqehKtadjWLnhymEa243vc4l3q-A,Visual not working on Motorola Nexus 6 also when trying visual it disconnects camera altogether. You have to reboot the phone to regain camera functionality.,4,25,3.0.4,2017-03-28 10:48:51,,
gp:AOqpTOHWe9OQtHdQSQd5FS-H5T_4hFBML4lbZdTMNv55SCF4AsbUcNeaNGQDX7tIFBVeErH7R2rAslWx_9j28dk,Christian Cornatzer,https://play-lh.googleusercontent.com/a-/AOh14Gg3cia18ZUz24djI5TwGQZR4h-zk3nejO3jvWPP,Works as described. Love the dark theme. Simple design and controls. Perfect.,5,29,3.0.4,2017-03-28 08:44:38,,
gp:AOqpTOGkKZyW7iAiQCIYHzFUlTn9ek2Owm4gyQuBUh6K4RGwO-0chEHRmg1bVIfkKKtnfdnFujTl75oQBhP_Woo,Silver Apps,https://play-lh.googleusercontent.com/a-/AOh14Gg7Cj_Gj88sOeK-6hogF9qxrUZ9NLgKZtF63FNWRQ,"Awesome stuff mate, thanks",5,14,3.0.4,2017-03-27 23:45:12,,
gp:AOqpTOGdUaAe6v-i0wjbBIQ0ObCVtsL1RclPFmyD2yC12jh4ODQZjon5Rd07bApEfCDXPc4X-FxFyCtuWw5E7HI,David Murphy,https://play-lh.googleusercontent.com/-FthlkXBzlOI/AAAAAAAAAAI/AAAAAAAACIA/AMZuucl3gdPhCc1ea8QA6SbYbOwIU-LyEw/photo.jpg,"Versatile, well designed; intuitive. Thank you for a really handy app!",5,7,3.0.0,2017-03-19 15:28:00,,
gp:AOqpTOHxPRSNTGYSF5tRRANLnswkk1SonFALM_Bf6gP8Bu2CZ3cMkuaz9MPuD9y_tR9DiAhLjR1ToewPgJinhsM,Elvin Harmon,https://play-lh.googleusercontent.com/a-/AOh14GgF2vE3UrAWT5DkHqnyOiMFdowIIE5CZ9iMikAHVA,Simple and effective,5,4,3.0.0,2017-03-19 08:56:43,,
gp:AOqpTOE9x5ncQ2gyzbvGRuSt6obyc1AXm74oyosypxTOIb8Atj_MmYAj4_j80DKPTSqGawyT-G4y5TupGEr2-jw,Guy Milne,https://play-lh.googleusercontent.com/-RzCY-gB_Kvc/AAAAAAAAAAI/AAAAAAAAAAA/AMZuuckfv1HQn0UxBvptmsR5zdvoceJKmg/photo.jpg,Awesome.  Great for when you can't find your spirit level,5,2,3.0.0,2017-03-17 18:37:02,,
gp:AOqpTOEJ4R2MWpqlG3df_SSyG1msI_ZI-DgTwaMW9zwM8_1w8Fl9FDsi_SL7epmxW4XtlbSOEo7k03NShj32Ex8,Adam Bernat,https://play-lh.googleusercontent.com/a-/AOh14GhS2GcDL0T9qNnr9lAuoTsYPM0d-BZX-JXLk1vjhw,Visual level does not activate camera even though permission was granted. Nexus 6P 7.1.2,4,3,3.0.0,2017-03-04 08:21:30,"Thanks for your feedback, we'll look into this issue.",2017-03-11 08:42:25
gp:AOqpTOE6IXYU6HBwDDMcQX0NM6wm6OJCW3AI6MyoguA3zajsereY-V2bdB0EGhI2zFBT2qhS7HigMljIZuL8Lz8,ERBI,https://play-lh.googleusercontent.com/a-/AOh14GgKptVcYGVtz_iKxMdxXwz5rCfN9avg1pAB_hdnIQ,Good for visual but you must calibrate.,3,4,3.0.0,2017-03-03 17:11:52,,
gp:AOqpTOFX5DYl47GbGqEvzkP7tUW-WDw9KhjSpkf6Ll9KVYtWaxX9nkRYn48Au4h0OnRsPZdUkXMXHP6WYakmMcA,Steven Bookless,https://play-lh.googleusercontent.com/-EPedq2CSoWA/AAAAAAAAAAI/AAAAAAAAAAA/AMZuucnB705DbwX9LzX7HrXK6MRNlv1hYw/photo.jpg,I'm a welding contractor and use it all the time for installation of Wrought Iron....very accurate!,5,4,3.0.0,2017-03-01 18:10:41,,
gp:AOqpTOGWaJIMKQL5aWsiTVYZNk0zVPnG-gbmi5L9z5AK_jVzHFi5kqHp7ChftSIbdoT8vABskquryLIAIxRJwF8,Dennis Stofan,https://play-lh.googleusercontent.com/a-/AOh14GidpSPAZUbrRMF1mahTpaKaHRwr_4MRoJeNluXI,"My personal favorite.  I use the app on my friends to see if they  are ""on the level"".",5,4,3.0.0,2017-03-01 09:57:03,,
gp:AOqpTOFmA_HCFrVfNAG2bjqgF9Bcnezf2qc7MWwB_djOvCXCKX9xZLi-EvdAZh1m7Sw4SRwEhOXW-QDTwP0k9rs,Larry Finley,https://play-lh.googleusercontent.com/-ZGJFZmLXbfs/AAAAAAAAAAI/AAAAAAAAAAA/AMZuuck3cLA00CjDOFN99bG4fgF9wIqekQ/photo.jpg,The visual does not work with Moto Droid. No visual. Only cross hairs,2,8,3.0.0,2017-02-17 12:10:32,,
gp:AOqpTOF4HulrJAYLfoIaAHGXNcU3R38Wc5aekVhL0pWG7xRbaV0LtpN1JiWvrt_XL1vx11Ncm1oLY5flYXlJs-A,Alan Of Wales,https://play-lh.googleusercontent.com/-0WTNOGAsnZA/AAAAAAAAAAI/AAAAAAAAAAA/AMZuuckep3pMlTQU938-1wNjDtvjtcWvxw/photo.jpg,"Excellent app, it's a very sensitive level, easy to use and very versatile.   The use of the camera opens up a whole area of new uses! Well worth supporting this developer to buy the pro version.  No permissions, no ads.",5,15,3.0.0,2017-02-14 12:28:01,,
gp:AOqpTOF2nOiIuJqo1Pgmqlqq4XnTnmeWJxtrwPoIBFvx09VCyS4qkB5z1r5-jhy4dMcyVQ_RJsvt7EQKrvaBu_U,Gregory J Schiavo,https://play-lh.googleusercontent.com/a-/AOh14GhUaq1r-1nFr-c3MjT4XhlBHK9lhq-N0GTDzlIKOA,I think it's going to be very useful.,4,12,3.0.0,2017-02-07 22:59:32,,
gp:AOqpTOEdILvxvvKGTJIYBCfQtfwjnJ94reV57bMgtOe1hCYW48q0EmImUeJqr48lPngDUgguhIyfovfpHeXmQEk,A Google user,https://play-lh.googleusercontent.com/EGemoI2NTXmTsBVtJqk8jxF9rh8ApRWfsIMQSt2uE4OcpQqbFu7f7NbTK05lx80nuSijCz7sc3a277R67g,Don't work not doing anything,1,6,3.0.0,2017-02-05 10:27:31,,
gp:AOqpTOEYgUk5JOUKxM6y3urP5YONxHF0g1TPi4WzOvHaggPYMvkofH5-4fyf5YaIPQrqxdqFTrSq1Z-M3qRLG5c,A Google user,https://play-lh.googleusercontent.com/EGemoI2NTXmTsBVtJqk8jxF9rh8ApRWfsIMQSt2uE4OcpQqbFu7f7NbTK05lx80nuSijCz7sc3a277R67g,Perfect level.,5,6,3.0.0,2017-02-05 01:28:26,,
gp:AOqpTOE_jtVcOFUaxqgbdNQG98e_oA-GVKgGlScCDFSQhS_fx7Tq_KRzreWx_kzV5b1wgD5Vw87G71M5G2_8ufg,William Orlando,https://play-lh.googleusercontent.com/a-/AOh14Gja_l9kp5x3pkLxURI6q9WCXRMTxALeE4j2FXF2,The camera integration to this app is awesome.,5,7,3.0.0,2017-02-03 15:50:28,,
gp:AOqpTOGt-LOAO9YhbFHO8_G4hFH0c7TdEBTi8TrQagTnrCDmZG6NpVyRjMqmgWjCTpWpQmO_TNqKEcIm7YGro_o,JR Conway,https://play-lh.googleusercontent.com/a-/AOh14GjO_fObQbodFJuQhLOFk-P1KWn9iToLFDYJ2pr1,"The best and most trusted bubble level app out there.   I work in the metal industry,  and I always have my phone on me.   Great for on-the-fly design and quick measurements.   I tested its accuracy and it works great for part design and research and development",5,36,3.0.0,2017-02-02 18:07:07,,
gp:AOqpTOE4dcpjNhbqKl-FsURznwJ8MceD2nJABHQqZjiz9MR_uz_Rj_7LMYqIqm44v89sj0bolOXUK8n8IPeM9z4,Bearcat Şándor,https://play-lh.googleusercontent.com/a-/AOh14GgTgpGVXSc-_XoDu9WKcIFjm-Zlov8nZzu6cHYenQ,Easy to use and feature filled. I wouldn't want to go without it in my tool kit.,5,10,3.0.0,2017-02-02 17:42:01,,
gp:AOqpTOHchzYdjQ5nKhKVV0pTSbuy0fw2K0w1lAACCkQuLjeC58hItN_p3vA2yjI37sf86jqWWwddMLKOXxjU1qw,Naser Tavala,https://play-lh.googleusercontent.com/a-/AOh14Gj-D5sdfPtS6bWVs1TmXceaowPpR7PN0rPnQ7LLaWI,Android ➡ 6.0.1🔘Galaxy Note 4,5,5,,2017-02-02 12:50:10,,
gp:AOqpTOGqOX80WiQn0xKriCLoX0VuztnpjeBlC_Y0qRSAVTc1nAOQJ7mzch9uPz_4W3BCHJPOFNla6xkNBekGuKs,Zoltán-Csaba Nyiró,https://play-lh.googleusercontent.com/a-/AOh14GgwrMYQigq1yOeZYM5q7_C_9EaNwsYBoyDs7-cREQ,I love the new measure using the camera feature,5,7,3.0.0,2017-02-02 05:56:45,,
gp:AOqpTOF8p5ym7JJuPz5w0OiNQL-K8s8LTWhB-vRrXllMW5CoObIAr8Al1ngFwAvrv_ybmi7mYdXo1dTB0Ci-xX0,Andrey Gerasimenko,https://play-lh.googleusercontent.com/a-/AOh14GiqL3kHa4Wy_VgaVkBlNC7HK8_CFZMRyaMTCmdm,"The new visual mode is a killer feature, simple but somehow nobody implemented that earlier. All app is simple, efficient, and a joy to use.",5,25,3.0.0,2017-02-02 03:18:31,,
gp:AOqpTOGnftfapLc0y2Bk8kH19E-1T0tEXa7O71ih7i_Q_d-Q5fbgkaHhoFqdYMPP_u2E01SPRXRy_Lj4sTL0Has,Daniel Shinkle,https://play-lh.googleusercontent.com/a-/AOh14Gg8nA50Eafwnj0CqQ42rx3flcj_Kq-TAiSTZ0Sq,I don't think the Pro version gets me any improvements over the free version but it's a useful app without any annoyances,5,18,2.1.8,2016-10-30 15:49:48,,
gp:AOqpTOEiaIHSb8RLwZW6yBIzoLIZ3LZURZi3Xo2rs4bkWYYE007PyCxR2Qw7wrBrXx_7xhxUZGPUDUnE5aLZK-s,Tim Chounard,https://play-lh.googleusercontent.com/a-/AOh14GjYmaQiMro4D_cYOdIArbTWZ1ktLnbHbgejx8VpBuE,Very handy to have a level in your pocket at all times.  Use it way more often than I thought I would. Does what it is supposed to.,5,14,2.1.6,2016-10-26 05:37:12,,
gp:AOqpTOExYZtwV9WCA2YVWiV2vtpVu-ogv9_5meRrgXIrxbOWlovJrgi8F0ZffuCmNJnusfoVwbMzC-kin-bWfZc,Robbie Mabry,https://play-lh.googleusercontent.com/a-/AOh14Gg8-d8lbQfcXiYv8IvPTGQy1Wn13HnSC9fs9zRvvQ,Excellent around the farm.,5,8,2.1.5,2016-10-18 17:37:19,,
gp:AOqpTOGKtEwnbpa0cUL36yNKk3YrJvDMIoDVc6kmAwsjGU7HBQTvXIdXL50TjdD0ZlnIdsxG5iBTkFFSESCA1aI,A Google user,https://play-lh.googleusercontent.com/EGemoI2NTXmTsBVtJqk8jxF9rh8ApRWfsIMQSt2uE4OcpQqbFu7f7NbTK05lx80nuSijCz7sc3a277R67g,I think the problem comes in when  the phone case has buttons on the side of it. Seems to  work okay. When I  calibrated it I'll know how good or useful this app really is. I went straight to the paid version. Generally they seem to be better apps or ads not included.I read the reviews so I can get honest opinions.Except when I hear stupid things like people voting for Hillary Clinton. How many mysterious suicides do we need before we realize something wasn't right the first time she was in the White house.,4,56,2.1.5,2016-09-04 11:16:58,,
gp:AOqpTOEoKhJA59kNLaidadmd-EVw3pGyxFvRXiH_COC5e0sZ_SPBqesh9i_trl_3EltiG0aSSkpJrHJF-Rui_mA,Matthew Burnard,https://play-lh.googleusercontent.com/a-/AOh14GiWe-_ibBlS6lMt-zXfvx4meLZD7Fk_AvrAuwoSYA,Bought the pro version because Ive used the free version so much.,5,91,2.1.4,2016-07-09 16:01:44,,
gp:AOqpTOFksXEch8bXWiRsOX2TKyk8x22iNywXxd9CbyJn6ljwbyMUfakcuPnWh7wIiCPW6aKdpyz3QI65mzd_1aE,A Google user,https://play-lh.googleusercontent.com/EGemoI2NTXmTsBVtJqk8jxF9rh8ApRWfsIMQSt2uE4OcpQqbFu7f7NbTK05lx80nuSijCz7sc3a277R67g,Well worth the few shekels for such a good app,5,118,2.1.4,2016-06-02 02:06:22,,
gp:AOqpTOH5UTh9BMghvSZyYViI4SYv_AxqWXremw6YaZMMSjLQOPKedeNO4PMCclZMv1ocfUzAnNpMY5xYz7Yf4Xw,Eclipses Mendez,https://play-lh.googleusercontent.com/a-/AOh14GhziDE7AGW41FH-q2W8nHfaBecJQhfE0gLuPmjZyQ,This app work great for lot of things,5,50,2.1.0,2016-04-09 05:35:32,,
gp:AOqpTOH79GvmYsFSWh5X08wl9zEbevA8iEZH5spxvSpUEt513N7Z_tKEyay2PppFfSvTsg0j2R5F7-Vi8Jl-MIk,chris chalkley,https://play-lh.googleusercontent.com/a-/AOh14GhUip8Fiv67QA7b6-GaRfo3l5xARSg0E53bfqDgj-A,I downloaded the free version but so impressed I felt I should pay for it to show my appreciation to the developers. Can't say any more.,5,28,2.0.8,2016-03-16 08:08:36,,
gp:AOqpTOECBfOQxYuny4LpNBpMq86ObX37Ui008Ugj7pWRgSt0fGOlB14qNUGgQaX1OgVPd2j2NQKbYaZGH0G1Gyc,Goran Vrbanic,https://play-lh.googleusercontent.com/a-/AOh14GgNKujR9t-Mfv9Jv7e94eZdEmEWu2_exCkydlaBTA,"Please add confirmation to Calibrate, it is quite easy to calibrate when you actually don't want to do that.",4,34,2.0.8,2016-03-06 22:24:28,,
gp:AOqpTOFgETe5raHr374GsyMG0wQhfjyyKdRvT4yCBGGVmHzfU8l1Z0nXUZXLV8taC7KBWO8WOVzXFShkQzKoHJU,Thomas Dougherty,https://play-lh.googleusercontent.com/a-/AOh14Gg5CSTGBqMmiq9qvWqnzDPVJf2Z3BkAMIQ7ZODpXw,"Assuming your phone is calibrated properly, the ad free version does exactly what it is designed to: works as a spirit level within the tolerances of your phone's sensors, as well as the shape of your phone and any case you may have.",5,64,2.0.8,2016-02-26 23:25:33,,
gp:AOqpTOFFMGQs6YeUZOTByzt_UhFgmGj-hkOnOkAb-YqUQTuDWthhGEl3zdC3vW6jHjoPX4HReWzNV75Lh6wEPo4,Dave Peters,https://play-lh.googleusercontent.com/-t_-ZNKxfORk/AAAAAAAAAAI/AAAAAAAAAAA/AMZuucmEvzvHodUs5sA1aTPx3z55C_OILQ/photo.jpg,"The free version worked for me, but I like supporting good products and developers. While this is easy to use, an FAQ would be helpful. For instance, it mentions it can be calibrated to a surface or to ""gravity"". How do you do gravity? Also, when should the sound be heard....when level is achieved or only when the calibrate button is pushed? Nonetheless,  good job, thanks. - Dave",5,66,2.0.8,2016-02-21 10:15:11,,
gp:AOqpTOGpNmk2IhTlYapVupOIS58fxxkqw6jSsxVX6u9PAZyb1JocwCLSeu2WbnFebyaMkr14t2azXZ9AyHieG94,Carlos Perkins,https://play-lh.googleusercontent.com/a-/AOh14GjXE41HBK0KMUGkvd8PofC_2EhwbCtCnN2qOCogfA,Had the free version for a while. Does the job. I don't mind supporting apps when they work well. This is no exception and the price is more then reasonable. No adds in the free version. Excellent.,5,32,2.0.7,2016-02-17 00:08:09,,
gp:AOqpTOHSD2XmIz_7I5XknLxrzo9LM02M8ewWfkxFk4tdFSOEMS3s4WXiCarW9PtE7YLxryjbmpo9M-V6HkucRjE,phut r00g,https://play-lh.googleusercontent.com/a-/AOh14GgSte15NAOYjs2fQusQL6nG_wCUEUlhq4_BaK-b6g,"Easy, well designed, no suspect permissions. Perfect.",5,23,2.0.6,2016-01-30 19:47:36,,
gp:AOqpTOFfZrZUzs3q_-nQCgvObaWJBAdAP_7jRksxy-gpM-9s9Ap88CHxAbp_jnD5nnVRLbMJe6wu3-JSiYk8Mjs,Brad Griffin,https://play-lh.googleusercontent.com/a-/AOh14GgPniHvFAhszswnX-995JkMu5WmUGi5hkhLOBD_bA,Simple yet awesome,5,38,2.0.6,2016-01-30 02:10:12,,
gp:AOqpTOF9jjva3diVPFGy0_j4hu-AwWyOBuv6mRldrbcnlGm7d8aTOGc_IS-WtzEGVjwQoOCoTJSbOKaBuBG9w3o,A Google user,https://play-lh.googleusercontent.com/EGemoI2NTXmTsBVtJqk8jxF9rh8ApRWfsIMQSt2uE4OcpQqbFu7f7NbTK05lx80nuSijCz7sc3a277R67g,No special permissions...! Good work.,5,25,2.0.6,2016-01-29 21:24:30,,
gp:AOqpTOFObslidLwfO8itu002kKhK4hrF33E6A2didN76jPF4eQwwR-ClE1MhfAiLGC3P4Te7KbwIwww0zptkijg,Norma Celentano,https://play-lh.googleusercontent.com/a-/AOh14Gj1IqEe5N32SAzHns-ckFdZP69qbx2Fmq_CUWa-0Q,"You were just as useful when I had the free version but I really appreciate good apps with no sharing requirements. 99 cents is not much to pay for a cool, quality product.",5,20,2.0.6,2016-01-26 18:53:48,,
gp:AOqpTOF7sTSz2-_RZz-4VEZ1iQfH3d4fIXd7_7QANSAEqWd-s0vLbot-LivuIMHqVm3bKpdFb8jSy8IBIdGMoac,Marcel Boast,https://play-lh.googleusercontent.com/a-/AOh14Gh7fu6pylN27kh7Rx6yApSTw7LWaXvE9f0g7dHzeQ,You've got my 99 cents!!!,5,32,2.0.6,2016-01-26 00:54:36,,
gp:AOqpTOGtqJTmLEOpDQJAYFN_HBnWWGyJqDNjHqzKMRShuIPmOI-Zvr1Ojq2LLE0dAvr_ViOvVyMYbhAPhAbqJaw,Fotos Familia Lanieri,https://play-lh.googleusercontent.com/-U7W0n7BKh1U/AAAAAAAAAAI/AAAAAAAAAAA/AMZuucm7KKiPGYKhYkB3KEZZfh5uTuHvfQ/photo.jpg,La mejor sin dudas!!,5,37,2.0.6,2016-01-15 18:21:41,,
gp:AOqpTOGbQ0Yn0Y9u2i7lLDyZPIKwtjg5-V3R8rBb-u4kK86E9KqgcNQOqqehif8FYjn57h9K82PdxrJVJaSG2rg,Ken Chen,https://play-lh.googleusercontent.com/a-/AOh14GgWKR7PuolTC811g1Ib35RO4DMfMUHaToV9V660cwA,This app kept my old Nexus 7 in service this whole time that I gotta do a little to support you.,5,62,2.0.4,2015-12-14 17:44:02,,
