reviewId,userName,userImage,content,score,thumbsUpCount,reviewCreatedVersion,at,replyContent,repliedAt
gp:AOqpTOE1B8m1KNeYIrPwfUsW817MVrrIRs9rppSMc4nlULceTOeyxt9a82Uqc2zmJY4QQiIGqDeaNW4RW90NRbs,Anthony Ragsdale,https://play-lh.googleusercontent.com/a-/AOh14Gh0kXVIdZeLUv-gbsU__HNO0SEnmKlMwpYvms2qZw,App works great! Very helpful!,5,0,1.3,2021-01-15 07:02:40,,
gp:AOqpTOF18GWkT75ZFa5Vb1Aosdp_BnwPwOBeZ6C0FUhGAikvDGzUzj7wNvDTTfrc_C1c8UWjN05w2M_Rzs1aulE,Craig Fuller,https://play-lh.googleusercontent.com/-XkmB0vDX7Pg/AAAAAAAAAAI/AAAAAAAAAAA/AMZuucl8-_t4YmD6RL21mbDDPFLgCTrJuA/photo.jpg,"It will only stay connected for ten minutes at a time. So not great, but it does reconnect, so it is what it is.",3,3,1.3,2020-12-30 11:43:33,,
gp:AOqpTOHLl-D70UYUuF2j2AGY--ovGBm2LZ_mUSphnZTtYd2Rc6n2TUIpVyp7tw77Dh_fil77MxDtXPP78DnSl-E,Essam Mahmoud,https://play-lh.googleusercontent.com/a-/AOh14GifJCEE1Y5FhGhNzB3c1XqfP-BI71RM4NUcft1T,"It's good App, but after purchased, app not supported to make any online calls by using Facebook Messenger, FaceTime, WhatsApp Chat and all, please hepe to solve this issue. Your quick reply is appreciated! Essam",2,3,1.3,2020-12-29 07:00:50,,
gp:AOqpTOEQc1q5B-X4tNfu6ciwZTRv6xcqdu5oCFa8uvuLum9UdGQVe-pV2uXMwDY7ll6Jo7Ho7YnEwspxRGCTJVs,Tony Aiuto,https://play-lh.googleusercontent.com/-Pa_drGuXr_U/AAAAAAAAAAI/AAAAAAAAAAA/AMZuucnd0QZLO3UTR3uZGbI-rZbeuB614g/photo.jpg,"only app of this type that keeps working for me. Many work for a couple weeks or a month but your provider busts them sooner or later. sometimes it is finicky. you have to connect and disconnect a few sometimes, toggle airplane mode on both or restart the device(s) but soo far it keeps humming along. l use it almost all day on my tablet. it draws the battery but it's like it has a data plan. using s9+ and t6 Samsung galaxys",5,9,1.3,2020-12-02 07:35:19,,
gp:AOqpTOEjwrYR_7SysqRS8q4XGfWageYfUpGkyG7x4-eCL562Nk0GAXkN8_uYzlOqbAHgOJ1u7ZAD0nfE4uXeXXE,Celeste Lawrence,https://play-lh.googleusercontent.com/a-/AOh14GjbtKcml6VKpXV1dMeRebdeTHj38RMcqvcqWDN_FQ,Works great,5,0,1.3,2020-11-26 14:44:02,,
gp:AOqpTOH0k0YYl6YXd5bggRzL8e5UajUHC3S4EBahu8fGf2yZdMaTpEAfhKN1n1SLALrD2NobE-cxWoEcpwbs9iw,Mackwin Rodrigues,https://play-lh.googleusercontent.com/a-/AOh14GhFJLImq5XtRKzGSyK8ZXab9BOzKLwZt9FplSKJRw,Both apps should be combined ones purchased instead of 2 apps on the phone,1,2,1.3,2020-10-03 02:18:38,,
gp:AOqpTOG2MPqFRUzM-jqTBF-JGRTT3rc6Jl5t1ku0A2yLtxbZhSXncp3xbT4JZQEekNJL-HKQEIbnzxKFLKk3oXU,Alan mash,https://play-lh.googleusercontent.com/-hFLQrY6lxzo/AAAAAAAAAAI/AAAAAAAAAAA/AMZuucltsS7l9U-yCmSaiK6ZXJNWFWuabA/photo.jpg,"You can get online. But, you can't play games with it. Only good for surfing and downloading.",2,2,1.3,2020-09-06 04:54:02,,
gp:AOqpTOHiOb2as5095GjyEbJALrBlnjbCRXssBgfbzPUjPIzgC1pLISZSmL7KsNP0fi8h9Lr3byefWo4NesfygD0,Tony Ackerman,https://play-lh.googleusercontent.com/a-/AOh14GgPNw7SusDyStnrL_J8jVF1BzndYjQGkAuFy87MzUk,"Previous release worked better. This release does not connect as quickly, runs in dns issues frequently",3,9,1.3,2020-08-11 06:36:39,,
gp:AOqpTOG7f9pAfreLZ4PwQ3bqVCNrY9Ux86AFFzJiv_ii8gmN84VJkGZJHUf_F2pTI0fcVPmpMe46nIFl_BiAKlo,C J Capps,https://play-lh.googleusercontent.com/a-/AOh14GiLa7ir1tmUGpEW6B2cDqvQGhwkWJ9zsR_znKrR0A,Excellent 😀,5,0,1.3,2020-06-07 12:18:48,,
gp:AOqpTOG3ZBFs0DAjo7thpcKOoh5Oco-LJ8szoi57UjOIWKXa61WmSZMO6PgbxD-cOWy-2KKnXdyGBijTwLkpQDA,Blandon Elkins,https://play-lh.googleusercontent.com/a-/AOh14GhspgMD46PU8VNQTYr-uPYkIqW-1yhej6fzn3jLkw,Great,5,1,1.3,2020-04-05 23:55:47,,
gp:AOqpTOEc8CwvG0bTV8LsqfhkQN-4mytgAN4dWV2sdpuK-XbSkBJJ99MUj7nUhd9QAzCVYXufsJSyMa7YJKm8Q2I,jefrey pica,https://play-lh.googleusercontent.com/a-/AOh14GgrEhMUSc8T2OyA1ekE9C45M3vxf9OtqDGPpxM8og,"The Best Hotspot App In The PlayStore! Do waste your time, money or storage on other hotspot apps that never work. Buy the Pro version. Have been using it for two years not and have yet to be disappointed in the least Thanks Netshare!",5,23,1.3,2020-03-11 03:19:41,,
gp:AOqpTOFVFYzNk02In9t7opZYCaZCSGh01P4eMPcDnGuL1NeFK4RrWHXzQm4MEAtVX4Cicz6uSw3Dl6hIAx123Zg,Tony Nameless,https://play-lh.googleusercontent.com/a-/AOh14GiP_p5Ev6WgHWHYENjW0YaOwTV6er5XqOzGdVRfGg,Does not work or requires two apps at once,1,1,1.3,2020-03-08 12:51:08,,
gp:AOqpTOFUebjWmuJEWT97TukiebtsMhP8BmhXlmSgy8Sa9WFUUgdCbdwzTFrQ9MkqloeBxlf1eyPY4Sd4XVWzkYg,N Joslin,https://play-lh.googleusercontent.com/-dUMIwz2olBM/AAAAAAAAAAI/AAAAAAAAAAA/AMZuuckPqiOCYb_rHC__B_KFYRGUp0jjpg/photo.jpg,"Like the app, but on my Samsung Galaxy S7 (SM-G930VL(GP) I can't get it to produce a password. It is just a blank space where the password should be. It would be good if a fix could be made, since I'm losing the value of the app if it isn't fixed. Please fix soon or tell me how I can fix it.",3,35,1.3,2020-02-14 10:50:22,,
gp:AOqpTOFNRJBMwui-dpGoBQAcmyoJJ9nBjOPFr_AZ6dvQVENL6y2Mctn7xudDGEws3DuKwIC7JJ5QoaY7hPQ7DdY,Colton Berning,https://play-lh.googleusercontent.com/a-/AOh14Gio2oNcpMQ76HjI_BqCnnOy2BWFPKjIMkYWPOTUhoo,Lets u use wifi direct and reconfigure it to be used at a wifi hotspot,5,1,1.3,2020-01-29 15:01:24,,
gp:AOqpTOFB5r-I_-rhsH97K0un01Rz2eCjgYGkNUJ7NRNDPIWMr8LTKSEzyYhloZsYZWGj3nFPAukTnpMcsD_2O28,fredly mash,https://play-lh.googleusercontent.com/-U21GCAAVizM/AAAAAAAAAAI/AAAAAAAAAAA/AMZuucl9vSCZ6kDcGcf6Naa2GIXWtfAtoA/photo.jpg,"Doesnt work on oreo 8.1 developers are not fixing. I have latest. Junk, dont buy if you see this review as i will change it if and when fixed.",1,8,1.3,2019-11-22 15:05:23,,
gp:AOqpTOGjpueKSOT4GMLDQtEZWAq6h48jlNkMPTCRfZ4y9YVDjmgDlUq2fJO318V-j1s8jETw_nMzO4Tmd730TcM,A Sato,https://play-lh.googleusercontent.com/-rGQaky8iyDg/AAAAAAAAAAI/AAAAAAAAAAA/AMZuucm8xazXCyGGMNZzC8Y8wXPkZ4RwAg/photo.jpg,It was working well but it started dropping the connections 5 to 10 times in an hour. Hope it can be fixed.,2,4,1.3,2019-11-12 14:08:40,,
gp:AOqpTOEQJoP7DD3zZzYYjkC8n7fE6vviYqzE-j4HeyXdfmBqWBita8-d1ddXTdOGeCvCHrJJ136sytkIVNd9eyU,Noah Roth,https://play-lh.googleusercontent.com/a-/AOh14Ghk5WUxVNXz0ID2gLZXBS7zJxhJduHlnoDSVlPC,Netshare is a carrier bypass for using hotspot. It's not really hotspot it's wifi direct so not everything is going to work but that being said it unlocks the phones capabilities so much. Used to be like an 8 step process now it's ez peezy. Especially with the full version. My kids would use my non hotspot phone plans to play YouTube and Roblox with impugnity on the Mac laptops. The other thing is a repeater or extender.,5,12,1.3,2019-10-16 04:50:53,,
gp:AOqpTOGJF0gWVOp01IOGQ9FEvBH6AGBoqhM9yll09XyQic785uYRFtsp90ZGb2iDtj_6Kdm9rkyy8eubA-ApLtA,Ryan Hart,https://play-lh.googleusercontent.com/a-/AOh14GjRQILmrPXCU6CnXW2z6CQz71NqIozKO39B-_iQdVI,AWESOME!!!!! THANK YOU! 👍👍☝️,5,0,1.3,2019-10-04 13:24:25,,
gp:AOqpTOFvWfhFr2oOA1E5FDZV-vp6UjPksre55XRsfUbvrhKVkRqrUc1lRSOLkVG8oiD0CL181zXhvuziEPIZ71Q,KNOWLEDGEIZPOWER,https://play-lh.googleusercontent.com/a-/AOh14GilBcsKsjiQIQz24QOgySeGt9SibWdAFQU8FghrJA,Awesome sauce,5,0,1.3,2019-09-29 08:17:11,,
gp:AOqpTOHmvYLdMmQ_D4MUDeM8o2YvYQVsREftv-OceguDHRVX7ekb3BHkiOG4MYjyiPSDnOgP6RJL5aNYZSQNgNM,Justin Reock,https://play-lh.googleusercontent.com/a-/AOh14GgwZXgoLPbZxZuTuUJS223BQag3EPeUAbfsoiVk7A,No longer works with Android Q,1,1,1.3,2019-09-24 14:58:07,"Hi, we apologize for any issue you might be having! Could you send details of what you are experiencing to our customer support at netshareapk@gmail.com? We'll get you up and running.",2019-09-24 17:41:11
gp:AOqpTOHMZxIHg813WCiJqakRQAP0VfzZRScqNDKCjCTplkUB7sSfQsx22PnggbByU8qIoSUrtggaHlrVxnmDBRE,Anthony Hernandez,https://play-lh.googleusercontent.com/a-/AOh14GiUdYMCxCf-4Sez8m9Ouyxw-8BuXsPLMUwzr-Qxbg,This has to be purchased and also another purchase in the app . None the less it does work. But you have to purchase twice. Also it doesnt carry over to other devices even if they have the same Google account.,1,4,1.3,2019-09-12 19:58:31,,
gp:AOqpTOFtadL0-p0_rUs4mIUiaton9clt-wM1H_pkrRDTTAuctczY8ORa7lx-owPt97W6BwrlLpWxi9vxAt3Rx1E,Jus Tabitha,https://play-lh.googleusercontent.com/a-/AOh14GiNw-A46ALOKn-0Q5f3MaaZGim4cvtYUZs8jsdQsQ,SCAM cant refund becuase of policy? ill be disputing with my credit card. this app is garbage,1,0,1.3,2019-08-18 12:28:38,,
gp:AOqpTOHdrrtgZYa4SgGcl7W2WNYZu6LO-udIbasuRY0aMvVGuYmI10ocPd4wyJTuoEXfKpsZsn3QMddRqwg0wm0,VIild RADIO,https://play-lh.googleusercontent.com/a-/AOh14GgupJnWxVZASKocJ57Zfgh6mrtLiBRhYEyWEuY3TA,I would please like my money back this app does not work it keeps freezing. Can I get my money back I paid for the KEY? I HAVE UNINSTALLED AND INSTALLED THIS APP A THOUSAND TIMES AND IT STILL DOESN'T WORK PROPERLY. GIVE ME BACK MY MONEY THE KEY DOES NOT WORK. THE REGULAR APP WITHOUT THE KEY WORKS BUT THE KEY DOESN'T. IT INTERFERES WITH THE REGULAR APP.,1,4,,2019-07-10 21:01:27,"Hi, have you tried the latest update? It seems to fix the issue for many of our users. If it doesn't work for you, could you contact us at netshareapk@gmail.com so that we can work together to figure it out? And send me the payment order to refund your money if no solution was found.",2019-07-11 08:33:32
gp:AOqpTOGXmeuZS_eif3tTEJCOElfcDF7ZddBojz5bvUhIrS-lbsVUKjpbFAo3u30w-8hCVPeEZ-54NgRwu9l7uGQ,Jeton Ademaj,https://play-lh.googleusercontent.com/a-/AOh14GiTiZi_Xmb7PyZk4rKinIJPhNnlLDpDaiRleUe_,"i just bought this on my Moto x4 with Pie, but clicked ""refund"" as my account history shows i already paid for this on previous phone on 6/6/18. GUYS, CAN YOU PLEASE ENSURE I HAVE THE FULL VERSION, DESPITE REFUNDING MY *SECOND* PURCHASE JUST NOW? more importantly, can you ensure that it works with Chromecast, especially Chromecast Audio? also, would be ideal if you fixed the PS3/PS4 issue. lastly, i really wish i could keep the same name/pswd for hotspot! i'd LOVE to change this rating!",2,2,,2019-07-06 08:13:04,,
gp:AOqpTOFvpYlOzAc5MvIA_OBNG8-8ozjhKzjefYBu1nvWdtm9ZAgzqb4Bd2rta5nI-FtgV_Dci2FccvnsQJ1KQ0g,Joel Dean,https://play-lh.googleusercontent.com/a-/AOh14Gj5hjqYed3sRKjU9IqHgXlnmhfXae0glmcR1cbex20,awesome app,5,1,1.3,2019-07-05 08:19:51,,
gp:AOqpTOEC9zzkzHK_tBbk-6SruLWMc8oXE8ef-qJbAS4ZyiKVywbgpCW2xFfirohqU1KPi__e9PELKMAFIVVO9NY,matt harrell,https://play-lh.googleusercontent.com/-cWme45jV-v8/AAAAAAAAAAI/AAAAAAAAAAA/AMZuucmwAEMNeIJ6M88lwALFHMak4rSSIw/photo.jpg,will no longer work on boost,1,0,,2019-06-19 23:46:46,,
gp:AOqpTOEzdwi088hQj8MmDSa39u-oSlxscd-TblkGrM5YSWSv3gH7EHgemAUTXA0Ko8YZ2bOCOjqE9T6eyjQg3Dc,--,https://play-lh.googleusercontent.com/-M_qsMafAZts/AAAAAAAAAAI/AAAAAAAAHNg/AMZuucl3xhjIS8YevR08yt3ccaJqWv7BuA/photo.jpg,Seems i have to turn it on/off/on before it starts working stable. Would be great to have a small widget and a control menu button. Also can't use ssh through it.,4,3,1.3,2019-06-12 19:03:34,,
gp:AOqpTOHiRKBMZWUEZ1x13SAJbxnKboSqwR3J07NRg5gRwM0qZJiBTwKRXUD1D6i3xikYzKGVnPUeZz36luU4J3g,Killer BMX,https://play-lh.googleusercontent.com/a-/AOh14Gh1Hsr4PPNG6KFwj1c_6oQi_2NHN7DEk5aa8qU38g,does not let you share wifi,1,0,,2019-06-07 20:02:57,,
gp:AOqpTOG9EiskMPQncnNvD7to0dBBDEnZOr1K5qM7Q5sMYG_LhqsibyEmdqNGWwxsie-1GbiNN3ZbQe95-GU4hXk,just jacrispy,https://play-lh.googleusercontent.com/a-/AOh14Gh85G65BgkNLa9bneb-7a3nPSC7sMGa3ioxQcSWdQ,works well so far. just confusing to set up initially,4,2,1.3,2019-06-06 16:45:10,,
gp:AOqpTOGBi7UHtfym40SdxDA_BlxBPhoU6HAak5Rl3XMO5NoJoavzcHUIG4OEbX-SHFqocOx5ZbEZ4zN_f9uhfvQ,C R,https://play-lh.googleusercontent.com/a-/AOh14Ghv0VW8ko_gA5XH8cDjPlBn6zggWodopo0A9SGfdA,i asked for a refund. now my rating message is gone. still no refund?,1,0,1.3,2019-05-20 21:30:12,,
gp:AOqpTOFGjdderiDkJO_Dvol1hCvEYMXVisiODFlZn2ABW-hWwhRf7IuYf0yIKPWFZloUPdO48p8JS_t1y3zVoU0,Synoptic 1,https://play-lh.googleusercontent.com/a-/AOh14GgGSb9scoYflyHsb2S2-FV72H67Ya-FPGL-kwfBsg,"But, do you have to pay for each phone you install it in? Exasperating it worked well then conditions change and it becomes null.",1,3,1.3,2019-05-15 01:09:44,,
gp:AOqpTOESYfl92cFH_1Vlb_CtlVtFYpExCmavNrviNjvsTkmg8RRSPoWimpTT25Sj0e6hXmK_7R36ohdJrA_BNMw,Ryan Sleep,https://play-lh.googleusercontent.com/-WaIJrx83q9o/AAAAAAAAAAI/AAAAAAAAAAA/AMZuucloBBOtLK41lLrCkV9HSewy53DcIA/photo.jpg,i paied 8 bucks and it sucks it dose work but it keeps kicking off my girlfriend's tablet every 15 minutes it updated the only reason I did the update was because I hoped it would fix this glitch and now the update is causing it to crash just as offen so the update just doubled the problem i have to force stop it in the app mannager,2,8,1.3,2019-05-03 19:33:32,,
gp:AOqpTOFvKQt07Xkd5OjSJOYh_HfKGPrhySmJlGHgdesdaLCmBqId08k6B7VhJ7ZyoyQaMIk7UsbQbRHK7xdQJ64,Crypto Tech,https://play-lh.googleusercontent.com/a-/AOh14GjtDgvsccWe5twpEjXPsPDmk0aZpkACdYLOgsYPOQ,Cannot use the app I paid for error message in activation. It is being a hastle to get a refund from them.,1,1,1.3,2019-05-02 10:19:19,,
gp:AOqpTOH9XHkhJcxdSFqUme2apR8EaosxCZ_5dH9yUw8vfhcyo_1gMHoFNBfmuBlXIqlPCWZHG1fTV5xQbWhG5O0,Steve D,https://play-lh.googleusercontent.com/a-/AOh14GjUCnHQughL68LN-hqZvq5TpHLFsppSoZvSPOplDfQ,key did not work. immediately uninstalled.,1,1,,2019-04-24 21:04:11,,
gp:AOqpTOGbwEGfKAA2j8deKCTFkBfc502L6pYfsH3_clb9Hwazn8dZShr34y0Dz-zojN2fbkkNuDrAyhElXwazkOQ,charly farles,https://play-lh.googleusercontent.com/-KB3yKyUGYXk/AAAAAAAAAAI/AAAAAAAAAAA/AMZuucmZ-1XWPwhw8UlD4AwqmN05mJNc8A/photo.jpg,"Doesnt seem to work on pc. paid for unlocked version, so got robbed . Problem ""could be"" proxy settings in browser as there is absolutely no help or info on what the settings are; i contacted developer, no response. Save your money and do not buy key.",1,8,,2019-04-07 01:10:40,,
gp:AOqpTOFoSg8rNRW4kGRBB2gugmcRVfhhJRqVIl1EyxgjyAUmqa690zDgGfuLBDQvwkSZmo_ROb4agzpIq99DWkA,Noah,https://play-lh.googleusercontent.com/a-/AOh14Ggnp7uohdTmWdXQ7_xbqeVJiacfSIvP_zVWVMGjIA,didnt work for ps4 from phone,2,3,,2019-04-06 20:43:40,,
gp:AOqpTOHn5lC6HLK0Uhak5A02Y5E09iWi2qQMWgvZ2n3VoWG99lILCwnbJEkq-zwlURyTCRCFpaYfhbKuJOwdt04,Jonathan Leon,https://play-lh.googleusercontent.com/a-/AOh14GiSzjxZ32itFc9x2bVhblZ0SHe2J8NwJmkytFvlxQ,"Works on my S5 active without root. Yea, you gotta put in some proxy settings, but for anyone with TCP/IP knowledge that's easy.",5,7,1.3,2019-03-25 14:20:59,,
gp:AOqpTOFlRr7oh3Ej0XXT1sXYrPUvvMLhewGtJFVM9TQ6wJVSS6smAgGt4BY231-a_EihBUX1FIJ5bCgtj8tnOkM,Sherri Moreno,https://play-lh.googleusercontent.com/-1zZh7jSZs00/AAAAAAAAAAI/AAAAAAAAAAA/AMZuuckwFfG_GBlS6ax7yeO9OVi9ZO8U1g/photo.jpg,great,5,0,1.3,2019-03-07 05:30:00,,
gp:AOqpTOFKPRxyVFL1fwaA94ZeQM3_UjTv5lyIoKZ7hi3jlHopdhKrqBEM1BM0Xx0VbVyN0BerPyiwO-J6AY3VVWE,A Google user,https://play-lh.googleusercontent.com/EGemoI2NTXmTsBVtJqk8jxF9rh8ApRWfsIMQSt2uE4OcpQqbFu7f7NbTK05lx80nuSijCz7sc3a277R67g,good,5,1,1.3,2019-03-02 09:27:01,,
gp:AOqpTOHAtGNoyYmd-oC0IKTmGT1LWaF3nIVDFEd6a9VE2_ghQgJoxS2xTDh0ljivNOSvb1-z_WRZDyRLJWq3Hsg,Harald McArthur,https://play-lh.googleusercontent.com/a-/AOh14GjhJ8M3hDXSKkeX1qplPe8ijFlgca1ssC04b06x7Q,Does NOT work with Roku or Chromecast. bought it specifically to tether hotel wifi and make it available for my roku or chromecast. it doesnt work with either.,2,2,1.3,2019-01-19 14:06:29,,
gp:AOqpTOHb3i_FBUAkwNzGYNVpZgJx6xtwqr3fpaJrdnAhI007FOghQW6X4uw1l3U6AfsTOcw--AovMLh7Zm13qoU,Sharnice Joyner,https://play-lh.googleusercontent.com/-ZD3n8fJzrHw/AAAAAAAAAAI/AAAAAAAAAAA/AMZuucnDB0WnnQptL2adKXcxUXeWJkohvA/photo.jpg,I GOT THE APP TO DOWNLOAD GAMES ON THE PS4 BUT IT DOESNT SUPPORT THAT IT DOWNLOADS UPDATES AND THATS IT. I THOUGHT IF I PAID FOR THE FULL VERSION IT WOULD WORK BUT IT DIDNT. This app sucks,2,4,1.3,2019-01-13 13:18:02,,
gp:AOqpTOEriBjyV8dPRLY-jM8Maxjp0LQxx-N6uQVF1FOIosWcyS_kJbTViHs7yf1s3Lr9Dd9oplxhREP0ZrjsXRI,A Google user,https://play-lh.googleusercontent.com/EGemoI2NTXmTsBVtJqk8jxF9rh8ApRWfsIMQSt2uE4OcpQqbFu7f7NbTK05lx80nuSijCz7sc3a277R67g,"Great idea and works well, not a single crash or error. But only works for Web browsing (http, https). Can you please add support for other protocols like email, P2P file sharing, FTP and more? I just want full access to the internet, not just browsing. Also, can you add an option for a sound alert and termination when my phone disconnects from WiFi, so I don't accidentally use my (expensive) data connection? Thanks, keep up the good work!",4,70,,2018-12-30 03:59:19,,
gp:AOqpTOFiSmxSkUnDr42eOo2lgwBzcfZirfyNEsxzkToz874DPnQldKBeNefqijW9KSZqajUH5ZJg8k8fV7l0-8w,Another Random,https://play-lh.googleusercontent.com/a-/AOh14Gjce6Trpj3DmBnz-4RLMdnN68ooSTOZefmsC0dGvw,"really does what its meant to, only problem i encounter is that it will say its connected but stop giving me internet access after about 30m, didnt encounter this problem when using the trial version.",3,12,1.3,2018-12-24 19:51:48,,
gp:AOqpTOEE3p6L5HtLerrkVZ4WeaJCGk8Q1zJVLeVEHa3XTpKZHNdAC3C77G4ng0N81IyitsMOlQoVbiGrtsni9xg,David Pucio,https://play-lh.googleusercontent.com/-gpO3qdjtmRU/AAAAAAAAAAI/AAAAAAAAAAA/AMZuucnxNxVcyFoXH6080Tkf72tChqUEOg/photo.jpg,The only app I've found that successfully gets around the tether limit. Better than FoxFi . You do have to make sure to set dns and port proxy though,5,15,1.3,2018-12-07 03:45:50,,
gp:AOqpTOE6hSbZMLLeWpKCtlxl-MotwP0iO9KUJVDGi5M36JEeEF0ke37zkTFROT9vN8kHM2X61cmCEYsl0odJ8AU,chenli qi,https://play-lh.googleusercontent.com/-UmDqLAHCGOM/AAAAAAAAAAI/AAAAAAAAAAA/AMZuucmwUGO4Pt2UpN_WZCMFai6TUn2bGA/photo.jpg,not working. keep disconnect every five minutes,1,1,1.3,2018-11-27 20:01:01,,
gp:AOqpTOHyN_rpnww-wTE7M5Wu2xQPjeAf7CFKv3vXTe7kfPPp3qm6X5A67THgXv_wKFCmH5a9xs7fBqGNBUm6tQU,Liticia Rogers,https://play-lh.googleusercontent.com/a-/AOh14Gjs8LcI1ZCiT3KKE-U07rcxHu-avkXnANXB22cG,"Can't connect to the wifi app stopped working on my tablet hotspot stopped working disappointment can not acess hotspot connection no proxy address or, proxy number,plz fix issue",3,2,1.3,2018-11-27 04:52:11,,
gp:AOqpTOGFwb_rKYoLD3X1Y3nz6eXvDfxP9_25X6GoelJ4JkIHqo69puiDOQeGUK5VbtrgMJD5d5KnchUblCsm37c,Lucas Carthew,https://play-lh.googleusercontent.com/a-/AOh14Gg0UHY-AYnFnT_yyePQBZEBP5usF30hpJS7Iiq69Ro,"Works for some devices. I am able to get my tablet connected no problem, but my laptop doesn't even detect/show the wifi signal, so I can't manually adjust the proxy settings for it. A fix for this would be a huge plus.",2,10,1.3,2018-11-20 20:56:40,,
gp:AOqpTOFvjvUGM0KV_TXw9X1xdEp_Dn5Ho0tp_Sxq4MTz2Xu4OFuS_LjnXrf9p3De54Q6bofcPflgwdkroqImffc,Mr Highest,https://play-lh.googleusercontent.com/a-/AOh14Ggre_3ZZWf2Cy3tc7vRAyOlN_q_d4e7tGFhcbj6Gg,works fine!,4,0,1.3,2018-11-06 18:10:38,,
gp:AOqpTOEEXe-j-J8izJN506gvRsBy2LFrrJLVz0zpO7smYMKjTNpaK4Ebud8NwXnSh2VjvewPI3BMkvVt_oRa9Gg,A Google user,https://play-lh.googleusercontent.com/EGemoI2NTXmTsBVtJqk8jxF9rh8ApRWfsIMQSt2uE4OcpQqbFu7f7NbTK05lx80nuSijCz7sc3a277R67g,"Bought it, thought it would work.. cannot refund.. -Edit 14.10.: Contrary to the guide in the application, you also have to set the port and proxy address additionally to installing and running the NetShare application and then it will work!",3,23,1.3,2018-10-14 01:33:41,,
gp:AOqpTOHXX1LXzjgud8onAD25qKdR4KEUkIlTlqhJiDeHaDM0riBbFlpm7N0qVoAAndFZSccGLBsp9KVilaDMMyA,Brett Orsborn,https://play-lh.googleusercontent.com/-V1WTWMJzxgc/AAAAAAAAAAI/AAAAAAAAAAA/AMZuucmHPj1dUFovs10OrMVGP2dUJy5jng/photo.jpg,"Does not work with PS4. You can use it tl downloaded system updates but get a DNS error when trying to connect to the PlayStation Network. Such a shame, with that feature it could be one of the top apps on the play store",1,67,1.3,2018-10-11 05:42:02,,
gp:AOqpTOFQ2a1e-jR0KSIpv6dMdjaxQ9VwBid1pWRC5ZwD-84YFgmzYv_tH5ZFlSqNufifNJNnsnf1jdFNdGrQhdk,Lea Isaacs Cooley,https://play-lh.googleusercontent.com/a-/AOh14GjcE2SJuPy69fkiP5A88zbw2tm2zaEMkL3xgH7Ki-I,This is an excellent app and I absolutely love it. However my only complaint is that I just had to purchase the app a second time because I upgraded my phone! I hope there's a fix for this & possibly a refund. $8.99 a pop for an unlock key you've already purchased once before is a costly nuisance. No one should have to keep purchasing an unlock key every time they upgrade their phone. Thanks for any help regarding this matter!,5,63,1.3,2018-09-24 13:45:57,,
gp:AOqpTOGvUPGBiTCdnVUi0Mr6M1-WHzCO_YiFHjUuwlpnf7TSxWg9rxccMm74pcPmMgFiLOp214hTkGftw6922jo,A Google user,https://play-lh.googleusercontent.com/EGemoI2NTXmTsBVtJqk8jxF9rh8ApRWfsIMQSt2uE4OcpQqbFu7f7NbTK05lx80nuSijCz7sc3a277R67g,Never worked. Always stuck frozen,1,3,1.3,2018-09-24 06:49:30,,
gp:AOqpTOGvTHoFJmYFK5c9Q7qOlFix8L_u7OyDJmgCcaXIV0978cHI5zTgRbmZVAc3EJAIroHo5fpW87VRUYLozII,Barbara Kilgore,https://play-lh.googleusercontent.com/a-/AOh14GjSStcmaOFcSRDHU4JNNBs-_pfHZksyo5HgK0X3zA,Want a refund,1,0,1.3,2018-09-23 12:45:03,,
gp:AOqpTOHkFLWcyzb39XcVlYdHs1lsW4CGyu9bxpJitOfx19MSIOphqn6_UHUgFXls2CVmMIt_f7RduOlDtDa-k2M,MsHarleyD,https://play-lh.googleusercontent.com/a-/AOh14GiLkBvAGS9d_8TLf81XBrUYJI2r8XQowxiOuFlQWUM,I had more success with the free version. Tried it on mobile and pc. It keeps losing connection or not connecting at all. Want a refund. Not worth the trouble. ☹️,2,5,1.3,2018-09-22 15:19:32,,
gp:AOqpTOGJTVjPP9At3afvh2v31HUZYHlUzBph0mKWgm5CC9gi5DMSmRIGfLqMIXzXy5i3fIQKf3yp3oRMvCESmJg,A Google user,https://play-lh.googleusercontent.com/EGemoI2NTXmTsBVtJqk8jxF9rh8ApRWfsIMQSt2uE4OcpQqbFu7f7NbTK05lx80nuSijCz7sc3a277R67g,The WiFi does not start even in pro version,1,4,1.3,2018-09-14 08:55:27,,
gp:AOqpTOFpQ4IcQ2r1-gdpPLzrw8cPXC14zTBbqHGaGEaYvnlJw2Dt9RMvj9QCeoOAfz9dBNvrrlR3sK1sW5R_KmI,Christopher Watson,https://play-lh.googleusercontent.com/a-/AOh14GhVg0VAi1iYNIAPCiCQmNW02pYU1KUlTzr-qz2i94Q,Works for me,5,2,1.3,2018-09-07 15:32:28,,
gp:AOqpTOFiXuFvvFPkz5snkysYDeHM3r3e_tVvxkbH9uStWPCj9xKLjJ9ZeHMm94f5zbEKMqrbHXKhDdKaKyVRHR0,Ken a,https://play-lh.googleusercontent.com/a-/AOh14GimwpvOkuGdbgVGJ0XR0iOnJ57L-IHyOw2VpB1fVg,"PS4 DNS error is really annoying. Need this app for big updates. Really, really wish anything else at all could work. I would pay more for that feature.",3,18,1.3,2018-09-03 15:23:22,,
gp:AOqpTOEPEs7gHCuo7pyogmXVIIWkx_RqTfauiOpY47RFi4TtNcpz_uAWChTUv568JEawSnx9HISrrjcwIjQOuUw,Nilesh Arondekar,https://play-lh.googleusercontent.com/-C35p6zAmBc0/AAAAAAAAAAI/AAAAAAAAAAA/AMZuucnli50kZqFUHU4xSVZLrORXpB8F9A/photo.jpg,App is not working after purchasing full version... please refund my payment...,1,2,1.3,2018-09-03 14:16:59,,
gp:AOqpTOGSdKt8x1R6B5jw-cM9rVkvdbyFqOBZSApwqmiY_K-Oq91yfnSVskmiVUcTFKwJwFuPw0I1De78liicfCs,MaudsPCz,https://play-lh.googleusercontent.com/a-/AOh14GgnImbw9Utb5cll23TY0uGgcCqx1svLY81MoUSV,Can't stand the fact that you have to have the free version and the paided key installed and the Wi-Fi hotspot keeps turning off on me.... Absolutely would not recommend this app,1,8,1.3,2018-08-30 23:57:17,,
gp:AOqpTOHQy_efYapVC3UzqJMFwbkqwZjc-KOjShf2rbuSh4LoHLNnabfJpMJx-hcJ5Brou7qm1iHC0GYdJ2EMDbQ,Eric Rogers,https://play-lh.googleusercontent.com/a-/AOh14Gh4ROOn-XFX-gc1XCbrRpdxNp8jzmdC0zOISaNdbw,"The setup is easy to complete, but connectng devices and allowing internet 
access didn't work. Tried multiple types of devices.",1,2,1.3,2018-08-10 04:21:30,,
gp:AOqpTOFHsOwz_wPAdzRwjk5iIcVgdxr6Yi97RGexLCknlgbbZVf_URp0OUZoNkHJazS6OCgzh4cVGqY_Dl-6x7M,JOSH MCKINNEY,https://play-lh.googleusercontent.com/a-/AOh14GhJhY6cEheMzROIQVg27JAJOErqKZXrp9caAzMoQg,"People for unlocking it without repay go to account settings then order 
history click on it then click to view it will show download",5,4,1.3,2018-08-02 07:40:45,,
gp:AOqpTOEOiPqSkEp-dcLCCRH8jjKic_nCivfaB6m_CHQY41FwsNkkQDHetYAa4sVqEVQgQzwWO9jZxfF4p00OYvQ,common legacy,https://play-lh.googleusercontent.com/a-/AOh14GhiV0Eh0sXL5ouSR9SMkjfyCfmgaV4e3YB0pHKe,"Paid for unlock. Main activity app installed. No obvious change. Unlock 
full version button still present. Will give 5 stars if fixed",3,9,1.3,2018-07-22 19:48:13,,
gp:AOqpTOEvj84idANQ-Z5rU0xYkXhRwCryE1ceI9mM8dadepzchfauve0EvDHS0yp_On0YUiMSGVYZGjLZmMAyEsE,Andrew Harvey,https://play-lh.googleusercontent.com/-hTf-Zm6_bG4/AAAAAAAAAAI/AAAAAAAAAAA/AMZuucmb8l6DIwTb_hM215_57JhfNGymnw/photo.jpg,"Quite good but it often loses connection to my other mobile which requires 
a restart on my Moto G5s. Also connection pauses somerimes",3,4,1.3,2018-07-11 06:55:51,,
gp:AOqpTOE2490WWLkaRRDUFyIZdwqVmCKPPppHcQzH23bB-gc12Zl1Zz9KDg_3e_q_ixBUlaG1WdAHx7PJJpdFRC0,Jeff Bevins,https://play-lh.googleusercontent.com/a-/AOh14Gj63BCZDeea43DPDmsu4lFEw4phY3-8ubO1-cjk,I purchased this app and got double charged. Please help. Thank you.,1,3,1.3,2018-07-03 04:36:01,,
gp:AOqpTOFbX1nnV9NNzqlxrYGT0-4eXpfc89GdPhyEYm2NSpN9USkUPB8HVRnD2XTBfKAb7ljUmGUxKK5XPIDqTks,HELL KICKER,https://play-lh.googleusercontent.com/a-/AOh14Giioi4J-tFLZ_LDfcLGgDbKJffsEzGCBylLqmljXI4,"Tried to hook up a PS4 with it, using the phone as a WiFi hotspot. It works 
to pull the system update for the PS4, but all other applications or 
internet browser access in the PS4 give me an DNS error. Android version 
7.0 on aMotorola G5 Plus. Any recommendations or fixes for this, dear 
developers?",3,19,1.3,2018-06-28 15:05:23,,
gp:AOqpTOEm1_0_CiT-j5NiB0EOy9onNpjseqZ1nxC69x6lGmCgJcdk9errUTVtB6uCnVAb1pCd6bYGmGaZ2XMfLPI,A Google user,https://play-lh.googleusercontent.com/EGemoI2NTXmTsBVtJqk8jxF9rh8ApRWfsIMQSt2uE4OcpQqbFu7f7NbTK05lx80nuSijCz7sc3a277R67g,"To activate this NetShare Pro Unlock Full Version Key go into your: setting 
on your Android device/phone click on :apps then find NetShare in the apps 
click on the NetShare only not the NetShare Key. Click on: Force Stop. Open 
Google play and find the: NetShare Pro Unlock Full Version Key then open or 
buy then open. This will allow the key to activate the NetShare app and it 
will open the NetShare app and it should be activated. This worked for me. 
Great app!! Thank you developer!!",5,20,1.3,2018-06-28 14:04:07,,
gp:AOqpTOFaQKIwUXk1MpqYPgPlor0hHC9K3Hmv5Z5uxdNZXiNtz3uUCrRwSm1Qyr5spIbY7gctfvxpbM9eFETH-sc,Adaeshay Oli,https://play-lh.googleusercontent.com/a-/AOh14GisGyKtUjt3x9CnfjF2OQn0w-4gmvmCOf_1OLFr,So far so good just got the app testing further,4,3,1.3,2018-06-17 18:26:13,,
gp:AOqpTOHYNcJUmkChTQCaW8tNvoVqU5lv5tqYb9k67LnACtyptTfaR8--U7_P9-pDEBU3A_IYMYYd98TEkAwVYJ0,Bra S,https://play-lh.googleusercontent.com/a-/AOh14GhqmsLeUB9WQLDb3DaCJim-oD45pIcV9JCeEyVCRg,"Have now paid twice. Because I depend on this and have been.down for 3 days 
or more. So bucked up and bought it AGAIN to have it work. I really wish 
you would respond so we can get this figured out thanks",1,15,1.3,2018-04-13 20:40:47,"Please don't pay again, we will solve any payment related issues in the next update which will be published within two days.",2018-04-14 08:45:58
gp:AOqpTOEwKxUgEvs_jQ54MnnlEm0hJMI3fmBciInTDcXrvTMHoToYOTzxuY9NBudfOjMBRSuEI5P4-jCVxwGgI_U,Gamer Son,https://play-lh.googleusercontent.com/-LS5KrRNyv4Y/AAAAAAAAAAI/AAAAAAAAAAA/AMZuucnBtZDsDoJv32LviQ4n_yaXah4h3g/photo.jpg,Great app,5,4,1.3,2018-03-23 19:50:22,,
gp:AOqpTOF4hLak-Pt9iTIN-s6c-Eq0RUD3EMvn1N5v_SPK8Qz2pJYQgpApzyua8oU-XhxCu9Wwjg2vdf6L_VXXOK0,Philip Gillott,https://play-lh.googleusercontent.com/-8ULPOewIogQ/AAAAAAAAAAI/AAAAAAAAAAA/AMZuuclJWR209HsZQUnH7PoMB872nWuy7A/photo.jpg,prompt response,5,5,1.3,2018-03-05 07:49:00,"Please contact us via email, we will send you a promo code if it still locked",2018-03-05 05:29:33
