reviewId,userName,userImage,content,score,thumbsUpCount,reviewCreatedVersion,at,replyContent,repliedAt
gp:AOqpTOGMLoZ9S2JmV-qvz0JOSxOT6VceLvuyD3-fsgvLTHy_af-WJ2zHz7CFQz9jM44IhgD-z3EvyqX0k0TEhQ,Zy Marek,https://play-lh.googleusercontent.com/-z5o-7BtthN4/AAAAAAAAAAI/AAAAAAAAAAA/AMZuuckpyp0iB2DLkz7wf08ou644UFIklg/photo.jpg,"This installment for me feels like where it ends, These first three books are amazingly well written and I love the story.. Sadly the 4th book takes a wrong turn, while still well written.. It just feels like the previous 3 books didn't matter in the 4th book, It feels cheated with a forced path away from what what I enjoyed about the previous 3. I'm hoping there will be a 5th book to help get the story back to where it should be.",4,1,1.0.8,2020-08-18 19:26:03,,
gp:AOqpTOEcYcGx56mowfud5HfoSDnyxHTDBnvLZIAxbhUi4KTNOf3vG8oGMAQqQRarVwTX1s9IAOVmXJWhsO-0IQ,Jeff Bowden,https://play-lh.googleusercontent.com/-jGEcVDRonPI/AAAAAAAAAAI/AAAAAAAAAAA/AMZuuclej3_21IN9JLeEQ15PsoyDcG0ouA/photo.jpg,Pointless having a RO in the series like Momoko if they aren't going to be in the whole series to spend time with. Hated that she was written out of Book 3 just so time could be given to newer characters.,1,1,1.0.8,2020-08-07 08:24:01,,
gp:AOqpTOEaCmL6RC2bdjf227mmX3irhyulf5A9200fAFq0_H80OXkaSzL5Gs03KlN3uoimqk-ZDl_O2GvZXEHdMg,sinamai tuitui,https://play-lh.googleusercontent.com/-DOVKsUPHHeI/AAAAAAAAAAI/AAAAAAAAAAA/AMZuuclMIh9AC5AB7mTZVnkM9-4rkDibBA/photo.jpg,Love it cant wait for book 5 already 😭,5,0,,2020-07-07 09:02:10,,
gp:AOqpTOE6NFuS9y9ILvI6TTXNBJwfbfQrRexU3PabAlSTinF_q5eXF_E7N6Mq-MCquefoingka4de95EI_1LO4Q,Alyx Fugate,https://play-lh.googleusercontent.com/-xZGAlaWJIm0/AAAAAAAAAAI/AAAAAAAAAAA/AMZuucnDQZA4CuFanHo084LnkfMAkIWbAw/photo.jpg,"In the previous two Hyuga games, it wasn't uncommon for me to have to restart because choices I thought made sense for the ronin and my attunement decreased too much. However, I have never had to restart as many times as I have had to with this book. Before I was even a quarter of the way in I had already found the need to restart 3 times. The choices feel more luck based than anything, with little logic as to what makes one right and one wrong. Very frustrating. Hope this trend does not continu",3,5,1.0.8,2020-07-06 07:56:23,,
gp:AOqpTOEblA809j6YWBut_c5CR_TRsSc8ktwk_U4VCzsnCIYMudSolRQmSlhsVWsBcd0sF2kS_EHs61q-uBs6tw,Maya N,https://play-lh.googleusercontent.com/a-/AOh14GhPmksIJOBwjluYtUuX3KLT9rayUexTinzTf9L_7w,"Least favourite of the three books so far, mainly due to the story. Would still recommend.",4,0,1.0.8,2020-06-05 12:55:31,,
gp:AOqpTOH26SW1HfG0NnTuqXMkqUFVDvtocBSr8zk7HDbpyscLsF_OzNro8hJWKcNnh85wJsxwic9dSaBnoLhXJQ,JiRZee,https://play-lh.googleusercontent.com/-HPVGcRscMls/AAAAAAAAAAI/AAAAAAAAAAA/AMZuucnNvCOuqxtAM6jedVWg1HbDvuK1LA/photo.jpg,"Love the whole series. It is action/drama/suspense/sex so packed that I almost don't breathe half the time. Also the world and characters are built with such thoughtfullness, detail and care...can't even fathom how much work it has to take to the author. One of the greatest ""gamebooks"" i read (and I read a LOT). Can't wait for another book.",5,5,,2020-05-29 00:20:00,,
gp:AOqpTOHKExtMnfKpVhNp0amsXzPKBSRFu3NXqUXTeLLPwPkHr4Y1tEhE5wF9GF1HEe6zCF1xaqEQUa1ot1nG3g,alex b,https://play-lh.googleusercontent.com/a-/AOh14GiRBMXFJG_EjACkNKIAivQRLPcls-6-AqynM-Qosg,"Such a letdown from the past 2 installments. Difficult and punishing skill checks, unintuitive guessing games, and a plot that veers all over the place. No room for character development or choices that make any sense - I may as well have gone with a premade character. My choices didn't matter and I just felt like a voyeur on my own character. It's the longest book yet and I found myself wildly clicking options praying it would end soon.",2,9,1.0.8,2020-04-26 20:02:53,,
gp:AOqpTOERTch1q53M8U2mOWYV_DCMwJLCcqfvXYVfsrdjtCtpJWKKp2nyhSeS75sBGQ78Z1y4d__fpYYDXMCang,Z X,https://play-lh.googleusercontent.com/a-/AOh14GgCRR7ntvHHKO6CrlbXT4l0LNVI2XoBk6cVmi9B,"I do wish it's a bit longer, especially the second part for there's really bunch of character development to be covered as well as emotional buildup, but that's my only complaint. Thrilling as ever. Edit: Just finished the last chapter. Now emotionally wrecked.",5,1,1.0.8,2020-04-20 11:32:04,,
gp:AOqpTOGM1GRzXH--Dd3_xMpH_eCiW35obq6YostOOlz1vnFB0XP9Nr4V3ZgupycmnXbDOAxb9JNrDiWh3Ql5Dw,Olivia Stevens,https://play-lh.googleusercontent.com/a-/AOh14GgHoJNeZuv9dmiErIRRo8sFec5fLaPxm-F3n4ISYA,"I really enjoyed this installment but oh boy, did it pull on my heartstrings!",5,1,1.0.8,2020-04-14 17:34:11,,
gp:AOqpTOH-Z10ah2UKd6ibwJwwrZE5cUh0m4Ii8ab6atTqBpLpKf-80Q3RjRfWEUSGIbOEHWqYClKZBd8eRpw2XQ,Anish Patel,https://play-lh.googleusercontent.com/-AZMdSzGMdqg/AAAAAAAAAAI/AAAAAAAAAAA/AMZuuclBVD9fkQav6zogMC98BwHxmrkAOQ/photo.jpg,"I get the point of the story but it could've been framed better. For the entire second half, there's practically no way to get a choice ""correct"". The character I shaped isn't in this book. I might as well have premade a character. The first two were great but this one really dropped the ball. Not to mention what go does attuning my spirit do? Plus, any time it ""increases"" it really goes down. I'll play through the series but I'm not expecting much.",3,4,1.0.8,2020-04-11 12:50:03,,
gp:AOqpTOG2sW3hAw5-LPMDJgNISoPTLTalA9wa_W_JR_-tHaWyl-6db2Cka905supFbVCSkTAr6N4StGgSR5NeAw,chris crawford,https://play-lh.googleusercontent.com/-JAROxYRcSrc/AAAAAAAAAAI/AAAAAAAAAAA/AMZuuckCnFimWNF3iK_rmtQScX4idRj9ow/photo.jpg,this one is ok. it honestly feels like with each book the choices just get more vague in how they're different. things that seem like they would go with a choice just end up giving you harsh penalties.,3,0,1.0.8,2020-04-06 07:08:52,,
gp:AOqpTOGEO4daJtg_3B-V_01_RdEruDUDKdtDQ5Z9MAte6Nwt070v69xtQLPTbO3kGfn2Zv84w_uz4oj7rjS1QQ,Madison Smith,https://play-lh.googleusercontent.com/a-/AOh14GiSx2TUlDT7uWTFz8LNwKzotDwMAQxciVU_ZBtH,Its has nice scenes. But then it goes and contradicts itself. Like i want to be a bad person why cant i have that instead of being captain saveahoe,2,0,1.0.8,2020-03-18 15:32:43,,
gp:AOqpTOElrS6CA6zggBMlgiYsrQvg_NNi2oFW6X0h8Ob45Ylt4Pon68RFBZmEyL3q9aXMpXC5T_dsn-021gZXRg,Austyn Harwood,https://play-lh.googleusercontent.com/-EPCPpccUBXE/AAAAAAAAAAI/AAAAAAAAAAA/AMZuucmZjKerg-0i_Caji4dwcW0QEuF0MQ/photo.jpg,I love the series but this book just seemed out of place. Would love a return to something closer to books 1 or 2 for the fourth one.,5,1,1.0.8,2020-03-10 02:09:08,,
gp:AOqpTOEZ5ukUW4fXfGDLBWsGAngFRCuMRoofGS3CzbNPuSnXksFC46ky0a1y1mGhK2JqlSJK18JMfmM93CndHw,Wjdbs Isbdobd,https://play-lh.googleusercontent.com/a-/AOh14Ghou52-BDWTf-8_TT8BO4qmR0dLqqpLqMdvL04g,Most complaints are that the game is a bit tedious to restart and really frustrating with the lack of clairty regarding choices in discussion Im inclined to agree as Ive invested many hours into rereading parts to maximize my attunement and grown incredibly frustrated with options that fit my characters personality often leading to me being penalized for a simple response this book is ok but does no justice for the other 2 books I adivse caution with this one only read if you got the stomach,3,4,,2020-02-17 02:16:34,,
gp:AOqpTOG8HXM3J94V79h853lmi3xCYGkEoiv4UGULo8qdLJUddXsEv5PMHrFpIjrWcSF8yRTxlWsHavw0KqY2Ew,Jordan Hart,https://play-lh.googleusercontent.com/a-/AOh14Gj1RtBAJ0Kh4eQt1Jxwok8__dEZpXqnSLsH2ls5Xw,"Amazing, 10/10, worth the money 100%! My favorite text based game 🥰❤ I may or may not be in love with half the characters...may or MAY NOT. Dont judge me.",5,3,,2020-02-15 00:56:40,,
gp:AOqpTOF-1nZus28c-clF3dvVV9EtMEw1D4xjupu0Pf-YH3kWOG-_mrx1-vGeTmABD_bGZvUZk26ytFibQzJayQ,themi themistocleous,https://play-lh.googleusercontent.com/a-/AOh14Gg2SUJeev6WPkuXOYdq46LGQFPMFWn0a0kSRjQqfw,I love it,5,1,1.0.8,2020-01-10 17:44:01,,
gp:AOqpTOHMAR-PxjYOsWtGGEurMuoHGCoCRHah_joq7tXmQHv_JP25nY8d5mwCFA9Tkz0OABiL8eoBylecSSX39w,Finn 69,https://play-lh.googleusercontent.com/-uXdrVn1wCZg/AAAAAAAAAAI/AAAAAAAAAC0/AMZuucn9deTMJInIXohyd3te54H3YGK1HQ/photo.jpg,Best choice game series out there,5,1,1.0.8,2019-12-12 15:00:28,,
gp:AOqpTOE-2D5Vyvr-EcSxVEvZJfSWkstnE1WvKAt3g3Ze58_L-bmckjfyIBxI2DmTVdFLk-DXDVnc7PKwAOzqVw,Niall Breen,https://play-lh.googleusercontent.com/a-/AOh14GiJ_wiPeCj1mP9ImntMmo6M8ANCh31uQ_hkh0akAQ,More action than the previous book but very inconsistent choices that penalize you harshly especially during vague or very similar options. Very frustrating and can uproot your game and damage the story you've been forming across 3 books. I've enjoyed the series but this one was too frustrating.,2,13,1.0.8,2019-09-08 09:03:48,,
gp:AOqpTOGiKd7f_hLdtwE1oXg04fRHSOTD6VnKlNBhQosKb9v60Iy6KZtGx5Eqm6MQaMxinvzXDLtjrAuvf-SDcg,Tal Collier,https://play-lh.googleusercontent.com/a-/AOh14GhqYCOzmSAqDQ7wnlPkQTv0I_6pkHPYMQVC75KLRw,GOOD,5,0,,2019-09-08 04:51:36,,
gp:AOqpTOEseefIrEot7w33RmvHMgQr2uXIbZgzxfOh3suAXxeg0K4Ukmaw-3HiIXRt3rRjfPBORl0vN6Y9ruUH8g,Cairbre Bay,https://play-lh.googleusercontent.com/a-/AOh14GiIUHJtLy4Ufpl1hlb0-n-UhZHn3WpOwv6QKsNdbQ,Only reason it ain't 5 stars is because of the tedious text input choices which I have to retype every TIME I restart so that I can finally reach 100% attunement. Still a pretty good read though.,3,1,,2019-09-06 02:27:13,,
gp:AOqpTOHpwTAciP2-6zPcYCKm_fXyRwFFluUlkXBv2Lz6qk1VRHpo92ya8O7I5I6tPZXIbeCEg786qkZt5uzl4Q,Nick Starnes,https://play-lh.googleusercontent.com/a-/AOh14Gikwk8hiArxvyUiCLW8JyOBbcv4JdJCuxmFq_Ah,PLEASE make a book 5 PLease! I would even pay 40 bucks for a book 5 PLEASEEEE,5,0,1.0.8,2019-09-02 10:16:16,,
gp:AOqpTOHSBUqinLL0EIzTb7UaHAF5EoPUtzF-7WjvIcTOxpstbRepiUbLySOGxaM-Yf4UDDk0WY6_TUxR1M2qYg,Michael Q,https://play-lh.googleusercontent.com/a-/AOh14GiulDsfwX2K7Ki1uz4DgFTM9KSqVaoeMlpWrK7C8t0,Amazing,5,0,,2019-08-30 10:52:55,,
gp:AOqpTOEeKtNrNLY71H2Hx8E_0v3ZT7xILv6DVqR2mcNFPorCTB0ItDWxs73o6nlIW6hXS-VuCDZ-THr2f6fWMw,Andy Higbee,https://play-lh.googleusercontent.com/-MeOuPO8mqtw/AAAAAAAAAAI/AAAAAAAAAAA/AMZuucl2QYP95bt59MCmoK6nXXgPry86VA/photo.jpg,Wow,5,0,1.0.8,2019-08-30 00:58:05,,
gp:AOqpTOHmY2kLfTUwMd69k9JFRsC7Itj7sLrKKxE45MvV41IfQHCI58JEFQAGFlJk3bdz-ig0MvlmrAl1VBjFbw,Nhựt Hòa Huỳnh,https://play-lh.googleusercontent.com/-hC8Je_PnuU8/AAAAAAAAAAI/AAAAAAAAAAA/AMZuuclVlumpbOOiMXnk4y7ZnLHAhi6Sew/photo.jpg,"A bit of a letdown compare to the first 2 book, but still a nice read. Looking forward to book 4. Edit: Been a year and still no sign of book 4, is it abandoned?",4,1,1.0.2,2019-08-25 04:03:03,,
gp:AOqpTOE7qh33ElCzYRhdjWPPTdHBeAfMZFflb_H01FiCX5RjTJbAP4KHyYiuTCoS3DyTr3HfpMK-IAm7uobJag,trevor Lucey,https://play-lh.googleusercontent.com/a-/AOh14Gj9Id-JI6dKAL-zVzSFFeVANrlzdGzoJi8bZ_MFKA,"Great, gimme book 4 pls",4,0,1.0.5,2019-08-23 09:38:12,,
gp:AOqpTOEpW20B-bFiSR2FRz9WpQ2jo90gjTFu6PIlGwbsEG7HxHIaCJ0tSg_3AKlZjO4ULM1kPaTQhuVRaOmYoQ,Chris Hadron,https://play-lh.googleusercontent.com/-QsVmQI0vhKc/AAAAAAAAAAI/AAAAAAAAAAA/AMZuucmBQjMuIFVOvIN2vjBwDML9CmmBCg/photo.jpg,It's been a year or 2 since I've read this. I really want to hope that more is to come. It's like waiting for Liru all over again.,5,1,1.0.2,2019-08-16 09:32:44,,
gp:AOqpTOFLVIgHDW9u_jpNdEg0XrmS0AXrTty5E40eLGkwJFPQ2k76NlSv-JqAbuxuCoSOA5p8rTS0IceYZFW9LA,Kay G,https://play-lh.googleusercontent.com/-jNI7lZ3126U/AAAAAAAAAAI/AAAAAAAAAAA/AMZuuclKUDqybrfHeTNReV_ZweWLn5JdIA/photo.jpg,"I love the Samurai of Hyuga books so much! The writing is so engaging, I've already played them several times. PLEASE I need there to be more. I can't wait for Samurai of Hyuga 4!!!!!",5,17,1.0.5,2019-08-12 03:22:29,,
gp:AOqpTOEBWrLTU7n4_DmdMhQfBUcmhTwwB3M7BF1zUh90w_GeXuwSFkiOAtJKpoQrMGdbpMt6ZgzcHal9LgD62A,El-Nazr McDowell,https://play-lh.googleusercontent.com/a-/AOh14GiEzR_u-kK7BDpJLxNAhp6gLEEaxmH7voJr3ZC9ZCk,The entirety of the Samurai of Hyuga book series possesses some of the best writing I've ever read in terms of the atmosphere it presents. The book reads as a vivid and intense graphically raw image that is so ever-prevelant in Anime and Japanese lore in general. It also presents the classical dark vs light path spiritual theme that is philosophical and relatable in the fantasy genre; which melds perfectly in a world that feels like the historical Japanese culture and myths of the Middle Ages.,5,12,,2019-06-14 00:58:51,,
gp:AOqpTOGpV8aiJX7jyq0dlgg1-uuTSUS1m8I_lOwEDEzI-y2oAqnunFpraCeBEBdxr-rRt2-8QOfzuYyFLR2gTg,Dragon Grave,https://play-lh.googleusercontent.com/-zYr9GHBFtjA/AAAAAAAAAAI/AAAAAAAAAAA/AMZuuclGH4rbUhrryIQlYlhHjDEk01pZkw/photo.jpg,love all of them,5,0,,2019-06-03 21:22:07,,
gp:AOqpTOGNghbBldbwL3KUq7PkcDyFt4hfN7ru6uTzHfcjqoz9KZgatnvP6AGbHl96KXnkMhKBTZF7rkMS2BIgZQ,Leslie Yao,https://play-lh.googleusercontent.com/a-/AOh14GhKnKIUXpN6yf-F0IpQAG0FC3lWp-MNF9wLqVbp9A,The wait was worth it! SoH 3 was by far one my favorite one.  It was an emotional roller coaster ride that really left an impression on me.    I really look forward to Book 4!!,5,6,1.0.4,2019-06-03 15:10:32,,
gp:AOqpTOEY5fUe9WdhBDFYXJ9C1hKTC6UgIboNH4g9N0OC8SdVQSgJNInuyYSvH702SZCuAcydVbXXog6ThJ7J8g,Oujia,https://play-lh.googleusercontent.com/a-/AOh14GgKDEaww42-rtPkuZqA-UiqJxIH7tLY4U-8YXyw1w,I love this series ❤️,5,0,1.0.2,2019-05-30 12:34:21,,
gp:AOqpTOH3nhRLv0KfUSBZ8s_n5Rv2xQcNgliSiHIp_cSY0Ezh8fdxmx8p8EnQPsiNIvBPfqAzrt800dYMNPkyOQ,Maine Rose,https://play-lh.googleusercontent.com/a-/AOh14GhmgRkmeFwVMeA-LqaQ_CNgzWamJJRjiOYsEdlHPg,Loved it can't wait for the next,5,0,1.0.2,2019-05-24 22:22:25,,
gp:AOqpTOHjR_cYGiiDbQNBYY-zJsq1DiJcxrIbVJ1__fYNhHjIcKEdIm_RYo3QEXR-KaCi3p6Lx6SM29m3n4ns9Q,Frank Cochran,https://play-lh.googleusercontent.com/a-/AOh14GhbuRkzMDZv5gnCeOw4hGiD1t6aqxq_3d8bGMc9,i am looking forward to book 4 i wanted more interactions with junko i feel that she is the best character but thats my opinnion since i like the crazy hehe >~>,4,4,1.0.2,2019-04-24 15:26:21,,
gp:AOqpTOGhbYBJ1C1Qc44fFtmMeqQqwlFYxYHY25SMyrnXIhTIHRFJb75Vj03Xz03YUQV1BjTd9H0MOPAQ4XDfYQ,wet legz the second,https://play-lh.googleusercontent.com/-arOuki8Hi6E/AAAAAAAAAAI/AAAAAAAAAAA/AMZuucnuAuBfwNDl-Cp55OQEabyMdRxS7g/photo.jpg,love the series and hope it continues,5,0,,2019-04-06 01:33:36,,
gp:AOqpTOEvOynKLa64gT3wpFuNuJfwJd8j4qG2UssFz_5qs3iI-A1MV6V0edde80pXRxJJ0OGZEaOPiw3eVYY87g,Sierra W,https://play-lh.googleusercontent.com/a-/AOh14GgpvEw2DtzDyLs9dQQbg8PvBda9Gnp5erzur8F2gSM,I can't wait for more! it's a wonderful series,5,0,1.0.2,2019-03-31 21:22:45,,
gp:AOqpTOHGThIoBuN21Kz6sCq4hy3DMnvqFQySxCO7H7Xtu-GLmUUIozfN6ubn_k94y0nLzNE6Sv_7RrzhBvBPGw,Lee Renicks,https://play-lh.googleusercontent.com/a-/AOh14Gj2lmuxjLYkW6pjalJvVXXOWlj9Lk70BkzeZ_sd,"Love the cr*p out of this, the series even... Hope there is more in the works. Great work devs and of course the author (^_-)",5,4,1.0.2,2019-03-06 00:17:29,,
gp:AOqpTOFXYogN11Ny_vl2URQnIruGuxAdsj7OJIyj2lUqlzqaQkchdWiyl2RogPWGyKFERPojGDHPbpxDc428FQ,Michael,https://play-lh.googleusercontent.com/a-/AOh14GjlnDpIWHGEUL8nJaJY5XXo0wLdVxMOEjSVC_ot,Had my doubts when I heard it was more of a detective story but this is certainly gripping and exciting. Especially when you have to recall what's happened to piece together all of the clues. Great job with this well done and I can't wait for more!!,5,4,1.0.2,2019-01-28 07:19:21,,
gp:AOqpTOGLj1mPyDnKAzlpxaNfkxy9faE49HBOdd8Se_g_MlPkCE_jcQ7jOPuKtYI6Pp9nATxuh2uGVOuEAJYAEw,A Google user,https://play-lh.googleusercontent.com/EGemoI2NTXmTsBVtJqk8jxF9rh8ApRWfsIMQSt2uE4OcpQqbFu7f7NbTK05lx80nuSijCz7sc3a277R67g,"The only dissappointing thing about this is the fact, that the deduction system is only in the first part of the game, and then just lays forgotten through the rest of the story. Also, while I understand why the story was cut like this (tension from the previous game, so people buy this one, etc.), it would have been better, if we had a single demon death per game. Specifically, the forgetting part could have been a very good stand-alone story driver.",4,1,1.0.1,2019-01-26 05:13:27,,
gp:AOqpTOEnfF2ppzzU24lY3Us8iLjEmMYxwA3NpZlQgIQxx9IR8_fESDrZXhHrSODFnaoTfTwSVEWGXVeKUNla-A,me12479,https://play-lh.googleusercontent.com/-2cL7bZbkW2k/AAAAAAAAAAI/AAAAAAAAAAA/AMZuucmkdPCjiH_JSJkrdSBvygQ0P_-3pQ/photo.jpg,Fantastic,5,0,1.0.2,2019-01-21 08:46:07,,
gp:AOqpTOG_EYR5BNNfbBw6h_lJXCIlXmlZnek4bdr0P1Veedej0qSPoAzN_XeUmCk_eqEr-FSmAWqy9YIaJz291g,Caius McWhirter,https://play-lh.googleusercontent.com/-h1JsJ8KzdDg/AAAAAAAAAAI/AAAAAAAAAAA/AMZuucmM4EhUIvzTmfmgyS4THfOkC5qZNg/photo.jpg,"Good continuation of the series. I feel as though this series could go on for several more books/games based simply on the way that the author is keeping the story fresh and not too clichéd. My only critisism if you want to call it that, is that it is difficult to tell how your relationships, romantic and otherwise are going because there is no meter or anything like what you find in similar games. I also hope that the author adds more into the romantic aspect of the game because that is lacking",4,29,1.0.2,2019-01-01 18:07:52,,
gp:AOqpTOFohzR8Quz1ydW2pBHwmU23o4kbqJKejnuRIqip_lFdbMFfH1snxQwceSGMZoRDYGXK_vR7I-8juHYmQg,Taeryn,https://play-lh.googleusercontent.com/-kDdzISX9oTg/AAAAAAAAAAI/AAAAAAAAAK8/AMZuuclVEPgt99q3wuSmScka4rm0puH7mA/photo.jpg,is there going to be a book 4 and if so when is the project relase date?,5,2,1.0.2,2018-12-30 21:28:37,,
gp:AOqpTOFR5iu8tVqVvUuy6x-hl9U6K_1Mx5OGqHj_AwKntQvnXz3WvdCRKv7zHpTJpo45USYDWTjQ2nT51jC6WQ,Yokobo,https://play-lh.googleusercontent.com/a-/AOh14GiVOvA_RW80AEhDobBNQjfESET7gnrTR3wIQrnIYQ,"this is an excellent new chapter in rhe series, getting into somw grittier and darker themes not seen since the beginning of the second book. i recommend if you enjoyed the first book, you will enjoy your way to this one too.",5,3,,2018-12-25 18:39:26,,
gp:AOqpTOFnYUiNzqmqoltlcbjlw_5Ykq1APp-OrYaiyE_m0dvToPMsPRWaT8ofjPOpagomG-it1XFRucLKZLzkpw,C D,https://play-lh.googleusercontent.com/a-/AOh14Gggn2B0-0BGk6WPuw9g0IrrWft4DKfmWc_Bfym1cg,"Omg love this story. Not an easy game to ""beat"" or get everything correctly for your character's development. Puts you in someone else's mindset very heavily. Makes you really think about these situations. Kind of like an anime show: overarching story is fun and lighthearted and sarcastic, but the subplot is dangerous, psychological, sexy, disturbing. Even with all the magic the book is incredibly real in emotions and desires. Each character is carefully constructed: its almost like the character that the player creates isn't the main character of the book. As an app, it functions perfectly. As a story, very well planned, consistent, in depth, fun, etc. Incredibly excited for the next book. My only inquiry is whether or not there is a way to delete saved game files? I have quite a few and it's difficult to keep track of them.",5,11,1.0.2,2018-12-16 06:47:50,,
gp:AOqpTOEzvVDXzwmtsJnSbs8iMVk91HJ_fZ9e3e-KPNZeppy4BcIO7Wo43Rwz9-WS6BwTGX_qWbaiDtc0PIs5Rg,Cynical_Slithe,https://play-lh.googleusercontent.com/a-/AOh14GhppTcIiSevvZqtv0FIM4jci2MHdVvDwRfXmiJk,gr8,5,0,1.0.2,2018-12-13 12:34:22,,
gp:AOqpTOE1NLmycTbkAWdgnL1P8kp17MClD5TeSpAlyvCt1g0eBiD_Ifg_MHKaCO2aSOjVksSdAZu7f_E5In_rUQ,Tafari McDowell,https://play-lh.googleusercontent.com/-zecUz1caIx4/AAAAAAAAAAI/AAAAAAAAAAA/AMZuucmQ3AxsELlleX73EZcrghUnVbSDfg/photo.jpg,This was a very layered symbolic piece of Adam and Eve in my opinion. Very Biblical!,5,1,,2018-11-25 20:36:15,,
gp:AOqpTOEK-SM6kSvTkLSc-wjdx_gIi3im9oFdE6pP5ULAjbLEi1q7dBqoFbcwYt_Dk898dRS1HrXbcbSwvbfaRw,Will Launay,https://play-lh.googleusercontent.com/-2N3FS5nIg-4/AAAAAAAAAAI/AAAAAAAAAAA/AMZuucmtNR-91o2FEkVJMzRMSyKHpiiU6w/photo.jpg,my favourite of them all,5,0,1.0.2,2018-11-21 16:32:20,,
gp:AOqpTOH9osua7p6EjF_0FvArLBFnWIsc-35y_ou8h1CzZwzTbA1M5qv1hX0aP4ZnDyp_AvaVpr3I2KS3RiqhBg,Fenrir The Almighty,https://play-lh.googleusercontent.com/-R3rwFTGsC0E/AAAAAAAAAAI/AAAAAAAAAAA/AMZuucm6Z8UnwOfSu2WV2Lx1KMwRIRumQg/photo.jpg,Hopefully you're making book 4,5,0,1.0.2,2018-11-19 10:35:13,,
gp:AOqpTOGbb4ZJB_t99kwQ5AY72MLDrFQNrrgrRFwv1u1ZGmo0VvBi8624lYEpajaSteAXhRBNHwrXMfTv9efi5A,Lizzy Old,https://play-lh.googleusercontent.com/a-/AOh14Gghgs8mVN1_J-DxXgQuQQ_3tBRj9xL4hf5WZBUXmw,Hurry up with the other ones plz,5,0,1.0.2,2018-11-08 09:08:03,,
gp:AOqpTOEbWRf5ULQtvTvvnTEUD7OvvMsAF3msLQCTpIDGTfS9034b4bX2mlMeP1C0b324_Qvsg5eEj0opkxP48g,Mag M,https://play-lh.googleusercontent.com/a-/AOh14GhMyU2917RZN_wpNcxftdQ7nqnLrXBomdLAplwxBA,Nowhere near as entertaining as the previous book with each choice apparently being wrong even if it's something that would have worked prior. I only get more frustrated with each supposed answer being a pitfall.,3,27,1.0.2,2018-10-20 06:48:11,,
gp:AOqpTOG3ry0_QB0NumgBjCGTT93M8tC16JpAf4ED8eKU_G1195ARGuknkTeKIJyUsILNrKroWh4eIGd9QUiIkw,Shilo Glendenning,https://play-lh.googleusercontent.com/a-/AOh14GjzMV6qyqiDfOA5mz0gp4DD2ZfviMKdQt3iSocM,Amazing all of them,5,0,1.0.2,2018-10-15 17:09:29,,
gp:AOqpTOG1YrjjnV4VmVTTnH1YmGU7VCRGdzbaNJDVnU8GL2Hap8QyvcKYxG69FY887KefNSSPVjH8_5XeuRp7XA,Hara Yanto,https://play-lh.googleusercontent.com/a-/AOh14GggoTnqTa0w4QjNXL0v6CcEXvbtCPN0jL_k1FmkaaA,Good story,5,0,1.0.2,2018-10-14 10:50:42,,
gp:AOqpTOHf2iibg93-gwVwRdhS2Q16li-RWtP9gnSdWExoois9ZeS2AryOG4DpxZhxQvaNa46mLUEuyCtl29jqAw,Bradley Carter,https://play-lh.googleusercontent.com/a-/AOh14GiXszP-5gNBWpz6n6PzWQygTOBV3cnwA0tq7_F5,"Finally have had a chance to read the 3rd installment and while there are many complaints that your choices don't matter or what-have-you, do not be dissuaded to read it regardless. This is just as gripping and enveloping as the first 2 books and I wait at the edge of my seat for the 4th installment. I will buy each book and read them whole heartedly whether it ends on the next book or a thousand more are written. The cultural emphasis, the drama, the pictures painted with a thousand words...I love this series like no other.",5,5,1.0.2,2018-09-30 12:11:17,,
gp:AOqpTOENjabxzHroaIZEOyycPEHBpHZ6WpihGoc-5zzVwplU4Ifl_VS6bRqYOw6wxw5prsLLb9NJO-ng2bl0zg,Jesse Collins,https://play-lh.googleusercontent.com/-w1CalxBZ5JU/AAAAAAAAAAI/AAAAAAAAAAA/AMZuuclFASnE6P5r6DPLvB5aylGrEBJr1A/photo.jpg,"I waited eagerly for it's released, I became a fan of the previous two. They story was well done I enjoyed it, through a little disappointed my character became a weak ass fighter during pretty much all the combat and sparring with your allies and enemies, overall good job. Now I can't wait for part 4",5,6,1.0.2,2018-09-01 15:37:44,,
gp:AOqpTOHIspfvbZO-8DZSm6ck0QauZzD6Fip_1ZwKz4slxsGa1UyTBIr3YbWneS_rPlK7D5IZyR9hQEQ5rI11-A,Craig Nea,https://play-lh.googleusercontent.com/a-/AOh14GiWaxyasqD-pwAlFeyyt6TKhB0FX1NZvQSjj_9s,Love it been reading/playing since the first one,5,0,1.0.2,2018-08-24 08:24:25,,
gp:AOqpTOHAd3FFWZLkdp_lpp6r-uUQ6ZZfFYQ4RpXdYaOnriT7JU0mb1shDxJix0VSwg6Xnmf8bgUv4nt5DQbsgA,George Zou,https://play-lh.googleusercontent.com/a-/AOh14Gjqv9cvq9bBujHENuoAPy1J6q3a9RKxUHkRl1S-,"I have never bought a game as fast as this one, after going through the first 2 books multiple times I was in love with the characters, story and the setting of it all. But if I am to be perfectly honest, book 3 was left me kinda disappointed, the pacing was, to put it mildly, horrible, spending a good chunk of the book to conclude the cliffhanger from book 2 only to instantly just into a new plotline with new characters that isn't fleshed out given the limited chapters. The first 2 books promised a grand demon hunting adventure across Hyuga with a ronin and his ragtag group of misfits but book 3 is anything but that.",3,10,1.0.1,2018-08-21 17:19:00,,
gp:AOqpTOHSHnftGjiCEcmOU7ovCWm_kVMnO2Zmm-AE4yJF_8ErXHILzdAGsn2igreXBneGJLOMHl4xoEzJwQUiSA,A Google user,https://play-lh.googleusercontent.com/EGemoI2NTXmTsBVtJqk8jxF9rh8ApRWfsIMQSt2uE4OcpQqbFu7f7NbTK05lx80nuSijCz7sc3a277R67g,"Like many others, I find the choices I though consistent with my character 
leads to the opposite! Many times I chose an option I didn't mean to and 
had no way of going back or lost an ungodly amount of attunement only to 
have to spend the rest of the chapter building up half of what I lost. Not 
only that but many ""choices"" are inconsequential; whether you pick A, B, or 
C, the outcome is the same. Likewise; many choices don't make sense. You 
need to make a choice with not actual info about the situation and lose 
attunement because of it!",3,19,1.0.2,2018-08-19 18:02:18,,
gp:AOqpTOFlhQoJCrM6sFJ66VNXd_BZfyCF3MSC4SBhpMpsSZujwQEnaDo7rtWAtnTaKnH2hR0pz31prarbxRv4nQ,John Mccarthy,https://play-lh.googleusercontent.com/-wI_FyaSVSLY/AAAAAAAAAAI/AAAAAAAAAAA/AMZuuckZ_Uh61zXTcZPdl5duTkBFdVFChw/photo.jpg,"One of my fav series on the net (as far as cyoa games go) and if anyone 
feels the same the author has a patreon where you can effect how long the 
chapters and how fast the full game comes out.",5,0,1.0.2,2018-07-19 05:22:28,,
gp:AOqpTOFNHgfL2rsr4mqPxZ6OH44ZxGl7FPZopxNnIHoUiyGokPo1M_gEcJi7HML6edn--GYIknNFNbvzRqBhPw,A Google user,https://play-lh.googleusercontent.com/EGemoI2NTXmTsBVtJqk8jxF9rh8ApRWfsIMQSt2uE4OcpQqbFu7f7NbTK05lx80nuSijCz7sc3a277R67g,"Everything that can be said has been said. Ultimately, it's worth the money.",5,0,1.0.2,2018-07-08 11:27:00,,
gp:AOqpTOH887IrHLzDqVLInTQfdW476OFFw4ybSyJnW_9kKGEIhC6NNPib1ufwZw01_pw7YM2ltjWA80UjakvTRQ,Android Gamer,https://play-lh.googleusercontent.com/a-/AOh14Gj081JwiGCgS7KoE5fBiCCJqWJspSbWHd8Vnluv,Beautiful please I need like more books and some toshie interaction,5,0,1.0.2,2018-07-06 16:33:46,,
gp:AOqpTOEsAND2HL8RqikSPja0wa2IKOg1CBNtWYbC44clODrJEoeVpPYcmPDsXU3szrbd_ES5ROu4z6jrnRy1QQ,cc and more,https://play-lh.googleusercontent.com/-oCcq6RuBbpA/AAAAAAAAAAI/AAAAAAAAAAA/AMZuuckZfhxryeVdnRLA7JzjiylU61MK9w/photo.jpg,"I tried to keep character choices consistent from 1 and 2, but I keep 
getting punished for it. Also, it doesn't make sense that some 
insignificant choice will affect the attunement.",2,7,1.0.2,2018-06-27 05:04:52,,
gp:AOqpTOEeGmC_vn0sIZsxxW4xiclT-drGlvlkLkUd-qvVkNpMbwUeiUAsikNw7jZeucTRa75M-b6uhIfAGPxYOw,Larkin La'Roth,https://play-lh.googleusercontent.com/a-/AOh14GioK0xZ7rxx2PTNAYpTfrjv4JWoojUEcAnnHJr2,"A little disappointed to be honest, tried to make the choices in line with 
the MC I've created over the previous 2 books and seemed to get punished 
alot. It always seems the author is trying to push you into certain 
choices. Still enjoyed the story and will check out the next volume just 
with a little less enthusiasm as I did with this one.",3,21,1.0.2,2018-06-20 15:38:25,,
gp:AOqpTOHVvTy37C--XVFySHQnNTeiy1wABjzZOnq4JeIVRKy6opJTbI-xevo-099JSR049I2k925EeA2wg36M7g,Stacy Sovo,https://play-lh.googleusercontent.com/a-/AOh14GhgWT5e-05ZACYps0HXv6C6y84CrwFZIOHrtsJi,"I think the fact you can add your own words to the story immerses you into 
it and really makes you pay attention to what's going on. It was so 
emotional, far more than that of the first two and I love it for that. And 
as a last parting batch of words: DAMN YOU JUNKO!!!! You'll see what I mean.",5,8,1.0.2,2018-06-09 09:13:27,,
gp:AOqpTOFmAK-MMwCX1Kt0xIq7JZcw_4QnCjS6S31AlAwUlKKiv_0TZ2VlianrllJvQY45N5u_B4jEpLe9rIJLog,Silly Me,https://play-lh.googleusercontent.com/a-/AOh14GiuL90svRNjZ-I4xSiweCAJYv3z_sRV6csBIPDkJg,"The beginning with the detective bit was interesting and a great way to 
shake things up but it felt so strange in this kind of story.",4,1,1.0.2,2018-06-05 07:11:59,,
gp:AOqpTOFpaFDhf5hZau__pStruc44rsffrl03wgO8C2YSBZN8hRVhopTQhiRbpPQPfGXGFlPR4RS2nxh0oILUuQ,Zach Frost,https://play-lh.googleusercontent.com/-IHB60hKLj6s/AAAAAAAAAAI/AAAAAAAAAAA/AMZuucmJ8qRk-BwaxiCuz_kG3b2Gcw_afg/photo.jpg,Waiting for the 4th one good job,5,2,1.0.2,2018-05-29 07:25:51,,
gp:AOqpTOFPtJa8_TknCPbknzyNXIamPbhR2UvmNxLr0CYXe6TUUDl18w_MfdnTkzXxw1fTROd_rVPjqQguWEahkA,Aaron Kennedy Duffy,https://play-lh.googleusercontent.com/a-/AOh14GjIOtmFC_9TgRirE1xSJuVU31b0pZZrggiuYU6x2g,"Absolutely brilliant. Not as good as the first two. But only slightly. Just 
want to know when your planning to release the next one",4,1,1.0.2,2018-05-19 09:14:44,,
gp:AOqpTOFOZr_Dx1svKHgnrVXxPzfsQsDwOwrcTG55Pmh3f9ZBRUCJTUWPiOjNIdCLKjdqsKC5R05IcYxUX8RG9w,Nitesabes Windwarrior,https://play-lh.googleusercontent.com/a-/AOh14Gh7X7uCYA16uR2Ixv1Jn7-FMcGawlss9fB5yazj,I absolutely love the story and the choices you are given,5,1,1.0.2,2018-05-13 19:39:39,,
gp:AOqpTOEx3NI7Saz2xoamI8cEMdzgrt5_AmDSDfiojQ1QR6PjaUvrbdi_DrLTN_gtTYftT4JHtgoZ5mcXOYy2oA,Dayten Warren,https://play-lh.googleusercontent.com/-rHULUhYbnqk/AAAAAAAAAAI/AAAAAAAAAAA/AMZuucmTEZhnIMr-58WAkFpFPVHYjJHbYA/photo.jpg,"I love the series and all the books but the third one this one just did not 
feel like the first it felt as though the characters choices didn't have an 
effect at all I choose to fight in the first two i did and I could at least 
do something but in this no matter what you would get your butt handed to 
you and cry about it. I don't hate the book and I love how at the end we 
can say screw it I'm going back to what I was-a manslayer and all our good 
ole roots so I hope the next will be like the first book",4,1,1.0.2,2018-04-26 20:03:00,,
gp:AOqpTOH6ggEOpzZOr75b1vYENcol84JULZEM_ZxjV21T7fdCCpO0iYuN9GIrsyBSLfpNAV1svAoUzTZL2KjDCg,Rebekah Nunes,https://play-lh.googleusercontent.com/a-/AOh14GiXlKCMtzVKXZ23LqtSPoLdSm-u2bKqi31BrS1wQQ,"Absolutely love this series I'm addicted. Its so well written and detailed 
descriptions without drowning allow you to immerse yourself in the scene 
and action. I hadn't anticipated a series when I began but now I can't wait 
for book 4",5,3,1.0.2,2018-04-21 13:33:09,,
gp:AOqpTOEVrk66JhpCWhvhvdlCXR_K3ylWv80gMWfU4zrdMQPbeo6Nx4ky7toFCZ8z8zbucSA7vKueT4M3tQ_IvA,福岡雄司,https://play-lh.googleusercontent.com/a-/AOh14GjMgvpoFfnNWeOQjowRTGS011McuFu4wZZ_BFcN,"There is nothing left, except wait for the next entry…",4,1,,2018-04-14 06:44:58,,
gp:AOqpTOElcNdpihTFUzFSQ_fGx2GxWjhUSO34VF7nj09PT6-Fb0ylUjvjg9ekBGHgPEeEi-6rcyc-RnIgF4m7bA,J.M. Mitchell,https://play-lh.googleusercontent.com/a-/AOh14Gjt6LFQZ6VGjbHUSd6HK9vw_jwz6tcshSOtAPcy,"Unfortunately the quality has continued to fall since the first story. I actually have not even finished reading this one and I bought it many months ago. It tried to be a fancy detective story but mostly falls flat. It's not much like the books this one is built on. And although doing something new is admirable, this strays too far from what I loved about the last 2 books.so if like me you enjoyed the fights and the adventure maybe wait to see what the next book holds before slogging through this one just to see the story.",2,3,1.0.2,2018-03-23 11:22:14,,
gp:AOqpTOG0HlE8QlCUK4HvmmG3239WRA12t-np2NuOhdsDSNdouGjuBs0wP_d-krONKHVpCOPIGJLSHfKsC1wkQw,Eiden,https://play-lh.googleusercontent.com/a-/AOh14Gjc4ePUEBCKoxXmFN_1mH2e-pwkjfunHzuBunBwEQ,"The best interactive book series to date in my opinion. I feel emotionally invested in the whole series, and I can always go back and play as a different person with different skills and traits. Very excellent.",5,1,1.0.2,2018-03-20 11:21:31,,
gp:AOqpTOGG-9JqGH8S0ddewqvXU0cezW3ZV6jHMsPLmAAZGYPoOZ3aSBtEqyFmQCZs4cdFVGQF8QRcOx-CatyoMQ,PocketMedi,https://play-lh.googleusercontent.com/a-/AOh14GiTRokK0UH8CfdmRMrSogac2KKOExxDqBobN6gTRA,"Takes a huge step away from the other two in style. Although that isn't a terrible thing in itself, the book also seems to punish you for being consistent from the other two books. Ending was *Depressing* and unfufilling",2,7,1.0.2,2018-03-18 07:38:48,,
gp:AOqpTOGlCj3nGIa-ES0bfZ8JgQ4ez8U9es4KTtLcrQUfJcNQ4-0YHn83mxz8OeckEJtCkk3Av6MvZp3Hnkph3g,William Taylor,https://play-lh.googleusercontent.com/-0gal0fwJCJs/AAAAAAAAAAI/AAAAAAAAAAA/AMZuuclIJw4-in7jh7YhoKkNoU6qtd2DZg/photo.jpg,"Amazing, possibly the best of hosted games so far. Love the new gameplay with the text input.",5,0,1.0.2,2018-03-15 23:54:08,,
gp:AOqpTOFMgnWtuC7lsI0wAzju3FkIB-AkrFtX-73_zwCdd7jgKPSHQEPhStTZTjaKHjqcChvlkinfncvWKRBYHQ,Darius Deverell,https://play-lh.googleusercontent.com/a-/AOh14GgGdkLtCP4kBPtwFh8axarTcyXWiJz0_UnWhck5,Awesome I'm so glad my eyes are yellow again!,5,0,1.0.2,2018-03-14 02:52:28,,
gp:AOqpTOGNK0AmsULTMw1wwbB17mI_MIwR4bCiQhPunsPcqi0Cz7q-MUDEiEfPThVs2inClD2U_5Jo69_aUza4RQ,Miss Fortune,https://play-lh.googleusercontent.com/a-/AOh14GgccQhu1uTII5WiDDR8YApHcLs1GKkt8f5qYbyDRg,"I loved the first two Samurai of Hyuga games, but this feels like a significant departure from those. My character, Rize, an illiterate, charming, brutally violent, generally aloof / carefree manslayer who solves basically every problem with a liberal application of violence (read: psychopath) is now behaving as a Sherlock Holmes-like detective and reacting with shock and disgust in regards to a simple murder victim - a man to whom she should have had absolutely no connection. Considering she used to be an assassin, carelessly butchered Daisuke, and gave readily into a forbidden manslaying technique in order to casually slaughter at least a dozen people and a demon, this feels significantly out of character for her.   Additionally, she hasn't gotten around to much man (or demon) slaying as of late, despite clearly having had the urge since book 2.   Finally, the choices feel arbitrary and frequently penalize you for casual conversation choices that seem like they should be in-line with your personality, while the text-based deduction / observation system has prompted me, as an achievement hound and completionist, to restart the game on numerous occasions, which makes it insanely frustrating to play through.   This game would benefit significantly from some reevaluation of, or clarity on, the attunement choices, as well as a checkpoint / save system. Please be more careful in the future with this series - I really want to love it, but the feel of book 3 has really turned me off.",2,7,1.0.2,2018-03-11 10:53:02,,
gp:AOqpTOGbWrgTpjpP8fbrhcVE_A8hvc3TFxpxrehZjWlTPPxcZsqwCHMk499RJ5loh2_ZnWLH5sIlkc94Bc7evg,KH C,https://play-lh.googleusercontent.com/a-/AOh14GiKU_GpcEk_MV_tms9ythkQT5DIBBgVUEdKUQo7,"Some choices seems just arbitrary, but the overall fun to read.",4,1,1.0.2,2018-03-10 20:36:53,,
gp:AOqpTOFg3_cabWPR191aazxVeIMejScKGl-sDF3EtzaWafW20xHVEGQc83CKt8cxWqzSYNz9uR4gxHhUMVi3dQ,Soviet 420,https://play-lh.googleusercontent.com/a-/AOh14GjDyzGeK85bN70_cOrEWDj5GS-RCSS5AXRUZvzV,I absolutely loved it I hope there will be a 4th,5,1,1.0.2,2018-03-08 18:30:27,,
gp:AOqpTOFzNe7xREHtw1StRLw66epaaiFrqRLYDGjtRtb9cUYom80mQ5GIdpXUbyv3y9SfPVdDR0oP3dbW8qDAYg,Koschei,https://play-lh.googleusercontent.com/a-/AOh14GgqaUDxSRECDFD-W-MHU_kuq07wQSalmRHsIXSehw,Freaking amazing series! I cant wait for Book 4. Keep up the good work guys ^^,5,3,1.0.2,2018-03-02 11:43:37,,
gp:AOqpTOHCbAr-yryq1LMzGWcPjGGvEBFdnbDqRuAMQQWupTduhqhsiQXYjNNfJm6RMMuxGi8iznTyyGx_WornSg,Cameron Wooldridge,https://play-lh.googleusercontent.com/a-/AOh14GgEklCZvDPR7x_I1lW9JoTBn17nqMrNUL0sfQ7eTQ,"I've been in love with this world and the characters in it since I was first had tea with the Oyamas, to Drinking Sake from a golden fountain.  In any case I need to be honest and say that Book 3 exceeded my hopes save for two things, one is new and the other is old, something that I think would make this fantastic adventure even better. Just let us, the readers, have a checkpoint at the start and the end of the chapter so that we don't need to start over completely because of one small but important mistake. Now about the New part or ""Element"" in the form of the  detective work forced on you at the start. It takes away from the  ability to choose in that you have no choice. And in an interactive novel like this choice is key. Let the readers, who've gone through the detective work on a previous play, skip its Q and A sections for a more streamlined narrative which is already there. I ask that if nothing else, please look into the option of adding checkpoints, even just at the start of a chapter so one choice doesn't have the readers starting over.  Regardless of what you choose you can count on me to be of the first to buy Book 4, may inspiration and the Muses be ever by your side.",5,4,1.0.2,2018-02-28 10:54:57,,
gp:AOqpTOGUq6ZKQmTNZNelh_GFPT2_lMkE2rdPd2ZZnIZcjNxQQ30lSEe9bdvf0k3ULF-Oj6JHuBSlZeQmk3EF_w,Ryan Robinson,https://play-lh.googleusercontent.com/-ezvlaIV2URk/AAAAAAAAAAI/AAAAAAAAAAA/AMZuucnScBeeeiO-m6NApEh8Kx9ftgaeIQ/photo.jpg,"I really like this sure, and this installment, but like some others, I get as though my choices for my character were accurate to how I'd previously played him, yet my attunement went down on over half my choices. I felt penalized for staying consistent, which was strange. Also, this is not really a choose your own adventure. Rather it's just a really good, slightly interactive novel.",4,32,1.0.2,2018-02-24 08:21:52,,
gp:AOqpTOHBBF5Lnp9L7irq7eZydtL_O3ll3SRqjGr4j0Tc4QUe1pEp8zmAxTlELW5zaaX0SfjWYFjAnQtN2GEAFw,Leon Wolfgang,https://play-lh.googleusercontent.com/a-/AOh14Gh6XwvgPqwHEqwpX6GCIvTiNLMBfV1LZs8LMm0yBw,Love every book in the series so far this one really put my mind to the test and I can't wait till 4 comes out! Don't know when but I always find myself coming back here lookin for it jus in case 👍,5,2,1.0.2,2018-02-21 06:09:45,,
gp:AOqpTOHJxb9HSjkJ_jUEW7T6W6LavUdMT6Q0eU-rEKXtFWpcdpjAGGxxH10HbiMC5OdTiE-uZK4gPWCG6j2BMA,Mama Butts,https://play-lh.googleusercontent.com/a-/AOh14GhjYaBVFwSyj_2ofhSs7HNswBTPQefh5YqonXOISg,Love it however i'd very much like some kinda checkpoint mechanic cuz it gets real annoying having restart after every little mistake.   Other than that though it gets 5 stars from me,4,4,1.0.2,2018-02-19 17:47:52,,
gp:AOqpTOFtVzcpu4jf3DDiNl7TWQtOSIT_E8l62uwvJItvA_GuCtMsA-m1y0-a8wSyqhmn2n7L9kO_8F8ykM627A,Lindsay Lagasse,https://play-lh.googleusercontent.com/a-/AOh14GiBM6N-gbbhrKCeUbvsyRdro9kDvv8JMViDS91gvQ,"The author(s) is/are amazing. I love their style and accuracy to culture. The story is long, intriguing, and captivating. The only reason I give 4/5 stars is this third book, while an amazing piece of art, had little to no real choice. It was a great read but the only thing I really influenced was attunement. If I chose an option that suited the character I created but it wasn't the choice the author intended, attunement decreased and it did the whole ""wait no, that option didn't make sense so -main character- did this instead"". A wonderful read and I do look forward to #4, but don't they and misrepresent it as an actual ""make your own story"" type.",4,9,1.0.2,2018-02-16 20:48:15,,
gp:AOqpTOGzr72eNbSzsohgu4haVHt0ZDUNm_1iJG7twSZ0Y6izJGzkbBj8gtPSFdZBB-fwi0IiGJhZPW1A3dgU_Q,Kellan Frank,https://play-lh.googleusercontent.com/-WX8ThL9684k/AAAAAAAAAAI/AAAAAAAAAAA/AMZuuclReZr7dEKVuf7nnvHDasLjm6Cdpw/photo.jpg,"One of the better written choices/hosted games.  It is also rather long, so the seemingly steep price is 'acceptable' in my opinion.  Great story but this particular book in the series had two things that didn't sit well with me.  The first is that the second half of the book, although well written and a great story, felt very much like a 'choose' the correct answer and less choose your own adventure. Even then, it was choose the answer that causes the least amount of damage to your stat bars because the story is going this direction whether like it or not.  The second thing I didn't like ties into the first a bit... But the MC seems to have a sudden behavioural change in the last half of the book.  (*This maybe a spoiler, but I'm making at as vague as possible.*)  It is explained, but it still feels weird.  I was doing a protective, stoic play through with the Giant Salamander spirit, and the MC is suddenly an insecure, emotional wreck.",4,7,1.0.2,2018-02-14 13:36:45,,
gp:AOqpTOEsEUhEN1IB3cITVOl1zNeyywKdQdmAfoX0zVwnahh_H9wV4sl42-XwyKHfddIctViExnxS53PeQCikmQ,Tim Henry,https://play-lh.googleusercontent.com/-TDEvZ6qJPnI/AAAAAAAAAAI/AAAAAAAAAAA/AMZuucnIACGK1fMtxBrihWYNw0Pc0in8AA/photo.jpg,"Started different, but good. Unfortunately it went down hill as it went on",3,2,1.0.2,2018-02-13 02:35:45,,
gp:AOqpTOFU6vuAP4QfNJJwKzTmyjqgXKRtf4g1edaf0fMZh-yiOGvOc5M5obcd1F4FtNutxeCao6fohoARe7mljw,X B,https://play-lh.googleusercontent.com/a-/AOh14GicQt_csXFMjycPMxQFFbKjodQHteDxNYfaRnCkqQ,"I usually don't put down reviews, but I just wanted to express how great I think this series is, and it's sad to know it'll probably end soon... But I know that you put out more great content so don't get lazy!!! And keep getting creative!!!",5,1,1.0.2,2018-02-08 14:31:14,,
gp:AOqpTOHBvQ4EGfL1PJH8bUJUEwetRrr8d0cPL-y_FsJa--vMyqixw0hYAvrLWuOjx1epPUPcaJBOAlkFG8_Cyw,Sabrinadiza Balya,https://play-lh.googleusercontent.com/a-/AOh14Gia7fTOKvxwIF1kf3Su_vsmhiqPZv7oOxtlbbtB,"Finally able to buy and finish this, and I wasn't disappointed. All become more and more interesting as story progress, I also can't help but notice that the author writing improving, it's now more immersing. Not that previously it's not immersing though.  The end of book 3 leave me with bittersweet feeling, and shock (in a good way). Really hope we can say proper good bye to Masashi/Masami though, guess that the point.  The deduction and observation do can be frustrating, but I'm still enjoying it.  I don't really like interaction with romanced Toshio/Toshie though, it's few and rushed (certainly love last interaction with Toshio/Toshie though, it is leave many feeling, obligation and bittersweet are the most that I've feel). But I suppose it's understandable with how the story going. Wish MC could have more interaction with Daisuke and Borgia.  All in all SoH 3 have it's flaw here and there, but the good part of it certainly outshine it. And must say, of all HG I've played, this one are the one that leave me with many feeling the most :)  Edit: Just remember something after read others review. The attunement is really frustrating, it's raise very small but decrease quite many, this makes me restart so many times that I almost give up. Hard to determine which choice that ""in character"" with MC.",5,1,1.0.2,2018-02-07 09:16:25,,
gp:AOqpTOH7-BufOCpjJM9qVV_kldWaSOuv_u9zK296HYGLcQFUyPwNQdfz4aBLvlF8ao-XOtHdEpBCz0MYRcfkKg,IronHorse,https://play-lh.googleusercontent.com/a-/AOh14GgoOUnE6HeYYuolrdaZUtUu7GeVZAWvsEKT6vYiSg,"This book feels like its a different genre compared to the last 2 books. The 1st was like an action, the 2nd slowed down and ALMOST seemed off topic but this one has turned into some kind of mystery??? the characters have changed the way they interact with each other, talk and even think. Toshie wasn't a fighter of any sort but all of a sudden she's got someone on the ground with their arm behind their back. Sorry to pick it apart but i was looking foward to this one and wasn't expecting the change in pace and wavelength of the story",2,19,1.0.2,2018-02-04 14:08:07,,
gp:AOqpTOG1eHaBltUempt5bdc64hMe6VrUFSTSzMRryQw-EHwONJi1vWb5m1fn_MGytNorZzg6myHrZDlqqTJ1mg,greenwolf675,https://play-lh.googleusercontent.com/-9eCDrhQw5SE/AAAAAAAAAAI/AAAAAAAAAAA/AMZuuclHTjrEtSUdc3RVHNA1f9tgecRY1w/photo.jpg,"Just binge read up to this point and i can't wait for the next book, the characters are great, the storytelling well done, and the story gripping 5/5 red pandas",5,2,1.0.2,2018-02-03 08:37:19,,
gp:AOqpTOFLKYFehqEGnN4YW-eICBTSF3LBaH-ZBWmNz52qc_dHglQIxADBcMX5_lWAdAZoZMJQgN6OXop6ba8gxA,Mike Brough,https://play-lh.googleusercontent.com/a-/AOh14GgR22M8gUIkewSYAhS1bSwIf0_5fYdLbsut64Es,Really good. Though last time I played therethere flaws. Hopefully they've been fixed,5,0,,2018-02-02 17:21:55,,
gp:AOqpTOFyinY0QSKLtqpTnfwbIc_ow9YQzH-58XLnegmG9ldnoV35tcS6vZxETM7JDymDFK1JEPo3skSd6TDD8A,Kenneth,https://play-lh.googleusercontent.com/a-/AOh14GjYKqQ6uvzrj4p2LHil3Qw5Mqo62apwW7I6ZIwbWx0,"Loved it, can't wait for book 4!",5,1,1.0.2,2018-02-02 11:35:29,,
gp:AOqpTOHjWh_vI46OtpjJlpmUPcBpkx0UOj5vDRwSpBOmNDWIeelBx-gPOOBq5dGhlXzANUdVtLGNK_g-vASbXA,Kuronan Estimare,https://play-lh.googleusercontent.com/a-/AOh14GjPRCZKweJ_TZ4gT5XFDk85Bnv48z6_wCrrlFp0Zw,"The Third Episode, while packed with content, highlights two major problems with Choice games: Illusion of Choice (sometimes we get two CASUAL CONVERSATION options, one of which will PENALIZE YOU) and lack of proper Checkpoints (Oh, you made a mistake? Restart.)",4,8,1.0.2,2018-02-01 16:54:15,,
gp:AOqpTOGaug-jxmceALrJmXVsB6HMyTLaVVeEdqvkpQXEulr-BUw3jtoZk9wnW8m37zzngUpdAqQaB3SSef7L-A,mashed potato,https://play-lh.googleusercontent.com/a-/AOh14GgwFxpFe48lUe1yhwxhttQykiglW16s_9J0CI9B,I NEED THE NEXT BOOK THIS SERIES IS AMAZING,5,1,1.0.2,2018-01-19 12:47:02,,
gp:AOqpTOG8zobFXT1yaUNfiIzRfAplwFUCA2DdYamwien_NbkO_fs4dECvNoFcEsfffywLaaHMWqUMN1USxVls7Q,Alysse,https://play-lh.googleusercontent.com/a-/AOh14GiWfwE7qzrU8BaEdjzmMusZJnXOgOUcVRbg9jjmJA,Great story.,5,1,1.0.2,2018-01-18 18:02:40,,
gp:AOqpTOFOp6v0lxVLXle-gznoSlLVOt_W_JB6MsaERA7wKdXouqULDXAXtyNj_BwBnzs0msuFpb-jXs-RKKE14A,Nancy Lo,https://play-lh.googleusercontent.com/a-/AOh14Gi2ioAjX6XkxvZLivudyU2WfQKATyXNpeiHr1s3NA,"Truly remarkable. I love this series so much. When I discovered Book 3, I got so freaken excited. I was so hyped for it too that I didn't care about the price. I swear, this is the only book I am in love with that I want to write a short fanfic or draw a fanart. I wonder how the story will go in Book 4.",5,13,1.0.2,2018-01-15 04:01:35,,
gp:AOqpTOHlLIg9SwJ7N8fSoj-KJBkr86QmRj84MiPGm9GkvyojNxHkA3ofyIXPjajH3T2NIkdKCtIsP6yLbLFWpw,Maria Mejia,https://play-lh.googleusercontent.com/a-/AOh14GgdWXGjEDvsVk_xyf6hXy-BXdzK8HccSN6DTOGX,Attunement doesn't load,4,0,1.0.2,2018-01-13 20:14:27,,
gp:AOqpTOEGGGC4qvwR2-_eZA6D_9pb61WJ4NTS84FykQCASGYXvl-hpEMH_SrLVWmgfxZwlmAUQjjwB5r6tzZgfw,Jacob Dunbar,https://play-lh.googleusercontent.com/a-/AOh14GiwsuZddEkIxqLMFKAFRC-GIg9VkuE7foX-akkH,Totally worth the money I can't wait till the 4th book comes out the only thing I didn't like was that I couldn't pursue a romance with kohaku,5,2,1.0.2,2018-01-13 17:13:21,,
gp:AOqpTOGDQUw624HfTNz5jdMbfx7Rh1zncqOedKcEdEHBCk8MmGfwG4U9Yp7a8cFJOebCcxiDjgqMHvhx8w8epw,Ryan Dyan,https://play-lh.googleusercontent.com/a-/AOh14GiS8gPy60RP68ArOK0hgkEP2Djc7NRzntb7h_8EQw,"Second time trying to write this review.  The author won't see it but oh well. The story was forced. Once you finished the baron, you were useless and people die because of your characters sudden uselessness. The choices you make are solely for your attunement, and not any real impact. The romance was short and then just utterly abandoned in the end. Your charge suddenly is gone to the wind, your whole beginning, and you barely interacted with her in the first place, and now your character is suddenly on a path to mindlessness. It jumped to much and offered no real impact. I'm not one to pick the renegade path, but how lovely dovey the bloodthirsty killer got was irritating, decades of bloodthirst washed away with weeks of friendliness, which is why the transformation ending was the only saving grace for me. Hopefully the fourth book carries on that theme.",3,14,1.0.2,2018-01-12 01:34:09,,
gp:AOqpTOFRnmlIIpwDQEl8HMgWaV3ZtpKl4wUFF3mVvQ-X2KxV-6o5o8kgTsarr4uqttOewdBmm0d9ju1Ye8PNxw,Emily Crowe,https://play-lh.googleusercontent.com/a-/AOh14GhJDs_uUp6m6igLqHtduOZUrlH32bkpM3v2NywMdU0,"Loved this, but I think it could have been split into two books. I look forward to the next installment!",5,0,,2018-01-11 14:20:11,,
gp:AOqpTOF7-9O3R-idocmfuiIZrhNe4LcZaKtEG4xha2QsLgKU66HSPoNFX7BowjWV7TYQCBRj_4nlLMyxxr2jGA,David Pickard,https://play-lh.googleusercontent.com/-NRVIl27qGiI/AAAAAAAAAAI/AAAAAAAAAAA/AMZuucl3hOQwkT6GG3khPlGRrkO1tMjOxQ/photo.jpg,I loved the first two books without a doubt. But this one feels like such a step away from them. First there was the sudden transformation into Dick Tracy which is far from why I played the first two books then it also felt that while I made similar choices as I had in the last two books I'm suddenly less attuned and unable to play the character as I had been before. All in all I was fairly disappointed with this one from beginning to end.,3,28,1.0.2,2018-01-07 18:43:18,,
gp:AOqpTOFJExhG0x_OqyNfLT9DkdDzajWvbBmgdHMbg6OlIFHko5fA2yN6nCaSQRPDluTix8-26mCOxnnrlleSqA,John Hancock,https://play-lh.googleusercontent.com/a-/AOh14GhJANdWj9loeinPQNzKu1FW-8qBv_FY2HteV5wZ,"I absolutely love this series, it's by far my favorite.",5,1,1.0.2,2018-01-06 14:26:09,,
gp:AOqpTOEBIzqsd5wDdce08_Y-tDqKmo6v6YHK1IauCfvZ9uuxfgVwRMyR0g7GRu6WwBJZddya1GdDFHMTopFofQ,Dash Blackwell,https://play-lh.googleusercontent.com/-Mcc3GoM4Blg/AAAAAAAAAAI/AAAAAAAAAAA/AMZuuckaIqys7pSNnfqJ9PIqYkpC2WLn2w/photo.jpg,Unquestionably still the best choice novel you could ever hope to find.,5,1,1.0.2,2018-01-06 13:35:53,,
gp:AOqpTOHL8gNZA_ytVpBi6zv94gUcOKF8OftsAOmyUFNdvo17MrbXndr3DroMEffJb2l2LkgZa5n_2fd4e4cMZQ,hector harner,https://play-lh.googleusercontent.com/a-/AOh14GgjIJbZNkFJNFisW7-bb6OU1fAcnaol3O-8iTsGGg,Really can't wait for book #4 any ideas on the release date?,5,1,1.0.2,2018-01-05 04:00:19,,
gp:AOqpTOFANkwx9oSYwp6c3AQp9vzVispDIQZ3FGF_Eo6GshjsrWBnCFX1mqLpUAjLKI0CJwvNXwtCPxDX2VCEVQ,Snowstorm,https://play-lh.googleusercontent.com/a-/AOh14Gi0BtqBKIfT94AZJKnp1jens8b_u5DkLYlgB_8L,"Ok anybody who hasn't read all the way to the end yet should NOT read this because there will be spoilers starting now...      Omg I can't believe that ending! T-T I started crying so much. I mean the journey with everyone was amazing and to have Hatch and Masashi just taken away so quickly was heart wrenching for me. Also, on a happier note... I knew it!!! I knew the reader would eventually get together with Toshio! I shipped it since the very beginning! And on a sadder note...ejckskc!^÷¥-#_jdkzk You freaking took my love life away just as fast! I want to start a life with him but I'll only bring pain and suffering to the ones close to me!!! :'( This is an amazing story and I can't wait for the next book because honestly I'm still trying to keep my emotions in check after that ending...",5,4,1.0.2,2018-01-04 20:44:22,,
gp:AOqpTOG2sIzeqTQ2LRcwLopXIdhaItXcSQkASoRzcMXKkbbV_NKKLUOKBCnB11kHJpR42RJCMmCGlB58IBRIbQ,Jackson Clemons,https://play-lh.googleusercontent.com/-1H3pI5ZSF1Q/AAAAAAAAAAI/AAAAAAAAAAA/AMZuucm3aQ8iha76IeHMG1qSXaADHVXLKQ/photo.jpg,"The story is fantastic, but I had a huge problem with the stats. O felt like I didn't have a choice anymore. All the decisions felt preselected towards one path. I couldn't follow what I imagined the character to be like without everything fell apart, also the romances feel way forced. I went after Toshie, but didn't feel like she was attracted to me at all until she out of the blue confessed. I wanted it, but it felt so out of character.",5,25,1.0.2,2018-01-03 12:13:31,,
gp:AOqpTOH7y1O_x-rZyOM58up__cyV2zoAPS9Lc1tnFbu-loYosAVi8KLe-3rdds7SFeKTEPaXRIR4oWR9uca0lA,Johnny Mchenry,https://play-lh.googleusercontent.com/-Tjvma1j-pOU/AAAAAAAAAAI/AAAAAAAAAAA/AMZuucm0ARMaTTdnJhKYl-nrOW99Y7f7_g/photo.jpg,"Best cog series yet, and it just keeps getting better.",5,3,1.0.2,2018-01-03 05:54:57,,
gp:AOqpTOHrIjvJVcsPYwzD7aDtHrG6TeJAooTTULXQZnHK0t_wFLXIdojP1hdPqcmDWxkJSDItEOCM9j5ANZMNbw,mi i,https://play-lh.googleusercontent.com/a-/AOh14GhYfQ_OijD_5dPHCis9rzItfckCZ97A4W8hMJe-,👌🏽🐝👌🏽🐝,5,0,1.0.1,2018-01-01 21:26:15,,
gp:AOqpTOGJDWlqhRTFGoF29wXvPbtTsPTKEdafien9wdLEz-ybWX1NIiAEtkUSpzuJ0X3StVVhgH0dbNA_iNKL0A,David Mountford,https://play-lh.googleusercontent.com/a-/AOh14GhHc4edv0dJQ2w4dQ3eKXqHHp66i7sIf0AAqXR5,Wow I was bad at this one. Glad the baron storyline was over because that was less than amazing this new one is brutal and much more page turning. Let's see our ronin get more attuned!,4,1,1.0.1,2017-12-31 06:36:54,,
gp:AOqpTOFouzoWCWkJDwDUEI-X27ZGVqrbh04j6fLe2jP50UPfqYhigFD-YAbg8X1f3g45t9pa_TLXpQJFOSQvyg,Kimiko Satow,https://play-lh.googleusercontent.com/a-/AOh14GhtzZCCEIfDY-nggjziDAYCUoYE8_ZhsonQWd5u,"I love the story- all three of them! I played through this one and wasn't disappointed at all! Unfortunately I went to reinstall the other two so I could remember the details, and its telling me I have to rebuy the 2nd book, so when I have to remember that book in this one, I'm kind of screwed. And unless I buy it again, I'm stuck with the details I have from my one original save. Kind of sucks, but I like the characters and base story, so it's not that big of a deal; just a minor annoyance.",5,0,,2017-12-30 10:57:10,,
gp:AOqpTOGoVocSyPPpCiiOYP8RBOZ4nsBAYVeBjle1Zujk87gXrdR5ttXRzeehrL6GpqlS7UH2QprE64len9a1og,Debbie Minor,https://play-lh.googleusercontent.com/a-/AOh14Gh5Mo0SzTyV2RW8KA8D8u3rQ7g-ot-ssf7EpGixAQ,Another amazing story in this series 💚😿💚😿 I've loved them all! I can't wait for the next one.  Well with the money.,5,1,1.0.1,2017-12-29 18:57:59,,
gp:AOqpTOGYP9EIHpLa_I88qlkJCt9gs4yqpEDCcuXMb4q3V5sR3zNxDEg7b2hRHgA23rW6POBRZ6e9sUEv_KlhpQ,Princess Stabbity,https://play-lh.googleusercontent.com/-Px5OtoYa-zs/AAAAAAAAAAI/AAAAAAAAAAA/AMZuuckwApexT340SX_2fFKx00AWBd22iQ/photo.jpg,So addictive,5,0,1.0.1,2017-12-28 17:44:06,,
gp:AOqpTOFhHlZ-kbhrDce485fAYy9NzeB1TMTPrXhIkxhzByyrJu7dgwY7p0Y0hNfbf2itHdU7WSJDBaaW-Mo00g,Jennifer Kraus,https://play-lh.googleusercontent.com/a-/AOh14Ggt1TgPdwWzU5Ha3LUCi5dUifWIO7C66Y7h19QJ,Love this series have been waiting so long for book 3 and it was well worth the wait!!!!,5,1,1.0.1,2017-12-28 16:10:07,,
gp:AOqpTOFwEsDxfQGtGAL3iGWWS6TW4NK-H9uUOJx132WHphaYFnlAprgCHCKGuaXw1TBFuJFfNeSS-WVC-E5aRQ,Jayson Thompson,https://play-lh.googleusercontent.com/-Rt6PjZug7ZI/AAAAAAAAAAI/AAAAAAAAAAA/AMZuuclLbFNVF3qx6-W9AdBJcSATP58sxw/photo.jpg,The story felt like it mattered and i loved the heart warming experiences it left me with and the choices would of liked to know how to keep my hells release  but I'll keep going at it,5,0,1.0.1,2017-12-27 19:47:56,,
gp:AOqpTOHZQINJ_FTjmP8AkLj22XvcBsv8FmZrTq_TXM4QAMWJEa6LD5EwBxCBPAqQp957gR8HuHIDBoUS_ecnVQ,Matt Meek,https://play-lh.googleusercontent.com/-NA8-yusrdBY/AAAAAAAAAAI/AAAAAAAAAAA/AMZuucmXlR5QfPtMLdZZpo-AwfJtJMK0nw/photo.jpg,"I'm a die hard fan of this series, and I'm very eager for more, but something has to be done about the jarring pacing in a narrative this size. I've had to restart way too many times to maintain my attunement; a checkpoint system needs employed to avoid the slog through fill in the blank zones and/or attunement needs to be recoverable after flubs. It's just unreasonable to have to reboot the whole game 10 or 20 chapters in because one vaguely worded multiple choice ruined a massively important stat. I really want to keep patronizing this series with my cash and praise. But please, make some modifications for the comfort of your consumer.",5,1,1.0.1,2017-12-27 08:34:43,,
gp:AOqpTOENzvp5dibz1ZTofV1rN0u7_9B6U7sSsF3XFRguknKv5Jf3xJ-HTsOnihQJeSYEQAEa62-eaQU7GhTYNg,SlinkyHen,https://play-lh.googleusercontent.com/a-/AOh14Gg1gy9ixdWg7AH20zwWpmpWIxpkerUpdpccU5c3,"Absolutely phenomenal. I never made a purchase so fast in my life, and A game has never warranted so many play throughs.",5,1,1.0.1,2017-12-26 19:14:49,,
gp:AOqpTOGPajsgYH-GFFpPQMizKn0AP3hzYHyWR5Q3PGepLsUkNNC85w2PMQjkYBbqOGiW0NzugpqtcWtpEV3Wag,7412456852,https://play-lh.googleusercontent.com/a-/AOh14Gg_76JWjoWi7KDmuahz0cQTDz1n9-md_FVMaf-GLg,"Pacing's a little off, feels a little rushed at some parts and the choices sometimes aren't what I expected to happen based on the text of the option. Quite entertaining overall, though, and the thing I personally like about this writing style is that sombre parts of the story doesn't get dragged on and milked.  One major complaint I have is with the Japanese scattered randomly throughout the game. The characters often say words that are sporadically replaced with their rough Japanese translation, which I feel is highly unnecessary. Also, the Japanese translations are wrong quite a few times, such as ""General"" translating directly to ""common"" in Japanese instead of the military title. I feel that if you're going to price this title at such a high price compared to others, the least you can do is hire a translator to look over your story instead of relying on Google Translate.  Not a bad title at all, could just use some quality control in many parts and it wouldn't have hurt to polish the game more before release.",4,0,1.0.1,2017-12-25 20:32:33,,
gp:AOqpTOHy7stnRH1lQkb0X0bpS4nCiKHTEaJ9TTB_qCnIoclFa4mYf6mfup1xfMrZefUKuGVGDpdvJnmaSNsEmA,BrandiiBear,https://play-lh.googleusercontent.com/a-/AOh14GhU4YlBJo1GOWeIHQaWB7BP1Pbb1TqzvWVr_PygZg,I loved it :D I waited so long for this to come out xD and now I can't wait for the 4th one to come out lol keep up with the good work!!,5,1,1.0.1,2017-12-25 09:44:07,,
gp:AOqpTOHmRpX6Nz7dbIfn0xUW_BuQJ0ug0Eh_uceGZYdCkJ1p6TJahCFwbiYPqgAikUm3nSl3mWktS2YHaO9rPw,Jenny Sweets,https://play-lh.googleusercontent.com/-H0HCyllU0tA/AAAAAAAAAAI/AAAAAAAAAAA/AMZuuckTT7AKiO1D5-e566JXNX1v29scDA/photo.jpg,Highly anticipated and did not let me down!! 10/10,5,1,1.0.1,2017-12-22 23:49:12,,
gp:AOqpTOFB0sMYoDULGctJeeGjML1kO-Uhb-OeEim0sBwPtQ5s_6SteVR368xQqNr1rwHSftv0TbQCgA0bD3zH7Q,gus Just,https://play-lh.googleusercontent.com/a-/AOh14Gj8D0ugzXhAn7-rl4vUa8FScXU9Fp41BtBzRQ1pAw,"It's a fantastic story, I read all 3 books. However, my only question is ""can you prevent ige and daisuke from dying."" I played through the game again and again, but to no avail. Anyways, good job. Waiting for the next one now.",5,3,1.0.1,2017-12-21 21:39:35,,
gp:AOqpTOFP5tCdb65uvGc4vPE8YQfmS17v1oSO2lrxgs5jY33mxKMcsygciy0dM_nWgwPhPo495sVG43q8-WkIMw,Isaiah parker,https://play-lh.googleusercontent.com/-HmRao5sf8L4/AAAAAAAAAAI/AAAAAAAAAAA/AMZuucn3wNK8MGp6N_SUTi-oNj1X8D1LVg/photo.jpg,(Edit). Great game. The ending as always leaving more to be desired.  Can't wait for book 4 the epicness of this series feels like it just getting started,5,0,1.0.1,2017-12-21 13:48:35,,
gp:AOqpTOFbEFxis9f9E0m_jvHAqfMshF_jfDKyV-0_k04ggsIPASA0OdSLPsKNyN8MVqEHPPrQvMy1Y5XYhrJ2hQ,Lynn Cham,https://play-lh.googleusercontent.com/a-/AOh14GhAOz1iS5Q8frO9BQ8NjZb4IPEMlCsnfaLlkvf7Ig,Book 4 please!♡,5,0,1.0.1,2017-12-21 03:23:18,,
gp:AOqpTOF6DDxplf4zKwa8iOgTVhgfCUNxAGAUGi_RLikG8YoocVpTaoj3luSN3TWbIcQwLMy7KrRq33xaR3zdlA,MC wolfie,https://play-lh.googleusercontent.com/a-/AOh14Ggc5EQJhPu6oOXDz3gjM6XViaTFnJWqbm2SB2KupA,OH MY GOOOOD. I WANT THE NEXT BOOK. I WANT IT NOW. I LOVED THIS.,5,2,1.0.1,2017-12-20 18:43:04,,
gp:AOqpTOHykEKCb6UbOxULD-ly8ewBfRX9jQtqYWYgi84Nzc1lLboKGZd0KlC83kR-5KhTG-Uz2r0BEjE_Lff6cA,caeleb phongkhammeung,https://play-lh.googleusercontent.com/-ZF-XRBASkc4/AAAAAAAAAAI/AAAAAAAAAAA/AMZuuckZXJYVFY3kjAo2jfI4TMcc2P89_w/photo.jpg,"I really love this series, and move the direction it's heading, but the end of the game kinda left a bitter taste in my mouth so to speak, however it was a great story",4,0,1.0.1,2017-12-20 16:10:42,,
gp:AOqpTOFJ6djtGrxoyWRokk3aQbjdgo5_uHLHFeFZR0UGjYSeWaYSGy7GMF6rTuHG5EUF3ld30qkXdJIfVN2a1w,Dragons Sweets,https://play-lh.googleusercontent.com/a-/AOh14GinwSQgXKzM3Nj7AHH4osSkZryLJDuy8ldVNCNl2A,Love this game! I have been waiting for it for so long!!!!,5,0,1.0.1,2017-12-20 15:53:02,,
gp:AOqpTOGosZSu8gfT4GoU1FmrZ2I45_mtBPBLEMcQucoQAB-90Rm-0N-ZkYNgspc3xMMBv0ytOcS8mw618gMoHA,Taylah Graham,https://play-lh.googleusercontent.com/a-/AOh14Ggr-EuEY3MIHQg4zBUvt2jvVMs4ppn2YClO4XH4_g,Every time a new book comes out I rise from my grave just to buy it,5,0,1.0.1,2017-12-20 02:50:19,,
gp:AOqpTOFWPJmOfP95SLelJNTwdJC5lVUgtoixeVTzbnnEtnWfFZ9Bxc2z7n_lT2PQoPPaxrtIRWlcpoYBFW9xgA,Lune Arcadia,https://play-lh.googleusercontent.com/a-/AOh14GgE6nQv_v836vIAIrSPwTZjVCwQHMtAgfMmSfoTGg,Uuuuuughhhh...  Attunement...  Restart again...  Nope...  Wrong choice!  Love Toshio!  Class dismissed!  Hyaaahhhhhh  ･ﾟﾟ･(&gt;д&lt;)･ﾟﾟ･.... Goddamnit....  I love  SoH so much...  Next book 🙏...,5,3,1.0.1,2017-12-19 15:25:13,,
gp:AOqpTOH1XB-jh6mkuRbwmT8-mocQEyNSBygprE1-0cxFj52YubLBsSoxSyTd8r4bK-5j_rjPclyeMZqLuPKmBw,Maximus Max,https://play-lh.googleusercontent.com/a-/AOh14Gh2m5wGfaCaw9aSA6zLeGeFoBeqKAuh16cmGjEj2A,"Samurai of Hyuga, the first CYOA/Multiple Choice game i ever played. When i saw that the full game needs to be purchased (SoH 1) after installing, i almost gave up. Fortunately, i decided to try out the free chapters that the game offers and let me tell you, it was the best decision i ever made. I just couldn't stop reading the story! I bought the full game just after finishing the free chapters and oh boy was i obsessed with the game. I straight up bought the second game and now the third without thinking or looking at the comments. SoH Book 3, for me is by far the  best book. It feels far more lengthier (the good kind) than the previous books and how i love the character developments in this book. It even made me care for the characters that are just being introduced in this book. Now that i finished the book, i got this sort of empty feeling inside. The ending leaves me CRAVING for book 4, I JUST NEED TO KNOW WHAT WILL HAPPEN TO MY RONIN GANG. But it'll be a long wait T.T Damn, im missing masami already.  Anyway, this book is a must buy. Simply amazing. JUST DO IT. TAP THAT BUY BUTTON.",5,2,1.0.1,2017-12-19 08:37:01,,
gp:AOqpTOEYWNIPU_zFIXpX2FD0_Rc2U5sAZdLTfu3qzLAXNTb4EWf5BkHd0KvZ9JLOdDcd4g7aaAz21QM-tIV8wQ,Alexa Sears,https://play-lh.googleusercontent.com/-FEgWZ43T-1M/AAAAAAAAAAI/AAAAAAAAAAA/AMZuuclYCRueZEzp8ETApGCzWfVbDPgL0g/photo.jpg,"The story for this book was fantastic. It had two distinct sections: the remainder of the Baron's arc, and the true story of Book 3. Suggestion for those buying this book: Make sure to reread the other two books, because this book will quiz you about the story thus far, and I know it's been at least a year since I played the other two books at the time of writing this, so this book left me with the worst attunement out of all three on my first run. Great book, nice style to the new attributes, and can't wait for more!",5,8,1.0.1,2017-12-18 21:46:11,,
gp:AOqpTOFmb2IT9IBasWgrrfRudxUzMvCI6491BSWNhBk2MsfPJzffxE9su_sATYZvT8eTFNcaH0lYgLYINIvSCg,ViDal McKinney,https://play-lh.googleusercontent.com/a-/AOh14Gj6uePsoWDa17wFGcH1UwMKVOFEoS-iaEKvKv5Evg,"Ok, the manor part sucks arse no doubt about that.  But everything afterwards is flipping awesome and what I was looking for in part3 of this series. I look forward to the next book with much enthusiasm,  fingers crossed for a full on demon swordsman mode for my samurai.",5,2,1.0.1,2017-12-18 18:11:00,,
gp:AOqpTOGo3WznAvMiPVTgR4DrzhJjmNpDTdYhV5fEmxXgV39yqy0MnLCSCNKlSAmciITis6OrxA0Flx_fCrfmmw,R. Ty.,https://play-lh.googleusercontent.com/a-/AOh14GjFn1tT7Szo5KmUqfnGODn-p2MlCWHk9l3ylrMW9Q,There's just 1 thing I want to say - When's book 4?,5,3,1.0.1,2017-12-18 11:41:34,,
gp:AOqpTOHVkxbsTEwNfY1WJw2XnvlgljxvzvxOQUwHFssHin_fkDIBrm0dQIE1Ol5QJOXYI_HU0oUCV1yPgzExUA,Reuben Almond,https://play-lh.googleusercontent.com/a-/AOh14Gie6TPVH5hbxOA-nvZfcUitYPY9e43hy567k4bHuw,Absolutely amazing just like the first two books,5,0,1.0.1,2017-12-18 08:59:51,,
gp:AOqpTOHwYkf9aAUfBoFSfR2Eo0e4JulZSygFKZUU5QLSWGQwkTpeb_uFViT3Ac11W9ypjSCDLZ8BYP8vLuohLQ,Nighz2cu Peeps,https://play-lh.googleusercontent.com/a-/AOh14Gh_LYk3BDUYOPby4f7ZFROlv8yfwI3mB5QAMTrK,This story has piqued my interest and I want to read more of this. It made me feel sad at the fact that *spoiler alert* Ige and Daisuke died (on how the story ended for me).,5,2,1.0.1,2017-12-18 00:21:29,,
gp:AOqpTOEjPhOBqVt7lcGMud6qKgq8UmmljJQGB_OVQX-eCcXtYuTivvTSyPy7Y6cEZvcMKSaHgJef59gqriyPgg,Brian Richings,https://play-lh.googleusercontent.com/a-/AOh14Gipc4igKhOT1jUQFXqSFaySHVodRH9XIUh2d4uz,"This was completely worth the wait. The length, and quality just keep getting better. The only bad thing about it is the wait for book 4. Please keep this going!",5,1,1.0.1,2017-12-17 15:01:59,,
gp:AOqpTOFgP6mI_c-Uu0oUE1LLfPmV2oQK5RMebICpaUGV0NZHr1FPw2lYbbC_xgA2YJ0rqyiwwNuupQ_KAH5LDQ,Dakon The Messenger,https://play-lh.googleusercontent.com/a-/AOh14GjCy1bPgu4JPGMpl7hI4iZ2fe-J1NAOND3xQiFv6A,"I LOVE this game series, I love how you experimented with the murder mystery genre...my only complaint (SPOILERS)   IS YOU MAKING ME FEEL SO CONNECTED TO MY STUDENTS AND LEAVE ME ONLY TO SEVERE MY CONNECTIONS WITH THEM!!! UGH!!! Love you games though and can't wait for book 4",5,4,1.0.1,2017-12-16 12:04:24,,
gp:AOqpTOECO5qC1y3JqQLFPIoUlpxNXchDHiLHqlIAOgAT7STF3iexyAx61OE9KZQElWsL75YLKBwptp4guphOzA,Gerardo Silva,https://play-lh.googleusercontent.com/a-/AOh14GigCSdGgq6kC0C991mbcKUVVj6GBo8CuX3t5v5VlQ,Honestly it was amazing,5,0,1.0.1,2017-12-16 09:22:54,,
gp:AOqpTOE3CALPCdv2MADexK85_Klal2g_wFWG971PtBHYzTnI6LaV1fsJ3Ryxhm5h21lkM9wW6FDJcwo8G4Y-IA,danielle maddox,https://play-lh.googleusercontent.com/a-/AOh14GgZY5qX3q3WJfi4hu_uY28u2n4VK7ANpfC1hC8Eyg,The best choose your own adventure. I have played tons but this one it the best. I have never bought a app so fast. Now I will wait 500 years for book 4....,5,2,1.0.1,2017-12-15 02:21:00,,
gp:AOqpTOHdjgmj57WhfWdbm4ioIy4I2et7b-Jx1dy6lm0r-fFZQg2IsLJ5-5nwbRnvPUSl08yJ2lqzwWKjMenvHw,Ukoza Fei,https://play-lh.googleusercontent.com/a-/AOh14GgicHT0U9Q6Tcc_YBpH0EV3hpIE0QDFslCz3NCSag,"The amount of times I've had to restart due to wanting to keep my attunement at a hundred is ridiculous, but well worth it. XD It may not have mattered all that much but I was adamant. I love the story too much to even care about my own frustrations. :P",5,5,1.0.1,2017-12-14 21:39:49,,
gp:AOqpTOFhu5sLrDgzWai74mPhrKZ6lJLW1Jo67GwyvjAAsowQ1FvHq_PExw0taYnSssze97u8JPM7zu4dluA02A,Dappernation,https://play-lh.googleusercontent.com/a-/AOh14Ghzb8Elky6W2N7ELov3HUfBRPUEDp4tbuzT7fKdKw,"I love this series so much. I'm super excited for the next book and will buy it the day it comes out. I sincerely hope I will get to romance the kid before this is over. He is so adorable, I've been holding out for that option. This one was way longer than the others and 100% worth the money.",5,2,1.0.1,2017-12-14 05:44:46,,
gp:AOqpTOFxI7wmJxAP_z42efYolLHIB-7vPNBXjpLn1SNGEhLdw0GZOWBiM_X9ctGsMpOKGUXXBzL405TfzKpCwg,kimberly christenson,https://play-lh.googleusercontent.com/a-/AOh14Gh6lSV9Q2_cCk76BPjnx8-S-08zn35Gni1zUYQfpA,"I've been a huge soh fan, nearly dedicating all my art towards it the past two years. However, this book left me with a bad taste in my mouth.  The first half was wonderful! I loved it and it was written wonderfully. The second half, not so much.  Characters that I had previously loved seemed more two dimensional especially in the case of tosh and kohaku. They were handled clumsily and clung to the ronin faster then pacing should've allowed.",3,9,1.0.1,2017-12-13 15:30:40,,
gp:AOqpTOGxGDF447bGMVOY4Z8zlcb8bcSEmMVQthQnsFbur0beuB-hvfsYtHbkgWiDy0VEzLwvq5bg-LOV_TxI5w,Mindy Hill,https://play-lh.googleusercontent.com/-LZ-8P_UfWFs/AAAAAAAAAAI/AAAAAAAAAAA/AMZuuckgNd0BZZuFJCRhdr1e8B3tzbpF-Q/photo.jpg,"This game man, this game gave me feels. Despite being a small title, the writing kept me feeling like I was playing a triple a title. It was engrossing, so much so that I have played all three released instalments within two days. That writing man, if only we had more talent like that in the world.",5,2,1.0.1,2017-12-13 14:00:41,,
gp:AOqpTOGE2QkO0tngSwXdN5qMeRzHi4BJgrA4O77D6uAF4m1rdRmtIBBmCfjVV6Vq8CfAJ_yJwCYDH9NJp1KUXQ,A Google user,https://play-lh.googleusercontent.com/EGemoI2NTXmTsBVtJqk8jxF9rh8ApRWfsIMQSt2uE4OcpQqbFu7f7NbTK05lx80nuSijCz7sc3a277R67g,Wish there was a part 4 out,5,0,1.0.1,2017-12-13 07:01:23,,
gp:AOqpTOEeJMyEtq9Du-j3MxyhUUjj7dh_Tmi-8AUhcKnrPqDZsVA2yrMwYEeW8anSL-i5U9SWSXWAX5jGGdku_g,Smokey kush,https://play-lh.googleusercontent.com/-CwHAgzY5520/AAAAAAAAAAI/AAAAAAAAAAA/AMZuucm8pGzfDfiZyh7WJhZ-JK2_D34nng/photo.jpg,Games confusing in general I am not playing again as it's not for me to confusing forced to be a detective when your a ronin who can't even read the input text mode is just stupid choices really don't tell you much like if I want to travel the path of the forbidden style how do I do that I guess what choice will help me in the last 2 books I focused on only on the forbidden style yet when it comes to this one against the baron demon I can't rely on it why I'm completely helpless against the baron well okay I just don't understand I understand the story but the everything else not so much couldn't even finish the game I just said screw it maybe 1 day I'll return but Idk I'm not a fan of the the stupid detective work,3,4,1.0.1,2017-12-13 04:28:52,,
gp:AOqpTOFPlFF9zjAbFRnSwaS08VAb885ffFzSH5ByQ-XurM8NUgtjdKDYcpDlfP5sqhFT9sdea_2PQA_NJz38Yw,Joshua Haley,https://play-lh.googleusercontent.com/-oZkPJsppCtk/AAAAAAAAAAI/AAAAAAAAAAA/AMZuuck36MC48CdpU1d_b4UQxQ8fPZh3oQ/photo.jpg,The fill in the blank instances were somewhat confusing at times. The Clue esque narrative wasn't exactly what I was hoping for in this latest book. After having such high hopes for it at the conclusion of the last two books I was left dissapointed with the departure from the style used in the other books. The story as always was well written,3,8,1.0.1,2017-12-12 19:37:50,,
gp:AOqpTOHqgBnZsu77ad09ZzWnk_xHufJbUpqyqiqWlvalW1dBJdzqbjuSq4mKVyOhUcoPNVzbFcTZRseZBdk-8w,Daniel Durbin,https://play-lh.googleusercontent.com/-_w9P16M8Z68/AAAAAAAAAAI/AAAAAAAAAAA/AMZuucmU2-6Jfh3zEJ1RMlbG9S1wE_AwNw/photo.jpg,I want to start off by saying that I absolutely hate the author of this series just for the mere fact that I have to wait for the next book. I've really enjoyed this series and continue to look forward to what happens next.,5,3,1.0.1,2017-12-12 09:57:06,,
gp:AOqpTOHEGGJRMKDsLhwoDrhGcuWDAMvBqtDugjmKF-seEaOrDaFFUXQ8udHMFflp9WzTMJGHRHidfI0FmKGb4Q,Hanna Johanna,https://play-lh.googleusercontent.com/a-/AOh14GgC-RDyxVV5PfF9rTVdmmQWwDwsJZ-psGTqvHg0og,"this is the best one from the Hyuga series!!!!  Couldn't bear to wait of the next one!!!  The Samurai of Hyuga 4, I hope I dont have to wait too long",5,0,1.0.1,2017-12-10 15:46:53,,
gp:AOqpTOEf0FXVyAoTG3imYm7G8KCL0K1_MkPLIiXcF8YjxOqI1c27Rx_OiPaFEnB6LOIooL9YzPbPCV7P77MONQ,Sofia Alonso,https://play-lh.googleusercontent.com/a-/AOh14GhLFtn7sF7oxsGqELBkGbZFzKbyh33yIS4rIw4HKw,Thanks! Just amazing storytelling ^.^,5,0,1.0.1,2017-12-10 14:56:20,,
gp:AOqpTOH3ghe4rjOstznLXvYy9lXoAhA2O41u-tPElb4mJ6VmO5cAgCIZn6prLok5F9IBU1DTVTJcYEMuKF8RyA,Jaxon Baker,https://play-lh.googleusercontent.com/a-/AOh14Gj4hVupQz0mE0L6u8TNL2EGvMV7kurjk6OoI1Td,Easily the best in the series so far and I can't wait for number 4,5,0,1.0.1,2017-12-10 05:05:15,,
gp:AOqpTOHQ7gfR0RddZWzS5xrST-cRXr9y-Bv5gKBDj6LJJ0lBodv8r_HHGzcoSs_NC5v5g_tBsaJOUI4lB0V9Iw,Dylan Noel,https://play-lh.googleusercontent.com/-zDfWYIdB1N0/AAAAAAAAAAI/AAAAAAAAAAA/AMZuucm3UzE036Rnt1JwfLMwxkBcNMQqFA/photo.jpg,love the book bought it when it first came out I finally reached the end and it left me wondering if they plan to finish it because there were more then just 3 demons to kill. I understand the next book being about dealing with junko but it raises a lot of questions for me. I just figured junko would be the ending not half way through the series.,5,0,1.0.1,2017-12-09 23:18:35,,
gp:AOqpTOGHJCEZaKQrPVWapgpswstucjFNDVkuSnnmrZjiNpbGHepvNMwGhdtGWhtqvlQZAgqIj0jhvcQ5bDuyQA,Shushin Fushin,https://play-lh.googleusercontent.com/a-/AOh14GiEOPtVR07l0RnIJ5JhZ9F27yaEFtx6xCrugYRC,"The story and writing just gets better. Didn't think that was possible after part 2, but damn was I wrong..  The one gripe I have with part 3 was the amount of misleading choices that have a big impact on the story/attunement. The other two parts choices were much more... explanatory? I guess..  It just bugged me how obscure and misleading some very important choices were, and the lack of checkpoints of any kind hammered that point in even more. Overall though it just gets better and better in terms of story and character development, and it was a bit longer than I expected actually, which is a good thing in this case.  And so the wait for part 4 begins. Waiting two months for part 3 was excruciating, trying not to think about how long I'll have to wait for part 4... 😅 That being said, take all the time you need(obviously). If you can take the story in the direction I think you are and execute it well I'll be thoroughly impressed, even more than I already am.   Absolutely in love with this story and all its characters, among them the character you let us readers bring to life 😊",5,5,1.0.1,2017-12-09 21:10:32,,
gp:AOqpTOGffdvUXaG7uZ-HvQkxek5sKD7W2Ki6FC_XT5RaKMIgaLwF5nVqshsE-BBG6NEz6mcxU-pfoIOdvru5tA,Dominik Williams,https://play-lh.googleusercontent.com/-tkBoBBV8tNg/AAAAAAAAAAI/AAAAAAAAAAA/AMZuucmVV6cLyonWEwqowqye4yjk7-8bCw/photo.jpg,"I love the characters, the setting, everything.",5,0,1.0.1,2017-12-09 09:18:42,,
gp:AOqpTOFramJukG34vLJtI8uIjui2D5AyHrtFVp42iJilA-vjQRppuiN2eLx5wKnSciS-hLGQp5WTzePHRNn1Hg,Gillian Beilschmidt,https://play-lh.googleusercontent.com/a-/AOh14GgxjZYQhGUpgFF9-qbZIJfnJfBnoxMVASZ0dR3r,"I'm kind of bugged by the fact that despite choosing all the answers that increase my attunement, it keeps going down. I reached 100% in attunement and now it's at 70% after a couple of choices.",3,8,1.0.1,2017-12-08 17:02:05,,
gp:AOqpTOFWFKgNoL3VZkg_Pxr7n1UfUQiktG3YY_X7BHHu2MvWnPBNJ83fHV5WfweHG9O9nWgbfeua7WZ7iyZ2JA,Judejid Happy,https://play-lh.googleusercontent.com/-4FfbE9GWZUc/AAAAAAAAAAI/AAAAAAAAMTI/AMZuucl_Y54Zd7CxtN6QpWUcoE0spdPyAw/photo.jpg,"I can't think up any other games that made me click ""buy"" button this fast omg lololol still awesom as always.. By the way, I love Masashi. Probably my favorite character in the whole series. Such cute boy aweeee  .. Played it. Loved it!!  Omg I can't believe it. This is getting so much more interesting even than before! I loveeeee this.",5,25,1.0.1,2017-12-08 09:23:22,,
gp:AOqpTOHdt6w_BQOPQ_-6nudf71mTK5kIw8MJ-z7c5MXu8rNX4xWJfosy9_IJ0T64NLyaDxNKcqP5j0mOPHiSPQ,Nadia Ovianti,https://play-lh.googleusercontent.com/a-/AOh14Gjkd75LN1OxPYRu9ZWBhCNwXdFJenQT4UdByytbOg,Finally book 3! Been reading these series since book 1 and loved them all. Can't wait for book 4!,5,1,1.0.1,2017-12-08 07:44:32,,
gp:AOqpTOE99dD7VwWpkb4cO6STrzt7qesS85gyXDidsvBkRVhU_MUosqi0H7UP0gRGKrtnEqVjAmB-5QeLtwmdtg,Trevor Pravetz,https://play-lh.googleusercontent.com/-fko9RMqfDuQ/AAAAAAAAAAI/AAAAAAAAAAA/AMZuuclu9yDSOVRd9o835w-Sb8QH_-yBCg/photo.jpg,"Samurai of Hyuge is by far my favorite series on the app store. I cant even count how many times this book made me laugh and cry.  Reading through my Ronins experiences i felt even helped me grow as a person, a lot of what my ronin learned helped me in many ways with my own conflicts. I will always be a backer of this series, and i am eagerly awaiting the next book. :D",5,1,1.0.1,2017-12-07 22:30:15,,
gp:AOqpTOEhRQIPflvQ3XgwzeP71Z_vZYVqu3PasyREI5EvgosfzeKJbnWL-EAfSQMczdW4I0AwaAtYY-2JwytUhg,Cad Bah,https://play-lh.googleusercontent.com/-gNYaxt_nrO0/AAAAAAAAAAI/AAAAAAAAAAA/AMZuucnWE6jhcTaQeODhc7GSJA0EXe2cyA/photo.jpg,"Can't wait for the next book, amazing story",5,0,1.0.1,2017-12-07 16:27:43,,
gp:AOqpTOGJIuoUf0zcCEYN6qWX1BxKWLD4obHiUiY5_PWvMVnFjPgqZshzY0NoKbKVi8xz-GYKXKLTNh2y8_jkJw,Earnest McGee,https://play-lh.googleusercontent.com/-A_ay3y-QM-w/AAAAAAAAAAI/AAAAAAAAAAA/AMZuuckc2WTwxo_7psYXTKjbcmKgbpmPVg/photo.jpg,Another great addition to the series. Book 3 was as I expected. Worth the read.,5,0,1.0.1,2017-12-07 15:36:01,,
gp:AOqpTOFBmGPiKR22vGBi9U9OsEJ4eSTljri1M8LRzpuF3uuzguqiW9bwPXVMVHsp23LyGWd-napqPGOwaayVBg,Reed Simpson,https://play-lh.googleusercontent.com/a-/AOh14GgJqd5H5VSW-E3SDaCSrvySdLX9J1p4CQRchMhk,"God, this was good. And far longer than I think we deserved. Wonderful storytelling. I've always been a fan of seeing how the protagonist reacts without a key ability that defines who they are. It's a great segue into tropes like 'the power of friendship' or 'discovering that the real power was in you all along'. I love these tropes when they're done well and they certainly are here.",5,22,1.0.1,2017-12-06 19:04:50,,
gp:AOqpTOFFqKHHaNh_iN12-dmIwSnZXeqa-xT4nywxTOmC7U-nBZfOUuZVJ70aoCBJaiG0Iedhfv2PkWJT7PPSRQ,Michael Crank,https://play-lh.googleusercontent.com/-wN6xxQhYqn0/AAAAAAAAAAI/AAAAAAAAAAA/AMZuucmhIrtKvMYOHfnFvhCrZdvVjTuoVQ/photo.jpg,One of the best text based CYOA games you can find.,5,1,1.0.1,2017-12-06 17:47:44,,
gp:AOqpTOFtxwdUEgWaSdQZyAgMNVvzrmTgRED0P5SysQIUdQWS5nqoKJm3VCYMTVk8QGoz80Efz6FyPsOfDABDfw,David Chen,https://play-lh.googleusercontent.com/-mFaRQjK1_TI/AAAAAAAAAAI/AAAAAAAAAAA/AMZuucn5ppyGcfKg_hWvakscVvqcxXXy-w/photo.jpg,"Thrilling, intriguing and completely imersive. I love it. After reading for 5 hours the ending left me hungry for more. My emotions were in termoil. I was so immersed in the book that when it ended I just layed still for hours. Can't wait for book 4!",5,9,1.0.1,2017-12-06 16:10:52,,
gp:AOqpTOHbkBaELGQEyxnh6haojAAtUavecUnApb6HofL5FWbqjXeT8Hco943FDYSxBm3-OxjuDqMinWiq7lzIoQ,Mr DingBatz,https://play-lh.googleusercontent.com/a-/AOh14GgyknhK2FkoW7jnxE7VYlOANZtw95WG0rv8-8m10A,Loved everything about it would play again and again,5,0,,2017-12-06 16:05:24,,
gp:AOqpTOHcVlY0IsE6lcQQQDIDz33l1OWdCr_wQA-ESzyOv6WQWDNMFO-WVH4-VPhwaV6DIKyBfjOg1GLvR4DK7A,Tony Grant,https://play-lh.googleusercontent.com/-4GBzgVZatSw/AAAAAAAAAAI/AAAAAAAAAAA/AMZuucmTMj-spHnN7hK2BEtvCPRAGC5kVQ/photo.jpg,Great fun.,5,0,1.0.1,2017-12-05 20:45:33,,
gp:AOqpTOE5eVRPE7DHtRWj_KvjYBr7Hb7zdQDIqAI4rgJYEeDVmjSkg06RX6xyMcsHi7ZwRJvEJ-mxOOc8P3EAMA,Choua Vang,https://play-lh.googleusercontent.com/a-/AOh14GgWRtSQGQ3nU4m0HB3Juinkp50oxZOSwM_gaRPrQg,So happy to see book 3 out!! Can't wait for book 4.,5,4,1.0.1,2017-12-04 20:46:07,,
gp:AOqpTOEiCviEQcX3bN47tT_RPQ4lBq_JnwUJfvEM4LzR4cK8p_wWZyBWgAATm7hhRaMbrIlJJDiNuY82abFMOw,Tosted Waffle,https://play-lh.googleusercontent.com/a-/AOh14Gg83ycabULrBsndLxeuSlGIx3ZSkNBMgxbv-o_c,Each book gets better.,5,2,1.0.1,2017-12-04 13:57:21,,
gp:AOqpTOFhe5jhlW4GaZD4ONWz3Y_wgy3VwNrihilgo93AG_oItNZPS4fERhKg_W9s3f1WAqclCk54xp6lFyFDOw,Mary Garcia,https://play-lh.googleusercontent.com/a-/AOh14Ggm1vwe__NIbQneKe-o_6JFFDcZZ9ijjrZv9E5i,"Another fantastic addition to the series, after playing the demo I thought I knew what to expect, but it really didn't prepare me for the rest of the game. Absolutely reccommended and absolutely worth the money, I already can't wait for Book 4!",5,0,1.0.0,2017-12-03 18:25:49,,
gp:AOqpTOHiON6VmBxdSLiAAfZ0ks9eXF-oAoCL4Kn7cQ_cCH0RN0YHa9oBDX35hyVKxQsZdq4VEH5JKyecQ6sk4w,Lea,https://play-lh.googleusercontent.com/a-/AOh14GhZkpiXmn9KmAsb4QEWa1ILdWYu8lOOdtKpZJBC5g,"An excellent and engaging third installment to the series, although I never have been a fan of the whole ""take away the MCs power for them to earn back while learning some valuable lesson"" trope. I understand why it's there, I just don't like it :&lt;. Otherwise, i love how we get some character development across the board; we get to murder some demons, we get to have friends murdered, and we get some more romance options. I like the ending a lot more than the ending of book 2, the arc rounded up nicely, and it feels less cliff hanger-y, while still giving us an idea of what's coming. Taking control away from the player and reading about the MC through the eyes of a different narrator was a gamble, but I think it worked, and would love to see more of that in the future(maybe with alignment flair?) I would have liked more Jun(ko) interaction, but I'm guessing that's been saved for the next book.",5,11,1.0.1,2017-12-03 14:15:44,,
gp:AOqpTOGUbTIybwo8vlYjWPgKzalRwFojA7luGPHY9DmNle3FGACh4IAyRQGdyb3ES-vF45ZfhBPBYPeWYRaj4w,Lone Wolf,https://play-lh.googleusercontent.com/a-/AOh14GhVakXroGLWXKHPiBGwn-CxyM95Apd5qZT6CZuZNw,This was worth both the time and price,5,0,1.0.0,2017-12-03 11:18:22,,
gp:AOqpTOHvOksCKUnFjHeV6kCtUtVF57CJJFUgRpRoxjC6-4d3WNclerSFII8WkP5iYqdqTQfb_5UtAraaq0OhVg,Jurudo,https://play-lh.googleusercontent.com/a-/AOh14Gh_onEkvcNbPt-OZr5Eh9kIWrH-vENjpiQ0Q66h1g,"I have been waiting for this for a while and i was not disappointed! The story pulled me in as always and the ending of book 3 had screaming, can't wait for book 4!",5,0,1.0.0,2017-12-02 22:27:59,,
gp:AOqpTOFv0mDyrFQqsuMESsQNGzNsqokI3fYzSK1Q0LIkXFWE90CyO37kLccj7EbfeTGEJCbgqgzMZ4UxdlFxbw,Jacob Bisby,https://play-lh.googleusercontent.com/-ELpzltMd28E/AAAAAAAAAAI/AAAAAAAAAAA/AMZuuckWl5eR138suvUV5SyzavbvxHH51w/photo.jpg,Love it all so far can't wait to play more in the future.,5,0,1.0.0,2017-12-02 16:54:07,,
gp:AOqpTOEzKqQRYEferw4_eiYdKPp-HzXEP66HP0GR7PE99ieHy_QK-cSPmwSCCOfCKDo-AOI-uPccmd--4OF17A,Daniel Sheffer,https://play-lh.googleusercontent.com/-kUAsWxfFP6Y/AAAAAAAAAAI/AAAAAAAAAAA/AMZuucl6HTPeq9d5mxY7QVyz02eNI6iZtw/photo.jpg,"The story was immersive but it was also confusing. It wasn't always clear what the game wanted from me, which forced me to restart multiple times. Also the ending was just terrible and extremely unsatisfying. I'm sad to have to give it only 3 stars, I didn't have a problem with the first 2 episodes. Hopefully they do better on the next one.",3,8,1.0.0,2017-12-02 14:48:16,,
gp:AOqpTOHOAcE5DZ2dtEbqIeQoja8N9-Zje-rsF2pWzBnPPGUcpYtJTU1I9VyB3hzUapnyoZiz0WjEXMG_SlirWQ,Rae,https://play-lh.googleusercontent.com/a-/AOh14GjaMl6v4PR86z1Y0s_d28mD63YXvx7stfe3q5fY4Q,YASSSSSSSSSS IM SOOO HAPPY ITS OUT!!!!!!,5,0,1.0.0,2017-12-02 07:42:47,,
gp:AOqpTOHn3rmiBXrZYS79tZMIuULWgplQYJfdduYfokN75vVdIFkM0Vm-CgSp3GHUmCRxsU7rrJ-SW7JBh80VCw,Asura 666,https://play-lh.googleusercontent.com/a-/AOh14GgOiEqm_nOrpWeG3eqq_c1LELarkZTaxfKt4sAp,Tooooo excited!!!,5,0,1.0.0,2017-12-02 00:34:05,,
gp:AOqpTOE-WnwGch_brMo0iy8LhtBI6_zUrItvEuq9gBGDqF_d9axF2c7rc4BtOsi3qlxoEpI0oNqn0M4tma-Rtw,Flaine1996,https://play-lh.googleusercontent.com/-1dg3Cg4VJOo/AAAAAAAAAAI/AAAAAAAAAAA/AMZuuckrj5kUgseMGMT5pT8WZApEpFlWqw/photo.jpg,amazing! Words cannot explain the awesomeness of this series! I really cnt wait for book 4!!!,5,0,1.0.0,2017-12-01 20:36:00,,
gp:AOqpTOFVPs9HK2NjeThpCMLK7OVa7vB5wXsD2o_KDcMuC4P31MRtwsHHTq01EGR3zdw9BOpz0J3RRk2iMxkqPg,Jineth,https://play-lh.googleusercontent.com/a-/AOh14GiTGvQ891tUTwYbZpEMhaSKzw8efIyzxvj-JPIF,Finally its out!,5,2,1.0.0,2017-12-01 11:54:43,,
