reviewId,userName,userImage,content,score,thumbsUpCount,reviewCreatedVersion,at,replyContent,repliedAt
gp:AOqpTOExco7WScwJW7tY7rqVbitg3vq8XKi9IXRZ_Vvg2_0v1ndlWb_tDWhQ0xv3JAnguQbHqpIsPbjdz3a7sg,Janet Mirembe,https://play-lh.googleusercontent.com/-uT1BHGYYoMI/AAAAAAAAAAI/AAAAAAAAAAA/AMZuucn0bIYWTnVHXnAiQVUw8u4BG4byVA/photo.jpg,Very challenging devotion. It has deepened my walk with God. Jesus has been my personal Saviour for decades but i have grown to be nearer to Him. The comments from others gives me the joy that we are all in the same boat where Jesus is. Praise be to God for this devotion. OC was a man of God indeed!! We can also get deep into the word so that God can speak to us directly. I really needed this App this year. God bless us all.,5,0,3.0.4,2020-12-09 21:56:43,"We thank you for your encouraging review, Janet. Blessings indeed.",2020-12-10 06:29:28
gp:AOqpTOG3F38VZdn2-SRD8pWQrvnbJN635rzgVt9v-4K8qQ9lc0WlHO9mNrqdoJgfyPDrj6OAOFeZAHWc6D2KhA,Dave Hartman,https://play-lh.googleusercontent.com/a-/AOh14GiwlJ9h5gvDt7W6y2KzjoUVKh3Fbd8rfUfhtnE-,I really like it but the settings dont set and it randomly sends stoppef working message.,4,0,3.0.4,2020-10-18 22:56:26,We thank you for your feedback and apologize for these intermittent errors Dave. We can refund if you'd like. Please contact mobilesupport@odb.org if you'd like to start the refund process.,2020-10-19 10:30:16
gp:AOqpTOH8sZ3IvN6PQ9BuYtedJDWLEfMSVkj37Soo9xnYorwTcoE2BxTm3nyWfVqpONsq2IdMRU9JoP6J6Q-mrg,Eric McClain,https://play-lh.googleusercontent.com/-A0qBCJX3QSM/AAAAAAAAAAI/AAAAAAAAAAA/AMZuucnSHw5Bs1tQDduAtEm7oK22JwZbSw/photo.jpg,"Unfortunately, the notification doesn't work.",2,0,3.0.4,2020-08-12 21:10:10,Hi Eric. We apologize that the notification feature isn't working. We'd be happy to process a refund if you'd like. To initiate that process please contact mobilesupport@odb.org.,2020-08-13 07:32:56
gp:AOqpTOHu61IyehnYohH9yx3hZdVrOjYl5ChDtlAd2jERnLCiaD4mjjkJWdn5gj7mrJOBLAeOHU_lb9I0IHNWiQ,Hannah Doloso,https://play-lh.googleusercontent.com/a-/AOh14GjL70FKYGl2vyKZ0cpJP_MWk3vBYdJI2bsjnvTogNs,I love it..,5,0,,2020-07-13 17:56:38,"Hi Hannah, we are really glad that you like our app. Your support and voice are very important to us.",2020-07-16 10:37:48
gp:AOqpTOFIw51UgL3p04sq1SBaFpdGUDDfBtSWp7h3YOsZQ9i03202rZrXx-4x9O_-JTIL39K6zGFfmKZDAfXg7g,Patricia Alamia,https://play-lh.googleusercontent.com/-7I6uCvS99fM/AAAAAAAAAAI/AAAAAAAAAAA/AMZuuckPRIInc-HacnA-r9nDugcTQi1pqA/photo.jpg,Beautiful inspirational quotations,5,0,3.0.4,2020-07-02 18:03:33,Thank you for the wonderful review Patricia Alamia!💚,2020-07-07 09:31:59
gp:AOqpTOH9NRRxkwTMZdX91U9big6n6t9U4I3pD4ufianScuZ8KNpQ4qs2BfFEbxf8e231hhCjWWHfzjl5AmkL_Q,Evelyn T,https://play-lh.googleusercontent.com/a-/AOh14GgGxw6z7xIMoF4GA_zdx3I2cpJeOZB-GYuupLVZwoQ,"Love this app, love Chamber",5,0,3.0.4,2020-06-20 20:25:39,"🙌🏻 Your review is a blessing to us, Evelyn. Thank you.",2020-06-22 08:56:02
gp:AOqpTOFgQhYURGYk3Q_5G712UxLkpjB9J-_IRJfSdK53TnldZNNymnB0wiV7vRj0i6l26ltIMjUiViVzWVVevA,C Pratt,https://play-lh.googleusercontent.com/-gRlGiiLs-6w/AAAAAAAAAAI/AAAAAAAAAAA/AMZuuckmIRpP6Vp_jW-kAdrSMDplvoNUiw/photo.jpg,"This devotional is my favorite. Oswald offers a deeper, more intellectual format that challenges one to walk closer with the Lord instead of many fluffy ""feel good"" devotions that don't call you to a higher knowledge of the word.",5,2,,2020-05-06 21:03:29,Thanks very much for your kind words C Pratt. 🙌🏻,2020-05-07 06:41:48
gp:AOqpTOEPnmpOeD8fHi0n3avNSA9NdSTnCMVU8shc7Q_Bo7FJMuFg1ggqL7xvha_uunZiGvVGRnmxMcVe41kg1Q,Zach Baughman,https://play-lh.googleusercontent.com/a-/AOh14Gh9MrTejF8CIEjRb7lg6LSUix6Ri87TQ5JvNuaVbdo,"App still needs work. Never get notifications I setup. Dark theme is pointless since it still has a bright blue bar at the top and bright white bar at the bottom. This defeats the purpose of a dark theme being easier on your eyes, especially early in the morning.",2,7,3.0.4,2020-04-22 07:45:47,"Thank you for your feedback Zach. We will pass your suggestions along to our development team.  If you'd like a refund we'd be happy to do that for you, please contact mobilesupport@odb.org to start that process.",2020-04-23 08:45:34
gp:AOqpTOG3KgObPkcbp9Ycc63rvFqRZ4HGh0xP073ohPUrQg7ozG0p2Z7kZsC15EhdyfnqOfQrGSgSyGK_MLGsUA,Eric Roachford,https://play-lh.googleusercontent.com/a-/AOh14GjschnuYaW1VjRottXy6LM-G_UjZVIhPZidjAryNg,Love convenience of app but for some reason I am no longer able to journal. This would really make app great.,4,5,3.0.4,2020-04-16 05:55:46,"On no Eric, we're sorry the journaling is no longer working for you . We will alert our development team to the issue. Have you tried removing and then re installing the app? That may solve the problem. Please also feel free to contact mobilesupport@odb.org for more help. They can issue a refund if you'd like that.",2020-04-16 07:27:00
gp:AOqpTOFMyXgt4nw0736oNx1mjuNAcAqcuMFzQUJGBy8YO6yUOcrgFNYslWgc6cStBxar12alRKNY2Tc4BrW2LA,Paul Brannon,https://play-lh.googleusercontent.com/a-/AOh14Gi-WktSis-UhJa5uMbJgTQ4zWC5GxCwOVEtlmePGQ,App is still glitchy even with latest update. It opens to a blank white page instead of the current day's devotional. I have to tap back arrow then reload. Very frustrating considering this is my favorite devotional app!,3,6,3.0.4,2019-12-11 06:57:45,We apologize for the continued frustration with the app. Through our team's newest assessment we have determined it will take a bit longer to fix.  Please know we are committed to fixing this valuable resource. You can also fee free to contact mobilesupport@odb.org for a full refund.,2019-12-11 08:01:01
gp:AOqpTOENaB_DxfRki1KkuVIZiKSIZgBab1whD9M6WACJYC3D4KKGZ9wCKmdRJL8PfN_LVlUYAea-JU_hR1OE7A,Mike Yap,https://play-lh.googleusercontent.com/a-/AOh14GifGAMy2em4575QEpnAK6t38aWJB48xLNEAkfMZNw,Absurd. I reset PW and still app says incorrect PW. Most frustrating! Same experience with the ODB app. Fix the bug please.,2,1,3.0.4,2019-11-20 04:26:30,We apologize for your frustration and are working on a fix. Please feel free to contact mobilesupport@odb.org for more help.They can also issue a refund if you'd like.,2019-11-22 10:18:22
gp:AOqpTOF4MVFP1u0RSm44581KdfLxSc3OFSZqziBMyXC60cv1q52og7Gmo-FXH0kw17eyqpk7xgq7ztvWdbwRJg,Daniel Newman,https://play-lh.googleusercontent.com/a-/AOh14GiUNTDZeSq-j-iUNBhHcyid4CAAyFKzoQNrFhCFkg,Would not complete registration or sign in Got a refund.,1,1,,2019-10-13 13:01:55,"Thank you for your feedback.  We are sorry that you had problems trying to register.  If you would like help on this issue, feel free to contact mobilesupport@odb.org.",2019-10-15 06:51:37
gp:AOqpTOGXQGm8o5KiEHazHO_VHCWTP_VvjTT3QeyIL5IX0ljvJFruxtfYvb-Xt5wSRI6SsTTjqAcYTCwEEvemnQ,A Google user,https://play-lh.googleusercontent.com/EGemoI2NTXmTsBVtJqk8jxF9rh8ApRWfsIMQSt2uE4OcpQqbFu7f7NbTK05lx80nuSijCz7sc3a277R67g,No longer searchable as in the past....used to be able to search keywords and view other days teachings..... What?....your response makes no sense....must be an auto response....my suggestion was to make it searchable as in the padt....,1,9,3.0.4,2019-09-22 13:50:58,Oh no! We apologize for the inconvenience. Please try removing and reinstalling the App. You may also try clearing your app cache Please feel free to contact mobilesupport@odb.org for additional help and/or a full refund.,2019-09-23 08:13:53
gp:AOqpTOG2ezdqvS6uGklxurYdFCW9DShGj-NKuAgjSqf0PVErEhlFPjbH72KV-IfdcQftv6ICwqkjGH3njpsA-Q,Corwin Oglesby,https://play-lh.googleusercontent.com/a-/AOh14Gj_nIPuEPRE4JqLlumI2yVX5i1Jj2oUZ6ColQaUiQ,often has loading issues on note 8 snd s10+.,1,2,3.0.2,2019-04-01 02:15:56,We're sorry to hear of your current experience Corwin. Please feel free to contact mobilesupport@odb.org and we can process a full refund for you.,2019-04-01 12:41:49
gp:AOqpTOF-NGr2dBFbHXfR_qAw1rvg96HPcN9GNEi3IOBNqIKvuVLeq0GBv8IW1DFJf8d3Uwq9QsfksKSNAV7OQQ,Alfredo Gonzalez,https://play-lh.googleusercontent.com/a-/AOh14GjiwV-Z0JB0l_jwYmffTS2AUTmFVQj8zpOLWSss6g,App keeps closing. I love this devotional but almost not worth it. Easier to just go online.,2,2,3.0.2,2019-03-26 05:01:23,"I apologize Alfredo. We would be happy to provide a full refund. Please email us at mobilesupport@odb.org and we can start that for you, no problem.",2019-03-28 05:49:23
gp:AOqpTOEH_gKF81u5efQRKaXW89gVwW5PwICgYSIcKx0tpHFPPAeP7_e_EcSm61phOPsq4VgqSDwCbbiWD-3RKg,Madeleine T,https://play-lh.googleusercontent.com/-dPNEVrVOSU0/AAAAAAAAAAI/AAAAAAAAAAA/AMZuucnWEN1JEzcYAz8Dl7KNsX6XrSG1AQ/photo.jpg,Thank you for fixing the app. It has been a part of my daily routine year after year and always gives insight.,5,2,3.0.2,2019-03-09 05:46:30,We are grateful for your review Madeline. God bless.,2019-03-11 10:44:48
gp:AOqpTOGqZcpXl3q3dUYQ6VGhGpDNTuMVoV9SsLNNVDpfG-UCpMovKcV5MYpsCIOPh1OdG6Os-xYC2EL029T4Mg,Russell Lowery,https://play-lh.googleusercontent.com/a-/AOh14GhN_y9Xe73MAyPMr0pCgx-wgCxAY4pxTkX0Bz0gbg,app does not work. crashes and will not open.,1,1,3.0.2,2019-03-04 05:18:11,We are very sorry for your experience Russell. There has been an update and we are working out the bugs as I type. We understand though if you'd like a refund. Please contact mobilesupport@odb.org if you would indeed like a refund.,2019-02-28 10:39:43
gp:AOqpTOFta-doXmFK_jm887w60U4g-c1kW8Lwg9HPmfvgH7plsGR0Lsy1soXEFhhiPGASA5neII5h3n650CaWgQ,Ken Kienzle,https://play-lh.googleusercontent.com/a-/AOh14GjEc8oRPMO8oakCQSd3mIdLtnLHqHz2KysTb7Fl8g,Finally fixed. I enjoy this app when i have a moment. It makes it easier to access Chambers' devotions rather than logging in through the browser. It also allows me to bookmark the devos i want to review. Now that it's working I would recommend.,4,15,3.0.2,2019-03-03 06:44:14,"Wonderful, so glad to hear you enjoy the app Ken! Thank you for your review. We hope it continues to be an encouragement to you! :)",2019-03-05 09:33:17
gp:AOqpTOGnnjHSZxwrjwukVrn-4cdQ8enexl2FOkeaYzXUVYxS40skSSGq23vsYW3NlylxbdVun41YX4AI-vfYNA,Eric Wynn,https://play-lh.googleusercontent.com/a-/AOh14Gg8uIX2V_zom7lCy4J2nWv7lgODcDLitljdzTUL,app wont open,1,0,3.0.2,2019-02-22 00:57:50,Oh no! We are working on a fix. It should be complete very soon.,2019-02-22 13:41:45
gp:AOqpTOEeeP8KqIgXfjc88wwUZebe15E-FJ0MkMfUDqIIo5cbJ8EwildNSCZz9n-W-HBRDJp5mGc_rxJp-9Hzrw,Lukas Güthler,https://play-lh.googleusercontent.com/a-/AOh14Gg0FcZmF_gvTQPOePlM8qwPMMAXjQhDtmEJphUN,It hurts to give this App a bad review! The devotions are beautiful but the App always crashes and is pretty much useless! Please Update it quickly because people spent good money on it!!!!,1,5,3.0.2,2019-02-21 15:56:12,"Yes Lukas, we are working hard on a fix and it should be complete soon. Please hang in there with us. If you would like a refund we'd be happy to process that for you. Please contact mobilesupport@odb.org to start the refund process.",2019-02-22 13:43:56
gp:AOqpTOFJtOnlyexw7LzE7d3yTdf8w9p2T5ZXyPGz_Up4iY_f78AnWL3DB4_493B_hVR8dW9Bkr6D7WQ2sAQXLw,Earlbert Abecia,https://play-lh.googleusercontent.com/a-/AOh14GgbvsqXJIPulC85ap3RYj5uUu3LFey9GcxITu6dpJY,The app is force closing. How you'll update it soon.,2,1,3.0.2,2019-02-20 17:58:18,"Yes Earlbert, we are working on a fix. If you'd rather a refund please feel free to contact mobilesupport@odb.org.",2019-02-22 13:46:14
gp:AOqpTOHtI1aqpaXxOPD8rt9mGa61UnEucLmRaA5dppkaYGxyknsJIYGXQr96gRNeY41BeydXJq587kye-T2ylg,David Needham,https://play-lh.googleusercontent.com/a-/AOh14GiIY28MLo6EEkFy8zEiud1XRx1TDRaw0iGbxODUQNE,"I'm on a Pixel running Android 9. First time installing, I create an account, and then nothing. The sections where text should be are blank. Then it crashes. I do a total restart, but the same thing happens. 🤷‍♂️ It doesn't seem to work.",1,5,,2019-02-14 19:08:58,We apologize for the issues David.  We'd be happy to give you a refund. Please contact us at mobilesupport@odb.org and we'll get that started for you.,2019-02-19 10:28:50
gp:AOqpTOEtVvp8MFCuIh6r1kBOqVNRhJo8jqGMEJA3YIUlWuvysPp_LpNlFcW96AEjnQncDxmOCgCZsHJN7qS0tQ,Gail Brosius,https://play-lh.googleusercontent.com/-ZsJLEYCW74Y/AAAAAAAAAAI/AAAAAAAAAAA/AMZuucnelvJ28QAmjY64E-OhUNN8XHGm0Q/photo.jpg,"readjusting my earlier review. I said the app would not work. I uninstalled and reinstalled it. It now works and I did not have to buy again. I'm very happy. I only gave it 3 stars cause I don't know how much I love it yet, I just know it works.",3,3,3.0.2,2019-02-09 12:00:32,We appreciate your feedback Gail. Thank you.,2019-02-19 10:27:35
gp:AOqpTOGcm4VCa2HYfNDTJB2WCjIUV0zQ7PEmUidKKM889DBj9sgQyYb4o64jBlFJ8fo6GcDpGVmRviFukMrT4A,John Tor Cabalog,https://play-lh.googleusercontent.com/a-/AOh14Gjc1qzR_zV7r7T_ZaUR4GOXu9gzXKREZV-JnhjTkQ,Very helpful and powerful devotions that leads me to have a deeper relationship with our LORD JESUS and our FATHER in HEAVEN.. Hallelujah 🙌🏼 🙏🏼! 😇,5,2,3.0.2,2019-01-21 20:28:46,,
gp:AOqpTOHNd8LZFHEs-qFnwzjCLGEjj0JriDPXp-I03wns5lfzWsnV2AvXf_EySyd5SpwdiTZhwqcy_y0L-eIzeg,Michael Herzinger,https://play-lh.googleusercontent.com/-ExxGIsaJOPU/AAAAAAAAAAI/AAAAAAAAAAA/AMZuuclpf99WrRjDAhCOaYMAXnHQOx9B2Q/photo.jpg,"i can't just read it and walk away. it makes you think and review and apply, if you are brave enough to.",5,3,3.0.2,2019-01-21 08:41:07,,
gp:AOqpTOEFyBp7RsMjSjINlrEt51KCYCQPnnu4HpcrbL2AkxjDx0vUjaIfe8OswU1X_QAjsoPYx-7qdMgMQyKXkQ,A Google user,https://play-lh.googleusercontent.com/EGemoI2NTXmTsBVtJqk8jxF9rh8ApRWfsIMQSt2uE4OcpQqbFu7f7NbTK05lx80nuSijCz7sc3a277R67g,Why did you take our money for a broken app? It's been months now and you don't say a word about it. Can you at least describe how to get a refund?,1,9,3.0.2,2019-01-17 09:07:55,We apologize for the frustration with the app.  Please email us at mobilesupport@odb.org and we can assist further with a refund.,2019-01-17 11:27:56
gp:AOqpTOHywhwsERDRmzUF1WlbDrf_9uEH9mmPKP2M-dIhRxGwg9GXaQmwKav9IrTwHkeaCacbms7eR60Ib9i6PQ,Budley,https://play-lh.googleusercontent.com/--kNbjqUh63M/AAAAAAAAAAI/AAAAAAAAAAA/AMZuuclPznOUzOHv-c-xkJOk_RnEUpKlWA/photo.jpg,"For content, My Utmost for His Highest gets 100+ stars. Unfortunately, the updated version of this app gets 2 stars. I abandoned it last year and went back to a ""pre-2017"" version that I found on the web, (the one with the green book icon). I still cannot login, but it is very stable and never crashes on my Pixel 3, Android 9. I use it everyday.",2,6,3.0.2,2019-01-17 03:04:23,We apologize for the frustration with the app.  Please email us at mobilesupport@odb.org and we can assist further.,2019-01-17 11:28:19
gp:AOqpTOHkCn2FKr9O2RUaDNjLXpsT1B3qGZ39UGRTTV0juS4jeqCtS351GP_NO014jXBOkHpPY_0gDTsTlekE-w,Charlene Cochran,https://play-lh.googleusercontent.com/-GbJp8PJzku0/AAAAAAAAAAI/AAAAAAAAAAA/AMZuucnImZ-K-3a2GnG3Dma0k0Mv63xaBQ/photo.jpg,"Has crashed ever since the last update. Can't use it all all, very disappointing!",1,3,3.0.2,2019-01-10 06:42:07,We apologize for the frustration with the app.  Please email us at mobilesupport@odb.org and we can assist further.,2019-01-17 11:28:29
gp:AOqpTOGPev_V_Ry36ySzo8ehArWJjEFUQn2jIiEdph3RsxAvEByB9-sA9Bu3lvvQEIbwZOQn7-FJ7kUpTwe00w,Brian Sabourin,https://play-lh.googleusercontent.com/a-/AOh14GgpA5vyEIvivkVQ0S6XydKiQOMRTD-I3Z_zRIEwIQ,"Oswald Chambers died at the age of 43, in his remarkable short lifetime, his life works led many to Jesus, who is the Christ. This app gives you the opportunity to understand the sovereignty and the righteous of our Lord. Simple and no discernment. Each day all year for a lifetime of Biblical wisdom.",5,14,3.0.2,2019-01-10 03:47:39,,
gp:AOqpTOHCYNV7o5DOqEa_sY_XOp8t-OXCZMaKlO-QZiYRoRYhP5BPX8coP1NWz9K_iUUsMLs70VI8ho4EDk6Uig,Randall Gray,https://play-lh.googleusercontent.com/-eTQBLw2O7hU/AAAAAAAAAAI/AAAAAAAAAAA/AMZuucljAjngCcGXMDinWdcmzx302y-qxg/photo.jpg,would not open kept failing,1,1,3.0.2,2019-01-08 15:44:05,We apologize for the frustration with the app.  Please email us at mobilesupport@odb.org and we can assist further.,2019-01-17 11:28:49
gp:AOqpTOGuAvpmo0auw2y9o0YmT2ua67X1bBEatbgJYnrZJgPuwZQKs_EyoRBHbDJwdOfv6dlnVueOngNvoIFI1w,Capt Randy Bregman,https://play-lh.googleusercontent.com/a-/AOh14Gj2TqJDn-kFQoRHL8hpzHn3utAA8oLNiHkXCWMsjJ8,Crashing,1,1,3.0.2,2019-01-08 06:36:10,We apologize for the frustration with the app.  Please email us at mobilesupport@odb.org and we can assist further.,2019-01-17 11:28:53
gp:AOqpTOE2sI7iQXqhbqBJxju-YQrtAWjx7oWu4z7rIkj4dFgNDT4lDAI6nMdciuziQx6v3QZOkDpAnMJiO0Ccdg,Barbara Shaffner,https://play-lh.googleusercontent.com/-mnIAas7sHOM/AAAAAAAAAAI/AAAAAAAAAAA/AMZuucmCGpw5MNNwJdaUWiM17g63xjseNw/photo.jpg,i purchased this app but it stopped working and wont open.,4,1,3.0.2,2019-01-04 08:16:59,We apologize for the frustration with the app.  Please email us at mobilesupport@odb.org and we can assist further with a refund.,2019-01-17 11:29:04
gp:AOqpTOFo1YPqcuBK2VeDOQvHirQYGEjHqGxhl9VqR_7l-xO1h2TSUWgFldz3oM-RQQPBJ2qIgKGh2gG_8MR-zQ,Darryl Johnson,https://play-lh.googleusercontent.com/a-/AOh14Gg9K1iFidB-8TEGcC0GePlPHzYqCRo_2nEPkemFF_U,"if you want to be a stronger disciple, this is one of the ways. I have been on this app for four years.",5,2,3.0.2,2018-12-19 05:07:18,,
gp:AOqpTOH8bzCybhxENOskGjuyr2NCvCtAvTKPeWdJzkJJc_u7uZpTEMoJCjUsYjUQWuWJn4hvfuapuFvQhEUG9w,Timotius Sangian,https://play-lh.googleusercontent.com/a-/AOh14GgHgraQ_HW3GTM3RQlTTqo6Zj7CLcMThwq-5HdsKA,The devotions are a blessing. Reading experience can be improved. When phone screen timeouts and I bring it back my reading always scrolls back to top. Please fix this.,3,3,3.0.2,2018-12-18 15:01:44,,
gp:AOqpTOEsqwlvGMX9iLhFDimjcbV_FB5cY_Zis3iDfBgFCwcXl3ELaXhMfgPRYDNNWthCnz0vFqbgs3Sbx5IBfA,John Barbour,https://play-lh.googleusercontent.com/-rFfF8GsG78M/AAAAAAAAAAI/AAAAAAAAAAA/AMZuucmSXHP60r7ylfHZMQZM3r8ezFOv-Q/photo.jpg,Does not work. Will not load on my phone.,1,3,3.0.2,2018-12-15 07:20:06,We apologize for the frustration with the app.  Please email us at mobilesupport@odb.org and we can assist further.,2019-01-17 11:29:18
gp:AOqpTOEpDkOz5xNnfF-0Z5O8mi4q3zImru2Iqw2gavmnsPcW2JlLr7OG2ERCrg8Ok6aDJprB4g4aC366YhD4Zg,Timothy Henry,https://play-lh.googleusercontent.com/a-/AOh14GiuxEF2LxSvCeL7aOKdqdHknBxgsson8KHjsdy6nbA,"Really love this app, but with recent update it now will not open and continues to crash. Thankfully I can find the daily devotional by using my mobile web browser, but it would be better if this bug could get fixed ASAP.",3,7,3.0.2,2018-12-10 23:43:30,We apologize for the frustration with the app.  Please email us at mobilesupport@odb.org and we can assist further.,2019-01-17 11:29:26
gp:AOqpTOH428wUzNMJ47xdB_MCrgn1zlPFOoScsw7s7XzV74wRipiA7ZpJHxpiZSfplo9TyxGKL7PMp0bw_SHQKg,CSoMusic,https://play-lh.googleusercontent.com/a-/AOh14GgEOBcKzwezHJ8vY223cEVVzPDuNA6uSpA2YStC,"JUST GO BACK TO THE OLD VERSION, NO ONE CARES ABOUT NEW FEATURES THAT DO NOT WORK. 3rd update, I used this app for years without a problem but now cannot use it any longer. It crashes every time I try to open it. I uninstall and reinstall the first time and it worked for a few days (at the expense of losing years worth of notes and bookmarks) Now it's just crashing every time I try to open it. I wouldn't call whatever they are doing an ""update"" it was perfect before and now it's worthless. Back to my old hardcover edition that never needs updates.",1,43,3.0.2,2018-12-08 06:52:38,We apologize for the frustration with the app.  Please email us at mobilesupport@odb.org and we can assist further.,2019-01-17 11:29:53
gp:AOqpTOENvukvW9Vw9sdlYnPDZAcX8UMg3UkPVEp0On1Y6iK86NdPhc4FJ6Q967UZbX5PH5xBUGz9cgOxBkwc-Q,A Google user,https://play-lh.googleusercontent.com/EGemoI2NTXmTsBVtJqk8jxF9rh8ApRWfsIMQSt2uE4OcpQqbFu7f7NbTK05lx80nuSijCz7sc3a277R67g,This app crashes each time I try and spend time with GOD. Please refund my purchase.,1,6,3.0.2,2018-12-06 05:53:32,We apologize for the frustration with the app.  Please email us at mobilesupport@odb.org and we can assist further with a refund.,2019-01-17 11:30:04
gp:AOqpTOEc-7Qb-ovpXIrTrORPMKkIs3zKkdQJhL21lhW63eJYQFx_WSAHLuc676FfsTKmy7DmuxOYNFBNhQOLaw,David Hartman,https://play-lh.googleusercontent.com/a-/AOh14GipzPo3_48HBVjPzGSqqZFqTXw2-diHifP33cRNeg,This is a part of my daily meditation. I just wish I could get it to stop crashing and to login to my account. Otherwise it rates a 5 in my opinion.,2,8,3.0.2,2018-12-05 16:07:48,We apologize for the frustration with the app.  Please email us at mobilesupport@odb.org and we can assist further.,2019-01-17 11:30:10
gp:AOqpTOE49Mu8EKVAZh7GjlYYJDuof3gL4tuQCI5bha3H0w1_AgDZLVmpsk-Ij3lgkcHl_pKc_x02JOMfZIaY2Q,Stefan Szabo,https://play-lh.googleusercontent.com/a-/AOh14GggZ5c2sUPwvL8FDzalzZfkQGNt17WZcDWwO41IgQ,After the update the app stops,1,5,3.0.2,2018-12-05 00:01:13,We apologize for the frustration with the app.  Please email us at mobilesupport@odb.org and we can assist further.,2019-01-17 11:30:14
gp:AOqpTOFD_a7piEEEAqFWuyTI8AZOeBtbAvBOig0TkC_CW-AOTUWwppAjL1dP3pwSR6M4KKFRIVSq-y9ecbFOuw,Barry Buechner,https://play-lh.googleusercontent.com/a-/AOh14GhlWYaDM3a0fKUSB1szlSpYIA9rkgHO3uixY_qzHQ,Great devotionals! Latest release fixed login issues and functionality with Android 9.0. Thanks!,5,16,3.0.2,2018-11-29 03:42:55,,
gp:AOqpTOF2lzVK8sqQmiAnqFGiGmFMQCNIB69hBvglZeHD6NO-cExZMSJ_T7huJii4EP_jDD7qK08gQW_aSJQrfg,Kehn Smith,https://play-lh.googleusercontent.com/a-/AOh14GgzBLtye3QUpXYCXf3M_jMT9xlktriIdH-PvKBo5w,Very best of the very best. Awesome.,5,1,3.0.2,2018-11-28 20:50:15,,
gp:AOqpTOG0HQM5UCliatglRfFitrvsGuB0TpvmH7IINLWRsonnIGXpa56IlCIzu3CsAsMJCqMOoFQYIMa84xQKbQ,Dinesh Kanna,https://play-lh.googleusercontent.com/a-/AOh14GiSTeclen4nzpD-n85vjcqeaNzj5aF7kXV6ejxJ,"About app: I am going to uninstall this app. With current updates, this app is crashing often and not able to open devotional. Its of new use. Please revert to old mode that's better very easy to navigate also. This new updated app is not at all good. Please look into this and change it. Let me know once done I will install it. I can suggest to anyone this devotional book which is really encouraging with both classic and updated editions of ""My utmost for His highest"". In moments of disappointments or setbacks, i can do meditation of this devotional so that i can maintain very good relationship with God.",1,6,3.0.1,2018-11-26 07:56:48,We apologize for the frustration with the app.  Please email us at mobilesupport@odb.org and we can assist further.,2019-01-17 11:30:32
gp:AOqpTOHGpb0TRy3hA9eiwZBjwkAUl5pQdqV-slqWoTR5QK5Nn8IWtCwYqmwoE4OiJKW-5frc_r8StxDsG_i0rg,Paul Phillips,https://play-lh.googleusercontent.com/a-/AOh14Gjo81mUzFB-wOLQYwtG6Ube17N04zS-roSx9JLg,"When I try to set up it says ""unable to login"" and when I try to login as guest nothing opens, unusable on my galaxy s9!",1,5,3.0.1,2018-11-22 06:18:31,,
gp:AOqpTOFrH8aD94BMwDKbmHrt4uQxblSsLmc731MzRk5eEME0XR_lo2RHH92vlqnvuicQov2WDnFMfBu2cLxDPA,Michael Mah,https://play-lh.googleusercontent.com/a-/AOh14GhgUrIVpJYYc1Xp1OqbLZVeObhC8GRvsjoLrofafQ,Cannot use. Always stop.,1,4,3.0.1,2018-11-12 20:12:21,,
gp:AOqpTOETtVkIpqYOVTd2SpXJuTajpAk-7irPAWBsXXWfujg2nfpE0fRQSQo_JkD4PdX_qZnKn-P-DenarrqsKQ,Marcus Jackson,https://play-lh.googleusercontent.com/a-/AOh14Giyi9ctV_aI3ujw2i6AWJDNDLofBfOhdwgj1lkjjg,Love this app! Recently it stopped loading! I'm so bummed out about this!,4,2,3.0.1,2018-11-08 11:00:58,,
gp:AOqpTOF8TxNp4nT6gJ-amZUjUU1SL3GIFJZT8L84fITp3nRaKoUdOtSR1NumZtssg6pQgTzKEs8olgKA35YMLg,Oeland Camp,https://play-lh.googleusercontent.com/a-/AOh14GhbkAzmgOpb0ml6ibR7kt2QtDnZWLOi9fEPFmc-Dg,Great layout of graphics and menus.,5,0,3.0.1,2018-07-01 04:58:56,,
gp:AOqpTOGSI3OPAO6giwAXNH1UZuFqjZQ-byzrHh6ibEkL6ruMCkSUghlad552f8Ut6wYEWGmkJbfIQONYjD0Mhg,Tom Richards,https://play-lh.googleusercontent.com/a-/AOh14Gj6VPZsAKVV5BltljeO4IsBRjzzpFxpsEZHMaV0nA,"Been reading since the summer of 1972. If you are afraid of conviction and 
the unbridled Truth of The Word - avoid this daily regimen.",5,3,3.0.1,2018-06-18 09:53:46,,
gp:AOqpTOEAkOfO9DXfVNyn-lBNyfcrKmIlRv2gOiHF_nu4kJpuXyLtn_1WT0neg4NwI1-Tq2EYF1JdiV9AE3BAJg,Ruth Park,https://play-lh.googleusercontent.com/a-/AOh14GjLQjG2HXO-Z1a5BaMItJ0jAzWT6MsGJlOXk0alGOw,"I created an account but cannot login on the app. I've tried resetting my 
password but it still doesn't let me login. Please help!",2,4,3.0.1,2018-05-24 23:18:45,,
gp:AOqpTOFOv3IsuijbLhfaED-4fuJAu54uAy_7UEnnC9PzcM_D6GdAcIwIIuwDxEkuzUGjO5weqqVijbvaSHIlDA,K Selbon,https://play-lh.googleusercontent.com/-MxUUmr6uAUU/AAAAAAAAAAI/AAAAAAAAAAA/AMZuuclaEWwsd3NQ6lf39VrcDu_DiaFDRw/photo.jpg,"Just stopped working. I keep getting a black screen and a banner that says ""Unfortunately my utmost stopped working""",2,0,,2018-03-05 20:05:50,,
gp:AOqpTOEpJywDVMhZ-Z87cazzmHr1kXVYuqGAfbx6zmhSNYDwcCilt8mif4vGssqvBIYpaJgKfbQrS-bBo1Fmcw,Debra Little,https://play-lh.googleusercontent.com/a-/AOh14GhH5T1bzlkC_R0Vzh7t9ng3BtcYT1mC3DE6OUSZ5IA,The swipe for today's wisdom doesn't work.,5,5,3.0.1,2018-02-09 10:18:35,,
gp:AOqpTOHN1saa-dLxQVcqD0UjQQd6IG4n4Nt4_Q0DjXgiUfLUPwvEWjcQq1tqEQB7mZuY4_tTWN-Tt_76wsB6TA,Thaddaeus Johnson,https://play-lh.googleusercontent.com/a-/AOh14Gj4lVBnCqAthEmCnxfoNB7fAJF5Ur4FVP0YrejMrA,No real opinion on the overall changes except that then graphic at the top is distracting. Would be nice to be able turn it off.,4,3,3.0.1,2018-02-04 09:55:56,,
gp:AOqpTOFoqxnpNlmnHGqRrO7z18Sh8YE8W_seImGlN0l76mY5z6OFsL2cf-e5obytB-lyVZPjQ_03wR0aqmx8pQ,Chinonyerem C. Okoro,https://play-lh.googleusercontent.com/-aNRCEXQePDM/AAAAAAAAAAI/AAAAAAAAAAA/AMZuucmpPjXy4Sknb1ZbjGZDT4BSkQC-qA/photo.jpg,Good and recmendable for spiritual food for your soul,5,7,3.0.1,2018-01-30 06:56:35,,
gp:AOqpTOHNZxXMUbj5Xp3_xoqeUadOOom_DpYohMbqS9YWiqxfGgYrUVOTb6BIHvd2puvEwsVgqfwnD6BtnAGW1A,Susan Burck,https://play-lh.googleusercontent.com/-9nvkZOEA8uM/AAAAAAAAAAI/AAAAAAAAAAA/AMZuucniJBSnAAZvKvhcuBgvKL_FM7Wr2g/photo.jpg,Liked the old version I had before .Can i get it back? I want what i paid for!!!!Did not need updated!!!! Fix it please,2,0,,2017-10-19 00:46:56,,
gp:AOqpTOFQTCJf_cZLUrkc4Tw0MMwLIHmQonXNEzsx6M5iyvShyedO8uNpD8RiFI4NY_VNVUjBVYZkuO4AiLd6dg,Milton Junior,https://play-lh.googleusercontent.com/-xMG_IjX5Tjg/AAAAAAAAAAI/AAAAAAAAAAA/AMZuucnBPeGDkSen4rVX78Q2GODmrJidKA/photo.jpg,I want my old version  back NOW! This new mess don't  work... Got to go get my hard copy . .. Why did you do this?,1,2,3.0,2017-10-11 21:02:51,,
gp:AOqpTOEzp_FfH-51q8zZdBJi5MjRLgRIKj9JPFm5qvmlv5J7XS-AVqTsJ222gyNJ6Ud3_GFhg2Cfrjy_jPeOjw,Karen Ford,https://play-lh.googleusercontent.com/a-/AOh14GhY7KJXt4r1Xj85H6kJdRIrETH3_2VDqXiNX4DurrI,Please fix the app!  I have sent multiple messages.  The app will not open since the new update.  This is so frustrating.  I have depended on this devotional book for years and I miss reading it.  Please communicate with the app users and let us know what I going on.  I see many reviews reporting the same problem.,1,11,3.0,2017-10-10 05:57:31,,
gp:AOqpTOEwIm1mmETL4yk8RXeX3UGaYWzK_ZyHU9v03iUgI2xUsLPxs6uX6bNZzaVcfq99YXfa_VjcdLO0BYVPuA,Daniel WP,https://play-lh.googleusercontent.com/a-/AOh14GhW7SmfNJ3cAjabxn2d84kGgKBdS5I4Vp4W7u19,"The changing to classic interface doesn't work. I changed to classic, press Done, nothing happens",3,2,3.0,2017-10-01 21:44:18,,
gp:AOqpTOEbLmbC_Yhvli-coxJAzkzJ34cHa0yOo9MsxSNoTdbVMRptAXXLB9NYRJVPGzDhK_2yhJG6SvTjCq4SKA,Bryan Johnson,https://play-lh.googleusercontent.com/-VRSn8n6iag8/AAAAAAAAAAI/AAAAAAAAAAA/AMZuucmaRY-Q9bMvmCR5ir9z10f4y4qhhw/photo.jpg,"I really enjoyed the old version, but the new update is completely non-functional on my phone (samsung galaxy s7 edge). It will start but it does not respond to any button presses except the settings menu, and the daily devotionals do not display at all. It will crash every time I try to use it. I paid for this app (old version) and I'm very disappointed that it is now unusable. Please fix it ASAP or restore the old version!!!",3,9,3.0,2017-09-27 12:42:51,,
gp:AOqpTOEXBBPxm9X2_0KJFxWrLr5QEo-d-vyJyUrNo48jXJXNGhg_PySYIBXGloHZZYOt1DCMQSut78fzeoVVMQ,Carol Payne,https://play-lh.googleusercontent.com/a-/AOh14GjlPaz97vRU1mYi218LC51JRCoETi3y4x7OKPgj6w,Lost journal in update. And parts of it crashed.,3,3,3.0,2017-09-20 13:40:15,,
gp:AOqpTOEJxMct8z-8E38YOX0jj2lVluvGFA-kBescIGZfKWJ0wsbEUz-PXgNFgIFRhp1BH1AqmlRytXTCi28HgA,Carol Richards,https://play-lh.googleusercontent.com/a-/AOh14GhN9riDTmvawNIXAkR4GpQEiVE9h3-88cCLiA0Ar1Y,"I have used this app for several years and have enjoyed it very much. However with this update, access to my bookmarks and journal notes has disappeared, even though I am signed in. Is there some way to retrieve them????",3,9,3.0,2017-09-19 20:23:51,,
gp:AOqpTOFto7Hogopg-f395ziousW6FA0w_nNDuoLvncWdyr-G0pCGggkBDJ8t0-DhpjEWAnRtWjIT_E82-Hcxzg,A Google user,https://play-lh.googleusercontent.com/EGemoI2NTXmTsBVtJqk8jxF9rh8ApRWfsIMQSt2uE4OcpQqbFu7f7NbTK05lx80nuSijCz7sc3a277R67g,"Seems like a nice new update, but it's crashing like nobody's business. Can't even view today's post or load the app sometimes. Running a Google pixel on Oreo.",1,6,3.0,2017-09-19 12:58:03,,
gp:AOqpTOHLYCfoKU6MoN5-BusA8EtV33bzJOhZBBVMA87uy6TPiGomKfiilCYkLCv8WGxUYcxE_KCnu3L7N9mrBQ,Chai Kian Hee,https://play-lh.googleusercontent.com/a-/AOh14GiwVIYglIyc3YjpF7p-xuRLBWzgx-E0bjIFvE3xa0Q,Finally an update!,5,0,3.0,2017-09-19 06:19:17,,
gp:AOqpTOHzBwGxcen1XQOUw7Cd-s5p2_DDP1PIx-lT4N_x2D17rtroSVGMnvs7EDyv6NsoA5JJOAS7ixV5vi_9Dg,NWA Inspired Renovations,https://play-lh.googleusercontent.com/--EPmsYBTB-o/AAAAAAAAAAI/AAAAAAAAAAA/AMZuucl4sAPh-UubOjuGZPFueVaiParUWA/photo.jpg,Simple and insightful Truths !,5,0,2.1,2017-08-29 17:21:08,,
gp:AOqpTOF9Qet7i_-FifNq_B5V8TMVqFnrwETC-2kAv0z5dr3CXU3tKQqrw73gOtJOzndfFGa371CEvz3G_OUHYQ,Dhianushka Kurukulasuriya,https://play-lh.googleusercontent.com/-EXWBNxyH7hg/AAAAAAAAAAI/AAAAAAAAAAA/AMZuuckm01MIGwxsfN_tWtXJMip8a4Nm9w/photo.jpg,Great App... Every Christian who wants a deeper relationship with God should download this app. Well done RBC!,5,0,2.1,2017-06-04 10:30:22,,
gp:AOqpTOGWkBefQyUCfpGjcRP-RdHxcZZfBwB_58qUOcOw_pKdNi8BTHUKL7XwCq7Oyz-wcmAbbqc_ft-mxNQxZA,Jack Hope,https://play-lh.googleusercontent.com/-f5Y3KkYLj50/AAAAAAAAAAI/AAAAAAAAAAA/AMZuucnxKpldF2PhbyelxPV8_Wsbku3s6g/photo.jpg,Cannot log in our create an account. And need options to highlight and be able see all bookmarks and highlights in one menu. But it's basically a ebook.  Outside of that is a great source for insight on God and His Word.,3,0,2.1,2017-02-20 12:29:05,,
gp:AOqpTOFpFaFt5gzZdJqThzMPeY_4d3CfJ1ut1rstrRr6XFhKclc0K2ubv31glme_MUZ7T5kmBkr3W35L5Qev9g,Steve Schaefer,https://play-lh.googleusercontent.com/a-/AOh14Ggclx8JwQce9uVuYrF_34TjJO5f6Wsj5KRYUivfpg,"I loved this devotional so much in a paperback that I decided to get the app too.  The app used to freeze when scrolling, but it's so good to see that they fix that with the updated version. Highly recommended for everyone.",5,8,2.1,2016-12-06 06:59:31,,
gp:AOqpTOFmub_IcpWZOrwoFTnZkMFjh1bj7NS8_c7ju0t2ML3MeM7MFu4nC4KOt0U0hYdkbYduzJciB7fC6-gkhg,Bob McPherson,https://play-lh.googleusercontent.com/a-/AOh14GhWVITh2DcYtRkBAbikPWmDA_KPCvC5j8O0FdoQ9g,Keep balanced in a topsy-turvy world.,5,0,2.1,2016-11-30 10:17:05,,
gp:AOqpTOH7-pLZQHV8jHKqqPWTtfgjfzCmmDCfQM8w5CBsVIDprc_10adsgFVp0UctMLWBKp8VlgantUtf9-WwUQ,Martin H Sell,https://play-lh.googleusercontent.com/-iMsZh0xIJ80/AAAAAAAAAAI/AAAAAAAABBw/AMZuuckxW-WUpVgtErEa89fMkfER5kNwaw/photo.jpg,My daily devotional,5,0,2.1,2016-11-30 06:23:06,,
gp:AOqpTOEfzvz6yifncaHcMK-cohQf9cQjWlfsGJmXchdGNZ9gKy8JcziF3xQWI3L0t3gk9Q6901m2ZlN45HpTFg,Dawn Field,https://play-lh.googleusercontent.com/a-/AOh14GiuqrEAMEv2HNNMgfJsja158_6fQdMbjfhQbrOVMoY,When you try to share your own post shares but no link or text from the devotional shares through. Might as well not have the option if it doesn't work.,3,0,2.1,2016-11-16 07:54:16,,
gp:AOqpTOGDOMbOtlxVfrehOQVrOdYnQn_KZae0GH1ND_aBLKIOKSjFWm97mU2ZDgEngQXrJmA56dBT0zD_x7hPqA,Marvette Woolard,https://play-lh.googleusercontent.com/-m-TIIRDr5xY/AAAAAAAAAAI/AAAAAAAAAAA/AMZuucnsP8cgLH6rUb4iOADIg9WfJ-RsnQ/photo.jpg,I read everyday,5,0,2.1,2016-09-24 04:44:57,,
gp:AOqpTOEFe-gdlUlOQDvelgkEk8aHYSMYjWkh3ePjEZ4VEA8dOFhqSm_bFkZWr1E00t9Cfi3stXPMyZNy7P6JkQ,Kellie Buchanan,https://play-lh.googleusercontent.com/-arfSOCyhwis/AAAAAAAAAAI/AAAAAAAAAAA/AMZuucnlD6B27v-Pnm6VDAYOoxynv2qX4Q/photo.jpg,The mobile friendly website is much nicer and you can share in more ways!  I regret paying for it.  I was generous giving 2 stars for content which i have in a wonderful leather bound edition and the mobile friendly website.,2,0,2.1,2016-08-13 08:11:30,,
gp:AOqpTOEHwc8dPNSJOI5GKClidSsmtA_woXSW5kFc1_dhvX9Ew2ScpBtPm3iIr7ZdxEznn5ACtG88Y0IT-nbTnA,Joyce Rausnitz,https://play-lh.googleusercontent.com/a-/AOh14Gj9UwZG92o1pd6xBbBoJ49apxQ_P72oK5iI5_wDjA,"Understanding and guidance for living a truly meaningful, satisfying life.",5,0,2.1,2016-08-11 13:31:40,,
gp:AOqpTOEz4s_sPU4IsN197D_AsODvyc1D6MqAIR8ZUI-kKyjhuRx_9cYKFUCp2sWYaDj2eG-KijruE00kvwoM3A,Reade Holtslander,https://play-lh.googleusercontent.com/a-/AOh14GjmpYwQ8w5oS5JOqDjVP8S4d3wg8hgeq_O5XCJMcw,"I like the new translation used in the app and like the text the app is based on but it doesn't have the correct date for some reason. When I open it or click on ""today"" it opens tomorrow's date. I don't know what it's ""looking"" at to choose tomorrow's date but it's not accessing my phone's date apparently.",3,0,2.1,2016-07-21 19:42:16,,
gp:AOqpTOEAas0k6v01zI8WS6I6MUchSE3OhXxRQ4Ui3wd-jTqARQkGG1kqm2mVESQnpNZbzSBpEMheWTKc9pEzaA,Bill Cox,https://play-lh.googleusercontent.com/-42jSzEmWqrc/AAAAAAAAAAI/AAAAAAAAAAA/AMZuucmrNc82GQZLQmzHNVdPRtsmtZRGTw/photo.jpg,"I love the devotions but now am unable to login or share on my Galaxy 7, on my old Note 3 it worked perfectly.  Is it compatible with Android Marshmallow?",3,0,2.1,2016-05-29 04:45:53,,
gp:AOqpTOHW3VddYMPRor8mA2gxWIRNhm_vK5rNX-eb8rxjaFncw39-_glbQfVyUfhIdYcgoHcRWtE8xghkKTi3tg,David Fisk,https://play-lh.googleusercontent.com/a-/AOh14GjNRxHp6BcjE2haM3ZFRn0tccDzLvM4QbNylCNW,"My Utmost For His Highest, Oswald Chambers has helped change my life. I've read it for years. This app however it's frustrating because I can never login I can never register again",5,4,2.1,2016-04-10 06:11:17,,
gp:AOqpTOGQSF-iKew0_gf3fZVvG3SfN2dCDi3bNmPaYpXaZrntZrXRm4qUquAEsle8G07hfKwDnwSZ5VSS-0XamA,William Ciocco,https://play-lh.googleusercontent.com/a-/AOh14GhFDWYNdldBmTGtubBAR7xCRAIm9XwqelPpYX_-AQ,"This is an eBook, not an app and it has issues. The material is great. I enjoy the book and have the hard copy. I thought it would be nice to have an app that I could use for devotions when I am on the go. This kind of works. It is easy to use and the fonts and sizes are easy to change. /// The first issue for me is is that it only loads to my phone's memory and won't load to the SD Card. The app also lacks several features that would make it more of an app than just a book. I like to send quotes to Twitter and Facebook followers. Kindle does a nice job with that. This app doesn't have that feature. Highlighting would also be nice; as would the ability to set a daily reminder/alarm to help those who are trying to start a habit of devotions. /// It's a nice looking app,but for 4.99, I would suggest people pass and look for a used hard copy of the book, get a Kindle edition, use the website on their browser, or find a free devotion on the Bible app that will give a reminder to keep up.",3,10,2.1,2016-03-17 11:42:50,,
gp:AOqpTOEczSfyBs9QJNtQtz3aqEElGgJC0FPERpi0fXv3u-Ztrq3lD84LMBj8EzJf8Uvp-AlC7sTs9AKeEmlPxA,Darrell Thrasher,https://play-lh.googleusercontent.com/a-/AOh14GgeqP6ZGn5wiuNXlooDVSCSdZZ10WWxiL3jZrXQzQ,"For a ""PAID"" app I expect to get my money's worth. While the content is great,  it is terrible that the supposed ""features"" of the app do not work on my smart phone. It won't even let me sign in. I've been trying for several months now.  Please fix this, or refund people's money, otherwise, This is a rip-off and constitutes a fraud!!!",2,2,2.1,2016-01-26 08:42:39,,
gp:AOqpTOHvktUGMNeZK_UvuQHkzQM2_Go4J5MBHKbCqcxLyC9EK0HVByOqVQAyxzp0TcdwFzQdzybFy9GIxRSogA,David Jones,https://play-lh.googleusercontent.com/a-/AOh14GgTG77S_Pdj4t9zyAQNg96PLaSrzZRqLSdvP8AdqWk,Devotion,5,0,2.1,2016-01-22 02:44:03,,
gp:AOqpTOHhsJ70ifliFltXVh5V8vnsPphPDnZhBSXTcElj3Xi1RwMMpx5Ecyz5VNNjxQRQYcnWN55Mc1waAr1Nhg,BullCity NDN,https://play-lh.googleusercontent.com/a-/AOh14Ggx2ipWZE6Wa8gWb7f3pVxia3kJ6DmbeicSV72_USM,My only complaint is I can't log in with the mobile app... Willing to change to 5 stars once this item is fixed.,3,2,2.1,2016-01-05 20:03:57,,
gp:AOqpTOHHmKeH-aJU2xa9YToFYzDf-pghzNhH7UAdTP8KbaMu6d9JTCgbf7w1nJg2vZn63BQq1zokD1lokqP2pg,Beth Anne Linton,https://play-lh.googleusercontent.com/-T5e2tkcvUDE/AAAAAAAAAAI/AAAAAAAAAAA/AMZuucm-vrnr5ji_5CVmFtP3Tj83F3RuBw/photo.jpg,Can't download it  :(,2,0,2.1,2015-12-31 06:44:28,,
gp:AOqpTOFUj2faZlJ3-BvFce5KIdmEmvN0vtfgChQlzEDB7aSl6-A4uA9ThMegfCqW8SfH0AwrgKHH1-Evjfsy_g,Brittany Loftin,https://play-lh.googleusercontent.com/-S3os_YxtKz0/AAAAAAAAAAI/AAAAAAAAAAA/AMZuucnJ9Mqu1qODa2fwoBwp6Rjs43DPWg/photo.jpg,Very useful and convenient tool to help with growing in relationship with the Lord.,5,0,2.1,2015-12-29 07:25:24,,
gp:AOqpTOGg7bUwy3zg7qh2DhX-bvnW-PiRrsLCoPBnnl_zF5_-MkfdWzhpofZSfO9cLpofEUH1ut6C_6k3pbX76Q,kent yunker,https://play-lh.googleusercontent.com/-t3eetYmPZ1g/AAAAAAAAAAI/AAAAAAAAAAA/AMZuuckWmlurFHhuiWWLZfLsqwegtDj1Ug/photo.jpg,Solid meat for a growing Christian!,5,0,2.1,2015-12-25 02:56:40,,
gp:AOqpTOGBTNsQezX5fA4wna45eS9b_jJx-RdKt3evQLki4WgXF3bvD2NuDuoCpKdcIHU32oDxGWVo3SoIqfKd5Q,Kim Smith,https://play-lh.googleusercontent.com/a-/AOh14GjCu0c_izlN-2yuik_dNZ6Yiysi8KOzIpkv4N3jJw,"Love app as part of my daily devotional, but update will not let me share any longer. :/",3,1,2.1,2015-11-16 04:22:32,,
gp:AOqpTOHe6_ehOOlGcdkd7CNvte2ahvbzJ2rkl26vqJle93MA9er7Fsq4LqDrdZu8JB6M1F4Aw9JHursC3-eDmQ,Bob Warner,https://play-lh.googleusercontent.com/-K8EUxUn1mvI/AAAAAAAAAAI/AAAAAAAAAAA/AMZuucnwx5LehYulgKNEDlgvqVdpvu2gHQ/photo.jpg,Awesome words from a truely Godly man,5,0,2.1,2015-10-11 12:53:44,,
gp:AOqpTOEkyiX_DdbUOVnKlI1hYaTG601YPUKnJxSpyCcz9oRBAiAAaclxaqBsFTdYN47BEuv2DcsDPSV4ZBvTSg,Marie S.,https://play-lh.googleusercontent.com/a-/AOh14Gix1tnlnlrFmB5UslKbTl2md9VoiXQW7V2-5acL4w,"I have the book and the website. If this was an 'APP' it'd remind me to read it everyday. It doesnt. It's not an app, it's an ebook! I want my money back but they only give refunds for 15 mins?! Majorly disappointed by a book I've LOVED for YEARS. Plus I can't click anything but today so it's less useful than even the web/book versions. Wish I could give it a 0!! I WANT MY MONEY BACK!!",1,17,2.1,2015-09-17 22:01:08,,
gp:AOqpTOGTpQnvXQ-hwXEePdnm9NOoA0Gh5ih3M-cgUkwRHqtboi7AKseFCv77vAWnsXD30VM1xb305B1_mLFshA,dorothy simmons,https://play-lh.googleusercontent.com/-Xcg9jkVU5ZU/AAAAAAAAAAI/AAAAAAAAAAA/AMZuuckyNLFzP61VIzCrr7PPTZczVm0jtg/photo.jpg,Can't post on fb,3,0,2.1,2015-09-15 05:01:37,,
gp:AOqpTOE20lpvFKjdW7lwx5RfqNl_ZFpxYP6Rk75BqQW5rtH1hL6BKCfLyEfG6MqlxpKvKWp6THaJi-sc0-EsAg,Alan Houghton,https://play-lh.googleusercontent.com/-Z1ESajmzIxU/AAAAAAAAAAI/AAAAAAAAAAA/AMZuuckIFkBm2_mMS31yhVTEchc4HL1xBg/photo.jpg,"For a paid app,  pretty poor.  Love the readings, but can't see any menu items, and can't register.  Please fix!",2,2,2.1,2015-08-21 20:22:06,,
gp:AOqpTOFT-i-ZgQ9mO7SVFm3qNqt8FncXjj7D6FOGkdNU5aVgKHrVzEW5PIHP-zMvUZBh_TRKoT8ieAwpToJ9RQ,KathyJo King,https://play-lh.googleusercontent.com/a-/AOh14GietyfjCag_sBTB6fM1m1roC1OpmZnmGo-BX_Nptg,Love this addition to my devotions. Disappointed the registration will not work! May be of no use...anyway,5,1,2.1,2015-08-12 16:34:39,,
gp:AOqpTOFfY9m6hRHRv8Kz5JD_bvB8Vye2AtoTT03OU5KgfhGw5tXdTn-LpmcTTd0W7UFTCVXHK2NSdW8ssf2iEg,Nathan Sturre,https://play-lh.googleusercontent.com/a-/AOh14GhMYnN3mr36MC1RvmMc7p-_b6rNQuOmZ9hOQISw-Q,I love my utmost. It helps me daily. I can't get it to register me. I can't sign on/up. This app costs $. Registration and signing on should be easy and supported.,5,1,2.1,2015-08-01 04:30:52,,
gp:AOqpTOEaKjyOoGNvGPmpb1ZE2b6NGvXWcMcenQmDaD55yNJEBEP28F4YCEPdqumSNoHC8pZBV88i-CphPXq6KA,Nancy Braddee,https://play-lh.googleusercontent.com/-6E4AG6MPqRA/AAAAAAAAAAI/AAAAAAAAAAA/AMZuucmxouc5lvpl_oOIZVctv3NpJDwgNg/photo.jpg,Devotional.....powerful !!,5,0,2.1,2015-06-20 03:50:24,,
gp:AOqpTOF9TA7I1qpRfiDBXlVa9qKLwUejODSrNnV-3qnIjiZdV9HPu0Yj2I-F8PrmVwJq0ohkb_02qmp6XXH0MA,Bill crabtree,https://play-lh.googleusercontent.com/-vuDkqakHgtM/AAAAAAAAAAI/AAAAAAAAAAA/AMZuucmOGNVWenVdrZf4v7avbkoIxqMbhw/photo.jpg,Pastor,5,0,2.1,2015-06-09 06:00:34,,
gp:AOqpTOHZfqz6e9DK69Xxt3G8p-2DHPLRt5_uxr8att5mwzhKK85ctDNnj2mplE2exuBckPcYA0FLoLIw-VS5WA,Carl Hanback,https://play-lh.googleusercontent.com/a-/AOh14Gh8g51lFyp9lijbkjS8SGiBCX0MWQzvmVtZ4YBFjnE,The daily Devotionals help me start my day getting closer to GOD! 😀 THANKS!,5,0,2.1,2015-06-03 03:32:38,,
gp:AOqpTOHA84auhN64GvzwDVOAVTUntEfgt0w9dHBUTuqXKMX4D8T6bXl0XEV9WOXOa0yfiLn_7If6D9UQNnayHQ,Susan Parker,https://play-lh.googleusercontent.com/-kYwdHOyY9XQ/AAAAAAAAAAI/AAAAAAAAAAA/AMZuucmAATrJSpM5PaJMf9TQN0f-x_1kOQ/photo.jpg,I love my utmost for my highest.  Very insperationational!,5,0,2.1,2015-05-26 13:43:16,,
gp:AOqpTOGCNCt0WPszpCKY2vs6hcFes09YueYoewH-PKqDUE9Wzp63x4mq0VCL8vQ8ZPCy_pqHoyfc2fJs3AP3dg,Greg Morales,https://play-lh.googleusercontent.com/a-/AOh14GjQN6EmOIG9T6mSkq78KyttAWGDGPah6PwYdixUDw,Timeless!,5,0,2.1,2015-05-05 15:10:28,,
gp:AOqpTOEid3OxCWM32gypxKoNX60ZsDwqx4ozi0HiM3fKjw4hEyf_mYSb1oVAWqp3mub7QuVf-5QuMTw_qEsyAw,Nick Mageloff,https://play-lh.googleusercontent.com/a-/AOh14Gg4U86rz-G7PNxf6kIhnhJu9j6LlKxDJ_qfGg42,"Read My Utmost for years, it is great! The registration feature is confusing, it does not provide any completion confirmation, it just sits there. The settings menu cannot be read as the menu and text are both black. Needs serious help!",2,18,2.1,2015-05-04 02:40:35,,
gp:AOqpTOFjE-rGCZ0xOhHxhwjmETVy7XgtNXLKLTKNPVU9uEsdci0csRKPy4EWxxCe6hlQ6plsmk5gmKWL_Cd-TA,Tripp Hair,https://play-lh.googleusercontent.com/a-/AOh14GgqeIOzKYMb_WgIPsExcg5Ka0TMvkA_IqsDKyQB,Wonderful and powerful devotion. Only critique I can offer is that you add a highlighter or underline function. I would love to see which quotes from the same entry moved me from year to year.,4,1,2.1,2015-04-20 05:30:22,,
gp:AOqpTOGF_O5PlKC12eoEsrJI2Q5NBUV3Vtdz6Qr2owuZ7yIH3FyzKgyKq-ZPyH-eLlUpV06I4yDxBp6a4tqukQ,Mare Schwarz,https://play-lh.googleusercontent.com/-60ihADxivxQ/AAAAAAAAAAI/AAAAAAAAAAA/AMZuuclWGaAeMk2RqLi5W7N_W-0oUxKgrQ/photo.jpg,"Works very well,  no problems.",5,0,2.1,2015-04-07 13:57:33,,
gp:AOqpTOEid8DFs31cRu2SYFHxvFf9rrP1iFQweWLJrjsZYegUijp9Y6kbpL6UKt9w7RjTdKFZdPWDxWcqLf33XA,David Dawson,https://play-lh.googleusercontent.com/a-/AOh14Gjty9X3BSn9Vzfr2Sn_mSPYeyqzZLEIEch34Mr4GA,"Excellent designed app (as is their Our Daily Bread app - recommended) . As someone else reported, the app does not not seem to accept any attempt at registration.",5,1,2.1,2015-03-22 07:35:26,,
gp:AOqpTOFE6Rz75rzOeWdXNZDHFXVOSapnXeDmHoDV0E9HkvP0l055DCxNRTvLIe8glHK5paVf5AFFgqIpWuBUCg,mzcookie59,https://play-lh.googleusercontent.com/-QfcxM3RouZw/AAAAAAAAAAI/AAAAAAAAAAA/AMZuuckTDgFadEtDYCdl2gOwTARbhl94Lw/photo.jpg,Oswald Chambers helped take my devotion to the next level a deeper level.,5,0,2.1,2015-03-15 20:47:49,,
gp:AOqpTOE4g7-_AK-2kUA8Mvf2mspqxioZh0hVgj5w-7fNVGzUs1RUvhXIfxfdjkIFXhBO-LRG4nzmVIuGHAQ80Q,Able Baker,https://play-lh.googleusercontent.com/a-/AOh14GjYf64vJ3zQHnO1uDfLnWv-Q7Ed-OLP2cJdRKjP,Nice content of course. App should be free until it can deliver as advertised. Especially a Christian app. I can't share on any social media. It just says nothing found. I cant register. I push the button and nothing happens. Honestly just use the book. Android Galaxy note 4,2,4,2.1,2015-03-12 06:21:16,,
gp:AOqpTOEVCAKJPl6GjIgQqRXjS-37cxRJ46Jh-ZuRQ2yGSaihAYSUbWChvP7ImM8X38Fjn_Z9joYM7cN7oDdR6w,carol altimari,https://play-lh.googleusercontent.com/-5IG53nHhf8U/AAAAAAAAAAI/AAAAAAAAAAA/AMZuucnHYWmSCfDUkkWTQXUUOYSEM4ct4A/photo.jpg,it's  a MOST read first thing EVERY morning,5,0,,2015-02-09 05:19:13,,
gp:AOqpTOGps8LQQPfkg-9c3IV95ueroRlYh98VCgClDxM6_z-54PEM77OLdLf1GaSYCRjmVwNR_J6aDD4RLTKGEw,dRe Brown,https://play-lh.googleusercontent.com/a-/AOh14Gih9jOziMfGEDHbkl-sQIvoUzLMf1bOvDMIopByuA,This app is a blessing.,5,0,2.1,2015-01-23 05:54:48,,
gp:AOqpTOHhidhGWhk18c6eIxyWkT0oowbqtV27e4mB0sEORtC8Nfq3P-VNKqg8xxIEemEYsIj-YiweuwXd4TtYTg,Anthony Bradseth,https://play-lh.googleusercontent.com/a-/AOh14Gh3LHpgtA2u23qgMbMcyqYgif3k4JztOInYr56Dxw,This is perfect for my devotional time. It is always at my fingertips.,5,1,2.1,2015-01-21 18:46:41,,
gp:AOqpTOE-2l6fO2E8lVJK3VcxEeDwn9tM5DAIXb8o4VHMBasSUn4vHIrssjc-l2XXXAZMzQomXq8lq_N3jOxDRw,Jason Sowder,https://play-lh.googleusercontent.com/a-/AOh14GgZiQ_3GEhMWwbB77Q5tqMel1gkIDDAvrkmVIeCCUI,And this app makes it so convenient to read Oswald's work. He is simply amazing!,5,1,2.1,2015-01-16 05:59:17,,
gp:AOqpTOELnU2xzLykdSlpDDArFfToze6sB_f6Jvf76YCPpluDBxRNRfIh5VdbIJ0eTAomExEuGVOleyAElwlTVg,Doug Wheeler,https://play-lh.googleusercontent.com/a-/AOh14GgvEpY1OsA4JASNta-euKsQnGzDrdltwYSks5AZTGg,"Nicely done. However, is unable to create an account or log in.  Also, it would be nice (1) to have a flag on the page to indicate if there is a journal entry for the page and (2) for a daily reminder at a particular time. Additionally, (3) the links when sharing via email o not appear to work.",4,14,2.1,2015-01-11 08:16:42,,
gp:AOqpTOG7KOCUcf_bJ_51nsDg0SJCF3CIQDftp3bX-vjB04bKdgSEr3SRg3_PxPFS93E1gvllATD6Ovqc-_ntXQ,Steve Kay,https://play-lh.googleusercontent.com/a-/AOh14GgYfhhCfyQOlnEUijXEEwI_acJPjKV5bE5eEYNDV3w,Aaaaarrvghh,1,0,2.1,2014-12-18 05:20:00,,
gp:AOqpTOHOGKRcsNO_cMi0fzc1zQba6HuroOhVvDgB7a9ZHML1IjCky6adfO3cKR6U0O9-tS7MNo6s6v8-mTeNvw,Jeremiah Chapman,https://play-lh.googleusercontent.com/a-/AOh14Gj5hahbm3IIVt3LA6gYPUd8bza8esnr_En44GiZ6A,My Pastor has talked for many years about using Utmost in his quiet time. Last year I added it to mine and I love how much it has meant to me.,5,12,2.1,2014-12-16 07:57:51,,
gp:AOqpTOE7qIYTQjUWMPG1pwUEL4J-lzcrowbSAlvP6cc5Xs3N0_hIzEfMh34otUgDd7b6D4VSAy-CmkzYtD1_cQ,David Ray Duncan,https://play-lh.googleusercontent.com/a-/AOh14Gi0ts20Dq9at7Zi2RNyA3QnLHfJ6rBMm-i7xa_nCQ,The app no longer freezes in the journal feature.  The developer said they would fix it and they did.  Thank you for keeping your word!,5,3,2.1,2014-11-23 05:31:21,,
gp:AOqpTOErgPHcfilBmX2eahAKWPju1uqLEkLCzC4aaZbWrQ_jT2eldtEbCYY4hgUarME_1e281QPJGbuJql8kTw,Merit Gadessehoun,https://play-lh.googleusercontent.com/-fkK4VakuZ50/AAAAAAAAAAI/AAAAAAAAAAA/AMZuuclI-2DK8SM9JlAyjI_t73GRnib3nQ/photo.jpg,11/12 of Nov topics are really touching. I'm so blessed reading my utmost,5,0,2.1,2014-11-12 00:43:55,,
gp:AOqpTOFvcQYiCFGnQyg11wF_3yAmH-edx4L-zPlorRmfhcufexLishK-mvr23yWpb5o--pvrpN_zIuUXodPf4A,Dianne Stanford,https://play-lh.googleusercontent.com/-OamRdXOwwfw/AAAAAAAAAAI/AAAAAAAAEOA/AMZuucmigviosheHwbdD1RMuJWXIEFS6Pw/photo.jpg,I can't login.  It froze.  And there isn't an option if you forget your login information.,3,3,2.1,2014-11-11 15:00:50,,
gp:AOqpTOGdsSuEic9oSHoWlJqBNoBTAm_GJKK790LWqPTZSUh9B1l7t4MVp9-0doNHt3hY_kvDW1b8qYS1fufBTA,Rolando Trevino,https://play-lh.googleusercontent.com/-yJVu-Wgv5RY/AAAAAAAAAAI/AAAAAAAAAAA/AMZuuclOnqe5E4cTGKZuqW7bV7rdYIpoIA/photo.jpg,Great day to day reference to go to providing great insight in daily life.,5,0,2.0,2014-11-10 17:11:40,,
gp:AOqpTOH7noehPWH7iNgx31IJjw3MQ-DEUEPG3vLr8IOOTHaTwbS9SlgsGidFSAT8h5hisoxy1WqjRV0RA2BsLg,A Google user,https://play-lh.googleusercontent.com/EGemoI2NTXmTsBVtJqk8jxF9rh8ApRWfsIMQSt2uE4OcpQqbFu7f7NbTK05lx80nuSijCz7sc3a277R67g,"I have used this devo for many years. I love the books and the website, but the app needs serious updating! It works very poorly - especially for an app costing this much. It routinely crashes. You cannot highlight or copy text potions. The journal entries crash (as stated above), and you cannot get back to the devotional w/o restarting the app. For this price, I expected much more. This app needs to be update and fixed to reflect the company it represents...",2,0,2.0,2014-11-03 10:07:47,,
gp:AOqpTOHsHzthWfL-TSpHXhS4RkwHnPcHKMbD16MzI-MfHcUSR0PnNnD-kuK6bQcCz6ZwrZRxfQILfJCjv6KOZg,Dennis West,https://play-lh.googleusercontent.com/a-/AOh14GgDkyCoH72Qp_FlUDMlf9bE2q5VSEbP90XfzC-k,Can not take notes boots off every time,3,0,2.0,2014-10-19 18:38:42,,
gp:AOqpTOEWXBdPVAHHGfeYdSliWnRoCIDlX1JC6ZytV3CSIlj5dwKPgoPtb03Oo4F66Hif45fNX2MPGY_nWHQNBQ,luisa05eh,https://play-lh.googleusercontent.com/a-/AOh14GiRPYpn-qZLsmp_lHVj-1Vby9UV7Aq8OgAsCC3O,"I would be giving this app or ebook 5 stars, but the index feature doesn't work anymore and I don't know why. It is really frusterating because I use to be able to look at all of the months and the days in one and choose. Now I have to click one by one to go back or forwards. Please fix this!! Uninstalled and reinstalled multiple times.",4,0,2.0,2014-10-18 11:41:40,,
gp:AOqpTOGQ2CfcCy7aw9tqEWihxnIwOCy-YbBSQRtO2wB83FK5XrKAzEU7bWNnBxVIxAJuTm2wAfy28E7L8Prx3w,Joy Whiteman,https://play-lh.googleusercontent.com/-tK2jpLqOBoE/AAAAAAAAAAI/AAAAAAAAAAA/AMZuucl4JEWg0JwMGuPLtRbThWhOztSMAA/photo.jpg,"This is not really an app. But it is almost the same as my Kindle version. I was hoping this was both the writen newer version with the Michael Card audio. It is a better  price then the Kindle. But I will be asking for a refund,sorry. I would pay more for what I really want. I have to say the Kindle version is well worth the difference. Please work on making this more than an noninteractive book version.",2,0,2.0,2014-09-22 05:04:35,,
gp:AOqpTOHTQyeNX2evoxqqCB4oDcfuj8bliZO9FQ2WczrhfifUsapso8qHsDhHgsrh0DwkmkM2A22YgLeYiZ7tWA,Nate F,https://play-lh.googleusercontent.com/a-/AOh14GgPcpdYW5E0cN5aR1s0Pw6TO-ZXm_5PHxpeJjS2DEE,"Nice display of the devotional, but you can't choose a date unless you keep pressing next or previous buttons. Also, the menu button is broken. Not sure what it is even supposed to do. If this were free or even a couple dollars, it would be worth it. As it is $5, I think stewardship demands I not purchase something not worth that kind of money.",2,1,2.0,2014-08-27 03:49:16,,
gp:AOqpTOGOKMnjue1VGH2HjOpG1ssYzSwNJIjSN4JpMs21AoHu7-NuDu-xvE61fW7VqK3a0kKncHkW3talInGpWA,Bonnie Willis,https://play-lh.googleusercontent.com/a-/AOh14GgyBxFZpgwM5yvhoOcvXtaykMZGPGOWCkBjecTsLrM,"I want to love this... I love having it on my phone so much, just for reading it's great, but the journal portion and the share option just won't work on my Galaxy note 3. Please fix and update it would just be the best!",3,0,2.0,2014-08-23 19:56:06,,
gp:AOqpTOGRf8SqP3fCVI7ZpDJtGXXc6AFLEFlel3yfrWe5hs2XiCNFZQ-FRi4Hy2_3rPXHsd4Ub0g1gsGKDODq-A,Stephen Banks,https://play-lh.googleusercontent.com/-5aXMDs1L4UQ/AAAAAAAAAAI/AAAAAAAAAAA/AMZuucln14vMIfir46jYxSGXfOLD8vSkiQ/photo.jpg,Downloaded but wouldn't install. Wouldn't give refund. Then I downloaded app cache cleaner :-),5,1,2.0,2014-08-05 21:47:41,,
gp:AOqpTOHOfMvBJ-b4sjeGNGOPA2IAIn8XOZxDno3fhJLHyG_1BCWwQard-itaPiDLXzpKvCEo1cU-spCsbm2iSQ,Caleb Grundyson,https://play-lh.googleusercontent.com/a-/AOh14GiDfdwtRuVus4ow4q2OGfybecLEezMHoh2MBgXXZA,Rocked my life!!!,5,0,2.0,2014-08-04 18:04:36,,
gp:AOqpTOElNsElQmplW5uSSWZ21K8CcJ48cl9Dt6uyFy88GJ__VwZel7uztVFMJojvp-E22qIHVwzxWoWwZQCU6Q,"Sergio Rodriguez-Castillo JD, LLM, MFT",https://play-lh.googleusercontent.com/a-/AOh14Ggmh3ZAnGfPS7MRbF55LIWzBhatpLDdbF4whkhNZSw,"UPDATE. As i said in a previous update,  the content is great,  bu it freezes all the tme, whe trying to make notes, when bookmarking, when trying to access bookmark,  etc, etc. I keep hoping that the developers will fix it, but they seem no to care.  DEVELOPERS PLEASE FIX IT.      I'll keep reporting it, hoping that they take ownership and do something about it. That would be the decent thing to do. Let us hope.",1,2,2.0,2014-07-23 05:54:24,,
gp:AOqpTOF2HoQvoRdxb6IO0seI4fO3VpRfAKt1YK7QTjmoVSiO5xYuj0ld9tpHU8f-I7kJzE-rdQeQJmz2D8YZ0Q,Morris Turner,https://play-lh.googleusercontent.com/a-/AOh14GgaSujW710qUtqYbbacSyvHPj2XIHgZ1OHHzfOxPw,Best devotional that I've found.,4,0,2.0,2014-06-02 00:22:46,,
gp:AOqpTOFyfhy2XbaJeEPVk159Cvbu1TG6NedLZ3lpdQofCTfVUU82XONOYyCAr-cYEPGNUXG6DH_5aW9Y5IwOGw,Blanche Whitehead,https://play-lh.googleusercontent.com/-tkrBtdO1c40/AAAAAAAAAAI/AAAAAAAAAAA/AMZuuckXemAKSt7UsNu9uL8XIkFEzzoxuA/photo.jpg,"Not enough space to buy book, my utmost for his highest ,4.99.  Did not get refund. Please help.",3,0,2.0,2014-05-24 09:01:29,,
gp:AOqpTOHtE6ud0F1EjHA1sxaQykwtU_BMFcU0IR5P2TVuRjCn0UDaOMfcMCHdO4S0i-stfYGihVNiV81dXzoMBw,Kelly Velting,https://play-lh.googleusercontent.com/a-/AOh14GiqJ3bSq7Vkc2k8qDeO_toLhSLyGcy21IF7u-ADYQ,This app doesn't work properly. The bookmarks option and journal option have errors.  When you click on the menu button nothing happens. Not worth $5!,1,0,2.0,2014-05-14 12:32:41,,
gp:AOqpTOGjYhNU8CiQbth8yr6BWGp9nWgJoPPaGxWsVYURtWvs0VIhqcSiXNCFUcN-5iM9fxRyisz9aTIgDZk5eg,A Google user,https://play-lh.googleusercontent.com/EGemoI2NTXmTsBVtJqk8jxF9rh8ApRWfsIMQSt2uE4OcpQqbFu7f7NbTK05lx80nuSijCz7sc3a277R67g,"Does not work well with samsung galaxy S4. The menu doesn't work and it freezes when I am scrolling. However, I love this book and I'm looking forward to an updated version of this app since I paid $5 for it. If I would have just a few more minutes (15 minute refund policy.... wow, thanks.) I would have got a refund because I already have the Kindle book.",1,0,2.0,2014-05-13 10:51:12,,
gp:AOqpTOGnkCVgMIolm3TX0QGA29YmMTtGgOJ9TQIW_IA23icsj6yfzj2V7NzODt5DFayKSbAjxGs6s-JsGI69DQ,John Barnett,https://play-lh.googleusercontent.com/-EufCCEQ_Hh4/AAAAAAAAAAI/AAAAAAAAAAA/AMZuucl2oMUAgPKOhP0K5-QEAclaMJJrcw/photo.jpg,"2nd favorite inspirational book I have the Bible being first of course, and yes there is a bug when you try to save a journal and bookmarks(crashes) but for just reading it works fine. Still worth 5 bucks.",4,0,2.0,2014-05-10 19:55:41,,
gp:AOqpTOEn3y6gWidcV-PI5o6MqFtvYD4zMFqANrn5EO9fRlu472Xu21ut89YArzGqP7nnTNyTXR3Wohae_1LmEQ,Tolu Talabi,https://play-lh.googleusercontent.com/a-/AOh14GhEoxskEg_Eppss8CwwSWpPTD1X7lMyfZiXRLfl,Menu does not load. Leads to blank page. Restarts on minimize but that's the only way to exit back to the main page,1,0,,2014-04-29 02:54:06,,
gp:AOqpTOGv6Ty1dFvJtDjhiQhM-qGT2xJ0EbZzEQjIo9W6px7TamNYejEs8N7acRIpk6cuR9fJSlxReBKki5aa7A,Denise P,https://play-lh.googleusercontent.com/a-/AOh14GjbmWB4uswFyoKyH33wBM8S_bE8-SGt7LWoyP0a,"Provoking messages to live in holiness unto the Lord through the power and indwelling of the Holy Spirit, It is our Lord Jesus Who desires to be our first love.",5,0,2.0,2014-03-16 13:15:17,,
gp:AOqpTOHHunV6cE0TeCFXFEJH-TXLEJMBurH8gTykfSCq1J7cafEw6Aox_CYEFdW4NKBUSWt7ohMqeC1A2jKqXA,Arturo G. Garcia,https://play-lh.googleusercontent.com/a-/AOh14GiBK8oJQjKziMRp3T0ksHP0PLj_UhS26_U1Zk2Fwbc,Excellent,5,0,2.0,2014-03-15 18:11:28,,
gp:AOqpTOHyVYz8ewlauVUfr-cPUDsuMnvh21yAXhoWYiXrNTHS0Zs0JLNM2aDlG3Ytphwm08c1GFBsSMP4-5FWHg,Min Jun Gan,https://play-lh.googleusercontent.com/a-/AOh14Gi-u8ThAn_Qr9DgBDzCYBJyj-pRwP5ZXopQsR7Y-g,"I ever bought it for iPhone, it's pretty good. But this application for Android is so terrible! I bought it for my new Galaxy Note 3,  lots of bugs inside, it causes this app is like crap!!! For instance, (1) when I try to view bookmarks, it causes STOP error! (2) When I click 4th icon (it should mean ""More""), then it turns to a useless page that simply shows 4 icons in the middle of page, nothing else!!!  I could not imagine based on such few functions inside, there still exists such serious bugs! How shameful it is so-called Christian Application!!! And it is not worthy of buying unless these bugs are fixed.",1,3,2.0,2014-03-04 19:21:01,,
gp:AOqpTOGVyKDK39wbQ4bejwISsfhXfahp-Tai_gzvJWOW3iwkrGEatXQxtOkW99pLFCB_3bDihz01FecT3-yjMA,Sirius Rising,https://play-lh.googleusercontent.com/a-/AOh14GgCM4ljmxOYhz3GzskIrcEsHk8ipzZ0XJv7HYjhydM,,5,0,2.0,2014-02-23 01:35:20,,
gp:AOqpTOG6DqrRfbOuTZFLwuvbhqx_1V4_50M0frP0Qqc3R2uSOtiim2yvjvS8nCw2hWpR2uDgD-46vCljwvV2nQ,Charles Griffith,https://play-lh.googleusercontent.com/--tiHIzeG8Uo/AAAAAAAAAAI/AAAAAAAADDs/AMZuuck7641WHIBBuzJbiJzH8yWRABDc7A/photo.jpg,Great!,5,0,2.0,2014-02-15 14:22:37,,
gp:AOqpTOH2vF_p3Wq7G2cbMU1KFswXOQjthTP4yyBYop2gq---qwA-ogSKef5khu5rsqlqifKcVwqTtIdJJdA_tA,Suzanne Camerer,https://play-lh.googleusercontent.com/a-/AOh14GhryJCDVbCxQpUKw9-PL4mwSws8kyYQ0FRf_UNclg,"Next to the Bible, it doesn't get any better than this!",5,0,2.0,2014-02-02 04:30:09,,
gp:AOqpTOHCoHu29uer2rC_zXBIDrIS9aonYTa245TyjbSLOyKSAxr4EfSekEzgjWkH2iVRUd-_EKElGujXfNIFFw,Josh A,https://play-lh.googleusercontent.com/-wQzLsV2OwZI/AAAAAAAAAAI/AAAAAAAAAAA/AMZuucnVMSHDj8rhYjWXzxoa9bqZ2ZAAGg/photo.jpg,When you select the Bible verse that is highlighted it goes to a blank website.,1,0,2.0,2014-02-01 11:20:20,,
gp:AOqpTOEp03ub74fH1nK8LgxIYEyoxpH1CvwqBeHaBRxm2PSRROlG91ZD0fjfgggn_XHku-OA76FU9muReM3fFA,Taylor Brost,https://play-lh.googleusercontent.com/a-/AOh14GjCFAz9rfpVikvW99JwekSrmqX_fynUZB6H7uQlP0Y,"App has great content, you can log in so it saves your notes, and even a night mode. But as others users have said it crashes almost every time you open it",4,0,2.0,2014-01-24 07:26:42,,
gp:AOqpTOEU8LU0eCNL5dC-NdXz5hFAOzHXVJdQmTJUuD4uyC_EAhQ38yKIxQXWcCqu23qaXJ3KbIMG6GFZFE1nVg,Andrew Dowey,https://play-lh.googleusercontent.com/a-/AOh14GhBWB7jDr-j82bYSFtcSiy7M_YsgJTRwKAp99bCttU,Great app if all you want to do is read it. (thankfully that's the main purpose) but it'd irritating that you can't use the bookmarks or highlighter functions because it crashes. Please sort this out. Thanks.,3,1,2.0,2014-01-22 22:34:39,,
gp:AOqpTOGwzluSm42UPGppbk5cd6DR7lBluEaALzpEuyZBMSh0Krg1dvC1zzNLSZBof--Xnc6P5aLTPsjOSConVA,Barry Barker,https://play-lh.googleusercontent.com/a-/AOh14GjfMvpiaRtN3InBc9nH6_vYvgY741yxg5TyX8aI,Great Devotional,5,0,2.0,2014-01-19 14:43:19,,
gp:AOqpTOGYBXwJSJfpQgXtoQYsDIJgasFvXi6UqPtoNbcuuahduKyYNhwxDjwvn75uW9map8cDjoL_6KmQb6NRTw,Elizabeth Gonzalez,https://play-lh.googleusercontent.com/a-/AOh14GjwRdfVBFHdZcvJ7RMtl2FyHq--E3j6SmgMrglsZ-I,Great app!  I love My Utmost so I'm loving this!  Five stars for a widget.  Can we have a widget please?,4,0,2.0,2014-01-07 12:04:01,,
gp:AOqpTOG8O2mLya9P1d6sqWJJKB4cDljXs_DcBtCBUtf_3MP4x9HWIBHO_v99TXklFUFP4-5WQMApq4NfWF1pgA,Sandi Palazzo,https://play-lh.googleusercontent.com/a-/AOh14Gi678cafEaVtNlE6E2sveXaSuYDH8bfbeqcUjRGKA,"Scrolling is easy if you use the scroll bar. Just thought I'd throw in my 2 cents. The app is clean and uncluttered, a serene green color with the extremely helpful words of Oswald Chambers ready to jump-start my day along with my Bible reading. Nice tool kit... and I like I can read white letters on a black page. Worth 5 bucks to me!",5,0,2.0,2014-01-03 08:34:20,,
gp:AOqpTOE-mZDf0VyEVZNOkDutXejh66m2rQdY2GPGc_7b-VjyNNYpOtGJCBe7o_VUx6VkZCqqEQIW0WYoAbuVfw,Terrance Stewart,https://play-lh.googleusercontent.com/a-/AOh14GjhrLLGGpsv3IzU7XEorWfcgAVoaJZG_AlSAZTd,$5 is a lot to pay for an app that freezes every time you use it.,2,0,2.0,2013-12-30 07:27:53,,
gp:AOqpTOF4ZJPqQD6aG25e_7bZLpsfqQn_KcN9y2Iu1m0G0YhP5ZM8RZoeoH6redXtogpX74WSKhLFapxkswuPEQ,David Booth,https://play-lh.googleusercontent.com/a-/AOh14Gii3vZL4fEsklKKzsGWnokAiVX4GRkvYxXWxkgCPg,Biblical wisdom at a depth that promotes your walk.,5,0,2.0,2013-12-06 22:30:15,,
gp:AOqpTOFFSkfUC4GZHcgjCczXRvetj12mYjLh9DKyLm_RCzMuckRblX3lvTMEglOvY8a_H5GDYptoGR8w34eaEw,calli amo,https://play-lh.googleusercontent.com/a-/AOh14Gi7sl5VmGlH7oyUPJYucX3NJYMVEGhPntMVny3reQ,Using on S4. Paid $5.00 for an application that crashes every single time I try to open it it is ridiculous. I do like the application and the style setup but you got desperately need an update that will fix this or need to just refund anyone having this problem.,2,2,2.0,2013-12-05 05:57:45,,
gp:AOqpTOH2CZntP2jtiPSf5LFPuuPZXeo0zn5zTrJ9JHBc4AKx46Ypogqio1bW6XwNKedbh5JhNWJvCYx1jn5bDw,Mr. I,https://play-lh.googleusercontent.com/-aodMKba3u0E/AAAAAAAAAAI/AAAAAAAAAAA/AMZuuclnsIM2PITlXa-5OMNITSEljuwQmA/photo.jpg,Love the app......would live to  be able to highlight .....good effort though.,3,0,2.0,2013-11-26 04:32:33,,
gp:AOqpTOHzWpkzey7h7-Di8AipkYU4UAvRJL2W68bbhDFWTWk-3bYK6qMEvjwJtpax6tWXD2rogsLVZbCU5lKKtA,Eric Thompson,https://play-lh.googleusercontent.com/-8P2-wjGHOr0/AAAAAAAAAAI/AAAAAAAAAAA/AMZuuckgZRsarLNBaFteGVXU69lLj-SNaA/photo.jpg,Needs some improvement but still good despite its small imperfections. I have the LG Optimus F3.  I love this app so please maintain and make it work as I plan to use it daily in my walk with God.   God Bless!,4,0,2.0,2013-10-30 14:42:16,,
gp:AOqpTOGO7_7exD-nDefm1b6enSMp-K4ZAaNrLuz1x5yI4HL59jzKmMB9slkWfNwzyDXLdvRduHOIinfUjOhmrA,Rita Presser,https://play-lh.googleusercontent.com/a-/AOh14GiR34y2uweUB2B7Ui5krAmV3O1XD7NSgH6JH7hlIg,Oswald Chambers reveals the AWESOMENESS of the FATHER in this classic. A MUST have especially at a price like this!!!!,5,0,2.0,2013-09-16 08:11:51,,
gp:AOqpTOGtaxileH8z8c9EEuaDA7LP3L4oo_M4_sQsWGqDxexpKxWOaNIL-O5-TuEafrpUH-BFIYt1xd4MwHx2dQ,Amy B,https://play-lh.googleusercontent.com/a-/AOh14GgOzFrGT8LTc6EC5rVf6mO9gU9SPA3V056P8EavN5Y,I am faced with a blank screen every time I open it.  Using the menu button results in a crash. Waste of time.,1,0,2.0,2013-09-04 04:34:20,,
gp:AOqpTOGDhES-MmJTKznG9uiA_573t4m1FV2cGaeMAmLqmtmZnDYmml3RaOI-Cc2oWxaVQUL1V014GeGroLor4w,Carlos Raposo,https://play-lh.googleusercontent.com/a-/AOh14Gil2GzTqbMYY1s5iL2j-fL-WrEVogqGyemrJ1RDUA,"The content is great of course, but the app itself could be improved. Scrolling is defective and crashes a lot.",3,1,2.0,2013-08-03 19:32:19,,
gp:AOqpTOHJoBlVBLKAB4B0QK8ZqxR78p0ur7vIHa0oxinb_BHFMULu_DJcMkXtFk1Je-j6RyrmrNuC998TTKHTSw,john wong,https://play-lh.googleusercontent.com/a-/AOh14GgNslxfC8-80ygv6qYqDUN8Cv1Y1GJMj2MPV-h6,Gonna give 5 star if not coz of bug at the journal portion. Crashed when I used it. ;),4,0,2.0,2013-07-24 16:15:11,,
gp:AOqpTOFK68_BqDPgzcB6TVRFYR97DSoMYxiMJkiRnE-eVIQbCmhRmLZMUUh1fXYmHS8XJe7wcHZnxPhBEQgtXQ,Andy Merskin,https://play-lh.googleusercontent.com/a-/AOh14GjZwueGBDuhFsb2P3k6pONZyoYtOYJoyPtSudPvig,"The content is awesome of course, but the app needs some work.  For the user experience: * the opening animation is unnecessary and cannot be skipped which results in a slow app launch. * scrolling stops working at times and completely hangs the app. * when the phone screen locks, it resets the scroll position to the top.",3,3,2.0,2013-06-23 18:10:47,,
gp:AOqpTOFrqFsL1oVK5q7ktbvUg2WFCJXGMmBLYzDpKrgP8Uue3a_rGesmjy0YnCGjciRdPUR4KUXcrKLYPVRcyg,John Wood,https://play-lh.googleusercontent.com/a-/AOh14GhsdPJR_RIw7jdeTSsqsqNqieJSmr57_2D8pmlL,Unable to save copied notes; Crashes when exiting the note function.,1,2,2.0,2013-06-22 04:21:56,,
gp:AOqpTOEXv0DgLbKZLzEkJp-QOMHJ-yeQ2TkTzI20Kln2BaVfnd8JZFJT1ieJ0yEE0zvPuNc4qPji9DjlcVEQIg,Chan Ngai Seng,https://play-lh.googleusercontent.com/-UQZTVZIJbeI/AAAAAAAAAAI/AAAAAAAAAAA/AMZuucktQjysFfd3WDhgz_wwb62YXw3d5g/photo.jpg,"Experiencing same problem as Kim Valentine.   The application doesn't have any problem scrolling. But when it came to journal entry, after keying in my thoughts for today's reading, the program stops with an error and I loose all my work.  I have tried reinstalling the program but still same problem.   I'm using a Samsung Note 2 (N7100)",3,1,2.0,2013-06-18 16:00:40,,
gp:AOqpTOGTzkeGffhT2IW9kq9cpvadvPGAOn8VZ32Cg4BEmYcrgURPdiHyMUzZUs5hhcw5m6Z64wOSWLy3sYuIwQ,Sarah Kang,https://play-lh.googleusercontent.com/a-/AOh14GhbCMa-oUsyMGP4ZkZm0Kk_vxfgN426e0BhyHZMhOc,"I read the low star reviews on this for the longest time, and hesitated buying this app for weeks because I feared it'd be a waste of money if I couldn't ""scroll right"" (the most common complaint was trouble scrolling). However I found out that it's not the app; it's the person scrolling. The app is limited in that it can only scroll if you place your finger on the right hand side (where the actual scroll bar is) and then swiping up or down. Otherwise you get stuck in the middle of the passage if you just mindlessly swipe across the screen.   Other than that, this app is WONDERFUL and just as incredibly refreshing as the online version (so it's great to have the app when I don't have internet). There are no bugs, no ads, and best of all it has little tools so I can bookmark, add journal entries, share with friends, etc. You will have to create an account/register (to even save your bookmarks), but other than one-time speedbump, this app is gold. I love it!",5,4,2.0,2013-06-14 16:00:20,,
gp:AOqpTOF5mrOIOuTlRTkO1d5p7E75u8lOEVqzuWJOwywhDt3zb0M4ISKgwWNJSOBHRAl-U7806Kjv51pN3O5qlQ,Kim Valentine,https://play-lh.googleusercontent.com/a-/AOh14GhV3LUqcFr1B3VRSkIQluzo8X3P5zc3Q7kfMJb37w,"Please fix this app. I can read the devotional fine but I can't make a journal entry. I type it in and when I go to save it, the screen goes black and shuts down.",2,2,2.0,2013-05-05 12:13:05,,
gp:AOqpTOG1FgzEnGxFChX9Rcg3eza-ZUOR93NVPOpq2j1EiZO9VqVd87fmm7_feHNZucXOHEoIXOAhjFBezBDTcg,Bruce Yost,https://play-lh.googleusercontent.com/-mvLWoN_PWk0/AAAAAAAAAAI/AAAAAAAAAAA/AMZuucnaE1Tu9hZPl856rrKDETXn4MkJ8A/photo.jpg,"Contrary to previous posts, I uploaded the app today and it works perfectly.",5,0,2.0,2013-04-29 00:16:59,,
gp:AOqpTOER2wtjFyh_33bqHcorql9nmdmIQeZUTKOkz3D0yfPRLjNa9q3RrPtRjko79AWX_3VoMdNDTCEczUshaA,Dwayne Douglas,https://play-lh.googleusercontent.com/a-/AOh14GiS8odcvJeSA2kG0eE_imYBtzSxN-QWmwNH_rGvFw,Great app!,5,0,,2013-04-24 04:48:57,,
lg:AOqpTOEhFABfmEYRJnvCiVf3zHGxxQhSe41xYpef3RszohYT5PA435Q4-C-0IhQNgAtpohd0MF3TY2kaI8-qKQ,A Google user,https://play-lh.googleusercontent.com/EGemoI2NTXmTsBVtJqk8jxF9rh8ApRWfsIMQSt2uE4OcpQqbFu7f7NbTK05lx80nuSijCz7sc3a277R67g,"Please upgrade this app!  I paid for it but now that i upgraded my phone to the ICS, when trying to install I get a message telling me my devise isnt compatable for the app.  So now I have an app that I paid for and can't even use.  To date (04/05/13) i have heard nothing from developer concerning this issue. :(",1,3,1.0,2013-04-05 16:59:33,,
gp:AOqpTOHXDZZ-ZQeBU_DoTCOr40PG402Ofvk29V5cAaz5vwCB0pXwERDz84taHilDSC79uC60AmuaRY1zZ0MliQ,Lawrence Carriere,https://play-lh.googleusercontent.com/a-/AOh14Gi7lf7SOxYMfhDV0TVDsohOPUFOJLtqweVrmOSdWg,This is my favorite devotional. Oswald Chambers is brass tacks Christianity and full of piercing truths and inspiration.  The app itself is a 4 out of 5 for me. The design is excellent and the icon is excellent as well (yes a nice app icon is very important to me).  I've encountered 1 bug in that sometimes my scrolling stalls. I'll try to scroll and it just won't move. I'll have to swipe my finger/thumb up and down a bit before it clicks.,4,1,2.0,2013-04-03 14:16:10,,
gp:AOqpTOGpR1WyzsxKIpg91HPyXMYLlHGtZ_MWBvmieVks6Kmpz6oE-KF0o6Vyte4w66owUahq1zg39M67Fr5Scw,Tyler Ryan,https://play-lh.googleusercontent.com/a-/AOh14Gi8RpZ6zCRmcbLGl309znggG16Zj0dsEyDUhk4nmQ,I loved it before the update. Doesnt work anymore,1,0,,2013-03-12 06:59:25,,
lg:AOqpTOHaDCA5HN2AnF63t9FbyYD-HskbaJCz1o6cKSiDrYpMw7_9tGvyQbp2HxZH8zY3jqmIxyMm0SekZ2yZew,A Google user,https://play-lh.googleusercontent.com/EGemoI2NTXmTsBVtJqk8jxF9rh8ApRWfsIMQSt2uE4OcpQqbFu7f7NbTK05lx80nuSijCz7sc3a277R67g,The word of God in snippets.,5,0,1.0,2012-03-03 10:33:07,,
