reviewId,userName,userImage,content,score,thumbsUpCount,reviewCreatedVersion,at,replyContent,repliedAt
gp:AOqpTOG9Pj4PKC6htXQKBmhcwahxyyHZk4Hnb2PqVdEskd9vBGupCpZHG1bd3TlAgShGjf3qAfuP3oOIMIJ6aTI,CE Group,https://play-lh.googleusercontent.com/a-/AOh14GiSd8FY3fvSm2QFBvQc-UpyiqfDnyQV-fdL1V4z,Can't use this after S10 update yesterday,1,0,1.63,2021-01-27 21:19:42,,
gp:AOqpTOEHj88k6O7tjG9N4oQ6BlhWwT9-gSW-clOen_atciupMA2AWkjCygb924lXgEbsk7eh25y-0FVJE9YbEDo,Nancy Roper,https://play-lh.googleusercontent.com/a-/AOh14GggFH-UyiifOkG-8EW9TJmAG4RKL9KUkoM7FRNo3A,I loved this widget. Used it often. Worked great until my galaxy note 10 plus updated this morning. Now it won't work😬.,1,3,1.63,2021-01-23 07:40:43,,
gp:AOqpTOHA1QbM09y5FOShvApMWfvYjiSQUUM6xoAPv0rin7tDYSBr2jNw259BsKIupPq5WvC2l68BuiJK6ycvI78,Hai Phu Nguyen,https://play-lh.googleusercontent.com/-njnDChUj-GI/AAAAAAAAAAI/AAAAAAAAAAA/AMZuucnjKZQWpK0DM-pNNtW9qFmrIaIgtQ/photo.jpg,Very good.,5,0,1.63,2020-07-11 09:41:16,,
gp:AOqpTOEd4rFaYx8N3HZF8bDNdoJ3o0YR-FtI886eoDh1_BU3MODtfbuKpLs-sPbdTwJBH0dERIpyOUGCTDeT478,Katrina Blase,https://play-lh.googleusercontent.com/-U-XFcuvMB44/AAAAAAAAAAI/AAAAAAAAAAA/AMZuucnln_onKH0XtUba1hZi8KRspArkwg/photo.jpg,Does not do as advertised. Will not allow me to select a folder to display photos from randomly. It only lets you choose one photo at a time. Can I please get a refund?,1,4,,2019-12-06 06:44:56,,
gp:AOqpTOEaM-WtGTjPEeVnJiM6kYQCONfsB_y3hSOUblk4MjcAqQXjhvVJGu5kDxn9eFD9EuCxVy5YXJP_-6dcUCg,Karen Najar,https://play-lh.googleusercontent.com/a-/AOh14Gj-TzbHGXQmTm7ksRrk3cS04z0v4FOekxvtv5CFCA,Great! Does the job,5,0,1.63,2019-10-26 10:35:35,,
gp:AOqpTOGMAmz7CuxiZQ8WxEYW1meKBxS9fps6ZIIgPU0qB-Mc6fCgS_M2laIz4eQWZPDzS9Fz6Xm9qM9fHz5B8ac,Ian Cairns,https://play-lh.googleusercontent.com/-m7B8JdtRDoU/AAAAAAAAAAI/AAAAAAAAAAA/AMZuuclsM6wIaScd0JByCeVc8EzXGVug7Q/photo.jpg,I bought this app because I wanted to display random photos from specified folders. The problem is the app does not allow you to select a folder. This problem has been referred to by other reviewers but the app developer has not fixed the problem. Specifying a folder is one of the advertised features of the product. It does not work. Other features listed in the app do appear to work but the one I want does not,2,4,1.63,2019-06-04 01:58:24,,
gp:AOqpTOGz6mzdS6PIH347sQSL71Jlh5c6h32-k4FhxTE4mr8716735tf_7XYa4UyDRTTtYQdKVw_LEpGCVFgJgo0,Monica Richardson,https://play-lh.googleusercontent.com/a-/AOh14GjZgLNm7gBCnaPhsa-2iUV5JsCcXhd_CSyPsxCJZYY,Trash lots of features but what good is that when the pisture quality is a blur. and i paid for this. won't my money back.,1,5,1.63,2019-04-01 17:50:53,,
gp:AOqpTOFpPLmO1lVZFzFd6WPP4ORFTYC9krqOLuBTNOhK3MU0soaNlRR07vxGJ4m71Uk5Rg7BUzQ47eOmMjPQZyU,bootronics tokyo,https://play-lh.googleusercontent.com/a-/AOh14GiSVVAKp3cX0rdl9AE1l5iQ7psFdjr1R_STHlCWSg,can't chose folder in SD card,2,2,1.63,2019-01-01 18:39:15,,
gp:AOqpTOG32Py7r5JepRSQuIdnwiFKjUvVF6In-I8vznEL9jMlZjSXJ-TQ0Z4f6D1EuUsoD_Ds5qF-TtT73jJI-R8,A Google user,https://play-lh.googleusercontent.com/EGemoI2NTXmTsBVtJqk8jxF9rh8ApRWfsIMQSt2uE4OcpQqbFu7f7NbTK05lx80nuSijCz7sc3a277R67g,Love this app.,5,0,1.63,2018-01-22 04:54:20,,
gp:AOqpTOHoSnOAUuMiupN039a8y5At5OmlTCCBLe0X4GH4rnxB6mxjGdJ1Z0Que88XICsRVY9LmM4QfoXb25RvyQU,Grizzly Addams,https://play-lh.googleusercontent.com/-ZpWR8IUuADQ/AAAAAAAAAAI/AAAAAAAAAAA/AMZuucm1OoeHOdZ_oOBk_EfjsmvdkO-ZFA/photo.jpg,"I purchased this full version some time ago and used it fine after the 6.0 update. But today one of the widgets disappeared, and when I make a new one I am unable to make a folder selection. The folder tree view appears but is blank. This persisted through a restart. Is there any way to get support?",2,1,1.63,2017-07-20 15:25:33,,
gp:AOqpTOHBHkeee-uG08xaK_kEHosNp8tefM4jWAuXBmCalcPAhKYQeJu990AGbZxrkl_Vdfyv-i9RT5DKRlZ7e_4,Erica Chiarelli,https://play-lh.googleusercontent.com/-ETuUEsKo65o/AAAAAAAAAAI/AAAAAAAAAAA/AMZuucl2woJ0KOOr9e_4oWQ1K9QLChxoXQ/photo.jpg,"I loved this app as it allowed me to see my baby's pictures right on the main screen. It allowed them to flip through. But now, it constantly freezes my phone, sometimes for minutes. When it does that, it renders the phone useless. I cannot get into it or if I am in something else, it will stop. Also, I keep having to add the widget back onto my screen. It keeps disappearing and will freeze even when not up. I have given up at this point and think I need to uninstall, after purchase.",3,2,1.63,2017-04-10 10:10:08,,
gp:AOqpTOEm_yyKTMV74zY3j3eB5uvLKLihS_OcZNJcT7kR7vShysSOS4Vn2EcBMbJ1REhb1NaDOejzksTx2gqSagM,Mark Holmes,https://play-lh.googleusercontent.com/a-/AOh14GjavQtnZk3DSFyPl4g9O06SqPh0cVMrGOEsS4WvLQ,Can't explore folders to be selected for photos in android 7 on Nexus 5x.,4,1,1.63,2016-09-15 09:09:12,,
gp:AOqpTOF7khx-WXbUpBe463tnFF-aaqcG8H6hQI3E58Dn6wVB7QWWsAjQicOWU2ZFEPo5uVv-trgc-p7QULeA2MY,Daniel Williams,https://play-lh.googleusercontent.com/a-/AOh14GjLolmHDsj9a7Tz0GeiIHHdvAbCtvlIsMgyB4rQ02I,"Works perfectly, does what every other photo widget does, however i like that it doesn't crop the images, they remain to scale.",5,1,1.63,2016-09-04 01:08:40,,
gp:AOqpTOHge0jz0ZslgEGXATv0C64Xwe0Kcl6c82Phom-zmv8_i4E5sxx6SrH5KKJ1n_5KPRiiyjjGaKTrIMYonyY,Cuomo Prime Time 515,https://play-lh.googleusercontent.com/a-/AOh14Gg3aPjb8me-wo_EEapHMuaLMuYJwZz9UJSwKisWvpk,The free one works but ads pop up!,1,0,,2016-05-27 10:44:24,,
gp:AOqpTOHQSYJvKjsSI2sLIyzF9M15M3J7CUM7VjbmjCTs5fUMS49xN4dnnLVihQs31o7a8T8lD5zJs1S7QGPadDQ,A Google user,https://play-lh.googleusercontent.com/EGemoI2NTXmTsBVtJqk8jxF9rh8ApRWfsIMQSt2uE4OcpQqbFu7f7NbTK05lx80nuSijCz7sc3a277R67g,I need the image to stay in the same prientation but instead it auto rotates.,3,0,,2016-03-23 08:37:39,,
lg:AOqpTOEDMEVreg5ty6ZOKFqaUT1Nw3SaxjPPsU2JElVSyNoTWzEAjJmivw5MWxjEb2N01WPuXk4mHPafjEKi-Wo,A Google user,https://play-lh.googleusercontent.com/EGemoI2NTXmTsBVtJqk8jxF9rh8ApRWfsIMQSt2uE4OcpQqbFu7f7NbTK05lx80nuSijCz7sc3a277R67g,"What I've been looking for, I love the search options but I keep getting repeated pictures. An option to go to the page an image is found on would be very handy! Lost 2* because the image search options don't work. Lost another * for lack of updates",2,3,1.63,2016-03-15 13:24:20,,
gp:AOqpTOHZPv6zKyDdJGuPNHew0445VONUiZe-34YVH3Wj2TIs8D_TmXZsKquOqZNQPaZX1Az2cyJ82UmPF96X5OA,James Lucas,https://play-lh.googleusercontent.com/-2bCpF12bEGs/AAAAAAAAAAI/AAAAAAAAAAA/AMZuucl2BSVe9oOFFe0WXcbcA8ThuCcL3Q/photo.jpg,"Mostly great. Freezes and needs to reboot sometimes. I think that it may have lead to my SD card becoming nonfunctional though, so uninstalling.",3,2,1.63,2016-02-03 10:57:46,,
gp:AOqpTOFDwVGkKojrvKrTPrvrKObbC_abSmmgM3eyrMqLNUt_DGodhlK8csMDESwQWE-0Sjx0c_OP-I7-PIeBQ9A,Max epr,https://play-lh.googleusercontent.com/a-/AOh14GifaKISRlqL49gCEQXZimmBHaRzBSUtypousUQD,A little pricy for the new features but it does what it says and it's what I want it to.,5,0,1.63,2016-01-15 09:42:00,,
gp:AOqpTOEyazaZTJThQrG3MJeTT8DUIP8nwi3oZVvpevUIF4dglne8FTiLABlWZYj4RGsEmvuUCo5ktAOBJkm0WfU,Sharon Webley,https://play-lh.googleusercontent.com/a-/AOh14Gh5wg6iTjRw7WbrBJP2EwiflLA37nR2NidkweJD7Q,This app does everything I wanted it to do and more. Love the slideshow setting. Great to see different pics of my dogs every time I boot up the phone.,5,3,1.63,2015-12-03 03:59:39,,
gp:AOqpTOF7VJBmqpt8YMDWbthbIedlWcJkP3RpUotj9Gr2EExcSTj4WFEYVdfQoE-Baeoa05KuaasY4xkwbLYvrho,pete apps,https://play-lh.googleusercontent.com/-vSOLRqrl7zo/AAAAAAAAAAI/AAAAAAAAAAA/AMZuucnbFQUY37MSld2uRPkSfm5bMzfVxg/photo.jpg,Most of the pictures are rotated 90 degrees one direction or the other. Very frustrating.  I even rotated the original pictures to compensate but it did not help.  Droid Turbo,1,0,1.63,2015-10-15 16:37:00,,
gp:AOqpTOFcizEU-sLSJTxux_FHHLOJKjx21ICRqOFpoUv-YB-b9Non_yUp4WB-_JqB3v_K5K6Qptvx1uUGMRSq-ko,Dan Haworth,https://play-lh.googleusercontent.com/a-/AOh14GinpXeyYdfM1F2Gb563z-AspkawxC6Kq0zUMRHn,"What can I say, it's rare to find an app these days the does exactly what it says on the tin.. Can't fault it, paid for and got x",5,2,1.63,2015-04-24 09:27:29,,
gp:AOqpTOGF12gd_qMRznmCpsp7rG_MXZA7offfHBo7Q1h7zFedIUTdpL0fB4wHyWhOEXJOEys7Sagt4kTUrSK1D4E,Jody Jennings,https://play-lh.googleusercontent.com/a-/AOh14GipivNpQ36hOOojhLaLUlospAa6LvkNzKD2G0w3sg,"I was very disappointed in this widget. Extremely slow, not the way I wanted to view my photos.",1,0,,2014-12-15 19:44:37,,
gp:AOqpTOHg4A018jVcAvs6e5EYzFT7hFmYo98K0eZLXk7lH-468QNAM7htsgk62t7PGH8LIoBQvY3BtMmfeFkhCjU,Barry Hubble,https://play-lh.googleusercontent.com/a-/AOh14Ggtp7AW-APqpYTqjk1hJORvbFTzDebRvdEDW-CXZ9w,"Not bad, better than most that I have tried but please make availability of more Time changing setting's and will be perfect",5,0,1.63,2014-09-23 18:31:17,,
gp:AOqpTOGDC_NFKPx5TWauY0SM6bci1L9C8SsukgBirSDoSVJXotP8UthQFLzS8p4AP53n9dOrZTRcZy8Mgvgy3Ss,Harley Hadaway,https://play-lh.googleusercontent.com/a-/AOh14GhbyhqT7SQllDJxTLx02j16LDY_NMSZjf9AcyY-Mw,In battery stats this app uses more battery than everything but the screen.,3,2,1.63,2014-08-26 10:55:18,,
gp:AOqpTOFzj6LGZJ_TcIBfg6_wb7NN7JJSZdZ15PYoEIzsYO1EV9Hfyh7ca3aNq1b2u_bzq8nPIrpa1Ph_fGrlz1g,A Google user,https://play-lh.googleusercontent.com/EGemoI2NTXmTsBVtJqk8jxF9rh8ApRWfsIMQSt2uE4OcpQqbFu7f7NbTK05lx80nuSijCz7sc3a277R67g,There is no other photo frame widget like this! Works flawless. Lots of settings. Love it!,5,1,1.63,2014-07-19 15:53:11,,
gp:AOqpTOEiKKhiJ64nOnGfhuSGTUWH5_oH6VUC-N_OrNhX5ZCyNJu2UkYoEGeagArE5GJ_T-zEbFYdpe2Guy8L254,Patrick Shannon,https://play-lh.googleusercontent.com/a-/AOh14GjkxSNc_EL5ZYfWWk35XWKR77Py6ELjzJrOdJqEk2s,"I've had this app since, I think, the original Droid. Every once in a while I'll go looking for a better photo widget, but just keep coming back!",4,3,1.63,2014-06-28 16:18:40,,
gp:AOqpTOHuufZo3IPm5YYBlhcf6uEgchYw3dXYs84wrcVa1oO0_58KAbAbhphWY57Z6j-MLiUpqNvESnc6w0YYrzc,Pete Dunkel,https://play-lh.googleusercontent.com/a-/AOh14GiQNgcUmQMGjcblnLjmLVY8W105oE_6JABSXfIOFQ,almost perfect - plz add blacklist button (to prevent pics from show up again) and a save button. super app!,5,0,1.63,2014-06-10 14:20:04,,
gp:AOqpTOFqxbLLj14cxd84MPjmzqD3lmCZauXUcyI5GnLZy_Ppc3zFodd_MC2FXxo2E1LjJCohRpqLQTMJBe7Px4I,Christopher Harrison,https://play-lh.googleusercontent.com/a-/AOh14Gjsa1Lj1nxSYUpLEQj-AkmnTRSDsEyVI8EYLTxATw,Recent updates take this from 4 to 5 stars. Thanks.,5,0,1.61,2014-05-01 18:28:39,,
gp:AOqpTOGZ2GE5mPBFJvsJHrZ41ySGWT8C9KpzWGv6w3V_QVv6gsSdFshWSBX_vC512nerreo3KH7dVytRMI-s_hE,Orlando Castillo,https://play-lh.googleusercontent.com/a-/AOh14GgeugnP1OS6CFHEFexEkKQ1pphJcb5qBKEkBwCSSg,Love this widget! Been using it for years. Hope the developer integrates it with the Google daydream feature.,5,1,1.55,2014-04-17 22:12:03,,
gp:AOqpTOG31g-_ifyuJVK5shN9WeGvJlzsbISyoPHZSwTWul63h_XtsF9wGQHCbip3N6QhS5ONRNzs8jnqWWWIbC8,Carol Orr,https://play-lh.googleusercontent.com/-ogxD5Fnss8g/AAAAAAAAAAI/AAAAAAAAAAA/AMZuucny7U2_YBbrUqVBOYMvXzVHrVbNNA/photo.jpg,I have used this widget with all the phones that I have had. I like the app very much.  I look for this app every time I have to re-download my apps.   Thank you.,5,1,1.54,2014-04-16 15:47:52,,
gp:AOqpTOFU5qhi4ac_HHDLgSKrsFgtUe7RcoL9OQF1flGKIKwZD5XwZ1CYi63Z44NzajR6WiJ_Q3EPWxgG6Tf-Qr4,bill s,https://play-lh.googleusercontent.com/a-/AOh14Gj_3xUw8c9ZYEsKp1wzcq4qCaNjRNjp0NNdKo0gJQ,Either the app or?android 4.2.2 has stoped the free or paid version from working. When chosing a single image file the app goes into a continous loop. It is like it forgets the file chosen and just keeps asking you over and over and over. Tried ubinstalling and reinstalling to try and fix. Didnt work. Real bunnrr as i had liked it so much i bought it. But now its broken. Bummer as i used it alot on customizing my tablet screens. Please fix it!,1,0,1.53,2014-03-18 07:49:06,,
gp:AOqpTOH7oHxJ-cVv6gObsSXV44MQ-KaqMcmu9rPb72HYjc9NUZlMX88dVcREuOpSloBf0JZCg0I8YiFSuHVaF0c,IDLE 0095,https://play-lh.googleusercontent.com/a-/AOh14Gju1ysK3eO-ZOnJtBQuYard0P5Pqkc4cx885J6xT_4,I paid for this were is the update.,1,0,1.53,2014-01-15 15:21:50,,
lg:AOqpTOFPypMvMO30SiJ-HyhDYXnJF1k4AGdAnXC1LMFs75SmmETFoMHdgjCR7fXRguXwnhDF2zxJmFoGIJTOXMQ,A Google user,https://play-lh.googleusercontent.com/EGemoI2NTXmTsBVtJqk8jxF9rh8ApRWfsIMQSt2uE4OcpQqbFu7f7NbTK05lx80nuSijCz7sc3a277R67g,RIP widget.,1,0,1.53,2013-12-08 03:17:26,,
gp:AOqpTOHJz9WKZRkzUDAGPsfMt4liAWRXlBGqueCcZ3kZNh9gFaOJbNon1ezWP9hqzKMeb_h5o3SjkLfQ4OF3mLQ,Alexander Sprunt,https://play-lh.googleusercontent.com/a-/AOh14GgLENJ5xWE9sFpxKmyGye1p0tktO_30ivbW5UZyAA,"I bought the paid version for the Picasa integration, which works, but needs to be better. App requires you to enter your password and does not support two factor authentication, so an application specific password must be used. So far, just a little annoying. What really got me is that the password must be re-entered each time a new instantiation of the widget is created. But for that, I would rate higher.",3,1,1.53,2013-11-02 18:02:49,,
gp:AOqpTOEcJHmIOFeKLWovmrYBFVG8gOtMunTgnGOzcDHvU-cCbQEKhh3Zsso2kfxfbrN0didR9cTI6iDZ-T8s0SM,A Google user,https://play-lh.googleusercontent.com/EGemoI2NTXmTsBVtJqk8jxF9rh8ApRWfsIMQSt2uE4OcpQqbFu7f7NbTK05lx80nuSijCz7sc3a277R67g,Faultless. This won't be uninstalled any time soon!,5,0,1.53,2013-06-13 10:53:37,,
gp:AOqpTOG990cA9fHo2zI_gldS3B-uHxN9Nz1KJrxA0QQ6YhJRui0I2nE_uqi2YrAep1tq36eQ0BvL21WSMi-S_cg,Delbert Walsh,https://play-lh.googleusercontent.com/a-/AOh14GjhHVe_x2x6dMDCJgWGkwSW-fqliCTkR1b5Zc0e,Had free version for a while. Finally got around to trying what I wanted to do and it does the job. Decided to get paid version to help support devs. Thanks folks.,5,2,1.53,2013-05-22 11:56:16,,
gp:AOqpTOHYQGKoRGzpshbzwzdd894ZOopY5A_Nx_d17pnVectDOMwTXjiao4te5i-f5zPFiwmrnne9vD2FMuSOGms,Andrew Johnston,https://play-lh.googleusercontent.com/-JM1Qa_DNOGk/AAAAAAAAAAI/AAAAAAAAAAA/AMZuucnAYMmTHFZoA_rQRllV1AIDsgBGnA/photo.jpg,"This is an excellent widget with exactly the right functionality, but I'd love some larger or fully resizeable versions for my 10"" Galaxy Note.",4,0,1.53,2013-01-16 20:55:27,,
lg:AOqpTOE22tT_ouLOk6UKIPXskCoyCafkZwbY8mtsurKJfg2FJndMIS_jWToEPMBa0KD6mKLBNZeQlnjYhzdzt48,A Google user,https://play-lh.googleusercontent.com/EGemoI2NTXmTsBVtJqk8jxF9rh8ApRWfsIMQSt2uE4OcpQqbFu7f7NbTK05lx80nuSijCz7sc3a277R67g,The best,5,0,1.50,2013-01-10 21:58:32,,
gp:AOqpTOFVALleTz5hDcDYtpw0WwWgrpQbbGr0O20mQgjA-dQ025_juI766MRHFCVGSPD3Ww0ua3Xen1G8pvQtEmw,Lukas Vana,https://play-lh.googleusercontent.com/a-/AOh14Gg4_XY85T7-xK4Iglj9vlcKNzR8TGAKaNptZ_GiAQ,"Nice, but for images from Picasa it needs your credentials. You need to implement some OAuth. I don't want to provide credentials of my Google account, sorry.",3,0,1.53,2012-12-16 14:50:05,,
gp:AOqpTOFGiVPfdHlNiqVY2TS5jza9dvx8U18u4PNNZszwjScGzCMM1NlSGWW6Hg8V8zFH_Lm629tFNNSDQp0FvlQ,Shiro Okami,https://play-lh.googleusercontent.com/a-/AOh14GgwNISft-wLRf0jgLMdrMyx8rzP6ww-tC2wCquSZA,Exactly what I was looking for and works wonderfully!,5,0,1.53,2012-12-08 00:37:54,,
gp:AOqpTOF2FWve37WQTIGg7Sc5KvBXoehplD0fg7ihbuT_GiS87fDmZYlxpQNZZnd_1B2Xzb1_b17bPD90F_t6No4,A Google user,https://play-lh.googleusercontent.com/EGemoI2NTXmTsBVtJqk8jxF9rh8ApRWfsIMQSt2uE4OcpQqbFu7f7NbTK05lx80nuSijCz7sc3a277R67g,Freezes my SGSII if I try to make any changes.,2,0,1.53,2012-12-07 19:08:40,,
lg:AOqpTOHintfegkyXP8B2MrgblR3WVOu3oGeq1kt-iBCrRPWWVbbFLS5YjqAFnsaWlpZ89zX1h_C8rV29haHLxVY,A Google user,https://play-lh.googleusercontent.com/EGemoI2NTXmTsBVtJqk8jxF9rh8ApRWfsIMQSt2uE4OcpQqbFu7f7NbTK05lx80nuSijCz7sc3a277R67g,with Galaxy Nexus running ICS,4,0,1.53,2012-12-05 00:54:31,,
lg:AOqpTOFADO8rGlfUPqId3GccOBb0H3qyXRKJl00j2VZcrfh-ny2qsSPBHKwE-r4H8TbZ3Qe6PtV89eZNFiP9RD4,A Google user,https://play-lh.googleusercontent.com/EGemoI2NTXmTsBVtJqk8jxF9rh8ApRWfsIMQSt2uE4OcpQqbFu7f7NbTK05lx80nuSijCz7sc3a277R67g,Finally a photo frame that doesn't auto crop photos. I had a bunch of photos that I wanted to not have to edit. All other photo viewer widgets automatically crops photos and most you can't stop. If u want a simplistic photo viewer widget give this one a go! Has a free version too.,5,0,1.53,2012-11-26 10:07:24,,
lg:AOqpTOFeqr0CqeLSDoMOgETL9EZ_NKtApsDri37nYA1ANwbe6Cgw4xLKh2FWjZKVCt4lbosQ95fNTBasdYLRcNQ,A Google user,https://play-lh.googleusercontent.com/EGemoI2NTXmTsBVtJqk8jxF9rh8ApRWfsIMQSt2uE4OcpQqbFu7f7NbTK05lx80nuSijCz7sc3a277R67g,Works well. Need an option to change pictures more frequently than 15 second.,4,0,1.53,2012-11-21 17:20:20,,
lg:AOqpTOFYSKQHHIOtdns0Auo7ovpnO1z8jPIEglueXoU1beqzl9fsAuMycWcVwrKMw25jqb0GCkXZLKl-vUybO4Y,A Google user,https://play-lh.googleusercontent.com/EGemoI2NTXmTsBVtJqk8jxF9rh8ApRWfsIMQSt2uE4OcpQqbFu7f7NbTK05lx80nuSijCz7sc3a277R67g,"Does exactly what it says. Some options I'd like to see: presets - being able to setup some preset  slideshows, depending on your mood, would be a great addition. As it stands, going into settings to select a different folder is cumbersome.  Would also like to see the tap options a little larger, for those of us with fat fingers.  Update 11-4-12: I'm revising my review. I've come across a few problems. The settings don't seem to be saved. I'll choose a folder and options, including turning recursive off. After an undetermined amount of time, the recursive option turns itself on. And when I try to turn it off, the app forces closed, and all options revert back to the defaults. I've knocked this down from 5 stars to 3, because of this problem, and because the authors do not respond to emails. This isn't a free app, so some support is expected.",3,0,1.53,2012-11-04 11:35:36,,
lg:AOqpTOFei3jZB31MML3zUjT2BHwqmgvFJ2J1MB3xqa0K1xmtwcK7B2TQJLzGdQ_FXo_vkoCEh0JjCbky_6sAHd8,A Google user,https://play-lh.googleusercontent.com/EGemoI2NTXmTsBVtJqk8jxF9rh8ApRWfsIMQSt2uE4OcpQqbFu7f7NbTK05lx80nuSijCz7sc3a277R67g,"Love this product! Would like to see two minor features to make it a five. How about a shorter update frequency? For such small pictures, I'd prefer 5 seconds. And the second, being about to rotate to landscape when viewing landscape photos so they are bigger. Thanks for a great product and I'm more than happy that I bought it.",4,1,1.53,2012-10-30 16:55:07,,
lg:AOqpTOGxOw-18Tf9ludLN67lCX0pQniEdhwqI5VyUnH9nYijfUpIQ7gBUU_WZdACUcDL_MePZVHodUnaG4OCKCY,A Google user,https://play-lh.googleusercontent.com/EGemoI2NTXmTsBVtJqk8jxF9rh8ApRWfsIMQSt2uE4OcpQqbFu7f7NbTK05lx80nuSijCz7sc3a277R67g,Works ok for a few days then dies...DON'T WASTE YOUR CASH. HTC sensation,1,0,1.53,2012-10-30 07:45:55,,
lg:AOqpTOHqf1jl3SqcQz-DEf0shpvA8yZSQQ7yw3hCnsZcwWDJGhX3oNRMgIuqkjkPKVlhP1FyuZO9XiX14ifmwhM,A Google user,https://play-lh.googleusercontent.com/EGemoI2NTXmTsBVtJqk8jxF9rh8ApRWfsIMQSt2uE4OcpQqbFu7f7NbTK05lx80nuSijCz7sc3a277R67g,"Love it however:  Can't enter more than one item in image search. Did not accept my Picasa credentials.  I contacted them by email, let's see how long it takes for a reply.",3,0,1.53,2012-10-11 00:31:56,,
lg:AOqpTOGGBPk6mozCDuZFz3WOLNRiTdDuArsASI07CUThLwqer4CejM3Rie6BcrH5SN4VDe-8YR0kmaZW8rCJ4-M,A Google user,https://play-lh.googleusercontent.com/EGemoI2NTXmTsBVtJqk8jxF9rh8ApRWfsIMQSt2uE4OcpQqbFu7f7NbTK05lx80nuSijCz7sc3a277R67g,I don't believe this works on the Nexus 7. Disappointment.,1,0,1.53,2012-09-29 08:43:17,,
lg:AOqpTOHm4qkPWM4e-nqVwxZPJMD-FgoJEjDsD-vYTZkXg950bzvJQLBenrakagr5BBQCVgYJ3almHc-0-ENRWNU,A Google user,https://play-lh.googleusercontent.com/EGemoI2NTXmTsBVtJqk8jxF9rh8ApRWfsIMQSt2uE4OcpQqbFu7f7NbTK05lx80nuSijCz7sc3a277R67g,Like the frame selection a lot. Great job.,5,0,1.53,2012-08-21 13:06:24,,
lg:AOqpTOHq0WUKZw93G_qkMzTWzaWm2ehzGI9WXZFHqCfC2r53n-75xxxoA9T4FqPzX6NEdGDq5YKNYvBAtHwjNX0,A Google user,https://play-lh.googleusercontent.com/EGemoI2NTXmTsBVtJqk8jxF9rh8ApRWfsIMQSt2uE4OcpQqbFu7f7NbTK05lx80nuSijCz7sc3a277R67g,Does what it should do accept for one issue.  It ignores picture rotation so portrait photos are not displayed correctly. At least from a selection of iPhone photos. If fixed super.,3,0,,2012-08-14 07:14:03,,
lg:AOqpTOH-RB7MSNgXLoiFzDF44KOM95aDNSTs9ppvikA6iIdbGwjZOa0QQ5HJIRFYhk47gXYFntqYDEXMfAc6kGQ,A Google user,https://play-lh.googleusercontent.com/EGemoI2NTXmTsBVtJqk8jxF9rh8ApRWfsIMQSt2uE4OcpQqbFu7f7NbTK05lx80nuSijCz7sc3a277R67g,Keeps force closing and freezing. Frame selection is very limited.,2,0,1.53,2012-08-05 12:33:51,,
lg:AOqpTOFtgEdh-5TmU37Z3H_FJvnJiXfsIaoOq_r4puqVKWMRjRdln6eNLNY0G8rBzNuS4TufYeMNwJdJV_V2C-g,A Google user,https://play-lh.googleusercontent.com/EGemoI2NTXmTsBVtJqk8jxF9rh8ApRWfsIMQSt2uE4OcpQqbFu7f7NbTK05lx80nuSijCz7sc3a277R67g,I have tried wifi and cell connection but still cannot verify license.  If you want to make your app this much trouble at least improve it a little.   Image quality could certainly be better on some images.,1,0,1.53,2012-07-20 19:40:26,,
lg:AOqpTOFee24XOrBsPqOVutVG4PujSqYzO0a0pEajWc6SNcz9Ld8to97bieDZQhqR9Wr-EU0SM2X1OA3mBWR4egw,A Google user,https://play-lh.googleusercontent.com/EGemoI2NTXmTsBVtJqk8jxF9rh8ApRWfsIMQSt2uE4OcpQqbFu7f7NbTK05lx80nuSijCz7sc3a277R67g,Also sets a completely useless icon in your app drawer. Better free options available.,1,0,1.53,2012-07-19 02:22:55,,
lg:AOqpTOFIgaMCiPtcee8FbUdxwUXpzXCRADCdm0odzaox45qNGUSO2URQQVEbm6ceyGvN4IfquKEIgDYj7laVh0U,A Google user,https://play-lh.googleusercontent.com/EGemoI2NTXmTsBVtJqk8jxF9rh8ApRWfsIMQSt2uE4OcpQqbFu7f7NbTK05lx80nuSijCz7sc3a277R67g,It does what it says but the resolution of the pics are quite low on my Nexus.  Makes nice pics looks blurry. Barely usable without improvement in resolution.,3,0,,2012-07-04 00:09:13,,
lg:AOqpTOEu7fsyh8llpv9Nwof6cmNsRbvH_Ihj9RM__7J4K7pTEQI1OfuSzlY4s9HdWblZDKR8zVbovfX5r_T7Eh4,A Google user,https://play-lh.googleusercontent.com/EGemoI2NTXmTsBVtJqk8jxF9rh8ApRWfsIMQSt2uE4OcpQqbFu7f7NbTK05lx80nuSijCz7sc3a277R67g,Would be super amazing but it crashes every time I try to put the change time on 15 seconds,4,0,,2012-06-29 14:00:39,,
lg:AOqpTOEhg80OZPFKbPh1r_MAmbcsZoQIiQqsekCuGWIXbn8o_x4XQo13feZdS0QQSzA1rIiFvfmMuxQRK2xjQVA,A Google user,https://play-lh.googleusercontent.com/EGemoI2NTXmTsBVtJqk8jxF9rh8ApRWfsIMQSt2uE4OcpQqbFu7f7NbTK05lx80nuSijCz7sc3a277R67g,"Can't zoom, can't size to fit frames, can't google search.   Not worth the cost.",1,0,,2012-06-24 22:40:39,,
lg:AOqpTOGn5JEeLRLH7Jzt6yMYQ-9jRcGaF0ISy6H5JPldsDb6gKAPdxpPf4u-j3GGbXp2OvqnxUL2O9ZQPSN-ImA,A Google user,https://play-lh.googleusercontent.com/EGemoI2NTXmTsBVtJqk8jxF9rh8ApRWfsIMQSt2uE4OcpQqbFu7f7NbTK05lx80nuSijCz7sc3a277R67g,"Could have better variety of frames, but solid.",4,0,1.53,2012-06-18 23:27:46,,
lg:AOqpTOEI5msUse6wCO0Roa5Xgx-_kSvsILcaIb84VTVvhUtmAFFONZomUdD3PlTFf3fs0Hg_-IyyQrTLHsyFK_I,A Google user,https://play-lh.googleusercontent.com/EGemoI2NTXmTsBVtJqk8jxF9rh8ApRWfsIMQSt2uE4OcpQqbFu7f7NbTK05lx80nuSijCz7sc3a277R67g,Can't choose any specified folder (HTC one x),1,0,1.53,2012-06-14 05:02:45,,
lg:AOqpTOGiVCNYqkq4sdsqgoreqdsv5Rq_d3AIhr9qSf6zw7xsobaqrU6Nf05t8jnlVGvHueaxBMRXNdGCgp_IAaQ,A Google user,https://play-lh.googleusercontent.com/EGemoI2NTXmTsBVtJqk8jxF9rh8ApRWfsIMQSt2uE4OcpQqbFu7f7NbTK05lx80nuSijCz7sc3a277R67g,I have ran across a small bug though been using this for over 3 months and I love it. I've used the thin white border and sometimes after a long sleep it is thicker. Thought it was the pic but its not. Still this works very well,4,0,1.53,2012-05-30 12:16:11,,
lg:AOqpTOFgG9MWegEgSDDpy5sK52Isro7EyrUlkBuQQV1iYSnuuvXOgxUdyn7qa9Jv-weIk3bOd_dDunfGNL5kuWI,A Google user,https://play-lh.googleusercontent.com/EGemoI2NTXmTsBVtJqk8jxF9rh8ApRWfsIMQSt2uE4OcpQqbFu7f7NbTK05lx80nuSijCz7sc3a277R67g,"Please add bigger sizes for tablet use.  Otherwise, no 4 or 5 star rating.  I can even deal with the non-tablet optimized menu, just bigger sizes please.",3,1,1.53,2012-05-15 12:36:18,,
lg:AOqpTOFy9y-YT9oDNTIFydBp-V_pXFgj7LNtLOKHHnlOBk9qagrDnSIVGkqyjFzsrc6rizp0NVkUEk7Ff1oVgCw,A Google user,https://play-lh.googleusercontent.com/EGemoI2NTXmTsBVtJqk8jxF9rh8ApRWfsIMQSt2uE4OcpQqbFu7f7NbTK05lx80nuSijCz7sc3a277R67g,Doesn't take some files.  No pinch-zoom option.  Poor support.,1,0,1.53,2012-05-03 14:51:46,,
lg:AOqpTOHk17m2ptYjXIhevj2qwSOiCrUJsB38NYs07Q9rZMbWYk_TMfOWzKiOWeVd5GniBqJJTnCqEQ8JV59ih5k,A Google user,https://play-lh.googleusercontent.com/EGemoI2NTXmTsBVtJqk8jxF9rh8ApRWfsIMQSt2uE4OcpQqbFu7f7NbTK05lx80nuSijCz7sc3a277R67g,"I used the free version for awhile and it worked great, but I wanted a 3x3 frame and more photos in the slideshow.  If you have the free version you need to uninstall it to get this version to work properly (you can uninstall it after you install this version).",5,3,1.53,2012-04-24 13:39:58,,
lg:AOqpTOEeyfptsje589ovDrLhb9LKiNcDIlvmOtij7AX0nXGilGdROK0NsBd4Y-dhy6tDyl2cT_gxfUhJOb1KnQ4,A Google user,https://play-lh.googleusercontent.com/EGemoI2NTXmTsBVtJqk8jxF9rh8ApRWfsIMQSt2uE4OcpQqbFu7f7NbTK05lx80nuSijCz7sc3a277R67g,Using on xoom tablet ics 4.0.4 and Galaxy Nexus ics 4.0.4,4,0,1.53,2012-04-11 22:24:24,,
lg:AOqpTOElJgW3ohQaNyXsa_L_dxuJJAhSXdmJBU2oOfB-NeR_7lFND6BMbMJuvOPEfiLS-1DnIDySXMu5_4KtCBc,A Google user,https://play-lh.googleusercontent.com/EGemoI2NTXmTsBVtJqk8jxF9rh8ApRWfsIMQSt2uE4OcpQqbFu7f7NbTK05lx80nuSijCz7sc3a277R67g,"Galaxy note:  Works good, just needs more sizes and frames. Try the free one first.  Also photos come put the wrong rotation, only way to fix is open in picsay, save the pic, and use the picsay pic. This will open it the correct angle.",3,1,1.53,2012-03-13 19:39:25,,
lg:AOqpTOEJaFzEX8jI7bwLOVC28Ub11l8i2Kd57KcznvS9G4lzb704rAiWXvG7d6XEpaoUm54p-eiGlljCIEyF8_4,A Google user,https://play-lh.googleusercontent.com/EGemoI2NTXmTsBVtJqk8jxF9rh8ApRWfsIMQSt2uE4OcpQqbFu7f7NbTK05lx80nuSijCz7sc3a277R67g,Choosing frame works great first time but crashes if you change it. Polaroid frame just gives a vertical stripe with no photo,4,0,1.53,2012-03-05 10:36:51,,
lg:AOqpTOHvp8wfMQAroipHd9N0wqT2mZO3P50y_uVTiaYYrsbAbmeWVMQmPiPXtnUOqZxQ4gSlQpp15mMpPi71w5U,A Google user,https://play-lh.googleusercontent.com/EGemoI2NTXmTsBVtJqk8jxF9rh8ApRWfsIMQSt2uE4OcpQqbFu7f7NbTK05lx80nuSijCz7sc3a277R67g,"Works well enough. Has a force close bug when changing frame, but this is easily worked around. After a while searching this is my favourite picture viewing widget due to ease of use and the variety of sizes available (including 3x2). Not sure why the developer didn't think to mention the sizes in the description... Also do not count on ANY support from the dev. I recommend downloading and check it does what you need it to do. If not, get an instant refund via the market.",3,3,1.53,2012-03-03 02:47:20,,
lg:AOqpTOFskKZ2d_QkWJCBK1bZjm13SsSOZXjKWSkzRnWYRhpDHIf7lM1CgVoCzAL5JD33wdmPE2lNGvM1mgWIKO0,A Google user,https://play-lh.googleusercontent.com/EGemoI2NTXmTsBVtJqk8jxF9rh8ApRWfsIMQSt2uE4OcpQqbFu7f7NbTK05lx80nuSijCz7sc3a277R67g,Works good but force closes when editing an existing frame. Feature Suggestion: Add picture change on phone unlock. Samsung Galaxy Prevail,4,1,1.53,2012-02-16 07:04:33,,
lg:AOqpTOH4-R3fwEytWsSiio2RcAvx08Mja0Nbnmu3ReczQrddo3whGpWCfpAriTM21MfWscKnA10ymlzpU1j8b4s,A Google user,https://play-lh.googleusercontent.com/EGemoI2NTXmTsBVtJqk8jxF9rh8ApRWfsIMQSt2uE4OcpQqbFu7f7NbTK05lx80nuSijCz7sc3a277R67g,"Best one I've purchased! It would be great if you could make the images ""still"" :)",5,1,1.53,2012-02-11 08:54:15,,
lg:AOqpTOEBRaytShimCNsbuhCSn_zO7jXc-hHHvJz3b8UWmQUAfFHoW1FtB7kDOpEWO_2sEdew5jaAkQmfQDGA34M,A Google user,https://play-lh.googleusercontent.com/EGemoI2NTXmTsBVtJqk8jxF9rh8ApRWfsIMQSt2uE4OcpQqbFu7f7NbTK05lx80nuSijCz7sc3a277R67g,"I wish I could rotate the image into landscape instead of portrait mode all the time. Once fixed, I will rate higher!... DROID x.",4,1,1.53,2012-02-01 23:54:50,,
lg:AOqpTOFPj1uoX_6HKrmcspxTLwuACBuoWBwisameT8kF2SBFaV-DljXrdVnhPa4yFS_7ms5hivB3OewJWs9p6L4,A Google user,https://play-lh.googleusercontent.com/EGemoI2NTXmTsBVtJqk8jxF9rh8ApRWfsIMQSt2uE4OcpQqbFu7f7NbTK05lx80nuSijCz7sc3a277R67g,Google search type of pic or site name results are used as slideshow in widget that auto resizes to fit pics.  Perfect!  dsc streak gingerbread,5,1,1.53,2012-01-22 03:27:09,,
lg:AOqpTOHxhZTeLr7jGJF4bK4m6EJPXy-mi3KFDdAuPlwc4087ACrTRhteQaY5kV_n63xD1eegg8e8bFLD6dYv6MQ,A Google user,https://play-lh.googleusercontent.com/EGemoI2NTXmTsBVtJqk8jxF9rh8ApRWfsIMQSt2uE4OcpQqbFu7f7NbTK05lx80nuSijCz7sc3a277R67g,"Stay away. Poorly written, buggy, licensing doesn't work... DISASTER!!",1,0,,2011-12-28 19:30:30,,
lg:AOqpTOE_QsPQX4EwnSLkJc7xEetgcmWqJDEoWZK-7ITEtkQrlkj-0rTfx0H9_DKr1h0OspWGEd27LjGQTKBDle8,A Google user,https://play-lh.googleusercontent.com/EGemoI2NTXmTsBVtJqk8jxF9rh8ApRWfsIMQSt2uE4OcpQqbFu7f7NbTK05lx80nuSijCz7sc3a277R67g,"Stunning on HTC Flyer. Has all the options I want and works beautifully. You can choose to have no frame if you want, which I prefer. Twice as many 5-star ratings as any other says it all.",5,3,1.53,2011-12-20 08:09:55,,
lg:AOqpTOHh3TnGII1Uljv91WojFIkHZANN52N3QXMaj-4x1W7MotcAg6SCiVLoHANnyAwaVZDVbW7Vnck8Yob1bws,A Google user,https://play-lh.googleusercontent.com/EGemoI2NTXmTsBVtJqk8jxF9rh8ApRWfsIMQSt2uE4OcpQqbFu7f7NbTK05lx80nuSijCz7sc3a277R67g,"works swell , great for slideshows",5,1,1.53,2011-12-16 23:56:33,,
lg:AOqpTOGr6ogRoViUmoQKHwxfddqG3_c8KDXQvEwfn4uotmTUtztvBtQYD2nIMUmUwc-2RT7-aLbOxXljJFByjpo,A Google user,https://play-lh.googleusercontent.com/EGemoI2NTXmTsBVtJqk8jxF9rh8ApRWfsIMQSt2uE4OcpQqbFu7f7NbTK05lx80nuSijCz7sc3a277R67g,"Makes my Droid Bionic and my Galaxy Tab run like crap. Even after hard reset of both devices. Not even a ""too bad, so sad"" email response. Beware!!!",1,0,1.53,2011-11-02 16:09:43,,
lg:AOqpTOFB5hJOCfx4slLgOqlf_G77c_n93YcJ6CodegooHNI3TU3iQKbOO8yxngAw33HTYOE_YWh5h5P7yeEUqhc,A Google user,https://play-lh.googleusercontent.com/EGemoI2NTXmTsBVtJqk8jxF9rh8ApRWfsIMQSt2uE4OcpQqbFu7f7NbTK05lx80nuSijCz7sc3a277R67g,App won't log into picasa. Says my account details are incorrect. Waste of money.,1,2,1.53,2011-09-22 13:11:35,,
lg:AOqpTOEGsMtowF3EhHC08xtklDUvQwsznEPdGkD-SZ2_siELljT7onieqQbkm7MfmN9DK-27nenJi4bpQxQXZSQ,A Google user,https://play-lh.googleusercontent.com/EGemoI2NTXmTsBVtJqk8jxF9rh8ApRWfsIMQSt2uE4OcpQqbFu7f7NbTK05lx80nuSijCz7sc3a277R67g,Good job fixin it!,5,1,1.53,2011-09-17 13:37:47,,
lg:AOqpTOEd_qg84s9knlUEBv_GhfCZGaZCG6SKi24lYcyZyG39-tFq0ae9CN5K06u5ymq-zOsXNMygSm5IupDbkeo,A Google user,https://play-lh.googleusercontent.com/EGemoI2NTXmTsBVtJqk8jxF9rh8ApRWfsIMQSt2uE4OcpQqbFu7f7NbTK05lx80nuSijCz7sc3a277R67g,Can it be changed to 5 second picture change?,4,0,1.53,2011-09-14 09:40:04,,
lg:AOqpTOG-DfHcdowKowp2ynXbMa-E2WssF7aDUGkHrOp3hyJEgkthwDoIPcOfnpoqb0eir1K4lYzuj-2AwY5vri8,A Google user,https://play-lh.googleusercontent.com/EGemoI2NTXmTsBVtJqk8jxF9rh8ApRWfsIMQSt2uE4OcpQqbFu7f7NbTK05lx80nuSijCz7sc3a277R67g,I love it! But everything I restart my phone it disappears and I have to reload it all over again.,4,1,1.53,2011-08-17 11:54:50,,
lg:AOqpTOGNyw1LjTw9xNg3AjL_bpMX2B2Fr6j0zVyqiYXZHfEiom4hEopPrlyrQSeVPEi77Hnx5q2jaUTM66yp1Hs,A Google user,https://play-lh.googleusercontent.com/EGemoI2NTXmTsBVtJqk8jxF9rh8ApRWfsIMQSt2uE4OcpQqbFu7f7NbTK05lx80nuSijCz7sc3a277R67g,"Doesn't start up. Very frustrating! I get a message (on Galaxy Tab) saying ""Unable to contact Android Market to verify your license code"".",1,2,1.53,2011-08-05 08:36:23,,
lg:AOqpTOGF9EcFi9EX24YIUZQ3nMR64yWJHdPCYJuqlZ5G4_HEb2d1B1IoamShizhxXF7SigGKtOBgMF_CtSK4tXM,A Google user,https://play-lh.googleusercontent.com/EGemoI2NTXmTsBVtJqk8jxF9rh8ApRWfsIMQSt2uE4OcpQqbFu7f7NbTK05lx80nuSijCz7sc3a277R67g,Seems to be working again,4,0,1.53,2011-07-26 14:33:47,,
lg:AOqpTOGZ9p167IiOZU3Ntz_XP0hNXl2eQOWS3Q8x46JvWRng6kJBdYNuUAn8_UhwCVIurQiU3YRuSCdtmI71MjY,A Google user,https://play-lh.googleusercontent.com/EGemoI2NTXmTsBVtJqk8jxF9rh8ApRWfsIMQSt2uE4OcpQqbFu7f7NbTK05lx80nuSijCz7sc3a277R67g,Cant talk to market....shame really the free one worked fine!,1,2,1.52,2011-07-23 14:27:30,,
lg:AOqpTOGrMqcGs4mSZvRHVygpytWc-Hmu_YyDmsx_Cte3p-8kgq1DL-aC6n646l_0MOjBlCFzgal-4vWZJysldYE,A Google user,https://play-lh.googleusercontent.com/EGemoI2NTXmTsBVtJqk8jxF9rh8ApRWfsIMQSt2uE4OcpQqbFu7f7NbTK05lx80nuSijCz7sc3a277R67g,Still freezing on one pic.,1,0,1.52,2011-07-21 18:14:53,,
lg:AOqpTOGTp-2-xqqn1ZCVdjjDdsDobToIJbu3LuVfMN4bUP6doSgv_By4btxNEBbL3a154lYydpPXbRckQ_0DLKo,A Google user,https://play-lh.googleusercontent.com/EGemoI2NTXmTsBVtJqk8jxF9rh8ApRWfsIMQSt2uE4OcpQqbFu7f7NbTK05lx80nuSijCz7sc3a277R67g,Tried the free version and wanted to scroll thru more than 10 pix. Then bought the paid version. Works well! Pinch zoom soon? Rooted Evo 4G,5,0,1.52,2011-07-21 12:33:26,,
lg:AOqpTOGmtEON1tOlqPsobpBDXAwfztq9H3jzbqrzjbPLyL0DoQzro_5ww4CqHitIRpT-ATr46tdCtjFzigsc_RQ,A Google user,https://play-lh.googleusercontent.com/EGemoI2NTXmTsBVtJqk8jxF9rh8ApRWfsIMQSt2uE4OcpQqbFu7f7NbTK05lx80nuSijCz7sc3a277R67g,Update ruined it. No customer support. Pic doesn't change now. - myTouch 4G,1,1,1.50,2011-07-18 19:18:13,,
lg:AOqpTOFHVYxUMpuVcaOGRdlOSsPq_Q7HDUX8-7rETDqmTjE1rzHgAE29wJPStLA5CM17GiR408iP50lcaF03EZM,A Google user,https://play-lh.googleusercontent.com/EGemoI2NTXmTsBVtJqk8jxF9rh8ApRWfsIMQSt2uE4OcpQqbFu7f7NbTK05lx80nuSijCz7sc3a277R67g,The widget configuration screen doesn't size to a tablet and frames look awful.,2,1,1.53,2011-07-13 15:01:35,,
lg:AOqpTOG32yRiirB-yt1aE_iwgRCczIIiuk135jv7HD4a455j2crJqtNdETfzdv4pAzCQJlT6Tr5NPsxUK9CQte0,A Google user,https://play-lh.googleusercontent.com/EGemoI2NTXmTsBVtJqk8jxF9rh8ApRWfsIMQSt2uE4OcpQqbFu7f7NbTK05lx80nuSijCz7sc3a277R67g,Picture doesn't change. Getting refund,1,1,1.52,2011-06-29 06:34:04,,
lg:AOqpTOHRm4uNInCUwlADgZv1Cp-Hz__5hM4DwALb6ySvyCuzLhUp22yqyYOWec4zc2lH7xtHm_316mKVzclG15k,A Google user,https://play-lh.googleusercontent.com/EGemoI2NTXmTsBVtJqk8jxF9rh8ApRWfsIMQSt2uE4OcpQqbFu7f7NbTK05lx80nuSijCz7sc3a277R67g,Out of every other photo widget I consider this one the best. Even the free version is better than most its competitors. The best thing about this widget is that you can actually choose ANY size to fit your screen.,5,2,1.53,2011-06-25 17:29:01,,
lg:AOqpTOGEGhUKYomVcGoK-n-vNyGt-7y8ux6ofFIXawyUjtks5TwC_mligLMh0jTcycdqgXwJ92ClQbRICtO_6aU,A Google user,https://play-lh.googleusercontent.com/EGemoI2NTXmTsBVtJqk8jxF9rh8ApRWfsIMQSt2uE4OcpQqbFu7f7NbTK05lx80nuSijCz7sc3a277R67g,Was 5 star before latest update now out won't update the pictures,3,0,1.52,2011-06-19 13:16:21,,
lg:AOqpTOEeFgIebEnvx73MxpYQTUVos-aD140UTI0TWK7aJewWmBHfqNySCKdvoQyX2-887Md2KyvNi7dH8JdV2sw,A Google user,https://play-lh.googleusercontent.com/EGemoI2NTXmTsBVtJqk8jxF9rh8ApRWfsIMQSt2uE4OcpQqbFu7f7NbTK05lx80nuSijCz7sc3a277R67g,New update still did not fix the disappearing-widget-after-reboot bug. I luv this app but please make it work! DroidX 2.3.3 Gingerbread,3,1,1.51,2011-06-11 20:12:19,,
lg:AOqpTOFejrmhHpj4DfcSdiXklQ-2IoP8Ym6YAC-f-drFHdaSplZ2LfWm1CR7SCa5WINd0d50cWtZOEqSvQNUOPw,A Google user,https://play-lh.googleusercontent.com/EGemoI2NTXmTsBVtJqk8jxF9rh8ApRWfsIMQSt2uE4OcpQqbFu7f7NbTK05lx80nuSijCz7sc3a277R67g,June 11 update appears to fix the problems.,5,0,1.52,2011-06-11 10:03:41,,
lg:AOqpTOHHh02J7p5s8wSjdfIRTASvavGw-bR8ioKxGDV-OUCyHBnpmk94depn65LLtJpfF6nQ0yFWJ3cljdPqfkw,A Google user,https://play-lh.googleusercontent.com/EGemoI2NTXmTsBVtJqk8jxF9rh8ApRWfsIMQSt2uE4OcpQqbFu7f7NbTK05lx80nuSijCz7sc3a277R67g,Does not work after reboot.,1,1,1.51,2011-06-08 15:10:52,,
lg:AOqpTOFU_de39UF4D7aDh5qXRU1jvIG_cC-7BRdAIljkIrqQdMThY_g76SntZBw11wp685ZZ-mv_oXuI8UZ3YDg,A Google user,https://play-lh.googleusercontent.com/EGemoI2NTXmTsBVtJqk8jxF9rh8ApRWfsIMQSt2uE4OcpQqbFu7f7NbTK05lx80nuSijCz7sc3a277R67g,B R O K E N.,1,1,1.44,2011-06-08 12:22:04,,
lg:AOqpTOHpz1ARGNH561NGcYiTYkraS8jwI1kF-XLTIRETUrwfU921piGQa41g4dNTgW5W72RSEC3vsEUEhjnXsVI,A Google user,https://play-lh.googleusercontent.com/EGemoI2NTXmTsBVtJqk8jxF9rh8ApRWfsIMQSt2uE4OcpQqbFu7f7NbTK05lx80nuSijCz7sc3a277R67g,Was good before an update. Now it freezes on a single pic. It's ridiculous,3,0,1.50,2011-06-05 14:28:51,,
lg:AOqpTOHRGzbrrQidKH_NAdUOKmSRONKv3fEqzBf_xhyulFo2dTu1KoALnx9TNiG6SjLqaWD7fnTusOMikyLpHic,A Google user,https://play-lh.googleusercontent.com/EGemoI2NTXmTsBVtJqk8jxF9rh8ApRWfsIMQSt2uE4OcpQqbFu7f7NbTK05lx80nuSijCz7sc3a277R67g,"Lastest update broke all my frames,fix plz! It was fantastic till the update!",2,0,1.50,2011-06-01 15:24:43,,
lg:AOqpTOEH3ToN4yRL3YGwhpRum0TFq_LtRVDJVMa5fgmqzxUrY_YUHq8g_QH6BIQA5uwcDlVpj-oBf3yLKV0hdUo,A Google user,https://play-lh.googleusercontent.com/EGemoI2NTXmTsBVtJqk8jxF9rh8ApRWfsIMQSt2uE4OcpQqbFu7f7NbTK05lx80nuSijCz7sc3a277R67g,I loved this application until the last update. Since that update the widget disappears after powering off the phone or if it is rebooted.,2,2,1.50,2011-05-31 16:08:04,,
lg:AOqpTOFtnsBQ1xTpm_mEq6YpmpeaViEBHefbI4wQ5LVpjP_1I_3ABDdPje_qVfx2WpNgHUPR5zcTW10sSttiaMc,A Google user,https://play-lh.googleusercontent.com/EGemoI2NTXmTsBVtJqk8jxF9rh8ApRWfsIMQSt2uE4OcpQqbFu7f7NbTK05lx80nuSijCz7sc3a277R67g,"UI bar often does not react to tapping. Needs frame manager and less obtrusive frames. Still, the best pic widget.",4,0,1.50,2011-05-30 00:24:21,,
lg:AOqpTOFYNHBlUMOmKZOpj_S1BITxKuYcpPn70wiNE5aaeu_SrlMVy5sJWwdhOdV_glMFMj2tSV-qsNkmClbszl0,A Google user,https://play-lh.googleusercontent.com/EGemoI2NTXmTsBVtJqk8jxF9rh8ApRWfsIMQSt2uE4OcpQqbFu7f7NbTK05lx80nuSijCz7sc3a277R67g,Current update borked the widget. Photo is blank after a reboot. Reverting back to v 1.44 for now.,3,0,1.44,2011-05-28 05:52:22,,
lg:AOqpTOGPxU0Mkuo2z7CaFhIbJZ5vjXR4AX_27be7qb8aeDbDNMrie3mjZvGL79Jx8LPU0gjOwljg1lY6WdddjMs,A Google user,https://play-lh.googleusercontent.com/EGemoI2NTXmTsBVtJqk8jxF9rh8ApRWfsIMQSt2uE4OcpQqbFu7f7NbTK05lx80nuSijCz7sc3a277R67g,"It can't run multi thread - one thread ONLY. If you run two instances of the widget, after the reboot, they all will be blank!",2,0,1.44,2011-05-06 20:45:51,,
lg:AOqpTOHsc8lM1nyNK-qfcZroLDEQoM-iUTd2JLKOrak7DWPN6YrN0GGZXqMvkS7DXlKqMSEXIc49MjOi59HVqZ0,A Google user,https://play-lh.googleusercontent.com/EGemoI2NTXmTsBVtJqk8jxF9rh8ApRWfsIMQSt2uE4OcpQqbFu7f7NbTK05lx80nuSijCz7sc3a277R67g,Only one widget at a time works reliably. Others are blank after reboot.,3,0,1.44,2011-04-11 06:42:09,,
lg:AOqpTOESCmkTONhfI4Enjrz-lPzQIeLdM1ESeB7tx5i4tdIVjwDtou6xv_cAYbX460L28oxy2vmAD4f7D7sdits,A Google user,https://play-lh.googleusercontent.com/EGemoI2NTXmTsBVtJqk8jxF9rh8ApRWfsIMQSt2uE4OcpQqbFu7f7NbTK05lx80nuSijCz7sc3a277R67g,"'Thin Solid' frames won't show in settings, and if selected cause widget to flicker and disappear since last update. Samsung vibrant",3,0,1.44,2011-03-30 11:18:36,,
lg:AOqpTOGBirpZ-zWx43DtdLTw8wAUge-5i4egGxOuGVahM-zqIEjT1Cv4c7H1-haGe5mOd8hDTx2o9E5vqPBRUls,A Google user,https://play-lh.googleusercontent.com/EGemoI2NTXmTsBVtJqk8jxF9rh8ApRWfsIMQSt2uE4OcpQqbFu7f7NbTK05lx80nuSijCz7sc3a277R67g,Can't load pics from a folder. Able to find the folder. Won't link. Choices 1) one picture or 2) EVERY image on your phone. No help or guide feature.,1,0,1.44,2011-03-18 17:40:56,,
lg:AOqpTOFNf4GMbc8iO5_QhF_Xy9JAqKIJ4dMc7t37uRMSiorWdmSNp983sNZzhTMaAC6tDoZZc6ahOrBIluVdb4g,A Google user,https://play-lh.googleusercontent.com/EGemoI2NTXmTsBVtJqk8jxF9rh8ApRWfsIMQSt2uE4OcpQqbFu7f7NbTK05lx80nuSijCz7sc3a277R67g,This app came with photos I did not want and.mixed them with my photos. The shortest change time is 15 seconds..to long of a wait...,2,0,1.44,2011-03-16 22:40:46,,
lg:AOqpTOFRcoSSskcwuv6YZZqh60wPVoyyuUfvGbDV1EU0k7245Dcy3wTVaiI5pRW_MBi4RKcztvoP_eFDWzlxvi8,A Google user,https://play-lh.googleusercontent.com/EGemoI2NTXmTsBVtJqk8jxF9rh8ApRWfsIMQSt2uE4OcpQqbFu7f7NbTK05lx80nuSijCz7sc3a277R67g,I love this app - serves as a digital picture frame with my Epic desk dock. Wish for 5 star: Add option to overlay a clock.,4,0,1.44,2011-03-02 10:36:38,,
lg:AOqpTOGFc-8jTXhH5hpoddazCbuGHUQAVOC10buuDZDjRpoA-n8h6lyBuBNagKhdMuROj0ZyVHd1rWnYPLBGA6M,A Google user,https://play-lh.googleusercontent.com/EGemoI2NTXmTsBVtJqk8jxF9rh8ApRWfsIMQSt2uE4OcpQqbFu7f7NbTK05lx80nuSijCz7sc3a277R67g,Needs option to save a photo if your using google search as your album. Full screen > long press > save photo. Needs to cycle better on google search,4,0,1.44,2011-02-25 20:31:41,,
lg:AOqpTOGZJwDjh7W0rvyUwPZ9gx71ca7cBaAAwGIapGexJHuvVGnwGfCA8YWfBRTC-rsQPFNx_kNxAdcYI75b2HI,A Google user,https://play-lh.googleusercontent.com/EGemoI2NTXmTsBVtJqk8jxF9rh8ApRWfsIMQSt2uE4OcpQqbFu7f7NbTK05lx80nuSijCz7sc3a277R67g,Does exactly what it says on the tin.,5,0,1.44,2011-02-11 08:55:52,,
lg:AOqpTOHblWuoLfPcFabq0aCsnuHmdXV2FxhhJmMmuaF9tQYMsvenjkZ110LJLqQDCs_JFImykgFI5Es4Y_NmuTU,A Google user,https://play-lh.googleusercontent.com/EGemoI2NTXmTsBVtJqk8jxF9rh8ApRWfsIMQSt2uE4OcpQqbFu7f7NbTK05lx80nuSijCz7sc3a277R67g,Some users don't know what Widget is....,4,1,1.44,2011-02-06 19:04:49,,
lg:AOqpTOE5-oGwPNabFreZCjJho4quMbnCkZSJ5swdbfLiianimD0N7D82bjl7xZ-_sh4gHWULzU45Afp6uz8GSSA,A Google user,https://play-lh.googleusercontent.com/EGemoI2NTXmTsBVtJqk8jxF9rh8ApRWfsIMQSt2uE4OcpQqbFu7f7NbTK05lx80nuSijCz7sc3a277R67g,"Simple and fantastic, great job. Thanks",5,0,1.43,2011-02-03 06:34:09,,
lg:AOqpTOF8N1pzzdZ0ORZ9B1qD2zs6SV_64e6bFl-LSiEFl763hhem_2yZOMfS658bDvCm0GIklTusc80KFUc3snU,A Google user,https://play-lh.googleusercontent.com/EGemoI2NTXmTsBVtJqk8jxF9rh8ApRWfsIMQSt2uE4OcpQqbFu7f7NbTK05lx80nuSijCz7sc3a277R67g,Great widget! Had to buy the full version to support the dev! Lots of updates prove they are working hard to make it better. Thanks! G2,5,0,1.43,2011-01-31 21:27:14,,
lg:AOqpTOGM7wQS63BJ4b-YzcJG_KfBrUOK8D66eagiiJUufvprROMhk9PcZjzpseMTGXHoma6HeCKDKm4XuZ-f8bc,A Google user,https://play-lh.googleusercontent.com/EGemoI2NTXmTsBVtJqk8jxF9rh8ApRWfsIMQSt2uE4OcpQqbFu7f7NbTK05lx80nuSijCz7sc3a277R67g,Works great. Zoom button was good update. People need to realise this is a widget and not an app. Works as described and well worth $$$ -- DX,5,0,1.41,2011-01-29 07:04:10,,
lg:AOqpTOFg3duyKN7qNJFxQ3Aekrk36kLxNXSae7634er7ptj_IewdVOUrdXVpLbHtTUJ7ruPyuyKYeOCBlHcFN7o,A Google user,https://play-lh.googleusercontent.com/EGemoI2NTXmTsBVtJqk8jxF9rh8ApRWfsIMQSt2uE4OcpQqbFu7f7NbTK05lx80nuSijCz7sc3a277R67g,Does not work with droidx will not open will not refund,1,0,1.41,2011-01-27 05:07:02,,
lg:AOqpTOG_hlgdwyCMHOw56xQsWUW7Kae3Af_eKHF-WN7bzljS-yYPyfjCF2YdVCOfN4QD_Db3sJusi4wOB28eP7M,A Google user,https://play-lh.googleusercontent.com/EGemoI2NTXmTsBVtJqk8jxF9rh8ApRWfsIMQSt2uE4OcpQqbFu7f7NbTK05lx80nuSijCz7sc3a277R67g,Nice update with the new zoom function. Best photo widget I found. Does what it says and does it well!,5,0,1.41,2011-01-22 09:40:08,,
lg:AOqpTOFMWMOWZEaxf6KvjtjcklM-8Y8GeUiUpN6w_2FzJgtjWXaJq57smD97e1r0sE1mM2qPmXb9abWSecFSGjA,A Google user,https://play-lh.googleusercontent.com/EGemoI2NTXmTsBVtJqk8jxF9rh8ApRWfsIMQSt2uE4OcpQqbFu7f7NbTK05lx80nuSijCz7sc3a277R67g,Why are the pictures In the widget softer looking?,4,0,1.30,2011-01-20 18:25:13,,
lg:AOqpTOGHU493UlHdmpu5CNRheIbMefAJotgzROD8SS5ZFMNk9J01mMWBs34u9L-Odeps_xKy7-vJeWIfmo52ykY,A Google user,https://play-lh.googleusercontent.com/EGemoI2NTXmTsBVtJqk8jxF9rh8ApRWfsIMQSt2uE4OcpQqbFu7f7NbTK05lx80nuSijCz7sc3a277R67g,Nice! I like how the frame size adjusts to the picture.,5,0,1.40,2011-01-20 18:24:42,,
lg:AOqpTOFh5tV8lPO2vEULUY0O7TiMC4i4H6pf8j6KrlRCS30Qlu4jMp9ZJS3UTtaxdQqMBcweLveOegl_tFA4ZPM,A Google user,https://play-lh.googleusercontent.com/EGemoI2NTXmTsBVtJqk8jxF9rh8ApRWfsIMQSt2uE4OcpQqbFu7f7NbTK05lx80nuSijCz7sc3a277R67g,I've rebooted and everything. It says installed but will not show up on my list of widgets. I was really excited for this app too.: -(,1,0,1.30,2011-01-15 12:44:19,,
lg:AOqpTOHyRzbZYqtpPs6IHEMsRZw89uZRWzXZivxWUiAgNTMEstZDjxOcX19M4R8rx3-DE4wUX37AEHNU5fqdSl4,A Google user,https://play-lh.googleusercontent.com/EGemoI2NTXmTsBVtJqk8jxF9rh8ApRWfsIMQSt2uE4OcpQqbFu7f7NbTK05lx80nuSijCz7sc3a277R67g,Needs 1x1 & 1x2.,4,0,1.30,2011-01-05 15:30:14,,
lg:AOqpTOHXhmsIbMkzQNTiMqljSQwdl9AkcDwhNp7uAjkQe5eEzRW2aB5AEH263zVb867o4vHdYSpLhlmv1BHiNvI,A Google user,https://play-lh.googleusercontent.com/EGemoI2NTXmTsBVtJqk8jxF9rh8ApRWfsIMQSt2uE4OcpQqbFu7f7NbTK05lx80nuSijCz7sc3a277R67g,"Great app! Photo orientation is sometimes wrong, but only for photo rotations I've performed in the android gallery or in windows. Cm6 Milestone",4,0,1.29,2011-01-04 07:18:49,,
lg:AOqpTOGZVLAj2mX26e-g6WvBNm5_OuId6RjjR6QDOSwKoNj-yFs69wbWni762OhskpQEQSWQNB_2Y0XICgj45NI,A Google user,https://play-lh.googleusercontent.com/EGemoI2NTXmTsBVtJqk8jxF9rh8ApRWfsIMQSt2uE4OcpQqbFu7f7NbTK05lx80nuSijCz7sc3a277R67g,OK.,3,0,1.30,2011-01-03 10:06:23,,
lg:AOqpTOGSCs3x1K8pFmAv_yVIUCnp7NaCMx1KDIHzDIWOrC34iEhzwCXpmPUPtSPB8Pr7xh2kNdBY34jHlttLRzw,A Google user,https://play-lh.googleusercontent.com/EGemoI2NTXmTsBVtJqk8jxF9rh8ApRWfsIMQSt2uE4OcpQqbFu7f7NbTK05lx80nuSijCz7sc3a277R67g,Does what it claims.,5,0,1.30,2010-12-25 03:19:30,,
lg:AOqpTOGqa7hSuwia4Q0VJwveZ_p0yIRAq_0AQHWt1FiVFieCHNgLvB8O0czkNQxUnQPib-F6wWBAWRr6vaPdryY,A Google user,https://play-lh.googleusercontent.com/EGemoI2NTXmTsBVtJqk8jxF9rh8ApRWfsIMQSt2uE4OcpQqbFu7f7NbTK05lx80nuSijCz7sc3a277R67g,Love it but another request! I was hoping that it could play a random selection from all my Picasa albums-would be great if you could add that :),4,0,1.30,2010-12-23 10:48:54,,
lg:AOqpTOHb7rHGbZbl5NE51VLdj27klNOWax6VF_DFGFhN0MmgQBSgXX65DnGhNdelypZfkxK24N9vy7ptHPu4oWI,A Google user,https://play-lh.googleusercontent.com/EGemoI2NTXmTsBVtJqk8jxF9rh8ApRWfsIMQSt2uE4OcpQqbFu7f7NbTK05lx80nuSijCz7sc3a277R67g,"working great on a 7"" tablet running android 2.1",5,0,1.29,2010-12-21 07:43:06,,
lg:AOqpTOGQTOK44UKfoPf6o-aOmmjPAt9GkFgGfaCUfIZBCFcYmULPKqXvuXlZlo30rpmYOuzQXiKY6JGuF8Df__c,A Google user,https://play-lh.googleusercontent.com/EGemoI2NTXmTsBVtJqk8jxF9rh8ApRWfsIMQSt2uE4OcpQqbFu7f7NbTK05lx80nuSijCz7sc3a277R67g,Great photo widget. More thin frames would be nice!,5,0,1.28,2010-12-12 20:20:03,,
lg:AOqpTOHo4uXIxssVSFq8EBvFLu7bd0Z4XSKFZFFlokd8zYLCbkFgAO7yCHv9w-jDup0dzjpFewd5DlMj-w1VqdA,A Google user,https://play-lh.googleusercontent.com/EGemoI2NTXmTsBVtJqk8jxF9rh8ApRWfsIMQSt2uE4OcpQqbFu7f7NbTK05lx80nuSijCz7sc3a277R67g,Great app,5,0,1.26,2010-12-01 14:21:13,,
lg:AOqpTOGuwR0H9mJU5cs-TvAtcfvk-KcjhFQHdGLHZhStbsLTbdqVn_-BiwAyc0q-u6tR1dK10gSdEjRCxwE1fcI,A Google user,https://play-lh.googleusercontent.com/EGemoI2NTXmTsBVtJqk8jxF9rh8ApRWfsIMQSt2uE4OcpQqbFu7f7NbTK05lx80nuSijCz7sc3a277R67g,Exactly what I was looking for. This widget works great.,5,0,1.25,2010-11-25 14:22:17,,
