reviewId,userName,userImage,content,score,thumbsUpCount,reviewCreatedVersion,at,replyContent,repliedAt
gp:AOqpTOFuYlW66AuFT9tKX-fpMlYc7400lRhtBygeywnmTsOTZrLaEAK5L0GcZVsuL4eerWHsHYFK7QsuxjIEZGg,Mark Agostino,https://play-lh.googleusercontent.com/-CvLYQgRwil8/AAAAAAAAAAI/AAAAAAAAAAA/AMZuuclhQ_X8A8Ht5DvCElecCVx16HSvTA/photo.jpg,"Works great and love that it has a MacOS desktop version as well. Just wish you could add folders all at once and not have to create a new folder in the vault then add all of the files. If that ability was added, it'd be perfect for me.",4,1,1.5.10,2021-02-01 19:09:38,,
gp:AOqpTOEU-wQRAkNRkBI7LcDdER6LHBJgwjfWeErnfatowndnPmw85jpzfQ5tNxGkfnL20wheLbFGfdfO6VI4Ccs,Maxim Rubis,https://play-lh.googleusercontent.com/a-/AOh14GgAKwiYUL8NCzHBCiP1fIdIUV7PVDFe_e_B3i_hiZw,"I just switched to Cryptomatornfrom of the competitors, and I must admit I should've done it long time ago. It has everything I need: support for Google Drive, filename encryption, one time payment (no ongoing charges). Being open source is additional bonus!",5,0,1.5.10,2021-01-31 07:22:39,,
gp:AOqpTOHnrV0nKSAF520Jh1ZHi6cYmxR4Kfz2508jNXQLd1JNZu9l6jiy7WSIg4bJHvhZmms2lMvyoFj0Bj2wUY8,Demetris Charalambous,https://play-lh.googleusercontent.com/-Ug_LelofmOU/AAAAAAAAAAI/AAAAAAAAAAA/AMZuucnf2SvyrlU84dBubHLe1z80thGQUQ/photo.jpg,"Great app! It just works! Secure, open source, cross-platform and simple. The best of its kind.",5,1,1.5.10,2021-01-28 08:54:50,,
gp:AOqpTOEtNIBNe3cDJVvyEoF4wwyZXoA5DP5gesd_295AXYCCbmrfkSLR7Usr7RBIb9AA49kqwJw-08HhuVwL4o0,A A,https://play-lh.googleusercontent.com/a-/AOh14GimQ3fSdPlkgt3SwBhg1iwx1DrDjNwZzIHMkPjGHrw,"Wow! That's the app, easy, secure, reliable, never failed me in the last four years I've been using! Thx development team!",5,0,1.5.10,2021-01-24 01:13:13,,
gp:AOqpTOEKCOP9rWosfMzity99ohz9TJ4CBdyKqy99rgaduCD3SgFodzwIMfugcc1BI0zI0Wn9iSXix59BJ1Ofh0w,ammar hyderabadwala,https://play-lh.googleusercontent.com/-XGh0MR5vv_o/AAAAAAAAAAI/AAAAAAAAAAA/AMZuuclw3Daf7myaFZRldun_vQwdJI_XXw/photo.jpg,Pls improve search feature to search in all folders,4,0,,2021-01-20 09:54:05,,
gp:AOqpTOGgGwAG9SnvJOhpDZdIVCQ7ZhBapT603D5wSEIiQnaXGhOmM7HSaY9S3UBlBTOeK-czTp9kIJfLE10KqWI,Rob,https://play-lh.googleusercontent.com/a-/AOh14GiIEhRRDws5gBegyoZWzv5gst7M55WcHCU8HsR33w,Great app and I respect their decision to make the mobile version not for free as they want to work on their project. I got a refund as I had an issue to connect to my vault by WebDAV so it maybe wasn't the best solution for me. Anyway Cryptomator are a great and honest team. You can trust them.,5,9,1.5.10,2021-01-18 03:25:33,,
gp:AOqpTOHips3szVb4kRkGNM3NJdXetrb0m7-ReLdzLlBFwdedNbRKaxa1KatQOOT8KD7bRt36IceN82_zAkZsKs0,en Wout,https://play-lh.googleusercontent.com/a-/AOh14GioE6_weGnQH4wEk-fAKTOKIWRkLanPNhUEI8ZbvA,Good app but need more desktop features,4,0,,2021-01-15 17:54:12,,
gp:AOqpTOEMobz4I1C-OZVAhimOrrgIKBFUV7znVsu7xPku63DJ5PLACozykot0EQMJ4Nqzz7c-Uj24gnfB94qgqJ4,rahul ganiga,https://play-lh.googleusercontent.com/-IFjLSgWUFeE/AAAAAAAAAAI/AAAAAAAAAnU/AMZuucnbapVqp4GlM7TlCDZInljor_hJ8Q/photo.jpg,"G8 app must have if using cloud storage . I have been using since one year have no issues.I have 2nd phone with lineage custom rom & Gapps (pico) the only problem there is the biometric dosent work , can it be fixed if possible.",5,0,1.5.10,2021-01-15 11:08:07,,
gp:AOqpTOHjKk_zvKovjl9PlJ-pJMtm-dCcOwUPzTjJxoJVTIETxUgCRAZiKvIXm3KvaBLb62Q-qJTa_0O9lw4fSsI,H,https://play-lh.googleusercontent.com/-MqGJ_N_AdbI/AAAAAAAAAAI/AAAAAAAAG1Q/AMZuucl-UrjLBjcrVG8MozLFLnp77eg03w/photo.jpg,Disabled all apps from drawing over cryptomator and still can't access cryptomator. Maybe this feature should be off by default? Will change to 5 stars once fixed as it's the only major issue I have had over the years and I want to support open source software.,1,2,1.5.10,2021-01-15 08:06:51,,
gp:AOqpTOFpgiLW7q8lFMUdOkdbHfBBbVMuKVJye7qMO1VELkAheHuRjJiUVT2ovY03csTR0e_1_g3bX4HZTNP6dWE,Jumpjet101,https://play-lh.googleusercontent.com/a-/AOh14GhSA-GunFToITXZlwokHtbEF2CQlU2X6nttStZ94w,"Needs improvement!! Please add ability to see time/dates of stored files instead of ""3 years ago"". Please have the ability to see LONG files names with a scroll or something. Files that do not fit are hard to determine what they are.",3,2,1.5.10,2020-12-22 18:05:02,,
gp:AOqpTOGsXzsmxz9qTsKaLZvvsBYGPV4OaGJzxpORd5M2IPn2hHGiNHFYkOaCS_2Xy3VasW95VMKJE7pWA7TXAlQ,Zulu Zulu,https://play-lh.googleusercontent.com/-bVYHFhsguPQ/AAAAAAAAAAI/AAAAAAAAGGc/AMZuuclTex7TTVU-iZHFHCX6zDX9pd1u8g/photo.jpg,With Cryptomator + Syncthing no need for third-party cloud services. No more limits for the storage and devices attached. Easy to use. Keep up the good work guys!,5,3,1.5.10,2020-12-16 00:40:43,,
gp:AOqpTOEZGkNQLpId95Od_g1RKryAKiHLcm8eHzMrd4GeKxe-LnEJyhOUh0BZQrlLie64TQYUc83KvLOetsDURbE,M K,https://play-lh.googleusercontent.com/-s9iL25F4eDo/AAAAAAAAAAI/AAAAAAAAAAA/AMZuucl-msrYQUChImYjzoqQc2ZaMarXJQ/photo.jpg,"Well done to the makers. Better than the commercial alternative and at a lower price (instead of annual subscription they charge for their phone apps, and it is 1 time payment - fair enough.) I recommend it. I also vote for 2 features: 1. Thumbnails for photos. 2. To have the option to choose if the original file in the phone gets deleted after being uploaded, just to save space on the phone (including the auto photo upload.) 3. Auto video uploads not only the photos.",4,23,1.5.10,2020-12-12 08:42:38,,
gp:AOqpTOEfWBQ8KuX-Kn1YU1vZjJaqWXJwJzIJ3ze_VSgMI5g-7uSAtPqxx6usL3QFf8UfGpzUeuaVwRS-d1ZjfXE,M. G.,https://play-lh.googleusercontent.com/a-/AOh14Ghjba9k4fpsEzWUGgbap2NfBUqVAx2sXkjocAV8ego,"Google Shared Drives: Although the PC version works, the Android version does not. After spending days encrypting and uploading all of my material, I am unable to access any of it on my phone. This is a fixable problem and the developers have been aware of it for years (see GitHub).",2,16,1.5.10,2020-12-11 07:47:58,,
gp:AOqpTOFgmsSU8cnLTOjrCAuYIkBjpUH3_kTQi3QwmdxmSIDgWEGj6YSRbHhtfvzafOaVk2HbWsGugSb6S_7OPuQ,M. M TBD,https://play-lh.googleusercontent.com/-oTC60k_5a4A/AAAAAAAAAAI/AAAAAAAAAAA/AMZuucn0bs2EUd0bVXQ2D9JWfjyd6xLc9g/photo.jpg,"There is no way to access the SD card on my Xiaomi MIUI phone from this app. Also, no obvious way to open an existing EncFS file. Please, either fix the above, or show me (and others) how to do these things. I am a paid user as of Oct. '19. Edit: there is no way to click on your link or copy it here. Issue still unresolved!",2,1,1.5.10,2020-12-09 07:10:32,"Thanks for your feedback. This should work using a ""Custom location"", read more: https://docs.cryptomator.org/en/latest/android/cloud-management/#login-local-storage",2020-11-09 01:44:59
gp:AOqpTOHNxrzy6BkXEf4xoKwn8Jx3QydXA_ruZjnA9jXREh04Sy5unDoCTpVf9Uwm0_bunhobkE5pm5f3EJDzUsU,Srey TebVichea,https://play-lh.googleusercontent.com/a-/AOh14GiBiAgi66PtsFpodxguR9FqZD42S2tCSH9FuA-paw,"This app need improvement on accessing to cloud, I.e: if using Google team drive or shared drives, we can use this app to encrypt the contenta inside. Another thing if you try to encrypt and upload multiple files to the cloud, it would likely crash the app.",4,2,1.5.10,2020-11-26 19:38:35,,
gp:AOqpTOHO_wPy_ZnabmrOrmSkoasAIf071MxpPqmOMhGrhLzCfPhydqhT_yoL7GqEBeHIC5TlWOgvq3vDsMpa_Cc,L L,https://play-lh.googleusercontent.com/-cm6XyNvI_9Y/AAAAAAAAAAI/AAAAAAAAAAA/AMZuuckMDJxWkNddjMVO3LdmSYAOr5z5Gg/photo.jpg,Great app!,5,1,1.5.10,2020-11-20 09:44:20,,
gp:AOqpTOEnX0uLHYYCmzVO1S-jzS-81W28BZGpuC24Sr6ROfnInYE4-Rs8cVVZj3tqY-zrpgXYP1mpEpho6NLtxIc,Ashton Wood,https://play-lh.googleusercontent.com/a-/AOh14GhuwV3-VUxT9XvVOsXMy1xSdLK0ZIAdmV5NXIft,Did not put lock on files,1,0,,2020-11-14 08:47:44,,
gp:AOqpTOGCrgwoo6DUhlJSxly6uN4dZfjMLBci6iFETUiSEjhm1g3C8AQe0JNxB70BiSs5oJPB7CCW6ljXH7UAb-Y,A P,https://play-lh.googleusercontent.com/a-/AOh14GgUE-fazsl5K0edR5xcn2RXJvRjbgglU_20Dtw0,Works as expected and so far flawlessly. Feature request: show folder contents (images and videos) as thumbnails (with selectable size).,5,0,1.5.10,2020-11-09 03:39:05,,
gp:AOqpTOEEcSVKVqHjv50iJDWQ2PC7vY0cNsIm2Q7gTPAl5-hZLJ_iCPT5ItfAZQ4mhLuIKNlqdSeB6CBSGvMVHKg,Soran Barzenjy,https://play-lh.googleusercontent.com/a-/AOh14GjHPAILPifNt3Ku1epH093rNdPE4SuhmQBPpEAFtKI,Perfect app long time searching such one ...,5,0,1.5.10,2020-11-06 22:33:34,,
gp:AOqpTOHwTM-VjmmYcb2dcBOSgUyrR5GR2MrsWAy2JNlxW2-JyncPucgU9q5ZphzL2ySZfZcPpP8Ozg--UtpvyfE,L. Lmail,https://play-lh.googleusercontent.com/a-/AOh14Gh9jKyzje_6lAI83K3qmWvL7I2rvtM_OACREJY58g,"I hope it is reliable. I found two issues on the smart phone app: 1. When I add a file to a vault, with the share option, the filename is changed to a number instead of keeping the name of the file. This implies that I copy the file name and paste it in the field. I think this could be resolved. 2. After editing a file, eg xls, it will not be saved automatically to the vault. I have to save it in a local folder and thereafter share it to cryptomator. (So this is not like on the computer)",5,11,1.5.10,2020-11-04 19:42:29,Thanks for your feedback. From which app are you trying to share the files with Cryptomator? Then we can reproduce it. For the second problem you can find here some background information: https://github.com/cryptomator/cryptomator-android/issues/150,2020-11-09 01:36:30
gp:AOqpTOF0wnxOjnQDR7ZQGrn4d1h4e2Y5gvYuxYjQNGPL-c5cKHtXRrFCLhE5DcIdbjMV3ZR_WH9IjVZhaivQgIo,Saipan,https://play-lh.googleusercontent.com/-BQNNREP6rAI/AAAAAAAAAAI/AAAAAAAAAIM/AMZuucllPyEP1Y_ykrgeImsPvDQxQ9oO0g/photo.jpg,"Cannot upload files, they stop inbetween while uploading. Couldn't view enough information about uploaded files, Cannot view thumbnails of image files etc. This app isn't all that useful!",3,5,1.5.10,2020-10-30 20:02:07,"Thanks for your feedback.
Can you please enable debug mode, upload again a file which fails and send us the log file? https://community.cryptomator.org/t/how-do-i-enable-debug-mode-on-android/66",2020-04-29 08:46:04
gp:AOqpTOHPwt5dFYGIBONMaKyXPV9ONzHRwpnaF5WtOD3qgFsp3ipUmnDXCZblwkcS2iztqX41vXhMGctbSkEK15c,Maheshwar Elango,https://play-lh.googleusercontent.com/-sAqtKYh_ERs/AAAAAAAAAAI/AAAAAAABJ_0/AMZuucnkwhwrXScpM5tUviX5mqDsth-0wQ/photo.jpg,I really like your windows app and bought this for my phone but unfortunately I can't access my files from phone. I used Shared Drive (or used to be called as Team Drive) in Google and that's now showing up when I login to Google Drive via the app. Any clue how I can do that?,4,2,1.5.10,2020-10-23 21:02:44,,
gp:AOqpTOEjHH5icMcXaeXq_4vgrBYJZwtMNhhRLVKUpPc8T4ajL8znsGEKIq7WSTbRabPagKzW6X4KnSKwwW0V24s,Sacha Horowitz,https://play-lh.googleusercontent.com/a-/AOh14GgiiesQi-IDRUWya0yUmNxbrXWdIxERw7vbEABDg4U,"Essential for one's privacy, but will the encrypted data also be decrypted with another app if I can't use Cryptomator anymore?",4,2,1.5.10,2020-10-22 07:25:34,,
gp:AOqpTOEbrjEsD-l-JmobMdU_b_cK_ApLKhW1IN9d3Oze7OlUGq1Jf2Wgd563nGQE3w-PrWwxYtNS0laTONcGG1c,F. R.,https://play-lh.googleusercontent.com/a-/AOh14GgnT8KHaTbSbUByEdTWoscA3ttcG3kbFcnW-zhP,"Great app, easy to use. I have been using Cryptomator for several cloud providers without problems on Android, Windows and Linux.",5,12,1.5.9,2020-10-11 14:27:48,,
gp:AOqpTOGU1tUKzzBi9JltBah0vOrYzY9R6EBPM5DCgTZqBb2vovzE9Jg1OqljWJ9OF3xGmpQsLn1xabUkRR2frxw,Miguel E Santiago,https://play-lh.googleusercontent.com/-0VwB6U5CIlI/AAAAAAAAAAI/AAAAAAAAAAA/AMZuucnma-DCGQ0bUjeoUrnpciRGKeJ-UA/photo.jpg,"Simple, safe and effective. This app provides zero knowledge cloud encryption. but watchout, for Android online file editing of cloud files you will need a word compatible app like Mobi Officesuit. Word will Not work.",5,0,1.5.9,2020-09-24 13:32:30,,
gp:AOqpTOGBKIejnkTbU5PC9bUaFOqDfexsNnYHKVdRzU5yUiV9s6GYd_Tgqs-8ZOPkPrIxcSwH9tTn9wDIrRaBBYw,Matt Schott,https://play-lh.googleusercontent.com/a-/AOh14GgpFEHo5F18geq1fqFKcco-PJ4FqHf1-wd2pOrTGQ,"The app keeps forgetting where vaults are stored. It'll list the correct path but I must re-add existing vaults every time to be able to open them. (Working with developer to fix, will update review if issue is handled)",2,3,1.5.9,2020-09-23 05:24:27,Thanks for your feedback. Which Cloud do you use? Can you please provide us a step by step guide that we can reproduce the problem? Thanks!,2020-09-23 01:43:38
gp:AOqpTOEC0UvRQTDadGHwGt1bYN6_BAH1puymy7mR2IRFMmNegitzls0vs4FTwTAZ6V22moGFtHBgtRR9dHUwVCk,Brian LoBue,https://play-lh.googleusercontent.com/a-/AOh14GiWS66o8WElr7ECWyNuDFXa4l_ceqZM_-M846jnDQ,"Been using for a couple years without issue, but now it is not showing files uploaded via Gdrive and Win10app (v1.5.6). Backup&Sync shows activity when adding file to vault via Win10, but Android app does not show the files or directory. Happens across multiple vaults, even after clearing Android app cache/data/reinstall. EDIT 1: How do I locate the file if the file names/structure are encrypted? Gdrive via web browser Recents tab shows activity some file changes when I upload from Android app.",2,0,1.5.9,2020-09-14 14:15:04,Thanks for your feedback. I meant just put an unencrypted file in one of the Backup&Sync folders on the PC so we can see that the PC is syncing to the cloud.,2020-09-23 00:45:21
gp:AOqpTOHXlHV-xm2t309MIXskXMliMaFcd0l8QDCCy3VzXTolMHyUmC0ddgM4VdY18DxMNQEL-8opJ9StKrkewl4,James Chen-Smith,https://play-lh.googleusercontent.com/a-/AOh14GipmXA9rLp6U0FqFKIAZ3dF3aDrLcCfNHAnJWzLzTU,Would be good if android sharing remembered directory to save directly. And cache size unlimited instead of max 5GB. But apart from that all good.,4,1,1.5.9,2020-09-05 03:24:09,,
gp:AOqpTOEXSkZg-ERHiKizosb-4xLj4xSA0bglFtxmMFN-zfRY_UimA8LLWocmLXvuy6Joxa_4DJ_gKsQRCPzqPuU,jkj yuio,https://play-lh.googleusercontent.com/a-/AOh14Giii4Pzrs7sIoFESM_T8ZJkd7DOIKuu6wkaXGYc_Q,needs thumbnails,3,0,,2020-08-20 09:46:55,,
gp:AOqpTOECRWyODXpew26sv_JqW39lpaK_bI5e7vGEZDuV_VOWOCTOIlI-RN8ITH_XHx7Iv0_ShU7Is5nraWF6K6g,Lee ocho,https://play-lh.googleusercontent.com/a-/AOh14GjtIzhr5mLjSGtFRF8evna9NpBUtyZbdkaD5HllRQ,"Easy to use... Works with Google drive... Only issue I have, I can't seems to make the search function to work... Auto lock also doesn't work on my OnePlus 6T. 4.16.20 - auto lock is now working for me Auto lock working... But search function still pretty much useless...",5,1,1.5.9,2020-08-15 22:43:59,,
gp:AOqpTOGvV82SjZMI8ADi2_9FdFu1uGeccQCuF7TIouCIxNwju5MdH8b6ZF9zkAUWYMF9kgUJMH6wQgkV_0NOrUg,Oliver Anxo,https://play-lh.googleusercontent.com/a-/AOh14GjsmJdsY_p8HP0wN-ZO79BfKtDnOyI5G8qVLQSe,Works as expected.,5,0,1.5.7,2020-08-05 05:04:38,,
gp:AOqpTOGNOfl-n51Wqk-eCDvFB062EvT1Wps8MKzKCsn_jGF5IDXrs7eswQD4QAAYOKvEDqbUmhw9RAgYayw9o4Y,Sébastien Elbracht,https://play-lh.googleusercontent.com/a-/AOh14GgnEftDaeNOXrPCSHrwLZguFu38S-UToArRDYKupq8,"Would be perfect, if access wouldn't be so slow compared to normal Drive app",4,1,1.5.7,2020-07-29 08:49:55,,
gp:AOqpTOE9gGc2UEw3KFLkioGrB17uf1hNVMp8MW4wWdf072Vl6F9NNWYI0UM8J3ECK15oNrja-M5BTEC2c9MBbec,Raja Gopalan,https://play-lh.googleusercontent.com/a-/AOh14GhDyP8mnU04hBC5ILV1gSruhY0aW5nI_pmwj_6AaA,Very bad upload option. It get canceled during calls and not resuming on its own. Please update and fix this issues.,1,4,1.5.7,2020-07-21 02:53:57,,
gp:AOqpTOFGOWyvTimmuuC3I4qiogQ3ZFuB6sEz8i8Ne2iJccruJ8rB_tgmHoIDC7XCgmL_WPf1ewEu_AdsP9da-nE,Jer Ry,https://play-lh.googleusercontent.com/a-/AOh14GgP3eMXEOMeWSlX7W2m51pNswT4GWj4Kz8oB2u5Cg,"Gdrive only good in Windows, but if in Linux and Windows, Dropbox is the best with Cryptomator. I don't use both, Nextcloud is better for privacy. Anyway, this app really easy to refund, not that what I want, I just want to try reinstalling this app. :D Jeez, 2020 Google still not making a Gdrive client for Linux. 😑",5,11,1.5.7,2020-07-19 06:32:05,,
gp:AOqpTOHVCAG2Dhn_rZAYOeqpwkPyGAzEWYEzAsh7k7QVRuV4cLlLBcXVhcsnnsO2SebfryVstWMIuPHN9yim20E,Simon Gelfand,https://play-lh.googleusercontent.com/a-/AOh14GidN4w4C6D_7uPzO-tLHgADI6BWuMj-FXpOccrsPxI,"When adding existing masterkey, this app version gives error ""vault not found""",1,0,1.5.7,2020-07-04 08:14:21,"Thanks for your feedback.
Can you please enable debug mode, reproduce the problem and send us the log: https://community.cryptomator.org/t/how-do-i-enable-debug-mode-on-android/66",2020-07-05 01:50:26
gp:AOqpTOHCn5TzRvPliJtnE_Rqaan2CACT3p3-K0-iAIDzmF5WOcWuFw-w2NmvQ_V2kPQ1rXqoSG0J09l8j5R9SZk,Dan Lutvey,https://play-lh.googleusercontent.com/a-/AOh14GjapbPce3wCXEjFKQ9N4uYByztNWBmEur0qCOuvYC8,Great app but needs to Implement video streaming decoding instead of having to download every file to view. Same with photos.... needs to be like when on desktop,2,2,1.5.7,2020-06-30 14:05:50,,
gp:AOqpTOE9W9hZ_qqiuZW1pKITU5kjK0DgZiFzaA4rRU29_wLivF9PW7L7QbLQo5BrnrEzLOFQ8gb1-equ3IoWGnw,Adrian Korejwo,https://play-lh.googleusercontent.com/a-/AOh14GhjXbXY5NhFAAYKybT6UNJTXlczeJrANdInEcvgPw,"Still doesn't have thumbnails, which makes it difficult to distinguish between files.",3,8,1.4.2,2020-06-20 13:46:25,,
gp:AOqpTOFycGQEQJhsPQ7_6y25Q8uoAtccxBsPGxdai1v3pP0Iriv68vlE6a5oXZR0X9oXWMeGCO69nbRfgEaycsE,A L,https://play-lh.googleusercontent.com/-baTgkd4VN1k/AAAAAAAAAAI/AAAAAAAACdo/AMZuucmz2oKF-Xbdox3CLsMx3EaUfKpsDA/photo.jpg,Great idea in theory but kind of disappointing in practice and I wish I could get my £9 back. No way to import folder structure; I had to recreate my folder structure from scratch and then import each folder one by one. This might have been bearable but the app either crashes during file import or it imports one or two less files than I actually selected. For example I select 20 files from my local storage to import but it only imports 18. Happens randomly and is very frustrating.,2,20,1.5.5,2020-06-19 10:59:21,,
gp:AOqpTOEQH3pZTd8HGcqscd9z-TxMa4KiaRRP2KeGH1hZs9EKvk9Mi5X0clvBerpu7n9ROv8dLRNxf8K3RQuKxMo,GC,https://play-lh.googleusercontent.com/a-/AOh14GhpuhYQ7J0kE5Zq6gCppgYQDitopFG57NzP3iBfCw,"Prefer this to Boxcryptor. Pay once on mobile for lifetime license supporting unlimited clouds, Free desktop app is open source. Version 1.5 has a local cache, making access to secure files much faster. Support built in for google drive, and works with other cloud providers using WebDav. Photo upload and viewer is great for backing up and managing your camera files.",5,3,1.5.5,2020-06-18 07:06:23,"Thanks for your feedback. 
Open next picture should work already by sliding from the right to the left when you're in preview mode or do you have something else in mind? 
For deleting files out of the preview mode, I will create an Issue on GitHub for you.",2018-04-22 02:55:57
gp:AOqpTOE9Fy65gvdECqQvPphGdP0KznDPgwGaaVDyYI0tjD5OQ15pOQL5P4ZJRXZgK_NAm4SYc54hJ_0Qe1pl3ZE,Megan Lee Webb,https://play-lh.googleusercontent.com/a-/AOh14GgLVSy8n42ll7ERZfdQduya379znGjqAWokxmdw1w,Simplifies keeping data encrypted.,5,0,1.5.5,2020-06-17 19:07:23,,
gp:AOqpTOEgMJNoDA9f8er45_xXQOM-zksSRf7T9wnFJaWBXdPifdiAtieWX8cnNQVQwn6koL-ypovMn6ysKy00lDg,Richard Longa,https://play-lh.googleusercontent.com/-pEKTojXm-eo/AAAAAAAAAAI/AAAAAAAAAAA/AMZuucnO_hUK58ZYRENe-D5TYkAjIHIEDw/photo.jpg,"Excellent app for encrypting your files stored to the cloud. Much better experience that that it caches and seems to preload files. I have encountered limit to number number pictures you can upload in a batch, with no meaningful error message that would indicate the cause of the problem.",4,1,1.5.3,2020-06-08 17:58:21,"Thanks for the feedback.
Can you please enable debug mode, reproduce the problem and send us the log? https://community.cryptomator.org/t/how-do-i-enable-debug-mode-on-android/66",2020-06-09 01:46:23
gp:AOqpTOHgeo5N1nb11_ZMmxZ__wu3fV2MN12vzL5oRllpBwQZryGbGrrXB8LFiHW4cfEHowLfCPORaBaOK9GDHZY,Alexander Spitzer,https://play-lh.googleusercontent.com/a-/AOh14GgfpYzM3Bqg5xTyx1T9D9AscW4rfpVHazgQCSdCvgA,works great!,5,0,1.5.3,2020-06-01 18:17:31,,
gp:AOqpTOE8ezm5e6E2TQhc4lyeZsEVUn_skV-kdiCbVSYrEEBC6WlGU_o4wi5xAeoUcHF5Nc4vb5KeD01cY9DEQXo,TB7,https://play-lh.googleusercontent.com/a-/AOh14GjCf92Vi6cEIXmlLWbFHXXR3ejZMV9izV_A2kbPybo,"Very easy to use. I like it better than a product I paid for (Boxcryptor). Cryptonator encrypts both the file name and the file itself, and you can't see the encrypted file when logged into your cloud accounts. The only way you can view the encrypted files is by logging in through Cryptomator. I'm not worried about a backdoor to this application since it's open source and vetted by so many programmers. Download the app for $8 and be done with it.",5,8,1.5.3,2020-05-30 01:01:42,,
gp:AOqpTOG6zZ7Vm3cgmSn8RVTjMeBjtCLK0k2yVN2_NFiAC1WAa4ed7CjP9SAuKcz0u4kg01tBazPF3-F0KpiKiI0,Seba Kraus,https://play-lh.googleusercontent.com/a-/AOh14Gi7K7SoXf17QW0BZLg-3wQyPrv5WTVpWI1dyXcJMlU,Can add a function to automatically sync a local folder any type of files?,5,0,1.5.3,2020-05-26 20:39:33,,
gp:AOqpTOH5lLSgiiOdkGg6wkkGnRgJcwTfTjbJNDhqGfy5CTgDvHWu9SEF25lP18u1uAgW9H-hMwZGeFwTcLdQOzg,David Weber,https://play-lh.googleusercontent.com/a-/AOh14GhV0mzRnp1aME9AX42NAgEC4MhwXQ0RFTq4p3FyCg,"I wish I could use the app, but my encrypted vaults on Google Drive's Shared Drives aren't supported (or I can't figure it out). Which is a shame because on Desktop they work perfectly and a competing service (rhymes with foxcryptor) has no issues on mobile either. Please let me know when you've added this functionality and I'll adjust my review accordingly.",3,3,1.5.3,2020-05-25 22:43:54,,
gp:AOqpTOExacFQVfjtSwjx7DRwjN7gs1D1aFfb10GJKz7tanawCv0pejDGRF-wa6vyjhHVBauyjTatyMY3Y2ggKyM,Kitty Cat,https://play-lh.googleusercontent.com/a-/AOh14GjUU89Uxub-raAMDUBSZwbAgAvB4DI9QH1dOSBV8g,"It works fine for WebDAV, but SMB(""Windows shares"") and SFTP(""SSH file transfer"") are both not supported, sadly. 😔",4,0,1.5.3,2020-05-24 17:53:28,,
gp:AOqpTOG5hhG5UkucR3uUe8RnAQLG0PW_ecF9DZDM2CdfL9L3oKuDJSFgq1cijyYysSRqYx9NXOd4ABmgabghY0Q,JP Bourgeois,https://play-lh.googleusercontent.com/a-/AOh14GhvDYuBGvRQb-08yxdB8RwgDl3fqpJMusw9YW-h_pg,"Use Cryptomator constantly on Windows so I thought I could support the dev while getting the app at the same time. I understand it can be a bit harder to make apps work together in the boxed environment of Android compared to Windows, so for now I'm just content using it as a file viewer and modify anything on PC. Hoping for a more seemless way to edit Microsoft documents in the future. A feature I would love to see on both platform is a fake password entry that would open a decoy vault.",5,7,1.5.3,2020-05-19 21:43:56,,
gp:AOqpTOHRl2SzHbAoQaslOMZdt0WSVn9zDFySt-sE0F3T4A7EBBKu3vL6Sea4XchWAP-bUQsk7aE4ai2f3POcSDI,Jeffrey Layanto,https://play-lh.googleusercontent.com/-AKVVrv0rHfc/AAAAAAAAAAI/AAAAAAAAAAA/AMZuuclqNSGWYg3Nq9gvAN4CAN1OfndFLw/photo.jpg,Fingerprint scanner more often than not trigger home button and exits app. Please fix this. Update: I am now using phone with on screen fingerprint sensor and no longer have the problem.,5,3,1.5.3,2020-05-09 21:37:21,"Do you have still the this error?

If yes, could you provide us please a log file: https://community.cryptomator.org/t/how-do-i-enable-debug-mode-on-android/66",2019-05-02 09:08:12
gp:AOqpTOFsJ0OHXmrOF3OtB3SaOKwcBOchbqCkuIMgYWBwYq5HBCSfTZP6l1vMw0gHV0ltUmuVa20nL1rWBSF9jFk,Alexey Karimov,https://play-lh.googleusercontent.com/a-/AOh14Ghjgq5h9SKyi2i_CzuZLA0XJ6RMjeBdfhjWTDerokk,"Good when it works... But if you upload a good share of photos (circa 500 files), you often get interrupted during the uploading with a nice informative message ""An error occurred"". Then you have to lock the vault, unlock again, navigate to the destination folder, and start the upload again... and again... and again...",1,20,1.5.3,2020-05-09 10:10:16,,
gp:AOqpTOEuxc-Ql0swYLQ3YQ2HvoPzykaMcu8y4qNB43BAmhDhpxS5hWNInanPvJejUWiJQojrDlEXCa9-EQwgzr8,Daniel Rudas Burgos,https://play-lh.googleusercontent.com/a-/AOh14GjsctZpTx9IrErv6evD0PCNoMASyGq6utfWO0JP_Q,It works like a charm. I really wanted an app to encrypt my cloud that allows me access to my files. It would be awesome if the text editor was markdown capable or if it was possible to use external apps without copying files outside of the vault.,5,7,1.5.2,2020-05-08 12:45:53,,
gp:AOqpTOFBZa4G7soDJxN93P733Xg758enwyFPqxNgKkEwzZnDzYAH0yLEDruNjuBp65fKujb0RGbPV_w1wnXerwI,B. Ford,https://play-lh.googleusercontent.com/a-/AOh14GhJ3Sj_-Poe2dWruvYGPQXxu42sQnZn0VwmT9-MNPA,Great app! Please add support for Mega. 😁,4,1,1.5.2,2020-05-02 04:56:21,,
gp:AOqpTOG-bR3k3xTrJtokvm4dnYcyf2rRZPWk-6RWo_EM755cUktDqTSolePuSehOAy7aHDlsC4iV9ckQiMLkXV8,Michal Kvasnicka,https://play-lh.googleusercontent.com/a-/AOh14GjT672V7p4YMtL_VJWhOzbUeATLhX1N3JUVWJNagA,Well done!!!,5,0,1.5.2,2020-04-20 14:50:07,,
gp:AOqpTOGA605hd0uACxV9_ed0WJDR9QJHKoJfq_RP5j3BpkCgvdNIWEDbK728yOZaQgIFYCh9YqZ5br3vRcazw9g,Gerhard Brun,https://play-lh.googleusercontent.com/-GO9Ar3kyWyU/AAAAAAAAAAI/AAAAAAAAAAA/AMZuucn3wGrG2hFX7lpxWvHB0ckgpwC3pA/photo.jpg,"Very good app. However, there are some issues when updating to version 1.5.1. Usee of dropbox does no longer work in 1.5.1. Endless loop when trying to authorize access to dropbox. Access to to onedrive still works in 1.5.1",3,2,1.5.1,2020-04-18 14:11:51,"Thanks for your feedback.
Can you please enable debug mode, reproduce the problem and send us the log file? https://community.cryptomator.org/t/how-do-i-enable-debug-mode-on-android/66",2020-04-18 14:24:20
gp:AOqpTOH6N8wg_84WDgRe2g86MWfnkzCbAFrVqBC6ddua6Pb_B5QjyuTRufef0wrzwLE5_q2vBij9lqbyd41rsyw,A Google user,https://play-lh.googleusercontent.com/EGemoI2NTXmTsBVtJqk8jxF9rh8ApRWfsIMQSt2uE4OcpQqbFu7f7NbTK05lx80nuSijCz7sc3a277R67g,"App has improved significantly but still has a ways to go. I fully support the developers, but its surprising how much they charge for an app that is so bare bones...and should be beta based on the features available on a paid app. Can't use multiple vaults from a single provider (desktop can)...seems like VERY basic functionality that would be easy to implement. Can't keep files offline (desktop can). Desktop client is terrific.",3,9,1.5.1,2020-04-18 12:37:54,,
gp:AOqpTOGlk7SWACQz6NurS6nNWP6VfkYjNfkTl83fUhExJgWRRioGLVdVOlYHpk8xVFvttf5uH0W489JGZE1xboc,Ervin Castro,https://play-lh.googleusercontent.com/--ProIS-GtSo/AAAAAAAAAAI/AAAAAAAAAAA/AMZuucka7vtkSaVW0KfvjTCY1JD9L2E4Vg/photo.jpg,"Very useful, and I like it... keep doing good things guys",5,0,1.5.1,2020-04-17 23:46:53,,
gp:AOqpTOG2RdEYpe2ec-M-nh0MTgJJEzeE22lcXkofSJe-c_RiKsvcWA37FOIQlwuPSR7ymC1XUm3IpEG6EO57SG4,wong kb,https://play-lh.googleusercontent.com/-861bZQXg_BU/AAAAAAAAAAI/AAAAAAAAAAA/AMZuucne82S9t8V9d33WGtdiAUwm3hdUTw/photo.jpg,It's a good app,5,1,1.5.1,2020-04-16 19:05:09,,
gp:AOqpTOGKIdXn99_n8PZI7GNbJxpofcjATuILtBenluFR2xniEOVXH-AFydASQR0O_MEobBa4i2JF4IMtsJhY31k,Arthur Aló de Oliveira,https://play-lh.googleusercontent.com/a-/AOh14Ggz6UlEyUQXXARRwCJtypC3DbE8IEsL85HZ7we1rqI,Doesn't support google shared drives (team drives).,3,0,,2020-04-14 21:30:44,,
gp:AOqpTOEUw6XbHi9JfyyLYi41MgwY2M1wFkQAdFVx9_r25h9dUHxNOqjgRjdrb-2S_kCbbAoJX0sKv4MDmj5Phxs,Ville Laitinen,https://play-lh.googleusercontent.com/a-/AOh14Giv4mKX79d2Pi667QaSKlxOqFWIGf-YPf45GWvrxw,"It doesn't upload folder structure, why???",3,2,1.5.0,2020-04-12 19:39:22,,
gp:AOqpTOGYVb7KSBDAXSZGcdvDdTqgHZos2e0EHbVaEq2XllEmOvlIHUo6BAYqcJvgYvGDJC8huvrLjr2aDejFZ5k,Teppka,https://play-lh.googleusercontent.com/a-/AOh14GgMbQj1ffAN12azafFU4yJci1CjGBNNfPaqLcgDyA,Best cross-platform encryption software,5,0,1.4.3,2020-04-11 13:03:17,,
gp:AOqpTOHIj5U8PBHpduAz7GHnzuAINIXbLO5pf_SP8SWgb5YkxXP6t00kgjIP2vkK_Q1_aNcfeeWpNGy9aCbNC1U,Daniel Brooke Peig,https://play-lh.googleusercontent.com/a-/AOh14Gh5_gPb4OD_4LlkytXGO2BCCjn26-yVgM-iO2EQ1Q,"Very reliable, has potential but still lacks several trivial features for the price: file sorting, photo backup that works, folder upload, thumbnails (for pictures) , auto-lock after user defined amount of minutes, remember the last upload folder...",3,2,,2020-04-09 20:36:39,,
gp:AOqpTOFDDvtoe90_GBk24g8cV7Cin1EmmusZZtNSNmfS_8u1NcZzPN92iS5tvuml_2bh-ZxReGkPx9E8KZM1wH4,Juan R.,https://play-lh.googleusercontent.com/a-/AOh14Giym06TMQjoY4wM0o9KwkWof4Uoo2xodQxsFUWmfA,"Thank you for the reply. After a day of WTHs, one of those that make no sense for those who deal with tech, I was able to finally download and install the app. As for the app itself, it works great, as advertised and as expected. Thank you for the good work and please excuse the lowered rating I gave earlier as it was a reflection of my frustration with google play.",4,1,1.4.3,2020-04-06 14:22:53,"Thanks for the feedback.
We aren't aware of any issue related to the download of the app from the store. Sorry for the circumstances but we can't do anything on this side...this is all in the hands of google. The only thing we could do is to initiate a refund and you repurchase the app, maybe it'll fix it.",2020-04-05 06:49:21
gp:AOqpTOHux6lT30GxYR4ubOnAXLcQiwC1aaON3LgBrSV0ilqWSoBBzcHcFKeHTk0j0azMnCbkjHb_MfG4OSloHmA,Paul Friedrich,https://play-lh.googleusercontent.com/-QQAMBzfhWkY/AAAAAAAAAAI/AAAAAAAAAAA/AMZuucmS2SE41L9XfArw0aQBM4Ep3RAcYg/photo.jpg,"Positive: + Folder names will be encrypted + I can use it for Windows, Linux, Android (im not sure for apple products) Negative: - Slow encryption and decryption - Pictures need long to load (in this app and on PC) Conclusion for me: In my opinion this app is only usable for documents, not for pictures. If you access your folder on your PC, all thumbnails need very long to load. If you have a lot of data to encrypt, it needs a long time.",2,2,1.4.3,2020-03-26 07:29:46,,
gp:AOqpTOHntgZqyM_qQzgmtGTrgLve_y_Slv0KSesMZPUA4pU0cmoEOVYT_A8n_UYkO0Xe4G3H0uMjgJMlfVoKCZI,Ken Kinder,https://play-lh.googleusercontent.com/a-/AOh14Gh9OHubLpfBgLuzn3TTyl8hm1TjZHRaFXADOHJhN6w,"Unfortunately I did not find this particularly useful. First of all, the sync is wrong; files that I created on desktop don't show up here. Also, it doesn't integrate into Android really at all. It would be one thing if it were a simple little open source beta, but it's not billed as that.",1,1,,2020-03-15 10:35:49,,
gp:AOqpTOEeVqa7wAWbF_9Uc_GmNc9o3BvJyG-xU8T0t2kEgZzpAKHhusvcXMXSxsSbeJvv4H5kODABJnARxN-K31w,Benjamin Hill,https://play-lh.googleusercontent.com/a-/AOh14GjAvYmZFDupNUo7aInxoqQLThHhbkXMCy7PrNiwq44,"The desktop version of the app lets you add in various cloud providers, howver (unlike BoxCryptor) the android app only allows you to add in one cloud account for each type (one webdav, One Google Drive etc) so if you have more than one account, you are not able to view or open the files unless you log out of the account and connect to any additional accounts after. THe ability to add in numerous accounts (like Boxcryptor) would make this my go-to cloud encryption app and give a 5 star review!",4,2,1.4.2,2020-03-05 03:29:20,,
gp:AOqpTOHLfOSLEO5RYsyRhKGUFc8au2qZU-5SJcbzGcdWVoDqWTvbMa01gNpKInW75MwABXURLhIbSLHH25NRNCw,Anaz Hilmy,https://play-lh.googleusercontent.com/a-/AOh14GiFQ9fEqDl1wnNYHM93mudqPP5gWq0RT7kFHlCF9Q,"Desktop version is good but the Android app is problematic. The app informed of ""App is obsecured"". Community forum says it is related to either blue filter, dark mode or apps that draw over another apps. Disable all those but it is still not working. 🤔",2,3,1.4.3,2020-03-02 19:51:31,,
gp:AOqpTOGDY1sUInLZD3curxnXWX18P5S4EWSQAmwwVpwAq4Q1Vo1-S0n35E3fTyLb5t7yUBj010ptNW4szT_J0h4,Roger Logan,https://play-lh.googleusercontent.com/a-/AOh14GitAGx4zZ0Pifg1Aywnh9gL00O_p4Bk1egNORpbxlM,I love this app. It encrypts my files before upload to my Google drive.,5,1,1.4.3,2020-02-29 20:09:35,"Should be fixed, please retest with the latest release, thanks :).",2019-05-02 03:42:39
gp:AOqpTOHNYPOBCOpbUWyXc7FLK3d6o9UZG7F1VgonUPlE0QCjW2g63o8qxKZkAiiADMctklugIl11D7j84ruMtqg,James Kim,https://play-lh.googleusercontent.com/a-/AOh14Gj6OyFw2B0NiV_7re98UUBKKPZ_B83vm166Wm2uNQ,"Needs a lot more basic features like: - View thumbnail/view type (card view, bigger list view) - Sort by (file type, date modified, etc)",3,3,1.4.3,2020-02-28 01:47:38,,
gp:AOqpTOEOY5-5CKeWRxOYMdtnwKqBdKjteNKjUeRbBqf5ZNFVaSe0BS03AK_wVHimP-Q-ZJdujEdzC-EbTsnA7GE,Lucky Lukas,https://play-lh.googleusercontent.com/a-/AOh14GgJcH9rb5T-6GFjIM_8nVfG99aOlFy6xFW8Fxmz,"Its nice app, but would be perfect to prevent (warning) opening documents with google app. They do copy direct to google cloud after opening (google sheet, docs etc). Privacy in that case makes no sense. Be aware of that. Feature request: image thumbals.",4,1,1.4.3,2020-02-24 14:13:17,,
gp:AOqpTOGJpJhq-uBMAVwAFsXDeR5ZCPKdLy-ALGAyPLz7q_A7z1O2m4p20MHMBBgE1n6cNU6_1ebKwZu7xgGGIpY,Max Moser,https://play-lh.googleusercontent.com/a-/AOh14GiKT51uy4QHx_IO_myj1IR8L16tYtRW0zDHhI-FITU,It's good to store some personal files like IDs but would be cool to see offline files support so you don't have to download them every time but they would still be encrypted or something,4,1,1.4.3,2020-02-18 08:00:06,"Thanks for your feedback.
Starting in version 1.5.0 (which is available as beta) caching of downloaded files is implemented. If you want to join the beta and test this feature follow this link: https://play.google.com/apps/testing/org.cryptomator",2020-02-19 12:49:08
gp:AOqpTOG_fQS6TcLUTeFHv_UVwBubDMooJAWI_qEB1gDGZTsWXTl7nyx6Ic5wVb8KIkx7EidAzNRcUdYphoEM2Lc,Andrea Ravaioli,https://play-lh.googleusercontent.com/a-/AOh14GgDuEhMH_c4hjZRdAUpSvpzWWxxKeUoJUQCktDSJg,"I chose this because it asks for an upfront cost, rather than a costly subscription: well done! You got me. Works well. It connects to my cloud services easily, I can browse encryption images directly from the app. Perhaps the only thing I miss is fingerprint authentication, which I hope they will make available with the next release.",4,11,1.4.3,2020-02-18 05:03:06,"Thanks for your feedback.
Fingerprint authentication can be activated in the settings, please follow the instructions in our docs: https://docs.cryptomator.org/en/latest/android/settings/#fingerprint",2020-02-19 12:47:02
gp:AOqpTOGvM-F75tPXCq7ydRH4CAkqBZ1hJCy11dJLGza2CcvfVwTAOi1TPavWRwSLsTn7ltMepg95BxRdqoQ3GtA,Waykool Geek,https://play-lh.googleusercontent.com/-LL-udaGHdic/AAAAAAAAAAI/AAAAAAAAAAA/AMZuucn9SCRD6DtwlxFUb9up9AvYvTryMQ/photo.jpg,"Very good to crypt files, files names and name directories. Open then view file is functionnal. Edit then save edited file is not always possible. In Excel for Android I found the solution. In a Cryptomator vault open Excel file with Excel app. Edit then instead of using ""Save or Save as"" use ""Share"" / ""Save as an attachment"" / ""Workbook"" then choose Cryptomator app. So to open, edit then save : open edit then share. This could work wit other apps ...",4,0,1.4.3,2020-02-13 08:47:54,"""Have mot found a solution to that on github cryptomator forum, it's possible to open then edit save with Boxcryptor so Cryptomator could do it too !?"" Here you can find more information about this topic: https://github.com/cryptomator/cryptomator-android/issues/150#issuecomment-514401775",2019-10-23 13:16:21
gp:AOqpTOFFURFcka2w-PI6dpP3vJpPi8IX-iwlw6dosWuZQvOAGngAvmiO1hYyR1ihYOp7BZQRVQ7YXyFTRGGOPmA,Leonard Vun,https://play-lh.googleusercontent.com/a-/AOh14GiH08FcW0S3v24SqriYxrbSHU1feZ5zDHUOEPG59A,Grear app for wanting to keep your files using client side encryption and for cloud storage. Lacking are in-file search ability and no thumbnail image view meaning I have to make sure my filename means something.,3,2,1.4.3,2020-02-06 16:03:45,,
gp:AOqpTOFA2zFtTzS8rrtwJeXTldr5PXq9qx9YpSIPHZSOOp1DdbLYousrumI5dyPKu7qqaHLBO4t-TWqIldyLpIk,Aubrey Blumsohn,https://play-lh.googleusercontent.com/-BRs9FaC5q94/AAAAAAAAAAI/AAAAAAAAAAA/AMZuucmVcWpK7cBkXkKgdnAYglVSdToPzg/photo.jpg,"Let's start with the good: Cryptomator desktop version is great. This App is not. Have to judge it for what it is - an expensive commercial app (if it was a low priced beta I would give it a good review). Only really useful to view or edit plain text files using the crude inbuilt editor. Anything else is no good. Text files sent to other text editors open blank. Files edited can't be sent back, and this opens massive security loopholes. No recent updates or fixes apparent.",2,32,1.4.3,2020-02-06 03:56:44,,
gp:AOqpTOGB8sUz3buX6aDuyF8lVFkzsorckGhn75rzltBQD3SOV8qVBkABcXFNnr-ID8GBv7mmdfTM6xYjB-Ycjdg,Ben Chester,https://play-lh.googleusercontent.com/a-/AOh14GgCBkIuw0Yy6-Ysc8K4qNQufRE-Exn65wcMUQ3VGTM,"Not great, no thumbnail views, hard to find what you want without preview for videos and images",2,7,,2020-01-30 00:33:45,,
gp:AOqpTOHThn8Mt9Dx9hmhTrpWvEsMa4v_rLoR-UCdrnEjI9kCNKZ_JH8LSfL5HQjK-J2rDpD1NyJN_0kaa1CZU64,J. Bradley Bulsterbaum,https://play-lh.googleusercontent.com/a-/AOh14Gi9Y89r6sRzl1TJlwwA2D7qWxAC84oFcnVUNPYeVg,"Things simply too basic not to expect are unavailable in this app. e.g. integration with file managers, uploading more than a single file at a time, hiding the encryption & upload progress windows (they're in the way and you can only cancel them to do else), uploading a folder, etc. It's not fit to sell *yet.*",1,5,,2019-12-23 19:55:05,,
gp:AOqpTOGehMyy3nOM4Dlc1ApSTfZ5x4Ic-HXUfxM-IuvajwB67RAcwAGSHzg1HIJ2jXpgBAXHXDBBBFYnt4q7Kao,Markus H,https://play-lh.googleusercontent.com/a-/AOh14GjzzaU42xJVth5Vp_hRqnfsLALSixraWgStVsY,"Great concept but app is new, needs key features, then will give 5 stars. I have a lot of confidential content on phone. Need option to MOVE to Cryptomator. The sole ""Upload"" option means that I have to spend double the time and look all thru my phone AGAIN to delete the confidential content that I just uploaded!! This wastes time and increases chance for error. PS: Paid apps shouldn't be bare-bones v1.0, so I'm applying a higher standard here. But also, great concept, keep working!",2,17,1.4.3,2019-11-02 16:41:28,,
gp:AOqpTOF_yDxevMrhLCFbJZ6BOMGgSGalyX8YBlg6Zzm1VCzChDSEQFDFLS29dkg3DUzj979a_OaHn0GDQLWSUrU,nascent nascentt,https://play-lh.googleusercontent.com/-mVkke9YfXNk/AAAAAAAAAAI/AAAAAAAAAAA/AMZuucnm_c6pKrcEEIJ2HX4ptHQphHpyEQ/photo.jpg,"Bought this out of gratitude for making an open source client that can do device side encryption for many popular cloud providers. I don't even particularly need such a thing but I want to support such a project, taking on the overpriced, and less trustworthy competitors.",5,16,1.4.3,2019-10-25 13:28:44,,
gp:AOqpTOGmuMtLdHHCjZMVKNE4lHmuNqK3AGFSNgQ82oeeFr3JH9j3nmmYwaZu2RF03ttYJXdqfGu3zg9JzaiV7X8,Mark B,https://play-lh.googleusercontent.com/a-/AOh14GhbRd7FKA0ALDtsSgl-MfSx6YX7NV6e3F2jR3KmXg,A solid open source and much lower cost alternative to Boxcryptor.,5,20,1.4.3,2019-10-19 09:58:26,,
gp:AOqpTOFC8cjHf-uE12QaTR92nUdORzkJ2eoQoNZvvJ3zFx3U0eRINg5QemQetrF6JNTEgaCrKdGR91h22dbaLnc,7620313,https://play-lh.googleusercontent.com/a-/AOh14GhjQu1d6SdGmYIDgj_VUWRa2Az_IwxBRsa6SCFgrkc,"Great app, but it's missing a very essential feature! I have hundreds of pictures, and it's really hard to find a specific one by the name alone. It would be greatly useful if you could add ""gallery view"" mode in which we can see the thumbnails of the pictures in the folder!",4,20,1.4.2,2019-09-16 06:05:54,,
gp:AOqpTOGlmknreaEjWoanK8tDjBp6MWHj2HgUV6ZOYwzesnb4o2omAN5MebRQ6khuBFqs6QQCjSer-hx-4uVDy_0,Marc Shawn,https://play-lh.googleusercontent.com/a-/AOh14Gh9Rpljl4VT2Aojo7Hd7KrZ68USDtCHPm-B1It4xA,Works as expected.,3,0,1.4.2,2019-09-11 13:47:14,,
gp:AOqpTOHuWcbRzhWT1Oy_1pLdL2ePVltQEqsTXVlny5UorTud_9fvCFZ8o05PgWGCz1eFVS-gpUjsDmW80FW_Z90,Rajiv,https://play-lh.googleusercontent.com/a-/AOh14GilRjMyR-WOIKNWTyJhuEmhH0t0AcvnY7-S9b8l,Earlier I got some difficulty to setup but it's great,5,1,1.4.2,2019-09-08 03:39:37,,
gp:AOqpTOEvpPOIw9UJ4jnIHYCCYX9XxyNFMHcFSRAP0_ROeA7qoBSdWW29s_gINLgrz_fHUD9EKjMJo3w4BXVXpJc,A Google user,https://play-lh.googleusercontent.com/EGemoI2NTXmTsBVtJqk8jxF9rh8ApRWfsIMQSt2uE4OcpQqbFu7f7NbTK05lx80nuSijCz7sc3a277R67g,Please add more cloud services (pCloud especially),2,7,1.4.2,2019-08-23 02:26:58,,
gp:AOqpTOHlyMD0cJ9pgQIiKutNOuGXbIDUnAjbmUw8elTM8sIJ-MprTWQaAS3RJl9Ii46S4piWol14az2m-sDpBuQ,Michael Albert,https://play-lh.googleusercontent.com/a-/AOh14Gj5RMZWHcVN6PoOtK6sWpjrW35TXiOhJ01As6g,"I use it to securely view PDFs that are stored on my PC. For that it's perfect. I evaluated other products, picked this one, and have been completely happy with my choice.",5,2,1.4.2,2019-08-19 13:08:05,,
gp:AOqpTOGbIwsX87LYCmDnaj-3RgTtOOJ6IyJRVC4_fFChlmdHSEKygk5eLwLNR6-hzSfVdHB9KgyS-xdekyVwGDE,Giovanni Velludo,https://play-lh.googleusercontent.com/a-/AOh14Gg60xvPS8vYPqFIjAsz6qC1TznPJvhv6Hg2lK0PEQ,"It works, but it lacks features compared to the desktop version. It is not possible to use multiple accounts from the same cloud provider (for example, a personal OneDrive account and a business one), and it's not possible to access files placed outside of vaults (for sharing with others), requiring another app or the web client to do this.",3,4,,2019-08-13 03:10:07,,
gp:AOqpTOG_Y-URJQtgGGdXwcrhHwxjy1K4gQNlLvJAHe0x4MsJWmQlah0bikZ2VmGTB6hwn_8HtV9aHwlYsWLwA5U,Jane Dough,https://play-lh.googleusercontent.com/-XP0pABQuq2s/AAAAAAAAAAI/AAAAAAAAAAA/AMZuucl2xYpmeqzWFjZLx3JHKB1ZWUJIfQ/photo.jpg,awesome experience. super simple. love it. please integrate with other FOSS apps,5,1,1.4.1,2019-08-08 04:23:04,,
gp:AOqpTOGcQsoSl67ru7jSmmhIKv57LVmEyCFl5-ZdFb-gphH1XIuvq4L52uY7Zkky4g53oUX0afVOcgqRLFFREgU,Pum Walters,https://play-lh.googleusercontent.com/a-/AOh14GjnT7zfYYF-aSyd0-LPYCyC9tFlHXlYrGDOlw5MOQ,"I don't know what the use-case is for this app, but it isn't to encrypt files in the cloud and edit them locally (in decrypted form). Firstly, whenever you unlock the vault and look away (for instance to use another app) the vault is locked. Unlocking it again requires you to type in a password. But much worse: whenever you unlock the vault and open a file in another app, say Word, that file is copied to the app. There is not trivial way to save it again from the app into the vault. You can save it, but then you have to hunt down wherever it's stored, and copy it back manually. For me, the app is useless.",2,6,1.4.1,2019-08-03 05:47:42,"Thanks for your feedback!
There is a bug in the MS apps, that's why this files are read only...read more: https://github.com/cryptomator/cryptomator-android/issues/150
If you increase the time the vault gets locked in Cryptomator settings, you have more time to switch between other apps. You can even disable the auto complete functionality.",2019-08-05 13:04:49
gp:AOqpTOHZt5aiEqOnJvJqXfTUHFnepuNqYQ9MMDNFTuBS1vpVzJazWbsGbdRP8P2MaK1B52pTr4IkztOoK4ckl9o,Andrew Wilson,https://play-lh.googleusercontent.com/a-/AOh14GhU7Yt2UEzH2ptWFX6Sgb93kXvxb1o4qrv1QV_XPg,"Quie probably the best multi platform open source cloud encryption software in existence today. Cryptomator makes using encryption technology relatively easy. Desktop and android aps make this indispensable for protecting cloud stored files, and also on-device personal files. Performance is rock solid. Stability is excellent. The ability to encrypt and upload files to your cloud via the app is just outstanding. I cannot recommend this app strongly enough.",5,24,1.4.1,2019-07-27 01:13:36,,
gp:AOqpTOEmgIhKUakYEQD8ljGvFdJQtVp8MXQRocMeFahyolwPZUJXdTmOnr3VZG8mRNujRfQgmuzcM-uXwXP1x2o,Sun flowers,https://play-lh.googleusercontent.com/a-/AOh14GhH7JZ5pr5E2I2XacmReaSXvxcsQP2_1MyyVo2tJWk,My app is crashing all the time. Please give me a refund,1,10,1.4.0,2019-07-25 21:30:24,"Thanks for your feedback.
Can you please send us a email to support@cryptomator.org with the google account of the purchase? Then we can initiate a refund. Furthermore you could tell us in which context the app is crashing by providing a log file so we can solve the problem: https://tinyurl.com/y3xccy9c Thanks!",2019-07-26 02:26:11
gp:AOqpTOGsekkIfeL9lBcwcm2AxInbIWcOnvZibWbNMqceBxAVVEqig0t2qxsN_9YS3j4K8r65Xgq5cPEyZ_LRM_A,P B,https://play-lh.googleusercontent.com/-KBV3JbhvYU4/AAAAAAAAAAI/AAAAAAAAAAA/AMZuucmbvF87IvcagE2WBWaepJmaElmQ9g/photo.jpg,Great and useful tool.,5,0,1.3.10,2019-07-25 03:03:02,,
gp:AOqpTOHCtdeMMvwWp6elNe8UkBPUs_YP6VDAbW0kEi3PHkzIF4Ae-i3S-baGCTntjHggCSXMMaUcwpbEFYma1Zk,Suraj Deshpande,https://play-lh.googleusercontent.com/a-/AOh14GhHU5mDHI_BKidb1NgG2NYXU5TEx_igFs6KdzDwyQ,"Good app, but it need some improvements. I can search the folders but can't search files.",4,3,1.4.0,2019-07-24 20:31:04,"Thanks for your feedback!
You can search for files and folders within a folder. If I understood you correctly, you want a search function across the entire vault? For this request, we have already a issue on Github https://tinyurl.com/y4g5j4je and will be implemented but will take some time.
Stay tuned!",2019-07-25 01:45:39
gp:AOqpTOEUrPj7Gff7DEZltreNsw39AzW7Fu-Yfi01yhPbVeYjH3oysHH8Dnt4rRNtTE3k815fIWXXmlIU9UwiOMc,Manasvi Srivastava,https://play-lh.googleusercontent.com/a-/AOh14GjpD2tptpoA-TPDxMVDea7zv-plEK2nnOZoP7w8YA,"Great work! The app is simple to use and works mostly as expected. To begin with, I was not aware that in order to edit .docx files, you had to download them, and upload them again after editing. Little annoying initially, but not a deal breaker. I since started using .txt files for most of my personal notes. Edit: I use Cryptomator on my Samsung S10 using a DeX station and an external keyboard. When I hit enter on the vault-unlock dialog, the cancel button gets focus without getting triggered.",4,1,,2019-07-21 04:10:28,"Thanks for your feedback.
To the problem with editing Microsoft files there is a description here: https://tinyurl.com/y4nd28kj
When I type my password into the dialog and press enter, the vault is getting unlocked. On your device the cancel button got triggered and dialog is closed?",2019-07-21 03:06:05
gp:AOqpTOG3Z_uOSg8ZMDcoAsNW_t6NMyYmJ-vyXqr57EMV4hNWzOGFa6x_VSlJHGrIZW0U1YNn4GpFeMTI8TpCSbk,Martin Apps,https://play-lh.googleusercontent.com/-F6JYf_70ETM/AAAAAAAAAAI/AAAAAAAAAAA/AMZuucmSszvLfl8cRGbLO0KwDqVsE8zhXQ/photo.jpg,"Not being able to directly edit documents in the microsoft apps is a killer for me, but that should be solved soon according to the developers. Developers were unusually responsive and forthcoming, therefore 4 stars.",4,2,1.3.10,2019-07-08 11:49:44,Thanks for your feedback!,2019-07-08 12:31:03
gp:AOqpTOEm-ziX6RejmyBFeCAiIgAofrhcI7AssyELDJo3qAWybwwwbQPWzD-zX2FMGlziZbfgwrZEZtUeys9dR8s,NikoCodey,https://play-lh.googleusercontent.com/-pO54kBHlFQ4/AAAAAAAAAAI/AAAAAAAAAAA/AMZuucnC360q8UGelRDYtf9eVams7qSHxw/photo.jpg,No issues so far. Keep up the good work. Although the devs should make it so we can buy the app in Serbia.,5,1,1.3.10,2019-06-29 10:09:52,"Thanks for the feedback.
Will check why it's not possible to buy the app in Serbia, thanks for the hint!

Edit: Is available from now on in Serbia. Was a bug in the config, thanks again!",2019-07-01 15:06:08
gp:AOqpTOFLhhpLb20QEF4rV1_G1jxlIExlLxogDghgTq7vkFhc-hUfMnVENDq4gSeEUtIHKsfEyfaO6xbocQgYqog,Alexandru Cernat,https://play-lh.googleusercontent.com/a-/AOh14GhHJjkLvsIWdj4FZmof818xEfk5L2h6Qm2hWwTyyQ,Seems to work well but there are some issues. Can't work with multiple accounts of Dropbox at the same time. Doesn't work with tresorit.,4,0,1.3.10,2019-06-28 12:17:43,,
gp:AOqpTOGB5v0AKO83l7eEN1-cyomwRAHUKGr19BUhSWl_GwIhoetjPWlztNyD4SUixTWqxDeqNQd-EodLeQI5ynk,Y,https://play-lh.googleusercontent.com/a-/AOh14Gi2TSgRt_xDsYNWhD8geSGB7cTnakUIeJFfsUeNwf8,"While I like the service, charging $10 for an app that makes your exported PDF unreadable is kind of steep...",1,10,1.3.10,2019-06-26 08:47:40,"Thanks for the feedback and sorry to hear that.
We can not reproduce this problem. Could you please send us the log file and explain us in detail, what you have done to create a unreadable PDF. Thanks! :)",2019-06-30 12:05:48
gp:AOqpTOHIvfkO0wQbp8k62BDpE4pkjsKzG8DlvCyAkAwrSXGubxDzvgDr0CYGorZGEFbPUNpw_l2wU-uL0haywDc,Siafu Linux,https://play-lh.googleusercontent.com/a-/AOh14GhMSiNgdGMecxnyH2v8eBHL4JGPzFVG-VaBKy6LwN8,"It's good but, folder upload is lacking. This is incredibly tedious to use when uploading files in multiple folders! Screen time-out causes uploads to stop while in use. This option should only be active when not doing anything. Is it possible to add a local sync folder, for the vault(s), that encrypt and updates locally saved files to the encrypted vault(s) on the fly / automatically? Would it be possible to stop other apps from deleting the vaults? I imagine this might not be possible?",3,11,1.3.10,2019-06-23 12:25:52,"Thanks for the feedback.
Folder upload will be implemented https://tinyurl.com/y2j3b82c.
You can already disable in Cryptomator settings, that vaults get locked if screen timed out.
Syncing a local folder will be implemented too https://tinyurl.com/yxqtt8bz.
No, it is not possible to stop other programs from deleting vaults.
Please stay tuned.",2019-07-08 12:30:31
gp:AOqpTOG-eYZTWyhMBaEOV1pGlFjt4HIA14eQscBLjYH8nvUVUbMXep6eQTYxYc83Ozos-Z5PylhpW9EyvedIJZ0,The Winner,https://play-lh.googleusercontent.com/a-/AOh14Git-7bU-vPPTPVcCXATnGNe3ZrFw0P2lNa6t-AjTu0,This app is awesome. Highly recommended for encrypting your files.,5,1,1.3.10,2019-06-16 00:17:01,,
gp:AOqpTOHM1hgkuzzqF0sgAI5fub2lLqSvVvjkOptHZk6vPF0N-IqlOvVpgnN40h5gcpLVh1TikE5CB7ZLIuTOdiw,Paul Teale,https://play-lh.googleusercontent.com/-i85sBUf7eHs/AAAAAAAAAAI/AAAAAAAAXiM/AMZuucnN8BViiDIJNaLfc0NRGQeZdMLqTw/photo.jpg,"Amazing application, this has changed the way i use cloud services",5,4,1.3.10,2019-06-12 13:00:49,"You mean something like that: https://github.com/cryptomator/cryptomator-android/issues/95 ?

This feature is available since the 1.3.9",2019-05-24 00:07:40
gp:AOqpTOGtckOd_32OhN35APMtidbcVP0yfo7ENwNSQPJfKe5ivgGIYjf9Ic4mDKga-jFP5GUhCobqdLztLWsuEZE,Markus Stang,https://play-lh.googleusercontent.com/-dEowI9s9O5w/AAAAAAAAAAI/AAAAAAAAAAA/AMZuucl_T-D5_hh_SyvFN5dohEkgq_8Esg/photo.jpg,Great app!,4,1,1.3.9,2019-06-10 20:14:44,,
gp:AOqpTOFebPSDAn7eZU4vEjPERdVO0pmYTCuFvsRyI716Qm8M9NV0PJsGleTR92dPnbh6QCP7wH-6DrgYZACsPRQ,Mathew Pinard,https://play-lh.googleusercontent.com/a-/AOh14GgshB9jN03Q0UpwhlMXL8ZEr_LNQ83yqJfU4HSBtfM,Please add support for Team Drives..,3,3,1.3.9,2019-06-09 11:50:30,,
gp:AOqpTOF3At627KHIilWSiZbhdKr_pbVrfwCq7ITFNr_JT2V3GQTiHzx7xRiPk1hzHkjdlLegto_ROTp-3sWYgPk,Timothy McCartney,https://play-lh.googleusercontent.com/a-/AOh14Gjb6xm-M8duv-mGTfuNTjWFzebv0e59dFf5uJ77lqk,"I've been using cryptomator for quite a while on my desktop. This is 
definitely a gem! Having the ability to store data securely is the cloud is 
amazing!",5,0,1.3.9,2019-06-06 06:18:16,,
gp:AOqpTOGDtZ3r4QJRjdCHHSrZaIb85VnMSk-87ZmwsP9bdyL-2JPmFIhHpYoJwqb_m_SwO8AzSxJ4uexHNN0WSCU,Marcellus Corbin,https://play-lh.googleusercontent.com/a-/AOh14Gj2HnL3CVK4l3aCRApE1eOoyWM9pLZbhkf6Lsfhq5k,"App keeps crashing when I tap on ""login to Google Drive: Edit, issue has been fixed and the app is working great.",5,5,1.3.9,2019-05-30 09:36:59,"Thanks for the feedback.
You have stock ROM installed or custom ROM with Play Services installed? Would be awesome if we could get the log file: https://tinyurl.com/y3xccy9c
Thanks!",2019-05-30 09:35:19
gp:AOqpTOGRfi6Pzn404qDfM_O3ac5y1JCCMCGGd1ch-ht5C_NE5v5zy1HRYQb8BTniMo3B7-N_EBwbTzm5EPehOPs,Karen Gaia Pitts,https://play-lh.googleusercontent.com/a-/AOh14Gj_zTxgCEXbiX3r83Mr-pv2qrAg5fCUXNcXPQI2qQ,"This loses my files. it was working fine for 8 or 9 accessed to my files and the next time they were gone. I tried it again, re-added the files, and again, after several successful file accesses, the files disappeared again.",2,2,,2019-05-27 14:12:35,"Thanks for your feedback!

If possible it would be really helpful if you could enable debug mode and send us the log file: https://tinyurl.com/y3xccy9c",2019-05-28 22:34:02
gp:AOqpTOH69Lr5jXazWjlLcnyIy0GpO3AB_1vMhNbJXUSl_GLu86805JcQR35IKE6QwsNbgBkYqOza1juFEwXTduE,Chris Uppal,https://play-lh.googleusercontent.com/-W9a_SS-l1Mo/AAAAAAAAAAI/AAAAAAAAAAA/AMZuucn5JDXFBjQvUH9y_8W-e44vmA__ew/photo.jpg,"Updated: Dev is correct, but it should TELL you. Added 1 star. Original: Doesn't do anything at all. Just shows create vault screen, but that screen is completely dead, nothing responds to touches or swipes. 3 devices, Android 5.1 and 6.0.",2,1,1.3.8,2019-05-18 22:17:00,"This may be related to a blue light filter or similar apps. We rather recommend to use the app without a blue light filter because this is more secure but starting from version 1.3.0 the protection can be disabled in the settings. 

Since the 1.3.0 there is a dialog which tells you what is the problem see https://tinyurl.com/y6ejku4c",2019-05-22 02:19:52
gp:AOqpTOGSbxjNmC7qTuMsQAy6_xoe2nBfFsqZ41TdBS1di7ZZuP17rZpni3ZSCpt2PkOFmvm6itjQF6ARAC2AsN4,Chris Harpner,https://play-lh.googleusercontent.com/a-/AOh14Gh7Fq2L9rrtZdsXTDtognDSiUNprdMLXJUZvNjbtWs,"[2019-05-18 Yes, it works with the current version] Love the concept, HUGE advocate for the desktop version, however, it crashes when creating a vault for Google drive. Dropbox vault works. Also, UI is a bit confusing. update: it works now!",5,1,1.3.8,2019-05-18 19:11:10,"We have released a patch. This problem regarding Google Drive is solved with version 1.0.4.

Does it work now with the current version?",2019-05-02 09:18:44
gp:AOqpTOH60SyyprkQZ-3efZQJnSemk15qLWl_TQT4G436Av4sC3LfRTrqMCtEBJDHjrTRdq6YitpVSgQvexXJkoE,Allen Baker,https://play-lh.googleusercontent.com/-YeCDfFvBSFk/AAAAAAAAAAI/AAAAAAAAAAA/AMZuuclCNBizAfVI18hmSI4M4hEFCdBVeg/photo.jpg,Repeatedly crashed on Galaxy Note 9 Android 8.0.1. Had to uninstall. Please post in the version notes when it is fixed. Update 8 May 19: Your update seems to have fixed it. Thank you : ),5,5,1.3.8,2019-05-08 00:20:47,Please retry with the latest version :),2019-05-01 14:11:57
gp:AOqpTOG6HHA_pWbt-QSEHtdMSdOVXb0YhIWoPpbblCl_qBEYC-jiCjPkT8eSaE7HoaM6JEtKINQQWdXU8TXUq9w,JATIN CHHABRA,https://play-lh.googleusercontent.com/-UvEEdEBYe7I/AAAAAAAAAAI/AAAAAAAAAAA/AMZuucmH2StWFJJM3Y1kaDo_vLVx5DXTcg/photo.jpg,"I couldn't find masterkey file in my app and Don't know how to open files from my Dropbox, It says select masterkey. No support team where i can email the specific questions and ask :(",1,3,1.3.8,2019-05-06 18:45:21,You can create a topic in https://community.cryptomator.org/ or contact us using support@cryptomator.org,2019-05-13 23:47:16
gp:AOqpTOE1tjzxW4EvDWJx8xqrPlsll_mUjUNPEk9XMMVy5G-i6h5PyZYybL0YJkV1ggYrnxxz2of3Jyqr10ZO7Dc,Jan Egeriis,https://play-lh.googleusercontent.com/a-/AOh14GhzJVeIMmrs0TegJVgXHFLHhRyQJbuFEFRrfwnJByg,Very nice functions! Current Android version 1.3.8 is very stable.  Love it!,5,3,1.3.8,2019-05-06 00:21:56,"Should be fixed, please retest with the latest release, thanks :).",2019-05-02 03:53:25
gp:AOqpTOG_D5L87C1kwBI7lZzcQkIy240XU2YXbrh9P31abjG9Md4SWQ5-Cec1-j3rbIx4Ct_s9LneeL2EFf4EjM8,Tim Cyber,https://play-lh.googleusercontent.com/a-/AOh14GjS7df5E8l-Jm3cbQz2aRkBfCCfGPdYPHTEAxlc,"It's price is steep, but I have no regrets. The app works great and feels very responsive. Now I have access to my encrypted data on my mobile and desktop, feels safe 😆",5,6,1.3.8,2019-05-04 23:34:09,,
gp:AOqpTOExvXNnrVwQDt8KnZWT5M3cfq_m-gWVl4Om5T9BHYSMXmM0l-0278JtJfii41SC3wAvMwCAvS_LJBX3qrg,Sam Schrimsher,https://play-lh.googleusercontent.com/a-/AOh14GhH_Rk3yQvllVlxZbH1FqWKb5GOXJZ0oB3kdbjm_g,Glad the devs listen to user feedback,5,5,1.3.8,2019-05-02 12:08:00,,
gp:AOqpTOFmBipvT9IMBiHAePHQCbn1Px55q1aAF9bQXq2lMg1j5v86Yru-LOpPOT_CLJm_M6QB0gp0p5G2B0w0AUs,Ian Wardell,https://play-lh.googleusercontent.com/a-/AOh14GgC_6c80JE6egdNPGeJzhZyBH-B7frl9vTFoG1Eog,this app is fantastic. especially if you have a very large google drive ..like the education ones.,5,3,1.3.7,2019-04-21 18:29:47,,
gp:AOqpTOF2gHPtdIw4YLLvy8M7tMap1Oi2UdPqHxBAnTPoYLVApJzEV8TEIKKmVWAjRK7lXLLltylOnnP0TRBF_tY,Simon McCabe,https://play-lh.googleusercontent.com/a-/AOh14Gg0xkEL90XYgIq-3jAytbwNJUGy3u3i9T6wXCdULQ,"Well worth the money because it's offering secure encryption, works across different platforms, incorporates cloud storage and best of all, it's actively being developed and updates are regular. I was happy to support this project as I store my university documents in the cloud and wanted them to be secure.",5,11,1.3.7,2019-04-20 04:10:00,,
gp:AOqpTOFz6k4PalCUOcG-dRpY-HWr2vX7871xi8O6H7BqsSWKdY1f1yifapA8flRrGdsWw136aSH3WTOGHVuvYt0,Nemo Gonzo,https://play-lh.googleusercontent.com/a-/AOh14GhS_naveuZIJoEMbG1kdW-lBwJBH7O9nUow-tB8qg,had an issue and resolved within the hour,5,4,1.3.7,2019-04-20 02:08:36,,
gp:AOqpTOFiyvQahtzA6POgDfKcg0Ztly2O27eL83U8twd3IMd3vmj1rHmaU6FEqplqPlx2xE9b8-vWOEEMZLQBELM,Maverick Ong,https://play-lh.googleusercontent.com/-cgbNjuAjKEg/AAAAAAAAAAI/AAAAAAAAAAA/AMZuucm84UBEJLpdoRhAYBaIGewm39sNig/photo.jpg,the android version 1.3.6v does not support teamdrive...any ETA,3,1,,2019-04-19 22:05:07,"Thanks for your feedback!

With the 1.3.7 it should work again.",2019-04-24 13:08:01
gp:AOqpTOFuadoh3F4-gzUAaq6xuv-KUkuPDGNnVwifwKrvNmoMyICpVnEye2SxJJDHxcvbUhWml5_6LBOERMagjL4,Luis Carmona,https://play-lh.googleusercontent.com/a-/AOh14GjJfHgjkLKbwS1cgPGJ7bWNdS3LcPxwLkigDkfKbQ,app constantly crashes why is my support request never answered?,1,2,1.3.2,2019-04-13 22:15:02,"Thanks for your feedback and sorry for the delay!
I can not reproduce the problem ""App constantly crashes if you move the app icon around on the screen"". Can you please enable the debug mode, reproduce the problem and send us the log? https://tinyurl.com/y3xccy9c",2019-04-17 02:40:19
gp:AOqpTOE5uGixzTmGzZvu9V2xAe71JJJ6O77iilpiVpya_lslrc2ieaNW0CKp1rp2hI8N8iAo9sXJlijX-Va8f1A,Kjartan Flåm Ohr,https://play-lh.googleusercontent.com/a-/AOh14Ggg2KEMsSQzrDUFnar1dQc8-2RsGM5re56V6BP_fME,Love it. Everything easely encrypted,5,1,1.3.4,2019-03-21 00:48:18,,
gp:AOqpTOHmWcaZ_ZNu0CyEzkiAfLee53PiOd2u8U1SGLxjzEyxFWol60vZSKw-UsfJCDcVfthRBAufrGxnKLHMRe4,Nicholas,https://play-lh.googleusercontent.com/a-/AOh14GhXSxSTdxZFePYkFCWiXOPi2NxxYdrbspUWVeLJxoI,"are there any plans to view images in the droid app like the desktop app? it makes it difficult to find the one you are looking for when you can only see the encrypted filename. when you open the wrong one and go back, it brings you back to the top of the list.",4,6,1.3.4,2019-03-20 07:54:01,,
gp:AOqpTOGJ3NhOnKCWE9MUgukSukra-89duIWZI7a-rB0qqrFOVtBveU2CmDWN1_y40tECd8izz0gjkr5bWY4HCcQ,A Google user,https://play-lh.googleusercontent.com/EGemoI2NTXmTsBVtJqk8jxF9rh8ApRWfsIMQSt2uE4OcpQqbFu7f7NbTK05lx80nuSijCz7sc3a277R67g,"Not sure ... Should I rate it 5 stars, because it works as advertised. Or 1 star, because you can not save any files directly into the vault (""no moint point""). You have to save files outside the vault, then upload it with the app (even if the vault is on local storage) ... Knowing this, I still purchased the app. Hoping this will be added in the future :) And to support open source development.",3,21,1.3.4,2019-03-14 02:15:50,,
gp:AOqpTOFNXAA6Lu-wMw0sbPYtRj3ya83VUPHbdiFAKVT86Z82-tLaH8x-4F4vVp-OjIGFwUBe5xmieAbVzorLcsc,Roman Volovoy,https://play-lh.googleusercontent.com/a-/AOh14GhBihZB1xnjJu9IsAN_afiKxurdnjLFe5RCUAfTTr4,"Works well for what it does. some improvements needed: upload folders, create a virtual folder for access from other apps (like truecrypt volume mounting)",5,3,1.3.4,2019-03-08 21:41:26,,
gp:AOqpTOHkzXy8dg-0k7lUkTZtBjs0lb3NxAQTkShATNL5iay2EdeOckQJDzdztYozBYRbRb5UhZI2WrETNzezSvs,Dusan Jankovic,https://play-lh.googleusercontent.com/a-/AOh14GhD7d3QkIv6hQQTCdITzTqL_xGQPLfTmXSqaauR,So far really good. It has access to most used cloud storage services and a fringerprint engine support.,5,4,1.3.4,2019-02-25 00:16:39,,
gp:AOqpTOFDedO1De9QwLw7yjFDnE0LbOR3_CYUcPUiEfWTgk-NbmPOR8O8trbkB-H5KiHVZlD0jtgexWyAwPLdHAk,A Google user,https://play-lh.googleusercontent.com/EGemoI2NTXmTsBVtJqk8jxF9rh8ApRWfsIMQSt2uE4OcpQqbFu7f7NbTK05lx80nuSijCz7sc3a277R67g,it's pretty awesome still. not fully open source and not available outside google play store. please offer an alternative way to purchase your app. would gladly pay again simply cant use it on android devices without google's store,3,10,1.3.4,2019-02-20 11:07:26,,
gp:AOqpTOENYXq8hOzY2Uh6ZbW6sgiTFs0f4oprDN_1rFKEupwUYMFnkppjFH0LCsGsnia-FzbKqkSEbgaITaD9JEU,Ari Gold,https://play-lh.googleusercontent.com/a-/AOh14Gg43I_pw-4WQ1HtxNnCTlnY8BIH2s2_E2wdbwvo4TY,very easy to use and a must have if you have files that you store in cloud services,5,0,1.3.2,2019-02-08 07:43:10,,
gp:AOqpTOGNix8YwQDAEN0MMd2FBdBYXbS4gMgUL6aFRT0BwaaGNkrWHrwSdumVX7Mgn1wuHhvHD7A5ew7LQhUc-Rg,Paul Okanes,https://play-lh.googleusercontent.com/-7MDKjwKR_gM/AAAAAAAAAAI/AAAAAAAAAAA/AMZuuck08MEbxccZvi_HlQ1bSc7UpKveOw/photo.jpg,"Great product. Even the little notetaking app for creating / editing files in the vault is well thought out. The only downside is there are fairly frequent messages when I'm not using the app that ""Cryptomator stopped working"", but it seems to be a spurious message.",5,5,1.3.2,2019-01-29 10:39:24,,
gp:AOqpTOHu64N7u31xMtbuSI06vSSf_oB_QvyP3GGgiEEuB6xX2WPIflNdkQkLRIZvfv6XUhU8Hgdb6_VKlkpppto,A Google user,https://play-lh.googleusercontent.com/EGemoI2NTXmTsBVtJqk8jxF9rh8ApRWfsIMQSt2uE4OcpQqbFu7f7NbTK05lx80nuSijCz7sc3a277R67g,"Hi this is useful app but i have some doubts on file storing in mobile app. This is my situation. I need some clarifications.   I created a vault in my google drive in PC and put some text files, excel, word, images etc.  and i tried open them in android using this app and those are open as well. but my worry is, lets say if i open an excel sheet from vault which will open in excel app in phone and when i close vault, then the read only file still shows in excel and can be read and even can do save as in different name.  read only file shows the path like data>> user>> 0 etc.. because of this i think there is still a way to access using temp files. cant you delete those files via your app, lets say when i close that particular excel sheet in excel app. the same happen in word, power point and basically what ever the thirdparty app opener.  another thing for plain .txt files, is there any way to open them in different text editor without built in one? because built in one does not have features such as basics like search text etc.   I am waiting for your reply. you can contact me via email if needed. I gave reasonable rating because i believe in this and need to help you",4,9,1.3.2,2018-12-31 04:02:21,,
gp:AOqpTOG74rmbfn53pUm5LcTkY5kz4JcKSbqN7bltALnLJwL6G4TY4CdvVtvwZgWpfSo-v2hrxuN7_uOYnqbEnPY,Mike Fratto,https://play-lh.googleusercontent.com/a-/AOh14GiNzQkjEOb6xR_G2E3i5ZJ1qZMTD2S0Bp8vtQU6GA,Can't use vaults stored the SD-Card? Really?,2,9,1.3.2,2018-12-13 14:27:57,"Using the ""Local storage"" when you choose the cloud service in the app, you should be able to store the vault on the SD-Card. Can you please specify you problem in more detail?",2019-01-16 13:04:46
gp:AOqpTOE6Ls2nZXqTTIn_Yv5djNPlYeBWyyvq8zOLnz3f5pOCnfiedTSs58wsfReqGv5euPZRzUrnCQalaETtGRY,Kevin,https://play-lh.googleusercontent.com/a-/AOh14Gi4Y-enQIZucpcK7s7eeGFMkZcYZymYiQQtnBJs3ZU,Good app but constant background crashes on s9+,2,4,1.3.2,2018-10-13 05:48:42,Should be fixed in the current version.,2019-05-01 14:13:56
gp:AOqpTOGvFIwT2_8kvWpq8BZgSkiljDW2_y9U8nqBeKljNV-doumHzM3qS166gMUtDrzuP2f9zJ6hRGxRLjlecK0,Richard L. Scott,https://play-lh.googleusercontent.com/a-/AOh14Gh-C43zeOKt90vO87gXACl7K1JTGflMhIAJFbrRuj8,"Just what I have been looking for.  This is the most seamless encryption cloud synchronization tools I have found yet.  The one thing new users should be mindful of is that the app must be open and unlocked to access the encrypted files.  Additionally, I wish the service offered it's own cloud decryption solution what worked in a browser to open encrypted files remotely.  Nevertheless, I don't see how that will be possible the way the service is currently engineered to work.  I think the mobile app is well worth the $5.00 (US) and I am planning on donating at least $10.00 (US) to the desktop version of the app.  Thanks.",4,20,1.3.2,2018-10-05 20:31:56,,
gp:AOqpTOH2AoI_p3SOSkpKBWtkL2CGHjAbfxjO0bqo5eUnIU5aa0kjbAoesesZq_vfNIZsv5VSKf6c5SN2SsTGsxQ,David,https://play-lh.googleusercontent.com/-xxhlz95nAkU/AAAAAAAAAAI/AAAAAAAASvY/AMZuuclmGSQ1zbu_e6v4Q_jlYS4Zksfp3A/photo.jpg,"I regularly use the desktop version of this app, which is great. However I am quite disappointed by the android version since it does not allow to access the decrypted files at a mount point in the local file system. I would understand this for cloud based container, but not for localy based container. This feature would greatly improve the android port of cryptomator",3,20,1.3.2,2018-09-12 12:39:34,,
gp:AOqpTOE-7RojPDMHv8DgXvEa58m2GskZWnd1OUsPLjbRq_Z8tqclAHVmUHAuQ_s_9wrmlcbfIy-8-3-ky1C4R5w,A Google user,https://play-lh.googleusercontent.com/EGemoI2NTXmTsBVtJqk8jxF9rh8ApRWfsIMQSt2uE4OcpQqbFu7f7NbTK05lx80nuSijCz7sc3a277R67g,Works perfectly since 1 year,5,1,1.3.2,2018-09-06 01:47:06,,
gp:AOqpTOFNOYTItwiVUwE2lxghi46GoPczg9WdSjMGefAu0V2iYqbnQ5pBdZyeZtX3R-KuKJLFhESaXqhf9Xg5Zog,Aaron Moore,https://play-lh.googleusercontent.com/-cNE5q2qYi1Q/AAAAAAAAAAI/AAAAAAAAAAA/AMZuuclpadvi70YK63jVHrT47WwnNFMcAA/photo.jpg,"Garbage. For months the advertised Linux support had been broken, on the top Linux distros, and they've known it. If you're silly enough to use Windows, why use encryption anyway?",1,4,1.3.2,2018-09-04 16:43:48,,
gp:AOqpTOF41ilLcYPp8gWesZhx_X3e1Jlkahuvlzwf6hDqf_WuXf8CMS-uSHaVtpjS9neF1LPUCtnjT_dGQ65Tt1s,Linar Khabibullin,https://play-lh.googleusercontent.com/a-/AOh14GhNjKYGSOidWASMEpweJaYA_1DXS37X59YvEbF3UAM,It's great,4,1,1.3.2,2018-08-29 06:39:08,"Thanks for your feedback.
To navigate a folder up in the ""move file or folder""-dialog, you have to press the back button of your phone.",2018-08-29 06:17:35
gp:AOqpTOE4wVUYF67jeu7C0hvjZrhKTTIwfuixfrPBDfsENVYscsxd8QNSN4gQIGmdcUwWTerK-JW2H4At9Exx65U,A Google user,https://play-lh.googleusercontent.com/EGemoI2NTXmTsBVtJqk8jxF9rh8ApRWfsIMQSt2uE4OcpQqbFu7f7NbTK05lx80nuSijCz7sc3a277R67g,"Great app, would love to see native support for pCloud without needing WebDAV. Unable to view animated GIFs as well.",5,12,1.3.2,2018-08-22 08:17:11,,
gp:AOqpTOETbmtczJjj7kDAGAPIou582mWkCIrXg9eBEfQ7JiXe67kknyoK4MUiquaxbMF30fuSgoBnY-hmEBDHR_k,Antonio Gomes,https://play-lh.googleusercontent.com/a-/AOh14Gh86zsV7178e_i1r6JPL3tCXnwLSp_k1Mp-X3wldQ,"The app is great and even the PC version works really well. The only 
problem and made me delete the app was that I can't edit or creat files on 
the go in my android. Such a complicated process, developers should look 
into Boxcryptor app, they did it perfectly and is free on local account. I 
would rather use this app since is fully open source, however until the 
mobile app gets fixed I will stay away...",2,4,,2018-07-28 23:16:33,,
gp:AOqpTOF63EEaK-g5_c6vm6jGXD4qSkTt5VLmapO59H2rtHph3RWcJV5eZ9a3KmxM2koan2pFzveMqZPB0SoVM84,Samarth,https://play-lh.googleusercontent.com/a-/AOh14Gis98eNXOuXNSNR6fgGhrdxZqFcm01Ty6hS1AqJlEQ,"Fingerprint functionality is fantastic, but I really do wish image 
thumbnails were made available...I don't suppose there's a way for the app 
to decrypt just any image files in the current folder such that it's easy 
to find the picture you want?",3,4,1.3.1,2018-07-19 19:19:49,"As a first step, we implemented a filter function inside the folder, maybe that helps already: https://github.com/cryptomator/cryptomator-android/issues/95#issuecomment-488421164

Thumbnails will follow in the future :)",2019-05-02 06:59:59
gp:AOqpTOHfafPE4-7PBdmGnMmE8PBV4T0yBGnnDN-2M4XAxfd393URIZ8t6cz-ANk1H6O-SJ1mXITLJsAPZgzKanE,Filipe Zalewska,https://play-lh.googleusercontent.com/a-/AOh14GhVRFIs8sitOCIbZRRq_L71a9g3MbM2sEbPYmd6U0c,"Cryptography is still a unexplored area by the most of users. This app 
makes it easier. Good job guys.",5,1,1.3.1,2018-07-18 12:52:21,,
gp:AOqpTOGkfT0g_K_I0oSvmUO2AazgxiOw0RrG7mYTqbQi-5cIancBIZyyuBGIDZZyCSPwALt8sb6Jh_VwIrzhEIg,A Google user,https://play-lh.googleusercontent.com/EGemoI2NTXmTsBVtJqk8jxF9rh8ApRWfsIMQSt2uE4OcpQqbFu7f7NbTK05lx80nuSijCz7sc3a277R67g,"I can use this service to encrypt data on all my devices, Linux, Mac 
Android, etc. It is really helpful and user friendly. Love their business 
model, I much rather prefer to pay for an open source app (the desktop 
version is) than get a closed source one for free.",5,2,1.3.1,2018-07-17 22:21:26,,
gp:AOqpTOH14JJLDA48We53un6uq1x2bpHq85cUtajXI0rHL7UTUJiMdbDuhY-B3NoZYGqmXK7UyPIYZc9lRnI8bnI,Tim Eier,https://play-lh.googleusercontent.com/a-/AOh14GhLsBke82GTh1KRulyqEHYAvXySFZ9Sv6vi0CvW-Q,Nice app! Promising so far and works flawlessly for me.,5,0,1.3.1,2018-07-17 11:17:39,,
gp:AOqpTOF93Ao09F_xCtXQoZUy7QEcLwP6F_E-CwdYO4Rzb31oLZLXBMUpPlnwNzeu9xU87GuSDtcRp4pGzSw1OjU,Richard McKinney,https://play-lh.googleusercontent.com/a-/AOh14Gg203e7_9RiJUbxhF5aHfpgXGKD15iY49HjPq8gUw,"Seems solid, but worth noting that the app doesn't enable connecting with 
more than one account for each available cloud storage service.",4,0,1.3.1,2018-05-25 14:20:19,,
gp:AOqpTOFxQEft1WQjVx7VSH2xUytZG6T_qNoKju0h1cb1yqk2iQe4m9I727T63EU4-iLG2eiI2O3tIGcn-8rtv8M,A Google user,https://play-lh.googleusercontent.com/EGemoI2NTXmTsBVtJqk8jxF9rh8ApRWfsIMQSt2uE4OcpQqbFu7f7NbTK05lx80nuSijCz7sc3a277R67g,Works perfectly.,5,0,1.3.1,2018-05-09 17:23:11,,
gp:AOqpTOFbEeqr052WRJMDpiy_o1q1d11TbZ1Yp9XaRvkmgm_611Lp_DTTYLbZZOqZxBge6T3Z8gP89TVCg3oCp-c,KaJe Bouwman,https://play-lh.googleusercontent.com/-7gdwNSVeEs0/AAAAAAAAAAI/AAAAAAAAAAA/AMZuucmw4q8loozjg7QmpKiwKyercobYCA/photo.jpg,"App with great concept, which -at first glance - does what it should do on 
Android and Windows. Big drawback is opening of text files. Those are 
opened with the built-in text editor which does not have a search function. 
Suggested workaround to share/export the text file is not useful since no 
normal text editor can be selected. Next to that: would be great if you 
could set an app PIN (I don't have a finger print reader on my tablet), 
since my vault password is extremely complex- for good reason.",2,7,1.3.1,2018-04-28 03:59:08,"At the moment, you can use the share functionality to open a txt file with an external editor. Created https://github.com/cryptomator/cryptomator-android/issues/108 with further information.

Protecting vaults with something like an master password will come soon: https://github.com/cryptomator/cryptomator-android/issues/13",2018-03-16 11:33:21
gp:AOqpTOHxobZlFjlnVp4xDYm4skJDFU8DffGsXx1tr3Qduhw1B0xvxXAGIHfi9Zrz6DcxVRd2C-ejF8RBCZiS6Qo,blacktechhack,https://play-lh.googleusercontent.com/a-/AOh14GhqPO76u-T4FhC2o43g_rub32V9I21BqVNM6NZsPQ,This app is simply amazing!,5,0,1.3.1,2018-04-10 09:46:38,,
gp:AOqpTOH271RukwTNATapnX3lDIAwSoMRVDfc4M6zdWHCJmNH2x8d6erLugCt6wjcxcFBH_YALYGLOde78XjfS1c,A Google user,https://play-lh.googleusercontent.com/EGemoI2NTXmTsBVtJqk8jxF9rh8ApRWfsIMQSt2uE4OcpQqbFu7f7NbTK05lx80nuSijCz7sc3a277R67g,I'm sure it's great for encrypting documents etc but it's too slow for pictures and videos plus no thumbnails if you're trying to hide your amature porn hobby.,1,3,,2018-03-31 01:53:52,,
gp:AOqpTOEU6VdiDelUY9zcD5yQnkb4P1emIpoh6pTC1DyU6FEnmGdTjwScz3AJAQDO5BeKwtzAd4i-rb3RGa2nMgM,Tom Segreti,https://play-lh.googleusercontent.com/-Jf6h3J4iZIQ/AAAAAAAAAAI/AAAAAAAAAAA/AMZuuclCqn4WFnFtAxZnaoQKISqjvny0lw/photo.jpg,Like the app and plan to use it to access vaults stored in Google drive on my device. Would love it if the app worked in offline mode. Is this a planned feature?,4,2,1.3.1,2018-03-18 18:18:18,"If you're using a local vault, offline mode is already available. If you think about storing some files for an offline usage using i.e. Google drive there is already an issue for that on github which tracks the current state: https://github.com/cryptomator/cryptomator-android/issues/24",2018-03-24 05:03:17
gp:AOqpTOFb-7joGDhkAHElrbGJaoqpy9Wy-XlN4kCI9_HwTvUNe7SZdT1XtcUvHGMk5_LNUTOhQI6B5thpj6gLbV8,Valerii Vyshniak,https://play-lh.googleusercontent.com/a-/AOh14GgBzbEXDMgTRGbwQ_7K1HoV7ci58GMCT5e_X0BA5J4,"Best app for encrypted storage! But is it possible to make the listing of directories a little bit faster? Listing directory with 116 pdf files took 2 minutes from google drive (fast internet, top qualcomm CPU) (implement some directory caching, dynamic directory file list downloading, etc)!! Directories with 10-20 files lists ok, almost instantly...",5,6,1.3.1,2018-03-17 01:59:49,,
gp:AOqpTOHaSsOQnc5KFf8CNYgBbk_dj_cNO_SvEdkGEb2Pe1RGZaujLDzB-jdvHkQ-s9xt56GLB87X6NhsiwbSW54,Shaif Salehin,https://play-lh.googleusercontent.com/a-/AOh14GjoOXU80g3_fgnIFcGE_DnsVCEc1OAdp2KMC4IGYw,"Edit: Swipe to browse images implemented. No complaints now. Five stars.  Old review: Almost perfect, but I wonder if it would be possible to make the image browsing more user friendly. If an image is open in Boxcryptor, it automatically loads a few previous images and few images after the opened image file. This makes swiping through images faster and gives a better user experience. If that's not possible, I would atleast like to see swiping to browse previous/next image functionality.",5,3,1.3.0,2018-03-06 18:14:04,Thanks for your feedback :)!,2018-03-06 23:10:10
gp:AOqpTOGmYKv9uGCbytItFk8Yzq43OmL5w6WCHL6PJs_6fQYE2BpkOOhRSwQGOARsOKk-ZcdkyPVYOIUn-DvLpho,Vincent Law,https://play-lh.googleusercontent.com/-txb5BmlahiI/AAAAAAAAAAI/AAAAAAAAAAA/AMZuuclAjkcMmvlpayH9zt1Y-JhRQvmXbA/photo.jpg,Love this app. Suggestion: upload in background so I don't have to wait.,5,0,1.3.0,2018-03-04 01:30:30,,
gp:AOqpTOH8pURZdoxQfsUNBrFJQC-i2S2PT_4cgaHbs-Ka8ebYLvq9tIG8ZErCyK-_yzxzY2BIo1CT9U28A_NDwpg,Reuben Simpson,https://play-lh.googleusercontent.com/a-/AOh14GjlTQ-QNEynx0S76dtUK2r6JmoOzz8JhrK2JcW1KQ,"I was so close to rating 5 stars, but when you open say a .docx file from the vault, it opens in Microsoft Word. Then after you lock the vault, you can still open the file in Microsoft Word app.... this is a serious floor. I don't mind read-only, but can you make it so the file is no longer accessible after the vault is closed. Or give like a preview of the file instead so that it doesn't download onto the device? Thanks",4,2,1.2.0,2018-02-15 01:16:04,"Thanks for your review!

Here are some more information about opening files in third party apps: https://goo.gl/ojrLMB
Opening more file types in the preview mode would be awesome, we will discuss that in more detail...",2018-03-06 12:14:20
gp:AOqpTOEx5PcRh3aqLM1Xtj6OjF2d7hREXcJt_T85WFFJlQdF_aMIfefNt1OM50PDthuAlvhsK_95LJjuqTP5PYI,leo tang,https://play-lh.googleusercontent.com/-cLPXZ9hWhs8/AAAAAAAAAAI/AAAAAAAAAAA/AMZuucl02aFQYfubgt7Mygks-bozJ4vK8A/photo.jpg,"due to sandbox nature of android, other app wanna edit and save an unencrypted document is troublesome. ok for read.",4,1,1.2.0,2018-02-10 03:46:05,"Store with Cryptomator opened and with a third party changed file back to the vault will be available soon, read mode: https://github.com/cryptomator/cryptomator-android/issues/15#ref-issue-187329679",2018-03-06 23:14:02
gp:AOqpTOH4svg8_VJsywoMUceVqzF5zxN9tQyPBRj0IMTOPSGANqt5VS4IxH69Z8u0eBZ2Gf-FTPYE2KDp0DEUbEA,Tritonio,https://play-lh.googleusercontent.com/a-/AOh14GjIzL1H7etfwiswO3ugvdLMFddepiO4qfT9fxjg6Q,It's not perfect but I don't want to rate it lower than 5 because it's a great start. I hope you read this: please add some way to mass upload whole directory trees of files. I'd like to sync my photos into a Dropbox vault but I have more than 1000 photos so currently I have to upload them by selecting them in gallery apps in groups of a few hundred. Pretty please?,5,4,1.2.0,2018-02-01 15:23:46,,
gp:AOqpTOHuqbQpgODMNMLCEDcXy7sb0pIVdFEkPGZnFW0zyK1cEcOafSfi5GaFmOxAOodFj_kd0Sl9HIIUJOJQVns,A Google user,https://play-lh.googleusercontent.com/EGemoI2NTXmTsBVtJqk8jxF9rh8ApRWfsIMQSt2uE4OcpQqbFu7f7NbTK05lx80nuSijCz7sc3a277R67g,Good app. Meets expectation for downloading and reading encrypted vault. Also allows you to upload to your vault. This is the best cloud encryption app - and it's even open source as well! Love it,5,0,1.2.0,2018-01-31 21:47:49,,
gp:AOqpTOHMSaE2SsBjQGZHWoq5G_l_T5-KLyLsmiu0HaWuwqPzp8cVr-o3IOYHdzl_xs2h6ZP6ZWWllMXZBHQ2Wp8,Babatunde Awopetu,https://play-lh.googleusercontent.com/a-/AOh14GjDPnXqptHXJY_uodTetAEbcTbEzlRMNJOjXW-C3Q,App stands still in the presence of blue light filters like Twilight.,3,0,1.2.0,2018-01-28 21:15:00,"We rather recommend to use the app without a blue light filter because this is more secure but starting from version 1.3.0 the protection can be disabled in the settings. Read more: https://goo.gl/U27uPP

Does this fix your problem?",2019-05-02 09:12:46
gp:AOqpTOEQutWhe5DspLP300Vy0tT-qLAaacCCmT6-DV8327aVPfMkVUm_OPcwqZcdTEpJrpu3enUAk72Cyz1jcY4,syphon filter,https://play-lh.googleusercontent.com/a-/AOh14GgRrzhO35B8Pw68UmcbqM8LpXqtgBBc5EPsiNFjsQ,Does not sync with Onedrive from mobile to desktop I was able to get the google drive to sync between mobile and desktop but not Onedrive please fix.,2,1,1.2.0,2018-01-04 22:01:15,"Do you still have this problem with the latest version?

If yes, could you provide us please a log file: https://community.cryptomator.org/t/how-do-i-enable-debug-mode-on-android/66",2019-05-02 09:14:30
gp:AOqpTOGrn9BrxxUcg-8QRtohnc1yMTFdZQuL9Iv8zC79dh6elWCuVA6dOKXrAxj5lYRFJel6XT8UjUfs5p727ho,Ephraim Fabian,https://play-lh.googleusercontent.com/a-/AOh14Gj7CbjJ2WugtWx_lgMf0RdRibz00nYFmtxFQOlxLAQ,The best open source encryption app that's compatible with virtually all cloud syncing software. I've been using Cryptomator ever since its beta and is still getting better each update.,5,7,1.2.0,2017-12-14 17:45:25,,
gp:AOqpTOFmDlNRA9Jr7QE9fr9Wcm950gA9g8FJABZACJHcrj0faXn-2-_OPB_UlMtf6cXGfI4hllnL8qF45fHXr54,Dan DR,https://play-lh.googleusercontent.com/a-/AOh14GjWyEasMzpgaZCmbHwwsF_Vrz2hUpFFLgPiy29pjew,Image preview not working (One Drive).,5,1,1.2.0,2017-12-07 21:42:55,,
gp:AOqpTOF_l33SEHOIfS_50ystVd05hxVaL34UPInepKn41r-I_cQ7HrXW9w2mfkyQqFfC3tnAath0NkaVUnc7bw8,dns,https://play-lh.googleusercontent.com/-Gimg4EKnqds/AAAAAAAAAAI/AAAAAAAAAAA/AMZuucmvI6zEllTPWfg5AJYSlg7xoai3zg/photo.jpg,Really the best app to combine encryption with existing clouds on the fly.,5,1,1.1.3,2017-12-06 08:47:39,"It should be possible to upload multiple files. When choosing a file to upload (through the default android UI) just longpress one of the files. The filechooser should switch into a multiselection mode then.

Thanks for the hint about canceling a download. We will address this in a future update. Export/download of folders is already on our list :)",2017-12-04 06:55:17
gp:AOqpTOGTA5eAPo-xuDkB6Vvqmk-aMt9I7UtGRaDYyabbj-6M-6SHOaxCYyWsOz3vhHD1mZd_7CHE8O-EyL5rxcM,Vivek J M,https://play-lh.googleusercontent.com/-FkdN7fWJJnY/AAAAAAAAAAI/AAAAAAAAAAA/AMZuuclLBnTQAowO94KyWYCdHKgflJzDqw/photo.jpg,Neat crypto app worth the nominal price the author asks. The desktop version is free. Cryptomator is a great alternative to Boxcryptor and Axcrypt.  Get it and support open source software.,5,1,1.2.0,2017-12-04 23:49:07,,
gp:AOqpTOHWaajKGhlKQ43ivWOa6dRPy6CVKhy4itcaTTvWeulzUKMwp8fGalwRjLJCrSIJ1f8EoKRywVR8wAPl81w,Jasz R,https://play-lh.googleusercontent.com/a-/AOh14GgO8dVb8ZJDlEHUtr2YQ54L_SrcLTry1udm-AFtpi0,The core of the app is open source and I like supporting the developers.  I've been using the app since it was in beta and love it.  I emailed support a question and got an instant response.,5,0,1.1.3,2017-11-22 08:15:02,,
gp:AOqpTOHxn6rf6DMPRBQ2Va13L-VKXU79ReVS2DJ1G_NealSXI0UGvTEo_RCYuztbEYcsU5OnkPG9PX_JdqurYrY,Harry Wind,https://play-lh.googleusercontent.com/a-/AOh14GiW2vdF3BHf58v26-XGX2_TTub0hQjGuqzv12s28A,"The best European, independent cloud encryption tool I've used. I chose for a European one because of privacy regulations in EU",5,4,1.1.3,2017-11-21 01:27:35,,
gp:AOqpTOGCuV-_v2WjED8XsFuk3LlaRo1h0c2SND7Dg6pYTXrVArSHx3Or-NL-AntW3_gY9OEqcdgyVeQFjILqqy8,Max Line,https://play-lh.googleusercontent.com/-V7Wo73tSUVc/AAAAAAAAAAI/AAAAAAAAAHk/AMZuucn94T1sIrmoiytmY2QW9K9CQDU1uQ/photo.jpg,Add a dark theme and allow us to customize the colors.,4,2,1.1.3,2017-11-15 10:02:19,,
gp:AOqpTOHX41OYx2SuAxNwZKmJJgklspkCvVLD20972sP5kcY3cQItqFrd-GZnkqb7g7fG-NoCeYSz7tXRgKIOdOE,Matt Miller,https://play-lh.googleusercontent.com/a-/AOh14GgDCtrplGgI6IRC-5gJ-v0fV7IxUoO4qnq-ODVN,Everything works.  No complaints.,5,1,1.1.3,2017-11-15 06:42:27,,
gp:AOqpTOFHLo72_b6iriAk1xRrKOxnlLAAPDtUEG-nR6YrVouJUSrLf_VOsHTF-JhzvckPl60RBjDa4KcVMOBsjYI,Julio Brown,https://play-lh.googleusercontent.com/a-/AOh14GiF1iT28dWMEPvoSpB4UzI9LveAy2mzDGSU3k5nJpI,"I've been using the beta for many months. This app was exactly what I was looking for, and I'm happy to be able to support the developers. I do wish both the Android and windows apps were a little faster, but hopefully that will come with time.",5,1,1.0.5,2017-11-09 21:45:44,,
gp:AOqpTOHjfSGJZ1iLAJnPkDfoNb3CKkYZmT77olafhRlbllreIX8IOp5xIeY2Uo4Wn538HQfvRjgTMz2gmL5WL6Q,Google User,https://play-lh.googleusercontent.com/-Sru6xx6NoKY/AAAAAAAAAAI/AAAAAAAACH8/AMZuucligR0CgzoV3r3km0XCbBiyaAW9nA/photo.jpg,This app made my masterkey unusable on desktop as well. Poor support.,1,2,1.0.5,2017-11-09 08:28:53,You may contact us at support@cryptomator.org to get help. Please describe in detail what happened when using Cryptomator. We will assist you in finding a solution to your problem.,2017-11-10 12:46:59
gp:AOqpTOF2uZM05-sKBJqd37wQL33k0jnYo3rKb5iKz-piBtS6rrxGkxW_xrU6YexJ9JTkz-4b9xw6fZVddVx-LQ8,Amir Ahmad,https://play-lh.googleusercontent.com/a-/AOh14Gi5sLWFfAFaYw5ZptjcCz1_q7IdCIMCRrh4_097,"Thanks, good app. Is it possible to let us see icons of uploaded pictures? That would make it much much more user friendly and perfect for storing pics securely.",4,4,1.0.5,2017-11-03 02:34:54,Thumbnails is a feature we are thinking about. We may add it in a future version. Check out https://github.com/cryptomator/cryptomator-android/issues/41 for any details.,2017-11-09 06:50:25
gp:AOqpTOG4wTVtgvWEh7YvsEpYjoknWqw0Op-c7xWhf-ulsvkX2ZlchYdy0YsXpB1Asb0CW_FqkG8WvS8BLMkGIWI,A Google user,https://play-lh.googleusercontent.com/EGemoI2NTXmTsBVtJqk8jxF9rh8ApRWfsIMQSt2uE4OcpQqbFu7f7NbTK05lx80nuSijCz7sc3a277R67g,Great app but lacks multiple google drive support and also cannot use under a bluelight filter,3,0,1.0.5,2017-10-31 09:23:46,"Support for multiple accounts may follow in a later release. For now you can share the vault folders with the account you use in the app to get access.
We rather recommend to use the app without a blue light filter because this is more secure but up to now the protection can be disabled in the settings. Read more: https://goo.gl/U27uPP",2018-03-06 12:51:25
gp:AOqpTOGCvJhFz1CAv8kJ0bSbheRDHRM8rAgmaI14odmnIF7bEYTYf4U_OHpzDKQkbadUcJRzcyXpVYxVctDIIT8,Ian S,https://play-lh.googleusercontent.com/-8BjCd96oeg4/AAAAAAAAAAI/AAAAAAAAAAA/AMZuucny_0LAggBh_DQz1fR8CuOn4ckJwg/photo.jpg,Unreliable. I created an encrypted area but was then unable to unlock it. Luckily I only had test data in it. It took a long time to set up and now I have lost confidence in it.,1,1,1.0.4,2017-10-21 13:33:47,"You may contact us at support@cryptomator.org and provide some more details about the problem you experience. We will then look into it. Specific questions we have regarding this:
- What happens exactly if you try to unlock it? Are there any error messages?
- How did you put test data in it if you weren't able to unlock it?",2017-11-09 06:58:42
gp:AOqpTOFMPM8KnYNSSEJm3LoiWArFwSWlMWCAliWLnR80Kx1-Vdf4CJs17pA6MazotFY2dgC-IW5PRpT_euTStgc,A Google user,https://play-lh.googleusercontent.com/EGemoI2NTXmTsBVtJqk8jxF9rh8ApRWfsIMQSt2uE4OcpQqbFu7f7NbTK05lx80nuSijCz7sc3a277R67g,Jetzt klappt auch das Erstellen eines Containers bei Google Drive. Danke für den schnellen Fix.,5,1,1.0.4,2017-10-17 08:09:40,Das Problem wurde mit Version 1.0.4 behoben.,2017-10-18 03:02:05
