reviewId,userName,userImage,content,score,thumbsUpCount,reviewCreatedVersion,at,replyContent,repliedAt
gp:AOqpTOFi1g0wBNRQjJbkdlEBAoF9t6XMz7ZV1DdIoweLcomGFdB0eCYkvS--BKADw1ieyXOa2QbZG7DkX7VJgQ,Christopher,https://play-lh.googleusercontent.com/-VMW3oV4FNss/AAAAAAAAAAI/AAAAAAAAAAA/AMZuucn1xrvRFK9Qu8LZKlELkTQU0Df8Vw/photo.jpg,"Great app but, recently it's stopped working. I used to manage two routers, now when I log in everything just spins. Edit: No longer works was a waste of $6... developer doesn't respond...Hasn't supported the app since 2017. Edit: 1/6/21 started working again on all my routers...5 stars love the app",3,0,13.0.0-2/95ec776a-google,2021-01-07 05:13:55,,
gp:AOqpTOF36Fm_QBP2eKNSLBEEMVUJgl0vGzc4z_-MhI82SvdwOMvROwuW2qW3xhqZyqiZvNGWW_x5B5KxwbFP8g,Ramsés Cruz,https://play-lh.googleusercontent.com/-ftV0LhLaxxI/AAAAAAAAAAI/AAAAAAAAcF0/AMZuucnTHAj4xCbtYtJoh5gM3jwe9Qvrew/photo.jpg,Never successfully connected to DD-WRT,1,1,,2020-11-27 02:14:10,,
gp:AOqpTOE2DCkkbGOW3XIW53OZtK7hDAb37L7hBqxNAIuz_Nlp4rq1aQhKrWdyJ0VLe856UbrsYIlNRKK57BwXow,Eric Schultz,https://play-lh.googleusercontent.com/a-/AOh14GhfiaG9o2fxs3kDBH1morzHvKjSozM909uiE38zGWk,Best way to manage routers from the small screen.,5,0,13.0.0-2/95ec776a-google,2020-08-21 18:07:57,,
gp:AOqpTOEAkZWcEsQ9fEZm1PyrO-W3cHFwhki2bgVIlgeIh7321ONd5GQr0WKcepH4nt9htf7P9bKCm6XJAniO-A,Andrew Chambers,https://play-lh.googleusercontent.com/a-/AOh14Gj4aSMNxIvylFTW5E-Eus398T9RlU6QpOmqvbjxAw,"Great app, everything you need to manage a DD-WRT router, easy to use as well",5,0,13.0.0-2/95ec776a-google,2020-06-24 13:26:30,,
gp:AOqpTOGPLarjwEL1CzFbtQaSxP7mdtdTm8wzebgGFasVchd3T8F93iMk5Voy7KjYQa9mOfKt39N22Ln0e0Rnog,Ernest pullett,https://play-lh.googleusercontent.com/a-/AOh14GimlF-OpTGLK5eZr1C2dGGWp70CSPQF5zZrJGIF,It works!,5,0,13.0.0-2/95ec776a-google,2020-06-17 19:34:24,,
gp:AOqpTOEdYrQI8Wdhyw3XpX8dvME_mEF9U5-6-JlCli9sXa6LaMA6cm1YR24BPqhg7GqvKyO7mvgGhoonGguYKQ,Miguel Limon,https://play-lh.googleusercontent.com/a-/AOh14GhPDCGqAJoQmEMP49SsCetPBdLICtXgvS6uVchQiA,Amazing control over my DDWRT TP LINK Router. Use it to control the access for my kids games and such at home.,5,0,13.0.0-2/95ec776a-google,2020-06-02 06:49:50,,
gp:AOqpTOFgKn4mY2eztnNW8KYaGIcvM3f3E1oSziZlKl8qRNAiMvSF1u0srfmCWilw5_xDDydg34NGTNDtVhQIBw,K9 ONLINE,https://play-lh.googleusercontent.com/a-/AOh14GhP1pEcB2hiBQAzUHwC5c5xdqPtfkA4AZlKned7VQ,"I'm giving this 5 stars because even though it's not perfect, the work put into the DD-WRT project in general is all done for free. Considering all it's provided for the networking community a few flaws can be overlooked. I'd love to see better compatibility with Tomato based firmwares in general though. But all in time...",5,7,13.0.0-2/95ec776a-google,2020-05-11 10:17:46,,
gp:AOqpTOFHDjb3BPGuGa23YLuBtHrN6e81N7VzzMppVf4gsobQkpL55aA81cKbM9Q8ZXySKoqTI2WOTaM1hCH0WA,J Schaefer,https://play-lh.googleusercontent.com/a-/AOh14Gg6pPsOxFdwj6Kj5sJKPSE_tkPJdA_Sop0sxi7jqw,"Perfect companion for DDWRT firmware! It can be slow to load clients, but I think that's due to the SSH protocol, and not so much the app.",5,2,13.0.0-2/95ec776a-google,2020-05-07 19:37:42,,
gp:AOqpTOGsGfeK-ASXSph9mFALd1upUv_2kyFBC2pmdiHj30oWSlScX9MP6tn_4EmiZgkAwyRFpL2Z6ghYm38bMg,Clinton Asprey,https://play-lh.googleusercontent.com/a-/AOh14GgJNfXaZKFy4fHvDNVNQNWUZdxcDoK2AsSJG-ktq08,Useful for management of my Linksys WRT32X router but doesn't contain all configuration options for DD-WRT.,4,0,13.0.0-2/95ec776a-google,2020-03-22 03:15:08,,
gp:AOqpTOG6kW2Cw1qMsRgNq7HE9CD5POJ-fU5utyNB6VBf2JxwFNIb5-WBN4EM73EO5J7uDDhspsXHvq2iS4UNzw,Matt Williston,https://play-lh.googleusercontent.com/a-/AOh14Gg-PnYx2VX-xayj0Q7YcuZG6pYflUgtNrA7FC9v,Just what I needed.,5,0,13.0.0-2/95ec776a-google,2020-03-08 16:09:43,,
gp:AOqpTOFZN_0Z8Oxat7C3W1ybaII3xKBY3Bm5cDLGix_jF-Dd6CyFcTB3pDbM22AoKbDP0cZAfvS-gSlJR-vztQ,Neil Chatterjee,https://play-lh.googleusercontent.com/-mVtAZuWmmCw/AAAAAAAAAAI/AAAAAAAAAAA/AMZuuckxXWkZPqhd-Ok4e9LTAefLn52Kpg/photo.jpg,Lots of router stats presented in an easy way through your phone. What's not to like?,5,2,12.0.0-4/1ea6dd10-google,2020-02-14 10:25:08,,
gp:AOqpTOFSI6EtZ4k2kCU1-51eyAR2zMUi-k0aPasg74BPm35lXNWoyOo5f9DLnCxYx_ZYfUB9FHcPlRL6jUyG6g,Namron Setay,https://play-lh.googleusercontent.com/a-/AOh14GjWSKnatsOFoVk-s9i2VnLmaFENTpnV-Z2qwKHOEw,Very handy & seems to work perfectly.,5,0,12.0.0-4/1ea6dd10-google,2020-02-05 04:14:33,,
gp:AOqpTOEtaw0DsXL9Ajp-bo3i_8ILQjGNh3X4KErvXEJZjjVytmxrMG_3LMK5GdskYfNIlHYP3Eo9ou40iGckGg,Steven Lutz,https://play-lh.googleusercontent.com/a-/AOh14Gh9blqeHPVG2h2Pyq7iea7iPLyIdgynXARlLisRLQ,The definitive DD-WRT for Android. It gets no better anywhere else.,5,0,11.0.0-5/568c00d0-google,2020-01-16 17:56:45,,
gp:AOqpTOEl3HrFlLy7x9YRoG2L5Xfby2MnthfORbtMRVVKEghufOUdAhSx8QMv_wFDRTIFf6iS2mfIciUBZ94r3A,james cooper,https://play-lh.googleusercontent.com/a-/AOh14Gi4Cf9vDqjzy41Rdhn3zHeUsQxhvF1OaN2Fcg-W4Zs,Love it!,5,0,11.0.0-5/568c00d0-google,2020-01-13 21:03:18,,
gp:AOqpTOFYqXPOksGxUnHrkix7l2PRdTSGsCfhxa47URKj18k_Reb2KAYwCaFSs4QAJM8RmhTuFocuaGerNx9FAA,Mukul Tripathi,https://play-lh.googleusercontent.com/-Ve1-SbC6gME/AAAAAAAAAAI/AAAAAAAAAAA/AMZuucn-lBHU9Tco159fBHthvojbegWkaQ/photo.jpg,Love the app and purchased it to support the developer. Thank you for the efforts.,5,0,11.0.0-5/568c00d0-google,2019-12-01 15:05:29,,
gp:AOqpTOGSUWWbvHMxy2R9IKRFC-HmQAzaHW5YoDvK51pYipXd0Bii8YaQUthb9waxU5SRv8tMXypllh33nZE6gA,Bryce DonFrancisco,https://play-lh.googleusercontent.com/a-/AOh14GiJ6HBq9hwWdo3RlPmQfTqDcAx4FUlu2JU1qZkRDp0,A little buggy at times but a great utility for networks with multiple DD-WRT decices,4,0,11.0.0-5/568c00d0-google,2019-11-19 17:14:48,,
gp:AOqpTOHuVJylCIgupIRiuBTWRlulYH8_k1t9SJuX3Oibk4IQIMGSe6g4PaVpmAolIazTxknXk3orhc-w4d8ZCQ,Jason Lunan,https://play-lh.googleusercontent.com/a-/AOh14GhHMK_pCi5NhULwT0bzlo9qYx89AvPFWoCF3H9aoac,Great app if you use ddwrt,5,0,11.0.0-5/568c00d0-google,2019-11-16 14:07:13,,
gp:AOqpTOHJ9seKXk5UGci9asKotK33B5D6tqe77h8h9ILviX8n6priGAFuMqdBl0fTaHAk7NqSN1Xio7la7eQ7Mg,Cristian Radu,https://play-lh.googleusercontent.com/-99onp4hF_E4/AAAAAAAAAAI/AAAAAAAAAAA/AMZuucmZCF69Ga8jPEoPK9rtD4N-Nkiw_w/photo.jpg,Excellent app companion for DD-WRT routers. I gladly recommend it.,5,0,11.0.0-5/568c00d0-google,2019-11-01 00:48:54,,
gp:AOqpTOFOFptiLc6ugS4vq7ueKRjEZ8QAfNLzAPYK0ZEO3rJr2shPBNmQEu2nmZtiF42kKd8HK521OUR33ctivw,Dylan Schumacher,https://play-lh.googleusercontent.com/a-/AOh14GhVOMsOl7PFFaN2w4rH8V6InSrUBz1VMiWynJjg6w,"Not for noob but if u flashed dd-wrt, ur not really a noob. A help section would buy 5 stars. 6 stars would be a graphical link showing you exactly where in dd-wrt UI, to look for proper settings. If developer reads this, I need help setting up remote access. I set up dynu URL DDNS but not sure where to enter that URL to allow remote access? Then how to test it works while still using same LAN router is on? Thanks all in all, great usability once I get it up and running. Cheers",4,2,11.0.0-5/568c00d0-google,2019-10-28 09:16:10,,
gp:AOqpTOHtTSBd75GC55M8GzgMJPEaxAOX_YAUxZw6SzCCRBCYoAOl1VBXHBoDjDL6xYRhikw4mrZ6OOut48tLzQ,Ryan Bagwell,https://play-lh.googleusercontent.com/-GqUXbpF8IdQ/AAAAAAAAAAI/AAAAAAAAAAA/AMZuuck43JPTA4EBupQTlNCiLSicNutaeg/photo.jpg,It's awesome for a techy like myself,5,0,,2019-10-27 17:25:41,,
gp:AOqpTOHLy5l8Xo1hPCl__JFCLhxU502ba2AAK7fOfH5NQxLuao9ZGG2EYsmIQH5Vc1YqC2CD_niy-_XKqGHDVQ,Kaleb Pace,https://play-lh.googleusercontent.com/a-/AOh14GgZmBYLIrcWrobtZZaB6VJv5dwCOK3NTBGkUbgjDg,Best ddwrt client on the app store,5,0,11.0.0-5/568c00d0-google,2019-10-22 04:18:08,,
gp:AOqpTOG53FboWnDhUOjiFDKeCVC3yfSOziABRZYA-6RkgOPuZvUFRS37N2IuPwolih54Fpt7p_xcNk6f18LJ9A,Jim's Innovations,https://play-lh.googleusercontent.com/-ZwC-XqBiB9k/AAAAAAAAAAI/AAAAAAAAAAA/AMZuuclVME0bnuqZPVavBzbcBevvc7kNRQ/photo.jpg,This app sux. I bought it and it does not work I emailed support threw the app. No response nothing don't waste your time an money,1,2,11.0.0-5/568c00d0-google,2019-09-30 10:02:07,,
gp:AOqpTOFJOu_Ppou2veRUdRTYN4NGGR67ybqow0Z9x0yK4w3N5dWVi7xMU1ilwjsgE6KywvIxkUTwNsqrnIiIKw,Ciprian Toader,https://play-lh.googleusercontent.com/-NrX8O2yOePI/AAAAAAAAAAI/AAAAAAAAAAA/AMZuuclzEW-fj_eXlKlRl1NyiQ29HlFOhg/photo.jpg,"Good app, great features but the UI needs an urgent refresh. I would have given it 5 stars if it had a decent UI.",4,0,11.0.0-5/568c00d0-google,2019-09-26 14:52:32,,
gp:AOqpTOFqscx6h7l1fGlN7B0xMBgfCqqs9L33oMJ638wDywbkBrlOMPGjmnyhPb--SCtfVd3KBz0aBEth8i0Pbw,Alvin Osiris de León Melendez,https://play-lh.googleusercontent.com/a-/AOh14Gi-qbrvBiVN9bl41oYRdE0NB2ePgSuOtAQzpXCIiQ,Works as described,4,0,11.0.0-5/568c00d0-google,2019-09-14 20:52:10,,
gp:AOqpTOEJsNpPOtpnuzSm8wmzmRZq-gdxevMwke7gUkLoMa7fqSczYUriapdMlLCd8e0m5W-HqaKbcXMDA6A1fA,Phillip Hays,https://play-lh.googleusercontent.com/-4ONrBgxaz74/AAAAAAAAAAI/AAAAAAAAAAA/AMZuucnXjTWGl8acHG89pz2MoTPV7AuDug/photo.jpg,"This app increases the value of DD-WRT firmware significantly. After 12 years of top notch performance, my DD-WRT experience just became turbo charged. Thank you!",5,0,11.0.0-5/568c00d0-google,2019-09-02 01:56:07,,
gp:AOqpTOEHs1KxDbHf3Uk0DpRKRsJZ-ruSrZEkbwLshYuOOgR6XEqTaP2zdMoMeGUZLV5PfsgmBnPYwgo6DaTWtw,Daniel Spencer,https://play-lh.googleusercontent.com/a-/AOh14Gicth9RXLSvrRfEWqbyMEWjtrHAiZtXw_GNKxAbtw,great tool. wouldnt do ddwrt without it.,5,0,11.0.0-5/568c00d0-google,2019-08-05 15:45:22,,
gp:AOqpTOE1A0PEL-LtrKb9DMwYx9wXtAR_Iaq1ZPoQxSwDlaiuUA32YpY1ArJiwJ7rJ6sAhEHo9QwX2bdzChvOdQ,Or Bokanet,https://play-lh.googleusercontent.com/a-/AOh14Gjuc5wjKv3_0Fc3zmCr09GEd9FaLFqtm2DwvIon,One of the easiest ways to manage a DD-WRT router!,5,0,11.0.0-5/568c00d0-google,2019-08-04 22:49:59,,
gp:AOqpTOHhI4sakW_gIelqkDLjo6Mppwqt2H3K8d-jSBZKh6PGcwBSEtgsub5MAvqgwaofhETAy9kQj84P9psTIA,Asahel Lehasa,https://play-lh.googleusercontent.com/-5bUkKL-NE6Q/AAAAAAAAAAI/AAAAAAAAAAA/AMZuuclmMDfIC8NCwA1zAI-0gP1J4OAu0w/photo.jpg,"excellent, but the latest version will not run on my phone ( Galaxy SIII). always use Titanium Backup to save working versions.",5,0,10.1.2-0/cd673738-google,2019-07-14 16:15:37,,
gp:AOqpTOEkyXB5QbiuEDNushQ-Q3XU3L_rqhL533k-iafDWyOoKa4jlEArgRYyse3rAJGPKrCSkGkYPKbRLydkKA,Erik Watson,https://play-lh.googleusercontent.com/a-/AOh14GgTKtSV6sA39UHu1zADyb_qagbsCMYq0wJiDHA6vg,DD-WRT is awesome but this app is amazing!!,5,2,11.0.0-5/568c00d0-google,2019-06-21 21:00:36,,
gp:AOqpTOG1h1IoPC93kZrGE5l41EsCoKD98E12vwkUgFr5znHPlTtpFoiixNtmrRRmHIuSee4M_gM3AYu3dUQv3w,Sheetal Patel,https://play-lh.googleusercontent.com/-c1olxDYGAbU/AAAAAAAAAAI/AAAAAAAAAAA/AMZuuckOd3lPYxHDVBiSTp_9ZiKIVHcMBA/photo.jpg,"Access restriction causes all the clients to block internet. After enabling access restriction, app losses connection to router and can not connect again. Only way to recover is to go to web browser and enable/disable access restriction. I am using latest browser with Netgear R7000 router. I bought the app just for access restriction feature and now it is not working. Also, I can enable/disable only one policy. Second policy gives me an error every time. I get Error: connect failed: ECONNREFUSED error. To recover, I go to web interface on PC and then click apply settings without changing anything in DDWRT and the app works fine after that.",2,6,11.0.0-5/568c00d0-google,2019-06-19 19:22:46,,
gp:AOqpTOGZKQTs2dvpelXktCnhi19Fm985YW8A621kyGzQwo6p5ryc58VM1pudMtdI7Nl1pncvMoLXGag6aJSwBQ,Matt,https://play-lh.googleusercontent.com/-cJPVurXms-E/AAAAAAAAAAI/AAAAAAAAAAA/AMZuucnRzrEepmclnfF7AzCkrPX_no91nQ/photo.jpg,great app...,5,0,11.0.0-2/7f44f079-google,2019-06-19 18:32:31,,
gp:AOqpTOFD4oykrRtr-RzySEUAatbUXi_fsl8Po4mAEc6zNaL1wN3L6SKFqqdGA5b4AKkSA0zze1BsULbbcoriCQ,Baxter DeBerry,https://play-lh.googleusercontent.com/a-/AOh14GhU7eeX9t72a2JTI5HVe7J0PN7q0jOwmfhKwqTY-TQ,loving the updates on this,5,0,11.0.0-2/7f44f079-google,2019-06-19 17:20:21,,
gp:AOqpTOFF_MlOPwOUUZAuoGgbG_Wc2gqCW_y-W_IpwzAsI6FFiCbsPmi5BPpaFhOndXsUxw8OziBLIJ0s49Cm4g,Stian Knudsen,https://play-lh.googleusercontent.com/a-/AOh14Gj6dqnOFtlxWRZhJ-CNDYWhPgcQeVlaTJwzBXS2Pw,This app really suprised me with its features! Great app for sure!,5,2,11.0.0-1/3f7c583e-google,2019-06-18 13:04:13,,
gp:AOqpTOHa0cvizXXWmW6s9o0sY4gApTgGiuycV1n3k-VJj5IQch9v4h1a_Lz5FTNsLkxhxf57QhMpfcALRu4zmw,Paulo Fraga,https://play-lh.googleusercontent.com/a-/AOh14GiYFwkNG4Aq9qqcTdFtGC-ICUHx9oGiJTJvz64ieZI,excellent,5,0,11.0.0-1/3f7c583e-google,2019-06-13 00:01:32,,
gp:AOqpTOH2T3RQPQ9ULYOij3y9qOsZg8Ptr_lfA1MmqpS9ZtUJFmdwSK_Bj3ojWfPnNeQhz4GOgyUhML5VV8sFlw,A Google user,https://play-lh.googleusercontent.com/EGemoI2NTXmTsBVtJqk8jxF9rh8ApRWfsIMQSt2uE4OcpQqbFu7f7NbTK05lx80nuSijCz7sc3a277R67g,One of the most useful apps ever!,5,0,11.0.0-1/3f7c583e-google,2019-06-12 02:22:51,Thanks for your review and rating! And feel free to report again any other issues you might run into or any suggestions you might come up with. ,2015-04-28 13:34:38
gp:AOqpTOHCThpK7XL7Lha__3pvjNo8N7KnqwOFrY51oy-GNvWBV0jNbsrjQziCWVnAzVrYMLxXNvLFCo4eB6wXFg,Abi Hassen,https://play-lh.googleusercontent.com/a-/AOh14Gjaa2GhD6wyUYAl_cF94SodXt0UlYJDRpTLainUyw,great so far,5,0,10.1.2-0/cd673738-google,2019-06-10 22:02:24,"Pleased that you enjoyed the app. If there is anything we can do for you, just let us know at apps+ddwrt@rm3l.org!
Have a wonderful day!",2019-06-11 14:14:27
gp:AOqpTOENCYioMlwYvdoMSgkkUVGVJLzxsTMWJBLMSSUqj6gryvM8N6eHecIQHgHsL78_HJyftFMXZNQ0xjJLwA,Alexandru Chirulescu,https://play-lh.googleusercontent.com/a-/AOh14Ggvh-9zNSolDUqL1PuolTooXhrlx7MyDsetpLA2LNg,"For my basic needs, app is very ok. Within-app Router firmware update module seems broken at this time as it gives an error message: net::ERR_UNKNOWN_URL_SCHEME",5,1,10.1.2-0/cd673738-google,2019-06-04 10:35:11,"Hi, thanks for the feedback and rating! Can you please update to our latest release. It has just been published and should roll out to your devices within a few hours. Please reach out to us at apps+ddwrt@rm3l.org if the issue still persists. Thanks.",2019-06-11 14:13:21
gp:AOqpTOFgp7MzYC-LebpmTLpMrVP95n_CnK3cdU7tQX2hxTWXYUyy8ge7g0iTX9eA_aV26KPWf0qqTzpRxAlP8w,Loren McNett,https://play-lh.googleusercontent.com/-eKj6hZSLnCc/AAAAAAAAAAI/AAAAAAAAAAA/AMZuucnAdpQWuwvI5XJQ5DkgpJypbOaJ1g/photo.jpg,"super handy, easy to use, and full featured.",5,1,10.1.2-0/cd673738-google,2019-03-03 18:50:27,,
gp:AOqpTOElMR90hD_Zal8CJCyJSvKBFh2Aw1PUPT_oixrrCGI2ULyUoCg_1FkJKhgt29nHGkMSpRaH2cNE9u-XVw,A Google user,https://play-lh.googleusercontent.com/EGemoI2NTXmTsBVtJqk8jxF9rh8ApRWfsIMQSt2uE4OcpQqbFu7f7NbTK05lx80nuSijCz7sc3a277R67g,to complex and keeps redirecting to purchase another app,1,0,,2019-02-28 03:12:27,,
gp:AOqpTOHNdZha_NtidrqXoi8fobgIFCl2-4CcMlzUaDvVEgrwZ04-_MSlVFDfwwiRtHpYddkdeM7FrTZ3PDtvLg,Daniel Winsor,https://play-lh.googleusercontent.com/a-/AOh14GiX5RZdEeVccl8aAIbfXo8ntqxpJbz-sys3OdFrEw,Got dd-wrt. This is really an excellent application to use with it.,5,1,10.1.2-0/cd673738-google,2019-02-23 03:45:04,,
gp:AOqpTOHdnEHBJJFFWWKjz6aqI__YRbjbneqtnsAaKNh-MonvzNpuDcfp4x7fn1L-F3TVgslBD9mfcn6VBkIg_A,Alpha Supreme,https://play-lh.googleusercontent.com/a-/AOh14GgHLd888KzRJ0yQF3WYDQrQLH3c0hhNgVpNYjEHig,"Needs to be updated badly. interface is old & options are needed. it does the basic job, but it really doesn't give you access to the actual software as a whole. Too many options left out",4,1,10.1.2-0/cd673738-google,2019-02-11 10:22:15,,
gp:AOqpTOF8A91xngZnOOeqpBRL1hq0_PrLyjwoRG-1vDdRkW-wBHLc3LMvMmKOqdiNMbw1TcNom1StKejWofjQNg,A Google user,https://play-lh.googleusercontent.com/EGemoI2NTXmTsBVtJqk8jxF9rh8ApRWfsIMQSt2uE4OcpQqbFu7f7NbTK05lx80nuSijCz7sc3a277R67g,love it! makes my vpn router even more awesome!,5,1,10.1.2-0/cd673738-google,2019-02-06 11:07:35,,
gp:AOqpTOHoVqsG5bNhCGBue-E1FSETmaaQQq1m2uAphm7YKbTus_rGoLoADG16xFWTe_gSAgPs6gSNrCFNaHbZRA,Trailhound Nexus,https://play-lh.googleusercontent.com/-vpXG6kJ6EUA/AAAAAAAAAAI/AAAAAAAAAAA/AMZuucmY0m1W8xrHTCmXbnsOB-CNVyyEOg/photo.jpg,seems pretty reliable and contains plenty of detail,5,0,10.1.2-0/cd673738-google,2019-01-21 02:47:14,,
gp:AOqpTOGe1I-G-mOvs6C2qp9vaJXhQXXupUcpi7BWyNH-Bs62vmwT47TLgwuBSobDBxLW-EipSMOTyd2zyACrfA,Marc Coachys,https://play-lh.googleusercontent.com/a-/AOh14Ghe_QM6GKWEm50JgChLv8WMhuRf1F4rTXfvcfa_fA,"Very efficient easy tool to manage your router's many security, firewall options, wifi signal strength, accepted protocols, restrictions and other capabilities all through an SSL connection.",5,2,10.1.2-0/cd673738-google,2019-01-11 01:13:53,,
gp:AOqpTOFCiY7pU83t3UidCmGrLQOf7J5CL09Cp6jsczHF6w3epNAajU4sovlRtqwdykc0u18iSeZqU-kqibpNDw,Salvatore Martire,https://play-lh.googleusercontent.com/a-/AOh14Gi7rbThhSc-zk3F4FLX5qC5oVPbznRaj3sOptjzhuE,"Sadly reboots the router when enabling the VPN client for no reason since it's just a switch and it usually works out of the box. It's also unstable and triggers ssh rate limiting if enabled. Could be better, I'd expect more from a paid app!",2,11,10.1.2-0/cd673738-google,2019-01-06 06:56:22,,
gp:AOqpTOHzihmICWgwmm1Hv28WlHvQPoT7cHX0f3yJART2ECcT4ooNrOr-KWA5jgTdGaYNxO5eiGtwxkk67SEBVg,Jovan Zdravkovic,https://play-lh.googleusercontent.com/a-/AOh14GhPY3WnBRt0q59JeVGwlKZmiTxBAd8ADAH9Uy3qNw,This app is as described.It worked for me.,5,0,10.1.2-0/cd673738-google,2019-01-04 18:40:34,,
gp:AOqpTOGTuRek5yIg0xGRQqfvadf7d_0kXVt4wxVb8bHVusp_QmVULtl3rARTmwjb9Q9AOuRiXSNJqPseZF_EPg,A Google user,https://play-lh.googleusercontent.com/EGemoI2NTXmTsBVtJqk8jxF9rh8ApRWfsIMQSt2uE4OcpQqbFu7f7NbTK05lx80nuSijCz7sc3a277R67g,Simplifies the connection work!!,4,0,10.1.2-0/cd673738-google,2019-01-04 15:18:18,,
gp:AOqpTOE8lBWQg_9VFz7FPd2I9wV87Uf7QKPdFhKWCvwhx3M_VaRYYuePt7mKq1fZ6ODdxYlgvkZshobMNy4kPw,Marcus Houselog,https://play-lh.googleusercontent.com/-OLDF8kJOYUc/AAAAAAAAAAI/AAAAAAAAAJc/AMZuuclAZgGqdR_-T7qiGViOXvS_dGWK_A/photo.jpg,"Works great for one day, then has to login and reauthorize.",1,0,10.1.2-0/cd673738-google,2019-01-02 16:06:07,,
gp:AOqpTOHzCCYCUBHXFr2cKowhvab41GTPOfO_XFR42YBwuEdSS8xQNZsuGSeDkyebpknklHnItRfpXEikwqsy_g,Willy Tanner,https://play-lh.googleusercontent.com/a-/AOh14Ghxhf0CKpP8VyHm8Qe0uYZcSLyeSAi4OIDGQ8YiM_4,"8 out of 10 times I get this error ""Error: timeout: socket is not established"". Even on local network. SSH works just fine connecting from the terminal.",1,1,10.1.2-0/cd673738-google,2018-12-26 03:18:49,,
gp:AOqpTOGbWaitBb0fcn90_ELuRdlk7acpDUqDqKgO8TotGpr2zwpyZgwqSEPtxfzWhi7teLqmcYFHmLwajkthJA,C P,https://play-lh.googleusercontent.com/-erbvWFMekGc/AAAAAAAAAAI/AAAAAAAAEVM/AMZuucnp5jvn0aQbPdx-_ECxJZRmn86smw/photo.jpg,Runs great on Android 9 Pie.... Keep up the great features and product...,5,1,10.1.2-0/cd673738-google,2018-10-26 17:56:32,,
gp:AOqpTOHwI-Ahz1RLBZHeaIvbgYq2FOx38WOOHgQUB5UkmWjUhpLGvgd4F2uHIgmlkns4nwlwpqzhWZogkzCy5w,Adam Goddard,https://play-lh.googleusercontent.com/a-/AOh14GhoYz2_6i-EyLeSgRn7hxB_zxWymOICXQEESg8Eog,"Fantastic tool for quick, easy and self explanatory administration of your router or switch from your mobile device.",5,1,10.1.2-0/cd673738-google,2018-10-01 08:45:28,,
gp:AOqpTOH6uifRSSHD3Ycrx3KtrkUqAjyjvhaSsUrtHDgCnbf8OHU9JB6Ks6-0ROt6aElqZB-YBKFwJnUz9NWeUw,A Google user,https://play-lh.googleusercontent.com/EGemoI2NTXmTsBVtJqk8jxF9rh8ApRWfsIMQSt2uE4OcpQqbFu7f7NbTK05lx80nuSijCz7sc3a277R67g,Exactly what I needed. Thank you!!!,5,0,10.1.2-0/cd673738-google,2018-09-27 16:00:55,,
gp:AOqpTOEg-PCp9aJxQGQUzkchaO0DUOCJm-HBQ7zgjEaGF0zqVuVCjdloAsYohV_PNH3ID9cohUaED3R0CWQ8GQ,Gabriel Arce,https://play-lh.googleusercontent.com/a-/AOh14Gi1fXV9URGL4MrAK0l5cFuNBJsi0zgJAIlumkvdFQ,"It worked well for some time but broke recently. There doesnt seem to be any more updates from the developer. I used it mainly to enable access restrictions feature to my AC68U.  For the last few months, when I enable access restrictions on the companion app, it results on all servers getting disconnected from WAN access. I have to go through the browser web interface to fix it (basically reset the access restriction)",2,13,10.1.2-0/cd673738-google,2018-09-21 04:34:15,,
gp:AOqpTOGMJPW1fAy73uLbPQaBOV53_v5PNE7hV6NopvNPRNos5eAogktz1yWGVfoW-bKGDYQvsqed1LeMQTVmBQ,Colin Sullender,https://play-lh.googleusercontent.com/a-/AOh14GjJlwnvnOO83i9VSohVHnbYrDV4-K7ESPFdqdiEx6o,Stopped working on Android P on Pixel 2,5,0,10.1.2-0/cd673738-google,2018-09-03 21:11:42,,
gp:AOqpTOHoUFdlSMhPTftP8Va1iE278nToqpGTwQ1T-RqeT6a_I7u5rbLLnoz5UimoCsq8WWrF81YAtlgUQSud0w,A Google user,https://play-lh.googleusercontent.com/EGemoI2NTXmTsBVtJqk8jxF9rh8ApRWfsIMQSt2uE4OcpQqbFu7f7NbTK05lx80nuSijCz7sc3a277R67g,Fantasic app :),5,1,10.1.2-0/cd673738-google,2018-09-02 17:13:49,,
gp:AOqpTOGG_adWL0-Cm9h_sMSQLjiF7fncwr5VwyyBAWfa1uR1X7I9BxekOhZRr29vo_BENGy9CJ18yaqyvrgOLQ,Jonathan C,https://play-lh.googleusercontent.com/a-/AOh14GiG61rlVfNbrUyF1SANPwcEPoVF8bXKLh32o4Bpdw,"Great app for a true ddwrt router, let's you see connected devices, bandwidth, etc. Allows you to restart, check status, as well as an ssh console to send commands.",5,0,10.1.2-0/cd673738-google,2018-08-24 22:00:08,,
gp:AOqpTOFKBAsbsMa3WaAESYBAoKlmcMOxiowq8DjpGlZ4sA1NefFeqrgSsFpWRZwFSgtlcFXXP5kr3xs5O05SNQ,oXY nary,https://play-lh.googleusercontent.com/a-/AOh14Gg1rJxeWYr-VDtI1mvpWH8r1pHoB32YTpT6UCnR8A,"It's alright, but I've been changing to openwrt, and it doesn't have much support for it.",3,0,10.1.2-0/cd673738-google,2018-08-23 21:45:55,,
gp:AOqpTOFLHJ15yWQ9VZo0deuIcZN94YvpJ7nJOGWbKTsROOZabqqBeoqryQBGbus1Elbt8NsMcU45KaXPowZ9tQ,A Google user,https://play-lh.googleusercontent.com/EGemoI2NTXmTsBVtJqk8jxF9rh8ApRWfsIMQSt2uE4OcpQqbFu7f7NbTK05lx80nuSijCz7sc3a277R67g,"It's a paid app. Better not contain ads. But it's a good app, does what it 
says. Happy with purchase so far.",4,0,10.1.2-0/cd673738-google,2018-06-19 08:48:44,,
gp:AOqpTOE68-ihXD-NW8AWT_dVOR06MfiZu2Bmw8eGHSgw1QgmRDEIbnFtnHqUtM3C0iwJkBfEWeocbcNWn5LmEA,Justin C,https://play-lh.googleusercontent.com/a-/AOh14GhLMUal7KC41uEKAkUrPQ56RBG9ye7Vxs2FQmwSVf0,"Not impressed. I thought I would be able to change my openvpn server on the 
fly (maybe by uploading the server config files). Or easy setup options 
(like being able to make eth1 or ath1, etc only go through VPN). Bought 
while at work on lunch break, got home to try it and was too late for a 
refund.",2,7,10.1.2-0/cd673738-google,2018-06-08 06:00:00,,
gp:AOqpTOHa0wt-L7WUxYqKbvc55h2rPtxk3_XNXQ2R1MasSHdRPCBXdkMWtk0QrVXh7v0Et6cnlnyN-mORZXSPaw,Nick Bonomo,https://play-lh.googleusercontent.com/a-/AOh14Gjnn9AZBc0q_ewyfiLv4u6eW4eKQxnQXtA1XbHczw,Awesome ddwrt app,5,0,10.1.2-0/cd673738-google,2018-05-14 02:22:46,,
gp:AOqpTOGf6p0xfQJhmT-zOdHXAGMu2yV0VYhYGLrCxAdcV0IirvoXn2ptSNFJJ6qYgk4a04CAmnjdfo2rborB5A,Raúl,https://play-lh.googleusercontent.com/a-/AOh14GhnuSVNu62ba1tW7GKalF6-HD6mKJFtNWaN2GdM5Q,"Aplicación muy útil para gestionar el router desde el móvil. Da mucha 
información del estado del dispositivo. Muy recomendable.",5,0,10.1.2-0/cd673738-google,2018-05-11 17:13:23,,
gp:AOqpTOFuLCLC2Y4qOzJ2YaPkSfyIrdopDrwoXsY_JJigcA_IzhhaNSuCnhJPYMXeOwiEoEpiTwnmeeWWvH1jVQ,Matthew Koch,https://play-lh.googleusercontent.com/a-/AOh14GhIVhiOoKGuyzLLOqHv_2MNLIS0rNgh9EAihyyAB-g,Was a little finicky but I now got it to work and I love it.,4,0,10.1.2-0/cd673738-google,2018-05-09 17:39:22,,
gp:AOqpTOEJpMJQdV_dAKhchMG6kn5F9PKMhxFBqsD-MIowdZ7UMi0KxmNqUU4MPzLR6H18FoPvnufoIevsldKShg,Jamie Molchan,https://play-lh.googleusercontent.com/a-/AOh14Gj0_KvUuWrjnNhK-mzk9BR0PjYBoeoS1wfMuTIKCg,"Nice app, very good design and functionality!",4,0,10.1.2-0/cd673738-google,2018-04-15 11:03:48,,
gp:AOqpTOFb2OUpFxJ689sQymHyClBBuKt--bFRemHrrLtQCcDyi6MbL0FiFdCxCTLvpcKP3ZUbbkZVu3gK2irrQg,Deezee Dizzy,https://play-lh.googleusercontent.com/-9bvHnaVni1M/AAAAAAAAAAI/AAAAAAAABoU/AMZuucnu5bu8ilzBlICeDrHa5xMD7oiFQA/photo.jpg,"I bought the app to control my router, but in my firewall logs, I see it contacting a lot more than my router.  What are those addresses for?  And some of the app functions don't even work...",2,8,10.1.2-0/cd673738-google,2018-04-11 00:36:09,"Hi Deezee! The app collects anonymous logs for enhancing the user experience. But note you can always opt out in the app settings. The support pages (see the ""Internet"" section)  list all the permissions we need  and why: http://help.ddwrt-companion.rm3l.org/android/permissions.html 
Could you also tell me more about the non-working features? Best",2018-04-18 04:32:11
gp:AOqpTOHej8Rw6bQaA2liYH2wetQ4OpZI3hVh9YYoopdAC5nhJfr9STLRmKUr56tTiTFxMnkAk_Z_mO5lBE-3Vw,Ahsan Zafar,https://play-lh.googleusercontent.com/-0n3l2ey0Sns/AAAAAAAAAAI/AAAAAAAAAAA/AMZuuclp_2vZns2KFQ1VJu9ri3B7AmMZpA/photo.jpg,"I downloaded this app so I'll be able to automate some functions on my router quickly on the go. Installed it, connected it and it doesn't do anything useful at all, cant even show the list of connected devices to the router. I couldn't understand, why does this app require all the ""permissions"". That I found out, in couple of days, when i found out someone accessing my phone data via this app.. my recommendation is not to waste money on this app and use browser to access your router.",1,1,,2018-03-26 16:53:33,,
gp:AOqpTOGwYD5bmvs9f975Oq0apBBPW2wP4qurD4dTXD8oQlCK746AiHPkeUvMMmidYzuYXhpOTEUcHc6DKRO-Ow,Barry Richard,https://play-lh.googleusercontent.com/a-/AOh14Gi1unV_HtIhjuta0lu9Hnt4wwigNOcuAxMbSaSo4A,Great analyzer for dd-wrt devices.,5,1,10.1.2-0/cd673738-google,2018-03-20 19:55:33,,
gp:AOqpTOHbsJap6oQmfx-UlHvpgYyIA4TRBKMP6pnkHVhy5qjb3ODChYwI0LGckaN5tM4ZcuNm32FkChLELB5o8w,David Yang,https://play-lh.googleusercontent.com/a-/AOh14GiCABA1RcfKo9-2KazAuNnKUY44KNENJCVUbuC2YQ,it's ok. wish it could control more.,3,1,10.1.2-0/cd673738-google,2018-03-20 08:13:14,,
gp:AOqpTOHD-_7HT7H3LhmNmgRtKUpQQ_zZwne5yXSmqkoxvw5Oqu22v_X8mL3JAegfYaHuj9b0rsCZROcAa_tOgw,Jose Alvarado,https://play-lh.googleusercontent.com/-qiyTD7F7cTg/AAAAAAAAAAI/AAAAAAAAAAA/AMZuuckb_cnS5UeW-YzY6YXBBSwwIUF8Ug/photo.jpg,Just what I needed to manage my dual router setup,5,0,10.1.2-0/cd673738-google,2018-03-17 09:16:56,,
gp:AOqpTOFZPXyjqVI-WVeWgDwYh_8IQNu27GxpR3GpPsOZkygw3uF659ZHLa1v3d14rkX5A2eEdIvQjBhlgGd_8A,Adrian Parkash Suri,https://play-lh.googleusercontent.com/a-/AOh14Gh1Qr93SoxPac69oM03PbOopdFmgnrI6YyWLGRXR8g,"This is a great app for monitoring you WiFi remotely, it also lets you know if there's any dd-wrt updates, well worth slashing out on",5,0,10.1.2-0/cd673738-google,2018-03-11 17:38:22,,
gp:AOqpTOG5ziKyDp5kMw_2e-9TXbb2IGLfliUI-9AfSP7-JpzjikKoR5e38QJAJK941vKLGjCQ0wnmPHyDQFS9vg,Brant Zurliene,https://play-lh.googleusercontent.com/a-/AOh14GiVQO5OBoaJb7qpIH9jKNNmif-ywuJI4OW0YOoFBw,This app gives you unprecedented control of your network from your phone. Phenomenal product.,5,0,10.1.2-0/cd673738-google,2018-03-06 04:48:26,,
gp:AOqpTOFUKuFq4aZxVnCiMu94O3cmUi3GMxEBtbJmhPfajdlnUcAmX76rOyLajW4HVaxQF-vOt4x6TZvR7IJm_w,Brad B,https://play-lh.googleusercontent.com/-DJi0NCjGYrE/AAAAAAAAAAI/AAAAAAAAAAA/AMZuucmvLYGPoVs0BxyKtvAYmI0zv6UXXg/photo.jpg,Exceeded expectations!,5,1,10.1.2-0/cd673738-google,2018-02-11 19:18:34,,
gp:AOqpTOHD5Swdt3B8yDhMa1l9mmRhAuT7GlNTHDRvqwfRyRgse2Yf2GEBzslP_0ExLYU37SSZMrAqtclJrgT8PQ,Michael Curtis,https://play-lh.googleusercontent.com/-Nrn-cKhthgI/AAAAAAAAAAI/AAAAAAAAAAA/AMZuucm1fhs5f7ttBgsG0BuHcLXhmIxX6w/photo.jpg,Great app. Love the dashboards,5,0,10.1.2-0/cd673738-google,2018-02-05 14:54:48,,
gp:AOqpTOFaAAS6v8F7EyKl8JZR1sJUgYmgNZtEUiAEPvsmI8I57yBxTcN53BzYCndQMOiAwe6_O6bkzQePPOf9Yg,McLean,https://play-lh.googleusercontent.com/a-/AOh14GgtfZvkunkg69Q080Aqd-lV3KqaJeaU7RkLzAEukg,"I bought this app for the ability to easily change (WAN) IP addresses (or servers) with my VPN. There doesn't seem to be a way to do it and my tech support email has not been answered. So yeah, pretty much worthless for me.",2,24,10.1.2-0/cd673738-google,2018-01-30 07:27:20,,
gp:AOqpTOE2XrolcnOFuI0IuZ3X2f8wU_9aszkKCSTxgtfAjWyMwaL7QvBPwkGEWzM1Kl68Z0ORuVae6JwMc5Dlyg,Mr Taco,https://play-lh.googleusercontent.com/a-/AOh14Ghxkz28jG3-cS7FOX4kcTp2BeJveY_jSaQDl9GoqA,Simply awesome app if you use dd-wrt. Easily setup.,5,1,10.1.2-0/cd673738-google,2018-01-21 19:14:46,,
gp:AOqpTOG44ej0pnlAmjWiB-AH81C9mY7f5nemWLD-XAZ8RwiRoQQkGDIx_kQcMphyuvN5eSnNpMb8TFGvoI29PQ,Dejan Stamenov,https://play-lh.googleusercontent.com/--ZgTuo2lFqo/AAAAAAAAAAI/AAAAAAAAAAA/AMZuuckUp_dNPfN0HckQ_qwGfrKLku742A/photo.jpg,GREAT App...,5,1,10.1.2-0/cd673738-google,2018-01-14 11:53:00,,
gp:AOqpTOETx3RYTJJ2xDLC0DegbusQDWbskSH6RasGGbUG87wQxa1E-3_Ga4QquY3alsxJccCELf_BBHTTMwIkbg,André Trevisan,https://play-lh.googleusercontent.com/-bV5slOutJ1M/AAAAAAAAAAI/AAAAAAAAAAA/AMZuucniRsmQk6WOleVgMepQ4cOjFj5NWw/photo.jpg,Perfect!,5,0,10.1.2-0/cd673738-google,2018-01-08 06:19:30,,
gp:AOqpTOHAZqCpNi2y-fJTLnIOtJXXTrcdbggbS-mKnHqd-9xROtn0Xlrigck0a6fMtCcp6y1-xWShnTTEODhAyg,Broussard,https://play-lh.googleusercontent.com/a-/AOh14GjhqGKQZpAwDDnTMfgUaxX03EKfsAyaA_a-ZCzGKt8,Works well,5,0,10.1.2-0/cd673738-google,2018-01-07 20:02:35,,
gp:AOqpTOH6biaKgqHAifRNZDvAYxQ1UbLMSmopNTNRwOn7VbHsI0ZPQt_011iWHloFonZKIYHjRbgzPoHfQg5ypg,Brian Swanson,https://play-lh.googleusercontent.com/a-/AOh14GiudYDEjhlvxCSo6xfSgNzd_AhUiWxr70_XgdsYag,Any ideas why the number of IP connections for all clients is always reading zero and why it thinks there are no active connections?,3,9,10.1.2-0/cd673738-google,2018-01-01 12:14:03,,
gp:AOqpTOFlU3NI8T2agsrSk7DZSkvCFsaLML1UTweEtWOINw0OiP9SuUA2dPsqzhaa4n4bTQSi1eIikF6sd-t3vw,Ryan McGuinness,https://play-lh.googleusercontent.com/a-/AOh14Gj6_Ke3HNRCY2lvkvoZCfwG1EQZeZLI8nTBFZQjdSo,Exactly what I need to manage my router from my phone. Can see which devices are connected. Even get notified of available ddwrt updates.,5,7,10.1.2-0/cd673738-google,2018-01-01 10:23:54,,
gp:AOqpTOHk-p_wh-uq8jbiVzeHI2u6oHtvT8MIRiipeGTw1dFLD4m485TDsKzlN54y4h4IFWhwhuLgHk-MpPzsrQ,Jay Logan,https://play-lh.googleusercontent.com/a-/AOh14GjG3pVNCZaUGz1wM6f6enrKJclP2oRruw_ghIPrlA,Great app. Allows remote management of my Netgear Nighthawk running DD-WRT.,4,1,10.1.2-0/cd673738-google,2017-12-29 11:35:16,,
gp:AOqpTOH2RgyGfw3S6nbjy6KPzx07P4k3Pmqryx3HYIvZM_o3OO2tTA-ExWj34gN24xjn2tC31QaRCrcdGWQ0Yg,Michael,https://play-lh.googleusercontent.com/a-/AOh14GiCb7G_ub--sTEgiqS6w-psrJBj8HIGx0W8915Efg,Thank you for the sale. I finally legitimately own this app. Thank you!,5,0,10.1.2-0/cd673738-google,2017-12-27 20:42:42,,
gp:AOqpTOEV6zR8JyUOV8TSBbICvMIPeKMJq5Lvvz8tYfUFfAyMhO-lMZ1svT82OfZlg1VhZCkZoiIeJ3b0zDg0vQ,Vijayaraman Narasimhan,https://play-lh.googleusercontent.com/-O17zkdzvXEE/AAAAAAAAAAI/AAAAAAAAAAA/AMZuuckUDNnbVCHGvn7on7GUb4Z5gnNr5A/photo.jpg,"Good App. For some reason my View Active Connections stopped working after I upgraded my dd-wrt to latest two months ago. I thought this recent dd-wrt companion would fix that. Too bad, it didn't. So one star short.",4,1,10.1.1-0/676d4575-google,2017-12-11 19:25:30,,
gp:AOqpTOFwDIZbgysdIyrXb5NMYnzbTZA4KdVMc0jxtnSNLxIHezfCw5EgSuSLWQ0Z-5eV9H2KlxmFME94vYlSLw,Jason Toews,https://play-lh.googleusercontent.com/a-/AOh14Gg7yJnGulZ08__LM5M5pagDTXGrOrG21ebcOQI8gos,"My main purchase for buying this app was to be able to remotely edit NAT port forwarding to devices behind my firewall, sadly it does not currently seem possible.",4,0,10.1.0-17/721a7a70-google,2017-12-07 08:43:48,,
gp:AOqpTOEc_HyUb0lUtt3Z3tm-cQUnutZGD1VpIFoPBV8t8W4MSQGqhKoCIhj8-sXPujzEIeiSm68ekaFV769aaw,Aleksandar Puharic,https://play-lh.googleusercontent.com/a-/AOh14GjErZfIfZ3vrqNp_RRnXPKbTDRFXIddxQt20RPliQ,"Brilliant app. No matter the name, it even supports Tomato. Rebooting all routers with single command? Brilliant! It really is life saver in environment with a lot of DD-WRT/Tomato powered routers. Well worth every penny.",5,5,10.1.0-17/721a7a70-google,2017-11-22 22:18:32,,
gp:AOqpTOGlgmDCxBCQXTG8UOcWARnd_4SAi_VSxTtQggdjo4LOknb5PN7IfuP8D6fP3aszN_yXCoLQ7gf_cLt0Kg,Chris Goerss,https://play-lh.googleusercontent.com/a-/AOh14GhX37sryd1zAWMAZdokCkY_VhdDEhBeL-zss7SWOrI,Worth every dime. Any plans on supporting OpenWRT or LEDE?,5,1,9.0.3 (12de286-google),2017-11-14 01:28:49,,
gp:AOqpTOEpxYGHsdKLDFHFe2DLaJSVWs30YpHT1qM32t4e1c5rQWI26qjrrA--PrLMzGcKwf6v4reyVrqG-LIWSw,Aleksey Ulisov,https://play-lh.googleusercontent.com/-KhYLOGggtpg/AAAAAAAAAAI/AAAAAAAAAHo/AMZuuckGpUrYB3qVm7lUlDKLydEf9i8Hnw/photo.jpg,Worth every penny.,5,2,10.1.0 (0589dad5-google),2017-11-09 14:32:35,,
gp:AOqpTOFWiIEZhSni1EbcsQBYBjwgnPAmk4FWF3-ZszHrKBPnK6Ut4Po0NeEK8TMAF51G-jLJSPPy2deB5s-J9A,A Google user,https://play-lh.googleusercontent.com/EGemoI2NTXmTsBVtJqk8jxF9rh8ApRWfsIMQSt2uE4OcpQqbFu7f7NbTK05lx80nuSijCz7sc3a277R67g,You cant perform all the activities that can be performed via admin page,2,0,,2017-10-31 05:04:27,,
gp:AOqpTOFFymf_kWJ7isMDFPPernzwBiWuEeU3KUvffVAptRGl_KY19Hj6BNj88nAZdelYbvKGX6fq_CZWmdGIXA,Taylor Lately,https://play-lh.googleusercontent.com/a-/AOh14GihGfiFtSwnUHV-UroMLArjpruPEtAhy9leltvpvw,Bravo.,5,0,9.0.5 (f69f2cdd-google),2017-10-30 15:21:38,,
gp:AOqpTOG5aj7Vt5M_zYqft0RaSTdguYrTEBdF28uzoJH7BBbUO-nyTJT8aIbw0wELIwZzQkXQIM75xc9INuzW0Q,A Google user,https://play-lh.googleusercontent.com/EGemoI2NTXmTsBVtJqk8jxF9rh8ApRWfsIMQSt2uE4OcpQqbFu7f7NbTK05lx80nuSijCz7sc3a277R67g,Excellent!,5,0,9.0.5 (f69f2cdd-google),2017-10-21 13:17:15,,
gp:AOqpTOGtb-MCypIIUEBdc4vUIrKYeEvB6BIgguCMsMDsFKXyd3gyyP2TLxWxqEMW6z3D5iZ3qivLwTO_UpuDtg,A Google user,https://play-lh.googleusercontent.com/EGemoI2NTXmTsBVtJqk8jxF9rh8ApRWfsIMQSt2uE4OcpQqbFu7f7NbTK05lx80nuSijCz7sc3a277R67g,There are way to many options everywhere and not enough organization.  Other then that it at least does the job I need it too.,3,0,9.0.5 (f69f2cdd-google),2017-10-21 01:27:57,,
gp:AOqpTOH73keK3moEOj-R0F0Ag7e1JKVbVwqyzU5uLo5lM4NWBCxNFCmcKJ8NtJv0wXM7jDWkhXbZ_wHEVbHTmg,Matthew Lockett,https://play-lh.googleusercontent.com/a-/AOh14GiB-IxhLED6_G79FNHEABAMMFZ5punmSIddcy8p,Love this little app. Nice little tool that helps out with my netgear R7500 on wrt. Took a little configuring but once set up. Excellent! Thx devs.,5,0,9.0.5 (f69f2cdd-google),2017-10-20 13:18:36,,
gp:AOqpTOHpGKtQgeG8aEPYyoxnajzqR0lJh-LdkBBBgFF_hnmn-Nwl6NFqk53D6V5zwoBrp8b9frgTN-me11-26w,Koshy George,https://play-lh.googleusercontent.com/a-/AOh14GjxITg9YVt-lA7AeI0QkLpLSNq3ahrJ4FqYe1AglcI,Great App,5,0,9.0.5 (f69f2cdd-google),2017-10-07 07:02:53,Glad you like the app! Thank you so much for your rating and review!,2017-10-14 05:11:23
gp:AOqpTOGE38PjTbLKBi87LOu2f3J7m3aPoMemtcXRLbcEavG-qhCT0Fwkag-zPWAROJYy9eYwgVwaB-6ov__apQ,A Google user,https://play-lh.googleusercontent.com/EGemoI2NTXmTsBVtJqk8jxF9rh8ApRWfsIMQSt2uE4OcpQqbFu7f7NbTK05lx80nuSijCz7sc3a277R67g,Great dd wrt manager,5,0,9.0.5 (f69f2cdd-google),2017-10-06 09:37:03,Glad you like the app! Thank you so much for your rating and review!,2017-10-07 03:10:18
gp:AOqpTOG5atYBGQc5i98C_zim6hGPZkEnWVIEjzmBYrHWM6HXA0nbEYtdrsuC3QBLYdKk_FEzcYASsGyopj-8MA,Navneet S,https://play-lh.googleusercontent.com/a-/AOh14GgTX_TDeNSKhiAWQjFkoxcGEB1jP5P_35ZggrxYuYE,Best companion app for DDWRT. Thank you so much! Worth every single penny.,5,0,9.0.5 (f69f2cdd-google),2017-10-03 09:06:53,Glad you like the app! Thank you so much for your rating and review!,2017-10-07 03:10:32
gp:AOqpTOGTPUyAmMbK7dvzfooSaOYqGb-EcVhlgGbVaSWDfeI-PbsVFY059jjWHZA04edQoiCAM8svQRUA68AFwA,Jesus Garcia,https://play-lh.googleusercontent.com/-gNgeghFI81w/AAAAAAAAAAI/AAAAAAAAAAA/AMZuucmEfWYMmkswWKE2pR2IkohXHoV6jQ/photo.jpg,Great app to manage my router!,5,0,9.0.5 (f69f2cdd-google),2017-09-30 09:02:50,Glad you like the app! Thank you so much for your rating and review!,2017-10-07 03:10:45
gp:AOqpTOGPLy9oj8fYZAD5bkq-wyAHQ4FHi8x-Ntn13Vv1DfOxwcysw4VbdHhQxLBrJPmdmYET6PPdH2IG2KxDnQ,Domas Mališauskas,https://play-lh.googleusercontent.com/-xSqNUt1xBMs/AAAAAAAAAAI/AAAAAAAAAAA/AMZuucnjG3CMHhQ1yGjoyfFH-vuZ8OjLXA/photo.jpg,"Good tool, for network control.",4,0,9.0.5 (f69f2cdd-google),2017-09-26 18:21:39,Glad you like the app! Thank you so much for your rating and review!,2017-10-07 03:10:50
gp:AOqpTOEg0ZjAeirgH89KpI9t8eD1MdGsg5sJfZPmHmsBPldCwGKsfmijUi59oRVThNsBJhdqXtqrE8nRZUh1pg,Niles Jones,https://play-lh.googleusercontent.com/a-/AOh14GhYcKg4mGH55XmfAlACr3Q9SLd9og0ZGtMXsSiv1A,"Does exactly what I need and more. Control access restrictions, client info etc. Also tells me when a new firmware is available.",5,3,9.0.5 (f69f2cdd-google),2017-09-20 07:49:57,Glad you like the app! Thank you so much for your rating and review!,2017-10-07 03:12:13
gp:AOqpTOHbmDlkfv987CYZRS-etlUrp5cXaoDVmzW3D_q217_ZdOEO11tQmGzkqILmzoJyKG1NbQd-b7HMaBBAsg,Chris Stockwell,https://play-lh.googleusercontent.com/-WRluRe6AW-Y/AAAAAAAAAAI/AAAAAAAAAAA/AMZuucnMxdJYSJsm7AeTeWZn_lMMi5TwUw/photo.jpg,Really geeky. Love it.,5,0,9.0.5 (f69f2cdd-google),2017-09-14 12:53:01,Glad you like the app! Thank you so much for your rating and review!,2017-10-07 03:12:20
gp:AOqpTOG6A2K9O5yxO7PpMCIsoEdeZX2SEYZCQ0hd1N01NemhY8z2dvpRiRwB_nivwCvlVYp2EuzrtY7lAXRsvA,Christian L.,https://play-lh.googleusercontent.com/a-/AOh14Gg0bl97oGzRGDj9TP2o4DFVUy06pyGngz-EIKGCiA,It works well on Android 8.0.0. Useful tool to manage my network very complete!,5,0,9.0.5 (f69f2cdd-google),2017-09-13 19:39:40,Glad you like the app! Thank you so much for your rating and review!,2017-10-07 03:12:36
gp:AOqpTOHlUYcJ9yobDlSBaAeetCmF-9B0dfAnTiDh22eRcypiGg7PhTa-c7IA5_QCNlktSX9ltIzNLeS5Z3BWjA,Keith Mills,https://play-lh.googleusercontent.com/a-/AOh14GhGLRfiA2B87zyhFWeSh6gnt7UfYVvGAjnxAfobNw,Amazing with my ddwrt and tomato routers,5,1,9.0.5 (f69f2cdd-google),2017-09-08 15:16:58,"Glad you like the app! Thank you so much for your rating and review! Please note that the support for Tomato is still experimental, and as such, not all features are available (but I am working on that).",2017-10-07 03:13:21
gp:AOqpTOF8LQ8pXC6-KY10giSNujf9hPCNambD88sKT0z93cX-QSoUzpUuaSu1V4xx-EVF-KEuS3B7KTPuPxo8_A,Ryan Bagwell,https://play-lh.googleusercontent.com/a-/AOh14Ghdg6fcuJ_hd6fz1_UW7HTdDOb_iiCsEmYH0EaT,It's perfect for DD-WRT on my Linksys wrt1200ac Love it,5,0,,2017-08-22 21:00:14,Glad you like the app! Thank you so much for your rating and review!,2017-10-07 03:15:53
gp:AOqpTOERheILxqG5Px2v507ttq1p2OLBDe1HhbRoHIgp6m-KTxI9_U7Z7MM29RLiZOaFVTS900I1H42mNXFXBw,Soh Chee Tiong,https://play-lh.googleusercontent.com/a-/AOh14GgzqlSrQGc2DT2956suuVfe5odRFBDjiLo4_-Tpmw,Absolutely GREAT,5,0,9.0.5 (f69f2cdd-google),2017-08-18 02:46:38,Thanks for your positive review and rating. And really glad you find the app useful.,2017-08-18 08:12:33
gp:AOqpTOGhtTftja3TyRrIq-_X0txaJP4KmS1DpqIwh_xFPwGucQwqt_0L4dtMrf15edUMR4fespIHAokDQP75Ew,Joseph Gluckstern,https://play-lh.googleusercontent.com/a-/AOh14GgPwu-takgY7RC8OjzBrCnRxTBPai8NEE7LHPZ0blA,"I like the app and it allows me to see granular info on my router, but I would love to see a little ability to make changes to the router config like the webpages allows me too.  Everything except permanent routing changes.",4,4,9.0.5 (f69f2cdd-google),2017-08-10 02:16:08,"Thanks for your positive review and rating, Joseph! And really glad you find the app useful. Making changes persist upon reboots is on the Todo list plate. Stay tuned. Best.",2017-08-18 08:24:02
gp:AOqpTOHbp1BbDimsI9pynkaTCm-VvlZa7BfSVEX-SFGOJ6kLE6bvS2xN-raRbX54M1wB2kYQ8kroHKAwQtE3fA,Fltengineer,https://play-lh.googleusercontent.com/-sA1o45of1tQ/AAAAAAAAAAI/AAAAAAAAAAA/AMZuucladYZtYHAt7iN0ZKQH4F_f23q06w/photo.jpg,Allows for full control of the router and data monitoring. Some issues with graphs not populating correctly but definitely not a deal breaker.,5,0,9.0.5 (f69f2cdd-google),2017-07-31 07:03:10,Glad you like the app! Thank you so much for your rating and review!,2017-10-07 03:16:38
gp:AOqpTOFM2-dv8deE_qm1_QyQhVvmNdPIm87KdISzaJ4EeZcSXy9KBNJXk9VeMwsFYqbAgB6hoGzrYoB5UsALhQ,Ken Sanders,https://play-lh.googleusercontent.com/a-/AOh14Ghcw-I19FhFLEibNmT2BNaKugt8-IGckxjba5t8-Q,This app offers truly detailed access and control over what comes and goes through my Routers.  Excellent App,5,1,9.0.5 (f69f2cdd-google),2017-07-26 10:24:10,Glad you like the app! Thank you so much for your rating and review!,2017-10-07 03:16:45
gp:AOqpTOEkvsgN3neWsMbyymamhMKSJ9hOJkQvtk6J8SJeQA0OLTCa1aHMqTS5nXWg5ecDxlUbNcwlNgsEUieHFg,Michael Chandler,https://play-lh.googleusercontent.com/a-/AOh14Gi4XnPn79Sx_mcHAaMtiuXaO78oED5-SJ_cEns,"This is awesome, makes controlling and monitoring my router away from home super easy.",5,0,9.0.5 (f69f2cdd-google),2017-07-06 13:47:51,Glad you like the app! Thank you so much for your rating and review!,2017-10-07 03:17:05
gp:AOqpTOGQNhH2Fvhz2H_5oPDwUB6C6lBWrO2un0CQT5w0ajWzGrLuIKfw-p6LckZyxbEnglHSxlB5B8K_Z41vxQ,Mathieu Duperré,https://play-lh.googleusercontent.com/-T-YE0U_t4SQ/AAAAAAAAAAI/AAAAAAAAAAA/AMZuucnrfggd_-Rs-Tm39rRYCqhq8Gr3SQ/photo.jpg,Exactly whats missing to ddwrt!,5,0,9.0.5 (f69f2cdd-google),2017-07-04 10:22:59,Glad you like the app! Thank you so much for your rating and review!,2017-10-07 03:17:10
gp:AOqpTOGaqDZ_2UogHeviM6b0jcFRQWAgCu9KMhISh7j5faxz_9YkkRW36Uu52_3FHRLku9t6hXEEJ18u_zKFsg,John Apple II,https://play-lh.googleusercontent.com/a-/AOh14GhHa_iJpBaBFQYwu_sLsPPnscfdWIRwBKp_Ow1eKnk,Great tool for those who use ddwrt. Recommended.,5,0,9.0.5 (f69f2cdd-google),2017-06-30 17:30:33,Glad you like the app! Thank you so much for your rating and review!,2017-10-07 03:17:15
gp:AOqpTOG7VyrUeLSr6EUfIrvoQ96DHFCTM2F0NAUDCAov6eyWE0YsW_lNNV71-5iQg96YtNG9mTirJ89W_hvaUA,Lonnie Bell,https://play-lh.googleusercontent.com/a-/AOh14GhYyYkJRqDF6HkeYAVPRFlPUlkNUkSaTgufu_I0lCE,Continue adding features and improving UI one of the best apps I. The play store,5,0,9.0.5 (f69f2cdd-google),2017-06-28 15:08:01,Glad you like the app! Thank you so much for your rating and review!,2017-10-07 03:17:23
gp:AOqpTOFMsgWks9HoRRARcykSerB_rj_ENuQEb8BPnZPM8HhWQES9Zpg0mu5pi0hPLjf3yvkm64kpK1DikzNhIw,Red Redman,https://play-lh.googleusercontent.com/-9tr-khLWW_c/AAAAAAAAAAI/AAAAAAAAAAA/AMZuuckz1cNafTmbR8FOFdXkjhOMLSPayg/photo.jpg,Amazing app works perfectly,5,0,9.0.5 (f69f2cdd-google),2017-06-24 16:21:50,Glad you like the app! Thank you so much for your rating and review!,2017-10-07 03:17:28
gp:AOqpTOGm34WN6GQlvG67Vd5XMpKiZJknxVSmMpLvF8KLHfa9w979pyVFNpq8-felvBODd2y_SqHLhyu5QnbqVA,Matthew Barton,https://play-lh.googleusercontent.com/a-/AOh14Gg4pit79cd786JgumyrVKJmBQ5gp50xaw3SFmRKvg,Amazing app to manage amazing software.,5,0,9.0.5 (f69f2cdd-google),2017-06-21 08:23:38,Glad you like the app! Thank you so much for your rating and review!,2017-10-07 03:17:34
gp:AOqpTOH1Up9Ci-pE7YjsuoLZRVRkzfhXI_O6-S1p-UxhJ_w0tHBpPUlZ2R55WGoj2KgS2N-oJfh32YgDZp9Uiw,Andrew Kern,https://play-lh.googleusercontent.com/-gYIy1p9BNy0/AAAAAAAAAAI/AAAAAAAAAAA/AMZuucnR-WXAAqdggFWIKwPheN6Pi8CHFA/photo.jpg,Just found this app and managing my devices and sharing my wifi with guests has never been easier.,5,1,9.0.5 (f69f2cdd-google),2017-06-07 06:40:18,Glad you like the app! Thank you so much for your rating and review!,2017-10-07 03:18:00
gp:AOqpTOEpccAUdkaBTDTSWDYfmRuzPKncR8sqN9xhnE80tKlaaGbuOGK7LhkT7F7bqZ7GgMkvg8fgEh8aSpBitg,A Google user,https://play-lh.googleusercontent.com/EGemoI2NTXmTsBVtJqk8jxF9rh8ApRWfsIMQSt2uE4OcpQqbFu7f7NbTK05lx80nuSijCz7sc3a277R67g,Fantastic app for modders. @dev - possible to add gargoyle support?,5,3,9.0.5 (f69f2cdd-google),2017-06-04 04:54:05,,
gp:AOqpTOGed0gf3zp6wvkYze81EZGx-wHE03MC-Y_NmZfPBYaSUuJM_3sgYTtjvcm2pA8z_hpzt4NbsIYTHaBpuQ,David Lewis,https://play-lh.googleusercontent.com/a-/AOh14GhyNU9epkG-Po4YVB9YtX28Cq9PkEnXymMMiGpRew,Works quite well on my Linksys WRT1200AC.,5,1,9.0.5 (f69f2cdd-google),2017-05-30 21:05:21,Glad you like the app! Thank you so much for your rating and review!,2017-10-07 03:18:12
gp:AOqpTOGfuO-xnbsXt4VwiEBM9z_Tbm4fNMYeX9wcaziEBLyODbhgFzcdJyw4cOx8_VEVU8lnjCuvEOpzYETvlQ,John Luikart,https://play-lh.googleusercontent.com/a-/AOh14GjFWCQEZZ3OeMZUIzWe-mRxKOlsuoGYif50Zjy6WQ,"Really cool app,  with access restrictions I  finally have a solution that allows me to have convenient fine grain control over what the kids can or can't access.   One huge issue is that when enabling an access policy designed to ""filter"" connectivity it changes the policy to ""Deny"" connectivity.  Once that is fixed, 5 stars.  Update: The dev fixed my issue.  This app is great, DD-WRT + this app is better than any commercial solution in my opinion.  Update 2: very grateful tomato support is being added. D-wrt obsolete for me now that I have an ultra high speed internet connection. So great timing in starting this update.",5,17,9.0.5 (f69f2cdd-google),2017-05-15 16:23:24,,
gp:AOqpTOFudh090co2eL1HbUmTJdfaGMMp5y9uja_-x6ddc6vK88G20kgwjvKsC-qxoOkLR-nmfvzW087zFvDZ8Q,Jason Pyke,https://play-lh.googleusercontent.com/a-/AOh14Gh42ewfyDrs7Eh4eomhfMMPs803cDbUrn40B7DBRiM,Great little app ! I just wish it was quicker but I know it's the constraints of the router SSH interface.,4,0,9.0.3 (12de286-google),2017-04-26 18:32:44,,
gp:AOqpTOGp0fWu7_4vbSDuY6CMLNvpM2MPDGOAAEL89HVdCjT779HnhtioSjFio-5CWA7iXScCsQW-Mg3_rXhfuQ,Denys Vitali,https://play-lh.googleusercontent.com/a-/AOh14GjHyxs8hTnu8gJjZZrk5_FnpVLvIEQiNkct9JRt_A,"The UI is laggy, but the app has some cool features. I would recommend this to anyone who has a dd-wrt router",3,0,9.0.3 (12de286-google),2017-04-26 08:53:13,,
gp:AOqpTOGs2uUw4Ga93uldM_R2SHUr0u5jIDbH_JZj-9Scpve2QL2RcHuxyybEhZ4PFZMc49nQn63hN9dM_4UkAg,Vince Manner,https://play-lh.googleusercontent.com/a-/AOh14Gj7E1a99g2L8mFZ24b1iXif0M0afgS9xzGGH3qXR9A,Perfect tool,5,0,9.0.3 (12de286-google),2017-04-24 08:28:52,,
gp:AOqpTOHTDxPYXv7kfsytYdtKz58E2bKzFpq1CO_uv3nJT0iq-gVhXJY6YMfQEyUXQuKT8P3AVgcf35xWaoUJJQ,Telonio Iconica,https://play-lh.googleusercontent.com/a-/AOh14GhNRWwlL1TqeSqk33NsIUmSweH2gokYbcejaDOcJw,Yum -- so much better then the web GUI,5,0,9.0.3 (12de286-google),2017-04-22 05:52:25,,
gp:AOqpTOG8ivIEJe9uR7KIML1BShxgAPIbZbcVIrsc6cvHMXofG3IQ1dzhpm0GwKKKVBrlxPCzLNSP-6cbWmCNEg,Salman Mehdi,https://play-lh.googleusercontent.com/a-/AOh14GjAOm2OgPEDCRk-OuRP1ewuo972nhr6ORTiE8bk3j4,A must have if you have DD-WRT router.,5,0,9.0.3 (12de286-google),2017-04-21 08:19:14,,
gp:AOqpTOFdOk5-EJEt0XzsDQVL_5avtohR2eVMBdDikoG_UOI_5Rdg4a30orOVYvzNbtYP5r7LjPCzLol4kaOLSQ,A Google user,https://play-lh.googleusercontent.com/EGemoI2NTXmTsBVtJqk8jxF9rh8ApRWfsIMQSt2uE4OcpQqbFu7f7NbTK05lx80nuSijCz7sc3a277R67g,Works great... Worth the $1.50!,5,0,9.0.3 (12de286-google),2017-04-15 04:14:41,,
gp:AOqpTOFOhwQBw1Qj9layhr5irySeF17RS8vZSnW5jETRuUbW0J5Xc7Q3zeh1SnLEcXi_cKdk73MU6tFSezgzfA,Laurence Milton-Goodhead,https://play-lh.googleusercontent.com/a-/AOh14Ghi4NgQ7jFFQ905h4nTxcfcio-lftVF7UibGdIuiA,A great app for a great system. Full of great features and easier to use than the web based interface.,5,0,9.0.3 (12de286-google),2017-04-14 06:54:10,,
gp:AOqpTOEeOAks-RDcQ636JklSkcwKhM5TXo5LQSsyk3VfNbiq8RE0Lo0GD6ZgZUFVCqedh0HtrAbIc3cqHJ0zQA,Morgan Heijdemann,https://play-lh.googleusercontent.com/a-/AOh14GhWrlbZ0zoN0qEiUQY4QptpeQABMqFuE-Dz0kqc_A,Nice and worthy of the cost but room for lots of features like setup more advanced network settings,4,1,9.0.3 (12de286-google),2017-04-03 08:15:45,,
gp:AOqpTOE3Cp9Az7WWRxpIkcYz6un7SidwlPZiUj_T09dnPRZfwxFZtIs89btawsoG9pc37-FPqXUCKQq_L-uFPQ,Robert Blackwell,https://play-lh.googleusercontent.com/a-/AOh14Gg9xn9c3ioqcKaGLjTovhhN8HHnuA9xrI1caGuzIQ,With my Netgear WNDR3700 and DLINK 615 e3 routers.  Perfect companion - WOL is great for waking my media PC and starting a server on the network.  Found the traffic tools useful for troubleshooting a Wi-Fi issue. The fact settings can be adjusted through the application makes tweaking settings while remote from the hardware easy.,4,0,9.0.3 (12de286-google),2017-04-01 13:12:30,,
gp:AOqpTOFocpNSf9E5uvQ4Emnpb205k6SE9_qUEaHZyhILATpGijDLX5ehW6Wqna1Ebky8OlC7haap7eLrXOWiQA,John D Martin III,https://play-lh.googleusercontent.com/a-/AOh14Gjtdk9DR6If6tqBTwOeZ9CHIAa4CtVIvmD3T1YpcMY,This is a great companion to any dd-wrt router.,5,0,9.0.3 (12de286-google),2017-03-06 03:39:48,,
gp:AOqpTOEjcSLFKVGgvAR3EpZVnv6tD8dwESLs8RaZbBvtKlLJO7HD_yG5Nr7J1oidImJyvqQmqHhAKAO9ovOu-w,Mike Green,https://play-lh.googleusercontent.com/a-/AOh14GjIRHlOITp1PZ1bRBMRFUIN3S7yb5Gk1pRhatPsSQ,"This app manages to squeeze a lot of functionality into an interface that's much more intuitive than DD-WRT's web admin. I'm still exploring, but so far I'm very happy with it.",5,3,9.0.3 (12de286-google),2017-03-02 11:59:01,,
gp:AOqpTOHSCBGtaZjUsODA1bT-X5pN0p04w6kj8lEHrlfPTtbFPVr1NkVWsN0OVuSEfMReDuM15PJmdCDFZ5qI7A,Anthony Domagas,https://play-lh.googleusercontent.com/a-/AOh14Gh0LAnlSJYA89fwkIMMRWuYrFNXTkAEk1G1zbMkFQ,Must have for DD-WRT routers!,5,0,9.0.3 (12de286-google),2017-02-25 02:23:56,,
gp:AOqpTOHVIjdlJ7jHvZCeMfGAHSTwe4wMjelXAtoiSiJjxAjze-x_KVjcdKWlQHfrttHuxyF-03FDT9bGh10sFg,Blake,https://play-lh.googleusercontent.com/a-/AOh14Gi-UnmW6Ci6ONQNSPcuMehN9q-m20TDbwTdILrtYA,Seems to have support for everything you could need to emporium manage your router,5,1,9.0.3 (12de286-google),2017-02-21 23:50:29,,
gp:AOqpTOFBtKuogqBxWr7HUag2EvV1AlM-m5Wlh-B4-0p2gRhGJnEWCgKqZW-YeVrBaXXC3KnL9GoGXr-pa8sxbA,Thai Tran,https://play-lh.googleusercontent.com/-YGYS-3Bx0h4/AAAAAAAAAAI/AAAAAAAAAAA/AMZuuck_5DQUzdY1yToS3MlyOjgLb19ToA/photo.jpg,Liking this app and hope it continues to be supported and improved?,5,6,9.0.3 (12de286-google),2017-02-20 07:44:27,,
gp:AOqpTOGN7kWdN0anstZd5zi7D_V4f7mgAWHsvG-HTOV0-z6CoQhHhIONdWvomPyy23tTEpzL9Mzwql9ksyfoQA,Jester O'thePines,https://play-lh.googleusercontent.com/a-/AOh14GhuoPbpiPiCjN1tb9_dZuftYIwY-Idc0Eh_wCW7Dg,Well done all around. . Congrats to dev. Attractive unique utility for any  ddwrt implementation.,5,0,6.0.1 (e1beb59-google),2017-02-18 23:08:55,,
gp:AOqpTOGJfRqBQvd9XfbYRMiGPbAAJxSIn1FsfVDF_VxOEYzihPXlNclQza0k47K3JTIiOUDelDdvHhFm4AkVFA,Nick Jandric,https://play-lh.googleusercontent.com/a-/AOh14GiCgLVFxrvNf5sqp3qKQ3S2KXFk38Ikwh0T_vY0ww,Awesome,5,0,8.0.4 (6ffc459-google),2017-02-18 18:24:54,,
gp:AOqpTOEQ4qS2-zLeACYsW-suzHZYl7bK39NfERQGetNhvWPQ1OO-oBTvKq3dmCRfZdBdjfEc2_aQdvztSFLrBg,Stephen Cooke,https://play-lh.googleusercontent.com/a-/AOh14GitbYyyXAwQY1HvMdYienyVHpNdfoGdoFtZBtinOnc,An awesome app for a router!!,5,2,9.0.2 (7ff42ac-google),2017-02-12 17:51:30,,
gp:AOqpTOGsvb4UGAnBdrBrkX8ZMs2o35VBayPQ2ImGaJQEWYCn3ja2tiRAMZ7hXPPRwk5Nx0tSrOtSXib9R2v4nQ,Pasquale Riccio,https://play-lh.googleusercontent.com/a-/AOh14Gh-GedVCYAnwXaQtu7g2eSzIpaN4vYCLxR8PmrzZA,Need to have tool if you are using DD-wrt,5,1,8.0.4 (6ffc459-google),2017-01-26 04:21:52,,
gp:AOqpTOHh6o33mrQ4j_tB9bnw56vqbXO6_3Ckx8DRzlq36qAPuA9k28HQzxlxdUVemv_UTChIedkkhAdoF1fdtA,Joe Price,https://play-lh.googleusercontent.com/a-/AOh14GiR1HMN2_yC_YoXKnSIzr4FNJCQCCQYxXpOxYfzTA,Works flawlessly. Great way to wake up home pc and check on network.,5,0,8.0.4 (6ffc459-google),2017-01-18 10:16:23,,
gp:AOqpTOF-WYr6MieogvuwjFh7Dlm7u-9S52BcI3pWvXDKKIBV25ah_mFIKo02uMLYdTy1GodjIHYBqLuUUnbUhg,Tony Good,https://play-lh.googleusercontent.com/a-/AOh14GgNJbyU7zvLMJNk1Pw_YAfEwIk6Smva-p-NXbXDS6Q,"Works great on my Droid Turbo (Android 6/Marshmallow)!  Access restriction controls work on my phone, but for some reason not on my wife's Kyocera Brigadier phone.  She can see the access restriction rules, but cannot toggle them on/off or select the three-dot menu for each rule.  If that was fixed for her phone I would def give 5 stars, as it works perfectly on my Turbo.  Dev, I've already submitted feedback via the app on her Kyocera phone, so you should see that soon.  Thanks for the great app!",4,3,8.0.4 (6ffc459-google),2017-01-15 11:51:59,,
gp:AOqpTOEWltqZrv83sqeFsPLWae4kS2HIZHUlY5ZgWLrMnT5LLLg8nYEubnd3i6KCpEiYm_kkPf9e6xyNo78ZoA,roander1974,https://play-lh.googleusercontent.com/a-/AOh14Gjaaj-HhwOmSf7BWW5JGNz7LAaazjiMZXEe1lz1,I used wrtgate until I bought this. 5 stars if you can make it work remotely from anywhere.,4,1,8.0.4 (6ffc459-google),2017-01-08 20:20:34,,
gp:AOqpTOGQjCKCMsFpOQop-bUvCQ9QRu3LtY-p_M_dioxUu2R51RTOS529Hq8TMTvga3uKGq_JGuIxThyf_B6f3A,David F,https://play-lh.googleusercontent.com/-tyGgVY1xLbA/AAAAAAAAAAI/AAAAAAAAAAA/AMZuucli1-KsBCCvdGQURFJOqVVf_PkOgg/photo.jpg,Awesome app with great support. Can't say enough! Very helpful for running multiple dd-wrt devices!,5,3,8.0.4 (6ffc459-google),2017-01-06 15:47:30,,
gp:AOqpTOHfedwf6m2vzAsqtY9KSG8FHW7eo9bwP6kr0HBFwFxgBULPTsP36wprVBWiHnpUXFmjPM3sjbjOo5jL7g,Paul Carter,https://play-lh.googleusercontent.com/a-/AOh14GjMwD63JRhmO5K_9QsqhdpzKOqKEViQJDgmi0As0Qc,"Really useful, easy to setup and use.",5,0,8.0.3 (6c9fd9f-google),2017-01-02 00:56:03,,
gp:AOqpTOHedvvxe6HoXC0RgZm-dBJejEoWcAxRvSCTr5rVtyP8z_0Yyj2KG3w5eqJn_-rTb5QiInk_9RRXuWSIbA,Géorge Bíca,https://play-lh.googleusercontent.com/-VuSi3cADgLc/AAAAAAAAAAI/AAAAAAAAAAA/AMZuucm6Bgu9iKM3M0MeVHTHHMu0F1V6NA/photo.jpg,"Gives better details of connections then the web portal, but the app is unable to make changes to most settings. For example I cannot turn on or off the access restrictions.",3,0,8.0.3 (6c9fd9f-google),2017-01-01 10:38:51,,
gp:AOqpTOF2jzWLjvJR1UXT2r_DBpa2x9qTomI8xLm_XtJso3taoelJ98FM5-oTbTayORZafjgL77VGEW1QkpinCA,Daniel Johnson,https://play-lh.googleusercontent.com/-qRdRpO9E-jg/AAAAAAAAAAI/AAAAAAAAAAA/AMZuucmABrXKJXWSS9EALBnsIXdtiDJA1A/photo.jpg,I currently manage 5 routers and on of which reads via SSH running on DD-WRT aftermarket firmware.,5,0,8.0.3 (6c9fd9f-google),2017-01-01 00:18:27,,
gp:AOqpTOHA1PF7l-y6_mW44gQ2po5lWr-gwUHqCzp6llptOzc6tEl9Y2YC9nVKI9w6bcF03uJrdbgBLAfknsu5SQ,Manoj Mathew,https://play-lh.googleusercontent.com/a-/AOh14GgMaNq_ykwXOo1aUhPZfz8xucHm8KV9stiXvI5iGaM,Absolutely love the ease with which this app lets you tweak settings. Excellent dashboard. Very easy to use.,5,0,8.0.3 (6c9fd9f-google),2016-12-30 05:47:58,"Thank you very much for your positive review and rating, Manoj! Glad you like the app. Best and Happy New Year 2017!",2016-12-30 09:57:50
gp:AOqpTOEAcY1jm7pIF_tT4Z1TrZvKxAZyjsj_SrJzQC25Z-32aTvpfpRtjVmImk04uIU36i-Y7Y6_KrRM0_fA1g,Christopher Workman,https://play-lh.googleusercontent.com/a-/AOh14GhHQRbrQlCkwXdklMBx6k5ApxxOJFfpElj2O7e1Qw,great app for managing your dd-wrt router!!,5,0,7.1.0 (a8837f4-google),2016-12-22 22:49:19,"Thank you very much for your positive review and rating, Christopher! Glad you like the app. Best and Happy New Year 2017!",2016-12-30 09:58:42
gp:AOqpTOEIXmFjpPvGmVIIzGB8dBDYPlueVg5NGPTgwhsezyzYELtfa2OswGJ5CRsYUsXEtMmccZIx7pmw8GtmfA,Brian Caputo,https://play-lh.googleusercontent.com/-Uhoyi4aFJLo/AAAAAAAAAAI/AAAAAAAAAAA/AMZuucn_0fXku5VWY2NtAUb4EUxKv4uCwA/photo.jpg,Took me a little to figure out (my issue not theirs) but once connected its very easy to follow and manage the router. In some cases faster (and better) than using the ui on the computer,5,1,7.1.0 (a8837f4-google),2016-12-19 22:59:23,"Thank you very much for your positive review and rating, Brian! Glad you like the app. Best and Happy New Year 2017!",2016-12-30 09:58:52
gp:AOqpTOHnaPjVkuHwPQ_aSVTywHhBg1fYdoBY7B6SUwD_2iR4KydSOMKbeGi_GbyTVMgGmSXrJ2tq0-0AgPkQ0Q,Clayton Williams,https://play-lh.googleusercontent.com/a-/AOh14GiNzdYfl3Iz6geqRcvK1VTMusXjbwHm3bg40eOT-Q,I just wanted an easy and quick way to rule over my home network. This works as advertised.,5,0,7.1.0 (a8837f4-google),2016-12-17 08:40:59,"Thank you very much for your positive review and rating, Clayton! Glad you like the app. Best and Happy New Year 2017!",2016-12-30 09:59:04
gp:AOqpTOHNgI8XMbl8aZIssL6SYvBZODkyrn8oVu1t7-UWAS8d1FSkdjvDYvJGRUg0VeEGOue7CJ27zTH2GF3P1A,Ben Isai,https://play-lh.googleusercontent.com/a-/AOh14GgCzQzNH43OfmlLEsst9q7-UFcXnsdqB6v84-lgpw,"Simple, great app! Let's me monitor my router from everywhere! Just what I was looking for!",5,1,7.1.0 (a8837f4-google),2016-12-01 23:32:49,"Hi Ben! Thank you so much for your review and rating.
Best.",2016-12-02 03:23:57
gp:AOqpTOFIYrYBcK3GjMZhkvkJeBHr21yCNNbmeIaIT7RPfWtDW4Fm8ptOvRPiLWwCzYOlh_0KtPQwYIkeHEhFyg,Siebe de Zwart,https://play-lh.googleusercontent.com/-hSO9lc8gH9o/AAAAAAAAAAI/AAAAAAAAAAA/AMZuucnYbUyydSq576I_fGs6WH9Sk3QzwA/photo.jpg,Well done and reliable app.,5,0,,2016-12-01 13:29:06,"Hi Siebe!
Thank you very much for your review and rating!
Best.",2016-12-01 13:57:52
gp:AOqpTOF15L9DOeGlUo97kEr7VRfvTTqoPEUAjZ2kseI1R9JQzRNB1Lgn9bYze6TBaHUNVzdpasLtaVhPybJEEg,Roberto Zayas,https://play-lh.googleusercontent.com/a-/AOh14GhOLaGK9FnEVoULXqJpRa0noUY4IfchoxK33gE59_U,"Nice app. Works great with gateways/routers, but information seems inacurate in one unit I'm using as an access point.",4,0,7.1.0 (a8837f4-google),2016-11-29 06:23:38,"Hi Roberto!
Thanks for your review and rating. Could you please tell me a little bit more about the data that appears to be inaccurate in one of your access points? You can drop me a line at apps+ddwrt@rm3l.org . Looking fwd to hearing from you. Thanks.",2016-11-29 16:10:00
gp:AOqpTOGrkKW7jNE4oCz8uKQ-IqR47Ojz8MljY6dWxcjIgeDUDrcjHdCT5d53t6uddhQ5daVRkSkdBMHg6rgfJg,Eric Lodahl,https://play-lh.googleusercontent.com/-Qu8Z4r1_uwY/AAAAAAAAAAI/AAAAAAAAAAA/AMZuuckuvA3TMhU0JurrTmVtF9wIDswOiw/photo.jpg,Very useful tool. Even more so with Tasker.  My only wish is that you could shut down OpenVPN client without rebooting the router. You can enable and disable in the web interface without a reboot.,4,7,7.1.0 (a8837f4-google),2016-11-05 18:32:28,"Thank you very much for your review and rating, Eric! 
Glad you like the app and the automation plugin. 
This is indeed a known issue, and I'm working on applying settings without reboot. Stay tuned - this will be fixed in an upcoming release.
Best and Happy New Year 2017!",2016-12-30 10:01:55
gp:AOqpTOEHon1qtsHVdqpghjbrhtJFV_cM_pO1MCEpIFsajrj2fW4euE2JgGkgtcg0sopr2kHgBl4Bykk6fOGkoA,Keith Foster,https://play-lh.googleusercontent.com/-z2FDQfEBTis/AAAAAAAAAAI/AAAAAAAAAAA/AMZuucm3k-J2ACkMLVTy7D1oo6dtNhenQw/photo.jpg,Although not always used for control it's extremely handy to have. Everything works just as advertised.,5,2,7.1.0 (a8837f4-google),2016-11-05 09:53:59,,
gp:AOqpTOF1ze0XNB3TjlRT2DHGP4WbNQFMi8e3RelX2PXb2D_w1dB0EDboVb6uiwsxEcDSGs_Uks9YbLKotRlX7Q,Civic Scootin,https://play-lh.googleusercontent.com/a-/AOh14GjFG5RKZ0CXb8REFDRDyiSEwKE0EcZgMyHQQHIk0lw,Not sure why this app doesent have more recognition.. Fantastic job Dev teams.. Works as expected & more so..,5,0,7.1.0 (a8837f4-google),2016-11-02 10:05:10,,
gp:AOqpTOHPXwevLdE_vWOE5jXacRx5k963dPI_wKuuFcfHSb-3zdeUJjUAqWzoTBvmWfmCISpDT8M4YH8LjIxBJg,A Google user,https://play-lh.googleusercontent.com/EGemoI2NTXmTsBVtJqk8jxF9rh8ApRWfsIMQSt2uE4OcpQqbFu7f7NbTK05lx80nuSijCz7sc3a277R67g,"Wow! One of the best and most useful app I came across!  Thanks, it works great!",5,2,7.1.0 (a8837f4-google),2016-10-13 15:25:05,,
gp:AOqpTOEO5Tb41jH5u6ssT2cCAA93KkkmDrtDVqKIkQtUlsAzI5lS4Yst7ZE6jrq7eMjIuYIcMPMY06XFUmQnSw,A Google user,https://play-lh.googleusercontent.com/EGemoI2NTXmTsBVtJqk8jxF9rh8ApRWfsIMQSt2uE4OcpQqbFu7f7NbTK05lx80nuSijCz7sc3a277R67g,"Thanks dev for creating such a great app. Tons of features inside a nice looking app, and dev does listen to his customers. Keep up the good work! Definitely worth the bucks. To me, this should actually be the official app for DD-WRT..",5,2,7.1.0 (a8837f4-google),2016-09-30 13:33:10,,
gp:AOqpTOGYsaElu1JiLHMjSf-V8Zw-xjj2sgVj-DQ5i5u3QtL9FZPmlRVTfVdfQFEhP6xpGgmWHnX_T4fn984ZkA,Corey,https://play-lh.googleusercontent.com/a-/AOh14GgBEWglRPS3wp4pa3Snhyqn1biPcfwtedNPNg6Ne9Y,Works great and looks good!,5,1,7.1.0 (a8837f4-google),2016-09-27 04:10:42,,
gp:AOqpTOFEEF71qyDY55im5CCBcN88sR6OlsrVWrjKX_FEQNmY_pc5s-Dc--ezAZ_71PcNaLEc6yM6zg1MLzQt8A,Yossi Haddad,https://play-lh.googleusercontent.com/a-/AOh14Gg2QKH4BRGDdoAqBejWFmwfJK8VEy9VHleMgwttzw,Almost perfect,4,0,7.1.0 (a8837f4-google),2016-09-22 07:20:52,,
gp:AOqpTOFndw2mhbxGQQADKsIL-mco2Z2LSp27X7Ls6sZ_wjykk709qnG6800aEJXyEeZqdIPvy_LZJM0ulNIHXQ,Brian McRickard,https://play-lh.googleusercontent.com/a-/AOh14GjzdKI4hJRhFvZTtKOBiOajNIfSwDL_V04bpfFkOQ,Very nice app,5,0,7.1.0 (a8837f4-google),2016-09-22 05:58:24,,
gp:AOqpTOE15AEnFMkDiktcLZFjGTCm80IK9g5pebTRbvNZneiU6ze4s15-Qpso1dh7D6Y_ol7kwQgweyJkryc_0A,Dean Rooker,https://play-lh.googleusercontent.com/a-/AOh14Giu3pn40F59y7YM6aZUz87sIEvgqsGpi7hU5NQVeQ,"Just the ticket for remote management of Ddwrt router. I use this to manage clients, vpn access and client access and time restrictions.  The best app of it's kind.",5,0,,2016-09-06 10:08:53,,
gp:AOqpTOHXkDcnwXE65QVXCF-CMLdcZft_mj4Awx4zNeVi53GVm91ZQBlbAO1bMaD4r1qVK4i-np5afqlkZYbIsA,Fred Johnston,https://play-lh.googleusercontent.com/a-/AOh14GiRV3jz-Bds69qjdMM75kMQz0G8xz-tqHqsqTckPb0,"Congrats on STILL NOT FIXING!!!  VERY good delay tactics!... I actually PAID for this crap!!??  The only thing I really needed this for is the bandwidth usage on my wan interface, and that's ONE of the things it is garbage at... Yes all is connected ok etc... But the bandwidth page is SO small and grey I can't see ANYTHING, and can't see any stats coming off of it!  MUCH BETTER to use browser interface.  If you fix it I will re-rate... So while this is here, it ain't fixed yet!",1,1,7.0.4 (fcac109-google),2016-09-05 19:27:39,"Hi Fred! Thanks for your feedback and sorry for the inconvenience. I've just published a new version of the app, which makes it easier to read bandwidth monitoring graphs. It should roll out to your devices within a few hours. Please let me know if that works better or if the issue still persists on your side.",2016-09-24 12:04:43
gp:AOqpTOGSZ9wM0hJ0Hb80XiPDEqsJe7roR2qEw68WcCXi9-FiwNZUrQp62UbkKMJlzO-hXxWqByvgPduTYPqeSg,Robert Kinsella,https://play-lh.googleusercontent.com/a-/AOh14Gj9lRRNLPW08j3d52cPEZKYnGuAxrbAuoTzpOl7,With this app I can control when my kids can access wifi right from the phone.,5,0,7.0.4 (fcac109-google),2016-08-29 18:39:12,,
gp:AOqpTOGIz0UCvaholKAweJs2awoe9JRrdEp3jST6gLHRl18A2cPcXIo1ttFcrPU7oDWU6pOBuWS7weB64-f_5w,Yogev Levi Shaked,https://play-lh.googleusercontent.com/a-/AOh14GhSRj0gz4BWa51ArIZgD_j5DiDbYuvhF5cNslY,"Worth the money,  have all the features I need.",5,0,7.0.4 (fcac109-google),2016-08-28 04:17:39,,
gp:AOqpTOHc_hCbf2Cfk4Gtdhigj4G7kLFx6e-K4ytptOqP9NmUtrKE7tYNXK5dinNN7TQLJyJBc0XmAISXW8nSvQ,Frodo1B,https://play-lh.googleusercontent.com/a-/AOh14GhpPftZEgRNlHqxnGjzrxe0cCzD1BoKwHusSitwxw,Does what it should.,5,0,7.0.4 (fcac109-google),2016-08-26 13:43:03,,
gp:AOqpTOExHDY81ph1xK2stnYSaQZMOyTN5RNGPL9L8cANovRaiu3iS-2bHVEo6MHNmRyJXG8uQGFCNaq2fFXxVw,Chris,https://play-lh.googleusercontent.com/-VPQLoWhL6js/AAAAAAAAAAI/AAAAAAAAUxg/AMZuucmYQ9gJlCbwWWWJ9f5D0Pi2vyxR6Q/photo.jpg,"I mean it,  this app used to be clunky.  Now it's sleek.  This app used to be all function, so much so that it's lack of design almost impinged on it's ability to do it's job (sorry), but it pulled a resounding 180 and has become slick af.",5,1,7.0.4 (fcac109-google),2016-08-22 19:05:50,,
gp:AOqpTOFHdLvTZY75OHkWS1Bxt3ZI_iBReeiNQ9aYJZhCtZVo5qp1zW9AydktrbqtrfMggxPMjPXwyYT1GVZNHg,David C,https://play-lh.googleusercontent.com/a-/AOh14GhInV8XPn_LOXD9UoHgVofFh6p-gKpuIsNNFDa7Vg,Getsome,5,0,7.0.4 (fcac109-google),2016-08-17 00:32:52,,
gp:AOqpTOEEhbnQlB8UkhqT_LANeysJKQMs4Ms4EN7ESUwHZJvDAHrZsimNntct7rhCkpeSx5uS7vTqQhS075fb8w,Stephen Denton,https://play-lh.googleusercontent.com/-bpd7vbtVSXY/AAAAAAAAAAI/AAAAAAAAAAA/AMZuuclfNP3DYbwsLpBvM59SYwQjyDWyeA/photo.jpg,"This is defo worth the upgrade, shame geo map doesn't work, but apart from this its very good indeed! *** UPDATE *** GEO MAP FIXED, GOOD WORK!",5,2,7.0.4 (fcac109-google),2016-08-16 00:52:01,"Hi Stephen!
Thank you for your review and rating. I've just published a new version (7.0.4), which should fix the IP geo location issue. Best.",2016-08-03 05:40:22
gp:AOqpTOHuJdDiqFJX0HgubYJBjSRT_kjlt9c9xneqmrO4rFK7sTo_F_VVuUbQtmaxWi0S3D9qCXxYgCMMHmAZnw,Paul,https://play-lh.googleusercontent.com/a-/AOh14GiDvE2RcCQDpEarPErW8eXsexIf35H9MSyutgkQ,"App works great! Easy to use once you have a look around inside. Seems to do everything it says it will. Would be great if it had a widget to change your vpn server on phone home screen, or quick access button in app to change vpn server instead of having to navigate through, just some suggestions still love the app anyway, great work.",4,1,7.0.4 (fcac109-google),2016-08-10 01:25:32,,
gp:AOqpTOEA61Njy4lJOSbGFOrvp-hp0_vyGJ26IKBFlIOoPZBaD2QgsEZ2-SfA0E3r7pfEHCVKCK8Y67slfx5UMQ,f3bandit,https://play-lh.googleusercontent.com/a-/AOh14GgSsrJPbQOnLrUlepju4S6URjBzLOIMTY-1t8ZegA,Great app. Very well designed,5,0,7.0.4 (fcac109-google),2016-08-04 19:04:02,"Hi Jason!
Thank you very much for your review and rating!
Best.",2016-08-05 01:55:56
gp:AOqpTOH7lh6vKdFwIfpT9ENPlLPCTUWNEb9PnzFfU6ZOK_gEk9sElmPhmot93vrvaCJCQABkIdIEpk6ss81O8g,Bryan Liesner,https://play-lh.googleusercontent.com/a-/AOh14GjLfqZz0RiinrWszGMb_WzGiu-ltT2gEuULFTb-Lw,I find this very useful while away from home. Lots of useful features and information. Five stars because bug fixes are addressed by a responsive developer.,5,2,7.0.4 (fcac109-google),2016-08-03 07:50:29,"Hi Bryan!
Thanks for your review and rating! Best.",2016-08-03 08:17:29
gp:AOqpTOGM6IL7Hjp1rnvP0YkQI20HqwpiEXBUkDTEniuG9Czgl1Yy_47fx4K4YkRMfe1arnmgzqBKQZAr8iN1wA,Rusin R. Tsonev,https://play-lh.googleusercontent.com/a-/AOh14GjL0Yx6jO7CGzXZaVJlBC4Er2UkIaypy2QyTcIoAsU,Really extensive data and controls which for the most part are missing in Dd-wrt ui. Developers also deliver quality updates and enhancements regularly,5,1,7.0.3 (0ad799f-google),2016-08-02 03:41:00,"Hi Rusin!
Thank you very much for your review and rating!
Best.",2016-08-03 05:53:56
gp:AOqpTOEy674dl2Hj-agYa31XwgSvKdKpA3XOGWm_yuQThdICOTNGXa4WRcq3l1xQtGHodzsNNxWt2rwJMhReUg,M Barksdale,https://play-lh.googleusercontent.com/a-/AOh14Giu7rpRajXGIwaaousXbRw7UF9z8EYSDz0uJYYI_Q,"Awesome. Thanks. I rarely rate applications, but I felt the least I could do for this blooming resource was a good high 5!",5,0,7.0.3 (0ad799f-google),2016-07-27 01:36:53,"Hey - thank you very much for your review!
Really really glad that DD-WRT Companion is part of your rare ratings!
Best.",2016-08-03 05:39:14
gp:AOqpTOHA6JcJ7Mi3vHUhbk_2EYEdzT5W_YILYovi0CFpr_kzKTEBjxmSQn9egxR6VzVRZMh8p43vxM5MjNH1qA,Rob Sanders,https://play-lh.googleusercontent.com/a-/AOh14GjZwnxgvI2Nl1x5XqDrk4jUC-uLy5dGHf-Fk7Ty,Please fix OpenVPN client button. Enabling the vpn should NOT reboot the router!,4,0,7.0.3 (0ad799f-google),2016-07-19 01:04:36,"Hi Rob! Couldn't find yet a portable way to toggle VPN status without rebooting the router, but I'm working on it. Thanks for the feedback.",2016-07-19 00:37:23
gp:AOqpTOFrP-3vPtsppb3pMVXx59jiHkEG1ARyfyJTLzCOa1RPoVydtDd4ZHlW5L44SLdukrVAnZRm45kJCwoPDA,Janick C,https://play-lh.googleusercontent.com/a-/AOh14Giz0Jl0nLwXkk-ULZ9JzUpQI3KzuvBFISlIzWBylGI,"Latest update doesn't allow me to log into my router anymore (Java error). Precious version did, tested site by site...",3,0,7.0.3 (0ad799f-google),2016-07-18 22:35:11,"Hi Deejay! 
Thanks for the feedback and sorry for the inconvenience. I've just published a new version (7.0.4), which should fix those connectivity issues. Could you try with that version and let me know if the issue still persists on your side? Best.",2016-08-03 05:41:27
gp:AOqpTOFdWql2lJ3Z628vSSHrl3dj2RKWT8cfui8Jl0Ck4c1MEQ1LEjU9v7PlXS0U9npqYJ-bRg_osH8AconqrQ,Jon Wilson,https://play-lh.googleusercontent.com/-zaeizZJHq_M/AAAAAAAAAAI/AAAAAAAAAAA/AMZuucmHIZZZRUVW7gLzLmbZ3EyDXZgTgQ/photo.jpg,I keep getting java errors when I try to open my router. Galaxy S7 with build DD-WRT v3.0-r29519 mega (04/25/16),3,1,7.0.3 (0ad799f-google),2016-07-18 13:45:36,"Hi Jon! 
Thanks for the feedback and sorry for the inconvenience. I've just published a new version (7.0.4), which should fix those connectivity issues. Could you try with that version and let me know if the issue still persists on your side? Best.",2016-08-03 05:41:44
gp:AOqpTOEehBiEPIP8AxvZz69BuN5ropz_mPfHLLQpD8p5_6PYpDKTBNIFcopGpdCefi4y7W3hnShmzPCyKal2lA,Tomasz D,https://play-lh.googleusercontent.com/-8-8VE3L94Ng/AAAAAAAAAAI/AAAAAAAAAAA/AMZuucnVLH3hzWWRGpZFTTOmnFu3u-hoKQ/photo.jpg,Great software to control your devices,5,1,7.0.3 (0ad799f-google),2016-07-15 22:15:27,"Hi Tomasz!
Thank you very much for your review and rating!
Best.",2016-08-03 05:54:35
gp:AOqpTOGDhgv4vnkolc0uFZx27zgJEXhjGzMSuKYeMwnYDELyNUtVhdjLr2-A137uBzSuEoxOIAdlKQRVvOerhg,Sergio J Soto,https://play-lh.googleusercontent.com/a-/AOh14GgFvPVbavS4Be3BY0BJl1Dc15klGfurMskuEAzpAyM,Great app... I've been looking for something like this for a while.,5,0,7.0.3 (0ad799f-google),2016-07-11 20:08:20,"Hi Sergio!
Thank you very much for your review and rating!
Best.",2016-08-03 05:54:45
gp:AOqpTOEEZW3KxAKHvgIEFZ-wRhN5UtZRIyoUfelkUrPZB_AbZ218WZsP5_6damPeUD1_FTKKerI6-bgXu-HPew,Pol,https://play-lh.googleusercontent.com/a-/AOh14GjDzKVWjjatf7NXx5dkBioV9HWtw6esKttxmK141Q,nice work! I'd like many many many new useful options. Tnks! today I've created a bash script to automatically check if there are new release of ddwrt fw (posted it on dd-wrt forum). Cheers!,4,1,7.0.3 (0ad799f-google),2016-07-08 14:16:40,"Hi Pol!
Thanks for your feedback. 
Interesting idea. Could you send me a link to your bash script, so I can see how it could be integrated into this app? apps+ddwrt@rm3l.org

BTW, I've setup this page for submitting feature suggestions, so others can vote: https://goo.gl/ZyCR3a
Feel free to post there for future ideas you may come up with.
Best.",2016-08-03 05:49:59
gp:AOqpTOF1_07Amp1ElZbs4IkTDxwmpEhwQmSaJfyKllJal0T17thPZCdMqdjbkuq3K6zsKLm29Qqbz1exYFo6Rg,Tom Lindo,https://play-lh.googleusercontent.com/a-/AOh14GiWDNgQN2Z7pkVnC6c0IaKcxyKPhSajkIuDtA22gQ,"Great app, really like the latest release. Thank you for making and maintaining this app!",5,0,7.0.0 (ab1f8f5-google),2016-07-06 15:47:40,"Hi Tom!
Thank you very much for your review and rating!
Best.",2016-08-03 05:55:04
gp:AOqpTOEgqcCfT23cjbz2DAMO2Vn7b5yRHsneDhhbp87r89uo8UATFYquFNyGew3Q3XAduR-pKwLpb8khZ-zXYg,Andrew O'Neil,https://play-lh.googleusercontent.com/a-/AOh14GgOYx5AXAD7M8iZSVyiGcpgLBxZWXlx59jV2q9bdA,Modern app style with a reasonable amount of functionality. Would certainly recommend to other DD-WRT users. WRT1900ac V1,5,0,6.0.1 (e1beb59-google),2016-06-26 00:30:59,"Hi Andrew!
Thank you very much for your review and rating!
Best.",2016-08-03 05:55:15
gp:AOqpTOE7Coqg9RAK0-jj7P4pTwKSzHZEpzYeeJQDlFnw5BM39perKXLqnmXiAQNI1SQtJTZ9pr5fArsPbM_ojA,Kirk Eby,https://play-lh.googleusercontent.com/a-/AOh14GiFo9sY0hOgAGDGeKt52fAw6W95KvPZulJwL-yUjA,Really neat app. Lots of detail.  Runs well.  Easy to setup if you know anything about ddwrt.,5,0,6.0.1 (e1beb59-google),2016-06-22 11:59:58,,
gp:AOqpTOG3z_uuhXXByTHBSOZoUzJdjRYnP64cCXIudwAAFEZ-ZHRWW9RV7IOKuGxHne1P9v98jmUUTLk8nns7HA,Raul Lancon Jr,https://play-lh.googleusercontent.com/a-/AOh14GiG0lh4PvvoAlIvsaVn3vbkFntX8IDbwmWf5SvudNU,Has the features I need,4,0,6.0.1 (e1beb59-google),2016-06-17 06:51:05,,
gp:AOqpTOH6LOw9hcilwU4UAfrxBrnlGo2PkCjhMX-3euyVmFKGa9eO3Lp7Jd52rBbBY83Plr3cbC0TAQqWIzTnng,Ricky Gonzalez,https://play-lh.googleusercontent.com/a-/AOh14GgYs0OquF5CQH9O-ox7_T29hnXBbI7mBWnLfZFUebY,Tons of data,5,1,6.0.1 (e1beb59-google),2016-06-07 20:01:48,,
gp:AOqpTOEEzS-MU-UIkCRxGaSjYcRRRQSmoBBwTnE-phsAE3KB819S0XtdaRWgRXV2plubAQZXg2yZXA54B_y8Rg,A Google user,https://play-lh.googleusercontent.com/EGemoI2NTXmTsBVtJqk8jxF9rh8ApRWfsIMQSt2uE4OcpQqbFu7f7NbTK05lx80nuSijCz7sc3a277R67g,"Like it for quick look at system & control, but want more control of connections to limit kids access to set times",3,0,6.0.1 (e1beb59-google),2016-06-07 01:59:51,,
gp:AOqpTOFG046PCHr4SLMvoxc7tM46HcgWVu6plGYmWiWPq4PMsiDzojIRs0EBrt3YaS4vyU_90LIcxRY96GFMnw,Me Owe,https://play-lh.googleusercontent.com/a-/AOh14GgfXD3y-OGGCyHxA0vBaTbfdoA-IuBU1qKv_BkQUvk,Aaah...the power,4,0,6.0.1 (e1beb59-google),2016-06-02 01:01:53,,
gp:AOqpTOGUC85EqOBqyVKdN0RHjbgkttPbI7OezKLd1DZEuAL0IIdtudxnl8y4lJXPucye_y7TRFQlWwbP4NBTcg,Boomer Moomer,https://play-lh.googleusercontent.com/a-/AOh14Gh9m0HLpUnPQkBkwZH4BK9KCcwMvUDdk0DVQOBAYg,Noice,5,0,6.0.1 (e1beb59-google),2016-05-31 22:10:07,,
gp:AOqpTOGDpT_dNREJ4QQrHLznaDRbwg6kpZqDi9NOrYGFw10X-ir0Ku9XC0_O6N_pYcfd8xUT1PdKSwiUIdOKOw,Lori Matis,https://play-lh.googleusercontent.com/a-/AOh14GgKMyyQegSoXe8Q9oLPxysK-TM2ex8z98pFbDS-Yg,"This is a very good app it does almost everything I need it to, flipping the VPN settings on/off is a must (main reason I bought a travel router and flashed DD-WRT on it) What's up with the pop up to connect to PPTP when flipping the VPN on/off? This is really unnecessary, if I want the PPTP on I will use the link and turn it on. The app is missing an important feature for people on the go.  The app really needs a way to search or free type to join a network in addition to the ability of disabling or entering a password as necessary... I still need to log into the WW-DRT web interface to get the router online.  For a home user monitoring their network this app is solid with lots of graphs and data... well worth the money.  It's obvious the developer spent a lot of time on this app, hopefully in the near future they will update it for us travelers.",4,3,6.0.1 (e1beb59-google),2016-05-21 08:56:51,,
gp:AOqpTOHFof1WhMiMUIL43XIuBL5TGiQzSqVhpLb9nCDi9Lec-LMWtmHdks7INSjQR7QarVES4xPiW4vXkxmVqQ,wylvek thomas,https://play-lh.googleusercontent.com/a-/AOh14Gj358pP9pDbYZE5X-T89sMI2ViL_TSTzzxYtc_u,Every router should have a tool like this!,4,1,6.0.1 (e1beb59-google),2016-05-19 12:38:07,,
gp:AOqpTOElR_GPaSHyUCriQlsZ-6-m-UMDQfiTUQSr5IuZePa2a1V_2eTn0fTPmm5vK64AZsrAl6xnBXpPDN6xxQ,Brian Vinson,https://play-lh.googleusercontent.com/a-/AOh14GgpwTgLImRCGJQ1M38hJQLgAEYe7ix3UMKU1fZD7g,"This does everything I need to manage my router remotely and locally. Utilizing a ddns service, I never have to worry about my dynamic public IP address changing and can remote into the router via the ssh protocol. Awesome job!!!!",5,0,6.0.1 (e1beb59-google),2016-04-13 06:27:50,,
gp:AOqpTOE37V4HKEIV8jco0lo6H9dP1bs7k_qNr_P9JXtdAiRUHSTPk3qTokS5fT_4RM7CpjUoAItWj-p1OQ0dHA,jp andal,https://play-lh.googleusercontent.com/a-/AOh14GgabzVmYW9oEdkki7ri9G04zz7IPNCdG4Z1awsU,At first I was hesitant on keeping this but upon exploring the app it's perfectly the app I need to manage my network.  Keep it up!,5,0,6.0.1 (e1beb59-google),2016-04-10 05:20:41,,
gp:AOqpTOH3qbwGe3zlol9l-ptFrpv-AwU7jJjdmfR6C2cONENxZlATzpzXqGIFj2SeGBhjoe0UiwLuP0vaD7Gi9g,Brian Theusch,https://play-lh.googleusercontent.com/-kG9miD7A6So/AAAAAAAAAAI/AAAAAAAAAAA/AMZuuclKJGqvlKcLsmxW_qFNKVnhhX1otg/photo.jpg,Way better than the default Linksys app.,5,0,6.0.1 (e1beb59-google),2016-04-08 18:32:08,,
gp:AOqpTOERp9tupcSbe6Iaf2pdl3hdquiTUMjqcwTI0G3uQkY4KYgEOP5W17P2w0zqAjWIdz7LFS2uk3HE4to0Hg,Mythz D,https://play-lh.googleusercontent.com/a-/AOh14GjdYVqFyU_y0uuslDlukLPb6mKjysBjuNOt4EZL1g,Very useful app. Works well with my router. Try adding in a dedicated section for restarting hosts.,4,1,6.0.1 (e1beb59-google),2016-04-08 02:27:48,,
gp:AOqpTOH5yP8QtCoh7yLJ4WpmStTYk-03KriXO521ti0h77YkEknHx0GagtkAsYiWXO-9hU4H5tPmD54ywPuV5A,Carlos Grijalva Eternod,https://play-lh.googleusercontent.com/-Dc94IrIHhdU/AAAAAAAAAAI/AAAAAAAAAAA/AMZuuck_h0wq3aegwbrv-BP9AXjBNSU6wg/photo.jpg,Great tool!,5,0,6.0.1 (e1beb59-google),2016-03-18 01:13:25,,
gp:AOqpTOGMzbF393gzzCApZJaSvufebl9nnUIqCrc-QtwsyyxjGM849naPdJhDfCuPE8hWAWIrM9mOyDzMJzTbxw,Alessandro Casagli,https://play-lh.googleusercontent.com/a-/AOh14GiHTwMMjsoXX1AgK8rFD8ZsddhYq5MFYkXc4WqD1FM,"Great app, a must have with every ddwrt installation.",5,0,6.0.1 (e1beb59-google),2016-03-13 20:26:34,,
gp:AOqpTOFzUgw6nd9WCe8fq6T_wPdvSnz_I7RE67a06yncq5tblyBnZ_tlDR-x2xEIvXhZodmzP6khlN8gTvzFoQ,David Q,https://play-lh.googleusercontent.com/a-/AOh14Ghekderr88koJ7gmS0hxEg0A23wnjQoAMgB67SNZA,Great app for DDWRT routers,5,1,6.0.1 (e1beb59-google),2016-03-13 08:44:23,,
gp:AOqpTOFwIYFJy4rEOYyeYrud3IkuT9PjJ3QE8bTfEkLSZ7ckB9XGuaBK-9zlBEZtSFsWjECOVSV7iObJtVn8yg,Mahesh Asolkar,https://play-lh.googleusercontent.com/a-/AOh14GjGIeYOhbnOr_AuxPY32Bi2asQrq7IsjUj_-AP4WA,"I was looking for a mobile app to quickly adjust parental control policies. This app does it nicely. In addition, also has a lot of other features that I would otherwise have to login to the router to use. Good job!",5,2,6.0.1 (e1beb59-google),2016-02-21 10:35:25,,
gp:AOqpTOE-yD6ETmBP5hAsXz3PNNn0udvnV0K3ZLaMfrTTrTpeQ6DXcj52rUkCJ8PRNrXjPqfVuxrNdVq3kp67vw,Rex Havoc,https://play-lh.googleusercontent.com/a-/AOh14GiC83VpXa2p8E2S9p2fY5zZswAp_ecuuQcyq4kI,Highly recommended,4,0,6.0.1 (e1beb59-google),2016-02-18 17:07:08,,
gp:AOqpTOHArd2lna_8cHED5lspHt-sHql_MKHB_Lh9wb4Eom5gXy5XVEy88hqBVnUR4TqlSYM4vTfZarbQIivLzQ,Clifton Veasey,https://play-lh.googleusercontent.com/a-/AOh14GhhP7CTZcgeHxmr1_GqUaaUvpICbpVNSrXa2n6dd9k,Glad to have a program full of options for my wrt1900ac.This puts dd wrt firmware well past the Linksys software.I love it.,5,3,6.0.1 (e1beb59-google),2016-02-13 16:15:19,,
gp:AOqpTOEWHwxqsDPJV58yv42_Wiy_JCBD3-lJxTuO3PFbxpkBv-ukLa4B1Ny8axiaaqxoHVX2z-Klp8F5_JkabA,Matt Guidry,https://play-lh.googleusercontent.com/a-/AOh14Gi4PSPUws7iV5s58xHA94XqnN3qwjoHgdRcJacxSg,Awesome,5,0,5.1.1 (e7bf67f-google),2016-02-10 07:00:31,,
gp:AOqpTOFCuydCrqeLLWzOixybGfg4kX_uZhr-F9YcbR4vgJ92-Tw3RU4ZIzvM1iHuIeUVMQPP-LxCApVsd_qeqg,Harischandra Shenoy,https://play-lh.googleusercontent.com/a-/AOh14Gjhk-mBvR9cjKJwKUymsSC1ETJjz1NznwTWExFSYw,Controls and manages ddwrt routers from the phone through well organised GUI. Dev has worked hard on this and come a long way since inception and it keeps improving. Very reponsive to feedback and added the local WiFi detection as well as fixed issue with newer ddwrt ac kernels (though it took a bit long for that fix). Now I cannot work with non-ddwrt routers since I will miss this app. ddwrt should give official approval to this app. There in no limit to improving - so I say to the Dev to keep going.,5,3,6.0.1 (e1beb59-google),2016-02-06 09:03:25,,
gp:AOqpTOH9TH9Kk-QWM6JYqKQPyOs8SLgqXWpUKqdU-yIRlHpWUneI95vpDyWNtrMXbpXfOPYyjTbhSYb8zMO2gA,Curtis Raymond,https://play-lh.googleusercontent.com/-EUSy7rshAQI/AAAAAAAAAAI/AAAAAAAAAAA/AMZuuck048wRKEQ8LYf3nqqB4VPxkSSa6Q/photo.jpg,EOM,5,0,6.0.1 (e1beb59-google),2016-02-06 04:32:09,,
gp:AOqpTOHtg_vQvDU2xs6vTlM4O6TWJFanvTxfQWqb9p5_hYtlj_aXRjdewlAVcfIhKgi0OfRkvVjMIJzW6Ai5iQ,Barry Hill,https://play-lh.googleusercontent.com/a-/AOh14Gh__oqdA1PWpNq2deJ6bieHjLHlfj7OIIZTQ6pFWO4,Works great,5,0,6.0.1 (e1beb59-google),2016-02-05 21:10:31,"Awesome! Thanks for updating your review. As always, feel free to report any other issues or any feature suggestions.
Thanks again for your feedback and support.",2016-02-06 12:23:53
gp:AOqpTOF2i3xTUbr-B6g8EncTdU4gA8as_vOf4-7Ed20pzyOzttvCwaCoQxHLKfvEzpd_JaV-Sfm3Ug-BuHuXLA,Brandt Van Rees,https://play-lh.googleusercontent.com/-VvtNFwsK9Yc/AAAAAAAAAAI/AAAAAAAAAAA/AMZuuclKDVCW5H9jl0ylUR8m9ynlnlOblw/photo.jpg,There are some great features to this app but having a toggle for openvpn is exactly what I was looking for. Thanks!,5,0,5.1.1 (e7bf67f-google),2016-02-03 17:48:18,,
gp:AOqpTOFlN--UZtWLz6gBiwaPcp0wKVDA2WmmYEtiVEvp37N7rztEVrZPM93RPN5A0uzerqxeJMhPxkkAStJqfg,Danny Vollmer,https://play-lh.googleusercontent.com/a-/AOh14GgvJy-dQKHv8bgTLM-b9_G24qwpHnSpnBWczAlScnc,"Works great, good job",5,0,5.1.1 (e7bf67f-google),2016-01-24 09:41:04,,
gp:AOqpTOE0CkGzq1V6ayOqOT1WMDzFoJeWw2ljaDoPJNw-Qq7akmYRodlTsBxvvYzc9J2GKaxBdttcsFtSezaRsA,Ryan Temoshenka,https://play-lh.googleusercontent.com/a-/AOh14GinFqTqSAtfC4sfTNWnGnYDklJzxNXmLxX17lUnjw,Great app,5,0,5.1.1 (e7bf67f-google),2016-01-19 19:08:20,,
gp:AOqpTOHKNTsC3dXTveeZ-05frrjyedBLRFLE7jqQEwAbUd_LZ0lFVGqI7ZRxCw-JTJNoncg8uM8CRtSOODqFgA,Joe Ferrante,https://play-lh.googleusercontent.com/-OWEUjIx6UoQ/AAAAAAAAAAI/AAAAAAAAAAA/AMZuucl53mwOKWVUJnkweVtls14J-08vqw/photo.jpg,This is pretty good.  I expected a bit more in capabilities from a paid app to interface with more of the router's capabilities but it seems to be getting actively improved.,3,0,5.1.1 (e7bf67f-google),2016-01-16 18:38:24,,
gp:AOqpTOFRHCH_pGk0agrUqRrji_0W35ulBQT5CNTEkUwdqOyUOSnHkYMLpLvr1gX38lX64BcAQFZWPi38dfQejw,Mathieu Vaillancourt,https://play-lh.googleusercontent.com/a-/AOh14Ggg8WyLXbpdsVqQ9wm9ymqhgTg41mPsQNYMOuL0-g,Pretty good app to control and monitor your dd-wrt router. A must have. Just love it. Don't find any bug yet.,5,0,5.1.1 (e7bf67f-google),2016-01-10 09:08:50,,
gp:AOqpTOG0kYadrhdUUnxMTOPmVpm8Kj4RixS2yZrg7YOCrCCfDuBO97Lc0jpeintCbUmyEe0reGtbrk5wA3-7Yg,Timothy Kulig,https://play-lh.googleusercontent.com/a-/AOh14GjhhGGtZ1zsffwlZEiXUBJWuAJWuFb1Yi9ksXle,Great Application - Easy to use. Plenty of options.,5,0,5.1.1 (e7bf67f-google),2016-01-09 17:56:03,,
gp:AOqpTOFRmM0LRUkXz5maqA4xtFbpQzAAS6i9WSnu7lg0aZ3TMwrYJbj19CbZHdpUGShYlNsosMCF-ke7zCxsGA,PuMa LoVa,https://play-lh.googleusercontent.com/a-/AOh14GhJibXL8GVaZASb-sPx6RNNEkj4zveLoLiCK6f-uw,"From what I can tell in the comments, the developer is involved in the upkeep and functionality of this app. This means a lot. Great work on a great app.",5,1,5.1.1 (e7bf67f-google),2016-01-06 11:36:20,,
gp:AOqpTOHhBCwzSuqb7l_eQ1zOT3vXA8tJVmyiBLRVU9zquKVcvWNyflM8NwmsxRHlafCiOb03WTactf_EiyHlfw,Andrew K,https://play-lh.googleusercontent.com/a-/AOh14GgxvgYFEZm1-IGSm3svUAn6RdJ9sNtXxfBbmPcXHQ,Perfect,5,0,5.1.1 (e7bf67f-google),2016-01-04 04:41:55,,
gp:AOqpTOHQ6SUOuJ-x6466m8WhvrCJbECqPwVQV23CP_Sbu0FiB2vJSazIEKTTl-195KJwTJonbGMSootBTemYPQ,Dean Rooker,https://play-lh.googleusercontent.com/-vVcyfxtRyUQ/AAAAAAAAAAI/AAAAAAAAAAA/AMZuuck_chEeJBk47AVAV1fPuMd1Oi9jIQ/photo.jpg,"Brilliant App.  Control of your router at your fingertips, along with good log information.",5,0,5.1.1 (e7bf67f-google),2015-12-22 00:42:25,,
gp:AOqpTOGYMvOozpKETL3dB0QsLzDiTqdrRTozytu9jx28tCOWTy59ZsUazSISe2Ac7zwab7f31gF-o2a97viOoQ,Levent Ergün,https://play-lh.googleusercontent.com/a-/AOh14Ggj2NZtSuITej39sRc_IOEQpzBB6D05--kgoNPfVA,"UI could be better but it is still pretty good, keep up the good work",5,1,5.1.1 (e7bf67f-google),2015-12-17 04:36:09,,
gp:AOqpTOHXqZaVyJvN4yNRmtwb7K82qF0krnY0biEsg9eDojQXSdcLLqntmja2X8z5KBxpyLIisKJuVOZF3zUcDQ,Jeremiah Toth,https://play-lh.googleusercontent.com/a-/AOh14GhfNEtDSdBJFeDCSwzEta-f7PMJ1SlFySL1D3Y_Ag,"As someone who extensively messes with dd-wrt and puts it on every router possible this is a decent app.  Can I make a feature suggestion? It would be neat if you could have programmable customizable buttons in the app that let you run a specified command from the command line interface.  This would make the app even more powerful for advanced power users. (Being able to have widgets that can do the same or show router status would be nice too, but I won't be too greedy.) :)",5,3,5.1.1 (e7bf67f-google),2015-12-14 09:34:21,,
gp:AOqpTOFGmoLrKv3f7GScUTUcJbnZDfrnmNC5A8EPrPwToVBf3x0u3KbXnbZwA1FIJzK20WAUjBkXH4aBD4hj-w,Rob Coy,https://play-lh.googleusercontent.com/a-/AOh14Gid272AhMqN0nEY8H64vC_JNtjMvhxmynofS0Z3GA,Very nice!  And you thought DD-WRT was cool?  Wait till you see this app!,5,0,5.1.1 (e7bf67f-google),2015-12-10 21:31:07,,
gp:AOqpTOEqquVu-Sy4v952QtDeDbDeX7wMwmCGiDFYoMR4rT2oeb55ne551AJULaX79xNThlXnakw5AqsFxM8imQ,A Google user,https://play-lh.googleusercontent.com/EGemoI2NTXmTsBVtJqk8jxF9rh8ApRWfsIMQSt2uE4OcpQqbFu7f7NbTK05lx80nuSijCz7sc3a277R67g,Great for monitoring my home wifi and limiting my kids access. It would be even better if it could configure the scheduled access restrictions available in the the DD-WRT control panel. Is there a way to transfer all the aliases that I set up from the free to the paid version of this app?,5,0,5.1.1 (e7bf67f-google),2015-12-05 10:00:32,"Hi Tony!
Thank you for your review and rating.
At this time, there currently is no way to export/import aliases. But due to  popular demand, this will be implemented in the upcoming version of the app. I've also added the scheduled access restrictions on the todo list plate.
Thanks again for your feedback and support.",2015-12-14 01:54:19
gp:AOqpTOHzIOKNiM1Y1MtwFiz9KoruDgTNUM5Yl7LhqILaHf7WHXe4eu7NR8UVbw9kLcMhZOlY-UGmyUTSyiHA6w,Edwin VonHermit,https://play-lh.googleusercontent.com/a-/AOh14GhJNoD92dGKvp5MPLW_tBmWCyXMwsqGqlLFpI0n7mE,Great app....just amazing,5,0,5.1.1 (e7bf67f-google),2015-12-04 14:16:13,,
gp:AOqpTOHl6O6u4E2bns3q2lTpKlpnP8brHIZmIz8IKv5_0q3ryqNYiwhNjty-UioXUxF5363k0MWPNn5d9c23JQ,Wesley Killingsworth,https://play-lh.googleusercontent.com/a-/AOh14Gj_b-D0sK6ksVlU6_w0tgFqpxsPfxp0xM0XrnDJuA,The app does a excellent job at showing detailed stats and allowing you to control the aspects of the ddwrt firmware running on your router. Five stars now that it works completely with Atheros chipset routers!,5,0,5.1.0 (93258c2-google),2015-11-27 18:26:00,,
gp:AOqpTOEIfaognukSMR5SZzBcjliLw3VhbTzKlb3pB44l_Bm1TUPi04YrT-voV3hkeOnOEkcp8rk5W7dZWkRpsA,Rares Hornet,https://play-lh.googleusercontent.com/a-/AOh14GiPlyqO28km449HG6QrYZNagx-LEO9jlR6P3BcVu9I,"i found that there's a list that you can choose what firmware is the router running but its only one object, ddwrt, which is odd...i mean if its only one choice why make it a list...hopefully because you want to add more support. Any chance for open wrt? now that both wrt projects are merging would be very cool to have the possibility to add my openwrt routers to the app. i mostly use it for vpn and wol and its awesome! thanks for the app, but show us a bit more love ;)",4,0,5.0.0 (a26b47d-google),2015-11-24 03:36:17,,
gp:AOqpTOHM_OtdokNBsUd55xrDIL4VsWTfNVMgF6VEXUAq7YynftWp0THbK-gsYeP39WvWBBTPIuASa44iIDuhbw,Harvey Anderson,https://play-lh.googleusercontent.com/-eLwK4gyOnBg/AAAAAAAAAAI/AAAAAAAAAAA/AMZuucnVWa_bD45mOqi1TcSZQxP3NaSsOw/photo.jpg,Did not work with dd-wrt v24-21061 tried to get it to work for hours. I was about to give up when I read a post about v24-21061 firmware. ssh don't work in this firmware. This should be on the developers website. Would have saved me a lot of time .i updated to v24-21605 and it worked great on my router netgear wndr3700v3,4,0,5.0.0 (a26b47d-google),2015-11-21 20:45:08,"Hi Harvey! 
Thanks for your review and feedback. Indeed, some firmwares revisions (such as r21061) reportedly have non-working SSH servers - this is written in both the Play Store app description and the ""FAQ"" section of the app website ( http://goo.gl/jVjeqx ). But perhaps not stressed enough..
Anyways, glad to hear you sorted it out.
Best.",2015-11-23 08:25:18
gp:AOqpTOGPusk-cS5rmHQ3FSRsxTNS4PqT1FsMQCc7YUfeJbWTgqnMsWQV2WCNjTppGucq3bw120WZkhHU1dyJdw,kyle breinholt,https://play-lh.googleusercontent.com/a-/AOh14Gj9wNos_7KzR3s5_YO-yVZnwO8lcxRflWHQPdWqAPk,Refresh is slow or doesn't ever complete. The controls work well.,3,0,5.0.0 (a26b47d-google),2015-11-17 19:43:59,,
gp:AOqpTOGcnMsxnp4VQhiRouWkWcGq_jt6xGnQAm7HmsIS9sa_nVbiWFmyQyBMN1_IOwm_-3OuLZDllSpmPbftNA,Marcial Mehilal,https://play-lh.googleusercontent.com/a-/AOh14GjdjQ3uGvd-86x0PNjG6vcsrZ6ADEdViSYC8Pu98bM,Convenient,4,0,5.0.0 (a26b47d-google),2015-11-16 04:35:15,,
gp:AOqpTOHcLyiQWoHLZMlkCNj7gPqDAohHka618tKEZNYwcpoAvE1iD1xZ960DclZ3QRf9yFUCxPGQv0v9x3cP9g,Richard Simpson,https://play-lh.googleusercontent.com/a-/AOh14GgU1q4YOwya3Ue94xoTyi40rfCYxnk-O_ijCMGMPaA,"This is a great help monitoring my router and clients, and bandwidth.",5,0,5.0.0 (a26b47d-google),2015-11-15 21:48:26,,
gp:AOqpTOHNCSGfLN9hwYHRRTZyHq4kEzWpPgMnkkZlsXZicVa_oVg6J6R-OkxbFZCcU5rW15M9CVosrD-idVF3tg,sriram yelugam,https://play-lh.googleusercontent.com/-HVKfDNedmrc/AAAAAAAAAAI/AAAAAAAAjtk/AMZuuclYvJbTka1NpRoEktf80ynojfIxjQ/photo.jpg,Good app serves the purpose,4,0,5.0.0 (a26b47d-google),2015-11-11 10:33:34,,
gp:AOqpTOGSNoKoWvdtBAiGBVYt5pZsqX2N0Du6ZW4OzxL5TmrENo3-qtpO-Flpr53j1bynHxtQfK7xTrrkxeYqfA,Aleksandar Milenković,https://play-lh.googleusercontent.com/a-/AOh14GjNTtUUCQayExaEz969Y35E3tASRuwhv1LgJxPHHw,I was looking for this kind of app a long time ago and this is great...Keep up with the good work,5,0,4.0.0 (595eca2-google),2015-10-10 12:39:09,,
gp:AOqpTOGC6u932Isz6sbcMkZjexoQ-A5NUI9-bfoaBvAb6yhJZIzmmd0r0qfEBy8qi60vhREyz9aheokgafGOOg,James Chistopher Villaflor,https://play-lh.googleusercontent.com/-y1iiHnLVCsA/AAAAAAAAAAI/AAAAAAABC-E/AMZuucmVhVEu_Ps3s7vdiNdXFcAbnFhGpg/photo.jpg,Love it...,5,0,4.0.0 (595eca2-google),2015-10-09 08:16:07,,
gp:AOqpTOEfGYtKWFDA1x9TtLohfjVJL72g1cCzxx6ArRY1H5iYVv0NQ-PSVMgYI43qHNliOQtpoW_C-yPgAge97Q,Julian Breeden,https://play-lh.googleusercontent.com/a-/AOh14GjjEo3jpuH78vo4s-sWLobQvNW2GKGJK-ccfCo_hcM,Very handy. Thanks dev.,5,0,4.0.0 (595eca2-google),2015-10-04 22:48:13,,
gp:AOqpTOFmWerOxLcLAqhubhctaP2MbLiLUzmP3-w5uMZEG6baMuvqmS4L_qM4kJwk_Vb9Qdu0-pgjjcDNkKFSPw,David Still,https://play-lh.googleusercontent.com/a-/AOh14GjjS2YnyS1fSMMzFXfhpEbz5z_xW-03fJ1lT2b2XA,"This app makes it very easy to connect to remote or local DD-WRT routers from your phone for monitoring and maintenance.  If you have gone to the trouble of putting DD-WRT onto your router, you owe it to yourself to try this app!  Well worth the $4 price tag (at the time of this review).  Word of warning: there is a ""Lite"" version of this app, but it is not representative of the experience of the paid app: WAY too many ads (even for a ""Lite"" app), and frequent crashes.  Try the pro version instead; you can request a refund from Google within 2 hours of purchase if you don't like it.",5,0,4.0.0 (595eca2-google),2015-10-02 13:53:53,,
gp:AOqpTOGavRDxPBwjOdBYe7V5a-NbhrdWEdHdvKgP-zb2I3qAgVZOLSDfuRnY-8Z2s38PsONvv9QsozStDGf3FA,Jason Keith,https://play-lh.googleusercontent.com/a-/AOh14Gi-EowQZfDy2yqqeCNf6-SFYvN7QjBdsG-u3BxbiEA,Works well with my R7000 running DD WRT,5,0,4.0.0 (595eca2-google),2015-10-01 11:27:53,,
gp:AOqpTOHYtsLQnM12AD6Gq7ba5apeh7UwLUF9NH6fLdWmHuTWOOWPaBfeOrEb_FP6auXKQ0lc-Uym76N8OvaUJA,Dan Ellis,https://play-lh.googleusercontent.com/a-/AOh14GjBZ0gfcrax2VnstWGnz6Cn5xcBNGVd-dmE5Lce,I can limit my kids internet access from phone?  Totally awesome!,5,0,4.0.0 (595eca2-google),2015-09-30 20:28:40,,
gp:AOqpTOEOyoeZqYvSZ3Yx5xdZyr1QesqJa9g18NZd4OlPicBXH6jSpYjf77_SFenPHmTR4YhlDGfq2vHvZXhbDw,Gabe Widmer,https://play-lh.googleusercontent.com/a-/AOh14Ggcg2_o6viOcx-PcpvnkugnS8zPTHMAUOT_8IgpHw,Had to buy the non add version.  Very nice app and companion to the dd-wrt webui.  Works with the latest beta builds of dd-wrt.,4,0,4.0.0 (595eca2-google),2015-09-28 22:38:13,,
gp:AOqpTOFie05KxfcJ5lhSdyz01g_0Yfuo11ml5HIbLqSbVXZp3hwH1YOFDkBKaQrTH_iLdbpgkGoFg-WKTvzIvA,Musaed Almurtaji,https://play-lh.googleusercontent.com/a-/AOh14GjYRHoXsk9HshN-tf3XADnXgiAy_SkomggkN5Hi,"Great app ,bought it to support you thank you",5,0,4.0.0 (595eca2-google),2015-09-19 00:35:55,,
gp:AOqpTOGq2V5LHhXE4HvN-pN6Dq2yP5EZu8SCOEnSibfaav5a4Y3nyC7NZHIv_WEltM6vV-82NwwAtS-6xDRW3A,Solar VaporGuy,https://play-lh.googleusercontent.com/a-/AOh14GgMVrZTs5ISWg5dULpoLDLK07p2g-ocq9DojgFZ4g,"This app is amazing. Sorry armel that it took me so long to review this again but I stay busy. I can control all of my access points with this app now. I own a large farm and needed multiple routers and repeaters outside to utilize may network efficiently, this app allows me 100% control of all routers (3) and repeaters (4) .. I now have Wi-Fi on almost 25acres and this app lets me monitor it all. Excellent app!!",5,0,4.0.0 (595eca2-google),2015-09-18 12:04:14,"Hi Tom, 
Thanks for your purchase and feedback.
Can you send me your Router model and DD-WRT Build Number at apps@rm3l.org, so we can look into these issues? As written in the description, the app assumes that the Router already has a fully working SSH server on file. But some DD-WRT Builds reportedly have non-working SSH servers.
Thank you!",2015-04-10 15:40:12
gp:AOqpTOHvegVE89BYsjxliQ497euxusV3GivRu905qbTe85y_Anp5aBsfAdZJxNRGvqSTt1fjI6TqL1xk5J6zOg,Paul Rowlett,https://play-lh.googleusercontent.com/a-/AOh14GhEauNagIM7lO6qh79-3m2L37j-WcTdqu1V5wEa,This is awesome,5,0,4.0.0 (595eca2-google),2015-09-17 21:09:47,,
gp:AOqpTOEVLT5cquRlknKHHO8haJlO5UIW3Dkqt-3W4x5Tk5cmhaPWTn_Yg9kXZdgtuNQL4xkIe4OnNrT-sE-G5g,Tim Fisher,https://play-lh.googleusercontent.com/a-/AOh14Gh6lpcI_iZyxQLMcNPKeVN59nwPu3Dlr-UaVpU1,Works beautifully,5,0,3.2.0 (d033d05-google),2015-07-24 19:47:31,,
gp:AOqpTOElHRWDDrr_cyE-EpgSb7M186d4eUFkRYeX6seBYt69KcF87uKKuVWnCUYfkwsXTEH3uAKaHcTawVvolQ,Jonathan F,https://play-lh.googleusercontent.com/a-/AOh14GhAI_vWK72oka7uEppuWoJkkZL4QwzvPB4veJWUew,Worked at one point getting java ssh errors,3,0,3.2.0 (d033d05-google),2015-07-21 22:22:42,"Hi, 
First of all, thank you for your purchase and feedback. Sorry to hear that. 
Can you send me the following info at apps@rm3l.org, so I can look into this issue:
phone model, Android version, router model and DD-WRT Build Number
Thanks and looking forward to hearing from you.
",2015-07-27 01:10:40
gp:AOqpTOGmBg0WtW7sa9U0UlsLBcAwXELF9P2QNnqPyHsIbhXOSx9-mDjaVLyvgJWn_M5eLTL-Uue9alnrKbwf7w,Jos Nienhuis,https://play-lh.googleusercontent.com/a-/AOh14Ghr81VgjtHbyi1_fL4JUGLPYw1_TmOw8IiCVkDv,I currently have 2 configurations for access thru Internet and lan.  Could you maybe add network detection and use alternate ip/hostname when appropriate (such as connection to wifi with ssid) ? I got a couple other apps running like that such as dsub and transdroid,5,0,3.2.0 (d033d05-google),2015-06-05 14:08:51,,
gp:AOqpTOGrHREAwGeYA9Rxf8N34MxVkru1tlaiKzCyzl5Bvxp8Jao1sgpWHybsjZHiE2BhiNKQWZ__pEroDuwWvA,Herbert Graf,https://play-lh.googleusercontent.com/a-/AOh14Gh-N8jV4K-T6k9JMEKX80wZpfiwFSHl42TdLfNZCA,"Paid for the app, tried to install, got unknown error code 505, no idea what that is. Waste of money.",1,0,,2015-05-31 07:49:38,"Hi, First of all, thank you for your purchase. Sorry to hear that. It seems that this error may come from multiple users installing the same app on a same device. Can you check that and if needed, reach out to me at apps@rm3l.org if the issue still persists. Thanks.",2015-05-31 13:14:01
gp:AOqpTOFbqTIiP7_03nqos_-f3D_EuuAr7fLlZ10Gw1c8Fo5R7IEnIZ0I-0JMFFZ1eXQYQcrZbKU3OZFVlj5xww,michael tullock,https://play-lh.googleusercontent.com/a-/AOh14GjXrTQA3sTx231lQscKKyxhqxwrbjJsWcj-5-cS,"Use the app a Lot, make showing things to customers easy",4,0,3.1.1 (d84559d-google),2015-05-05 18:37:10,,
gp:AOqpTOGLAWxa9Y6WFwnJAZSG7LBASKd5SHvQv_hUU4XhCf_usskssWiM9h3kNapZTUMlu7Rfv8pEUC3vRA8lMw,Larry Kahn,https://play-lh.googleusercontent.com/a-/AOh14GjXeiUzTEFC2V9331-uU_qPyh2mVfM_CcBRZIr6jg,What happened to the traffic graphs,3,0,3.1.0 (9743189-google),2015-04-29 06:02:08,"Hi Larry,
They should still be there. Do you mean the WAN Monthly traffic or the Clients graphs (or both)? The WAN Traffic graphs are in the ""Monitoring"" section of the left side menu. And there is nothing new with the Clients graphs feature.
Please drop me a line at apps@rm3l.org if the issue still persists.
Thanks!",2015-04-29 13:44:50
gp:AOqpTOFNnY9sSH2PuLvjtq99URLHY7EVeF2doY8UiDfDmgHEXP_AtBr63VwOVTxTkhNnHl8HEsYXX2_f9aREWQ,andy cunningham,https://play-lh.googleusercontent.com/a-/AOh14GgaSZ6DeuciJb_hA2wHM57qkmYSz0X2efcLI-uh_3A,This App did way more stuff than I expected its great for seeing what going on with the router when you are out and about well worth the money if you ask me,5,0,3.0.4 (4d5c591-google),2015-04-24 14:43:12,Thanks for your feedback and rating! Glad to hear that the app is useful. Feel free to report any issues you might run into or any suggestions you might come up with.,2015-04-28 13:36:48
gp:AOqpTOFiZm4jKBsT1bK7nul10895_sAwuRDfoV7Un5NXUjcd1hWA0Oi8-a_u30_5q2DmrceWVZKL1_Uc2S6gNQ,07internet . ro - Stefan Lazar,https://play-lh.googleusercontent.com/-pPr5vokBHak/AAAAAAAAAAI/AAAAAAAAAAA/AMZuuckiBg5-e4bbJNt4qOIxYznGvdGcEQ/photo.jpg,"I have ddwrt v24-sp2, 03/25/13, std, on my linksya and I get error, cpuld not conect ... java ...",1,1,3.0.4 (4d5c591-google),2015-04-11 08:17:04,"Hi, Could you send me the exact Build Number (Status&gt;Router&gt;Firmware Version in the Web Management Page) at apps@rm3l.org? Also ensure the router has a working SSH server (see the official instructions at http://goo.gl/2dBCkl ) and that you can manually connect from a computer using the same credentials you provided to the app.Thank you.",2015-04-11 11:38:20
gp:AOqpTOGfgKckbdDn55hXSU-YDDa4hpgGCiMsjvMuT0840CzHfWn2lWFgQ4Qr3bfEiu8ww2RgfmrRjrXR-mAQnQ,David Jeffers,https://play-lh.googleusercontent.com/a-/AOh14GjhnfJIWol6CjPLbmaCDXUkMmBYBkafMlw1pKeJ3f0,"Does what it does great, 5 stars if I were reviewing it as just a monitor. But for something called a companion I'd like to see some new features added in to make the purchase really worth it though. Being able to change settings would be helpful, or maybe notifications of new devices connected, desktop widgets maybe? Not sure...",4,0,,2015-03-29 19:06:41,"David,
Thanks for the feedback!
I have the feeling that most people feel comfortable updating the router settings from a browser, which generally occur every once in a while. Anyways, I'll keep adding more and more management features to the app.",2015-05-01 13:37:31
gp:AOqpTOGzMRlhG87N1d-OFN1yrazTA7lyufllkSwxHQ6x0w5fLr5oRG-Ts-6QvPu4-f9zC1E2tV00MaiPvKjGjA,Azher Mohd,https://play-lh.googleusercontent.com/a-/AOh14GiuRGywt1_MuM1NLuWonJCLPHgLwxuCWbNnK5fvug,Just purchased only to see a tasker plugin in the coming days..,4,0,2.1.1 (bbbafcf-google),2015-03-08 15:16:56,"Hi Azher!
Thanks for your feedback. Finally, I'm glad to announce that the long awaited Tasker plugin is now available for download as a separate app. 
Check it out here: https://play.google.com/store/apps/details?id=org.rm3l.ddwrt.tasker
Enjoy!",2016-09-22 14:24:45
gp:AOqpTOF0zcK5f1DLqazHgWFRDqurBx7B8TbteOr2YUaO8RELfuAfCQMwFtAMU3gfrHNwYShbOO6XsSlODPVnPQ,Stephen Stangeland,https://play-lh.googleusercontent.com/a-/AOh14Gi4rxnFA_j4iUqt3LF6P7p-WIE0iJsqQf7iehcr,"This app is awesome.  Keep up the good work.  Be advised, if you are using a Netgear WNDR4300, do not use the recommended build, the SSH does not work.  Build # 23919 works good so far.",5,0,2.1.0 (e6cdb04-google),2015-03-03 19:29:00,,
gp:AOqpTOGcpzsrZJS-zUpVGJE-HZ0abXHFW_hzHQh8OMSOmen-f9aiZr9VGXTNCgfO8vU9WN4b23wNoeFuvjDmeA,Nathan Goss,https://play-lh.googleusercontent.com/-k0nmP0vffdA/AAAAAAAAAAI/AAAAAAAAAAA/AMZuucnd3NZevK3bFKBXerxCSMESde-4ew/photo.jpg,Great app!!!,5,0,2.0.0 (44fae14-google),2015-02-12 11:57:31,,
gp:AOqpTOFW6RnslSZq_UUCCbk9D8F4UhmFH1lyorPk6D065WCBqcilhf0ihXxLPWAwMuaitIxOo0PcE1ms6pZw6g,Vio Tamas,https://play-lh.googleusercontent.com/a-/AOh14GjoIpExLXpYZodKCa7sduOu04WgT2v2iNuqH9QPdLk,I was looking for an application to manage DD-WRT OpenVPN client settings for a while; I run into this and I sent the developer this feature request. His response was very fast and he added the functionality within a couple of weeks. The application works great and I am sure he will continue to add more features and improvements to it. Keep up the good job!,5,2,1.3.0 (066def6-google),2015-02-04 20:23:34,,
gp:AOqpTOGXuKfSFvvAc3skfcLr_eKOfKoo45OKLPO84oHHQEp1ENYKZTdbF3z-R7-gyCi2LYKpQsIrajIQzfO4Zw,Jerred Clavadetscher,https://play-lh.googleusercontent.com/a-/AOh14Gis92XES_j1OVgLH-6yjU7qf-odOPQfcIS8vXTOfw,Awesome App! Works Fantastic w/my R7000! Keep up the Great work!!,5,0,1.3.0 (066def6-google),2015-02-01 01:15:18,,
gp:AOqpTOG_QsvYlTUvbnjN5jWOLKBlkLuErap7wthWwmw4Hh7_tgUHq67ikCCjtZOaUI0OR6ovUeYErsj5HSRSJg,Wayne Jamal Williams,https://play-lh.googleusercontent.com/-Swt97jR46Fg/AAAAAAAAAAI/AAAAAAAAAAA/AMZuucnKRoDW51hJYa3z43s0ioFHlleaPQ/photo.jpg,Outstanding App and Support! I received prompt response and fix from Armel on every issue I encountered. If you own a dd-wrt router this app is a must. Trust me you won't regret it!,5,0,1.2.1 (03eb79b-google),2015-01-20 11:31:13,,
gp:AOqpTOGQfZgActwwYyiviQfSfZIpjYhHmnhLtJqsFXgAB4GU7yX9vx03FEYGnUpx6sqOBE8ZVsSCzavL86tAFg,Patrick Flynn,https://play-lh.googleusercontent.com/-OwwZ5BLNTgE/AAAAAAAAAAI/AAAAAAAAAAA/AMZuucmDmiaxIqpWx67PgdKkNraSNM2O5A/photo.jpg,Missing one small thing: OpenWRT compatability. There are very minor differences between the shell inner workings between DD and Open. I hope it gets added soon. It makes management of the DDWRT aps effortless! Now just my OW router...,4,1,1.1.0 (bea959a-google),2015-01-08 17:46:43,"Thanks for your feedback, Patrick! I currently don't have OpenWRT to test, but this is something I've added to my todo list plate (along with Tomato support) for the forthcoming releases. Thanks for the suggestion.",2015-01-19 09:17:31
gp:AOqpTOErHAgmpohTtVlTduXYH-9P6K4teplp7MmcDQNKkZLZug-svXvaDxcfBcTWcYfgxpQf3nCABz8ckZse0w,Cody Dean,https://play-lh.googleusercontent.com/a-/AOh14GhMeN7e_-R2JHiY1Ngt-ubps4-ZyWqWbXc6d7infLA,The app is great and the support is top notch!,5,0,1.1.0 (bea959a-google),2015-01-04 13:58:29,,
