reviewId,userName,userImage,content,score,thumbsUpCount,reviewCreatedVersion,at,replyContent,repliedAt
gp:AOqpTOEt_dfreHCuIndaRBF7zVMmndWVpFue-FvZ6P-lIzUqRSFhj4jIbMKIwG6N3UxoQWgLj7UxNWXHqd2KmA,Meir Kirsh,https://play-lh.googleusercontent.com/-SgYh5ZcrQWo/AAAAAAAAAAI/AAAAAAAAAAA/AMZuucnscHQr0SM8IczHE4eUHoC24g8_2Q/photo.jpg,אני,5,0,1.6.6,2020-12-12 20:41:27,,
gp:AOqpTOGY7oPb9XeWBWDXP8TKt8fYww6EaN0L_jK_jBRwmVtY99ks4tIQivvUa0wqNGo_51JouhdgtyeSGo2QhA,Samuel Raphaelsohn,https://play-lh.googleusercontent.com/-6naiNZf_xBQ/AAAAAAAAAAI/AAAAAAAAAAA/AMZuucnMKr1S5Hl4KQXlDsSpWA7ivesrXQ/photo.jpg,"User has a useful option to increase the font. Sometimes the application increases the font, when the user just intent to prevent the screen go off. After returning the font to normal size the user cannot easy find the place, where his prayer was interrupted. It is very annoying during ""tefilat amidah"" (Shemona Esrei). It would be very useful to add the setting at which the user could selectively disable this feature.",4,1,1.6.6,2020-08-27 12:31:23,,
gp:AOqpTOEDXWo6LeGggczad-baFAGbakKPyoheQ5273B20dTpVeCKaQ3gpub7dyCJNju2DqYDPFpIgIzLjfYhR0A,Shmuli Reinitz,https://play-lh.googleusercontent.com/a-/AOh14GgtAb2FfNRTmxwocE_dY8d7tjy4yTK54HS4kaba6w,"It's overall a great app, however I found 2 minor issues: when I use it in landscape mode or zoom in, it's blurry for a few seconds, and the nasi that said on the phone screen now (in the month of nissan) is a broken link",4,0,1.6.5,2020-03-27 11:53:46,"Hi, 
We've forwarded your feedback to our developers. Thank you for taking out the time to send us your suggestions!",2020-03-27 11:56:45
gp:AOqpTOElg_8FBbrqC9Y2-mbPdJnw-7Erolx1iBq731rT4oVJDEI9KNzLllQVxN1_NbrzHxzngxQpNZN3Cr2h_A,Peretz Bronstein,https://play-lh.googleusercontent.com/-1H1Ol-yfn_U/AAAAAAAAAAI/AAAAAAAAAAA/AMZuuclRIXVLVGBEWHl7vEYCjo0FIH4JGQ/photo.jpg,"Siddur has a bug and scrambles paragraphs. Reading psukei d zimra and suddenly shmoneh esre appears and replaces next paragraphs. Happens throughout. Update: just uninstalled and reinstalled and looks like may have fixed problem. Other than this bug,, siddur is a pleasure to use and very good features.",5,1,1.6.3,2019-11-27 07:27:34,"Hello. We've reset the data and everything should be in order now. Please check again. If the issue is not resolved for you or if you have any other concerns, please email us at appsupport@chabad.org.",2019-11-28 05:48:19
gp:AOqpTOG2fOhIDXAstjja3g3wVNNhhF2d_-Z4bIPBhyNqwSwpAEb8L53uUiy4M_i4MnqRocMVgTFF0OrqYs3YAg,אדם פאפער,https://play-lh.googleusercontent.com/-9IOyR7pOH0M/AAAAAAAAAAI/AAAAAAAAAAA/AMZuucllFMbiLmL5U_7E800C6VqAvceYQg/photo.jpg,clarity of continuity could be improved. format of isn't always the same as the Print version,4,4,,2019-04-24 11:54:44,,
gp:AOqpTOHf2Cqd8I9PdWOscaLB7ECe31i_zKGCqY4s_PlA2TT8wyGjMZUsxJFyuWJO9uCVqU2ypSzwTp1J6b_LIQ,Yosef Chartonov,https://play-lh.googleusercontent.com/-6ha4Q0rM-hY/AAAAAAAAAAI/AAAAAAAAAAA/AMZuuclsqklixzidj49enxQp2LVxUO15Dg/photo.jpg,It does not have Erev Pesach i.e. Bedikas Chometz etc. 2. The Nossi is not lined up probably with the Yehi Ratzon of its day. Thank you if you could correct these mistakes.,3,6,1.3.7,2019-04-02 06:28:02,,
gp:AOqpTOGCdcVwsxPqbA7amnxi-dJAiEk_f_tGS5eGiiDcnHdP9ZxhlYxy-8ZkCBBuSMDaiym6KzCOSH8mLwOA3A,A Google user,https://play-lh.googleusercontent.com/EGemoI2NTXmTsBVtJqk8jxF9rh8ApRWfsIMQSt2uE4OcpQqbFu7f7NbTK05lx80nuSijCz7sc3a277R67g,"It's good - but also limited since half the siddur missing! Just because we 
don't use our devices on Shabbat and Tom tov, is not a reason to miss out 
those sections of the siddur.",3,7,1.3.0,2018-05-07 22:17:02,,
gp:AOqpTOFSS1vn7BUX-gTRCc-BVyzGw4ICpGVhazsnB4QuZ4Ox-Vz2lEnfHqzpk1vSv84mHhBtgC2-xhXvYzo7SA,Yechezkel Rapoport,https://play-lh.googleusercontent.com/a-/AOh14Gg0nK6yn_dNXWI3PuZP0Y9ByX8dOyyzoSR_HrkHWA,"When I opened maariv after midnight 5th of Iyar, sefiras haomer was showing 
21st day that should be counted next night. Serious problem.",4,3,1.2.9,2018-04-20 00:24:06,,
gp:AOqpTOGTqmwi_K3QUYqV2C6c81nqxMyr_Z-N0_bXQcr3Ijipy0vIp8fImJotEKrVWGUTVwoYGjArkBnSTX3Nvg,A Google user,https://play-lh.googleusercontent.com/EGemoI2NTXmTsBVtJqk8jxF9rh8ApRWfsIMQSt2uE4OcpQqbFu7f7NbTK05lx80nuSijCz7sc3a277R67g,"Please fix minor bugs, and add tehillim app link",5,1,1.2.9,2018-01-16 12:35:28,,
