reviewId,userName,userImage,content,score,thumbsUpCount,reviewCreatedVersion,at,replyContent,repliedAt
gp:AOqpTOGZbQRlyAarKf949eyVUOGuWn3fcwVx4VoYaXeBmp372Ul7VPCJRP8FM5lCZPNWHuTvJtLDQdSw9Kr5,A Google user,https://play-lh.googleusercontent.com/EGemoI2NTXmTsBVtJqk8jxF9rh8ApRWfsIMQSt2uE4OcpQqbFu7f7NbTK05lx80nuSijCz7sc3a277R67g,"I love love love this game! I've played it so many times, different paths of magic, different races native to this world, or just different choices! Each time it's like a new game. But when will volume/game/ come out? When I asked a few years ago, I was told the author was working on a book, I think, and WWU 3 would be out in a year or so. That was at least 4 years ago. Is it in the works? Thanks! I do love this game!",5,8,1.2.5,2020-01-16 18:52:39,,
gp:AOqpTOHij8J8lKL7oQ9hPVXSB-yrdYpNGiKuAFQet0GbBIy7oQAnwUu11UE1yeuw7AIpHi38BIVm8tQ09fQ2,salty spoon,https://play-lh.googleusercontent.com/a-/AOh14Gjc2zBUTOSWevVIaMvK04oUu7ripu2uPvilO_pWe48,this is pathetically short. at least make the parts similar in length.,3,5,1.2.4,2019-06-29 11:34:51,,
gp:AOqpTOFmrXLJiimohfAsHZZ2gfQYhxsu7k2r74M0fmPX5EXMukkaMyO-Vn5HuEU8qfV8TUe-6mtbSO6Gxo44,Jennifer Kraus,https://play-lh.googleusercontent.com/a-/AOh14Ggt1TgPdwWzU5Ha3LUCi5dUifWIO7C66Y7h19QJ,I really liked part one so I purchased part 2. This one was even better. I love how there are soooo many different ways you can play the MC. So many different choices through the game! Absolutely can't wait for part 3!!!,5,4,1.2.2,2019-05-26 06:41:50,,
gp:AOqpTOHkCtYS55NmFC9D_4GahdSpjaYUeRUyip69-Kqx-hnl0JgsJ7fh9QBQw0kdKzBDrlvrLRy7Ob6fGzsm,Josh Rosario,https://play-lh.googleusercontent.com/a-/AOh14GgPceBbhfJbVJ5Vv3Wm8YvV_FPHpneO_po6vllb8g,Felt a bit shorter than the first but thay could just be me being unable to stop playing,5,0,1.2.2,2019-05-15 21:27:29,,
gp:AOqpTOE0WaXRrVM513_iGF9m4kUrAm2FPvama36inrFlZw7D3_CxynqNm20wVJgo3h9eA_baEaUMeWFIrljW,chris crawford,https://play-lh.googleusercontent.com/-JAROxYRcSrc/AAAAAAAAAAI/AAAAAAAAAAA/AMZuuckCnFimWNF3iK_rmtQScX4idRj9ow/photo.jpg,great story ... too bad part 3 never came out considering its been like 5 years now :/,3,4,,2019-03-10 10:54:03,,
gp:AOqpTOFJm6JLLDYbJTEQtj0uTUgLhF9F_rYzmH6dOeH7bWe9dXcmnXYiywtIJlrVSqd9Ra3F8LGEN_dyjR1Z,Nathan Tobin,https://play-lh.googleusercontent.com/a-/AOh14Gg1HsrEF2ydsHAlkzedt4ldW0oleiSIllHmv1Rp1w,"i loved this game, and i hope a sequel is in the works...",5,2,1.2.2,2019-02-24 20:53:08,,
gp:AOqpTOEaduEpbK8XxHh6Yijk7SwiewaRevV6HxYmCPKs26loaEZ5svt_WsPUxIImhMUMyfd3alAZ9i-kKz5p,A Google user,https://play-lh.googleusercontent.com/EGemoI2NTXmTsBVtJqk8jxF9rh8ApRWfsIMQSt2uE4OcpQqbFu7f7NbTK05lx80nuSijCz7sc3a277R67g,"I love this Choice game! I really wish they would come out with the 3rd installment! I'm dying to find out if the woman is guilty, or what happens to the vampire! Very engaging story and characters. I've played it numerous times with all the different ""ways"", hmm, except the healer...gotta go, new game to start!",5,15,,2019-02-16 10:02:03,,
gp:AOqpTOGe2Nertgm-AVFQHJ8DqgSbFzsRA4_y2s6CHM1e3aGJbcTt0iocAJ1J17GlySqBHHurCW2OBtskuIEF,Sheaon Thirteen,https://play-lh.googleusercontent.com/a-/AOh14GhYA4131TDTh9f1_ZClNr-Wh96prs75sejPoAQCpw,I love this series so much and am anixously waiting for the squeal,5,4,1.2.2,2019-02-06 22:12:50,,
gp:AOqpTOGID7HKzqI1AuqhiTEUi4NnTMJa8lGcwr1tvzPxLke-XddAgZ9WzxQkSJYXy2d-e2ePxlNpn-hzs_TP,A Google user,https://play-lh.googleusercontent.com/EGemoI2NTXmTsBVtJqk8jxF9rh8ApRWfsIMQSt2uE4OcpQqbFu7f7NbTK05lx80nuSijCz7sc3a277R67g,gripping as hell,5,4,1.2.2,2019-01-19 19:28:47,,
gp:AOqpTOENNzY3GgMIdlNb47VLgxsuSOyU2s-yN-MmG3e2NDsdEsY2Wdw2fiLgmYgudKoWNuBxWRTyaznJ5o0k,Collin Pate,https://play-lh.googleusercontent.com/a-/AOh14GjWljVVBbV6T2MCH02MDJkq3OhIIYlSF04MuE35ew,"Love the game. But feel like some of the ways aren't really getting used much. I find that it seems like while your character is going through all this he isn't learning like he should or that some of the abilities aren't beimg used in their full potential. Like being able to see the future qhy can't you use that if the your character gets into a fight, like a quick glimpse into it. Also why can't your character be a specialised mage like Sem.",4,7,1.2.0,2018-11-06 14:32:31,,
gp:AOqpTOF2yg2u8QH2K7z2minyxRogjnayZD8LlbTRvqtxg_p4FhzFEg2VVEtxBiq0RgTKgL1rGDAXFWaJERHa,defectIllusions,https://play-lh.googleusercontent.com/a-/AOh14Gg5F1icIeQreDzH386iA-stN4ZjVZsH-g_xDSO3-A,Amazing! Absolutely the best. I'll pay you more money - like a pre order fee or whatever if its gets more soon!,5,4,1.2.0,2018-09-11 02:18:56,,
gp:AOqpTOGr4xbw_dB5LUI_46cDR3mOPKuhxUQWtVID0gvhCJcWNKdfIhHCRvB1MdBVSxkcbT4WI3wBA3nRB4QY,betterdead thanred,https://play-lh.googleusercontent.com/-SKwZ1w9vYsg/AAAAAAAAAAI/AAAAAAAAAAA/AMZuucltuKec6TpH0BY2KYBxhxYz4qFFVQ/photo.jpg,it's alright in that it is well written but there really isn't a lot of decisions to make or alot of major plot to be a part of. Feels more like it should have been a couple additional chapters to the first game as opposed to it's own game. Still like the series enough to buy #3 when I finally comes out.,3,0,1.2.0,2018-09-08 19:29:26,,
gp:AOqpTOFw5AsG7u4RKgEpa-xhqYJUU7r-zftKKSvpzWdFC659PT7a9JGg_9mXlGiqtZDP3oGh4wRJj8wBHoWG,Joe Kuehn,https://play-lh.googleusercontent.com/-TY9hP8p429M/AAAAAAAAAAI/AAAAAAAAAAA/AMZuuckn5gyi2HnK9FnAP3ws3modjfgSAA/photo.jpg,Still holding out hope for 3!,5,0,1.1.0,2018-09-05 01:09:24,,
gp:AOqpTOF8Yc17GOl4YyhT0dVgbhpvaIiEo3DxSQI9V_NUiNYXHsWPmc4jG93OVJxA2F-rVvuEGKTXHwJgnytb,Elade waterlow,https://play-lh.googleusercontent.com/a-/AOh14GhaZ4aDplRJ0MTX8KOeckZCSZbyu_QSfV8vwP0v2w,Amazing cant wait for part 3 hopefully theres more choices to make,5,0,1.2.0,2018-08-28 14:32:05,,
gp:AOqpTOE9CG0WMsj8trANyeDn7f6TrTA-ZqvyBpmwcdOWP6Y9JybjfB4VPmIyjFO3glW8v1f4S30UsU9GPmNR,Khristian Duncan,https://play-lh.googleusercontent.com/a-/AOh14GhmjtKNXbAb-_ii7bUEEUPQTxhVMKDf9jwdGe31,"This sequel I feel is just as great as it's predecessor, it sucks you 
completely into a world where the story twists, turns and lands completely 
on it's head. This is definitely a series that I would refer to my friends",5,0,1.1.0,2018-05-31 00:09:57,,
gp:AOqpTOFJyC6mZZLBr_DieTerL5l7M5rk3DpYdcRm_jnAoNwAW2ExqSHQpbIowF0z7vambwM4Ci8SEqjOO3d2,Leo Ra,https://play-lh.googleusercontent.com/a-/AOh14GhVFC58RcRmm6b2Gwr0zDRd0m92jjzCNTBu0VE-,Love this game. The story continues ...can't wait to see what comes next!,5,2,1.2.0,2018-04-26 12:44:07,,
gp:AOqpTOEV81v3OPwsFjkGYAbwaWkhBXhMH8KOVUMfN58LhmkoDgNJxlTaoy0xoBI_B-RWn-vs6P1l7KM6Of-M,Jacob Lusk,https://play-lh.googleusercontent.com/a-/AOh14GiKT1NbvoumtclIYNdeveKBb5eMM-AOIFu8BuqZ,Amazing! Waiting for chapter 3!,5,0,1.2.0,2018-04-20 21:50:00,,
gp:AOqpTOE4gBJj1V2OhuhSwQq7CrGd7-_elkx94xfIV24Y6ScdZ8re6H14y70cBiY9dmdD5vgl2MKtNl1ZN_ys,Leslie Yao,https://play-lh.googleusercontent.com/a-/AOh14GhKnKIUXpN6yf-F0IpQAG0FC3lWp-MNF9wLqVbp9A,Love the story and looking forward to the conclusion!,5,0,1.2.0,2018-04-17 16:05:36,,
gp:AOqpTOG4GCcgeUUynrEDcItJMNXHNYYyh8iDdhqm2rX-dV3DBF1RjwvAqO7IDhCi5pvZyDIYV2zPM5l_jUNC,Jesse Collins,https://play-lh.googleusercontent.com/-w1CalxBZ5JU/AAAAAAAAAAI/AAAAAAAAAAA/AMZuuclFASnE6P5r6DPLvB5aylGrEBJr1A/photo.jpg,"I loved this series, good story, interesting character interactions and lore and alot to still learn. Through I hope the third one won't be the end for this series sense if you're character is in a grade system then why not continue the series all through those Tier grades , first, second and third Tier? Would make the series a more enjoyable series to play through and one I would spend my money on on each part. That's how much I love this series",5,9,1.2.0,2018-01-30 17:52:11,,
gp:AOqpTOH1FZFHD7rQ7xI00E9dVmXq_UmkoL_XkbJjt9DzuSO0fnKx-FX0LQts8alNO0e_GzY4Kx3-b7AWUK3N,Cameron King,https://play-lh.googleusercontent.com/-ElH3Lqes9u8/AAAAAAAAAAI/AAAAAAAAAAA/AMZuucmqzweuL_GX0ReEdRFNQQZFxfTW2A/photo.jpg,I loved it too bad it never finished. Was one of my favorites.,5,0,1.1.0,2018-01-20 15:10:51,,
gp:AOqpTOGGflwaCjvFtSJl1MWcW4YSd4G16WlTo-hQYHtcJr-lOxw_ix2dlMvGdaeMnXL2G-2svInJiSDC2kA9,Lazy Attack,https://play-lh.googleusercontent.com/a-/AOh14Gg11Phww8qCK7mDYN8d3MsMUz0MvHN7SqKQKVcZ,"The game is very good, I love all the choices and characters and the lore is very good lots of things help this world work. There is a problem though it's seems that the last game in this series seem like it wont come out some time",5,7,1.1.0,2018-01-02 19:37:32,,
gp:AOqpTOH_Yllm4hJ99K60SSEhU4eZ4bGJZDlSP_jEchWnIhsEhd7dWfGd945l4b8t4dKQaelOh7nu1KE82i2_,david barnett,https://play-lh.googleusercontent.com/a-/AOh14Ghvyds8ko2hpezVPJwgk5NF-lUPRj4kRyItw0ol,I like it but i feel like the first one had better options as far as character development.,4,0,1.1.0,2017-10-31 17:01:40,,
gp:AOqpTOHfNxl-hcYeK4n-mLzgYN-0X_3FevKG3sFWHu-n6Xnbwz9Q2HNUS7KLnpysjyegyVf8h6oQAug0SUS7,Mike Brough,https://play-lh.googleusercontent.com/a-/AOh14GgR22M8gUIkewSYAhS1bSwIf0_5fYdLbsut64Es,Great Game  I hope there's more.,5,0,1.1.0,2017-10-26 11:41:40,,
gp:AOqpTOFRzu5kRwWR7zNH_mg-ZQLJ0r5QLRG__-6dwefaapdpzHJr0Ld5sC60srQXa_huuQD2TUk3fgUQu9Qe,sandy casady,https://play-lh.googleusercontent.com/-XRbOIW1fQc4/AAAAAAAAAAI/AAAAAAAAAAA/AMZuucmr-esMEJXtSfWuw39sLmdwxQTZ3A/photo.jpg,"It was absolutely fantastic, just like the first one! But (spoiler alert), if you 'die' in the first game, you have speech problems in the second one. The only problem is, you only stutter during that one part. Maybe you should have it be throughout the game? That would make it be a little more like real life. Anyway, other than that, it was perfect! Please continue the series!",5,6,1.1.0,2017-05-29 14:49:30,,
gp:AOqpTOGoVCzbZrd5T6p9IcaGULh8lTtL5Ql4JSDI_wILJbbL2Jo00RzudbAdiM1NunAjNenSlYPU7AdlrZ4Y,Carter Weigel,https://play-lh.googleusercontent.com/a-/AOh14GiJYaQWjzA2W8D_RpioX6IQ2DRwGb0YKvXAerPl,I liked how it was full of choices and the opportunities to mold your character into what you want. Kinda wish the story was continued though.,5,0,1.1.0,2017-04-21 09:40:20,,
gp:AOqpTOHA6SNYUul6W1E1GI2fpZJNCJQfC1aOcaTHW-PK7sLtxsCRvwF2WrCo_3LcfPOFt8jbBPqLPrm53RQ0,Smokey kush,https://play-lh.googleusercontent.com/-CwHAgzY5520/AAAAAAAAAAI/AAAAAAAAAAA/AMZuucm8pGzfDfiZyh7WJhZ-JK2_D34nng/photo.jpg,Tell the author to take his time not all things can be finished in a year but what you couldn't finish you make better make your primary objective to do better and succeed his story's are long just like lost heir they branch and  have a world and story to them instead of  being a 1 hit done they are a series a trilogy and that take true commitment and skill and a whole lot or lore now the 1 and done novels are also good just a quick story but it truly takes a lot of effort work and patience to create true lore a trilogy of lore. So good work to both publisher and author I look forward to the next one,5,2,1.1.0,2016-11-14 08:39:48,,
gp:AOqpTOFY1Yukk6vDlBP5uYtgg7ClA0Ea2er-z1Z3nKwaiaw1y6_KK752v96vTIk36wwCxRoheK-Jmh458NAr,bas muller,https://play-lh.googleusercontent.com/a-/AOh14Gh8qbDsW2qji1xmQhO0WU9c7mLRaOIjQQz0pQGYrA,When do you think number 3 will be out? In other words how long from now? Because I can't wait I love them so much I'm sitting there so happy for jun and so connected to my character love this series so much,5,1,1.1.0,2016-11-08 02:10:41,,
gp:AOqpTOFde21t00pPIvyJQrUNLNbWHMdW3nR6BZyQV8NFcAqFiZMZLT4FDvYn_EolwAX7U2esP5qUCBUPqN3Z,Sherin John,https://play-lh.googleusercontent.com/a-/AOh14GhABaWRgiP7yZ8IRpKmKeH12-TkPCPXyBAz_tgsMA,"Dumped by Jun and your friend Sem left you  ,  i cannot believe after reading half of the first part of the in darkness finally when the story picked up in second part it became depressing than ever, cant believe i paid for this",1,2,1.1.0,2016-10-28 16:39:00,,
gp:AOqpTOG3a5x5wHvCwe9T8aoEZ1wkcedHPHPSP4u1ggRIn_bO_OxB_rQxJEkjW9E0QEXRe6qwCJLIyPSe8t_Q,Dylan T,https://play-lh.googleusercontent.com/a-/AOh14GiNo4C4WZ6AzOWlg81_-BuXojvj8l-NIBB8GJPGbg,"Terrific game, anxiously awaiting part 3.",4,0,1.1.0,2016-08-28 16:02:13,,
gp:AOqpTOEODBKdLrdSBizphFohMS0oYBvp3pu8mXvISWYo_3pONnnlMoX2M_V1e_FjOGYUjgJEMRPeoj06PuR8,Alma Tudor,https://play-lh.googleusercontent.com/a-/AOh14GhIdXOUYMQzEGktbHLJR0Rpj5bPbFa74okdxV2MVg,This title is incomplete and was supposed to have a third installment in 2014. This shouldn't even be online and I want my money back!,1,6,1.1.0,2016-05-28 14:33:18,,
gp:AOqpTOEn0wL2VHZEiy3d76hRyQ9gR2ZVitPHJKizctiHs7yWLOPv3gtlpinbHsNEiooXLZkNiQelqwawGoyI,Steven Rodriguez,https://play-lh.googleusercontent.com/-C3XL_QWqnGU/AAAAAAAAAAI/AAAAAAAAAAA/AMZuucnZyoGcQWpJs2ef37xi8pmSB1SxSg/photo.jpg,This was sooo beautifully written i love the world you have created here. You have an amazing world here at you're fingertips.,5,0,1.1.0,2016-05-15 23:21:40,,
gp:AOqpTOGvWbaRs79T0JQI2nxdXPLBz9QLmafSB94E4aUnvT_u2fxGRrfMHq5P-eh76yqAX00u6HK8mdeiqlVs,Andy Higbee,https://play-lh.googleusercontent.com/a-/AOh14Gj2ZfOSLucJIw60Cj3oRFRuPU6xco73sOMykv3K,Love it and will wait patiently for the next. Thanks to the author,5,1,1.1.0,2016-02-24 14:37:03,,
gp:AOqpTOH4RXVQyL5WW9Fddy3oTc7m06SboN92Ycp-KrBxOuFrHH3W6HmmWKVem0bcFvKA0kKHOso_uupxdwgT,Luke,https://play-lh.googleusercontent.com/a-/AOh14Ggy64F3hoapSlRg_ME7Bc5SLq84uHWaQWFQl3Rc,Waited many years and the author clearly has no intention of finishing this series,1,2,1.0.5,2016-02-18 12:38:46,,
gp:AOqpTOHsSE_U03iXT0FjD1I9Lys-kPSy2xVPoIro06nWXwy0fl3jPfSBsNUFtZsLbdHeQ63515rygeBGKBqb,Brandy Haskins,https://play-lh.googleusercontent.com/a-/AOh14GiVyj-SpBW3_nrLRloFRwiWzSTxAgmhxvFA0MbKGg,Its been about three years now that I've been waiting for the third...wish it was out because I paid money for a story that's not even finished...,5,0,,2016-02-01 21:30:02,,
gp:AOqpTOEDiUK3NG8nUE7opa3szDHzrDatEg0BELuJpszTu31up6Yg9SnER-0aPlHiWyqTX0_hHQpTAs4KgJwm,Aaron Turner,https://play-lh.googleusercontent.com/-OI7eE8Hm9Fk/AAAAAAAAAAI/AAAAAAAAAAA/AMZuuclxRAIk5fKUgBGabAlVnSUVotDksg/photo.jpg,I invested in the series years ago with the promise of the finale coming soon. Too bad that wasn't true.,1,7,1.1.0,2016-01-05 20:56:10,,
gp:AOqpTOFlY6sXaVu0YuRJhOz8MvJI-b-CBMYioqkbm9RE5V761rZZG5xoa09YS-UzdjTr2v_6UDXuX4Hw-nkN,Kelsie Grobben,https://play-lh.googleusercontent.com/a-/AOh14GgtX-hd3rkxviwj5oNv5_QurXzqWENJontm5GAzvQ,"It's a really good game, I played the first one and it got me hooked. I was just wondering when the last installment will arrive? Is it because its bigger than the last two, or will it never come? Just wondering...",4,14,1.1.0,2015-11-10 23:02:55,,
gp:AOqpTOFgTmGcF-BDzuevD7RkueeckgFBDaGZnHG49Qv-nb3RaN3Wko_wOO_4PLaPFlp0vQajanB2pwTGnq93,Random Nasesity,https://play-lh.googleusercontent.com/a-/AOh14GhuUElZ-rCopj_-xsVZDdeN5IT5Iv7ZGPDQesX9,Loved this cant wait for the next. Ill probably buy it straght away,5,0,1.1.0,2015-10-31 06:33:14,,
gp:AOqpTOF7w7n0ozzL_kS7z7uT5LCu27S8A-sHCdo8hwPasN7PbHobY2esqoZLUFbv1MM9TkNEZfr5_H4wMCN9,Law971,https://play-lh.googleusercontent.com/-qNCv0rhTK5Q/AAAAAAAAAAI/AAAAAAAAAAA/AMZuucktEIk5TU5OWg4WGa4pw0Trgyd3lw/photo.jpg,"This is my favourite game. I was so desperate for more, as soon as I finished I bought the author's book on kindle, which is set in the same universe. Definitely worth the money x",5,0,1.1.0,2015-10-23 16:30:50,,
gp:AOqpTOFwi_tn5gpqD3rChSA8v1FKuMJzkczw_2VNvVnMSfJFz5B1dlcXcZNPtz2vQsvt4wZkNJ2gCYFDrVF9,Sothai Thoeub,https://play-lh.googleusercontent.com/a-/AOh14GhH8QUsvX9XXNjXcxCjBa-pWdE4ZVcBNWz-HAT_Kw,Its been years!!,5,3,1.1.0,2015-10-10 15:51:35,,
gp:AOqpTOEstGFlK6KdEsd4BpvJGKW03JqfZvz09lvy9kmboPbEcrsayzPPoVI90jxX1u2j64rl3ADXzhHBKKpg,Jolene Borel,https://play-lh.googleusercontent.com/a-/AOh14Gg54Y_qHk8-VI-ZBoyoqQXptsYRn-s1dgwFblM-uQ,Plz hurry with next installment!!!!!,5,1,1.1.0,2015-09-19 19:00:57,,
gp:AOqpTOHREwV1ao4AUIUb7uRZn3aqr49RJTfVxWPD9Q92-Y65X_MGTtTsxPQs0RX7fqCm7aXIY7wG-cR3Jw2S,Jeremy Lynch,https://play-lh.googleusercontent.com/-5y6O1lJw1JE/AAAAAAAAAAI/AAAAAAAAAAA/AMZuucnn7o6nNew1BZDgDU2Pu5pJGDa54A/photo.jpg,This is getting good and yet you end the story too soon where is part 3 and when is it coming out? I hope soon,5,0,,2015-09-07 08:45:42,,
gp:AOqpTOEc0fZtYFjMCgqbh7lytcRvAEYp74Hx4N5l__QQIXI7cRl4I-Emyiv-vzAkmuG4_ju8rymxKZBKsCY5,Randy P,https://play-lh.googleusercontent.com/-jc7MwopOMSM/AAAAAAAAAAI/AAAAAAAAAAA/AMZuucnkBFO2yuSCWVun_52TTtLtGm2ayQ/photo.jpg,"Sadly I can't give this a good review because it actually ends in the middle of the story. I did enjoy the first Way Walkers, and also enjoyed this one, BUT it is a completely unfinished story. Part 1 came out in 2012 and this (part 2) came out almost exactly a year later. It has now been about 2 years and still no part 3, leading me to believe Way Walkers part 3 will never come out. So every single person who invested time into this story will likely never find out the ending. That's the reason for 1 star.",1,22,1.1.0,2015-09-06 21:26:48,,
gp:AOqpTOFgrZBqUq_YHbwUSgfiapTBTVI_ieMSldf6q3Qw3TECmt-FOqDTxfvW7FZ6FOgxExKBOmeUM7xZjpfh,Christopher Hancox,https://play-lh.googleusercontent.com/a-/AOh14GhHrDYhYpAoWI8PCA6nozT9APm5D2dsIYGQy-K6,"When is the final part going to be ready? I have been waiting for awhile now.  I have to say this is great, however the first part was better.",4,1,1.1.0,2015-09-05 23:11:25,,
gp:AOqpTOHk-WT6SCwaiSmFeuaHOcRU372vjy53vp0UwD7_dIGjD39j6Y6d0CKesWtbb18J9w7AMXPeYEV53-Ea,A Neriah,https://play-lh.googleusercontent.com/-h4oxPOilQV8/AAAAAAAAAAI/AAAAAAAAAAA/AMZuucmv5lFiMvVjwofu8q3PhAadM7xJiA/photo.jpg,"To potential readers - just buy it. You will play through numerous times and have fun. Costs less than a value meal to support someone's hard work and creativity. To the author - I hope you find your notebook. If you do not, then it is just another challenge to overcome. You are undoubtedly capable of fleshing out this great work to the fullest, and we all look forward to it.",5,18,1.1.0,2015-08-21 20:09:39,,
gp:AOqpTOH0IENoWzIug3_2XLIlqOYxucM_74rhblJRm1IBikM4_TVpw8tzRD3_-SvfxIJ4hgdiZupb5BuJZE0f,Shadow SilverBlood,https://play-lh.googleusercontent.com/a-/AOh14GhH6GOP-YRq-kz8Hjnm_Vu5oVnwsFCx-DtqLSFFUQ,Would very much like to complete it.,4,0,1.1.0,2015-08-17 16:36:29,,
gp:AOqpTOE1uhcdYfCnPxX5Bg-2NR8Eflgjn0tJgKxMZ_vU-lDXsO4f39VNXt_j6W9xo6ZhNLexyLr5UqY4uLyc,Cel x,https://play-lh.googleusercontent.com/-sl1OeKtCCgY/AAAAAAAAAAI/AAAAAAAAAAA/AMZuuckU9msivnEB2QKo-huCpjFGJYLOng/photo.jpg,I enjoyed this,5,0,1.1.0,2015-08-02 07:45:16,,
gp:AOqpTOEsOAI6iBE0J7HUAOorEDIIjtwA7uBq0u3pBmaBq-Yk0pt-V2LPLL19k34x19NE-TxSTHLZEcdHi7df,Jake Parker,https://play-lh.googleusercontent.com/-sJjhFnhJ564/AAAAAAAAAAI/AAAAAAAAAAA/AMZuucn4n81HUZ1qmFiNFTCsv6glAvKbXw/photo.jpg,"This adventure is fantastic, deep characters, choices that matter, and a universe that is completely fleshed out. Read the first one!",5,2,1.1.0,2015-07-25 06:10:07,,
gp:AOqpTOE5WCy25r-cEBsqytfyn5w4Ac2XFSB0tFncIaZcK-WijXduXPY_8butD4yjxYV1y8l73yrFp6rthyfQ,Saranporn S.,https://play-lh.googleusercontent.com/a-/AOh14Ghg2V9cDFLWBISorAi5cYmw3zq3eTLZlLd8v-j9SA,"srry for bad english :)... This game is more like a novel than a choices game. I don't know how to explain it, but it makes me feel like I'm part of it rather than choose some choices, wait and see what happened. I like all characters in game (especially Sem lol). Hope for the next volume and thx you for this amazing work! d(^0^",5,9,1.1.0,2015-07-15 06:23:01,,
gp:AOqpTOE9arW89sqwq_r7rRWfjfo2DM3NS9r_Cbg6HMQB5WTWSDmy3WdUvsv1U9zoDpQiip9hhJ8ML5Y8cXOt,Jaci Colvin,https://play-lh.googleusercontent.com/a-/AOh14GihDhN-iWlkvQSe3amQcALVQzooVvV2zELJBzn31w,"One of my favorites from Hosted Games. Well worth a read. Well written, Enjoyed.",5,0,1.1.0,2015-06-28 22:09:30,,
gp:AOqpTOHqqOVBL2zrOYQm63U5bwgO99nE-UDEshVznPjwLuXxnlYqxOFu8cEG0XqTTxzjUruhfdbs7DW9vIn5,福岡雄司,https://play-lh.googleusercontent.com/a-/AOh14GjMgvpoFfnNWeOQjowRTGS011McuFu4wZZ_BFcN,"Put harry potter, dungeons and dragons, and many other iconic stuff and you will get this amazing series",5,1,1.1.0,2015-06-04 07:09:37,,
gp:AOqpTOFviKIwBPpvvGeex51381EruLhZzpSHzbeOUrEuBW5XPNgUEVxZH9B649o1F7VF67tgWQoc891UfY5v,Ricky Gabbard,https://play-lh.googleusercontent.com/--DvXIDewe6I/AAAAAAAAAAI/AAAAAAAAAAA/AMZuuclTZ7WVnlLfijYxBhwz1wn56cTwUg/photo.jpg,This is my favorite choice game series of ALL time. I'm just dying of the wait for the next one.,5,1,1.1.0,2015-04-25 22:36:02,,
gp:AOqpTOGChNhSMEsYxdppxOvglIVIh7auVCbTtobBg44vDcXhTerTCLHSjRlIbQlrZ8fozW6oh9EX1fHh-emB,Edward Rivers,https://play-lh.googleusercontent.com/-aq6nbjAFAPI/AAAAAAAAAAI/AAAAAAAAAAA/AMZuucn5wbdklcodJCSH-_qi09j6E64Nhg/photo.jpg,I want my friend to get this so he Will understand how good it is. Kyle get this story,5,0,1.1.0,2015-04-01 17:43:47,,
gp:AOqpTOEKyToxGC2G8xIEIhWk-sESBR84tRjlFx3q9lFYudWoQdEGyaqvFiIEc-S0LliZLXHeG0hJb6GT1d_5,Zach Hornbrook,https://play-lh.googleusercontent.com/a-/AOh14GjxmSrsJpCFieCh6rehwa91YK512dFiPOheFTWe,Loved it. Looking forward to the next installment,5,0,1.1.0,2015-03-24 23:03:11,,
gp:AOqpTOHO3zGi6NJ1MxKTYY0WqeYmoDSD_gxIhkiNpPJYb2LmJpkwNFN6fWL_Boo6PrBU34vozPjmpxEp_6zz,Michelle,https://play-lh.googleusercontent.com/a-/AOh14GgNVfz0YRtnOljLWpGLcPviyfbiE_HRjaGvMKLmew,I can't wait for the next installment of WWU!!!,5,1,1.1.0,2015-03-18 10:55:25,,
gp:AOqpTOHqdYKGMvyJAsvKVk32NyZgjcfBoECtYL2jvT7ImENdS3-fCoXUJ3S5RH243aUHnrCSgcGj8GBZrkkk,Quirt Ashworth,https://play-lh.googleusercontent.com/a-/AOh14GhdpZ4x3D0D4XSJ4TTuQjt42a9dfPIjECk9T2x11w,Really incredible game,5,0,,2015-02-15 10:29:33,,
gp:AOqpTOHQVvOJLn1yE65z5JT1nQm1Z1OewRhrSm_7i1ZqhIkg_nBfxcwTBBDbBxKdcg-yDcafLupg219dQcOy,Stephen Belikoff,https://play-lh.googleusercontent.com/a-/AOh14GgtL-04t8HEwSIK1cF224H1tMYSBYUWkBKBg1l77w,"This part of this texted based farce is not a complete story. It lacks  the slightest ounce of excitement and you'll swear your choices only really mean something if you play as a good Samaritan or the most evil loser to walk the face of whatever planet this ""story"" takes place on.",2,0,1.0.7,2014-12-25 20:45:41,,
gp:AOqpTOEFEUwlYznsO-yNOTANh6RdCjUw7nw3HJUvnozx2Vdl3owbuCT3DoXFZU4Ruy8lhe5PZ7gv4HLBHwkW,Sharisse Dela Fuente,https://play-lh.googleusercontent.com/a-/AOh14GiMc4cA8gFc1uTsERR0vJEa08FaVeIh41edtRcq,The storytelling is still flawless and the continuation is seamless. I hope the 3rd installment will come soon.,5,0,,2014-12-22 08:27:49,,
gp:AOqpTOHXkkzRLzclYZGRo9hpZsAegfEqgRElyIqbu4W8ZC6z5JmmnMCJ7ibqrrhnXvMu7nQJ35k2HGbMTz1R,Veronica S,https://play-lh.googleusercontent.com/-vzsrdpPenMY/AAAAAAAAAAI/AAAAAAAAAAA/AMZuuckIyFTs6Tdj5V4UyMNprdI05A0AlQ/photo.jpg,I have enjoyed reading the series so far I cannot wait for the finale,5,0,1.0.7,2014-12-13 14:11:20,,
gp:AOqpTOHrw8f0ozWPU-bEoeFN6nKxjYVOybjOAtLOB39qBm2adqGN_RsUUYgOjpogMB3tHxfoXCdqSf4rh8FK,Ashley Moody,https://play-lh.googleusercontent.com/-wCZoVnAGsuM/AAAAAAAAAAI/AAAAAAAAAAA/AMZuucm1DYv75Lq7FcfxdVE17ox0_CjYfA/photo.jpg,the best one!!!,5,0,1.0.7,2014-11-12 19:59:38,,
gp:AOqpTOHKkZIld1odPa0Ct-skHFBZhMJyZ95-h-szJzZC2riX-TeZdfbh7NkQVXlWujcX_gG0bKFfMjROO7Kv,Parsa Sedghi Mojavery,https://play-lh.googleusercontent.com/a-/AOh14GjN_8lvXLu4v5wHYNSKEogOKH2rGdNdfBl3gv0o,Fantastic and I can't wait for the final,5,0,,2014-11-01 12:19:15,,
gp:AOqpTOHX8I_s_mbBCR9uFJbj6pMeRK2wyVXOHxm5VlHzk3Q-yzk6rMf0TnoygZ8RnYF35M3niRmtTB12OimR,Stephen Nagy,https://play-lh.googleusercontent.com/-MXxRgDLI-ss/AAAAAAAAAAI/AAAAAAAAAAA/AMZuuckdubzNItlfgeudRUO8tgcu1QpfIw/photo.jpg,One of the better interactive stories out there. This one is even better then the first. Im looking forward to the next one. Keep it up!,5,0,1.0.7,2014-11-01 08:57:21,,
gp:AOqpTOG4hsBsCHxKnQ6WUiwx0ceALxDfs60jqX8DmoHWgB4AB7D-ShXwqu-oOkRZ6v7iQSdSi94hw3XtO1Af,Trevor Staubach,https://play-lh.googleusercontent.com/a-/AOh14Ghk0HQD6Koqy6rl3N2dxJP53l616AjDdNiOKRSVkA,"Check out ""King Of Awkwardtv"" on YouTube for hilarious prank videos. So funny!!!",5,0,1.0.7,2014-11-01 00:28:54,,
gp:AOqpTOGX9fXRxWqZu6ZI2qufbpv67b-jPjXmUW9ZBAoBP0hG1qCUk0YXRKoK5yZdeL24ubVflgf8BXMI1TAP,Billy Cox,https://play-lh.googleusercontent.com/-FeBB1qEnHck/AAAAAAAAAAI/AAAAAAAAAAA/AMZuucmdSWjXEPHGSMuC927rOoJ1yUfwiQ/photo.jpg,Tell me when the third one comes out cause I've been waiting for forever.,5,0,1.0.7,2014-10-12 23:03:24,,
gp:AOqpTOEXAYHAfDkz7t4GlTa4HGP_WZqjjz5SDEGy9aavYMntGTCuZdAbZXk0ixOsma_euAbgGb5PbFQ_ML2_,Brandon Edmonds,https://play-lh.googleusercontent.com/a-/AOh14GgOmae7xcFxYjFKFQbjg_YZJYK_nJPHF6IZiqPKoQ,Can't wait for it,5,0,,2014-09-07 16:11:55,,
gp:AOqpTOFBIi8i_HGWH_tHiJWbrBWRnxvZLKbByXT7qBmcgSmQSqY6lpxHP4xnuZRWdTGM6s76LajBj2-Algmn,sora angeils,https://play-lh.googleusercontent.com/-EyOi3Ukbib8/AAAAAAAAAAI/AAAAAAAAAAA/AMZuucmIyM4ujhxse1roNrrGxuAcznkBoQ/photo.jpg,The I can't wait tell the next game comes put,5,1,1.0.7,2014-07-25 13:16:42,,
gp:AOqpTOHarWId1FqId2wcc1axLRYJEMkdZobvi5RVv6cfiw1x9QhqYVqvBAdxWNM57eGbQijaSsMfuoCYLDQW,Sarah Forde,https://play-lh.googleusercontent.com/a-/AOh14GgwijXhbfsB-DEz47P3Ss9N99ByBI3tJvNPqMAmsQ,I'll be sad when it's over though.,5,0,1.0.7,2014-07-19 16:35:48,,
gp:AOqpTOF-w-2YKTUk6ORx0ZZCTmuuxazcSpqLsLDopOFc41PRlA3cG0vtQM0ktGMsKoJMqg8V0nM-__7T5rfG,Madeline Deloria,https://play-lh.googleusercontent.com/a-/AOh14GhXDjuoT4lQdeeo3TbXG4f1DBfZ3RdTfTgSZ2QH,Wow this is getting better and better. Awaiting the last installment and hopefully it won't be last since this author makes great stories.,4,0,1.0.7,2014-07-05 10:05:13,,
gp:AOqpTOFw36MF9-VzCZ6yOFkCdMMEVZZjMBdWjXNFY_58tW-DicKC8neiH6omKoTJoQxY4Ck3ha6ZwEyTutqC,Kait R,https://play-lh.googleusercontent.com/-Ocb2EccKGfw/AAAAAAAAAAI/AAAAAAAAAAA/AMZuucncFjgVkNURTcj6Mnh5RHcSTjCmMg/photo.jpg,"I loved this one as well; for being the second, or a continue, of a fantastic piece, this was lacking in nothing. The subtle change into ""dating"" was awesome, also, and didn't damper the excitement a bit. I am truly amazed, and I cannot wait for the third installment. I'm sure that it will be epic.",5,1,1.0.7,2014-05-26 15:17:59,,
gp:AOqpTOHyGGLlSXc22vTBWEZADcWs7Uz20kkgTsOZoP6mBJJI-n1_QP85Nw4P76Pxhl5Pz9NLWuOEEK456XOO,Sam J,https://play-lh.googleusercontent.com/a-/AOh14Gh57n-7vAkG6Nq4QSBUOJCbVVcMhpx86t6xx9Se8w,Gosh it's nearly may!  Hurry up with the next one please :-),5,3,1.0.7,2014-04-30 11:08:17,,
gp:AOqpTOGOx2rbqYqXyJACb99A0pTA-CZPP0xnfKnjSFiySMGSAlt5d5RlVs_gqO0nHuAVQxUjXqqtr5GBVUa5,Lizzy Cross,https://play-lh.googleusercontent.com/a-/AOh14GgxkB0cq7v17rcD0SPdivZym9RQuSS3Tng1xGqg3A,"I literally spend hours playing this game and trying to find all the different paths. It is so much fun, but it will eat all of your time hahahaha",5,0,1.0.6,2014-04-22 21:13:19,,
gp:AOqpTOFvUehdZP46JboDUU9iZ2VKKKKz9lX1pd6is0VOvUJ1fkrt9u4nTMx5YOenv-26DIh3vq5PPS-vLpQK,Zayven Stewart,https://play-lh.googleusercontent.com/a-/AOh14GiIq5IScV3-yflwEJj8bz_2C7nY_Vpkn7k1ZEKLlA,"I've played all of the ""choice of..."" type games rated 4 stars or higher. This takes the cake. Best one yet. I'm so sad that part 3 isn't ready yet. I've spent so much time on these two games the past week. I can't wait for the finale. All the choices that didn't seem to have an effect in part 1 started showing in this one. The weaving really came out by the end.",5,1,1.0.6,2014-04-15 18:50:04,,
gp:AOqpTOEflcwJ1YKmUgf3PKaB88tkNmi1_go62CLhRiKJUxZPtln34pirbDe5IBqigVwQ1ed0cwE6BqIJBNoi,비비,https://play-lh.googleusercontent.com/a-/AOh14Gh-R08iTsP8oN1-yG-QU57l-P9N8fprH94yoTJFCg,Great game ;),5,0,1.0.6,2014-04-15 15:27:33,,
gp:AOqpTOFnOxP7Yl4eIYfwgzi9YWxspwJp_kijUathnksvAOCPGkLQ8TymTlNtLPAyPg95J_nVkn4MLiMjSN8X,Mark Gerald,https://play-lh.googleusercontent.com/a-/AOh14GhkvJ3N38DmhMrzqBgHLvF-2lQ05tL1dcQg26IpIQ,Very well done.,5,0,1.0.6,2014-04-14 14:34:36,,
gp:AOqpTOGhFvzJBNtRZSNAcQhv0fCtjNbgEACaDWhJxZTNzoIG56LtYWbgB0k38qMBLdzKMCaclFIKIh4skBCG,Cela Janiec,https://play-lh.googleusercontent.com/a-/AOh14GiDJ7OlxV3tWSIC3eABus-Psd_GQ1P5yXFGXZw7_Q,This game is amazing. The character all have amazing back story and the choices are thorough and vast enough that I could do whatever I wanted. The paths were surprising and gloriously written and I can't wait for the next installment!,5,0,1.0.6,2014-04-10 17:18:00,,
gp:AOqpTOGmowTRHXdriFf4ubIrUqk7YPuqv77CnlAV1ZEq07UDM61ieMpw-6jOqncSUk4qe5hC2te6Eb5TYS5_,Kimi Sarah,https://play-lh.googleusercontent.com/a-/AOh14GhByOCjqWa-csxYIn3shj-pA33CVSN_81tWuvVHwQ,Really enjoyed this release.  Can't wait for the next installment.  Sem is awesome.,5,0,1.0.6,2014-03-09 14:39:54,,
gp:AOqpTOFbJ0fs_fZTmRgvdGPT1q6i6U8uRGKuaV1HndlqkD_DSVMZelycqpipFHwdBhpms0U2qKSIEGbeLzRH,David Purser,https://play-lh.googleusercontent.com/-D3X38y1sYXE/AAAAAAAAAAI/AAAAAAAAAAA/AMZuuck0Fva_IVKP5cjUi0KMG__pMGafkg/photo.jpg,Very little of the previous games choices have any bearing on the new one and its short.,2,1,1.0.6,2014-03-09 11:48:59,,
gp:AOqpTOGgmTEKA1fq035gfFedt33sgD48kPUfTYikKpz2fO3zVVIH8MrIID2DnD51sLw7SrTue5phfCU8xIII,Jaanki-Radha Patel,https://play-lh.googleusercontent.com/-adfOrCghmcI/AAAAAAAAAAI/AAAAAAAAAAA/AMZuucmcfINcCofrXoZStRJCA3f0B-tM-w/photo.jpg,,5,0,1.0.6,2014-03-09 10:39:02,,
gp:AOqpTOECUWgnJS37WCrfwyIfIjGSHZe7V8lW_aUGhCmDHiIsJ-cdzqzroDSEXKRF_7RUq8eLzgB3enVlV94Y,Dufatron B,https://play-lh.googleusercontent.com/-PXMTjnvzCD8/AAAAAAAAAAI/AAAAAAAAAAA/AMZuuckqKBVDegMWCnsXusTRfyDEHTscpw/photo.jpg,,5,0,1.0.6,2014-02-23 10:38:36,,
gp:AOqpTOE4K1NyZ5fDEKaY8zQXeVuQo22h_TRIB42Yv_cdXcx-bdti9g70oIfaNnE0VQIo2bWPmi8qk-c0RzIT,Ewa Z,https://play-lh.googleusercontent.com/-sNSzy8Yx9ps/AAAAAAAAAAI/AAAAAAAAAAA/AMZuucl0vh24jKd-ssHcIVcSDzz1LRr_ew/photo.jpg,,4,0,,2014-02-21 18:17:36,,
gp:AOqpTOFmsLVUl0nLSzCcaIF2fbxz87fji7vm-6uLW5TgvTJCYiC0i67EG02hnhv9W68AzaEEtCS8E4k-1Sgh,James Pineda,https://play-lh.googleusercontent.com/a-/AOh14GgwKfR0V5bETRn38O7PM4GQfRR08xy8Hr2X3ZyQPA,"Loved every second of it, can't wait to for the book to release.",5,0,1.0.6,2014-02-05 10:18:53,,
gp:AOqpTOFeWEOITYbphVaILPD6_idkHv8WTLmD-XYLK96sZ-VOipXWQ-cQDHz8BIyyA4qy68fW_5zDU5N9VMzD,Tabitha Motta,https://play-lh.googleusercontent.com/a-/AOh14Ggt8JqKu5qhNk3sJiNo4mYV35qjsRhAWezGvcyxDA,"I love everything about both parts of this story! From what I understand, the author is also going to release a novel set in this world. I plan to get the novel, along with any game sequels. Not only is the story line interesting and all the  potential characters fascinating, but the entire world has captured me! The ONLY way this author could improve on this game is technically - the italics and some grammar could be tweaked. Happy to give this 5 stars!",5,1,1.0.5,2014-01-31 21:14:45,,
gp:AOqpTOHV-YuTeDkiE928avTmw9EwjYVd5uD47jKIhTLUhYi8tGrjhM8XdZtDAkzrcbuKCDey7VJ0Ft1JLAbZ,Bea Method,https://play-lh.googleusercontent.com/a-/AOh14GgzqtFtvGzWY1lJGZet-_JXOD9tSXVsclEdKFx5mYs,I've wanted to say so much about how wonderful this series is but honestly they're just aren't enough words to properly express my love. This is the series I suggest to get people into the genre. Dying for the next installment!,5,2,1.0.5,2014-01-14 00:04:31,,
gp:AOqpTOGTkoFA0wMkTLi06bA7-RZLuwLPZDmjMxTPQ301E8rhQUgdA7HtHFIe1lCkJmfYMbs3PwAW1mc6Bsf9,Mandi-Rood Benné,https://play-lh.googleusercontent.com/a-/AOh14Ggvg2-n6pl33lH2noGtiVnGVTf3oV3LvYH3TxpR0JQ,"Glad I found part 2, I was going nuts...I love this game and Choice of the Vampire series...both compelling and fun! Hurry up with part 3...I rarely pay for an app, I pay for these!",5,2,1.0.5,2014-01-13 11:45:22,,
gp:AOqpTOGPRN0k0d7X_WRAhE_Ahrr5Of3yM7Rk7TQzOLV3XJlUt7y5bju_nMmUA-N5GMwpUf3IFSFhf9xPYmFN,THOMAS POSTOM,https://play-lh.googleusercontent.com/-Q-LxeixaeLk/AAAAAAAAAAI/AAAAAAAAAAA/AMZuuclM3xOrzvBu0QEjC9ertNDgDCLQtQ/photo.jpg,unbelievably great,5,0,1.0.5,2013-12-28 20:11:22,,
gp:AOqpTOFkjrg3gzTrml3TCk-VO_XmNZNVFwN06Vi-ilO0iVoG4iMRuGqVrGzPMRgj0Hj0cA26I7NtRkWk5tjj,SkunkWeed 420 Gaming,https://play-lh.googleusercontent.com/a-/AOh14GhE1n6Ffojyz4zXWcH1C58rmIvKwTCS65bhasI2,One of the best choice of games yet could not put it down for a second can't wait for the third installment keep them coming,5,1,1.0.5,2013-12-25 08:54:06,,
gp:AOqpTOFJGX80GJfEYh3X-XSWQcAf-ZSlZ9AH4oudowygbTTvHxx2qtnZM4Tdbckp2kWzj7i8hmFyq6srWY6U,C Safrit,https://play-lh.googleusercontent.com/a-/AOh14Ghspe6A1TnxQV8YYn_J7FLhtzG1n_MRb-rXUmuP9Q,Great series so far,5,0,1.0.5,2013-12-14 22:05:09,,
gp:AOqpTOE3VYaCC8QSXezmruhFIRm9PMlHy-0ASF0JHsQz9LvEQQPh1sk2lnrYdFzOFJL3E2J1U3gKfFqv_1yB,Mamacita-boricua 08,https://play-lh.googleusercontent.com/a-/AOh14Ghkpz3SgQdMKMrSdj5JP7FLOiwWQA9O1CU2BQ5uGg,better then the first still can't wait to see when we pick our ways and see what happens to illian,5,0,,2013-12-13 09:21:56,,
gp:AOqpTOENpYeM717LbhJY99jFyXQp_iVbdb0KKT9hysuFRhb0g0xumbU6hneohEltBIPfzW_rXH7YfN66gsXr,R,https://play-lh.googleusercontent.com/-Kv8ZKlBseNo/AAAAAAAAAAI/AAAAAAAAAAA/AMZuucnzlO_rVsl0SqjjyroErt6jDnQkqg/photo.jpg,Its well worth paying for . The story sucks you in and leaves you dying to get the 3rd part,5,1,1.0.5,2013-12-08 14:41:04,,
gp:AOqpTOGvXt6-K_BjDZ__YTnUb3Xbrusz3Ss-spaL6MuK3teBHpx1tKKvIJ4Zs_KkMHX-DX1EHsD9Vdfm1M7W,Fiona Ellis,https://play-lh.googleusercontent.com/a-/AOh14GjcdsaTR5o6yMyS12M9W_9_M4FsLVJKD4NYS3Ut,i found it a very good read its deffently in a league of its own copared to other choice games having endless choices which i found was't lacking compared to other choice games. the only drawback from this book that there is't really a fight or conflict that i found could really hurt me or kill me which i thouht was relly good from the first book . i did like the aspect of having a girlfriend it gives u a good choice in who to pick. Its cheper then a bag of chips so there should't be a reason not to buy it,5,1,1.0.5,2013-12-06 03:41:08,,
gp:AOqpTOHa7p1fMpGCevNQK4I5cQ4WQCfaG9Ed1gXJee4nQuSlkuoHY37KhF-sIB17z9DtfQ0v7Q1scLDo_Eqv,Will Raab,https://play-lh.googleusercontent.com/a-/AOh14Gi-2kQnkVLv15ewpKobj9tULopi4gwmL8HHh6ua,"I wouldnt want to rush greatness, but.. hurry with Part 3!   =)",5,1,1.0.5,2013-12-05 19:16:54,,
gp:AOqpTOFW5zElWtRxORmMQ1LAUvh2SvJl8iKO5YzqjDvyLP_Om_Xa5taradk6jVTXRqjbjnFdBd1UdIvsNHZt,Nice Shine,https://play-lh.googleusercontent.com/-EROQvr4kt30/AAAAAAAAAAI/AAAAAAAAAAA/AMZuuclG06RXbddbXNS8T2DT1tjtBQLOPg/photo.jpg,Great part 2 story. It will be great if even longer pages. Keep it up,5,0,1.0.5,2013-11-30 20:39:07,,
gp:AOqpTOGgQ8-e9lsyizYNc_gkkFcfwmpuy9jz5ML5qSyynxwyUZbnMDZKiMlSMN3aZKGjIUUXIOCLc-JIZZFG,Jake W,https://play-lh.googleusercontent.com/a-/AOh14GhRi164tVzH86vwQf_u-0ngeTwcIDmRQUbTPls,Dying for number 3!,5,0,,2013-11-29 15:29:59,,
gp:AOqpTOG46-nV_BJTvCl8ywgWjE-gOIlqyha5CCp45KeYV_oKzX1eqbst2O3ddP9jvdfTfAa82d43bhqEsaXh,lord braddington,https://play-lh.googleusercontent.com/-8gqIdMfe5R0/AAAAAAAAAAI/AAAAAAAAAAA/AMZuucneG6pL40uZtz1Aw8eYOr43WaobfA/photo.jpg,A little short... but brilliant,5,0,1.0.5,2013-11-16 04:01:45,,
gp:AOqpTOH4fqIAxiQF5amiojBibHUPijny3bAPRDY3htmUoT8-4XvisWmC9KwsY7AqBy5nUtmnQL58Nz74qmft,C Chevalier,https://play-lh.googleusercontent.com/-p07P6cPJqpQ/AAAAAAAAAAI/AAAAAAAAAAA/AMZuucl1BoEq7eM5FcuygggmxqBC6q3ZAg/photo.jpg,Please make a part 3. Your a very good writer and I love the series so far and if its possible can you please make more choices & people ( like new in school but same grade). Like new person could try to steal you away (date you or make ypu cheat or something) from current bf or gf. Besides that its a 5 for me (:,5,1,1.0.4,2013-10-31 05:29:53,,
gp:AOqpTOF7j-0SYPXJM5-zGgKSpcFSmkfMH8hQdQRaSSYcaSSO1YIhMLGnUHzItuAe-XQ0-Jo3wUS8GlH-fX67,amandaxcookie,https://play-lh.googleusercontent.com/a-/AOh14GgoRZtjFGE985W9CWNO_HwGrc5IO8S8UBaRfQvkKA,"I loved way walkers one and now this one is just as good, amazing. Perfect, long and so many ways to go I played it over and over again.",5,0,1.0.4,2013-10-26 10:19:02,,
gp:AOqpTOEezjQa4H57x3BUTRt7WBN2NMaBJkD3lCQOtxp208MYNyoQlTcPn1RJXW1CzEd50-GzEfaIUpe8rRlU,Dat boi,https://play-lh.googleusercontent.com/a-/AOh14GjPJQArwNyYYWSI_qYFXzeIiyKT_9CEdGOoXusrIQ,20/10,5,1,1.0.4,2013-10-21 22:52:28,,
gp:AOqpTOFsf_zUV9qpsXddX-Qc9CQ7jFymHDJJW9LDtxMc5YiWFhxmPyE8YG-_Ch0xFQaKAmaAm3LteR9KTQUr,Jose Ortiz,https://play-lh.googleusercontent.com/a-/AOh14Gh9A2mTslCFDwUgA957DoXqoLrye6--XTtt4gu1,"Yet another masterpiece, still able to astound us. With your dedication to detail to every decision it adds to your ability to make each one better then the last",5,2,1.0.4,2013-10-21 10:43:06,,
gp:AOqpTOHXYIjIHoTxndZMkgGsQ72Ixa0W2MDxWD3VXpEDYPwJKd3MzdZFbm05R_1UJyxkSdYGl0r5fcE6yjEc,ratty4949,https://play-lh.googleusercontent.com/a-/AOh14Gg-ee38WSfSrJHWf2-10WJC_2iSyplGd1nrDNwh,I love this!!!,5,1,1.0.4,2013-10-21 04:50:12,,
gp:AOqpTOE3h1STue2TRiS6KdtaWZV7G_F2TLh6S5Tgbfe8x6HC6JslbBWc9QcEjgN9dQlWfyUYpAPmZhvtSA9o,Michael Q,https://play-lh.googleusercontent.com/a-/AOh14GiulDsfwX2K7Ki1uz4DgFTM9KSqVaoeMlpWrK7C8t0,I waited so long for this second one.  Absolutely worth the wait.  I lived every second of it.  Great fantasy epic.,5,3,1.0.4,2013-10-18 19:02:39,,
gp:AOqpTOFrJOaSvEOGaXtRpS6Q4h4wJCTdXbev5WNfIoq7P0aItJBA-9pTVTzl2JQffc0Me8K9xcFmOoSMDjkS,Tina Dimi,https://play-lh.googleusercontent.com/-WNM3FY5aUPY/AAAAAAAAAAI/AAAAAAAAAAA/AMZuuclAUNm3r7HAdA4iMNQMgL0metznDw/photo.jpg,"A truly great game. Very enjoyable and interesting world, as well as excellent characters.",5,1,1.0.4,2013-10-18 10:58:03,,
gp:AOqpTOHnO7mxjbLjOOYoeLDdLAffu12P1Nvlb8_Q2H-ihTM0izhrmab7RAZB00Q2hgDad7q6A2AH4ni4Nbny,Freefall ryan,https://play-lh.googleusercontent.com/-_TyGvmgPYl0/AAAAAAAAAAI/AAAAAAAAAAA/AMZuuck2zjeSdx8NQLA9v_RoVTyMSeu3lg/photo.jpg,"I am incredibly excited to see the second part! And I can not wait for the third part, the second part does lack a bit of ehh explanation to some things, and since it will take a while for the.third part to be done, that some things should have been answered, though im sure most readers will re-read part to to re-ignite the curiosity when part three comes out. I think its well worth the money if not more, and i now rate J. Leigh with my favorite author, R.A Salvatore, and your a great inspiration so thanks.",5,2,1.0.4,2013-10-15 23:53:57,,
gp:AOqpTOF38fyTRCUMEmDdoI9ek-upeDvlTVxW80c0s1By0Ti1ZYN6DRpJ0vzJGtFYy7yn2Iqqvo8AjMPxYFJd,Nuttanon Prasartkul,https://play-lh.googleusercontent.com/a-/AOh14Gh4X2E8S09LcslA7OJr5axDTuQzAb_U7LmiMDPs7Q,Story is good. The problem is I don't like to switch to WWU1 when I want to restart from the begin. ZE I can play the whole story without switch to next part. Now I have to save everytime I go to WWU2. It's annoy.,4,2,1.0.4,2013-10-12 19:49:40,,
gp:AOqpTOEsXWQAdp3GZ4P94JkqSdSq6heFenBo9q1Zd1OOnpjo17shA_5SofbnuvB_m-9OIZZDAcQvxL7KjFqF,Niklas Wahlberg,https://play-lh.googleusercontent.com/a-/AOh14Ghui0aQmVXFOTtMcfqQ2wOkR5uPAkHORtEqDCmlpw,"It's a good story, but this part suffers a bit from bring part 2 in a trilogy. No real climax and a bit meandering  at times. Easily worth the money though, and I'm looking forward to the next part",4,5,1.0.3,2013-10-12 06:06:00,,
gp:AOqpTOH3nUex4hYSuye8tailCk_g-vt_HPC26dg15bbVaYhEfh46ijas7hUITR6uN_uN1XJlh99NLtQcaOKL,Adrian DeFuria,https://play-lh.googleusercontent.com/-rTuGXWxy_fM/AAAAAAAAAAI/AAAAAAAAAAA/AMZuucnN9BeHKwpKN_NU48Z6Uzy8C0RdHQ/photo.jpg,"Don't listen to the naysayers, this installment is perfectly awesome and left me looking forward to more. My character felt like he was much more useful and had a bigger impact on the storyline, and Can't wait for the next one.",5,4,1.0.2,2013-10-11 06:46:12,,
gp:AOqpTOEF0nlsPjC2PaGEMqyIsXJ8IqPeGG_PeKHfMRUqNmw2z96msOmJdtRQjscZzoHQOGG5zabjeeA7Ya7I,Seth Duncan,https://play-lh.googleusercontent.com/a-/AOh14Gg1KY4EhaG9HtVPXzoWH7l-b5lFhEiyV3Fkdw8a0A,Don't Expect any answers. Half the game the first was. I'd of rather Waited another year for a even halfway finished product. Was gonna buy book to but obviously author doesn't care about quality anymore only quantity. Do not buy it should be free.,2,1,1.0.1,2013-10-11 01:20:00,,
gp:AOqpTOEt9Lz_IxG43OlFGuco_h7IjnJqfX_cGRzQwFa6G7cs_hkH6BAY7_yi7EPyXT9PW7czV7AKGED1r5th,Cfs Kuffuorge,https://play-lh.googleusercontent.com/a-/AOh14Ghzwi9Q-Yg8Oq3kb0vulRZ84pFjv0XnMbvpPhSgOg,"#1 had great potential - this was a huge flop. Felt rushed, linear, lacked combat or even strong continuity. Very disappointed.",2,4,1.0.1,2013-10-10 22:52:43,,
gp:AOqpTOGHCh-Gqb4P-w1IXiFeffcXIdIyGKdX7xRfTTygVsvBcFhXFa4Nv0b6YijZT3HXlzObRLPK6t_c4sx4,Sai Goldsmith,https://play-lh.googleusercontent.com/-1jzBQrukELU/AAAAAAAAAAI/AAAAAAAAAAA/AMZuucls60pR5Oh4edNxEQKLRoUe3R-e1w/photo.jpg,"Finally it's here, I know how much I love the first one and I can't wait to read Way Walkers: University 2!",5,3,1.0.1,2013-10-10 18:22:57,,
