reviewId,userName,userImage,content,score,thumbsUpCount,reviewCreatedVersion,at,replyContent,repliedAt
gp:AOqpTOFGZjfANkXoiy8BwQcNW3rLpfuthrGZjY_u2sSgEqxzKevImAzZhDbRrCWWU0R81UO7We8LzmNUsrN6tuo,Roman K,https://play-lh.googleusercontent.com/-4FCBC9jTA4I/AAAAAAAAAAI/AAAAAAAAAAA/AMZuucmIGjYsdwMwVlMMSMkSeDRWi_rPLQ/photo.jpg,"I bought the app. Why, exactly, I cannot use it offline?",1,0,24,2021-02-08 16:31:51,,
gp:AOqpTOGoCWzlVpUIJHsoY0n7plf4Bnu6cltBoNcDKvCwZWFnI8lJyg_jbZHUpaHlscV91k1J5PUtSOXWh5I1FUY,Sheldon Bodryn,https://play-lh.googleusercontent.com/-AbXnUn3sWIA/AAAAAAAAAAI/AAAAAAAAAAA/AMZuucn2qzFPDIYpL4892QsEuHdNb4YkpQ/photo.jpg,This is excellent for teaching music. I just need to stick to it.,5,1,24,2021-01-02 15:03:53,,
gp:AOqpTOELXC4y7Jsy89eeyZeRY_GvjctBQE-AueyoLvbRhtpjDJxIZnAUWihzB6eEIqmt_89UZWWxP2qh0_v3KVc,Jodie S.,https://play-lh.googleusercontent.com/a-/AOh14GgDpQ2zvJ0FdyOJlXi_aRQ5CA2KXsjud2knru6zmg,Just got a keyboard and want to learn to read music. I believe this will help a lot. Will edit update in about a month to let you know of improvement.,5,2,24,2020-12-23 22:36:21,,
gp:AOqpTOHhElU708y4t2XoFW8nG_Lsj39JSlWWVmha_2f3K43C_URa2NRf2zmXQ85XGYBlpOmM91D6bp8cPdKOWpg,Greg Burns,https://play-lh.googleusercontent.com/a-/AOh14GiAq0l-4hHcC8TcsWC6Xk3Ueb9-DpKi-sYIbb32,Very good,5,0,24,2020-11-15 22:08:26,,
gp:AOqpTOEpeeK9YBoxbfjQz_y76xtqGzUmdWnoSrxLkDg_rW7bviLRQMiO6--_UR24ZJye9IqsQkyHup-C_Fm-Ph0,Philippa Affleck,https://play-lh.googleusercontent.com/a-/AOh14GgxhjRhCkVSQLSAoTd4Hpm6jdwlNSGROU1jhJ-S2Q,It's very helpful and remembering where notes are in the staff I use it as drills in my spare times during the day awesome app,5,10,24,2020-11-15 10:41:26,,
gp:AOqpTOF8wavitBJBOHKSc0yEk4VO88nEI_zfcxCDf57Y9h_brZ1orSOdanEFyc1E_YykF8jYZozUbfW3Iav2rSQ,Buad Annan,https://play-lh.googleusercontent.com/a-/AOh14GgBfukOsLuKyl8nV4BBcatLbkji-wuTpiFRLrViWQ,This is one of the best practical app for sight reading... Infact you guys are good.,5,2,24,2020-09-02 10:43:04,,
gp:AOqpTOG-N5JUdlYyBI8Zsnu2fg_d7PCIdomnE5NUTjMCOmaZBVOiTcarQCHtkV8vUH2FTJdBthlte9BHdQ0h3yI,Doug Lemay,https://play-lh.googleusercontent.com/-6zWYwmK7-j4/AAAAAAAAAAI/AAAAAAAAAAA/AMZuuclN6ifew3pdaO9EHUQ5ineddMlc4g/photo.jpg,"Does exactly what it claims to do, helps me learn.",5,1,24,2020-08-11 20:31:12,,
gp:AOqpTOHYoSlemJCZke_8Pd7-PuU8MMg5jk6imzy0RwY5pz7HVdAvVru2BCdKawPVxNMcMrK8YfdhG0cnMAav5RA,Haibo Xu,https://play-lh.googleusercontent.com/a-/AOh14GjmvA6O2AHaACTPoz0OujzK-Wm2auo_47VWT-yhBA,Great aid,5,0,24,2020-06-05 18:34:04,,
gp:AOqpTOGt4d9j6qzlh4cuu34pzLXfJFeFK8IAq97X4ryssWEddqTBnMqe_8j6zxtDes3GZEybQuygzMp8lWBUrNE,Michel Mullejans,https://play-lh.googleusercontent.com/a-/AOh14GgwzRFme2V7tZ31DNUaocPV8bges9hBbvmap8zadQ,"Very effective sight reading app, the only limitations are imposed by the screen size.",4,12,24,2020-05-25 09:07:10,,
gp:AOqpTOH7aY7rcq_mglI9QD18PxZVnlbWdWUwQgIOzJHdo1-gIqvbNeD3pBKZXzwZqwd_RRlijSuc4PVwuFvSa3c,Carmen Irene,https://play-lh.googleusercontent.com/a-/AOh14GggS5PGPPRKcXDF-viAjs9MLPfg18iV7S3AIfg9kyg,is perfect to practise...,5,1,24,2020-03-17 13:30:59,,
gp:AOqpTOHQq6pIH1I6MGneIK1LngENkFvJDX00mjS4DCGkovgsMrhYrXgc_Eh5wjZySjy7FW4LduBjOQy9JJ-9Yss,burapicza,https://play-lh.googleusercontent.com/a-/AOh14GhS3yANHcjH5i-VazHfxXrNfr02_sms4O8dTX4ESQ,"Good, but you must have internet to open.",2,2,24,2020-03-04 04:53:13,,
gp:AOqpTOEQz1Xi1DPfLTAW-k3CueNqQuO85UepRW2qxpoPJ7sSEL-VMnUacmCCepFzisMkeGTOHHcK7oGct3I7N5U,Johnny Nguyen,https://play-lh.googleusercontent.com/a-/AOh14GidIToRgFnfWufUl3LTLEC8sgEb0xHpo2ND7TysCw,Very good for beginning notes,5,3,24,2020-01-20 08:29:00,,
gp:AOqpTOHaQkMnJZ-OueqxBnvDzOI-f_kps-Ycyfa9v60XXeZ6j2dLTGvFNkbfZbaqerHeKOkVaaf1gYuT9li2HHs,SSSN Al Jamalullail,https://play-lh.googleusercontent.com/a-/AOh14GjEzol6Hmkw-zsc0-TiLvoIChSYm5W9ZzTTLNcE,Good apps..,5,1,24,2020-01-09 16:17:10,,
gp:AOqpTOFFR-2Ea5Lzn48MsrZm6JGqISvLEnnMzxZNSan-Xv7tXGsIi8rfy8oBcm7KY9KNH_WdcaDQpQcZ4sKUFes,Shu Chen,https://play-lh.googleusercontent.com/-PCPnBBfzerE/AAAAAAAAAAI/AAAAAAAAAAA/AMZuucmXEDex41bv--k0r_-NyZcHSUjUjw/photo.jpg,The app works great! It really helps improve my sight reading. It's a 4 star because the app on my android tablet does not work when I do not have a WiFi connection. It wants to verify purchase when you open the app and it can't do it without an internet connection. So the app does not work when your device is offline. This is really very inconvenient. I really hope owner would change this setting. Thanks.,4,30,24,2019-12-22 11:02:28,,
gp:AOqpTOHD--2JhY5z0gW3_KEucOofIWi3h4WK6oVsHoQ4SGnoR0Rp-BZxcX5b5c3QL8o3isTNNJQG3YfPXcNK8R4,Mohamed Kamara,https://play-lh.googleusercontent.com/-ZU7EDLHcnT0/AAAAAAAAAAI/AAAAAAAAAAA/AMZuuckubFXNrnb2Y2M2Ubfe3hHeLUOFgg/photo.jpg,Well done! At last! The Piano comes home!,5,3,24,2019-09-09 19:49:05,,
gp:AOqpTOEr4d_7_IsbtH-U08bIsBhcxYX66tTogf6PvdgeLNhSR2_8t3eFZdeA17wCGCGvfs7S77d8r_wMm24VH_U,cinivas talari creative factory,https://play-lh.googleusercontent.com/a-/AOh14GguCTupYEmJvfudk0UtkuJmMs1npQddRwt8iqoW,very very useful but should extension keyboard octve,4,29,24,2019-08-17 08:52:32,,
gp:AOqpTOFvKNMjmhXgbTDvFenaxw302FAwUem048fdYixb1BMdtFAadgUUH35oVMGNVTjKhJSpgS_vmA3M8ea0ZZg,jenny oo,https://play-lh.googleusercontent.com/a-/AOh14GiF6u7iHGZPxyp6fk9xQYusxBcuCBNny-dGhWbcWg,very good,5,1,23.0.5,2019-07-27 19:01:43,,
gp:AOqpTOFdvhycAvtgZErG-kZ-o4swJlyar00VUaH8U03mzBlG-Tf_PszAnYIriQea9LgMIPMMBwj0cvr2Un_9IcI,Sharon Nahirny,https://play-lh.googleusercontent.com/-DM4XqdEE2gE/AAAAAAAAAAI/AAAAAAAAAAA/AMZuucmKdb-P-MXH3zXP5d0wu8phwEbMng/photo.jpg,love it,5,1,23.0.3,2019-05-09 18:04:48,,
gp:AOqpTOGFxmVu-0Me07MYXtxsa_u-b7W3BxzC94TK_Y3OrXycWS8TJSvaNEgKH4g1nxdVA6cTE0N5wcInyy3b-nk,Jon Cotton,https://play-lh.googleusercontent.com/-k5fmZM1XCd0/AAAAAAAAAAI/AAAAAAAAAAA/AMZuucnmF3Z6fzolpyiICvzdOUzgo0zw2w/photo.jpg,Excellent app for learning to sight read music. It does seem to consume alot of battery life.,4,12,23.0.3,2019-05-06 10:26:18,,
gp:AOqpTOHwUGdaBJz0JOty55NN3HPLDeXX53NKrVWWEEdBrUYNsqPeoavwfmWdnb244_fkZn1gruT8Z9k9EC0uCKU,Sherrie Keys,https://play-lh.googleusercontent.com/-HhDLFaUZgP4/AAAAAAAAAAI/AAAAAAAAAAA/AMZuucnAAMjOueNUcseP4odtuPDMKjFFlg/photo.jpg,Won't download and already paid. Have enough memory.,1,48,,2019-04-25 04:52:43,,
gp:AOqpTOHlfQYB_nldBciE7HQ7zi_jmKQ-I3DFQnMpzt4tZWD-Wd03R-R9nun-ZhLG3K_hu3RBCpG_pQKCKrr2KJw,mandong eric,https://play-lh.googleusercontent.com/a-/AOh14GhPJHuF4IQ4p-3iTfcOUuuS6mPUymNe9Y-jlN6d,love it,4,4,23.0.2,2019-03-17 08:59:11,,
gp:AOqpTOGvC9dExuJlhJmu50uGc68ciPAqBU0oaJB-KgRIKdGk11gkar6GEU2xAUO27JOYWVmXl4b098prDvrALPQ,Val Gradwell,https://play-lh.googleusercontent.com/-np9UYe4l10w/AAAAAAAAAAI/AAAAAAAAAAA/AMZuuckiFV0ZO4BsTn4cnjkCwnZ2pmF6ww/photo.jpg,Learn your notes quickly with this app. 10 minutes a day works for me.,5,51,23.0.3,2019-02-28 11:58:28,,
gp:AOqpTOEGfvD_Jt5367GYlsFP4-uCWtHIsjiIp18OVMzWsfuCb4FsB-8Tkb9u4qQuOikIwkdUhZ21OT9jD6BeQVA,joseph k d,https://play-lh.googleusercontent.com/a-/AOh14GiQExjx8HAgV8hqNkv-L2r5QtZKTSgdvk2YCIpW,Good,5,12,23.0.3,2019-02-23 11:07:04,,
gp:AOqpTOEWktWN56YiO2xM4rcgFrjY0RbW9Aq76ZU03YaP6FM3axaWc6Kp-3wNKmh9BmbBTswj_ataUX551bIyzxE,A Google user,https://play-lh.googleusercontent.com/EGemoI2NTXmTsBVtJqk8jxF9rh8ApRWfsIMQSt2uE4OcpQqbFu7f7NbTK05lx80nuSijCz7sc3a277R67g,i like to do this,5,3,,2019-02-05 07:14:13,,
gp:AOqpTOGBcIW9P0a1U1pUrr0La1OM9lVfXXqeOQCImCkDd8ZkSQGjiWVVumNHLFIQnfUZwCLr_g8YK9p9kPw96Dc,Carlos Tschen,https://play-lh.googleusercontent.com/-jtWw0zXKmMA/AAAAAAAAAAI/AAAAAAAAAAA/AMZuuclEHNLK8Zpxn6oXNAnS0UvE0hHZVg/photo.jpg,Great App for learning scales,5,5,23.0.2,2018-12-01 06:13:14,,
gp:AOqpTOGpTV-PGpHsnLUbLMIjjnfE-UyzmbPR8Ec-ub0OBCXmZU1QlWIYl8xWj0UNI5kjYYU-zO6QOJoXOuVN92g,Jay Atienza,https://play-lh.googleusercontent.com/a-/AOh14GgFu1HVIwGS8vHziuosXqTCbq1SQqdbciK9kk-wrA,"does what i need, practice identifying written note to a keyboard. i turn off the letters. i like that i can set for smaller subsections of the staff. app has lots if options. i wonder if there is a similar app for guitar fretboard",5,35,23.0.2,2018-11-17 08:38:09,,
gp:AOqpTOGEPzeoNXwPfZfKadj_40QmsKc5qu6KWavduz-itpSI6SgoDexne7GZrMHdFNLNq2PmFzVZEf0IKZmg6lo,Keith Holmes,https://play-lh.googleusercontent.com/a-/AOh14Ggs3hRDWgVZK01HG-591jQsDIp-BwT84UWo-Fq5,Very useful.,5,4,23.0.2,2018-11-07 08:34:42,,
gp:AOqpTOGlP_ZE_-9hdzf1J70Rkw8fDyrARpJI46ha4R1UO9ZbUNnJxvGVOBQV633ZA8WoXVOvuF37AuwIKhi_9xE,Manuel Miller,https://play-lh.googleusercontent.com/a-/AOh14Gix2Se8iqJGLjgV_Qgc7kKRaESjWXn1QfJiGyoX3w,Still trying to figure it out. Basically just use it to practice sight reading the new notes I'm learning. Only been taking music lessons since February 2018,3,16,23.0.2,2018-11-05 11:20:06,,
gp:AOqpTOEA0JzVh8CRVVr7-eiJSnuRkMwMsMi11hWctfPxB_cP3JyA0lQ04-ckIDsqM4i8BMI4eZjZFuwZX4ymjPY,A Google user,https://play-lh.googleusercontent.com/EGemoI2NTXmTsBVtJqk8jxF9rh8ApRWfsIMQSt2uE4OcpQqbFu7f7NbTK05lx80nuSijCz7sc3a277R67g,"Awesome. Rapidly improving my sight reading, and there are plenty of options to increase difficulty levels. Excellent app!",5,43,23.0.1,2018-09-21 16:00:15,,
gp:AOqpTOHF0dKy71d0UN1xmlUmx2LWijKM_ycN2ANojCY0BiVUFp9ihnzkg9s2eDNwZothAuSr-Qd4xqn-5jybYLw,Kemical-imbalance,https://play-lh.googleusercontent.com/a-/AOh14GivQs7K418J6szJF--ZeXfF_Q_P4YSaT5z3viD6iQ,😮,3,2,23.0.1,2018-09-04 09:24:14,,
gp:AOqpTOFFYCb4ubtdyNXXDR5vATwvHEYirsktxgFdCEtfzCuOI9EKWJ-2dvedcZI2rZMJyvlUtPdldV71Pgdmigw,Jill Schmidt,https://play-lh.googleusercontent.com/-FlL-TGBK9NI/AAAAAAAAAAI/AAAAAAAAAAA/AMZuuckHoKyxq31N55Bl3kjGB1gelltcbQ/photo.jpg,Great little tool for learning notes on music and keyboard.,5,1,23.0.0,2018-07-20 05:53:51,,
gp:AOqpTOFshftIAgHlM-itJFi46amXlU2ptUDbqe5HJJL_Tn-2IuIsEoghAiVUaddBIyNwsSSCN79cECDFOwAzBoM,Miguel Aguilar,https://play-lh.googleusercontent.com/a-/AOh14GhNWhKxWIG1L4elEI3kNJUZJdHD4U5D3a4nV-vFiQ,"This is a nice and free app. It works really good. It has ads but not that 
bad just in one corner. I wish I can buy it because it looks like there is 
not option to buy it. Thanks for the app I really enjoy it.",5,1,23.0.0,2018-07-07 02:59:07,"This is the paid app. If you have this, you have paid.",2018-07-16 07:20:20
gp:AOqpTOFh2MeqnwKiIKm38CfVfPSqA1d_zD4zuSYVFrMGHDIYoRdX-4aHh1bfjwBMt3_fLq_Fpj_uLqmlSNhzEAY,Ben Fuller,https://play-lh.googleusercontent.com/a-/AOh14GhEQT6OYQTXO0QwdAqVa_r_2d27nxmEywxatycjtEU,Useful tool,5,2,23.0.0,2018-06-28 08:14:35,,
gp:AOqpTOHKe9rLIZFPasDgX_1aRkWpVsmv-lPXEYch9kWrmDJerITElmTbrrHONtNgiBg_-pRmyT8mkvQq8p8zKDs,Jonathan Newman,https://play-lh.googleusercontent.com/-A2JIHZwPd4Y/AAAAAAAAAAI/AAAAAAAAAAA/AMZuucnWeMxfbRvd_f1oSV_kjGffdBxv_g/photo.jpg,"very effective, a genuinely useful learning tool.",5,4,23.0.0,2018-06-16 00:11:43,,
gp:AOqpTOHigFe6qw4be4U7omX5NSvpTTbHvBRfwtLNrdAKWD7QInhvYzBNCQFfxsqLcAgQe01vyyJvNK2sgauyLns,A Google user,https://play-lh.googleusercontent.com/EGemoI2NTXmTsBVtJqk8jxF9rh8ApRWfsIMQSt2uE4OcpQqbFu7f7NbTK05lx80nuSijCz7sc3a277R67g,It's awesome!,5,4,23.0.0,2018-05-27 21:00:58,,
gp:AOqpTOFMOovoOTFRZJlMbT0l8lPp7WFzh0SoQMVepqPY82dp1_y04Z9MC9sCppNaxAJP0MdHC4xlBpiuJsgCNFQ,A Google user,https://play-lh.googleusercontent.com/EGemoI2NTXmTsBVtJqk8jxF9rh8ApRWfsIMQSt2uE4OcpQqbFu7f7NbTK05lx80nuSijCz7sc3a277R67g,Its awesome,5,2,23.0.0,2018-05-12 13:02:59,,
gp:AOqpTOFVBK2-YdOj6wZhpMc5XFhDyPKaUabPiH2AoxH9RaXJ2Oc3b3fzalr_1z-lWcZscICce35PQjQp_zJYGfI,Joe Girard,https://play-lh.googleusercontent.com/-RrBuTqdDmeg/AAAAAAAAAAI/AAAAAAAAAAA/AMZuuclXguSUK9JN-THwrpT3L7V9t1KXvQ/photo.jpg,"Most effective way of learning to read music I've found. Ten minutes a day 
is all you need.",5,6,23.0.0,2018-05-04 06:01:37,,
gp:AOqpTOEdmNCmNBppQHSuCfGiL1Ooed_Wf0IUPWO_daLXp_36bPAAynfv9rPIChhvvuLkDgg5n0gjPjECn78c5w8,A Google user,https://play-lh.googleusercontent.com/EGemoI2NTXmTsBVtJqk8jxF9rh8ApRWfsIMQSt2uE4OcpQqbFu7f7NbTK05lx80nuSijCz7sc3a277R67g,Learning notes and keys very fast,5,4,22.0.0,2018-04-07 07:10:49,,
gp:AOqpTOFAv49YFJy2x2y6p74j0WQwPmrAQZd9vk89b3e8xKh2fHWrQLcsv_UMlNHDzZbhRK1iNPHvGSNbu_whwyE,Paul Stafford,https://play-lh.googleusercontent.com/a-/AOh14GgRrTnSSU_1MPIqS8gniByhvFDsjLUTTVYyErTo,Very helpful practice app.,5,3,22.0.0,2018-03-20 02:22:27,,
gp:AOqpTOF2h4qL_qV9FtasI8fFdzmFgS-fEdFozFO5D1WDksCgfTqL_5C5ROGWMPL2JGLsX8BnSm1ndBN_QPyJSZU,Leonidas Hadjipetrou,https://play-lh.googleusercontent.com/-EmVhG23Bwls/AAAAAAAAAAI/AAAAAAAAAAA/AMZuucmSvluOkU2v2yi1gjkMYArG4NH79w/photo.jpg,Stop asking me to write a review.,3,4,22.0.0,2018-03-19 06:49:04,,
gp:AOqpTOELGMdr6Xf0cIbFSXey0HlVKyFx_LzZ1rdZdeKTk4uEu8jvhD5tmgwKs3N6RZoZmcy-slj0XIvszFLYdqU,Stefan Dirnstorfer,https://play-lh.googleusercontent.com/a-/AOh14Ggih50gPNM2i5r6zy1TzUrE9F6bDi91zC9UdqrD,Very easy to use with lots of configuration options. Its perfect for learning to translate notes to piano keys.,5,4,22.0.0,2018-03-04 00:03:55,,
gp:AOqpTOEJYR7lqUxaafXTHb5nJyn6QYLwDioxjh7dKtHhNEb69SFmTFs2IjGefz4w_TI8uYRsl21N1GfGuHnGFpI,A Google user,https://play-lh.googleusercontent.com/EGemoI2NTXmTsBVtJqk8jxF9rh8ApRWfsIMQSt2uE4OcpQqbFu7f7NbTK05lx80nuSijCz7sc3a277R67g,Another key like sharp and flat,5,3,22.0.0,2018-02-24 22:44:51,,
gp:AOqpTOGnfSPdkK9IaQjbIqrqNQg9Ry5hzjAaEWBkxRKm6dFL6nf0fWgyQKacj1LWgBS1oa9vRsngWaGGCZHmRMM,Martin,https://play-lh.googleusercontent.com/a-/AOh14GiKUxvI_1kaIiMY7fBlCHsxkjMVjKTjXMCuGTSvRqs,Fun and easy to use in learning how to read music  notation,5,5,22.0.0,2018-02-20 12:22:32,,
gp:AOqpTOGFTNTsqmc7kUb3pKs-WMsHGQPQtuj9RbIpuxI1oX2BDFlzWpbdUM4ojbfNe-duOW0UgxyRzvE2yK2xW-Y,John McCloud,https://play-lh.googleusercontent.com/-CZMj_-f1VSo/AAAAAAAAAAI/AAAAAAAAAAA/AMZuuclRz_ZU983V3xw50TzIAKCoI0ScVw/photo.jpg,I've used this app for several weeks now and it has helped my sight reading tremendously.  I highly recommended this app. For me the Improvement was not really apparent until after a few weeks.,5,4,21.0.0,2018-02-12 05:17:01,,
gp:AOqpTOFB9umHXAdAn4hqbzTvn6klxR7XQqlEqH5oWVaOtF09SEvUZcH-e7c9DxtskW4hJdqtDXG9jPmhJRmDl1I,Victor Tan,https://play-lh.googleusercontent.com/-VfZvTElJDmY/AAAAAAAAAAI/AAAAAAAAAAA/AMZuuckrWnLEA3Bh8uQeQcewVswai5Tc_A/photo.jpg,"Exactly what I am looking for. Comprehensive, yet not too convoluted",5,2,21.0.0,2018-02-03 23:42:57,,
gp:AOqpTOGq9W9RShvYQzo1t7QD83gL9EQ9588QaQ1nMPFav1wIJRkNww1Xxl1ccunMc0kKEq1_G18OSJeAKcz4ToY,兄秘密,https://play-lh.googleusercontent.com/-xBz0wl1AR3A/AAAAAAAAAAI/AAAAAAAAAAA/AMZuucla4V2j4t3vzzlAqMHK-mcfKLD5VQ/photo.jpg,Really lets you learn at your own pace.,5,1,21.0.0,2018-01-17 18:55:00,,
gp:AOqpTOHDTs02jvkBJJmo6XFpQl-RiJ1bT-BpJzbzNl29gKntNOdHLWtrS38NE22slUX6yk0Tv40B3JX6-uu9svQ,bobbyjohn mullen,https://play-lh.googleusercontent.com/-JShOvr_MaOo/AAAAAAAAAAI/AAAAAAAAAAA/AMZuucnEUsRnz-iv-rXe-DnpzBJtE7Oriw/photo.jpg,Great aid ...,4,3,,2017-12-29 02:36:58,,
gp:AOqpTOH3An_gYW6S4D39fRCVYkr_EFvPzL2xYJH61VcuZrc8txfcOti1-V33_cZNNt3vuPosb9GUFWQt8YB16bM,William Nelson,https://play-lh.googleusercontent.com/a-/AOh14GgSlXCBwJSF6XCmdlkr1x3M070EnW6I0lQihFfA,I've got like for piano teacher apps and this has got to be the coolest one. You're able to turn on and off the note names on the keyboard you can do a grand staff for piano. It's got different instruments different clocks that you can play in way slick,5,6,20.0.0,2017-11-10 11:18:04,,
gp:AOqpTOH5d5rh0pdloaigxR6KDHtM_YSaMXaNt6CyQc09iYtr4IXFTLn0_WB3YuZeNyY5kwv9Im2mNF4ij8ntGnc,A Google user,https://play-lh.googleusercontent.com/EGemoI2NTXmTsBVtJqk8jxF9rh8ApRWfsIMQSt2uE4OcpQqbFu7f7NbTK05lx80nuSijCz7sc3a277R67g,This app is cheap. Worth every penny,5,0,19.0.0,2017-10-06 13:32:56,,
gp:AOqpTOFd-Ep4S0mTlrb4yVj3Ht9xOPpWAoMb-gcGR80jg22Obs60otzQ19YQCON_PkgdLOKnQ83hMc5KALdrCbo,Bruno Rosa,https://play-lh.googleusercontent.com/a-/AOh14GhB3cvb3k24zcbArTb0NAuxC3aAdsEGjbiqgQJG,Amazing app for learning sheet music. Has everything you need simply,5,1,19.0.0,2017-09-27 09:47:24,,
gp:AOqpTOHTUuiTM8MULglQkycq11GJWIaLUA47xxeO8gdyisd70BZWBPFYOfgMG7sPQnaSWzb3t3_OzH40uaCiQSg,Hauke Gründer,https://play-lh.googleusercontent.com/a-/AOh14GjW-mVpeBK6xXgO7cT2dm8sWb3KLEko_SQq0_1ojw,"Great app, but it asked me to write a review every time I used it, so only four stars.",4,1,19.0.0,2017-09-16 02:14:52,,
gp:AOqpTOHpcL34MK8nMS2u14rXRphZyWIWj98SRRKALuh19Fxu94FUu0kwc9dxtbgvDUHOZBoUms-bkK3ZbMBHdwU,Gerry Bailey,https://play-lh.googleusercontent.com/a-/AOh14GgRZI2Yp5bi72UcM0nm8S2EEFomERFJURKPgQ0w1Q,Have had real problems trying to read music...this app has been a real breakthrough cos I can do lots of practise when I'm not at the piano...highly recommend.,5,6,19.0.0,2017-08-19 03:05:44,,
gp:AOqpTOE5dNoCaEirshwUmoEMXT1A7uIy-FlCK33Bm44Ka90LMdVC4AAZ6nOvi5FqJzvi3w9-F3fd-uIe5cHhDgg,Steve Scott,https://play-lh.googleusercontent.com/a-/AOh14GjAxPbcmzhLV6AvaCRlV4D-Whrd86Jc1FDz-NwB9A,This is ideal for me. Learning where the notes are on the stave. Only had the app for a couple of days and already getting to know where the notes are. The only thing I don't like it now since the so called update is the higher notes disappear from the screen.. Get it right tut,5,1,17.0.0,2017-06-23 02:45:24,,
gp:AOqpTOGbtX47DfP0RzpiqcR6FbDyZpTgvRwei86wHS6IVf3MEjZwhuAz5xfiuayLZK7w9GlQoPeneMcJJt3eXa0,A Google user,https://play-lh.googleusercontent.com/EGemoI2NTXmTsBVtJqk8jxF9rh8ApRWfsIMQSt2uE4OcpQqbFu7f7NbTK05lx80nuSijCz7sc3a277R67g,its ok,5,1,,2017-03-28 08:00:42,,
gp:AOqpTOGMYGALHJWf9beUk_8J6M3KRw35LpjbXO1h4ijveuxgZUnPqka8z2gRn0rcKwDA2wKxGwppqqobUPNEluA,David Steven Rojas,https://play-lh.googleusercontent.com/a-/AOh14GjwXG9jQSaN9v61n7YvCzUSfnE61ecJd42Iv66caXo,Liked it,5,3,15.0.0,2017-02-25 08:50:05,,
gp:AOqpTOHyiPnPppFXzZUl8iUJsmL3ScZz1tEbLrBuFmmCJQCc1FDJDfHm3baaZdU46hRavHf6XZqW0V0dU8a-djw,Cyi Taiga,https://play-lh.googleusercontent.com/a-/AOh14Gj64LCev03ZL-dCt8wj5L75HecAX5U1q8Im_wZAIQ,"Love the piano learning, tells you the correct notes in an easy to process way.",5,1,15.0.0,2017-02-06 05:13:25,,
gp:AOqpTOFPNYq8kZ-dLcpUKWjDuNvqdhX3uC087OSQv4xk-oyeycNVUm7M9Yk_T28PS6hFDLYe_zgySI-l9x05H9E,A Google user,https://play-lh.googleusercontent.com/EGemoI2NTXmTsBVtJqk8jxF9rh8ApRWfsIMQSt2uE4OcpQqbFu7f7NbTK05lx80nuSijCz7sc3a277R67g,Eine großartige Hilfe für den Einsteiger.,5,1,15.0.0,2017-01-22 04:11:31,,
gp:AOqpTOGGp9RxN0-_KizXQEToZ4drQyn13EaZm2JEJowwkTlkmN7LEuefYZY4lZFDsmX_uULrU1AFEBhVPkSDDrU,andre coulter,https://play-lh.googleusercontent.com/-lKKnrGVtKq0/AAAAAAAAAAI/AAAAAAAAAAA/AMZuucnRmS1bXHyAy9jnEVqmDeqlhDMTxw/photo.jpg,Need thirty years ago,5,5,15.0.0,2017-01-08 17:50:09,,
gp:AOqpTOG_sD2Hz-rbVPS33MIT3UKc4FCZCJtfOoS96_d3D6RljLfRehGpv9vdNpwOhkv3mvo9yNrsOzjkUG_Ib1Y,Juan Lopez,https://play-lh.googleusercontent.com/a-/AOh14GgEKGaMhFW0D-E2YEq3jgy_-JV8XjL2IUUB25dU,"I didn't have to guess the notes, but practiced from answer tab before trying to play. It worth mi effort by results.",5,3,15.0.0,2016-11-22 16:12:34,,
gp:AOqpTOH_gHVL1CwehWpjo763W-NFedkYU8Z4y0pYvYRa2plEyKglm1ioFlQDDFXq-7WrrzoaiSspI9Gt4UTnauc,A Google user,https://play-lh.googleusercontent.com/EGemoI2NTXmTsBVtJqk8jxF9rh8ApRWfsIMQSt2uE4OcpQqbFu7f7NbTK05lx80nuSijCz7sc3a277R67g,This is the best app for beginners who don't have teaching assistants at disposal as far as music reading is concerned.,5,2,15.0.0,2016-11-20 02:40:58,,
gp:AOqpTOHdGKsSAImi3_39VrVHuI0qvvUdcXUNKIh7bKiaFQmc3WvsUExbOBcviF0QvoDrJsnDEBZNFRd18QyZh8w,Pamela Rodriguez,https://play-lh.googleusercontent.com/-xSwrgOjk78Y/AAAAAAAAAAI/AAAAAAAAAAA/AMZuucl7CL5cbHuFaEKZCYk8VL-xxqAcOw/photo.jpg,this is a very great tool to help you learn to read notes. I wish it had a way to only go through notes you are having trouble with.,5,11,15.0.0,2016-10-24 02:56:07,,
gp:AOqpTOGe_cGFdqfa0Dphq3SXsfgjtzMpXupQy4s10oWHxCGnL0o12E2jWOe7U9y0cvVNjVD166idMLciS_bnNn8,Heath Hightower,https://play-lh.googleusercontent.com/-mE9lywysb_E/AAAAAAAAAAI/AAAAAAAAAAA/AMZuuclm3Gez9Xhi0H9rVoNdOCaC9demHA/photo.jpg,This is a nice and fun way to learn reading notes and the piano keys. It is a little slow when playing with sound. Multilingual designation of the scales would be nice.,5,6,15.0.0,2016-10-20 05:35:23,,
gp:AOqpTOHFnSJK4R3Wh51BgB5-Qp-ZaRQUhdMPGH_j5ImPl9BrwKDkkc6jf2U_HkowzEAzzzvTvPXX2S8CGu9-NZY,Maurice Soye,https://play-lh.googleusercontent.com/-VorhJLK3BuM/AAAAAAAAAAI/AAAAAAAAAKw/AMZuuck3DoEeaUIlwe3mXPK3n4B_rOl8ng/photo.jpg,Love it,5,2,14.9.0,2016-10-10 09:39:42,,
gp:AOqpTOF03S8lPgcsqVMk57027xQf8CkyNQNWLyunzlLvXh4lBGs6FNntDJdaAHzKT4XwKak69wrgCez6HYZB3pY,altebo,https://play-lh.googleusercontent.com/-Ib1ESrkwaXY/AAAAAAAAAAI/AAAAAAAAAAA/AMZuucm8VYJv1p8-bitazS15r62Bfv4maA/photo.jpg,i have tested quite a few apps. if you want to learn to read single notes this app is very good. i liked that i was able to test the app before deciding to upgrade. you are not forced to buy the cat in the bag. another aspect that i really learned to appreciate is that when your old cellphone dies you can get the app on your new cellphone with no extra hastle and free of charge. unlike other apps where i got disappointed by being asked to pay again.,5,3,14.9.0,2016-10-09 22:52:44,,
gp:AOqpTOHnBXq0bwxexGsiY-3jpF0RGjzfd93F2SEdjQWztBl0brnxaX6Nx9L3OITCU2FAR3zrh5PX8GzGa3IUJHQ,Angela O'Brien,https://play-lh.googleusercontent.com/a-/AOh14GgGiMHK8DGbIIXLTEW5Y6afP-NKGuzAWicNP4mCAQ,Immediate feedback. Customiseable difficulty to adapt to your progress. Simple and to the point. I liked it so much I bought the paid version.,5,3,14.9.0,2016-09-26 10:51:47,,
gp:AOqpTOEZzUYFPFhwweBTjk1leKSXts6MjH6I6SNOy5uMXoVvgX_EWrwY4UvBx6lOh5dyYzvgyhVQ5wYjHhr8CuA,Michelle Hedges,https://play-lh.googleusercontent.com/a-/AOh14GgDk72U9r3447PBnu7Y5r3NPZZBLJ0l-3-Rt9_eJ4c,"Aside from not having a full keyboard, my students have progressed rapidly using this app in their lessons.",4,4,14.9.0,2016-09-01 01:38:41,,
gp:AOqpTOHqtce38DQoK7QecSIkWKJo42zRKKi_LvbPzD6_KCx42roU6sB7wig2TIiF0px9hTd-JZF9oPZ8SWQlgeA,Rita,https://play-lh.googleusercontent.com/a-/AOh14GjF3qAc2lcvRIM1-TEqgPyrbI9OiEYxN4T8d8KpdXc,Easy to use and understand.  I whip it out for some quick practice whenever I have a minute.   It gets right to it and it works.   Get THIS one to learn to read  music.,5,2,14.9.0,2016-08-27 19:50:43,,
gp:AOqpTOFzSkkpsIG8X3y_2NTbnswN0cajpbYtNNl27bsIgdVa63kEEblpaTP-lQv9BS_Cugrn6FY0fNIfaT76ems,Thom Nguyen,https://play-lh.googleusercontent.com/a-/AOh14Gh9eC-kAEUATQz5X1NO7jANbv6MSO1o5THVf5YJ,Pls turn off the couting sound when doing 30 seconds testing. It is really disturbing. Keep only the note sounds. Thanks,3,6,14.9.0,2016-08-26 18:35:57,,
gp:AOqpTOF12GG_euA_bLxQ8zYMahiV3bnw1IZZlBdfOCpRkuBTZ3N0amBIndQ3r08fE6edwKXZm-lMYggIOOzF5rk,Tony D,https://play-lh.googleusercontent.com/a-/AOh14GjvodGKl_0wEn3_7ASSxVYLwVTHp-4Q7Nzu5V-n_g,Very handy tool for anyone who wants to learn,5,2,14.9.0,2016-08-24 22:08:33,,
gp:AOqpTOFpGNSsJA-HZ_jDv76Sz4CEIwTpFLFe0Ileo3c1YJvD58LIh_nJLsVwgggVVsh095XVGjBrfthBwZ7hTeI,Christa Bennett,https://play-lh.googleusercontent.com/-Not53iNqNNY/AAAAAAAAAAI/AAAAAAAAAAA/AMZuuclbEloQyuHUWMWhTOqBvd1jFXfpKw/photo.jpg,Best app ever,5,1,14.9.0,2016-08-10 03:48:42,,
gp:AOqpTOEKPtMrySB0i4saBSM9PbFeUZos7bFrFFlxd5Zc9ipgzz1LU3xzmA4qbOAcRFiGpKPHFnGCfaL7uauHiV4,sue culling,https://play-lh.googleusercontent.com/-Br1M6LF7Wos/AAAAAAAAAAI/AAAAAAAAAAA/AMZuuclQqRIcgHXvA-Is_F5PMGVnfNyBlQ/photo.jpg,"I thought it was good. You need to be quick to reconize the notes if you were reading them. I think this appt would do that. Practice, practice",4,2,14.9.0,2016-07-31 20:03:09,,
gp:AOqpTOEh7S08OFiUrmfiyQv3k-twBEDklM4SlQdfXQT05pptfpm8XpTKJnCxibUUECaHT3GUZQwPA4xO3qofpIg,Pervaez Athar,https://play-lh.googleusercontent.com/a-/AOh14GiSkfSDaD9pXJN_zzZSHPgyhyiTKMaGs8AaWR47,Good app,5,1,14.9.0,2016-07-08 18:44:32,,
gp:AOqpTOGc3jxEDsfo1d4jGj80uZ7NdAzmGPA_zTplfE_s3oUS6DRn8dlg3NLdqiZYzkaqvbEH9PxsBU5DQ7oKask,Brian H,https://play-lh.googleusercontent.com/a-/AOh14GjM9-AGd_WaElHaEaGM44N7S-h0tYK1bHBXoyBm,Would be great if could interface with full keyboard like others.  For what it is I have to give it 5 stars for being on a phone/tablet.  Add guitar wud be really nice.,5,15,14.9.0,2016-05-15 19:35:44,,
gp:AOqpTOGx8WlvlVcT0ZKy5O37Lem4pIml1yPi6sooi3ZW3uP1CsDH8kyxWiZW635BERR5hY0vkjbLaGtHp-LjfZc,James Williamson,https://play-lh.googleusercontent.com/a-/AOh14GhprmSR1Psa7jJhBi9Kx7Nl5hDC5_3P6DQZYSG2sQ,This one is better than many of the simulator ones out there. Recommend.,5,4,14.9.0,2016-05-10 00:05:01,,
gp:AOqpTOHJQkGmVeGza21p2RoJFAOmC4pjE6Irm1_5IZuIzEsWsHyovfxzfKPPuM_HYtccoW0UE5BjwZy1mCyVlLE,Autumn Hartman,https://play-lh.googleusercontent.com/a-/AOh14GhWFGzf6YK7W-gJJ2c23R-mQljOsOk0YUgU_0fXxg,"It keeps stopping, and the free version works better than the full version",2,2,14.7.0,2016-04-29 06:23:25,There is a new version that address this problem for Android 6.0,2016-05-02 06:19:06
gp:AOqpTOELyWEkL0P4GYbz-PAZwqXZ0ZOorMdx4vKxEiqXGYekjnZSkL_I-ghDgTa54PEE1PnXi056I5AD3Jf5FeI,Jesse Shea,https://play-lh.googleusercontent.com/a-/AOh14GhANBdb0CDdnnsnZvx6UZRm4C-0uNdMG0n7ox0ItAE,It's fine,3,2,14.7.0,2016-04-27 06:38:26,,
gp:AOqpTOFTzlMoeQq0rG6Sy6Cop1CpVXgrY-J5kIUaICnlmbTRGNiuS499ZG9le0y7ok_4872RLnOhNYG9D-YobXY,Brian White,https://play-lh.googleusercontent.com/-qBHeZvH9Pek/AAAAAAAAAAI/AAAAAAAAAAA/AMZuucmZIHiOwGFBMJ5hVRsrNwKAhw34oA/photo.jpg,Great,5,1,14.7.0,2016-04-22 11:34:14,,
gp:AOqpTOGYnun5Q2Kj0j0KsrkIZb4LltD7k7uF_3Ux31iNHgm4azMiQNRTH7qm7VQ5hZEOqhtuwwIdEw1hsLpdNPQ,Al sue,https://play-lh.googleusercontent.com/a-/AOh14GgUNN8-J_xA1qGdYTe2hQVtnFU8HzLgELbToldHeg,Give you more easy to recognise how to read the music sheet,5,2,14.7.0,2016-04-21 21:44:51,,
gp:AOqpTOGbTiXumpBMzIjHcxPOSr27WapSp07EQeJ5FpTb3kxmaBTh1lU4AzjoVUS_GpgN8CtSXF9xAqoc0D8vkvo,Eitan Bernstein,https://play-lh.googleusercontent.com/a-/AOh14GiI9H_xAjjuuaYFzS4YShLszoW06e8Zy9kkTCZpcg,The app is simple but accomplishes its purpose well.,5,2,14.7.0,2016-04-02 22:54:37,,
gp:AOqpTOFfUbsEKe-G9E_ahVsSlrAmkNDtKxS_Yd08nEVVEG1-XiXl3MpL2DAmizCMS1dIHIflaKmuVRYyIPJBii4,Elan Raja III,https://play-lh.googleusercontent.com/a-/AOh14GgAGdMTHaypuNUGqMfoXGI-C53qQkpBmmRzkYzZXA,Does what it says on the tin.,5,0,14.7.0,2016-03-25 07:20:33,,
gp:AOqpTOGyKJCFxMPrjiG5f7wOMxvpJkbgV0A_2gI3ZYiRHQ6a3_0J4pGiPfqp1irvVsEQ7xme63g_bEX_URPTe80,Andrew Golding,https://play-lh.googleusercontent.com/a-/AOh14GihRutUb7BprY5_fbWZt5bzqnUGzfrz0RCuf7n5Ig,Good fun for beginners. Great when you have a few minutes spare here and there. Recommended.,4,0,14.7.0,2016-03-22 01:52:46,,
gp:AOqpTOGO5nYBc3lAjtE6NyZABeEG0yAv7diBML56DOzm6qoL_WUo5SsqhLchA-OaAZqCgbpDG8lrKUrk6DqMmdU,Brianna Ashdown,https://play-lh.googleusercontent.com/a-/AOh14GhZpOWpX0RM7dWgfj8Uk7xoVwZ_ARzof-VVbq6U,"Literally the best app for piano on the entire marketplace. It's simple and easy to use, but highly effective in teaching notes. Already learned a lot and I've only had it a few hours!! Definitely recommend getting this.  It's well worth it.",5,8,14.7.0,2016-03-15 00:30:49,,
gp:AOqpTOGqWs9seyaZ-8aEI21efxFlfvaCELgQorjSVQSfDtIA4-D0LsY-6saPt3w9QI3-dAqqqVu9sq3sDTW1RhA,Alvin Cloud,https://play-lh.googleusercontent.com/-Yh3KnthIS0o/AAAAAAAAAAI/AAAAAAAAAAA/AMZuuclrZLPPlPF2OqTTiPm_0molXR2k4w/photo.jpg,Just a few minutes a day and I'm amazed at my progress.  Thanks.,5,7,14.7.0,2016-03-14 15:36:00,,
gp:AOqpTOH_Sw2CVpNKXB7IC1RYWZbVKmds_HN3VjIH0Bf0JkyinV8_Rllt1O5u_irZlaIi2EQdeMyMZLiFgOwCmec,Philip Taylor,https://play-lh.googleusercontent.com/-AlVLT2rg7Uw/AAAAAAAAAAI/AAAAAAAAAAA/AMZuucnopnoSis9475z1p6t2LSOvog-SMA/photo.jpg,Easy just to pick this up when you have a spare moment and get familiar with the notes,4,0,14.7.0,2016-02-28 10:34:27,,
gp:AOqpTOF-wPg0GRqnLjLgQl_CrFWPgqoXNGTp3W0C3c6xusCA4fAnMDNyAWyTokt_ONOnzkKmYkbTOb-peo88twY,Phrederic Neither Nor,https://play-lh.googleusercontent.com/--1Zhj6Uardw/AAAAAAAAAAI/AAAAAAAAAAA/AMZuucmH8SBbYyGDNIKpjCZhL-IioB37og/photo.jpg,Very usefull app to learn how to read scores.,4,3,14.7.0,2016-02-24 23:55:35,,
gp:AOqpTOGgLAKBPBcvMaGX4gDYOJZdWe2mI_vkt3n671MoIvRWn3Vn-XWQksKKk6BoIFilGJPfPgvwDr_syJArnvM,Szabó Orsolya,https://play-lh.googleusercontent.com/a-/AOh14Ghdcz3PPU7AtIPeSkefydYZXMuSa-gwh3M6T0yIk70,Wonderful app for also dummies like me,5,2,14.7.0,2016-02-23 00:44:14,,
gp:AOqpTOHoukRoBudNxRBqIRU1jmlPGS6reDISZ7rkLYGbH0-iepC9jck75yY6UOczbd6fiqvmlhvyT_Mq4dlY72U,Christopher collier,https://play-lh.googleusercontent.com/-AqvBg3AkYR8/AAAAAAAAAAI/AAAAAAAAAAA/AMZuucmgnuzRI-Nhwip4zq8lFOjNBwXdVQ/photo.jpg,This app makes sight reading fun and easy to learn. Good job,5,4,14.7.0,2016-02-21 23:11:40,,
gp:AOqpTOE-ih9I3QKF1438tBGjnWQ9pGBRDNQPZl2HgaRqW_KMbPCCb1jt8jC4JRGVJN6ceZEODaHup8vIq6UqhwE,Henri Gizowski,https://play-lh.googleusercontent.com/a-/AOh14GhgbzvQ_6hJdBA33fy6KTJM590Bfr91ZnoMQDH2,I was happy to pay the few dollars to get this app fully functioning. It has really made a difference in consolidating my notation knowledge.,5,6,14.7.0,2016-02-08 22:20:12,,
gp:AOqpTOFoXYNHJSAyfAA1df7bchqIFyPrBPIqo_bFpz-FKoEUIgy9LvzFTLdbwJeSxBxL6ADQ5697wed5pAZEBmg,alexandr paperni,https://play-lh.googleusercontent.com/a-/AOh14GhsiminA88KORNQN-3eJfPQsz68in1y96q7YCQV2Q,I love it,5,1,14.7.0,2016-02-04 14:33:16,,
gp:AOqpTOEZjT0LgvPipXSqDbUWMuAN-PMrTPqgmbxdGtk5mACEvk9ByMb0W9BKWc4BZ0RIGMyTL-Ib2G2AeFMjw8E,calvin n. ngo,https://play-lh.googleusercontent.com/-HK3RL5HyosA/AAAAAAAAAAI/AAAAAAAAAAA/AMZuuckKuOzmcspaikcpST0fU5nTGOAxXw/photo.jpg,Like it,4,0,14.6.0,2016-01-16 11:30:35,,
gp:AOqpTOG4jGFWUKVZkdW1SSomYI0NKxkifxennxuPV7oVvC4nKgsni5mZRrVvW71Qj9Qc3maEOHO6iIwaJ_vKvZk,Samuel Stephen,https://play-lh.googleusercontent.com/a-/AOh14GiM31TcroITod4mNLB2X_4Vl9U4En0ulfmBqr9zNQ,This is one of the best apps on the market. Uses basic reinforcement strategies to help the user learn notes quickly.,5,2,14.6.0,2016-01-15 05:09:39,,
gp:AOqpTOHPY8SIUTGRductudQzQ28rqMJIT7tPs7ds9MT56r4aU04THx9jf4Xf16wmlPyYw3kXqP85j9nsPBqAAyg,Zinnia Huezo,https://play-lh.googleusercontent.com/a-/AOh14GgnrNngq0JslxsZF60Ww6DU_CwrzqbGOLB5dGIc5-c,Excellent,5,0,14.6.0,2016-01-15 03:16:41,,
gp:AOqpTOGYl7EdGVcWJHpkjtp6HxJ6Au04mq2DWv0I3Byl-AFPpv6rnfCww1Oncr9CZLGDtZNMTRp6qOcRcWSmYBA,w. Patrick Gale,https://play-lh.googleusercontent.com/a-/AOh14GgsYLljx0AKy9JeOQKjN6wNWCFLGShxvTCY4IdmFyE,Great beginner app,5,0,14.6.0,2016-01-02 19:57:40,,
gp:AOqpTOGN_Ti0x4AxLBJ2CJtBREGuqH50n2KSnA1LZTlTX3eNmgcyn3oWiM0X1GhGaLb0XPQym-KWYSXog9njhTU,Terrence Brooks,https://play-lh.googleusercontent.com/a-/AOh14GjsWAo3iH1tE9lj4P5KIfCW0-sJu6R0EuycmKyUSw,An excellent app,5,1,14.6.0,2015-12-30 03:28:28,,
gp:AOqpTOH8qlBbspMPiwb0hdmOPFNMMAhBU7qjS6RIQzOmpSslf6T5m5b2on26NnNJWqJlWcbh-aPxfW52yY2RUeo,Timothy Lindsay,https://play-lh.googleusercontent.com/a-/AOh14Ghy_MI15f3w9GuHJ0jZlZIp0qI3G0_iN-920CA1JA,"I love this app.  I have only used it for about ten minutes, and it really helps.  I got 9/10 on the test in less than 30 seconds when I could have never done that before.",5,2,14.6.0,2015-12-29 22:26:46,,
gp:AOqpTOGUNIXOfS0OmjC8Gkkfb2zrbR6bKt1ZJgGiC-P_GU1XOnUjN1DMcmfKEhEtVQWkQXuNfEtniX9E-VShXWs,Michelle Wijaya,https://play-lh.googleusercontent.com/-U9S6TzRrRxM/AAAAAAAAAAI/AAAAAAAAAAA/AMZuucm7Aabk66zwwEtdlGFHQEOhCPMx5Q/photo.jpg,Simple for learning :),5,0,14.6.0,2015-12-20 05:29:05,,
gp:AOqpTOFD7cYuJb2yBRIo8Pf_y3KL3mVKLP5ii1UwEv7SEPPFP7AqeLYv-ooCUROnFacx2aJQaVGGmkwlt7lVBBY,Daniel,https://play-lh.googleusercontent.com/a-/AOh14GjwT4myDYTsZtcF4bwW_QIGjg0PXFPW6DGen7V1_Yo,What a great app.  Really useful for drilling what the notes should look like into your brain,5,1,14.6.0,2015-12-08 19:25:52,,
gp:AOqpTOHJdGPhsp9eJ2tK40hyweP1zhu0BvNTrwnNBPNycjQCTRWOm6H9Vw9H-z6Fw901pnXlHr9Wulk0xaxRE94,Robin Kornblit,https://play-lh.googleusercontent.com/a-/AOh14Giooonn_4U7STHgapLKmuoSWILRVpgnlmJQnTHKFg,"I really love this app! I like the tests, the ability to remove the letters from the keys. It has really helped me become a faster sight reader. The best one I've tried!",5,1,14.6.0,2015-11-22 16:49:26,,
gp:AOqpTOG6bnTfAuhzMw4rpk4Ifc0SHsIWaUhczZO1N2wQtfplr9sWYBNc1Lm0E7XSOy_A8RDazCbe7OyqgDHzDEc,M Sh,https://play-lh.googleusercontent.com/a-/AOh14GjglpbhtGMt7CrSQzDrp99fVWUM-bQxeunNinAN,"Perfect one , I need it",5,1,14.6.0,2015-11-22 05:25:48,,
gp:AOqpTOGl2VsvP7prv15Lt4WD1esAEeVY-lQisweMlseL50lRtimVXPyernydkNhbWNINXy669uJeS-Fl6Fl4yW8,Matthew Ayres,https://play-lh.googleusercontent.com/-Ny7Ed0dpOns/AAAAAAAAAAI/AAAAAAAAAAA/AMZuuckrVW-h7XlBKZeAtlJhtVYO8I-rcw/photo.jpg,"Leger lines below the staff should not sit below the note. This is very confusing to beginners as well as experienced, it just doesn't look right.",4,1,14.4.0,2015-10-25 03:20:48,,
gp:AOqpTOE7NFSzr2w_pUMsjZAKzlrHBi8hr-WPkZ6fynigA1xtPer9P6GntFFZ8_trFXNj9bluv0PEQc2iL94mgCI,Schillazzi Palou TOWE,https://play-lh.googleusercontent.com/a-/AOh14Gg6JY3v_PTC-4LesLIAHDMOLcYs-SsljVr90qDBtvE,I recommend this....for sight reading beginners..,5,0,14.4.0,2015-10-07 14:56:40,,
gp:AOqpTOGz5flNasavX1ewzzG2BIKgnUN0d7J8c0m7Z9p91tezBKczJIFi-6yeil-ngmhIUzWnYQ7pq7XCkzTmM2k,Diane Shaw,https://play-lh.googleusercontent.com/a-/AOh14Gh1cQ_XFv8Izu_tElFhhMQtb5bfIbyhfaAXWjX8Hw,Great!!!!,4,1,14.4.0,2015-10-05 05:12:14,,
gp:AOqpTOEJUa_v0VKveZ3aikTp8ijTYQVgv0oTrFOdXTtVhraT9vFiBmAcu4MslW1qygtpJ_VJL7mfCbvTwKuofYU,Dwayne Hunter,https://play-lh.googleusercontent.com/a-/AOh14GgbLVec8L_59dDySKUO41tzOxuDI8c3M-asCEtIZA,Love it really helps me I can go as fast as I want or need to,5,0,14.4.0,2015-10-01 16:53:46,,
gp:AOqpTOFA71n3NK_oalBpVrT0ro2eU42yZ7fIU-zQDa31Ym43qXqF7Hl_jBPU5-VkvHbzA5dASCZWATMYOCnlUuk,hajjah88,https://play-lh.googleusercontent.com/-x3CvCObAYOM/AAAAAAAAAAI/AAAAAAAAAAA/AMZuucn1Qtms5QXDSsXNn34Hbx8wGnKCiQ/photo.jpg,Extremely useful for improving reading and note recognition,5,0,14.4.0,2015-09-10 09:53:27,,
gp:AOqpTOGfUXx6FoTYOwSCSg1GSQ1FvOYA29YQzdJzyHlrE1JpA2P1iGngGMBLL48lxooEO7Yrj1EmYNxTfREBuMA,desertico1959,https://play-lh.googleusercontent.com/a-/AOh14GhO2SHjXaitWztvkXDH7UCuZJsIs7RkyCt_gbXO,The perfect teacher!,5,0,14.4.0,2015-07-27 06:47:26,,
gp:AOqpTOFyn_X_WwekNULItqIx-xnq7drHb6CCg5_XrQYB9GmY8WfYckXW-_Fw_oRVfTJj1w0cyur8BCkj1SPV55A,Leland Cox,https://play-lh.googleusercontent.com/a-/AOh14GhExp4wdXa2N9egutF-LdH91VH-XiJpBs6npJE,"Sight, sound and proper key at one time. Excellent!",5,6,14.4.0,2015-07-20 14:27:34,,
gp:AOqpTOGpXaWZWZ3jt3sHICUuQVgqnMMQ4txtaNtrgL88nhf9XgRucruaWAVtMQDVH9B2CodGfUDQ5MllgmKQUzM,Abel Sanz,https://play-lh.googleusercontent.com/a-/AOh14Gjc-ggcMbwSG-rLyv4y0PJppmgtInfmUVSWqZhfCA,App works well.,3,1,14.3.0,2015-05-13 16:48:33,,
gp:AOqpTOHzE-Wg7UZRQomtNWta6Ug_vDUnx4_1r4b4sTlFBfhaBQJu1TZpmHMgd512snXuPCgFDYeO7sAFIoUFgiQ,The One,https://play-lh.googleusercontent.com/a-/AOh14GiDe7WDTydx0mAtWfyHQUsexWvIXpIzppJYsUisdg,Wow,5,3,14.3.0,2015-05-05 08:56:02,,
gp:AOqpTOEiOUhiXhYSOm4VaEK4Bnk0ItHrkTDhk1faDWUd4UsjiZvD1eSVo46VwNZ2t0qUPuQtjr5S1rYgagmdD34,N Sanjay S Nathan,https://play-lh.googleusercontent.com/a-/AOh14Gh7bCYcRYKtusRVuuomHbfiiGYAanTe3IlW2ik-9A,Fantastic !,5,1,14.3.0,2015-05-02 07:29:53,,
gp:AOqpTOFkhOv4JVd6_1F9eyFHlbwKSYHZz9FN_MuxvoPLHgroEMoqT17hKWSRL4ATXUug42CsBTnkUHNqTAzHmI4,Cameron Farmiloe,https://play-lh.googleusercontent.com/a-/AOh14GgC7A5ljp-n3psm_JoRHuUr_8qvDVHH6M4IzJ_hSg,The update broke it!!!!!!!!!!!!!!!!!!!!??????????????,1,2,,2015-04-02 10:03:22,New version fix for Android 5 ,2015-04-02 20:02:31
gp:AOqpTOG6hbUoqsXUHNnl9UFnjw_4g9i_nMa3vKKtFNqD9fPYfEgUXBtNMQwhmmHgO8B8EGHJK2zSzPOE0plQifs,Richard Sayers,https://play-lh.googleusercontent.com/-QuhjID9gabk/AAAAAAAAAAI/AAAAAAAAAAA/AMZuuckFj4d4lrYQ39-mb1_NsT867Bxr3Q/photo.jpg,Since the update it no longer.  Starts.,2,0,,2015-04-01 06:00:07,Fix for android 5,2015-04-02 20:03:08
gp:AOqpTOHfG8DuDoMA_PbOCmpnhQefRvxlaSmIX8lEB6m-ib3QS9cgkKO_y7hrE3SeIFqACAvVD_2yqi5c5pgIkHw,"Henry J. Payden, Jr.",https://play-lh.googleusercontent.com/a-/AOh14GjbLZtdez4QrxoRpVDozcXkFP5kIWixaI1MQRhn,"I'm learning to play the piano and bass guitar, and this is very helpful in memorizing the music.",5,1,14.1.0,2015-02-25 09:48:07,,
gp:AOqpTOH36Sab05ftwu1evgmTQnWA3IZPZCc4pzBQQpVTQje7NV_lviv9f22LgPQxYsUmKP4ffBLX7WnzaI-kbXY,Al D,https://play-lh.googleusercontent.com/-6ZZyhmQiMTQ/AAAAAAAAAAI/AAAAAAAAAAA/AMZuuckPYCrzLR3AkE5f5y5F-9uvgHLuoQ/photo.jpg,"Thanks for this app...simple, and very useful!",5,0,14.1.0,2015-02-16 03:59:18,,
gp:AOqpTOHjWryWHBvxuzRXhhaRuRG-DFxAGsN0aBPEwX6tIKGTbXIGfs6ODsHhZjH7Lql50KhA6Fez5QFf59tOZVE,Audrius Meskauskas,https://play-lh.googleusercontent.com/a-/AOh14GjMrRNnQgaXi4ESDgw9_KCOdKiNDZffavHl0MsM,"I really like it because of the good integration of notation, piano keys and also sounds.",5,4,14.1.0,2015-01-24 23:35:42,,
gp:AOqpTOHmrWWjlKO-WYy2_F6U63pjQaBSGJW5D0bENlscNbdrIJlQVwusvIBDn68tuRcL4RxFDqVxYVZYBTx3eJU,Stephen Aldrich,https://play-lh.googleusercontent.com/a-/AOh14Gjjhvjj_lou0s7lecFyL8aImHpkh7deL4bp5E_G,It has a nice feature set.  I like the self testing.,4,2,14.1.0,2014-11-19 18:18:36,,
gp:AOqpTOHKygUsmaLNS1ACPsM2WSnxw9JRW4f7TbWewxPPRjc-Fd1hXch1dxnTC2LldjQzmI086H1u6shPLpyfpHM,Andy Tumelty,https://play-lh.googleusercontent.com/a-/AOh14GhhxinjngKCuMcpu_LUJg4BqS6Prg8v4iaKrZSjqQ,"The app as a whole works very well, and I can see myself using it for the bear future while I test different keys. My only minor problem is the lack of persistence when I choose not to display the piano key notes.",4,1,13.2.0,2014-08-05 01:42:13,,
gp:AOqpTOFwOxuSlAXGgW2bV9xkMvHqUEag0iqqE43W84QuZwRCjmsXcpgAw5jNezFr8ueEg-ofgxLX-TXyQFILJNM,Lorraine Ellison,https://play-lh.googleusercontent.com/a-/AOh14Gi7LQMgTa3O-INRoAeXf-agTE6Iq9Uw6BoUT8WoaA,Its a great way to learn to read piano notes for a beginner.,4,1,12.4.0,2014-05-18 00:41:20,,
