reviewId,userName,userImage,content,score,thumbsUpCount,reviewCreatedVersion,at,replyContent,repliedAt
gp:AOqpTOEsW8wvAWVbGZEBI0SXtUJUfe1Wb0YDtxWz1YP4l9SoBxnsD5QvHZBTomyzCl-PTnSjzQM_5-A1h2n90w,David Lufkin,https://play-lh.googleusercontent.com/-qElY2lwv8gA/AAAAAAAAAAI/AAAAAAAAAAA/AMZuucnYKC9U0mBS0UOfICPc5yJL3kgLsQ/photo.jpg,F'ing-swell,5,0,1.3.2,2021-01-22 19:32:00,,
gp:AOqpTOEp62WcxzyPNaAvqpD5OP4UB6WR9oPWZNRBK1PoWgNgxV-r-dnIz9TClAp08cb-L7gS-Yp9H-GxTEoUfg,Janette Clayton,https://play-lh.googleusercontent.com/a-/AOh14GiYHBrgWSRUsPF4wSqIsgEmHoCN_gu3eFIn6KKxd1w,"Thank you, your excellent. ! I'm very happy with your glass icons.😘👍💖",5,0,1.3.2,2020-10-07 03:36:20,,
gp:AOqpTOGrusQP5MFKJnlqXXB8gdtW65Dy_XAZqoHs37AXa0bNJPQaMQV59bSNP2ez44QVGtyhwyJzAUZhNnXouA,Bob Jaep,https://play-lh.googleusercontent.com/a-/AOh14GjXuFq0gUOaUzUM1JW_YFjiEXbjFDgHxVpoiZoNIjg,Beautiful Icons !! Need to add Gold trim around the icons to make them completely Perfect !!,5,0,1.3.2,2020-08-09 11:00:41,"Thanks Bob, I'm glad you like the design of the icons",2018-01-15 21:28:49
gp:AOqpTOGzfCX6Yg8gATENsxoZkMseh7kZO_hKvQUcJYWDjE_qstbJFcxVVC5W4ixoin_d27w77-6GwR4spKZDkw,Kenneth Parese,https://play-lh.googleusercontent.com/a-/AOh14GixfOjIu5l5By9gi_i_gMgnHri9le7mwyG7KOJozRI,"It's a sharp looking icon set, but the varying sizes inside the glass are very annoying.",4,3,1.3.2,2020-07-14 19:13:51,,
gp:AOqpTOEG1ZT6tBNqzWu2W4qDlhY8Phveb4qWmWMuksf63VlhVrWGyJNLp-fZIw6G10vY1P7hh4T6jeY6_rLk5g,Rik Huggett,https://play-lh.googleusercontent.com/a-/AOh14GhDbe6WA_gXSGHgcCmOGUeBgtQBQSMdC27-7iJo5w,"I think they're rubbish, I want my money back.",1,0,1.3.2,2020-07-09 07:48:18,,
gp:AOqpTOElWEv25b_H1hxE7zs397peBB1Vj2iVaxcf5V3GBdS1cMF2gi5dIkyJoZbruf2-_Z30xdsUi4j15a_vcw,Teresa Yazel,https://play-lh.googleusercontent.com/a-/AOh14GhzR1Na0IaJ_SoQ9kxSXLzu7sCSki5sRGQVDaAZmfw,This looks and works great with Nova Launcher. Have changed icons a couple of times but come back to this. I think it looks great!,5,4,1.3.2,2020-06-27 20:49:29,,
gp:AOqpTOFT4iiMdfUY2xvDfQV2HDywh7lEhDj9e_5dd8BiXFmkTBNqXnyTN_LyP_IxwYXAe04ffBvPtAdBVZKhlQ,Char Frieson,https://play-lh.googleusercontent.com/a-/AOh14GhsFxMADK9iGqh45hsU5kdlKMqxu3Rm43vnSBXTd3I,"I have Go Launcher EX, it will show me my installed launcher then show a bunch of crappy launcher that it only supports. Yet, Go Launcher EX is listed as supported. Forget it!",1,2,1.3.2,2020-05-11 21:58:36,,
gp:AOqpTOEKkbaUcLNJNh-Ghv2QJHXFni5uu-eSf4Z4teXH73GwL1Mv0M_ACIz0VaPoj3cnbolVT_v4ZtBXSJd0wA,Debi DiBenedetto,https://play-lh.googleusercontent.com/a-/AOh14Gi4e0wlECWtQYkE2c3Oe0o8piadU9K8CP9g3BKaadY,I absolutely Love your work. Your designed artwork is so Beautiful. I have downloaded just about everything you've created. Bravo 🤪😄😉,5,4,1.3.2,2020-05-09 15:17:08,,
gp:AOqpTOFxoPug0uBRHarCpW9Iius6MndQIx2t6yxvVLmcdHBoO_TGdOUrYd8MUHILvserhgbUxq9_pMUhGI3Qjw,Karen Parker,https://play-lh.googleusercontent.com/a-/AOh14Gjm_0w4jE5jfRNq1jkg2ui4zRJNNHBPC4y_Q3TEfA,Like the way they look.. but need help setting it up.. dont want my money spent for nothing.. HELP!,5,0,1.3.2,2020-03-29 04:40:57,,
gp:AOqpTOHFfb2xnpu6EiWQZkso2Bspn3ZVG_4KBD1a-ImBGNmUxlG6URRQdpqpLMGgN7yoiov212vIcpIvZNmATQ,Orion Broughton,https://play-lh.googleusercontent.com/-0P_VzQgX2Rk/AAAAAAAAAAI/AAAAAAAAAAA/AMZuuclm_FP07GKzFWpmscnjf_9HrDbycg/photo.jpg,"Was happy with my neon icon theme, just cruising around play store and saw this, sounded interesting so now I am all glassed in. Looks pretty good, but putting it on dark mode mode blackens the time/power indicators in the corner, but that should be liveable.",5,5,1.3.2,2020-03-22 02:44:06,,
gp:AOqpTOGTuIeaAidYGaqXNzV7_79TNY1qmgmbeLnMzkLkyvMSh4SYGfeeAuTH__0qpQpZBX741kSoy5ZbzvkTDA,Tye sabin,https://play-lh.googleusercontent.com/a-/AOh14GhYrCTWJXm1x9qQPl9a-HXYIqBPvGzIYVjP1FM3iQ,"Brilliant, worth every penny 👍",5,4,1.0.7,2020-02-16 13:03:56,,
gp:AOqpTOECGnOeA3LRZ_BSBOpcgUrHdV78OIBUcIqBBdiIh7zGKX-_Md01K1QGjsaApavFvZaEXko-DnYPcsojMQ,Sean,https://play-lh.googleusercontent.com/a-/AOh14GjT3efFUgKK8F6qfKlA9wvj-6i8CSPLMqeLjZ8R4Q,"Really love these icons, I've bought or tried many icon packs since, but I always find myself coming back to this pack. Many icons I was missing have been added, those that weren't are still masked though and look great. You can easily select any choice from the many available. I will continue to follow this developer and look forward to future work. Could we try this same style with different designs? Going to purchase the gold glass now. Thanks for the outstanding work.",5,15,1.3.2,2020-01-12 08:22:08,,
gp:AOqpTOFY0xCcmgVE4X5HPKTIxgYPZKvmyBAH7L6a8FnYkqNAP9zttnxjJVErO1OQ4bEoWeuYY6c-kseWsNVxVw,R. A. Schemidt,https://play-lh.googleusercontent.com/a-/AOh14GhRA5jB1WQwqOWvX-HUe4Yx46vrZ3o3g4xL0O3PSmo,My go to icon pack. Textra and phone icons not as nice as the old ones.,3,3,1.3.2,2019-12-07 15:15:22,,
gp:AOqpTOFqs1XQpOOAUuZF5BvCuezRcwTwAPrTJXVz2ggl8OBJV9ccWhq-Kt0uA1k1ohWxi3XqLGcfgSG_WAx3gQ,James Dehart,https://play-lh.googleusercontent.com/a-/AOh14GhsDUNg3AfCy2zvrDxyK0elVTPRCdtoBvhza_KX,The best pack ever,5,0,,2019-11-19 22:51:18,,
gp:AOqpTOFgc9QCh0TSne_GT5uVQwTN2kjx92oR6QRTFKPg1KtSoZ9ykjIYinBCx4lVgIQE9YtT2R-yxN29e-BOrA,A Google user,https://play-lh.googleusercontent.com/EGemoI2NTXmTsBVtJqk8jxF9rh8ApRWfsIMQSt2uE4OcpQqbFu7f7NbTK05lx80nuSijCz7sc3a277R67g,Love it. Any chance of a Google Pay icon? Edit: Still no Google Pay??,5,1,1.3.2,2019-11-16 11:58:35,,
gp:AOqpTOH3BUnEOJv78zBy9f_UJ0Wcj8vH3aoXvY1XophYOIFSjXyA5sZxdYFa03wEMHOfjUpP6bbtHBuCr0KUXQ,mark greentree,https://play-lh.googleusercontent.com/a-/AOh14GgcBeOFi954Hf99P8rt-wpYcdySnh1Y0Dn76sutR3Q,Ever improving with regular updates,5,1,1.3.2,2019-11-16 10:14:04,,
gp:AOqpTOEhqZGu1L-l0QZKE_QkcQggC2c1IeCkSrEVhKogklgIPw7537zy75bPfdYvpDKCH_E7XcYTkr_yb8AxNg,Carter Webb,https://play-lh.googleusercontent.com/a-/AOh14Gi3lvP0LCzeOg0_W64Tk4a7V6wrij05vFg_CBFq,Excellent,5,0,,2019-11-13 08:45:25,,
gp:AOqpTOGYavphm6FH-g4-27GitXAiYoK--nYcun-DJSONhKb99VkghV1dmfF8ekbbY2yzznBe0g4kgIOcfM787Q,James DeHart,https://play-lh.googleusercontent.com/a-/AOh14GitGVUjQX6wH01bRBxlNtWSIRfLOya7h-JkXWn7WQ,So cool,5,0,1.3.1,2019-11-06 22:27:15,,
gp:AOqpTOGABipJdZ_ipreLbAOKLyLaR3DIufQtTwZvlpvbxqJ3WkV-xZ5KjdGzcVd3np1yuGZGH1TCQ4qLqrS_TQ,Sherri Zelinski,https://play-lh.googleusercontent.com/a-/AOh14GjtLyLV2fD_Jt-nZ9zivumWSdHDGxDteHlWpXiYOQ,"I'm using the Glass Icon Pack in my LG V20, Android 8.0, running the most current version of Nova Prime. Also using the stock LG Lock screen and HD Widgets (with the Pro add-ons) for: Time/Alarm, Date/Calendar, Temperature/Accuweather Pro.I mainly use darker backgrounds with various abstract or fantasy art... I've had the Glass Icon Pack for over 3 years (that also includes awesome backgrounds): They're crisp, clean, and make my home screen pop! Well worth $1.99 that I spent on it years ago!✌",5,3,1.3.1,2019-10-26 09:57:52,,
gp:AOqpTOE9xPUY-5Aua-ax15yINMzeIB8-hNrBDGGlUobFWkGN4WOAW-39PMtlafrWq3tiiQQYnQPZTT3KOqxEDQ,Scott Williamson,https://play-lh.googleusercontent.com/a-/AOh14Gg072_ChwrHEayuXiSUVHMKVw6SiePMP9-lSDaawA,Classic!,5,0,1.3.1,2019-10-22 16:26:27,,
gp:AOqpTOHQlu861Cwh95WuM_2EJyV4SGTDFmPSa7HZS9-TSp9jhiQvwjlCVAOycRDyPpseDeib8OOyP_1GyjZZSw,I Hick,https://play-lh.googleusercontent.com/-ukuAI-tmpzY/AAAAAAAAAAI/AAAAAAAAAAA/AMZuucmrK7KVIY98ces07gCzweAPBSDlhw/photo.jpg,"Just about the best there is along with the gold pack, don't know how you can better it, it gives your phone style and class.with the nova launcher 👍",5,5,1.3.1,2019-10-18 08:15:41,,
gp:AOqpTOHbapFbGRNXQKn-ra294Yqcbb6x-YhyLlzpJRsp90CdFwCFtMGYtHyp_VpxotsXeiNX5yuMSqZba53fZA,Dennis Ninneman,https://play-lh.googleusercontent.com/-C06nHzo-yEA/AAAAAAAAAAI/AAAAAAAAAAA/AMZuucnNlPZcv-yYPu8tAm6jgutIk1_xFA/photo.jpg,Classy icons with sharp graphics,5,1,1.3.1,2019-10-13 10:17:23,,
gp:AOqpTOEr54G6roSpRgw3_yhfCeEj15SnIRQywCv1y9A_F6LoxB6AfjrKMFrWvfS-6goX-DPX8R3ry2sIh314KQ,Charles Peck,https://play-lh.googleusercontent.com/a-/AOh14Gi0KHjEQ0ldkJyYcFtWolQPJvngiMH43eiJldZo1A,Best Launcher,5,0,1.2.8,2019-09-22 09:50:13,,
gp:AOqpTOGO_ZdQXxO0CJW6Q7QMifgxADIPtj6_Qio6ee9go186T5obKvuAnC34KwdvqyKbO1nfoP5wiOE9q_BccQ,Colleen Sunnex,https://play-lh.googleusercontent.com/a-/AOh14Gh5NGzCI4BSzX1Amb6TXKrM31R2C6yb6A8oJ9Wk,"Its a beautiful icon pack, nice job. I do have a few suggestions tho. I have alot of applications on my device, and i know it would be an impossible task to have an icon for all the apps on playstore. However i only got 27/93 covered. Ive sent through icon requests for all the apps it didnt cover. So would be great to see some more apps included. Apart from that its a very attractive icon pack. Hense why i paid for it 😉",3,10,1.2.8,2019-09-17 12:58:38,,
gp:AOqpTOEMZGqOhpmowgLd0cwmnJXCdIh1jo3OLlDu3eBw33qYIwBSeXNfeXtr6eFzfLSu1soXK4qwwwUtoVyG9A,Shaunak Basu,https://play-lh.googleusercontent.com/a-/AOh14GgOyJHOlSDLIeQtMvg6CT0Z3SiBittJIZmdTmv92SI,Wow! You dont have icons even for the most common apps like Google Pay!,2,3,1.2.8,2019-08-16 19:25:56,,
gp:AOqpTOGQQiFpzl-QQSI-5xmeeDZefYS3pCXztZ9mZnLYObRL9JGBMicZUR2MpgXgrS0FgvB5XMUGpW_avwX48Q,David Stavros Onassis,https://play-lh.googleusercontent.com/a-/AOh14Gg7x0MRPekW35fN7jC64YiJacfpGpTpvB1PQbdlPg,Excellent,5,0,1.2.8,2019-08-11 02:30:01,,
gp:AOqpTOHu1NdK0_y3h8bR4EgUTK5ZvEqS1YpCRtvd99koU2dxdrU7pfVgqzlZjy5ql0-86yiVMlZqWuyJHxbmRg,Mark E,https://play-lh.googleusercontent.com/a-/AOh14Ghoz1LLiww4kP21qW5jRL5dcQ4BDz3gFsYmnFdSIQg,"Wow, Beautiful Icons! this is exactly what I wanted. really looks like glass. Great job on these. I'm really happy with them 😎👍",5,1,1.2.8,2019-05-21 10:48:37,,
gp:AOqpTOGPlXU8qZrzg-wc6CNIMRtT7aUPELr5pQgvbnJk8vHGs6OpqWTyWyDmqp-j1LPPdwFrRopCDOCn93F_-w,Gourm Hardee,https://play-lh.googleusercontent.com/a-/AOh14Gj41vNu_mPqWzd8JKq07gDJ02e5KhmOBeZswvPJLg,Best icon pack I've used. I always come back to this one.,5,0,1.2.8,2019-05-20 11:18:43,,
gp:AOqpTOH9q1G0IAi9CwZ6Sk1Mkgaz_ef4jk5-IpoldlpwxIo2v208rr-mxd5Mp_kxt9VoQ3HnrPab4zjODxUq4A,Chad Suggs,https://play-lh.googleusercontent.com/a-/AOh14Gjj3ywSMTNNhjCXe4mPlqZRAYk0DfOmE-gDnu6XIw,"Great icon pack! Big thanks to the dev. You can tell that a lot of time, work and love has been put into this app. The icons are absolutely gorgeous. Plus there a so many of them it's crazy good.",5,0,1.2.8,2019-05-20 08:35:09,,
gp:AOqpTOGlKs6IrN7xMXbcO5RCdGD35RVhxBHYm4tEZZpBajX4uIU4J2xC0MnEqex0Lc-PhMbwNNgVxy6sjgY-yA,DieCloetes Windhoek,https://play-lh.googleusercontent.com/a-/AOh14GiHMYDRMn1ykGwar1UHdo-CYUHvBsZ9t6svFh3Jn1o,Wall papers should improve. Still same old old.,2,2,1.2.8,2019-05-20 07:32:42,,
gp:AOqpTOGM51SgsFqsrkc1WdYRi0vHQmCPJhPIh4DpTfoHQpRm1ChfLxGFnyy1j-kvmTfnyWbTVWFXhjJEIH1ytA,steven J maley,https://play-lh.googleusercontent.com/a-/AOh14Gjy7pk7_oTzQ-FKb_0P0rFupn2Y-LTTLndLUzpgkg,Thank you I like this app Very much… 😇,5,3,1.2.8,2019-05-20 00:45:09,,
gp:AOqpTOHKvb-OOM3sJJE3JNg5UbWUAuB-QxjGORqjZB6d3OUR0uuLCjf5lpg1c7ZLWqcgJrO32Fc3q-QqMR7YxA,Bob Tourkow,https://play-lh.googleusercontent.com/a-/AOh14GjkkKF_c5y0VywNycgYeEP__Q8lFhTn_We-sNn6Hxg,"Simple yet elegant! I love it! (However, I would like more icons. 😏)",5,1,1.2.7,2019-03-24 03:08:09,,
gp:AOqpTOFE2J0yFXlF66SieaFL_mYgwmkKdosYD7GHVkcedbw80xo0pKjPkvp2ISF8RyJzo1KUyVyzR_zQko6usQ,Lauren Harvey,https://play-lh.googleusercontent.com/a-/AOh14GjW_Jmf5WiCjJ6M-0-ziOLPQVe_rt8Sk98W19PWaw,Love these icons. Been using them a long time. But did something just change with the folders icon? They look weird.,5,7,1.2.7,2019-03-03 03:59:20,,
gp:AOqpTOGL7Of0ifjkZNcXwrpeijJRNMCH-LqMoDMhdf4-9B7NFgdXqGYDodKrCQpZmEqG7CVOMFsrTeceyQ8CeA,A Google user,https://play-lh.googleusercontent.com/EGemoI2NTXmTsBVtJqk8jxF9rh8ApRWfsIMQSt2uE4OcpQqbFu7f7NbTK05lx80nuSijCz7sc3a277R67g,The best looking pack!,5,1,1.2.6,2019-02-03 16:10:09,,
gp:AOqpTOEysMugUaj0L4SXd5yRoml1KAA_JeozcNi2dKgi7PcY61axx2UFCrQJkOnMJvYJBRGv9jEIUWc9fl7ywg,David Gatt,https://play-lh.googleusercontent.com/a-/AOh14GhBeKC09mHCGBKq5Kq2DVekckYjxwxM0kzPs3SYBA,nice,4,0,1.2.6,2019-02-01 09:32:25,,
gp:AOqpTOHCC6RjeJGJcBPAQ9KQlfbJZm4ZcANZ37mcSYUcu5mR0zQpM-g0brJsgM7kNZ85nQzaBF0aYN_DOrFc4A,Avrey Hawkins,https://play-lh.googleusercontent.com/a-/AOh14GgoBIG_l9NQbNbCGaEceCcIFcmtUOi9Yij98jGh,Dont waste your money it'll just make it look cluttered doesnt really look as cool as you'd think.,1,3,1.2.6,2019-01-19 15:39:26,,
gp:AOqpTOFC-xL6G2XhQJLLS8OT2TVk3tvrbFlKY7CbFs8pF5YroL4if92tJotk_TSXLwzBjMJ3jV3oiL-Cz0Kkqw,A Google user,https://play-lh.googleusercontent.com/EGemoI2NTXmTsBVtJqk8jxF9rh8ApRWfsIMQSt2uE4OcpQqbFu7f7NbTK05lx80nuSijCz7sc3a277R67g,Super!🤗,5,0,1.2.6,2019-01-18 13:03:38,,
gp:AOqpTOGG1BZNbutKBsDG1IF7XbCmEtW_2eejieT5WUnhA-5EalT92bdICrUEHXZ8F1OB9EIG3wq2aAt8eClaYg,Saul Pelayo Jr,https://play-lh.googleusercontent.com/a-/AOh14GhqHckDTzcbPw0ZYrJkq8iKr2AuJ1FWH6Y-RLUZ-Q,yeah thanks 👌🏻👍🏻,4,0,2.1,2019-01-14 23:37:12,"Hi Saul, please look the new update of my iconpack, I added to Charmander icon for you. Tell me if all is ok",2016-10-04 20:51:49
gp:AOqpTOHB0NgLGagjgL7-kE4HJif0MTE-qudn-Xm2VVYg__HAjD8RXtMnMYr_6nBxO0aefBHY6hppfODcYl7o9w,A Google user,https://play-lh.googleusercontent.com/EGemoI2NTXmTsBVtJqk8jxF9rh8ApRWfsIMQSt2uE4OcpQqbFu7f7NbTK05lx80nuSijCz7sc3a277R67g,"Excellent glassy icons, sleek modern clean glass. Accomplished using overlays so no paging thru endless screens of icons - puts glass over your existing icons. Using with Nova Launcher on multiple devices. Have 8 or so icon packs & overlays, keep coming back to this one. Looks great with various backgrounds too. Edit: wrote this a few years ago. Still using it in 2018. Didnt bother with any new icpn packs for my Note 9. Just THIS one. Sleek snd clean, looks goid with diverse wallpapers. Love it.",5,1,1.2.5,2018-12-17 00:44:56,,
gp:AOqpTOE_q9ASugFlPXLOpScAptTvDDvtxXWKCdXPrzKa-X1rkblLpxmxPvQCiOQGm1MqurKo5QvoTNjdAF0P3Q,Steve Thompson,https://play-lh.googleusercontent.com/a-/AOh14GgoK_xoMMUkNVL7wgBI7L74id_vhFsJdSCJceJcUg,Nice icons but I can't see or select the all using Go Launcher on a Galaxy S9,2,0,1.2.6,2018-12-09 23:16:22,,
gp:AOqpTOEPUM7kCTNwHKj6u6ZSpHkFPHT0ENMjWIHnxC9I0AaXwIyHMUHGPGTiA-p0mrhSOlZ02HirLjXTovS63Q,Keith Fitzroy,https://play-lh.googleusercontent.com/-zv2_-oFk7Ds/AAAAAAAAAAI/AAAAAAAAAAA/AMZuucnrZIsq_qieX9mSlresXFaIJ0kO9w/photo.jpg,"Great looking icons, masks all apps updated regularly 5*",5,0,,2018-11-29 17:54:28,,
gp:AOqpTOGFsxssIRXnzXG8NTRv5TOqgIrAxOSE2OnJFp4jSfbWfofjt4hxR_2EAyqte04BLXySnNlihGGW6QNFKg,David Colyer,https://play-lh.googleusercontent.com/a-/AOh14GiECiRGZ6mWfIPSI9Vyo1XSNLkc3nL6XknMzcKty8Y,Beautiful...owned it for years and yet it is in active development.,5,0,1.2.5,2018-11-28 11:37:27,,
gp:AOqpTOF3_IB3r68YsIr5xdffk8_XOWxOr83eRSk4q74awYvywwFexXSS577Bzup8myEHFHoegYgUIjqL4aZtAg,A Google user,https://play-lh.googleusercontent.com/EGemoI2NTXmTsBVtJqk8jxF9rh8ApRWfsIMQSt2uE4OcpQqbFu7f7NbTK05lx80nuSijCz7sc3a277R67g,very nice had this sometime now,5,6,1.2.6,2018-11-28 08:04:54,,
gp:AOqpTOHWC5tOdRygX1HkdflnXncK71GK0j3UxuznlrJof0t9WFnLd9WB8LTc6Cc9fnQNb4xGn_o5v-ZrOKuT3Q,Ozzie Love,https://play-lh.googleusercontent.com/a-/AOh14GggZ3WYG0kHi5Nw0ZAzcAvRilkb-r-pV6mOoyaCjZ0,"You can't use your icon pack of choosing. Limited to theirs. To me, that's a deal breaker. It could be my fault, I was thinking it was some sort of compositing app. My bad.",2,2,1.2.5,2018-10-28 19:42:25,,
gp:AOqpTOFQSJYOary80dpqPoXGA9HUZl4aZLwJzd5jdEqij4eWPcJM7l1m_8qhz52LTaObdtHkloSLwMu4TRm-OQ,Jim Thibault,https://play-lh.googleusercontent.com/a-/AOh14Ggg34AFgihfyQHp5ZReYTY8LPwX2mdT4Wv0R78iD8Y,I purchased this pack originally over 3years ago and they are still working on it. Show me any other app developer that keeps updating. There are some but not many,5,1,1.2.5,2018-10-16 09:51:14,,
gp:AOqpTOHKRKw5PXDVd8uxQ79aRMQYK4IaVGJCzO382sU5IYdmxoVY38bVPqpQ-F4St0xV1oWjC_Eks1MaTpgH2w,Kate L,https://play-lh.googleusercontent.com/a-/AOh14Gi333XgJFLSVEdDKZ9g0pjvTdRDqjfliA4Z8LUbN3E,"Beautiful, beautiful, beautiful. This app makes my phone literally shine. So classy.",5,0,1.2.3,2018-10-06 06:42:53,,
gp:AOqpTOGvw1T_lCi_lr8tjd1vqjNakrhJd3_zOdTMS6EIQ7MABMCgg9D_cP5oMP_D6054GtsBmmhAAgz4KgZM-g,Steve B,https://play-lh.googleusercontent.com/a-/AOh14GinGc9My-6r3IyBz0HEa2xYjdePbcV0N2uIJiWNBQ,Best looking icons out here!,5,9,1.2.3,2018-10-02 10:06:36,,
gp:AOqpTOEzhIraEzPSs_J4gEpeeeJ2A1v38ycSUOZkT0gMRAD55acZK0sj0oFAFV6KhpsBnJrn78Dg1NDlaL7phw,A Google user,https://play-lh.googleusercontent.com/EGemoI2NTXmTsBVtJqk8jxF9rh8ApRWfsIMQSt2uE4OcpQqbFu7f7NbTK05lx80nuSijCz7sc3a277R67g,Been using the app for 3 to 4 years and love it,5,0,1.2.3,2018-10-01 23:43:06,,
gp:AOqpTOH7dIxJP3HaHIB46cBNv5Ym3TeT0zfva7QPtCSmjhRZ8s-hmRN8oJIUEM2bOtSNeMonvPoNmPR6Mo9S8g,Denise W,https://play-lh.googleusercontent.com/a-/AOh14GgPdT6q6CGE3kuv5n7Axjk93boEwlN6LIf4gLZgow,I'm sorry I paid a dollar for this app. The colors on the icons aren't vivid enough and it makes them hard to see unless I set the backgrounds everywhere to a solid dark color. It is not as clean and crisp as the video and pictures appear. It's very disappointing.,1,14,1.2.3,2018-09-27 23:56:16,Please send me an email for refund your money,2018-09-30 12:05:33
gp:AOqpTOF2RAeI3bz7rgTwzyHabqadkmFbly_V2JxjAx3edImRzJAUMD9Fa13LT_pHoGWjyVIIx21xpGXapk9rzg,Cee Gee,https://play-lh.googleusercontent.com/a-/AOh14GjrNgIObACvVZqaZi1TR5ofcwg3KMQ_vneAHFLE,Have to agree the Google photo icon is odd...however I'm so happy with Glass it's all I use. Classy look. Thank You,5,0,1.2.3,2018-09-26 07:04:09,"Thanks Cee Gee, We are at your service",2017-12-09 07:49:08
gp:AOqpTOHY7ACscSmXf4cLUvOUyknQFcT2QjUgo-FLA_zIqjKj7rAyk8cMYE6jkvqNXx2CU8VaA3ChqMC3GAUfoA,Keith Alvarez,https://play-lh.googleusercontent.com/a-/AOh14Ghl8l9YUfu93PflHGB32GHViiTJobceR-w7lLq-M-s,"I've been using this icon pack for years, by far the best I've used.",5,0,1.2.3,2018-09-23 13:03:53,"I thank you very much Keith, we will continue working to give you the best icon pack, we are always at your service.",2018-09-24 10:58:23
gp:AOqpTOHad1LzQwA4JpsNC6WnM93JISHZqgzZgCSIcgef3Y7rjjBwQ4KUZ87n8Jp5-Q1U6sCoB83rCR2VmsSvuQ,adhie pryana,https://play-lh.googleusercontent.com/a-/AOh14GgpViQcpsDmAoAE4Xk3aenucJfdYym_IE_3MWqWTg,Good,5,1,1.2.3,2018-09-22 21:10:00,,
gp:AOqpTOGKct94MK-okqtqDH51Pfz8hRibrsvj5Nz6TzZLSxl8_vYMMObQClXV_zuY5T5KMy9C3sQulifrlj0TcA,Dan Lambert,https://play-lh.googleusercontent.com/a-/AOh14GgD5jDYCKtktZko-8qEZsqxRa6e_7oscSGRBZ4WYw,These icons are the only ones I will use. I trying to get their attention to make a samsung internet ICON. It looks like purple SATURN. BEST ICON SET OUT THERE.,5,1,1.1.7,2018-09-20 20:12:41,,
gp:AOqpTOGrV9gNwQR2TUmCeYZ66qF1XCtG8Snj9UTN2m28J8vtjceF9vKGTAkdZJvvwn2u9FO-eNIHvk3DUzdXUA,Albino Ojeda,https://play-lh.googleusercontent.com/a-/AOh14GiLIMvcwNPvGnb5pf8AoPe20vGQqLdpW1EJWUcvvA,Beautiful selection of icons.,5,0,1.2.2,2018-09-17 18:35:57,"Thanks Albino, I´ll work for give you more icons and style",2018-09-19 06:41:45
gp:AOqpTOGfxeAIWpPCMXYEWdDnX7ni-gHeBwuQvRk0V_E5l-FZtpr_B7TlAcLKanCMfAUdkOYcQBWcaOcmwTdD9w,Guna Krish,https://play-lh.googleusercontent.com/a-/AOh14Gj0XxfPhAO31YLmrjmIYSo81aBbqSsq7ONHZ2IwOA,Good App with neat icons,5,1,1.2.2,2018-09-17 10:54:30,"Thanks Guna, Im at your service",2018-09-19 06:42:07
gp:AOqpTOEhBLAbps33TKSmpcpgCTEH9BjUUbU6TVOgx7eNdiZM00kSHtQ1dzXGUKbIRC67LHuWk57Z0kE8Md-3Tw,Keith Fitzroy,https://play-lh.googleusercontent.com/a-/AOh14GgltAjx1jMFzhUEcwUntxa-yum5G9F5ZQwvYMQfeg,Great looking icons masks all my icons so 5*,5,0,1.2.2,2018-09-14 13:14:05,"Thanks Keith, Im at your service",2018-09-19 06:42:36
gp:AOqpTOFxySILkGQkj-b-iatDZk3REVK3ZVp7HjFbTTh6-aosQ27QZju-d6wOEQZqX30XI0El8SSzQouDn2aG7w,Melody Franklin,https://play-lh.googleusercontent.com/a-/AOh14Gipcywo0fT7zrWgvNGAXWhMx3b75dKGhsj7MOBBPqc,"I never keep the same theme but on my tablet it has been my theme for over 
a year. I LOVE it. Its beautiful!",5,1,1.1.9,2018-07-24 12:58:56,,
gp:AOqpTOFMHXNhRl3XZtBv3HYRFZ0Ofe_frAXIuzuGlzaCT2L7qZ9w7A7dvfDFfchVOYixGcDs83fcUy0O7PJ6qA,St Acy,https://play-lh.googleusercontent.com/-E46UWKpetto/AAAAAAAAAAI/AAAAAAAAuKw/AMZuucne-MGaiO8E8-WrrLJrHjZaqojwkA/photo.jpg,"Love the icons. I crisp and there are tons. Enough I can substitute one for 
another until there are specific icons for some of the apps I have that 
don't have an icon yet. Looking forward to more icons.",5,0,1.1.9,2018-07-01 13:40:27,,
gp:AOqpTOFqmbIC-kdd3wHxovjwqrinY-tq0XLagZUJRQ-Xe7OMXY3JpeL-m4TpJe-x_H7hElX8SiV-HvavyGkGug,A Google user,https://play-lh.googleusercontent.com/EGemoI2NTXmTsBVtJqk8jxF9rh8ApRWfsIMQSt2uE4OcpQqbFu7f7NbTK05lx80nuSijCz7sc3a277R67g,Great look and developers adds new icons regularly,5,0,1.1.9,2018-06-18 06:01:23,,
gp:AOqpTOEXyULKHUk0i7RDsVSsITbAUMhATpEstSWAK5WPJ_Q89brgwI-P2lUoAHyKBMZhBm-KPS932_1uHDFzsQ,A Google user,https://play-lh.googleusercontent.com/EGemoI2NTXmTsBVtJqk8jxF9rh8ApRWfsIMQSt2uE4OcpQqbFu7f7NbTK05lx80nuSijCz7sc3a277R67g,"Good, very nice icons. But there is room for improvment.",5,1,1.1.9,2018-06-14 12:20:35,,
gp:AOqpTOEbZ05Oy-s1gv25T5PFw-qLw9B7YsSN7a7JQKQNxu2YU1sm8VTLDCJ3bjCL71Av5Y09zEaX6byWEs-r6g,A Google user,https://play-lh.googleusercontent.com/EGemoI2NTXmTsBVtJqk8jxF9rh8ApRWfsIMQSt2uE4OcpQqbFu7f7NbTK05lx80nuSijCz7sc3a277R67g,i love ❤️ it,5,1,1.1.7,2018-04-29 15:57:11,,
gp:AOqpTOEfxVGZSPRE6EU0wTmRaNUAh5RqS5ARUjL2_gionJuTm6Vccu_vRNQVOKczVRI5lTlIdjiNez5V0YxMyw,Justin McCarty,https://play-lh.googleusercontent.com/a-/AOh14GjYJpxh671KtIjLe_xCg2gIiupZXXYHCd18_BkNLA,Beautiful!,5,0,1.1.7,2018-04-23 08:19:02,,
gp:AOqpTOHQHgoBx24hyQIpIJ99CztK-tl1ddh07URaYNfPNdfgXYuHdpXDIg2v90YFjCdFcqJb5hu2UfCGNEgNIA,Glen Cawthon,https://play-lh.googleusercontent.com/a-/AOh14Ggg_4OU5K7RRaIxfQqb8QN0JDK-o_zSNZhSAfmi,Update: Still want to see a few app drawer icons. Last time I said it was a 9 block icon. It's actually a 16 block icon for the app drawer. But a 9 and 6 block one would be nice. The one I'm referring to is in the 2nd picture for the VIP icon pack in the Play Store. Thank You. ♣️💖♦️♠️.,5,1,1.1.6,2018-04-06 15:56:04,"Thank you very much Glen, on the next update I will put again that icon. Thanks",2018-02-04 12:31:27
gp:AOqpTOFVmHlQtvYpgCYpZQnbEQ_OPTTPlxsrWJ4S6KC2Q4qTEsIU_8L8loJqS00my45-isZDjrpiJftYcrAUaA,Shawn Millwood,https://play-lh.googleusercontent.com/-UcnIEGdVMAs/AAAAAAAAAAI/AAAAAAAAAAA/AMZuucn1WfhgW8Yt-_heUi2WDv1p0IDA3Q/photo.jpg,The best I've had.,5,0,1.1.6,2018-03-07 09:10:06,,
gp:AOqpTOGCQTEsWOTvaA4C97tB19bdrP1wDWfdE3ClcajtqnWVAaBi49vS1-j6WSRDoncUhlcs5RCxf3lvM7qyKA,Pete Peters,https://play-lh.googleusercontent.com/a-/AOh14GgGiBiH17-ZqH0vQm7eK4fAR_zTMoV5T5y-OvnuJi4,"The icons are gorgeous but there are only about 90 icons in the entire pack.  Add many more needed icons to the pack please. Great design, lousy implementation as there simply not enough icons to even meet the basics. Edit: thanks for adding another phone icon. Another text icon would be great. Thanx again. Also, can you re-add the Weather icon with the Blue background and the White Clouds and also add a Sports icon with the 3 major US sports--a Baseball, a Football and a Basketball?  Thanks again for the best icon pack on the PS!",4,4,1.1.6,2018-03-03 17:42:56,,
gp:AOqpTOFUhVi8rl5Z8MXxaduuXmzalNotl_cm0NYTYhF1A0lW1kDRtH501bsqxZxcBI1y70R5_fJa0AtjhfE0DA,James Phillips,https://play-lh.googleusercontent.com/a-/AOh14Gg4Pc938NYFrLfbQW_Laqft5NAnuDBMdLXWn2YhIO4,Would like to see it work on the Samsung launcher.  Not many good icon packs to choose from there.,5,0,1.1.5,2018-03-01 06:41:32,,
gp:AOqpTOFCZsXKDA2zQhDWW4cY9zU5X_rXaEt7bd6DaSVQCv7daVFapcmVrjBSlV7OO3oVb9t4aqUncceY91YPoA,Steve P,https://play-lh.googleusercontent.com/-7zgddzCFt1w/AAAAAAAAAAI/AAAAAAAAAAA/AMZuucka-HAVIbf1Mf6zo6OBCa5bxWLP-w/photo.jpg,Brilliant..but app icons are inconsistent in size after the last few updates some now much larger than others.,5,13,1.1.5,2018-02-16 13:58:44,,
gp:AOqpTOFZWp9cY5_BgwUHgrT2_xiPJhmsEGUZtms5cOqcBZp1mB-Qde6UEDTPzC1FPCT06oUAV2XDBxyZVSujHQ,Mike Gagel,https://play-lh.googleusercontent.com/a-/AOh14GiWDKQHUoeMgJwbX39TA9JYkFJ-XC0fWtTsoqkxig,I've used this icon pack for two years. Works with BlackBerry Launcher. Responsive developer - quickly updated OneNote icon at my request.,5,12,1.1.5,2018-02-15 16:07:02,"Thanks Mike, we are at your service.",2018-02-15 16:22:27
gp:AOqpTOGdbCUU196ufDb60UrrkQuKSPsLcupZ8BCWdPkPPxkpCqerl0TtVVey2lu0tolgnEIK6XZbuevWKEAE7Q,Edward Meijers,https://play-lh.googleusercontent.com/a-/AOh14Gh6OEZLpTVNcsmxe7XxDlO7pFyWvhWTvUDmaoVaSG0,The best icon pack for Nova Launcher. Awesome support from developers. Greatest icon pack available.,5,2,1.1.5,2018-02-11 20:15:55,,
gp:AOqpTOH2u5aoulIE_DTP2SS_xhT0Yei3PVbmGMiP-bIVZiszGThGMyRss711Bv553WIiRqOh2PfxgtDFDrM9Iw,Lee Turley,https://play-lh.googleusercontent.com/a-/AOh14GhtS_R8i3WV1GzP0RyhK8Hlan7GwR5Jmm32ICukpw,Fantastic pack,5,1,1.1.4,2018-02-11 12:39:42,,
gp:AOqpTOGB7qPm7a4vwKWcwgct6khtv2sqoqmcXe_43JCQlnx1xruhow0-374zUW9144E6XdLKspteeHhcDNcKLQ,Dacia V,https://play-lh.googleusercontent.com/a-/AOh14GhRpkAj2JWYZRSfkP7qX6BfHN4IWOOx-66aTxe36Gk,"Tyvm, Dev, for the hard work you put into this one. I've been using it for months & appreciate what you do & Its free! That's great!! Much love for you &lt;3&lt;3",5,0,1.1.2,2018-02-06 00:19:43,"Thank you very much Dacia, we are at your service. write me if you need anything",2018-02-07 05:48:37
gp:AOqpTOGDU0s1oFbTOndwYTe7jEw1wBDuUSok642N_s4S3_7bIuz0PIDbR679MKfqLlrca4Wwu_IbOE06ZxffOQ,Stiven,https://play-lh.googleusercontent.com/a-/AOh14GgrAmHe5sIuFITgvvJDiblByd6XigJwBxzVjo3gBg,I like it a lot,5,0,1.1.2,2018-02-04 18:49:50,"Thanks Steven, write me if you need anything",2018-02-07 05:48:30
gp:AOqpTOGZY5qSFMLB9KOPABesD0R0kbD44X0Z_jJBtU5ylM303Vseb5b13MTjoVypIuROSkWi3F7pfT2hyXEpkQ,Mr. Raj,https://play-lh.googleusercontent.com/a-/AOh14Gi4NWiiJOF6urJJUJSiqPnzTx3U8WAj2aTS5YDPWQ,Good App.,5,3,1.1.2,2018-02-02 08:04:49,,
gp:AOqpTOFxOh833aA1_LWkXEVabRfX-xoPIpKsBJFMCIRXOlz8ezpSh0LUoAw470-DBzFD3MvP-wTn1vGrQt16Eg,A Google user,https://play-lh.googleusercontent.com/EGemoI2NTXmTsBVtJqk8jxF9rh8ApRWfsIMQSt2uE4OcpQqbFu7f7NbTK05lx80nuSijCz7sc3a277R67g,"Icons easiest to identify quickly that I have found. Shame wallpapers are now download-from-cloud: saves on app size, but fiddly to install.",5,3,1.0.9,2018-01-16 03:00:18,,
gp:AOqpTOF_0apMZplo0Xe_EKSmNWvXw1RMXEU4eQebCZUdxd1SQKOtUZhMmLlnjw6dFZszuYw1D5P7Xtpdpqwh6g,A Google user,https://play-lh.googleusercontent.com/EGemoI2NTXmTsBVtJqk8jxF9rh8ApRWfsIMQSt2uE4OcpQqbFu7f7NbTK05lx80nuSijCz7sc3a277R67g,Needs overhaul,3,2,1.0.7,2017-12-11 15:17:02,,
gp:AOqpTOFPTDQmyFjTPZBEf9htvaFkISD6uEGbi1QhUuKC1u8pRG0nOZxDCatxM5YRyNMuz1FI1bTzlfuWyUA9WA,Harvey,https://play-lh.googleusercontent.com/a-/AOh14GgXtaq7-Bwhs7aD9SpZl1k3-kso_nJaSwrUxcJd-Q,One of the best,5,2,1.0.6,2017-12-09 06:09:11,Thanks Harvey,2017-12-09 07:49:21
gp:AOqpTOHonE3-zdw3F-rmhVc8buhDoaplhL_qw8qEYGiiic82NqxAUUDnH6_A20gxem56_k3i4U1QGc4uJDcXNQ,Will Erskine,https://play-lh.googleusercontent.com/a-/AOh14GivpojdSzIqT3VkkvLIXXkVsvZ6JT2syygaFQJkEQ,Great piece of work,5,1,1.0.6,2017-12-08 14:08:50,,
gp:AOqpTOH2ObSWArujHlkbOZLVip12XjJBD3TEwxC_NUSloDjlKsckD-tuyMSWtc0-mBb8MkNWtmz8dARF5EvdfQ,A Smith,https://play-lh.googleusercontent.com/a-/AOh14GhbeOPMXbz2y06h_j8pnJRprAg6b1vLLo4ASEHk0EU,Very nice icon pack to use with Nova Launcher.,5,2,1.0.4,2017-12-03 04:14:44,"Thanks Tony, we are at your service.",2017-12-06 07:24:25
gp:AOqpTOG9RxY9hiNHS2MJxpAPvb18o3Ncwm9HNShKyuG_M77jituefbpEDgNx9ncqkwyRlQBIdOuJrdjwc5QHUg,A Google user,https://play-lh.googleusercontent.com/EGemoI2NTXmTsBVtJqk8jxF9rh8ApRWfsIMQSt2uE4OcpQqbFu7f7NbTK05lx80nuSijCz7sc3a277R67g,Best icon set.,5,0,1.0.4,2017-11-14 23:49:28,,
gp:AOqpTOHJK6e2GtgiEhhOYB15XlOYPBNhg8COUHOtcSY9LKeoBJwCjZ_zH1LJTi3Exc-6RXZIED2RQVCV8GVBXQ,Mike Bunby,https://play-lh.googleusercontent.com/a-/AOh14Gju_7h2HnH7rJnzS28VT3rUOSdL0mM2TrkuVeRF,Absolutely beautiful,5,0,1.0.4,2017-11-14 14:41:36,,
gp:AOqpTOH64XlAs3kiISW8JtHDSoUSRHTi0tWr7ZhruLJxfWNSRsYM_yMd1qcCwwc2wTuaznH3HE2PVChk-yM6Lw,Brian,https://play-lh.googleusercontent.com/a-/AOh14GintcfUu77-EgQq91-pnIbFltDlfZSGNlK-utYvpgA,Great app. I love the smooth look.,5,1,1.0.4,2017-11-14 14:20:31,,
gp:AOqpTOGOphN5ye0Ba2stVBk0MpuDgYdOV0EchiXIXXkf-qrVuNi0EKVFJOQ8Zf11AnewdaRyreruONKAffVTEA,Harold Anteau,https://play-lh.googleusercontent.com/a-/AOh14GiAVeRoQcjVTiuCcI1zZkxWaf9CmG7YI57Qh6nrbg,Processional looking icons,5,1,1.0.3,2017-11-14 05:33:39,,
gp:AOqpTOFXNVz4aemr4iCRZtgGAoV6gVsFm6KQe8Z553GSFNGLKMwpMOhRIsLJzFGdM9bs2IH-Q10WzuHHPCbWyw,Raymond Mc Donagh,https://play-lh.googleusercontent.com/a-/AOh14Gi0Pe-IoPAxLRQ91IWidQkV4mOcrD-xVxNwgBzKXg,"Love this icon set, the way it appears to set your icons under glass, like insects trapped in amber. And that it hooks in nicely with your launcher, adding functionality",5,1,1.0.4,2017-11-14 03:43:24,,
gp:AOqpTOExlqWN_5o3Agq9zJvT16sM-2TAZPsz2itM5IZygWoqOhL-w9jC80QNaR3KpqinvTjU7afg4toMpi0Icg,Henry Lantigua,https://play-lh.googleusercontent.com/a-/AOh14GhQXx3UNVzOumZPWd3_F9cXt5bFLD5OCh0-0TiOVEw,99 stars. Beautiful. 😎😎😎. Really good job.,5,2,1.0.4,2017-11-14 03:32:02,Thank you very much Henry,2017-11-14 06:07:10
gp:AOqpTOHzwJN3T-n7Wd5RVUZf8bGvxSLyGQIRabrkrjHnN_hyWsvtjB8E9IuCAnwVfdSVVoFaCRvE51az_S3m4Q,A Google user,https://play-lh.googleusercontent.com/EGemoI2NTXmTsBVtJqk8jxF9rh8ApRWfsIMQSt2uE4OcpQqbFu7f7NbTK05lx80nuSijCz7sc3a277R67g,This is my favorite icon pack and has been for awhile. It's elegant and smooth. Looks perfect with whatever wallpaper I use. Classy.,5,2,1.0.4,2017-11-13 21:12:54,,
gp:AOqpTOFggnm-KJ9zEXjrz2yoBR5OT-Gz0V6VP6RGljbY4ruhj8tc1VSMkmQAIsSgt2KzqRdSsjgP8kn48yZZ1w,Jeff Jones,https://play-lh.googleusercontent.com/a-/AOh14GgdM91vWS4oP9Nkpw_LI86lY7weKQYqL_npXmHWew,"It's great, would be perfect if the Play Store icon was up to date.",5,0,1.0.3,2017-11-05 00:00:18,,
gp:AOqpTOFjpb0-rni_VEfeWANctr4dugEkyBvsUXfVlKyWSPZoGYPiOzcOg0lOqZQerflyGROhGNX-nzcsQ0xIRA,Francis Arthur,https://play-lh.googleusercontent.com/a-/AOh14Gg5WHiGEZkm1z8i63qH3oeWNhP4OSLUdzHbSdtB1w,"Can you please fix my icons on S7 after the update, a lot of icons don't want to change in yours anymore. Same with the golden theme  - It seems to be fixed now. I browsed quickly through my apps but I don't see any flat icons anymore. All glassy, thank you. Maybe it's possible to redesign the whole green phone icon and orange contact icon but that's up to you if it's even possible.  Thank you.",5,5,1.0.3,2017-11-03 09:38:37,"Hi Francis, please tell me if all is ok with the last update or write me to help you and give you more icons. Thanks",2017-11-03 08:53:12
gp:AOqpTOFnVlvYyFGyJz8tcpIMhRsqW53zMH89SSD93N00xBWxc0JI-qnbWHPcOnXp5aNMQ8xCwIOj6wtq_AAKxw,Blu .Delite,https://play-lh.googleusercontent.com/a-/AOh14Giy-R7lSS1xOQ_3elkdBP6B3G2fqp6uSSVGHhdJnA,One of my favourite icon packs.,5,0,1.0.3,2017-11-03 04:28:31,,
gp:AOqpTOHfmpYpZmqen-TtPMeuhywCJZDjFarrYXGcxAZrBgFxilEwy8U9_FHvpOiT1NX3xgKgTD3DApDjpee2Xg,Trayan Grozev,https://play-lh.googleusercontent.com/a-/AOh14GjkITkIXlhw7FvLO8PiOzwESvUbWDaNCTG5-D78,Nice icons!,5,2,1.0.3,2017-11-02 05:59:34,"Thanks Trayan, we are at your service.",2017-11-02 15:12:21
gp:AOqpTOGKqQFnAbtTDTkgAuF9ojfW4ycOtsmISrAn4S3yAOeroWKtxDIEv3HDZyfG-zsNNp0sOsP9QCfY_XACEw,Andy Sedgley,https://play-lh.googleusercontent.com/a-/AOh14GhoGuHKoUekxpEX7Se0SlH7Wzwb8StLFEHayhkLTg,"It seems a few are masked, either that or they have icons for everything! But no matter, they all look great and I'm very happy with them.  S8+ on Nougat with Nova launcher.",5,10,1.0.2,2017-10-24 15:21:16,,
gp:AOqpTOETMEHkvsEGYuaiU5aCoTtKGOk_rCQnoXGrkWnYeRlhxuwOL7dZeDA8lukhYDejAR-exrzcRE1ttA7Vhg,Dean Parker,https://play-lh.googleusercontent.com/-1E46a919oyc/AAAAAAAAAAI/AAAAAAAAA0E/AMZuucmjyNLNcToxb08IdNOjJYACe0zEwg/photo.jpg,"Could only give 3 stars as half the icons in my menu didn't change at all. Only the commonly used ones did like facebook, twitter etc.",3,3,9.9,2017-09-19 16:17:01,,
gp:AOqpTOGXppX2CTIc0LTDLusPXzKnWkhngOzmUINRoWQ5JHR9JEF9O31T1dHXgsS0Fqln85WC1i3mS_vfvbBEqg,Randy Grace,https://play-lh.googleusercontent.com/a-/AOh14GjaKedDsN4qcmJ5QdEBuDnNRfIFn8K7lE4HYIKt4Dk,"My favorite so far. Icons look classy, like there's a shiny, glass plate over each one.",5,3,9.9,2017-09-18 11:47:01,,
gp:AOqpTOGNnmjezBs4JwKSy6WGkkIUHtBjFzgFKzPu6ohmtXJ9Eco1c8j52ftlfwAt3DBvlC-ZRClo_VP_jz-NxQ,C. I.,https://play-lh.googleusercontent.com/a-/AOh14GgT8eZ9xC9slIiquiUm2J4C2Dz_AJkQ-fSWvCKF,"One of the best icon packs I've tried, simply beautiful! Big thumbs up to the Dev for a great product.",5,1,9.8,2017-09-14 12:01:34,,
gp:AOqpTOEMR-19vYz26aGHA0tLDTU42vhPh2Hlp7BiaS1oYnS7El-26YTXsI50m9tqTLIXxzUxQ4c9oCaC7e_b7g,Will Trujillo,https://play-lh.googleusercontent.com/a-/AOh14Ggj7tDEJexyhwnvzYPXdCL3UhCQ3aIqM1DhiHpKy1Q,"I really like how elegant and sophisticated my tablet looks now.... I am very pleased with your work, keep it coming...",5,6,9.6,2017-08-11 01:45:29,"Thank you very much Will, I will work for that",2017-08-12 19:44:31
gp:AOqpTOE_qJa1yN4lK8jdD9XJehSI-1su6h5PlIo-dC5LOW8j0Z8QE_WEjznkGaoy9JPzDdUxztSWjDTwCq0rRQ,Robert Crockett,https://play-lh.googleusercontent.com/a-/AOh14GhI-NVfDqXLmOxOzR9eawuAkqKeuCW0quic5-g8dg,"Great icons, just needs a few good backgrounds to go with this, any idea's people?...",5,1,9.6,2017-07-31 16:57:00,,
gp:AOqpTOFaL-EsFuV2CIJVuVtFqiagcY0dI-b49vTMCOQoC7tikpH7IEqQb5p_JFpQzagtqJEKAkoIiCdispo98A,Abdullaah Wayne Goodner,https://play-lh.googleusercontent.com/a-/AOh14GiFCwVE3aKzdmHnY0hb0KHqOjeb5ADh2fzsVbZSUw,I have used many icon packs over the years. This one really looks nice with whatever personal background I choose.,5,1,9.5,2017-07-24 05:49:19,,
gp:AOqpTOHg8GImWLRrBDt75TxDvl7z9Pc7d3gCsTjosuNF-m3VWtA7BD7LlQ0nEj4_pRgiV-FhoEPE42dKrMJejA,VR s,https://play-lh.googleusercontent.com/a-/AOh14GhQekjqlgDXyyXYDpt03ewbDhI3TuPPPDNfQJ8BhQ,App icon can't changing,3,3,9.5,2017-07-13 21:08:31,,
gp:AOqpTOEhtIh_bHQl9cJhZoflUCOR01shqaVnSqBeyHc7LJ7wldWG4k40MfMk40hIlXYEWlisK-ejuJydSIXEQg,S. D.,https://play-lh.googleusercontent.com/-9iMucpIb0Tw/AAAAAAAAAAI/AAAAAAAAAAA/AMZuucmnMqh2cfc0mTsOtDSg3a8h7eOegA/photo.jpg,Can not installed!?,5,1,9.5,2017-07-09 13:57:44,,
gp:AOqpTOEtP4lbPHBayyycu0qp-AHynAadvnBFc_sbKUtQtq5EZKnnbuwa2Zw4Ovuj9Lm6g_jRlFNkmWmths2cNQ,Thomas Adams,https://play-lh.googleusercontent.com/a-/AOh14GhNH1KwstCeFgLFe6Ed6HYiio-cw5Tcpe2YawlwAQ,One of the best icon packs available. And a very responsive and active developer!  Keep up the excellent work!,5,0,9.4,2017-07-09 00:27:15,,
gp:AOqpTOEXdhHN9k5FOnmxnpbqzQqQFZ9hJ_c4K3NTRbFT5hEyYE3tW4dEfjoYP2w8eB7D882JXrTFa6vxSXH9yg,A Google user,https://play-lh.googleusercontent.com/EGemoI2NTXmTsBVtJqk8jxF9rh8ApRWfsIMQSt2uE4OcpQqbFu7f7NbTK05lx80nuSijCz7sc3a277R67g,"Please fix some phone icon for the S7, contacts but really that phone icon! Ty",4,0,,2017-06-15 02:16:58,,
gp:AOqpTOEqxehW40CH7Nekx6GRLOx70iKoJ7JE1yMDQbPzmRCcteNQepuDzkL6Tf4FISdyEvzbbYGuANzMPTOKtw,A Google user,https://play-lh.googleusercontent.com/EGemoI2NTXmTsBVtJqk8jxF9rh8ApRWfsIMQSt2uE4OcpQqbFu7f7NbTK05lx80nuSijCz7sc3a277R67g,"Very slick icons​ , one of the best.",5,0,9.4,2017-05-15 07:04:08,,
gp:AOqpTOF4YnoHXzdM4ph3O7FFVG8coHFj0at5MuI-0GwQForqNMh0n-0aKN5GJ-IR_eeblI71SEXmSlX3DkXi2g,Simon Potgieter,https://play-lh.googleusercontent.com/a-/AOh14GgAPWj8HnJLj74ECtjDSWAri7wctWveiZOyG8HNmQ,"Really nice icons all in all... Couldn't give 5 stars because I think some of the more common ones (mainly the Gapps ones) are a little too light.  Would it be possible to add ""dark"" alternative versions? 5 stars plus I'll make my wife buy it if yes, and that's a promise!",4,12,9.4,2017-05-03 15:41:26,"Thanks Simon, I will work in your suggest. Thank you very much",2017-05-11 07:17:51
gp:AOqpTOHEUZcjLjSDF8V_jsvJ77CKM13Hs4P8-N5LIHEx0hvL1K-fvspIOSrSJn28SspHLig55u6edtSMPkxsEw,A Google user,https://play-lh.googleusercontent.com/EGemoI2NTXmTsBVtJqk8jxF9rh8ApRWfsIMQSt2uE4OcpQqbFu7f7NbTK05lx80nuSijCz7sc3a277R67g,Icons are nice. Don't care for 2D dock popup controls. Application popup should be more translucent in my opinion it needs more work on the 3D appearance. Smoke and Glass Icons look better and Steampunk Neon has better everything else except Icons. Putting these two together should give you ideas to improve. Till then i'd like to have my money back because it's not as good as what i have,3,0,,2017-04-22 14:28:15,,
gp:AOqpTOFNdjbcEDoJz9HN1k5G7AXWWn8QHdtkvQ1dkZKXeDb8PhKsIkXJhr1OAzFLfEbt7sZZhDfgcQsLH7uF_g,A Google user,https://play-lh.googleusercontent.com/EGemoI2NTXmTsBVtJqk8jxF9rh8ApRWfsIMQSt2uE4OcpQqbFu7f7NbTK05lx80nuSijCz7sc3a277R67g,The Mint icon change is terrible.,4,7,9.4,2017-04-18 15:11:38,,
gp:AOqpTOESBTxQaOHSmketKXaA36z-blouQHxG8_zFmx9zVvXIRU5HZNCD4t4M3Xc0CUHF2rzj-XuI_aY1TrRvpw,Tim Shaw,https://play-lh.googleusercontent.com/a-/AOh14GgHlSkdcQ_1ZWsmw-Vys7IpmedrBCQRyMUo0Njt-g,Nice,4,0,9.3,2017-04-14 14:16:04,,
gp:AOqpTOFEheSmug0CU8ze6XUiyyIfj0iFWiNvqENowUgjG7fvseUxYvCNIDvK02UE1gDEcIFF7oV8gU5VL0KH9Q,Josh Lavis,https://play-lh.googleusercontent.com/a-/AOh14GhfDz9LEsB1yGYt8JCeqClpe54WlQQVGeDByW6vdw,"Best icons, been using them for years. But we need you to make the Twitch icon, it's my only one that doesn't use the glass icon!",5,2,9.3,2017-04-13 11:12:47,"I will work in that Josh, thank you",2017-04-17 07:08:41
gp:AOqpTOGZH8cgJhxtrBlR6jKVZKBBWvgfbp3RxlIHP4ARyoYY05SdhE2UjSP0dYpJ7DCyCpRuZ7T4aBCkFX5QuA,Doug Wells,https://play-lh.googleusercontent.com/a-/AOh14Gh744KBoLoexMdf6y4RF-rh0ST7h4F_sDbfWk4VYw,I love this icon pack! It is the greatest! I only had one issue and the app dev quickly fixed it for me 😊,5,6,9.3,2017-04-09 22:47:34,"Thankyou very much Doug, I love you are happy with my icon pack",2017-04-11 07:36:39
gp:AOqpTOH61mRXBb-UZnnUS8aJobU5DW_MDIrMJUSABvDICxCuqYJMhBWAAYRuX0NT67J1Mbb5zarh5smzuuyU0A,D,https://play-lh.googleusercontent.com/-WrKKuZpalik/AAAAAAAAAAI/AAAAAAAAJr8/AMZuucm9BX7eYrNWZapCG3XGZMXTMG6zhA/photo.jpg,Liked it but over time I found the design difficult to see what the icons were for.,3,0,2.2,2017-03-28 22:15:23,,
gp:AOqpTOGFIYISwR3yHMCJLJuFB5weWA-Tav8WOhdeiHX6kf7DLt7yaaxWN4JG12F48MMI5gGsidXM3vTUhTs8AQ,Nick Khoury,https://play-lh.googleusercontent.com/a-/AOh14GhlOG0Dicj5miQWgy5DBFP74ZLFY-D_n4LB4pYE_w,"You cannot go wrong w/this icon set; Devs are great too. If you are looking to impress, or are home on the couch 24/7...this z the icon pack out of any glass or crystal icon set class. Icons are so crisp, elegant,minimalistic(yet not), & downright beautiful icons.",5,0,,2017-03-24 17:11:32,,
gp:AOqpTOFxPLdPxE_1acIabMwW_U4Iw0stbog_BQdHS-CyYmwhPmD15uUA5RmDDr5AwJMMKJ8fzKblXv0OYYL5GA,Aileen C,https://play-lh.googleusercontent.com/a-/AOh14GiKmL9mg3iQV6mPmCs0qyTKC4igPUfKwVVqsrIFVw,"Love these icons, very well made. Aqua mail needs to be updated. Should be a way to report an icon to update not just add a new icon. Thanks for these!",5,0,4.2,2017-03-24 10:14:02,,
gp:AOqpTOFXXuD3logyCGrw7027HB6sWp_RGlUMTnJDXjpMKjKfr62IWbCA2h1XQC4wlLzA5-H0VtNaQp1Ik7dSOg,Francis Israel,https://play-lh.googleusercontent.com/-3r5Iyxsshcc/AAAAAAAAAAI/AAAAAAAAAAA/AMZuuclMxQQr2NKA_-CQPOeoHt3Nw5uloA/photo.jpg,I have already purchased vip few months ago. Y is it still asking for upgrade.. rip off,2,5,3.9,2017-03-14 03:01:26,,
gp:AOqpTOG8skDyxX-SbdynVHt49Bx3WQoQwR2mGkjR3jHglxgA8EwR01TXFZ18J-anq9Z8jA-dAEicj9Yh_hWNcA,Sherrel Bacurin,https://play-lh.googleusercontent.com/a-/AOh14Gj7CKwvqvFRbNFcfzASbCzHnlVLNlm_QoMWaIKg,Elegant!,5,1,3.8,2017-03-12 22:14:02,,
gp:AOqpTOElkBBLGaJiNIUlFPeap8cSyXZcEg9Wt_q-4XXIo3ArjkgxQuZjInJcVohnJ8GkzUFByV1lKfOg8SNcsw,Shauna S.,https://play-lh.googleusercontent.com/a-/AOh14Gg7NZOOdlCJm4MbA-Ys2lUGU-J8HswmUUxz2vXYdQ,A favorite,5,5,3.8,2017-02-25 01:36:46,,
gp:AOqpTOHtI2-f4dJxiPMdrYLYlnMjgJX5IYiqGqveEFAno2C3SgHbMH53SXrxuqxykw51c7sGctpeDBMYGrIPFw,T Frensdorf,https://play-lh.googleusercontent.com/a-/AOh14GjG8_zOS6y-2aqVqDapvI33qd-CSHjapfg-iH29yGk,By far my favorite icon pack. Keep up the great work.,5,3,3.7,2017-02-23 11:15:45,"Thank you very much T Frensdorf, your words make me really happy and supported",2017-02-23 19:10:34
gp:AOqpTOFqg3DYTqS9ig1eB0cArqqoPa1bzD2y5hNBOVJckKbsrkgBqewt34Q1_KXIAWbTwJxY0iiYd2CQI79iZg,Loki TheTrickster,https://play-lh.googleusercontent.com/a-/AOh14Gj5VRGdCUJ6iQrPdoIFkkPw6k2fjuADj9eUQ4W0ew,"Had this for awhile now, & had no issues so far. Looks great. Recommended. 👍",4,1,3.7,2017-02-22 23:47:24,Thanks Loki,2017-02-23 19:10:55
gp:AOqpTOFLmxAneAbKgJTWrQ1pqSiAPXf7XVCRc4mepfQZCOoWyKquf27_TLxgZiz7MRyE9A1QrHKXXsWGyWHqCg,Nom Deplume,https://play-lh.googleusercontent.com/-3UpwcprCws8/AAAAAAAAAAI/AAAAAAAAAAA/AMZuucmOJMXMowhFfeyvbWnEadXt9tDmbw/photo.jpg,"I was unsure if these would work on Go Launcher but decided to try anyhow. They do and look great but I wish there were more of the usual icons (such as contacts, phone, text, etc.)but there are plenty of app icons.",5,3,3.6,2017-02-14 17:12:01,,
gp:AOqpTOGXWLsC-FiJjUoqfZaBCsS7wQFbQ0O-X-xtlxqSXxnqdvu8v_jJWz3AIlTS72FUbrHtDODGA6jpl4kqoA,Ronald Powers,https://play-lh.googleusercontent.com/a-/AOh14GgSVNeeReQRA9y3lBbpX8zAFd2qfDkr-k2Vc60s6gk,Very unique and eye 👁 pleasing icons.,5,6,3.5,2017-02-07 10:26:01,,
gp:AOqpTOFBLKJEJRupdu1gXYQ3_rMmfIKR9RhMg3J_dx4wY4Bpl3sIQyad_VE8-ic7lgVtOfjCgt8GbEVxGb-hMw,A. Lee,https://play-lh.googleusercontent.com/a-/AOh14GjMhMDY0ihFWTluGOpHDWiBh_V6CblX-rvmo6Yr,Uniform and beautiful theming for all icons.,5,5,3.4,2017-01-07 06:21:37,,
gp:AOqpTOFujgnkdqgtswjqvjp1xbZL87dAtGG4WShMkAw9t9lvFVfUQ4oubyqjRB9Jdox0csmO1rKl1ATxT8hSew,Simon Blackwood,https://play-lh.googleusercontent.com/-auowrSWwdmk/AAAAAAAAAAI/AAAAAAAAHng/AMZuuckj5ooDZiXVlSFVFm4F8h-o6j-bGw/photo.jpg,I'm not too great with understanding Launchers and Packs. I just want to activate something and it works... Without adds. Well you made my life easier. This is great. My icons are now minimalistic and tidy. Not the great clunky things Samsung bestow upon their customers.,4,18,3.4,2016-12-29 22:04:56,,
gp:AOqpTOFBR5Z38hi_n7jiM8auuIxLPEJvOvjPypD6VVvMDqRYCf3UWwfyOO881Eo6yXHlu9ZToHsWGPEM2oun1w,Chase Banx,https://play-lh.googleusercontent.com/a-/AOh14GhZSzcmLorIcjRoT9m_EP2Zmg5aCWlO3zsg9okkTg,Not tech,1,0,3.3,2016-12-22 19:42:18,,
gp:AOqpTOEaaf2r88xb5ChKmZrie3O36BDUhaO3EcSvcteIHh8LXNykjFxJXft5jP4-fytDI5ohzA9hObBQnr6BcQ,Suleeto Dovar,https://play-lh.googleusercontent.com/a-/AOh14Giad3D7hSebKw61AmWCFUEnnCj6MyghZyZ8jhaq1w,Please... since the update the new icons look silly. If you're going to change core icons then just make new theme! 1 star for changing things.,1,8,3.3,2016-12-19 11:42:53,"Hi Suleeto, please check the last update, if all is ok please tell me. thanks",2017-11-03 09:25:24
gp:AOqpTOEE7xedhktossNoDqKoUliZ0ZbZBscFX0QTxnIwHbgq7mq44UBqVoc_z8O_RS1Ep_gcjLAeNnR_F2_Jiw,Martin Krstevski,https://play-lh.googleusercontent.com/a-/AOh14GgcpaxDjfLS3MSUZutT7Bfo8YPZlCTWgc0JN7zOxA,THE BEST !!!,5,0,3.3,2016-12-18 06:07:26,,
gp:AOqpTOG0tyi5Ms8pcNLwT3EB3ZuTWTbQz2C1ObeSEBfAuBlARbfS9TLizgIpFUc1I0AlssNiM5Zbtc_FPIN6Ug,Ron B,https://play-lh.googleusercontent.com/a-/AOh14Gi_HrJNHGVZ3QI_skMJM8FAQJuCv6eaoH0dwhee,The first app/theme installed on all my phones past and current.,5,4,3.3,2016-12-17 23:14:16,,
gp:AOqpTOF55pn2WEwvHSQpDUkOUZLwSj-FjyAGExg01OBRzbvvI-UmvAn11ebZpIeQjR-otD3MbsiRK0cUzLYfKA,Mitchell Helm,https://play-lh.googleusercontent.com/a-/AOh14GgCFVhnoaKiJjHPodCCyAdG0AycUdeGp1VqUCWjAQ,Pokemon Ball icon missing with update. Paid version.,3,2,3.3,2016-12-17 14:33:40,,
gp:AOqpTOHDg9UwBj446D20nq-ycE3Qlb6D_Z2ZEm8U4X4oxLezB36G7850DiR6jvhi1MgjNtsJimhQpAZnRr-Z_A,Caroline Harrison,https://play-lh.googleusercontent.com/a-/AOh14GgB-K-Ep7X6yCBbM-I7_UPeIw5ZS8UUsTddZ2BEVJw,"Since updating all the effects and colours have completely changed and there's no way of changing them back to how they were before?! I'd show a before and after picture so people know what I'm on about if it would let me on here! I paid for this app last year, use it with nova launcher, not happy with this update! Change it back!!",1,5,3.2,2016-12-17 12:06:41,"Hi Caroline, please see the last update and tell me if all is ok now. Thanks",2017-11-03 09:34:42
gp:AOqpTOHLNjbtveJ8ZXtUfIRvXNNV3vlF6kqSpFMBLga_mW5nwrxtLgXdDoF10AnfRqttJxzrUqLUDkSU3H8E3g,califda,https://play-lh.googleusercontent.com/a-/AOh14GgxecGoJWPd-fUDhTzEj1atlviSi6LFQGCCzyLdaA,"This theme badly slowing down all devices where I installed it. I suspect that this theme has some back ground routing making my nexus 6 to be unresponsive. Once this theme was uninstalled, I got my speed back.",1,0,1.6.7,2016-12-13 02:45:02,"Hello Califda, please write me to fix this, the icon pack works fine and dont slowing down the device. Thanks",2016-12-13 06:20:39
gp:AOqpTOEnmc59fWdcgCzlwHpEiHGxaxduWK7wOWvoROG5owAmg3aa06Wcbvg-wNqk56JETw24FInHc7ynR920dA,Michael Scurlock,https://play-lh.googleusercontent.com/-UOmcLG7wkO0/AAAAAAAAAAI/AAAAAAAAAAA/AMZuucn8nk68qlAEhjgYuKwd3AeAsio3ww/photo.jpg,I custom theme ALOT and have used ALOT of icons and this is my favorite for sure. Also has great wallpapers and updates weekly. It's cousin Golden glass rocks as well!,5,0,,2016-12-07 16:11:16,,
gp:AOqpTOFURc1WX5obpUnQGQeBPsy0JTwxypI9bsGBE0fmVLH11MfUybKn-UOvTcVFOlOsfjIu09hXw0CGfp-pbw,Peter Rutkowski,https://play-lh.googleusercontent.com/a-/AOh14GhQHBjiqCx5tM4S1EQtLY8T-SRnpkQfWq_I2_VBqw,"The icons are superb,  but in my case I needed something with the edges being more pronounced. All the way around not just a glare on the edges.  This is no criticism,  but personal preference.  Keep up the good work guys.",5,0,,2016-12-04 21:57:34,,
gp:AOqpTOED9uIuevfO67ZQDKi0DD--aW-NGAT9agxSgoMpe19yuilVjGP28rCBpLzXKuOsqAVG9zG8XAPDVJdPWQ,Bryan Casto,https://play-lh.googleusercontent.com/a-/AOh14Gh91Gj3Xy8vcDpfuNXzspj10BqB8tBI6QhkEzDhnQ,Top notch. Looks clean and functional.,5,0,2.8,2016-11-26 19:46:15,,
gp:AOqpTOHoOJAfvx8aSyPuI7nDd7baTNA1EkEQE-8zcgisdF00969okyPQn_sO3pc0UQXnUWBNVMpMziIbrxWc7A,Kiran Limbu,https://play-lh.googleusercontent.com/a-/AOh14GjZTE8g3DKrYFnM4tgwbGJAOYMjNhoU-SyFOvxI,I loved glass icon 4 BlackBerry priv,5,12,2.8,2016-11-16 04:28:02,,
gp:AOqpTOE9B1OQkSv3GzUUiyElBX67CGWN5X8vYuiQLaZikT9YPZgot3SS1nx8pZOKCaIhnsiS8hB0XcOxmEi53Q,A Google user,https://play-lh.googleusercontent.com/EGemoI2NTXmTsBVtJqk8jxF9rh8ApRWfsIMQSt2uE4OcpQqbFu7f7NbTK05lx80nuSijCz7sc3a277R67g,Need a refund guys.,1,0,2.7,2016-11-12 05:26:54,"Hi, we write you, we need your email from google play to proceed with the refund, thanks",2016-11-14 09:59:11
gp:AOqpTOFSXgVHREStx9Q4ooruoc3jxo8QCfif0iH6THwIQX4VLtgRi_6f1e5GF1yc3J9MGnIxy1qUjtSc7dDGpA,Justin Crapser/Peterson,https://play-lh.googleusercontent.com/a-/AOh14GjRPd1nYv9O0rVVEg5KogG7fwYlxp7--rzQhwRUaMY,Exellent icons. Tha buizznezz,5,2,2.7,2016-11-08 13:00:34,,
gp:AOqpTOG1bIGpm8yLS4Yq55O62fbMffgghMkz1zUWOLgHKjnIp1FnDnkhDZvBaXv_tcEjFyL44puVwJsBk6CT9g,chandra sekkhar,https://play-lh.googleusercontent.com/a-/AOh14Ghg7b5XjkxHvXSUm42-cyxTxunS7Gua_rXHd1LcSvA,Simply superb,5,1,2.6,2016-11-07 19:24:42,,
gp:AOqpTOH1z-9CT37UfgPz7TFlIFIigeuF4DYyXGUc8-SVrwg6AG8ne8E7gOHi3BjjiW5Z4VLxsUocwTGr-LUMuQ,Nick Khoury,https://play-lh.googleusercontent.com/a-/AOh14Gh3bXIFcj-Ww9-jFbon2w3sdX5Yr1wEnpvbm85y,"Thx for the price point adjustment..as u can see, 5*s..thx again'&, keep the updates rolling out.",5,0,2.6,2016-11-07 14:19:53,,
gp:AOqpTOFUzMKV_MkRe5IN0gFpFOX7F0rub7OEBhAkBagnamSX6qoNQsfLVNISPHi9YnC9p1-5dH8nw-R4yAbFdw,John Doyle,https://play-lh.googleusercontent.com/a-/AOh14Gi4SSjPfGFhs0ROIAsrvGINCdQ8JLtdclPkw3Xi6w,"This is an excellent icon set. I use Awsesome Icons to create replacement glassed icons for ANY installed app. I don't use a launcher, am quite happy with Samsung's Touchwiz on my Galaxy S7. Manually replaced all my homepages' icons using this. One at a time, of course. Any app that doesn't have a specific custom icon in the pack can simply get a glassed mask version of the original made. All depends on what you need, but for replacement homepages icons only, serves me perfectly. Great work.",5,3,2.6,2016-11-05 07:09:01,"Thanks John, I appreciate your comment, thank you very much",2016-08-11 10:20:09
gp:AOqpTOHpJUpT7ehHN2C6XqXdp-1mI3h6C-URjgDpAEVxyxSqgWbXku5MD8S-DxXgxakOwt1vLkDXhkBGJK4WSw,James Exploring Online,https://play-lh.googleusercontent.com/a-/AOh14GhQ1ZqsFYKCTaqoYUHz2ff_ny_2GTTDXuGaCrSvHQ,Nice paid app..Only wish it could work with my s6+ stock loader,1,0,2.5,2016-10-12 02:33:36,"Please wirte me to refund if you are not habby, thanks",2016-10-13 07:20:15
gp:AOqpTOEJrZgcvrD5diB-CjvT0HCbPAGrbs0QGl4FhKAyUspdzZy8Ipqw_Isj3b8OlOxvhjjz5E_QJ0F9r2PTaQ,Narrindar,https://play-lh.googleusercontent.com/a-/AOh14GgU3SD2bqE-3IT6i-Iq5GkLeEdsMwGiomlpU9Ri,Thanks for your creativity and Imagination.  Keep up the good work.,5,8,2.5,2016-10-09 08:34:39,,
gp:AOqpTOFBfw7ovYX0vJ9pLP1eIZP_msFWWiBEAnsDFGO1NAE2BXSGgNRzZLp_0vSfEECDjWcQ28cXXsv_ZW4ong,Gerald Goudeau,https://play-lh.googleusercontent.com/a-/AOh14Gia7VvGhGqSribxf460NLtn3lOGlc6OiIDJqqU07A,Nice,5,0,1.6.9,2016-10-08 01:04:30,,
gp:AOqpTOH7331IrzSJQq6b7cigznL4OlKY7p0jsDPqD8RRVCc8uwRNTzIMPqo9wz9ddd9K3fnbgVLT0R7Eym4O1g,Richard Halferty,https://play-lh.googleusercontent.com/a-/AOh14GgnwKScPg9oA76nBFXROhTGn4-Iz0gOofLrgaCYDRA,"I really like these that are very impressive and simple to install, they installed themselves literally!",5,16,2.5,2016-10-07 17:43:57,,
gp:AOqpTOFEnthQX_zrh0Oyy-G2TlHumOKS7FRnfK3o6oLGGIrrL4Hflrs0kBp1VgBqhzV_wgah4g3_FKEeFXuukw,Matt Bransky,https://play-lh.googleusercontent.com/a-/AOh14GhRelG5jziJYRGTQCkQ8Uc9YntYyrxSCAT9QpJcmN8,"Very nice icon pack, no issues whatsoever.",5,12,2.5,2016-10-05 05:50:14,,
gp:AOqpTOEgBQEl67-ingHdw__gwpRWST6IV2xTScG887mfgAMmR2jj8uugElCRpXc50CVzuWqetipErYhUtnVQ8Q,A Google user,https://play-lh.googleusercontent.com/EGemoI2NTXmTsBVtJqk8jxF9rh8ApRWfsIMQSt2uE4OcpQqbFu7f7NbTK05lx80nuSijCz7sc3a277R67g,Gorgeous!!!,5,3,2.2,2016-09-15 17:13:02,,
gp:AOqpTOFo7X5wEVBU28IdSd5E-JzU2YdEZIIbPwJm4DZJ2-5C1M21BxHACwZkUy2IffDNFcpgBRg_AUxkOwjZ0A,A Bontsema #GRONNOL,https://play-lh.googleusercontent.com/a-/AOh14GhYzJKFsQKS9Xb6mUGycc5dOh6ucjggtRbfrijv9g,Nice and sleek. Everything looks less cluttered.,5,1,2.1,2016-09-14 13:27:41,"Thank you very much A Bontsema, I´m at your service",2016-07-01 09:34:04
gp:AOqpTOEt2JaxBEK1xVTNDDQmq0sHvvH0cqv5Dr4kNN7FO0DCGN5wAbliWyQKuzLw39gjiqe2ne9iEIxyjqmhug,MENTAL_MUTHA_FKR,https://play-lh.googleusercontent.com/a-/AOh14GiTScdBFA6mBKggiTJqfbnmQJ-XoOJ_w12FF9Lw2aU,Nice icon pack work well with nova launcher. Please update the Instagram app tho,5,1,2.1,2016-09-13 23:51:04,,
gp:AOqpTOGAlFfrQ940VTozyfu_4mj17sIXm5IHaho55lTDbdoOYiwXkRTIL889WGGnNHbY3JE73H2SY7VJxR95NA,Chris Welch,https://play-lh.googleusercontent.com/a-/AOh14GiUBHSX4VvbMY0u3n_SDS4f7oIWKfjIJmOM-qJJGww,"Nice icon pack, crisp finish, recommended",4,2,2.1,2016-09-13 23:30:15,,
gp:AOqpTOEN01fXfpWEEckLN-JtXNHDbxwqw05ty3hJKDv3xfARLn-gjgmb8MG94hFiermBm0JjQOMz1n0qL0YLiQ,Rusty Raven,https://play-lh.googleusercontent.com/a-/AOh14GirxR3j4-BGfINKxU8GlBPMRCrbiQVr_zeK-C0X,Simple. Beautiful.  Elegant.,5,2,2.1,2016-09-13 22:04:52,,
gp:AOqpTOEJbhbskHGaGAuAj1q7eLXVbqI5mscKqAwxGp-fVCCLofesheTfmRtYYE7zM2MRJzgSbk5Ah2MUfN_goQ,Ken Archbold,https://play-lh.googleusercontent.com/-elcJ1-ekfMw/AAAAAAAAAAI/AAAAAAAAAAA/AMZuucm1vx75ajvtmLP4mXK5Bwo-QhooEQ/photo.jpg,Perfect,5,0,2,2016-08-26 11:40:17,,
gp:AOqpTOFbErXtVSzK9AdmIfkI1bEEi37DkcYLtPLoip3Zn4br-X4Nm7dMC93WY_tydE5nJN4renOixEZRDqux8Q,OrCMaSteRUK,https://play-lh.googleusercontent.com/a-/AOh14GhfnFZKuXtQONbpdfNGO_FdpVWy5qwmY5drbWOJGQ,Very cool looking and deff Glassy looking,5,3,2.1,2016-08-26 07:21:19,,
gp:AOqpTOE0UqigWoPF2qJ-sCEpVCA9WMnRgW68SWZC6XKXPnaG6uKusf0sdSjoSTYU939HHwSQbVR5F0dJws1HAw,Graham Robey,https://play-lh.googleusercontent.com/a-/AOh14GgP90SPX96pClTFiHz98UKuY-t33gQ9Mn8PC9EOXA,Five stars,5,2,2,2016-08-20 23:37:25,,
gp:AOqpTOFeS6jwdncc-H85IK4lvx9jvOyvbYHR-C9TCYKiXGLmgRfzVnY23QxW57XpwQn6EoexkWFvCJ2UPhnRXA,Joseph Loera,https://play-lh.googleusercontent.com/a-/AOh14GiUxLsZth4lgL4jmR5sIK0eBU9-z2_CfLTsAG74f5Q,"Shady ""Dev"" STILL CONTINUES TO LIE, this time about refunding for his misleading product...doesn't matter that it's false advertisement, now it's a matter of principle. 99 CENTS, or 99 BUCKS, I'll teach u good biz practice whether u like it or not.  You'll even thank me one day.",1,0,,2016-08-10 06:48:22,"Dear Joseph, our party has made the refund procedure, the deposit or your money back should be done by Google, about that I have no ability to intervene.
Sorry for the delay, Greetings",2016-08-11 10:18:38
gp:AOqpTOHKJ5RVNihcF4LIXMuarFxoOjIuF1DRpnJhczwy0p1DnBZRe8iX4-Dc5XJvSqnlM1ywiCI3xL9K7JxgGQ,Steve Kent,https://play-lh.googleusercontent.com/a-/AOh14Gj8i9CGqZIrHjckov3diZlgy6kWFYsO2CYSnMe84Q,Icons seem  too small compared to other icon packs that I use?  other than that really nice,4,3,1.6.9,2016-08-03 09:08:33,,
gp:AOqpTOEMVRzjJvCbHtiLFInBmGeylg8wyQOURH0oGpfdl291nZvuQMXgoAZjpHUqFPjKjHfofOWpPvKnaLJSNw,Sharon Cherry,https://play-lh.googleusercontent.com/a-/AOh14GihOGgTQq1hDID8LHL1J31RJnfKndPhsH1B3thu,The best app I even use,5,0,1.6.9,2016-07-18 14:22:27,"Thanks Sharon, I´m happy for that",2016-08-11 10:27:57
gp:AOqpTOG6AwwH_Mwg59qfIDr0Z8AGV9-HbMX5ZvEi3p7hmTQJ8EqK5w64nOMpKJNdPdKLyHLrg1TWAn_Hd-eeFg,IAN DAWSON,https://play-lh.googleusercontent.com/a-/AOh14GjiJavVGH5As9f6N26W3xKQPt8QyOQzqXQQe8elfQ,"Gorgeous icon pack, just awesome. To anyone considering purchasing these icons, don't hesitate - they're wonderful, and a steal at that price. Great job Devs.",5,13,1.6.9,2016-07-17 20:53:22,"Thank you very much Ian, this is our best icon pack",2016-07-18 08:05:22
gp:AOqpTOHFgxM1GNmQ7po4WL2ve_I89FjC94mz48iA03dLT1AXhxaviZ2Yf70Q-PPC6nidjI-sYQZL0kpqR6qlPg,Nikita Mosley,https://play-lh.googleusercontent.com/a-/AOh14GjUZKi7MUr2B6nyP43Wq5xg807NIaTicfCf39FOi_M,Love these icons! Very neat and pretty! I am beyond pleased! Looks beautiful on my Note 5! (Nova Launcher Prime),5,0,1.6.8,2016-07-11 13:28:39,"Thank you very much Nikita, I love you are happy with Glass Sense icon pack like your prefer nova theme",2016-07-11 17:45:25
gp:AOqpTOHzMzGOyiUc2LGmefZX3iy_CFCbrInRbmPPocRwneurfohAH684N7Oab2jIVQzrH7jDymvDxUFip79wZA,Charles Booth,https://play-lh.googleusercontent.com/a-/AOh14GiGP5X7wvcgGmi8qFAgsdJisNegxd0KQ_LtjNkyhVI,No problems great for the price,5,5,1.6.8,2016-06-22 03:11:41,Thanks Jason,2016-06-22 07:14:57
gp:AOqpTOH_2olm9nfIpIcvEeEhkIKjP9ep3hiFez5C2l8HQgg_IdJVPWo1jDhJphL5W5k6wMJaGFkQjdR3qjpS_Q,Jeff Rauser,https://play-lh.googleusercontent.com/-FmTtlWNM7V8/AAAAAAAAAAI/AAAAAAAAAAA/AMZuucnDq7AjyA-n6CBrzXL-TACc8yh-0Q/photo.jpg,I think it's great.,5,0,1.6.7,2016-06-05 04:06:51,"Thank you very much Jess, I´m at your service",2016-06-16 16:27:04
gp:AOqpTOE8GHKUhvwFD2NKgDY7xq-Gl4CY-Ckr-kO9u1vMzRhRunPaGOFCqJSZauZkriP90Yk9gjOu14hFQDcP3g,Robert Perrotta,https://play-lh.googleusercontent.com/a-/AOh14Gjypc0bZJ8FDwh6vOkuhL-C9mPog0_ehKIW5iCb-Aw,Awesome collection of icons. Greatly enhances your home screen.,5,4,1.6.7,2016-06-04 19:39:25,,
gp:AOqpTOHhDqyidgnJIxTWMdIdGOfIgS7Kx2yS6vDsYrEYg1_UkH5CSXT8uLORBI2JDS5tyMQjumGPf4eaSCx12w,Kristin Helgeson,https://play-lh.googleusercontent.com/a-/AOh14GjLaxcJsry1u9D3-Pb_boHX3eVhvFAI48IoP5RBmA,"It doesn't have a ton of icons in the library, but wraps stock icons better than most I've seen (I've installed at least a dozen packs). I have a lot of apps from smaller devs, so having the wraps look as good as the library icons is a big deal for me. I would like some alternates and a bigger library, but I'm impressed enough with the wrapping that I can't knock off a star for that.",5,1,1.6.6,2016-06-04 08:07:24,"Thank you very much Kristin, Im working for give you the best icon pack, I´m at your service",2016-06-16 16:29:05
gp:AOqpTOGVz3VREPs5RkhZBKVR94uVbBGIyaJb8EF1oiJGrZhlC8NZoU9bb4CPgk6vs-mkagEeGaavWc0FVVzWGw,Dave London,https://play-lh.googleusercontent.com/a-/AOh14GjNiZUVuptxSMq4Rzkiry7LvAVtbOxZ-FPx55Lc5Q,Knocked a star off my fave icons set as have been patiently waiting for the new instagram icon to be updated for weeks now!,4,1,1.6.6,2016-06-04 03:42:52,,
gp:AOqpTOH5F7eiVHnJZE_v0Mq8YGV0Twt0rG4v5Z-rj8o9dhMUZ7FcB31gEmafarDuyKlEA12Y9EKwFLUlZmEsmQ,A Google user,https://play-lh.googleusercontent.com/EGemoI2NTXmTsBVtJqk8jxF9rh8ApRWfsIMQSt2uE4OcpQqbFu7f7NbTK05lx80nuSijCz7sc3a277R67g,Oh just lovely! Thanks :),5,1,1.6.5,2016-05-29 21:26:43,,
gp:AOqpTOFO30kMybciz_ENL1gpZtVBh1VCUtEdOTyU6pW-iIhtj-edMKOnH6RVgg7ojVyXMC3hjasJZvi4aF2d7g,Kiwi Dave,https://play-lh.googleusercontent.com/a-/AOh14GhJexrcpTcjkvANbjL72sDZI5Bm9_3rEPaJUnMv9A,Cool 😎,5,14,1.6.5,2016-05-25 05:33:51,Thanks,2016-06-16 16:33:32
gp:AOqpTOFKlszRdhR1cUTjqSM4PW202XCzf6s0epTl4YKLaaisHrVURdSEtnRG16RN4T4ocqMDa4E3q4dNd71Usg,Khang Nguyen,https://play-lh.googleusercontent.com/a-/AOh14GgjfDYCRaLrsEq8CNxOhiOCShrLGtUWeM2jwqfF,No complain,5,0,1.6.4,2016-05-22 09:33:40,Thank you very much Khang,2016-06-16 16:34:47
gp:AOqpTOGaCO1CBBaCRH7E_U6iQU8Bx4VuU_cyedR7NSGjrYZ_EYv8XWWIuigy5xyBzgfyLcSS8R3c2BJ-97yr6A,Yoนtͥนbͣeͫ,https://play-lh.googleusercontent.com/a-/AOh14GhM1KjUkzgaJ1crkhSunHB53y3jIStvwG7H1Lwlwg,Nice looking icons. Looks really good with Nova Launcher.,5,0,1.6.4,2016-05-21 14:24:51,"Thank you Music Lover,",2016-06-16 16:37:16
gp:AOqpTOH76jUCBQQ1lXclh18kAu6V21Rd59fa8jhN3Wt-Clw1d0nIBUp0J4QA8c3kWZ27fF592ScAn_87V2_7sQ,North Borneo Evening Post,https://play-lh.googleusercontent.com/a-/AOh14GgwQ7ACNhGdTvv_UM6LglTIEdkyy1E01OKLezrHDg,Never regret buying it... awsome icon pack when applied through unicon themer(requires root),5,1,1.6.4,2016-05-17 06:59:06,,
gp:AOqpTOE8G0kZAE-8QTiyu1WYxKUpiIlTspLpCfjvLNZSXOcxvwiUIFHSgnqh6oQ27qgDm-5n6pzqOOEnByiO2A,Valerie Bruce,https://play-lh.googleusercontent.com/a-/AOh14GjzBb11tmJeJVKIUSV8PyMGpjfCbw8K28bPiztRtFs,Very nice icons! They look great with my homemade wallpaper. Very sophisticated looking. :),5,6,1.6.4,2016-05-14 06:33:06,Thank you Valerie,2016-06-16 16:39:10
gp:AOqpTOGDBtqzXTlD6mjrCIJsGuG_hERRoLKAh5JaD7iYRPQpT_q-qfYZshDYFTsa1qBivhg-LAyKhPD0BClc6A,Peter Močarník,https://play-lh.googleusercontent.com/-Js2aHQCO2YA/AAAAAAAAAAI/AAAAAAAAAAA/AMZuucnpMPV0T93WSpOkQh1zrDE1f8Gx3g/photo.jpg,"But, please, add Total Commander icon, I don't know why it is missing. :)",5,5,1.6.4,2016-05-13 10:42:43,I will Peter,2016-05-16 15:11:39
gp:AOqpTOHcan95h2hRsNhxcgH5Z9X_2CUFxZlPFAvUKzyz-C0-Hwnq2Trz_WbL-sN8aP6TXV5VQgrvNw3cpSMONQ,Max Murray,https://play-lh.googleusercontent.com/-CfG6FFbNEBo/AAAAAAAAAAI/AAAAAAAAAAA/AMZuucnfkM9fIWoO5oC2p4LJ8w5hrx_9KA/photo.jpg,"Instagram icon needs to be updated, apart from that perfect. Maybe introduce a glass keyboard theme?",5,1,1.6.4,2016-05-12 10:41:26,,
gp:AOqpTOHlH-41Llo2NOirs0kR9EwSv6R0ZPSuN0qo9O0mDaBvCjNje8SlYvJ7qA4hq-xajFq3Gdvo-M06oX3PYA,Jamaican Jane,https://play-lh.googleusercontent.com/-6QW-YSt_k9Q/AAAAAAAAAAI/AAAAAAAAAAA/AMZuucndC001hgBYsMMMo97UdfC8EWWrOA/photo.jpg,Soooo Pretty,5,0,1.6.4,2016-04-28 19:31:51,,
gp:AOqpTOFm7oSRxQdmcYRtExVuqeQZxvdtA9x3fp1sg2-XR5TY76OClVEP3qCBAvK0lW170Qk7Ji4obYoa6c8mVQ,Giovonni Fareed,https://play-lh.googleusercontent.com/a-/AOh14GjToU7hfBQ-mcB_J_fDJwkYmvtrXQ4J6ewYNPS2PA,I really like..,4,0,1.6.4,2016-04-25 23:54:44,,
gp:AOqpTOE9z74iYN7OXC6NAoGCPWaKCLgoQVdWKJw1DpC_XwmJRUqVywkiX_0erJgtQ6w8yUNJ-9Em4c2Du9Ndvg,Barry Wardle,https://play-lh.googleusercontent.com/a-/AOh14GihFGSxPX9cPD1hlsWJO0p-2pdhIetj91ymjSMKEw,Very good,5,0,1.6.4,2016-04-21 12:38:39,,
gp:AOqpTOGCMqaM-PV7cxCG8-9IwsfIThIoBR8NQYYgWxyxSdsEt3BDmlWY_MpMHtsF-NSX1WggSEV4w3wrnihQkA,Paul Aningat,https://play-lh.googleusercontent.com/a-/AOh14GhsPvtzpugVHb0tCJ8M-_3vfgxLP_ihACutaKMI,A Must Have,5,0,1.6.4,2016-04-18 11:26:12,,
gp:AOqpTOHPDh1Wvy0SI_U15gxI_ikc6jPKn5MnGKYU_kuhYqOMj_hjzc1qiIBo7e6keONQ1wRgesv6WRUn1DcOlw,A Google user,https://play-lh.googleusercontent.com/EGemoI2NTXmTsBVtJqk8jxF9rh8ApRWfsIMQSt2uE4OcpQqbFu7f7NbTK05lx80nuSijCz7sc3a277R67g,I like it but icons are to small,4,5,1.6.4,2016-04-07 17:17:57,,
gp:AOqpTOGzQXWAd3AHW0CesAcas04bU8hvKuoK9sj7cswDROoquKGKD2q8z3eSLqNGyH4WmQZWF87M_CmO6T7rZA,Jonas reamax,https://play-lh.googleusercontent.com/-gOJCnB9Ydno/AAAAAAAAAAI/AAAAAAAAAAA/AMZuuclrsr7aAWQ6WHcig5wzbVdQ-R-RlA/photo.jpg,Everything works just fine. With nova prime launcher.,5,15,1.6.4,2016-04-05 05:48:08,,
gp:AOqpTOGvQZjlXD9dVbma9DB2egAyHcJVx_f7CFzR7OVjZz0hNqrDHiZ6XAVEVzFA7Oq53Z9Q9qiFMmJ4mWJk4w,Gojko Pavasović,https://play-lh.googleusercontent.com/a-/AOh14GiXwrZ5z3rwVvxazDGCKzZN16i6pPMYGmwxiuMJ8qg,"Is really ugly and spoils everything, looks stupidly static, for desktop it's ok but do something with folders and app drawer bcs there I go too and dont want to see that",2,0,,2016-03-28 07:03:39,,
gp:AOqpTOFxVWHV6MyfQUSqmaMB79BzTqgo-7RhEn02rH51yl_P2cr3W80FcOnlEZMAW4k1Vv9OmXmNji7cvVuzfA,Mark Hirst,https://play-lh.googleusercontent.com/a-/AOh14GiE4zll5B9O332UuDo7ZNH90rMrCYke2Bc6pm3uvw,Looks really cool with the Nova launcher,5,2,1.6.4,2016-03-27 05:53:28,,
gp:AOqpTOHSA5HDYBCCPkI8bABpS1hZ8s3OLAsxzLEdkCFjZ-nqBVHnADU97RxD36rcQfyL7PeKJG6zq1yevi7ckw,A Google user,https://play-lh.googleusercontent.com/EGemoI2NTXmTsBVtJqk8jxF9rh8ApRWfsIMQSt2uE4OcpQqbFu7f7NbTK05lx80nuSijCz7sc3a277R67g,"Crisp, clear icons made my Note 4 look awesome!",5,0,1.6.3,2016-03-22 05:14:04,,
gp:AOqpTOEkfdi9sGB88Nt39m4QZI0HY5w3cvrSqEqf-DgXUb7J5ofkl4Ivm5IpAzEYeicE-xt90lQmZPov_G8G8Q,Hans Breda,https://play-lh.googleusercontent.com/a-/AOh14GgpLJ_R0kJzOdGNZX8DZU-lNMYYXOiw2EbJbtGl7cU,"There's no refund. I installed the icon pack, but I didn't like it. Unfortunately there's no refund button :-(",2,0,1.6.3,2016-03-20 08:12:06,"Dear Hans, please write me and I refund your money.Regards",2016-03-26 20:53:25
gp:AOqpTOH1eQsbao5iL1gz-mIySo9is3fVrdjsmNHYaIwBPu0WyBMvVaDK0tsAOjCQnKgXT2h9mxIfRz1Va5w6Gw,Amanda Rusk,https://play-lh.googleusercontent.com/a-/AOh14GjQhLZZroeWBxgiULR-gtfLvJ-OhvxHjocZYVPQtA,Beautiful,5,0,1.6.3,2016-03-16 13:56:41,,
gp:AOqpTOH9nHvV2aGFevfDavxttlcVuaPBrC7fhiv5k4ZSgpUNWEiYL3InIfF1Yu0rbw00VtfCTfg9yWJA5YhiYA,Fredo Cintron,https://play-lh.googleusercontent.com/a-/AOh14GjGbiO8zxD0IU_xdsHI98O58su6AjZH--svWG3PUg,"Great icon design. Suggestion, please add support for Hola Launcher (notice i said Hola,  not Holo). Also if you can add full support for Go Launcher beyond the basic icons, that would be appreciated.",5,0,1.6.3,2016-03-14 22:54:57,,
gp:AOqpTOGTWZb3jC9sKRf2NeUWHjuq_xCFODN8J0QJvx54xADdFAL-fFwPf0UebPh8u_FTqhME9Vgcg4CryHapnw,Adam Lerner,https://play-lh.googleusercontent.com/a-/AOh14GhAogY1UIgWvovewaZz1Z7pxlkqO_nfwvmoTEHVlUo,"I love the icons, but I'm having 2 minor issues/questions. 1. I have GO Launcher and I cannot get it to mask the icons that are not in the pack. Do you have any suggestions?   2. Also, is there a clock like the one in your screen shots that will work with GO Launcher?   Thanks, killer icons, keep up the awesome work!  Thanks again, one thing, how do I mask icons in GO Launcher?",5,13,1.6.3,2016-03-10 19:34:04,"Thanks Adam, the clock is from Zooper Widget. Regards",2016-01-29 06:15:45
gp:AOqpTOHLnaDsS7osFfezuE57_I_sIPf66PxdvePcigvl8CfauVLEnOQPyIciT2Dz61Sxofa7uRPHTp2VhnyLIg,Godwin Muscat,https://play-lh.googleusercontent.com/a-/AOh14GgYmaJ4MXDlxt_hdunvE0y6CgvTnDSI9SR_nNnZ,Just the same icons wrapped in a transparent layer. Not worth the price.,3,0,1.6.3,2016-03-06 21:21:18,,
gp:AOqpTOH6V1JjSCRJl1V2_vyulNcp8kXgTNr8TFR-E8nP1IyfF15wPOuIKnX-i5PS_-bT07WpK-DjRBb1GIaEBw,John,https://play-lh.googleusercontent.com/a-/AOh14Gh-n0Ed8I5Eaz6vR1Vc9JLSoEOWPXI5lrco8oh_Fg,"I love the way these icons look on my phone.  Very rich and authentic look. Most icons are available, however the unusual apps may not be.  For a paid icon pack. I wish they would update.",3,12,1.6.3,2016-02-15 05:30:54,,
gp:AOqpTOFMhydyua3N4HaaT2YKmC2iS1KoppyqfWUdFpKghSGoaN0Jh9R-Ay4yIBiqYFUaWX9OHyYuN6kzbd1EEw,Melisa cavallaro,https://play-lh.googleusercontent.com/a-/AOh14GivZc-l9ufzjF72yaD-SWlOCFa1MYdqbInb5ch5-g,No icons for even  basic  apps,2,0,,2016-02-14 00:22:14,,
gp:AOqpTOHCqLDSUD2LL1Z7Ar1Fw7eI-oDT7dPdB7Ny8A4zGA7MhKpJaH8rZlE2Y2fIStm_sj81M4j0-xfcskYptg,Stephanie Smith,https://play-lh.googleusercontent.com/a-/AOh14GjIBWtonK1DdREb6uxieZnEphAmj6_8-Cw1U--tcg,"I've been trying out icon packs since my Droid X, and have uninstalled all of them. Never liked the look and feel of the icon packs, until this one! Beautiful work. Simple, clear, and elegant. Instead of replacing the app's default icon, it simply surrounds the original in transparent glass. Love these. Fabulous! Thank you Brian!",5,6,1.6.3,2016-02-13 14:06:58,,
gp:AOqpTOFs53XHg4sEsW-bHLJ0GVMShqK-DXtXMAIMJYGp-ifEtnfHjbnDESq2ACRdsqWajudqruHBP_sx-yobUg,Ket Wing,https://play-lh.googleusercontent.com/-CCDxSF1Wu-Q/AAAAAAAAAAI/AAAAAAAAAAA/AMZuucl5UwzTcS7l9AgUftgyGet2resqug/photo.jpg,"Everything looks great. But 1 suggestion, pls add more wallpapers with metal, metallic, gold color, rose gold, platinum, chrome to make the theme more elegant.",4,0,1.6.3,2016-02-11 10:02:55,,
gp:AOqpTOHfFWmp5PvdvH0sMHZ5Bx7IEL2k0bId_d8WCRYzl92zD1HPpwI9DM2as7ls_URWg1T4taF8Yjl2qKwZcA,Russell Squires,https://play-lh.googleusercontent.com/a-/AOh14Gj8dsGZSHZ3zKmN7Dot_VjmQlKmGry8lezI-gxlDw,Love the icons. What clocks are they in the screenshots?,5,7,1.6.3,2016-01-26 14:05:15,"The clock is from Zooper Widget, looks nice with my theme for nova launcher",2016-01-26 16:16:11
gp:AOqpTOFzsC3PE6YTKr6KhEwxxIyDbdeKPUcfP67xIRA0Ay4HdlNwPGyDu10Fmg26YVKuco6b_N2UDx4Qaj2BpQ,Jimmy Lee,https://play-lh.googleusercontent.com/a-/AOh14GgmYvv1uLXE7HlCa7XLdzKt58xBpm1sLth4ejfV,"This is a beautiful icon pack. Gives a new dimension to ur app draw & home screens. Love the glass look. Support this dev, they deserve it! ☺",5,2,1.6.3,2016-01-18 15:29:23,"Thanks Jimmy, I´m at your service.",2016-01-20 07:30:33
gp:AOqpTOG6FF4SNetr7v7e1-O65KHhk75265zccDOQpjDR9Ixv5H4EdNE3kKRRLeNda3ckYlYudicQnuMPNnaozA,Mark Fauzi,https://play-lh.googleusercontent.com/a-/AOh14GjgUBVRMmeop9p-JDOZ2NdSAvWSVDWkVzsdoIM17A,Perfect!,5,1,1.6.2,2016-01-09 23:45:22,Thanks Mark. I´m at your service.,2016-01-15 06:25:03
gp:AOqpTOG3ZrYaCpuXLfmQ4n4hSamLZnqHRpfS9sIcnkFflD6_jl4igK7OUMxQqiapUzFT98lyZRMpD3JEd8ScBg,Crosman Razvan,https://play-lh.googleusercontent.com/a-/AOh14GjW7kcPxQ4Hg_JbRdCPRduGDi_VzlV8chC-So_KBQ,"Not enough icons in the pack 😐! Please update it! More icons! !!! Pls!!! Thanks! More, more ,more!!!! 😊",5,1,1.6.2,2016-01-09 04:18:37,,
gp:AOqpTOFoYy-c5N3Z7EDeqsGNucJ0-oNENoXFzHok3pTHcElMevTJCJ-l6O74IJ5p68cc_yuhL1gkVwxgCPqbMg,Vicat Mauricio,https://play-lh.googleusercontent.com/a-/AOh14GhJd1l7r3P9vKdov5CxZOwlvCH1ZZN_d1Fbs3z1zw,"Needs a high rez bump, and needs more Marshmallow icons update.",3,0,5.9,2016-01-05 07:17:01,,
gp:AOqpTOHzyK_MZK4c4LXmD7QL3tylIUWDBAl33ga4cSOmztdWWmvlpcYk38EupYI11TncfzJzSIUJ6g_L13k8dw,Gibson SG,https://play-lh.googleusercontent.com/a-/AOh14Gihp0qzO_KbswLFYlbOzJP_AppyfXTq2_yOwBT_,Looks great but needs a lot more icons in pack.,3,1,5.9,2016-01-02 07:26:14,,
gp:AOqpTOH9exW1ntWXd2qe_iZo4dviyXxp-6a97438NmztiOqW-7NaVa0Kkz977qreQAuZrzRoWbYXEJppYqvUHg,Susan C.,https://play-lh.googleusercontent.com/a-/AOh14GgA6z4NpqTXfUwzsQfvVM53akThvdegW5jKtEF5Dw,"And they are so elegant!  They seem to complement ANY  wallpaper I use.  And speaking of wallpapers,  I just opened the app,  and found those few wallpapers you included.  They are absolutely beautiful!!  Am so  looking forward to any of your other,  or new icon  packs.   Thank you!!  😉😉",5,1,5.9,2015-12-31 14:02:09,"Thanks Susan,  I´m working to add more icons and more wallpapers for you. I´m at your service.",2016-01-15 06:27:56
gp:AOqpTOHQo7jsv-x6-9WEjqIkId_TE0HCsLrpZ_4vo6xydo7v5utm9D9a88BLh9TD9EFmqpcMNCwtG-O8Gi5bEQ,Kunal Gogna,https://play-lh.googleusercontent.com/a-/AOh14Gj2cCNAXMy-XyTc9oIVRrw21meS1KzKwLWD_-Ds1zs,Simple and elegant,5,0,5.9,2015-12-24 13:41:19,Thanks Kunal,2016-01-15 06:28:18
gp:AOqpTOEhz6mL9P34tw4NpVsnTs_HsKvgZWrBO6OHZC9lohtGVkLYJI3-pobAmcUBEt1Vdaqdv8ygmdEmX0_liQ,Sean Archuleta,https://play-lh.googleusercontent.com/a-/AOh14GjCYysna3pv0q70g8ZlE2CUyRaqDEYFBYUfmHbB,Great job! One of the best icon packs on the market,5,0,5.9,2015-12-13 17:47:48,"Thanks Sean, I´m working for the best icon pack for Android.",2016-01-15 06:29:40
gp:AOqpTOFqBUZ0d6RaNUtB0Eq9QGYZnEy66ZZERqSKgAabbiTTJpgo_4ItmIZDtByfcV6of0rNiCWO5-Ka9KHvcg,John James Brennan,https://play-lh.googleusercontent.com/a-/AOh14GjjLEzQkXW0av1MPH17o_4NORGH-hz3Ke0tROSL,"Lovin the theme, also the wallpapers for it are a perfect addition, just gotta find the clock and it's all good, thumbs up devs.",5,0,5.9,2015-12-12 07:06:06,Thanks John. I´m at your service,2016-01-15 06:30:04
gp:AOqpTOHkZcYIFPLpoBQ7nStu0NMrqbS7I6tIe1DSwC2-mVEF0Mf-LJG5nEdqg_ZUur7kstf76JyIotBwC_rC1w,sergey beloklokov,https://play-lh.googleusercontent.com/a-/AOh14GiY1RY57dErr8MMU9GSypdKv3d0dN5aRpKsGc45Ww,very nice icon pack,5,0,5.9,2015-12-11 14:43:03,,
gp:AOqpTOHGYhCzcuSr6hBACONXizGSSo-rLdw4ehtwpO7V_nb6KXI7xVS-0_L2MAiknIHzlWTxJdkZuXqjIA6Qcg,vu tran,https://play-lh.googleusercontent.com/a-/AOh14GiTG6Z9yNiwbjIm5MEKf8S8J-p_yr67a1fGByBDRg,Awesome.,5,0,5.8,2015-12-07 19:47:23,,
gp:AOqpTOHb-544PqIeEuxymEn6pqRp8DuAGwE3TwZ_XFtPArkNZEKCtaAbRP3KtkPbV4hwYz1Pqu_q09ZHgDTHhQ,Allen Heath,https://play-lh.googleusercontent.com/a-/AOh14GjsPJuzAQrLsNSl_D9oAOeixeVdr5ahpig02LjA1Q,Awesome!,5,0,5.8,2015-12-06 03:15:58,,
gp:AOqpTOE-yynrG2MKzQ_Oor8VEaFPncQbzf6Vaxxtn7drcD03LysDVUSJRjJ7PjU98fEDYMnp10UQlnuIfI2W-g,James Wagner,https://play-lh.googleusercontent.com/a-/AOh14Gi1y97ozPu-Wra5aCPaMd8O2QCJ-dv-StF9pGy-rA,Worth the money I paid (just over a dollar) every icon is themed. Definitely recommend!,5,0,5.8,2015-11-26 19:47:55,,
gp:AOqpTOGN65DTc95I9uHnt_PIvpUOfMJYEXtQFTJi4q1-gHxoTSZSLsU0cJL1VC8MWiwX2ObB77mTz6hh7ORSww,Ryan Fisher,https://play-lh.googleusercontent.com/a-/AOh14Ggert7s4oxKU5o8BC2N4nJSbyiQtSknsUrtAsxQXw,The only thing I didn't like was every icon looks the same. Every icon looks like a clear box with a white reflective line. It's nice just not my thing.,3,0,,2015-11-18 09:01:44,,
gp:AOqpTOEpg70o8XmpASOimFVbkR_P4CTGY6gq6bvs76Ic4cGtKKyGepb5UO5UYN3PzvuECF8eKbWBU8T1Vqq0XQ,Hasan Muktadir Rozen,https://play-lh.googleusercontent.com/a-/AOh14Ght6T-cKWiW3e4sWhUeBgYjniSOUJ9KVVxFgN0,My fev...,5,0,,2015-11-10 19:15:34,,
gp:AOqpTOH_1bNmqznO5kJjAglFg2JJ9MC6bMxjH1lRe_cK9yN-Vw6aPySsa7mLnzwLQcQNoNeHCjwwFdNvKNgzDA,Jack H,https://play-lh.googleusercontent.com/a-/AOh14GgoEZ_3OxTbtW51OhBjZJ7JXtiKZ8OAZsvscngS1bM,"Very nice set of icons. I really like the glass effect and how it sets icons off on a grid but still lets you see your wallpaper (mine is of my kids...hate having too much clutter in front of them like you get with some icons). Worth every penny.  Yes, there are a few things that don't have icons, but it looks to me like it's widgets rather than icons (like the active apps 1x1 widget) so that's not supposed to be replaced by this anyway.",5,0,5.7,2015-10-27 20:05:37,"Thanks Jack, I´m at your service",2015-10-28 09:17:28
gp:AOqpTOGbeMLDuLaDJblEyEpkDFpqrZHDiLfWsdWgT-ESLqYVoil85fHXoxzS6MG4qFqZ80bI_d52SxlTRwjHNw,Cody Patterson,https://play-lh.googleusercontent.com/-rvES76V0nUQ/AAAAAAAAAAI/AAAAAAAAAAA/AMZuucmcUL52HtdQ3zfLyYd9sagzxkmd-w/photo.jpg,"Very clean, this is what I've been looking for..",4,0,5.7,2015-10-17 04:57:50,,
gp:AOqpTOESVod1cLtMoqtIzeNHFbxoeopoCT4NEw0JU5vsiEqywWEu4OFybfpB-_KyyTRX0vk0eMatcUr0lmg52A,Jesse Russell,https://play-lh.googleusercontent.com/a-/AOh14Gg5GDC-JT0u8bTz4wBFoQClt1EOkn8VChTzr36Iays,"The mask is the best way to go, wish I had read more carefully before purchase. The ones that are themed, are beautiful. But for me, having the mixture ruins it all.",3,2,5.7,2015-09-23 18:19:58,,
gp:AOqpTOGpTgUX4USMQCAeq5OtPqsbX0hJ6izR2tKhBo9eJXCexeof-91HyPsVMMejyAkcZlzQX7Zq8rzAi_O98g,Anthony Maffei,https://play-lh.googleusercontent.com/a-/AOh14GiCK836LpaL7JMu8uGDWsrZKYZHUll50Opo45Qg1_8,Looks beautiful but missing so many icons.,3,1,5.6,2015-09-14 23:57:10,,
gp:AOqpTOEsguzb6n7hyatnww-hEEUdjl4jVdNwrSy1wzUD8w32HVXg8CWRrmzq_wGEYL6I0B4o-5oIQElx6Zn-Gg,Mich Massey,https://play-lh.googleusercontent.com/-ydNA5PcNWCc/AAAAAAAAAAI/AAAAAAAAAAA/AMZuucl_2zyaNFizkNbYwpBY7xZqU7zThw/photo.jpg,These icons are great looking,5,0,5.6,2015-09-14 15:08:04,,
gp:AOqpTOFCiwheHwaojIkW7YQTDLNXScaRctXYLcXP9o8yxcfR-3RGg2oo9phCmJEjRyRHB0RwNWZe07D1murfGg,Tenzin Rangdol,https://play-lh.googleusercontent.com/a-/AOh14Gj8mcjgjLDFJdpYxZXTmoWK6UR6kF4Ec36NnOjTMA,Can do with more though. Where do I get the wallpapers you have in these pictures,4,0,5.6,2015-09-13 03:39:39,Come with the icon pack. Regards,2015-09-14 09:37:45
gp:AOqpTOG-_ySa076fE6DAkuziJQYT7Ml4KDUvdYvzI0mMhYAjI8Ne6nG9_GuHxjxkmu9FndeauDcAVsBBlcY6gw,William Atchley,https://play-lh.googleusercontent.com/a-/AOh14Gjvdgg3f_kw7nvUOYXzBmw1qgdA8g9XyllCm-Hp2A,How do I get the clock in the pic?,4,0,5.6,2015-09-12 17:31:10,"Is Zooper Widget, free on Play Store",2015-09-14 09:37:26
gp:AOqpTOEZKqN5NraHzCZCTjKGs1fKWbuVkR_5cFbvehnilWvMxhUL6xCCp3EYXNkbsk0xUY0fQGQhNellEEjK1g,Gene Johnson,https://play-lh.googleusercontent.com/a-/AOh14GhXZGq1DM9HYBwKeEDA61SCOZ_XRdBTvG5CkRXNQw,Beautiful icon pack. Love it.,5,0,5.6,2015-09-10 19:05:47,Thank you very much Gene. I´m at your service.,2015-09-11 14:51:55
gp:AOqpTOG-Ur45FnWI87y0RriheFm3jwbxWZnQJ69W5wZ7cFGj8xUDPfFq2VFupISbzaFVuE2_Yk_k52vJZC4x7A,Matthew Goodman,https://play-lh.googleusercontent.com/a-/AOh14GjvSKRNeAJcpLr5Xf5ljUb9d2NFwfzATTjN_o7Low,"Not usually a fan of icon packs, but I download this for curiosity and like immediately. Pretty. No icon left out in the cool.",5,0,5.5,2015-09-05 08:16:09,,
gp:AOqpTOFebKVQkbHi_h-RslvF3zevoiVonnmIxK_AZSuStWIgpXEvrgTywBspN0_KLsHog33NsGXO4fxRmxEAGQ,apoÇ Ashə,https://play-lh.googleusercontent.com/a-/AOh14GiHkal03o_y-YlPCQBqfgQ0b4CtA4zck6DnKML--7I,"I love how many compliments I get on the look of my Note 4 with this theme installed. If you want to class up the look of your device, this theme was meant for you.",5,0,5.5,2015-09-02 15:17:12,,
gp:AOqpTOFX1R0nYmmXnY8Y2Y_kzThO5c0xoOyBppcfjBydTyVSA8R_2kIkNMSLVlVnnJjiW60fZsIdZexgocphxQ,Patrik Tatang,https://play-lh.googleusercontent.com/a-/AOh14Gj4FFqkv6XN6bah85hnAaiNRyilpYF4jaRFoqfm,Just love it!,5,0,5.5,2015-08-29 21:38:54,,
gp:AOqpTOHpMsxuv5EcHr2iTRQySCnCUsmuCiJmnp_2VTK-D4s_kbEsbb3s9aZGFyfiybIz44in6cXE9Lr_AnCJEg,Sarju Patel,https://play-lh.googleusercontent.com/-6VB_vts4xzo/AAAAAAAAAAI/AAAAAAAAAAA/AMZuuckbJiaZA6W9xPcPGEOimabkSWvZSQ/photo.jpg,"Suddenly most of my sense glass theme icons have gone and changed it to default icons. I am using Go Launcher z trial version. Reapplying, restarting is not working either. Get it solved quickly please. Please don't make angry a 5 year old loyal customer of yours",5,0,5.3,2015-08-14 20:21:18,"Dear Sarju, please write me to androidcustomization@gmail.com to solved this error. Thank you very much",2015-08-14 13:06:07
gp:AOqpTOH1gMggHaDI9YLVcq1rth25IY9ePDIdbmTjejRd-vR3-eji931ah40NTi0BwC8E2xLk60wG9e3RfayOjA,Savanna White,https://play-lh.googleusercontent.com/a-/AOh14GhxrOhf6KfVzRMRBp7vrMLp356QZ9_2Jh-kCYiJkw,Very quick response from creator.... Fixed the problem of the gallery icon not changing. Make more icon packs please? I'm your biggest fan now ~ You're awesome!,5,0,5.3,2015-08-14 03:27:18,"Than you Savanna, I´m at your service.",2015-08-14 13:06:44
gp:AOqpTOHTVrozWzqFPuH2ZTJuFZDJckbQeuhbgBvZ8FXDq3yFN6M3thdNpydQqazEgjHEonXP6x9GfCksMttXZA,A Google user,https://play-lh.googleusercontent.com/EGemoI2NTXmTsBVtJqk8jxF9rh8ApRWfsIMQSt2uE4OcpQqbFu7f7NbTK05lx80nuSijCz7sc3a277R67g,"Not terrific, not terrible",2,0,5.2,2015-08-02 10:42:13,,
gp:AOqpTOHTIs1rCposbXy_OuqEcXSox6IWp92BqtnCSY-28fdiU4AR7JK2MYgSPu3lAg-x5si-vbcuSzAxlUrbkg,Jeffrey Higgins,https://play-lh.googleusercontent.com/-alL2v00yjxs/AAAAAAAAAAI/AAAAAAAAAAA/AMZuucmdqQjVWCSC-o0ERAjP7kqLwyU4Sg/photo.jpg,I love these icons. Very elegant design.,5,0,5.1,2015-07-25 10:10:21,,
gp:AOqpTOHjLf1-5_8p-f4Za7A4BTNkC6Tom0klt635q8R1wvNUeoRMHZrTbq2MDGuph0KsplpJM0ixDUP3BaKVKg,Steven Montgomery,https://play-lh.googleusercontent.com/a-/AOh14GjkGHPb5_OJ-6YruBNeFTw3PztCkg0XIsw6Y15qNQ,Beautiful icons but why so few ? I've bought other packs with loads of icons . Will we get some more ?,3,0,5.1,2015-07-21 14:56:58,,
gp:AOqpTOEcxtMI0R9VfbfXSw2xEmbJ0s46kip3JcfVVV8rGOui8DjKw4lZEg6T1KvQabx2vudnxYrL77DwtYXRDg,Ron Brumble,https://play-lh.googleusercontent.com/a-/AOh14GgOgGQ3-iONPq-R0k3TLeVxYjMrf7QmT_SYSgklJA,These are absolutely gorgeous on my GS6.  Using these with the right background will really class up the look on any device.,4,0,5.1,2015-07-21 08:50:13,,
gp:AOqpTOEL6RwOLW7TLEsobgf5aprQ8WaZhfZHZcxnNoW-yrDISriHnMChpdBn_q9Jr_Rpb-kg4J7DtczHfdXCLQ,Jason Chambers,https://play-lh.googleusercontent.com/a-/AOh14GjSQ3fOQpFE52ymHKqpHLP0OGFk1VNksTOocyTc-g,What is the calendar in the pics???,4,0,5.1,2015-07-17 10:13:07,"Zooper Widget, I´m at your service",2015-07-20 07:17:06
gp:AOqpTOGPvhzXHQlTpftZFfYaHWCVHA57Y6RM5uzzZX_81G9O1a3HigEHgLY1jJCqGWCHeN88UEg8oKhbZepZvg,Mike Morley,https://play-lh.googleusercontent.com/a-/AOh14GgfwPKlHPmB41esJ9Q1qxI3V0HuFrr8A1OuoSRqKeY,"Icons not as what is shown in screenshots, also minimal number of icons",2,0,,2015-06-30 13:51:35,,
gp:AOqpTOEuER3ggZRZwyXRv6f1dskGGYlulEl1Mnc0zl7l0FLWJ3F0yD73QQeN-Cr9dM-2h7gVk6rMCLKp8L8Nfw,Jack Beneke,https://play-lh.googleusercontent.com/a-/AOh14GgH-3ksgdXgOSG6QGUTCAZDiXpA_Bn2GNDkwbUIHQ,Not good purchased and uninstalled.  Screen shots not available even after purchase. Just wasted my money.,1,0,50,2015-06-26 10:10:16,,
gp:AOqpTOFe7F_xMool3DWv8MpdQ_-8zXw3mQZysDaq2iCZrrcVuVvH-ifYM9zJlCpjArnJLT7Ia_rnnG1l74tMTw,Jerry Rodriguez,https://play-lh.googleusercontent.com/a-/AOh14Ggv8MXuidef2tLHiY5d6nPv02uMeKY83Nl7oJGh6w,Really awesome theme and an amazing look to my Samsung Galaxy S5.,5,0,48,2015-06-21 12:38:10,,
gp:AOqpTOG5TQx3hIi9HVKXjIgzF2F7gxjRIphns23xj2ZUqJEa5RAu1wRJf6HBqAB35jVUKevVi0tuevgyMOhyjw,A Google user,https://play-lh.googleusercontent.com/EGemoI2NTXmTsBVtJqk8jxF9rh8ApRWfsIMQSt2uE4OcpQqbFu7f7NbTK05lx80nuSijCz7sc3a277R67g,"Icons are nice and clean. I love the way it makes my phone look. I tried many icon packs (with my Nova Launcher) and like this one by far the most. I have no trouble with icons not being ""rendered"".",4,0,48,2015-06-17 15:58:03,,
gp:AOqpTOFEjgwjBjYz6gTghABOhZe3f4X2kVGbX8zYEOjMZ5dBVR2TBEiuojKy_cuAoUqG9tS5ncmX2tOtx8blmw,LOU. LIZARD,https://play-lh.googleusercontent.com/a-/AOh14GjAud41lmMp1hlqRY8kAEy9VwoMnUssQgGkwXaA724,EXCELLENT!,5,1,48,2015-06-14 04:37:20,,
gp:AOqpTOFHlgTOKc49Ufc87sGx1eWTNsB6gx2a4ktreT8onqIx6jmUPGVDO0_dYqmZNZ_Q3KZHckycIJwzdegdvg,aldwin mananquil,https://play-lh.googleusercontent.com/a-/AOh14GiHXxrecFscJQgLz4eTNaM0MvK1O-0OQVTmBtItyA,The glass app is a nice touch. How can I get the calendar that's featured with the glass theme?,5,0,48,2015-06-14 04:08:32,"Hello Aldwin, the calendar is from Zooper Widget, its free. 
Regards",2015-05-25 07:13:24
gp:AOqpTOGgaYensPL6Eg7RJQalqRrSmu9-NmeaS1IzxK65J29YH0hlSgxnk9Lpd6HERQRTzOrfgIU55UAKmOuLNg,kishore buddha raju,https://play-lh.googleusercontent.com/a-/AOh14Gj5O5QmyhXDEIE5kNBFegwGJPTUTHx9G78YcDwAoA,A must have icon set fr any  launcher...,5,0,47,2015-06-08 13:28:42,,
gp:AOqpTOGwVnblNwQHSLCDaGFcfKahivE-eLvN1K1FVTxw2nbNhWYmNbrr_LBLIP-btZuEGNDrN2XAWdBhNeGPKQ,Jason M. Townsend,https://play-lh.googleusercontent.com/a-/AOh14Gh3G-_LYDU4jybqfjSYxUf7t5OK8kkMWKj65LMOGuE,Really Nice Looking Icon Pack.,5,0,47,2015-06-04 02:54:03,,
gp:AOqpTOFe_HAlg9QNTcLUPBcA5SdkyLVp9y7yrWg1FPF1Wa5fryYFmHXd12Y721KF-fnB_2QGLAD3wBOA8OoTOQ,Chriss Pulsifer,https://play-lh.googleusercontent.com/a-/AOh14GjaP-qdiGbGcsnGVNrHVwOmbd9t_7YPIX0Lrv4d7w,I love this theme,5,0,47,2015-06-03 17:45:44,,
gp:AOqpTOH22OSxDj-Ed7uoEIQbDv28YPf7So35d7OPrteHuydLJ55gUF5xbNnaKe8GcXiAlo7FKeaRqwpyJx7JDw,Argan Marruecos,https://play-lh.googleusercontent.com/a-/AOh14GjrmuqAFkgvcXAM3_pe-VaxCoH6KT7NGy6ko4AJfQ,Beautiful!,5,0,4.6,2015-06-02 11:29:47,,
gp:AOqpTOGWK9tJACH9LKER3pfAnUvXzyMkLfr6sMCE03E9jUvyl8QkOHHEkTHFajUQlIJdyzs4x5rXdH87PaDb1A,Keith Ricci,https://play-lh.googleusercontent.com/a-/AOh14Gj-DCbjBqtA6oxP3IroX8mxlmuHz-FO0Bg9kWPfY_A,"The masking alone is worth the $. Superb, Very nice.",5,0,4.5,2015-06-01 16:30:27,,
gp:AOqpTOFBsXvFl6VdUv8wpjhxy-t6UsxUIBqBpeqE4-TwHE3oRccI6uVWuYyEjo-_zOj1d7-d0tsHK5cQLvezrw,Raquel Nonya,https://play-lh.googleusercontent.com/-DpRbdFcH05c/AAAAAAAAAAI/AAAAAAAAAAA/AMZuuckrj4cYMg_Pbm3lGwAfS7hJ1z3Law/photo.jpg,Not enough icons to justify paying for this crap,2,0,,2015-05-30 23:57:14,,
gp:AOqpTOHbX5fuac8jxBfbhrBN7UjENwKcgh2sDbHyvHTfyHOrWzUZm2fkB_YUNWwqxOjg47pZQ1B-ixnk-7E0hQ,Oscar Parra,https://play-lh.googleusercontent.com/a-/AOh14GgmymuEAAwTv7K5S5m9utHDHwsTb_DJkRp0tYNeTQ,Beautiful icon pack for Nova but hangouts app icon needs more attention.,4,0,4.5,2015-05-29 06:59:45,,
gp:AOqpTOHApMMYESFq21OegwFYlPtHNrLPN6MF_QoHBADmfcdSipzEEAHgMi-DLN_Tk1M5S4y_iEaDG85r3c7dWQ,M.A. M.M.,https://play-lh.googleusercontent.com/a-/AOh14Ghc6-RrleTfbpUTb1ZX5DYtWPUMnFo6UU41NboI3cE,Love it...best glass icons I have seen,5,0,4.5,2015-05-28 05:26:19,,
gp:AOqpTOGk-DENWJIOiHnfFErZpmaJH2lfKKOJgnD-lcrrez3fWFQ3ldclK9N_NZYkjsyoFqvPCKg6sF_KsD0zgQ,Edward Cordle,https://play-lh.googleusercontent.com/a-/AOh14Gi0pKBoZERg83K5_FKA9yZSTavRE3_VI3iGba5lEw,These icons are beautiful but sadly too limited! Uninstalling I am afraid.,3,0,,2015-05-26 16:26:34,,
gp:AOqpTOGgrp8nPzjpBb1m7ZsFNzE1iUVsHePxzrxG6wTAEykL1oMuAJma7NR5DAz7RhqhsrVsnqoHGv3t2C4jnw,Dylan Hubin,https://play-lh.googleusercontent.com/a-/AOh14Gjrf4tL-pbKq1iSJgubtAqtEO8pStLoSlytjzAhojg,"It looks very clean. Wish there were more icons. Also, where can I find the clock widget used in the display images?",5,1,4.4,2015-05-15 21:05:36,The widget is Zooper Widget. Regards,2015-05-17 20:27:58
gp:AOqpTOGB1N9saF4YNyZvCt5F9pGcdX4P9YCvTZTU_Mu7n9x3Cxkw-DmwinISe2ZmO_NDiTPQsJo9Xya8dpeV0g,MICHAEL ANGELO ARCILLA,https://play-lh.googleusercontent.com/a-/AOh14GgaKGzI9q-_TSkhtVSqkt4TJwN8c1RFkd4Hk13BNg,I'm diggin' it!,5,0,4.2,2015-04-24 22:52:10,,
gp:AOqpTOHBS61Hq8BweDq9SwacynHhXE9P1z0obps6nBdyzCa-LoRrP5iJYos6KLRnVWQttLmVFdDDEzIb_WUX_A,daniel fretto,https://play-lh.googleusercontent.com/a-/AOh14GgO-DxP-wekBmrXFq1PR5Zd4mYoT_9ACU5k9PEnkg,"These icons really pop, thanks! Very responsive Dev...it's like they live next door...",5,1,4.2,2015-04-21 07:35:14,,
gp:AOqpTOHhDdVFAmweBK6H7RTXyQsg_tBXpZCNm_MMNrDx_AHPENhot15hdL4-QZO1Nxp7A5LwNpcjdZyf-zmwyw,Andrea Katsos,https://play-lh.googleusercontent.com/a-/AOh14Gh8IQlvbm31_4gjtDiZVtRInypa2lZpp_4k4JUK_w,"I LOVE IT!!!  LOOKS GREAT▪EASY TO SEE, READ, ECT!!!",5,0,4.2,2015-04-14 15:54:19,,
gp:AOqpTOHCUjIb5yOazrJVgzLvNWWcGCNkNA0lqAo8oBHODoYRD61iMYbsHKV6uBlcKirnbh-Di8gcylFujXpXCw,d3b,https://play-lh.googleusercontent.com/a-/AOh14Gjw_rF1BH1nf9lNVq-TS6wYDGMB3oqROkCOdet9SQ,"Looks great using with TSF launcher . can you make clock , folder & contact icon for TSF as well with this icon pack ?",5,0,4.2,2015-04-12 11:42:29,,
gp:AOqpTOGEVY201m9fPjmLMUiFrqV9x0S0zcsz8TljvOItAOchhrtWVj2ZxFYr8qjzaAuYAI3X-wCq9VvfmSlwww,mark denison,https://play-lh.googleusercontent.com/a-/AOh14GiOjOzCaSJUABJ8MOnZmb3LnodHpc4kZNiQa-pPWg,"Dev is awesome, I've asked questions and gotten great, fast responses.  Keep up the great work!",5,3,4.2,2015-04-05 20:13:22,"Thanks Mark, Im at your service",2015-04-05 20:01:03
gp:AOqpTOFs_SYV7MHAnoRYeSJkTDa6ZGpqGSFqJ9g2nJCauuoWcb-7Uze7nD4zKPCKytM8TttiPOQu13IEnYJcKA,Steven Mays,https://play-lh.googleusercontent.com/a-/AOh14GjWY40y6TksnGBH5UimFc2ONG_K46koEfR55DwD1Q,Very nice look,5,0,4.0,2015-03-08 03:24:38,,
gp:AOqpTOEBL0FHB-2ZXg-LKH9cagZzzlm-ixvaSV5YJT9dSn4fvtatQgU4mF58CSGwgUPBx68AExiD_zR--X1hEw,Duck ORS,https://play-lh.googleusercontent.com/a-/AOh14Gh8T1cQMcJVxaRqZoJkr3VV1abJwYx7uTIc2an_Mw,Very appealing. Masking works great! Updates regularly. Nice job!,5,0,4.0,2015-02-28 06:59:50,,
gp:AOqpTOFW6vt0gbkA7VasOg8lzQIQGyPWQF3YdYsuURdvP7uUq-kyZse9egmptwX3zn86XrnETXoeJCvJAhVZgA,Butch Howard,https://play-lh.googleusercontent.com/a-/AOh14GitdWcRODxnpJurDIkdUeIGsgqEC2PzpZZhMJRYkg,I have this installed on my phone and my tablet.  Absolutely fantastic.,5,0,3.8,2015-02-22 14:29:10,,
gp:AOqpTOGzo7I93N3gRW_1Pm5VFr66acaUq157lxL3Qb38CYZD4MXE3TUaMIj4D-JL_KigRYdNP5C5LmwjL6pOHA,Gedd M,https://play-lh.googleusercontent.com/a-/AOh14GgOt5vXq9-2apR_j3qwgUoS4XGNMownBDAg5CgPezw,Doesn't work on action launcher 3. Using note 4 and only a few are showing,1,0,3.8,2015-02-22 12:18:15,"Geldd, please write me to work in any problem or refund your money.
Thanks",2015-01-13 12:16:58
gp:AOqpTOEJmS42giJUB24Y4cJrZ12QCvUKkX-hGxWdbWJz1g5jSzluiOgX3bTihBKw6GztMtzj67Pf2VKaHEtNWw,Decepticon 215,https://play-lh.googleusercontent.com/a-/AOh14GgL-UxAlOreNjeiCUrauh4-CoZOayHop7Pw9kBSXw,Very few icons!,2,1,2.7,2015-02-20 17:06:31,,
gp:AOqpTOHB_zh3M9rOeN1X8wutUxPOqJqsO26sAwjJr6c692mKe-Lr8bd6efzlNl2SpuJxT2awniX2J9Ss-Msubw,A Google user,https://play-lh.googleusercontent.com/EGemoI2NTXmTsBVtJqk8jxF9rh8ApRWfsIMQSt2uE4OcpQqbFu7f7NbTK05lx80nuSijCz7sc3a277R67g,I counted something like 25 icons. Really. They are nice. Maybe I'll come back when there are lots more.,2,0,3.6,2015-02-10 17:26:05,,
gp:AOqpTOFukevJwDll0alUf8SuwBJgcNVlfIXP5Q_ysFjL7UEEjk3nyFje3ulM63BHJSaY2ykOEf5SUL1x9iQVew,Richard Romero,https://play-lh.googleusercontent.com/a-/AOh14GhXaqepwSqKBZzlPPQPnHozotfNYs-Rwyn5aMci6w,It's work,5,1,,2015-02-10 01:29:40,,
gp:AOqpTOGKn14_sMlf0w4gS0DCLUCp4mPcbfmGyR4lqB6TFFGOU4XuQX8of1l0XXUwswcxO1Qwyxb0R7kD9ADFyg,Benjamin Kurniawan,https://play-lh.googleusercontent.com/-5AXkM-VLKM0/AAAAAAAAAAI/AAAAAAAAAAA/AMZuuclZRkxqh3gnTXTkDcpEN9gWqB8Cbg/photo.jpg,Great icon,5,0,3.5,2015-02-08 22:51:38,,
gp:AOqpTOGweGZ7v_kQmn2aOIUKeGiJDut2ntwPvbl8Dkj811Cv7MOegccuXvwZ3YR6w0w46URNFm7BiH-jj1FpOQ,G T,https://play-lh.googleusercontent.com/a-/AOh14GiCNHMH4eI4RSzz-dqepLdzPiKjQbGaOpcNaal2,It's very nice and an instant upgrade to any theme.,5,0,3.5,2015-02-08 02:06:39,,
gp:AOqpTOGvI3gkk3PLATRqasJn39lP6OzlujrfeQNlb4ngz2aMsMQKlgXI5zTY4Pmw48dkPOLPj6-EWfBQhOdfVw,Steve,https://play-lh.googleusercontent.com/a-/AOh14Gi0yMeKnbWTkDkzUxhThx553_Iq7JG5MQIXO12PQg,Love these,4,0,3.5,2015-02-05 02:10:38,,
gp:AOqpTOFcBbu9T7bTu43OmNXpN1OMc0DT3a15WFTmJBG-zp9YOcMjyyfCvNc6emB56MonYm6U45DF45vXaqBFxQ,A Google user,https://play-lh.googleusercontent.com/EGemoI2NTXmTsBVtJqk8jxF9rh8ApRWfsIMQSt2uE4OcpQqbFu7f7NbTK05lx80nuSijCz7sc3a277R67g,Nice looking skin which I bought. I use Apex launcher and unfortunately when I try to select an icon from the pack only around 6 basic ones show. Please fix this.,3,0,3.4,2015-02-01 15:28:17,,
gp:AOqpTOGAZPNaIZe-Hcr9DHW-om1gEQOq9jdsSQu3o_G8jloP3bKS61CAKjfz8ZjxowwLloUiPT_0n82N0iTpDg,Russell Jennings,https://play-lh.googleusercontent.com/a-/AOh14Ghb880pvLwf240xYoqbyN_d41x8KvrfYYFPEz6HrDI,I use nova launcher. Icons work but I can't see them all when I go into it.,4,0,3.4,2015-01-25 23:22:06,,
gp:AOqpTOF4ciew6V82aQrqrkxePdgp-DbFQias7oC-JL-suvpiUDUf8uLWOeu8qGh4XsNq1cK5_jnfm1hBQIIGzQ,ntomenic giorgo,https://play-lh.googleusercontent.com/-aX6dTP7dwAE/AAAAAAAAAAI/AAAAAAAAAAA/AMZuuckUutJieyWn3LLPt_SVYutlEl3JGg/photo.jpg,Very Nice,5,0,3.3,2015-01-18 13:32:20,,
gp:AOqpTOFcFQusvFeCtn8az4GNWKtIh2HboMJ_Jwdr89KYWBh2uUx0Yl4VBxqrq8mCjtmvtCqGL52Aj28jkLKNrA,Mark Porter,https://play-lh.googleusercontent.com/a-/AOh14Ggsm8IGqJMoQhEXqnNYZzvjg5SXexbUfWGkH-iuxw,"My ""go to"" icons w/ Nova Launcher.  Very nice. Developer is quickly responsive to any issues / questions.",5,0,3.3,2015-01-13 11:14:43,,
gp:AOqpTOEiol4OGSdP3IQor-OB5hCqX9Obr9ig01Ftq5XpGshKqCoJfofEPy6jl5gBBktnFQoh3Gax9eTBcVj1Rg,A Google user,https://play-lh.googleusercontent.com/EGemoI2NTXmTsBVtJqk8jxF9rh8ApRWfsIMQSt2uE4OcpQqbFu7f7NbTK05lx80nuSijCz7sc3a277R67g,"I love this icon theme! Very sleek. All icons are themed. Saw a review that said app drawer icon is not themed. From my experience, it never is and I've tried many icon themes. But you can edit and change it to this theme manually. Cust serv is amazing. Dev replied to minor problem and fixed right away.",5,0,3.3,2015-01-13 07:08:54,,
gp:AOqpTOF0_7Qd9KdEcX-tvSWqvHFMuq2YTjdMAoyqS54ZM0bh5fURzwH9n0twoyna0qYjEPSFWP9qSrw352R_SQ,CaRhonda Collins,https://play-lh.googleusercontent.com/a-/AOh14GgTjDqa8CH0FzubrgWXxlDfC51ur-ACYazveQJP7RE,Elegantly Beautiful!,5,0,32,2015-01-01 14:10:13,,
gp:AOqpTOFT4P21-Y7lVtggSeeRjxgytxoCRzlbddHwk0Py7OdAuKc7IyOmQGruSr9zuto5OPRt5T2b6rR_rzc9YA,Craig Saunders,https://play-lh.googleusercontent.com/a-/AOh14GgpIPR-mLbzVaUFfxldZaS3DgRe8DcH6Pnewr7Zww,Nice but like all the others still no eBay effect!!  having odd icons is a bummer.,4,0,32,2015-01-01 13:53:59,,
gp:AOqpTOG2hpHkPrXWIpvUABB-uaLaHfVt5Zz17zBhfo2W8Ya-QO3P-ETHnvGLPwcEk-1ZVq1oVySfT3ldlRYLeA,Norm Mosley,https://play-lh.googleusercontent.com/a-/AOh14GhI1gjbm07G0y8zFzRfwXB8f6GQsozkHsIYnV_T,Just a few minor niggles such the App Draw icon (part of Nova actions) does not get changed...,3,1,3,2014-12-21 21:48:32,,
gp:AOqpTOEJ8YTaqqdEFg4NA_52NmE5fOyDzoRvOM02JN2oCoCw6XVDn8Jtt7QLENXqcgXLGXi0w57NQCtAenhEfw,Penelope R,https://play-lh.googleusercontent.com/a-/AOh14Gg4_r6QM4tVkrATI3cQ6ERAwHklIWOWV02Lx4Zu3YU,This is the best looking icon pack I've found to date and even makes the most unattractive icon look special.  The wallpapers are also gorgeous. Highly recommended.,5,1,2.8,2014-12-08 08:36:03,,
gp:AOqpTOFTLHjjIQWXVNicA1yaTMyHV_KMtlJBWQ6ZFnSDv2CJ6XDq7hzFx3RgujaFnyY40rnetIXq2BCXsh5e8Q,A Google user,https://play-lh.googleusercontent.com/EGemoI2NTXmTsBVtJqk8jxF9rh8ApRWfsIMQSt2uE4OcpQqbFu7f7NbTK05lx80nuSijCz7sc3a277R67g,Love the look.,5,1,2.8,2014-12-07 11:22:06,,
gp:AOqpTOEDEHYt5Lc2gZuFYCqoayNr3q4vIqIwclbOPT8870p5dRFndp51hoYgtfoQ75rfTLnqmDLsHSfOj9seUw,Zubin Elavia,https://play-lh.googleusercontent.com/a-/AOh14GjbsCEKu3rutSSDAdXmRvXio-U6PvNc81zH9vKdyw,"I am using Samsung Galaxy Grand 2, Android version 4.4.2 and since a very longtime I am using Go Launcher (which is also updated) but now i am facing a big problem when I am trying to apply this theme it says ""Go launcher not installed"" when in fact go launcher is installed, running and updated as well. This used to be one of my most favorite theme but its a very bad disappointment and bug which needs to be fixed. I even tried uninstall and then reinstalling, Also tried to change the storage to SD card as well as to internal. But it is still the same problem happening.  A BIG DISAPPOINTMENT AND LACK OF ERROR SOLVING. PLEASE WORK & SOLVE THIS ISSUE.",1,0,2.7,2014-11-28 05:43:44,,
gp:AOqpTOHaXb_hUvEvMjK7BgLA4qL9vB2MrSkSAQSqKLne9NieoJbmEBmMZc8JYXusuWCVVKMietpgov_acg0bEg,Michael MCATEE,https://play-lh.googleusercontent.com/-LP0sYLK3xMM/AAAAAAAAAAI/AAAAAAAAAAA/AMZuucnjAxsT9ozX_dUJn3zUlc98zRK2lg/photo.jpg,"Beautiful addition, nothing comes close to this. Always updated and completely done. The absolute best you can have for your Android.",5,0,2.7,2014-11-18 21:35:09,,
gp:AOqpTOFTgjSZpakfsNCIIxvXvDGR1QfW2kgIk4_l8B2b57crWsPsOuSVF6z2CI-wdO9tc5hsx1qkbQnGOjuP_g,Stephanie Chapman,https://play-lh.googleusercontent.com/a-/AOh14GiUZyhL_oEp-aEi0w_4XEwoe3cXBeaYm8iANvu8,Great icons,4,0,2.6,2014-11-16 10:24:47,,
gp:AOqpTOGC39nSdWPnMVsiaMFzVPZUuccaoaoX6RL80-qo09RziYpJEdUGVrTsTpd61mFnuRueuYn1BXASCHm5zg,Valerie Clark,https://play-lh.googleusercontent.com/-_xdp9inVCGw/AAAAAAAAAAI/AAAAAAAAAAA/AMZuuclK45FBOAw0qt3WgmUy02vlagiVLQ/photo.jpg,This is my absolute favorite icon theme!,5,0,2.6,2014-11-15 16:27:20,,
gp:AOqpTOEeWwFM_e1lCgjJ7Nt-uEk2hulueC7TRCrzU8Nn1jdeu7r55M2ysaNXlClYm8Q-M8zFfawO6JC4E_y2Rg,Cliff Phillips,https://play-lh.googleusercontent.com/a-/AOh14Gg_TehLoRmw4l1Xt7yO7kM1fkeDXsWv-p2rDuGShw,Best glass theme.,5,1,2.5,2014-10-29 07:14:18,,
gp:AOqpTOEYEHX73WCWtspKd424dgZ-pqr-3ZHGFYYDoxi624z0M_9GtYNRG-jHOW62Nl2seLh_O2XkWPMNmZ6oaQ,Marco Briatore,https://play-lh.googleusercontent.com/a-/AOh14GjsoAH7emfHeauij5czQ-Irmccbs7O3Uzrn31B8nA,"Polished elegance,  refined thinness_ lighten up your screens! 🔟",5,0,2.5,2014-10-26 04:50:36,,
gp:AOqpTOFnDqDBXLf8LzZk4UamC-y1mQ3Q-19U930cfPV54atNn1AOKfHtnsLM6wIQ0Eq3vh_i2SGglwvS2BI7SQ,L Mc,https://play-lh.googleusercontent.com/-diDMXd9LG5g/AAAAAAAAAAI/AAAAAAAAAHA/AMZuucnJkN3t8s7ByGulQszn95aQyhFnUg/photo.jpg,awesome,5,0,2.4,2014-10-12 19:02:26,,
gp:AOqpTOG60tuMOfbgB9OD3curKj5NBqZjiahSvoaUrndfWMw06dKsNjExTnaKOcam3h54zMME0nDKd7F_3sc8Mg,Abdulkader Al Mallah,https://play-lh.googleusercontent.com/a-/AOh14GiE_N2z3ZjH2w-f916bybowWzqbg9Xbua-vG754CA,I love this pack. Looks solid and fantastic :D,5,0,2.4,2014-10-10 05:42:15,,
gp:AOqpTOFdMgcG9KkfzuiJ57bcr46fWn3cVY-zgVukjShiN9afK7seW8kIw2csIqp1iCs0Nift2UT34tAgmqXjdg,Richard Pruitt,https://play-lh.googleusercontent.com/a-/AOh14GgQOWP-4gk7QDmlOL0nlb1tNRqdvZoUHx6cWs9kqSs,"Nothing else needs to be said, just stunning!",5,0,2.4,2014-10-06 19:14:10,,
gp:AOqpTOHfiaaQkNd2QMVwbRF3Zjos3PuEf32yQzlZQ5u2F7Keqctf0DkkWdwOqgF62BiRIuNxg5NLZvl3hBKDOQ,Jay M,https://play-lh.googleusercontent.com/a-/AOh14GiMZpnhj5mZ9-AeSOPULWdt1Ie4Ym1bi1DX08Nu5Q,"Looks cool and themes all my icons, I wanted to use the plain glass background as an overlay for Lightning Launcher but this icon doesn't show up in the icon picker. However the Dev is really helpfull and offered me a refund, which I turned down because of his brilliant support and because the icons work as advertised. highly recommend his stuff.",5,0,2.4,2014-10-06 17:41:29,,
gp:AOqpTOHCSqgN2hVcDHbk4d0MsmrIqjFYaonnfNXVo8Nj7nAA0be2kOyBH1Jg90T5OMzIyAKjz2QcyUmdTrZo-Q,Nym Stark,https://play-lh.googleusercontent.com/a-/AOh14Ggnj3Dt4SZTyS_L77fTvssyGOpxirgbwWpa99GDGg,Love it!!! My favourite!,5,0,2.4,2014-10-05 18:27:30,,
gp:AOqpTOHUneKo_9KSvX8oESzf5pUDRBnwwBV2xi9tGLDmf4gQ-f9uffW5ySbfiZrZBKF7l6VLvVZKnFMs-9IkHQ,Sherwin Willis,https://play-lh.googleusercontent.com/-JSRCNEdGo-E/AAAAAAAAAAI/AAAAAAAAAAA/AMZuuckal46JuMNjHVaFXFej_HMJ1674mw/photo.jpg,Beautiful. Thank you,5,0,2.1,2014-09-12 06:55:16,,
gp:AOqpTOHAtQlGi3cOmS2EhK-SAU9x5fvmp2H10GhTbcTsIcRAmRG8x-aHrv_3towMM50rYfnJnTEMIQEPnDfTTw,Kevin Shane,https://play-lh.googleusercontent.com/a-/AOh14GibQaoRNk4AKyCu5SeoeNu-0JQooJoNYCPz37_zbQ,This is the best icon set I've  tried!,5,1,2.1,2014-09-11 08:25:48,"Thanks Kevin, we are at your service",2014-09-16 10:52:45
gp:AOqpTOFTnOcRynFLe1wQPvZ8_0aq6EMqfQXEVXrTeBYha1YcwLAoxWXRufWYruWVEGPW-d73D8HArt4P5_qgWw,Brian Bianco,https://play-lh.googleusercontent.com/a-/AOh14GhKilfAGEDHYfspQL0oWHcSc2gXDxQG596sJ4Oz,The best app for its glass icons and wallpapers. Kudos to the developers. They deserve it.,5,0,2,2014-08-31 19:27:42,,
gp:AOqpTOE4JSuZqnKm3iTKAHeUAs1kcNJccxwjwuAmCFO5vpCyTKZSd9ttBR76jPhz6kAuhSEGoP9mT3ZnjAufqQ,shawn adams,https://play-lh.googleusercontent.com/a-/AOh14Gh8aDnBXWLByHJhHXhfwxQjf6PBzg3QRmhCpPkV,1st class job you done. It makes any phone or tablet cool,5,0,2,2014-08-27 06:48:51,,
gp:AOqpTOH23P6LlPZ4-MXUebEsbd7dBjQWUjdDyyelNNu-t2vzFAqByThfdOm4l-eSUMhjwblqvHooMpeqt7GzRQ,Sean L,https://play-lh.googleusercontent.com/a-/AOh14GhcaAEi3tADV-fHorLV7fpWyup0DFYH-jEU9SOOLnU,"Absolutely awesome font set and background images.  Very classy, clean look.",5,0,2,2014-08-13 03:11:16,,
gp:AOqpTOGU8fvMzCrzhTMTviuWoURXty-QpCXEIj91YfrpnfFzhKNVc5ajW2MFUg9Zu9Vf95snjti8EL9H9EVc6Q,A Google user,https://play-lh.googleusercontent.com/EGemoI2NTXmTsBVtJqk8jxF9rh8ApRWfsIMQSt2uE4OcpQqbFu7f7NbTK05lx80nuSijCz7sc3a277R67g,"The theme still doesn't work with UNICON, an app that change all the icon's on your Android device no matter what launcher you use. There are similar theme in play store that is free which work with a lot more launcher including UNICON (search for GLASS FRAME).",1,0,1.9,2014-07-29 20:35:19,"This dont works with UNICON, works with NOVA, APEX; SMART, ADW, Go, HOLO and more Launchers
Sorry, please write me fot refound your money.
Thanks",2014-05-28 10:20:10
gp:AOqpTOFbxC7AkrZ8VIq6HMBpXTpqvIzF-m0eJ9B6iFgILQxfgcA0z1LhBh1dOv36F79l3DAyslsFMeGTQjsW6Q,A Google user,https://play-lh.googleusercontent.com/EGemoI2NTXmTsBVtJqk8jxF9rh8ApRWfsIMQSt2uE4OcpQqbFu7f7NbTK05lx80nuSijCz7sc3a277R67g,Nice theam.,5,0,1.8,2014-07-27 19:06:33,,
gp:AOqpTOHGpCCmQYCCPkoWrGQcYqqI2D78YxG6pYVOqXz-nHcSEMCjG2iVkkxfO6_onNX81L1W7lL4ubel-mNLoQ,Jennifer B,https://play-lh.googleusercontent.com/a-/AOh14GgPzhDXI4lGKJHPbLYDo_Xco0aTAPlh0v0uHWgEwoY,I really like this. All icons skinned exactly the same. Have mine set on largest size in Nova and they look great on my big screen (Galaxy Note 3). Would love to have a matching dock with the shiny sliver edging and the glass glare!,5,0,1.8,2014-07-25 14:13:56,,
gp:AOqpTOGzbHBl_XgKUZf7Q1JKsQyE73-Zs2p3C5Y0r5OAyQ9hUH3ly1bzaYnuGM0SCwFlviNu39g_fVJgUwC-2Q,Lisa King,https://play-lh.googleusercontent.com/a-/AOh14GhpkKV4HTrb7MK8IBnXYWbUrv2It8pUBvY3aSWzpA,Love this one,5,0,1.8,2014-07-24 14:37:27,,
gp:AOqpTOF_2uSMXBXLFB-HChdjYVPVkotuXlRJHXM54Xjy070P_NYH0eARfh1_ihTkckOWdsygvdjdUy1cGZvlOw,Jeremy Hood,https://play-lh.googleusercontent.com/a-/AOh14GjU8JmlThzlyH4BB_wpWtUhqvUkyw9AwbaWnKAr,Nice work. Looks amazing. Like the wallpapers too.,3,0,1.7,2014-07-18 21:04:21,,
gp:AOqpTOHnkXRXiH3gmvzfR11IS0ONgIPrxjG__f2HueEa3Ui3u0EgJSWMbmkcDsyoDEt6E8DEBFPp0JLvsw7LyA,YouAreTrash andWorse,https://play-lh.googleusercontent.com/a-/AOh14GgZ8-dDBKT5gMTG2zuaL8diVCqg9OMfjA6V7JqlMQ,NOT NEARLY ENOUGH ICONS  :(,3,0,1.7,2014-07-04 12:59:02,,
gp:AOqpTOELDnTTLW64KDrCHy-6GjlPYFupRB7r7iFYg_F0ZtAKi0sD71RySQV695qOfmcgz3S0wBfgfSqrA-m7Ew,Infinite Wisdom,https://play-lh.googleusercontent.com/a-/AOh14GgszvzLvyk8_MyN82GGcVWEsaTs_OdeEZgd-RVdEw,Needs a lot more icons. Then it's 5 ☆s easy,3,0,1.7,2014-05-28 07:07:03,,
gp:AOqpTOHSJJSH9T2Ycfw4sd1ZtSUkIfZesuuyhZJZ0--eIzePsTLEBkk92yOUaUyAR1yUuuTLvhrGNc8Yr643Gw,Rick Dwyer,https://play-lh.googleusercontent.com/a-/AOh14GisFLTg4vF66xZCzkffNlVf0ZZTRY81G-28t8GaHD8,"Very cool theme! Clean, especially icons wrapped in glass. Please add to icon selection. Not much of a choice, other than initial download. Your theme has great potential.",4,1,1.6,2014-05-12 19:41:54,,
gp:AOqpTOE4VhKWEUTMs1SPvbPJn8Y8hT7_piE2WPqwcsABBd_LMVkHw1ieDDFO9sEhMosqpin2jdS2Xwljh_n9SA,Ginger Lindsey,https://play-lh.googleusercontent.com/a-/AOh14GjWWUnm8yuRkpUXp4Q40X5d96s1VCHiJVlI67LO9w,"These are beautiful icons!  I can not use them, however, because I use Unicon as my launcher, and these icons will not work with Unicon.",3,0,1.2,2014-04-17 13:25:13,"Dear Ginger, please write us for support or for refund. We are at your service.",2014-04-09 20:07:07
gp:AOqpTOHup5bbdUqgsxDqzTz3D7x8dkcPLIUqyh0_bGxmKSL_bb9WawC1J_rLWCd5JCYOQil5cskDDQANCJEAyA,Tee Schultz,https://play-lh.googleusercontent.com/a-/AOh14GgU8H4q_pw4N0OUuiDPTpy28e_5PKoJX2eDJgrSlg,Had issue with setting ALL theme icons to glassy after setting theme. Icons default or set by end user must be manually set from draw. It won't automatically do it for you. Dev promptly helped me resovle this issue.. THANX DEV.....Keep up the good work..,5,0,1.2,2014-04-16 17:17:51,"Dear T. Shultz, all icons change, what Launcher ude? This works with Nova, ADW, APEX, GO and more, please wirteme for solve any problem. Thanks",2014-04-16 14:28:48
gp:AOqpTOHgoHevgELJvojh6SluBD9AV7XRNjZWBvM1TD6go5i5QE74z-_GZjYkbma6G_W8tU1SvbnXh-H2yFXjIg,Doug Ward,https://play-lh.googleusercontent.com/a-/AOh14Gjd2l6_jUQMWcqmnnPGC-XdXzq1nUa5XpuVvP139A,Gives my device a fresh new look,4,0,1.2,2014-04-11 09:17:23,,
