reviewId,userName,userImage,content,score,thumbsUpCount,reviewCreatedVersion,at,replyContent,repliedAt
gp:AOqpTOH807-xPGGSN_BCOLO5tYcozly1mRWIqCEi8J4GLiOVm2lizoPXQQ3XJRgdeNkfLIIkTlrXSZ4d6z5nZQ,Christopher Najewicz,https://play-lh.googleusercontent.com/a-/AOh14GhA4foz4ZrrlRmyw_0jMMXUdTaVwIBXJ2kdx-o46A,This game is awful,1,25,,2020-03-24 06:08:26,,
gp:AOqpTOHApDpIhvGUWQECtzTfg1x6VNWwsaJCFgsVE5zDeZeWRE-lG4mLVjQ8N6tbKTVBc48tKQHq_LUDHmzBNA,Zed Dean,https://play-lh.googleusercontent.com/-a3xcHFKbeUI/AAAAAAAAAAI/AAAAAAAAAAA/AMZuuclcKioz3PLwgekn238fSNhs1Imz9A/photo.jpg,my kid learned a lot from the apps playing it,5,42,4.0.1,2019-09-08 10:25:29,,
gp:AOqpTOGyrA-Q4rjZ5bpC9OS1PLW9gvURvzLi77B1bp5h-0EiyjKTHVQ_5pZegzKMwJHxTPVUYd0gDkQkr-B3KQ,montana hegedusich,https://play-lh.googleusercontent.com/a-/AOh14Gj_N7YoPWZA5i8Z0vZcQlVi8izjHQw2qoHjEUu3,I can't even have it load pass 84 so my kids can't even play the game always some money,1,40,4.0.1,2018-02-15 20:51:48,,
gp:AOqpTOHkEGKiyVjQzpNlXNZWvBICKGtZiCh-xFgJRuAPxBbcMyH9mCuK8M2iuc2vAU6lKnks0p-_DH5nhv_8tg,Ashley Smith,https://play-lh.googleusercontent.com/a-/AOh14GgEfYzbsEE6emo5cvb1WH-B-4NzPlmpiWLenukxeg,"Fun game, a bit expensive, but my son enjoys it. Nice for helping beginning readers!",5,77,4.0.1,2017-07-18 14:39:57,,
gp:AOqpTOEVPSNdcnLBJ7lPYWQ3og94rpEcbPUdGp7TsnqKLI4j1uZO4KbiIviPn7fE8L6_GE95I5mHQFI03vVTAA,Lindsay Fernandes,https://play-lh.googleusercontent.com/a-/AOh14GggxXUXAEKgSSVCRyeEF9NXpI97Wf9paGv-UvgD,More than 2 gigs left says insufficient  storage,1,48,3.4.0,2017-02-07 15:22:07,We're sorry to hear you experienced an install issue and understand how frustrating that can be. If you are still getting that error message try clearing up any junk files and clearing your cache. Please contact us at AndroidApp@pbs.org if you need further assistance. Thank you!,2017-06-27 13:09:05
