reviewId,userName,userImage,content,score,thumbsUpCount,reviewCreatedVersion,at,replyContent,repliedAt
gp:AOqpTOHwMf2f7yrgECPBMigkMjiCIZPYZu7A4d83IKcVnio-GsOSvpOp_9EtGmQVIx3TDTlihM6L3p7OUcSdl38,Jackie Taylor,https://play-lh.googleusercontent.com/-3DA-9LL29ZE/AAAAAAAAAAI/AAAAAAAAAAA/AMZuuclGrxODGp1rqMMTdXt1QxYfSfu9cw/photo.jpg,Love starting my day with this,5,0,2.0.10,2021-02-06 02:34:32,,
gp:AOqpTOGYVD5_ikpbw1a1ualE6ZiXkJByEf5IaRZhoD87bsJHL2lL5XAG1FRPx2LTg9rBd9gW2WNeyM5CL4pVqi0,Stacey Stachewicz,https://play-lh.googleusercontent.com/-kar8fpka5wY/AAAAAAAAAAI/AAAAAAAAAAA/AMZuuclJMgEVhbvw1kgVfJOOgoDB9vH8gA/photo.jpg,"I love this app. It gives me that little bit of self confidence, self awareness & puts my mind in perspective to start my day.",5,0,2.0.10,2021-01-18 08:14:35,,
gp:AOqpTOG7eppVNEc4hoNXwO_VyQQ8QFn9le44SoRPeWgZojpK3jw6C5g4MOKhfLKkfTUkqKefKtydg-0W2eXa7h0,M hyde,https://play-lh.googleusercontent.com/-hKJVby_CWIA/AAAAAAAAAAI/AAAAAAAAAAA/AMZuuclSI5GGo4g_zDAJ48Xud_Qk9GxMVQ/photo.jpg,Love to read it daily,5,0,2.0.10,2020-12-30 09:53:20,,
gp:AOqpTOETodTuarTa5bhPUlrPl-RWYDesrdRlmptArDG1qbdERUM5tJEXeswUJKtCccA02LP3JQjRDDBr4KwbSW0,Tara Smyth,https://play-lh.googleusercontent.com/a-/AOh14Gh7ACt0O-Rcr1ESM08nraAkjyPUBPrMOinbekWYIA,Enlightened,5,0,2.0.10,2020-12-09 22:48:46,,
gp:AOqpTOEjJFyPiRjIkPfs3V1fYKgkebsqq7AxFU1jyH0N2r0obJ7TomxLQzbkFYHaMYRzb-bfM70upq1ZVKWVYtQ,Minecraft destoyer,https://play-lh.googleusercontent.com/a-/AOh14GgQZCRlYm0PzZHlklSjJ0v6qjzNHPgnelO_OT6y8g,Daily it keeps me grounded in life and the readings correlate with the program.,5,0,2.0.10,2020-10-24 15:07:39,,
gp:AOqpTOF2589FVUDHl56TTUjqoc7-Qv8XDA9VKukiU7nHN-ZbRqStEqDrBytpQd3PZkvpiKunfDzIlH-rVisTKog,Kimberly Pollock,https://play-lh.googleusercontent.com/a-/AOh14GgozwfGU9b-1fLaAWZhLnTOqk0Jg8NMV_vXQQamqQ,It is very convient for me to have it at my disposal,5,0,2.0.10,2020-10-19 07:16:54,,
gp:AOqpTOFDSPRB-lWvmV4nWuYwSEWqO10GokI1SeuYdHBvYUKCSN7E0HqCRBgC6UfIrcj9PfvECs_GmpPImC7vrnY,A Google user,https://play-lh.googleusercontent.com/EGemoI2NTXmTsBVtJqk8jxF9rh8ApRWfsIMQSt2uE4OcpQqbFu7f7NbTK05lx80nuSijCz7sc3a277R67g,Great!,5,0,2.0.10,2020-08-14 02:28:11,,
gp:AOqpTOEFrYLnHI87QcBQ2ZO-bFfcZn4--oU8Jvdh-dzQvQIQSAcxDMzQk_vmv6bcbVsoTl3SbjnFjGPwq6WnfWw,Susan Wolfe,https://play-lh.googleusercontent.com/a-/AOh14GgR_ec0cKTqXAjxJx4Y7hOLZR0e52ZYlUpiAQvRaA,"What a wonderful way to begin the day , always positive and thoughtful.",5,2,2.0.10,2020-07-28 09:04:43,,
gp:AOqpTOHkQamlJtC0THNEOlw2gJQ0TrONhOeyMsEHqsH8ey__Wz8MIz1TOMUgQutXqV4YdWfgYPVIEpfXDDlHwcQ,Marcell Clark,https://play-lh.googleusercontent.com/-mXAZ7rcT7cY/AAAAAAAAAAI/AAAAAAAAAAA/AMZuucmLKGmY3QIPiGXGD6kZgl8tTRtjXw/photo.jpg,"The app is fine. The daily notifications are annoying because they close the app halfway thru the reading. (And no, I am not a slow reader.) I will be stopping the notifications since I have to manually open the app to read anyway.",3,3,2.0.10,2020-04-26 08:40:05,Thank you for your feedback! Please contact appsupport@bookmobile.com for further assistance.,2020-04-27 11:32:28
gp:AOqpTOHF0nItgPKVWGUZk3e5WiLBU8TVSH7Xz4rWhPWfmRdfTkIAI_0jO4TD_BsSUHUpGvJi_PmW1VMScFoGrzU,Betty M,https://play-lh.googleusercontent.com/a-/AOh14GgEOCAZzAxYwEx4xkPDvuCDMzQsnH8VHvCzA5-nBw,Still a 5 star reading. Especially April 5th selection in the midst of the epidemic virus life.,5,0,2.0.10,2020-04-05 07:06:01,,
gp:AOqpTOGdMWI0nXSc76tyyNnNtIWcOzOfLQFXJwPQCnrgi28Zl5V2L0MTUNi1bTI0i5hKUX1ZoPDY2SBUKRFWPjY,S. Smith-Levine,https://play-lh.googleusercontent.com/a-/AOh14GhZN36W7Z5KIK-1ozHVgxdgU3eAszmnVicxOnh7pA,Always there when I need it. Reliable and so helpful.,5,0,2.0.10,2020-02-28 09:55:43,,
gp:AOqpTOHCduj95ihvlKFnUkHzjQbZHfc2f4a3-hCJLSW7piMVWnZIRnqQCbGNM3B4TF2r-dHfzka8ig9Nr82gsHo,Terri Kemper,https://play-lh.googleusercontent.com/a-/AOh14GiEuicAIpAAGuWiO3RiYjdUVQSobjORQSUUysf-,I just love starting my day encouraged by these positive words. Great app,5,0,2.0.10,2020-02-26 06:49:21,,
gp:AOqpTOG-zMrmEQRL4iETinllXS7g9_o52ebqMxOhw25DC7mpQzwMHsc2kXMpo2vozidEYqOtDlDJ-jvSobHW0vg,marka lewis,https://play-lh.googleusercontent.com/-TAwslCeqB20/AAAAAAAAAAI/AAAAAAAAAAA/AMZuucmf92bACzpNOp9B-jHWt1tNZ7oy1w/photo.jpg,Each Day is a wonderful way to start the morning.,5,0,2.0.10,2020-02-26 04:11:08,,
gp:AOqpTOHvyepq4YyS-iBWjTQvnl8gpERTh9ZsLNt3gTs-8nN3pAC2Vyo_96IetGI--Z2q60flqzH7OOUDdxfKGRU,Gail Hurd,https://play-lh.googleusercontent.com/-DuRvw4mXyJE/AAAAAAAAAAI/AAAAAAAAAAA/AMZuucksfrM8zt9lB5cLUBlW810C3eTGRA/photo.jpg,"Very convenient, easy to forward a reading via text or email.",5,0,2.0.10,2020-02-22 06:02:17,,
gp:AOqpTOG9_eFRCG4bJWPWqkf4A0G5A3g4p57TXC82NuQ-iSyf677RVHFNljHkcrX3RImkMOuAG9RqkeMOcKn9CZs,Jamie Beck,https://play-lh.googleusercontent.com/a-/AOh14GjaP8zkvSAwisbFNJ1fAbxHUCwEB8XcmYGTdnAg4Q,Love the daily readings so much that I look forward to reading them each and every morning. I actually send some to my girlfriends because I find the reading so insightful. Then one of my friends bought the app herself. Thank you so much for this wonderful start to my day.,5,4,2.0.10,2020-02-18 11:31:44,,
gp:AOqpTOF4x8feFAvYcydHTZhvifYVBMSSyGxKjLOEQVHrZjFK4UF9taHtBpN7_cJC7tY1aOVNLK9mpDHsFTXzQIg,susan bechtold,https://play-lh.googleusercontent.com/-nqCXaXkWjjk/AAAAAAAAAAI/AAAAAAAAAAA/AMZuucmP0cj8fWRIQinOOERbUD9n5f1pug/photo.jpg,Awesome Inspirations every day! Love it,5,0,2.0.10,2020-02-16 12:53:13,,
gp:AOqpTOGZmAt674IjqDlbxE3NaNmGg9PtanXbWeypfAmrWKB_bODPbA9tS3mVP0X6HQCSH2JAYrL4krjqnd79mmE,Corinne Slemenda,https://play-lh.googleusercontent.com/-uXVqH5TrYeI/AAAAAAAAAAI/AAAAAAAAAAA/AMZuucnJNQE1gUwT7BXsNK-2qhxOKJcZMQ/photo.jpg,I have read this book for many years and love it.,5,0,2.0.10,2020-01-06 06:01:42,,
gp:AOqpTOHc8qPBXVEw-z9e3WuxY4snSUVeKNj_s7fh6j_ueNAwMUJz8fEQk0lmg8g1AsRrQz53vjwXFxr2oGwmaQQ,Julia Castellazzi,https://play-lh.googleusercontent.com/a-/AOh14Gjqem-tUUdgc1fw9YPfrOELHNG28TDddnN4St0OqKc,"A beautiful daily support, im grateful to have it on my journey.",5,0,2.0.10,2019-12-29 01:42:19,,
gp:AOqpTOGU1kBiERDqAVMapRBQiDz4VbeniYZRVmTryItisD7TFaOLk7nfKFZfPk168y_z5tQBipaGeDwK2LgxsBM,Pam Christian,https://play-lh.googleusercontent.com/-N2ROLKK_CN0/AAAAAAAAAAI/AAAAAAAAAAA/AMZuucmoh7dCVs5nzuNaXnMUGNzf9-GdLQ/photo.jpg,A blessed read,5,0,2.0.10,2019-11-06 08:00:59,,
gp:AOqpTOEH4rahjxvb0F5muzsqF-pyXNg5Ks2QxFlu_jVRdeEWKMbv2tFFGPQN3AEAwE2wb-4xFpRwNArpZByX7tg,A Google user,https://play-lh.googleusercontent.com/EGemoI2NTXmTsBVtJqk8jxF9rh8ApRWfsIMQSt2uE4OcpQqbFu7f7NbTK05lx80nuSijCz7sc3a277R67g,It is my favorite!,5,0,2.0.10,2019-10-11 13:52:46,,
gp:AOqpTOFe3rfsZZ6Vmvs_LLvBL_Z9TyqSxL8FkI2hQ9Z8sNq1GHMfeVJ_pfX7bENYYSyRBVGCz3ZGUkCZ0RUQcxA,Annie May,https://play-lh.googleusercontent.com/-V6syNRmQjNM/AAAAAAAAAAI/AAAAAAAAAAA/AMZuucnIAe3IJm0mBOPGjtf0gIRluIUSGQ/photo.jpg,"Read it every morning, when i wake up, 🥰",5,1,2.0.10,2019-09-14 07:09:57,,
gp:AOqpTOGvW9EKF0ztuNn5yzae45ruXkyUS_0Y8vv-DXCexjod4jWo3iAyUoMR3QzXkJLds9u_D-xNoPD4TFDqqmE,Janie Meyer,https://play-lh.googleusercontent.com/a-/AOh14GhwW1Kdah8z1WgfUaDjNrPVdWAQAh_WVGlqHMw3Dg,Love this book! A part of my recovery since 1983 💞👍💞,5,0,2.0.10,2019-09-06 12:43:27,,
gp:AOqpTOHZ6lhxWdbkaaTd_oBdV69n97NRmfENnvf3e25CG64S_cX0XqBC_gI6SSzFwpVRa3J88EgI8BRidfLJbTM,Charlene Scott,https://play-lh.googleusercontent.com/-6l_KC-kfw60/AAAAAAAAAAI/AAAAAAAAAAA/AMZuuclfHKbuSzizlS78aKhp9X8pXk6rCg/photo.jpg,This book helps each morning to get focused and centered.,5,0,2.0.10,2019-08-18 00:21:57,,
gp:AOqpTOEr0RKDBoA0_x5etPx9RfRMjdJgXGL80XQT5i_dlV84j5aU6St7zYjk_jXMzoqDoT5Y9P4GhfdM2_iN-Io,Elizabeth Whipps Whipps,https://play-lh.googleusercontent.com/-J5f0iPbtvso/AAAAAAAAAAI/AAAAAAAAAAA/AMZuucli3VP1A1pUJkXWFXX1kazEo9mHqA/photo.jpg,"I have always loved this reflection book and read the hard copy daily for a long time. I so appreciate the app, because I can carry it with me wherever I go. It is ""an easier, softer way"".",5,7,2.0.10,2019-07-01 08:11:41,,
gp:AOqpTOFDLQBQy_SMrIdXXUWMJbkYqhbbCoWyucxfWqT0Htu6yvZuF-q_BtrHEuJBry6ik17LH1nEkt1utrO0go8,Jennifer P,https://play-lh.googleusercontent.com/-zmAqJjELUPI/AAAAAAAAAAI/AAAAAAAAAAA/AMZuuckbUcO1sa_2VGRaxhbdAN0AyLa1hg/photo.jpg,great app,5,0,2.0.10,2019-06-27 05:18:29,,
gp:AOqpTOH9ZdQ0z5i2SjCTMq7SJJDwHWwI5yzjOc9KmeYR_01QGsEesRfioF1vbkDSQQaaXVlOIbZ-pNmQ_ve7mkc,Marie Hollingsworth,https://play-lh.googleusercontent.com/--UT53Hc7sCU/AAAAAAAAAAI/AAAAAAAAAAA/AMZuucnykYcG9_wwWt8E90AmzAhLZNMtCA/photo.jpg,This is one of the best Meditation Books for women. Really love it.,5,0,2.0.10,2019-06-26 14:04:04,,
gp:AOqpTOFZxFyd92bGOpL-xjJV55bdjolSIS6j2skkGYC1_a8cmO6RJUxRIwuiDiTrQ7zv0a0Yrllu2U6klcyQY7E,Faith Foley,https://play-lh.googleusercontent.com/-vW6s50xHOJ0/AAAAAAAAAAI/AAAAAAAAAAA/AMZuucmh4eR4JXcwCPoDIJ4s_h7gA_rC1A/photo.jpg,Love this! Helps put my mind in the proper perspective. Great way to start my day or even put my day back on track.,5,2,2.0.10,2019-06-11 08:04:16,,
gp:AOqpTOFx3RlCZSeY-kxFfbtvuNLxB6T3XTL6W0_ZL40CXdTcUKoe19clJd8xNkdnF_BmjUQ2CnFoepx62QGJjlM,Connie Terry,https://play-lh.googleusercontent.com/a-/AOh14GhZrcvEjvJ5avrVDyxi03iV1SQNi6WU8uqYyC3MzA,I look forward to the message everyday,5,0,2.0.10,2019-05-26 09:56:40,,
gp:AOqpTOFNBzQPee-K4Vg90yQdTfMJTXbk9sAFrdyosNcR7j0F8WbmUuOn4_xUaJ2_GGl6N_JIK0gyT14dWNqZQSk,Rochelle Wallach,https://play-lh.googleusercontent.com/-zJ7OHo6QxSg/AAAAAAAAAAI/AAAAAAAAAAA/AMZuucl86OvP6HL1kxZ_1KgrXRR7UhjjKw/photo.jpg,Every day seems to be JUST what I needed...coincidence I think not...truly uplifting,5,0,2.0.10,2019-04-13 14:34:47,,
gp:AOqpTOE5vjuPNIDU9rL0dRuwnh8O51D6l-yh5GBZiKhswPH9AHnEOs5U_InTHF12XPA7Bg0kUVtls0e3k02pAPM,A Google user,https://play-lh.googleusercontent.com/EGemoI2NTXmTsBVtJqk8jxF9rh8ApRWfsIMQSt2uE4OcpQqbFu7f7NbTK05lx80nuSijCz7sc3a277R67g,"I'm enjoying the app, but almost everyday when I open it I get a message that chrome has stopped working. I dont know if it is an app problem or a Google chrome problem.",4,0,2.0.10,2019-03-14 05:47:37,,
gp:AOqpTOH60PePbZmqNf6N_M6_qHI9c0US7eP4-V3Npc9l7JzSUgXjp2lf80lcgkNNbhy306hsnOQh-QMKXAOwED8,Victoria Dritsos,https://play-lh.googleusercontent.com/-cQFX6JOgNKM/AAAAAAAAAAI/AAAAAAAAAAA/AMZuucn5mHIyQaXy92TawBpmRe7FAryJBQ/photo.jpg,very inspirational,5,0,2.0.10,2019-03-12 04:04:45,,
gp:AOqpTOHzyAmh0HyNoLhsosrKmIz0i7Hv04NZDdSPKCEf7XTOah1htsEEkxKSzqcgvazK4y-ryrdvjjP-r6-UooI,Carol Robson,https://play-lh.googleusercontent.com/a-/AOh14Gj-otGTz34r9wgsd8_PiwryqWdaRsLXW0byi5LTiBk,My daily reading for many years. Helps me to understand my thoughts and feelings.,5,0,2.0.10,2019-03-03 11:29:59,,
gp:AOqpTOGOJmMJ9WlmAnGMEYdRcZ8rT948ZT7TkGA1fiy2QzSVqFaTtRhenLMoiFKIL1Zpl9GHC7zD2BBOHgYBKfs,Jeannie Duncan,https://play-lh.googleusercontent.com/-bASHEeTW1HU/AAAAAAAAAAI/AAAAAAAAAAA/AMZuucmW7qgIkcngrVPC7PX3WfVwQXqx_A/photo.jpg,i have read this book every day for nearly 13 years. it centres and grounds me and is always spot on. i can't recommend it highly enough.,5,1,2.0.10,2018-12-20 13:33:13,,
gp:AOqpTOHVQ7RRQNgeuN3hpv1XZfoiz5oZIjH-Cgum2wO_JhihIFEAIILVdONp2rzXMHzETpSBbiw8iP7ZBdH1mPo,Gin Mur,https://play-lh.googleusercontent.com/-UIMYjWXqtt8/AAAAAAAAAAI/AAAAAAAAAAA/AMZuuckZtR0Msq7GJJaeazCDCvN5UIoDuA/photo.jpg,Love it! Much easier than carrying book around.,5,0,2.0.10,2018-12-14 05:23:54,,
gp:AOqpTOEz9pM2LjEBtgLiDaMO-H9L1s2r4yBKMX4252TTx-nf_7MtUlCJGfiPPH1Q5r4l-dMglMQ1Oto5Oqy9bxA,Mary W,https://play-lh.googleusercontent.com/-raYLBNM2sjY/AAAAAAAAAAI/AAAAAAAAAAA/AMZuucnpGGQoLYjJfhFFLmtH5cJp58brRA/photo.jpg,Very good topics that help with every day life,5,0,2.0.9,2018-10-29 02:31:56,,
gp:AOqpTOHc-fNbKefJTKx_S2DD6W5dVQ9PWzGradnWPQODlCMKFDQwQ0vIUlYXFWanxdWNjYbJp2YkoiNTWmlPC3M,Rae Mothership,https://play-lh.googleusercontent.com/a-/AOh14Ghf2iw1Os-S2gbSWG3BFZs95LXYyBQHporXZRUk,A friend and I read these inspiring words together and discuss the lessons herein. It is a wonderful way to start a day!,5,1,2.0.9,2018-10-25 09:27:39,,
gp:AOqpTOEmGzhZ3g6EDRUNcp6zB_B28qdEVByHN7Rm6jqFC3zt7LuqcxZYyGqmASjyByuqX9LtKPoEhH0gasNUwpA,Emma King,https://play-lh.googleusercontent.com/a-/AOh14GiIMtga1lPWBN_GnWFZ_aoAuCMUHw-u_VBuj7T5,Great to start my day with. Use it every day!,5,0,2.0.9,2018-10-12 00:22:25,,
gp:AOqpTOEXo-7mz88Q05DeW75JgTZVCwteDQCZ57BVQZrTZuo8bw77Q7b_G5xzeiyaZByxMGjS7tppNrnS2yNMMzQ,Amy McKee,https://play-lh.googleusercontent.com/a-/AOh14GicFwJ9XBhIo4POsmVRuuT-8NpHmClUHkEDOvLtjQ,"As a woman in recovery I really appreciate the perspective of this writer. 
I am not in recovery from addiction, rather from the effects of addiction 
on me and on the family. But I find that almost all of the daily passages 
are relevant to me. Also, I love quotes and there are many really good ones 
to ponder here. I've had this app for years using three or four devices and 
it performs well.",5,2,2.0.8,2018-07-18 02:43:03,,
gp:AOqpTOEARe4xgSK2kU-3BoxXtmpLnDIB3DztZOLMlyH3MDlxyZVQOUnDL7qGADXzb8NR6qgnndl_4NgUPk-AmsA,Brandy Nichols,https://play-lh.googleusercontent.com/-JCQdSkeh02U/AAAAAAAAAAI/AAAAAAAAAAA/AMZuucmHTWfkh7fFgLrYgptKd8xoknBSpg/photo.jpg,"Love this book. Always has a positive outlook on the subject at hand. And 
most of the time I can apply it directly to my life.",5,1,2.0.8,2018-06-22 10:45:01,,
gp:AOqpTOFkQF_KvESvNuojj8r0cgoQ3pMDnNwA8GrPmFRY38f4w6HUPiNpU4jxwpCRnOzHWlo9w12VobooFsUrVgM,Rose Mackie,https://play-lh.googleusercontent.com/a-/AOh14GgD-q505Eq0wuIKRPdAskiKr02EYKg5DhT-wHkonA,"This book is a valuable resource for any woman striving to be a stronger 
person, not just those inr recovery. I've been using it for nearly 30 years 
and the ebook version is invaluable.",5,6,2.0.8,2018-06-20 17:23:50,,
gp:AOqpTOHXkGucTMuESwBb5RLTHt640DgHF2hSJSki4a9d58puHDkxbaSadkRo3nyNGzUJzdcdhWX6Pf2QwM0oFQE,Jennifer Centric,https://play-lh.googleusercontent.com/-G3AHDxWpuO0/AAAAAAAAAAI/AAAAAAAAAAA/AMZuucnTe9JDhYOG-Mc5MsbjojEG2kfSag/photo.jpg,Positive real-life wisdom,5,1,2.0.8,2018-05-25 05:40:54,,
gp:AOqpTOEiPVGivMuJv4uSBllgZY4Ol9IiAEI20gE6cw-3jsHTKJGEaDlARhTyQ6gaYr-a_fbiWbGgaCgw4J0ccvg,Mary Koster,https://play-lh.googleusercontent.com/-M9LimbPhJGY/AAAAAAAAAAI/AAAAAAAAAAA/AMZuucko_Js9q1NwQxsPOj6dXlRH01Wl_Q/photo.jpg,Fabulous!!!,5,0,2.0.7,2018-04-06 09:49:28,,
gp:AOqpTOHzlN_bPhG6tcWnjSxi-Qr1p101L6ZC6HxwhUfYYK-WbLbjcsH0IpYcRGN9MU7Y6yY7NCNUvCBTVpTTjU0,Peggie Turton,https://play-lh.googleusercontent.com/a-/AOh14Gh307MmjrhyQVnYJ8CMdvV9jJxnOrvi1XXT8LoVSjI,I've had this meditation book for 20+years. It is fabulous to have the app on my phone.  I read it daily and find great comfort from it.,5,0,2.0.7,2018-03-24 14:01:30,,
gp:AOqpTOEV6a4PFA_MpEkn9EU8H2ikvEoPrVStlhXO9wMOnhzBMBMJfjqA-hro552R4Gv3hX8nSs9FCVQla7Ar-sM,Jane Smith,https://play-lh.googleusercontent.com/-t7EIcQBxrio/AAAAAAAAAAI/AAAAAAAAAAA/AMZuuclXsjHLwiFzKb3GPjDP25H5_UDUKQ/photo.jpg,I need inspiration...I often find it  here,5,1,2.0.7,2018-03-14 02:52:14,,
gp:AOqpTOHn6K4TPKPm0afwbO-IfHwbAeQX5-MVE8EojjNBuwmMojpo8EePlJ4NIYiSVPKCtsuHKLWMLg_NEkOyKNw,Tara Tourangeau,https://play-lh.googleusercontent.com/a-/AOh14GgtCnLYZE7VGvyW7Lxn2ib4LJc3eX8fcHlU24wY,Very helpful. Love it!!,5,0,2.0.7,2018-03-04 10:56:43,,
gp:AOqpTOGScxuJy2GwrnJUag-rbXyVq2c39pmHIQCzDwE7CPhtU3Up3L_0XU55QOZeeMTfqZPBn7KIQ6wKy1SI8S4,Andrea Hodgins,https://play-lh.googleusercontent.com/a-/AOh14GjnU6U_AEgkxrhFsPPc7CjQMxZigznB7CRSS_4UNQ,This is a great daily meditation to start my day. I get encouragement each day.,5,0,2.0.7,2018-02-11 04:31:52,,
gp:AOqpTOFKhbhdFZoZ4BvPb1MBoub1wWwmQgWcAVut45Wmqc1htkqRJoO8emY2WNxuylXFk6Tbtiha8SLhxemrct4,Beck MacKenzie,https://play-lh.googleusercontent.com/-_O_MYvqhRks/AAAAAAAAAAI/AAAAAAAAAAA/AMZuuclDfCfAE1rRiXRVU4vzhAxf-fbeTw/photo.jpg,"Love this app. Makes doing the readings ""on awakening "" a lot easier.",5,0,2.0.7,2017-10-30 17:02:06,,
gp:AOqpTOEG0YyX_5Zhlih0Yzh8czrdRXny5pW5xfbgmw5mOs29ZVcu5C-AjrmFEZNYvQ5GIOytkyNxotQAPc2A9QQ,Colleen Shepard,https://play-lh.googleusercontent.com/-Bcy8-H5GNgE/AAAAAAAAAAI/AAAAAAAAAAA/AMZuuck-5E-uPs0DpDn0lnYMQQt0nmZHxw/photo.jpg,Great way to start my day,5,0,2.0.7,2017-07-13 02:19:56,,
gp:AOqpTOEludAXiRvjEzCazVLrWigqCcJD35rn2aQMXLAaGz_D2YQaDo7jYiAeyZ6-LXgrMKiRLYmAT2d3V6hWpkM,aimee bolton,https://play-lh.googleusercontent.com/-ph2SSAOS41g/AAAAAAAAAAI/AAAAAAAAAAA/AMZuuck98RnSvrK9M_2Okw9BNVOIh_98nA/photo.jpg,I have never been one for daily devotionals or meditations but I love this book. My BFF and I sitting out every single night I read mine she reads the one of her choosing and the EDNB is always right on spot with whatever went on in my day that day and most of the time in my friends as well,5,2,2.0.7,2017-07-02 13:49:44,,
gp:AOqpTOGHsERdQD2Ue_omvA4lUJTjDM1zqFzbmM6TyCi5w0SIfJ6pE6O9wjLvwHIC318E_iX2rzj6R8IUdNiyh6g,Deborah Gill,https://play-lh.googleusercontent.com/a-/AOh14GgXh0xqbAeIoGQTlE99xOKR_6Rp2U8PgDIL0f48Qg,"The readings are always spot on, they challenge me to better myself.  It amazes me how it is applicable no matter where we are in our recovery, my ladies group uses this reading each week.",5,0,2.0.7,2017-06-06 10:31:34,,
gp:AOqpTOGScvi8FUiatv4rhCWF-hjTnAXCOAgTPYD2eM0oH9JzhdaPqLB5TfLWfCTHhly1EJp_Rwvzg28J9BSE3E8,Rebecca Hundley,https://play-lh.googleusercontent.com/a-/AOh14Ghmg395waUx5N1FK5009RPDmgFl7jLXo4DA8IlOfA,This is my favorite meditation book- so happy to have it in an app. It reminds me to tread out. Totally worth 5.99,5,2,2.0.7,2017-05-31 06:02:36,,
gp:AOqpTOEYk4ZoKey47C-ZijLP0vCU7FZr8OR8VDLm3TGxe5IRJ5hcufk5rHOJgXQW8FX-QY7TQz0UkYQGz800oL0,Jessica Motherway,https://play-lh.googleusercontent.com/a-/AOh14GiOiKBJErUfnCdYYAuuuHyKDp9LCBA1LSK4-ME6jA,"This app not only helps me start my mornings with an open mind, but I also send them to my sponsored, and other woman. I'm grateful for this app. It seems no matter what I'm going through when I read the daily reading it is just what I needed to hear. Thank you!",5,0,2.0.6,2017-02-02 10:12:05,,
gp:AOqpTOGRm4iEAaeh1wfX0MGPqmLWn4YsRnw2qw_r-RM6XjuuQmSylhqqLR586nAZ4QJmqMc2e3lT81whIa1kG7o,Laura Stadtler,https://play-lh.googleusercontent.com/-nznEjtM-N_c/AAAAAAAAAAI/AAAAAAAAAAA/AMZuucmaf2IDCPVFZHch3DQeYoKTx5IvpQ/photo.jpg,I have this in hard copy.. it's 29 years old.  I love having it on my phone.,5,1,2.0.6,2017-01-27 06:12:23,,
gp:AOqpTOHAn1ttW9UGPvyZK63NO4TAkMSocMBCtVLsjl4Buoas8tPIBHsCen-NgWNnLQc3GnSbdiOIu3poPAcJJSs,Amanda Townsend,https://play-lh.googleusercontent.com/a-/AOh14Gip6iLSttwP598VgldcwVIacmzfSuPlsZl1Td3K,Very thoughtfully written. Insightful and inspiring,5,0,2.0.6,2017-01-15 13:19:32,,
gp:AOqpTOEil5euTaQ5PiG8CBJesaNFCLv4Hes8DYPmobAH47uqP72GZtmb373wFF9uml_6TszGy7iZSRbL19IpRFI,ed hardensky,https://play-lh.googleusercontent.com/-w-bMFg1Vd80/AAAAAAAAAAI/AAAAAAAAAAA/AMZuuckVKqr5fTRfp8aYtoUD6YOX2uslwA/photo.jpg,"I've found this and her other writings helpful throughout my recovery. Have in hard copy, now easier on my phone. I'm a guy, and they speak to me.",5,2,2.0.6,2017-01-01 07:43:45,,
gp:AOqpTOETmC4E7Krg9ONxSmVNwGbg0SUmRt03tRnBlLLQUrjwvvb23x19H4ZP5nKIMeDhlhwp7BMQmIxXa-6Rc8I,Susan Monroe O'Connell,https://play-lh.googleusercontent.com/a-/AOh14Gg-bAorJDjX-5LD8bYL96ySCyBspSpvE8DQtpPP4dc,I've only had the app a couple of weeks but every day I find something applicable.,5,0,2.0.6,2016-12-11 11:23:06,,
gp:AOqpTOEx_sca8ZmudwysYT8-folHk-k-K-Jr9SULF6plg0rHgrsO4bj0pQ9iMsinXj6YQsdkpuxBWgEmKREBtig,Danny Field,https://play-lh.googleusercontent.com/a-/AOh14Gi6HQGF9V9rPIGAxPWSXaSIwkW-bAcu_ygFUVlm,"Inspirational passages to contemplate an apply to one's life in thought, speech, and action.",4,1,2.0.6,2016-11-26 13:40:14,,
gp:AOqpTOEE-C3z2u6FMd48N31ioT1kqlhcA-5hyjHD3uLNKAvOJjFWAXStXny6qW6nuk0xnSjVqiqsxBystSt3Hc4,A Google user,https://play-lh.googleusercontent.com/EGemoI2NTXmTsBVtJqk8jxF9rh8ApRWfsIMQSt2uE4OcpQqbFu7f7NbTK05lx80nuSijCz7sc3a277R67g,A fantastic way to start your day.  A few minutes can make all the difference!,5,0,2.0.6,2016-11-26 07:04:20,,
gp:AOqpTOH26KV9gFzXqczBQaCavscNAV5dRy0zdLlRCJ3MhHD07yyrbtgQpmAB16KKL1hGKrzx64SlAQysiWl2Mpk,Julie Blanchette,https://play-lh.googleusercontent.com/a-/AOh14GhxvdGAdjFnB0Ay1MnSM15_xFui-gQCAO6heQE5WA,Such wisdom by amazing women... Love it!,5,0,2.0.6,2016-11-05 13:54:13,,
gp:AOqpTOFi0g8O98PqqyHMU2z5zOLN1mA1AawWds1YeJDdBF0l67Zqm0W8kFKdK7VJ7cffYmjfmu1m8vhUpHEIqII,Krissy Lynn,https://play-lh.googleusercontent.com/a-/AOh14Gj0UMNer8GUGjtpFgAQx33UYX8UGve2YqWD5Vd2_w,I love starting my day reading this devotional!!,5,0,2.0.6,2016-11-03 06:39:00,,
gp:AOqpTOGOxunCVefcAxrteg8K36OPrl7WFwzceBSGgJ8IRtjhLJSyFXk9bk1RQi5flcLC_PpMg-C_TOhzo6FDJXk,Shelley Munyon,https://play-lh.googleusercontent.com/a-/AOh14GghSe3CV18bvre1d4LzV9tK9OOJyU557GiolYEzPA,This app brings sanity back to your life! I believe it works for everyone no matter your race or creed.,5,0,2.0.5,2016-10-10 17:19:15,,
gp:AOqpTOHbK2rZw9UyKW-KyQEMul5BBVkgEoAVe8_nvIXqe7ZGOhfrlpuF-PEltWm4yDFGxo-c-zJ1chmhJgKCMIE,Shyrle Hill,https://play-lh.googleusercontent.com/a-/AOh14Ggf9ZSVPGd3s-RZm8K5KRE81aWKSfhT2Z7aBcIbNA,Love it...starts my day!,5,0,2.0.6,2016-10-04 08:36:39,,
gp:AOqpTOHqaeQKwadvyYZBFIh4ucS3dDDGaJf9O69esruL3WTxZD2vLOuBpU1yZZ6fyvTYSZjDx5g8inVYAhlgYes,Glenda Copeland,https://play-lh.googleusercontent.com/a-/AOh14GhzlDFRHIAO6O-DbGqAgHRuNYUYwE4AUvxir12U,I read this everyday without fail. A great resource.,5,0,2.0.6,2016-09-24 10:05:15,,
gp:AOqpTOGp0GeymiHlL4iagLlTqGesLNgX0qthUVZIy7iDz_uFRRQMl3W25_YOTu7Z42EmgvYMtrWadb99kw-dnIA,Christi Williams,https://play-lh.googleusercontent.com/-mt0Ll-mQh8M/AAAAAAAAAAI/AAAAAAAAAAA/AMZuucnAHeBkP3PzCFDaXc8ebxYoIZeVxw/photo.jpg,I love reading these messages daily.  They give me strength.,4,1,2.0.6,2016-09-20 11:47:19,,
gp:AOqpTOFF1N_tSMZI11KcN7Zec53w9WRRuE81OYyLRsZsN1ErpLRbGXODoTI9TYRZqVi168nqkpKYuCuNhpErxXo,Tracey Johnson,https://play-lh.googleusercontent.com/a-/AOh14GjLzQZ6Nf2Vrve6yo34UPEdbF49hOhn2A10zgq4_Q,I like that I set it up to read each day...a notification reminds me,5,1,2.0.6,2016-09-10 04:43:33,,
gp:AOqpTOHHC1RUhbtvm92RfgmjHSaTTJ-5bt8VwnuyhT_6Y7AWC19h4UbsRKdi1DgJvbchPCon91jS9xMQucNCqy8,Elizabeth Winkler,https://play-lh.googleusercontent.com/a-/AOh14Gg2AXaXH3tUfFK2NvfXkEc77aiCFRKx84dmuOG1Gw,I love this app and am so grateful for it each day!,5,0,2.0.5,2016-05-21 11:25:18,,
gp:AOqpTOH0ejSsrGT5sWyL6VuT_tUkoPACJItSUhBEV53TmXe2XeyTSVYGw8XiUqJ4XbL5LEX6Ct_8z09EKxCZa70,Jennifer Cady,https://play-lh.googleusercontent.com/a-/AOh14GghDrtplrYDuz_FYcuAUh1b6pQ38advY3NBePU8bg,Meditations,5,0,2.0.5,2016-05-12 19:37:52,,
gp:AOqpTOF76jtq3YC2S-_7fjp8YVkHc_lqhTeiZjuBApvr-lcddLHsH_sTGmzdBkVEW-fZ954rrHY4p2lJzr6q-Lc,Jamie Powell-Smull,https://play-lh.googleusercontent.com/a-/AOh14GhFWTheV6eUnEvV6yRGrZ71KfSWL1SJ5560aBG_VoM,Perfect timing every day and very easy to use.,5,0,2.0.5,2016-05-08 08:14:23,,
gp:AOqpTOGSu5jxwz5EjyQHzcSJraTs0NjCTwKY9jUtYGJUglLp89kqYb0veGKiXgSxeowcqrJjIJHLEMHyQN2lX-c,ashley weinberg,https://play-lh.googleusercontent.com/a-/AOh14Gh_yB9jC8WIOQGgEaZ8HpGdwJjHVdProBhrqN_-bxw,I have the book and the app makes it possible for me to have words of encouragement when ever i need it!,5,0,2.0.5,2016-01-23 13:53:25,,
gp:AOqpTOGScDm40el07OqTZpX3Kk4XxEZwvObJKYEtzB8-gOWd3tSZFxNkOqysQrLe0psYCl3n5lK3niRS3dH6ApM,Susan H.,https://play-lh.googleusercontent.com/-LftIVKWpbzw/AAAAAAAAAAI/AAAAAAAAAAA/AMZuuclwtyQeRwnH1kz6pCCCRKC7E8FsaQ/photo.jpg,I love the fact that it pops up on my screen every day.  If I rushed through my morning and didn't stop for some quiet time it's a reminder as soon as I look at my phone.  Haven't missed grabbing quiet time some time during my day since I downloaded it. :),5,0,2.0.5,2016-01-22 08:59:59,,
gp:AOqpTOHM57G8CguQigkpvGw18qtKJV_3ZAjHraFMbL2DLFCTU0yJ2-z4niOz3cny9CXBTgccdaA9dcgBpGp36zY,Jennifer Malinowski,https://play-lh.googleusercontent.com/a-/AOh14GiBjoGkVKLhIt3rJnawWXZjlzWHS4OueL7mViSh-SM,Loveee itttt,5,0,2.0.5,2015-11-13 06:48:20,,
gp:AOqpTOHF6ka9cm3BtqNPe-d-1wzd5i5AwZS57_goa6on5zli-pjDzsDn78L5Ee27kh7X84mzANqbKXwlu_ul7gE,C.S. Lewis,https://play-lh.googleusercontent.com/a-/AOh14Gg495N4gntxsSojUSl6fsyOviw3_HLGQJabdIKewQ,I love reading these each morning,5,0,2.0.5,2015-11-11 08:18:21,,
gp:AOqpTOEUoqUA6976ffxiecIu_kXG7JgvFz2F0VWfvgGW-weGicSz3Ix0KdcOieHKMqNM1PPaFdqrgr-I6hqIqrQ,Arden Gatlin,https://play-lh.googleusercontent.com/a-/AOh14Gha4KUqAEnPEnsCCQgnnxhp5YBC951DUp8n2Dqv,"A wonderful way to slow down,  take a deep breath and get your serenity back!",5,0,2.0.5,2015-10-23 16:59:02,,
gp:AOqpTOFaEJGefpwBu4I9eGcSK2q4p3lmzvHZJ8v_75UHER77lOSTHZ7BOI_lws8zopnulr_ABM6Ir7Ix5ZLxWpA,Maggie Dials,https://play-lh.googleusercontent.com/a-/AOh14Ggd8j4r2jskHiGM0nm0UtYDDM4gv-k9CKs05ptn,My best friend gave me the paperback version of this book some years ago.  Reading it every morning always gave me a calming spirit and guided my thoughts toward a positive plane. It seemed like the author knew me personally and I looked forward to where her words would lead me.  I rave about this book and share it with whoever will listen!  It not only benefits women in recovery but life in general.  I'll continue to read this daily for the rest of my life.  Thank you for the electronic version!,5,1,2.0.5,2015-10-14 10:39:38,,
gp:AOqpTOFqH7EqNB_ViQzf4fm0jG8qaGQyEfvgoTlgtVwxH6doQRUPNEZuNTee5s0b8TgBaSgtyhMRn29g1xeIYB4,melissa intravia,https://play-lh.googleusercontent.com/a-/AOh14GhO4bcsO9XfcezPx7XgVNdmQchY6qebnkxn_lWbEA,"I read while I drink my coffee in the morning, it helps me to be present.",5,0,2.0.5,2015-09-07 06:35:28,,
gp:AOqpTOH978DWDmXgNK8itIG0uET760MvSsL5Te0O6hUhSlE06iwMGXSOGstmK8uIzUwsbxiJEVHkbCHByJjGCjU,Elisa R,https://play-lh.googleusercontent.com/a-/AOh14Gg6cfGcC5aXXZl1SWxIXuq0yfS1kKbT07k8vPePhw,The wise and inspiring meditations get my day going with peace and serenity in the right direction,5,0,2.0.5,2015-08-09 10:36:03,,
gp:AOqpTOHcSD9LZeFK93THvQaon1CEKhWsDdOfYHB7KhAdnr6b1pDFdOXy8C3WBRtAhRb-Udx-XcvhCEEu94FHayk,Amanda L.,https://play-lh.googleusercontent.com/a-/AOh14GjLAFG4yB_tOFBjxnYXE0xgLMQT8XOPyd3XDCLdwtM,Excellent,5,0,2.0.5,2015-08-04 08:45:11,,
gp:AOqpTOFkuK0Ats2CeQ8qERfOEMI9B4ZnahQAxa8fsS2XtZQq8EiYDDtSyZjwEcdpzGCTP36FlujY7PdSvIqOwjE,Cynthia England,https://play-lh.googleusercontent.com/a-/AOh14Gj34KE2__YZSqxgCuv4tUqR2FCyXlBj0sLN2kZsYg,"I love the message this book has.  I would like to be able to share it with friends on occasion either by text or Facebook, not e-mail.  Need to get with the times.",4,0,2.0.4,2015-05-31 06:39:54,,
gp:AOqpTOHs_gvMv6wijhoTzE4mCVR4vPImP0yW8f1m8mRshrvbH312CyZXMCfi_GLJsNCz7XiwGQoLnmE171Gaozo,Kathy Cormack,https://play-lh.googleusercontent.com/-d-mwOjyfLos/AAAAAAAAAAI/AAAAAAAAAAA/AMZuucnyqSpmKO1vW4FDGWxVPikf5tKDxg/photo.jpg,Start my day reading it. Attend two AA meetings that use it. It is AMAZING how it applies to me so much!  Thank you Hazeldon!,5,0,2.0.4,2015-05-06 03:39:39,,
gp:AOqpTOGAURSl5asO8x0k-EUpiSIrHLAaIpt3zE_bp6Twl1v2baw8r0hykO-e0uom_7ZdieoWsotFw0_UGIgTmGA,Asiazmama Alwayz,https://play-lh.googleusercontent.com/a-/AOh14GibAONsTVIvnQUBUaqqDwlfW-WayGNQl5vJ50E0rQ,Love it. Love it. Love it.,5,0,2.0.4,2015-04-29 09:30:42,,
gp:AOqpTOHiYiLWj2v1MFT1rG_onDcirAq02iQlwPbRAXLF0m5LhN9N__Z4OXodeSywPgCUGSs-vVm5FaP5iowqQ3Y,Joyce Graham,https://play-lh.googleusercontent.com/a-/AOh14GhUof7tdGjuqBjfs9x0IP_R42vvRMRy0Nv2n77eYw,Great book. Been reading it for 30 years and wonderful to have it with me all the time.,5,0,2.0.4,2015-04-17 09:02:46,,
gp:AOqpTOF8sg8f5sCsKk9RQb6inSILSULOZTowNWJTqKTrdkIyYM3EEh7tLPW_15L-U2b8dvU-_qO1xQZFot1H0kQ,Rae Johansen,https://play-lh.googleusercontent.com/a-/AOh14Gh0bzH1e1fX_sCXtYLn4WmOj_3lpIfAvr1WbNcM3A,I love this app! I need to get it earlier in my day tho so if anyone knows how to set that let me know! :),5,0,2.0.4,2015-04-13 09:43:11,,
gp:AOqpTOGqMP4oeTBo3iW-GCv_pYrnpF66cOO3VczgWLaPLm_iYFp6BvONx2aVIfSThM5VmBSKUrggDq_c5vb9xaI,Tiffany Dalton,https://play-lh.googleusercontent.com/a-/AOh14GjgI3IBuUVcVxXxsKyZT4SkHzR-9U3eRe9-HrCysg,"beautiful app, lovely meditations",5,0,2.0.4,2015-04-10 07:22:53,,
gp:AOqpTOFzWDbVlalOO0EvuF7uOx-E7XAD1GDhVc6jAV1gFTCwPK0wDDTHMxyDgiT8k3lVaHJ0z2PqP4JqGMJd6Ok,Letitia Daniels,https://play-lh.googleusercontent.com/a-/AOh14GhTz6CnSkbu6IGbxatfEZx7gxDvrlEK0qsvWv6rGpo,A little inspiration everyday.,5,0,,2015-03-28 07:11:10,,
gp:AOqpTOE3GQGqp9rcOk39462WDu8ncFVq8zglBEDH3zhRGN_WFPeyD2NWsKmT8K91YmjnRRVIMYP7XjMCyGwdy6k,Ronnie Graham,https://play-lh.googleusercontent.com/a-/AOh14GiQ8Jh22GG3KzJb3RKwWrG5S14h3vkmENQA3b9yVQ,It has served me well,5,0,2.0.4,2015-03-20 17:03:24,,
gp:AOqpTOF2_heI2PEDQAg13pbLHIYI63U2wf9TM2-UkPYU_IH_SpNgOevUi0_5TsmtAyl_uDJx1kfnrAUhF9Unxi0,Carla Baron,https://play-lh.googleusercontent.com/a-/AOh14Gi9XFgFY0ma33R_1g_N-9el0ZpV-yPmomeBWgMBoA,Great readings!,5,0,2.0.4,2015-03-17 06:52:00,,
gp:AOqpTOGMxirwRT4vuZch1Frq14BN3TcZIh9-6uC5X13ccU5qxFJbvohXRAEpoNeAHfO-aisVXBfQkUukJOhVRDE,Lisa F,https://play-lh.googleusercontent.com/a-/AOh14Ghfe0q8xxountBBsEc4lXoerV37FewRpo7_KDtO3s0,Great way to start or end a day,5,0,2.0.4,2015-03-11 15:36:43,,
gp:AOqpTOHW8niD0TZnEIpE-3EuUEvNJNHw__MS5MDaFcU91BEwhFqge4YO5JtpU7BQR5Ltt4cO3kKb3dk32mLIBbY,Tree O'Donnell,https://play-lh.googleusercontent.com/a-/AOh14GgBzrIPeqGm8dxB2-E3KSVBV-IwZhQKF8EnE7ExKVA,"This is too great app, simple to use and a very clear message every day. You can text to your friends and share with each other. I have read the daily readings at meetings and used them as topics.",5,1,2.0.4,2015-02-23 07:35:26,,
gp:AOqpTOF9nH9OtJXdHsHyAqstU4R-B2pF_xxK3dlxZ_dRJqQge-m6243Z8-lzILS0Q-nG6quviLysoaAjof9mDgA,Tonia Jordan,https://play-lh.googleusercontent.com/a-/AOh14GjfzeRkWeAUi6vYPSz_4MHoy7oKVB9ESWzV8lDSOg,One of the absolutely best recovery daily affirmations. I love this book. Never miss a day.....,5,0,,2015-02-14 02:40:09,,
gp:AOqpTOG9YCbSK4POvPQFtL_HKV4Myw4nf2qZz8ycqlxGO5SZEhrTBOKT7B_-dcm4rQPT1FUSeJhLS0b7V5jidj4,Alain Portmann,https://play-lh.googleusercontent.com/a-/AOh14Gifh7Xp7-tM_dFkiM3UWjwtpWISk44qzLGQ-nJHSQ,A great start or end to a day,4,0,2.0.4,2015-02-14 01:08:17,,
gp:AOqpTOHyjWkpGO-bkYBtfSzf5HC29tVhPFXlUVjk2f5KocmXYnj2QbZBE_kGzh4ksG6S6Y7wGRkWMOpwO5wBIDM,Ann Kurtzman,https://play-lh.googleusercontent.com/a-/AOh14Gi2x5j-MCYp5EAQ6u9dd5qb2OgiSBeM7QMmI2gLz4g,Love it! Great way to start my day!,5,1,2.0.4,2015-02-13 07:50:21,,
gp:AOqpTOFaYFLF3DbDjQLJt2U3or87hSSocLOp0WPHrE1nPXSy-eXsMpStI183E-SgcWh8cLIH87Zs_qPGA0fwF84,Ellen Simmons,https://play-lh.googleusercontent.com/a-/AOh14Gi22XaFw2jYxdmYXN2eWLDWda-mX-IzrKPwGSWPbA,This is a wonderful tool to help me daily to stay positive and alert to my disease of overeating and bulimia.,5,2,2.0.4,2015-02-01 10:49:24,,
gp:AOqpTOHAWc27lqpmu2N3h3cB9PVMybj5VfmetMzAiNCNyvxiXdE6BaVBOdDpKLeLohDLXjSyrL-Yac4k1HsOo8o,Gina Scherben,https://play-lh.googleusercontent.com/-SjOW_90TNjw/AAAAAAAAAAI/AAAAAAAAEhw/AMZuucn7iOrMzV-LKr9t6PB26dDdodWqTg/photo.jpg,Great way to start my day! Namaste',5,0,2.0.3,2015-01-23 03:30:26,,
gp:AOqpTOHYIYTJ6oiFdbiNzGUP6E2IIgHIW1LjlIirXmYVSC1ps8ube0cDMcsrnBwD1i6xomOc9_MtoJldeTJpDYg,Terri E.,https://play-lh.googleusercontent.com/a-/AOh14Gh53zMmXBWcTXIVC_gHfcIBtR-SG6niqAGmqygdsg,"Beautiful and inspiring! I love doing research on the women who are quoted, with whom I'm not familiar.",5,0,2.0.3,2015-01-21 08:45:27,,
gp:AOqpTOG6lxPtCTYQYJXoQ1LCD0MZIbhr31XhtLVpFY8KfuFNvpfxBis5ZpihfG_WMjVO5yZQVAL26NsbB47A8F4,Maureen Evritt,https://play-lh.googleusercontent.com/-zKq7Ofgdouw/AAAAAAAAAAI/AAAAAAAAAAA/AMZuucmNt03KLO4YePiul5M0X4I6CZZyuQ/photo.jpg,Perfect daily dose of reflection and inspiration.,5,0,2.0.2,2015-01-11 06:31:40,,
gp:AOqpTOFEfrDiSfzX45FQe3HVfFn5iyf3iAc3eFKfcbcpUFnf0DiT4cGOZSpf49uSebGrCNWQVDNTpp2L17WqlAI,Drenda Murzin,https://play-lh.googleusercontent.com/a-/AOh14Gi0sZFfDPVIcWQLqbIOINo_2pHldkyaAwBPonpJDg,This book is an important part of my recovery.,5,0,2.0.2,2015-01-09 06:18:50,,
gp:AOqpTOHN7-uEPLMzrl490nxcYuGHpGtgsqIFIqVyLDfBeJyJI8ZPFNsOornl6RoWLcwfVq4IJzbjylmjLf7wt28,Lisa Swenson,https://play-lh.googleusercontent.com/a-/AOh14Git8itjsbhMBrEE6NE_dv6aTMVv2GoOJnmCA0YM91Y,"I use this app every day in daily morning journaling and meditation, and have done so for at least a year now. Great.",5,0,2.0.2,2015-01-06 03:21:07,,
gp:AOqpTOGGoTCvqrx2A26ztXHTxlYLgOF0ONusVPCHUjcKkv4b48O4ssfzpdthUeYl4ppYruBWguQ0guLjwAPL3T4,S W,https://play-lh.googleusercontent.com/a-/AOh14GiBjiUdyGwtn91eTQfLsvDJge8te0fXMRPp1rOh3g,Each reading is very uplifting and helpful. They truly seem to be the most appropriate reading for each day.,5,0,2.0.2,2014-12-15 04:25:51,,
gp:AOqpTOFZkm0YitxLcmiqkzT0iLR5EWOfcj7kJ7SDb_6EYaDgcNx3mYvRHv_Wu-dANqrcfTv43Py7qCVBvyjDeO8,Lisa Frank,https://play-lh.googleusercontent.com/-fqNbk37IB5Y/AAAAAAAAAAI/AAAAAAAAAAA/AMZuuclrM6o-_5y-CWSUblIfQ7PDzgoBmA/photo.jpg,Thank you for fixing the issue.,5,0,2.0.2,2014-12-06 06:00:32,We are happy this issue has been resolved!—The Bookmobile app development team,2014-12-09 11:09:15
gp:AOqpTOFXBffok8574iR_RAZWhka6Ggo5UvpwDFKuskvQu3LAnoHX5Ki9TInMo-XGDAB419Smw6dV01flLJS5dm4,Diana Antley,https://play-lh.googleusercontent.com/-qiutBnsWRTE/AAAAAAAAAAI/AAAAAAAAAAA/AMZuuclHQlVlarogzx1IWDjdeDwFtrIoHw/photo.jpg,"Many topics to keep the mind focused.  After purchasing this app years ago, I am able to upload to each device as I upgrade.",4,0,2.0.1,2014-11-27 10:10:32,,
gp:AOqpTOGpYhy86H583WWGPNJQl0XE3aF78epxbDcdQWrhoSJiUScgt-bWdLSEtPMxxucNkOpUIffiqqpa7dX-hmM,Stacey Miller,https://play-lh.googleusercontent.com/-PQoirIkgu-Q/AAAAAAAAAAI/AAAAAAAAiLE/AMZuucmsYb3phXGap9kWvOvo3hMXabiDxA/photo.jpg,I paid $4.99 and can not open the app to even tell you how it is. Would love a refund.,1,0,2.0.1,2014-11-21 19:26:45,We are sorry you are having trouble using this app. Please contact us at appsupport@bookmobile.com and we will try and address any issues you are experiencing.—The Bookmobile app development team,2014-11-24 14:06:31
gp:AOqpTOE4oAoCe46__p8ccs-khjk8BkoOw56eiXR6P6dYNJ78FLZDUZiZ0JD7wyp9BqAuXDG6o-ETt66ssIxRKME,maria rogers,https://play-lh.googleusercontent.com/a-/AOh14GiV8wQvJD9TAIzyoWKFVnjVpMa01a6U231YlgRCq88,Thanks for fixing,5,0,2.0.0,2014-11-19 12:37:43,We are happy this issue has been resolved!—The Bookmobile app development team,2014-12-09 11:09:33
gp:AOqpTOGY69NYclSjtm2YEQpYa1n5Yhp-oH2CRsShmPTNjuov4GfQ9MFrt6IZyPXTsZbo0qoYMv6CAlBNsWF8oQo,Bev Lovell,https://play-lh.googleusercontent.com/a-/AOh14Gi_giGMQgZcVKyWBBO-3vB12RTcs3wndDMZCdjbHA,This app is my first reading of the day and the most cherished and uplifting.,5,0,2.0.0,2014-11-18 07:32:11,,
gp:AOqpTOFm0Fe_BSBrh9R0Sc7tP-IzgWZ0Pd8aKJF58gvOoQ6EFQ07IVXLCwqtFEIU73z4iwl2TaPJnni0z3qL5JI,Terri Kruse,https://play-lh.googleusercontent.com/a-/AOh14GiKMD3eozeDZcBjzn5PM1WEpd8jo4Rbq8EeFfiIeA,I use this app each morning in conjunction with the 24 Hours a Day. Easy to use. Great way to start my day.,5,0,1.0.1,2014-09-14 16:31:47,,
gp:AOqpTOFDu3u8IfoBhRobKX2SJdybTPs_WVpUItvu-vW5AUCzoPS5EGG5rcXYcGGW20QM61Q7Te8IY5lpcSuCAYc,Julie Gau,https://play-lh.googleusercontent.com/a-/AOh14Gi7g__sEnlr8QgptwGpBRLftWSa5pwzRrJjbQtr,This is a wonderful way to have my daily reflections right at hand.,5,0,1.0.1,2014-08-29 13:26:43,,
gp:AOqpTOFLx3EB1LiYod1EoeOoErStV81Ch5WFvILxQ-sGmbgrufzbZgZKh0EwGJCkHxKU92nrWS9xEPfozpbLUho,Kristin St. James,https://play-lh.googleusercontent.com/a-/AOh14GiACgZwdNhsUdtZQRy9Gs5E4oKERvGiFwMd3_0R,Great App,5,0,1.0.1,2014-07-22 16:38:40,,
gp:AOqpTOF4eVs4ZJYB3_octvAv46xmSHUFeOPrfznW0Z8LqP8Qglmvfu0L-S9PuwMkGeWZxs6g-I8pSLZraktpQOU,ma renea,https://play-lh.googleusercontent.com/a-/AOh14Ggpghm8RlVYQk9XRAyhaa6gPG0Z3fhPeF5U5adNVg,Love it,5,0,,2013-06-15 22:49:06,,
gp:AOqpTOFBPKTyc2ySLF-MMCw1zuqBB6T64E3R3fb9fo2a1ZgK0MxXpJnEUdnZ6JcuLk0_2sLYas-RUFmH5H5czls,A Google user,https://play-lh.googleusercontent.com/EGemoI2NTXmTsBVtJqk8jxF9rh8ApRWfsIMQSt2uE4OcpQqbFu7f7NbTK05lx80nuSijCz7sc3a277R67g,Helps me start my day even if I have to hurry out the door!,5,0,,2013-03-03 07:06:35,,
lg:AOqpTOGPWW21IoO-IHvC3tmwQTJH5kCRd8aNHuOKaqgK375ZRT724wbDlAuC_5zJGKYSa1VTlQExgH7m3PYbdwo,A Google user,https://play-lh.googleusercontent.com/EGemoI2NTXmTsBVtJqk8jxF9rh8ApRWfsIMQSt2uE4OcpQqbFu7f7NbTK05lx80nuSijCz7sc3a277R67g,Excellent! :),5,1,1.0.1,2012-07-05 07:27:55,,
lg:AOqpTOGQk1LubO-B00M5u-Pk2ZnUnqmFu-V7Sx-LhX7wjHvpxHW0nk7T-105-8sAfPYq7JzWplFzLCn1jzMbaKY,A Google user,https://play-lh.googleusercontent.com/EGemoI2NTXmTsBVtJqk8jxF9rh8ApRWfsIMQSt2uE4OcpQqbFu7f7NbTK05lx80nuSijCz7sc3a277R67g,Amazing!,5,1,1.0.1,2012-02-26 02:08:33,,
lg:AOqpTOGUyby9naesOREL-2PIDiHpCRdTS3WOPbuMU1IfNNVdANw_yE8VGJZirps11d6lU31sMnu9fUPFDS-_SGI,A Google user,https://play-lh.googleusercontent.com/EGemoI2NTXmTsBVtJqk8jxF9rh8ApRWfsIMQSt2uE4OcpQqbFu7f7NbTK05lx80nuSijCz7sc3a277R67g,"Geared for women, but can easily substitute generic pronouns for mixed members. Always great material - truly inspirational!",5,2,1.0.1,2012-01-02 14:18:35,,
lg:AOqpTOHXct3LHIiI_SfyWjrTxo-G_lHX0JY2xs0tdQ86xA1sLhfdZ5yJjjtLFbfQJubMI7yg5nV5C-QiYU11f4Y,A Google user,https://play-lh.googleusercontent.com/EGemoI2NTXmTsBVtJqk8jxF9rh8ApRWfsIMQSt2uE4OcpQqbFu7f7NbTK05lx80nuSijCz7sc3a277R67g,Daily Filler Upper,5,1,1.0.1,2011-12-12 20:22:33,,
lg:AOqpTOGt34rSbJi6t4MQrUUomCp-ozA20h8PLamYL90EON4Swmksl1Omozu1CdxbytSYxasK9yb8_Ft2JQOq2zc,A Google user,https://play-lh.googleusercontent.com/EGemoI2NTXmTsBVtJqk8jxF9rh8ApRWfsIMQSt2uE4OcpQqbFu7f7NbTK05lx80nuSijCz7sc3a277R67g,I'm SO happy to have my fave meditation book with me everyday!,5,4,1.0,2011-02-23 11:53:19,,
