reviewId,userName,userImage,content,score,thumbsUpCount,reviewCreatedVersion,at,replyContent,repliedAt
gp:AOqpTOEDwmAHLxrQUx5C-F09svwapCOHQ6BMLaLt0VXVtFcrDVO5MqsL26-NuSobwXP_Y89_LXmLp6Gv5W5wGQ,Oluola Abraham,https://play-lh.googleusercontent.com/a-/AOh14GgnCaK3aTJ_il-Vy8fhDDQp2GZwQ6Etyx9hkg5GxA,"With what I get today on this update, I cannot but give kudos to you. The time lapse did not peculiarly mattered, the outcome is what is essential. Thanks for this job. However on quick check on the book of Barnabas, I have two notices to make. In Chapter 4, where Exodus 31:18, Exodus 34:28 were quoted, only Exodus 3:18 opened as at press of button the two showed light together. The same thing happened in Chapter 6 where Ezekiel 11:19, Ezekiel 36:26 were quoted. Do check and correct. Thanks",5,0,1.23,2020-12-31 08:26:47,,
gp:AOqpTOFqxblt3iudIwuSkERquXdtvhZP_eip7DMbY3negCuajbLZ3e5Daoz5gYoEpMA8k165Uji1Yt-z88d1BQ,Oluola Abraham,https://play-lh.googleusercontent.com/-rEnWjsO_YmA/AAAAAAAAAAI/AAAAAAAAAAA/AMZuucnqV_ccEvX0YblJX2NxXqptoMZB0g/photo.jpg,The full stars are reserved till when the whole corrections are made. I love the work is why I do this review. But the only snag that remains is making the multiple references linkable appropriately.,3,0,,2020-12-16 19:56:36,,
gp:AOqpTOEleajK7QAibUUig9UY4a2zGlXcC05xI39WhUyQFcePmXAOpATKcGq_wwkySxpchea3QvJCTfgEt9nS0g,Ink'd up bag man,https://play-lh.googleusercontent.com/-ciUdVgYlbtg/AAAAAAAAAAI/AAAAAAAAAAA/AMZuuckAjrTtuPu5cCkw0nw60fyK4AYWpg/photo.jpg,"Everything is great I just wish you would list what is Gnostic and what isn't, like what New Advent does and if you could, list which Fathers are Greek or Latin or otherwise, thanks.",5,2,1.13,2019-11-20 19:20:19,,
gp:AOqpTOGVWrZ2225Qj1uieAyQvdFm3XcpkNso7Evgn_SGtgOW-X7mrA_5ctlwQRey1L21utz7j9PVfxm2Ip4Fgg,Nathaniel Johnson,https://play-lh.googleusercontent.com/a-/AOh14GiG9LkKRxjTqcZ74yDx_jz_K7zB9X1PCCcweS9uPA,love the app. it's quite readable and an amazing price for the content. I wish their was a way to change the organization do chronological order and a way to highlight/bookmark so only giving it 4 star.,4,1,1,2019-08-03 21:35:04,,
