reviewId,userName,userImage,content,score,thumbsUpCount,reviewCreatedVersion,at,replyContent,repliedAt
gp:AOqpTOF_11ItdntTjLfITLDN5lpdk2T7AWeqYHfvkBoL8o9Y7D9hqrCwTBD7QUp8vS28nIO8v6CVg6vtnczLOAI,awais muneer,https://play-lh.googleusercontent.com/-DcrbaGT5WWw/AAAAAAAAAAI/AAAAAAAAABk/AMZuuclrVk3nTk73WX_ZvEI8_ZpfK5H-Ow/photo.jpg,"This is a great media App. Picks up all my TV shows when other players don't. This is like MX player on steroids, as it doesn't require any extra codecs. +1 for Clean material design and chromecast support. Good job.",5,3,1.0.2,2020-12-10 07:15:39,,
gp:AOqpTOFGEk1Hmg-eBvACL5pQ9RFdi1t37iH1FWFas4TO0MHrGl_gwW7Ql2Kq9rMMZV2vrIULMhF_N0HXq3kA9uo,junaid younas,https://play-lh.googleusercontent.com/a-/AOh14GjNCP06Uy_wNfwp2VHspmtn-PiQI4aIo9dOxBeg4A,"I don't have enough words to express how much i adore this video player. I have used other paid apps that made me a bit stressed and annoyed. This video player have super cool and advanced features like floating window, play video as audio & casting support. My most favorite part is it's super clean UI And dark them support. For this price , this video player is best. Well deserved 5 Stars. Thank you!",5,3,1.0.2,2020-12-10 00:44:17,,
gp:AOqpTOHW-G1DC-1shlZDSzTzwt1O4KHxZPPgXfwTCUMYW6tLAfvWnffjUMOClG9oc-v1wO-61Tc1262ic2idVvg,Muhammad Ajmal,https://play-lh.googleusercontent.com/a-/AOh14Gie9TqsNenFM-IHQoyErd9GcBcbJoK-RCgc_aRPyg,"EXCELLENT Job! I had around 50GBs of videos(TV series, blu-ray movies), and this video player had no trouble finding them in less than 10 seconds. Chromecasting working smoothly. Player Screen features are very handy. Thanks Guys, Good job.",5,1,1.0.2,2020-12-09 12:59:04,,
gp:AOqpTOEA37iWLKdYer2pT898wPhP_P2tKrKPIfBJszNc7qxhmQF8h-Kp1_N6TpRtVvSMpsmtIB5iTPchERW8Fcg,manuel mirancea,https://play-lh.googleusercontent.com/-fRRV5IB4_nw/AAAAAAAAAAI/AAAAAAAAAAA/AMZuucl3P4Yn5-83HlQ-LAZK907i1qc1ng/photo.jpg,Good job guy's!Many thanks.Manuel.,5,1,1.0.1,2020-11-15 05:51:48,,
