reviewId,userName,userImage,content,score,thumbsUpCount,reviewCreatedVersion,at,replyContent,repliedAt
gp:AOqpTOEqDqhX5OEyhLEUqbTzN_CsIYW9pLw97jQPQHYXXnBcgx8FnsFnazcSRj9PZZnf1y73bH-0WjUTuxh8-Ws,宮家由美,https://play-lh.googleusercontent.com/-Vx12O9yW_gU/AAAAAAAAAAI/AAAAAAAAAAA/AMZuucnaGmCmpHKx6CS7Kwp1O_hJF31blQ/photo.jpg,Sometimes listening in English.,3,0,4.44,2021-02-09 10:05:47,,
gp:AOqpTOGqHEJBlhPU3FNMJNyNteKEfjWKA7eVH8T4vfeCUEZ_1yAt9XxZBzHCIZHBlaNFJGXQQ-YjkvAEBgjkQQE,J Jrd,https://play-lh.googleusercontent.com/-sPkL4bxKCCQ/AAAAAAAAAAI/AAAAAAAAAAA/AMZuuckFC-OA3WT2b3W57ZPlstT6mmr6cA/photo.jpg,Loved,4,0,4.44,2021-02-08 07:53:40,,
gp:AOqpTOGJetvCXobMo8eZXbIVTdu0w_2NV0ELiPuAiq9ehd4Z4l6rymUARlAiPEFl9g6XHALCwf1_LHJETuLeQD4,B H,https://play-lh.googleusercontent.com/-9Vo_G1VGrpI/AAAAAAAAAAI/AAAAAAAAO1c/AMZuuclKAtPSkSiLpaqq5pQL3wYvrIPalw/photo.jpg,"Easy to navigate, I use this in Church too!!!!",5,0,4.44,2021-02-06 05:13:14,,
gp:AOqpTOHr5BfT-UcdOIK4mBGa4c2UPQdyetRd7TPqtpu9n7nAMtsNP3Q6xOwrGvLuvGRhzgDqSU0M-zg8PvAElQs,maggie riche,https://play-lh.googleusercontent.com/-CtdmD48QzuQ/AAAAAAAAAAI/AAAAAAAAAAA/AMZuuclA1hYa4UoL9dy1XjbCXs5f7SiE0g/photo.jpg,"Easy to use Does NOT crash, or have any issue whatsoever. Loved it so mich I purchased the 'pro version'. Great app. Thank you so much to the developers, and app designers.",5,0,4.44,2021-02-06 05:01:46,,
gp:AOqpTOHMq2G5v0dCpi4eyl85FB3SuubSgEBLt6sm1tGh1A-29WF8KrAYBZUuNP-pG6IZchDftW_DnKpSD22zmQs,Cathy Santiago,https://play-lh.googleusercontent.com/a-/AOh14GhOGV9YOXF4E3ywvmC3ksS2m-zAekBnEaNymR5gBg,Like that you can read along with the audio,5,0,4.44,2021-01-28 21:44:27,,
gp:AOqpTOES6QzxVe_AFBfnMSY46mzHXDhb4SNooagTmfQ7apHGDlokys8Pr98lzjVuMXFViw64ncOpAT_n4vSEbwI,Barry Foxworth,https://play-lh.googleusercontent.com/a-/AOh14Ggm3KEXnRZ_MYhcwuU8cySGU02g-Bd9k6HGZjt1,Nice looking app. Can't beat the KJ version.,5,0,4.44,2021-01-28 07:16:07,,
gp:AOqpTOFdX3kRMhgBIpiUe96T2VC-XE4fs2u0aA9AI8GdOnA6xamqnWEM92m1V0kDZkfmC6JQvRwrJypgI2WeaNE,Billy Smitherman,https://play-lh.googleusercontent.com/-egFSNz13Xqw/AAAAAAAAAAI/AAAAAAAAAAA/AMZuucmx3IevvzKpWojVk80d_09fyeKoeg/photo.jpg,Love it,5,0,,2021-01-25 08:56:33,,
gp:AOqpTOFhqXXguLHq98QokL35uFUr4XWlwVCd1VhhHbnN3qyf74jdQ6N4A0xxt4ngZag_nIuvZAxSyRVZW-1tBPA,Don Verlench,https://play-lh.googleusercontent.com/a-/AOh14GiFeJem9EBUbrgJu9_5Rh6cDnPMFS0tAF7y0lOf,"Used the free version and loved it, finally bought the pro version to eliminate the ads. Only downside is you cannot listen to the Bible when cell/internet coverage is not available.",5,10,4.44,2021-01-23 11:16:04,,
gp:AOqpTOEZCUXl-WxBIiT5V0X4lwSdQf7y-RIbyPMYxsCrA4XjqRJwIgnukjpKhIywgGKMDJQNLRaoT3LQX-R-XxE,Chad Jacobsen,https://play-lh.googleusercontent.com/-J4Aoa4cF8pA/AAAAAAAAAAI/AAAAAAAAAAA/AMZuucllt_heQpIdLvQCNrQV60rmPx-CPA/photo.jpg,Love it,5,0,4.44,2021-01-21 03:46:52,,
gp:AOqpTOGr4iqswObzxUBHcc8Ojjpuc8gmpsjKgehvabQ7I_DeVv_HL4ztHNpU7hAuLI0joeDytC3wTz8EJrhvLi4,Alfrd Griffin,https://play-lh.googleusercontent.com/-BDzIcYgnLdk/AAAAAAAAAAI/AAAAAAAAAAA/AMZuucnTjxVJx-S-GdJSeefWZvCPnNMvSA/photo.jpg,Beautiful the only thing I will have to say I wish there was a way it had a pause other than that great,5,1,4.44,2021-01-12 15:11:09,,
gp:AOqpTOH_YcY-RiPEa8Ilr7nAVZ2PlPgDvqzRaIdVYiz5iDqlG2Z3v2oAEqpByc9NAbZpFPhSu-MH479LZmYTCaI,Kevin Freeman,https://play-lh.googleusercontent.com/-nD9JH4UCJPA/AAAAAAAAAAI/AAAAAAAAAAA/AMZuuckfF6GxsAL_Uer3oG0vOwEJk9SAFg/photo.jpg,I love this app! The reader has a very soothing voice and I never get tired of listening to him read the scriptures. I have only had the app for about a week so I can't really comment on all the features. Enjoy!,5,15,4.44,2021-01-11 23:17:27,,
gp:AOqpTOFpwQY3av3WTOb28jaAYStNnoNp-bb_jXPS-WSQG4mOwugRxIbsznY_h4RN-G04zamulKYCRyoMcJ-B6Fg,Seth Desu,https://play-lh.googleusercontent.com/a-/AOh14GiTAGNJxCbi2MeJhCCKzbjFsOJx29NwMkga7eiQ3A,"I would give 5 starts if you gave it the ability to be downloaded and used without an internet connection, as well as the ability to move it to external storage.",2,4,4.44,2021-01-07 21:13:22,,
gp:AOqpTOESl7uZS54FE5vvCEZcD37Zau2plmPSzSgskXkhBFdx4CiIbXIQUMNA1UJRsILq6Hy_ZEckJCnY111518Y,TerrLael,https://play-lh.googleusercontent.com/-6vVl3ruqJUM/AAAAAAAAAAI/AAAAAAAAHJI/AMZuucl8yB5TOXA4DA2-SGQx-i6PmG_V4w/photo.jpg,No search function.,2,0,4.44,2021-01-07 08:18:38,,
gp:AOqpTOF2-OFGen_ZkyU2NFcAof2_v_bFq6XCOotXF5dsk-OKindHX0JAMaChpqAxx1XxJd-i4toIwCMYLeiBu40,Douglas Paiso,https://play-lh.googleusercontent.com/-FMMqNAmURyM/AAAAAAAAAAI/AAAAAAAAAAA/AMZuuckGihazaFtr6qTcSiydu1xDR80Awg/photo.jpg,Awesome,5,0,4.44,2021-01-05 14:54:47,,
gp:AOqpTOG_3kS81YZsERgwlaznxOo20faNQB59s-dEo-gQ4Wp-8tWArqU2c9E5yIxD5UgR8juBopatX1wzAHd7vOM,Patricia F. B,https://play-lh.googleusercontent.com/a-/AOh14GicCzL4E_NFimyaCXrCZqOFbzcsxeANd_1V2_xd3w,Finally a Bible app that goes beyond my expectations. Opted for audio version. Worth the extra cost👍👍👍👍,4,1,4.44,2020-12-31 02:20:55,,
gp:AOqpTOGJuhNFyrhwMJ0mOwsit-GOduAWCuWSbBh_J8GRPTQZK1lqLWN1_d4ZtphR-HrX7BW3AUWPuZUeQFm1bCk,Cheese Hunter,https://play-lh.googleusercontent.com/-9hrYvCZ4Q5Q/AAAAAAAAAAI/AAAAAAAAAAA/AMZuucnxyBOraKeQrAcRSabN21RaTICsvQ/photo.jpg,Very poor app. Trouble turning audio on and off. 👎,1,2,4.44,2020-12-28 15:09:52,,
gp:AOqpTOGWdyVJrd-Ed47tmrCaFY2Buefp4_wkyUA4J-E6hHpGGbn88A0getND-Ng47q78Hy3zQYGaN4JCZp_7xW8,Jeffrey Cox,https://play-lh.googleusercontent.com/-6nKjevqOIu8/AAAAAAAAAAI/AAAAAAAAAAA/AMZuucl9BzNeYJy_pVPKZ1CRxSE-03QmeQ/photo.jpg,The word of God is awesome and it is true KJV is true King James version,5,0,,2020-12-27 01:02:22,,
gp:AOqpTOELH2hb1D9hXcSPNFxDqzz7MpCWKf3vbbsj7TMgrTzLOCoO3KwrA-oNZ5ebk8VHGDTG284HkATuczMChcs,Leslie Ware,https://play-lh.googleusercontent.com/a-/AOh14GgUYvaEJ-KAHdUP-HBQ7SXef4gJ9yOfS0R5R_WnVg,I love it where i can listen And read,5,2,4.44,2020-12-20 20:39:36,,
gp:AOqpTOG2DT7ZitbGKdgFVJ7ip_viUQAqthlQjrB1vB-r-5uv8D5OYjNtzMBNjrVXd4flfVvMIEpEJJbwBDFk2lw,Patti,https://play-lh.googleusercontent.com/a-/AOh14GjR8gNhLI2tNjRSFqx7gMkiH0-muWx72Gee10jz,Very enjoyable,5,0,4.44,2020-12-15 20:04:10,,
gp:AOqpTOE9_L2OqfeZSla1sMmr-N5FsuDVR7L__I02a2Ohy6lBgNBP4bQzv06sKmCDvMBqzLxzWUJcj3ikf5kqQh0,John Wisser,https://play-lh.googleusercontent.com/a-/AOh14GhK9qX8qyI_GW7G2kG8i5zJLwvtWPZZ5W_TfUAAPA,This is a great app.it is nice to have someone read this for you and you have the option to follow along with the text. I recommend this app.,5,2,4.44,2020-12-06 17:20:18,,
gp:AOqpTOHf3bah4AkzEG_SiU-AW9gjCh1qdrwFdysL777UweAx__7aWG42Z7JVx8lULt3JgbweIgLd6Q0dQVw84y8,Chelo Rivera,https://play-lh.googleusercontent.com/-Eox-_eA9jcA/AAAAAAAAAAI/AAAAAAAAAAA/AMZuuclxuvT9GQ3O3kt22twN1LpJRYiClw/photo.jpg,"So easy to use , I love to use it to teach my grandson because I can pause it at anytime to explain it him in simple ways. Thank you for such a wonderful addition to my life.",5,15,4.44,2020-12-06 08:12:27,,
gp:AOqpTOFR2g5n7vbwS6UoYxqjZZEuy4HOhR2iLk4dwkysY0OVuIe-EidTP9fxogT7lSmfxIiLPl7kCiC3xPG3EQg,DEZEL STEPNEY,https://play-lh.googleusercontent.com/a-/AOh14GgIz3qnP1GKQaYBcckCN5G3jS9mXT3zfcgAsGnhwg,God bless you,5,2,4.44,2020-11-28 18:33:48,,
gp:AOqpTOHrMoNJjRbC5LazLmk99C06G9K_hfnVluiRnrDrrtlFXIztY43GYvo_al5Y_eyow8KngghDVnNyZ54x8Qw,frankie perez,https://play-lh.googleusercontent.com/-GYxcHLycafA/AAAAAAAAAAI/AAAAAAAAAAA/AMZuucnoTdkOsQiXakfKXhOZhTGPit5Kxw/photo.jpg,Love the app.,5,0,4.44,2020-11-28 06:35:02,,
gp:AOqpTOFMsPe6aWVscNciZm5NXh4IeQsu_TSPbeWvaJT8geYo1I91vFqKDHmxEyqOmGoEZEI_4j0EXgw6r_mfslc,Nick,https://play-lh.googleusercontent.com/-cXlBTrtr4xI/AAAAAAAAAAI/AAAAAAAAAAA/AMZuucmyBBWUQ0HGwr6F0PQfRKTHdxebTQ/photo.jpg,Perfect for listening in the car. Only annoying thing is that there's no bookmark feature to save your place. Otherwise great.,5,30,4.44,2020-11-18 19:49:40,,
gp:AOqpTOFtjO_U0AwI6cZeaogeZkyXURMzqh0HxKYi5KffJVm76B2Eng9072jtH520ulrzqPUqMyRsTm2DZpi3aeo,glz Consult,https://play-lh.googleusercontent.com/-bqh9SfAJFMo/AAAAAAAAAAI/AAAAAAAAAAA/AMZuucmXQ5Dtt5ELGofIwQrDWhZsIbtYJg/photo.jpg,"Easy to use, live the audio reading",5,5,4.44,2020-11-18 06:04:26,,
gp:AOqpTOHm73kl0uNvLlMZCYBocA6fvN1QSJ4AKPjIHDBRdMpesxwfssJ57PZFRN_U_jL_ewGDWbSo2BgE5K0r1jk,Felix B.,https://play-lh.googleusercontent.com/-TxQkBzSnZnA/AAAAAAAAAAI/AAAAAAAAAAA/AMZuuckRxk1qtHpgjRX4YN7K9tJThSsixg/photo.jpg,I like the voice; it is matchless. I would have given the app five stars if it had a verse-voice navigation tool and bookmarks. The app only plays chapters. Jumping to a verse to play related audio and stoping the app from playing continuously are hurdles that need attention and fixing.,4,42,4.44,2020-11-07 04:27:20,,
gp:AOqpTOHgudMrLblYl-gZIhCjxt20laNTjOv_dfTuJAkQYuyM0sojfAqlLnPa9CAabsOfrFmidbSXEupg5oSfAzM,Loyd Noack,https://play-lh.googleusercontent.com/-61Ri-l_DHIY/AAAAAAAAAAI/AAAAAAAAAAA/AMZuuckHLMRfit1-YowhXShBoFAYwBZJ1A/photo.jpg,I recommended y'all to all of my facebook friends!,5,0,4.44,2020-11-06 23:56:24,,
gp:AOqpTOF7zVoq4hIN0JWi0bYDswbeaSDTYivLOs0TGNTsVHRqfUNzqGaEZo-CsedWhBQgjWqst3epOZruwM9V2qU,brian Phillips,https://play-lh.googleusercontent.com/a-/AOh14GhfSv_-zC8qlo_5af7IOeVO72ih9IboTLwH9Ffd,Easy to use and great narrator,5,13,4.44,2020-11-02 04:16:42,,
gp:AOqpTOFyq84TVxy9V7UARN39PB7vkk1AHUzJOwDRAw2rxsIX5Kqrk-9TeLv3QX69aIvCPjHas1ksWMkxjliFaCk,DP Wolf,https://play-lh.googleusercontent.com/-9ZaW1kUA7wY/AAAAAAAAAAI/AAAAAAAAUsk/AMZuucnCZo4EPuoz_khS3mH0_58FPquN7g/photo.jpg,I love this app,5,0,4.44,2020-10-30 10:53:03,,
gp:AOqpTOFDZcvRgIBQOVkCisvPaUhwzVBTZS2iDAYVByvNBOVq7p44ij4RSf_cxErn31_JPq85IFSJpowmQZQOMrY,McTime,https://play-lh.googleusercontent.com/-vnHyPOaxFng/AAAAAAAAAAI/AAAAAAAAAAA/AMZuucmAc3jx1i5cYRdobk1prxA518231w/photo.jpg,I don't like that I have to open it 2× to get to the book without advertisements,5,17,4.43,2020-10-21 17:10:34,,
gp:AOqpTOFJ2OAmDDmxjtEPA2vtIl2wRQQyGwOcX--m7NVPKmaQieKWLMMF1Vh1Sv45_R3WNIClJyL2uTZ6PNKN_4Y,Justin Hopson,https://play-lh.googleusercontent.com/a-/AOh14GiTThYKAfZVTkhnG9z7eRyMX_ycUsEtOk0sIf2q,i love it i fall asleep almost every night listen to it,5,0,4.41,2020-10-15 12:24:35,,
gp:AOqpTOGIDAYjF5_E-GV3aY9bGCMXnLfgP7kYB6_2KZZUj3jDm5a5ZMjTL0dIZO99kUKKjCYG-hdiTUMnFIyPNUw,Lamar Shegog,https://play-lh.googleusercontent.com/a-/AOh14GhyqE41VJltrcYHBxiSvE8Ap2r3R1B53iCJA6rm,The audio for Psalms 68 and Psalms 69 are reversed. Psalms 123 is labeled 23. Correction will make app great,2,1,4.41,2020-10-12 04:08:13,,
gp:AOqpTOHu9hzgUTDHWyF_vi8c8JLO5ySbBGJtGvmPBs0mzRk6AYxOV2GE_k1T4ZelGrIcfHdW-OSU-bBjODTlKg0,Qui VeroAmat,https://play-lh.googleusercontent.com/a-/AOh14GiLQ-TWJU7XJAlsV6Ty06xTrcOEfqleZ2EN1QLs,"In this app, Alexander Scourby reading the KJV Bible and I love it. App is simple to use. I used it a free version for a while and a few other bible apps available for a trial, at the and I purchased pro version of this app because it's what I like .",5,11,4.41,2020-10-02 08:26:52,,
gp:AOqpTOEHsEpABUY__OGD2PQ_1MFlhCqBWS4Zkz9JtvBL4pTPJblE4kLreNQu01TOf9DW00OO3I-DlUv4eA1vb5Y,Alfred Banks,https://play-lh.googleusercontent.com/-070YcHbxGUc/AAAAAAAAAAI/AAAAAAAAAAA/AMZuuckNuUhqR3wTANyq0-mC-P_MAzyYSQ/photo.jpg,I like this app but stop asking me to rate it every time I use it.,5,0,4.41,2020-09-29 05:14:37,,
gp:AOqpTOHaCAWzb-AzOQV-x3tLrP70as9_OS9snBDaLSboGzUDe6jDKOS4IsK8srrnGXqPjfF4xIBAEAfeU5Ep6po,Patty Tremblay,https://play-lh.googleusercontent.com/a-/AOh14GhZQyJE9wqbLr-4lvu7oSry8mD1vViO52QlJh5AjQ,His voicecis clear and easy to hear and understand.,5,3,4.41,2020-09-14 17:09:40,,
gp:AOqpTOG5I2ljYAlrjxlCBQdehKMakkTKNZOZ6VaAFKDIC68T_x-7WrFuZv_eseXPJZYYolpvWV9vbqzqvHZqOpM,Louis WAUGH BOLOY,https://play-lh.googleusercontent.com/-XUP7XMWaSjA/AAAAAAAAAAI/AAAAAAAAAAA/AMZuuckQOQw9ekHyWMw2xGjhgW9RJbku2A/photo.jpg,It is great not to have any apps interrupting your reading.and the background music makes it more pleasant.,5,6,4.41,2020-09-12 23:27:41,,
gp:AOqpTOGGPfEK0epT4MyXed1WZdpRSS3ttpSrajF446KfHOFQ_DLoAODPlfvAo8DIdEDPYwoyhtbEW5WrX8M_FLs,Martin in the UK,https://play-lh.googleusercontent.com/a-/AOh14GgRJ1Uw1M02SkZh8wWmlInAefVMi_qu19j-TXo-2-A,A frequently-used app that performs faultlessly.,5,1,4.41,2020-09-11 05:28:54,,
gp:AOqpTOFzV4elmwjmKr5T3w8ydZniyr-du3Fn9WVcRexw-Np3auRB_O5PmQFq_uIefJwKFmgkti3j6sla6JB1fj8,abs jakson,https://play-lh.googleusercontent.com/-tdoX10Kbd1U/AAAAAAAAAAI/AAAAAAAAAAA/AMZuuckNlquwKTlnt4zGoq1mEM_FWC_B1w/photo.jpg,"Best version of the audio KJV Bible ever.Thanks for your time developing this app,I appreciate it very much!",5,6,4.41,2020-09-10 21:10:32,,
gp:AOqpTOFokIVsrZlxC3i84VIeTk-bOrtMT6YLZgvdCUv7pAkEeWW9hI7bwWq83jGMzFp6hH4J4fv9itjadUkS3eY,Robert Johnson,https://play-lh.googleusercontent.com/-PfiNy-j6vrI/AAAAAAAAAAI/AAAAAAAAAAA/AMZuuclm9oA5sJJVROwJAYMc7GbARkn66Q/photo.jpg,Excellent app.,5,1,4.41,2020-09-08 19:56:32,,
gp:AOqpTOEQZJxB6ydgMj9hKKd_JY6S752VZwT67w5K9EEbkSeyjDZDaRK_GFvMYZI4ang3qYF5e1E7rLFgzG9qDzs,Rob Nestor,https://play-lh.googleusercontent.com/--OrrIJAj8hc/AAAAAAAAAAI/AAAAAAAAAAA/AMZuuclCEWTlydr78ASWoWpeRjUcZY6AcQ/photo.jpg,"I really love hearing the KJV. The dramatic effect here is great. My biggest complaint is the lack of the ability to have some sort of bookmark nor placemarker, so I can come back later and take up where I left off. I forget where I was and it makes it hard if you are reading through the Bible.",4,28,4.41,2020-09-08 19:44:46,,
gp:AOqpTOHjZs59FHWOXd3J-IT0vm9Zwe-cZOMnNu5aLnklhlLQxQA4HkPxyXAFVUxpEKQB76XeSjcX3r-7mToL-IY,Sweet A G,https://play-lh.googleusercontent.com/-1za7qgEgoEU/AAAAAAAAAAI/AAAAAAAAAAA/AMZuucnkiOQvnTz9_A4y3xS9vS6VIiJTNw/photo.jpg,"Just what i wanted in a bible spp, no ads!",5,0,4.41,2020-08-30 19:37:56,,
gp:AOqpTOE_bfIY1CTBY0ES90Kx13jqbNUXiLEDph8vRsUTaLs9vC78CgjbxUBv8XE3Ivf6c6rWSu8tOBfJhz12XPo,Michael Abraham,https://play-lh.googleusercontent.com/-dIHl9zMBIFA/AAAAAAAAAAI/AAAAAAAAAAA/AMZuucnPceuqh4_AGiiD9_OxGKE-RvCOIg/photo.jpg,Very good I could listen to this all day,5,1,4.41,2020-08-15 07:01:51,,
gp:AOqpTOE6jg9t6lL11IgvQXH7e5t3KOqHrC2ruWmTElo9vfihoGdNSPf4C28Bv-L_CgCOANxzSgO_db7DJOuoQH0,Joe Terrell,https://play-lh.googleusercontent.com/a-/AOh14GiYL5ULCMkXX1h1l59iA3_sve4cEWq0E5xNYkV6Eg,Really helps read and understand,5,3,4.41,2020-07-27 11:56:02,,
gp:AOqpTOHA13C7xuOJtWm21cTRi0Dm6eNrChKVpEoqaUZhEh1-7II6L_B7gNhl8dY4kGSfJd5g8Zw_AmEjduUkDxw,pautof,https://play-lh.googleusercontent.com/-DCoXIj0XWJo/AAAAAAAAAAI/AAAAAAAAAAA/AMZuucl0ShnbUd6hheGvd-rDaEG5j1KwZg/photo.jpg,No flaws observed.,5,1,4.41,2020-07-25 04:19:41,,
gp:AOqpTOH14cnaiP-kfWm3HSGuem1sO4mNPBHsoRz1R04O1PaOCSxZcj_I25R9aIQQI86RHbiY0gjIJONfjL_UGZk,Al Ditto,https://play-lh.googleusercontent.com/a-/AOh14GguV0XYV27ozYaXziPbjdKHAt4U5mt4-lNdUtm--g,Perfectly good to read and understand. Thank you,5,0,4.41,2020-07-22 04:49:24,,
gp:AOqpTOEUEc4dxyAjAS7toFvBj_p6oGeoAxuh-k6jO6VgNLKDpb_OyAVanCGMb_JO749B-f81HPvx-7ae7pR58yM,T Fp,https://play-lh.googleusercontent.com/-N3HkGs0GZkk/AAAAAAAAAAI/AAAAAAAAAAA/AMZuucnqElGfEVFYCdwbhD_YwZZFGFXsRA/photo.jpg,Great app!!,5,0,4.41,2020-07-20 11:41:28,,
gp:AOqpTOEjaCXpV1auFVTv0VBg-4XJm41CEg-nol9DktwqbNP-JIYhU842kCnkhi9M6CRv0QoA8zHCf1Ih8mGbuYQ,Tisa Harris,https://play-lh.googleusercontent.com/-SSQ4M1Aqrlk/AAAAAAAAAAI/AAAAAAAAAAA/AMZuuckGJgKoZKWjeJHz8m8v1Q2qwuWTVA/photo.jpg,"I love the app, it makes for easy reading and following along with the audio.",5,15,4.41,2020-07-18 10:58:02,,
gp:AOqpTOE7x9D2Grrf3izhvxy-iuKYp0TmZb27adoUPNBLHHw32zWLnBVpH1x2ofvXq0kAeNvqIpTZH-DBONheNEg,cristobal977,https://play-lh.googleusercontent.com/-RIyu2EsFBdo/AAAAAAAAAAI/AAAAAAAAAAA/AMZuucncxrlUQRBUScOq7jcORzuQdRuPMA/photo.jpg,Fantastic. Great reading by Alexander Scourby. Inspirational.,5,1,4.41,2020-07-16 14:08:44,,
gp:AOqpTOEBxWC-xFFQmb7HiQtLRqK-FxEjVp7LeWniDT79B_VPH1h3xsZ1IMR14CTsMj9ydxx5Xh8xDUa-qQoywJE,2KSportsEASports GRANDTURISMOSport,https://play-lh.googleusercontent.com/-aJ-H2UYhXZ8/AAAAAAAAAAI/AAAAAAAAAAA/AMZuucla5KVCJaVSItXKKG43U3y9c3FgNw/photo.jpg,Offline please,5,1,4.41,2020-07-12 04:44:16,,
gp:AOqpTOHeMAHMY0haWKnmPazF8KG6LVF-jeeo-wIvnp7tVl5NhwhTqXWtdEy_nAK7hSM5PLs2UiN50A6jK3LvrVw,Loretta Davis,https://play-lh.googleusercontent.com/-yhrfCBd15aI/AAAAAAAAAAI/AAAAAAAAAAA/AMZuucmbckxVlZa0ROCHBYeNzbaGGhf7jQ/photo.jpg,"This Bible-App was simple, easy to operate.",4,1,4.41,2020-07-11 04:55:35,,
gp:AOqpTOHTazv7A0bhT1iQ8H5SqRSj5cu1TAn2zftRa1n1v1ogTBb8vKM7wlohpWMV39OubAnMZJ_xsj0W1oY6Cfo,Nathan Carmo,https://play-lh.googleusercontent.com/-XLNFdJZ6Fhk/AAAAAAAAAAI/AAAAAAAAAAA/AMZuuckHkOFFvMYrXgx0vohSM6i61xu9Ow/photo.jpg,Perfect so far.,5,2,4.41,2020-07-10 07:55:40,,
gp:AOqpTOHz4H77RL43GcLaaRuXUZ5lX5z8oJG3FmHhfMPvRWcW4B6ow68IQLcqkOllzkIAxDBfFa3RV0Z4yZ--twc,Matthew Walker,https://play-lh.googleusercontent.com/-84VviRerrRw/AAAAAAAAAAI/AAAAAAAAAAA/AMZuuckJQhDmuIJVUbBL9GYERiYWU0TPKw/photo.jpg,Anytime I can hear the word of God it's great.,5,2,4.41,2020-07-08 00:37:16,,
gp:AOqpTOFJODQ1LlyGp2WRHF1dQ2xaV7LzS3CkJfjJ7sw8UrZ1qs7XcpQ9LQp6bJyobSMaHgIKfmuXL-CLfTuA-nk,Pamela Buchau-Harrington,https://play-lh.googleusercontent.com/a-/AOh14Gg2oiNekvvfWEv-tOVV0ZBmbBpBAzLWV2Ez9Rgp,It's great I can either read or if I'm in the car I can listen. I'm glad I spent the extra for no ads. Great app thank you,5,29,4.41,2020-07-01 06:10:34,,
gp:AOqpTOGwFtiZInSxqPAYh6KpFJfoBiT6gnF1_gLG5Rr-VgZ4cSesT51UD-IRdsNZ2GVJ8tijPHIfRylsGrJ8ZlI,Patricia Herrera,https://play-lh.googleusercontent.com/-470qwT_hrDc/AAAAAAAAAAI/AAAAAAAAAAA/AMZuucl3j4ZG-kLZDZp9lQtOqLZKB1_pNQ/photo.jpg,Change my life,5,0,4.41,2020-07-01 01:49:01,,
gp:AOqpTOEAFk6hpz-aDOh_NC28Af43o57hy5T_RREZjJL5saT4lf2EpQLELPUEVgg9P1c-91VOcm6CxhHAq5kxU7M,jeff walls,https://play-lh.googleusercontent.com/-LP_4ycE-IJA/AAAAAAAAAAI/AAAAAAAAAAA/AMZuuclYioDh61YbVUOGzkbB_xeEMoPJug/photo.jpg,Very nice audio Bible app. Thank you !,5,2,4.41,2020-06-22 19:20:23,,
gp:AOqpTOGegv63dPuUXB7Bz5Lngaey2DYO0ffYcoVMIDFfkqp9PpEjifKviSG4YuvFl5X-I43PlJvvZHsOrKmTc3o,Glenn Gambrell,https://play-lh.googleusercontent.com/a-/AOh14GiJO1ieUZdoc_doWK8c0BwqewhKmcCT-iD5_-DY_xo,I enjoy the speaker's voice. This version increase's my memorization.,1,6,4.41,2020-06-13 04:24:07,,
gp:AOqpTOELvLkTwMf1vybDElJjT7mM8ol5SuPJva4AqaXSKqo88oZcQN9lta5eeSsnZ-bvxEqLoiQyr-A2lrPi-Mc,Debra Gambrell,https://play-lh.googleusercontent.com/a-/AOh14GjFTrgW4CVXIq7_tINQPVgaObc8vSSHIV5o0mVHzg,"I am fully enjoying this app, I would recommend this app!",5,1,4.41,2020-06-12 05:38:36,,
gp:AOqpTOGqKgWKLW0zLlpIYpGaOkmSaNC_jwNdIqMtg-WSZBe1pB03yv8vbDDuRia1jh2T6fAuAF0wZCYb4y6AF3Q,Pothga Phillips,https://play-lh.googleusercontent.com/a-/AOh14Gj0wMDTYchx6K25p9tE3fZNTjANs7sPPHQWW4UwLdE,"I'd like a refund of I can't down load and listen off line for the pro version, 4.99 Super basic. This doesn't keep your spot. No place to keep notes. Doesn't open to where you left of our shown what you've listened to. Doesn't have places for bookmarks to bookmark for your self.",1,33,4.41,2020-06-06 05:21:56,,
gp:AOqpTOFZzoY3I84LI0rIs9_T1r-aNK91wVo6RTN2O7PTv0foXqBPwrTwvxtqzRlbH7ls6NtN16lYntvwRIKGsiM,A Google user,https://play-lh.googleusercontent.com/EGemoI2NTXmTsBVtJqk8jxF9rh8ApRWfsIMQSt2uE4OcpQqbFu7f7NbTK05lx80nuSijCz7sc3a277R67g,Love that it reads it for me and I can also follow along with written scripture.,5,3,4.41,2020-06-02 08:19:07,,
gp:AOqpTOEW8VaP7E1bgoVUSzZH5JbxshnwOEFg38M2K456C4Nr6AUL4YanHi6xLDqSIG4a0Cji_oqKjacEu-6MMCA,Gina Faust,https://play-lh.googleusercontent.com/-3cK2vY6zRF8/AAAAAAAAAAI/AAAAAAAAA40/AMZuucm9ZroXFZnDYI6F6Df_axb8Oh8lVg/photo.jpg,Really good kjv app,5,0,4.41,2020-06-01 18:55:53,,
gp:AOqpTOHaUjaa89VyutSCvgA54NGfncF8utNo8gfHlDQ-BukGOJOEIHag7VeDBnxR-aT0gnbl7M10QceFRG_bG_M,W. Richard Lovely,https://play-lh.googleusercontent.com/a-/AOh14Gi_KTr_qzSGKM2C0J6b5mAg5mic3GymHI10Pa2M5Bc,Good application for listening and reading God's Word for the whole family. Thanks to all who developed this great Bible application.,5,3,4.41,2020-05-29 15:24:43,,
gp:AOqpTOFiYoHWhCy0cv-3FydX3K9wdabIp0Fv8uwkwGOzmCJvsAdDKXvww2SbLIDS9mLFBfuc5P_s6i4zc0HUkqw,Dalvin Areizaga,https://play-lh.googleusercontent.com/a-/AOh14Gg7IKOw3MxcxKXPdBFn0j9McbHuGB92w05Anst6UQA,Very nice.. it's nice to listen to Gods Word when working. Constantly recieving the water of life that refreshes my soul.,5,7,4.41,2020-05-18 09:09:47,,
gp:AOqpTOHb63sR6VzsqSM6T373bUm6JsUl9C8lwQdiA_hMi9919-GrKdF9njuA_nzjmyGOw2ba95ax4rO9ag_nxww,Patricia Maddox,https://play-lh.googleusercontent.com/-OpthyY3heac/AAAAAAAAAAI/AAAAAAAAAAA/AMZuuckLM2Od-dM_0kUSCjnrER5_arp4cw/photo.jpg,Still a good app so far,5,1,4.41,2020-05-18 02:44:18,,
gp:AOqpTOHgmmXgkosND9H00V44GeROxr_8aHmIyx_8O_efLIUu6J0BAGQa_uz9zSwWAVowzH2yuX6O6vzj1ylkk_w,Renaldo Evans,https://play-lh.googleusercontent.com/-KAf8jciibhU/AAAAAAAAAAI/AAAAAAAAAAA/AMZuuckDUWQ5uZUiyNPOyZrfK9dRmh8K_g/photo.jpg,"I wasnt able to bookmark passages and you no search for SOMETHING in particular, like fasting! I am not going to delete it, but I have to download a bible more useful!",1,10,4.41,2020-05-17 04:29:41,,
gp:AOqpTOGL5NtiI715uXDDfchEqRuwIYaBF8qEqoFCdDij2iZKVi3fGJnvsUgAMxJBci1HAOf75ji7AQwhiez1bB4,Joel Allen,https://play-lh.googleusercontent.com/-2hVWkLLqXxo/AAAAAAAAAAI/AAAAAAAAAAA/AMZuuclTam0bwYvO0JOLXz4LbmW_AIloEQ/photo.jpg,My favorite app of all!,5,0,4.41,2020-05-01 06:57:11,,
gp:AOqpTOFxwERVtiRb3upqS6vjfGv6iF-3U9sca76O1UHZ0rlx3WxxPhZ1QXXSRlqyjbuEsSbzY-26Snt75iBkb7k,Esther Martin,https://play-lh.googleusercontent.com/-URxhOMdweUY/AAAAAAAAAAI/AAAAAAAAAAA/AMZuucnKC3PIz3DZO0IXsGio5emRHRx5qA/photo.jpg,It clear no ads. One can select what they wnat hear. I would love a repeat button.,5,12,4.41,2020-04-30 17:37:02,,
gp:AOqpTOFOtf9h4QsIlZqCW6btp_BGUJhScfXm9eReLyCq3IXaZbI_N0ILRJFWNtuFQqwXktDCQewA2ebxw0CviHA,Sunny Dhillon,https://play-lh.googleusercontent.com/a-/AOh14GhMvPLOQe84M0v1OKCdiqP-7Ega43FDusBXNExuww,Great experience,5,2,4.41,2020-04-30 15:09:29,,
gp:AOqpTOHjWiuEGYjfSVL20idGMNiXHTZ9wT343R1coz-_wqDwJgKOJ24N4Lh5OP_6XzjRLsd7Zjdxk3A_L_hddbY,map p,https://play-lh.googleusercontent.com/-0f8K_Wwy5to/AAAAAAAAAAI/AAAAAAAAAAA/AMZuuclCOYC_J_ILXx0vz6OR6o0IpOGmUw/photo.jpg,Love it!,5,3,,2020-04-20 00:02:10,,
gp:AOqpTOE0S651Gx-RaikW2EfePdUdk_WZpEfDtygwD6HE-rEAwOggiyNYNNTZDzgLQogJ0HK6N8Vk5h33HGBi7ug,Forquetta Cooper,https://play-lh.googleusercontent.com/a-/AOh14Gi7DierC_cvGQb0wHY3G85EL1wP1VQBbn3z_upkcQ,I love listening too the bible. I hate i always losing my progress bc it dont save it can u please fix bc i bought the pro version and im not getting wat i thought i paid for it to automaticly or refund please.,4,10,4.41,2020-04-14 09:24:12,,
gp:AOqpTOE1Vkf1p1VZn0dfDAScsgKKfOtXYbHUYNteSZp41zIaJI9-HypzpNxDskqOjIv4xqowNQ2XNtCObSLJMvU,Rick Mannon,https://play-lh.googleusercontent.com/a-/AOh14GhKobz9AweoCuFwvM56UfMLt_tPtoPDPFYdYT4djQ,Easy listening with this pleasant voice. This app is very easy to maneuver. I didn't like the as do I purchased this Pro version. Thanks,5,26,4.41,2020-04-13 06:33:56,,
gp:AOqpTOGve57O2LMp8yne8pxP1hOu86061BaPfK6TaFWZYr8D27wCjKPOgrsJi8WH54kpwCNkvflnkbNRDL2tdig,Chris Ward,https://play-lh.googleusercontent.com/-QxzMcaS54V0/AAAAAAAAAAI/AAAAAAAAAAA/AMZuuckXvLLMZqsBgpnC7RXcUj7zo28B_A/photo.jpg,Love it,5,0,4.401,2020-03-30 23:18:53,,
gp:AOqpTOGI3N4iVs1ew7BCOUu43pu7haWmSRNe-gzveq_cIYgixE7zweKDiBr6srUdl1sACBylLA2gtNAmibZci8w,Evonda Bryant,https://play-lh.googleusercontent.com/-01zv-6Dyknc/AAAAAAAAAAI/AAAAAAAAAAA/AMZuuclWyi2uwMq_pK7ntsh8VLtG8RxOsA/photo.jpg,Great bible app!,5,0,4.401,2020-03-19 04:43:22,,
gp:AOqpTOEY9t40MytYs5LmTVWPQ4Afy-ocHrUheKIT6HU4U9sJI3UE9eC7mKg0Lh0brqmq6zU1Zqt7GcDlatyPDVg,Merry Jane,https://play-lh.googleusercontent.com/a-/AOh14GjiOtdcENzUbSYx3fq67meHJtV_0QVta15dC7HUhg,Nice,5,2,4.401,2020-03-14 09:25:50,,
gp:AOqpTOFuEzdcMF2Ddvo6N_SMViA07K_62LT2BTuPYJZAn80cXQabT2MwejeBSz5ms0OePYiRuKC_3mb5O7MG2KY,Ibrahim Napson,https://play-lh.googleusercontent.com/a-/AOh14GiqwAwojlUKZfpsQ7xK13eQOGSnIiKcx4iw4PD3qA,"Great app,",4,0,4.401,2020-03-12 03:02:01,,
gp:AOqpTOGluTTxu-ib37Kn3sdlYFtEhhLOF4ze0meAL927yvM9UUEZmTvMkVVG3Lqz7DAtJK1bD8JLe-TCOXTdsDk,Clint McCaa,https://play-lh.googleusercontent.com/a-/AOh14GiaXhR5MmtaxbCoph2YJ-noC4H9ZYY-zg1a_YIE,"Great, would like to have option of reading scripture while listening like this free version.",5,18,4.401,2020-03-11 03:41:28,,
gp:AOqpTOGGA_Bc18sNCwEfna9hUS5jN7X7QtxmCGazxMbxVA8czdQyPX7Dv93e-IYQi_9a21-Ho_1RSFkNSkLIbXY,M Wilson,https://play-lh.googleusercontent.com/a-/AOh14GjRO7aJCsTzFDRqFVmWOl6ekr0WP5vMH7c8mMl6ebQ,Love this app!!,5,0,4.401,2020-03-11 03:14:46,,
gp:AOqpTOERZeUXnMDvRJJWCWvEfPzdLu-PJkJRZmrjFNvZBfznzCQ2w-7C0TGKdz-3dJbwlb02O1b7a5jEtuMfgyk,Richard Sweat,https://play-lh.googleusercontent.com/a-/AOh14Ghm5Z85Rl2FUh_mKmCj7vnI3DPnlL2Gey-0XBC7,Of all Bible readers the best two are John Rys Davies and Alexander Scourby.,4,2,4.401,2020-03-08 08:15:30,,
gp:AOqpTOFosW9rv-Ns8ere1borEpqhNzcv9isli_gpPtmJnDA8-VbCs61BAumieKY8bDlkQwaROphWn3Pqj-wQWjE,Tyrone Turner,https://play-lh.googleusercontent.com/-VnKzP3VGhHU/AAAAAAAAAAI/AAAAAAAAAAA/AMZuucljFnabGkBQIpOZDnF9lvulqncp0Q/photo.jpg,To,4,1,4.401,2020-03-07 06:28:22,,
gp:AOqpTOHkNuX4WsajXwFDaJ2BM1dP8vx0WN0KmnBYsRWcFpamtiIcPSMWX-qTSlefHSjNHdtCUnLqf4JXzmQCfVM,David Ing,https://play-lh.googleusercontent.com/-WivgM5PEgQ0/AAAAAAAAAAI/AAAAAAAAAAA/AMZuucm_sEdoS8fJVMdHH_7AV55BFIQAVA/photo.jpg,This bible is great. You can read or hear the recording.,5,13,4.401,2020-03-02 09:48:26,,
gp:AOqpTOGvnv27A9-PhvjBzXkmcK4hl_g20WTXhJq07v5FM4OeuNnEwX1zv6ZGoHUW2pvQAjIX4TdvWrJQzGzJlS4,Amos Peachey,https://play-lh.googleusercontent.com/a-/AOh14GjJoxAw23aTz4ku0hOjsbh4Ewla6Y8bvUh1b15wcQ,Great app,5,0,4.401,2020-03-01 19:25:35,,
gp:AOqpTOGfJtuDKHWoWsKilBew8MZ7sZ0P1z5CniK7dEWYlyrCrgkqM42HEo-eZt2IC9uXlEOXoLwiLRTn92GapmM,billy stewart,https://play-lh.googleusercontent.com/-Teb2w7iTXtk/AAAAAAAAAAI/AAAAAAAAAAA/AMZuucnZ0EVDSMQeyTb88TqYZcdR1ih5wA/photo.jpg,"Its great for a study tool , its a big help thanks",4,2,4.401,2020-02-27 03:33:29,,
gp:AOqpTOF4J_D-ukgxKeoJQWEJg3jQjD6Ii8HCuLCcl3ewqtr6N3MXcUBQwxqZ8zMA46AaTpXvLqWUkoIikgb-ZYE,lightfootgreen,https://play-lh.googleusercontent.com/-OJENo5Ga2Tc/AAAAAAAAAAI/AAAAAAAAAAA/AMZuuclHCTECUMr3U9UIobvDfEuKN0wV-g/photo.jpg,It doesn't work offline. Buyer beware. No refund policy.,1,13,4.401,2020-02-10 21:28:18,,
gp:AOqpTOGAa6_A7Hnx_kzIwD6m7LA8_-bC6_AKxhtTJt4gwrVp35J_WnZfttGhNt47MMrwlkk3XNkjTDkQzYGG-A4,Warrior Of The King,https://play-lh.googleusercontent.com/-KM4p-KZlNxU/AAAAAAAAAAI/AAAAAAAAAAA/AMZuuclX_73QylwTbHJjAvyQLx1edeM1DA/photo.jpg,Excellent App.,5,0,4.401,2020-02-07 02:59:38,,
gp:AOqpTOHoR1fVjDs-FYwWSKWmSban6nCo6uQ8tIGoilXwrIZRCXN9ME5r8zYw3p6ZGq3UnHAFp1yhYVlTx6K9_3I,Timothy DeMyers,https://play-lh.googleusercontent.com/-jkS3uDA_12I/AAAAAAAAAAI/AAAAAAAAAAA/AMZuucm0zmMDDrSZqQiDm2AqAF2BqLbUeA/photo.jpg,Wonderful,5,1,4.401,2020-02-04 13:45:19,,
gp:AOqpTOEyXPyg7Iyi6Me2VOhXPRw98F24aeXwm-arfD9XCWqRif_qc6H__apwW198_QEJaHRu_cjR2blM-uHidcM,Kevin Fergusson,https://play-lh.googleusercontent.com/-KYJtAdU03gg/AAAAAAAAAAI/AAAAAAAAAAA/AMZuucloe-VJSx9eGJDwSeLcVwxUGyFTdA/photo.jpg,Works great when internet is fine. Useless when no signal. Need files on the phone.,3,16,4.401,2020-02-01 14:37:40,,
gp:AOqpTOFDM_TpMfY_t_DJz3HlSHL-ro3C4cGK7gyS1guwKBj8VzlhYLeXlm48A2Ow8Q19913PsnL7cTZV95C-_DA,John Hutt,https://play-lh.googleusercontent.com/-zQ9S_GZdea8/AAAAAAAAAAI/AAAAAAAAAAA/AMZuuckwIVUi1CnUPpk-AjQkAT87-2FiZA/photo.jpg,Basic bible app,5,0,4.401,2020-01-31 00:59:51,,
gp:AOqpTOGYWC1mbM52BglJKbHDFm9jX2pKwKpF7SYGCtu_8-nm4vicuURaQDEKQ5Ei4oqBK_EM-V0H6VCuVi1z_80,Joe Jo,https://play-lh.googleusercontent.com/-4FCZh-naosw/AAAAAAAAAAI/AAAAAAAAAEI/AMZuuclhJ9t6SKi65tNBW_GDrCPqgJX18w/photo.jpg,Very nice voice to listen to and easy to use. Thanks,5,2,4.0,2020-01-10 19:50:58,,
gp:AOqpTOEaNJOeuO_eTNKXYMH9d1CK8rW-PdJkGL_7Sk5y-06Ere8YHlJalGDKLz-xwNJP9YOI9ue1jntNJ7ivD_A,Rulinda F McMillan,https://play-lh.googleusercontent.com/a-/AOh14Gh9WgqO56dY9weHgO9X5ONTgvJCcyZJPxaagdzbPg,I love this app!!!,5,1,4.0,2020-01-10 03:11:10,,
gp:AOqpTOGAObZ7p23LHAevKy0zHOQKgd5837O8kJz5BUkERwIiUfGc4Ey8Yds7LyaJdsh3lUGjsbV_y6x7NiJpyNU,Valerie Allen,https://play-lh.googleusercontent.com/-DKmA1a2rrC0/AAAAAAAAAAI/AAAAAAAAAAA/AMZuuck1RwBCGiT1UZfTch9zVcwC80mwBQ/photo.jpg,God's Word is Life!!! Thank you for this app. & God Bless!,5,2,4.0,2020-01-09 06:32:00,,
gp:AOqpTOEue32CsG2cP0fti7tH7JrsjHMR8PIp1hXJhG81wV8YCeFcx_YFZZE4IOpQ3B_gRMeXH8xQ2On-oYKvej0,James D,https://play-lh.googleusercontent.com/a-/AOh14GiSNpDcDdzQPS0JAfOVLgjj4Gars-kDn25ZT2-e,No offline audio no reason to pay,1,28,4.0,2020-01-05 02:39:49,,
gp:AOqpTOGukm05CYJvYdx4UvGKIHLpmkN2hjkke8zIfQecBKVYMrtWZ0lDNTULYt41d5DCFPYSzW_dG9XFlbDC-lY,Lisa Packnett,https://play-lh.googleusercontent.com/a-/AOh14GjgfXUzz2Fr-iqJpE81pnXkjTXQuuQDZGACNNY6,Easiest KJV Bible I have ever used. Thank you for NOT making it rocket science. And I love that it's Alexander Scourby who recites the Bible. His voice is pleasant to the ear.,5,18,4.0,2019-12-25 07:44:10,,
gp:AOqpTOGkkBHPXXEggmzryUcxRaErdqe-0kjzkkN5upY_W2rZ3UbTyC4LGoL0yk4rsnwouJmYpW73JRGaKq1G9lA,Ronnie Coffer,https://play-lh.googleusercontent.com/a-/AOh14GjiX1wuCq303albgnBrwto90vynbqcTTJEwPJNRcg,Since I can't read yes it's a very good app help me understand God's word better,5,1,4.0,2019-12-17 17:08:25,,
gp:AOqpTOGAlIiGjkRqRS_L062Vtk43DYlSz50qdzUj2HnZ9vLaR8oOM5cm3IclelWZ9IIFOHIqvjyqKHVoPQtmCgM,Joe Garcia,https://play-lh.googleusercontent.com/a-/AOh14GiYHETy8M8WFKNtgJzkBm2gRNQhRPGtjSfxb1-v6Q,Great app to read or listen love it,5,2,4.0,2019-12-11 06:18:41,,
gp:AOqpTOEG7DiO0OGbXpXqfJUCOy8LH61iT6xkvEKBYMAV56QYl1ARoDd10qXYnH4xJMINl2vJj1LEqevvWm8_r_M,Sugga Ray Music,https://play-lh.googleusercontent.com/a-/AOh14GjUqsHr6Z6lyL3xNdh8itVFj1KzYrLALoRWdnDAjw,Fantastic,5,0,4.0,2019-12-09 17:40:39,,
gp:AOqpTOHso2PiwnY5aGL0JbndOLNKZwim-cO58snurf3tnKWJoaSKtlKwHd9_6XJzhbMDiJXVgBa_Dr0hsu7Nr-k,Gary Johnson,https://play-lh.googleusercontent.com/-v0bSee228l8/AAAAAAAAAAI/AAAAAAAAAAA/AMZuucmfvxOKg2xxRUIYd5OeI3DsSzWv6A/photo.jpg,"Works great we love it but the only thing i would do to make it better would be to put a pause button on it because when you stop it with the button it stops it for a few seconds only then when you go to start it, it starts you back at the begaining again other than that its great, my girlfriend and i have been looking for something like this for a while and finally stumbled across this by accident and we love it, so Thank You.....God bless you all.",5,43,4.0,2019-12-07 01:00:29,,
gp:AOqpTOE4uqOhhQdF-epFXTq8XxtEi3TNSkNizH5EK1kEPHP7tgtAOnWmhKkQ7sik_sv4wXWLNhRlNgyOs94mQv4,Ethan Hayes,https://play-lh.googleusercontent.com/-twwngialWSU/AAAAAAAAAAI/AAAAAAAAAAA/AMZuucl_WQmq-ptHyEk9oxI7i7wE3mySxw/photo.jpg,A great app with easy access to the old and new testiments. You can listen as you read along.,4,8,4.0,2019-11-30 18:27:33,,
gp:AOqpTOGI5q862wO1DsjHWUvVqjzSW417Alj1xqMMArZYgYPOzIB2sxU2tO_FtGch2XQCBMFnFUK_AcyRFVfHuG4,Jeff Cox,https://play-lh.googleusercontent.com/a-/AOh14Gh3PP4uH3QA3rvDY7L7q2xRO0Mij5YUDcb0nwaIGw,God's word stands it will never fail the word,5,1,4.0,2019-11-17 17:36:37,,
gp:AOqpTOGwB8-KTC6c0vl8xUrBLUnTrJgfAQJzOQ0aMS00VZeMDExH3Z0TKezFBfCUrr408IiAWZ8lGILt7s6xI-w,Sebastian Love Cavallucci,https://play-lh.googleusercontent.com/a-/AOh14GhncIQKdoSpxpwA2N_ImJ4aFCTdR_RfntjPpLMv8g,Pretty good not bad,5,0,,2019-10-31 14:24:42,,
gp:AOqpTOE-Ddh2VgIFeunaiP85E6HtzhmO_O51vd-VIROzlZF4jGexds_5Cr5M_RQxWL5j2UjvcSH_FB2HSlxzf1M,Linda Bowers,https://play-lh.googleusercontent.com/-WfGF5ilklZE/AAAAAAAAAAI/AAAAAAAAAAA/AMZuuclNRzG5VFENcTn5cuv-MK7zmF6JRQ/photo.jpg,Was great until today won't play chosen book,3,19,4.0,2019-10-29 22:16:13,"Dear user, Now the problem has been fixed. Please go back to the app and check. If there is still not work please reinstall the app. Thank you for your feedback and very sorry for the inconvenience.",2019-10-30 03:27:26
gp:AOqpTOH-B4lPEFo6gSTj6cRtJaoatVg1Pjr4uFEM6qESVhdc-CKeOKvcK4Qy29-VuQfQp6a98iKstwiz-f9jb4k,Deborah Slyman,https://play-lh.googleusercontent.com/-xLCOrUXZlD4/AAAAAAAAAAI/AAAAAAAAAAA/AMZuucmhBuC-4up4k8gFNqj1NyIhevp1rg/photo.jpg,So convenient for church. Great to be able to just carry my phone. No more busted handbag straps!,5,5,4.0,2019-10-24 16:52:06,,
gp:AOqpTOEuzF2E6KHmxe_rN6vbhx9gDqwWH0_yHC599q4E3SSUrIBnJTAOkzemfRD1Y7VtmI8vio__mYOvDSi-N24,debi manis,https://play-lh.googleusercontent.com/-_dUVA13kiSg/AAAAAAAAAAI/AAAAAAAAAAA/AMZuucmPqL836lZ-vtVMq-IJLHYHNoFw2A/photo.jpg,👍👍👍,4,1,4.0,2019-10-23 08:18:23,,
gp:AOqpTOHyqH45UO1jxah4hCm0O2DVwIrrcYah_v4AgvH-WzsriISPnfIb7ykqbp9um8iPpXYeN-wzdpwP-lqoOUU,nham roi,https://play-lh.googleusercontent.com/-nscHUPVqRm8/AAAAAAAAAAI/AAAAAAAAAAA/AMZuuckX_ERUzTyLX2amRAZSBRs3Fru9Qw/photo.jpg,Easy use for elder people. Thank you.,5,2,4.0,2019-10-21 13:13:13,,
gp:AOqpTOF5Uu-fLAo3vtuWTRIfB6q9fDnPDtU4f88PyvBaXP6SiqGlckz_ZwDn8_ickRvmMrWSjk0T2zSHzM7mGGM,Michael Ricks,https://play-lh.googleusercontent.com/-U6ttUdc2nPc/AAAAAAAAAAI/AAAAAAAAAAA/AMZuuclXmtVmUixOReu3oxVFwmUAAZ2jpQ/photo.jpg,I was listening to Psalm 67 then the app skipped Psalm 68 and went to Psalm 69. Can you put Psalm 68 back in place in an update?,5,1,4.0,2019-10-20 16:16:33,,
gp:AOqpTOErVBglJ9Ouw0daL8wC6I-J8X91wbg8wT5VUw_zbK9GJNWnyep2RowZWK78kg_E1NfsPFdzY2WZO7qLxOI,James oney,https://play-lh.googleusercontent.com/-L-XclJKHiTs/AAAAAAAAAAI/AAAAAAAAAAA/AMZuucms6hfgsZs80P1HiTKWZhZ8gYR7ng/photo.jpg,So convenient. Easy to read.,5,4,4.0,2019-10-16 17:16:51,,
gp:AOqpTOE0dbnzu-Ah7ROVFnHfjqugOG33XzE_Kzw0UaiUKS9l5T9mmd-sW4lIBoxV0dK-VJjw2cF39ew3RKO5uZQ,Daniel Salazar,https://play-lh.googleusercontent.com/a-/AOh14GjFgWzCTT2e9nsXAXKsGvaWeOsuXOHXLh5fFW32ig,It's grear?!,5,1,4.0,2019-09-28 19:57:41,,
gp:AOqpTOEfA_TDabQtLtQcJyOhfSEZ8b--t8ksEFfO804Lta-cID-ATF2XrwJ8mLFtAWyf3Q5Y1T_txUdQ_V9Gs5o,Michael Casey,https://play-lh.googleusercontent.com/-9vr7VPZ-nHg/AAAAAAAAAAI/AAAAAAAAAAA/AMZuucmSZ_ddg9oFKuD7F0J-g6AmVN72ug/photo.jpg,Without any Doubts a Fan Favorite of Mine,5,1,4.0,2019-09-14 05:17:41,,
gp:AOqpTOGeK1drKr-UeOIZVBwLuCAArnH4_ttLWusS8YI4gfoOKhXMtu4oRGE5z3W3CKjxRd42BJi8z-OLniq-pcY,Levon Bealer,https://play-lh.googleusercontent.com/a-/AOh14GhC4k3bnjWbtRcAwYPxym9c2xIJuLWGzW-vJ-Qr7w,"Thanks for creating such a wonderful app. Maybe for future updates you could include a memory feature to continue playback from previous use, that would be awesome!",4,47,4.0,2019-09-11 12:45:18,,
gp:AOqpTOEUNeFtYsSVMxDuWgcJsrSm7o2WH8zOvBva1T_T-IQhnyfapuzEeV-SD9e-k6B-ZN6CpXa4CehF-PnR5NM,Christine Davidson,https://play-lh.googleusercontent.com/-CMK6E-8dipM/AAAAAAAAAAI/AAAAAAAAAAA/AMZuucke2vyGks6A5IfT2n25DJzg8NuU1A/photo.jpg,Easy to use and good value!,5,3,4.0,2019-09-09 16:30:54,,
gp:AOqpTOHuY5OZZPbOcFLl7YcQaeyx-r4jlwO5jl09WKGXPbyXN8u_bxNMPcI_YRzVhkI3I84Mc0JseJ-sO1RBRAQ,Johnny Lee Stonecipher,https://play-lh.googleusercontent.com/-QhADqut-OWk/AAAAAAAAAAI/AAAAAAAAAAA/AMZuucnAY2_YeXW3xjTgK2deA5IOf5xuWg/photo.jpg,I go to sleep with my Bible reading .,5,2,4.0,2019-08-17 14:56:12,,
gp:AOqpTOHcQ0Ii8MzkNuQ5NN6rLnnL_w1vCEs51ouRdRC9mJDLYlb9PNDNdTLCqjSZ3VgllGM3RT9O4HeaX6LpOtQ,Julian Goulbourne,https://play-lh.googleusercontent.com/--U2fxYOjZp4/AAAAAAAAAAI/AAAAAAAAAAA/AMZuucmDeOPXZR0jqj8QtAKb0KvKgeOSdQ/photo.jpg,great app love the voice,5,1,4.0,2019-08-15 17:55:16,,
gp:AOqpTOFFToBN2b9wtSiCmGYzk17MENmWwn-Oks_MK1iZK-xZZLzFBjS_XdX0VclPdw9Vld5PT7qCjT5eCVubm10,Alex Correa,https://play-lh.googleusercontent.com/a-/AOh14GgWJsv6_iiTCtfB2AcxnC8x4p5a_gLOg8ijIWpLFg,I really love this app. it's so nice to hear the word of god and to pray with him with the Bible. god bless everyone and spread the word of god to one and another ☺,5,1,2.2,2019-08-14 04:43:16,,
gp:AOqpTOGZe4Rr-x_04yUFhZvfgfD3V6ecR4JykFVSL0bRK5y4l-gfRSmyPh1l1fY65RT9izC5Sa5yrwYa0sO1_OI,Olalekan Saidi,https://play-lh.googleusercontent.com/-tt7H23AI99Q/AAAAAAAAAAI/AAAAAAAAAAA/AMZuuck47QU6df9IWqQMj8f4j3flJZ3FtQ/photo.jpg,"My experience is awesome! To improve on this, there should be room for search. Thank you.",4,7,4.0,2019-08-04 12:59:24,,
gp:AOqpTOH2YSO98CH9EVL0brPE0iEZcDvDLIApz59gbzuxlE-sFfuDYh-RKaXZZOshgkRfqLwGYYd5KooDWN25qvk,Cynthia Jewett-Whitlow,https://play-lh.googleusercontent.com/a-/AOh14GiyjVUGqi7OGVy36CGZzHgXBj4h9lsCUJFVYuFsZg,Love it!,5,0,4.0,2019-08-01 00:24:22,,
gp:AOqpTOE8r9ikWjyGVa43pCpeEaNGXTcpNfh--T7PT_i7dDvKZElnityza2xBCNCRqIniSAMhOmbBwyECgqcE_Oo,John G,https://play-lh.googleusercontent.com/a-/AOh14GgMz-1hDGqu8B1vN3umaddXsMGQWasNQRXkO9kB5Q,A great alternate source when not able to physically read the bible.,5,10,4.0,2019-07-31 05:54:10,,
gp:AOqpTOGA4NL4_JwH3d9cyPh2GQ60eNSzwjvrJ8OjdURMUX6ivIYS5AqActQeDOIv1xeWFKuoujyk2lQ6G46R2Go,A Google user,https://play-lh.googleusercontent.com/EGemoI2NTXmTsBVtJqk8jxF9rh8ApRWfsIMQSt2uE4OcpQqbFu7f7NbTK05lx80nuSijCz7sc3a277R67g,live having the bible read I can do chores and listen,5,0,4.0,2019-07-29 02:03:01,,
gp:AOqpTOErFymhBpALToacX3Zpze2eCEcqoPu62EoROcKK2RUaqmW4k4rlknFSppnOM2jz6iRNDacXxyQSHYlMqLw,ERMIAS TEWOLDE,https://play-lh.googleusercontent.com/a-/AOh14GgSOIWTzf2aqlWMk7SllKVfv_uL9NMSFy3ypa68ag,Very excellent. God bless you.,5,0,,2019-07-27 06:45:44,,
gp:AOqpTOHW4-Zg_fXAB6uO_gRh1HilSMD2amblDzFUJw0YW8gJWahIGtxDQ4n0GZc5zZGih8JZZuFUKECySz62uAQ,Willie Berry,https://play-lh.googleusercontent.com/a-/AOh14Gj31iimLYWqXn9tUtvFrHqbDuzxBqWTAUCYYbuJrA,useful and easy to use.,5,2,4.0,2019-07-08 11:19:49,,
gp:AOqpTOHrs7KebaHlEj2CGvPV9FF6f5r4cEa_gDVzZK9XJ79HTB-8nxArRVEgfEsDWw3xtfMIaCx9C48IzfVy2Fc,nicholas peter,https://play-lh.googleusercontent.com/a-/AOh14GiPmXmTE9fF4Mt7SJuPyTZj7jx0-zYNOWIXtMBLow,I like it very much.,5,1,4.0,2019-06-30 06:29:22,,
gp:AOqpTOGDs6gzg1t0ZSKlIwkStrjUaB66r8MItgVF3COAIlUXrdcKi_lfjYzyt0yd_-i5gxt6YRKRTIM9t4PWy4s,Sue Pehler,https://play-lh.googleusercontent.com/-VOdnlMNw3YI/AAAAAAAAAAI/AAAAAAAAAAA/AMZuucm1Xe3W18X8IBJxcNN-ubF5uDexfw/photo.jpg,love it,5,0,4.0,2019-06-29 09:13:31,,
gp:AOqpTOHNzjS5aAOT4d8GuHVl75arZROC6HoJJKbBmDitt3Sjl2OLFS9Mw49N9VB4Ii0koJNqwyFPkpAn84dOiOY,Jonathan Fitch,https://play-lh.googleusercontent.com/-v6WFxYUyiWE/AAAAAAAAAAI/AAAAAAAAAAA/AMZuuckLQQlYI2UTUf83M_5iTCIIz225Qw/photo.jpg,Great audio and easy to find texts. No advertisements or distractions.,5,5,4.0,2019-06-29 08:18:22,,
gp:AOqpTOHBWAFFoZDaZBXDpK6U1v6jRYAEm_mX_8JhD2PQmC0MQwD2kcWTLUIqsCJLHguPgng36JyeqXFP8FcFl5g,Jennie Phillips,https://play-lh.googleusercontent.com/a-/AOh14GiOcyze67td7O7XPDFMZnCD_ZX-8cDQUPNmkN6lXA,the best bible app I have found.,5,2,4.0,2019-06-29 03:31:51,,
gp:AOqpTOG4iGh9ziRdqifZOnCaeYDfTUNCR_fFTfGwRhQujqltrRXkVGYnGJEZ8mwIDKUJ-IlRh4DDg3LzDPK2ye0,A Google user,https://play-lh.googleusercontent.com/EGemoI2NTXmTsBVtJqk8jxF9rh8ApRWfsIMQSt2uE4OcpQqbFu7f7NbTK05lx80nuSijCz7sc3a277R67g,My Father works greatly,5,3,4.0,2019-06-27 01:22:46,,
gp:AOqpTOEYtmxdsKtXmaZGwrCPxY99WOuRQAYYkNcUE0PhKxCJmZs1uz7lMvqiPuDBfyLlgp9NZUJyFRZipmsn6YY,Ray The Watchman,https://play-lh.googleusercontent.com/a-/AOh14GjXN5xt3BEEFy1SWxdpDawg_MVOPJAGVXK9jotIxw,Great app,5,2,4.0,2019-06-24 14:03:35,,
gp:AOqpTOF91k91wBq_dFjrAyesQSE4WT9ltpkNDFZnDJoBb4Txe4s8Pohj1eWt2vR0rqo_JETtxrNfjjOMZm4ucGg,kagome Jones,https://play-lh.googleusercontent.com/a-/AOh14GgbMT89cNzWuQMzF8lbHqyJJrB0fpHeEuDxCkv1,I love it,5,1,4.0,2019-06-24 05:10:54,,
gp:AOqpTOH0Cqxr0jtLqudwIv15hPL9Wy5b3q2FNTbVVGIwGqT3-potkaNbfs0_5JjkRQdWwwM4CIfat5Ycr8sF_Ug,May Hunt,https://play-lh.googleusercontent.com/-wc9p_eJUO10/AAAAAAAAAAI/AAAAAAAAAAA/AMZuucmoXupnzIoRN2LqJxJ_trz-Rz5hRA/photo.jpg,love the voice. understandable and clear. love listening to the bible.,5,28,4.0,2019-06-23 02:34:02,,
gp:AOqpTOHMr27OL7cz90-F-jpNQ6MXPrm8XT5NyM3sHoWjrawuKTHoP3V_ly8YoUnpIU9BVof1CZnzP-9_dCm1QW4,Lonnie Cooper,https://play-lh.googleusercontent.com/-N0jt1aubwpE/AAAAAAAAAAI/AAAAAAAAAAA/AMZuucl6lPRNmLE5gcz3GEEZAwFjdU93jg/photo.jpg,excellent,5,0,2.2,2019-06-02 08:50:10,,
gp:AOqpTOGrMEdpaqJgdNFyT6bHMbHrw4tgtvvjS805ZkriKfzM-gfcXJXzgYFrrih0u3tT4v72qUDb1Df8PdxImQk,Brad Harman,https://play-lh.googleusercontent.com/a-/AOh14GjJDhQT8tFFErtV-C2NTbCcrtV7eAywkDQod3Ojhg,"KJV text and/or audio, no ads. This app is well done. The only complaint I have about it is that when I'm reading in bed and I turn it to night mode when I advance to the next chapter it doesn't stay in night mode and it gets bright again. That's my only complaint.",4,19,2.2,2019-06-02 02:38:37,,
gp:AOqpTOGIWibs5CKzEFxfj_cbR4mX-tGAbGCMMhjUoYteKA0cx1Vp1I7UQ9r9jw5tQ2WBf9Kwl2gWDoT4PU6ns74,Raymond Long,https://play-lh.googleusercontent.com/-biw05oVeFPY/AAAAAAAAAAI/AAAAAAAAAAA/AMZuucnLGRpV4gCh2duX9HipoLT_p_Mgrw/photo.jpg,Had to down load pay twice for pro. App won't open after a few uses you try shut phone down still will not open. to bad it a good bible voice very clear if you just did not have keep down loading it.,2,25,2.2,2019-05-25 17:57:37,,
gp:AOqpTOHN79styTp8kJtAQ1lt_VVzy-o9IHfz90_Iwk4e8zYk0TdU5SGKh9neXH9jinLF85_X9E-ocicsfe1dBbM,arielle linscott,https://play-lh.googleusercontent.com/a-/AOh14GhBgYBA82n_fV2JSeEsuhw1RetzPNQiNuflRvXyzQ,I'm am in love with this app it's so great,5,3,,2019-05-25 17:36:22,,
gp:AOqpTOHkScs05LByZ4CL0i91C-ilN19lWNTKL22cg1ku6JZBbLbJbu3n5MCggXkvQ8Yoi_T7lgDMPt-_1oQs90c,Nick Furlano,https://play-lh.googleusercontent.com/a-/AOh14GjxwkSuqddPhdjOHIZ4mvCWnRKdR4J80FAGIZgxPw,I like this App very much.,5,0,,2019-05-24 13:26:47,,
gp:AOqpTOGfZH6Xi1eyetiqHRgs6XXxL5_DOrjTz2FpGx0EcLYyAnU2LBV_L4SoLljs5hjtFFyRRgBcqu_YyO0vZ2o,J Rodes,https://play-lh.googleusercontent.com/-kEntNt6L1vg/AAAAAAAAAAI/AAAAAAAAABY/AMZuuckzVzT3BgdLO4plqKGfu5LBLvAjNQ/photo.jpg,like all features,5,0,2.2,2019-05-21 19:04:25,,
gp:AOqpTOF8DEFsU55EUqro_4bH9fDp2U1_xkOidoYLHgvVftNGt444Fag4A_g31GSXp6dcHp0ZMn_pOiXwf4JxvHM,Vivian Smith,https://play-lh.googleusercontent.com/-itVteVRRIQA/AAAAAAAAAAI/AAAAAAAAAAA/AMZuucnhju9nm4czFhneEH7I9G6Ha-RExA/photo.jpg,awsome i luv this app,5,2,2.2,2019-05-13 11:15:50,,
gp:AOqpTOH1XXKwX0Zy5dh2O0HMRmK0aQy9FUvZzIKpwGVHhexj7jGt3sWMl83-ak0dvzntePV6Pb3hs7JpzLsEe4c,Anthony Mattis,https://play-lh.googleusercontent.com/--5h-VSkSKNk/AAAAAAAAAAI/AAAAAAAAAAA/AMZuuck91j0UNWElT66aDiH9_7l0bbThTg/photo.jpg,Awesome!!!,5,0,2.2,2019-05-09 19:06:05,,
gp:AOqpTOF92C7qK8_NMHsr-q5BYC03uWNZK54G6gFcM0-bFnDZQ5B7IqEj_6WP-8Q4pkrsT7Vg7S440ambnbo1eM8,The Narrow way Jessie coger,https://play-lh.googleusercontent.com/a-/AOh14GhfrrgaQzsB8TfoEsJMIK60-5hI4S4KTeH0hxb2JA,"most excellently done, tomorrow i will listen to revelation and then will have finished the entire bible in a month and a half, and will start again. i plan on doing so for the rest of my life, the Lord willing. i have grown closer to God from this. and have learned a lot, now knowing the word of God stands alone. i really learn more each time i read and listen. thank you for providing this source. and yes getting the pro version was well worth the 2.99 cents.",5,23,2.2,2019-05-08 20:31:19,,
gp:AOqpTOFxJ0ZjDsMMZT2BsBpf9783gRmeckJ4NHhoYqj3-NNphvvQn232AgieLYe5SBzdgWf2VGXU4U21YA2s23M,ENCDude,https://play-lh.googleusercontent.com/a-/AOh14GhXrgUL59sMwYK2EgSruOfZDHYj5F1tVmq2m0U_,Love it ! JESUS SAVES !!! Get ready everybody JESUS is coming soon ! Remember Noah and the ark ! only 8 where saved in the entire world ! Invite JESUS into your heart before you spend eternity in hell fire. Please get Ready ! Today is the day of salvation ! PLEASE PLEASE PLEASE Come to JESUS Today ! 🙏💗😇🙏😇🙏😇💗🙏💒 🌹🌷💐🌹🌷💐🌹🌷💐🌹 OR 😈🔥🔥🔥🔥🔥🔥🌑😭🌑 No water just pain and worms FOREVER !,5,9,2.2,2019-05-01 00:36:37,,
gp:AOqpTOF7Kdse5h1C-jlPu7HTVnrX12vsWdPtb0ppv0KJlmYLUZ4WZw2dK1jfnqWixmRwQ6cIfauxAnmOGUbBSZA,Tina Howell,https://play-lh.googleusercontent.com/-M_1Tq79JU_4/AAAAAAAAAAI/AAAAAAAAAAA/AMZuuckDCThyOQdo5KYyDnFRCqgJxQI7MQ/photo.jpg,seems to be what I'm looking for and no ads..yes!!,5,9,2.2,2019-04-22 07:37:09,,
gp:AOqpTOH9ZA9UbG1H58rgeultzNog6u6nrK2HLRfhcC5dPxEdjCwfpDLO7wtxDit18dK6brZmZlbx9RKw535lYT4,michael ivie,https://play-lh.googleusercontent.com/-3o5nshTGwkE/AAAAAAAAAAI/AAAAAAAAAAA/AMZuucnk-q_IfGFbAkCxNj6hDTR83HoP9Q/photo.jpg,sounds great,5,4,2.2,2019-04-20 11:23:25,,
gp:AOqpTOEA-lMmboGQXJ7YeraARvJPSFGG3h0rlyfRXjQQZ81D7-VD_Qe1UTNyiLb4tU2BsbrVNOEAou2EnnITjdE,Antonio Adamov Alziphat,https://play-lh.googleusercontent.com/a-/AOh14Gj9qHpxAVr3DPJRSd7kKuCv5pLMWVVAwEnehl3yOQ,😍🤩 excelente app very easy to use with a lot of details the voice of the narrator is clear and does not sound like a robot,5,5,2.0,2019-04-17 07:09:20,,
gp:AOqpTOEK141n3-_V9MBu25EiRoG7oMo09jF1Nqweaml-i18O-fF8iCWmeEOQk2vro3AYztA1AHx-g-S67h4Q6bA,Dr. Jonathan Hughey D. D.,https://play-lh.googleusercontent.com/a-/AOh14Ghc-HkvK5MA_K2VlOSD74WaM9W9ESfUQw58TZDVZw,"Not to much, Not to little! JUST RIGHT!",5,2,2.0,2019-04-14 07:39:00,,
gp:AOqpTOHbHVYm2_innDpL9T2RaNFPzOQyCE6vJ5PakReZW7SPphaSeMkd-WECI_BYqFCkFqZrrtOlB27ujXKemKk,Jackie Barnard,https://play-lh.googleusercontent.com/-JxUHw2rXnBA/AAAAAAAAAAI/AAAAAAAAAAA/AMZuucmBBObKb4pZ6TByMegEEeTMu9lqSw/photo.jpg,just what I wanted.,5,1,2.0,2019-04-05 14:14:49,,
gp:AOqpTOGGC0LOV2jChWf_Im6HjL9I21Tqzy-t0ifMOugbAabUiVElckpVV7JrgzBhUX3W7hws4T3aO1lkqZLRWYo,A Google user,https://play-lh.googleusercontent.com/EGemoI2NTXmTsBVtJqk8jxF9rh8ApRWfsIMQSt2uE4OcpQqbFu7f7NbTK05lx80nuSijCz7sc3a277R67g,I really enjoy this app very much. This app id a tremendous blessing to me.,5,2,2.0,2019-03-29 14:40:52,,
gp:AOqpTOFEKZqoxCcC-QpqJ6GjnQQBa2p9Y9ox2JQ9UaCIsdPfCiakQSl9cExvdBpQpQwsIDG7c82S1PLDAx8jHIU,Rick Devin,https://play-lh.googleusercontent.com/a-/AOh14GiDyCAD17k6XgDfvbIxrla1HLrTPrZMgbEVclmrjQc,"Has a very nice audio voice, simply reading to me without the drama of music and attempted emotions... i like it! Thank You!",5,9,2.0,2019-03-19 18:17:17,,
gp:AOqpTOG6C19xLDMY203Wl2irI-lmtLGEMJ2lwSgK7221Z7u2nqxuo0UV00jLszP7FsDjb1c67zAL2D2lrzzuwvI,Russell Goodfellow,https://play-lh.googleusercontent.com/a-/AOh14GjVMnb7SZvCim6tGsQkXC7dF4WdN4WMO-2ZGUWV7A,Volume goes up and down from chapter to chapter which is very annoying and loud when it's up! The player often forgets where I've left off when I go back to it. Please fix,1,39,,2019-02-16 04:11:26,,
gp:AOqpTOF9jW_qNKmGFa8L2H9_orxrYal0GcBAU9l0mq-nS6TfjNX9rMI0hjrDBNTxMn13sRuVBu_RsqAekLdjzAs,Daughter Of Christ,https://play-lh.googleusercontent.com/a-/AOh14GjKRX8J_BaWPizb9hO8sUyTrRKFWjP-OfFUVdWd_5k,good work!,5,1,2.0,2019-02-14 12:45:48,,
gp:AOqpTOH-y7NZ6sygk31Ms1ixnHL1Kh7VD2WpwQQMh7HpVFL7PI1rY0rpEFXd2BgNaKu1YJU1-Z1zsFnxMqTQPN0,Ricky Turner,https://play-lh.googleusercontent.com/a-/AOh14Gg5ZjxujdDnnkGxgxH_8TIVIrxii2FnvmJy5FLa,"if your not use to finding passages quickly this will help, so you can keep up with the preacher and sermon, reading must go along with prayer.",5,14,2.0,2019-02-03 14:20:51,,
gp:AOqpTOE-_qsLNB71LxKep0JwQb4Yxsytjneh27tWrgBIvSYf3rXPJlI-L_d6JmkZjPFrm53nkwhPeDtCc_PwWfM,Paul Ritchey,https://play-lh.googleusercontent.com/a-/AOh14Gi0ceZRdiEFt7lGVbRtrL0e971dLbOQGqqQDFvSYQ,Phenomenal! Gods Word is the Way!,5,3,2.0,2019-01-15 06:36:57,,
gp:AOqpTOE8178zKs376kx5mko6BBxDEv-XFwwDmx9YxZ3HPhTwT3XyzThjUesSbGh55rdNwRsFv3nPlzZxg4wRhiU,John Doe,https://play-lh.googleusercontent.com/a-/AOh14Gh-HNjO8Z0UIdZmTE_5UbmUqYP4V5_g1F2OnoOiYQ,Very useful app. Jesus is my #1,5,1,2.0,2018-11-22 20:13:11,,
gp:AOqpTOHG9jiKn81ZxqRdv895UvJN_wmONTeD5l7rQpkRpzgjOt08i7uHrXNSSsQ4qkSoVvZoNpWhjET7HuMKpAQ,Kathy Petersen,https://play-lh.googleusercontent.com/--FXvhdMhaeQ/AAAAAAAAAAI/AAAAAAAAAAA/AMZuucmkE8bLNANsWCnLz_ICKSaUXbixQA/photo.jpg,Love this app. Can read or listen to the Bible anywhere.,5,2,1.0,2018-11-20 02:39:59,,
gp:AOqpTOEb1EgAonbHkhJLXNXQUPD20EpjxdyDisE_hfVUOTyma5lWKVpIZKEDPdxlz_phvYURWNJIeK_RDu_Dd5g,Chris Tidy,https://play-lh.googleusercontent.com/a-/AOh14GhhBqPhBNB0tlJIA1Ql3yyB8TJUuPwu7D2FH1Ki,Excellent way to listen to Gods word. Easy to use with no disruptive ads. Voice is ok and not annoying.,5,10,2.0,2018-11-19 18:08:02,,
gp:AOqpTOE2u_UlgweAdgoLAhCwPy3nQdD8X33YVDBZW5A8ald7Lt0ZnJwDj9JDItsXVT_zreYT4EHtw4H-lff8vv4,Good Content Boy,https://play-lh.googleusercontent.com/a-/AOh14GjH3qKZ3QZtpRiB_5f1fhVNPE5WoQb0xD5jLiMb,I like it,5,0,2.0,2018-11-19 15:37:16,,
gp:AOqpTOEzndDHZouqreBwiRtY6qT8vDRRqdWK0gUcVczwHYjRbyjth1qm-FG2CVZnpo_ZsljuRPmryfMf25ACp1E,Christine Robinson,https://play-lh.googleusercontent.com/-1y2tvvxpJFc/AAAAAAAAAAI/AAAAAAAAAAA/AMZuuclxNbfbFdbqSbSs9i_I8QfbK0D0sw/photo.jpg,Brilliant voice - inspiring and easy to use.,4,5,2.0,2018-11-04 22:42:17,,
gp:AOqpTOFe1f9I1js9hhBxWc5uFnDiyczJezUXuCMihuu0Qy8Tn_fpAxe1stkxWVnVNLS6KVuljKjM6xddfjj6NI8,Mr Bill,https://play-lh.googleusercontent.com/a-/AOh14GgF4-FLJuMvFWRo65UP5bQo5YB3zI_WE5X_LDX4EA,The app is just,5,1,2.0,2018-10-31 08:41:11,,
gp:AOqpTOGqtTeGVWsYRTYcY7ZB7XyY-FKow5IsyIS5Ww0Nsr3nFvTaTvjSStCAr48B4b9QPkU85DKoSbRz2IBLjkE,A Google user,https://play-lh.googleusercontent.com/EGemoI2NTXmTsBVtJqk8jxF9rh8ApRWfsIMQSt2uE4OcpQqbFu7f7NbTK05lx80nuSijCz7sc3a277R67g,I think it is a great way to help Christians understand the bible,4,2,2.0,2018-10-27 19:22:08,,
gp:AOqpTOGjz5UbVedqbN_kxM23-WDrG818I8VnjdmUTcKvEDl3ir-b-OGTHXaHd2VeNTUyKBxhYb2bGf1tiKMkFGc,Mahna Prokopuk,https://play-lh.googleusercontent.com/-IjwWrZtZBJQ/AAAAAAAAAAI/AAAAAAAAAAA/AMZuuclLMeM72fYxv-bzFQc-Ln1uKAglAA/photo.jpg,"It's just a Bible, audible, with a version with a little music and picture background. Does not go to next verse automatically, but that's ok. It's free. No Ads so far.",3,12,2.0,2018-10-07 16:06:53,,
gp:AOqpTOFN9ni4PrN2epJXZ-oLcdW7O9qL_43irSLwpi-bcLjTuX4pW8IBDK2jie8zqw0metIRTI6yR-E09ZBbF8o,A Google user,https://play-lh.googleusercontent.com/EGemoI2NTXmTsBVtJqk8jxF9rh8ApRWfsIMQSt2uE4OcpQqbFu7f7NbTK05lx80nuSijCz7sc3a277R67g,"Great app, i just haven't find a book mark yet though, so as not to loose my page. The voice is sounds real and thats good.",5,2,2.0,2018-10-01 18:17:53,,
gp:AOqpTOE-ZrXQBS3DGJbCzwypu8Sl04Gp1I1bbxeosEPjrhK2RNoDl0lu1tVkgBLQluvT4BbbjFiIY_tHeaYPKYs,A Google user,https://play-lh.googleusercontent.com/EGemoI2NTXmTsBVtJqk8jxF9rh8ApRWfsIMQSt2uE4OcpQqbFu7f7NbTK05lx80nuSijCz7sc3a277R67g,Blessed to have a great way to study the word!!!,5,2,2.0,2018-09-30 06:17:55,,
gp:AOqpTOE4p_s3ZYsD6BKdnfKzZwPXYSfmNaZPc8UFl1SIX_JzY2kPMb1R2KF-dzoEMeHaqSwu9CJrS_jIsTLY6Lk,john huff,https://play-lh.googleusercontent.com/a-/AOh14GiwGgwh10u5_0xvJkSJb5WcqBrq84Ut67_3p4JhMQ,Great app,5,3,2.0,2018-09-30 03:23:43,,
gp:AOqpTOHRRzKmslUv3D9jXo77FeMFm9JjUupfh_y7dloAqNGXJ7gRvw5KP_GLf3mh9ZY89fJhRMJRltddl_pp4Uc,Poncho Tapu,https://play-lh.googleusercontent.com/a-/AOh14Gg7XNwBVZshQhRtctZP-zMit9KekuCJsmEj6pqOCw,True to its word ... audio needs to be addressed without using Data service ...that would be really helpful indeed,4,2,2.0,2018-09-17 01:00:25,,
gp:AOqpTOH9uM59-Vz7wcoxBmrA_l_3NWKikMpqetxnSCh2sXu9WK2PuYJp0lZDDgrhawGjmwczC2Dn0OQQ-E47lMM,Torrey Maborn,https://play-lh.googleusercontent.com/a-/AOh14GgOMKI86sxvPxdUBIg8P_cP-6aZSiBhEK1jLyHj3Q,Very simple and easy to read without confusion as every Bible study tool should be.... Maybe there could be more background researching aids to link into but that could be better served for other apps,5,6,2.0,2018-09-09 16:35:08,,
gp:AOqpTOEjsfNwpJpRW2WPoEPzvh_QXDNmau0hV740-8YRfSvaKP0W6C8h5GPKSdNfuLeluRZISXo6A2xmJWFtdhc,shawn russell,https://play-lh.googleusercontent.com/-YN63IO85vV8/AAAAAAAAAAI/AAAAAAAABMM/AMZuucn33AD-GzIjVZO5pAv4-zP_yJzEJw/photo.jpg,God is good,5,2,2.0,2018-09-05 10:50:19,,
gp:AOqpTOFa9U4tNkeU3loWr047NDMAybgsVCXHV8dkyt21FiMp-l0hjEGE6lJE_qCH95MeQEyvbPIAJSbLLfeR8tU,Lisa Schroy,https://play-lh.googleusercontent.com/a-/AOh14Gjssy5S73WMBpkP5qB_TYIz9RCY44TcJdP0x_u0Hw,I would like for it save the last chapter read.,3,8,2.0,2018-09-04 04:39:29,,
gp:AOqpTOGOLrE17lGsvvX5WtJeiiMp5hJ_bwdmR3ppIZ8KHCWKdnWlgTeWHb2YxWqvm0o0DNecT7jrk5X_RHcwd0o,Mary Dillard,https://play-lh.googleusercontent.com/a-/AOh14Gi6PPnKCn-qvOs46bI_PnvmY9_oSGqqc3xWWsh9,"It's a great app, only thing missing is bookmarking abilities.",4,6,2.0,2018-08-31 07:36:28,,
gp:AOqpTOHKqzldgOlaIDQ4iSJp9IiVj8WixrRtm8W6vXpjWrE3zlRKhkbEjCE4xgWQmWyxwAfmnPw-feu9LiVY5q4,Sylvia Majetich,https://play-lh.googleusercontent.com/a-/AOh14GjYJiyxx6iCsHFXllg2YLmPog5dcRapw9_5A8KRGA,I used the audio for John 1 and expected it to advance to chapter 2 but it kept repeating ch.1. I'm looking for a continuous audio and this app isn't able to do that.,4,15,2.0,2018-08-30 23:48:19,,
gp:AOqpTOGX-G2kH5iwaw1t9ZYjHpL5bn3Re3JaMKRwXIdJJ6lITweCL1oTKgsQYvuwXoXSLcIvLXLUZLZ7x-pacoI,David Cornett,https://play-lh.googleusercontent.com/a-/AOh14GidQft8FmqmaTkdf7DfqZXVo6Fso1rJioxEl2a5jA,I like the ability going from one book to the next without going to a main menu,4,4,2.0,2018-08-30 04:51:08,,
gp:AOqpTOF8Zs5MGGswvS7pfdTg2eXyPbVr0FUseyIXUTKn3Ttmfqu5_sLu6r8rF8hxaNGVPVJzxctLRBC6aksoZgM,bill steinmetz,https://play-lh.googleusercontent.com/a-/AOh14GjOWzzi-AM8cp3_d0YxfDQzeZnW4TMkg6hKDxnA,I love it has every thing I need while studying and meditating.,5,4,2.0,2018-08-30 04:35:33,,
gp:AOqpTOGegDEHJ_Nk5_ALcUyJILpw_MiEQBrmKmIsh97D6yBRaoMJgIVBBLk5TmWdHHRTqyLrG-Wk5pbDYOkpJaI,Jeff Kennedy,https://play-lh.googleusercontent.com/a-/AOh14GgYHHRhPsVWrjmJuYO7PuxGGUjpLcs507EKRrU3mA,Love,5,4,2.0,2018-08-29 17:46:00,,
gp:AOqpTOGDOSxIeiYhSoT25Za32JkDQd08b32F9NkeLJ07tA2h07uxXH9eU8KSC9jOfOueQf9DvcchKRUbfRvGS8Q,A Google user,https://play-lh.googleusercontent.com/EGemoI2NTXmTsBVtJqk8jxF9rh8ApRWfsIMQSt2uE4OcpQqbFu7f7NbTK05lx80nuSijCz7sc3a277R67g,Love it. Wonderful to listen to at the end of my day. Thank you.,5,3,1.0,2018-08-28 20:29:39,,
gp:AOqpTOHD0vRAwIP7Bvad8efe9fvNaIFnHHEdpuoZeLZ0eGd0SxElvn98VCx-nzOGqIG-XwEFXGrCOsn9pzHCKpE,Mirna Hollen,https://play-lh.googleusercontent.com/a-/AOh14GiGw8fycgizd7GuKMH-V9ZRizSdeVVoFbIzuTxz9w,"This app is good if you want to read the bible, but it requires internet 
access for the audio portion. It's a bummer, because I was looking for an 
offline audio Bible.",3,8,1.0,2018-08-17 04:10:49,,
gp:AOqpTOG6KPYK1ECi6rcg7EFutopTJh23lxzC5uxZpRbQ0OR-IcS7SPjwJf60nXhnZndimeFWwx-W03SLmVhhAXI,Jennyblubyu Johnson,https://play-lh.googleusercontent.com/-S62h3XWnKvQ/AAAAAAAAAAI/AAAAAAAAAAA/AMZuucl3cPm0vBFSOarQcu4NpL3UApmP5Q/photo.jpg,JESUS IS LORD!!!!!!!!!,5,3,1.0,2018-07-31 16:20:49,,
gp:AOqpTOFMyc5Euf5j8nk3ELMmW8GNGY42B0IvE_r6M3l-HcUe0C5AXpw4NX9q3_44ZmEDl3SyUS5wBfAmbRYU-UY,Kenny Springs,https://play-lh.googleusercontent.com/a-/AOh14GjYNNlG-NETO0obqomwrfTq5qgjXlmjx-9z67gFKA,"Was Good The app was good for a while. Then the other night, I went to 
listen to Psalms and all the speakers were staggered across the page. I 
tried restarting my phone but it still didn't fix the error. AND I PAID FOR 
THIS! It looks really weird, but it can't be fixed no matter what I do.",3,7,1.0,2018-06-20 12:45:00,,
gp:AOqpTOG-bPa7g3GNsYo4PMPx36mWdUd5DWSQ_0F-y4-XvQFfybT4DY1pDAM_DDZCTkDQwDYBY3spFZeOk4nDus4,A Google user,https://play-lh.googleusercontent.com/EGemoI2NTXmTsBVtJqk8jxF9rh8ApRWfsIMQSt2uE4OcpQqbFu7f7NbTK05lx80nuSijCz7sc3a277R67g,"Very well done app. Audio very professional works well very easy to use; an 
encouragement to read along while listening",5,12,1.0,2018-05-08 15:18:02,Thank you,2018-05-08 20:18:12
gp:AOqpTOEbBAC1ENiPVjcJ0wusZ1QZjupMDlUiju3ZN_OonyACD0jfNGkyO0elTTzOjVwS8cCrN5QZ8_zX5T8hBxM,A Google user,https://play-lh.googleusercontent.com/EGemoI2NTXmTsBVtJqk8jxF9rh8ApRWfsIMQSt2uE4OcpQqbFu7f7NbTK05lx80nuSijCz7sc3a277R67g,Just got it like it so far,5,2,1.0,2018-03-24 08:38:35,,
gp:AOqpTOHfWbEkqq2JmXYBm3ZthJkq_v2CG0UWvu7yOpoxRQfX7A9IcQc6Uv7-4u6FNPnNffuq5fUL8Zb5kJkWVuw,Venessa Blackburn,https://play-lh.googleusercontent.com/a-/AOh14GggikgEqvJ30WJLV2bUx9rFc3XNBtRtv837qSum,Why do I have to go to app store to open my upgraded audio bible?,2,5,1.0,2018-03-22 17:22:35,,
gp:AOqpTOHFUlfYT2-G3Rn5WKSWoQ194v7Z77bGwxL6PyTer77TfizIB5E4D-mw6gpbngmjmm1JXaOJvoSjJdslD9E,Joseph Henderson,https://play-lh.googleusercontent.com/-ACxenZIekvo/AAAAAAAAAAI/AAAAAAAAAAA/AMZuucnovdUEOr4Pe2FPgQqXeHvbsmHKWg/photo.jpg,Awesome!!!!!,5,9,1.0,2018-02-28 03:09:27,Thank you,2018-02-28 09:25:40
gp:AOqpTOFlF91_38ZkuuKbpfhQjbH4EkXgceKKujk7xrdn4_fA5GVSD4gUkUDur7BiFseN9vc1S9neHSO2A3boc_k,Hein Van wyk,https://play-lh.googleusercontent.com/-wUu_uOjcOH8/AAAAAAAAAAI/AAAAAAAAAAA/AMZuucmlWhcXgKKCPp_ObWWNGLp1mXtEfA/photo.jpg,Awesome,5,6,1.0,2018-02-26 14:09:51,Thank you,2018-02-28 09:26:00
gp:AOqpTOGZVaL7D-j8IxVrfoV-RdVlHVPgGFMOzKNCu1uOE9whSBbBoS6w8fL1pbTa50U-yDclUNMp40Ilk9ubCj0,A Google user,https://play-lh.googleusercontent.com/EGemoI2NTXmTsBVtJqk8jxF9rh8ApRWfsIMQSt2uE4OcpQqbFu7f7NbTK05lx80nuSijCz7sc3a277R67g,"As someone who is up all night on patrol, this app is invaluable!!  Now, I can listen to the Word of God on the go!  Faith comes by hearing and hearing by the Word of God.  please in the future allow for downloadable books so I don't use up my data plan 😁",5,18,1.0,2018-02-11 22:13:08,Thank you,2018-02-28 09:26:23
gp:AOqpTOEnIQCl8SFyAwd_8fefaY71KaK3seriZkFi-7cfFTUjBJ0PK1BYzvACZN9YildXV69tDmEepX-CXhUS9g8,A Google user,https://play-lh.googleusercontent.com/EGemoI2NTXmTsBVtJqk8jxF9rh8ApRWfsIMQSt2uE4OcpQqbFu7f7NbTK05lx80nuSijCz7sc3a277R67g,Quick app and good recording!  Would be nice if you could pause the audio by double tapping the screen,5,13,1.0,2018-02-10 19:46:48,Thank you,2018-02-28 09:26:14
