reviewId,userName,userImage,content,score,thumbsUpCount,reviewCreatedVersion,at,replyContent,repliedAt
gp:AOqpTOG8WIBywGXEjQi-uaEq3ARU8HkCSIvbRO-i1gPEKh_PkaqiIYwhcDdoXvcWiV6TTdJ56kzNypRewr-YcBw,Mac McCarthy,https://play-lh.googleusercontent.com/a-/AOh14Gjdn4vmWZ0_qX49PHmrbGABOjUKJqNfT1M4IsS0fg,"Hmmmmmm tring to measure the peak noise level, when ever i press the start button i always get a sharp peak which is useless as soon as you start, the background noise was measuring about -70 dbfs but the peak at the start saw spiking at anything from between -50 & -8 yet there was no noise present, so it renders the peak level detection useless.",2,6,1.7,2020-12-10 01:56:15,,
gp:AOqpTOHfJVLbdU9pnv_w5cweBEoRooxH4OdrnrtKoevwPy9-Bi-a1eqrzuMcT1slOxYVZsvRwgCgRzMmLksrW2Q,Terrapin Flyer,https://play-lh.googleusercontent.com/a-/AOh14Giw2WxGcsQLjnFWLuhs0ik9OpSubSTPEIxlz4EitQ,Exactly what I wanted. :),5,0,1.7,2020-11-18 13:52:03,,
gp:AOqpTOEIl8qrRXJlDrwHzzLp_bt-ZEUdERojYupbWBSQy4pHmJ5e1FPqOd7XbzEaU2LY71xYp6aNKgNeNMkeFkc,Mighty Pete,https://play-lh.googleusercontent.com/a-/AOh14Gh2DB_IBK_iMZ7FGW2BzEReDRB4DJCwYQpH6UJQmg,Less than zero. Busted. Refunded.,1,0,,2020-08-11 11:31:44,,
gp:AOqpTOFO_ksItoE6-OFBrGv-dQHd-cAG1ipCBQpAfidig84WWHoKs5bjoQw-G55WmXWpcF6FTXTIPntgNHHS2nE,Ronel Bautista,https://play-lh.googleusercontent.com/a-/AOh14GhEGhz9lcSgUlmnuNIb6AKZ6mFf5SDmBJx1NhqT,I like it,5,1,1.7,2020-06-05 02:16:32,,
gp:AOqpTOGB40-P1DyHFF9NuqcQnzFyeD24L12sS45VXm9lWlTpOrr-VUXY-pPH5ON6aKdRV4d536PS9RbjqQH-lcw,Mickey Mishra,https://play-lh.googleusercontent.com/a-/AOh14Gg_sCkuukRXlEiNz4_UKDdXtQttTWNScXHdOxcY2PU,BAR NONE. ONE OF THE BEST TOP 10 Purchases of software in my life! Sure it looks a bit Simple. But this app is PRO all the way. It still has some slow downs. But I think its one of the most accurate out there when used with a calibrated microphone. And the App is just cool. I have it on in the background. And in the tv in my van. I think this may have been one of my First app Purchases. Money very well spent!,5,16,1.5,2020-03-28 16:09:37,,
gp:AOqpTOE3hARbUm1BJJuEWndnscpOeXWTsVCnUCxKZrApmT3vjVTpiYtBbezS0BMc7AjR2xcSeaxZsCAddiNDtBM,P. S.,https://play-lh.googleusercontent.com/a-/AOh14GjTPa6l_I9cSx2TFKz3wxPymgGiMjC5U4Nsq5LdpQ,This WAS a very good little app. ZERO DEVELOPER SUPPORT. EMAILS IGNORED.,1,5,1.5,2020-03-26 12:12:06,,
gp:AOqpTOGks-ibbutokux75_lLUrQqrdx8FAI4yD2ge8twrlW4OdRCs_KgvfwLTBp-DhamTFHJj18dD2e3cuNfpqg,Nishant Kanojia,https://play-lh.googleusercontent.com/a-/AOh14GhlZ_-Lu7hc_8bOgXj_rUhHoH9dARiVTgJ-Lgd47Q,I paid for the app but its not getting downloaded .. past 1 week..,1,0,,2019-12-12 19:21:54,,
gp:AOqpTOGAjx-vhz03mtPIPkUl07rrnYKMwol0zpVHsBK1RhAnOi8pDV33ap3luQCYyhZB7pBxF4bfEn_-R_tY38U,John Toomey,https://play-lh.googleusercontent.com/a-/AOh14GhGVOeBnvRfkXRC_PFh2e6fSo7PT_-8bN8QvCchHQ,Works ok with standard calibration however the app crashes once it hears pink noise during a new calibration. Used on Galaxy S10+. If that issue can be fixed it would be a 5 star review,2,2,1.5,2019-11-20 09:37:26,,
gp:AOqpTOEy9iG82WSQ-XCPStFnpCtb2mZTHw7J4D0tAfKIJ0miEhmPmeXvPbaEsp8S-BHHN3nSSPaNcX5gy-MUWZE,Rod Unterreiner,https://play-lh.googleusercontent.com/-qw0fDxjyplI/AAAAAAAAAAI/AAAAAAAAAAA/AMZuuckKvq1QB9-GeVU20aX32nemz6VVkw/photo.jpg,"To those who get crashing when calibrating here's the fix. Before clicking on continue to start calibration, make sure u are in a dead quiet environment. Then give it at least 15 seconds for bars to lower. Then turn up your pink noise. It should work fine then.",3,14,1.5,2019-10-27 11:51:50,,
gp:AOqpTOFjlAQumMXV3XeYEs0qg8Gfr48k95mC69V4tbg-ST4jZsA9Ch4By5touEbUR5M4RrGynE39cbw7vVKI6dw,david janszen,https://play-lh.googleusercontent.com/-f1az1lLzE74/AAAAAAAAAAI/AAAAAAAAAAA/AMZuucnW3mPeM29imZaJx5Apy59TQ-KqCQ/photo.jpg,"Works well. Has the basic FFT functions, but doesn't include signal generation. My only beefs are that the peak hold line is so thin that it's nearly invisible; there's only a bar display mode, no line mode; and no way to load a mic cal on top of the internal circuitry cal.",4,18,1.5,2019-09-19 15:56:39,,
gp:AOqpTOG-6D0h1fu0uHNHWD-KL9pphregID0hDdGF0o7fxpTYBlxEscEe8hmAlLuST8BBjhFPWCRT5voyc6Df9kQ,benjamin burnett,https://play-lh.googleusercontent.com/-vWEyJTUZY_k/AAAAAAAAAAI/AAAAAAAAAAA/AMZuucmTxzoBYcnlkupShj6gw85imJb_xQ/photo.jpg,Needs more frequency labelling on bandwidth. And needs option to recieve input from headphone jack,2,1,,2019-09-15 09:39:02,,
gp:AOqpTOEluubUcgnmhb7nP9svbMKodsNgg2ZZtCWeqWHRbJcKrzltQa55wQnkItz-AzuzYT0Uf03PtUESs4zxjGE,Neil Martin,https://play-lh.googleusercontent.com/a-/AOh14GgULI9TPVS-0bZnT5_tSwQSRevRpCXdeEhxl312tA,Interfered with my LG thinq g7 - kept the fingerprint scanner from working properly. Cant load calibration files for attached microphones.,2,2,,2019-09-01 19:11:14,,
gp:AOqpTOFyw6iI-BLNke3fJeu0BqoOh45Rq0jLqN-20GFZ0DoJMnsa_FD0DpdWqF4FYGaegfdM6oN1cZnv3IRnhT8,Roy Teo,https://play-lh.googleusercontent.com/-mWErW8hmIGo/AAAAAAAAAAI/AAAAAAAAAAA/AMZuucnwNjIMWcYsdydOe6NOP4MPtzAENg/photo.jpg,keeps crashing when doing calibration,1,2,1.5,2019-08-15 19:24:32,,
gp:AOqpTOFJHtgy9K00YaUVoyK9N5hYz6A-mMc0l0dO4HvAncDyCJ44GzRNvekc2XeNsRmuKpqKSH_nsoGQDAaa920,Robert Williford,https://play-lh.googleusercontent.com/a-/AOh14GhT4oSiTUNpi-jQcT8XEpamRAvwkSJs0sY5-KGwQPA,Love this app! Dont know why it took me this long to by it! keep up the good work.,4,2,1.5,2019-06-30 17:15:32,,
gp:AOqpTOHqMwlr9b_3XyNVLZTLSPMx3uIKfF5MqrTV5Ruf31zvAkjOpwHsZ8WuSKbmt0Gejl0S54n1gqTaiA6Ombw,lalit bisht,https://play-lh.googleusercontent.com/a-/AOh14Gj7f4PXgLEGKwt1ywiNoaXLnU2wcdb7s8F-sxdRTg,good app,5,0,1.5,2019-05-24 05:42:16,,
gp:AOqpTOGOhB3eHD3Eglb6M6qw4ME_HePm9fmdbBVtUO8MRb3tTE2XVrjqqbb_I8YMo8VffxgmbIhZkVfcW_bZ8-I,Richard Schupp,https://play-lh.googleusercontent.com/a-/AOh14GhOL_c7cH6omR4Li703LmjtJp5tnqOHs4bjVVex,Nice enough app.  New calibration crashes Samsung S10.  Interestingly the free version didn't.  Hoping for an update that will correct the issue.,4,3,1.5,2019-05-14 18:29:15,,
gp:AOqpTOHhvLUBH4XSQCtc0EqyERnsPAQa3AkDv10zXYpTjLUjfEdR7WYJkMhxXG1XM3nMHiewtByfYbTNOsNtxms,Maries Michael,https://play-lh.googleusercontent.com/a-/AOh14GieRpXxLV1NjJQn5rUPQs51c6cupLpQ4grt5tiP,excellent,5,0,1.5,2019-05-04 22:41:18,,
gp:AOqpTOHDV1NNK-i1GDlJRnP-SusexgFzDXMPpaRMCwSfYsYFwYY93swKiNq2RhWoPvj0qUdUnyrAusrUb7uwd8c,Todd Skarda,https://play-lh.googleusercontent.com/a-/AOh14GiIZaUraepe0ZydIt9LnnHT50wmOjdDqTslM0Yvbg,no problems,5,0,1.5,2019-04-13 15:38:34,,
gp:AOqpTOFE9WzcCVMfi_sh7MhkDbIgSEs86KeHPb735wLLJQTvlAGjaq_K_PgsC0Bw7kyfqpcATDMCSOgvKFgbWuE,kappa chonghlut,https://play-lh.googleusercontent.com/a-/AOh14GiRKhdUDCdWosdvFBTukzoMhojKq0dpDOjcZLAi,"Very nice, I like it.",5,2,1.5,2019-03-20 04:59:30,,
gp:AOqpTOG_vWj-4dzVq2eYsVqiXqXpSCBuRlbbO2couspa9meoqr2toOTjNV1QB_KHVowJWbVGJa4xBPn8hgLXLQQ,Nicholas McEwen,https://play-lh.googleusercontent.com/-ZG_aahVw1wo/AAAAAAAAAAI/AAAAAAAAAAA/AMZuuckdxK97BI731Hul6c35bGiKx2uk4w/photo.jpg,Works really well with just the Mic from phone it tablet,5,10,1.5,2018-12-01 12:36:12,,
gp:AOqpTOFrki_oxmv_FUXIWmCpIgaygfoVQuJ3rkDOhvhvRvVJ8qRc04rLQ7dLktTnzokzYgG3AdnZZ_GyuwLwEBc,C. Mayo,https://play-lh.googleusercontent.com/-S_D9mtZuOQk/AAAAAAAAAAI/AAAAAAAAAAA/AMZuucndi6rpKUE23WXa9CSnJ6t-0dms7g/photo.jpg,"Calibration Crashes Galaxy S5, so pretty much useless.",1,7,1.5,2018-10-22 18:38:14,,
gp:AOqpTOFFLErFcR8QzkVCuw_pzmjTgbSV2HQ3VtmoizALGvOUJb-QxuchsSNSEhqncp3kzA394f126c6yO9MlvTw,Roland Beaulieu,https://play-lh.googleusercontent.com/-NvPJZQJqH94/AAAAAAAAAAI/AAAAAAAAAAA/AMZuuckdhUoi6FLg4teGaQPTvlFrzZeeVw/photo.jpg,"Don't listen to the negative reviews on here. Anyone who complains about a $5 app needs their head read. I've downloaded both the FREE and the Pro version. As a gigging musician, I could care less about weather the GUI is pretty or even if it is 100% accurate. Old school RTAs can be up to 5k...to think I can get as close as I can from a $5 phone app is bonkers!!! This thing saves my ass every single soundcheck. Just buy the damn thing and learn how to use it. :)",5,9,1.5,2018-09-04 15:18:33,,
gp:AOqpTOHdY7kkcv1BD4XED0nF_aIv3yjZ6yBLhTRK6m314K4kMrogdT47fDzUatWELEcGXUsotCIChuJAp7l7iJI,A Google user,https://play-lh.googleusercontent.com/EGemoI2NTXmTsBVtJqk8jxF9rh8ApRWfsIMQSt2uE4OcpQqbFu7f7NbTK05lx80nuSijCz7sc3a277R67g,Crashes Android 8 when calibrating,2,0,1.5,2018-04-25 07:14:37,,
gp:AOqpTOHRIvHj0GepyjETXGCi5HyieeYUGaXv9CSG1cDYMZ7GhsZNWquVIqRxnUYuV1y7LhnK8RgkjILzjmjwpUI,Enock Boadi-Ansah,https://play-lh.googleusercontent.com/a-/AOh14Gg4VaLViYBKBdG3Wppqz99q8_xLYVUgJbP8idPAeg,I like the app but it crashes when you play pink noise through it during new calibration. Please fix it.,3,2,1.5,2018-03-01 09:34:34,,
gp:AOqpTOFqKBQt2Yqiz9h5RgrpPkdVOOIHIQ-p_3-l3den9gQrf_Dc-o1fmcEu8loW077LMtxR_lxI0iNK32iy4v8,Cheeky Rick,https://play-lh.googleusercontent.com/--3MJJx4vW_Q/AAAAAAAAAAI/AAAAAAAAAAA/AMZuuclZcY5-vhVGy6m7IMylh5LQ0yif9A/photo.jpg,"Been testing a few these apps, this one has to be the most useful of them all and im still looking to better this one but yet to find a better app.",5,4,1.5,2017-11-19 23:33:31,,
gp:AOqpTOEnSmIQht9AQb6i5AMIG6CMQW53AsXDR_J16977NIRy82j_l3br6exgCSJa2mGtbSk4Ip-m57qIvBSX8G8,A Google user,https://play-lh.googleusercontent.com/EGemoI2NTXmTsBVtJqk8jxF9rh8ApRWfsIMQSt2uE4OcpQqbFu7f7NbTK05lx80nuSijCz7sc3a277R67g,ya necesita una actualización se cierra en android Marshmallow,3,0,,2017-10-12 12:17:58,,
gp:AOqpTOHZP75tJpxHQtTFTwaAsJpfYg3vGhPH8WEa5zJjCeKPcyTMOtPWSropdbEqPOWAAeKxg0D8kjPBqD1R5q4,BJ Muller,https://play-lh.googleusercontent.com/-1n38GHBGC34/AAAAAAAAAAI/AAAAAAAAAAA/AMZuucmMMHoYjxF3tUQyQsmkfioKkICrQA/photo.jpg,"Great, simple to use app.  Good for a general visual of what you are hearing.",4,0,1.5,2017-09-26 11:28:45,,
gp:AOqpTOHy6d_P6EB9Vlc_gmmAj5tWFtTJrPAwt_uZuK1c9U9qp3DykxZ6fnmmdjYoE2H_hh-ZFoTiCKUl4khhP9c,iLikePhilly Town,https://play-lh.googleusercontent.com/a-/AOh14GjoxpPhBEv9s-s_vYEgLmIQD252_YNBE3AkPuyUcQ,You want to have this available for Microsoft Windows 7,4,0,1.5,2017-04-13 15:20:54,,
gp:AOqpTOE36sW7i0A2CXGvbOj274HLMIVQVNKeE5bXEuFegjRPvobjGOBtXFbrjLNTuA4_UtZ9afcUOYRHPYW7yUc,Gulzar Ahmad,https://play-lh.googleusercontent.com/a-/AOh14GiRD5oTYPd_SQc7kzrs_WWMT5G9hniiag2zPu_DFA,"Its good, however not worth the price",5,0,,2016-10-19 09:18:44,,
gp:AOqpTOHUCNF9ZNtLMEtIlgetcLC4rfP01Bt89yl8UFjm1EuqFTi8zs1aq9PDxFdw4Y6u6xJAExB56itnKsY-Z34,A Google user,https://play-lh.googleusercontent.com/EGemoI2NTXmTsBVtJqk8jxF9rh8ApRWfsIMQSt2uE4OcpQqbFu7f7NbTK05lx80nuSijCz7sc3a277R67g,Great for monitor setup!,5,0,1.5,2016-08-14 08:50:52,,
gp:AOqpTOGpoeSW4yhtCTwuWM3fQwqVKzLVXtcxgF5ySuxxaEgtr00PfncZZX3AekAMBH572I7EPsf3jeMgW4fGfnI,Kevin Mc,https://play-lh.googleusercontent.com/a-/AOh14GjDZUJH06blRh9y-9aTuvlSG0OQ_aUOtNcvzCiVwWU,Nice apps,5,0,,2016-08-09 20:12:22,,
gp:AOqpTOEpQ1kLWNDSaCByLDYqWE-F7QasDkP8GBcdRBj1ungNNDPJ3SgwN0GH9wiIt_k1m2W9TIOXB4ThceYA0xk,Daniel Mooney,https://play-lh.googleusercontent.com/a-/AOh14GjoxSmnlws83gYAanPK8LR0hd81beICnB6aYwDOsRg,It works very well. Does what I need it to do. The only fault I have with it is that the icon somewhat resembles a pile of poo.,5,4,1.5,2016-06-29 05:13:11,,
gp:AOqpTOH02ipis62_9gLeUFehfRtehat24PEl1Hgkr7Xn-4r2Vfs4pf-lRT85rRJSOO6cKzGvAskdyoTVKZdq1Zk,Muhammad Salman aslam,https://play-lh.googleusercontent.com/a-/AOh14Gj_a01U35y4jvBFzaASoVafMUEaiBMG8QE4mb9VFek,Awsome,5,1,1.5,2016-05-17 12:40:42,,
gp:AOqpTOHiZTkVzhZJwh_O3o3PAu35IHpTCgFpszDQrF9DMMNdHVPsPLMrztJESHEuejIA9kuqxRrFqNKd43vsxlo,Márcio Rodriguez,https://play-lh.googleusercontent.com/-1fKlvBQ2cOQ/AAAAAAAAAAI/AAAAAAAAAAA/AMZuucnbes15c1l7DM7lfArQB60h4u727w/photo.jpg,It Works,4,0,1.5,2016-05-06 12:33:05,,
gp:AOqpTOEnwNFMYGujKTY3LzIXznwuAcP9VfGAeFXnUhzDoLJLvdC0lCz2Inw4LLqzfv7hw8JmIh-EJN6nu4IPLtA,livingabovethe12th,https://play-lh.googleusercontent.com/a-/AOh14Gih3A6AZddABaTek1W48ouvh_kBMBRkHaYUZglV,This paid version allows u to calibrate your phones mic with pink this making the rta info actually useful. And u can get to 1/6 and 1/12 modes with the pay version...those 2 reasons are worth more than $5 imo. Been running it side by side with Smaart 7 on a thinkpad with a KT analyser mic and $900 usb pre....the smart display and the calibrated phone display read IDENTICAL from 60hz to 10k. The phone rolls out kwik below 60 and above 10k. So smaart does have the advantage there. $5000 vs phone + $5. :),5,38,1.5,2016-05-01 21:14:04,,
gp:AOqpTOGzfDux3SNXu-eaUjr9mO-FiyktQ3zzfkdCy33LvAU31XLuT1dhOZbEXmNaU3jmths5B4P35Ce7C_V6nzY,Gary Hays,https://play-lh.googleusercontent.com/a-/AOh14Gg9nYDVD-o2-PBpZm7jvyhKh-b5R3iB3xx1V4-M4Q,Can't even open it on Galaxy Note 4.  Ripped off my money.,1,1,1.5,2016-03-12 10:11:50,,
gp:AOqpTOGi94AImI5ZeMu4Eu6x18O7jNZYozUiuarqP1Zo_JFAjeXM5uxJ896_pz-S_lwUel7U07P8URkGCFgJaIs,Adam Lederer,https://play-lh.googleusercontent.com/-kH8FyT2A4rA/AAAAAAAAAAI/AAAAAAAAAAA/AMZuuckNXqkMFLNb6hJrnUEZ-HaNDfE1zA/photo.jpg,"Seems to work great, but only half the time that I can get it to even start up on my S4.",3,0,1.5,2015-05-27 05:58:04,,
gp:AOqpTOFFh4u6LYljIv-DBeWI8yfFfVteFePjXiullPGvugcx1pNcpK9Kn9-DJwYvhyeLoYwjrIA4VpW4T0x81Bk,Tyler Lagermann,https://play-lh.googleusercontent.com/a-/AOh14GgFLGW33-iEoQdmdw1OY2S9QNUh_6AU3COkPghR,Good and solid but crashes on calibration s5,4,5,1.5,2015-05-02 08:28:25,,
gp:AOqpTOEtn0ALyuGg9EGYq9sdjV-pD3J0--j9aJZqfcd3-h-NSAmDkYPK2w0kwg3uFeQQ-xRxlmhz_yAPKTQyWgg,Chris Mcilroy,https://play-lh.googleusercontent.com/a-/AOh14GhwWpGEtatAz3Oe6tm9iVbaTmIwBkf8fPOpGeXuzA,The app crashes upon starting a new calibration. Without mic calibration this app becomes worthless. I'm using a Samsung S5,1,11,1.5,2015-04-18 11:02:28,,
gp:AOqpTOHBm-tqnLaeMqplbNMGXrOeK6U3nKCMo8sdxRs2mueHm_tJ-akvHuMrF7WGOTfGH8TPJzPcdLiGVTmPaoY,A Google user,https://play-lh.googleusercontent.com/EGemoI2NTXmTsBVtJqk8jxF9rh8ApRWfsIMQSt2uE4OcpQqbFu7f7NbTK05lx80nuSijCz7sc3a277R67g,Bun,5,0,1.5,2014-12-12 08:35:08,,
gp:AOqpTOHQTtOZXfr09YxbcaaJHSdFYBH_XaVjrOVKj0R8kkb4ARNdWfHfObxlTdhHvCSFdIHYpbLyhvZ7hCxb4vU,Tariq Khan,https://play-lh.googleusercontent.com/a-/AOh14GjTzXcdrPvMtjR57cUdR9eCZFIzAqCjs8NHdCq_fQ,Samsung s4. Needed it NOW to tune a car. Sucks.,1,2,1.5,2014-11-23 10:25:58,,
gp:AOqpTOHR6QwJPYOp-ClL2ne-_s9EOFp-zXqIJ9eKZ669JM1tA2rnA1o_Ytv3lrUvxcpMiMp1ljHA_BoC8gWuy40,Bruce Uhing,https://play-lh.googleusercontent.com/-q_H_kqiqK54/AAAAAAAAAAI/AAAAAAAAAgg/AMZuuclJPwo7xKiJBMSClwrsM9TJoOrUeQ/photo.jpg,Love this!...the best out there!,5,1,1.5,2014-11-05 08:38:13,,
gp:AOqpTOGRIad5PYsRPk8dALAL5g_2iS-7kW9EFwgr3s4cCXYaiCjqtp72r956VgCeKJ_1QZFKT3A_TIZ4THodc9Q,John McCulley,https://play-lh.googleusercontent.com/a-/AOh14Ghic1XTzuUrNcCfAZLVayZ86vwj67e8HWzBBq2mwQ,Audio analyzer,5,1,1.5,2014-08-23 17:48:40,,
gp:AOqpTOFW2anvmH8_sS0AG1maO7xHdkwDOlpX_MnW2x6MRiCSyaqUb4Uvsx6LILNHaQcvks2HAwRLKLNOqoYcRqI,JCarlos Soto,https://play-lh.googleusercontent.com/a-/AOh14GgnPZbd9-w2s4oubG3rMloqZv7SHddRdYCHoc4z,So far is really handy this app. I do live sound and it works just fine ..,4,2,1.5,2014-08-12 18:25:37,,
gp:AOqpTOF2yzA9bEeMrETENbztWeW8xI6ZUXfjgtCLQeN2B3PIJ4ia_N3HuUnrHmiwKJTmm0sZ2ALn00cwgjDVcuI,David Peters,https://play-lh.googleusercontent.com/a-/AOh14Gh9lefiW86yakQ_gNUecMJ5i_FVtWp44D5RHMfK,Absolutely amazing with a calibrated mic,5,0,1.5,2014-07-09 17:02:32,,
lg:AOqpTOGsMoGxizqsKQpfmiAakwEokaYTk3OsQfnAlRIQ7OytIFrhv3rbNsBU-hpIMa2R5qZhbHD5bjrQvD1wx6I,A Google user,https://play-lh.googleusercontent.com/EGemoI2NTXmTsBVtJqk8jxF9rh8ApRWfsIMQSt2uE4OcpQqbFu7f7NbTK05lx80nuSijCz7sc3a277R67g,Still a great app,5,0,1.5,2014-06-13 19:42:46,,
gp:AOqpTOFUCD68PtjAvXtZMyuaLJsAA_EOvpMD5WlxQdBxIxafLEA97wAY8ElR5c_NoU0XxETagMiZ7A3apOhSFog,Wes Jett,https://play-lh.googleusercontent.com/a-/AOh14GiVBilZZfkmvEGc6ad7pPVaX-IEDumNhKQ6pmegkg,Used this app to ring out monitors and front of house in a new venue. Worked wonderfully even without calibration.,5,6,1.5,2014-05-02 13:43:30,,
gp:AOqpTOE0PKN6-CLWXky4dmeYVw5XA9sME3jeCC29-9e_7Q05YMBsYQVyCwKwvx5BRMv00FrJHD6a3lt1wuqHCLQ,Neil Fein,https://play-lh.googleusercontent.com/a-/AOh14Gha3Fshy-v7F-9pGypfOIrQlKnzIvSQHpQONqNRYQ,"I use this mostly for ringing out monitors in live shows, but it's handy to use throughout the show to monitor for problems and help guide EQ decisions. Easily worth the price for the pro version.   It could only be improved by having a more customizable (i.e., you can set the frequencies monitored ) 31-band setting; the 31-band EQ is common in live setups. The 30-band setting doesn't quite map to my rack EQ. But this is a minor point; it's close enough!",4,33,1.5,2014-04-18 09:55:35,,
gp:AOqpTOFMldB1D8k25dcIoS1EQtu4tk_m1kJJLM_p8AnfRib15OqsgIOCbXXYmTPtRvWUn7tpcgJDJLdZZL8PXg0,Ritch N.,https://play-lh.googleusercontent.com/a-/AOh14Gg1gq4GtoRWTJAbGetBgfX_AiCqKJCQMUazndIekQ,"Simple,  solid and ready for work.  I've been a professional audio engineer for nearly a decade and this little app still impresses me.",5,8,1.5,2014-03-25 22:45:49,,
gp:AOqpTOE68KSn0CoQhOWYXsphku6eGjQa5IcMu1HH6T_s9UWdTTul00EEHZJNsWo4nsxAmRSE9kU7MoOJI4m3nUE,Al valle,https://play-lh.googleusercontent.com/-4WhPFbQQaqQ/AAAAAAAAAAI/AAAAAAAAAAA/AMZuuckKGhdjM2lyzS4rze0FPCJDQAzdlQ/photo.jpg,"I design and build home and car audio, systems great app on the fly and for quick tunes.",5,1,1.5,2014-03-20 16:55:17,,
gp:AOqpTOH0Tpr5PVI52gxQItQ0VP_zZeRsKHPrCzKGGiAOTnV91yeWiQMRR6ViW7OvLPlrfXYQ5ZVh7THCXlDMHoo,Myles Roen,https://play-lh.googleusercontent.com/a-/AOh14GiThoTY4DHMSQcMmrZNObW_PJoWtmXNfToVOlGejnw,Great app!,5,1,1.5,2014-01-03 12:02:06,,
gp:AOqpTOF-lFkQz65JadhT6tTbwFajQ-phLMzyjQidLGWMinSYepMeDfNcmmKSeQ3zS4KZ_rcYidOmKQHm2IMynwY,Mark McBreen,https://play-lh.googleusercontent.com/-ILyumrKJAXg/AAAAAAAAAAI/AAAAAAAAAAA/AMZuuclrcL3XzrdHVz6pZAgt38LsHjxNmw/photo.jpg,Incredibly useful app,5,0,1.5,2013-12-09 16:40:47,,
gp:AOqpTOF6q2tVWWreFTtLtn3QCBHMEtcu44bwAHKCaE20Uog1ArKIoJ6PHKZNSpSvFQkNBrtYuUsSqBLuBr12yvo,Rodney Daniel,https://play-lh.googleusercontent.com/a-/AOh14GiIRVbRFgKMKbw90WXhh8ivIJ-FTvdOWLaoyUQ6,Does what it says.,4,0,1.4,2013-12-08 14:04:33,,
gp:AOqpTOG4QY-kipzwm1PGpiaoancPXRTJtfy6wWwBUhRKxeLX9F9yzHIK1I6URgQAcnW4MpuxHWlmVpmNspu9xKI,A Google user,https://play-lh.googleusercontent.com/EGemoI2NTXmTsBVtJqk8jxF9rh8ApRWfsIMQSt2uE4OcpQqbFu7f7NbTK05lx80nuSijCz7sc3a277R67g,"This tool looks good, and really speeds up the process of identifying nasty tones and eliminating them without having the magic ears some audio engineers are blessed with.  Had an issue with my new tablet, and the dev responded and fixed it in just 1 day. Massive ups to the dev!  For those that whine that this is inaccurate, this is a tool for live audio engineers to quickly identify what you are hearing. You have to remember that the internal mics are the problem. If you need accuracy, get a $1000 reference mic and plug it into your device and then you can actually argue with the accuracy. This is not a replacement for the real thing, this is a application that allows you to get a few of the most useful base functions of the real thing without the cost and form factor associated.",5,3,1.4,2013-12-02 12:14:52,,
gp:AOqpTOGPobtQ5s1vLF37_e4JhH_pogYkPhnA-s63wu7OdloNWDIff2QLeshB_hzLAORO7BS7F4VwoBjCEWH2BJY,A Google user,https://play-lh.googleusercontent.com/EGemoI2NTXmTsBVtJqk8jxF9rh8ApRWfsIMQSt2uE4OcpQqbFu7f7NbTK05lx80nuSijCz7sc3a277R67g,"It may be that I need to better calibrate this app to my HTC One, but my results were only so-so. I used the app to adjust my 13-band kenwood excelon, and ended up wanting my old EQ, set using Octave rta on iOS.  I'm considering AudioTool with Dayton Audio iMM-6 mic,next, as that combo has a prebuilt calibration and the Dayton mic is quite cheap. If that doesn't work, I'll be borrowing a friend's iPhone for an hour!",3,2,1.4,2013-11-25 10:26:44,,
gp:AOqpTOGOvX78uXwPljOPLCJ6kFsozanYR4rd2X4PSOF7GEhQseK1OlFE0jIex1ZcvEoRTY6xy8-E3wXjSTmYyXI,michael f,https://play-lh.googleusercontent.com/a-/AOh14GiEHOuaW_Q8Sc3KTqEg7q9qv90XJeNavNdkrCFY,Now crashes on create new calibration 5 stars if it still worked on sgs3,1,1,1.4,2013-04-12 06:55:59,,
gp:AOqpTOH6XROA3JHrnu7WiI7uEYNgokSqB7soDcRm0TokpI-Bt0oZ3FwHduzsJMuVv5yUyXjwPEE2gdoHjgH7oOk,Eric Hoelter,https://play-lh.googleusercontent.com/a-/AOh14GjNAvfuS5bEGEB7P8VBTRHzP25ECt2h2_r5PAW57T0,FC when I try to calibrate. Re-installed. No luck.,1,1,1.4,2012-12-30 05:50:43,,
lg:AOqpTOHUWKtr_8WW-_TgxEofNfBs3EiUo29zPhLfAY5QyI0dci_KkOYhnMF3Z04EeJ79f_Pbf7z7YfQLl5Fn5uU,A Google user,https://play-lh.googleusercontent.com/EGemoI2NTXmTsBVtJqk8jxF9rh8ApRWfsIMQSt2uE4OcpQqbFu7f7NbTK05lx80nuSijCz7sc3a277R67g,"no response above 4000 Hz on Sony S, dont know if it is z hardware or software issue.",3,2,1.4,2012-11-19 07:39:39,,
lg:AOqpTOEqxEg_XRC9DvAiNo5dotLNWy7kTc2PkFmo6NbgEXfco__eIsU2M0sh53rnydZetA7ptdOcCW69IwRWdHI,A Google user,https://play-lh.googleusercontent.com/EGemoI2NTXmTsBVtJqk8jxF9rh8ApRWfsIMQSt2uE4OcpQqbFu7f7NbTK05lx80nuSijCz7sc3a277R67g,HTC evo 4g,5,1,1.4,2012-08-21 15:35:04,,
lg:AOqpTOGzImoX8Ud8mkgL679uXlH-i1jLDakrvdOa9k00lhIuFT7ld7REF6a-PqeHwtD9PnQ11gBUskYtKXcb2-8,A Google user,https://play-lh.googleusercontent.com/EGemoI2NTXmTsBVtJqk8jxF9rh8ApRWfsIMQSt2uE4OcpQqbFu7f7NbTK05lx80nuSijCz7sc3a277R67g,"So handy for quickly ringing out a system when there's no time to set up a proper RTA.  Great app, tho -1 for lack of clear instructions on calibration",4,3,1.4,2012-07-28 17:27:12,,
lg:AOqpTOHhfK9c6k_YSBBcTj3LF9Cwd20iqqGOoxrGZqlAZO12GwfO_m0FADuPjFny5hq8nWc42drfDpI3HMTc53o,A Google user,https://play-lh.googleusercontent.com/EGemoI2NTXmTsBVtJqk8jxF9rh8ApRWfsIMQSt2uE4OcpQqbFu7f7NbTK05lx80nuSijCz7sc3a277R67g,"After messing with the free version it seemed to be a nice quick tool to have.  I figured that the ""PRO"" version would have a selection to put the meter into dB-SPL mode.  No such luck, dBFS is useless as there is no conversion to dB-SPL, or any other dB analog measurement scale. I very rarely purchase apps, and regret buying this one.",1,5,1.4,2012-05-14 17:57:50,,
lg:AOqpTOHRDyGHEzwFRAcU-5xnbSDJF-OiH3dZb-R3FyVEBJ2nzGJ819IMUCYtuRfC4OH2J_rwS7dwf_0dU1TbBeI,A Google user,https://play-lh.googleusercontent.com/EGemoI2NTXmTsBVtJqk8jxF9rh8ApRWfsIMQSt2uE4OcpQqbFu7f7NbTK05lx80nuSijCz7sc3a277R67g,Theres no use for this app unless its calibrated. Would be nice if there was a calibration file for each phone.,5,8,1.4,2012-02-16 19:05:09,,
lg:AOqpTOEV-ig9lozOQ85Px_IZzPk0kyN-J3d3hfcAM_4ZQW8t7qEtEB2rSxEJjbvb7-s4iSnY6e38oy25e9PuFZg,A Google user,https://play-lh.googleusercontent.com/EGemoI2NTXmTsBVtJqk8jxF9rh8ApRWfsIMQSt2uE4OcpQqbFu7f7NbTK05lx80nuSijCz7sc3a277R67g,I love using this app but I get the same bouncing symptoms other RAZR users are having. I also need this app for my sound-tech work and can't use it on my Nook Color because of the lack of a microphone.,1,3,1.4,2012-02-11 13:40:58,,
lg:AOqpTOHxFOVRpvcQ1r6Rwpk0cF_dbHvPUfjfAW5q5GfE1kaPppAnO-CUBipOZZfG7DA9b80VgDV_Yh3yl8sZ1Ek,A Google user,https://play-lh.googleusercontent.com/EGemoI2NTXmTsBVtJqk8jxF9rh8ApRWfsIMQSt2uE4OcpQqbFu7f7NbTK05lx80nuSijCz7sc3a277R67g,For the money it's 5 stars. I just wish it had a few more features and I would rate it 5 stars overall,4,3,1.4,2012-02-08 16:41:28,,
lg:AOqpTOEsUAva_C5LZ6dHdsYTu0UZWBy5hfIWveohMFDS_UcgKyNHHiiWJMepL0FnYcc6gU7YEoimS_qnqTbPzQc,A Google user,https://play-lh.googleusercontent.com/EGemoI2NTXmTsBVtJqk8jxF9rh8ApRWfsIMQSt2uE4OcpQqbFu7f7NbTK05lx80nuSijCz7sc3a277R67g,"I purсhased this application for my Motorola Razr xt910. Application no working, scale is jumping and not responds to the signal. This is audio bug in most application that using phone microphone. I hope that in future this problem will be resolved.",1,2,1.4,2012-02-01 23:01:37,,
lg:AOqpTOF5G9b85jRul2Y9qoCaTLJJPeBTHPwUy5--YvYGmHjMwZzQPzrY67LIPCYeC9h1OI7Kn9mSFENaHo3V0kE,A Google user,https://play-lh.googleusercontent.com/EGemoI2NTXmTsBVtJqk8jxF9rh8ApRWfsIMQSt2uE4OcpQqbFu7f7NbTK05lx80nuSijCz7sc3a277R67g,Needs to use full screen for display. Get buttons off the display and use the devices menu button. Use colors.,2,1,1.3,2011-09-25 11:00:38,,
lg:AOqpTOEJGsfHoYVwq8P8KV5QtqbS4dBrtGluvnUw99Pa52I7CAvT0s2E1rlp58mr4CJ6utcDrBlxqNOQ1biGTto,A Google user,https://play-lh.googleusercontent.com/EGemoI2NTXmTsBVtJqk8jxF9rh8ApRWfsIMQSt2uE4OcpQqbFu7f7NbTK05lx80nuSijCz7sc3a277R67g,"Works great. Very accurate, especially when calibrated. UI could be better but still good. Allow fullscreen and fill screen on DROID x=5 stars.",4,0,1.3,2011-08-28 13:25:41,,
lg:AOqpTOHvCYvVyxVJWRn2SSa5f6_JqM6K2aeFFyFN-gMlamlaUkaknrvLmL_JpDzYX2C9xGRpt82RHDXp_aUUgEA,A Google user,https://play-lh.googleusercontent.com/EGemoI2NTXmTsBVtJqk8jxF9rh8ApRWfsIMQSt2uE4OcpQqbFu7f7NbTK05lx80nuSijCz7sc3a277R67g,Needs to fill screen of DROID X. Get rid of constant display of color and options buttons,3,1,1.3,2011-07-08 13:13:50,,
lg:AOqpTOFNga-3Tq7H9vIdAxDdvOZxQeOBBcUYqSe7joob8o-NuzdFzLhHw7j8K3dJG6baNUjkgRLdqHa5dHNu12s,A Google user,https://play-lh.googleusercontent.com/EGemoI2NTXmTsBVtJqk8jxF9rh8ApRWfsIMQSt2uE4OcpQqbFu7f7NbTK05lx80nuSijCz7sc3a277R67g,Very cool; works great. But it does not fill the screen on my Motorola Atrix. Please update to support higher resolution.,4,0,1.3,2011-07-06 22:11:41,,
lg:AOqpTOEbQFKp5T3ycApIMDnwtUba3LwHkyBuNlChA369ULcU6flaKvCoJzqCfuJPc4Gin6oNl1qxrBq6dQj4H5M,A Google user,https://play-lh.googleusercontent.com/EGemoI2NTXmTsBVtJqk8jxF9rh8ApRWfsIMQSt2uE4OcpQqbFu7f7NbTK05lx80nuSijCz7sc3a277R67g,Only fills a small portion of the screen. Told dev a loooong time ago. Still no fix.,1,0,1.3,2011-05-21 06:23:10,,
lg:AOqpTOGuHP1MXJbTs5YRVcBP9Y1VAxy9K6Y-VhzJNiOKKf23YB2xRWnvLCWXN07SxM4RlynDLxAUxXfObbImjhc,A Google user,https://play-lh.googleusercontent.com/EGemoI2NTXmTsBVtJqk8jxF9rh8ApRWfsIMQSt2uE4OcpQqbFu7f7NbTK05lx80nuSijCz7sc3a277R67g,Useless on my ATRIX. All the this Ap receives is some sort of very loud Hiss noise,1,0,1.3,2011-05-04 15:19:35,,
lg:AOqpTOGvF23A4zw-aeHvQ1hFaGjambrcqpDuwNJm5p687Qj5hf6iPEh2qiTeG_IPUBZJLcPpnKSpsYZYqGHupV0,A Google user,https://play-lh.googleusercontent.com/EGemoI2NTXmTsBVtJqk8jxF9rh8ApRWfsIMQSt2uE4OcpQqbFu7f7NbTK05lx80nuSijCz7sc3a277R67g,Was working fine. Keeps closing,5,1,1.3,2011-04-19 19:35:56,,
lg:AOqpTOEdUvs57NgBPupNthY6GCF51KPHvarzmXTM6OJruCtUjn3NhHjFuuTAyBO69oaItTGpRuuanE94q01aBdU,A Google user,https://play-lh.googleusercontent.com/EGemoI2NTXmTsBVtJqk8jxF9rh8ApRWfsIMQSt2uE4OcpQqbFu7f7NbTK05lx80nuSijCz7sc3a277R67g,Doesn't work above 8khz on a nexus one.,3,0,1.3,2011-03-30 20:10:42,,
lg:AOqpTOGUqHO2TVwfAa8FhwSgkwOVLa0dsXo3TxXWnwO4TgVljybCoX9xX9gsac3_UTjpSG2cB4_D8jOlimUavr0,A Google user,https://play-lh.googleusercontent.com/EGemoI2NTXmTsBVtJqk8jxF9rh8ApRWfsIMQSt2uE4OcpQqbFu7f7NbTK05lx80nuSijCz7sc3a277R67g,Not much headroom for it to be usefull to me. But it works if its quiet enough,3,0,1.3,2011-03-03 13:50:38,,
lg:AOqpTOFefQmbqUhCwyTLl0vIHro_AIMuVg4-SIMFzw3UopPwB3-1N2NeRM3GecVaBX2gRN5KT2IwbJLpMO4lAfc,A Google user,https://play-lh.googleusercontent.com/EGemoI2NTXmTsBVtJqk8jxF9rh8ApRWfsIMQSt2uE4OcpQqbFu7f7NbTK05lx80nuSijCz7sc3a277R67g,DLed products ver. Audio configuration is not setup for my device. But you say on the market fixed for Samsung phones!? What gives?,1,0,1.3,2011-03-02 14:56:05,,
lg:AOqpTOFUFHf6q6xB4jO4SUtZSZ70Nxsd8hKVvoEo4PVQNIaNZh_md6HdSCGLyzMUDjfxLgaYG02eKYA4jceSCOg,A Google user,https://play-lh.googleusercontent.com/EGemoI2NTXmTsBVtJqk8jxF9rh8ApRWfsIMQSt2uE4OcpQqbFu7f7NbTK05lx80nuSijCz7sc3a277R67g,"Cool! I wish for additional setting's update, ""Anayzer"" - wrong spelling.",4,0,1.3,2011-02-28 14:28:49,,
lg:AOqpTOGegjiEbLoOf_wEL7c7jtttYnd6PKPj5j9Pe7-2tX9TOJsnSRv1vGwyjwCdJUwEJIwRHK4QC8POyLpL4lM,A Google user,https://play-lh.googleusercontent.com/EGemoI2NTXmTsBVtJqk8jxF9rh8ApRWfsIMQSt2uE4OcpQqbFu7f7NbTK05lx80nuSijCz7sc3a277R67g,Need to update to be able to choose different microphones on the droid x... so you can calibrate with the front microphone to get a more accurate read,4,1,1.3,2011-02-04 09:25:25,,
lg:AOqpTOGRn1Fu7yr2daiKeH_sogJlKTNg1wxK8p6KTLFdeSIUOGzilsFi1_dvU_VjXooc0y939yqnrUuejJYUt5o,A Google user,https://play-lh.googleusercontent.com/EGemoI2NTXmTsBVtJqk8jxF9rh8ApRWfsIMQSt2uE4OcpQqbFu7f7NbTK05lx80nuSijCz7sc3a277R67g,"wow!!! leaked 2.2 cured all woes for Epic. /rta finallyworks as it should (able to select 120 bands with no glitch!) //epic, 2.2 leak dk28",5,1,1.3,2011-02-03 10:35:18,,
lg:AOqpTOG4jM-H8oJPqRl7BL9iBvijeV4pK6vDXYUCP3DMWC6e_ZzdpXenyOqzUEw04t78ek_MRzHMnvyx1SRU3ns,A Google user,https://play-lh.googleusercontent.com/EGemoI2NTXmTsBVtJqk8jxF9rh8ApRWfsIMQSt2uE4OcpQqbFu7f7NbTK05lx80nuSijCz7sc3a277R67g,"Use it with my band, It's great for finding those pesky bad frequencies :)",5,0,1.3,2011-01-27 15:50:57,,
lg:AOqpTOEtTJy_XAFwq14Um3C7_Br-6nQhvpDf0tMt4hGKqIRo2QbH3R9dDA8sG1qyCgY81vtuz93VzrTh0DMOYE4,A Google user,https://play-lh.googleusercontent.com/EGemoI2NTXmTsBVtJqk8jxF9rh8ApRWfsIMQSt2uE4OcpQqbFu7f7NbTK05lx80nuSijCz7sc3a277R67g,This is a cool idea but the app needs to be able to measure louder noise.. -0.1db is not loud enough.,2,2,1.3,2011-01-16 13:59:17,,
lg:AOqpTOF9Jg9K8QUHrLHkfyI6dkCdoNhaMevULV8FKrYQ2DO4inQhTG4x5X0ILlWOkueYYFDpgfQY2eLXrndSCAw,A Google user,https://play-lh.googleusercontent.com/EGemoI2NTXmTsBVtJqk8jxF9rh8ApRWfsIMQSt2uE4OcpQqbFu7f7NbTK05lx80nuSijCz7sc3a277R67g,Extremely cool application. I wish there were scaling options for a range of db and frequencies,4,2,1.3,2011-01-07 00:45:38,,
lg:AOqpTOEkanfEJltzFA4-htik2VnjjtF5_Oadvly7P6pXZvVEmfutispVoXNOPpPU7s3ul0_na63bIytxncsiRdQ,A Google user,https://play-lh.googleusercontent.com/EGemoI2NTXmTsBVtJqk8jxF9rh8ApRWfsIMQSt2uE4OcpQqbFu7f7NbTK05lx80nuSijCz7sc3a277R67g,Love it! Great for determining specific feedback frequencies.,5,0,1.3,2010-12-17 06:00:26,,
lg:AOqpTOHTDWJix6OUlqzEOlcLls7m8JV_lOWZ8G-BoazsXmBVY2PEnXUzYhY_kPkju_8ucUILUBjLRCgLAWshtUo,A Google user,https://play-lh.googleusercontent.com/EGemoI2NTXmTsBVtJqk8jxF9rh8ApRWfsIMQSt2uE4OcpQqbFu7f7NbTK05lx80nuSijCz7sc3a277R67g,Amazing app. Perfect when our spectrum goes on the frits!,5,0,1.3,2010-12-10 14:56:18,,
lg:AOqpTOGbIJQd7f7eOzWLgdMkGLd006SA05MBl9zwVqNwOyvfFZw-yQ4JYx4vw4TJFmi8j0fusk8Rs2j4iDrU03A,A Google user,https://play-lh.googleusercontent.com/EGemoI2NTXmTsBVtJqk8jxF9rh8ApRWfsIMQSt2uE4OcpQqbFu7f7NbTK05lx80nuSijCz7sc3a277R67g,Great app. The level of detail is perfect for most gigs and installs. Figuring out how calibrate with pink noise is still a problem for me.,4,1,1.3,2010-11-30 05:39:13,,
lg:AOqpTOHSPjCB2DM6xSYJyTXfDEqL1AXEJn5Fvx2IVokGqst7_OreuNHJ7vCH6NWxJLf7qEqTqS-P6Gxl6hxdaQ4,A Google user,https://play-lh.googleusercontent.com/EGemoI2NTXmTsBVtJqk8jxF9rh8ApRWfsIMQSt2uE4OcpQqbFu7f7NbTK05lx80nuSijCz7sc3a277R67g,Invaluable! Perfect for an on-the-run sound tech. Helped me setup a new mixing studio with barely any equipment!,5,0,1.3,2010-11-24 08:05:39,,
lg:AOqpTOG7Kl4Sfr3V_eJXa07AVC7WWePMVgSB2fe9oIR8Kx4ZBHxGtu2JW-X8OB8KcQvtaz5Acx8xaSm-VqEW8nU,A Google user,https://play-lh.googleusercontent.com/EGemoI2NTXmTsBVtJqk8jxF9rh8ApRWfsIMQSt2uE4OcpQqbFu7f7NbTK05lx80nuSijCz7sc3a277R67g,Works like its supposed to but it peaks out at 100 db which is a problem if your doing live sound. Fix and get 5 stars,4,2,1.3,2010-10-23 08:24:14,,
lg:AOqpTOG57EVeTyKD_gVQmo2GdwuU6Ql50__Q1ohEbMvR8Ygt_ivPScgKWTan-900CGD4XmknnAM2IPBGyqKY5Yo,A Google user,https://play-lh.googleusercontent.com/EGemoI2NTXmTsBVtJqk8jxF9rh8ApRWfsIMQSt2uE4OcpQqbFu7f7NbTK05lx80nuSijCz7sc3a277R67g,Highly recommended for A.V. work!!!,5,1,1.3,2010-10-07 12:47:12,,
lg:AOqpTOEVfOMsAyBiw8zhUy0b0YsD8FfSYJlfV4v1ssqJLXHtrD9PmMP--srsZsiErm-i1nFGHcvVgErd7f-sdCA,A Google user,https://play-lh.googleusercontent.com/EGemoI2NTXmTsBVtJqk8jxF9rh8ApRWfsIMQSt2uE4OcpQqbFu7f7NbTK05lx80nuSijCz7sc3a277R67g,"Works very well, Great app!",5,0,1.3,2010-10-06 06:20:10,,
lg:AOqpTOGYYMKXHRIL9vUotadi0BzWwqVkooCYMS-0YW9XbD0XvPRNZQ1lxWUMpMaN94SkB8uft953_aDkAXv8JCc,A Google user,https://play-lh.googleusercontent.com/EGemoI2NTXmTsBVtJqk8jxF9rh8ApRWfsIMQSt2uE4OcpQqbFu7f7NbTK05lx80nuSijCz7sc3a277R67g,Incredible app! Highly recommended for engineers and audio enthusiasts alike. Would like to see settings for freq & db range displayed.,5,1,1.3,2010-09-27 15:20:54,,
lg:AOqpTOFt0V5Lvs16E4rSpFulkXQIZps8WK5DnLOazvDa-l-iYAuDPY1cs19XuJOPIgmQ-eET4KLrPBKDYQGIXSw,A Google user,https://play-lh.googleusercontent.com/EGemoI2NTXmTsBVtJqk8jxF9rh8ApRWfsIMQSt2uE4OcpQqbFu7f7NbTK05lx80nuSijCz7sc3a277R67g,Works well on my Vibrant. Use it for our mobile church... SoundChurch.TV,5,1,1.3,2010-09-25 19:29:41,,
lg:AOqpTOEEBqktIyLak7_mlzY1xMPhbK1bSAaCALqsftb3iuUItIYVkmRpHB8cdxBMzO3FpOf5niHDPZ-4cUQPQp0,A Google user,https://play-lh.googleusercontent.com/EGemoI2NTXmTsBVtJqk8jxF9rh8ApRWfsIMQSt2uE4OcpQqbFu7f7NbTK05lx80nuSijCz7sc3a277R67g,I will know how good it is when I input a pro Mic and see if it will bypass the internal mic. If it stands up to standalone rta will be awesome.,5,2,1.2,2010-08-29 01:07:27,,
lg:AOqpTOEqj6wpJ7c4Jxjf3XOMmYs2XtEmeRL4gybmn4KSgaKG1r5V3K1svanwh0KuwqkBTjgzVL2tXaOG59uthJI,A Google user,https://play-lh.googleusercontent.com/EGemoI2NTXmTsBVtJqk8jxF9rh8ApRWfsIMQSt2uE4OcpQqbFu7f7NbTK05lx80nuSijCz7sc3a277R67g,"But, you spelled analyzer without the l in one of the settings. Oops.",5,2,1.1,2010-08-25 14:27:28,,
lg:AOqpTOHNRRbUvC-InNaV4rX0kFrPRySscsDONKtuu41j2mWeLADalNx76qc6R1aWD39VDsAh_Ckm6aU9NAw5gtc,A Google user,https://play-lh.googleusercontent.com/EGemoI2NTXmTsBVtJqk8jxF9rh8ApRWfsIMQSt2uE4OcpQqbFu7f7NbTK05lx80nuSijCz7sc3a277R67g,"Freezes up constantly on motor Droid. When it works its accurate. Otherwise, pretty worthless due to the freezing up issue.",3,0,1.03,2010-08-16 12:44:42,,
lg:AOqpTOGcMjL4sVDYIoiYvBDz8O460KO4AG_b_FOyUBBrmqbNntlHtSqU1WO8MG8uock4-w8aig2w61nzmm2ii54,A Google user,https://play-lh.googleusercontent.com/EGemoI2NTXmTsBVtJqk8jxF9rh8ApRWfsIMQSt2uE4OcpQqbFu7f7NbTK05lx80nuSijCz7sc3a277R67g,"Great reference - I use at work a lot for quick reference. Also finally trained myself to whistle @2.6k (novelty), though meter only shows 2.5 or 2.7",5,0,1.03,2010-08-06 01:42:27,,
lg:AOqpTOFz0lQ1z0i0m0Np5yb0WFuonutGATrb57a7kLKl0zzffidGVHswVA-2oxwNPU7DOEYacmp6KIyO-9rt0Ac,A Google user,https://play-lh.googleusercontent.com/EGemoI2NTXmTsBVtJqk8jxF9rh8ApRWfsIMQSt2uE4OcpQqbFu7f7NbTK05lx80nuSijCz7sc3a277R67g,"How long does calibration take? Do I just play pink noise on system and hit start calibration on analyser, and then wait? Better instructions please.",3,1,1.03,2010-06-26 04:55:04,,
lg:AOqpTOE6RX3LaQc0O6tR5HdNmZ-4UYRMPkeFUJr6rNqUmA-amiOFcwaGeccDZyiWDVHLKspDgn8-S5ytskmz7lU,A Google user,https://play-lh.googleusercontent.com/EGemoI2NTXmTsBVtJqk8jxF9rh8ApRWfsIMQSt2uE4OcpQqbFu7f7NbTK05lx80nuSijCz7sc3a277R67g,Grate app would pay $10 for it if i could controll gain and level,5,0,1.03,2010-06-20 09:16:03,,
lg:AOqpTOEgwGTw8LeH3C9ZTCeV0ZT6YaCyn_wbc-Ck7sae9uaIx7IfZkIpqmYhg0FyVP6j88m0pqNZkmG1L-azbe0,A Google user,https://play-lh.googleusercontent.com/EGemoI2NTXmTsBVtJqk8jxF9rh8ApRWfsIMQSt2uE4OcpQqbFu7f7NbTK05lx80nuSijCz7sc3a277R67g,Just starting out as an engineer and this is extremely helpful,5,0,1.03,2010-06-04 11:02:27,,
lg:AOqpTOGEQMl-p2la5hHqYbLYo7gQS1x_Qx_HjfpsfqoSpIx6hURu-zNCnYOHEJ4skQHcIM7gYKvXgEZPgXzoLgE,A Google user,https://play-lh.googleusercontent.com/EGemoI2NTXmTsBVtJqk8jxF9rh8ApRWfsIMQSt2uE4OcpQqbFu7f7NbTK05lx80nuSijCz7sc3a277R67g,A must for an audio engineer. It's no substitute for a pair of trained ears but a convenient second opinion!,5,1,1.03,2010-04-25 02:47:53,,
lg:AOqpTOEZImtqmc_CY0rc5D0ApzZU-oXj09iOLTWXdWuUb8SkSd2iFXjrMSyK6W7SzRlrsDpq1rD5-urqc9hPrh0,A Google user,https://play-lh.googleusercontent.com/EGemoI2NTXmTsBVtJqk8jxF9rh8ApRWfsIMQSt2uE4OcpQqbFu7f7NbTK05lx80nuSijCz7sc3a277R67g,Five stars if we could get a peak hold function.,4,0,1.03,2010-03-13 14:33:24,,
lg:AOqpTOHWxc7HSwTHuRk1a5jA-962xkHEmI8009W9IOB-dt3qRA6j1-uNZjvU8-cGhPovoGuw9Lnk5QYm5QTOCsg,A Google user,https://play-lh.googleusercontent.com/EGemoI2NTXmTsBVtJqk8jxF9rh8ApRWfsIMQSt2uE4OcpQqbFu7f7NbTK05lx80nuSijCz7sc3a277R67g,Im a FOH engineer at a church...seating 1000 people and this device works great for a mobile rta. ;),5,1,1.03,2010-02-28 06:57:41,,
lg:AOqpTOHgnM6txHF-4yR0b2FdAFObYB09K9V2i1uIdzTXKFBgepW0QLrl33vNtKckPHq-a5zqxDdNf5eDDK6UBDM,A Google user,https://play-lh.googleusercontent.com/EGemoI2NTXmTsBVtJqk8jxF9rh8ApRWfsIMQSt2uE4OcpQqbFu7f7NbTK05lx80nuSijCz7sc3a277R67g,Excellent app.,5,0,1.03,2010-02-16 17:04:48,,
lg:AOqpTOHpSShsrhjsH22BPeUw20tyTZ4_pFSQLlFkjR74n6eWEvndMW27IV3Lbd5lL_iZforGVmI4z3Q-UC_aKyo,A Google user,https://play-lh.googleusercontent.com/EGemoI2NTXmTsBVtJqk8jxF9rh8ApRWfsIMQSt2uE4OcpQqbFu7f7NbTK05lx80nuSijCz7sc3a277R67g,"Best one available, hands down.",5,0,1.03,2010-02-08 23:47:20,,
lg:AOqpTOFitCJZ4X7iRpKNSu6Z_TTcgQcMEJq8b6sKyFxojrqs9-1-MpdQkGRZDsOtvdl5OWxWQVbdg5QurrWm8bY,A Google user,https://play-lh.googleusercontent.com/EGemoI2NTXmTsBVtJqk8jxF9rh8ApRWfsIMQSt2uE4OcpQqbFu7f7NbTK05lx80nuSijCz7sc3a277R67g,Used it at my live gig and it worked great for feedback,5,0,1.03,2010-01-19 10:24:35,,
lg:AOqpTOE01eGRKDOF3amEXinHVyWfsp7gc0WauPqQgP1HHjZ2u-NMaho5dMJ6JA7XM1cEMe1GXehbJXN8e8s5FtI,A Google user,https://play-lh.googleusercontent.com/EGemoI2NTXmTsBVtJqk8jxF9rh8ApRWfsIMQSt2uE4OcpQqbFu7f7NbTK05lx80nuSijCz7sc3a277R67g,Fantastic! Surprisingly accurate!,5,0,1.03,2010-01-16 23:27:44,,
lg:AOqpTOGg5uh2jdqa7zZ2R_MJpUDxaB1esdYO8l4s1BcQs-B9hCTNjY9s-In4f9UqETv5UgweUfj-yHlr1gFkRfc,A Google user,https://play-lh.googleusercontent.com/EGemoI2NTXmTsBVtJqk8jxF9rh8ApRWfsIMQSt2uE4OcpQqbFu7f7NbTK05lx80nuSijCz7sc3a277R67g,Perfect for quick sound system tuning and finding feedback frequencies. Great options in Pro version.,5,2,1.03,2009-11-13 06:39:09,,
