reviewId,userName,userImage,content,score,thumbsUpCount,reviewCreatedVersion,at,replyContent,repliedAt
gp:AOqpTOF0ZBvB5tQtz6ZCN36CKv-DvsCexT3MrPiYnywVLqPvn3JZ7nj03kppYkv9Ha9-bX9KEN9TpyK0tvHeoOg,Abdulaziz Mamatakhunov,https://play-lh.googleusercontent.com/a-/AOh14Gh-RSZ3K5w-Pluqmzzju1c5H-OjwyiC_fwUziE1,"Awful game ever seen, I'd star it 0, but there's no. Nothing realistic, not always you can decide the problem, you never spending 1min to fix/paint. You should wait for your clients, in real life u may not have clients or smth",1,1,,2021-01-07 03:00:24,,
gp:AOqpTOGyTTCimRRq31AByi4drewJuCD9TSP_wxQ5f2wlIVGRxKEJ0axMy6BqXaYEC_AeQgQP4GzmnWkpDueLGno,Claudia Gomez,https://play-lh.googleusercontent.com/-5SkIRDOY79o/AAAAAAAAAAI/AAAAAAAAAAA/AMZuuck8XJrpzr9Fier0kKMiBG82nHD4oA/photo.jpg,My sons faveoroite game,5,26,2.0.1,2019-12-26 18:35:09,,
gp:AOqpTOGrxbtSJ9VGYH6a4oONadunQTH66PxVHcN45VlC7LUBqOSKWd_9JPK9UJa6-ZFRYw1hlcUcXkzziYmEWvw,Jonatan Flarup,https://play-lh.googleusercontent.com/a-/AOh14Gj56Sk0oCwXAORF9lQl4fzPLC0tNFqVf0HIEcWvNyU,"Seems broken on Pixel XL running 8.0. No controls, buggy graphics",1,12,2.0.1,2017-09-26 09:40:01,,
gp:AOqpTOGtCU1aMbzzUYHDP5kCmo6t1d9f0oO8pWG43MKlWJ0U_IRZrFyXIQXqs1n41xC9VYn-_I1oMtRCdPzSgfE,varun dhawan,https://play-lh.googleusercontent.com/-u8a28fAlQmE/AAAAAAAAAAI/AAAAAAAAAAA/AMZuucmmreHpoLtsJ15RKI6JEjuZRMJ78w/photo.jpg,Very excellent game,5,3,2.0.1,2017-02-24 04:32:20,,
gp:AOqpTOGFYvlMq30LkU_A-cguDXZSjJEP5QPNr1P2RY5y1sdnZdq4RIfdsnz31WKiW5Uc60CzymACa6DprB3XDjw,Michelle Pokarier,https://play-lh.googleusercontent.com/-cf6ighxun_c/AAAAAAAAAAI/AAAAAAAAAAA/AMZuuclhFc9R7T0PxYGJfUfS01RZ6ZhDkw/photo.jpg,Awesome,2,2,2.0.1,2016-10-02 17:47:21,,
gp:AOqpTOEU2HEOMkohSLZTn-QDaVQxvEfZgr_VGvPsxAEyNLYVVdSUe4LtUNf-rDTlvm7Bs7SiT_pUKJ7QFskSEN4,Holly Mommabear,https://play-lh.googleusercontent.com/a-/AOh14GjFgiY91PU7SlYy-vVyaVg4WsmRtHGK0fjxOqGXHg,The graphics are great. Plenty of fun stuff to occupy my 3yr old son. He loves painting the cars and the racing game the best. Keep up the good work!,5,49,2.0.1,2016-07-15 14:00:47,,
gp:AOqpTOEoD4olwNnZR2RXxjtDjNno6JBv47KR4gtucOC4yYHyB0QCgXJN9Y78xw__ZdpH4fYtyzvBTOwW3k5f3cg,BrandonF,https://play-lh.googleusercontent.com/a-/AOh14GgqNEzBeWtuKeiUgf_RdYKWdxZIu-mBbiEXsxoqp5g,Really fun game but a little flaky at times as far as smoothness of the actual gameplay.,4,3,2.0.1,2016-05-01 09:14:38,,
gp:AOqpTOEaxkIuGS8eJE13BqoKxBQOAbZo8XCc9Isel3iV9v3ltiNkztYB0kB-6noeyDoeTEBok5X85MyHenY7ysA,Go Hong Un,https://play-lh.googleusercontent.com/-nXIr66PsRHk/AAAAAAAAAAI/AAAAAAAAAAA/AMZuucmgNqM_hBopweLTJvF3ntRzc6QXiw/photo.jpg,before race i can change parts of the car,5,11,2.0.1,2016-03-26 22:57:22,,
gp:AOqpTOHSrp6e-1AP60o_F_xhTOFZseMQQd52Cjax7zJASDX5EkAuT9ufjP5jsKXV4J5Jl_OijqryBRF857Nf0Ts,A Google user,https://play-lh.googleusercontent.com/EGemoI2NTXmTsBVtJqk8jxF9rh8ApRWfsIMQSt2uE4OcpQqbFu7f7NbTK05lx80nuSijCz7sc3a277R67g,"Love it and used a lot but app goes ""black"" on any race court after a recent(?) update",2,29,2.0.1,2016-02-02 07:06:54,,
gp:AOqpTOEKSmNuubz9sUfqLATopu4AXcVMLyfiOdFT5p3Qu4Aqvw6HnaNp1zzkUHP9ae8REaWJFH4-VJTSVAPj2FE,mohammed saifudeen,https://play-lh.googleusercontent.com/a-/AOh14Gjq9FfM0GLP7tF5cD1zjAGtiodVQy2Hc7-feDsUBg,It is not like the other games it is very good,5,41,2.0.1,2015-11-22 09:45:40,,
gp:AOqpTOE2zrIaRJvv6fZwkpd6zrn9BTgRueM7xq7B8-8_Ln-2yJj5T7NDd33-410qqGN-Q0pWOeLqehaQn4xaQwo,liv,https://play-lh.googleusercontent.com/a-/AOh14GjE8uv_NiuXLOp2L17RvVw9fdY2pAhURVt7tPFZmQ,I love it.,5,1,2.0.1,2015-10-28 00:20:47,,
gp:AOqpTOFqILVQ_jF8WumVadjlPHUXxN-LFVS_kMuc-RM72K-UMPLN7ocRDjAhvokueCbvA00difbRNm31xm4FwDM,unique brown,https://play-lh.googleusercontent.com/a-/AOh14GgLb04t_q_qDLJaGIXY-20-E4r2XkiSpLaIeo99,My son love cars and he loves this 🎮,5,12,2.0.1,2015-10-12 07:50:34,,
gp:AOqpTOFLq09a3MlKnTwQLq_zHfFA1kPrdTsS9XQVN12bLpfCaT4W9UWwz9V33UHmDnSGHnXaqyy6g1u-Og6KxVg,sameer rana,https://play-lh.googleusercontent.com/-jUiJKG4kyPI/AAAAAAAAAAI/AAAAAAAAAAA/AMZuucmWTmNnW2g4glEBqhAKkvRc15ho-w/photo.jpg,Wow,5,4,2.0.1,2015-08-09 00:04:30,,
gp:AOqpTOEMQiNGyqlyNZsl0owBeEbCJs5i4PfjllCawRCT7Xlz8MttwJu0l43059n1m9QzR7RQlyAjosKx-dYmrC8,Logan Ausmus,https://play-lh.googleusercontent.com/a-/AOh14Gh727yE6J1MlzeaKw9tJBk3G4h2EhBLZP7_cRtFVTw,Definitely worth the money. Perfect for my 3 year old. Plenty of tricks packed into this game.,5,4,1.01,2015-04-25 09:31:57,,
gp:AOqpTOFhtODgVLJO1-QndU620PCKoWe2jeh1TKu7pblxpzerBQuV_j8ItA-Zj7u1DokEpeFoXqkSrS08srONc2Q,A Google user,https://play-lh.googleusercontent.com/EGemoI2NTXmTsBVtJqk8jxF9rh8ApRWfsIMQSt2uE4OcpQqbFu7f7NbTK05lx80nuSijCz7sc3a277R67g,"All 5 of my children, ages 3 to 8, love this game and we have about 40 games. This is the one they play. It is an amazing... It really isn't a game, it's more about being creative",5,3,1.01,2015-02-24 09:38:28,,
gp:AOqpTOEnhG7j0XGBp9S7rgEAXwtVvuNSyzQHc39lGruhfTG-SRb2iC6UAoNqxTuB2MFUm9pq1yHWued3Loou05o,Kristina Kiah,https://play-lh.googleusercontent.com/-nr9OvfJnT0Y/AAAAAAAAAAI/AAAAAAAAAAA/AMZuucnNY1wT5HrjFOrSnK6AMQq_ZpUoYg/photo.jpg,"Wow.  This game is a  ""wower""!  (:",5,1,1.01,2015-02-13 14:49:44,,
gp:AOqpTOF_V0Y4ST_itGl-n6MmponJek0ouLALVnfnZBh4AmVnOZl0VGEzgPiAWHDTe2LfUWK4MwrX8gCAqwTgxok,Alan Boardman,https://play-lh.googleusercontent.com/a-/AOh14GhZT4Gd0XsYCnbG0mJQnx_GG5EsXryniV4B6h1MxB8,My grandkids love this game......great value for money.,5,2,1.01,2014-11-28 02:57:08,,
gp:AOqpTOGjd-TMuzfM73hBrj5k6DqX5fyvSjbjiMeirnOWfi3x7TvcNBkkPJtxTCFPyRe4-ZbONb-SRA7NLCSO3Bo,Meg S,https://play-lh.googleusercontent.com/a-/AOh14GhCy-8ruXS0HNNIrcGLwB8rdyYE-ZhMHK3mz6QyBg,My almost two year old daughter loves this game! Well worth it. :),5,1,1.01,2014-11-13 19:56:21,,
gp:AOqpTOETb1PJExrNnQQmWR5fFgJOOE_oq6SIH5ejvQ2xXsL7XGSlL604RdqnFNr4Oy4W7DCAfG1YDHo9HV0Tnas,joce ma,https://play-lh.googleusercontent.com/-heXGJ5bhGGI/AAAAAAAAAAI/AAAAAAAAAAA/AMZuuckPTtz3fJub5Qf867_YZjXSsTayoQ/photo.jpg,Great free game,5,1,1.01,2014-07-18 13:41:00,,
gp:AOqpTOHZ0s9UF_FbqadTD3H59t0bSeCSghTsCpiL8iRJzz9oL2qVgrpwKFSd6X4GlKf7HwsPYJiiSfA6Onj43E0,my ex boyfriend lies,https://play-lh.googleusercontent.com/a-/AOh14GhswaJJMM1SivNy7c0Sv80Hqjc0_HvI2ZaxCk6S,Just what a childrens app should be.,5,3,1.01,2014-06-06 19:45:29,,
gp:AOqpTOFc2-3qSZEkQP6iQN_o0upzbBTv3mJaLe_sCRtZ1i1dEdy6lubcaiihSFKFjyTM_is0-Vdnc7zqT70QUDY,Nicole Heilman,https://play-lh.googleusercontent.com/a-/AOh14GijtN0gueu-gbsJNV8BdFrbdRFwbZPn9WP698mMlQ,My son is 7 and he loves making his cars and detailing them and washing them haha,5,4,1.01,2014-05-26 09:17:32,,
gp:AOqpTOGrKjupoptko8O17KwL3DAI04UIyA0Lf5A-zM3cxmo2Cmk76sbob9kJAVqjjNLbzlBkZwQnHULdMawck2M,Magnus Pierrau,https://play-lh.googleusercontent.com/-k8xjrJaimCI/AAAAAAAAAAI/AAAAAAAAAAA/AMZuuckmJj5DtJ1ExyTLD5BRi4p8Uc9kqQ/photo.jpg,Fantastic game! My little 2 year old cousin loves it and it also caught the attention of a 5~ year old kid sitting next to me at the train the other day. His mom literally had to pull him off the train.,5,0,1.01,2014-02-23 02:58:15,,
gp:AOqpTOFr_LSY-h-qBNAPkpCdDSk32SYNjvU7ROTCIPR947Gmhd5JZbcFVLDc9gCSGet5GRWjEyFBdGm87_EkUJM,Michele Sennett,https://play-lh.googleusercontent.com/a-/AOh14Gj1BFLMBe4DYGi90ASeO26IvwCtMVS0i5NYvkdoNA,"Needs more tool action..drilling, hammering, engine fixing,,my two yr old loves tools..	Keeps him bus",4,1,1.01,2014-01-10 10:03:12,,
gp:AOqpTOGFzP7nnU4oPAzbddQcjzdadwdG8Wu1vSqZ0S_8c99fkW66ey_TSS5Z-rPps27tTwHz2O0sgwkHQxbuzAc,Joel D,https://play-lh.googleusercontent.com/-z-7BO0Od1Cw/AAAAAAAAAAI/AAAAAAAAAAA/AMZuucmhRFOFThIS6m8z3W5Ffz9NFpkHag/photo.jpg,Loving it! Very cute art style and endearing sound.,5,1,1.01,2013-12-24 12:55:10,,
gp:AOqpTOHibuk0M4-ErRgAPeHeO6hAbZ0_g6PwFDHx026X-3oL-9SDk09cAZtS2DZMN-6ws_ArAIaAdzKLKTz4qW0,Tiffany 562411,https://play-lh.googleusercontent.com/a-/AOh14Giok1ybHgmtzAdQyEIXFH8deJ2zF4Qfdo88Ar5YGA,Definatly not what its made out to be,2,4,1.01,2013-11-13 11:16:48,,
gp:AOqpTOEQPUXb6K9WfsIb5QAMrj_ejomVyak4sWBeaFrYMw4QO5cpUsi8mddCvjVUnGhfIcvzRV1LH6DknzyNaQY,Daniel Kertby,https://play-lh.googleusercontent.com/a-/AOh14GjFP4wq4amiblgDmRK7xMmjisN6UC1DrGUnXyZrlA,We all love it!,5,2,1.01,2013-11-03 13:57:46,,
