reviewId,userName,userImage,content,score,thumbsUpCount,reviewCreatedVersion,at,replyContent,repliedAt
gp:AOqpTOHLUdkd3ZzaOGjavYBIxHOAcq4_QBxJhC8RbQjwzIHuN-zaQMkad7H0rMTiBDoYHDLaSBR0d4km8yDsIJc,Scott Parham,https://play-lh.googleusercontent.com/-d1gtPmm0_f0/AAAAAAAAAAI/AAAAAAAAAAA/AMZuucmj99pY3quPHwJzzNcDC8GO0GPe0Q/photo.jpg,I am addicted to this endless game. I love the challenges of the hard levels. 5 Stars!,5,5,1.5.2,2020-10-06 10:02:35,,
gp:AOqpTOHjXNYM9PnnTJuUf9L9sDiWdWt3Dxle9VbutoA8LDR9faEXSDFohU3xzmhvNQr1W7_c-j5Wevd7RLclBcc,Peter Souza,https://play-lh.googleusercontent.com/a-/AOh14Gg8KtBXBOZdMBMjWkA2AA9slbNnqmvpkibu_YIN,"Love both 1st and 2nd. Played them since I was a kid. And I've wanted them to make a 3rd one, but beggers can't be choosers.",5,20,,2020-03-11 19:15:07,,
gp:AOqpTOF2TYa2R6g5Zri67uiSwWOaaJiIaDiOijyYJS_feYpkOg8rxnCEAGtJeIElaIWfig4bcBoBA2tEtx8jTxc,A Google user,https://play-lh.googleusercontent.com/EGemoI2NTXmTsBVtJqk8jxF9rh8ApRWfsIMQSt2uE4OcpQqbFu7f7NbTK05lx80nuSijCz7sc3a277R67g,Love this game. :),5,4,1.5.2,2019-06-02 20:42:47,,
gp:AOqpTOG6YGksxiQe5VyB7g7AYBivKO3oPcb56bTZhDZShxy38n_h4GUGQkF5HsCpyZ6gUijU7cxc6g5REICP2A4,Shane King,https://play-lh.googleusercontent.com/a-/AOh14GiRnpI9QBwfxZqbhSRkGd10AdofOR0tDPmOBwabLQ,Fantastic game! I download it on every phone I get and have been since 2013.,5,28,1.5.2,2019-05-15 14:20:59,,
gp:AOqpTOH9gCXo8RTOqgHoypBkgNai0MiK2rvZQoTv376jOssqQ7fgINkNNuZkL6sV6GuhqZJKa4PaRrFVGNegShk,Scott Croft,https://play-lh.googleusercontent.com/a-/AOh14Ghl98aUDnfJnDUSBCb0IymflXs3lrvVeeYgh7g6,"Just purchased and it won't download at all. I click ""Install"" and it just shows it's downloading but fails every time. 2 stars instead of 1 because I've played on iPhone forever ago and loved it.",2,32,,2019-04-14 17:14:27,,
gp:AOqpTOGHWiETk6hsL7YsvyVlBEAR2snjVQUuVrmi2MfYl7-euo1ckx20NuJmSQAIqP1_MFlFh8U2tjxs-5RueDY,Craig Jeffries,https://play-lh.googleusercontent.com/a-/AOh14GjjWDKKNAfWmS79BYX_QfC0xWY3PrR8DiDZYP_81w,This is a great game but it still says. cannot verify licence it. please fix it. I have a galaxy beam with gingerbread os. please help,4,1,1.5.2,2017-10-10 22:09:54,,
gp:AOqpTOE4P1HhReO4Ng_h1Z2PQQXwIB5Nkg7FSByjE7Ye1ePj_qWekLhQNPy4tBZNOXO0boJd6RVRP7JjjwsFy-M,Tao Scott,https://play-lh.googleusercontent.com/a-/AOh14GgORkBrLVQprKMxcO2oSoqkPmkSrgXt71fdpSDxjg,Keeps losing sound after about the 3rd to fifth level. Sound comes back on after reset of app,3,4,1.5.2,2017-03-08 16:25:28,,
gp:AOqpTOFLWcosxzyJWkwUgcWputId5VGyvauX23JV5LPc5U4vARobYDui9l_dL58iIDaqlcZfhGluGQpDSymmsN8,Hunter M,https://play-lh.googleusercontent.com/a-/AOh14GjBWZbpSKUtjx3lnnq8WHTVqlfqeW8SJGM3ynPXRA,"I downloaded this game, hoping i could make levels of my own but i cant on samsung.",1,3,1.5.2,2016-12-12 16:04:33,,
gp:AOqpTOGgtHkN4TeD-f7SQqHHbOCdO_6ebv6Ctg3mRwOwOZr74ZJ0J6qzAp2sBS3RG4irjZDljbRz61x0KCIrhWg,Ron Kropp,https://play-lh.googleusercontent.com/a-/AOh14Ggp4TsKKvMFyXE4fSDWMHVDrbMtZqVIybqqN4yQLg,What happened to the calibration settings?,2,0,1.5.2,2016-09-09 08:40:01,,
gp:AOqpTOH9S9X4uP-64311KgWKy6zRsJv43bItS4iHEW7Tvu7JmcBe6VL34awWjG8KavJREeDFpbN2kQ0RbvGC5Js,ken madell,https://play-lh.googleusercontent.com/a-/AOh14GiA7R_Bhhjg-hfQkFIBY76PUDoCFkauR0rZycZmUg,I won't even look at another Labyrinth game. Nothing could beat this.,5,5,1.5.2,2016-07-30 08:12:40,,
gp:AOqpTOHl7oGhd2O2nTLPpXPTnEuDHNApP8ZEQdByEGwTjXb9CEiW2Htho7f4cLhZ4aYqDCFALZnGqGAhzeJpaDc,Fredson,https://play-lh.googleusercontent.com/a-/AOh14GhNVyEw9AQ2ZLhdngPJA_63gyBpxvXZ6ek8Z3WgDYg,Take my money!,5,1,1.5.2,2016-06-04 20:37:58,,
gp:AOqpTOHTOq-TjBw2n0qDAmSR9rqEGNFyewf77rDmMXCRIIRp9z6e1b5DT2SBtsxxfxW5hlPmpkbWp_0_IM8H9rk,Lora Ramer,https://play-lh.googleusercontent.com/a-/AOh14Gi1quyZtCqX4HY20xVrmN1-wxVzaRxSCEd0uj4QFA,Constantly freezing. What a waste of money!,1,4,1.5.2,2016-02-15 07:38:57,,
gp:AOqpTOEoxsm4tSZINYMVxQuOyB6EvyTfjDqgfffseIdxc-SrWxNFqNvHZulWoMqTGHDKRPynSAXCRl8JsSSx1_M,Gina Shelley,https://play-lh.googleusercontent.com/a-/AOh14Gi9JIuzokwP36InMiUbYr4SdI9ufIwqTHQ1lECUXw,"Running this on a Droid Turbo. Runs very well. Amazing sensitivity and response, incredibly realistic feel. Completely addictive. Love it. Phone even ""bumps"" when the ball hits something. Just great.",5,10,1.5.2,2016-02-07 14:32:50,,
gp:AOqpTOHXm-M9a9TNmWXUjC7nHOk3FV33IawI7KBEgo8ZiivXae_llRXnRsTUXINSLrIq6FlYtYbQ65dapZRaSWI,Allan Zieser,https://play-lh.googleusercontent.com/a-/AOh14GgXyOqjOQ0qHWcy7frQEGjQHTmtZUeKj5PmSXUpUw,"Excellent Game, good price. would give it five stars but the online level editor site is down so you cannot make your own levels. If they fix it I will update.",2,20,1.5.2,2015-09-15 12:16:45,,
gp:AOqpTOFqEdW59w-GzFfN6Vo8fO6C116-eRuu4F8Mzz-ICcdgtgS7f4M_wRjrjDT6K0CmdPHKakrUoIFOefZ7Ejw,Raymar Esperas,https://play-lh.googleusercontent.com/--FYVugPVlWw/AAAAAAAAAAI/AAAAAAAAAAA/AMZuuclGounjw9gmM4PVDUJj2x8CgK6n3A/photo.jpg,It's worth killing time,4,0,1.5.2,2015-08-23 05:29:37,,
gp:AOqpTOHXU-HTBH8J5Udjp1bVzV0vXm4K7Z7C4v8AGWkoo87mukvcrJvmUv-UwFrwMszrPAchkHPZElXu59Kf5Vw,MTGirl 1995,https://play-lh.googleusercontent.com/a-/AOh14GjLIXeeutSh-03rj__nltZ15Fg5D8pQJEag5iQ9LA,Fantastic - just like the toy I used to own. Thank you for a great app!,5,3,1.5.2,2015-03-16 18:30:41,,
gp:AOqpTOGKjV2va7d3SSStlx6W5j9fs8UGNJcJ5k-rSKXP0iOkNKElelZcrre3t4GLU9zsAyxiDY6ERttGsGvzR6E,Braden Quale,https://play-lh.googleusercontent.com/a-/AOh14GgOgDHus3W4irqaO-AuvuG7WE3IsjLq-MHiPPSC,Favorite game of all time 😍,5,5,1.5.2,2014-10-14 20:05:29,,
lg:AOqpTOHydAvGya8YnFvjj6EQ2h9UsJXKnP9KA2B734YOiKSxEWYB9z4-y5GzaAvhizXGtk2NS6mK1nym5H3nrIA,A Google user,https://play-lh.googleusercontent.com/EGemoI2NTXmTsBVtJqk8jxF9rh8ApRWfsIMQSt2uE4OcpQqbFu7f7NbTK05lx80nuSijCz7sc3a277R67g,"Fairly sweet. Lots of boards and pretty good controles. If your unsure try the free version, if your interested buy it. Kids like it!",4,12,1.5.2,2014-10-14 16:58:28,,
gp:AOqpTOHdRsTY2jDexDVolPc63EWfsnRa3VzsTl3h6icTs6JKqloQloezRNUsJzE5o2t8pCS9tU4WXJO9VAk0MSs,Norah Christenson,https://play-lh.googleusercontent.com/a-/AOh14GjASj_ucnuetP3T7YCTDFYkcn-zULtVBBm2BF0O,This game is fun and easy to play and unlike some games the gravity is very realistic,5,3,1.5.2,2014-08-31 13:13:57,,
gp:AOqpTOEEl7TeBk9nwtusonW61Fot9HbN1bgLLMxg0HgByst1ospbEOFu6OnTk1Zic-Ucd-4lx2D8_J9sB7CtQj0,Saurabh Sharma,https://play-lh.googleusercontent.com/a-/AOh14Gg43PDEt7kd5_C7v5W3xa49D5dIBbKYDE8W6_9MCw,Awesome game!,5,0,1.5.2,2014-08-28 10:11:08,,
gp:AOqpTOHt6X4FK-JwsVi0WCUJKxawwXeU4fC9bdQROw2GMOi9rjkNZ-zd5Orw_vQfr68pG89qw9D22bpK1em_USc,Lirissa Mae Conde,https://play-lh.googleusercontent.com/a-/AOh14Gg26e15ZPZ0z_JYko7pnfXxq7dQdnkHs6HfuTByZA,"At first I couldn't control it and I get tempered hahahaha but when I used to play it, it's feel awesome lol love this app",5,0,,2014-08-12 02:58:18,,
gp:AOqpTOGOU3QReI0VkJ4Yifn5Ys6svi2cvEdqdELZPe6yp-yBD5gFHmeym8c5Yg4dzyTzsH2tgneqfOSIDbppZMU,paul fyfe,https://play-lh.googleusercontent.com/a-/AOh14GgBJr0FAuDGOVALN6Q0OLyv57rItw6EM4TI2deq,Compared to labyrinth 2 the levels here are  far more simple in design(just like you would expect in the real wooden labyrinth games) but are far more challenging... One tip i have is to calibrate your device at a angle that you feel most comfortable playing at rather than on a dead flat surface,4,69,1.5.2,2014-07-26 14:22:37,,
gp:AOqpTOEGK4rHUS9r2Ume2_jWvmsPaXPR-XROikZuHivy2KZQnZ-pTdqqZy2AWtThK3CrfimcYRWpfx7GqDRAEtc,Sebastian Ellis,https://play-lh.googleusercontent.com/a-/AOh14GhC1_1_ZUYB8S044Jk6rKpDET7BRUZ_id1I_B_mbw,Enjoy the challenge,4,0,1.5.2,2014-07-23 14:00:39,,
gp:AOqpTOHn-X-7hcokzRXtwHmUEhw8_vL7ahpp9g4tll1FXovPbgTFSX17wq_9OEB-W1EjChh4tjHF4_fO2k1TNNc,Bud Freshour,https://play-lh.googleusercontent.com/a-/AOh14GiGWDNURPjPMVvrjuecvUSEK2WsGCYStTDxzq77oA,Love.this game,5,2,1.5.2,2014-05-27 00:31:44,,
gp:AOqpTOHbCQgtOWA71SXFooKInMdmxy-pIq0eeO5Cydn-4Rjz1geNIlRvusQ-HdE8XjhU8HmaUd1rKmCPqB3XRmE,Alexander Kapshuna,https://play-lh.googleusercontent.com/a-/AOh14GjIcd1WlNQYMOREgCs13qbUjzAebr2O9SXRaO1e,Great!  But me was confused by fonts bug.,5,0,1.5.2,2014-05-25 18:45:55,,
gp:AOqpTOFyZ88LNUAuYLToIgYC48kiOL-NKzKdGcTNRGm_Rq2gQtGXvXjwU7BfCb3JF5vpWjBG9P9z4vYXaUFYf_U,Patrick McGonagle,https://play-lh.googleusercontent.com/a-/AOh14GjK5jxyPibLKhsJA3JYtQH-i0ySSrd-YRchcbTn,,5,0,,2014-02-25 04:50:57,,
gp:AOqpTOFcBaLuzI2ezVFPproYVLBFG2I37KR0EH29S8KjZ5oGdJwmcgPnmYrdGqdfSsRwrM92B7rNHHhJawsAaHk,Marilyn K Gast,https://play-lh.googleusercontent.com/a-/AOh14Gj8IUbzrEeCg4thgksHldgJK4FLMgaWutVL6IKvSQ,,5,1,1.5.2,2014-02-05 16:54:57,,
lg:AOqpTOGUVO9c3_5Chu9P_9QHLULI_dGJcqBLQRupw5rLE5KJSQre_YuhseiuPzftvELWRW9-__r-rPE4W_K4EDA,A Google user,https://play-lh.googleusercontent.com/EGemoI2NTXmTsBVtJqk8jxF9rh8ApRWfsIMQSt2uE4OcpQqbFu7f7NbTK05lx80nuSijCz7sc3a277R67g,The best!!,5,3,1.5.2,2014-01-25 19:58:18,,
gp:AOqpTOGtQI1CiGnqWTnHDJG6G8Q3fNhBtLlJ75hRG3BAKJQdqCZkKm_ldmtqo4TDmCci501I8zEKI9dT_EU2W6Y,#WWG1WGA #WWG1WGA,https://play-lh.googleusercontent.com/a-/AOh14GiEsPvjWsqv1AJcUplimRkrYlrQDEzI20e_iEwkdF0,"All my kids,ages ranging from",5,3,1.5.2,2013-12-28 23:07:52,,
gp:AOqpTOGPUdz43WN99wlIDFu9g0Zr4imTcBp_RF30FvJDBtHacVcDD78X571ecLek59kstsTL8i46nSGHO_cL2QE,diana davis,https://play-lh.googleusercontent.com/-PxmJDBo3QR4/AAAAAAAAAAI/AAAAAAAAAAA/AMZuucmPBQ_R1moz7VXmkIg23VZ8yHIsOA/photo.jpg,Love this. Easy to control. Hours of fun,5,1,1.5.2,2013-12-04 10:03:27,,
gp:AOqpTOFpvo555vO7kzlAOGtE8ShUAhtmnQl7EbFhROU763MbsCkYIlx520hbedkuJWh298k8ixtjYOt0t58viBM,Amanda Benson,https://play-lh.googleusercontent.com/-WtoVx6c8UDU/AAAAAAAAAAI/AAAAAAAACM4/AMZuucknkf7oBW4WEFUNqlY1t_YWbWvHZg/photo.jpg,Awesome game,5,2,1.5.2,2013-12-01 21:20:25,,
gp:AOqpTOE4I71nx11G-EoEAcgm3bHZrWiX4vTm-FFOgUa5K7MSr4GpN1EBXFNW0ZUrSb8Umm6qCBt1Z4Qgz450puM,Hadjri Darmyza,https://play-lh.googleusercontent.com/-H7QANQmOs8s/AAAAAAAAAAI/AAAAAAAAAAA/AMZuuclQnEMGYYDeW5Zml1AWqLkjEYIB7g/photo.jpg,the best,5,0,1.5.2,2013-10-14 10:50:38,,
gp:AOqpTOGBuXxZTp5l9ZJIt45oBVQqzrJw4dyoGoKhoQ0UplKciyTtgfECNWUGiA16x7hr_W0EqY1UW43nlST0GSI,Shiraz,https://play-lh.googleusercontent.com/a-/AOh14GghXEJMUnTgAGQdPtpaVB535FMUuWkTs-i42x24R7U,This game is super fun and glad to see it on Android! I used to play it so much back on my iPhone. Is definitely a must own.,5,4,1.5.2,2013-09-21 19:58:48,,
gp:AOqpTOEwg-tePsce4jeYAlqpN6dnP9B5A81wY8iGBCdzbDqmf1P0wmtJYSzHhgi-cLZJXWE7kaaoV3_Eh4nYTbM,Shaibal Biswas,https://play-lh.googleusercontent.com/a-/AOh14GjiSKs_02NJwL3sU8ntrtm4ql3qTRcY6bnFtOImpg,Nice balance game.very smooth in galaxy s2,1,0,1.5,2013-08-15 07:29:15,,
gp:AOqpTOHCfc9QTAQR-7hkv7XoS8waIpgbwTCuZ6F5B2mdE3pzWjbS_TESnud8lXPAhK1VM_hqJQGhDAyQmap2zcI,Strambo Jfk,https://play-lh.googleusercontent.com/-b-S7zdiwH1M/AAAAAAAAAAI/AAAAAAAAAAA/AMZuuckBxYi9uJGzZTHz6SDePZlwatxaxQ/photo.jpg,Hours and hours of fun play session...if i can make a wish...will be great having the F1 circuit...any one want to make this level? : ),5,7,1.5.2,2013-07-23 01:49:01,,
gp:AOqpTOF_UxSDZFltkflKclWoROlYsr-0qvHeVPtDeK9IKxuDFCcWyMk9S7Qo0fD7gnudiBBnm7tJocdWbZNReEY,A Google user,https://play-lh.googleusercontent.com/EGemoI2NTXmTsBVtJqk8jxF9rh8ApRWfsIMQSt2uE4OcpQqbFu7f7NbTK05lx80nuSijCz7sc3a277R67g,"I had a Labyrinth toy when I was younger, and I played it over and over until it broke.  This is exactly the same experience as having a real one, except there's hundreds of levels instead of just 1!  The ball kind of gets confused when it goes through really narrow things, or if the layout gets too complicated, but that's not enough to detract from the experience.  Also like the simplistic, minimalist approach, i.e. no pursuit of coins and star-trios and achievements.",5,79,1.5.2,2013-06-25 11:02:35,,
lg:AOqpTOHorXwTrDTGMWS6uYq1o3EZlewXYMxCfjtSqjw4q-eT791z_DgcbwsthG2UuHD9O8kwkxkXbiikSvaHydY,A Google user,https://play-lh.googleusercontent.com/EGemoI2NTXmTsBVtJqk8jxF9rh8ApRWfsIMQSt2uE4OcpQqbFu7f7NbTK05lx80nuSijCz7sc3a277R67g,Stopped working when I went on holiday with no data connection! Do not buy apps with bad DRM,1,1,1.4.4,2013-06-06 23:24:37,,
gp:AOqpTOEf7loaknbfp2xJdqThpLPGUJ3WGax7ETzhA3C4WRuWWZGr-PizSPSA62uDF9CVHwX4Nxcn2gG1Ltb3Y6k,Pauline Stout,https://play-lh.googleusercontent.com/a-/AOh14Gh8OU_A36ILrOaY8Fhctg24PKb1lHBez8vcWwaaJw,This is by far the best game of this type that I have found so far. Its very pretty to look at while playing and runs very smoothly and easily. There are a wide range of level difficulties so everyone will be able to find something that is right for them in this. I highly reccomend this for everyone.,5,0,,2013-06-04 00:42:24,,
gp:AOqpTOHBqCzwbTJfDzbciniZoK0MJeGjPt9z0EIVZjPJBV3pHIInU5iCJ2Og_bi5t0ToAf-iHNPWdEhCzUPzbR4,Flavio Lemos,https://play-lh.googleusercontent.com/a-/AOh14GjCPG3Sfm2BbPZzkzuG7VsQxxkA7H-lVZojAIAJBgI,Nice,4,2,1.5.2,2013-05-10 13:30:43,,
gp:AOqpTOFaSPHecUZJAsMZIVeevHyq7kJhqvD5REDHeOnUkThK6F1l3ynBnsn15cdsUmbTUuposiW-vP9kItD4YBE,Martin Maspero,https://play-lh.googleusercontent.com/a-/AOh14GiWrEF4M7ML5W4fbmMti0hIyKtz4IPsap6vljkxVOE,Laberynt 2 must have been a Laberynt update!,1,4,1.5.2,2013-01-25 08:16:31,,
lg:AOqpTOEsdVUFA3qUZfiDiIpEbBC4Y1MBLq3aqAAOqaDGyZUJgbakvDed4k8BImB5uInh-8IxIJep0qRuumJu9Xk,A Google user,https://play-lh.googleusercontent.com/EGemoI2NTXmTsBVtJqk8jxF9rh8ApRWfsIMQSt2uE4OcpQqbFu7f7NbTK05lx80nuSijCz7sc3a277R67g,Very fun,5,3,1.5.2,2013-01-01 11:40:30,,
lg:AOqpTOH_Be_FheOWJ_CUWEruwsb3-xB4RyRMQgMjNNFm4XA35TRoB5puY7ZDOl46iU96z-_DjTv9OJ0aeHa_Ixs,A Google user,https://play-lh.googleusercontent.com/EGemoI2NTXmTsBVtJqk8jxF9rh8ApRWfsIMQSt2uE4OcpQqbFu7f7NbTK05lx80nuSijCz7sc3a277R67g,"elegant, fun and perfect feel & sounds as if really a ball. I had to download a couple a times before I could get license to notice I'd already paid for it.",4,13,1.5.2,2012-11-30 23:02:57,,
gp:AOqpTOFA7id6UF4IIEYEyB87rIuK9syf2p8ndt1f53Z6CimAJ-SlM0eUUjN-SU8Uv8p7hqw1EkGGMrlUqajYDH8,Marcus Zorbis,https://play-lh.googleusercontent.com/a-/AOh14GjvamSxBxPVyKBY-ezKjQHPSdrQK4eIhdjejlViO_U,"Love this game, but I'm so tired of this wood texture and colors, what about create something new and modern, like brushed steel or colorful textures.",4,0,,2012-11-27 10:34:15,,
lg:AOqpTOFDbBMmcd9PjyCtHzSCspHnqu0NvF6NAtIkniAkrUIW3CNdudG3vSGox5Wleq5k-kS7s-h9muxjCtweKAA,A Google user,https://play-lh.googleusercontent.com/EGemoI2NTXmTsBVtJqk8jxF9rh8ApRWfsIMQSt2uE4OcpQqbFu7f7NbTK05lx80nuSijCz7sc3a277R67g,Super fantastic game,5,0,1.5,2012-11-15 07:43:13,,
lg:AOqpTOH19Zl_9w9Sbo1wqabW5Z2v1aN0iq9Fe4TRg5QPFwbSFK8ce0yzw_FozEfRx8KadP-Id084ALQdt1Hp2fQ,A Google user,https://play-lh.googleusercontent.com/EGemoI2NTXmTsBVtJqk8jxF9rh8ApRWfsIMQSt2uE4OcpQqbFu7f7NbTK05lx80nuSijCz7sc3a277R67g,"Kul, men strul med fullversion, påstår plötslig att den inte är köpt längre :-/",5,1,1.4.4,2012-10-31 12:11:49,,
lg:AOqpTOGl07vq6nDYb4C1WlbNQS5Ht9-7wg_tAHGBnkWBsvFb2HLhu6kLEJ_IxZ8d58Vs60UNxQzX0v3qwOLCalE,A Google user,https://play-lh.googleusercontent.com/EGemoI2NTXmTsBVtJqk8jxF9rh8ApRWfsIMQSt2uE4OcpQqbFu7f7NbTK05lx80nuSijCz7sc3a277R67g,Latest update added a banner for lab2 ..now this one force closes.......wtf,1,11,1.5.2,2012-10-11 18:49:43,,
lg:AOqpTOGKyq5lQXHCeOvwdFuVFdVp4WVgKv5Fl2hsTcAmSQIx7-A-senbbhK02sI5P6S9X64KxZQAkUzsjEyxZh0,A Google user,https://play-lh.googleusercontent.com/EGemoI2NTXmTsBVtJqk8jxF9rh8ApRWfsIMQSt2uE4OcpQqbFu7f7NbTK05lx80nuSijCz7sc3a277R67g,Awesome and very addictive. Thought it might be a little more of a challenge if there were ramps and slopes as obsticals aswell.great game though for all ages,4,8,1.5.2,2012-10-07 18:46:49,,
lg:AOqpTOFI1qoPDCUiOTz3plwdUJnUrAX7JMgMqWg6ettNEUJckP_wEp_qQklTbIYdmnVUMidOc3YLO2KWdXzCOe4,A Google user,https://play-lh.googleusercontent.com/EGemoI2NTXmTsBVtJqk8jxF9rh8ApRWfsIMQSt2uE4OcpQqbFu7f7NbTK05lx80nuSijCz7sc3a277R67g,Just purchased this on my gallexy player 5.0 and i keep getting license error...,1,2,1.5.2,2012-10-03 22:59:28,,
lg:AOqpTOH1ugo9AXtCQSwJkM_7EdEB2zj3awNoirMX7LCzsJxnTCPwYl6kFapr8iZ-p7t_Pg5nzyo8i3yvVRU3BRU,A Google user,https://play-lh.googleusercontent.com/EGemoI2NTXmTsBVtJqk8jxF9rh8ApRWfsIMQSt2uE4OcpQqbFu7f7NbTK05lx80nuSijCz7sc3a277R67g,"A lot of fun, and challenging!",5,1,,2012-09-12 12:52:05,,
lg:AOqpTOGt0W-CHt-WaFPTAbLkBTgARqmpaa1nF5KBhGHvQKblwoycoyhR68XO0dv5Z5SyVzYZeYtZHSPDEgh_FFw,A Google user,https://play-lh.googleusercontent.com/EGemoI2NTXmTsBVtJqk8jxF9rh8ApRWfsIMQSt2uE4OcpQqbFu7f7NbTK05lx80nuSijCz7sc3a277R67g,Love it.,5,0,1.5,2012-08-21 14:52:17,,
lg:AOqpTOFQfGSAuJm_oC5XEOtP5oJCBwU6PMNj9_Pq7dkFij5CDEL3nLeS5yEs_C2fAz51KryakWU_3iVEgWGS0iQ,A Google user,https://play-lh.googleusercontent.com/EGemoI2NTXmTsBVtJqk8jxF9rh8ApRWfsIMQSt2uE4OcpQqbFu7f7NbTK05lx80nuSijCz7sc3a277R67g,..... Really good one.....,5,0,1.5,2012-08-20 07:48:32,,
lg:AOqpTOFoMbIV6OhXuDS13WNfjA5J3-tShCMLPz7Sq_PEpMrtYk7aPJRcBPKd4ueSFzIn8b3MP294gzIfLMvj540,A Google user,https://play-lh.googleusercontent.com/EGemoI2NTXmTsBVtJqk8jxF9rh8ApRWfsIMQSt2uE4OcpQqbFu7f7NbTK05lx80nuSijCz7sc3a277R67g,I love this game. It's my favorite one.,5,1,1.5,2012-08-17 23:29:29,,
lg:AOqpTOF8KlBMNbVZoX8BLAdyUxAfUn8MYa_Sy8bJqF-8DenZibTvNXPy3w9EW_lwVc0oKynZyTtjswrHlyAC8d4,A Google user,https://play-lh.googleusercontent.com/EGemoI2NTXmTsBVtJqk8jxF9rh8ApRWfsIMQSt2uE4OcpQqbFu7f7NbTK05lx80nuSijCz7sc3a277R67g,"till a few days ago it was a 5* app from my point of view. something happened and now everytime i open it, it verifies the license and after it does it goes to selecting the level and it force closes :( can't get into it anymore :( galaxy s.",2,1,1.5,2012-07-21 18:33:46,,
lg:AOqpTOEfMfRm1Kk39eOnFiPlQR0qD-VsXQ_gJZ0U14NWkB4BCX46jg_nMvN9E0doYbVnSg7sVZAYKehkeIxiSPg,A Google user,https://play-lh.googleusercontent.com/EGemoI2NTXmTsBVtJqk8jxF9rh8ApRWfsIMQSt2uE4OcpQqbFu7f7NbTK05lx80nuSijCz7sc3a277R67g,"Great collision detection and physics in general.  Fun to play.  Needs options to change wood stain color, grain pattern, etc.",5,1,,2012-06-27 14:39:24,,
lg:AOqpTOFiS1_QSLAk1f3ShqXaNPGThWacnjyPeK_DBBWjAWA-_ulAZLp_lKsfb3clymF7GyiLlqoQEbK92TgdEmw,A Google user,https://play-lh.googleusercontent.com/EGemoI2NTXmTsBVtJqk8jxF9rh8ApRWfsIMQSt2uE4OcpQqbFu7f7NbTK05lx80nuSijCz7sc3a277R67g,"I am very dissapointed with the game. There are still some levels that aren't solvable, but the developer doesn't correct. There are omre that one review here that says it but they ignore it. Lately it doesn't check the licence correct any more. it's just checking but every time returns as a program isn't purchased, now I can only play lite version.",1,3,1.5,2012-06-12 09:29:38,,
lg:AOqpTOF7nUo-E7Bp6507Rw4NNgz5iuFWNh9ouzFJrYvwobul2_0ZCQuxbM494HYgV5TkrhHEUZPWLC67h4w-SvU,A Google user,https://play-lh.googleusercontent.com/EGemoI2NTXmTsBVtJqk8jxF9rh8ApRWfsIMQSt2uE4OcpQqbFu7f7NbTK05lx80nuSijCz7sc3a277R67g,Need to make the ball heavier to feel it roll and better background graphics.,3,0,1.5,2012-06-08 19:38:02,,
lg:AOqpTOHW1mv5WOrsBdUqeyaXkqpsmsiS94q14AoTATyjA9NSZSkf2ZVSCwFiJfpMLHPdDbiYoAEKL5KZlhwnkgo,A Google user,https://play-lh.googleusercontent.com/EGemoI2NTXmTsBVtJqk8jxF9rh8ApRWfsIMQSt2uE4OcpQqbFu7f7NbTK05lx80nuSijCz7sc3a277R67g,Nice addictive game... i played htc teeter b4 thus got addicted...this one lacks such realistic feeling may be coz of wooden theme.. teeter has hard walls n more heavy ball feel... it would be nice if u add more background options instead of wood n more wieght to the ball to make it feel when rolling..,3,4,1.5,2012-05-30 16:08:06,,
lg:AOqpTOEVq1lfukvmvPhMrYtQD4CXKkfw3TCiDIF_uiYpYCo3WV40hqAwOrkFJUKKFgNTpT1xVyl8KXRvRHX9GLc,A Google user,https://play-lh.googleusercontent.com/EGemoI2NTXmTsBVtJqk8jxF9rh8ApRWfsIMQSt2uE4OcpQqbFu7f7NbTK05lx80nuSijCz7sc3a277R67g,Lots of different levels and difficulties. Best look and feel of the labyrinth games I tried. Liked the lite version enough to buy the full version. Just great.,5,1,,2012-05-27 16:19:07,,
lg:AOqpTOHzMfGZxO1K-yj7Ko3lK7tHOehrRwS9VTtDoj3u4-w5-xuVzIlMglIkhd27NXRBgokSBigs2lQFCJmDxAM,A Google user,https://play-lh.googleusercontent.com/EGemoI2NTXmTsBVtJqk8jxF9rh8ApRWfsIMQSt2uE4OcpQqbFu7f7NbTK05lx80nuSijCz7sc3a277R67g,Loving it! Bring out Labyrinth 2!,5,4,1.5,2012-05-11 07:21:44,,
lg:AOqpTOFHMssjP1RSH87HB1lGq-xfTz64h_siEzmzCQSiOB3XUDqToeD_9OCz26j6UQtef_owBOaaeWlvEkqmwkY,A Google user,https://play-lh.googleusercontent.com/EGemoI2NTXmTsBVtJqk8jxF9rh8ApRWfsIMQSt2uE4OcpQqbFu7f7NbTK05lx80nuSijCz7sc3a277R67g,love it!,5,1,1.5,2012-05-02 18:03:27,,
lg:AOqpTOEK8UFav_y3U0Y1g0PBKku1PfYnY2qNJIQEFMfnNL6lzthddMi1-10hkpxh6JN0n0FyIdwv3UF85F1ZpB4,A Google user,https://play-lh.googleusercontent.com/EGemoI2NTXmTsBVtJqk8jxF9rh8ApRWfsIMQSt2uE4OcpQqbFu7f7NbTK05lx80nuSijCz7sc3a277R67g,The game itself is Addicting and has good quality. My only complaint is it auto kicks while your not moving and when you try to go slowly around the holes. Very frustrating when I'm trying to go slow as its kicking me around. Please fix that on your next update.,3,1,1.5,2012-04-07 19:05:02,,
lg:AOqpTOFW0xAgFg3btD1RT8Lk0NrKNjKzHnT6z2rU5oQK8fFdnx2rPuTCMZyn81UoNJrQQfObZQyhTIHqRwtRLs0,A Google user,https://play-lh.googleusercontent.com/EGemoI2NTXmTsBVtJqk8jxF9rh8ApRWfsIMQSt2uE4OcpQqbFu7f7NbTK05lx80nuSijCz7sc3a277R67g,Nice game.,5,1,1.5,2012-04-04 11:54:10,,
lg:AOqpTOH9cXl8LSfUpG1GdAMzVqJvGLftmcjrk6G42czAYiM9O_rmBLPcD7vbbe6L_VaP4Eme7gIEOdz2MT-Nvfo,A Google user,https://play-lh.googleusercontent.com/EGemoI2NTXmTsBVtJqk8jxF9rh8ApRWfsIMQSt2uE4OcpQqbFu7f7NbTK05lx80nuSijCz7sc3a277R67g,Nice. Fun game. Want to see Labyrinth 2 as soon as possible. I can't wait until it comes out on Android. Please release it soon as you can Illusion Labs.,5,2,1.5,2012-03-25 09:27:25,,
lg:AOqpTOEezggM5aa7HDTZbBW4CZMSYOq7dmrU8mWg5DrcivSaLRtbzYxsEa-H3dQdZJP-oR2VStflAQk_Solx5hk,A Google user,https://play-lh.googleusercontent.com/EGemoI2NTXmTsBVtJqk8jxF9rh8ApRWfsIMQSt2uE4OcpQqbFu7f7NbTK05lx80nuSijCz7sc3a277R67g,Fun fun fun looks great. Works great,5,2,1.5,2012-03-09 09:05:52,,
lg:AOqpTOEfL4EI7UyOiXwKaqHS06lyFzcm2iZC8EPPx8t_o_GSIC19GOSIjadndpPQJZTQaUGzkQylgr8N2BWLXAs,A Google user,https://play-lh.googleusercontent.com/EGemoI2NTXmTsBVtJqk8jxF9rh8ApRWfsIMQSt2uE4OcpQqbFu7f7NbTK05lx80nuSijCz7sc3a277R67g,Doesn't work when I tilt the screen,1,1,1.5,2012-02-27 06:52:01,,
lg:AOqpTOGEKG17ji44-pRbdKAOWG0lT2__JtYtZYK3bISnTHTiB_wcgS8YSU63iuRah4tbbSahN4SOuj49UjJOHEo,A Google user,https://play-lh.googleusercontent.com/EGemoI2NTXmTsBVtJqk8jxF9rh8ApRWfsIMQSt2uE4OcpQqbFu7f7NbTK05lx80nuSijCz7sc3a277R67g,Works great now..,5,3,1.5,2012-02-23 21:16:06,,
lg:AOqpTOGvhhfPNRQzSWyqlvqnVHRLbfFvv04DYjcDp-do-RAj3AVZIbdw42c3uppl9bGMQY4BiAhYCqLFZvvPWLQ,A Google user,https://play-lh.googleusercontent.com/EGemoI2NTXmTsBVtJqk8jxF9rh8ApRWfsIMQSt2uE4OcpQqbFu7f7NbTK05lx80nuSijCz7sc3a277R67g,"Amazing game. Reminds me of when I was a kid, only I can't cheat in this haha!",5,8,1.5,2012-02-18 13:33:25,,
lg:AOqpTOGvZiq6pDZW5-ilfMLxyFISuHiJtyiq-oQ0sf3PHkoLrtCi5q1EPzmRogrneQJRlOKcHeKwXOsSYrZfxAo,A Google user,https://play-lh.googleusercontent.com/EGemoI2NTXmTsBVtJqk8jxF9rh8ApRWfsIMQSt2uE4OcpQqbFu7f7NbTK05lx80nuSijCz7sc3a277R67g,Luv this game ^_^,5,2,1.5,2012-02-18 02:15:26,,
lg:AOqpTOHST9KZ6RZVY2Azty360lj6Hx8WKVwbAAIrrhAkg6IBvpkpTdDCJ9423_ssqeMp4D7bQIQtrj7kgAbf8FY,A Google user,https://play-lh.googleusercontent.com/EGemoI2NTXmTsBVtJqk8jxF9rh8ApRWfsIMQSt2uE4OcpQqbFu7f7NbTK05lx80nuSijCz7sc3a277R67g,Very addictive!  Love this app!,5,4,1.5,2012-01-23 17:17:33,,
lg:AOqpTOG7uigNw9c_iuepQjkyScCaxDA58mwlmiFiyg2KAmtCJ6jVK9FwQequtD9Liu9By22MYfaNlLHuhW71a7c,A Google user,https://play-lh.googleusercontent.com/EGemoI2NTXmTsBVtJqk8jxF9rh8ApRWfsIMQSt2uE4OcpQqbFu7f7NbTK05lx80nuSijCz7sc3a277R67g,Very good game,4,3,1.5,2012-01-17 07:13:23,,
lg:AOqpTOE1HcSCH_i-KjeAc7Smlz23rw40tZQvnxIThiKNuGxAZo6g2HBwLiuT0GG6jEpxFujvkWAaP7ekwOxYyzc,A Google user,https://play-lh.googleusercontent.com/EGemoI2NTXmTsBVtJqk8jxF9rh8ApRWfsIMQSt2uE4OcpQqbFu7f7NbTK05lx80nuSijCz7sc3a277R67g,Always a must download. A really fun game for everyone.,5,7,1.5,2012-01-17 07:01:39,,
lg:AOqpTOH5DaCb2sh__DpVRsgg9sZDATSr3Bi-rETgSSrOZQ2MMtdb_2WysqUOiFINvO4GxSirMjJUDJdKc1wLpOA,A Google user,https://play-lh.googleusercontent.com/EGemoI2NTXmTsBVtJqk8jxF9rh8ApRWfsIMQSt2uE4OcpQqbFu7f7NbTK05lx80nuSijCz7sc3a277R67g,"I liked it lots o fun, and lots of levels aswell!",5,3,1.4.4,2011-12-28 12:24:10,,
lg:AOqpTOEyvXYj9pYVggVkUvmSmPOlOQIi7l3f7rO_zCkF6p2FNUawQO8MBiHUZeDIrMqz9Mn7kFoW9lAqG9V2b10,A Google user,https://play-lh.googleusercontent.com/EGemoI2NTXmTsBVtJqk8jxF9rh8ApRWfsIMQSt2uE4OcpQqbFu7f7NbTK05lx80nuSijCz7sc3a277R67g,Higher resolution on the Galaxy Nexus makes the level selection fonts unreadable and the splash screens too small. Normal game play is fine still.,3,3,1.4.4,2011-12-20 20:27:15,,
lg:AOqpTOHipbIni5e_v-6l5NG4_fu9Xe2dBf1xUzJl423x6CSvF4sUrdl4ISEKHld-fzlTJsdsK8RDzB4XA00ItyA,A Google user,https://play-lh.googleusercontent.com/EGemoI2NTXmTsBVtJqk8jxF9rh8ApRWfsIMQSt2uE4OcpQqbFu7f7NbTK05lx80nuSijCz7sc3a277R67g,Very intresting...,5,1,1.4.4,2011-12-16 00:21:14,,
lg:AOqpTOERTiDC5XRvci6YUl76JimmEemL6BJXO8I3WqIERbBsAjc6G8CScVQkFBbssWgrJqK6lT3BdONzoddPOHI,A Google user,https://play-lh.googleusercontent.com/EGemoI2NTXmTsBVtJqk8jxF9rh8ApRWfsIMQSt2uE4OcpQqbFu7f7NbTK05lx80nuSijCz7sc3a277R67g,Disappointed graphics are poorer then on the iPad.,1,1,1.4.4,2011-12-07 19:53:32,,
lg:AOqpTOEBCLpSqwdfp4bWQV9ydMDgQuvDn__JG7MdQdUhp7YAeV_9z6zAwRiz1z9cZRsfT8N6e22gB3FyLGnktqE,A Google user,https://play-lh.googleusercontent.com/EGemoI2NTXmTsBVtJqk8jxF9rh8ApRWfsIMQSt2uE4OcpQqbFu7f7NbTK05lx80nuSijCz7sc3a277R67g,"After testing several of this style of game, Labyrinth is the only one that responds perfectly to my movements on my Acer Iconia Tab A100. All the others either had too much lag or seemed to have a mind all their own. I had to uninstall them. This game rocks!",5,0,1.4.4,2011-12-07 03:45:17,,
lg:AOqpTOGLzATo-yhlJ9ZmpC6zA4oG6jJB6DH1TaFx5Pbxw6XpR0W5gbH1fI1EvzqRUYslymzB5fMTDilrvZ5F4Ak,A Google user,https://play-lh.googleusercontent.com/EGemoI2NTXmTsBVtJqk8jxF9rh8ApRWfsIMQSt2uE4OcpQqbFu7f7NbTK05lx80nuSijCz7sc3a277R67g,I just recently realized that all the levels I completed have all been reset,4,1,1.4.4,2011-11-14 10:34:26,,
lg:AOqpTOE7caBU0AgPTL2vJlHr9LhNnVyG1h37-YUKgva0ZhiHf-bV0jhe6kWQaRuKTLlrM6NrkHhvc0j605_YiSc,A Google user,https://play-lh.googleusercontent.com/EGemoI2NTXmTsBVtJqk8jxF9rh8ApRWfsIMQSt2uE4OcpQqbFu7f7NbTK05lx80nuSijCz7sc3a277R67g,"The game is good. The menu is poor and can be improved by adding scoring system, remembering last time result and game played. Game sets are confusing",2,5,1.4.4,2011-10-17 11:26:06,,
lg:AOqpTOHZgCkFVhX7KVjSynU67zKSRAe55TOHbk6pxn2sovDtkc2z-FoQOliUNn_6FDunxHfsVS1pYVJ28m6oXG8,A Google user,https://play-lh.googleusercontent.com/EGemoI2NTXmTsBVtJqk8jxF9rh8ApRWfsIMQSt2uE4OcpQqbFu7f7NbTK05lx80nuSijCz7sc3a277R67g,Great game!,5,5,1.4.4,2011-10-09 18:10:26,,
lg:AOqpTOHiM4OTvEt-Q_BR5FSSL4iKa6asOegOE5V2aS0L4PACPJSm152sNQk8vyErdsLTETUp6hCuEAI1D7U1hQw,A Google user,https://play-lh.googleusercontent.com/EGemoI2NTXmTsBVtJqk8jxF9rh8ApRWfsIMQSt2uE4OcpQqbFu7f7NbTK05lx80nuSijCz7sc3a277R67g,Cool Love it,4,2,1.4.4,2011-10-09 14:10:35,,
lg:AOqpTOF3e31B2NL9NMXJDEr_x-Dg_XMYV9JPwl_Cpj5il_W3xSF2lhnXDGpz_3_b3JZPaQWhomjNIC775qxYL7w,A Google user,https://play-lh.googleusercontent.com/EGemoI2NTXmTsBVtJqk8jxF9rh8ApRWfsIMQSt2uE4OcpQqbFu7f7NbTK05lx80nuSijCz7sc3a277R67g,Perfect,5,2,1.4.4,2011-10-05 20:47:33,,
lg:AOqpTOGhB4VAv3Y3O1EJwzvtOc9dRnhX_5WaKXo-LK5pg6ebpdwLMkAgDX2KM7D7olCaGTMjf8FrpxlvECyJMcU,A Google user,https://play-lh.googleusercontent.com/EGemoI2NTXmTsBVtJqk8jxF9rh8ApRWfsIMQSt2uE4OcpQqbFu7f7NbTK05lx80nuSijCz7sc3a277R67g,My first 5* rating & a well-deserved one.. My first purchase in Android Market as well.. :-) Keep up !!,5,1,1.4.4,2011-09-22 05:38:16,,
lg:AOqpTOF7-S9g1aW6_XjKNM55QYWAs50ET3Q02lPazXJTPIzCjdAUwuEPmSyDAQ35JjgBrg3KA66o26J-p49Lrhc,A Google user,https://play-lh.googleusercontent.com/EGemoI2NTXmTsBVtJqk8jxF9rh8ApRWfsIMQSt2uE4OcpQqbFu7f7NbTK05lx80nuSijCz7sc3a277R67g,Beautiful the 3D mode. Runs perfect on my ATRIX 4G. 5 stars !,5,6,1.4.4,2011-08-22 15:17:25,,
lg:AOqpTOF_zSbdD1bkltErvct2IoCsCvYgnIeFvlXGKCz-RI07_-9pngaAM8awygfHzSVUGST_a0QyB7Apxq4mtRM,A Google user,https://play-lh.googleusercontent.com/EGemoI2NTXmTsBVtJqk8jxF9rh8ApRWfsIMQSt2uE4OcpQqbFu7f7NbTK05lx80nuSijCz7sc3a277R67g,Great game. 1000s of fun levels.,5,5,1.4.4,2011-08-21 09:30:31,,
lg:AOqpTOFom0BrjLRayY_QsIu9csRUTc8Z87MoiCnxQLsoox6D-pRF0ojZhTKIBUVifbzviNr9uN1lds6Dx5493aY,A Google user,https://play-lh.googleusercontent.com/EGemoI2NTXmTsBVtJqk8jxF9rh8ApRWfsIMQSt2uE4OcpQqbFu7f7NbTK05lx80nuSijCz7sc3a277R67g,O melhor game para android! preço muito bom e é viciante demais,5,7,1.4.4,2011-08-12 05:05:37,,
lg:AOqpTOFxB4rFVGEsEm4UpOot2bT2qaT9oEkJV2vQ4DwibIn_z02BVmtkTltWbuAgwA5EXq8l-9eG_kQQwPeLwt8,A Google user,https://play-lh.googleusercontent.com/EGemoI2NTXmTsBVtJqk8jxF9rh8ApRWfsIMQSt2uE4OcpQqbFu7f7NbTK05lx80nuSijCz7sc3a277R67g,Does not install at all totall waste of money.do not buy save your money,1,6,1.4.4,2011-07-23 14:14:49,,
lg:AOqpTOEmNNq7XV0zro-ncUtbE5pE6mjm32daPOFHwP5ZOIVvaZDLYzDCaofHfckEvr2hRBS7MWpiSlUlQLn62D8,A Google user,https://play-lh.googleusercontent.com/EGemoI2NTXmTsBVtJqk8jxF9rh8ApRWfsIMQSt2uE4OcpQqbFu7f7NbTK05lx80nuSijCz7sc3a277R67g,"I love it, but the Emmett Extreme maze that is second to last in unable to be completed... not right at all... the ball gets stuck right at the end.",2,6,1.4.4,2011-07-15 06:35:12,,
lg:AOqpTOFUxYgGvdSWC2zF0JieiNl088XjoSwczzTcqrff_a5OECtJL1LQ_Y-0SM97AR_rz7lw2_EYIn4oM7U06eU,A Google user,https://play-lh.googleusercontent.com/EGemoI2NTXmTsBVtJqk8jxF9rh8ApRWfsIMQSt2uE4OcpQqbFu7f7NbTK05lx80nuSijCz7sc3a277R67g,Doesn't work for Droid. Sucks,1,5,1.4.4,2011-06-29 16:20:09,,
lg:AOqpTOHzKJuMIZlaXFy8wb2-FS_htYJTyHQBLnjwr6ejV5WIcqZXEhXAE-tYJCIrUPocsufUiiJc7KNgTJgZxg0,A Google user,https://play-lh.googleusercontent.com/EGemoI2NTXmTsBVtJqk8jxF9rh8ApRWfsIMQSt2uE4OcpQqbFu7f7NbTK05lx80nuSijCz7sc3a277R67g,Works great on the galaxy ace. if you like a challenge then this is the game for you :-),5,8,1.4.4,2011-06-25 02:09:11,,
lg:AOqpTOGtdZEWCQb2klc30eUlcZMDnszZSlR350Oo9ACxqEE-F9ILMZ3Cklwv2Na7JwlN12cb7j_S371BvtIgLy0,A Google user,https://play-lh.googleusercontent.com/EGemoI2NTXmTsBVtJqk8jxF9rh8ApRWfsIMQSt2uE4OcpQqbFu7f7NbTK05lx80nuSijCz7sc3a277R67g,Cant feel d vibration. Rooted sgs 2.2.1,5,0,1.4.4,2011-06-12 23:23:40,,
lg:AOqpTOEWxbGqSHZyo-dYSsEqdRUdC4hvhRZvVJrxBnd9xTqq_8DF8_wTjJFPJj-Ps9dZKVbXSvkUfrRMJT0CUM8,A Google user,https://play-lh.googleusercontent.com/EGemoI2NTXmTsBVtJqk8jxF9rh8ApRWfsIMQSt2uE4OcpQqbFu7f7NbTK05lx80nuSijCz7sc3a277R67g,X10 doesnt register my purchace,1,3,1.4.4,2011-06-10 20:43:37,,
lg:AOqpTOEzSIDHbG7V3FJnI049TgI7hfPHNKeb6YROtAcGgIMbPTibqufgqkkFFG_eim0WW6Q9_nkEtgXtAxz3aXo,A Google user,https://play-lh.googleusercontent.com/EGemoI2NTXmTsBVtJqk8jxF9rh8ApRWfsIMQSt2uE4OcpQqbFu7f7NbTK05lx80nuSijCz7sc3a277R67g,Hours of fun. Just love it.,5,5,1.4.4,2011-06-09 04:47:15,,
lg:AOqpTOG6mNfIVm1GLq2bhcZuAPLoc-_PYkSJ85I5GitSr4Z6tmXSRKt3OEamPCA1aP4f5q0r164EJ8Ay4YpF4c0,A Google user,https://play-lh.googleusercontent.com/EGemoI2NTXmTsBVtJqk8jxF9rh8ApRWfsIMQSt2uE4OcpQqbFu7f7NbTK05lx80nuSijCz7sc3a277R67g,Love this game when im bored :). Its worth 2.99,5,8,1.4.4,2011-06-08 18:05:42,,
lg:AOqpTOHMOZtgz6BgtQ4uki5BGoXAifjF7cGFDokh1nIE-SXEksoU7eWePnf94jXDYnsUracXVqPy7aiOzCxiWSw,A Google user,https://play-lh.googleusercontent.com/EGemoI2NTXmTsBVtJqk8jxF9rh8ApRWfsIMQSt2uE4OcpQqbFu7f7NbTK05lx80nuSijCz7sc3a277R67g,One of the best games on the market,5,1,1.4.4,2011-06-01 15:31:17,,
lg:AOqpTOENw6MitSyVD4FKzQRUoVyix-kkQlCZXAij4xpTfH0J8cHl8EUTOXMsU6hdUs_URheamnVW7dnLiBgFlz4,A Google user,https://play-lh.googleusercontent.com/EGemoI2NTXmTsBVtJqk8jxF9rh8ApRWfsIMQSt2uE4OcpQqbFu7f7NbTK05lx80nuSijCz7sc3a277R67g,The only thing that i don't like about it is that you can't create your own levels on it.,5,1,1.4.4,2011-05-29 16:44:10,,
lg:AOqpTOHLmIV40Ti0GOQpTQqZfLoIwptnB9H-0mNtlat9JDOy25AB2V1Vw1tlz_3G0tUdd3DlqHfA1Ghg7TjUVj4,A Google user,https://play-lh.googleusercontent.com/EGemoI2NTXmTsBVtJqk8jxF9rh8ApRWfsIMQSt2uE4OcpQqbFu7f7NbTK05lx80nuSijCz7sc3a277R67g,I played this game to passed the time.,5,3,1.4.4,2011-05-21 06:43:04,,
lg:AOqpTOHWQczOUEtvWYgQ3DGe4SwAFWgNDFfguIwkoLNAMyQ9nuO2DjVhwZT_CJ0df3fmg-5oBzasAgGQ4OajyR0,A Google user,https://play-lh.googleusercontent.com/EGemoI2NTXmTsBVtJqk8jxF9rh8ApRWfsIMQSt2uE4OcpQqbFu7f7NbTK05lx80nuSijCz7sc3a277R67g,"I enjoyed this game alot. Well worth the money. I had it on my droid x, but when I replaced my phone with another droid x it will not let me.",4,2,1.4.4,2011-05-16 12:08:07,,
lg:AOqpTOGW7s4-j9h7DfE_HR9SrbeT1BdLhe5pJCWjwZx_5b9knDc7EbJRop-W-O8lyuxFPHNHJ4-3H9Air29BZ4A,A Google user,https://play-lh.googleusercontent.com/EGemoI2NTXmTsBVtJqk8jxF9rh8ApRWfsIMQSt2uE4OcpQqbFu7f7NbTK05lx80nuSijCz7sc3a277R67g,"Would not download on my droid, got one message that said can't refund and another saying I got my money back...have to check my card for sure",1,2,1.4.4,2011-05-13 16:44:59,,
lg:AOqpTOEKE3uZsIo8iAoIaEvWHy-gzA2oKXpmenYBYDT2f7dvkX23c4Egf1VCp1y_Bw6VQvBoHVKd7wFSRx0OPh8,A Google user,https://play-lh.googleusercontent.com/EGemoI2NTXmTsBVtJqk8jxF9rh8ApRWfsIMQSt2uE4OcpQqbFu7f7NbTK05lx80nuSijCz7sc3a277R67g,Thanks!,5,2,1.4.4,2011-04-30 02:15:13,,
lg:AOqpTOFWPX9Hp0TTSlAQpxBkHMyzxjO_1HezQIKIYR2EUZhDrqPmdjNt8i7KkAcO_CLMh1RXc26vScRiPYA_n_M,A Google user,https://play-lh.googleusercontent.com/EGemoI2NTXmTsBVtJqk8jxF9rh8ApRWfsIMQSt2uE4OcpQqbFu7f7NbTK05lx80nuSijCz7sc3a277R67g,"Won't load on droid, please fix :(",1,6,1.4.4,2011-04-26 05:25:58,,
lg:AOqpTOFNXjZ94lliH7zSIB_GtEUUrk4NkU1ZGXuHtLdVCKxO4yOAbXQUsgKqhZZsYRZiFIEYJmWLWWjf00cgRGI,A Google user,https://play-lh.googleusercontent.com/EGemoI2NTXmTsBVtJqk8jxF9rh8ApRWfsIMQSt2uE4OcpQqbFu7f7NbTK05lx80nuSijCz7sc3a277R67g,I like this one,5,3,1.4.4,2011-04-03 04:41:17,,
lg:AOqpTOFtCD61iI0xxLCEvJn2j7F97UOBNdBcCMWgCJnK1elrhx1vcKW_V5JrFmhChYlinU4lJ9HfVHwvs8bh_yg,A Google user,https://play-lh.googleusercontent.com/EGemoI2NTXmTsBVtJqk8jxF9rh8ApRWfsIMQSt2uE4OcpQqbFu7f7NbTK05lx80nuSijCz7sc3a277R67g,Had to buy it after trying out the free version. Tons of fun and very accurate!,5,6,1.4.4,2011-03-27 01:56:55,,
lg:AOqpTOEM-BLIRXmwWF7d9npEQjyLfDc1mJUf4gzoA8WgpZYTF3-oKVAH8nHZocefS2hLXfQF6iEgKhR3DUwszpA,A Google user,https://play-lh.googleusercontent.com/EGemoI2NTXmTsBVtJqk8jxF9rh8ApRWfsIMQSt2uE4OcpQqbFu7f7NbTK05lx80nuSijCz7sc3a277R67g,Very good,5,3,1.4.4,2011-03-26 16:50:57,,
lg:AOqpTOFCbSjnXSzgW19RPav4kYMtzRct60ERKvOif3YdoK6h5zVvOSMgTw8VVXYGbLMn-MilzHUBU8KLHMTegnA,A Google user,https://play-lh.googleusercontent.com/EGemoI2NTXmTsBVtJqk8jxF9rh8ApRWfsIMQSt2uE4OcpQqbFu7f7NbTK05lx80nuSijCz7sc3a277R67g,Great game! Very responsive on the T-bolt.,5,3,1.4.4,2011-03-26 08:26:40,,
lg:AOqpTOFcnxhwjC1RCmTDdBX9TN8JvmSaZ2RvBrEBSSC0jR4o0HbhLTHZRR0WCbsZ-Rj4RC24ZDIXo8782d3X4N4,A Google user,https://play-lh.googleusercontent.com/EGemoI2NTXmTsBVtJqk8jxF9rh8ApRWfsIMQSt2uE4OcpQqbFu7f7NbTK05lx80nuSijCz7sc3a277R67g,Awesome,5,2,1.4.4,2011-03-23 23:48:24,,
lg:AOqpTOF5-p3XVv-55cA6ndxkgqGDnkRE80YehbJKuNLis72d8n8zBMCB4CY43zVY7bNoTrzYD_CluQeN-8_iI-s,A Google user,https://play-lh.googleusercontent.com/EGemoI2NTXmTsBVtJqk8jxF9rh8ApRWfsIMQSt2uE4OcpQqbFu7f7NbTK05lx80nuSijCz7sc3a277R67g,Excellent fun. Bit slow to react to changes in gyro but that may be my milestone 2 device.,5,5,1.4.4,2011-03-10 15:24:49,,
lg:AOqpTOFxNiHXy43knZNfIlTfsREBNo7PKUYSQMWeUj6wcM34bBs_IlbaAtgkTCMJ4G6d7m50GFHiotq5VKG8lTs,A Google user,https://play-lh.googleusercontent.com/EGemoI2NTXmTsBVtJqk8jxF9rh8ApRWfsIMQSt2uE4OcpQqbFu7f7NbTK05lx80nuSijCz7sc3a277R67g,great game for all to play very addicting,5,7,1.4.3,2011-03-08 02:43:20,,
lg:AOqpTOGyzpZ3lqnHmYtXZIqluU_jTWo2yOkRmzwK6SXh8ic9ZDbt-E0A2qJ0HdWuI1zCVoH7zpydvZSdhU_BGNA,A Google user,https://play-lh.googleusercontent.com/EGemoI2NTXmTsBVtJqk8jxF9rh8ApRWfsIMQSt2uE4OcpQqbFu7f7NbTK05lx80nuSijCz7sc3a277R67g,This is a great game :-),5,5,1.4.4,2011-03-07 15:38:40,,
lg:AOqpTOF26paQuBgDB9Pvg_-DqkKiaMmt0CiAt1dseBlgKCQq2do30_ZqYOnsXeFtxX1OXiCgAV77vFSrP_yXrJY,A Google user,https://play-lh.googleusercontent.com/EGemoI2NTXmTsBVtJqk8jxF9rh8ApRWfsIMQSt2uE4OcpQqbFu7f7NbTK05lx80nuSijCz7sc3a277R67g,Nice one!!!,5,2,1.4.4,2011-03-07 02:28:14,,
lg:AOqpTOHY-dT_d11elKwiE26Dnnsh-RAh0YqlYISM2QKiJHscAfktIwVLXCaqRk8HauN5T3z_jpOper2bU4_J4cE,A Google user,https://play-lh.googleusercontent.com/EGemoI2NTXmTsBVtJqk8jxF9rh8ApRWfsIMQSt2uE4OcpQqbFu7f7NbTK05lx80nuSijCz7sc3a277R67g,When running this on the Xoom when you tilt the tablet the ball goes in the oposite direction. Setting to 1 Star untill this is fixed.,1,2,1.4.4,2011-03-04 08:27:11,,
lg:AOqpTOEsXVk0JKY98utsW-Y3RJHRi1he5i8lV1v7hZdUdRDm8o8X0IWlRVkSuPHHxxMRmVOFtVSyGrWcowbp0aE,A Google user,https://play-lh.googleusercontent.com/EGemoI2NTXmTsBVtJqk8jxF9rh8ApRWfsIMQSt2uE4OcpQqbFu7f7NbTK05lx80nuSijCz7sc3a277R67g,Great game! Needs HD version for Xoom and Laybrinth 2 please!,5,6,1.4.2,2011-03-03 19:40:38,,
lg:AOqpTOHn_naaGtBgCn7i8HoM9Rx3mZZsz7GW2RPq7QTL6tWA0XaPq9CQCKajwiY14tVR_MbD1vcBZXs_kOOgGYA,A Google user,https://play-lh.googleusercontent.com/EGemoI2NTXmTsBVtJqk8jxF9rh8ApRWfsIMQSt2uE4OcpQqbFu7f7NbTK05lx80nuSijCz7sc3a277R67g,Wont even open.,2,2,1.4.2,2011-02-27 15:52:00,,
lg:AOqpTOFObMTba_Q3GetIHmWm0BrNl7hPTtWiIGh8LiQNqXClAOog7AK0NGPry2aXjcVO1cg77FRxEX0Vzzj_B8w,A Google user,https://play-lh.googleusercontent.com/EGemoI2NTXmTsBVtJqk8jxF9rh8ApRWfsIMQSt2uE4OcpQqbFu7f7NbTK05lx80nuSijCz7sc3a277R67g,Love this game!! Mytouch 4g,5,6,1.4.2,2011-02-20 14:31:34,,
lg:AOqpTOGTY46DMxDsa4d-Oh2S9PWWLlyIV8omklD6Jx6fyO0fM7-W29_NtMs0xsdXKOgPfMZ-72fpuo5esDfgz9A,A Google user,https://play-lh.googleusercontent.com/EGemoI2NTXmTsBVtJqk8jxF9rh8ApRWfsIMQSt2uE4OcpQqbFu7f7NbTK05lx80nuSijCz7sc3a277R67g,Costs the most mony EVER on my android!!!!!!!!!!!!!!,0,0,1.4.4,2011-02-17 20:24:56,,
lg:AOqpTOFpPsoathLLTaGwjLgZSzuc86Xfb0p4a0xHr0WVSaNy2_XleKKjtJ8dnsgQmBcW7P4Wpv6HNROWsmopG1I,A Google user,https://play-lh.googleusercontent.com/EGemoI2NTXmTsBVtJqk8jxF9rh8ApRWfsIMQSt2uE4OcpQqbFu7f7NbTK05lx80nuSijCz7sc3a277R67g,This is a really fun/addicting game!,5,3,1.4.2,2011-02-17 09:35:44,,
lg:AOqpTOFXT4d6A0UptckD0A-Q-C14T0w9kVIu2r37hWptbJ_bc6q0RtaFc3S1ZC-yLXpYZA5IfMmWiAtj4mgTYys,A Google user,https://play-lh.googleusercontent.com/EGemoI2NTXmTsBVtJqk8jxF9rh8ApRWfsIMQSt2uE4OcpQqbFu7f7NbTK05lx80nuSijCz7sc3a277R67g,"SOMETHING WRONG,YOU NOT INSTALL PROPERLY THIS GAME",0,1,,2011-02-14 06:14:06,,
lg:AOqpTOFaBMwq24KVcGxVKjCBwFRnHm1seULUZyw1eELlhYcXg5nZ2ZXTiybWQ6U5QSJMlDjsntDtAwZ8wHYKL-s,A Google user,https://play-lh.googleusercontent.com/EGemoI2NTXmTsBVtJqk8jxF9rh8ApRWfsIMQSt2uE4OcpQqbFu7f7NbTK05lx80nuSijCz7sc3a277R67g,Its like the tilt controls are inverted. You tilt left and the ball goes right for example.,2,4,1.4.2,2011-02-12 06:21:52,,
lg:AOqpTOHLimR1uI3pO_hQi97t8y1DVfBeuQbDaCJctBYxHoFF5M4tNOz1ytwy-58wEPwuQjRrMgbujspyUE1m48s,A Google user,https://play-lh.googleusercontent.com/EGemoI2NTXmTsBVtJqk8jxF9rh8ApRWfsIMQSt2uE4OcpQqbFu7f7NbTK05lx80nuSijCz7sc3a277R67g,Works flawless on my EVO 4G. Great game.,5,5,1.4.2,2011-02-05 10:49:33,,
lg:AOqpTOEqm46vhxm1he_8nv8qZh7SZ_H3el8mYiAOMrzTx7179IhBBsCZR6Mf1hJ_5Q0svDVL5e_Loyf1TYbGoV4,A Google user,https://play-lh.googleusercontent.com/EGemoI2NTXmTsBVtJqk8jxF9rh8ApRWfsIMQSt2uE4OcpQqbFu7f7NbTK05lx80nuSijCz7sc3a277R67g,Nice game,4,7,1.4.2,2011-02-01 23:01:25,,
lg:AOqpTOFxCcNZVcG6vSYkS5jGg2jQ20b_CVwWCx3RYZWHsKKQnISWCSs_j_t1I8wPVvZsooLiCT38a3MS5cQ1MSA,A Google user,https://play-lh.googleusercontent.com/EGemoI2NTXmTsBVtJqk8jxF9rh8ApRWfsIMQSt2uE4OcpQqbFu7f7NbTK05lx80nuSijCz7sc3a277R67g,"Fine app, but utterly overpriced on Android",3,12,1.4.2,2011-01-30 07:10:25,,
lg:AOqpTOEfd9V_sCBwxADijpopx-tFmhUjlomJWra_ysBjobmdww2FUytTq0YoKo43X0-YnmYqh-Eck9Z_02mCTu4,A Google user,https://play-lh.googleusercontent.com/EGemoI2NTXmTsBVtJqk8jxF9rh8ApRWfsIMQSt2uE4OcpQqbFu7f7NbTK05lx80nuSijCz7sc3a277R67g,Addicting and an excellent time killer,5,6,1.4.2,2011-01-28 15:24:49,,
lg:AOqpTOFmSkoTEBvf8iJ9G7HpAyxU2m5OVQWU6EzmQ-8DKLRKs1xA_t-kQVh1K4_vr-BId7W_DK-tZTR8vAWUHEQ,A Google user,https://play-lh.googleusercontent.com/EGemoI2NTXmTsBVtJqk8jxF9rh8ApRWfsIMQSt2uE4OcpQqbFu7f7NbTK05lx80nuSijCz7sc3a277R67g,"Awesome game, a ton of fun. Works great",5,5,1.4.2,2011-01-28 13:00:04,,
lg:AOqpTOG1_ssztOY3znbG3pV2BZZUjLYa6NlS9mfxOnWSfpclWYoTFjROoB3P8nY2nn1S06I_Nyk76CqxiJM4mKI,A Google user,https://play-lh.googleusercontent.com/EGemoI2NTXmTsBVtJqk8jxF9rh8ApRWfsIMQSt2uE4OcpQqbFu7f7NbTK05lx80nuSijCz7sc3a277R67g,Every time i need to connect to net for accessing ful version..,5,1,1.4.2,2011-01-26 23:10:26,,
lg:AOqpTOHZXVbHQMQwwPpJ98Ur381jiiIAWBuK6-V5KYmjGYV74BK56yNw0u3M2Zg1tNlE7Nk-ftcWdpcauP-NIIo,A Google user,https://play-lh.googleusercontent.com/EGemoI2NTXmTsBVtJqk8jxF9rh8ApRWfsIMQSt2uE4OcpQqbFu7f7NbTK05lx80nuSijCz7sc3a277R67g,I am ADDICTED to this! Works perfectly for me! Need no more to type. 5 stars!! Droid X,5,3,1.4.2,2011-01-25 01:37:14,,
lg:AOqpTOGHwEYEM1abqzoGrSmn4EfSJyq7LS1-4FnZPjY9r07axRvbz-kVwCBQoqYpCra90DixDncRLEB6BgwfW0Y,A Google user,https://play-lh.googleusercontent.com/EGemoI2NTXmTsBVtJqk8jxF9rh8ApRWfsIMQSt2uE4OcpQqbFu7f7NbTK05lx80nuSijCz7sc3a277R67g,Fine until an Android update installed. Now it crashes every time on my HTC incredible.,1,7,1.4.2,2011-01-17 20:58:37,,
lg:AOqpTOHnRl4xIAYwJSEVN4zNSuOlXknbIlOJRWPYD_rqTi7ZMxInGhvA--C6uwq7TWUUyR5BBmAFW8yNajFvbI8,A Google user,https://play-lh.googleusercontent.com/EGemoI2NTXmTsBVtJqk8jxF9rh8ApRWfsIMQSt2uE4OcpQqbFu7f7NbTK05lx80nuSijCz7sc3a277R67g,Great game! Vibration does not work on T-Mobile G2. :(,4,5,1.4.2,2011-01-14 19:08:14,,
lg:AOqpTOFp0Y_6BwtF-Vj4SL1fFGruhoJ96ybAyp7VDQZnpX8lLdgJhPQMdwy_RvbtRkTsKd0bf25kRmwLrb2oiOY,A Google user,https://play-lh.googleusercontent.com/EGemoI2NTXmTsBVtJqk8jxF9rh8ApRWfsIMQSt2uE4OcpQqbFu7f7NbTK05lx80nuSijCz7sc3a277R67g,Doesnt work!,0,0,1.4.4,2011-01-13 04:36:00,,
lg:AOqpTOEObflhgtxSI3Is5CeDde06vdkNTFel-M2wbiYgT0Vt0CKh3rWJs87jTg851odeeMMtePl-ITbBVsMioiI,A Google user,https://play-lh.googleusercontent.com/EGemoI2NTXmTsBVtJqk8jxF9rh8ApRWfsIMQSt2uE4OcpQqbFu7f7NbTK05lx80nuSijCz7sc3a277R67g,"Terrible, I paid $4.95 and the app failed to install after several attempts and they wont refund my money and there is NO customer support",1,6,1.4.2,2011-01-09 11:48:11,,
lg:AOqpTOHjP1rp0CJcZZQ4pp-61cqPVegVz57satg0iJI7bh4v4B9KC2DNadZcPgyYlSuPp4SYDRJcrgyjKv6_P6U,A Google user,https://play-lh.googleusercontent.com/EGemoI2NTXmTsBVtJqk8jxF9rh8ApRWfsIMQSt2uE4OcpQqbFu7f7NbTK05lx80nuSijCz7sc3a277R67g,Could purchase the game but it would not install on my droid x,1,5,1.4.2,2011-01-09 07:37:25,,
lg:AOqpTOFVKTZ4Yk-nnyUs9VlkGP0K2hFViSjwNvoA-2ih7zy-Bw1TzQG9nMUaFKGzbYAp7P48ghJI3EX7eqjbpiU,A Google user,https://play-lh.googleusercontent.com/EGemoI2NTXmTsBVtJqk8jxF9rh8ApRWfsIMQSt2uE4OcpQqbFu7f7NbTK05lx80nuSijCz7sc3a277R67g,Great app. My patience is tough as nails and I have a high equilibrium in game but still sometimes it makes me like smashing down my droidx :D,5,1,1.4.2,2011-01-08 20:23:23,,
lg:AOqpTOGlsdpVpSyqfigFvRdtzHJvOEuY0XCYMdfk3urplUcyuRyPm9cTL18q9WyhTbprt8Cg3Hv1VlgpzKkEaec,A Google user,https://play-lh.googleusercontent.com/EGemoI2NTXmTsBVtJqk8jxF9rh8ApRWfsIMQSt2uE4OcpQqbFu7f7NbTK05lx80nuSijCz7sc3a277R67g,"Well worth the price, endless tables. Just when you read your map making code, read it well.",5,3,1.4.2,2011-01-07 21:39:03,,
lg:AOqpTOHOEydWTasUPJ9YxYsvSkCptIeE1bkCsAL_i-k63UWbd11kmnw26MzznRfzX643rQ-89v_-rMDu-FdB_Io,A Google user,https://play-lh.googleusercontent.com/EGemoI2NTXmTsBVtJqk8jxF9rh8ApRWfsIMQSt2uE4OcpQqbFu7f7NbTK05lx80nuSijCz7sc3a277R67g,Worth the money!!! Got to be patient tho lol,5,6,1.4.2,2011-01-04 10:13:21,,
lg:AOqpTOEM-FDiax_69LnYRcYIJaWeSVMNYEbxgtehNAAcaRdSvx5CJoUCzj2khS2fk1lNW9m501YXtEMJsoBJE8k,A Google user,https://play-lh.googleusercontent.com/EGemoI2NTXmTsBVtJqk8jxF9rh8ApRWfsIMQSt2uE4OcpQqbFu7f7NbTK05lx80nuSijCz7sc3a277R67g,Totaly worth the buy! Endless levels endless fun! No problems with this app ynlike other funs. It never gets boring cause each board is so different!,5,6,1.4.2,2010-12-26 18:09:06,,
lg:AOqpTOGwvI2HGCqLrk2JFQ30MuOOoC7BdKY8Bv-zLuJwXzlqWVb-kLirHdBhyHaMAMTbe1ivcrcqyl8FIJGvpy0,A Google user,https://play-lh.googleusercontent.com/EGemoI2NTXmTsBVtJqk8jxF9rh8ApRWfsIMQSt2uE4OcpQqbFu7f7NbTK05lx80nuSijCz7sc3a277R67g,Good when it worked but won't start anymore... desire hd,3,5,1.4.2,2010-12-26 16:06:16,,
lg:AOqpTOETmkeWYTzmfJkqSChKa2wSAM4784urLJegJ0gckyonoVVw-BH2GY1SUs0-NUM7WqtcB37RW0wHAw0ljSg,A Google user,https://play-lh.googleusercontent.com/EGemoI2NTXmTsBVtJqk8jxF9rh8ApRWfsIMQSt2uE4OcpQqbFu7f7NbTK05lx80nuSijCz7sc3a277R67g,I cant get a refund.,2,15,1.4.2,2010-12-15 08:49:51,,
lg:AOqpTOEJNMmcEZ0F3OZxZJXVrqdgp5gKDCwenFvJffxQeg9aBnp5AGUZJlgDlI79-gFlm44aD2XzaNW4HbNIC9A,A Google user,https://play-lh.googleusercontent.com/EGemoI2NTXmTsBVtJqk8jxF9rh8ApRWfsIMQSt2uE4OcpQqbFu7f7NbTK05lx80nuSijCz7sc3a277R67g,One game that's definitely worth the money! HTC DESIRE HD 2.2,5,10,1.4.2,2010-12-12 13:27:31,,
lg:AOqpTOGfz200Pi57dhz04qyKBJkYtz8YnXvixWZvkCUFa-_4GGm757fmSjIjyG5wEf8CyF647G13u28Yd1mUPP0,A Google user,https://play-lh.googleusercontent.com/EGemoI2NTXmTsBVtJqk8jxF9rh8ApRWfsIMQSt2uE4OcpQqbFu7f7NbTK05lx80nuSijCz7sc3a277R67g,Now running right on my streak,5,1,1.4.0,2010-12-11 13:55:25,,
lg:AOqpTOEZyhr16OBaofuErTcr2J_Ey2JiyJKec2EBYpVXsqCPadxR6Wc9NushGPTyfrSN_41kB7ieEEAMHN8GKLU,A Google user,https://play-lh.googleusercontent.com/EGemoI2NTXmTsBVtJqk8jxF9rh8ApRWfsIMQSt2uE4OcpQqbFu7f7NbTK05lx80nuSijCz7sc3a277R67g,One of the first game I got lost in with this phone (Droid).,5,4,1.4.2,2010-12-10 12:35:58,,
lg:AOqpTOE4iQ8ETNeo55HCN9ODAoX1x2l8UpXIcJ9ODCNF92IBQuPq8q2w8P0mQIodDpwxYWoHQ7aoqU7npaYYluI,A Google user,https://play-lh.googleusercontent.com/EGemoI2NTXmTsBVtJqk8jxF9rh8ApRWfsIMQSt2uE4OcpQqbFu7f7NbTK05lx80nuSijCz7sc3a277R67g,Incredible game. New update makes the game even better. No problems at all on my nexus.,5,8,1.4.0,2010-05-05 12:18:20,,
lg:AOqpTOHOUf9Eurnv7s7GF0GpY98ICvt0gjb_uHAk4TuGm3ja5ocAESr69CT519Vj988mU-kt2Mo2pCwnAZg1GXU,A Google user,https://play-lh.googleusercontent.com/EGemoI2NTXmTsBVtJqk8jxF9rh8ApRWfsIMQSt2uE4OcpQqbFu7f7NbTK05lx80nuSijCz7sc3a277R67g,Best android game,5,7,1.3,2010-03-21 01:18:47,,
lg:AOqpTOH-vDqkyOfBaQe6q5EwHkgYNg-zqSwUNOvJErCSH2BUu5WStiIAH3WgBknnRjYODaBDIp6jYpWeP8FaN-c,A Google user,https://play-lh.googleusercontent.com/EGemoI2NTXmTsBVtJqk8jxF9rh8ApRWfsIMQSt2uE4OcpQqbFu7f7NbTK05lx80nuSijCz7sc3a277R67g,Awesome.,5,2,1.3,2010-01-17 10:53:39,,
lg:AOqpTOGVKEh1Xp3m9pIfCNNYg5ilEDtH1h9_leBJG87S-ilad_eTIo5YNKdqdrpDxYLk-EUPDh5ng9duVvIIs_0,A Google user,https://play-lh.googleusercontent.com/EGemoI2NTXmTsBVtJqk8jxF9rh8ApRWfsIMQSt2uE4OcpQqbFu7f7NbTK05lx80nuSijCz7sc3a277R67g,Fc 3d on nexus,1,4,1.3,2010-01-10 17:59:11,,
lg:AOqpTOFfPcw3wZ5aVQOU_ga9Ggy4-_fhepJJJWgLB5zQglAiqTaIYijontUKZeY8CbmTlNxu4FiFSI1wjL85X4A,A Google user,https://play-lh.googleusercontent.com/EGemoI2NTXmTsBVtJqk8jxF9rh8ApRWfsIMQSt2uE4OcpQqbFu7f7NbTK05lx80nuSijCz7sc3a277R67g,Love the game but its stuck on 3D mode please fix,4,2,1.3,2009-12-20 05:50:43,,
lg:AOqpTOGP1HnAA24rlNLg3pDlv4FIyjzgGf1DDFFXbizzF5dgHe8rwBXLCm-M8HBC3xob835yNuXu3pxP1xGP_wI,A Google user,https://play-lh.googleusercontent.com/EGemoI2NTXmTsBVtJqk8jxF9rh8ApRWfsIMQSt2uE4OcpQqbFu7f7NbTK05lx80nuSijCz7sc3a277R67g,Excellently done! This is the first app I show to non-nerd friends. Would be nice to have more simple mazes- all the contributed ones are tough,5,4,1.3,2009-10-21 06:19:24,,
lg:AOqpTOHg7egzwN_T0wtvz0jH9YvRFApEQl1biZH8Pk1UNerPP6WeGvIdv2W-XZieHyqHt4gsYxvFMQYCP2RDUUk,A Google user,https://play-lh.googleusercontent.com/EGemoI2NTXmTsBVtJqk8jxF9rh8ApRWfsIMQSt2uE4OcpQqbFu7f7NbTK05lx80nuSijCz7sc3a277R67g,One of the best games on the market!,5,2,1.3,2009-10-14 22:44:04,,
lg:AOqpTOHcUjd-jYMP3gArIgT0GGkZk4Y8w3nI0qXkdELYp_9DB_BqJMOFnrazxGRYxnD7sIaCZZ69iKKO0n76sYw,A Google user,https://play-lh.googleusercontent.com/EGemoI2NTXmTsBVtJqk8jxF9rh8ApRWfsIMQSt2uE4OcpQqbFu7f7NbTK05lx80nuSijCz7sc3a277R67g,Some very crazy and hard levels. Maybe no other way to get 1000 different ones. 1 more star if gameprogress would be saved on SD-card.,3,3,1.3,2009-10-04 06:13:29,,
lg:AOqpTOFJgVVHr74Qn8zJ_-5HuLduruT2hUPCP26y-HzzF4_g5_4UcUDVXP_1_BuV2jwSoMS-2jarSH4F7d0lyfI,A Google user,https://play-lh.googleusercontent.com/EGemoI2NTXmTsBVtJqk8jxF9rh8ApRWfsIMQSt2uE4OcpQqbFu7f7NbTK05lx80nuSijCz7sc3a277R67g,Awesome game!!! I luv it. Some lvls r freakin hard tho,5,4,1.3,2009-07-23 17:05:15,,
lg:AOqpTOF1jD2PHPyWimN1ErBHEjK9yOOAdbpzQdPMQ-tPYiHC4sbxK5-kpqOl5w82DbPKkGGKaJNKGrXfVS8HjQA,A Google user,https://play-lh.googleusercontent.com/EGemoI2NTXmTsBVtJqk8jxF9rh8ApRWfsIMQSt2uE4OcpQqbFu7f7NbTK05lx80nuSijCz7sc3a277R67g,"Labyrinth is a cool, fun, time taking game but its also a stratagy game so be careful and take your time",5,3,1.3,2009-07-19 02:20:34,,
lg:AOqpTOFuhpSEWQY5M4nwzIryoRpcppFE9AQmpFcprarMA4uNg62ffPMubwvkUQHF9gW9YLnjg5UmVv4UlswEgYs,A Google user,https://play-lh.googleusercontent.com/EGemoI2NTXmTsBVtJqk8jxF9rh8ApRWfsIMQSt2uE4OcpQqbFu7f7NbTK05lx80nuSijCz7sc3a277R67g,Finally the full version!!!  Yay! This is the best game in the android market.,5,3,1.3,2009-07-18 13:51:50,,
lg:AOqpTOGsEk8uvF0mclKPM8Q8BdauT8gPuLNYUrgchipk1jRztMHyO0aRcYN5-Gxy9F9US4cvCd6wtpixCEi-L4A,A Google user,https://play-lh.googleusercontent.com/EGemoI2NTXmTsBVtJqk8jxF9rh8ApRWfsIMQSt2uE4OcpQqbFu7f7NbTK05lx80nuSijCz7sc3a277R67g,LOVE this app but can get frustrating,4,1,1.3,2009-07-16 23:18:09,,
lg:AOqpTOHXxuCLxDRxvEovuG7XuVZSabAKAGMnzEqlphOOVRe-gKYGSDgG7ScTxUieNBq320qzc9i_DiQhz6cz_8o,A Google user,https://play-lh.googleusercontent.com/EGemoI2NTXmTsBVtJqk8jxF9rh8ApRWfsIMQSt2uE4OcpQqbFu7f7NbTK05lx80nuSijCz7sc3a277R67g,"This game rules, best game on the G1.  Need patience though!",5,4,1.3,2009-07-16 20:22:15,,
lg:AOqpTOGYRDMYIkZJCp9UVRrXBsS_BVVFi4KxamjH9xbWstfDCYAV18ipqtkTYnbFok1xeAGNQjGD2mboPGahk18,A Google user,https://play-lh.googleusercontent.com/EGemoI2NTXmTsBVtJqk8jxF9rh8ApRWfsIMQSt2uE4OcpQqbFu7f7NbTK05lx80nuSijCz7sc3a277R67g,"Perfect. Like the free lite version to try, before you pay for the full version there is wort all the money",5,4,1.3,2009-07-16 10:48:59,,
lg:AOqpTOGXQb46F8M2tHhyczxT02GR8HyUwUGdzmY2Q3gpiz6Vzm3f2nshSoqZdYgnY4fjWhk9TSv8vFOQsn2Kfb0,A Google user,https://play-lh.googleusercontent.com/EGemoI2NTXmTsBVtJqk8jxF9rh8ApRWfsIMQSt2uE4OcpQqbFu7f7NbTK05lx80nuSijCz7sc3a277R67g,The best on the G1,5,0,1.3,2009-07-12 12:52:08,,
lg:AOqpTOEopV9UjZ89bT1SbBXlxrCWcz6bHLQ1F6aZOnhZrdIADbA12Bc_SEmE1WvLD2KI4_qgVujgsVNY0yaVOrI,A Google user,https://play-lh.googleusercontent.com/EGemoI2NTXmTsBVtJqk8jxF9rh8ApRWfsIMQSt2uE4OcpQqbFu7f7NbTK05lx80nuSijCz7sc3a277R67g,Pure awesomeness.,5,1,1.3,2009-07-11 18:45:38,,
lg:AOqpTOEo-atuUbYMvs-GjDg9yr-Gc_r8JuYG3OXZCqBk3dJh9ZtWk2hzSQ45-HcBKbVZkiyRWYMei6I8bxyjOec,A Google user,https://play-lh.googleusercontent.com/EGemoI2NTXmTsBVtJqk8jxF9rh8ApRWfsIMQSt2uE4OcpQqbFu7f7NbTK05lx80nuSijCz7sc3a277R67g,Worth every penny and more!,5,2,1.3,2009-07-06 08:09:59,,
lg:AOqpTOFezSkSEYutNlAhqXPjCmgr-acKnEwo9h-hLDHJ1rbic5nwK9Aq5vDFMdkG3gHKdjN5JiDYqigrHJD9MDg,A Google user,https://play-lh.googleusercontent.com/EGemoI2NTXmTsBVtJqk8jxF9rh8ApRWfsIMQSt2uE4OcpQqbFu7f7NbTK05lx80nuSijCz7sc3a277R67g,This and Aevum Obscurum are by far the best games on the market!,5,1,1.3,2009-07-01 16:28:42,,
lg:AOqpTOHzSGrlfs01LWEtSRfbNfjlzQkNIcIai2EIqJPC4ANfuB8ebwBzW-WZuqAot-kbWGadAnT7ETgI_6ZlAxw,A Google user,https://play-lh.googleusercontent.com/EGemoI2NTXmTsBVtJqk8jxF9rh8ApRWfsIMQSt2uE4OcpQqbFu7f7NbTK05lx80nuSijCz7sc3a277R67g,Awesome and fun.,5,0,1.3,2009-06-30 17:57:05,,
lg:AOqpTOGWUIhkSoPYZN80IIzBysW2xBj9W32c7FDF3Q8tpaXuiMblXgDbE-8FqwJsYlI5yUZhGBGGQdi3_EwmuHw,A Google user,https://play-lh.googleusercontent.com/EGemoI2NTXmTsBVtJqk8jxF9rh8ApRWfsIMQSt2uE4OcpQqbFu7f7NbTK05lx80nuSijCz7sc3a277R67g,"Best app ever. However, when i bought it, it was $4.89.  When the transaction cleared the bank, it was $5.08.  That's inflation for you.",5,1,1.3,2009-06-30 12:55:41,,
lg:AOqpTOGWaBBkLZxJXD3NYaWHa0eakJSG5CYr7xcWdgRl9z9-49cyYKvd_3iZQCsJjjBz1dYxDYNzoj6HDlZn544,A Google user,https://play-lh.googleusercontent.com/EGemoI2NTXmTsBVtJqk8jxF9rh8ApRWfsIMQSt2uE4OcpQqbFu7f7NbTK05lx80nuSijCz7sc3a277R67g,Absolutely love this game!,5,1,1.3,2009-06-28 13:59:52,,
lg:AOqpTOGhIV8IogsQRlsYXE_gC_uqyRgM7NPrA1jN8_zhqVTjT6abTZmtneTdlKqFP0jMNHb-emehJqrp2cZNSUk,A Google user,https://play-lh.googleusercontent.com/EGemoI2NTXmTsBVtJqk8jxF9rh8ApRWfsIMQSt2uE4OcpQqbFu7f7NbTK05lx80nuSijCz7sc3a277R67g,Is it just me or is there a se.................rious lag problem with this otherwise faultless game?,4,4,1.3,2009-06-26 03:17:23,,
lg:AOqpTOEc2-fQiwtWbVeeV0C_rqF5H23sGign6OlylQeoln0QTM5Ou79-oAWXhvMBASCr5aDyX-DhD8qeLB5vih8,A Google user,https://play-lh.googleusercontent.com/EGemoI2NTXmTsBVtJqk8jxF9rh8ApRWfsIMQSt2uE4OcpQqbFu7f7NbTK05lx80nuSijCz7sc3a277R67g,Wow. Finally a game worth while. Great job.,5,2,1.3,2009-06-25 23:16:25,,
lg:AOqpTOF4bOCFp8-yVtcDL-Tihsg_mXEz88BBaYsUIeSgQNlR0umCNlToqCUDzLnh152mP24imeu45yaX8gEiVr0,A Google user,https://play-lh.googleusercontent.com/EGemoI2NTXmTsBVtJqk8jxF9rh8ApRWfsIMQSt2uE4OcpQqbFu7f7NbTK05lx80nuSijCz7sc3a277R67g,OMFG!!!,5,1,1.3,2009-06-25 22:26:30,,
lg:AOqpTOH6_B7QjniUaXqk0sDsg1JHQJZDl3nTg5VHcxG6MOUj79TironTv06wGFVtHkdy88JBxjCFgb-lLMmrR3o,A Google user,https://play-lh.googleusercontent.com/EGemoI2NTXmTsBVtJqk8jxF9rh8ApRWfsIMQSt2uE4OcpQqbFu7f7NbTK05lx80nuSijCz7sc3a277R67g,"Seems harder than the lite version but still awesome, finally a real decent game on the G1.",5,0,1.3,2009-06-25 05:35:56,,
lg:AOqpTOHFNc-8v2IfXXFJ8S6URZYUvZvX3qFM8rCnv7pbFxNftJ_wj1f_8drKUD8PJ7p_Vqz3pRtmfgp2z-WjOkg,A Google user,https://play-lh.googleusercontent.com/EGemoI2NTXmTsBVtJqk8jxF9rh8ApRWfsIMQSt2uE4OcpQqbFu7f7NbTK05lx80nuSijCz7sc3a277R67g,The game delivers what we were waiting for.,5,2,1.3,2009-06-24 08:23:31,,
lg:AOqpTOEQ2Sg5WgAyn92U97xBtIVElfxpqDCGy0hGKEZTroxmBWhjsxZtevYO7hJAzXNMSCDhL-OwhQuiBrNQwF4,A Google user,https://play-lh.googleusercontent.com/EGemoI2NTXmTsBVtJqk8jxF9rh8ApRWfsIMQSt2uE4OcpQqbFu7f7NbTK05lx80nuSijCz7sc3a277R67g,Waaaaaaa,5,1,1.3,2009-06-24 04:06:56,,
lg:AOqpTOHql0gahGWNndP44I-xrc1oniNNrHF5S7v3zakLkpUqfUtbnUwWM82vjhiT0bRhcT1wwLi4IfRyePDf560,A Google user,https://play-lh.googleusercontent.com/EGemoI2NTXmTsBVtJqk8jxF9rh8ApRWfsIMQSt2uE4OcpQqbFu7f7NbTK05lx80nuSijCz7sc3a277R67g,FINALLY! The new 3D Mode is bad@$$. Get this game. Support a great dev.. was suprised to see its almost $5 dollars though.,5,3,1.3,2009-06-24 01:07:22,,
lg:AOqpTOFwNfChUyWBvL2CYch0FFD_yLU_twPQQy-l5vI_CjaS1EZD9T1qyyj-SpSHbjqfGaLmSXbVMYWfjWspccA,A Google user,https://play-lh.googleusercontent.com/EGemoI2NTXmTsBVtJqk8jxF9rh8ApRWfsIMQSt2uE4OcpQqbFu7f7NbTK05lx80nuSijCz7sc3a277R67g,3D is crazy mode. Beat this Iphone. This is amazing so many puzzles im so surprised its so cheap,5,0,1.3,2009-06-23 23:25:19,,
lg:AOqpTOHD1pmA-caMvhY-XvGL62QR0LN6IlAcJmb2tByqJfcgzJ3YcBYqhYbURLPmhMrP1Rgjx5t4qhVY2lnsTQ4,A Google user,https://play-lh.googleusercontent.com/EGemoI2NTXmTsBVtJqk8jxF9rh8ApRWfsIMQSt2uE4OcpQqbFu7f7NbTK05lx80nuSijCz7sc3a277R67g,It's here!  It's here!  :D,5,0,1.3,2009-06-23 21:30:59,,
lg:AOqpTOEZbTOhbjacheGj4eLEwarsMXht66GgVnjJr_6AaNE3DkQ19C9yDQqY36yReL0Tgka_0-9cEfraAdQoutw,A Google user,https://play-lh.googleusercontent.com/EGemoI2NTXmTsBVtJqk8jxF9rh8ApRWfsIMQSt2uE4OcpQqbFu7f7NbTK05lx80nuSijCz7sc3a277R67g,"Finally, been waiting months for this!:)",5,0,1.3,2009-06-23 18:09:19,,
lg:AOqpTOGBJimVvcvCd9PLuoJ6cUpmB1_Lbexv_KhA3s-hUHVn7XJ71KnlbGrOtS9houoqmGGvS5Usb4L7zem5CVM,A Google user,https://play-lh.googleusercontent.com/EGemoI2NTXmTsBVtJqk8jxF9rh8ApRWfsIMQSt2uE4OcpQqbFu7f7NbTK05lx80nuSijCz7sc3a277R67g,Been waitin a long time for this! Realllly awesome time killer! BUY THIS GAME!,5,2,1.3,2009-06-23 18:01:13,,
lg:AOqpTOHTGyb-7Lgf-k_79Qo6KgtVJUmwBusL-y5uELgEYCYj0d29mIi8qbEKEht4DQ66NlA4p2BERw6zJDbJTpA,A Google user,https://play-lh.googleusercontent.com/EGemoI2NTXmTsBVtJqk8jxF9rh8ApRWfsIMQSt2uE4OcpQqbFu7f7NbTK05lx80nuSijCz7sc3a277R67g,HELL TO THE YEAH!!!!!!,5,3,1.3,2009-06-23 16:21:18,,
lg:AOqpTOFmVT1-D_bgaeGe3EMkEHj_2YKBv9sOZPMJHvGR9Cert8E4fKUhWUXbid-RlcBz-i8CEa6iwlnB_HZ1vRc,A Google user,https://play-lh.googleusercontent.com/EGemoI2NTXmTsBVtJqk8jxF9rh8ApRWfsIMQSt2uE4OcpQqbFu7f7NbTK05lx80nuSijCz7sc3a277R67g,Great game!,5,5,1.3,2009-06-23 05:20:01,,
