reviewId,userName,userImage,content,score,thumbsUpCount,reviewCreatedVersion,at,replyContent,repliedAt
gp:AOqpTOEb4GBk1DNa89LQG62rG33EVHVJWABrsbWur7wO3iU7JCgbifgNAX949e-YjVBDJ32Fm7x9M-vXD3z3qvc,Konrad Agius,https://play-lh.googleusercontent.com/-G_uC6eMfVK8/AAAAAAAAAAI/AAAAAAAAAAA/AMZuuckLb_uKNSvrOd0nheYHYuknywYsag/photo.jpg,SCAM......THIS APP IS NOT FOR WATCHES. JUST COLLECTING MONEY,1,0,5.8.1,2021-01-21 00:07:58,,
gp:AOqpTOEF5cYJllExw8h1CaVUMR0sJ-3VG4iAtxzUpml4o-o99gaMwYS-SZXdtQppHWLtlsC6bnwvqbqDjsgR2Js,Sriram Venkataramani,https://play-lh.googleusercontent.com/a-/AOh14GgTYO6mG6Tcm18lb8AiJZOMZhU6anWjNy_9_SbV1Q,"5 degrees=301seconds&tanminus1seconds for hands.minute,hour&second hands",5,0,5.8.1,2021-01-04 06:59:45,,
gp:AOqpTOGUmRELPwQ26Y-OUOWWA0dCPfzHGteK3mFMZV1-Bqtq0lfYG6PdCke1EzwX2eG49UeSnkkxjfaPTc-X_qM,jon langley,https://play-lh.googleusercontent.com/a-/AOh14GhQ2ThlR28icc0qCLwKhitLO47Er2nEWXI0ShEhoQ,"Scam. All they want is your money. The watchface advertised didn't even seem to be there. Unless you want a long term financial commitment, then don't bother.",1,5,,2020-12-26 04:12:28,,
gp:AOqpTOHVpLrFV86-flY2QssQ7ZyNDfzvK8IsKTNRn3lFWv5sDWZEzDbQ4V7SG-ctAgW9wA3Sx9At0VZEaGCVPdw,Master Terry A. Zahn,https://play-lh.googleusercontent.com/a-/AOh14GhP9FnIueAUyYId_trudRyYV8Sa8UHrDouK6BHSrA,Favorite of all time. I just wish it could be updated to work with android 11.,5,3,5.8.1,2020-12-24 15:17:48,,
gp:AOqpTOFly8_1F0ckFS0iEPjjCoKNFX1Qm8T8PCULW9fTJc9U2KPpGp6QWqzYqdUd0m9Q-G3DuJLcCh4_9aNzbEk,Kerry Kehler,https://play-lh.googleusercontent.com/a-/AOh14GhvsZzbpgdyrb_kVYg4UqSwegSuxzD4CBWIV2covA,Great product but hate the adds. I paid for this why do I get adds?,3,0,5.8.1,2020-11-12 13:53:13,,
gp:AOqpTOHXuLfsvPHe5cMgBk3FFeheVGF_nAI1Isrv6TR2mYBUhH6crFNCOgXQlD1ZcaRRd3r93ugxPKiwe0dfbSg,Maulik Mistry,https://play-lh.googleusercontent.com/-SG427zj__ZA/AAAAAAAAAAI/AAAAAAAAAAA/AMZuuclgfjfD_DmQOcz7gBFjptRwPNgawQ/photo.jpg,Crashes on Android 10 when trying to select a watch face by clicking settings. Opening the app however allows settings to be available.,3,3,5.8.1,2020-10-19 19:05:03,,
gp:AOqpTOGKFZhOpEShk0huUC4M-4WW1Te7wWElGi5JVaIogeMozBwyDcR5zMu9vN2nkQlxvk-de_IlE0DpnHXakJo,jason ehrlich,https://play-lh.googleusercontent.com/a-/AOh14Gj951LDr9dZU4rvBFUO7cFjcox1iOc4sAdi701cRw,My favorite charities include American civil liberties union WikiLeaks and Wikipedia because it feels like it's being edited under my fingers,5,0,5.8.1,2020-10-18 03:55:20,,
gp:AOqpTOFTz68S5FqNJJ1Zdfk88MguVZNsbSUFBu-zeuM6JUSScT3-AOMOmPNPMqbKcdNLeiCbCC32c4s0fbA-fho,Lonnie Gage,https://play-lh.googleusercontent.com/-kIhe70kWsyk/AAAAAAAAAAI/AAAAAAAAAAA/AMZuucn1WzKxc8baeDM5_TxghA2fwkiRGg/photo.jpg,😊👍👍😊,5,0,5.8.1,2020-10-03 16:48:05,,
gp:AOqpTOH3BNSRoFS1uFhsOHv75lFk7yKUdLC_VS9dOcydvIzsMuRoK-uoHkFPakfYFXSsbvagRYyCmy0T0-UictA,William Marlowe,https://play-lh.googleusercontent.com/a-/AOh14Gj_7DJQPDvSP59Q_6g_Rtk8IxCUpqgASbUjqIWoYw,Stupid & it suck's,1,0,,2020-09-30 09:01:44,,
gp:AOqpTOEAzpvJyAPWr7wEWgLwWD0zqwLO3MQXEfTMP-wrGgIMlSEimH33IKsItM4ijcPcwwFrkFYLQgSewZ2TXoI,Ric Burger,https://play-lh.googleusercontent.com/a-/AOh14GiCkYMKiT8o0QbT44bduGXjpC_ilf4k-47HNhml5w,Would not access any of my watches.,1,0,,2020-09-19 14:00:59,,
gp:AOqpTOF5jHaMCw1EsqgzEcU2H9z6O1-Y4wHbM3j98TFSaJ3yf-SUO7r9X_FiiCkmgaaNhyz4JxdRCXIA63lGwzE,Asif Turk,https://play-lh.googleusercontent.com/a-/AOh14Gid_oJU3nwtkFCbkBNFY1kQkAJT3lzg3glzib3_4A,Unable to change watch face ...,1,0,5.8.1,2020-09-17 17:48:14,,
gp:AOqpTOEasnoM1q43xJXrztqID8ukO9cW6ihCGdMkcfqJRhYyQRrW84UGMJmrknSTFs6Y2cju4K8JyuipXkOKEzc,William Fude,https://play-lh.googleusercontent.com/a-/AOh14Ghe3Vcyojp2NqIpxwTLfjM0sUx2qg9ILC3I2qGBCw,Didnt realize this was only a wallpaper app. Would please like a refund ASAP,1,0,,2020-09-12 17:08:41,,
gp:AOqpTOG9INamq3rRm7JZtr91BBGKZk_NBsLb5KWRMv6QGvaQUAFu2pNsgc4k1oPRl2Z9CUa3V7wxIs6lcENIRWw,Dawit Geleta,https://play-lh.googleusercontent.com/a-/AOh14GgXIfTrmG_lpBwohHTfeFmnYuOI3cvoGBCLN2Tz,It is very good app. Needs further improvement such as batch deletion of unwanted faces.,4,4,5.8.1,2020-09-07 03:57:11,,
gp:AOqpTOE9iEZTZX6DoHjHH6nfi4VAPeSvupBziN5mzA7FL5f4ijG932LongKnj-tg4_5SlvszYlkuTmBL7UM5XVQ,Gerard Rivera,https://play-lh.googleusercontent.com/a-/AOh14GhHCoQJ3wGikN7mU4fR3oh08obm5mMTc079JSiyGGA,Great app I really enjoy it,5,0,5.8.1,2020-07-21 19:51:43,,
gp:AOqpTOEivoFQfNY620H8TJADQEiO_tdDxjYk8iJLsz2cQp8HB-Sii2pdpV_y4YFUCPXxLyUfBe8nOeTZDp7gXKc,Rogue Agent,https://play-lh.googleusercontent.com/a-/AOh14Gh_ZN53aZI6hb4PRr-8HXaSPVfw5qQZjM27qFDLcg,Simple and amazing!,5,0,5.8.1,2020-06-14 23:42:17,,
gp:AOqpTOE1BHFpFCEYvlsX94lnZzX3BDnExfFwbAIS9OCGwHt1DzIX918Mfe90V0Z_ajJDtmmw9OqZclmH4lLWIT0,고메즈마르코스,https://play-lh.googleusercontent.com/a-/AOh14Gi7-NG0UrPxyDOC-GrQlUZoj2rbV0T56lgB2yuQDA,Good,5,0,5.8.1,2020-06-11 12:48:47,,
gp:AOqpTOELEdNp5tgzzE4Y5hOk0jLPaQ0WH3i7WRdsjy-3h6_6XNmsbNmYNLyxQYBszl9NwbDJfm-aRv_tRyUZUXE,Erik Nieman,https://play-lh.googleusercontent.com/-VIQnFJ4WpMk/AAAAAAAAAAI/AAAAAAAAAAA/AMZuucmAdNcoNMKOhYmE68QtuyQPym-GRA/photo.jpg,Love this app for my own watch faces,5,0,5.8.1,2020-06-07 12:00:28,,
gp:AOqpTOHPNiUJEth9P-fHzGbS3J_5co8O0vfsxWg6W6bHaF-zWhrFzZsVhGg5FgFkYFD2VON8Ti_2nQ6B8XiK4dU,Bob Snyder,https://play-lh.googleusercontent.com/-wZ1Z1tzr8T0/AAAAAAAAAAI/AAAAAAAAAAA/AMZuuck2d1GWGxDoeWWaQOlV70usAXXklw/photo.jpg,I used to love this app but since the last update that I did for it it doesnt work right ! Also all the watches I purchased are nowhere to be found. Wallpaper or watchmaker is working correctly! Shouldnt have to buy a watch to use as wallpaper after it was bought as a watchface! Then I paid for a yearly subsciption to unlock all faces and you still want me to purchase watchfaces! Something is not right Goodbye!!,2,21,5.8.1,2020-05-30 05:46:43,,
gp:AOqpTOH4Yyos8S46Z4eyIwnwEajTvKBqwF0JTc7fiKywJ-EIqstS8uqS0NgC0zG0xJJWUOJ80pinlu8Y09-MkgY,Nina Pink,https://play-lh.googleusercontent.com/a-/AOh14GgECzVv5w7-kQT5ApcsjW7hHy7pjfWmoLgc7d1WpQ,"Does not transfer any watch faces to my galaxy s2. Paid for the pro version. Installed, uninstalled, re installed. Shows in the galaxy app. But does not show on phone. Waste of money.",1,3,5.8.1,2020-05-29 14:40:16,,
gp:AOqpTOFfNXi4GDtOIk2p6d4XJU6k_khs8xzCWpgYJYEXa1_LAzVvuTKlMEK5D4sFBKtW91xNFfneLmK_aEsySWY,dany,https://play-lh.googleusercontent.com/-7lnka1AMLKc/AAAAAAAAAAI/AAAAAAAAAAA/AMZuuclXg6iOA8RtJHj4v0S763pwpTpE-w/photo.jpg,"Tap action error, not working. Pls fix. Need help!",2,0,,2020-05-19 03:05:40,,
gp:AOqpTOF4VCoMHArUqWKBlbT1UzQECdZMs6xPIPEsRqSN1qDIt6PR68HYFXez2ykoQR6dk6FT0WxKcbNNKEUQoHk,C Mcgee,https://play-lh.googleusercontent.com/-v2OGpk1wR80/AAAAAAAAAAI/AAAAAAAAAAA/AMZuucl6uI_BwDkmHOm4F8OjcK0W5TggmQ/photo.jpg,5stat,5,0,5.8.1,2020-05-17 14:18:35,,
gp:AOqpTOH9TPspJfrsFjHpSdlc5TnZYu7tFahdjsJ5GHpnZItTfgnHsN7TKvVucLuwYd4eOpIPemBD8Wmh_wcKPQc,Scott Smith,https://play-lh.googleusercontent.com/a-/AOh14GhaFuBEDRarh52aYcCadW4D-6O142iPNUCzAbDROQ,Tap actions not working. Have been recoding faces to suit. Still love the app. I use Samsung phone.,5,1,5.8.1,2020-04-12 06:12:30,,
gp:AOqpTOFMhUNUaF1yoeRAsKIBbCNWRbq8D9wr306HFwpWhGTDEHCy9IJ2gzIu0TOrUr-FCfre2NBK5XUuVH4io4E,John Miller,https://play-lh.googleusercontent.com/a-/AOh14GgZZWZgwGPyxjEW9s44uCYZTj1PQc6JvGQPEYSe,"It takes a bit of work to get this to become your wallpaper. What made it work finally was to choose an animated wallpaper from Samsung's Galaxy Themes and make it active. Once that was done, I was able to get this app to be able to make WatchMaker the active wallpaper. Otherwise, the app is fine and does what it is supposed to do.",4,9,5.8.1,2020-04-07 19:40:41,,
gp:AOqpTOFQ9M9LHLMYakxpi8Va7nyRxHr_OuR_pw_rjShWTEIYvPtCWY41aFdVvhjrsQ50t3kReFUnjJgOBa4CY2E,Nkosi Moore,https://play-lh.googleusercontent.com/a-/AOh14GhEtkN4l1s7r7yKO4EszU_WsaLqnVK_1Ta0TQVN,Companion app begs for more money. Dont bother.,1,0,5.8.1,2020-02-25 18:00:19,,
gp:AOqpTOHWjQ1vvKw64qdTUMBSBlNM8y2F_G9rEiB8kQ8f308K2vweaUj8Uwx046BAJJffiNEW0fugN_AxDQ1Nvt4,Andrew Ball,https://play-lh.googleusercontent.com/-07X_8F3GPs0/AAAAAAAAAAI/AAAAAAAAAAA/AMZuucmPWOFigfidRBauYAwQFBRBJxRwHQ/photo.jpg,"Still no tap actions also no one wants to reply to any enquiries . I used this app regularly and it has always been good. After last update some things did improve ,but not every thing. Still love the app just nee the final improvement.",3,7,5.8.1,2020-02-23 03:59:01,What is the issue with tap actions?,2020-03-16 05:11:25
gp:AOqpTOHlL67PLRyU78RUqbVDKMsUPnOYj4HHBrFXlw5ocAcdhUSW0NTAJOZ9Ows9I9hbq3PMmM19lXGd6aPRagM,Stefan Forslund,https://play-lh.googleusercontent.com/-Pmy5RFDCsVs/AAAAAAAAAAI/AAAAAAAAAAA/AMZuucnldrWP2dKBy0qK9lFFXS0ICrvynQ/photo.jpg,"I used to be able to use clock faces from WatchMaker Clock Faces, but now it tells me to buy that clock face to be able to use it as live wallpaper. For now don't think buying this to use clock faces from the other app from this developer as they can't be used in this app.",1,7,5.8.1,2020-01-26 14:13:13,"No subscription is needed! You get the largest watch collection in the world: 100,000+ faces and remove ads for $7.99 (WatchMaker premium option) - no additional payment needed! Use the search options and Top Premium list. Get 100,000+ faces on getwatchmaker.com, 20,000 faces on WatchMaker MeWe, thousands on Watchawear!",2020-03-30 04:30:57
gp:AOqpTOHows1v-BGlBCEBV07wJLstfcCQuqT6w7mU7LPXP86dqp69TizV_TFmwXhHkgPWDhriJLDOh2xn99RRSug,Kris Cayocca,https://play-lh.googleusercontent.com/a-/AOh14GgwohOhe6XdWG-tKtR8d-lGJjp9rd2x9wgAy52Y,"Almost every watch face that I have purchased from Watchmaker tells me that I must ""purchase"" the face before I can use it as wallpaper. I HAVE PURCHASED THEM!",1,1,5.8.1,2020-01-20 17:09:06,"No subscription is needed! You get 100,000+ faces and remove ads for $7.99 (WatchMaker premium option) - no additional payment needed! Use the search options and Top Premium list. Get 100,000+ faces on getwatchmaker.com, 20,000 faces on WatchMaker MeWe, thousands on Watchawear!",2020-01-21 02:18:05
gp:AOqpTOHP2z0kni0adxwZ3ZELdaHYOrsX66RFTYSDDnH4xn5e1vm_2NqbQ66WazY5ZVlFgq24we4uBNmPeh6QwG8,Pacific NorthWest,https://play-lh.googleusercontent.com/a-/AOh14GjbBJ4I1ojSPQ0Z7ojP_rOMMgwiSubO1lVedA-Xrw,Constantly losing settings causing me to come back into the app and set my wallpaper. The app itself is a kick in the face of purchasing advertisements.... Even if you purchased the app!,1,3,5.8.1,2020-01-16 08:49:52,Thanks for your response. We appreciate it. Can you tell us the device you are using at admin.androidslide@gmail.com? We will try to evaluate the issue and get back to you.,2020-01-21 02:18:13
gp:AOqpTOFG5rKVqB1ImhKmbTirODz-g7xKIRZQpNt4SAUpPKdTccW2Oqo4NmvfAioc5NjYbGPl1CeXn6JYIjXMEnQ,Madridi 10,https://play-lh.googleusercontent.com/-Jjt-f9F5TfA/AAAAAAAAAAI/AAAAAAAAAAA/AMZuucmeVZ4PBRV715MIwRK38408QSMpZw/photo.jpg,👍,5,0,5.8.1,2020-01-14 13:17:24,,
gp:AOqpTOHxU0SZ-46ZplPYtvBO2XPnZ7hUPWpVbCch-RWttAdf-EevPK_kkzcDQkJGd6zjEOqc97JmayOsjlZIbZc,Aditya Varma Penumethsa,https://play-lh.googleusercontent.com/a-/AOh14GjWAj9utPhCjyS4jeOjSIvax4nqWVQnb5LvJ2fH9DU,"Required to buy watches again for wallpaper, not working with VIP membership...waste of money",2,1,,2020-01-11 05:03:30,Watchmaker and wallpaper are separate apps. We will  see if there is a way to combine memberships,2020-01-11 11:03:15
gp:AOqpTOEvIM_meL_ZX1uJ2bK-pFywlW4olD8ALv6Ae_Ftb1FGu5DvoDiZF-c8uof3pA-2afGbDfkyg-dn_DGoLxU,John Spore,https://play-lh.googleusercontent.com/-zWHGyrMPgRM/AAAAAAAAAAI/AAAAAAAAAAA/AMZuuck39kTKAMCe9K53EE_V-Sq9ZXj_ig/photo.jpg,Can't resize or move watch. Thanks for response. So sizing/moving with finger is no longer an option?,4,1,5.8.0,2020-01-07 03:38:14,fixed in new update,2020-01-10 12:57:18
gp:AOqpTOFbREzwhhEWM_sGUXLsL0OiPxA4BEX_kA3joILDbE8mmn7s5TKHnXM4dGD9VC76w0kb8rT0cbF9qS0h9Ok,Troy Williams,https://play-lh.googleusercontent.com/-c2jmA7F-fUI/AAAAAAAAAAI/AAAAAAAAAAA/AMZuucm3-cAiEtvpdoSgB4_of_wePaWTdg/photo.jpg,Suck don't work,1,0,5.8.0,2020-01-04 10:48:18,What is not working for you?,2020-01-07 03:33:52
gp:AOqpTOEO-NVQRfB7RthClaR8VkEqW-RqYSpDyUv85BSNJMQCrGFDXPeF2s1JOioyuIMZqwlq0b_Uo4V8WXSLwP4,Ian Grody,https://play-lh.googleusercontent.com/a-/AOh14GjgIZ5CwcX4DJcqlxyhucjQnNA17G9CLr3aaZTs5oo,"Updated to latest version, oh yea!! Eat your cake and still have it! All the power of Watchmaker for Smartwatches, but as your wallpaper even if you don't have one. Coupled with the same Tasker support, your wallpaper can deliver any information you could wet your beak with.",5,6,5.7.9,2019-12-19 02:31:30,,
gp:AOqpTOG28btOuhMU25pM7QBi-jlUjlIbrJ77gHk345Jlf95qorg6mzO7dXKdulVbutAMHMM69C29WZse3fZfOxk,Frank Ivie,https://play-lh.googleusercontent.com/a-/AOh14Gh9ZSuOEHt_SLgAtkeET1kwSOvFQLebeklUlnEF7Q,very bad update rotate all screwed up. can use no longer. was great. no more!,1,4,5.7.9,2019-12-18 20:03:57,This is fixed in latest version - please update.,2020-01-21 02:17:53
gp:AOqpTOH9KlgRYID1lBIDOvxrYEa_Qdkpyo9SirA4MJaPGc98Xe_-P_RfAzaKPsYnEg5Zfi-PTv11ftfzZeTT5ao,Family Account,https://play-lh.googleusercontent.com/-f9Vn_aIii2A/AAAAAAAAAAI/AAAAAAAAAAA/AMZuuckf3h8xv16CG6W0gN0KuGUpHBoJ3g/photo.jpg,Great app but completely unusable. Imported my own watch. X coordinate was over 200000e+6 after 5 minutes of holding the < icon I gave up. It's a bare bones app but really needs a reset coordinate button.,3,0,4.9.9,2019-12-01 23:39:22,,
gp:AOqpTOExVvxxstefXRP-rd_a7mtMGZRDsL1izvCCehvEme7YU_esReOtxYIj9xyyP3s3tvdrJpcquqhqei1duR8,S. Collett,https://play-lh.googleusercontent.com/a-/AOh14GiPRyaHTdFWxjh2uneOvcDljgjWSbsGj4qM8RfByA,Great@,5,0,4.9.9,2019-11-22 20:26:46,,
gp:AOqpTOFMO0azO-76zLaKoPEODuqmGRX_lNqBn_brPTkHJ76UkUm7pO4-eF941-GJFSYAey_pHFaRiqzaC9A1raI,Kaidal Ben,https://play-lh.googleusercontent.com/a-/AOh14Gj5Bm_yXEO5dIHLy-eyKeUPJzC8aTnL0oWOeKvpqw,Weather not working,3,1,4.9.9,2019-11-19 05:24:24,,
gp:AOqpTOHjHaE3U-eVqhXeT7ofPbz7ZLCFQIxHc-9ONp5pMtlP77fi-OwiPMMDV7fjm-7sfbjhuDrsZ19204-SDGQ,Korena O'Shell,https://play-lh.googleusercontent.com/--GkKrRr4dgw/AAAAAAAAAAI/AAAAAAAAAAA/AMZuucnd5KB82kMolaULsqAk_EJmzt_m1g/photo.jpg,Not impressed... Google + is shut down now so I can't get the free watches?? When I press free watches it directs me to a Google + page saying no longer available... That's not Kool.... I paid for the whole app not just half... I would really like to be able to access the free watches please,1,6,4.9.9,2019-08-23 18:56:55,"We will update app soon - in meantime log on to the WatchMaker MeWe page for 20,000+ watchfaces!",2019-11-14 13:51:16
gp:AOqpTOGaTlofNBpU2BWLYJAv4YppcNhCiLHzAj-_YIKpEX6d2bQ_PX6ZWffjPx0mmkNbPEvYb7E2I0B6NmKpwFE,Jon Van Meter,https://play-lh.googleusercontent.com/a-/AOh14Gin-DvqTFC8Zkg4dvcoxhH9wBdhgvE2OVT5Bg-SNg,love the custom faces and build your own,5,1,4.9.9,2019-08-02 06:48:12,,
gp:AOqpTOFqH3hPs2FpoEpChbaUwGDuFfYz7b2jTmdYELyT9BflCO7adNcQWX62nkvS_KtPJwh_1HSlYhIhvx_PiOE,Divina Necesito,https://play-lh.googleusercontent.com/-8OwBFrsBmr0/AAAAAAAAAAI/AAAAAAAAAAA/AMZuucmyAFOOqaqwivZEGJWlsFSz4oHiQA/photo.jpg,perfect for my s9+,5,0,4.9.9,2019-06-14 06:30:28,,
gp:AOqpTOFAJrgMszzOldvfaxcaydgTqKPgLdaFHhVICSeeUEX8nrqQ54XQsUl3mLarXyl4Ey3M_mdsWAM6AMEQHJw,Andy Wilson,https://play-lh.googleusercontent.com/a-/AOh14GiA4loYsELQNw9JXrWDeTvt0auv8KsBw16iqVxDyg,Great to have these amazing watch faces on your phone as well,5,1,4.9.9,2019-05-31 13:56:32,,
gp:AOqpTOEUkMJL0XoXXbypj9dQ-_mv4FZy4I5bgTlebsz9aU1k4LvoMFLnEcSBVVgl2XkyMRj2uEgs5NMkqILQ5xI,Three Obi-Wans,https://play-lh.googleusercontent.com/a-/AOh14GjiAsK4xvBMz8FcB86YdaGyj3D9MndNTGgarUIoYQ,A bit pants really. No option to actually add a watch face to my watch.,1,5,4.9.9,2019-03-25 02:16:52,You need the main WatchMaker app - this is the wallpaper app,2019-06-04 08:31:41
gp:AOqpTOEuWrhLQDfDKl2dBPwfDvyPqTm6APxGIkzGIu07kT-K9XzJtnL6biaFAr0Pj-2MyCcXZ82OdJCDeRdPOG0,Gary Mcgrath,https://play-lh.googleusercontent.com/a-/AOh14GhnNHgkkQRT_lyYqliBtytV3EJmA3qUi4pw9UPVsg,wallpaper does not work at all,1,3,4.9.9,2019-03-22 14:23:31,,
gp:AOqpTOEZfnmm8u4ge0rPR_3J6TVgp9ETsF_4Z8_ZB9AiX_zTaFnBZISmmAlHeezrCXlVUXyfQ4S3fQukNXQY5T4,A Google user,https://play-lh.googleusercontent.com/EGemoI2NTXmTsBVtJqk8jxF9rh8ApRWfsIMQSt2uE4OcpQqbFu7f7NbTK05lx80nuSijCz7sc3a277R67g,Brill,5,1,4.9.9,2019-03-21 15:36:40,,
gp:AOqpTOFLqXpqXTNZXICAiV_LjnYD_jFNDT8pb9UBZ7EuGD5Rl_7Nh_Y1QN7gqlgO9L05oF10tR2fOHHRmcR-9fc,A Google user,https://play-lh.googleusercontent.com/EGemoI2NTXmTsBVtJqk8jxF9rh8ApRWfsIMQSt2uE4OcpQqbFu7f7NbTK05lx80nuSijCz7sc3a277R67g,"This app is often unresponsive in Settings, requiring multiple tap action attempts to accomplish anything. The current setup doesn't persist through a restart. The app often blows away the new setup when trying to set it and reverts to default. There's no real save that lets you recall a previous setup. The app needs the equivalent of a dim button for faces that don't have dim available through a tap action. Weather doesn't work. Please fix it! Thís is a costly app!",1,1,4.9.9,2019-02-13 07:24:09,,
gp:AOqpTOFPMDAFLR3HpUqLmpr3HdIAffWs8mCRev6e0i_DAu4WSdy395o9vWPfvWmaQqiguTnYWjoPKO0jz7P60nQ,William Hawkins,https://play-lh.googleusercontent.com/a-/AOh14GheILSwmlxlshqSVztPeqz94ae8BQOOKwq2hdMmOg,Outstanding,5,1,4.9.9,2019-02-09 16:58:38,,
gp:AOqpTOFW8apS52ogLPAMVPeH5aFa6jp98LNe3xQoWgvCjeKDQDVvJFOvCVamljsjajEoRez12SUk1d9TErRdT2o,satish lath,https://play-lh.googleusercontent.com/-6D4YyU2xceQ/AAAAAAAAAAI/AAAAAAAAAAA/AMZuuckvLPAuBp46D0HV6y5deJMezhtsgQ/photo.jpg,excellent app,5,0,,2019-02-05 20:29:39,,
gp:AOqpTOFDX1QBsuzDEJhGcQSFaefb2TJChqhdFk3OYNVupwBJosmzrpEfYLC1f1Q4UE0DYlFuovwisqaWesPt5Eo,A Google user,https://play-lh.googleusercontent.com/EGemoI2NTXmTsBVtJqk8jxF9rh8ApRWfsIMQSt2uE4OcpQqbFu7f7NbTK05lx80nuSijCz7sc3a277R67g,this is terrific!,5,2,,2019-01-30 15:25:11,,
gp:AOqpTOF8VshV2yX1enI9ip_wnoGgANsF2qfuvC0hCLyqg_8r3o2-ZTCPZZ3yrpD2wH8GUv7yrMpSVLBfUfW1_3k,Bill Boggan,https://play-lh.googleusercontent.com/-He-rRzK0ljM/AAAAAAAAAAI/AAAAAAAAAAA/AMZuuckuInEOutoXL3HUTO2z2F0glSOXqw/photo.jpg,Absolutely Love this app!!,5,1,4.9.9,2019-01-21 19:30:46,,
gp:AOqpTOH74S8L-NkqNLIhoMrzpsCsM0NEu1RrpzxXM91M1MTXx3pypP77hNckYYVgB9QXcUIU9ESfvibpv5nymBY,Gary Dusablon,https://play-lh.googleusercontent.com/a-/AOh14GgoLzCSDSs-V5kTa2-Sa9c2x5wDk5TG78RPcnPEZg,this is a good app i have it on 3 phones and a tablet,5,3,4.9.9,2019-01-11 13:05:36,,
gp:AOqpTOGxAEOFrrgQz_-Hr8fH5Eo0bH0Ze_K67tbLGUpNJ4Exn4tGFC5gZ847AfAqZeUb_ulnlHNxCe9Dp5yQBgE,john rollins,https://play-lh.googleusercontent.com/a-/AOh14Gh_db91CLfn8UVXLkAjdjR8lua1_gj7c-R7YcPsew,Excellent,5,1,4.9.9,2018-10-16 10:00:00,,
gp:AOqpTOGqb8i8TTwuiHdmfPQqkl7mveJ6jHpjT7ecCnlLTpVQh-qiGgSL0-Azuohij34KaNs9yciGBjZzIsh2PtY,Walter McIntosh,https://play-lh.googleusercontent.com/a-/AOh14GgVDbo8AIOP9m6bw1A9yRFb_pM0vf1TxAhekuC57g,Won't allow me to place a watch on my wallpaper. I don't need it to add a photo I can do that without the app. It worked fine the went to change watch face and it would not allow.,1,15,4.9.9,2018-10-10 15:18:59,Click the Set Wallpaper button from inside the app and then return to the homescreen. All wallpapers are fully customizable!,2019-03-11 03:30:48
gp:AOqpTOGxuhYreVjd7yDGPxYeIVUvh-8YOBXqc95-0XYHtpvhcXKMZKqUpRN9UuP2uQuG9Q1-h4v3rKYq4OwLe_Q,Chris Arnold,https://play-lh.googleusercontent.com/-e753ajv5uDk/AAAAAAAAAAI/AAAAAAAAcso/AMZuuclF4B1YvSgNsCM8vIM7X_IqoyKI-g/photo.jpg,"Purchased Premium, bought a watch bundle. Cannot set colours (UCOLOR) in WatchMaker app. I select a colour for the hands, numbers, etc.. Set Wallpaper and it always reverts back to default. Using Galaxy S8 and KWFC / Hunter V2.1. I've tried every way possible and it doesn't work.",2,10,4.9.9,2018-09-21 09:29:11,Many thanks for the feedback - we will investigate this for you.,2019-06-04 08:30:58
gp:AOqpTOHHVw_Z3_1rZH10OfOwyls9jhU1vTnsiJOVh6bAQV3srszRM2vTk-kV9VLNXhJW1exYs8b0NFuYJHgtBJU,David Lewis,https://play-lh.googleusercontent.com/a-/AOh14Ggc-TAeClWzBtzPtBChKS4jhFWbTUdQY0sozvdDjg,Ok for a couple of quid.,3,2,4.9.9,2018-09-15 09:04:11,,
gp:AOqpTOGMDbwuv3Zusx213tvjYf0ihk_M4q2kHPwfFnFPIaMVmBWHwVvUhboB1FHLPdbauzmD2K2Oe2FRg9_Ozw8,James Baker,https://play-lh.googleusercontent.com/a-/AOh14GiKXtFEiWsNOFV23aLu8g8NM48ZcE15MkhMBSadNQ,The more I learn about Watchmaker the more I love it,5,0,4.9.9,2018-08-19 12:57:19,,
gp:AOqpTOEAF1fQCbXdd9QAeDTrp7ypnBIhSZtPbko3O0uVXVXcwYGJvIWGJZTjKoarJwt6usXpK6vxHo9M4Nlh3P0,Aniket Khandekar,https://play-lh.googleusercontent.com/a-/AOh14Gh7Bj6pB2_GqlE24xm7wvdJ_VMIWkgcNN0cLX3qTw,"I would like to say one thing, please add an option for no background or 
transparent background so that I can just add the clock on to the screen.",3,10,4.9.9,2018-07-23 21:51:41,,
gp:AOqpTOHKi5EFnFqrKD4lvvvJsfKqy_rYukxsJbQ0CB9CIYdFv1vHIyUTw6tFbqueRoKRGonRDSmRNSoka8HeSSw,David B.,https://play-lh.googleusercontent.com/-FEsZqVVgiY8/AAAAAAAAAAI/AAAAAAAAMDE/AMZuucmI_I6Na65NGSV7KRdhKPLLT_wuNQ/photo.jpg,"Excellent app that enables watch face experimentation and display on the 
phone/tablet. A little confusing when the watch suddenly disaopeared out of 
sight. I thought something was wrong with the app. In addition only allows 
for portrait mode with the app open, so a little inflexible. Added flat 
black background, great! It's amazingly convenient to download new faces.",4,15,4.9.9,2018-07-22 08:46:04,,
gp:AOqpTOFm7PXFhp8s_EpS0koTvcBkFS5gBlUKpxHFJjKtGRETlmH88dzdrVeolQBNuGkY5X987ASniAArwy2AQYM,LemoMeme,https://play-lh.googleusercontent.com/a-/AOh14Ght6cs46Do1xON3SbGIgb7WzCykd8HoXSzJID4aOw,"Unfortunately some elements of the watch face don't display properly in the 
live wallpaper. Weather-related items don't work and the wifi strength 
indicator is missing.",3,7,4.9.9,2018-07-13 13:46:41,,
gp:AOqpTOH8aXJeDFNh01_3VFup9nEHOuvsH6szNsho72pNFGxZvgQp29pv4wfl6y4NgTpSwaX0rZkE6n9mhKqT6bg,Michael Weed,https://play-lh.googleusercontent.com/a-/AOh14GiMWysggDQwZPeBfKwQMWZqRZxKXCYib6wutS8v,"Love it! I can easily change watchfaces on my phone and customize through 
the watchmaker app.",5,1,4.9.9,2018-06-20 14:12:05,,
gp:AOqpTOFLiS9fynpvwOwD-D3vZYkOGrOI8luV065g_6DBe6ta4X17BcfyC7mcCSoaLa7aJaBnlbilP78P12kn4kw,BeefyMcWhatNow,https://play-lh.googleusercontent.com/a-/AOh14Gj7Y-H4hj5bd7NTfn0KuaUb4CmHO6mfjs2tmIoMA7I,"Square watch face still has round border covering corners, can get rid in 
settings even when changing to Square in customisation",2,9,4.9.9,2018-05-30 09:14:45,,
gp:AOqpTOHdjW65RqOULMUtwJA0_vCNUV8Acf7C5JI-MViNkT1wWSigbKThoUdPLwjVfW9zzla67A9JYR9WLmqHl7k,Mando Rick,https://play-lh.googleusercontent.com/a-/AOh14Gjm8dPIBkNQVe0fkWzTvnXWPo7jJKr1FNucH-JkNac,More broken garbage.,1,0,1.3.0,2018-05-30 04:02:08,Fixed in version 1.1 - please update to lastest version,2015-06-09 12:42:52
gp:AOqpTOHV2lkX4spSA3z_cHYF9WDONn-NugYCD9cdv96vzy3t1PPgRSNbaoWyd_ThTPjXdDMso3ELDqAiR2bexos,Tony PianoMan Cruz,https://play-lh.googleusercontent.com/a-/AOh14Gg_SJWR8vOktkYMvowUGo4k6jUc5lJniFKprF6UU_k,"Bought it but can't install it on my Samsung S8plus... All I can get is the 
background color... No watch...",1,5,4.9.9,2018-05-14 06:55:55,"Click on one of the 40,000+ watches in the app and you can set this as your wallpaper.",2018-05-23 02:26:15
gp:AOqpTOFxFYTCNOXyJV92NQVrug0ln4b7WLKDq3bkuic5nFxCx_CFMY-f3XjLszjdwl-K5-vcoY8stQaVfRlBppA,mark hawk,https://play-lh.googleusercontent.com/-7C3ZyNK5d4U/AAAAAAAAAAI/AAAAAAAAAAA/AMZuucn71pQ6vCZJkLbEGunzXKeUUxe5PQ/photo.jpg,A lot to learn but very good,5,1,4.9.9,2018-05-02 13:51:08,,
gp:AOqpTOGkSMgTMHFiJtZBWBAieSbdp295vlGa9G-TNoTkZjkpuYtSG10PIgfSllYhrWoFehS0k7khgNoMhRGs5h0,॥ॐ॥ Prasad Rane ॥ॐ॥,https://play-lh.googleusercontent.com/a-/AOh14Gi3M-bZVNrhcqebdTTcuB53p0zNlX3bSbunZc-GEg,"No proper communication from developer... I paid money and the app did not 
install at all... I paid again and the app started working... I am 
following up for so many days fir my refund but very poor communication....",1,2,4.9.9,2018-04-27 12:04:13,Please mail us your order number and we will get this fixed for you - admin.androidslide@gmail.com,2018-05-23 02:25:59
gp:AOqpTOFWpkSjTw8jFGYaLQ41Crm0HELHvfoJKlB4IshSlhkM7rq7vz9GWIQeiwmbmne7xq0bZaYuim6cVw5l-Ds,M Sibs,https://play-lh.googleusercontent.com/-MWHf3Z4fhr4/AAAAAAAAAAI/AAAAAAAAAAA/AMZuucnxp1mAJFtUPDg_DKfp3A-2W_lMPA/photo.jpg,"I've just edited my initial rating to 5 stars. I started using the app 
again a couple of days ago and so far I'm impressed as obviously it has 
been updated a lot and is now much better than two years ago. Also I like 
the tons of free stuff you can download from the website, from complete pre 
made watches to components. Best of all, it actually does not use up the 
battery like most live wallpapers.",5,23,4.9.9,2018-04-22 09:37:20,Please send us the link to a watchface which breaks so we can investigate (admin.androidslide@gmail.com),2015-06-22 00:55:05
gp:AOqpTOENkpP6ODTDmrweAxX0ufxSpjYrwbB-hzoYtnPCk9t39L5XOyL8TDqOWxVWvLue1B_KRFBq2gbJwy2E0pM,Michael Garrett,https://play-lh.googleusercontent.com/a-/AOh14GiejNj4AyZryD2J8G8PPL-2CfSMu-DbUHbfm4ejdQ,"I installed it and was not able to put on the home screen, every time I 
would make one it would erase it no matter what I did.. And I spent. 99¢ on 
some new faces and I can't get them to show up on my phone... Waste of time 
and money....",2,0,,2018-04-18 18:13:22,,
gp:AOqpTOFoAShjYppxU5aPQKV5MSFFQxKlpIg-KTiIU7KqGul4OQx2Iv01kzWuPApbcpgN2JxANCEGWC4BVS_cUT8,Fas Jackson,https://play-lh.googleusercontent.com/a-/AOh14GiNJc_0waqNG5Sc7pkctMTnYIVkBXL1CQn-VE1ntBQ,"Would be cool to have the faces play sounds when tapped now that watchmaker 
for watches has sound capability. It'd also be awesome to have a widget 
option so you could put a watchfaces in a widget so you could use it with 
KWLP. THAT would make this amazing.",5,32,4.9.9,2018-04-12 12:49:36,should work now with latest update!,2018-04-13 09:43:54
gp:AOqpTOFOVtkP7lqP_xg3xSSJjIsGXlxCn36Cm9VKOJ7F-VNrpLEgqis9zPfT3jvkhMgYGsBzhmMQmyMow90ti34,A Google user,https://play-lh.googleusercontent.com/EGemoI2NTXmTsBVtJqk8jxF9rh8ApRWfsIMQSt2uE4OcpQqbFu7f7NbTK05lx80nuSijCz7sc3a277R67g,Love it,5,0,1.4.1,2018-04-10 16:00:53,,
gp:AOqpTOE7stqmeePPqxIs9z_AyHAYFA1DgCIewRIsG6Hk3yzzbmmTafP2Gthvq1D_3MdfgcdX8xp6f0oXs2LAbxU,Craig Duncan,https://play-lh.googleusercontent.com/a-/AOh14GhhpZOqpzMIXH5Ba-dWz-IiO52dvV8iLO0ZrlJdPQ,Help I cannot get any images of the clocks or import any,3,1,1.4.1,2018-03-20 01:01:10,,
gp:AOqpTOGkfHZ5atNNhysEG5YsfJeYCs_7YSZV-2YItLleylz2yx8ijv8LjMTjwyo4UmkzbhLo3wWTdK7zlVf57aQ,Erika Zauzig,https://play-lh.googleusercontent.com/a-/AOh14GjYWFREI5HkGCRXUuqQiiBVfBQrMBzgUOkBP-BM,Love this!,5,1,1.4.1,2018-03-13 07:20:14,,
gp:AOqpTOGJdDwQ2W_E0ykBtnJRGcuLDzY2e8gUuFT1MnuTnBY69mnds5HSIabCP9_CC_aPcP9S5Jp2L-sBz-qPjP0,xo e,https://play-lh.googleusercontent.com/-ZKJJgPjnic0/AAAAAAAAAAI/AAAAAAAAAAA/AMZuucn9ZWMczs9JsHHHLAhxy2UyHcQ98Q/photo.jpg,Good,5,1,1.4.1,2018-02-27 19:53:09,,
gp:AOqpTOHsT7zYUIcwrpkq6maAodssfwPykv7zBaUGOGwR7GDvSJTLci43LoUQO26nCDqUUNbgjLFfeErhGrr-GVI,Tony Mitten,https://play-lh.googleusercontent.com/-eD_vvmqado4/AAAAAAAAAAI/AAAAAAAAAAA/AMZuuclxzfnBf6MxerDdruBkPRcPNPlkiQ/photo.jpg,Good Good,5,2,1.4.1,2018-02-23 06:30:03,,
gp:AOqpTOHdzDbY39zlM1kvjbEqOdOSoCOp0QcMcj06s9-w609MSSofHFtndNDPfBxkuWtppgHB35MrZ5TbcJX16vc,Ricardo Salas Auvert,https://play-lh.googleusercontent.com/a-/AOh14GhlTHUcq2XwK5dZrysEbhjFS_XOeoXwIruUA0PoEA,It's good but I just want to have it when the phone is lock and just like that it doesn't let you.,3,1,1.4.1,2018-01-26 07:19:19,,
gp:AOqpTOELUsEhG2TfJjR03xv7LoHIrY1Fp3goRWo07l9f69sWp7EycRiJx-BvZdR7CPuaunN-qyUL_nvcIze4Gz0,rizwan khan,https://play-lh.googleusercontent.com/a-/AOh14GiIVIA0Q1_3rKpLDh9wuTRVAdz22YMBc6f4IL9_,Very different watch faces,5,1,1.4.1,2018-01-16 19:01:32,,
gp:AOqpTOGDMh3qFlgt2so7ZdCV-QQu5QMbPI97t2Vkfmlkr4MlnGWsiKHvrximlv7uEf7Rxwx9175XsINhJXQtbxs,Tim Han,https://play-lh.googleusercontent.com/-XA9XIsOLe94/AAAAAAAAAAI/AAAAAAAAAAA/AMZuucmozH4E0vE19SfId6QHVCdgaqYMZg/photo.jpg,WOW. just when I thought this couldn't get any cooler...my watch face as my phone background!!!  So cool on my Galaxy s8. So cool on my frontier watch...I'm speechless and it's a working background!!  Just plain cool!!!,5,1,1.4.1,2018-01-01 14:49:00,,
gp:AOqpTOGV1qGWyKZm-xXP5-UHEN1RC4NGQZ89CVINb42oTGo2JL0bYw-gXP-P2nvuI4w7qXbcXZgcmpLTX6Iv5h0,A Google user,https://play-lh.googleusercontent.com/EGemoI2NTXmTsBVtJqk8jxF9rh8ApRWfsIMQSt2uE4OcpQqbFu7f7NbTK05lx80nuSijCz7sc3a277R67g,"It's cool, ""BUT"" the ""WEATHER"" is so way WRONG"" and it does not show current conditions as is on my watch face it's like I didn't put it on there.  Please fix!  I didn't get what the diiscription says I paid to get.",3,5,1.4.1,2017-11-07 18:48:09,,
gp:AOqpTOFyzWPvHXNBsSwrSlgIEKyXUIttxLpcyb-aBOG3z0dSFEhYORx2capn8V-u1aSXekYjXaRm2wH1dZ-_VVc,A Google user,https://play-lh.googleusercontent.com/EGemoI2NTXmTsBVtJqk8jxF9rh8ApRWfsIMQSt2uE4OcpQqbFu7f7NbTK05lx80nuSijCz7sc3a277R67g,Great!!!!,5,0,,2017-10-21 19:10:28,,
gp:AOqpTOHzmH7PHTLoQ5K2WMb-RHWyVP_rCqR1aAz7UXMoVW_uWRYf-dvfeOveMIg6lyU3xDKMWa_G9dW8h0m_1Cs,marius horn,https://play-lh.googleusercontent.com/a-/AOh14GhQQn3xAYjNbVs41cihjxbRY7qbdaotTW-bifLd,now gear and phone look the same awsome,5,2,1.4.1,2017-10-08 12:30:56,,
gp:AOqpTOFPwgeadfGpjkU_ilJ1rjoglfxNMu8j0n3nzL6bx1iNHOvLMmskw-KP4Z9obSPEImXQ5EhXtUjnCP5jk80,Rob,https://play-lh.googleusercontent.com/a-/AOh14GhfEIV4IXGys-ma4CXZb1_b8wQm9JNelkPMevcm8A,"Overall, I like this app. However, weather updates are incorrect, and will not update most of the time. Also, each time I reboot my phone, I must set the live wallpaper again; disappears. Running v1.41",4,8,1.4.1,2017-08-22 09:06:34,,
gp:AOqpTOFyndETitSeevaM0O4_V_gotYu9z6yDtmJQk56Gi-stSIxQzzX0QGQRcvTuFHuVNw2_mh9zBPg2W5mqTN4,Mike Clemons,https://play-lh.googleusercontent.com/a-/AOh14GiglsGoBfzbAXGRVfwppVKxc16fxVmsKEkE6rQbxQ,I have watchmaker premium and it works fine. But this app doesn't show the correct weather and the compass is wrong. I am not sure what to do because when I check watch on my watchmaker premium app the watchs are correct. Help.,2,25,1.4.1,2017-08-17 01:37:32,,
gp:AOqpTOF4ZCyqtbWD2JL9BPySKJZR5G-eDt17sxpxM6IPmIUjoGaIAOIloAj9u0B-T5kouBa02_sH0e07OLh9EtA,Lionelle Limqueco,https://play-lh.googleusercontent.com/-PI9sfEhcAt8/AAAAAAAAAAI/AAAAAAAAAAA/AMZuuckcVDrdjiGMawAIYThqrsIM-0p0Jg/photo.jpg,Worth the pay excellent app,5,2,1.4.1,2017-08-14 18:20:08,,
gp:AOqpTOEGW0UTpLmg_yvcQAM9xtrKFm6rTPz7lYfHasfGPefoUn3KuupJzU9EokcpMnoWOTPLgPG6JeTHTvCRCH8,CA S Srinivasan,https://play-lh.googleusercontent.com/a-/AOh14Ghza4doF9-ikswQVRVhM4bsx2S9OY7jkuJwqECVpkk,"Took some time to get used to, but it was worth the time and effort. Brilliant..",5,8,1.4.1,2017-08-05 07:12:23,,
gp:AOqpTOHfmpb4QZJzc61O6j-I-_xb3GOGoKlzi4LD9y-zKp97jvrpt89nMz83v0o_xRauy0P3c701fxcgVuAVkyE,A Google user,https://play-lh.googleusercontent.com/EGemoI2NTXmTsBVtJqk8jxF9rh8ApRWfsIMQSt2uE4OcpQqbFu7f7NbTK05lx80nuSijCz7sc3a277R67g,Works fine now,5,0,,2017-08-02 13:15:12,It works on my Samsung S8 - please let me know what you are seeing?,2017-08-02 13:09:05
gp:AOqpTOGPHIdLSxjnWas7_NlGaIimfHG_o6w5HcSg-3obY10Gt2R3gZrRKEMzYZGm0Y2XEwkqPYWjaEznvcIXAWI,A Google user,https://play-lh.googleusercontent.com/EGemoI2NTXmTsBVtJqk8jxF9rh8ApRWfsIMQSt2uE4OcpQqbFu7f7NbTK05lx80nuSijCz7sc3a277R67g,"Can someone tell me Why is not working on my note 4, please!!!",1,1,1.3.3,2017-07-26 17:22:01,Please update to WatchMaker Live Wallpaper 1.4.0 for a fixed version!,2017-08-02 00:13:25
gp:AOqpTOFJeEP6H_1JPPKwuKyETwWUWQDhgP_wd6S2UmIPGsPbZ8_JA4aDG8H_Bw5JjsLWVpKpT4Y-D6uEFEvDe2w,Matt Daryl,https://play-lh.googleusercontent.com/a-/AOh14Gh5loKoe1iTjWNEAhQPCkJzuGaoOnZHPfMkUHOvyA,Picked a watch for live wp and all I get is a black circle. Would like a refund,1,3,1.3.3,2017-07-14 20:31:59,Please update to WatchMaker Live Wallpaper 1.4.0 for a fixed version!,2017-08-02 00:13:28
gp:AOqpTOGb1aaHOVyPW89Wp7jm7Z15068tZZjBHtRRTMBxOZg16zoxGeTakunGt2BsQRt90aT4qohEQKOgikLbE9Y,Ioan Petru,https://play-lh.googleusercontent.com/-NzY_OiNb8TM/AAAAAAAAAAI/AAAAAAAAAAA/AMZuucmiAYA5CXHDn7TMRnFyBTdkNNEYOA/photo.jpg,Dont work on Samsung S8+ WASTE OF MONEY,1,2,1.3.3,2017-07-05 17:28:36,Please update to WatchMaker Live Wallpaper 1.4.0 for a fixed version!,2017-08-02 00:13:32
gp:AOqpTOFZGzwBK_kht-tDZARH7cJqiBXLkQUIkukTGZn3A1UVQAzuqYz-DmeyOuvKusY9kH-iJ6dC14Ay8_IgiHE,Brett Swain,https://play-lh.googleusercontent.com/a-/AOh14Ggjukk5sPzq7KmS_Bbml6zrccK6QM_9rcLMBV2bmA,Very amazing app,5,3,1.3.3,2017-05-25 05:00:30,,
gp:AOqpTOG4ZTWQeyu3INU5LrCakQE7qqOU1idN2Hp8hFM2yOefojNE9UDcx9YQX3lXOHX-158JvUzRV6yhAvPf9LA,I A,https://play-lh.googleusercontent.com/a-/AOh14GhykWj7As3kQA6i2IbMRvAhcQ2moIBvC3AwPfUjseo,Waste of money. Doesn't work on most models !,1,12,1.3.3,2017-05-20 01:08:23,Please update to WatchMaker Live Wallpaper 1.4.0 for a fixed version!,2017-08-02 00:13:45
gp:AOqpTOEyRleJezsjdUucgBiIG8-gWCDLLq0_3dGgU92zs1uWNj9bDhzQ1h9lRJYEwiMOrd5vtj1Auyy3b4uXW1M,Mark Hefner,https://play-lh.googleusercontent.com/a-/AOh14Ggkn4TEvl6SrGhyN6UYkZK6jBWXKzLODeJxD68BuQ,Cool app,5,3,1.3.3,2017-05-15 20:29:57,,
gp:AOqpTOGSA4Go3mC8evOEiYt0NNrVtjvjhyQJ_nUlXXm34zN7NE3uGxOqN-gIZDRNx_OPzhh-pLAbhqTOiEsNDyk,Zachary Something-Something,https://play-lh.googleusercontent.com/a-/AOh14GhnRFtd7wDBT9PVCFsb9uMTkWtvpljfkwf55aAXfg,I wish there was a widget option :(,3,16,1.3.3,2017-04-30 18:25:37,,
gp:AOqpTOGofnrHxHqm_IzhdSR0DIiYmA7q2EByyqL5uzRqRvpUltXryQHkkWzrPYeZLqRVXi_zotT7NP7F_xByH88,jerry stephens,https://play-lh.googleusercontent.com/a-/AOh14Gjid1FUTS6CO0JBe3Q1yFu16xnjlfku69aMLESdoA,Keeps freezing up,2,3,1.3.3,2017-04-30 14:09:40,Please update to WatchMaker Live Wallpaper 1.4.0 for a fixed version!,2017-08-02 00:13:49
gp:AOqpTOGs13TBmHVWY3JeVUqwhjgtpZ4v_hTxw3uAKtUprReLkreiKS_ScHtofRZ4W9kRt9zxs4k6G6fzVzV14xc,Omar Lugo,https://play-lh.googleusercontent.com/a-/AOh14GiTaG2PcMl_YD6Yg4TYsYECx0narDflwUtcCwZZzwI,Thanks developers!,5,0,1.3.0,2017-03-18 12:54:49,,
gp:AOqpTOHwM1jz5_FZm7wPFb94kbTG9PlJAbp67bY6CDJ4xVvejwU0sosNX51jj97vszgJdkXkAXMNha-9aOFxyYI,Jim Hooper,https://play-lh.googleusercontent.com/-hQefgv-QsMU/AAAAAAAAAAI/AAAAAAAAAAA/AMZuuckAR-orNWgsI5qKWVOom5LYB0hBpw/photo.jpg,"I'm just figuring this out.  This is a great app, a bit addictive.",5,1,1.3.0,2017-03-07 13:20:16,,
gp:AOqpTOFv4dG1wohKzyEDqxzmWAy8bS7Cy9ch8II1pbQSpspvpXoZQBQEIKMj1EZ8s27u97WgkLZ0QBRxSQNLb4c,TR Temple,https://play-lh.googleusercontent.com/a-/AOh14GjW6jc9x2XHSj95_wiTPT8R34O79uI6gkIRFzM37g,This ap is the bomb. My main desktop for my phone. BADAZZ!,5,1,1.3.0,2017-03-05 11:57:33,,
gp:AOqpTOEkKuPWzCqWbXo7ajctsRearQpNf_1E6bMeVatkZafSRimX-FdOXW1tu3T8WEbCtlxT7lEDJ2JojDmSu4M,William Taylor,https://play-lh.googleusercontent.com/a-/AOh14GhtvX9ngdRte3zBBDAW6SxUYiWmFnKgNYxpNbrt8Q,Every time I restart my phone I have to reinstall to get this app to work on 7.0 nougat,2,0,1.3.0,2017-02-11 08:20:09,Please update to WatchMaker Live Wallpaper 1.4.0 for a fixed version!,2017-08-02 00:14:02
gp:AOqpTOEiOQpTamUY0Tj8nmrCaqO6OW1cy9e8JwzwtksHC216pdA2DTLSC3vD9jayra-WzoQCuyWWp1zPr8nOVJk,David Hulme,https://play-lh.googleusercontent.com/a-/AOh14Gj4qlBGsArfCvvjAps2ABGgXIx4gsqqJEv5SDj9Uw0,Since Nougat update.. phone reboot causes app to crash.. remedied by reinstalling the app.. after every reboot.. temporary loss of a  star..,4,1,1.3.0,2017-01-30 13:42:10,,
gp:AOqpTOELKLAJIIaflvfVKzKv1BVQDV0-JXf57TP02mLtsGn9XFkTWkAcErfDbz7FSoJ9H5azPN0IMK7pVoh_YSQ,Lyle S. Mocha,https://play-lh.googleusercontent.com/a-/AOh14GiZ66Wg8NJ_NJeNHe2yp1x3mooucV9TPi-x-78F,"I only have one issue with this app. The buttons on the bottom are overlapped by the screen preview area in such a way that it's difficult to tap them accurately. It frequently causes minor unwanted adjustments to the preview. Without this issue, I would gladly give 5 stars.",4,2,1.3.0,2017-01-24 13:28:44,,
gp:AOqpTOED8dp47x9AfydnpkT0SngbHCOgA3ZtRyKP3oYzBOfkLHS3_QkVQokK-iyC7PRKCY_ubYqQa9vjjaREKno,John Lang Wilson,https://play-lh.googleusercontent.com/a-/AOh14Gi9bEhZ-TN2-FSLjZXtTcQRLNeAI0es0EKWt_hqoA,Satisfies a list for watches without the hardware. Works well on Nexus 5 and 7.,5,1,1.3.0,2017-01-14 05:02:02,,
gp:AOqpTOEiPdh3Rb3NuRYch5v2TBIOZN8ftN9tXD8hZUNS-eX0A6KWY6MbpsnppltxzfjxbOH1uPIKpELsEK4nL-0,Stephen Nagy,https://play-lh.googleusercontent.com/-7QTiW39gMBE/AAAAAAAAAAI/AAAAAAAAAAA/AMZuucnsJxyMwEYv3xK7FmDYOpNIyVl83g/photo.jpg,"Awesome app!! A great way to take advantage of the wonderful world of watch faces for android wear if you don't have a smartwatch. I had a specific watch face that I could only find as a wear watch and this is the only application that will allow me to use it on my home screen. As well, I stumbled upon the WatchMaker community and found even more faces. However, I hope the developer continues to support this app as I will keep it on my home screen for a very long time, despite the small niche market.",5,11,1.3.0,2017-01-09 00:18:05,,
gp:AOqpTOHRyyTpTVXpeMGTWz8G6KiIVQuL_1XEmKmNptjy8j7WLPNvydhDgKlctlQV1ZINAFm1cBNi38X_pFY1y7A,Peter Tuckett,https://play-lh.googleusercontent.com/-yaKq8SFRloA/AAAAAAAAAAI/AAAAAAAAAAA/AMZuucnroArXr3a8reS7FUufQaAUkpQZ2w/photo.jpg,Awesome app!!!  #1 for sure!,5,1,1.3.0,2016-12-26 13:36:30,,
gp:AOqpTOHnz4_3hKVrLXr0sF_6S46zcJcX5QM57u3Xq6UuQGaFlCF8dk76I0XuPrTxQ-CtKoczUVUWNX6D69NHiyQ,Yeah!Man,https://play-lh.googleusercontent.com/a-/AOh14Gg3v8PKiKC38yXoF4UgxFYYrOnfhTeRYtdzvcFNwg,It's great!,5,0,1.3.0,2016-12-18 23:11:15,,
gp:AOqpTOFZddhGfbg1JACR0xnteGygEQjRZ94qhhoBkCqyVvpY4MyoTxvh6SCJR7lu5bHHVD4bE3184hCUs9x32P8,Kristopher Erwin,https://play-lh.googleusercontent.com/a-/AOh14GiO1QA_CH0yyi_7aPCz1xN9ngmz7oJjL7UytZqD2A,"Love the free sample watches to download. Plus to put your creativity in the ""edit icon.""",5,1,1.3.0,2016-11-12 14:03:32,,
gp:AOqpTOHzYdgVtW5_7yNEDMjh0FDRE8FzdeRj-13Na6V6d2AyhTq2Yd22MaEBpKI6o3Jz30o5eTGGypma7jzZWVM,Peter Rix,https://play-lh.googleusercontent.com/a-/AOh14GhlmQx0rEE8VPjnFYk2DHvckaBhOJiaYBvIDiOzk20,Crappy App crashes all the time,1,0,1.3.0,2016-11-08 10:48:59,Please update to WatchMaker Live Wallpaper 1.4.0 for a fixed version!,2017-08-02 00:14:16
gp:AOqpTOFuT2rTlDxLC4dsjvZaWbUVl_8Hw7o_VDTnPavbIle0erq5pJnZFpUcHXwB5UHqQyI3LKJUZ6RdG50LJr4,Raymond Jeffries,https://play-lh.googleusercontent.com/a-/AOh14Ggkve2psMSm0VKJgD_leS55bwEvqdEqbKxOhInvXeM,"The preview images suggest the app has built in Wallpapers and matching Watches to get you started. I couldn't find any, including the ones in the preview images. If that's addressed I'll be more than happy to buy! As far as having your current watchface as your wallpaper, it works great... Although it seems like it should be a Widget instead of Wallpaper.",3,1,,2016-10-27 13:42:23,,
gp:AOqpTOFHt87f3WIQGNoeqelToUHAj-rOcEUQM4_qaaXyMrNqh9vyObe5EQAtlyWqslvky1nwfYLPh7Pd6SYIYoc,Weezy Wheels,https://play-lh.googleusercontent.com/-lUH7e2tdvWE/AAAAAAAAAAI/AAAAAAAAAAA/AMZuucmXAPiM7vLGgfRGXoAcehcasAlJvw/photo.jpg,It didn't work on my phone so I got a refund. I have no clue what was going on but I would hate to be stuck with a paid app that doesn't work.,1,1,,2016-10-22 15:20:52,Please update to WatchMaker Live Wallpaper 1.4.0 for a fixed version!,2017-08-02 00:14:28
gp:AOqpTOFl-h1Ds5wLKYr5x9qL1hXe3u3c7NaICB9NM3EsUDBkoMXTfO1YaOabAYmD-i5G6Jwd-2lQtQJb2QSx9IM,Marek Sorocina,https://play-lh.googleusercontent.com/a-/AOh14GigidUxkph8uquOwy3FI01i8mGfSQJ-MGkh8l72nA,I love that app guys ! 😉😉😉 U all brilliant 😉😉😉 Thank you very much 😉😉😉😉,5,3,1.3.0,2016-09-22 12:57:44,,
gp:AOqpTOEI71EdmY8VAoXixMddUFxXks14j77uHQX7EQ9ZrDpWddtpBNwBmOcGvMKlleBRoYUmM9Jnr62xKXBycGA,Mark B,https://play-lh.googleusercontent.com/a-/AOh14GhbRd7FKA0ALDtsSgl-MfSx6YX7NV6e3F2jR3KmXg,When setting any watch image,1,1,1.3.0,2016-09-09 17:44:56,,
gp:AOqpTOEgku99tAZWtQHjEVEekTk0vKD2j0UWuVa5xA4Q_-zZ4CAEz0KAUnGvgI1cAeXw4s4rjXoTvEqb8W5Zwl0,Bentley Freeman,https://play-lh.googleusercontent.com/a-/AOh14Gg2LLbZLfUoA98R6hyksz4njj7xorZygIsCvrHAaw,"Brilliant for watches but I bought this to make a cool digital readout for my car, which has a landscape display on an Android system. Unfortunately it isn't versatile enough to allow for display across the screen in landscape, I can only position items in in a box in the centre of the screen. The standard version is excellent for my SmartWatch though.",2,1,,2016-09-07 10:13:58,,
gp:AOqpTOHAi9ucJrMpymqWXHLgIDqPECvaF991lGNM4nMHejreG36y8H1S2IRbB7jduAhFa0OpSOgEFG6llKVmRHA,Yoshi Freeman,https://play-lh.googleusercontent.com/a-/AOh14Gh-j4blMxdUbczh_4kUaG3wJNfzTPNJlar0--Z5,"Every time I execute the app I got a message saying my device does not support Watchmaker live wallpaper, update firmware. I have android 5.1 on my device, why is that?",1,1,1.3.0,2016-09-04 19:48:26,,
gp:AOqpTOFzifCKbQKwLyz_LI6pVIs6ZoQsrH9ISrS6D5cUipMveAaYtI5SYs344Dikf0YMem-QfsR6bG9ytTGL8uY,Dale Paleschic,https://play-lh.googleusercontent.com/a-/AOh14GiNH0jTyfSmxQOKavNyud3dqwYujirJDykpMod2Bg,"Concept great, execution not! Does trim the faces properly on several watches and several functions don't work. Not what I expected after WM.",3,1,1.3.0,2016-08-08 07:32:22,,
gp:AOqpTOG-9fo5fAQ7h9YoNPn63F1KpBitOcnqL_V2VT8o8vBLpH3vL01YnX0H8VLBPxPoQY2TiooN4e1NM_aWg-w,Tony Arnold,https://play-lh.googleusercontent.com/-aWZ_OKY_yCo/AAAAAAAAAAI/AAAAAAAAAAA/AMZuuclnO2e6Xx5ZO7HVrd3wZC5hwGloxw/photo.jpg,Watchmaker should realise  their application will be installed on a small smartwatch but its imposible to read the instructions. Tested on 3 watches,2,1,,2016-07-26 11:15:16,,
gp:AOqpTOHUGb3aKzVo_ctnD19K5HRCY8p72mm7kxxH18AJyUd5cpdDVsWmFqxB0A4CZxfilHvtEnh_cM4TbrGefhU,Brandon Morris,https://play-lh.googleusercontent.com/a-/AOh14Gjksj7rnQ1g5RIn_xY7vM857YIEVFaQQHjs4gx9,Not nearly as good as the app for my watch. Disappointed with the ui and the results.,2,1,,2016-06-24 19:47:55,,
gp:AOqpTOHfI1wUtbdTQjo346uqVxuqOM-_wlnhkciq9m8Gl84-SBeekiphLLaRGy8E2gUYzPAZwYstV75OZreoJqA,Brian Katte,https://play-lh.googleusercontent.com/a-/AOh14GhICBMw0ogHaPxpQUOIuOXfDpi1RbjltFSFi3w45g,Im a watch collector and absolutely love this app. I use it to put watch faces on my smartphone,5,2,1.3.0,2016-05-05 12:46:40,,
gp:AOqpTOHae1dVs2s1v-Ww2ONK9rBni0fHrnkebtoYDVPfFB23RWQXMpWfGfyf11MfqMcftEsRmB8vhrP5Vu9LM98,Stephen Bell,https://play-lh.googleusercontent.com/a-/AOh14GiFjlbdV4dONNO7UfJybRrmtjvDNPSycnoAqmuzSw,"Absolutely terrible. WatchMaker is good, but this wallpaper app is terrible. Half the functions I bought it for don't work. If you have multiple screens like on most android phones it overlaps on to all screens. Can't read watch battery, steps etc. Long way off. Can't believe my mistake to have now downloaded it twice so I can't get my money back.",1,4,1.3.0,2016-04-05 10:48:27,,
gp:AOqpTOF1glwZHctt2d-VkxY19Ff3RkvASPZC8KfNP3iq7-v1Ki7v5-Gx5amUAz2z6Y1ulYOa48Z6Tr0Ibj10FZ8,Joe Sweeney,https://play-lh.googleusercontent.com/a-/AOh14GjRIZUtPwn7rzwCzH-f7E3XS9EpYvW5h3tuJlQ_xg,"I love WatchMaker and the idea of using it to create a live wallpaper is brilliant.  However,  I've found the app applies watches in an inconsistent manner, sometimes trimming watches to a circle,  other times not.  Calendars also not consistent. Five stars if development create a 'wallpaper'  watch face,  so users can make full  &  consistent use of screen real estate.",4,5,1.3.0,2016-03-04 13:40:25,,
gp:AOqpTOGVANpDRPQArDV2h9dyS5zM3EbTN4B_Ch6R27vVJK92b_WGJG1GAp62SVK2T4YapITZmnBN3XCpzbx8egc,Anthony Montoya,https://play-lh.googleusercontent.com/a-/AOh14GjZfaapnbfLW-XGpIrgGLYp44agNMImUSPedXZQ_A,Now does not work and paid for it,3,2,1.3.0,2016-02-28 10:19:19,,
gp:AOqpTOE-I7x-BqYnItvUwn1Qvhb_TxavTa9jJXI37w85odm7wJBlcYhk9rQ9mw7jfelF2myi0CZJXPnCFIFPf-Q,JAVIER DAVIS,https://play-lh.googleusercontent.com/a-/AOh14GjJOGuDPt_7hobHBJO3o69PkKmebLIt6RqddeCPuw,How do I get icon packs and backgrounds to match watches?,2,1,1.3.0,2016-02-21 10:55:31,,
gp:AOqpTOEgd6KRcyU34cVDyENhdAh1JqjKWBfrsNmzdnHE94Dvl8I9lCwJUkRlo9H6sF-8VwNWSI1k3u5MIxckn1o,A Google user,https://play-lh.googleusercontent.com/EGemoI2NTXmTsBVtJqk8jxF9rh8ApRWfsIMQSt2uE4OcpQqbFu7f7NbTK05lx80nuSijCz7sc3a277R67g,"I was hopping something like this could be done (suggested a widget on the feedback page). To fix the square watches getting reshaped to circles, there is a slightly hidden setting. Default should be square imho.",5,22,1.3.0,2016-02-06 19:15:28,,
gp:AOqpTOHobVBOJ-dKD6Alc3j2UyDY_D6J9Wavxj3RWsnYvf4shBrt_XWoTs5LbCdNQTSXK2GsYxHcxxQ84nNipIM,Ray Fong,https://play-lh.googleusercontent.com/a-/AOh14GgE8MByPoQ3KAOYQVe9soAmQvBYsNvle-f6QRw9aD4,Every day the position of my watch face is always changed. Its too easy to get into the settings. Please remove the double tap settings short cut and use the app to make changes. Also the save function doesn't have real use.,4,14,1.3.0,2016-01-28 09:07:27,,
gp:AOqpTOElWpq_Hdxr-pStdg6p2lYiBQ1mWYZvuX-jIlVab1ZkyNqnwaS1R621cbYoHTq6T5Wsirqm9TqW6w5VMCw,Richard Gerard,https://play-lh.googleusercontent.com/-Q3HyI11cAkA/AAAAAAAAAAI/AAAAAAAAAAA/AMZuucm2hQ3R4y5Y08QX8ZJKYQyb6osc7A/photo.jpg,"I uninstalled within 3 minutes, no option for refund. So basically they rob you.",1,1,,2016-01-19 06:58:49,,
gp:AOqpTOF_62WXAlY2cl9x0CvI8GjTyd_VbnFJZfHg_rMI8ehlHzB19z6rf4kx7PTcswfC2byGrls8U-XD-gfI3s8,Yun nga!,https://play-lh.googleusercontent.com/a-/AOh14GhxyKapX9oFeSOHsikkmQEmNjw_3zswSNPtSVrBn8s,Nope a good time,1,0,,2016-01-18 09:17:08,,
gp:AOqpTOFCYt_TLgIWHEoVkxsFkNpVgM0Fifzn7x6N3vHkoMLXW_4xS3WQA6FnLoSgdhPvD7M_MFecye68eyq1L8Y,Barry Falsmith,https://play-lh.googleusercontent.com/a-/AOh14Gj0kMWLC-LT4W9P4IhNzcWNNzMnAeyFX7uzfWhn,Any recommendations for saving battery when using the watchmaker live wallpaper? My battery drops 20% in about 1.5 hours using the app and when not using it drops about 2% an hour. It chugs battery like no other live widget wallpaper I've tried. Ugh.  People complaining its not showing your watch correctly are doing something wrong. I have over 50 faces and each one displays perfectly even the ones with hot spots that have animations etc when tapped. My only complaint is the battery hog that this app is.,2,1,,2016-01-02 12:59:51,,
gp:AOqpTOHxWhuMpZhZjtQ4ln2-0K5hQlZrksC4XI_EyXafjqim0ANdINQeGKoJSmqamq9IDUT_3NthR-CDxoq8jzg,Mr. Phoenix,https://play-lh.googleusercontent.com/a-/AOh14Gg3Dqd447UHNtgLkiGN4Ly0_zogXTu6dboQBW9DQg,Reinstalled this app several times as it stop displaying the actual watch on the wallpaper. This app had one job...,1,1,1.3.0,2015-12-30 06:23:21,,
gp:AOqpTOHH0npy_bw5TqyYQNBCTwhc9RklsFgI32E45knY0w1LrCCRT0ach2eONfC7brfr70x9A8BLwcrpZ4Nqa_4,Mohammed Zaki,https://play-lh.googleusercontent.com/-LyJ3VrN8DcU/AAAAAAAAAAI/AAAAAAAAAAA/AMZuuclOB0n997Kkqi7GJUi9KuPPpsI5Ug/photo.jpg,"Hi, this good app but it do not save or hold the background for long time and each time I need to edit default ver. Please fix that and make an option to save modified ver. and recall it for later use.",3,1,,2015-11-04 21:34:29,,
gp:AOqpTOExkTz_jHud85reNVWs4JcylHPPdtKvjYs5K0xsnNtSNUVudeZluBuVVtFlm0A_VvhXQ_yy6SpPRzloEXI,linson,https://play-lh.googleusercontent.com/a-/AOh14GifKe5rYEguXhAbwXa4dw5vQpVIN-XlLpEHfKIdnQ,Shows as being saved but does not show up in Wallpaper select screen. Freezes. Seems like much work required before going commercial. Requested for a refund. Samsung S3 Lte,1,1,,2015-10-25 02:12:00,,
gp:AOqpTOFQaegPxzjfPOmo8RThUD6hUUm7x84hVeGfRQb-PMEDQQTEYxC2_Da0aulTY57Rxt8jZ56Xs43TSsB2clM,Lee Miles,https://play-lh.googleusercontent.com/a-/AOh14Gh5k6-qDfM-wvko_bYRqpK6kkscPNDBX195uaVv,I liked designing the watch faces but don't have one of the wearable. Glad to see this finally appearing on the non wearables,5,1,1.3.0,2015-10-04 07:06:35,,
gp:AOqpTOG3MLZ-F8jV8OjoJbElqKdKKaJI2-2z1cD4RoHaLJ5Dpn6ugVc0thogr1hsohWRIpkQiERwiVlF9lDJHoE,Steve Mitchell,https://play-lh.googleusercontent.com/a-/AOh14GgVSUCzHbM-fEpd0ZiKEzhkLSgfKPkW7Bvj3BU1Gw,Meh. Clunky interface. Sloppy handling of watch backgrounds. Not much in the way of options. Would prefer to have a widget.,2,3,1.3.0,2015-10-04 05:49:15,,
gp:AOqpTOGVQCOzddgcxVjXW8xeuS-1WE2hH25aYJc93fb5lNZ_5ov3SuQA7R8KkoMBWJM4l0v3BqsNAs4j0d-tByw,Gary Quann,https://play-lh.googleusercontent.com/a-/AOh14Gi9vFrkYFq0OlQTjLNfcmawfNKYcc0X89XQ_h_xPA,I don't see any of the wallpapers from the ad or see any of the things described as options for the wallpaper.,1,1,1.3.0,2015-10-03 07:57:36,,
gp:AOqpTOHAZ15EpLNbkzyFjVikyqo5UfwZ-4qQwQ5PxgA0SKQ07dP0T4g7e9ugGYN4IiYRTDN2btsBEc6DSijfgns,Teddy Ted,https://play-lh.googleusercontent.com/a-/AOh14GgYd6LsfROyjYWwEdUcN7cHD8GNMadLYJp9uf8F2A,Simple and easy to use.... Hope can add more on double tap to open other app like the clock to check or change my alarm.,4,1,1.3.0,2015-09-28 08:31:54,,
gp:AOqpTOHiADtvCx2s5mQEhXOjKrHegxbMJE9ELGH9pLkIyYBh64NeGyBizciJMWKcsLZsPobdgnkIjSc4xAdWZ-c,Austin Christman,https://play-lh.googleusercontent.com/a-/AOh14GjYZOSflad86ucJa7tYomG9i0x3ulCDvA09IkwS,It needs widgets and the ability to add it to lockscreen,4,1,1.3.0,2015-09-03 10:36:14,,
gp:AOqpTOHJc7NFGFE3lA_2Y_vwMffauGPsTB52C-lIfUML8VlWcrD1q5SVr0assCy_h4W6zlPdXHI8J7r8mUIfFgg,C Wolfe,https://play-lh.googleusercontent.com/a-/AOh14GiLT2SFgWvSvZrsyt_3zzjLvqCAUU9I3JLccIKHUlA,My friends with crapple watches and SlyPhones are so jealous!!,5,2,1.3.0,2015-09-01 16:27:13,,
gp:AOqpTOEmxZ5b0iH1zmhDRVz6pm6Dj_5RJt4c4OZzWluBLQks0CBfibAuOxbrXI9OEF0NRkGVCJwe788do0RANPk,Jimmy Powers,https://play-lh.googleusercontent.com/a-/AOh14Giphy_LD-5jm4ljUSNcxKpA1I4n_J2PncOy8S303FM,Just the best way to customize your Android.,5,2,1.3.0,2015-08-24 14:53:53,,
gp:AOqpTOFmsj1tqph55JYG1Z-PhhnQQeeylhXNC2Ie7wy3Zy5F5wKpApSfHjq9jMQJv6Qap5dv85M0ANuuPZQ4uvg,Andrew Banks,https://play-lh.googleusercontent.com/-hr_9J5Q8vmI/AAAAAAAAAAI/AAAAAAAAAAA/AMZuucmNxOgveVklm7WpXud_ZXYmDjv-iQ/photo.jpg,"Love the main app for android watch but live wallpaper not so good, also not configured for tablets. Would be better as a widget at least you could then move it to where you would like and be resizeable. Uninstalling till these options are available. Poor",1,2,1.3.0,2015-08-22 02:24:14,,
gp:AOqpTOHE-TMmxjZfaosYL-HiD9CpQqUlz81jnJMCGS2AzadzcNxrkuwsknzz75wrOPXyVxms3qGvxJy9CzWTLE8,J Aitch,https://play-lh.googleusercontent.com/a-/AOh14GirQ-qZHHDSjomBtYR1Xar6AGNFud4P-ozXBFzDOg,Doesn't save.  When you change from portrait to landscape or restart your phone it changes to default wallpaper.  Also very fiddly to position clock and wallpaper centrally.  The buttons don't help because when you click them the clock or wallpaper can move. Uninstalled till fixed,1,15,1.3.0,2015-08-14 15:05:33,,
gp:AOqpTOFvx02hlBfdqEDxVTzooeLdeQhBxbAHWoact7tJHK-EOOnYhgNxDEDPJh-HGCQWffx6yz58k_AEubuUpaU,chad cook,https://play-lh.googleusercontent.com/a-/AOh14Gifs5atfSxOBUhkOQKoC8Ma8PSXf9apx5LrZVbCb90,one of my favorites,5,1,1.3.0,2015-08-13 12:10:47,,
gp:AOqpTOGOZxW2rBZKi7mZSCpx9Fdkl13cgVHEF-EHmOw9RQqlHUBDGaNzwPpFPlq5Lw0C1CNZVkYHtC5ncV6fQ_A,jerico ronas,https://play-lh.googleusercontent.com/-2J95JXhvm2k/AAAAAAAAAAI/AAAAAAAAAAA/AMZuucnHssgf7p0tvMtTv653E_GXiEXXuw/photo.jpg,"i paid for this application but didn't work properly, so many issues, so hassle, it's a waste of money... how sad... :(",1,3,1.3.0,2015-08-13 05:30:03,,
gp:AOqpTOGfcinLTz8lqlf0SAvnvz1ZqIX8tcpa0tri3yPxeIwO7dmnFZlxtR2XHS_wecymQnLEsVCBdzM4INf5HGg,Masaka masaka,https://play-lh.googleusercontent.com/a-/AOh14GisVob1JyLMH1VEkL8qw3BmJdophTxNyd5Nie0,Like it,2,0,1.3.0,2015-08-12 16:48:38,,
gp:AOqpTOHWXU9CVeadjsq6xTZCwWhHpgyvZ4uR151-HR6e5EuNMl8b0G8tyfV_gSmC0YViTFsNhYYmM-2SYOiD388,Jeff C,https://play-lh.googleusercontent.com/a-/AOh14GiVPd08IuRtrPbcYgj9DvNbbHXjgBn5-PgYzbqntt4,"Extremely satisfied!  At first, I thought it wasn't anything more than what we have had for years with the widgets. (just a clock, nothing more)  Oh but it is so much more given the fact you can put ANY face from wear on your phone desktop...from tourbillons to animated faces to the straight up odd ball faces!!!  Thanks.",5,18,1.3.0,2015-07-30 08:28:56,,
gp:AOqpTOGlGK_49PDI-ueaFdHDixqUHuLRj0uWSNz2-IUDKQ2o4Zpc0U0ZSVQPeCk68r2tm48idqMq1qMYXHImZmg,Thomas Lucarelli,https://play-lh.googleusercontent.com/-hdNVDEMcLtM/AAAAAAAAAAI/AAAAAAAAAAA/AMZuucleRtLT8IlX8Qgx9JX_Yw9XDDqdzA/photo.jpg,This app combined with the premium watch maker app this lets me have the most amazing clocks as my wallpapers created by amazing people. My only feature that I would love to have added is to be able to save multiple live wallpapers since positioning the watches in different places can be pretty tedious. What I'm saying is allow users to save different watch live wallpapers and be able to choose between them without having to fine tune the positions of the time piece itself. Other than that I love it!!,5,17,1.3.0,2015-07-25 21:07:24,,
gp:AOqpTOHxMn0a_tT0ZvINIIPBDie6QMVdIHP_TKkuhs9Y-nnraXnLqrbErThlJzzmNvZG5vVcmTVRHsmaKYSJwu8,Randy Brooks,https://play-lh.googleusercontent.com/a-/AOh14Gh9tE7GWKxfGO3Tej7Re7NZmU8RAGi3ZIWl464sJQk,"Edit from below: reinstalled and it works fine now. Fun wallpaper app...... Old - *Stopped showing watch faces over the wallpaper. Use to work great, but now shows nothing when I select a watch face.*",5,1,1.3.0,2015-07-23 05:49:50,,
gp:AOqpTOFY5hCs9XbhqVnXJxm8s0cDWGiUTt1NJIyvn47dQL5onVCt-N3N9-qfo2hSKH1ycJgLz-jsDYmw2mfb1M4,SAMdroid One,https://play-lh.googleusercontent.com/a-/AOh14Ghz4ks4rQCt7YVGafxV1YtgtaStTSQX6alAvAx2rlw,It does not seem to get the watch power information which is kind of why i got this. Still good though to get your watches on your phone.,4,1,1.3.0,2015-07-22 20:05:46,,
gp:AOqpTOGpdFjaPFZ3OUl70MN3C0kp4e5eKTLDK96JGNDDomwmrBVP0CW9ENBWdzIP-nq4CHyyh3HQPk7otR2ifRY,DJ Malc,https://play-lh.googleusercontent.com/a-/AOh14Gj4eybOCQ832MClskvLscQDLtzjUcDUMmmG3eeA,"Having an Android watch that doesn't user Wear (it's a regular KitKat affair from ZGPax), I've been crying out for a way to make watch faces.  When the Live Wallpaper version came out I thought it would be a good work-around, but unfortunately it really isn't designed for putting watch faces on watches!  Apart from a positioning bug putting a black bar at the top of the screen on every watch face (and in every launcher tried, I suspect some sort of immersive clash), the user interface isn't responsive enough to rescale on such a small display.    The Watchface designer part is great, and the watches do indeed work and look brilliant on tablets and phones, but for those of us with standard Android watches, forget it... it's not the magic bullet we've been looking for... Subsequent updates might improved the situation.",3,6,1.3.0,2015-07-13 11:35:07,,
gp:AOqpTOH58To2e3lStXyuG6YkpG0BMUpzlRfY4HRCEszGvJHX1LEx2QMKon9XU8Z1BERu7wc6cJAshiparV2MIk0,A Google user,https://play-lh.googleusercontent.com/EGemoI2NTXmTsBVtJqk8jxF9rh8ApRWfsIMQSt2uE4OcpQqbFu7f7NbTK05lx80nuSijCz7sc3a277R67g,This app is the best! I have watchfaces I could never afford. Thanks!,5,2,1.3.0,2015-07-09 15:48:41,,
gp:AOqpTOGcz1fZGL8NF4Hn-9-VepecC9DBzW_jRe6qLmmuYP6drPiNJjQ4oyjzQhivXJr70C783lQoaGRNRkMD1Q0,Nate F,https://play-lh.googleusercontent.com/a-/AOh14GgPcpdYW5E0cN5aR1s0Pw6TO-ZXm_5PHxpeJjS2DEE,"Love being able to use my watchmaker creations as wallpaper. However, the watch moves way too easily, even when I'm trying to touch one of the settings buttons. Wish it also had more fine-tuning controls because I have big shaky fingers.",4,2,1.3.0,2015-07-07 15:22:06,,
gp:AOqpTOHaIxlXbcDWbtkgTM_P8YmKIWd9pdnDvTNRRhDU9qiipdKCw-CZqNJFOuTdf4LamKullMcD3ypfQ9v7fx4,David Taroyan,https://play-lh.googleusercontent.com/a-/AOh14GhgNlqUFxYHyIZjwd8ZYRy4iAXtJh7yKNKH0NSOtA,This is a good wallpaper but very finicky when you want to get a precise position of the WatchFace.  Couple things that would help this app would be to add some backgrounds to match watch faces and some watch faces show the wear battery life.  If you select that particular WatchFace as a wallpaper it would be nice if it showed the wear battery and not just the device battery,4,1,1.3.0,2015-07-06 18:11:41,,
gp:AOqpTOFu8Y84ZD4SM-wQVJd8xp1AcFHa9sAK3Ty2tvSicRht4W6FU2FGZiD36MhagXwwDJCD3Uyp9DECY1W6yUA,M L,https://play-lh.googleusercontent.com/-YGEkCdoee8A/AAAAAAAAAAI/AAAAAAAAAAA/AMZuucksPJXv74_px7zOs3xMRSrJAJShDw/photo.jpg,Great watches but for some reason it won't save color changes I make.  Every time it changes back to the default 10 minutes later,4,2,1.3.0,2015-07-06 12:09:03,,
gp:AOqpTOFazKWABDXnysFK9H0ijNMnRyVeZVOpXzrulI1_9DevZg3DxLrMBovHh-1utXhFUZlSuBkW1ZQwN4nv-cg,Rob Newlin,https://play-lh.googleusercontent.com/a-/AOh14Gghf-tnu8nkkmuRLqWzecY7C7rFRrDAsRblW6ka,I would get more use from this if I could select one of my live wallpaper as the background for my watch face.  Any chance of that happening?,4,1,1.3.0,2015-07-06 11:11:42,,
gp:AOqpTOFzk1b0TW-U861kLk6umfW4n8-_DzaUXr0jZeqeYm5uRYKfTOeromgcapwn-1n4aJNXAUqbmIxG7fre8XA,Jeremy G,https://play-lh.googleusercontent.com/a-/AOh14GhLi1ijU8Qqn2oE0yzt5ZLBR-XfmfjVVifnq2OOEEQ,Every time I unlock my phone the app launches to edit the wallpaper. I have rebooted the phone and it's the same results. I did send an email about this but received no reply. Love the app if it wasn't for this issue. Can't use the app because of this.,2,2,1.3.0,2015-07-06 03:49:58,Just go to the settings in WatchMaker .. Wallpaper .. Watch Shape - you can choose round or square.,2015-06-17 00:58:13
gp:AOqpTOFo5cHAvMfaOKBmczZ0A8GE5aXSFx1RUG3egJ-Y007U2vnFAs0_mF7ufiQ3lZ8Xb9yTgR2Jp1Z23TDTFYA,A Google user,https://play-lh.googleusercontent.com/EGemoI2NTXmTsBVtJqk8jxF9rh8ApRWfsIMQSt2uE4OcpQqbFu7f7NbTK05lx80nuSijCz7sc3a277R67g,Still only recognizing the left most screen page as the default one when setting scrolling in settings. I use the center page and the face sits off to the left when applying.,5,2,1.3.0,2015-06-30 16:48:53,You can set scrolling in Settings...Wallpaper..Scroll,2015-06-16 12:28:33
gp:AOqpTOEQdcbeHucMl2-K9DcI4FOLVhfAkYj2p7c21GEt-k7bpFsumdr4pIG_5VuzhlKjMh87_3XLkX3B3ogoCTA,Ady Thehit,https://play-lh.googleusercontent.com/-n1Nl8PTVNos/AAAAAAAAAAI/AAAAAAAAAAA/AMZuucnbMCtNN32AOn1_EzYizAEWoVVxtg/photo.jpg,"installed but not getting any 'tap actions' on any interactive faces ""galaxy s6"" its just a normal clock at the moment :(",3,1,1.2.0,2015-06-30 01:43:19,you may need to try a different launcher,2015-06-30 04:03:23
gp:AOqpTOFK-t0AZZbKKPxNXX0yScsJbP55eB1C4Z8VFxr-1405lqHkIOly7opbIOcGcb2OeGcembzwCVzc15F7nhA,Roberto Rosado,https://play-lh.googleusercontent.com/a-/AOh14Giqx3EQ_Kvun8pMlZjV_HysSqseg0MDBfvgj51LeDI,Thanks!,5,0,1.2.0,2015-06-28 17:31:37,The wallpaper is centered on your center homescreen and will scroll slightly when switching homescreen pages. You can prevent wallpaper scrolling in settings..wallpaper,2015-06-10 01:03:52
gp:AOqpTOFwxgd-rIiBTuV2zHoGs1J711Fo8D_Kb6KYu90_AQRS_rvMaU9kryawOopQCPA1wXjPKIEsyJPZmsBtRPA,Jonathan Garcia,https://play-lh.googleusercontent.com/a-/AOh14Gjp40JpGMudTt11NwTia37GnsaQq3s1XNjam2xcjg,Awesome!!,5,0,1.2.0,2015-06-28 09:08:23,,
gp:AOqpTOGRDa4iq5OvR9X-zx4eQyVn_SF5CBA827u-XhNjjg4T1fEQQC6pfMdxISh6Mom5hslxTMUhMASpxSoNHNY,Sajjad Yasin,https://play-lh.googleusercontent.com/a-/AOh14GhJig5M-eOODOEThuNGCwHAnOyLDAhSRYTWn8Ji,"This is a good app but has very limited option. In fact in my humble opinion this app should have been provided free with Watch Maker Premium while a Premium edition of this app (wallpaper app) having lots of options, themes, free wall papers, watches collection etc could be sold for additional money.",3,1,1.2.0,2015-06-26 23:52:23,"Well there are 5000 watchfaces you can download for your wallpaper from FaceRepo for a start!! This includes stopwatches, multiscreen watches, weather and the works. The next version will even include maps on your homescreen!",2015-06-27 00:20:32
gp:AOqpTOHb6F1xdxOQNugpDevbA4iHE1FvNxzv8RkHrF4RYpw4TrNjO5bM38qk-qU3KrrrqzXpFSs2A4k-fW99OeQ,Dan Medlin,https://play-lh.googleusercontent.com/-uJ1xSDab3OA/AAAAAAAAAAI/AAAAAAAAAAA/AMZuuckJTGvpJhfVz1R-UqcnRfgTjbyzEQ/photo.jpg,"Very nice app,  use it to impress my friendd",4,1,1.2.0,2015-06-24 20:01:01,,
gp:AOqpTOHmZkI5dDJy8spzW7HHqPQs9cT21kpoRJbkLV5eB0t9Yng0R48lAjys9SJZ53UX-SfwGJJR5x0z5iZyvbs,Greg OfCanada,https://play-lh.googleusercontent.com/a-/AOh14GhsAXlPs_PUlPs4fslEWRV4P8mdmMeH6s9xMRgvkw,Great Idea. My Fallout watch makes for a great background.,4,1,1.2.0,2015-06-24 19:24:58,,
gp:AOqpTOFJy56TyECFUJKHrMxKJnpZkRotsYUNNlSkeSJnc6w8N7LV2w9SyS4he-RkWTnnJ8bFTFo5ZwSf8gXL_q4,george carnahan,https://play-lh.googleusercontent.com/a-/AOh14Gh2_KB32sGOvY8YmJbjxNHc5FS53-EyD92bMhYZjw,"The background pic won't set, I can only do colors",3,1,1.2.0,2015-06-24 18:46:17,,
gp:AOqpTOHDwBE9Cj5RsfhwRMobPcLmo8Na95Xf34l-9wopm-EGwJXUaXqz8W9xVk2ULW5Eqzo8gH_-yz0RrehQaZA,Ireneo Jr Landicho,https://play-lh.googleusercontent.com/a-/AOh14GikyYVKwJ0B3uceqtAIAjTfks27Gg73y6vGRoG0,The background wallpaper doesn't work on my phone Asus Zenfone 5 😟 *the image won't show no matter what image I use,2,1,1.2.0,2015-06-23 23:58:56,What is not working? The image itself or the position?,2015-06-16 00:23:59
gp:AOqpTOGf-3GpurTEIDw9iPE-LCIElrFN6TjKsJQ1TbaJJPU7YK6xDAFLRBtylVPd7XCwpVbkTqy996npCsm-CXo,Albert Reguyal,https://play-lh.googleusercontent.com/a-/AOh14GgsT6e9twxF4mwwbmXJZ-sMKbYActWwZl1DTIZF7lQ,Love the idea but I really can't find any setting that will remove that lag on my note 4,3,1,1.2.0,2015-06-23 17:55:23,,
gp:AOqpTOEguq_n_dZ_xQhlqEOXU2T4uhZ-bS97uoNHxu_RO6otMJmdnHnDJh22TVl1UR1D-ZW76TTSec9v555OQrM,No one Here,https://play-lh.googleusercontent.com/a-/AOh14GjejqllvXisQBlZbNmqO3S21_3aEu6Qps2XaAyYVA,My neck hurts,3,1,1.2.0,2015-06-21 12:33:27,"it does have landscape support. Just use a launcher that supports landscape, e.g. Nova, Apex, etc.",2015-06-22 00:54:37
gp:AOqpTOE7f29SHnbfQrhYOGBi-q0Dna2luNPcCRkhgKvphd0Yc87dUuLWRYoOMQrnVnCYaCm4Y-UCg3zVYoHYCqA,G W,https://play-lh.googleusercontent.com/a-/AOh14GiPR1F8V8YTn-wwaPeJCp4AW8mCl0TfdU85z9WCcw,Very nice,5,0,1.2.0,2015-06-21 09:47:44,you need to long press on your homescreen - wallpapers - watchmaker live wallpaper - set wallpaper,2015-06-17 05:56:36
gp:AOqpTOHhzwzL4-Gc9V_6T23HFRX8PVlw5hmviUYaleQQVFlPDvXDPhmlQsp4j2vJKsqgjgmFBdBA02IbjJV6CXM,Blane Newman,https://play-lh.googleusercontent.com/a-/AOh14Gjut87iL8DtYfgxXrTma9_QAtiKo6g3HivHrmgAQ0I,"Originally was not satisfied but, it was due to my lack of knowledge.  Great app!",5,2,1.2.0,2015-06-21 04:16:40,It's in settings..weather..scale,2015-06-20 11:38:18
gp:AOqpTOEwLbn-zOEk2UgOQuWr1zDDEGbRUfhrwVD-oe9Tgou3oqpmTtKk0iEP8DQg7vn-ZAuG63Kvq8Es5_ImZ0I,Eddie MacDonald,https://play-lh.googleusercontent.com/a-/AOh14GiN8ub0VhXRFk0A7uS1VJxjO6Kp1FsTcV2Qgm63ZQ,This is the MUST HAVE app for anyone with android,5,1,1.2.0,2015-06-20 21:46:21,,
gp:AOqpTOECgcfQjPA9OqtFT5NITWpq2d5Kbggev6R8G2DmbfmIlt5-qLRDX9jNlJ85wSvaWQmOQ9HFmxKWM2zFgKE,Chris Acton,https://play-lh.googleusercontent.com/a-/AOh14GgE5ZtCxnp5j3xuteQM-C91HXnkjRcWwQGtbJ_YZAw,Good.,5,0,1.2.0,2015-06-20 00:48:11,,
gp:AOqpTOGFNHR_gtyRT7Dmtajg-YGXChDnHa4w0QzQKBUUZwAqoN_0NBnuJx_DoFNdlccgVdq-FbVOulL469vUdM0,Reg Hunt,https://play-lh.googleusercontent.com/-blGLS8B3TiE/AAAAAAAAAAI/AAAAAAAAAAA/AMZuuclngVwYBKaC9h9Zdh1qiYOGURRWBg/photo.jpg,Tasker data Still does not display (v 1.2 premium).,3,1,1.2.0,2015-06-18 08:15:58,Tasker data is fixed in Version 1.2,2015-06-18 01:09:49
gp:AOqpTOG-rHpQvMQUYKdEMIgdjxaYUuKzRLultqAwMJA2r8bkO5ESjt5ZnFO2wFHm7Twahhg4aX-ijoeyoeHBJpM,Felix Cheng,https://play-lh.googleusercontent.com/a-/AOh14GgH3REMoM7m77XxyzfOtelToFmP_7XtW_r7phHhH4A,Wallpaper incorrect cropped to fit my Nova Launcher. The watchface position got pull to middle even on default. I wish it can automatically align to top/mid/bottom instead of we manually adjust everywhere we want to.,2,1,1.2.0,2015-06-17 21:56:51,The new version gives you much more control and lets you position watch and background separately. Go to settings .. background .. set position and you can place it wherever you like!,2015-06-18 01:09:33
gp:AOqpTOE3FZABZhFw1JK83HhQQqSjVwic1eCXg5HNF7Jdm8mlCkaQIYUcuo-AxXqYFbh_o_dxgfNe-6e8AvKaLgg,Ken Ng,https://play-lh.googleusercontent.com/a-/AOh14GgEasCaj3LCCMiWncwxd9qBrL2UlNSZZdb7tE4k,Just wish it's a widget though..,5,1,1.2.0,2015-06-16 16:16:36,,
gp:AOqpTOHhAQ5QJ9ZHWGuc1jGPpHALxaSDAbQy0Tj1Xyz9OkhP0CBRVokJh785y4hpz90g7vpLzfZWdtnRoEZL76g,Chris Chastain,https://play-lh.googleusercontent.com/a-/AOh14Gji6kPI-D8UwubnHezh2kyQhp0U9fFUV_mV_nAD_p4,"Watchmaker is THE best smart watch face maker, and this just puts the icing on the cake.",5,2,1.2.0,2015-06-16 15:16:29,,
gp:AOqpTOEblabDzdZ5brGDrTYkfpesx9Wgj-zpuWIsateb9nQEyDvmQ-wNX0_H7fGMpx9ByQjWIPwgkc9YTMObmng,Antonio Candido,https://play-lh.googleusercontent.com/a-/AOh14Gg3Cw9l4enoKOw30NrP9C618iOdW2QabLgXXnRIkg,Looks great on a tablet as well as on the phone,5,1,1.2.0,2015-06-16 12:10:45,"Not sure if I understand the error description. If possible, please could you send a landscape screenshot to admin.androidslide@gmail.com so we can properly investigate the issue. Widgets are not supported for OpenGL applications.",2015-06-15 01:06:45
gp:AOqpTOF9xW_lu-CfV_4AMOmqBsBynBAm-o1-MGh-XB2Hv_PAk_iqvrIY8EuPpHZMcf5r-WavzlYdS8M7Vxl5F1k,Vito Vizziato,https://play-lh.googleusercontent.com/a-/AOh14GglHFsU2_BkILwi37Sh6R4_m4ZsmQuZd-tT383oEQ,"Love this new love wallpaper, and I'm usually not a fan of them but this is something new and customizable to my liking. Keep up the great work.",4,1,1.2.0,2015-06-16 07:55:54,,
gp:AOqpTOFgposJPS0waLBPSc6FCNSw91ZOEEbFAMB8ClrGLxCGujul-xYy_evJ8qMQZbSZPww7FMwGAUjRdJ1hm8Q,C Murchie,https://play-lh.googleusercontent.com/-k3pxpXT5Hu8/AAAAAAAAAAI/AAAAAAAAAAA/AMZuuclaGTHzM0K1NYvCExsS3hwLEXb2vQ/photo.jpg,"When I saw this app, I couldn't throw money at it fast enough!  I love the Watchmaker app! I have often thought how great it would be to have the watch I designed on my phone screen as well as my watch.  Finally an app that does exactly that. It works well and has excellent customizations. Could use a few more, like the ability to use the stock wallpapers as backgrounds, but it is excellent as it is.  Devs, PLEASE, PLEASE PLEASE...include the ability to use a watchmaker face as a home screen widget. Then your app certainly have everything. It is already the best app of its kind.",5,3,1.1.1,2015-06-15 17:53:50,,
gp:AOqpTOH3BIEU4F5bxTrg-km3FkUI47LebV3nFjmriCn4gW_k_PMzCWa6ODAyZoWgZKBZScEhw8oKKuDCVZxLB4s,Michael Schafer,https://play-lh.googleusercontent.com/a-/AOh14Gi6odvvZkQlWCXrVbmSGVkVBZYa0zkmgO5yxgkMIw,"I have an Asus Zenwatch, so all of my downloaded watch faces are square, but this LWP chops the corners off and displays them as round.  Is it supposed to do that? Am I missing a setting somewhere?  Thanks for the answer!",5,1,1.1.1,2015-06-14 07:17:12,"Go into your wallpaper settings, then hit hamburger (top left) - settings - wallpaper - square",2015-06-14 01:35:17
gp:AOqpTOEvfVWibxWBnLIvW7oiZ_5IstUUVLxWOpNgGHj3yMxwlwH8MfIdRC8Bq_UqK3sAH9esPuolxi2jkp-yvs8,Dhiraj Kumar,https://play-lh.googleusercontent.com/a-/AOh14GimNV3GJSGOEEcbGBhDarWpAN9nCD-RvpD_IOZjI34,Nice..,4,0,1.1.1,2015-06-12 18:35:26,,
gp:AOqpTOETkAop_m9H3od4j4olar2jhyxJoQUV-mboYwJ67EnpEBUCf9aSXaMRdODlfYyPyNrfo5GQnsWHsx6Q3V0,Steve Gould,https://play-lh.googleusercontent.com/a-/AOh14GiyGn49SHJbvbsE7OnXyiRHkBbpHXZ0eJr4C0cyFg,Only one thing required for me to give this app the extra star is the ability to select one of your devices default wallpapers as the live background.    Currently it only allows you to select a picture from the gallery or from local pictures,4,0,1.1.1,2015-06-12 16:34:02,,
gp:AOqpTOGoQMunV7YcFFDf_HSLTcZSyoTr0nh8k56-aFd2fmtPLxBOk-z-Fnq3BKeBPreshDlbq5LSOMMpMbG89GI,David Reese,https://play-lh.googleusercontent.com/a-/AOh14GhmJ5jNuD6osN0eBZrlZiDNJZ41Mx48-EC3fwb6mQ,Watchmaker is awesome and this makes it awesomer.,5,1,1.1.1,2015-06-11 20:09:48,,
gp:AOqpTOF14I0DuxE2nupA0UMKUeFQ-4HBnm7LYdMdOuRGDPlqgU2kOepX05YGCT5WBXfKok6O-ZOn2xnFs_MId2k,Darren Evans,https://play-lh.googleusercontent.com/a-/AOh14Giscg5DlgLnX6dyUanOtIO2BWS0_u4ulJ6nlvdz,Excellent,5,0,1.1.1,2015-06-11 12:12:22,,
gp:AOqpTOHvHnxD2M7kRoLY0eYKVhk-K1xnm2TA3sdWJ9OZMxTdQBMzXOHhISnACRo2NIWnvlh1MS4dT1n4M_5v3PI,Jan Broucinek,https://play-lh.googleusercontent.com/a-/AOh14Ggq6pqq_7LJR1jNvv9rfneZ9lfNlYuhFzwmiNjQ,"I like it. But I wish it was a widget instead of a wallpaper. I'd prefer to set it on a particular screen, vs. behind all of my icons.",4,1,1.1.1,2015-06-10 08:46:34,Thanks for the feedback. A widget is unlikely because WatchMaker is built in OpenGL which does not support widgets.,2015-06-10 09:03:54
gp:AOqpTOF7UE-E5Aag-EyPPwhFDI2eJRN_AeXSf7cqESqvjLR4HkeNzseSq8XnOJgi2v0BX2HOqErpFtUmTPV9ckg,Scott Morris,https://play-lh.googleusercontent.com/a-/AOh14GhxTKXKUnpnsoSxNGp2T3Tu3Zksiq-MlH3FwRCFPGs,The option to use your own background makes this a 5 star app. I'm curious about phone battery effect,5,2,1.1.0,2015-06-09 16:19:03,,
gp:AOqpTOHyllWJCnylXcg4XOa_h3vnyAEQ3FVvk9bv4v8NZ0_lG-G1831WVtdoWgXuk-_MBSQcsfUG_qaKwPemxKE,Anson Chiu,https://play-lh.googleusercontent.com/a-/AOh14Gj3yGGkN3IUsbFdvNEqsJcp9peiVMRjCy5u9RMS3X8,App works and runs... However the faces do not center properly and the clock shifts left when flipping pages 😢,4,1,1.1.0,2015-06-09 16:18:56,The wallpaper is centered on your center homescreen and will scroll slightly when switching homescreen pages. You can prevent wallpaper scrolling in settings..wallpaper,2015-06-10 01:03:56
gp:AOqpTOF_sYiJTSbFTBmaufkuW896nv6AANkTRBcGychCtNt4jq8C2naFxdMKh_JIBt4CSTeZhtYbyAogyj9WHk4,Louise Dance,https://play-lh.googleusercontent.com/a-/AOh14Gga7uB2mLl7fMoj1wstcTo3aJaUBRETYH1R1rkJXQ,"To have what I have in my watch on my phone as well, just incredible, my G-R design just looks fantastic, the only things that would make it better is dimmed mode for when the phone locks and maybe a option for a widget  apart from that, just wicked, keep up the brilliant work :)",5,1,1.1.0,2015-06-09 14:53:10,,
gp:AOqpTOEEtHC7xw82MO3_vCkitIPN0BZLjQTcgt3lLLv9AHKb8GKz-PAT7fTaGRhOtIbDYgNcvKIYNwolzST3sQk,Matthew Ellenbogen,https://play-lh.googleusercontent.com/a-/AOh14GhrfmPeUp-irTds0fsNG6bxlWi724E2LJeYBH-542c,Everything works but when I pick a different wallpaper it zooms all the way in and cuts the wallpaper off the screen,3,1,1.1.0,2015-06-09 13:00:09,,
gp:AOqpTOEQn6aU9V6GZzAf5xDPg5cYD93NodYkH8XjZNvfOEKTlkLaIZMtLcZxCCwO-YeF4C7KLMt0PuM3NYpw9zY,Jason Gerstenhaber,https://play-lh.googleusercontent.com/a-/AOh14Giv6pZGV5Iviq9kDAfp7fXbzU9oAIIE0jwWdSeSZQ,Works well for me. Wish I could change the background color of the wallpaper or have the watch be a widget so it could scroll with the background and not have other widgets/icons be on top.,4,1,1.0.0,2015-06-09 06:15:53,1.1 out now! You can now select custom backgrounds!,2015-06-09 12:43:21
gp:AOqpTOExpiSvYLFhmnBKiuCN_d286zh-zy7QuZSATuNpCLzujDBpjRQWjg66466yZK9anrW8TWA4saO-i2MN7SU,Scott McLeod,https://play-lh.googleusercontent.com/a-/AOh14GhMC-_B0dv46uXhj_uYz1hUgxNhj8-e3akJzEQW,Works perfect. Great support app for watchmaker.  Thankyou,5,1,1.0.0,2015-06-09 01:16:08,,
gp:AOqpTOHbYYCG5iK31Mht0-pGL3UGcAj2o6zcr6oDHjNDIlyIpYuVSAdQeWXAKBGeVpE5hN6TGx9d1t36siG8bhg,Vincent Westberg,https://play-lh.googleusercontent.com/a-/AOh14GhYY4a31u64QIRZyZ-qrvNDFWb1fCsdcabk6kVudkQ,This is absolutely amazing even the tap actions from the watches work,5,1,1.0.0,2015-06-08 14:23:39,,
gp:AOqpTOEjEB39ElAu_rrUhtyRVU9Lk1g_omt_NE9wOVb-om49pMsswGvhY6Jszpez0PmjBBDlyepTx7Y9TbqnMik,Sam Nicarry,https://play-lh.googleusercontent.com/a-/AOh14GipNDAHqiaLqZJI1R8WShoIfUlfJvG8IGVa4b_eRfI,The best watch maker app is now a live wallpaper.,5,1,1.0.0,2015-06-08 09:27:54,,
gp:AOqpTOHfTxmj_v64rgdCv8ZLldpilhU4jkT7B18ICZSqSxO4Eb9NL0fbuXJfUbCLxCcz5DAp8jI8QUW6pK6R5J8,Daniel Ortiz,https://play-lh.googleusercontent.com/a-/AOh14Ggp79QXcHSD5ELyjW9VWbx7xFrKbLqGkx_BbXYKAV0,"As a designer, I mostly use Watch Maker as my choice engine. This app expands that to devices other than Wear, which enhances the number of people this app can reach. Must have!",5,1,1.0.0,2015-06-08 07:53:55,,
gp:AOqpTOEJ5_PzEJBMQXsuEVQRoHe7kiWl-jovezJ_1_FbtvahlQikQnTh_kPcIRdv7OmD8hKNBtkRjC6N_JdXXhA,Joey Salyer,https://play-lh.googleusercontent.com/a-/AOh14GiTL92xIt2Tx9ZnrsrBxu_Ujj6tVhhg1INmhJ0m-ls,"I am a huge fan of WatchMaker for Android Wear.  I have used it to design some really awesome watch faces.  Alex / AndroidSlide is one of the best developers around.  He listens to the community, takes our input, our suggestions, our bug reports and implements them super quick.  One of our feature requests for WatchMaker was a way to do the same thing we were doing for Android Wear and apply it to our phone.  He listened, he did it and so far it is awesome.  Now the only problem I am going to have is trying to decide where to spend more of my design time, watch faces or wallpaper :)   I would like to see a way to have a fullscreen background image instead of having to rely on expanding the dimensions of our design... Also the option of exporting the design out as a widget instead of a Live Wallpaper.   - PhrostByte",5,2,1.0.0,2015-06-08 07:39:31,,
gp:AOqpTOF5ZW4MsnpfZFbqJbkOg-CgMxhFq-k_B1zuJT533De_MhcPTRmBYDPQsLsncd7DYfjIf6ka8IWRedPnyso,A Google user,https://play-lh.googleusercontent.com/EGemoI2NTXmTsBVtJqk8jxF9rh8ApRWfsIMQSt2uE4OcpQqbFu7f7NbTK05lx80nuSijCz7sc3a277R67g,Totally Awesome!,5,0,1.0.0,2015-06-08 07:14:48,,
gp:AOqpTOHRvlkqYM_XpmzFDoGFMuDhBH4LpLAAuIw0dRM70iFtejrMZD5vJof1ydStiFUfEiGXZYKrtNHbZNFgM68,A Google user,https://play-lh.googleusercontent.com/EGemoI2NTXmTsBVtJqk8jxF9rh8ApRWfsIMQSt2uE4OcpQqbFu7f7NbTK05lx80nuSijCz7sc3a277R67g,Awsome,5,0,1.0.0,2015-06-08 06:41:47,,
