reviewId,userName,userImage,content,score,thumbsUpCount,reviewCreatedVersion,at,replyContent,repliedAt
gp:AOqpTOFSA5RXdL0fkP19Vcv2FroUHehNsXqYR4NYjhAezVODfvCiMDUhmiHaL_lTJPcHXMD32gyOz0o3o6LjseI,Carla Eskelsen,https://play-lh.googleusercontent.com/a-/AOh14GhJH-ak8rMNuzsqgRVXl74fap6157HQhV-roMqj,"Was 5 ⭐. Had been a longtime Christmas favorite on every phone, but this year it would not run on Android 11. Same problem as others have described. Unusable and uninstalled. I wrote to the dev, but received no response. Pretty disappointing for an app that I happily paid for.",1,1,1.2.2,2020-12-28 09:09:45,,
gp:AOqpTOEvhYNZnSKhyXRuN-ieMJH96k4H8Ny-z9FWoQUqGcIyRDEMRmiOcssg9s8DsQQdqd_5tKnkGokj-CDGMF8,Amanda Bale,https://play-lh.googleusercontent.com/a-/AOh14Ghsb9TDAvj9xIpx0Awq2B8RbaIcwld7lyElpXmb2uA,Have uninstalled and reinstalled today but still only showing in top left of screen. Unplayable,1,3,1.3.2,2020-12-23 04:37:52,,
gp:AOqpTOEUQfMVkt_MgdAiMdIBdzZt8-taguQg-J2uEhTsXWHJMa4HC2ngtKnAw1hxCBdyt12eGZGYF0Y5vRvEwR0,John Draugr,https://play-lh.googleusercontent.com/a-/AOh14GgdcB2-tM8GWvgwGB5dJLFRrCehVHizbeE3XHz9,Got this game many many years ago. Still play it all the time. Lots of fun.,4,1,1.3.2,2020-11-23 17:46:55,,
gp:AOqpTOHhdoSw0OzOQE7-dTDHQxhwmYn0FlZ84iv-jXmQz0JgVqEu2dtFiEnn0FTZnaXiL_ZxSuWkUzNbxgfqI0A,Connie R Grant,https://play-lh.googleusercontent.com/-mDNRC8uYRKU/AAAAAAAAAAI/AAAAAAAAAAA/AMZuucmsW5kHj3bpZ3Gr6uEU9zqssXK0lA/photo.jpg,"Since android 11 loaded, the game/app is shown only on a small upper left corner of the screen. Can you please fix this??? I LOVE THIS GAME!!!",1,9,1.3.2,2020-11-01 10:22:16,,
gp:AOqpTOEsppaA3BjGHYatkOw_srDrXhg2Q92d84d6R-IRs5XQoDTwI1wSKTdzn8TsEQY9L6Ob_zCXI_93zm5NTTg,lucy brummett,https://play-lh.googleusercontent.com/-ASBRE8WbGcM/AAAAAAAAAAI/AAAAAAAAAAA/AMZuuckypAchya6wQWDCITSjeMtASr_buw/photo.jpg,Addictive,5,1,1.3.1,2020-01-09 20:09:38,,
lg:AOqpTOEDZmTPmGFsKXU8AOLKWH9MabR01qgj60_PT9G8pxCVdRWDcMSG3WWeU2l8rSLFNUVzCf7Ka0jMsuBRigA,A Google user,https://play-lh.googleusercontent.com/EGemoI2NTXmTsBVtJqk8jxF9rh8ApRWfsIMQSt2uE4OcpQqbFu7f7NbTK05lx80nuSijCz7sc3a277R67g,Been playing this game for a few years and really like it!,5,0,1.3.1,2019-12-17 19:48:55,,
lg:AOqpTOH2BMj8zUz1sDv7VBZgj8LJKZPlK8RSgA0mRBol_VnWpm5Fp3u_w3_32fMo3pwBUuX01Mr3S5sfq8kXxP0,A Google user,https://play-lh.googleusercontent.com/EGemoI2NTXmTsBVtJqk8jxF9rh8ApRWfsIMQSt2uE4OcpQqbFu7f7NbTK05lx80nuSijCz7sc3a277R67g,Totally love this game. It's challenging but not too hard to play. I have been playing it for years and still enjoy it.,5,0,1.3.1,2019-12-08 00:19:33,,
gp:AOqpTOEiDLZdf0M4O8QyyOQjDWVKr7mCgHoQuHzeQSelK6qend6FQk-PVHg_qXBZeCcsjthe4Dpib2sg3VDgnhM,Shelly Buchta,https://play-lh.googleusercontent.com/-kuERXxnowaI/AAAAAAAAAAI/AAAAAAAAABk/AMZuucmlcPGZYYfac_Afae9HehIzVE6feA/photo.jpg,"Love this game. Would give 5 stars if there was a level that used all the power ups, that you could play endlessly.",4,1,1.3.1,2019-08-25 13:59:36,,
gp:AOqpTOGkl963z8wulrgGuYgv80iXnGEeQTh-WlEtd3iJRE5AtnYWQm5NWY2i0tpa9iqxx68FYAf-Sj1ItTnJCcw,B NZ,https://play-lh.googleusercontent.com/-Gyv8p3uvOQA/AAAAAAAAAAI/AAAAAAAAAAA/AMZuuclxqwOk5TZpNPPp2MUVVUHULDUYeA/photo.jpg,"The restore profile does not work! Love the game, but I got a new phone and it won't let me use my same profile name from when it was on my old phone. Any suggestions?",5,3,1.3.0,2019-06-02 05:13:33,,
gp:AOqpTOGXf8cLjy1Q2NyRxLDaJ21B8SSzTurFfx3QoQpMD45-Mn0zZX01EnldqEDg6o2q9tILsfuYdNwk0fpUSA4,C.C 100,https://play-lh.googleusercontent.com/-d8nb53BB_yE/AAAAAAAAAAI/AAAAAAAAAAA/AMZuucm4PcJmVN-g6yfcsbkpMgVlx6F4QQ/photo.jpg,"sometimes there is a glitch, but the game is fun",4,0,1.3.0,2019-05-07 00:41:12,,
gp:AOqpTOF3xpg3wrL6zj50fxTw_ZyUx347bQolYQcPiGeSvSq2uNzPNAmFpJVy0t7r5QVcZMg-mmmSeBXgN9Dzoz0,Maria Anna Nazario,https://play-lh.googleusercontent.com/-wHmACd7_6DM/AAAAAAAAAAI/AAAAAAAAAAA/AMZuuckMnG3VEluBPlInHyjUUY3H4PjKMw/photo.jpg,love it. east to play.,5,0,1.3.0,2018-12-26 14:02:05,,
gp:AOqpTOEaqrfLA7ATbm9HL42UC5_RymON0z6KAm7Pccf9OlY_GRWhJ9j5L06e92FUvKtM3adZt4JagrYkdmSbMLc,Stacy Lynn,https://play-lh.googleusercontent.com/a-/AOh14GjfULp42N_CapZiRvZkVM_mFxYojDLHX0FstofG33c,one of the best,5,0,,2018-12-25 11:57:14,,
gp:AOqpTOEt_cllMLn6JhLaiGJUQkSL4L1M1gNoTaRiaZtLa3qZRnsUEoJXFCAq_nU23l6zi42og28va3OnV4jgMHA,Jamie Press,https://play-lh.googleusercontent.com/a-/AOh14GjCok-Tyyq-EuMaPnLegYe7JKajdI-o5MbYtDttxQ,My favorite game to play come Christmas,5,1,1.3.0,2018-11-27 17:14:38,,
gp:AOqpTOEBku9ASof-HqHOoqMp0uO9ym5YFcexaAcObXPEx7RHI90gGUcQKu_4SRJV97wKlz0-W8FHcJ47m48_0V4,Kelly Camp,https://play-lh.googleusercontent.com/-04_tTiTgduc/AAAAAAAAAAI/AAAAAAAAAAA/AMZuucmr-SNu6YQkRtvNfMMiBwWARLjfBg/photo.jpg,I bought App and will not work properly on Motorola G6. when I touch a jewel it activates the one above it. I Like the game - Please fix,4,1,1.2.2,2018-10-10 15:15:35,Please update to the latest version.,2018-11-14 17:45:38
lg:AOqpTOHN7JRbQBy9hlt5g2JK7S6Ql9BjebkoCpqtHXR1iAxSsDisSTNpQdh5ZrrZjc8h_erUcA2aWeCuCfxvIcM,A Google user,https://play-lh.googleusercontent.com/EGemoI2NTXmTsBVtJqk8jxF9rh8ApRWfsIMQSt2uE4OcpQqbFu7f7NbTK05lx80nuSijCz7sc3a277R67g,Love it,5,0,1.2.2,2016-11-30 16:56:41,,
gp:AOqpTOGVM5_mPiT6ek7qbHKfdNSGesoQxt-D9XjyGCdzRPKBQAkSV1Vl-9p8Kc4FBUfpS5LSNgddtd5BbGZiC7c,Brenda Davis,https://play-lh.googleusercontent.com/-52UvXQPBc3E/AAAAAAAAAAI/AAAAAAAAAAA/AMZuucm4QLSM4ONmWJ_nviPrmkfk9ygX9A/photo.jpg,Love the game,5,0,1.2.2,2016-11-30 09:15:10,,
gp:AOqpTOEhdsxIyFhmx0p-bupwQl4aIFLQGxJgdjrB0_X4h260Xdym55o_kMMdBc3ljnYhCA-WpBDGbipbtkjbUIM,Keith Emery,https://play-lh.googleusercontent.com/-ies1NTwHu88/AAAAAAAAAAI/AAAAAAAAAAA/AMZuucnWaqnaQucogT8fPMFlYrEPNPSkEA/photo.jpg,"Has there ever been an update for new villages? I've played a ton, maybe add some content? ** originally posted this in 2014. Never received an answer and still no added villages or features. Changed to 1 star.",1,4,1.2.2,2016-11-22 02:52:19,,
gp:AOqpTOFwX_N-bIrYbRYyYy1b1hXpChujKEuyzGpvvVf1ncAA-W9RpRGPXswHr-__DvSWkwEGN7n-Qh5yUw-O5hw,J Elcock,https://play-lh.googleusercontent.com/a-/AOh14GgjIsQ1uBCNZ_oP9OypHnVuNXRw720iyU4VJS9McsY,I really hate it when it gets to the freezing part. It's so annoying,3,0,1.2.2,2016-11-21 08:15:34,,
gp:AOqpTOG1MpnkK-LsLE08Z97SnxRH7o_zO8FVJP-K4w-HKdMxtm9gGbSATFsIvrJO0HPj64AVKzih5PxeKHJ6e3U,E M,https://play-lh.googleusercontent.com/-6FhQ0ne8rfg/AAAAAAAAAAI/AAAAAAAAAAA/AMZuuckJEFAnXWEMINLfBY7mWrNceMHm7w/photo.jpg,"Used to absolutely love this, purchased all of them, but on Samsung Galaxy 7 the sound won't be muted. Longpressing key to left of home doesn't do it as it used to on older phones.",1,1,1.2.2,2016-10-08 17:18:01,,
gp:AOqpTOFuIubVyIFcNgJTDDzwjQ27ezvCZjSpTsRl5zBfMdOge6sJLrTKjklNoe2DItoQp24mVlzCIh9ZVNoZXhM,Shallen Blanchard,https://play-lh.googleusercontent.com/a-/AOh14GjhaSPq_K3sZOEVv9rCYaQ8Bm4iwXsU0whcx9YCOJs,Fun,5,0,1.2.2,2015-09-27 19:20:29,,
gp:AOqpTOH9X-rZUBIAFCkg2zx_vKfK5dC1owKqxEne1b7hNxVGZxo0KSRHDbObtjoavevZhsCtkumrV1shi_IbS-Q,Cynthia Presidio,https://play-lh.googleusercontent.com/-u2iU2VNDjQs/AAAAAAAAAAI/AAAAAAAAAAA/AMZuucla0qJta1tf43z2pCxrf1TNpHcwGQ/photo.jpg,"Won't work on my HTC. I installed, played until about level 28 then it quit.  I unstalled.  Now it is showing as purchased, so I reinstalled...it will still not open.  I would like the purchase price refunded",3,6,1.2.2,2015-06-27 12:44:17,,
gp:AOqpTOHVuwQNcMRAmPYGuLOwHo9aa0aZzuu9vpm2i9R3ZjethNlPv4bL3ECMTqAGfaFyMk8DOqwofSONcPYCpZ8,Tilghman Lesher,https://play-lh.googleusercontent.com/a-/AOh14GhrP9bY3tDobXOc5vvIdFZ4zYqvwrUYpeADJiMR,"Buttons don't work, and the initial screen now shows an ad.",1,0,,2015-06-26 20:54:57,,
gp:AOqpTOEazIDAqm9VfAZX7itNai5vFuF-GtBIYTsgArUNwc3PZRkWPtNfFHekatfWMybFEdQcnCWTEHW6pJP28VU,Matilda DeStefano,https://play-lh.googleusercontent.com/-iLShDLPk870/AAAAAAAAAAI/AAAAAAAAAAA/AMZuuckTVJs6xNnYXJxMtUZAULtY3JgbHQ/photo.jpg,Would five it a  5 if sound could be turned off,3,1,1.2.2,2015-03-23 12:54:39,,
lg:AOqpTOFjoQ2kSrsnERJ4nF0IbvrM0K09sm0OB7t8vLDzo_ULOPkPuIqH9PdL903g98T70Llho_WLKC4_8tN8_Dk,A Google user,https://play-lh.googleusercontent.com/EGemoI2NTXmTsBVtJqk8jxF9rh8ApRWfsIMQSt2uE4OcpQqbFu7f7NbTK05lx80nuSijCz7sc3a277R67g,"I love this game so much I had to buy it,  the game is challenging and  the music is so relaxing! Thank you!",5,0,1.2.2,2014-10-11 18:41:03,,
gp:AOqpTOEnJMApwFpcXabbiOi6YIDOW28X3xlu8WgShODXB2EuA1YEaGCxkRE1_DFwSDeTYwRfV99OdcIQ58oj5RU,anton yuswak,https://play-lh.googleusercontent.com/a-/AOh14GgjkplfXhxhI6cgcTIUPFSfpfzCI5NYi_xG6jV4,More levels please.,5,0,1.2.2,2014-08-28 18:47:57,,
gp:AOqpTOFQUbfdmNJmsOErv-n4ioIQ_OB4erlSE7dRW8nDnKZGdGDd0dMDIt93LGsw-XHkgsZPnqXSE3LtUCdrD2Q,Balázs Zoltán Sótanyi,https://play-lh.googleusercontent.com/a-/AOh14GhsI_V95HfVtq_WTda6UW8QX8Ah5JDM8x3e8U_rxkk,Game doesn't start if phone cannot connect to the internet.,1,0,1.2.2,2014-08-13 11:34:21,,
gp:AOqpTOFE0y87x39P4nllEsw-je-pgcDbNGUUz2W-3fIek_Qd2-zXL6ovTts-ZoYvDDBUF4QBod2BaHLr1zVn99w,Colleen Hossler,https://play-lh.googleusercontent.com/a-/AOh14GhWQIaQN0I_3eu5oB08Zo-iH5pn0WC3kgus1T6DhQ,I love it !  Winter-Spring-Summer-Fall it's great to play any time at all.,5,0,1.2.2,2014-08-01 20:20:23,,
gp:AOqpTOEfodRkiHiAJtv-hvyUhRtPmqVPHWq1qxL0zNvwjlosr_uOD2YI-yBn0qGJPqWP9YZeccWF8S_juT2L6l4,Teri Downs,https://play-lh.googleusercontent.com/a-/AOh14Gi8AtVDUEvc1c7wPYI1LJiWOE-EOK4YdyjtR6U1nQ,Love it,5,0,1.2.2,2014-04-11 11:48:15,,
lg:AOqpTOGo4K7DlQ_gEmWhoMKRig-9EgVqwam5j3QoBLyGyGwGTGGE3XgVwPNAs2VMNBic7KsY37aqh_aszVAPu_g,A Google user,https://play-lh.googleusercontent.com/EGemoI2NTXmTsBVtJqk8jxF9rh8ApRWfsIMQSt2uE4OcpQqbFu7f7NbTK05lx80nuSijCz7sc3a277R67g,",,,,",5,0,1.2.0,2014-02-11 13:31:54,,
gp:AOqpTOG6tSBn3v5iqWzmplmyULiRGbdcaC6VjzsRFcP-sga6ehW5JiqOFO51S4X3xJCWc37s-Qag8tIz5QLOJN0,Ena Randall,https://play-lh.googleusercontent.com/-ppGxYtZZqcM/AAAAAAAAAAI/AAAAAAAAAAA/AMZuuckfU6zsBQicK_lGAE7i2b2zOGpYKg/photo.jpg,Fun night if you like jewel games. Nice Christmas theme. Works with my Motorola Droid Razr Max HD. Ena,5,4,1.2.2,2014-01-24 23:46:59,,
gp:AOqpTOF78MK6UqqpYnOkk6GKMh98FDq2cpJH850aRyf_6Ys2IyKYCbNlwPVSetxTlzRZdt2RXeF8pOlTMZTykiU,Diane Gapes,https://play-lh.googleusercontent.com/a-/AOh14GhXTlo63OIXCa0ao99dR4LasfGvRMXmx9A0aZvwWr0,what I played of thee trial games was excellent,4,0,1.2.2,2014-01-02 16:11:30,,
gp:AOqpTOEfpNUiqj2eoHjOBRe2VXxiMtaIXEwYUYYVmwCmW0mFXaHH339SQsNvl1tHiQbPCqNAFwShvmZkBwJHW3o,Lucy Bates,https://play-lh.googleusercontent.com/-Eyrn678Sb08/AAAAAAAAAAI/AAAAAAAAAAA/AMZuuclQQqwsgRzhXFsjQWRbFRATqAJNaw/photo.jpg,It goes to a blank screen. Sound is there but no picture. I'm in jelly bean.,1,0,1.2.2,2013-12-22 01:32:05,,
gp:AOqpTOGKp-6RylqAnk43ShM3iQfJwxI6tkTImgBXBazH9WvUg73iSdaT55dHyhCtc8EgzPY2fdyNSEAKrgZptqQ,Lori Goodman,https://play-lh.googleusercontent.com/a-/AOh14GjZvtbL5iP34fAZnn-71haDVXa4M3aDfaI920hU,"Looks like it is finally fixed! Got past loading, will see if it plays! Ho ho ho!",4,1,1.2.2,2013-12-11 09:10:02,,
gp:AOqpTOFwmp6CmQw_Q4DD7mABQtJnIUY2LZlzHTYQJDGd-O9f5moki93SskqQe7D7RycYaZGWp1vi--pzbDOFKVk,Judy Gentilcore,https://play-lh.googleusercontent.com/-QiSTmuNyuYE/AAAAAAAAAAI/AAAAAAAAAAA/AMZuucnPt3-EHnWpn71KBTVkbvCS1I_cyg/photo.jpg,I just downloaded this game and when I tried  to play I get the message that it has stopped  working .  I would like a refund since I never  even got to play the game.,1,1,1.2.1,2013-12-09 16:42:18,"Please update to the latest version, there is a fix for 4.4.x",2013-12-10 01:01:32
gp:AOqpTOH8sKyy1olqLb_CYFDFMyKqQPrbC1txRObqdI1bQQFfSYsk-Jw0MKG1PCACOvNJz1HynSI5f4N9AEFwycI,Princezz Anjeliq,https://play-lh.googleusercontent.com/a-/AOh14Gg5yy8F_jZZLmy13mBi963bO_877LYXvYvBLL2-,When finishing a level it should be more than just puzzles to get to another level.  More challenging like Jewellust.,4,0,1.2.1,2013-12-08 12:07:47,,
gp:AOqpTOF37vM5GeZa2mhWQKdpQYfqmcD6Jhqd6wrZNYOinHjqs0bvooT3Pw_o6UGTuRvjcb_t3P9d6SCTmyPsMGs,Aris Routis,https://play-lh.googleusercontent.com/a-/AOh14GhgGEDYrLJMewmN064jQFLv2av5lUV4sq2MfkIf1g,Great game,5,0,1.2.1,2013-12-04 21:38:31,,
gp:AOqpTOHlcO_18Vi_j8LEjgnLuAHin9n8JNVh1jXsreALLMRxxc-2Rn_V-GP_M8BJjhTEbRd4TD9OZcCUJ1-IROo,Tinamarie Hamp,https://play-lh.googleusercontent.com/a-/AOh14GhIgGdcfhuiZjjw6W2EIBhU2yBKk-DDOdYjyDYT4VA,Really like playing the game,5,0,1.2.1,2013-11-04 04:51:36,,
gp:AOqpTOHvt9Ef-uXR86nQS_7RzWk3vZJXBYpUcAWsWSfjUGD2JVA4KCXvvvWUY3VDh5ZBjOB06BpBsoYZgANHVRw,Joanie DeForest,https://play-lh.googleusercontent.com/-KaNBXzHbnqs/AAAAAAAAAAI/AAAAAAAAAAA/AMZuucnWoRJQUUUBQ9p-iwoIJvO-xnuB1w/photo.jpg,Thanks,5,0,1.2.1,2013-10-11 16:19:32,,
lg:AOqpTOGKU-6-PHqi6BBqau8rWbv8Rh4QYQvek-hid43A7adFkpWV-3C6nJ23SkKS8tPcogxQc7P3miQo2Q685xY,A Google user,https://play-lh.googleusercontent.com/EGemoI2NTXmTsBVtJqk8jxF9rh8ApRWfsIMQSt2uE4OcpQqbFu7f7NbTK05lx80nuSijCz7sc3a277R67g,Awesome game! Just wish it would quit crashing!!!!,3,1,1.2.1,2013-08-24 13:19:31,,
gp:AOqpTOGk_UiiIDJzTbAj9IaRJsmWvRtroPX2DIS0Gc7bH_h0o_E-NMecy6nabHfV0-yZ-FoTpGV6mWoUM_UKg4M,j b,https://play-lh.googleusercontent.com/a-/AOh14GiML9cFHT7HsiSVVJY2dDXYNouTlrIs2JZEe2fMIVM,"This was oke of my fav games but when I installed it on my new Galaxy S4, the graphics are terrible. Uninstalling :(",1,1,1.2.1,2013-06-14 11:27:28,,
gp:AOqpTOHv-AN1kO_vf3yWjO4okpKn4vEahG6vAFY8_r_ppaPc-GG7xrx0B7_Lqwnu5zypqewPYFjTnF18WG2sP3E,Dan Michaud,https://play-lh.googleusercontent.com/a-/AOh14Gi0ZulRz9d36fRepola8wokPwPOuZA6i1b0GvDcFBA,A Christmas Version of Jewlust!,4,0,,2013-06-01 15:53:16,,
gp:AOqpTOF_AJUhBRSSC_y6QJZudJtAO4nN-oxGHzy_PjAFACToFDQ2GWnfevJMQ_ZlgXNz7jjvhryhEvwLZXBbr7E,Linda Emmart,https://play-lh.googleusercontent.com/-Xe7ijcBopdA/AAAAAAAAAAI/AAAAAAAAAAA/AMZuuclTBs7yFYYLHFQJE4xu7J17WA1OPQ/photo.jpg,"Smartpix games are great! This is a themed version of jewellust with great graphics, sound, gameplay.",5,2,1.2.1,2013-03-31 08:04:53,,
gp:AOqpTOHghmId8jVB02MovQ4xNBfbvLON2H24cU7Soz4weHd7stFDgXYk41j4WEk8Tme7Uz6mkVpE3T-Cmzk7Z0s,Julie p,https://play-lh.googleusercontent.com/a-/AOh14GggH4G8rKGoXO15gPu1g8qVIkd3lpL1_mQwjSfVLQ,"Loved playing this game but since updating the graphics look terrible and the audio isn't clear, out sounds fuzzy. Also I bought the full version and I have ads now?? What's the deal? Not enjoyable anymore, would you fix please?",2,1,1.2.1,2013-01-18 21:53:03,,
gp:AOqpTOE7dukzOkTZ7DS3M3ksJGMVqKHlv5My5k3djt4tY8krNNfgOLNIdDYfh2me3tWCsVwcwtsQjqqdDpGNgIc,Adam Joshua,https://play-lh.googleusercontent.com/a-/AOh14Gj3WxOP_7ZRWHwL1El6kFhUZRcAjCjZjx0xHvM7A8A,It messes up my phone. HTC one X. And it crashes mid way a game. Gimme my money back,1,0,,2012-12-31 06:41:35,,
gp:AOqpTOHboLEPUT0pWtTzCD5Q4wydzxbR60ixHqkbBz42Ujrfak72Fz1nssYjijPtJPBuIvEMTs8bsW4lz6_Igg0,Tristan Stanic,https://play-lh.googleusercontent.com/a-/AOh14GhkNJmdr0hteHkMDgr9_1RCL0VBnRwRWCLoM0do,"Good game, please fix stability issue. The game exits frequently during play.",3,0,1.2.1,2012-12-27 15:32:14,,
lg:AOqpTOHuM-w5JTRo7r-Yxu9PwYOnJ8AqM_D6ae4p_HLmyHERD49Z1Y194YmasGKAYPrQK5lA15j9v_uMH2f-QS8,A Google user,https://play-lh.googleusercontent.com/EGemoI2NTXmTsBVtJqk8jxF9rh8ApRWfsIMQSt2uE4OcpQqbFu7f7NbTK05lx80nuSijCz7sc3a277R67g,I LIKE!,5,1,1.2.1,2012-12-27 03:36:02,,
gp:AOqpTOGxDQ67MJejVbrsYbb_k8CXLmXxgk320auPL7aWl5-fesvu3pPvMgUxiY3idPFi0IRr-zHXqenKYl7hz6Q,julia benskin,https://play-lh.googleusercontent.com/a-/AOh14Gg75qrWo6yJNuxWZlo50DdGKIYzNt76gKO8Z1I36A,Only one problem sometime the game just cuts off,3,1,1.2.1,2012-12-17 08:31:08,,
gp:AOqpTOGrOZYivUT9YpSOaDgJdhg7ASrK2UH2Z0ADn3qNMKAcwBWAooDVRXuuhhETLDG62OYUZwybatbTxc4MkYI,Wendi,https://play-lh.googleusercontent.com/a-/AOh14GiJxIJWMXNmme722DITlyRZy8myQa2xQIxJ5iTNQt4,"I love this game, but it randomly quits right in the middle of a game...very annoying...please fix then I'll give 5 stars!",4,0,,2012-12-16 19:31:03,,
gp:AOqpTOHFuVpHr1LANmbWhFEPGufh8ewPdgr8KCqdUdulWGh0d-z2KPjUWK9FPzywCRkium9A_ZyuoKjIL896v4A,Cheryl Avery,https://play-lh.googleusercontent.com/a-/AOh14Gh-GUmJ3WjYQhv0wqjltAVwdzaRQ9ZltFX7ylRk,I love this game so much that i bought the full version. Unfortunately there seems to be a compatibility idio issue with the LG VIPER 4G. Everything looks glitchy and soft buttons do not work.,3,0,1.2.1,2012-12-01 18:06:45,,
lg:AOqpTOHMlgh846QjNuUEWH8umRPkGkyd5apI2Typkt0mdCncNutnilQBZEVHb1uKkZWAOf6KzDdeopgc7RPAjuE,A Google user,https://play-lh.googleusercontent.com/EGemoI2NTXmTsBVtJqk8jxF9rh8ApRWfsIMQSt2uE4OcpQqbFu7f7NbTK05lx80nuSijCz7sc3a277R67g,"Simple, but great game. Puts me in the holiday spirit and it's addicting & fun",5,1,,2012-11-18 17:41:05,,
lg:AOqpTOF86sJqzubJozgvhvAy_t-EqvkEj-lWjh6knSrWyEfsFdGYgEy_gQtjxlFo4zAjrGPASpSsRtbhXQmvxFk,A Google user,https://play-lh.googleusercontent.com/EGemoI2NTXmTsBVtJqk8jxF9rh8ApRWfsIMQSt2uE4OcpQqbFu7f7NbTK05lx80nuSijCz7sc3a277R67g,Would be great if it worked!,1,1,1.2.1,2012-11-13 14:52:50,,
lg:AOqpTOFhMmj1Pt74rKMBbgMknC7qYZbkEBHn0xjxquJ0k_bw67LL9HTZJqoCLyRVrQdo1mdXF7CNbZUA8H1Xg_k,A Google user,https://play-lh.googleusercontent.com/EGemoI2NTXmTsBVtJqk8jxF9rh8ApRWfsIMQSt2uE4OcpQqbFu7f7NbTK05lx80nuSijCz7sc3a277R67g,"LOVE IT....so addicting!!!!!  Very glad I bought it ,well worth the 3.00 and then some.. Can't stop playing it....",5,4,1.2.1,2012-11-12 15:24:38,,
lg:AOqpTOGhNB4EKjATHeib7QJkAfp-P-4Xmugjze3iPANYCQBQC5GSHUTt6YUttI-5OX77Hn8eMZik_WvDHDRQ6Z4,A Google user,https://play-lh.googleusercontent.com/EGemoI2NTXmTsBVtJqk8jxF9rh8ApRWfsIMQSt2uE4OcpQqbFu7f7NbTK05lx80nuSijCz7sc3a277R67g,Wonderful game,5,3,1.1.3,2012-11-11 14:46:30,,
lg:AOqpTOEaSerNBsmfD8l1jIuxQMIhevuf0FtnxvSThUN7LCC59BaNV8cas9mZ66dJ1rKa7MxiidNY47XfaycRSds,A Google user,https://play-lh.googleusercontent.com/EGemoI2NTXmTsBVtJqk8jxF9rh8ApRWfsIMQSt2uE4OcpQqbFu7f7NbTK05lx80nuSijCz7sc3a277R67g,Purchased version. Crashing my phone since last update.,2,0,,2012-11-11 05:20:16,,
lg:AOqpTOEAV2q0WvRHn6vFto-Lti_MByIfq_Pht-pRvixDR3bOK0vK25h_cDld7AjNZHiv33vsiBVNi4ov5seBfpA,A Google user,https://play-lh.googleusercontent.com/EGemoI2NTXmTsBVtJqk8jxF9rh8ApRWfsIMQSt2uE4OcpQqbFu7f7NbTK05lx80nuSijCz7sc3a277R67g,:),5,0,,2012-10-31 11:33:28,,
lg:AOqpTOGtzhilIwPS5dqTlthJJu9I-AJQU_N1IS0txMbFlZ-Afju6-ozjp9oTcLvcHPvuDpDMzR4RqwcbZTuupT8,A Google user,https://play-lh.googleusercontent.com/EGemoI2NTXmTsBVtJqk8jxF9rh8ApRWfsIMQSt2uE4OcpQqbFu7f7NbTK05lx80nuSijCz7sc3a277R67g,I love this game. It is very addictive. I like all the bonuses you can get. Keeps the game interesting. Would give it 5 stars if it didn't keep shutting down on me.  It just shuts off. Wish this could be fixed.,4,1,1.2.0,2012-09-30 21:26:29,,
lg:AOqpTOHWAzg3aNFkjq6Z8qg4HOEo8hDxVuXnuU_d2ai7bNr-lIn404yjVN2mwTNwefop_t5CTkG2DQ20giZrhe4,A Google user,https://play-lh.googleusercontent.com/EGemoI2NTXmTsBVtJqk8jxF9rh8ApRWfsIMQSt2uE4OcpQqbFu7f7NbTK05lx80nuSijCz7sc3a277R67g,"Fun and addictive, but shuts down abruptly and have to start game over.",4,0,,2012-09-20 07:39:40,,
lg:AOqpTOG7keovkw4_c-u0nzeZVz7F_1NwnA0lhO_xKUGJ07TKPFrIBV928l8KeP6TyBsKVfpk1QStuxfRZW85e3I,A Google user,https://play-lh.googleusercontent.com/EGemoI2NTXmTsBVtJqk8jxF9rh8ApRWfsIMQSt2uE4OcpQqbFu7f7NbTK05lx80nuSijCz7sc3a277R67g,Great game to pass time with,5,2,1.2.0,2012-09-18 17:50:16,,
lg:AOqpTOHnnQD26-OYjTzksYU6Dk8LL3ootvL2x33H8FbrDuRTCYt9HxAbAfNsjJd8hOPkSYSoExAYEvk5DVQL1q8,A Google user,https://play-lh.googleusercontent.com/EGemoI2NTXmTsBVtJqk8jxF9rh8ApRWfsIMQSt2uE4OcpQqbFu7f7NbTK05lx80nuSijCz7sc3a277R67g,Love it!,5,0,,2012-08-24 14:06:48,,
lg:AOqpTOFsVufOc9JdINo4xG-dxvvWCKUo5JYKARowRcjUX1aN5MDJJpI81AZbPRNNbIC2PxnYD0kE_gArI-Ptf7U,A Google user,https://play-lh.googleusercontent.com/EGemoI2NTXmTsBVtJqk8jxF9rh8ApRWfsIMQSt2uE4OcpQqbFu7f7NbTK05lx80nuSijCz7sc3a277R67g,Love this themed game with  sleigh bell sounds and snow crunching as you walk from house to house. Charming! Also love Jewel Lust in Egyptian pyramid.,5,0,1.1.3,2012-08-21 23:03:31,,
lg:AOqpTOH6Z_II3RJkJaq3_QUAoFbvCKB_uvHCWrHZsRxn01hsvXBOq85EEkaQQHBTpowMVEvZUuhHpSF05DFgnyo,A Google user,https://play-lh.googleusercontent.com/EGemoI2NTXmTsBVtJqk8jxF9rh8ApRWfsIMQSt2uE4OcpQqbFu7f7NbTK05lx80nuSijCz7sc3a277R67g,It won't run without stopping in the middle of a game. Reporting the problem hasn't done any good.,1,0,1.2.0,2012-08-10 12:16:12,,
lg:AOqpTOHofq4mzvNZ-NUR29orLvKsg_pa86hj4h4t4btqnHC6oKAPK0hmgd-EOyuzA-9vRDE4m3ALsB4zGRR9Ujc,A Google user,https://play-lh.googleusercontent.com/EGemoI2NTXmTsBVtJqk8jxF9rh8ApRWfsIMQSt2uE4OcpQqbFu7f7NbTK05lx80nuSijCz7sc3a277R67g,Love it,5,0,,2012-07-22 07:31:14,,
lg:AOqpTOHE8Dme2WtfRG7I3-JL2NSg5QRBZGL6lPXb993wzw7I4zs0TNX4ERCUOKcgzJvUmvNFGoR0wp0xIiogVzM,A Google user,https://play-lh.googleusercontent.com/EGemoI2NTXmTsBVtJqk8jxF9rh8ApRWfsIMQSt2uE4OcpQqbFu7f7NbTK05lx80nuSijCz7sc3a277R67g,Fantastic game.  I really enjoy playing it.,5,4,1.2.0,2012-06-21 09:18:36,,
lg:AOqpTOEKFOQ4BeMUnVsm0rW5V6_eHVzAC0NiZMkaeqA8GlRV6tuegbfgTvLvEWANrWniX51WoMG3dcLkQvVwD5Y,A Google user,https://play-lh.googleusercontent.com/EGemoI2NTXmTsBVtJqk8jxF9rh8ApRWfsIMQSt2uE4OcpQqbFu7f7NbTK05lx80nuSijCz7sc3a277R67g,I love just jewel game it's got a lot more to it it's festive looking I really like it.,5,0,,2012-06-19 16:49:43,,
lg:AOqpTOEF10BjJFRAkyDk7lNuwjFpOrnBZUVMJN_uxPtnhoRrniw5PFEzQVwO2z_1AxY1x2bDfQ5tdhR7JnV1Bkg,A Google user,https://play-lh.googleusercontent.com/EGemoI2NTXmTsBVtJqk8jxF9rh8ApRWfsIMQSt2uE4OcpQqbFu7f7NbTK05lx80nuSijCz7sc3a277R67g,Love this game,4,0,1.2.0,2012-06-09 06:53:31,,
lg:AOqpTOFhzk5L72_QQnp2K2uwrKfMi6Qc0OFA08PO_QdvVkc8tUasjk_JlsURVAA8PaKJApuZS4tN6e1MSDyx5_w,A Google user,https://play-lh.googleusercontent.com/EGemoI2NTXmTsBVtJqk8jxF9rh8ApRWfsIMQSt2uE4OcpQqbFu7f7NbTK05lx80nuSijCz7sc3a277R67g,This game is very adictive it is hard for me to put it down it is fun any age group can have a great playing it.,4,3,1.2.0,2012-05-07 10:43:56,,
lg:AOqpTOHtUh_97AlAQ-JUDwRzS3Es8_4hnKJv46fbSiYmcpmLPtlOp4oQyNpJG5ODwnrf6d6oH-hfrVSOxZKHzp4,A Google user,https://play-lh.googleusercontent.com/EGemoI2NTXmTsBVtJqk8jxF9rh8ApRWfsIMQSt2uE4OcpQqbFu7f7NbTK05lx80nuSijCz7sc3a277R67g,You keep removing the game from my phone.,1,3,1.2.0,2012-03-13 17:23:09,,
lg:AOqpTOGlX3AxPXQu8zIYva1joFbp2LbEw7yfcmspT9oZu4f0Y5vZoKVfjhCBBza1lV1R9LP8rgs0UqAHY-LPlAY,A Google user,https://play-lh.googleusercontent.com/EGemoI2NTXmTsBVtJqk8jxF9rh8ApRWfsIMQSt2uE4OcpQqbFu7f7NbTK05lx80nuSijCz7sc3a277R67g,Very fun game... Good for winding down,5,3,1.2.0,2012-02-05 01:33:52,,
lg:AOqpTOEjQGQJ4vAdb1XHzoGSlnhrZAsl19kzfNOVbcPOqtkEw-TOjKerDkPYI3bh5ROcIY0zYRlwNXF91xWFQ_A,A Google user,https://play-lh.googleusercontent.com/EGemoI2NTXmTsBVtJqk8jxF9rh8ApRWfsIMQSt2uE4OcpQqbFu7f7NbTK05lx80nuSijCz7sc3a277R67g,Very good game!,5,0,1.1.3,2012-01-30 18:14:34,,
lg:AOqpTOFCsgTvIm65ByX_hRzjpRzbyn_fOyDTkJhbpMZTwE8RBgqGx3wBVie3cwLusf0quBEH6khDEX0sO67xL14,A Google user,https://play-lh.googleusercontent.com/EGemoI2NTXmTsBVtJqk8jxF9rh8ApRWfsIMQSt2uE4OcpQqbFu7f7NbTK05lx80nuSijCz7sc3a277R67g,Lots of fun very relaxing,5,2,1.2.0,2012-01-14 18:11:56,,
lg:AOqpTOHTLMFXfej2nU_Y6KjLsTaPvwuqkzIBrPBq8sSVwwHqs7ztknbaxrcpjd8OWqdX4FCq6H3k8VkYMRFbAeg,A Google user,https://play-lh.googleusercontent.com/EGemoI2NTXmTsBVtJqk8jxF9rh8ApRWfsIMQSt2uE4OcpQqbFu7f7NbTK05lx80nuSijCz7sc3a277R67g,"Sleep,need more sleep. Up to late playin game eyes r crossi from lack of sleep. Haha more stages needed please!!!  |:)",5,1,1.1.3,2012-01-12 15:55:23,,
lg:AOqpTOE-rPddqoTDBbYv3wiN4PGDC7cC_e1Cv12AYC9HY82sOph_K0qQUr5tEd5K2Ni6tpW0rYsXa99hCykpVes,A Google user,https://play-lh.googleusercontent.com/EGemoI2NTXmTsBVtJqk8jxF9rh8ApRWfsIMQSt2uE4OcpQqbFu7f7NbTK05lx80nuSijCz7sc3a277R67g,Awesome game just love it!!!!!,5,0,1.1.3,2012-01-10 03:10:04,,
lg:AOqpTOFfQkg9-VXybjowAz8pU_GRqJtdZTNRcjkHvHNgHCpz3v4mRkaAGx81OItITFMmopa_UuKYkJlCT3NkIdI,A Google user,https://play-lh.googleusercontent.com/EGemoI2NTXmTsBVtJqk8jxF9rh8ApRWfsIMQSt2uE4OcpQqbFu7f7NbTK05lx80nuSijCz7sc3a277R67g,"Downloaded n played for one day then it froze. Sent email to makers n still havent got a response, been more than a week.",1,0,1.1.3,2012-01-02 22:05:24,,
lg:AOqpTOFdtwZ8-60ltJmWdW3IDZ0mpTzn8eyrkLWcpBw2cFg5aTrQuJ3oROK6ADtsBcSW-04hZRFheVii8GfHKNQ,A Google user,https://play-lh.googleusercontent.com/EGemoI2NTXmTsBVtJqk8jxF9rh8ApRWfsIMQSt2uE4OcpQqbFu7f7NbTK05lx80nuSijCz7sc3a277R67g,Cant stop playing this game! So addictive.,5,4,1.0.3,2011-12-13 14:41:07,,
lg:AOqpTOF-T0ewiOCn0b0brnDC1jNEzf0M03C-yrTQh0303zLj2e1zl_ACKA0oJsQZkeAkX_6S9wuf81VvbY-QP8E,A Google user,https://play-lh.googleusercontent.com/EGemoI2NTXmTsBVtJqk8jxF9rh8ApRWfsIMQSt2uE4OcpQqbFu7f7NbTK05lx80nuSijCz7sc3a277R67g,Just Excellent !,5,6,1.1.3,2011-12-09 02:05:37,,
lg:AOqpTOGYQNBS6rxVrFAU0fBeVFoA_SoP128LzkJcZtkOj4eidU5bvbpS4B3BTc5RmOvRaM29H7elCyCOor3BOHM,A Google user,https://play-lh.googleusercontent.com/EGemoI2NTXmTsBVtJqk8jxF9rh8ApRWfsIMQSt2uE4OcpQqbFu7f7NbTK05lx80nuSijCz7sc3a277R67g,"A feel good game, happy Christmas ha ha",4,0,1.1.3,2011-10-25 23:18:00,,
lg:AOqpTOGx9z5F0KRH00PpLRSEr_HpTfyQsiuc3sY7iocfZ_GaPpZOfT8RzP4z-bn2h9wsGGnHosGgDsi5vzJHQyk,A Google user,https://play-lh.googleusercontent.com/EGemoI2NTXmTsBVtJqk8jxF9rh8ApRWfsIMQSt2uE4OcpQqbFu7f7NbTK05lx80nuSijCz7sc3a277R67g,Love it!!!,5,5,1.1.3,2011-10-10 12:28:11,,
lg:AOqpTOEgWLftObIXkYXxP6TXts31etHlRsUmd5uNRdWchx_a3ibVUM0Zr1MfSHKuniiTEE8aLuYCll-MDnGZSHM,A Google user,https://play-lh.googleusercontent.com/EGemoI2NTXmTsBVtJqk8jxF9rh8ApRWfsIMQSt2uE4OcpQqbFu7f7NbTK05lx80nuSijCz7sc3a277R67g,It's very nice. wish there were more stages. Very nice game though.,5,2,1.1.3,2011-09-28 12:51:12,,
lg:AOqpTOHXyDD5aT3dgLbVhFO-R9gZhVQg_7SaJAz7fP9n_4fh4GUoPQH-NKN9djPLT2UgNbphMZz5PLKHN0gQ-AY,A Google user,https://play-lh.googleusercontent.com/EGemoI2NTXmTsBVtJqk8jxF9rh8ApRWfsIMQSt2uE4OcpQqbFu7f7NbTK05lx80nuSijCz7sc3a277R67g,Love it . I give it a 5 star.,5,6,1.1.3,2011-09-17 20:07:19,,
lg:AOqpTOHrg4tIjGpGJgiQuIEOsFX_TNru02S0_ftbm3Kj0O1SCz_rbAhZIDf_OH9eerwJxPFwNAC4WO0EbNWWYOA,A Google user,https://play-lh.googleusercontent.com/EGemoI2NTXmTsBVtJqk8jxF9rh8ApRWfsIMQSt2uE4OcpQqbFu7f7NbTK05lx80nuSijCz7sc3a277R67g,Great fun.puts one in the spirit!,5,3,1.1.0,2011-08-15 05:02:08,,
lg:AOqpTOGRNwbSG235LmxRklkY1L36ITtqc0w4UKSjBROvldFGoQUvaToNmy0ZfkOPGV_1GHJ03MON-L_h1-VUX7M,A Google user,https://play-lh.googleusercontent.com/EGemoI2NTXmTsBVtJqk8jxF9rh8ApRWfsIMQSt2uE4OcpQqbFu7f7NbTK05lx80nuSijCz7sc3a277R67g,"Beautiful game, great sound effects! Gameplay is smooth, lag-free, totally engaging. Fun bonuses. I can't put it down (in any sense of the phrase).",5,4,1.1.3,2011-08-07 07:52:31,,
lg:AOqpTOHlKMh07I4zIEuufTM-z5HMm6ASs9B6Oj3_yo_BmQr7-iRQcIh35s-7J7lLuxFrQv2_WLdhpt8hlu40kqg,A Google user,https://play-lh.googleusercontent.com/EGemoI2NTXmTsBVtJqk8jxF9rh8ApRWfsIMQSt2uE4OcpQqbFu7f7NbTK05lx80nuSijCz7sc3a277R67g,Talk about Addictive! Beautiful & festive! Get Devilry Huntress for Halloween!,5,3,1.1.3,2011-08-04 08:14:14,,
lg:AOqpTOF6AkMAp-kzalySERCbAc1v7IuRuW0zqK-q0iWQAB2pKvU-2xewEQsWESdeE2mgOWjIrNO3lZcxgErs5w4,A Google user,https://play-lh.googleusercontent.com/EGemoI2NTXmTsBVtJqk8jxF9rh8ApRWfsIMQSt2uE4OcpQqbFu7f7NbTK05lx80nuSijCz7sc3a277R67g,I love it too. I have both games n passed all levels but I continuously play over n over again. Really addictive. Keep up the good work...,5,0,1.1.3,2011-08-03 13:03:26,,
lg:AOqpTOHBZda3o77hI-cTl3dzR28P9sAhAHO7WzuOVNi3asgNXNPv4FrG62s-r69R2mCBIS34-o1l760p5OJKxi4,A Google user,https://play-lh.googleusercontent.com/EGemoI2NTXmTsBVtJqk8jxF9rh8ApRWfsIMQSt2uE4OcpQqbFu7f7NbTK05lx80nuSijCz7sc3a277R67g,Loved this game. Totally addictive. Unfortunately I can't get past level 35. :-(,4,2,1.1.3,2011-07-19 20:37:13,,
lg:AOqpTOGlDqb1fwTei_0Ud7xWXllRxbWxrQHHRDiGlb2PN4NF9kgSsmhuEUHMAIxLeDzSXbTBoeUo3Pa80Ud-yvk,A Google user,https://play-lh.googleusercontent.com/EGemoI2NTXmTsBVtJqk8jxF9rh8ApRWfsIMQSt2uE4OcpQqbFu7f7NbTK05lx80nuSijCz7sc3a277R67g,Luv luv it!!!! Same with devilry huntress. Add more villages worlds. R u done yet? :),5,4,1.1.0,2011-06-26 08:01:39,,
lg:AOqpTOFRrN2ZabpfhIFB45rH6qbnxfkGv4Qeey-TR28P8d52LfjGMfrGkhViibMpvgXkLLd3_8JJifDuR09mhgc,A Google user,https://play-lh.googleusercontent.com/EGemoI2NTXmTsBVtJqk8jxF9rh8ApRWfsIMQSt2uE4OcpQqbFu7f7NbTK05lx80nuSijCz7sc3a277R67g,"This is one of my favorite games. I play every day, even though it's not Christmastime. My favorite thing is the chime sounds & icons. TY developer!",5,4,1.1.2,2011-06-23 03:48:46,,
lg:AOqpTOH_uPC_G13OC1i72VkdQ7wZTqDKaXTzCOWpoxztCaofbY1X6aiWyHtZsi0LuanR8MN3mMvSFZuFqsCcbIk,A Google user,https://play-lh.googleusercontent.com/EGemoI2NTXmTsBVtJqk8jxF9rh8ApRWfsIMQSt2uE4OcpQqbFu7f7NbTK05lx80nuSijCz7sc3a277R67g,Fave game..so addictive...love da bubble..,5,1,1.1.2,2011-06-22 16:42:42,,
lg:AOqpTOGpMIoeqiThhvrLE9egNtLA28w37LArBFqaQAIj94SkgA1e5OmIoDahAoGbps2VRWpqFzLofm530mrW304,A Google user,https://play-lh.googleusercontent.com/EGemoI2NTXmTsBVtJqk8jxF9rh8ApRWfsIMQSt2uE4OcpQqbFu7f7NbTK05lx80nuSijCz7sc3a277R67g,"Why aren't more gameDEVs putting out these kinda challenges!?~~~ Subtle, Fun, Creative ideas, enHANCE this ""JEWEL!"" (MoDro1)",5,1,1.1.0,2011-06-19 00:48:22,,
lg:AOqpTOEPHcZS6q7GyWpM4EzCt-ylJImPyEkTypeWPik8ACQm2QJV1GqiBvBaa6OSlAMbk1qBleJj8iLr0lUtdxw,A Google user,https://play-lh.googleusercontent.com/EGemoI2NTXmTsBVtJqk8jxF9rh8ApRWfsIMQSt2uE4OcpQqbFu7f7NbTK05lx80nuSijCz7sc3a277R67g,Love this game.,5,5,1.1.0,2011-05-30 18:09:36,,
lg:AOqpTOHrLPZbsS_LGPZaLVXz2hP4IIz9DPjbN_zkiQiyKIlzqEoledIQe8PVaUVbc96CHSspYEgbGBBVFUoOZ4U,A Google user,https://play-lh.googleusercontent.com/EGemoI2NTXmTsBVtJqk8jxF9rh8ApRWfsIMQSt2uE4OcpQqbFu7f7NbTK05lx80nuSijCz7sc3a277R67g,My mom loves this game,5,1,1.1.0,2011-05-28 06:36:16,,
lg:AOqpTOFHlAWqwS01f96E2aPaYzvX3JU3iDu26la9_33Yf0P19aOEDEGGIAhMjPstLqngjmcDM8KE34w7GX3UOXQ,A Google user,https://play-lh.googleusercontent.com/EGemoI2NTXmTsBVtJqk8jxF9rh8ApRWfsIMQSt2uE4OcpQqbFu7f7NbTK05lx80nuSijCz7sc3a277R67g,Always fun & challenging. Great sound and graphics,5,2,1.1.0,2011-05-13 20:13:44,,
lg:AOqpTOExVjcUkEB3Tvs4sshTs_KwSlzkE49gjc6HWHblPmYWcVbM1LBaB_QoSlAjGtJB35tmrYo3ea_yM6hoRhc,A Google user,https://play-lh.googleusercontent.com/EGemoI2NTXmTsBVtJqk8jxF9rh8ApRWfsIMQSt2uE4OcpQqbFu7f7NbTK05lx80nuSijCz7sc3a277R67g,Please don't delete my Xmas Jewellust from my phone. I paid for it and I would like to play it. I love this game!!!,5,3,1.1.0,2011-05-09 01:49:26,,
lg:AOqpTOFO4T0wTDhhf94Vv_oB_WdwZBsKCQgx2n8-EZG0-260dD_s8AG6vK2-X2hsp4n2KK6tV7ldCByolKvJJCo,A Google user,https://play-lh.googleusercontent.com/EGemoI2NTXmTsBVtJqk8jxF9rh8ApRWfsIMQSt2uE4OcpQqbFu7f7NbTK05lx80nuSijCz7sc3a277R67g,"Fun, fun fun!",5,1,1.1.0,2011-05-08 19:53:39,,
lg:AOqpTOHRDENAWgVT7kVj6qWm77-Z6-rrq82D7Mujx2ePZcMJS3lQcKadSRO6rNz9HO4Zkg1Xz65XV-DlPESmv3c,A Google user,https://play-lh.googleusercontent.com/EGemoI2NTXmTsBVtJqk8jxF9rh8ApRWfsIMQSt2uE4OcpQqbFu7f7NbTK05lx80nuSijCz7sc3a277R67g,"Great game, brill .",5,1,1.1.0,2011-05-08 12:15:41,,
lg:AOqpTOE34JOAdS4_P3-bGsSxF_VYR5TDQdrVSWUjVJtVoKFThgATuLxR-n3m2tzF5IKV5Q8gpNQseeXQleacFDM,A Google user,https://play-lh.googleusercontent.com/EGemoI2NTXmTsBVtJqk8jxF9rh8ApRWfsIMQSt2uE4OcpQqbFu7f7NbTK05lx80nuSijCz7sc3a277R67g,App disappeared.....wait found it. To all having same issue check SD card. When you move to sd you have to look there cause it vanishes from dsktop/hm,4,1,1.1.0,2011-04-29 08:05:51,,
lg:AOqpTOFBmi_VXrbsLtyB05j0FmQFgrxL5qwkOSjERfaS3-N7E50U-iqJmvRfpjm393UQfrMNtgGo37O0wPbfUoY,A Google user,https://play-lh.googleusercontent.com/EGemoI2NTXmTsBVtJqk8jxF9rh8ApRWfsIMQSt2uE4OcpQqbFu7f7NbTK05lx80nuSijCz7sc3a277R67g,"Game was fun until I upgraded, after that the shortcut disappeared and I have to search for game everytime I want to play",2,1,1.1.0,2011-04-22 16:51:09,,
lg:AOqpTOFCD5cFTmKZU3pq_bJv1kt_viLxdXVz3wx20UcI18yfl4ZPAcOqResInXfOmmtYaoiLQDNe-lVZ0RewjnU,A Google user,https://play-lh.googleusercontent.com/EGemoI2NTXmTsBVtJqk8jxF9rh8ApRWfsIMQSt2uE4OcpQqbFu7f7NbTK05lx80nuSijCz7sc3a277R67g,One of my favs - x10,4,0,1.1.0,2011-04-20 21:32:06,,
lg:AOqpTOHPn8BP94N5VrOA6bsTORHpot4fZ23lR8Cbo67TU7ChILBd7x8uEyAQujcRxzrBcKH5r0EpE_ie3c1h2dY,A Google user,https://play-lh.googleusercontent.com/EGemoI2NTXmTsBVtJqk8jxF9rh8ApRWfsIMQSt2uE4OcpQqbFu7f7NbTK05lx80nuSijCz7sc3a277R67g,I want it back,5,1,1.1.0,2011-04-15 12:33:55,,
lg:AOqpTOGobHg9YfHfqin8qtqx3Y8vqxTh4bp-6OQX4UX8etGLyg_m-RiaAVYMaETYQ7hoDQunwb-fNBJM-rEzG3s,A Google user,https://play-lh.googleusercontent.com/EGemoI2NTXmTsBVtJqk8jxF9rh8ApRWfsIMQSt2uE4OcpQqbFu7f7NbTK05lx80nuSijCz7sc3a277R67g,Great game,5,1,1.1.0,2011-04-10 22:07:05,,
lg:AOqpTOH_CJ4gg7qaLV_UrtUQ4P9_FwzbWydmH1Pds_j1V-uSlll4MCcen6S4vEfPvW0Yqr1UcgR3fY-1xEPgfL0,A Google user,https://play-lh.googleusercontent.com/EGemoI2NTXmTsBVtJqk8jxF9rh8ApRWfsIMQSt2uE4OcpQqbFu7f7NbTK05lx80nuSijCz7sc3a277R67g,I am definitely addicted to this game. Lots of fun..always something new to look forward to in each level..,5,0,1.1.0,2011-04-03 13:23:43,,
lg:AOqpTOGdGhZOmZC-xPHLqa2mS5KIo2sx9c5ZyyLnikODaEr1XERAr5jjUhaahcdVTIiHqHQLcXIKLYLSAJiBnoM,A Google user,https://play-lh.googleusercontent.com/EGemoI2NTXmTsBVtJqk8jxF9rh8ApRWfsIMQSt2uE4OcpQqbFu7f7NbTK05lx80nuSijCz7sc3a277R67g,Three thumbs up! Extremly fun!,5,0,1.1.0,2011-04-02 08:42:09,,
lg:AOqpTOGELYoOgQS3zKsN57q6DSybOb-iQStLc4UejCcdAfvCYn0bYykyu1I4uo3VgH88C_4RmOLlBlA81qaWc2o,A Google user,https://play-lh.googleusercontent.com/EGemoI2NTXmTsBVtJqk8jxF9rh8ApRWfsIMQSt2uE4OcpQqbFu7f7NbTK05lx80nuSijCz7sc3a277R67g,I luv this game! Totally addicted.,5,0,1.0.8,2011-03-28 17:02:30,,
lg:AOqpTOH0d8UoG-fXBnpGhBQosFcchVJAV-RvafP2cFhGTKw7amDz7UCJ80KPv6pwKmmZxnUD3qxqElWzfD0k57A,A Google user,https://play-lh.googleusercontent.com/EGemoI2NTXmTsBVtJqk8jxF9rh8ApRWfsIMQSt2uE4OcpQqbFu7f7NbTK05lx80nuSijCz7sc3a277R67g,Definitely an excellent game. Very addicting and fun!,5,1,1.1.0,2011-03-22 20:24:54,,
lg:AOqpTOGKxzxPc3IjjfCC29McWHys9hpXIGpmuKggF1rvCBiM1knPNop-wCRISeB5xft97p_UIauAtwiAgEZi_x0,A Google user,https://play-lh.googleusercontent.com/EGemoI2NTXmTsBVtJqk8jxF9rh8ApRWfsIMQSt2uE4OcpQqbFu7f7NbTK05lx80nuSijCz7sc3a277R67g,I love the game,5,0,1.0.8,2011-03-17 08:41:28,,
lg:AOqpTOECk4U29Ba3jsgH4QPj5KbGpisRWKd62RaOxdRDjvv-3KvqfnsD4Leer7wId-CzumcZ8lwYyABeF9auLiQ,A Google user,https://play-lh.googleusercontent.com/EGemoI2NTXmTsBVtJqk8jxF9rh8ApRWfsIMQSt2uE4OcpQqbFu7f7NbTK05lx80nuSijCz7sc3a277R67g,No matter I do to my phone. Still get not enough memory to start the game. Had no problem with regular Jewlellust. Very frustrating,1,1,1.1.0,2011-03-15 17:47:36,,
lg:AOqpTOEwUVe2glXFXpWNb5-uTgZK3WqU_aja_I9jGCh3T0WTxHhG7_acvuzvsOJ5ss0r8S0P6l-MmoFnM914lVQ,A Google user,https://play-lh.googleusercontent.com/EGemoI2NTXmTsBVtJqk8jxF9rh8ApRWfsIMQSt2uE4OcpQqbFu7f7NbTK05lx80nuSijCz7sc3a277R67g,Love the game it pass time quickly,5,1,1.1.0,2011-03-14 21:40:56,,
lg:AOqpTOEO3Nt2xA5hgoTCnd24fQ5VkOhV-NPQCErAhVoyfYYtFNHIcfJb1rv0kLkxzA_tBYadWbUCGgmLab-UrLs,A Google user,https://play-lh.googleusercontent.com/EGemoI2NTXmTsBVtJqk8jxF9rh8ApRWfsIMQSt2uE4OcpQqbFu7f7NbTK05lx80nuSijCz7sc3a277R67g,Love this game,5,1,1.1.0,2011-03-09 19:12:59,,
lg:AOqpTOGApsjFkNKL0r-SAa7Y6SYI3ddMoh0-XI0JbxPwZ0uQCvM_VQwQwGXCCy41KmLxeAWbzyinessyl3cQSnI,A Google user,https://play-lh.googleusercontent.com/EGemoI2NTXmTsBVtJqk8jxF9rh8ApRWfsIMQSt2uE4OcpQqbFu7f7NbTK05lx80nuSijCz7sc3a277R67g,Very discouraging to try to get all of these Jewellust games downloaded. They wont help u out. You just have to figure it out.,2,1,1.0.8,2011-03-07 10:31:42,,
lg:AOqpTOFjgy3x2wGw0ykOwqQepPGeQiU51-uLQYNG6fHbvJbEpevRT59vinM3V4lsuHkX4EFpJQNSmzve7BDrpXk,A Google user,https://play-lh.googleusercontent.com/EGemoI2NTXmTsBVtJqk8jxF9rh8ApRWfsIMQSt2uE4OcpQqbFu7f7NbTK05lx80nuSijCz7sc3a277R67g,Terrific game! Samsung Fascinate Galaxy S. Thanks!,5,0,1.0.8,2011-03-06 02:33:58,,
lg:AOqpTOEO2qIzBZYyCjzi0S2mGZuWYkvNMegjg4Jp7gZVh7Cf-OGW6Wt2X8i00a9-FeP1cl59TbNnijYprdKwsls,A Google user,https://play-lh.googleusercontent.com/EGemoI2NTXmTsBVtJqk8jxF9rh8ApRWfsIMQSt2uE4OcpQqbFu7f7NbTK05lx80nuSijCz7sc3a277R67g,I love the game!! Not the problem __ I'm on level 35 and can't beat it. Been on it for two weeks and getting frustrated. Can u help?,5,0,1.0.8,2011-03-04 19:45:26,,
lg:AOqpTOF2liqV0BEY2Ur3LFnRx9YV_bg5E8TZ4fJBF3qIjrXgvVtrPBetFwNSjs1YAK_JQ5bHMo0SLkJjobMwBEg,A Google user,https://play-lh.googleusercontent.com/EGemoI2NTXmTsBVtJqk8jxF9rh8ApRWfsIMQSt2uE4OcpQqbFu7f7NbTK05lx80nuSijCz7sc3a277R67g,Great game..Very adicting....,5,0,1.0.8,2011-03-04 15:14:47,,
lg:AOqpTOFGytSdI0sihSiVgBnvAhLjHpfQgRTWDS8J5vdaIFnZQChd-9ZbM7tOJ5w3yzo3DUHM-s-pmFpi1HibJPM,A Google user,https://play-lh.googleusercontent.com/EGemoI2NTXmTsBVtJqk8jxF9rh8ApRWfsIMQSt2uE4OcpQqbFu7f7NbTK05lx80nuSijCz7sc3a277R67g,Bought this game when I got my first HTC many moons ago. Now playing it on Acer Liquid E & still love it. Try the Halloween edition. Great time-killer,5,1,1.0.8,2011-02-26 07:46:33,,
lg:AOqpTOEfVr2n6RdXd5ghRw7whOdKE8-IZ07WMB6PIqRPzymtrUOr9lmEcvVy8Q07CcEeKHraJUqnVKXcrd91PKM,A Google user,https://play-lh.googleusercontent.com/EGemoI2NTXmTsBVtJqk8jxF9rh8ApRWfsIMQSt2uE4OcpQqbFu7f7NbTK05lx80nuSijCz7sc3a277R67g,Very addictive and engaging game. Better than Bejeweled. Great UI and animation. I enjoyed it a lot. Keep up the good work.,5,0,1.0.8,2011-02-24 06:57:36,,
lg:AOqpTOHb1notUi_SnlAP_S5jRWYltPPJgItRYZ1IlSF6kLjrXTGETEVDoioRuGMxe09F18cu5QTZsHqMGKXCED0,A Google user,https://play-lh.googleusercontent.com/EGemoI2NTXmTsBVtJqk8jxF9rh8ApRWfsIMQSt2uE4OcpQqbFu7f7NbTK05lx80nuSijCz7sc3a277R67g,Love it but only got through level 1 and then it said it wasn't downloaded anymore and wont let me re-download...,0,0,1.0.8,2011-02-17 14:02:30,,
lg:AOqpTOHegecpe20skrFRgU53H5Os_VbUFq-Q_wKpUh9CCKL7XJB3uLDAgxt62O22rhIdktzRJ6Okc9aDEhKTW1c,A Google user,https://play-lh.googleusercontent.com/EGemoI2NTXmTsBVtJqk8jxF9rh8ApRWfsIMQSt2uE4OcpQqbFu7f7NbTK05lx80nuSijCz7sc3a277R67g,Cute. Love it!,5,2,1.0.8,2011-02-09 17:27:57,,
lg:AOqpTOFMmx5dMDgBTT0rG00DINbT6eXVGHeFKnGX45skExe7hQC4HpEDTVPpUXqM5ARg_hPdNuRnXNsacAXZzmU,A Google user,https://play-lh.googleusercontent.com/EGemoI2NTXmTsBVtJqk8jxF9rh8ApRWfsIMQSt2uE4OcpQqbFu7f7NbTK05lx80nuSijCz7sc3a277R67g,"Touch response lags slightly, calling for repeated touches on occasion but enjoyable game : )",4,3,1.0.8,2011-01-24 20:43:40,,
lg:AOqpTOEKNb286NQXGJTs4djHu7hNU7_0SpSMMZxwj2kyHhT8safFD2aBm3n0KEuca3uvUQs0alGrkpiLX93j08w,A Google user,https://play-lh.googleusercontent.com/EGemoI2NTXmTsBVtJqk8jxF9rh8ApRWfsIMQSt2uE4OcpQqbFu7f7NbTK05lx80nuSijCz7sc3a277R67g,Great game!,5,1,1.0.8,2011-01-23 20:58:11,,
lg:AOqpTOHzyGGyWsEcUKoNYDrns7Fm-gQvTnmvtiCn8g7PXTqMRXYiA5Qg1f89ug1VTIKsP6CWfCwNIxriguvVItg,A Google user,https://play-lh.googleusercontent.com/EGemoI2NTXmTsBVtJqk8jxF9rh8ApRWfsIMQSt2uE4OcpQqbFu7f7NbTK05lx80nuSijCz7sc3a277R67g,I love this app. Very addictive,5,0,1.0.8,2011-01-23 19:11:03,,
lg:AOqpTOHVZ9QweZw20lbJmWLhHiyKJBeAVPXQ8vzGICTEkPk0AcBTrAb6R0Hc0yPdpn-S8m-gQYTj3TtkDIihuDE,A Google user,https://play-lh.googleusercontent.com/EGemoI2NTXmTsBVtJqk8jxF9rh8ApRWfsIMQSt2uE4OcpQqbFu7f7NbTK05lx80nuSijCz7sc3a277R67g,Jewellust on Android is greatness! Addictive and quite fun.,5,1,1.0.8,2011-01-21 15:32:21,,
lg:AOqpTOGiGfWLk0f9VfySjs40AqSoeFuhvxpogdKBi3WTA2eATOjajxysW_1qz7giV1KKUVT3KyMmww4EQ9lFx1k,A Google user,https://play-lh.googleusercontent.com/EGemoI2NTXmTsBVtJqk8jxF9rh8ApRWfsIMQSt2uE4OcpQqbFu7f7NbTK05lx80nuSijCz7sc3a277R67g,I loved this game. Worked great until I downloaded an update. Now there is no sound available: Droid X. Now I just play without the chimes.,0,0,1.0.7,2011-01-20 01:13:07,,
lg:AOqpTOF4ZC5T1JkUXw43l3iBNwWsM5Yvke7AJsVZpm4iOEXpZLjsqzNQ6iaeElhTR1N_NOdrW28XpFBrqh-TLOs,A Google user,https://play-lh.googleusercontent.com/EGemoI2NTXmTsBVtJqk8jxF9rh8ApRWfsIMQSt2uE4OcpQqbFu7f7NbTK05lx80nuSijCz7sc3a277R67g,Love this game at first but it forces closed after about 30 seconds of play now.,1,0,1.0.8,2011-01-17 08:44:09,,
lg:AOqpTOFz0ZpX67P8_TAPy_tr8j4orWFoxwJYc12bxGTjxj-VrHDJI6OJKFHBKoyR-nXUcD0jjOljBzCp7RJuJ88,A Google user,https://play-lh.googleusercontent.com/EGemoI2NTXmTsBVtJqk8jxF9rh8ApRWfsIMQSt2uE4OcpQqbFu7f7NbTK05lx80nuSijCz7sc3a277R67g,Love this game. I just wish it had more levels. I went through it pretty quick.,5,1,1.0.8,2011-01-16 11:00:58,,
lg:AOqpTOEjSk0SHUh0mfdwjFSqE7ypNfkJvApWYBkkxhPHn1e7fnnRZzjrXkk-w44lkqpMY1fBI9vhD1hs-q3JSbg,A Google user,https://play-lh.googleusercontent.com/EGemoI2NTXmTsBVtJqk8jxF9rh8ApRWfsIMQSt2uE4OcpQqbFu7f7NbTK05lx80nuSijCz7sc3a277R67g,I'm addicted.,5,0,1.0.7,2011-01-15 23:54:56,,
lg:AOqpTOGqDPxVtsh2H1g8tQDVsMMUsSpR15HjMz-KQCFnJaC_pbITkGTpZWDZZO2gfIrBiYpPz1Mzj3I7uXDgl_I,A Google user,https://play-lh.googleusercontent.com/EGemoI2NTXmTsBVtJqk8jxF9rh8ApRWfsIMQSt2uE4OcpQqbFu7f7NbTK05lx80nuSijCz7sc3a277R67g,Cant get enough of this game,5,0,1.0.8,2011-01-15 19:43:07,,
lg:AOqpTOG4oJ7TqKBMKuzf_SAenviV_YO3h3vapOYzrEhS7s__ZngC4pIOuUWa46Coqg648IRHviwTg1SIyo3LKTM,A Google user,https://play-lh.googleusercontent.com/EGemoI2NTXmTsBVtJqk8jxF9rh8ApRWfsIMQSt2uE4OcpQqbFu7f7NbTK05lx80nuSijCz7sc3a277R67g,Very addictive really enjoy,5,1,1.0.8,2011-01-15 17:18:21,,
lg:AOqpTOGmpLsS1qQIZycUMjRAvvJX5L16tDegAxeorTBIzDQNbBl8xo_Ht38aq3xwcIvtaUhXAQ8tNJfNsUMSRWw,A Google user,https://play-lh.googleusercontent.com/EGemoI2NTXmTsBVtJqk8jxF9rh8ApRWfsIMQSt2uE4OcpQqbFu7f7NbTK05lx80nuSijCz7sc3a277R67g,"I love this game. Please add more levels and also add to the app store for iPhone, iPod, & ipad.",5,0,1.0.7,2011-01-15 10:38:59,,
lg:AOqpTOHFyCb1MLaXBJ8NGzjed0O6N3WnnPSCBTFy0dKrYS7uoSO6bJ06b7hzMHQOni-eM_q0wi9w7O-CT_ZQ_3o,A Google user,https://play-lh.googleusercontent.com/EGemoI2NTXmTsBVtJqk8jxF9rh8ApRWfsIMQSt2uE4OcpQqbFu7f7NbTK05lx80nuSijCz7sc3a277R67g,I installed a couple of weeks ago & suddenly it got stuck & would no longer work. Very disappointing since I paid for this app!,0,0,1.1.0,2011-01-14 10:57:41,,
lg:AOqpTOET7AoD80pqWuc5e57Qx1PIz5LfP3_RIGhf3ULI26Lq0b8_xwvAMjy6zHiZgPeC4uqm9RONi6B0J-OSmqo,A Google user,https://play-lh.googleusercontent.com/EGemoI2NTXmTsBVtJqk8jxF9rh8ApRWfsIMQSt2uE4OcpQqbFu7f7NbTK05lx80nuSijCz7sc3a277R67g,I really loved this game that.s why i bought the full version.,5,1,1.0.7,2011-01-13 19:42:59,,
lg:AOqpTOH5LrwKXQq2ydMkJR9Muo_sn5FIqVpDnNkkBjtb35YZHbe4RFqLCbIHo5ird58jPsHSSXxQXSLLxcjeamk,A Google user,https://play-lh.googleusercontent.com/EGemoI2NTXmTsBVtJqk8jxF9rh8ApRWfsIMQSt2uE4OcpQqbFu7f7NbTK05lx80nuSijCz7sc3a277R67g,So uber addictive!!! I love it! Bought full version..despite problem with no sound...hope it gets resolved with update!,5,3,1.0.7,2011-01-11 15:05:40,,
lg:AOqpTOEptZ_xF7JNnXg40cuG5vqjkIhDUaDjw4sykKnEDaipwFjtRzbbDW6LNS8ElJ4aQnGFbYsJyA4_6GdkYYQ,A Google user,https://play-lh.googleusercontent.com/EGemoI2NTXmTsBVtJqk8jxF9rh8ApRWfsIMQSt2uE4OcpQqbFu7f7NbTK05lx80nuSijCz7sc3a277R67g,Love love love this game!!,5,0,1.0.7,2011-01-09 10:03:43,,
lg:AOqpTOEozj2S6v3zPcbE1IP-GgfoB4bKNIiKwFp5UMQuTxUBJ2mNF64Qs_hxqC8RXYna5tXde-CrKioKUN-lEpk,A Google user,https://play-lh.googleusercontent.com/EGemoI2NTXmTsBVtJqk8jxF9rh8ApRWfsIMQSt2uE4OcpQqbFu7f7NbTK05lx80nuSijCz7sc3a277R67g,Loved it!,5,2,1.0.7,2011-01-07 22:00:17,,
lg:AOqpTOEnp9ZLd1VGc5gmjOELwS_n3DFfK49mtZUgX5tUhu5E_K2K46_unm8_ry8AodBWh2SAcPDEZ1J1Tud4dNw,A Google user,https://play-lh.googleusercontent.com/EGemoI2NTXmTsBVtJqk8jxF9rh8ApRWfsIMQSt2uE4OcpQqbFu7f7NbTK05lx80nuSijCz7sc3a277R67g,"Purchased game, never been able to play and no help or refund. This company is a scam. Pay money- no game, thanks for nothing.",0,0,1.1.3,2011-01-07 11:37:05,,
lg:AOqpTOF6ekiOZejxiL8d8hKcds3Lc2CNuwzpN11PU4r--18tcUA_9HiImMmdRgrJNWomuMTqJyL5Vd3TA2wO9lA,A Google user,https://play-lh.googleusercontent.com/EGemoI2NTXmTsBVtJqk8jxF9rh8ApRWfsIMQSt2uE4OcpQqbFu7f7NbTK05lx80nuSijCz7sc3a277R67g,Nina,0,1,1.0.7,2011-01-05 21:04:32,,
lg:AOqpTOHgr0_PaYBiWz-xLKuYslKls-iKZsxcPwlaK6aREqgRFkqfsN6aLBYCtkdJKHKqLTLZSoZ-sTRo_0yqRxs,A Google user,https://play-lh.googleusercontent.com/EGemoI2NTXmTsBVtJqk8jxF9rh8ApRWfsIMQSt2uE4OcpQqbFu7f7NbTK05lx80nuSijCz7sc3a277R67g,Addictive game!!!,5,0,1.0.5,2011-01-04 19:37:20,,
lg:AOqpTOGVVeeHy5GanYi2uotxnwsdo7h6vdgbu7zH7eg6e0ZgwaYP4fMNrovNRU9m3Uf_eR0SNFVydpqPQmZgtZY,A Google user,https://play-lh.googleusercontent.com/EGemoI2NTXmTsBVtJqk8jxF9rh8ApRWfsIMQSt2uE4OcpQqbFu7f7NbTK05lx80nuSijCz7sc3a277R67g,Very cool game. Music and sound effects are very cool.,5,1,1.0.7,2011-01-02 11:43:32,,
lg:AOqpTOG17YYyQGY6SLShQC4JczNofIKqvtCdVpuwW1uyuMjn9QC2m_MzgBH2tj8ZR1Jjn_8wQ1QPyrCNSajJ0_s,A Google user,https://play-lh.googleusercontent.com/EGemoI2NTXmTsBVtJqk8jxF9rh8ApRWfsIMQSt2uE4OcpQqbFu7f7NbTK05lx80nuSijCz7sc3a277R67g,I am hooked on this game. I play for hours and lose track of time!,5,0,1.0.7,2011-01-02 10:41:29,,
lg:AOqpTOF5dltXiwp9QcgIHcLGO8VlW3-djgXIqdOQY466Hb8jMu_tCoiZL8KerovOc6CBva0qN1DaqiCv2jh97n8,A Google user,https://play-lh.googleusercontent.com/EGemoI2NTXmTsBVtJqk8jxF9rh8ApRWfsIMQSt2uE4OcpQqbFu7f7NbTK05lx80nuSijCz7sc3a277R67g,"Love the regular Jewellust (completed game many times!) And this one. Beautiful graphics, fun game - a challenge but not frustratingly so.",5,1,1.0.7,2010-12-31 23:37:59,,
lg:AOqpTOFm9LXtN8r2rvPg2spPmCeDrHn9QmJH_19CCIonpFaNmCj8HWb8JOGvEvm1cSvkNbtxUcI3J4CAsSz0LsU,A Google user,https://play-lh.googleusercontent.com/EGemoI2NTXmTsBVtJqk8jxF9rh8ApRWfsIMQSt2uE4OcpQqbFu7f7NbTK05lx80nuSijCz7sc3a277R67g,The best,0,0,1.1.0,2010-12-30 05:36:09,,
lg:AOqpTOHq8Xc-D_OI5qmdDUqJFAjBzjFLqBb6bJdjyHZeN4NKl2ObSjVR2BEAFDgR0wjr-87zxkmfiAvsPh__LFw,A Google user,https://play-lh.googleusercontent.com/EGemoI2NTXmTsBVtJqk8jxF9rh8ApRWfsIMQSt2uE4OcpQqbFu7f7NbTK05lx80nuSijCz7sc3a277R67g,Love it!!!!,5,1,1.0.7,2010-12-28 19:15:16,,
lg:AOqpTOHf5i1QPAZTf220W_eAPpDAiEHAdjTZq_U6-LLVeC4OfdOhMaJ05kLWvILwkMb3OcsW8Ef1iTNKvoaOZ9A,A Google user,https://play-lh.googleusercontent.com/EGemoI2NTXmTsBVtJqk8jxF9rh8ApRWfsIMQSt2uE4OcpQqbFu7f7NbTK05lx80nuSijCz7sc3a277R67g,Love this game a bit of a challenge but not too much and graphics very pretty,5,1,1.0.7,2010-12-28 00:43:15,,
lg:AOqpTOHHx5x79-JRtH23hPX3-gvJXngdRbiUZiuCahHJdDUo-cPmsc71uKqSZxIT3p6itUT95kPA0pqIxuf3S1U,A Google user,https://play-lh.googleusercontent.com/EGemoI2NTXmTsBVtJqk8jxF9rh8ApRWfsIMQSt2uE4OcpQqbFu7f7NbTK05lx80nuSijCz7sc3a277R67g,Fun!!,5,0,1.0.7,2010-12-27 16:10:15,,
lg:AOqpTOEhWuTDoM2PGfc-U_ACW9fDESUFu3k7A-tHsH-z9bJPKAqUfN7IrmDwH0jG6FzJj2kPAIL5JIuJDt5bn_w,A Google user,https://play-lh.googleusercontent.com/EGemoI2NTXmTsBVtJqk8jxF9rh8ApRWfsIMQSt2uE4OcpQqbFu7f7NbTK05lx80nuSijCz7sc3a277R67g,"Excellent game, love it",5,0,1.0.7,2010-12-25 10:42:48,,
lg:AOqpTOFtR7RR4gGY1385nuN1gqnoWpTw9sKotlK2KldKNhwLxQxQoYqjQVRKOOe9-LvhcwZRC6WGxl8_7Xo_E28,A Google user,https://play-lh.googleusercontent.com/EGemoI2NTXmTsBVtJqk8jxF9rh8ApRWfsIMQSt2uE4OcpQqbFu7f7NbTK05lx80nuSijCz7sc3a277R67g,Brilliant.,5,0,1.0.7,2010-12-24 16:42:32,,
lg:AOqpTOGhno6LBmeCyJRvOlJ6Kl61lwXcdee9tOfFSePhtaKZA7TXttahM09xlyNZI6faQoRy3wl0387AGcDROq4,A Google user,https://play-lh.googleusercontent.com/EGemoI2NTXmTsBVtJqk8jxF9rh8ApRWfsIMQSt2uE4OcpQqbFu7f7NbTK05lx80nuSijCz7sc3a277R67g,Love it,4,0,1.0.7,2010-12-23 17:35:14,,
lg:AOqpTOHZQ7gdMY2OPSUfUSCTD2eKKtq4e4MMFmDrCLJMM3w6_MQX2fkhTEWdzvpeQOIuTXxeQMm7zh4q_alyz1I,A Google user,https://play-lh.googleusercontent.com/EGemoI2NTXmTsBVtJqk8jxF9rh8ApRWfsIMQSt2uE4OcpQqbFu7f7NbTK05lx80nuSijCz7sc3a277R67g,Why I have to be connected to market when in underground and there is no reception?,1,0,1.0.7,2010-12-23 11:57:22,,
lg:AOqpTOESzv_73q5jbjDZzNO78uM8ZELw0iJiwhThK4PAB_Wcj5pwgID_3_eRuOSAeVbyxJpnOM8DFnqv-C-92r0,A Google user,https://play-lh.googleusercontent.com/EGemoI2NTXmTsBVtJqk8jxF9rh8ApRWfsIMQSt2uE4OcpQqbFu7f7NbTK05lx80nuSijCz7sc3a277R67g,Very addictive! Love it!,5,1,1.0.7,2010-12-23 00:16:42,,
lg:AOqpTOF3VEg9hKUmZwr-92xCv53676tdodkMGUFACnkpmLevmpl0aRPIreGqsGl9ACmWXNp8qUbJqAmVSlTx0pY,A Google user,https://play-lh.googleusercontent.com/EGemoI2NTXmTsBVtJqk8jxF9rh8ApRWfsIMQSt2uE4OcpQqbFu7f7NbTK05lx80nuSijCz7sc3a277R67g,The best game ever,5,0,1.0.7,2010-12-22 23:00:22,,
lg:AOqpTOF57urCTydSzDwFSl0FMUsYYXmR0RiAML5V1qTR7zuumllVQZBtqfj5j8skv2Xy88GcQb15EpCtOimRKpg,A Google user,https://play-lh.googleusercontent.com/EGemoI2NTXmTsBVtJqk8jxF9rh8ApRWfsIMQSt2uE4OcpQqbFu7f7NbTK05lx80nuSijCz7sc3a277R67g,Why couldn't it be refu nded ?,0,0,1.0.7,2010-12-22 05:21:10,,
lg:AOqpTOEeZG_0pVp2Hmvu3RpRbJOtkFTo4yO9kHlIcrOmC6ePtiplGblsbae7HZR2vsWWoFigx1-ccqi0hvug2rw,A Google user,https://play-lh.googleusercontent.com/EGemoI2NTXmTsBVtJqk8jxF9rh8ApRWfsIMQSt2uE4OcpQqbFu7f7NbTK05lx80nuSijCz7sc3a277R67g,Addicting!,5,1,1.0.4,2010-12-21 03:12:08,,
lg:AOqpTOFuHxsyHwPY5tARgIUi9LHfiKuL4sX1n7b-B4Sa0EyrNdujGQa3kevbgeuOlo5IUk3dofIVcnrvbsDGH7k,A Google user,https://play-lh.googleusercontent.com/EGemoI2NTXmTsBVtJqk8jxF9rh8ApRWfsIMQSt2uE4OcpQqbFu7f7NbTK05lx80nuSijCz7sc3a277R67g,"Loved the ""lite""... bought it... nothing. What a rip off.",1,1,1.0.7,2010-12-19 19:53:35,,
lg:AOqpTOFGUJ8NcxERkT7nFNE28FM4Gq92ZYtYrN2zNRPKz8bbu7Qd3MvJkulKVb7qwJHgwWsn5jdW7Jl5kUAtdyk,A Google user,https://play-lh.googleusercontent.com/EGemoI2NTXmTsBVtJqk8jxF9rh8ApRWfsIMQSt2uE4OcpQqbFu7f7NbTK05lx80nuSijCz7sc3a277R67g,Great fun. Even my 3&4 yr olds love it!,5,1,1.0.7,2010-12-19 16:09:25,,
lg:AOqpTOHmq-lguD8ueANviY-XOTJIhO-qXsmGJvRdj-lVOV7hG_W7DZRsKTTXVfLCmYYp60owPKRmf1ucolj7MMA,A Google user,https://play-lh.googleusercontent.com/EGemoI2NTXmTsBVtJqk8jxF9rh8ApRWfsIMQSt2uE4OcpQqbFu7f7NbTK05lx80nuSijCz7sc3a277R67g,Like it lots. Keeps me busy for quite a while..,4,0,1.0.5,2010-12-19 11:47:04,,
lg:AOqpTOGvPB4FLrWJFDkJBnEAaF97sV7HCDdM2DmcP7FPDGMleHpBjNF2c8YCT6m0HhT9tkRTeEzu_wIG7dwBfZw,A Google user,https://play-lh.googleusercontent.com/EGemoI2NTXmTsBVtJqk8jxF9rh8ApRWfsIMQSt2uE4OcpQqbFu7f7NbTK05lx80nuSijCz7sc3a277R67g,Won't update on HTC Incredible. Error 18,1,1,1.0.7,2010-12-19 10:06:13,,
lg:AOqpTOHPaEtGczVtfVk3-LVh_wgNWCkbklzAIpKkzDCIC_3VpaetBtdbzQepMlXthuWR0ax_Sdce5fZRsdMqA4I,A Google user,https://play-lh.googleusercontent.com/EGemoI2NTXmTsBVtJqk8jxF9rh8ApRWfsIMQSt2uE4OcpQqbFu7f7NbTK05lx80nuSijCz7sc3a277R67g,Cant stop playing it. Love it!!!,5,0,1.0.7,2010-12-19 07:54:38,,
lg:AOqpTOEw86INzT3WopXR08MD6-NoEcJBEAtF7q-_Ana8VyblyR_ZuvscG4kcG64Kali_DQLeGsSQXoWmb6cF6JU,A Google user,https://play-lh.googleusercontent.com/EGemoI2NTXmTsBVtJqk8jxF9rh8ApRWfsIMQSt2uE4OcpQqbFu7f7NbTK05lx80nuSijCz7sc3a277R67g,"The BEST better than original game. I usually dont buy games,but Idid but this 1..awesome. Its short though 3 days n I already beat the game.",5,0,1.0.7,2010-12-18 12:55:07,,
lg:AOqpTOGPCnK4QcyK2jnKdwZWwtUgIXPdyRr_q8A2z3Rhx2lkDsvdNcvEUwacMEfA1ilSUkM1FVtVeMS7j-yyAE0,A Google user,https://play-lh.googleusercontent.com/EGemoI2NTXmTsBVtJqk8jxF9rh8ApRWfsIMQSt2uE4OcpQqbFu7f7NbTK05lx80nuSijCz7sc3a277R67g,I have been hooked on this game ever since i got it and i even got all the othe variation of it from the same maker thank you =),5,2,1.0.7,2010-12-17 23:44:38,,
lg:AOqpTOHaAgrWiefxrUU82WPH8Y7b0_BQgA_J7fAJy-eRoX8EYajro--4HiWRg_pggaRjY1moxJea1NZgMM9H40c,A Google user,https://play-lh.googleusercontent.com/EGemoI2NTXmTsBVtJqk8jxF9rh8ApRWfsIMQSt2uE4OcpQqbFu7f7NbTK05lx80nuSijCz7sc3a277R67g,I used it for a few days and loved it but now its frozen on home page. I want a refund or a fix,1,3,1.0.7,2010-12-17 14:30:07,,
lg:AOqpTOG0MOGgUn2lg9QrZ1NBOC5rTf7Rc5JMgAbIknDTXHs6UitVBrLZhV717vnXLi-z5n4OLge9D7yPxSvL5E0,A Google user,https://play-lh.googleusercontent.com/EGemoI2NTXmTsBVtJqk8jxF9rh8ApRWfsIMQSt2uE4OcpQqbFu7f7NbTK05lx80nuSijCz7sc3a277R67g,I keep getting error message before game starts. I want refund!,1,4,1.0.6,2010-12-15 02:45:33,,
lg:AOqpTOENc4UnetvNgE7aMBAVOoYA7Aip8S24fdONEoG8-itU4C_O5Do0mvSoxdafQEkEAgLdCNmKxmWX-jkuyLk,A Google user,https://play-lh.googleusercontent.com/EGemoI2NTXmTsBVtJqk8jxF9rh8ApRWfsIMQSt2uE4OcpQqbFu7f7NbTK05lx80nuSijCz7sc3a277R67g,Love the game but what music does it play???? No sound on a Fascinate.,4,3,1.0.6,2010-12-11 10:02:56,,
lg:AOqpTOGv2_2D5Db3fVhpEw8SdRVX8RRsH3KTr1TG-iWgzPArecZmfnX11-slilahCaeLwSnXvCe2gCFBOC-1eCM,A Google user,https://play-lh.googleusercontent.com/EGemoI2NTXmTsBVtJqk8jxF9rh8ApRWfsIMQSt2uE4OcpQqbFu7f7NbTK05lx80nuSijCz7sc3a277R67g,Sound gone after update,1,2,1.0.6,2010-12-10 09:59:10,,
lg:AOqpTOF8Qcnk0EKSAYSQSdPfhIiNsDIVpXCXhIZ7g3Is1WH96j65Turg-T7jsyeFrtbEKGjTncurtHCmyDaqLNk,A Google user,https://play-lh.googleusercontent.com/EGemoI2NTXmTsBVtJqk8jxF9rh8ApRWfsIMQSt2uE4OcpQqbFu7f7NbTK05lx80nuSijCz7sc3a277R67g,Sound fixed :),5,1,1.0.6,2010-12-10 06:42:08,,
lg:AOqpTOGfV4YeEvly6KKwFQUN8kHe1axkpOPYViBymLOOIVU8z4NBB4YgROg56p_6Ugj1shKywm-V6TOanzYNTao,A Google user,https://play-lh.googleusercontent.com/EGemoI2NTXmTsBVtJqk8jxF9rh8ApRWfsIMQSt2uE4OcpQqbFu7f7NbTK05lx80nuSijCz7sc3a277R67g,Force closes after last update. No customer support.,1,2,1.0.6,2010-12-09 15:38:19,,
lg:AOqpTOFq0plqjKfeDT__hQF7z-gNYf_hlr87r-HIkY59qeV79OCjyojUOnM94-w8LJneAOgF_lbQ62ralfaoLsI,A Google user,https://play-lh.googleusercontent.com/EGemoI2NTXmTsBVtJqk8jxF9rh8ApRWfsIMQSt2uE4OcpQqbFu7f7NbTK05lx80nuSijCz7sc3a277R67g,"Great game, works fine for me. Sounds are pure magic! All 7 notes!",5,1,1.0.6,2010-12-07 01:02:49,,
lg:AOqpTOF6alFlnhiTjgAg2glOMSZPzwlBb60ap4CgrPBjbc32PsyRRJp1u4C_8j0Cgjk04LqZGVp5ZLwFzNkQCHw,A Google user,https://play-lh.googleusercontent.com/EGemoI2NTXmTsBVtJqk8jxF9rh8ApRWfsIMQSt2uE4OcpQqbFu7f7NbTK05lx80nuSijCz7sc3a277R67g,"Why do I keep getting ""Force Close""? I just bought this!",1,0,1.0.6,2010-12-06 16:11:07,,
lg:AOqpTOG7oYlCJhTvQPORsm6tBTCn0jYDqEUO4MgcPW9mmFlJJIMlrbQlMRYfNCxN-XV16hh0n4SPtlrwt8G1uAM,A Google user,https://play-lh.googleusercontent.com/EGemoI2NTXmTsBVtJqk8jxF9rh8ApRWfsIMQSt2uE4OcpQqbFu7f7NbTK05lx80nuSijCz7sc3a277R67g,Just did the upgrade and now getting force close before the game will load...this is a paid app...refund refund refund my $$$$!!!!,1,3,1.0.6,2010-12-06 15:26:43,,
lg:AOqpTOEwQg7t8K4gfCZgGsy-uZ6ddg_BS4qZX69DfJvgvj9dey4dhC7TtSDG-ES14MavYDFHNG6W6-PVvgajCKI,A Google user,https://play-lh.googleusercontent.com/EGemoI2NTXmTsBVtJqk8jxF9rh8ApRWfsIMQSt2uE4OcpQqbFu7f7NbTK05lx80nuSijCz7sc3a277R67g,Force closes after last update and now cant play it,1,0,1.0.6,2010-12-06 15:10:34,,
lg:AOqpTOFeJsHTCZfS07f-V5iiKJpi9WkcP1RoV3Ekb4EnloV4Of14hW6ylrzNm54HfUPOQO6RklefX5nLSxdL5zw,A Google user,https://play-lh.googleusercontent.com/EGemoI2NTXmTsBVtJqk8jxF9rh8ApRWfsIMQSt2uE4OcpQqbFu7f7NbTK05lx80nuSijCz7sc3a277R67g,It doesn't work. Don't waste your money.,1,0,1.0.6,2010-12-06 13:48:31,,
lg:AOqpTOHkKkTVvYFd2_bLBj2JZWOjaTQZPV4T1_H7JQDS00Mw6Y3Kis4vctyVBsV8Ufi1W8T8677aVI3Sesn4RZU,A Google user,https://play-lh.googleusercontent.com/EGemoI2NTXmTsBVtJqk8jxF9rh8ApRWfsIMQSt2uE4OcpQqbFu7f7NbTK05lx80nuSijCz7sc3a277R67g,"Force closes every time I open. Ran wonderful at first. Need update to fix problem on HTC hero. Uninstalled-reinstalled, no help, refund time",1,0,1.0.6,2010-12-06 13:26:29,,
lg:AOqpTOESBHxYoOwgmG35xg97nnXu4T89EMYajzfSQjnJ7Rip8GySOW560yT8wiQzbmsp2H7lqWlc4WhLbZwLuys,A Google user,https://play-lh.googleusercontent.com/EGemoI2NTXmTsBVtJqk8jxF9rh8ApRWfsIMQSt2uE4OcpQqbFu7f7NbTK05lx80nuSijCz7sc3a277R67g,Really like the game...not happy that it is not working after last update.,4,1,1.0.6,2010-12-06 12:02:32,,
lg:AOqpTOFWxdI1-C9aOvVvzR5FCZzEf5OaPDmBOA9OnJ2tZc0XgbH3Yfgjmgql57NR1LMo2oCoP8KEC_C8G4DtpEY,A Google user,https://play-lh.googleusercontent.com/EGemoI2NTXmTsBVtJqk8jxF9rh8ApRWfsIMQSt2uE4OcpQqbFu7f7NbTK05lx80nuSijCz7sc3a277R67g,Holiday fun. Need more levels please. *<]:-) ho Ho HO!,4,0,1.0.6,2010-12-06 08:51:51,,
lg:AOqpTOGTwVoUYHxlCvbyG9l_HFRMx8p4GLx7YnXMYyPWBWMtOY2sNoONE46FOKYB7itJdEVPIfbkk2NcSvJC3vk,A Google user,https://play-lh.googleusercontent.com/EGemoI2NTXmTsBVtJqk8jxF9rh8ApRWfsIMQSt2uE4OcpQqbFu7f7NbTK05lx80nuSijCz7sc3a277R67g,Downloaded new update lost all sound to game ???,3,2,1.0.6,2010-12-06 05:53:22,,
lg:AOqpTOGATVaptjpx-3lK5WT8guDW7f3wCZvtRwM0qPgxhTry13RR3FQG3Fd6wFgYddi8a4lSFAPahyV6F7MMh3w,A Google user,https://play-lh.googleusercontent.com/EGemoI2NTXmTsBVtJqk8jxF9rh8ApRWfsIMQSt2uE4OcpQqbFu7f7NbTK05lx80nuSijCz7sc3a277R67g,Great addictive game. Puts me in holiday spirits.,5,0,1.0.6,2010-12-05 23:28:24,,
lg:AOqpTOHeFqxc7Se-aYNTaKJUpISYpyhMWCBgGqULxhVvtjKt8MgraYc3Z3gttWOREuHgpCUkvEZFCLpWgurVB14,A Google user,https://play-lh.googleusercontent.com/EGemoI2NTXmTsBVtJqk8jxF9rh8ApRWfsIMQSt2uE4OcpQqbFu7f7NbTK05lx80nuSijCz7sc3a277R67g,"Great game but sound now gone after latest update, (HTC Desire)",4,1,1.0.6,2010-12-05 11:44:49,,
lg:AOqpTOHGEUqac0ylPIg7l43K5TfASrY7eOO5UqpXJfHbIFMR7JrkFRUHCZbaRhMzm3HVQIyKTSx2ff5OSdkL90k,A Google user,https://play-lh.googleusercontent.com/EGemoI2NTXmTsBVtJqk8jxF9rh8ApRWfsIMQSt2uE4OcpQqbFu7f7NbTK05lx80nuSijCz7sc3a277R67g,Totally addicted! Great game.,5,1,1.0.6,2010-12-05 07:36:30,,
lg:AOqpTOH-5ETv2CA9cdsXyWK_6--V3ucrkltDViEbTUeYdzLAuKk2GBaXIrsbeSZitD0m-e2nDtnR56-e1RrUW8E,A Google user,https://play-lh.googleusercontent.com/EGemoI2NTXmTsBVtJqk8jxF9rh8ApRWfsIMQSt2uE4OcpQqbFu7f7NbTK05lx80nuSijCz7sc3a277R67g,Great game.. runs 100% perfect on nexus one,5,1,1.0.6,2010-12-04 19:18:37,,
lg:AOqpTOGTIz5Kt6HDUP0t51V7SUCIVIXIFMgfDtf-90n_yGtDRqsA1YBk0JC6-lX2uhhklfJDo4PDaSQEEzcam7M,A Google user,https://play-lh.googleusercontent.com/EGemoI2NTXmTsBVtJqk8jxF9rh8ApRWfsIMQSt2uE4OcpQqbFu7f7NbTK05lx80nuSijCz7sc3a277R67g,Great game but sound is gone on my Droid Eris.,4,1,1.0.6,2010-12-04 12:19:29,,
lg:AOqpTOH6SVbg5pu73c1gHWVG-DJg5e4DXIGgoBDzkInj_yXl3ANwPTJHoeQZDJl9_XfrxHs0YpjEc_HkjRXbQWc,A Google user,https://play-lh.googleusercontent.com/EGemoI2NTXmTsBVtJqk8jxF9rh8ApRWfsIMQSt2uE4OcpQqbFu7f7NbTK05lx80nuSijCz7sc3a277R67g,"Fun game, works great on my touch 4g.",5,0,1.0.6,2010-12-03 23:22:58,,
lg:AOqpTOFm7GalEstWwWSv_6mJJdtzyAUl9pZfU42sMe_tPHmzYY0dDtqOtTDv1sDLzrnJ18MLzh2LMzvb9uReNCQ,A Google user,https://play-lh.googleusercontent.com/EGemoI2NTXmTsBVtJqk8jxF9rh8ApRWfsIMQSt2uE4OcpQqbFu7f7NbTK05lx80nuSijCz7sc3a277R67g,"This game has lots of quirks which needs to be dealt with. I have no sound, sometimes the graphics are HUGE, the sounds I thought made the game fun.",2,1,1.0.6,2010-12-03 18:59:51,,
lg:AOqpTOEdw4lZmrK_JcOxVP1FO5Mu-GIdU4n0Bt98vjgqb6VOOP3m7Z136Yhd9lx7DYYHol2LWLG7Rgzn96vC6ow,A Google user,https://play-lh.googleusercontent.com/EGemoI2NTXmTsBVtJqk8jxF9rh8ApRWfsIMQSt2uE4OcpQqbFu7f7NbTK05lx80nuSijCz7sc3a277R67g,Unable to use,5,1,1.0.5,2010-11-30 19:56:34,,
lg:AOqpTOHKXjXzTL1nyYIsYnRgdIftHyqR9q2VOsJ4i0_DESml7paHDPAWJQG_O-_O2KSXa3J5qBpxRvs5tT95s-c,A Google user,https://play-lh.googleusercontent.com/EGemoI2NTXmTsBVtJqk8jxF9rh8ApRWfsIMQSt2uE4OcpQqbFu7f7NbTK05lx80nuSijCz7sc3a277R67g,Love this game. Works great. A must have.,5,0,1.0.5,2010-11-30 19:29:10,,
lg:AOqpTOHcWxbWTuObkH9ctX3aOmbcsh3F_JAvc7Yq8Ew0Ev-qIdhCKBdCTJzl87swlGXyWBIMa35yBHw4dlCwB-o,A Google user,https://play-lh.googleusercontent.com/EGemoI2NTXmTsBVtJqk8jxF9rh8ApRWfsIMQSt2uE4OcpQqbFu7f7NbTK05lx80nuSijCz7sc3a277R67g,I love this !!!!,5,0,1.0.5,2010-11-30 08:39:51,,
lg:AOqpTOHsQFkVrgVmiS1l9MGCqyP-37dHfHmWQ3LZBUrKv4OZUrPqPvO70s6MUcIbVj5ml45pQlEZ0biEQYePWRg,A Google user,https://play-lh.googleusercontent.com/EGemoI2NTXmTsBVtJqk8jxF9rh8ApRWfsIMQSt2uE4OcpQqbFu7f7NbTK05lx80nuSijCz7sc3a277R67g,This is it,5,0,1.0.5,2010-11-30 02:53:49,,
lg:AOqpTOFyoncmrxb3FEUQuqEn_zw0jgsW5xz7GgDqjfH1LWGOewNXuZYyEPp3YD2VrQuMpO21pjiF4Qj2WjabCnc,A Google user,https://play-lh.googleusercontent.com/EGemoI2NTXmTsBVtJqk8jxF9rh8ApRWfsIMQSt2uE4OcpQqbFu7f7NbTK05lx80nuSijCz7sc3a277R67g,Fun and festive. First game I've actually paid for full version.,5,0,1.0.5,2010-11-28 12:42:52,,
lg:AOqpTOHbG8GN2BwLFRIalzXZFV44I-8SOwa__cHEPju6ToCp9Ocd40rwpwLYd0MvexYKGv7IEK1aU81OiiQ1IGQ,A Google user,https://play-lh.googleusercontent.com/EGemoI2NTXmTsBVtJqk8jxF9rh8ApRWfsIMQSt2uE4OcpQqbFu7f7NbTK05lx80nuSijCz7sc3a277R67g,Ace I love it!,5,0,1.0.5,2010-11-28 08:45:47,,
lg:AOqpTOG9YkNCMrsRaOjLjEjXlzOXfMY4xgyHdSQMaokHQPtMzkbi2TMQCA-WUkWxwYJSgpkvmnW1aFlL5R1RDWY,A Google user,https://play-lh.googleusercontent.com/EGemoI2NTXmTsBVtJqk8jxF9rh8ApRWfsIMQSt2uE4OcpQqbFu7f7NbTK05lx80nuSijCz7sc3a277R67g,Keeps the kiddos busy :),5,0,1.0.4,2010-11-28 08:25:48,,
lg:AOqpTOGMHsgFb2ziZJYDW0mMEGdzlwWaLnEZZ3yahCEbusPUV_pnc_N2EhmPRFRyDzz_qt5FaFsFSjf1rZirUlQ,A Google user,https://play-lh.googleusercontent.com/EGemoI2NTXmTsBVtJqk8jxF9rh8ApRWfsIMQSt2uE4OcpQqbFu7f7NbTK05lx80nuSijCz7sc3a277R67g,Use to love playing this game but now it's not working paid for full version I have robbed,1,2,1.0.4,2010-11-24 01:58:52,,
lg:AOqpTOGxY1jDXKnho5c56JvClARNTysY3E9DtKK6yAgqLQ-HccoBPSRPFco6IRp-rSdrbjHYLsyGE7sg7fHqkd0,A Google user,https://play-lh.googleusercontent.com/EGemoI2NTXmTsBVtJqk8jxF9rh8ApRWfsIMQSt2uE4OcpQqbFu7f7NbTK05lx80nuSijCz7sc3a277R67g,Bought yesterday n can't put down. So fun n addicting.,5,1,1.0.4,2010-11-23 14:21:58,,
lg:AOqpTOFV4OtOXzIH2bJsuj2Jr3Qd9IgViHAN6lIhdq2mHb6LtlBfnOO2okEvcJs1zTubzO63i_oU3MRd94grjJM,A Google user,https://play-lh.googleusercontent.com/EGemoI2NTXmTsBVtJqk8jxF9rh8ApRWfsIMQSt2uE4OcpQqbFu7f7NbTK05lx80nuSijCz7sc3a277R67g,Best game ever!,5,1,1.0.4,2010-11-22 03:03:00,,
lg:AOqpTOFEFNcYo6-dTXDyp1rGLBcRvN3wehvAphcEnXAgWggDIrVkpt903vEpoucaCg4VWR8_hVH1sNd67iql_bE,A Google user,https://play-lh.googleusercontent.com/EGemoI2NTXmTsBVtJqk8jxF9rh8ApRWfsIMQSt2uE4OcpQqbFu7f7NbTK05lx80nuSijCz7sc3a277R67g,It keeps saying that can't connect to the market while playing. Really annoying!! Got this after updated. I have to reinstall again n again. Pls fix!!,5,2,1.0.4,2010-11-20 20:36:00,,
lg:AOqpTOHO-TUNk1sKYyFawnqWi8OdlaTRVwHt1GgmvHbsFxflsUdhAmskGzdw3W0k2Axh9n9NtyYI2Ll0en-CRJ8,A Google user,https://play-lh.googleusercontent.com/EGemoI2NTXmTsBVtJqk8jxF9rh8ApRWfsIMQSt2uE4OcpQqbFu7f7NbTK05lx80nuSijCz7sc3a277R67g,Just love this game..fun fun fun,5,0,1.0.4,2010-11-19 20:56:23,,
lg:AOqpTOGps8pVJW_U0WHpUBIQfq3tNxCjUMYJtr-Y7BJE4_UjMlUxfGPkvyGavqR59kKQ7TSrJI-CXMBms4ZDnRI,A Google user,https://play-lh.googleusercontent.com/EGemoI2NTXmTsBVtJqk8jxF9rh8ApRWfsIMQSt2uE4OcpQqbFu7f7NbTK05lx80nuSijCz7sc3a277R67g,Jingle all the time!,4,0,1.0.3,2010-11-17 17:32:38,,
lg:AOqpTOHP9G1NbleHyWi94j27mUnmtgUuc0P7Bh7WPnH1gl_RV9DcNrS4diz52W9wIYjKWbqFZeYcRmd2o5VTvYU,A Google user,https://play-lh.googleusercontent.com/EGemoI2NTXmTsBVtJqk8jxF9rh8ApRWfsIMQSt2uE4OcpQqbFu7f7NbTK05lx80nuSijCz7sc3a277R67g,Love it :),5,1,1.0.4,2010-11-15 14:24:48,,
lg:AOqpTOFKz4K-QnAEMuHlU_qR3kaWrd1cMuqyYN9ZysuVyuFZ-8D6LDa-aoGYcK_bhUSiVT6zfCT0kpE6bn4VsnY,A Google user,https://play-lh.googleusercontent.com/EGemoI2NTXmTsBVtJqk8jxF9rh8ApRWfsIMQSt2uE4OcpQqbFu7f7NbTK05lx80nuSijCz7sc3a277R67g,I LOVE IT! I LOVE IT! I LOVE IT! Kathy112,5,2,1.0.4,2010-11-13 15:59:55,,
lg:AOqpTOElOwZsi_glfHKaDpZkEuaUCG10Fg71SF0Ti9lRq_jtqOHful0OlHITyZsDKrlnk5TaAFFvoKNhJZTVHvA,A Google user,https://play-lh.googleusercontent.com/EGemoI2NTXmTsBVtJqk8jxF9rh8ApRWfsIMQSt2uE4OcpQqbFu7f7NbTK05lx80nuSijCz7sc3a277R67g,. Fix resolution for N1 please. Standart version as well...,4,0,1.0.4,2010-11-13 15:02:22,,
lg:AOqpTOFkwd9TGnjfbIe74O0LeXGFUFDnz7lJV1_u4VwyGg8NkUgD0AwBYtBMtyQ2wCOIBt3FZ6NpBczj6UoCvRg,A Google user,https://play-lh.googleusercontent.com/EGemoI2NTXmTsBVtJqk8jxF9rh8ApRWfsIMQSt2uE4OcpQqbFu7f7NbTK05lx80nuSijCz7sc3a277R67g,Beat it quick. Was fun though.,5,0,1.0.3,2010-11-10 02:44:11,,
lg:AOqpTOEG9l0IrkwJ4W0ld5J5LxdWHigobIc9W3DSTHlhOEVppB-ZIQ3bnHeIiX5otP51kmN7PAOLejab4erWqMU,A Google user,https://play-lh.googleusercontent.com/EGemoI2NTXmTsBVtJqk8jxF9rh8ApRWfsIMQSt2uE4OcpQqbFu7f7NbTK05lx80nuSijCz7sc3a277R67g,Love it can't put it down need more like this,5,0,1.0.3,2010-11-10 00:51:47,,
lg:AOqpTOEuGfBYHm8IPyrmcEQewp1DymiGswLRGXCpytwR6dyiCUcRoS8GDb5tDN3R76hBy2f84zabgObwg70mREs,A Google user,https://play-lh.googleusercontent.com/EGemoI2NTXmTsBVtJqk8jxF9rh8ApRWfsIMQSt2uE4OcpQqbFu7f7NbTK05lx80nuSijCz7sc3a277R67g,"Fun, addictive puzzle game! Special bonuses and a clear goal set it apart from other jewel games. Christmas theme is great too. Music would be nice.",5,2,1.0.3,2010-11-09 15:03:17,,
lg:AOqpTOEwXumJvDDNQumRUjyoMdkfb6SnFP_c1PcIxDo_RrhJUQxS8BgJKompmRh7ceG3RbKHXXGg_ZX3o8_p-3Q,A Google user,https://play-lh.googleusercontent.com/EGemoI2NTXmTsBVtJqk8jxF9rh8ApRWfsIMQSt2uE4OcpQqbFu7f7NbTK05lx80nuSijCz7sc3a277R67g,"I love this game, however, it continues to become inaccessible and I have to uninstall it and reinstall it losing all of my progress. Why?",3,1,1.0.3,2010-10-31 16:55:04,,
lg:AOqpTOGEffC5VKikzm_og03PRnLQCZa-6co_be_pIefAxH9_-tweGs-TqmzDxVQMiceVnDysTIbp1fJT0_k6Soo,A Google user,https://play-lh.googleusercontent.com/EGemoI2NTXmTsBVtJqk8jxF9rh8ApRWfsIMQSt2uE4OcpQqbFu7f7NbTK05lx80nuSijCz7sc3a277R67g,I luv this mind challenging game its additive...,5,1,1.0.3,2010-10-31 15:58:01,,
lg:AOqpTOFQ_PLcK1ZiqvmFgEpfaJge0wKxwIXQ4O8wHNGA2mAyjq8MJkAq_Y-s7MfWQplYzSlkP-4OzDzk077-Mjk,A Google user,https://play-lh.googleusercontent.com/EGemoI2NTXmTsBVtJqk8jxF9rh8ApRWfsIMQSt2uE4OcpQqbFu7f7NbTK05lx80nuSijCz7sc3a277R67g,"Very addictive. Love the chimes, colors,and sparkles. Feels so ""christmassy"". Love it!",5,1,1.0.3,2010-10-28 08:34:42,,
lg:AOqpTOFr1KOoC822PWIKIGgtLOn4G9jKlBQHq0ESDox7C0A0pTPr-i2BpXCFv6qAnDLiO2vKrkdmMNv0vej1v5w,A Google user,https://play-lh.googleusercontent.com/EGemoI2NTXmTsBVtJqk8jxF9rh8ApRWfsIMQSt2uE4OcpQqbFu7f7NbTK05lx80nuSijCz7sc3a277R67g,Very additive. Love it!!!!,5,0,1.0.3,2010-10-27 19:22:12,,
lg:AOqpTOHnpIvgD59VFXWjjC47B48lCmF2z7OpTDGeT6D5SRBUwjNQ-_t92PaqjftvwxDdvBjY2_lc98jmXLo-Cfs,A Google user,https://play-lh.googleusercontent.com/EGemoI2NTXmTsBVtJqk8jxF9rh8ApRWfsIMQSt2uE4OcpQqbFu7f7NbTK05lx80nuSijCz7sc3a277R67g,Addictive! Played till 4 AM!,5,0,1.0.3,2010-10-27 12:02:56,,
lg:AOqpTOF2f9khEeDbO9774Rttrf1o0IJBDzhC_TT9yN524YYgFSc1WmessQkV2qMposfT7Rw7_93m0feQ8zwZJGU,A Google user,https://play-lh.googleusercontent.com/EGemoI2NTXmTsBVtJqk8jxF9rh8ApRWfsIMQSt2uE4OcpQqbFu7f7NbTK05lx80nuSijCz7sc3a277R67g,Love it!!!!!!,5,0,1.0.3,2010-10-14 06:52:28,,
lg:AOqpTOFV80dTvYWw6nb8GC_Hl-v3zW3Iv_kd3xL1StrTJcgKLdTR0NEToqYjDqq1p9m2_pmV7dTh3zZB66RVflE,A Google user,https://play-lh.googleusercontent.com/EGemoI2NTXmTsBVtJqk8jxF9rh8ApRWfsIMQSt2uE4OcpQqbFu7f7NbTK05lx80nuSijCz7sc3a277R67g,I love this game. The only one I have paid for.,5,1,1.0.3,2010-10-09 07:17:51,,
lg:AOqpTOEWAhaBhpgQB-dEbKds0ogyLcjpZvMdrmw1eyHckjnSRd5Qzm8_jN-nygN9H1dlmxv_oS9wwJHsPLq8k2c,A Google user,https://play-lh.googleusercontent.com/EGemoI2NTXmTsBVtJqk8jxF9rh8ApRWfsIMQSt2uE4OcpQqbFu7f7NbTK05lx80nuSijCz7sc3a277R67g,It's addictive! However all other jewllust games are very similar...,5,2,1.0.3,2010-10-08 20:11:44,,
lg:AOqpTOFWxNGEvc8FckFRePjVZNmEbxpXljsQGmDHZcIasVxKY_8NtmoXlCxvnquOt87-82n02CnI6Lca3aRSHpE,A Google user,https://play-lh.googleusercontent.com/EGemoI2NTXmTsBVtJqk8jxF9rh8ApRWfsIMQSt2uE4OcpQqbFu7f7NbTK05lx80nuSijCz7sc3a277R67g,Game sticks on my Droid and I paid for the blasted thing.,3,3,1.0.3,2010-09-10 08:53:04,,
lg:AOqpTOG4QhWaMOXX2kmkuVMYQG-qP5-m0AVYbV6HR_5fFIR1X3lF04G9aBPolAUpUXG16g_BpxktQDNl3LrQ52s,A Google user,https://play-lh.googleusercontent.com/EGemoI2NTXmTsBVtJqk8jxF9rh8ApRWfsIMQSt2uE4OcpQqbFu7f7NbTK05lx80nuSijCz7sc3a277R67g,Fun and addictive :-)... great game!!!,5,5,1.0.3,2010-08-26 10:37:29,,
lg:AOqpTOGr0FkhjkdaaeaYqnak6rbp4_-n8wQekWV3_K_-5xNpFswzjE297VqZWQRDnVuwj8JqmOUxTVMDmXUdwjU,A Google user,https://play-lh.googleusercontent.com/EGemoI2NTXmTsBVtJqk8jxF9rh8ApRWfsIMQSt2uE4OcpQqbFu7f7NbTK05lx80nuSijCz7sc3a277R67g,Best of it's kind!,5,1,1.0.3,2010-08-13 22:09:51,,
lg:AOqpTOHZ_R2OK-RhTTRSqRaNZeWD02Qw75TnRLzxuVtzdLfK2480Qzw9tMNAjPYkW-DMXedVtRf34vkJvIg0viI,A Google user,https://play-lh.googleusercontent.com/EGemoI2NTXmTsBVtJqk8jxF9rh8ApRWfsIMQSt2uE4OcpQqbFu7f7NbTK05lx80nuSijCz7sc3a277R67g,An extremely fun and addictive game. Worth every penny! Droid,5,1,1.0.3,2010-08-08 16:25:07,,
lg:AOqpTOEmp8wmhroDqo1q0s22iTwkew68rk4ojdMJ2g58WFB4ZaAFw3jDu7zGseCjDKZkf7S1NbLvMWw3RleV_U8,A Google user,https://play-lh.googleusercontent.com/EGemoI2NTXmTsBVtJqk8jxF9rh8ApRWfsIMQSt2uE4OcpQqbFu7f7NbTK05lx80nuSijCz7sc3a277R67g,"First game I actually bought, fun and addicting!! Must have Droid Incredible",5,5,1.0.3,2010-07-21 19:35:01,,
lg:AOqpTOHMwoMjhezzOqv17FEY_jXJzrP2sNwTz88ax_Ld1kyfh1AHP9ZvzuKpwW2eim-xV7KWZabqKCa_-EHLh-Y,A Google user,https://play-lh.googleusercontent.com/EGemoI2NTXmTsBVtJqk8jxF9rh8ApRWfsIMQSt2uE4OcpQqbFu7f7NbTK05lx80nuSijCz7sc3a277R67g,It really is the prettiest and has the best sound effects of all the jewel games. Nice job!,5,2,1.0.3,2010-07-12 15:24:26,,
lg:AOqpTOFJLebdpZ4pzwrkRTYEhaOQJu50iGt_b3c9d0lnOHpZbKP0kSNheP_G75m2ID53ImteRsp8Y-XZyclYiBU,A Google user,https://play-lh.googleusercontent.com/EGemoI2NTXmTsBVtJqk8jxF9rh8ApRWfsIMQSt2uE4OcpQqbFu7f7NbTK05lx80nuSijCz7sc3a277R67g,Addictive....level 35 is hard,5,1,1.0.3,2010-07-02 10:03:11,,
lg:AOqpTOEBmZYCH7PW7NEnsI47veeKqTM06YPbgNeDUZNSIAVbRdMbzCzdzZSwofgvWP7lWEWvLlI3p7Ev4Mr9xVw,A Google user,https://play-lh.googleusercontent.com/EGemoI2NTXmTsBVtJqk8jxF9rh8ApRWfsIMQSt2uE4OcpQqbFu7f7NbTK05lx80nuSijCz7sc3a277R67g,? If bought game have 2 formart how we get game back no cost love it,5,3,1.0.3,2010-07-01 18:00:46,,
lg:AOqpTOFUtA7RWfEey3awXB0CQvWR_i4C9wgCjwPlHuhxTh9Nf1UEgvB-LcK-c_AOMigZvKhwOma0nJR3EoK-8Y4,A Google user,https://play-lh.googleusercontent.com/EGemoI2NTXmTsBVtJqk8jxF9rh8ApRWfsIMQSt2uE4OcpQqbFu7f7NbTK05lx80nuSijCz7sc3a277R67g,I loved Jewellust so much that I had to get the Christmas version too! Excellent game! Would love to see another theme version sometime soon.,5,1,1.0.3,2010-06-06 12:52:39,,
lg:AOqpTOGIOjnVqrD6RwMv7Y--g4Tp6nUL1kXFgWTBPod8TJLtSTMsNYJHtKfaWZYkgpn_1ykfekYrWcvKriEPuKg,A Google user,https://play-lh.googleusercontent.com/EGemoI2NTXmTsBVtJqk8jxF9rh8ApRWfsIMQSt2uE4OcpQqbFu7f7NbTK05lx80nuSijCz7sc3a277R67g,I really enjoy playing this game.,4,1,1.0.3,2010-05-18 18:07:22,,
lg:AOqpTOH33BAiYUL1Pk_zsNTGI01OxVS3BvUY4JKIj5g86knaiQs0zwPACHltA9plP2RGt_UwYGcAKdYx1PuLs7w,A Google user,https://play-lh.googleusercontent.com/EGemoI2NTXmTsBVtJqk8jxF9rh8ApRWfsIMQSt2uE4OcpQqbFu7f7NbTK05lx80nuSijCz7sc3a277R67g,Fun!!,5,0,1.0.3,2010-04-26 13:17:56,,
lg:AOqpTOGz8_HkpwJ1TvpiRf9K06rXFjOTGqYRmFNbzKQfdDqTenlXwN_nv3tTG24PFxM739jKZhH9ro0NCv4g0p0,A Google user,https://play-lh.googleusercontent.com/EGemoI2NTXmTsBVtJqk8jxF9rh8ApRWfsIMQSt2uE4OcpQqbFu7f7NbTK05lx80nuSijCz7sc3a277R67g,Very fun game to play all year long. Would like to see more levels eventually though.,5,0,1.0.3,2010-04-25 07:36:12,,
lg:AOqpTOGSGbXJXtsif884G2cEoz1GPTA2H5KgRk9cSdFg94o52UNKyNuBLbPTWT3poPLJD2cLm2Ssl8_BOT5E7h8,A Google user,https://play-lh.googleusercontent.com/EGemoI2NTXmTsBVtJqk8jxF9rh8ApRWfsIMQSt2uE4OcpQqbFu7f7NbTK05lx80nuSijCz7sc3a277R67g,I spend days playing. Awesome game.,5,0,1.0.3,2010-04-24 01:23:05,,
lg:AOqpTOFSZtmr5ewsgifm9vfb1vF-br-y4Zd3VSiR0oavjv9NKydtFbgDooiNDQbwK57rktIZHhIv1mpnGTpa3ps,A Google user,https://play-lh.googleusercontent.com/EGemoI2NTXmTsBVtJqk8jxF9rh8ApRWfsIMQSt2uE4OcpQqbFu7f7NbTK05lx80nuSijCz7sc3a277R67g,Great game!,5,1,1.0.3,2010-04-10 11:54:05,,
lg:AOqpTOH1QvpxewDo54njjTyMz19PgLYxlB0DKTN8fIzP5ws7uU1pAOgwzgXnHthjMCyaebSrfcobehom5WIemnc,A Google user,https://play-lh.googleusercontent.com/EGemoI2NTXmTsBVtJqk8jxF9rh8ApRWfsIMQSt2uE4OcpQqbFu7f7NbTK05lx80nuSijCz7sc3a277R67g,Great game as fun as original...had to buy it works great on Cliq,5,0,1.0.2,2010-04-08 19:30:40,,
lg:AOqpTOHfYevljJD2V4urWKXsA04bhU1lB1OArKpl14SfCWaHOWtwUiZSBymnWcVslv4CcXnmg2xj5K5EefyjcmM,A Google user,https://play-lh.googleusercontent.com/EGemoI2NTXmTsBVtJqk8jxF9rh8ApRWfsIMQSt2uE4OcpQqbFu7f7NbTK05lx80nuSijCz7sc3a277R67g,Best game in tha market love it!,5,1,1.0.3,2010-04-08 13:20:22,,
lg:AOqpTOE8gj_5sP0wRCS_GIZfkFoOYyICqi-ov8gD7Rg0FvHp-ig5qWA6DVc52ozmAWi5Nt75Sc-vUX4auW_GFos,A Google user,https://play-lh.googleusercontent.com/EGemoI2NTXmTsBVtJqk8jxF9rh8ApRWfsIMQSt2uE4OcpQqbFu7f7NbTK05lx80nuSijCz7sc3a277R67g,VERY ADDICTIVE!,5,0,1.0.3,2010-04-07 21:44:28,,
lg:AOqpTOH2L6Rk2Izgkcp-s72GDnpzNCuO0ptHPy7l8CDB2xeZvgybckVKhWgAlvyZmL2BEFEgHlCRw6mk-O9G3Ys,A Google user,https://play-lh.googleusercontent.com/EGemoI2NTXmTsBVtJqk8jxF9rh8ApRWfsIMQSt2uE4OcpQqbFu7f7NbTK05lx80nuSijCz7sc3a277R67g,"Awesome game. As good, if not better, than the original.",5,0,1.0.2,2010-04-04 13:48:39,,
lg:AOqpTOFvyhiDpQCgHrB4_tHrqleSCr-_dYtIH65jWUYykWdCFkpIWfIaL-aKb7J7MHL9lySgYKaLRyClar9N0RE,A Google user,https://play-lh.googleusercontent.com/EGemoI2NTXmTsBVtJqk8jxF9rh8ApRWfsIMQSt2uE4OcpQqbFu7f7NbTK05lx80nuSijCz7sc3a277R67g,Fantastic game! Better than original!,5,0,1.0.2,2010-03-31 18:29:48,,
lg:AOqpTOEpC90xFVlF6oLnbYJLeef6vfyxZ4Kf0dQTK4cIv_6GTevo5_uq-EIMYcfCcG-6CYbo3-jekSqBOQGvMfo,A Google user,https://play-lh.googleusercontent.com/EGemoI2NTXmTsBVtJqk8jxF9rh8ApRWfsIMQSt2uE4OcpQqbFu7f7NbTK05lx80nuSijCz7sc3a277R67g,Love it. A must have.,5,0,1.0.1,2010-03-24 11:12:54,,
lg:AOqpTOG1K5i0lbrFoz2VsEfu4OeRgj07vs9UYWzkwaUf4Up1BLEaBIE40qB2QWnTAkip2BL_wrQBuPGQHsB9kyA,A Google user,https://play-lh.googleusercontent.com/EGemoI2NTXmTsBVtJqk8jxF9rh8ApRWfsIMQSt2uE4OcpQqbFu7f7NbTK05lx80nuSijCz7sc3a277R67g,IT'S THE BEST SINCE THE ORIGINAL! I LOOK FORWARD TO BEATING ALL LEVELS.,5,0,1.0.2,2010-03-22 13:17:31,,
lg:AOqpTOHh9twG_bMVVTB_ENskC_nrLm1Ooe61OGAUKNvByEMj-zfjUtUaXCRm9Gjb6GqAY0bwcOVYhk7fxCHHAFg,A Google user,https://play-lh.googleusercontent.com/EGemoI2NTXmTsBVtJqk8jxF9rh8ApRWfsIMQSt2uE4OcpQqbFu7f7NbTK05lx80nuSijCz7sc3a277R67g,Love it! Even my kids are hooked on it.,5,1,1.0.1,2010-03-21 17:21:00,,
lg:AOqpTOHmYj9RYZf4MbhpyZieHaFd1nvyH04FU_UeIGHYINv0sAiqooQqqamuG6LpqQc1WJWeCaBvtMoe_sve0vE,A Google user,https://play-lh.googleusercontent.com/EGemoI2NTXmTsBVtJqk8jxF9rh8ApRWfsIMQSt2uE4OcpQqbFu7f7NbTK05lx80nuSijCz7sc3a277R67g,I play this one even more than the regular version. Well worth the money! Addicting!,5,0,1.0.2,2010-03-21 09:07:04,,
lg:AOqpTOEhm5x5ZTGMhpcmBPt3qWN1UppVHXVFquH_NgLr0DsbNHIRGWJoH6RlVjuOw8pi-K0ZntB_2H8WuhrIHgg,A Google user,https://play-lh.googleusercontent.com/EGemoI2NTXmTsBVtJqk8jxF9rh8ApRWfsIMQSt2uE4OcpQqbFu7f7NbTK05lx80nuSijCz7sc3a277R67g,Hard to stop once u start.,5,0,1.0.1,2010-03-21 08:16:24,,
lg:AOqpTOF-Arrzwc6DMj0Q9vDoIy_V_D0DEsLVSrIMtY6exYcwfVSGAmJl0UcNJlW-knrxAO1-RPdKWx95Ozat65M,A Google user,https://play-lh.googleusercontent.com/EGemoI2NTXmTsBVtJqk8jxF9rh8ApRWfsIMQSt2uE4OcpQqbFu7f7NbTK05lx80nuSijCz7sc3a277R67g,Some fun,5,0,1.0.1,2010-03-20 03:19:55,,
lg:AOqpTOFoNiVFrA3MRWX-cJO_Kl9y_Nh9PAP29yqI-zt3udePWhp-Yn92SXQxmvb4iuy6VkkuGfJWxsXdlLfB9T8,A Google user,https://play-lh.googleusercontent.com/EGemoI2NTXmTsBVtJqk8jxF9rh8ApRWfsIMQSt2uE4OcpQqbFu7f7NbTK05lx80nuSijCz7sc3a277R67g,Like all Smartpix games this game is Great.,5,1,1.0.1,2010-03-15 16:29:41,,
lg:AOqpTOFBJPdO4fEwkjtBe9kanha792YfhqWqZLT5olKnrE6MnhU6N04mcToUXbG8nLnu8jdqQ0P5b5sgAHAQ_cc,A Google user,https://play-lh.googleusercontent.com/EGemoI2NTXmTsBVtJqk8jxF9rh8ApRWfsIMQSt2uE4OcpQqbFu7f7NbTK05lx80nuSijCz7sc3a277R67g,Great game,5,0,1.0.1,2010-03-13 10:55:44,,
lg:AOqpTOHZkQMv-cZ7_isKTbvJ4-BcJe00SNjDsqhKr_pBamPfbAc060RusGvuTxIXy0cnG_aMVDnZKEFD4wM0Te4,A Google user,https://play-lh.googleusercontent.com/EGemoI2NTXmTsBVtJqk8jxF9rh8ApRWfsIMQSt2uE4OcpQqbFu7f7NbTK05lx80nuSijCz7sc3a277R67g,I love this game.,5,0,1.0.1,2010-03-10 21:22:23,,
lg:AOqpTOEE0i00RVL0Op46j4WdiU81ZXcd6P16_Lck9n60Wo221VZglEO8ffj0K_xuCrvc8YJn88L8n9-AvoaLo_4,A Google user,https://play-lh.googleusercontent.com/EGemoI2NTXmTsBVtJqk8jxF9rh8ApRWfsIMQSt2uE4OcpQqbFu7f7NbTK05lx80nuSijCz7sc3a277R67g,Favorite qame ever ! Christmas is the best & jewellust is the best qame ! This qame is amazinq . Harder than jewellust ; i love the challenqe !,5,0,1.0.1,2010-02-26 23:47:50,,
lg:AOqpTOEq4Ifd-oNb2iticwiuHcT9EiBqYmOxni6JGzhtpALY43NoYlZUz_raXlYYCTFJxTrbYEZ7ZJbd3djtOsU,A Google user,https://play-lh.googleusercontent.com/EGemoI2NTXmTsBVtJqk8jxF9rh8ApRWfsIMQSt2uE4OcpQqbFu7f7NbTK05lx80nuSijCz7sc3a277R67g,Really great game. Lots of fun. Don't like that after you win have to add player. Can't play again under own name Otherwise love it.,4,0,1.0.1,2010-02-21 12:07:00,,
lg:AOqpTOFfKhdFKkFOu_ZJtN3xUtglbnu0OwKRVEdkvXjR3w_eRKdfmwsAluwpyHeQHlw0GNiRnaQCiENECSjlNK0,A Google user,https://play-lh.googleusercontent.com/EGemoI2NTXmTsBVtJqk8jxF9rh8ApRWfsIMQSt2uE4OcpQqbFu7f7NbTK05lx80nuSijCz7sc3a277R67g,"Love, love, love this game!",5,0,1.0.1,2010-02-11 21:37:12,,
lg:AOqpTOE2hxSh4FgxfQvIewSERWTeFjfpdTvw1Xxpzv8LMOTQ3VI_H10YRmflWd6MYhVZ3Zyy1w5HkwmRLMLQi4Q,A Google user,https://play-lh.googleusercontent.com/EGemoI2NTXmTsBVtJqk8jxF9rh8ApRWfsIMQSt2uE4OcpQqbFu7f7NbTK05lx80nuSijCz7sc3a277R67g,Awesome very addictive :),5,0,1.0.0,2010-02-08 08:29:47,,
lg:AOqpTOH_RbTrCQOuEYmW16Uuk1_gH-GaINFxhJkis_yg_gaGmBL3G_IVjtjkXqnadXuumrDKYmSCOJgxi7xMP54,A Google user,https://play-lh.googleusercontent.com/EGemoI2NTXmTsBVtJqk8jxF9rh8ApRWfsIMQSt2uE4OcpQqbFu7f7NbTK05lx80nuSijCz7sc3a277R67g,ALWAYS worth the money.,5,0,1.0.0,2010-02-05 07:31:26,,
lg:AOqpTOH8dyGHxmn1d1tGGc5pBPlnwOfsyBqAObgVWqVfvCyvfIvxr6eb-3YKAmAfJkA955L3-DEzDpoqqlCyNlc,A Google user,https://play-lh.googleusercontent.com/EGemoI2NTXmTsBVtJqk8jxF9rh8ApRWfsIMQSt2uE4OcpQqbFu7f7NbTK05lx80nuSijCz7sc3a277R67g,Disappointed in it. Was able to get through all the levels very fast and the survival was boring. : (,3,0,1.0.1,2010-01-31 18:57:13,,
lg:AOqpTOHVOVZtC34vIMIlWyQti49pZyFGBX2K73vAimNiaoML1gfKhvKcRI1pqP4AtozVM6MYYKbKP4mv1vtT3Dk,A Google user,https://play-lh.googleusercontent.com/EGemoI2NTXmTsBVtJqk8jxF9rh8ApRWfsIMQSt2uE4OcpQqbFu7f7NbTK05lx80nuSijCz7sc3a277R67g,Simply the best!,5,0,1.0.0,2010-01-30 08:55:05,,
lg:AOqpTOEGsKxWMbkf5KwRFeYBAzcxMFzSl_7CHYXT6fPGamq6AOi4ngaf4sasy7x5yECbtSD3YYfc8UG9ZGFjaE4,A Google user,https://play-lh.googleusercontent.com/EGemoI2NTXmTsBVtJqk8jxF9rh8ApRWfsIMQSt2uE4OcpQqbFu7f7NbTK05lx80nuSijCz7sc3a277R67g,"Love it, love it!",5,2,1.0.0,2010-01-21 19:24:24,,
