reviewId,userName,userImage,content,score,thumbsUpCount,reviewCreatedVersion,at,replyContent,repliedAt
gp:AOqpTOE1CWVMtjNbDMdsf8KY54pFzcpWWXfTmVLMrhLUNJZ7ZZTeAiFJHsGBqkEX8ngYmcqinF5o_MhTogq1kw,Lacy Herrelson,https://play-lh.googleusercontent.com/a-/AOh14GhYJ7cWsPj6saJkax7J4Gas6aHpfTcos3w_6sCeFw,Doesn't remind and now it can't open quote,1,0,1.2,2021-02-05 13:48:44,,
gp:AOqpTOFCKT-TTlz2fx3LfZQXkgnZRjjNDoHvAA3JnpIX5lTcxMQH7CUuX9KwSNRA5AYjWx0_xqcUyy9YZTbqyQ,Carrie P,https://play-lh.googleusercontent.com/a-/AOh14GhGW6waSZLXSbe27JxWSZa-sC6EWVnZMvKo7O6GYQ,"Im a huge fan of Gabby but I have to echo many of the reviewers of the past year plus in complaining about the 'reminders' not working. I don't get notifications or reminders until I open the app itself. As a healthcare provider in a crazy covid world I would love a daily reminder to stop for a moment, read the affirmation and center myself...sad that this app can't help me with that. This has clearly been an issue for awhile now; I think it's time for an update!!!",2,3,1.2,2020-12-04 21:27:59,,
gp:AOqpTOGq2A1W6j-b_gKfxGQL6OGES_oeoFNRwWMt397mGwU4baE0207GnZNNk775_GnzI6YaI78BbEsJL4B3kQ,tammy price,https://play-lh.googleusercontent.com/-xCBRnUu5DcA/AAAAAAAAAAI/AAAAAAAAAAA/AMZuucmzrFDgOmDM8jSFjNrR-DfM-w5QdA/photo.jpg,I was expecting audio affirmation. I find this app useless.,1,1,,2020-08-24 13:11:15,,
gp:AOqpTOGAIw9vJx3-gZN7EuClvaobDBwIRiHzn7DnBc66wXICJBPTeUlUuksj4hiwNuzojAoFy5NMJXtSxm5C7A,Liz Wallace-Mills,https://play-lh.googleusercontent.com/a-/AOh14GgL3BuXDqAjj3I13hFjfcypkvIsEFvXWwhM2gdSug,"Disappointing! I was so excited to get this app, but the only thing that works is the daily affirmation. Sorry, but much as I love Gabby Bernstein, it really isn't worth the cost. I've uninstalled and refunded. Hopefully it will improve in the future and I'll try again",2,7,,2020-07-21 15:34:56,,
gp:AOqpTOEYuq6oPB-cesQwgD-l4SUPH-UAcWz4Hz5TkGMCpzdYDCBUvDSXzfJvcv85HNrm8NBz7CSbaq0-EQ8hww,Rae Mulholland,https://play-lh.googleusercontent.com/-TXpoCDiHH0w/AAAAAAAAAAI/AAAAAAAAAAA/AMZuuclX8OVutjpcgV6wR8BNK-Fgq0MjpA/photo.jpg,Lovely affirmations but the push notifications dont work. Could you fix it please?,2,2,1.2,2020-05-16 01:18:01,,
gp:AOqpTOF2pQIJSQwZKHB5oRM4gpueKZ_A1dkZ7y3KSrpJsUOtq5L4tOXjRlsEtwKZPI7Mp0FSKMYI8ETdbcMPRw,Jessica Curtis,https://play-lh.googleusercontent.com/-o0mpiusWCNU/AAAAAAAAAAI/AAAAAAAAAAA/AMZuucmArZV3nJfARLfHxJD7NkflJ-LJYA/photo.jpg,Thanks you Gabby!! ❤🙏,5,0,,2019-12-29 20:01:10,,
gp:AOqpTOHQ9bwlpxgTgJlErlQX4qeYL227_ytFNUz6H--VjQJCmiFJBx2EMT3FopvymusPkLx09d_4FoAMtQgbBQ,Robyn CF,https://play-lh.googleusercontent.com/-7j1num-tSG0/AAAAAAAAAAI/AAAAAAAAAAA/AMZuuclAPbEJmkZ1JodWbOcccLwVXQsAvA/photo.jpg,"I love this app, it's exactly what I was looking for. Simple affirmations that resonate (like everything I've read by Gabby B 💗), beautiful backgrounds, daily reminder notifications, plus I can export to Photos and save as my wallpaper so every time I check my phone I do my daily affirmation. Love love love. 4 stars instead of 5 because the notification doesn't always make a sound when it's supposed to, sometimes it will ring instead when I turn on the screen.",4,17,1.2,2019-12-23 17:28:34,,
gp:AOqpTOEI91NjDDaxTVPVHZShh0sNV1AJFTbBjrp_X_CdKoeQDC3ZLUPvyP23SRNsh5HRWr-idLrZJ3HlMHjrkQ,Emily Tilley,https://play-lh.googleusercontent.com/a-/AOh14GgmbC7x08S6TIt-fCFdbXIHy8LYWzlHF5KE02p3mwA,"Push notifications don't work. I love the app itself, but the push notifications stopped working. It's a little frustrating since I paid for it. I have free apps that works better. I just hope it gets fixed soon.",2,4,1.2,2019-12-17 09:14:28,,
gp:AOqpTOFzwi78zxhuXPGW-PWRIZp8zHYtiS1tkZ6jThAANcLlISUu8H-TTw5qayIkXEJWvkaxFYvI0of-HOfHWw,Sarah Jackson,https://play-lh.googleusercontent.com/a-/AOh14Gjuui4UpxTcYaM5Z4lRaylzIafk2CZUkh-SAj_H0w,This app is basic and not worth paying for. Plus it hasn't been updated in over a year. This is just a money grab. Disappointed.,1,37,1.0,2019-10-05 09:43:58,,
gp:AOqpTOHf6L2ntYASjNEOin_cm7_XpzDj9EEZWeY5KvwUTDBu0ypOtrZSSUJe7-p3rrbeyTiPvdInsr6lrf7q1A,Sheelah Turner,https://play-lh.googleusercontent.com/-OVKHLKzbjsA/AAAAAAAAAAI/AAAAAAAAAAA/AMZuuckgoo9Kn4mBC0JKeVNmed5XUFXbyA/photo.jpg,"So disappointing to pay and download, and the only thing that works is the daily affirmation. Reminders don't work. It seems I'm not the only one. Ease do more testing before releasing. Sadly uninstalled and refunded :(",1,8,1.0,2019-09-29 13:55:58,,
gp:AOqpTOEgHlwVrqggNE37LEanxqR7PQzIbCGCz51ef8K5dLTJbvp6X9H6ZhcnfPmb085f-qWICIr_aSKLGTfr4g,Angie K,https://play-lh.googleusercontent.com/a-/AOh14Gj1f1IFXlP2DOfRcI-bVIJhBEbVaCDSmjdWlzvetQ,"disappointed. downloaded the app and shows only the affirmation of the day, no access to anything else. also the timer did not work.",1,15,,2019-07-16 00:44:52,,
gp:AOqpTOHY0lASNn1ZF_WBlLrgWD-vArFk0SBy54RamPyPZeEDTNUO04MN5MrRndm-MFcQCQAKuFYE0E3QrAP0gw,Melissa Barringer,https://play-lh.googleusercontent.com/a-/AOh14GiVHnJ9MB_V2YLyoThTKphD1qldLUJrOK6_xKyYTw,"I love the daily affirmations. I just wish the rest of the app worked correctly. With the daily reminder turned on, I either get 2 notifications a day, or none. When attempting to see past affirmations, the app just goes back to the daily affirmation. I expect this app to work properly considering its a paid app. The app had just restructured it when I purchased, Very disappointed.",2,13,1.0,2019-04-06 03:40:26,,
gp:AOqpTOHz082Ox1RM47fOnhRM4_kUnIwneIIuYMYsxBYjQbZZLaGqfa59e9I4NiYwbNhOjSPhRcqUvjSkzuJMfw,Alisha Anne,https://play-lh.googleusercontent.com/a-/AOh14GibsbllfUfBbSMCxirhmIooUH44p_loH7PXC3ZJ,paid for an app that doesnt do what its supposed too. never notifies me. want a refund.,2,5,1.0,2019-03-31 16:11:30,,
gp:AOqpTOGBIkaL47MDxW59yvR1oJZm48Do4zEmgpCXIN1SBWbzMIGo3CN_DEHB2Z_pX896NaFgHf26ZdmqVmnAFA,A Google user,https://play-lh.googleusercontent.com/EGemoI2NTXmTsBVtJqk8jxF9rh8ApRWfsIMQSt2uE4OcpQqbFu7f7NbTK05lx80nuSijCz7sc3a277R67g,"waste of money when similar free content available on Facebook. i thought this would be more guided meditation, rather than just random positive thoughts.",2,9,1.0,2019-03-16 06:00:10,,
gp:AOqpTOEdsuMDL6YHz7gvS-DZJ3gntur1nmAXbwl5jit9CvqC828Eze-ohdNtAlesw6LBqL7XgLGvjBFkcTN8Sw,bridget bkunego,https://play-lh.googleusercontent.com/a-/AOh14GjhVDY79-JDkp2jHkNnHayuLrhm6bD6VCcdv6KGlSs,"The reminders do not work. This is very frustrating because the app wasn't free.Great content but if you miss the days message, there's no way to view them😨🤔",2,7,1.0,2019-01-10 18:26:57,,
gp:AOqpTOET5N677KZvWIOB7uunSCec8okvgPDf2lQx2a9ijNVDH_PXYRSC8BtOlUnAmZzK-R8Ma27zHyj6eku6Cg,Life success,https://play-lh.googleusercontent.com/a-/AOh14GiORpwK2TwBwcCIfsvshMQmA-L9D8pTfzBQ6z-XnmY,again the reminders are not working,3,4,1.0,2019-01-10 16:58:10,,
gp:AOqpTOEfcEQNBRfp8Kd--lTzqgwUsnZ9_-mEu9zH5Ex7dV8-oRDdrvSUjuutXfZ3YY6yaOFVGWD_vAiLKlFNpg,Angela,https://play-lh.googleusercontent.com/-eyfOlobrLL4/AAAAAAAAAAI/AAAAAAAAAa0/AMZuuclHIeHXiq9Su0dapmQDPXrN1WXNAw/photo.jpg,I am a big fan of all things Gabby. And I love the idea of this app. However I am unable to set reminders even though I have uninstalled and reinstalled it twice. Also finding the same affirmation repeating itself entirely sooner than I would anticipate.,3,7,1.0,2019-01-04 05:51:08,,
gp:AOqpTOFoVkC2AZ9gbj9eTDvRQrGBt6Fg4o7VM1Xlia_p7p67pJagqQzTEv18p-l_nnTobPo6Y8ysRBXVMLMiKg,Brandi with an i,https://play-lh.googleusercontent.com/a-/AOh14GjMRsuWC4Mwm2_yD_Ci3suZj7B5VsQIGbm-rmovTQ,"Motivational, easy to use and customize alerts. Hopefully, backgrounds and more customization feature will be added soon.",4,5,1.0,2018-11-30 16:03:44,,
gp:AOqpTOErdjC1HNNqmegIbNmM-uOew9uTxYIVkmzDA54TCc10zMwDQ8QGHPGM5B9Zgj7ukXnPjOPeY1tEV933lA,A Google user,https://play-lh.googleusercontent.com/EGemoI2NTXmTsBVtJqk8jxF9rh8ApRWfsIMQSt2uE4OcpQqbFu7f7NbTK05lx80nuSijCz7sc3a277R67g,"If it has Gabrielle Bernstein's name on it, 5 stars is to low. I give her 10 stars🌟🌟🌟🌟🌟 🌟🌟🌟🌟🌟 and 5 ❤❤❤❤❤ red hearts!",5,1,1.0,2018-11-28 17:59:51,,
gp:AOqpTOEMRVd3rhNeCVb932XtQO6x9FqiNLTacz3bdALvfSLR_OHVTlNpKUTdzvlPZEDARUmSX6HuPoTDzSDBZg,A Google user,https://play-lh.googleusercontent.com/EGemoI2NTXmTsBVtJqk8jxF9rh8ApRWfsIMQSt2uE4OcpQqbFu7f7NbTK05lx80nuSijCz7sc3a277R67g,The problem with the app is that the reminder doesn't work...please make an alarm that works with airplane mode (as the majority of alarm apps) thanks,2,7,1.0,2018-10-02 22:05:01,,
gp:AOqpTOGoxISSNWCulUWZPIPnNjC8aLTkrQS-Le2_huQE6Rq6LMQ6zmbMYSve9PyggViduQM_J0-LN82A3CgwUA,Kimberly Jenkins,https://play-lh.googleusercontent.com/a-/AOh14Gif6JJVSnKrlnQP2WyiPel_ymdkN_n6o6eF-ugcWw,"I really like Gabby's books and writing but I am finding most of these affirmations sort of basic, not really deep, too out of context. Love the idea, just not working for me.",2,5,1.0,2018-08-29 08:15:33,,
gp:AOqpTOHKYZYKGwDmnp4geEhB83atbzns71Y_13xoHBZTHH1xmokpW2aTZgdhuitg1LPZg27tB1AfIq7Fu53N3w,A Google user,https://play-lh.googleusercontent.com/EGemoI2NTXmTsBVtJqk8jxF9rh8ApRWfsIMQSt2uE4OcpQqbFu7f7NbTK05lx80nuSijCz7sc3a277R67g,"Please create a silent daily reminder/repeat affirmation option (more like a notification and less like an alarm). It would be great if I could program a repeat notification to pop up throughout the day that doesn't ring like an alarm, but just flashes on the screen. This way I could use the app at work and at other times when I need my phone to be silent. Also, it would be better if the affirmation appears right away, rather than having to click on the menu option to display today's affirmation. Thank you!",3,8,1.0,2018-08-27 14:45:17,,
gp:AOqpTOGPvp3MEbe9Iu554gaJSLtIJTpdICCv_Gb2G-a_P4DYgCxQBOP03brXFoLOae6w6_e-wmSP_28vCYkaNg,Anastasia,https://play-lh.googleusercontent.com/a-/AOh14GiSWaPpkWSpp8bndWVOzFzf0VxUFWQxrAJjS8A8aA,Love it! Simple and beautiful and very helpful,5,0,1.0,2018-08-27 04:00:33,,
gp:AOqpTOHrYoLJLo9UFN-4BW43qxqc8WI5NnLmwB-ySonFRz4ys4fKF_XOpk0GY3MSe8z8RA09P-3aM74G3ohu6g,Michelle Fletcher,https://play-lh.googleusercontent.com/-vjyhoq2hO2Y/AAAAAAAAAAI/AAAAAAAAAAA/AMZuuck6hxTDSFRPiVk8-Ueb0wD2_gpj2Q/photo.jpg,My affirmations have been the same now for 3 days. Every time I click on today's affirmations or reminders it just keeps going back to the same screen 😢,3,3,1.0,2018-08-25 14:11:37,,
gp:AOqpTOFAZgHgAhvzc5-XHeBLU2C3r-Lf-0qgB2mTlSJRMKaxB65XqFatjpVCri7fJ-GU4UJXQJpKoSouM2HyWQ,A Google user,https://play-lh.googleusercontent.com/EGemoI2NTXmTsBVtJqk8jxF9rh8ApRWfsIMQSt2uE4OcpQqbFu7f7NbTK05lx80nuSijCz7sc3a277R67g,"I love Gabby, but this is not worth the $2. It's so plain and basic and I am genuinely disappointed. I'll keep using her 52 card deck instead.",1,10,1.0,2018-08-23 12:27:43,,
gp:AOqpTOFa4JylQn-CggjrDgVv24MbK0_RgTJ69HDAVi58tmFYsKuZfhjxdoMssZh7Acb3GK37cfySWrC8zzEN-A,Diana Rico,https://play-lh.googleusercontent.com/-HLU-22A63ME/AAAAAAAAAAI/AAAAAAAAAAA/AMZuuclw3vdChyOp7NCSrojubOdhsc4P5w/photo.jpg,Love the affirmations,5,1,1.0,2018-08-22 12:29:05,,
gp:AOqpTOHsxmf94ubvqtvvmoyTYARhgD7iSUc7EB1JpO2XatiQTuD20QM14SRPbCnKdlGL2au-jwjh456x1oB06w,Jonathan Freeman,https://play-lh.googleusercontent.com/a-/AOh14GhmihxwZWeV0OJVPpqAtYT6EO1Z1e2D6N1WwoKdhA,"Oh my gosh! I have been waiting for years for a Spirit Junkie app for Android. It is great and lots more than I would have expected. You can set reminders to start your day with a great selection of sounds. A reminder at 11:11 comes pre-loaded. You can also select favorite affirmations from a pre-loaded history. Loving it. Thanks, Gabby and app team.",5,4,1.0,2018-08-22 12:05:09,,
