reviewId,userName,userImage,content,score,thumbsUpCount,reviewCreatedVersion,at,replyContent,repliedAt
gp:AOqpTOGqvVVR85WKLhCN3jXMFcGj8iXRT0TKOt5X-BEuMMfphsRQgnb3UwntFixvtWwVaRuKBl1OShKiGRBBkyc,Kevin Entwistle,https://play-lh.googleusercontent.com/-5d9TsOkgLzU/AAAAAAAAAAI/AAAAAAAAAAA/AMZuuclsp7c_JXzoFSRwNSxiXAkDUw5Kng/photo.jpg,Good challenge!,5,0,1.52,2021-02-09 19:01:30,,
gp:AOqpTOEgKer7CxayT6tdm4S9tnNn-s6q36fFpQLrmFRi3b30ec64XcNvh46891wquJI45q1zRifl7_fPfRQ_gy0,Melva Angle,https://play-lh.googleusercontent.com/-CaVOLrQ5oqY/AAAAAAAAAAI/AAAAAAAAAAA/AMZuucn9SPQH1yExjU1l0bQisfUqjlgd1g/photo.jpg,Just installed on my 2nd device so I can play anywhere,5,0,1.52,2021-02-05 17:43:01,,
gp:AOqpTOFe9nZm-JCUgnLJdwlG3nzJxnzk3Y7kueDBu4HcttZknWNFjai885WqotYfuS7ZXtqegACZnzePjra4qJs,Jonathan Leal,https://play-lh.googleusercontent.com/a-/AOh14GiWiK0tu03xMy_zHtdJdkku9JV78L6Aol8bMGMS,Good solid game,4,0,1.52,2021-02-05 10:56:22,,
gp:AOqpTOHNIKO6I2GT6i4PcGN7l2HO-vxTRTTo7bvuOpBR9O7xSPFzrwmABgTsh_L-m3ribP5djZr8OpveWhVwVnU,Ruth Turner,https://play-lh.googleusercontent.com/-AfAayhBj9Iw/AAAAAAAAAAI/AAAAAAAAAAA/AMZuucn63rC3jTjJSL4zy29ZIt_Cpi5N4w/photo.jpg,Love this Sudoku game! I like the multiple levels of difficulty. This is good for beginners and experienced players. I like the fact that you can hold numbers as you narrow them down in each cell.,5,0,1.52,2021-02-04 09:41:46,,
gp:AOqpTOGp6bB-QOSpGZsNQMsyRZgVi9pKzFFQdC2AxpgrAIJGAK3FrtsKDZLUaC_jIOp1w4B2Zy7Cf8GSf99_cSQ,David Spavin,https://play-lh.googleusercontent.com/-6bHw65BEduk/AAAAAAAAAAI/AAAAAAAAAAA/AMZuuck0oUncuCV15j_giIxZfinVr4cPZw/photo.jpg,Fantastic implementation,5,0,1.52,2021-02-04 03:25:08,,
gp:AOqpTOG41R0pjwHJawa0OKti7iWe2uGDUxyrp1Eu8K3jKvcRWxbp9CkJszxtfGLSuIPIMr6WDwSkYV16NCCuE2A,Pete Rivard,https://play-lh.googleusercontent.com/a-/AOh14GjbN0tR6rq0Ku36R2wgKDRKsyfnVlMHbUyZRy1SUg,I've enjoyed this app for years. Completed all the levels twice. I'm on my third time around.,5,0,1.52,2021-02-03 20:11:49,,
gp:AOqpTOH9whDzQ8B6ks8lc-soOq0bKca9ONVOKYCLe8_ZPVlT0YL81U9nVl7DGz4khSBLa5vg_LXzoKXG0tDyYW4,Betsy Berch,https://play-lh.googleusercontent.com/-qsVh_zkZ2lA/AAAAAAAAAAI/AAAAAAAAAAA/AMZuucm3Hpql-Y4IPQvZBlpXsxwpavuM3g/photo.jpg,So far so good,5,0,1.52,2021-02-03 18:45:40,,
gp:AOqpTOF-M4zE1tQOAvlNzBVNRxhnGM9dw8RaoW3CxI3i4KhPpXQnkZMZPOGxGhUgkzJvTtLy_H9uWvjCv3d00J4,Randy Karcher,https://play-lh.googleusercontent.com/-T_3Ug4WCzpI/AAAAAAAAAAI/AAAAAAAAAAA/AMZuucmnSLburYqnM4N8jnzmMqCVrJ3ppQ/photo.jpg,Easy to use and play.,5,0,1.52,2021-02-01 17:09:11,,
gp:AOqpTOHjBLhDQwibK1PXuObsfXo7Hlc04oWKxn--raWKLHNJThhZ62sF7wixIJVgXbB_hdvKCze3JTtcdWaOhDs,Betsy,https://play-lh.googleusercontent.com/a-/AOh14GjfujBhTBvbyJxv1Ss9BM64Fr-Cl0UnFP--gYbaJA,Excellent sudoku game,5,0,1.52,2021-01-30 21:15:39,,
gp:AOqpTOHzEg8x_p8FptwkpdsVjUY9P-Kkjj_Dp9OTm5r19W2bD2GUyuN-khC9OBodBTYJnSQcmY2ynm5vqV3dPXI,Blanche Reiner,https://play-lh.googleusercontent.com/-Y7kE5JdrqGo/AAAAAAAAAAI/AAAAAAAAAAA/AMZuuckvN5gckw1EL5XzMEb5wruu1JDYFg/photo.jpg,"Works well, never a problem.",5,0,1.52,2021-01-29 14:50:35,,
gp:AOqpTOGj_L1FUj34-eVGbqY4y0v01ZccJe4XTyHHeP1LaWbX82xrZchsQUSECHeGbtZ-lSTJLiSvwDlO2p_CrQs,Steve Ortmann,https://play-lh.googleusercontent.com/a-/AOh14Gj1OUbGSmog93I5_18BRPywxdIfMFB-iIyiQTfAdQ,"This is my favorite Sodoku implimentation. The controls are great; I really like the Quick Notes feature. There are 300 puzzles and the groupings of Easy, Medium and Hard are pretty accurate. The categorization questions are a little hard for this game. ""Is this game complex"", well not really, the concept of how to play is straight forward, but individual games can be very hard to solve. ""Is the game relaxing"", yes, if you relax by concentrating on something other than yourself.",5,1,1.52,2021-01-29 09:09:13,,
gp:AOqpTOHKbGhOiSwPuC_rEQLm0rAfV66g6d4nrWVNTxaYQqb0L5wgHSQXVr4yzDD0klGvBHJQDkqvZAPYSYHxUb8,decrepIT,https://play-lh.googleusercontent.com/-uf2x7t3MZJw/AAAAAAAAAAI/AAAAAAAAAAA/AMZuucnHUEXehSeyZAsx6wbN5DX3e7UYSw/photo.jpg,Great toilet game!,5,0,1.52,2021-01-19 17:04:01,,
gp:AOqpTOHOpBPXUClPkYkyKH1LjQZOTXZ-5saxxyeW4FTgchaAFqn8-6ZmljWyToilQMBoj3y5XQ1UyLFAc_i9gDA,Kikpong91,https://play-lh.googleusercontent.com/-Xsfaz2R_xAI/AAAAAAAAAAI/AAAAAAAAAAA/AMZuucm_jSAA15Bdn8d1cXjher5ON8Admg/photo.jpg,Good game!,5,0,1.52,2021-01-18 23:00:53,,
gp:AOqpTOFB5FyH0l2omavySOYONJuQw8N7UBXd1Xc63UIB24Kmfx0qulF--qKUufD4lYI4IlI-vKQE8UeCwVSs1Qw,rb g,https://play-lh.googleusercontent.com/-9nGqJ9afo34/AAAAAAAAAAI/AAAAAAAAAAA/AMZuucnQOIm0YTloXkxZUhTgtCoZSjF9Zg/photo.jpg,"Been using through several phones. Having completed a level, go back to do faster and faster...",5,0,1.52,2021-01-16 09:01:26,,
gp:AOqpTOH77FHfdo5erXcbbyS1j4KwtyNrsVH1umXBNIsivVu8OcQ5OzjcqeQCbAV4Y8z3mDqHECCr2veHFtxkjto,Kaitlynn Klassen,https://play-lh.googleusercontent.com/-piDP306pGn4/AAAAAAAAAAI/AAAAAAAAAAA/AMZuuclwL3LiriUcPiqNKgSowlNXXeCNyg/photo.jpg,"My go-to Sudoku app. No fuss, no iaps, and a good price to get rid of ads. Had this app over 2-3 phones. Even the free version is fine imo, the ads arent excessive or intrusive. The only thing I'd consider adding is a hint button, maybe just highlights a wrong number or offers a number.",5,4,1.52,2021-01-16 06:15:33,,
gp:AOqpTOH-ctZ_elW092IYF44lxq6VUxLMxya71MfUTf6yp49tl6AhsYpa715q856Vk9BA4_MyeNnEU8DowDF7u9k,Nancy Vest,https://play-lh.googleusercontent.com/-xrMQfICek8A/AAAAAAAAAAI/AAAAAAAAAAA/AMZuuckgC9C58c6Cff7gUthfFxKCQpY3uQ/photo.jpg,Fun. Doesn't crash.,5,0,1.52,2021-01-15 13:44:28,,
gp:AOqpTOG13FqGJzre0JtREXTB1ksS623duvML0mQBOZTcnwO7TmFcpZul6QEmEOYTrk0xwN0EBemhElaOl46cvcM,Heather Forster,https://play-lh.googleusercontent.com/a-/AOh14GjTA_2zIZgW82sg669xXMNbeLor3P1v87SdzbbD,A great version of this game. Difficulty levels seem well-differentiated.,5,0,1.52,2021-01-14 19:52:03,,
gp:AOqpTOF5LhYgTwWWEuP5fh6_Yy3jupsQbSllC2S5hMSQAFqaUsVJ6RkJV5YdmlJHOjoqUHc5K90roIexNHR2Xk8,Barrel Smith,https://play-lh.googleusercontent.com/-KWQA04z8Co4/AAAAAAAAAAI/AAAAAAAAAAA/AMZuucmeiZ9Jj7IH_a1gwe9j_1q7BJfooQ/photo.jpg,Good game,5,0,1.52,2021-01-13 01:34:15,,
gp:AOqpTOEmB1yt39GOzGUDI2bnjoQ4JGJKyxDVfFFrmYes8f6BWX21gyglzjki6GWbY20IyBNefINvcwC-z9pMH3A,Peter Harrison,https://play-lh.googleusercontent.com/-y03qgjkVOLc/AAAAAAAAAAI/AAAAAAAAAAA/AMZuucm1m2VGw7E6vdnhQGKtU5kb_SETAQ/photo.jpg,Enjoyable games,5,0,1.52,2021-01-12 13:55:20,,
gp:AOqpTOHmNYexIr_HHCLt91ifo7wQrZSAm-ngplFB3v-bLeedcb14YkrEeSl12WiKO1_n8n4EAv9MsMz0J44u38A,Jerry Hitchcock,https://play-lh.googleusercontent.com/-kPBc-gq-jBA/AAAAAAAAAAI/AAAAAAAAAAA/AMZuuclU2LMWEBBRT-D71OG22Az4ml7zQw/photo.jpg,Love this app,5,0,,2021-01-09 11:09:41,,
gp:AOqpTOHOVAqODtks80I7MJ0T0iHAi2D-toarHTYXXgD6EuyLMrLI8HaIqDFN8q39QZFQwIbFJYdyfv-1KnoVOrQ,Mike Bo,https://play-lh.googleusercontent.com/--LJyuyk3vKU/AAAAAAAAAAI/AAAAAAAAAAA/AMZuuck-BHd-hLTSJv-tcBSOai7b0Q76FQ/photo.jpg,Good,5,0,1.52,2021-01-09 04:39:35,,
gp:AOqpTOHTxUEmq17SIUiCQjcf6v9kJ1FtSV_ATGt_gxaIpDg79hTakZdORc6aXXHzmg9F8LPdopaCEoOUAS09Rek,Ian Cunningham,https://play-lh.googleusercontent.com/a-/AOh14GjyBLTwzqHVFQ76Dpu0ZLyEN7JBaRPTu6aANr8tBg,A great version of sudoku.,5,0,1.52,2021-01-08 09:09:25,,
gp:AOqpTOGNPSGGRuLqiHczTfHGiL0IYzVYVCmlkV1o5rthAfaHKBJTHaWiOUwvjX2DAAdxC1ZPTnGkk5hpY2uOFgU,Jonas Almeida,https://play-lh.googleusercontent.com/a-/AOh14GjRi0sssZaIN2b31e0dKehKsemM-Q0dUWs4mjQYPv4,"2 years since my last review and I keep loosing the stats records, as someone who pairs for the game I'm annoyed by it at this point. It's a bug so it should be solved. Forget about saving it on the cloud. It lacks an option to backup on the cloud. I lost count of how many times the data got corrupted and I lost the goals. Today happened again. But now all levels got the same stats.",2,1,1.52,2021-01-03 19:15:25,We're very sorry you're still seeing this problem with the app. Unfortunately we've not yet been able to recreate it here and we've not had any other reports. Cloud backup is not available but this version now allows export and import of stats file via Statistics screen.,2021-01-06 08:03:33
gp:AOqpTOF61vaNeWz_S3fL_H__mWJ6B_RGQUV4ufhVlHrIaIC9ClbBgZLOwYzlSJtuD138BgWbK1acsOSeWXxwsEY,Rad Delaroderie,https://play-lh.googleusercontent.com/a-/AOh14Ghq201CifAt1rbpzk0uE83qxab0f57bHue87J5K2w,Well designed,5,0,1.52,2021-01-03 08:32:09,,
gp:AOqpTOF3N2AW4-H-rp68B6lnT0jAQ9KJoZAJ9sDybfetaNvn_W8aF1b0_wbWstozXPC1hVNTv87FtGi4teo4W8I,Craig Palme,https://play-lh.googleusercontent.com/-q02F8Dpu6hw/AAAAAAAAAAI/AAAAAAAAAAA/AMZuuclnTknhPaJ9q0FkLLpZJByHruzq2g/photo.jpg,Works,3,0,1.52,2021-01-02 10:14:53,,
gp:AOqpTOHWaaMixeqkqAFYQ-Zky4yhZnvzB_aPBxt6oUD0MbKzUrrpA3GYihEn0jIid-LRjaSmvcdvOqmew6dvh9g,Colin Mathew,https://play-lh.googleusercontent.com/-P3vAsewL_Cw/AAAAAAAAAAI/AAAAAAAAAAA/AMZuucn4xaf8Z59xPdjhlgdw9O4KjwhGbA/photo.jpg,Great app. I spend many hours on it.,5,0,,2021-01-02 04:42:24,,
gp:AOqpTOHNf4HwECBcSw37XPqLAoPQnx7M7fH-LpPMMzfTTcAIl4ELihLLcsWRV6SVYp-Qvf31WywWh4UUc17LAyU,Steve Rolf,https://play-lh.googleusercontent.com/-vgJm98SN4bA/AAAAAAAAAAI/AAAAAAAAAAA/AMZuucl_JEOZri7ls_PAuU8LyN9tgvG3lg/photo.jpg,The best!,5,0,1.52,2020-12-31 17:05:55,,
gp:AOqpTOHHUkRgKROZZ5aEDSSNr8QUMtzxUM9vTGD-_CN2IGOsToiC2HPc64I4nvV1M1q_9_pD4EI0Qek4b_jeC8g,Stuart Hemstock,https://play-lh.googleusercontent.com/a-/AOh14GjKJw0-vTUrwHgMuawAyjWE4NyUhhk1kmoyu-vq,Great Sudoku games. Easy to play. By paying i never have to fight the adverts.,5,1,1.52,2020-12-31 12:39:39,,
gp:AOqpTOFq0gjVQLs4sbpsElDpN8Ba4axCnHiu4RfJE3Xbl1ec4ys1aVZEuZZVfgWlg1_clfZBkrAGYPU8Y2tnZ4E,Mike Shank,https://play-lh.googleusercontent.com/a-/AOh14Gj_oPD1yacbboeqd9Pzif0ZkSzubqSA3uCOMOiVqg,"Good levels, since screen.",5,0,1.52,2020-12-31 10:07:37,,
gp:AOqpTOHzftCHvUyNz8ArcdqFjSQ2uHFaI6BPkVFjfgYTsBbRvYFQHyWQWR1YnfzrZ1U4dWuZ1x-CfkOYye7g7zQ,Tom Baldwin,https://play-lh.googleusercontent.com/-cBSCiOpfELM/AAAAAAAAAAI/AAAAAAAAAAA/AMZuucmEtxI-x_X0QizIsLO7D7l0qhWbyQ/photo.jpg,Good consistent games well organized by level. Like the note taking option.,5,0,1.52,2020-12-29 21:32:08,,
gp:AOqpTOEZtOBU9WmD6E6DanvjAJqMn0VvOHkd1ggw7G4P356CsRXRotTFaKSkG_cxeXseeuQfDoptAkq3AbjfhXA,JG Smmns,https://play-lh.googleusercontent.com/-XuWdngoI9uY/AAAAAAAAAAI/AAAAAAAAAAA/AMZuuckT8o_gJZbWVEFqel5N3XZ5axT0fg/photo.jpg,I enjoy this version.. would give 5* if it kept my completion data when replacing my phone..,4,0,1.52,2020-12-29 19:29:40,"Thank you for the feedback. If the version on your old device was up to date, you could export stats from the Statistics screen, copy the file to your new device via the cloud or a computer and import to the Statistics screen on your new install.",2021-01-06 07:57:23
gp:AOqpTOF-ZPMGh4KUL4MtK4CdRCQtLJ_8pQHSDIZeJzofemKPHWXaCdvR2fWSBeLgo8PQdtKKV5KAXffWyUPTiEc,Thomas Walton,https://play-lh.googleusercontent.com/a-/AOh14GhWcHSV5Bo2ZV-h8INX6DLcYoUzdjyfXx50NI1AHw,"A very fun Sudoku app. I like competing against the clock, and I like that it will tell you if you double-up numbers.",5,0,1.52,2020-12-28 00:58:56,,
gp:AOqpTOHW4CaCP0pybG6mvvxk--HWL2Zyu_9MPVnUTlhVuT3rRtDfiq2N3w_CEvJ-xE4s7wlYG3j1Y1JKgAsUMy8,Jill Ortner,https://play-lh.googleusercontent.com/a-/AOh14Ghby-VHwsTXKe_0QiWJCMt0y8rdIIlyIIhZ8Tt0TA,Nice graphics. Good selection of puzzles.,5,0,1.52,2020-12-27 17:10:36,,
gp:AOqpTOFuPNxjU_zRp3ZxYTa4Ei5cB6KnuJhyb0568p-HmmpS5UmJR_EfLKUZEWxalKHYS889qS-oNEkeXYMB3uo,Barry Borton,https://play-lh.googleusercontent.com/-BafvG1NiG2s/AAAAAAAAAAI/AAAAAAAAAAA/AMZuuclRaRr_x2nZN885I80RmY9mZX_s8g/photo.jpg,Fun and challenging. As you progress you learn.,5,0,1.52,2020-12-25 12:31:03,,
gp:AOqpTOEYrsDHiGfRVzkbSHRFLXmKF4F8Wd_uw6jT_P3sD7d4S6k91L5vbysfbeYZgl97qXquj3XjLLL8_ekd1zU,Richard McCartney,https://play-lh.googleusercontent.com/a-/AOh14Gjt-m6mgiN4Esx8jkdm9mI2_dlPe9RrOik9g1Xodw,Thought provoking. A lot of options to help the beginner.,5,0,1.52,2020-12-22 04:47:21,,
gp:AOqpTOGkwX8jrP8Qop-cwvTuxOYjdenH83zdfglwMH_BNIKEmgVRhyWfz0NJ2Jwtfhi9nAzlumWu5IOyAEMwivY,ЭРМ,https://play-lh.googleusercontent.com/a-/AOh14Gjth6amRXZshMhXxdlBvJRICGxwF7IU1NHU73oM,Good,5,0,1.52,2020-12-20 13:12:23,,
gp:AOqpTOGFcRV91ljdyA0PF6FBl8i2_driQejjd6YeKR-c-VsbmYpx8Ka2x4BHvFevM9CMcTkD9MDa6tgEGDgNxdg,Phillip Reid,https://play-lh.googleusercontent.com/a-/AOh14Gi3LVhIiKfEO2JyjP4eco2l8ayE-NdvmjFEPMEUlQ,works great,5,0,1.52,2020-12-16 14:22:32,,
gp:AOqpTOH0d2dbC9ykY9CUPmmrsghxakZ4om-QsFQz2TIgfY_xy8IY8Igyo5jGEp76ju9eYOml_krvhFoSIuXrLh4,Michael Crawford,https://play-lh.googleusercontent.com/-TmYTnKk6_18/AAAAAAAAAAI/AAAAAAAAAAA/AMZuucldCYFj4rW35OTazh6BJenrNhmBRQ/photo.jpg,"Easy to use, good mental challenge",5,1,1.52,2020-12-15 03:23:13,,
gp:AOqpTOGL13JOPPTcueYyz7t1UBR1Baoc1FuEEOE-3Qx5FVF9Y2zgvB2vGtwNvjS7gedC6TZKu6V1792IJkSs3yo,R. B. Stewart,https://play-lh.googleusercontent.com/-wzmxxyJBuO8/AAAAAAAAAAI/AAAAAAAAAAA/AMZuucnxDxzinaWqjxwAQqnkOJvfDgLIHg/photo.jpg,Always a challenge. I play at least one game per day and finished all games on the easy level and now on the next.,5,1,1.52,2020-12-14 17:39:37,,
gp:AOqpTOFIzag3y_orUMVEACXnme-Ml5cZAiyyXfhCinIc22N7Pe4vWyuRNV6ty8H2sdka8E_wnyN3MwpETV7ZqsQ,Tom,https://play-lh.googleusercontent.com/-NaZAJPkHpJo/AAAAAAAAAAI/AAAAAAAAAAA/AMZuuckAKrqbOww_lC01j9VlzXSTNX_g0A/photo.jpg,"Love it. Been entirely through all 1500 games 5 times now. Will do a 6th time through. Won't work the seventh time though. I'll have them all memorized by then. Wink, wink!",5,0,1.52,2020-12-13 20:26:35,,
gp:AOqpTOFy53ZuRmggqYVthYhGHlZTQ9xh8kPeIFrvArpsTksOTF2yskvHFJGD-Rt_mq2Xg0NIWm2JmqD_zDedRXA,Frank Dykstra,https://play-lh.googleusercontent.com/-7k92QdRGGe4/AAAAAAAAAAI/AAAAAAAAAAA/AMZuuclp7Sti0L4poL99p65eaQXoKs8ezw/photo.jpg,Great app use it all the time and it is free,5,0,1.52,2020-12-13 04:58:12,,
gp:AOqpTOE0T9UJZcEYRX2E1opbCS2FQNc03JrRYqZkBogRI86vDpXRLXmBsC9UoZ6UHM5RSICMChVOJ5qshxik6Hk,Brittany Costa,https://play-lh.googleusercontent.com/a-/AOh14GjDcyWfoTLzv41aOCKCtcW2Y_XJEe2V_3EpwxPjHw,Love this app!,5,0,1.52,2020-12-12 23:06:49,,
gp:AOqpTOEHwRVOKlopNi_mjytEXy4vVBSOVxGfplrjMatmo1vzSahjFGRvHi9mhPpIRxuYRgMhJWIINX-N3gNVsxY,Dan Verwoert,https://play-lh.googleusercontent.com/a-/AOh14Gjp0EhnwBSxWmvtUykzbO112MjIAAPqcQPmqVuNfw,Have enjoyed playing Sudoku for years on paper and now on screens.,5,0,1.52,2020-12-12 02:24:03,,
gp:AOqpTOGdJq2xZALBN0RNArSXzLys77Gd_KsWSyyVAiBRXmw4pqktD0r6VSfvEZ9zdDXmw6_86NtaCLE6ZLmwuNE,Laura Montesantos,https://play-lh.googleusercontent.com/-w02KQl0mxlY/AAAAAAAAAAI/AAAAAAAAAAA/AMZuuckUzyWxrwKgGGAR_UZkdvNKVUYtdQ/photo.jpg,Best Sudoku App.,5,1,1.52,2020-12-11 11:19:27,,
gp:AOqpTOEHp5HfuGHNq2YqkuYgVQna3qfBW7i_3W9Dr3N4mwpdko3NEusAK24sSCyg0hKl6vFDMVqSMlDC-LWXZbk,Kevin Yeoman,https://play-lh.googleusercontent.com/-qYriPgMDa6Q/AAAAAAAAAAI/AAAAAAAAAAA/AMZuuckwqt5zO0MPBDLtAePfl6AyGdipAw/photo.jpg,Great game.,5,0,1.52,2020-12-10 16:37:54,,
gp:AOqpTOEFhiezcX4tKZ8hsxolNmX0PHLHzIw87roepf3dVWhXbngNRIfMF8c5SeZW9kX1vG80B1FMlWD5L7bDhWw,Al G,https://play-lh.googleusercontent.com/-W30NQ1V37Es/AAAAAAAAAAI/AAAAAAAAAAA/AMZuucmPntNwIIqs39Py2GzAA0kZh8hQOw/photo.jpg,Great Interface. Different difficulty levels provide challenging puzzles for all levels.,5,0,1.52,2020-12-10 03:33:12,,
gp:AOqpTOGBkxBveXEjJseXNpr-CLHbeQP4Z55TMhRZ1rkLSF7j0AiRkYZ6Qnrea4sJrGQu_XQvaaMf_8R2c6b9S0c,Laura J,https://play-lh.googleusercontent.com/a-/AOh14GhW8sT-I306us_JJlqzTR_lHGYOzs0E_OzCECXxUw,"I have used several Sudoku apps, and this is my favorite!",5,4,1.52,2020-12-08 17:38:38,,
gp:AOqpTOGKNd3OiMHRIC4mzQhc5JykE_UeMbGJFykI_6ctFPxmnKwEFEQSYv2tj6L03QBS20tFui912Pc5OIklqLo,Paul Slavens,https://play-lh.googleusercontent.com/a-/AOh14Gimdx9wboMLZ8VekC08PyvkpIN7ll-4jlg_hxlBow,Love,5,0,1.52,2020-12-07 12:58:12,,
gp:AOqpTOEHoT0KZ1QDwGAXDmfZcsodpfDajBQ0NtLwf7V-Shp0OlO1u-hnxukG_oF4zH-hnuarbKrFvPLkh7b2D90,James Kidd,https://play-lh.googleusercontent.com/a-/AOh14Gh0SwSqmNcYeRfuRSgbGnalcgQI5rcWIcNyC9ApoA,"Love this game! Good job, devs! 👍",5,0,1.52,2020-12-07 01:20:22,,
gp:AOqpTOHlkPx-16uiKRRNI38-rHJqfpNwPh_Iwmg5cGM6L1LeVpzrr3vF1FdUjhU4HThZS4sGsSs77myLcyZPY6g,Jill Coelho,https://play-lh.googleusercontent.com/-x5wvqqR0z0Y/AAAAAAAAAAI/AAAAAAAAAAA/AMZuucl6uzRXAPrZ5M7QZn4ud5w2Ape2xg/photo.jpg,"Calming, time clock not worrying me, no ads in the middle, and challenging just enough to my memory and strategy.",5,0,1.52,2020-12-05 18:31:24,,
gp:AOqpTOE-1WdttVFzUc2ytyTfhEToRmO4mJUs3mLDaJgmtA9ZDvQLbFD34hMbaGDo1wfPlvLR6sO3fGSopj2aCwE,Theresa Nordwall,https://play-lh.googleusercontent.com/a-/AOh14GgzDk78gsif-MQ8w4MyhcQjkhb5Iajyq6vgRvIH6A,Love this game!,5,0,1.52,2020-12-05 10:52:46,,
gp:AOqpTOEwVF3WBlKfLF2_Yg179D8TAMKCJhWlvurjksG3KfKqxJXPLE6nP97KI82EoiysHC6PJSzoahaLuRw2rog,Damarri Campbell,https://play-lh.googleusercontent.com/a-/AOh14GiJWFOh7Py90-TH-O6c0pFJlP0EQyXmLEl-XiXf1A,Love it 👍👍Enhances critical thinking 🤔,5,1,1.52,2020-12-04 11:53:10,,
gp:AOqpTOGQ784gIFh9PUVw39Vg2rIMel0lQKZNK36Ap3sSTTGjwncBYiDPMbnGLG4PgGu9SgM7QLksZCLC75ta3kc,Ernest K,https://play-lh.googleusercontent.com/a-/AOh14GgKe57Tnsl5E-Z0pn-2-AWn7UefsdIIEHWWL3I3,"Well worth the investment to remove ads :-) There are 1500 puzzles at five levels of difficulty, and I've played them all a few times; intuitive controls, and options to highlight ""clashing squares,"" etc. Timer keeps track of best time for each puzzle, so you can complete against yourself. My only quibble is that tapping a puzzle opens it, and the controls to move from one puzzle to another are small, so it's easy to accidentally open a puzzle you've already done, resetting the timer.",5,3,1.52,2020-12-04 11:52:57,,
gp:AOqpTOGLpX2-3oCwOKfiadHfTrwzSVO_w_5H8wd2jgELrP6JDFGmKqMk8v57nBB6pC1sGGZoxv1og9Xto7-xfcs,Kathryn Buchholz,https://play-lh.googleusercontent.com/-3y37gTKGONA/AAAAAAAAAAI/AAAAAAAAAAA/AMZuucmPj6tAQRL4qKliJ6dYMJxZnxBewQ/photo.jpg,"I've played this game for ages, to detach myself from the stress of the day before going to sleep. Love it!",5,0,1.52,2020-12-03 12:40:57,,
gp:AOqpTOEGLUoiQmOce620nIj0ENpsNn9SlNvBbyvbqpC3pNBoCVT8zqRFtUUCPBYRv80qzymNr79pe1tgp5HruWM,Jim Weimer,https://play-lh.googleusercontent.com/-tv4RW1Cdi1w/AAAAAAAAAAI/AAAAAAAADr8/AMZuucko-u0P5wjAxsx7iiJxr81QIAUDig/photo.jpg,Great game with no annoying ads disrupting games.,5,0,1.52,2020-12-02 19:09:07,,
gp:AOqpTOFXDqh6XzS0H1Xrrpxu8OsVWp3KZz7i1mxoYtFPPh5-4qP1b_qu7IdHptVFq2w4ZLVMy1MODneQ1VY7qyY,E Judd,https://play-lh.googleusercontent.com/a-/AOh14Gi_y0-kW7B4ouZOQgQvEuRdicBphU3qoneIPufwqQ,Good game no issues,5,0,1.52,2020-12-02 12:19:03,,
gp:AOqpTOGKJwY1uSW9iDki16Wz5L8ZceNccxiB4WC1YlfWaLC2wuhnL08UaQoEYufl_YLW7oztn0mGp00EX0y8lrE,Mike Harvill,https://play-lh.googleusercontent.com/a-/AOh14GjsN4KznGYMchsC5li2Lawmjha0-P92ijn6Kj-HVw,Best Sudoku app ever!!!,5,0,1.52,2020-12-02 06:02:22,,
gp:AOqpTOFUwwdD-b5wrC48thKxVlOmWqcMN03u3c6l5T1r-CskHLkN9oHes180OqOTftIOtqVWTFcpO86l2PRoIjA,"Brian Vining y,46",https://play-lh.googleusercontent.com/-iVU4GuHgoQQ/AAAAAAAAAAI/AAAAAAAAAAA/AMZuuclo6chOY-QFV4sD3yl4MAWEWYcc7g/photo.jpg,Good game.,5,0,1.52,2020-12-01 22:48:07,,
gp:AOqpTOEQy7LMzjzDGDMOB0Hkmd1Uu_StpBYG4dmG_bnIUPpZB6_xp1bCZo-eCxEi5vruBqqUw5Gmu9H78P3oMz8,Rene Masse,https://play-lh.googleusercontent.com/-GsPyoPeYT4E/AAAAAAAAAAI/AAAAAAAAAAA/AMZuuckbOgHrc__scbIRdRIjuvwdAJrvFA/photo.jpg,Just a good game .thanks to the developers,5,1,1.52,2020-12-01 21:28:59,,
gp:AOqpTOFN7RJ2dPd5-9mb18MiAzaM1ASCwcely5No7nSVpwTaJwRea3M_zyuSZOQoOrOnaiqjIkT3eCTexnNNay8,Brian D'Lasselle,https://play-lh.googleusercontent.com/-txASdb2-Lu4/AAAAAAAAAAI/AAAAAAAAAAA/AMZuuckb67t1mFS0qiumi9RQJtTj1aSIpA/photo.jpg,"Makes one think what needs to be in a row or column to solve the puzzles. Trying to solve the puzzles, as quickly as possible each time is fun.",5,1,1.52,2020-12-01 21:26:46,,
gp:AOqpTOHQlARyfvqPUVfK6ac7ENflYSBvKVB2-5e_NtszNtjoTy0-oHyymLgujK-Bcyzn4cUTQbK7JID_ynGTiBY,Liviu Suciu,https://play-lh.googleusercontent.com/a-/AOh14Gj6ZWme8o0VMKXCBxlc-APzvaSxeOwbqhPYp_tB-w,Exceptional.,5,0,1.52,2020-12-01 08:32:16,,
gp:AOqpTOGUON7rxcuzCwTkoUSygI1IP9VfmjCTl5iM1SlSw0abBAjuWht8PJCPJzZACZx594z8OIebZuyAFObp5wQ,Garry Hausfeld,https://play-lh.googleusercontent.com/-xx5TmL-cSFs/AAAAAAAAAAI/AAAAAAAAAAA/AMZuucmOhM4HU35q9nedWuhL5UbIIjCF0g/photo.jpg,"Stylish graphics, simple interface. The perfect way for a sudoku addict to pass the time on bus, train, or when just waiting for something to happen.",5,1,1.52,2020-11-30 19:31:04,,
gp:AOqpTOENSxH7dPsaMKziyxaaCOmLUUh41Tv9kSppB60pPvWQGo-sZIv0q3AFZ8RCPkPrOufSk-YO9Dy7dNWGVjU,Cherie Ambrose,https://play-lh.googleusercontent.com/a-/AOh14GjxIzIE9BS2M3tSch0ZZooGwxSmts5zzsIM6szwyxk,Love this. I play levels 4 & 5 over and over. It lets you clear the stats and start over.,5,1,1.52,2020-11-30 12:52:58,,
gp:AOqpTOGcKozULkV3yfYJ4thjlIpBN3rb9-1Pk2wvXBuNxPPoadB6pJwtXxBo3MoSLZ3dsg7dnrWpyOUQXSY3NNc,David Black,https://play-lh.googleusercontent.com/a-/AOh14GiErOo6gsyNIToDBorx1dR9T7SPPPSQoaf79xu57g,Fun game. Makes you pay attention.,5,0,1.52,2020-11-30 06:05:20,,
gp:AOqpTOEIkmAeRdVlsvcKRiDGw6VhC-TLxbk0CL8L1MPw_DDuYd6sVDGYkfMqBs3gORzOxBAJFvHF2oa-4G22AYU,John Folsom,https://play-lh.googleusercontent.com/a-/AOh14GjwNWSFaHwU1nv1v60UJoJkNc3P5IORuzL4aDMx2A,Endless fun!,5,0,1.52,2020-11-29 22:18:54,,
gp:AOqpTOHDAOYLpoLAuqDAy4MvugIHn-NXJyb-U78cinjsdJFwm_F2bwrugVbu17Cwmr0lYpt7Nye7xg1HFdcaS70,Daryle Fleming,https://play-lh.googleusercontent.com/a-/AOh14GjEnx6XudsKxJfBNBtdKH2bEkc6SY-cFsJaX7oHjw,Great add free app. I play game or two relax my brain. I recommend 👌 this for those who hate adds.,5,0,1.52,2020-11-29 16:40:11,,
gp:AOqpTOF3vn4ewnXXNKM6trAZCD9FUwIjgQG5Lma8fy6PjD5wekhLDLQYEEWIlJ1UWyZ6vrU3ZM8uaGoC05SuAIs,Cheryl Pringle,https://play-lh.googleusercontent.com/-nst5Ab3yaSU/AAAAAAAAAAI/AAAAAAAAAAA/AMZuucnJ-gWPUzV3GDSidlUR6qB9hfkufg/photo.jpg,I really like the challenge of this game. I am currently on level 4 game 155.,4,0,1.52,2020-11-28 17:18:15,,
gp:AOqpTOHBJIpK6_fpGQ0hOYETlsrxjhLB9_vuWHsAOgSdr8Z4xa7J31vnxdV-cruSWW6qdKssCq76hbSMLo16SL4,Stephen Sweet,https://play-lh.googleusercontent.com/-NTpSKFJ3qNg/AAAAAAAAAAI/AAAAAAAAACo/AMZuuck3nsH3m9T8csPEA_pJpeQ6n-RpEA/photo.jpg,Well put together. Logical.,5,0,1.52,2020-11-27 21:24:55,,
gp:AOqpTOFOlb2IK6NymOwaatuPfj2d-9DH29K99vym6W0PE8db4GYgM3o2DhWfYhA-b8Y6_ZO2TeuR8hwRvAWmYv8,Kofi Gyasi,https://play-lh.googleusercontent.com/a-/AOh14Gg1RJvQVVdII4Qa9-DSnRiP4XtwUKMUtPd-n1W-nJg,"Love it, great version of the game. This is the only version I kept after my introduction to Sudoku 9yrs ago.",5,0,1.52,2020-11-26 19:38:50,,
gp:AOqpTOE0n7JyArFTOCX6y2Ro80snZoNb8JirloP_i95QoZh1U5HOTaS9PRDE6VvNYgNeI8lmvAVst26s5rGI7hg,Michael Warnick,https://play-lh.googleusercontent.com/-l2qlk_M6q5M/AAAAAAAAAAI/AAAAAAAAAAA/AMZuuckn_kqADYvm8LZvvjWAsb_3u4xPjA/photo.jpg,Great layout and interaction. One of the best I have played.,5,0,1.52,2020-11-26 14:47:59,,
gp:AOqpTOHUeWz1pbhWtpA51e9qynMattsdM8H3GdkaDtMl2eZWcPGWQ0M39KvBUeVT9aMLswl5-lqjMe2IcqN9kZM,Frank Paulsen,https://play-lh.googleusercontent.com/-Y2x0lPXBa-4/AAAAAAAAAAI/AAAAAAAAAAA/AMZuucnfw_jP-B4TDfpdA9zsQie7guCYdg/photo.jpg,"Challenging, creates a better player.",5,0,1.52,2020-11-26 13:45:34,,
gp:AOqpTOEutnELXK78RWkSB3xPq174_Xb4MbcTlLG5fXl-v1uf5QPEWmuxOPFX0yXWKKrRXZYcf7NTUafVQ9qR33Y,Philip Smith,https://play-lh.googleusercontent.com/a-/AOh14GgzNyP1lnMHI3_xPcbHTsf_VyFajAs7xXevYEEfLw,"Excellent game, been playing this app over 3 or 4 phones. Puzzles are all solvable even if it ytakes a couple of attempts. Currently working through level 5 for the 3rd time and getting my times down to 6 - 10 minutes. Five star 🌟 experience.",5,6,1.52,2020-11-26 03:40:03,,
gp:AOqpTOHQqb_p1udBLlu9zhACxWWOhb1l5FzRcgJ9TGpDO_Woau5DCoJljbijMxSfRBI6s7y5fWGeVtp-MfuK1I0,Mr Horsepower,https://play-lh.googleusercontent.com/a-/AOh14GhaxD-5FKPHjFhngxT_62HVDNHdFhLB29dw2wiX,"plays well, never a glitch, does what it's supposed to. always happy to pay to get rid of ads. blows my mind that people endure ads just to use an app for ""free"".",5,4,1.52,2020-11-26 02:06:57,,
gp:AOqpTOHGCoI-yQC7WrFyqAxUUndEnCeh7BuAVs07elIcSgn7KsGhB2hclYThPzutWp7j2MbYHHleQwlnCZAq6Oo,Saša Aleksov,https://play-lh.googleusercontent.com/a-/AOh14GjJikivfub3d30T3RoxQlUQYtTUxRaTGdHaOa4ItQ,Great game!,5,1,1.52,2020-11-25 21:29:18,,
gp:AOqpTOHZRM460Ou5PbNuK8ZtsSf6cruL2O3g1ETOEvAn_42QwJmTy9yrHhbcZeC95vVtZN6FaRk3axiRhC0870I,Steve Faber,https://play-lh.googleusercontent.com/-iQv2l9GvoUo/AAAAAAAAAAI/AAAAAAAAAAA/AMZuuck5X3ud70LjEAGBIlsd0GBuDhhWbg/photo.jpg,"If you like Sudoku, you'll like this",5,0,1.52,2020-11-25 20:31:57,,
gp:AOqpTOF0hr5CKVRjIw4zyZH_YiBeqKh3Lsy4us6JN-ESToosQsuQr5v1eEahTtDVw93f5u0aaoNyhH7M02DmEjw,Kimberly Kornaski,https://play-lh.googleusercontent.com/a-/AOh14Gjl4uR6TXKh_Lmi9e4W7FqNbDhachdg9MowH1-I,One of the nicer looking boards. Levels for all from beginners to experienced players.,5,1,1.52,2020-11-25 18:53:41,,
gp:AOqpTOF1qonDzM43wssuNgBZC_cYgRR2fqJ0wtJg-kU1pqA3qJJAqLSqOLUlRJwNyyYCxZFZEslSGQk1Z63TZk0,Jim Matyas,https://play-lh.googleusercontent.com/a-/AOh14Gireubmlgo6GEOnIqp17gSDaZ5ImSPWw_5_EIH-GA,Very challenging as you go up.,4,0,1.52,2020-11-24 15:22:52,,
gp:AOqpTOE0hBSuk-idlWoiF5SIRMRqDjBY-YqiKNC37at8PdzFMyjtlmLl7XIKW1PW17HKEokFxCbjyEEppuixY70,Kari Ehrlich,https://play-lh.googleusercontent.com/-Q0iiOXkNcfU/AAAAAAAAAAI/AAAAAAAAAAA/AMZuuclsCNLu0AG7tiSAZrrHsiUCHk7H6g/photo.jpg,A good brain game,2,0,,2020-09-17 20:04:40,,
gp:AOqpTOH-uSW1u3IAQb0rJ0sf-QitEovfYjz-0jE3oN5KqFrbfJP6kEoTOTKf92BwcW6ls5VlEn76Tuew8c7eVLI,George Seears,https://play-lh.googleusercontent.com/a-/AOh14Ggyt6FzJ4pMXVe7JVk0UAVEUVRYQd2drUouoIRS1Q,"Great game, but I've completed all level 5, I need more please pretty please 🤞",5,0,1.52,2020-09-02 01:36:45,,
gp:AOqpTOGY7u2l2HAeuUyvcXBtP9BrGp8HlK9JU_rkLeuccMRVJl0yCc2X0IMCEO9l22gKkRnw1jOSHQ0Cn73QXWo,Betsy Moss,https://play-lh.googleusercontent.com/a-/AOh14GhwKO5oGfwqPMNRI0lw5-EqfZSb0qnCK-8p0mEydw,"Excellent sudoku app. Simple and fast interface and tons and tons of puzzles. Am only half through first difficulty, and have only done 3 on the third hardest setting. Had it installed on old phone before, and this time didn't hesitate to buy the ad free version. Love it and play it often while listening to podcasts or music in the background on the way home or while jogging on my treadmill.",5,5,1.52,2020-08-18 18:17:21,,
gp:AOqpTOF4kHO9UBII7FD5vw4_dNJ-k0z5NdbbDUTvYUQE6iUNgGpUyN3eDTlaLXqoBmyJ7r3K8zC0qN4u-bGYJGA,Paula Moore,https://play-lh.googleusercontent.com/a-/AOh14GhVK11tZMkaqHFfJ2OjQvk5N4gbvdm7Fh7Hm7qG,I enjoy the game.,5,0,1.52,2020-08-10 17:29:31,,
gp:AOqpTOEI_KXExmdVABQRD64iQlRCDgvmgIJXPViwlX7jPWGkTckef-YGTtNNjTFl5OwIxTRbk2yE_zPkZGpCiiI,Jeanagh Punter,https://play-lh.googleusercontent.com/-kzUr5Bys3fM/AAAAAAAAAAI/AAAAAAAAAAA/AMZuucmC3RwTEoz3N3GGXsv0N2WG59-iBQ/photo.jpg,One of my favourite games.,5,0,1.52,2020-07-13 07:52:45,,
lg:AOqpTOGq6hfU6h1_Lnejv1iI8KxVN8v06Te8mtDPbfOHW5BrqlgpZ9hl-P6l-dkF2_LXRO8SeZi2oRMsYMiexV0,A Google user,https://play-lh.googleusercontent.com/EGemoI2NTXmTsBVtJqk8jxF9rh8ApRWfsIMQSt2uE4OcpQqbFu7f7NbTK05lx80nuSijCz7sc3a277R67g,So good,5,4,1.52,2020-05-20 02:54:46,,
lg:AOqpTOFOJu3MuOWuetidH8_jNbAwwpsT9yfG-Lc-o2wRfmNze1dcvtUPBqETYeEXJgQlu062he8hXFKbBb2Y0h4,A Google user,https://play-lh.googleusercontent.com/EGemoI2NTXmTsBVtJqk8jxF9rh8ApRWfsIMQSt2uE4OcpQqbFu7f7NbTK05lx80nuSijCz7sc3a277R67g,"I really want to like this but one thing has disappointed me for ages, a few years to be honest. I'd like to click a number in the rack then click the cells I think it should go in. It's far less clumsy that way. I've said this in reviews for a while but the replies I get don't fill me with any hope of that being done. It's a shame because it would make a great looking app great in every way in my opinion.",3,8,1.52,2020-04-08 14:32:30,"We apologise for your disappointment. We have added your suggestion for consideration on our to-do list but we are a very small, very busy team with lots of apps to look after so cannot give a timeline for assessing any requests.",2018-12-04 03:03:23
gp:AOqpTOHzcP3mLaZ7lYfz87cbpFDGhT2_vVFJp4G94AF9z3P6qWSiaBA4s5rTr3bXHWPgEzfcZ_cl7-YUIl5_43s,Freda J Jones,https://play-lh.googleusercontent.com/-7TQePSWppac/AAAAAAAAAAI/AAAAAAAAAAA/AMZuucnNDcnZPyKTH3PzK7oS4tdOPbBNmA/photo.jpg,"I went back and bought the ad free version of this game. It was the best two bucks I ever spent! Now my concentration isn't broken by annoying ads, which I hate anywhere! I could play for hours, and truth be known, I have! I wish I could give it more than 5 stars!",5,6,1.52,2020-03-18 16:36:08,"Thank you for your feedback. Popup for paid version in-game takes you to Google Play where you can see the price in your chosen currency before buying. This is a one-off payment, which will install a separate app that picks up stats from Free on first start-up if you have allowed stats recording in both apps.",2020-02-17 05:28:17
gp:AOqpTOH1xp7tdigsSmWommC0EfzHpz7rgWx6f-2ruyGZyCrUKWeKtp-3d6kEUi5Zw3O9NATeGbd6ZmyeI7u-HB8,Josh Dillon,https://play-lh.googleusercontent.com/a-/AOh14GjeXP3LPW47apaF2VPREEMSsRSXLRhWIvo_zGwAuwI,"One of the best values for an ad-free experience, however it has dated graphics (sorry Kristie) and animations. Feels like it was basically abandoned by the devs. I guess they made their return on investment and took other work now. For a better UI and game feeling, check out Sudoku the Clean One; it is elegant and modern by comparison.",3,6,1.52,2020-03-17 04:47:04,"Thank you for the feedback. We have added your suggestions for consideration on our to-do list. However we're a very small, very busy team with lots of apps to look after so can't say how long it might take to assess any work.",2020-03-17 05:25:58
gp:AOqpTOEl38chDtyHuGe0ktAgD0GxGbobOfi5b4FKphy01FBHQQovAPQcwMiFP_HKCyJwOGAznVkzA4UY6-mGnco,Jerilyn Majors,https://play-lh.googleusercontent.com/-HJJulTa8gqI/AAAAAAAAAAI/AAAAAAAAAAA/AMZuuckfZw_TiVsrh02VAi4XizPCq8Zw6A/photo.jpg,My favorite go to!,5,0,1.52,2020-03-02 22:56:27,,
gp:AOqpTOHqT_TCjPU_OZPUjyI9uHPmNIFMdHj2tDjbvs4gTNUWAiiKBynoK0lbUQPO1IJe5iGVB7z6tF8zfBgNr7Y,gareth qually,https://play-lh.googleusercontent.com/a-/AOh14Gi7uU7rHxPipo8zICF_Gut3aJWUHUlzd6XU8l2n,"I enjoy the puzzles. Totally functional. I would love to see an UI update to a cleaner look, possibly with themes.",4,2,1.52,2020-02-26 15:47:39,,
gp:AOqpTOEPUOuQtJ8TJb9hYfUpGjzye_kNJGt4UpCLfmYt-yAhXD0ZY6eei9-KBqkkgynAEXMH9dFkpEeq4ewSupU,Iscu Andrei,https://play-lh.googleusercontent.com/a-/AOh14GjSgC9XJRcUHgWKiIa3iu5-4V-Zg-wlW4NjCXC4VA,One of the best sudoku games on playstore.,5,0,1.52,2020-02-15 05:19:29,,
gp:AOqpTOFHjd_jR_c6FjkxkIBkIeCJO0eWHJcQx6fgG3EXe0dfQoy45XGxgNYU9uWuojDG7kk2HV55df7pnMLpw38,Simon Mitchell,https://play-lh.googleusercontent.com/a-/AOh14Ghz65WtFV7_trz5EvCq-3KZhmocqjulR6XDwn_vipQ,Simple and easy to use.,5,0,1.52,2020-01-17 10:58:37,,
gp:AOqpTOGe_igXwchhrX-DAI3RCNiQyCb2h_4VhTu79FUqeuCxXSdr1KFW1r4fvSBbTK9MP2k3R5faP1TYyy7WQeU,Anne Taylor,https://play-lh.googleusercontent.com/a-/AOh14Gixhwpgqud8RYRu-tYkkpe7UDFIdQQmSqX1HRvpHQ,Love this one. Gets the grey matter working!,5,0,1.52,2019-12-21 01:57:03,,
gp:AOqpTOGNrxxTYPQqkJGC1G0haAO1xV94vYfWj7OBVWDevzL4-eWZ3R8ZOJw7o_rvzzaZjlD-exzS3hhkJgofA9U,Ivan Jekic,https://play-lh.googleusercontent.com/-B7wmdt9lNrc/AAAAAAAAAAI/AAAAAAAAAAA/AMZuuclMOXCTa4W3ii330iIFW1RzeuLMQw/photo.jpg,"flawless experience, 300 puzzles in each of 5 level difficulty (a ton!)",5,1,,2019-08-31 03:11:14,,
gp:AOqpTOHjQYzmsw6a2Fj7smEPJR8LLABzNsoRZGSXOqS2TSm0ZTATf-q0mFr01FJ_sQlviBY8wsKg8h6Qk0HoxNc,Geoff Butcher,https://play-lh.googleusercontent.com/a-/AOh14Gga_tFe4F32KQ3VmbaI24okaDBcAAGfrY60FgP_zg,"This is an excellent implementation of Sudoku. Not only that, I recently contacted support about a problem (which turned out not to be a problem with the game but with my stupidity) and the response was rapid and effective. Strongly recommend this game and this developer - 5 stars is not really enough!",5,8,1.52,2019-08-01 08:57:48,,
gp:AOqpTOEMvvdBjd-ASBigKHUpprEULahx7SPupS7OeeXFksXHr4Uhv3aR2EUdBuxBWCzDBTKCnIQf6TjlwaaVliE,Oliver Vickery,https://play-lh.googleusercontent.com/-bHyBMUV4MM8/AAAAAAAAAAI/AAAAAAAAAAA/AMZuuclKlbuexVmly4fbJ2hYEqBFuH7Mqw/photo.jpg,Gme well done. Like the timers..usually i set a goal by you can just play for fun. 3 challenge levels. I like it..nuff said.,5,1,1.52,2019-07-25 21:07:08,,
gp:AOqpTOHXwFUOEiTnPxd-8ALgdNwxZ_P6XlW8MFOGblzlPPd2QDXgWfUHorYKdD3K9FEi1Ow4OcLT6qFvAlTm0Uo,Mr. Jonah Aitchison,https://play-lh.googleusercontent.com/a-/AOh14GiMKsIQOmR_9MRi_tSJbz_l4QO1O9gy0GLcn8BaeGY,Simple Sudoku. just what is needed.,5,0,1.52,2019-07-21 20:25:53,,
gp:AOqpTOHl3OjPoU4bTSoC0ySsQ6UDJYgGMbWgcH_51jPkML4KEu2orw0o6LgYNnHQfwKH5zvlB8eHR1tTLCIKRZw,Stephen Foster,https://play-lh.googleusercontent.com/-ukTMrXmc6oI/AAAAAAAAAAI/AAAAAAAAAAA/AMZuuclsjd9FwgjI83qa-N9f-LsEvJARXQ/photo.jpg,It's Sudoku with lots of puzzles to do. Worth the minimal cost.,5,0,1.51,2019-04-12 10:16:46,,
gp:AOqpTOHzE0VlNnZqDU_HICicr3xmml_CNpvuEofXdeN2Z5gDVP7hry7fAjKfYYYt3AXI_CqZHaRA-TAhMTIFAoo,Vojtech Jakl,https://play-lh.googleusercontent.com/a-/AOh14GiAtRiwGu06B0N5fXWfrtfk9sA7C0On87J3IDPK,"simple problems only, intrusive menu options after each game, intrusive system of games numbering and classifications",2,10,,2019-04-08 14:45:20,Thank you for the feedback. Higher levels are more difficult but we expect to improve this app in the future.,2019-04-09 01:08:49
gp:AOqpTOEakQ-sfvZgN-ZK0fZYvfHZV9-2A8DKsGy9RrE8CnLrE5zmbr4RkJ17GENiiCERmJp07IwQxgQh0H8keKo,A Google user,https://play-lh.googleusercontent.com/EGemoI2NTXmTsBVtJqk8jxF9rh8ApRWfsIMQSt2uE4OcpQqbFu7f7NbTK05lx80nuSijCz7sc3a277R67g,A good way to pass time and exercise simple math skills.,5,0,1.51,2019-03-23 06:21:52,,
gp:AOqpTOFNr1KOK98Exp5bqffaDMwJBT9Tog0XwPtiT4-qxaQp3E7Lmguw2FZPC_fIK9o85jzLdIEepF-jfqsIVhU,Ginger Thompson,https://play-lh.googleusercontent.com/a-/AOh14GgnT4bxv6FnLaZG7riHa0A73ZAu5ux3UEflJ6-8fw,Yeah - its fine. Mildly average but surprisingly manages to be very addictive & lotsa fun. 😀,4,1,1.51,2019-03-02 18:53:41,,
gp:AOqpTOFI271K1M7YrL12oBTfjtjAetjXx3dcUGo5OsroFCi0qbWbUxY8VfO2iyjrDrIe1JZWbc2os5raGoCUrpA,Denis Kutri,https://play-lh.googleusercontent.com/-kM1Grp_ByLM/AAAAAAAAAAI/AAAAAAAAAAA/AMZuucn-lLVakbAiU-S3HuiIS0v2u6AddQ/photo.jpg,"I would like to see some kind of backup for data, cuz this is second time that i have changed my phone and second time to lose all my stats :( on the other side, awesome app, my favorite on play store",5,5,,2018-12-27 17:39:27,"Please find Sudoku.stats file in AI Factory Stats folder in old phone storage (app will need permission accepted). Save file to computer or cloud, put app on new phone then uninstall it (to create folder), replace stats file on new phone with computer or cloud one, then install app on your new phone again.",2019-01-08 03:08:36
gp:AOqpTOEeQJGHj4ojb_tBD93Gv54EsVnwfgqP4hI4QqN1cCMsTqtZHz7_K9qORb-SzZTwmlGO_2FYpaJXl8v-3wE,Misty Foley,https://play-lh.googleusercontent.com/-JSRjTxh1ueY/AAAAAAAAAAI/AAAAAAAAAAA/AMZuuckUmmvlKMr8_pwQHOKNxQMR7zcfVw/photo.jpg,Thank you. Yours is my absolute favorite sudoku app!,5,0,1.51,2018-12-05 15:51:51,,
gp:AOqpTOGPg28d_NxS_WvxxIh-BV7nA_w3P0rxeTRwVb5z9GIJeA1rP70NLiUmm1uIHukHNcYt1OmuMFTZX8bJ86k,Cindy Royster,https://play-lh.googleusercontent.com/a-/AOh14GhQPQKLuDHmMicDTzBCs2VrHmnlHjNIp-RlXMbEsPs,Good interface. Best thing about it: you can put multiple number possibilities in each square easily and remove one or more very easily as you work your way thru.,5,8,1.51,2018-11-12 19:05:05,,
gp:AOqpTOHny3kms1TWXfEpT_6uv7x1sa1rEzeOvpQDMhVfuu6gtMSJhR48E1hTtV5VONLNzpPeA5d7FTDrkXLh3SE,Michael Bolding,https://play-lh.googleusercontent.com/a-/AOh14GiXAqZHwFBnUMRrRBL_gVgNjIQot5oaO8dNMrt8,Love the color option! The dual number typeset option is nice too. I just HAD to upgrade... it saves my time over updates? Yes please!,5,0,1.51,2018-10-07 06:27:01,,
gp:AOqpTOGPjEekJIWMbeitEk6i1UpI5ol48u6JCzvg0fhCpftB2AT8SvKe_iyjHrTiUKgi9x7fukEW4r2Tm8xwhOU,vjj,https://play-lh.googleusercontent.com/a-/AOh14GjkOcZnvtgk9cyLuGhrWyUpqZ497wBQsqtk5oGFRg,"There's no need for the introductory page every time I start the game, just to force me to push the PLAY! button several time, when I want to play, obviously. I am missing automatic random selection of the next problem from within the previously selected level, without need to push another button again. And I really am missing real hard brain teasers. There's only 5 simple difficulty levels, NO REAL BRAIN-TEASERS, e.g. with 17 numbers set only.",2,16,1.51,2018-09-10 22:51:28,"Thank you for your suggestions. We will add all these for consideration on our to-do list however we are a very small, very busy team with many apps to look after so we cannot say when we might have a chance to fully assess them.",2018-09-11 01:09:15
gp:AOqpTOE71P2xGwQRhnccwzKfdJgh1Vpkr3grGuW5O1vGKLSKj1jb3OMAcWpCpLDSr0O5ZoZi2DYLy_BP7sUXhp8,Jeremy Webster,https://play-lh.googleusercontent.com/a-/AOh14Gj8VNfc4w9yvqbU5ZgVF2Z4W07jae7OvbHcjspBsQ,"I've really enjoyed this app. Will there be an expansion pack with many new puzzles? If so, I'd be willing to pay a few dollars for it. Would it be advertised inside the app?",5,1,1.5,2018-09-04 08:08:52,"Thank you for your suggestion. We have added this for consideration on our to-do list. However we're a very small, very busy team with lots of apps to lok after so can't say how long it might take to assess any work.",2018-09-05 01:04:25
gp:AOqpTOFxrw6EYLj8PDmktgIaMr800bg_bYYXZiW4x4kd3eEw3VNB8zoQDjLArj4HVYO5SckZ3r9YzW5KmhvxEnU,gene chambers,https://play-lh.googleusercontent.com/a-/AOh14GhSHCi5t3NuVc2nNJsg6_iFrZWtnE4z6uHIS3JL,Level 1 can beastly l solved a level 5 quicker than some of the level 1's sometimes I want to do 10 20 minute brain-pushups,4,1,1.5,2018-08-31 16:58:06,,
gp:AOqpTOEMdGNE7dzYnnZjv6ldVTeGbSXPCVQG1oTir_QhqFfEHeH-BRFxPIfZxxbiDVeKmBIhKU6Qw03Z7tOZ4og,Nonnie Purdy,https://play-lh.googleusercontent.com/-nZ640i7uRlg/AAAAAAAAAAI/AAAAAAAAAAA/AMZuucn-2mJgQpKJXNSgQDfRHe8TtYjwRQ/photo.jpg,Enjoyment!,4,1,1.5,2018-08-24 08:50:02,,
gp:AOqpTOExJFt4vbGAPq1pRHuzZ6U0ikc8gD_dNr7vy15TQTuEVJlYYNta1BKGi2PzlJCuCsKYI_No3pkD86uneOQ,Pete Shipstone,https://play-lh.googleusercontent.com/a-/AOh14GhLmK4xaiG-S7-vMGascgQ9avpa2OO2j8QuMrJWJQ,Tablet mode??,2,2,1.5,2018-08-02 01:43:58,Thank you for your suggestion. We have added this for consideration on our to-do list.,2018-08-07 04:17:26
gp:AOqpTOGcgAAjqNtaqZluLB3v4XrwSAgvEx9K3nVekf52oR7B7J-wSYfNyyWwk9hTtVo4-9f0Ht2kooaeU0fFgrc,A Google user,https://play-lh.googleusercontent.com/EGemoI2NTXmTsBVtJqk8jxF9rh8ApRWfsIMQSt2uE4OcpQqbFu7f7NbTK05lx80nuSijCz7sc3a277R67g,"When an official number is entered, please auto delete any notes.",3,0,,2018-03-09 14:55:32,Thank you for your suggestion. We have added this for consideration on our to-do list.,2018-03-12 03:47:47
gp:AOqpTOH_helYsdIzbGmTi5LVmrD8mMsZ437wkUzbMNAzowBHcB0lPO5oQJ6Qt0TUColmGGE4GCF8snt6y5uCMOA,Gus Esquivel,https://play-lh.googleusercontent.com/a-/AOh14GijtGUWhkMcbgyh35Wan05w-p-H_PQIJlJ73tfDhvw,Only thing missing is online syncing of your progress,4,2,1.44,2018-02-01 21:18:41,,
gp:AOqpTOEcdWxrOvKRA3u-gWhXSXwIDd_XFZaidWi2H6K5wfSvI3sU_D39FBT_8zxKfBXIRqcyt_f298E3MczhZD0,Alex Osorio,https://play-lh.googleusercontent.com/-fNkQfnZYjT0/AAAAAAAAAAI/AAAAAAAAAAA/AMZuuclUk7sKybi3jYLCXKFFkVeaSnIGLQ/photo.jpg,Awesome,5,1,1.44,2018-01-30 17:20:38,,
gp:AOqpTOEXrDai57pujMYUfGY4yVUwjVJ3BV3OJfbONpejAQvxG7xxxCUuLgYLudy_rLKsk2ancM2_NII5C55inuY,Virginia M,https://play-lh.googleusercontent.com/a-/AOh14Gid9FzkxLSR2Xj-7lYfiQhJiRzFkYxcdcn_taTLc6g,"I really like this game.  But the paid version keeps disappearing from my phone,  then i have to re-down load.  No other apps are doing this.  Just posting here incase someone else is having this issue.",3,4,1.44,2017-12-01 09:10:04,We're sorry you're experiencing problems. We've not seen this hapening here. Please contact support@aifactory.co.uk so we can get some more details.,2017-12-04 03:43:14
gp:AOqpTOFMbm9hsvQP_m2MJwkwBuIdzgJ1-BBUMMpYCY_UtH4lKtxCksWs33fLdnRIGQNM-yH1X4dUtGTCPH_y5g4,Tom Combes,https://play-lh.googleusercontent.com/-gx2ltsLed7c/AAAAAAAAAAI/AAAAAAAAAAA/AMZuuckM4wslkKPemT6CZ88DrOQn1AU26A/photo.jpg,"Great puzzle, interface.  Would be an excellant interface for a hexadecimal (16x16) sudoku.  Hint! Hint!",5,0,1.44,2017-11-03 19:39:40,,
gp:AOqpTOH6wC659QMq4VjV9PhPbOmb-na9HgNXbqEkZk_cih6L11xmHfRkukMOZx2HFVBqcyco4gx9uznQUtbuSbU,Andy Bolstridge,https://play-lh.googleusercontent.com/a-/AOh14GiuVv4BbL4bVT_pdqS4Qz7M65Znedk28HE-lxIh,"Works really well, as sudoku puzzles go they've thought it out well and presented it well.",5,0,1.44,2017-10-30 17:44:03,,
gp:AOqpTOGxGabeH_YMklNwkOZae_riXvzqDG99v7b0679ak2EV6xxFSWZlLRfEcaoBUkhlhkOgHRtnLGWH6rQtRxo,Tim Stubberfield,https://play-lh.googleusercontent.com/a-/AOh14Gjx3WcZ9FhJOQ9PUT-zt9M_dMkDEOWPf0YRqqsLMw,A really good implementation of sudoku. My only gripe is that I've gone through all the level 5 games three times and wish there were more available.,5,2,1.44,2017-10-10 00:50:10,,
gp:AOqpTOFrAOQMRnHoIXBc6V0saynPBLoypCn19jxN7_urdSzW26X1K2C-uUu0nriVA_setEIProc9jb5U78Xhr2I,catgurl felinus domesticus,https://play-lh.googleusercontent.com/-5jgSZgGQAyM/AAAAAAAAAAI/AAAAAAAAAAA/AMZuucmSTOK0RkoDY3uokXiHzVxNyYAYTA/photo.jpg,"Love it.  Had the free one and upgraded to paid.  Excellent version of sudoku. AI is awesome, minimal ads in free and only .99 cents to buy.  Got to support that.",5,0,1.44,2017-10-05 13:12:50,,
gp:AOqpTOHXvZEdLTm8y51DFGs97EeMT6ZPanHj6mUHYMH6uZvWzNAQZt899SzvGTE2aJQxsoHXAXrZtqk6rC-gep0,Tatiana Garcia,https://play-lh.googleusercontent.com/a-/AOh14Gh4nLH6MOEGzuUGdXBXcPVvJYWPvait_toNFpH84O0,1 star because you are not updating all your apps except for the chess app. And it is not fair because they are both paid.,1,5,1.44,2017-08-15 09:56:05,"Thank you for letting us know how you feel. We are a very small, very busy team with many apps to look after so it can take a while to update them all but we are still working on all our apps.",2017-08-21 08:44:33
gp:AOqpTOGLQlsXf613FJHYKCHvjLempq3EnAIpUgs2_nSuOm40kpyKnD9JqxjQMpyMuWo77-wC-zwPQmlKuPyPx8A,Morgan Stone,https://play-lh.googleusercontent.com/-M710NnO5okQ/AAAAAAAAAAI/AAAAAAAAAAA/AMZuucn4vxZxZn3g8ut4Tj9BZ8hSto-iCA/photo.jpg,"No landscape or display rotate view. Bummer on a tablet; can't stand it on the table to play Sudoku while hoovering down fruit-loops! Also awkward to hold the tablet vertically. Otherwise, a decent Sudoku game with nice eye candy.",3,1,1.44,2017-07-23 06:26:53,Thank you for your suggestion. We have added this for consideration on our to-do list.,2017-07-24 04:12:47
gp:AOqpTOHutigVrbFwAYBBYMFbA6bNDo1s4ZYdK2FirlnovfH5hJfzmqMkL4aJIOU0fxiBl-A033aXMCug7kWy0Vs,Dudley Filkins,https://play-lh.googleusercontent.com/a-/AOh14GibuDdB013aMunLEr8fzseOw1BoQ3_nmoz2Ytkn,Great way to learn and enjoy sudoku. 300 games at each of 5 levels. Additional games to download would be nice!,5,1,1.44,2017-07-14 13:15:57,,
gp:AOqpTOHkZAkQEe194CXvWnM69RfyXf3qJ0Tc_LQtZJYGarJ3HJBeQQI7kqMOuxs3neR92pbf4-5-w3xHXQJ-G68,Ivan Jekic,https://play-lh.googleusercontent.com/-Ycf1AU5wp7Y/AAAAAAAAAAI/AAAAAAAAAAA/AMZuuclB6Wh16S7q2zRBs7Jl2JiMJdZmWw/photo.jpg,Best sudoku on android with clean and nice interface. Well worth the price for no ads.,5,0,1.44,2017-05-14 13:32:13,,
gp:AOqpTOGQ0JNJ6-hr9JbGBEYMG74yLIJPKEn4wwz4HuiDOl4mP6VTTVestROFRCVOhWob4dexOqy6xaIUtBdpTuc,David Orman,https://play-lh.googleusercontent.com/-wABmR3fDhkI/AAAAAAAAAAI/AAAAAAAAAAA/AMZuuclkXqbugKXrqKDDl1tn8Oj4s2O73g/photo.jpg,"Excellent app.  Works well, has sufficient puzzles to keep me happy for quite a while, and useful stats. Of course, there could be additions (additional more difficult levels is just one) but, for free, I can't fault it!",5,7,1.44,2017-01-04 12:54:45,,
gp:AOqpTOGwUwFsTCvI1xIFf52k5Z6mkgjl-eRJRqshzxW1wXHg6ilv7TXGKe__VKBBCbF5iKZOgqeD3kQVg5S1w4E,Dave Heyman,https://play-lh.googleusercontent.com/a-/AOh14GhU5PZVlyWmjmC68-Jb8j3fNmj4f58tb7sS5bMbkA,Worth the money,5,1,1.44,2016-12-02 15:07:41,,
gp:AOqpTOG2ryJqcVgGObZV9OJm8Ml4Ooof1LalJ39e73qP3MvblUzsAoZm5Juv_0dfx8BjjdGtK6h443zOzBz8oTY,Krisna Putra,https://play-lh.googleusercontent.com/a-/AOh14Gi9yugrbCHR4N5t3DVWFDH2O6wY36dMgBIzmEE4,Need cloud backup please,4,2,1.44,2016-12-02 11:37:50,"Thank you for your suggestion. We have added this for consideration on our to-do list however we're a very small, very busy team with many apps to look after so it may take some time to fully assess.",2016-12-05 04:41:05
gp:AOqpTOF77vFBnyupO86nYQzQaATjb_lXq26bwWY7VigTNaHgBDv_KAxEka_BvadPpqdtj8eQCqnwDCYV4NkKRtc,Michael Wyche,https://play-lh.googleusercontent.com/-uSxO3W0F8oE/AAAAAAAAAAI/AAAAAAAAAAA/AMZuucn6XVMU4Ti169yLpk9fPZf1g-SMWQ/photo.jpg,It was to confusing to learn.,1,0,,2016-12-02 09:12:12,We're sorry you're experiencing problems with the app. Please contact support@aifactory.co.uk so we can get some more details of the issue.,2016-12-05 04:41:49
gp:AOqpTOEH7tYhDSB0X3Pn-k-HiMgAArlCmYx2D7xw9eih91FEqYjxCqusiuZrobFyF0RMnWCuatcuwmCqhztLKcQ,A Google user,https://play-lh.googleusercontent.com/EGemoI2NTXmTsBVtJqk8jxF9rh8ApRWfsIMQSt2uE4OcpQqbFu7f7NbTK05lx80nuSijCz7sc3a277R67g,Same issue as paid Euchre......won't rotate to Landscape Mode. Please fix this issue.,2,0,,2016-10-23 07:37:01,Landscape is on our list to do but we are a very small team with a very long to-do list of maintenance and requests on all our apps so we cannot give a timeline for adding this feature.,2016-10-24 04:51:05
gp:AOqpTOHw4nbwh6RqJqsSlaNJkD3bMt9l44HZaGEpK4Rz19cvXMKpqRVlC0GUNKXpWoSiQYK8TvkxgISXvKU3A9I,Franz Pattison,https://play-lh.googleusercontent.com/a-/AOh14GjgMc58To7U4vnOVOTjsKsPE1PcJeYlVON-hX-pzQ,"I got this but none of my scores from the free one could be transferred over, and I'd rather keep my scores, so I just went back to the free one",5,0,,2016-07-27 13:39:31,,
gp:AOqpTOGXNpyK8FiOoJmaL7cRdYnYrCIrJKGExSkgQGQ84mLHvfRb0xNF-6S1jwr3HLoeh7wKkV0X8tlfq0hfmLQ,Randi Custer,https://play-lh.googleusercontent.com/a-/AOh14GhNqRJIAHi3nlJ0QvtED37NjZaL5rAhbWSm0q-JlA,"This is Sudoku app 5. I liked Sudoku Fun but ads everywhere used 700MB data in 3 weeks. I figured pay for it and save data. One of those was terrible. This has great option selections, easy graphics, outlined boxes, highlights all same number, auto notes, auto error color, all selectable, and it is tougher. I was doing them in 2.5 to 3.5 minutes. This takes me 12. Solvable but challenging. I only wish it highlighted the row and column of the selected box. It's a keeper!",5,17,1.44,2016-07-25 17:03:21,,
gp:AOqpTOGgAKYl5S_ENhNsC_rLoRAeaUlj5KjmQGzKgqpe-ZdPfZL_SAAuA6nkrx3OQBztbBghPm-cFIOueiW_UoE,Luke,https://play-lh.googleusercontent.com/a-/AOh14GjZzRXccUqLtWM2eMyCxsUT6bCs3RfdOnL9QxwM,"Works like a dream no lag, no issues all you want from a sudoku game and cheap too.",5,1,1.44,2016-07-25 08:30:47,,
gp:AOqpTOEJ59UaoFED5eOCD2Yq4TE0K-0KVXGUlZcFTPQ0T7_KXl2tmnoaW9kBTNwPlluSs-xXJQoazED2qRld2oE,Robert Garza,https://play-lh.googleusercontent.com/-TGlyK9_jTe4/AAAAAAAAAAI/AAAAAAAAAAA/AMZuucny566WdJyMnXoQsC_-seEBp14ApQ/photo.jpg,"My phone had to be  factory reset and when the game was redownloaded, all my user information and previous games, stats...etc were lost. Any way to get that back? Would give it a 5 if that is possible.",4,3,1.44,2016-07-10 21:50:14,"Sorry, factory reset gets rid of all information on the phone and we don't know of any way to get it back. Sudoku statistics (but not individual puzzle best times) are recorded in the Sudoku.stats file in AI Factory Stats folder in your phone storage so you can manually copy these to external storage whenever you want to make backups.",2016-07-12 01:05:29
gp:AOqpTOHkpeJ86JTZqe88MpWkmelFnkKpbwFEYOYVUML3xrJyZ6gWkuU9OXcVp2ViLCogaewM4afTOctNaf1mXQ0,David Carroll,https://play-lh.googleusercontent.com/-KYoAPCsg128/AAAAAAAAAAI/AAAAAAAAAAA/AMZuucmEZ4_4T4lutpNbG_mtJ_V8K1fwDw/photo.jpg,"I have several apps from AI Factory, and I love them all.  Sudoku like all of their other apps that I have, is well put together and very playable. I do wish that there was an option where I could manually enter a game (like the one in the newspaper). I used to have a Sudoku app that allowed that, and it sure was convenient.",5,2,1.44,2016-03-29 09:00:38,Thank you for your suggestion. We have added this for consideration on our to-do list.,2016-03-30 02:09:13
gp:AOqpTOG9CNIGQuqhSL1RZSMqeuqTWqggJdHMn0FFTxVe1775UHNjqlz6yX3oGKjg2h5KaVygwvsUc60U7kPwAfc,Rita H,https://play-lh.googleusercontent.com/a-/AOh14GiKIx2rmB1ostaMNlzVozIRwRcskqwoVX85QNo4Qg,I gave it three stars cause I can not use it in portrait style. I like to put it up on tables on the stand and play. Portrait style is needed to do this.,3,0,1.44,2016-03-17 21:07:57,Thank you for your suggestion. We have added this for consideration on our to-do list.,2016-03-18 02:23:36
gp:AOqpTOGVXgIb-kJbgB-du-cTThvBOiI2YIFrdzQcHIY0q8iZGc3MXKjnV-wWBJi-HKsYJYdnlFUWO1f1zU_XZjI,Keith Farrell,https://play-lh.googleusercontent.com/-0w-7cbjatMg/AAAAAAAAAAI/AAAAAAAAAAA/AMZuuclK6NGirRbSjV2ggYbPHODtdBlHZg/photo.jpg,Excellent app. Works really well and I can live with the ads on this. Wanted to support you and bought the ad free version but it doesn't pick up the stats and progress from the free version so had to uninstall and continue with free version.,5,0,,2015-12-19 02:34:30,We’re sorry you're experiencing problems. Please contact support@aifactory.co.uk so we can get some more details of the issue.,2016-01-06 01:39:25
gp:AOqpTOEAtnIdCIKvXpfWtVAwdCOvWcE7OKrrnxgQXCEJ4E78tNje1wYNxPsCcoICv8xxGRGUychuj2eyQJW2zyI,Christen Perey,https://play-lh.googleusercontent.com/a-/AOh14GgBEjRQ4nh7C3mpDQ5Eo6m3YPfVbx9Z7TzirRo0GWc,Can you use google api to save game data? And we can restore it whenever we link the game to our account.,5,10,1.44,2015-11-25 06:22:02,Thank you for your suggestion. We have added this for consideration on our to-do list.,2015-11-26 01:40:46
gp:AOqpTOHktenLt549Z1Jx-DDilhMzo1ABItPEayskiJbiMtPWqc_zlf0-E7SWYbMBXgwdG3Cmg0YSnY1ViZWg7AE,Bill Falls,https://play-lh.googleusercontent.com/a-/AOh14Gg_10GkwL4gwZ3JzuhVBTthds596W0nYZ37MKoOogk,"I've been solving this app's 1,500 Sudoku puzzles for years and have no complaints, especially as they've resolved the few awkwardnesses with the timer, lost stats, etc. A higher-contrast day mode and darker night mode would be welcome as I've written before.",5,2,1.43,2015-10-15 11:45:53,Thank you for your suggestions. We have added these for consideration on our to-do list.,2015-10-16 01:12:29
gp:AOqpTOFwABseFb7ds95iPljdrf98HdTOE7mp1qTTOoixPW3mbPloYs4xXPwHEsZ_lTU10mR6YMBJiE6Zgbe_cgQ,Steven Steven,https://play-lh.googleusercontent.com/a-/AOh14GgOia3xm5FZY_b0AGJ3Wx3rHJOAHxGRYDRBtOKcsA,"As stated in my FREE versions reviews of ""AI FACTORY"" titles : you've gained a customer! Extremely well coded and down right FUN games...keep up the good work. Thanks.",5,2,1.43,2015-09-25 18:20:34,,
gp:AOqpTOFyUg6U0PrcmPDZskPGNeTv8ebobzW3tl2cTxKQ6LhwSyezCggTGU7h6MzmuLoHARz5frNHhp23B_QN4gs,Irene Durda,https://play-lh.googleusercontent.com/-iWuBYIxE-SE/AAAAAAAAAAI/AAAAAAAAACs/AMZuucnQqpEf1VJtsYXcwBFZyTbZKIte6A/photo.jpg,"Purchased this app after trying the ""free"" version thinking I would have another 1500 puzzles to solve only to find that it is the exact same set of puzzles! Disappointing.",2,0,1.43,2015-07-17 16:40:03,Sorry to disappoint you. The description does say that the paid version is the same as the free version except for ads. Please contact support@aifactory.co.uk if you'd like a refund.,2015-08-25 03:47:22
lg:AOqpTOE7W76oskHYKIaMGu4AsMeRnaiEmxFpkvcxEyKZMnRR7Svvw5KQWRo5iSQXyqp-yeqSwkwJH0YnK7rNdi8,A Google user,https://play-lh.googleusercontent.com/EGemoI2NTXmTsBVtJqk8jxF9rh8ApRWfsIMQSt2uE4OcpQqbFu7f7NbTK05lx80nuSijCz7sc3a277R67g,Updated 07-13-2015. Best!,5,0,1.43,2015-07-13 09:13:07,"We’re sorry you're experiencing problems and sorry if we were slow to respond. We are a very small, very busy team. Please contact support@aifactory.co.uk so we can get some more details.",2015-07-13 05:13:36
gp:AOqpTOFGHUOouK0ab4DC3RwhQlwmWnlt8X4xVVlgQuU4VrC7vorhr_lgrdvNSC5A8nBivWnm9f-9CxSVl-RrZKw,Tanya Ayn Duncan,https://play-lh.googleusercontent.com/a-/AOh14GgisrKvhbzk9NoejPtC8klDAMTdjts_ewZV222Sqg,Love all their games!,5,1,1.43,2015-05-16 19:48:41,,
gp:AOqpTOE-cODgkZf86swClJ_uGcRk2y-UeZCwdqFqqPRGHuxQdDd7E5EL0d9F78vqRrADIq80XjZxOsjm1bBWq18,James Bell,https://play-lh.googleusercontent.com/a-/AOh14Gjnwqeg6bDiZUHbV_nfEiiaON1OCTwTWWK6FxO5Tg,I've played like 200 games and take like the interface.  Ads are not distracting.,5,0,1.43,2015-05-03 09:19:12,,
gp:AOqpTOFunADm6o7ZTz48FeR6YWOd0bxbKTDYWby83jyvQU3jA4n5BP6UYDdtJOWZd-vcNJaAvC2pz_3F1O5ewUY,Carlyn Warn,https://play-lh.googleusercontent.com/-eyYn58bANLc/AAAAAAAAAAI/AAAAAAAAAAA/AMZuucmYMrRFFoTm7ilk-MRvg8ojSanhcw/photo.jpg,Well done! A great game.,5,0,1.43,2015-01-17 20:37:28,,
gp:AOqpTOGvYrkEnKkxjJydu2FA4zFOMH81_Mx_ztHS1QgFE-UqXcu5NWuAq5kJZBvqoeaSYNI4DWuWCFGJVAaTv2s,Petra Buys,https://play-lh.googleusercontent.com/a-/AOh14GhUprFYOG1YZJR5KUn8yyIy1I2cqjVCFH6tbEFC,Numbers language to be enhanced,4,0,,2015-01-10 05:21:00,,
gp:AOqpTOGt4xxDADnkF66aYSLH2uBtoJSZjW36i4Mjk2I9YK2baA_s3BEIw2dpgwtvT0v3NLZ51bhwmNnryOJt9xo,David nicholls,https://play-lh.googleusercontent.com/a-/AOh14GiqBMDoxYJ8pBAiN64MtevgHGa0jxNEJ-Q83gnX,I downloaded several versions of this game (all the others were free!) and I found this one to be the least helpful. I could not find a number of the items mentioned in the 'How to Play' instructions..I have now deleted it.,1,0,1.43,2014-12-29 13:57:40,We’re sorry you're experiencing problems. Please contact support@aifactory.co.uk so we can get some more details.,2015-01-08 01:11:21
gp:AOqpTOEmg-Lw3VOy1c3CvIxxJcF867jboJ8FVgxMnQijaGPB22sF4peqyDOekloh23ZOTfRs5AZVHR8UkgLwD5w,Michael Doyle,https://play-lh.googleusercontent.com/-cp5w6tBYD3A/AAAAAAAAAAI/AAAAAAAAAAA/AMZuuclHEVaafAg9Z2v0ap1qZzT3mLkfmw/photo.jpg,Love trying to beat my timed score,5,0,,2014-12-16 00:24:00,,
gp:AOqpTOHttNtcuclkbKdiIJqEcO1bNd5Kvw07gcKbssWC-aGF6aw6S834SKPVQZFrSNK-lktCEPZ-USvLkPZxLb4,Abraham Ayende,https://play-lh.googleusercontent.com/a-/AOh14Giq7k0KsiPCabr3pM1JkdRiWXcpceHpriiGI6mFHQ,Best Sudoku,5,0,1.43,2014-11-23 04:04:47,,
gp:AOqpTOEJLGSKzCJjnWgXtCZS0ENw9GTQIGkp7Bv9KqoFZM19Eyhsjg_mCnzvk6GEBMJU8h1t5lItUiq9G3MezhA,Eddie G,https://play-lh.googleusercontent.com/a-/AOh14GgQQkI_ZhjswbE0XZ8L_S7TZxsUbRiPqVoqpe_Jog,"Spend hours playing,  exercising your mind and have fun.",5,0,1.43,2014-11-20 17:54:17,,
gp:AOqpTOEdKxhRDDfvCid4O8VoLDo9Tq2TjenAvdRL_BgdQeVw_FCgZK7HlDR7_SQWyrQ08C0DAg7EZZOxr3E0Vpg,Vincent Concepcion,https://play-lh.googleusercontent.com/a-/AOh14GiuFi5cSOk9f2MFGyZNVkPrtNNjhSxYAtAdQKhp,"Simply the best Sudoku app on android for having a pick up and play UI, effectively using screen space, and looks good.",5,1,1.43,2014-11-20 10:59:14,,
gp:AOqpTOHMFG8AbR174jdCD1Zhe-16SKpubIuZ3u4SLWI0eZpEQfLgZ9Kny4Q67TaB2XLZcPy08A012vYqWYs7Q2w,A Google user,https://play-lh.googleusercontent.com/EGemoI2NTXmTsBVtJqk8jxF9rh8ApRWfsIMQSt2uE4OcpQqbFu7f7NbTK05lx80nuSijCz7sc3a277R67g,Love having this app available in my pocket,5,0,1.422,2014-09-20 15:03:11,,
gp:AOqpTOHdlRsPbXZVA1ZxofWoPE6ANb4vVpjq1Fziaujsl8k8AQ8saJRIfAQqMob7qNCwvdsuYoqVbH4H5bKEE9M,Ramesh Thiruchelvam,https://play-lh.googleusercontent.com/a-/AOh14Ghf557DRp-B2uGrwQXaaDBLPgr-Cm8v_o6405Vg0c8,Integration is missing to share the achievements!,3,1,1.422,2014-09-18 11:43:27,Thank you for your input. We have added this as a candidate idea for consideration on our to-do list.,2014-09-25 03:30:18
gp:AOqpTOGaPQIxpmNAj53H2mY1V5U8GYotDrpXJrbFC5q32d4eE_cPm8qHTMAj2GWNDgviUSp76MklQKUUsGMREd8,Jeremy Inman,https://play-lh.googleusercontent.com/a-/AOh14Gh0BrhFfYS0GO3ltymY9vH4wxq52Ai4bniWtO-w7w,Really good app to play when I am having to wait.,4,0,1.422,2014-09-03 08:08:23,,
gp:AOqpTOFhNKKLT4HaAgnuhLYKvl7oCcwlb6Pv1_mfZDYglo-Fqvw0sbFkSru8AitT3XvbjHLDCJaWbVP7MaZ_I2o,Barrie Bramley,https://play-lh.googleusercontent.com/a-/AOh14GjLUp6xKbYf3W-0AEaWXfTeE8Pvt8sNFnpG59wmCw8,Simple and easy to use.  Keeps me busy for hours. What more do you want?,4,0,1.422,2014-09-02 10:44:17,,
gp:AOqpTOHH40Xz-31RlmLtFnTX5C1sKyne9Xbey9rAxNyxIx5erN7ErZqdDuSMBy_ylVlFqCCdNGk07YDVmlYx_qk,Denis Birnie,https://play-lh.googleusercontent.com/a-/AOh14GgPy0d_1G36_pMPsjLsOde7Sq6pu28a8uu-VP3wnQ,A great way to fill in 7 or 8 minutes with the occasional mental workout.,5,1,1.422,2014-09-01 21:22:33,,
gp:AOqpTOHQX-G4YrO5QK5hbT1DLCOao4HtKvJQjedB4VHwAe7UTt9QqAOvdCEN3dbwwwoZJy6Mv9pDEiORDKaukxM,James R,https://play-lh.googleusercontent.com/a-/AOh14GhccDXzz7ruJOwdrllrNwTvUIcqiSiRY1ZXpMBIuw,I really wish the timer would pause when the program is minimized. Right now it keeps running in the background and messes up my solving time if I leave the program.,4,0,1.42,2014-08-31 09:37:24,,
gp:AOqpTOGkEF041AY9b0mjk_dgvm5Hcq9YD-enpy2vH8rPrVDsK3P0F5MhdqS8TYNWpjphxfNhKVxzXv8jRKW-c9o,A Google user,https://play-lh.googleusercontent.com/EGemoI2NTXmTsBVtJqk8jxF9rh8ApRWfsIMQSt2uE4OcpQqbFu7f7NbTK05lx80nuSijCz7sc3a277R67g,It just needs a pause button and options for different background colors.,5,2,1.42,2014-08-16 04:07:20,Please press the back button on your device to pause the game.,2014-08-19 02:00:23
gp:AOqpTOEprwd4jzfylHzZWI1H931gWK-lWlIdEwlKTyfqPQezo1f2xYvtYva5uKLuqqXSNbR5y4KAd9JYYXCvSJw,Jeremy Evans,https://play-lh.googleusercontent.com/-0R9_e1Jy2Ks/AAAAAAAAAAI/AAAAAAAAAAA/AMZuucnZImWvXMoE10cjcWjC2HmcFrG6Pg/photo.jpg,"It's the best.  Since it's addictive, it means that it's a great game.",1,0,1.42,2014-07-07 20:55:09,,
gp:AOqpTOE_3v7Wl3UkuqwuXq27gIJrWlbIhOiU9ny270nPd4-GnAHo_EQTdsCCAnymNZN0BF4eL3iH4iT_24J3syI,Humour for Mammals,https://play-lh.googleusercontent.com/a-/AOh14Ghs3JdWjmjwauzCagO78Vq23HAg5bxSNIoz4Te33g,Make a gomoku app with online multiplayer and good graphics!,5,0,1.42,2014-07-06 12:43:59,,
gp:AOqpTOEt00tCOveB6x5ylVr2bKgwKZhfT4CqyXZ07U_yM27JV5pGyYvzhhf0EQT81c4NspFDZWCNhluyYDQyCIk,sondaha maivha,https://play-lh.googleusercontent.com/a-/AOh14GgXmNB_cH0wcWp8rbGBYLazCZeY24d62JCqmprp,Excellent!,5,1,1.42,2014-06-20 11:34:12,,
gp:AOqpTOGIiLS79GkZTbNkKZ-YL8rgTQAOJTi8Kvj8rTcPMzup3LYYzMxWqBUYl4JtXrhLoCX7sHbIb4yxbUyKjwM,Tamas Szigyarto,https://play-lh.googleusercontent.com/a-/AOh14GjvfKgOUPJ3nnmDzG452nPXbQ1pcuGTsN7uguxnfg,all time favourite,5,0,1.42,2014-05-27 15:29:37,,
gp:AOqpTOFfE4nVevLbkHHCRC7-p0GgZWIPIPDakWGzWYODHy4GWySiiRCqjdgNq4m7r6cHZyIFm6ORctw49ONVlFE,Nazrul Azraf Azizan,https://play-lh.googleusercontent.com/-xEk5FIoaiqc/AAAAAAAAAAI/AAAAAAAAAAA/AMZuuckpeG_sawz9tis1FeHIdcmeaiqTQQ/photo.jpg,Good. Excellent for ur brain,5,0,,2014-05-16 15:15:48,,
gp:AOqpTOGfNvTPgpqmeHtijUpebxxuxkXly5zDwt4WGdSpHy_ZaQeeGNHk5KTOZLokKGTS1DhlAQTsVk7bLnq6z9U,Shane Howlett,https://play-lh.googleusercontent.com/-j4ivkSAD8wE/AAAAAAAAAAI/AAAAAAAAAAA/AMZuucmNtR_FjHzS_ZaBgOj61pE8FZr6zw/photo.jpg,Great game,5,0,1.42,2014-04-27 21:51:22,,
gp:AOqpTOFeha42ydY4AVNYRI_vSwC5uMqjsCQpjHLGxbSm9HR8_RDX5ZINxZ1EJL9WI1UC5kzEv94pdV_p4JqvPM0,marlon sonico,https://play-lh.googleusercontent.com/-w6Zj2B8U4xU/AAAAAAAAAAI/AAAAAAAAAAA/AMZuucltgdWdPwPJyswIRsJKDMd5c4Oxlw/photo.jpg,"Got a puzzle on difficulty level4 that could only be solved by duplicating numbers on the same column and row. Don't waste your money, even if it's only $.99.",1,0,1.42,2014-04-26 20:09:16,Solution posted in reply to your email. Our app has the option to show numbers that clash but not numbers in the wrong cell.,2014-05-01 23:54:26
gp:AOqpTOGcqX6jsojAUVaSbEJHGs9chkbP-tGrsrpz6vntfeXbRew5wRdeI94MTf2oZA3HXx5NOF8rk07ldblYFM4,Hesadrian Boediman,https://play-lh.googleusercontent.com/a-/AOh14GiDRQ9-qtl5RueeabHHlrbsj87e9pHjDxsFSbv4Hg,"5 Difficulty level, and plus 300 round for each level, its totally awesome",5,0,1.42,2014-04-11 00:20:55,,
gp:AOqpTOExFxPwu3GctfKZGVhCoQAo4gFnU5Tldr_ZvX7N1DWoRhVDdGpD8iL9v3wFT8gO_GPYhMgTNIPsTz-FbSo,Shay Holmes,https://play-lh.googleusercontent.com/a-/AOh14GgTrkv8EV06aAJHpZeYV8KYtodkyL4lfeq-YSE0WA,Fun and lots of puzzles.,5,0,1.42,2014-04-07 10:32:19,,
gp:AOqpTOF1uJS6nlO6kj2HET-CCR1w2hLfMwJ6YcyhdVb8SfCWAMpAn6_gTM0p8-4ScrlTuEmFMjgGfKSaISXcPCw,Just Me,https://play-lh.googleusercontent.com/a-/AOh14GjWyApLdUnxi1Lc7npGTYohBPb7eMoDd-5Vn62O,Just started and still figuring things out but do enjoy it so far :-),4,1,1.42,2014-04-01 09:34:50,,
gp:AOqpTOEq4IVJx4ihrTyrmoC6W6fcZ5FrNx-Nktum6bB4mBHB3XpwwDSwgA5JRl2c2AcdQNK6bWV6IBZ197tLLqQ,Chris,https://play-lh.googleusercontent.com/a-/AOh14GiI5vpOPGK1RQzrFvTtKXUPvKpvIhGkhWvVp-ZttA,,5,0,1.42,2014-02-24 22:57:18,,
gp:AOqpTOHHS2Y2xW8tmO_QW79r9g-Dj2BCyz4V285Bl5zEjNxLF0dFJ5t-K4sDH2hQw1gZ9X8ymBplsQ7eQgj9G68,David Bell,https://play-lh.googleusercontent.com/-uuT8DIHHoEA/AAAAAAAAAAI/AAAAAAAAAAA/AMZuuckVN6WeqdcHnNuv4-EkRRw1L9C14A/photo.jpg,,5,0,1.42,2014-02-18 05:37:51,,
gp:AOqpTOHtG7NvI-fmgVDP1laL04R1H12pIn6FtMzuk3lKGoBWbFm03SuKPFKiPTAjjoa7FjQgCGA6PPTAn1YMgGk,jimbo finesse,https://play-lh.googleusercontent.com/a-/AOh14GirBVCoL9VecEtCSfZEFc7jEiAr_ORXmihnh880Ew,This Factory produces quality games. The low price for the ad free versions is always worth it.,5,1,1.42,2014-02-14 06:48:18,,
gp:AOqpTOGUyRMqx0vkelCqM2Xt7n5FC6moqwnaHfgq5832RBWMOekFpFXJFytz2tefZUnArx1YqmUR2gLr5tWrkc8,Bob Nicholson,https://play-lh.googleusercontent.com/a-/AOh14Gi3EI4mcMhideR3-ARFIKIoaa5N6T-_e0gVE9u2BYE,Great Game!,5,0,1.42,2014-01-10 18:08:08,,
gp:AOqpTOExrAbj6Igp_JxqDMbH5nfozlr8nxTPyLylkpqz6zvS9siZd6AcWcqyy_ma80ReZzM3-fvvjm80NvO9owE,Asaf Manassen,https://play-lh.googleusercontent.com/a-/AOh14Gj31DoQJGNgIBjz6uEL2zGJ_Flx_o6Qc2_Rm7jcng,Very fun to play,5,0,1.42,2013-12-31 06:06:35,,
gp:AOqpTOGc_wdAHhqiyNcG2O4U9W1EAMg8GuD-nxTz2PozPpsfmxMqgJXRv8FiH3zbg5EChTQYAJhv1hX8hgNAPA8,Ed Payne,https://play-lh.googleusercontent.com/a-/AOh14Gg3Q_ejvDD1ulOX_68DpxCR_EvQFZ0yCxfASjbgOQ,"I enjoy this game, but occasionally and without warning it clears the stats, so that the check marks disappear that let me know which puzzles have been completed. Please fix. (Samsung GS3 on US Cellular. It has done it AGAIN just now. Grr",5,3,1.42,2013-12-15 13:29:31,We’re very sorry you're experiencing problems. Please contact support@aifactory.co.uk so we can get some more details of the issue.,2014-09-24 01:37:26
gp:AOqpTOH94P_4_A6FKaog_QEvmU7ICI8fZMbttWuK4jFVTpu5jZqTuOR8wAkgTRxVJ6pqtgc7dTx9H5LTktoZu3A,Nemo Woo,https://play-lh.googleusercontent.com/a-/AOh14GiHJjkxVKA4OKHYGD5GdjaOy2UW_3t_7MLVlmaQSg,great apps,5,1,1.42,2013-11-28 00:49:03,,
gp:AOqpTOFZiiwo95Bx23yDqDmQI31uxQoDKP2YBhdGA4MRW5uDRongB-qSYQokLEeapZCFeP0OKzGc_UiqWSLNK9A,Hammam Shakarchi,https://play-lh.googleusercontent.com/a-/AOh14GgB6Z3JsBUz_fbvNoJFC7TxEyibrtlTR7wSnMNX1Q,Beat Sudoku ever.,5,2,1.42,2013-11-02 09:16:08,,
gp:AOqpTOHpCPH2C-ie89ktigHaby-Sn4hAl3HB3lqJETorZfImgaVGvacxrJuIDlXX1MLTyL-4mK5W5dbdhlK6Weo,Juan Martinez,https://play-lh.googleusercontent.com/a-/AOh14GiTSsmgKV4KnxuO2YCISF6oR1zDtd6TLJAmTyFHJQ,Awesome game :-),4,0,1.412,2013-11-01 20:28:34,,
lg:AOqpTOHITZYBF1pMESKGwTUbtu-9rThy79TdCjb1-ax1R6ZortyV7n2t7hUu1Izzyj64t4Peda3zYVBTqITBZFU,A Google user,https://play-lh.googleusercontent.com/EGemoI2NTXmTsBVtJqk8jxF9rh8ApRWfsIMQSt2uE4OcpQqbFu7f7NbTK05lx80nuSijCz7sc3a277R67g,Almost perfect. Astraware's implementation of pencil notes in sudoko seems to be the most innovative I've seen.,4,0,1.42,2013-10-26 15:20:45,,
gp:AOqpTOHi21EDC79kSagUI2cX-wHJ6IXUWHLCdzPdtFBZVjy7flREZAOc70ja-bZfn7vtaEv0omV3ADfA5queiyk,Frank Murillo,https://play-lh.googleusercontent.com/a-/AOh14Gg8uL05IzlW1_NxfP_MaLpO0ECDxIkMBnTjzWGyUw,If you like sudoku you'll love this app. My only request is that you add cloud sync. I have a tablet and will be getting a new phone and don't want to lose my progress.,4,7,1.42,2013-10-09 12:48:16,,
gp:AOqpTOHo5MHgZ8BxMIC4h1txlXNJrMOj8pjdp59VKi1D90L_Yf29yH5RMTzb0ECADljD5qdXqMHHssyt38aG7jk,Stephanie Johnston,https://play-lh.googleusercontent.com/a-/AOh14GjKJqgF_zPefJTGK6MzqPizh1Hspj8cVs-42Pw2XVA,I've played this probably more than any other game app. Figured I'd make the leap and get rid of the annoying blinky ads.,5,0,1.42,2013-10-06 19:17:34,,
gp:AOqpTOG_6VJbvTxR4O0fH0NGGw48acwIH2YO3A0gl8dZaMUIpuQL-ILOsIOOBVqwIAg2cYOKwRG9eMPS55MSDVk,Sharath Padmanabhan,https://play-lh.googleusercontent.com/a-/AOh14Gis9HR0BjAQpwMdVbzkuy0jnezIlmEkne0PNfzI-A,Wonderfully built game and the best out there but I would give it 5 stars if the following features were added..  1. The ability to reset a board to its starting state.  2. The ability to check if the solutions until that point are correct.  Otherwise.. its the perfect game for me.,4,4,1.42,2013-10-02 07:16:50,"Thank you for your input. You can reset the board by going to Menu, then tapping the curved arrow. We have your other idea as a candidate for consideration on our to-do list.",2014-09-24 01:35:53
gp:AOqpTOGW8wxsI8RClkL-6ZKpenR-DOV1b_v5j3ufeCJZp8owDI3RUjqsNL7sdgnoPqpAtqJ7BovkxYqKYO6Wd6c,Wolly24,https://play-lh.googleusercontent.com/a-/AOh14GgkQbJE4LMTbNepDFxG4PavpdGuaLorJ8EMzncR,"Played the Free Version heaps and really enjoyed, as well as a lot of the other games.",5,1,1.42,2013-09-11 23:20:46,,
gp:AOqpTOG5VqEixMPMA0wq09qkSlmUaAl79S1SHwQkdgBaDi8slGy3L2izhiNSwf3in1XEE47e-qch9jmwBv1sGK0,John Bessey,https://play-lh.googleusercontent.com/a-/AOh14Giq39xZtzZ2KsxAcH-hyE3aEEo7idOZh2HQtDTrNw,Nice interface. Lots of games at various difficulty levels.,5,1,1.42,2013-07-13 09:40:05,,
gp:AOqpTOF9Lv34HmZFcXbITxj4S6ZoOaRwMNu3-qnnrEX_Nbb0bhsyT3mH66IZoDpDV9b2Z1DpupQ_5ZZ_WKCEcDU,Pretty Henry,https://play-lh.googleusercontent.com/a-/AOh14GhL_J0s4Q5r2n1ahfsHYMNDrpUZMPRGW5B4zoqVa5c,This was my go to game to play on my phone galaxy s3 but then  the bug that erases progress raised its ugly head. Now I have no desire to play anymore and I bought this app 1 star for me.,1,0,,2013-05-07 06:50:15,,
gp:AOqpTOFvYwHFvhKqFlW40yfol_TmYxqoPmfXzTt6DZdaKmHly-oeLvJjVlzpcc6DIFF7RhPS1RMg_u-GozBr0I8,Jonny Farringdon,https://play-lh.googleusercontent.com/a-/AOh14GiNNgyfT5RTSPIT5UmVtGdQz7Konle4UIMeGd0Lv2I,Nice interface on a tablet. A bit crampt on my phone because of the notes colors. Overall good but not as great as their other apps.,5,1,1.414,2013-04-17 20:25:32,,
gp:AOqpTOEmKNBzOzD0ukl_PDo2kVUNMj7zqvaV-vNRWGokYLwtoWrvX9vrzcjJCt4qoAsNoIgZqssv8LiF0CslbsM,Michael Baylis,https://play-lh.googleusercontent.com/a-/AOh14GgzLJg2KRUXwghYuHf6Y1kIKdSQ_ZccEnAZWA_e_A,The way to fill the cells is the wrong way around for speed entry. I prefer to select the number band then choose the cells to fill. This version you have to select have to select the cell and then the number. Dramatically slows you down.,2,2,1.414,2013-03-31 11:14:13,,
gp:AOqpTOEhsrIxuPkZSZo79wujI9A2k_sQCJVpzFwba3cjINcFKqMdOngyCQUDc3s5xf8oovAalZLTAjqbCCWNzyQ,John Zimmerman,https://play-lh.googleusercontent.com/a-/AOh14GiJD_FhCi5mFA_iaeHV4ZJHhQtdqUH8WYcGgI6Xpg,"Launches quick, Nice interface",5,0,,2013-03-03 15:13:40,,
gp:AOqpTOF6Oich9VwJvttPrS1Qewk7iMhKAJ1p_F0sjzR0HRA6ilAWFyE1V3x0afnzXuEJj9Bp5JOyHtWGRWcz8WM,Leah Butler,https://play-lh.googleusercontent.com/a-/AOh14GgMexogFLHWJus6sGWTSu6tnTNUJ70V6LTOY4GiFA,This game is average. There is difficulty navigating to another game if you wanted to take a break. You can't even put it on pause to go to the bathroom and the exact game that you've already beaten plays over and over.,3,1,1.414,2013-02-26 05:00:05,,
gp:AOqpTOGsJnoshr9FEnAoLtR6t4iosL9XzljroDS6nOHd3pMFwgrPZHcREch50gMONdByjN8W9rfB6JLG5fIrJ98,Andy Meadows,https://play-lh.googleusercontent.com/-0FfYkkb5eko/AAAAAAAAAAI/AAAAAAAAAAA/AMZuuckLpWE09xL2pUJldCyzIqDTZexB_w/photo.jpg,"Great game until your battery dies playing. Was 70+ games in on level 5 and my battery died. When I restarted and resumed, all progress was lost. This has happened twice to me now. Again, great game but be very wary of your battery while playing.",3,2,1.414,2013-02-20 00:09:43,,
gp:AOqpTOHDeno-rW37DztA_FBgmmPzFtipzSlLznKoorCLH6j4WtHUtHBwEw7UpGXzbVoMuPMQ5v5r_8hQ5rQND1c,Margot Silverberg,https://play-lh.googleusercontent.com/a-/AOh14Gh8eTuxzYnKexb25OnzuEDn3fJRvnCGm-FO7SrW,Love this.,5,0,1.414,2013-01-22 10:03:36,,
gp:AOqpTOH9XJTwn27YUUfqZAfB4LOtXWyEgtBynoRqu3vJ70cJKVIGnGAJR79-kMKJgDU30u0rXzJ98F93gZPkChg,Michael Iveson,https://play-lh.googleusercontent.com/a-/AOh14GhtBA2wY-K3QJ3nJVZ-KqkJAUtU00ZWouO6p0soqg,Not a challenging game even at the highest level,1,0,1.413,2013-01-21 16:24:01,,
gp:AOqpTOFH6yc_XdIuimRng0eUsAZHABUvKUgGbzaw7Si6kEqbFuEItNh5fDnyUNAVczOC83yr_iU_QXMy9o0gRLg,Richard Klein,https://play-lh.googleusercontent.com/a-/AOh14GiPVd12_G63pBPTlOei-x_Cr2avOLQUTBjuUaRr7jo,Best sudoku app!,5,0,1.414,2013-01-08 11:24:00,,
gp:AOqpTOE9CYHm1DbwZNKV0oGvKXt2EFvJfrnyrN_V7n7sSFB0z8K7Wupo7A_Igt-VfMyJwhCGpn_RDAfLVXxCA3U,Pandurang Madyalkar,https://play-lh.googleusercontent.com/a-/AOh14GgMsHOor9-6HhOk4zyBdNgwWfvdlGpG4y_kG4fjhWs,Yeah it's working fine now.,5,1,1.414,2013-01-08 09:23:21,This should now be fixed in version 1.414,2013-01-07 10:15:42
gp:AOqpTOEugCk6rpDqVUyW7LiUV9cWKgV8jx9y_Z7rMAk3QKKu2teBK6bjsG4MAMxVkXqLElQxNR9jkvC6E41Y594,Xiaoyong S,https://play-lh.googleusercontent.com/a-/AOh14GihkeLv2uUguNtL2uz96DB7dS6bAO4P_RQEeaJim6w,Fixed for Note 2 4.1.2. thanks.,4,2,1.414,2013-01-08 06:12:08,This should now be fixed in version 1.414,2013-01-07 10:15:49
gp:AOqpTOFBoGXR02pglZelLCobeXeelmWAcNwdtgM2EifU3l1QfuCG4n6srgqszOhT-399434VDfHOg0za1TjWauo,Marc,https://play-lh.googleusercontent.com/a-/AOh14Ggtl4nwPQcnZhzrzim2DfU9J67Bt8XaicaWfwWVPg,Portrait and Landscape mode Plllllllzzzzzzzzzzzzz,3,0,1.413,2013-01-07 20:37:34,,
gp:AOqpTOFL9Qr6UryQ2LrnA7MPo7o2xL6fjPAwdlbdExwJjuqlW9SEOZZwNu63MSaY_mcHREAqsklO2aofoL-m0yc,Simon Loh,https://play-lh.googleusercontent.com/a-/AOh14Gg7Zi-Hk0GSK9Ika66YbONrSglcxGnvyestnJOk,Works great. Never had an issue. Perfect way to kill 5 minutes.,5,1,1.413,2013-01-07 14:56:01,,
gp:AOqpTOGw-YOKGLtUu1BXZs18uhlXHIZrw3FFh_vaJCQjR0ECFlJUYiiJS82aZGYs0eeoEaJNLul4s9HdGuyO0SA,Hugo Brand,https://play-lh.googleusercontent.com/a-/AOh14GhzqM2oUMR4U3EDEKavBPp8euBB9WNlYuES43CNqqY,"Multiple difficulty settings, hundreds of puzzles and a clean, tidy and practical interface. Job well done.",5,0,1.413,2013-01-07 14:34:38,,
gp:AOqpTOGeDjAgMhN12v-SV1FeFjeBmLfeVY5KkcpOEWbbrbwA4we9XN-Plarz4ZcYyetQ20fkBL6R-XAwvV9Uc34,John Adlaon,https://play-lh.googleusercontent.com/a-/AOh14GgwuKBT4Zn4EaZ7CmEkuxexs4eDsEgtS4fcr21SHQ,Thanks for fixing it. It finally works on my Galaxy Note 2.,5,2,1.413,2013-01-07 11:35:27,This should now be fixed in version 1.414,2013-01-07 10:15:34
lg:AOqpTOHPJ8cdWN7XJIuNvW70Duq5ap-xyKN6UeJnz7scNrrnoBDyhfDg6ajl67RtX9ono8rBBUGypYHdflS26Mg,A Google user,https://play-lh.googleusercontent.com/EGemoI2NTXmTsBVtJqk8jxF9rh8ApRWfsIMQSt2uE4OcpQqbFu7f7NbTK05lx80nuSijCz7sc3a277R67g,Great! Addictive!,5,0,1.413,2013-01-03 23:15:01,,
gp:AOqpTOEbe2iYsAwcRuV4nvntzneJZfpVc79-jpRJdPMEznp5M3i_vjv-S3wYkaxDNT9zU4RgujD366Rm1x4DvwQ,Steve Garlick,https://play-lh.googleusercontent.com/-e3-hTZe88t8/AAAAAAAAAAI/AAAAAAAAAAA/AMZuuck0tMyXmleLXiv0NQSsVc4vkjU55w/photo.jpg,"Great game.  Major time waster!  But, hey, it is making you more numerically astute, I think!",5,0,1.412,2013-01-03 13:15:15,,
gp:AOqpTOHIMYxrXH1334fLUP-gXnl3EhWpuRAQROI-MvH-AeHwmw4JdEwfljm92eDuz_f7DAymxF9_f03nQRmbi2U,Muhammad Shaheer,https://play-lh.googleusercontent.com/a-/AOh14GjwJnqCrlCNWvFG8vhrlr2VmLLeKNFPgDqlZ3-ziA,Simple 1500 possible puzzles with 5 difficulty levels,5,0,1.413,2012-12-23 17:24:29,,
gp:AOqpTOEPIfDkEGsS8HWB7NsrV5C5BNqGDOmGsAT18byp-JrOHbmM2RivKmQWub8Kkq_12pONYReMVToPGNJ2gtk,Alexander Fell,https://play-lh.googleusercontent.com/a-/AOh14Gj1CV29Mr0pfOqopFBbJpDm188-YbX1d2ea_CR1KA,"Great game. The boards are well thought through and so far I never had a board with multiple solutions possible. The boards are not generated, but pre calculated and stored. Disadvantage: number of boards is limited, but 300 of them for any of the 5 difficulties each is way enough.",5,2,1.413,2012-12-18 23:27:38,,
gp:AOqpTOGoHceGth3xA9OnCVxw7R6-eZBqMOibBWvsrbpy3yhaeI90ywnAJzAYxEfXvVbjz12azGChsoLN3Xxv6BU,Viktor Liljeblad Da Silva,https://play-lh.googleusercontent.com/-KVHp3fNa4ZQ/AAAAAAAAAAI/AAAAAAAAAAA/AMZuucmZTC2ar1KjIZ99cFWJILmXfEeLOg/photo.jpg,"Wish there was a harder difficulty, that required x-wings and other advanced solving techniques. The UI is very good though, one of the best I've tried.",4,1,1.412,2012-12-16 11:25:54,,
gp:AOqpTOEXK9cKWqZz_NT9DjOG9dxEtV0QjZ-2TQSokaz2v1c8mqP_PI22grsm1IGv60Gti9CVVtX2XUpEpxPw2rA,James Bester,https://play-lh.googleusercontent.com/a-/AOh14GitocfCdTVGfUqM66rtnRFjanTB8mloLt4v-_2YaoA,"Simple the best, hours and hours of brain fun, trust me.",5,0,1.412,2012-12-16 03:53:56,,
gp:AOqpTOFF-K9w8WfiNcUXvvq-Q5eqc11s1x_sSL_hTdjpfIJN4xFyYTFMgP3T1Cw6H2IJEgiIeKbipsFDdCki17I,Paulo De Freitas,https://play-lh.googleusercontent.com/a-/AOh14GhYmpw05tFBtZ_Uur7CTjkzLgKBYLCq4oitPUEHgg,"Excellent casual game, easy on the battery, challenging yet fun. Very addictive. Play on on my Galaxy S & Galaxy Tab.",5,1,1.412,2012-12-14 23:32:23,,
gp:AOqpTOHLsuHYxqKB_fvo2GACK1Emqu_ZZce5Eh6oCBXohMbmzrRNedlAgKC1Wdq2wWj_hHdG8UPFaecfkLuPXP4,Valerie Erickson,https://play-lh.googleusercontent.com/-BKQfvl49B2k/AAAAAAAAAAI/AAAAAAAAAAA/AMZuucm-8IchNnQDu6h_u-6PRF65-TETPQ/photo.jpg,Love this works great for me...  Definitely one of my go to games,5,0,1.412,2012-12-14 21:42:27,,
gp:AOqpTOGoToElD3Pxiyaqp-dD34QwLwNV3GNd505JtA5XoFwjfi4nIQC6VIjETQePW8K6r9vz2oz8fTF91zPo35Q,BongBank Sirisak,https://play-lh.googleusercontent.com/a-/AOh14GhHJESTO7ELp4nEeBdhhv2YzuZViqUaqwVixV-sPg,"I bought on sale and it's worth. Run smooth, simple interface and useful guide.",5,0,1.412,2012-12-14 19:26:04,,
gp:AOqpTOF9PrxUUtBa-Q4aByTMuXFWPFNsuqKW9L92t2qpBBDnKZ8ZKV5eU9bZH0K0RGSc_AmhFR0YRM_KrLC_aVg,Michael Strehl,https://play-lh.googleusercontent.com/a-/AOh14GgVdcDYv4F03v6-X35OSNMeQsPhdckj2167eo6hEg,"I rarely use hints, this thing highlights a box. Nothing else. Level one. Also, NO PENCIL. WHAT??? NO PENCIL = NO WAY TO WORK PUZZLES.",1,0,1.412,2012-12-09 11:30:21,,
lg:AOqpTOFgME6mCSh-FS5bhGDRv7FnCa6zBGo2bzobobP4vvF9jEoy7ETJMzew8vnq7tKKMePtX-Eq9Or57rZV7xg,A Google user,https://play-lh.googleusercontent.com/EGemoI2NTXmTsBVtJqk8jxF9rh8ApRWfsIMQSt2uE4OcpQqbFu7f7NbTK05lx80nuSijCz7sc3a277R67g,"From the UI, to the gameplay; this app is polished! Thank you!",5,0,1.412,2012-11-25 10:01:19,,
lg:AOqpTOEa6-9pvlgi8i2xdA770Ql-_I0ROgT46iFPJAUaQSfsMxEEtkEsf4RuKf0wwOWP2UTXWtGGwx5dhpygJQw,A Google user,https://play-lh.googleusercontent.com/EGemoI2NTXmTsBVtJqk8jxF9rh8ApRWfsIMQSt2uE4OcpQqbFu7f7NbTK05lx80nuSijCz7sc3a277R67g,"I'd never played Sudoku before, but heard it was a good way to keep the old brain working.  This is tons of fun...and beautiful, too!",5,1,1.412,2012-11-21 10:26:44,,
lg:AOqpTOGy7EBkZpezARB2r621p1hV5zcw2sP9v8ZYnuaOalidl80S7pGXLuFnzlGK14vLMPcD6pp0xQmokfeZoVM,A Google user,https://play-lh.googleusercontent.com/EGemoI2NTXmTsBVtJqk8jxF9rh8ApRWfsIMQSt2uE4OcpQqbFu7f7NbTK05lx80nuSijCz7sc3a277R67g,I need more games. I've finished them all :'(  Best sudoku app I've seen,5,0,1.412,2012-11-13 11:21:43,,
lg:AOqpTOFyye2EYimIZIX_nL3TnYxBFulr35Dmy32IiPDEP_JIf9en88D635guKWirlPUdb2xrIOad9ED_ZrhC9Ko,A Google user,https://play-lh.googleusercontent.com/EGemoI2NTXmTsBVtJqk8jxF9rh8ApRWfsIMQSt2uE4OcpQqbFu7f7NbTK05lx80nuSijCz7sc3a277R67g,"Well done guys, this app gives your brain a workout without overload. You have fine tuned it so it's just right. Thank you!",5,0,,2012-11-12 15:39:03,,
lg:AOqpTOGk1EB3gakfdsTATZD02YkKcgWiqiCAw7kRcBRnkAE9JzZ5xwJZpeDfVIrdwpBI_vbjPza6C5gaCBFq82g,A Google user,https://play-lh.googleusercontent.com/EGemoI2NTXmTsBVtJqk8jxF9rh8ApRWfsIMQSt2uE4OcpQqbFu7f7NbTK05lx80nuSijCz7sc3a277R67g,"Difficulty levels are great for me - eased my way up to the hardest level, which is giving me about 20 minutes of challenge per game. Because of the way I work the game, it would be useful for me to have different colours for the possibilities within a cell (an app on my old iPhone had this as was perfect). But that little quibble aside, I'm very happy with this game.",5,1,1.412,2012-10-31 04:32:47,,
lg:AOqpTOEdDsOArejCBUnUEjpabz4JuLORoWDRzfQhzoOgXa25YR79-4PC9igIJEOu_ROmdlC5-BPYlIQtTq_gBm4,A Google user,https://play-lh.googleusercontent.com/EGemoI2NTXmTsBVtJqk8jxF9rh8ApRWfsIMQSt2uE4OcpQqbFu7f7NbTK05lx80nuSijCz7sc3a277R67g,"The hardest difficulty us not that hard. I've yet to encounter a puzzle requiring advanced techniques to solve it (xwing, etc)",2,0,1.412,2012-10-27 10:01:58,,
lg:AOqpTOEXE4BmAQAEOIxmmbKBfMVtAAezdKCR86sItbcwPSvJ1A7bdQdbIcTF6mUiWMwyGAENVi6AcnuQHqHaf04,A Google user,https://play-lh.googleusercontent.com/EGemoI2NTXmTsBVtJqk8jxF9rh8ApRWfsIMQSt2uE4OcpQqbFu7f7NbTK05lx80nuSijCz7sc3a277R67g,I have all of AI's games. This one is disappointing because I've struggled trying to learn the game. There's no teaching aid to help you through. Till that changes it's useless to me. I don't need the frustration.,3,0,1.412,2012-10-21 17:10:32,,
lg:AOqpTOEvVe0Q_EMzOa_AwhCjTJQoe3TDRJBAHQMlPbmtriUUq067-gQyACa5KDsMj49YirRfEp85NXRVzjnuMrI,A Google user,https://play-lh.googleusercontent.com/EGemoI2NTXmTsBVtJqk8jxF9rh8ApRWfsIMQSt2uE4OcpQqbFu7f7NbTK05lx80nuSijCz7sc3a277R67g,Nice looking. Works well. Good implementation.,4,0,1.412,2012-10-20 14:05:33,,
lg:AOqpTOFKdZzGGLB7zh-HQfSW_PnXY1LlYcKilcoZUD8lsONV9ivUFHuHAmAKPmy1WLZc02qSquN8yV3NwgcA0kc,A Google user,https://play-lh.googleusercontent.com/EGemoI2NTXmTsBVtJqk8jxF9rh8ApRWfsIMQSt2uE4OcpQqbFu7f7NbTK05lx80nuSijCz7sc3a277R67g,Bought this in the sale since it looks nice and has tons of levels but the controls are horrible. Much better free and open ones out there.,2,0,1.412,2012-10-15 18:57:41,,
lg:AOqpTOE0l-6rY2t0VRXUIhUeWj9blzEHp9WpV_LJ1PiSppl0gaKcmH-sxPYrwBfEq9fH_xyP-lWtZJF7j2Ywaxo,A Google user,https://play-lh.googleusercontent.com/EGemoI2NTXmTsBVtJqk8jxF9rh8ApRWfsIMQSt2uE4OcpQqbFu7f7NbTK05lx80nuSijCz7sc3a277R67g,love it,5,0,1.412,2012-10-12 13:54:52,,
lg:AOqpTOFcoUD0QtqoGwctxMUcu61rmTyosrT5FKIhQtSEcT5nrfBSzCDo0GJA1gFku7piOqFscEbrUHatiDHl6Ig,A Google user,https://play-lh.googleusercontent.com/EGemoI2NTXmTsBVtJqk8jxF9rh8ApRWfsIMQSt2uE4OcpQqbFu7f7NbTK05lx80nuSijCz7sc3a277R67g,"...I have purchased. Clean interface, good gameplay.",5,0,1.412,2012-10-08 14:47:03,,
lg:AOqpTOHIt7jDmS9MJusJIBUkimxHJX153hte3ZyRY32YdfQC-vRpTXinmAhrVwnoIxHpy9bT2z-ZiRFG5rADs3k,A Google user,https://play-lh.googleusercontent.com/EGemoI2NTXmTsBVtJqk8jxF9rh8ApRWfsIMQSt2uE4OcpQqbFu7f7NbTK05lx80nuSijCz7sc3a277R67g,My only complaint is that I didn't know about this game sooner. What a cracker,5,0,1.412,2012-10-08 14:10:39,,
lg:AOqpTOGL2eW2PcBWlISuX37CpsFYM-uen3au6f-uXPLNWDVmwnmeNl2Noa3Kx1o6Rdq5jD7_gCJdOgH-TZr_5sQ,A Google user,https://play-lh.googleusercontent.com/EGemoI2NTXmTsBVtJqk8jxF9rh8ApRWfsIMQSt2uE4OcpQqbFu7f7NbTK05lx80nuSijCz7sc3a277R67g,Hard to relate the numbers you are looking for without clear indication,1,0,1.412,2012-10-07 09:53:31,,
lg:AOqpTOFGTx94lEcxXmBKqRgDSW6V5GBxIHJqp6lhpBiONINKUOs-eYbg3R_MoWvCX9dhn8Akl8Q6jhJbE5i38UM,A Google user,https://play-lh.googleusercontent.com/EGemoI2NTXmTsBVtJqk8jxF9rh8ApRWfsIMQSt2uE4OcpQqbFu7f7NbTK05lx80nuSijCz7sc3a277R67g,If people would stop being lazy and just RTFM...,5,1,,2012-10-03 12:27:52,,
lg:AOqpTOGe7uCvrQ4eLUuY-rwL_P4LqbQiHtdwev0NOtPaQPcMT6KwX-hlLl2awtiedGikBrplhXND3p9Qs4U9rkQ,A Google user,https://play-lh.googleusercontent.com/EGemoI2NTXmTsBVtJqk8jxF9rh8ApRWfsIMQSt2uE4OcpQqbFu7f7NbTK05lx80nuSijCz7sc3a277R67g,"Not a perfect interface, but still very nice!",4,2,1.412,2012-10-01 14:24:15,"Switch off ""Quick Notes"" by pressing the Quick Notes button, or via the options screen. You can then switch between entering notes and entering the main numbers.",2012-09-27 07:15:12
lg:AOqpTOFan8N_Q3AgfUPdl_D6-xizVb_aJWGAHfn5wtS92GMO07UnIiP5oS4Ok_YOE9m7Cm6pzVNMQQ9fI3cspf8,A Google user,https://play-lh.googleusercontent.com/EGemoI2NTXmTsBVtJqk8jxF9rh8ApRWfsIMQSt2uE4OcpQqbFu7f7NbTK05lx80nuSijCz7sc3a277R67g,It's amazing. Reading the comments for this game I'd like to think they didnt really know what sudoku was. Good job dev.,5,0,1.412,2012-10-01 08:47:15,,
lg:AOqpTOGU3iEIz_mnPn8UzrpijESnxuZ_d80brk80fv6XBlBxie1kqAPkqtEzHMznS1BVhtZf-EBNmprcscTSCFs,A Google user,https://play-lh.googleusercontent.com/EGemoI2NTXmTsBVtJqk8jxF9rh8ApRWfsIMQSt2uE4OcpQqbFu7f7NbTK05lx80nuSijCz7sc3a277R67g,"Would be 5 stars if there was a pause button. Hide the Sudoku board in pause state, if you think someone could take its advantage.",4,0,1.412,2012-09-28 23:05:01,,
lg:AOqpTOG1DvOxiVk4mV_KEnFM-hkNW3Taxpqx0yEoXuVQ-fxG8HKOBRbl9sOrjt2GZcifCWBQDxgTnBVYMpg4OMw,A Google user,https://play-lh.googleusercontent.com/EGemoI2NTXmTsBVtJqk8jxF9rh8ApRWfsIMQSt2uE4OcpQqbFu7f7NbTK05lx80nuSijCz7sc3a277R67g,"When selecting multiple values on a cell and a conflicting value exist the cell should be red, however it looses the highlight and it shows as no error",3,0,1.412,2012-09-28 20:06:56,,
lg:AOqpTOFNg5PXLl2iUHJBGSKPuXGOsFephEO_KA_hZkQjQ-oKiJKUKUxZpNsuf8PdFBpEgiDDDnM3okNzxCZ_zmc,A Google user,https://play-lh.googleusercontent.com/EGemoI2NTXmTsBVtJqk8jxF9rh8ApRWfsIMQSt2uE4OcpQqbFu7f7NbTK05lx80nuSijCz7sc3a277R67g,Put the Application data in Android/Data/ where it belongs. Stop cluttering my file system and I'll give you the 5 stars this game deserves.,1,1,1.412,2012-09-28 09:00:49,,
lg:AOqpTOEWhqXHh-2emSjW_v3gNbS6r_2FTNu-DhWzyWNID8VXhFMO8JaagXpK5rNzwZVSfu7miE7W7ubGlceOkeo,A Google user,https://play-lh.googleusercontent.com/EGemoI2NTXmTsBVtJqk8jxF9rh8ApRWfsIMQSt2uE4OcpQqbFu7f7NbTK05lx80nuSijCz7sc3a277R67g,Low star reviews are not reading the instructions. This is a great game.,5,2,1.412,2012-09-27 15:23:51,,
lg:AOqpTOFaEitgoNMUfUeT5gAyP6ylAFqjWlrdP_sd931NWf4HJ6bRTrhvPwY2MSIP406Ao2I89Xb8-LAuUwXN8NU,A Google user,https://play-lh.googleusercontent.com/EGemoI2NTXmTsBVtJqk8jxF9rh8ApRWfsIMQSt2uE4OcpQqbFu7f7NbTK05lx80nuSijCz7sc3a277R67g,"I've tried other Sudoku games, but this one has the most polish IMO.  If you missed the app sale, go for it at full price.  Definitely worth it.  Honestly, the 1-star reviews here seem too similar for comfort, and are not warranted.  Great interface.",5,1,,2012-09-27 15:18:03,,
lg:AOqpTOGCJhs5RJ5fkZ5kDJ3gpXi7_bUt7w_SlZ1FfEtdsjPRbKifF-75TeXc4o1V8IMX1jaNL72k63pLmbOlmKw,A Google user,https://play-lh.googleusercontent.com/EGemoI2NTXmTsBVtJqk8jxF9rh8ApRWfsIMQSt2uE4OcpQqbFu7f7NbTK05lx80nuSijCz7sc3a277R67g,"Would have paid full price. Bemused by the other comments. :-\  Looks good. Plenty of options. Good interface (poor dev having to point out a glaringly obvious feature - the entering of notes.) 1500 puzzles over 5 levels of difficulty.  Thanks dev, can't please em all I guess but no complaints from me. :-)",5,4,1.412,2012-09-27 09:29:43,,
lg:AOqpTOHcJdGRkDLn7Hv8aB4QMkFZ1cHHZIg9b3N_qmtvTmqbAuSY8iNFc4rojhcCnnv5WCONn29BdhbG7rhX-F4,A Google user,https://play-lh.googleusercontent.com/EGemoI2NTXmTsBVtJqk8jxF9rh8ApRWfsIMQSt2uE4OcpQqbFu7f7NbTK05lx80nuSijCz7sc3a277R67g,"Even free apps have better features, this app has no option to change the input method (Critical flaw).   Input methods available on other apps - select cell first, then enter number or select number first, then enter number into cell. Your app has only option 1 available.  Only two options for background and font. Board layout needs to be improved - most apps have alternate cells shaded differently and highlight the row and column.",1,0,1.412,2012-09-27 07:48:27,"There are two input methods. Switch off ""Quick Notes"" by pressing the Quick Notes button, or via the options screen. When Quick Notes are off, you can choose when to enter notes or main numbers.",2012-09-27 07:17:04
lg:AOqpTOFvORFWwn7vlDkLcJ6l1x39Ys_lO4oEv-2WVcuEQ8SrokvQg4A3KgHdC4bY-7cSeLXmMO1PU0RY3qbugj0,A Google user,https://play-lh.googleusercontent.com/EGemoI2NTXmTsBVtJqk8jxF9rh8ApRWfsIMQSt2uE4OcpQqbFu7f7NbTK05lx80nuSijCz7sc3a277R67g,Great game,5,0,1.412,2012-09-27 07:34:59,,
lg:AOqpTOHPM3Jycicj4QXuFzLnrGlBE1yibywsdcOaNrycPgG6V1OfOTJ5kPk3c310Xr79FGY26eaRfzg1eWXTh64,A Google user,https://play-lh.googleusercontent.com/EGemoI2NTXmTsBVtJqk8jxF9rh8ApRWfsIMQSt2uE4OcpQqbFu7f7NbTK05lx80nuSijCz7sc3a277R67g,Now I can kill time in any place!,4,4,1.412,2012-09-27 04:09:41,,
lg:AOqpTOGDMQ-3QCNL2MIiDxF3n_hongENGA1_FdRBjzgiO-7Ye4fEjHk9EiWqFM9p_z1uCvTW4KvsbMnQOw8l1ds,A Google user,https://play-lh.googleusercontent.com/EGemoI2NTXmTsBVtJqk8jxF9rh8ApRWfsIMQSt2uE4OcpQqbFu7f7NbTK05lx80nuSijCz7sc3a277R67g,"Works great on my galaxy tab. Nice layout and look. To make it 5 stars it just needs a little tweak, when you highlight a square it should highlight the column and row with it",4,1,1.412,2012-09-27 01:57:27,,
lg:AOqpTOHGMh7pAhUnpVVkSwkiafrJatOJFw9QLLUgzHywVLXbmCQGXtcSEgGw-fYqhYBk6kmHnQskPbXGQuDVn8k,A Google user,https://play-lh.googleusercontent.com/EGemoI2NTXmTsBVtJqk8jxF9rh8ApRWfsIMQSt2uE4OcpQqbFu7f7NbTK05lx80nuSijCz7sc3a277R67g,No pencilling? No screen rotation? No options? Just plain old fashioned - look like it was ported from the 80's.,1,2,1.412,2012-09-26 21:22:53,"There are two input methods for entering notes, and there is an options screen (either press the menu button, or the spanner icon on the Action Bar at the top of the screen, depending on your device)",2012-09-27 07:19:09
lg:AOqpTOGWUjZzVJqghKKrGWbyxfkuDMYiq63jtf1T3A6N1oqv-KnwvU5GhvM2embHU9NNXeTLOdjT7bd5xlVi07Y,A Google user,https://play-lh.googleusercontent.com/EGemoI2NTXmTsBVtJqk8jxF9rh8ApRWfsIMQSt2uE4OcpQqbFu7f7NbTK05lx80nuSijCz7sc3a277R67g,"Bought this game because of the sale but regret it immediately - bad interface, not really intuitive. There are free Sudoku that is much more pleasant to play.  0.25c down the drain",1,5,1.412,2012-09-26 20:31:37,,
lg:AOqpTOHjFM080zOHWg7dNFn2k6tVtC0sMFd4JY9IXgKnDwlsd8ZOU_ZmDR0JTxQYIcbQlbsuMkA1Hy-oDnoN2hc,A Google user,https://play-lh.googleusercontent.com/EGemoI2NTXmTsBVtJqk8jxF9rh8ApRWfsIMQSt2uE4OcpQqbFu7f7NbTK05lx80nuSijCz7sc3a277R67g,"Overpriced at 25 cents, there are free sudokus that are better imo",2,0,,2012-09-26 20:27:07,,
lg:AOqpTOGOU5GNgxeBCPc6Plc6ZyP_QIwMCujrrB5ONnMV60R_EHLmJipb0ZssDp5GFF2oKVdjCMu-zorp0w8_5nc,A Google user,https://play-lh.googleusercontent.com/EGemoI2NTXmTsBVtJqk8jxF9rh8ApRWfsIMQSt2uE4OcpQqbFu7f7NbTK05lx80nuSijCz7sc3a277R67g,"Bought this game due to the sale and was disappointed at how unintuitive and labarous the controls are. Want to see where all your 1's are? You'd think it would be as simple as selecting the number 1 on the bottom of the screen. Nope. You have to select a 1 already on the board. The interface is riddeled with annoyances like this. Wasn't even worth 25 cents, most free games are better than this.",1,7,1.412,2012-09-26 20:11:37,,
lg:AOqpTOEtZy5fyHUsbk3xs8L7-4wkTJnZeW3gWklGRnTJ1q244zdQooO9sYtYz5nw1_CFni2OcpXVpB23Lst4LhQ,A Google user,https://play-lh.googleusercontent.com/EGemoI2NTXmTsBVtJqk8jxF9rh8ApRWfsIMQSt2uE4OcpQqbFu7f7NbTK05lx80nuSijCz7sc3a277R67g,"Would love to have the option to hide the timer, that would make it 5 stars",4,0,1.412,2012-09-26 20:00:38,,
lg:AOqpTOF8iy36VrbAVNf9DGTcRwMPn0PGVQW4nPd5nBMSf8w9_kgqNS6IkHhKilK1yoIh3X3MHY_bqLSZZRyspwg,A Google user,https://play-lh.googleusercontent.com/EGemoI2NTXmTsBVtJqk8jxF9rh8ApRWfsIMQSt2uE4OcpQqbFu7f7NbTK05lx80nuSijCz7sc3a277R67g,Astraware Sudoku blows this away.  No pencilling?,2,0,1.412,2012-09-26 18:19:42,"There are two input methods for entering notes. By default ""Quick Notes"" is on, meaning you have to press more than one number on a square to enter a note.  Switch off Quick Notes to choose when to enter notes or the main numbers.",2012-09-27 07:20:42
lg:AOqpTOFdn_zJNe5mmnyodm27Jksmm0m6rFpKTY9QNawX2yg7koVdIhG7slLuplwGHJbYQBmplKOT0FHZiXYWvVs,A Google user,https://play-lh.googleusercontent.com/EGemoI2NTXmTsBVtJqk8jxF9rh8ApRWfsIMQSt2uE4OcpQqbFu7f7NbTK05lx80nuSijCz7sc3a277R67g,"A nice game and a good price, but there's no option to remove or hide the timer ticking away in the top left corner. I might be alone, but I find this horribly distracting when trying to play a number based game. If this doesn't bother you though, it's a good sudoku app with plenty if puzzles.",3,0,,2012-09-26 17:44:07,,
lg:AOqpTOEl7jxE-Z2IIZMQ4HBOAMPPmHg17tBflNUVle9JzHcRWBd01p6b-Lu8AW5HZ9oO2NGqWqQf_ONYz17sq1g,A Google user,https://play-lh.googleusercontent.com/EGemoI2NTXmTsBVtJqk8jxF9rh8ApRWfsIMQSt2uE4OcpQqbFu7f7NbTK05lx80nuSijCz7sc3a277R67g,"Has a good number of games But it is almost impossible to enter pencil marks! IF THERE is a good way, than developer needs to give clearer instruction",2,2,1.412,2012-09-26 17:07:42,"Switch off ""Quick Notes"" by pressing the Quick Notes button, or via the options screen. You can then switch between entering notes and entering the main numbers.",2012-09-27 07:21:02
lg:AOqpTOFQTterx_PA3V1Fa91QJcqvfK22W1G8nMZPSS2rfFELrG7IbhvRdI79jAlsM2HXwmYK5YFJ0FQrrlxO1_Q,A Google user,https://play-lh.googleusercontent.com/EGemoI2NTXmTsBVtJqk8jxF9rh8ApRWfsIMQSt2uE4OcpQqbFu7f7NbTK05lx80nuSijCz7sc3a277R67g,"You have to select a square, then the number. That is annoying.",1,3,1.412,2012-09-26 14:09:16,,
lg:AOqpTOFgmAdTIrwQeY6lU9QyppFRqHP8FWS4S6idMaf3yHi65b1PlkuFzOM7NxxsCTNm27tK0LQ0PdHdQ7nlU48,A Google user,https://play-lh.googleusercontent.com/EGemoI2NTXmTsBVtJqk8jxF9rh8ApRWfsIMQSt2uE4OcpQqbFu7f7NbTK05lx80nuSijCz7sc3a277R67g,"With gorgeous graphics and everything you need to enjoy your sudoku appetite! Ai is difficult to beat at developing reliable, glitch free, and professional graphics in the gaming applications.",5,1,,2012-09-26 14:08:06,,
lg:AOqpTOE8NA2x8lSZHK5xIvMzbERB3pExOTrdELfCmgwN2Z4oQGvxUfdtdoIvQE9Hc0ZuYw7BQHBvqdYj0S0MEX4,A Google user,https://play-lh.googleusercontent.com/EGemoI2NTXmTsBVtJqk8jxF9rh8ApRWfsIMQSt2uE4OcpQqbFu7f7NbTK05lx80nuSijCz7sc3a277R67g,Fun and cheap!,5,1,,2012-09-26 13:16:21,,
lg:AOqpTOGTpRtwLfcbFxs_mbs8XBSohmBfZvM6CMXWfN3mNo4PbnBO_ahNuTtBQCIv13kOdzlANEd2hKP-mPJWzPE,A Google user,https://play-lh.googleusercontent.com/EGemoI2NTXmTsBVtJqk8jxF9rh8ApRWfsIMQSt2uE4OcpQqbFu7f7NbTK05lx80nuSijCz7sc3a277R67g,Nice and smooth,5,2,1.412,2012-09-26 11:38:24,,
lg:AOqpTOFS3aqitLAddK6_8Y3ZFzjWX_jloH6T9pFi2k74lfvbK69-2ayzKOOR9qNlxKJbkqX80Ag8hslecMVRUkw,A Google user,https://play-lh.googleusercontent.com/EGemoI2NTXmTsBVtJqk8jxF9rh8ApRWfsIMQSt2uE4OcpQqbFu7f7NbTK05lx80nuSijCz7sc3a277R67g,Beautifully put together with nice controls and some seriously tough top puzzles.,5,1,,2012-09-25 03:30:06,,
lg:AOqpTOH8mEXLi5aPWesA161Hp4jHj8J1xg7702qo4PAVBBanJAV4ss2RAMxjBikOn_lzxJRe3qnaKUt3dCC05Io,A Google user,https://play-lh.googleusercontent.com/EGemoI2NTXmTsBVtJqk8jxF9rh8ApRWfsIMQSt2uE4OcpQqbFu7f7NbTK05lx80nuSijCz7sc3a277R67g,"Great Sudoku game, i wish that they implement auto pencilling option in future update.",5,2,1.411,2012-09-15 18:58:23,,
lg:AOqpTOFQLC6DJpFDOR4PwXbIazYuSeqQ3tWTDJZaCXOy4Cjog_3DvSiy6Nnnr2_s_Cyg-3N_QXPphAyIdE0uQTI,A Google user,https://play-lh.googleusercontent.com/EGemoI2NTXmTsBVtJqk8jxF9rh8ApRWfsIMQSt2uE4OcpQqbFu7f7NbTK05lx80nuSijCz7sc3a277R67g,"Good one, but needs landskape layout for my samsun y pro",5,0,1.401,2012-07-17 00:41:17,,
lg:AOqpTOEb5PicnR7JjZNiwbchOVgHpRL_4oGKQl2wSyCPWVGi9X-LWFw6tfBH8t5dOWwQK4EWt1gW6YMFRpErWhY,A Google user,https://play-lh.googleusercontent.com/EGemoI2NTXmTsBVtJqk8jxF9rh8ApRWfsIMQSt2uE4OcpQqbFu7f7NbTK05lx80nuSijCz7sc3a277R67g,As with the chess this is really well done. Thanks,5,0,,2012-07-12 22:09:09,,
lg:AOqpTOEG_Gt0yL7jjbt_ICYZVE68LSJbYBb5Jk1uCm4rVRolW13VzmOhOUpE26dS6yeez3fd8a8dDIY305mPd3k,A Google user,https://play-lh.googleusercontent.com/EGemoI2NTXmTsBVtJqk8jxF9rh8ApRWfsIMQSt2uE4OcpQqbFu7f7NbTK05lx80nuSijCz7sc3a277R67g,Still loving this game! Thanks for more puzzles!,5,0,1.4,2012-04-18 20:58:44,,
lg:AOqpTOEeZAjzbrm_zp6KNXor-G16WrtY0gQlk0y3RSVHNQ6EHQliNU_IaWpmesMEZmGxN4hcTffacEbtftgHsCY,A Google user,https://play-lh.googleusercontent.com/EGemoI2NTXmTsBVtJqk8jxF9rh8ApRWfsIMQSt2uE4OcpQqbFu7f7NbTK05lx80nuSijCz7sc3a277R67g,Keeps getting better.,5,0,1.4,2012-04-02 01:17:54,,
lg:AOqpTOHTh9DlnwRa6_OHLZ7INr_JQJcjsq9rx-PSi4xNJhPLR9srRoSzHvv4TMfcprQQ8Lr9UCxXjy5TPFelYZg,A Google user,https://play-lh.googleusercontent.com/EGemoI2NTXmTsBVtJqk8jxF9rh8ApRWfsIMQSt2uE4OcpQqbFu7f7NbTK05lx80nuSijCz7sc3a277R67g,Quality software :),5,0,1.4,2012-03-28 12:03:41,,
lg:AOqpTOHGf-JOau4ec2APIyHthqN5UzZBIwPFXo9-3tSk7ngY-yZDXzaqMwo21UW3xxCrxPP8K3-iV5H3Fd2IAy0,A Google user,https://play-lh.googleusercontent.com/EGemoI2NTXmTsBVtJqk8jxF9rh8ApRWfsIMQSt2uE4OcpQqbFu7f7NbTK05lx80nuSijCz7sc3a277R67g,Worth every penny.,5,1,1.31,2012-03-01 10:13:36,,
lg:AOqpTOHvrjSyKtcEXc20t24HLtCMViKhumaguf6g7GB1WeINwEnBkWxH7pqsDBS8oepTOiJ7xYTXfeBi8x2R64s,A Google user,https://play-lh.googleusercontent.com/EGemoI2NTXmTsBVtJqk8jxF9rh8ApRWfsIMQSt2uE4OcpQqbFu7f7NbTK05lx80nuSijCz7sc3a277R67g,Would not run on my motorola droid,1,1,1.31,2012-01-07 10:15:56,,
lg:AOqpTOEPRVYM2yYyRZrzmGiVmc5A-u93hols78MXeOD8caQSUfzSgoyMqmIl-67F2GjrWVj7QK-o-FpjX8Vxcrs,A Google user,https://play-lh.googleusercontent.com/EGemoI2NTXmTsBVtJqk8jxF9rh8ApRWfsIMQSt2uE4OcpQqbFu7f7NbTK05lx80nuSijCz7sc3a277R67g,Best sudoku ever,5,1,1.31,2011-12-26 18:45:13,,
lg:AOqpTOEbxGwUZ891SuOSPC24lbHesN8Ln3mb6jXZcLSaIGeyH28qKUk9U1wtYwk4jiYw8BaV3raSA3625TT5BFU,A Google user,https://play-lh.googleusercontent.com/EGemoI2NTXmTsBVtJqk8jxF9rh8ApRWfsIMQSt2uE4OcpQqbFu7f7NbTK05lx80nuSijCz7sc3a277R67g,Excellent app. Played free version for months. Bought the add free app to support developers. Thanks.,5,0,1.31,2011-12-21 16:42:25,,
lg:AOqpTOFvvY7t69o_Rd2O4kmM1kIavdIfdZm1eeJPAotgQKUNcKyOGc4I3eKq7peRCxGDVib1aZ8_wCvb-aQKKY0,A Google user,https://play-lh.googleusercontent.com/EGemoI2NTXmTsBVtJqk8jxF9rh8ApRWfsIMQSt2uE4OcpQqbFu7f7NbTK05lx80nuSijCz7sc3a277R67g,Need more puzzles to each level. Great app other wise.,4,1,1.2,2011-11-27 08:54:36,,
lg:AOqpTOEPAz6x6lDOucphwznWJ1Hnfgp8tXZtABfDwkMikIwusdpUn0LSePClML3xfxpcdSb1-VVQH7Y9IuEh0jQ,A Google user,https://play-lh.googleusercontent.com/EGemoI2NTXmTsBVtJqk8jxF9rh8ApRWfsIMQSt2uE4OcpQqbFu7f7NbTK05lx80nuSijCz7sc3a277R67g,"need landscape mode for tablets Could be 5 stars, except it does not have landsacpe mode for tablets that have keyboard docks like the Asus Transformer.",3,1,1.2,2011-11-25 10:40:43,,
lg:AOqpTOHW2eE8XPy9TLd5ELdQ0Ew_E8jCjBLBuWZodmVdxUhjJ6nePeubjykaQDXluBV-d7a_PdIm4sS8aoKt44Q,A Google user,https://play-lh.googleusercontent.com/EGemoI2NTXmTsBVtJqk8jxF9rh8ApRWfsIMQSt2uE4OcpQqbFu7f7NbTK05lx80nuSijCz7sc3a277R67g,Needs more games. I ran through all 500 and want more. I won't play them all again.,4,1,1.16,2011-10-13 17:49:53,,
lg:AOqpTOFnonGrEvpde8hMBxBS_SfgCSk2b3Nz4dIeUso6D_AwbAjlt0iVwY-ryQNDt_i5QlxVwv_sj42uyi8P2fE,A Google user,https://play-lh.googleusercontent.com/EGemoI2NTXmTsBVtJqk8jxF9rh8ApRWfsIMQSt2uE4OcpQqbFu7f7NbTK05lx80nuSijCz7sc3a277R67g,Great app but the buttons for selecting the numbers are too small on a tablet.,4,3,1.13,2011-09-22 01:54:11,,
lg:AOqpTOF4SOAcGcUKACWwSss3eD7TNMTA8YW2P08OPY3y8dbniVeTnHFnUtB34HwL33aeyGpERXpbavRB3OLV4Sc,A Google user,https://play-lh.googleusercontent.com/EGemoI2NTXmTsBVtJqk8jxF9rh8ApRWfsIMQSt2uE4OcpQqbFu7f7NbTK05lx80nuSijCz7sc3a277R67g,"Excellent, never had an issue on any rom. Not much different from the free version. I bought this just to support the dev. Great job.",5,2,1.13,2011-09-15 07:36:14,,
lg:AOqpTOHsJmN5hIlneiQHZ_4YVDwwjASrtrsAjabKeEC95PjO3l33rnAFNTeDmWmxRkvnbqXuNAGmZ9Untim3tFo,A Google user,https://play-lh.googleusercontent.com/EGemoI2NTXmTsBVtJqk8jxF9rh8ApRWfsIMQSt2uE4OcpQqbFu7f7NbTK05lx80nuSijCz7sc3a277R67g,I love this game :-),5,2,1.13,2011-09-03 19:08:14,,
lg:AOqpTOEpPuZ8Mv2J8ytEreWCaMc7cX836QdzL_X4GXu-eISSjHsv1YA3cymo4uQ8TYti343KzOxttl61pqvOKG8,A Google user,https://play-lh.googleusercontent.com/EGemoI2NTXmTsBVtJqk8jxF9rh8ApRWfsIMQSt2uE4OcpQqbFu7f7NbTK05lx80nuSijCz7sc3a277R67g,Fun!,5,2,1.12,2011-07-09 16:52:51,,
lg:AOqpTOE6-71pIyUuqHKNyXwwzGs-qmw4HhDJtRYSHRU1pUQ6tNsPIRBQEJ3gt7qqhTiLMi-KiF93CzzHa_N7nSM,A Google user,https://play-lh.googleusercontent.com/EGemoI2NTXmTsBVtJqk8jxF9rh8ApRWfsIMQSt2uE4OcpQqbFu7f7NbTK05lx80nuSijCz7sc3a277R67g,Played free version for months. Upgraded to reward developer for making such a quality puzzle game.,5,5,1.1,2011-05-31 22:15:00,,
lg:AOqpTOGL9z8Iu0Ag2cfQZCgwGEN-BBuyEt6yvJShGvu4HhMB3BEHCAT5pqQIfG5CMyTuSDy42kdD5NIzlc7AgOg,A Google user,https://play-lh.googleusercontent.com/EGemoI2NTXmTsBVtJqk8jxF9rh8ApRWfsIMQSt2uE4OcpQqbFu7f7NbTK05lx80nuSijCz7sc3a277R67g,The app is great but if upgrading from the free version it doesn't tranfer preferences / statistics. Bought and refunded. Will buy when this is fixed.,3,4,1.02,2011-04-16 01:29:14,This has since been fixed,2012-09-27 07:22:32
