reviewId,userName,userImage,content,score,thumbsUpCount,reviewCreatedVersion,at,replyContent,repliedAt
gp:AOqpTOGG272MBlE3lZoBQKVUb5qcXJFEQQGSU7UhPjAeE6Vzo_TAuuIYablNqT-oY565T2W6H9DrMCgyFchdkNs,Frederick MacHado,https://play-lh.googleusercontent.com/a-/AOh14GgBPUzv8XPqtotpzemjbvj8WyoRC-4X-WsOjQRsuA,It is a great application. It makes easy to learn.,5,0,2.1.1,2020-12-09 14:02:00,,
gp:AOqpTOFIW0gMWYHLanGQW_8BdQvd9w_AlF-GkFG-Au_4jDptdDyAeTYM8JsQNiOE10EUV6meTl74pw8Mmt8GUmg,John Laidler,https://play-lh.googleusercontent.com/a-/AOh14Gjd5kOKRVLDQ4jYmFEIK4dlOoE0IOUfUBUNW7r2Bw0,Doesn't seem to work properly on Android 11.,3,0,,2020-11-15 12:19:16,,
gp:AOqpTOE5odlc1rXDDn54GRh1wdxHAVTXgsbz8ao43ArvvPL_pHkvrdZx3HaRo9KEGilMWtPLahx4S-OUlfw_R-E,Daniel Reynolds,https://play-lh.googleusercontent.com/-TpL-VO9gPFY/AAAAAAAAAAI/AAAAAAAAAAA/AMZuucmwP7jOsviVaY-eW8M3kG3Qo0IQcg/photo.jpg,This is the app I wanted to code but I'm not a programmer. Learning Morse? Get this. Want to increase your speed? Get this.,5,0,2.1.1,2020-10-19 01:15:17,,
gp:AOqpTOGI3bUol1swZLIN_PM_32BDZwYQlbbcwtD3nj9NG2EkcWEXtHugn3tNBNzMyPO6og8rnOFHsQ1Evm02MmM,Peder Kittelson,https://play-lh.googleusercontent.com/a-/AOh14Gjpj96adDdp1AXfUqNZmT0GTHsTWo8AWOtuNL-y1A,The RSS feed to Morse code is terrific and very good at gaining ability to do QSO's.,5,0,2.1.1,2020-10-01 18:32:31,,
gp:AOqpTOGLm3XhpCeLRutx3OuFqweEr1FgjeU0EARmltmzsJYwcLEqIbbVccDOZ0-jAERtHvOCIb6-BPXsdhfpY2I,Jason M.,https://play-lh.googleusercontent.com/a-/AOh14GgJt9VmA2iSpelLlHEMLE29cmA9s9F7ys6u6uy-VA,"I like the app however its more for listening and learning the sounds not so much to practice sending, tapping the letters",3,0,2.1.1,2020-08-31 21:16:51,,
gp:AOqpTOH9ZhtCF4x8ZzsnJL7E2kXvEitK_q-pu7RBMj9Wms6KP59fqsf80vl9JiaE9a8-qGOo_cvVH85Ff16aEb0,colm breathnach,https://play-lh.googleusercontent.com/a-/AOh14GiJcii0DuUX_4tUL3j9eZxLJ-YKpdMElInSwl12vg,Some nice features. Being able to input letters as they are sounded is cool. Any updates coming? I have many suggestions.,4,1,2.1.1,2020-05-30 04:54:46,,
gp:AOqpTOGsXZfF2NPaMulP7jr_vtm0MOnMBKV9q7vUNPzWLJRmjyoivM_4tRt6t7MbrUIHjpQEkWRXr5tqNS0c0cQ,Chris Ruff,https://play-lh.googleusercontent.com/a-/AOh14GgMo4s16ktAennOGlPDm4KtiRNYhRfLXcVEZU4bafY,No tap input.,3,1,,2020-02-20 20:12:29,,
gp:AOqpTOEzHr4V44656nx76bgDiteWoWauA6ebPeuOtniPCERCZYjTBApr4hXbZkg_8bH8Sb-ltXd07fDIYYm-5Ug,Lotharen,https://play-lh.googleusercontent.com/-loX-b-HLwkc/AAAAAAAAAAI/AAAAAAAAAAA/AMZuuckBmn3gASELoH8UwZIu5OXpCSsMLg/photo.jpg,"App is great, however it stays in idle mode after closing and drains my battery. Have not found a way to get the app out of idle mode so it closes and does not drain my battery. Will rate higher once this is fixed.",3,7,2.1.1,2019-11-06 06:24:23,,
gp:AOqpTOFH_tuzArQz6KRKbiegxJCJmUiIygDy__aTmWx7FONBaIll8rnA3-mkkEefpbtyERUQW8Jk6eQS-XqSi4U,Rahul Vadodkar,https://play-lh.googleusercontent.com/a-/AOh14GhjZC7Aa-7VocAkoByOR11rK0Z3a7rcUV2y4-Ft4w,"The display did not switch to training mode. I was hoping to find Koch format lessons starting with k and m, and slowly progressing to other letters. Did not see any option to do it",2,3,,2019-08-11 22:29:52,,
gp:AOqpTOEIMb6chvww-AOM9CIl4k405jQugIXOx7VkRK2rQtRiqSP6dlWwOb7pxOphuhd9Yi7N2a3kJ7R1L3gawH8,Peter Allgood,https://play-lh.googleusercontent.com/-oDzVf702rmc/AAAAAAAAAAI/AAAAAAAAAAA/AMZuucntg0AxvDMUdpsBH1e8-usEQxDKiw/photo.jpg,"Excellent so far! Ive been looking for a way to learn morse for fifty years. i discovered the Koch method which seemed made for smartphones. Within a very short space of time of installing KMT Pro i found i was ""seeing"" letters in my head from the sound without trying to decode the dots and dashes. A way to go yet but very impressed so far.",5,3,2.1.1,2019-07-15 03:15:01,,
gp:AOqpTOEb3WrHYN-2Xx_72bokHykk5AcwKvoIaLOuJ8r4r92nkC7ejmcBRPkioDRfvJ-fAcDu-GvlYjuqYFGuA6A,David S,https://play-lh.googleusercontent.com/-CJM_h6lOVag/AAAAAAAAAAI/AAAAAAAAMtY/AMZuuclv7EMaG-Emg-W3NuFzl3mMhbF8rA/photo.jpg,"works real well on my samsung tablet with a pair of headphones. Sound quality is ok it doesnt seem to be distorted. Sometimes when I miss a character it gives me credit for a correct answer. Not sure whats up there. It takes a lot of practice to learn the code, but this seeems to help.",5,3,2.1.1,2019-05-22 17:03:52,,
gp:AOqpTOGVvHDAggg8CJGr8sGWohGTcljAFayAdhfWC6SZQInEyoQOWLA_ImnTQ7LbYzTqCkV0mAAcDmqbCC4jjdA,Trevor Fielding,https://play-lh.googleusercontent.com/a-/AOh14Gh3bqXKOqXboCF-7ezZmf8TnRV3MYVChFtKG7ZRW4o,"Love this, sounds like the Koch method is official and effective. I only wish there was a mode to practice sending Morse code manually.",5,3,2.1.1,2019-05-22 08:15:15,,
gp:AOqpTOH3Ycz_inQH581nKtiH0mv5OV3kT360lXXWz2l0ttqb4_5VmRUfx9pKPsNoIJpMUXEwyPxWGZ3KOT4VxvA,John Spitznagel,https://play-lh.googleusercontent.com/-ZTR33qo0sOY/AAAAAAAAAAI/AAAAAAAAuWY/AMZuucnc3kBA2DyHkLFAjwwsamoUoblhTw/photo.jpg,I wish there was an option to disable audio and use vibration instead. I would like the ability to learn both audio and vibration.,4,1,2.1.1,2019-02-08 13:09:23,,
gp:AOqpTOFaZ37WjLMKvv1ftInOpqMbfuU_yegEPqCM5v1LVaAoyKhaxIAhCWtsRZhJy33iQD9DGg8IgID9htQXTWI,Gwen Patton,https://play-lh.googleusercontent.com/a-/AOh14Gi8x6w9AEP_bN5lf_7LR74DxOJDEnDwqBcC3cesug,"This is a very comprehensive trainer, one I will enjoy using. My only issue is that the RSS feed output starts jumping from the top of the screen down to the bottom, then back up again between each word, once the text reaches the bottom of the window and has to start scrolling the visible window. This is stomach churning if you're trying to read while listening to the code. Otherwise, this is a really good tutor.",4,14,2.1.1,2019-01-16 22:24:25,,
gp:AOqpTOGsp_c7GGTAKsAwangV_OZ5QGyEeR5hntdeb0H8plvta18IpaXZbayiG3rrovW0CBIofydZM0o3EptzrxU,A Google user,https://play-lh.googleusercontent.com/EGemoI2NTXmTsBVtJqk8jxF9rh8ApRWfsIMQSt2uE4OcpQqbFu7f7NbTK05lx80nuSijCz7sc3a277R67g,This is an excellent learning aid with the ability to adjust the speed and timing of characters and word spacing is great.,5,1,2.1.1,2018-11-26 10:11:13,,
gp:AOqpTOFn_O5fl-X7A9Vql582UpORoDEVZ81VSAZHUdSZUorCW0W9VXumDk55DE1U6XgdIP3kquGv2ND_pcdZzmU,Chris Storey,https://play-lh.googleusercontent.com/-THQMAXRonlg/AAAAAAAAAAI/AAAAAAAAAAA/AMZuucl46q0zW3wF8VF5e-FpTOXT4qaAiA/photo.jpg,With all letters enabled and running in random mode it only sends K and M.  Flawed ap not worth the money.,1,5,2.1.1,2018-10-04 06:55:50,,
gp:AOqpTOFkso1B2ayM3NL2gI76meCHJxcghbBLOHhn4zQkxfr6lmCTdgHpokHZLZ9_f7s_0MtBIy9x7IWJQrZvrNw,M Dammer,https://play-lh.googleusercontent.com/a-/AOh14Gj-cUjsjz2Mln8S3P4wY243SQm1eQVunCIuFZnx3g,"The best morse trainer I came across. The keyboard input is extremely useful when ""on the go"" and no writing pad at hand. The statistics and the ability to practice with RSS feeds make this the perfect app for me.",5,1,2.1.1,2018-09-14 08:56:16,,
gp:AOqpTOFfwYTI7-Q8VczPF4rMV-nJu9rs_ciOwgQIPutWQ5rP2gq2tpkmqOEnERF0ABHC377mbQJeCn0_rdME_j8,Dave Mason,https://play-lh.googleusercontent.com/-2rIzbxrqA6I/AAAAAAAAAAI/AAAAAAAAAAA/AMZuucn-R87JEf4RvUpkldD8bLfegWOtTw/photo.jpg,"Excellent app. Purchased it a few years ago. Please bring it back for new 
users.",5,0,2.1.1,2018-08-15 16:13:39,,
gp:AOqpTOHGqzE7Vvzt1Jcy834xq2RQ4BqOKr_1kR8oNpevXAMurdYF4nkVrPFCBO57-rcWwP7uSG83kUihaydJTTk,A Google user,https://play-lh.googleusercontent.com/EGemoI2NTXmTsBVtJqk8jxF9rh8ApRWfsIMQSt2uE4OcpQqbFu7f7NbTK05lx80nuSijCz7sc3a277R67g,"This app plus the Morse Trainer CW trainer app is all you need to learn and 
or advance your code copying speed. I've been a Ham for over fifty years 
and these two apps restored my former coping speed to 24+ WPM after being 
off CW for more than 20 years",5,0,2.1.1,2018-08-14 10:13:54,,
gp:AOqpTOGDBm01OV819NDmU-_SBxI-hAIMVAM_fFbVUv5L1YQzr1_pIA90APJSCMxqj01H1I6xcXsHffgYcvomPQk,Matt Caswell,https://play-lh.googleusercontent.com/a-/AOh14GiCJZJDIYZip9oCnjoZA6xDvpectfDGA2hFV2kzKQ,"I'm really disappointed in this. How am I supposed to interact with this thing? Yeah, OK, I can set my WPM and tones, but what good is that if I can't respond to the display? Where is my keyer? Am I supposed to type what I think the character being ditted and dahed at me after the fact? Any help would be appreciated.",2,5,2.1.1,2018-06-27 12:27:54,,
gp:AOqpTOH5mSfbI_QAFJIwvMWGs5Fj39aGKO4IMNOXYo8ihXxmi_sv-QtuaBokJaDTVwIdNkDFjANpGpZC0oYhbhs,Ted Sirek,https://play-lh.googleusercontent.com/a-/AOh14Gh6Ffop4QzPqoIz8I0w4Anr-OMz2nS-Dyonocolwg,"I like it despite the wackiness.  In the random character strings, you need to ignore the first and last characters.  Otherwise, it's great.  I like the fact that I can enter custom text-I use Dr. Suess for practice.",5,5,2.1.1,2018-02-19 12:23:09,,
gp:AOqpTOGSZnRw5sZxEaMnG_-PvUFkQUuea50E-WJXZ1urVMB7X03n_aBVSnQsO5JWxZIf-tIEEg6oWv3cISjVFS0,Daryl Lamble,https://play-lh.googleusercontent.com/a-/AOh14Gjfi9msrQ6vS0pDXIxuhVHj7tSqYHZPGDmwxYccng8,"Only complaint I have is it would be great if one could set longer playing Time, 30min for me is to Short.",4,1,2.1.1,2018-01-24 09:09:47,,
gp:AOqpTOGCWbTQpx_8VIeM_IA0APo2qk0uHnS2Vuc-p3neCbvqqxN1kwyQ0vPAnyDX8SAwjZmEjCfqE-4JKzEF8Qs,A Google user,https://play-lh.googleusercontent.com/EGemoI2NTXmTsBVtJqk8jxF9rh8ApRWfsIMQSt2uE4OcpQqbFu7f7NbTK05lx80nuSijCz7sc3a277R67g,"The best app! Perfect, not just for learning but increasing speed too! Thanks!",5,1,,2017-10-24 14:38:06,,
gp:AOqpTOH_1uZE91csEotT7LDWtm0Tfi1s8k6lbJqjfKVbO-v_aG9ohyPVEHa2n9c1ynD0uQQrxRfCYkCRF7Px1bc,A Google user,https://play-lh.googleusercontent.com/EGemoI2NTXmTsBVtJqk8jxF9rh8ApRWfsIMQSt2uE4OcpQqbFu7f7NbTK05lx80nuSijCz7sc3a277R67g,"I can easily contribute my success in learning mores code to this app.  The ability to adjust virtually everything is amazing.  I also like the HF background noise option, so smart.  Fantastic job and a well deserved 5 stars!",5,4,2.1.1,2017-10-10 20:45:43,,
gp:AOqpTOHfNtdHa7Ml2ttAuc339yt0RmLAldL0AnqiYHJSRzWz27khcW0VVhe_jkNcpb2rhzQEPCLbAE0pan5giYE,Don Baker,https://play-lh.googleusercontent.com/-Og75EN9tNZQ/AAAAAAAAAAI/AAAAAAAAAAA/AMZuucmiiuOmCN1Dc-nqY6D9NIyECJCb0A/photo.jpg,"As other reviews stated, kmt Pro has great and useful variability.  I particularly like setting char speed at 30 +/- and the word speed slower and then work on increasing word speed.",5,0,2.1.1,2017-07-14 11:22:18,,
gp:AOqpTOFTCq7DdHeIMuyWX_PW2Wey2qyp1ATii6C7Fv3u3078gq8XuNDdh39dAnV5sEn9eIfFwWwxS7favMUTBjQ,Deryck Schnee,https://play-lh.googleusercontent.com/a-/AOh14Gh04dKcCBM_tYadqmEFYLKXyxAEbwLf4zvAupQbtg,"I love this app format, but cannot use it currently due to some weird 'echoing' and 'clicking' in the morse tone sound.  This occurs even when the 'noise' function is set to zero.   Worse when 'noise' function is enabled.  I've also ensured that any audio enhancement settings/apps on my phone are removed/disabled.  This behavior occurs with headphones, or the builtin speaker.  No difference.  Great potential for this app, really hope the audio wierdness gets addressed in an update.  Not usable in current state with my particular phone (Samsung S7 Edge, Verizon default settings US, no mods)",2,3,2.1.1,2017-05-22 07:20:06,,
gp:AOqpTOHNgd362xX2dVJKPJbv4FlqyjEGOwJWGuOG09ZjXzgzYV9zsuusJmBpDMZlO-Ofodw-w7JaHTEmAmyA2O4,Steve Nace,https://play-lh.googleusercontent.com/-ZseXY-3EWyM/AAAAAAAAAAI/AAAAAAAAAAA/AMZuuclniWMwx8Yuj8pAckuQKc-BJmHS2Q/photo.jpg,"Fantastic app. Lots of options for source text, including RSS feeds, means you won't get bored. Using it to increase my speed. Highly recommend it.",5,1,2.1.1,2017-05-20 18:24:41,,
gp:AOqpTOGbM_MxzFbx0C84bLFaX_toYr8hL-ws-XEDtVQueJnJKiigfIu_dh81BiTVuuZNzCS6K_tG_uHJJJFlWEA,John Goodman,https://play-lh.googleusercontent.com/a-/AOh14Gioyow4IHfrm1Sl38mnCQAqw-F2JrOeunOm8RzSjTs,The best morse trainer I have found for any platform and I've tried a few! The edge it has is that when paired with a bluetooth keyboard you can practise copying and have your work assessed. It is a very nice way to train.,5,0,2.1.1,2017-02-01 12:51:25,,
gp:AOqpTOESSd4zRH0fRSYNzV_PiFkrMyuheP3wQHEgy1UVjl8Z2nemPkwmuBo2qXlRZuXc55eqwH9h05Lr964JWZQ,Gary Stout,https://play-lh.googleusercontent.com/-ncwhzu74loc/AAAAAAAAAAI/AAAAAAAAAAA/AMZuuclOGpOL_Ide2UT-Dz8lllIFT_N6cQ/photo.jpg,"I have tried at least 4 different CW practice apps, and I have to say, I like this app the best. The user interface is very simple to use and since it teaches using the Koch method, I give it 5 stars!",5,1,2.1.1,2016-12-12 15:32:56,,
gp:AOqpTOFxz-xXpndeiOzdgh9Ko1h1rN4xieUbFWXrUMew05dLh_2QbOQ1HP2IAJ8Dgn2A2_kRo001sQCyBv3RgU8,Josiah Ritchie,https://play-lh.googleusercontent.com/a-/AOh14GiEv8IOQ9bzRHg21G5ADSt9HcZuECnq8vnWfmVdvGk,"I like being able to listen to RSS feeds and vary my practice sessions. I'd also like to be able to use the Share feature in other apps to send text to it for translation into morse like custom text, but easier to populate.",4,1,2.1.1,2016-11-08 11:27:44,,
gp:AOqpTOHk1Mv6q_rHv_1F1xkamDOMIN4ncAF6f-zkAM5kos2kdJXWP3cfb2I7EbwGU1tZbAzqSZ__HBDuYKVD2aY,Neal Bedwell,https://play-lh.googleusercontent.com/a-/AOh14GgAqC2C-JfqI1hW_OoS4WDDgF3Huiggv1s6WK2t,"Of all the morse tutors I've tried this is my favourite. It's very flexible in how you can set it up and yet is very easy to use straight out of the box. My only criticism is that practicing morse properly should involve practicing sending as well as receiving. Sadly, like so many, this app is let down by not having this capability. The only app which 'does it all' is 'Morse Code Trainer' (and is free).  But for practicing receiving (only) this is definitely the best out there, and I've tried them all.",4,11,2.1.1,2016-09-05 16:03:22,,
gp:AOqpTOH2p7EsGHYsqZzpT0IrzcHRyv1rzgF0iqP8X7RX46wMUtkFUVH7LfF17slohVDpDV-0xfoIiX5IhxAr4_U,JOSEF BORG,https://play-lh.googleusercontent.com/a-/AOh14Gi7zPSGpDFvv2nXW1zTypx3gDR0c6pvQwlm9KoWBlY,I'm lovin' it!,5,0,2.1.1,2016-05-12 13:12:51,,
gp:AOqpTOEyVf8BqAsfK9b-XA7082oX_ELWn2eCmiwsjnnipFdgNZHkNXfy6ZPXYKPJv7xIcAAMAgnISt5_nMbhY0I,Sławek Wernikowski,https://play-lh.googleusercontent.com/a-/AOh14Gi1OwCPvUJAfOxnY4LlMdg_P6D7qhFURGsWYgBmxg,... system screen keyboard may hide the most important controls of the app. A little interface rearrangement would be appreciated.,4,3,2.1.1,2016-03-13 06:18:35,,
gp:AOqpTOEKXTJiztGhQaZzX10AZH-S3Jw_7NaBIDx1RW1p--4ktvM1gOH17pKe0KcaqmifSCSX38YvyjDq3svWeI4,Brian D,https://play-lh.googleusercontent.com/a-/AOh14GjJ4by1g2MJ6Awl-40nTpnMvEyoIOKJwIUEEpx6LQ,"My speed increased tremendously last year when I listened to the random words during my commute.. I did that for a couple months and I went from about 18 wpm to well over 30 wpm. Thanks! #! EDIT! Reading other reviews, I found out about the RSS feed feature.. WHAT! This is awesome! I used to download files from arrl to my phone and listen, what a pain.. The feed is a great idea.. 6 stars!",5,10,2.1.1,2015-09-27 21:21:50,,
gp:AOqpTOHYtqpe2x3qSeIEx3L3kTQKPSAcIQKR_AFQEVxWiNdHy-tqc0zDNlpUS5ljJ1_oOaSQt2WrojuX8lYnZDs,Steven Holland,https://play-lh.googleusercontent.com/a-/AOh14GhVSuifIgjXRhfI2Vfy_KnpOLk3wkmWHLeQYdInCg,This is the best trainer I have tried.  I like it better than the koch trainer on my iPad.  The noise feature really helps getting used to copying over the air.  The RSS feed is great also. No memorizing the same code sent over and over. Don't waste your money on any other trainer this is all you need. 73 Steve,5,6,2.1.1,2015-08-22 13:34:00,,
lg:AOqpTOG21LWLM6QMabohvo6AbnKhxbUFFoV3-iWkaFeLKK7hR5gguwHbNr9kmb6lGCXY5_yNDNZs61jT3M8a-0A,A Google user,https://play-lh.googleusercontent.com/EGemoI2NTXmTsBVtJqk8jxF9rh8ApRWfsIMQSt2uE4OcpQqbFu7f7NbTK05lx80nuSijCz7sc3a277R67g,The best CW learning tool just got better! RSS feeds? What a great idea! Wish I thought of it. ;-),5,7,2.1.1,2015-04-21 21:39:16,,
gp:AOqpTOEBg9FICnwkBL8VO6_GSG61VSqjpdGDr89WotaFqctPkuyQc0BwYdoQMDh2EfOceSSZYBxukcBgjbrttKE,Jan Booysen,https://play-lh.googleusercontent.com/a-/AOh14Gjg-fsMpzHxWkWq5CoCjwJ6qTiKCFjageQQfJAO9Q,The best trainer I've seen. The rss feed is also great. It would be nice to have a mode where the app automatically reads back the words. Keep it up.,5,4,2.1.1,2015-03-04 10:21:02,"Thanks for the feedback Jan. I'll add this in the next release. Cheers.
",2015-04-19 13:36:56
gp:AOqpTOHOQqAEO9Zd1hs8b9yZE8PNXA3zTKe7iBtfCbdQq4t2_adwDcJ-f3Xdu4rNiSBPxi8edbDUE7BzJqMiQfU,Matthew Strickland,https://play-lh.googleusercontent.com/a-/AOh14GhVq2OVy3E5KLwEKkVAIKY3y_ZDCHT2b284vOJ4VQ,"So perfectly detailed, and the improvements are immense! Love the RSS feed. Please keep up the hard work, it is greatly appreciated! 73 M0ZMS",5,0,2.1.1,2015-02-26 15:50:12,,
gp:AOqpTOFIzVjfTvZscsdju-DXo4igJGwpfb_ylJmNoglP8haqqIWSItZJVtH4zpex1YWHPXQQXaGQDToU9XH6BxQ,Harold W. Smith,https://play-lh.googleusercontent.com/-JdXzdQlonM0/AAAAAAAAAAI/AAAAAAAAAAA/AMZuucmLZoHSN3OJDu8Fok1DeuLOBCi12g/photo.jpg,"This is a good program, but how do you stop it from running. I even exited back to my home page and still it runs.  I had to Force stop it.  Put a halt function key somewhere please.",3,4,2.1.1,2015-02-18 03:11:29,Can you please contact me to resolve this issue. My contact details are on the app listing. Thanks.,2015-02-18 10:36:45
gp:AOqpTOH3l-PoyE4LSDjH71WqeH7fAaMv4mvHr8o1OzNpiWWgCjZyjs38qlJOTjddrv1WslLz0l0jCLOkI-qxwwI,Dennis McKinney,https://play-lh.googleusercontent.com/a-/AOh14GjYKI9_Jz5Sp3gho4jqrgThWBkU5BDWHHJLhP-u,Peter went WAY above and beyond to fix an issue found with the LG devices.,5,3,2.1.1,2015-02-14 10:19:56,,
gp:AOqpTOEGzJb8Oc887q6fN_ft0vYxcq95L-H3vL-5apUXTbl8fId8iriKMAkygD1pxYOx_OV3L7KSzf2ReDHnDgg,Bill Patterson,https://play-lh.googleusercontent.com/--0_D70DNIgc/AAAAAAAAAAI/AAAAAAAAAAA/AMZuuck0nxsokpQHCRjdwnAmKnXkHIgv2Q/photo.jpg,Great Morse App,4,1,2.1,2015-02-13 20:33:36,,
gp:AOqpTOGFQ5Pw2fq3KUeQtGwPNOdcjKJm6b-Eye22qoMSARD7LIHj5KRT85kyy9ZGurepPNuWP0wi3ZqDZASPNAs,Ian Gilchrist,https://play-lh.googleusercontent.com/-cOueIt15lOg/AAAAAAAAAAI/AAAAAAAAAAA/AMZuuclqtXLIXzx94qlM5pB6MHUTVBo7Yg/photo.jpg,An amazingly handy CW trainer and the Author is super responsive and helpful,5,1,2.0.1,2014-12-25 14:52:48,,
gp:AOqpTOFvDwDJTu2TcsSDFypS4cOzL-DLb-gS3lWUYy5RTOjjIwIkWjgUbvIHGLxCnmHaagU6cBm6Civ3NLhLMD8,A Google user,https://play-lh.googleusercontent.com/EGemoI2NTXmTsBVtJqk8jxF9rh8ApRWfsIMQSt2uE4OcpQqbFu7f7NbTK05lx80nuSijCz7sc3a277R67g,"Not much better than the free versions out there, if any better at all. Input mode is awkward to use, and the screen doesn't adjust for your keyboard so the control buttons get covered.",2,2,2.0.1,2014-04-01 06:32:08,Setting added to v2.1 which adjusts layout for keyboard.,2015-02-12 07:20:48
gp:AOqpTOHquRHtU1mjXBaj_Tc3dJh2JHzEYqCikIzJQ6RdLWRGPfF-os7dM6MrUpnympZJaYsJXKg-IxbPEn4tNpw,Ulrich Seidl,https://play-lh.googleusercontent.com/a-/AOh14GiVw52qbFCJHjX87xFSAu1i2ICHY1wNdhFs-yvC,"Runs without any problem,  well tested!",5,1,2.0.1,2014-03-22 08:56:14,,
gp:AOqpTOEzOCebyA66_XsU3vBwzmjnJtjk_k157O0JEX1imo3np_gqEKArfmdSJ9OmseIO0Gi2N06P7jPF3G9FM4s,Edouard Lafargue,https://play-lh.googleusercontent.com/a-/AOh14GhwsuF6vYqNBHU-bE68bZwweR942l1lJjupxGCx_O8,"Nice program for training, but the way stats are computed, once you miss a character, pretty much all the rest is considered a 'miss' unless you are lucky. A better way to do stats would be to realign the stats at the start of each group, it would be much more accurate.",3,4,2.0.1,2013-12-05 21:33:41,This issue has been addressed in v2.1.,2015-02-12 07:21:20
gp:AOqpTOETjzjJS1EMhd1t5ioybcHt-gbmb6OBaIRnx_gcIcn9uXhDd2AaYGeMA9bnB3qhzgRY3mWA8_RtSHQ9nbY,Dave S,https://play-lh.googleusercontent.com/a-/AOh14GhWc7odNookSu8Cvq1dxgNIU6DBnpzR25XvGEeQTw,I love this app...the latest update made it even better!  Super customizable & it makes learning CW fun and easy...I've been practicing at lunch and I'm amazed at how quick I've picked it up.  Keep up the great work!,5,2,2.0.1,2013-07-02 11:26:37,,
gp:AOqpTOGuOOknWoilKAyOU8x2eR6T3wRXdW8gTeNhjv9YL32DWx3lZ5dXyqlqFROJThxH3mLEbV-SGUrel1psfa8,Søren Straarup,https://play-lh.googleusercontent.com/a-/AOh14GiioL-n_MIUtPJuqzKESjY0GcLMhgf1aEVxuRcilw,Very nice app,5,0,1.11,2013-06-28 21:01:45,,
gp:AOqpTOEb2ADwSt1LA44szl0iNoiKQElEzNOs7X4G9RCBgEccsXhi2JogE9QKoFJwAonmm6NZeC07irL24g4u34w,Robert Bradshaw,https://play-lh.googleusercontent.com/a-/AOh14GhiMlCxpAhMVsNHX06Yx3QPf2UDzfyRfmHNRXE33Q,"I used the previous version daily, this new version has everything I was missing and more.  More ham apps pls bit ninja!",5,1,2.0.0,2013-06-27 13:36:03,,
gp:AOqpTOGftKKwAYLfiYQBfUzN4b8s2m_DCQgYuDDl74fXX6bHz3iF8DUFXxSiA9SVdHhTtk6dobDBTsHUixJycC8,Dan L,https://play-lh.googleusercontent.com/a-/AOh14GgSGP29xvhUpEvOnVkGLFrDN32HchxpE6n87aec,This is exactly what I was looking for. Farnsworth timing and the Koch method for learning letters. Very configurable. By far the best Morse application I've found on this market.,5,0,1.11,2013-06-24 20:10:49,,
gp:AOqpTOG5krEAJzo3SBoivnmYeCsZBhOn3vYbOHfDSGsBtT0nomCOzVpuMDEvhHUeLIoJSqsZgkO2tcZsybe70PA,Gary Nilges,https://play-lh.googleusercontent.com/a-/AOh14Gh30lmd7Q_96L-WDODPuwwd0UZLMgWETn2h5kkA8Q,Has all the features I was looking for and sounds great on my Nexus 7.,5,3,,2012-12-28 15:01:38,,
lg:AOqpTOHx3LTnnQo2zdstOC1ChWjN3nISXDffIh7ILSWDEvRaB6c2e6EceEeA_DI0MXk5LjJL2l7AZ8nQjXS5xYM,A Google user,https://play-lh.googleusercontent.com/EGemoI2NTXmTsBVtJqk8jxF9rh8ApRWfsIMQSt2uE4OcpQqbFu7f7NbTK05lx80nuSijCz7sc3a277R67g,"starting and stopping results in starting all over again.  if fails to restart after finishing, i had to hit say letter and then i could restart it.  little wierd on 4.2 but dev is addressing all my concerns.  excellent support.",4,2,1.11,2012-11-20 13:38:50,,
lg:AOqpTOHWL7pHCpe3ntxoyM8-V-X4AFf-joM1d01AnuqYRzXa_QWhDYzapLWaCbzr2LnvAzt2jxjG9LOIOiZyiwI,A Google user,https://play-lh.googleusercontent.com/EGemoI2NTXmTsBVtJqk8jxF9rh8ApRWfsIMQSt2uE4OcpQqbFu7f7NbTK05lx80nuSijCz7sc3a277R67g,Every feature I am looking for is included. Just buy this!,5,2,1.11,2012-08-18 03:45:56,,
