reviewId,userName,userImage,content,score,thumbsUpCount,reviewCreatedVersion,at,replyContent,repliedAt
gp:AOqpTOEhuG5nVwt__AWNnwhNc_BvjxmYyTGsnxSTnrLCAvWSBuSUQxWzynRz6BUkAR8ypkHn4uWCd9LPDponzg,William Shelton,https://play-lh.googleusercontent.com/a-/AOh14GhSq7ua-rmE35Sn9Z-8diqF_8U8lN0kkEO249vQQw,"Please add a last ten statistic for every game level, and maybe also a last 50 statistic for the same. Then, while I'm stating my druthers, the same two statistics for all levels of the game grouped together. Please add an automatic draw for X number of moves without a capture. On the lower levels the game won't prosecute the endgame well and this leads to a lot of worthless chasing. I usually wait until I've made 50 evading moves before calling it a draw. It would be good to be automatic.",5,0,,2021-01-31 09:22:28,,
gp:AOqpTOHF-93NjBEtZG53aKRf0rf15vwUwyErqxwgV0ytWSGlYS_WK4CrTxwnORJkc61zQUCopFH3PWktvQa2uQ,Oscar,https://play-lh.googleusercontent.com/a-/AOh14GjaMgcyigSTbrgiXuhmtMyFcGvZALovhcdeFyuIJw,Fun.,5,0,2.32,2021-01-23 08:41:02,,
gp:AOqpTOGMlnTad2CqmoUdbMlWvVcuPISFB5PXQEKeix93UxfwhyL-mJc3wOCDHnTepI0sK-oO2gHwMFFp-PS61A,Kevin Brown,https://play-lh.googleusercontent.com/-B7KIaqS-vMw/AAAAAAAAAAI/AAAAAAAAAAA/AMZuuclxLJgrG1ZSg8Zpe_9h0jVUB0umzw/photo.jpg,Best checkers game around. Highly recommended.,5,1,2.32,2021-01-09 17:13:56,,
gp:AOqpTOHomLUVcoryxkeX2HsQZqQoeXrdoEAgVXPwr_OS5SXVoZBtn0SHSfTBhvfZZN8EYND8kZ8Xx5_AxiBjKw,Greg Kulevich,https://play-lh.googleusercontent.com/a-/AOh14GjKGbD4lhJzA0NSYTMPJvUq_EdFdxklEL-mRcbb,This is the best checkers app for Android from the 10+ that I tried and tested. I also find it the most aesthetically pleasing.,5,11,2.314,2020-11-04 09:38:22,,
gp:AOqpTOEA-Xm2oMrSK3pX1GaHfJO5h-fjnRZezwzLinsLSrNMfQLrrR4qnOU5vvW1dX0U5THpIz1SkTFNs57byQ,solanke wahab,https://play-lh.googleusercontent.com/a-/AOh14GglxNwgzHx0QZ0nkSOM0TUJQJw1INfQDNGcKfsFW-o,I enjoy playing.,5,0,2.314,2020-09-29 13:49:50,,
gp:AOqpTOHb2z5EivAdhLCKwKwYDvP39_3JUdHYo3tc7Wz6NMlSa7eWydnqBfYOWK5m72yS2Wwmb9T4sumFbvIEwg,Steve Pringle,https://play-lh.googleusercontent.com/a-/AOh14GjcgOz0tPL_G9eVdLeR6LtYoN0L-MF9KTOE2DM0GA,"July 9, 2020 - Forced stopped. Clear cache and storage. Uninstalled. Reinstalled. Open app. Sign in. Screen dims for 60 seconds. Google Play Games pop up and now I'm signed in. Access online multiplayer and it functional. Staying on this update for now. AI in single player mode doesn't 'think' as long as before so that's a plus but still puts up a good challenge.👍 ~ Pixel XL.",5,5,2.314,2020-07-09 02:38:31,"We're sorry you're seeing a problem with the app again. Please make sure Google Play Games is up to date and look at Google Play Services as well, as this is also involved in running Multiplayer. Please contact support@aifactory.co.uk to help us understand what might be happening.",2020-07-09 01:08:08
gp:AOqpTOE3Aj9fJJXC_X1Ef0SoAqdYSpfrhxFfLdJ8EvSoYEaadiM93llRoP6nH-fbyp6fccDnBDVzAkHhLsnD0A,Scar Face,https://play-lh.googleusercontent.com/a-/AOh14Gj6RLW7yjh8C2lB-bUv-Qy7KSuxQrxQ04GQEXgoxg,Mean game,5,1,2.18,2020-02-29 17:12:55,,
gp:AOqpTOF15gKTMK7L202wWtJTCjThHYTscFmLgdIYpwbBA1AvPsAwuh1pAEvmckCpToKTYb6Vqlw00Ue5a9efEw,Gary Bouwman,https://play-lh.googleusercontent.com/a-/AOh14Gg74NNiDVK8aoxzgkdooN1RqiqREDXV7miwbsYSgg,Lots of fun and settings for easy or hard.,5,4,2.18,2020-01-12 19:22:41,,
gp:AOqpTOEGHoY6W2wliMjA30EdrL6Flbpx6N-IM9L3SjK6W7CSqm1h295L26l7-86q_8yOGQfJKBWKuSf0Jt61RA,Allen,https://play-lh.googleusercontent.com/-4qM1rdOps2s/AAAAAAAAAAI/AAAAAAAAAAA/AMZuuck5XKt3itBGeEqM2UHGTYPFUDKj8A/photo.jpg,Great game with hints and more,5,2,2.18,2020-01-07 13:59:29,,
gp:AOqpTOGWbr0f4GmLaoh165w7i-R1x_ML33Ox4ReYtl_fFJ1JIamrH5NOXHmKItIRtc18zrJwVXWHGdSa_6vibg,A Google user,https://play-lh.googleusercontent.com/EGemoI2NTXmTsBVtJqk8jxF9rh8ApRWfsIMQSt2uE4OcpQqbFu7f7NbTK05lx80nuSijCz7sc3a277R67g,"like the game, I've had it for years. *I predict you'll say that you'll consider this for your to-do list and then not do anything about it, but a gripe of mine is - when playing on the higher/ highest levels, and auto capture is turned on, when the A.I. still has to 'think' (the little timer that appears) about its next/ best move, even if there's just a single capture to be made. there's literally nothing for it to 'think' about.",4,15,2.18,2019-12-19 07:02:43,"Thank you for your suggestions. We have added these for consideration on our to-do list however we're a very small, very busy team so we can't say how long it might take to fully assess them.",2017-01-09 00:58:32
gp:AOqpTOGtHL9gNiqb_O5z4mylDRchQaXv9jDeGNRvHoLS8mAwHq04cAgldQbRi3xdYw2dXJKIzzD2ee1hKrynpA,Kirk Drury,https://play-lh.googleusercontent.com/-JSS2cHqnupc/AAAAAAAAAAI/AAAAAAAAAAA/AMZuucmghxgydoazWPl21SL0bclYBh2QZQ/photo.jpg,Great deal of fun and thinking in this classic board game,5,3,2.18,2019-12-18 01:18:35,,
gp:AOqpTOFoKrIR8HN4Kvzk5dQufmjgYqD5xJSTbRY6Nv38wSrzSbVYerrXTt8c2_A4EG4r2P4vbuxDwmebxMSW9A,Stuart Goldie,https://play-lh.googleusercontent.com/-1NKP3mp9qlQ/AAAAAAAAAAI/AAAAAAAAAAA/AMZuucmL6tYKH00yzaBjwMwsPem5BXL3_A/photo.jpg,Great game to pass the time,5,1,2.18,2019-10-26 08:17:41,,
gp:AOqpTOHr9Q9Ek94YVEPF8bIzep1egKam9pF4L3JEPg6_ovLhW5LfuPncYzqGCXJ5LZvvpbnIoZtHNBg3EbbMRQ,Jeanette Montgomery,https://play-lh.googleusercontent.com/-A3mVWuBfDaw/AAAAAAAAAAI/AAAAAAAAAAA/AMZuuclPPQvh3hy67CopUgHOsI4gybSEvw/photo.jpg,I love it.,5,0,2.18,2019-10-18 06:13:13,,
gp:AOqpTOFbI1wIOHuJmQSwYOT59UzjKT-TRmFU0BfBW7tu4sPkPsisBGtXFBhMpKAv511T6Q2aTCZsNWRmTlZfwg,xoel sanchez,https://play-lh.googleusercontent.com/a-/AOh14Gj6jcxeX4xJ4U0uuPjv4Lgu-UR0xCtJyxZoCfjG,"The game works great, the A.I. is fantastic. But it would be nice if the application it's self had a screen always on setting.",4,11,2.18,2019-10-05 17:29:15,Thank you for your suggestion. We have added this for consideration on our to-do list.,2019-10-08 01:04:53
gp:AOqpTOH2KBgURJz_j-o8akL78drwHmIqu3hilu8YKAWgZm6Edz1_xu6DoZ9W83QCuEsVFx8YJ3mHyqN6L3h8jQ,Todd Adam Hewlett,https://play-lh.googleusercontent.com/a-/AOh14GjK21fE2jEYyqaV8ZIn4uq63U3PZzE2vgQx0GcCGQ,"Paid for several apps from this company because I like classic games...now, ever since they added that crappy ""Google Licensing Check"" BS, every single one of them tell me to go buy the games again. Leaving bad reviews on all the ones I bought until they're playable or I get a refund. Thanks!",1,19,,2019-09-14 16:29:04,"We're sorry you're seeing a problem with the app. As part of new Google anti-piracy features, you need to start the app with internet connection to check the licence and this is then remembered for 30 days. If this doesn't help, please contact support@aifactory.co.uk",2019-09-16 00:30:16
gp:AOqpTOEPZ7EXZ7VaIVVqMLDnY0QCW24hcRuncEaS_AK__21G0BFPBiJcSCXiZ6wJRyEkAfsYAN2_MX4iCrSB8g,Daniel Bordner,https://play-lh.googleusercontent.com/-rQS1FEUoED0/AAAAAAAAAAI/AAAAAAAAAAA/AMZuucndOoLJ27GKJ66ccG_zRSvffsBqqA/photo.jpg,Simple and effective game for wasting time casually.,5,7,2.18,2019-08-08 15:45:57,,
gp:AOqpTOFHhlkbbWD26gQQj0NZhHk027xzM7A-Fum-5NOVyq9orXYnWlv73Jq9R0Q4_JmYAfKU3cfMwG5_jkCpRQ,Joel H,https://play-lh.googleusercontent.com/a-/AOh14GjThU5F1WZv9uM-nLotD0Ltkhlr3euVj730S9yQqg,"I have played this app for years, exactly what I want from a checkers game. The difficulty settings are controllable. Low levels are easy, ive never been able to beat more than 6, it gives me something to aim for.",5,41,2.18,2019-06-09 06:31:22,,
gp:AOqpTOGaynsWXhNyvrdQ4D6yAB-6XOaNk9p5QMLO0BdNB2jB0Aqdz-od8CPRMaQXSG-AxRO282gG4aKrj8PWxA,MiJ Rodriquez,https://play-lh.googleusercontent.com/a-/AOh14GjdWDPuJpk2knQPU15WXt2g5SjKDHaP4eTJKxOQWQ,CPU skips som,5,0,,2019-06-05 03:15:55,,
gp:AOqpTOHlGxHoXNuMa0QqSZxAbmHH0QE4M9K1ERImC55k1kMV8hsVbN4e1abVjNqhXZf9R66XcGHd5EEK-CB4sg,Jon Liebold,https://play-lh.googleusercontent.com/a-/AOh14GhrnrMOeZSM9tWAy383514gY9rpaBqSRMe6iwqn,I paid for the app and i still get ads!!!! how do i get my money back????,1,18,2.17,2019-05-01 17:45:45,"The paid version has no ads and installs as a separate app. Please open ""Checkers"", not ""Checkers Free"". On first start-up it picks up stats from the free version if you have allowed stats recording in both apps. If you would like a refund instead, please send original order number to support@aifactory.co.uk",2019-05-02 00:01:40
gp:AOqpTOHXhOCSwxegbyVPJP9qS-RCxxcKsLTXL5FJ8YyBMrU55yVv-OrLXBMm5dK86ZlMZoM6rF__UF-EWwojAg,Gary Hvizdak,https://play-lh.googleusercontent.com/-gC1idPWMMNM/AAAAAAAAAAI/AAAAAAAAAAA/AMZuucnhzYrrbftuDUxlwmhTpqq-771D6A/photo.jpg,I purchased the property aid / ad-free version. Uninstalling to minimize battery usage.,5,9,2.17,2019-04-11 00:35:05,,
gp:AOqpTOGIZhe0Eys9q-NYAKnKOFHuN64fYO3QpY4EwOqeLAp-DzYlBl1AJk6c8b57KBthnQrgDd55jeO4c6MYIA,Digipop Thetab,https://play-lh.googleusercontent.com/-0rqpc4xiGP8/AAAAAAAAAAI/AAAAAAAAAAA/AMZuucmtExAydm-djdXRcMPz_PVFvwfgcQ/photo.jpg,Played the free version and liked it so ended up buying the paid version.,5,15,2.17,2018-10-20 14:45:20,,
gp:AOqpTOGjg-gn0X8lb1N8uV_S1U2k9pzP0ISPrsCdcpvtrbUt1NPPwfKHWtBzqBkIhg-I6HY1X2uAU4MPUau0rg,A Google user,https://play-lh.googleusercontent.com/EGemoI2NTXmTsBVtJqk8jxF9rh8ApRWfsIMQSt2uE4OcpQqbFu7f7NbTK05lx80nuSijCz7sc3a277R67g,It would be better if we could set up positions and save games.,4,5,2.03,2018-09-29 21:12:10,Thank you for your suggestions. We have added these for consideration on our to-do list.,2018-10-01 00:47:14
gp:AOqpTOEgeCPlvLYl4MMR8WsrJgaVloR5NZ7yHscKCk5Z6Js1JAgs30LzuUXLzXx_RBEfaHkfWaZdcEE7quy7pg,maria romano,https://play-lh.googleusercontent.com/a-/AOh14GjvcEEA6-EzVL1EMMc51kyafSxrjEqOcxJWC30saw,Great checkers game.,5,4,2.16,2018-08-16 13:27:54,,
gp:AOqpTOH9bS1FdhExQeop1BHl5ZtvWNgmgSHxcNSUzcxWFJcOdqxOS5kpTMvsvByI9OSciiDXV73O5YuQrrt2jA,Damon Wood,https://play-lh.googleusercontent.com/-AhmX7YEuSWU/AAAAAAAAAAI/AAAAAAAAAAA/AMZuuclOO7gTRJfUBEb_1Qxl1InPUcrzbA/photo.jpg,"I enjoy this checkers game. I think that this is probably the best one out 
there.",4,1,2.1,2018-06-05 10:51:15,,
gp:AOqpTOGcSRomk-eFHGyZWDoFpg91OalA7Q5PgcP8BCZfvGC59SpN51dn-J-GwHVnO4nMBLuOa2V--G0MEY_5ag,Mike Brenyo,https://play-lh.googleusercontent.com/a-/AOh14Gi9Eyjo-4o6jIGGGo_ScRvBU8jKBw9RsTLF5VlAIQ,Challenging checkers opponent.,5,1,2.1,2018-04-11 08:43:05,,
gp:AOqpTOGJArLmAEzi8MLrtUoDM87GFQEsNKWPGhruAnUIz9cx4Cv0DRFoG_Khmv73TtNHGofYbNb4YfSAfklq8Q,John H,https://play-lh.googleusercontent.com/a-/AOh14GgQuzSosRlovqgvzuzHr2sMn0Xi5PX2yEN59i9v,This is a great app! Would love the feature of saving games though.,5,0,2.1,2018-01-30 12:08:48,,
gp:AOqpTOE3IFbCZS4Cs3sEcO69IL-wBVRcJyxRWLLYdf1RnPd9wJw5g0wBbSRjikWGR11GkkxafywBS-G47eTYOw,Juan Padilla,https://play-lh.googleusercontent.com/a-/AOh14GiGLyJgRERVRYQqspS5PBr6URh3YNRa_fv2maZQ,"Works, no ads.",5,2,2.1,2018-01-27 23:01:20,,
gp:AOqpTOE5crjqmDKJpiNwlsimYNgGafM_xADnzFDiztgY7cux6GeiK2jxbhcVApDw9AiClXci2lv3NTrZOrlTCg,Ian Scanlon,https://play-lh.googleusercontent.com/-EUmOzs-jkhg/AAAAAAAAAAI/AAAAAAAAAAA/AMZuucl8vNwzTp4lmCwbdTEPJEnDPKd4Jw/photo.jpg,Why do i get a popup google ad when the game starts? I purchased this game so I could be ad free,4,8,2.1,2017-11-11 13:58:25,"The paid version has no ads but installs as a separate app. Please check that you are not opening the free app after buying the paid app. If you are still seeing problems, please contact support@aifactory.co.uk",2017-11-12 23:55:54
gp:AOqpTOFO3xiOjkdobdrCevTXwkAijjHNBHgvS6mZx24B3ldcCwE-fCNnDwtF7wFLEyAFTyJB-TgC5fwrQwU9tA,catgurl felinus domesticus,https://play-lh.googleusercontent.com/-5jgSZgGQAyM/AAAAAAAAAAI/AAAAAAAAAAA/AMZuucmSTOK0RkoDY3uokXiHzVxNyYAYTA/photo.jpg,"I like it.  Good basic checkers, no issues.",5,8,2.1,2017-10-05 13:31:35,,
gp:AOqpTOFr5sdsPBJT9x9koIP9cln6iiP6prw_cPpIQMdnvEBgl-TvqOYM-W14SyBTKva28coJbtnl2XtXQqdAyw,David Saunders,https://play-lh.googleusercontent.com/-TDORPF1KgC8/AAAAAAAAAAI/AAAAAAAAAAA/AMZuucnMf5iprEhI4k604OVl_VHsJzehUQ/photo.jpg,I was never any good at checkers. This app will change that.,5,2,2.03,2017-09-09 06:29:42,,
gp:AOqpTOHR3tNnC9Ge4WrqbVXgPyQ9XFT3ncz5fuV8SdGmDuBBslN1hlUC5kaXGsRMtdsd0SQ61RW6oP0wFBzTFA,Anna Ford,https://play-lh.googleusercontent.com/-3W5y1sQL9yk/AAAAAAAAAAI/AAAAAAAAAAA/AMZuuckTXPFk86Tk0CCrFC5rmNL7mUTDZA/photo.jpg,I thought it was a nice game until I tried paying it single player. The CPU cheats and has it to where you can only choose moves that benefits it. Very annoying.,2,5,2.03,2017-05-17 15:28:32,"Our app follows the rules of Checkers properly and does not cheat. Please finish your current match and go to Main Menu, then Single Player to check that ""Forced Captures"" is set as you expected, or send screenshots to query to support@aifactory.co.uk",2017-05-18 00:09:03
gp:AOqpTOHWRm3NF2r5AE5US14EiPUE_Evj5VAF97uolGpHMlfac2nYTyyfxucBECGT9_zPCGibyG234OOMaIgKjg,Cyrus Graham,https://play-lh.googleusercontent.com/-s14AHtiEuDk/AAAAAAAAAAI/AAAAAAAAAAA/AMZuuckWUMVaK49SM9F8jXougPwZNlIUmg/photo.jpg,Would be a idea to have a composition option.  This is a excellent app.,5,1,2.03,2017-04-06 07:19:11,,
gp:AOqpTOEO9vSxhC4AI02Dno_r6Tn443ESX09WfgMmE_Yg9tXwYXm4u9ztCiAlLo8xamkJCshJjegZsNtbxjHHbg,Attila Ambrozai,https://play-lh.googleusercontent.com/a-/AOh14GiFVjb2r-lGBphc0gKKLB2WFEx1E6C_OU-depk-szI,Great,5,2,2.03,2017-01-09 02:11:30,,
gp:AOqpTOGJYKekSi9uUkrQcZCe5-UjegISyuZ4J-JSQxV7UJp9lFfHmPa31IsIuBk6fg0pvQshv8e0oX9TZwoczw,Joshua Lewis,https://play-lh.googleusercontent.com/a-/AOh14GgNI8mzzRrBPS8A7FllmCQhL0sMQVFmTi8uM5j6U-c,"The game is OK, it would been better with more colors for the pieces and boards, and more country rules, like International, Canadian, England and so on.... Other than that, good game!",3,5,2.03,2016-12-14 05:40:49,Thank you for your suggestions. We have added these for consideration on our to-do list.,2016-12-14 23:57:23
gp:AOqpTOGk6l0jm3aUSltWSj63ljuTVMgQVlwa0kPqGMeBzYW4JYSUHXkUxzJT_MKpqw7ZDxSvJMu11JnfjgceEA,Adrian P.,https://play-lh.googleusercontent.com/a-/AOh14GixNPv-NAM9tUgOxYW4kJmvioejeyfrj4mWJM6ekNo,Nice selection of board and pieces. The functionality is smooth. Paid version avoids the distracting Ads. Would like to see an option to enable to pieces to be set-up at mid-game/end-game if possible thereby providing a scope to explore different outcomes. This option could be regarding as a kind of sand pit/training mode.  Great app nonetheless.,4,4,2.03,2016-09-11 00:17:17,Thank you for your suggestion. We have added this for consideration on our to-do list.,2016-09-12 01:29:25
gp:AOqpTOFNHODYIqSVZ-BrCihUXrj7y8mjsEZD4NlQcYvxZflgcOXhuQ3aB9nEE6NK06PYSygfVzNlMOaVYS4C1w,JEFF SANTIAGO,https://play-lh.googleusercontent.com/a-/AOh14GhBVFRY0UV-P9j-V0A_8DyEX3JAeZ0CJVUdlWZdGw,I wish you had more levels in the game customizations of boards and pieces I wish it had a clock just like in the game of chess in Checker tournaments they use a clock to play in tournaments,4,1,2.03,2016-08-01 18:04:05,"Thank you for your suggestions. There are currently 12 levels, 12 boards and 6 piece sets, and we plan to add more in the future. We have added the idea of game timers for consideration on our to-do list.",2016-08-02 00:56:27
gp:AOqpTOEHyTi_hdX24WZpEOm0U-8452098BnupsC4YjqqaGbWTBpbPKH7kYtgKQJlOHlUOufaBBW0MBkOGGLlUQ,Steve Tildesley,https://play-lh.googleusercontent.com/a-/AOh14GiEVgO-AaK_fCTWUnKFCj7i3qPx9GU0-StlOcinzQ,Any chance of a board set-up option for practicing endings?,5,2,2.03,2016-07-02 07:53:39,,
gp:AOqpTOEeTQE1pa7wUYw0X_hFr07ufYQYykSOAuF7vDatE8OmvRda5DSxnG0q0il9rieSb1BaLHOEtGq0U9ufBA,Connie's Email,https://play-lh.googleusercontent.com/a-/AOh14GhhXpWLH4AuwbWTs5VfhYrY-V5HNaD2PdkzNJIB,"This game is visually attractive and moves smoothly.  The problem I have (as a casual checkers player) is that there are supposedly 10 levels of difficulty - with 10 being the hardest - but essentially the gap between 2 and 3 is the same as between 2 and 10.  I can dominate on level 2, but get eviscerated on 3.  Dozens of times.  Lol.  Planning to uninstall because it's not fun anymore.",2,15,2.03,2016-06-21 06:39:43,We apologise for your frustration. Levels have been calibrated against each other and other chess apps but different human play styles may find some cpu styles easier than others. Have you tried Hint(?) on the Menu to help bridge the difficulty gap?,2016-06-22 00:45:27
gp:AOqpTOF5_0bX8dqZ1BoBw9qMJ1bf3eRJ413V3uyT_xs0uhe3pToDaGTUVaaN9JbZcTOk5kl0mZarCbtncP4XgA,Ashar Mairaj,https://play-lh.googleusercontent.com/-ULcdj4RsWHE/AAAAAAAAAAI/AAAAAAAAAAA/AMZuucnxtM7bCdtXyYOqGZ3x_iOb_PWPFA/photo.jpg,Can't make a setting for taking a pieces going back. For a paid app that is non sense.,1,5,2.03,2016-06-17 18:49:29,The app currently uses standard US/UK rules: http://en.wikipedia.org/wiki/English_draughts but we will consider adding alternative rules.,2016-06-20 00:46:55
gp:AOqpTOFAUH5LTYEH_6DDqZsP_UOrF-rTfXttBWEJvBUi8D0fQISjZ2X1ZDDktMnE68KVMa15_xO48nAuMyrBhw,Howard Z,https://play-lh.googleusercontent.com/a-/AOh14GjjG4PmBVOjB3f9tbOB6S0NLk39XdrOQY2jnS54KQ,Good job,5,1,2.01,2015-10-05 15:35:54,,
gp:AOqpTOGkrLhT93MKlCAIu-CmjuR2k9ldSaOWwSKZh19k9N3evZyMRDo1yN5qN2PomHRPU7XviCXeSbQNhLthZA,Timothy Jones,https://play-lh.googleusercontent.com/a-/AOh14GiiWm6100lp7D3OPGwPs_OkopP1rMLKZRllMwcFnw,Please add Google achievements,4,2,2.01,2015-05-16 11:32:14,Thank you for your suggestion. We will add this for consideration on our to-do list.,2015-05-18 00:45:18
gp:AOqpTOFTdPDu3zAaOKT0BTTHTUjP6x9hYgE9WqnCiruVVcsWr9imhCGrDARaMRun5G78UAZtHAqal4rWY1x5FQ,Kenneth Jaeger,https://play-lh.googleusercontent.com/-TZZ1VXJRQvs/AAAAAAAAAAI/AAAAAAAAAAA/AMZuucmG0ATAwkfxCtAeXB7PEHvKUqYu8A/photo.jpg,Could you add a way to save and review saved games?,5,1,2.01,2015-03-05 19:26:22,Thank you for your suggestion. We will add this for consideration on our to-do list.,2015-03-05 23:13:25
gp:AOqpTOGFI72W8xK7pmrcJZvnwl1R8cnkwcuNnBT-icYkyt6Inb3PWszJ1FuqDWzawz4MLZJpyGb9c0FjKT4mCg,Harveys Apps,https://play-lh.googleusercontent.com/-eF4PApZyNys/AAAAAAAAAAI/AAAAAAAAAAA/AMZuuckXTTlcR91bMB2c69-HbVwBPo28og/photo.jpg,"Hard to believe, but each update makes the UX slightly more unintuitive.",1,2,2.01,2015-02-09 22:56:46,Thank you for your input. Please email support@aifactory.co.uk to let us know your thoughts.,2015-02-10 22:59:19
gp:AOqpTOGRyUji4Edk5DCZGnRGaAPolrlttveLg6WnL2XsbdzByfhh4RT7Z7Gle4Mg7GGDD1v0cdtklHzlReVJfg,Oliver Vickery,https://play-lh.googleusercontent.com/-bHyBMUV4MM8/AAAAAAAAAAI/AAAAAAAAAAA/AMZuuclKlbuexVmly4fbJ2hYEqBFuH7Mqw/photo.jpg,Don't really care for the updated version..prefer looks on the previous version..but that's just my opinion..not a complaint.,4,4,2.01,2015-02-02 15:15:33,Thank you for your review. Please contact support@aifactory.co.uk to let us know your views on the update.,2015-02-05 23:32:12
gp:AOqpTOH2EFCVLOtMfSv3kRL4REmZ-1gGBhLwfuA01sq4OdFK91r0Vc0SeYJ_OCHc_CDTBew0tc4C3Z3oHAFR0g,Chris,https://play-lh.googleusercontent.com/-syDPpWUnCzg/AAAAAAAAAAI/AAAAAAAAAAA/AMZuucm956S2duWkwbRhSYD4jRVe58iUIg/photo.jpg,Excellent,5,2,2.0,2015-01-28 17:33:00,,
gp:AOqpTOGZNSfnh3Dg-WitMPhuqPZWbtYn7XcMUR0YbWx1FPYemMa2YwKQk1IkvBwSbK14XS8qw8GF7IwCDYGVXw,Mustafa Uysal,https://play-lh.googleusercontent.com/a-/AOh14Gixv0nGuRClgHifQQzKIVXOst0D4hAtbfes6wdWvLY,Özellikle de ben kazanınca daha bir güzel oluyor :-),5,1,1.34,2014-11-04 05:29:44,,
gp:AOqpTOHW6JqO-kNlEm__ckKKSYIHY3NTgWfcwvOpj0YugBbuRMxoJWZPeXoynPjXWjsyDhGllQdqVmH5QkfGQA,Shannon T,https://play-lh.googleusercontent.com/-_1uO_pyV19U/AAAAAAAAAAI/AAAAAAAAAAA/AMZuuckLiCanPSgIKtzk31Ktz5kUdeoAJQ/photo.jpg,"I love the grafics, smooth games play and many levels. One problem is it calls a draw too quick. I'll be trying to set the opponent up and it stops before I can go in for the kill. And there's no option to continue playing. Other than that it's fantastic.",5,2,1.331,2014-08-30 05:18:01,"Thank you for your suggestion. We have updated the app and you can now go to Options and uncheck ""Allow Drawn Games"".",2015-01-29 23:25:52
gp:AOqpTOEJhR_qieIvsngeqeaBTPUmb5hqGcUX3dLlHza02pSrIXfLqqdji9arAVbRJOpnXC4mahe391tI4tnGYg,Jason Darling,https://play-lh.googleusercontent.com/-xRKxDzf98MU/AAAAAAAAAAI/AAAAAAAAAAA/AMZuucmhqgy-V6BPriY-ElJBaTIb-rFHBw/photo.jpg,Best checker game in the store!,5,2,1.331,2014-08-22 17:10:07,,
gp:AOqpTOErqpGc-zs7qiiJUfCWRwcWhusc5GgRIESgbB-vLas4J-AxQW8B2GQJkHQSumnc-IRXnAarQA4gAEaEjg,Ramon A. Culson,https://play-lh.googleusercontent.com/a-/AOh14GiL08JQjuiUZ_SR3NBDnmrtH-llRUVYM4OBjfbD,Very good,5,1,1.331,2014-08-07 22:57:35,,
gp:AOqpTOHEoyJE5gXILgTOn700Jdh3RShUBv--mRBYmS7DMYWXcx3CHw5ywDPH1If4fymNO5KxJQUl1A1-A3gVlw,Sean Neylon,https://play-lh.googleusercontent.com/a-/AOh14Gia3n0oMJvsUkGGfzWRKfee4ViEJN1tOvFX3L039g,Level 8 produces a flash of something in the middle of the screen each move. Rather akin to a migraine. Not nice or tolerable in any way.,3,1,1.331,2014-07-21 16:52:36,We’re sorry you're experiencing problems. Please contact support@aifactory.co.uk so we can get some more details of the issue.,2014-07-21 23:44:11
gp:AOqpTOHAMqe-Wv21WGoTf9J_5rlSn5fpiua8MeZqD3PEBSShbLhHhjVeAAZcGy3DsZyFl0Jdmf-0llhJ6GgJVw,John Tate,https://play-lh.googleusercontent.com/a-/AOh14GgogOzcyNp0Cy5N95QLtur8FOOEp61JfvjBbXAuBak,Great game!,5,2,1.331,2014-07-10 10:07:33,,
gp:AOqpTOHht-5ztyFXHW-JVwHvFf9dmhsau7XAEtVtIyZhdvZc7Hvq81pdfdvi11uralBmUZFJID1KABZII_lJNA,A Google user,https://play-lh.googleusercontent.com/EGemoI2NTXmTsBVtJqk8jxF9rh8ApRWfsIMQSt2uE4OcpQqbFu7f7NbTK05lx80nuSijCz7sc3a277R67g,Really like this game. :),5,2,1.331,2014-07-01 10:08:45,,
gp:AOqpTOHK7mAGCG7FAxclcQcFopMiZJV2cnLvHWFJKCEUaLCjWeY_QK7c_8NGrplXDN9pzoU-0d1CsfyDYnEVfg,John Robert Morris,https://play-lh.googleusercontent.com/a-/AOh14Gj89GyDZ3rkuqf-AWkUsOMwfbFeuMaeDW5J-GIJ,Has many levels and stats.  I enjoy it,4,4,1.331,2014-06-07 21:36:46,,
gp:AOqpTOHANDwHvrMB3JgRFc53wekGn5tYaIQWVrtgjmoqDhlxpdiD_vQdRJtLYBZWm3ZTxF0VqPq9eGBv5FE7fQ,Anteo Petkovic,https://play-lh.googleusercontent.com/a-/AOh14Gj7ptDZk0Mxag2WZNPWVI4bOBgBiI6OLjHIdWpHRA,"I can't imagine anything more to add to the app. Checkers as plain as it is, ad-free, both CPU and 2-player, and for only 99 cents! No wonder these guys are top developers, I've purchased their other apps as well.",5,2,1.331,2014-05-13 09:16:11,,
lg:AOqpTOHHKnvtPfq0VTDm6KmO1brnNNQIn5JIIWoX7Q2hdgAdIa1WIvTmV1btTQeG0CbvLAeUvQkQ7pxYmaub0Q,A Google user,https://play-lh.googleusercontent.com/EGemoI2NTXmTsBVtJqk8jxF9rh8ApRWfsIMQSt2uE4OcpQqbFu7f7NbTK05lx80nuSijCz7sc3a277R67g,"Bought this app but taken three payments from my account, thats £1.49 x3 Got my statement today and realised.",5,4,1.331,2014-03-11 12:01:36,We're sorry you've experienced this problem with Google. Please contact support@aifactory.co.uk with your order numbers to arrange a refund.,2014-03-12 00:13:42
gp:AOqpTOGglkrZjdr16rWZLVw7wIBR1TK30aeHWkFtm8asFZgFMl1S6qEi96wcELyFYHFW5qRni-XqOevIulF9Dg,phreaking crow,https://play-lh.googleusercontent.com/a-/AOh14GhvI1equEe55M5ni3AgYYjDR4V7bWl84WfrdQHwyw,Very few flaws. Plays nice. Different every time. Movements are perfect.,5,2,1.331,2014-02-02 20:14:32,,
gp:AOqpTOHkBs9Ik87X7ldTKEfk_yxRrVt9Pu93xGIBqHGJsF2A_w5zHjJn5G1Mk9JjmaN6Sw60Hry0F3WnI5hp5Q,jimbo finesse,https://play-lh.googleusercontent.com/a-/AOh14GirBVCoL9VecEtCSfZEFc7jEiAr_ORXmihnh880Ew,AI Factory makes great games. I own several paid versions of their games and I am glad I bought them.,5,3,1.331,2014-01-29 01:05:41,,
lg:AOqpTOGaOKpoTLs31bhKk_6ubRKmYxgiorGrrRXlRDYJUQds5ntRSIROP8iDsGZ5V848joDn9HfZhg8XNEGnqA,A Google user,https://play-lh.googleusercontent.com/EGemoI2NTXmTsBVtJqk8jxF9rh8ApRWfsIMQSt2uE4OcpQqbFu7f7NbTK05lx80nuSijCz7sc3a277R67g,LG G2 works fine,5,1,1.32,2013-12-23 08:38:43,,
gp:AOqpTOExMDi5sdSs47rZxPHTdJGIGWnHKZTPdQhE1bQ3NrE7Fq7B53Q8r5Da8TAbu8sK6aIiEoP3imvEZxdd2Q,Mike K,https://play-lh.googleusercontent.com/-yCWEmoynqHk/AAAAAAAAAAI/AAAAAAAAAAA/AMZuucnccjGPTqoNDgKdG0RdySGrDIRn8A/photo.jpg,"I've played the free version a ton (Checkers Free) and although the ads aren't annoying, I wanted to support the developer by buying the no-ads version. If you like Checkers at all, get this game. Try the free version if you're unsure.",5,2,1.31,2013-08-13 12:53:24,,
gp:AOqpTOE1_1APkw1lQiqQwcmn3IUEjWF-VhvT8EWj6jPpXDPtCJVWJXLkamKBvo-260-QyMRW8vCmF3YVOvyK6g,Антон Булычев,https://play-lh.googleusercontent.com/a-/AOh14Gj444PF3_e_G2D27X5FEhWzjK6F0hgrSTf060Sj96Y,Great smooth and clever checkers game. Love the design and quality of apps by this developer.,5,1,1.31,2013-07-18 00:10:10,,
gp:AOqpTOEBnjnk4GHYLew08SFFGIBI0cl06b-6fw5Imz3Qzz6x6QmFXOvrGQ9XyUavo3Fe0D4AbK0ghWi9QhqA5g,hippycat,https://play-lh.googleusercontent.com/a-/AOh14Gh8P6Y0WMkmuD5oKyDExuy0ctpvEPu8BRODFB7N3g,Played for years. Really like it.,5,2,1.31,2013-07-04 14:58:20,,
gp:AOqpTOG-TFKTE-uvix7zhm4RGt2zFHsI1nS7tRdJmqFNPq9jnTZrA6jih1qGKZfQ6NxJhClVNyPgZ_KHFa8XhA,Arnie Carlson,https://play-lh.googleusercontent.com/a-/AOh14GiQoDQI0QVI-467enmapKx5a5tZul-4DvJ5WAc1YA,"Great looking and smooth running app. I play it on like level 3, and it gives me a good challenge. It's been years since I even played checkers. It is a game that is very simple, yet the strategy can be deep.",5,3,1.302,2013-05-07 10:19:28,,
gp:AOqpTOGvedI_EY8f7d7wnpUdvawA9bWHYnUpyFmH8RYzqhH4E-_tTZXZICUhScNtbyt9587TK4mP6UQZ52ZuWA,KingShad P.,https://play-lh.googleusercontent.com/a-/AOh14GgotNqS1K-_RgGlGY9ROdvIB9lie-9aHlmlv05MwtA,Best checkers app in the play store!,5,2,,2013-01-31 07:04:12,,
gp:AOqpTOEFJ2WQ7ysaaK8rP7hqvEYx32vru9sZ942V5NtcuOqWv1ZYto0DzM73LRdq_u9Hx-V-t7oxl6n_NtbJPg,Ryan Scott,https://play-lh.googleusercontent.com/a-/AOh14GiOzWUEGDMmP2NjtJeoy4Yyn8rjMRRbbvfWyUy8qGs,"This game cannot be beaten on level 10.take your best shot, you'll be sorry.",5,3,1.302,2013-01-08 18:22:27,,
lg:AOqpTOEv9wBVHx4IOILu_VRRdPJuGCF17fancVci_ZbQpBaxxNWGtrvcivfL3lDKIUuJaTe-D7_YfobmWqpTeA,A Google user,https://play-lh.googleusercontent.com/EGemoI2NTXmTsBVtJqk8jxF9rh8ApRWfsIMQSt2uE4OcpQqbFu7f7NbTK05lx80nuSijCz7sc3a277R67g,Worth every penny,5,3,1.302,2012-11-12 06:59:37,,
lg:AOqpTOHOFa31BWQYSyl4BX6i3n8hxN1DzLgeZHf9lziCoL8x9w08uhHmwUnuDgGbY26ROXZLw5h05Lva_2O_JA,A Google user,https://play-lh.googleusercontent.com/EGemoI2NTXmTsBVtJqk8jxF9rh8ApRWfsIMQSt2uE4OcpQqbFu7f7NbTK05lx80nuSijCz7sc3a277R67g,Good graphics and sounds.   Works well on Nexus 7.,5,3,1.301,2012-11-02 19:24:53,,
lg:AOqpTOFLe6s-HeLyFRwtc8CDJJ0cN7ZuLtgCeht0WmGgy8Cz4zOLnIoxVLBJgH4_uEvFvWyuceFWNeaSrN9iTA,A Google user,https://play-lh.googleusercontent.com/EGemoI2NTXmTsBVtJqk8jxF9rh8ApRWfsIMQSt2uE4OcpQqbFu7f7NbTK05lx80nuSijCz7sc3a277R67g,Buy this game.,5,1,1.301,2012-11-02 06:13:58,,
lg:AOqpTOHVoaLgHQFe-VwVps_3JanQKJy3QPPYjq4MLsR0xfHi5czJIUClid4Fjnq5r46_zWZC0tDdw2NlOlPHig,A Google user,https://play-lh.googleusercontent.com/EGemoI2NTXmTsBVtJqk8jxF9rh8ApRWfsIMQSt2uE4OcpQqbFu7f7NbTK05lx80nuSijCz7sc3a277R67g,Great graphics & game. CPU doesn't like to lose & tries to make the human opponent go for a draw - nasty! (Samsung Galaxy W),5,2,1.301,2012-10-03 07:20:23,,
lg:AOqpTOGeFx3_7u803KXwS-3tzh0bJt0ILhHKFoSxkyk5ctCAoJZ-XhU87Da6M41Pwqs-bYV7vRjKLtERZ5URbQ,A Google user,https://play-lh.googleusercontent.com/EGemoI2NTXmTsBVtJqk8jxF9rh8ApRWfsIMQSt2uE4OcpQqbFu7f7NbTK05lx80nuSijCz7sc3a277R67g,"Level 8 is friggin impossible, CPU can't even beat itself (using all hints) at that level!",5,3,,2012-09-29 14:47:52,,
lg:AOqpTOH7zsWVLFYgDYZ-w0Gd52UaG0AT3XO3X8DebMOpPDa1HjCDF9aGbGYkSAz7J--R1pS6DV9L8dKMLok9sg,A Google user,https://play-lh.googleusercontent.com/EGemoI2NTXmTsBVtJqk8jxF9rh8ApRWfsIMQSt2uE4OcpQqbFu7f7NbTK05lx80nuSijCz7sc3a277R67g,"Should include an option to hide the ""undo"" button..",5,1,1.301,2012-09-27 18:06:58,,
lg:AOqpTOF7b9chIZQurLBpl7yR_w4QYBvWhWoAkcdRgaeYtrS2HuZSICuBG7QJ_W3LNXqOtE-ezbLTTMEmfTf5tg,A Google user,https://play-lh.googleusercontent.com/EGemoI2NTXmTsBVtJqk8jxF9rh8ApRWfsIMQSt2uE4OcpQqbFu7f7NbTK05lx80nuSijCz7sc3a277R67g,ok,5,1,,2012-09-14 18:02:31,,
lg:AOqpTOGkqQfqxO32UYp_UXljYPGAxE4RupyZ6ICDKniWdabmAN3RFiVbkSNEtmR20rhmn0Q-JGdAyIKAITNDBw,A Google user,https://play-lh.googleusercontent.com/EGemoI2NTXmTsBVtJqk8jxF9rh8ApRWfsIMQSt2uE4OcpQqbFu7f7NbTK05lx80nuSijCz7sc3a277R67g,Great! No issues!,5,1,,2012-08-29 18:13:36,,
lg:AOqpTOE0sbMuXSJlnV0lX0K9tuto8cMQCSF00s-DwPDUENNujSPD4Bzro4MgyHmVLmzqs3et415kZ12_GsOECQ,A Google user,https://play-lh.googleusercontent.com/EGemoI2NTXmTsBVtJqk8jxF9rh8ApRWfsIMQSt2uE4OcpQqbFu7f7NbTK05lx80nuSijCz7sc3a277R67g,"Love it. Good graphics, fun to play. I would really like it to be able to work in Landscape mode as well.",5,2,1.231,2012-07-07 09:56:33,,
lg:AOqpTOEtuyBrv_eClCTeSy9Bn6JpGfAJshZbKKWle30BA8EvSKLPAtY3sktWNA_hG_oe13DyCNU1txYD_condQ,A Google user,https://play-lh.googleusercontent.com/EGemoI2NTXmTsBVtJqk8jxF9rh8ApRWfsIMQSt2uE4OcpQqbFu7f7NbTK05lx80nuSijCz7sc3a277R67g,"When the game is in a difficult situation, it moves back and forth until you give up playing. It doess not surrender. When the player does the same, the game urges for a draw.",3,3,1.231,2012-06-28 06:33:40,,
lg:AOqpTOF010Wo5-qkGmISmlwR4YkrKx0T1Qz0yqjS7vaJPtuwLDzRo4lF4fBJlJDKvn3M0ZfgW1-iBbdOR84Sdw,A Google user,https://play-lh.googleusercontent.com/EGemoI2NTXmTsBVtJqk8jxF9rh8ApRWfsIMQSt2uE4OcpQqbFu7f7NbTK05lx80nuSijCz7sc3a277R67g,as Checkers Premium or better.,5,1,1.231,2012-05-25 18:54:18,,
lg:AOqpTOFFfwIcUXdLjesYniS140l55B2tQUe7RHDk7d004Hk75tAeWVOdSndqj_asLciipGRWvqbmHar8bbFsGg,A Google user,https://play-lh.googleusercontent.com/EGemoI2NTXmTsBVtJqk8jxF9rh8ApRWfsIMQSt2uE4OcpQqbFu7f7NbTK05lx80nuSijCz7sc3a277R67g,Brilliant!,5,1,1.231,2012-05-16 18:43:42,,
lg:AOqpTOELusmmCHtmevxYgKscOlXCJ8FGQdZQnykD_7M6oMwJNx2Sq7xzvGDQaw7H8oKfMcmarDhtIy_Kdy95LQ,A Google user,https://play-lh.googleusercontent.com/EGemoI2NTXmTsBVtJqk8jxF9rh8ApRWfsIMQSt2uE4OcpQqbFu7f7NbTK05lx80nuSijCz7sc3a277R67g,BRILLIANT.GOOD GRAPHICS.NICE OPTIONS.WORTH THE MONEY.,5,1,1.231,2012-02-25 12:32:37,,
lg:AOqpTOEVvD9M_XfPagQRzb1MJj9lTchVLMqleXLohTksJioJhNjzMNE5utuYhYw7kRng_c3l9s8wSwopmYDlSQ,A Google user,https://play-lh.googleusercontent.com/EGemoI2NTXmTsBVtJqk8jxF9rh8ApRWfsIMQSt2uE4OcpQqbFu7f7NbTK05lx80nuSijCz7sc3a277R67g,Needed,5,1,1.231,2012-02-13 07:43:09,,
lg:AOqpTOGWolQ7jst5mYbeP9s21yoknkHeHQazDjNP9Ell3ciJ-agnyw1D2ixiy8EauprabhYlOh8HXtvw_DxkeQ,A Google user,https://play-lh.googleusercontent.com/EGemoI2NTXmTsBVtJqk8jxF9rh8ApRWfsIMQSt2uE4OcpQqbFu7f7NbTK05lx80nuSijCz7sc3a277R67g,Very addictive. Relieves boredom well. Gameplay is smooth as you'd expect from AI. Bit dubious about the CPU player though - seems impossible to beat on higher levels. But then maybe I'm a lack player.,4,1,1.22,2012-01-21 09:28:42,,
lg:AOqpTOGbMcoDlc8J8htatmFdvd3g-lAHrLn550csSg6xugNO3d976AADBOXEEEjvZ9muwWDKEWb73jfxvQFz5g,A Google user,https://play-lh.googleusercontent.com/EGemoI2NTXmTsBVtJqk8jxF9rh8ApRWfsIMQSt2uE4OcpQqbFu7f7NbTK05lx80nuSijCz7sc3a277R67g,NEEDS tablet support!!,2,1,1.2,2012-01-19 02:59:10,,
lg:AOqpTOG-6AKd2gMNC52ZA3g82Q_YC6lcc5mf_a10x-CzdZN4fIQ0bydQ24TUG-FNqyXZ-4Qc49IPdhG38rJGZQ,A Google user,https://play-lh.googleusercontent.com/EGemoI2NTXmTsBVtJqk8jxF9rh8ApRWfsIMQSt2uE4OcpQqbFu7f7NbTK05lx80nuSijCz7sc3a277R67g,Why no landscape mode for tablets?,4,5,1.2,2011-11-06 06:13:11,,
lg:AOqpTOH3AWtcaBo7VI-l5C_34HSrZMkyYSmXdP8H-A6QfascwsNVKiJqjox9zCd7aWLR493mbWR6v7ra-xf_ag,A Google user,https://play-lh.googleusercontent.com/EGemoI2NTXmTsBVtJqk8jxF9rh8ApRWfsIMQSt2uE4OcpQqbFu7f7NbTK05lx80nuSijCz7sc3a277R67g,..and the no forced-captures game we all prefer is the option of the user. Thank you!,5,3,1.15,2011-10-06 12:49:32,,
lg:AOqpTOGRoq3zs3X7n0YbRM5jMjnsIz4KUKWTdpIULfqBF3Qfhj8vphZtS4QbZIT3clugwO_1scAxs4S3slA55Q,A Google user,https://play-lh.googleusercontent.com/EGemoI2NTXmTsBVtJqk8jxF9rh8ApRWfsIMQSt2uE4OcpQqbFu7f7NbTK05lx80nuSijCz7sc3a277R67g,Simply great!,5,4,1.13,2011-08-25 14:14:33,,
lg:AOqpTOF88Q5XwG0eJvH4JaB7b8Pc87JucCE1bxdqXKDly03DMYxZ-GIDuWibjifw7uSMfl4xdM8eFlI0qKRkfQ,A Google user,https://play-lh.googleusercontent.com/EGemoI2NTXmTsBVtJqk8jxF9rh8ApRWfsIMQSt2uE4OcpQqbFu7f7NbTK05lx80nuSijCz7sc3a277R67g,The best. HTC desire 2.29,5,4,1.13,2011-07-26 19:38:40,,
lg:AOqpTOHE0kBx4iAI-duh_IUkYkrqWtUDcakjHh0FO6u51WT_-fYYBqzdv4uT9vzbAn5zA3ysyAod4i-EZXcIdA,A Google user,https://play-lh.googleusercontent.com/EGemoI2NTXmTsBVtJqk8jxF9rh8ApRWfsIMQSt2uE4OcpQqbFu7f7NbTK05lx80nuSijCz7sc3a277R67g,Great game :),5,4,1.1,2011-06-08 09:52:58,,
lg:AOqpTOEV7nbCfZpYoNSlFdUFjn992R4Pm_Op7c9hFlNPwmpCiZzoIdGOoUv6upVhqv36eYaKZn8NyYSWzKl7vQ,A Google user,https://play-lh.googleusercontent.com/EGemoI2NTXmTsBVtJqk8jxF9rh8ApRWfsIMQSt2uE4OcpQqbFu7f7NbTK05lx80nuSijCz7sc3a277R67g,Played free version for months. Upgraded to reward developer for making such a quality game.,5,3,1.1,2011-05-30 19:27:20,,
lg:AOqpTOExBuJuNW7FIasR6cw32TDmmqQZJFZ2JwCzmwSL1ZbOPm6KpRny_2glVsbBONVRICeUQGFEnsCzffXN1g,A Google user,https://play-lh.googleusercontent.com/EGemoI2NTXmTsBVtJqk8jxF9rh8ApRWfsIMQSt2uE4OcpQqbFu7f7NbTK05lx80nuSijCz7sc3a277R67g,"Awesome game, love the graphics!! Worth the money!",5,4,1.1,2011-05-10 19:20:19,,
lg:AOqpTOEDegeSwx4yirGA6tSskdUZVc3x57RJs7kMZT3pgrXauAyaXznoVJllKPWp889_ipFXD9yfPTdde36Nag,A Google user,https://play-lh.googleusercontent.com/EGemoI2NTXmTsBVtJqk8jxF9rh8ApRWfsIMQSt2uE4OcpQqbFu7f7NbTK05lx80nuSijCz7sc3a277R67g,The best checkers game for Android! EVO,5,2,1.05,2011-04-11 15:01:12,,
lg:AOqpTOHJ3PUt4LAAbqV6j94XgrgYWL771X4PT9BogkH9j9u4D0oLb3g34Ghk8v68apNJg9d8XWTE5ypWrYGK5w,A Google user,https://play-lh.googleusercontent.com/EGemoI2NTXmTsBVtJqk8jxF9rh8ApRWfsIMQSt2uE4OcpQqbFu7f7NbTK05lx80nuSijCz7sc3a277R67g,Nice app. Well made,5,2,1.03,2011-03-02 04:04:23,,
lg:AOqpTOHAmGC7b92cH1AmGIXK3v5xFCP8RqP8qMmgV6ASS43AYISAyaoZjMT_ZtVg64tjV7rvPvxDxUJowcqxZg,A Google user,https://play-lh.googleusercontent.com/EGemoI2NTXmTsBVtJqk8jxF9rh8ApRWfsIMQSt2uE4OcpQqbFu7f7NbTK05lx80nuSijCz7sc3a277R67g,Another quality game from AI Factory - can't wait for some card games with good AI players!,5,4,1.0,2011-02-11 04:15:49,,
