reviewId,userName,userImage,content,score,thumbsUpCount,reviewCreatedVersion,at,replyContent,repliedAt
gp:AOqpTOGdRiWjbzTsGb2nD-P4Gnz_uikyX84R_888UscN7GgokaotAjtgcbA6hyl4slHDk3JAySj92-oiyrQlWW8,Richard King,https://play-lh.googleusercontent.com/-uxeFPDvagp0/AAAAAAAAAAI/AAAAAAAAAAA/AMZuuckJ-R9X8nYBIe6IKWQg_OcTZOjyVw/photo.jpg,Great game,5,0,1.3892,2021-02-01 16:58:55,,
gp:AOqpTOG5oUtem4TP7t55M0VCJ7JcOY0uzZVQvLCSOfy1tziMtwcAyvQTtKbv1AHIJoa5boUmC5F5An-mc5yfoEA,Richard Fox,https://play-lh.googleusercontent.com/a-/AOh14Gg9fEsktiS10hEHJslyslLwrePTOfNzqqKAjwqq,Enjoy the game,5,0,1.3892,2021-01-31 14:28:07,,
gp:AOqpTOFe3_1Vgq8NTd4_6XN87744pT9MWD9peQwBfYZDWz0Xa0d9qghgpQiuyTO-8ZXCC9ll5qhSE1NjyPMUTyk,Cathleen Belknap,https://play-lh.googleusercontent.com/a-/AOh14GicLI0icEcf9pQMPHTD2ro1FX4Nue0zZpkcgX3YfBg,Keeps me entertained,5,0,1.3892,2021-01-29 07:49:55,,
gp:AOqpTOHfN7xhMBwWeEX-xITgeLOlBWbg6E-r_FOb5XHB8YrTPSHJnmSNgnz7_7tj4zNW6ObM9Cm_z8YxeXwJXmc,Sharon Lawson,https://play-lh.googleusercontent.com/-A7ed_VNCugE/AAAAAAAAAAI/AAAAAAAAAAA/AMZuuck832yRJezAoGzOalWWaQcGhM1bew/photo.jpg,Easy to use.. Has a nice amount of options.,5,0,1.3892,2021-01-28 08:49:37,,
gp:AOqpTOE-bvkALCYA2T5ZiBEUa8JeKRCbOELl873ha3VBMDGPsHLmXbHy2QxCL38jXKPlbhYzPK2ZJjG4rR55eGk,Jeni G.,https://play-lh.googleusercontent.com/-smgqzPzBjts/AAAAAAAAAAI/AAAAAAAAAAA/AMZuucmrbGa8muXVdP7hnPHLRPhQB1BVFg/photo.jpg,Cute & Fun! Love the vintage look!,5,0,1.3892,2021-01-27 00:18:34,,
gp:AOqpTOGsB7CLHJtgkwIB6Yd0Ak8154aUGD1kogMgJ5F3dkDbzKGO4iGUCPpD8YMBGYQYLDyqctWqXZSHkuNkrZY,BK Terry,https://play-lh.googleusercontent.com/-NHQRrisHwAY/AAAAAAAAAAI/AAAAAAAAAAA/AMZuucmF6cVx047lHfyCTMy6ISoplnUoOg/photo.jpg,I would love to have the navigation bar the same colour as the app? Can I fix this? I am on Miui 11.,5,0,1.3892,2021-01-24 13:45:09,,
gp:AOqpTOGKvsz1X-nO41SDXelN7tOZosXRDMFpTX3X5CO1SgZYEU6APA6PCGS6OHfz5E_2kOhxtw3JxDnJl3huQYE,Stephen Breeze,https://play-lh.googleusercontent.com/a-/AOh14Ggc3aC9ZQN0bT3S4szhMpghgobCd1CfBo191Cgl,Great!!!!,5,0,1.3892,2021-01-20 18:10:58,,
gp:AOqpTOGorq_s9QlqabI4qk34z5W3n9Fdj0G1XW0wx9nVNZ5Gnp75cs82ouNreZrJLRDmJ-IBe0sExjT1XXXl884,Marie Pulford,https://play-lh.googleusercontent.com/a-/AOh14Gg8Bjk-kY03AA50lnoCfQMa4l1wG15Xsz9vFSAQ,I enjoy this simple game of Solitaire. I love being able to customize the background and the cards. Thank you.,4,0,1.3892,2021-01-17 02:51:48,,
gp:AOqpTOGQyY4BfWU08BdTdXjUrV75NUpSn1CdjY3dokIHg_FdCmu32GP1HpdOWvvHpFLV0saF8nHhWXgRWRzhcfI,Mike Meiners,https://play-lh.googleusercontent.com/a-/AOh14GiQAICODyGXkpJAR9asFCKSFeiW_qqXURwmy29DTqM,Strong entry. Perfect. no nonsense. Great gameplay.,4,0,1.3892,2021-01-02 08:43:00,,
gp:AOqpTOH4swzF0VZYiFqRYqan74WDkOxXO5fXi_d5hn1z-AKpciJ3601AojNxfZt3jynlEJxLh5axNdxxE5oqtc0,Phil Lane,https://play-lh.googleusercontent.com/a-/AOh14GjJ5t4vm_CgtDlW22clmD-KGcoQ-bML0pGVLmuqOgY,I finally found a solitaire game without ads. Totally worth the money.,5,0,1.3892,2021-01-01 10:48:49,,
gp:AOqpTOFeN0VSP2RQVakYA1xD9hiZ4Z-zUg80vxU4W4VZ3fbfk9kaRyGj-FTCJoJ3vzgLZZAlnkX68tOmyBsHcBo,Janice Erickson,https://play-lh.googleusercontent.com/-tL8Yhgxaugo/AAAAAAAAAAI/AAAAAAAAAAA/AMZuuclpmTXdJGjFk4WprdE2i8AnLkJBEQ/photo.jpg,I love this game!,5,0,1.3892,2020-12-31 15:29:05,,
gp:AOqpTOGmaN_3h2ImY_HYeFIzavFCIPMWYMqFWWBzhT1YLPkptlrEaqSp2zwXOit9N2FVQqH5DOx91h_dKlN2olk,Jerry Fuller,https://play-lh.googleusercontent.com/-EQ-ZJG4nrCc/AAAAAAAAAAI/AAAAAAAAAAA/AMZuucl7zE1NpfRWzmfXDQ-H7_A5Gyhj4w/photo.jpg,Friendly and fun.,5,0,1.3892,2020-12-31 00:34:29,,
gp:AOqpTOGYXn6R0MeAGxpa8XGZadmaq47fyVZXODclTCDmjZayfnQh4BzfHc7TF1442rstc7_5lbO1pYt-iSeSp2o,Product Trier,https://play-lh.googleusercontent.com/a-/AOh14Gi-g3YdJFqa0CLIQK7zA0eiJFsulsun9fn8BUl-,'enjoying playing for free' message pops up to rate even though have Paid and playing not for free,1,0,1.3892,2020-12-28 13:49:02,"Apologies that the message refers to the free version, however ratings are important to Google and help us keep the app visible in search but we try to keep rating requests to an absolute minimum in paid. We will correct the message in future updates.",2021-01-06 05:50:46
gp:AOqpTOEqnixp0gvZJP-3sG41f-A4sbbssR1E-Wp0EmrjjFykqd_gmjn-1kJSV8d3pSEBtHtbvwm0JGfzXkYiDZ0,Warren Wallace,https://play-lh.googleusercontent.com/a-/AOh14GggE14QVjGNpcBL5-GdvnURQ3U1dCEKQfuRtXXP,I got the paid version. Basic Solitaire game. Very customizable.,5,0,1.3892,2020-12-26 22:45:18,,
gp:AOqpTOFjXLjgmQt-v7ZO99ydjx0DitTsrWl9Gaa3y3oE0OU4FCKiwP8AEwypIhTI8WbEAJXtOPSXf5eTblNe-sg,Erin Eckman,https://play-lh.googleusercontent.com/-9zx75Rebe5M/AAAAAAAAAAI/AAAAAAAAAAA/AMZuucmDdmpJXkEw1jeCDpF_xEg90CYkKQ/photo.jpg,"Beautiful, great game!",5,0,1.3892,2020-12-20 20:23:35,,
gp:AOqpTOGdN0zCgQXiVbpZkpNhtJznfcTmpCYPnu-N_T4LC2XerHFRqk-Ys7iqLaKn3hDpY-xiwqvZ2R-VS_Jrz8Q,Mandy Shultz,https://play-lh.googleusercontent.com/a-/AOh14GgvGF7k-NxivsaL0Cq0iwpS5r7GXbLpFvFoOoMa,"Game is standard and is what i expected it was. Animation isn't bad, game is easily customizable and easy to use as well as not laggy. I had no ads using play pass. My only problem was there was supposed to be a customization for deck appearance but my settings didn't show any. It doesn't impact gameplay but i would've liked to make my decks back color different.",4,14,1.3892,2020-12-17 05:35:20,"For customisation options, please tap the cogs icon, then choose Preferences and Custom Card Back and select from the images on your device. Hope that helps.",2020-12-17 06:03:21
gp:AOqpTOFVSY0MR8eCWfYZFDA2oevmjDti6A_vmbvNhTPfCrENxLKnJXg4ADpfiOxql3sgxb2dLFQmAMgcHjf2XEY,Machelle Nadeau,https://play-lh.googleusercontent.com/a-/AOh14GhGCZ-3280OaIQapPpH8qkMLyLIDTWlUQt44Npz,"It is a nice game. Like the Festive feature. I just wish the game would automatically put the cards that are ready to go into the piles. I have another solitaire game the does that, and it quickened the game to get a better score. Ask your Tech people.",4,4,1.3892,2020-12-16 18:58:25,,
gp:AOqpTOF0M_pZfm9FuRgY82eEgDeX5aosNK5zcG4F8kC2zfaiWQiIxqtqHcJp0UQeRzn7aOkltcqHzSqlPa1diVk,Randi Sollars,https://play-lh.googleusercontent.com/a-/AOh14GgbG35GxwhS4GslYDKW6GXWBs1OKKUzgqOqOAMTKg,Ok game but I've played better Solitaire apps,3,0,,2020-12-14 08:31:02,"We work hard to create good games. If you see a problem with the app, please contact support@aifactory.co.uk to provide direct feedback.",2020-12-15 03:16:28
gp:AOqpTOGCIOprEFEkfZAoQhp2r26OZ9rDa_17Fmfcb3Bci5Xg3fwLDo96YFbX2RIxr_N7rS1dXHXPLQMxWRHbj_0,Raidou27,https://play-lh.googleusercontent.com/a-/AOh14Gi2jDJeMxAa1WvVQzF9KBaRqijTjezsIVUw0l9fWQ,I'm glad that I purchased this since this is Solitaire without Ads and its very simple but it cures my itch for some Solitaire game.,5,0,1.3892,2020-12-12 05:45:43,,
gp:AOqpTOFq0712KRDp2QOYu3SxUmEFzydRWEPc3NeVoWLeonzLw37-PPZuOD6RMa2_Bx2yuSh5yCjeppPvP3GyljU,Vondetta Peppers,https://play-lh.googleusercontent.com/-CbcGg3K-tYU/AAAAAAAAAAI/AAAAAAAAAAA/AMZuuclhcPDYnC6EK4Ym4jpEEOBTYMLvng/photo.jpg,Love it,5,0,1.3892,2020-12-09 16:54:06,,
gp:AOqpTOFVJwt7yFj_HIlTTfxBHunXRkfO9Zs5SYjg-4eVHhMFx9Ak4KHOOvvnYhXYTKpGnUx76qba3zjoGM2SVpA,Lucia Pink,https://play-lh.googleusercontent.com/a-/AOh14GhVRAholCN6QGbq4U1kEoH8Q5Qt_vaJo2Qje0Yk_0s,"Easy to play, change game styles, and ads are not unbearable.",5,0,1.3892,2020-12-09 16:09:10,,
gp:AOqpTOFcMUNmVdygKQsFoxH_6YBRSTZUi59FDA0c1vBUZ4ntIfhwNoJ2wGffp3tgabxdG89EQHM4mZlstsWjvTw,John Miller,https://play-lh.googleusercontent.com/-QmQQZ_5nwbM/AAAAAAAAAAI/AAAAAAAAAAA/AMZuucndwY5uG8colhxRxjhT4H09BCvbrQ/photo.jpg,"I find Solitare very relaxing and this version ( without adds ) is very smooth operating, with a good mixture of graphics and game variations. My only gripe is I wish the sound feature had a volume control.",5,8,1.3892,2020-12-07 16:30:32,,
gp:AOqpTOEBrsU-8pz6tm0E1yPd4n6Jugc1z0J7vdV1FJZ09NYFVSZ5kbieXWPvI3alL5Vs9nEIM187teKVxZ-25JA,Oliver Roden,https://play-lh.googleusercontent.com/-fVQm0ZMMHXQ/AAAAAAAAAAI/AAAAAAAAACY/AMZuucnh-1XpYXyMwTHKwKf8t1v0OGkpAQ/photo.jpg,Simple and works,5,0,1.3892,2020-12-04 06:17:08,,
gp:AOqpTOEmmUEaffjeqQZoNmfIFRmbEix-wW9GNKNcXjvok8YRKVCNYzpGDxEG0fJEjWzWKIqnur1y2bLfq0NlK2k,bob steinman,https://play-lh.googleusercontent.com/a-/AOh14Gh735OJYDQKuMrSNvnF38zWfL7NfWfpIkjvoJtfeC8,I like the app and would give it a much higher rating if I could get credit for my purchase on my other devices.,3,0,1.3892,2020-11-27 00:22:09,"Thank you for your comment. Purchase is linked to account, not device, so an app is available to install on any device that can support it, so long as you are signed in to Google Play app store with the same account used for purchase. Hope this helps.",2020-11-27 03:37:58
gp:AOqpTOHOLa1Z021BLyHpwDMYNgN2eKgnR67jML1zTI0YlyLbJSU2g6sO2Se6Wqfpm3EpMUXznO6_ZwO24T2ugD8,Juan Garza,https://play-lh.googleusercontent.com/a-/AOh14Gi6jO8oMfoERhhOIbfJ6hBusMk6Ap5pZS0r7uUdSQ,Very nice!,5,0,1.387,2020-11-21 21:25:32,,
gp:AOqpTOG3l_E-bc6iFVu5oR4t3EJoNvrbK244HRBvLyKlWC0r-XwFGz2mzw9qLkSJIq8n52DPstkWCKx9OBlWRDw,Roddy MacLean,https://play-lh.googleusercontent.com/a-/AOh14GiTbCIQ42rfHQaKD1JE_cHxC1aNpKwULn5Jekq5Ww,"Good graphics, fast play.",4,0,1.3892,2020-11-21 20:23:56,,
gp:AOqpTOGRe9T8E_O5savB5F6837lfZQodac0Laiaxz2gzCykQtSzJTlFDC2DWftVld4lrlXEa5cQg0BASzpL-gfQ,Deborah Wright,https://play-lh.googleusercontent.com/-ObGwBi76768/AAAAAAAAAAI/AAAAAAAAAAA/AMZuucmvy45sFw7yk0ScJ-4FgvEOlPINKA/photo.jpg,"It's worth it to spend the 1.99 and get the ad-free version. You can custimize for difficulty and how it displays plus it keeps your scores. Nice, entertaining game app I've used for years!",5,4,1.3892,2020-11-13 05:34:12,,
gp:AOqpTOGgRKc_10dJaqyMHR-FsaR199339einPUccA_KCnKd4-_Gp_x8FSBXpzg_q-eZ2VUWSUVpH0KGOaDJTyQY,Kimber Miller-Ratcliffe,https://play-lh.googleusercontent.com/a-/AOh14GiLwqljlIxBDtB4fy1M6m-nn05aZ0QkePzMRp1PLA,I enjoy this solitaire the cards and backgrounds are very nice.,5,0,1.3892,2020-11-12 17:13:44,,
gp:AOqpTOFAxgVHBr_Hr_ew05feLA5MEyi2dg9OyJcqRKUdrU0PKJwdmL9Br3bWNRs4mqN0CjN5fbUfMGlNRJVfpd8,Charles Mourar,https://play-lh.googleusercontent.com/a-/AOh14GgMiiEf0IexKeuqatmANx_nMCio8lNcDUzw8ku9cA,Good fast game,4,0,1.387,2020-11-10 11:00:06,,
gp:AOqpTOHZr7XF4aO9h_U3NoRYdBbz-P-TJgm3jDNC1xOAWHTbD5FvVloX09h-DpdyhCvYMjo-QlJw7nayOwOuNxE,V. Frye,https://play-lh.googleusercontent.com/-m6Uin-Fk2NE/AAAAAAAAAAI/AAAAAAAAAAA/AMZuucmAPHY7niFES_Cr7HmpQND7IbJnTg/photo.jpg,Love playing in the snow🤗,5,0,1.3892,2020-11-10 00:03:59,,
gp:AOqpTOFkGT2xQnzYA16_ntiw4Qc0z8CmZ3KgXhkbPegPJjSy4CSuKYrDbHdxZ3e6hC_FXBod5nqHxcW1LeawxR4,Sherry Vero Sullivan,https://play-lh.googleusercontent.com/a-/AOh14Gg6zXQhirDEKbC0rInvaRy3brFPuZ4YC925SjlXYg,The cards aren't big enough. I can't seem to go fast like I have on other Solitaire games. The free ones only let you play free for so long before they start putting up ads that freezes the game. That's why I broke down and paid for this game.,4,24,1.3892,2020-11-04 15:34:47,"Please tap Settings (cog icon), then ""Preferences"". At the top of the screen you can scroll through card options to find ""+1"" or ""+2"" for larger fonts on the cards. You can also check ""Fast Animation"". We're sorry for your ad experience. Popup ad between games should be skippable after 5 seconds with ""x"" or fast forward icon (top left).",2020-08-28 02:51:05
gp:AOqpTOHIMItGjXgfe48DcQdL8bd2t1eZcCbHoHuy4nt5og72oU5_jV6hK7CUmZvNHz1Daffmms6uPEUfeJqf4Qo,Lawrence Bonker,https://play-lh.googleusercontent.com/-eo9Ujku1_Hk/AAAAAAAAAAI/AAAAAAAAAAA/AMZuucltFNSL94PSscm8WT5-aor1C94oJw/photo.jpg,"Easy to play, easy to use, NO ADS.... well worth the 2.00 USD....",5,1,1.387,2020-11-03 19:10:23,,
gp:AOqpTOHNchCOH9_qiinC7Hbzv39RIbhfufzCYRUSNbXSHtqSUCkx3Dzc4hZsCgwIcNKLj1GiBelFBo7Jz1rKp4U,Amy Sue Titus,https://play-lh.googleusercontent.com/a-/AOh14GjWPUTwluumAgqDjGFfcIbO56c-L-2zSavuWeQ3dQ,"Finally...no ads! Yes, it was $1.99 but worth it. Just Solitaire.",5,0,1.387,2020-11-03 13:49:59,,
gp:AOqpTOGEq-uaLjFVshhvjmIE7UXGYx9TgNpaYIMGRCuJ31qBcc0rWgRPKEe6JPbPkVdr2VwRtxAhnR6Pl0mxNHk,Dennis Kiner,https://play-lh.googleusercontent.com/a-/AOh14GjmCajHmmy44jsOM5LgZPhIT8DCks6gpr-LTqHPNA,Nice game without annoying ads.,5,1,1.387,2020-11-02 15:47:35,,
gp:AOqpTOEDVBiNpWxSW-1576l3_lu8FZH9kjtFYIUx8nC9ct9tFPNM06VLzLrmHxN4dd72ZHlAvC-pBMsV1xEypUo,Dan Lee,https://play-lh.googleusercontent.com/a-/AOh14GjdIlZHJDgCKLaVO9akvjmdZ3rxMlC4hFvwYPN8pWA,Keeps me occupied.,5,0,1.387,2020-10-31 12:46:29,,
gp:AOqpTOF7c5IhTd6kdPdlgdH8VRbVcj9QhCb9-qq0OARAaKn4atO7qiapDJf8Xzjwvls5PmtifEgbXcovBQpL7kI,Hal Ratcliff,https://play-lh.googleusercontent.com/a-/AOh14GhUN-nf0qJy4cpfuwY2aiIlG9pKEJyJwYjQVFE3TA,Challenging.,4,1,1.387,2020-10-29 23:39:11,,
gp:AOqpTOFiJBGAbsbqSSFPSDVyK1aRsOSxIY3NdWk6H7zWEpys0PegafgmGeRHdQunINVq-TgLadJUbCoRh1qJ79A,Melody Kacsoh,https://play-lh.googleusercontent.com/a-/AOh14Gj0ddeUlAqlxIbiOFrSfzLLQIEyJhEtEJ4PIR-Ung,A little choppy and delayed,3,1,1.387,2020-10-29 20:28:25,"If you see a problem with the app, please contact support@aifactory.co.uk to help us understand what might be happening.",2020-11-02 08:54:15
gp:AOqpTOHAOuCB3hg9CIBzR2QnTU5QAax5nOCb9dbY4V_0w930rMsC8ZTR_Wb9CKxv-iO8bcyVMfhsYxO6lfjBR28,David E. Ralph II,https://play-lh.googleusercontent.com/a-/AOh14GgmUDPJw73NHLsF61rBEPF5gKf5zpdBAxUl26qJ,Very hard but with no ads!!!,4,1,1.387,2020-10-25 17:52:37,,
gp:AOqpTOHKzJmVPcXKMQRMuEsuKwGP_xtcKE7_zZVBItf52c_3uE2008e0mhy27XlmBqDQdVSgT001gjr_FRPz0fQ,L Taylor,https://play-lh.googleusercontent.com/a-/AOh14GhVwl0oge9Jfsbb9VKmYMkM6h31jzJXcUBteV6A9A,I really enjoy this solitare game. Lots of ways to customize the look and feel.,5,4,1.387,2020-10-22 09:00:44,,
gp:AOqpTOER_a0_J2i_sLFvBKbywsrIC44KpD-xDHKtG3QOlCwxxwNQJbqTxI-X25olLQWUqm7FOCvdGzldAHz5X6Y,Michael Neff,https://play-lh.googleusercontent.com/a-/AOh14GjV7HdLUCA-t17FFH2f6kxpUJCsgAVLFjbtdnG25g,No ads!,5,0,1.387,2020-10-20 12:36:08,,
gp:AOqpTOHHyjG5kQLCdw7MOBezAO5_-3kzrQUqaY6Qx9TDknX3oV_CAgWif7lXFubINcqhT6gR1nE6Z0-DJkfk4v0,Don Fletcher,https://play-lh.googleusercontent.com/a-/AOh14GhjgqRABY0qOvP3YE6A1AurlahzttKGvo4plkj0Mw,Much better than others,5,0,1.387,2020-10-19 04:54:24,,
gp:AOqpTOEpP8hfaJzfgeFRAvgJwxVxC6zXLdIBUpGieL030UZngVaNhjWmo0toWIpN_00-8RZFfGDNEaLLBgNECeI,caliman9999,https://play-lh.googleusercontent.com/-7NddeFGFRDM/AAAAAAAAAAI/AAAAAAAAAAA/AMZuucmow6vhhwsFtZEDg4mMuXJfav0e6Q/photo.jpg,"Excellent. If you like solitaire, this is the one.",5,0,1.387,2020-10-18 10:08:58,"For larger fonts on the cards, please tap Settings (cog icon), then ""Preferences"" and at the top of the screen scroll through card options to find ""+1"" or ""+2"".",2020-10-12 05:26:04
gp:AOqpTOFDW225lNpzDtgao1ceiBI6-0OO4PzZv-5nVviBkXLdoOzScnsqhmMETiydn_YQeC6G6td0zevsb40-DGc,Edward Valleau,https://play-lh.googleusercontent.com/a-/AOh14GgmpFuAgswX12uiZAmuLSyxGwu6-2MlT_PQcG_m_w,Entirely too addictive.,5,0,1.387,2020-10-12 12:51:22,,
gp:AOqpTOFexZy6EOmHETpEFmUUhCXGWK9_XIlyzEU7Nm2e5UBHkmCHc1d8aLu7dS9U7A1MD6L06GjqziqpJxW7Isg,John Phillips,https://play-lh.googleusercontent.com/-iPX-Hs3At50/AAAAAAAAAAI/AAAAAAAAAAA/AMZuucnG6GvN9DFKipv3V34cHM1V0_qbCQ/photo.jpg,Great game,5,0,1.387,2020-10-06 23:50:59,,
gp:AOqpTOEpS8XrMhQkZcw_uEo4wGajxf0NPT9Ap4YYmVVenugqtEEzCv7r7oQiVAPetqdHKE2pf9DHARYi_BfSIZI,Eve Tait,https://play-lh.googleusercontent.com/a-/AOh14GgGVqeoDjXilV_KhzyFgzshxM28EKvpTD-sS6Uxtg,Relaxing $1.99 for ad free,5,4,1.387,2020-09-27 05:29:11,,
gp:AOqpTOFoq_BQHVf0JxMYHJVFpluJFs6qdoGF120rCjm_8uV8DHT__WiL4RiRn50SLYCePNcIogeLcIxNapjkoes,Indigo Crutchfield,https://play-lh.googleusercontent.com/a-/AOh14Gh117KnNxc9XncEP0MUAqXt4iCWDiIB6k6TE9laSg,"it's a simple app, as any solitaire app ought to be. you pay two dollars, and it never plays ads, or asks you for any BS monthly premium plan. it's exactly what i was looking for, with plenty of settings and customization options to boot.",5,30,1.387,2020-09-24 22:47:04,,
gp:AOqpTOGuHNiMnNThgVRzUXwOmxK4K5uZ8wvXuIS09aJHDoziz1L_7uob0DU7cuyXm65V8UR9eb9eAE-a9xHY44k,Gizensha,https://play-lh.googleusercontent.com/-o6cnOR8Qnjo/AAAAAAAAAAI/AAAAAAAAAAA/AMZuucmQMZvqDJlvG1yjBhZMLjEbe8fq9Q/photo.jpg,What it says on the tin. Solid solitaire app.,5,0,1.385,2020-09-21 03:26:22,,
gp:AOqpTOEo9IL6q10fq77uyTCLBapZjBn96sgmAYyENBR4Qytqi7HKh4ja0G5Gc6wy5nvZOPynshLjvIMQ6gjA_bE,John Tsavinicis,https://play-lh.googleusercontent.com/a-/AOh14Ggwl3Oarqw2ysDRHa3fRzeCZml_liZoi3uf2wPKPg,"Nice card game application. It is a challenge to play, which is why I like the game.",4,3,1.385,2020-09-20 17:24:43,,
gp:AOqpTOHFb8yFjrRdY8DFGDQ7lxl2Cg9G29Y6imIA6_ynxGfN-8JJmeyc6xT96l8MmUfMxWOC7EPwQqj2OzjsmxA,Mike Harmon,https://play-lh.googleusercontent.com/a-/AOh14GjcuIgbcPSsEYTyb6BGJ36kSHMW4E_i61ae6Uce,Good game,5,0,1.385,2020-09-06 07:09:52,,
gp:AOqpTOEtBF40KDwUWs2ozxw7b1PABdwya5PBInI9fBOOuc9D11mYOKKFg7JPj4d_xH_iaUZNE1UJjeeSpgn6P4Q,Sports Guy,https://play-lh.googleusercontent.com/-kWC2PLsdPu0/AAAAAAAAAAI/AAAAAAAAAAA/AMZuuckWV3hhbU2mJghk6mmSeORLpg_VrQ/photo.jpg,ok overall but requires login to keep score history and has no pause button.,4,2,1.385,2020-09-01 13:08:27,"Thank you for your comment but login is not required to keep score history and you can pause a game by tapping the cog icon to bring up menu, then tapping away from the dialog to close it and unpause the game.",2020-09-02 03:04:46
gp:AOqpTOH5Xanzx_5jjOHuxWniT2wAud7Mt4SIE08EHaZ25OYdH0qsIrCOMFASVVhBnYhKVu9OXE3BdV_494pLvFs,Marek Minecki,https://play-lh.googleusercontent.com/a-/AOh14GjXT_7MY4mQQz07P_NEiZ1wh-7TP8Xv0UQw3d03PKE,"Best solitaire game out there for adults... no goofy animations, etc.",5,1,1.385,2020-08-26 18:27:06,,
gp:AOqpTOGkYOqhHPEFd9lWgVB4bZSMagzluStUHn_1Yf1YvZhvy4W9uOTFjKWKfRtX1ZNJjDBpAJkbjAX3zFMSaiA,Patrick Blevins,https://play-lh.googleusercontent.com/-6smBewN4ITM/AAAAAAAAAAI/AAAAAAAAAAA/AMZuucnmesRjXT14L6OWTZxVMKLxZzb_eA/photo.jpg,"Just plain average. As I have seen others say, the AI is not that good. The graphics are just ok. The only challenges are time and the amount of moves. I got this because my last solitaire game decided to put ads in game. I honestly can't recommend getting this game. To be fair it's not the worst either.",3,0,1.385,2020-08-25 06:37:24,"Thank you for your thoughts. If it is too easy, have you tried different difficulty levels? Please tap deck of cards icon to choose difficulties and 1 or 3 card draw. All except random can definitely be solved.",2020-08-26 02:58:38
gp:AOqpTOGKdBNGOfl_PmIGRAt05EQA0MH-5wKrPvC-INlKFKekLcvZbkgaX4CWm1BDJmUiVJmsKaoLK8vqOn3BNh0,Richard Ely-Harris,https://play-lh.googleusercontent.com/a-/AOh14GgvMCsER8aDeo7JCj4enonXWYsbK2hWIFH4wtpOwK4,Excellent so so easy to use with great options. Been using it for years and had many happy hours of playing.,5,2,1.385,2020-08-22 10:49:28,,
gp:AOqpTOH-b-Qz3UurKG6dUyinjQcwRhdEiPJYUroIaub19UNn34-sE6XSR0go3GbxLgv-RmkhsOo0Rv_m_19KTxw,Michael Pugsley,https://play-lh.googleusercontent.com/-utV66SLjSu0/AAAAAAAAAAI/AAAAAAAAAAA/AMZuucltyvBZpeF7xOs200X5qZhW3fAf4g/photo.jpg,Love it 💓,5,0,1.385,2020-08-20 21:47:09,,
gp:AOqpTOHTlW-uizgfrRl9wW7M9DnICCUUtNm0zjPdUGUexjhhntKFo3ZVrrPNSgOYhPGCQEb2jMoe-ebqJ6OJv8s,Randy Murphy,https://play-lh.googleusercontent.com/a-/AOh14Gjb588YJ0chfyB6Rvfxxj4ukxn3LFuvOgVQyAoRLA,"Card design needs changed to an easier to see design. Less fancy, so my eyes can see the difference. Editor replied quickly.""thank you"", My complaint wasn't concise enough. I had no problems finding the settings. You need more card designs that are old eyes friendly. Less fancy, more obvious numbers, and suits,""more bold suits and numbers"", Also more magnification settings might help. Thanks again for your quick reply.",4,10,1.385,2020-08-12 08:06:48,Thank you for your suggestion. We have added this for consideration on our to-do list.,2020-08-12 03:03:19
gp:AOqpTOGsEac2oWcOhsiosYSvKxNnTuIM0sV_dcXnLb9zqPEgZfFWRJ_8yGOobKqEx4s72Rg7AU-MiGLHnbN_nGI,Patsy Tevault,https://play-lh.googleusercontent.com/-rNUK9aLSBps/AAAAAAAAAAI/AAAAAAAAAAA/AMZuucmAKIz-13M-VzjfKgmNt4iO72JrDQ/photo.jpg,It is verry Entertaining for me!,3,0,1.385,2020-08-09 10:26:50,,
gp:AOqpTOFjOrOFHmitVVsmL6s_uwDTB29HpTi4vA1pkLjrdZ6M1-ZsLoLTacUScZ2XiqGvESLi1sFliZMUP7zWeG8,Dave N,https://play-lh.googleusercontent.com/a-/AOh14Gjv5gfJM3QGwwzxEmobqOhsMn2_ifgA1Cb4QmmWWg,The best Klondike game out!,5,0,1.385,2020-08-08 22:19:54,,
gp:AOqpTOEdSr2D0OKGlgOcH7HxB_9OA_ChCVlGW2e2nPinMgSh8bRVjPFMEAGw1lM8YYiWpA-SsZOmGLCdTxH6K70,Sergio Reyes Ortiz,https://play-lh.googleusercontent.com/-_lIUftBJT3Q/AAAAAAAAAAI/AAAAAAAAAAA/AMZuuclHRJsUS8dRnwPjfYBUeNuIbDnUlA/photo.jpg,Great game,5,0,1.383,2020-07-30 21:33:57,,
gp:AOqpTOGk4wtpX8EbboiTKCkIwZKIz98dF1PpUz1uLBLTZnCGukKZBoVPj67J5azMEIxTnlDEDy8pQ2ibAluTY3M,M.J. van der Lee,https://play-lh.googleusercontent.com/-aHRwsQ9lYt0/AAAAAAAAAAI/AAAAAAAAAAA/AMZuucmzSShipEEvXwIlpETilWiYBjF6PQ/photo.jpg,"Great versatile game, playing it for years now",5,0,1.383,2020-07-21 23:56:54,,
gp:AOqpTOFPolu-c-hecxkUfnfkA8vT1HQxkFR9SkuqIxN8AUjsVDSekhx18b4lGWhuGVQzfukqd16PCkWAKKlwgWY,Stephen Whitney,https://play-lh.googleusercontent.com/a-/AOh14Ghh7X7ee4wrh-k0B6Y0qgOFS57aOVCr0D_4hTfAHw,Always plays well. Keeps stats perfectly.,5,0,1.383,2020-07-16 06:25:26,,
gp:AOqpTOG9xcHfYc5R527bYeOSkWLZPA3m_q913FhAdJztp4P2QEtutKaLIyod-sBKagJnPtRh7il4erivyz1ujM4,Ron Smith,https://play-lh.googleusercontent.com/a-/AOh14GgG3phKgN_cmODu-vu6Aah07YazV8kRYLgeWBemyw,"Enjoy the game, good graphics.",4,0,1.383,2020-06-29 21:32:42,,
gp:AOqpTOHvPWu_FfcgJLR1ZOz9KvXOWlOStzI_ysoQoCQYUK2ew1I-QR2DPKGmocB49bNNAzOnbrtELdH-edKun5Q,Pradeep Sekar,https://play-lh.googleusercontent.com/-H8A0CwcC6pE/AAAAAAAAAAI/AAAAAAAAAAA/AMZuuclqSKcytgUwDkujdapF01-GgMFoJQ/photo.jpg,Very enjoyable,4,1,1.383,2020-06-29 07:38:35,,
gp:AOqpTOGQ3aUrWaK1tIl9r6jf0AgbfH6UGwAfZpdEs-_SzxB4n9f3pDTf6WVAYDxiH2msuCn5DAU-mDr7VXtV9x4,Ralph Crawford,https://play-lh.googleusercontent.com/a-/AOh14GgqvmXE8tiXVRwtQ01fetyxY5M9GyCUVNm7At1dVQ,nice clear layout,5,0,1.383,2020-06-21 08:51:38,,
gp:AOqpTOHpJJearyMJQ0N7qlFMo9H7FN5yhs6Rs53AzRQz4BeekVA1jIuSCU3dbatKY4dvZaK299nXyfG0BLIveJA,Kevan Garecki,https://play-lh.googleusercontent.com/-gpjTZSZcRhs/AAAAAAAAAAI/AAAAAAAAAAA/AMZuucmCITq7F-VI2DwH1XV6jUQEU4tboQ/photo.jpg,"Excellent graphics, well designed!",5,0,1.383,2020-06-02 00:18:00,,
gp:AOqpTOFwprzGHzd-04aBPodckoU5POIUQWT8mgv6eCB-YO8_GdoY9BXTq18HAFfLvD9HuwHOACJDvBFdrfyLviY,Michael Bjornson,https://play-lh.googleusercontent.com/-cIGEp85HQmw/AAAAAAAAAAI/AAAAAAAAAAA/AMZuuclBCOEdIg9N62mw0LvMPILCgqPwgw/photo.jpg,Definitely the best solitaire game on the market.,5,0,1.383,2020-05-23 13:52:04,,
gp:AOqpTOHsImsHpdQ5jptC4ObNTT-15kOnbm0ZZyZMH9NWkPHpz-3c_RRZUXJVPkFTbFC4WifX-ThnviZjpSK6FP8,Robert Voss,https://play-lh.googleusercontent.com/a-/AOh14GiinG0oeQDYpgCP4Gs8TyLkR0WTRIIo1rYYp6_kgA,"Good game, good mechanics and UI. Could be 5 stars if offered more than a single kind of solitaire. Still worth the couple bucks to get rid of ads.",4,7,1.383,2020-05-20 15:30:28,,
gp:AOqpTOFUPejLlIxevEvEDaSLb34cFUrTWBR8w7kWA3QciMxklf6Brc6fbZOStQekv8atqW_ef9h5Mxw1nsfqIag,PixelChief,https://play-lh.googleusercontent.com/a-/AOh14GjCck0F78VEhOJK-a_btiTpGgTUxSl2jcGS0edVwQk,Good stuff,5,0,1.383,2020-05-10 22:18:31,,
gp:AOqpTOHcgIIzG3OkUQw3NXEKNdVuqjZ468OCtTVFsKPtHFgZzr0D7wHUsK_8UEnpbbZIzvPqV9FVZ_qRiRzJ6KM,Jason Bennett,https://play-lh.googleusercontent.com/a-/AOh14GjnYzxHa7vrBaO3oZXbnvdUmJm7gGi_nuOhAmXu,"great app, love the option to show my phone status bar. just need to improve the hint system, more card faces, Game over notice, and a dark mode ui option for the buttons add that in then I think this will be perfect",4,2,,2020-05-09 15:53:27,,
gp:AOqpTOHVZLTL5pyoUnt8iH93n2RqG3xpQ982HKoAdvBkZuWv7Khrnj6SgW-kQOIedoAP3jNmPekX2397jc1r4vo,Ray Flowers,https://play-lh.googleusercontent.com/-lMqhJ26vxhE/AAAAAAAAAAI/AAAAAAAAAAA/AMZuuclCr5yfZ7_ujlFQsJP8TPdgmD91kQ/photo.jpg,Well designed board and play,5,0,1.383,2020-05-01 16:34:01,,
gp:AOqpTOG_aZ29TlK2xIcAGBTTMdYryjQ6AJF7OOj7515cUAdqn26ORFFy_ETybaSOMMNjyVSsSe4_4znw1PCA3kM,Michael Williams,https://play-lh.googleusercontent.com/-7kOIuQtbYW4/AAAAAAAAAAI/AAAAAAAAAAA/AMZuucmiUyw2zD3Onug25p2qhJelzzzlwg/photo.jpg,Much better than the free version with all the ads,4,2,1.383,2020-04-25 17:12:56,,
gp:AOqpTOHa7BRbFwqIqix0rJy6ZMvmGcWcu0W87z0ki1fet_wJLLqgyvJxFmUGLndv4P53ivM0wuaZzJYQ1pfNq9U,Ole Dennis,https://play-lh.googleusercontent.com/a-/AOh14GjPELiffHiIoQI5jQAWDEHBvicKSQDkyPiplRyI1w,Just installed it 2 days ago. It seems ok. I paid for mega solitaire package long time ago and with their latest update came the adds. Hate the adds and that's why I prefer to pay for these kind of things.,4,7,1.383,2020-04-23 21:31:13,,
gp:AOqpTOF860VTuXTjPY6Ot5atM6bL0Vrdag1g2_2ggNmkkligzRQHTMDiZINiyjHf_E_iKNJMa1nUxBBJIPMc7ck,J. LaSalvia,https://play-lh.googleusercontent.com/-jn8ybso5P_w/AAAAAAAAAAI/AAAAAAAAAAA/AMZuuclOZhqRCQsJzzvRbFJqVFNNHeGBTg/photo.jpg,Excellent,5,0,1.383,2020-04-18 12:57:23,,
gp:AOqpTOFpPOE2oLbhh2whKn6kArLIZhOf1MzNSa3MwR4NMGYi_w36Z-PkEWhb9YjJxAIX6xNx0HJVI-ivFKQIsrU,James Fleming,https://play-lh.googleusercontent.com/-O3sD5QBWsgw/AAAAAAAAAAI/AAAAAAAAAAA/AMZuucnS1bslTj_g8IuV-iRSWToGSU-cQw/photo.jpg,"Different levels, nice graphics and options. Just a relaxing game.",5,3,1.383,2020-03-30 11:04:54,,
gp:AOqpTOEwSboEf3tp-uhhBCmMNmeQ49PpoeLwxsuQw1lAzRQuBaPNDYoXoTzQu8a0siZrQHlIoMV670A0K-un5Xo,Queen Tigga,https://play-lh.googleusercontent.com/a-/AOh14GiZusscwjZ49kv_8g2tsVYJbruNjLtPXyq41-IT,very skillful and addictive!,4,1,1.383,2020-03-25 09:37:12,,
gp:AOqpTOG9JACA0tG0ttxfNeR_9qefUj7ZETAFr4CzKMZ8XZ2QzNWV1Pd-FH1M4UbcKQvO_MbQFa53FHe-VUmsi2A,TIMOTHY LEE TOLES,https://play-lh.googleusercontent.com/a-/AOh14GgmBcTRAzUNO7cBr_uYp-csEP0TmLOh2vD8I_ix8w,My favorite and Single GREATEST card game of all-time!!! 5 stars ALL THE WAY!!!,5,1,1.383,2020-03-24 03:46:48,,
gp:AOqpTOHpF_m1KaWM2H9_p2MR3uPyiinv4umYivIvYGjD2x_VJ7U0pxk8FUHyAuMdh8Top3uay96FS2xFJOjLFu4,Chris St Louis,https://play-lh.googleusercontent.com/a-/AOh14Gj_itdjVYyt2BpAgr_NPlIwW1ehnFcIl_Xzp51mEw,"Thank you for fixing the Google play sign in issue, you guys are tops!",5,2,1.383,2020-03-12 22:50:33,,
gp:AOqpTOERi0N84u24W3BKgJQ0FPS8LSh-V1DBInxaelrty1nJUflHft1oSy0guZAJQ5hdV8WnDIxViI9iZmXhx88,Duane Johnson,https://play-lh.googleusercontent.com/-NXgOlshOnww/AAAAAAAAAAI/AAAAAAAAAAA/AMZuucn4_AAQ-9QFRMGjy_nS2ASsb1pIIQ/photo.jpg,Excellent game.,5,0,1.383,2020-03-11 22:55:46,,
gp:AOqpTOFG674qwsajTZjqi_zmZ9ivWN6ftcY79NTJFHxeCrvd7Q5X8jZVpdgtan_YLoITOY2nS59Sz1IUbSB8Vx8,Jeffrey Lindblom,https://play-lh.googleusercontent.com/a-/AOh14Gi9C-537YrJfGpSQAMahvq3AdafGBC6DUlRNM8rddo,I love it! It's very easy to use. It has a beautiful interface. It reacts quickly.,5,0,1.382,2020-03-11 07:49:58,,
gp:AOqpTOEIXGTiTIH8dj6TU7OveHYKBXHZPOYnZzbpiSUae00Ljy10bDq-3h0wnUPa-6Z3er26lu66l6I5HeJv4X8,Jeff Harris,https://play-lh.googleusercontent.com/a-/AOh14GhQAM8E4YgtoGyH4hpR-DJWPxuBjovM08icoY_BGA,"UPDATE: I should have written to the developer FIRST before leaving my previous negative review. The problem logging into Google Play Services (GPS) in this app is evidently a GPS problem and not the developer's fault. I'm still VERY disappointed my progress does not save. I love this Solitaire app. I'm confused why Chess and Checkers allow me to log into GPS and Solitaire doesn't? (Note: Reversi and Sodoku don't have logins, so unsure of save progress.) All of my AI Factory apps are PAID for.",5,1,1.382,2020-03-06 03:59:21,"We're sorry you're seeing a problem with sign in. There seems to be a problem with Google Services cloud save feature across many apps (not just our own). Unfortunately we don't currently know when, or if, Google will be resolving this issue.",2020-03-06 02:26:39
gp:AOqpTOH91c-Aodt9R_khZIRH5jkKUZrX48Z_XoeCvF8V_C9o-YQQ3Dt5lapvd-xWKSdCbyXzzScmO62hBgRCjsQ,Lawrence Stone,https://play-lh.googleusercontent.com/a-/AOh14Gguw2TSEgj9yOPP_SYipewNA29jHNb5zK3B44W_zA,Great graphics and no ads.. After several months with no problems the game is locking up every so often. I force stop app to continue.,4,0,1.382,2020-03-04 10:39:49,,
gp:AOqpTOHeyhMYbfvOIHuojMlUk9Ua51wRauQ5bI58R-iYlbyON3skubaZ3fKdBcdJmilQ8gaACpFsqtHhtXZJaDo,Jonah Rees,https://play-lh.googleusercontent.com/-F7cTPxqfbq4/AAAAAAAAAAI/AAAAAAAAAAA/AMZuucm7eM8XfvRTC_j8OKzX695is5ok5g/photo.jpg,Solid and customized,5,0,1.382,2020-02-28 08:09:10,,
gp:AOqpTOHsw4vwZ3-5ha_7xX5Kfclk_iYTIvyYMUXe_mNlraBvZWwZvEMAsFmvgx6CDH-hjqXKNzQUDGO0MNZBClk,Valerie Cepero,https://play-lh.googleusercontent.com/a-/AOh14GiRxytJM7WAJ71S5y7p-46Svi4aVh5qZU4UtmEGew,"Good options, no ads, fun.",5,0,1.382,2020-02-24 02:50:11,,
gp:AOqpTOFGYQxQFb49KqaPQtEKLP2HMVxgQBM0VIzOe_RB6cawT8ldAZIshhAopa5i9Yq_Onf89HXPXx-6o3FovPw,Susan Felker,https://play-lh.googleusercontent.com/a-/AOh14Gg39_Bw0ctJh3nrA0SAPYRz9vMqmufaGNlpx-Xt4g,"Had a problem with the new version, which now is fixed. My favorite Solitaire app!",5,1,1.382,2020-02-15 22:51:29,,
gp:AOqpTOGEaP_ibAOvXapebrWFmQF_6m8jdRb-Ydl6l0noWSuDn2J9DQMsNAjIRA54ZXegnMvN1tLd2kaNlGTp-MM,GrandPoohba,https://play-lh.googleusercontent.com/a-/AOh14Gi81pSLpCrUtJMpgNypcy4LWwoZGqMdKmGyyoyS,"Forget the ""free"" solitaire games with so many ads you forget what game you opened. Two dollars and play for fun and ad free. Well worth it over the course of how many times I've played. My last solitaire game came down to if I was in the mood to deal with the ads to play. That's not fun, this solitaire game is fun!",5,2,1.382,2020-02-12 12:48:45,,
gp:AOqpTOEfB3S0KX9ao-HLXvPgIr_aSZPPCCL5dZHseSPMY_UxlqnXst96NNFyxNMRXb6TQtxUrc0Ra__BXjRRYKY,Nikki,https://play-lh.googleusercontent.com/a-/AOh14GjaLczRsD7EP04KU-USnU3x7JnRPAwQm87pKsSMdQ,"AI Factory designs great classic card games. The graphics are fresh, the gameplay is clear and smooth, and there are plenty of options for personalization. --Samsung Galaxy S10 Plus",5,2,1.382,2020-02-06 07:26:02,,
gp:AOqpTOGiGinoWmza42by5px7GsJfUB72m7KN2yGnVrUkk7BJ-5D4PMcyuIQsNPbYcSlaslQ8Oo7CZ5GO-DeEk9E,jimcarrel,https://play-lh.googleusercontent.com/-ORyMiywjovY/AAAAAAAAAAI/AAAAAAAAAAA/AMZuucnpTm_M_NeT-GEJUsvaWjqjM938jQ/photo.jpg,"Love the no ads!!! I understand authors using ads for some income, but they all add them to the max. Half of the game experiance is learning to navigate the$#*8@ ads! Thanks for your addition to the solitare genre of games.",5,0,1.382,2020-01-30 12:57:43,,
gp:AOqpTOFtQy9Nc2F0Z4vcure5DeHRk__vX5LzNdFs_RHl0aRFtZKvAAQyXCd85QWENc41mYwJpyzX4ZXZuCE8BTU,Sabrina Byrd,https://play-lh.googleusercontent.com/a-/AOh14GjplF0hL3R7hu2VHK4cCN8uriKBFXEqvQZBNrec8w,"It is a very relaxing game. The only thing when there is no more moves, the help button isn't worth a flip. But other than that it's good.",4,0,1.382,2020-01-29 12:23:46,,
gp:AOqpTOHAwkbv_oMQiDakbphEy9rlFKD_jNsRuC20MSxq5ZzOl3tgpITLK-NEqFrKxQD3bSApTk7e6E0yK6uczqI,Marie Mulloy,https://play-lh.googleusercontent.com/-HmcyFKnAPVM/AAAAAAAAAAI/AAAAAAAAAAA/AMZuucnQ0B0sK4P2NKReiY_289hCADjIzg/photo.jpg,It's fun but the cards need to have bigger numbers,5,0,1.382,2020-01-27 13:55:57,"Thank you for your feedback. For larger fonts on the cards, please tap Settings (cog icon), then ""Preferences"" and at the top of the screen scroll through card options to find ""+1"" or ""+2"".",2020-01-28 02:30:41
gp:AOqpTOFHnFHKwpB8AS1lpZVmc1zt1w_TIgVtXmpv32-XJ0Z85QaQxcS0c7ejCA0CkJmH7XIK_cfOKJ2XeNa2YRE,Darrell Plough,https://play-lh.googleusercontent.com/-Ob99qf1qv5Q/AAAAAAAAAAI/AAAAAAAAAAA/AMZuucnK4u90dnrYR5q_udIN7YkCdmnCdg/photo.jpg,"Very relaxing, and stimulating, love playing.",5,0,1.382,2020-01-26 11:22:42,,
gp:AOqpTOFDBcX2eS1fHTjQaWaMr2SC8egzj_Yo2rlPl7i5wvpd07L-7I5d5tkzyPgKxVuScjpIT_VlF2KwzdcYdRw,Craig Palme,https://play-lh.googleusercontent.com/-q02F8Dpu6hw/AAAAAAAAAAI/AAAAAAAAAAA/AMZuuclnTknhPaJ9q0FkLLpZJByHruzq2g/photo.jpg,"Well done game. Only one version of solitaire though. One issue is that to my understanding when you draw 1 card at a time, you can only go through the stack once, not repeatedly. When you draw 3 cards at a time you can go through the stack more than once. Otherwise a good game for wasting time.",3,5,1.382,2020-01-21 17:56:51,Thank you for your thoughts. Standard games allow as many passes as needed. Vegas games allow 1 pass through the deck in Draw 1 Card games and 3 passes through the deck in Draw 3 Card games.,2020-01-22 02:24:58
gp:AOqpTOFqDtoCPRdAGM_hoGdIHg1Ddt1ryacvGrA4PKG11wB2Cd1c0oxGKK04uTegcgertiu1pISxeWk6-H0QypU,Irene Baumgartner,https://play-lh.googleusercontent.com/-UVVD5ykwLT4/AAAAAAAAAAI/AAAAAAAAAAA/AMZuuckYI08nvPesE2fmcCrLYfS5CmF4OA/photo.jpg,Fun game,5,0,1.382,2020-01-21 13:09:42,,
gp:AOqpTOF2szvPHYZc7B3mL9FBvyCiQ2pZ7U1PVzIc9mz_gKCZIsAiUPvucdtUtPJWZ0iiaJZNNGSPSX0RfV8E_kA,D Anderson,https://play-lh.googleusercontent.com/-NrBcrttCXPM/AAAAAAAAAAI/AAAAAAAAAAA/AMZuuclzMra6V_zCN1dNO4zQib0PvqkrLw/photo.jpg,Great game,5,0,1.382,2020-01-14 13:34:03,,
gp:AOqpTOEIwlpIP-Pjnz9cBIqcRlR2SggbfKha-ssaWIlMbyOZ2hyz7QH_d8XZbJGY9Y-hTkFL4_zxddXFEc9h5ZY,W. S.,https://play-lh.googleusercontent.com/-4BdR-8yiTCE/AAAAAAAAAAI/AAAAAAAAAAA/AMZuucnhT1rUgHn7BlVoqvlnMk846a3V8w/photo.jpg,happy with this app for several years now. Like knowing each game does have a solution.,5,3,1.382,2020-01-07 09:12:52,,
gp:AOqpTOGBuVVxsbCu1AoTxAayVR2ZAfFR060CqlugHb8jvFKSjdQdUrTURXacNp-Q6mNVm3ou6-PRqARyYbw0p0w,Theresa Nordwall,https://play-lh.googleusercontent.com/a-/AOh14GgzDk78gsif-MQ8w4MyhcQjkhb5Iajyq6vgRvIH6A,Love not having any annoying ads. They just keep getting longer and longer.,5,1,1.382,2020-01-07 01:08:24,,
gp:AOqpTOHklQWNqyuE5uuKFsRtGXxEfjOo5aFX7qcAmTYzXlz_OsHo8GYVNHVosLpiFAsvovtv-kTDnIipZ7C8yiQ,sari swick,https://play-lh.googleusercontent.com/a-/AOh14GhobIhuhhkQSDk-JUG1LMkXug2FtJg6MBJu4tuB,Lots of fun,5,0,,2020-01-01 00:20:51,,
gp:AOqpTOGgr2gjViznkKy5Gm6H_XKZiyq43H4yotaQssvp3rvdcRW51C86xSDuTlNbtKB9SGYmF8a8B5nw05cmTYQ,Don Overland,https://play-lh.googleusercontent.com/a-/AOh14Gi-UY5g-ZyKMECHjRpS17lAUzOWCfDhte6IZa1FLQ,Easy to play and easy to understand the control s,5,0,1.382,2019-12-31 08:29:09,,
gp:AOqpTOEvMGkzuEC3KDcu-MP2kVjf66KaaVj63fxksKwWHuCeicy7S4_LpaBjO2gLyS3oMIH49K5B-BfowgD5Qa4,Mark Taylor,https://play-lh.googleusercontent.com/-Wz3YHDZ0tRM/AAAAAAAAAAI/AAAAAAAAAAA/AMZuuclZwV-N4aQzrmob9yRlqHHVrGEQDA/photo.jpg,Very enjoyable. Works perfectly!,5,0,1.382,2019-12-26 06:18:48,,
gp:AOqpTOEYp4RZgMFH2BozMlQXmLrFhB1b2hASfB0SjkzuhcaLoxsEWKplPTaz3T96byW99WsYtdP2RjMxYdf-OBA,Andy Pedigo,https://play-lh.googleusercontent.com/a-/AOh14GhDE6UgbQB0SAFWYJW5Y1tZJAsGH9kcJ6hUn1S-OQ,Fun game. The difficulty levels is great.,5,0,1.382,2019-12-25 13:23:46,,
gp:AOqpTOEgn7nyLn1ouoQo6cQIcDRc_bkah10vunCArf6NlY3tCCGfXf7OMmS79YMjRASXZl0e7VyD2VypMz9R4x4,Greggor Doobah,https://play-lh.googleusercontent.com/a-/AOh14Gga8U8G_pUp7nA6jm-C2IIfB_EUtDRp8OVG8znD,Very Nice,5,0,1.382,2019-12-13 12:07:20,,
gp:AOqpTOFauFFwgNAD52MaO61qan12y1auoIvofO2VExvenvIhiZkzfbbKeA68PeFVspJSAq-Bel3OYjHHhTAjTgA,Trans Human,https://play-lh.googleusercontent.com/-R8JyRnrzz8Y/AAAAAAAAAAI/AAAAAAAAAAA/AMZuucns3CygFEqgCbHl8HPdC_0ss_tW2Q/photo.jpg,"Overall, a pleasant experience. There does seem to be a pattern of bad/unusable hands in the Vegas deals, after the rare winnable hand.",4,2,1.37,2019-12-11 12:38:51,"Thank you for your thoughts. All Vegas deals are shuffled randomly, determined by a random number generator based on your device time in milliseconds, so lucky or unlucky streaks may happen at any time.",2019-12-12 02:08:28
gp:AOqpTOGH27ZymvXH8UPwpBugQv1DwbnUrfjJ6JC8VKk7E8V8dbRvGeErVOJ7V04lphTI790BXkt5loygnDH8mvU,Jason Ezell,https://play-lh.googleusercontent.com/-T6p87XUTIK0/AAAAAAAAAAI/AAAAAAAAAAA/AMZuuck3Whurz-X82O35qs_Rt7_p9uWHYA/photo.jpg,Great fun,4,0,1.382,2019-12-06 20:40:54,,
gp:AOqpTOEz2LCc0ZdwcDC6rNWkk3G8bVMzMxXP6nimjeXSnhzsw9Uq9Js96vLAFC28WaM1paKP0_S7f32JEuabmqU,Kari Burnsed,https://play-lh.googleusercontent.com/-PXz17Chpejw/AAAAAAAAAAI/AAAAAAAAAAA/AMZuucmriIfxT7YRWpLbCvCDrx5wVqlqTg/photo.jpg,"I've tried at least a hundred different apps, but none compare to this one. I have it installed on all 4 of my devices, and I play it every single day. Wonderful!",5,0,1.382,2019-12-04 23:13:35,,
gp:AOqpTOHnrMIQCWSKFHsoqTLTt1YJtdI1iBgL-BTwQiHPiqHsQrml-dfmGbg2fbGFZ7vkcPWCYU20T1_VcjhwAcM,Ionut Stefanescu-Sturz,https://play-lh.googleusercontent.com/a-/AOh14GjwKCPNM89CHLhXuNVx8Kih74pVWD8kh1JGm2HMR-o,"Bug report: exiting app via home press while it's doing the fireworks card animation results in app freeze requiring force closing in the recent apps tab (loses one star). Update Dec 2019, app is unable to connect to Google Play Services for online backup and such. New update: Google Play problem resolved.",3,8,1.382,2019-12-04 04:43:51,"Thank you for letting us know the Google Play problem is resolved. We are still looking into the other issue reported but in the meantime you can exit the app via Menu (cog icon), Save & Quit.",2019-12-06 01:22:57
gp:AOqpTOHKTlIkzWZHgQpaE5NGwZ_fYiOjO_CxEmKX6BM5p4NjsMMEHe7O2MqS5ji9Gs5lal7pHD5AFccRKkCJdJs,John H,https://play-lh.googleusercontent.com/a-/AOh14GjJvXTpLLsz60OAmN_QyU3sVrTFDpOmgYCqowXFvgY,It works honestly and fairly. On the simple level you can win often.,5,2,1.382,2019-11-28 12:53:54,,
gp:AOqpTOEUgKfBWUHfRATbI0v-cksWLiY7arJlKYv1O4XN84CRMFlfoYGBuIS8T0u45MCsZvAlvZZvr4Bkk4rOWQY,Maryann Beckner,https://play-lh.googleusercontent.com/-Rfp6vPwlqjU/AAAAAAAAAAI/AAAAAAAAAAA/AMZuucnNMiJwoe4AALZ2Gi2xdJCLFybzKw/photo.jpg,Works great and free.,5,0,1.382,2019-11-21 21:04:26,,
gp:AOqpTOEqtMT_nDT3RubEU5s8AKOLiWh2u5X-e9w0-NY6eXJ-undXx5EIR_2KCrD-oVnWcUOfiG7g0twBLRnF_Ck,chris h,https://play-lh.googleusercontent.com/-OU1sjzeU_bU/AAAAAAAAAAI/AAAAAAAAAAA/AMZuuclcj4IuOGM7EFJZegjic87sOvclnw/photo.jpg,"Play was ok, visually just horrible",1,5,1.382,2019-11-12 21:53:48,"Thank you for letting us know how you feel. Please go to Menu (Cogs icon), Preferences to choose from different graphics or add your own custom background and card backs.",2019-11-15 01:46:05
gp:AOqpTOFkF_QVS46Zyr0E2-NhLjjJI8NrbtZjCGfDmHAFI4nzLwDVEy399rcGpvbdXzMIkM65m6sT15eeMj1MrUw,Toni Huntington-Rose,https://play-lh.googleusercontent.com/a-/AOh14GiT5LcaDEVRfAzxyGcGSViGLMobH8RLZk4Eh5BzAQ,Excellent game and it challenges me,5,0,1.382,2019-11-08 18:57:07,,
gp:AOqpTOFNYHw_c1JwWOqP5wU_D_vbL3puM_K0oLHoYhCz51WsdcJF0DSrqMFdTtVoFIkeN8OuExlvJFW2nyr8uJY,Thomas McGowan,https://play-lh.googleusercontent.com/a-/AOh14Ght8-WHhW8l2Z-HQVKP26g7ovzz2B-w0rinU2-3CQ,Better without ads,4,3,1.382,2019-10-28 15:52:49,,
gp:AOqpTOEi-9yfSbi2bVgfJRjCOKfYLpxBMpnzLKPE55QXZHDn-iggnlXRjolW2ACxJ69hbZphHrI0UwaL9ugw5V4,Raymond Purdy,https://play-lh.googleusercontent.com/a-/AOh14GgziacAKOlbUSyQneSHo3l5ShYT6tHscGljqs7e,Worth it,5,0,1.382,2019-10-22 08:37:30,,
gp:AOqpTOGlSmdw1nfU7VxOvmort3MMet8Q_6mzxE7BZAjjeSIbVgkrDEwcRIA4uv4VR4rVVgQAvzF92RT_m6FOnUk,Charles Morgan,https://play-lh.googleusercontent.com/a-/AOh14GhfdSzy6JfzwdNCJf4RUeYK5Pr3uyD6puDPLxrmjQ,Entertaining and relaxing,5,0,1.382,2019-10-19 18:36:23,,
gp:AOqpTOHdDkAPF39TVdttX3tLei7TQrrTfIiLKfVZGUlWsIgObXkc4E4mqZ6jP1NRYOAIfJDBq644OAtEEbk7lwg,animelover6600,https://play-lh.googleusercontent.com/a-/AOh14Ggq0BrgcIlqP_bsHKelqlruPJN5Fp95Y3q0tdpz,"I've had no issues with the app, one of the few game apps I have bought just to support the devs.",5,2,1.382,2019-10-17 13:22:28,,
gp:AOqpTOE3W20b0fEU_puhsOOyCY0sfscMF6E4O3jDw7p9MIlTMguUB8n_fmZUJHoajPXY95XzD2geQJfxWAkbYvI,earthling,https://play-lh.googleusercontent.com/a-/AOh14GgkNhy0Bv6eVgBzclIg38Wh3KOhwSKOkSbqnJgVqg,Addictive app and a pleasure to use.,5,1,1.382,2019-10-09 07:56:00,,
gp:AOqpTOEPCxk7Qm-LrDPx67LCafuX7UCm3D8kpDQ4wfhWupyfhHqhCNMFFPhjZ3xP4bjbiM1sgc5RAZY9WOdUWlo,Maxine Webb,https://play-lh.googleusercontent.com/a-/AOh14GiPttFLaDUrf7MtbphZ3q2rt73PUQgsIzQOcTfOXKc,Relaxing,5,0,1.382,2019-10-06 18:13:31,,
gp:AOqpTOGpE3675Y10AUjCllwLnaXnaSHGKwsmT62yitE1Q-kT9eS-5H4EA3dxWZjcHzbrlHVDEHPd_RXSpHy24bk,Riaan Robbertse,https://play-lh.googleusercontent.com/a-/AOh14GjWRXxv-GqLrdz81ihC4WCqoUujPl8uG6NYDRJY,"Great... One thing I love about you guys all your games are light, and run smooth even on lower-end phones.",5,8,1.382,2019-10-02 20:35:10,,
gp:AOqpTOH0i9BBP1zdJ1LLoigDtt4L_yo5AS0ayxOmtzzYA0TaniEFEKqdyMPlMXgsAqVDHPqT2fh9AxU1V9Vpo9A,carl kristiansen,https://play-lh.googleusercontent.com/a-/AOh14Gju1KhVz1l1Af0i78Ya-5qJtC5LcXmFXg567ncyLg,"It is what it is, patience",5,0,1.382,2019-09-20 16:56:12,,
gp:AOqpTOHAhdvCWSEVu-HPopV_mijtYyf_88QNrmrpzEcD_JNJM2bywEdQqMMJOF4TS1azDJ4KE8OB8twFzmFerko,Todd Adam Hewlett,https://play-lh.googleusercontent.com/a-/AOh14GjK21fE2jEYyqaV8ZIn4uq63U3PZzE2vgQx0GcCGQ,"Paid for several apps from this company because I like classic games...now, ever since they added that crappy ""Google Licensing Check"" BS, every single one of them tell me to go buy the games again. Leaving bad reviews on all the ones I bought until they're playable or I get a refund. Thanks!",1,2,,2019-09-14 16:30:12,"We're sorry you're seeing a problem with the app. As part of new Google anti-piracy features, you need to start the app with internet connection to check the licence and this is then remembered for 30 days. If this doesn't help, please contact support@aifactory.co.uk with original order number for refund.",2019-09-16 02:58:27
gp:AOqpTOHwq_4GjzI3vtUCOe-92S6Fb7OoeDeiGV3T6EtYRWLoHSbngEmK66hrzjY5oAUKOWXK9QARjmeiNTUc1vk,Steve Camilleri,https://play-lh.googleusercontent.com/a-/AOh14GjpCcHWLVc8ux6a7ixtRh0ll1SqRA_8aLfKWKNFaQ,Back to 5 stars as the developer quickly implemented a fix and also emailed me about it as well. A great app and a great developer so make sure you check out all of their apps!!!,5,0,1.381,2019-09-12 05:00:37,"Thank you for bringing this to our attention. We are looking into a fix now. In the meantime, please tap the cog icon, choose ""Preferences"" and deselect ""Hide Status Bar"" to get rid of the problem.",2019-09-12 04:50:01
gp:AOqpTOHXriZHZCKZchnv47p37kgbCNW54scAuSEmrHcWV4MYCDt_W4W4hwNfsc_hGXBSQtsKrZxMlkM1ecRe2WU,Rod Eslinger,https://play-lh.googleusercontent.com/-Z7vbCn_jnLE/AAAAAAAAAAI/AAAAAAAAAAA/AMZuucmWYn5qQhAn7b4sXyJoauiA74985g/photo.jpg,Great fun with good displays,5,0,1.381,2019-08-30 09:07:30,,
gp:AOqpTOEnygnJ9KPL6ImmnZn93xcVyqdmfh0U4eUlTeDwiEsaMEB6kVj0-xrWG03bPHEnDAvxly-X6lYhYBaoMSo,Carlos Ollison,https://play-lh.googleusercontent.com/a-/AOh14Gi9A7zHJNFJjX2H0sGkreLnsUbdk9Vt2Av65QlhDA,I like it,5,0,1.381,2019-08-29 20:17:21,,
gp:AOqpTOEqGCBiXH_tPrkRnS1uvpm5WK6MzEA2kXVH5hPsiHmMiPfbuLk9IH5Lt3qwzsg1sNoso4gQi7oVv24VSFM,Sheena MacLaren,https://play-lh.googleusercontent.com/-LRVg-hA6HIs/AAAAAAAAAAI/AAAAAAAAAAA/AMZuucly9KZvTPRETXCmZSfttIth3jd4Sg/photo.jpg,great easy to play no ads 🙂,5,1,1.381,2019-08-15 04:32:38,,
gp:AOqpTOGFOSbGCwQswYoH-vabIkCY0fmZZ8CTJq6Pnd5bfitKLYjYJTnnKsYjtgKmaGdaW_b4SWAM6WCOstP0KWc,Kelly,https://play-lh.googleusercontent.com/a-/AOh14Gj5yy3Xd1qQAb1cHp2Mgf1VpN8b6Gw7hsiOsYUsQw,DON'T HAVE TO BUY ANYTHING!!! I love that I can just play this without pop ups popping up everywhere!!,5,0,,2019-08-09 14:42:56,,
gp:AOqpTOEwM4kXpUjnr8nhFih8vdTzOrK2iu3C4e5b5KePKDDN2HgOJvoHmJsd130t6TI3i3hr_UZmY_sWaJnhUcU,Christiane SmithJohnson,https://play-lh.googleusercontent.com/-klLbXvl8nyI/AAAAAAAAAAI/AAAAAAAAAAA/AMZuuclV0kRwy1aLqGDRH_1sfQwOK8QkEw/photo.jpg,love the game,5,0,1.381,2019-08-07 16:24:16,,
gp:AOqpTOEl7SQXLBrhT9JP2gMRVKUbCEyd1bK6L7Iy2rPRkHRIl9MVvCItC9pIrMFqN-PhapEyfqsXCVk8LtVoiR8,Stephen Steele,https://play-lh.googleusercontent.com/-WAtMtFdWsZo/AAAAAAAAAAI/AAAAAAAAAAA/AMZuucnSztR9BvEWogVEFCRE0-H6j2UZEw/photo.jpg,Awesome Game of Solitaire,5,0,1.381,2019-08-03 20:25:07,,
gp:AOqpTOHLrH9rLf1SZyMlVfeEMeWOsZw7RUA2bgLbjjahp465Kp9qMndxoOPLDQcq6cbrDHpNZwW8xXUWPR6qTd4,Oliver Vickery,https://play-lh.googleusercontent.com/-bHyBMUV4MM8/AAAAAAAAAAI/AAAAAAAAAAA/AMZuuclKlbuexVmly4fbJ2hYEqBFuH7Mqw/photo.jpg,Plays like Solitaire i grew up with. Great in my book.,5,0,1.381,2019-07-25 21:08:18,,
gp:AOqpTOFTok_4yWzqvoErCZmFznJ_bM35ssuBBudCvDaNLHj51Lz3Xn-06FX9EI_V8S5CWIHcDlH_4aCGZn6Cng4,Sir Hagen,https://play-lh.googleusercontent.com/-P5BvO-fDqVI/AAAAAAAAAAI/AAAAAAAAAAA/AMZuucmGhtXqURcw3MXULzeCmXTaFY-tCQ/photo.jpg,simple and enjoyable (without adverts),4,0,1.381,2019-07-23 09:34:37,,
gp:AOqpTOF-CELWG0nNmEfrVRHastE1J8Gd-SQ7Oq-NHZ2W_0OS-z3jvcMlLMI1X1wbrjnG00DMuotx2byjHeEZDyg,Victor Mastrandrea,https://play-lh.googleusercontent.com/-deM2vb3kW0g/AAAAAAAAAAI/AAAAAAAAAAA/AMZuuckhaWOhqDKWGaARzUUe7v9RDi1IWA/photo.jpg,The best graphics of any solitaire game.,5,0,1.381,2019-07-23 08:12:46,,
gp:AOqpTOHZgrv0HxYifkpeTJvB-lIjj1BZ9_m0hX3lfR1Jfi9Iq07Nb_etTnddel0hPfNrcumFcnzU33VWFt6GEoY,Paul Phair,https://play-lh.googleusercontent.com/-pv7dRbO7az4/AAAAAAAAAAI/AAAAAAAAAAA/AMZuucnNu3KMGfU7n6EFdoeE0XGMRcmNuQ/photo.jpg,"very addictive, in a good way",5,0,1.381,2019-07-22 12:06:16,,
gp:AOqpTOHtLfbfJ-SeRC2ccUdzXKRNeAmVl-h9WFLKbRPh34DAfnKdtV2_fKnOn-hEPqeMpdrFHsHXpQYC5eVL0OY,Rachel Ellis,https://play-lh.googleusercontent.com/-WZMaPYUsYBQ/AAAAAAAAAAI/AAAAAAAAAAA/AMZuucmDFm3nhaACgSI__BcR-FzJ5M9V3A/photo.jpg,great fun,5,0,1.381,2019-07-16 13:44:16,,
gp:AOqpTOGD79nOMpQR_O3N5OBFzMuwCA_CA9fAyBlpBJwItWgnfVs_yRX-IjcZYeMSA4JS6_rq6dtB-qKYwJEZ4iw,Mercy Yule,https://play-lh.googleusercontent.com/-twc9k4H_UbE/AAAAAAAAAAI/AAAAAAAAAAA/AMZuucnUnf44Cxb5kSNtl_yc2ugqYA0z6w/photo.jpg,Tantalizing fun,4,0,1.381,2019-07-16 00:03:09,,
gp:AOqpTOH5dZ1gTV8rNUrmNaj46ZEv1FL9l6yGs-Hgj3yyhJ5M4i2d7EwlDEQ1_73ofaOQ1hGCjCBVj4vtDbWQbNI,Richard & Dawn Metcalf,https://play-lh.googleusercontent.com/a-/AOh14GhHnjFYXu6ZEuRpoajbIXLeriRtIvAJkqGZbKZP2w,"Fun game, perfect entertainment. I feel like the winning hands are adequate. Help hints are a little inadequate for a beginner but I like having to think as I've played solitaire for some time.",5,5,1.381,2019-07-11 21:46:56,,
gp:AOqpTOHZlsGxhVLUUSXBCYA2KQBux3xYk681AnPeVhRqNPRn0MxPlt8xZ5ZLLnHEPGOWW80peFdfleixvfDQRqQ,Heather Forster,https://play-lh.googleusercontent.com/a-/AOh14GjTA_2zIZgW82sg669xXMNbeLor3P1v87SdzbbD,An excellent game with a range of choices about how you play it,5,1,1.381,2019-07-09 20:11:15,,
gp:AOqpTOHnldXS88J0jRooJf41HcGz63UHkwJU6COp_qosFUofQrm5-e-kV5amR5reT6Dkm8nGZCd5P-OrQIgN9m8,Vann Campbell,https://play-lh.googleusercontent.com/a-/AOh14GhQ-CiLU6-VMeHwd7ACS_pxgZeDDgQZsVX7e5a1ZFw,quick and simple game that is no fuss. easy way to kill a little time.,5,1,1.381,2019-07-06 07:31:16,,
gp:AOqpTOHhH_Kz1-MUxejMBpn1hNmjAk0Ev5DCj6blWpghmAlXrLft-CpAN6Fvkzby2pgjbq16JY1l3QVB0SLI_7s,A Google user,https://play-lh.googleusercontent.com/EGemoI2NTXmTsBVtJqk8jxF9rh8ApRWfsIMQSt2uE4OcpQqbFu7f7NbTK05lx80nuSijCz7sc3a277R67g,You've found the best Solitaire app. A beautifully designed game with appealing customization options.,5,1,1.381,2019-07-05 05:40:49,We’re sorry you're experiencing problems. Please contact support@aifactory.co.uk so we can get some more details.,2015-05-05 03:57:31
gp:AOqpTOEg5nxr-6KEEFGt3ONIWy9fjhTCsR9lKhDT-uHAVLsM-YBYXB_xkcJy3CoOSL5M2bml-2J3h-FU1fWCFo8,Robyn Christensen,https://play-lh.googleusercontent.com/a-/AOh14GgZkikd4OiZfDusKcfXAFoeFMyRv8CE48UfPv_dQZw,"fun and realistic, not manipulated",5,0,1.381,2019-07-03 13:58:36,,
gp:AOqpTOFQ-ETWRBe6rNg6pbrYSvprfskY-oz8aqfByOKUquZET8zz2vDB5EL_54hckdraT4RU-ia7bLFr7gATNfM,Gene Everett,https://play-lh.googleusercontent.com/-0cbALmsLhxQ/AAAAAAAAAAI/AAAAAAAAAAA/AMZuucnKbTHFbZ_RViK-T1pl99I_cQkLug/photo.jpg,I HATE IT!!!,5,0,1.381,2019-06-30 07:00:08,,
gp:AOqpTOGFvr0MoEL8HLTupFyvMog_ddvwFGu4jRJXlZwI1698ZNL12YlL3GFqh4K-6YxWknids9813vJY2Ya--F4,Brian Mulligan,https://play-lh.googleusercontent.com/-seBHh1xezuU/AAAAAAAAAAI/AAAAAAAAAAA/AMZuuck4YbHlC7UH8542KITLn3hR6U-jzQ/photo.jpg,Best game on the net!,5,0,1.381,2019-06-29 04:12:50,,
gp:AOqpTOG-wNp6Gt9w2OmlA1nZu_hEnpaJxl7Kgd0GE-m7_2gxuZVwvjdpiZmJYzAFm3D6O7_qkpKfX8ZvStSNY0s,Kris Freyermuth,https://play-lh.googleusercontent.com/-Gc2s068Gzkc/AAAAAAAAAAI/AAAAAAAAAAA/AMZuucmTBDH1Qn6MnfX0gYtTbzGAgw50CQ/photo.jpg,"Very entertaining, plenty of options.",5,0,1.381,2019-06-27 22:17:04,,
gp:AOqpTOHs6suXfVuSRwRwPXDcWsPdRVSSl4KfXQIGDl1qFw_BNPpr3ZWVaRqociaGBHnO5uxMk_7zBzCEg7e6r5E,Fred Brown,https://play-lh.googleusercontent.com/-_LrYHEsPujE/AAAAAAAAAAI/AAAAAAAAAAA/AMZuuclpDrvuiFs65cD-Q_6jH07LA4C4Vw/photo.jpg,well designed and realistic,5,0,1.381,2019-06-27 09:38:37,,
gp:AOqpTOHsRJ3m89DuqVUoa--4z-Jexcy0NKH3Mr_WYXo9mJJKTSAKc6X1ngO-i6-vF6k1yfB03QCckr2BMVE4kNA,Lola Whitehead,https://play-lh.googleusercontent.com/-GuP4lgwgJJk/AAAAAAAAAAI/AAAAAAAAAAA/AMZuuclfVIiuM0UHFv5RlXcQZ1Dmdw1blw/photo.jpg,Fun game to pass the time.,5,0,1.381,2019-06-25 22:48:41,,
gp:AOqpTOFsI-fu9mHPvtdIBMdbKEr-XbB48QkyBFfl10JtfpHVPd29y_di7N_ZILVpe8gxiT7z9TKWTWIBHYQ4-nc,Cecilia Schreyer,https://play-lh.googleusercontent.com/a-/AOh14GhUE84YNOFHrm0UQ2m1sNMWprJjcZDZyoHZbPROfw,excellent game. very smooth and nice options. I wish the undo button was slightly larger. I also wish I didn't have to sign in to something to get game stats.,5,4,1.381,2019-06-24 04:59:07,"You don't have to sign in to see Menu (cog icon), Progress, Statistics which shows game stats. Sign in is only needed to see Achievements and Leaderboards as they are implemented through Google Play Games. We have added your other suggestion for consideration on our to-do list.",2019-06-25 03:06:32
gp:AOqpTOHuG52fXvzopId60DKnyeAEBWKKfUhrufMi-r318AO2SQNRPY2lG09qkDL8ndSifn5aG-cjIQWnmYJOX60,Jean Corkill,https://play-lh.googleusercontent.com/a-/AOh14GiQE8HyugyvWSatQe5WdiD1HioVHYh2DMxevIDIKA,I enjoy this as Christmas themed solitaire. The cards are pleasantly clear and the snow is relaxing. I play this throughout the year whenever I want some cooling snow.,5,3,1.381,2019-06-23 22:44:53,,
gp:AOqpTOHxURQipofTAdSbSrh4WWozEUoSBT-h-x2tiLyG2l7Lq3nkmFH7IJAO1B4D6fHTKHQkykFzUtDIruRApcA,Stephen Smith,https://play-lh.googleusercontent.com/-I--cwdPxqI8/AAAAAAAAAAI/AAAAAAAAAAA/AMZuucn2vWwoiZWXkB-AADr7eVZM_-3XdQ/photo.jpg,My 1st choice goto game...,5,1,1.381,2019-06-23 11:26:05,,
gp:AOqpTOEqmccye604gYIltxww0zvFudayu0V58ugNwJKOtB2JwgCpQDXaZF16rpT1MQPqNXSO8UREntDOyZYH7xk,Maya North,https://play-lh.googleusercontent.com/a-/AOh14GjYRAlgnbPUIWkIZ6lkVnJLcHmsvqX8JFfqpX-X_A,"Solid, professional, clean, entertaining, soothing.",5,0,1.381,2019-06-23 01:03:08,,
gp:AOqpTOEETDkH1KJVwYBRo09aBsbnn3vEpyUaBrq5kWyAG7pJU9IbY6auPVbQg0nm4K3BioOytxmGCO6uGlKEcKE,Bob Allen,https://play-lh.googleusercontent.com/a-/AOh14GjsB_g00IWO_wMa0P9_q8iMc5c5DVQ9izvaAklz,I have tried them all. This version tops them all,5,1,1.381,2019-06-21 14:13:20,,
gp:AOqpTOFyvm-lrdUfO5L1ugxFmNG7hBbS8D5whzf8y203zOvM7_IvJzz-HCRIPHg2j06Ec_E8umSl0ZmmI4E0ECs,Judi Costa,https://play-lh.googleusercontent.com/a-/AOh14GhPkCLhbiQutR0HeIKcNX_8pvjRPGiO0NaKCFpEjg,Love this Solitaire game!!! One of the very best!!!,5,2,1.381,2019-06-20 20:52:05,,
gp:AOqpTOGJnqeTG9VmP1t_hcuejRwuSYi-4qXOcoFFQfQRPNFyUcSmgKNlvO6YMsXicK1d9pzjIJJOwqoM8LfoRgw,Charlie Lineback,https://play-lh.googleusercontent.com/a-/AOh14GhKtbhLM0Ghm3BWLMBL7vcUBPPbaI5vX4RQsucYOw,I love this app. I play it several times a day!,5,0,1.381,2019-06-20 13:56:11,,
gp:AOqpTOGSzoWpkeRm0yh9NQ3zfE03vQtut8seuTzMb5qnKZZnL3JWtmZypoDPT5w1scH3ZL5MLOCyu2VLR3gnPVM,Ernest Hin,https://play-lh.googleusercontent.com/a-/AOh14Gj6V4OJf56OL8k2sotWZupif-Fz4KElH6eWdF82MQ,fun game to pass the time when ya can't sleep at night or any other time,5,3,1.381,2019-06-18 20:19:49,,
gp:AOqpTOEU0Cq1aB26whxllScpl-UtzGu2qtUc2VHoAnE8T2GJ76D-hORnaFbEyNMGqrw9cL0ADVwpm2Qq3g2RjcE,George Jones,https://play-lh.googleusercontent.com/a-/AOh14GhVsmoWqsRFj_V7SPd3LOM6jeFkCDQ4c-vxOwKI,Good when you are bored,4,1,1.381,2019-06-17 10:58:59,,
gp:AOqpTOG72zWO7z34X7iWn-k_uUudQZ-XBuOv_yJU0N9LkUVEKHbSZFqLw8aMbU_HpiT42Wp66gigNdhWA8RSrGs,Sylvia Rossi,https://play-lh.googleusercontent.com/a-/AOh14Gh94ea_MNnv2MPYEsN9ch4BZo8uvH8gnrwzJ_KJ,"I like to play when I am waiting for someone good, fun and I like that I can put my own pics for background.",5,1,1.381,2019-06-16 15:45:47,,
gp:AOqpTOEFZG4311zBaRKAS4ky1GaZlHWZ3-p24ontMbboHzCp_vLAMRTFLGy6oi3A8bRz2lKpjysXRWwobu3vEu8,Jeffrey King,https://play-lh.googleusercontent.com/a-/AOh14Gj6Fqmy8P3fzKE4mVJIhvIZtZ2qTjsRB248gAMaUbE,"After trying many card games, this Solitaire is my favorite. I enjoy it daily!",5,1,1.381,2019-06-16 11:08:01,,
gp:AOqpTOF0hMP2Vbi_Oi3jv7Yv7UpwtXEWKrJBaFMezKc-G6BHaHKolugXGhKPQIVQQe3MuYJDTcL7LCtMIYPpIuA,Louis Bruno,https://play-lh.googleusercontent.com/-QZzrdlyUDVg/AAAAAAAAAAI/AAAAAAAAAAA/AMZuucnIy4vCMkt7iAO2R0Y-ZmbMSKoTsA/photo.jpg,Love this game,5,0,1.381,2019-06-16 07:37:52,,
gp:AOqpTOGz8g83F7MOquYfhyUIgGbF04PGeVq7cVvobQhXGqfpPVw095eMb9EHz3fsVZ6e2yuJxnEeMD4vXo6nYlk,Bruce Collett,https://play-lh.googleusercontent.com/a-/AOh14GhKfwDchu4vNtkR5Bk8qD56Yo7Pc0XE0Lx8F0LOAw,Automated enough to get a rhythm going that allows meditative play.,5,0,1.381,2019-06-15 21:06:32,,
gp:AOqpTOEblYkmoqtoMplnfs4EK8SwEp36YFNaMz-D8ZBmFIV3c2DFoYxrzdQnT6TPGwtDwA5D0iSQNFVlV-U02-E,S,https://play-lh.googleusercontent.com/-HAboz6fgyRE/AAAAAAAAAAI/AAAAAAAAAAA/AMZuucnPIHBpTBv-n1MRL9hmwcZeiVUsbQ/photo.jpg,"Easy play, smooth interface, simple and uncomplicated; all that makes this app quite addictive. It's a real joy to play.",5,1,1.381,2019-06-15 19:22:11,,
gp:AOqpTOG1J2EXht_3QJE4hDwhPXCKdnQnrfhmmjogS4fDx44U1BGfKqEsiORAm0SxcyaDJVXD7kmhP4hcn2TbC5s,Gary Campbell,https://play-lh.googleusercontent.com/-WeiIaizx5uM/AAAAAAAAAAI/AAAAAAAAAAA/AMZuuckMRgFFppR_EIBTPCgi2ecREKfUsw/photo.jpg,"My wife got me started and now I play this all the time. Very configurable to play like I enjoy. Nice app for filling time while waiting in line, at Dr's, etc.",5,15,1.381,2019-06-15 08:52:29,,
gp:AOqpTOFEHLlD3j998WyQxxi0rgs8-ORfjBJEGWe6Lpf3Syxr3yZCO_90BiovOw4kEh2xbzQE-Hu7FyPhbGvP5Yc,Arken Mint,https://play-lh.googleusercontent.com/a-/AOh14GicXyW8SAoqsQOiw53JWfqVBMF3_tvFlLJLXp89ag,"Solid, nicely put together version. Ads not intrusive. Best version of solitaire I've ever played.",5,4,1.381,2019-06-14 23:53:07,,
gp:AOqpTOGLpaAvZUzyXFcdk4cjJt3iA8NOnQJ6i67NIb_l7bU1uUaBaXRDl5IPxEyxbOeLwjPWEOJubU_MQaH0coc,Dianne Slater,https://play-lh.googleusercontent.com/a-/AOh14GgC2SNSG1pwiGxE98diOtJ3r51QgXKo3oX2LSIO,Just perfect never had a problem with this game in several years now would highly recommend,5,0,1.381,2019-06-14 22:35:53,,
gp:AOqpTOGbFOvoapCnrjuZ3a-RbuFY0qeEQ802SRgCYaXzXQ2bbKly_FMnnAG2WT15wuTZiZxKoRmKe2RhhXhc78E,Jeri Teasdale,https://play-lh.googleusercontent.com/a-/AOh14Gh3OLYLiHtvXc7rAZS20jKk1i9P9W3NrhgbXQ_l9w,fun play. nice design.,5,0,1.381,2019-06-14 21:46:11,,
gp:AOqpTOHh7z5TwUCbfiftc86j9_0HJoJKtvTjOr3GZuJO-PfqPKcDEXlzgNB8ugjAVT1l137GpH5Fzsl2eAf4KY0,Felipe Sanchez,https://play-lh.googleusercontent.com/-PmHgZbfCZgI/AAAAAAAAAAI/AAAAAAAAAAA/AMZuuckee_uagP3yfDBW9NS4mQvY3rSRDQ/photo.jpg,Nice skillful game.,4,0,1.381,2019-06-14 17:52:20,,
gp:AOqpTOGkBnfoeQLb3MZ8JRZNtFy0QcULv28deoMSsscSb8jv1vlXjtAuFPS6UVfSTfG1F66gc4oj8u-ikdA_HNI,J. Gracey Stinson,https://play-lh.googleusercontent.com/a-/AOh14GiqsK7QY_A5w6pQeJjHVQ6bQF8KTPPWYa09Oxzq5Wc,Worth every penny. Just a pleasure to play.,5,0,1.381,2019-06-14 15:46:35,,
gp:AOqpTOGnG1--eAVOseQtu3jDYFazeeMqInoim02s1cdki6pJFrkC0HocIH6LBhzvM7szN1kqza_H-rg8Y82DkpU,Jim Matyas,https://play-lh.googleusercontent.com/a-/AOh14Gireubmlgo6GEOnIqp17gSDaZ5ImSPWw_5_EIH-GA,fun to play. Wish I won more often.,5,0,1.381,2019-06-14 14:39:35,,
gp:AOqpTOFxM9HVZBEbzmPnh0S53kgj612NJt_4nJVVwAfNk0DHciYjMnsYaAOL8tODV-xwOHUJtxw8FpWyWSey4hA,Paul Walsworth,https://play-lh.googleusercontent.com/-zKMbCJ9AmsI/AAAAAAAAAAI/AAAAAAAAAAA/AMZuucnlNOUJuHF3vM2NGosHtHasMmKVxQ/photo.jpg,fun,5,0,1.381,2019-06-14 05:18:28,,
gp:AOqpTOHihM6LyEuNhmuPq6oBwQeKqM1cLTK4DW6iqU4GeRP6g5RY2PMMHWq51UfyTE1ryn75LEEk-w2-sEv35z0,Lori Anderson,https://play-lh.googleusercontent.com/a-/AOh14GgOENXXEHkumrnaxfKu83PgKBc736a2DYG7hItT,Been playiny it for years. I like it.,4,1,1.381,2019-06-14 04:46:25,,
gp:AOqpTOHGpX_69slALvuspteGcV6wSEaa-ODOeCLdI8pZwticXTKOkWFPkKxzCtsWjervmfM84rg4P4OThojihMY,A Google user,https://play-lh.googleusercontent.com/EGemoI2NTXmTsBVtJqk8jxF9rh8ApRWfsIMQSt2uE4OcpQqbFu7f7NbTK05lx80nuSijCz7sc3a277R67g,Great game.,5,0,,2019-06-13 20:21:58,,
gp:AOqpTOGw5DAfTlpbPiZVNcGMe43gknmI8Je94KnbufH6ooU2DxPHEwrhOz6qSmzjMwsogLuL59rJIKCkyAuodM4,James Smith,https://play-lh.googleusercontent.com/-P8z38irvShQ/AAAAAAAAAAI/AAAAAAAAAAA/AMZuucnHKgJrLmudAafwBP6ljyZCU8v5_w/photo.jpg,I can waste hours on this game!,5,0,1.381,2019-06-13 18:20:31,,
gp:AOqpTOEpHKWj_MQ2lNta1Jlxczxydms6mDKlKfi2bvYHF74OjYM3B5732EOkGPL3_mRx4_0BROphcrVQgMRPlUc,Jim Schmaling,https://play-lh.googleusercontent.com/a-/AOh14GiOpS3PzB42Mg_gKaKLGcrzo_kuk2PwXZS6KjG4jQ,My favorite solitaire...,5,0,1.381,2019-06-13 14:49:04,,
gp:AOqpTOEYBDtJzhzWvlpJOsTmsusUVxmfYbCvEzYnFeYBt_1stHsHYOBCB0kYYplNc_uZKvSOky682zlAxlsWEik,Paul Lewis,https://play-lh.googleusercontent.com/a-/AOh14GjO7yS-ddS9gNIv0p9sJVo42PGdJV-0LlRHdgMO,"Fine game, good graphics.",5,1,1.381,2019-06-13 12:54:51,,
gp:AOqpTOExD6wfWjc3jYkEzQP3B_86HeXboaAWmU9yS6oWjdewyB4dUV9suo66kXTpo0ITzbRmo4HXGeHAfbPYyGQ,Wayne Holton,https://play-lh.googleusercontent.com/a-/AOh14Gjv2m-YHL-zyOFeqin1tDSr2D5ZtJeUvT4TcPReEw,good game to keep occupied with,4,1,1.381,2019-06-13 12:41:32,,
gp:AOqpTOGtLIEK8wwbRzyEzb54MZupfkaxPJbbDBch8Rztbjj1Fz69-xcP2RybnxVIdh_aF7BGFjaBkCUTnO-pHZQ,Michael Smith,https://play-lh.googleusercontent.com/a-/AOh14GhGcYPdbVzyTHl0Oz0TNg1XGWMdMUs_BzVaJQE9jA,works well and not a lot of ads,5,1,1.381,2019-06-13 02:57:15,,
gp:AOqpTOEysH7OC_t8zdIrI7jOFKFKmD4NHy6kOH3JT1aJCbSoyjcgNOj-f7gzQKHO9nBR0UwA54h_mEWHTi62KwU,Jimmy C Holfeltz,https://play-lh.googleusercontent.com/a-/AOh14GhiVAmoD0qOiGwOSO_EZDlTLJvbKTUC5ZtdzG4WOQ,a fun game to help me relax,5,0,1.381,2019-06-12 21:04:24,,
gp:AOqpTOHsaRiT1d6QJq2eqpiqyv1ltd-BPDq6BmNnykss8YS81eDOwT6WAw_BFjD2knJr0uC-klXxJtlTVQ6YrR4,Aaron Haring,https://play-lh.googleusercontent.com/-W1ZwPp5JhcY/AAAAAAAAAAI/AAAAAAAAAAA/AMZuucnMNnq6R4kD2BoCfSFFxY8WuR82XQ/photo.jpg,"No ads, no crashes, works smooth.",5,0,,2019-06-12 20:29:45,,
gp:AOqpTOFf4ak-mwtaGFzdWc2BYL-TcaXh7hcGVvSkzz68cDeKRNsy-pl4gOe48bF_v1r_BxKXRyFTVhqxm63R1c0,Wanda Non,https://play-lh.googleusercontent.com/a-/AOh14Ggw85Ydt4FWalxDEfk3iVF_mWdZb4r74R-WXrw5fw,Fun!,5,0,1.381,2019-06-12 19:56:52,,
gp:AOqpTOEjxVVAL8vJ1Lr2HFjAVHewdFF4K6VHZIOzjfNyJHSXCE5e16BXwSMEfvh5ZIjIAV3bIOHycxLq3U7TDF4,Sharon Taylor,https://play-lh.googleusercontent.com/-QMtS-A1_U5M/AAAAAAAAAAI/AAAAAAAAAAA/AMZuuclhfbhK4Kztug8H-C6E1yDBj3tSMA/photo.jpg,This is a very nice version of Solitaire.,5,0,1.381,2019-06-12 16:25:35,,
gp:AOqpTOF6yTEDTz1GGGp8Ffcb3JysnRhgb0NOCGLOwLEyMzxXSuB-O1sR-GyiNaUuZalqNpbnQgg5r_tZeya1sJ8,David Pinales,https://play-lh.googleusercontent.com/a-/AOh14GgVw3JPMwZft4q6YeYw0lOFRMIqvzmrTie-at-X,Very fun. Good game.,5,0,1.381,2019-06-12 11:58:49,,
gp:AOqpTOG-MWvlibx9bjMqScJjRMR_Qy32LauIC7S8bnkPfR1W4qQcYQJvGXp7U8llkPzxxOYdQ3xIv9h8jCV7jEY,Karen A. Woods,https://play-lh.googleusercontent.com/-X6IRE6tJlIQ/AAAAAAAAAAI/AAAAAAAAAAA/AMZuuck5ufOvNjF9Xf-7LD8xMknb_G-J4g/photo.jpg,fun,4,0,1.381,2019-06-12 10:35:02,,
gp:AOqpTOGwm3KeDwDwFVfH9W7-Xid7a-nMmCuNZxb-WwhR6snfPgzXXLj5c93pCQ8XbGF-AyrOah3RSLXTG1hz6Wc,Joseph Belanger,https://play-lh.googleusercontent.com/-Lgt6i4Vm2_Q/AAAAAAAAAAI/AAAAAAAAAAA/AMZuuckQjWAuGXzn7I2HZiA3Flwj5Y_TjQ/photo.jpg,l have been playing this game for years. Obviously I like it.,5,2,1.381,2019-06-12 06:48:02,,
gp:AOqpTOHCY_gjywRU6b7pzY7N7mq74p_uuZak3wBffsaHozdrXZoqB7zrwfrQYLaodW-CszOPkbiVMGwmE2fDJUg,Carolyn Reynolds,https://play-lh.googleusercontent.com/-5jZ1SeC6kZ8/AAAAAAAAAAI/AAAAAAAAAAA/AMZuuckiSndcWvPThULsYwGcQpA1otKUyA/photo.jpg,I enjoy this game. challenges are good.,5,0,1.381,2019-06-12 05:01:03,,
gp:AOqpTOEZN9vtAHzMosJVJvSOfBfitZ7YcbKP4YQyPMgkNfjxB5jTSPC5HySUDE7uhuiD6gFeeu-mgz28dVC4xvY,A Google user,https://play-lh.googleusercontent.com/EGemoI2NTXmTsBVtJqk8jxF9rh8ApRWfsIMQSt2uE4OcpQqbFu7f7NbTK05lx80nuSijCz7sc3a277R67g,I really enjoy this game.,5,0,1.381,2019-06-11 23:04:28,,
gp:AOqpTOHcYqfjqzSedRtZd-OJbiItAhT_Dm5cuQuX7ryC8Hhqxcsx_btgQlejFBWH8ARHKys4pVK5z41mXCP2e6k,Charles Karschnik,https://play-lh.googleusercontent.com/-jJ0PcsdXSnQ/AAAAAAAAAAI/AAAAAAAAAAA/AMZuucnqUe9RD1a9BTblyWfV8mH-Il_OEQ/photo.jpg,Great app,5,0,1.381,2019-06-11 21:47:55,,
gp:AOqpTOH98dL1FOMKRN7WChrklulXTeM7HEzEuFLlenJr714kqgibuOThyfG8UhxDw_rHmoOeFGM30CoBDeqk_dI,Deborah Derksen Avery,https://play-lh.googleusercontent.com/-4tVP6IDcyT4/AAAAAAAAAAI/AAAAAAAAAAA/AMZuucka_IqL3izc0uvmjpfMEwmeWIPh2w/photo.jpg,Enjoyable rendition of Solitaire. I like that I can redo my hand as many times as I need to win.,5,2,1.381,2019-06-11 21:30:24,,
gp:AOqpTOFdsm4DE4qM95raGWkI3IW5O2NIPVO4CZf5kTQcZ_5CZa4oD4eIMvGlOsXQngHQpcqBwV1hFPTwNoOL9xA,David Schmidt,https://play-lh.googleusercontent.com/-qR4kEcpbYvg/AAAAAAAAAAI/AAAAAAAAAAA/AMZuucn0OdwK_bebBBlmC9hIdplcF_bZjA/photo.jpg,fun,5,0,1.37,2019-06-04 12:01:26,,
gp:AOqpTOHME81d_u1jCbuzZfL-dCdnErK2mM0ReMSJM4vD5kbedMM2XpslUrAKJ6LtF_YnMP5Fhtu_1q1WMApEpoY,David Mott,https://play-lh.googleusercontent.com/a-/AOh14GiUi-axPZNznURC0KDxTDate1MxCFUnvOEtGCUy,"This is the third game which I've been pleased to buy from this developer, and each time I've been quite happy with my purchase. As a loyal fan of your business, please keep bringing out such well-designed versions of these classic games!",5,8,1.37,2019-04-29 14:07:30,,
gp:AOqpTOGXZRYiYu2F4JFwqcrhLP2oVK3Fdsa_Y7drXnOwnatk_7J4vgO7uMAgDDCNFN6Ns8YrPMIZHoTieCNOYsc,A Robinson,https://play-lh.googleusercontent.com/-jQAPCEuFzxk/AAAAAAAAAAI/AAAAAAAAAAA/AMZuucm8c3grycOv4TDa1HK_AOwYryIefg/photo.jpg,no option for larger print on cards,3,21,1.37,2019-03-13 21:22:21,"For larger print on the cards, please tap Settings (cog icon), then ""Preferences"" and at the top of the screen scroll through card options to find ""+1"" or ""+2"".",2019-03-14 02:03:47
gp:AOqpTOEdXQUhvng8uU70DfTKPxiLFI0csjcbT7QZvnNdnWhZa9bMXb8qa9YCpiRD73ggICN-iPpZVbvCje6PNv8,Philip Smith,https://play-lh.googleusercontent.com/a-/AOh14GgzNyP1lnMHI3_xPcbHTsf_VyFajAs7xXevYEEfLw,"Really good game ,premium is the way to go with this company .",4,0,,2019-02-03 00:18:09,,
gp:AOqpTOH6CQd2LevPlNvlYq8DK5eZ7AUCbf3aSIvUL8LarX7xBEl0favtWC_i9RPIVXddG-jcfbBM-HVE--fGpv8,John Houser,https://play-lh.googleusercontent.com/a-/AOh14GiBjegXQkNFH1AUk8BtbF9xgF04xsdLwXg6EMRol3s,Please tell me how a bunch of ones and zeros and ifs and thens can be happy?,5,1,1.37,2018-12-15 00:50:26,,
gp:AOqpTOHZFZcYr6lQLlxUteN9rL_Mj_8ZRNizFPqzqxH4lZRCY-huu0i5pNwd3jDDGen7qJfe-W6wU8wI25_J8vY,bobh c,https://play-lh.googleusercontent.com/-D_BrOOsIGuU/AAAAAAAAAAI/AAAAAAAAAAA/AMZuucmbbQid1lv-X1ooMZsKugdpvUZ2Uw/photo.jpg,"Best free game going, no annoying ruddy adds, just a nice game well thought out. Have a few AI Factory games and all should be at the top of your download play list. Because there are no adds a pleasure to play",5,6,1.37,2018-12-05 10:35:36,,
gp:AOqpTOFHTkBeSr9IaGHB5Wm0ZXoI4umC0mxNiyBTTInnvli4QoCZY_LKArGMnz3Yl5YDByf7_IBU4TIr9NQEhDY,bambam841ify,https://play-lh.googleusercontent.com/-jv7AzVH5_Fo/AAAAAAAAAAI/AAAAAAAAAAA/AMZuucnb6enffGWYlDJGNXkn5v2-X9UVTg/photo.jpg,"Paid for the full version in order to get rid of the incessant ads. With the full version (free version does not have this issue) when playing in Vegas scoring mode you get a pop up of ""are you sure you want to reset your score"" everytime you wish to reset your score to the default of -52. So in essence we are paying to get rid of one annoyance only to have another one introduced. Edit 8/29/18 the 3 stars were for having to deal with the reset score alert you have to hit every single time, not for the game play. Which is the best solitaire version I have found on play store. It is not the fault of the developer that there are so many people around these days that are incredibly dense as to be incapable of understanding that if you hit a reset button your score will go back to default setting. Making matters worse they just complain and force the developer to change the feature rather than using the mistake as a lesson and not hitting reset again. So thanks to all the idiot's.",4,2,1.37,2018-08-29 20:27:37,We apologise for your disappointment. This is actually in latest versions of both free and paid and was introduced as a requested feature but we will look into reducing its impact on play during future development.,2018-08-29 05:17:19
gp:AOqpTOGfodMsIeo7jbwhQmNhZFHT03t3rvUCW9irtobRYx_6jjQGbmD7rHsQ0ZURz0UTyTWP_BJqJsng2oI7dF0,Henry,https://play-lh.googleusercontent.com/a-/AOh14GhWx5t8c2voS0AVrEuHEECb8WmmQ4_GsbThUzKbtQ,"Such a deal for only $2. Thought I saw something about sharing or family 
setting for other devices, but can't find it now? Thankyou for your reply, 
it worked!",5,3,1.36,2018-05-08 04:41:56,"In the top left of the Play Store, tap Menu, Account, Family to set up sharing of apps.",2018-05-08 03:16:23
gp:AOqpTOHykLcIuFcXk2VWK4vKfGeMCEf90nAXWBpfqIO9dKkRZBpSUIjFqlChL8PBYEkCXUYCCPmVel7rw0p4qRo,Don Q,https://play-lh.googleusercontent.com/-JD1Sajel1EA/AAAAAAAAAAI/AAAAAAAAAAA/AMZuuckf4z7_UfZWNLH9pgzkHcwMmv_WRw/photo.jpg,"This paid app would be better if the Vegas version had an ""infinite 
re-deal"" option (with a penalty) instead of just having to go through the 
deck only once.",4,0,1.351,2018-04-28 10:47:21,Thank you for your suggestion. We have added this for consideration on our to-do list.,2018-05-03 00:40:47
gp:AOqpTOH3-ezKUBKn5tj6lOtw5wzsK2f9PdjDFZ7qSQuC3aUekg3bza4X-qWaOifUwRBuFCbhiUciTsrT6MuotCg,Bo Siltberg,https://play-lh.googleusercontent.com/-7v-_mlsu_2Y/AAAAAAAAAAI/AAAAAAAAAAA/AMZuucnOpa8GTsC7aRffdBinjxXeDZMdBg/photo.jpg,"Nice game. But how do I transfer all statistics from my old phone to a new? 
leaderboard does not seem to handle the ""win streak"" number. It starts from 
zero again.",5,0,1.351,2018-04-27 02:27:27,,
gp:AOqpTOHIjdT0poEZ0pD7T8C93FTw1QBLdhcNnt9bIEX3hiEJ54JaskM4VpohtKLxGrlrqzdpo4Z0pzdJWH3gIFo,Mike Brenyo,https://play-lh.googleusercontent.com/a-/AOh14Gi9Eyjo-4o6jIGGGo_ScRvBU8jKBw9RsTLF5VlAIQ,Great solitaire app!,5,1,1.351,2018-04-11 08:33:30,,
gp:AOqpTOEhwTggNoTZeCe-QyHwCK_iqh_PyD2UAvxcPNPtqNQAuJDj2Ukdz_0fwo8boUwusSFneWyZoedm4KhNfmI,A Google user,https://play-lh.googleusercontent.com/EGemoI2NTXmTsBVtJqk8jxF9rh8ApRWfsIMQSt2uE4OcpQqbFu7f7NbTK05lx80nuSijCz7sc3a277R67g,"Great game, this app is my fave out of all the games out there",5,1,1.351,2018-02-25 08:08:52,Please try Options (cog icon) and check Fast Animation and Tap To Move.,2014-09-16 01:06:32
gp:AOqpTOHN4qT4vxR8FVwBjKNR5Vw75EucnUxDZiTrAAwuQlpSt2P_e-OxLQ-DBVSeoMhMP1z5SR4L68dnKFKaMKk,Glenn Stumpff,https://play-lh.googleusercontent.com/-0Wx810tlIOY/AAAAAAAAAAI/AAAAAAAAAAA/AMZuucknI3bmx4snqiR49orVf71IRj_vWg/photo.jpg,"The ads in the free one weren't all that annoying, except for that one malicious one, but I thought the developer deserves at least 99 cents. The start up process could be a little more efficient but it's been keeping me entertained. (That there's an ad-free version in the first place adds to the almost flawless functionallity in making this app better than the Solitaire game I started out with when I first got my tablet.) Finally! I won three (random draw) games in a row. (And I've done that a ""few"" times since then.) The only thing ""unrealistic"" about the game is that computers generally do a much better job of randomly mixing cards than people. Keep the winter themes as an option when winter goes away. I'm seeing nothing at all ""off"" or weird about the card shuffling. I just won four random draw games in a row. Well, it's six in a row now. (The probability of winning a (hard) guaranteed winnable game is actually lower than that of winning a random deal one. The guaranteed winnable deals would be better if they weren't separated into difficulty levels. The difficulty level should be random.)",5,14,1.351,2018-02-01 19:50:10,,
gp:AOqpTOHcFM_5jWBb2zTPkA5zlDNLi9uKzj3EhKFte-dY9hAXTaKvO-oCmEO5u6OyyhBo8D_YClnBT-VKZhKsoyY,Kimberly Silva,https://play-lh.googleusercontent.com/a-/AOh14GjKPxBnOCyaQnkvO6ymkjaoBqFue_R57AM0cuC2zsk,I paid for this and it has not been on my phone yet !!! What's up with that ? How do I get my money back ??!!,2,0,,2017-09-12 18:13:24,"If you have trouble downloading the app, please check there is enough free memory, restart the device or search for an error message if there is one. Sorry, download is managed by Google, not us, so we have no control over it but if you still can't get the app to install, please contact support@aifactory.co.uk for a refund.",2017-09-13 01:12:04
gp:AOqpTOEenBTPGl692M-nfm6oAQvp4ppMcxBgmX2O-E7jwpWdg5uU5CEOkzdRLPU9tk2vigQf12bDHYJ5Li3jm1k,Stan Cardiff,https://play-lh.googleusercontent.com/-czSgE2tLQRU/AAAAAAAAAAI/AAAAAAAAAAA/AMZuucmZgBtg3ZJM-0Fdt6ky1fbEJUAdIQ/photo.jpg,Very Good Game To Play.,5,3,1.351,2017-08-19 12:21:17,,
gp:AOqpTOEoB0_5WcBsvx_DKDfhqZYVuJ9XDROfbUNQoVpLeM_3Xn29ppONmoZ1rLIbbCWU6CgsRoIHr5bid9s35H8,Robert Smith,https://play-lh.googleusercontent.com/a-/AOh14Gi6p3zNFtS9R_Jy8pvCrwNkHTP4aA9iMOHj7MOxtyE,"Love the app, and really Gold Star customer service! I had resolution within an hour.",5,1,1.351,2017-08-10 05:01:35,,
gp:AOqpTOHVrleLz9_-lem7M1sHxL--t1je6Q1FF_D0AAw1Q-AarN-JpHGzSdjuTEs-BMAZiEqW16yHTnean7ISIGc,A Google user,https://play-lh.googleusercontent.com/EGemoI2NTXmTsBVtJqk8jxF9rh8ApRWfsIMQSt2uE4OcpQqbFu7f7NbTK05lx80nuSijCz7sc3a277R67g,"I have been playing this for several months (3 card draw) and the difficulty level is fairly pointless. Easy deals are regularly dealt on hard and vice versa. When compared to other games, the hint option is incredibly simplistic and can’t even determine no further moves are available. I understand you might be a small company, but 5000-10000 sales surely merits a fix for these core functions? Far less important, but it would also be nice to allow quitting the app at the congratulations graphic.  Edit (after reply) You have 31 apps to look after and there hasn’t been an update for this one for nearly 8 months… even then it was a festive theme pack :/",3,7,1.351,2017-07-05 14:59:07,"Thank you for your review. Difficulty levels are only a guide and different human play styles may find some cpu puzzle styles easier than others. We have added your other suggestions for consideration on our to-do list, however as we're a very small team with lots of apps to look after we can't say how long it might take to assess any work.",2017-07-06 01:20:45
gp:AOqpTOEjix4iLU1svO0T9mzFDpqxF-WHk3wlRh32z3RsHZ7m1Ht_PxK7JkigOkDg9L4eaVFEJ9DLe8s-oOKiiKQ,robin drew,https://play-lh.googleusercontent.com/a-/AOh14GiaTEVVQtqX04721iFzbOQBY8DgTI4wbwo9vHV2Ieg,"This game was my absolute favorite! Now when I play it, the first 12+ deals give me nothing I can use. Its become a HUGE waste of time. What a shame!",1,1,,2017-04-28 23:01:02,"We're sorry you're having bad luck with deals at the moment. Have you tried the different deals – random, easy, medium and hard? To try these, please tap the card deck icon. All except random can definitely be solved.",2017-05-02 03:40:27
gp:AOqpTOExybeVFbfgv7Kehfys9b7rYYCohuqszvMlR7bG98nqucSaWzM71oNAK6dHqeZ2CUK8FUwLZX29NwWBEw4,O H,https://play-lh.googleusercontent.com/a-/AOh14GjYrVUPb-jyYeRPoOprvaRvf_pRhurW5yuvlJuWqw,"Like other solitaire games something is definitely off with the shuffling algorithm. You easily find yourself going through the same patterns of card dealing. Thought it was great at first because of the beautiful design and multiple settings, but turned out disappointing.",2,12,1.351,2016-12-29 12:48:18,"Thank you for your thoughts. Random and Vegas deals are completely random, determined by a random number generator based on your device time in milliseconds. Easy, Medium and Hard deals are selected randomly from a large number of puzzles with solutions.",2017-07-06 01:18:36
gp:AOqpTOFohN9TNI1o6xD1sOe7J3JPylPbtVCOwmgGtDvNMLa9Lfz9iv1Tf6fEfLBjwROmGxAhc_M31F8yvbUnFYE,dana chapman,https://play-lh.googleusercontent.com/a-/AOh14GiRP1xkOOL2lGyETsN3hzOc1SxrT2Bp2DvVo4se,Easy play.  Love the scoreboard for seeing progress.,5,2,1.351,2016-12-16 19:14:26,,
gp:AOqpTOGBfozuT4r4xJdlSoJJu6yO3SBTRT2Hxq250nytIoTQly_NliB47BLW8WzZPkzmVl_TTTzWjKEzW_JA_lE,Diana Whelan,https://play-lh.googleusercontent.com/-iJczcA2I-Eo/AAAAAAAAAAI/AAAAAAAAAAA/AMZuucm432GJ-Nnvmbek51txZymxnFbLgA/photo.jpg,Play this most days. Loving the winter themes. Thank you ☺,5,4,1.351,2016-12-08 12:25:34,,
gp:AOqpTOGl1PUWqDHAyObKyjn7f42Nt58ybVQU_p0B910RUD_f5EVBZyUYnB0zQNFPEQoE6rMiaIyjMvn1vd4thvU,Cliff Young,https://play-lh.googleusercontent.com/-1IdMIkhUt1s/AAAAAAAAAAI/AAAAAAAAAAA/AMZuuck0kVfqpCRGSoPpRAG5G8Qgw_5CQg/photo.jpg,"Just ( 1 ) flaw that i've have come across. Regardless of what diffulculty setting you may have set. There are games that come across, that there is no solution. So instead of constantly showing that you need to keep drawing from the deck, if any cards are availible, why can't the game acknowledge and show you that there are no plausable moves. And just move on to play another game.  Fix this, and i'll give it five stars.",4,11,1.34,2016-10-29 12:26:01,"Thank you for your suggestion. You always have the option to undo moves and retry, so ending the game may not be appropriate. We have added your suggestion for consideration on our to-do list but we are a very small, very busy team so cannot give a timeline for assessing this.",2016-10-31 04:00:49
gp:AOqpTOFJvY681f6JgI6guchdwGU0DAN_R3K77hNQGMIMrBkNfg0HQkIlV04fAcybv3V9e7tWit1dseF5DLdG4NM,Mike H,https://play-lh.googleusercontent.com/a-/AOh14GidVvpSPOg4cS5sZpcGXQwRt__CJSSsITI_VGxVCQ,I like the lack of permissions.,4,6,1.34,2016-09-04 18:08:53,,
gp:AOqpTOHesajsqV6S_9FvORCE8EBX7IKE2H-Wxz3EpwprL97pb65229e7qzsZyHsQKY0h4jhy1x-UUl2uKCXIo1s,Nikolaos G,https://play-lh.googleusercontent.com/a-/AOh14Gg0NOb_S41Ruupp2OWXXrpcfHey40Hvmt3KtT8Ogw,AI Factory's version of this classic is one of the most elegant without distracting gimmicks and annoying ads. Couldn't ask for more.,5,0,1.302,2016-07-07 10:50:33,,
gp:AOqpTOFCYRXBRuukjObsFPHouNMwI-w-kwqKm2T5d3HUl7Al_XJmrmW8IGoR7jcUffSEEb6YU4gJU8vRIoWJhBw,Barry McClung,https://play-lh.googleusercontent.com/a-/AOh14GiNOiCZSfBIbhzkT4Q2tJq1a8ES5V5IXrKF7jt0Kcw,"I was loving this app because it comes in handy to kill time. But it has developed an odd problem: it will no longer register games won. On medium, I got a win streak to 933 games, and it stopped registering subsequent victories, almost like the AI is pouting in the corner and stamping its' feet. So, I switched to the hard level of difficulty, immediately won two, and saved and exited. When I came back later, the wins had been erased. This problem never occurred before. Bad show, guys.",2,2,1.302,2016-06-30 09:14:15,We’re sorry you're experiencing problems with the app. Please contact support@aifactory.co.uk so we can get some more details.,2016-07-01 00:55:14
gp:AOqpTOE5P6Eii0BBXQ8fk74nYiPKaGCoYmp7DJnWDmlkoUlLk2QS3PsGUhZ-Vr1zBDuSJmZwGkGA-5fIEOIL2cw,Terry Willard,https://play-lh.googleusercontent.com/a-/AOh14GjGQ-dSYj04I7jZajDcIQAgeiVisJBN2jk87loxjA,"Like the game a lot. But why the difficulty levels. When you deal the cards, you deal the same way every time.  I've noticed the cards are not really random as it would be if I were actually dealing.",4,1,1.302,2016-06-11 16:13:59,Thank you for the feedback. We classified some different deals as easy/medium/hard so that players can have some choice of difficulty if they feel like an easier game or more of a challenge at any time. There is also a random setting where games may not necessarily be solvable.,2016-06-13 03:40:34
gp:AOqpTOFtGGFBY4eQodbY8nXKX8uPA8RHxt7bJOiG_P5gQ5vqd8pc7zfuA2GB4mjwaOzVLEsxCzzSg23GNMHlpls,A Google user,https://play-lh.googleusercontent.com/EGemoI2NTXmTsBVtJqk8jxF9rh8ApRWfsIMQSt2uE4OcpQqbFu7f7NbTK05lx80nuSijCz7sc3a277R67g,"This is one of the apps which are standard across all my devices, just love it",5,1,1.302,2016-05-13 07:10:26,,
gp:AOqpTOEgApT3rW5rjF7rNUTH9izfOS8nKkfQocUASZYGvlt09f7IMUrjMbaA3rBC_55nWYgtqjul4O8bTJVQssE,Brian Berg,https://play-lh.googleusercontent.com/-6f1TXcUL4Cg/AAAAAAAAAAI/AAAAAAAAAAA/AMZuuclR0cTBcS3O3qSexL7vHu45VLcfcw/photo.jpg,Never before have I played Solitaire and lost so many consecutive games (Random/Standard). There aren't difficulty levels in Solitaire. There are just shuffles and deals. It seems as if the deck is always stacked. An update to reality would be nice.,2,1,1.302,2016-05-13 02:47:19,"Thank you for your input. Random deals are not guaranteed to be solvable and some simply can't be won. There are difficulty levels because some deals are easier to solve than others but of course this is only a guide as different people use different strategies. Please try Easy, Medium or Hard for guaranteed solvable puzzles.",2016-05-16 04:33:48
gp:AOqpTOEXIt_VEqepDYTRPZiMw1x4zJadeSSYnt4tqv7rugJHZssE7v1xFrIMoNaM9eS_Q7FsPPqhMbttfX4ejQ8,David Carroll,https://play-lh.googleusercontent.com/-KYoAPCsg128/AAAAAAAAAAI/AAAAAAAAAAA/AMZuucmEZ4_4T4lutpNbG_mtJ_V8K1fwDw/photo.jpg,"I have several apps from AI Factory, and I love them all. Solitaire, like all of their other apps that I have, is well put together and very playable.",5,0,1.302,2016-03-29 08:56:28,,
gp:AOqpTOGZ80X4-WyNAEWxY9knIJX48re9Mx2cchD9OYC3BUge62lSaLbAnJ0JWY47XiQHMGvjg609K98JtRMksGo,Cookie,https://play-lh.googleusercontent.com/-NDPNNcvmKJM/AAAAAAAAAAI/AAAAAAAAAAA/AMZuuckUVfuC-GvYCO60_hn5ryQmbEq-xA/photo.jpg,I love the artwork and the colors. I love how it works. So pleasant!,5,2,1.302,2016-03-21 05:55:22,,
gp:AOqpTOHp9iwtioDz7NYQSdeUwsyQp-oJdbUBgbDlolyD_xXfCu4bMGdVqx6A3khmLvUk0a3_ZwrUpqV3GcSxJjs,Stewart Nuttall,https://play-lh.googleusercontent.com/a-/AOh14Gi2bMZOYCyGJMhO3RtI8LGkP1ook-B4IYuCS29z_w,"Great ad free game, thanks for telling me about it",5,0,1.302,2016-03-14 08:34:47,,
gp:AOqpTOH0J7FLUa_n5tbuCtmwVcsuDagXLw9K8xfZWdErb268cfxovzjTeZLDNiGx0tm-1qSPZ9R3FQWVcLYh4vQ,Drakov I,https://play-lh.googleusercontent.com/a-/AOh14GgAczH90nQh3c7KbIdbUeraihngo8HRC8CZY5y3uQ,"The easy level is hardly easy.  If it was a poker would be better, cause gives the same numbers and colors way too often.  I think the developer is using the ""difficulty levels"" to get people but in reality all levels are the same.",2,2,1.302,2016-02-19 18:54:08,We're sorry if you're having an unlucky streak of deals. Deals are organised into levels to help players find their own level and enjoy the game but it may be that certain set ups don't suit your style of play. Hopefully you'll find easier deals with more play.,2016-02-22 03:41:38
gp:AOqpTOF94mHifKZ5jIVSYIkRFFzfE70k7PcC02gtHWtgMNhTaxjxnb_VNbxR7rqOTbajXPwiuQzZ84wdHZxPcnI,Alison Warner-Smith,https://play-lh.googleusercontent.com/a-/AOh14Gj0f_8SW-EQ2OFwC1r-IEXwBPntBOw14tE255Ya,"I love it. It's the best way to kill time.  However, today I have had my first problem. The cards won't turn over on the deck, although every time I try to turn over a card, the number of moves increases. The cards will move between rows no problem. My current win streak is around 1960 games. I don't want to have to restart. Could you fix this please? Thank you!",5,0,,2016-01-29 14:03:51,We’re sorry you're experiencing problems. This is not an issue we've seen during testing here. Please try restarting your device or contact support@aifactory.co.uk so we can get some more details.,2016-02-01 04:04:20
gp:AOqpTOFl9zzUQcO0r-LADYz-nzcaqSjnb1GUTec7dX7EPQeNM1BKiMXHTVqSjEl_y2w69Rdsk5FVyjg2Uthf9C8,Anne Alphonso,https://play-lh.googleusercontent.com/-uK-vW9FoTRg/AAAAAAAAAAI/AAAAAAAAAAA/AMZuucn3AtVUS9EQWDy5a24RThBtC_Ww4w/photo.jpg,"Thank you for telling me about the ad free version. Totally worth the money, great app. Will get other games from you.",5,3,1.301,2016-01-28 20:19:05,,
gp:AOqpTOGbn2VjJhsgDV5MqK3lpQo99aIY7K7rXMPZ7iema8x-lqerqlqnRWQa5_S9urecfV_YMYiqgM0YDRfgGSY,Grant Strange,https://play-lh.googleusercontent.com/-MYyRqoVRD98/AAAAAAAAAAI/AAAAAAAAAAA/AMZuucmBTMtdfkK6BvUvQtMr7JvfiBWp_A/photo.jpg,Oil Painter/Airtist,5,1,1.301,2016-01-08 15:17:07,,
gp:AOqpTOG0Dbux6c-RwjeqQf9krnG82rctPVpuQguj6vrqZRzSrOQW8fa2D4b2oWJKoM6LMFbVAQ66XCXD75AA__E,Nigel Morton,https://play-lh.googleusercontent.com/a-/AOh14GiHu9X4BBNmCC0WlioZhHAr_Y539O8_yDTJzPQKqg,"I tried many solitaire games, all of which had flaws. This one stands head and shoulders above the others I tried so I've stopped looking and paid the very reasonable amount for the ad-free version.",5,1,1.301,2015-12-04 02:47:44,,
gp:AOqpTOFEqSZ4zfbEraK4tZuc8k3unftv-Nu4eLQgmJgqL1LPkCXBo7YcluyDR4I7zU5SsG6gAGEvwQIB-x9KInA,Brenda Watzin,https://play-lh.googleusercontent.com/a-/AOh14GhDIkL3ZNZL5KPVCgN6P4DrQtINiODmYNTsu6bGUg,Love the large card font size and is easy to use,5,0,1.301,2015-12-03 21:01:56,,
gp:AOqpTOHETN_-pE560PTpZCa31Kmjn6yvfUnnztq2Al1HrnW1HB_EsLyB25KCJ4j0okpkw9vaPjKkmOcdHI8CVuA,Elizabeth Lucas,https://play-lh.googleusercontent.com/-b_zIpSXbEPg/AAAAAAAAAAI/AAAAAAAAAAA/AMZuucmMTnuFlh4QFruw_0-epiPFOOptCg/photo.jpg,Beautifully made and lovely to play.,5,1,1.3,2015-10-23 15:34:32,,
gp:AOqpTOHL-Flw13Wt2lpr-fF2EKjY4tKMZcChz41gdASO0ZC6PCR9oNffw1EzFI-MzEkniAhaNEoejN4lhH5OaSY,Coffee Yeen,https://play-lh.googleusercontent.com/a-/AOh14GhoK69kW_QpQzKdAGlwdAAltekq54AfP5vjoLqa3w,"I've tried a few different solitare games by different developers on Android, and this one is by far the best. It's a fun, stable, and polished game with pleasing graphics and all the essential settings. At $0.99, the paid version is highly recommended to get rid of the annoying ads. Great app!",5,1,1.3,2015-10-09 06:15:56,,
gp:AOqpTOGP_VU8cKUfFS-7HBjlhpqHv9y65CGknMPSbItZ1HT6B8sDedIKVuJmnAqtOiNJg3DVZ1-_4YpzjAVTAMk,Julieanne Mounsey,https://play-lh.googleusercontent.com/a-/AOh14GgbCWfwnAw-AC7QzGw2nh6pQITjUfbvOoYk-kQa,Lots of fun.I play to relax and find this very absorbing.,4,1,1.26,2015-09-15 01:56:11,,
gp:AOqpTOE6Bo_GOMCWwVEkj7fGkpTGdBVY2AUp8GiVHb1-OI7MHNa1AcYVld9Gvsln1plHTfxc11Po0CqLl3NgsTg,Nancy Perkins,https://play-lh.googleusercontent.com/a-/AOh14GhAGii15abpNndKiut4676nDY7N7exa1adxDwkaRw,Definately worth it. In use it on both my phone and my tablet. I like having my own cards and background. And with the games app installed I was able to keep all my scores and achievements when I upgraded to the paid version.,5,0,,2015-02-09 17:02:44,,
gp:AOqpTOHim3Krk0UsRoT6ks9JLVDo_7IxgjaHbkw5kx4vlw_DupcFpbN3BbqN8zcgZHzL6d7mVOMFdmx4w-48RSg,Denis Evangelou,https://play-lh.googleusercontent.com/a-/AOh14Gi1JoBGO-uXodQvpsMVUeibx8Cy77Rmj7i6yjMGMQ,You listened :-),5,0,1.242,2014-12-09 20:42:04,,
gp:AOqpTOGb9To_iNPGzI5oIDJmX-IolXPt1XRtNLKW-Yqh-A4zmOY7FYrc_RoBdJESVMBLMS28TuhdGePkFHAnF48,jimbo finesse,https://play-lh.googleusercontent.com/a-/AOh14GirBVCoL9VecEtCSfZEFc7jEiAr_ORXmihnh880Ew,I like this app. It's easy to customize the rules to how I am used to playing and the game play itself is very smooth. AI Factory makes really great apps!!!,5,1,1.242,2014-09-06 10:40:11,,
gp:AOqpTOGhsGutmLVH_1umufrVoCyy9-VM6OjadI4LJEvvlc70tzTrphSXiTdsGU-hJ05ohAGxiBT8rZpjTvBuouI,Ben Fox,https://play-lh.googleusercontent.com/a-/AOh14Ggm0MVgdf0wgbXrQG4EuYxt9lAt2NovnDG4u1Qs,"Easy flow menu, great time passer.  Keeps the mind pumping...",5,0,1.241,2014-08-15 18:32:41,,
gp:AOqpTOG5pLhzIU_VjruvK4DGSMhfvflXxx6ZNamyokTJeOrV76du1eRTltSAvzlqSPd1OSdI70bAZznGNd1VWa4,A Google user,https://play-lh.googleusercontent.com/EGemoI2NTXmTsBVtJqk8jxF9rh8ApRWfsIMQSt2uE4OcpQqbFu7f7NbTK05lx80nuSijCz7sc3a277R67g,They don't get any better than this.,5,0,1.241,2014-06-09 04:00:42,,
gp:AOqpTOFTJTQFCZu11H1IUZJgw_d4rjzcd48ubixuWlv-nMT46kba8cQFER7u-pykTIRHU7v1FCxQo3afHf55OBs,Barry Smith,https://play-lh.googleusercontent.com/a-/AOh14Ghs_8ooMnjvJpMpRSt4c6jdHuN8k2c4Lt5glXKNUQ,Excellent well designed game,5,0,1.241,2014-05-19 01:30:41,,
gp:AOqpTOF-q6n0kxTBVeJjUQhF9ftkLbqaVg6Bx4SLF_4HxNHNjArjwdWmLt3JV_GGIccSmUqH0GrVA5Ps-4u03ho,Anteo Petkovic,https://play-lh.googleusercontent.com/a-/AOh14Gj7ptDZk0Mxag2WZNPWVI4bOBgBiI6OLjHIdWpHRA,"Everything these developers do is WELL worth the money. If you find yourself using this app daily as I do, support the team. 5/5",5,1,1.241,2014-05-13 11:15:54,,
gp:AOqpTOGRu4WTNu7E68NmXExePERMtyN-4tiSiIozBAR8DHSGn9nKLeUz3oMMj1e4XBClix3xl217Fm8mCCluH8E,Julie Wills,https://play-lh.googleusercontent.com/a-/AOh14Gi7vVpaNF1SwahQDw82EvRQ64yK6XZHNzyhVIccvDc,Definitely my favourite of the solitaire games available,4,1,1.241,2014-04-12 03:38:23,,
gp:AOqpTOGouqAdABuJ4-Vq4LOXXbPFv70UqphLPiXMeQ86DsfPmkMZMUUioqZXqrh4BBwhLUy2QZA-Tv4dnpPRPQc,Tyler Wintringham,https://play-lh.googleusercontent.com/a-/AOh14GjPM-bYK08FJ8paG7ax5p4Olm7ofGYzHyJ_FG4_bQ,"Seriously, get the paid version.",5,1,1.241,2014-03-22 10:17:19,,
gp:AOqpTOEaqKzdcbTYnJuDsf4OXLEZhGlncIyVw9CuHW9nXxVNpAFN65OSbVNYVi7FqW_1OlH_EZuioznUe3SKU_U,Derek Walter,https://play-lh.googleusercontent.com/-9aImmU0syQY/AAAAAAAAAAI/AAAAAAACR9w/AMZuuckHAEvJ5Hjg7Y5YdgDFBNbHYHV4og/photo.jpg,Developer does excellent work.,5,0,1.24,2014-02-17 17:01:35,,
gp:AOqpTOGYEIbt5iJpixzRx4I88ZK2OUNwqCplgveiCOiHna0U3Y1SmW48luczNnqcd1adQrwZAC8fOMJnX0Akmaw,Jed Bowser,https://play-lh.googleusercontent.com/a-/AOh14GiHQc3xovY4TLkdLdNKvbMAPfj19Ebrh4bGWrySSA,Easy to set up and plays just the way I was hoping it wood. B-) and no data use from the App :),5,0,1.24,2014-01-28 10:29:32,,
gp:AOqpTOEg2xJHI1kRCqyTwmZt8MQIU_uS7NB7hVbIM0GhAtPXA0YrWQwM3Y7XigQleoPLV85sVaEe6rkbCBPQcuM,Carol Voisard,https://play-lh.googleusercontent.com/a-/AOh14GjAy9nmY09enbB4abpKcotK1f6JwAs7mEoTGIPp8A,The best!!!!,5,0,1.22,2013-11-30 23:23:17,,
gp:AOqpTOFXkVvlFwUoXbGmWEC4YX_-F5HHVyMvhHSs0066lE7oUaySwjqLj_hCR1-3EDK_pzMUQ5G20i827JS6Y00,James Melby,https://play-lh.googleusercontent.com/-xWt74oliRgk/AAAAAAAAAAI/AAAAAAAAAAA/AMZuucn16pvz9zHLkWPUkRootugltCFKsw/photo.jpg,"Awesome game. free version was so good, I bought paid version just to show support. As with all AI Factory games, lots of options so game play is always just the way the user wants it.",5,0,1.211,2013-11-15 13:00:37,,
gp:AOqpTOFVJNe_aCrDD7orqReCl_WvZ_6ADETT9USX8BvpqoEk4NjGsprwRat3KoYl4BeNKph_vbsEtmK3QNyMR3I,Carmen Notto,https://play-lh.googleusercontent.com/a-/AOh14Gh9XZzFmHCPIxDDmgPjiQcR_wH9_LvlZE9D0LFdPA,Easy to use thanks,5,1,1.121,2013-10-14 20:50:01,,
gp:AOqpTOE8B4thkcO3_1IaTTi25u7mi82mbsoR4NIRUSVKwtZLBkeQaWmGg1mA7h-vXnsyYFTCWULWn4ns-vcyXmo,Donna Perry,https://play-lh.googleusercontent.com/a-/AOh14GjufeoAX5SntKeoS5a8kyJeyRzN0RvrSiyAa-1P-w,Absolutely worth the price.,5,0,1.12,2013-08-18 11:13:10,,
gp:AOqpTOFkKJtHhzb9eDRjLyVWKgRZDiZDAuHsJ3u9ZGQxO4UR30ihmje6TnVvJrKcNjx0vBfucZXjnMMS1NU5ups,Kurt Haacke,https://play-lh.googleusercontent.com/-C-QL93s22Bc/AAAAAAAAAAI/AAAAAAAAAAA/AMZuucmuwOgvvSVyj87caWV4o98B6o60Pg/photo.jpg,As are all of AI factories games.,5,0,1.12,2013-07-07 17:47:08,,
gp:AOqpTOGv3-UYjDx4CsOgED0x1JKbKTD6nRsyPPd0yx686j29NF6dyb-PFfCCYezk0G9R6EcjhdZVonaOAjEeunc,Arnie Carlson,https://play-lh.googleusercontent.com/a-/AOh14GiQoDQI0QVI-467enmapKx5a5tZul-4DvJ5WAc1YA,I love it. Ai Factory is the best.,5,1,1.11,2013-05-16 11:16:31,,
gp:AOqpTOE9Gq9d3Z3tRyRRPQ1qHGDZBzGjcGrquhT5sch-Oz0PsEDpnLPFBgmV47BeFnjIg5rnsQ_udOUXUNSEWZE,Jeff Love,https://play-lh.googleusercontent.com/a-/AOh14Gi2L-XWNl90vV1CdqCR4wt0md6Iz_Ggazt1YyWN,Look great on my Nexus 7!,5,1,1.0,2013-05-09 17:13:48,,
