reviewId,userName,userImage,content,score,thumbsUpCount,reviewCreatedVersion,at,replyContent,repliedAt
gp:AOqpTOGYCxLknZ9C6_Y5iLLLq8B9zhDMf2yvh0qUhGCbmBRoCcsuckTlhJhPzUl8BeZbY7H10D1eWPYxWNMWxg,Shannon G.,https://play-lh.googleusercontent.com/a-/AOh14GhR0_8iMOJQkJY5ppCRAn1HS10jsaQEe9RLujN30g,"My baby came at 34 weeks so I was unable to really use most parts of this app when my delivery had to be in a hospital instead of with my midwives at my birth center. The content is great, but the app functions need to be more optimized.",4,0,11.0,2021-02-09 05:24:24,,
gp:AOqpTOHtq3TwmaUsCHNemckR2qBjfym5WkMhz6kVT6--jSzIyzylWU5S3LkMDrV1KEv4dRtTwGKyu49t9FaVug,Christina Conway-Navarro,https://play-lh.googleusercontent.com/a-/AOh14GjOsZUDIfXtT3GmxQADbElfSM1Ixh8YoDiV_J7NBg,Wonderfully calming and helpful. Used throughout third trimester and while in the hospital. Helped me focus and remember that God is in control.,5,0,11.0,2021-02-04 19:30:49,,
gp:AOqpTOH5iw0Cb8goqpE-Fy05L8VJCE99OHR-yHM6axcHfAOrvP3uuyrq08Rf09dEN0oJwRf8RAF2mmXDNAzbNA,Caroline Mason,https://play-lh.googleusercontent.com/-T-SzIOeN9Q0/AAAAAAAAAAI/AAAAAAAAAAA/AMZuuclmhc1c99KjNMoy4mCcU5k_0NntNw/photo.jpg,"Brilliant CHRIST-centred app! Helps reduce fear and focus on GOD'S perfect plan for you and your baby. With audio scriptures, prayers, birth affirmation cards, blogs, videos, Facebook group, hospital list etc for pregnancy, labour, birth and beyond! (I'm 31 weeks pregnant with my second child, and highly recommend this)!",5,0,11.0,2021-02-01 19:38:54,,
gp:AOqpTOHf5iDnNshHUYo_uI3gCMQtp5lFGDffFC4rnP3zJtYia0jKBNqZSOqSs3lcX6sXpXqg4CgeBQ-nU3UUZg,Melissa Robles,https://play-lh.googleusercontent.com/a-/AOh14Gg7KR88BJ5YeBjfx1g00FBGjo0u9gPhp_ZB5CFtlw,I love this app. I used it in 2019 for baby number 5 and it worked for me. Now I am using it again for baby number 6. I definitely recommend!!,5,0,10.0,2021-01-23 21:16:07,,
gp:AOqpTOFG9SsqKt8ZugZheH6me4do5yGc7nbfIzX1cESRuu1SnDFyXPkbdZnxpF-UahM51cqd5FtVEYm12ok6dg,Jamie C.,https://play-lh.googleusercontent.com/-VXeHhR6S4zo/AAAAAAAAAAI/AAAAAAAAAAA/AMZuucm8T1LCULzeTer5yMyDsqvKDlA_Gw/photo.jpg,Love this app. I listen to it before bed. It relaxes me and helps me sleep! I pray it will have very similar effects during labor! Very calming voice.,5,0,11.0,2021-01-20 14:04:02,,
gp:AOqpTOGvt3cPUN8xmpthwP8zGpWShwnQTkcwkdVOoUrDslwwfPW3tCvdaD5jqh7BkiJigCtcZROQLCNsmQgMAA,Caela Marais,https://play-lh.googleusercontent.com/a-/AOh14GgtVZFJ_ChwRrBVRaCqgiwzSjUu-R9WnQw4Lq9Bsw,"Wonderful, helpful app. Would recommend it! Love it",5,0,11.0,2021-01-20 12:32:53,,
gp:AOqpTOHy5tXLmO249gpM8aqDW_E7Z4BXP2zNCwHmQSKJqfPFe40yyOY-8-wLxfPnG_GhB6czxgV2_aV412vLrA,Bianca Erasmus,https://play-lh.googleusercontent.com/a-/AOh14GhH0k9Y_kkNj5zkPd6oU2OWh0OunkTABJEioCL5,"I joined an online hypnobirthing course at 20 weeks, but really wanted more than just believing in myself.. as I know I can only ever do anything through God. I found this app and truly it has made all the difference. I am not scared of what is to come and love all the scriptures the strength prayer... looking forward to welcoming my baby girl into this world with the help of the Album.",5,0,11.0,2021-01-19 23:02:16,,
gp:AOqpTOHynb_LRoR7q4UD5FBNyugic8Sl19BZGTCcwbqbuZqVMeEN3Fqfzl_PWPpxTQzNHKPoe_hANkLUzFctVA,Christine Lui,https://play-lh.googleusercontent.com/a-/AOh14Ghv0Zo8onErlPJ6LDJTaVb5dZJRl4fvwKa2DoiijqU,"Love the positive information on this app, I especially benefit from the meditation clips.",5,0,11.0,2021-01-19 21:26:12,,
gp:AOqpTOGJwHzLSkNlKrzIv-Pa_cb2M6rescXzzPNyGCLMKmlBN1lPY6EFlaXwW-GB2H9Em-cDqGJ4DWq_HbKroQ,Hannah Irene,https://play-lh.googleusercontent.com/-0FSuNL5OIKU/AAAAAAAAAAI/AAAAAAAAAAA/AMZuucl32KNl7kQQpuOKMYsuBNEJjGDJHg/photo.jpg,I am currently in my third trimester and love this app. It has helped me get into a much calmer state of mind as my due date approaches.,5,0,11.0,2021-01-19 10:54:41,,
gp:AOqpTOGHUNkVuuMJNm8gfulKfpFd6pFgZhpgkI_EA3HV2AQUooB34dsbJChIyTOfxFUmH0xaGFR6OF-LqE_CEw,Carolina Bermudez,https://play-lh.googleusercontent.com/a-/AOh14Ghc2QssfI2kYZAKF_1WhC8iNdMVjbZwbbsvQOPfOw,"Loving this app so far! It is helping me get in a good mental space before my birth, reminds me of biblical truth and affirmations, and helps me relax. Looking forward to using it during my birth. Thank you for such a great resource!",5,0,11.0,2021-01-12 05:02:46,,
gp:AOqpTOF19dNfxJPKjMK995BnMkuCYgF4wyerZ_D9-NX18LpwAKrvnsY0b5cukH0Po8v9er2hnUgaKB2JxHHcHA,Angela Imai,https://play-lh.googleusercontent.com/-B-HI9dzsabI/AAAAAAAAAAI/AAAAAAAAAUU/AMZuuckUXy8_Gg4gRqBtqoKHbzy6hk8m4w/photo.jpg,"I am thankful for this app and the positive ways it's helping me prepare for birth. Even without labor and birth in mind, the Scripture meditation is very wondeful!",5,0,11.0,2021-01-07 17:04:47,,
gp:AOqpTOGh8at6YqWIl4pJdE_Jcx4at_TfbtyvmyQKqIlwsL6xLNktYY3Dhm2ML1XXIDbGk6cq2asC5lQvlQvd7Q,Sarah Gommesen,https://play-lh.googleusercontent.com/-Y3TIES-xjXc/AAAAAAAAAAI/AAAAAAAAAAA/AMZuucniv7yVICCesshXPvc0A-vVM36xsQ/photo.jpg,"I really like the scripture and positive birth affirmations. I started using it at 33 weeks to help prepare me mentally, emotionally, and spiritually for labor. Thank you!",5,0,11.0,2021-01-05 19:11:54,,
gp:AOqpTOFm0i1Yh8HRbeg3Wp7SQemGuE0-3DPH6BXE-tbyI9Q-NfbWwYThfuSSfDAhtZxwDGk8EfvvsmIWMSTz3w,Bunny Business,https://play-lh.googleusercontent.com/a-/AOh14GgOnOd6Q-zxKFXkrp_ORPDxW5MGDMglf4kSkggY,"This app was a game changer for me. I used traditional hypnobirthing prior to hearing about it, but was missing the Christian aspect. A friend in a Mommy group recommended it to me and I used it during my labor with baby #6. It was such a beautiful experience and I tell every expecting Mama I know about it!",5,0,,2021-01-05 05:32:51,,
gp:AOqpTOFIhpgC4S59QX_WrzLvwxR6ldSO2idJ7B-e0bJh1J8PpvXljtiTMw4Uw80z4RheVuxfYlHDsxu7yb39tw,Rebecca Mullikin-Davis,https://play-lh.googleusercontent.com/a-/AOh14GhlFgfRrhAoKE1kkCDAaj0ijN-sk_Y2mXh3eWFVkQ,"The app is very easy to use and read. I felt very safe using the messages in the app - it was very sound - nothing that felt off or alarming to me, and I'm very very conservative with what I expose my mind to. Always use discernment with any philosophy you are learning about - but for me - so far so good.",5,2,11.0,2021-01-04 07:23:59,,
gp:AOqpTOFqlYt10HRFiNAtjHLojIkLcTIkNDrJskP2_607kke0SjrOBWEo5fCuGzDxicY9lCB6XcbvFIz5iADYJw,Ema Latuhoi,https://play-lh.googleusercontent.com/-FTGEgD-DclY/AAAAAAAAAAI/AAAAAAAAAAA/AMZuuclchz4njsNxHlaspQY5kh3LlMhZOQ/photo.jpg,"Never have come across such an amazing app, tracks and info has helped me throughout my pregnancy journey, highly recommend!",5,0,11.0,2020-12-31 06:05:16,,
gp:AOqpTOEXPaEc9Q-yY7asW1OUvWtpIaTqlLVq-155-MQuv8pvkPy_2jBPsy-d_h1KxqjdnGiz0F7GW3hT0q7Cgw,Danie Tiplady,https://play-lh.googleusercontent.com/-p2ULqorXRek/AAAAAAAAAAI/AAAAAAAAAAA/AMZuucmFu9wVHR-7F0dJjWWINx0a6bkwVg/photo.jpg,So happy to have found this! I have taken a hypnobirthing class before and there was so much in the class that contradicts my faith as a Catholic. I just downloaded this app today and am looking forward to working through the scripts.,4,0,11.0,2020-12-17 10:52:37,,
gp:AOqpTOHbVvlqJuw__fnbMZ_Qgp-yHajQIVH8t_5FRLCCMFQ860ZkJFOLMsJ2MxGQyKyaR4791y2YNGKMrTqUyQ,orangeflaherty,https://play-lh.googleusercontent.com/-8UlcSvLBJd0/AAAAAAAAAAI/AAAAAAAAAAA/AMZuucnoef7MY1VGY87ElPy5lxAgJ7n3HQ/photo.jpg,This is a beautiful app. It is a wonderful tool for birth preperation.,5,0,11.0,2020-12-16 15:51:22,,
gp:AOqpTOEH4VawhU1ZWs3U__mADSQy_NSEvw7qUHBwWHrH-Iu_HnuVbb9N8eR4L2qvkEG4Fo7e4z-4p_zJB51qNw,Monika Surma,https://play-lh.googleusercontent.com/-QfeaZ2ygh7Y/AAAAAAAAAAI/AAAAAAAAAAA/AMZuuckQgfaNZF6hpp1uEj9_0eg7C6RDVg/photo.jpg,"Very little material to listen, disappointed",1,0,11.0,2020-12-15 12:45:10,"Hi Monika, sorry you’re disappointed. Our app has almost an hour of breathing exercises, affirmations, encouraging scriptures and more, for just over $5... so I’m not really sure what you were expecting? We appreciate your feedback though and will work to add more tracks in the coming year. God bless and Happy Christmas!",2020-12-15 23:50:19
gp:AOqpTOHZbcRy7IWlH6M45vdiZHIZQ04wbv-RceUtkfoHVyCSqNl4F4Q9S7NvnelWaikUaVgYzTggl19MP_KB9A,Charlotte Barton,https://play-lh.googleusercontent.com/-39ArYIwa2oQ/AAAAAAAAAAI/AAAAAAAAAAA/AMZuuclsOjI7li8sU7ZVzyHhUar52DMVkw/photo.jpg,"Really loving this app, helping me stay positive during my pregnancy and leaving my pregnancy in Gods hands.",5,0,11.0,2020-12-13 04:10:01,Thank you so much for this beautiful review Charlotte! We pray you have an amazing pregnancy and birth. God bless!,2020-12-15 23:51:17
gp:AOqpTOFc04cCAyp-rVjojpHPWc1ewE7u7fIyDeh6_7ahUffkgDR4N1PGPEbggcRFE_xsiTA6E97uyvrh5D4Fig,Jeana,https://play-lh.googleusercontent.com/a-/AOh14GgFshMCWUrSeTr4N9SP2_4CI1gQFjRhUvAUGxq6B3Y,I enjoy this app so much. I am using it along side the Gentle Birth App to prepare for my up coming birth. This is already helping me rest better and learn to get my mind and body into a deep state of relaxation. I'll let you know after the birth how it was during actually birthing but I know it surely will not hurt and bringing God into the center focus of anything is always good!,4,0,11.0,2020-12-03 02:17:20,Thank you for your review! So glad to hear you’re enjoying the app Jeana! We pray you have a beautiful birth experience. God bless you and your family.,2020-12-15 23:52:39
gp:AOqpTOFmB6LnZv5R4FhR8eefZMrtWXS720VLU_oIBVrqKWC66iHjhsmPor3f26OqJJfrlVaif-VR6maCQ7dSOA,Laura Berner,https://play-lh.googleusercontent.com/a-/AOh14GjXtDAPp1JLjqVA_acCzcZ4oJl6kXjwM9rrrwsYdA,I Love This app! It has helped bring me closer to God in so many ways and has helped with all my anxiety and fears. I love listening to the encouraging scripture! I would definitely recommend to anyone!!,5,0,11.0,2020-11-24 13:22:22,Thanks for this wonderful review Laura! We appreciate it so much. We pray you have an amazing birth. God bless!,2020-12-15 23:53:37
gp:AOqpTOHNuVQt-m9AKL_W77zYmRxjUKzMvhiNoLd49phrPaaTtGiB4vU6GXWmLfMwVETTE7mJ_t8YZnQNB98Ttw,Sherry Stanley,https://play-lh.googleusercontent.com/-LkG_bnmpX3w/AAAAAAAAAAI/AAAAAAAAAAA/AMZuuckYMo9cJ_q_U7t7SSZcrnf63mHIcQ/photo.jpg,"I really enjoyed using this app for my first pregnancy and now for my second! I love the scriptures incorporated into it. Definitely gets you in a positive, empowering mindset, which helped me mentally prepare for my births. Would recommend!",5,0,11.0,2020-11-23 21:37:13,"Thank you so much for this beautiful review! So grateful we were able to be a part of your first birth journey, and now your second as well! We pray you have a wonderful birth! If you’re interested in sharing your birth story with us on our blog please get in touch (info@christianhypnobirthing.com). God bless!",2020-12-15 23:55:42
gp:AOqpTOFqM2qIEqUhweGiVHq71bto4_z5gNNcsyqXTksfA_L1lnL1WguNQaq85EQlAJp5irlF0xZg-5CGqjoOyA,Ariael Simpson,https://play-lh.googleusercontent.com/a-/AOh14GgnabBbnUoyYB2WT4Bxusd14X0zeLFjyqpugpMXjg,This app has helped me tremendously with focusing on God and the natural process of birth. It is helping me to breathe through my contractions and rely on God for my strength. So grateful I found something like this for when labor is at its peak! 🙏🏽💖,5,0,11.0,2020-11-15 15:26:58,,
gp:AOqpTOHQRLHUsKm6cPZsjPVw3S5Hl-w9WSlCxNx1kOtKhWTDFVUMpV0psb7meyvA7fPLTTQsRqrNaww8kGirNA,Skye Zaccaro,https://play-lh.googleusercontent.com/a-/AOh14Gi9BXz8b2P5wt1i2DrlsXk_yT9dVW3nvsTXC08r,"Wonderful app- highly recommend!!! I'm 30 weeks pregnant, and I have been using the guided meditations to help prepare for the birth of not only my heart's wishes but an opportunity to connect deeply with Him! Thank you for making these amazing resources affordable and accessible! UPDATE: I had the unmedicated birth of my dreams thanks to God, prayers, support, and this app! I listened in the car on way to hospital, and it helped both me and hubby immensely!!",5,3,11.0,2020-11-14 15:44:31,,
gp:AOqpTOGDnx7vW1C2Gb7ldrpJ-kt1WB4B2N0cqmLtP15KY0H5YZ1LWuLcXCmkJSqXC5PjBPG6AikZsOelh3djQQ,Krista Matlock,https://play-lh.googleusercontent.com/-S0_CcLh8oSc/AAAAAAAAAAI/AAAAAAAAAAA/AMZuuckMIm8P86UHySuUIRWKkPKFD3wmCg/photo.jpg,Really love this app! It is simple and the audio tracks are fantastic!,5,0,11.0,2020-11-08 04:56:28,,
gp:AOqpTOGJpwxH8tfDsCOEZyhs5ZrrWlV78TXXHtybVydkWcAQhOe1GfA8doVm_3Y7oDacVbsSZ9ulFPHlGs_OFA,flying camel,https://play-lh.googleusercontent.com/-bRgwalOZyPQ/AAAAAAAAAAI/AAAAAAAAAAA/AMZuuclVdBhj2K5S-zmdHj9gm_KgXwSYRA/photo.jpg,Easy to use. I listen to the tracks everyday. Hope there can be more tracks uploaded!,5,0,11.0,2020-11-08 01:06:40,,
gp:AOqpTOHF0zuSKZb0VlPMYP9p6TCUGXtHIXG-Ltty9Rp3KrZp0jxzG25-TeOMy8n4vVHJTccDVKsCTLlGa-owog,Jacinta Lowe,https://play-lh.googleusercontent.com/-f4aqpCoD6qU/AAAAAAAAAAI/AAAAAAAAAAA/AMZuucnguQ6C2EK9REdflQBeTawr3lRRaQ/photo.jpg,Listened to these tracks basically every single night! Best birthing experiencing ever and now my little boy calms to the sound of the relaxation track. Amazing! I still listen to these tracks if I'm struggling to sleep or need something positive to boost my energy for the day.,4,0,11.0,2020-11-07 21:28:13,,
gp:AOqpTOH3xmEUpX1LVPcbzcscToKLd66qB58z-6uEQzmlZlBLmF1whpa0ACsEMma1NTKWmTQCtBRABXEHpSOd9A,Rebecca McKie,https://play-lh.googleusercontent.com/-E34ZP5n24ew/AAAAAAAAAAI/AAAAAAAAAAA/AMZuuck3eJjsFAKVY2Sje_vWf8VsGZIzQA/photo.jpg,Only been using this for one day but have found it so much better than just straight hypnobirthing apps. Love that the relaxations have a scripture focus.,5,0,11.0,2020-11-07 13:06:18,,
gp:AOqpTOE5XAT2gGSPhO92J0GTn_qLkg27EQF3NGWM196LaQj0fEQo6JY6iG5m_MPhh3ifyXgwG2Cii9t5xIMPuA,Liza Mbembe,https://play-lh.googleusercontent.com/a-/AOh14GiB5mzcUFYsx2EB4MOo9HHzlnO2z3-FdtmNxQMIAEY,It's helped me relax during my pregnancy.,4,0,11.0,2020-11-07 12:50:48,,
gp:AOqpTOGVS_miyWTo-W7t7SMwtov0YeZ9biqVH6twrPtblyiswUtk86CUwg3UE3wVmRIPfMkN-blwEAwQfTZC_Q,Casey Jessie Huband,https://play-lh.googleusercontent.com/-qzJ7ml44aGM/AAAAAAAAAAI/AAAAAAAAAAA/AMZuucmF6d8sXf00iv8gifPLYu8b12aaCg/photo.jpg,"Great app, loved listening to the scripture and positive affirmations to prepare for my birth",5,0,11.0,2020-11-07 12:19:07,,
gp:AOqpTOHAqQTcZ9SKggmtGsHsLkPAZnEvudveSbSMRXLzsswEqi1zQS8eWvvPh1jeFdtkul4xy-47tr6mmynzag,Frances Estela,https://play-lh.googleusercontent.com/a-/AOh14GjL5JenzVBOMp71Q7KKqwGMzCLslZ__U4PbdWUZfw,"soo helpful in calming my nerves & fear surrounding childbirth. i love being reminded that the Lord is for me & my baby, He is in control, & created my body to birth. thank you for such a wonderful resource! many blessings 🙏💙",5,0,11.0,2020-11-07 12:18:57,,
gp:AOqpTOHY0t_Uo22Kl6POEoHyMm9jvfdVwnSZfEEsSDMoiC9kXI78_cEcOMBz2qPYed3DAM77vk99RWWEyzTwIA,Kemi Okoruwe,https://play-lh.googleusercontent.com/a-/AOh14GhL6udgWrjlZKmnSEmmgqnME6Z3BIMZ5mXheQsqsQ,I listened to the bible verses in the weeks leading to my labour. It brought calmness and positivity to me especially in times when I was stressed due to the pandemic.,4,0,11.0,2020-11-07 12:18:31,,
gp:AOqpTOGgWSOYJ-4oPmgjqmTXqSrW13g3P-GJnibxGPSjmPrFafvJbafAwBK76DDqKrZrrTRB_p9loYeqRHQtyA,Tawny Lepagnol,https://play-lh.googleusercontent.com/-GdjCK7uwf6Q/AAAAAAAAAAI/AAAAAAAAAAA/AMZuucl_lED4dkE2C9XuhZ_zkhbrGu_SXg/photo.jpg,I'm glad to have access to a Christian based hynobirthing app! I'm looking forward to using for my birth!,5,0,11.0,2020-11-06 09:28:10,,
gp:AOqpTOFKTfp8Dc_kcQPSVKeMwQ1WeBTSzDURYPG84qqQ0EzGhHfWh76PPlvX5bk1oS8t-oq1K3gRP6Bytf19QQ,Renatie Gee,https://play-lh.googleusercontent.com/a-/AOh14GgmgT30Gp-nIQKM1vDVdvJaFXDbTA4Kn4K7-mem,Such a wonderful and easy to use app! Uplifting and faith building definitely thankful a friend recommended it to me. I'll be sure to tell others about it,5,0,11.0,2020-11-06 04:26:02,,
gp:AOqpTOE8F3z35UwmotlYgOWus4Gv1JjJ7N7broL5qQVYkmzXGYfZAgU8pEoxuL3Pjs1n6vY55X8jXdA2kd-2FQ,Brandon Bornes,https://play-lh.googleusercontent.com/-WXqTxPbF1j8/AAAAAAAAAAI/AAAAAAAAAAA/AMZuucl3tsEJ4-SVgCPGgZikEirQ4ZuW7w/photo.jpg,This app helped me so much when I was getting induced and wanted to connect with my body to focus on labor and delivery,5,0,11.0,2020-10-31 08:24:03,,
gp:AOqpTOH9Wn8MPv-M9vROoy0cR0llDk4SlHg1WHn-gQp9nKs4E3V2NCyypP1r01LxR3RUiVNAK_ifnjYu4L8yPw,Lea Fegley,https://play-lh.googleusercontent.com/a-/AOh14Gh2NQ1kYGyPluonAwpkV5aZok4rfEFxCEVKS9rm,"Perfect for me! I love the focus of Jesus through each track. The tracks are so soothing and perfect for winding down before bed, especially if you struggle with comfortable sleep during your pregnancy. You will get about 90 minutes of tracks to listen to for the one-time purchase.",5,0,11.0,2020-10-27 07:37:40,,
gp:AOqpTOEZnmuuIcNA1mQWIfeJcAnqlb9kBK9_m9xSqUKPcwufkkGanix2utp7yRSgbBgNNzbhVoLJ0vncURNocA,Kara Agyekum,https://play-lh.googleusercontent.com/a-/AOh14GjZ95PoGE62uiPzSVGsIPw65cZhEU7ekIC1F-Ez,Best app to help me prepare for labor and childbirth with my faith at the very center! Exactly what I need!!!,5,0,11.0,2020-10-17 14:01:25,,
gp:AOqpTOGdo-9CDW1QxyQO_AEBPd6P02FEXCUGveTn5Xk4qXuCv_51zgphhcCaoDUQGbcLlRWMhCoFt_5gum7IbQ,hildie tillotson,https://play-lh.googleusercontent.com/a-/AOh14Gi3EGH5Eoe-1-q-4nhMqWse8QueF-C5BUghpmA,I like this app. It's easy to use and helpful!,5,0,11.0,2020-10-11 19:05:10,,
gp:AOqpTOFNOdxQ0tD7HEcFhuOt7LBdDx6NuN7oZhDFpe6WVbvUnYUpaCnYrSZwDfaa7h8GIKIEop4HWjcK3tjnoQ,J. & B. Champneys,https://play-lh.googleusercontent.com/a-/AOh14GimTFTR2GZAK7p8tH5NoCea2dgiuF4yismDczp8Jw,Love this app - super easy to use and great info! I also like the downloadable tracks!,5,0,11.0,2020-10-06 19:47:32,Thank you so much for the wonderful feedback! We pray you have an amazing pregnancy and birth. Blessings!,2020-10-11 02:33:59
gp:AOqpTOFbk6WlrnFck5hvKIF5ZTKUuCWrhJ1Pip6X-HIq7_xV-HWoAN-NPJ2XBfnL4FZi10yy_oyAUkzATUA0rQ,Rebecca Cox,https://play-lh.googleusercontent.com/a-/AOh14GjJDefmpkkR30Pvk6SOANiOFfhDZ5h7U_BBz6c6,This is *exactly* what I was looking for. I'm enjoying listening to the tracks. They are helping me to focus without the new age self-focus aspect of typical hypnobirthing tracks. I feel like this is going to make ALL the difference with my second birth.,5,3,11.0,2020-10-02 06:44:01,Thank you so much for this wonderful feedback! So thrilled to hear that the spiritual aspect of the app means so much to you. We pray you have a blessed and wonderful birth!,2020-10-11 02:36:51
gp:AOqpTOEr6LSlEhhZWTSSZ0c6YfiVzJrK5wYpFsGxJG7ndmYy-qLCUdVaBEpllacNWnttQ_AW8eqbmBvGEYRQ-A,Alyssa Gilbert,https://play-lh.googleusercontent.com/-9axAhqs71UE/AAAAAAAAAAI/AAAAAAAAAAA/AMZuuclkA_DzzRO7DLUwWS0-V775r0xNaQ/photo.jpg,"Absolutelt love this app. I was on the fence with hypnobirthing since I feel hypnosis and the Christian faith don't mix. However, this is truly different. All the relaxation techniques without the spiritual vulnerability that can be brought on by hypnosis. All ""meditation"" is on scriptures and prayer and all of the ""affirmations"" are just scriptures/Biblical truths to help you maintain confidence in His design of the temple God has created for us as birthing women. Super cool!!",5,5,10.0,2020-09-29 10:34:20,Really thrilled to hear that you’ve been enjoying using the app! And particularly that the spiritual aspect has been so important to you. God bless!,2020-10-11 02:38:47
gp:AOqpTOHroRhltDhe20js2gJ4l4MreKvykSSP4RUaRI-oBfxW1RsSslT8l4XKFoBJLRP96KijzorjcpG3aBvWFA,Tim Freeman,https://play-lh.googleusercontent.com/-JCroLZiXDT4/AAAAAAAAAAI/AAAAAAAAAAA/AMZuuclcLvEgC5KDq-MD_u2jCF_MAOF7dg/photo.jpg,Absolutely love this app Wife had listened to it nearly ever night now Thank you,5,0,,2020-09-24 01:30:08,I’m so thrilled to hear that! Many blessings to you and your wife. We pray that she has a wonderful pregnancy and birth!,2020-10-11 02:39:43
gp:AOqpTOGLsmNkB_GPrQA1t_0Dn1pNEP_TPch3mj0SFLs108VBKfXFwOI0tnjON3SdHLCOL5YrF_7talW1ADghzg,Rebecca Crane,https://play-lh.googleusercontent.com/a-/AOh14GiUvaDodOsY_-QWxWpNw6b0JyWofLIJucQz2ipdAg,I love relaxing and focusing on our Lord. I know He will be with me throughout my birth. The tracks on this app are very soothing! Love it!,5,0,10.0,2020-09-21 18:34:02,So grateful to hear you find the track soothing! We pray you have a blessed and wonderful birth.,2020-10-11 02:40:40
gp:AOqpTOFOsqxwJ6WZeh8mVPidDwm9Hh3PYmWIQHC8n3LPcnMdp6VYQvh_19VJrj3C7ujeVmghzRPC9bOX43mYzA,Jaclynn Wright,https://play-lh.googleusercontent.com/a-/AOh14GgNQBnRd5x4TJIgpYxkpn3_YAl2rFM4S9JCe2TP,I has heard great things about this app and decided to give it a try. It's been very helpful to me in my last trimester and I look forward to using it during birth.,5,0,10.0,2020-09-20 13:18:59,It’s so great to hear that you heard good things about the app and decided to give it a try! Really grateful to hear it’s also been helpful to you! We pray you have an amazing birth.,2020-10-11 02:41:41
gp:AOqpTOGhg29BkXjmYJ7MGxdrI2hcEttq2eiqNtF_uoEx_e97qrxjXP549dfjDomOT3qr2nanU7P8lJMJKvoqnw,Jasmine Lillymint,https://play-lh.googleusercontent.com/a-/AOh14Gi2D-r2VZx42mUnrBUZkxhokdxBKgqLviPUAjuh2Q,I've stumbled across this app after a friend has mentioned Christian Hypnobirthing to me. I didn't realise something like this would exist. I absolutely love this app and am really excited to use it at the labour and delivery of our first in 3 weeks time! I have meditated over the scriptures myself and have written down some of the affirmations in order to process them even better. A great way of practising breathing techniques alongside solid Bible scripture. I highly recommend this app!,5,0,10.0,2020-09-20 11:37:18,Thank you for this wonderful and very thoughtful review! We pray that you have such an amazing birth and would love to hear about it if you fancy sharing. Just send us an email with your birth story to info@ChristianHypnobirthing.com Blessings!,2020-10-11 02:43:11
gp:AOqpTOGUv5DhMCC0uMlpkGHQDDhWlFxtQvWdqmDzVNJYgclE9GGfCQNC2SELVF2ClX2cs6jGpMoAHbecVf_ILA,Christel Hallford,https://play-lh.googleusercontent.com/-SVu0cF6LJn8/AAAAAAAAAAI/AAAAAAAAAAA/AMZuucmsfQWX3L_6VFbx192oqcg2JMjyHw/photo.jpg,"I listened to the meditations, music, & scripture every night for the last two months leading up to delivery... I was reminded that God is in control & created me for all aspects of being a momma. I was also able to use the app during labor (which was amazing). I believe my heart/soul being at peace, allowed my body to progress like it needed to. I am expecting again & have already started listening to it as doubt/fear starts to creep in. I have also gifted this app to my best friend. 10/10!!",5,1,10.0,2020-09-16 08:26:03,Wow! What a beautiful review. So so thrilled to hear you found the app helpful during labour. And many congratulations on your current pregnancy as well! We pray the app can help you again throughout this next labour. And that you have a wonderful pregnancy and birth. Blessings!,2020-10-11 02:45:23
gp:AOqpTOG8Kewe_efVbcNyo-RIwm4DrjBTQivjGFT1YA4Ea9xpB6AdKVMMyfW5aBu-4ncrMc_ooTrj5Bf9Fdv17w,Rene Temple,https://play-lh.googleusercontent.com/-lH63jPq5CQk/AAAAAAAAAAI/AAAAAAAAAAA/AMZuuck6cEwNh8DrSqmhSdbK8ailksBM2A/photo.jpg,Really helpful and encouraging. It is a real blessing to me in my pregnancy! Thank you.,5,0,10.0,2020-09-16 08:10:46,Thank you for the beautiful feedback! So thrilled to hear that. We pray you have a wonderful birth. Blessings!,2020-10-11 02:46:11
gp:AOqpTOE3HmcfsGzrfbFtlhxgqA8IffO5Ypx90DgMKBHv37g81L12v_Iuf7bFAr1eWj_Pw5D0m_Ko5Ety8prUtw,Jessica Menzies,https://play-lh.googleusercontent.com/-KlgSHp-ez7M/AAAAAAAAAAI/AAAAAAAAAAA/AMZuucnMPlNNBwOxxZsB3qM9JVcZPp744g/photo.jpg,Found these affirmations and tracks very useful in preparation for birth. We had a very calm hypnobirth ❤️,5,0,7.0,2020-09-15 19:16:47,Many congratulations! And thank you for this beautiful review. So grateful to hear you had a calm Hypnobirth. God bless!,2020-10-11 02:46:49
gp:AOqpTOH0jG4o6NVe-RreQYlzFT3ivzmJ8T7X-vAnmwLMb8iCSHIZRRVdMYSEUYn--x_Km9HswThPQEwGVYXbjQ,Veronica Schmucker,https://play-lh.googleusercontent.com/a-/AOh14GiAJrVKNBoe2NyOz8x1eAW6x1BTzHBEp7QzOVmupw,Her voice and the music is soothing. I really enjoy listening to these tracks.,5,0,10.0,2020-09-13 08:47:39,Thank you for this lovely review! So thrilled that you found the app soothing. We pray you have a wonderful birth! God bless.,2020-10-11 02:47:27
gp:AOqpTOFJFvLosw4EsucsDsIsF167wsTq69WCuboGjL9t4ndFAxzo8yGL4OyE0rrOUEfkx96y-s-1AsRPHJAtrg,Nina K,https://play-lh.googleusercontent.com/a-/AOh14GjoH40IBgA0SbHq3SjBGgj_czWkVhwdZOctRGm-6M0,"So glad I fould this app. I didnt realize such a good app exists, it was all I needed- affirmations in Christ, that bring me closer to God. I listened to the tracks daily before falling asleep at night and during my short relaxing breaks during the day. I had it on during the labor. I love that the tracks were not noo long and at the same time powerful, encouraging and inspiring. I wish I had the app for my previous births, too. Highly reccommend!",5,2,10.0,2020-09-02 14:39:15,,
gp:AOqpTOFD-oybp-JZId08eQmhYRQMN_b3_FfH7AYuddW-3-0p58LHFOJmhv0eltdrAfJwvb85-OhJ4WU9Tdow6Q,Caitlin Lynch,https://play-lh.googleusercontent.com/-jPYxwjhCgIw/AAAAAAAAAAI/AAAAAAAAAAA/AMZuuckwNs7_A-V2N-m_TS6QKoVZuQtGnw/photo.jpg,"Great so far! Having a Spiritually filled birth is super important to my husband and I, and this App has hit the spot! It's relaxing, encouraging and empowering and I'm excited that I found something Christian based to help us. The app itself is very user friendly and I haven't had any crashes or problems. I 100% reccomend.",5,0,,2020-08-22 04:51:23,,
gp:AOqpTOEqrlq7ritZ2sgFKoYQ5NFoZxVKGL-Ha_aEGTDSCgLlXmoiv8HDYOupvFXoSAkpSd4YikPCLq6_PlSOMw,Jessica Whitman,https://play-lh.googleusercontent.com/a-/AOh14GjYcvxJb2AYqupbSHPcyhUjTysvniD8xUtyFFQ4h5I,So far I am enjoying the positive affirmations and scripture!,4,0,10.0,2020-08-20 03:50:28,,
gp:AOqpTOHAKO-MZ13pn1lA2GgK9s07RM8cqXHKmkfgjtKBj7ZZCvHvLUWk_W1D6xo0uiaui3rl6JCbH34oKH7esw,Shannel Hermes,https://play-lh.googleusercontent.com/-or1GcNmQmvE/AAAAAAAAAAI/AAAAAAAAAAA/AMZuucnC63UuWIL2cKbhjKghqZ319cKagg/photo.jpg,I have only had this app for a couple of days and have been telling all my friends about it. The scriptures are straight from the Bible no altering or rephrasing which is a MUST for me! Such an amazing app cannot wait to use it during labor!,5,1,10.0,2020-08-17 13:02:22,,
gp:AOqpTOEjlgwPM3VVyDHpGZBKHg_D-F7vfjLUjKZTEZYIxyVlFFTi_cGCe9NUwayH9N7_S2l1xt-wtYKjQCtAnQ,Paula Nielsen,https://play-lh.googleusercontent.com/-C5sFDY7NBiU/AAAAAAAAAAI/AAAAAAAAAAA/AMZuucmCJVHokvNNLJ8Oh7HbYrVSvLizSA/photo.jpg,"I was hesitant about this app because some reviews said that the tracks would stop, but I haven't had that experience. I did download everything into a different player, which is super easy to do, because I wanted to put together a playlist that would include these and other hypnobirthing tracks. I love these tracks though, as a Christian, being reminded and focused on God and his goodness during childbirth and having a tool that helps with that is awesome!",5,2,10.0,2020-08-17 09:12:57,,
gp:AOqpTOH7xF61OnctSaqYc04lufF3y4I2FbWy4ZhGUPbthXnSosfSXNu1JKoQ22OpIOY1TRWkm1LKZxhlJN0xIw,Summerlyn Goff,https://play-lh.googleusercontent.com/-lMy8QvdtdjY/AAAAAAAAAAI/AAAAAAAAAAA/AMZuucnCkVdGLXpDHjZSlAW2r46VvkkzkQ/photo.jpg,"I love using this app! I really liked the general concept of hypnobirthing, but as a Christian some of the affirmations and some of the scripts did not resonate with my beliefs. This app has really helped to reframe hypnobirthing in a way that glorifies our great God!",5,1,,2020-08-17 08:11:40,,
gp:AOqpTOHcrwyTz6qD3tEb44hvzKRE4ehhGvPoJe8mnfTnFQxz-h79RA8BNpRifLX2IJgYjaC0bse0K5LvoGq6PQ,Priscilla Chavez,https://play-lh.googleusercontent.com/a-/AOh14GhepP70EecoQpeg2VsRSOdkPhpw2_UwV3qkjOp62Q4,"Great app! Exactly what I wanted. I love the hypobirthing method but wanted something to add to my birth tool box. Something that had spiritual substance that matched my beliefs. Same breathing techniques as ""secular"" hypobirthing, same type music, voice, etc. But the scriptural affirmations is the cherry on top. Very encouraging. Feed your soul and confidence in the strength of God. Can't wait to play during our birth in October 2020. Also app is very user friendly and easy to navigate.",5,0,10.0,2020-08-17 08:09:57,,
gp:AOqpTOH3iA6kCrZuhKSAv7tAwFpQ3oJMc8u0ezDk1M17baCp0-_nOXLyd9EbuLyoEi7awxfD1iNK0cVdHWXsxQ,Brittany C,https://play-lh.googleusercontent.com/a-/AOh14GiktR76LXP1Bo59ZfiDIudvdF-qyXLX7O01xvTt1Mo,This app is great! I loved the prayer track the most and really helped me stay focused on the beautiful blessings God was providing during pregancy. I know that I have an awesome tool to use during birth!,5,0,10.0,2020-08-10 14:05:57,,
gp:AOqpTOFsOurYTNDXVgus4gX3DVNG1QCrO9P5VntTPW3JaQxQWrPhNQw-eDbwN33PBBHQZ7V39QOyvHq4ZIw93A,Amber Hofer,https://play-lh.googleusercontent.com/a-/AOh14GjOUCMySnVS5hwZlEk8TVo8r5aeKmn0L_tfkjQmzw,"User friendly, straight forward and good for the price. The tracks have download capabilities, so it doesn't require WiFi or Data to listen to which will be handy come time to give birth. The voice is very soothing and I Love the visualization track of the flower opening up. It has been very important to my husband and I that we have a spirit filled pregnancy and birth, so I was thrilled when I found this app!",5,6,10.0,2020-08-09 08:11:46,,
gp:AOqpTOGleW85RKr7H2uyl1gachz9HoR4Wfqu_mb87aWukjq1bTIu2WbJO8Ial0Axw_b_oVDUGHWnIVBF_Ax-rQ,Julie Esposito,https://play-lh.googleusercontent.com/a-/AOh14GhbZKkSyrQlqqfKPOKeaoljoN-WGKtnSgM9KroR8Q,"Very soothing sounds, verses and voices. I'm looking forward to using this during labor in combination with the Calm app to help keep me calm and focused.",5,1,9.0,2020-08-04 22:28:00,,
gp:AOqpTOF-3DbCqqerx2ZiraL-5Xwuwvw8D3XvqwSeMA-FGU9gL2B3FrAic0BJlFgylF8U4bUHBVtO9GmoXgJhSA,lanai fields,https://play-lh.googleusercontent.com/a-/AOh14GhAYNnQ_KK0KeekI_LgM8LZnHOcAZrzjF1Yg_mKvpo,"Love the content! So convenient! I do wish the navigation was a little more streamlined with less buffering, but we'll worth it!",4,0,9.0,2020-08-04 12:44:12,,
gp:AOqpTOHRso3_VJmKkAcrVsksY6I1m03jlVEy5yOb6MJGVmN2fVubsuOuk0SlMxaD02tPUwqnLrQ2iThi220SxA,Stephanie Richard,https://play-lh.googleusercontent.com/a-/AOh14Giu0YO4jHlI_er8gdKv3E12xv9iXbVteXQKiRi1xg,The app never opened on my phone so it was useless,1,0,,2020-07-27 06:52:47,"Hi Stephanie, we really apologise for this inconvenience. Thank you for your feedback as it alerted us to the issue and it’s now resolved. We’d love to give you a free download of our printable birth affirmation cards as a gesture of good will, so please email info@christianhypnobirthing.com if you’d like and we’ll email the link. Blessings!",2020-07-28 02:46:44
gp:AOqpTOEzAylCM1hYPombNSrFAx-P-xLC8COwTobmlctAKVR26OikHZMpXna_sKHM_BTSN2py8x7iXbrZDrI0KQ,Lulu la,https://play-lh.googleusercontent.com/a-/AOh14Gj2qqMe-swjaLHCmfR89OgfVyMJ_ulgeY6Ywce1LQ,Amazing calming voice and beautiful words,5,0,,2020-07-19 12:27:50,Thank you so much for this lovely review. Blessings!,2020-07-27 08:32:43
gp:AOqpTOHsrnqhcwGORqKMULM8xqYWin-IptIgA4YlU2yf829ydEh23_kXPr6OAn6rZbcB4no8t4EnD-_MjKxY8g,Sarah Strayer,https://play-lh.googleusercontent.com/-cyEFBtshhg8/AAAAAAAAAAI/AAAAAAAAAAA/AMZuucn8nvg7f_KGnh8FVjzrT2Fsn-FM-Q/photo.jpg,Why does the app skip/have a weird pause to it? Makes it impossible to listen to.,2,0,4.0,2020-04-28 00:39:44,"I’m so sorry you’re having these issues. We’re currently in the middle of updating the software. In the mean time, please go to the ‘download tracks’ section for details on how to download the tracks onto a computer, or if you’re still unhappy please email us on info@christianhypnobirthing.com.",2020-04-28 01:00:56
gp:AOqpTOHbyvyDdW1UGM0pB6PShPgx5hZAxjYNOSan4k1Ew635t-rKiUxYzEOIf-rumCjWcB_H97RpOJmYw6SU2A,Ulrike Kruger,https://play-lh.googleusercontent.com/a-/AOh14GgCQXeCJe7W1pY4wXnukrOTTtoUPbAd4qgXwC2kArQ,Thank you so much for this app! Exactly what I have been looking for throughout my pregnancy. Update: I used some of these tracks for both my labours and they were really helpful.,5,3,1.0,2020-04-19 10:13:14,Thank you very much! So grateful that you've been finding the app helpful. We pray you have a wonderful birth!,2018-07-19 15:49:17
gp:AOqpTOEylNAiLdg0HctDY3YfgWxZRAoN4DXbsfjP5cOjARzfGA3iZmdq8bpkiIKwcqYKPhCYM8z-dE6vN3LnaQ,Janeth Kimario,https://play-lh.googleusercontent.com/a-/AOh14GgKjFpOQX55BHSrBJu63X-zGhlR0CpWSuSfBTQaPQ,Why does it take forever to load in my phone..? I downloaded today but no progress,1,0,4.0,2020-01-13 11:29:10,"Hi Janeth, I’m really sorry to hear you’re having issues with the app opening. Are you still having this issue? Please contact us on info@christianhypnobirthing.com",2020-01-14 11:45:58
gp:AOqpTOHxiJY_pGI-dN3bbGJbz6OsL5v2_-1KrnplijbH-s2K1THtkotRRzl4aFPW5BOuXM3yFknpfqqRLqVn4A,Sara Mathew,https://play-lh.googleusercontent.com/a-/AOh14GgQzoAMtQHnNoJRoOZJHNH5rOMVNJDcjWFkS7WqImI,Saved me! Helped me survive when baby came too fast to get an epidural like my other deliveries. So calming and strengthening. Helped heal previous birth traumas and trust God.,5,0,4.0,2020-01-06 15:34:24,Thank you for this amazing review Sara. So grateful you found the app helpful. Blessings to you and your family.,2020-01-14 11:46:52
gp:AOqpTOEAM_GJPLC9huwMbYK9bnoq6B8D03nbLicNhy0oMhqjjqeVVd8Iw2tqmbTDNMIfAWoTTIMtCB9jLgDxrA,Sarah Hansen,https://play-lh.googleusercontent.com/a-/AOh14Gg2W5LJq-gUmvyvqyqVUm_yimWOCoiYLD2Btec6dw,It has some good mediations but I found the woman's voice was irritating to me after a while. So I didn't use the meditation while in labor. The music was good and I used it.,4,0,4.0,2019-12-13 14:13:18,Thanks for the review Sarah. Glad you found the app helpful.,2020-01-14 11:48:10
gp:AOqpTOEVWmH_mCWhd4e47NqLL7BAprAOVY3Pme_l4mtfbdScDB7eGbLIj5cd2bJfoApQLyMeHzT_uHYqDLXXEA,Sarah Kirk,https://play-lh.googleusercontent.com/-vNaXk6sX5uA/AAAAAAAAAAI/AAAAAAAAAAA/AMZuucmKbete-w2juoNtKgwuUp-8D1QZOw/photo.jpg,I really loved listening to this during my birth. It really put an eternal perspective on the sacred experience of bringing a child of God into the world. There was a moment though right when I was birthing my baby that the recording was casting satan out of the room. I didn't find that necessary at all.,3,2,4.0,2019-10-12 18:28:43,"Hi Sarah, thanks so much for your feedback. ‘Satan’ is only mentioned twice on the album, in the ‘Prayers for Strength’ track, which is specifically to help empower people to overcome anything that may not be coming from God (e.g. fear or pain etc), and is based on what Jesus gave us the power to do (Luke 10:19). I hope that makes sense. God bless!",2019-11-02 00:51:46
gp:AOqpTOGpp6i-0vjoWIR6GU3o0ROP3xPGIc1bVfH1i6qUG0DDGC4gf7tVgLvKEh_2Ob-ltCZF6O2sx_X-a-gHsw,Andrea Martin,https://play-lh.googleusercontent.com/-RNn9xtYP70c/AAAAAAAAAAI/AAAAAAAAAAA/AMZuucluI6L55Fb6FpXGqfAfllGyPZisGA/photo.jpg,Very disappointed :( the tracks keep stopping during each breathing exercise. How do you suppose to relax and keep in the flow of the techinic if the app does not work properly. I don't own a computer and therefore I can't even download the tracks as is only allow to do so in a computer. This was a completely waste of money.,1,0,4.0,2019-09-27 02:51:19,"Hi Andrea, I am very sorry to hear that you've had issues with the app, and also that you don't own a computer and therefore can't download the app. Please contact us on info@christianhypnobirthing.com and we will organise a refund, which could go towards downloading the album onto your phone through Amazon, if you still wish to use the tracks.",2019-10-06 06:44:58
gp:AOqpTOESKnZo4loROnEXJumtydJPeNz4GHdTjfJXL-9NUYKu46YLX3zUU7AUWxhgXwf-lpU7duk-OSyaF9AD6w,Tammy,https://play-lh.googleusercontent.com/a-/AOh14GjBm5Y2wPFtlSpF9wffIx3EKtMZa7EyV0Ap5sY6Ug,"Wonderful app. They found the most relaxing voice in the world. I even use this to fall asleep 6 months after the birth of my baby. Some things don't apply but the positive scripture, visualizations and humming background music truly puts me at peace.",5,2,4.0,2019-09-25 23:57:42,Thank you so much for this beautiful review Tammy! We're so thrilled that you have found the tracks so relaxing. Blessings to you and your family.,2019-10-06 06:46:50
gp:AOqpTOEDOfn0mrek7p_hPlqvVTgdN8SnLj14TouiJcR4Nn6bcbi42IT2QRpEgI4DGAo5kgO_bVZFELbtggopWA,Jessica Kingery,https://play-lh.googleusercontent.com/a-/AOh14GjmtSCOEU5Q9etv7EO9-DFQKammUHE59AFwVBM2,"If you are pregnant, you need this for your labor and delivery! I cannot recommend this enough. I used this with my third baby, and my only regret was that I didn't know about it for my first two. I had the soundtracks playing in the room during labor and it calmed everyone in the room. My midwife, nurse, and doula all commented on how soothing it was for them as well. Christian Hypnobirthing totally redeemed my difficult first 2 births. I've never experienced anything more empowering!",5,7,4.0,2019-09-21 22:09:02,Thank you so much Jessica! We feel so grateful that the app was able to have such a wonderful impact on your labour and delivery. And so lovely of you to share your feedback. God bless!,2019-10-06 06:51:19
gp:AOqpTOF9Il4OPvJOzOcbbOv3m-MO-PPPIR-rbFrKrj7d3nCE79LbrdYez5Txnk2dFuy2qhjH0cILb_Ler2yUZw,Lucy Dobson,https://play-lh.googleusercontent.com/-I-bX84WeHWY/AAAAAAAAAAI/AAAAAAAAAAA/AMZuucnUiKf0tsc7OGGz1tuQxTP9-9VN2g/photo.jpg,Really great app and good support by email with some initial problems with the app.,4,1,4.0,2019-09-08 00:10:55,Thanks so much Lucy! So glad you’re enjoying it. And apologies again for the initial technical issues. God bless and we pray you have a safe and wonderful birth.,2019-09-18 05:50:29
gp:AOqpTOE3Yja8SmdId_hm8GAHCeuTorLg4bMU6dWvEUtav2tnDYZM8XWv8lAOcX1hYuXZPRy6S-cnvURi2CKW6Q,Melissa Midkiff,https://play-lh.googleusercontent.com/-PpuVtD7cpdI/AAAAAAAAAAI/AAAAAAAAAMI/AMZuucnqXH9k91qDlutZhw_UBDDJ45Qq6Q/photo.jpg,It was a great calming relaxing app. First app I ever paid for because it was worth having an easy way to practice hypnobirthing. Made my birth peaceful and focused. I am not christian but i enjoyed it nonetheless.,5,2,,2019-08-29 02:08:08,Thank you Melissa! So thrilled to hear you enjoyed the app and that it helped with your birth. Blessings to you and your family.,2019-09-18 05:53:22
gp:AOqpTOH5Z7ZnYQhc-6MSOsJlGhr1E-hsqni9IjB_Y8w72-FcTyoqiFlRrNr0FvUrEBdkNcFdwfVacMLpk8ffGg,Hilary Riley,https://play-lh.googleusercontent.com/a-/AOh14GgIJ8CSdnTamPVu1576D9b4Hu0FYh_uPkr_yDD5ng,Incredible app for preparing for birth . I listened to the encouraging scripture over and over prior to birth and I listen to it post partum as well. It is soothing and gives you a great sense of peace as your body prepares to give birth.,4,0,4.0,2019-08-25 17:03:57,Thank you Hilary! That is such beautiful feedback and amazing that you still listen to it post partum! God bless!,2019-09-18 05:54:45
gp:AOqpTOF7KokM_vAMOPbWW_q9elZGkkXdTc5zlZHOHyqKajkenbE9UjdF8tpO-zTjOxyc3Vrjs3r8vVdi9S56Kw,Lauren Ebejer,https://play-lh.googleusercontent.com/a-/AOh14GguDlguYrONsbtCDgDm-lT53pOfJcvjhEvzDfjWK4Q,I have been looking for something just like this but the constant skipping on my Google Pixel 3 is incredibly distracting.,2,0,,2019-08-07 02:15:51,"Hey Lauren, so sorry but this is an unresolvable issue at this point with certain phones. Which is why the ‘Download Tracks’ feature is a part of the app. So you can download them onto a computer and transfer them to your listening device. Our sincere apologies. God bless!",2019-08-07 03:26:37
gp:AOqpTOESb4QD2anYSlCeT9UzDt_GP6DUu6UZ9kRFT_qQ1ffvKB6rG_MVORlfdOninCso6rE4j0CNc5NY7G2c6Q,Ally R,https://play-lh.googleusercontent.com/-nsXJngsn3b4/AAAAAAAAAAI/AAAAAAAAAAA/AMZuucmAK5-bbBWFYwK2j7Cx-_iYCO6y9g/photo.jpg,"This app was amazing as I prepared for my VBAC. So relaxing throughout pregnancy, I would always fall asleep. Helped overcome fear and come into a place of trust and faith. I still listen to the scripture tracks. Had an awesome natural labour and birth. I remember when it was time to push the app started automatically, counting 1 2 3 4 5 really helped me zone in to that and out she came. Amazing spritually empowering birth app! Thankyou!",5,5,4.0,2019-07-30 17:38:55,"Hi Ally, thank you so much for this beautiful review! So great to hear you had such a wonderful natural birth experience. Congratulations on the birth of your baby girl. God bless you and your family.",2019-08-07 03:29:07
gp:AOqpTOF4SDjh2HspWp0WNXp-92KgcQ48PHKgALmDblhTYFLwyeUPiDrSqzagzJ76syIM_3ZHacWsqdY8Q1NelA,katherine wilder,https://play-lh.googleusercontent.com/-gnvjtGk6RG8/AAAAAAAAAAI/AAAAAAAAAAA/AMZuucmc__92jxxkvUEd9sbWfwYKLASQOQ/photo.jpg,"the music and tracks seem to skip alot, It makes it hard to relax and focus when it has little jumps every 10 seconds and stops 10 mins into the tracks as well. I really wanted to be able to use this app for my upcoming birth, but am not willing to be distracted by the skipping. so frustrating.",2,2,4.0,2019-07-02 12:02:35,"Hi Katherine, I’m so sorry to hear that. Unfortunately it seems to be an issue that effects certain devices and there isn’t anything that can be done at this end because of the app’s platform. The tracks are available to download for this reason.. Go to the ‘Download Tracks’ section within the app for details. Apologies and God bless!",2019-07-02 13:55:11
gp:AOqpTOHoeio_eKRTad_svfsr9CTcsHV72hGTLtfqT1RdOZbPN5p68OfqEpIEBkfjgQ5g8TsrT56R2byQs_aREQ,Amanda VanDamme,https://play-lh.googleusercontent.com/a-/AOh14Ggz5NLzyatNFPjDNDEPbl4Y8oqgWdabdk-WQzBT,Really helped keep my mind in the right place during labor. Was able to have a natural delivery and stay calm the entire time. Was not sure I'd be able to but I think this ap really helped. Had several nurses tell me my birth was amazing and ask how I did it.,5,2,4.0,2019-05-20 12:41:07,Thanks so much for your wonderful feedback Amanda! So thrilled to hear the birth was amazing. Blessings to you and your family.,2019-10-06 06:53:32
gp:AOqpTOFmoSAzdnsJz5qGSSQIcmyHoiNJq8ue1C_9lKN5qOO5_ZFWrZXKb1RzXRLIsFOaaT32ljU9HoyS2Tg5zA,Paula Perez,https://play-lh.googleusercontent.com/-lXRnuTOwtbk/AAAAAAAAAAI/AAAAAAAAAAA/AMZuucl8ifC0EUNzJ2YiP1FKLsvkxmNSLw/photo.jpg,exactly what I'm looking for very calming falling asleep. tracks keep stopping on their own,4,0,4.0,2019-05-17 11:29:09,"Hey Paula, thank you so much for the feedback! And apologies about the tracks stopping. Unfortunately this is an issue with a number of phones. You may prefer to download the tracks onto your computer using the instructions in the 'download tracks' section. God bless!",2019-10-06 06:55:12
gp:AOqpTOGmXcSKJqnQzdiQrAnR5flkdlFfw9zo6eimJArODpoEUcZPH_Ba5n8M6mEY_WYhX9vmSNNyQkOGvQlb0A,Catherine Lau,https://play-lh.googleusercontent.com/a-/AOh14GiOW5jz0hxbXBMfS6ZeJWAx60EBqgDTU5fg5alseQ,"Im still having issues with it stopping part way through tracks even after the update. I am Catholic and consider myself spiritual but i personally don't find hearing the scriptures read in this way helpful. I find it very annoying when the speaker repeats the same phrase twice. was also hoping to get more tracks with visualization, guided breathing, and relaxation music.",3,0,4.0,2019-04-20 04:19:02,"Hi Catherine, unfortunately certain phones still seem to be having this issue when streaming, but alternatively you can download the tracks onto your computer and transfer them to your phone. We have daily reviews and emails from mums worldwide saying the app has helped them have amazing births, but are still always working to improve. God bless!",2019-04-20 08:56:46
gp:AOqpTOF_lF_JEpYSMZxVzEbKmXNxLU6ls_cEpwiggNFIDcMqpPv1tzqye-XOf9B90d8ZzRLcO5_JDcckmCJt3Q,Eve Sheers,https://play-lh.googleusercontent.com/-5tiHOYlxhXA/AAAAAAAAAAI/AAAAAAAAAAA/AMZuucmum1lxAUvxNhL4210gdkkmf0LcHA/photo.jpg,"This was a great support during pregnancy providing spiritual guidance, scripture and calming music to prepare for a calm, God lead birth!",5,1,4.0,2019-04-06 03:31:25,Thanks so much for your lovely review Eve! God bless you and your family.,2019-04-15 08:23:25
gp:AOqpTOHenFx4sp3zrafquoLrDx6-Sh1cMfXmAAkHelOT1WoOLc7XB7Aha4z7hZEwEJDXvUe8TaNK-8VXcKGg_A,Calluna,https://play-lh.googleusercontent.com/a-/AOh14GiQzN9OPDAzvPifArnw-33DuSpV2xkaktyjOcgM,Very helpful in guiding my thoughts and breath patterns in preparation for birth.,5,1,4.0,2019-03-31 09:59:21,Thanks for the review Heather! Much appreciated. God bless!,2019-04-15 08:22:37
gp:AOqpTOGEmxHNPyy1CjErpBRwayh-C4qRCeRxGXEJhriN0QQHBlJWLCBM3-XOLSw_tId6HsZjiQb1Uoor7XkeWA,Elizabeth Ann P.,https://play-lh.googleusercontent.com/a-/AOh14GjF8QLsEpV9Zm9qHiTGy_ehXzCInRSAgEAbPBMNpw,"This is, by far, one of the best purchases I have ever made of an app. I listened to it almost daily from the day I found and downloaded it, to the day of my daughter's birth (more than 2 months). It brought me peace, hope and strength through beautifully recited scriptures, thus drawing me into the presence of God. Everyone at my homebirth raved about how great it was. Where can I make a donation? You did an incredible job.",5,11,4.0,2019-03-19 15:06:56,Thank you so much Elizabeth! What a beautiful review to receive. I’m so glad you found the app so helpful. That’s very kind of you to want to make a donation! We now have a donate page on the website (www.christianhypnobirthing.com/donate). Also feel free to join our Christian Mothers Group on Facebook. God bless you and your family.,2019-04-15 08:21:31
gp:AOqpTOHaTmeEsGe0p_hPwPL3L3yjpLCjZgYGog_kGgvFqzgwTdlukgxa51rPC6QNtAOMcUvopKYC_c37K0rKDw,A Google user,https://play-lh.googleusercontent.com/EGemoI2NTXmTsBVtJqk8jxF9rh8ApRWfsIMQSt2uE4OcpQqbFu7f7NbTK05lx80nuSijCz7sc3a277R67g,"This has been exactly what i needed. I discovered this app just a couple of weeks ago at 37 weeks pregnant and it has really been a God Send. The encouraging scriptures and visualization are exactly what is needed to remind me I can have a calm, beautiful, spiritual birth with the guidance of our Heavenly Father. Thank you so much for this app. I am now excited and filled with so much strength and confidence ready to give birth.",4,2,4.0,2019-03-09 13:41:14,Thank you so much for sharing. I’m so grateful to hear that you’ve found the app so helpful. I pray the birth went brilliantly! God bless!,2019-04-15 08:18:03
gp:AOqpTOFlE4pTHPHltW84iOUzwKwUAfYOpe4PhPtvD-Leu-xdkuJ5PJGNON2176cL6gXcIHi9SDUJ9PX3HmT7YA,Elizabeth Kirsch,https://play-lh.googleusercontent.com/a-/AOh14Ggmerq3_JPLe6UWmjzwyt3eIE1vFGUFW4JYiZL7gA,Love this app. The recordings have all the great aspects of hypnobirthing plus added scriptures and a Christian view on things.,5,1,4.0,2019-03-08 11:04:27,Thanks for your review Elizabeth. So grateful to hear you loved the app! Blessings to you and your family.,2019-04-15 08:16:09
gp:AOqpTOGukOlkvx2Qn_K0Pb8HAzUuwG_neHAAHQc5cE8vQJEVS2moQmWMlJ1JD3MQG3hehWAmVwRnMMAAOrSMNQ,E Auguste,https://play-lh.googleusercontent.com/-lE7v9yRSP4o/AAAAAAAAAAI/AAAAAAAAAAA/AMZuucn56v3sMqbJJTxoYv8jRiP6N_BCDw/photo.jpg,This content of the app is excellent. It's so calming and soothing. Christian based with prayers and scriptures.!!!!!! Would recommend to anyone.,5,0,4.0,2019-03-08 05:20:58,Thank you so much! So grateful you have found the app useful! God bless!,2019-04-07 01:33:57
gp:AOqpTOHBSD5LRDQn2EASWkdAC4nqvSBpCYtLr5tlqhvCoZFEMj2ficpRH2_yMeF0GEEW1e1_yDH83AkUC9zlnQ,Danicke Lentjies,https://play-lh.googleusercontent.com/-twVCeKnDGTo/AAAAAAAAAAI/AAAAAAAAAAA/AMZuucnePWZrR0v7JkAS_x2x8VhH_YhyXw/photo.jpg,"From a first time mommy's point of view, this app has helped me loads to deliver my son, I only got to download it about 2 weeks before birth but it was able to get me Into the rhytem of breathing which really helped keep me sane through the immense pain of Labour... The best part was it genuinely increased my faith that God was with me and that nothing bad would happen.. Ive always been a believer in Jesus christ but even I was in such fear.. I thank God for this app, it's excellent",5,4,4.0,2019-03-08 04:56:35,"Thank you so much for this review! It’s so wonderful to hear that the app helped you feel closer to God throughout your birth, and to overcome fear by trusting Him. God bless you!",2019-04-07 01:33:17
gp:AOqpTOFK9RuXWfBUxwV59JgLizG98A2jARRqXeAnMfLIHPNeOkkaiQFJ3aiUsFnhyBsN9j1VzLzin3uf-wtBHQ,Fan S,https://play-lh.googleusercontent.com/-AZTtWT9qzco/AAAAAAAAAAI/AAAAAAAAAAA/AMZuucnarPeePxz19XViY1d2tc1ipAe9ug/photo.jpg,"I only started researching hypnobirthing at 36 weeks gestation (!). The Christ-centred scriptures and affirmations were great to listen to leading up to the birth. This was my second pregnancy and I wanted a positive natural birth experience. The app helped me keep focused and positive during surges. I managed to give birth without any painkillers or gas. Even the midwife asked me what I was listening to! I used other tools to help with the preparation but Thank you, this app is such a blessing!",5,9,4.0,2019-03-05 13:19:39,Thank you so much for your wonderful feedback. So grateful to hear the app helped you stay positive and focused during birth. Many blessings to you and your family!,2019-04-07 01:08:24
gp:AOqpTOEB76D2GuluOjBNbZFF7jdrKG2nYAWe3_szLIVOUVGt-V_F1qe2Odr34rzDEcduw0wre4Paes8i8cnxrA,A Google user,https://play-lh.googleusercontent.com/EGemoI2NTXmTsBVtJqk8jxF9rh8ApRWfsIMQSt2uE4OcpQqbFu7f7NbTK05lx80nuSijCz7sc3a277R67g,"Awesome in terms of scriptures, but the terminology should perhaps be changed. Surges should be used instead of contractions as for Hypnobirthing",3,3,4.0,2019-01-28 20:14:34,"Thanks for your feedback! Because we’re a Christian app, there are ways where we differ from traditional Hypnobirthing. We say contractions because of Jackie Mize’s experience (in her book Supernatural Childbirth pg 36) where God showed her He has designed our muscles to contract and it doesn’t have to hurt - part of our perfect design. God bless!",2019-01-30 00:57:24
gp:AOqpTOEgV8lKJYzpY6u5Nl1N-PWgD1HFPwAjK6DpHNssdmEhzAHunwfnXaYOf2nnCS_ocrnT9D2N2y7McX0g-A,nicci doula,https://play-lh.googleusercontent.com/a-/AOh14Ggq54r0k4bK1yWyfNWGTH6axu6rWF4Zuy5dvY1QtRM,I am a doula and this app has done absolute WONDERS for my clients. THANK YOU!,5,2,3.0,2018-11-24 04:39:59,Thank you so much for this lovely review. It means so much to us to know that the app is helping your clients! We pray it continues to do so. Thanks again for the beautiful feedback.,2018-11-26 18:16:21
gp:AOqpTOFuqjA3juDsDuHx7V8NsvBTG34izBevYujmONGiuyWjB5u3buzpiKiHmZdkC04dH5XH2JCDyWH7jA0bIQ,Chi Chi Okeke,https://play-lh.googleusercontent.com/a-/AOh14GixXAV6mo7gO6CKQOrOFcA5NtCFdjlM8RjjYACl,Haviing had a very stressful birth with my first child I was determined to have a better experience with my second. Started exploring Hynobirthing through a friends recommendation and discovered This site and app. I'm not due till Jan '19 but I have already started using and hugely benefiting from this app. I feel so much calmer and less anxious heading into these last few weeks. Even my husband has noticed the difference in me and baby has been responding wonderfully to my decreased stress levels especially when im listening to the app. Would highly recommend this app to ANY mum-to-be!,5,4,3.0,2018-11-17 03:11:40,"It's so wonderful to hear your story and feedback - thank you so much! We pray for you to have an amazing, safe, and empowered birth. God bless you and your family!",2018-11-26 18:17:54
gp:AOqpTOEGKsuQhMQApNsXT9eA8UnHhqlCjntdkda_EL4MlL85f_DaApEcFnn73NrryY8aeaLJzjT7tSyQ55oNzA,Jami Strickland,https://play-lh.googleusercontent.com/-ARbhzL8HF3s/AAAAAAAAAAI/AAAAAAAAAAA/AMZuucnrj143LA3-vdYcsGQRqWC-tQEFbw/photo.jpg,I love this app. Due in Feburary and was looking through hypnobirthing courses and programs and stumbled across this. It's awesome to be able to apply the breathing techniques and meditation and be reminded to lean on my daddy God and acknowledge that my strength comes from him. This app has and will continue to be a blessing for me and my husband leading up to when baby is born. Thank you.,5,3,3.0,2018-10-28 00:49:58,"Thanks so much for this feedback Jami! It's so wonderful to hear the app has been helping you to connect with our Heavenly Father and lean on Him. God bless you and your family, and we pray for you to have an absolutely amazing, safe and relaxed birth.",2018-11-26 18:20:38
gp:AOqpTOFI0gz-tKpSJ-IhhP2Iq6aqBlb2Xyw79y0glBEyc3gdnnD5V0u_HcNNr4XEgkcLVmc4bTEafNAskHVm0w,Kathryn Fransko,https://play-lh.googleusercontent.com/a-/AOh14GhaJod_ChjNG4ExbRGLmdjOIjNOYrnCRMvKBDb_rA,"This app is amazing and did wonders for me during labor and delivery! I used the positive affirmations, prayers and meditation music well before labor to prep for the day. Listening to them during my contractions put me in THE ZONE. I was able to breathe through the contractions peacefully. I found myself in a state of peace and comfort, feeling the strength of the Lord with me. Perfect app. Just what I was looking for!",5,5,3.0,2018-10-19 13:22:03,Thank you for your review Kathryn! Sounds like such a beautiful and peaceful birth. So grateful to hear that the app was able to help you relax and trust our Heavenly Father. What a testimont to how perfectly God has designed us for birth. God bless!,2018-10-22 13:30:35
gp:AOqpTOGpwdb79jTna7MdiADI9uvcAge4N98xfQ1F4FQg5sN9rj3QJZjOm5Te-KD2N5te01jAWtekfIlyPxnFjA,Emily GS,https://play-lh.googleusercontent.com/-ntTIT2DUfwk/AAAAAAAAAAI/AAAAAAAAAAA/AMZuuclWP4ohLhXXlDEOt28z9pAzopee6A/photo.jpg,"I have not had my baby yet but it is already worth every penny- I enjoy listening to the positive affirmations, prayers, and scriptures especially. It's great for reminding us women that God designed our bodies perfectly for childbirth.",5,3,3.0,2018-09-25 17:38:38,"Thank you for sharing such lovely feedback Emily. We pray you have a blessed and safe birth! May God continue to give you all the strength and support you need, helping you to feel confident and relaxed throughout your pregnancy and birth.",2018-10-22 13:34:49
gp:AOqpTOFixiGHRhCTMhl96hHSjaFIGPYRxx670tyIyIBsRtyJHjP-QLkoSvxQYmiLZUPqjGZYydISFlIl9jNp7A,Emily Shaffer,https://play-lh.googleusercontent.com/-_2C7UbY2vxM/AAAAAAAAAAI/AAAAAAAAAAA/AMZuucm7zlq9jp1jKXVqPjy-74mES8XgMA/photo.jpg,"I love this app. It has helped me relax. I haven't given birth yet but I 
think it will be great to have",5,1,3.0,2018-08-17 07:02:57,Thank you very much Emily! We pray you and your baby have a safe and blessed birth. Please feel free to email us if you have any prayer requests or you're also welcome to join our 'Christian Mothers Group' on Facebook: https://www.facebook.com/groups/177169156441392/ God bless!,2018-08-18 12:41:47
gp:AOqpTOF47cuE_v8RNNr925Pa4kI7JsIZziiECgx10Y0XqkSFWpaXLeXsiaSpDpKTm1eR44NExlydXqkkvr0NOA,A Google user,https://play-lh.googleusercontent.com/EGemoI2NTXmTsBVtJqk8jxF9rh8ApRWfsIMQSt2uE4OcpQqbFu7f7NbTK05lx80nuSijCz7sc3a277R67g,"Wonderful and very very useful. I was unsure to buy but really helped pre 
and during my birth experience. I highly recomend to every mum-to-be.",5,2,3.0,2018-07-23 02:10:09,Thank you so much for your wonderful feedback! We're so grateful to hear you found the app useful. Many congratulations on your new bundle of joy! And blessings to you and your family.,2018-07-23 02:44:46
gp:AOqpTOER3vMjBIAj3sTeUaUSS_SnucLdzH8l1Vd76OuG8z3VsUQYt8QCDTXREUa9E-k1ic0yJcaNtvWFRwKxmQ,Emma Richards,https://play-lh.googleusercontent.com/-nnAZq-OG0dk/AAAAAAAAAAI/AAAAAAAAAAA/AMZuucneyG-osXvwE4zGv3PJvoeflUletA/photo.jpg,"Had some trouble initially, but the developers were very quick and helpful 
to resolve the problem. Looking forward to trying the app.",5,1,3.0,2018-07-20 12:24:03,"Thanks so much for your feedback Emma, and for helping us make improvements to the app. We really appreciate it! We pray for you and your baby's safety throughout your pregnancy and birth, and that listening to the tracks can help make the birth as relaxed and easy as possible. God bless!",2018-07-21 02:10:10
gp:AOqpTOHYlEAgTkchMKRcNvMBJiI2JvCQMNR0qG2pLvi8uzAEYYABvw-F_VzUsc9Jvoq1L7UJuuln1pn654BWZw,Gabriela Xu,https://play-lh.googleusercontent.com/a-/AOh14Gho70g4j7RllB7uxuHEtbtCxmvFYTPt6saPfCXS,"This app made me feel more confident about giving birth! The prayers, 
scriptures and music combined made the experience much comfortable knowing 
that God was with us throughout my baby's birth !! Thank you for creating 
this wonderful app",5,1,3.0,2018-07-19 12:37:24,Thank you so much! We are so grateful that the app helped you feel more confident and connected to God throughout your birth. Many congratulations on the birth of your beautiful baby. God bless!,2018-07-19 15:47:11
gp:AOqpTOFnzaomG-tv1gH0X-JNIqYGmf1Pwm1M0hQbp7w0LXz953_XlKSXeCKnQksQoGiwybHsrY_wmBLUGxIu5A,A Google user,https://play-lh.googleusercontent.com/EGemoI2NTXmTsBVtJqk8jxF9rh8ApRWfsIMQSt2uE4OcpQqbFu7f7NbTK05lx80nuSijCz7sc3a277R67g,Already enjoying this app greatly as I prepare for another home birth.,5,4,1.0,2018-05-31 03:42:54,Thank you for this lovely review. We pray the birth went beautifully.,2018-07-19 15:48:07
