reviewId,userName,userImage,content,score,thumbsUpCount,reviewCreatedVersion,at,replyContent,repliedAt
gp:AOqpTOEjeNqKgzHj6niRjtS9vEuzBjlNvVXRkLe4OmyOxbfYectoyxkLjWFBKTYGGuQS88a-O_tcJVumu-TO29M,SYLVESTER ESE,https://play-lh.googleusercontent.com/a-/AOh14Gj-0fOOYir8wrZn0FYk4v6Gt-yjtjgD28NVHWZO,"Yeepy...Am glad,I bought this project.Yes,am a Neumorphic freak.This is just simply classy and unique.Well thought out layout.We Love your work in Nigeria.",5,0,v2021.Jan.24.14,2021-01-25 19:36:33,Thank you friend for your rating I hope you enjoy it blessings 👍,2021-01-25 20:00:05
gp:AOqpTOG65LI7DkSzwf7CwY51ipnHZIZbLZY1JbiGY7_1XillzH7yYG6DHj7Ups0HhaeTgfMg0jFa8zPcgakuP4Q,Jesus Asuncion,https://play-lh.googleusercontent.com/a-/AOh14GifVJpsn-GuvlbodeonnVrNwUTZjhzXgpWQgJfm2Qk,"The best looking neumorphism effect always with smooth transitions. It's also good to be unlocked , i can save my own settings to save time in editing shortcuts.",5,0,v2021.Jan.24.14,2021-01-24 16:23:04,"Thanks for your rating, hope you enjoy it blessings ☺️",2021-01-24 17:24:37
gp:AOqpTOH5LHhcRCyo3qhCBklc8VfZdvbtoVsv9NX9JEgoAijEdaqGCxmouW8c2oyugp8u8O64arD-FSFf8DWjNGI,CaiJin Shen,https://play-lh.googleusercontent.com/a-/AOh14GhpZ7MyzxZbcq8RhwTgEuah4NiSx4oGJ6xJeXX64g,"This is by far the best KLWP theme i have seen. Neat and clean. There is some setting issue initially but after contacting the author, he help me solve it within the day i bought the app. Fast respond and guide me through the troubleshooting process. Well done..",5,0,v2021.Jan.13.01,2021-01-24 04:09:24,"Thank you, CaiJin Shen, for your rating, I am very glad you like it, I hope you enjoy it, blessings 👍",2021-01-24 06:35:08
gp:AOqpTOESQ86Mr-x442mT-iB9FvEq6LsHMsaEVF9Usx6FiKjN8m7_DpO9xlw9YmCh2KcE5QyExXciEm0H3aATn48,DazednConfused,https://play-lh.googleusercontent.com/a-/AOh14Gj4D8MjOmPVbL1llMzg4lCUEPoXijUW-Q4qfSrRGQ,"Wow, absolutely amazing!!!! I think I own every one of your presets and love each and every one of them. This is one of my new favorites. Thank you.",5,0,v2021.Jan.13.01,2021-01-21 06:53:29,"Thank you again dear for your words I hope you enjoy it blessings, greetings ...🤗",2021-01-21 07:31:28
