reviewId,userName,userImage,content,score,thumbsUpCount,reviewCreatedVersion,at,replyContent,repliedAt
gp:AOqpTOGBRdFixn16CKv-x5DkRgAYeF3mXi6yq5SBuhZzMWhwO3M469VzSc35EcrkHIoyLVNfc_l_RsfWan8XJwk,Mark Clarkson,https://play-lh.googleusercontent.com/a-/AOh14GjOQ_ZvxepTz19yBxRkQAuzKeRmpYVS4-ZIuS7B7A,"A bit too easy at the start, but gets really tough later on. Great game!",5,0,1.04,2021-02-05 14:34:43,,
gp:AOqpTOFPSFEAAgtj5ZGoYShkpeyOskhGnbCA9_5EJMif0mpmu3E64-ValDb93L4q4Ad25IB6WybIRtetTa7D1oY,arlither,https://play-lh.googleusercontent.com/a-/AOh14GjH42p3ZAinaZU7yzt_kOAHhpnD9qvHVNZnQ9N2,"It's good, like a cross between Arknights and Dungeon Keeper, it has absolutely no IAP and everything in the game can be earned for free. The difficulty is alright, not too easy or hard, but you can challenge yourself with the runes that buff enemies.",4,1,,2021-02-02 18:24:29,,
gp:AOqpTOHln75F_afiIgkXiaxbAfFl-cwySbPUKdndPQGhnw2Jix_KIY5jjwTxkUHdzLhxbaTjsQ0Ehv8QHpkAu8A,Brandon Martinez,https://play-lh.googleusercontent.com/a-/AOh14Gj-dOPfWT64zs9SUNmOjCX4YaNGybE6jRA6DL1XuA,Great game! You get the whole thing for 3 dollars. No ads. Endless kudos to the devs for taking this route these days,5,1,1.04,2021-01-23 01:11:54,,
gp:AOqpTOF4WqLLmPWIXvIAEo6MZN0KODZTpcqLU8-RhGMT4pVISBtt9f4YjvVpntOyieDWY8W-N4d8XBw0kkLIDKM,silentvibe,https://play-lh.googleusercontent.com/a-/AOh14Gg2VAcmXzUk1ZAPbaDFhIg1s92JFGBhLGMeD68Z,Very good game. Just no real incentive for replay...which is a shame with such good gameplay. So after 10-12 hours maybe..game is finished.,5,0,1.04,2021-01-23 00:26:13,,
gp:AOqpTOHRElDnt6NpMRZ_ngBmYlB-kaA4TFWzHVinu7I7VfCTU9vtfr36m13IAPIF7T-l2FT7ZiPOaMaH68lmVW0,Glenn Preine,https://play-lh.googleusercontent.com/-Jjm7NxYpQhg/AAAAAAAAAAI/AAAAAAAAAAA/AMZuuckMH_i_5Pddhfs_MU_Jqb0onT4_lQ/photo.jpg,"Great twist on tower defense. Some decently tough levels as well, and mechanics of game allow you to change your strategy and re purpose your power ups as needed for each level.",5,0,1.04,2021-01-22 14:10:56,,
gp:AOqpTOGjoutORfqHTo1UBMTmBTMMv3nmgjzv_IeAih6elNApJQ4BIWHmKdVJxhh59r9hi05um30iqpoVVyDwqzE,Jason McFayden,https://play-lh.googleusercontent.com/-jq8QK37tTUg/AAAAAAAAAAI/AAAAAAAAAAA/AMZuucmrr_jo749Kj6bwoUvR-k0Us-WMcg/photo.jpg,"It's fun, but too difficult at higher levels. The rate of earning gems to advance traps is too little. And the reward for leveling up isn't enough since there is no way to decrease the price of traps short of spending gems. Dungeon warfare 2 is a much better game in those asprcts",3,6,1.04,2021-01-15 11:29:43,,
gp:AOqpTOH6Az_EswJc0ZmNCbjBjDVVJvMREttqhoRKLuFom4YrDWZoSdf80z6PoGAnBjCjE07ur9W70t6Iys020To,Mason Kaehler,https://play-lh.googleusercontent.com/a-/AOh14GgITj1uTHK4f6SHCvTBXPEhyo_TO863aWKi3xkNxu8,"Great tower defense game, with unique features.",5,0,1.04,2021-01-12 13:31:05,,
gp:AOqpTOEfX2r0JI7nurHdeAZ4n6IQkXY5tBaYSMYW8-Lp_iMy1LC8AqNRrR4M3vy9ui2SUx9iYkKh-DK8ztN2Cc8,Jared Elliott,https://play-lh.googleusercontent.com/a-/AOh14GgKURFwU12891GBvAPpl5kxhzyk60yjcvKCV07B-A,Challenging!,5,0,1.04,2021-01-10 19:00:35,,
gp:AOqpTOEm7tyVKfg5iJRHfteRtUCdCyCjDx4oplkoVj2kF9N-o6FRYYiwyAurNzc6dKbg2uM3Kz3yKDUTlryZR3o,Szymon Morawski,https://play-lh.googleusercontent.com/-NswD3pOIv3I/AAAAAAAAAAI/AAAAAAAAAAA/AMZuucmYbLYZzsuei2aSQMllBD-MPV534Q/photo.jpg,"Great game :) Hazard-like mechanics are limited, just pure gameplay.",5,0,1.04,2021-01-10 06:29:34,,
gp:AOqpTOGUAnAPxktbdIBa3bSJxCk7MkET2ACHS01YjbBgrs7QwZhs03id6tQfFBY8XHMDd-sgzwdLaOaGyHFVvDc,Stephen FitzMaurice,https://play-lh.googleusercontent.com/a-/AOh14GiZAornNDvsrQsdmMSS-rSm8P785_j2PmWqTN07ig,Best TD I've ever played. Buy it. Better than Rush.,5,0,1.04,2021-01-02 08:34:31,,
gp:AOqpTOGlfyqfVGDPcQKnbmFgGCFfFsntTzBTiUDuClB666kfRvSKwuHsuNtkO7Kl4_d1Rtps_vna8Y2M0L6x_ZQ,Justin M,https://play-lh.googleusercontent.com/-e2--1-CIq8I/AAAAAAAAAAI/AAAAAAAAAAA/AMZuucnuaOf2FBNyfkdD_TEMRufj3q2EoQ/photo.jpg,Extremely well done and a ton of fun,5,0,1.04,2021-01-02 00:19:40,,
gp:AOqpTOEmETgvEKnbBbfEg6eHEWEiFxtIWUWjIljLJy8IR2Iov05WXS4IgMLQkryiLDoRvsyCe42gO5r0uJ3vE1A,Prof Chuckles,https://play-lh.googleusercontent.com/a-/AOh14GgnB3GMpN6m0Esb8fu_pdVpEJeDG3x3ZsAyguY_sg,Wonderful game! I really like games that you can upgrade stuff and really see your progression.,5,0,1.04,2021-01-01 22:43:21,,
gp:AOqpTOGnURTu-8uGMX61lb2xsMX4CME3oIfvPcQQtAJ6lKnTq7HLPRzil09EobJMegBkB4h3j4a4P04Ym3uerHM,David Logan,https://play-lh.googleusercontent.com/-OeI5KdQyRLM/AAAAAAAAAAI/AAAAAAAAAAA/AMZuucktyEggRZOtpglrsDijhCpSTOZiug/photo.jpg,"An excellent game. Hours of play time. Fun, challenging, rewarding. Offline and no ads. Just like a classic PC game. If you're into life like graphics and cut scenes then this might not be for you, but if rewarding gameplay is what you're after then download! One request to the dev team, please can we have a save feature for endless levels??",5,15,1.04,2020-12-30 02:41:13,,
gp:AOqpTOEvRTdPhLvNUH-Wk2xCIY4Km-aTMnGVkKCdpFeMiPAVxHmZO_dZGXMKSCy5ju22dXyWTqR-2Vd0x9ma850,Tim Sullivan,https://play-lh.googleusercontent.com/a-/AOh14Gh5NSWfJxHLuT15pFgpQOafHZt4-1GnB0bLOQUx5g,I love this game. Set traps and kill guys.,5,0,1.04,2020-12-29 11:00:17,,
gp:AOqpTOFeE18zQXc_MPFfEeE8Ql_L7W04agr5tuvkpeMSrCas50wjpS2lZdVMYZdFzkfgMt1MdClEqqU4S_klmW0,Madeline Sherrod,https://play-lh.googleusercontent.com/-ge0h2ndb-SM/AAAAAAAAAAI/AAAAAAAAAAA/AMZuuck4bNw8Y5L2adB2L8FrB0e_F1svAg/photo.jpg,"Along with Dungeon Defense, these tower defense games inject much needed flair in their respective genres. I cannot begin to describe how exhilarating it is to watch carefully layed out traps make hamburger meat of the unfortunate adventurers lining up to invade my dungeons! The game weaves specialty ""runes"" that can be applied to each stage, which enforces unique challenges in exchange more experience points, giving players rewards for replaying stages previously won. A staple of tower defense.",5,5,1.04,2020-12-28 16:54:49,,
gp:AOqpTOGj7ABfisLhwIcxFLa0lQND6eGsdd9-S3Jee_ZoEZklV0Em3_ln2UH9riSugAd1OdZHPSMWWXuRPXYQtsw,Christopher H,https://play-lh.googleusercontent.com/-O-KCS-Vkhj0/AAAAAAAAAAI/AAAAAAAAAAA/AMZuuckPIXaYa6KtOAhxiGW9To_I9PHYMA/photo.jpg,Best RPG TD since Gemcraft!,5,0,1.04,2020-12-27 11:42:14,,
gp:AOqpTOGxQgdLx-xtCYYt2D7oO29DjYaGP3OkO9PuW924A7QtPxMNq8IjZCjzSDrNNRVCl4y-r9RsXwgd9phqreg,AmyAnn Lease,https://play-lh.googleusercontent.com/a-/AOh14GjyYeX-K1cjzdSLiyJF-uspiEextPFDGH-8PkkQjR4,I love this game. Yes you will struggle in the begining but the more younplay the better it gets.,5,0,1.04,2020-12-23 23:17:06,,
gp:AOqpTOF8vRO8wHIrYUduR4BbaFcWERX1DV41v1PDZkkDizK8TeL0XJaDJ653rkPQxvebJdJiMjtQz_rSt7a1UVc,neil holmes,https://play-lh.googleusercontent.com/-5NgwQ8GHwlY/AAAAAAAAAAI/AAAAAAAAAAA/AMZuuckvoxq6QVf6ayysxu1AUl4yw6_sjg/photo.jpg,"Played it through. Play pass. A different kind of tower defence, but guess it will appeal to those sort of players. Innovative and enjoyed it. Wish the graphics were a bit better. Will prob buy the second one. Edit:forgot to mention NO IAP thank christ for that",5,2,1.04,2020-12-22 15:57:31,,
gp:AOqpTOEzEXi4fQ3Ku6nn--7SDYOGri190dRuaj6zNnKL0Q1lfzrtfoBJwDl73mR_uWllnSJEfxnCcCdLMZnfaws,Ricky Cullen,https://play-lh.googleusercontent.com/a-/AOh14GjJkKoYpw547NBBiDNnzpBkpQBa4Y84azpHQpCzFA,Fun and really enjoyable throwing enemies down holes or pools of lava,5,0,1.04,2020-12-21 18:52:25,,
gp:AOqpTOH8QRAPFr3DTv90k8hmn3lQDQNlC9L8GrC96iQJTdjyqrQ-wrbEcwUDUB6_RlKsezmogU1zLAdrPpZiJWA,Yeonni Storm,https://play-lh.googleusercontent.com/a-/AOh14Gg65Mbg7VuU0t-ANHzHzG-vqerwT_-uIeBcdO760A,"I've tried a ton of tower defense games and this one hits just the right spot for me. Lots of levels, lots of modifiers, lots of towers. Only complaint: no info on what the enemies actually do, but it's visually pretty easy to figure out so it's no biggie.",5,5,1.04,2020-12-21 18:35:24,,
gp:AOqpTOER6CQLBSzWNfYLp0PcvkhrjFjle2tqj6UDY9sIUodY3igih-MPWXhQSiucjV_ME5_I59auKyEDsPADlT8,snek,https://play-lh.googleusercontent.com/-LRK5AbUaZB0/AAAAAAAAAAI/AAAAAAAAejY/AMZuucms-VVmslipgMHQi5xH2OVH8dNLBQ/photo.jpg,I'm totally hooked. Can be very challenging at times but sometimes you just need to find the right combination and then just watch the carnage,5,0,1.04,2020-12-20 06:57:39,,
gp:AOqpTOG5yLN4kSSdzzjeUv0_raLb-h9UGFpmZz2_nz3e5qS1YglTm4brABeI14pgAOssBtEYIeO-wJvtarCx-1Q,Pedro,https://play-lh.googleusercontent.com/-eoDsRhbESjM/AAAAAAAAAAI/AAAAAAADBVI/AMZuucndc-zKfFzBl0OdU9X2QUjjfFiuRQ/photo.jpg,"It's fun initially, then after a few levels (10?) I dont find it as fun, and dont feel like starting a new match",3,0,1.04,2020-12-19 03:33:36,,
gp:AOqpTOFL-ImRKgnynqhwRZ52cx6e6Pe3OxV8P13cjPTnvjf5BLDxxU3L30DLkA8adDbwZyVmJFPUQqbI-h-MpyA,Golova Phone,https://play-lh.googleusercontent.com/-GJtjPjVzbKE/AAAAAAAAAAI/AAAAAAAAAAA/AMZuucnyktUPEXs_7RSnYE10nmoEyt8xqA/photo.jpg,Solid Tower Defense!!!,5,0,,2020-12-18 19:37:27,,
gp:AOqpTOFYhfiM4SJRAuk9--rSx94jrPCAIBFgpMv7g9iP5jARZy_x6HrsHbzQPCJytybqNxpupDxhmw3kYA5J3SE,Stachys Tablet,https://play-lh.googleusercontent.com/-N38yvuo21b4/AAAAAAAAAAI/AAAAAAAAAAA/AMZuuckMbXW64m7fbyfRuY0pRt_kIgFBKw/photo.jpg,One of the best TD games,5,0,1.04,2020-12-18 13:29:20,,
gp:AOqpTOGeCWhb03BI0LSQvYMwM1LaQgSylpngGPoFQBO7jA3gCJhMnjqvDaFYZfRuzwx5TGM8K25DX-BqCMZNEqo,mas.k unknown,https://play-lh.googleusercontent.com/-obMWSfm8rDk/AAAAAAAAAAI/AAAAAAAAAAA/AMZuucklAu01UMQ0AZfHdkElMHkYEjnl8Q/photo.jpg,Good gameplay will purchase the second one after I finish this one as a cheap Christmas present for myself,5,0,1.04,2020-12-18 10:59:22,,
gp:AOqpTOEpmR7GI0UgioU_ME3t-6UuFBBhqODv2G3kRTW6vUg-EHFcF1z0LEjJiXcmrjJjqRPfSU2zryWYPCUPQJ0,Chris Anderson,https://play-lh.googleusercontent.com/a-/AOh14GjA_t-9mSIliPxXiG1wWd-1eTGhEq-iDp_WeYnQ,"The best tower defense game on mobile by far. Worth the price. Buy it, play it.",5,0,1.04,2020-12-16 05:41:17,,
gp:AOqpTOHiyAprs3pwnMSLU1JKcKCqWqnL9mDNT9goxfFtR2dpebg6ZVELv-Wrh09qBe5lZ1wjdjDynMbQc1xFw78,Ravinder Saluja,https://play-lh.googleusercontent.com/a-/AOh14GhyHrob26J2AScH4D8BGcU5cRT5gaQ5Lgv_stJ4Cw,Love the dungeon feel to it. Great so far!,4,0,1.04,2020-12-12 16:44:40,,
gp:AOqpTOEnpwDfhx3q4Rs7mi5EyF1JaGjqlo8qXoDpPYhSIV-Jr_U_QOZOesBXnaSyaTp7NCmsEsU1PvBJbZoIlJI,the chillaholix,https://play-lh.googleusercontent.com/a-/AOh14GijJ8Ifxeu4WIlTL02PxBYrxV1yIf_wXqsS_weQ-A,It was great but a few traps need to be buffed and I feel like I few need to be nerfed but I don't know which first of the spike trap not the floor one the one in the walls it should Pierce through any enemy no matter what may not kill him but it should Pierce through all the enemies in its rangebecause I view it as group killing power but when it shoots once every three seconds which may seem fast but it's not considering the things I'm trying to kill in a single hit,4,0,,2020-12-06 17:36:22,,
gp:AOqpTOEWi0pHZqF1Jin57MoVdO4j7o1-tFwZ9UtshnXzOmmajoKGrFhbqeHVR90mWpfGG_11kK_Ma6NLimUf4Bs,Kyle Higgins,https://play-lh.googleusercontent.com/a-/AOh14Gji-qlUJCw5klmwFDb2N25ctANmVbAZkhBQir3S,"No ads. Seems really fun so far, decent bit of challenge. Love the art style.",5,2,1.04,2020-12-05 12:07:16,,
gp:AOqpTOG4tky5sa9KSCV42U8ecEtSYn1GRX92YpaZrISbtOUBTgcEyufQPP_lIDlZb66CQxKm-ntTJJUCWp9TEZ0,Gord Tooley,https://play-lh.googleusercontent.com/-Xcdc534NrT0/AAAAAAAAAAI/AAAAAAAAAAA/AMZuucnoCHhejoij1iaFn_xr1H3QCA3rvA/photo.jpg,"Free defences games work better without glitches, no matter how good a game is if it does not work then it is no good",1,0,,2020-12-03 17:23:26,,
gp:AOqpTOF-2RAx8gKL814LvUxSMFMvUzaH6O0prwpmhyLwzf82DhMceoNy0lAHulR52oQDVOGvSMiaykpYMO4vSiw,Shelli Upshaw,https://play-lh.googleusercontent.com/a-/AOh14GiKFl2A-a6FBs1m9wwiSKIMI5RWwqW51fhRYhbBUc4,If you love tower games. I definitely recommend this one. I enjoy the game play. Its very easy to pick up on. I like dungeon the aspect more than the tower.,5,7,1.04,2020-12-03 14:00:07,,
gp:AOqpTOHpv3Ne4sp07rD7IZzpUBXn2fIxuAa8fBzxcvto3KUW7daaJeSgX5Wx9JB0eKa-6n6aIPV8n1Mj9-zQNm0,John Doe,https://play-lh.googleusercontent.com/-oIT-eoDySUs/AAAAAAAAAAI/AAAAAAAAAAA/AMZuucnD3bSzxUcZRkc5tZVMDZ3wsRKi8Q/photo.jpg,Awesome but gets boring rather quick in my opinion,5,1,1.04,2020-11-29 20:47:46,,
gp:AOqpTOHzd7w9GYA7MaddS4Yp69m8aSSUpv5kg-GklR22VzrYnH5lp-SqvTdO8by-2iByJmPm_ux6M35Veo40vaQ,Alexander Larsen,https://play-lh.googleusercontent.com/a-/AOh14GiDJ1ker9Ddsgq4tl9s4Z91u9TQUYAt2QT0SQMn,Dungeon Warfare is one of the best tower defense games I have played,5,0,1.04,2020-11-28 16:23:38,,
gp:AOqpTOF8zJugeeUJ-iBrhCHZonMVlqltchS_w37OmcgAHgSwfUzNJ2cvJUAlYD-sGUpEs2HtmRCzLMs_KJt6VZg,David Arcila,https://play-lh.googleusercontent.com/a-/AOh14GjoDGuttv3QmPspWPbDtxI7sseGUg1lQCh3fvHlXQ,I'm having a blast with this game. The graphics makes me remember DOS games I played in my childhood.,5,0,1.04,2020-11-24 21:14:17,,
gp:AOqpTOF_8Y2LZjor8M6YmcJu_z4zaxarHUMVJ4qLzw-fD7z5R412PFXom92Mjq1AYSuoFg-ghvrF9zNYw-21w90,Joey Does Stuff!,https://play-lh.googleusercontent.com/a-/AOh14Gj2R13CjbcESNciPoE1Iv2jje6LMNxuMpGutGSQ7g,"You know those awesome ads that sometimes pop up with a little flash game with age of empire RTS elements, but the app being advertised is actually a micro transaction nightmare with no redeeming qualities? And you sit there and think, god, I wish I could just play a game that is a deeper more nuanced version of the ad? THIS IS THAT GAME. I honestly had lost hope in the mobile game industry to scratch that itch, but this is a shining example of the value in paying upfront for games, phenomenal",5,52,1.04,2020-11-23 12:42:44,,
gp:AOqpTOGYvR1futodY5G8vHST9pWc885wyvVfhO0k1DHpuctHHjPasFkSUejwDF7iSYpdlKpjH8VRkHwrAuTLIUQ,Martin Roman,https://play-lh.googleusercontent.com/a-/AOh14GiR5HOUbQbWvPViDVBtYUBgG06ITDo4L2yENMFcKA,Best Tower defense ever !!!!,5,0,1.04,2020-11-18 13:30:47,,
gp:AOqpTOGEMrH2z0HjqdGPxSv95YHxDUUbcMewkeWR-d-z-yY5KLBhX5iukdBnpg7cRQu4v1JeSdqUqP5In12kc30,/\\//,https://play-lh.googleusercontent.com/a-/AOh14GjAI8JtT1mW1bpDntcfHjZ9uwEiUK0fr1GDQB2uHQ,"I really love this game. It has a great art style, amazing music, and it's really hard",5,0,1.04,2020-11-16 12:10:11,,
gp:AOqpTOGFOaYmvRipeCdARSEqOBVCXTNR8OgxeHg9g3Mm-rAf214ajd4__9ljjyM7xH6ZMYtsnmFKc4trH3lvv-k,Louis Quattrocchi,https://play-lh.googleusercontent.com/a-/AOh14GghmyEKlo6q0wvK9CGeynjj0OAvoVduplBtIZGO_g,"Really amazing game, map, and towers",5,0,1.04,2020-11-12 10:47:34,,
gp:AOqpTOEl7rY7AenI0gNc2rp2jnlX4mxXBBuRgSmpQN7ZRDbencLU5bZ7XB8kNCvRimuZ7bHPHA42xDMHNiFAZ-w,Mehraj Bari,https://play-lh.googleusercontent.com/a-/AOh14GgxOZfvhqSd6SKeyCHMi9vZg7M4aEYeztXjKPFo,Magnificent game.,5,0,1.04,2020-11-11 14:41:53,,
gp:AOqpTOHl5KBTJsXlP3YwVocRTtdIaXCG1K9C7I2aVAaZn8tu36CVzQ4MgIcu4SmyATqJj-N50MRu1hE3_fDRygc,Kenneth Harris,https://play-lh.googleusercontent.com/a-/AOh14Gi6ffe36VzK--A0inwfd7Emd8SvaHuqAJb52W_8Ow,"No ads, worth every penny. Plays like a nice chill tower defence, no super one use optional (wink wink) items in this game.",5,24,1.04,2020-11-11 13:32:00,,
gp:AOqpTOHfaUojLwxjQEe-pEkersBZ1TL3yM_AxeYOOeKVPJWZCBcDkkJNLE8rh9myhNKxHaWX041J5dEKS4nOhZI,Steven Sheppard,https://play-lh.googleusercontent.com/a-/AOh14Ggk7RUpzOYptSUTRIqU007iUBkiIVB8lxzyR-WK,Great tower defence game with a Dungeon Keeper vibe. Keep those heroes out of your throne room!,5,0,1.04,2020-11-10 08:08:37,,
gp:AOqpTOGNChuMrgI86ADGO7G9ijDdrTJpy0D2ANY-QuWnbmZ4g1dbgKy8NMhRFBXdG6ePs_w5LpBIof1XqUtNwdg,Agreeance,https://play-lh.googleusercontent.com/a-/AOh14GhNsrFD2FLiO-Jpt-jpD6FNuFFuRN9SR3uYwkECDA,"A really interesting take on tower defense, really love the game",5,2,1.04,2020-11-09 10:05:13,,
gp:AOqpTOE2Pmki_Z7_jjIDLYpvtP64MGFG4Ew_UNWlb8VVVtEe9dlXKqVoWzqDLaC_ekzrtPjoZmIf2xaJL7y8CBM,Scott Mondon,https://play-lh.googleusercontent.com/a-/AOh14Ggtq2QDQvwHn1_dS7RoGKPQ1AGInXT3MS3A2zgGfxw,Brilliant tower defence game with loads of mechanics and level varience that keeps you engaged. Well worth playing.,5,8,1.04,2020-11-08 06:16:35,,
gp:AOqpTOE7MnaKjDrX1Aug1vAXOSCbkQgwiSV8MOlgmF76WJvOFd_paaHe7d_R038khHhJxC_jS54lHHziXPjWYuk,Susan Galloway,https://play-lh.googleusercontent.com/-hYdD9ZXiQ8w/AAAAAAAAAAI/AAAAAAAAAAA/AMZuuclGw178M1Kb45hyY7YOQDv_7mjlNg/photo.jpg,Can you add the rest of the enemies in the encyclopedia please?,5,0,1.04,2020-11-04 11:41:58,,
gp:AOqpTOEnzGkGkMR4bKAlQ428rYzBwvLkCD2n_ux2R8mVARIYI74SnABtwsJukD5WXYhCKGcxajB7jeaT6J4NuZw,nikluz,https://play-lh.googleusercontent.com/a-/AOh14GhOxcKDi4Sl3uGmHdlxlEWSlqZcpf4M1eEsNGqf-A,I really love this game. You did an amazing job. Still trying to beat the All Heroes Must Die level but I love how no matter how many times I play it I can keep coming up with new strategies.,5,16,1.04,2020-10-28 22:12:41,,
gp:AOqpTOFO0CC3NJA41TQHpFmVS2Lf1274oIOq-pZMf4-qBFRNWU63hp5kJ1QvOSObZ1ipX5KdnSlqeocrqQbxptI,000o000,https://play-lh.googleusercontent.com/a-/AOh14GjCfMk5e8zIfzM9_VQsBKeWHg7Ef2lsQSPzGpkk,"It's a quintessential tower defense game for cheap, on mobile, with no hidden fees, gatcha mechanics, or ads..",5,17,1.04,2020-10-24 12:35:31,,
gp:AOqpTOFNgpQG1mSpdzo2wmHfAM9DkzydMZSC0XIE7rahrzAqbq6XPL3bi9tWWTsAujzV4p8s7DThwEy015VdbWk,Anandhu Nair,https://play-lh.googleusercontent.com/a-/AOh14Gh4k4TKLza0wqL2nlMFxOeGl8WEbgEAsMEQEvmH,Pains me to reduce a star but please update game for notched screen devices. I can only see the 2 digits of exp on right side top.,4,3,1.04,2020-10-06 08:46:44,,
gp:AOqpTOF-BzJ14pzqdaDZ4gKH5ISdDwvjPchqwotr2OX13UtfLlrxScnXoe0HZsldYYCnrjuGe1lPFc7nCcqgFvw,Charles Falconer,https://play-lh.googleusercontent.com/a-/AOh14GjNvsKsebXgplYIK40Uc5VtFIFP0vSoq8cqXLzerFw,"If you play one tower defense game it should be this. Fun physics based death, environment traps, fun yet challenging. No in app purchases!",5,0,1.04,2020-08-30 09:58:17,,
gp:AOqpTOGafX6z6TRNHNrbeoPHi8yDEcos_XRrLWqv2e6NIoDfWZCnDd_OOy2YVWoC0cx5BQiiKUe41Rin-_jURDU,IceKarma,https://play-lh.googleusercontent.com/a-/AOh14GgagLctPd_6m_MllCk3LkOzj8OjQ8rV-R5E-je9,"Absolutely the best tower defense game series available on the play store. No ads or in-app mtx, just a quality indie title. Love that they went for their own pixel art style over the endless cartoon style TD games out there.",5,2,1.04,2020-08-28 19:00:25,,
gp:AOqpTOHn2lyZvgH1-rXUee6P9JP3S_7fGwSxWSOf4hf6OPC7oHGkIQv3TZfKHBlk1iBSNj_5p-MEs5g3joEBYCA,M Gauthier-Kwan,https://play-lh.googleusercontent.com/a-/AOh14Gg7_oE9qjg4vqM8gDGEhsqfva92C6V8WdEUzg72iw,"Fun TD gem. Challenging right from the start, but achievable when you attempt different strategies.",5,0,1.04,2020-07-25 08:03:20,,
gp:AOqpTOG6Oplwy-cy6uXoER-5v8K9UyZAQVyihQDVpbZWjodvqyb9lE_1ygNY5k4nXe2MTfCpkGkbSCqUnHnLkKE,Chuck Brandenburg,https://play-lh.googleusercontent.com/-OhBObp8sluU/AAAAAAAAAAI/AAAAAAAAAAA/AMZuuclCjb3S2A1FZpSo-6c7X0bA9UhvBQ/photo.jpg,"Great game! It is a tower defence game set in a dungeon, it starts off easy and give you a lot of difficulty options. The last level is very hard.",5,2,1.04,2020-07-08 18:32:04,,
gp:AOqpTOGpCuQ-O78KYc2H5b6zMG7m1ndIES-gH-_192D2Xg84LOhLBYg_8c3xGz9UL7Z1vk9lv9MCcv8-Ci8hx1s,Jake Hess,https://play-lh.googleusercontent.com/a-/AOh14GjO0V-uVdrUmK07qrJjL94xLnn_1n_VzCH4dMkZ,"Edited for update. Fixed my freezes. Thank you, best tower defense game",5,1,1.04,2020-06-28 17:39:59,,
gp:AOqpTOEd31M_J59VLtF_P3sGpqYgOYLwNhkJz9QH1MElG-iBx6s-bhtcBcdBgq1tttpPkeTDeh74SGnNrxypGRU,Mike Slaxer,https://play-lh.googleusercontent.com/a-/AOh14Gi6OOUzcWdkb6omMKUPyolsgJLJM0okCjrPS6nF,Very entertaining,5,0,1.04,2020-06-14 07:00:42,,
gp:AOqpTOHTiaMbCCk1A7rwqlMn5vjING3WE5hj6rItf6kW5Pln5OpqG--h9DIpt6ML9_7qtSEg7xiQdGcny5Ohw-E,Jo g.,https://play-lh.googleusercontent.com/a-/AOh14GiDwGQvnSHoHhQAbdok5AsxvH80a3F_Ldp2zE3_lZo,Morfun.,5,0,1.04,2020-06-13 14:02:03,,
gp:AOqpTOEjamrCqh4X-iyN7lHM6ePMJfJFzyQltCRL1pt41hLgJHmCSgJx5z47MeaDLVaKUctQOk1CRYA2WQjArf0,Aaa Ppp,https://play-lh.googleusercontent.com/a-/AOh14GilhNWfxQGT9P35erhsLciI0KoEnLbybytFQGE,"Wow. What a fantastic game we have here. No ads, no iAP. It almost feels strange nowadays, in a good way. This is a hardcore tower defense game with physics implemented right. Extremely difficult at higher difficult. Forces me to think of the best traps and paths. Thanks for this. Better yet, I was coming write this review and i found out there is version 2 of this game. Bought it.",5,10,1.04,2020-06-02 22:04:10,,
gp:AOqpTOHSJ7LDyd-ynhD1mmsIzQ2VldAg03lSpENtey2yERLAEbkvJf9KXSiZJ1atqIJ9Pe1ebV1bVcEPj4tl7Aw,Angela Campos,https://play-lh.googleusercontent.com/-wawd-N_tdA0/AAAAAAAAAAI/AAAAAAAAAAA/AMZuucmt_t4x4UhKhY_g1gZ3F30LKHT3Rw/photo.jpg,"I normally dont leave game reviews but I had to for this one. No pay to win. It's an incredibly detailed and repayable tower defense. It's an unconventional one in that the environment plays a large part of your strategy. I love how the weight of each enemy plays into the physics of it and you can add ""runes"" to increase difficulty. This is a perfect game in every way",5,5,1.04,2020-06-01 13:53:20,,
gp:AOqpTOEqf_U7dd5koOZwzJAaNnKm8S3RGF0jySy9vdIy5Y1SO8eZRLm8YSGtcztmF2JbTKHjoULYLRdnMy-DboA,Kevin Ruley,https://play-lh.googleusercontent.com/-f_x_x6tTKjQ/AAAAAAAAAAI/AAAAAAAAAAA/AMZuuckphRdYpb3oWWDoLvROBeYX1RJF1g/photo.jpg,"Well made game. ""Impressive""!!! Lots of fun.",5,0,1.04,2020-04-02 11:28:06,,
gp:AOqpTOFZsrP7sknfTMvT2ojH_0aHJyTWhhorlpSJzR-Ju3Mb6RU-SO6gnb5AmnsIgHNC8_L4x5SwNCy4lC8FSgU,Ezequiel Romero,https://play-lh.googleusercontent.com/a-/AOh14GhL03k1gvGoLgAUsVs20h2wGdSYiDlHhjCTe6ngDQ,"Pay once and enjoy am actual game. Very well done, sounds are satisfying and the gameplay is as challenging as you want to make it. Mechanics are easy to grasp and each ""trap"" is well explained with a demonstration to boot.",5,8,1.04,2020-02-24 13:05:28,,
gp:AOqpTOHaXUl5C5e4H8a4UltVztnIMe95A46wXgPAT1gmyIlD4cC2uDcUuYGp6NkoXGo5kzvEg2mW94hWGTHYZII,Roberto Sakura,https://play-lh.googleusercontent.com/a-/AOh14GhOu2olZ0dwprTJkmSNRSk37ch_2k3hZ2k87_7P2g,Great game. Best tower defense. Gave it a lower rating because now it just crashes when I select some of the dungeons (Pixel 3a),2,0,1.04,2020-02-04 17:28:08,,
gp:AOqpTOFkLPR6F-48QLD2N179MmOj2LGvA9Twwzqi7wg4xNZ5tvBVfEp6OE9B1Z4apDGA3BnuUdZhflawtd0M8-0,Ben The IT Guy,https://play-lh.googleusercontent.com/a-/AOh14GiA7yJzL3R9t8NH3JuoDhHMcC594tj2BCVoJqbTreA,"Epic tower defence that's balanced for different play styles and has an awesome late game skill tree mechanic that rewards replaying levels at a higher difficulty, I do not regret paying cash for this game and I'm a tight budget spender!",5,4,1.04,2020-01-16 15:31:17,,
gp:AOqpTOHH-4s2jS3LoDaqd4DbvdUeQeDIa9B5Gm-bE-TtgUQm7doTtMcF-AhQpR6KbC063gS5hsSUJkXE1z917G0,Julian Gorman,https://play-lh.googleusercontent.com/a-/AOh14GhiJtfOLtjBabOUx1u7obzQMzGP_HpJ8qy1PF5PNg,"Tower defense like Dungeon Keeper in 8bit. Hilarious physics, using cannonpult to fling people off cliffs or into spikes is especially funny. Better than bloons. No IAP! Great indy dev doing it for the passion. Replayable with multiple ways to beat each level. Rewards clever tactics over button mashing. You can choose your style of play, and since I hate button mashing added to other TD, it's perfect. Play your way. Perhaps one of the greatest TD ever made, Dungeon Warfare is brilliant.",5,12,1.04,2019-11-21 10:12:30,,
gp:AOqpTOEkpG6Y4kUl6vV8md64tnLPjGNLtZav1Xtk3V8fDJWDQ7nWmHDimNu4N67LCy1mEf6DRdUVyvd5Z1qc77I,Jared Rogers,https://play-lh.googleusercontent.com/-bU7ecsvyZms/AAAAAAAAAAI/AAAAAAAAAAA/AMZuucmrB8dsWEa_c9Y5_GkrcYiY1Z_ycA/photo.jpg,It's a great tower defense without any micro transactions. 100% buy to play 👍,5,1,1.04,2019-10-19 12:59:52,,
gp:AOqpTOFHhp6N416y-g1u0DNcjgsy49HQOiLyfbWOMrCdtvk1tE0Jsy3uLr_JUqNPJ-kwvw-RL8WSMvmhGJ0jOGc,Luke Baldwin-Brown,https://play-lh.googleusercontent.com/-1ss455Z3hcg/AAAAAAAAAAI/AAAAAAAAAAA/AMZuucnDvVij3tmklXsnhg0le8eJ3LNM1A/photo.jpg,"Having played a lot of tower defenses over the years, this one is easily the best. Pace of play is great, skill curve is brilliantly adjustable with the rune system, replayability is excellent, and every turret feels like a critical addition whose utility is tightly entwined with the landscape at play. If you like tower defense games, you are doing yourself a disservice by not giving this game a go.",5,2,1.04,2019-10-18 18:38:28,,
gp:AOqpTOFTFQLZoynERfjhDrYRu-JMo1a1Yr9RRvpH56MMk4GsGMmm8CBVWV9HJLBt4HNYj-FSQIA9mWB4-H5-n28,Alex Janas,https://play-lh.googleusercontent.com/a-/AOh14Gha31quD6VhoQO4ZiTReADK3wOkE2TMpaj5rMYfpoQ,Excellent tower defense game that kept me coming back for hours. You can add customizers to levels to make them more difficult and worth more points.,5,0,,2019-09-18 19:29:44,,
gp:AOqpTOG6VjfvuvkEL4FBmsThZU8BLntIsjiGeyt4Ab3aEPRdJPtXjNrNvoZ4xN53DhcnsQK9DDNmAJbpEk9VSSo,Joe Thorp,https://play-lh.googleusercontent.com/a-/AOh14GioW5c-YkpQBOD_C020AoWyJzTC-bfTy9LgkdVEsA,"Excellent tower defense and no in app purchases. Pay once and enjoy a well done game. Great job, devs.",5,0,1.04,2019-09-04 04:45:47,,
gp:AOqpTOHfeBFWjGZz_Lr1sUF5CN2rjYhTus7bjWOFr7SoOMr9GjRDAx8oPyex0foIRuM9ESEUXql_sq9kj_sOgqk,Brandon Sheffield,https://play-lh.googleusercontent.com/a-/AOh14GgHKyUoA4EnaHcv33wyaE0s4Q2KFjaJBy4_c3wp,"The best tower defense game I've played - like a top down orcs must die, with clever traps and lots of challenge. Really excellent.",5,0,1.04,2019-08-22 01:29:27,,
gp:AOqpTOEVAxW3njVlIAnAQk3Xytxwsp-v5CN9FxtC9C5ExMAwsOlG52xEA_BxqPdCzVS3vpd0vA_H3mkcuKmwivM,Paul Gallaway,https://play-lh.googleusercontent.com/a-/AOh14GigJJFvqdUICpG9dddkr2GkG6cqkaQBUHPk-YRzqQ,Best tower defense game ever. Flawless.,5,0,1.04,2019-08-18 08:21:30,,
gp:AOqpTOFJT5NPtCG6A-wwAeFoz_kk4_N_9nJ8iJFdjhmwvY-Gy4Qo7HVX_emxkEJvwNyRBY7XSTLyACAwt5f4M1s,James Kephart,https://play-lh.googleusercontent.com/-t-JlIT9eKKQ/AAAAAAAAAAI/AAAAAAAAAAA/AMZuuclmVwZtPHR28XaJXatPV_WSWPPtvQ/photo.jpg,Please help! How do I place the barricades? I cant figure it out!,5,0,1.04,2019-08-17 07:28:41,,
gp:AOqpTOHP1iCmAiVGAUjIV753aepkl58zfSKmH3cVi3L_o6vFwO7imYflC6qsLl0KgGMN8n6OgTeKhngEw67emdo,A B,https://play-lh.googleusercontent.com/a-/AOh14Ghb1hs29goH6xnEQNNqchN7YnaicrohtSfTrpXP8Q,"great, just like DW2, I highly reccomend for any TD fans.",5,0,1.04,2019-07-28 18:34:02,,
gp:AOqpTOHcEYkEQ4kEZziSmHThghjuojqC6dHBDuwf7LBjBsNWYNsFgYkDPgy11yris4J9KFRE7ondXCTRraVfdKQ,Ultimatefighter343,https://play-lh.googleusercontent.com/a-/AOh14GjVV98Wem_JjWpgkdyN-cKhLxkjiTnlEQmwVhu6,this has to be one of the best Tower Defense games ever and no microtransactions.,5,0,1.04,2019-07-25 18:31:33,,
gp:AOqpTOGK0QhcwQ9gHQMNBWT1t92dq-ufrLK-ZoVD8NZPnZqlHOJp3wBhEhm83K96hjlWgqHwt9c3C_JydqSJSQA,Stephen Waddell,https://play-lh.googleusercontent.com/-HN9D143DHPs/AAAAAAAAAAI/AAAAAAAAAAA/AMZuuckF2vu6tCseXjPRfCKLoEza8kJ7Vw/photo.jpg,"Great game, however the ""hold pause to open menu"" does not work. I have to try 10+ times to open the menu. Why doesn't pause just open the menu?",3,1,1.04,2019-07-19 16:35:31,,
gp:AOqpTOEsZCMiD4P5iV6yJkeP0SkOUZwAhoV0kC0uzideMAHXrj3mKs6l2Ln-Y_WCxPJ1Wbds22Wr3GDOezlQgt0,Robbie C,https://play-lh.googleusercontent.com/-sQOFQua4Ewg/AAAAAAAAAAI/AAAAAAAAACU/AMZuuclCTsKxDEvyGkAZ5mgzxuZWJNtb0w/photo.jpg,"An almost perfect tower defence game, until the second game came out!! 😁",5,0,1.04,2019-07-05 03:08:51,,
gp:AOqpTOHYI4U_ajBx_b4e4ctpAJt91q-N_0wRAL-N15fCRAJVvGBl6QVss5XpQt3UHskyqNfw7chowFObgeUcTsk,Justin M,https://play-lh.googleusercontent.com/-2Wfr7-S21-0/AAAAAAAAAAI/AAAAAAAAAAA/AMZuucnePw41BK_ER9GI6-oGoVvY679OhQ/photo.jpg,Great game. 1 time purchase. Plenty of fun,5,0,1.04,2019-06-28 18:51:24,,
gp:AOqpTOFtu1joqWtQM34GeNkPPyROpU9Kh0O4Xcd1ERpSgUYqCiglXTjPg4O8p4F8a9cBDfgS5Lb-c-eybJu0Bc0,Jeremy,https://play-lh.googleusercontent.com/-6PTRaGToP-E/AAAAAAAAAAI/AAAAAAAAAAA/AMZuuckxaEIyBI7QBm7jNU8fCZaXbOxCyg/photo.jpg,"fun but ""hold pause"" for the menu doesnt work. So every time i need to reset i have to reset the entire game.",2,1,1.04,2019-06-26 10:24:20,,
gp:AOqpTOE2cuv3ekH0i8TjYOOro7bpVmSNZMFfLShtu9CoahT2KbBKjFHLDBVPD0y45EN-q6fwexV9deAB7jdEopc,Pete Tisdall,https://play-lh.googleusercontent.com/a-/AOh14Gh683qsoYSXBa7Ircobk7I3yR1EOW5vCAqZaq1mKQ,Brilliantly designed tower defense with engaging progression,5,0,1.04,2019-06-09 01:59:44,,
gp:AOqpTOHwm6s97UdHN3N72wMUjfhvqqYtWxzKFP8FkGVNc6dk1BmDvUtS-QWKKRKwi2YIKKnreQ0PH3iRr7Cp9qk,Tony Dong,https://play-lh.googleusercontent.com/a-/AOh14GjQ7sQATv1PVqT0kup3xFUQ51Ov0kLuKOX4D0l5MQ,Good game without microtransactions or ads. Like orgasm to humanity's last hope.,5,0,1.04,2019-06-03 20:52:52,,
gp:AOqpTOGBZQJPyRDdek6oKlDomtGHyl_CoZt5BQH3iF5N5QK9eu9NQC5APYVigOzAvhsCNN4bSgyJbHXkD_9S7zg,Steve Taylor,https://play-lh.googleusercontent.com/a-/AOh14GjATILuzlnNn-V3o9WbHTMKS40tdWSlV_PxL2Az,"Best tower defense out there! I will be buying the second one but still have a long way to go in this one first, thanks devs superb! if you know the game Orcs Must Die on PC ps4 etc, this is like a top down version of that. if you like tower defense you can't go wrong.",5,1,1.04,2019-06-03 10:33:12,,
gp:AOqpTOFNQue-TJmWNkr50BIrzMAamNeuPFw6n4S6X6V0EG_Dj52kzYOry01ChvquIiix8xtS1S29kJ9D2QaRQ94,Domino842,https://play-lh.googleusercontent.com/a-/AOh14GjZpuSpolcTxUqXAmSlepvM5NGYa3Ok0kOln6H5mg,"Hey EA,you may have rights to Dngn Kpr carcass but its spirit is here🤘😈🤘",5,0,1.04,2019-05-31 11:59:07,,
gp:AOqpTOEbvlCVDmeObRoeS6xUm-AmhXfkmf6r7iU5kNOH6YblbaIEelXJhkLNt871yqFJQUNr_z9vZfGkX-agjkU,Joseph Keeler,https://play-lh.googleusercontent.com/a-/AOh14GhwJ8Irc90Wp9FrBrWLLdA7mM-wtDxckQz-ZvM,Amazing hame if your into tower defense games. 6 stars. ☺,5,0,,2019-05-23 21:38:55,,
gp:AOqpTOFQjsJzhEcRXLBfNS5Yfbz8csKyAE2HH6zkm1GWwpLFkjcNY1smRCxXKtxbbBd-gmZVbeEqj29VUcmfbjI,Måns Wikström,https://play-lh.googleusercontent.com/-D6B6WJs1gBI/AAAAAAAAAAI/AAAAAAAAAAA/AMZuucmlIpKOFP0RmT7urPt77B0oXI9rqw/photo.jpg,Superior tower defence game with thematics out of something like Dungeon Keeper with pixelated 2D graphics.,5,1,1.04,2019-05-13 22:03:40,,
gp:AOqpTOHRWOh-6dpaTyCQ9SErWsFDfNAuNiwYjj5oJ30hH4rio-nE0tuCxyv9QG4WuS0s04lmGwW05WT8wEG2dK8,Mike Harding,https://play-lh.googleusercontent.com/a-/AOh14GikGsUfoq9AAvyBdACfSlNMx5RFrTRXaOF19t7Bfw,Great,5,0,1.04,2019-05-04 17:55:08,,
gp:AOqpTOHkv0OA4ysVmnlBb_pT2otEg2gswK0ObXAeOybupyCK2HZIZFwnXQzDts4psBalMbWxLJvF-cgA7h28G8Q,Cameron Thierauf,https://play-lh.googleusercontent.com/a-/AOh14GiQ8G3QnScsWEaiR_uDaT2IgLWX0JA0N7vMWcTMCA,"Worth every dollar, thankyou for this awesome TD",5,0,1.04,2019-05-01 23:08:43,,
gp:AOqpTOHqUr97PnSgM8FRjGRFpvTetP1OmInnC6_QhmvQqRwkhcR1JkClID0j4-jZQ4Ua47OIczcCJm8V2cknrlQ,Pekelo Pusateri,https://play-lh.googleusercontent.com/a-/AOh14GjBZumjDVwJ9Qcw0t65ry0XTlPdcEtWn1WWpZMe,last update fixed the crashing! this game is amazing and i will soon purchase the second one!,5,0,1.04,2019-04-13 16:04:42,"Hello, Pekelo Pusateri. Sorry for the inconvenience.
We're investigating the issue and we'll solve it as soon as possible.

If you want to get refund please send your order number to our mail(valsargames@gmail.com)
Again, sorry for the inconvenience.

P.S) Could you please disable Samsung ""Game Launcher"" on settings and let us know if it works?",2019-03-30 17:45:56
gp:AOqpTOEBfh3AID1J5-1Slzadx94dyZOt535mRNULXnXeDpqeClwG7qLcdf07oXtw7LsgQ4mjJDgbb2LtGiJ-3NY,Scott Myers,https://play-lh.googleusercontent.com/a-/AOh14Gg35PFQukK9PxmSyOQfl_QkTa8OS5-DrGv2fqG9,Very enjoyable tower defense gameplay with a great old school PC game vibe,5,0,1.04,2019-04-09 13:47:08,,
gp:AOqpTOFt-3Chxocex8Csu8Lz3NFoKVhexVT1HOkdouPC3l9bjTXqSbm32Byyqae8xILyY6MSZKUlrFrTCXLuQOE,Dan Sadatian,https://play-lh.googleusercontent.com/a-/AOh14GjDejoPgcRKGpFXi4904WpK_ujjjj65T7r1oigh934,Definitely One Of Top Three Tower Defense Games.,5,2,1.04,2019-04-09 06:09:59,,
gp:AOqpTOGLFrads7hRMw4elaED_ex-WwvXkA8C4gghzP8Aamo0SScDxItVvOKJMxCSYO_He57hV-cI1mfMX-LGCeA,sput tnik,https://play-lh.googleusercontent.com/a-/AOh14GgBtx13CV6E99ICW0p11fhOZ8qUjMVe2uCjDsSm,"I wet my feet with tower defence playing Kingdom Rush which was really enjoyable but this is simply sublime. Graphics reminiscent of oldskool arcade Gauntlet but much more gory and visceral. Contrary to another review, there seems to be many ways to defeat each level but the game does demand a large amount of creative thinking. The sound effects, physics and hammed up music perfectly compliment the theme of cartoon heroes charging to their bloody death in a demonic dungeon. Simple but clever.",5,18,1.04,2019-04-07 02:00:56,,
gp:AOqpTOHHcGw42eu68r65PC-adhWAWhcxuQt79wGEn4MlF94wuw69YiWe6FgcPvJb0eXw1sDRb9WIrxnR4N8oyFs,Skeebo,https://play-lh.googleusercontent.com/a-/AOh14GioVLw6aMFA5I-5Yx0n7UIb17ejRicwLY6BCVbM,Fantastic TD game!,5,0,1.04,2019-04-06 19:20:56,"Hello,GulfCoastTiger2. Sorry for the inconvenience.
We're investigating the issue and we'll solve it as soon as possible.

If you want to get refund please send your order number to our mail(valsargames@gmail.com)
Again, sorry for the inconvenience.

P.S) Could you please disable Samsung ""Game Launcher"" on settings and let us know if it works?",2019-03-30 17:46:23
gp:AOqpTOFVeewfahLDuujMw7_JJLdI8chqxeaTodeunH7FcbgJgju1xv_g9JeX-VKoSjfRcXw5j7VB83X2-pioadA,Rattenus Rattoonus,https://play-lh.googleusercontent.com/-3oLmLIZ56f8/AAAAAAAAAAI/AAAAAAAAAAA/AMZuuckmooX3_-EutSHuhErSJpCXY57D9g/photo.jpg,"amazing game! i thought kingdom rush was a beast, but this is.... even beastier",5,4,1.04,2019-04-05 22:10:34,,
gp:AOqpTOHFMXOxOb8sqSqvFCuKaggtvkZm15LHIdfPqO3796Na8-nFTgVPrNwkYDa2I-PwlXa-503PIWZE5-GEluM,Jesse Engelkins,https://play-lh.googleusercontent.com/a-/AOh14GjkXf_0aF0pWPxj3FxVE8SYdBuUkMiClwFfhE3oGQ,"Fun, challenging while not being overwhelming. A solid game and would highly reccomend this diamond in the rough.",5,0,,2019-04-05 06:47:31,,
gp:AOqpTOGXPQoH4zCN4EfxV7pfkCK5SynlSOHQyUca-JfmHnC7cMTg_WepuwHYDY7KQNv_RxTVT3fuS46FEs7dAyo,Upside 3600,https://play-lh.googleusercontent.com/a-/AOh14GiHX4G_gwbqJCMS6T5vfQ8fmld3J3MNLOs0GZmO,Amazing game! A big thank you to the developer for promptly fixed crashing issue on Galaxy S10 Plus!,5,3,1.04,2019-04-05 02:41:48,"Hello, Upside 3600. Sorry for the inconvenience.
We're investigating the issue and we'll solve it as soon as possible.

If you want to get refund please send your order number to our mail(valsargames@gmail.com)
Again, sorry for the inconvenience.

P.S) Could you please disable Samsung ""Game Launcher"" on settings and let us know if it works?",2019-03-30 17:46:57
gp:AOqpTOHlQ9IiwNThY__G7_WF6PjqTQ2JUvG3KSjvNEnSkkOpHrRtfuJoIGRp6K2lUAyzyPJk7SwW5N3n8Wki6WU,Mitch Spring,https://play-lh.googleusercontent.com/a-/AOh14GghnmAkEsAwEAl7vp0JqMyCo-eGg9P5-crfzp3JMA,The best tower/maze game ever.,5,0,1.04,2019-04-04 18:16:17,,
gp:AOqpTOEzfk9D3R4Vgu3Q6zq9_YKuUQUjHpVPcJWT91JdeyXfYvYlYKLoSl0NXKUcswQngRLARfnA_Q6jQyAP9GY,Cody Howe,https://play-lh.googleusercontent.com/-APKxBTMUBdM/AAAAAAAAAAI/AAAAAAAAAAA/AMZuucmiUYlwzt1MLa5OcoBaAnoyKb1EWQ/photo.jpg,"Game is awesome I can't picture much more that can be added as far as updates. I do think you should make a number 2 tho. Maybe with a few heroes that you unlock via in game currency. And add upgrades to them as well would be great, and would make for you to integrate more intense boss battles... **Those ideas are for a Dungeon Defense 2** which I would be very grateful for Thank you for this Amazing TD!!! Make a Sequel Please will for sure buy!!!",5,10,1.02,2019-04-03 07:41:28,,
gp:AOqpTOFIh0z-gL1VN8jV28QFfO3vfDAzNWY2ELrHCEfsnrN9kzJyMFpZKmjAj8UkVONpbrgD8Q51iqxPJmb_eno,Ben Peterson,https://play-lh.googleusercontent.com/a-/AOh14Gh2qFvOjgngPv5WGuq2R7j6OLrIt8E20Oj6sQyFtVU,best game ever played on mobile. absolute treat,5,0,1.02,2019-03-31 13:54:02,,
gp:AOqpTOFjRev0__puJ2YM9cqHEKPaJ8HhfF5SnSC6O6T6uVX7v31ujxzDFxfqYoseBLoYru1GbciPKN04ptv7ASY,Cat Collision,https://play-lh.googleusercontent.com/-B44FjOumfw0/AAAAAAAAAAI/AAAAAAAAAAA/AMZuucl8eQsAkKG8b9Tz20eu49-4RBPVKg/photo.jpg,"Without a doubt, this is the best tower defense game on android.",5,0,1.02,2019-03-30 12:04:31,,
gp:AOqpTOHL7DeGI7qp0SKhYAZibfSxoPK7mUvtU5oZqWhmtZXcpipOU-_lWYVw5x9__ovuV9n0SjkJDBKoQu49iPg,David Noland,https://play-lh.googleusercontent.com/a-/AOh14GjKZHG2Qm5xAmfUM-rtenBThcdAHN1_E_bzOpmjeA,Won't play very long on s10plus without crashing. Will change review when issues are solved.,1,2,1.02,2019-03-26 19:40:26,"Hello, David Noland. Sorry for the inconvenience.
We're investigating the issue and we'll solve it as soon as possible.

If you want to get refund please send your order number to our mail(valsargames@gmail.com)
Again, sorry for the inconvenience.

P.S) Could you please disable Samsung ""Game Launcher"" on settings and let us know if it works?",2019-03-30 17:46:41
gp:AOqpTOEeN7WF-kq_b-4WvaucsUG30q_Sis5ChEbGsGUa7gGY4_6eCRsJMN3eazHoLRAHj7EraZ8wZzMKTEyXzc8,Check 123,https://play-lh.googleusercontent.com/a-/AOh14GhvkIojgFzOTTrDv6-41FgY7NrTi4xmMI3ldjgCyw,Nonstop fun. I bought this game because I was tired of micro transactions and being forced to rely on waiting for cooldowns to beat a level instead of skill or strategy. If you are all about strategy this is the game for you.,5,0,1.02,2019-03-23 22:50:37,,
gp:AOqpTOFfXwHmypgcZPz-6o72Oh3kCSXkZNwCO3H2Ddbb8IwTAgVYLuaIc7b1Nq9vfaBYc2m4Mc00uoQTXmKTAsg,A Google user,https://play-lh.googleusercontent.com/EGemoI2NTXmTsBVtJqk8jxF9rh8ApRWfsIMQSt2uE4OcpQqbFu7f7NbTK05lx80nuSijCz7sc3a277R67g,"Draws heavily from the Orcs Must Die series, and that's a good thing.",5,0,1.02,2019-03-21 08:34:29,,
gp:AOqpTOFTYnMBU7QAJFj1uDeDdjnBSio8T1pRaSRnGINH2b0bJJODaW4e_zwCJL7C-SKpSeAfB_zjTaDpWi8teOw,fignewts,https://play-lh.googleusercontent.com/a-/AOh14GiDhstIRclfjEnNYh2HJoMnygXkspGjGeoKYVgMNA,Amazing tower defense game. I had bought this just to try it and ended up falling in love with it.,5,0,1.02,2019-03-18 21:30:18,,
gp:AOqpTOGHTJORKABvI04aLMHfrscB15h-5I7BUMgDGdnrnh4EtoVDjodLGaA491x3xLy8Re3X4CkUgQrdE1EF2bQ,Christian Giesecke,https://play-lh.googleusercontent.com/a-/AOh14GjrNlPE-l1S5_460B2iA84dEr58unxWoOEzwEIsIA,"Hard tower defense, no micro transactions, lots of maps, good customization between each map, ways to increase the difficulty.",5,0,1.02,2019-03-04 07:04:07,,
gp:AOqpTOGQ_eK5x5IHNHAoaBMgrECOzYywMm4tBn0w-haEGv2DaQ5wBywjgy02yHgwuoyO083BKKt7PLe8oPiyt7A,Jesse Mcconathy,https://play-lh.googleusercontent.com/a-/AOh14Gg2w91ya5hG9laleT4si4HgZGMszxPtHqxD_LLL,"great game, fun and challenging, without freemium gimmicks",5,0,1.02,2019-03-04 07:03:30,,
gp:AOqpTOHPyKFCvt2ZpE0R3Es9qjKz1oE0HwM5diImvzC02zvJLCjh9tIFwgTrrDvzKG6bZxEbhS8LhZgKxTQ7CC0,Mark Rorabaugh,https://play-lh.googleusercontent.com/a-/AOh14GhAhoA-Dq3cgSW3BPUBv51P7bnyroqiG_t_LOEX,its great.,5,0,1.02,2019-02-25 14:48:50,,
gp:AOqpTOFbF6tBBKL0Ig9VIv_mxiQGYajgwT-9dpTYZ6gLdqFDZ09JZE6RPVw2Lwk4EZ7N21rw6S5Tv3mLRQs5AI4,András Wallner,https://play-lh.googleusercontent.com/-EKksrf4b2R4/AAAAAAAAAAI/AAAAAAAAAAA/AMZuucm7qvK4iAPEocq_AHV-dFioBDM1ug/photo.jpg,Lots of fun and non-trivial optimal solutions!,5,0,1.02,2019-02-23 07:31:40,,
gp:AOqpTOGBt1sHArqzhV4c_nIziOSBJv2uLS7Ut_zXFoX8FEanT6mtIEmN45KBb-u5NJHdFF-R6PW3aNyJ8SgBQIU,A Google user,https://play-lh.googleusercontent.com/EGemoI2NTXmTsBVtJqk8jxF9rh8ApRWfsIMQSt2uE4OcpQqbFu7f7NbTK05lx80nuSijCz7sc3a277R67g,"A brilliant game! No 'play to win' at all, challenging and rewarding.",5,0,1.02,2019-02-18 17:53:09,,
gp:AOqpTOHc80Tib2cNdG9t6x_UOe1wcnUHLWIj29ZQaU_UYujoCV3E9IwDa5UyUVkrAgwIQaL8yfmjRZcELro1YU4,Omega Lynx,https://play-lh.googleusercontent.com/-rCKFUShU8YA/AAAAAAAAAAI/AAAAAAAAAu0/AMZuucknpo5hZQ3yjRJxs2KYD9fbKga3RQ/photo.jpg,An incredibly engaging and well-designed tower defense. Worth more than the asking price which is nice.,5,0,1.02,2019-02-16 17:22:18,,
gp:AOqpTOHeGPakYtbFfZvVhDKlvXTHHS__UPN-RfinT6OMAfiJ76TLTy7s3uUx0-iqvsnf2U0HM1FKahsLuc-37ik,Cian Kinderknecht,https://play-lh.googleusercontent.com/-eJidQoeKrSI/AAAAAAAAAAI/AAAAAAAAAAA/AMZuucltP4gUzKRqmlZoKufO5u6PdiPduw/photo.jpg,"I got the game and immediately had to refund. it would try to make me sign in with my Google account and have an option for username. I would fill this out (not even hit ""done""), and it would bump me out to the Google account sign in page. I did this several times, gave up, and had to get a refund. This game looks pretty good, and this is probably just an issue with my phone or account or something, but I cannot even play.",1,18,,2019-02-15 11:25:09,,
gp:AOqpTOFzX0YEQgERrbQ7APOUskkMub5gPwTYiFK8gSjpdOtg4O8Uc1MEYmsA0K5k6hk1sXs8lauASCQFpff3CDY,Patrick Keenan,https://play-lh.googleusercontent.com/a-/AOh14Ggqf3JwaUM5ExHlIfz2dEL7aCBOO5S_Ty8rtDmf,"OK this is one of my favorite Steam games ever but there's two really big issues with playing it on my phone. Because my phone's aspect ratio is larger than the app's, the app shoves itself to one side instead of being centered like other apps do. But worst of all, it stops YouTube picture in picture and background app audio. Please see if this is just a minor fix you could apply!!",4,2,1.02,2019-02-03 09:57:29,,
gp:AOqpTOGbkQxuKhg5RvERuj5AI2J_e0sLwRQaLAyq3AuPxbVa9s-h_4fRRlhq25APyxTg70Nha6DQc08YVD_G10I,David Goodall,https://play-lh.googleusercontent.com/-WpFjd7nAWEE/AAAAAAAAAAI/AAAAAAAAAAA/AMZuuckchcorgQj_rXDIy0rKbLG-JX1a2Q/photo.jpg,The best td game I have ever played. 100% worth the upfront cost,5,0,1.02,2019-02-03 06:49:44,,
gp:AOqpTOF2ptMTg8ZygcemWtlgHVj05SZSgZa1_PcZocVt67AGB9CEUpIPtRpi9nTFn_lE2gT_hdP_DwWKtgeeKrQ,Daniel James,https://play-lh.googleusercontent.com/-nuBtXq27ycI/AAAAAAAAAAI/AAAAAAAAAAA/AMZuuckbYP9c9Kr28N8aAdB4R_utZ0vOxg/photo.jpg,Your app stops spotify from playing in the background so its either your terrible background music or nothing. Cheers i felt like listening to this bloke talk about his fullsick surfboard while on the train anyway.,2,0,1.02,2019-01-30 22:45:34,,
gp:AOqpTOGR7sL_fbCyizUPuVBdSFyqCz1F9fSg4GtHGB5ggRbO7rvMdIhOwihJUXfXwfSrWMrnHmZnr9-fIIfNfGQ,Chris G,https://play-lh.googleusercontent.com/a-/AOh14Ghj3JjM2Vixxplt-55YB55n1PKEGbBrHmmIq4B_8Q,"I hate mobile games with all their pay to win garbage and general tacky, cheap, crapness. This game is something else, it's the only mobile game I've played longer than 5 minutes in about the past 3-4 years. Buy it right now, you will be hooked instantly.",5,0,1.02,2019-01-29 04:30:03,,
gp:AOqpTOF_dl4WhXrAmqG6o5ZUwPyJVHjMXsgjQUSoTVWbCzYPVq1xpWeNHi-kNvYTI_60zxzHkHc0KntkFXjecdc,Dale W,https://play-lh.googleusercontent.com/a-/AOh14GjxTdSgA8zj1VKGNIODFzY5YfFxFZ1tLlftVNMUp2w,I love this game on pc and phone.,5,0,1.02,2019-01-28 14:29:50,,
gp:AOqpTOFQlVOJllBBD674IGNiQKVEbhYqY1IZ5vhnBgSncEv15UAn7w50MW49ZecF0L_XfRU18KrX8PxNScBlkfE,Terrible Sandwich,https://play-lh.googleusercontent.com/a-/AOh14GhXX4Jao189AcF6HOp1oRukMbfGfyeFlWrQr2XF3A,"A great tower defense game. No microtransactions, and a good difficultly ramp.",5,0,1.02,2019-01-20 08:34:52,,
gp:AOqpTOF_evwolDbF8u3uFHUeyC4pcQ7QiwhN9Cyz11LSenqqq_c4dP0Qip5iIlUv1iihrjdY9EsBtIhFRGU-ZZY,Todd Frazie,https://play-lh.googleusercontent.com/a-/AOh14GjW1eyP-X6uFueD9o36kCNCS7BrrVW4UwbgAjOo,"This is what an app game should be. The first appeal is that there is no mechanic built around you as the player paying money. Pay once and never think about money again. Then, after playing, I was surprised that this game seemed to bring novel twists to the genre along with great production quality. As a bonus, when I'm playing with sound, the sound effects are incredible. Thanks for a great game, team!",5,9,1.02,2019-01-17 11:09:48,,
gp:AOqpTOGCgwSvGk5nYIyNOTeyKT_06D_6KsQgpd3PC2mwFvEdhB3jjUCoNyApZvfFLaW79LWJYjqmc_pSj-Z-Qj0,Taylor Liss,https://play-lh.googleusercontent.com/a-/AOh14GgwClvn5DRjKiQ0wnU7akiWBF-dRT56TOQM1pdL-Q,Fantastic game! Very polished! No in-app purchases. No ads. Just one payment and you get it all! Wish more mobile games were like this. Kudos to the dev for having such integrity!,5,1,1.02,2019-01-17 05:39:23,,
gp:AOqpTOG1R5uWIVpqd62rp-C_gnIxG8I3wCghI6LJSafetLFAUCjQ2Y8CUnmxsCuXzLNqdAQ5z0V5QyXdCkrVCcw,Arjun Haszard,https://play-lh.googleusercontent.com/a-/AOh14GjIusnHwUYpLlEScRZag4VkIU1nKJx-5CthtjQTO_A,"Absolutely brilliant tower defense game, no ads or purchases just a great quality well balanced game. Thanks devs",5,0,1.02,2019-01-10 10:17:19,,
gp:AOqpTOFOmD70GOnUqS2N590QECyppobqGyYuW_OHk9E0lraOTQyTUQRz7JvStk4KYJOYPkTSk2118RDRisxvR0Y,Alex Lindsay,https://play-lh.googleusercontent.com/a-/AOh14GjbMYbK8gdxZ2AUD5wSQsIVEooDhWnQwmFqQgrV4w,Very cool game! Lots of fun features and ideas.,5,0,1.02,2019-01-09 19:46:50,,
gp:AOqpTOHqOZIPvckuElZU0lu-KgWT6Zxz_nEr4QRfqgM14tHXVQ5daML5yAmY4dOvAFC3dG8BXqnJVtO6x4vOePE,Darnell Jackson.,https://play-lh.googleusercontent.com/a-/AOh14Gjt-JXIokU4zL81eK7cDsj-RoTDQz45uACF1gEr6g,"I'm burnt out from micro transactions & p2w games, so it's refreshing that this game has NONE of that. Dungeon Warfare isn't the most sophisticated tower defense game I've played but it certainly is worth the 3 bucks. Another selling point for me is the difficulty. Some stages require several failed attempts before you can figure out the path to victory. Although I have not used it yet, you also get a rune, Breeze a little way in that reduces difficulty of a stage letting you exp farm if needed.",5,3,1.02,2019-01-06 05:09:34,,
gp:AOqpTOG1zMqlKnz7_gvmTRMgqhzKJ6jIoTP9-XUxD_npHJvcoTJbYiFt9y5LbBeGPRo2ed1yunG7WovH4pB79WU,Emjay Jee,https://play-lh.googleusercontent.com/-GzrBEAo6Mxw/AAAAAAAAAAI/AAAAAAAAAAA/AMZuuckE6xfyY9226yfiEwHFg1z03hW31A/photo.jpg,"Way, way too difficult early on. Don't get me wrong, I like a challenge. Successful games build slowly into the more difficult levels and have more than one solution to complete each level. This doesn't. From about the 3rd or 4th level things get too difficult with only one solution that takes 5 or so attempts to find. I don't want to play the way the developers have decided I should play. I'd like to have some variety in how I complete the early levels.",2,2,1.02,2019-01-05 02:24:47,,
gp:AOqpTOE-Lpgo7kGE3yaleNUTYvuv7bGLU8OGOneZO7Sm2y2f2zIkcHE5roHqi74g_d4-Nv43L2yJNuNuZrSkNVE,Claye Moore,https://play-lh.googleusercontent.com/-8jMt2tueJ20/AAAAAAAAAAI/AAAAAAAAAAA/AMZuucnrxw-FBjNnlVnGa6LPTPRwqrJjUw/photo.jpg,"Purchased, installed, started up once even after restarting my phone. Good game, when it worked.",2,2,,2019-01-03 05:18:10,,
gp:AOqpTOEg7pX6sAKQkxeV_CeciKQ0cvtB6QBNQaPacrlpZCD2ZGsjbfl1zX9WDcleGUVlK7xGX0-hAuDkdcVsosw,Ollie R,https://play-lh.googleusercontent.com/a-/AOh14GiFFTXkBt3Zf5nliyHrzP6LDWgpgqdRAZa8OfYIyro,Great game. Only problem is it taking over audio.,4,0,1.02,2019-01-02 08:31:43,,
gp:AOqpTOHue5ItKdphB7hZPIxh5Biwsi1pcQEo76_q1plJLUicW0eVGorMN1uRPICEZQkiav78FT-DYhESjujQESI,Najd Salas,https://play-lh.googleusercontent.com/a-/AOh14Gh-7q-CzNvwdIHW0h0fpgdKMFzdHtO70CGB7J6vl-c,"by far the best tower defense on Android right now. Tons of levels, traps, options and strategies. i don't think I've ever played a game on my phone for so long. definitely worth every cent.",5,2,1.02,2019-01-01 12:33:53,,
gp:AOqpTOHLGV9Vp7ugGneR9gd4tYaawW6NPdTy3zlSg31yHivCunfah_UM9-rTuByXy6dNkgmLX-3bZsrAl6zUbxM,TJ Goan,https://play-lh.googleusercontent.com/a-/AOh14GgwPBh5-cNMdjKHBLTye48zZMV-mouBRjCaDbIw,Ready for the next installment!,5,0,1.02,2018-12-25 16:52:08,,
gp:AOqpTOELz0v0a7CeuE8UT0mEoL4AZfrhVQE0-FqfPp9cPHZ-Tnd_LIzvVcK8-SEuOeyQNcP4ogz11cFFQXKEkfk,Max Hoeschele,https://play-lh.googleusercontent.com/a-/AOh14Gimq3ZZYfy3SPidJ4CYSM_0FjA09lai7GemDAJR3zo,One time payment and filled to the brim with content. Cant recommend enough for tower defense fans. A hidden gem in a sea of crappy MtX mobile games.,5,1,1.02,2018-12-24 09:28:06,,
gp:AOqpTOGCGQIfVf6iEPwO2wjPy0MuIEQ65R9P35G1955RDE1U3-opOwb5q8mO8KdebfkDLls_JB8RHASdCtJzs8U,Evil Greg,https://play-lh.googleusercontent.com/-C8EDK1gPxK0/AAAAAAAAAAI/AAAAAAAABVY/AMZuuck-MDDKv8Qv8WT1-69Vbj_BDlWtqA/photo.jpg,"What a great game. Nice progression, lots of map variety, and the of replayability. Buy it!",5,0,1.02,2018-12-20 22:32:56,,
gp:AOqpTOHs_s1pzJDQPUkdZr6igu3tEjwxPWzIbyuGh_b2XXVvH-k5S07ma_2XiZQkMx5CqdLAyhFTP4S6walLQp0,Aryana Neel,https://play-lh.googleusercontent.com/a-/AOh14Gg4hXxR-OcDE51MStSmc-G3BeF2qnhhRQPxgdrIuQ,Absolutely excellent game. I like that it let me play it for a fairly long time before asking me to rate it.,5,0,1.02,2018-12-16 04:02:19,,
gp:AOqpTOHn13F6QbNxqBPJnad4qzmAJZTUVWy_s4Tg3omyUGYYYNWtfpB01Z-1XMtAjXUuqv63FpnDCdqkjMAhS3A,Syncourt,https://play-lh.googleusercontent.com/a-/AOh14GiXUp7x9MZ6aD80Zm0I_-c0nb4ZjHSlC5AGw04dyg,"Dungeon Warfare combines physics and damage based traps, player XP, a persistent tower upgrade tree and optional difficulty modifiers with accompanying rewards into one solid TD game. No ads. No microtransactions. The full game at a fair price. We need more TDs like this on mobile.",5,30,1.02,2018-12-15 08:47:49,,
gp:AOqpTOG5bwZ5_Kw_dh84JmyWEcO3-SeW2RSk2HvLTR2hOX8om64fWQG8TVuyn7pFwxo1qKJ1KxMpVYxCPSQzZT0,ProlificThreadworm,https://play-lh.googleusercontent.com/-S-eMreVPwto/AAAAAAAAAAI/AAAAAAAAAAA/AMZuucmzMoOAa0ADPRXhzB3RYiRi5Eno2A/photo.jpg,"Sick, nicely balanced, and fun game",5,0,1.02,2018-12-14 00:46:54,,
gp:AOqpTOH_ms9wbwPce-Cm0hEHpAbqbX40FnCPKrb3zZKPrte27hss_syQJtZsIkoZToFlyQU_5v17JKzpgqTMoTs,Sylvain Murphy,https://play-lh.googleusercontent.com/a-/AOh14GhNzczzrFYHZREJAijbK4Kwe-7nbgRC55GYOvZWcg,"I love the game. Please allow users to listen to audio of their choice, from another app, while using Dungeon Warfare. Oreo 8.1.0, on a Moto G5S Plus.",5,0,1.02,2018-12-11 08:02:52,,
gp:AOqpTOFJfWw806oZJIZQ9cj48LlRCZ3lHGypB9VtSLIisWAvySU2b4tnzgbXvhJdqN8LLzafrFSfSUV_IIaN03M,Andres Bascones,https://play-lh.googleusercontent.com/-kAROw7PohQc/AAAAAAAAAAI/AAAAAAAAAAA/AMZuuclSmnfauxRBTVGcdSBbjQHtL-lPvQ/photo.jpg,This is a VIDEOGAME for mobile platforms. If you like strategy games with an old school vibe and graphics but good physics and overall great playability. Do not hesitate for a minute. It is worth every penny,5,0,1.02,2018-12-11 05:02:47,,
gp:AOqpTOFCceR3aNxyg-SuRix1gp-juShIYrjEBLVcgZDpodmwBuZSKcfja8vx-IRVZzD2F1a4_xJyv_ji55LzNp0,Mash,https://play-lh.googleusercontent.com/a-/AOh14GgXrunGjwLAP-JzBjBeS5rd6BoPBgHTG67ZpBgSTw,"Great job on this one nancy, I'm proud of you",5,0,1.02,2018-12-10 10:52:11,,
gp:AOqpTOEvkWF_E10gmXcyVH2tPtp_d4_9hhr9M7qYhHH1JiTmuNOQaCGoaqAubXFeS9yJQo_9Cxz4hsysMgri21U,Brian Pereira,https://play-lh.googleusercontent.com/-1MiTCz-Rcww/AAAAAAAAAAI/AAAAAAAAAAA/AMZuucm8Pk6H-E6k33lJ5rmXdLU78rki1w/photo.jpg,This game kills my tablet's battery in about 20 minutes of playing. Never seen anything like it. Not even going to cover anything else because that's such a app killing bug.,1,0,1.02,2018-12-03 06:53:13,,
gp:AOqpTOGfTjhq3xk0k4SN8qK9KEgGYFTpVTAvGVMgy3xexG9WUrZX0GHW7ld73u84aARLg8_Y2a5pZCuMHzdVWx8,Miguel Ferrer,https://play-lh.googleusercontent.com/a-/AOh14Gh1EEv0_VQLK9P7Ed3erYVF1-YL0lTvEARngb1Qxkc,"Best tower defense out there, IMHO.",5,0,1.02,2018-11-26 23:39:09,,
gp:AOqpTOEAY9rSZwe8d6w5Rhd20INzAtKZP4nB7p60GK-0eq9OwGIZXyUOOLkdfY7g9SqGmEnFNlb3lWwh2E6wkf4,Michael Turner,https://play-lh.googleusercontent.com/a-/AOh14GjUX9j_MpE8RjheV06RLIyju5wp-Ls8dK4tzfvKFTA,So fun. Very replayable and strategic.,5,1,1.02,2018-11-17 19:47:39,,
gp:AOqpTOG1HHHd26T_kaGtc8D6VhhoLoNVgdYQ-X8Rzg2c8xlnd9Bc1MzFJuLUFowDet8ZgTd45PFb3FCsfS_TxAQ,A Google user,https://play-lh.googleusercontent.com/EGemoI2NTXmTsBVtJqk8jxF9rh8ApRWfsIMQSt2uE4OcpQqbFu7f7NbTK05lx80nuSijCz7sc3a277R67g,"If you are familiar with the game old flash game GemCraft, then you will love this game. It's excellent!",5,0,1.02,2018-11-11 17:27:00,,
gp:AOqpTOGcETq3Qp-ij5_o3F0g_SXs3_jjxBUqC5yxGW8rsmBEL-eA6hByeWjT_Ghm0H-T8g2dA6-0Kx1Yut62hfE,WhitieWu,https://play-lh.googleusercontent.com/a-/AOh14GgsJR6iqACXbf1IAvYt9aqHNRi31k8HhUzihg1l,Fantastic game. Plenty to do. You can make the levels harder to give yourself a challenge if you feel so inclined. You can play this offline. You unlock traps and other things with each level you complete giving that replayability. I hope they bring the 2nd game to mobile soon.,5,0,1.02,2018-11-05 11:21:41,,
gp:AOqpTOFVSgeBqonFLpRY3IsKvGkJ1CI9zjkUkf6-Lln74Hsqypo_jAlsBEooxtM39eiXUpt-pgYfEJJVhuXv_Go,Adam Towner,https://play-lh.googleusercontent.com/-VlEFtbCYlGg/AAAAAAAAAAI/AAAAAAAAAAA/AMZuucniwHTmkC5vKqQ6dJS9mqqyqmHS7Q/photo.jpg,"Good game, nice tip of the hat to bloons as well.",5,0,1.02,2018-11-05 07:45:56,,
gp:AOqpTOGWypRn-JCU5kdSAiS7D5f2Tnv1GHsjUgcDIjfc6m3jZG0ZbsRq6mee-KtnLXuAcEyAyukF7OvV8vJ_wmk,Chris A,https://play-lh.googleusercontent.com/a-/AOh14GjcFL6RvgDRR6uJTK_RAwQl9TbHOpQ8JeDMCReuYvo,"Excellent tower defense game without pay to win mechanics. The game seems well balanced and requires strategy to survive. Now Google, give us the ability to search for apps without in game purchases.",5,1,1.02,2018-11-05 05:15:04,,
gp:AOqpTOFNHe2pBORbE-AKFpXQTRcgyYQCrCfO8pC3Ca47mqngXcXpAz37V_iMoO0L2hpxq6YyU3xpsQ9p54MNz0E,Paul Cox,https://play-lh.googleusercontent.com/a-/AOh14GjX9NNdH6YXNidMDPsks4TQa7qC7OWMCCQzLp9t7gw,Best pure tower defense game you'll find.,5,0,1.02,2018-10-23 18:01:24,,
gp:AOqpTOEMQuu5G48GlVquHiJWkZj1eFDI0lLLBXTAy45TYswyLDKBd3iZNcczfSrzMJzloOgObPO5FMSwKg_-upw,Joey Rubino,https://play-lh.googleusercontent.com/-1IfsMVSWdaY/AAAAAAAAAAI/AAAAAAAAAmY/AMZuucm_PrdV0FE0omBp5f0NbaYsDKwj9w/photo.jpg,"If you enjoy tower defense type of games this is 100% for you! Been playing for just 30 minutes and I'm hooked. Super fun, lots of content/variety, just an overall great game.",5,1,1.02,2018-10-12 11:44:44,,
gp:AOqpTOH23TDqZ0hoqgZEU1kffwI_H12S2BsggzB5hBWWNyRLPYMZ_jGPZhq3zUukUvZTj6Kjus_psyg4_tOElIg,Pierre Croft,https://play-lh.googleusercontent.com/a-/AOh14GhHHooT-Vyb0ZSsfrxkimTjXBQCowttc3zARxDGog,The best tower defence game I have played on any platform. I want to be playing it right now.,5,0,1.02,2018-10-11 08:25:11,,
gp:AOqpTOHuxqaXu8gmxumwClrJ4lP2940_iCQjjvq0C4HesAOkcqYtDaQEZcJY-QT7pAjHVD-w3VCLJG5AlXLu_i8,Matt Behlen,https://play-lh.googleusercontent.com/a-/AOh14GjhjbRUrcJeDGjDBRRaic6IGuetTFROsItLmnTRug,This game is surprisingly difficult and super enjoyable. I have had a lot of fun playing it.,5,0,1.02,2018-10-08 04:53:37,,
gp:AOqpTOHboOcwQI7IQd7jL20FMfxmIifnC03sE0U4a-t6GPaRBOZvCrVZve_rZoJR37utdkliYIuwyLXIxC2lYDE,Setnakt Spears,https://play-lh.googleusercontent.com/a-/AOh14GjMP0fuKl_MJ8QlWGZ1tuKY4FSb07HCjCDsQPZ_EQ,"This is a trap game, the best I've seen on mobile, well worth the cost. Endlessly entertaining, I can't recommend it more!",5,0,1.02,2018-10-01 22:58:36,,
gp:AOqpTOEZHlkvfEnh1Xns6lNx9da6pzbMWvtxCIogLZs0ZxRhyaadmL3DDqNjeCozNM-xZ4aDp39jdW_JB4Wll4A,Chase Fowler,https://play-lh.googleusercontent.com/a-/AOh14Gicpe6JHUrjq3dzThPpcxS3TsUZETShOl-J2xj9ig,Great game with no iap. This kind of game needs support so buy it and share!,5,0,1.02,2018-09-28 22:29:10,,
gp:AOqpTOHeY1CDvVtF5Yne8HdtdcVV1oGmubJSSizrbryXTqRX2Fv3ApZ8zBve7LNOi5ds8ZGLMqTRSA9_y1xrpMQ,Sebastian Vråle,https://play-lh.googleusercontent.com/-L8b5TNPshMQ/AAAAAAAAAAI/AAAAAAAAAAA/AMZuucl1AYOB_9HQV7deIrWJMFXLYmCYzA/photo.jpg,Best td ive played,5,0,,2018-09-09 16:13:50,,
gp:AOqpTOF58OStKHypfOQT716VPesIvolN7ncRuClpXb6Yjqp7OXo4ds_WK_VBgyB7_vnsyVlQYzXVSZr5MDkg-fQ,Josh Murdock,https://play-lh.googleusercontent.com/a-/AOh14Gjqn7SFs3BfBKG63FbenEXXccO2-XTpGEFVzzV7,"One of the best tower defense games on Android. No ads. No pay to win. Just 
a one time purchase, and definitely worth every penny. Maps have multiple 
solution paths, so reply value is extremely high. As difficult as you want 
to be, with the rune system. Can't find a single flaw. 10/10",5,27,1.02,2018-08-19 17:24:14,,
gp:AOqpTOET_zZRYH31C_UWAIeABffwE7D7Xw1XOa1_N5t2usoETy4aCMROlbNsjZ2mAlPkUp9zfeDqiJg5wxEZaVQ,Kold Ikonøklas,https://play-lh.googleusercontent.com/a-/AOh14Gg9AG4jy8kKuERBdbzteMegelrWCEIwq0bzYxtrwg,"Can't tell if this game is brilliantly designed or on the contrary. There 
are some maps that either work stupidly well with what they're teaching 
you. And some... They don't even have good synergy because some walls were 
intentionally offset to force you to run something else. And some of the 
stuff you need isn't even unlocked until later. So was I supposed to enjoy 
it with a full kit of whatever I wanted or each level trying to teach me 
something new?",3,0,1.02,2018-08-17 08:58:19,,
gp:AOqpTOGhFKy7zBC_9rcMKiMg9qvcvIOFrPD2AWtZE3trYfmBja_QEw4Cqxb_M_l0CRIt3AuPsb-9asLSmZxV8lc,John McNichol,https://play-lh.googleusercontent.com/a-/AOh14Gh097K81cTPQsEVjwF3FRi5yyZ-UhKGwS1B8NWeeg,"Great tower defence game and it really is what dungeon keeper should have been more like had EA not completely monitized it to death. Imho, this is up there with the best TD games such as Kingdom Rush. It is worth noting, there are zero micro transactions in this game.",5,0,1.02,2018-08-02 03:00:59,,
gp:AOqpTOHVRNL_WDbeJ3SYwEgooI3VVv3e3jJQ-Z1VQsPqqozeF-tqluyfz2i4juAyne2cezD58IAciJDYu1lp4P0,"Christian Von Spaamdump III, Jr.",https://play-lh.googleusercontent.com/-K4skwc-zKT4/AAAAAAAAAAI/AAAAAAAAAAA/AMZuucnanEbiB2ZvJdi2jNOqNEV2aBkFZw/photo.jpg,"Excellent game, easy to learn but difficult to master. Escalating challenge 
and a good value - no asinine IAP or DLC. No bugs or begging for money from 
the devs, just a solid, complete, extremely fun game at value price! Great 
features like pause, cloud save, pinch to zoom - why can't other game devs 
be so smart? Kudos - A+",5,0,1.02,2018-07-27 00:49:16,,
gp:AOqpTOFSZbf20a1AgJnQt8ETEZmT7TGK-T7SOoS0mZcTAvkwznxY3QBzzVkDNtDoMQvYwXSVUb4Z1O78JSzt8N8,Carl Hansson,https://play-lh.googleusercontent.com/a-/AOh14GjJmUxUTNc4uiXwcoLKTGnk0AYAv8SVEnR5bxeI,Great TD,5,0,1.02,2018-07-17 09:23:15,,
gp:AOqpTOFyfztset3vTlOAWHnm9EPoaCvSufE187VyyqgCaVARYVZolNj0k3f5zKMs3nYUPT5-NSGl80SzGZizYS0,Brendan Graham,https://play-lh.googleusercontent.com/-QfDkISk7hSc/AAAAAAAAAAI/AAAAAAAAAAA/AMZuuckDc2RcIkFibqzry83Wduok6RaKVA/photo.jpg,One of the best tower defense games I have played.,5,0,1.02,2018-07-14 22:03:22,,
gp:AOqpTOG79d-mwbaF7f_UufamrObO9u2-Uw1ga75FwUdRbNz6jDEz1SlSfhtPX0zFZzPBrIWjAFkdrAMcIQYO6qE,John Pawlak,https://play-lh.googleusercontent.com/-qaXzIpMW4YY/AAAAAAAAAAI/AAAAAAAAAAA/AMZuucl0g3ZgPci_jYjIgxgnQotut6zziQ/photo.jpg,One of the best td.,5,0,1.02,2018-07-11 15:43:12,,
gp:AOqpTOHk5F1wpMKRcGxmitVB7xGBZd7hzom31L3s2xRWmkK8-THKcrkwVDj_9lfFV7_L4lRLvGHmsHkXlS0aHtw,Sose Cherofsky,https://play-lh.googleusercontent.com/a-/AOh14GjOVG9uHR8CanUe953jSf6pP8zMYrdyyLuy9OXu,"Brilliant game, I own it both on PC and mobile. Can't recommend enough.",5,0,1.02,2018-06-24 00:29:13,,
gp:AOqpTOFhM22B6fsynkQzL5QpfJdjyDxDa-bRTH_x-te4rihGH4P5DVpIn8JFV8HioM0jI84z96xdfDjwZoJvyps,Christian Stauffer,https://play-lh.googleusercontent.com/a-/AOh14GhHpLdxKIgk7yvIO-Ok-7P2IbTyXV6-eZFYqsF-,"A ton of different levels and traps, all for very little money, no crappy 
balance to force you into microtransactions, in fact no microtransactions 
at all. By far the best TD game there is, it even puts digfender and the 
sentinel games to shame.",5,0,1.02,2018-06-08 01:04:54,,
gp:AOqpTOEwFNpD4eaPkrhZzy3OoCutnfkynxXzyWumTvuQ6Zne3dqdUFod-RYwwgysUdPuJB4AQd_ZoUGo21vIb54,Al Yu,https://play-lh.googleusercontent.com/a-/AOh14GhRjQSQSQ76D7gvKdZRfXGnLlfLzK4K7SqSxJIv1g,"A fantastic take on the traditional tower defense genre. Highly recommend 
it. Can't wait for the sequel!!",5,0,1.02,2018-05-15 11:56:31,,
gp:AOqpTOEC2tAVNDSbFBPH7LNMfn4giA7ZEJDSPCrDRYB4HqFsQpa5q8DhIMRp7zFtctmiibe92EHUuDadJqV9XNY,A Google user,https://play-lh.googleusercontent.com/EGemoI2NTXmTsBVtJqk8jxF9rh8ApRWfsIMQSt2uE4OcpQqbFu7f7NbTK05lx80nuSijCz7sc3a277R67g,"One of the best tower defense games I've ever played. Some traps mechanics 
are really unique. It's not just another tower defense game, this one pays 
attention to details",5,0,1.02,2018-04-30 02:46:22,,
gp:AOqpTOH1eA5PjdgIqNiOhVNQ2fNx-aAYm8yV67XbQQNHKgSEe7B_vVNyN6qP5gbmJV01rCrq7w8wjfBcUg6XTvA,Edmund Chan,https://play-lh.googleusercontent.com/a-/AOh14GjjYDQnNooMXof0WrsuO8VbJPjiSUV5GnMDpxXHIw,A very well made game with top knotch optimisation and amazing effects which got me hooked one minute in. I hope the developers will slowly add more content into the game. Best part is there is no IAP once you buy the game which differs from the majority of other paid games.,5,1,1.02,2018-04-11 07:30:29,,
gp:AOqpTOGrme_jlwwUdVsFuv2XSanSUFz_AzrnflEtMmc6tGrOZxLE3GdD1_CDCQPktvA_kd9CZIagA6rYG_AE7zg,Adrian Easton,https://play-lh.googleusercontent.com/a-/AOh14GhLE6g9VfpfXtmOjKQ9NeKqW3AOR98bu4Re0vep,Extremely underrated game. Best rower defense game!,5,0,,2018-03-12 17:36:35,,
gp:AOqpTOEjGjXi6e1HbhMiSGz17sWdUbYGv36Ls7he_PE9xnfzIFpJIERva2-LnVTu8wzcRa-gGkJuPPdfSGbsoTk,Nash Nash,https://play-lh.googleusercontent.com/a-/AOh14GhqC0D1IPYvow_8m4KmpWE24OEdDF3Rq2CvgWzygw,Best TD ever.,5,0,1.02,2018-01-29 18:58:44,,
gp:AOqpTOFscy-yowYpNL8lFl_YCvroxKcLuEwIhQeo2nv6ary21t6DD9RS0YDULSa9ywFbjcZEuml5fKrReLRwSGQ,Matthew Arnold,https://play-lh.googleusercontent.com/a-/AOh14Gge7w5ujVNzYnXhSCqVq0A7F8_vs4kX1LXVFxP88Q,"Best game on mobile. I can't believe I didn't buy this sooner. NO micro transactions. CLOUD save for using multiple devices. PERFORMS amazingly. Well done developers, also love the art style.",5,1,1.02,2018-01-17 09:09:32,,
gp:AOqpTOEIFTDYpAGMp4H8ElGoPa9hlqocPoH_vzxMdBUnnX3CWAw1cZT-OC1an9xWUIErceMw5rgtFfKYciSI2iY,Luke S,https://play-lh.googleusercontent.com/-RsWSyYBkPzI/AAAAAAAAAAI/AAAAAAAAAAA/AMZuucnw75XFr_ww_FWxORoMyKkNHglsSw/photo.jpg,Fun tower defence game.,5,1,1.02,2018-01-17 01:08:23,,
gp:AOqpTOHKmOE6psBjRHVrX51JJ0Sw3u0MCTimKspB1wMfXxPHc_Pptlxsttq8EIDe3u52p4E8pmVFk57ay6V4X-o,Jan Feist,https://play-lh.googleusercontent.com/-aYR8sfmG6TI/AAAAAAAAAAI/AAAAAAAAAAA/AMZuucmkeXNZhfoWynmodZ04NRArNcFlug/photo.jpg,Awsome TD without iap,5,0,1.02,2018-01-09 08:58:01,,
gp:AOqpTOGVRlO1SWwR0e8dqk1kz_jDacsQwOjACtBy4tNyb0h4IvhecWaB1GZILRsYEPpRZXDZjv6e9SVdVleY5is,Rosemary Black,https://play-lh.googleusercontent.com/a-/AOh14GgPFc6CNwMTNd9jxosSQ9Ndnkvves2-ZLiZUXTdCA,"This is a great TD game. I really like the traps, really fun and different from other TD type games. I hope for a sequel!",5,1,1.02,2018-01-06 07:46:33,,
gp:AOqpTOH_RY2DdidZPFCOKHcDIhvBpZEQqLb44EQ8UKFLcQC5y0PkxPMnp9YmvTQUmJ7GfXccvwGwb4Mf9z7gczE,Pete Wood,https://play-lh.googleusercontent.com/-jacATLgMEks/AAAAAAAAAAI/AAAAAAAAAAA/AMZuucnZ-qOQeJxhQh9McBHkLGR2VySr7A/photo.jpg,Excellent game. Amazing work from the Devs. I would happily pay towards supporting future work on this game or a sequel.,5,1,1.02,2018-01-01 09:18:17,,
gp:AOqpTOHDsJ4WP_wi6zsQ1X-d9bxLqOeJ2k0jifhvxO_g8H8CYcxsHyyq5micb8JaoxKfbFumNPI0UkYV1vJIt-Q,Cormac Nolan,https://play-lh.googleusercontent.com/a-/AOh14Gg-rh6o0iqqRx90kLL29aHnyvSZ-b_ZELh8Z-c-JQ,"Great aesthetic, challenging levels, no IAP bulls##t. Well worth the couple o' bob :)",5,1,1.02,2017-12-30 11:13:26,,
gp:AOqpTOGrt2vtc_UYa3IdPeQMttlksirkBlFYiTgTSmSrWgdsV73e6InFzMaq_XwZJ0jht3hc45HpM7_-48WxICM,Krish Kumar,https://play-lh.googleusercontent.com/a-/AOh14Gh9Nf27YifM5VPXArw8fIgq7MpXLOGES2AHvHJXZA,Great TD with awesome sound effects and music that will make u feel godly,5,1,1.02,2017-11-19 23:04:48,,
gp:AOqpTOGu3TtSkBksn3qrkCG1x-LgJMOy8eQYzwiWTbLWucjzcbqfU6JKIxU62CogNpxPoTN7Iy580PPwAOU2uiE,A Google user,https://play-lh.googleusercontent.com/EGemoI2NTXmTsBVtJqk8jxF9rh8ApRWfsIMQSt2uE4OcpQqbFu7f7NbTK05lx80nuSijCz7sc3a277R67g,"how tower defense games should be. NO IAP, THANK GOODNESS!",5,1,1.02,2017-11-16 13:11:24,,
gp:AOqpTOHLM-EZtDsa_v0dy_cMUdV2x7eC-aayQ6abqRYONYG7ZKI0yqjTv7VsKKa8576mVcMrv5Em-U0XhiaaOEg,A Google user,https://play-lh.googleusercontent.com/EGemoI2NTXmTsBVtJqk8jxF9rh8ApRWfsIMQSt2uE4OcpQqbFu7f7NbTK05lx80nuSijCz7sc3a277R67g,The best tower defense-like game I've played. Each level has clearly been tried and tested by the developers. Highly highly addictive. Plus no in app purchase bolloc%s.,5,2,1.02,2017-10-28 01:38:03,,
gp:AOqpTOGvcMmgJJ-rkA8LOW_CIsIeB1phYtjweCbzN0sveuVPQrAQJNDuyMdE8x5j-Y9nQji6MRDvCfTXmUYhEeo,Dave Doffing,https://play-lh.googleusercontent.com/-nUnlhKmrsYo/AAAAAAAAAAI/AAAAAAAAAAA/AMZuucnZVm7G8cKByVL2t0Te0L_WBL_cyg/photo.jpg,Great game,5,0,1.02,2017-10-21 11:32:10,,
gp:AOqpTOG7QBkSi__HWCkcgTZiC2rr8uYwEsa6VvZC7qPQxUi6y6wqGgEy8k-AGQVaDu_gLHisNQHckcpE3lslS8s,Ron Ronald,https://play-lh.googleusercontent.com/a-/AOh14Gg8liQmLLO3rwxr6dkTwMpEQVIHmsEur-7bDHmJIg,Amazing TDG.  So much to do and some unique twists. Very well done kudos to the development Team.,5,1,1.02,2017-10-16 15:12:10,,
gp:AOqpTOH4DQqFZb7Mgm3OUXG3F9XGmihfzqnlhJ35YBJHyDIc83UMoUcRUcVwtaNE2rILC9DmUH15c2HU-I2RZeU,Mag,https://play-lh.googleusercontent.com/-uZB_b9BitJY/AAAAAAAAAAI/AAAAAAAAAAA/AMZuucnv7c2r3MiaxD8bsAt782iMC49A8w/photo.jpg,Great Game with no horrible IAP,5,1,1.02,2017-08-20 08:36:15,,
gp:AOqpTOFyOHnz4DFeG6t1HCbzYUIH9GZpKmp7G8Fmtymr2OxiBENOKle1WSlW22M-4toPj968DZnNlMSUzEr4zJw,Sideroxylon,https://play-lh.googleusercontent.com/a-/AOh14GjlCs3sPQUk7KRJLYbA2vg2MQ1dnEGGIya6GtRPFg,Here is the Demon's Souls of Tower-defense. Can't think of a single flaw yet. By far my most loved game on Android. Eagerly await the sequel.,5,2,1.02,2017-08-16 16:44:58,,
gp:AOqpTOE9tI8Aj-_bdwt7VvSn_5v6lKh7VnxS0NPXk4m-ZoUFs23g70PnT8F3qZ1li3jL5oih8WhvFhuy1Ep8I8s,Jack Denny,https://play-lh.googleusercontent.com/--GtBsd6xKBI/AAAAAAAAAAI/AAAAAAAAAAA/AMZuuckvFLDLMhWNzG1hqtUDvx0uzfCr3w/photo.jpg,Really great game to pass the time with. There are obvious points where the dev could have put iap but for once these guys didn't. Genuinely my favorite TD on android.   Get it,5,24,1.02,2017-08-15 08:25:46,,
gp:AOqpTOEyVZRrQ6cyUm6hP0vlGAphZEjl_75kcW48i6TTwlmsJjTmbkdqT0hdac5yaCvhfjrwMnExHloijn6TcX0,Jack,https://play-lh.googleusercontent.com/-0CBBX0WY_DI/AAAAAAAAAAI/AAAAAAAAAAA/AMZuuckXTyLiZSUjIgb29D4qLnbAz9FWIg/photo.jpg,Can't believe I was dumb enough to buy this garbage,1,1,1.02,2017-08-01 05:02:57,,
gp:AOqpTOHwQnoTiAbJTPiNcgmDBRC2Fy-DsPQSxNVPWpI9A6YjjWzKOsixGMgvFzd8QLUotjR5Fr2nUKoAFss8u28,Inculcated Frankenbean,https://play-lh.googleusercontent.com/a-/AOh14GjaMZYHcfTqAJ2evO2jzkJSbFKH1YqsWLuXqOM0DQ,"Such a great game. When it was on steam I bought it during early access, then it came to droid, so much love... thanks you guys!🙂",5,2,1.02,2017-06-22 03:27:47,,
gp:AOqpTOHmVj1zTtVl2WrPT25LPtFL48-t14yIKCJK6XliJ9dbdVHt0uEvQXm5eGyvCMABBrW3Ar8-wVyj3yVx_A4,where am i,https://play-lh.googleusercontent.com/a-/AOh14GgWxiv_fAxQBovSO5wTEkGUEp74eVjJiPrID-kXqQ,MORE TRAPS MORE UPDATES PLEASE,5,0,1.02,2017-05-17 13:14:46,,
gp:AOqpTOG7u3TYHcTk9TJudJppHD5dJX6PekgaEmrwvayLikdDQmZA12lXN5_lHSpva4_5IHKSFqUo9NMgX5bh1n4,Nerf Sledgehammer,https://play-lh.googleusercontent.com/-1X94gx8dlyY/AAAAAAAAAAI/AAAAAAAAAAA/AMZuucmbaOWnYM3ODjIpI_k8XOQ6soCIPQ/photo.jpg,"A truly excellent game you can actually fully play offline, and doesn't have IAP snuck in after purchasing? Take my money!",5,5,1.02,2017-04-15 16:58:48,,
gp:AOqpTOHHZYcVL-VAoH5-q-S-zp2Uh37EZvN0A8a5HeZNOp98YU05I7qs-tDamELQWX61Hec4UwuTtljb0lsNv_4,Tor Bieker,https://play-lh.googleusercontent.com/a-/AOh14GgrmRsk1jOyn-v3svdpsllCyEalyJUIkg56on5ArHs,The new classic in tower defense. Tower type and placement matter! Levels present unique challenges and the game is tough. It's toothsome. I've been chewing on it for over three months and still enjoy daily play. This is one of my top 3 tower defense games of all time.,5,54,1.02,2017-03-28 12:37:03,,
gp:AOqpTOF9n9uFyJrE4fS3wVsKhYBihBHlvxSsQfELDN4z_yCWnVVuvZbDJ7djtPb_C3aGR3i4TObeKYs-kTOJlNE,Taylor Blackwelder,https://play-lh.googleusercontent.com/-bU-DOJms_90/AAAAAAAAAAI/AAAAAAAAAAA/AMZuucnPrEH1X5qiO1Kt4j3aC6COHrzX2A/photo.jpg,"Awesome game. I love tower defense games, and this is probably the best I've played. Tons of depth!",5,0,1.01,2017-03-26 08:20:53,,
gp:AOqpTOEmFIDJjYExgdM3KfEPuUYTle_2go9_Q8CGVLr-iqT2ug7yCR7ifuy7Q13DnGcAeYtgjjxjeWCSGw6MvlQ,Jeff Hartley,https://play-lh.googleusercontent.com/-lqoyFad3lBk/AAAAAAAAAAI/AAAAAAAAAAA/AMZuucl0pdoj-Znzu7ksHdLCVCG-g2Q1XA/photo.jpg,Solid TD title,5,1,1.02,2017-03-18 19:38:33,,
gp:AOqpTOHuzYqH_JchVAQu11slTdo-6jaDSVKS1Pp5qL9RrV-rdvHJ52-RsX3bWS-C3EWs-IdxBQP8BY0Oe_b9lEM,Robert Chaffe,https://play-lh.googleusercontent.com/-LMax0yobSus/AAAAAAAAAAI/AAAAAAAAAAA/AMZuuclKso5Ixbvtyn9P3tISnA5X5VadOQ/photo.jpg,Meh.,3,0,,2017-02-10 17:45:22,,
gp:AOqpTOFVuhqJjNq13u6homx0dtMqjrEQIGr7_fOJoatIIe1XUoR63cymctNYH54esBGpaxXK0UJiiiacmDveGxY,Peter Bissonnette,https://play-lh.googleusercontent.com/-YElYUM2UVhM/AAAAAAAAAAI/AAAAAAAAAAA/AMZuuclPvlU5bIEzkiN8iARGZw3IJxythQ/photo.jpg,Crashed after the first time I played it and won't start anymore.,1,0,1.01,2017-01-30 10:58:44,"Hi, Peter Bissonnette.
Please send your order number to our E-mail. We'll refund your purchase.
Sorry for the inconvenience.",2017-02-02 10:28:03
gp:AOqpTOHvj-xPuc6Skg7JF7IP1M8gbSWhZ-LKG4KWDVvoydcVKJ4I2FIYWrue3zrhaSs7FvcbUHoVU1cJ8zsCpc8,Thunnus Scombridae,https://play-lh.googleusercontent.com/-OLIf3rKZOCM/AAAAAAAAAAI/AAAAAAAAAAA/AMZuucnewYba61IC8DDDggsN8GA60cEhSw/photo.jpg,"Fun, unique tower defense game. The hordes of enemies have very satisfying deaths. The carnage reminds me of Smash TV. The audio is a nice touch.",5,0,1.01,2017-01-29 10:28:36,,
gp:AOqpTOEkwy79GBwecRgUcNnz1fR3wppVntLYeGaL8tfSoh3CAL6uXCb6UbQjLsWpiFVJo3q1v3DS0wjv_NBXObA,Ron Hanniver,https://play-lh.googleusercontent.com/-DGA9TDRX4ik/AAAAAAAAAAI/AAAAAAAAAAA/AMZuuck6IimSmtnmWYT8ovH5QfrQ1KqSVw/photo.jpg,"Great game. Challenging levels at times but keeps you coming back. Protect the keep by setting devious traps. Good graphics, sound, multiple ways to win. Fun all round.",4,0,1.01,2017-01-20 03:29:34,,
gp:AOqpTOHnVQPKNPOknAMMaPQtuB-ZNQ_rUbX-BvSM6p1FSv-dqoX849gHXAzb0Hl9DeY9ovH__4nLt9aBKXcUu0o,Adrian Gołąbek,https://play-lh.googleusercontent.com/a-/AOh14GhSmj2MV1c_pO18mceTkDDmDBGD496RfYggW0UcVw,Best tower defence in store!,5,0,1.01,2017-01-12 04:43:38,,
gp:AOqpTOGCCFlx6SAGRKGzvjUaGNCz1JLQg8i0YUqTA_WVmBgFA7S05WnfPA4mOnAg9JbTfu9WShJ8-3oYILxJLG4,Clint Emsley,https://play-lh.googleusercontent.com/a-/AOh14GhvO6dsoc8m39KnR_18IA2DK5HKz9e2FBtmtnyg0w,Every time I think I've found a broken strategy the game throws a curveball.  Beautifully designed and very thoughtful,5,0,1.01,2017-01-11 22:10:25,,
gp:AOqpTOHAbPKon_4uF5Vk7OZiKLiCS7Fn4i1okRoae7IXtVH8cwFLJudoDgJ2jZE_VtAaoJ7ftbBKg5djOqfhhkg,A Google user,https://play-lh.googleusercontent.com/EGemoI2NTXmTsBVtJqk8jxF9rh8ApRWfsIMQSt2uE4OcpQqbFu7f7NbTK05lx80nuSijCz7sc3a277R67g,Very entertaining tower defense,5,0,1.01,2017-01-10 05:03:39,,
gp:AOqpTOGyP1Jq2m8_3epm_c7aELdr8Jjuj4KDx1A7LvHkVYtu7CNbEgJgnnCF-F7y0QrfvKv_B2UjjlI61Kmncro,w00kie,https://play-lh.googleusercontent.com/a-/AOh14Giuo7ajoW20sgaaxfVN040Uwh7nhPK2dxaTJ13U9SY,Daemon Hatfield on IGNs GameScoop recommended this game and it's amazing. Great Tower defence game with awesome 'pit' mechanics to dump enemies in for insta kill and runes to make the levels easier / harder / mix them up.,5,0,1.01,2017-01-05 15:13:21,,
gp:AOqpTOGyZEMpb2aglIgX6rTf5UGbV24Zlia1UqDTAl7WL7czue-WxqhI7LQjGuxnaEtMztCu6coiAYQ1GrpoPuc,Spencer Larson,https://play-lh.googleusercontent.com/-t79M0iEDvjQ/AAAAAAAAAAI/AAAAAAAAAAA/AMZuucmIiEqStbbBxSLNP9MJPE-PCwwz5g/photo.jpg,This is the best TD game I've ever played! I love it. Worth every penny. The physics are really satisfying. The music is good but I wish there was more than one track.,5,0,1.01,2017-01-03 19:19:23,,
gp:AOqpTOGDs8R1hJrUqDnAq1ZY6VYZ4Scr8bcy5PUSTAzvcuBWiwDq2loYzM-9SJWislRbEv12BPBgKMgtaUsVocQ,G,https://play-lh.googleusercontent.com/a-/AOh14GiMO4RBi5gHN-AVXOhrJnB-MDKuPTY9mX4YSJvMJA,I already own this on Steam and love it so much that I bought it for my tablet too. Seriously one of the best Tower Defense games on the market! Thank you for making this :),5,0,1.01,2016-12-29 19:09:05,,
gp:AOqpTOF1gVSMITxQcRUUHCzEXMRp6_Lo1kNAiOt_7iOFfoxED91M_3VCr0NBb_DBc7JNg5Y0voj-CIF_WjwQP_I,Richard Kotamas,https://play-lh.googleusercontent.com/a-/AOh14GgnYH9f8laDTc0qQPLkGGHTTwZJs67ZC7oiM53obQ,best TD i've played. really fun and punishing,5,0,1.01,2016-12-18 05:37:55,,
gp:AOqpTOEN5AV05FzJzACnXPya69ur5wjHXSujkPbTqV9efT06SvDoTdNLOhGUabEtpfd4LjCXq90XS2t55ZLSZJ4,Tyler Lightfoot,https://play-lh.googleusercontent.com/-hp34k85AEgU/AAAAAAAAAAI/AAAAAAAAAAA/AMZuucn2aU7RXFUGrFhFv6YmpBBwsEL03Q/photo.jpg,Was sceptical about the price at first but boy did this game surprise. My new favorite TD game by far.,5,1,1.01,2016-12-17 22:11:39,,
gp:AOqpTOGfIQk84deroGzTbxyTcVSIyo1ZiWxlA1QE-eZuhN55ylgYBfjGoZGuo2u0By8rH3XFYRRrTd2hUsAHi8o,Tylor SS,https://play-lh.googleusercontent.com/-bFAreRcLWVI/AAAAAAAAAAI/AAAAAAAAAAA/AMZuucm3ZvmoswY_4CiLoSLB2WebA557Ag/photo.jpg,"The difficulty is not too bad, except there is only one way to beat every level. The strategy is ""figure out what trap or two to spam"".",3,1,,2016-12-14 17:22:14,,
gp:AOqpTOEhNnNhjU_xMII0GWACVb3QCDi2N6O1QLn4u8W_dXiro6ifqn_AwbJRlaT54o1CISL5vZFDdVlwb_cY79E,Joel,https://play-lh.googleusercontent.com/a-/AOh14Gg94mBqptkY229-NuU2tk2otW9rBe_afLpQewWwhw,Mix Dungeon Keeper and a solid TD game and you get this game.  It's hard but not unfair and worth every penny.,5,0,1.01,2016-12-12 07:49:09,,
gp:AOqpTOEyecsuS-6o6xL_54xsXLMYQrVrVXCjgA3KeUin-2ZZk232nRM05LtXGtoNDiN2S4chvUjPYx7Mp6gvPIA,Michael Gilbert,https://play-lh.googleusercontent.com/a-/AOh14GitcFpbK7NE8PnFt_WS4DFXA0k4NEcFC9EOArIfpUY,"Very hard to master! Have been greatly enjoying this game for several hours now and it goes DEEP, I am probably through less than half of the content. Maybe less than a third. Superb tower defense with a lot of uncommon elements. If you liked orcs must die, this is basically the phone version, done very well.",5,9,1.01,2016-12-09 19:43:42,,
gp:AOqpTOGbsQRh5x_aW48OFeNdSBofjV39M-BiDEbcFMhbCqd2M0oNLqmbHLkAYdWKkz4E9to8fdvE-u_0Z8qVBD4,Dustin Murphy,https://play-lh.googleusercontent.com/a-/AOh14GihO6qOLMrkKi-xHBEHqtQHfd72WdoK4wy4zvBy,Best game on andriod,5,0,1.01,2016-12-04 12:16:12,,
gp:AOqpTOEp141l6nXiH4E3I6cEPAXmXN0m6wqB53kGRPuoIlr_2h3RVzjYOe5DEpInNLh2lzzW-PeB_VV_eqT3j-I,Awesome Pierre,https://play-lh.googleusercontent.com/-VZ9TtQBTSdM/AAAAAAAAAAI/AAAAAAAAAAA/AMZuuckI3Mhbtu9kllKgeVApQMAAYUQ7Kg/photo.jpg,Dungeon Warfare is one of the standouts of the TD genre. Great graphics and sound couple with a variety of strategic choices to make a wonder of a game. No IAP and lots of replay value from the rune system. Mobile game done properly. Kudos to the dev.,4,1,1.01,2016-12-04 08:10:59,,
gp:AOqpTOF29BFHVcaSmPbZiFtOcqp_AOxfCZPOoSwuCOvnQObucrKdMwmtnpoVolk_nesALvDCsim2fUdXCYndjdI,Thor Son,https://play-lh.googleusercontent.com/-kiIADja7xwc/AAAAAAAAAAI/AAAAAAAAGWk/AMZuuclvoaYxqNDRBpX6mb-_sCIb6AqsBQ/photo.jpg,Did work then asked for above permissions. Denied of course and now just sits at a black screen. Refund please,1,2,1.01,2016-12-03 08:05:23,"Hi, Mark Thorson
Android 6 displays that permission message automatically when game try to use Google Play Game Service for leaderboard and achievement feature.
We never abuse your private information(We'd make a F2P game if we want to gather private infos) If you still want to get refund, please send your order number to our E-mail.

Thank you.",2016-12-06 17:17:38
gp:AOqpTOEFc3YJpM-5JUeiZcZyLR0F61TlkO_crFflSchxG8W5Z6ylO_Srj2tHwm-Kl4sCBCSmlILhxIc2UpuWW_g,Jack Ace,https://play-lh.googleusercontent.com/-oh-1nIrnXu4/AAAAAAAAAAI/AAAAAAAAAAA/AMZuuclV1ZdXCxLdJlzU-MWGMOOSC_CDhA/photo.jpg,Been a long time since a Android app has actually been so hard to put down. Quality and variety of traps is excellent.,5,1,1.01,2016-11-27 23:10:57,,
gp:AOqpTOHgvW8jeVju-21J4kofcdMOFKo0JWWfu3MMpZTjdOkD_kXhlnl2NHmOH8Y3nK-YrOol2Uy8kv4ZaP1QKFs,Ken,https://play-lh.googleusercontent.com/a-/AOh14GjymvBFpjUoPfAZ_NPVsqlvassSYI0t9FQi5EuD0A,I bought it yesterday and ran my battery down twice. I'm that hooked!,5,1,1.01,2016-11-26 06:39:29,,
gp:AOqpTOF1VmVbaAcrSlPeniwB05knL4tlt0mNsqevtCFKv0lTr1I3XW9L7OLNB4dPoFsUS4zsz84xptUZYEEZomg,David Tidwell,https://play-lh.googleusercontent.com/-ecvWtZLug-8/AAAAAAAAAAI/AAAAAAAAAAA/AMZuuclVvPybAew_PxE60lJoQEUx_PLe9Q/photo.jpg,I played the desk top version. The phone touch screen is a blast. Only big I've noticed is if a skill is maxed out you have to reset the skills to reduce it back to one otherwise it stops at 3.still great game. :),5,1,1.01,2016-10-30 19:07:01,,
gp:AOqpTOFHbFCqs8CRiueG3TAdhs0vM8Hkc-q-tHRRsBsgEISmK63spRD8MQeiGcny87uiWL3shWK7GxcnVvdoYrc,Alec McKeown,https://play-lh.googleusercontent.com/a-/AOh14Ghf6N2YNgdSfWwmKe69ZZ6nnZnhP4WfriSPMmwM9g,"A great, replayable, straight-up video game.",5,0,1.01,2016-10-28 09:06:36,,
gp:AOqpTOH9Nb2NBgYsBPV277Ef7khXgCCzEtDyBIwq8MOXDSHmaogeFSfH5ALP0t_8emfxTwPouXhsdRh__vIw0pA,A Google user,https://play-lh.googleusercontent.com/EGemoI2NTXmTsBVtJqk8jxF9rh8ApRWfsIMQSt2uE4OcpQqbFu7f7NbTK05lx80nuSijCz7sc3a277R67g,Thank you for an awesome game.,5,1,1.01,2016-10-24 20:21:38,,
gp:AOqpTOEPlb2fkgXRkcWvQJhTkEcugt_S8ibQZVVRmOiNcydEAC6GAKIdADcghrglaaCYJZ9aicJXlwCF-KSy5lQ,A Google user,https://play-lh.googleusercontent.com/EGemoI2NTXmTsBVtJqk8jxF9rh8ApRWfsIMQSt2uE4OcpQqbFu7f7NbTK05lx80nuSijCz7sc3a277R67g,I am in love with this game and I don't understand how it isn't more popular. It plays a lot like Orcs Must Die but without the champions and it rewards you for using combos. My biggest issue with this game right now is that some traps are simply not viable at all while others are invaluable.,5,2,1.01,2016-10-22 20:13:47,,
gp:AOqpTOE_hcP7Qlv00XMfknlTRScdqk9mpZTuGoMpZ36fhxA4oPUn0UPOe9tpYLuEjBIQN3Ov4cfNIH0_4M4BIYc,Brett Hibl,https://play-lh.googleusercontent.com/a-/AOh14GhqZG_3gfLv-UxnDofWHFNJA-YcNSzItbjcn0EpCdQ,"This game is definitely modeled after Orc's Must Die, and that's a great thing! This game plays perfectly from front to back. I usually hate writing reviews, but I want to support this game and hopefully additional content will follow. Fantastic game! Thank you! P.S. I found your hidden level!!",5,12,1.01,2016-10-20 17:04:39,,
gp:AOqpTOEIgYONPztQcWLPPzeNqD2KIpnvV6en1F8Uwxe5M_FKmxw2GLc71FmaxaoWVxUdt_ky_04chCMHlxPYpeQ,Lewis Wrigley,https://play-lh.googleusercontent.com/-0CRZbwBeCKY/AAAAAAAAAAI/AAAAAAAAAAA/AMZuucl58gdjlkLABoi4s7LadwoYWaWYEQ/photo.jpg,The pinnacle of tower defence,5,3,1.01,2016-10-11 09:07:52,,
gp:AOqpTOG9Fz5zCqUl1UdnxsUH-qawJlhSZQtMBmu1n5xJMQ9Ib4CYDvAqWtxEW5dZk_2kAmA01LzEbmLawCHeZqQ,Benjamin Howorth,https://play-lh.googleusercontent.com/-KRUASdo9rGM/AAAAAAAAAAI/AAAAAAAAAAA/AMZuucmD9EjageavWOfNyWjGfW8RQrsGYg/photo.jpg,"As a fan if tower defense games I am really enjoying this game. The leveling up is satisfying, and there's a lot of variety in what you can do.  My only issue is that when the game's audio is muted, I'm not able to play podcasts or listen to music with another app. Games like this are perfect when I can listen to music or podcasts, so it's unfortunate that I can't currently. Maybe with a future update it might be possible, and if it does I'll definitely give the game a full 5 stars!",4,29,1.01,2016-10-10 20:45:43,,
gp:AOqpTOGbfUovAEfIOjg4vFWh13reAYRhB6lXG4W7Pedc0PGZAwD4Q-DxyZKBtZKyd7Ugn2kteFKxm6zclW9gU9U,Allan Wright,https://play-lh.googleusercontent.com/a-/AOh14GgzP_uJZzU9dC-7RXRbE0ofSXJuLR7jfRgoLl2KyA,"Ever since the Bloon series went free-to-play, I've been looking for a pay-once alternative with the same depth. I first found Dungeon Warfare on Steam, but the PC version lacks the intuitive and quick touch control as well as other features. This is the definitive version. Buy.",5,14,1.01,2016-10-09 12:26:52,,
gp:AOqpTOGEXJOaVeOtytWWTaLHGv5Augf97pl4pDpuh_eIgaNfjIJ-051eUvuxu0rAl0rhldreDbs18FRtsXROXng,Ricardo Guedes,https://play-lh.googleusercontent.com/-x6FYvx3gg40/AAAAAAAAAAI/AAAAAAAAAAA/AMZuucl49wr09tzDjFzbNnH2Zzwz-IBG1g/photo.jpg,This game is very imaginative and takes the tower defense genre to another level. And no in app purchases. Pay once and you got everything. I wish more games were like this...,5,3,1.01,2016-10-08 08:16:48,,
gp:AOqpTOFJ-pCJnGWcv2B2W9twCfoct0EKYWXGj3vCFu6g6hZl_OC-8zhUX-3tmp5JfP1HVl3HAQmjwLidQApVHm8,Sergio Alfaro,https://play-lh.googleusercontent.com/-A6ZoH4QJBgc/AAAAAAAAAAI/AAAAAAAAEak/AMZuucm1iY-126Z_gO141IvG_4Feolh7WQ/photo.jpg,"Wonderful game, well worth the money, fun and entertaining. Developers on top of responding with complaints. They were right the beginning was just a black loading screen, I was just being too impatient. Hopefully that will get changed soon otherwise others will think the same! Thanks for the help =]",5,5,1.01,2016-10-03 08:29:36,"Hi, Sergio Alfaro.
Glad to hear that it's working well :)",2016-10-03 12:57:48
gp:AOqpTOHocICUGOgmLLOpNhgh7--zK1y0OVjPhNYLRxYCkN1QTwoAPKLK326Fr0lL4pc_So3PvWdt7yJtNHIKFqY,greatman3388,https://play-lh.googleusercontent.com/a-/AOh14GhCzZXSTX1wmI2aLmebqPnT4kljK2hdBeCCIUuK,"Game crashes after selecting Google account to connect to. :( Was fine before the update. Edit: Update results in a new crash after attempting to load the map. I'm able to get past the Google account selection, at least!",5,1,1.01,2016-09-30 16:39:53,"We found a problem on the cloud save feature and have temporarily disabled it. This hotfix will be available on Google Play Store soon.
We apologize for the inconvenience.",2016-09-30 02:08:57
gp:AOqpTOGCVFFEi9i9UY-q7Vt2BsBvDP6YhSY4fqDZ01Ow7YTUCDe8nE3rIyYQ2NYb7VjyALmirb5YxyAxS39Izqo,Seb Prieto,https://play-lh.googleusercontent.com/a-/AOh14Girmg2QgzspvqewuKDSHFSnV9EWB_tssoTB4xOjXQ,Best TD game.,5,0,1.01,2016-09-29 15:03:09,,
gp:AOqpTOHjc4nG5ru__0VWgfbf6U7WLD7SqQn4HHqN2_uH3Qojuo0DIqmoX-EmHSdfzA5KrA1Mnf7dTbjXZM65lLo,Alex Nuttgens,https://play-lh.googleusercontent.com/a-/AOh14GjnU7Zgtrjbd_T3rB5AFTwbd-sF5Y9WfY0RRx42,"This is a terrific little game,  it's a shame the permissions requests take the shine off what should be a mobile classic. Sort it out guys!",3,1,1.01,2016-09-28 06:07:34,"Hi, Alex Nuttgens.
Android 6.0 displays that permission message automatically when game try to use Google Play Game Service for leaderboard and achievement feature.
We never abuse your private information and we're finding a way to solve this problem. Sorry for the inconvenience.",2016-09-28 06:33:34
gp:AOqpTOGq7VALYkQyZjbtZIJKuUWwwRZonjAaDzSIuVNrkaoV73_oLmxJUs0O33Cw7AhQYzbIM2tsteFqqLcsHsw,Artur Frycze,https://play-lh.googleusercontent.com/a-/AOh14GjnxBWxz6v16Lvc07ynTA0Ao2sZ0aa438h1hcDElQ,"... But i hate, that it asks for suspicious permissions... To make and manage phone calls, and to read my contacts! Also, it annoyingly tries to connect me to Google Play Games.",3,1,1.01,2016-09-23 01:39:41,"Hi, Artur Frycze.
Android 6.0 displays that permission message automatically when game try to use Google Play Game Service for leaderboard and achievement feature.
We never abuse your private information and we're finding a way to solve this problem. Sorry for the inconvenience.",2016-09-26 01:25:39
gp:AOqpTOEHDgh9PuZ_f_LOq_zhAp9cx3tD1YiTXaUZkwm6Q9id7_Kjwdg45Zj1hmOKb58CthqHU_F2TgBeflZsVE0,Hunter Harris,https://play-lh.googleusercontent.com/a-/AOh14GhQbCzFFThHv7rmqPGMmU3pkjGu7ZJ4RdXh2sHc_cY,"Amazing, crunchy aesthetics, challenging, rewarding - this is one of the best purchases i have made on the app store. I would buy DLC for this",5,1,1.01,2016-09-21 04:21:15,,
gp:AOqpTOHTgL7oxBfnS5R3u7JJSFFuXRrii0-dnIP9F8DHZ8JnwO1sO_EHcbM2RXv8raROTFr32pwzwRly05i9GjE,Rawel Sangiorgi Cortez,https://play-lh.googleusercontent.com/-a7_8pQzL5pc/AAAAAAAAAAI/AAAAAAAAAAA/AMZuucnFBm2i4-hfClUDlPNbQBcE_c02TA/photo.jpg,I really like the minimalistic  grapich  is something different  bu actually i really  loved the gameplay so many traps   and all very funny( i loved the harpoon trap)  some challenges  and you  can make it more hard or easy wit the runes,5,3,1.01,2016-09-09 16:35:45,,
gp:AOqpTOH0kI8aQ4ylqThEkWt1s3W89TGcxlpqINLgfW05dg-M-tSLnZJgxlATfGb_xdhF1m7VXTyHBFf7VsjBOLA,Harry Oxley,https://play-lh.googleusercontent.com/a-/AOh14GhqsorncxIMkTkmHOqlo1bIlqZJXRfwBdcpwE6aMSU,"Great little ""orcs must die"" inspired tower defense game.",5,2,1.01,2016-09-06 22:39:24,,
gp:AOqpTOGo1vc3SdEARfXjFb7vyxMcmmYNKHWy8q0c6WO-MBS-TlPSSaFQtNsj5mtHkdliOSJtR2iHT78UXQoOAps,Cody Arthur,https://play-lh.googleusercontent.com/-M5OqPBkvENg/AAAAAAAAAAI/AAAAAAAAAAA/AMZuuckcNf5izBQkjp0l2QhPsoytHJzkRQ/photo.jpg,"Looked awesome until I booted the game up and it wanted to access my contacts and make and manage phone calls. Phone calls??? Really?? Thankfully, you can deny both of those but then you're taken to a screen where it wants access to all your Google account info. You can't play the game if you don't accept. I paid 4 bucks people. What a joke.",1,2,,2016-09-05 16:39:35,,
gp:AOqpTOE-y1AXIVfRyx3xpG6hYDojEwZx4UinnP1jq_NFo-IIpvwKVaeC8yaYcn8VV2LR7t7jLdZdUGCwcD_Wptw,G B,https://play-lh.googleusercontent.com/-A5Q72EotLbk/AAAAAAAAAAI/AAAAAAAAAAA/AMZuucmENR_Xwe5TEsNSXY98CPZS8gSiBA/photo.jpg,Best TD I've played. Maybe do without certain permissions but otherwise can't fault it... So good that it's IAP and ad-free! Support this dev!,5,1,1.01,2016-09-05 00:08:11,,
gp:AOqpTOFGk6qwXXlt1BdARwj_sO9SUhx7OY09MWaBjxrQXEoxPwZZTVgujwUQGnsuqAPxdOjvIdntDw9fn6PuRxE,jireh calusay,https://play-lh.googleusercontent.com/-XzzmYwpLtHY/AAAAAAAAAAI/AAAAAAAAAAA/AMZuuckcG6HxLtjlXaQvajX5TyMzvsa6JA/photo.jpg,This is another example where gameplay always wins over fancy graphics. Remind me of Orcs must die. Only thing missing are heroes.,5,14,1.01,2016-09-03 17:31:25,,
gp:AOqpTOH-US6vryV3Wgix8ayFy31iA61cy1iHmWyxcziLKhc1_D40PredS_G5Ny6JX-0ogbWdWQSkpFJjudU1mmI,michael stanker,https://play-lh.googleusercontent.com/a-/AOh14Giyp82xjaQqxLdDdql8Epb621n3Opl35mJqgyjX,"Excellent, devs take a lesson from this one.  Done right the first release.  Hope they add more traps and content just because it deserves to grow into legend.",5,5,1.01,2016-09-01 22:06:35,,
gp:AOqpTOEcMKUMl-u09YapwGcM2YCNLOHVoMSOVZDFR7b7P5jQ7IFcgmpg7ntpdeuo8z8S9kNRQJS960ydG_7Ly6o,Johann Gan,https://play-lh.googleusercontent.com/-yJtGTtbfFlo/AAAAAAAAAAI/AAAAAAAAAAA/AMZuucmmhAiYrhje7xou0n5OwMy54JyZmA/photo.jpg,No in app purchase. Solid game. Can reset upgrade to test new combinations. Awesome.,5,2,1.0,2016-09-01 06:01:53,,
gp:AOqpTOH6-ohQ-osj-R9SiAxpJqd6Y6TvsxxTogkh7HsoMC4sFzSA65vcE1x1R15rt7RkCtoyuqtNafbcpGFLc3M,ex alpha,https://play-lh.googleusercontent.com/a-/AOh14Gh7x16uyVLgW5jgCz69YMSwEqRSdKL5idBRxoIzsQ,"One of the best TD, violent with some very fun and deadly traps (harpoons).",5,2,1.0,2016-08-30 12:10:13,,
gp:AOqpTOFXu8JdusVbnWVOt0UpnHFQfCSXTziORekRpSWMZHCNiAxgOxSoAqplby6bNFLBwa9XwHj1z1MYh2hluz8,Boyen van Gorp,https://play-lh.googleusercontent.com/a-/AOh14Giuhk3Qp-UBZcIyEybBiEAwfUQVFraRn3TB81swlg,"I cannot recommend this enough, real challenges, real customization and making strategies. Such a gem!",5,3,1.0,2016-08-27 10:23:41,,
