reviewId,userName,userImage,content,score,thumbsUpCount,reviewCreatedVersion,at,replyContent,repliedAt
gp:AOqpTOH-OjFaVK8lSV6LElcSmmwK2rm7Kw23GGOAe8QsFHtlrrAtO3CvhFfkH6ED6If3lr59dYKZ1vCraJdRkg,Nikolaas Tzventarny,https://play-lh.googleusercontent.com/-miRT7bck6sg/AAAAAAAAAAI/AAAAAAAAAAA/AMZuucmgm2uMJfsf1m5Zmliu5YvKgiK0dg/photo.jpg,Just the perfect game.,5,0,1.0.2,2021-01-29 20:55:28,,
gp:AOqpTOGwiSfer5grNpclRYm9AEgpS9WV0e1bUk7zVRlJHOktRQwL7qRU_IGw628HX_20Km7HV_HZaVWJQi2d0Q,Christian,https://play-lh.googleusercontent.com/-u1OdRDz6bNc/AAAAAAAAAAI/AAAAAAAAAAA/AMZuuclliaszHVlMMrDpEuhknye5V9UYGw/photo.jpg,Its really fun but it's annoying how when you run out of inventory space I cannot find an obvious way to see/delete items I don't want to make room for new ones,3,0,1.0.2,2021-01-28 06:36:53,,
gp:AOqpTOFLPVLjJKQLFKK493TwkyPBf-G0cAd1JR3JHpIjdVpDxaNBfz-8uGbrM7uMB8p_QrOVcbfb0TdHFsINiQ,AmyAnn Lease,https://play-lh.googleusercontent.com/a-/AOh14GjyYeX-K1cjzdSLiyJF-uspiEextPFDGH-8PkkQjR4,Amazing. I had started on the first Dungeon warfare through Google play pass and I loved it. As soon as I discovered there was a DW2 I did not hesitate to spend money getting it. Yes the game is super difficult when you first start out but keep at it and soon you will feel like a true Dungeon warlord and the game will be over before you know it. After defeating the last Dungeon it was going to let me go on to something but the game was on my tablet that got ran over.,5,2,1.0.2,2021-01-27 01:51:16,,
gp:AOqpTOFFppU_buE5BCy9N1r81iAdbwNsmDP_E3AJXsyfguM98UA2Sl30TCrFlmZAZjVe0lqGoiqpV13p39dPzQ,Susan Galloway,https://play-lh.googleusercontent.com/-hYdD9ZXiQ8w/AAAAAAAAAAI/AAAAAAAAAAA/AMZuuclGw178M1Kb45hyY7YOQDv_7mjlNg/photo.jpg,Can you add daily rewards and in-app purchases please? Can you make enemy stats the same as their encyclopedia stats in game please? When will you respond? Can you at least add a mode where you send heroes to attack dungeons please?,5,0,1.0.2,2021-01-26 11:45:57,,
gp:AOqpTOGeSSwSPhHS4cF1xZ8ZgCh7L6uuOUjXTdjiaJG2VbQhOb00pz42rPcw9-0AOZyVh-PNDe9UVSyCt9BDkQ,dian nazief,https://play-lh.googleusercontent.com/a-/AOh14GhbI6iaatjKuVMNpGB1W4h31HkSH0iZaGtrgkqDGQ,"Superb tower defense, the best after kingdom rush with huge replayability, no iap",5,0,1.0.2,2021-01-25 10:26:58,,
gp:AOqpTOEAVK0K9B-5lVSuSztXQ1wl6u2D8wKJsmIZZLkGIaagv51HJKqMHEYP87MqUZX5JR1mTchOdEj7bmXsjg,Ardent,https://play-lh.googleusercontent.com/a-/AOh14Gj5t9OzsZOXbAucNHauqJOrBmTgEA23JpoApJR8AA,Custom level editor please,4,1,1.0.2,2021-01-21 04:50:17,,
gp:AOqpTOF1rFpYeywRMvuxpn8RC-UHUYIhaDwBeh_NzpYTlwF0UscHYETY_PiCYJYZbewq-rF-KvLi0rGHc4_nmA,rick val,https://play-lh.googleusercontent.com/a-/AOh14GidSx9Vg_INkMzw9cR4H5esj3ALawhe_7vMRqs,"I didn't think they could out do the first, but Dungeon Warfare 2 is not only better than the first, it's the best Tower Defense game ever made.",5,0,1.0.2,2021-01-19 21:13:16,,
gp:AOqpTOH89p5p9Kf-wUykxrFcIawimBornxWtmdLMlEXBZ06gEKfrkpyG1BAqgALJeBB1JlKzev8KmBl0qjPyow,nickolai vuicich,https://play-lh.googleusercontent.com/-Q0DqbGCno0A/AAAAAAAAAAI/AAAAAAAAAAA/AMZuuclfRbStj7yN2JNc8P6IbdXBu6CQkA/photo.jpg,Fun and hard td that has a few unique things about it.doesnt feel too grindy tons of different options to do maps.,5,0,1.0.2,2021-01-18 21:36:16,,
gp:AOqpTOHvX21fYXR-WEEayk8CkqxgIEDzc-LqEUv2o73CRRNm_lr1XXnSQFtqOgVrRSv3Rq1OHuq7kInZkxi07A,Coady Whitsel,https://play-lh.googleusercontent.com/a-/AOh14GhT5ikzkz0NiY5oHBOFTR31LhEec4mj4diu62l-ow,Make sure you manually save.,1,0,1.0.2,2021-01-17 16:39:28,,
gp:AOqpTOGjmju-_nBpWSA_EW221C64gtNwE9OWRVnBRgo0XfKKAfqJiFm-A80hVuIjyOBcZ3EQ0KuHGy0-oQlq1w,Stephen FitzMaurice,https://play-lh.googleusercontent.com/a-/AOh14GiZAornNDvsrQsdmMSS-rSm8P785_j2PmWqTN07ig,Genuis TD,5,0,1.0.2,2021-01-17 14:25:24,,
gp:AOqpTOEBErJ_4wK0JBysv-GtULfGsl1uQh_OkbYtK8W1cakoXi_FwhPtQD-y6hycKYAIId3_IdEZgnEFdWWsNQ,Justin M,https://play-lh.googleusercontent.com/-e2--1-CIq8I/AAAAAAAAAAI/AAAAAAAAAAA/AMZuucnuaOf2FBNyfkdD_TEMRufj3q2EoQ/photo.jpg,The perfect tower defense game. Absolutely love it with 0 micro transactions. Perfectly balanced and really fun to play,5,0,1.0.2,2021-01-09 22:28:08,,
gp:AOqpTOGkg-6sTj4YVUSQaI_nXOyKOhFhW_ilcou2T3wF-c8SduHptVREA-pJd5Y_x6URI1ASRnw0DmTO564GvQ,Kenson Luk,https://play-lh.googleusercontent.com/-F4MWi-dAZSU/AAAAAAAAAAI/AAAAAAAAAAA/AMZuucm97GpCnhhZwpyDRe08OegQRW-T3g/photo.jpg,Best td on phone. Very high replayability,5,0,1.0.2,2020-12-27 00:09:03,,
gp:AOqpTOGMJu1k5D5CujqTaZyqpuZ5wnxzr14x3-Ylk3zCN0HFc7NA_8EI_26MzsfAtZc_rRb6W1ogeHO0r8FCiQ,Patrick Joshua Gonzales,https://play-lh.googleusercontent.com/-F-6Dd6WHOlE/AAAAAAAAAAI/AAAAAAAAAAA/AMZuuclJcORBqrd2YlFmtq0H4lp78y_hKA/photo.jpg,"Great game, fun to test your creativity im picking the combination of towers. Also has a convenient full respec method, so you can always just reallocate your skills to whichever you feel like.",5,0,,2020-12-09 03:11:00,,
gp:AOqpTOEZqE2-FxwTvNaxuL7fX4Q4W59KGBGHaQ32ozI981sHQfm9FYm3_y6wrLtpWpzCdHJHKSZZ8nNvZJCIjQ,Logan Lewis,https://play-lh.googleusercontent.com/a-/AOh14GjS55LlUApwr6canso8qvZkXBmdC03nhleFRfLHCA,"Almost a perfect game. Would give 5 stars if it weren't for one thing. You have to be level 30 to play endless. Due to the difficulty ramp early on, I think it should be lowered, to give players something else to go to sooner, to help level up and learn the game in a more free environment. Other than that it's probably my second favorite tower defense. Right up there with bloons. If the endless level gets changed it might even be above bloons.",4,17,1.0.2,2020-11-30 00:23:06,,
gp:AOqpTOFLBUAFsmTSv8sqIBe091qK14yHqI5B-tL_BWG085dtcwEYnadipZftsDFnTuhAT3MsnxYqqLrUmr0Fdw,Mike Brogdon,https://play-lh.googleusercontent.com/-di593gQJf6I/AAAAAAAAAAI/AAAAAAAAAAA/AMZuucnyEX0g53CLb2awBDcYGm5wZXJJKQ/photo.jpg,"Love it! Played the first one for many hours and glad to see level II is out. Good graphics and challenging play. Some levels are tough and you have to grind through to get the necessary resources, but it's fun. Made it through the first and second (Ascension) waves and it was a blast. Can't wait for Dungeon Warfare 3...",5,15,1.0.2,2020-11-22 14:20:37,,
gp:AOqpTOGBJiAh6ibU-VFCAGeBbMEi3mq058ZIWP90k9zHY_MasDhb6u96XgTTJQKl3roU6b2F-YQMSR1jN79osQ,Jan,https://play-lh.googleusercontent.com/a-/AOh14GitMG2nN6_0ujpC9YYMRr2fqsWMsLUc_tLl9IXu,"Full of potential, but too many bugs that apparently won't be fixed (last update was in 2019). Quite sad, since the game is a lot of fun otherwise.",3,1,1.0.2,2020-11-14 21:40:31,,
gp:AOqpTOGg6ysAAc3G-R9XDt1OhW_mBxgtN0KsBHF5e88jopq6qtMTLoVxZe8WdgtaKhjwiL0l06ir6JmAUTXOjg,Jeff McCarthy,https://play-lh.googleusercontent.com/a-/AOh14Gi5kW3dUjbZm2KTnUqc1RJWFT0sH-H4XmpcM412mw,Great Game to play for Hours,5,0,1.0.2,2020-11-04 08:52:39,,
gp:AOqpTOGkMW2aS2UJjdbzdhmi3Nb5dZmOhQA7TPfMnCGYOcL8omaYO133FYOpzi0MteFgnaVNfwgoge0tV6glEw,Oliver Sanderson,https://play-lh.googleusercontent.com/-Bb_MLkB3SyA/AAAAAAAAAAI/AAAAAAAAAAA/AMZuucmMQeSuWBHaQ0yzarKPwbUT9P4bXQ/photo.jpg,Fantasic game. A really fun and challenging experience. I was unsure about paying upfront but its worth it as then you have a full fun experience. Reminds me of the good old days of gaming.,5,3,1.0.2,2020-11-01 08:34:15,,
gp:AOqpTOEt5HuiJnfh_44pNOenEOOCX1fqzM_5jBM-dEdOn2LsskGdkwjQrhLPrXSBZP_ednsBCxBLPJ5RgyldRw,M Gauthier-Kwan,https://play-lh.googleusercontent.com/a-/AOh14Gg7_oE9qjg4vqM8gDGEhsqfva92C6V8WdEUzg72iw,"A TD game with interesting mechanics! For sure in my top three with Bloons TD. The tower chaining combinations are unconstraining. Leveling, acsencion, and replayability (with free rune mods) has been great. Never had a bug and the controls are crisp. There are more map drops once you ascend. I've scratched my head a few times on which approaches would be best after flops. Grabbed this one after playing the first. This one has notable improvement in features and depth. Great job on the game.",5,13,1.0.2,2020-10-17 11:36:37,,
gp:AOqpTOGw87nAzxBp30coyB0X_6SymXyyNSqiVq3EQ0ym0uO9l45SfX8zMWW3vmTN0cvtZwrzP200POfBw_Vm6A,Tarin Awt,https://play-lh.googleusercontent.com/a-/AOh14GgP8XrKAfwFUNIS_S0HINxkXSmVnOM5opgQOfgP,Fixed the issue overnight! 5 🌟,5,0,1.0.2,2020-09-27 22:36:18,,
gp:AOqpTOEhGCusUE4st0mMRP9BA7mxHBto0jzKz1p862v11Tti9HZ1iPXlWSZj2knI6Qr1_bdTho3PMLMn87ZUEw,Will Snizek,https://play-lh.googleusercontent.com/a-/AOh14GiIo1I5_QFSUyMWQGmttva8Xb8iZQJyO_Gy01ofSA,Best tower defense game option on the Play Store. 5☆ ... well worth the money. The game is flexible enough to experiment with different strategies. Battles are pretty short so you can progress on the go. Great overall game play and design.,5,1,1.0.2,2020-08-28 18:30:21,,
gp:AOqpTOEjoZU1F9I1CynCkxxiYDTKZHoe7bTyRLl-budHc-xVUPx8bei3JDAFu0-nvbcS8XLdYGN5XO3OxDtwMg,Marc D,https://play-lh.googleusercontent.com/a-/AOh14Ghpk9mX-jx7SjkbirSPB9ar_MUXmj6WJs_5iG3v,"So far in really enjoying the game. What would be cool, is if you made a map creator that people who bought the game can share with each other. Just a thought. Great game.",5,3,1.0.2,2020-08-08 10:19:09,,
gp:AOqpTOFX7dJVswz5hikTq4mlvC4UamUP7-7Rmkh2224Mn6aC1u4o_9ODeOtLRgr6upupyjSfmnO7sPxdvEQ2CA,Ted Hampton,https://play-lh.googleusercontent.com/-cxVMDWWjzP0/AAAAAAAAAAI/AAAAAAAAAAA/AMZuuck9n5zO7ct1tHJpiyvw8ea_sjJ-1g/photo.jpg,Fun but i cant get one of the side missions of surviving a wave with wrath level 6. Went all the way up to around level 13 and it still wouldnt complete the mission. What am I doing wrong?,5,0,1.0.2,2020-08-04 18:46:33,,
gp:AOqpTOFAZOE1uWOlTmHaIb7ugpqND8CChb8YSTH3OuqP0M8UtgnNmxTig6N0Hd1mDMoOsVUZvhWk8f63vGUrRg,David Robinson,https://play-lh.googleusercontent.com/-0YZT__w7-88/AAAAAAAAAAI/AAAAAAAAAAA/AMZuucmlYnWvVBr4RVAfvtLJ-epZc7_ePQ/photo.jpg,Best tower defense game out there. Lots of levels to play and different strategies to try out and ensures mode as well as randomly generated levels to keep you coming back.,5,1,1.0.2,2020-07-28 21:15:22,,
gp:AOqpTOHnzYOYeY_yCjh67_gQawGaHtX8u4MBw8Vw-glHd9m0oA5mrhpO7cPuHX2ANNsH3WVprYZL7RKF2xU5VQ,CJ Thompson,https://play-lh.googleusercontent.com/a-/AOh14GisOcu63DJzdnB6zhA8f9ClZzg6UQjQsazaOd-R,"Amazing. Just as good as the first, well worth the (one-time) price. Small bug: sometimes when trying to increase a trap mastery it will gray out the + when you have enough points. Decreasing another skill will let you increase it, then you can re-increase the other skill.",5,9,1.0.2,2020-07-12 12:53:51,,
gp:AOqpTOFbE0Gj_PnXX0QeW8RskTHh531GE19lnsRaV8Of3DCT_0wf76LuyL95p2btlF9ZmRK_MNf-k1VgxbzlaQ,Aaa Ppp,https://play-lh.googleusercontent.com/a-/AOh14GilhNWfxQGT9P35erhsLciI0KoEnLbybytFQGE,"Give me Dungeon Warfare 3. This is one of the best, if not the best, pure tower defense game on Android. After playing this you will realize all other tower defenses are made for kids.",5,3,1.0.2,2020-07-11 13:27:18,,
gp:AOqpTOGiUUlf_WV5qbAIXnEzNTn4mW5nGOJ6xOiG18gPAwhfJXx0ZgYR-od2qy7M6zIpzcDUhsc4W39w8xZCgA,Jake Hess,https://play-lh.googleusercontent.com/a-/AOh14GjO0V-uVdrUmK07qrJjL94xLnn_1n_VzCH4dMkZ,The absolute best tower defense game outside of Warcraft 3. Highly recommend,5,0,1.0.2,2020-06-28 18:10:10,,
gp:AOqpTOH3TYysNr2MlznpJrwQFeLUH7LuGlVGYdzUuiT3a19UhTbwjFTZv2aleBUoE0Tk-9tKxFx_8L5nbW82_w,Jean Parker,https://play-lh.googleusercontent.com/-prW8u8pJW5Q/AAAAAAAAAAI/AAAAAAAAAAA/AMZuuck3e00dAeD18hqVHnpKYtCGDWJlyw/photo.jpg,Impressive game!,5,0,1.0.2,2020-06-20 21:12:29,,
gp:AOqpTOG48k6gh6LEequlKVcfUgQ8U18L0K0Ft53EayD6glXXgqyQ66xoePsQ86LY_95uW7c_ODaU7QmTUroDTQ,Weatose Destroyer,https://play-lh.googleusercontent.com/-LpTpCcO7CPM/AAAAAAAAAAI/AAAAAAAAAAA/AMZuuckvjK3iASADL00EXTM0ia3P5rFNYA/photo.jpg,Best td I played in a long time besides Bloons,5,0,,2020-06-15 14:26:13,,
gp:AOqpTOFW9SoCxvviKL-9f_mg7BJGJ9UZ06mOm24tlg-hYT52Z0Bj-FAqQMWqsfuzb884SN06JJC2npbSA6SknA,Soda Pop,https://play-lh.googleusercontent.com/-oUkR7fE5Q90/AAAAAAAAAAI/AAAAAAAAAAA/AMZuucmYPpJZoYV03SegXSgEtcw7VjxGVA/photo.jpg,"Controls are responsive, and everything is readable on a mobile. Its good. Switch version is good too. Recommended",5,1,1.0.2,2020-06-13 12:19:56,,
gp:AOqpTOGtSXwbbAw7mv5yf7Gc7M7kM00fDywiUloOV8i_MOEy4woXso6Xyet1-3fYcYhLlSJ9XWkMTUaWravNQA,Rodrigo M,https://play-lh.googleusercontent.com/a-/AOh14Ghv3SARae4FIBJs8VLvZE4OC7d9SEltZIId_OioE-c,This is a must have for me. I've played it so many times. Well worth the money and eagerly awaiting the next in the series.,5,4,1.0.2,2020-06-09 15:32:20,,
gp:AOqpTOE1ofTOngBYXteb4SdUKiLOBogiaVTxKUmA8aNsb-wJpmfRklmEjhNQoPYz1MdsQC4gRavOW8EYih7ZIA,Unmarked Door,https://play-lh.googleusercontent.com/a-/AOh14Gi0J3FAkZD1ChTWm2FD2NHj38IRTU5Cbdvb8cpH450,Perfect tower defense. I will fight anybody who says otherwise.,5,2,1.0.2,2020-05-11 10:50:31,,
gp:AOqpTOGKAyYD5MGhyFQQJdsgDEGpHYZneoPc830sua4pYWPTSWNSK64PMQNhkeGy0Ng2QbAvQjlDMTN493sr7g,insert name here.,https://play-lh.googleusercontent.com/a-/AOh14GiCQLgGKUwLv6wf_nbRg-k7wtJf8Fwn5EsBCTBr4w,"Very hard, and exploits any mistakes you make.",4,2,1.0.2,2020-05-11 01:33:05,,
gp:AOqpTOGiTki8Dn0E_2WXqp33sY_v1DXTX-gT4V069IFOPMnoo-g07Y3JPQb_AR-AoM3Z1msEjE7VlDfjDfT9jg,John on,https://play-lh.googleusercontent.com/a-/AOh14GiIwcqwaszzzQwuAccnJl7qn1HfTea3cJVKbFpY,Wow love it,5,0,1.0.2,2020-05-06 16:06:19,,
gp:AOqpTOFXk4AYwYtajj9jxnmWl__kwktg1yGdqm1MbsfdJAFp-xjv8lcZP2Ugecr1njn3cO29gCrWHbrWaN9GnA,John Spert,https://play-lh.googleusercontent.com/-K8lilpuLoP4/AAAAAAAAAAI/AAAAAAAAAAA/AMZuuckkZb0yxcUdOkf2Rwwk5u4P-zDsqg/photo.jpg,"Fun!!! Challenging, but there's always something achievable you can do at your level. It's the poster child for replayability. Can easily rearrange earned points to try new strategies.",5,6,1.0.2,2020-04-25 22:00:36,,
gp:AOqpTOFJf6yyGuZf_jYmwHYvsDNOEQfvjJZBiyrAT7fBKOiDDrnfPIwfmtRHY1SjlzOrB0CuIiuxZEgXIuIx-Q,Brad Vlad,https://play-lh.googleusercontent.com/a-/AOh14GhSQshdAur0qjPedmTLyGE5Ds8Ybv-UdNT4I6LlbA,achievements dont sync. pls fix for 5 stars. tnx,1,0,1.0.2,2020-04-02 07:52:20,,
gp:AOqpTOGKPeo7n43Bl7C--7KN7srdQP4pFQ4TSSLWg5j6wlVJb75q7oq3HZz8vSHdP1u28fih_ZuGTe09I-_Zmg,Chris Newnham,https://play-lh.googleusercontent.com/a-/AOh14GjWR2HXQ3yHMjTB96lirit0YjCYa7bD1MIzz7y0TM0,Really really really good.,5,0,1.0.2,2020-03-29 03:09:30,,
gp:AOqpTOEhJTa0uGZd_c-ommNEleSuILpL6hPmFeULjuXjlK6LnUsPsda0xHAzac-akKZQ5f06aSCP3OZCxB81Fg,Matrim Cauthon,https://play-lh.googleusercontent.com/-oCpI8pmYND0/AAAAAAAAAAI/AAAAAAAAAAA/AMZuucmm7OlDsKDeHJjAhKTj1EvKu2H1Jg/photo.jpg,"Fantastic Tower Defense style game, definitely worth the original price but you should not miss the sale.",5,5,1.0.2,2020-03-27 18:28:46,,
gp:AOqpTOFDjXiAzny6rXj_RBlyu15RMaMEsITzqWci6_L5sAYPN6OoFWTWfiOQQQ4ve67QhvLLW6yNorSyYoNvig,Ryan McSweeney,https://play-lh.googleusercontent.com/a-/AOh14GjbDsqT5868ODdbhEKLNQ_YFE6M3SBtvWwcJbs-8w,Good tower defense with no in-app purchases. More games should be like this.,5,5,1.0.2,2020-01-18 06:12:28,,
gp:AOqpTOHPPVqbxYrYHFj3cUqo8n-AixPsHCGTgQowrVF7YL7YCrYCKKrQJfhbNE9lgkwmxux0K0ivca8W9olRGw,Alexander White,https://play-lh.googleusercontent.com/a-/AOh14GiZMzbCzvjTxLFfelv-VgM-8XzulTMq0FWeCS4kOBo,"Good fun, I think the game could be a bit quicker.",4,0,1.0.2,2020-01-16 08:10:03,,
gp:AOqpTOHSkPsa6wXWBKOp8byFWnLlAFTaZW0iyDAFe3x2yX5YgC4uxXaG_Rf5buxnBTuLK_3m2QeutX17-vIyog,CHRISTOPHER CAMERON DECROIX,https://play-lh.googleusercontent.com/-uwBHNiWe6zQ/AAAAAAAAAAI/AAAAAAAAAAA/AMZuucn6s3MltoYPbK8ilPTXS5lNABDNeQ/photo.jpg,If you like tower defense this game is AMAZING,5,0,1.0.2,2020-01-09 22:27:25,,
gp:AOqpTOFZz1TCEJ8zgqY1czs6Bp8xq4kpfTqQ0_Gk5qwW9saGhmLzmLJ5JGW9Igj0yfxIPfsdKAPZ0-i24ec5FQ,Brise Walle,https://play-lh.googleusercontent.com/-5a9Dr8BJeKI/AAAAAAAAAAI/AAAAAAAAAAA/AMZuuclYOy04kfWcI-I-rh-MhffsSevn0w/photo.jpg,Great mazing tower d game,5,0,1.0.2,2020-01-07 07:45:31,,
gp:AOqpTOFKq85t30BkvNSII7HEkLNlh4QMimMJmjS41xY69_NPwdilAjJp_P8gIOc6wyJ1pj3zRSh3Z4xKs5nVZQ,András Wallner,https://play-lh.googleusercontent.com/-EKksrf4b2R4/AAAAAAAAAAI/AAAAAAAAAAA/AMZuucm7qvK4iAPEocq_AHV-dFioBDM1ug/photo.jpg,A heavily refined and upgraded version of the first installment - even more fun!,5,1,1.0.2,2020-01-04 08:36:25,,
gp:AOqpTOFU8tvTlL8Ku8Mqs2eApLvnqkzMpt0HliW_nQAPO-LeQ7ndDZRkoMIjh0UQSGkq4Xng7kYZlbwkFhypew,kurt kurt,https://play-lh.googleusercontent.com/-LOxtOtFdRm4/AAAAAAAAAAI/AAAAAAAAAAA/AMZuucnxD3s4CuVGa1MUrEN6URLLzchMgw/photo.jpg,Would give 6 stars if I could. Great pay once game.,5,0,1.0.2,2019-12-10 15:10:07,,
gp:AOqpTOG15slS2y5LiT2zuyvotF040skPmxNIqqXTTWIhhgy3KUFbkojUu4-3KXr1P1709w9-4tiTeQKXomIk7w,Simon Ball,https://play-lh.googleusercontent.com/-aXdxo6yu9rM/AAAAAAAAAAI/AAAAAAAAAAA/AMZuucmtIW7PhRAN49ojqfvlMGKihs14Og/photo.jpg,"epic, grungy, and awesome TD can always make this game a challenge, reminds me good old days of dungeon keeper",5,1,1.0.2,2019-11-16 16:39:49,,
gp:AOqpTOHDoW33F9Rks86RR6mZd4qpVnRClAZMP-QcLAAbVVLJUm0SyLvM_bCa4u6KEyI4101QtQKYPRA9kZisuA,Jorge Moreira,https://play-lh.googleusercontent.com/a-/AOh14GiXQXf4EvaQ7xWdUXN6zbEm60kUWGTI50l40h7J,"Very good. Only lacks events, could have more kinds of guards and enemies , girls mages, etc",5,0,1.0.2,2019-10-20 14:06:55,,
gp:AOqpTOHXptL3ykL-uqHkKvFhgi957u3XtG1eoC5TKQS379M1WPIuyxCpN2-IaJyWFSahWeTzJ03jQW62nSDCvw,Sergio Gutierrez,https://play-lh.googleusercontent.com/a-/AOh14Gj3pbu3te6ygb4VxBR-O15m-x-WXqdICrEaYmKpClU,"Fantastic game, with even more options than the first one",5,0,1.0.2,2019-10-12 03:43:02,,
gp:AOqpTOH0IvJHXah4eaMGIXrNDPSexTm6VHqAlslCN3UG2CTB3yQfmosfrTTJEoyeKLLavIhDUtNlK2k57kuGrA,ישראל,https://play-lh.googleusercontent.com/a-/AOh14GjJQllCGzLT6IOBpBM34nZN6WrHuHHCvY_62Wte2A,fantastic,5,0,1.0.2,2019-10-10 01:26:28,,
gp:AOqpTOEuzV_JOPBroZAZnc5fzZCSlI6iFpco5AetieSaFck3RqeyZI5cYXInQxifuMA2XRrD1k1pSC3XfUsdmA,Inculcated Frankenbean,https://play-lh.googleusercontent.com/a-/AOh14GjaMZYHcfTqAJ2evO2jzkJSbFKH1YqsWLuXqOM0DQ,Great game with incredible depth- dozens and dozens of maps and hours of interesting gameplay. My favourite TD game ever.,5,0,1.0.2,2019-10-03 02:43:12,,
gp:AOqpTOHWvFIKQ4EoBu5LT_hJqGmAfKjNDXokh1R6ezlbvEroSzjCCYxmq1LZA4P7qlkJRF7eYI1ct6cQQYvsgw,Benjamin Davis,https://play-lh.googleusercontent.com/a-/AOh14Gi8FEBUOwo4wnzWnhrnlrXsN-4ICtMLEXBwrGRPhg,Love this game. If more mobile games were like this I think mobile might be able to give consoles a run for their money.,5,1,1.0.2,2019-09-20 12:12:34,,
gp:AOqpTOGO_V6A-bJB_GtMMWlbQhwbjlo0De0wYbJxqxpxO_YuBy5_8amDTCaeQCoRhmZRwR2O2sdx6mCsriAUig,Alex Janas,https://play-lh.googleusercontent.com/a-/AOh14Gha31quD6VhoQO4ZiTReADK3wOkE2TMpaj5rMYfpoQ,Even better than the first. Hands down my favorite mobile game,5,0,1.0.2,2019-09-18 19:30:10,,
gp:AOqpTOH1n8yChgslR5m1Yvkpqs7EDlR9dfBXmlbBIXu29Dg4w8NHPFuDJkW615iKLzot7LCK6t5lLqHzcT_uBQ,Joe Thorp,https://play-lh.googleusercontent.com/a-/AOh14GioW5c-YkpQBOD_C020AoWyJzTC-bfTy9LgkdVEsA,A worthy successor.,5,0,1.0.2,2019-09-04 04:46:21,,
gp:AOqpTOHPE6qpe_BKa2CUwPQmOmUmO-WjqvB7iDMgxGkDcQWL7buH55A-5qzyMXua9wE_oI0TV1nR4wEoJvY-MQ,Jon Andersen,https://play-lh.googleusercontent.com/-FYDE1lE8iSE/AAAAAAAAAAI/AAAAAAAAAAA/AMZuuckbYWs5e3wf2kdYUZTPGP6eypG_fQ/photo.jpg,"Great time killer, kids like playing too.",4,0,1.0.2,2019-08-28 10:06:54,,
gp:AOqpTOGeedK5jkNhjhtXW2_sAD4n8ps68wZwxNc3Ea_6jgYx7uuOhvtS0nncr_4Kj3oZEue7kSWFoHLNGbLRbw,Mikołaj Krawczunas,https://play-lh.googleusercontent.com/a-/AOh14Gi72kvnFUaCqJjjgIff5F_aTkWB6eFmSPWVe7pI4g,great!,5,0,1.0.2,2019-08-23 15:48:03,,
gp:AOqpTOFGnKTtHQWcuLiWedBHjtYvaHR-ZbKI8GiwyyQbYQVgjDvCiG-qBGhxax0SyI9EHMHj5YtON1O08Xgo1w,Ricky Kurniawan,https://play-lh.googleusercontent.com/a-/AOh14Gh1IElJdHXWtceN4um_2sMHdcEWf-pugx-EyLuq,"It's Dungeon Keeper meets Gemcraft in this tower defense game. Unlike most tower defense games, you have to take moving terrains into account, along with special units behaviors that can mess your pathing. You also have customizable difficulty for your grinding needs, along with challenge objectives, giving replay value as you experiment with what you can come up with.",5,8,1.0.2,2019-08-17 22:49:43,,
gp:AOqpTOG-9pQwbxxrLF6zcyJh8Di0vIhx1makaMwje5_ZDjgPWcz_ho9vovnW2dMdnVy1ZAyILnsXVqyhPzVPZw,Mattias Lundell,https://play-lh.googleusercontent.com/a-/AOh14Ghc8ixuCJjX_NESUoWso8AcKvhmL5ORDCxEKKhe5w,A real game for android. Very fun with a large variety of meaninhful traps to choose from.,5,0,1.0.2,2019-08-10 23:33:25,,
gp:AOqpTOEYkoQ2PreT4XgzPfyGmdU5UspEsw5CldSbtZGZ_Cx_C8TRy5X1vajeCLGHpbQLjax0KMqfw9Ds8rjQ1A,Sam Huang,https://play-lh.googleusercontent.com/a-/AOh14GizehU4qiQn3ADWm1tl6-k4SSSHTAPsZmyaOfwz9Q,"This is a very challenging game that may seem impossible at times, but stick through it and it provides a satisfying experience when you beat levels. I will say the concept of changing paths for enemies make it slightly awkward where you decide to place towers, so i find myself always placing them in places where enemies will definitely cross (entrance/end) as well as forcing them on a specific path if possible through barricades. other than that, it's a fun game, but very difficult",4,6,1.0.2,2019-08-10 13:40:58,,
gp:AOqpTOEt6sjHrMM2Ci1BMSaVpLKVtM9ZePhlIUFisSgnEuipj7HAan5cYv6NZ9zfMlyVlAKucNTcvOOcG74eYQ,A B,https://play-lh.googleusercontent.com/a-/AOh14Ghb1hs29goH6xnEQNNqchN7YnaicrohtSfTrpXP8Q,"one of the best TD games on the market, lots of levels, lots of towers, upgrades, runes, challenging, allows creativity in tower placement and types. highly reccomend for any TD lover.",5,1,1.0.2,2019-07-28 18:32:56,,
gp:AOqpTOElOqvOQMBXkzvsh-o4-5hgk0CUVnxOxIyXNXXNfJZlBQWdqMWQuQ7Tg-dMpEc13mqdzDjgti8L5VUSxA,Calvin Schmidt,https://play-lh.googleusercontent.com/a-/AOh14GhTKkBaTAQv6zcGsY97o9Vhn9vrdPnmuk01lzON,no p2w no bs plus one of the best games for android. Orcs must die! in 2d. really lin3ke it,5,0,1.0.2,2019-07-27 23:30:41,,
gp:AOqpTOHTrpPjm1NBAm68RLWaZKeS03YXOgy-2Hg-avPxF_nmIjJFPrAHo_t-8eVJkhUSI--Cfz-Vc55cLpGouw,Doge,https://play-lh.googleusercontent.com/a-/AOh14GgKc5gVLd5xfTdHHYlXt-wHPsZVp7vdBCQJmctV,This really reminds me of Gemcraft Labyrinth and thats a good thing. This game is worth every single penny.,5,0,1.0.2,2019-07-27 12:31:28,,
gp:AOqpTOHlffwOOjqPAxDheuhaCKThEpvsFvVQokd8MESm0Miy4NCYo98qCMAmmfqE3tHUUzK2VFfMSF5HX3i8Mw,Todd Frazie,https://play-lh.googleusercontent.com/a-/AOh14GjW1eyP-X6uFueD9o36kCNCS7BrrVW4UwbgAjOo,What mobile gaming should be! No microtransactions. Smooth running. Endless replayability. Tons of content. Unique in its genre. Builds perfectly from its last iteration.,5,1,1.0.2,2019-07-12 07:04:29,,
gp:AOqpTOE3HTUyOmONh7YoN860vpTxGGQ3xYU4BZnRSm5aNt0Vtf7xFuachnp6TMVWoO9qlgbK4q2vE9cFrndA8w,James Russell,https://play-lh.googleusercontent.com/-RgMRXmQtgzk/AAAAAAAAAAI/AAAAAAAAAAA/AMZuucmAh27VcS6RFBCQJ_JDpBRLL4wVag/photo.jpg,Game is well designed. I like the variety of levels and the variety of traps is great. The amount of tiers for traps needs to be increased though and I hate that I can only get a single tier 3 upgrade per game.,4,0,1.0.2,2019-07-12 03:31:32,,
gp:AOqpTOGBdsfE3tyDaM3_fvGeiMCL2BnErPmYyjFuIfF0kivx-BiHdi4iVh9NmvqZF9NMXabR81sUpRgUrMcdng,Robbie C,https://play-lh.googleusercontent.com/-sQOFQua4Ewg/AAAAAAAAAAI/AAAAAAAAACU/AMZuuclCTsKxDEvyGkAZ5mgzxuZWJNtb0w/photo.jpg,"This tower defence game is addictive as hell!! Better yet, no ads, no DLC, no data connection required! Awesome work devs! I should note I bought the first game and played it to death, but I never thought the second would be so much better!!",5,6,1.0.2,2019-07-05 03:07:26,,
gp:AOqpTOHFTQjyYYeNX0JWCQacJ0PhlRYV-nf6RAFNqfDq8PNx4vJ0MkQZh8i-HvoaL3JIJAraGRicvI_GuX88Hw,Mateo Rodriguez,https://play-lh.googleusercontent.com/-81iah_seG_0/AAAAAAAAAAI/AAAAAAAAAAA/AMZuuclbapa1UTd2mgWHuXcN_oduHzVZrg/photo.jpg,"Incredible game, just like the first",5,0,1.0.2,2019-06-25 20:24:37,,
gp:AOqpTOFWKoyuokJdTGVS-r8W6cEYGPlNHmWK3bvpqDT8JNLRc16N5oAEyuFS_k4YWqxlujcyOanJMhAIoxccYw,Flannel Man,https://play-lh.googleusercontent.com/-mRrh6x6hAJg/AAAAAAAAAAI/AAAAAAAAAAA/AMZuucnvP_1IFaXUN-xgqlfAnVOfNRfDRw/photo.jpg,did not care for the way the UI is and the way interacting with icons. it's a mess.,1,0,,2019-06-17 01:17:31,,
gp:AOqpTOGRMdy2PtIgTStfyWSjuLI70YUwaG-zxwJhShhEs-CdmldTRHlSFU01_NiMZaBFwk_-mVjrF2kaC1CJ-w,Jay K,https://play-lh.googleusercontent.com/-XA2cfVrt5dQ/AAAAAAAAAAI/AAAAAAAAAAA/AMZuucnPXG5FgCJQlBavVwt3b2Vh8IC3QQ/photo.jpg,"I really like this game. It is an excellent Tower Defense. I just have one problem. When you play a new map, the developer should indicate all the places where the enemies can emerge. It seems unfair to say ""oh yeah enemies can suddenly appear from this entrance"" after you have already built a system. After I play the map one time I am aware of the places from where the enemies enter the screen but it is pretty much an auto loss the first time you play a map. That is not good AI.",5,3,1.0.2,2019-06-14 10:05:13,,
gp:AOqpTOH7I2i_pCpKPp9qxISLFN9YWerHJsiESV-EonXqZd9yIoZqwiEDOFugN6H6sUyrGTvEOsQBcD--9FkwzQ,Jochem,https://play-lh.googleusercontent.com/a-/AOh14GhHZoDsAoabSoze8A9WDslMuRvH9maPv4OSiRIhbsI,"Must have game if you like tower defense games. No IAP or ads. The unlockables are nice, even better you can undo your upgrades for every level. Go buy, you will get more bang for you buck&time.",5,0,1.0.2,2019-06-11 07:20:10,,
gp:AOqpTOHOC7BpuC4PxOArvJpyg5x29mhZT5l0GCbgBdDFY729OdyDe4LA8PUAMaC--_8aCynZ0eWVP1GCpTPHSw,Michael Turner,https://play-lh.googleusercontent.com/a-/AOh14GjUX9j_MpE8RjheV06RLIyju5wp-Ls8dK4tzfvKFTA,Great!! Not as simple and fun as the first. But still amazing. I could play this forever.,5,0,1.0.2,2019-06-10 15:20:43,,
gp:AOqpTOGz15I2wtLvE35bjm0tG56SbSP10KBK5VVEdIU6Qb-SkLiN1Y13SMwG68nJzVKxpGQmcwysL-rqSC02Ow,Unformed Eight,https://play-lh.googleusercontent.com/a-/AOh14GhLv5hghfhFL3P399iyIPTljcTpbkfvxrePxlZTuw,"If you've played the original Dungeon Warfare, you know what your getting into, its that but better. For new people, this game can challenge Bloons and other TD games easily, mazing, tons of towers with plenty of variety in upgrading, skill trees, items to give passive buffs, runes to increase point multipliers while increasing difficulty, plenty of basic maps to fill your time and tons of randomised maps. Well worth the money.",5,5,1.0.2,2019-06-09 13:45:56,,
gp:AOqpTOG3K1zqZdv0qdTUiwWMjEZz-vc39yJf_3wzbDCkaUaLp4Xy2lonV21sIYaK2cZYcbV07c7eBk9AQJ0CAg,Jacob Q.,https://play-lh.googleusercontent.com/a-/AOh14GgPOuvCJ8qFiq2XQ1QTSnDy2DtShmKBoU-804Geog,Tons of replay value. Tons of traps. Tons of strategy options. Amazing game! So many options added for this 2nd game... Once a third game is made i will already be drooling just imaging what will be in it. Thanks for a great game. Price is right too.,5,0,1.0.2,2019-06-08 20:42:55,,
gp:AOqpTOEVu0lKfB0d14o0ybaMbf6pmxdBNh8kmjtWJg7SfNFUcl3W8CR6kt3-61L38GP9TeN_UxZ-Xy1RgO0VvQ,Sippy McCup,https://play-lh.googleusercontent.com/a-/AOh14GikaJfs1MQR56MYzUzjnN8GULN84bdNHmAKPKHAwQ,"probably needs a few balance adjustments and there are one or two minor bugs, but overall it's one of the better tower defense games I've ever played. well worth the couple bucks it costs.",5,0,,2019-06-08 19:15:21,,
gp:AOqpTOFgbCZBPGCQNj3T2bvxdP8IyiLbKKlaHE3XGBW2FiWk8Q4lT0KBtLt8_9bp9eHvg3R8iXiBLYoVtFy91g,Ian Elletson,https://play-lh.googleusercontent.com/a-/AOh14Gj2K-EVUT8FoCK2l6wbaXtwMiA1P4uZRohsxcO6_NA,"simply the best tower defense game i have played. premium, high quality experience",5,0,1.0.2,2019-06-05 21:28:30,,
gp:AOqpTOHQnBJ2KO9V6CwW9fx0MED5z1ddl7QtxT1rX5O03JEsdlG2e9zYLouQijNJ90KBePYmYaWjy6GDnqyRfA,moreskidmoreskidmore,https://play-lh.googleusercontent.com/-rT6IMS_YkYE/AAAAAAAAAAI/AAAAAAAAAAA/AMZuucm412LBKvRsy8IirB_eLdTu8G0M8g/photo.jpg,Excellent game. If you enjoyed the Orcs Must Die series on PC then you will like this one.,5,1,1.0.2,2019-06-05 00:50:41,,
gp:AOqpTOGPQsiNiiThUJmu3EkTdYBGKuufI4rF4JRyRaEi6KgwiCDJbH_dwz_9b4zMrxTJu_NJWbtP6Vlo9WW98w,Елена Мацеха,https://play-lh.googleusercontent.com/a-/AOh14GgwHhp-E4CGpURRlh3IszbUTnMBkfR0bKP-cr45lA,Great defense game! Both this and the first part. You will find it really challenging.,5,0,1.0.2,2019-06-04 23:11:28,,
gp:AOqpTOGkc-c5Db85GD2M-H43izYO-q9CXfVh9OOraEQ-m4HEhYQ6Cf4q37ARHFsC5HDSY0Umu4PckRI6Koe27A,CA C.,https://play-lh.googleusercontent.com/a-/AOh14GiSuGoRF7Gdtg1KUojZzqVrQ0NR5W_aqzbalGIxQA,"Loved the original, and loving this one so far! A little harder than the first game based on my memory, but that's not a bad thing",5,1,1.0.2,2019-06-04 14:13:21,,
gp:AOqpTOGg30DJLyXog214zXc9Vaf6CeqXRaACq-5MN7Lms2gNANy_5sNSVvHJhbu6dFlyS6M8zIDSVlifjp804Q,Rickh Hodges,https://play-lh.googleusercontent.com/-Tl3X129TJOQ/AAAAAAAAAAI/AAAAAAAAAAA/AMZuucm7ptH_ot_1I9shydW995hacmsaTQ/photo.jpg,like lol go hunter as the 20 zoom as 100,5,1,,2019-06-03 18:25:32,,
gp:AOqpTOHC3kGCPNJBLienVnKzaQJrDF6QRG3tvwYjVGZWst6JH8G2lHdbMpU_rrX4YeaqzQSOojCmXjVc5lz5Hw,Ben Thompson,https://play-lh.googleusercontent.com/-el-dvltG16U/AAAAAAAAAAI/AAAAAAAAAAA/AMZuucmdu4BvpJ13RbJXZNM_KkNSk7Z1WQ/photo.jpg,it's a cool game with a high difficulty spike when they introduce flying enemies.,4,0,,2019-06-02 19:32:54,,
gp:AOqpTOGUV0Lhe3aWy9NQfy5w0CPGPp1pJXcmKo-xKPFgsprGQ_6XCpDcaR7leenXwbYdsQ6D8Jo1I8uraoYT2Q,Michael Tamlyn,https://play-lh.googleusercontent.com/a-/AOh14GjvLrkaf3bxWdvV76_YOcGRHc8mrznRCJ0RGBfgYw,clearly made with passion,5,1,1.0.2,2019-05-24 18:22:55,,
gp:AOqpTOGYUSHSpKm9syXUbxz8lMRIvPfUmTn59NfH4OkhZIXIW8zWxvUyxa_qHUI1-CIkqqJoJxudBLT1Z6ipyw,Arjun Haszard,https://play-lh.googleusercontent.com/a-/AOh14GjIusnHwUYpLlEScRZag4VkIU1nKJx-5CthtjQTO_A,great sequel to the original. just as entertaining woth new and somialr features. well worth the price,5,0,1.0.2,2019-05-22 02:28:30,,
gp:AOqpTOFCoBoOtU12DRWxdVnQB7nXQr7YQpGNJ1x-atye02xMftvQlrRnXxW2fv7ezN5LAOKQl8Cu_Or7-nsCfg,Rattenus Rattoonus,https://play-lh.googleusercontent.com/-3oLmLIZ56f8/AAAAAAAAAAI/AAAAAAAAAAA/AMZuuckmooX3_-EutSHuhErSJpCXY57D9g/photo.jpg,"On the first glance this looks very similar to the first dungeon warfare, but dang it has so much more nuance. Love it!! <3 If there's a 3rd one, please port it over to android! :D Thanks for a wonderful TD game",5,5,1.0.2,2019-05-19 22:26:10,,
gp:AOqpTOFgH42JCV-diEeTIWl-__NwuN-8bENZvY4uBakEgpAkDZxbgjZ_l6vPHDo1E7GaNaXHt00UzaEzMN3LEQ,Brys0n b0y,https://play-lh.googleusercontent.com/a-/AOh14GhyxoScNZHhCiJiueW4IspPA4R-geB51nmAXWnc6w,"Battery hog, but fun as hell! i LOVED the first one...played the HELL out of it! cant really play this one though. :( it drained my battery from 60% to 25% in 5 minutes! please optimize this game! PLEASE! I really wanna play it!",3,0,1.0.2,2019-05-18 14:50:47,,
gp:AOqpTOHpVhtLZmo1nUgsJF0UnbM7ZOACvXZSaSlhrSnXLJsS48K93VaomAoH0qn1ya3RhcitpBKXYIVZTlkHcw,Todd Scheffler,https://play-lh.googleusercontent.com/-ZlP5jz6QZwI/AAAAAAAAAAI/AAAAAAAAAAA/AMZuuclfm86lhiNZpduzCoTL_G3RoPj8tQ/photo.jpg,This brings me back to the golden days of flash games. Back when games had soul and the idle games didn't grip the attention of the brainless masses.,5,3,1.0.2,2019-05-13 16:27:31,,
gp:AOqpTOHSq8UuODj7PquRzQU9L1QSnYHt03qbFYwQ91Hm7WdOG2qq4nyEv1dlat46ISJ6mT-aH_Gcyl_Kex0s5g,Josh Lourcey,https://play-lh.googleusercontent.com/a-/AOh14GhUJrEn5DLgMzDlX0n7e9M0B1z_LFUtUcf1TwUm2g,"Not as good as the original, but still better than most other TD games to be played.",4,0,1.0.2,2019-05-09 08:49:05,,
gp:AOqpTOH_lEkyiTUGquhNlsDNqpCNCQH0ulpAizWDH_P1NrO9sSMvMN0NTxF4cO7gpnMAIiRi-onXS_adq4efTQ,Kevin Cohen,https://play-lh.googleusercontent.com/-ufD8KeRdCfw/AAAAAAAAAAI/AAAAAAAAAAA/AMZuucnm_IRlYFjsdj_xLzBoOpMi-zYbTg/photo.jpg,"Incredible, for me the previous dungeon warfare ran out of replayability. This one has fixed that with random loot you can find (no in app purchases). The amount and rarity can be changed by rushing waves and getting perks. New exciting enemies have been added, increasing the strategy required to combat them. I do wish there were random unique bosses with ridiculous skills to add even more craziness to battle. It's also being frequently updated too. All in all a great buy.",5,9,1.0.2,2019-05-04 10:31:52,,
gp:AOqpTOH1pOi7F8hbbtkMN1prXf0QMGPo4ezwU6gZqfdCsUel2eyYvO1cbin394kDAYWaQmP0qs7CMhIltQOnxg,Christian Stauffer,https://play-lh.googleusercontent.com/a-/AOh14GhHpLdxKIgk7yvIO-Ok-7P2IbTyXV6-eZFYqsF-,"A sequwl to one of the best tower defense games out there, the developer did well improving this game without tinkering too nuch with the original formula. Just like the first game, there are no in app purchases. You pay money once for a well made, well balanced game. If they fix the incredibly annoying 'rush all waves' objective, this would be perfect.",5,10,1.0.2,2019-05-03 13:21:42,,
gp:AOqpTOFhsgh2dx_LwdK0W78rrzDTp-0pRD4LzCMaDJO3pSEsVOVxwqJc47zdpMlEU1FiE0HmH1MFSKiW7y0fhA,Christian Giesecke,https://play-lh.googleusercontent.com/a-/AOh14GjrNlPE-l1S5_460B2iA84dEr58unxWoOEzwEIsIA,"Better than the first one (which is really saying something), better graphics, trap design, level design, difficulty ramps, new mechanics, etc. *STILL* no micro transactions. DW2 is really worth your money and will provide a lot of time spent figuring out the right trap placements as you move through the levels. Additionally, they added support for the s-pen. I emailed about it, and I don't know if that's why they added it, but it just makes this type of game more fun for me. Buy it already!",5,50,1.0.2,2019-05-03 04:53:31,,
gp:AOqpTOFQRW1q-ZiuQ1jhFbPQ4jB3fcXKZjKU5NnXt6uysO_Rt_FzNw6NFY3fps56eQUjcpYxN89keRMBuoD8ug,Nik Of Thyme,https://play-lh.googleusercontent.com/a-/AOh14GgAE5haJNuqUHWo3G8HVOtJIA-zIDYnk9eE9xH70Y0,"As of today May 1, 2019 the new update added support for the S Pen. I am so happy for this update. I have a tendency for most apps or games if they dont function with the S Pen just closing them and never using them again. I enjoyed the game but needed my SPen. Thanks dev's for listening to feedback and adding support.",5,3,1.0.2,2019-05-01 06:30:14,,
gp:AOqpTOHzZERz14rTQQKxGlIOegZtvWJyy6nrpFI4pmthrXqoiqAutttEjtReiiKeKl9B2wYvPIwAyjM4E_KhMA,Thomas Lopez,https://play-lh.googleusercontent.com/-Mw8T_ycbMos/AAAAAAAAAAI/AAAAAAAAAAA/AMZuucnEyGuz47j3U4eo59YMAKwtSsJHWg/photo.jpg,just wow!! so fun! i loved the first and played it on the comp,5,1,1.0.1,2019-04-25 18:51:15,,
gp:AOqpTOEeddQSBVaPfuiO5KC-3pSrvVWlanPBfYrn1D8YFolrMe_XNHGWe219LTdx2JQ2lMX8FD2KTrtQmQplrA,Jesse Mcconathy,https://play-lh.googleusercontent.com/a-/AOh14Gg2w91ya5hG9laleT4si4HgZGMszxPtHqxD_LLL,great game that builds on the strengths of the first Dungeon Warfare. very fun and challenging.,5,0,1.0.1,2019-04-25 10:27:39,,
gp:AOqpTOGkUaYkW72YC6xbVD0iai121SxPNyfCNu1ncNp2n9hHqAjKIj8wZeb7Ix0a_gLv0Ebi81NH-53Wv6FEkg,M Matt,https://play-lh.googleusercontent.com/-WZURIpxCfS8/AAAAAAAAAAI/AAAAAAAAAAA/AMZuuckeBpD3EqYbnoPDgWfmwlFHTLopLw/photo.jpg,an amazing TD games. totally customizable and no iap. just awesome,5,0,1.0.1,2019-04-21 10:46:38,,
gp:AOqpTOFVqSqjq-VfgzrWI4lH1vmwFoW9ObLapUao5YD5VzWE76mQrmHm7KClVjJ_xykWi011fSUr0p3YsCf6rw,Ninja Debugger,https://play-lh.googleusercontent.com/a-/AOh14GigMolEm_qToTz37Qk_Bq4EgIeh38HRykQKfAJ-7A,"a decent game, but it's cramped for large fingers, and doesn't work with Samsung s-pen. change that and I'll raise the score.",2,47,1.0.1,2019-04-20 15:13:31,,
gp:AOqpTOEhBuur5WQ6-lrX8vdOzGZPRbPboEs_6V-yUiMsT2LG37X24ucb52Dk4obaO-S1zznKqA1aOXovb_HKyA,Bo Ghirardelli,https://play-lh.googleusercontent.com/a-/AOh14GgKQlq92ffmL9h453gtcu5_gLeiBxHXqQD-nrfOUQ,The devs put a lot of care and thought into making this game really interesting with great replayability.,5,0,1.0.1,2019-04-14 10:32:26,,
gp:AOqpTOHWW04Ed-quYbkaOaiX18U8k3gg9WzlL7BDuzaL3RR0BOf1WnmMS2XZgnUn5zY5xrtb-gCmtgKWabHHEg,Vanfisa,https://play-lh.googleusercontent.com/-jABT3BGdRbU/AAAAAAAAAAI/AAAAAAAAAAA/AMZuucmxc33snpeyHzUT2yakXNbSA0k3pg/photo.jpg,"Went ahead and bought the game since I enjoyed the first one quite a bit. Unfortunately, the game won't even start on my phome, simply sitting at a black screen. For developer information, I'm on a Moto G6 Play with Android version 8.0.0.",1,0,1.0.1,2019-04-13 21:10:21,"Hello, Vanfisa Pate.
On some devices, start up take long time than expect. Game will be started if you wait on black screen.
We're finding solution to solve the problem. Sorry for the inconvenience.",2019-04-16 06:58:15
gp:AOqpTOEXICU0mfnSvraIwVqGl5X_PqNb7VqHaVGCRXzy2nR9eD4sOm2_A5HAnUQ0NecxhCUrCWqI7MbsqdeMhA,Andy Herd,https://play-lh.googleusercontent.com/a-/AOh14GgXQl7qIWm84uFUWpgtciOPQejBgZwemPu8fGgDrA,"Excellent game. loads of content, cool fun, and absolutely zero ads or freemium stuff.",5,1,1.0.1,2019-04-12 11:10:31,,
gp:AOqpTOFrW55cODi9L3QBG6Z4XF7tS2o40gtG0ljyu9Tej8pfjlIQsddLhSH5xehlcPvfas_LUjaWWlZ6NdzhIA,Mag,https://play-lh.googleusercontent.com/-uZB_b9BitJY/AAAAAAAAAAI/AAAAAAAAAAA/AMZuucnv7c2r3MiaxD8bsAt782iMC49A8w/photo.jpg,Again a great game! No horrible IAP 👍,5,0,1.0.1,2019-04-10 11:52:54,,
gp:AOqpTOFp_YpAwPV-IJ7EDLQliYbKMyyZ3naHvug-qyYuTfvP6PeI0Bx8cuMnCpWX9PCFkYrSbPsqxc0_93cGsw,David Johnston,https://play-lh.googleusercontent.com/-9z-KHPgUIKQ/AAAAAAAAAAI/AAAAAAAAAAA/AMZuuckvFSsWJ1HiTfQOgrNjwzwTzqdacA/photo.jpg,"One of the best tower defense games I've seen in the play store, and even better than the first. I gotta also say thank you so much for keeping it away from a pay to do anything garbage model.",5,9,1.0.1,2019-04-09 23:28:49,,
gp:AOqpTOFR2RGJi8ohPQjnqIjpGOS8jHAUlW7ZDMkeJVf8UAizSWQ5FRUcXpLBitnCALVpEBbMEXefOdaaMOiPAA,Brian Korhonen,https://play-lh.googleusercontent.com/-XfLVTP4xd98/AAAAAAAAAAI/AAAAAAAAAAA/AMZuuclM6Mn52Pa5jzntiMsfw8L0VkTtSA/photo.jpg,The long awaited sequel to a great game. There are a couple of issues but I'm sure that in time those will be resolved. Recommendations/feature requests: - in-game explanation of map symbols. I'm doing it by trial and error right now - buttons to add/remove all points in a trap skill. To makes it easier to change specialties. - the ability to view trap skill trees outside of battle - some way to easily view map scores for regular and endless. So that we know which ones we have to go back to.,4,7,1.0.1,2019-04-09 13:26:03,,
gp:AOqpTOFos0NejUpF6YCFLr9E-bL0aGAfeEdQwgD2-XQFfYGqW-A3cw60QxxFinkFFPvfsQC_EX80wMauw9m7CQ,Jason Meahl,https://play-lh.googleusercontent.com/a-/AOh14GgmBwrwcT8hVZGhAbpfsdt2_S9iCFYUi9LngMRp2oY,"Awesome game, played the first one and the sequel does not disappoint.",5,2,1.0.1,2019-04-08 20:02:02,,
gp:AOqpTOEeURi7jjog4xCNBoH1qqWmRnbjDntrJD9aeaV_JZrQ3b158AydrGL2_ubYwWLry-0OmdA6BkrFUOdddw,David Webster,https://play-lh.googleusercontent.com/a-/AOh14Giv8q0o6l_5i_pzDmNWn5rywnvfo8xTxH09wCd9,"Dungeon Warfare is one of my absolute favorite mobile games. The sequel is bigger, beefier, and far more complex. It is absolutely fantastic! If you like tower defense at all, this game is 100% for you.",5,2,1.0.1,2019-04-07 13:12:16,,
gp:AOqpTOGbBZxE0ZOBIqblXccYJj7rr2_Fh3ehG1xRbD7EuMqqSQNkL5jXe14HnB8cIBW3eZx6rjFut7hq86r5qg,Ryan Baker,https://play-lh.googleusercontent.com/-Jla0n20TV8c/AAAAAAAAAAI/AAAAAAAAAAA/AMZuuckJ5gHn3s39AULDY-S1pgwuQf-OMw/photo.jpg,"DW1 is one of my top 3 tower defense games, and DW2 has improved on it in every way, while still keeping the great look and feel of the original. There's much better balance in this game, and many cool new enemies and traps. The only bit of confusion I have is whether rubies are the only way to acquire additonal traps, or whether any might be accessed through vaults.",5,7,1.0.1,2019-04-07 11:21:38,,
gp:AOqpTOGTbsEE5vXidNzs5zlL707bHPEhAY7poO_BmNQKQshQ1yPcLs2M4IHSs3LBOqXkOAWBOcW2z3rfElg0_w,Dom Dom,https://play-lh.googleusercontent.com/a-/AOh14Gh2DTg7SoOcW504teeQKiwtL1OQaYDQhNYGtTYfn6I,"I have already played it on PC, and finally now I can play it on the go. For any fan of tower defence genre and some gratouitious 8-bit violence this game is simply a must! Buy it right now! :)",5,15,1.0.1,2019-04-06 11:49:29,,
gp:AOqpTOHZffB_vXHvyiGRKdnBcBDE8ssOKgMIUgXkdolkn0I8IttyIRUcaaIKptyv29QfmlXAcSfORLla78N53A,damien,https://play-lh.googleusercontent.com/a-/AOh14GgY_RhoZcGCVesYykNPyCjqoecvcuimyDP5YAVodw,"good game but disappointing,only problem I have, is alot of the content from the last game was used here ,even the same music was?,for a premium price I expect all new content,we should not be seeing the same towers.a map creator would of made this game live for years,let us create custom maps and share with the world to play.those maps could be endless mode and have a high score,world leaderboards.",3,14,1.0.0,2019-04-05 11:08:01,,
gp:AOqpTOHYKqx9Iw4KODTdbB5kBWd9CiYT3RFxlOD_sLUFGu-FYotFeaVh59nBLDpEm5qnybcDBANLmX1KvsXqGg,ex alpha,https://play-lh.googleusercontent.com/a-/AOh14Gh7x16uyVLgW5jgCz69YMSwEqRSdKL5idBRxoIzsQ,"Great sequel with new graphics, more violence and cool deadly traps. One of the best TD.",5,2,1.0.0,2019-04-05 00:44:18,,
gp:AOqpTOGpzcuAHvKYR3Ql_uEWHfAKxuqv1bKGLYkCvn6QN_OUnq0TOG4YuYF8iJuA4Vv03O5xHOf1JXRL_YFfxQ,Steven B,https://play-lh.googleusercontent.com/a-/AOh14GhxoSYbbqLKyq67b0-FABbf9VxrCmu7y9JTdXuktA,Incredible Sequel,5,2,1.0.0,2019-04-04 16:49:47,,
