reviewId,userName,userImage,content,score,thumbsUpCount,reviewCreatedVersion,at,replyContent,repliedAt
gp:AOqpTOFU3_7E3WmADxk-bXnBllmO1c57ZvB1X8ynFgshxeRt9vNNzb4lMq7DvUHrBgXNmTEcr19mazQAH2obHA,Ridvan Suleyman,https://play-lh.googleusercontent.com/-rHsDcSwmgrU/AAAAAAAAAAI/AAAAAAAAAAA/AMZuuckqMWtxIPJgzY7XaEAt4kyPGz_kSQ/photo.jpg,"The app is very good you can do everything but loging doesn't work on: xiaomi redmi note 8 pro, redmi 7, redmi note 9, redmi note 9 pro, pocophone f1, samsung a50. But log works on: samsung galaxy s10, galaxy s9 plus, galaxy s7.",4,0,3.00,2021-02-01 02:35:44,,
gp:AOqpTOExjiBzGQcfV7GZE2aV1uz7-DEMwkKfvZeC-SQCynhMTz-cJwGsG5SfOHUvGWv4Ae5NWFGaM6bS2xIGwA,Jordan Kidas,https://play-lh.googleusercontent.com/-97NqUv_4OBo/AAAAAAAAAAI/AAAAAAAAAAA/AMZuucla4I5i0spJSRHmV4PPjQU1VimkWg/photo.jpg,Love this app so easy to navigate and conect Too. Amazing Job Guys (Vesc) love your software and products. Thanks,5,0,2.06,2021-01-01 04:00:18,,
gp:AOqpTOFbGzro9iJhoiOzoOwrM6kBgwFylfPlCv4ebr3fI5OfDK3vqI7wmRG0RY1ZvY9XXrttegY-WVNfyqEuNQ,Søren Schrøder,https://play-lh.googleusercontent.com/a-/AOh14GgkG6F32TYoIfZBWApc42MpHSH1fJlmoCTu4TM4hTg,"So awesome - what a great project, and a great tool. Happy to support development. As a FOCBOX Unity owner, I'm happy to se VESC-TOOL firmware and support for unity.",5,1,2.06,2020-11-19 01:50:41,,
gp:AOqpTOG7gK2kEY_TWfeqLuoyEIAgGwDSLpsEZia6JlCx4NRIaBQM8hoohBJ78n5pRU0bOxnz0gpaFTuH9X-fkQ,Vladislav Jonis,https://play-lh.googleusercontent.com/-aNaW_RbEmhk/AAAAAAAAAAI/AAAAAAAAHpU/AMZuuclwWpk0OY676ZXc1vhVPR6uCWgexA/photo.jpg,"Hm, all was well and great and I haven't got any issues. Wasn't riding my board for a month or so, tried to connect with vesc tool and it won't. Gives an error upon connection. I think that most recent update might correlate to this issue. Is it possible to get version 2.05? Thank you",4,0,,2020-09-21 16:49:28,,
gp:AOqpTOFVSUNOWvA92pcRuV8J2S1ik_TpPrfDNWaOdCn41Ie0dO9qjWQZB0kUdmz_4BtlJtHCgTYlew0wNFcpLg,Patrick O'Sullivan,https://play-lh.googleusercontent.com/-4fnCw9Of1vU/AAAAAAAAAAI/AAAAAAAAAAA/AMZuucmtdslQ0zgxxFvWf1267Uen5_BaYQ/photo.jpg,Is it posible to connect to 4.2 with a hc-05 module? I can connect with other apps but still havent figured out with this app and very poor information online about it that I can find,2,0,2.06,2020-09-07 13:38:27,,
gp:AOqpTOHUF64n7ApQ4fV9oDBikg2NQa6pY8N5Nk1iqOPo7J0I2qtkrgB-9aJMHkxwoYWIdHnw37A82mZC8_02Tg,Dax Montilla,https://play-lh.googleusercontent.com/-rTeKP0b88Zg/AAAAAAAAAAI/AAAAAAAAAAA/AMZuucldQUXvhssstYEasyemLl7cHESM4g/photo.jpg,Amazing app. I used it to program and dial my VESC on my eSK8 in like 5mins.,5,0,2.06,2020-09-03 19:13:08,,
gp:AOqpTOFtzJ6yYoMc7sUyL-Hlzws4FsbV7hzDv-H7e6jfOKTQOzZsBNQwVO7QoHiRWk4Cn6ntUzi1YKur0kqNuA,Filip Olsen,https://play-lh.googleusercontent.com/a-/AOh14GhFN7eh4KuvdJQnijFZsq97cE3W1IWPeBVYK04fU2A,Awesome..... Perfect in many ways.,5,0,2.05,2020-08-15 02:30:41,,
gp:AOqpTOHQWDXfdpOqp77zFOEtZnd9BGVmRZy93CJW4-eP3nTx21qIzysQaRaf3ZZI32g7-VJejsPBjdlrsV4ARw,Noam Lin,https://play-lh.googleusercontent.com/a-/AOh14GiAHjDJPZkAc17S7Ix1TXDJRDGP62Z9IEQ2MjPMYQ,"Intuitive enough for those who are familiar with the desktop version. It gives you 100% control over all vesc features, from your phone which is great",5,2,2.05,2020-07-26 07:37:02,,
gp:AOqpTOH3zRomtrgZbgXn8C3FremO7HXqajZOIEWUs0yfVx0ztDfbNYvFSocG2hHHfkCfqVm5FSQzfYgsaUWi9Q,ILAN SABAR,https://play-lh.googleusercontent.com/a-/AOh14Gh4njaTeHBnzP_aeXBM20YRfmixJj2vv1fIB--3_Zs,Great app. Has come a long way. I suggest enabling autoconnect so it automatically connects to previously used BT module,5,1,2.05,2020-07-13 05:36:12,,
gp:AOqpTOFxKjcJ-punstvpa-8rFBqNve5v2BLzzRbN56Aqha5h9FaoBdgTTajYYBlrYZjOeL5Bw56SMYCuQYiahw,Jonathan K,https://play-lh.googleusercontent.com/a-/AOh14GgOW9KAqbrptieIwJWCoKf3kNEQL2AuQjIfyVCJbEY,Great app!,5,1,2.05,2020-07-11 19:51:34,,
gp:AOqpTOFp7zizjgBCjvOJ67Lw4R5rcHFL1wcfHiyhvPvJfHno6d-wkHIU2swBTAO6dw_LOYOpyJVgshQkiIiWjw,RehpOtsirC neiZlef,https://play-lh.googleusercontent.com/-YZ9un9Om4C8/AAAAAAAAAAI/AAAAAAAAAAA/AMZuuclaccG-0bPVaXh2fSfI709cTVMhHQ/photo.jpg,Won't connect. Ever,1,0,2.05,2020-06-30 12:54:41,,
gp:AOqpTOF61g8DYdxNmShsyNdcb-FO3Vy-Fz_aqfCELa3D0AV-xAF65T3FcbZelRMg6RP5Fxhw8uoA4C2QLQ140w,Andres Vicente,https://play-lh.googleusercontent.com/a-/AOh14Gh_DmQRy9KhxmiMh9uRnRTVNo7ihPdRIwBrhooBfQ,I deleted the app and download it again and it charged me ???,1,1,2.05,2020-05-28 15:16:53,,
gp:AOqpTOF1XN15tsOTGWn6EWiA4fre89P_QZL96JSG-zVyDNVlGJbN4gaHImuETZq4i1EX4feSgsYc0i6njby2Xg,Ryan Pederson,https://play-lh.googleusercontent.com/a-/AOh14GjKRjklVvqUfXQL3TXHnWEMD0_WiFM_H3tz9vDhKA,Works great! I love how you can set different profiles.,5,3,2.05,2020-05-22 14:13:01,,
gp:AOqpTOFEOYNOkQnSlNH-3uIdbxe1gpIM7wCp5ddmgKRGYR3RHJTClSFEv64UVyVnwamcPeIjzWT8xQz_HTitvQ,Moav Winnykamien,https://play-lh.googleusercontent.com/a-/AOh14GgtikYiE0McRoHugqLGiI9DAxAwvXnkvkb4KkrSklI,Minimal but the basic is there and it works great,5,1,2.03,2020-04-02 12:44:12,,
gp:AOqpTOFzJd-5PmDeEEO51ztNhk9lYfqGxlESXL7uSzWVAzoYChTX9FmEV_FYQpoCLdlU_CSABmF7MtHeEFwNrQ,Rafał R,https://play-lh.googleusercontent.com/a-/AOh14GhfW2pS_huS32r8YMyfEDpT-uHVD5z-Ng777lrQ5w,"This app is awesome, but there is a huge error with BLE connection after updating to Android 10. I've sent an e-mail with details about the problem. I'm waiting for a response.",5,4,2.02,2020-02-26 03:49:22,,
gp:AOqpTOFiYJuQSZuJ-nQgyou2URGwNWZZb8vDAheMM_FOmSWBI-fehiKq1QdlDTKVoYzaEKKsO1G1E56zGnzXdw,Matthew Juvet,https://play-lh.googleusercontent.com/-2XbGBH3mg6U/AAAAAAAAAAI/AAAAAAAAAAA/AMZuucmPT36pjaJZRbhF1HkciXfHIH_QDw/photo.jpg,Stopped connecting after version 4 firmware update.,1,3,2.01,2020-01-29 18:27:47,,
gp:AOqpTOGusNz7LajZjNaDbBs9BeXAM-MsB83jOAuI9l9fngDMUMF4q9-egUYQhDD7ledcqMnvDVHH0EhzAbcvSg,Hadrien Dorfman,https://play-lh.googleusercontent.com/a-/AOh14Gg2aCMSVFsZCeOa0cDfWSU8UwBGrEkd1qhvzFTFLMo,"Very nice, working flawlessly. As exceptionally as it is, the last update is an huge improvement of an already beautiful piece of code. Really thankful for you gifted way to handle things 😎👌 vesc is now a monument of the EV I dustry. T H A N K S!",5,3,2.00,2020-01-13 00:49:20,,
gp:AOqpTOE3-Moej-MTuyA2xBxV4Y3zWYN-pU-e78KHFhwNWz7kjefInxdKvv-yWeY38HH4gOpGiYUcCZYg_adOzw,Dany Mitchel,https://play-lh.googleusercontent.com/a-/AOh14Ghrz7Q-0eTYG0KSN9rlmLl1fouNxLvDnLdoJlRqBg,Benjaminge you Star Dany Trampa,5,0,1.29,2020-01-02 12:15:13,,
gp:AOqpTOEWjwS2zVQFJeQ5bbQItnozCF7KwLdOGfJ0Ed3b9cbYiJCYr0Wgu-kTTdqAQPDCz6H7yv4-FVw67Llmsw,Kevin Funes,https://play-lh.googleusercontent.com/-05vp1yo8McM/AAAAAAAAAAI/AAAAAAAAAAA/AMZuuck2UhQwzxG5n4Y9RyX_XercShs75w/photo.jpg,Mine won't connect at all,2,1,1.27,2019-12-21 13:16:44,,
gp:AOqpTOFuoU5icJWHHSz74zgZ9rVaduTrn-48psF7XI2HTZxjP9vknImAt_Kcr5jk0vtXWaq8yyqbikMpEs_L4g,ELAD ENGINEERING,https://play-lh.googleusercontent.com/-uWFFR_IqKoU/AAAAAAAAAAI/AAAAAAAAAAA/AMZuucmlgMSWfZBe1YOoosBBX7z-haRjOA/photo.jpg,Fabulous ! Many thanks,5,0,1.22,2019-10-19 13:28:31,,
gp:AOqpTOGdkqSZhE7MWa9Kc_Mu2i1N42ZmZRQmwQ-O47Xxdxe8LLkEQR71prPxb2e4966UjHyvDJ3URhwUAgrswA,Joshua Chavana,https://play-lh.googleusercontent.com/a-/AOh14Gg7M3mVsjQW9EHabu_dDPwtRlIYJVUvHY1t4t0-q68,Well I can't use this so that's why I'm leaving one star. I have a dual 6.6 Flipsky ESC and there's no way to use them/program them. You can program one at a time but that's just a waste of resources if I buy something but can't program it properly. I have tried constantly to update the esc's with minor alterations each time with no change in results. Even the computer version doesn't let this happen so I'm not surprised the app isn't any better.I hope this is fixed in some sort of update.,1,1,1.22,2019-10-10 14:32:00,,
gp:AOqpTOGnq0j8Z0L0h_za2yL5KttSckFA2SlftRngp3l3xMptFMUY-XZNk1U6RduvTgWAmd1VoifOWUlu8X2LZQ,Nolan Lee,https://play-lh.googleusercontent.com/-KaQh7vsnGL4/AAAAAAAAAAI/AAAAAAAAAAA/AMZuucn6La5h8XwAsCn7Nhj5e0XhqlKgRg/photo.jpg,Excellent! This app is super handy and does everything needed to set up or make adjustments to a vesc via Bluetooth and smartphone. No need for a pc and USB cable and taking everything apart just to make adjustments.,5,4,1.18,2019-09-09 13:11:08,,
gp:AOqpTOEz_adTM0onhPs8CyR7-fKFzIGS-Epr5NuTKtK5rtOJ46j4T2QKUpBu986DippTTrz95_oY6JzDnNkbKA,mike h,https://play-lh.googleusercontent.com/-lJmF-inxdOg/AAAAAAAAAAI/AAAAAAAAAAA/AMZuuckLm6DhWfpRMyDEoSsFDZhD4nUXEw/photo.jpg,"Works as described. Able to configure my board and motors on the fly, as well as having real time telemetry.",5,1,1.17,2019-09-05 19:48:54,,
gp:AOqpTOHNypCvTfxAMFmyhmRj4V-EMQPmmT7kGkITkWUqiLRaAyMdIzc9FDbOf3Ycj7T7f2GxVG9hdbMYjJ8_nw,Eric Meier,https://play-lh.googleusercontent.com/a-/AOh14GigjtXCMIkaiU6HwwNpXwrFtIH_VT2ig2YYFlGH,"Really usefull, the only kind of anoying this is that you can't update 2 vescs connected via canbus at once. Anyway, great job!",5,3,1.15,2019-08-07 07:31:32,,
gp:AOqpTOHagtsyHrptsnRZbaBEhi8onzbtXVDsiEwzn0cdBHjxoTf8gp6PiwLfecVkEphIjkPR-mBjqwEgNlIxSg,B1Gstankee 69,https://play-lh.googleusercontent.com/a-/AOh14GhZP97yr8f6fuH0ueQTxkkJ9aZ7X9nLwTWeQ6Do,vedder ftw.,5,0,1.15,2019-07-08 19:14:33,,
gp:AOqpTOFh2pmTovyaBcwlcoyBflHpfqT7W3WId2jUFjgyjMREDLKAeoM4ItGQJkEwij2JRJg9blzmRV8XshXLJA,Aidan Bollman,https://play-lh.googleusercontent.com/a-/AOh14Ggv_CspoYpVv2i_D_MCwAW_hC4rqxTpw2Av6S4a,I was able to program the vesc completely from phone! I had a few issues with the one step programming regarding the amperage needed for the motors so I ended up going to the motor config tab to do it the old way. I would love if a simple units change option could be added (Mph) Update: The imperial units were added very quickly upon request! Thank you! At first I thought it didn't work but I just had to restart the app for it to change over.,5,6,1.15,2019-07-03 05:12:04,I have added support for imperial units in the latest version.,2019-07-03 04:58:15
gp:AOqpTOEou1WF4oFQMdA9sC21cTg6zOYoCGhfPP5pju5jz8F_a8xdASh9jLcQA9Frnmy0v1TpPTv7XpY9QEH1AA,Tom Wood,https://play-lh.googleusercontent.com/--qTt9usEz9M/AAAAAAAAAAI/AAAAAAAAAAA/AMZuuckcSdKXL6Kfrt7JN-SII1mc4fCjNg/photo.jpg,great but no option for changing kph to mph,4,1,1.13,2019-06-24 04:00:45,,
gp:AOqpTOHVvS2PRWONPfqXtxY1DJ58WlZz32TaQmIHwMwutXs6VdsY8ZpcmliXh-_1A7qlCZXNn3dkLQcP2nYw8w,Patrick Paulmichl,https://play-lh.googleusercontent.com/a-/AOh14GjtVdRjLThICmmt4_De9O9EA26G01lQmzXKrN4mNg,My Bluetooth module (HM-10 Type) does not show up after a scan. please advise. I run Android 8.0.0 and have a Trampa VESC 6. The module is flashing a red light but will never show up.,5,2,1.13,2019-06-23 02:32:23,,
gp:AOqpTOH_U7ateNrs8i5VHpY8qIeeaU2tJNpVSNDnkC5eqx5a4HgtQznsjibKERXMnY31VX7bJdd_ytBJxLS1mA,2ez4u,https://play-lh.googleusercontent.com/a-/AOh14GgPiHtiWy9fu9k7eNDyB2_40-3_LAK4JVyV-Djg6Q,everything works,5,0,1.13,2019-06-05 03:31:40,,
gp:AOqpTOE2ZgGyEieYSMzGKG2We91Edqx2JUyBfWoz9l3LO-kBN3mMVkYWX9QJQ-6MDzoUXFsVbb3BpoBX0MU3FQ,Zechy Coyte-King,https://play-lh.googleusercontent.com/a-/AOh14GivZt6-hEu9rgx7d9ZNVOsUqKfXNALiXz49ZWmANZo,I love using this app.,5,1,1.10,2019-05-04 21:49:45,,
gp:AOqpTOFuJZHiM5rehaQ7Sb-oh0mHDQYTa-EIaUvW1WwyuCyk4eYDkJeuVGXLEcamKmcJl4G3Ed6uwig8eMmrSw,Pine van Wageningen,https://play-lh.googleusercontent.com/a-/AOh14GgVgtZkScZoyk4cGA3fvKyJkIAG5tg0StqrClJE8Q,"Great App. Is it possible to flash a Nrf51822 module using the vesc? Or do you need the STLink? One of the features of the new update is ""Can be used to make a custom NRF5x module"".",5,6,1.07,2019-04-08 04:25:28,"It is possible from the desktop version of VESC Tool. You can connect the SWD pins from the VESC to the SWD pins of the NRF5x and and use the VESC as an SWD programmer. This is managed from the SWD Prog page in VESC Tool. Firmwares are included with VESC Tool for the NRF51822, NRF52832 and NRF52840. The RX and RX pins are in the FW name.",2019-04-26 03:33:35
gp:AOqpTOFcmzZr5IBizWyKadFkLJpbwSVk3zmNNt2SY--dr_THuBfcgFZ1CIPvwPAa174YdPELMOBEt59PHGPpKA,A Google user,https://play-lh.googleusercontent.com/EGemoI2NTXmTsBVtJqk8jxF9rh8ApRWfsIMQSt2uE4OcpQqbFu7f7NbTK05lx80nuSijCz7sc3a277R67g,Awesome for my Trampa MB! So Sick Great Job BV! Thank You!,5,7,1.06,2019-03-13 16:27:29,,
