reviewId,userName,userImage,content,score,thumbsUpCount,reviewCreatedVersion,at,replyContent,repliedAt
gp:AOqpTOFdGfdWR8N9ABWi9Ing1Bt_6VXmtk9iIcTPTis05K_EHX0b_IK3I2VBBVvKCFWa3puCNS9WA0wOsVhdcA,noahhhi R,https://play-lh.googleusercontent.com/a-/AOh14GhaK3X0wsMCZCWLjEZ7U2EXBg9AbP8JVTMdohRj,Modern and colorful.,5,0,,2021-02-09 20:28:51,,
gp:AOqpTOEmPz3y-OQUVQtmrXbD_0mnRyUzBIUZGmkoQMZ0m3oay4HiyhPij-Gb9nJWu-vv5rypZ_lI9j-OT4aVOg,Alistair Craven,https://play-lh.googleusercontent.com/a-/AOh14Gjc4KS3YdJik0leQb1a0-D1YArjyiEhukRAjRujZ4U,Great update with the new icons they look great only thing I'd ask is if you could make the middle of the calender transparent to fit in better on home page? Otherwise keep up the amazing work and was well worth purchase and would give more as updates keep coning.,5,0,8.7,2021-02-06 02:03:22,I am not in favour of making the middle of the calendar transparent as that would not look good with the numbers on top of it.,2021-02-07 12:24:03
gp:AOqpTOEuQbvk12Z62en2DmsZeskfbnsbH6t1W41abmB2t9gAd3S25DEdYsPrTxBOb_ZaW0TUr-F3dXx5FjWFPA,Ivan Lebinac,https://play-lh.googleusercontent.com/a-/AOh14Ghw2kBEaJHegzAG8-XVHLt-ZR424iOzFH5j71ukOQ,"Great Icon pack, definetly worth the price",5,0,8.6,2021-01-15 04:16:07,,
gp:AOqpTOFx1Ulq_oCVw-QK4xoQ84TlaziOTvsYNScO_nSeyeMR9o6yYJEsgegig8SRVnoV-jox4DqlGJB_KlpLZA,Frantisek Nagy,https://play-lh.googleusercontent.com/-aotLLZgT9fs/AAAAAAAAAAI/AAAAAAAAAAA/AMZuuckyKUWTaVOA7Bn3-IGZ8VKvF6wOHQ/photo.jpg,Update 1 year later: Some 350 icons added in a year. It would take a decade to get this on pair with some other icon packs. So 3 stars it is. Original review: Very nice but very few. 1k icons is way too few. I am rating it 5* only to not drop the avg. rating and attract more costumers. I know it's new so I will wait a couple months and see how it's going. (before actually dropping the rating),3,16,8.6,2021-01-06 02:01:41,,
gp:AOqpTOEBgSpngmtDqX4Yzu4UHxZg96TM8l0uriRTSd2sijAXFhKkH-2E0V5MSg-ytOsasIUu3vt7i6X0Y8jGVw,Akash Soni,https://play-lh.googleusercontent.com/a-/AOh14GiR_qjM1QrZ9ELAydxmTilRBAs5yhul2Yknnfaq-Q,"One of the best icon pack on Play Store, good job. 😊",5,1,8.6,2020-12-31 22:48:01,,
gp:AOqpTOGgOkcTNULJJPUEmw72WIYVLvtjj3bd0XksYvTupcq7p-3FZBcULR_tdbrdewyxdJi7BFOL29jyabyn_A,Raviarun,https://play-lh.googleusercontent.com/a-/AOh14Gg7ieCz5N1p2pI8AiTDSEkOJxkvVrAjMcbMgGL04A,This has become my default icon pack. Nice icons. Looks good with most wallpapers. Missing only a very few icons that I use.,5,1,8.5,2020-12-28 18:47:05,,
gp:AOqpTOGxi9IEdNtsF8KahndOggYBwNqUfmJdCMvsQDx_4M4IHWAdKVbY9OKAoMmUwx-FyoSaJrq6a8fFTXcN_g,Rakesh Bhosale,https://play-lh.googleusercontent.com/a-/AOh14GhgbMSnXtXLnvMR2lWQwfsPdarT4luLDVNV7epEcsg,"Rated 5 cos i love the icons. I've requested for icons,let's see how soon the requests get updated.",5,2,8.5,2020-12-28 07:35:53,,
gp:AOqpTOGpCr4_Q6fXsc695SDLjNDxDI189rdcc2ESMQpm1Uf7997loJIcQJg2CYZeIgjW3a9nRcZKAVUJ_eiHPA,Luis Oliverio Ambriz Garcia,https://play-lh.googleusercontent.com/a-/AOh14GibISb7S7oyZlmqquJfF629maalrISufpriu8LT8DY,Great app,5,0,8.5,2020-12-25 22:24:28,,
gp:AOqpTOF3zW1dqUVcfJwkdzCZHiQhoC3Gie6Zif_sSDktqlJvaxVd4mpdX5phWfs-XZzbh1_z-W6cerlqf3VhEw,sahil borde,https://play-lh.googleusercontent.com/-pG7EvpyrzwM/AAAAAAAAAAI/AAAAAAAAAAA/AMZuuclkmzweF8o-mVhhwm89J1h0FK7IbQ/photo.jpg,Nice icon pack,5,0,,2020-12-24 08:19:19,,
gp:AOqpTOFaXhnvz4cBpP4ux1RY_AgBveIEBFV7oy0xpt963PbAnc8wjuOxB2qAWRRpjF0i1nmpvd5r0Zi-HL_3uQ,Dwhite Reeves,https://play-lh.googleusercontent.com/a-/AOh14GjRpXC34149DZUrjHuP4ZgsSfYb9oxjqenGdStKGQ,nice,5,0,8.4,2020-12-06 17:12:36,,
gp:AOqpTOHpL3d5KbMkTxFhWvBeoNh4Mqv_WNlcK7dzZmJkDGTeWRw4tkzbSjDfxxah_pUFj6KxHod96cMxmY8hiw,SEA MOON,https://play-lh.googleusercontent.com/a-/AOh14Gj3KctnRaUcT9gNHF8mNjVZLTbBN9HYIODVZNSs,Superb!!!,5,0,8.4,2020-11-30 09:36:04,,
gp:AOqpTOFaw4pkvxuzPuInl_NJygraG5K8dk8XHIRqx8cdhSz3vs4T_lt_DVQWaBaHx5z4fCoJL_sCM0tYNy21UQ,Rhuzz Bachicha,https://play-lh.googleusercontent.com/a-/AOh14GgIXhJxy7lNklXGpAvMSBE6EnW_HFG_c22Oe3MT,Great Icons,5,0,8.4,2020-11-30 02:13:51,,
gp:AOqpTOHjSY9oC5zY6WcGW7B-XrVfqEbOFR299a3kKriIeVDHoOygh-1eKDdlEBzE77Xq3B9iSeZfrwuNZRFBfw,Elhendi Saad,https://play-lh.googleusercontent.com/a-/AOh14Ghxleuo5y2R7ZRc9m6KpL4y0figfvmP4ea-JVst,Lovely,5,0,,2020-11-29 23:30:22,,
gp:AOqpTOHgf6V_eviDcaytkNz3JQTNG8NfD4k_9mEgLmgeJ4FDxbz8QlZUEIwQFFjk__yFsaNbCW43xYZ2KVrkTg,Saisoumya Dash,https://play-lh.googleusercontent.com/a-/AOh14GgZhE1d6nGUeisRGPbZigjiaIUBzjoJzA5xqQaT2w,Sweet sweet ✊❤️😍,5,0,8.4,2020-11-29 21:28:23,,
gp:AOqpTOGXECMg46KOBMiG-xqGlGrq--U4STbi88ge6mXgeHJKFcd23Q6nrt5eqz1HZO8K0HOhRyxmvFZ67zoNZg,Styner Nunes,https://play-lh.googleusercontent.com/a-/AOh14GiHRh4SR67OyUQ5i-Zj72lcYDGHJDjqp-E3GBSR,"Can we please get dark folders? The og candycons had these. Edit: Thanks for replying Mr. dev, I love the pack. ❤️ Edit 2: Thanks for including dark folders! Amazing!",5,7,8.3,2020-11-09 18:33:15,Thank you for the feedback and suggestion. I will consider making a dark version of the folders for the future updates!,2020-07-29 08:35:49
gp:AOqpTOFAvkby_VpRqhVoVcwA5qt9xJjBGZhu7kpnJel75tFSYL5PbasFFqx9Xobp7Zz7gxHwnpU1kNF2vnSEAA,Maaz Rahman,https://play-lh.googleusercontent.com/a-/AOh14GhCq9sboZabHKWubq-yXfbyPj7JTHqWT-AMTRcJaYA,What a waste of money!! It's been 2 years almost requesting for icon and got none of it.,1,43,8.3,2020-11-01 17:26:20,,
gp:AOqpTOEGsuGF_Kjcae-aXn-9rlqpx1kpgZfxJ9ZA0BSiHZ2rM5r8ScxX--c6EPq2E8ePH2Vae9mE-A0fIt6bZw,Nid Hin,https://play-lh.googleusercontent.com/a-/AOh14Gif3CFn6VBGtC4obe2aApTUuFhpfbd0vUk2D_emjw,Top icon pack luvin it,5,0,7.8,2020-09-03 00:38:59,,
gp:AOqpTOEApX9CkX8HzzVofIQPubpb8HA6A4YGrFAFzy5FNVwhYExKl--vACl6EJM8g9-xXnRXwHiRlOSyjru-sA,Sahibjot Singh,https://play-lh.googleusercontent.com/a-/AOh14GjK8IXxza1Li9akqrP2c19LCKEWsqQ1qsKykIiFL3Q,Great icon pack,5,0,7.8,2020-09-02 11:29:27,,
gp:AOqpTOFvwT4yEJh-lY6QFBWKuvCDplbwxATESl9pJKePmjpqg_rUMMERA90gCOjY4nih_fJpOuYipvJgGCUo6w,Alex Neville,https://play-lh.googleusercontent.com/a-/AOh14GjKyFYRNF40-0XwYMII5DXnSOA6epmnZW-aA1AABg,I really like these icons.,5,0,7.7,2020-08-30 04:53:16,,
gp:AOqpTOEyfW39uLMm1e-B1U12o3bO4adSQr519mjwSbuq1CFgyUeg7GCpgc2U0XdpooVyct5k93hLAm8K6e16LA,Rohan Kale,https://play-lh.googleusercontent.com/a-/AOh14GicWeX91eEijwAskKRP9nbBQEmmF1Fu4ehqHdbBEA,Best of the best out there,5,0,7.5,2020-08-09 20:20:14,,
gp:AOqpTOGtgxS_EuUhhhNL55sk5wvdB29oYKYbv6ivjZ1lI86i5njJQagxvKs-0UShHkHibWvALasJxNP-ddRKsg,Glen Wells,https://play-lh.googleusercontent.com/a-/AOh14Gis4jp-Bijipuxdylvg018xakUClnDhkVLh-i_q0g,Thank you so much for such an awesome icon pack.,5,1,,2020-08-01 06:46:05,"Hi, please check the latest update in the store. The icon is available now.",2020-07-29 08:36:22
gp:AOqpTOGtg_6uX6T90t24eGqFrAjREsc7otnJ9vtoGIpxdADl9wTAzMVrvHnlAgZ5wsDEcv5Cw17dIFd7uT8hhg,Stephane A.,https://play-lh.googleusercontent.com/a-/AOh14GjAhImGVx-9M6gteV0YO2saFyMgtzM61CDjB3gBizE,Best icon pack,5,0,7.4,2020-07-28 01:00:52,,
gp:AOqpTOEUvgK2WoIu9VcCs2TWD-GAYlVcBjELzi5zc6JkVFJMemi4wu6xFucmw1jZ2apOIOWWEGVTM8KJ-FHmLA,Franco Lewison,https://play-lh.googleusercontent.com/a-/AOh14GgvRJQi0LfXq4BR1HUdC2a2y2n1tr3t77ayaPk1,Beautiful 😍,5,0,7.4,2020-07-27 12:59:19,,
gp:AOqpTOFmUr-Cg9pzTpV94vLdNR2azd2cTI96hBUibm7VrbvdJh-s72O7rS-adVnzoqeAZuV-vGAeaqdNAfn27Q,Explodingbaker,https://play-lh.googleusercontent.com/a-/AOh14GiUNx6FDeg72libaaJVuQ_7JVUvE7zJxzfQMMbCvw,Overall a decent improvement but the lack of the food icons was disappointing for me,4,7,7.3,2020-07-22 05:10:52,,
gp:AOqpTOHfzNHAy60DFM8noG1dWtSCSXWd8qRcjUHCYuur2Mu4hmAmlvWrYK4wl42mZIjthfnE5nGFmjHOUyW7sA,Daniel P.,https://play-lh.googleusercontent.com/a-/AOh14GjUjub3ndkO6FAO1H7cP2PS3iqax8Iry--GuTl9XA,"Some Icons have practically no difference to the original one (WearOS for example), other than that the icons are great and support many apps including non-Play Store ones",3,17,7.3,2020-07-15 06:07:08,,
gp:AOqpTOHCWvAUoEnUH3Ff04n4gVdBuLJoxXHg0jwWW2THVFEKBBafQgH53JMM3sop-k1lPXZPVL0B8yMnWPV8yA,nascent nascentt,https://play-lh.googleusercontent.com/-mVkke9YfXNk/AAAAAAAAAAI/AAAAAAAAAAA/AMZuucnm_c6pKrcEEIJ2HX4ptHQphHpyEQ/photo.jpg,I've loved and used candy cons for years. A little sad it's been deprecated but am very happy candy cons unwrapped has been made.,5,7,7.2,2020-07-11 03:02:20,,
gp:AOqpTOFG3Ku1rjtgYJPlMmZky3LgIhv-YwE89sJQwAVcUOUjDI5nHN1uiGeZQpRSM0NpqoixWMWpT7o1ENW4Vg,Corey Li,https://play-lh.googleusercontent.com/a-/AOh14GixIGFsgdqIyGXBaFci-PLFDeNIp4YpmGYHLEShCcA,"Worth every penny, first time heard of the free version of the Candycons icon pack was already amazed 😍. Then found out there was a paid version, no regrets of buying it",5,16,7.2,2020-07-10 01:32:31,,
gp:AOqpTOFodQwyBWKp4z5KGTV2g8YA336mbCNYEci7vfClGxH5eA4VM2uweLGVil-T-ZqMkqrZbRPaZisiYULfPg,Arvin Phillip Cruz,https://play-lh.googleusercontent.com/a-/AOh14Gh2wkoZYEPJsmjlkPknEaTCQeHPwiYC4CcUOusUEA,Does not do icon requests. Even popular apps still not themed. I could give 0 stars if I could. 1/5,1,10,7.2,2020-06-27 10:41:03,,
gp:AOqpTOHParL_YX-VJP-JWzdwAOTCBRVg5gH3silaji_cUr70-0vW2H-2p9GLqJsLdgaJfRZfRcgYOL-AdYGyDA,Porasjeet Singh,https://play-lh.googleusercontent.com/a-/AOh14GjaIHGLPgWYEgWhkj5hOT6na51y_EOhFwSYZh-fcvg,😩💦,5,0,6.6,2020-06-03 11:03:40,,
gp:AOqpTOFINIUEyHfhtYckscMQdypAn0mxt2wFEWCbu_pBpdRpBtTIiZ_tDfX4dnuKba7Vx7X6DAsSYyma0YmENQ,Lori Thompson,https://play-lh.googleusercontent.com/a-/AOh14GhvlIqjU74_yJ83KCvay3AzGyx9QlRzRrlL35EE1xY,So beautiful! No brainer purchase! EDIT: Uninstalling Aptoide fixed the license verification. Thanks for the help!,5,5,6.8,2020-04-29 09:26:16,The license verification fails if you happen to have piracy applications installed or some alternative app stores used for downloading cracked applications. This is a measure to protect the app sideloaded from somewhere else from being used. Please uninstall any piracy app stores and the app will work as intended!,2020-04-29 09:22:46
gp:AOqpTOEA1TIV7mqwEh9VursSU0TYjOSzgnXrNRUcvlzOYLl9cdcgwQs33SB8Lvr4kitZUja0f3_MM4_mFnAaoA,Jasen Cummings,https://play-lh.googleusercontent.com/a-/AOh14Gh0rhUcbcPpAf6mcx9pIxi65FMHuAI0ix98uPPMC5M,Great icons worth the purchase,5,1,6.7,2020-04-27 13:29:25,,
gp:AOqpTOFycfLBbFbTyzAzEpLdRi-HN4EKWNEequAASvsFlmOplvbXCh2RCgYsyOOIzcfqrLs1O2JVGCEXGxUB6Q,Asif,https://play-lh.googleusercontent.com/a-/AOh14GiHDtBA1Rze7ERsS4D8E441tdHWN_fvbwlU1SP1GA,Very Nice looking icons,5,0,,2020-04-23 10:51:33,,
gp:AOqpTOGmAKNEUe8ToSpqG_KQ0cHXRsVLPmugMRLoPVN0FdB-k4zj9OQJZtEWujBQoBiMqmBAjG3NlVEBKD73mg,Josechu García López,https://play-lh.googleusercontent.com/a-/AOh14GgQpZyJEgWoyifB8y-eyZSEDec9mJzH7K_XSgc5q28,"The detail in this I can pack is incredible. As a designer, I was bored of white fill flat backdrop icons. You can see the little highlights and shadows in this one, and it adds up. Keep up the great work!",5,9,6.5,2020-04-03 02:27:31,,
gp:AOqpTOFuWWTjPjlQCkoPk_vafBEqxVXncpPTOJCQU59lQjEQr0HTPNSler8esIjZlj3d1UqgdfT2_0urfwRtsA,Samir Kushwaha,https://play-lh.googleusercontent.com/a-/AOh14GjwyzMStsMXo-f6nE4ZDpYOAXI5l_MJYTEqX53zWOo,"Beautiful!😍😍❤️❤️ Waited for so long to have it in sale. I've been using Candycons for so many years now and after seeing the video of CandyCons unwrapped, I knew I had to get this! Its gorgeous and splendid ❤️ Please don't stop making such beautiful icon packs❤️ Hi, an update to this, I'm using the ROG phone II, which has ZenUI and here it doesn't support icon packs. Would it be able to add ZenUI in the apply section? Because I use an icon pack(One UI Pixel icon pack), which applies to zenui",5,16,6.5,2020-03-28 20:32:21,"Hahaha, thank you",2019-04-21 23:58:53
gp:AOqpTOHdmBEs32fcUxIE3Zy1Ik8BbK5A237fcpVdzEZpogWAvxuJJtNemgr2nnn_lGi-umCW9GzgMzzna5AaCQ,aldo Guido,https://play-lh.googleusercontent.com/a-/AOh14GjBhAArqdh1SBbrS8DCGESC1U4nRQvkISOpVUtDsg,"Still waiting more icons, disappointed",2,5,5.4,2020-03-28 10:01:03,The app is still being updated every week. Please be patient and the number of icons will grow gradually!,2020-07-29 08:36:57
gp:AOqpTOEv-oOV6WJODtTS4MJiO4vFYL6IV4tgvyU8PXBNHDKScLJTejgDOIzcI5bQxStv9218xd1_ygcWV0wEHQ,Patrick GUO,https://play-lh.googleusercontent.com/a-/AOh14Gjesw81uXMY4q8Mj0DKxk99qmxicjLhAMZ9-DY-pA,"Bought this icon pack and requested some missing apps for long time, but non of them been updated.....sad. If there is premium icon request, I can pay money for getting faster update.",3,5,6.3,2020-03-12 04:14:07,,
gp:AOqpTOHco9coEfidS1Bx6gw9Z7ij0hOIjb2Ni9zcliXDmHvoWx9HyC_102UnoED96CCGRCsByjP2dMPbKlbPDQ,Randy Bryan,https://play-lh.googleusercontent.com/a-/AOh14Gjj01rlBIE5YSr8ckD1N-CLrS1dNFdjNYU7tDSw4yo,Great pack especially if you want close to stock or material look,5,4,6.1,2020-02-16 07:29:54,,
gp:AOqpTOHPeylCQ9KPC5OAAVeUKpdMOlgC7dp-0cillDCxV-7w0PXUCl7gBpeRWeaME7rYmcnWhoNxgOv3pNGIdA,Angel Aquarius,https://play-lh.googleusercontent.com/a-/AOh14Gh50cd-Y6afIxbPfv9tWmJaKeO4OLRbz9GSRZE8PQ,Beautiful design and constant updates,5,0,6.0,2020-02-15 13:41:40,,
gp:AOqpTOEsKEI_PDrqLpyBlBXBmP7EAJwK603FMHbIDeMIJ3wRaRYO3VK2IIeu0Cc395EV5W2pGCeW2djbDpuh6w,Billy Bill,https://play-lh.googleusercontent.com/a-/AOh14GhkA8aok_o7w9G6fgKbpaOn9nz0zDo7DoXGqvnRjw,One of my favorite Icon Packs. Definitely worth the little bit of money needed to purchase this icon pack,5,0,6.0,2020-02-13 11:50:55,Glad you like it!,2020-03-07 09:56:03
gp:AOqpTOG_S9J3AFD7bhfCJxQH9rw1vyzfWJM1G2tNZVqzLup3v5arO-XrsdH1SOKcipEaNM7tgManGQ7AQ4PaDw,O2,https://play-lh.googleusercontent.com/a-/AOh14GjwoZ2fk8A43OPOZXNS850FAIhIvkeLVMNk8ow3D48,"Now that it is unwrapped, definitely very sweet! 😊",5,0,6.0,2020-02-03 23:29:26,Thank you!,2020-03-07 09:56:18
gp:AOqpTOFd0wgALATtaFQ36b6pba_-Ma1zUe5K66dHjbVD0SWdWQL2f0s1yiMO8dQfsauGD930-PHtLBa23GW7lw,Arifproject,https://play-lh.googleusercontent.com/a-/AOh14Gh8vfog3H4Jz0Rqh7on6a3TFSssUd5HCdSraDTvI2g,"Been using the original Candycon for years now, now to support the creators. Totally love the new updated Candycon Unwrapped to compliment my Nova Prime Launcher setup 👍",5,5,5.4,2019-12-22 06:11:20,Thank you!,2019-12-28 12:18:15
gp:AOqpTOFpd-EtV8zXz5SBVzRkU3AHeYbU7Sn8Z7lHsXsEqPtpSDyqMElwOemCuC_B1br-wR9ChoKlY8YyGiwT7g,Tekno Spark,https://play-lh.googleusercontent.com/a-/AOh14GhG_nJqme-xqQdW2N2shNB0AOvLeW4hlrZgHRq2kQs,"Dope icons mate, worth buying 🤘🏼",5,0,5.4,2019-12-22 04:49:12,,
gp:AOqpTOHKT6hUd59pOSrgemjn5URncj-iuU-nm7yrpsbfoNOzDsfQQDzckFlOsjCZlDiug4c11thm_R0Ea-IC1Q,Roman Malakh,https://play-lh.googleusercontent.com/-4Qt2pleuYok/AAAAAAAAAAI/AAAAAAAAAAA/AMZuucko0bzeSpUujuz-NmPvtJrYzuwxlw/photo.jpg,"Really great launcher, has all the basic features, intuitive and user friendly customization processes! ..and it's totally free!",5,3,5.1,2019-12-03 19:52:02,,
gp:AOqpTOGUKurL9FhIh5VHbRH3tdzRYR347jL9iO8wuA9yqWAyl593mN0jOSl9aqTq3mgJ9bYmJBh0qQl0gUr0Ig,Ken,https://play-lh.googleusercontent.com/a-/AOh14GjyBd-MzsJxbR2NNYiOt_B-1MrKZxRmKoRutgGe2Bw,Great.,5,0,5.0,2019-11-30 09:13:40,,
gp:AOqpTOECIMq4d10Gq2lgBSLhIpCSRxN2xUmA7sEw2QWtYs8Yqk4NHm-q4ZIQ0CXPfkngnPbdOwKqlSchVTs2BQ,Kaiser Bant,https://play-lh.googleusercontent.com/a-/AOh14GivdFZUosdmf8o3DVirG56pznUkeIj6CHf4OtVrUA,New and improved CandyCon icon pack. Great work. Big fan of the first version. Have a coffee on me. :P,5,3,5.0,2019-11-29 04:44:17,"Aye, thanks!",2019-11-29 04:45:08
gp:AOqpTOFegJCrmU5eQ2iRMuMFCuiylS4be7ppGYep1AljQ7zhAK70nT_nUAh-Z_TNdI4Jyd44i_DqlUbU9N-PYg,Urmil Shroff,https://play-lh.googleusercontent.com/a-/AOh14Gi1guV7AtvHjt4A7x6xQz54LKgd1ReEORxuFQVmBT0,"I honestly didn't think there could be a better icon pack than CandyCons, but I was wrong. This is better!",5,3,5.0,2019-11-26 23:32:16,,
gp:AOqpTOFeEWQ_aw74xNt10UkvYs8FkFC6N55vqGPQOTCG0tGKsTcdu2OdOvRub4Gz7Db2pe-J8V0dSp_U2-w3Pg,Suman Mandal,https://play-lh.googleusercontent.com/a-/AOh14GjaCS-aNf-4K9PHIirzzc5jIXHImZPM0TNFIw6vLQ,Awesome,5,0,4.9,2019-11-18 11:16:19,,
gp:AOqpTOHqAjTnmrFVBZqPux4NxipWoAim1QuIxxLL0o9fe7GENwidP15_QkIQzubGreq9hqeXTfqtq_c5um9V0Q,Sandeep Singh,https://play-lh.googleusercontent.com/a-/AOh14GipHbVj_Mt-ZqOJl0T6-X7E6inV-R3my5wk8R5JXQ,Amazing,5,0,4.9,2019-11-16 18:23:40,,
gp:AOqpTOHwo_Gm48q1T_l-b-x7arQm5hNJpbUtx8NBi4sJ6fEG7QVaE2oBxY39W-OMPPGY6zwU-MDnZJpKBHJNRQ,Korey Baird,https://play-lh.googleusercontent.com/a-/AOh14GhVkUxWfYXW75wTKq4E-2gSJpfYdy1CUXDRBcHcRg,Please keep updating this app I love the style!,5,0,4.8,2019-11-15 07:44:31,,
gp:AOqpTOHJB40oTZdrDon8RVf-2ZrEcag9Fm9SNboiPgLg0o-KCNpMt1qcT7LmVnMG3X-VAch1zLeVf2CRdvQzMA,Factor Fiction,https://play-lh.googleusercontent.com/a-/AOh14GgiVc0UEZ8IPSfQjOgAXfKSewLI52dvSyY7pryO5A,These icons are cool.,5,1,4.7,2019-11-03 20:27:44,,
gp:AOqpTOHnsRPbC0M37bfOcID9dvIMqLmYTi2RNNGIfk0LYuriyilbxcXLVZWObGwO7PimePDSUeWOAsOnvjqQnA,Richard Agnew,https://play-lh.googleusercontent.com/a-/AOh14GjZL5zok3sffwCNu9OHRy71cwYhUEs_27c_KzliLwE,Cool pixel type of icons...,5,0,4.7,2019-11-02 17:05:28,,
gp:AOqpTOF89tAVlX1nAyHrWNIUbGADl_7KcYaUV0bYbNV48u59ZJvpPYieO20SMZKwsBYX326OrNDsakBzkusB8g,Matt Dixon,https://play-lh.googleusercontent.com/a-/AOh14Gj7czZXhcnTyZ9GKYrs99E0cldCpHyAT2_CscnD9g,"STILL, PLUS MESSENGER ICON DOES NOT WORKING ON POCO LAUNCHER",4,1,4.7,2019-11-02 12:25:55,,
gp:AOqpTOFCiYNF10HBjtpGcXUQ9-U-155C0BNHrIEmVa0BIbdECP8AH12S_mYbf9YaZfRvg3BkzO-522-FSlDJPQ,Alejandro Valenzuela,https://play-lh.googleusercontent.com/a-/AOh14Gj_RWaw9_hbwLmrkpKIsZ2HqyHyL_hzhFyUX5pOuw,"The best app ever, thanks for the designs and i expect my icons in the future version <3",5,1,4.5,2019-10-20 17:05:29,,
gp:AOqpTOF8CFROilhxw7OxW4245r9sTom9e_SaVGJ9QQnyJBA8BSP_V-JzDdMiMOQkXBNbPgIOS9rJ2at7fRGz9g,Ryan THL,https://play-lh.googleusercontent.com/a-/AOh14GhO8PlZm0wltE3-ozmvmsHpBJLLbry4KGD5QucK,Superb and best icon pack ever,5,0,4.3,2019-10-05 19:22:02,,
gp:AOqpTOG2h_amTQGyd7EVtUjbMkUEQTLlt6WbTxFYMFJhuxJT5bqrwRYSNVOMcJNpdFfpgmVf6Oz0mtEuaW-3vg,Mateus Garcia,https://play-lh.googleusercontent.com/a-/AOh14GjBIRa3WrlQlEoRIzNb9HTNjrEmzjsV2-Sn1NNq0A,"Loved the original CandyCons and have used them together with similar packs for a long time now. These manage to look even nicer, so more than happy to be buying this one too and supporting.",5,0,,2019-10-03 11:56:28,,
gp:AOqpTOFt2FD07pC1wvVPjWWGAsLo0recg9Vwf5apNEv_wmGYSZIQ0cCMyo6IpEJXXseyPX0uLtHoiML7SwHMEw,Pat Gfield,https://play-lh.googleusercontent.com/a-/AOh14GgoPK3sGgPzazvOMdzbMdCz0sSwTnz2v9qXEPBoeg,"My favorite icon pack design hands down, very creative and lots of wonderfully designed icons. I would appreciate if you made the game apps I sent to the server, thanks.",5,1,4.0,2019-09-14 17:32:27,,
gp:AOqpTOEZ3qtRio6eQWCG5KQkK-q7l6-gTGc-0QrhfR5SnkeCPKYlLWFC-mYGGrHwcZ7aB6pQ2JTWS_0yFe1Gbw,sankarprasad kundu,https://play-lh.googleusercontent.com/-zm_ADr6slUw/AAAAAAAAAAI/AAAAAAAAAAA/AMZuuclrV6b0Hc9P_lJoWpWUKmi98vCk2w/photo.jpg,"I was an avid user of candycons the free one, and that was my favourite vanilla looking icon pack. i don't know how you managed to one up even more, but it's the best looking icon pack ive ever owned, and the best quality being i can never get bored of the look of it. please support some more apps :)))",5,18,3.8,2019-09-04 05:06:30,,
gp:AOqpTOEh2Hb1qQBpBMukkcAeh_j9l9pua1Ye5e-p1RL_phIcoq6FVNHSo-KbVIkyQVlyHYCKvZWSpi-dnAAwIQ,Cameron Allen,https://play-lh.googleusercontent.com/a-/AOh14Gh9JIrr2GrJbfKCadN7nlmWTFLVwvJeIbYyL3j8K6k,Great icons but how do you change your folder icons to dots? Or anything else rather,5,1,3.8,2019-09-02 00:35:37,There is a FAQ section in the app within the 3 button menu. You are supposed to do that by manually changing the icon and that might depend on the launcher you are using. I suggest you search for some videos or tutorials online.,2019-09-03 13:14:41
gp:AOqpTOH6-U1jhposEtz5EJQf-h2MLvOXcuj3SCDIPYyhsfXNTuFGcFA5VjTqwbU7uFYQ4tJmMacSn-8GCME8qQ,Nikoleta Naglic,https://play-lh.googleusercontent.com/-GUjSZsWzKdQ/AAAAAAAAAAI/AAAAAAAABCg/AMZuucmpt33qv5qyZSZABhf_hPEyYOBxfA/photo.jpg,the best icon pack ever! it is cute and it has an icon for everything!,5,2,3.7,2019-08-31 10:33:47,Thanks!,2019-08-31 10:34:21
gp:AOqpTOHOx-LK3Uv2iNxXFMS42t0E1THWq2gegBxu7n-VnXy202vXFNtEKGLtvG4zm6pZLuTHCb_vvg3ZCPyhuA,Abhishek Kumar,https://play-lh.googleusercontent.com/a-/AOh14GjNaNwgyFmsDYyXQPljIJv6OW022TQkV__z3Asr,Simple & Killing Icon Pack 🤩😍,5,0,3.7,2019-08-31 07:47:26,Thank you!,2019-08-31 10:34:31
gp:AOqpTOFoYOuyaHox0zLedueuGImIHVnFxQ8l54tOVu5dnivRNTNWZCPmDe2dDNilgd-d4mPRhjoDQQr5w7d12g,Yashovardhan Pareek,https://play-lh.googleusercontent.com/a-/AOh14GgS1ngzguXrG_jt7ek5efdpmBKk4hAe20XMZMP8obk,"It is the by far the best Icon Pack I've ever seen. With its decent and minimalistic design, its very close to becoming your the perfect companion to your launcher",5,4,3.5,2019-08-18 07:55:48,Thank you!,2019-08-18 07:58:40
gp:AOqpTOGJBfXVClFvXGt2PqAEr1w1i4tWrn4aOiFe8x9bhRbqZpK3-1jSNTlij9D8lbeIIsEHfUtWMj6LS67NBQ,Humberto C,https://play-lh.googleusercontent.com/a-/AOh14GjPj6T7w4YtmJgC4CRVHO4W13BVHtGReTC8LOFFBbo,love it keep more coming thank you,4,0,3.4,2019-08-04 23:22:42,,
gp:AOqpTOESRhukXDYRTe72EcZc0hMXNguwDYGFAEJJAEDCjTCAmsQ_U5tts-H-hVy-1dmZGYsvEySV-04RBtvSgg,AS Creation,https://play-lh.googleusercontent.com/a-/AOh14GggR3FNe74SyvIrDA1I22_C66E5V0fBjNYu_q6l_Q,Icons are really good and well designed thanks for the developer need to add more icon to the list,4,3,3.2,2019-07-20 15:11:04,,
gp:AOqpTOHDXNy5j9j3PmHXlq1dRsD2_5OCdO6mZz6GpNNCxOTqiOw6-ulO7Pj7yPEGRw7r24u94AnxVf3ns-VZ2Q,Sangam Panda,https://play-lh.googleusercontent.com/a-/AOh14Ghnupg233Y7zuzReeL08PSrx-hrQqfdcnoewONf7g,"Just a great app. But if the icon adding would be boosted up , then it will great , and also totally worth of that price 👍",5,2,3.2,2019-07-14 07:12:46,,
gp:AOqpTOELVw1DnL0P0Gvh0zRPVQG7NesPq4tW11yHsgGG15WGb8xdQsDhAMosJrbx3SPNdFQaoeHvSt_cHKKwfw,Amit Khan,https://play-lh.googleusercontent.com/a-/AOh14Gg9ea7lJMMwMh_uWm_nWU4QS8vWOtyJctsuiuKyfg,theme up youtube tv please 😁,4,0,3.2,2019-07-06 16:20:44,,
gp:AOqpTOHUzrr9itEzmx_Erd7EE8hCaNmQ9Or_kWVlRvlLpr_or9oHNc9wVtE88OkwW8w7CZ5g96ZUvIdp6cetiA,boudy rifai,https://play-lh.googleusercontent.com/a-/AOh14GjToLL-HBVcqdpEBTtSDJ4LGKKegyrXLc9AYHuI_w,Pubg icon 💪,5,5,3.2,2019-07-06 13:12:16,Thank you!,2019-06-22 12:56:19
gp:AOqpTOHi8KvFIv8eC_0-5mGhMRkkUNSGA5Z4X8euTRnhXprvO5GekLjsxImZIWZ_NnrO4W0_akvDkTsPWyX5WA,Melyssa M,https://play-lh.googleusercontent.com/a-/AOh14GiFGxkfrpCrZcPM37PkTYFqFD1qx2RUMFUCoW9zcJc,"I want so badly to love this pack. The icons are beautiful, especially the pink icons. However, mail icons were forgotten in the Colors section, the new Firefox Focus icon is missing, the folders for groups of icons(games, media, BOOKS, etc) are also missing, and the ones from CandyCons(free version) are a different color scheme and also missing a folder for reading applications(Nook, Kindle, Moon+ Reader Pro, Google Play Books, etc).",2,5,3.1,2019-07-02 11:01:20,,
gp:AOqpTOGkYGpKBjWbOB8ScNNi4mxBcsU6ekCQjSNV_SK7_etyTgS-4gM2-MnfYl4j71QUX7S0Po_qAI9Xr7tAdA,Drei Mendoza,https://play-lh.googleusercontent.com/a-/AOh14Giyy9V-MkoHnADCmxMC0J7GtHr6N3QoLA-Bmy-1mg,This is the only icon pack that I will never get tired of looking at. I was really happy that there is a paid version. thanks.,5,5,2.9,2019-06-17 07:18:05,,
gp:AOqpTOGKtwJ6Liy7BpkpoDDgqCNT7ATiTsQlZmfSLPQAWDplaSsfpqQNDTppCqwZXmOIARs4rqQpQFzLXSms9g,Garland Wiersema,https://play-lh.googleusercontent.com/a-/AOh14GgYz0XMFNb1wPfM9GxCU8RTKgf7xQ0PrYUf5-rISq4,such a gorgeous icon pack!,5,0,2.8,2019-06-09 14:41:04,Thank you!,2019-06-09 15:11:24
gp:AOqpTOGfgyT-nOA7UERI9K2mqkz-ZwmrfkQPmEoC2gZM1pIRKS9MQHVO8_1YAB0uKafdRuTktfxkYG0gab8AFQ,LastOfADyingBeard,https://play-lh.googleusercontent.com/a-/AOh14GgEmhbI0GBUd4Ow28RztPLez-Ajgv7URyBTlRtKdqU,"one of my favorite icon packs! if you haven't picked this pack up yet, what are you thinking?",5,0,2.8,2019-06-09 10:44:33,,
gp:AOqpTOEgqox_S_K-ZH26HIqGRTeozNurxHckTPdivscXeSXn7Q2KrkfTqJsAVbrdMlIQ_L30ZMOvRW-gpRlDGQ,Ivanisevic Hanuraiga,https://play-lh.googleusercontent.com/a-/AOh14GjlJ8_IVMbb85egn5eYkN1oY66mZPcXeh--P_yZTg,"one word. ""Sweet"" 🤣",5,0,2.3,2019-05-02 08:32:20,,
gp:AOqpTOExw84KBHJuizsEWDWxFqZN8BXJzfLcWgiT_keznyttQTrNbAQlvgOLgS-iwlj3UTc_eicv7iI--gzO3Q,Stefan Haraseniuc,https://play-lh.googleusercontent.com/a-/AOh14GgXuWoTSLP6K2FAUeAno-pWlU1eAeZKefxjg63F-g,overvall very good very nice icons! i love it! ps. please fix live calendar,5,1,,2019-05-01 23:01:20,,
gp:AOqpTOEh5BfG3f9JGJeoRtTBYytBQEJGH7jMJdDOdTbMYSfWDVeWmJ_iH93e-nMriR5DU0sCZ7IieeKcWi903Q,Pavel M.,https://play-lh.googleusercontent.com/a-/AOh14GjWQ20e6gWMLfo5a4WyWGIfLcapj8vEG07dJHLpgPQ,"My favorite icon pack, please add the wallpapers from preview pictures! 😍😄",5,0,2.3,2019-05-01 00:41:14,,
gp:AOqpTOEmeJbC9cOUfyRrlL49gVgClRO1CmmFVPxHTvd-KceX1nIxCeVtg0jlRG2S4N52C4wvaEJy5he_BmsARg,Eric Ortiz,https://play-lh.googleusercontent.com/a-/AOh14GhMwguBHunZL4V0byl7ZPIuU71fTFuLNherPxchnwg,"A stunning collection of icons. There's enough design to appreciate every themed icon. It's not overdone to the point it's garish and obvious one is using an icon pack. I usually enjoy switching icon packs often, but I could use this one for a long time and not get bored of the look. It goes well with any wallpaper.",5,7,2.2,2019-04-21 07:18:15,Thank you for such a nice review!,2019-04-21 07:27:57
gp:AOqpTOF70dRIT1ZEo4PJqFCobnVpopJ664kZDUQWiKZ4Qs5HXeD5MSx4BzV8v0h6wF89Rso2CPiBsYhA8ZA37A,Lucas Groothuis,https://play-lh.googleusercontent.com/a-/AOh14GhImF8IpvzqoiP5bbNL46DPVjettCwjFHSimuCE5w,Haven't used icon packs in a loooong time. Bought this one immediately when I found about it. Possibly the best icon pack I've ever used.,5,7,2.1,2019-04-15 11:41:36,Thank you!,2019-04-15 13:45:22
gp:AOqpTOFX7_9NShzY_PJ6ivilhNlsRk9vwN4yoOCBLFf4SyUdW84KIFrUC2nZO6CRjAPjRL7lt8nHGbGM4K6-Zw,Zvonimir Žarinac,https://play-lh.googleusercontent.com/-hCu9fI59wrM/AAAAAAAAAAI/AAAAAAAAAAA/AMZuucnu9okKlwKzIa593amFThB1L-SHNA/photo.jpg,"PixBit is awesome, CandyCons Unwrapped is even more awesome. Expecting more icons in the near future. :)",5,0,1.9,2019-04-05 02:39:39,Thank you!,2019-04-21 01:22:30
gp:AOqpTOFFr8gwFm9AKPzrSY3ImUVXgp8ToxDjJGy73n5eHUW3N8HG-N9I6_fDmtpU7SBkSb1UoBWt0PLBxm9QIA,Jonathan Dennis,https://play-lh.googleusercontent.com/a-/AOh14GgNYHet5esLjgpeq8ErRd4ADBtV6-zCVo5FZYnraNc,unreal! stunning! can't wait for more icons!,5,1,1.9,2019-03-25 22:47:56,Thanks!,2019-03-26 00:39:43
gp:AOqpTOF4DoRX17HK_hLPAus-M2oFyA-li0q-hPhpeFdMSyRJXgLjzwDkaMMUGidiYwLscp0XWUh5euRwTaFZdg,A Google user,https://play-lh.googleusercontent.com/EGemoI2NTXmTsBVtJqk8jxF9rh8ApRWfsIMQSt2uE4OcpQqbFu7f7NbTK05lx80nuSijCz7sc3a277R67g,awesome!! great design great icons ps. calendar does not work,5,0,1.8,2019-03-20 05:52:15,,
gp:AOqpTOH_apauMxXP-4gJ6BjVCVLNqbZ0hAmQzlYyozF6WW12THAxw0b93a70BjjgMNbzQoLAOgRHl2up0rClTQ,Till Scharmann,https://play-lh.googleusercontent.com/a-/AOh14Gh3nez7Mq6cBIj_7Vu7XYDdbN9-taSt5QbTRoyqCg,"Great icon pack, I love it",5,1,1.7,2019-03-13 10:30:28,Thanks!,2019-03-13 12:22:42
gp:AOqpTOH7Tt34Qe33G2kopsYMHamR2VhIzOUS_9_wiU-DeXKPJSC5jZhJJ-xtNu1r4vOodtgfvLhbv4sX-7p9VA,Aadel Als,https://play-lh.googleusercontent.com/-NgCTpZ4efKA/AAAAAAAAAAI/AAAAAAAAsTM/AMZuucnuXmZwZWIhRB6n6Efu4aqEVl1S5g/photo.jpg,Beautiful collection of icons,5,0,1.7,2019-03-11 10:04:14,Thank you!,2019-03-11 10:14:26
gp:AOqpTOFI7_1Kg_8zAecG-RPpGF-kbukrvvLEMIF-r9GLE81svo3F0ker3nmEb9fQWCHFUB2m56GptCyuD0Qxiw,Anar Gurbani,https://play-lh.googleusercontent.com/a-/AOh14Gjltv3iURXOLWJ8wpsRcnddhZumsGwXTs7jEW1Dlw,He is back,5,0,1.5,2019-03-03 08:06:58,,
gp:AOqpTOEjkkNtjWKkoL4oiG1uITyFgqekizhSwohWKuUQWp3s0ptoOAgxl8o1oJaMd-dnFJnhG6ZI1Gl3DWPU3Q,Rod,https://play-lh.googleusercontent.com/a-/AOh14GhMd2dRDf4PPu0Y0hGnNEuSbCb86J7YGzYSaGG_-Q,Absolutely wonderful! Keep up the great work!,5,4,1.5,2019-02-23 11:34:35,Thanks!,2019-02-23 12:55:22
gp:AOqpTOGl3D0GG-mSFavdAqRA3Rc7dHmxk8kSBepWXTujchktNO3RoOhsqBJLMCoCmqRfcuzxAJooE6nzWmhhgQ,Rishi,https://play-lh.googleusercontent.com/a-/AOh14GijXq8cX3R47VXhhuNeJiRexg3bogWG9EfhVu1pyQ,Beautiful icons!,5,0,1.4,2019-02-23 05:10:21,Thanks!,2019-02-23 05:11:46
gp:AOqpTOEzsWYpeUJt3uS8B9Y48QnkUDLd8CvU31O_nZcj9izhOv1V3Z81Ks8v3rCnsTYtORmVH07uDfD3oPVZOg,Carlos Melendez,https://play-lh.googleusercontent.com/a-/AOh14GhDISvotW-_o_9PtHguiWRzs9hCBfRzXaqeXmZgZ6o,They look awesome,5,2,1.4,2019-02-21 13:31:18,Thank you!,2019-02-22 11:42:31
gp:AOqpTOHNHpalRRJjk2MWljhSOA3sS0TXq9Nljja68xdSHk_5yC1vkNcAsEkklFLGb3O10cXAdDWZsb-oMEg3gA,Kyle,https://play-lh.googleusercontent.com/a-/AOh14Gie-2zP1zimfkv2edgD52rIpnoqoI_2KoyaPJjQgiE,"I'm absolutely in love with this icon pack; it's just what I'm looking for 🤩. One thing that I've noticed is that the dynamic calendar doesn't work (for me, not sure if it works for anyone else). Also, a suggestion regarding the colored icon variants, I was wondering if it'd be able to make it possible to apply one color for every available icon in one tap (for example I want to make all system/available apps yellow with one tap). I think the colored variants is such a cool idea 😍",5,12,1.4,2019-02-20 12:42:42,"Thanks! I will check out what's wrong with the calendar icon and try to fix it. As for the colored icons, it's unfortunately not possible to change all icons at once since no launchers support it and it's not something I can include inside the dashboard because of launcher limitations.",2019-02-22 11:46:25
gp:AOqpTOE2f_iztm1ty5NBPWri4aTK8E04bMaKWmrS2Ws7O7ShvUuZX6vSXQ6qwXr5quBYPq3ODas04adZVKjczA,Anh Trần Tuấn,https://play-lh.googleusercontent.com/a-/AOh14GiGJ31tqd0rwIOQpbBK_ScVC6p0tTEqvPaExkTfAw,Many icons missing. Please update. Thanks!,4,6,1.4,2019-02-16 19:18:58,This is still a nee icon pack and I'm updating it every week. The number of icons will eventually increase so be patient!,2019-02-17 01:23:33
gp:AOqpTOEIp1RzkYjxS2MlVpsfeUIdjzYZJuiVDqYckw1s-09IAZgw38KFODbLRZLEQEELmy--S4ktQtl-kfdmJg,A Google user,https://play-lh.googleusercontent.com/EGemoI2NTXmTsBVtJqk8jxF9rh8ApRWfsIMQSt2uE4OcpQqbFu7f7NbTK05lx80nuSijCz7sc3a277R67g,"I love the new look of the icons. The new additon of different colored themed icons is great. However, I wish the color variants went beyond just the few system icons you have. The chrome icon with the various colors would be great, as well as the email and youtube icon. Having color options is nice for those who use them as dock icons rather than just the black and white.",4,7,1.3,2019-02-13 08:43:07,"Thanks for the feedback, I will take this into consideration!",2019-02-14 05:18:36
gp:AOqpTOECg2PQLBJz692gujRuY7RkUKZzfs9sShSgCgu46Iq2pTpY9S0KQI7iOYLY3QJ46OFaLz3TDv-1UHJ10g,Jasper Roos,https://play-lh.googleusercontent.com/a-/AOh14GgHwUzhkNfrG5mypkl01QlztLgEWkD-RRPM5i-LvA,"Spectacular icon pack. Obviously, a lot of icons are still missing (as it's a new pack), but I'm in awe with the details of the ones that are in there. The different colors, the smaller white ones (hopefully more to come!), they're all great. I've sent a request with the biggest-name apps to the dev, but these are the kinds of icon packs I'll happily pay for to support continued development.",5,12,1.3,2019-02-12 05:51:31,Thank you!,2019-02-12 06:13:36
gp:AOqpTOF82SfHp5d_HuQMVIuPo7g4kNhpiRknRC194VYRoMaqmPpf_ZnZekzyyPWbIaBxSDIoXfpKk2l1pupAQw,Amlanjyoti Lahkar,https://play-lh.googleusercontent.com/a-/AOh14GghSJIGrLgIOeaPTJRrvwtmfveHA9J3a-2viZnRgLU,Thank you so much for delivering such a great icon pack to us! Hope the updates will be at time.,5,0,,2019-02-11 02:14:47,,
gp:AOqpTOE4mHNODiLsVvcHZwnVWASTxh0DtiJj_5a4ZZTMmXVgzXTew_L_zsacjvA8jJ0eXoxXv_GSsw_zROVtpw,David Hedayati,https://play-lh.googleusercontent.com/a-/AOh14Gg1aWiDylktYMWasDHwUT_grCIGfxiV3W6CW-LAxQ,"Sorry Vukasin. anyway, thank you!",5,0,1.2,2019-02-09 14:32:21,"Hi, I'm not Anthony. I'm Vukašin. But I will for sure update this icon pack as much as I can.",2019-01-26 16:09:06
gp:AOqpTOGXeVCpOJa65AR6wJiVsHxE47ecubb-h5FOBBPj5FP_chqy8C1zmVX-b9P8VbxTukssQ4-7NxexNj93jw,Aarnav Singh,https://play-lh.googleusercontent.com/a-/AOh14GhbvSNEanLnZN3qxj0ZNJKtIGmVi4xfMiH3K9Qgxg,Great Icons!,5,0,1.2,2019-02-04 07:48:34,Thank you!,2019-02-09 05:55:13
gp:AOqpTOH0sdrIo9Qy3hWsxglZi9jeh1kmlMJxonymS0LSK2sv1eSImYkcNw9w7tiKoSw6ukNw165jYVdOQnrmkA,Nico Heister,https://play-lh.googleusercontent.com/a-/AOh14Gi2buj2EWQiRXDtbzjxoZzaIM3qfwg_sJ-02vUhFvc,"Great icons with a lot of details. Especially the dock icons (they come in black and white) are a great addition. Sure, many Apps are still missing, but this Icon Pack gets weekly updates. I highly recommend it.",5,5,1.2,2019-02-03 03:57:49,,
gp:AOqpTOFxRzD_7Yp32TIjUaVg3p0D2GVazUTG19MFWIHwfov0oYH6WTVTXO3w8AiVrwOJGqwcJkUEVKwhGL1o8Q,Milan J.,https://play-lh.googleusercontent.com/a-/AOh14Gj1Us3pLVv4B2HCeO6GUKAAPZCy-zUxv7pXK3iXwNw,The best icons on the market. Hvala.,5,0,1.1,2019-01-27 08:49:03,Hvala tebi! ;D,2019-01-27 08:57:59
gp:AOqpTOFD8ztwd_TA9mCSlYOXN1wRNYLwKH5-ZCV9dizL6UAU2rn3JFcRxA70PhCFe5xwsHcgfGnOWC0TkKIV6Q,Borys Sobierajski,https://play-lh.googleusercontent.com/a-/AOh14GjgzRRk5DW1wIJYdedADwVfp1FRR4kJQi0VO6nrBIs,Cute and colourful icon pack! I hope you add more icons in the future!,5,1,1.1,2019-01-27 08:19:10,"Thank you. I will, of course, keep adding icons.",2019-01-27 08:58:35
gp:AOqpTOFOdebsovwXoSShAxVAssi_iDWnh3oKy3d97fwNSGkSeQg9DujZZBd216vptjOZ7DaKpWv8MH9nAcOKXg,alonso garcia jaquez,https://play-lh.googleusercontent.com/a-/AOh14GiXKt8za3s-sDi9iyHfpz_sc3ehBGrOCvlPRMJHen0,"This pack is hands down worth every penny, it just has such an amazing feel, I hope the awsone developer updates it frequently, looking forward for more icons",5,1,1.1,2019-01-26 17:04:03,Thank you! I will keep this icon pack updated every week. :D,2019-01-27 00:24:42
gp:AOqpTOFHWDI-UGW_IloV40iXdrQaojaFez88ClIM4UIA2zzxWgwI-aZspJAAiLcmVrUXztbGiCsNI1LufKXc4Q,A Google user,https://play-lh.googleusercontent.com/EGemoI2NTXmTsBVtJqk8jxF9rh8ApRWfsIMQSt2uE4OcpQqbFu7f7NbTK05lx80nuSijCz7sc3a277R67g,Not a lot of icons right now. Hope to see more added in updates. Snapchat icon doesn't go well with the others. Pls change it or give an alternative icon,4,2,1.0.1,2019-01-24 06:57:07,,
gp:AOqpTOHarOrhCjQdhlXxlNEk5K7igV-oGGSU4zkqcFLY_LL12nP3xgemRhD2s2wmLMfZmNRoKqchFbvwqYJYbw,James Smith,https://play-lh.googleusercontent.com/a-/AOh14GhyVgMKu5kB14sjjQxXD1j89sMioRMqYbfA4lO5NDw,"Gorgeous icon pack, just like the old Candy Cons, only better! Buy it, you won't regret it! Thanks for your work dev! 👍",5,4,1.0.1,2019-01-21 09:12:15,Thank you!,2019-01-21 10:58:02
gp:AOqpTOHERUrFB6c-gGbwzAzG5F7ZR8TfJL4ygmh9I_TQjax7AyCpwu8HWIkhUUmvHeYjWKxjQDMMEOIrgjldzA,Justin Kruit,https://play-lh.googleusercontent.com/a-/AOh14GjYKLTk79xB0Mhx6YvKRAiI4ZoP7-R14-zVUgnSJNI,"Absolutely recommend to buy!! Beautiful icons made by the legendary Vukašin, maker of the original Candycons.",5,0,1.0.1,2019-01-21 00:57:04,(⌐■_■),2019-01-21 10:58:26
gp:AOqpTOHowIkhc83H5yevcS2AgA8k-ZXt40rsci1bp_WS0rIpaYpJ1D6z0a-4bs6hJO9V3CSsdVFaWPqyLtiEDA,Ryan Gocal,https://play-lh.googleusercontent.com/a-/AOh14GgXFFp9wz1N5vyQPWP48PxOlfWwdc_e1GrQ-Oz8xe0,"Loved CandyCons, LOVE Unwrapped",5,0,1.0.1,2019-01-20 23:20:46,Thank you!,2019-01-20 23:23:22
gp:AOqpTOE1D8nbb2KjKWvOHn6GlmkpJnUd4baGTaqb7tRORbYzBE500bSdMyzfMMMYSDf6YnQ7rjnI3KS-O3flSw,Kyle Jang,https://play-lh.googleusercontent.com/-J5aqzptWOHE/AAAAAAAAAAI/AAAAAAAAAAA/AMZuuckAj5uakHRwuz7MgVuR1kE6cU5FXQ/photo.jpg,Great icons! Was a long time candycons user and I now have another go-to icon pack!,5,0,1.0.1,2019-01-20 18:35:59,🙌,2019-01-20 22:12:32
gp:AOqpTOHpCobOvyt8fLwZYFYpdsAwbHvYgbU33fzwl3i5GHNCFw4RrKM5fD3tHXE6e3yUwcyecmHFJGWQfPbhXQ,Darin Menezes,https://play-lh.googleusercontent.com/a-/AOh14GiwHTKaB0VXqdztYNNsL8lmUjo38WqeKpbPAYOcFuY,amazing job vuk!,5,0,1.0.1,2019-01-20 11:25:28,Thanks! 🙌,2019-01-20 11:26:13
gp:AOqpTOGtzYpsm5g20Hfjh1Lg57VClkvuOt5BU2bIEdZbtIiH3TNHozAAkO-tih5FJ-PJWMC6GGvpn5nyQ7l4gg,dečak sa šibicama,https://play-lh.googleusercontent.com/a-/AOh14GgFTkBrSVTdGpuAx7FkaehCCcCclDdA2gWa7TNBPwE,I am proud of you wow🤯,5,0,1.0.1,2019-01-20 10:44:58,Thank youuu! (*´д｀*),2019-01-20 10:48:06
gp:AOqpTOF7KOdnd14mWxgo_MXtjd4RDWGXeORkm30SeL0_qqS0T6B7mT1nWZxTmHx0V6DLrWoBwUekG6U0UlWCCQ,Tijmen Ennik,https://play-lh.googleusercontent.com/a-/AOh14GhEBqb_yiHmY8zRfYrq6RTrCmNChgJ7UYohnqQncw,"i dunno what to say, why can't i give 6 stars?",5,4,1.0.1,2019-01-20 10:01:32,"Aah thank you, 5 is just enough ( ´ ▽ ` )ﾉ",2019-01-20 10:05:30
gp:AOqpTOG0XQYnIEBCJ0fLJc_dgtXdNjgNZjg5QYH4dwCfEj7Lx_fD3v-M7tlv9b8yoErqs9gNGk-G3tjKFLgZ1w,Zan Cerne,https://play-lh.googleusercontent.com/a-/AOh14GgKlaUd6oD3XPJ02zgOJAIWzEBZJzSLbKO7V-KGoHY,"Vuk, you did an outstanding job with this icon pack. Thank you!",5,0,,2019-01-20 08:41:51,Thank you for using it!,2019-01-20 08:43:32
gp:AOqpTOF1R36WKwujQQvnvvKwZhzEggy44z_d_67TeyjbuVMV6jWL_PMMPxzmTioBmXwrC7otC4_wfurgnJbQrA,Aiden Patrick,https://play-lh.googleusercontent.com/a-/AOh14GglQii0hqTfhcJNz2Kz62_BXyJKHJ3mbLRlzlhWioQ,Still one of my favorites.,5,0,1.0.1,2019-01-20 06:53:49,I'm glad to hear that!,2019-01-20 07:04:52
gp:AOqpTOGtxVbRusm92Xe5koHk9vkHOM4MH0mmhTZEwwJTGAiMYtYZDIvkyZYSjcGp89oqeMvFuTzLvAc0lYnEYg,Cool Droid,https://play-lh.googleusercontent.com/a-/AOh14GinJyya6DeBIWgGNYdpYsO6QmkkXlpZIVCqgMjjvg,Dope new redesign from a very well deserved designer!,5,2,1.0.1,2019-01-20 06:42:35,Thanks!,2019-01-20 07:04:35
gp:AOqpTOEL3Vwm1qvVV2Ys34VlH2Hw8Vxj5Nw6jqakZ_y2Ie96MRUXashJj9DniB1kUF4FqScnqTLKhZ1iY5QiGw,Milan Dragovic,https://play-lh.googleusercontent.com/a-/AOh14Gj_GpE90I0K0GR34x5U8xYgpXXzQnlpDRtTNFhaDg,Perfect,5,2,,2019-01-20 06:23:23,Indeed,2019-01-20 07:04:42
