reviewId,userName,userImage,content,score,thumbsUpCount,reviewCreatedVersion,at,replyContent,repliedAt
gp:AOqpTOHNPYTIBH1Y1lfqKSFfeVxr61Xn8sljF9H19r59lMSUsN9zRWrvF7Yz1bMmGqqOJpCoEMXtXB1W0T6C0TA,Siddhartha Neog,https://play-lh.googleusercontent.com/a-/AOh14Gh9potIxlJReDN-4F3OLo3iYFH_bkgX-2N1OQ1eWes,Very good design of the widgets.,5,0,v2020.Apr.05.09,2021-02-01 09:28:05,Thanks!,2021-02-02 13:08:05
gp:AOqpTOFV_eG0apEnr1Z7qP7Aq4uvKr1KY3BxpNfGhXytoU_Os7wqwI6pVjNRMeOMQjF-JvT_WwNIzC8v1010NDU,Aditya Sikarwar,https://play-lh.googleusercontent.com/a-/AOh14GiQStkG0_LUgX2E7Y9wS6Y99k3XZSvszWMBrFgadQ,one of the best minimal widget pack out there🤩🤩,5,0,v2020.Apr.05.09,2021-02-01 09:19:15,,
gp:AOqpTOElo458b-Hv2Vd0UKUyoLuYL2FUGnuaKyGIFsRjJi6TQodeJTJj93GkIfmETnHuTX_cvM6KFcC1rquA5CY,Andrew Oroceo,https://play-lh.googleusercontent.com/a-/AOh14GjKIJPDvDGsXeLXjBS4UEpaeefvTsGzkR-Edsx2Vg,Nice packs,5,0,v2020.Apr.05.09,2020-11-01 03:26:09,Thank you!,2020-11-01 03:21:43
gp:AOqpTOHk2lxmgiyq45H6kQm0mgK8dZi7GEgLrrtItv_Wnk3U8pMZS5sPeVSHRxxelT26ZUxRe0hhoxilmF0Jqbc,Cadet Sven,https://play-lh.googleusercontent.com/a-/AOh14GivYGmO7d9cOP8j5szxsvjINlN31T1047CrBHAbMA,Wolfie 105 plugin app drawer not working :(((,4,0,v2020.Apr.05.09,2020-10-18 08:12:50,"It's working with Nova launcher. If you are using some other launcher you can set up in the widget ""touch settings""",2020-10-18 07:23:00
gp:AOqpTOFA5KHJvAo0uCZQduulQbwxV1lmS3lx77shMZPp-doBW4prnbESC83dgbr6KSpkkxEKEbvFvleve1SKt0Y,David Lee,https://play-lh.googleusercontent.com/a-/AOh14GgTj3orgYAJiLW_GsD5TrI9NZwd1iumNaYRCII6LQ,My first kwgt widget pack and I really like it. I can't say that it is better than its Zooper version. But it certainly has many gorgeously designed widgets.,5,12,v2020.Apr.05.09,2020-10-12 17:21:36,Thank you!,2018-11-09 23:50:46
gp:AOqpTOFgYnZlVOvZpNKdSaDSYP3QmS5FHTWRWEZnu9jqTCanrL8C5K3pJdrzTqCEs6if5SrKiFqvKifvz3kvlUM,Komeil k.m.k,https://play-lh.googleusercontent.com/a-/AOh14Gg-ccUn4qWkQWUENbKtvEf6MlgsukqsoiAr3BFVmQ,nice but need some updates!,5,0,v2020.Apr.05.09,2020-09-30 01:57:36,,
gp:AOqpTOGedPpLek8DPU1Mnq5LO-3QaBloSvOMxEFtAvyjOP-O4Lu1H5qvTANiO33DBV9gI8QsliXF22nKDPVt5lY,VISHAL RATANPAL,https://play-lh.googleusercontent.com/a-/AOh14GjVQ2uubsciTBda9zjYw3rsyDOcqpDUK9oUEWdz_Q,"Developer is cheater. He does not refund even if you are within policy. I didn't use it. My younger brother didn't told me about this purchase, until i found my self. I told you this reason. I want refund.",1,0,v2019.Feb.24.14,2020-09-22 06:03:58,You use app almost 2 years and then you want refund? Really?,2020-09-22 05:59:28
gp:AOqpTOGZ5ZKQDxsZo9h84Na09WWBXqGb9Tp_jxl-D_H9Ohzn8Kyuyna5We5e_Ban5SR91Ea9romegfvTYPo-u6E,Sam Patel,https://play-lh.googleusercontent.com/-RUD3j6f2GFo/AAAAAAAAAAI/AAAAAAAAAAA/AMZuuckG5QF4N1qrVpwCwHA94S9EdKYnmA/photo.jpg,"Excellent app, Good Job👌",5,0,v2020.Apr.05.09,2020-08-22 01:26:55,,
gp:AOqpTOGiXjlJTDZxt_ekrYb27Cpu0RgR0P6RyvP0vCRuoWOQDVudcI9RnPs7yJWxjGSMPePO1TNcbV8O2RZS-5c,Nicholas Capewell,https://play-lh.googleusercontent.com/a-/AOh14GgNZdm3jaXJnXfYB7Hvnao5L9-WR3JDKOlp5yJYqg,After paying for the app I could not use a single Wolfie widget as they ALL required me to purchase pro??????,1,0,,2020-08-06 01:12:41,"Yes, if you want use any kwgt pack you have to install KWGT PRO key. I mentioned it in description.",2020-08-06 02:41:18
gp:AOqpTOEiOa8l07svNMw-V9V9NCmtbwhr-1fA5DwqyH39DDyoucjWAWnmjiMK1YWdiEFXhYV26bvs6gFdXJ6Fg80,richie agudo,https://play-lh.googleusercontent.com/a-/AOh14GhHCb6cOPTS_cfjpsbT72GBXPG0PjwKcRngaIUH9Q,Do I need to purchase it per device? I purchased and installed it on my phone but it's asking me to pay again when I tried installing on my tablet,3,0,v2020.Apr.05.09,2020-07-04 20:10:17,,
gp:AOqpTOEbyeAT5a7E8FbhOus0VjNrsShc4PidG0a47Azw17nLH8zNW3eFgtWEg3B9NDjSpZ-Z6rt8_czrevARe7k,Bosslady Leonard,https://play-lh.googleusercontent.com/a-/AOh14Gh2vdbRr5dr14Luwx4vJqrK0_Cj26MjhqTCL21flQ,WHAT AM I DOING WRONG🤦‍♀️ I BEEN TRYING TO USE THIS AM SINCE 3PM😡 I INSTALLED IT BUT IT WONT ALLOW ME TO USE ANY WIDGETS. ITS GOING TO A DIFFERENT PAGE😔🙄,1,0,v2020.Apr.05.09,2020-06-23 18:18:13,Please read description.,2020-06-23 22:12:06
gp:AOqpTOGSIth0KhEaTtQuzzPnqrkHeeMMRUOqihlj2Ff-_RvkQNRvW4HXkst26HJ7BdufImvqPX9iU8yOIkJdwEw,Paul McKenna,https://play-lh.googleusercontent.com/a-/AOh14GhPXif-HSUvW4DwlpGrv_N4RaHOwMsH21R6WPxhHA,"Excellent, too many to choose from.! ;)",5,0,v2020.Feb.15.10,2020-06-11 16:24:36,Thank you!,2020-06-11 23:27:47
gp:AOqpTOFggsaXxnvKKM7MYVd46_4V_ylEDDM1ywOCy996KeX0z475-BwnxBFHTtV7KTYnIYigTy9MEi2-guGzkC8,MRmichaelleeks leeks,https://play-lh.googleusercontent.com/a-/AOh14Gh0v0WK4T3MSoRERtm2E0RQH8lXSiDuPq49FgTd,I've completely edited my review. After actually reading properly this has to be one of the best KWGT apps it's completely worth the money even if you don't like some of the components on the setup you can add or remove or even edit the style (you can do that with all of them) anyways I am glad a actually came back and properly looked at the description which I never normally do ad I'm stubborn Haha. Also have you got any other KWGT add ons on the store?,5,12,v2020.Feb.15.10,2020-05-26 13:12:16,"Thank you! Yes I have more packs (Foxie, Orca, Mintie and Splash for KWGT)",2020-05-26 13:36:52
gp:AOqpTOFpD6qjtbqWt-Ho_kcbuFplk04kJVGHnH38E467GcpILSVDJAtkgWJwbQ-q2O6-skXioIMvJoPwvJVIhV4,Alex Centrella,https://play-lh.googleusercontent.com/a-/AOh14GgAeiUTbcPhE6LuutJd5LhOlrul79djSX36_EX8jw,Another winner..,5,0,v2020.Apr.05.09,2020-04-13 07:42:45,Thank you!,2020-04-13 08:07:01
gp:AOqpTOFtLiEbASIM5Ta_MnC7TJMi6IUbP_0yxIgHvfuJLMnt5TQTcx9InRYwSgBKDPvMGOgq_VmuimIKCC57lFw,Tony Alvarran,https://play-lh.googleusercontent.com/a-/AOh14Ggv_xnQY_IJlPORbi-F8yhMl0do8cOFWho2t7a75Tc,Love it!!,5,0,v2019.Dec.04.16,2020-01-22 20:55:56,Thank you!,2020-01-26 13:28:03
gp:AOqpTOECwCLM1ccJtdlE9o7i_Xg_cihnnSJGQeOh08Of-DTi_P3rrSwkpCTV2Sfr4BhxzW2_rNgtpDRe1WgSrJ4,Mike Watkins,https://play-lh.googleusercontent.com/-DL_2j71yquo/AAAAAAAAAAI/AAAAAAAAAAA/AMZuuck_riRj3gFHvgiCDsXhnbHR-GVkOg/photo.jpg,Great selection of high quality widgets! Creative design and variety of styles. I like this developer's work very much.,5,8,v2019.Dec.04.16,2020-01-11 20:10:27,Thank you so much!,2020-01-15 11:20:37
gp:AOqpTOFtU48fLltWj8y1_kOdQnwvvZmQPDs2MnbimXmWuy-JzJF7UshL8o0-NSRa6yG_8lOuGTS7fCPBAeE4Um8,Alex Brand,https://play-lh.googleusercontent.com/a-/AOh14GjoejkfVXffIiAKzPmzvCtBewhivDoSIeUyT5luoQ,"Excellent, Wicked and Flawless",5,0,v2019.Nov.03.20,2019-11-08 19:13:19,Thank you!,2019-11-10 10:22:00
gp:AOqpTOHzBeFSDHS6JCtGesSUIxXpqMHpD_tDlrzoy8bXSKl6Nx20g6sl2-08JSeOpjD3-6IgEPSqcIfngraFPnE,Vikki Lambert - Vill,https://play-lh.googleusercontent.com/-spEZ3A6Z7LY/AAAAAAAAAAI/AAAAAAAAAAA/AMZuucnFx8eDiBQ631Z_wC_iwqE9HEM7jA/photo.jpg,How do I access the wallpapers?,5,0,v2019.Jul.30.18,2019-11-03 15:11:36,Open pack from App Drawer and there you find also walls.,2019-11-03 07:26:19
gp:AOqpTOGMHTSSEoWqfVEtS41ZmWaC_Pr5PrJxrH_SZyArn70w_hzDGrOXMqL-cVS-tjp6mGQwc1ZefMk2q3aFNQ0,les goodman,https://play-lh.googleusercontent.com/a-/AOh14Gh_0IbuafO8UCDqPp9GilJznpQip_Egl1_NzZ_N8mc,This Dev does great work.. and rolls out frequent updates... Buy Wolfie you'll be glad you did... And check out Foxie very nice set of Widget's there as well 5*****,5,7,v2019.Nov.03.20,2019-11-03 12:08:17,Thank you very much!,2019-11-03 12:13:04
gp:AOqpTOFS7lqR2NCC7SK1RO_ca5iyDqfKnECDKy1mMzWC0od3C9Jd71Ag4U9M1Gej-eZRnM8EsBn34vDZYJsImb4,MAGSMON CAS,https://play-lh.googleusercontent.com/-90UPX5aPWQM/AAAAAAAAAAI/AAAAAAAAABQ/AMZuucm0N4R7VOvFzAY2buWaksdDbNgWfw/photo.jpg,"Just refund me , this app telling to pay for another app in order to use it . 3.99 terrible 🙄",1,1,,2019-10-29 04:23:53,Send me your order number on mail.,2019-10-29 06:07:18
gp:AOqpTOH6EMpfgEZr6MIpWXIgnPhKxG1W32daqtbID61e2RfuL_LvGOIKQdu24lUMkgDHAjuWRH4JrwT0Z2Cnwto,Yasantha Chamara,https://play-lh.googleusercontent.com/a-/AOh14Gj8aZJyDqGwr51RfHAWOu8XyBNfpqGOeMQo3XTu2w,Above expectations!!,5,0,v2019.Jul.30.18,2019-10-14 20:25:00,Thank you!,2019-11-03 07:26:56
gp:AOqpTOEXg81TrPn4KAXASSkhj09lQxTwy5g6lAKCBFl1v8MBctQtqY_nh03WNaC_vnPCqHAJFIx3vxqd09hhESk,Di_Real_Stinga,https://play-lh.googleusercontent.com/a-/AOh14GhnytDM_UK5Um3cPkBwnduoEHIbLLkxsx2Yu54K,Bought the pro...the weather app is showing the wrong temperature,3,3,v2019.Jul.30.18,2019-08-27 17:33:15,Try change weather provider in the kwgt settings.,2019-09-03 12:13:34
gp:AOqpTOHucsBNzOXrkMNk1cPqGgFjU5mS_sXE2-2picvDEE_NyarKdRYsG7gnnoJYo1g3a_YJjZXuc22zH4ibh1E,Ngaso Bentaran,https://play-lh.googleusercontent.com/a-/AOh14Gh7xWFYaDM0Piz5her-PBld9VCwXg2SS5Po-5ZC,Great visual and various selection of widgets. Love it! 💝,5,1,v2019.Jul.30.18,2019-08-25 17:49:14,Thank you!,2019-11-03 07:27:24
gp:AOqpTOGWKqOajFiER3A0hc_8mH_EyGRlEhi5B8SDQCDUVURljnM0OaJp_ANgJ8oN1RquFTN5qHdyLvsD7Eiy8n4,Kasun Ekanayake,https://play-lh.googleusercontent.com/-eyUx6Q89SHc/AAAAAAAAAAI/AAAAAAAAACg/AMZuucn2qWNaXIRzgnZLCkqRhM3PBkc-5Q/photo.jpg,Great collection of widget 😍 worth every penny 👌,5,0,v2019.Jul.30.18,2019-08-24 02:56:48,Thank you so much!,2019-11-03 07:27:42
gp:AOqpTOGNJsOiUBghTzjD1Y8ysGvexwaFojdOnDP9IlmLhcGK1H_f4tr_wzYirK5eZU6zbOVfUQ5XMjwu3tUg6BA,SEA MOON,https://play-lh.googleusercontent.com/a-/AOh14Gj3KctnRaUcT9gNHF8mNjVZLTbBN9HYIODVZNSs,Fantastic widget pack.,5,0,v2019.Jul.30.18,2019-08-23 11:21:41,Thx!,2019-11-03 07:27:58
gp:AOqpTOE13pVfyIA2lzcJw_qWscrMneeuVbbwieVKzmVAx08kGdwFL4jix6jb4YgxB-XO5fHjaFhtcr3NHHuLqZE,Daniel Murcia,https://play-lh.googleusercontent.com/a-/AOh14Giz4GTxRCNVjGkpYlcf71k1Jc11KFIJ5Aw1HZRdlA,this requires 2 paid apps why not just one it was a waste of time,1,0,,2019-08-18 21:22:42,,
gp:AOqpTOFcYKLyl1CAN50epMyNMx-XFeJyiRjJDRWuxGvNqPyzWqP34W0bSMOaqv4cnAicLHtCgUMNN_NRH2DxMRs,Connor Booth,https://play-lh.googleusercontent.com/-fucA4m9S7Uc/AAAAAAAAAAI/AAAAAAAAAAA/AMZuucmEq1ksOCjYyBV3kQe_OK0QxLkoMA/photo.jpg,"Probably the first app I've ever taken the time to write a review for...yeah, that good. I can tell an incredible amount of time and skill was put into this, and we're all fortunate that developers such as yourself still value a quality product over advertisements and profit margin. Well done.",5,5,v2019.Jul.30.18,2019-08-15 14:54:00,Thank you very much!,2019-11-03 07:29:00
gp:AOqpTOEq0Aba4UAilL81NMqUIm6snTjYVNRFUEKszI73pRCug50GhKqGWG8Y0f6Zpu_RPWE7nu-Y_jdzuamOtrA,Chuzik,https://play-lh.googleusercontent.com/a-/AOh14Gh5IbCsWnM9EDiSRp5ZL2nR0R4Tw13ce2xNZRhm9w,"Love this app, but can you guys fix all of the weather widgets? it gets the time and date right but not at all the weather.",4,2,v2019.Jul.30.18,2019-08-08 14:09:40,,
gp:AOqpTOE-z6IIWrz7NvRAesxyvl67vPZ792MzJJvr7nxu0rJeJAAOsjerBEUKY2D7I_zdu_zmeQDps4MPttQQHRY,S Kirby,https://play-lh.googleusercontent.com/a-/AOh14GhoBNCQvawakhNvbdydBnLFUWYHUPN3lZJi71yDiEY,"every thing is locked for PRO APP!!! HORRIBLE WASTE OF TIME AND MONEY. Misleading title, should be ' Wolfie for KWGT PRO'",1,10,v2019.Jul.03.06,2019-07-23 23:36:08,I mentioned it in the description that you need have installed KWGT PRO version app from other developer. Wolfie is only addon widget pack for this app.,2019-07-24 01:17:31
gp:AOqpTOEcSChvUZAbcZ9Ikak_RQpAIRs23VFXc66JD4okkhObEYT9tgpdWeAPXPZ-161AhP0MZu5ECF27L8sB9UA,Imran Khan,https://play-lh.googleusercontent.com/a-/AOh14GjlntEo793pINKNQLiVTFjJogOYqzxsRBgEFKtqOQ,Superb wolpie,5,0,v2019.Jul.03.06,2019-07-23 21:29:51,Thank you!,2019-07-24 01:15:07
gp:AOqpTOF3xlKqd7N_ypmPyVp332Z55tvCuilRhvYA4-LeiYwbitoLiSGSJaJXHP46BZvsIpdBgHGLi1JBtf3YFs4,James Slocombe,https://play-lh.googleusercontent.com/a-/AOh14GhHavCBJcvaQC90etwZJnyjUBwfJep1M5Y1UP8GBg,Very visually appealing widgets! Lots of compliments,5,0,v2019.Jul.03.06,2019-07-21 08:38:31,Thanks!,2019-07-24 01:14:52
gp:AOqpTOHAIUhNPE8bQVfl0N4UNSjMz3QOdookcHWsA_k6FPSFfthSxI49NIrrePQs0F8bMCo90DC5EQcTM3AOAdA,Jeff Codori,https://play-lh.googleusercontent.com/-bPmy6Udlg1c/AAAAAAAAAAI/AAAAAAAAAAA/AMZuuckI6BxCk2yvsSojbq84-bg6XLnevg/photo.jpg,"Like it so far, once I figured out to increase the size in layers, and how to move stuff around in the graphic. One question: I have the day and date widget near the top of my screen, and whenever I go to swipe down, I hit the widget by mistake and it re-opens in the editor. Is there a way of locking it so it doesn't re-open. I'm sure it's in the instructions somewhere, but haven't found it yet. Otherwise, I'm enjoying it. Thanks.",5,22,v2019.Jul.03.06,2019-07-07 11:22:17,"In the kwgt ""touch settings"" set kustom action ""disableded-block touch"".",2019-07-07 13:16:56
gp:AOqpTOF93zGJbZHy-pNZJr03xW1JBznAK5na1GHduJxhUXDRRQm7jR3PWg2f7gPFYkKhQrDGPdAFPi8-1AOegXg,Bobby Mac,https://play-lh.googleusercontent.com/a-/AOh14Gj5s0Y50UTA4ICi1UBpbit_dYnwnt7tIqpV3YBm4w,"Awesome app! nothing but tons of talented hard work! Happy to pay a buck... thank you for your efforts! PS. ignore the negative reviews, their meat heads that dont read! You need KWGT, which is another great Dev. and app.",5,1,v2019.Jul.03.06,2019-07-04 09:01:39,Thank you 🙏,2019-07-24 01:14:30
gp:AOqpTOGo7YSodQ_xzV26-htTd1G8YLaoUH28_Qo9giqANCQ1cbL32OPom9sIAwDZOvsQUtb-Y2Eeufd42YidoUo,Todd Feldmann,https://play-lh.googleusercontent.com/a-/AOh14Gg9QvdF784o4nc_Lhzhw9voxuJIUEFxEVQ2-8Bd,"so you pay for this, but also need to pay for another app just to use it, then when you do, it still prompts to pay for a pro version. no thanks.",1,1,,2019-07-03 09:30:13,,
gp:AOqpTOE1mit7O6yFmfNvmUzUaPMLRYfvYXyQE9OwdpDKUR1qacGjRkTYevBAJnFbBJHXj_rqjGmishCjIpMgh9c,Fernando Isturiz,https://play-lh.googleusercontent.com/a-/AOh14GijCHL50o-rhJ21HpG0hnLkyHSLjbljso0pudTBGw,"I bought this app and I made a mistake, I contacted the developer and he was very diligent. I'm sorry for the inconvenience.",5,0,v2019.Jun.03.18,2019-06-18 22:48:42,Thank you!,2019-06-18 22:53:25
gp:AOqpTOFt3vRCq2VnkMVVjgRz_O6J0eCjpLfLJHvLOSWgHzFVhEOBYQ0hSW_vGSFrIz2D2Rw9kVDx042OCY5lqm0,Mark E,https://play-lh.googleusercontent.com/a-/AOh14Ghoz1LLiww4kP21qW5jRL5dcQ4BDz3gFsYmnFdSIQg,Great selection of widgets. Allot of good ones to choose from. Def worth the price 👍😎 most are very easy to convert into komponents for klwp setups to. Edit: I'm still getting updates for this pack. amazing! I couldn't recommend this more 😎👍,5,0,v2019.May.01.10,2019-06-03 13:33:20,,
gp:AOqpTOF3SORu9Jhwv1HHhdNL-SL9nqdhCk3NzAH67xdTY7bPfAS6fgI5EMcxOhlyDZSiMtKiJ_2i_yVgCvfuL7g,Matt Mansfield,https://play-lh.googleusercontent.com/-t7WS2jB3SE0/AAAAAAAAAAI/AAAAAAAAAE8/AMZuuckdo24YKeMxjczvnk136bN_7WU4Kg/photo.jpg,Top Work.,5,1,v2019.May.01.10,2019-05-28 03:35:16,,
gp:AOqpTOEb8VK3ZN5aBnRfce-W3k42781HDdtldhwa69zRj5j_GSPTWh7q96XzojqSFq37y6VkMOj-fqjpHS8sDUk,nadir carollo,https://play-lh.googleusercontent.com/a-/AOh14GgKtIjzCCYWq1E90leRKllRfCxhHj0_BtwQbDxxcoQ,best widget pack ever found ! 40mb of pleasure! thanks,5,0,v2019.May.01.10,2019-05-08 06:11:35,,
gp:AOqpTOHCRdD5b-gkhk1g8T9xZoihq-e4QjQrMrzqPFqSPwKgCz2M9bN9zqxeVZeyP6wKt93D1RuEqseQ5OQEnT8,Daniel O'Brien,https://play-lh.googleusercontent.com/a-/AOh14GhUg0t9JuvBRBd8U15ewbhh_dj2084SwoxAC4w3oA,I was skeptical when I saw a KWGT app you had to pay for. I was a lot less skeptical once I'd bought it.,5,5,v2019.May.01.10,2019-05-06 10:30:06,,
gp:AOqpTOF7LNEbsEH-1KzsBu_NPatuQ6l8hXoYrZ-ktDWaZmQD_0jV8rb89bWuKmlv8BvUnKL7pmuV2XKyAtnHgaE,Debangsu Basu,https://play-lh.googleusercontent.com/a-/AOh14GhKmiBnJDBEZAG5vlNtPkMXgIE6FtE7lfATBXa4zdI,Amazing widgets. They look great on almost every setup.,5,3,v2019.Apr.14.12,2019-04-24 13:59:16,,
gp:AOqpTOHN_5Yqm6NSmXoeUnnJWx6KmUCVCPurYZ0trw-dsWIXjKkYuxoUKdhCJfOGPy-xUAZlEEBsmxiiBNujLZA,Ben Sentry,https://play-lh.googleusercontent.com/a-/AOh14GgAN6Xs7Tr5twpinkVK-r0voVOrf7DFCVQCKzOlhg,"Amazing set of beautiful and unique widgets to persomalise your device. Clearly, a lot of effort has been taken to make each design. The attention to detail is fantastic and the developer regularly updates all his apps and offers great support. Easy to adjust and add to. Highly recommended.",5,3,,2019-04-24 06:35:15,,
gp:AOqpTOFnoqsks9XRYCaosQb00H34jOoI0fD3ys5DFicvlKY0K5D9IU6yrfIoqPWeopAFHVGAt85v-S63uf0fM7A,Chad Galicia,https://play-lh.googleusercontent.com/a-/AOh14GgAjDOXIt7pFhGB6xlZFTmSEX6gE2ngyoDi9X6Ypo4,The best kwgt pack out there. 2 thumbs up!,5,0,,2019-04-23 22:53:30,,
gp:AOqpTOEngzeiGB0hVB6Y83oXLCv8yi5s77DNFVxwTsvwCbjXQy2sOBR05YrBz5Dhj7PHzJTn89rAkJ2G-PXPCbI,Asif Wang,https://play-lh.googleusercontent.com/a-/AOh14GgNGECyHswH7GvBFFtuskAeBkzWMjEhzX2dJ-Ed3Q,Beautiful widgets and useful in every kind of setup..,5,0,v2019.Apr.14.12,2019-04-23 09:23:53,,
gp:AOqpTOEwwQPQ8Qwr2oNDBKYC1L0HuSmtAex3AO9IX1pdS9v3SIE3ClPdyg4euMtU4CHJAnodde68PMZ699VNRsk,Matthew Collie,https://play-lh.googleusercontent.com/-0_nT21LQIjc/AAAAAAAAAAI/AAAAAAAAsbo/AMZuucmF2eYoYo2h3eO_43X5FIftELb6ag/photo.jpg,Great selection of widgets.,5,1,v2019.Apr.14.12,2019-04-14 11:57:15,,
gp:AOqpTOEBvDM3LKlO_vMmZ8XRaeJNI_LvzRdlW1e8isW_fVHupRjeF1nkOKo_UtOXmzeIsTpOEP-z7Tk-xAonZSE,Tim H,https://play-lh.googleusercontent.com/a-/AOh14Gin0oM6O29sw4X-t4XiauG8PIplUf0wRMh1eDsovQ,Really well-designed. I do wish the fonts were much bigger though. the fonts are quite small on a Galaxy s9 plus.,5,0,v2019.Mar.24.19,2019-04-07 17:49:08,You can scale up the widget in the settings or change font size.,2019-04-04 14:12:48
gp:AOqpTOGTmxwuF1ho1KcZ0A-fJuMsNRfflJK8GHXmkhT0agxu7LqAt00_iRUVNfSmhaTus0MeeGnPHGj9j4wlE8E,Korean Anonymous,https://play-lh.googleusercontent.com/a-/AOh14GiMiBw08itAndQPGDR2mdv2PKOSXJsZ09h-73IouQ,I didnt know I had to pay for pro. But of well I'll buy it sometime when I feel rich I guess. Cool app bro. Respect,5,7,v2019.Mar.24.19,2019-04-04 19:01:33,,
gp:AOqpTOFhCZVjhLeq6zxIziK0Nq2e0HNgRas4NRwaz3Db1gC92_sH_ts0dBy6x4vS8AYph_ZdycNNP1QRilFobEI,Wins and Losses,https://play-lh.googleusercontent.com/-0doUSziPpMo/AAAAAAAAAAI/AAAAAAAAKkE/AMZuucm6IWV_Tw4dMlYKIYcKMUuBQrZ83g/photo.jpg,"Nice variety,but minor things keep it from 5 stars. Example: For widget 009 if you add the actual weather icon, at night for ""Clear"" it will be the sun instead of the moon.",4,4,v2019.Mar.03.16,2019-03-10 01:00:46,It is not problem Wolfie widget pack but problem a weather komponent which you added in the widget.,2019-03-19 14:40:16
gp:AOqpTOGfWN4zbRF9Fj0aafEuMOOv4s6MTlCcGzjFE5UCNP-Co6HlInhyFM9UuFCMWHoLO6DkORLTOEyUMASKxYI,JetFire Gaming,https://play-lh.googleusercontent.com/a-/AOh14Gh5GwjbMs3d7TqlxK-rBEOetBDNkNp-TJbM3navHg,amazing honestly,5,0,v2019.Mar.03.16,2019-03-08 14:46:56,Thank you!,2019-03-19 14:42:47
gp:AOqpTOEe_vmmukFD3mgBvplJkW5I7gHitgQtSxi1HF6NgbWLWQVbPhDbWBpmobZ0_di1Eu79Hyo6B_kTuDaEhAQ,M. Riza E,https://play-lh.googleusercontent.com/a-/AOh14GhF_R2whcM7sSdcodURNqviZvwe9wKKL5ds-bEGQg,"I take it back KWGT is a legit and well made widget maker and Wolfie has one of the best modern & material widget designs that I've seen. Money well spent. And the developer 8s genuinely helpful. His response is almost immediate. And both occasions I asked for help in customizing the widgets, all were very helpful & solved the issues.",5,21,v2019.Mar.03.16,2019-03-07 05:37:33,Thanks a lot!,2019-03-07 05:59:33
gp:AOqpTOHYrV037TNh8iAIqLh8j_fWWy27FZmRAa639pTaAw6zqTo-AbB7YaImAzLndIFx-zJpZsoqX4XRasz88bQ,A Google user,https://play-lh.googleusercontent.com/EGemoI2NTXmTsBVtJqk8jxF9rh8ApRWfsIMQSt2uE4OcpQqbFu7f7NbTK05lx80nuSijCz7sc3a277R67g,good but wallpaper is not open,4,0,v2019.Feb.24.14,2019-03-02 01:52:24,Which one wall. Please give me more info via mail. Thanks,2019-03-19 14:43:53
gp:AOqpTOFbKMJnjkYW0LfFv4XJtJRsZAoNEcqTkrSmi9vhPJXL1W06fDIJifgi7cRJOn7xvczmnh5A_qG58QfrMUw,Arpad Zakar,https://play-lh.googleusercontent.com/a-/AOh14Ghds2n-ANVlSIS8_qDXNDvXpagfyqyKLeBk3RHPjA,"Excellent pack, constant updates make it really worthy, well done!",5,1,v2019.Feb.16.22,2019-02-24 06:17:31,Thank you very much!,2019-02-26 05:18:33
gp:AOqpTOELdRe2Oy1GIKA4InqvhD94DPWXKKt98UdJNgH6LZNTz-oAuqsY9hElQx5S_Qv5PYQn68p1F7tEVQ7b5Xg,Presty Dee,https://play-lh.googleusercontent.com/a-/AOh14GilFmVBxr81lhETiR24rYpFYjgkT4NrTcaBJu4tiw,Pretty cool,5,0,v2018.Oct.23.20,2018-11-28 00:24:45,Thank you!,2018-11-28 11:14:49
gp:AOqpTOFdlT03IW4lcRLjAN2vm42spIHAbWhfCuV6kut_MsYJj9UWiPVAYLB6kEPKLi8Coq2Wzbwlbu0qY0lTbbg,A Google user,https://play-lh.googleusercontent.com/EGemoI2NTXmTsBVtJqk8jxF9rh8ApRWfsIMQSt2uE4OcpQqbFu7f7NbTK05lx80nuSijCz7sc3a277R67g,"Really nice looking widgets, Would like to have some gradient widgets and more weather based widgets 😶.Cheers 😊",5,2,v2018.Oct.23.20,2018-11-21 22:32:19,,
gp:AOqpTOGQeKiyBAHzUOlNVT2VYhWPm1p8Mp8kCWAw9jkJ5gl6aTsUj-frNJIvg98XMU_68qoQl6tYEOx0BypKIeo,Javier Marrufo,https://play-lh.googleusercontent.com/a-/AOh14Gi9YGgI9gWedilmzKnlpWDwFLfUPGbMcTvM1n-YVKY,Sweet! These widgets have been my daily since download. Great work! ✌️👍😁,5,5,v2018.Oct.23.20,2018-10-23 15:29:51,Thabk you!,2018-10-28 03:29:17
gp:AOqpTOEWfogxzPbjsOrIFxNbeiuNMb-Bn7_WlZQ3_yD-bjQT_4y5QKdyV2vOh68Hsocgx09hdWe8aGj8n85kNHE,Jamal Williams,https://play-lh.googleusercontent.com/a-/AOh14GjYVEL_EGBmpBIzwIIeu_xRRHW3gbGzzTJZWIBS,Garbage. I bought this only to find out that I had to buy another pro license for the widgets. I want my money back.,1,41,,2018-10-20 06:53:39,Yes I mentioned it in the desription that it is a widget pack for KWGT PRO app. Please send me your order no via mail and i send you back your money.,2018-10-20 08:27:39
gp:AOqpTOFm2pixv0w85PbjVEXLkPaHEX_pV_3sYMCfWLCJahhv3VB5UlKRgG2r0vipMZdU1rOyuG7jwnmdGhkk9Xg,Gabriel Gutman,https://play-lh.googleusercontent.com/a-/AOh14GhWcizOoWtlEcyoUcm7WHSh-ossglWaZeW71oGBnQ,very impressive,5,0,v2018.Jun.23.12,2018-09-28 12:18:55,Thank you!,2018-09-28 12:53:06
gp:AOqpTOFhdZsQsMqAy4uwadk4pa1EpbwpiF_I3WygdpjT2p2SjzTv6Cxqv5Hn_iDrwFcnMFh2KY_YoCM2DTWUgAY,padraig mulreynolds,https://play-lh.googleusercontent.com/a-/AOh14GjO4hHGZbf89L0CcYc09qg3BkI4Gc0b2p7pIYuu,"Over the years I've used a fair few widget sets, for Zooper and KWGT. This is easily the best collection I've come across and there are loads in here to choose from and customise. Can't recommend this enough.",5,3,v2018.Jun.23.12,2018-09-19 08:48:08,Thank you so much! I am glad you like it ;),2018-10-05 17:03:26
gp:AOqpTOFsu4fOyqEoezySQ5BwzEg_0glSFeIJZI15ZX-_LaV3nfpZwZ_mSeY_hknH38VwayD1RJpy-a1O6r2S3Ok,Paul N,https://play-lh.googleusercontent.com/a-/AOh14GiJ2omFiHP3oahCwYUHcXtTA2cYlEBuowD8vNFJbw,Probably the best kwgt pack I ever installed on my phone.,5,0,v2018.Jun.23.12,2018-08-26 17:33:18,Thank you!,2018-08-27 01:49:43
gp:AOqpTOFv-mz6u06aRbPKvNDbY8ZPAauLILlOIhXuiY3FxmN-Eo_KnR-e1d9FhogNfhkO-sm3s1LNEDcR7aEmNdU,Velk,https://play-lh.googleusercontent.com/a-/AOh14GhHucvFJATJxDqeJQo1AYTJnPBm49TuO0j_bTr01g,"Amazing widgets and wallpapers! The photos shown about the widgets and wallpapers, I couldn't find many wallpapers shown, especially the dark leaf wallpaper in the app (which I liked the most), if by any chance you can add it? Would be greatly appreciated if so.",5,5,v2018.Jun.23.12,2018-08-22 02:13:27,,
gp:AOqpTOGHzB_cgljwSH2wN2Q0W_MH_l80zu2ZxmGXszVL9foFQY_Rpa8KYTjvpAooUmxNtjrhlQlB3aeMlB-oY3k,SHIVAM ANAND,https://play-lh.googleusercontent.com/a-/AOh14GgnBWoWN7dxImwrOuhDupJfKCKQrrdIVhCe2KDWag,"Awesome widgets with great set of wallpapers. It really shows your 
dedication. Loved it!!",5,0,v2018.Feb.16.20,2018-04-15 06:50:15,Thank you very much!,2018-04-15 06:56:51
gp:AOqpTOHqYjUvdIFppnnAB9-A8bwlUplG5Qn1zm4l4YYhqVAFYv7uNiaR31YynQIoIw6Z2Iv9Dpme4KMseLx72YA,Jayse Ilott,https://play-lh.googleusercontent.com/a-/AOh14Gj205dTTZg0P1excjV5wBAc45HzR0lScOmIIbLcNw,"***** 5 Stars for Dayz! ***** Ok, so I haven't actually used it yet, I 
literally only just downloaded it lol. That said, I haven't been this eager 
to get my hands on a new toy since... well forever! I am yet to see a setup 
utilising this packs contents, that doesn't look awesome. Now I just need 
to find that pack made by Predator Haley and I can lock myself away and 
design-bernate until Spring!",5,0,v2018.Apr.09.22,2018-04-13 07:08:20,,
gp:AOqpTOEOigwXxSwwyD9nRDNW3bP87dypkjwXak6VK-GomFABPiFkGUcx3A1Eg_3MFh7AMqjq9f9rDGoa6waMW48,arjun ks,https://play-lh.googleusercontent.com/a-/AOh14Gh5ErMCXEignbnO80T_HgiMWzu6DYMI37VyCdKkrA,Good looking widget pack.,5,2,v2018.Mar.30.10,2018-04-06 23:14:28,Thank you!,2018-04-14 13:30:02
gp:AOqpTOFs8PrdHJFvROWtTgUE8qtZ9NFX7-oa1PzsnGyXBZMcWGd2Q2sLtRULzbeHLoN0AxQNxf5o2SEq26IIPZA,Dejan Kandic,https://play-lh.googleusercontent.com/-VcOmsHzIfFc/AAAAAAAAAAI/AAAAAAAAAhE/AMZuuclBWA9lyGLsqGg-NKwhhbCl0Qglrg/photo.jpg,"I can't update latest version, it required to buy it again...any ides dev?",4,2,v2018.Mar.10.09,2018-03-20 09:57:58,When you bought the app? Could you send me via mail yours order no?,2018-04-23 14:20:49
gp:AOqpTOH-agJsaMqJ5KLZcqdDZITMnvuPEmjy5Nwr03aG7Agx0iVtXsQgjULluj-Gw_h5qUUmOBV6oTOXhrSu0XU,Alp Giray Keskin,https://play-lh.googleusercontent.com/a-/AOh14GggKn2crwC4JCrm7U0dJcshA34tIRn-6vX6FFQw,Great,5,0,v2018.Mar.04.08,2018-03-07 06:36:46,Thanks!,2018-03-07 06:50:00
gp:AOqpTOGayifaPiru26gUdc2kgzHfu0RZY5HFun9_iR6LUFk-hBs7zsFGVfw0nWJRqCxf8QkN3dM89AhTJbeho0A,ericson montalbo,https://play-lh.googleusercontent.com/a-/AOh14Gj4proCcW3ngY7aj4oBmigrEK-Soy2xjSEn-fP92Q,The best icon pack so far.,5,1,v2018.Mar.04.08,2018-03-03 23:45:01,Thanks!,2018-03-05 06:20:50
gp:AOqpTOHqP-HbEgtfsxp32p5Et2ZjG-iPB6LVZl1qOGb1vGvPfttu6Nhrg7mrDbjSmJCNeDVCCZVRRR2M3aqNjEw,Will Sympson,https://play-lh.googleusercontent.com/a-/AOh14GjsOJFVYrVLdJOR4Z25zljLm6ECvD-Gj5FihdIQYA,Beautiful design and updated frequently with new widgets. 👍,5,0,v2018.Feb.25.15,2018-02-25 12:08:23,Thank you!,2018-02-25 12:31:17
gp:AOqpTOFwaKXDQkHXBFEBIMNcHHU9nAskykeRu0KoK4aSQaa7amH5XCaTiTxrjV_-pyU-PjNM88FuMO7Zilbkqj8,William Hutchison,https://play-lh.googleusercontent.com/a-/AOh14GhimFjiUfdKkTvyMLa4Qkr9YwVU49FLq04wuLE-flw,"It's very rare for me to purchase a KWGT collection because I prefer using KLWP, however I keep seeing setups w/widgets from this collection and decided enough procrastination and just buy it already!!✌ Now that I have it my only regret is that I didn't get it sooner!",5,0,v2018.Feb.22.17,2018-02-24 17:51:34,Thank you! I am glad you like it.,2018-02-24 23:29:37
gp:AOqpTOGgLZhzf0ix0UHOk7NMkIBd7QnOXft-8C0nhISi97Ovoy3tF3bLSm5bOBKx7Q82xn4Qk52GBTBUB3e9DSk,shyloh robinson,https://play-lh.googleusercontent.com/a-/AOh14GiCnX883u8x84XlilKuUDjaVJxxOLfX-2jVju7k1fQ,My favorite KWGT pack!!!,5,0,v2018.Feb.22.17,2018-02-22 10:09:05,Thx!,2018-02-22 12:58:32
gp:AOqpTOEnRE0kvQu_UrGZkG4X_rSXe2oYgyJM3c__HcRnYKikZKceTxNNZIiYGzlO91YWb_cXgXt0Cmqt55AKtTQ,Amanda Messer,https://play-lh.googleusercontent.com/a-/AOh14GiBbntMjeB2JzmGVoJJD1qt1ES9Zn6GGlED32l-Up0,Wonderfully designed widgets. Very nice.,5,0,v2018.Feb.16.20,2018-02-20 21:39:24,Thank you very much!,2018-02-20 22:10:40
gp:AOqpTOEZlem3yd4jEJ4o6d_6rgPEasQHGEPv-FJKhTAf7dc-tUqY-7Ff8tuARHTa73PWnF8xYKUGTMlgNiGjgaA,carlos jimenez torres,https://play-lh.googleusercontent.com/-OcyRsUB52kk/AAAAAAAAAAI/AAAAAAAAAAA/AMZuucnEdgaWXFWHRgU1o2JUCAcNCpWw5A/photo.jpg,Love the app,5,0,v2018.Feb.10.18,2018-02-15 10:08:58,Thanks!,2018-02-15 22:25:14
gp:AOqpTOHX-IqDNuKhUHa_cZBkfkCq1_n4nQx8GGr5UrW4HWyguU084m7Q8mQUNLutjx7MHjD-ntmIlk1glk3X3ko,Lord Supreme,https://play-lh.googleusercontent.com/a-/AOh14Giq7A4YaUJ8Oi-zejE_Ni_IPcxxRvdMyl8Aaqx9cw,Awesome widgets!,5,0,v2018.Feb.10.18,2018-02-14 14:10:30,Thank you very much!,2018-02-14 21:24:15
gp:AOqpTOFz6TBgb2YkzaOdWtOFpdNXF1g--6pJAfLJrOpfMAyAUzvZP575P5KZ-RHPRizTtL3oCOqFiqgZdwjMUM8,R.J,https://play-lh.googleusercontent.com/a-/AOh14GjwQcdu1fdW9MSFgqxIET05Sa-OatA2-2_7NrzZedc,Love it!,5,0,v2018.Feb.10.18,2018-02-12 19:05:18,Thank you! I am glad you like it.,2018-02-13 13:11:03
gp:AOqpTOFArgA-bfCE8N8x8Oxm7qo6cquBerdIT4JjMDQKVfIi0R96Dm7klMIVq2rV7_7kb-iRthXFQOC-3Oh-RDU,Karim Haddad,https://play-lh.googleusercontent.com/a-/AOh14GgN0ysDw_JI1fipVJQkTvwBqmuOymGr7LNTxWPJ,Beautiful,5,0,v2018.Feb.07.20,2018-02-07 22:00:22,Thanks a lot!,2018-02-10 11:15:03
gp:AOqpTOHzsx02h6qR3xTDB5DCl_xYbCVQapuEI4uLw_GvtcKMqOzLcQdBSln8v4PpeZwD7rkLavA0egNGFoGYBXw,Andro Guy,https://play-lh.googleusercontent.com/a-/AOh14GhhrI3Tf-uTbwYY56Q1vzQ-uBclI_WkwvHkvLaI,i want my refund,1,1,v2018.Jan.24.17,2018-01-29 10:03:36,"No problem, send me your order no.",2018-01-29 10:19:45
gp:AOqpTOG192WP2MGf61QhvWRZzumhXsTxJ88d-HpBmgUUsKWCn2jbUe_TFy2OcEgWBeSeJIX1UB2Xfk9hmWtLMyg,Matt Thomas,https://play-lh.googleusercontent.com/-D7T5D1rUO5I/AAAAAAAAAAI/AAAAAAAAYqk/AMZuuckGPxh0o-PZ8XddvelrhNR37T0oSg/photo.jpg,The best KWGT pack on the playstore. Classy and stylish minimalist widgets that will instantly make any home screen look beautiful.,5,0,v2018.Jan.24.17,2018-01-27 21:29:11,Thanks a lot!,2018-01-28 10:46:12
gp:AOqpTOFmxBKZ27dsvegPoTZ6rhf4UlK4Md-FzCgxpJzgtPqxffGQkZXaVqO9rZl0xdK0dhtYlmY04veWFMvyqt0,Amjad Hamad,https://play-lh.googleusercontent.com/-EDj4s6OjWi0/AAAAAAAAAAI/AAAAAAAAAAA/AMZuucmekGLNAd8OixK2mR1LGiM5UOLtIA/photo.jpg,"Best widgets ever , keep those wonderful wallpapers rolling",5,2,v2018.Jan.24.17,2018-01-27 03:35:34,Thank you!,2018-01-31 10:34:52
gp:AOqpTOHFR71GJK00JSdVxYw-woMV5_UdRdZIUjAMtaOys6p1O2bLolWyseSl4czZX6TileRSAMpLaU-MDS0_biQ,Justin Cantor,https://play-lh.googleusercontent.com/a-/AOh14GhZYeG3FW6ohoylblwcX9MWr8wzqSUcwd1KVeI4bTg,"Excellent work my brother, excellent work. If there was an option to favourite or follow devs on the play store, which they really need to do by the way, I would definitely smash that button. Keep em coming please?",5,0,v2018.Jan.18.17,2018-01-19 10:48:55,Thank you so much! I am glad you like it.,2018-01-19 11:37:55
gp:AOqpTOFhRYSnidi0a9p3EU-VtLX6DWfe0NpMvEfv9ak54ZMQtJbZLkwdf73MiWrN70yFI9haDJ-ovQhh3qI_60A,Alex Nicorescu,https://play-lh.googleusercontent.com/a-/AOh14GhV9fpfizKeK_w5NRtAoFIlcKEjRELeOEPrTBgMu5c,One of the most beautiful widgets. Keep the clean updates coming!,5,0,v2018.Jan.14.11,2018-01-14 12:52:09,Thank you!,2018-01-16 11:49:54
gp:AOqpTOHvKTP0HIUG84s07BFX_lp2DcmFsJL-MLB-eDVgVCD3-0ycuZcc1oN990_N2jDB8q24Mmw53eco6Hhk1HA,Zlatko Zlatanovski,https://play-lh.googleusercontent.com/a-/AOh14GhTX2Hd-Cbcj08PWsbcs1c4fJdF6WoE_j36nVVZLw,Often updated and really nicr selection of widgets. Worth the money !,5,0,v2018.Jan.11.19,2018-01-14 02:49:28,Thank you!,2018-01-14 09:00:34
gp:AOqpTOGAe118acatbuinx3hHIm1ftj5D7Od1t5od0eC_NRw21AuOu-sSXKV11BvulM2H21esPDUAdqmlEtiNtPo,Baljeet Thakur,https://play-lh.googleusercontent.com/a-/AOh14GjtZSiok95aRvaeOwDPJUvfe55Nk8t7E9vb8AjR_Q,Wow. So beautiful kwgt setups. Great Great Great.,5,0,v2018.Jan.04.18,2018-01-06 20:39:24,Thank you!,2018-01-06 23:36:22
gp:AOqpTOEIOJ38mEhB8X6NnD86dQBETnuZSiSeoNvYwAasfL3cQREd1oqEsV_UV0yqbioAvLMUetiG4iR0E7kwMFI,Thomas,https://play-lh.googleusercontent.com/a-/AOh14GhPrM0uz2N0jgMemQtm4myIyFOFffG8WwFT82QBD8U,Caution! This one makes you want to delete all the other packs! Awesome set!!,5,0,v2018.Jan.04.18,2018-01-06 06:51:50,Thank you:) really apreciate!,2018-01-06 07:18:12
gp:AOqpTOGL5fit2KZE2QB19SaKxczPTe_7qOI02qA2Wsvdz4ajg8ZKmXmAYepitTR5SSwH__fQowE_Qs6i3SXmhsc,Danny Mohamed,https://play-lh.googleusercontent.com/a-/AOh14Ghywub4E5K9QlH3W5lA9t7iagcfXqpPG0GhNQ05dw,Love this widget!,5,0,v2018.Jan.04.18,2018-01-05 00:15:56,Thanks I am glad you like it!,2018-01-05 00:44:17
gp:AOqpTOH3wqQSieGVS9dHoEewePkerRdDO5u-C1l4qkz--TlgfWKIMP5fYaphAz88EYtPTJ6di5JTYy69N0UYztQ,Rheno Andhika,https://play-lh.googleusercontent.com/a-/AOh14GhdMBB-f_8L8OJMjO5jLxEzK0PiPrSGFh5YLkrbBg,I love this widget since the first time I saw it,5,0,v2017.Dec.25.09,2017-12-26 18:22:55,Thank you!,2017-12-26 21:37:32
gp:AOqpTOGRugb979LqPZL6mArfAv_KjGNp0K9sq9leAgdVXVOKyBFDWr_tXa1gGdOvd_gevpVxVYy9bRNz4L2GDMc,Rahul Prakash,https://play-lh.googleusercontent.com/a-/AOh14GgUOYZyeQY-jmTr8Yz4yHMppDXB-3k1Osdxcc_N7g,Awesome Creation,5,1,v2017.Dec.25.09,2017-12-25 05:09:39,Thanks!,2017-12-25 07:24:08
gp:AOqpTOFOEM0w4qavLi_dzssjMZ8GnqWDBMQZPUC6AWmBR3f-dzYwfw35J06lzzdtHgAQeFJ_lKmjSBa_PmmWP8g,Mark Granelli,https://play-lh.googleusercontent.com/a-/AOh14GhWzsLI6CpmT34CeNT2SmIfm45uz18v7MQ0RgD48g,Hands down the best KWGT widgets 2017!,5,1,v2017.Dec.25.09,2017-12-25 04:20:18,Thank you!,2017-12-25 07:23:52
gp:AOqpTOGDvQbQJEfvJiHlCKG_phLTh3p_NOmV7qGz-tYSB4GcYuH_so-DCc3fqFrJ_ZFU-zzIOLjQBbs8fwNlFTI,Not So Typical Gamer,https://play-lh.googleusercontent.com/a-/AOh14Gh5AouV-KLkhpSam9VxIc_S8mrGqDJ9_9v_21X_Vw,Where do I get those wallpapers??  Awesome widgets!!,5,0,v2017.Dec.14.20,2017-12-20 18:31:57,Thank you! Check my g+ profile there is a link on walls.,2017-12-20 21:17:48
gp:AOqpTOFJRLN-9vW7hrRJroE7sMPVWC7A3En-2O6bIq6Q-2cW1kFbTwhkgXIkg31wqhde1uruWGHeDEGTSGXCE44,Subhojit Saha,https://play-lh.googleusercontent.com/a-/AOh14GjlaltwkR7IxWfwLlUVtrVIZijhIYLUxsH3EnQkig,"Beautiful Widgets. Talented designer too. Hope we keep getting these awesome stuff forever. Worth buying. Keep up the good work, man. 😀",5,0,v2017.Nov.22.22,2017-12-13 08:16:50,Thank you!,2017-12-13 10:04:37
gp:AOqpTOEx-_Aa29U5AYdiuC7n4-Corpf8s7pjxMUCv3kD5VbcWtqYlQRAQw8iVuLMDw0bzzq_MwDB_L7NFt9x_Ns,erica joi,https://play-lh.googleusercontent.com/a-/AOh14GhtJxR573f3z-x0l5ugZQQwNTPcWY4-XYRCtqyAqw,"Super pumped to see a KWGT pack from this dev, since I don't really like KLWP. Been playing around w/ these for the last few days & am quite pleased w/ my purchase. Highly recommended 👍",5,2,v2017.Nov.05.15,2017-11-05 10:32:32,Thank you!,2017-11-05 11:23:57
gp:AOqpTOEAZxJLSmrdrlaH4F9wXXeRytPya9F73zLSoTrrIXyD9f3SADQj2jXetj_iO9ldUWE8rh55_Q6TB2dzmSo,Elizabeth C,https://play-lh.googleusercontent.com/a-/AOh14GiiqpKGxaWR1FABdL6EbQEBu01KuTtJAHFHK_wMlBY,Awesome set !😊 thank you,5,1,v2017.Oct.29.10,2017-10-29 15:19:06,Thank you! I am glad you like it.,2017-10-29 22:15:24
