reviewId,userName,userImage,content,score,thumbsUpCount,reviewCreatedVersion,at,replyContent,repliedAt
gp:AOqpTOHWNRqKOzpR5KnVwOz9sbxurgIm88AACRQsj4nus7UjAcoTsW1e1cVhiah3Fovz7VRs1ha0zQlFxrsa-18,Josue Sierra,https://play-lh.googleusercontent.com/-IkSpMl90zgk/AAAAAAAAAAI/AAAAAAAAAAA/AMZuucmrlcZoQ9OQD1AqTZZD-cgqP-f5kw/photo.jpg,This game is soo addictive and good! I bought the pro version because this dev. didn't put a single add on his free version and I really love that.,5,1,1.01s,2021-02-03 22:40:35,Thank you for your support :),2021-02-06 03:02:18
gp:AOqpTOGvt6dRq2RRqjV-95GGfRRa9KCYh0VyDJI55T8uPeHGjXkl_blW5VJdnwpPQN89HLYgE2sJVz5atU1IDgQ,Kyuto Grey Wolf,https://play-lh.googleusercontent.com/a-/AOh14Ghc-VvGaFB1TXsGNcDy6scfxlKZgL-UN2Gjf1_DZg,Very nice how ever non laptop compatability is on this sooo yea small issue but i got it on my phone,5,0,1.01s,2021-02-03 17:45:29,Thanks.,2020-05-09 00:36:00
gp:AOqpTOHbMmyVqOQABQJE6dzx4qdl8MLGv8sNZGgYqPsYx7tWXFhpQKLHJKFSA-wbA5KOqCbOK7GQbtvQEZ-UvZY,Pasta yumz,https://play-lh.googleusercontent.com/a-/AOh14GjkO7upciYnIAM4NaF0RIP0vMNplTAedCFQNs3VMA,Can someone help me how do you upload your editor maps in User maps?,4,0,1.01s,2021-02-01 15:25:44,Thanks for reply. If you want you can email me (yiotro93@gmail.com) with level code of your map. I'll add it to the game if I'll like it. Level code is a text that appears in your clipboard after you press 'export' in editor.,2021-02-06 03:03:22
gp:AOqpTOEN4SozXKMlbCfwPvndJUlRv0LOuXGMtKqRODMYAABp21uY7twbT-guHvVFatSPxzhm9Vl-GsKiG12v0H0,Aidan Monnin,https://play-lh.googleusercontent.com/a-/AOh14GiCOLv34rJUZr1xzEfxRBNjPTZrHeatHbdUeiGD,I havnt even played the full version but when i saw no ads i was sold when i played the free version i didnt get that much ads a few from time to time (like 30 minutes apart) and i really loved that. i bought this because i wanted to make levels and support the developer but mostly support the developer they make really good games so i suggest that you buy this or just get the free version oh and yiotro KEEP UP THE GOOD WORK CUZ YOU ARE THAT DUDE! No problem Yiotro you make very good games,5,2,1.01s,2021-01-31 16:05:41,Thanks for good reply :),2021-01-31 01:12:19
gp:AOqpTOG8vISIlHbkn25La5I9mD3pAAe3CKOH9QHODOjSFo9YIzb7xXnk6QmRonktz88aYfpHsJs09kwzLSyBtAw,Anthony Davis,https://play-lh.googleusercontent.com/-8BmjlibLAdc/AAAAAAAAAAI/AAAAAAAAAAA/AMZuucnT2zR5g3o9ORi2HNbbSgcOtFqjAA/photo.jpg,I love this game. The creator respects it's players. It is a game worth playing. If I could change this game to improve it in any way I would give the option to choose where a single unit it looking. So if you're holding down a position you can manually tell your units where to look without having to try 100 times,5,0,,2021-01-30 21:00:18,"Thanks for good reply. You can kinda do that already, just longtap a cell near swat members and choose 'check spot'.",2021-01-31 01:11:25
gp:AOqpTOEOvJbzLmVoBbskJ5JTmZNJSv0Lx2c5Mncb6R0s157-0JYwyWDNzGpMIqbux8ZOaVoNSzMukq1L07hq5SE,Ulysses Potiguara,https://play-lh.googleusercontent.com/a-/AOh14GjEGpY_YdTwmVDDVFlQUZi9jOIOTXhZv_wZ9LvB0g,I could swear I saw a 4 legged chair running on level 49.,5,0,1.01s,2021-01-17 21:00:59,"Thanks for reply. Yeah, it was there ;)",2021-01-23 01:31:19
gp:AOqpTOEkfgh20kT1UWMtJ0BrY0AUizQ1Qh4AEsD8lkhQNfjLJNWKx1Le-uewtuSm88s2Ik_K5J1cxRExAnZ1t6E,Liam Pincher,https://play-lh.googleusercontent.com/a-/AOh14GgPVUwSf3GFLFfn5nUZsHD7tvhjZijp6EtW5WvH,"I never review mobile games, let alone buy them, but after playing the free version and the developer taking into consideration no ads and micros, it sold it for me. It made me want to give back as its such a fun game! It's quite unique which is hard to find on mobile games these days. Beauty in the simplicity, its not too difficult but it's not boring which is a great balance. Looking forward to your future games and updates!",5,14,1.01s,2021-01-16 15:21:47,Thanks for good reply :),2021-01-23 01:32:24
gp:AOqpTOFR4YXPCkEIf197qgwyLXlliHrES_3IbaEnW_b1Cv6zhkfm3Eo1aEC8RBJ_EQKAqBbPy7Zz0SXrZv8Gszw,Andrew Crisp,https://play-lh.googleusercontent.com/a-/AOh14GgK66l2QFHV-2z3t3skNwhDv7kH7NVfb9ONHi-n,"Yet another amazing strategy game from Yiotro! Simple mechanics, deep gameplay, clever and sprawling level design, intuitive UI. Genius.",5,2,1.01s,2021-01-15 13:40:13,Thanks for good review :),2021-01-16 01:10:00
gp:AOqpTOHEGTR_Ey4kynl5SDdJ6uX1DojjHd7QwqfL1rwxOuCi3Ogkw_xqYJ4WNpM4XENX6aeKVnlEh19O__mFImU,Geoff bacon,https://play-lh.googleusercontent.com/a-/AOh14Gityx8M6hxdug5Ld2QqstNrV1Jvppo4YWgwLl-74Q,Very good addictive game keeps you're interest for a change,5,0,1.01s,2021-01-14 03:19:51,Thanks for good reply.,2021-01-16 01:10:12
gp:AOqpTOFoKYwVEdR7jM-b2uRzkquUwvGoBc73O3Cm-0XKXqt6xwpChgMG6ZcW2sYmTFg50r_ljsV_xqroX7Xae1E,Catarax,https://play-lh.googleusercontent.com/a-/AOh14GiYrC56E92nFd7pOhbpTwF9FwUVg7k5NjEMfMcD,Easily my favorite game developer! Thanx for all this great stuff yiotro!!,5,0,1.01n,2021-01-04 14:55:41,You're welcome :),2021-01-09 04:01:15
gp:AOqpTOE9rLhcSuTd52p0RCDMuwfzfVsE-9CvkoJwflYORM4_2STZuy5ughoSeeVpfSHvWO7s0N3f68MHS4ATlvU,Pelin Kandemir,https://play-lh.googleusercontent.com/-vnXnQ_cXD68/AAAAAAAAAAI/AAAAAAAAAAA/AMZuucmolEkK7tqiBWGwwYv-1CDFOr7Hfw/photo.jpg,"when will we have new levels:""(",5,0,1.01n,2021-01-04 06:08:38,"Thanks for reply. I plan to make an update soon, it will add new user levels. New campaign levels may be added in future but currently I can't promise that.",2021-01-09 04:03:09
gp:AOqpTOEPZzJf09fZgi8riU7B3-ViSSLU6pmcedzqDoJ6aLyMNZX6azTWXG9PLTV3kVG0Q6LP3gyQWdTE1FGgNHM,realddgamer,https://play-lh.googleusercontent.com/a-/AOh14GhLyANBL_WP9Duh5XXgplaWT7cJQ3ITIJ34rfUsMw,"Love it. Its really an amzing game, and I really respect the developer, so I decided to buy the pro version, its a great strategy game, you should try it. Also, I have one suggestion, would it be possible to add more than one floor? I feel like that would improve the editor and just the game in general a lot. Anyway, thanks for creating this game.",5,7,1.01n,2020-12-18 13:46:37,"Thank you for your support :)
About your idea: I was thinking about it but decided not to implement such thing because of problems that it may cause. Also, some user levels are structured like a floors in one building (each floor is a separate level).",2020-12-20 09:10:32
gp:AOqpTOFD03JKOra_cZYsRS1LNmINR8RUEpzLg1d2dnrKCpJRD6sak2Oumi43wBSSa3VC9fDPyWUZtd3VLMkr_As,khIft,https://play-lh.googleusercontent.com/a-/AOh14GiRWbFFoUYasfXRnprkiWstlu_VvFw3LuGCFgWb5Q,Revolutionary. Lags a bit,5,0,1.01n,2020-12-18 06:24:14,"Thanks for reply. About lags: please try to change graphics in game options, it should help.",2020-12-20 09:11:00
gp:AOqpTOE352tPgjWq7TY2X_go6HR_UQUxhf9iQ5ACEgLkMJmh4CB8xwrIRzwk455ib41gW15mVO-dpHIZ8bKvNnk,Zeke NoScooter_8,https://play-lh.googleusercontent.com/a-/AOh14GgfG3kXPYi74E1LdS7KwDhQOLu1HRC4CLTp9CWh0g,See my review in the free version. Yes. I bought the upgrade. And I'm a cheap ass!,5,0,1.01n,2020-12-18 00:53:33,Thanks.,2020-12-20 09:11:12
gp:AOqpTOFuf20mnRVU-mb4tfT38En_CE88D1vN3e7zrO7-JOkkJI1XfeXOM8Df90seYBJSXxyblO8yP0XHpCe0UH8,Ethan Forney,https://play-lh.googleusercontent.com/a-/AOh14GjPxv2MwxS08WGVijrsBYkajCczoYddIckP7NzNZg,"This is a very well put together game, I was looking for something just like this and there's not many out there. You did a fantastic job, the consideration with no ads, not micros, just awesome. I would happily pay more for it, to not only support you but to see where you could possibly take this game in the future. Excellent job my friend.",5,1,1.01n,2020-12-16 20:18:19,Thanks for good words and for your support :),2020-12-20 09:11:47
gp:AOqpTOGCpZlSRzjvL0z9fW5wX5mJTHLS0uxeMfl25VeZ6sHdsjjgkKkwpQJZI8AEy5sKICXB0eL-mDTrk3UcT6E,Lock The Reliquary,https://play-lh.googleusercontent.com/a-/AOh14GjtX5BljgyJv5RvmnYeRAD7ViVk_m0RCEt4lBcetQ,"Normally I don't rate games that often but this one is definitely a good purchase, and the only 1 thing that I would really like to be improved which is customizability for the map editor (stuff like more tile options like road tiles and maybe also half walls that can be shot over, and being able to stack furniture so the TV doesn't always have to go on the floor), but other than that it's a great mobile game",5,6,1.01n,2020-12-16 13:02:54,Thanks for good reply. I may add more tiles in future but currently I can't promise that.,2020-12-20 09:12:39
gp:AOqpTOHqSCjnQCKasEXoV_ii270WXV2MP4X8Gc8D4IcmHAm-zkt5KWiBTggXnqOxF6xq0nFVpKNJVM5ArS9y05o,Colin Varano,https://play-lh.googleusercontent.com/-4gDPyDwspHQ/AAAAAAAAAAI/AAAAAAAAAAA/AMZuucmQZnnCKjIWvqghBWpCxn9I5ukBnA/photo.jpg,"I originally thought it was repetitive since you just throw in a grenade, walk in, and arrest everyone. And I stopped playing for a while because of this. Then I got bored one day and picked the game back up.. The difficulty and different grenades really spiced up the game and made me think and plot the best ways to complete the objective. Great top-down strategy shooter! The free version has enough content on its own, but I would highly recommend the full version for additional levels.",5,18,1.01n,2020-12-10 16:06:29,Thanks for good review :),2020-12-12 01:53:15
gp:AOqpTOFE6zRtmTVi7e3MXZquCiuvAH9yH5EseCd5ie70uknUB4mpy-G7AQk-Iv70cIdXavDcRyaP1Fx8UUdAn5Q,Hansen Arents,https://play-lh.googleusercontent.com/a-/AOh14Gi1QZKZt8d23a73potc9ahSxBVriX1dMKZDogWv,"I rarely pay for a game, but after having played many if not all of the games Yiotro freely and generously has to offer, it is well deserved. Spectacular work.",5,3,1.01n,2020-12-08 06:36:28,Thanks :),2020-12-12 01:53:41
gp:AOqpTOGYhAqlXwr4PDA4hSbD5QRVyajD0jvsyw2fIWqN6jhw876tysbHzjueUL8ENHQrP8nWP58jdK_Re6vizCA,Donnie Cayer,https://play-lh.googleusercontent.com/a-/AOh14GiBc1Py5CDm-tfK3AwJiDu6fipAjCSjPY6W2NO2,"Pretty good game in my opinion, the controls take getting used to but overall it's a very fun yet simple experience.",5,0,1.01n,2020-12-02 02:35:22,Thanks for good reply.,2020-12-05 01:20:36
gp:AOqpTOHhTab2Cl-vwPkIk2V_4DOb5iWcg6V4Pq34uROHrdtct-Yxas7qkY-gVxupgSW9Bmvp82xUpmCABaIlgqo,Amanda Shelton,https://play-lh.googleusercontent.com/a-/AOh14GhM-xdExi9hzQ4piQ6yHqKT-RCx73Dg3tcoArrkn0U,Thank you for working hard to build such an amazing experience. I played the free version and didn't know there was a paid version. You don't have any interruptions nor pop ups so thank you. I love building my own strategy games so this is going to be fun. It's a simple setup but great strategy. I love the changing sincerity makes it interesting. Its hard to find a good game like this one.,5,5,1.01n,2020-11-29 21:16:05,Thank you too for good words :),2020-12-05 01:21:23
gp:AOqpTOFBT8hE-hkP2-LyiG8P3ECmJg-Dc8cb_rF-O19LFJ3GcxyXQdbzHcmJ1yI6B1mNdJitiPan7Ju1GNZIpC8,The Monster under your bed,https://play-lh.googleusercontent.com/a-/AOh14GiXlw2b8oyBrIg7Lv_x1PTtawjNXhCF9dVy-IAB,"Its honestly great, the only thing i wish was that there was a game with these mechanics, but you instead played as soldiers and actually killed your enemy soldiers, a good game in my opinion.",5,2,1.01n,2020-11-24 22:44:51,Thanks for idea.,2020-11-28 02:19:06
gp:AOqpTOGqisnp7ezhllVTFJSxuthpR9Xbe4ri_fqp4mSDQ97tiIDiR4qaYDXgnWl59Pq36f-zNs9jFycWGEXG2CQ,Ambar Sinha,https://play-lh.googleusercontent.com/a-/AOh14GhTZWb349tsO9xRaQBdnDE5MKTVOt0xDHL4uoaqVA,Excellent game. A really good work done by developer. Kudos!!,5,0,1.01n,2020-11-21 19:32:12,Thanks for good words :),2020-11-28 02:19:56
gp:AOqpTOHVubM5g9DPlJ6Oh3QRfKknWR-VjGZQo8c2bmvYgRMCQzKb4hRlM5R2vA83UE2oocjPYZUh5tjVOtEoKoU,BSM 109,https://play-lh.googleusercontent.com/-I5U5CuOa16U/AAAAAAAAAAI/AAAAAAAAAAA/AMZuucl-r7cBI8eajixRna_uQiHK9Jb_gw/photo.jpg,This game is really amazing. Got to give gratitude to the Developer. The game is really good and the gameplay is amazing. A small price to pay to support the Developer and for some extra levels etc.,5,5,1.01k,2020-11-07 11:35:33,Thanks for support :),2020-11-14 02:25:44
gp:AOqpTOFsP1orc71fj2LvhyAQiFXL6stVV-MWRzxjiP9r0UgKVUhBh1ze2O4tGO0Wez3A78dumQPShYOImPWOgew,Henry Bartholomew,https://play-lh.googleusercontent.com/a-/AOh14GjHbBsoELAA_SV1dLUTJDko_L-tOKaQNlj_anZmQg,Its a fun game that doesn't scream at your wallet,5,4,1.01k,2020-10-27 07:39:36,Thanks for reply.,2020-10-31 02:54:46
gp:AOqpTOHPYvCB0JIpNaGKNKg8z74xfqixyZmdSHexGIOZI2KXtp-SpfvqQw4o7GXrSRXv8FXLZi-uM6sGBxx7098,amanda schmidt,https://play-lh.googleusercontent.com/-TRCZZ2rtp1g/AAAAAAAAAAI/AAAAAAAAAAA/AMZuucl1CfPly6slA0e7kRgMSu_ncU6aJw/photo.jpg,I really like the game but there's a missed opportunity I'm not sure if I'm the only person who has this problem it should have a feature in the pro version of the game where when you make your own level it will tell you how to use the Waypoints for the suspects and in quick level mode maybe you can increased increase the number of officers you can have and another idea is where you could pick up a dead body of another officer and you can put him in a room where he could come back to life,5,9,1.01k,2020-10-17 13:12:21,Thanks for ideas. If you want you can email me (yiotro93@gmail.com) and I will tell you how to use waypoints in editor.,2020-10-24 02:33:46
gp:AOqpTOHnm12NwEVYFzoL5R9LhQFTEw8ixudd8EAPluPhZ1UH0XuqmGbWWjwwsPQwajVVRTuBOvN0ZKu5AJlcGQg,Michał Szeląg,https://play-lh.googleusercontent.com/a-/AOh14GhnNCqj_dhJJ9YrJuTT1iWcGQdAQLnHpJ8spVZqiQ,Great game!! It's not easy to find a good game. It's impossible to find a good game without micro payments.,5,11,1.01k,2020-10-15 13:29:28,Thanks for good reply.,2020-10-17 01:32:39
gp:AOqpTOGX8yeqDq0I2qBs-ZHj38ZuKtHmt3E6oXknVtr4RLQQ7mIU4oApNQyA-GqT5nHQoqxFGXuPoFAiQqaq4pk,blakegames •,https://play-lh.googleusercontent.com/a-/AOh14Gh8a2-DwLa8raLCgZGFDbXVhqDLzbCVjF_N-G9v,Absolutely love it no flaws love you yiotro,5,0,1.01k,2020-10-11 02:40:15,Thanks :),2020-10-17 01:33:22
gp:AOqpTOGWGMwAAOyZpuE6Hq7Hy7cTpFouObHC-xr4aEgsei9YFH7g3pmujTHLOSlRbhE8L4ClktX2YGIstOgQSj8,Catherine Bagano,https://play-lh.googleusercontent.com/a-/AOh14Gh3j88LemKo0qZReGr-QA-RonwRsbkW6Yq0b-uSrQ,Cute and great....,5,0,1.01k,2020-10-05 08:20:59,Thanks.,2020-10-10 01:51:06
gp:AOqpTOHL7VkWpFkW09jaX-YCORmgW5hgN2mF3a_o2xhNFTsSE-Pm7JhyeYo60Vd87qoH11jlLcsnXUF2-MKPCfQ,D Penney,https://play-lh.googleusercontent.com/-RI1VacKoOY8/AAAAAAAAAAI/AAAAAAAAAAA/AMZuuclwobW8OMf_kosVDTB9i2s1PeJ6yg/photo.jpg,Dude ive only ever payed for 2 gamees mekorama and this.well done bro,5,0,1.01k,2020-10-01 04:47:39,Thanks for support :),2020-10-03 01:47:28
gp:AOqpTOECoIt-NuVyDABoftS7GMsj1X1pSFy6OVzGsQRv81QAb8aBggNUv9BNtyopLoVzW0hZqsGX7NqYLViJhnU,Vermilisix,https://play-lh.googleusercontent.com/a-/AOh14GihGmkEEW19rDPTo5lm-8FA403WrXt9vDCR9knBmQ,"This needs an editor tutorial, it's too confusing",4,0,1.01k,2020-09-22 11:23:19,Thanks for reply.,2020-09-26 01:44:14
gp:AOqpTOFhIxrzlI696W3AVK7jwjqmTJRVfa1Yo1W5ipwooHSGDfO04xrQZvCvH0hvXwgDRlw9B1_hzrGPv0bnp-o,Matteo Dalla,https://play-lh.googleusercontent.com/a-/AOh14GhXQAYUACY64hrtT4a8wzpjm0jC5ZoK9Tr4Id9ULw,"Very good game! Please also consider a savegame feature, it's frustrating (mainly in some user-made level) to be one room away from victory and having instead to make the entire level again!",4,2,1.01k,2020-09-21 14:15:01,Thanks for reply.,2020-09-26 01:45:24
gp:AOqpTOG3i8oa6tJ1uGJXIaik4jztetddBSqmyfazxgZsvyNivbnQ2xfePCrmWb1Ol3o0LTkMVflQ59UeZvvjuZ4,Eph Tea,https://play-lh.googleusercontent.com/a-/AOh14GiL5wSN0oqn_qBUThi8hekdu2WMKP6DqHdt-6paSg,"It's ok, but trying to get the individual swat members to look in a specific direction can be a pain in the *bleep*. Also, The selection panel makes no sense as far as the colors go. all swat members are one color but the selection panel has two. Why limit the colors?! makes selecting individual members frustrating. Too many instances where I've had swat members die while i'm pulling my hair out trying to select the right member or just trying to get them to face the right direction.",5,37,1.01h,2020-09-11 17:43:39,"Thanks for reply. Please enable 'selection panel' in game options. With it you will have much more flexibility in selecting your units. About making swat members look in specific direction: I'll do something about it in next update, but meanwhile I recommend you to use blockers on doors, it's the best tactic :)",2020-01-19 01:49:14
gp:AOqpTOEuZLC357Ev7-PUqQRTggv7b1OKAeylhnb9OaCZDq1pNVd96wf5Y47089bcDeJv7CNzCwhRb5Ab7OWUGJc,Noob KRL,https://play-lh.googleusercontent.com/a-/AOh14Gi_LhdNbLZtIvO7ET0eeCoyft3HG2B3bk1Yv5Y7qA,I absolutely LOVE this game. I've been looking for a good game for a while and I looooove this. I love the level editor to. Most definitely worth the money.,5,0,1.01j,2020-09-11 00:08:19,Thanks for good reply.,2020-09-12 02:12:53
gp:AOqpTOGVh26j4RRQV_TvyaU0nzPh2UApqtXYSt5_Xs9YVOQI2R5FX1qSBzg5mAJXGhD8IPGD4xaEzPB_xYw_0fU,Martine Ejerob,https://play-lh.googleusercontent.com/a-/AOh14GghrHTttVQ1FXYXRIpjsnre5pAyafdWgIlDCQCD,"The game is fantastic but as a editor games lover i would like you to add a lot of furnitures and to objects. A feature that can place some door, furnitures etc with and without grid. In the units i would like you to add a controllable suspect, because i would like to make a level that a suspect need to escape, but not just escape the objectives are apply the same as what the og objectives from the game but on reverse. I would like to add a lot, but this is just for now. I paid and paid respect.",4,1,1.01h,2020-09-07 05:20:37,Thanks for ideas and for support.,2020-09-12 02:13:46
gp:AOqpTOHS77gRkfhqkePh86P2wdlbXfjJ8OsGKNy95ZGkts36Oplx26FaOdBRgHYy4RC-XmqB_vs_D_KJhTSaqTg,Tom Kar,https://play-lh.googleusercontent.com/-KAelNxtboVM/AAAAAAAAAAI/AAAAAAAAAAA/AMZuucmq764IsufR9dhbsIwHb2eFUP57Kw/photo.jpg,"What should I say other than this developer is what each and everyone should strive to be for. Making beyond excellent games and opting for very ethical monetary scheme. Even the demo versions of his/her games don't pale much to the full versions with just a few features cut. Yeah.. And the game.. As I said, it's excellent. One of the more unique genres on mobile and well realized at that. A bit sensitive controls which causes some mis-clicks sometimes but nothing game breaking. Surprisingly extensive options for storming the rooms and spaces.",5,0,1.01h,2020-09-05 03:11:18,Thanks for good reply.,2020-09-05 01:36:55
gp:AOqpTOFkWpPhk1DVOxy2FAZM8I57RMS4AlCUw1CUuwJDQRhQu70HQBt9ttHjbZxmb6nPfUz0K_pt-x6i6-EQRHQ,Jessica Wood,https://play-lh.googleusercontent.com/a-/AOh14GiiqQxB8FlZb6qD42FHCNb4SgaD-UfknPfjg3Xu8g,Recommended to everyone...100% worth the money! This game is provided with no ads to begin with...the least i can do for the developer is purchase pro version to show my thanks! No ads no crashes and very well put together. Are you making more?...cause I'd buy them all! One suggestion...there should be a way to capture someone in just the right way to turn them into your swat team.,5,0,1.01h,2020-09-05 02:26:50,"Thanks for support :) 
You can also check some of my other games: achikaps and bleentoro.",2020-09-12 02:16:15
gp:AOqpTOGFNtFdt9-idw_zbtZRDwGl_jSlh_yCu256ccV1508gM0hxB4siHTGO7Ha70rMFi-n7IehrOQozCaeN4JE,Trey Gray,https://play-lh.googleusercontent.com/-j-i3ovCfGKE/AAAAAAAAAAI/AAAAAAAAAAA/AMZuucmcr0iiupm5hXzpjtBSV-caVS0Q6Q/photo.jpg,"I really like the game, the only issue i have found is that the level editor desperately needs an undo button",4,1,1.01h,2020-09-04 21:44:50,Thanks for reply.,2020-09-05 01:35:22
gp:AOqpTOH9Mz8YwHjiC_fmibu9YdbX24XgrjZ2AFjTUM5-QAEFhC-2LquGEVbQ8W8lhG_V9P0ZP6rUiEtudbCTkgY,Emman K,https://play-lh.googleusercontent.com/-8E-2MC2lz4Y/AAAAAAAAAAI/AAAAAAAABeQ/AMZuucnIwS46LTuoJyCqNzf3ApII3pYRCw/photo.jpg,"Simple yet fun, with difficulty levels appropriately scaled. Great game overall.",5,0,1.01h,2020-09-02 11:11:41,Thanks for good reply.,2020-09-05 01:35:29
gp:AOqpTOEWyFt43gPWeD1R68ftYFYrorbGbdpVcQE2wna9zuDjruSPzqCyg3VloArC--z4IOkdCVBXNW5AFE3b-sY,Ameliyah garrett,https://play-lh.googleusercontent.com/a-/AOh14Gjn9cicMBrt3mNZ8Y4rym0cp-6kReNqGEsKBMAPzA,I just like the game,5,0,1.01h,2020-08-29 14:03:35,Thanks.,2020-09-05 01:37:00
gp:AOqpTOF9pSh3rYzm8b2l_qAHJZmzmcrWfqNUcpbBQnr0wnIOK1fyBfFU0SE5eLOafyl_JmuUHTxn7iQZBSg2Qfk,AmirReza Verdi,https://play-lh.googleusercontent.com/a-/AOh14GhU3dLU4u6Nic3M6Rq2568G2rbgIErhZPUkC6ewtQ,Update my Review: Please update this perfect game. I have finished all tasks and levels. Please add new things. Thank you so much.,5,0,1.01h,2020-08-25 12:19:44,You're welcome :),2020-07-11 00:23:10
gp:AOqpTOEXIAzsZq1ojltx4KrLw2zk-TPCwFwutGJ8knzfhR6JqrUontuE3da-0EcONngntH6it339ex0K98agTys,A Great Escapist,https://play-lh.googleusercontent.com/a-/AOh14Gi0HX868G8qPEMpoZ-qta5gVC848jpYhbdp0-XMKA,"Excellent game. Question, could you add a new way to upload missions? A 'mini campaign' where you add two or more missions, and you play the missions in chronological order. There could also be cutscenes in between where we can have 'units', and move them at certain points, make them say stuff, shoot people and switch weapons (e.g. fist to pistol). Wouldn't that be fantastic? Anyway. This is a fantastic game. Well done, Yiotro!",5,1,1.01h,2020-08-21 12:47:28,"Thanks for good reply. This is an interesting idea, I'll think about it :)",2020-08-22 04:09:40
gp:AOqpTOGUXoyF2fM0zaYBlRZQK5yJKnpvQ0-rfOiF72aEcE35JQ2l8JbXX3WPLeEctHqEHHrt3KLKgqsiRA-aK2U,Julio Solano,https://play-lh.googleusercontent.com/a-/AOh14Gjji2rdoCk4j3LdRAezfKGunsUT_CDOaDUEI2f_YQ,"I would like if you can add weather like a storm at random ,any level . But honestly a perfect game",5,1,1.01h,2020-08-17 06:58:21,"Thanks for idea, I'll think about it.",2020-08-22 04:13:34
gp:AOqpTOH9XDTdiARuC0WCBkpMfbovVjuF87xlHNqYlItKJevGFIH4Q6k0r5_fasEcWfbetmb3q0CAhYehqI4WC-g,Eric De la cruz,https://play-lh.googleusercontent.com/-U9NXAgvwhIc/AAAAAAAAAAI/AAAAAAAAAAA/AMZuuckPcCpG4EvtdP4EAoQBwzQpQHXETg/photo.jpg,I LOVE THIS GAME KEEP UP THE AMAZING JOB,5,0,1.01h,2020-08-15 23:54:48,Thanks for reply.,2020-08-22 04:13:49
gp:AOqpTOEVbWyujAzb8kI28FPPppiyp48wUndwmWIgcle66hmrrnTw_yQ-853M6CXyKLc4T_MkOoufbiaL4W8A9Nk,Mr Horsepower,https://play-lh.googleusercontent.com/a-/AOh14GhaxD-5FKPHjFhngxT_62HVDNHdFhLB29dw2wiX,"great developer. doesn't try to monetize apps by spying using unneeded permissions and/ or forcing ads down our throats. so much respect for that approach. the only way for devs like him to get paid is through our purchases of their paid apps though. since 99.99% of us couldn't make an app if we were paid to, it's unreasonable to expect others to do it for free.",5,0,1.01h,2020-08-15 07:18:18,Thanks for your support :),2020-08-08 01:02:39
gp:AOqpTOHpb7CaKcPWP6wVhCJXFhgdn4bddYvdedSe_L0uRg3mYh1wpoxE84Rsuk7sUEUVMj0kWUpGHD21m9y-dDI,Ch3Tyr3,https://play-lh.googleusercontent.com/a-/AOh14Gg4OxUZOsyeircziAeCeR4R_Ue9dLp_Re8SaYmx,Very good game,5,0,1.01h,2020-08-08 11:50:24,Thanks.,2020-08-15 02:05:47
gp:AOqpTOHrDOXZb4jSEj8ywq2dTBazsox41bjfeQVoEvdpQVQ0I94hYVNs0WlRO6zl3cWCV5PzjM-KskLw7LSPqhQ,Deadass A Rock,https://play-lh.googleusercontent.com/a-/AOh14Gjl1AgTLqBqZ2oTYRoVzAo0bxNPYt5tZJb7p7BT0Q,I very quickly got addicted to this game. I've always loved tactical military games like Rainbow 6 And Ghost Recon and this game is like those games but from a top down perspective. I love it!,5,0,1.01h,2020-08-07 23:39:21,Thanks for good reply.,2020-08-08 01:01:24
gp:AOqpTOGHzoiBcLo9zG0_-E7L8X_S3usGkSZBiXmsEwrlTiuGfO__S_Xi-zE_gt3vzybSkpdL6aEr3uJPIOSsKoo,Gerniswer tv,https://play-lh.googleusercontent.com/a-/AOh14Giri3YzujuYLgaazAbWB5KIq_pMFmupYAz60oQ1,"I love this game its the perfect swat simulator on the store, but i think it could have a little more objectives than the onse right now, but other than that its a really great game!",5,0,1.01h,2020-08-06 16:24:50,Thanks for good reply.,2020-08-08 01:03:27
gp:AOqpTOFLPQFjDLgxznhr-SbiU23H-5cJimwpZFDjj4w58DDMhFQGZS4ZPoFGBbNog15o5BsgPGxjw265nG09MPI,Henry McCabe,https://play-lh.googleusercontent.com/a-/AOh14Gjo1eKbahKptjILHIkF35AWRXMtAyxsyaPZNy0G,"Its a great little gem, and a perfect time waster, has a few problems though as the AI can be pretty stupid sometimes which can be easy taken advantage of on occasion so tactics go a bit out the window. There's also a lot of items that have different names and similar uses so it can be a little confusing early on. Great game, especially for one that is so cheap! My biggest complaint is just with the editor, it doesnt warn you that youll lose a level if youve made if you dont save before testing",5,0,1.01h,2020-08-03 05:38:37,"Thanks for reply. I agree, it can be very annoying. I'll try to think about some solution of this problem in next update.",2020-08-08 01:04:28
gp:AOqpTOGCF45EIbf_RgHoZde8huNb8qSXT881SKLVh0CA6JkLeoeJWE-J16yogmlxerAYdqDUu_zwqVryd0MQtZg,Stick Hud,https://play-lh.googleusercontent.com/a-/AOh14GhBr7q5pgLC_9PP0uUOIB8Mb5UttF7jRLrZMFgj,Tbh u should have to pay just for free version. This game could be ported to pc on steam and it would still be great. Only thing is that i found a glitch where a red stickman can sometimes glitch thru a blockade on a door. Pls fix but this game is still the best mobile game I ever played (right in front of milkman karlson) :),5,0,1.01h,2020-07-27 20:37:01,"Thanks for good reply :) 
About suspects walking through blocked doors: that's interesting, I thought that I already fixed it. I'll check it out again, thanks.",2020-08-01 02:11:28
gp:AOqpTOE4zPpZB3ldUIcNzFCK9RZV9kf11NAWkNOPBw7uiCPPd3w8Yynzb327_JCahXVTyI3OSlpyBPlsHXuN4bg,Hannon bendall,https://play-lh.googleusercontent.com/a-/AOh14GgHL1w9JZrek8BRhWSFGVZw62JuxFk4jOgwDGu-ASo,High quality just not well known,5,0,1.01h,2020-07-26 08:21:43,Thanks.,2020-08-01 02:11:40
gp:AOqpTOEfxVMJ3ipIYg9vfkNv54my-8e8RKhu1tG-QpArMoOeuY7c0w-QSYrzhOE4asFsQaSTPoBoYYE2ngtavbg,Bing Bong,https://play-lh.googleusercontent.com/a-/AOh14Gjg_ExJNTey4k4ZWpI6_GOvdqFifjIqjw6DozK1EA,Ad multiplayer?coop?Also add a go back to editor button when you are testing.I was making a map and forgot to save before testing I beat the map and then lost everything I worked on.Can you add a button where you can control one SWAT/Spy with buttons?like a joystick button to move around and a shoot button and have 1 half of the screen aim the guy and the other half move the guy.Also allow us to edit what the SWAT/Spy has for a weapon(fists included)Also make suspects/spy/swat attack with fists.,5,0,1.01h,2020-07-23 09:41:01,"Thanks for reply. Multiplayer would be nice but it's really hard to do, so I can't promise that. About 'go back to editor': I'll think about that (autosaving the map on launch should help). I thought about joystick controls for single unit and I am still thinking about it. The problem with is that it requires landscape screen mode.",2020-07-25 02:49:19
gp:AOqpTOENPlSoWmwY5VdBe_MRKMcsNH7hqkkeOEzrPuym3TY29Isnp4-wqiCTJwGz-T0y8NZdcDGtmA_6vZoWFqY,Brent Sanders,https://play-lh.googleusercontent.com/-otPhGSWF1M8/AAAAAAAAAAI/AAAAAAAAAAA/AMZuuclHKtiQzZI9cx4zK9qq-f9fzpNBTQ/photo.jpg,This is a strategic app for arresting bad guys and using unique weapons to clear rooms and save the day!,5,0,1.01h,2020-07-23 04:59:19,Thanks for good reply.,2020-07-25 02:49:43
gp:AOqpTOHVnQ6usdnLh-Njz-B_cQJvsHaNK2UjCAAn8-WrPlfDAwakeDGFQlCjH746pe5GcmFzAxe3PI8ykKgWcyo,Daniel Hambraeus,https://play-lh.googleusercontent.com/a-/AOh14Gh0ItZu1hcC1do6TisyG2OWTfT8i_Ank01Z66LKdA,Unique tactical room clearing game. Fun,5,0,1.01g,2020-07-22 05:50:33,Thanks for reply.,2020-07-25 02:50:27
gp:AOqpTOHqzMZ4RKmiB_HUzGa7CM4pkVeAiDDJZ9E2Gl-_P86dTHl7j3EP8rBSl1kjFLCENpUSZidpDoHWBG8Ic38,Leonardo,https://play-lh.googleusercontent.com/-l24wIIYzQpQ/AAAAAAAAAAI/AAAAAAAABPY/AMZuuckO2Is8_ruaIrN5PJYRSE98UzRXVg/photo.jpg,It's such an amazing game to play during a long flight when you don't have internet ( offline ). I just spend all my International flight playing it! Edit: I loved the new update that show when a SWAT get shot!! 😄,5,0,1.01g,2020-07-18 13:52:39,Nice to hear :),2020-03-21 02:36:00
gp:AOqpTOGVCYphyqwmd2ZyQo5Q4naqmQwXlti2-cP2amUc3kZWJ83s0xr-7Z_u33k8DFkjFkUMMNa9MBL2VITJcW4,jeancarlos rodriguez,https://play-lh.googleusercontent.com/a-/AOh14GgTpx3nHowrS3Ix_SvFVV4MU-yQbI0sYBxmjoJ6,"It is a great game but I found it to be way too repetitive. I like the premise of it and the game is unique but playing this just made me bored and frustrated at the levels but don't stop that from discouraging you from playing this or buying the pro. It is a great game for people that like unique strategy but it wasn't for me and if the dev is reading this, then I just want to say that you have a good future in videogames :)",4,1,,2020-07-17 10:46:43,Thanks for good words.,2020-07-18 02:09:52
gp:AOqpTOGYdOiDx7kTJli5P2OAshsH7zEAKpyE521v7jskIZd2FChcMtT8CW52il3SdVdwqM2GC5KpZ4mjAvpAp1w,poke gamer,https://play-lh.googleusercontent.com/-R4ag7po376k/AAAAAAAAAAI/AAAAAAAAAAA/AMZuuck96EV-UP4czJql9kG5E720s0Dyqg/photo.jpg,Great and your welcome,5,0,1.01g,2020-07-17 01:28:03,Thanks.,2020-06-27 00:13:01
gp:AOqpTOG9fk9c0kbupTMo0WIEh56ZWdV5vD89eRyqSRP2HI1vMnQQL2fPBhuhobDm9IJD-a_2MaLDBW4MC-scNUw,Star Storm,https://play-lh.googleusercontent.com/-C91fznw57pE/AAAAAAAAAAI/AAAAAAAAAAA/AMZuucn-KQUCr92R6jLbkb48z9N_F_3Kfg/photo.jpg,"A clean and simple game that is actually worth spending money on. I loved the free version a lot, and wanted more, so I buyed this to support the developer. The controls are good, the concept is fun, and the execution is phenomenal. Not all good games need to have complicated concepts and art, and this game proves it. I also love the other game, Achikaps.",5,0,1.01g,2020-07-14 19:04:35,Thanks for good reply.,2020-07-18 02:11:10
gp:AOqpTOEwquFq-BTg9jeuvuHmkcxiA6IuT46-7mcFTRNcwT4n3jctntB-qpcJpkMOI3A_DYQyRK3IHfXOoO_FWvg,Leon Poot,https://play-lh.googleusercontent.com/a-/AOh14GhnD70gDXrB-15txG6bNEgW1Gh5R_n4MBzufuYNlg,"Very clean, very enjoyable. Yiotro seems to know what he's doing.",5,0,1.01e,2020-07-12 17:38:01,Thanks.,2020-07-18 02:11:24
gp:AOqpTOHUuCeEd1zr9FXvXb37OgOIEkvkl0H2E1Wu7y7XTRhqQB-eBetKPCz9TLG2-R1HlVyzJwX7fCNVOfAz_mw,Rocky Tanujaya,https://play-lh.googleusercontent.com/a-/AOh14Gjn7E_UlOo0U_DydKQLA5fkKKb-n4BbJu2fhcBA,"This game is simple but fun and slightly challenging at later levels. Really, the developer deserves money. The level editor is also a great feature, however, i would prefer having more flexible objectives that we can set ourselves. This game is essentially perfect.",5,30,1.01e,2020-07-09 02:37:20,Thanks for good reply. In recent updates I actually added ability to manually choose goal type in editor. If you want you can email me (yiotro93@gmail.com) and I will provide you more details.,2020-07-11 00:20:48
gp:AOqpTOERut-tvD3fH_cUPNISKAfxzCjl_3Ww-IF8drrf199nuE5EdH_3tzb0sGTFjIgfEjh_3-9SDuhFMgg-1J0,Jonathan Carr,https://play-lh.googleusercontent.com/a-/AOh14Ggto-OKg5IFnCF1axxvd3vGwp45xqk8eQ2bcUrZyUo,"Great game, great developer. Well done!",5,0,1.01e,2020-07-08 20:07:59,Thanks.,2020-07-11 00:20:55
gp:AOqpTOG9pFrdpujYVyDhy5khMviW7_mhAiYWEJ9_kT7OcIc_MUBL4LVBkC_k3LP1BXvNS33bRSISLePD6rBFF8o,yeet in2 action,https://play-lh.googleusercontent.com/a-/AOh14GiZjb0iu3okmoUM9FqWXTFIiKJIwQKtYC83lJ94FQ,"It's very fantastic. I moved from the free to the paid version. You guys should add an ability to tell where arrested civilians and suspected should go instead of staying in their own rooms. Right after they get arrested, armed suspects get alarmed and that ruins the stealth.",5,10,1.01e,2020-07-07 14:25:30,Thanks for reply. I'll think about that. Currently the idea is that you need to use blockers and plan your route strategically to use as few of them as possible.,2020-07-11 00:22:47
gp:AOqpTOEW3Q0BrujqswOQkt156lTP6oZcrcFkBy52f89XMQSq6Eo3X9eFW0ng-dQHbDGguSZ_9mhiKZ-BMO53mdA,Arjun Venkataraman,https://play-lh.googleusercontent.com/a-/AOh14GjgtOlgWeyzDlyGuhKzdEr3mbBM98jIYPORLuA5bg,"Very well thought out and designed game. Simple control yet complex gameplay. I brought it on a deal, regret that. Worth every penny. Highly recommended.",5,0,1.01e,2020-07-05 09:08:38,Thanks for good reply.,2020-07-11 00:24:38
gp:AOqpTOGcDpufWa4FSYsHPwKmzV912BZiF8v1phZ5Zjp6KpqNfgvga4Bz5I-m0Vjtn2KhoPrqlgzzy_4ROOdu-qo,Ashish Ranjan,https://play-lh.googleusercontent.com/a-/AOh14GisPNh5gBNHchj_rS4kzJRQfkT-cTyniNq1lTv9zQ,This is the first game that I bought on store. I loved this game. I wish few cosmetic changes. But overall it's superb👌🏼,5,0,1.01e,2020-07-04 08:31:16,Thanks for good reply.,2020-07-11 00:26:18
gp:AOqpTOFfEWF23TJABMlr25eiH3d9zuWO1pTDv2pUisWcMeRCXBwAEUVaK-FARnEGKcdb_RR9H3iWV5JnYKTcJfA,Jarvis,https://play-lh.googleusercontent.com/a-/AOh14GiBtt4Pv_MVtuXCdVXmVYaMp5C6b_Hec6l523DdpQ,It's so good!,5,0,1.01e,2020-07-02 22:18:36,Thanks.,2020-07-04 00:38:24
gp:AOqpTOE_iA_Oud5V_JS9PPwXEjwmp-62nTMc9qQcIjURCV7zlNOe3BbOUvY9apvUPrDXDM4GbZdIZLoJ0zeqlBE,J,https://play-lh.googleusercontent.com/a-/AOh14GgoiesbYh8_IyWVKfWNKzgtgoltK5_kVs0UKIHp,This game is so awesome! It's simple to play yet very challenging... I'd like to see disarmed red characters be able to rearm themselves if they aren't arrested fast enough and they can get near another armed red character,5,4,1.01e,2020-06-25 02:55:59,"Thanks for idea, I'll think about it.",2020-06-27 00:12:56
gp:AOqpTOFkUZ6R-BVg2SHEsQxaw9Ug4NzYTanAAWLL88so_ACCURxZXnRbrx4HgDLtteKVQ0gWpSJXis064dDnGbY,Nathan Reichenberger,https://play-lh.googleusercontent.com/a-/AOh14Gif2rUh6a5tV4OXeri6HvWwInQPavgpXNUN-PGKwA,Good game but control could be better. When handling multiple squads there are times where even when sepetated by multiple rooms you have not entered. The units still path through the rooms and die even though you were trying to control the other squad.,4,4,1.01e,2020-06-17 21:46:47,Thanks for reply. Is there a way to reproduce this problem with high chance? If yes then please email me (yiotro93@gmail.com) about that.,2020-06-20 00:46:35
gp:AOqpTOGEyD89Y32TMNN9B5il27xXAnTJilZgiMMRMm9ZrVBuoJawZQdqmQIGiTLwwUWEeqsvNamsPaalxosWS8E,Patrick Munoz,https://play-lh.googleusercontent.com/a-/AOh14GgdaYrYLMEAmQHSW2rVrxNjcZ9PN4rwBW_J6ia8,Its nice to play,5,0,1.01e,2020-06-15 11:42:55,Thanks.,2020-06-20 00:46:40
gp:AOqpTOFFDCc6xamecR3uXqMTlrU3k89WVR_jLVw7tQWaY1PE8JhUrHGfKfItRSuzh4zW9iZUd21-ODp3hGfUpts,Janne Korkkula,https://play-lh.googleusercontent.com/a-/AOh14GhQP7JLxfEUboPCUQTXHJJZK4keBkcjzYy2uC37NQ,"Awesome! I'm totally hooked. Great fun on a 10"" tab... Team colours could be visible on the guys and team/member selection could still be improved. Tap guy to select/deselect, perhaps. Sometimes hard to get the right door selected, when trying to storm via different entry points...",5,11,1.01e,2020-06-14 02:08:20,"Thanks for reply. Hint: you can enable 'selection panel' in game options, it will allow to select each unit manually.",2020-06-20 00:50:18
gp:AOqpTOHNL1_JhWRmgmTl2KT_JAuohPlCoAoak3Wc13IJwpyI6UpktVpRcCdTGSZhRNOSx6ZMb7V2g-nP9JwkvKw,Colby Butler,https://play-lh.googleusercontent.com/-QmEp1Xux2-E/AAAAAAAAAAI/AAAAAAAAAAA/AMZuuckzFjU0YnPm0LAKlfqVeFlxWmou_Q/photo.jpg,I love you game but I would like it if whin storming a room you could do the commands shot all in room and shot if shot at for both you will lose points for killed civilians but not enemies. I also would like a game mode where the objective is to kill all enemies. Thank you. EDIT: I improved my grammar that's it.,5,23,1.01e,2020-06-13 10:45:43,"Thanks for ideas, I'll think about them.",2020-04-25 02:34:03
gp:AOqpTOEfO5RTuA3r1BMZcu__92VyL2nQ3xJcNiEAhj_DQmDos1DCucWgwzq59A4O0O-FUQaHnfnrdNaxUjCBeK0,TK 4174,https://play-lh.googleusercontent.com/a-/AOh14GjiosXtv9NpEvgGjzRZTnUHm1LYklz2MEIkjzKq,A dark mode would be nice.,5,0,1.01e,2020-06-09 23:14:43,Thanks for reply.,2020-06-13 00:59:11
gp:AOqpTOEdRjIX0fkdeab7l2liXFPD-BTqPlfZSMLyop1N9t5jb3FNa7O92u_EeH-rlWTFpVNypXIMQ_OIqV0Nwi0,Mike Rossi,https://play-lh.googleusercontent.com/-_yUp0RuV0Aw/AAAAAAAAAAI/AAAAAAAAAAA/AMZuucnJToyU0Ec58GcHRzrRNcs_QV2uHw/photo.jpg,"I love the game, but maybe you can add vents or jump through windows or toss grenades through windows? Or add a juggernaut or armoed enemies? That would be so cool!",5,2,1.01e,2020-06-04 12:25:31,"Thanks for ideas, I'll think about them.",2020-06-06 00:58:26
gp:AOqpTOGg0WLKt3FEQ8oSeWT_LAdpJaznmNP8DNd1ee8BDd0LJLRM07Hy7iJQ5O5PU9mwaK0fqS2kKFsJ89AuLhI,DemonWolf 69,https://play-lh.googleusercontent.com/a-/AOh14Gh2AFv2JTjvjh1h45ESsE5EXMJQJSKUwK6DhHvo,"Amazing game overall STILL really helps me get through quarantine,and then they add riots and protests to the mix,if you think about it our world is being destroyed even more before we even fully recovered",5,0,1.01c,2020-06-02 23:12:10,Thanks for reply.,2020-06-06 00:59:16
gp:AOqpTOEZ15PvPEmcXNk_rAdmGRWVBiifiz9qprHhsee6PilhCIG5LQIeYGOqRrie5TgEI6nC3ZO8n7owSt6q8CE,Anton Davis Skjoth,https://play-lh.googleusercontent.com/a-/AOh14GhOzr8NZqumdia8MhDsGe-keQhx52iv8tnhiriA,"I think it is a really fun strategy game. But I have now tried to make several different maps under the editor and every single time it has crashed. But although it crashes, the creator has been really good at answering back to the gmails and reviews he gets.",5,5,1.01c,2020-06-01 23:13:34,Thanks for reply. Please email me (yiotro93@gmail.com) about this problem. I need more details to be able to fix it. Do I understand right that it crashes only when you're trying to launch it in play mode?,2020-05-30 00:48:37
gp:AOqpTOFS8oVad17fEMzuv1cSL7WWGzQ75S3TBv0Gc1UoobJEUTkWMyCV_MTAMvb_cKdnzyleg20rb56X63Kmxuc,Luke Martinez,https://play-lh.googleusercontent.com/-h-aEDLVjTVY/AAAAAAAAAAI/AAAAAAAAAAA/AMZuuclqsIceoDUj7_GlzsfhwaQwOvP2ng/photo.jpg,"I love gameplay, the campaign seems to have had a lot of filler levels but they weren't bad in terms of decoration Overall the editor was a must have featur like in most games, I'd like things such as immobile SWAT cars that deploy 6 SWAT units, I'd also like different types of swat similar to the suspects' variety",5,3,1.01c,2020-05-31 19:10:05,"Thanks for ideas, I'll think about them :)",2020-06-06 00:59:50
gp:AOqpTOEIxbHsDY2sTdi53a-H7S87GxIzqriqFMvbiJAgKdr1XRq5RByU34r-GxEmmDGWQnoo0tK8qTwcZ8ZNzgw,Lumsly,https://play-lh.googleusercontent.com/a-/AOh14GjIOiMG6Ro5F4gRK3zDmIzEU4nvwAmtJJq2z6sa,"I genuinely love this game thanks, I'm more than happy to buy the full version, thanks for the game! ❤",5,0,1.01c,2020-05-31 16:21:29,You're welcome :),2020-06-06 01:00:23
gp:AOqpTOF4AB7ddZNwHFqDeLWFMOhl-Xw3mo3PX-peB7HkjJeK2jIgoN3exE8rAGhG4xLcJ73mUjj2ZXfw-9gzEnk,mike z,https://play-lh.googleusercontent.com/-ASLPJliWyd8/AAAAAAAAAAI/AAAAAAAAAAA/AMZuuclVr-1AaLJoB89eBRcscRDV3nmTuA/photo.jpg,Awesome!,5,0,1.01c,2020-05-27 15:01:08,Thanks.,2020-05-30 01:05:17
gp:AOqpTOF4DPltutP3U-9RRIq0NAjTQqVhIHfMPRDK_jDo9CryTHoCkTn4QLvXhUwcGdVSHlwfTYnXRKPZQyWVkTY,Something Horrible,https://play-lh.googleusercontent.com/a-/AOh14Gj7L4cri7sG2XreSDYBAlFZ-8fB8F2XAK0CS6M4qA,Good only problem is the map editor it's too finiky and I make many mistakes making a map it could use a undo and redo button,4,2,1.01c,2020-05-26 07:42:55,"Thanks for reply. Yes, I plan to improve editor UI in nearby updates.",2020-05-30 01:05:50
gp:AOqpTOF_rI6hM2KnKb26YD7iSQxh1HrdNKq4n1Y4_-GkrVYjG16x0gAt3qYjzvk688sqDR-euCGXxQZwqyfr2Rg,PznQ,https://play-lh.googleusercontent.com/a-/AOh14Gjvm91YsriMAVbyXoH7gGTa7X584yyEEqVBaT92QQ,"Amazing game. I rated the free ver the same. The editor is amazing. But, how do I publish levels?",5,0,1.01c,2020-05-24 09:04:26,Thanks for good reply. You can send me (yiotro93@gmail.com) the level code (press 'export' in editor) and I'll add it to the game (if it's good) :),2020-05-30 01:08:11
gp:AOqpTOEs0IcL2FFsxJfgZPvrwYZ2kwVqHUlupAZ5NOJFQO7NnEZGz8_yK4TcnG985t8_-wSMt7mvT8tg8FP5qmw,Paul B,https://play-lh.googleusercontent.com/-8CWxeXQoElA/AAAAAAAAAAI/AAAAAAAAAAA/AMZuucmxsyAw_W83h_tUITjhI_IGYygoAA/photo.jpg,"I never write reviews and I have never bought an app. With that said, I bought the pro version of this game and I am writing this short review. Bravo! I love your cryptic named games. Antiyoy is another favorite. Thank you!",5,2,1.01c,2020-05-19 06:26:54,Thank you too for your support :),2020-05-22 05:00:40
gp:AOqpTOEHHANyL9LsXRw7kGD9cARcWdAFocCE-eNsd8T6DrSadhNj1r1dMufV9PMS09Dj4v5TOw-YgnnDvcc3dSQ,Zai Gal,https://play-lh.googleusercontent.com/a-/AOh14Gj1L8BiIMZsUalL6VgefjbPQGg-YZ6YQNqoa1L-0w,"Hi again, great game. But how do u play the investigation mode? Updated: noted. Thank u.",5,0,1.01c,2020-05-10 09:04:43,"Thanks for reply. I recommend you to check out level 24, it's a tutorial for this game mode. The idea is simple: you have to collect clues and use them to detect which suspect is the one you're looking for. Also, you can email me (yiotro93@gmail.com) about that if you want.",2020-05-09 00:35:45
gp:AOqpTOFI8uRQR_8t6DjTkceLK2mYCDJdOWG8t7d5P9h4S4fczNjOi_p-wtW5_CPo8zHK5c3PZRGOfa3aNCETKwY,kool56 Dec sec,https://play-lh.googleusercontent.com/-xFEtPZWnzyk/AAAAAAAAAAI/AAAAAAAAAAA/AMZuucl6Sx8yRKSv8-LOVCyJIUuF0s7olQ/photo.jpg,Great thanks 👍,4,0,1.01c,2020-05-06 08:50:00,You're welcome.,2020-05-09 00:33:41
gp:AOqpTOFArMc9IW2O6CNu8ID9LF2Wi8SX3wL1o0nmtPmOfU7LvldGj6zaOQRzrrPPp4ltWAYVj8d3NEw8P6wiVss,Pons Materum,https://play-lh.googleusercontent.com/-PATleodRMVI/AAAAAAAAAAI/AAAAAAAAAAA/AMZuuclREA24H8VCRLSokTI3WohruZ9r8w/photo.jpg,Great game!,5,0,1.01c,2020-05-04 01:57:49,Thanks for reply.,2020-05-09 00:35:50
gp:AOqpTOHwev73_J-7Zq9TZvxmNApglBKKFiGaN7Xd_ZMYDrWLl3u5VqZ7lkSUi_hMdzdqwv609JOdVr9jYy4OvSM,Devils Conquest,https://play-lh.googleusercontent.com/a-/AOh14GgBPmlDcfBEyq4ApwkBDshpJS52T33tCPUAx8KX,ABSOLUTELY AMAZING IT IS THE BEST GAME I HAVE EVER PLAYED ON MOBILE!!!!!!!i really recommend it for people who love to play game's. BTW is there a finish to the mini games? like can you win them?,5,0,1.01c,2020-04-30 17:24:34,"Thanks for good review. No, these mini games are infinite :)",2020-05-02 01:35:12
gp:AOqpTOHCxo08G1EBWYCo8zjYA_4K4bFRAQnobJHbFN_CEwCAWtEzxOyXzUI9af3asDVDtwHBCDj8khoETiBhsb4,Connor Dyer,https://play-lh.googleusercontent.com/a-/AOh14GiY1DpqifaRpCpH7WSGqGzXLk78gfltHvD9HOwI,"What a game. A simple premise, infinitely replayable, no hidden costs or ridiculous grind. With a great random level generator and a campaign with difficulty scaling, this SWAT style game is great fun. Having an editor is just the icing on the cake, allowing for easy creation with auto and manual placement of rooms, units and furniture. This game is brilliant and I hope to see more!",5,21,1.01c,2020-04-25 09:54:21,Thanks for good review :),2020-05-02 01:37:41
gp:AOqpTOGtmRst5INsgmg1fsyXT8xLwRB7P34IkaPhpziJupLDeFPf2nN7ZNbZQLVMdyCkVgQJ8u43lDD2DVKDOLM,Inferno Hellfire,https://play-lh.googleusercontent.com/a-/AOh14GjpWRiYu8H0x85SWElgyM1DwfRwNVmEXBrn-zdCXQ,"It is pretty impressive not gonna lie, i feel like it has the potential on becoming not only a Swat/Spy simualtion, Like adding maybe suspects who have melee weapons wich would bring a lot of new ideas for user made maps such as zombie survival, suspects who have shields that could block incoming frontal shots from the swat/spy forcing the players to have another swat/spy go around and kill/shoot from behind....anyway overall in my opinion it's amazing!!!",5,7,1.01c,2020-04-25 05:51:26,"Thanks for ideas, I'll think about them :)",2020-05-02 01:38:23
gp:AOqpTOEi5PkvyURBzQumalMV1GsyBh7pJ3PIvPGCzX5faUFNB31mAFqZgU4hVpWK5DyPJn-_D7A0Pum5h-aLzhY,Aesthetic,https://play-lh.googleusercontent.com/a-/AOh14GjpldlPPbnvPOtQnQdVV960Ylho-UBtAf-rA5LXFA,"Great app a few ideas you could implement though, -Use the darkness of rooms as stealth -Be able to take equipment from enemies like grenades -use walls as covers",5,1,1.01b,2020-04-21 02:30:30,"Thanks for ideas, I'll think about them.",2020-04-25 02:38:06
gp:AOqpTOGG4MfuQVDbBTph2WybqYLY68iLK6Qbl_Qj5xbcOkQHqOOTbLFDSJ25j-HnUR5LG5oDv5pmItjZnsXbQh0,Richard H,https://play-lh.googleusercontent.com/a-/AOh14GiejJBaokLqHDqb23JapUJs_9iAfFfHLYnkrj7SPA,"Great game, great developer. Look forward to more Yiotro games!",5,0,1.01b,2020-04-19 08:56:00,Thanks for good reply.,2020-04-25 02:39:06
gp:AOqpTOGk2bTUDuV5XAQlNlx2vOQ4gpy1EJx19M3TJ-OPNcQVsiCFs0T3px9rimHbbNiduHhVqxcWQRhhVoURPAw,Hayden Shirley,https://play-lh.googleusercontent.com/a-/AOh14GhwbP-NTywOsWoU2bkeRgSjYz7ELsSAdUbcPj1uIA,"The game is really good, but what is better is that the dev doesn't cram ads down the players' throat.",5,9,1.01b,2020-04-18 20:45:00,Thanks for good words :),2020-04-25 02:39:25
gp:AOqpTOEPgW385EiEKXCIV3T5LE-2zi6ocVv9PRjaMgV42FHKjnVKptoHHWkNFv81ZL5mUl4-rh_b7eTNnr9bnWY,Martin Weiss,https://play-lh.googleusercontent.com/a-/AOh14GhZDGMiE0UGIgNKGEUMKgSMH5Q4rQYEaGcnnoOy,Fun strategy game. Great developer that doesn't force ads down your throat. Happy to support.,5,6,1.01b,2020-04-13 05:18:09,Thank you.,2020-04-18 03:46:21
gp:AOqpTOE3UYsQBadFvd76dOA4gBXY0pUZzFpEf1PnGTiw5DN1AguD8w_BXyG1w5s3wO38_VrSGMYlGwvP6Z5qR9c,Arnold D'Souza,https://play-lh.googleusercontent.com/a-/AOh14GgF7sOZV3aro47gvrOcimMkSXYP-d1NGt-Q3hbq,"The enemies and SWAT team can make use of ammo/power supplies and secret routes as a surprise. The ammo supplies can contain different grenades, rockets, guns, sheilds, etc. The power supplies can be used to run different appliances in the arena/room and darkness and obstacles can be used to introduce stealth. The secret routes may include tunnels, hidden doors, trapdoors, etc. I have been waiting to play it in the multiplayer mode in the SWAT team. It can be better.",4,19,1.01a,2020-04-11 00:57:30,Thanks for ideas.,2020-04-11 00:41:21
gp:AOqpTOGf92LCXz1lzb-4Kl5IyQULBX6k0RRDz-DEcLyD-RkjaLq_eEz5cn9ixeq6Y8DILUiEEd8hYhV8UAy4cqU,Deadteam Jako,https://play-lh.googleusercontent.com/a-/AOh14GhKfZk9567os8k4okW1Hcy2Ui32Nzwkd3axeQ8XNg,"Amazing game, stairs to another floor would be epic as they're quite quick rounds.",5,0,,2020-04-07 05:41:57,Thanks for good reply.,2020-04-11 00:40:54
gp:AOqpTOG072asJSy301pB5HoLPGtuiNJqRKbU0unL6C-hecW3JmaTyhB1-kQi7s-eFk3WfKPbzuh7esdnj_z27ek,lighteningbull7,https://play-lh.googleusercontent.com/a-/AOh14GiPmWROPKeBMzG-bwZPe4sT62EN2ZOrQU0FPLGk,Great game with no ads even on the free so I thought help on of my favourite devs out and pay some money to support him/her,5,0,1.01a,2020-04-03 04:19:45,Thank you for your support.,2020-04-04 01:50:07
gp:AOqpTOGCur_VjwJPap06JDl9l2u_6EZEmrYrBjAC3rNO6mgtxSiZ1mAkr7mh-6tFGDk-9fop66WeOTpJMA4dM3M,Scott Chandler,https://play-lh.googleusercontent.com/-w451jEWvu1s/AAAAAAAAAAI/AAAAAAAAAAA/AMZuuclKT2kuEKnBBSC-kwVEa6L7Mboyrg/photo.jpg,Liked it so I bought it Reminds me of swat on the pc. Really great game. THANK YOU,5,0,1.01a,2020-03-31 14:59:46,You're welcome :),2020-04-04 01:50:17
gp:AOqpTOHRMHI5ytSoLre-SUbN58wlNOUvd5MLFGAmW0JasYtliY-ZiRXNSnSuZiJUxX2XZxjo1yqphnDWYFSvqpI,Haga D.,https://play-lh.googleusercontent.com/a-/AOh14GgGovLq3ozlszIJ1ewpc_GTqejqd_zu29w-OrFVZw,Great game. Btw how do I remove scripts in editor?,5,0,1.01a,2020-03-30 23:12:08,Thanks for reply. To delete a script do this: 1. Tap on it. 2. Delete all the text in text field. 3. Press 'enter' (or any equivalent on your keyboard).,2020-04-04 01:51:30
gp:AOqpTOF_GjPguWgVTIZOyC4f8NjV25rLpH6f3ratKdOlJ7IyLrHgTB3mPzmuV_N6eGJY7O3SV1g7ZLVum1UFqnA,Chris Rigol,https://play-lh.googleusercontent.com/a-/AOh14GiPKLObgPaDA3GozKcfvj_0g9xaLym33bUrIGoU6A,Great game keeps me engaged. Fun way to pass the time too. Developer is quick to reply.,5,1,1.01a,2020-03-27 12:36:26,Thanks for good review :),2020-03-28 00:50:48
gp:AOqpTOEcmZOheMEHL1deOmm9rT3562SetZYqPkoRk3BJxhnBGF868xhd3kk49PkCs7mFxtmnGZKebaa9vI2wq1s,James Fuller,https://play-lh.googleusercontent.com/a-/AOh14Gh6cNxGesMjylNDTS6xPQ4s649h2EznQr8Mcg2r4A,Violent game that involves strategy vice microtransactions. I enjoy this. I paid for other games because I like this developer.,5,0,1.01a,2020-03-24 17:50:52,Thanks for reply.,2020-03-28 00:51:24
gp:AOqpTOFkDBWWquA4eX-F7ULaUNBfMWbVShFlrnAgJikjkxsHZEQmapNG1uNHSjvrB0xYp84YgYdmDihKduZstT4,Nathan,https://play-lh.googleusercontent.com/a-/AOh14GiEO2ah7p7yoWbV4JGCyHm_c0XAtt0I-dxi2uFf,"Definitely a great developer here, I had to purchase Pro to support you! Try the free version, realize what a fantastic game it is, and buy Pro.",5,6,1.01a,2020-03-23 16:31:26,Thanks for support :),2020-03-28 00:53:41
gp:AOqpTOFWV4H3j15uzBrpulTgVOdWGTDTb0mYaHVBLxW-xpy1uDQIeMxjblq1K3dbXQlmy_SuzbAqRdCLhvplxtk,Luke Huard,https://play-lh.googleusercontent.com/a-/AOh14GgdkccMiFyhHtoFaQSkXr0RwwPguD_BNQhVf8bR,"I really like this game. If I could make some suggestions. Bad guys should be able to unarrest captured bad guy. Bad guy should be able to use flashbangs. Different types of swat members might be cool. Overall, I think the bad guys need a buff as they have become easy to beat. Thanks for making this game.",4,9,1.01a,2020-03-22 11:08:44,"You're welcome. And thanks for ideas, I'll think about them.",2020-03-28 00:54:17
gp:AOqpTOHtHpn4kJL8ZTOdOj6Q7tAFbuOUT4XkyQjccmuAyqz48ttQdAFJQX1lg2PnKJBHNsERcir2SXZ5eEtFDEs,Pvt. AmmarF,https://play-lh.googleusercontent.com/a-/AOh14GgxhEdnS2UzX0fwVbrhG_CL0DEjZ0UBKdHMFBS0Kg,I love tactical strategy,5,0,1.01a,2020-03-22 00:43:49,Thanks.,2020-03-28 00:54:36
gp:AOqpTOExVIJFpnASfmO76H4tyUHIKlvG8olR56uCFoeDLorheiSwAZ7UTZ_Mw8oJlHPKZ1maFjzCfLADQ8FTUrI,Xavier Novella Sinde,https://play-lh.googleusercontent.com/a-/AOh14GgZjFSGcFKqK43gQP0woeTDt415qHa29nyFMVj_dxk,"- Ability to decide where or how the swats will position ie writing a line for the first swat and indicat were the other will be. - Ability to divide teams also ability to directly select them instead of having a toggle button red blue all. - ability to tell the direction of view of a swat without moving. - also, can I remove non pro or should I have both apps?",4,3,1.00y,2020-03-19 06:17:46,"Thanks for reply. Yes, you can remove free version. Also, I recommend you to enable 'Selection panel' in game options, this way you will be able to manually select swat members.",2020-03-21 02:34:13
gp:AOqpTOFV1tNTpGBg918u3hRlAN9SVZz5h-vXoKvEBy61lzrdeCVm09FUl6YeS64si6TjP_sAg98eToeEmZkcDZk,adamski234,https://play-lh.googleusercontent.com/-Z6A8K95qlug/AAAAAAAAAAI/AAAAAAAAAAA/AMZuucnDYg_KKhkrHK83kus-qBvTQ5h_BQ/photo.jpg,"This should be the standard in the mobile video game industry. Tutorial isn't too long or frustrating, no ads or microtransactions, just one payment for the game, this is how games should be done",5,1,1.00y,2020-03-19 03:47:32,Thanks for good review :),2020-03-21 02:34:25
gp:AOqpTOEb98QVpVP17zsiy2G15U_L-5F6JqYoAKUG2-xcL4cavrQIVi65j7HdQ_IiNzA9LGmgx2V_eLoyJ0SXeSs,Matt,https://play-lh.googleusercontent.com/-ttiUFOAHd9E/AAAAAAAAAAI/AAAAAAAAKYs/AMZuucl6g2POcMwlcG_iH-yCbVRX1A2iWA/photo.jpg,"Great game, really enjoyable. Even better developer! NO ADS AT ALL on free version, only a prompt when all levels completed for Pro Upgrade. Pro version has even more levels! Very reasonable price, if you enjoy playing the game til that point you will most probably get Pro. Honestly very impressed, keep up the good work!",5,22,1.00y,2020-03-17 11:21:24,Thanks for good reply.,2020-03-21 02:34:58
gp:AOqpTOGg-U5XkJRQ0iwlCW23paQ3NyyPchZp6HeRw3RG6z1YoYaT_BfK_IuXBe4tF_IyKzoOpL48lFLb7teqbEc,Nick Brett,https://play-lh.googleusercontent.com/-IY9pMdWkz_8/AAAAAAAAAAI/AAAAAAAAAAA/AMZuucm9UWIkNa2ufhcKco0jsuEj2hjkZQ/photo.jpg,"Kept me amused far longer than most games. Some of the user levels are even better than the originals. It's nice to pay to support and get the editor, although the extra levels felt a bit like more of the same.",5,3,1.00y,2020-03-15 04:50:57,Thanks for support.,2020-03-21 02:35:17
gp:AOqpTOHfBrtEPvNXM1djz7r6EClwqZTGg-rhab_6yUmpsmdEafF920FdhgKOViBWfYwAWU99Ltv-x7efILXKO04,Keith Primeaux,https://play-lh.googleusercontent.com/a-/AOh14GgRZpSo1JP1K9vtglAJwYmz0m45FNXvv4YfTXdSOQ,"Love your stance on no ads or microtransactions. Wish more designers felt the same way. Please keep making great games: hours of fun, simple graphics, and light on file size, but very challenging and entertaining.",5,1,1.00y,2020-03-14 03:28:03,Thanks for good words.,2020-03-21 02:36:18
gp:AOqpTOEm5Zz2-8yTML0U3v5iV-KsnlAwaW1U6F8d8NqQF8ZVTCDLDSWfPbj6txzui4zxqjeroODHzU0gir9eiGU,Lupe Puente,https://play-lh.googleusercontent.com/-XPawrDNg0r0/AAAAAAAAAAI/AAAAAAAAAAA/AMZuucnkDHrm-Dhr3N5Lxa4UA0Ba0jImEw/photo.jpg,It really is cool but there should be like a shadow mode where its really dark but your team still has a little bit of light following them and lamps give off light and people give off light to and there would be cameras that you can get chught by it would set off a alarm and a bunch of people come after you and would fail and you would do it again. But spys have to disable the security system or rob somthing and exit.,5,8,1.00y,2020-03-13 15:40:19,"Thanks for idea, I'll think about it.",2020-03-14 00:40:41
gp:AOqpTOFPSA9Pm8iQbuFO5Le1jrmwvFVTgQ2wmXXhgvl8p-QHWqGtmPUjVhv5DF5W-L1JqFkAmRQ-P5WFPfbIsQs,Jacob Rispoli,https://play-lh.googleusercontent.com/-oYyZyuU_Tms/AAAAAAAAAAI/AAAAAAAAAAA/AMZuucmNCM-UxQvfjcsypfvka4zbnnSPCg/photo.jpg,"Would be 5/5 if there was a way to see what the new updates were our a few missions to see how the new items work. It would be nice if what was updated could also be seen in the game, and/or the information in the game was more informative. Really great game though! Keep up the great work!",4,5,1.00y,2020-03-13 10:15:29,"Thanks for reply. 1. Just tap on a script, delete all text and press 'enter. This will remove the script. 2. Application doesn't have internet permission for that. After you pressed 'export' you can just longtap any text field and press 'paste'. My email is yiotro93@gmail.com. 3. Icons are different. Pro version has little red line at the bottom.",2020-02-04 09:41:07
gp:AOqpTOFOpAHptckdoZyb4XWg00e5dALG7_bK2MtJhM66ssfrdE_NQRbdebTvDLEQIMHplWem_Kz7KrfLhWfUsbE,Karl S,https://play-lh.googleusercontent.com/a-/AOh14Gh3xdWYpwXLNuf2q9UrV-ZFrtxVnLt78vRUALxYmw,"Another game from my favorite mobile dev? Take my money, good sir.",5,0,1.00y,2020-03-10 13:48:11,Thanks :D,2020-03-14 00:42:16
gp:AOqpTOHw5nYfIj6J0enw2iPHEGZurDKZH3lzT3zw81GEnM9fVMkN5dScQ8bLU7LxR72jAyeYcesjqoV1XMqNrEc,Sam Dyer,https://play-lh.googleusercontent.com/-fZ3QYv5tIZs/AAAAAAAAAAI/AAAAAAAAAAA/AMZuucmaH2kajNejMbPil9iFCKGQtqhjyA/photo.jpg,"I think this is a fantastic game, it thrives on its simplicity. If possible it'd be nice to see the addition of being able to control two squads. I.e. Two groups of 2. Would allow for another layer of tactical thinking. Could cover yourself better or even storm rooms from more than one door etc.",5,0,,2020-03-09 14:16:58,Thanks for good reply. You already can do that :) Just use button in bottom left corner of screen (to switch selection) and 'wait for signal' command to sync two groups.,2020-03-14 00:46:34
gp:AOqpTOGfjq0KpGue6cLBS8YZbrj3SxttY2lva9nOjjjewoRHbwZVdN37e1aIr5KDWIOTQ6ojjKIxFRHV5DbEU7M,Atinesh,https://play-lh.googleusercontent.com/a-/AOh14GgmMw1OVRRljzvUKuG9NcEVLodXIIbxgBkmrXjz5A,Never thought such a small and simple game would be that much entertaining. Most importantly free version is kept clean from annoying ads RESPECT 🙏,5,0,1.00y,2020-03-09 13:30:49,Thanks for good words :),2020-03-14 00:46:56
gp:AOqpTOFASX_njF6CylMizOL0e4fUaz8nDqvjOjLl_r0rnXunFL8focenNSs5nrCK8cbynb_TkNTQNdhzqdQGnJg,Zippa713,https://play-lh.googleusercontent.com/a-/AOh14Gjk-BJRdFsFE252SKH37PUskKX7szEce6p6eHemLg,Awesome game. Simple yet complex. I just would like to see a better title?,5,0,1.00y,2020-03-05 10:46:06,Thanks for reply. What's wrong with title? :),2020-03-07 03:08:36
gp:AOqpTOESVzVA_V3W62Jl1TP_bEMvPeKtGCqiFANw7Vh9fcPcHX9MH_B8DoAT1-s4kgW0VSQbY_vItp7r_IDf0f0,GhosTy AmaZing,https://play-lh.googleusercontent.com/-0-U24i_RBSM/AAAAAAAAAAI/AAAAAAAAAAA/AMZuucnfq_jNFZwxIt6CVxSYwsZUecfgdQ/photo.jpg,I think this game is really enjoyable but adding some real weapon sound like silenced mp5 would be greatful.,5,0,1.00y,2020-03-03 18:46:02,Thanks for reply. I'll think about it.,2020-03-07 03:11:20
gp:AOqpTOGZnNr3V5VfZ875vYx3bvOjcBoRZ0jrHzlt70Fu0vZEeOirWWhgEQ5aqvESDuKw_OvKmDTFKYHNROYRX9U,Redfox here,https://play-lh.googleusercontent.com/a-/AOh14Gh-rgqwo-o-2dBLC_6t5_L9KEP-l4kBSRu6efnBYg,"This game is actually pretty fun, I kinda got an idea for an update after playing, there should be moving enemies, audio can be heard from them, but are immune to 1 stun, they will fall, making them stop and be visible on the map, I hope this idea becomes reality",5,6,1.00w,2020-02-25 22:30:20,"Thanks for idea, I'll think about it.",2020-02-29 03:15:01
gp:AOqpTOEy5RKgmr9lQN7K8IXTz5-X8SAtGPiTGZjsivW93kzzzV16UIy0bK0Ffu5P5-g6vadCA9DzvFcX6XhzNZk,Jon Amburn,https://play-lh.googleusercontent.com/a-/AOh14GiftGEdrXN6AomKGHgQP8_kSGuwLcBow-lXipEGNxo,"THANK YOU for making a real game. No microtransactions, penny pinching, predatory tactics that exploit human nature, etc. Very fun game and dev is very responsive to issue reports and other gameplay enhancements.",5,0,1.00w,2020-02-25 20:00:48,You're welcome :),2020-02-29 03:15:17
gp:AOqpTOHWjU7-rVl1nc4bzAXcF4ZIf7s9713V05wquVGCt-rn1bOaJsXij965Mdh8eMwWUGiwDAAMk5Ec79A3ZwE,iammale34,https://play-lh.googleusercontent.com/-Cf49KVBvBoM/AAAAAAAAAAI/AAAAAAAAAAA/AMZuuckhJNPkSwoBk5nN6wynLJLAssNeIQ/photo.jpg,This game was well worth the money I paid. The free version had no ads no microtransactions no b.s. So I gladly gave this man my money for a good game with a relaxed approach to enticing people. Good work dev. I will be checking out more of your stuff. 😁,5,13,1.00w,2020-02-23 15:55:24,Thank you for your support :),2020-02-29 03:18:46
gp:AOqpTOElSexyTelK5Qg4pBIEej9UDE3mEdpGBKtxujt0u0MCLE1PCz9yYxT2PFWzyrGALiUtF9irPEPW3OvBWG4,Carlos,https://play-lh.googleusercontent.com/a-/AOh14GjLM4319YyK_sBOq_kONjeCScxPvFg1eJZftUDT,"Great game, strategic but fun.",4,0,1.00w,2020-02-23 01:05:56,Thanks for reply.,2020-02-29 03:20:08
gp:AOqpTOF6EBQDRXYforFPhQ1uZ7zd8tffrQ0XSYlWEJ2J9B0LwmDT2SnY8hLo9NNM78ZjjmTvwbTkAKaLTVr0vWg,Phil Smith,https://play-lh.googleusercontent.com/-sgrjx0_j1tE/AAAAAAAAAAI/AAAAAAAAAAA/AMZuucnkaWs8CdYTj_y_-L8Kq5IDRa4H-w/photo.jpg,"Amazing, one of the few games I have gladly bought to support the dev...I grew up playing the SWAT series of games and this a brilliant take on that genre! I highly recommend this game to anyone who likes a real tactical simulator but with a fun graphical style!",5,4,1.00w,2020-02-20 12:43:51,Thank you for your support :),2020-02-22 02:29:00
gp:AOqpTOGQfJIslHaxPbPVUm7IrwYgx2xlTgh3TQDAl7YcbhSSXf9bwp921jNI_4g5E1m7UpiWS3-2vhPuPRN8PMw,Jordan Presley,https://play-lh.googleusercontent.com/a-/AOh14GhE58_whNXIIj56ZCTGeOwHD8-9z1oWpf9Q4Vpklg,"Update: works It's fun enough, however I get random crashes when trying to storm rooms occasionally. Sucks because this didn't happen on the trial version but I purchased and the first paid level bugged out on me",5,0,1.00w,2020-02-20 10:27:01,"Thanks for reply. I'm sorry for this problem. Please update to latest version, it's already fixed.",2020-02-15 03:12:35
gp:AOqpTOFUwiUvfOqSbESdgNTjuVuxlEYlAXBoy1PrDmBPrnxKvxA80iXwQJc0CjFgTg0wcDEUJj7_fsCVNIDEzp4,Jorge A. Aguilar,https://play-lh.googleusercontent.com/a-/AOh14GiYOhws49t1TxoDHAfn9i12Io_kFqNJaY_YbsqOBQ,"Played the free version, loved it and bought the Pro version",5,0,1.00v,2020-02-18 13:34:47,Thanks.,2020-02-22 02:31:03
gp:AOqpTOEb5TDjyRMz0haEFkX5ww8olFQQW84TVR7fOwDaDmFcHkv-zK_0w_ksfaLzutF54l-Xx6YmbIc6CSiHFoA,M E,https://play-lh.googleusercontent.com/a-/AOh14GhqmWS9owPO8kcIi-hy9uRNEa0NheYN5fA3dCgoJuI,This game is exactly as the developer described a very simple tactical game (with a few Easter eggs) I appreciate the ability to edit and the thought that was placed into this game. Thank you.,5,1,1.00v,2020-02-18 03:21:50,You're welcome :),2020-02-22 02:31:17
gp:AOqpTOFftQqku8PjIVE7BppdOF47xxKsuAWwCY8gFdWA6_ijUFY7U0jafxyHHfiAL7FPFdrDdBBh47xRo_5E-C0,troll review,https://play-lh.googleusercontent.com/a-/AOh14Gi3VZi6Ipu4NJFq88AE_0uLv5kg9XA9LF7Yqr0jiA,"I love the editor. It is fun to raid things like homes, hospitals, maybe even military bases that i make.",5,0,1.00s,2020-02-15 11:36:31,Thanks for good reply.,2020-02-22 02:33:59
gp:AOqpTOE_1JOEvq4HQ9m9aQOyIHxaYr9FlVXlr8iVVKw7zhEvsjSbQPDBE8keG5s2Kf-d2Z9cOz8iF9F5ga7ef-g,2zd2YKkat,https://play-lh.googleusercontent.com/-ISr0s464Vnw/AAAAAAAAAAI/AAAAAAAAjMs/AMZuucn5BakMwHhGIoamQdntygh4H3IpeQ/photo.jpg,"Hi, thank you for the game. I came to the part in vodobanka free where you remind the player about the work you put in to it, so I bought the pro version. I thought that you deserved it bc you dont put ads and trackers on your apps. I also love antiyoy and several other games you made! If you keep it on, I will be here!",5,3,1.00v,2020-02-13 11:40:10,Thank you for your support :),2020-02-15 03:12:01
gp:AOqpTOFJhW3mj3sqCIYUVohM_cFrqYsmc9mDqPAatPD3hWQBocuLeiSga9u1npnTlD0O6xbzZlkgg0w_wMBqoHc,ouchymytoe,https://play-lh.googleusercontent.com/a-/AOh14GhhOm14ePN8cR1FXOM9GBQX-_g0_HPkf4UhjKo,Excellent value. I'm happy to support this developer.,5,0,1.00s,2020-02-09 17:47:29,Thanks :),2020-02-15 03:12:48
gp:AOqpTOEAxbvJbmszfRo-ls_LulFMhDtKmMnsaSnkCrLQwx2czuaKzFAiF8IfF8xyeU1diUpFrW-V8x6eVbxCWf8,Jacob B.,https://play-lh.googleusercontent.com/a-/AOh14GgHtnoGNdx5N0fMEAlX-AEwUY3t-2oZmaWn3iyP,"Bought this solely because the dev decided against including ads, and seems like a cool guy. Thanks!",5,0,1.00s,2020-02-08 12:19:05,Thanks for support :),2020-02-15 03:13:05
gp:AOqpTOFvy84UuGl3k6z7UGDcILKAG33ZdqHCFxn-36Lp6VI-QlKFcdDulTcfV5P9sgbyLYRpiqX-UJ2c4U2Xtrc,Tom Ireson,https://play-lh.googleusercontent.com/a-/AOh14GjC46gXlz5PHrPK-3cUKwwWhuKoSUo3a-2yL-BXbQ,"Excellent game, takes a while to get really challenging but enjoyable puzzles on every level that can be approached differently every time",5,0,1.00s,2020-02-06 12:57:50,Thanks for good reply.,2020-02-08 02:09:22
gp:AOqpTOFOlCq2DRniirnM6WqN8ptzbN2yEfqljHxUX8Ii-7ShKpjgf5Umcf8ukY_XtgAH8Wh0FfmGkKix_Ophnjg,Sunny Leung,https://play-lh.googleusercontent.com/a-/AOh14GhZGwf-hwZnxLlNpJHRbMd_EHfIG7jewHaCYkm0AA,"good concept, hope the controls are simpler, I suggest tap twice and hold to bring up a circular manul, reduce tap.",4,1,1.00s,2020-02-06 07:17:37,Thanks for reply.,2020-02-08 02:10:04
gp:AOqpTOFIIuN-VNSzGppFJoaP_iaB3xJoP1rNgd5Ggv33ftHI5XtCHv2PxFJGQ6WciW-T1mz9CQ6Ql5-3M8SENOo,Ben And Bon,https://play-lh.googleusercontent.com/a-/AOh14GhmqQrutJO054tSa7JxU0O7jBZ9lvEu_Z8SAn5pxQ,"This is such a great game tbh and I just downloaded this cuz I was just trying different games and I found this. I hope for more content and yeah, keep up the great work. I could suggest though an ability to control the Swat completely like where the SWAT will shoot cuz hidden suspects from the sides really kill me.( Gun options for SWAT too like suspect) This is a game worth sharing to my friends!",5,1,1.00m,2020-02-06 05:51:16,Thanks for good reply.,2020-02-08 02:10:58
gp:AOqpTOHKslODxF_-Y9Ttm_lncIZkpysv_ZVP0rkUotCJxwHElPFDWgWdTcMvFwdle-hcadTDYRPj3nPTCI4O8sY,hm,https://play-lh.googleusercontent.com/a-/AOh14GjZ4hUEUDCfHZW06BUcvhyRbyctTjgovh69rVvAAdg,"Played the game, pleasantly surprised by the lack of ads every 20 seconds. Found out that there was a paid version so have my money!",5,0,1.00s,2020-02-06 04:09:49,Thanks :),2020-02-08 02:11:13
gp:AOqpTOFUDVevkPWmrQSbONpFLf9Us1UeLMZ15cmWELn-CJ9_Mnm4H9leIr10Ot3jeF5cPG9GklS2JG9eJTPwb1M,Simon Branton-Housley,https://play-lh.googleusercontent.com/a-/AOh14GhtgrPVKLiXi6hGuIB92rH9dFty4ZKqitUtFEFERg,Another great game from Yiotro,5,0,1.00s,2020-02-05 10:05:20,Thanks.,2020-02-05 11:45:44
gp:AOqpTOFeEnvS_wkO3_f6af6sY0O53wkxIcsJ2hs9cStefWcAHwyJn3AHsabvdBpl6V6QSiuGBZPrCbjcmCfQqRI,Zachary Beals,https://play-lh.googleusercontent.com/-qezRAQ_g0c8/AAAAAAAAAAI/AAAAAAAAAAA/AMZuuckYQj5sdJGRQhyIDtGWjvryFvjtpA/photo.jpg,"Great app, responsive and great dev",5,0,1.00r,2020-02-05 05:56:50,Thanks for good words.,2020-02-05 11:45:52
gp:AOqpTOHRqXkGOqo24o7PZnZE2rc5NIK3652bYfLAvvg16YiGGpSQeK0vr9uwVu3KWSa3H9MwHRo5J9iyqu_r5iY,Alexander Shmanev,https://play-lh.googleusercontent.com/a-/AOh14GjtXYKc_k2gOmBuA2ixJYrqXkrYvNC9SSQ1wX7ufA,Отличный таймкиллер. Баги первых версий устранены.,4,0,1.00p,2020-02-03 10:29:49,"Спасибо за отзыв. В игре такой потребности возникать не должно, но я подумаю над тем чтобы в настройках добавить возможность вернуть старую панель выделения.",2020-01-03 11:33:24
gp:AOqpTOEpgcJ8GjIaVP9Kr65gkHUz7SbDwII7mKXJbSQrFX4NnfLVSBb0vvD-4BjxgUFsXKiZYKVWNaNzE3eE3gU,Mikhail Vorontsov,https://play-lh.googleusercontent.com/a-/AOh14Ghzios8zq4jOk5DvU0MZ9uHn5HmAiLE21F62wYbKw,"Pretty good game. Does exactly what it offers - no changes to the core gameplay but more levels and a few tweaks. After exploring every room you now get double speed to arrest everyone, but this just shows the dev is aware of this operation being a drag, doesn't make it more engaging. Missions are now colored red green and yellow based on how well you did. This is nice as the ranking has some slight meaning. Level editor is quite powerful. More campaign works as expected and plays well",4,15,1.00p,2020-02-02 09:00:31,Thanks for review.,2020-02-02 09:21:28
gp:AOqpTOE1KdNVf_kqaa27mO3H2lMdvDbxurCE-Npz0XA3hNh7Qe0ag_NWwI87awQGEeK981Ni6aEjcmNp__Dp1pI,Jason Martin,https://play-lh.googleusercontent.com/-8soeJmoG4Gg/AAAAAAAAAAI/AAAAAAAAAAA/AMZuucluCN2dtSwCSGUGQFWptNZtCIcWgg/photo.jpg,Excellent fun tactical app,5,0,1.00m,2020-02-02 01:54:41,Thanks.,2020-02-02 09:19:32
gp:AOqpTOErfmujOViSOxhnpFiVlioxawUH9zN8fo-w6te37rYF4WoLbO1qZ7Ywu9E49uP9qofNiDAz7jcePDNsq_s,Lenin Xavier,https://play-lh.googleusercontent.com/a-/AOh14Ghu9LOhcm4OuSF9G6yy8EEsad-HpLv1XpLBpiYjWQ,Such a fantastic game. Only thing to complain is could not make SWAT team to look at our desired direction.,4,0,1.00p,2020-02-01 00:17:30,Thanks for reply. You can long tap on a cell and choose 'Check spot' to make swat look there.,2020-02-01 02:07:11
gp:AOqpTOEHh2064EnI5v9GacGa_PkfbxAzBOPyafLaA0_B_-dzv5hBULZshu2NcmiBwAtiVTeTTTZ8CMc1ecjc7Qo,Ovidijus Šidlauskas,https://play-lh.googleusercontent.com/a-/AOh14GjrT5W7TKR2pZe_9TrSQLY4SAa7cuNYd6kNK3veOg,"I like this game. In my opinion, it could have some week chalanges, in which you competitive with other players for best result. P.s. you make great games!",5,0,1.00m,2020-01-30 23:07:00,"Thanks for good reply. I'll think about your idea. It's kinda hard to implement, so I can't promise that.",2020-01-31 05:22:39
gp:AOqpTOG_twBzOJrfMFVfvVNl52-eTWdsAugB_X6Gw9V54xtzgGUN7DMS84efWSghAR9enyTYmQb6Gdz2OLWeVd4,chris golchert,https://play-lh.googleusercontent.com/-Ks6oyONF-qM/AAAAAAAAAAI/AAAAAAAAAAA/AMZuuckPZLfi8S2-TEnoRgwxBTwE7VK2-g/photo.jpg,Bought for the editor. Editing was ok but would crash EVERY time I tried launching my map. Got a refund.,2,2,,2020-01-30 15:45:52,Thanks for reply. I'm sorry that you had this problem. You could have emailed me about it and I would fix it with update.,2020-01-31 05:23:52
gp:AOqpTOHPVxUyH5Wwy-x7413uBBfvkfmM4HM-4Jf0Yi6pi69Ibnt-STjfLG6tXtGsnaPAPGeJsp2TYgfTKH_Sbbw,Josh Baumgartner,https://play-lh.googleusercontent.com/a-/AOh14Gg5H75rC0okIeLmUu-4mn1K4qxgsYetSQSoePcv,"Another win by this developer, clean and simple design but engaging and enjoyable!",5,0,1.00k,2020-01-29 19:40:59,Thanks for good reply :),2020-01-31 05:30:53
gp:AOqpTOHYzQIQxnz7hDNBopdIQW6kOG3ngS4HHkxduqo8vAAvjL0yc3OPKTE6tu37-BaQOBnlPODUb_TvKoZ0AkQ,Patrick Arakelian,https://play-lh.googleusercontent.com/a-/AOh14Gg1AxO0bv1xQwOzeTWffWLRkLUHVvGaUmKP_yaypw,"Simple and as tactical as you want to be, fun little game when I'm on the job site",5,0,1.00k,2020-01-28 19:14:18,Thanks for good review.,2020-01-31 05:32:40
gp:AOqpTOGHwqVsR2UX0SRWBppYu_ocjvFnhOPDQG4a4KjKCVTEDI8T4JvOeHoZtryVLeL_wpNPl8c9pd59j1V5dc0,Vidhit S,https://play-lh.googleusercontent.com/a-/AOh14GgZtx76Ch-AAX5XkUIDHaTcKwQM0d48EfnGFDHjow,One of the best game ever. Great work done. Thanks for making something this fun.,5,0,1.00k,2020-01-28 11:10:59,You're welcome :),2020-01-31 05:40:02
gp:AOqpTOE4AdcEQrUP_p5pk1b6Xf_ADR5OAh8VEs2C7qTj_BmAf7m8hN12x7UIM18_sspqj91LKQdM1QZ-2gp-OzI,kachow,https://play-lh.googleusercontent.com/a-/AOh14GgDriyebMnWSRlCcL1ck9cU4oh9nOoCk-MYGE5QpA,Just buy it. So tactical like swat 4,5,0,1.00k,2020-01-27 12:32:15,Thanks.,2020-01-31 05:56:29
gp:AOqpTOGqITNoJyoghMJFkhiyz6-fiWdyDuDPyDYyY7kwElSCvsbbnNAi4I3eylBfUj-RFZg-fH8kGrqx8zME9yI,Dusty Black,https://play-lh.googleusercontent.com/-AHqfLwcK0kM/AAAAAAAAAAI/AAAAAAAAAAA/AMZuuclx7x-Uf3p44Gfz7ITe-70DrsyBsw/photo.jpg,"worth all nintey-nine pennies and then some, my absolute favorite developer :)",5,0,1.00k,2020-01-27 03:59:34,Thanks :),2020-01-27 11:30:06
gp:AOqpTOED95yhKVbo0RujloPxo6mOHteQYuEEvZusg8G-bmBMFFahJTufIgeinq3zeas0YT34eDr9e9qcNuLDB-k,Ady Greenhorn,https://play-lh.googleusercontent.com/-YLWefFTBR9A/AAAAAAAAAAI/AAAAAAAAAKg/AMZuucmg1HsB5iN_mj3wE6Myu96yJZhpNw/photo.jpg,"This game Is extremely fun. Starts off easy, but does get challenging. Very well executed game. I recently payed penny's for a few more levels, and an editor option. This can be a little difficult to use, and could do with a little tweek. But well worth the money.",4,0,1.00k,2020-01-26 17:45:41,Thanks for reply.,2020-01-27 02:00:25
gp:AOqpTOHAoMmnhJyNh1SWU4J9t4up5JvbSaznYZSFHlIgEA9SjqBikwd1cAK7yiW_CZ3_vHHcyy0-xXp7XTgdtDw,Samuel Littlejohn,https://play-lh.googleusercontent.com/-n1m_K3kGR6I/AAAAAAAAAAI/AAAAAAAAAAA/AMZuucm9z6AYy4hemc0PafxLy6yo4bUG4Q/photo.jpg,"awsome game! only things I would like to see done to it in the future are maybe swat member auto watch the closest door to them? some kind of gold aquiring system and upgrades you can buy with earned gold to improve your team such as faster movement, maybe armour. also it would be nice if after a level and you select ""arrest all"" it would just instant do it so you dont have to wait for everyone to be arrested",4,3,1.00k,2020-01-26 13:43:36,"Thanks for reply. Thanks for ideas, I'll think about them.",2020-01-27 02:04:05
gp:AOqpTOEM-X7aEOj3PkP1hTbQaoShqQ9b4rVqR-qClB4J4cAuO4hCukigZE4WgoQf3JF6Toqq3p123A8DBe1oxwY,Mike Kogan,https://play-lh.googleusercontent.com/a-/AOh14GjnSj0oYF1-YAlvApziNIyjnKy0gfL8ACkW4SyNgg,I really enjoy this game!,5,0,1.00k,2020-01-26 13:29:10,Thanks :),2020-01-27 02:05:43
gp:AOqpTOHZHATbbkm6tQbFMgN75DANvNtinM7nxypf4OKMWuQV6-Y7yw7TbHbK_O_qHZnMJi9fRhwBQIlqyj6sdZ4,Toaster Bath,https://play-lh.googleusercontent.com/a-/AOh14GhlQ3lZmuqyPE2AaDZrp8Bvz5u4ohqhE5jTpFsFBA,I really just bought this to support the developer for making such a great game.,5,0,1.00k,2020-01-26 03:01:18,Thanks for support.,2020-01-27 02:06:14
gp:AOqpTOG9qeDE-zC_T2q5sD0zLyVK9jfUzO9eh93oOB8__LNL6CkDj3LVieTkkXfoqfQ0FVly72E9OGw0v1iSa3E,Jorge Velez-Ramos,https://play-lh.googleusercontent.com/a-/AOh14GhtrMgyvDYBgizjqEpy6LgSjGEaPEOKDrMBBzM3OA,Simple and entertaining. I really like the new Wait for Signal command allowing to sync two attacks.,5,0,1.00k,2020-01-25 17:52:36,"Thanks, nice to hear.",2020-01-26 01:58:28
gp:AOqpTOHZ0Am0r8MLPrylU-y5pSwANe-pAP-2B5-JFGSuEc4V2xk8gj1juQ6mci8-KlQabzmgkb9maOPXEAxcSoI,Bruce Gustafson,https://play-lh.googleusercontent.com/a-/AOh14Gi7sxXvL74c8DbOrtUQyVQ6QBJEzkg6u9aItPEnun0,"Excellent Game! Played until the free levels ran out and the happily paid the .99 cents for the full version. Fun game, great replay value, make your own levels, all I ask is for the dev to make more games!!!",5,0,,2020-01-25 16:01:02,Thanks for support :),2020-01-26 01:58:00
gp:AOqpTOHGDaywUh9NKJ5Kx1-i9cabg9V1wwoi3xVAV_PbLwW23ZoljdTc7_r2R2w1CSCecV78wnvxAmHznKuYOos,Echo Zero,https://play-lh.googleusercontent.com/a-/AOh14GgNXBXz6Xj_fXywLiGWGW2G6BeryrbQtN_XAgvG,Love it! Great CQB tactics. I was searching for a tactics game like this for awhile now but couldnt find it anywhere except Doorkickers.,5,0,1.00k,2020-01-25 12:26:14,Thanks for good review :),2020-01-25 15:10:31
gp:AOqpTOFsZNnrqkiyMjlB0z-6TFMLBy7rvxMv54q_QIQUBIuqnu7jOqbBkJvlg5ifhue3IytxJnwPhrkLDm4d7tM,Vinicius Medeiros,https://play-lh.googleusercontent.com/a-/AOh14GgVOSLdILE_U_HDhb8wtUdudMh37HTYc7_qIeCL,"Just uninstalled the Vodobanka, because i acquire the pro version! Congratulations for the very cleaver game. Greetings from Brazil :)",5,0,1.00k,2020-01-25 05:37:17,Thanks :),2020-01-23 12:48:25
gp:AOqpTOEtdyOY2jtXKG_cUxWAaGFxSnOLN5NwyuN1g3I7G1WegG0t0sGojPuhjzNSobN95-ds5NdsOeLxyMiqe0U,Gerard Thornley,https://play-lh.googleusercontent.com/-Sw0AO2STWFE/AAAAAAAAAAI/AAAAAAAAAAA/AMZuuckaRvxL8eElY7_JvbvT5fbMMwBqgw/photo.jpg,Another good one.,5,0,1.00k,2020-01-25 03:20:51,Thanks.,2020-01-25 08:36:22
gp:AOqpTOFN6kRq10xKpH0jtqChHXVHWKrP-v4dB4iuHi3hIPyW8E4BqQhtbVo_FN5pIKo5TytdebEVeTzcX1PkPAM,Fajar Winmoney,https://play-lh.googleusercontent.com/a-/AOh14Gg4EULbEqs0-y_OSJuQM7HkIQMfXlWD7fWWMGkW,"Very good game with very reasonable price, even the free one is very good with no ad. Simple mechanic, easy to understand, nice graphic. If u like the free version go on buy the paid one it worth every penny. Ps. How many space rocket grenade efective range?",5,0,1.00k,2020-01-24 02:47:08,Thanks for good reply. Rocket grenade affects everyone who is further than 4 cells from explosion. The idea is that you have to use sho grenade or scarecrow to get units in one corner and then throw rocket at opposite corner.,2020-01-24 04:21:51
gp:AOqpTOEzDZmRvArv9-NE8tY352yJLHobKngKMkokGIhrEyMqqmicnj_NqV4WXN3jwpa3vm8Yw0F7fEqT2jg1V7Y,Михаил Субботин,https://play-lh.googleusercontent.com/-yqpWNi7Z1Pk/AAAAAAAAAAI/AAAAAAAAAAA/AMZuuckYelhAzPeMmI3i9fY-KS9ZEhxieA/photo.jpg,"Ты чертов гений, я купил все твои игры! Более того, ты единственный разработчик, у которого я купил более двух игр!",5,0,1.00k,2020-01-23 08:58:23,"Спасибо, приятно слышать :)",2020-01-23 12:50:50
gp:AOqpTOHXZW573wY6gp32s_6jgkVGBiV4ZL-ad1jxRS3GTxolIf3cxVyTZGOEtp3X5StiU5ump0eb1JzSfjAHNG4,David Z.,https://play-lh.googleusercontent.com/a-/AOh14GiPDh4YMYTCkROARKMxWJ9A5wIjqU-0KlWsIYzIqw,"Doorkickers is almost too hardcore for mobile, this keeps the good parts. Love it!",5,0,1.00k,2020-01-22 21:39:20,Thanks for good reply.,2020-01-23 12:49:37
gp:AOqpTOFoznXifQUpx5CTvV_Wg7XI63Vd2CVnUoHONabDxCAcMDZFjCFFItpYqtbDdWCiy3yJYLEVtvYrqrzZKw0,Raymond Weiand,https://play-lh.googleusercontent.com/-fC6eijNhDts/AAAAAAAAAAI/AAAAAAAAAAA/AMZuucnExzBG2k_J5oc2Z_8LJRYYxe1WDQ/photo.jpg,"This game is a lot of fun. It's simple, good AI, lots of free levels, and no ads. Played for a solid hour, uninterrupted, before undecided I had to buy the full version - and my progress carried over! Very pleased, kudos to the developer! I look forward to checking out other games in the future.",5,3,1.00j,2020-01-20 18:27:10,Thanks for good review :),2020-01-21 06:45:25
gp:AOqpTOHFWtWowtP5r4FxApBUvYuT-N3uPFlYyD_yJuGAp7OLJ-3vWRMZSTr6pyTsUfqrouVnNsv7VI1eFNNPGQg,DxG 6767,https://play-lh.googleusercontent.com/a-/AOh14GgT6Te0oUvZQnuAHC20_1VoUwVTcJp764PVyJD1VQ,"Yes but you still haven't fixed the swat shooting bug, they sometimes don't shoot when they stand still, even if they are 2 blocks away behind him or beside him, other than that this game is very smooth 10/10 really cool I wish there was more Grande's and gagets like a drone that you control or idk something like a drill to shoot trough. (also thx for the response this is a very good game! Also take inspiration from other games like rainbow six siege)",5,5,1.00j,2020-01-19 13:42:05,"Thanks for reply. That's sad. Main problem with this bug is that I don't know how to properly reproduce it, which making analyzing it almost impossible. I'll try again, but I can't say when I will be able to do that.",2020-01-19 01:47:16
gp:AOqpTOF_jP7VWGkxCKPePuI_ErJCNSutVu-cek_wobt4J_3_jpmv_BaZ7gNYNoBktm2zV6U3RhIIOtW6NSig4OU,Schweppes Original,https://play-lh.googleusercontent.com/a-/AOh14GhRCQx63fYzAE4PsdtT_56w9tgQN7J26QNrDIxrmQ,"This is my 1# favorite game for Google play store because of the simple graphics, easy controls, and fun gameplay. One problem I have is that my SWAT team might not shoot the suspect and all of them die, but overall I like it. I've played doorkickers and the problem with that game is that it feels like a game I would play on PC, not my phone. Only reason I got the paid version is because the user made maps are bad so I want to make my own. All of his game have no ads and free, that's a good deal",5,2,1.00j,2020-01-18 08:58:42,Thanks for good review :),2020-01-18 12:21:34
gp:AOqpTOGGc2H0aJC_vL-0FWwgCvmaWvY6XNqn2cS5kOEnh91lGlt2XK1Uktgef0vl4378RNT8oCBqNlhl2JFb1eU,Victor Sanchez,https://play-lh.googleusercontent.com/a-/AOh14GhmXhduKiLNUIgWcrKnPVQEy0_bC0KFJ2NcmHPI,This game is so amazing. Only thing I don't understand is how to give suspects weapons in the editor. Otherwise great game.,5,1,1.00j,2020-01-17 10:54:35,Thanks for good reply. To give suspect a weapon just tap on him and then tap 'pistol' icon in left part of screen.,2020-01-17 12:20:22
gp:AOqpTOE-nF7ezKkLGHOB1hGHXM3XKcDky5D6pdSFaB0HcxirRe1poqUPoOr04gbHGnnYsuLATD9zD-7alcFSGOU,Emily Johns,https://play-lh.googleusercontent.com/-eHY8oAbdodg/AAAAAAAAAAI/AAAAAAAAAAA/AMZuucmo4HXdA0kgCL6H1rhx_ikBkJ1knA/photo.jpg,"Enjoying this game! After the update, it fixed the bug I was having. Yiotro, keep making great games!",5,0,1.00j,2020-01-16 20:26:06,"Thanks for reply. Please update to latest version, this problem is fixed there.",2020-01-15 07:18:20
gp:AOqpTOFYSkmDnNN3C1d615rwBzGVnFyRkYDC8jEISOHR07V_m-M1xO_04Zh0UP4wDEExpOj3xSl6H0GODOBaB6U,Top Cat,https://play-lh.googleusercontent.com/-JaoZwV6-sIk/AAAAAAAAAAI/AAAAAAAAAAA/AMZuucmPmyjBNEwS5orIu88owOwv7m_3Wg/photo.jpg,I never buy games (bought this one to support you) but I love your business model no ads and you deliver brilliant gameplay and I've enjoyed your other games they are the ones I keep playing..,5,0,1.00j,2020-01-16 15:17:54,Thank you for your support :),2020-01-17 02:17:35
gp:AOqpTOEcnDVYC_zF1La1BWGen0wNXJ8fPJc3cnfOAeaHk98jnru7Svbwb5D65gtzPJaXJ6FvdFryg-gpT54QFkA,AllHerosFall,https://play-lh.googleusercontent.com/a-/AOh14GgLXe2kYyc2h-HNxulRhAaG_mHElfyZaLkQ9671,I love this very simple game. I even bought the 1.99 verson. Thank you for the great game,5,0,1.00j,2020-01-16 04:47:07,Thank you too for your support :),2020-01-16 02:34:42
gp:AOqpTOF0E4JCbFz_-Ia-2cuics7MpAmqrWDNaeqKTz-2AyLisJRscNKGP40j-jZxLcyrDs7Tiu5RicEdo4c2eT0,Charles D,https://play-lh.googleusercontent.com/a-/AOh14Git_ms48g3BJ9cQLjqBDZmhgaqEtRGP6dBJStCpYA,Love all of your games. What program language do you use and what engine/compiler do you use? Thank you!,5,0,1.00j,2020-01-15 21:12:40,"You're welcome. I write my games in Java. Also I use libGDX framework, mainly for graphics. IDE - Intellij IDEA.",2020-01-16 02:35:04
gp:AOqpTOHX3eOT01Em2emIN5BjO_XGwHw1vRps2-zm5_vPVekk9cOX9-sq4JfqzwC0DthFAQjcw069AfzAuVfwxCs,Shelley Sutton,https://play-lh.googleusercontent.com/-DcQ8wPd6YsM/AAAAAAAAAAI/AAAAAAAAAAA/AMZuucmNkUoWbpmoWad0OfBxH5BAjkGbvg/photo.jpg,"Fantastic game. Simple concept, yet endless methods and hours of fun. I very rarely (and I mean at most once in any six months) pay for an app, but this is more than worth it. I echo some of the previous feedback RE room clearing (perhaps individual positioning?) Can't wait to see this develop into a perfectly rounded game!",5,4,1.00j,2020-01-15 16:47:32,Thanks for good reply.,2020-01-16 02:35:36
gp:AOqpTOE7BIoZCpJ0zgf7RBYWyNVubP2RSq3r0UGIp70Rhh5nz8xCvVvqZbUTTNgCYn0BZ4o_Dir0fnPTpkLYFUo,Chris M,https://play-lh.googleusercontent.com/-KEqRBHikwLY/AAAAAAAAAAI/AAAAAAAAAoQ/AMZuucm_E6of2iWklooL0VPBJZIGTLagCA/photo.jpg,"What an elegant SWAT game, for appearing seemingly simplified it actually has the majority of mechanics I look for in a full tactical game and a decent amount of gadgets; a few quite unique and what caught my eye initially. I'm also a fan of the quick game mode for having a little something random and unexpected for a fast session, alongside the quite extensive campaign for what appears at first to be a little game. I also appreciate allowing me to outright pay you for your game instead of making it some ""freemium"" thing or the like, this is oddly rare on mobile. edit: What I thought was a bug was just a bit of misunderstanding of the mechanics, maybe should be tutorialized a bit, it's been pretty smooth otherwise. Simply great fun. This dev really loves what they're doing, bless their heart.",5,17,1.00j,2020-01-15 12:55:53,"Thank you for good review :) 
I would appreciate if you email me (yiotro93@gmail.com) with more information about that bug.",2020-01-14 13:08:38
gp:AOqpTOFI291vnHretGuE1ttPACZDYgjtvsiFRzKdnInF_KmKZ--b7CHKT7QOuuGpppGCD0flQlz2sv_vYYm30VM,Matthew Bradley,https://play-lh.googleusercontent.com/a-/AOh14Gjj4Z-cXPyGHluyKVG02EqsnjbUCjT4ZYzXF3AIc7c,"Like ""Doorkickers"" but simplified and much better suited for mobile. Similar strategic depth without the finicky movement route controls. Also has some sweet arcade minigames. Sometimes I still get the occasion where 1 SWAT guy and an enemy are standing face to face, 1 tile away and neither of them shoot or move or do anything until I tap to move my guy. It doesn't happen overly often but if that gets fixed, then the game will be practically flawless. Thanks for the great game once again Yiotro!",5,2,1.00j,2020-01-14 21:33:41,Thanks for good reply.,2020-01-15 02:02:03
gp:AOqpTOEids3yrDf4Z3FqeVjF8oUVGLuEcOLF0OiSrB_sjMd0y2govgbp7D-jYqocYtQi53tZRngUCdmfy4dgW_c,Peter Kaplan,https://play-lh.googleusercontent.com/a-/AOh14GhiOmnB8LVwtLvYNIbdACU-VhF2TsuKF8cMy_yzJA,"This game is amazing. It is fun, interactive and challanges your brain in many different ways. The only problem I have with it is that some charachters will not move where they are supposed to go or just ignore suspects all together. Otherwise, this game is amazing.",4,5,1.00i,2020-01-12 10:42:19,Thanks for reply. About characters not moving: maybe you accidentally tapped button in bottom left corner of screen? About ignoring suspects: I'll try to fix that soon.,2020-01-12 13:06:03
gp:AOqpTOG6got25EuZdOnTV5_AKLvaxsxpwlYNDCRRkJ_8k-Bk1t-_LdvmtoQAJKqpzUZRNBYcJg9xRvT0Jd1PVig,Brent Ady,https://play-lh.googleusercontent.com/-nMRJRzJGbnE/AAAAAAAAAAI/AAAAAAAAAAA/AMZuuckZDbVGBvbRsCqy9axlqRdOXNbt-g/photo.jpg,I honestly only bought this game to support the developer for all the fun I've had with antiyoy. No ads no pay wall and no internet required and hours upon hours of fun. This is the only way which I felt appropriate to pay them back. Thanks!!!,5,6,1.00i,2020-01-10 14:31:27,Thank you for your support :),2020-01-11 01:55:55
gp:AOqpTOExLhnD5H386n9qu4LKUezlfAUxOAxPi7jQqUaZJdqBl5saz8dQ597qB8mUIXcwS3JfxCukkRPWU0qH3JU,Stuart Craig,https://play-lh.googleusercontent.com/-hSnCYeCJDj4/AAAAAAAAAAI/AAAAAAAAAAA/AMZuucnGGMaos6KOg8sLXTuJiAzZH8NWmg/photo.jpg,"Great game takes a bit to learn but very entertaining. I also bought it because of Antiyoy. It easily the best game I have played on a phone. Great work, thanks for making truly great mobile games.",5,1,1.00i,2020-01-09 21:21:33,Thank you for your support :),2020-01-10 07:20:59
gp:AOqpTOF99kbSly9_5PzYFBsEfd42xFOq-7fSvl8SkP1ldOHG5iVI31OUpzbYRG4OBkvvGHZZ34RT7RtZ1ivGn3o,Haziq Hakim,https://play-lh.googleusercontent.com/a-/AOh14Gg3RPYeOLt2BThNg0wTDlicJ0WBimD-RAQuoa0k,Very nice,5,0,1.00i,2020-01-09 16:20:13,Thanks.,2020-01-09 10:03:01
gp:AOqpTOFmhjD_WNFPJjFTjJcJiYezWZtAHDJ72Zjxy9Xx64VAr-R1nOFVjqJt1kDl2IoHQNPASHNpMk7ZWjwdbsc,Wayne Lyon,https://play-lh.googleusercontent.com/-_8hnXEP8GFg/AAAAAAAAAAI/AAAAAAAAAAA/AMZuucm1OzKjDjvFa0LuBm5qqy1hN4DVpg/photo.jpg,"I've been a fan of Antiyoy for a few years now, and I decided to give a few other games a try. This game is a ton of fun, but without feeling too serious. It's another quality game from a quality creator. If I'm not playing this game, then I'm playing Antiyoy, or yioFiller. Which means that I never eat or sleep. I'm so hungry & tired!",5,1,1.00h,2020-01-08 20:43:09,Thank you for good review :),2020-01-09 04:58:43
gp:AOqpTOGLFQtKB77CDS_KZFtHEFF9rdH9vRaT8WE2G4m4f-kQpyV7YwEglz_8EnesVmYCUD3v8hdPbwCsEPug1Eo,William Dever,https://play-lh.googleusercontent.com/-XPelmeHdRxw/AAAAAAAAAAI/AAAAAAAAAAA/AMZuuck2HHvF0DNhYgKJwaipCc0U_QmaHA/photo.jpg,Great publisher and this games add to the list of great games.,5,0,1.00h,2020-01-06 20:11:39,Thanks for good reply.,2020-01-07 01:41:53
gp:AOqpTOFXXX94ij7vN2ycMqCC-actnZmHkLoUi_1xTB7cg3htauH8mtAHKM1f-jjLTQpLKJ-_ykpwhYZpyYPLJaY,Gary Hulst,https://play-lh.googleusercontent.com/a-/AOh14Gjji26uiGQRja9f-AzCEI0RMHKoG-p9G7CTFw-2bw,"Love this game! Also that there are no ads, micro-xsactions and any other 'distractions' ... Update: Fantastic response & support from the developer! The selection panel has been restored with a toggle to select your preference. Highly recommend this game and support for this developer!!!",5,5,1.00g,2020-01-06 12:04:42,"Thanks for reply. UPD: Check out new update, you now can return previous selections controls in game options.",2020-01-06 08:15:24
gp:AOqpTOFMIsJFb1ufdB8D_V_m5Ha7Gr8172E8ktTxGBzkoAoIH-NeRUQX0qWLSls0zWvzk7wndPOcDaJG_8jpX7k,Insane Cyclist,https://play-lh.googleusercontent.com/a-/AOh14GiCfENGLfMn7_uezahTTtuqR-qvUiGS4lgsOV1-7w,"Bought the pro version as a kudos to antiyoy and to the countless hours of fun without preservatives (ads) I had. For Vodobanka, it's challenging having to position my units in a way to anticipate incoming baddies through doors or see through windows (I am stingy with supplies). I would suggest a couple additions. Slightly smarter units / baddies in the way they move, look or enter a room. Maybe turn and look towards sound if someone shoots. Shoot sound seems sci-fi (lazers?). Soundtrack!",4,5,1.00f,2020-01-03 10:35:04,Thanks for reply.,2020-01-03 11:35:09
gp:AOqpTOFC23dPL02m7c3Q4utN6aUVbwZ2_2W5RmDu3mKFxYtbnI4oYJ_CPOgJa592B4KA_4Sg2naTcznk9bJANrI,CT R,https://play-lh.googleusercontent.com/-z9uZJZRvlMc/AAAAAAAAAAI/AAAAAAAAAAA/AMZuuckmxSMBo-CUOiCpuO2izUBQ7JxBSg/photo.jpg,"Great app by a really good little developer. Easy to pick up games. I've sunk a bit of time into Antiyoy and decided to support them after trying the tutorial and changing the difficulty up. Also no micro transactions, adwalls or other anti player monetisation. Will recommend to friends too :)",5,0,1.00c,2020-01-01 21:45:26,Thanks for good review :),2020-01-02 12:39:03
gp:AOqpTOGJsXj5Znm6-pBcQEs6gVVm9ze3wqDQ1x0XgUbNz7lc-_2hLY8jM7LCGKvBRO6yNvbtJFjtoC6Tgmd5Drk,e v,https://play-lh.googleusercontent.com/a-/AOh14GhLZqUqECOR32KhgZLK3KSbhPOY2_2izF7yJtp2ag,I loved the classic game layout shared by all the games.,5,0,1.00c,2019-12-31 22:26:46,Thanks for reply.,2020-01-01 01:50:32
gp:AOqpTOFhznxN9RtqgSiOPai07VpHu9jWAgi4rf7NXoWbwDmnP4eWxSvhUtEFWwGzQj9gzavd0jgRwyM1skAz98c,Robert H,https://play-lh.googleusercontent.com/a-/AOh14GiIYsbZom_oNQdWw4jBOLtNTO5lRP71h_kyjIGLew,"There's not many developers I'd be comfortable seeing that there's a new game and then immediately buying and downloading it, but knowing how Yiotro builds games, and seeing the image previews and reviews for this was enough that I knew it'd be great without even trying it yet! Keep up the good work, Yiotro!",5,3,1.00c,2019-12-31 15:55:37,Thank you for your support :),2020-01-01 01:51:00
gp:AOqpTOHoh4YLznCdf5jD_4jm7Lc8S09wf8sSxfl32wogbXKFzCrrs2HUdYmZ3vsGLjY0YGrYxxPNXJFTVs3YhUY,Popcorn Boy,https://play-lh.googleusercontent.com/a-/AOh14GjoEDNwLAOX0Ar_JezYQFw1D0WYqxJu8uKT1a_ZbQ,"This game proves that you don't need fancy graphics to have hours of fun. I downloaded the free version first and got obsessed with it after 2 days. Just purchased the Pro version and I'm so happy with my level editor. Another game I'm obsessed with from this developer is Antiyoy. If play store had a counter of how many hours I played it, it would be above 500 hours.",5,20,1.00c,2019-12-31 12:35:42,Thank you for your support :),2019-12-31 15:23:01
gp:AOqpTOFjmwxQwUN5HWyTh6yaq4HsEEAm4rUCeD0BRgGUFuMLeQCmyRlBpvWCL6yejSPgEhGT4h4hIqTqPd_HJX4,Nicholas Alatis,https://play-lh.googleusercontent.com/a-/AOh14GgmjYNqaKiyrpJepUFbDpLm4YA0S9xEmdzQ7hEi,"This game is pretty awesome, great job! I'm glad to pay for it as I've had hours of fun playing Antiyoy for free already. I enjoy your games because of the simplicity and quickness of rounds/levels. Why I rated four stars: 1. Movement of teams into rooms. Look at US Army room clearing techniques and model them off of that, they would flow much better. 2. I can't figure out how to get them to engage an enemy who runs into the same room. Could the team scan/swivel when stationary?",4,13,1.00c,2019-12-31 07:06:47,"Thanks for reply. Just on tap on that enemy, it will give them command to run towards him and therefore look in his direction. Also, hint: you should use blockers and plan your route strategically to avoid these kinds of situations.",2019-12-31 12:05:22
gp:AOqpTOGElHsZtNMocfN39cyeXomPnBr1cxkH911Vg008uapZbba5XSFbakNfpPGCtLmkFUOKjos_jtvqfQ1vHlI,Ryan Hanson,https://play-lh.googleusercontent.com/a-/AOh14Ghs4hQPzNzBmQvBfLEEB5OmzHFnHW7WBYTMT7tSDw,"Looks good, but it feels way too easy and not sure my ""strategy"" was affecting the outcome. I would just enter rooms full of bad guys and they never shot back. I never lost a guy. Also, I feel like I should be able to control each units position and facing. As far as I could tell, I couldn't control either. The pawns would just get close to the point I selected and faced whatever directions they felt like. I don't think I got though the whole tutorial before I uninstalled, but I got to the...",3,7,,2019-12-30 18:45:29,"Thanks for reply. Default difficulty is very easy, but you can choose campaign difficulty at any point (on campaign screen). I recommend you to check out 'hard' difficulty, it will require some actual skill from you, especially starting from level 8 where your equipment becomes limited.",2019-12-31 02:27:28
gp:AOqpTOF2TVBNGm0k7B7xOSo6AUC-B25jEhqSuxlW32REQX1P3ChzqKpNDm6EFTrb8CXG-YeJ0Ft9FL4OIHTIaqc,Timmy _ir,https://play-lh.googleusercontent.com/a-/AOh14Ggl3OPtAf1em0AQ21KxMdPVAPNp9QzNG7cr9Uu1,Came here from antiyoy one of my favorite games and this is just as good. worth the money. Keep making amazing games!!,5,0,1.00c,2019-12-30 14:58:48,Thanks :),2019-12-30 15:21:49
gp:AOqpTOGLNjIusp_a3HddLjI91eL76rMN_kcQwf-v7AKGPMffGNkFNd5IExT-NXSAfll4QVRl8dpP-lwbHEF7z1E,Bruno,https://play-lh.googleusercontent.com/-_b-TLMbHEMk/AAAAAAAAAAI/AAAAAAAAAt8/AMZuucn1IgaB5-oDlLJZJAxh4NIDxz-c3A/photo.jpg,"I love your games, especially Antiyoy. There are simple, addictive, no ads and clear interface. I almost don't buy games, but this is will be my way of saying thanks, so, thanks and cheers from Brazil!",5,4,1.00c,2019-12-30 12:46:10,Thank you too for your support :),2019-12-30 13:00:22
gp:AOqpTOGsnjovHIZm7CwQRUeqgjk6Fl2VNKPY-3u2eyKQrEzbb2I3CSKilBlXZcpudclKQ8lekeyX3iLUKxSm0Zw,Andy Mikhaylenko,https://play-lh.googleusercontent.com/a-/AOh14Gi56WWCbjMMzKS-18zZIfVOqVZzlDDqVt2ku77lfA,"Bought immediately as a thank you for Antiyoy (a free game by the same author), but this game itself is definitely worth buying in any case. The only thing that makes me sad is the thought about the amount of time I'm going to spend in it :)",5,10,1.00c,2019-12-30 12:20:00,Thanks :),2019-12-30 13:00:57
gp:AOqpTOHrAvAQtvGRwDrqUAu9OD26W8koUCEak7aebXeTl2QUj2NRvaWr1FBIoMutiw3ffEpccfz4rwZWgN4t4Kk,Le Eckbert,https://play-lh.googleusercontent.com/-iffAmzscVTE/AAAAAAAAAAI/AAAAAAAAAAA/AMZuucnyrPt5VBTFjwUXkSlKBz3rP47zyQ/photo.jpg,"It's like a slow and weird, yet totally awesome interpretation of hotline miami. The soundtrack is slightly less pushing ;)",5,0,1.00b,2019-12-30 02:48:30,"Thanks for good reply. Wow, I didn't know that this game has soundtrack :D",2019-12-30 09:35:29
gp:AOqpTOG4fSG8fbh7PltIG1VseMGpQ6ngR9_wCWXhgmDqrRkz6G4Y7vgSf-XC0E-m3H8MXUj0YjHSslRvdNJDLo4,Fred Ahrens,https://play-lh.googleusercontent.com/a-/AOh14GjaBeMP_CH567rJ6LPWfTe98ZwDG-bBlv6OdfX0ytE,"Absolutly love this little tactival shooter. Some times, seems random. The level doesnt trigger the level complete on occassion.",5,1,1.00b,2019-12-29 15:49:34,"Thanks for good reply. Yes, it happens when player saw everything inside one of rooms (through windows, for example)  but didn't visit it. I'll fix it soon.",2019-12-30 01:56:30
gp:AOqpTOFGFSQqYKpLA9pUHJhqW4znvDoGZchcrLMWg-fQIq45o70SPYYxhoETpj7X5FKIMios_d-BqsHdYBD5xu0,Positron AntieMatter,https://play-lh.googleusercontent.com/a-/AOh14GgobUtddx3yK36Uib8H7a49k-MElRszZSEd5W_WQg,Great.,5,0,1.00b,2019-12-29 15:17:50,Thanks.,2019-12-30 01:54:34
gp:AOqpTOHzNp0ZAdV-eNiRXvJ6Y0mM_7kCmyFTHC2vCLfVLhQMipoCchgjRLTQPpLfqngSiT_DXWCYwajKC2h9adc,A lex,https://play-lh.googleusercontent.com/-nKUNdhEFDS8/AAAAAAAAAAI/AAAAAAAAAAA/AMZuuclPllWlN7mI6nkr8vs6XjnvlxFnag/photo.jpg,Got this because I enjoyed Antiyoy so much! Thanks for all the hard work.,5,1,1.00b,2019-12-29 13:44:12,Thank you too for your support.,2019-12-29 13:56:53
gp:AOqpTOHUumK44ijVtwJD2do3KzVgUoEk2iJLvut-fWl9ioh9IKEIjUBxH6LovbJGDDQqBqdFW0GAiafkUNTkEoY,Chandler Boyd,https://play-lh.googleusercontent.com/a-/AOh14GjEbjV9ACewpebxNF4eVQsRQUfmlfKW1fC75NYv,"I have played all of your game's and enjoy them a lot, i decided to actually pay for one as thanks for not putting ads in your games.",5,9,1.00b,2019-12-29 11:46:01,Thank you :),2019-12-29 13:57:09
gp:AOqpTOE2xHrI1QKGVvebNGf5w25DUoOM2I1kebjecCRCHJYUvkV-rXJlaHtGE-FVGTdmDLMVDByX2QIYGraK_i8,Avmituron,https://play-lh.googleusercontent.com/a-/AOh14GgvEWWM5efIJT78vaUQtEGk0LnPyU9ZGlzx8UaE,Good game for small breaks,5,0,1.00b,2019-12-29 05:00:03,Thanks for reply.,2019-12-29 06:48:41
gp:AOqpTOFeMiIB7hiX_ZuKaqsTyt4HDVelmoeJhsP6l5kT31ef0P4OJaC9gVrg-BWPvrnwbfBcl7-x8Sm5gL30AJc,Chad Whetsel,https://play-lh.googleusercontent.com/-gTU8bVjW8V4/AAAAAAAAAAI/AAAAAAAAAAA/AMZuuclClxqcKCpRelU0lh7QM-Aat0KJEw/photo.jpg,"Huge fan of Antiyoy and played most of other games you have developed. Don't usually pay for games, but I am happy to pay for one after the countless hours of ad free fun I have had in your other games! Thank you for your development, I look forward to learning this new game.",5,26,1.00b,2019-12-29 03:05:31,Thank you very much for your support :),2019-12-29 06:49:52
gp:AOqpTOGllb32qOx1o1iD-nPcuLrLsGDQ3kIkEIWEy9u1eLmhV3QbFBJyXsbqI7p_4514zaIzJN4WFi6EhwAbF_0,Mythitorium,https://play-lh.googleusercontent.com/a-/AOh14GitvI7yzII4HU0gDws8IaH-oImCn1yvVFnxioEfyQ,Very fun. (Lol thats all i have say lmao),5,0,1.00b,2019-12-28 14:47:39,Thanks :),2019-12-28 15:41:01
gp:AOqpTOHXxfwfhgKPK2oq-kzifRORJMCnPNssKeWPXpVKGXRC3Q8BZzRsKMaPk66BI_eK6mS2NBcPPZf2SgOy8Lo,Anton Scholten,https://play-lh.googleusercontent.com/a-/AOh14Giqja3XIXgcKz-7j2ldaCSKA_THughmzBFnXDaAZg,"Good job! I like the game, you are very good at making clean interfaces and putting interesting gameplay in your work!",5,8,1.00b,2019-12-28 08:04:30,Thank you for good review :),2019-12-28 08:43:56
gp:AOqpTOE2szehKvYvip8JpH5Kh7SUUacDpchx782JFghSyDvzyZVW1O7JxNtilgQx4qQ4wB9S-aaAaKuv06rWILw,albula642,https://play-lh.googleusercontent.com/a-/AOh14GgbKKPvpuT-vj7RHj_7kGxzVopAvpn4y70-kAfs,Another amazing game yiotro!,5,3,1.0,2019-12-27 00:51:09,Thanks for reply.,2019-12-27 05:27:23
gp:AOqpTOFf0slM4kYhDZA6HE_v0Kq8EZUFFYlmWxqgSW8xVDFPYUdrZ26RV20VuGMG7FyqA0ouRwb16-M5u72El34,Kenny,https://play-lh.googleusercontent.com/a-/AOh14Ggkq9n5yoBV0MSAmWhFbREdlC0p0zdcWYa1WdNBsw,The Gameplay is Awesome!,5,1,1.0,2019-12-26 23:27:28,Thanks :),2019-12-27 00:09:07
