reviewId,userName,userImage,content,score,thumbsUpCount,reviewCreatedVersion,at,replyContent,repliedAt
gp:AOqpTOFaJVAnu210AWTU1MgUJn02-OplPO-6ExSze7PUbP6P3hFQRgg32ABahgliLaA9CcCWcmumXvZYo_wbNmQ,Josip Kokot,https://play-lh.googleusercontent.com/-Dl9-L812ciI/AAAAAAAAAAI/AAAAAAAAAAA/AMZuucmUtd9M0p0PogC9qD0BbpnVaAqHOw/photo.jpg,"Great graphic, gameplay... Love it...please new levels...",5,0,2.1,2021-02-05 02:20:13,,
gp:AOqpTOGJPiHlTtmcLPAv-N71ydwgRtumRKeoP_neU3p83nASItz0Ufal37AatNPLEyBkARbWXSLWBt3JLiH4vs4,Gijs S,https://play-lh.googleusercontent.com/a-/AOh14GiNOQ27tq0pBzl8JV3YAE5zKplKD1zu-nj3TrPoAC4,Short and sweet,5,0,,2021-01-24 11:36:27,,
gp:AOqpTOF_gT_THWb9n__dGA4jwinUHTI7-yaJPRuLh0mUybzOHgzK3OOejU4nWMshuRA6BHAoYndIwr-REKuusxg,Harley,https://play-lh.googleusercontent.com/-wN7OCQSv7Vo/AAAAAAAAAAI/AAAAAAAAAGQ/AMZuucnkn1xpj08QLpLKwajNXMBsrSMZhQ/photo.jpg,"Intuitive puzzle gameplay that does a great job of introducing new mechanics and then integrating them into old ones. Long enough to really explore the ways each mechanic can be used, and then doesn't overstay it's welcome.",5,1,2.1,2021-01-24 03:29:04,,
gp:AOqpTOGmIS5TxSjPwAppjteQzjEL0HdSU3R0GEibSE58HGI2dJqk1IO50-I1L3r2UQUp7Gxf9WHWPuccCmViULI,Ciaran McPhillips,https://play-lh.googleusercontent.com/a-/AOh14GiYiTCrhV7DWxY54oPJwUmhDKZLZG7lD9ZRmr5MUlM,Addictive puzzle game. Requires more levels to make it more challenging. I completed the 90 levels within a couple of days of downloading but very entertaining and very nicely created.,4,4,2.1,2021-01-15 00:33:28,,
gp:AOqpTOF3DF_lqF1Lo6nZ3KBoGSzMX5YHm2W4dyBP7eE_YJLEuSsGMdCuZtO2WXisIKanVyszKk-r-N_Bk1z6B8s,Miguel Hervás,https://play-lh.googleusercontent.com/a-/AOh14Gh2e6SFh5D368ZIHZJe37DrD-bjTeBKHAFI4i2cnA,A lot of fun. Like sudokus but less boring,5,0,2.1,2021-01-05 13:57:48,,
gp:AOqpTOH27em25XhYw8scX30MY7rvzblQbnjhKq8OKB-404IAammK2PRR12hH5kaf7nvVBR0-JCpqzabBc9u9c9k,Francesca Buglione,https://play-lh.googleusercontent.com/a-/AOh14Gh-BKKD78nOdvQC60f98MkbMNTXevnz3qZS2MuX_w,Fun,5,0,2.1,2020-12-16 13:29:53,,
gp:AOqpTOHWKuMKiZ94m29gTPnZ07VUbRA_XQKKdnPpQ8CX7K0aJp-q_KyLSL3k8iw1v0ZOIl_o6e4W8zkuyqSouLA,Andy O.,https://play-lh.googleusercontent.com/-HnHNFAwGQ2k/AAAAAAAAAAI/AAAAAAAAAAA/AMZuucnlvKcfckDUHrXGm8XoM24DM-eNKQ/photo.jpg,"Note that the game doesn't save your progress while playing a level! So with the bigger ones later on, be sure that you don't interrupt! Pretty presentation and an interesting puzzle mechanic but it is not explained what the head on the top right does and after solving bonus levels, nothing happens. No congratulations, no animation, no unlocking of something - it's just for your own gratification.",4,7,2.1,2020-11-28 02:05:25,,
gp:AOqpTOEHzlGDE8f4BLWqxDRUoZubJllWqfdBQgnoXr0_CaI6e5Yh4Fw_BcxYS1nPsamo0FUlZQk8h0oXdmsw92M,Ties Koot,https://play-lh.googleusercontent.com/a-/AOh14GgROD2nVzZOAN-t27Ys31i3rOj_Vh8nwuSbe8ezYco,"The game seems like a fun distraction so far, but the frame rate is really not what it should be on a OnePlus 7 Pro with 90hz display.",4,1,2.1,2020-11-23 12:02:30,,
gp:AOqpTOGefwvcoL88HUe5-SVeW_laHHu65VmavGfA5irsg8Z95St07js5sEF_3ZCizddtMQQlBw7XMLm_vHDJBYA,Scott Lewis Morris,https://play-lh.googleusercontent.com/a-/AOh14GjCaxpUCsFw8Y1eA8LMQGrxVVC5kaANVG2F1fyDAA,"Excellent game, only gripe is that it's too short.",5,0,2.1,2020-11-03 19:01:18,,
gp:AOqpTOHNB7AcF03ZrIzYF_bPu6F5HNnCiZslOemVBAeTX6B-BxXdDBbyacVEi3W3fj3WNLM8SjHElYLWSfK0ZdQ,Benjamin McIver,https://play-lh.googleusercontent.com/a-/AOh14GhVzrS7ijPk9nAGthYEnbHfJytf9EAVv5ZLbCwSOg,"Great game, candy eye smooth interface. But needs updating.",4,0,2.1,2020-10-29 03:54:32,,
gp:AOqpTOGCbRmdEVPX9FI0HLVFuWYy2vYTVeiFUZlAsm7jF7Z0iewlnoBM9yk6zwCY_g2w_Hl8M7l-1Q1RJmBJHxk,Alison Johnson,https://play-lh.googleusercontent.com/-VnibCoIWQhI/AAAAAAAAAAI/AAAAAAAAAAA/AMZuucmyhYLQEzIcxcfW4Pw8kdeSU8lPBg/photo.jpg,"A really enjoyable puzzle. The incremental increase in challenge flowed so well, never stalling you for too long and throwing in a new idea just as you need something to keep you engaged. Well done developers. Happy to pay for this quality. More levels would have been appreciated. Both me at nearly 50 and my mathsy 8 year old enjoyed it.",5,9,2.1,2020-10-24 12:10:42,,
gp:AOqpTOHFB4dF_-Cbz7-xSysKM0Z9XQXF-vh9wl2LiAuXaTBo-scEYFhl6t1ikoHHTiV-Uxw-zRY3EZpoZEUfzLs,AMS,https://play-lh.googleusercontent.com/-81joAnMTf0o/AAAAAAAAAAI/AAAAAAAAAAA/AMZuuclAAr-hZiRzSU-qzojWb-w-vPI2xg/photo.jpg,Nice and beautiful puzzle game about summing pieces with small amounts.,5,0,,2020-10-19 12:14:00,,
gp:AOqpTOHsR7zybajqxu6ZSIgUxg_IfqCm33AQ50vEvGXSbTTAVFcDXfEwI1ihcPMUvfpaw2iXuufd-nICTnkLNMM,Ryan Lacey,https://play-lh.googleusercontent.com/a-/AOh14GhrjxkJIG8Dr1iT5-T2VWqYRNZuh53yESt8gSNTrw,"Very enjoyable so far, reminds me of Hexcells on the pc but with some newer mechanics to keep it interesting!",5,1,2.1,2020-10-19 04:19:56,,
gp:AOqpTOFEgOzW3KweVTYU_AZMynILb4_ky8DCkzF638kq9sI0TORmicUUYVCURWZNRoI7bDFXBEbe1A76KqnWZiA,Bade Sidam,https://play-lh.googleusercontent.com/a-/AOh14Gir7eUpwmUeLt3IOlR8KPu7rnzMmPtVVq_Jxx9k,Good game but to much time for updates,3,0,2.1,2020-10-15 17:09:09,,
gp:AOqpTOHKyUXV4AahJ21RW8YQv215Jao09Alk3iA-MSmY09m4VFO25v-NVa3LuuzG6ZCi4OyPLHUlRLvMkmkJxiU,Michael,https://play-lh.googleusercontent.com/a-/AOh14GghiPNdjMJIHAku1PtahtCdCQE3QvY4aPEQafzBJw,"excellent game, sadly only 90 levels... waiting for ""Hexologic 2"" :)",5,0,2.1,2020-10-05 04:15:43,,
gp:AOqpTOGQLIp1E36iq3YuvbpuZzW37t9ORmZP7sSHQOg0Qjc03mmz7Hrbw-TwwPrKXzOK4OqO9JKBffrgSTSEzvI,Juraj Gschwind,https://play-lh.googleusercontent.com/a-/AOh14GiaYQmAhLGAmGRE1zcWS0R8zBvWBVBcYpvOxJmr,Perfect puzzler for in-between meetings or on the train. The only downside is the limited amount of puzzles.,5,4,2.1,2020-09-28 11:21:14,,
gp:AOqpTOG9c9kEvvvuFXrLH99RgLJOaiso0sw7v495XzLv8HehYfpDHo_7pvF8BH0-L6_cDaYHD3A3aePg1SHrvHY,Paul Thomas,https://play-lh.googleusercontent.com/-b5QkO0QhNlc/AAAAAAAAAAI/AAAAAAAAAAA/AMZuucmO65gNr1Tx_yezVUMdFoB3YTJBQg/photo.jpg,"Very fun, especially for the price. Plus no ads.",5,1,2.1,2020-09-02 23:50:29,,
gp:AOqpTOFFzhf7uSGknIDXia6Tj8uLbGe2vNVW1RaBk3YtYLXTJHv802AKitX-atri15qPOpUQLSg07yh48uhWsU8,Luke Stanley,https://play-lh.googleusercontent.com/-pVuu5Z4EuSc/AAAAAAAAAAI/AAAAAAAAAAA/AMZuucmqapjgbGdXTBlSMhhyOi7dcbleUg/photo.jpg,"Absolutely loved playing this. Really well designed puzzles tested my deduction skills. This is one of my top 3 mobile puzzle games. The UI was also really helpful, intuitive and easy to understand. I wanted to mark hexes with possible answers so I instinctively long pressed a hex and that opened the marking menu. At any point in a level there is always at least one hex that you can figure out with the information you have. Can't wait for more levels or another game from these designers!",5,13,2.1,2020-08-27 20:47:18,,
gp:AOqpTOETZaBFCyDTCKGT_Ad8Ofo5EtjNvNt-iasytEKE910cJT1hDQ5JCzAkcWTgEB0ZYVZ2isZfn8cubjBYQrM,Dryw,https://play-lh.googleusercontent.com/a-/AOh14Gh0EWi_PxZzVmfORbeTWLk2_iId8Dj18gGfzA0ccg,Entertaining but not particularly challenging so far (roughly 50 levels in).,3,0,2.1,2020-06-26 23:30:37,,
gp:AOqpTOG3rGg04DijY1ZOOEPXqtc_AlK3Ye4XHvLhHC0H-lqKYPen3EXCXexxTQMIxLcGUME4tE1Rt9EB6FSbo0I,Catalin Florea,https://play-lh.googleusercontent.com/-Z0xmonc84v0/AAAAAAAAAAI/AAAAAAAAAAA/AMZuuclvYwgXMouqp0-6vdhDHnEP-ZO7ew/photo.jpg,"I really enjoyed the experience. It's a wonderful take on sudoku and I wish there were more levels, more puzzles and more rule sets.",5,4,2.1,2020-06-07 03:47:33,,
gp:AOqpTOF_NcRzniB5NRfSHiT5_7oOu5hmUqpyHq9DEpESPbjL2H5T1XvmPma63Qx0909nVyiQWGjvV6Tq8znJ5Fc,Simon Martin,https://play-lh.googleusercontent.com/-f8K8ICyp6Zw/AAAAAAAAAAI/AAAAAAAAAAA/AMZuuclHqtuvEaG4VIxQh7BLjH_y2Tmm-g/photo.jpg,"It's okay for a few levels but doesn't captivate me. I guess the best compliment is that what it does, it does well. However, there are many other games (including free ones) if rather be playing. Uninstalled.",3,8,2.1,2020-05-31 03:01:59,,
gp:AOqpTOG2M_y2vAz804cy0cdJVokPtrKJuZnVbn2Rd2V8AzawDMeQ_p6a3xlg8yBtYOuiNIJCgb80H0v1ZRuRp8c,Ryan Terry,https://play-lh.googleusercontent.com/a-/AOh14GhvicpLBH304EoyVWryZdffHz1fWgh3SPC4IpmKDiA,"Great game, but why no achievements?",4,0,2.1,2020-05-30 07:29:35,,
gp:AOqpTOGQxVnERCRRz5LEYtqRu-2Tk3XPKFsEGGzIJ-woaalMb8vBCvFgumdKHwVb3DFOgWo5pLiJDLevvhOmJqQ,Nixt B,https://play-lh.googleusercontent.com/-kL802IaY3fA/AAAAAAAAAAI/AAAAAAAAAAA/AMZuuclF9zp8MPmsGyJoRv3ylJTGI7iYeQ/photo.jpg,Awesome numbers puzzle game with a great art style,5,0,2.1,2020-04-23 15:53:46,,
gp:AOqpTOGfTB7v6B1c3b4bB5reXbK5x2RxO0nDKJMuqfHKJeu11A-ZLDHYjV1oEOHccDHCZZ7LeRrG9X0kNXNCzsU,Hanif Hussain,https://play-lh.googleusercontent.com/a-/AOh14GhviMZn-67bEVWFFUrhLUhUW91lD-cp0CEGuOX5uw,This game is too good for Google Play. Most other games on Google Play are crooked just like its retard editor! Will never purchase another cent.,4,0,2.1,2020-04-21 06:57:37,,
gp:AOqpTOGifeQU6vY7O96Nr2ZoW0r3qLYrKtwgt7swxCl_ONIcpMjK2j8Z3-YcJByv4h0QmKGW-B5YxI2ahB5Zfs4,Adam T,https://play-lh.googleusercontent.com/-nr6KGZIX3tg/AAAAAAAAAAI/AAAAAAAACVI/AMZuuclcTsiCff-dJQHgvrvP5txEKev9RA/photo.jpg,Loved this game - one of my favourite puzzle games on Android. Really satisfying to work out a solution and solve the puzzle. Wish there were more levels!,5,5,2.1,2020-04-15 23:11:32,,
gp:AOqpTOG1GhQlsmvDKu4m0SlsvctmYnBXAvHytxHnqdsFfsOJUhoTivpnK0wecUTpZMOCgJTXz6TJZmQlwyjsxVo,Paul Newman,https://play-lh.googleusercontent.com/a-/AOh14GhBUW1Fg-ynUtU6nyo82ZihxAdPgcnA9wEVGKmf,Lacks cloud saves and landscape layout,3,1,2.1,2020-04-02 17:48:03,,
gp:AOqpTOH1JamGjkyaMAceEZfTY9fY-Pwpcge4z6lC17NcCtn4DNPFw2DNRbCsK7gvuS1yWs-E4nSft0vDEWC-jmA,Tim Gardner,https://play-lh.googleusercontent.com/a-/AOh14GjHwVaHyJ_x8YUf3NULIbhl_f0tfl9zZt4YsgLz,Exceptionally polished puzzle game with enough challenge to keep you interested.,5,0,2.1,2020-03-26 00:19:03,,
gp:AOqpTOGEtXicP8DIkn-04cYnYbdGCs3nfcj89QD0NERShDjatlENcx72cLkyMWnb75YGpOySDIQUTNBhMWO3R2I,Phil A,https://play-lh.googleusercontent.com/a-/AOh14GheMJCIQWSYsl1DdQjVqnTrjnfvtUKGEfHAy6USvA,"Quite a fun game, although a bit easy in highlight-mode and a bit hard in the other mode. Looks and sounds good. Shame it doesn't last long.",4,0,,2020-03-16 08:01:01,,
gp:AOqpTOGyNkVJcHCXQd5zwJ597mHlgo2nI-fkdB5kO98KvDEjM6s1JhySor1FiXOYyxVsIpr-GweOZtZPALKXabw,Gerben Beintema,https://play-lh.googleusercontent.com/a-/AOh14GiDB1vo6wnSlIsMMGD0ly3iE5msxIZDp41lVxtVGFU,"A solid logic puzzle game with a focus on mental addition. Not my kind of puzzle game tough, due to most puzzels not including creative problem solving only logical thinking.",3,1,2.1,2020-03-01 10:21:38,,
gp:AOqpTOHpQY8wjk-Bev2Wxh0nIczPGtlJUiSfjEqH4yM4JrEZv1jLMnw9IPyBSyOCYuQKccT_UQ_Zmq4uxi2CZHU,Regina Balajadia,https://play-lh.googleusercontent.com/a-/AOh14Gjjqnl3J4BCoRlbX_gFF5b26LHvjrv0QWmmpWQVIoI,Finished the game right away. Hoping there could be more levels in the next update.,5,0,2.1,2020-02-29 13:43:46,,
gp:AOqpTOFiaXbPNSVhUXSJsAqE3NoqR_vx-oDzlZl621HC83gTTrZiM2sJFg1gn4dv-DcZMNGp9b_I1rKwGpeG7Xc,Alex Knibb,https://play-lh.googleusercontent.com/a-/AOh14Gg6ulQ_L1nqWam9QTf2GK3BSaUMGCk5Us-fc_nDibY,"One of my favourite games I've played on a phone. Hard to describe how fun the gameplay is; it's challenging but not in a maddening, infuriating way, it's almost instinctive how you solve each puzzle and the sense of satisfaction is huge. Not the longest game in the world, but not the most expensive either and wholly worth every penny. Graphics are lovely and the soundtrack and sfx are bang on. Hats off to to the team for a wonderful game. :)",5,12,2.1,2020-02-28 13:44:59,,
gp:AOqpTOH-_JPq85S-oTHNbo4BJK7rR_AJzJblshDiiDgQUGafMW7zNBwujZMchgF9ZMk2hqsqwqvblyYYQ6BHz7E,Enno Weichert,https://play-lh.googleusercontent.com/a-/AOh14GisF0ToxeCr2ZjHo-At31HvSvTVKQMYx6qzAB8-CA,"Really nice presentation, but way too short and very little (if any) replay value. However, I payed some 60 cents for it ...",4,0,2.1,2020-02-27 13:24:02,,
gp:AOqpTOEIjLSMcbeGG0gwc7Sn2zRE9La0me5YucPo1EXNvjQIeyZpNtUosm5aDLYEqP_BVEnzjupDkoFFklbbU-4,Fenton Bailey,https://play-lh.googleusercontent.com/a-/AOh14GiYZHU6gw4M8gFPgnZxbyvk06agkyScfZAqtyjDeg,"A bit too short and easy, even on the harder mode. Would pay for more level packs! Very good while it lasted.",4,0,2.1,2020-02-22 12:00:02,,
gp:AOqpTOFhHYGkTdokLTMgNtpdok94FDqH7JBHRWEmUKXECsYf2gls0gPRp-WRPa_Jxf0X_bxPFS33N4qpmKjPVpc,Erin Norton,https://play-lh.googleusercontent.com/-eLjjJHrpuGU/AAAAAAAAAAI/AAAAAAAABDk/AMZuucmC7p3bGQaHRRzTJJJogZvQh3i82g/photo.jpg,"Way too short, completed it in a morning... More levels please!",4,0,2.1,2020-02-22 02:31:42,,
gp:AOqpTOFnoUuaNvN_gYOv1GOy-v4lD_erbbgRG1aDw6fz1n7ZKWxXESZoo_oUlNAM5s9yUDt3_W0tehBP8aQTesk,David Manseau,https://play-lh.googleusercontent.com/a-/AOh14Gh70zFMqJ5tPmoDaG9YU3m3WLIJ6RV-NTWq8WUW,"very well made, minimalist design and goergeous art and audio direction. I really liked the red (hard) mode, it made the game shine for me.",5,2,,2020-02-08 05:07:04,,
gp:AOqpTOF5_Cr1_HRN4MhjEcldmPSCX7lKKZcN3hXra61hhJ0NfwBrynuF8zHib5-C6lBIMHoMoinsVxK_BmoXOWQ,Sophie Mayrhofer,https://play-lh.googleusercontent.com/a-/AOh14Gio9K5EsF04sHihd3l6O7iqGB_5QdHU0GdvzDW2aA,Hints would be nice. Otherwise a great game,4,0,2.1,2020-01-27 06:37:37,,
gp:AOqpTOFdReOFkQaFtiDfmRIKewmfyMlwfwX_FZMb2QmeoZFPPbWy1w3eC4Ji5dlbV73dZrCspFVjqHMEeNu7sms,Ashlee Avery,https://play-lh.googleusercontent.com/a-/AOh14Ghpyys7MPDiXiVNwSAGrOq82FWBdhUyWc9otNP3_58,"the only reason i am giving four instead of five stars is because there is only 90 levels and maybe 20 bonus levels TOPS. i completed all of these within like three days... i think there should be more levels. other than that... the background music is relaxing, they ease into the new math slowly which is nice so you aren't thrown off. easy to use for the most part, and a fun and somewhat challenging game! i highly recommend. just wish there were more levels! hopefully more to come soon!! :)",4,10,2.1,2020-01-09 20:18:24,,
gp:AOqpTOFn2q3vr2WqO5tFsBRwUGbViRvnpU5GvBg3v8R7CIqeK6CiZvPPDJFWIciiCqsPsclfsOHmSxYlhDL-Hjc,Ahmed Tayar,https://play-lh.googleusercontent.com/a-/AOh14Gjp1SGPm3xO1j85ug3C21Cc6cku-zJiPMXWDuBiWnc,Best game ever ... but really the creator of the game is obsessed in Math :) sure he/she is an A+ student,5,0,2.1,2020-01-04 09:30:27,,
gp:AOqpTOGqrx1W46rOv9qza3UuqeEBFZA5Vy0kTZFF1KFmP6rgO5wlXyoXvrOKX5lsqMCbX5QKFNU_1iLiYBGY2QU,Leander Schneeberger,https://play-lh.googleusercontent.com/a-/AOh14GhMPRT_7WK-AEkSg3Yd9U2y3MHTRsTFqE0F1Ze7,"Brilliant game, loved the mechanic, nice amount of levels. The menu background parallax is beautifully made. Since I played similar puzzles before (Kakuro) the early levels unravel quite fast after applying some easy distribution rules, but once the connected tiles and conditions come in, it gets really interesting. Overall, great game, good work! I loved it! :)",5,4,2.1,2019-12-23 17:01:48,,
gp:AOqpTOGijDEVmPLmOj8fydYdvr6RTGUrxyoyWZXJmfcMEYYjOt5UGp31d6KDUj2ezzN2VtpkNAhYiYbuPixaPZw,Kyle Smoot,https://play-lh.googleusercontent.com/a-/AOh14GiE3AMh9NEAPQVMp4pJb8say_Yf4-yiSyhvsFZRm1o,"Fun little numbers game. Felt short, with 90 levels +bonus, but I enjoyed it.",4,0,,2019-12-22 07:08:53,,
gp:AOqpTOEAd_i7qVCazLOavSTwTY4eifmpfTPAIO7LJ4U4W2KxdZbVFDnhwOvJjymvhsdIaWurXUGifQ-v5jfTG6w,Nem,https://play-lh.googleusercontent.com/a-/AOh14GignnmVKpFBkOvCRBlW2NWvCIK2ciOHpjGGEQ_o5A,A really excellent little puzzler. I really hope more levels or a sequel come out at some point.,5,0,2.1,2019-12-18 09:14:21,,
gp:AOqpTOH154NMXR9Qp8Wl70MYmrzjTB7rtHQkWk5C972a8nls8h3BUoc-o0XB1Aew36n4CXWkMNW0R80PrAg7rQ0,Ömer Emre Yücel,https://play-lh.googleusercontent.com/a-/AOh14Gi_b9nv-X1TRtv1GPj4ivxVOUahkeMjSaZASOOT9w,Fun but easy. Please add more games,4,0,2.1,2019-12-11 02:50:15,,
gp:AOqpTOG2uHdhctKWNDJ5yLLNvY038cY8OzvkPsL0AO5widCacTcYwaRzxFqqh2ix_HVsi4G0AtVzGJzPJ8zF3ao,Gobion Rowlands,https://play-lh.googleusercontent.com/a-/AOh14GhvN0MN9fiHVjC7cGsEsKIvX1th8wwSlVFXmL2i8Q,Excellent!,5,0,2.1,2019-12-05 12:34:12,,
gp:AOqpTOGaZkG0POEvO2mSKsjZiHcyyV9DR-K-QchEcXkVxNTp16N4VjOxAdImS_wnzJlAgOeupYqehjbkRMQ5d74,2 PAC,https://play-lh.googleusercontent.com/-J7_wsGw3gcA/AAAAAAAAAAI/AAAAAAAAAAA/AMZuucm-9xTDrG4QJic3tLBlmrGl14G-0g/photo.jpg,Relaxing!,5,0,2.1,2019-11-29 18:33:09,,
gp:AOqpTOEYQmR3x_GTruhZNcqWvBtn5tnvWiUwjo1V8a0-cvw_1zEOIEPfU3eo4RKxW7ZVrLSu3sgCpoiRz1D4Kfs,B. V.H.,https://play-lh.googleusercontent.com/a-/AOh14GgOeiGBj3kjs2OBUKaO3fbLfZKqZYCSop341VLhhA,"I just played through it a second time. Why? Because as far as logic puzzles go, it's a modern classic. It resembles kakuro a bit, but it's different enough to stand on its own. The rules and controls are simple but has much depth. My only gripe, as others have said, is that just over 100 puzzles just has you wanting more of them. Is almost a bonus, but nevertheless : the graphics and music are pretty soothing, and therefore ideal for this kind of game. All in all : ABSOLUTELY worth it.",5,5,2.1,2019-11-23 22:45:06,,
gp:AOqpTOFHj6m9R0iaolyvHSt3sMpfKGcr7huvCvdtwSMXqYHW7ZDJfgdqygI6gjC-adJlYNIrNPeQnOo8Ws_nxAI,Gareth Lewis,https://play-lh.googleusercontent.com/a-/AOh14GhHWlh7sirII14w_Z4KR83VTPFACbtM5g3AYd32,Clever and fun.,5,0,2.1,2019-11-10 03:01:53,,
gp:AOqpTOGPH2EO81FDYCWRvpPIxBEws5FM0PJnu9dMKLNBl01saK06eX2qbwrjNmUsO8kQYXh9OqnwbSsxF3suQJE,Spencer Congdon,https://play-lh.googleusercontent.com/a-/AOh14Ghz4iTxut6tI-LrGdGtVbeep1D46cZiS9yxCa6jpQ,"The only problem with this game is that there aren't more levels. That's not to say that the content doesn't justify the price, rather it's a shame that I no longer have new levels to look forward to. This game is essential for anybody who likes puzzles. The mechanics progress at a nice pace, the interface is clean despite the amount of information it needs to convey, and the backdrops have tons of fun colourful details to enjoy as you make the climb.",5,5,2.1,2019-11-08 07:15:20,,
gp:AOqpTOFvZO6CElo0taXhKV_sEdNEcKSJwuc-Y1WcIlW6yu5KW82WlEoMt_qJCIwdNgBWbiUuvUDmRDHfAWU-ONg,Elan R,https://play-lh.googleusercontent.com/a-/AOh14GgwS63WBHe7vAxM--EfrS3imPy9vTynmd9m7Nx-Zw,This game is amazing. I need more. Beat the whole game. The last boss level was insane. It took me 20 min an about 7 restarts. Pls add more levels.,4,2,2.1,2019-10-21 18:46:58,,
gp:AOqpTOGJR8X_SPfarD7dSLhrnM4tbHXKCLyahjCRPJJTizJV9-FkS0_AYwJo7297PNdv2GVp6YKH_tc7oJkrXW0,Lukas Ansteeg,https://play-lh.googleusercontent.com/a-/AOh14GjFv_p5DrmV-Nu1xDdtOwQpFgLPEcg9TZ8L3UuGKw,A bit short but beautiful and well designed puzzles.,5,0,2.1,2019-10-05 08:14:12,,
gp:AOqpTOHnP0bziwMpKl3y1ewxu6-azVn9TyLLE82pL8W3sDYnvi5zg0nC61IPjdjd49xRD9YALMdIwwW4eO4fqd4,Francis So,https://play-lh.googleusercontent.com/a-/AOh14Gi6wIMk9zn01fTEr4NoHE0NysgtdIsS3bTQrsQWEnk,Relatively simple mechanics but it does evolve over the levels. It would be nice if there was a settings menu or a sound toggle though.,5,0,2.1,2019-09-28 10:21:18,,
gp:AOqpTOG8AaVHJRSZQaiNwSUnEds4E4NB1EKc67CtswHJwXQxC4Qbnb5bE1l0U3XKAS4TYU-JWRPrRvWcW52yzHA,Allan G. Galeano,https://play-lh.googleusercontent.com/a-/AOh14GjVRpuSDMLaDdq11sDbbiKBpeRbsye-MmhMuu_t5g,Very fun and engaging! Hopefully we can get added levels in the future because it's not super long.,5,0,2.1,2019-09-25 06:17:40,,
gp:AOqpTOEeS0rm4iw0a09Lp5GBCRl_rWsAuGMnUcBLfvMHUQ-nKmyXauS9koTj1KH_Z4zQSU-oxLW2T-eqtBHk0Es,Curtis Devlin,https://play-lh.googleusercontent.com/-yswZFXX7TmU/AAAAAAAAAAI/AAAAAAAAJBg/AMZuucnxglY_EpX0h2pLVBoJkN65hG9dEg/photo.jpg,Wonderful! Please make more games!,5,0,2.1,2019-09-13 12:52:39,,
gp:AOqpTOFjW-G8hw7TJJ0z2Fkp_TioneiIrti8v8FAvjT-TffmlB0fjqkXd_ZW86CBOjkIl73c3Mq8RA7E6_s4Q74,Saurabh Sarin,https://play-lh.googleusercontent.com/a-/AOh14GhNKx4IRWmfCGW5Cu0wrzo7qCxRmnUOR2eNEcONvA,"Great idea, kickass puzzles, great music, brilliant level progression. Loved the app. Must try if you love number puzzles",5,0,2.1,2019-09-12 11:41:42,,
gp:AOqpTOFRa7I7Qg2Q8WINLKhl4zCNSmnSIXc6xRnBnygCSf8Apj382BSvTWVIpfEvKRtPO618ulno-WIxNiSmYbY,J D,https://play-lh.googleusercontent.com/a-/AOh14GjAtU4tXOZ3nI59aIe4ezEaUbaKNFQAcc3FjrEVYg,Great game just wish there were more levels,4,0,2.1,2019-08-26 08:14:03,,
gp:AOqpTOHIlxsLIswY_1SRYRjE0MlxSQr2iSAFQ1MdT2JxyiQauHRa9oj88UBKcdEQYDgtZozvilGT6eyaZd7Pl8s,Itzi Mackay,https://play-lh.googleusercontent.com/a-/AOh14GiynzYmdozohImNA52NyAVWUnCE3ZfEgwMdJxay,Fun but finished way too fast.,4,0,2.1,2019-08-07 05:19:08,,
gp:AOqpTOFYCgAynfOg5JkoEk5hLs7_QeUltKIhIPXIfYPEca0TfxfYBjhFK_QR8uWOzXWy8FnT1g7B0Z3p1AF3K58,Drew Noakes,https://play-lh.googleusercontent.com/a-/AOh14GgulFjqjnwx_MihAhcrk7Wza-I-ghuAsGr8rPustQ,"This is a fantastic puzzle game! I got many hours out of it and recon I'll pay through it again. There are some very clever ideas introduced throughout to keep it interesting. I love the minimal style, though wish I'd learned you can hold press on tiles for more options, rather than just teasing to cycle through the basic options. I hope we see more levels one day!",5,3,2.1,2019-07-07 01:32:47,,
gp:AOqpTOEVsvpeubCLxgjKWgkBHw_P5JfI736KatpmOjR4ILGeiXBMZDm20fWookE9NNIhltp1-Og0RajEkjQzAx4,Łukasz Korzanowski,https://play-lh.googleusercontent.com/a-/AOh14GhZjks6e-gHnbuXEZ-NcB_P8p-bL6t7gqDs2Lqb2w,Challenging puzzles and smart mechanics make for a perfect time-killer. Definitely worth its price.,5,0,2.1,2019-06-20 10:34:23,,
gp:AOqpTOF7WB6W4EdHAlNmOpu-obwjIKa7ailYXJeL_vgHUVLDAsFjNbt0mANQcp4lojX5-fq1hgQKvL2ubzhYtDk,Catelyn Johnson,https://play-lh.googleusercontent.com/a-/AOh14GgzrDW4eSn-ILAS7VxujLo9eql0_t7Acv2jNVvrMg,"excellent, beautiful, thoughtful game, can't wait to make all my friends try it!",5,0,2.1,2019-06-20 04:52:47,,
gp:AOqpTOEcGfFZlOPbVk4Vr8cy66E3O0SepE1BPnJlNEgL7aTjFWgUFkLIx2XDmATonaKFZ-YyXVZIWMmL3lCKtkg,Roger Court,https://play-lh.googleusercontent.com/-ejv07rZiSfw/AAAAAAAAAAI/AAAAAAAAAAA/AMZuucm9gNeYwH4XWEEtDRUUEKSscJeIvw/photo.jpg,"Great game, but a little short. Could use more levels.",4,0,,2019-06-15 01:37:32,,
gp:AOqpTOHBCn3FkSpcMX6i9pMjwzya2Omie-opBbdWXBvCYSUG9twZGbgr1ix3c9c9CVHpml-jSVhq302NXzB56UI,Christopher Kelly,https://play-lh.googleusercontent.com/a-/AOh14Gjl6E_YPN4IeCdll4afluhQOgLimpcREgq0CGlz,"A deceptively fiendish game - shows you a simple process to begin with as an introduction to each type of puzzle, then let's you work it out for yourself, so much so it feels so natural.  I LOVED it!  But I do have one issue, a minor one but an issue.  Not enough levels - i completed both the green mode and red mode along with the locked levels in a day.  I know that there is no facility of an endless puzzle generator, but more levels would be nice, or as a long shot, maybe the facility of being able to generate levels and submitting them for others to try.  Well worth the money!",5,10,2.1,2019-06-13 07:21:35,,
gp:AOqpTOGV-H2yUUuOc7H5XwqlHRimXfVPhLsnvt-ZB-NWaxgFXt0HdQ8FCUYyKtE7JJveWCBKv-SCDWIcpNIMjcc,Romulo Andrade,https://play-lh.googleusercontent.com/a-/AOh14Gh6xO30bPVrBxIVKbaPhc9ex3Mxwkd-jvjyvSIHvI0,"Game is great! Loved the puzzle! Took one star because game has a problem saving your progress, sometimes you open it and you have to do some levels again... and it sucks. Also, please add achievements to this game!",4,0,2.1,2019-06-09 08:17:12,,
gp:AOqpTOH-PI-aruh4R7KzAjpgl1hYI1DTNrPrAYORj4Cuf9q_y_Wmzuzfynz6UO1IjrwHYkPtDsrRgTuhiQ0iIpU,Ryan Fraser,https://play-lh.googleusercontent.com/-pSpbarnfsU4/AAAAAAAAAAI/AAAAAAAAAAA/AMZuucmYcEHrmdR0iUp_LwXjagZjUjAbnQ/photo.jpg,Good but too short.,4,0,,2019-06-08 21:29:24,,
gp:AOqpTOFz-8XkprYjfH7vrEzBvacOyZbbpGL1XTji72OutI_a-L2z7r7iPWxyTFB9Z-dHUUr_2Vd6KKlthrlcYV0,Scott Harvey,https://play-lh.googleusercontent.com/a-/AOh14Gh1zmiwgUWQHnAdDCThSI2bV7XqoLR9avIb39P7xA,great game. had bought it on iOS and re-bought it for my new Android phone.,5,0,2.1,2019-06-07 11:00:10,,
gp:AOqpTOGpZm_LaYukMPZU4yGYiSWJrL6lKe1bgcN5EdBTkB5km6MrySBOPc4KPf-6TRfLi0-Mb2-QwvUf1GdzHx4,Daniel Tupitza,https://play-lh.googleusercontent.com/a-/AOh14Ggn8LzRNzXAKCBqq3ebrm80cpUlsQsucrGJJpJjfg,"Very well done math puzzles. Just as you're about to feel the game becoming easy, it jumps difficulty on you. drives you to want to know what new challenge it will provide you. Must play!",5,0,2.1,2019-06-05 12:18:30,,
gp:AOqpTOFkOwEafMDkEWClzrzEC8R9HQfD5_9TpUoVDcD9QnRXfXjF-nkyfTEhNe1YR7ZIVBFABbMSP0fF09vLMWE,Kareem Hathout,https://play-lh.googleusercontent.com/a-/AOh14Gj7yFx0_Mi_AU0MGZ4cIIXLjtq982KeBUgxLj6a,"superb & one of a kind. please add more levels, I just can't believe that I finished all 90 levels in both mode modes 🙃",5,2,2.1,2019-06-01 13:40:41,,
gp:AOqpTOHKBWvAJp3s1Cv-eZOU1SWVi2WIsX6nNIYxQGUhavYHZNqS1HBbLQ8iQnLrPpX8ZGzEYOm-MgiBQ8Zesek,Xzait Dgizs,https://play-lh.googleusercontent.com/a-/AOh14GhyZpIeb_XuHbqq1YMeaJPKqEI6rIjhWj6_qydz,was a pretty sweet little brain game. very well made.,5,0,,2019-06-01 02:36:02,,
gp:AOqpTOEIOrsP7xH3SNl4urcN4IDRo_vuB8EtTu5g2FeF0dkvh7Ioj6Hc6nCBakAPeamqpVm0BKqkmpCByGBtjDU,Anders Hansen,https://play-lh.googleusercontent.com/-iITHNtSHZKI/AAAAAAAAAAI/AAAAAAAAAAA/AMZuuclqnbJj_CUbAikyBDe_VdIw4mCTlQ/photo.jpg,love the game! a few hours of fun for a small prize.,5,0,2.1,2019-05-24 14:51:18,,
gp:AOqpTOFoZRCM7OMgW8_7oFxpXVOMq6KQWeC4JOEP1QGiieNySkLyyqH3HKblfeN8kuyKGGmnIm4BWBmhQyMyzRE,Cmdr. ΜΛΓΤΙΠ,https://play-lh.googleusercontent.com/a-/AOh14GjrvUF5MEC-egf6qjGKUwDiTK8TL9JBHSDFp9K2LQ,"Loved everything, but even on red (hard?) it's too easy and too short. Please give us more!",4,2,2.1,2019-05-15 10:15:00,,
gp:AOqpTOEDyEUPpqre9sfS9lX9SAk764Al-hOKHD-i-Z_hFJbBmCXKCSdmul6WpX93aUlxSayhVsgT9p-ug0JIZkA,Sami-Pekka Lehmuskoski,https://play-lh.googleusercontent.com/a-/AOh14GgNIAjcG83W9EX9wxGkemuEn2hmeM4RQH55UAIhZw,Demoed it for the Nintendo Switch version since it's on dicount and actually cheaper than this mobile version for once. Seems legit. Thanks for the demo. Refunding now to buy that one.,5,0,2.1,2019-05-05 18:49:09,,
gp:AOqpTOEIGhohmtRboLLK7fsViwTNbIFuK98l7gootQ8EFtF0XWtKUZE0t-j6zY0FT6pQ7fiRngBhs7_BwuNxbJw,Kevin Vega,https://play-lh.googleusercontent.com/a-/AOh14Gi46mguc2JzXIz6JRJAeWF6l9yB43tjfjkQ6yJ-gw,Noooo ive finished all 90 plus the bonus ones and i still want more. i love this game. very fun calm and comfortable. now what am i going to play xD,5,2,2.1,2019-04-16 17:27:02,,
gp:AOqpTOE2zVfw4IIOPxuy3Z4boxsmZXND0xXfMaw8LbA69Wy47bHW2JMbzZQFi8NC4-AVg9pXQs0F_h8cMzoVR6Q,Hanek Daikaen,https://play-lh.googleusercontent.com/a-/AOh14GgAxzzMoa64levbDcYT-5HHVPGm0-3TgoaCDdjYHQ,"The only one-mechanic puzzler I have ever finished. After 30 levels or so, this type of games bore me: OK, now is the same thing a bit more twisted each time for 70 levels more! But this game, the transitioning scenery, the transitioning music! (that last is incredible, I opened the game only to listen to it!) really got me to enjoy until the end. Never have I seen a game like this. Edit: Today I was furious because of work, finally got to relax and sleep opening the game. Thank you, really :)",5,5,2.1,2019-04-02 14:11:33,,
gp:AOqpTOEbG60YRm8FUCBH5vXQvIbKJw2MKIT16rHNOskteKv2qa3yRjXFyjEgycVHoAS4urJ8lUTwQanMdtmBfYY,Ruby J. Scheme,https://play-lh.googleusercontent.com/-Pq0aY26EOpQ/AAAAAAAAAAI/AAAAAAAAAAA/AMZuuclpq_ZNZotxW2cpuNV3nDvSASo5WQ/photo.jpg,Cascading deduction with simple arithmetic. Good but not great. (review based on 60+ levels),3,0,2.1,2019-03-11 09:24:43,,
gp:AOqpTOEvrHSL8cT05bljF0Ibwb7kQOZ3PeoeU_uExu7Leo6F_HEEBYWRKlUl8A8xtKembNJZReUpChzE1Ly8m2M,Talon Waters,https://play-lh.googleusercontent.com/-B-CbZx2jw6k/AAAAAAAAAAI/AAAAAAAAAAA/AMZuucn06ALRhrb7fw_vdm2hET5RLM96yQ/photo.jpg,"Puzzle game worth the buy. Whether you just want to pass some time or are interested in developing your logical reasoning skills, you will probably enjoy this game. Levels are organized into worlds that have unique themes and each introduce a new mechanic. The masterfully integrated music compliments these worlds by changing subtly as you scroll through the scenery. The controls are simple and the levels of difficulty are well defined. A free version and Play Store achievements would be nice.",5,8,2.1,2019-03-06 04:13:36,,
gp:AOqpTOH3hapiJ0SC3-RzaWgJrhPzCSGB-bm-Ysjd4Ua9Et23uz77uCBvcCMT8dAC3cNJY-3jXktRHYAQ9x6075c,Laura Spillner,https://play-lh.googleusercontent.com/a-/AOh14Gibm3c_N68hvkYHHjz5IEBRF2hb_f1ll12wUd9vUYY,"It's a great game, nice gameplay but also beautiful design. I'm really hoping you'll be adding even more levels - can't really complain about not enough content since there are a lot of levels already, but I couldn't put it down, and played through all of them in no time at all!",5,1,2.1,2019-02-21 14:28:16,,
gp:AOqpTOFnPatBCNN4D-Zr2mSFJwn5BxMSW-Vb5BM00FUZ_K6WM1vqKHIHxzNLfeDhX5XVCDb6iiZGoyBXEr6nLPU,daring d,https://play-lh.googleusercontent.com/a-/AOh14GhkijY7opZ7vE79QiMdHaRaObj2DE07JbGrSNGndw,too easy and no story,4,0,2.1,2019-02-21 10:11:21,,
gp:AOqpTOHOAqddwvFLyjwceD5HH_hFLUO5roc9DsmxKZ5vG8xLnTxTASmSx_eLOSKIHDUYi_OzGFkL0jjweluMw-8,Kim Wheeler,https://play-lh.googleusercontent.com/a-/AOh14GiNbSTdxVGzxC81exw7gZikDeTKNGAuzFDIbrRjJ7o,"Fun app, eases you into it over the first levels but had some really nice challenging puzzles when you get into it. New mechanics change things up to give new challenges as you go along. Beautiful style. Definitely worth the price!!!",5,1,2.1,2019-02-14 12:56:59,,
gp:AOqpTOFyvSeaGAEtAgeEzyvqOXTwInB3a5BWTL3t9FIK5KUEXrFULVTZp-WQwUlBW0DBXBE_82emADrs0RHXQUo,Christine Mueller,https://play-lh.googleusercontent.com/a-/AOh14Gh8EuBqF9OKDPoW8eYjLx3km4bNBwiKZe-a9syOYL0,I found this game on Switch. i have to say I'm not a fan of the Android experience. But this game is definitely addicting. I could play it for hours.,4,0,2.1,2019-02-07 15:31:47,,
gp:AOqpTOHOZ8a6tArF7emoa7ESoeMpORwtzUEFlXy_X-wGB0S5d8lgGjYHXapPO6kZ9aJBwXoQWIT-e-SYlwGIv8Q,Matt Wilkinson,https://play-lh.googleusercontent.com/a-/AOh14GhWqjIQl3ub7dX1br2kKVI5NU1lvlOwlF4L0VHy_Q,"this game is really, really excellent but every time i exit i have to go back and do a level or two over again, it doesn't save your progress very accurately",4,2,2.1,2019-02-02 20:25:50,,
gp:AOqpTOHTbKWu1ra4QcJdl4HHO1rniTStVGSW50VeS6vS_z8UwnMUWNO-W_onPcU-1njpk7Bxb90Mtv9ARFu-Y6Q,Ondra Šimek,https://play-lh.googleusercontent.com/-P1M4GeoIOjc/AAAAAAAAAAI/AAAAAAAAAAA/AMZuuckrt_LW21Lzy59GExjupkKHQED0RQ/photo.jpg,"I like the idea and the concept, that was well executed and kept me going. The downside is that the levels were way too easy. Basically once it started to get challenging, the game ended. Would love some sequel or more levels with increased difficulty. Well done!",4,8,2.1,2019-02-01 09:11:39,,
gp:AOqpTOEp40g7WWo2FipaLkTmSH35cTcTLkwHKSeKLvJwSuPeneohutdCI9JRThK9k4ramc7ZM1OJ_UfDfUTjdhg,Jason Barker,https://play-lh.googleusercontent.com/a-/AOh14Gjb3GHEvLdrSDz6YFOhVXYPeCRcN3a8Spgq3KsOWA,Fun puzzle/logic game. I really enjoyed the levels with the comparers.,4,0,2.1,2019-01-25 20:58:18,,
gp:AOqpTOHzYe16KKhqyjB95-d_xKpu4BGuPllYPc5k-7k2iJkPyzQ9T7S4iKdPTWw4iW_envtYP65jIZyVlJ4vln0,Daryl Tan,https://play-lh.googleusercontent.com/-XHDZisMczqM/AAAAAAAAAAI/AAAAAAAAAAA/AMZuucnQYIymCmXhvIFWZS7m-BPp45E2VA/photo.jpg,needs more levels!,4,0,2.1,2019-01-09 02:36:36,,
gp:AOqpTOH1NWFZX-9uXtUuq6sfajv57KVOirXx6u2qfoH2-qzn1OPfRl5-K34ITJDX0Xt7WV9H0YKFHIGYYMV14AE,Jayden Rodriguez,https://play-lh.googleusercontent.com/a-/AOh14GiOZkP0V_gTi7neH5aGSKERBPvz9OkaI8kM8zZLMig,"Excellent & unique puzzler. Hoping for many more levels in the future! There are a little more than 100, which are made much more challenging with completion being able to be hidden until you're totally done. Highly recommend.",5,4,2.1,2018-12-31 19:33:35,,
gp:AOqpTOGTy1G5OE-gAYlDxB_ZkPGErlDkzP36nlc3odN2D6t1E1zFpnP2DU1cbiFn77-RKbd8yrT4JELll4p2haU,K M,https://play-lh.googleusercontent.com/a-/AOh14GgvI-FCzzCPPjvhnaEZGryW6Lrnijxo8zeRoVu7AQ,90 levels. Can plow true in 2h. Good game!,5,0,2.1,2018-12-28 14:23:25,,
gp:AOqpTOEQpjR6KO18MT6O8WaLLQnv7bS4vm3AeUvM-fASVU0Ia7iiwNRv2JKUrjYdWfusFn8Y5yAeBSoCzaeA7kA,Carol Taylor,https://play-lh.googleusercontent.com/-Hoag_V3JS2k/AAAAAAAAAAI/AAAAAAAAAIg/AMZuuckWLc8d7LF48vwAomgUqzwv6jLaBQ/photo.jpg,No landscape mode. So annoying,1,1,,2018-12-28 03:18:09,,
gp:AOqpTOEEFv9Wp0wKnMJFUB07N_bADd3f-PVyTJUlZV64NDu2HklR2_syP8_VBX2vO49aFgwF6nCbYjwEvHuBRgM,Rohan Fray,https://play-lh.googleusercontent.com/-xzGZvcivvEg/AAAAAAAAAAI/AAAAAAAAAAA/AMZuucly5Lr28Nb8laL0fsKeMw-EaZd7mQ/photo.jpg,good puzzle game. but always desiring new levels,5,0,2.1,2018-12-24 11:53:10,,
gp:AOqpTOGq3YKZw9kDNdk_NsEry1mW_vJ9NbeStpV4O2ZPiHUtaj0VAz6inZnnYe2STFlj95EaxTIjGw_QSetx8Nk,Kathryn L,https://play-lh.googleusercontent.com/-Fs_Zfy9VpZE/AAAAAAAAAAI/AAAAAAAAAAA/AMZuuckyw9rJv0XB2Wi7rLh9KeVEv-Nz6A/photo.jpg,wonderful game play fantastic interface. For me way to easy. Only level 89 challeged me there are 90 levels in all. In all it took maybe 4 hours in total for me to finish.,3,0,2.1,2018-12-22 08:52:46,,
gp:AOqpTOE_KaTZ5n7BeOin1_H7-88bWYP2enDxNLnU3siIYJXxmpKIZ7qYvkAyuPvLLDoz-MY1iZWpBy3gmNWc-to,A Google user,https://play-lh.googleusercontent.com/EGemoI2NTXmTsBVtJqk8jxF9rh8ApRWfsIMQSt2uE4OcpQqbFu7f7NbTK05lx80nuSijCz7sc3a277R67g,"it plays like a mix of star battle and sudoku and it's just perfect! pay once and get the whole game, so no scummy IAPs! honestly, this is worth more than a dollar! wish I could have spent more for it and that's not something I say very often. if you like good puzzle games pick this one up! good job, devs!",5,2,2.1,2018-12-20 05:56:20,,
gp:AOqpTOFWk7w8-RPweJmec25LYmJhRjdqdSHPxhyE9SrW4tD7K3aV7Jn0Yu4P9seAFBAnvg8WExD04MDDcOVgVMY,Alex Nastetsky,https://play-lh.googleusercontent.com/a-/AOh14GjNsg404XO3co3GEP6pkK7D6vIhDYyATrHXyjAnAQ,Mix between Minesweeper and Sudoku. Nice atmosphere.,5,0,2.1,2018-12-18 21:16:31,,
gp:AOqpTOGhHN0B8kEn6KJRCeCjW7LQ-S-ZAzbezEGWsZQk2YKGdv_McHrBlWDJC5MU5B_xreOxd46eOqM4X_d8b3Q,A Google user,https://play-lh.googleusercontent.com/EGemoI2NTXmTsBVtJqk8jxF9rh8ApRWfsIMQSt2uE4OcpQqbFu7f7NbTK05lx80nuSijCz7sc3a277R67g,one of the greatest,5,0,2.1,2018-12-18 03:53:13,,
gp:AOqpTOHSRos9ZMQYvPrQv8KqMfHafQdvlyIc_KUoxD9PRadM2sTwuhcz6pV7_25dwdkyj_CQCu-LSxwoBNqyMEA,Mohammed Hamza Zakaria,https://play-lh.googleusercontent.com/a-/AOh14GjDiHr9BnDEjxdqco2PQ5RsfL46tqFqmUq61JAdkA,This game is wonderful! I like the concept!,5,0,2.1,2018-12-16 07:09:04,,
gp:AOqpTOE8UBDmocne_pij0-DtLYkM5S7XtW6H165UC9bkyYVLI2BSxOTbtjWNCLZOvxWS7rWSExUZCE_TbALRxy4,Vincent Russo,https://play-lh.googleusercontent.com/-VaxvN0Gznbs/AAAAAAAAAAI/AAAAAAAAAAA/AMZuucnr0veYH0VE0-ug8GID5D-Kpou2EA/photo.jpg,"Amazing game. Can't wait for more updates, new mechanics and more awesome illustration. A gem in the play store.",5,0,2.1,2018-12-13 16:36:41,,
gp:AOqpTOHUTADztvcsETYYwB6dIeFVIyXq4POPAc1VuM50Ki1deZwDQxTOJbRtJ4pgZAP_UapQ8YRcr9zHMcvprC4,Milos Prikic,https://play-lh.googleusercontent.com/a-/AOh14GgfUJ9avvHnXTdiySVtxJhDs7aSjfgVjhkxdY56,"Relaxing, simple and beautiful!",5,0,2.1,2018-12-13 10:05:36,,
gp:AOqpTOEH7xSOs2hyhplzlAYZALnQsJKzX7zqPXsbPsgbIsFLDkZWZkKNJ0gFmz6CQuvDIdIZdiEGMM9dV80ZTjw,rohit kumar,https://play-lh.googleusercontent.com/a-/AOh14GjNcPlYbjdYlfUZOz2WUkfYVC1MEa-Le1t5Gxl-Uw,Its a very great game. Feels something like sudoku. Really loved it. I hope new levels are added soon.,5,0,2.1,2018-12-07 19:20:38,,
gp:AOqpTOHHkbo2gK15geR-k25DlZMRllgiPQWlgEIZvktsZhkk9wrM9LLL1bgPSeVQLNq3VhDnk_n3IFpkYFQS-rs,Jesson Chen,https://play-lh.googleusercontent.com/-NFFlqBrxc6k/AAAAAAAAAAI/AAAAAAAAAAA/AMZuucmKc0Z4LhM1D2lzfv6MI3bOuoFXrQ/photo.jpg,Great game! I would suggest a save feature. I've already lost progress multiple times on a few levels.,4,0,2.1,2018-12-07 13:11:30,,
gp:AOqpTOECgKLQ9sSVTwJK6d6ks2DlpAXOUPeYxU7m13ckeiPjTLsc21py7WN-tqi6TgCIrQ546shCSnSaDdK4O6M,Linh Ha,https://play-lh.googleusercontent.com/a-/AOh14GhtMSgZqX9hsN0E-bdTAgox4j3CGihXHbz0sdMGkh4,"Simple concept but brilliantly executed, gameplay is so smooth and addictive. Love the UI design and the background art is just gorgeous! I only have one similar complaint to most people, I already finished all 90 main levels and most extra levels in 3 days :(. I think at this point I wouldn't want any new mechanic but more generic levels that combines all the existing mechanics would be really nice to have. Can't wait for more updates!",5,2,2.1,2018-12-05 20:24:37,,
gp:AOqpTOGyYs42mROz1KuQWnjEKsSdxoi-SdpqW9vHWV-WIzohy8GvmkToqFAhxbPgOgbFrXk1FfDi5QwkPSR-57I,Filip Burík,https://play-lh.googleusercontent.com/a-/AOh14GhIk8na7W4maL77SnkunfAecqvm5Ha5O5VIzCWNIg,Great game without IAP and playable offline. Relaxing yet there is enough challenge if you are looking for it.,5,0,2.1,2018-12-04 21:43:34,,
gp:AOqpTOFNaGCethCNTz6AjXGXP5VAfSm5JyyY4zcQppGlZp4jXwwU2Zbsfj_iu0dZMEA3-o7uz_WIamvg0z0jSZ4,Corey Burger,https://play-lh.googleusercontent.com/a-/AOh14GjF5KUQcxMRSjLwk1qczMCW9Wo537Vfb_L4VCf0jA,Excellent game - not long enough,5,0,2.1,2018-11-15 23:00:36,,
gp:AOqpTOGDktOPnkZbdWQQYNooZhsnjwl2TNGGM5HAT-0vaEUidndUBz-8T7ntmSyaYGKMTxCyESi8rtwZL8jDtYU,Max Morgan,https://play-lh.googleusercontent.com/-Bu5adGEzvYc/AAAAAAAAAAI/AAAAAAAAAAA/AMZuucnwoVUI2QD_mii1Kn9FiMqfVxXQYg/photo.jpg,This is an amazing puzzle game. I would recommend this to many people. The only problem is that I feel like there should be more puzzles. I would love an update with more puzzles.,4,0,2.1,2018-11-13 07:02:23,,
gp:AOqpTOE8-IcrFRHc79KgqaKluyoNkydMpVb_hEeFzMVgJfSD1YKVN15sjI8udFLDYQ_q6NJX_xYYfz_Vf1fiGV0,Shrenik Dalal,https://play-lh.googleusercontent.com/a-/AOh14GjTNLYUIgFCE69es3woJp4_SF3UQb_7vqqEu7Zj2A,Loda jevi game 6e,2,0,2.1,2018-11-11 10:00:23,,
gp:AOqpTOHKc2OjFkThzbdBEbkGFZWo2p2MB5CZDdwBvbuQdiulFzLyL_zuDSMrZ4nDUY0LHDMu5bQslqKMIWz1eyw,Justin Bramley,https://play-lh.googleusercontent.com/a-/AOh14GjmFuTCXjlCOFREOREeZUi8InYY4bDgtVz_c6wSfA,Fun little puzzle game. New rules for the puzzles are introduced in a nice way. I had fun getting through the main 90 levels and am working on the extras as well. I'm hoping there are plans for more levels.,5,0,2.1,2018-11-03 04:14:21,,
gp:AOqpTOGS9XmYT45S2eChfGlM6BZzpOhVKJgUe5dMhnhn1UDAbdOdFKxALfpOkBo3kW77MLvhnxYNLfSAkXNhKPI,Rishu Raj,https://play-lh.googleusercontent.com/a-/AOh14GgVBw58JOy0MMVcIjSAPqu_lbOxMBu3Y3ifZJdv,Please check if level 67 have any problem or not . I am unable to find any solution.,4,0,2.1,2018-11-01 20:57:16,,
gp:AOqpTOHeicS8Zuy5LijDq9wDN068G0dbcA9d0pPWkzzItfVRWqleEEYejdSKYRtB57Fez95Qf5ddv_Lb8334eM8,R M,https://play-lh.googleusercontent.com/a-/AOh14GgrqPqw5xe8HZxiGTHNbaxwRZFPN0Zc_REuKpQCB3w,"Good, but short.",4,0,2.1,2018-10-30 22:28:23,,
gp:AOqpTOHopMLoKTzWgLPI5X4DOZoFUjUPGH4ZBnrlCtY6FFGHPZySm6BRXZEzua0CQO1JICF18s16CYIgu5fYUz0,A Google user,https://play-lh.googleusercontent.com/EGemoI2NTXmTsBVtJqk8jxF9rh8ApRWfsIMQSt2uE4OcpQqbFu7f7NbTK05lx80nuSijCz7sc3a277R67g,"My phone softlocks 4 out of 5 timen when I try to open the game, forcing me to reboot my phone.",1,9,2.1,2018-10-28 17:35:35,,
gp:AOqpTOGqJA6WngUVXqkbYKe67X3xO991uVvpDt78Vuncbt80GmWs9SiXLzzylpSqDyQkKxtOy5NAYIWQGl62MkM,Isaac Ahlfield,https://play-lh.googleusercontent.com/a-/AOh14GiH5BC44dNZX5KEAS0GiF6iSWhDjmcAlsheoD7PZQ4,"This game is fantastic. It's a whole new take on abstract games and it is beautiful, both visually and intelligently. One of the best games I've ever played.",5,2,2.1,2018-10-18 20:07:28,,
gp:AOqpTOEcu23ApGV41v3Q0pehLVEegNQxPHTcHSSPiztykJRZ51K5W-XkUtJc4oo0PEv0dsnJ4ShGju0Wydyxk9g,thota harikrishna,https://play-lh.googleusercontent.com/a-/AOh14GguwbIdhbzVEBjmITDpew9ayr-eNDagIJEMdZfbdoY,Good but need some improvements,5,1,2.1,2018-10-10 22:20:21,,
gp:AOqpTOGn-RDs9u3QPPOBv4_eX5oQxBt3Y4OSyU_r1FLZFU4SdFh9bPcU8rnd1rI488gBJFvBrS1FPlL5-ijynso,ashu raikwar,https://play-lh.googleusercontent.com/a-/AOh14Gj9LqxntvtpXpODJWEjIkArUljgbtoRxAZ4nba-cw,hi i have completed all 90 levels within a week.. can you please add new levels every week,5,0,2.1,2018-10-10 01:18:15,,
gp:AOqpTOFZ-pLw9XqohHymQLZTdCKaV3tQdWyrRm0pBK0fvu18ddN4H_SyZrTl3QWoBkTWPZZ5t5MalyDKPPCj4F4,Anirudh S,https://play-lh.googleusercontent.com/a-/AOh14GjiDFLfL2ewNHEZWwZz8ge0tRe9k-e1juXhyk5i9g,Excellent mathematic picross style number filling game. Plenty of relatively simple levels that you'll enjoy solving. I definitely recommend this game,5,7,2.1,2018-10-09 15:00:32,It's great to hear that you enjoyed the game :) We've just released a big content update with 36 new levels and a brand new difficulty level!,2018-09-26 13:21:12
gp:AOqpTOGzqHnH5Lwo_0ppggIWdcuPrAKKV2qDYFoOHWYVsWiODVWDAqgCykYwuRyl3bpDV4pgYz1BKEEKhHSP_2Q,jordan ho,https://play-lh.googleusercontent.com/-7Q0bq-UUafM/AAAAAAAAAAI/AAAAAAAAAAA/AMZuuclHIhVuS2r12STgo1G7ArufZEYmhg/photo.jpg,Level 60 is bugged. Vertical is supposed to be 17 not 15,4,2,2.1,2018-10-03 21:04:10,,
gp:AOqpTOGzti_M3eBj118h3s1bUuTFiWdaeVyRejYqbhMlMl4t79rFSIUHMlBd-ow-T4BrwcK3fuklmQ3dfvm6vsg,Brad Wall,https://play-lh.googleusercontent.com/a-/AOh14GhL7cSLMeXgdXIn6HAQc3T276l9DffrNL6XilGyM-c,Absolutely love the game. Only one complaint... it drains the battery pretty bad. Wish I could turn on a power saving mode. There are a lot of background animations that run which I would turn off if it saved battery.,4,7,2.1,2018-09-28 09:31:44,,
gp:AOqpTOEzsC9MqOMA40L6Kpjkf2H6xPw8utusXrBCePYomn6VDMw5mVNdRZBqduImFNnLHKxY8oDmualJ5ceC5bA,Will Hensley,https://play-lh.googleusercontent.com/a-/AOh14GjR3Fd9TSBNKW6uzQVV0LbrWuwu3OA_rGb1yFTTNA,"I love everything about this game. It scratches my picross itch harder than most picross games, somehow. Content is very very light though and I hope that improves. Devs, please allow us to mute sounds in addition to music! Edit: Devs are clearly awesome! I just went ahead and bought the Switch version as well 😁",5,29,2.1,2018-09-26 13:38:04,It's great to hear that you enjoyed the game :) We've just released a big content update with 36 new levels and a brand new difficulty level! We have also added new options for the sounds.,2018-09-26 13:20:38
gp:AOqpTOFoxILZv7ssRT90B-P1o-CyybhtpiCX4XBnnfA2Ch3JUboAo6FFIk0NKAa-cYuW5kAYNlQEDBcXe0gOpRc,Brian Caasi,https://play-lh.googleusercontent.com/a-/AOh14GhpBgPPvrGeFmLkyEa9jSSmPztu4U2LETP-pVqf,Good puzzle game. A mix between Picross and Sudoku. Great fun but only 60 levels and 15 bonus levels. Some only take a couple minutes to beat. Edit: They recently updated the game with more levels and difficulty.,5,8,2.1,2018-09-26 13:32:35,It's great to hear that you enjoyed the game :) We've just released a big content update with 36 new levels and a brand new difficulty level!,2018-09-26 13:17:44
gp:AOqpTOFbzhvtjxGDpML13VRDlCEqpnj_3vEI3UQtCUc6i0n8jZ-ykIWMAl8TRm_YlEJLH2dq4NGhk_xkpK1syOY,Anil Kumar,https://play-lh.googleusercontent.com/a-/AOh14GjPDrIXX_LUcbSjge2dfZbzpG27QFByoFGAEJnXHQ,Nice game,4,0,1.3,2018-09-25 01:07:54,,
gp:AOqpTOGAvgbmAHVVbIwqiHgOQEtXJ98A8ESFjB8O3zWRfJ4tYFNJehmaX2JxVmp7t05OxEqrjTTqGHPcCVjKXP4,Ivan Milovanov,https://play-lh.googleusercontent.com/a-/AOh14Ginchyxzq7A8E4mJ71M7w6QEEkdR4zZrogBcBSm,"Amazing game. Gameplay is superb, although only really challenging towards the end. Graphics are beautiful. Very short, only 75 levels that cane be done in a couple of hours. Too bad that there isn't a random level generator. All in all recommended, it's well worth the price.",5,1,1.3,2018-09-06 16:02:12,,
gp:AOqpTOGQxCF5qTFRnpzDu_g2wLE3SO8iVsWROZgJhm0QNuLS_Kt3ErxpiSvAxWCnywBylzwNYJQCRj4QR2cZlog,Not-Billy,https://play-lh.googleusercontent.com/a-/AOh14GhPCuLtHaef8kZJ0RfUwJ9MIoiwLGKkXDxsqlcNSA,"I enjoyed it very much. But once you beat the main levels you get the credits, so naturally you move on to the last of the bonus levels then there's just nothing. All you get is the abrupt realisation that the game is now over.",5,0,1.3,2018-09-04 11:30:46,,
gp:AOqpTOGq7MttMQTZifhS3tYKuAEtPweFBSbE54fvzR3r4LaVZsDDnhEFgvoqXn6HrB7oOZej6cJBZjA71SrW9Hc,Ben Edwards,https://play-lh.googleusercontent.com/a-/AOh14GiYWpbQKv0eeFlJrXEWI2FycO87LtysKbGXyw_YvAU,"Great puzzle game that will make you think. The concept of adding numbers in each hex ""row"" is simple enough and with a few minor mechanics thrown in, this game proves to be super interesting. I just wish there was more. A daily challenge would be great or even just extra levels later would bring me back easy.",5,0,1.3,2018-09-03 19:39:12,,
gp:AOqpTOE1MCpnTjtJARDXE5cVKiM17FXqJE6NODxx_v-tgNYF-AkDiGOdyWsDP9mHtX98nOnnCbdzrYylblGH0VY,Émilie Carrière,https://play-lh.googleusercontent.com/a-/AOh14GiKo_H6-1Hl6g0GtfXkv3TawJp021pYUsqkKvIBiA,Fun ! And absolutely gorgeous !,5,0,,2018-09-01 21:05:12,,
gp:AOqpTOHUA7bnf-X48q9tiz3npflY_CP3pZiPhLl1dHuk-GH_bBtDp0TGdSWDdSG2V_4_td1zecrye7c44bApjZs,Shy Lev-Ari,https://play-lh.googleusercontent.com/a-/AOh14Ghq2nvRiQyWyWfLqhIdKs5cPT2hMmRBui6P120wlQ,"Albeit short, for the $1 i payed for I got very pleasing math puzzles",5,0,1.3,2018-08-30 21:24:41,,
gp:AOqpTOEJ7ggZDudci4PaFwqQA9WAjnJGUT3gtZPd24OA4hET8NyfGTrD4Ds8NhWxhkGKNzFacX-AKFoJV-voxx0,Juan Macias,https://play-lh.googleusercontent.com/-hF5Qy-OYfKc/AAAAAAAAAAI/AAAAAAAAAAA/AMZuucn3ih4yTuHCC3LpvjhKieEQdIG6yg/photo.jpg,"I really enjoyed this game. I was quite sad when I saw I was nearing the end of the levels, I hope they make more levels. Definitely worth buying, had a great time solving these puzzles!",5,0,1.3,2018-08-30 17:41:05,,
gp:AOqpTOGqGx9SxX1kmR4f1ms5GXocDdx4Y1-1AEiZnNV-17QyeOSGNNl0OY3W4SBNn1E26QeU4rEHHqiPGMKkLl0,Alexandre Cloutier,https://play-lh.googleusercontent.com/-QAJ0iv7Oku0/AAAAAAAAAAI/AAAAAAAAAAA/AMZuucm15jR-32V2ryImLHPI6-fafW7hXg/photo.jpg,wormkeally really liked the game. Would be a 5 stars if I would not have completed it in 2 hours. A little bit too short for a paid game in my opinion. I wish you're still working on new levels. Keep up the good work devs <3,4,0,1.3,2018-08-29 14:14:07,It's great to hear that you enjoyed the game :) We've just released a big content update with 36 new levels and a brand new difficulty level!,2018-09-26 13:16:26
gp:AOqpTOEdNO-x7BmXa3_tjycCbPoSzpmaTMPBJvBkDQlbwmT3Fx2AGJS3Qp58CqIdZrnHzVrTg009FNBmf0JqQ68,Nick McElhaney,https://play-lh.googleusercontent.com/a-/AOh14Gih_jhpSyp4IWW_rQ6xqE1UkXSABzrRhsTIX6JI,"A bit short in some ways, but at least it didn't seem endless. Fun game",5,0,1.3,2018-08-27 17:44:21,,
gp:AOqpTOHWxsdmQsuTYW4DGvS3xBiWwbbq0VwtgKHTZ0L_oyor5KjhNc985l-tMXdRW5GQ74zZgVu0d7vFNTceTVA,Chris Keeble,https://play-lh.googleusercontent.com/a-/AOh14GjqEZET7-zaeC9TEAKzprvdI_tIS16Ne17X2kvp6pI,"A new take on a sudoku style puzzle, with stylish graphics, calming music and great gameplay and controls. Hope to see even more levels in an update or sequel perhaps. Great work.",5,0,1.3,2018-08-27 16:17:59,,
gp:AOqpTOG2X-vUW6zajBTnDbn_XpvP8wQi29Kc5Yob-vD85rUzlDe2o9Z1KwMBwhw31BnvPa2Y5eg_SEjNN7YzreY,Andrew Gutierrez,https://play-lh.googleusercontent.com/a-/AOh14GhsOwmiJ8vOhMkI9IUV9L2YLSs9FKGRXllxUzXNpw,"I loved the fast, puzzling, and challenging Aesthetic of the vast variety of levels the game introduces early on. But sadly your journey ends in roughly two to three hours, their ideas of tiring to mix four different games/concepts into one mobile app makes the later levels feel uneventful and boring at best. I wanted to still give this app five stars as I got my money worth, also the sweet visuals the games offers is just a bonus added on with a killer soundtrack! I would definitely see this game being a fan favorite amongst family and friend alike. Lastly the controls were flawless making my experience worth the ninitynine cent.",5,10,1.3,2018-08-22 23:44:17,,
gp:AOqpTOEwYbZwE9oUa_3ByJKzKl-ubRkeeF1dGcNVH6nRI2oxfLElP31pcz6OXcleW2j5T8JquRJQzd071tbxgnc,Alexander McKay,https://play-lh.googleusercontent.com/a-/AOh14GjovPxPELkNTXwWbEGGdr578406bctd2ep0C_80CQ,"Good game, enjoyed it.",5,1,1.3,2018-08-19 11:52:37,,
gp:AOqpTOFXIsIKrHo1hrW_kckM8LZg-rq0AMgrdsQbbpOUT7E2HA2P43CC2BuZYMs01p-E7oqgIILxsuoMtLVGx3Y,Sue Evans,https://play-lh.googleusercontent.com/a-/AOh14Ggun7IplzwLQRGmuLuFyPV5t8N8nCx7SzO6I6JF9w,I found this rather boring & too repetitive,2,1,,2018-08-19 10:27:44,,
gp:AOqpTOErir7n25Garr4KGcTLp1QX7LbNvrb__OQ_QXbsaxq0aBZO-j_UcxWEsMzr8UfsAj9NiSi8ThI4Vh8weCs,Hailey Winstone,https://play-lh.googleusercontent.com/a-/AOh14GjyFHUaVP2ucfNThKeECebYXFzXfBjWS2SQrSKd,"A lovely relaxing puzzle game with great graphics and visuals. The controls 
are intuitive and it's nice that you can actually finish the game in a 
reasonable time, though I'd happily pay to unlock an additional set of 
puzzles!",5,0,1.3,2018-08-19 09:51:01,,
gp:AOqpTOFjHisI8LTx7YXRc0kH6xg_gb2GCvenRekldmiK9HIG2pn332nsRHNp-mF89RmMxbrP18qGMYq8BKvkNeI,Ben JC,https://play-lh.googleusercontent.com/a-/AOh14GhJNXuI-bEbydJPV9egSN0zwQOR50wCYGK7tRN5m4M,"How do I mute all sounds on this game? The sound button only disables 
music. Very annoying.",3,7,1.3,2018-08-17 12:14:37,It's great to hear that you enjoyed the game :) We've just released a big content update with 36 new levels and a brand new difficulty level! You can mute the sounds as well now!,2018-09-26 13:18:09
gp:AOqpTOEDo9gOHgGub2oEfC94d6_yw6rmRrjMMrXH_Wa7r6H2E8SKZoJfTsQErBX4pRK3MvKJuljNWOYekPGDi5I,A Google user,https://play-lh.googleusercontent.com/EGemoI2NTXmTsBVtJqk8jxF9rh8ApRWfsIMQSt2uE4OcpQqbFu7f7NbTK05lx80nuSijCz7sc3a277R67g,Very fun game; great adaptation of Sudoku. Super engaging.,5,0,1.3,2018-08-13 09:55:09,,
gp:AOqpTOGHmBJGegX-qNhQ8vRVGwc9wkCezT2djUVy-QLzSYwz9BRV451j-GzbXcSUB_r-OInkBfoLMrBc98NfSFk,Vincenzo Mario Saltamartini,https://play-lh.googleusercontent.com/a-/AOh14GjNCvgKLLn-fgAxAtGeIocf1L8jiFEQE8HG0tiuiA,Crazy awesome game,5,3,1.3,2018-08-10 12:37:10,,
gp:AOqpTOGQtElS6mfIDuAju58fEfnXY_raQCTXy1BZ1uKsu1EtEsSQXlP2dhnobOq18am-IHF0LkqOcEl8eZaMZrY,terry toads,https://play-lh.googleusercontent.com/a-/AOh14GiGaZmYeHL3ZHtsXtbPIqN8PsYqp46TWfp16P3sjA,"Simple to pick up but engaging at the same time. As other reviews mention, 
the sixty levels (and bonus levels) go by quickly. Hopefully more levels 
are available later.",5,7,1.3,2018-07-15 10:34:03,,
gp:AOqpTOG6Rb45Pdibd6nal-9o3tOp--u_5ZLwn_PqDV2JL9pRwP7niTq771EyujVGyI9E7jmZyYzYta9ZOse5u3k,Ehtesham Mirza,https://play-lh.googleusercontent.com/-P0pGaXFNDOM/AAAAAAAAAAI/AAAAAAAAAAA/AMZuuckccxZdNu2JwZwRUguAMWANUHHiMw/photo.jpg,"Interesting number puzzle game. However not enough variety and at 60 levels 
(some take less than a minute to finish) plus 15 bonus levels, game is to 
short. Worth the price for a days play.",3,19,1.3,2018-07-05 14:18:22,It's great to hear that you enjoyed the game :) We've just released a big content update with 36 new levels and a brand new difficulty level!,2018-09-26 13:18:54
gp:AOqpTOGuBFJYItRQGkk2nXeBbr1lSuxXUu8FvM3wrukLGqBVARAJCCL6I-zJT19ve9ydyWK2SBWH3d0vJBuobhc,Kevin Eagles,https://play-lh.googleusercontent.com/-ro-wSHP-Btc/AAAAAAAAAAI/AAAAAAAAAAA/AMZuuckgE26AEKgBOmky4t58hq0zG8hdVg/photo.jpg,"60+15 levels of great fun. Not very long but no advertisements, which is a 
major plus. Would absolutely be willing to pay for more levels. Great game.",5,8,1.3,2018-06-30 22:18:52,,
gp:AOqpTOFiwP9_ePl04s1kSw9LerFQCS9nCHeJU7Jcb9mFbIs-lx-Ka49GTBXY89IDWDvwnlEXbBjohJYkOSGrtck,Stephen Aldrich,https://play-lh.googleusercontent.com/a-/AOh14Gjjhvjj_lou0s7lecFyL8aImHpkh7deL4bp5E_G,"Simple, relaxing. Nice design. It seemed a bit short. Easy to miss the 
bonus games after completing the 60! Never difficult. Well worth the play.",4,7,1.0,2018-06-09 08:08:43,It's great to hear that you enjoyed the game :) We've just released a big content update with 36 new levels and a brand new difficulty level!,2018-09-26 13:20:47
gp:AOqpTOHThXVG37ZQlWu0a35wcCQ-brJgKc2qBoMU7xnCm9ygArg46Tx-6rBIzyUXSQLzaxyRV8QkmxR8oz71pag,chantal mouton,https://play-lh.googleusercontent.com/-SyC8X7Ke7Pw/AAAAAAAAAAI/AAAAAAAABFA/AMZuucm-4nR_0CMBe_0xaNAqvy7AjZWLMw/photo.jpg,To short and easy! But nice idea,3,2,1.0,2018-06-04 16:06:45,We've just released a big content update with 36 new levels and a brand new difficulty level!,2018-09-26 13:21:26
gp:AOqpTOGF8_dDAcUcZxDbQ2l4jLe3dW1fu8ZUAy_bm8lKsWdy3kjG5LZE8QcHzJhAivvsYpfxkN7IsmNfOgsof-w,Stuart Luscombe,https://play-lh.googleusercontent.com/a-/AOh14Gg3nBCD_ewtJQVQGHWv9Ef-acfOBavFCJ2MALVBxdk,"A fun puzzle game, but I finished all of the levels within a couple of 
hours. Hopefully the devs will be looking to add more in.",4,3,1.0,2018-06-03 15:01:54,It's great to hear that you enjoyed the game :) We've just released a big free content update with 36 new levels and a brand new difficulty level!,2018-09-26 13:21:43
gp:AOqpTOHYjhX_o59Mo-H-Apt0limP-rg5WctqOtmeeg4X2RtKAUS_xYQwJ6z0f3U1IdqHEtJxnyGpQk2mdgYJ3_E,Patrick Connelly,https://play-lh.googleusercontent.com/a-/AOh14GgCY0lCuoQEmOcqT85LyZxRpCuupRbcsxv6yxtHCQ,"I like this game but it's really easy. The entire game took me about 30 
minutes to beat it at a really casual speed. Without more content in not 
sure I could give it a higher score. If a procedurally generated set of 
levels were available it would add more replayability. It's worth the 0.99 
but I can't say I'll be coming back to play this without lots more levels.",3,4,1.0,2018-06-03 12:46:44,We've just released a big content update with 36 new levels and a brand new difficulty level!,2018-09-26 13:22:02
gp:AOqpTOH9G6Kli2DVIQCm_Mvh2FcrDkuH3uWr9UBztj5YKNYHXOuD9HugbnB72bLkCxSSXNt4g6aKR3n0hShB62o,Marek Dziubinski,https://play-lh.googleusercontent.com/a-/AOh14GilhpA6VlJ7udjQBoPP2iKtb5ar74FTAA-BWyTkmSQ,Best logic game ever!!!,5,2,1.0,2018-06-02 07:34:09,,
gp:AOqpTOFWpNkB51Me5nrEnNnyn3mhx0biDCxobd-qsBtZK2rHVI9kQApPrdMuNO6x9zo4wGDN7hnYnTYNuLKbm_s,Robert Crespo,https://play-lh.googleusercontent.com/-4P2SpywlaMY/AAAAAAAAAAI/AAAAAAAAAAA/AMZuucmk2x6X67gXQJkgmlQYKtWUiji7Ug/photo.jpg,"Latest update fixed all issues. Thanks! Fun game. I can already see wanting 
more levels",5,3,1.0,2018-06-01 11:56:47,Thank you for letting us know! We will try to implement the fix for this as soon as possible - probably in 1-2 days.,2018-05-30 13:50:34
gp:AOqpTOH0Lc4jr0OeCpIxkNqQMgxbExsKGf7L7VfQY7xS2Fpc5wkUOliq0WiPwKg3beRyaQ--_lH2ExM55O2CaPY,Andrew Magill,https://play-lh.googleusercontent.com/a-/AOh14GhTmwxRSh_z1jDaysUHig7-IKo-VkOehT4EuCF6Xg,Why the heck is it requesting permission to record audio?,3,4,1.0,2018-06-01 11:44:25,We've just released a big content update with 36 new levels and a brand new difficulty level! This version only requires permission to vibrate and the Internet connection.,2018-09-26 13:23:19
gp:AOqpTOG9Og0SV-41wEfX9hrpZGxRySZRxiXlkcj65IyX9Etv_C-j_rOfu5Cu6fUg1OlfLk6dVynMz9yeS5VCVSU,O,https://play-lh.googleusercontent.com/a-/AOh14GiHywXY7dhoUC3mvCoMNOGXlT-c0E6yhiTwNt1Xbg,Perfect logic game woth great graphics ^^ love it <3,5,9,,2018-05-30 08:52:47,,
gp:AOqpTOGzqIMK6CgXY_X7p_iiqlCVF9Hj6-BSduq2e4PD-dfopvKzfGGhbU9AiMbrKCmg6SoCPWUxfpXfckOaS20,Andy Crowther,https://play-lh.googleusercontent.com/a-/AOh14Gi8GjtlQ7RGm2vkZtC7RzRWOOFXxsSrc--3IXt1dcQ,"Nice game, really well presented, but possibly a little easy.",4,6,1.0,2018-05-30 02:39:12,It's great to hear that you enjoyed the game :) We've just released a big content update with 36 new levels and a brand new difficulty level - hard!,2018-09-26 13:23:44
