reviewId,userName,userImage,content,score,thumbsUpCount,reviewCreatedVersion,at,replyContent,repliedAt
gp:AOqpTOEosIwtm9-0KLifzUIejW3wmom7-OB23Jt36_-ny9jKNUpLQuBf5_hvr2McfF2S1J_ckS_umGoi5DEPCQ,Sian H,https://play-lh.googleusercontent.com/-oTbWcCsEGow/AAAAAAAAAAI/AAAAAAAAAAA/AMZuucnMsHBJICzW1hdx9dhIpyj194jXaA/photo.jpg,It's the worst app going. It's not the colour I use which is dark blue. Trying to turn on to have the overlay on screen is rediculous. It let's you reset but won't turn on. I really do regret paying for the app even iff it is only 1.99. 😔,1,0,1.1,2021-01-17 10:46:20,,
gp:AOqpTOERiN7-TonLf52pxNaY5QQLgoT_VFkz1MUaGXNGbEW9D5CEKSmOj9ZOMJqeWnMliwYZ1usg_qfM---xdw,Naima Zak,https://play-lh.googleusercontent.com/-7E7uNfjq3ig/AAAAAAAAAAI/AAAAAAAAAAA/AMZuucmBAK7VQdbillmckFL_9I0mN5xUyA/photo.jpg,Keeps shutting me out the app,3,0,,2020-09-26 15:21:34,,
gp:AOqpTOG_0BzDjEhorR1Uu6lG3xD9W1FAjpeXfnrH4vUICsh2OeYUPpv3GGRYLQ-CmaFxlTWA9TyDcnx97JsOUA,Ty Dup,https://play-lh.googleusercontent.com/-2tCTijpqjyU/AAAAAAAAAAI/AAAAAAAAAAA/AMZuucnETOH1iLDut-5lkQHrkR9QDidr_g/photo.jpg,It's ok but you can only have the filter on when the app is open. It does take a little bit to get use to but if you could keep the filter on without the app staying I would've kept the app. I didn't know what to expect buying this. It seemed weird that the screen was brighter but it wasn't stressing the eyes.,2,8,,2020-07-24 03:39:35,,
gp:AOqpTOH8Z3GGNd1VCS28Z_YxX87NXsijqV8g8jqnAs7HHhAUMpmj8_NmsFzhbYd29CY9LXyA4ybV4FLvn-gfXw,Ms Courtoisie,https://play-lh.googleusercontent.com/a-/AOh14GjzuOOeyWhWt_4brRG271ZRLejZutjeybYaeCuT,I hope you put the money I spend to download this app on my Android to a good use. It doesn't work. Successful download. Opens. Can access all menus but anything that is the actual function. What a scam. Looking forward you fixing it.,1,12,1.1,2020-06-21 03:04:21,,
gp:AOqpTOFbueEbVVNHbq2XfYUTJOKuOxyuWRhBw1i8yXnziRh-4fI1Sqk_XQFN8DafnX_Oy_-rHsiRHjb6A-lN0g,ReefSiren,https://play-lh.googleusercontent.com/a-/AOh14Gh06TiAsTlshvJNZf4oWg1odwmnkdJHthfVP7cmUg,Finally! This is perfect for using my phone and tablet in bad lighting. Thank you for making this available,5,2,1.1,2020-05-17 16:39:37,,
gp:AOqpTOH6JFMspqVXDIO3jB73UEJYKgkui-Cd9e1DLlj6QmCjI83gAT_HPjC7cecywWhpXpzQwdTwOTf46zzvhQ,Jessica H,https://play-lh.googleusercontent.com/a-/AOh14GgWIbrenmLTSN60QtgE1CRIafRHEF0wTlqxbxNWwQ,Can't read text clearly! The contrast between text and background is too similar and so it looks faded and fuzzy. If the text was sharper this would help. The only positive is the filter over the background helps but I just can't use the app for that. Not recommended.,1,5,1.1,2020-04-02 19:40:56,,
gp:AOqpTOH_x5QwGOn-CzvbAAhA3EayPNZmbtgmO6Kpzl0oVt1KLPUhjokFtQ_NwQAmdCLxaMW-Gu5w4rX2pcQuDA,Quinn White,https://play-lh.googleusercontent.com/a-/AOh14GiiC5V6QiJ4yoz4AFPVdNWbjm3UiCQ7T74zsbf8,"I was really excited about an overlay all that would stay open over everything. However, after a few moments (maybe about a minute) the overlay effect stops and I have to select apply again in the app. Very disappointed my phone may be too old to use the app, but more convinced I should see an Irlen specialist.",2,5,,2020-03-19 01:32:01,,
gp:AOqpTOFSqR62IupZ6twTQn7ScLL5pemNWg-zlxpmQGrvWbXY9F1byEdQxzxGP70bxOQr1OO1Ktd1RBUR7ic7pQ,Ian Hodgetts,https://play-lh.googleusercontent.com/a-/AOh14Gi5Pqe6HGCFqTRE6kp2rHSf-oRi-7LCtEPrI4bCYg,Somewhat useful but why does it keep deactivation itself? Sometimes the overlay resets after a minute as though it's not saved.,3,3,1.1,2020-02-27 12:01:09,,
gp:AOqpTOHmTwssH7XP2ZrS75xm8QpYauMd_SKIAaGDgZhZolPGodS2OIRu_HJsP7CNKQQD1seUXuFWDfvhz7VHkg,Eloise Earnshaw,https://play-lh.googleusercontent.com/a-/AOh14GiyEhv-7W-U_vmzj9YQl0ph0RrTRqybDK2vVHd2Mw,The app keeps crashing and removing the overlay every few minutes,2,2,1.1,2020-02-02 08:55:38,,
gp:AOqpTOFazr8mCqN5m_filsdsO6qV92J1yjSDEjX0PvlOuuKDO9CkTeLAtMorfikJkyQcu1jVC7T7EiwvkrVMYg,Helena Jess Dipple,https://play-lh.googleusercontent.com/a-/AOh14Gguv1A_H4NcqWIH-YsPfGozZZcgpmj-h_mnAo0yKQ,"Mostly great, but the notification bar and Facebook messenger bubbles stay their glaring selves, and I can't find a phone setting to fix that issue.",4,4,1.1,2020-01-16 18:48:16,,
gp:AOqpTOGkwIfNh6aWO44JpwBc8YaGPDX0tx2e4HQFAD4hYrdW6n2Yb-9YZGnxJ71GwSpUS7gFDxKGeDl7JxXjeg,Matthew,https://play-lh.googleusercontent.com/-ZaEXxTwloD0/AAAAAAAAAAI/AAAAAAAAAAA/AMZuucnHHbG9BKqNAeCnvWsJ8sh08lV5Eg/photo.jpg,The app crashes after a few minutes and seems to really hurt my eyes in a way that i dont experience with the physical overlays of the same colour that I use to read and place over my computer screen.,2,6,1.1,2019-12-07 13:29:26,,
gp:AOqpTOHnDUx2D_jtlZc9qROv4DW0f9E166IRsNtrOgUbPqkCKC0uKFTnax34dpd0PnhN1ej_O108qcDnvFikBg,Jess Dipple,https://play-lh.googleusercontent.com/a-/AOh14GjbwkT3jh2Lq7IcHm7aW1rYWL5Vj0SCm3fyYHVa,"According to Huawei Android, it contains a virus. What is going on? I relied on this app for years with a Samsung Android phone",2,1,1.1,2019-11-17 09:37:43,,
gp:AOqpTOECCtpHtJcWYI8cboXyiQLnpIAD7pBA6SzYKeiXRQXV38M6REIUwv4oVokFw6I9J0bicAAHHG-dxMSd5g,Pradipta Das,https://play-lh.googleusercontent.com/-6RxyBAzbiOU/AAAAAAAAAAI/AAAAAAAAAAA/AMZuucnxI191PZO7o9F8xvHS82RTy_-IwA/photo.jpg,I want refund. I just bought this app to realize that I can't read text properly if I apply overlay. Plus there are no custom colors. I feel completely cheated. Please refund me my money.,1,3,1.1,2019-10-26 01:39:14,,
gp:AOqpTOFwjpqv23mFliAhXoUh7mgufehkwjrYq7JZS05wYJ9XUi9_sHN-6bbVmPX652Yg-95OFY4S6BkCzitDAA,Matt Hope,https://play-lh.googleusercontent.com/a-/AOh14GijM8KQkNfQs-c8HH7lB4xKXs6S6LLT284SgLY0QRA,It only stays up for like 2 minutes before it goes away.,1,2,1.1,2019-10-12 15:45:53,,
gp:AOqpTOH-0YPlUgJ4CdJkMntbouf_TVhHLH3GQEJdWF5EH2ePwXJmjA7BAT7saGOIi1wlURfxxPEXojIXiM20_A,N Houston,https://play-lh.googleusercontent.com/a-/AOh14GjQafxMc9uutRXoWbHq1Bxs8csuExagPEpiop11CQ,"Everyone who has problems with app read this. If you cant read the text with the overlay, change your phone font or font size in settings. If the overlay won't stay on, you must give it permission to appear on top of other apps in your settings. All issues mentioned in bad reviews are easy fixes. You can' contact me for more info at my instagram @nicpyro",4,24,1.1,2019-09-17 20:28:20,,
gp:AOqpTOGleBRodOzkfTRuYTQVt_rXb-xxBGKA3zwf57ByDD5QywhUwDpBgTqRirnGV9jz01NV3Xt2O2gisOHIhA,AutisticTea,https://play-lh.googleusercontent.com/a-/AOh14Gj6XgdMaPI6if80J4VuChJZPLMuwf6_JskvnPSYeg,"I don't know if this is because I have a Xiaomi phone, but the app simply didn't work. I could open it and select colour but pushing ""Apply"" did nothing. However, I was able to get an idea of what colour suited me and I refunded it (must be within first two hours, I think) so three stars for being mildly helpful and allowing a refund.",3,2,,2019-08-29 12:54:50,,
gp:AOqpTOHvpnj17ZfBwHdhymItVSbPt2C5j22qd4aCGyej98jBcrgXgcrLP_MInCM2tpZOgTHOqZwC70aKB2I3uA,Briana Davila,https://play-lh.googleusercontent.com/a-/AOh14GjShbFHvr7GpYz2SObQBLN7uoNzDLu23slpNFj7nA,horrible i cant see what im reading it fogy everytime i tried to use it on different cell phones and tablets.,1,3,,2019-07-15 18:26:05,,
gp:AOqpTOGgijByLDje-84v6suXvweKH1S7r-4EV_azBEM2Pfzw0KqhRsdaeXraPe204geixfkO8nXBKLEpHmqbqw,Zarah Cejoco,https://play-lh.googleusercontent.com/a-/AOh14GgFfjQF5t89nlcl4HviYbTkuGM189uX5c3aVC-nBA,the overlay doesn't stay on. it will work for a 3 minutes until i have to turn it back on again. kind of a pain if I'm reading an article. please fix this.,3,5,1.1,2019-06-02 19:33:55,,
gp:AOqpTOH-jwxEwTnERR-yf6QyV-rb0AgW8_5R0hPH63s9YAR0wOR7T4vZRsp1wcIa50dHbpnLl6GxqRkmohTt9w,emily parkinson,https://play-lh.googleusercontent.com/a-/AOh14GhpVu5LqIYSCsFI8W29j0MLEs8u9iD491zErpohrA,"When I discovered this it was a life saver however it does mean that if I look at a screen without the overlay I get an instant migraine, which means I can't look at my boyfriends phone because he can't download the app as its only on android play store",5,4,1.1,2019-05-29 18:10:35,,
gp:AOqpTOHet2O_g9Ft14R9p_Rp-Y5nZPZUIedLcST1bRcqICG2kvC6XFYpjKc2UDAWXYXiBFtpE320ca9DlJ3dgQ,Ele OjoA,https://play-lh.googleusercontent.com/-qjLqQTaAUJI/AAAAAAAAAAI/AAAAAAAAAAA/AMZuuckDVI8SNpuznnmiyaP7AYo3citxjg/photo.jpg,crashes constantly. not worth the price. a real disappointment!!! Refund,1,2,1.1,2019-05-25 22:37:34,,
gp:AOqpTOG0UuRprpRdpwOfhjKFZRORWx21eME66tTSMY9nyIIPcwatUzLa3s5L5iacQT5fBGOPdk8SJRA8yajnOw,Meg Franzen,https://play-lh.googleusercontent.com/a-/AOh14GioigfXTySahZEKQaXdzDZKrnUF564Ch0oiW7b91LM,"I want a refund, you only have a dozen colours to choose from and the custom option is completely misleading because you can still only use those colours to make another colour. when you pay for an app you expect it to offer more than the other free apps do.",1,7,,2019-02-23 09:55:55,,
gp:AOqpTOG7CjjA9unAdpN91-qAhY4oaZTyrmUzPhkuvRpWXNxSw4KJSxHfSeieKRVxFFABxTKyu9ntfWDDQ9bB6w,Natalie Kelley,https://play-lh.googleusercontent.com/-csdbgH3KxeA/AAAAAAAAAAI/AAAAAAAAAAA/AMZuuclNXWWT_0LXt_mjoN8bozJxqmqygw/photo.jpg,it is nice to be able to look at my screen without worrying ab out geting a migrain.,4,13,1.1,2019-02-16 23:41:31,,
gp:AOqpTOFavGRQrdgs12FEea1jpNhOYMV0PwdxqE8egtEbld16cr4fDt9P5vt1axtewtC75adXzLiIgko5oXEMRg,A Google user,https://play-lh.googleusercontent.com/EGemoI2NTXmTsBVtJqk8jxF9rh8ApRWfsIMQSt2uE4OcpQqbFu7f7NbTK05lx80nuSijCz7sc3a277R67g,check your bank balance. i have had a direct payment set up for 1.99 after buying this to be taken monthly!!!,1,12,1.1,2019-01-16 02:40:12,,
gp:AOqpTOH6-p7c_GkwZQg2yAW5HTmYoyMiO0grDVTSksJ-ONvOURZ9zQ_n-uF_weWu5yxnn267YN_8aMstDY5Yyg,A Google user,https://play-lh.googleusercontent.com/EGemoI2NTXmTsBVtJqk8jxF9rh8ApRWfsIMQSt2uE4OcpQqbFu7f7NbTK05lx80nuSijCz7sc3a277R67g,cool,1,1,1.1,2019-01-09 13:34:18,,
gp:AOqpTOGsRZ1wLWogd-iwZz8S5xaVR7dRG8n-0QXQqUABWJIYEApd5IOnTBks6viNF-iM41H_K4qLM7U35soc_A,A.J. Cappuccio,https://play-lh.googleusercontent.com/a-/AOh14Gg0ZEzdUO3btsmHT40ZZQ6iZdsH9lQ6oqnIEOgELw,How do can I get Irlen filter for my computer? I want to use this app on my computer. NOW!!!!,2,5,1.1,2018-12-29 07:54:13,,
gp:AOqpTOEd8LcWfLi7NNXzQ1ETCilH2VUvQL6rPjJmEXH5W-c7Di20aWZRCIJlS32NTq1pvDzrWNQhNWyehmsnWw,Tim Chambers,https://play-lh.googleusercontent.com/--68WaUM9AoQ/AAAAAAAAAAI/AAAAAAAAAAA/AMZuuclBPUjRxxUx0S16r2Q89eYMErIcxA/photo.jpg,"The app fails to preserve black level on my phone (Samsung S5, Andoroid 6.0.1). Black text starts being tinted and blends more with the background. Low tint might be OK for some. I think black should stay black.",3,8,,2018-12-27 22:59:23,,
gp:AOqpTOGP3JiEO26IREVlo60o6a2QqhgE1srGGcC_o-oka39Mtgy7gghUBVOqf-owbUyYG_2__wF2In7KiQNYgw,A Google user,https://play-lh.googleusercontent.com/EGemoI2NTXmTsBVtJqk8jxF9rh8ApRWfsIMQSt2uE4OcpQqbFu7f7NbTK05lx80nuSijCz7sc3a277R67g,simply amazing! but when will you all be available for iPhones as well?,5,2,1.1,2018-12-21 09:27:59,,
gp:AOqpTOGXFkz7y0Z_xoIyEi_Gm02cXXD1KvaRW1qcesPwtxUtQ9mYjijBBDR4O_W43dJLfGGpx86bKRfoUY_4vg,heba abdelkarim,https://play-lh.googleusercontent.com/-1jsSzr61PJY/AAAAAAAAAAI/AAAAAAAAAAA/AMZuucmVqDiNNXQG0zoa4DhxiRCfFznACw/photo.jpg,Did not make a difference as the over lays or filters,2,1,1.1,2018-10-01 22:00:41,,
gp:AOqpTOGtZ3m86g9hkZFxfWImU8L6F9fOrcmyMfRff_LmfH7X0Cq0yUs-ZeadbkWOnuixFo1XHv_YHjGbMeZjUg,Lester Bentley,https://play-lh.googleusercontent.com/a-/AOh14GhwT16yo6ri5_k28gW3vTccp1_i1MFCp2pZK-jP,"just paid for app. Where is it???not on my ipad home screens anywhere. Does anyone know? And also, either : how to use it or REFUND it?",2,1,1.1,2018-07-21 12:34:56,,
gp:AOqpTOF06f_azshQGCTXZZJ6-Ph2UyuJqzF3iJiUCO9jo3bxCUOIGmGZ33_Lt0LScqatLq2AXnXdYrwaIiKW6A,Jessica Critcher,https://play-lh.googleusercontent.com/a-/AOh14GhUaBtfQoLAyQfH2TNyslRzyQepeso-0Cav5HOlGg,"The filter works well, mostly. I can't successfully mix any colors, but I 
was doing ok with just one. Sometimes it stops working for no reason which 
hurts my eyes. And recently, it no longer works on my lockscreen, or on the 
Facebook messenger app. I emailed the address provided asking for help but 
never heard back.",2,8,1.1,2018-07-10 14:25:22,,
gp:AOqpTOHc3XGiwCXDTyclV1cXnDWMynCnar1V-5A3LLsSKPjAnySBSri0KsEWyCMw8qNM7MwthtQ7qS94resqsA,Bingus,https://play-lh.googleusercontent.com/a-/AOh14GgW9QtsrT9Fm1-f8CVUp3vlGGYKEIt9YIguonJrBA,Does not help me at all,1,1,1.1,2018-07-10 11:37:48,,
gp:AOqpTOH80JUSlxamZHPeY9ZjwSymOhJNB21EcsOl7Sx8alKYTIhG8XfQ_Cy8oKGb0nTF7utvX1totKRyEfGxig,Megumi Cochran,https://play-lh.googleusercontent.com/a-/AOh14GgWVXqAOCRGVeI1OhPhv6k7ND3Sd_8NeFELMmAy,"Wonderful and I will buy the app for my daughter, as well.  Thank you.   PLEASE let us know when there is an app at the mircrosoft store that we can use on our laptops.  I would love to have an Irlen filter over my screen without having to use a cling.  Yes, I have Irlen lenses and my daughter does as well.  I have also ordered a cling.  I need additional tinting on screens, but wouldn't want my glasses so dark for everyday activities in all light settings.  I change the background color in word, but with other programs, I am limited.  Thanks again!",5,1,1.1,2018-05-07 12:16:12,,
gp:AOqpTOH0x1LqEA_AVa3uuGNdBDg_07yl1vKR9ZrnsTIl5fbEJO-q30YnoNrQdKR1XHQDKYGB2hVPaK2YSGz91A,otilia n,https://play-lh.googleusercontent.com/-9wK61OCT22E/AAAAAAAAAAI/AAAAAAAAHQw/AMZuucncx0gpzJ6W9pt5HfpWczyzoYShaw/photo.jpg,"the app might be great, but it has a ransomware, SLocker-1, you ought to fix that!",1,3,,2018-04-06 09:23:33,,
gp:AOqpTOFJgeFLQZQ3DI1TRQX167ug-VbsCu1Ssj0xgltUv2sIrGvbViwJtT1lOJisRh8c6Zmmom7_KheLPfQzZw,Evey Greve,https://play-lh.googleusercontent.com/a-/AOh14GisZTesedWeR3Zcrnu40E1I842Gj88zB6-NXYg81g,My phone says it has a virus and won't install it. Such a bummer.,1,2,1.1,2018-01-18 14:44:14,,
gp:AOqpTOGF9ioYtK88IPq9m6zsNdUYO3_8WctdzDhF-Kb0GTYFoVY9OlJD7W2Z5rbm_INnpl5HcyuzobCe5Ka3kQ,Gabbie Parry,https://play-lh.googleusercontent.com/a-/AOh14GiE-GTAF2QJsbyMiJPGRP9FtiqJKb7Xe3ym1G-iEQ,When I click to install the app I'm having a message pop up on my phone saying the app contains a virus and to uninstall​ the app immediately.,1,2,1.1,2017-09-30 17:13:11,,
gp:AOqpTOGOm5URk7_uBIkv-Y524YxjSVtY3eKTmFuuToQBKbcgslVLCfHF8Yuyn5E0ma45YWpmr8TzCwqpUeaXPg,Phyllis Smith,https://play-lh.googleusercontent.com/a-/AOh14GiOXdC0oZYoZRCBBQCk1GVsq2s0l6PoOvkGOhw0,Amazing app. Simple to use and it definitely helps with my irlens!,5,1,1.1,2017-09-18 23:39:09,,
gp:AOqpTOHXaALIsgROQ0DApvUkrF8aF41qYokcZHFc22WzhaPWuTbk3fZzSRKaL3FFqP1op3EPEAX8RUDR5sjD-g,L R,https://play-lh.googleusercontent.com/-h0TJVAfmUeQ/AAAAAAAAAAI/AAAAAAAAAAA/AMZuucmd1GZWyejenVJuTFXh0ltVyahD8w/photo.jpg,"Used this before and couldn't get it right so never put it on new phone. Now have different color filters on my lenses so thought to try again... But antivirus on my phone (Avast) tells me there is Malware in the code?! Don't know how else to contact Irlen, so hope they read this to fix it. I want to try again, but won't argue with anti-virus software telling me not to install this app...",1,2,,2017-09-07 23:17:29,,
gp:AOqpTOHBTJVXpEe4QVtBRERHOk9xs_sOOe6sfbbTDOWhjUwkVFldGzIQb81G7f-DbtJTTMqWtCSWBHSfT2RFDg,Rick Latham,https://play-lh.googleusercontent.com/a-/AOh14GjXSka2Jcw8ufA0J89hKPGYgP3FEKWvekihm56O,As an Irlen sufferer I am so happy that this app had been developed. I use it on my Wileyfox phone but when I went to install it on my Asus tablet I got a warning starring the app contains Malware that could put my security at risk? Please advise.,4,4,1.1,2017-08-12 11:42:23,,
gp:AOqpTOEEQOmDHkmuoFGBWv_BXTU0ptp_fYcYQxg2Gk_Ha1DHHqtEEpRpQSI0Sa1lRh6kgMPWNhZYiSZI6irR2w,Rebecca Jones,https://play-lh.googleusercontent.com/-UsNamfkZsHs/AAAAAAAAAAI/AAAAAAAAAAA/AMZuucl76rwwHgdBqy6jNE7n0D4aXVWpjQ/photo.jpg,"When it is working, definitely worth it! It keeps turning off though and I have to continually open the app again to turn it back on which is annoying.",3,1,1.1,2017-08-02 05:52:51,,
gp:AOqpTOGWBLdz5cVEx3Ip8GRzKoMXfpbTzJs_qPV0yZ5Y3LiVYIRmq4DqAsYyUJtVmFm4jL56xJwKhyCjytoCgw,leah peters,https://play-lh.googleusercontent.com/a-/AOh14Gh1YeK4W6aY4dFKEZV7fthZvXDVOY9FHX2KS-t_,This app was wonderful for the two weeks that it worked.  But it has crashed and now I can't get it to work without paying for it again which I am not willing to do unless I know it will work.,3,1,1.1,2017-07-20 06:45:27,,
gp:AOqpTOEDTrA3GGCO3b8vi2r_bCcPS9QeWD8lUjCkDcwqG21IxT_gglQRLuyiUL8a995nu5eXoF62d0Yw4SByDg,Rivka Robbin Freeman,https://play-lh.googleusercontent.com/a-/AOh14GgsfOCgZdcLGr_e534TL-AKuCAljnO8PNRWyvCMzw,Colored filters minimize light frequencies that are undesirable enabling me to use laptop and mobile device.,5,2,1.1,2017-04-30 19:10:07,,
gp:AOqpTOHDXHcLRCjM2NePbqLP3sfQtOydS9FCLxovDWakIA2eKb7G3n8JKKV8l0yVzQB8xRoz3-hgcC8MzvLm_g,Kerry Rowberry,https://play-lh.googleusercontent.com/a-/AOh14GhW0T12T2lKi2ZuQ4iGbbe0Eokx2DfvSLFJfYGTWw,This is exactly what I have been looking for. I have Claro on my lap and desk top but hadn't found anything for my phone. I have Irlen associated with dyslexia. I notice another review complain that it overlays black and reduces contrast - but that is exactly what it needs to do. It is the contrast between black and white that causes blurring on letter shapes and eye fatigue. Thanks for making this app. Very reasonable price too.,5,22,1.1,2017-03-24 05:07:48,,
gp:AOqpTOGllX_5ZwfS3tL2jdKJeT40-kVcyJJHhWOMseo6BECVAQqgBpJMEBkWKe4LRNmMHZBxg5tKmoTEoxNXIw,Ewan Murray,https://play-lh.googleusercontent.com/a-/AOh14GhG0klNRMAgk0fYBPAHeB5zX8UdbNZBp8Q4rFheuw,"Good app, but needs a widget button so you can activate it from the home screen, rather than have to load the app",3,2,1.1,2017-03-15 09:58:12,,
gp:AOqpTOHS28fGFMVibsi7_TQ7Yc0eFLJ9x9Ui-q5Nm1kiZDFf7NIrCeAOcZ05FHMbOEumzOSjPqdzNBjSOywG7Q,Manlio Lo Giudice,https://play-lh.googleusercontent.com/a-/AOh14Gg0hbVzfKL9cG5uUwhSZ7Bw3EhGJse4gGKZ3-SBUEg,Avast is detecting a Trojan after the installation. Please clarify!,3,1,1.1,2016-12-13 03:39:21,,
gp:AOqpTOGALxAqMoq2nlMEXjhPbcbeZurl0xy1SBIgPbV2pCVdhQ5_2lMtE92NWuEAXnLsYV8ao4LaaXyeUbqpqQ,Essie L.,https://play-lh.googleusercontent.com/a-/AOh14GhmYF2efR32KXimOuZRoAgBbw7vYHDSey18TeJxHw,Dims the font. Can't use my color because I can't see through the overlay.,1,3,,2016-11-26 20:13:41,,
gp:AOqpTOGIUCvILaKG9H7TgTSR7FsubVhXWtqwJhIr8CoyAehK5dejXqjDrdtlJF0I0SM-OOe6_QYHXP4fRo8dxg,Eileen Barnett,https://play-lh.googleusercontent.com/a-/AOh14Gj4de1yHPhPZxDXrrDcMyzxlxP8vuSDX3oVuUDioA,In this day an age of excessive lighting this helps so much. I do get the point Erland is making though.,3,1,1.1,2016-11-02 14:18:50,,
gp:AOqpTOHbqN_pfXbN4QekBfZB2BBR371nGdRLEEMzXHLsoSIYLbnqNIMxl-pNNYnfwa2FN55iaZIl80EarNYamg,A Google user,https://play-lh.googleusercontent.com/EGemoI2NTXmTsBVtJqk8jxF9rh8ApRWfsIMQSt2uE4OcpQqbFu7f7NbTK05lx80nuSijCz7sc3a277R67g,I've used irlens overlays and glasses for most of my life. The colours in the app aren't as strong as the real page overlays making this app a waste of money.,1,3,,2016-10-02 17:13:57,,
gp:AOqpTOGxdrNKhNeNL8X8SZHNgdIb8o7MN1zvpMWyV44LYiMAHlm6Pe1S0gf8gyHM1WVSyjCqMTHN6mHkEQf3EA,Daniel Wilding,https://play-lh.googleusercontent.com/-DM0Ni3UCZ1U/AAAAAAAAAAI/AAAAAAAAAAA/AMZuuclFCV2IJVVjIAxVOwykRzGaTzsICg/photo.jpg,I think this app is very poor because I had been using it for only two days then it stopped working. I have sent feedback to the developers on three occasions and have received no response or resolution. I feel this unacceptable and very unsatisfactory particularly because you have to pay £1.99 for installation. I want a refund of my money. I advise others who have an Android phone to avoid this app and continue searching for a more helpful app to manage the challenges of visual stress.,1,2,1.1,2016-09-26 08:37:40,,
gp:AOqpTOE_He4PPbnA2dRxcOyX3Nfusat-p5V1OvDtMvNTM6Z5jhPQk8t1v2GOM65FtatpqGEfCvFMvsmlYMkF8g,Sorcha O'Reilly,https://play-lh.googleusercontent.com/-JxPcp5IKOS8/AAAAAAAAAAI/AAAAAAAAAAA/AMZuucmMPkkvG5CaMOSuEXh0VU980aUoOQ/photo.jpg,It relieves my eyes somewhat but it crashes CONSTANTLY and I have to keep turning it back on. Not a wide range of colours. You can't make the screen darker than the phone's settings which is one of the main things I need which a similar app which is free is able to do. I wouldn't be keen on paying for this app when I can get much more from a free app.,2,6,1.1,2016-08-31 06:17:40,,
gp:AOqpTOFShjgptdgGYb4f2sAs4_w-P4ZTQ9t068frldBHGgRW1mYsetbuK1WRv9oB6Mfy342fdAgVPVKjkrsejA,Erlend Bronken,https://play-lh.googleusercontent.com/a-/AOh14Gi6X-rNWImlpTuQNTj-qDzZj21nLW_YQEKYSQrU,"A real overlay lets black come through undisturbed. This app clouds the screen, making black into gray and the added color feels disturbing, like a shining mist hovering in front of your eyes.",1,11,1.1,2016-05-23 01:23:09,,
gp:AOqpTOGfOgUOX0OgNb3zAMC-_aZWFNgPbBRUYYDeynPEhKhI0pTfMATtrgaWaSAKYlKqpJLvN6gRQhSJ0UwzIg,Austin S,https://play-lh.googleusercontent.com/a-/AOh14GjJ2Lm_CUPhyqVR_RnfGfgxbZ0SKkAIvBBhpF3t,This app helps so much. Makes my phone much easier to look at. Sometimes the app will turn off when it's not supposed to but I'm okay with that.,5,1,1.1,2016-05-17 06:52:49,,
gp:AOqpTOGEUPCZd-7k3LxR-FQPxU9vN-X6xmedMqT_NTDc5SPs9BmicxSo4i2lUeIebzy49nyKUMSEwxgeK171vQ,Chris Livingston,https://play-lh.googleusercontent.com/a-/AOh14GhIRz5-jy-x1Y-2BiFT7Q3DunfV0Tr_JFAC7onKhBE,"I am hoping to find out if a particular color will make my life easier (in a fluorescent office all day).  My only complaint is, the overlay is applied to everything, including the color black as well.  This makes everything lose contrast.  Trying to read on Amazon kindle app, with a strong color makes it very hazy because it lightens the black as well.  Kills the contrast.  Still very much worth the money.",4,24,1.1,2016-03-31 10:37:47,,
gp:AOqpTOEtBv4sBfViGvvjjCbUglZgIqpq3HLVcAmiryWwlQxKmnkPY_MKgu8TqOG5MMZHOWb6_wOhF6CHCz1z-g,Jade Bowker,https://play-lh.googleusercontent.com/a-/AOh14Gj7-SmbnMHeAFxZqCchE-FSC8MjI_LIwvXqmuSdZJY,App is great for people who only need a light shade. The more I turn the intensity up on the purple the more it fades the text. I still struggle to read.,3,6,1.1,2016-01-25 13:44:14,,
gp:AOqpTOFxPGhZ6GZ6l4MuoYKCvDr5d-bNR8QzUTlW5FHI-SSh-RKsSsoBpwbcbK0IAMtOvX9YANx3Go7chKQyRg,Becky Winter,https://play-lh.googleusercontent.com/a-/AOh14Ghevlb1568zYtzYJyd4ja9TQz0uQpexbJx3FB9T,Great app...... makes my phone and tablet so much more easy to use and read.... any chance you could make a version for a windows surface?? or computers?,5,4,1.1,2015-09-26 12:44:00,,
gp:AOqpTOFaRPXypw9TygUkOS0eXDGTSBbwWJzjrWNjldG4VPpMWRn8O8XPb5t36veYyN_qfsgpzejZobAHJDCKYw,Jill Scherrer,https://play-lh.googleusercontent.com/a-/AOh14GgAciN94kvld8Ysnm00CmeRtdgG65Llv_xk9eNw,"I can customize colors, and find the exact shade that minimizes my double vision. So happy to have found an app that overlays every screen on my device.",5,5,1.1,2015-09-20 06:27:23,,
gp:AOqpTOFBG15w2b8RgI_K8gXENahTzSxYYZPNUxGnVmfga59FI7IUjnt5SltLloartT8ueow7kEKWWLrrc4rjpw,Georgia Simmons,https://play-lh.googleusercontent.com/a-/AOh14GhpVT0_x2N2ExzGz5WDYwv3FDHwpZKeDwirkcbc4w,Thank you Irlen Ambassadors.,5,3,1.1,2015-09-17 20:27:25,,
gp:AOqpTOGeTx4JndCd_YRcWt4LPNLHRvyfmt7NGmYFTo3jcYQgAu-0bLiCCFE2Ae61-uUSIsl2HHqx9tbUBfxt1w,Sichvot Gaming,https://play-lh.googleusercontent.com/a-/AOh14GjguiQ0ANG8OTRYK4x8SwlREQbebMtrjS2_rylq,If you get headaches and/or your eye's hurt from looking at your phone/tablet. Get this app and find the color that helps you. It made a world of difference for me.,5,3,1.1,2015-09-09 10:43:43,,
gp:AOqpTOHBiHnNsqyISzs8WtJl4AMdx1NFROFY0ZUncLnzu51sAMwSkuy-dEfoMNFGJBPQy8COWc5VH0WNtXh0dg,Leah Armstrong-Fulwood,https://play-lh.googleusercontent.com/-CLjPC0szpvE/AAAAAAAAAAI/AAAAAAAAAAA/AMZuucnbb_U6vZ4AcLUmyGyDX06i2OUktA/photo.jpg,Error message and wouldn't download. Huge shame as really needed this for my phone,1,4,1.1,2015-08-10 00:22:36,"An ""error failure to download"" message is usually a Google Playstore issue that can generally be resolved with the standard fix below:
- Go to Settings, Applications
- Find the Google Playstore App
- Click ""clear data"" and ""clear cache""
- Clear the cache for the Google Play Services
- Restart device
This generally resolves the download error issue.",2015-09-10 09:51:24
gp:AOqpTOEY-dozrty8HhtFNSQdtb9BekSYvwSeD6DcAW_MbBjflEN8KOyCFnjtafYEEIp_Osgg3r8c3pQB9iszZA,Zan Pyreanor,https://play-lh.googleusercontent.com/a-/AOh14Gi6zJijL7lVOVzU7xukg2HKzY4YnRUjsFU0Be4m_Q,"For those of us that prefer darker colors (my Irlen filters are purple grey purple, real dark) this doesn't do the trick. As you increase the intensity of the overlay your text fades out. I can't get it dark enough to help. I will wait and try it again later.",2,8,1.1,2015-08-04 02:43:27,,
gp:AOqpTOG5hpKMO1PumVh8w8n-amKLBOfUnsSiyT8389YKgaU4dWNBGL8fUq5Q1DOudP7RW4bJLOLX72dGRg8D5A,Griffin O'Shea,https://play-lh.googleusercontent.com/a-/AOh14GhuDDQ3IBcEKmKxInaKaPm0-OkMcqq9oeWln5Forg,"This is a great app. Stable, well done, and flexible.   My only desire is that it be easier to turn on and off. There is an app called Bluelight Filter (apologies for mentioning another app) that allows the user to control it from the pull down menu. I like the setup of this app more, but the pull down option would make it perfect. Definitely deserves 5 stars otherwise.",4,27,1.1,2015-07-14 08:50:16,,
gp:AOqpTOFW-EWIUnltKtbx-UTwfdjZlTbEIZenrrpyabWaUGnvb7NGUnn25pZgdbSrhKWy2vD0Hoj_fFAEr5nKqg,Cameron Villegas,https://play-lh.googleusercontent.com/a-/AOh14GhRqa2D7OjsQMAI9Ydvt98cHTTytkTZWgC-SZITHQ,I never knew what I was missing I knew that my phone was too bright and I had a hard time typing bow with this app I can see the right way,5,1,,2015-06-25 13:54:49,,
gp:AOqpTOGj4X72HlUg6N7bQgGSo70dSELPtccXlWcbTRMyBnc1ovFIRHMWRyYGGv4ebC2LDc04jUeDtqNTTjdanw,Heather Reaume,https://play-lh.googleusercontent.com/-C5ZoYe4wWuQ/AAAAAAAAAAI/AAAAAAAAAAA/AMZuucnqNV6jUB-2M1ADYUxRLJrOaK3yng/photo.jpg,Can't say enough how great this is.,5,4,1.0,2015-06-25 10:05:51,,
gp:AOqpTOE0q__dA8Oz121TdOaGU8gChtWil58qxWbFAWwIzxhXBld87QiBsBDQYKlWo8D9I1aP3YUByxluHeEHrQ,Sandy T.,https://play-lh.googleusercontent.com/-4pL5FBVYvmg/AAAAAAAAAAI/AAAAAAAAAAA/AMZuucngT6yBxjlZ1vuIOS3zrExQMbT6KA/photo.jpg,"Such a simple app to use, and such a big difference. The screen is so much more comfortable to look at now.",5,2,1.0,2015-06-24 18:55:44,,
gp:AOqpTOFloOfb0JAKzZC5Bds87WQfIitGMDi96QtS57q7shs01YWd2i01zEDkUhpEO85TF1BJ9R5kH11AEhZnqw,Emma Oberdick,https://play-lh.googleusercontent.com/a-/AOh14Gg7bW--1JSu9obLP4eY4t-V0R0gdImVoevv8qP80w,Discovering I had Irlen was such a life changing experience. Having an app for that is pretty awesome!,5,3,1.0,2015-06-22 19:19:53,,
