reviewId,userName,userImage,content,score,thumbsUpCount,reviewCreatedVersion,at,replyContent,repliedAt
gp:AOqpTOG5yfZliuW69BAQ3mOqK5KQq2XKECi4OWd5kHiP3h8iARhOLWoBOuRNbPbSdRHyPm_TuqFSKnMgkZmZFAw,Stupes,https://play-lh.googleusercontent.com/-NPmU7WiZAsk/AAAAAAAAAAI/AAAAAAAAAAA/AMZuucnQJmKn9x6pifMs7y8QnAzIbRVr1Q/photo.jpg,Very good; possibly the best!,5,0,1.2.5,2021-01-27 01:19:57,,
gp:AOqpTOHBUdIZvv0VAV0ag44EXc3JYMDZxYi5PgGoO3cJh_gvvhnLtT9OE0hP3qDr5UfcLBSwHICgwKG4_kpsnL8,Mary Ann Leslie,https://play-lh.googleusercontent.com/a-/AOh14GggVA9VJtWsXfBp-i6VBu2LzAS4aeX4zhhJjv_3HQ,Works well,5,0,1.2.5,2021-01-17 22:23:30,,
gp:AOqpTOGpONlwvVNSIplxJhpTzOoJV0LyCz4Ee4Y6_vgt63WGwuaxDq7Cwh_sVAwFtG5LqX9EDPTvqKYm2kjXteA,Amy Windsor,https://play-lh.googleusercontent.com/a-/AOh14Gj4VHMyC1R1jGDJWtsltZo_F9CFWhJUbq606vXaey8,"I really like this app, I find the actual sessions really helpful, but the app starts constantly by itself! If I do a session it will then start by itself almost any time I pick up my phone! Ironically, it's causing me a lot of anxiety 🤣 I don't want to have to uninstall it, but I can deal with the constant starting by itself.",3,8,1.2.5,2020-12-13 17:43:53,,
gp:AOqpTOFt-5qogiGJatkmwoq4H-jqmb20chc8V7wtlzkpoqIGn0_TK2lVmElRfQ7DZZjBU9yI8i2NKNRzQnbzRys,Jean Ferlesch,https://play-lh.googleusercontent.com/a-/AOh14GhImFIDSzOzR6txmEKh3xfQ9E_OqI9x_GiQ6ldI,"I had witnessed changes in a friend of mine who did EMDR. I cannot afford therapy right now so I downloaded this app. Words cannot do justice to my gratitude for this EMDR experience. In combination with other mental health tools, it has helped me identify and relive a traumatic childhood experience which has set me free.",5,5,1.2.5,2020-12-08 10:35:02,,
gp:AOqpTOFJ0DzMWFDM0qqm9l9ujBvTSaZMPEyElZpcppzGAjwVrjLl9odgG_3YtRz5pxR7czEfkHbl65IxXEUIzh0,Emi Organ,https://play-lh.googleusercontent.com/-HSvZed3egM4/AAAAAAAAAAI/AAAAAAAAAAA/AMZuucl7whNONEa_GArUwja5FkvBHXb3nQ/photo.jpg,Phenomenal App and the developer listens! They are even adding soon a female voice option.,5,1,1.2.5,2020-11-23 13:26:43,,
gp:AOqpTOEisbluC1xt1MmIQZbXxlNdXAysD9dHbjRyohEKSvJ9GR_OX3BfCnlC8UqSW7i8vvNjzCVaJuVP5eVwuEs,Helen D'Silva,https://play-lh.googleusercontent.com/a-/AOh14GgiBCP7DyJKmkdrGDzIn_duzIorfn94IjLWUNms,"These are just bilateral audios. As a psychologist, I am looking for a combo of audio and visual BLS. I have found another free app which contains this. Very unhappy with costing.",1,2,1.2.5,2020-11-19 23:13:52,,
gp:AOqpTOG0MF-Av0yKVjZ-UgWcCYC6O5Wj_-IgywMCiVVzj93e6KdzB11OWbTWETp00zcfymCu41y6Y3tHs9-C2Iw,Jen,https://play-lh.googleusercontent.com/-bzZ6nyFTwwg/AAAAAAAAAAI/AAAAAAAAAAA/AMZuucmspU1-vwwXfY1Uic_ALlAR50PdjQ/photo.jpg,Phone updated and app no longer plays the audio tracks - is this going to be updated?,2,1,1.2.5,2020-11-04 17:23:42,,
gp:AOqpTOGU9IQbPKW8F_0e6Qln5HaLajx8xOL58IgIoQdThTA5v3vKUzIT9kSg2aUFN2JVSjL2IMrfXFWY5CwwMFs,Kryistina - Lung Ma,https://play-lh.googleusercontent.com/a-/AOh14Ggb_m_yAi8bT4PkCxPBjLdziOeaOvLEOxM8VwCGQQ,"This is an amazing app for use during virtual therapy sessions with a therapist! ... This app allows me to continue to use EMDR in my therapy sessions, during virtual sessions from home, due to the pandemic. ... I really enjoy the self-led functions for practice and reinforcement of anxiety-relieving behaviors, even when I am not overly stressed, as regular practice ingrains the behaviors so they become automatic in times of duress. ... I was quite relieved at the clear avoidance of faith/ideals or other topics besides simply healing from anxiety, in the sessions. Many other relaxation/calming apps speak of specific body parts (anxiety for an amputee), use religious wording (a trigger for those abused by ""the faithful""), or visualization guidance that may contain phobias.This was what led me to believe that there were careful, thoughtful, conscientious mental health professionals involved in the creation of this healing tool. ... I told my therapist about this after I evaluated it's functions, and he is very excited to review it himself from a more clinical standpoint, with the intention of possibly suggesting it to his other virtual patients! ... To suggest an improvement; I would like to see a stereoscopic add-on for this app, as it would allow for distraction-free immersive VR functionality with even the most basic of headsets such as Google Cardboard, a huge boon for those of us with high distractability. I would accept this add-on as a micro-transaction within the app. I would suggest another improvement as well, buy my ideas have tangible value. ... (""..."" Added to signify between paragraphs, as the review form turned my review into a difficult-to-read wall of text.",5,12,1.2.5,2020-10-19 18:13:08,,
gp:AOqpTOGk4PmhUAz1WCNBi2w-KkctIr2wXFL1skE_AKiLbIzaRoZcFppOUQjtwF0A3cel3_B0jkJHJXsXGjitFHg,Chris Corrente,https://play-lh.googleusercontent.com/a-/AOh14GjnQEKg4nEuyn72eUvXCUwR80_mGhK7916KVwvtvDY,"Amazing app but please, please, get rid of or at least lower that guitar that comes on at the end of each session. I end each session feeling amazing then that guitar jarringly blares in my ear and undoes the relaxation. Begging the devs to edit the audio and remove or dramatically lower the guitar, I'd give 5 stars",3,19,1.2.5,2020-09-25 18:27:19,,
gp:AOqpTOFcKjAD_RQ7Bp8QzZCJG_5tN9WUqzYHv0BijDTq9ZyRNfbKD6J0V9dDJkryj4MHpDtzZ3IGnRCuNQkMJ_M,Taimur shah,https://play-lh.googleusercontent.com/a-/AOh14Gj8fBBFKd4OWc-IT4EnW1CdFn1AwG02E9Ass8Dh,This is fanstastic. But I have one question. Does it release anxiety permanently?,5,1,1.2.5,2020-09-15 03:16:22,,
gp:AOqpTOHpQsfDJpd7A85bj8i1qreZGmJlcKFQOml8kPWqu0Em2r51-ruz9MIY86jPYpzsFp1YoCYwxqbSYO6hyxw,Patch Eckert,https://play-lh.googleusercontent.com/-lR2yphqX7l0/AAAAAAAAAAI/AAAAAAAAAAA/AMZuucnCvGe6kzjjoZF1dgRxQq3c-aWtjw/photo.jpg,This is the most helpful anxiety app I have ever found!,5,1,1.2.5,2020-09-07 17:26:50,,
gp:AOqpTOGb_IXWi3TwQPkycvz-vS8kC-eXDblASKtoAK5rDA9m-Z4qQ8yLznr_xyK-1rUtObIj9G8Yew1n466vv3s,Cory Lykins,https://play-lh.googleusercontent.com/a-/AOh14GjjigPOwu0p7iTkzdX4mDWroyvn-jMT3nidTsMg2MY,"Wow! What an amazing app and process. For those of us without reasonable access to EMDR therapists, this app is perfect. Even the guided meditations alone are the best I've come across. I hope to see some more added later. I was 100% ready to mess with this app for about 5 minutes and then hit Refund. After giving it ago, hell i would pay way more for this level of content and the result I get! Thank you a million times for this hidden gem!",5,33,1.2.5,2020-08-01 21:47:29,,
gp:AOqpTOE1E0ooyuPJnEM-aEF3S5RFz6IyMP2d81sKQeUN-XgML1Ix4y9Y09fxqqjDsmayq_M6bOEf4IDDwgbnTLo,Megan Leonard,https://play-lh.googleusercontent.com/a-/AOh14GiQGc8Vak7ZySynt8WpmJAwGs2Hf-tE2h32073vUkE,I was skeptical (but hopeful) that this app would be helpful. It is the best money I've ever spent on a nap and I have been recommending it to everyone,5,8,1.2.5,2020-07-28 14:53:43,,
gp:AOqpTOE_U02iQ_G5G9Vl57vn9GP_pJheaTCs7-DyHjBv9ykq0gAxng4PCcNkJA1roDR6O0Hse02GmJqFF9_MOt8,Patrick FIsher,https://play-lh.googleusercontent.com/a-/AOh14GgLSMvmWpOkr0eKe3-vhB68AxkKxk2cMR8WDUYdaQ,"Skeptical Until I Tried It... This app has helped me get over panic attacks (and anxiety attacks) in the moment they begin. It takes practice and patience but it worked for me. The guided eye movements with noise ear to ear....I know it's science...but I couldn't believe the state I was in after 5-10 minutes. This may be for you and it may not. We're all different, but as it's free, it's worth a shot. The first time I used this I was anxiety riddled on a plane and it got me through.",5,10,1.2.5,2020-07-23 18:58:38,,
gp:AOqpTOFHROW12LOhK-t14qoDB3X0fSZfF0fZh0pInSFB519sFwdC27Ng1OkILy8ypYY_xurntA2n0g86wWndF1w,Vanessa Rombaut,https://play-lh.googleusercontent.com/a-/AOh14GjQvA8-_WIjAaQjZLBzwS39gPPzbWNmEo50uW-q6KE,Amazing app,5,0,1.2.5,2020-07-17 10:39:06,,
gp:AOqpTOGdXoKvOeD-nZ4tpUyuE7mg483ZlhAkgIYW8y9FZKNbjmaE4WO34sdvLmwSYIO7n80eJx-OBByTUSSlxiA,Hannah Mordy,https://play-lh.googleusercontent.com/-FIZ16yeIiEA/AAAAAAAAAAI/AAAAAAAAAAA/AMZuucmfapVdZbV4OGOyJULQHC_OdL96nQ/photo.jpg,"I loved the app WHEN it worked. It hasn't worked for awhile now, meaning that there is no sound and the image is frozen on the screen. My anxiety has been bad lately and I haven't been able to use this app for relief anymore which is terrible.",2,1,,2020-07-02 07:20:47,,
gp:AOqpTOGJiXZyrGW8O2df5VvJyJhJF6zkbcIxsnXOlAjWw9E7O7K2h2TRukJXZzHhZun_sN63vcmejM2ZjoGSZq4,Jojo Westphal,https://play-lh.googleusercontent.com/-6pRSJCjy7Ac/AAAAAAAAAAI/AAAAAAAAAAA/AMZuuck7lW-cOhMCboiiXvSU5IsZJuxexg/photo.jpg,I love it,5,0,1.2.5,2020-06-22 08:39:40,,
gp:AOqpTOE6E-hr_EDUXa05K1A7kHQTQeWH8AaWKv0Hst6OdKx7CkYEVmAYzotfMWPynnQvaXumMlbbUiyDLij2uNA,Meredith Cady,https://play-lh.googleusercontent.com/a-/AOh14GgP2Koo1fHw43EUBIpyPiUSbuey4IIO_X88p4mf1TA,"Awesome. So soothing, you don't even realize your brain is adapting and learning. Love it.",4,3,1.2.2,2020-04-29 20:22:41,,
gp:AOqpTOFMWVgITU93vFu253uzP8SkFEL5ldrCb68sbFpHc4TkGR-a5t2KmXO72BIN-SNfK6uCFF0RZ4Ml5NgUtWY,A,https://play-lh.googleusercontent.com/-uYmwAeURtt8/AAAAAAAAAAI/AAAAAAAAAAA/AMZuuck9m0TMP3CvPwcrMydHr9yaPjB7YQ/photo.jpg,Excellent App for Anxiety,5,0,1.2.2,2020-04-24 04:51:46,,
gp:AOqpTOFZq9cI4ciKeHihzhwVyYPUyjU8cdeBkoIDlExRW395hQVVzilTdpqKt1kXCKbnZ6bHF9wW_bhXsavZKtE,Ed Brendler,https://play-lh.googleusercontent.com/a-/AOh14Gj0zvYszcfiywNO5WRXrcLaV-iis10jfBL5iMOA,Best anxiety tool on the market.,5,0,1.2.2,2020-04-20 16:02:12,,
gp:AOqpTOH38U6nctI0YGtvnHnDkBOqkLjJMkI-4GxCV73gkZG5AFDCXRl1u1YhgXs3cwO-Ny7w1HbtiQznSApKKqE,WyldBky x,https://play-lh.googleusercontent.com/a-/AOh14GjmFN8Ekr3ngq45j5t6ClMMpBgAdCUQM-ShxTUCnQ,It's amazing recommend by my psychologist to help with my extreme anxiety and PTSD and it's really helpful during my attacks. Highly recommend!!,5,9,1.2.2,2020-04-09 04:50:35,,
gp:AOqpTOF6vpElMrNcb86sDPriePfoF_V7FQRew53Ivta4ickXAuAUrwSMsT3ffxONR70HO3vdl89QYS-hNw_mVio,Ve,https://play-lh.googleusercontent.com/a-/AOh14GhP-T1os_8YycujD3i_iCumncxXxMXJbRb4k-7KMZM,"This app is amazing because it helps. It isnt flashy, but it is the real deal. My anxiety is lower after doing a session. Thank you so much!!!",5,9,1.2.2,2020-03-30 04:25:51,,
gp:AOqpTOHmV7-NT16CtfkCFmzI-xXVoI6TLzol9J9wAmHCgM2b3Z3IQs0zNmAs5tfjnAIMKo3a1UiW5WDhJ9O5cPY,Gwenyth Crabtree,https://play-lh.googleusercontent.com/a-/AOh14GgydvcHG1CVvdXZ6y4WJEA5vrPA76tWHndD5eB48A,Doesn't work on Pixel with Bluetooth. No support available. No place to leave feedback except here. This product has actually succeeded in worsening my anxiety and aggravation. Thanks for NOTHING.,1,6,1.2.1,2020-03-26 19:25:07,,
gp:AOqpTOExppuhXOdR185q0amlj-y6l24wC-ANB7KBTSX_Rz20UMRFoEa8BPFc2fWh29azzDoLvOHOxxG72W_Wnk8,Kathy Sarin,https://play-lh.googleusercontent.com/a-/AOh14GjDMYXgFsMvykoLLWC66-rG7hq04i7GNzs4JnJNfQ,Excellent app for home use. Better calming results than meditation. So glad I found this app.,5,0,1.2.1,2020-03-25 07:26:46,,
gp:AOqpTOHy_DOLxzgDjfTDXEEOXo1kYE_dwSz6d32tnOVMOwSoeAGbusa2r2IjmKfiRxMajsAHna5CGfyxee1ssJM,Tom Yates,https://play-lh.googleusercontent.com/a-/AOh14GjwpUbNwrkTYsHcaNualGvnogk6vCXsfs2NwAEJrw,Fix the backlight / lockscreen issue on Android.,2,0,1.2.1,2020-03-22 09:29:18,,
gp:AOqpTOEPDC3anb2xVenxiQ6fN1tmbY2UdT_1mCGOymz5otf8gI3thn1dqWJx5W-Hkw4Gn1eeQ0wFdAvI3ZAOVR0,Reshmi Subramaniam,https://play-lh.googleusercontent.com/-YUlpLy4UktU/AAAAAAAAAAI/AAAAAAAAAAA/AMZuucnQpG6ZlL2jWZajw84JA8XeTW2l1w/photo.jpg,"unbelievable!!But i have seen that when I do the eye movements with the alternating sounds at night before sleep, my sleep is shallow and I get up in the. middle of the night with anxiety and cannot sleep for hours. Why does this happen. Please help. Otherwise this app really tones down my anxiety",5,5,1.2.1,2020-03-09 23:24:16,,
gp:AOqpTOFgPVMEyK5IuJHhVd8y5C_jr6cVevLsz0ihRO0Xofqt3727BLC9qvywXN9ngFlnACDUoDl3BlVTPhxHLV8,career rao,https://play-lh.googleusercontent.com/-sILKGGrrXxU/AAAAAAAAAAI/AAAAAAAAAAA/AMZuuclD70icnIp8EUpDCJrW1KppIMcleQ/photo.jpg,"If you feel anxious for any reason or no reason, I strongly suggest to give it a try. It helped me immensely. For that sole reason I am reviewing so as people who are anxious give it a try.Please give it a try. You might feel the freedom. Above all, given the price we pay for being anxious, comparatively the amount of money I paid for this app is almost nothing.. Considering the expertise and experience of Mark and compared with offline costs for a EMDR session, the price of the app is reasonable, in my opinion. In my phone Redmi Y1 model, I could not get 5 helpful articles under Info. Given the various phone models, it happens in very few cases. One email to Mark- Author of the App-got those 5 articles in my email in few minutes and that too on Sunday and he promised me the next update will not have that glitch. I appreciate his support. Try it.",5,10,1.2.0,2020-03-01 23:11:38,,
gp:AOqpTOG3hOvbCDDoSjMJZaj2-dRpQHp1jKHO1IDaS1S5uPAlrCikz1P0VQbUaOssEMPaduYeLMZIhxdT-swnetc,Kathryn Turner,https://play-lh.googleusercontent.com/a-/AOh14GjRlDAOoosNXsxVcxIh-HpZhTg2VPWy4neF5IsOsg,"A bit uncomfortable at first but soon got used to it, surprising just how effective the first few sessions have been.",5,1,,2020-02-13 03:30:44,,
gp:AOqpTOHrJpbA4P-JqCgQ6aQ9E1jDsHsDRpNIV3_8QLVUBQm0pouLiuW9Mi01nJvnQOhSfO5gkXG7J3uiIGnQRdE,Andrew Speirs,https://play-lh.googleusercontent.com/a-/AOh14GgoJeZMuVvMpFIFJ2Fvk6MPuBLbKuGAGD0Qs6i6rA,Doesn't work at all with my Bluetooth earphones. Seems to work without so pretty odd. Might be able to figure it out with help files but the links in the info tab don't go anywhere when I click them and there's no contaxt/bug report option,2,10,1.2.0,2020-02-08 21:42:25,,
gp:AOqpTOEMkz5cC8WBtKKlz3gpbBhWjOB2m6KhNh6qfB47Nwcw-T4_nDkphX584qeoK_6zDHD6u58NnjvpeRxSkWk,Thomas Headle,https://play-lh.googleusercontent.com/a-/AOh14GjwiT9zWe1fl1IhBVeHZ6bTBTzxDZBUm0A7_JOFLZQ,"If you had bluetooth vibrating paddles, this would be 100% the whole package.",5,3,1.1.0,2020-01-15 20:47:13,,
gp:AOqpTOFX4kuuqS5pmvTNsotvsvfbs7e6ZpNZCLZ78LmoMe_uRZxsrSUGAT2IUuF6_2Zjua0b0Iq4VWRshWOVBeE,Maureen,https://play-lh.googleusercontent.com/-Bd4qcfJ6qTA/AAAAAAAAAAI/AAAAAAAAAAA/AMZuuck4_MdMIl2tvehdIn6tjzYV9i4I4w/photo.jpg,"I can't say enough positive things about this app! The bilateral tapping, along with the author's calm guiding voice, quickly and thoroughly ease my stress and anxiety levels even when they're through the roof! It's like a miracle. The app provides excellent information, guidance, direction, and several audio tracks that are deeply healing to me. It works 100x better than anything else I've tried, including guided meditations, sound therapy, ambient music, hypnosis, etc. Deep thanks to Mr Grant",5,17,1.1.0,2019-12-27 13:03:27,,
gp:AOqpTOEiHB0qZ-xf3GBpmIpGEXYS3XOJRVGPBewgB3MN2De6Mrdyga7rMoefe22UNtRXSrxwtEO02U7CLi-5VKo,Tim S gmail,https://play-lh.googleusercontent.com/-05TX91zeecU/AAAAAAAAAAI/AAAAAAAAAAA/AMZuucmwPeRjDqf-wzMHbf1xfyslEZNjuQ/photo.jpg,"Remarkable. I didn't expect much of this app prior to download, but I'm glad I was mistaken. My baseline anxiety has gone from a 6 (often higher) to a 3 (often lower) on a scale of 0 to 10 in the course of a few weeks. After each session I can expect a reduction of 1 or 2 points. I have even been able to record a current anxiety point of 1. I didn't think such a thing possible! Looking forward to how this app will effect my anxiety level in the months to come. Optimistic and grateful!",5,14,1.1.0,2019-11-27 19:56:15,,
gp:AOqpTOHzgShfsSU-dqn4yBDzT2zXxql3fuR6NxFigMttrftU_rY5A9GF_zWvtvt7itj6gBgOoo8eKeD-TIQZGZQ,Mick Irvine,https://play-lh.googleusercontent.com/-dVi1yx8X1Io/AAAAAAAAAAI/AAAAAAAAAAA/AMZuucnjwXVoAsirie9bTPWQ-UT_LBWddw/photo.jpg,I was expecting eye exercises not music/beeps,1,1,,2019-11-22 05:00:12,"Although eye movements are the most well-known form of bilateral stimulation, the audio bls has the same effect for most people (focused attention, decreased arousal) and you can do it with your eyes closed!",2020-02-13 22:35:57
gp:AOqpTOHrQo1ELCtyzSIt_ukdLZfl1n7jESBH3oLw72UOBU58hlA9w9XOSswJ5GZRNadBx3JvVFkOsYdvzud61ZU,Sam Lea-Wilson,https://play-lh.googleusercontent.com/-QOfPS-wHQ34/AAAAAAAAAAI/AAAAAAAAAAA/AMZuucldQp9AHUPylFkJJToW4zVT0tCVRw/photo.jpg,"The best anti anxiety app I have found and well worth the money. The EMDR does have some effect on me, but not a huge amount. However the guided meditations are the best I have use and help to drop my anxiety level down a notch or two everytime. Would recommend to anyone who struggles with high levels of anxiety.",5,8,1.1.0,2019-11-13 05:01:15,,
gp:AOqpTOHZYqq9wF__7eOZ5vbxKTHjQH42IAkx0Bqv_axoloRBkEI9TkjDL0Ar9Rv2sjuYzXqqqNNc16hy3BtP8a8,Debbie Rhoan,https://play-lh.googleusercontent.com/a-/AOh14GjIKSsO4Km6wZTAgY9_SmodCnPLCdF3byNsAFA,It helps me relax to sleep,5,0,1.0.9,2019-10-23 17:34:43,,
gp:AOqpTOGPIl6i86b7z772KZvZoQ6pczB4eD_hBUZzhiourWk5xAA4J7tYenZ7LaS7bG5oYldA0ikPDANLYt2dJIU,Natalie Weate,https://play-lh.googleusercontent.com/-ylulcbR7MqI/AAAAAAAAAAI/AAAAAAAAAAA/AMZuucmZgr0hV-uwx2vkgbQSq8srB4TqRw/photo.jpg,Thank you thank you thank you this is an awesome app.,5,0,1.0.9,2019-10-18 03:47:21,,
gp:AOqpTOHiAwjtok2QS1FdNCW7kpIDDtCYt7B5pQTMWoRtSJIX-NZsjAbLaehwKyNKD-sceFjIlU9LiAppl_60h-k,Debbie May,https://play-lh.googleusercontent.com/a-/AOh14GicA1YCkWKeg4CM5OFXudUJ51c1Qu0a-6gyzFP95A,Really works,5,0,1.0.9,2019-09-29 14:39:03,,
gp:AOqpTOGEwoM7UMRK8ZdWXGAY5DzN40IRZm5TsGyGP3-x3P7e-e8g0m0IcN2U_l7XKWdOoSAHOX0Be6O81dOC8YM,Nodi K,https://play-lh.googleusercontent.com/-hL2DxMgryH4/AAAAAAAAAAI/AAAAAAAAAAA/AMZuucmUojytyDIkR6-fGx_iYS3DerI8VA/photo.jpg,Great app!,5,0,1.0.9,2019-09-02 20:02:48,,
gp:AOqpTOFEImYj0tNUrm0GsksjN3t1zrmfzjUwXFKK0QtctE5_mOhysiP7i-WzTle5G7TvSKu6bI8gDbzR5DNXaX4,Heidi Glick,https://play-lh.googleusercontent.com/-cNTODQ6mDPA/AAAAAAAAAAI/AAAAAAAAAAA/AMZuucnnxHCBqZ3ZmX1yGu803xJ5V9TNqQ/photo.jpg,Great. Very relaxing and affirming.,5,1,1.0.9,2019-08-18 18:07:33,,
gp:AOqpTOEPc_y6w1YTdpI-EikCP36i57Ln4FEZFhjPNXFA8ZSqyFfM1z4zrA3WakHUA71480UwwFv14YFxv1ikj1U,Carol Gorham,https://play-lh.googleusercontent.com/a-/AOh14GiTtLF5RFPJl4j8ziwW2gakHkjyyJUv2eewtScvkKE,Love this app! EMDR is a great tool in a stress-filled world. The app is better than a French-vanilla latte :),5,12,1.0.9,2019-08-07 08:01:57,,
gp:AOqpTOEidhG6NEeQcO1T0M5Z6kCZC2zEi6xiHkCRc-FI29KEs6ykIlLldDTnuw9PzPTg_9qU8tRzL5eyB_t0Hx4,John Welbourn,https://play-lh.googleusercontent.com/a-/AOh14Gj0KovdoTgCLoJhViIk_fEO4lmzfbZmI-CVBQIEfMM,"Brilliant app, great for de-stress. Definitely the most effective form of relaxation i have tried. Effectiveness is maintained over time, unlike other methods where efficacy fades with repeated use. Highly recommended.",5,4,1.0.7,2019-07-18 00:54:02,,
gp:AOqpTOG4ottV7crTU78OBOXCyFPhcHHbjZJkdJ262fGJvImozHUboKoj_etFtB4CP2gYUJNqtRLgyieNGymrXvU,C G,https://play-lh.googleusercontent.com/-p-j_miywjew/AAAAAAAAAAI/AAAAAAAAAAA/AMZuucm5xJf12A7WPifEuguhP_vZIj1zow/photo.jpg,great app. listen to track 3 while thinking about the thing that's agitating you. 15 minutes later you're calm,5,4,1.0.7,2019-05-25 04:06:16,,
gp:AOqpTOEImzd-tmEyhoOlLQ_2iMd6TV_rh8G5qCUxd6-L0PYapAUcT8COalDH5S-8FuUQDVPDhIHBlWlEmBPsljQ,Millie Wright,https://play-lh.googleusercontent.com/-FicqiKJWTGI/AAAAAAAAAAI/AAAAAAAAAAA/AMZuuclcl0oi_sdYOq18mQqk0vx6pUpJgg/photo.jpg,This is the best thing i've found that calms me at times of extremely high anxiety. It calms me down so i can at least have a break from my thoughts and symptoms. Thank you.,5,2,,2019-05-17 03:30:15,,
gp:AOqpTOGzjxYI4BYZJjDZbia6ve08P9iTNrw4qm1HWXTige3iAHbc-Op6TEB3klhz2aU-Vp58iK-Th58YCnPtnY0,Steven Vanzandt,https://play-lh.googleusercontent.com/-cLBFil1J8u0/AAAAAAAAAAI/AAAAAAAAAAA/AMZuucloO3CwBUd2RYRgCiNIvstDqFcQzw/photo.jpg,Amazing app suggested by my therapist,5,1,1.0.6,2019-05-08 21:42:08,,
gp:AOqpTOEN5Ic28L-8TPZ2eMUYA_DGswm2rwmdrcneSladVJBhN6Cn-HKN8aMp1R8zbuGNnMI80SKVN6gTk7Egz7Y,Oliver Brupbacher,https://play-lh.googleusercontent.com/a-/AOh14GiEsjqilwjV0GhovzkVKk2-l5fmjyK3Bv4l1TOofXI,this app just tried to make a phone call ...,4,2,1.0.7,2019-05-06 08:50:37,,
gp:AOqpTOH3tQyQ5yimcsq8_Je9L1GJ6jw2N2XkMBheL-ZeG0WnZYCs7HtQ9mzNgJw9q_raeh_ZTlGQFgXoE6oQWh4,Lindy Eastman,https://play-lh.googleusercontent.com/a-/AOh14GibwPENftxOoY8NimnsWOV9QTXUeEE2RNzxPlFkjww,"Thank you for helping me with this amazing appl, it's been a very helpful coping strategies for Mild Traumatic Brain Injury. The Clinical Psychologist tried it on me in her Office, I've used it ever since. I'm grateful for your work..hugs, thank you. Warm regards, Lindy",5,5,1.0.7,2019-03-29 23:26:37,,
gp:AOqpTOGezl2tt8v3_TgjUOU2KyTL-JGKb_1ToZd5ZOvnuNTtozc0RGUX74FxoZbOjP6FFxU-hF_Luoe5iXFqbKQ,A Google user,https://play-lh.googleusercontent.com/EGemoI2NTXmTsBVtJqk8jxF9rh8ApRWfsIMQSt2uE4OcpQqbFu7f7NbTK05lx80nuSijCz7sc3a277R67g,"The latest update, ""Healing Anxiety"", helped me so much today! thank you, Mark Grant, I feel like you understand exactly what it's like to be me. Your voice is also very calming.",5,6,1.0.7,2019-03-20 09:01:33,,
gp:AOqpTOHcs6JVlmJY1G6Ix-vQkPKOOHxq5gjq6mknvIB9P8cLWJPuqE4QQ1etDV14vIXck6PL71-RnarZm5ysL68,Mark Key,https://play-lh.googleusercontent.com/a-/AOh14Gg6u-7o7CL8s_nxy_7FFJVQMg1r22VPs14DYsQArw,"I gave this app 3 stars because after about 35 seconds it goes to the lock screen, thus preventing me from focusing on the alternating lights. This makes my anxiety worse! I checked the app's permissions and it shows ""prevent phone from sleeping"" as being on. I've tried uninstalling then reinstalling, but it made no difference. My phone is a Samsung Galaxy S6.",3,21,1.0.7,2019-03-15 22:48:57,,
gp:AOqpTOHBvKUfGul8kCUn9Pdv0HOmtAnFL0S8NkcZN542hL3xHTNLhdf9D5Np27_VPlS8EONt2mxXF97nDgDbb0Y,Wesley Brown,https://play-lh.googleusercontent.com/a-/AOh14GgEJ4yTyZVi7-DbHe08D2iXV75mellOsPvYHe3Mjg,I came back from Baghdad with PTSD this app really help me with my PTSD,5,6,1.0.6,2019-03-08 06:16:48,,
gp:AOqpTOHDQR2RFLka9JVX57NhE6HyedI4o3375EmyBxGTbrLIs4eWS_g9x3N1mEuYh4zJYkFO1mcgi1Ba7RcyKrQ,Roger Pilney,https://play-lh.googleusercontent.com/a-/AOh14GhXOxkvoS258Kjq6KLPLI-yLJqJJyZUE3spMCbH_A,soooooo good. just like my actual PTSD EMDR specialist,5,3,1.0.6,2019-02-20 22:34:58,,
gp:AOqpTOEWrgi_xL79d2zd4WaGVnBEDeT-f7HaYSH9BS3VbB-8enJIjmESP5ZebchUIGPM1byGl7ZV93c4BkQJvvw,Rin C,https://play-lh.googleusercontent.com/-XsP2ngP8lkk/AAAAAAAAAAI/AAAAAAAACzU/AMZuuclZgmRA08SKF70sT_0Nn8CBylebdw/photo.jpg,My clinical psychologist recommended this app to me to help with my PTSD and anxiety. I tried it many times starting with varying levels of anxiousness and it has been so effective for me so quickly each time. This app is worth every dollar. Thank you for creating this.,5,20,1.0.6,2019-02-09 04:55:41,,
gp:AOqpTOFADUVTvMZJ6ofN34jEcB_qZaofsQJi8T9u2BNz1tvg6ewgv5Cr8IhMEc0xpbVcT5f-IMkj1BKSAEEWpm8,A Google user,https://play-lh.googleusercontent.com/EGemoI2NTXmTsBVtJqk8jxF9rh8ApRWfsIMQSt2uE4OcpQqbFu7f7NbTK05lx80nuSijCz7sc3a277R67g,great,5,0,1.0.6,2019-02-09 02:41:17,,
gp:AOqpTOHCqgzb0ajiLmKzBeS_lnov_Wyyvzh68ikJa-EOSjr9B75T2bbM4F-ODSUvYodoO02SpGgFsa526furCAI,Janesse Leung,https://play-lh.googleusercontent.com/a-/AOh14GjX8a33CVpgGWADAq2Zg36D5riCyGjuq3nihcSpIw,"Really helpful and thoughtfully designed, best EMDR or anxiety app I have tried. No ads or glitches at all so far. I am recommending it to friends!",5,10,1.0.6,2019-02-02 06:38:31,,
gp:AOqpTOEQMM4w8-FrLBAwJ2Typsw-jYawZyftSzh7W8-8eMT6UfoLm3b-ubgrxq0qEzbQ85HJXe3xvO25BEv2uHA,gah,https://play-lh.googleusercontent.com/-OrmNWEw77Tk/AAAAAAAAAAI/AAAAAAAAAAA/AMZuucmvpN4kQC37SRMeueOcwCztkRpU9w/photo.jpg,"Love it. Auto repeat no longer works, when playing anxiety relase 3",5,0,1.0.6,2018-12-27 16:09:39,,
gp:AOqpTOFsWt1QH4DnV6GIVPUZ9L6FE8ReyT0M_u2nvMjpPq3fMQf9VtCkB3ad7v5rFNf3hbeNYWCtsiYI5qjn96I,Ryan Walker,https://play-lh.googleusercontent.com/a-/AOh14GhvyPqTZ9yf4sXrOx4g46LS8LjRdHe_OwJb9orPVw,It really helps my anxiety,5,2,1.0.6,2018-12-08 07:10:09,,
gp:AOqpTOHm7DFx4yrx3SRnvf5Rd-zsGtenmY-CqVjZQUGsHt46gMh3OoUn6F9Sjpat6NtozhW61qMwA3tMNRdDSjM,Irene Sadler,https://play-lh.googleusercontent.com/a-/AOh14Gh7dSME4ETkPDUW-MOsQ94nHhPJWq4np3iH-gLGKw,Very effective for reducing anxiety. Much more affordable than a counselor and it's there whenever you need it.,5,3,1.0.6,2018-12-05 05:30:17,,
gp:AOqpTOHUDuHwbaQe7s-0gcIIaKaKrueiXE8heMFSFqXlOJgHquHC7hHUufT1Q2hqw5agKk-L3Kx7lX076Ej2yE0,Joe Jacob,https://play-lh.googleusercontent.com/a-/AOh14Gj2bRNxE-ZubC0w-8_Vtzhe8CMg2R3RLymdAoRBUg,"VERY effective, with excellent results.",5,1,1.0.6,2018-11-25 04:42:27,,
gp:AOqpTOEa97aNpmeafmcptitivotbQpRGKvVNvwrr8IlYFalYdDsFF0Hq1GFyTXaififzFsHZhVOrUU6Q72wMCoU,Dan Guymon,https://play-lh.googleusercontent.com/a-/AOh14Gj5cCvI3nWCcOrEhgFCVL2RSXa-ISw-J31W0T9z8Q,"App closes when you get to the rate your anxiety level,it doesn't matter if you skip it or not. Developer needs to fix it.",2,8,1.0.4,2018-11-08 15:43:22,,
gp:AOqpTOEDL_YBgNGagtZQNyezxVJOjtIbna0gfImNFlAGfJAReED9tQH0FtWeXox0scS6kiU8z4kHEdNsAXA9388,Addis Mengesha,https://play-lh.googleusercontent.com/-n7DuksKQ4Ms/AAAAAAAAAAI/AAAAAAAAAAA/AMZuucnovuobHmEZNuuuduqot98e2IkuPA/photo.jpg,"Terrible update, program doesnt work ANYMORE",1,1,,2018-10-31 08:47:38,I think this has now been resolved - please try deleting and uploading the app. If it still isnt wortking please contact me directly at markgra@ozemail.com.au Thankyou  Mark Grant,2018-11-06 02:10:49
gp:AOqpTOFuwO9DvhY3JCfRY3Iexm43ta_SqN2sLJ2VnywxzoVrV4M_nDvwUz9WXBTVhis9egkfPgKP1gTi7JVSpKU,Sam A,https://play-lh.googleusercontent.com/-Ge2PWBb_fWg/AAAAAAAAAAI/AAAAAAAAAAA/AMZuucloiCDzirbfPtmKYBWeQKX1kzwpAg/photo.jpg,Cant use it!.. Keeps closing automatically ever since the new update.,1,3,1.0.3,2018-10-31 08:46:17,I think this has now been resolved - please try deleting and uploading the app. If it still isnt wortking please contact me directly at markgra@ozemail.com.au Thankyou  Mark Grant,2018-11-06 02:10:24
gp:AOqpTOHVm9-Qgof3C4vRk9VHLxWkJlGyEBK6DNjP7O_vR6mPbkurJSvwxci26mh4S1SuZ8iy-UJxVzDnXSPCI8A,Katie Maples,https://play-lh.googleusercontent.com/a-/AOh14Gj_FTvGgxUXD9QndQ8sXSJ8ti9xAoKFzFVLlaZOM8I,Way more helpful than my anxiety medication. Medication just masks your problems while these exercises teach your brain to handle the anxiety and comprehend it in a different way than your instincts of panic. This was recommend to me by my surgeon to help me with my anxiety before surgery.,5,8,1.0.2,2018-10-15 07:57:47,,
gp:AOqpTOEP42uVVK7COk4UmPy4hNQovXOGs6bu_8qqMGVY86o636f3mFJlSrGw6o9iFy86NUjyLNdJLwzLL895gHM,Mackenzie Larson,https://play-lh.googleusercontent.com/-jgQCzwh6SY8/AAAAAAAAAAI/AAAAAAAAAAA/AMZuucl7PUM_tq_OUtbAJI3MUHGxkwP9cw/photo.jpg,Wonderful app that helps especially when my anxiety becomes unbearable,5,0,1.0.2,2018-10-07 14:05:47,,
gp:AOqpTOFonD1fQJREuuimno5sxRT-KVYJPGul8ueZcXcnDbLtXOilPr-txeT6tGxqXMKYXJ3c-FHu2YAFosErgLw,L G,https://play-lh.googleusercontent.com/a-/AOh14GhsUP445p2Vj5BMHHxcA7XOJ-k3jg-2nh3AmW4O,This works!,5,0,1.0.2,2018-08-01 16:48:38,,
gp:AOqpTOFr9_xp86LgckU0dcb_ejusm3F7oed3qiW_bjxLB8Bn-bUbMDCEriseqQ4LKSF4iAsOlAT8M-PwgwzxpCw,Jim,https://play-lh.googleusercontent.com/-brCySBZTImo/AAAAAAAAAAI/AAAAAAAAAAA/AMZuuckVLRdDbHihRESN2vcgFujGkRosaQ/photo.jpg,"I was skeptical as this was my first experience with EMDR, but it does help. It doesn't really take the anxiety away for me, but it takes the edge off. 4 stars only though because the brain visualization doesn't work for me (samsung s7 edge) so it's audio only for me.",4,2,1.0.2,2018-07-23 13:16:57,,
gp:AOqpTOFiaEsk_KhyOsueM8qn-NSpaKUFdPjI4aoJo5Qey-7DZ5NnkKfGTbq4yjpbfEpe-t0pxsuDGSa2y_HpS3s,Brii Eberhardt,https://play-lh.googleusercontent.com/a-/AOh14GhDKGMFkB0qveFhtSQL1qIvVg19q0VuDliom5Wibw,Amazing app if you struggle with anxiety!!,5,0,1.0.2,2018-01-31 06:50:02,,
gp:AOqpTOFkpIvJnNquJV76_m2t3Dj2IijTEZnbO190iJdAbaCP6qLtEdI4q7iJdeFf5FaIHZznNyzJZX2nQbAVcjc,maggie drennon,https://play-lh.googleusercontent.com/a-/AOh14GgMuOMkGeHMG9hM9teFZm9ZvHkk-AaLiENSrHQn,It calms me down in sixty seconds. I'm amazed. My panic attacks are crippling and I have other things that help but this is by far the best! Thank you Dr. Grant!,5,1,1.0.2,2017-11-20 16:22:11,,
gp:AOqpTOFkFu5y37tFlKo1pbqkiWk2QTQIEe8vLDgMbdbeX59Zud4CjeRFucV0sHfTW7On19Ziy4tTeJxs7lO7Tgg,Samson Areli,https://play-lh.googleusercontent.com/-eXecT2Or9zE/AAAAAAAAAAI/AAAAAAAAAAA/AMZuucng9ztzs2xPM-WSjmHvD54uDeqUSQ/photo.jpg,Would be nice if it didn't auto shut off everytime you opened another app.,3,1,,2017-10-30 07:54:24,,
gp:AOqpTOG3xtxThdlALQqELuEaJqCdDq8Bk_LkojAfEhZjmPLtNpJ6TmLu0roiBugWrg8POaH2cmedtKE1G83wlVU,Mike Weinstein,https://play-lh.googleusercontent.com/--Uxis6SGEr4/AAAAAAAAAAI/AAAAAAAAAAA/AMZuucnJZURM0jjjHS9ENkOlPG2nOonqTw/photo.jpg,"In my case, after just 30 seconds or so, I noticed an incredible decrease in anxiety, on par with anti-anxiety medication.  I haven't used the app systematically enough to reduce anxiety more permanently, but I think it's possible if used regularly.",5,10,1.0.2,2017-08-16 12:29:07,,
gp:AOqpTOGed0gJ4CNEi5TEbmMFBG8h-X_vZaPFe--_xo0_60mzBBzNlrloJYk4638ZSXadx4gXNBhaRGdttFuZIWc,Michael DeVitt,https://play-lh.googleusercontent.com/-uCIf5EdL0BQ/AAAAAAAAAAI/AAAAAAAAAAA/AMZuucnPwV0cXv1n6pG3D_8XJehKfvzgYw/photo.jpg,Very helpful stuff.  Just wish the pre and post session musical bits were not there.  You get relaxed and then mood changes abruptly with music.,5,5,1.0.2,2017-07-24 11:48:11,,
gp:AOqpTOFzOY4CRbSDppZtqh26eEoSS8-YTaQ7OGVHKflovYCHnUm4SrpE8gmW6t5CbZeeqz0FXMPdYC6WjHftOFM,Grant Overend,https://play-lh.googleusercontent.com/a-/AOh14Gj0GR32MkFNSoguApuH2FYziphY-aT-5eBKCpW_,This is probably THE Buggiest app that I've ever used. 50% of the time the thing starts but I've got not access to the audio and need to restart. It's not been updated in over a year from what I can tell. This s#its me as I use the app frequently. I'd give it 5 stars if the developer pulled his finger out because I've gotten great relief at times from using EMDR.,3,12,1.0.2,2017-07-08 11:45:58,,
gp:AOqpTOHioOLkdbEKY4DVWQZLr5T16QYaQ_9KTf0BF1cK8j_OieEg0k_6U8doVkeVRNxKa7aDuwOS3Wby4PDbPpw,Darrin Roush,https://play-lh.googleusercontent.com/a-/AOh14GhBWT44SEoWT-sdGZ07ORJZxKZOc7tbvp_peziHH9c,"In light of all the positive reviews, I purchased this app for $5 and it is not functioning correctly. When I emailed for support I received no response. Buyer Beware.",1,3,1.0.2,2017-06-27 09:38:05,,
gp:AOqpTOFT711i6zrbHzvXU9thxVu2vRezlZiuNXBQyqyRqcPECB2zpNnhYy-KeQX8uB_gA4K1kh8ViwjKGyCoAqc,A Google user,https://play-lh.googleusercontent.com/EGemoI2NTXmTsBVtJqk8jxF9rh8ApRWfsIMQSt2uE4OcpQqbFu7f7NbTK05lx80nuSijCz7sc3a277R67g,EMDR has been a vital part of my healing. This app has allowed me to take even further steps of managing my anxiety disorder.,5,4,1.0.2,2017-06-07 17:50:58,,
gp:AOqpTOEgUooy6c6lpp7m5q_7TzuJUpn9uo_vkS10kSLqm6MM6ED9MpyY5_SwmdPHwNWd1hmlaB2WQAM8KkNW_MQ,Ian Cole,https://play-lh.googleusercontent.com/a-/AOh14GiRqIkZsH5tVGqFuQRUb5ua9QV5zAHumJAgL3HjeQ,I'm a natural sceptic - but I experienced  benefits in minutes. The power of EMDR,5,6,1.0.2,2017-05-01 00:03:05,,
gp:AOqpTOGnxmwycwLMOaAx-pS4NXUmwWoXWSy8g6s25KWiWlJtf8DC2of6tA5krs6lBgJWLZ_CSVQn726P8KDE2U8,Jorge Liceaga,https://play-lh.googleusercontent.com/a-/AOh14GiykSACiT00cdZuIi4YYDubKzoKuVZt7CdFfnoypA,This app is extremely effective. The brain is very receptive and responsive to the sessions on this app. Highly recommended for all levels of anxiety.,5,1,1.0.1,2017-01-01 23:12:50,,
gp:AOqpTOFaZeN_XuZicfSsTlzd0d-KJGqwchsUMg4iuq6tWWPRkEYexMTUzhHAl-EyH76k-fzu0SWEP5oxPcPAs3w,Teresa Kirchner,https://play-lh.googleusercontent.com/a-/AOh14GhC90O7sNAo_ZLdaseg5eZizaTDceaWbH4ixZXx6A,Amazing,5,1,1.0.2,2016-10-06 07:21:51,,
gp:AOqpTOHKVCy9fOORkkwk7Ur7J2pvFFe-o2qUIn7JRRlyFboavqzQPgMF1XGsvwgBEUFo2xZy7xQNf1s-WZ54iQs,Jarmcc11,https://play-lh.googleusercontent.com/-cKV2dagUPiQ/AAAAAAAAAAI/AAAAAAAAAAA/AMZuuckKkAGeOPaojpYJOb_wu4iSq_xFzA/photo.jpg,I bought this app and the first time I used it. WOW! What a difference it made. Thanks for making it! Only con was the brain images make it kinda hard to focus on the dots.,5,22,1.0.2,2016-06-01 10:43:00,,
gp:AOqpTOEFfES-eM2dkzTkDZf62t5XK9_5UbTqr5wOF026o02I1aDNXZNQ2dwm3xuUuqnvMenBVyWwHdp5TlPdYqE,Tiffany Leatherman,https://play-lh.googleusercontent.com/-DbocvaFLdT0/AAAAAAAAAAI/AAAAAAAAAAA/AMZuucmbN4HyrCtErLOYJGQJQiModecAlQ/photo.jpg,I have a CD for sleep that Mark Grant made that I wore out 2 CD players. I hope he makes that an app! This app is very relaxing. My anxiety had gotten really bad. People would touch me on the shoulder and I would be startled. I know before I went to work a waive of nausea would come over me. Emdr helps a lot and I believe in this guy's work.,5,39,1.0.2,2015-11-04 08:14:58,,
gp:AOqpTOF2w8kpi0H_Mdqoftt606-NWonSq8DpOtdMR9PIwZqe8PGQYxJa50z4Zuuikoh0K4hJIyk5ENctbfQBhrs,Erin H,https://play-lh.googleusercontent.com/-imvq6tPXkV8/AAAAAAAAAAI/AAAAAAAAASw/AMZuucn822vctmmV76SjHPNMaILV323LnA/photo.jpg,Really helps anxiety attacks,5,10,1.0.2,2015-07-08 07:50:16,,
gp:AOqpTOFLDPHaO_Z_nFh345dA9xmr8Nid-9FRPZsNIk-wkrM9G8IvO9J4CSE9Wer3_NatuZacZ8j8mB_7y1lcZI4,stephanie green,https://play-lh.googleusercontent.com/-zZ_AzuoqmlM/AAAAAAAAAAI/AAAAAAAAAAA/AMZuucnvRH5s1DX-_T5BzaxPkNulixrYaw/photo.jpg,"As a psychologist and EMDR practitioner having a portable and accessible support to offer clients that works is not always easy. After using several of Mark Grant's books and CD's I have no hesitation in recommending this app to clients. It's something on hand, for such little cost, which allows them to gain control of their anxiety. Always get positive feedback.",5,9,1.0.1,2015-05-07 00:36:01,,
gp:AOqpTOFti_BIkhu6HrdvyLUSqkUScEHtuX3W0vBHTl6Gjjc6j4F75wxrLeb1KHxlBUIaq2OibNbThxM-0KZsPCA,Chalice Savage,https://play-lh.googleusercontent.com/a-/AOh14GiEKYrCe_E0G2ixyQprwdrqBm7bnOVzPjrZeQnkNH0,Had to take battery out of phone and restart in order to exit app.,2,0,,2015-05-04 17:39:43,,
gp:AOqpTOFiSQ6XKDCXyre0-QHHpUJ2xF9khWtWQj2xohOPCkR40wa-z1rAFGFIVO9tbx7k0ZYGsn-QhL0TQFHP7lE,Taylor LaSon,https://play-lh.googleusercontent.com/-lCvnkBjjleU/AAAAAAAAAAI/AAAAAAAAAAA/AMZuuclg6vunSVzgio8fhxJp3Jm3lXdXmg/photo.jpg,"It crashes frequently, but more importantly, the light stays static on the right side throughout the track. I've turned the visual aspect on and also tried uninstalling and reinstalling the app. I really  like the program, I've used just aurally and with both on my friend's S3",3,1,1.0.1,2015-04-12 15:31:11,,
gp:AOqpTOE_BrjXtfTlzoYNf3YyTf0PRt38RAKnfjZ-gcxTE8zMbcmO1CW1h1jgZFPJulG9VYRNAwwbqL9blBI4_NY,Rachel Macko,https://play-lh.googleusercontent.com/a-/AOh14GhKB2Ou-uAN4EFDZoOQJgPuuu46WYT9o1uFwa9ESw,"I am an EMDR therapist and am thrilled with this resource!   Recently I have recommended it to several clients to supplement our CBT and EMDR gains and all have given me positive feedback.   I have used it personally as well,  and notice a drop in my anxiety after use.   Definitely best to use with active anxiety vice general relaxation.   Thanks for creating!",5,5,1.0.1,2015-03-21 06:12:18,,
gp:AOqpTOE_eOPWiF7JfFlP3OYPYqF4Xs98t24ZdmDe6qQJgmtLaHmY-PUahqqGf6HuEGLeyv4WoUqBuqv-D7aLAXA,Suzanne,https://play-lh.googleusercontent.com/a-/AOh14GjRn_TA1ILwVs41BMv3vqYZhrsAgIvzIASbJ1_oFyU,"One of the best in an app,  thanks",5,0,1.0.1,2015-03-05 23:43:01,,
gp:AOqpTOHVUKHm46F3odwA3UJOIAyvgNc6ZSkj7ovKBcFlhT0UUto2tOBY0HH1_xlDJfojznKI4tXP2m_RDuhV2Ds,Bizkit J,https://play-lh.googleusercontent.com/-PFWc-zsETt8/AAAAAAAAAAI/AAAAAAAAAAA/AMZuucmP5mmh0SjolP2Ppp9vVZnHvJCqZg/photo.jpg,I've been dealing with sleep anxiety for a very long time. I saw an ad on TV late one night and thought that I might as well try this. It absolutely works. It's scientifically based and sort of soothing. Explained in full detail and softly spoken. It's completely logical and it really does work. Worth every penny.,5,9,1.0.1,2014-12-19 08:20:21,,
gp:AOqpTOEqJKg5Ql-OTclYHLnUKNW4TqoxeRuyJRykQzPUZ2aNjY33wVyotdr9lic9SrHw94_B5WIvM83GOg8I62I,T Leary,https://play-lh.googleusercontent.com/-LgOKlXkoXZQ/AAAAAAAAAAI/AAAAAAAAAAA/AMZuuckB5FljmCDWReZSOJKDr3yPqLoFOA/photo.jpg,"I am a clinical social worker and work with many people who deal with anxiety, depression, panic attacks and trauma. I utilize this app in my practice and encourage my clients to download the app. and listen to maybe one track a day.  Mark Grant the developer also has different cd's that are amazingly  beneficial for anxiety, confidence and pain!!! Highly, Highly recommend!",5,5,1.0,2014-08-07 09:25:15,,
gp:AOqpTOEYzAn-sFdQDfRsvnv9c9yuJDlxgg6sDK6h68PswpmvY71UIM3Qwv0GyeQ-ibFj7TKD0c5Fcc63KV1H_wI,James Walton,https://play-lh.googleusercontent.com/-yRhADZmdDbE/AAAAAAAAAAI/AAAAAAAAAAA/AMZuucnb_qGc1np_cKOhjJBdzsaM3jMxfQ/photo.jpg,This app works so well. I have a very stressful job and I use this on my way to work and back home. I can feel the stress melting away in mere seconds.,5,0,1.0,2014-08-06 14:48:02,,
gp:AOqpTOHtBau3x6AbXaRvXjmgcaMT_hqrJx_uMweG4CA5rr7U-thvWZL0SqaJP6VMrGGPd6H-JV4s15G3Cj_CxEo,Linda Petrocchi,https://play-lh.googleusercontent.com/-_1yGZUkXqH0/AAAAAAAAAAI/AAAAAAAAAAA/AMZuucmXHfVW4HVabVLB1z5ibf3SFAi5zA/photo.jpg,absolutely worth it,5,0,1.0,2014-07-09 07:21:02,,
gp:AOqpTOHGieUUnRA6-vfi-fExV_It8uLg-H6JzBVN-K3qVMiKhzbmTKkO8iozyBQf7bDc85a48YtEqa1uBAXESW0,Mandy Logan,https://play-lh.googleusercontent.com/a-/AOh14Gi_0ffRtWxt5cO-0ENmQ7KXPTi89jlu6ujY8L5rVNM,"Finally! :)  Love the bilateral tones. Have searched for something similar.  Very smooth ui.  Love the brain graphics, but would prefer a clean slate with solely a trailing dot as is common with EMDR light bars.  In calm focus, less is more.  The speaking on track one was too much for me, but I've used EMDR principles for years to cope with stress and traumas.  So maybe I just really wanted to get to the pure bilateral stimulation.  All in all, will enjoy using it more & look forward to where this might go.",4,5,1.0,2014-06-03 22:49:32,,
