reviewId,userName,userImage,content,score,thumbsUpCount,reviewCreatedVersion,at,replyContent,repliedAt
gp:AOqpTOF6UUmBHf6fEyhfmBuVYpf_-58zdXSVEKrKcneYNJkcE2oIQY7QC4or-2TGLZVLxnbe7jKn1e8p08bo5p8,Dray Franklin,https://play-lh.googleusercontent.com/-EAC1BtAVBK0/AAAAAAAAAAI/AAAAAAAAAAA/AMZuuclvZPU4RvyQ0e2AxHrnb-NFeY651A/photo.jpg,is the best siren I ever heard,5,2,2,2019-06-25 16:14:39,Thank you very much for your 5-star review!!!,2020-12-15 08:52:03
gp:AOqpTOEigbYNR5gpsZIaFEGz3ymlXO0_VjaKiIFUU9afiY7UgHCcQLHTz-b9ToJJNJiqL9NdfFi52IMGRCnfyNw,A Google user,https://play-lh.googleusercontent.com/EGemoI2NTXmTsBVtJqk8jxF9rh8ApRWfsIMQSt2uE4OcpQqbFu7f7NbTK05lx80nuSijCz7sc3a277R67g,It is fake,1,0,2,2018-07-25 15:53:12,"Thank you so much for your feedback! If this issue is still occurring for you, please send detail to sirenapp@jakesimon.com and we'll work to squash the bug!
",2020-12-15 08:49:48
gp:AOqpTOFZzVh66ob7304MS28CCYNt3SYd8sq6jgAaXq8QMcPxRJbUxLOk9M-DCWy8bhJsIa173j8LpbXS3PMmn34,Dylan Ladd,https://play-lh.googleusercontent.com/-ed4lEpFFHS4/AAAAAAAAAAI/AAAAAAAAAAA/AMZuucktDASq4PZsmh8uVs3X1Ho0OkAf5Q/photo.jpg,Its good but dose the the slide bar move or is it fixed,5,0,2,2018-01-26 00:16:09,"The slide bar is fixed, but looking to change in a future update!",2020-12-15 08:50:11
gp:AOqpTOF48bDod1V7C0EXCiguOEevGW_SP1rHK0NDJSqoeWX-OLS3GjdOFO_LBWEVmet-YeXe1BbyWIYa8RqZcBw,Malik Farmer,https://play-lh.googleusercontent.com/-JUVdXTH1gfI/AAAAAAAAAAI/AAAAAAAAAAA/AMZuucnStGv50MGr5W_qOF9RQOeTzTsS6w/photo.jpg,I think this great! App creaters,5,0,2,2017-12-06 13:32:50,"Thank you for your support!
",2020-12-15 08:50:23
gp:AOqpTOF4dYbLCjPequKJkgp-ZOjFrXy-1rMylOOgGe2Aqu4YWtuMhczn35OOU6DBEkd798pifuodTHtYbmoIg1g,Shawn Garrison,https://play-lh.googleusercontent.com/a-/AOh14GjG88tlT925yx5DxVFzqBtFdGo3FLzSE6YHxiya,Would  be nice if they put the code 3 master com b siren on here,3,0,2,2017-10-01 04:21:37,,
gp:AOqpTOG-a2O5reOZpzhLV2yui-K-MLA_D8oAxMGIboFKXfNmsvFa4DKL5nghuWYAOBOX7bVOgn-KkFVvmq2W4WA,LouisianaLightCollector,https://play-lh.googleusercontent.com/a-/AOh14Gh0xr_KfBcK_Ba3wLISdKLoJcC3TCTY5zUjrkn71Q,Can you please make a  Code 3 Mastercom B siren app,5,0,2,2017-02-18 08:38:44,,
gp:AOqpTOFu2wbeu7cJTOKkNJcpbPNBPm9cM2EroSUVebJ0XhnmuNDgA7tPHMHp17L7Y-929mzV9vAqTchypzMDelY,Reisz 1234,https://play-lh.googleusercontent.com/a-/AOh14Gid6u6dQpkssx8HgOTy_jvru00beq3xo_rimhfX3w,it was good but the 123 stick is not real,4,0,2,2016-09-15 16:29:50,,
gp:AOqpTOFr4BVNByOTfFAwbM-6yJbmusfGsTm7xzFDrcktJqSu9ak4UYnh-XIdG3wrZOjUveanlYFLnGHiM0WDngA,Jaylon Jaynes,https://play-lh.googleusercontent.com/-bIJqL0faLfw/AAAAAAAAAAI/AAAAAAAAAAA/AMZuucnXK_HfdD7Xtu7XdqvqlqyxHhmmuA/photo.jpg,Can you please make make a galls street thunder siren,5,0,2,2016-09-05 17:31:54,,
gp:AOqpTOFKYkMqUriMUOXRbiA9pjwZ4QF7dqadqxSglXT41Rd1KUs_ZpOpMy1TGVAv9GCRrEKm8qDwZBYDootjd88,John Massey,https://play-lh.googleusercontent.com/a-/AOh14Gi-0M5pwa9wDvUZk0evsFydAF_FCX0DoESV02mx,The airhorn and manual siren are to glitchy for an app they want money for. Please notify if you fix this and I will re-download.,2,1,,2016-08-09 23:28:42,,
gp:AOqpTOHatVgMUeiZzTM_k9kjqMY03FkzIAfK5kb16ces9xIVKbzwZ3mRIq3RhO9xd28DryUb4ANYpXfgePULjAo,Dale N. Tuck,https://play-lh.googleusercontent.com/a-/AOh14GiZpuo-RXlOk4b4RTCEOO4u4gJVUboBX-yyUFWWHA,I can't believe I wasted my money on this. Don't recommend.,1,0,,2016-07-31 07:51:23,,
gp:AOqpTOEALdT1-I_E31rf2wmea8IAwrAdrMSn7ouUYQWtr3Vjy5gDCHRj97YMT_2QiGvUTBp2Pl6iaomXrFg3vTg,Jeffery Hunt,https://play-lh.googleusercontent.com/a-/AOh14Gi9l_Ud6v-VNA4smmrD4lOGQu1vJ3r5uRlonxk8nw,I would enjoy it more if it had the siren package that the Vancouver Police vehicles use.,5,0,,2016-02-22 23:37:48,,
gp:AOqpTOFMkxghA0hrgtxlvCD9TVDZdAoPTEEDNKYQMI9mgH_mh--SDO2LTI23RyzcWIPGGK3na4JXAIaDCurk4Z0,Amy Cook,https://play-lh.googleusercontent.com/-FYM9-X2gFms/AAAAAAAAAAI/AAAAAAAAAAA/AMZuucm463LR732XGSzbCrY33DM2Mu9OFw/photo.jpg,Can you make a app similar  to eq2b?,5,1,2,2016-02-22 14:21:09,,
gp:AOqpTOHgOtMd_AZG-46bTyapUsY73nAeluEBHDoDEPpSWCaoajvUyh2iaALoFa4fodXIPVBve57Jw54ZJAfIjpY,NineL1NE,https://play-lh.googleusercontent.com/a-/AOh14Gj5OW6YDBc1O82vIMLHBItYDaKlZQwNm9IhGUIBTQ,Do EQ2B And make a coasting mode with it,5,0,,2015-10-10 18:31:33,"Unfortunately we cannot provide this sound because it is copy-written by its owner. Sorry, I wish we could!
",2020-12-15 08:52:26
gp:AOqpTOFHJKO74B6H9qxCWeTFJe3xzl91STx1OrW4dE_OypAe7V44lfNVr4Bn_-7heOeSKWTeuxJeWb2_a449rvs,A Google user,https://play-lh.googleusercontent.com/EGemoI2NTXmTsBVtJqk8jxF9rh8ApRWfsIMQSt2uE4OcpQqbFu7f7NbTK05lx80nuSijCz7sc3a277R67g,Popbably the greatest siren hands down. It sounds like the siren is being heard from the inside. Try for the outside? This would be great with a Code 3 RLS or Mastercom B.,5,0,2,2015-08-04 05:52:43,,
gp:AOqpTOHLY2hm4Wi6YYjbl3LZmjY7gR3Oay99n9QqQa02mV5-AWuRi30oOkGbsElYxPsPJYdrmGLRwgrR3PavR6Q,A Google user,https://play-lh.googleusercontent.com/EGemoI2NTXmTsBVtJqk8jxF9rh8ApRWfsIMQSt2uE4OcpQqbFu7f7NbTK05lx80nuSijCz7sc3a277R67g,Good,4,0,2,2015-08-02 03:13:15,,
gp:AOqpTOF9oQ7_VudYKQ4qsIyZ39o6PCbGWJEv8_y-siWIHSC3vsIKvw2eJHkUK6isNnB8tkTtzqk2HYmL-cagXX4,John T.,https://play-lh.googleusercontent.com/a-/AOh14GhyLU_vPZEJ3aqvBYhzMqVQ1dGsvy5NWvan0-hq8A,#loveit &lt;3,5,0,2,2015-07-04 17:51:55,,
gp:AOqpTOFe0fDgPLp_T6H8Pzkji83xFaXeV0C85oA9j5osStdMir_I3fE8HjghUY7YagSy3KXNmwA6XWGBNcrOqmY,Chris Rothmeyer,https://play-lh.googleusercontent.com/a-/AOh14Gg1uiCdZwbEdGBBdRYxJSttS07wj6uhp4lLUPlS7g,"I think that you guys should make two more,apps,one,that uses the Whelen howler siren and,one for,the double,siren I think that would be,pretty cool to do.",5,0,2,2015-04-21 18:36:03,"Thank you for your support! If you ever have any feature suggestions or details to make it better, please reach out at sirenapps@jakesimon.com. Enjoy!
",2020-12-15 08:53:20
gp:AOqpTOFnK8HGoaTddnVHWGQ2A-4icMhy2mVWnptKklVD5KEobJ_SM0OKWEqlOjRPEskB4uLjrX7OWsim06-pp48,G H,https://play-lh.googleusercontent.com/a-/AOh14Gh2BcmGj0HgZ5C4tLCsyDtlDKq7ZaPXPJURWoL0SAE,Horn and manual is are not working properly. The siren are also not really in a good quality. It's not OK for 73 cents. It would've been ok if it was free. So please fix it. Thank you.,2,3,2,2015-03-25 05:56:11,,
gp:AOqpTOGsu3C9yt3am8VW5UZqQ8joNjcuop6hgkYWuX421xrpZoj5kqA4QGuczyC-bmsRhXmnXyf_LgkSF3tQ2Y0,Hunter Micciche,https://play-lh.googleusercontent.com/a-/AOh14GhUEG_pzLzO-Ugk_WkyDxwJ2pkILW1UCHhdEUqD7g,Keep up the good work :),5,1,2,2015-03-20 19:13:37,,
gp:AOqpTOHxhueO0mSM1Qnh-c4oZXD8TUq5xWQgHzTuPFkS8rtBSc-cC2INMgLdNUpJJ7Po8QWDDnIgX5NWRjt6tEA,Brady Bevard,https://play-lh.googleusercontent.com/a-/AOh14GiFun5ng-3XSihhbuTxiJis5g0OvMVQf9H54c8O,Adds car noises n background,1,0,,2015-03-20 06:25:22,,
gp:AOqpTOFrKCxKMEjdDtG2nbdbjglGA6i9wbdcFlwWoTh4x3txt8nyJW2P5xs1yzOo9md0qoGFsg2O6GsqRU4b6XU,Jeffry,https://play-lh.googleusercontent.com/-xcsWdQB6Z_s/AAAAAAAAAAI/AAAAAAAAAxc/AMZuucmtj1QEhokbaTw8EZvZfDTc4AU83w/photo.jpg,It will be very useful if this app can run in background or lockscreen. (especially all of your siren app),5,3,2,2015-03-17 02:03:56,,
gp:AOqpTOGW1J0eC7rhChExe500PC0SoNNcdy071q8koW_oTSVFOH_KNkAlnPu6gJ_omlxwPghXoah6mBokvkL3_w4,Bobby Sutphen,https://play-lh.googleusercontent.com/a-/AOh14GgSnpC6a9CT4CAWlZm2fASTo5_ef6uLUYLLwn07Pw,Great app,5,0,2,2015-03-06 07:38:22,,
gp:AOqpTOGe6Mg98wWgx-9JcZpzE4hj1rkSWU5KhU28z-_LpBEWgMhvcSbRqXphuszTVajAVC4vpeuilJgjGrFWKlU,ryan siebert,https://play-lh.googleusercontent.com/-UvEdn2OAuJQ/AAAAAAAAAAI/AAAAAAAAAAA/AMZuucncKcDc4mPZZdhK2R0vewttqdwqXw/photo.jpg,If you could make a Q2b. It would be awsome!  Best app out there,5,2,2,2015-02-11 21:43:58,"Unfortunately we cannot provide this sound because it is copy-written by its owner. Sorry, I wish we could!
",2020-12-15 08:52:37
gp:AOqpTOEbiuPUdtThKRRShkkivqor9BaTDCzMmpmvIyznvh2r13IQ6oqOxppEl_wZM9LB0jTxDM3Lt12b0sKs2Bk,Tony Crosley,https://play-lh.googleusercontent.com/-TyeYNSpA91A/AAAAAAAAAAI/AAAAAAAAAAA/AMZuucmuVtPsacrDkW5kcafrld6azQ9vYw/photo.jpg,Fun app,5,0,2,2014-12-05 06:42:49,,
gp:AOqpTOHoKwJJ1UMH84qb_ApVCy0eRw5gKOxKTsBaCDQbf0fnne3yhXpI-7-3QUzBNBtuqzDK5QqYipFodw5DYSY,SPARKY LIVE STREAMS,https://play-lh.googleusercontent.com/a-/AOh14GjmtoGNXrc8SZneneLjsK5TYFFhX2GGWaS1OnbQ,Does not start plz fix i realy wabt to use this app plz fix,5,0,2,2014-11-02 16:58:48,,
gp:AOqpTOGCwVnElfVi6OWfGGeqCKhz3g3z1HMPmljyDEx-_50RNq8JWdOXZDuTxtHvtgFei1AOlZlVNwoJq3812Aw,Eric Lincoln,https://play-lh.googleusercontent.com/-raTgD7kPJA8/AAAAAAAAAAI/AAAAAAAAAAA/AMZuucmikdN9PILGHp5nvkjYCzsMHRWeFg/photo.jpg,Pauses between airhorn and manual as well as glitching issues all other tones are great also tried the LMT version of your app love em both but if these were fixed you could have your app in a fleet of patrol cars,4,18,2,2014-09-22 20:45:48,,
gp:AOqpTOGgyNhvWQ9CsTuF866hDq8FEOiXJn7g_XWpEi89N3IldcJAPUx36xIQvsSyC-SKrMsDhEC9Uzex4eJGyNs,Gage Hogan,https://play-lh.googleusercontent.com/-WMRZBQMlA4s/AAAAAAAAAAI/AAAAAAAAAAA/AMZuuclvQAIMC0_pCJeuAIpVxav99aRmeQ/photo.jpg,This is freaking cool. Very realistic.,5,0,2,2014-09-20 06:43:02,,
gp:AOqpTOEJx7OsP73p9MQ7r6WP3tjQ4P-Hh8I6xpR_C3Bo9VIrpJHOUFJLZB28qxzNYlihVfrV_8fcNFmKFAeZTOI,Daniel ODell,https://play-lh.googleusercontent.com/a-/AOh14Git2-Z0vLnFwrlV9ouDfQpLnBQy-RwuVPwR9XDpTQ,U sould make a firetruck siren,5,2,2,2014-08-29 09:01:04,In the works!,2014-09-22 11:07:16
gp:AOqpTOHkRpWX32Vw3Mh9QHP4dHmo_360RU6YaHeWKPMMD9cq9DoFRt2VH10Yi9fQunVCSjj72nHXLuSfgx63pFQ,MR BIZZLE,https://play-lh.googleusercontent.com/a-/AOh14GiDWC9HoOs_fKsNr-ArdoRw25dVYYGPbcYrEqo5hCQ,This app is hands down the best app for police sirens !! I will be scaring the crap out of people when I drive !!,5,0,2,2014-08-21 14:30:17,,
gp:AOqpTOGoljTiRGnRyQPYMw1_PvFqH2PtgOULucGNbtpe2uX1TupaWXaR6Z68c_E0GA-LYAn9LqeHK8oyagq3Qf8,Zachary Counts,https://play-lh.googleusercontent.com/a-/AOh14GisDUHsep_NX28ZkVoGSKFp4yG3hEpMQfcsca90NA,Does not work on the LG Lucid,1,0,2,2014-07-30 12:30:02,"Hi Zachary, are you still experiencing issues? Your other review on the other app said it is now working for you.  Thanks!",2014-09-22 11:07:01
gp:AOqpTOHIwdMBN1c2LaS30XYrDd4JoPBYig6NlgCsAPkuTBUFFVpzJmbZuFxEZPN71KzSiE-qILPZ7OEFo0gUSEM,Straight Outta Eire,https://play-lh.googleusercontent.com/a-/AOh14GhsgcVE72Aa0CB_n1y8bn8P4eIo36b9eBwztZFi1Q,I love this app be cool if we could duel sirens :-),5,0,2,2014-07-23 15:06:46,,
gp:AOqpTOFmSglkKZD8cJiIyExvt7oYbPO5eQ-BavgAB3DTZXCEgbJVDQb6KK5SGaM22ZmGarGf27YfCB24JDgDIMY,MBIP LLC Scott,https://play-lh.googleusercontent.com/a-/AOh14GjwO-3GBgZjRjdCe-_3mWKAk-EU45NLoFMnoH6zT5k,This is an amazing app,5,0,2,2014-07-03 23:39:54,,
gp:AOqpTOE7fgoo9u1_dclgDTle_JGfnyiVVXgjWeeBrzJXPmSM6dy_oBJhGZHgCjmiYu4z2c1SQuJKdjhAo_MMREE,Yeyen Susanto,https://play-lh.googleusercontent.com/a-/AOh14GgBZL_waib1RCx1i3dMBbQfGWDyAhQBpViX2CdHag,would be good if you add hands free mode...,4,1,2,2014-06-30 07:10:40,,
gp:AOqpTOGh1Lx3kZjmorAzPW1VcfSgpY3mFFxf8J4yp0ClXXxehUfQ-CxNaEeI9LAz1nelKM2Vl0iFbzLvKSyV9rc,Gavin Desormeaux,https://play-lh.googleusercontent.com/a-/AOh14GhBkgwO96oXFGpDw5y9nUXEwBkCp6Lw_lFYxKRy,You guys should make the Rumblr brand sirensa,5,0,2,2014-06-28 18:50:30,"Unfortunately we cannot provide this sound because it is copy-written by its owner. Sorry, I wish we could!
",2020-12-15 08:52:33
gp:AOqpTOHzvAF6jxTBd9JATjU_g6_SOsXG9ZddYgStJ4q9vlWRZTyqD-F1Y3TZY3_jYSOgXeNAnSq9Pb9unoJueeY,Colton Wixom,https://play-lh.googleusercontent.com/-ol36KWyNoA4/AAAAAAAAAAI/AAAAAAAAAAA/AMZuucnpBKBh12xQcEc2T47NbI-e8vwetg/photo.jpg,"First off, let me just say that this app is amazing!  I have been looking for an app with whelen tones for FOREVER!!! I only have 2 suggestions. 1. Add ALL of whelen's tones they have alternate wails , yelps, and a bunch of horn tones. Add those , and this app would be PERFECT!",4,12,2,2014-06-22 11:29:47,,
gp:AOqpTOF_BhOL64ERLNv0nmPU2LzdFD-uHLZId61Z5f9XcKQVcRYnS3QJTaV86lTGcLJ8pTDOWoe9cj4KmgPY8pA,Master Rage,https://play-lh.googleusercontent.com/a-/AOh14Gjpuy8uvyWw_dnFzHtg-DMN_3pVOJZk04JSyIuUCg,5 star app,5,2,2,2014-06-16 18:50:43,,
gp:AOqpTOHqab-NkM68bRVRUOGK3scgAhjNerNXwjtkz9NIJOL_9HlHl5DvZC1ys0oJE7qWgmfVf6GiknM3uJRLiVc,FB1 Response Videos,https://play-lh.googleusercontent.com/a-/AOh14GixPz_1aTEBDqhgCqr1oXMtEghvtGOk27zuZ7KAraQ,nice.! looks great too. are there any apps that you know that have the EQ2B.? I REAALLLY WANT ONE.! oh and your other app is amazing too,5,12,2,2014-06-14 16:40:26,"Hey! Thanks for the rating! I personally don't know of any but they may be out there.  If there aren't any that may be because of the copyright claims unfortunately.  

Thanks again and hope you enjoy it!",2014-06-14 18:01:29
