reviewId,userName,userImage,content,score,thumbsUpCount,reviewCreatedVersion,at,replyContent,repliedAt
gp:AOqpTOGUlRB0y_W92-pLBmmKCbLRY9qYm0ulnTAfcWi2NOn2DDR8ghR1KzY25XENi29efN3JLi_5hYzSqqMoJA,Marco Antonio,https://play-lh.googleusercontent.com/-uVTazbTOxng/AAAAAAAAAAI/AAAAAAAAAAA/AMZuuclScNwg7z2Z8R1UntHAI0IeCjUwBg/photo.jpg,Easy friendly user,4,0,2.1,2020-09-14 12:21:47,,
gp:AOqpTOHE9NOWIPiI5fi2rpu0cDw_F2zjeHgI7K0yn3OJ9E2FwRw4CjCud9gj72DNrwIg1Savr2Ff_EzuA9d1eA,Mark Wyvill,https://play-lh.googleusercontent.com/-hF4l4OEATVU/AAAAAAAAAAI/AAAAAAAAAAA/AMZuucl0DYHuoywouBmh42DopgDDb0w2bQ/photo.jpg,Time saver,5,0,2.1,2020-05-26 05:22:10,,
gp:AOqpTOEc8OK5P-6SV9tzYLWThlHWB8kA0C71u8_ELOqitz0onEkm93hYJzWHRCNhCrCcaSBCVjjosYKvphFJ9Q,Adrian de jesus Cobos castro,https://play-lh.googleusercontent.com/-yXgbzF0dKTY/AAAAAAAAAAI/AAAAAAAAABY/AMZuucmtS6EZIh0yyww0EKnVJ7M5fasKuw/photo.jpg,Easy to use,5,0,2.1,2019-12-16 06:11:47,,
gp:AOqpTOGq2IHDxf2E_OPHBqI25XwejN50iZvL9W4d4I6bQky1PX7rTq92D1MGHgiuCn6cZdKkWP2yGzp5O0Qybw,Larry Barela,https://play-lh.googleusercontent.com/-wuqCZT7mIbM/AAAAAAAAAAI/AAAAAAAAnGs/AMZuuclPupeGCqzJscKQ1bTCd49kqM_tOw/photo.jpg,"Clean and simple. Only issue I have is that when I input the current number and hit enter on the keyboard it's still requires me to tap the ""enter"" button to get my color. Small quality of life issue.",3,0,2.1,2019-11-29 09:30:12,,
gp:AOqpTOEakst5XSK2dVlZkvlgGq7sOn2_5Bpt89tYkIEjvwzVem0x6d3QkOZCrpWwz-8ByZFilrMi0ynHEjkm-A,Jimm Shahan,https://play-lh.googleusercontent.com/-tTit7S7dwu0/AAAAAAAAAAI/AAAAAAAAAAA/AMZuucn44StJylkMHQGGISIChI4OauCCrw/photo.jpg,Really works well,5,0,2.1,2019-08-01 04:14:42,,
gp:AOqpTOFH1fL2FDcKogkbnz8Uf2nchGk7eZYYORSGL3rujFaDiIGmyPK6_CpPyL6ebHlJyWWUMG6lYd287CcHhQ,Johnny Bennett,https://play-lh.googleusercontent.com/a-/AOh14GgR9NJrg_bpvPnccvBJ2b0Z-kAdfxa3LgNdTRAlhls,very accurate,4,0,2.1,2019-06-16 20:10:58,,
gp:AOqpTOE5hq1Qt-3cZGNCaqoAMvgTm-ctzATGUagjCZE8Wa1o2ZU_7aYxNEFQnKWrxwduN1Un8YqGwH1t6dEoRg,Harold DeArmona,https://play-lh.googleusercontent.com/a-/AOh14GiIKqT96_W59gk6XPc59ycOshfGYXksKjGCCGFmlQ,"Handy, time saver, easy to figure out.",5,2,2.1,2019-06-01 13:53:07,,
gp:AOqpTOE7aUwqByTP1T4f2tuW2KZRxex6iANgUrRGBGJfyywu8LF50uW3tVPezwkgE1iSP32mtv1ARJ5cnVGwrg,Vu Tron,https://play-lh.googleusercontent.com/-qEUkerUGW-M/AAAAAAAAAAI/AAAAAAAAAAA/AMZuuclVNZxczf3hXmeO8SCHwlxDYc3qEw/photo.jpg,awesome,4,0,,2019-04-06 17:13:04,,
gp:AOqpTOFB8bOxGxqaPm7TWeiz1MchqtmUQtzQ2coMpf5F7d0yRQZmpMnGkgNWkxUetmJJCCN5Bi13bzE3RkAxKA,Jimmy Dow,https://play-lh.googleusercontent.com/-EVx7iCYeAoY/AAAAAAAAAAI/AAAAAAAAAAA/AMZuuck1eMv8R-63CH1W6zCz3Sagsl1LTg/photo.jpg,very good when comes to circuit colors,5,0,2.1,2018-12-20 02:40:41,,
gp:AOqpTOG-wo0d1iZn25kYfpXuogIi7xmLG2MCwFQdykjqJiu45yuVmL_PWrEiN4Zd2lpOzdELyvO9bdNAaX4Rsw,Bobby Huddleston,https://play-lh.googleusercontent.com/a-/AOh14Gh4ccUfgNcoDb70gnJQwxvVc4_SESl2S6bGNpjlWQ,Awesome,5,0,2.1,2018-09-22 07:19:16,,
gp:AOqpTOG9wGgnyHR4u5K8_6sqrWfqgj4SYrGDKupFE30x97OcZpZj3b5QIn84aMded8zXKb1CPTPxvof7iAl6Ag,Aaron Tinsley,https://play-lh.googleusercontent.com/a-/AOh14GjAC0d1gX1vrRbSehYCgT9T3DTvakjTvvQ5O1jILfs,"Great app. Way better than having to carry around a wire color chart,on a peice of paper.",5,0,2.1,2018-01-29 19:44:05,,
gp:AOqpTOGS3Y7Z6Exgzr0uG0De7j7lYSkZxn-9tzZq0sZfAAOgUuFWrpHmgdJDPfH-O7Ntj_K4ZEstDgFkjxkxrA,Arnold Bryce,https://play-lh.googleusercontent.com/a-/AOh14GixXc2KyXmGYVPvgz-6NZFOJZLKqxcBprg_GNlF4A,Perfect,5,0,2.1,2017-10-06 06:21:10,,
gp:AOqpTOFurWF7SLVOwv7mw_mdloqHVfhNzjpO05lgww8stm-CXbmWvTCmgdpTObdQ88EwPwixyJ8GqR21e5L2RQ,Fabio Fuentes,https://play-lh.googleusercontent.com/a-/AOh14Gjs5XUsCPVSsasSo1WNaGDBtwvf_Bzye5IvyBPf,Sometimes is very helpful for my New Guys. We Are Great America.,5,0,2.1,2017-03-25 22:46:12,,
gp:AOqpTOF-gPOkqsjNNsYou6-DN5Qi0b3ZAFW57kei_2unM_0uBXkfZK4hqIxuRa3qJa4_NasEhcZGkd5Eh8ch6g,reynaldo Guardado,https://play-lh.googleusercontent.com/-AGUNFgCP8mo/AAAAAAAAAAI/AAAAAAAAGuk/AMZuuckOb8r-c6K1PN-VLIVoHTanYVODmw/photo.jpg,Am putting the ckt bumber and it wont show anything...,1,0,2.1,2016-12-12 10:30:08,,
gp:AOqpTOGSrkvi2VWyGR2qOpHO8RM_V1D-TETplvfBIlgolYufKL07lsoVaOevmwiVsgTNq594vduYhufI9XNwlw,B Maldonado,https://play-lh.googleusercontent.com/a-/AOh14GhjNLL5rcA81FMcft6RF3VrIFmQDsfYdFiEzKA4c1g,Great app,5,1,2.1,2016-06-10 13:27:10,,
gp:AOqpTOFwLST1vA03jp5NsOu7wtlYcIAKNGxfc1vLvuxiduAQ7-3W0OT7IC5bBnJAAkFM2I5vvCnrDVG-Fmzghw,Jason 44,https://play-lh.googleusercontent.com/a-/AOh14GiZpFdTZAP_fHBe_iLxohRUGKt1LkjHFbCT2pc,"Works fine with no glitches. Saves time when you have a lot of circuits. A custom mode would be great, since some industries hold to their own standards and change the normal color order.",4,1,2.1,2015-11-28 08:46:07,,
gp:AOqpTOHC-trDIv80xjJppV1jffFnTkIRa_f1riUjkoYZd6xzmxspj4eGcuFEBxrBvRdC5jjIf1CfIfGlTYvnog,Andrew Medina,https://play-lh.googleusercontent.com/a-/AOh14GhAPxJUO8npKcadCvLV1bWFcDFEGzjkWO87n4VhaA,Gets 5 stars because it's on point every time!!!,5,1,2.1,2015-02-04 15:30:56,,
gp:AOqpTOG0utgDj07UUXI7_AJxgNC5ypXoN6xdMnmmLP7jpzQPSNKY9VQ3HyK0jdH6dmKhpmtziQimPrdPZn4dXA,randolph pankiewicz,https://play-lh.googleusercontent.com/-VTS2r2MiVUg/AAAAAAAAAAI/AAAAAAAAAAA/AMZuuclRqRr0jBxPDVIPNZ3qKhvU4tioSw/photo.jpg,To many keystrokes.  My boss always beats me with the Apple App.,3,3,2.1,2015-01-05 13:26:39,,
gp:AOqpTOE9vNcMb5DU7g6R3BUoZ61RuAGsbWCr9HYVHv9cJiZRRfok16oBUAZmKEl3WBypBhMDaeSebgwd33XvdQ,Cole Weinmeier,https://play-lh.googleusercontent.com/-bCRaRukjATE/AAAAAAAAAAI/AAAAAAAAAAA/AMZuuclId6MHz33sCGUh66XlMVSM8qOlCg/photo.jpg,"Good app, would rate 5 stars if option was added for canadian wire  coloring! (120vRed/Black/Blue)",4,11,2.1,2014-11-07 21:12:11,,
gp:AOqpTOFPMCbxWSNLV7XhykSa9Ottssey4VbSY3gMg82kHSt1uT5A_31idZ57-K9tQYKK92xSULpL1zSbcd31OA,Robert Reeb,https://play-lh.googleusercontent.com/a-/AOh14Gip5fie0gD5ZTvacuRm3UZtF_pgonRfgUeH1CjuZg,"Works like a charm, I've used this at work it saves lots of time.",4,1,2.1,2014-04-09 19:02:58,,
gp:AOqpTOH4pDc0LcUUmL9EW5qry1B2UthLrOwJXjqTpey1NS1gaW_WhoNdNulT76fQCQ9fSHeP4sn05xlTMQvutg,Robert Tepley,https://play-lh.googleusercontent.com/-tph7_x7XoLs/AAAAAAAAAAI/AAAAAAAAAAA/AMZuuckEgWoxTVEORmmNHzDn_IIsDP-dpQ/photo.jpg,Helps,3,0,2.1,2014-02-09 11:50:00,,
gp:AOqpTOFrsK0ui8xsN_ysdP3bhNSQgpFCdoMots1j5salXDDrgFa8UCPpUHdekZcO9zeLoH_b1VGX8aS8mfjwVg,Wayne Jobes,https://play-lh.googleusercontent.com/-JFfmPLWr4gg/AAAAAAAAAAI/AAAAAAAAAPI/AMZuucm4qK2xWJ4zb8MbjvDIDuNgO883EQ/photo.jpg,This app is simple and easy to use. Would recommend for any electrician.,5,1,1.0,2013-02-28 15:51:22,,
gp:AOqpTOE5vxgdK0snT-AVYW7AoowFGgjEbTh2-YduVj3LtawZ86Cn-k4njYNFGyC3PHP8rQJiiJ3ScwVjAHnxwQ,JR Riding88,https://play-lh.googleusercontent.com/-AJeapNbyrvc/AAAAAAAAAAI/AAAAAAAAAAA/AMZuucmZKZPN_PWfhmgjM7TD_gebsDpD2Q/photo.jpg,Great app!,5,1,1.0,2013-02-28 13:53:54,,
gp:AOqpTOEkGW55L847BkcVztWki8pGuxBsSXT4PTuBDrQ1aGOvIqau5aXSiXiiufCH04ALANmsay7ITPQr5gsM0g,Matthew Vaughn,https://play-lh.googleusercontent.com/-b3jTJtICvlk/AAAAAAAAAAI/AAAAAAAAAAA/AMZuuckus9E14WZ3WARlo-W1uZFazfBJlA/photo.jpg,I was very surprised to see how well this was to use and functions very well....im recommending this to the rest of my electrical friends!,5,1,,2013-02-28 13:39:12,,
gp:AOqpTOGIqb-eS7eJcoJP2sQ6oYh1wHc_wPL80ZBALJnpQgssBzIhO8aeoRf2IXpap5jLRVw0rD1MVQhvwSJjQQ,Brittany Anderson,https://play-lh.googleusercontent.com/a-/AOh14GhIKbMjDmghdeYVm8A6Qg2ZEvEG4nlutjbxzoJ5,Works just as good and simple as it says it does. 5 stars!,5,1,,2013-02-27 16:24:09,,
