reviewId,userName,userImage,content,score,thumbsUpCount,reviewCreatedVersion,at,replyContent,repliedAt
gp:AOqpTOHW1vNUp-iaA4V7IJoQSvPn1vrBNbz42E7UkZ7-REwikvaqQ5-OU25_aHe-KcNtN9A2W_7vtPlU1eaXhhE,Jordan Charles,https://play-lh.googleusercontent.com/a-/AOh14GhcpoKwz_dOZqGkAX37-lGAxReFhOy_J-IVQNc91PI,Love this icon pack! Can't wait for them to add more wallpapers!,5,0,2.6,2021-02-09 01:54:10,,
gp:AOqpTOFpGhuxBbZwVCk2vrzIfsdQme4HKAg1ihti5zCwvi1jNom6nPWzj8dDgpiJZASCea2YJJ86_2XJ-Fqw_dw,T H,https://play-lh.googleusercontent.com/-ZjTDCm4t1Kc/AAAAAAAAAAI/AAAAAAAAAwQ/AMZuucnER3NOVWPjQNfJxZEaD-MqKjj-iQ/photo.jpg,"There isn't a LineX icon pack that I haven't bought! These are some of the best icon packs available. I don't know if you take pack requests, but I'd love to see a purple and gold icon pack.",5,1,2.5,2021-01-28 01:35:38,,
gp:AOqpTOHkfN2SoAHM_qQgqRjKRNxiUGM2e2QltrWu92AE5VieCl3IN7m9yTYD8I032ZfnI4_6vrgD1V_zSwGalQY,Ahilinie,https://play-lh.googleusercontent.com/a-/AOh14Gi6QKGcaVY1Hn6X9C-fmCWqHc90qg-wblzzt66OdA,The icons are good but the consumer service??? I don't know why the reply is taking so long to reach me. My requests are not updated yet. It is not what I've expected from this designer. Wallpapers are not that much interesting. And need some more icons. It's not unique or creative,2,2,2.5,2021-01-21 22:55:28,,
gp:AOqpTOGnjDJtSXliatro2-YQ7NthOwrefQwWA6b-RxMWSFlRkwLXT24F_dqhfdDjtRvHj0bmK30u2u0OxEQSK68,[Đark_Master],https://play-lh.googleusercontent.com/a-/AOh14GjiPVf-ZDIpg4lzu_GLUFJzmKDsdpLBBbjFso8UOw,Awesome app 👍,5,0,,2021-01-12 07:18:59,,
gp:AOqpTOE8qlzkAtKTq-j24LC-9vdn7R8uTFZPecyxZg_z1qF4VRjp-cNIdAq5RqV7FkVFwnRTgm2rFijwsitS2ZE,Dku bnj,https://play-lh.googleusercontent.com/a-/AOh14GjHy80JrZDBLGvKpWPNBJ97UlhuK6v4yJBN1caBGg,Super Icon,5,0,1.0,2020-12-16 00:52:21,,
gp:AOqpTOHBkeDQRcG_rCSeeLy7PS8GTUznkkgsPuerMAdidPPlXBau02SVi49CF55-eNDaaI43LV4pNd-3Pmpl1h8,IMbatMAN XD,https://play-lh.googleusercontent.com/a-/AOh14GgIIG6pyuQhnGuA1D42iIEr2o9FWVA2Ni5pIBBzbgQ,"Just like other line icon packs , gorgeous !!!!",5,1,1.0,2020-12-14 21:29:41,,
gp:AOqpTOHvl-ylCzkOnOC3Ce3qpjfEDEvF-1BJ-qjVORsUT65bPwVHcRQlkUD4eIw6k3wmDe_rsPrVyHT8WFK8UBE,Arijit Basak,https://play-lh.googleusercontent.com/a-/AOh14GjFFkqwg8zWmBRTQqbhcyeP6BJptyzOEfFB5xz9BA,Absolutely beautiful icons! 💜,5,0,,2020-12-11 07:58:18,,
gp:AOqpTOGAOy8QzvPHRUN62trBljTdA9ZMi4VjPcJg8yi8_87N9pXGHL3UrkOHgB93nqckFyVng4YL9fhMqMi-vuk,Bhaskar Dey,https://play-lh.googleusercontent.com/a-/AOh14GgWJ-dUYYsgjNwksuCRj30mbA4Uv1GGxteRS2O5vw,this is one of the best icon packs on playstore .colors are so so good . love it❤️❤️❤️. thanks developer for making such beautiful icinde for us 🙏🙏🙏😊😊😊,5,0,,2020-12-09 19:57:04,,
gp:AOqpTOHr8Ny7NShPcL4tyWPZb8XaffVyvbURsJ6e1VpyyGM2cgKR1tL_A_nLSh_BYXs7ZYUMNAO5bxWAirmQ_qg,Nurananto Ananto,https://play-lh.googleusercontent.com/a-/AOh14GiomFnjV704-6_iXigHBSlQ61FOkYA2Ecr81qAe8A,Naice Icon Pack,5,0,1.0,2020-12-09 08:16:39,,
gp:AOqpTOETuoDNPgt4uPLrlHIkDFj_crJATgGSOvZycz8wuZqO-HdGX6eDzYfvN-IC5fp_H8PGz_eoCnshAU5TQ7U,Subhransu,https://play-lh.googleusercontent.com/a-/AOh14Gii45NkhwhJWxIZc1LXudLJH8Lukscc7F9yPQvg1A,Thanks for the awesome pack,5,0,1.0,2020-12-09 05:08:02,,
gp:AOqpTOGd7n3OeXRtk2cOB96-4xLqeXHdALp16dvOMcQBsiwDtTVyPU0U4n0amOzhLwYD1ptFJWVRQe8EsvvPKf0,aa bello,https://play-lh.googleusercontent.com/a-/AOh14GiNSqK4PGx70xrh_x7vbdOsiL6ZltOnaxqxYXxHyw,No one has the best icon packs but you. Your icons are unique and special. This is one of the best. I love it,5,2,1.0,2020-12-09 04:48:30,,
gp:AOqpTOEBaGi00sP_qyZSWoLT7mHHmttGWUZn0AfbyzT4q-h8qMS6lc-xXVLo02cGe8LUG3x3-bS2qkjGqSysbbU,Tudor Rusu,https://play-lh.googleusercontent.com/a-/AOh14GgVUI3xTFdxjLMLsaL_2oSVJAxUdFgkkCEB3tClFWg,Awesome icon pack!,5,0,1.0,2020-12-09 03:34:01,,
gp:AOqpTOFk6EgL2LqgfhWENgKaOppSLq7ynpKTRGUpBCdfI9nVrltnZERJOnuJSAyXBtnk54dGFOt42uyCkTb8cMo,Dheeraj Radke,https://play-lh.googleusercontent.com/a-/AOh14Ggn69DJAZBB54K7BsgTjU1PtqGp7sK4FPt69lraFw,Another much awaited color for our beloved linex series 😃,5,0,1.0,2020-12-08 08:22:09,,
gp:AOqpTOELyBdmNspu7iAvkjo-LSkyZu783EW4txdQYXeaoLLuS7tJ842HRAWKSkYHg4lDW0xQLh8V6MXhHAlvmeU,Waqas Raja,https://play-lh.googleusercontent.com/a-/AOh14GgP6DmvEAojQHARswbHC9OIe0kf0427XrX4_u5X1w,"Love this icon pack, totally worth it!",5,0,1.0,2020-12-08 07:59:57,,
gp:AOqpTOH0FQ9R-ZERln0us1dm4PJVjxIqgqT7kDpuiKhXnkq6000mAJ0uDYQDdsgPXoz95dKfC2neqyxFdmEm49I,Raghav Khurana,https://play-lh.googleusercontent.com/-BsbBWzYYfbI/AAAAAAAAAAI/AAAAAAAAAAA/AMZuucnfF3xlo1Psps3kjyIRAAZsGaWv0A/photo.jpg,Marvelous 😍,5,0,1.0,2020-12-08 05:33:34,,
gp:AOqpTOGlmlAgKVEU42zNAsDWJlNcgs4Z3spLOGlCl4wMq-_efP533O8zaevjtjsaMAKZXxPEg53CJutEZTO-elU,Gurjot Singh,https://play-lh.googleusercontent.com/-YxMd07jTZ64/AAAAAAAAAAI/AAAAAAAAAAA/AMZuucnyNh_O73NJk5thKlZbf1SCjPojmQ/photo.jpg,Beautiful icons 😍,5,0,1.0,2020-12-08 05:19:00,,
gp:AOqpTOFnRLkn9kr6Ma8BkLlN_EyB0u_Z0XG601cHg4d54KRl71iWacorLUalIWUfiDdC4IFv_zLAdGz0TEZp7RA,Shanky DropTopLabz,https://play-lh.googleusercontent.com/a-/AOh14GjUOpZ14V9UdM58LCz1nx87N_3SDYSHQwTOec-I,Spot On,5,0,,2020-12-08 04:55:39,,
gp:AOqpTOGokcS5VsJsYQJdn73raeiDZefoZb5dHy8Q5rFvsfL2_yomld-m6PUQHSYYJoj8zlhDKfm3ILlNyoWZLHo,Tom Arnold,https://play-lh.googleusercontent.com/-kgbBz34838g/AAAAAAAAAAI/AAAAAAAAAAA/AMZuuclopKrPPRadOdD5D88XephtBaxaSg/photo.jpg,One of the BEST Dev's & 🔥 Icon Pack!,5,0,,2020-12-08 04:45:39,,
gp:AOqpTOHeKzoakj1yYXx1sqH2u3PV-GFFzP16Gf9fqrSjVDmkqD-IekD0K3tKXPc8E1LluImC5yhVBhKZ5hctDRc,ALi RAo,https://play-lh.googleusercontent.com/a-/AOh14GgaVvDxiIYsnCqfffCttiK5RWHuhKqe1OGNiIu5vA,Superb ♥️♥️♥️,5,0,1.0,2020-12-08 04:41:47,,
gp:AOqpTOFUHDy0MnzTKMQhVo1O_OhO2QXMV5Y8PmwWqNdOFKa9_AyQ3QC7zrqD_4VWKmcnL0tYw1QLU7H0Y3PVnu0,Andrei Stan,https://play-lh.googleusercontent.com/a-/AOh14GhS-QBYO4Q9G357CNbRnlATE2ndpxMEq-NvHoN8zg,Best purple icon pack,5,0,1.0,2020-12-08 04:39:21,,
gp:AOqpTOFCX1vNvuleqWd3q6s4hzm7k3FM54dSm3TLvaT-VXIr5jzhRlM-1350QcHCntHc952tWqQ7_VRxj01dZY4,Aftab Iqbal,https://play-lh.googleusercontent.com/a-/AOh14Ghbnzy1Fdoqohb3QmriroHhvlhBGUbTStYutmNf8V0,Just waiting for the purple one and i got it. It will fulfill all my purple setups 😁.Thanks dev ❤️,5,0,1.0,2020-12-08 04:39:15,,
gp:AOqpTOFfzxp6gFHgXqAXzTOHJntWiQPGmA2VTudnPsLyeeNGYxdNcmaAhlzSivESRTTyr9hho1wjTLyjwaKdr5w,K Praveen,https://play-lh.googleusercontent.com/a-/AOh14GgJrMznp4RoYpxB9PMVBXuaGE66zgZQnsKp236ttA,"Best Line x series of icon pack, must try",5,0,1.0,2020-12-07 05:17:57,,
gp:AOqpTOFVesTJpYIHEMEIAD8GaWj156Nj-ozJo8WoPdR7i5HLPOurooW80YErlGm1cNlvRCQU6_PG7LaBsU8ktKI,Maaz Rahman,https://play-lh.googleusercontent.com/a-/AOh14GhCq9sboZabHKWubq-yXfbyPj7JTHqWT-AMTRcJaYA,Love your work ♥️,5,0,1.0,2020-12-07 03:56:18,,
gp:AOqpTOETe5hGoADZGqqNKJQMW8w6n1A6QHGR7b19yptkvBO90ynjHWuQx-YxtSSsMJQ_zDdlI9r7NFVIVcWzMAk,Chad Jones,https://play-lh.googleusercontent.com/a-/AOh14GgeUrp8stcd0ePMulHQnxuWoiKyoLJPYIhY-_XVsw,Another great set in the Line X series,5,0,1.0,2020-12-01 04:08:30,,
gp:AOqpTOFJsk83wVZ7sDIqKUbYdLF-XE_lWWuTRBSX_v2oyNgBL7_NrhbUJh9L6_PY09cre9bBbv-vhk6RS4Y3UnM,Kumar Mehul,https://play-lh.googleusercontent.com/a-/AOh14GhX4VGL5zG59tM0tRSpl99Cn4pBCOVz6p8sZH6A0A,Boom. Here's 5 stars for you.,5,0,1.0,2020-11-30 22:14:48,,
gp:AOqpTOHRp-gTqQlUnNc5XkPxGVi-5EJ_07xDjU_IOpTIL46qII_oBU3_lf6eu02o1sonCgzFWtNdiqYGk-QfKk0,Çhándu Mânôj,https://play-lh.googleusercontent.com/a-/AOh14GhxnxUR52_IxzJv7pPbaA_CmN_cSyeq1QAR-7rmUg,"One more Excellent icon pack brother , Many of Your apps are in Top 10 list , Hope u soon will release more icon packs 🤩🥳😋....Thank You brother",5,2,1.0,2020-11-30 18:28:03,,
gp:AOqpTOHGKRIhDjbYHRFNicSdVNXRbIAQ2n3oZLoT2RuLhajThjQbxH-my0BaZUoVxTi8q1nc5dUCEtCFAonogZo,Roki Black,https://play-lh.googleusercontent.com/a-/AOh14Ggf_P1Np3pWglg89KsbHoScE9g8zDi7L5hINDIY,"Amazing new pack of Linex series.. omg, rrally love it so much😘💕💕💕",5,0,,2020-11-30 13:37:53,,
gp:AOqpTOG-kMbh3xEVLxJ0eOeXTJ1eZhgzfHNs0pPP7ELHId-mEy7axt6DkBM1nYuuLzZOyHWUJJKTsmpytJn-glI,Harish Suresh,https://play-lh.googleusercontent.com/a-/AOh14GhTCBoVtZNZauD1TlLJDUzy1lRZqE8yW4e4rGkGqA,"My favourite icon maker's one more linear icon packs. Whatever he does, it is the best. Thanks for the wonderful color combination. Keep rocking!!",5,3,1.0,2020-11-30 09:33:30,,
gp:AOqpTOHRzOrWP8hLYqi8XY5FV112Ffkc7AqcHcmEsHUUSQn8tnfQ0vN3Nqd0i04EhDCtjt3KZe4Dy0GxxYn2_xs,Nini Miakoda,https://play-lh.googleusercontent.com/a-/AOh14Gi5V_u7-m0MR043hR9YU-N4zBcgPoNfzpppfRMSOg,Great pack! Glad you finally did purple!,5,0,1.0,2020-11-28 06:30:10,,
