reviewId,userName,userImage,content,score,thumbsUpCount,reviewCreatedVersion,at,replyContent,repliedAt
gp:AOqpTOFv4RAYG_qYaSmzEZBZD3vKl8T0ZLWq9onqZCrG0WZiDYNhpUpuV9gsuh-Aq76D7oeqNiSxfgaVmWF2LqQ,Denise Rosen,https://play-lh.googleusercontent.com/-sKgGuGUVepo/AAAAAAAAAAI/AAAAAAAAAAA/AMZuuclF5Joz_sRjtq-GMXmpdeiVwPNv4A/photo.jpg,Thank you for creating an awesome and fun app for the little ones! Keeps them entertained and teaches them many learning skills. I love the reactions I see from my nieces and nephews when they discover the interacting pieces. ☆☆☆☆☆,5,0,1.0,2019-05-23 15:58:47,,
gp:AOqpTOGCz0wkCPWFSrbqtEPpx_JcDeEVtNOWE2SLzDNnTD4OPe0KGGcVPJAYGyZD60japQ23JFEDJOeYt6Fef7o,Reg Jones,https://play-lh.googleusercontent.com/-QJa5RkLVMXA/AAAAAAAAAAI/AAAAAAAAAAA/AMZuucnRm_WyOpK8x-GmHfR11ra5kFNbHw/photo.jpg,"c Cute app for preschoolers to learn alphabet. Several levels of play: automatic movie, interactive or basic.",5,0,1.0,2019-05-23 12:20:39,,
gp:AOqpTOGDg7ZvdG5uR9w0kkDydqqzfea_7q2DPyHmqeelcNK9dtnrc5VfpGzh0GXJSgbM0CSoIf6NbLh3kNZgnnE,Ajayi Ayo Johnson,https://play-lh.googleusercontent.com/-I9rSaE3M3wI/AAAAAAAAAAI/AAAAAAAAAAA/AMZuuclYsXjHv58cFkypWDb_cMTDsl0fnQ/photo.jpg,I bought this app for my daughter. It turns out to be her favorite. She loves learning her ABC with silly spin.,5,0,1.0,2019-05-21 14:20:14,,
gp:AOqpTOFBvpfgauTeOXB6eRGbiPr7s_7A98nUEcn_YQISwQV1lSdrMqQ04H93CFTJCXyg5CUgzulZFu3Ms_KiX5g,Ayomide Ajayi,https://play-lh.googleusercontent.com/-xtkyBslRhPs/AAAAAAAAAAI/AAAAAAAAAAA/AMZuuckcyX7C6beLcBdtZxkdj-OJFiLs6Q/photo.jpg,Silly Spin ABC has been helping my boy learn his ABC easily. He really enjoys using the App.,5,0,1.0,2019-05-21 13:52:45,,
gp:AOqpTOEfUmjU9hz53q9vR6RcCsMxJ8yAz1hEhPG-6NlPS0KUhpQbiWE2YK-Xfr-Wg6TJZSICl-ZwGcs1ALL0HSU,Jordan Lear,https://play-lh.googleusercontent.com/-iJRtRaY1KXE/AAAAAAAAAAI/AAAAAAAAAAA/AMZuuclNH3q0tZ7WTbUQXFL2JRCfTGTZHQ/photo.jpg,Best game for my child that ive found yet. Thank you for this!!!,5,0,1.0,2019-02-17 19:45:22,,
gp:AOqpTOELqorWPE6ZtfFoeXBptlQxPhc8MJ-zFZ5exdl1b25eBJY6jbraaGkeRJDntHNAgke3-IuJw9ZERKnWdkU,Michael Rosen,https://play-lh.googleusercontent.com/a-/AOh14GgH4kbd_ItQDZQsKNeSen0CPqSj0dafWyYdOLo,This app is beautiful looking. I like the special features on each page. The 'fun facts' add to the joy of education while using this app. Congratulations on a well designed product.,5,1,1.0,2016-04-30 18:56:22,,
gp:AOqpTOEYU-2mdFbRDUlGuRkJLbAxH0LHJQbIOqrP6KgkcL04fsVnj09ft3w1NC_l2hUy08Vh1ov2tUMw7Um73rA,Claude Valenti,https://play-lh.googleusercontent.com/a-/AOh14GhAE6RohUo_KZ_5D1NdayC-_hzkOKt3yyAAXaBqRw,Visual stimulation and training,5,1,1.0,2016-04-01 20:55:49,,
