reviewId,userName,userImage,content,score,thumbsUpCount,reviewCreatedVersion,at,replyContent,repliedAt
gp:AOqpTOH15HQ5lwEJKLBDc-EELunUZEPfZAWFLk4Yk7hXM-JU0ocPH_C7VoTs4iJ-xoyf-Sqa9k3CGDZyrlYwjF4,Agent bbr,https://play-lh.googleusercontent.com/a-/AOh14GhPsrwroYSXO4gSGDsKYelg7pyFfE-iiV4AFXLy,I have tried so many pixel icon packs but this is the Best pixel icon pack so far. It'll be even more great if developers add some more icons time to time.,5,2,2.4.3,2021-02-05 14:34:05,,
gp:AOqpTOEtPah49cCQXUyGSUApT8FaF0LLB6QA_fqvz5PXM84kEu3344nIdjIrRezVylTSvNwReM1rNx2wzu0oaqo,Ahmad Sindi,https://play-lh.googleusercontent.com/-ukRJrHmM4aM/AAAAAAAAAAI/AAAAAAAAAAA/AMZuucn5F0ZfcF5uPf8UmKi64aP0Y9kNGQ/photo.jpg,Great overall. Just needs to keep focus on the google suite a bit more as G calendar is outdated. Otherwise pretty good for a stock-like experience.,4,0,2.4.2,2021-02-02 11:26:13,,
gp:AOqpTOFr0vcmi4GdmJmWLFs7Iy_W5yyg2_W43FHKDauWN6n4uVOoCuY9ZW84KEcrKrb2UBe0wdBd1xLKY7GJzGk,Onesimus Rigodon,https://play-lh.googleusercontent.com/a-/AOh14GjeqqfE_FP-8uSw6aRO5HLuv-6qVRxqNd0YaiMEWBE,One of the best looking icons out there and they're almost updated.,5,1,2.4.2,2021-01-27 04:49:14,,
gp:AOqpTOEhq94SgkZZ7HuC7xiLpRmdAy12J61NayoXx06qa6mWUrNiInUBRP_dins1Udg2A2hvwPpYmeP7GLFVz1I,Saad Sheikh,https://play-lh.googleusercontent.com/a-/AOh14GiFPoB4Ppw7yeijfWV5uhBQNivbqPZyk_Qn3hoqsQ,"Thanks so much for the Easypaisa and Rozee.pk icons and all the ones after that, you have gone out of your way to fulfill my requests, I will recommend your icon pack to others. Edit: An icon for Super VPN is needed.",5,7,2.4.2,2021-01-12 08:42:49,,
gp:AOqpTOEwxJSpo3orGR4DiTxKvGMR4R-8Tn6-tQWeGlx0XTFcd0mahyBukkXvmb90cHkqXCdAYs1jcsoauXikCww,Rohan S,https://play-lh.googleusercontent.com/a-/AOh14GhjBBH2skv7wlOi1iToOy4vsUQSYglqiqNrMVCnlA,Superb icon pack. Keep adding icons and make it much better by faster updates.,5,1,2.4.1,2020-12-28 03:58:29,,
gp:AOqpTOEpH_muSAkXz7mO7UoK9yoRQB_ToA9B_8A4g7Y--To_09z2NzS1F3JAM7UHuAHWC8jleTFx_wF8MGEjyf0,Danish Afif,https://play-lh.googleusercontent.com/a-/AOh14Ghu-RuZ4UP5Cn9ThgZngdJk6atngio_iIooLLnQwA,This is my first time legitimately buying an app. I'm amazed! Very great developers. Always up to date. Totally worth buying😎👌💯,5,2,2.4.1,2020-12-23 07:36:23,,
gp:AOqpTOEMuu20TFZiYvg102m6k6XUKcfTlS9P6MnabBAeu2epCN_tsqhWX0dd_Ti8uKQMEvtVoAuOxga1AvRVZTI,ChrisUnseen,https://play-lh.googleusercontent.com/a-/AOh14GgmKoKg675KmBec1_yR1r3k4VNIvZvZa32i5_ACsCs,Two years later and it's still being updated! Still the best icon pack out there! The fact that it's regularly updated is the biggest thing that stands out to me. The icons are easy to read and sharp to look at. Having a difficult time finding something I like more.,5,7,2.4.1,2020-12-21 15:15:19,,
gp:AOqpTOFfhwL692Fx-Y_CRWgyM_a2rKoROPr_6yWnJHYQWhTIFwyISlsir6RmKFId7kHBufHlSfXR9awttdlyLmQ,Gonzalo Fraile iglesias,https://play-lh.googleusercontent.com/a-/AOh14GjLKJfsp0-KSXZOX-AVGc3KkhE7CyRhxnrN2SUAhQM,"Really good, but please the calendar and gpay icons are now dated, can you please update them? As there are already icons for those apps I cannot request them! Great work!",5,0,2.3.9,2020-12-03 08:32:28,,
gp:AOqpTOGOw_bW5JUZPIkKDhWVCtjyp6nyccxU-TCADcqvV1KYbDrWYX4FHCFo9YC8AZsgpfoELqV4kKvx0L8Nk5c,Oliver Lopez,https://play-lh.googleusercontent.com/a-/AOh14GgrxMXcPUqonQt0Ek02Swmi0l5CA71BVZkWk1IMvQ,"Really cool icon pack, but Medium App Icon needs an update 🙌",5,0,2.3.8,2020-11-29 21:04:00,,
gp:AOqpTOE1zdY1oRRAnGdjd5XMCfUtjK8g2tlCRAMdM8QBg7wVZXlg5FvaUSdFXPdNG9hPtxWjt_IhuYDqI8Ik_Bg,Sidhanta Sahoo,https://play-lh.googleusercontent.com/a-/AOh14GjqOKfk9nPwoe4NLRN-BYgR8DiJLKegsT2SnQoIRw,Please add the icon masking feature. We can toggle that off if we don't want that but removing the feature isn't the solution.,2,7,2.3.8,2020-11-24 13:21:30,,
gp:AOqpTOFjuEC5YLd033i_tH9EUdj0g9UXzfdjPvN-1TreeddPUQpn5XYPnK5UoPdjlc5rtAWfE6sft2U4f_xp5QM,Adam Peek,https://play-lh.googleusercontent.com/a-/AOh14GjytVlHv3qxZGpTPSumZSeoU1TS-rjXnsx2mhHltw,"I'm elated the developers removed icon masking, but I understand its appeal. They're correct the option actually belongs in the launcher which most other packs fail to demonstrate. That said, these particular icons appear so natural, each one could have been designed by the app makers instead. Together, they give the impression this pack is really part of an upgrade to the operating system by Google.",5,1,1.8.7,2020-11-18 07:26:58,"To disable it, go to the launcher settings &gt; appearance &gt; disable icon mask. Ready! Edit: I removed the icon masking! Check for the latest version",2020-11-16 12:37:07
gp:AOqpTOHwUwB0A4LodT1M2hARBF_qVYk4hjL1v8KFVP26Xo90IkxswYPCLthhwV2rE3ul2lY74q04aFGg3uphmMk,Ivan Gromov,https://play-lh.googleusercontent.com/a-/AOh14GiWUq6rrgl0ZB8EltpkIaBc4NPAVt4SKPUUpAGYeQ,"Recently added icon masking ruins this otherwise amazing icon pack, please reconsider this change. I don't want to use a crappy third party launcher to disable icon masking Edit: back to 5 stars, the dreaded icon masking is no more!",5,3,2.3.7,2020-11-16 12:39:45,I removed the icon masking! Check for the latest version,2020-11-16 12:37:26
gp:AOqpTOEWAx7MZKbvYhndOnCPV4y-tLKokX8KCOFHGhiWQOKF3CLAsdOIUKkCKbt6Vi5FUax8DkRUAt0gPjGJg7w,Izzat Fr.,https://play-lh.googleusercontent.com/a-/AOh14GgvfafIdguh21TVNM9zHOigChtO98UKeRrq8JcIIoU,very good icon pack,5,0,2.3.6,2020-11-10 19:49:49,,
gp:AOqpTOGAK4yJ_VyXuqzOR17emqTDvZYlLmNoLbchqlKJ-fqg3TxDb7f0Xr7cGXyFAh0nuRFOzOKN9ZiM7GsrrpU,Franklin Wang,https://play-lh.googleusercontent.com/a-/AOh14GhV4ls9ZEzOS-bEwK9we5J9hK06yI_g-grSocMAug,Please add an option to disable the icon mask for unthemed icons. With the most recent update some icons are very zoomed in.,3,2,2.3.6,2020-11-10 01:46:33,"To disable it, go to the launcher settings &gt; appearance &gt; disable icon mask. Ready! Edit: I removed the icon masking! Check for the latest version",2020-11-16 12:38:55
gp:AOqpTOHiDVhQkLOV2uJ3rvD5Qn19h6zp966NVdQC0jQqoRX5d1XAlHVvTW_SWh5GWHBfWSDTuaQhRfbDBsNGkdI,Omniknowledge,https://play-lh.googleusercontent.com/a-/AOh14GghNRKJUyrkZAILVoxPZbl-W4E9sShdT642Op_q4A,Awesome icon pack-fast updating...,5,0,2.3.5,2020-10-28 02:56:22,,
gp:AOqpTOGNjX6I1wW7CV1nCXS1dqk_0HTOK-qIoTWQkJgPI7UrrrSzOyfK__GL4Heu213WhAYoq62cSkuqfJjWmN8,knug,https://play-lh.googleusercontent.com/-BR6UNiY5PcU/AAAAAAAAAAI/AAAAAAAAAAA/AMZuuckNnhSm3U2JNriByniP60uQAR8-KQ/photo.jpg,Every time it's updated it replaces my icons with random icons why?,1,0,2.3.5,2020-10-28 02:07:51,Which launcher are you using? this may be a bug in your launcher.,2020-10-28 05:55:59
gp:AOqpTOGU4xyqpGTMxbeXR6KWlokigWdidqx_rERKKkTEzkNzOIMhF-8qeMi82FJ3oV8G6HclTTV_sDRI2tNcLwA,Pi,https://play-lh.googleusercontent.com/a-/AOh14Gh6i0kLzj7_m86KPxRBo6Pz48m9F74IskkNlYHM7g,The best icon pack that is regularly updated weekly!,5,1,2.3.5,2020-10-27 21:05:24,,
gp:AOqpTOHfNuf6NHC8hFCVVkqGLvHeKGwAayIIHxTuKQtt7PnPy3DANBJidchhvDhvu5AP_P8V_OG_vrUwUOCE2LY,Abhi Ghosh,https://play-lh.googleusercontent.com/a-/AOh14GhOxOcrNjFxT6BbRg6KZNszNA60w9cMXQOsWSD_Bw,"2. Thanks a ton for filling in my requests! There's just one app which was missing on dashboard so I couldn't request it earlier. The name is ""The Bible App Free + Audio, Offline, Daily Study"". Please theme this when it's possible. 1. A lovely Pixel Icon Pack! Love it all the way. Keep up the great work!",5,7,2.3.5,2020-10-27 16:57:31,,
gp:AOqpTOECX9YZu4Ozh-m8CQtphnJDztyycnWb6OHEH5_Tw6du6HDpFQJgkDWaI3aHyNg6hxaZeLl2e2sh3kBQayY,Priyank Patel,https://play-lh.googleusercontent.com/a-/AOh14GjLCe8xaal11NORC1Jk0QQF-0kOH1r2BfreONBa1Q,Minimal And Beautiful.,5,0,2.3.3,2020-10-19 10:31:09,,
gp:AOqpTOFWKBLt0cZJU4pW7b-77qBhA0W98bZQDTgtJ_V5ImAwLABFGvlFbj6Hgr7OGu9wHl9z-6Ss6JeOuiONiRY,Oscar Ortiz,https://play-lh.googleusercontent.com/a-/AOh14GhR3Cwiq4nfeofAJ9WQbehW_FoGOqXqgLI2aKqISw,Great icons,5,0,2.3.3,2020-10-16 20:22:01,,
gp:AOqpTOGOLpnRcUjz0w1WEJrZQfLG3Lx2hApYTijsroS7aZNxr1W06J1O7nUlshk5BKPvJnuiTPRbZ17lMdQZg4k,Ryan Barrett,https://play-lh.googleusercontent.com/a-/AOh14Gh2kU-3LBs6mCkxC-A-tl3_D9tuTttak4F3AVrCDQ,Really like this icon pack but some icons just got updated and replaced. Are you able to just make alts for new ones instead of replacements? Thanks!,5,2,2.3.3,2020-10-12 20:21:07,,
gp:AOqpTOFG8suK76UiPH4_zQFKaBJmy6zuDElD9wiR3w-yUvvC_f673trllN9u8khtfr5czcylev_QUi8zJdo2qhc,James Bennett,https://play-lh.googleusercontent.com/a-/AOh14GgQfIRjOw_ge9Za2az5GAPo2Da0J53e60gbXVDXGw,Liking the look of this. Requests are dealt with quickly!,5,4,2.3.2,2020-10-01 09:17:37,,
gp:AOqpTOFnr1PvlVltx1nl1iWFFXpmIx2jL1a0jWpZxo0jbohSjI2UeanHKvEVcIfM6l0uNPO36KHtv7a_jcITiS4,Jamie King,https://play-lh.googleusercontent.com/a-/AOh14Gi-MUlazjeCPqbTgctHJSx-jOKWMMbTSSHl5O4vfQw,"Amazing icon pack, best I've ever used",5,0,2.2.8,2020-08-28 07:32:34,,
gp:AOqpTOHC6-6R0-figOyw96XwKTgARIJ50OkQ0G58A68re5CsRzIGJiDfela1vTge2N5h_j_L6Neh8W9jFB3Tr2g,Stan Gurule,https://play-lh.googleusercontent.com/a-/AOh14Gjd_4HWo5sN2hpbYuGoEeQDCEKIgKzIlL4_9S57BCI,"Awesome,thanks for the dynamic calender icon!",5,2,2.2.7,2020-08-27 13:20:21,,
gp:AOqpTOHS_7ALL1zKXHq4Zne05qN_WDEk5W_S0RZm9Xsgqkr4oWk_Emf-jKH3ehzH5kV7YbLuf-k_qUe_N-Rw1gQ,Ben Tettmar,https://play-lh.googleusercontent.com/a-/AOh14GhmXp0Mx9o7_fnfTqrKrxju94l8bZ6-n3RYal8kk9M,"Most acurate pixel icon pack i have seen on the play store, worth the price.",5,8,2.2.6,2020-08-03 11:05:31,,
gp:AOqpTOGIkToBGByCu5-yC5qXcya9WyNMj20BlFba8EDZFflnyAFxA3h1VsYsyD7gyBnUv4Jri570fGl_r91nAbs,Jim G,https://play-lh.googleusercontent.com/a-/AOh14GjaYPepHw2SVbhEwZfGjAQlHFt6wnlk_hBco4CSbPc,Useless,1,0,2.2.4,2020-08-01 02:02:48,,
gp:AOqpTOE41bSLwcU7Ub2GptCJHAplO1VJ1cSOSM-nD8ZKOuYVgdjiYqr0EFX-IGUN5YrfiYQZDaROiYh2Cka9IhQ,Justin Lam,https://play-lh.googleusercontent.com/a-/AOh14GhheNRS26-l-xsE6JvPQG20om_bGxoC86sxQOwijQ,This is one of the best icon packs I've come across with excellent icon coverage for popular apps. It is well worth your money (plus it gets updated too with new icons!) Kudos to the dev :),5,4,2.1.8,2020-06-04 21:17:23,,
gp:AOqpTOESvHyPgYi46lPyD2zMRjevkHwqImNTEFajObq-FkwC0ul_W266HutA44JluPd0OYGyboTnKNloSASL1gA,aldo Guido,https://play-lh.googleusercontent.com/a-/AOh14GjBhAArqdh1SBbrS8DCGESC1U4nRQvkISOpVUtDsg,Great icons,5,0,2.1.9,2020-05-31 15:30:28,,
gp:AOqpTOGp3XN8DTRiQQVQ3y5f2ebnvfjvvCawkjpCqi5Cn4EIpPeWFBYvAu9ugkgnhSOGl3fh_xTC2gFRagQE-yI,Kingzander _,https://play-lh.googleusercontent.com/a-/AOh14GgDZbwVtYLe77I8BlmHO_J_oGNa3_vuYMHA-ZUwWg,"This is brilliant, looks authentic, and about 97% of apps I have were compatible, the other apps I hid as I am using lawn chair launcher 2 so I could access them without them looking changing the aesthetics of my app drawer, keep up the good work",5,5,2.1.9,2020-05-26 08:00:33,,
gp:AOqpTOGPXul8eHGZg3EOycJ_UtzSMtv0EqtmAxA8v89fO08bVEizHGs4zWVvO7JCYaqHYvlaSnq1R6kTiHGNip4,Chad Galicia,https://play-lh.googleusercontent.com/a-/AOh14GgAjDOXIt7pFhGB6xlZFTmSEX6gE2ngyoDi9X6Ypo4,Perfect pack. Almost all my apps are covered. Kudos dev.,5,1,2.1.8,2020-05-13 02:39:40,,
gp:AOqpTOEF8XXKmo_zeeZFMp15mtdQbG1YVRlIyCnqixcEiy7Kt0xrGjORzqLh_mK1d3ze8F8_jqbKbChm0Y2_9kA,John Xionidis,https://play-lh.googleusercontent.com/a-/AOh14GjUzZXa8r3UcB8ttA_QBO6Gv4lNHztTpV0LvEYIpZE,Exactly what i was looking for!,5,0,2.1.7,2020-05-12 11:33:15,,
gp:AOqpTOHLo8yOW-IU1k_vGM2IORVIjs3WL_qFgRJJ-wtQ6gSWMduRXGBhd6pD8tVDac7cEGecQ9C1HLeGNwCvYhQ,Chaoss Creations,https://play-lh.googleusercontent.com/a-/AOh14GhzohWY3Z0u4eaydmSf1gX7hk5g7NkaVEbUv2uHWKc,"Would be perfect if all unthemed icons were just cropped to a circle and not made smaller and put into one. It seems like that's what's done except for the ones that are square. If this gets corrected, it's a 5 star pack easy.",4,15,2.1.7,2020-05-04 08:12:38,,
gp:AOqpTOGA_R351pjpcWS7CznassRghffsWYnL80kUKGJqwcg6bKoHRx9E_XrESkxyP4Pns_vg4PX7lcdd4DH4NZU,Mel Vin,https://play-lh.googleusercontent.com/a-/AOh14Ggb0mUTvdDTZckweUvcI_SoCOPY5XAKAZeh3qEv,Aimp music player is unthemed,4,3,2.1.3,2020-04-05 15:41:08,Please check the latest version,2020-04-09 04:55:51
gp:AOqpTOFShrHudBnWcZ-4oeBGLzR5-bpVgLWUmTDVtoblt8I5tCpU2M0UhEeE-6YpuKYflCl2JJCzvaoj_3eOwAo,Ra,https://play-lh.googleusercontent.com/a-/AOh14GjBGU4RIltFhj27iaflYg7eLSzawH75Q1g_h_UnjA,I love this icon pack but is there anyway I can change the icons individually? I am using the poco launcher,5,0,2.1.2,2020-03-23 19:50:04,"Unfortunately, Poco Launcher does not support changing icons individually. Ask Poco developers for this function and maybe they can add it in the future.",2020-03-24 05:53:44
gp:AOqpTOHbAEIK5p5wpJMNwGIy9f5ZtHfdy21eoiEFb5GPNUMU7mvFjBb_TIyy-Ec-D3j_5zh8aWD1LSsCTIpjhmA,Rahul Udayabhanu,https://play-lh.googleusercontent.com/a-/AOh14GhWMS1cG9Em9RbVnIfUbnCiqukbcJs12IWfXUgqiw,Please update the Icons for Flipkart and Amazon,4,0,2.1.2,2020-03-19 16:16:13,Please check the new update,2020-03-19 04:31:55
gp:AOqpTOG1J82QHNLUP9Z8LN10ahRrw51dKuQkrulR_0-HMX1cBancFCrx_FpyP2IBbOGEbYLuh6Nr92YANZuSVQc,Paul Teodor,https://play-lh.googleusercontent.com/a-/AOh14GiacXw4CjKda_uH6_I9pdconYKaptC4j7dDsnzvNg,Nice icons and all. Grateful for it!,5,6,2.1.2,2020-03-19 15:11:53,Which launcher are you using? You can change an icon individually by following these steps: 1. Long-press the shortcut you wish to change. 2. Tap Edit. 3. Tap the icon box to edit the icon. 4. Select the icon pack. 5. Navigate to and select your custom icon.,2020-03-19 04:48:21
gp:AOqpTOFK3tfsLhVXbvR9gvm1wCRiMPaIX1E3descLgzF_hl8N4VusEpimsOLE82VMW1fpv9qEra-Z50YCTJhDZA,david terjek,https://play-lh.googleusercontent.com/a-/AOh14GiBXXPjS9CwiVii6AEpE-OZLaNYc504ESyjczRSzw,The best and the most beautiful icon pack out there. :),5,5,2.1.1,2020-03-10 00:51:37,,
gp:AOqpTOFELFppav_oZuTcf-vnKMEOUJBDBSq6wtBQxShDJH1-MZ87v6Zn29ZhYmJtbG3aezCJiacKqSNwwDvBCxE,Sebastian Gonzales,https://play-lh.googleusercontent.com/a-/AOh14Gjwah5RQ3AMrFp_4_5bHlP4oti8Pu21L3-_-EO447I,Amazing app and devs always keeping it updated.,5,0,2.0.8,2020-02-19 12:56:56,,
gp:AOqpTOFztA7qEVhQIn0E-y6OFp6rUvvgVAgkd0IjaB3PT-pEmBxGiwBMO489glWmW7zwpEWKiyeZ9xzfXTSOsSE,EJ Aquino,https://play-lh.googleusercontent.com/a-/AOh14Gj4RH-BBu6Hms22Oukh871vRLmqOMcC5QiS5YqoY50,Better designed than all other pixel icons,5,0,2.0.8,2020-02-11 17:50:06,,
gp:AOqpTOF7NUPaLcPtLOblu6prXpwscqFnmX-wUznCv5suB6ZuX47t_rTc3KqMgecOMvU6KVHwWWR-hfZmfRfJBBo,Dan Brown,https://play-lh.googleusercontent.com/a-/AOh14GigguhzzbGgUo1g2pq1hZjHooRXVKR7OEnkpOm4tg,Great Pixel icon pack.,5,0,2.0.7,2020-02-11 04:40:12,,
gp:AOqpTOGLVV-K6ngl4BWvPtW-m7-svWuyipGgFrFRlWX7XuVE4BN4zeuNxR4eT5Yis0tyCCow1MQ1N-XCItHY8OQ,Ajay Chauhan,https://play-lh.googleusercontent.com/a-/AOh14Ggrj324Fsn4198cftSD0qr8HHzdfLDgrIpMy723Hg,"thanks for updating icons really fast, great icon pack!",5,3,2.0.8,2020-02-10 23:33:18,,
gp:AOqpTOG_XuRiuEdvCo04c3LZ4YSc0z1PhFvBPCU99rb1pWLN8Bo1VqW7hcGijvahm-39vCk6JnUKekiwhqmjTUk,Donevin Frownfelter,https://play-lh.googleusercontent.com/a-/AOh14GjVsFioUpnYTS51d3Qt_WBBqQtoCDP37yHbh9hZTDI,"It's a really great icon pack, especially for custom launchers on a pixel device, great colors, resolution, it's great!",5,3,2.0.2,2019-12-18 20:55:52,,
gp:AOqpTOGLTeZOxgm1MaVuh3Z8ztST_pxtxOjpyBRVrIPihZD0_ufIvcH8rktphWFH7JQRfmYDZ6MLJteislyjsxk,Sharry •,https://play-lh.googleusercontent.com/-PM9UWBLB2H4/AAAAAAAAAAI/AAAAAAAANvE/AMZuuclyP2XVhTnHA99YqVgXiRQOvwwW7g/photo.jpg,"Whoa man! These are really good looking icons. They're simple and most importantly they look neat throughout (which many other icon packs failed to achieve). Used pixelpie, pixelQ icons and other pixel icons. Yours is the winner.",5,0,1.9.6,2019-11-11 20:19:36,,
gp:AOqpTOG5Yo2URE_ym9QggWFhvgI4yrdjxfOZDVWGrfjcy-UQu-7jKucRdB0nB4PaBPAnHyCZJfM--jiBvkEz9AY,Derek Jenkins,https://play-lh.googleusercontent.com/a-/AOh14GjbqLZXhn0hoq6RJnG5l9PRkLm6s7AfX9OmwOvKJQ,"Please stop changing my icons without asking. Edit after response : I shouldn't have to change anything ""back"". It shouldn't change in the first place without asking for me. The new icons are ugly.",1,1,1.9.6,2019-11-08 04:54:39,Any icon that has been changed has the possibility to return to the old icon from the launcher settings.,2019-11-08 04:06:57
gp:AOqpTOHSUQGQRtUSQ9DrWWFf220rI1njM7Goc29rWY1ouNe0IHXH6of7wsCSHySnCxvhftI1S8_-nCTKYgO6B00,Skadrow ‍‍‍‍,https://play-lh.googleusercontent.com/a-/AOh14GiZJ3n9QI11iPcVtA5SQGP4TRPigMq1BqX43r8P-Q,"Ive requested lots of icons, non have been made in the 6 updates this has received. Still missing 12 icons",1,1,1.9.6,2019-11-06 08:55:49,"Send me an email with the names of your missing icons. I will try to work with them as soon as possible. 
pixelflow.help@gmail.com",2020-03-19 04:54:19
gp:AOqpTOFZbMuXXza5iTPflx6IaGSCQ9XK2v5EaScbzlpLJahZEAzEGKVgVWjQgodn1jlIoNwyNe1v2HV7CeIRQ3c,Andylmfao,https://play-lh.googleusercontent.com/a-/AOh14GiAVEG85k1pfvQ49nkx7Nrk-L8PkOFSSYuDSG1zqg,How do I change the background colour of the system icons?,5,0,1.9.5,2019-10-31 15:17:39,,
gp:AOqpTOHUVIaCZyc3HLFdHOm05wVk-Dxset32Sl-drQWtBh-5gPcGl3n5-apY1DCQ_78zg0jgBlJZsts0CvU5cMQ,Sophia And John's world,https://play-lh.googleusercontent.com/a-/AOh14GjBK0GY5PoFkfyLHzQBM0FEF7qtc2ev0btKjXdJhK4,👍,5,0,1.9.0,2019-10-02 12:15:21,,
gp:AOqpTOFG8hLqDSNabuhbW7YS4zL2Xxd7bQ7f_-92QAjlnL1A4DczrxxVAMFR9UQo2vX7HbKACBShxDWm-6tao1M,John Huff,https://play-lh.googleusercontent.com/a-/AOh14Gi7WzbGGXGEZnO-DcQutGlhXLb8ECsinRrH6sMNquU,"5 stars, but some icons need updating Uber driver is old icon",5,0,1.8.9,2019-09-25 15:16:34,,
gp:AOqpTOF2xPMu0n1PCOusGxXAD42oisUe3-ndgR6JA6eIsJHItHu82KO__WuxxmTOGqVtC8Rz8QGDVbMhcFcNcUk,jessie boy Corpuz,https://play-lh.googleusercontent.com/a-/AOh14GikqwEoNVSc9wIK6J1Z3KeDV93w4xG_JPW50Dg1,"latest update not suported nba 2k20 game and SSS app (Philippines) icon, the rest is ok.",3,12,1.8.8,2019-09-12 18:05:47,,
gp:AOqpTOF9vhl4j0To_hpmvG4MjBN-BH4bnekj8muOjMJvja_7Ppc_bBnX1dl1c4Z6RF4oOtvD2aQfSAZnu30M7wI,Brad Herrin,https://play-lh.googleusercontent.com/-ADiyrAaxGk4/AAAAAAAAAAI/AAAAAAAAAAA/AMZuuckLBI2-_bKFzUWOOVHHRGCjSP94cg/photo.jpg,I said you can call me 6,3,0,1.8.7,2019-09-08 14:15:42,,
gp:AOqpTOEQ476tELbdI6zWyIbFTx7gLWSjzAQtHH5Jw66hgNTnh22a67ZY43PjXmzEZPPLVJBHMIyVQTXaGDsl0Yc,Kevin Colon,https://play-lh.googleusercontent.com/a-/AOh14GhDsST68TorXtgpDDlo0mQrIwIN-h2ubfSMmn2vTw,I received 3 updates since I purchased it this August. Almost all of the apps I have has icons. Very good consistent design. Worth the price.,5,0,1.8.6,2019-08-29 20:45:27,,
gp:AOqpTOGnqi7dLWRSvwuS-SCAVqWBhh3ks20NgrnzPpNHsiJwPBvqCbEKECIK77EvoXI5nqNrtkVJDBlkfN7rDpY,Jack Ottman,https://play-lh.googleusercontent.com/a-/AOh14GgG0h-IDWT6itLvE5GHgxVIHdOPFRXs8bEidyTB1Q,"The best Pixel icon pack out, thanks!",5,0,1.8.4,2019-08-26 05:50:04,,
gp:AOqpTOEqgXRcgBSOw0CTbk6aZgi7dq70F8iqZf80hQgSLC5L-MlHLbqMnJZjdG-c8KTrsv8NLCe9vd7gBlMRvzk,Saahil Nar,https://play-lh.googleusercontent.com/a-/AOh14GijxSbZSN87XilMXbQFEhRGO8MBLTzwxJWkjFN0hg,Best icon pack ever.,5,0,1.8.4,2019-08-20 09:51:09,,
gp:AOqpTOHRjKOccl7tVKAklBZj_ByhaII1-i981M2wQo4LyIBLKDTHCg-aLtygd4JACUnyPz2Rd_YZcOHGzYVscoA,Dr. Shaheed S,https://play-lh.googleusercontent.com/a-/AOh14GjRGThCUr_hnvs-DCulVOsI0J4CsjAF__MSIrmSnHI,constantly updated worth the bucks❤️,5,0,1.8.2,2019-08-03 11:32:33,,
gp:AOqpTOEICzOJxLEdPYKlY68Z5Uj4vNtRjop1Yrt2N7Gzs2pQbKF-Q6sCFQv-qUTNlWfO7JqoBgcdDc_3V9WCRKE,iball,https://play-lh.googleusercontent.com/a-/AOh14Gi4sw-tbxdMac---JBPqOoM_7Xuwbr-SQu9G3GKvQ,Awesome clean free icon pack. Keep up the good work!,5,2,1.7.9,2019-07-13 20:21:52,,
gp:AOqpTOFTI7omZJkONX2BI2NVWWJ_EF3tzuCzPeEIsHpIdEoMUJbUaQEif75MYatpBS5KMDf16ZOdLLDhdSSoAa8,Souvik Basak,https://play-lh.googleusercontent.com/a-/AOh14GjLJpal35j0ouUlL7eUOs90SK1IYBIp4FsoC485,Good collection.. though missing some apps. AND dynamic calendar icon doesn't work in OnePlus launcher.,3,1,,2019-07-06 23:24:31,,
gp:AOqpTOG4ltmZJegbiZsvAiAEeMkw4QTyEmtvSeorZlcEKpeVB4VjqTmhsZSkWj7l-aPni1ioZ6JOI5G9FMnABPY,Chris S85,https://play-lh.googleusercontent.com/a-/AOh14Gh_-e3ml0-n0joFoNyUAFfX8zvkB04q8JjaKMGa,I don't like your icons. Why I can't refund?,1,3,1.7.8,2019-07-04 02:31:29,,
gp:AOqpTOHhwAyedad0MhMbpR144wt0m5R5U-nZho7qZZjRX6KWklgFLvxVO7SxFw45tv5eHT2PwYwNUc1kxo9Pw7U,User,https://play-lh.googleusercontent.com/a-/AOh14GhlVO8xH4cw0HbmSyEui7AuW1N1WgSwhUEz5UcDlg,it's not really legit,3,0,,2019-06-28 01:10:30,,
gp:AOqpTOFj-1RxkWYTxRKato41YKARAoF3UDgadOMiYUtztCl2UGGdd2ucL340SP6v3zGwcI52tQTowxXA9wz4iRI,Fathur Ghazzani,https://play-lh.googleusercontent.com/a-/AOh14Gi9ZOBwrhoLjI0m8sB5JwqC23g1IV6hWgq_eQr03m0,the icons are beautiful. but would you update some icons that have new looks like some Microsoft apps? thanks,4,0,1.7.6,2019-06-20 05:09:00,,
gp:AOqpTOEqA67ciTJNewNBLL_kqsYqljIKbwl-Fm7brpBA5oOYf7C2jVV-HyL88O0iQkbg9VUtFDgje9dSoqmBdJY,Tony Waar,https://play-lh.googleusercontent.com/a-/AOh14Gi36eypX9C4xIFfUt7E6E3n-cVPQFujc7Kp5geEwEk,best icon pack ever.. but in the last update (the mask icon) look so bad ( Edit: they get the mask removed after my review thank you so much 😍 i wish i can support you more but i'm in syria we can't even open play store without proxy🤣),5,9,1.7.4,2019-06-14 00:03:51,Icon masking removed. Please check the new version :),2019-06-13 13:19:46
gp:AOqpTOE3QowQuWy8I37S4a8lLEbKgX-mJzK236tvqY6BhddR4FevkGHrkTa7jzzywnlms9cG_9fPbKCoWEXE8FY,Aleksandra Salvaterra,https://play-lh.googleusercontent.com/a-/AOh14GhnmERrxn8EgxyzgVT_T1cUduVigRGOV_WdWPybOSQ,"Simple and great looking icon set, a must for any lover of stock Android! (and so much better without icon masking 😋)",5,1,1.7.5,2019-06-13 16:20:54,,
gp:AOqpTOEpfWyKyOBbXHs-6vCDSUDq1mI0Iga4VQ6ZBEnnn0qbvjMCc6swDNcF3jICI7bYEgEL_Ahe3ogpo2ZCoiQ,Daniel V,https://play-lh.googleusercontent.com/a-/AOh14GgXtxyKJJz5-0BDpA9v-j3UFxX8dnecoYANBMouB-8,"Good as new! Thanks man, keep up the good work 👌🏻",5,0,1.7.4,2019-06-13 13:41:39,"I removed the icon masking, please check the new version :)",2019-06-13 13:23:51
gp:AOqpTOF-z-TPSX688Zxt2_jB-HYraaDJc2By8rI44G2e8KiivM3KBKVqCfR3W3AKxXmV_RmcLIuQVA0LvhVUgBA,Muhammad Fadhli,https://play-lh.googleusercontent.com/a-/AOh14GiHCvbEXOsa73XVebaDvZu95B9-QmLYj8E8r976iw,Love,5,0,1.7.3,2019-06-12 19:24:43,,
gp:AOqpTOGGpCKglCEjb999uwDYeONPOMv0qB8QOADNiykJlyVbkOC2H-VoJl2LKYgZ2z061rftOnb8kB7VbDycwP8,Factor Fiction,https://play-lh.googleusercontent.com/a-/AOh14GgiVc0UEZ8IPSfQjOgAXfKSewLI52dvSyY7pryO5A,"Updated review. It's cool that they fixed the alphabetical order problem, but my icon requests still haven't been addressed for a long time now. Also, I'd suggest icon masking to make all the unthemed icons round at least. I'd still recommend this icon pack though, for anyone interested in a pixel-styled look.",4,8,1.7.3,2019-06-11 06:30:33,"In the new update, the icons are in alphabetical order",2019-04-04 20:10:09
gp:AOqpTOGpytOob0_HT6zJCG440GYUaRNCtNTYRnA2xNZEwq2aA-6-AArbvTSKqXqyYm-anDv7s7IUIZwFN8ae1CQ,AHMED,https://play-lh.googleusercontent.com/a-/AOh14GjtGg4s-DbwXRcpiMP4ul_5l4j_h0DdEskk0bwMYQ,the best app for icons,5,0,1.7.2,2019-06-04 03:58:46,,
gp:AOqpTOG52aT0mIp7NYm-IKRttq1ruMf2q7SAI8WHIv_QUK300-6NywibZWfngqvuAAs_IcPxmGIe-Iz3IzJwXoo,mehrshad khademi,https://play-lh.googleusercontent.com/a-/AOh14GhYrtI0QpCJ556QncW9CC5iFXGRcR5bdNqHAukwU1Y,This Icon pack need default Icon style! The only problem it had is this issue!,3,1,1.7.2,2019-06-01 10:47:53,,
gp:AOqpTOFfrKQD1l6PQXk3ZvAmzLdvV4D87Js96ErYWvsEC8wOej_Iixt9VmekXcOVsAkYIOY1iqdba45z0Q_nJGE,Russel Wilkinson,https://play-lh.googleusercontent.com/a-/AOh14GhpjrALedwgNnZgyScbFYjCkslpqCEPCyh2R9gSlSQ,Awesome app! It seems to have the most Icons (that I use).,5,1,1.7.2,2019-05-31 19:47:03,,
gp:AOqpTOGeLtRiXtQsVg5Yzv22KrZ_dn2s_fC-YVbv-P7PGaeQEhQ40xz4UYrEwiheYcOmhMn9KbDzqkIoreTMDeg,Maulana Ahmad Aji Triadi,https://play-lh.googleusercontent.com/a-/AOh14Ggj53uFukCyeF_nhepHoosCVwTXZ3H3y5AVOUiknw,I love it!,5,0,1.7.2,2019-05-30 15:41:35,,
gp:AOqpTOFHdcqbGN4xSBjpQ4B9COOLZwQgTugM2npDJkdqzQOb7B_y9odYuAFkWI2CBmM4wviCozbowulh5bMlRC8,Aleksandre Tsertsvadze,https://play-lh.googleusercontent.com/a-/AOh14GhZsGrVpkqtIG-YbD60e1DqPGmCNZJCTnt6QDlZ7g,how to set icons ??,1,0,1.6.9,2019-05-13 06:54:58,"you need a compatible launcher like the ""Nova Launcher""",2019-05-13 07:00:22
gp:AOqpTOFvCCwXc8jzVRiLHSvS_a-KPHRCq4uf-1ydORnQ0q0iCT9HsIJx5msYuRL9UX3MfXsbU0lqyKGlLcvWPQI,Nugraha Yoga,https://play-lh.googleusercontent.com/-WB7TNYx3AW4/AAAAAAAAAAI/AAAAAAAAScI/AMZuuckFc3eR4BSgJxDX47tNLIPHyo8j8g/photo.jpg,Great icons.,5,0,1.6.8,2019-05-03 08:49:49,,
gp:AOqpTOFYD74SxEqKlZ-uxFd2fF0nlTgJAZoXd06nSN1S-2fAqlwx6esZQ94T1Ppt_eaBxZddxAEq_UsdOlmCa4k,Sugyan Mishra,https://play-lh.googleusercontent.com/a-/AOh14GhY4cVro0XvwqHDDdN0WYastTfunfNAj1vxuh0YCIg,Nice icon pack. Definitely worth purchasing 😀,5,0,1.6.4,2019-04-06 22:57:33,,
gp:AOqpTOHkKc1gI1AsR5ARBzKYbFR1fS8nj4FmOXHFcce5QE2FmoLEq5ZQOmoLHWbzm8VUo6cIZ9AI1Gf5afAuis0,ppick CH.,https://play-lh.googleusercontent.com/a-/AOh14Gg-taF_zwEnNX1dmM9RIAK19cISOdFy2HdN6fd9SXo,Really like it. It's the best Pixel icons style! 👍,5,0,1.6.3,2019-04-04 09:34:54,,
gp:AOqpTOFyc-MD_t5Gx0bxgRSBQoQazycm1LJqxf27daFI7Inrr1S91VSekjjpWvY8F6Z6VWGcneB5w9Blm3lEbLM,R,https://play-lh.googleusercontent.com/a-/AOh14GiwvoaLl-UZlgExBrvjKBIYFvcMD6J6AdaH-kltQA,"Continuous support, frequent updates, great icon designs. Zero complaints :)",5,1,1.6.3,2019-03-27 13:07:46,,
gp:AOqpTOHJcXtiA22Jv0THwX1yDkRViWKmKib7F54Vgz8AxbxSNTJPJhpz0RHs8m0OGOo8iPaMOB2CytbGrxoP58o,A Google user,https://play-lh.googleusercontent.com/EGemoI2NTXmTsBVtJqk8jxF9rh8ApRWfsIMQSt2uE4OcpQqbFu7f7NbTK05lx80nuSijCz7sc3a277R67g,the best icon pack,5,0,1.6.2,2019-03-25 12:33:55,,
gp:AOqpTOHTDlOCK13hOpjH4WAavmogDvvMshlHHb2qm5RlCvI4y6uoMKlmE0hezqwDrAAfSwXfOmcsIYy_nOmwn4o,Partha Chakraborty,https://play-lh.googleusercontent.com/a-/AOh14Gj2m_NACLFc8WDExrTaYlOiqCUAYBZ-M5uxblXofQ,perfect icons,5,0,1.6.2,2019-03-25 00:23:58,,
gp:AOqpTOGyEryq1oN1PQeBxEORz5Gm-MqL4NmxfyeY4ZRNF7PNLoylJAknuuqEBFpQ3CPDIyiAoEI_JIPX_lCKa5w,Sushil K,https://play-lh.googleusercontent.com/a-/AOh14GiouuDE_-wS5VK19Rd1iy1PAYLz9oiqgeMqj1h5iw,simplicity attracts. superb🙋‍♂️,5,0,1.6.1,2019-03-19 04:22:02,,
gp:AOqpTOEwteE-T1HWnHsygxOUoQMtKJoNDatKXBEGt4zcJ5WiCm2CSLfVGNrYrrMURPO98I3hRL_NidqkceS4UEw,Jun Yan Tan,https://play-lh.googleusercontent.com/a-/AOh14Gj7ZkAFDgfyP-snfZsihEIoDrtIU00gI4tqCKykLgc,"First icon pack that I purchased, was not disappointed.",5,1,1.6.1,2019-03-18 20:37:24,,
gp:AOqpTOGgvq-vWK3Z2N-nV2oEnGRGPD2MYTE4vnb3vvbosuLoIJXGee2gAJNnA8qTm-e_kujrdRS8rr7kUBR-kj0,David Tilley,https://play-lh.googleusercontent.com/a-/AOh14GjG1rMmmcYqD9FUqBvGw3taUsA6JKXYdbi4pcOgY-U,Good start. Needs to identify new icons added with each update and identify icons that have been requested.,3,0,1.6.1,2019-03-13 14:27:01,You can see the new icons added to the update: filter (blue button) / latest,2019-03-13 14:58:36
gp:AOqpTOHiShW5UF4wPI4TJWmfhWVLHA1_pldp1KBMKZTXGcYLfTkyvkk23JjJD_37BiXIIl2FFqha0_peNYqfMf8,Filip Dąbrowski,https://play-lh.googleusercontent.com/a-/AOh14Ggp5CJ4SHXKUCYRFvlsTRyBdNzrXRU_x3GJxx3rnw,Awesome stock google icons but some of them don't look exactly the same as on Pixel 3.,4,2,1.5.8,2019-02-21 05:14:48,,
gp:AOqpTOH46bSXcub79qRwL2NqlZFWy1VEOSvnCTV4lhD9qF0UOVaFJZb9uDM_E-EpFqsnxOna-WFOfDsxW9e5vbU,Shreyas Joy,https://play-lh.googleusercontent.com/a-/AOh14GhXnLZcDy-u6FESv9-WP1daJTW3YHO_UMnwbMrf,I am using this for quite a while... And in my honest opinion.... I love this pack!.... I use it with Lawnchair launcher and overall... The icons look clean and minimalistic! Keep up the good work and the updates!,5,3,1.5.7,2019-02-17 04:26:10,,
gp:AOqpTOGhODbwNgaOspFCicNIqU2_jiaNd3YYD8ePrFGIT2YuFW8DGg8YDEyBlXvYAF6pOHaZsHW85ffZieY_UGI,Sebastian Vargas,https://play-lh.googleusercontent.com/a-/AOh14GhUxch9_Vk9oqYCmOK7SM4bnAQz0E_fC2BW_Fu7gQ,cool but dosent have live wallpapers!,4,1,1.5.3,2019-01-25 13:36:51,,
gp:AOqpTOFQgkpBB81t7e9foYxtgPELi02-nhqJQ92OXE1uXSMtKGk0NgYCMyBNvNrWozD9WVCUBz-HdqqBcLd9b_I,Ahmad Zainul,https://play-lh.googleusercontent.com/a-/AOh14GhstDHQcTG3oUFVTajahuclrY4U8RMV16s2ZCbK9A,"please fix licensing asap, this app is great but need fix licensing issue, or we cant donate it anymore, sed",1,3,1.5.4,2019-01-24 20:48:01,Make sure you're connected to the internet while running the app for the first time.,2019-04-04 20:04:08
gp:AOqpTOGXO4p22JrFNtOSK74-pYzBNpH3EAsRJC2Ggq5xTyHToUdZWF8VKUtsWf2I5X56cgSJ3q_baqfo0VDQBzQ,Charan S,https://play-lh.googleusercontent.com/a-/AOh14GhDADy1Lri1CW8js6IPam5FMeNYwyO3ffeFIembVQ,I had donated a small fee to you today. Thank you for your wonderful icons. thanks,5,2,1.5.3,2019-01-17 05:09:32,Thank you =),2019-01-17 05:29:44
gp:AOqpTOG5vUwhoO9yY_P47amcTQZeHYEApgqgjYMhAvxeU11XLlP33IENAUC-NjSdITggj9nNHkoBmPv77MvlLrE,Mohammed Usman,https://play-lh.googleusercontent.com/a-/AOh14GgleYzUTXR90NRW3GMLnMjKiNO8lsvOhXuMyM4zugA,"how do you change an icon, e.g. there's a few icons stored for google play music but how do i select one and apply that specific icon to the app. or is it not possible. edit: im using a launcher called Google Pixel launcher 3. if i go on the launcher settings it allows this app to work perfectly with the launcher, its just some icons i want changed.",3,0,1.5.2,2019-01-15 03:46:13,"This launcher supports only the apply of the icons, but not the change of each icon. I recommend Lawnchair V2 or CPL Launcher are very similar to the Pixel Launcher and it is possible to change the icons.",2019-01-15 03:57:36
gp:AOqpTOG08jWd40kje0NUCedFcQo9sOiUAOuEEKdBgJVpRwFPDFfc9MqulkXXBIkxCLgXQXUcLrB7Szsr4eU6K-c,Genso San,https://play-lh.googleusercontent.com/a-/AOh14GgKsKtodQ4yFKDE85uwn2RVTBP0hSXebVcATU_WnIg,Finally a great icon pack without an ugly icon mask. Also really near to stock Android! Nice! Please keep it that way...,5,1,1.5.2,2019-01-11 16:54:57,,
gp:AOqpTOH-xIL92XSp0Sqz_VxtN2l3fQ_HRGCCI2G6owswSFXINtRU_59ZR53RDPwJx2eHzhvqs3bXvRC-leA79PU,K35H,https://play-lh.googleusercontent.com/a-/AOh14GgZbn_7uAoh9VQhCqJ_QFZ7vBAN3L8_84iWdfpdWQ,the icons are awesome,5,1,1.5.1,2019-01-10 06:54:49,,
gp:AOqpTOEqAe233GhlUBqDVUdLvaPONwq-6CLkf6tKNx_xwdF8_v9sAhvlu34e-hlMnptwoUtIJvboX-n-oCYGeAI,Joger Gerald,https://play-lh.googleusercontent.com/a-/AOh14Gi1esL2XOyBBgLUgUTnrNwPyXpSBoR0k6ATt2wC-g,fast response to fix icon 👍,5,1,1.5.1,2019-01-04 23:14:54,,
gp:AOqpTOHiyAE8a_4fE9o7cArMdBiSlEaJaIf8c_omrcGXphfksgJ1eaPcQfsZrdPjABRPJ1-WiUEVONb7-ljWoBc,Yugank Bhattacharyya,https://play-lh.googleusercontent.com/a-/AOh14Ghi6_hwwHEx9WbUJC8PSLA8JnGM6R8xI75mTKDvMQ,great,4,4,1.5.0,2018-12-26 19:52:08,,
gp:AOqpTOGigUjvMF4WisFpUQDSS293_GHQz3aLtt7iKuvD11VBj2xi3lNj82OR6paiUM3j6AbDhhHDMvZkys2x7sI,Stressed by a Mountain of books,https://play-lh.googleusercontent.com/a-/AOh14GjU4PUXvkvKeIGh3lTBjeoOnp1gVA3_FubzggzCsA,"The developers never respond to the icon request, i really liked the icon pack but i m giving 1 star because of developers ignorance",3,12,1.4.7,2018-12-26 18:29:17,"Sorry, I'm not ignoring you. I'm focused on creating the most requested icons.",2018-10-26 06:00:02
gp:AOqpTOHBgyiirUmXVJMg2_F7l9mzr_TGzgoVheEJ6SAzWqjSpxYz5Rnc3-TbdR1SUm6fJK_8PXBrpYJA58nTOTE,A Google user,https://play-lh.googleusercontent.com/EGemoI2NTXmTsBVtJqk8jxF9rh8ApRWfsIMQSt2uE4OcpQqbFu7f7NbTK05lx80nuSijCz7sc3a277R67g,Nice Icons,4,2,1.4.8,2018-12-13 03:47:01,,
gp:AOqpTOFWVIaIak8_hpUB0LeH3gC5joL-RsSDGFlnDVZrc4bFjEIxEeqeZ2NHXbp4X2JbFWI5SDd1S-WTdtE9Y3s,Angga N.,https://play-lh.googleusercontent.com/a-/AOh14GgPHXAgzCZNSN4E7eZH1DIh_vEjj--m4bfwOsgtLA,Hi! Thnks for adding JOOX!,5,1,1.4.8,2018-12-12 21:30:55,Please check the new update =),2018-08-14 20:06:58
gp:AOqpTOGuTqogJwpjqlqJiDQnfpIwSmDHFQ38to6ZciTANtXfH8Rp2CQFt4PlAoa2-gZc-tj_9LEZvOAjIitoOUQ,ayo,https://play-lh.googleusercontent.com/a-/AOh14Gjb-0ZRAz1sZNRO4cRv7dYF9h6KtPnPVHMpxyXUebo,Good job,5,0,1.4.7,2018-12-11 12:57:59,,
gp:AOqpTOE6I89HLhRl_dzAD1V8BIY7am851OnfSlLILkKcaNtMXDvGpxWdoicrWg7wmv2_RuUnNU5d-zCUAzUZhRM,DONESONZ,https://play-lh.googleusercontent.com/a-/AOh14Gh99ubMk7hPAUVfNMEdARiZRdKFmr4jTYmweKWN_A,"Very good icons. An idea though, make some of them with different color variations... A lot of Google's are blue... Just saying",5,2,1.4.2,2018-11-05 06:41:55,,
gp:AOqpTOEiE6WOzHkApL8gbo4J2LKJxcKiuKa1j3O4MzyxecIOh5uSF1yZmJLubuBo2DfsPUcM38vm2n29Ef8xnB0,Sultan Haider,https://play-lh.googleusercontent.com/a-/AOh14GiAjqKPL_qQAo831esS0qtr8bQcxXE8HUsgch4iAcQ,smartly designed material design icons but it didn't work properly every time most of the app icons get mismatched. some apps start showing other app icons. didn't worth my money,3,0,1.1.8,2018-11-04 10:45:22,,
gp:AOqpTOHnxbDmLvNS_HkkZDHHieUixm0Tm4ecU0xF5n-tfWVA5-ccKEoPVOmmz7iFiUB_UIq4F2kuSOSTNnSfohE,Roke Beedell,https://play-lh.googleusercontent.com/-cQ-WHETWL2k/AAAAAAAAAAI/AAAAAAABB44/AMZuucnoDzSepn-tibdFtQ0VixQ8bAL6_Q/photo.jpg,The best. Please don't change a thing about how you make icons.,5,1,1.4.0,2018-10-19 05:45:28,,
gp:AOqpTOFz8-zJemmZJNJZ44oEMF87RlE-uPibkXe8HnVZum7Dmmfzhxaqyhkimc4qSYeRCY3WebGYdQiyMCWrTBw,Sajil Haq,https://play-lh.googleusercontent.com/a-/AOh14GjQKTs1sp8TQdbf7NHYGOpC6AIDF2n7dwPI2Z5akZk,"5 stars !!!! But The Google Calendar , Google Drive , Google photos , Google Pay & Poweramp ( keep the black color ) icons are not aesthetically pleasing.. Please fix.. Thanks.",5,3,1.4.0,2018-10-17 11:11:08,,
gp:AOqpTOGbI7_Xn8dRCVcg0lH8H6GzQlmPCgbsnScrJ5WdGNB6U449FOBiev7MqaPJ85L1eOqntlQ2QizjcuRAvQQ,Veline,https://play-lh.googleusercontent.com/a-/AOh14Gh4tCoAgrNJd2X0JmpjvB1HUyEB_ih7YbLFNTO4kw,Mobile legends icon pls,5,1,1.3.8,2018-10-09 05:10:45,,
gp:AOqpTOFFZBt0iKNpZnV8aB6At589hRdI3nDK3BknJFX1Qgk40yz44D3NfL2isnsgDXfoLfbH3ttMAQjJgiIQcQ8,Neeron Bhatta,https://play-lh.googleusercontent.com/a-/AOh14Gi2x7fsHhI2gVEDvG6KkZFAF4JKocOkPhBbVGbc5Q,Great icons,5,0,1.3.7,2018-10-05 18:16:10,,
gp:AOqpTOH6wmb0AUfN7sRQsdirLx0vBekjLuHYGeDG3v6S-r5sW0bEhdWzpBF5QNqycSeXfdZqmCDSh2mzHCn8Avg,Dean Aucapoma,https://play-lh.googleusercontent.com/a-/AOh14GivnNL2J-SyrDujQhtlMCGsf3GaGN99pP-ANf3lu64,Great icons set,5,3,1.3.7,2018-10-03 06:45:19,,
gp:AOqpTOGYfdOm_OiF-789rlr9iyP99Kidy44MwaMd4yNQ1U8dUA2CL1ssFLtEP-tGwOcgh9u2KSPrvpHpN72eJGs,A Google user,https://play-lh.googleusercontent.com/EGemoI2NTXmTsBVtJqk8jxF9rh8ApRWfsIMQSt2uE4OcpQqbFu7f7NbTK05lx80nuSijCz7sc3a277R67g,Please update the Cadillac app,5,1,1.3.5,2018-09-15 22:43:18,,
gp:AOqpTOE5q1qDGQXSxFJDCD_snBtBHgrzRveZt11rpqTngR3DW_GmTWaWEejpIIkUNff-YTMTD90dR1ZRCgq_OCs,Eric Natanael Sidabariba,https://play-lh.googleusercontent.com/a-/AOh14Ghxb_KENuFHLZHPBPXjeHOlTAxanhuTj2BnXdIs,The pixel icons works great with zen ui. Totally worth it. 10/10,5,0,1.3.3,2018-09-05 05:27:53,,
gp:AOqpTOFqn7382xiI60kiN9TcWeRYgz6uzVF6ZiQnLDolgq_A76VsCFkeui5YBy5DdYmGdwXEEnofItn2I9hzkAA,A Google user,https://play-lh.googleusercontent.com/EGemoI2NTXmTsBVtJqk8jxF9rh8ApRWfsIMQSt2uE4OcpQqbFu7f7NbTK05lx80nuSijCz7sc3a277R67g,Most comprehensive round icon pack available. 2 👍👍,5,0,1.3.3,2018-09-04 04:28:15,,
gp:AOqpTOGugRmJe7kfzn_otnUPxDw0zl8TJWPfY8Oyr1seBrhPKIHSpoaUw4fB55-cOGCOydocXW1hSmiLQJrSOZY,Bajatu Roman,https://play-lh.googleusercontent.com/a-/AOh14GihE0Q5UTkxlmEZzq0GnZxcvBp5AcD3h37MXhN8KA,"Honestly, the best one if you are going for the pixel look",5,0,1.3.3,2018-09-03 17:06:41,,
gp:AOqpTOEsILgRPIk1DNulW4h5LQs48Fp35aB73OZwqIz6ZZKYP_g6DvagdwiGhplld3-1_p8nJNPIdrcxOdksvSE,Mohammed Ziad,https://play-lh.googleusercontent.com/a-/AOh14GhErXNhgmRdaIunoLQlNkqeUoko7XCrrBX_XjYQPAg,The icon is so satisfying,5,0,1.3.2,2018-08-28 04:21:13,,
gp:AOqpTOGjnW8IJ3zmb_yoQtQ6h-fLcDphcXESgnBm207akyIGhNCat1R_EBZrLhitYWMk-vUPD3taRVRyU8Ninb0,David Napier,https://play-lh.googleusercontent.com/a-/AOh14GjUn_8StSCIbud_AQSgdQwRQCxOROnekmwnfM4a-wM,"I really like this icon pack but some icons like the Google Calendar were great with the circular blue icon with the date nice and centered. But, now it's a really offset icon that in my opinion is a huge step down stylistically.",4,1,1.3.2,2018-08-27 08:45:09,"You're right
I will add the previous version of the calendar at the next update.",2018-08-27 10:28:02
gp:AOqpTOEw3o0jKTCIj-S6XzWDqUKGzRXv9mW7VS58txk0VQeaGsNyCvsXdO1Sjp3kHn8yFg30ZRh0A_wQjXuSf_g,Jonathan Dennis,https://play-lh.googleusercontent.com/a-/AOh14GgNYHet5esLjgpeq8ErRd4ADBtV6-zCVo5FZYnraNc,Incredible attention to detail. By far best pixel icons to date,5,0,1.3.2,2018-08-27 06:38:31,,
gp:AOqpTOHwd9wohBMPIDHfwEAspZ0LYb8kuFlHacqYPWczPSHxpm4RUJGMosOJ-kvufwErXu_UIm80nJCrUxBr_SU,Leith Keshava,https://play-lh.googleusercontent.com/a-/AOh14Gg8Sqk38_xYlhh7X247IPqsUKhQh9IrYBnzQszynXo,"There are several free pixel icon out there, but with low resolution icon (I think it's still fine for 720p). This one is not one of them, the icon is sharper, but I don't think it looks sharp enough for 2K display. But if you use 1080p, this is perfect for you.",5,0,1.2.9,2018-08-25 13:00:11,,
gp:AOqpTOH-sudSsmOeUem2Te5swt2UtA__2u_n5e3tR3sb-93VcEt4JsbuwqKlulP2StWYFYTlWAmjNCaS1GNt4Lw,Dan Loftus,https://play-lh.googleusercontent.com/a-/AOh14GjRuq-OJ4iKca4VlkZ59pmsZQNHA9icdi8M7OsmaWs,Phenomenal!,5,0,1.2.9,2018-08-19 17:23:39,,
gp:AOqpTOEJbfjXGbTsuGcB6x_XQsZ3lbG7QcLgQddt96ujs2lqc16N0tNVpqmkWuHuoGD2j9bE_1bKe6pvTxQkenM,Cesar Reinoso,https://play-lh.googleusercontent.com/a-/AOh14Gj2wNLWBX-piY7HaGrUv88Rgua3muFsBmV8o9Umog,Best Icon set in the whole Play Store. Totally worth it,5,0,1.2.9,2018-08-19 14:55:32,,
gp:AOqpTOHsw-Hsk5nV8UN5GCe_Eryp_isG7zxV3o7RyF1VxhIW-w49XKzddsYjpTbciXMuQaUTuY94b7bG2pDMgdk,Kushagra Kasbi,https://play-lh.googleusercontent.com/a-/AOh14GggsnXnul1Vs9uklb_3zhGxCeBXoL8PL9ohowgJMvg,Regular update and good design.,5,0,1.2.8,2018-08-19 10:53:41,,
gp:AOqpTOEj9sScyD6L7Crq4rvMt5c9QpY-oPhuI21YG2bGtlRsTgkmY33gpzfqz4m9VsgUcQAiudYINg_IIaw0k0k,Neil Andrew V. Reyes,https://play-lh.googleusercontent.com/a-/AOh14GjAv5UEFCLToeLWXng3xnn7iOR45boRQ-TjOzSVWQ,Please add arena of valor,5,0,1.2.8,2018-08-19 08:09:31,,
gp:AOqpTOFXPPzc7OP5Zs4NbxOmYSxobgjAb9SrVq5SawCVu_hMrDNIfo11RlmuyIMOEZ2xIvoV1gfyrMvXs6TSDXw,A Google user,https://play-lh.googleusercontent.com/EGemoI2NTXmTsBVtJqk8jxF9rh8ApRWfsIMQSt2uE4OcpQqbFu7f7NbTK05lx80nuSijCz7sc3a277R67g,"Best icon pack to my eyes and it covers every app on my phone except the 
four games I have lol (one of which being flappy Bird IDK why that isn't 
done yet)",5,0,1.2.8,2018-08-16 22:26:58,,
gp:AOqpTOFuPZn6HlMEXIimAsSp79UvZnt9oTLRxhmswU5uj9iKokmlQzwAHnoAyuW2o1BCeHAwusBOEA8wowVpGNE,dicedtomato,https://play-lh.googleusercontent.com/a-/AOh14GgQ4jBigBg3jI1OGLWgC0Z0ZuDWqdDLvAhKtPGhuQ,"Best icon pack, all the apps I got are changed I love it! Even games are 
new! 10/10 pack get it now",5,0,1.2.8,2018-08-16 15:42:59,,
gp:AOqpTOHal8QbWrbAFsXOPwRGvMgbRtNJyEhibKxxwkHRWQVZ2lpg-ZZTs2qvUbu4nipfsORaqEz4_WEz9buDi_I,Elio Gaming,https://play-lh.googleusercontent.com/a-/AOh14GiMuOLWspsTaMfZNHTQ5Oq0eoH3C_U7m8ySfS5xPA,Awesome ❤️,5,1,1.2.6,2018-08-08 01:45:44,,
gp:AOqpTOFhClDLFvLppsZ2dZ-LB_6DbOyZFlMk8uiasMcXzbfv4znKj_YqFn3nx0MqKSNSD0-7MZN9wk0ALtYVH08,Om Naik,https://play-lh.googleusercontent.com/-hAKyuC2VsAo/AAAAAAAAAAI/AAAAAAAAAAA/AMZuucnjwduFujdIa36KqMH1fBH-PlhTfg/photo.jpg,"This is the best Pixel-based icon pack ever! It's a must-have icon pack. 
Great design, nice interface and beautiful icons. It's the best icon pack 
I've ever used... Just keep updating continuously... 😘",5,0,,2018-08-07 01:31:52,,
gp:AOqpTOHeeQRQ8_7DcUL0tbMgYz6eJru8siiR7bf0Qs-cfkCV4gL-qWiUptXPlwT3qImOuHLknk0K92XxNmt58Xs,Himanshu Kataria,https://play-lh.googleusercontent.com/a-/AOh14Gi9ldx3zZ5kqxWjBIJyAfiwnhwWNfKoO1tVa6BYRQ,"2 icons not working now i don't know why but hotstar and ludo king icon 
change to default icon other icon are working fine. But these 2 just really 
check that",5,1,1.2.6,2018-08-05 14:26:19,"Okay, thanks for rating!
I'm going to change to a color closer to the original
Wait for the next updates =)",2018-07-21 11:00:09
gp:AOqpTOG7oRHMhCRR8-CaDNr3A5xcNNyo_0XJH5VPHnpYjgyC2u4MLthRSBDot9c6U28WG6QrOjw3wTmqfqhzjhE,Brooks Bigley,https://play-lh.googleusercontent.com/a-/AOh14GgpSLDEj8iaq32v6M9HbKMY-dUYlQIvsr_5ryAlBA,"Love this icon pack! Beautiful and smooth with bright colors. Most icons 
are round, some have their own design. Makes the phone look sleek.",5,1,1.2.5,2018-08-04 12:58:13,,
gp:AOqpTOGDi-jDUIJZeYKZwqZ_qmnD9dNejun5oA5K-ObYiZgDHvepqsA30zAc5aNRHeUg-sJHvJPefMFDXmCLqrA,surya kh,https://play-lh.googleusercontent.com/a-/AOh14Gg35L3OdRXFwaljgO8UL9Km3jbkJhpOkORUGdhW,This is very very Good icon pack . Update continuesly 😍,5,2,1.2.5,2018-08-04 02:47:31,,
gp:AOqpTOEAXRS0FmOTfHgS8Um_Sb1zRAiwNoIXxnhdamDD-7CCtF-HzEQBfi1BW4NEtbRZGGrtB9kI9l5crbhugqs,Tasneem Mahmood,https://play-lh.googleusercontent.com/a-/AOh14Gi8TuVZZwZfLnQqa1GCS0SHOzqcLyEBOTNGJ7vW,Perfectly Designed Icons.,5,0,1.2.3,2018-07-30 22:59:03,,
gp:AOqpTOHZEPnbh_DTsNRf6mqbl5yq32U91voGllx_F21OIbInyZm0eZ1UD9ZlkhAutF9OosI5VWCplfTC1uDx33U,super light speed,https://play-lh.googleusercontent.com/a-/AOh14GgzdPdw21wikqVncj1cj8awNO68v8Y7pJxodpO3qQ,Super clean and looks very consistent,5,0,1.2.3,2018-07-29 10:21:08,,
gp:AOqpTOH2xksAtl7hpVnCjNi4hgAX5xlMUUizKWivHGc4gPFFjTLwJ1Lll3B_gU9zeh1ec_wKkmXPye9vxOLAuMI,Jason Llewellyn,https://play-lh.googleusercontent.com/a-/AOh14Gi6QhOEIrFTn5BsH3tuRn9a8Tt_xd04CMGkySztIYk,A icon pack shouldn't have as many permissions as this is asking for!,3,0,,2018-07-28 08:30:19,"Are permissions so I can get information from the icon requests.
See ""Help"" for more information on the required permissions",2018-07-28 09:07:04
gp:AOqpTOGqjhRvSHbxT-IQlSx2QwYJbCzkrKRxqFABAM3Ou-k6nCyb6rJbHMslSh_NHQfh1AZhsv0XjIcMAKySdsQ,Raf Steinbuks,https://play-lh.googleusercontent.com/a-/AOh14GiINQTnwSWCN0PJmdyNWujaNJecjzVbQUGv4Mr2Ig,"This is one of the best icon packs for android. Highly recommend. I got it 
on sale for free, but this would be worth the money.",5,0,1.2.2,2018-07-27 23:58:44,,
gp:AOqpTOHvMECAhapOf3HFNJPeFTWq-2lEnCEa4envec-cP86xiGVGHsylwS9Q5i2QvKT50C1DMUItXFJkzYwsfC0,Sanjoy Barman,https://play-lh.googleusercontent.com/a-/AOh14GiuJh8R5MQoVm8FHZjhZh7QXPRst4ONVRkUVPw7lQ,Awesome icons,5,0,,2018-07-27 09:45:05,,
gp:AOqpTOFEqLJZ9s8cuhE8eMA9680Jn1Y8xW0VCsYtuGYxyYZEVdJBLhIjUcCnwIbcbmtVome0ZQCbNrGYxtDgTOc,Zee A,https://play-lh.googleusercontent.com/a-/AOh14GgN42hbTg4uezV7E-F3C4HPp9iZZm1pvavywBT7,Just wanted to see what would happen if I installed it on my pixel lol,5,3,1.2.2,2018-07-27 08:04:54,,
gp:AOqpTOGd4bA2DCWmGaqSbxhN3QlapiZX7Lf8JEUDHJ6ElQv9R8Z1PEiG4Ps_OFhstXM8N78OuMXkS6V1SyuRgR4,Tuan Nguyen,https://play-lh.googleusercontent.com/-tJNYeVIwVNM/AAAAAAAAAAI/AAAAAAAAAAA/AMZuucm5IinD9r_1roO1PozU2CmIQc2j0g/photo.jpg,Great app! Try to update more icons.,5,1,1.2.2,2018-07-27 03:59:46,,
gp:AOqpTOGs8dDXvOIAEkCqRonSCmDLqVedOB53Oq8AIRlOntSnwN3fle4sfacKQNLSD8NTgkwGVI52y3_970TNk-A,Syamil Hafiy,https://play-lh.googleusercontent.com/a-/AOh14GhCXP3FaqNBcQ9tros2AAtqHq7kL853uiawnBdU5-Q,Great pack! True to the essence of pixel,5,0,1.2.2,2018-07-26 21:39:08,,
gp:AOqpTOEBNFs12oVe2iMhbGTSUYS258hUQxEb94UtWgW66I8qNy2K2yaqIiKOixRNyNa-yoZQAq9nLlgkpf6rgLs,Prayas Nagarkar,https://play-lh.googleusercontent.com/a-/AOh14GhHXotl5iH4HPJfpFV6Bq_wWKY_al2a6v8AOEViFg,Awesome Icon pack !!,5,0,1.2.1,2018-07-26 19:55:02,,
gp:AOqpTOFEUbvvi94IcAVQ0I0cBsB8eJiN1uhGBSvlYiSMsK9c2WjEMnd5d2ft4p9DVMqDr04KpDPNL1-rGqodbWk,Alex,https://play-lh.googleusercontent.com/a-/AOh14Gjr7Kdclp4C3wvCTZ-VDjHASmWxBAhPFd5_SEJZ_Xg,Great,5,0,1.2.1,2018-07-26 11:13:04,,
gp:AOqpTOEgB2oW8FrrMCy_pQ5w2vz4SeVz7UooqGMyj_3bqZkA0VGd2iRtfKLregI_AheBLjpk_AhFUC9iAXAojuw,Rully Adityawarman Priyaksana,https://play-lh.googleusercontent.com/a-/AOh14Gg4_XioASabFS-wt-fIk30iP8oymi2utNdeyoeNOA,Nice one.,5,0,1.2.1,2018-07-26 04:09:30,,
gp:AOqpTOFFNLEoh2vVjMNu8cMM7D1t72TDQ8am67sYw5zuwn3hRy9fbqJNd60DHKfJysJOKFUeN6v6KwCvJFJL3sM,Midnight Muse,https://play-lh.googleusercontent.com/a-/AOh14GjkrcVw_HY3S0CwKJjCnTLSi0pMP2JdnXoEakLJhNk,These icons are straight-up perfection!,5,1,1.2.1,2018-07-25 20:32:45,,
gp:AOqpTOHa7eSIU7CXJj1L51GjbvvuXgsCeqvgD2craeSYAE3So4pqgpeZ3rs_vaESBQDBqOUDPPMZUqsmnJrBQQw,DHUDI ANIL KUMAR,https://play-lh.googleusercontent.com/a-/AOh14Gi3qy4yiTOHwq4SUA3W79xDxUK6Dx6xqt7xtI3WtA,How to use this can anyone tell me,3,0,1.1.8,2018-07-20 06:24:19,"You need a compatible ""Launcher"". In ""Apply"" there are some examples",2018-07-20 06:31:31
gp:AOqpTOGJ_lilkI9WCHsmWKep22YFS6P-ma263M1Hp3lHwzIO77im5TxVDBDM_hk9EwIrXLeumZpwCwZmNp3Fkkg,Lumppy Account,https://play-lh.googleusercontent.com/a-/AOh14Gg9PXEv-_lvcbf9prueVcZeu6XNEIDGRfmSJrjmdGo,"I always put in icon request and they almost always respond with amazingly 
designed icons. A great app",5,0,1.1.8,2018-07-18 11:30:40,,
gp:AOqpTOGFgeAzre6IsxwDLH6DnPcOu5hd5r8lQQjpYn7sUodK2gu6yKLjqtOWWXLQenW2UteN_NPWTYzXibp_fL4,Wallace Edward Newcomb,https://play-lh.googleusercontent.com/a-/AOh14Gi93_mtOpziehiSBARvDrsOVrO7ysUd58-vMC6VsA,Clean,4,0,1.1.6,2018-07-13 15:24:09,,
gp:AOqpTOFR-VB43z261ZZK_20ROUcB3tFriaZ51Ug7VG7SVYfxhdVolHTBlZw_d-GYSiyfN7J4QyxrK7G8MZ2Y13g,Patrick Rabaja,https://play-lh.googleusercontent.com/a-/AOh14GiY6okNNou_nmmD87zt91a3fy-0A4T2EEybwEZbig,Fast Updates and Worth Buying the Icon Pack,5,0,1.1.6,2018-07-11 14:11:22,,
gp:AOqpTOHsQeBssB5woBzxfeY1PKSg9eAXvJHTviTikptXoUeALsiDifdReoH8ApUHJE0XLA2XhfFnSLCtLwEilVY,A Google user,https://play-lh.googleusercontent.com/EGemoI2NTXmTsBVtJqk8jxF9rh8ApRWfsIMQSt2uE4OcpQqbFu7f7NbTK05lx80nuSijCz7sc3a277R67g,Beautiful icons!,5,1,1.1.1,2018-06-29 17:12:54,,
gp:AOqpTOHn3eRo3xabmt50SuDZwZVXBVXIlhUGK2VeEAh22Sw5LTyprVILB4dJdcqjNslZQdGM6lXqdYy5vK5-0QI,Deki M.,https://play-lh.googleusercontent.com/a-/AOh14GjhyFBFlpWuZh2UPuHKoHQD6Vqg2IDyaXeceIAgyQ,"Awesome pixel icons. The dev completed my icon request in a hours since I 
bought the icon pack. Thank you so much!",5,0,1.1.1,2018-06-28 22:32:31,,
gp:AOqpTOEigY_Tv7jgCsmuKYPBnXLWRKX6eH8_ZF7m16pTksY2zwJX-8EXK5Azy73ifWSiGzn5GsvBasCG-Y7gvjM,A Google user,https://play-lh.googleusercontent.com/EGemoI2NTXmTsBVtJqk8jxF9rh8ApRWfsIMQSt2uE4OcpQqbFu7f7NbTK05lx80nuSijCz7sc3a277R67g,"If these were squared, would be worth it. Why is everyone obsessed with 
circles?!",2,0,,2018-06-28 05:30:53,Soon I will develop a package of square icons to have two round or square choices,2018-06-28 05:46:26
gp:AOqpTOE4Cn_-IuMGVsUyHNRnTB5IrRCxtwGvf3odD2ygMwgh-5NKhugPDtzTED0N2TPPIe5CIsSVBu8J9wKvEE4,delta1324,https://play-lh.googleusercontent.com/a-/AOh14Gjbw4h1DCwFELxtomSZWMjX_lKenYTVvwbS01jwgQ,Do not know,5,1,1.0.7,2018-06-24 07:54:31,,
gp:AOqpTOFBzvdVdAKlRmn2rckcDoZOv_-yavMnN5Cpl4B11Ls-wjdd724D7AxETSYKZ4ViQD73ObJlsb1hJa_eq_I,Pillow CaseYT,https://play-lh.googleusercontent.com/a-/AOh14Gju2e2xzlC2i6QZRwwR-Lv_FKJ8vautqBiuxNUS3g,Hopfully it works.,5,1,1.0.7,2018-06-24 06:35:47,,
gp:AOqpTOFAC9pTNZKsdAhYRbhkGajM2B3MCZuXWXgtMuYUxfZaihKOfn2-z2j0azvw3AguJ85RIZKTHmjmlv0JlaQ,boshadro eric,https://play-lh.googleusercontent.com/a-/AOh14GjmM9TG_bi6c--kvi1DqUWWuZrtBNMsUF1VR3bmiw,"Rated 5 stars, Still couldn't download",5,2,1.0.7,2018-06-24 06:09:39,,
gp:AOqpTOGaY7WJzq55UdMoT7Wf1pIMDTo8zZsTB7e7wmzKzU5srg47x1WyvVsJbbVEiTERsHo263Zfw5yLPClpuD4,dylan gomersall,https://play-lh.googleusercontent.com/a-/AOh14Gh_ODlQNjo7mY5M0LXQ_44f7YGf0TPb9D8iFtb_6g,Had to review,5,1,1.0.7,2018-06-24 01:21:38,,
gp:AOqpTOFV7CQsaS3rbTqclTs2Q3PXvS7zb-b5QSMPxqD7YWeIknQdEREi6l5MyZc9QK3ECC-y9hwyItLMQrezhbE,Daniel Miller,https://play-lh.googleusercontent.com/a-/AOh14GiM-dPETi16F18wNz-3LGIdfLi6S8SFoWPSxmNtk_M,"Here's a joke told by Ronald Regan during his presidency. (You need a bit 
of an understanding of the Soviet Union to understand) Three dogs are 
talking to each other, an American dog, a Polish dog, and a Soviet dog. The 
American dog says, ""Now, in America, if you are hungry and want some meat, 
you bark until the owner comes out and gives you some meat."" The Polish dog 
asked, ""What is meat?"" And the Soviet dog asked, ""What is bark?""",5,22,1.0.7,2018-06-24 01:11:00,,
gp:AOqpTOH43LAaT2IScREz2Hrj6BtaJLmgK51fHnOC_FE2AXDuCCS5I--gX9xA6Uo3Sa5q4DO9zwzdRIcwhxnZKKY,Devin Gonzalez,https://play-lh.googleusercontent.com/a-/AOh14Ggb86LUTAb7iom7eIC4u-9Q0Gb11DIhaFN0gWvCtA,Awesomeness,5,0,1.0.7,2018-06-24 01:06:26,,
gp:AOqpTOFPC61_kNiwLAQAnEv1UEA92dvkB9DUwZ9RtZCRfDnvsdnlArWbP-Lr2RnmBVT8KMlIPqiixMXeMNdTd-w,F1 Zoom,https://play-lh.googleusercontent.com/a-/AOh14Ggcd4EZV4kx5gd9MHdAEkrF1NPmwLmBs2AsAI5g,Great,5,0,1.0.7,2018-06-24 00:34:17,,
gp:AOqpTOFxnN-BJfPdb8IFsfKUd8v3epznaP_ogwCDwBF-b8zPuIsq1hEKIo6ZS4OHyOZ9suJq4MwjkO0sQ58QgbU,Ultimate James,https://play-lh.googleusercontent.com/a-/AOh14Gi_NQ1x83nC_fIpuHsKcVdExEAisvQhAKQLdUX1,Pretty good...,5,0,1.0.6,2018-06-23 23:10:41,,
gp:AOqpTOExo2QjxMb-SyXOv7vv-hGXe4wGNUqbcxnpvsxAhiCIEUZC7PZvVmHWYH4_3hIAIIMh1W2wuQYvpBV2i38,Theo D,https://play-lh.googleusercontent.com/a-/AOh14Gg6UAcFaoohXaxq3_THSMH-yC5vWPF4dsur4HfnxA,"Told to rate 5 star. Seems good so far! 
----------------------------------Icon pack not downloading though. 
---------------------------------- Rerated. Can't add any skins to my 
phone... ---------------------------------- Thank you for responding, works 
great!",5,0,1.0.6,2018-06-23 19:47:47,"You need a ""launcher"" like Nova Launcher, Apex Launcher, Action Launcher, etc.",2018-06-23 17:13:53
gp:AOqpTOGBX1gnU3WphEpaxdocAmmubmJVPSJtCPbNn5_EYHF1QlzDBFFCNurc3IPoVm901gUphRt4LWecNJrRC70,Aditya Pudasaini,https://play-lh.googleusercontent.com/a-/AOh14GjLVQRDb2zseTah5vbrvLjvilC2hy5JhAwVXVKzFw,Nice,5,0,1.0.7,2018-06-23 18:48:21,,
gp:AOqpTOEoWwKSFJDI6omUMzkrCCBLTdMhemA5HnVFmCgNMu6CXLY_JSVzgEqWEXc_VBGsWmQk0OwYY2Wqvb4LRbE,Justin Arizaga-Ramirez,https://play-lh.googleusercontent.com/a-/AOh14GiXwH7tTa-irL-xiFeDhqV0rXz-z3T634jt8HuVmg,"Thx for responding, left the rightful review",5,0,1.0.7,2018-06-23 17:07:57,The problem is with the Google Launcher! Google stopped the icon pack support... I will remove Google Now in the next updates,2018-06-23 17:05:01
gp:AOqpTOHgoHl7pe-5tT7RaDRvHYJqZXpwj4ovubkMVWRfvGN6syNLe6Az_sqkidbpBgWOMzGQs3dbqLRxbXVdJ-4,Joseph Hernandez,https://play-lh.googleusercontent.com/-JvheAz70mlU/AAAAAAAAAAI/AAAAAAAAAAA/AMZuucnTmo6OLvFrGDq_VKXvSpYZDaXnIw/photo.jpg,how you get the icpns?,5,0,1.0.6,2018-06-23 15:11:15,,
gp:AOqpTOFRTdpIkVtZCIzsu0Yg4CajwfLGw3vYTQ3SawjLRVk36BiS_zCpbfRceqEr_HDgS1b9wBR3Mos8rIBQaEM,ps3333xsj BuildZ MC,https://play-lh.googleusercontent.com/a-/AOh14GgDH_m88S6dYwjQKjZbN5_7F95q4xDQBE3RRjqMDw,gut,5,0,1.0.6,2018-06-23 14:22:16,,
gp:AOqpTOFpXqCIt9tRH18jmLjJUh0rWvj_SjMGbiqlhAj0o_6oa6AivewqgSmprN5HE8tC8gB6e8o2ZqQnZwABIN4,Jake Johnson,https://play-lh.googleusercontent.com/-RHVh9lJTJK8/AAAAAAAAAAI/AAAAAAAAAAA/AMZuucnZdTjCHHQi1ngvNbqn_HlSy4Qfpg/photo.jpg,Had to review,5,0,1.0.6,2018-06-23 12:16:10,,
gp:AOqpTOFktPXfveB3-M1knyrLJL-vru2BvCpFb-B0JBjFoC0ilwGOXTel4Un4NEc5jyrsV5L3IhegfdLIstSRCzY,Kristopher Hall,https://play-lh.googleusercontent.com/a-/AOh14GjNjTNqQq3S7KtqNTXaARhh_RW0jUyBe-2HUlDBlg,Good,5,0,1.0.6,2018-06-23 11:31:55,,
gp:AOqpTOFUxb0-Qhvwt4-hhrp7jCKe5cAWy2fHsbGegGsB9ZYI8yTVT1g4UqAibB6M-vJC1IO_fUBwmzZwKebkrwk,A Google user,https://play-lh.googleusercontent.com/EGemoI2NTXmTsBVtJqk8jxF9rh8ApRWfsIMQSt2uE4OcpQqbFu7f7NbTK05lx80nuSijCz7sc3a277R67g,This app is awsome,5,0,1.0.6,2018-06-23 09:45:56,,
gp:AOqpTOGJMYMdOs-v6FLr-gikT5HbC3z4eeOj039_4yFTQS9g1AId3F_c_w3gF7UE4ItB2mgUmRriTCwdJj09xrU,پژمان صادقی,https://play-lh.googleusercontent.com/a-/AOh14GiXq17kX_lVH0U8ZGmxnnk1lEJSoZEhenz-M-zXklU,عالی مرسی👍⁦❤️⁩ Very good,5,0,1.0.6,2018-06-23 07:47:43,,
gp:AOqpTOHSfwc6i2p6VFrrDHHQH_urqHrzp5GpJFo8zzDqKcuFI4sLe0lk7m79P130o3bCVOMsQ2z7RXIIy5NlP8Y,Tuntun AyaTosin,https://play-lh.googleusercontent.com/a-/AOh14GjGbVEO0EkS8d4BALPGnmweZT9y2bMEit_sgVbPkYY,"I would like a flamingo for Twitter and Fenix icon, so far so good.",5,0,1.0.6,2018-06-23 04:36:28,,
gp:AOqpTOEx1u5xLE8cKu68pUVZrRewtQ6Jp-beUrcOjzEhxJhoSKEZzMWrEw5s-5dLR1ZW434Ln8S0J-XLpQkEYIo,Kevin Tan,https://play-lh.googleusercontent.com/a-/AOh14GhLEomCXewlJC8gz1JT7yQcgtvecxb03nMsTqp8sg,Not enough icons to replace my current icon pack.,3,0,1.0.6,2018-06-22 23:13:52,"Sorry! ""this app is recent"" Make a request for icons that we will work to help you as soon as possible",2018-06-23 03:26:22
gp:AOqpTOHhexLlOp0avCUD-PbVWnk9LvqMJPFmd-sUqF3PemGU0HnRWTKfGtidZrLJ1mr6GyoDX6fZTu9Y0cwiDlE,Alex,https://play-lh.googleusercontent.com/a-/AOh14GgWNHPKgvfSkZfAnuUVor562X2K-GyqI4C1hmi6PQ,5 stars,5,0,1.0.6,2018-06-22 22:30:10,,
gp:AOqpTOGSuLP3I5B9NM8YicEfbu5_Ny0uEw5LS9LEyacspBhjKDRBgMPVPKj3SmaDmQ3VvDrDD0fah2U2zzPG32Y,Nathan Frederick,https://play-lh.googleusercontent.com/a-/AOh14GirFL9pwvmaehP5jaE8gr2adHima61LokzE1Sb_fA,Great icon pack,5,0,1.0.6,2018-06-22 22:22:48,,
gp:AOqpTOGk9Hkqi6O9KFIXkI1XMlBPTERxMe4x3nn8V_z9lD_7HhJiGyUx_2Eid0sHpWp-drRE5p49uBGE54SOtTM,Josh,https://play-lh.googleusercontent.com/a-/AOh14GioLzC7RwFETrzDjRw92ZqNXcmEG0cNAWTSDewM_Q,Review for extra icons,5,0,1.0.6,2018-06-22 21:35:19,,
gp:AOqpTOGmjNC1QluXf8pZ0Mqz-WENRfO9bKmc1nMl41oZmGEH8OCQpCQXTzDmoh8EiahVC7q0Wj1aWdAzbp31kw4,kealan biebesheimer,https://play-lh.googleusercontent.com/a-/AOh14GhiMDuzIcClej5E-iNe6TNbZsXVQ7lsJxfEUbs1uw,Good.,5,0,1.0.6,2018-06-22 20:17:26,,
gp:AOqpTOFFDPpgbsMuhehClooKpDxBiYtfxv1cafMf-5WYKQUB73DfloQmwHC8FftLgKGphhOI60mvv54IfoflU9U,The unstoppable Geek,https://play-lh.googleusercontent.com/a-/AOh14GgOn2xtuBAVOKmUeXcEQyScRkLauFs5eJn-ySsNtw,Good,4,0,1.0.6,2018-06-22 19:26:19,,
gp:AOqpTOHmbBSQbCU-0wvblj76iuRCq5N8qL8MxFQx_H9L_gCtSpVwPys5ko_EgsIwh4qrFbiRQXI7W51x-oYw72U,Daniel,https://play-lh.googleusercontent.com/a-/AOh14Ggns_t5e7VKL3rUO36VGLnZlsJJjBLZqHEFrlVBfw,"Hides more Icons behind a review wall, pretty scummy.",5,0,1.0.5,2018-06-22 17:02:46,,
gp:AOqpTOEOVXcLrXChvBCe-Mt5iO_xiirhCDa3LdSzvTkOzR-RAe1PwhfFuNq4ynEGuyqDPyeQxINAg_HjO3VWQaE,MyNamesEdd,https://play-lh.googleusercontent.com/a-/AOh14Gj2qBBZUjVx2HRlHUsCq_RmKzmbjgQSpZhsCZk4IQ,It's great everything looks so smooth and It is super easy to use.,5,0,1.0.5,2018-06-22 15:06:59,,
gp:AOqpTOGEb78QrKSN5vJHFzTfa_r0rPaWIaohmr-GUdXn-yXnujITsjIdx0HA9OSsI2TnIRMgW14fkMbm97mhs3E,Civil,https://play-lh.googleusercontent.com/a-/AOh14GhzbBAbMKzzULR7BSxSmCqt1I5rkWraJIbpTUHAFs0,Only 5 stared for the extra icons,5,1,1.0.5,2018-06-22 15:04:40,,
gp:AOqpTOHbXp-PLpRtYdkoknUgGcENxHAHDDdsKSPcv0tMAuk5skbq9Tpc9SsOrW7cIkEh5wPUVg1vyeuiUSf3l6c,A Google user,https://play-lh.googleusercontent.com/EGemoI2NTXmTsBVtJqk8jxF9rh8ApRWfsIMQSt2uE4OcpQqbFu7f7NbTK05lx80nuSijCz7sc3a277R67g,Cant use le icons I would like an app that allows chu to use le icons,3,0,1.0.4,2018-06-22 06:49:08,"First you need to download a ""launcher"" example: Nova Launcher, Apex Launcher, Action Launcher... Then apply the icons! =)",2018-06-22 07:01:41
gp:AOqpTOFpVI8omxxXAmGLSQTs49WZPhuHsCRdLSefCz3qOZQKCcud5U8Oq8zoLwdyO1j_MsHFLTse93LoefNLNCE,Sharius Aryani,https://play-lh.googleusercontent.com/-5IMq88TJAPE/AAAAAAAAAAI/AAAAAAAAAAA/AMZuucm9XrDCuRqO3auSEPHaOUjNa3RMRw/photo.jpg,Help! I can't change the font back for apps.,4,0,1.0.4,2018-06-22 00:50:39,"Which launcher are you using? ""Pixel Icons"" only changes the icons and does not make any font changes.",2018-06-22 01:27:52
gp:AOqpTOHrVi_UnQQqSa6qg65bELTSR7oqq_qI4yA_NDvMf3Q_xAmdDFkt_gn44N18JAqol-Jbvgoee2Cbd--Hz2M,MasonOvPvP Games,https://play-lh.googleusercontent.com/a-/AOh14Ghh5M5_ZsyZBgL1wrPaHDO2CqdCEcEYKNB_OZIm9w,Hood,5,0,1.0.4,2018-06-21 23:27:42,,
gp:AOqpTOG0eDjVVas7wZmRDK7Q1paFApdA2thG6nKrclhkbZ6qPuhNWqFquUnbkquOBWjU80kIhGL7k2iA_QRdIeU,Christian Guerrier,https://play-lh.googleusercontent.com/a-/AOh14Gh3lUNj6zf44TbNHcEvMYYpjYpTiS5pn2_A5e-0AmU,Got the look I wanted on my honor phone,5,0,1.0.3,2018-06-21 09:02:24,,
gp:AOqpTOEqulsTHZA_ANL4mO_tjnmLVnjzY_PN6zHSlZcbB_GTKhCDZsodksI_Cila72twJ_UE4LIyNLwRnEZ_W0Q,Fernando Henrique,https://play-lh.googleusercontent.com/--SU0NY1ahzk/AAAAAAAAAAI/AAAAAAAAAAA/AMZuucnAXGI5TRF9y3VP7sKOp4O7c_F21A/photo.jpg,Top!,5,0,1.0.3,2018-06-21 04:49:41,,
gp:AOqpTOHptPWRDnnzg54pSRi9xgD8kJb3aLtmvh01d6zaLlCjDotevU-sqeIKfQRt_zOqht9Eq1NXD6_tVDSmfq4,Darex Leon,https://play-lh.googleusercontent.com/a-/AOh14Giw4e0Qb7hziUh6TAerC500xvhApTWGzpcHNTbwqA,Nice,5,0,1.0.3,2018-06-20 22:12:05,,
gp:AOqpTOGXivkpMR9s_wDWdioEM-ivnXjoM1AtWerc7zCdznVzgaAkcZ4UnDu3alMNgSdaFPPCGX2HXtu8E_cz2wA,Alex Warmoth,https://play-lh.googleusercontent.com/a-/AOh14Gj0uKsr8kUiPoYLiORKq369FpbktE5NLaNkBR3bkA,🙌,5,0,,2018-06-20 20:38:05,,
