reviewId,userName,userImage,content,score,thumbsUpCount,reviewCreatedVersion,at,replyContent,repliedAt
gp:AOqpTOGE1EolFoPULhq8GJ5lIBZEzG7YKMBwoPFSZExlQ_2nv7retjDrAzTVNmNdqbCNsQ5E9wgJWMH63xloT_U,MK IKHWAN,https://play-lh.googleusercontent.com/a-/AOh14GhuTXti2mVjmE64VkG5IEv3YADnHQzuMLmNinjvhg,"Really cool and can play on latest phone rather than drastic with no update. Also i may add suggestion to at least allow the ds to trade or battle in pokemon with other user. Overall its still cool but i just hope you will uodate and allow it to support multiplayer. Well, Thank You for an awesome app.",4,0,1.0.2,2021-02-09 04:48:42,,
gp:AOqpTOGgQn-APLOL1tGXLvkXAU2c3cpjzo4R6DCQr0JERUty28gaIFBMh4rWfy5I58w4GJTbcF0J2ztqUTntr68,Austin Wilkinson,https://play-lh.googleusercontent.com/a-/AOh14GiMt4OjyS1alSkTAxBG7yN8CwvwMD8KbuiuA0Udvw,Solid emulator works well with every game I play on it and the pre ready cheats aren't bad but aren't always helpful I have a decent frame rate over using drastic so I highly recommend,4,0,1.0.2,2021-02-09 03:25:00,,
gp:AOqpTOGA_fW-LLsUX21MJuVLQJWOFxhAAprdlVWv-LXznisUuDcWf1h_xP-V7_FD0phK94pWnZg8MmSDe5xStXE,Joe stout,https://play-lh.googleusercontent.com/a-/AOh14GjWIIQ1Yr54G4MY66vtlWdr_B2Bljj_ndUbv47-,Works great. No problems as far as I can tell... just have to hunt down a site to download games and your all set,4,0,,2021-02-08 10:31:35,,
gp:AOqpTOGuHvxHNEczybUgjYvX5xIhxPNCaK4z5wQHNst6XbUQgW6de3o8JGrGhxa98w7EyukJypScWr_brHqbhX8,Dammit Carl98,https://play-lh.googleusercontent.com/a-/AOh14GjFrxNzukodtAzhjLc0xhq3P-Kyekz18mBTaFmE,"(edit) all right. The app actually works amazingly. It was slow to install, and there is a little lag when selecting to load a game other than that frame rates are good and games run smoothly.",4,0,1.0.2,2021-02-07 10:12:55,,
gp:AOqpTOHooe8vRHYT4jh3Senrrp5HZKNPO1lTAvRDldX20Lfpf3Jpm-6VsNDpj7aE4PNiC7rOe_T6m3on3WeFKYA,Caesar,https://play-lh.googleusercontent.com/-27UxpR9VErA/AAAAAAAAAAI/AAAAAAAACTU/AMZuuclhEhkpplWwX9sNQJADQBUs6SROQQ/photo.jpg,"It's actually pretty good, many emulators I have to look for the codes online and input them individually. I've only played pokemon black but the codes were already some how preloaded. No need to search the web and input/name them yourself.",5,0,1.0.2,2021-02-05 22:41:03,,
gp:AOqpTOGV7wdUf1r3hzffGnYTZQZ9hTMnFFZNNvfuuSfcXQ8aNMIva5lHvqXkwi1uDUMLzjJKa_wornfpPbjuQ_8,Ty Ty McCormack,https://play-lh.googleusercontent.com/-AA_wgizCaOU/AAAAAAAAAAI/AAAAAAAAAAA/AMZuucny-wcdzmIProRyvukA9KtNThaJbA/photo.jpg,I bought this on a whim as most of the DS emulators lag or are bad. But I was happy that this works perfectly,5,0,1.0.2,2021-02-05 11:49:38,,
gp:AOqpTOHaiitz9nj3WnyJSMic4lxUCB2FVxyV3k1cW6n9yil6YuZkBj7ymsitxPPzT2uf9EKUIjmMJrq3vaPfsLY,East End Gas,https://play-lh.googleusercontent.com/-wjZZf_Cq5Nk/AAAAAAAAAAI/AAAAAAAAAAA/AMZuuck3KfpWmH7S6QYIGeMwFS2HUxZbNA/photo.jpg,Pokemon crash can't even say goodbye to my mom was working well but kept crashing,1,0,,2021-02-03 15:59:04,,
gp:AOqpTOGcIsbQIdBWnq7m020oSk3z_TY6U8YAzUHhxByhBFZ8SsiiCyE1SAKZ7OyzgNM-Ganz61mJpkomvgiLdoc,Luke Cai,https://play-lh.googleusercontent.com/a-/AOh14Gg9CsjzGXOMOB4Hmv3ZfYcIbOC376GFVjiSRbLg,"An update d reskin of the DraStic ds emulator. It's cheaper but supports more updates and has more compatibility and crashes less often. xbox controller support is iffy on more intense games like super Mario 64. Would be 5 stars if it wasnt a shameless reskin, but it provides updates that drastic doesnt have",4,0,1.0.2,2021-01-30 05:21:06,,
gp:AOqpTOHmixBq26FEQ4_xSFnozxTB7IRBuid2idkrHoqFvgSqwvuusyAIE4_bb2LvOqNOsBwiDgD0JSaMrQb01d4,Curtis whitestone,https://play-lh.googleusercontent.com/a-/AOh14GiHYImw-pZiHnbJ48LcPTDNfpnGKaIgP5pV9ggj,Great for pokemon nuzzlocke and randomizer,5,0,1.0.2,2021-01-29 22:23:15,,
gp:AOqpTOHU0lasKus-8xqCJO9pE9O1HMjXE1ta9e8wBWx1SaxMXriRUvgXc9qMIOynPdsWldZQPSWWGfoCwiT2Skg,TheFrogQueen17,https://play-lh.googleusercontent.com/a-/AOh14GhU6CwT9EeI4Q1wJiJkjo1CNysrHUlsiDrzRsQtUQ,"Deffently the best NDS emulator out there. Its deffently worth your dollar. It can run many files at once and best of all, no lagging when music is played! If I could rate 10 stars, i would.",5,0,1.0.2,2021-01-27 12:42:11,,
gp:AOqpTOGWu5uQHCreQ18lncSgC-csY4Dh147UsE6ks4kgh6yc6uxsVMIMPVH1uHD3Y_yTHb1kH3c-YiSsMjNltrw,Chii Jiin,https://play-lh.googleusercontent.com/-tDH1mxz4w-U/AAAAAAAAAAI/AAAAAAAAAAA/AMZuucnlmnmDVwY8gE3VGx07AFZPR_0yTw/photo.jpg,"I'm going to be honest, the app runs flawlessly. Haven't had a crash whatsoever from when I first bought it. Why am I rating 1 star even though it works flawlessly? This is thanks to the fact that it is a shameless copy of DraStic, plagiarised through and through. Even the directory says DraStic. If you care about DS Emulation, you'll support the original developers instead. I had only come to the realisation that it was a shameless copy after buying it.",1,39,1.0.2,2021-01-26 22:44:47,,
gp:AOqpTOEtAueKnk7CyDswwtPl7K5dBwy8O-le2hDBe6vuR8vd_5RfuC5QGwhIkP-ImsyflnHnAJZmSo4coHcSFvs,Arin Khairina,https://play-lh.googleusercontent.com/a-/AOh14Gj66CCE2vM9MBi7F2h0gl1tEorKG00OKHZ3CGJdHQ,Argh shoot!!! Worst purchase ever.,1,0,1.0.2,2021-01-26 07:05:02,,
gp:AOqpTOGav80VjBoMIZsmvR77rNSFna5y7EtGYYQlA9o9kclVuSd1r78a5Zcx6tkA5stBcUtrjJZrtATKqnqejd4,Edgard Tuesday Paraiso,https://play-lh.googleusercontent.com/-3183x5sszrA/AAAAAAAAAAI/AAAAAAAAAAA/AMZuucmPjCcZISnJYrM8UtxRc0XB7bLJZQ/photo.jpg,It crashes.,2,0,1.0.2,2021-01-25 05:20:05,,
gp:AOqpTOHb9X2jArKt2OwtPbqJ7N9K6Hn1rGd_wD-fcwmm8Zlsu7ZfMFTdKtL8ibMkfMBz2elUJ099U1uvZPo7BTU,Faze Garroth,https://play-lh.googleusercontent.com/a-/AOh14GiNW__aDwcYHDxKnISXMXOtJeTZF_THZT5CJVeD,Just good better than cyberpunk,5,0,1.0.2,2021-01-24 23:30:27,,
gp:AOqpTOGs2rxCvX5WvKo3PPHO7Y3tDJ8QhknGbox7p9lqKAgohr0FX1qQPT9OZV10JfHpUZVuiyziT_k3gwRnCao,almo372,https://play-lh.googleusercontent.com/-frubdC_k76c/AAAAAAAAAAI/AAAAAAAAAAA/AMZuucniBt-TxmnpMuxbO9iQ0a7Ig7gUuA/photo.jpg,"Great emulator, works well with or without cheats. NO ADS, overall Great value. One con u can't speed up the in any way. Otherwise its amazing.",4,0,1.0.2,2021-01-23 05:14:12,,
gp:AOqpTOGPFiMlobmTPIJ1ZuBv7eLw3KKdY6WdJ5f6dy9KJIclVXMBjVseP2lpBHpoD5oC66fVM7BEv5RjGjWYE2s,Andrew J,https://play-lh.googleusercontent.com/a-/AOh14GieQs3bflmPQUhTILa-8UvJFitDAUJnnEhusVZL,"I was planning on going out and buying a DS to relive nostalgia but when I realized I was about to spend $100 I decided I'd try emulators instead, so unbelievably good! Theres a few very minor bugs here and there (some are bugs in the rom) and occasional crash (I had one in the maybe 8 hours I've been playing, so do save often). But for a dollar? Insane quality, I'd easily have spent $10",5,2,1.0.2,2021-01-22 13:20:42,,
gp:AOqpTOFdep7EEPxdd9P9-d_J5CVXNK7noeJRSNwaBbhbOZtlwGH00uw13hOLksWD9J7qxhN2ZehTYVMOrvnJgzU,Woah Dude,https://play-lh.googleusercontent.com/a-/AOh14Gg1T_D40k3lyw7rRt8WslN1fStg1lFvW1hRDPJdY0c,"Sadly some Roms display in the wromf rotation all the time, there's no option to change the rotation of the game content. other than that, good app",3,0,1.0.2,2021-01-19 02:19:55,,
gp:AOqpTOEkJh2PH7jwNl-juNFA4Hmejk-yjViacuRQFmOW4ddy3dxdfu87CdTqGcOYydzqsTBo_Q5PHbtwTYkUJ4U,NFG UK,https://play-lh.googleusercontent.com/-oHP79vLo_XY/AAAAAAAAAAI/AAAAAAAAAAA/AMZuucnJ_I8t2wTXfdnde9rfzz0Wqlh0vg/photo.jpg,"Works brilliantly worth the small price, haven't had a single issue yet and I have over 40 games I play",5,0,1.0.2,2021-01-18 16:01:57,,
gp:AOqpTOEO3dvK3FQrAEPGSwjHQqSNtyF3Ul75qe2sI4KPiV92D67scKRLdPigc92BFqwV0mOXrRyydxdruutABGE,J.C. Sosa,https://play-lh.googleusercontent.com/a-/AOh14GhAxqTDb9Xh3Np2lqL8gTaJ6jQ--FKtEnVBlSkI,Hey the emulator is awesome but my animal crossing in-game save file just disappeared... Any way to recover that or prevent it from happening? :/,5,0,1.0.2,2021-01-18 14:47:50,,
gp:AOqpTOE4ZKeSaYLb76Q3kxDclStY9e8nWxM8hDJtH4-Y0c01o_vsRdkZH8kuxpkd96K8uM80NHd77Wpsg92gXdQ,Nathan Shepard,https://play-lh.googleusercontent.com/-COEB1d6aFaE/AAAAAAAAAAI/AAAAAAAAAAA/AMZuuclMvA5R4FIxhRjXLTs_gevuDN18Vw/photo.jpg,Great for catching up on handheld games,5,0,1.0.2,2021-01-15 19:33:34,,
gp:AOqpTOF55NzNm1bLdfD7LVJC0r8ggOJqLeLxqTYQytDCYqhyc33HSqwVl-2zYQcAi4WTDChRRUk7wN1r2BnxDDA,Dan the Amazing,https://play-lh.googleusercontent.com/a-/AOh14Ggox53iPHV3gWOqzKbCi859w63OGV5fXQoZ9vtC8KI,Very nice and consistent. Anyone know how to change buttons and edit Bluetooth gamepad buttons? Id give it 5 stars then. Paid version.,4,0,1.0.2,2021-01-15 18:12:19,,
gp:AOqpTOEB4tKZxRMEN7qoKI0p4l-OkUvyz6zwtr9vRIPDoKvh464u_qorvcOZnSvvSQ_iTb6lTej3028wSMmwLm0,Eric Lim,https://play-lh.googleusercontent.com/-ENJKov3FD1w/AAAAAAAAAAI/AAAAAAAAAAA/AMZuuck0Q08q9PJV_kMH_XI2VMr-piaZcQ/photo.jpg,Love this. So cheap and good,5,0,1.0.2,2021-01-14 15:11:07,,
gp:AOqpTOH2D1vXjFE0osO9cps_fTEktnpQ7lWDmzI9EAQ7Fs1b0Yi8nCEItZVcUtehMMD4oAtOt9tHbPyad5d6uVc,Chris Alvarez,https://play-lh.googleusercontent.com/-P_aiTJ9OiSI/AAAAAAAAAAI/AAAAAAAAAAA/AMZuucnbkf6izvTQjfe5BNEy1Y-cU2TJNA/photo.jpg,"I absolutely love this app. The gameplay is smooth, with no latency; and the clarity makes it seem like your phone is an actual Nintendo DS. I hope there will be a 3DS version soon.",5,0,,2021-01-13 06:58:40,,
gp:AOqpTOF2raevjxFvDAK9hT4jghFol71DZqQqvBvKiIqwkDynhO-bs21QWVo5cVUj79g25XF3JBfvRmMRIdV7QVA,SonoKōtarō,https://play-lh.googleusercontent.com/a-/AOh14Gi8ME3C3_lREard-IpMSzcyPieytXas2kK_ZKvRPw,"So, the app does stay true to it's words though, this is a reskin of the more well known, DraStic - DS Emulator. Even the file directory tells you so. Now, I would say this could be a good deal if you wanted the plagarized, cheaper version of an outdated DraStic, you are more than welcome to do so. You may get the same experience as you do for DraStic depending on your hardware. But, if you want software updates and less likely to experience crashes. I would highly recommend DraStic.",4,49,1.0.2,2021-01-13 01:11:28,,
gp:AOqpTOEBZnhHBlzFaeIq-6WCFaAgj8QM7TTACf2wn3PEPVBjeCNcTI_X1vUDT5V8qxv3OQdN2Sp0tx5F8DNPRUQ,Waterflame89,https://play-lh.googleusercontent.com/a-/AOh14GjePukDvJ0ATqGAJlbrDXIW4zKaVgt-v4FehZeeIA,copy of DraStic,1,0,,2021-01-12 16:03:53,,
gp:AOqpTOE0jkh3ialRjek9iK_owkHlRWa2lhsWwHtlEfqrR2ZV8h0dxhmU429k79gWpFmuc2wFUF3E3dOpxrq-H1o,Krazy Lunatic,https://play-lh.googleusercontent.com/a-/AOh14GgK6WGDNivjHCGVoOxt1C6y8qD_CPHylK6DxqsZ,Can't seem to get any games to work for this emulator and now i kinda wanna return it back. If yall can help improve this then id keep it,2,0,1.0.2,2021-01-12 12:34:02,,
gp:AOqpTOGPKqmrcmfIL3rZjmy2m-ivPA4al41qH5e456w6AUBeybzkgocm1zQchFS8gFiDHy7TFEM5zFKOHQeRwbo,sean arnett,https://play-lh.googleusercontent.com/-UpR0ZE5YO3s/AAAAAAAAAAI/AAAAAAAAAAA/AMZuucmmByAO3LP71sheVIevNmm241qmmQ/photo.jpg,Some framework as drastic just cheeper,5,0,1.0.2,2021-01-12 01:37:46,,
gp:AOqpTOEGGSt7f14rER1kIIUKISOmZpALd-XBtg41LtlAOZVjcY1MTc_yrAZhpyfSAUKN_rCTAooV4nzQFnN8OOA,Kreezus Krist,https://play-lh.googleusercontent.com/a-/AOh14GhPeKBWTgejHafLQvlabwwaVOXPvsCXkmx6Cgxd4Ug,"Works great, some games comes with cheats",5,0,1.0.2,2021-01-10 13:19:37,,
gp:AOqpTOF0PK1eh2mrBnPoBHo75H7-g-0Qh1PIjaMbY4m7kKyM69JWiSrnl4y10lPzLuLCJMds3DAyBoW3BlT2wn4,Mika Ki,https://play-lh.googleusercontent.com/a-/AOh14GiTsHZvlerxjz4fbW3UDJSyR9qK3K8MsopCNNiqhw,"The good things about this is Really nice(you can edit the gamepad, screen, you can access drive to back up the saves(?)..) and affordable but weirdly my phone whenever i get messages doesn't plays any sound anymore",5,3,1.0.2,2021-01-10 04:19:15,,
gp:AOqpTOEU4txULG4omGnhHksDXRGk-6k39xXNMyP8FGBh3BCX-lLjj0CaXt9RBBFBI3Xtzpk-8Fog7LHIx9CBr3c,Ashton Kellerbauer,https://play-lh.googleusercontent.com/a-/AOh14GiPc-R5LvYEoocfVzhwp_RSifN5rYG4LblAc840dg,This is the best app for ds emulator. I RECOMMEND YOU GET THIS APP,5,0,1.0.2,2021-01-08 17:59:43,,
gp:AOqpTOE8OytPeDb7GtGo7zRExYL3hwYqdJS8LQuuQIhCNuhQqxu5TsdT2Nwx5o1p9bI4QT3cCwaccQpT74JYmU8,Josiah Martinez,https://play-lh.googleusercontent.com/a-/AOh14Gj_OACDaOY24AAa6Piv9azDGmRPB3RM0PiZBZLYHw,I own this because it looks cooler than drastic but homie u just stole drastic and then re colored it U really don't deserve the money even though I kida gave it to you.,3,0,1.0.2,2021-01-08 14:14:57,,
gp:AOqpTOEI1NiTkESv2c1IXsoND1f2HkgYEDNNmUGlaAoy6U7spsdQADb5BEk8VlaGs-fXvbL0g0M8c28jhPLsP4A,sans bro man 69,https://play-lh.googleusercontent.com/a-/AOh14Gi1PA5tY-ijI02XX1zSwbjH9895xjzB0JhuQjZfJA,Hot Pp,5,0,1.0.2,2021-01-08 12:32:48,,
gp:AOqpTOE6fkZFIugElbb23GsDIJV9_lv9dG66KtPBiYcBUzVT6Q2tIFh_9Z3VrTuHwUMyZcgzD8RP0HVYV-YgsBw,B. P.,https://play-lh.googleusercontent.com/a-/AOh14GifrEg7cH8cOx5Z6u8gN5Wi13L8vqQMiJmR5lwWrAk,"Dude, look at your internal storage and you could find a drastic folder on it. Why? Because this is a drastic emulator, skinned version perhaps. Anyways... Thank yoyu.",5,2,1.0.2,2021-01-08 12:32:16,,
gp:AOqpTOFmailUWgJ3hgvSsJefxPE9COwIeZ0G5Fqn0laojoYSglzvxqdi1zBhQ5u_UXYw1SM7FEIK4pRxuzvYmpw,Надя Прохоров,https://play-lh.googleusercontent.com/-V6ZdyRfBcRY/AAAAAAAAAAI/AAAAAAAAAAA/AMZuuclWbEqmltIFy02GBHrbCIAUMeVCQg/photo.jpg,"What a reason why ROMs don't saved for long time, in spite on my attempt to save items. So I ask to eliminate the problem or take me money back either",1,0,1.0.2,2021-01-08 02:12:09,,
gp:AOqpTOEquf0tpfTMk-1D9YyfNbyc9t4_Wd05LN6-4mz_pk2KAR0uGJzGUEigT9yN5g0mqPoWAoShFRmNbMxHzFs,Doggo,https://play-lh.googleusercontent.com/a-/AOh14GiHTIB75JSbQROVjkpgAdJFdUvBrYz4v1dZRt8v,10/10 would recommend this,5,0,1.0.2,2021-01-06 13:40:04,,
gp:AOqpTOF-UyM2Rf3ERaCMcPp9yPI3LEZl-AQhlHmnjHznTZA6fUiORGN9IcnmkL5o6FsZPkEzdEdCAG8sMl58Dz8,Chris bromley-west,https://play-lh.googleusercontent.com/-oO3EW-KCt-o/AAAAAAAAAAI/AAAAAAAAAAA/AMZuucmHwkcC4wBcNrE9FeZO3DDVDAIdtA/photo.jpg,"Worth the dollar it cost. This is leaps and bounds better than every other emulator I've used on android. For a dollar theres no ads, next to no lag and in many ways runs better than hardware.",5,0,1.0.2,2021-01-05 15:48:40,,
gp:AOqpTOGCaJJMD34ewfOfDeU9CJCO_IXNBvlzEr4wt_pKBM5MaDqEnrsLYJ8gmGfFQegUQkO-h6be78MHXp7AYIY,Karma Akabane,https://play-lh.googleusercontent.com/a-/AOh14Gjc1aDu3r2_f4SiBeRj2w5MGpI_U-s-UQ3Qo7miJw,I've had no issues with it.,5,0,1.0.2,2021-01-05 14:10:35,,
gp:AOqpTOENcjRM1sMgwEUTqkIg2Bd8IkPuHmH0hAOfrwX-G6xC_3rZzu5bfhC_MQx5G7nSWQ8G0CQpzDNkdZ-ruKk,Cal Davey,https://play-lh.googleusercontent.com/-gu4iyHnqY18/AAAAAAAAAAI/AAAAAAAAAAA/AMZuucnDOVOqeBtiAD9UaGKoLzpcFri83w/photo.jpg,Stolen game its drastic with the logo changed like 100% its drastic also the buttons in the pics arent what the buttons actually look like if i were drastic id sue,1,3,1.0.2,2021-01-03 12:55:38,,
gp:AOqpTOFMbC9M7YrIfegoN8HmphFW6rjFS5yHdAmYXwXQYLTJ-9woljaGHErkPq1-qQDu_xH69JCh-u47-2RYmHc,Frogo,https://play-lh.googleusercontent.com/a-/AOh14GjeW13oT35MnWO6ypHM5dwO6euxudh0E2tqaDEBaw,The best emulator ever! Works like a dime,5,0,1.0.2,2021-01-02 23:24:17,,
gp:AOqpTOFfRtGhwIduXZCmbmrJsqgF6P5bfngzZYMtf8N9M9UaQVulUleSOvJ5buoOp5a6BA82gyjwEFpLjXKPTW0,Will Lord,https://play-lh.googleusercontent.com/a-/AOh14GiNzDiEkxXtSTM1aecJ_kJsF8n9ydkE2dPd9Oa4pw,Best DS emulator out there!! No joke jut get it!! 👍🏻,5,0,1.0.2,2021-01-02 15:48:11,,
gp:AOqpTOEeKR7krv0In-ZBng1QZbJuZ60vaBUWPGFh6HpE7ZU4US2bhBBP0z4JCX-w-hIOPh8Nqi7_qqo871DwAP8,Brandon Jelken,https://play-lh.googleusercontent.com/a-/AOh14Gje7be-_igs9V7oj53Ch5usS_kF6QwHfkzFKDGD,"For 99 cents?! Insane value! You'll get your normal emulator hiccups just like any other, but if you know what to expect, this will give you years of entertainment value for basically free. Zero lag even with the speed boost. The app DOES crash very rarely so be sure to keep your save state updated and your hard save as well. If you don't have a DS emulator already, just get this one.",5,15,1.0.2,2021-01-01 09:34:13,,
gp:AOqpTOH6w3GsgH3HChNV3oCbyzW4rRs1uj7yAI9YmOFNIdN2eP0TGmJsHIQ2ITySfYa7r-u0mUGZnuzJtiGLUFQ,Mikayla Keathley,https://play-lh.googleusercontent.com/-Y0Ua3YlPyVw/AAAAAAAAAAI/AAAAAAAAAAA/AMZuuckpJsKoF-BNKpPw5UT_xiFOrL7bKg/photo.jpg,It worked for a good while then just randomly started crashing my game would stop working well it was just 99€ I just wanna play my animal crossing wild world game on a emulator that wont crash that is all I want cause I dont have a ds or anything like that dont have the money to get one so I just want a emulator that wont crash so I can play my game all my hard work on my animal crossing is gome cause it will start to crash when it says Nintendo and then starts to play the song my game plays,2,0,1.0.2,2020-12-31 18:48:38,,
gp:AOqpTOHrwo6Q8UwfAoOLdQ7AcCrWYFnJ8nt6Q6koCccQ2thifArIoq7a3ml9kHBeTjCCKR5jVN8zjhvITNGXSsA,Alexander Nichola,https://play-lh.googleusercontent.com/a-/AOh14Ggu-ksx58Rbg_Yt0AybdFhfajE60weNs78Mg0U-Pg,Excellence,5,0,1.0.2,2020-12-29 02:51:10,,
gp:AOqpTOFDqVkxoYzSODShrwV6icygoxUKaxaDwUKBlf1ihJ8lM5oITW6gwsYe2_Akmi2leQ7noqQRx2Zo3sqZ6Sw,Michael Porter,https://play-lh.googleusercontent.com/-4K8hWY2PHjw/AAAAAAAAAAI/AAAAAAAAAAA/AMZuucnErHMTC2odWzOgJilGfR3V-TSyBw/photo.jpg,"This is literally Drastic emulator with a different name. Legitimately exact same set up, same load up, same play out for the cheat database. Even worse, it has the same limitations on games it can run, just like Drastic does.",1,10,1.0.2,2020-12-25 01:32:17,,
gp:AOqpTOGLJygW-U_HJ3M5TBGpXIyG9gkkmwZEkF-p4FrJP92KThekDLVqWZ1z_uaBWfTQa5QMf-1Wd_MzQdiejzo,OwO,https://play-lh.googleusercontent.com/a-/AOh14GilGJu4ITd6B7bi_euOR38WsWGSNUPHgP4W6qST8w,"I don't think it's an understatement to say this is the best ds emulator on the play store. All the others are either loaded with ads, laggy, or more commonly, both. This emulator runs games perfectly for just a dollar, with no ads whatsoever. Definitely worth it.",5,29,1.0.2,2020-12-23 12:58:19,,
gp:AOqpTOE8Ix0LeB-DWQ068NTtKjCrGKkx8sdTsBGtdR9Q5hnBIvaN-5GDbNDGX1DeTBG-i-eF8LqbcjdvBjcz1ZQ,Habib Aziz,https://play-lh.googleusercontent.com/-kuF_tA3WuwI/AAAAAAAAAAI/AAAAAAAAAAA/AMZuucmiZxwoRn1_MqPzjddTCNSFfsYQsg/photo.jpg,It keep crashing!! Why i have to pay this app?! Urghhh,1,0,1.0.2,2020-12-23 06:10:14,,
gp:AOqpTOGHRK0I1lUOC2kU8oqhcTF4s2IgtovmJY1bRsQdcCqBLF2BJ0QkwdpS1o7vCs3kf-m6wemXa53srqN0ji8,Typhlosion YT,https://play-lh.googleusercontent.com/a-/AOh14GizFmzDEH7LgDJtjP8jRKdGWBFUiipBYRyC7sA71w,The best ds emulator I ever bought!,5,0,1.0.2,2020-12-19 08:31:15,,
gp:AOqpTOHyfermCdidqA9mSrMjYXTXJ4U3E-Ons4dGP3O9SdoJ0qYfFgt5AkRgzhzqa3-JlwniY0wFYRqFPgc7p80,Retro Earthboundian,https://play-lh.googleusercontent.com/a-/AOh14GjHbBcbczLoI5SxBX4vyWPgS2xWzrT9OjRqewnY,Such a wonderful emulator to use only 99¢ and Worth every cent. ☺️,5,0,1.0.2,2020-12-17 09:31:41,,
gp:AOqpTOFaInvYjY07f-k2eQyfiao0GY0JA_Qt_RCTXhP6r1LR8OVwSBC0G8ys-AmepXwBt1jn3n7N33i_7l17FJc,Just an average person,https://play-lh.googleusercontent.com/a-/AOh14GinPva_nWUex3FPKbzQImYnPC3i48d1oxXKqrzRGQ,I like how to has almost every cheat code 🤣,5,0,1.0.2,2020-12-16 21:15:57,,
gp:AOqpTOG_Vwfb0JgZoxujWn2diwMTf8L3o7VgGOEggAdW9z4A3XE8gYS3t8irEbL0P3twf6IjjGWTPb4MxltaOmE,Clayton,https://play-lh.googleusercontent.com/-U519yIGdpQw/AAAAAAAAAAI/AAAAAAAAAAA/AMZuucnN0mehEDODclboQnKBM6guo76y2g/photo.jpg,This is just the DraStic emulator with a new skin,1,0,1.0.2,2020-12-16 17:22:22,,
gp:AOqpTOFDp4UIfC_y9PPxQzLhEkQ2B5D6I1wcPwbwebngm2W0OdKuw44koeETT6oTsCK-TH33Ucw3otfw8A8i0Ug,ant,https://play-lh.googleusercontent.com/a-/AOh14GhjaYB-xFZOMkleBYoGyxVYUSyFdjW-v0PsEkkWgg,"It is good so far plus its compatible with controller, I love how the screen its clean no ads or anything only the game ✋😌",5,1,1.0.2,2020-12-16 06:42:34,,
gp:AOqpTOErjoBKAKL1cQOQCZgSetIwIk736y8ilhWnIXb4dTnzBKh662Ip1JOO8cXchJRiGClV5jMc_I0IXTTjyAE,nullified gamenerd686,https://play-lh.googleusercontent.com/a-/AOh14GhAd8ba5DGWhZYQUsNVoBl-WOJLWT_m8A24W2OrLw,Works but saving is iffy,5,0,1.0.2,2020-12-13 23:54:44,,
gp:AOqpTOGTbIt4UOv7yy5dtqhjmzkWgX4xwAw70bVYiHcEzUIZ3K-1ftOqnLsV3GiCtVy4GK5ezoAjEzwBIvEzOM4,Ervin Garcia,https://play-lh.googleusercontent.com/-9Lq2u6XrsYQ/AAAAAAAAAAI/AAAAAAAAAAA/AMZuucmOFzHC3zjmrOg8Kfv39FIBCdCNZQ/photo.jpg,Nice,5,0,1.0.2,2020-12-13 04:12:45,,
gp:AOqpTOGNAQq9dbcj3CLkIgpthzkrHWG7_FU6NV87L312qDMY9GHiPWaJVaJBWzHIXdSGL8-_Ttddv5XYNUWtXMw,Marcelon Mosley,https://play-lh.googleusercontent.com/a-/AOh14Gh7hVBYrGB5JSig_FY-lYNve7XyKGdKnWgrGnfxpA,Best thing ever 2 thumbs up it dont get any better than this,5,0,1.0.2,2020-12-13 00:08:55,,
gp:AOqpTOEB8XvKE7ND5iwkubTKliqL-jQp3Jj27oUSKTMV6pxsKQYqyVTrXPQdMDcvCEGbpUpsLUNgGLbsJMHunmU,Mario Anthony 64,https://play-lh.googleusercontent.com/a-/AOh14GhzXFn_wJP0IEANKmAjeH6_McD5yAxJ5AmQPf15uA,😎,5,0,1.0.2,2020-12-11 23:25:43,,
gp:AOqpTOEZvIfRl2LBM9fTJfPy2Vlr5GZeGX5hMbipHxGrKmce0CBnbK3CZr657c5oW31BDj7SjIuS00II1GHv0sE,Wes Kalsek,https://play-lh.googleusercontent.com/a-/AOh14GgrfqK2_z3gYd7SkVaFHA1-ridZVXl2vZOxRgyfZw,Eh it doesn't ever show a fast forward button only reason I bought one of these lol tried to show the indicator and nothing,3,0,1.0.2,2020-12-07 23:04:57,,
gp:AOqpTOFyzqlgeosqzE-d3QgpmFx6FjMIIEs8qiy9JwsSNpwyz71MITn0cCECdDKbImaEpxlDalwf5G6093HqAek,Gor Asgardian,https://play-lh.googleusercontent.com/a-/AOh14GgmsoQW8zQQU_p4pM4wOI83dPQysbjnaTFhJrbv,"Works great, definitely worth the 99 cents.",5,0,1.0.2,2020-12-06 18:20:58,,
gp:AOqpTOGZb7t0JlVviC9pTU8UW0TBu6t_zKTR9qRRoE0bZA3oJedX0hKVJe36VnMJIvjuQ16U-hSXE2aOXQ0iOZ8,Cristian Jimenez,https://play-lh.googleusercontent.com/a-/AOh14GiXccc0__rU7Xnzs0xdxqXnyNEZZXp-txn1g09G,Very easy to navigate and really enjoyed the experience.,5,0,1.0.2,2020-12-03 11:26:31,,
gp:AOqpTOECLsaujMc03WXbHCnDriWvWOI_GhHVKBhDmzixSz7ujdxzd5UnTDEDXbUr7Eh2O3U2Vwntm75vOXlte7M,Chris Robinson,https://play-lh.googleusercontent.com/-0c-STMJ57tw/AAAAAAAAAAI/AAAAAAAAAAA/AMZuuclVH4e9pg4pG3H7JMPMEM0H2YDj_g/photo.jpg,Constantly crashes,1,0,1.0.2,2020-12-02 16:32:04,,
gp:AOqpTOEHVGFC00ksgBMzKmrh1ENbXa_xgEBJ5Q6yqcYO4-z1lH2shOu9-u8cuoiF39lZrRenUBemyOKxiYFKIfI,Stankpeaches,https://play-lh.googleusercontent.com/a-/AOh14Gh8SU7Yy6OgBiIxJ1lXoGNw6R9IGKK9I30ctQdUkg,Goooood job!,5,0,1.0.2,2020-12-01 04:36:37,,
gp:AOqpTOHBeTb13S7yJrgF_yAbIftMHhSFUnDJAnUlK2ieWfeCqg-MAANdLVSIWHMrxAqdU5MqVwKQ01zUNQ1z7Ss,The Bowery Crown,https://play-lh.googleusercontent.com/a-/AOh14GgszZSjBF4cl4AJNxZARWqvBRKGx5hpiXBxYTLYNg,"Congratulations, you made a emulator that crashes every time you start a game, honestly it's a good emulator, but it definitely crashes a lot for me, not sure why, I have no cheats or anything on, just plain old vDS Emulator, so, not too happy",3,26,1.0.2,2020-11-30 16:13:09,,
gp:AOqpTOGsWVCtJgi2o6wFZ2ZoLYpzPhRr-CGnbk2TbRok45KVFU3iyAUvLUpFTAXL35BfZQLHgO0z_a9AlhhOcn4,Nikodem Kania,https://play-lh.googleusercontent.com/-dqow1Ety64Q/AAAAAAAAAAI/AAAAAAAAAAA/AMZuucmVp69JaR83TjLi7VkKX5_IM8K4WA/photo.jpg,Good,5,0,1.0.2,2020-11-30 10:44:36,,
gp:AOqpTOEma0yNZ_RXe6WbDhHfs0Ktso1pSmczgKtqtnlbJ24wqxXHxk1qSfDXOEtb2_hGcjDqMJ2IlDKXa-SQNKY,Snaccy,https://play-lh.googleusercontent.com/a-/AOh14GgcJ8JwoWGeMzz2ODF7YN6zFNAQ_Rd8twO4s5i7Cg,"Works amazing, well worth the money. Has alittle ways to go before it can match Drastic but it's cheap. But one thing I would like to see is customizable button layouts.",4,16,1.0.2,2020-11-25 16:12:02,,
gp:AOqpTOF8c5csM9_lYt8w5cyhWs0uTBTiMXuSRzlJz-DqUdQaQOymOO5rGQ35p0IbFeh1OLM197gyuiOeGVM6zv8,ᛈᛖᚱᛖᛉ ᚨᛚᚹᚨᚱᛟ,https://play-lh.googleusercontent.com/a-/AOh14Ggaqc45KgNIiiT_xsFyjmzUCThRg1ST3xsuS1U60Q,Realmente muy bueno... Lo recomiendo mucho y para 1 dólar que cuesta... Está dpm...,5,0,1.0.2,2020-11-25 08:53:52,,
gp:AOqpTOHR-lhHkEXmTUhLZ9Qivg2mvkoh8PTDRs-aaOHkbyNFcZ1Z94uG68X8E3VfCGGO0jdgDwpLxC_7JUBtNg8,Tahir MOHAMMED,https://play-lh.googleusercontent.com/-JPW9UCbbm7U/AAAAAAAAAAI/AAAAAAAAAAA/AMZuuckK6SISait_fX_OnlqVUlPZWYBGmw/photo.jpg,"After starting the emulator, my mobile can make calls but the voice/sound function is muted. I have restart my mobile to get my mobile to work. Please fix this or else i will ask for a refund.",1,4,1.0.2,2020-11-22 02:09:49,,
gp:AOqpTOGdSFWhAyil6OZG2d4y3zbtF-oss2qDMa2YINa_zQ2eE6p2_yi4jsChjRUcSs6nRlccVBEeKSxR5ZtRjcg,SerpySerper56,https://play-lh.googleusercontent.com/a-/AOh14Gj5Ec0QCCwS8_LkazJhqkZ7mx689lJ-ihEucm5cbg,"I cannot get this to work. I downloaded a Rhythm heaven file, and I went into my files, and it's not there. I can't run it. Someone help?",1,0,1.0.2,2020-11-20 19:38:08,,
gp:AOqpTOGCi3To-X92jTwdxUzIFZuRUeEagdahhBgNiwZdYFsQwTWXYz_eBfQzbP9pgG2sj7CESoygu8_QHBKrK98,Wen Xiang,https://play-lh.googleusercontent.com/a-/AOh14Gidbqj9T6jDnnO2BrZiLGLJY_wHyol5E5oRHGd0,All my savesstate suddenly gonee.all my background suddenly gonee.its like back to default and all my data in ds folder goneeeee.my hardwork all goneee.damn you,1,0,1.0.2,2020-11-20 17:39:49,,
gp:AOqpTOFW7Q9FnGFzgT3zzTWHjFax3ZnyE3wa8JcPURficqYOkxrBO0YdQhTNqkUsNcARQyX9wqJqZDaOPkdxyLY,RY,https://play-lh.googleusercontent.com/a-/AOh14Ggegxx-y_ZERa8j41o5eaA2NbNg4xHiQYMKU93kZg,This emulator is the best You can use cheats without codes (you can add it your own too) (even tho I never use the cheats :P) And it's only $1 really cheap There's no lag when you play the game And you can make shortcuts Really worth it,5,1,,2020-11-19 19:56:41,,
gp:AOqpTOG-CGpikDL1Kcxezlf9-kDcJtqt8K9RP-OhiQnyIijKnN9QQ_sAaj0J4dp87rX40b66oQKc8sMPMG0DfvA,Download How,https://play-lh.googleusercontent.com/-YIhJSbMIG9g/AAAAAAAAAAI/AAAAAAAAAAA/AMZuuclF0T4PAyFza4SQWJEBpTqb4xWLJA/photo.jpg,The best emulator I got Why? 1.Because it's Cheap 2.No lag 3.You can make shortcuts for the games 4.The cheat is available (you can add your own cheat code too) Reccomended for people who doesn't have a ds,5,1,1.0.2,2020-11-19 19:53:40,,
gp:AOqpTOELsXlBe3J5dUtcUa8_f4MRtzAQevTLXbudiF6xIpq0MLY3lzft26xYFnhTH993Trx16fQpxPHa9IuGgsw,Jaydan Aguilar,https://play-lh.googleusercontent.com/a-/AOh14Gi2N178HayBEoamFAOiF56AOC2q3Rfv3klffhPcNg,Enjoyed the emulator until recently where my save states are kept being deleted. Help?,4,0,1.0.2,2020-11-17 03:55:18,,
gp:AOqpTOHWBFMVodQIWJo5GA2nVqXHuv1QHbz8Xc4LMhBrUyQ65DBSUzWCM4JapiSy_OwKd3OWuvvkw5ePvB6emOc,soqran,https://play-lh.googleusercontent.com/a-/AOh14Gj1ur7FyStjt1ea2Zen-srH_QFe1ZpOugeW6pLiCw,"similar to Drastic. menu, all inside. how come?",2,0,1.0.2,2020-11-16 22:28:40,,
gp:AOqpTOFGjmI8xElD3rNfZ7aJ5FFLxABjSbZSQ2tiTDeayHihvWsqftDub7yQC3QlkiKegO0d603qEEsQ1q_iIDk,Server Luck,https://play-lh.googleusercontent.com/a-/AOh14Gji_p7Q0WmluFbQT20KeVkLcUJm-ZgYoDoGCQ_GOg,Good Emulator but is there gonna be multiplayer support soon?,5,0,1.0.2,2020-11-16 19:34:18,,
gp:AOqpTOFOCzUQhgGYDqLspiPRmmlJDb_y0E0VeAAMudOBklrXzBioJM2C5H1KBisHSc960vNFrV7v5dJ0s3x-VtU,ShyPixarLover,https://play-lh.googleusercontent.com/a-/AOh14GhYAuzu916lCZQFaS5RdSfg4ZHqsLWnpoxep1F4xw,The only thing that calms me down when I am stressed from a hard day at school.,5,1,1.0.2,2020-11-16 05:59:57,,
gp:AOqpTOHxZaUEzoVV9X-AXEoSkr5RbSx5Qdrf3VaX_OXTQCF6Cg7ZdSusYPkLmUdvvPmLOiQKrdhwuQeWxBj5G0k,Inari Tokisaki,https://play-lh.googleusercontent.com/a-/AOh14GhDTmi4iZ4yDB7zCwDtp2Lq4rm-5-Ek7xBueV1d,My only complaint is that is likes to crash a few times before booting up a game when I play,4,1,1.0.2,2020-11-14 20:28:20,,
gp:AOqpTOGucbttM-nA0H-GOr6kotCE9jX1K7RCGo_FD2Rohlpus7sthrN3tQ4FckkzTM8FiY6jU0ayl6Ag_mZb21Y,Kevin M,https://play-lh.googleusercontent.com/-3GABu0-AfGk/AAAAAAAAAAI/AAAAAAAAAAA/AMZuucnjGQo4V9Tm11D5hmGuo1j10W0l_g/photo.jpg,"Great, better than the free knock off version's out there would really recommend this app to people",5,0,1.0.2,2020-11-13 17:22:32,,
gp:AOqpTOFoVt7tBqiinx48V-9wZWqZ9U9YDav-jy3h7u056C1RDcoTNaXuvsOv0zvJyK-l4nuNqAN7V2rEpJvz49g,cereal when there would be milk.,https://play-lh.googleusercontent.com/a-/AOh14GgbEBvB8T7KPiK0bjxAsr5bXoifH9axN-h4Rm8d,"First of all this application is stolen because this is a drastic emulator copy and paste, the ui is the same, controls and settings, practically everything is different except the startup menu is changed just to cover-up that they don't own this code that they ""made"". But the fortunate thing about this emulator that it partially works and is much more cheaper then the drastic emulator itself, so it depends for the consumer to decide, to pay for a cheaper app or a more expensive app.",1,13,,2020-11-13 16:10:29,,
gp:AOqpTOHYx9DVj_GGSmJPS8dK1WzGP6BMvWM04ycyQOKtn9muVSE9nkBay-qTfOHCynvO89pxujBBn9GMlOwsWn8,Bryant Hall,https://play-lh.googleusercontent.com/-QbJzY-WS8Cg/AAAAAAAAAAI/AAAAAAAAAAA/AMZuuckb7RzZwCc6F6DcQ-cGj6rN1dgXuQ/photo.jpg,"I gotta say, this emulator is by far my favorite , i just have on question/ problem, but is there a way to carry save data over, like if i got a new phone, and got the app again would i be able to resume right where i left off on pokemon on my old phone",5,2,1.0.2,2020-11-11 09:32:52,,
gp:AOqpTOFQ1xiKfIcDyw58NhjuCUXfpPNeNKzMP_Ig_nySPIF8g22s8tfGsK3yABDd3UwB74VPgzE7g0iy_TYzdWc,Shadow6016,https://play-lh.googleusercontent.com/a-/AOh14Gj6sx0bpc7U4TGu-ELUqbba8tEPo8uW2D91ZHiS,Everything works well.,5,0,1.0.2,2020-11-09 09:01:59,,
gp:AOqpTOG8jXwD_2Fj4BZ4hliKDT7_QeExEa1BtgIDn-hY10pEoC-FXxLKaEUfMZ27hq_2i9ov6A_hkc85e3zm_Vc,Basil Choy,https://play-lh.googleusercontent.com/-e_AHqiYOWvw/AAAAAAAAAAI/AAAAAAAAAAA/AMZuucnJx5XWaR5Jorn2XS0noZWgikhUSw/photo.jpg,A direct copy of Drastic DS. Total scam.,1,2,,2020-11-09 01:43:15,,
gp:AOqpTOGS3PlnwSYchDCpAzlrQggk_O00Q7_-SR-wYPcpoRDyzJ7JNDRYVN0O4mS-WBvjQLoX6NCZ8iWlV6q_MRA,Alan Michael,https://play-lh.googleusercontent.com/a-/AOh14Ggx7NZMA3mM2dc5g8lW8hHNbut7jd0Hx4pnlczLDVU,It suck's Badd because when you exit the app when you Go Back in the app it won't let you click continue. Well also Won't Let you continue where you left off on the app because you had to go through everything all over Again.,1,0,,2020-11-08 15:46:37,,
gp:AOqpTOFpCe-W3P2ZTffLFgpZFI7N0gRELFNheYce04NCBNIhJgT29JNo9dCBJrzmlPdS5bkJ5tY-JcOcCoa-3s4,Kellsss,https://play-lh.googleusercontent.com/a-/AOh14Gj2mk3MWSmWlLiql9rnFAGXNckW7WGf9Da1xS6l,This Emulator is Exceptional for its Price I Love It 😍👍,5,0,1.0.2,2020-11-05 09:53:39,,
gp:AOqpTOGFQ0btwXfwKnIr1XBhM67rq7T3Dkt0AzJAKSOVe7yiu7CLvd2yetyPackMDWusuGHGdNTotVob31bsCrQ,Marco Medina,https://play-lh.googleusercontent.com/-OeMSHp0303c/AAAAAAAAAAI/AAAAAAAAAAA/AMZuuclo4TT_uczigKOXIdSvUKDJA1Zujg/photo.jpg,Can someone help me? Even after saving the game then reloading it there is no save file,3,1,1.0.2,2020-11-05 04:43:11,,
gp:AOqpTOGgXReP7d6xtSrkMTxao-uNMXyKZ-5UevEiQkJ_OUGZudYhVlPHPaPq3tdISshASSrnh_jAT15uR4CNhBM,Jonathan Castellanos,https://play-lh.googleusercontent.com/-ciejh4xxDGA/AAAAAAAAAAI/AAAAAAAAAAA/AMZuucnzvNpGx7DfbPc-kVMDgNZmgxCe2g/photo.jpg,Best ever staying with this forever,5,0,1.0.2,2020-11-02 23:00:45,,
gp:AOqpTOEqDPCuc22SP3O_tksa3HpqgEoFHh2GSW1H80Sy8pITPWrB4ODd_WWOboK5W-C0D9CPZOu24-VxsBupeMQ,Nero The Blood Demon,https://play-lh.googleusercontent.com/a-/AOh14GiL9RFYFykzmU3gMjQ60A8ZMoxUuv2SwTK2XNo8Cg,Very good hands down best NDS emulator,5,0,1.0.2,2020-11-02 15:53:51,,
gp:AOqpTOEx59F6VZ-1_sVlasVNlTiTS2yRnbGjHkoDsg8rkaYFs39T6-C6wvMKs2V_KN8IpqSipVriN3OlvHlGLAc,brian,https://play-lh.googleusercontent.com/a-/AOh14GjFXFTTEX0ydQsjC_lyCQdO0J4BjdlQFKxFfTrZuQ,"Works perfectly, comes with cheats on it already, just needs wifi and it'd be even better. I'm on a Note 20 Ultra and I get no lag, one game bugged out but that was a rom issue, not emulator issues.",5,4,1.0.2,2020-11-02 13:48:45,,
gp:AOqpTOH2-YF6tJFRq97U2ENlxuC03SGHFB2CFKY-epeTifvbbONcKCupjJUPuMkCAhliSTJLslijd-Ty6uugqvY,Buy AlitaDVD,https://play-lh.googleusercontent.com/a-/AOh14GjiVIJvslO9C67svCIn4m_5ADEHNuhP0qYx6ZrPBg,Doesn't play in portrait mode.,1,2,,2020-10-31 15:51:09,,
gp:AOqpTOHjyPSA4_cqp1DaL6tdcM65lSsjwSvd-rzbsKUgMj4nTQ-r9Y_rRDkuVgxU6TzEseySXzL7zYzx9q5y7dQ,Chriz Merk,https://play-lh.googleusercontent.com/-QwxkYvVvWKc/AAAAAAAAAAI/AAAAAAAAAAA/AMZuucmG8U_bj921B-idniQOV3qVv_LGtQ/photo.jpg,It works great. But rarely it deletes save states even after i saved on the emulator and in game.,4,1,1.0.2,2020-10-30 15:56:17,,
gp:AOqpTOGBo-b16u2FHKBqh-Kaf3AcKJ2uLAAvzku0e7oP7l0ygT-p-SfwZfegOJ-tr0zxD5_jFEMfspL6sSUJYf8,Jay Jones,https://play-lh.googleusercontent.com/a-/AOh14GiSma_ll7KG2492ZUFcilyCYM32wgWgtOYPZAQn1g,"Yes, it works 👌",5,0,1.0.2,2020-10-28 21:28:53,,
gp:AOqpTOHoTTXw8uA-dl6oa6WzMY_8S0it1c5yAQGLmShMpz_wZytYfAAryASKXeGI5-DH-fvrN7JZyapBDzUDzXY,Bill P,https://play-lh.googleusercontent.com/a-/AOh14GiV1PvXFsjUYpQKVraFboksZSKwPK9jUmQF4NOIYg,Worth it!!!!,5,0,1.0.2,2020-10-27 19:17:25,,
gp:AOqpTOH8kHqzBQvCrxvF_b7Bty5gFDGx4Le5CTKLdySbW_GtdUNK5acYV8A1J7-PHt9cPm0hZV4hqwETIEUkKj0,David Smith,https://play-lh.googleusercontent.com/-9TLqQ4Lvu_g/AAAAAAAAAAI/AAAAAAAAAAA/AMZuuclNTk7JNjDKU0XcYFtp_q-LVDWXVw/photo.jpg,No clear instructions on how to get the games to play and how to use the app paid money and can't play because it doesn't tell you how,1,1,1.0.2,2020-10-25 17:25:40,,
gp:AOqpTOHNeAn5w-N5QFaHVva1aBIa6_XmBBeWTJI_auc7wVH7ZOGE9q3irCHv54poquQm_u6BUOSGcVDlWm3Vrj8,Austin Lee,https://play-lh.googleusercontent.com/a-/AOh14GiBv3fggru9s1jdnIMplntYXhWTGjIIHq6eZpxwRQ,Keeps crashing after I made one savestate,2,2,,2020-10-24 16:25:53,,
gp:AOqpTOH20GUZmWasNb-ZUFc3TKS_9wfoc7mDtkpVGhNd4NsnNzXqTNDXKnDCsuKS5YlVOmGd7dLTpqOzqQTk4s0,Chris Sansoucie,https://play-lh.googleusercontent.com/a-/AOh14Gh__pjB3JUMHkKOpDRSBB9hyksAOVNmz1bHpIf_ETo,"Runs games well, clean system set up, over all performance is good, easy to use, and has some prebuilt codes to use with games if you feel like it. Honestly it is worth what I paid for it and I wouldn't think twice about reccomending it to others.",5,11,1.0.2,2020-10-19 23:23:54,,
gp:AOqpTOGaTK_hDP5bDIgplmINREf6pyU5-nfhu_iLnzCrsALsW7q-EEAYOIrpgM32EMRRSshjJamqZtJq3bx8-oU,Functional200,https://play-lh.googleusercontent.com/a-/AOh14GgpPRayLr2krxMJ2PtQCsEcYQUJx7vMcTkihWkYEQ,Runs really well on my device. I have no real issues against it except it doesn't have multiplayer and wifi support. If we could get an update with those in the future for wiimmfi this emulator would easily be 10/10. Look at how melon DS implemented wifi emulation if you need to.,4,3,1.0.2,2020-10-17 22:12:02,,
gp:AOqpTOHu82dRn_IoECEqzp_ZjovCPh-_ZfL-zSt1cxO-ZSau2e5ROtBN0U44FbpLgqgFPBfgtbSEL9qzjLGfEIw,Steven Green,https://play-lh.googleusercontent.com/a-/AOh14Gh6qHM8SB4IzwqRuuVEXinL6fQ1N-47tWMHhciZ,"It can be kinda laggy sometimes. Also, if it had a game speed multiplayer would be an awesome addition. Otherwise it's a really great app to use",4,1,1.0.2,2020-10-17 04:47:08,,
gp:AOqpTOHFpyGrtCabxQPM2UaF0Tg8xQkAbgG9oofGHCTvnpdQ1SzPKFT0LgnaIhdnkO9P-xwakRP1rrYH-fFkicA,edison balberona,https://play-lh.googleusercontent.com/-EvPAQnmLEV4/AAAAAAAAAAI/AAAAAAAAAAA/AMZuuclAwws0q9B5TSJQMYn37Jvh1hJUYQ/photo.jpg,pls. fix when i open the game it will crash...i will open the games twice or more sometimes...,4,0,1.0.2,2020-10-16 12:59:02,,
gp:AOqpTOEq-gj89EMoU37FuUMWHVzHgdbO-BP0qOrobgCPOiCF_nf9NcbvSFVQq3F0c6R0-aMSPurtnJ5TvOejcFQ,Jonathan Ruiz,https://play-lh.googleusercontent.com/a-/AOh14GhAQHjZ_HgaKQR6nwYmFjTbTXT0pcIq9B4ya-uX,This honestly the best Emulator I've ever used and the ones I did were free and total garage but this one was only $0.99 so I was like okay let's try it it's cheap and not a lot like drastic and so I bought VDS and been using it for almost a month and I love it HIGHLY RECOMMEND THIS APP,5,4,1.0.2,2020-10-15 22:28:47,,
gp:AOqpTOGltQCNBl5uUdb_B14nStCa979I0e8UO89Et_zQDzKL_YA-FVUUH4pSZEKFblDhx6xheQMJZhLDoI7BTtQ,Oscar TM,https://play-lh.googleusercontent.com/a-/AOh14Gj-O3WFKcEZNSN5f4JXIMZOM2S9NOygF672pndUVQ,"This is by far the best emulator to this day, well worth the 1€ price. It's super well optimized, uses no more power than a regular lightweight game. Super customizable, no crashes, definitely recommend!",5,2,1.0.2,2020-10-15 15:08:51,,
gp:AOqpTOEj6j8vOOZV1PP2DFBe8gNpSo4KlG-NgjB9FbjxhpXdLXFo17I-6p_GVC0dJfdzXA4-bCmVZkMVinxaD7Q,dylan white,https://play-lh.googleusercontent.com/-FZu5EwVLBiQ/AAAAAAAAAAI/AAAAAAAAAAA/AMZuuclM5R5wIX4b8CXr82p4GQSWQeYYSw/photo.jpg,Tried the free route for emulators and few of them were good. Drastic didn't seem all that good for the price so I decided to try out this for only a dollar. Seems amazing so far for being so cheap,5,2,1.0.2,2020-10-15 13:13:18,,
gp:AOqpTOHQvbl6Bqp5l5HRbRxNH9b548E4vjcrje1RPfvCu6DG5e13D4Z5j6gNFiMc6I1DrJlWY8288ijvC7DY2yA,Chef Rekt,https://play-lh.googleusercontent.com/a-/AOh14GhiDqYQMg6k-e3XA4snPda1oOaQaYYl9aPrKPG8,Best $1 I ever spent! It has a x2 speed button! <3 and does not slow down unlike other emulators!,5,1,1.0.2,2020-10-15 00:28:26,,
gp:AOqpTOHdQjOYcEuejw6NiudI1aMCqRgdGbg4D4gVq3qf7R6ceUJRYux64hHSnP8ILN2kdJq66IlbD9wyPDlBOzw,Zeninari,https://play-lh.googleusercontent.com/a-/AOh14GiMU52u4Otl8wnlEgTWurEYbBHeLX5mELkstkTydw,"One Of The Best Ds Apps I Have Ever Run. It Runs Pritty Much At Full Speed All The Time With No ""FRAME SKIP"" I Love It So Much. Best 1.00 Ive Ever Spent In My Life!",5,0,1.0.2,2020-10-14 14:00:52,,
gp:AOqpTOGHzdktNxhzWWCpCTi0MsNOuZBNkzR5VKcyKpQKZv2Aggxp-pkH7PbH5j4xiDHjurfIw6pYAlBNP5-rlGY,Isaac Young,https://play-lh.googleusercontent.com/-Vpyy0fY8svs/AAAAAAAAAAI/AAAAAAAAAAA/AMZuucnAYFGNqe_J2qz2gZp3vGvkYLNJwA/photo.jpg,Everything needed for a good emulator. I recommend for the pro and the rookie alike.,5,1,1.0.2,2020-10-14 08:57:29,,
gp:AOqpTOESZNx0-IHBRJyn6cwQtGrvzAJAecwk2VGxRF6lG_hr3h7EVB0Hi80RLvAjID8iYNW6-WeN1zIsNgWygJ0,Baun McKenzie,https://play-lh.googleusercontent.com/a-/AOh14GjD8qYAicQ-qI8XFOZBRwz9o7W6kvYCNxmg03AeSw,"Works great. I have a cheap ass android after my iPhone bit the dust and iPhone doesn't allow you to use emulators, so the first thing I did was purchase this emulator. I've had a great time playing Pokemon Platinum f8r the first time in years and everything is easy to use and self explanatory, I understand you can also buy a controller and have an easier time playing the harder games, so kudos for that as well.",5,68,1.0.2,2020-10-14 08:20:55,,
gp:AOqpTOHid84lz3LgFyFsn7Uolz1VILO4jklTyr3Q7oLU9m4TTdDwO_1SaXDr6YhrQsgMwf77JWaFCFpjNnBXzkY,Amin Rahman,https://play-lh.googleusercontent.com/a-/AOh14GgE_Js7lt2JDv4D_fuAOZrZddK1IPn1LpobLeo,Fantastic but I don't know how to press fast forward,5,1,1.0.2,2020-10-13 04:33:02,,
gp:AOqpTOF7zTP1GgOtNwmIjeBud4NVV9vIbmntdcK4eAi9Wt3A1hgCdTv8CqltLaWhi1nn_DBa1sLaDkqSrMShT0M,Thomas Fitzpatrick,https://play-lh.googleusercontent.com/a-/AOh14GgdWbdq2I-WL92yl1fk8YsGIw2NqbeK3OkSAWIFPg,"This should be rated 5 by all. Great emulator, played through both Pokemon HeartGold and SoulSilver with no issues. You can customise layout, and ffw gameplay at the boring bits. Excellent app, thanks devs!",5,2,1.0.2,2020-10-11 06:22:05,,
gp:AOqpTOGfEvecH66KWHoK580U0hduqVBfDhvrERdD44RuW7UftsV7GcuAiN-cWwU1lG66XWSXAniAbESCC12DRek,Dragon Panda,https://play-lh.googleusercontent.com/a-/AOh14Gg76CrNAdRoRNnaEmrld3V61aD9VxdiPaWePQ49wg,Way better than drastic and for a steal price damn 0.99$ is crazy.,5,1,1.0.2,2020-10-09 10:51:40,,
gp:AOqpTOGgj11NvkCtYQSjKBT372VBFc5CbIEbwNTiUyz6w2Dp2mxHu4ql_K9FvDL_GZcZaGACiHbkWASZvrbZi4k,Kathleen Schaeffer,https://play-lh.googleusercontent.com/-G6JTZpo3WcI/AAAAAAAAAAI/AAAAAAAAAAA/AMZuuck0GlQEGpnFsOJ_-43JAHnzr3pQCg/photo.jpg,No controller support and doesnt play most of my ds games you can get better on a free version,1,2,1.0.2,2020-10-06 16:36:39,,
gp:AOqpTOEl5pdW-dpnQrrGj1PXsvJne0-yB3vT2-Y2fvstBMbBjseju3wHjsjz4ewohWvcrRnRHzA9jLxXf8HYYEs,yaher,https://play-lh.googleusercontent.com/-P_0kzjRwDW8/AAAAAAAAAAI/AAAAAAAAAAA/AMZuuckf7Sc8yfgTDA_dX7ypatvc1sLeAg/photo.jpg,"Great emulator however the ""google drive"" doesn't work but hey not really complaining since I'm getting drastic for $1",5,3,1.0.2,2020-10-06 08:02:04,,
gp:AOqpTOHPDB5agXq-fn-1163XZ1vzz6soCzaYa80d2yK4XFFlft8gnsQZFh5IYYlGT4R6v0TzYGKlLTfJ9LaX0Rk,Pray Boy,https://play-lh.googleusercontent.com/a-/AOh14GjJvJaDiM47PhcayWonSNxu7yAol8wzHIkZfrsZzg,🔥,5,0,1.0.2,2020-10-03 11:51:23,,
gp:AOqpTOGLToglt6rNIp8ZvRVnjnGbz7mvQtwctgI78Mpim7GbQWQvWHKZgq7wdfKkIrFfsCAVYg9BR-lYQi_DShk,Kyle Rist,https://play-lh.googleusercontent.com/a-/AOh14Ggch3OaMmnMcOE63yQAGHaN6z70JM4dSWv_TPoYeg,Its been saving my pokemon black records for quite some time and then boom it crashes and records were gone.,3,1,1.0.2,2020-09-28 00:01:31,,
gp:AOqpTOHNYo3QRklUtVvF5UMIfsNgyhx5Ao5wxIEGnb98C0j-3ZUCpoFcNm3E5n_WpnhejSLComuf6TYgvHAz8JI,Kimberly briddes,https://play-lh.googleusercontent.com/-v9tqaz7UGYs/AAAAAAAAAAI/AAAAAAAAAAA/AMZuucljhOVQAy13SJQBO2FlynSo-KuXvA/photo.jpg,Awesome emulator,5,0,1.0.2,2020-09-25 03:34:22,,
gp:AOqpTOFnPzAXNOdiY2XE-nmYVGleQADGxsDZAl7sY0wIIO8VEAkCuOsgTPvL0G-u7ENCfo0QcYB-JL7ylNZkZlE,Robert Rogers,https://play-lh.googleusercontent.com/a-/AOh14GjCaNQaUsXAJjk7p_ST70F56ut0m6qDD2LMxrC6,Cant load saved games Emulator was great until i trowd to reload save cant recover my.progress contimue isnt an optiom for poke black,1,1,1.0.2,2020-09-22 13:28:13,,
gp:AOqpTOF4EmIAU7eUQ93v0V7Wb-3U1y6VBPpUOCdwzVL00GmOb20rJeO2dwPzgxPiMpuYcTBzJeiTRpNiGN49EFk,Krzysztof Busiakiewicz,https://play-lh.googleusercontent.com/a-/AOh14GgRQIwkVMq8_oaOI-mp8tAS57e2gej6Cq81SIaP,"I was kind of scared at the beginning, but the app continued to amaze me. Savefile upload to Drive, great performance on Pokemon Platinum, no ads, clear interface, everything for just 0,99$. Great work guys!",5,4,1.0.2,2020-09-21 13:40:27,,
gp:AOqpTOH966cp3tfK3cMk94PwjGO_e9lKnLNCsAZpCLSPTc4QoigKmqghjLChck7LoCAivMmapYgbVLZVWfvCkqo,T u X,https://play-lh.googleusercontent.com/a-/AOh14GherOvpzwlJBYMip0z5pILcI3m9tmZz2QcHwQ4vSw,"Works great. Very much worth the price, considering the quality of this app is the same or even better than much more expensive NDS emulators out there.",5,2,1.0.2,2020-09-20 06:06:34,,
gp:AOqpTOGldR26mjmqSrSxc-hMsRt0OvtzhPnlnRsCqDF89g00Il1CvQd84hnH4zUBgsfh1sClOo64uaLk5tknG8g,thestatichimp91,https://play-lh.googleusercontent.com/a-/AOh14Gj-qdGPxhLqjMa88Tbfat2S1nu08ecjN0x5QlCkPA,Its really good Is there a way that you can play with friends on it Love to battle online on pokemon Heartgold,4,0,1.0.2,2020-09-19 19:06:09,,
gp:AOqpTOG1HVRKOgiw5Bq4egNAdv60LArjHJR3x55e_-2VHx98K_9GmI07X_FASVSr2qRmMQsHBEclqWzVGBpcMzY,mr Rotary,https://play-lh.googleusercontent.com/a-/AOh14GjABLwGd3w5SRiSCJvDjs3KuuQGVsgpDtnPzCNxNw,Best Emulator,5,0,1.0.2,2020-09-18 14:30:11,,
gp:AOqpTOGxJF9eRteorOXOn11BCp2e7P6MXNLEcJeX4SX8enpFc_qYYJOVrzwkkCGgs-nS8usIvg0DG_kx9yNwoOw,Fernie is Chillin',https://play-lh.googleusercontent.com/a-/AOh14GgMaDQC_V2T5FfTHdMRdhm9Z70WOv35jP_6mZ9hkQ,Amazing emulator tool?,5,0,1.0.2,2020-09-17 18:13:57,,
gp:AOqpTOEag7f27__5MEzvr7esz3ia2dcI7wSm3jptOOURaM5fPqnEo_te0AKIyPMHGmoA-R1Ty3D6yHxQ9aW9Vrk,Gabriel Shlomo,https://play-lh.googleusercontent.com/a-/AOh14Gh5wulZTxd7ZA_2ILaYsMCjTZ4hruSHiM8JT4KLFg,Didn't work and bad interface makes for a overall not good playing experience 😕,5,0,,2020-09-17 14:05:20,,
gp:AOqpTOFb-wkNLfd4Nj3fDQmWi-3nY-V0fAsHHWwPCV4ZxtkAjO72mzJc9_D7N-wC2xKOazVaEz72zZRAfgUB76w,Kaleb Mitchell,https://play-lh.googleusercontent.com/--Pd-focnKUg/AAAAAAAAAAI/AAAAAAAAAAA/AMZuucm6JrNmPxk2iG3JYGZPSRrX3ppHBQ/photo.jpg,"I literally only just now downloaded this app and I know from experience it's one of the keepers. Amazing graphics, cheats, fast forward function, no lag, etc. The list really goes on. And it's just a buck. NDS fans GET THIS APP!",5,7,1.0.2,2020-09-14 18:19:50,,
gp:AOqpTOG60bFNtO_PFaN9QLiPxPuD27Nm5z7kZO8Z2oBSYL8opupzaa37z7w1PhWHYdwEsdFKvRHgtlHr3YfO18c,Huy Anh,https://play-lh.googleusercontent.com/-pcpr1IhPs_8/AAAAAAAAAAI/AAAAAAAAAAA/AMZuuclZI4aMqHDEJ6KalqUL_6hbybyCDA/photo.jpg,illegal copy of DraStic,1,7,1.0.2,2020-09-13 17:22:21,,
gp:AOqpTOHFjSwSfBgQIdCaRn-UUl6Hn94Inxekqg-0cGSgGNz3pbBrDod62Kpin6MBXUEhiTWmkh4n1-xsT3qvsvU,Alexander the great Clancy,https://play-lh.googleusercontent.com/-sPRMWjbOnRE/AAAAAAAAAAI/AAAAAAAAAAA/AMZuuckUOYcPKB9UwTnTOgULAMptC8kWGQ/photo.jpg,I do love playing mario on this emu,5,0,1.0.2,2020-09-13 14:58:00,,
gp:AOqpTOGDpPUZUdO7Y-1YYE_Pic6GTJ3HQEked5b6TDH4woUWP7uFm77VH92yVYj7-tIDu9giApOtst9gQYf4pv4,Joseph Deters,https://play-lh.googleusercontent.com/-WnjI20WdXI4/AAAAAAAAAAI/AAAAAAAAAAA/AMZuuclhefu3qfbm9FlUz-G18mAn6AqQbA/photo.jpg,I dont know how but I never bought this but it says I purchased this. I'm happy as hell but I can't wait to try it.,5,0,1.0.2,2020-09-11 21:32:55,,
gp:AOqpTOEjEoeHHddnjRZfQevqUC2BK9JjQCgd1xnwutA2LdTnsi6dhH9sbaxETKiD41pVXdP0q29_tpE1HAgNLbM,Logan Hayes,https://play-lh.googleusercontent.com/a-/AOh14GiGK3Ncqvx7OzTY_boYxDLwIcsavO7tS6cJkovUhg,"The fast forward function works better than any other emulator I've tried. After about 8 hours of use total no crashes, no ads, and no problems. Can't beat the value here.",5,2,1.0.2,2020-09-09 19:29:38,,
gp:AOqpTOEoSRM1h5fLHqn-FRCho4_xB8aeODFBE0zc_FU13vbejpPAx5j_Lh7s10DPeCX4dT3YY6mzIhQgEUxBgKg,Eddie Lopez,https://play-lh.googleusercontent.com/a-/AOh14GivDd-5s8QaLheeV0GLxXqY7PGhsqVQ2oNcebCd,I was weary bc the price sounded too good to be true but it works really well!! I play sonic games on this mofo and I cant wait to experience the catalog the DS has but the only thing I dislike is that sometimes every now and then the load and save states dont work that well but other than that I recommend it for the price,4,7,1.0.2,2020-09-08 23:28:45,,
gp:AOqpTOHyFls6neO0uVIY3KDJW4EMjtZ3fkLKP4sHqqnC_vrn1HZ4NbdH5kFmXs5Sor7Cy3ElpJQQC0ve0NZhqso,Kittens Lovesoup,https://play-lh.googleusercontent.com/a-/AOh14GizZYhiHL0adpLws_9tqhDAuhFkwebQiLFpZwaJ,"Its said ""waiting for download"" 15 min now Edit: Still waiting. 4GB of extra room",1,1,,2020-09-06 20:07:45,,
gp:AOqpTOFLWr8IcTESKVOsNEi3r6gGhdsHGu3BGDrKZWDCulux1Rd3Ntb7ADpU1zy2v5gEqrhQX4VXTOTHVLOPHos,xXhomiespongeXx,https://play-lh.googleusercontent.com/a-/AOh14GjqclA3gNzu2Bmv_5maofmq5l3yf_MvJz4WsK589Q,The sound latency is not good and I can get a better experience on a free emulator.,1,3,,2020-09-06 14:49:14,,
gp:AOqpTOH5Ypb1K53nstbV2KMtNRYNjucPXqsb6SpKFnrJKsRmbpd8ZsWXd3rvWAboA9RnToYB_VsvYBgjEwzv_1M,Derick Philemonof,https://play-lh.googleusercontent.com/-DUIJehqegL4/AAAAAAAAAAI/AAAAAAAAAAA/AMZuucktNmYGKI1FzLKfOtJ8KIlEw5no2w/photo.jpg,Moto g7 just play golden sun dark dawn high visual and audio. Wow.,5,0,1.0.2,2020-09-06 02:13:34,,
gp:AOqpTOHwocYMoTXP5_QHoWXhAezfbP7LC1OpgPEB5KgD5WKxfh52jZxcj6citErN45cl--m_hlMhX8pPIgLsRTo,brende the dev,https://play-lh.googleusercontent.com/a-/AOh14GjhEr8mljpehbAS4FUV_Va1B0q3afrA64M_q-cwWw,This app is awesome! For 1$ you get a ds emulator with lots of settings to get games running just as tou want on your device. Id definitely recommend this. Been using it to play dragon quest at a way higher resolution than it was made for and it feels like I'm playing a Playstation 2 game with all the graphical tweaks I've made! It has great Bluetooth support by the way,5,36,1.0.2,2020-09-02 12:20:17,,
gp:AOqpTOFdkHRWhuHi-ta3JReUyGdy80c-k5uXQmYqj7qQ-6JqJpEsGvYzNvyeg_ztUghnDSq4KMUqZcCv3Oil7nM,TheBest Viners,https://play-lh.googleusercontent.com/a-/AOh14Gi2BmcJwdagGUCH5-Fr3t25vHwvPXVseLquSXWZ,Pretty good one of the only apps that lets you moves the controls and screens. Only problem is that it May crash .but rarely,4,4,1.0.2,2020-08-28 15:25:12,,
gp:AOqpTOFzoxiXwl--fkI9_8IK6MYZW_hdXtybMG5MdfpqQy-FMF-_GhqYKEAGXPVGcke2FjtS3jwiTHqbuvRTamI,Sehun Oh,https://play-lh.googleusercontent.com/a-/AOh14GgWIO_FiiA1K6Uu5gA4ioF1CU8TIqEwC4jGlkT2Qw,Retro DS Games,5,0,1.0.2,2020-08-24 17:46:59,,
gp:AOqpTOGityOv_yGv3sk6Yl_8MbPcY-o0SLfvZ_KOuZ8Cd1tuV_JxP5QGfDsDzMYCm2TOyb0x9GZ3YIdGJEcCOy0,《そこEdgeweaver》,https://play-lh.googleusercontent.com/a-/AOh14GjNrfNP5s4Fuaasog6-RBVIZbb74OUT226eg2KGrA,This Emulator Is worth you money if you know how to use it. It has no ads and is playable offline. It has plenty of settings to make your experience better than the other DS emulators.,4,7,1.0.2,2020-08-16 10:49:59,,
gp:AOqpTOGJ5ZPsADdXYig-8XYUhQMgTrZLZ91g340r9AhZp7Fl862EO-vFoBf8xMKrdLcO09_ac-bcKi6lL9RkKn4,Thatguy Orange,https://play-lh.googleusercontent.com/a-/AOh14GhsJTcnFKrhgNBxKq2yiZvg59lYHaTyZNlpTt5Q,"Only got the app very recently, and I was a tad anxious due to the lack of reviews, but so far the app has been working very well. A lack of ads, a number of preset cheat codes you can easily turn on or off, and a simple/reliable setup for choosing a game (and actually playing it) makes this a worthy buy. All of this for only a dollar too, simply wonderful. Plus, unlike the other emulators, it is actually made for the current version of Android.",5,42,1.0.2,2020-08-11 15:22:01,,
gp:AOqpTOFNpT-q9bMXk-p0zVaR3WukJn09GFwmo24VoXA4N-O0yLBx5Qyyah6OiGqOq-zygb0ZhxcShiwykVMXZEw,Deemzus,https://play-lh.googleusercontent.com/a-/AOh14GhEVEivbK2rpAPpmk_bNcx0EWq78pIFSlTYMIJ-3g,"Very decent , close to drastic level",5,4,,2020-07-19 15:49:00,,
