reviewId,userName,userImage,content,score,thumbsUpCount,reviewCreatedVersion,at,replyContent,repliedAt
gp:AOqpTOGoQuwQG7m77YLzR_SOiSNoQMg3kOIH8Yc-trlW-Q81XbsSeKgVMSazpMZkKtsHAW9dgr8JL-wDZo1pNw,Andrew Larson,https://play-lh.googleusercontent.com/a-/AOh14Gjg9fpgK1hzEiA_IW4Fe-MpkUKESQmMP6UqoE52Xg,"Some flash animations are not working all that well, and with official flash support ended, I'm going to keep my rating the way it is until ruffle is implemented.",2,22,1.84 pro (build 489),2021-01-18 06:38:25,,
gp:AOqpTOFzAnbhtxDGwZ4Hl8K8dVzh6cqptm5Ui6fRuvozBtl8fk14nqjXgbmYC_ekFvm_be3_rI3NWNuHLjiY9g,Scrap Panda,https://play-lh.googleusercontent.com/a-/AOh14Gii9gi0Yf_f5bNnbS8wt1cw75WmkfaQ8ZxubB0E9w,When playing a flash game it just constantly loops like it mashing on a keyboard .,1,0,,2020-11-08 01:35:06,,
gp:AOqpTOHPNHfyWmWoxK6f9Ts4etbZJBEkMfjJT7wwAGSXIFB2QLvlq5y3hb5JTTOVQTvwRmcS5PvHU2R_KMFT3w,AJ Bauer,https://play-lh.googleusercontent.com/a-/AOh14GixPAZ5KIpV9t_TsPA4ifwP_oRoHmhi6Qe8_dXIxw,"Please update for newer phones. I can't even type in it, making the games I use it for unplayable.",1,0,,2020-11-01 02:01:08,,
gp:AOqpTOE5y9l4wEZdg-TciW8ZNE2xulZScTeD0WTrHuHf_6YEAYfC-aNmDiYxA3xI0O9SnSKzYNsaSKtO-n3CLQ,Zenith Hero,https://play-lh.googleusercontent.com/a-/AOh14Ghf0fd2WCKLgyzNkU46PwxxgEOWcs8mQhIRw0YB,"Been using the free one for a while and it's super reliable, So I figured I'd support the dev.",5,0,1.84 pro (build 489),2020-10-15 16:38:33,,
gp:AOqpTOGA-HkXN64mmKoqmILHUoaZgkXdS7sBhaZm1HibVxlX2EW-5VntJX1tdHTzjdL9YGpmAqJmWYMQoBvA8g,Michael Hart,https://play-lh.googleusercontent.com/a-/AOh14GjPC4I5H9jjS0Xlxveh_cp8t6fKrSlDg65L64wQ,Plays most of my old swf files.,4,0,1.84 pro (build 489),2020-09-23 01:43:29,,
gp:AOqpTOHnIKf5AycxMi6lHCrHLYZEF3Bn6yo6-3BOcs-ureAMN8odX_K84TVCmpNd2FmLKpg26uCFmzcP2exFxA,Marlon Jackson,https://play-lh.googleusercontent.com/-3FF_qM_S6cs/AAAAAAAAAAI/AAAAAAAAAAA/AMZuucmS4RfMcLItn_2k0kuqfYTSpVXEAA/photo.jpg,I want refund non functional,2,0,1.84 pro (build 489),2020-09-17 10:04:55,,
gp:AOqpTOGcHZD5Z78CPiWRh7esmo3EjjOQUBUEF_geLsYoaL-lSCyVemnQtnovyGogOE7emgHhP8mElhrN00RoKA,A_BinQutami,https://play-lh.googleusercontent.com/a-/AOh14GhVXuonaoxDie83X9rXMRMHNhzcv0_Q2dPP32OrUw,Just wasted 1 dollar. But will buy again if fixed.,2,0,,2020-09-13 13:46:55,,
gp:AOqpTOEytsyZE3gGNfKhydpZWdKo7nVk9TnIUYG8hb7RTCJryTQMI8IPzTaMP1KagZuMSKVTo4al-15Hvt-_Hw,Red,https://play-lh.googleusercontent.com/a-/AOh14Gjfaot5lsGk6r0iScbx41xUbf1emluAuBVIxTQggQ,"Virtual dpad and keys don't work on my newer phone only on older ones. I will buy it again if it can be fixed, I'll keep checking the free version for a bit.",1,6,1.84 pro (build 489),2020-06-18 15:43:25,,
gp:AOqpTOHrThditpOYaQDQTjajNRsNqe42REOSKHuzTOyrKKBX0gZQybNA0LeL-zzeJUYlIZZ52X63d8CFd4l-vA,Bogdan-Andrei Radu,https://play-lh.googleusercontent.com/a-/AOh14Ghlh_EET3zlQdYvHZtorbYdnAz8RGR4DP3U-SHd,Good job!,5,0,,2020-05-18 18:02:44,,
gp:AOqpTOFcZHM1RS9JuUL0mH4d3hMAhu8z6fPgqr_q5JUJNT7x3ZCU-2Zq7sHVp9zitQwoLU19zSyBeXRbv7PaEw,Dustin Meyer,https://play-lh.googleusercontent.com/a-/AOh14GjQ_6jQr4GL-LD39Zye8PkNLLhjQVBNjM2cWZp9,Didnt work,1,0,,2020-05-16 17:31:10,,
gp:AOqpTOE1j7MJdjIO4uI4f2OF1xIuOfHcaCBHQFJ0Havgvp3NhbhJTcz4zsve2kvlkuE2ylFrwqWPdMxC_aX_Xg,Shareef Taylor,https://play-lh.googleusercontent.com/a-/AOh14Gh4y-jFnK7feQXNCYcmBNYIemfKGQBUzuLE6IoT,I have a problem where most swf games dont play correctly they flip threw all the animations realy fast. Its not suppose to play like that. Please fix this.,3,10,1.84 pro (build 489),2020-04-24 02:37:19,,
gp:AOqpTOHAT1xDr3536_EnTsL8-jrJ-Fx6OvPZ8RBwQ6a0ezBVKKBkVQcLn8uIOGmavVJhRiXB2iXWpmETiy-cIg,Ryan Helmbold,https://play-lh.googleusercontent.com/-sGMNfGnrvpU/AAAAAAAAAAI/AAAAAAAAAAA/AMZuuclAteJ9dt-fmODK84xYDnLyqtwJgg/photo.jpg,"This is the only flash player that can actually play flash games from your phone, but sadly if you want to upload a save to your flash game, it only lets you pick from a list of video, audio, and image files instead of just letting you pick a file to upload.",4,13,,2020-02-07 10:41:59,,
gp:AOqpTOGpzVV6P3NgukqG73KS_MTq7U0HCmbmGsEqbY_HS_3UWqSR3Pv9r3_34A5n5uHuvaDMCEUXSlmHszw_PA,mr. villiger mighty creator vrx,https://play-lh.googleusercontent.com/a-/AOh14Gjoj4NkXwlp5ga50ip6Ae9lZ4VO4fc2jccWQrha,it works but for flashes like kamen rider that i love it keeps glitching and rotating between the title screen then to the belt then back to the title screen over and over again. please fix it for people that love flashes that come from america and from outside america.,5,5,1.84 pro (build 489),2020-01-24 16:07:26,,
gp:AOqpTOGMk5_2OglMLG2sH6vHtHqkDVmcgn532LGrWVQVjGtECSWTTMcfshvEJh36K10KPAuZnf2PbFVVE9kkQw,James Champion,https://play-lh.googleusercontent.com/-4tJxkaXlXXw/AAAAAAAAAAI/AAAAAAAAAAA/AMZuuclMfxs-Zxy5m1wfwfp40vduVxg_5w/photo.jpg,Ineffective for newer phones,1,2,,2020-01-20 17:57:34,,
gp:AOqpTOG9d8Ngn_oMPqxslOYYmwAGeS3ML2jUPPUEX_AmBUWgYSBp9SK8cIrgbPbr8BqyFf_tI6M91RRNY2neRQ,Tim,https://play-lh.googleusercontent.com/a-/AOh14GgZrx0_oIRw8di6Rfyt4w6W12mCvfrNaRkySuh7l2A,I opened one file and it scared the hell outta me. Keep headphone volume on low just incase the file doesn't open right.,1,5,1.84 pro (build 489),2019-12-05 06:23:36,,
gp:AOqpTOEMm5y06y7AjvnRZwVtxntUBePc0mLod62YtGvLCGxGkcAjstl4EVUas9YwnscO75aovG8WWxm6-q6Eqw,smash tastic,https://play-lh.googleusercontent.com/-RmcKYPc1mPM/AAAAAAAAAAI/AAAAAAAAAAA/AMZuucl5XyNmi3h6wT_4HU5Y1riY3J4r6g/photo.jpg,"Won't play swf files, which is all I wanted it for. No different from the free version. The only reason it got one star is because I can't leave zero.",1,3,1.84 pro (build 489),2019-08-18 18:59:45,,
gp:AOqpTOGCIqclsi8Mc9Yz8y8VFrzngHEClTZR8DEPaRkrUIzexvij_j3Hutjx3XExeXvEkvL_Sx4bVVp_pLiU6A,mev notgoingto,https://play-lh.googleusercontent.com/a-/AOh14Gjrxdl-6ONPtBLLGOJw5SpxIVQN10vwjSfWmuoKRbs,"It runs some SWFs well, especially games, but there are some things, like slideshows, that seem to just play through every slide as fast as possible, whether or not it was supposed to go on to the next automatically, as well as a lot just not working at all.",2,31,1.84 pro (build 489),2019-08-17 22:29:38,,
gp:AOqpTOEQA_io2cM8YnfpOl6McOTgzkzy4GHm9Wg0N4R2zzJ5pOm9JdRTABYNe5ZEo9MSiKdYbmf1s0iZbqwWDg,Fear Naught,https://play-lh.googleusercontent.com/a-/AOh14GikDVqX8YyqSM8egATc-5huOrM8u_nO401HBqMjBA,Another waste of time except you pay for it. These apps and devs should be banned,1,1,,2019-06-23 01:45:23,,
gp:AOqpTOFstFqiI396zAmz4mHJtSTcVUCmfaW96BIgLp9ecsGfLLCsWyt-4mjvhNer2UqsE_CV6aG66u00Jd9XBw,Plus Live,https://play-lh.googleusercontent.com/a-/AOh14Gg6rN9oqsmZCTJF_yy55NsRX1JdYt2edoKpn3HOTA,no better than the free version,1,1,1.84 pro (build 489),2019-06-21 19:49:50,,
gp:AOqpTOFePVuL0mDZJ5-SUQ_pgrGAUy_aeITUeJjtYwWHv7x3Y3bkflhKKP462mbSl230Y0QghZlbHOCxTuDpSQ,A Google user,https://play-lh.googleusercontent.com/EGemoI2NTXmTsBVtJqk8jxF9rh8ApRWfsIMQSt2uE4OcpQqbFu7f7NbTK05lx80nuSijCz7sc3a277R67g,most games run way too fast!! unplayable!,1,6,1.84 pro (build 489),2019-03-25 14:22:02,,
gp:AOqpTOGY3IJkvKIXHycSIzFFfwCIgEFdKL38-PqXUo46EfSYHa90SbtzondDbm3D2wXbD7BE2kynewiMPtogjA,Ethan Silica,https://play-lh.googleusercontent.com/a-/AOh14Ggf6OVWFMEn5X5z0mqqheEupwQUavwNYeJ9dqpiRg,"One star because the crashes that have plagued this for years have still not been fixed and there still is not a force play button. Still needs a lot of work. Crashes a ton. Needs a manual play button, like how you can select play on PC by right clicking, because some swf files get stuck at loading even though the file's all there. I see that others have this issue.",1,29,1.84 pro (build 489),2019-01-26 00:58:31,,
gp:AOqpTOE81zTfjxHHzPhYgGGy3mMKcgc-Tv8eOPrZ6eoBJcwTXy936ouoBrokoROFLUbCWjTS_ePmhrTPUhcjPQ,GoodGuyChase,https://play-lh.googleusercontent.com/a-/AOh14Gg6F6AOHaUv-psRA2NXzz220CqnseKWAeTh5LPutX4,adobe AIR support still broken,2,3,1.84 pro (build 489),2019-01-25 06:20:42,,
gp:AOqpTOHEElZaqFOgLwobv1jAW7g2X_C2GLCYnrkdq8KqiW0hXajTuUO36wC6KhVbbfQbjO2KYu9PizE7HzppAw,Some Man,https://play-lh.googleusercontent.com/a-/AOh14GjBRmnDqW4rPzeMaEG9UJgAs3ZX_ojQ1vKrK2c4Pg,doesnt even work correctly,1,6,1.84 pro (build 489),2019-01-22 23:11:25,,
gp:AOqpTOGYlHoBTrwcK_ZkBfReGxlNcKF_qcSrAow0C3-79AvdRZK1MsIR2mLjw3aJgOtxsFvBBV9vBLmRuexzvw,Michał Jurek,https://play-lh.googleusercontent.com/a-/AOh14GhHQpLDShzciCVwBfxDevdWZwVnq0yNqeBIgOYConU,"Not all SWF files work and the UI is bad, but it's still better than other SWF players on the Play Store, which usually don't work at all.",4,7,1.81 pro (build 484),2018-12-15 11:13:19,,
gp:AOqpTOFNpfks0oo9KP8TEszvM9V4YWxwWb8O61IneZ8e-C97iIhdFhQYbmu9Ac6iJMgRxbuSKrsU56sM0yespg,Derick,https://play-lh.googleusercontent.com/-FwL396qj-7U/AAAAAAAAAAI/AAAAAAAAAGI/AMZuuclWndabp4MGWbL7iCokl8w8YM53Kg/photo.jpg,Black screens upon opening local swf files -Galaxy Note 9 Refunding immediately.,1,4,1.81 pro (build 484),2018-12-12 09:04:34,,
gp:AOqpTOFEdtIqhQ5UpaFOn52cAk-3qdyPLOkssE8A8oY62AEk6alnB32Ja-C9KfFru4rg_hnC_wOu2EQv6H31HA,Chris Walker,https://play-lh.googleusercontent.com/-Noaaus3UPkM/AAAAAAAAAAI/AAAAAAAAAAA/AMZuucn8N-WxuRjwWP3Nos9y0oQyx85yNg/photo.jpg,Won't open swf files,1,2,1.72 pro (build 477),2018-10-23 17:43:19,,
gp:AOqpTOGc8_GBDHdY9734ZefhkWjR_q313jUSWy-ERenzn8xfqZmwkVMzItujRdMVBNmVz03pJHmbN70qgITSDQ,Basudev Behera,https://play-lh.googleusercontent.com/a-/AOh14GjBSPDDP-96VRkkvLWlfovyM7OTK8eMnyekRvFltw,The worst app I never ever seen please do not install this app,1,1,1.72 pro (build 477),2018-08-20 05:27:47,,
gp:AOqpTOGdpwGNjZsPPj6lgexa0Emr0S0vsRrTUN8CZevd0V843A0N5ovdV0BtL5KxQtbVXqGYl7N9R2qj5MnTSQ,Delimark W,https://play-lh.googleusercontent.com/a-/AOh14Gj7Bxx_2KwdglfxiZJUjtm8hjXrX53Htbqgx8m9BA,"No working. I paid for it but it's still saying ""no licence..."". That 
probly should be fixed. EDIT: it plays now...well you can only look at 
pictures and gifs though.",2,16,1.72 pro (build 477),2018-07-10 17:55:51,,
gp:AOqpTOEGIc9k_T9k-3rIt3sUF1tGGLIH9P1UnoZDvQC2thP5wEHRGY0kga6OP_Tz28rJJ7cgVgCk8Rthe7mU1Q,MisterMario Blaze,https://play-lh.googleusercontent.com/a-/AOh14GjsJ7cgXvKvAjZQOHx_Gr2GDUSGW_HJ1HMARjLgMA,"It keeps pressing buttons automatically, making it so I can't see any animations!",3,1,1.72 pro (build 477),2018-03-01 17:31:07,,
gp:AOqpTOFIpjKnbdappJMUPv6va7NkA_5tL1cCB-LwT36VyOUzikNTEnpuGDwLhcVUsiO9YGlhuc5hw4R52NjRJw,TOXIC_ V3NOM111,https://play-lh.googleusercontent.com/a-/AOh14Gh0Hd2ooQsse8B3GoafJvYO89jwHlyhyBifzlmnFA,The flashes just keep playing over and over again,1,3,1.72 pro (build 477),2017-12-04 22:12:34,,
gp:AOqpTOHwoilsa8k9MmYwSAQV1KW-zCXxQ6zdQpUVBKMMGiN5VUiIaxELn02-qfZehKj5qaw5c6Xo0zAhLvi8zw,MIRZA SHAABAN,https://play-lh.googleusercontent.com/a-/AOh14GiA3NDRjPmQwIcpRM3DTv_ACJ4UCw9I1RosLUR2biA,Can't play and its repeated again and again  I can't press START button  Plzz fix it ⛏️,1,0,1.72 pro (build 477),2017-09-21 15:44:11,,
gp:AOqpTOFUFtYpzLnQg5L9Pzq5V2UeRiOLXF3kP_Q41X667QoKfPnUVqbrMpzL8_RJwMhH4-giEm8LzooKaFUOOw,Ryan Loa,https://play-lh.googleusercontent.com/a-/AOh14GjuKYEhwZqCrqEFWZlQIwqilwHs0AVHXViIVd8IWQ,No support for SWF in Android M...,3,3,1.70 pro (build 474),2017-05-13 06:32:53,,
gp:AOqpTOHg1Y4haS6f30VCYkWeeGR4zNNFh6DWNqsfIpeQTFuC9MfYqZ7vsEzurWRnDln6_NBJHAy6WlhM8lEezA,Jay Bazely,https://play-lh.googleusercontent.com/a-/AOh14Gim3dTDmVs0iNkIRNk8I1Dm-tm7bYnqmqumawBJuA,"Actually works now, just needs a play button like when you use the right click on a PC to force play, thanks.",1,17,1.72 pro (build 477),2017-02-18 16:17:54,,
gp:AOqpTOEje3LtpK2pYi29WOoX91M1AnyMeU39ukH2piIOPOEIY5AzNo1X1k25HvV_iW6XdR7_rjxZLdaScprhZg,Blood Vixen,https://play-lh.googleusercontent.com/a-/AOh14GikQJmfu2ZqmP5O-BLoxUHlHgPDIE757aTmbx5v,"Recently upgraded my phone. I'm starting to regret that decision. Great software, but it needs more support for newer devices that are still on jelly bean. My Galaxy Note 3, on 4.3 jelly bean would be a great start. App crashes upon, or immediately after loading flash files. Please fix if possible.",3,7,1.71 pro (build 476),2017-01-19 18:50:00,,
gp:AOqpTOFIvVY6Og7ySOHRmiqS_OvKNmCddd7G99lCyAKkpYI0d78epXPdfg717gw6Si4qQn5Faw2UKW4Q8bmeww,Jurgis Tamulis,https://play-lh.googleusercontent.com/a-/AOh14Gi76fcASRA2USVSTiJZEtFcIY8oRuBrqhHgJmegkA,I bought this and it's awesome,5,0,1.69 Pro (build 459),2016-11-04 16:28:19,,
gp:AOqpTOEh2s17tLZvlNmhV6bdBz2jrm-Km6Lq39jGJY8SoMLsewNvqJsIg1VESdak8wrPZy9mwnK67mR7gA8HCA,Jason B,https://play-lh.googleusercontent.com/-nEedTdio0cM/AAAAAAAAAAI/AAAAAAAAAAA/AMZuuckwi85xHsVE3Z5RDcKlpdx2J948Pw/photo.jpg,"I bought the app and when I attempt to use it, it tells me that it's unlicensed and sends me back to the app page.",1,0,1.69 Pro (build 459),2016-08-29 00:00:08,,
gp:AOqpTOGY19n9UCMxit4Xy2OG2F_TWJz13m2C1dopRsXkUVC1TB8JV5r6Zcwkh6R3WphW7cQyY0GVfLqXjx6l2Q,Jordan The Awesome One,https://play-lh.googleusercontent.com/a-/AOh14GiElQ6JhfD_MR6hnwAiPMXqC2DX7Nh3RsA-zNO4dQ,I have a license and it's telling me I don't nice,3,0,1.69 Pro (build 459),2016-08-22 19:23:55,,
gp:AOqpTOHrQp4EtxaE1ykkyBw5Uy3l2r1cijoZ2H7nYjNtWpAnVl9nHs-k7W2Vg0hCVaKX6iYvWNOI2m3tR7F2RQ,Tim M,https://play-lh.googleusercontent.com/-mjiCFqReDlM/AAAAAAAAAAI/AAAAAAAAeL8/AMZuucmmmVN7Xpt_79ewvwK14UypMZcYAg/photo.jpg,Had to issue a refund because the app keeps forcing close. Lame. Stay away from this app.,1,0,,2016-07-04 12:29:58,,
gp:AOqpTOH1pzg_rrzaCphBJXiyEdRnLizSTpa3nksw85xX-1f2eUSYjM0cgTTA9UOCTkn3ifgXYrMBvWAy6lr1DQ,silver ferro,https://play-lh.googleusercontent.com/a-/AOh14GgmY2iNL2BWJH4QHwa7MpBvNOQJf35rHA0zDwCQdA,any big files with a lot of pictures and graphics keep jumping on top of each other it is annoying pleas fix,2,0,1.69 Pro (build 459),2016-05-08 10:57:58,,
gp:AOqpTOH3c4kPvyI6rFJg1JFIe41YJ0I6JsSBgG9gLXorZcU0PC357SlZrBU2nasUJLvcNwvO0BuDzgwtKRUKQQ,Root Boltwood,https://play-lh.googleusercontent.com/a-/AOh14Ggh4wunaEefthSGgLFNbjAFHoV3Lty-l_N3_twV9Q,Does this even support later OS versions yet? It just crashes whenever I try to start a game up.,2,0,1.69 Pro (build 459),2016-02-15 06:48:30,,
gp:AOqpTOHWaG6V5LQAJ7vDwbGAE7cNgqNeSTRjL-oyAGzqPauWFYqLT6ubksfdASlDe1zDt339hhJrtRA6ajpgNg,Muhammad Farhan Omar,https://play-lh.googleusercontent.com/a-/AOh14GjQuGDPvtTl1gSXgPqcOkE-j1gkrwtF8cUCaCQp,"The files that i played usable when I ran it on my laptop, but when i try to run it here, it superimposes the images on one another and keep playing while Im just watching. Please fix this. Although it's just $1 usd, it is still money. Please make it worth spending my money on it. Thanks",1,5,1.69 Pro (build 459),2015-10-16 12:17:37,,
gp:AOqpTOEjcOSzdO2otWIpa8HFwpBKm7RSSOhwyEt1Pay4Hhv_naxD30ig4nwxN6dWV9Ax89MnrU8ucx_0KefTag,Deon Wong,https://play-lh.googleusercontent.com/-OL-AesfKu_Q/AAAAAAAAAAI/AAAAAAAAAAA/AMZuuckVsyb60yttq7zn8wVu3cMxS8l32g/photo.jpg,Not so good for this app always error in android 4.4 Asus zenfone 5,2,1,1.69 Pro (build 459),2015-09-04 11:59:16,,
gp:AOqpTOEYK1fkyCcnP3gc7_GADhzSovV87bHFEVikODzNiQFpMV8FwtVNeNVWe1W5iHO9VAloBY3QKB4-CLkgdA,Ron Popp,https://play-lh.googleusercontent.com/a-/AOh14GgYrLd36_AakISHW8PM435BvOJKfK-OKmiYmB3BoQ,"Unless they have to be put in on the authoring level (Flash itself), the play and stop functions do absolutely nothing... Also, a flash clip will play through and repeat, regardless of whatever Javascript/Flash action you have written in... Zoom features and everything else works fine...",3,8,1.69 Pro (build 459),2015-07-19 10:37:10,,
gp:AOqpTOGyYsdiSyDHsIv8w9Yu1K4kHmzdSBTatOJAWDFeL4R8eUKwvnfAdTSedseWtxu8TmSShTfqBDPzd8sQFw,Jose Luis,https://play-lh.googleusercontent.com/a-/AOh14Gi7owcALOgh3uhujRYGz_kZRaBV98qiV026mlAN,Play and Stop buttons show up gray colored and not respond. FIX THIS!!!,1,6,1.69 Pro (build 459),2015-06-21 17:28:44,,
gp:AOqpTOHKjWpU9OodD8YdU-dVOcV3SzKRGIB1NlFFivLvddCZ3q-IsNd8wme1Kn0HNqZE9RpNagXA4pEy8GtLqg,Terence Bailey,https://play-lh.googleusercontent.com/a-/AOh14GjSo3EPi_xOVj2Dr-yaqJLFsZKn4LzJGJfR1_jMhQ,flashes are playing as an as2 ( actionscript2),2,5,1.69 Pro (build 459),2015-05-20 11:03:01,,
gp:AOqpTOHzHu55L7TxhU0jP4v0EqESciq-JM7vMEYWPWopUMaY4rAAKDiLys6C_38KYT7Hf3flM4PFf0KsVVHWhw,Derpy Derp,https://play-lh.googleusercontent.com/a-/AOh14GhWSnG1IAsucQ7C4WEPcbqFTUWFYAyd1vK8ZORGhQ,"Crashed every time I went to view an swf file with it. Doesn't work on the galaxy s5. You would think it would deliver what it advertises. Rated a 1 star, if fixed will rate a 5.",1,1,1.69 Pro (build 459),2015-05-08 22:41:55,,
gp:AOqpTOExqqs5qpRiaTqFkK8XN0FDO-8iirGh5jzD4-PxcCeoMbF_-bwauBomQZ343OqvrPcYtuuQOOioh6sHGA,Laurentiu Enache,https://play-lh.googleusercontent.com/-etKAz3IhmD8/AAAAAAAAAAI/AAAAAAAAfkY/AMZuuclto_yFtI37Yz-R5nOBwFexpdoaBA/photo.jpg,Please make it work with stock rom for GS4. I believe it's program's fault as there are plenty web browsers that can play local swf files.,2,4,1.69 Pro (build 459),2015-03-27 15:26:33,,
lg:AOqpTOGajzVZDB5qcmNpn3GIGUzinjCSLp_nGTgi5S9QvrPhIP4R8RHefOb2bOUudXk9v2rqvOMh9ZHNxE_CXA,A Google user,https://play-lh.googleusercontent.com/EGemoI2NTXmTsBVtJqk8jxF9rh8ApRWfsIMQSt2uE4OcpQqbFu7f7NbTK05lx80nuSijCz7sc3a277R67g,swf with actionscript no longer work.,1,4,1.69 Pro (build 459),2015-02-23 23:36:22,,
gp:AOqpTOF2C1RETwx-2Td0o9AaV7Gvmku2KtxlZEOfxTH3ocgz3e7_X65lcM5vpxLZuSITUukfIpbc8aNz1edL4Q,Ikenna Ilouno,https://play-lh.googleusercontent.com/a-/AOh14GifHNpqZRl9EjXlweBPTInxl_mNjzD-YnFhNk_x,Glad I could play swf on my tablet,5,1,1.69 Pro (build 459),2015-01-18 01:50:17,,
gp:AOqpTOECYg0xQy7euvvIvwFUuC3oNhx_ASGJ2XwX__S78ghPMrxtU59-MUZ_CH4JUnbohNDLHuhS00dlVAErNg,Colquhoun MacGregor,https://play-lh.googleusercontent.com/a-/AOh14GimUwMNnwS9O3jcK9bw3JlnKuT2kgKpuGWCrixm-yk,Nearly had a seizure when I opened up an swf file.,1,4,1.69 Pro (build 459),2014-11-11 22:55:48,,
gp:AOqpTOGE2CSXGQ3G6Njx5ILK_hjS_o-3dYW6WUp-bS0LFtqejnup7-8KYRevsCxqdBEXaLBOx5cihVRkp-tqTA,Arthran,https://play-lh.googleusercontent.com/a-/AOh14GjEtms1xZByVbjTAoMcY_EoxV3fbYFPg-pENmzkow,App fails to recognize that flash is installed the latest update. Please fix.,1,6,1.69 Pro (build 459),2014-10-30 00:20:42,,
gp:AOqpTOFhShmEmewg6QffQIoPTTIikfkiKhlBF55lGOXvS0B2YTKozlkCvM9zBUu4DQ3LGQuKhjeGcX7E6Hmy-g,Ben Ryan Bolus,https://play-lh.googleusercontent.com/a-/AOh14GgNgkL3Axi7bd-e-8srr6xsPHMitYtrssVUosKIKg,"Keep Up the good work, Iam able to play my Flash Work. thnx😊",5,3,1.69 Pro (build 459),2014-10-27 20:48:35,,
gp:AOqpTOGhgqEKyfXv9bppHS-77-FR82f4YRuPeYxlV0m9HzY6SmHI9t0JyPKKKRrKMscnxNH_b06X_-z6DpHQdQ,James Robinson,https://play-lh.googleusercontent.com/-ZiOat_2lRrI/AAAAAAAAAAI/AAAAAAAAAFU/AMZuuclPNfC4lqEdHbkk0rXue8LvPCTxmg/photo.jpg,"Bought it, when I load it it says I didn't buy it and to buy it again",1,3,1.69 Pro (build 459),2014-10-05 12:59:15,,
gp:AOqpTOHdkAteEv4LM6d9xji7-C8teTpcBfoPGdDrZkDiF6BkwWMaW0ijlh8w9X_CC9QQAZ8ZYqp20Xv8nG9ABQ,Ascyndaeon Haskaros,https://play-lh.googleusercontent.com/a-/AOh14GjwpdTOKbaqN6fiFtentl5_q5jiZhKS1dl6TlYgmg,"Long before Android 4.4, this was absolutely the best app to play .swf files in! Now, for whatever reason, it simply doesn't work, even if you have the Flash plugin installed. Just got an update the other day...and it seems now the only option it gives now is Adobe Air. Adobe Air flat out doesn't play the .swf correctly if it uses ""2.0"" scripts. Please find a way to fix this. I'd really love to start playing flash files on my phone once more. &lt;:c",1,24,1.69 Pro (build 459),2014-09-25 04:55:25,,
gp:AOqpTOG70eD7_sSBzs2sEpo4ZOilogGpilfFunBRupZohjSlVuW1dfJnmSLSyOtiVt2hXQjhjRfpvPr8D9voFg,A Google user,https://play-lh.googleusercontent.com/EGemoI2NTXmTsBVtJqk8jxF9rh8ApRWfsIMQSt2uE4OcpQqbFu7f7NbTK05lx80nuSijCz7sc3a277R67g,Now it's saying that flash player isn't installed after update but it is I have 11.1 version (last version of Adobe Flash Player on Android) please fix this can be very misleading,4,1,1.68 Pro (build 455),2014-09-23 17:39:20,,
lg:AOqpTOEOnuJvOwJjtQWV4Q-ZAEaECkGCo8X5Or9O-5uQy4tMC3yk20hDwQyFIgyM996I1OzTdqpJcBVz8_qR9w,A Google user,https://play-lh.googleusercontent.com/EGemoI2NTXmTsBVtJqk8jxF9rh8ApRWfsIMQSt2uE4OcpQqbFu7f7NbTK05lx80nuSijCz7sc3a277R67g,Wow! EXCELLENT customer service. Had little issue with not having the proper flash plug in... One email later all good now. TY devs.  App opens fast and seems that it will work.   Thabks again.,5,4,1.67 Pro (build 417),2014-07-08 19:19:13,,
gp:AOqpTOGXTV9-lBWn0LDIplVBAea-2fBH5YGI3mk6XFFEl0toZg6Fc7PnZwkeJTq0TRAtVLKNfZ04qHhSbv4rJw,Regi No-Name,https://play-lh.googleusercontent.com/a-/AOh14GgZGYIs_tcot9wa1PGCuUuSbqSTdazzIu2NPExQRg,"Actually works as of current update, apologies.  Only one complaint and may already have solution I do not know of, does not rotate with auto rotate, leaves my file playing longways facing down, tiny. Will upgrade to four star if query answered, five if problem solved.",3,0,1.67 Pro (build 417),2014-05-07 04:50:03,,
gp:AOqpTOEQtqEiO6GXvTohQq9Q3zOK3yiE24rxzYU4r-uomNxxjZPggcrhzVKxE8lVj0DdhtBN93JAjCxeOGdRBQ,Seth Long-Ear,https://play-lh.googleusercontent.com/a-/AOh14GivWK4YPnXl2Xn1JQ6zVn1IVlSs6Vf-wXfVrplOAg,Reinstall  Adobe Flash to work,1,0,1.67 Pro (build 417),2014-03-31 16:37:47,,
gp:AOqpTOHD6dktK7d8kDng4qxx0yTLojopWaMooWo8rLRTYjo9jMzJldIfMGfydMYCtDix_vW4lXrI9sxnaFA4fQ,Michael Ng,https://play-lh.googleusercontent.com/-6T-s7yAMNeU/AAAAAAAAAAI/AAAAAAAAAAA/AMZuucndw6l8HHvg6V-TZcpy_ykXXekobg/photo.jpg,Nice app it works almost all my flash,5,0,1.67 Pro (build 417),2014-03-27 17:27:44,,
gp:AOqpTOGqoMZiavbeq15O2wuhA4Y3iSqmCPJgGe_aSGGUHSHbD9-bDfaJJAx5m35clLVZPEptRHtWupO_e2x8Pw,Seth Osco,https://play-lh.googleusercontent.com/a-/AOh14GjIvL9zUU2nEIHWSv4UOiltS_aL5VzQtPczY1SK,"Converts to system app successfully (root users only can achieve this). SWF player pro works and as the only swf player to have visible and custom controls give this app a 4 star rating. But there are some setbacks. Issues: Inability to press more then 1 button for example, (a+d, or space+x) hold this app back. Playback is slow, kinda sluggish making some swf games respond late. Need auto frame rate skip. Purchased this app in hope that the developer will improve its performance. Kyocera Hydro 4.0.4(rooted)",4,0,,2014-02-23 17:20:17,,
gp:AOqpTOENvB98gX6NNS6yWXB1MsT6EWTqy_BZs3HIJfs6qAUSicRxc6zllBDbloF-1qTz1-lg6WtQMWmH6u-oUg,Lau Yong Hui,https://play-lh.googleusercontent.com/-dSzTSiYwf7o/AAAAAAAAAAI/AAAAAAAAAAA/AMZuuckn97_1fnKCenM3Eb94nnw8gw0UzA/photo.jpg,I wish it is possible to set a custom default like easy access to created folder,3,1,1.67 Pro (build 417),2014-02-09 21:28:10,,
gp:AOqpTOF1KhmFTAr-hIL8UAJ-eR4aXnqvS0WrJkA5yE7wHniBdhQqagWCus9hHWYEC-g3Gr-b4y23He85avwO5w,Y Martin,https://play-lh.googleusercontent.com/a-/AOh14GhKrxa6Vagq8LdcPX0kmM2AiS2Z-CoFflhnoV2kzw,Love it.,5,1,1.61 Pro (build 311),2014-01-26 01:34:03,,
gp:AOqpTOEw46-qyDnJWiGnCKNdeTeADWsFn8J2q23RRxRLpQLIXa788Pa6PyoBt4Hi0E20Sw4uYb8gpFfi07T9hw,Jason Brooks,https://play-lh.googleusercontent.com/-EhBAME3QAZw/AAAAAAAAAAI/AAAAAAAAAAA/AMZuuclpBUkt6Ic4biRfUIVgxJucgoYVDQ/photo.jpg,This app works great for android 4.2 and prior. Does not work on 4.3 at all. I have contacted the dev and no response at all.,1,3,1.61 Pro (build 311),2013-11-09 05:30:52,,
gp:AOqpTOFeUN2ujllw6As_jlChFSRbtQKPRmvk_5SH5ssvjovA9sB5-04cfY3x_TMzpNFh77EhS449aI3T6LXc1A,Asad Malik,https://play-lh.googleusercontent.com/a-/AOh14Gi8jI0OeOAN48VFfFEe3HSM8cSxBrK6WApcjIti,I like it,5,1,1.61 Pro (build 311),2013-11-03 12:48:15,,
gp:AOqpTOFmna7dyP3t6Ha4T6fhvvRFE-puFsjMH67zzMBo6ANj0ZCT9upbXSUeowRYkPx87lw3UtUsAu41J24xEQ,Gregory Hayball,https://play-lh.googleusercontent.com/-Y-YAwvNa6Gs/AAAAAAAAAAI/AAAAAAAAAAA/AMZuucni3dtCeZeYfDL9WxPf4MeZxMhImw/photo.jpg,Before I updated this would have got 5 stars from me. Because I have had no support from Issess after sending them an email (after PAYING for the Pro version) this gets 1 star because I cannot give no stars.,1,3,1.61 Pro (build 311),2013-08-14 09:49:41,,
gp:AOqpTOF-AOIBaqmCB0Zqdjpkqesnffs3LZITEIZ2oDa0EFzmK5N5HS9lVqZ1F3Yw1cFiIrIJ_gi13L-awfvLDQ,Kevin Canto,https://play-lh.googleusercontent.com/a-/AOh14GidV5AKZc-WBWmQbXbhfkm4xTFeIm8HQJH1i2_-mpY,Great,5,0,1.61 Pro (build 311),2013-06-17 12:22:22,,
gp:AOqpTOHfKle26r88Gl6NaFSHs1s526B01MyOtfdSv44KrV_v93ItSskmWFD-Ubr9MDT5_Bp4ffQLJeTkEEutiw,Eric Frett,https://play-lh.googleusercontent.com/a-/AOh14GigJIJfeON_ZJFIQnoWfQt0YBaZ1gAP1pvp-_C-YHA,The ads weren't annoying author deserves more than a dollar to be honest! Played everyeeeething thrown at it so far! Just need bigger in game menu key option buttons larger that's it!,5,0,,2013-04-02 17:15:42,,
gp:AOqpTOEBicDxNNdYz5-rXVsHHHgzWJD2RBGHUznYORwQe-y2VdXqEHOeXMSoyUYgqgGKgipb3bxFKbG6o4m0Cg,Simeon Okebugwu,https://play-lh.googleusercontent.com/-84RSWfVLvTs/AAAAAAAAAAI/AAAAAAAAAAA/AMZuucnD8RsJdrrUaRa3f8ZgvU6LjLPFAA/photo.jpg,it's good,5,2,1.61 Pro (build 311),2013-03-27 10:22:37,,
gp:AOqpTOEunOkjGt1MlCeB4_ZS_JttlwZ8sk8UfDlR7UNsvi-5GM7rmYrCEYwOVniNO7x_zU91FWTNtPkZH7XKwQ,Jerry R Cole,https://play-lh.googleusercontent.com/a-/AOh14Ggzlks1veYxg9RnSC17SXzG-bgMw-jSimSQZcahIw,The Android update to ICS prevented me from displaying flash content in web browsers. This app fixes that problem and is very light weight.,5,1,1.61 Pro (build 311),2013-03-17 06:15:57,,
gp:AOqpTOHkkMBvppGsh8WmwGTSz058b9VouwY0ML7CNtGmAp2P1IpQ_Kngyf7ZRMeg8J2op4y3C6NiFLVMVktONA,Connor & Colton Welly,https://play-lh.googleusercontent.com/a-/AOh14GgVDFINeoC5U8ZJoCj5aFHUXMHPSttbqqaWuTR5ow,"Everything works wonderfully except the zoom when playing flash games. Please fix the the zoom in and all will be perfect! Using Nexus 7, btw.",4,1,1.61 Pro (build 311),2013-02-19 07:06:54,,
gp:AOqpTOFcuBQI_Sr06yraFw90B3EcIWWGGqqxNkOmW-MmWna6yRySmCrkABJkWQINLijiGnTvJiJZq68bJMDkeQ,Mike Tate,https://play-lh.googleusercontent.com/-JT2kPRZi6yU/AAAAAAAAAAI/AAAAAAAAAAA/AMZuuckdqID5YhInirg-7klZLI4MzgupQw/photo.jpg,Good app,4,0,1.61 Pro (build 311),2013-02-08 22:35:41,,
lg:AOqpTOGH6ClgTRQD2oAcidAMeTcaZcC72ZnIvgJbE1PYB1VmxyH4zEzMm1w_LAOkdX0v3tCWYsaCIFhmZeplxA,A Google user,https://play-lh.googleusercontent.com/EGemoI2NTXmTsBVtJqk8jxF9rh8ApRWfsIMQSt2uE4OcpQqbFu7f7NbTK05lx80nuSijCz7sc3a277R67g,"When I play my swf games, there is a problem that arises every now and then.  The tap to select on the screen is no longer accurate and slightly higher than where you normally click.  Please fix.",5,3,1.61 Pro (build 311),2013-02-01 21:22:39,,
gp:AOqpTOEi4ST47x6M3Ukheop1DZLOoVf7XQFT52sTIbScm-LLRE00i2OzIUS-6n4zHu9HlKPZnhiaDWV31hnZUw,Geoff Mills,https://play-lh.googleusercontent.com/a-/AOh14GgEOT61zoSyUHHL9m1ti6xgZzfjB2XP0GQgE8vb,Paid for. Downloaded. Installed. Never worked at all. Not happy.,1,4,1.61 Pro (build 311),2013-01-23 06:24:25,,
gp:AOqpTOEEhpSg1rXoDvzilAOlBlHoPWLiS3QXLqNmGZLXwo0EvIevfrnUTla-2t3VVMBh9BIfMZ2iMMFLiP-rww,A Google user,https://play-lh.googleusercontent.com/EGemoI2NTXmTsBVtJqk8jxF9rh8ApRWfsIMQSt2uE4OcpQqbFu7f7NbTK05lx80nuSijCz7sc3a277R67g,Works perfectly.,5,1,1.60 Pro (build 306),2012-12-12 10:02:16,,
lg:AOqpTOHtrFv94VhhbNx6rQW5Z-RIuLqq5IniNki5sRluVgK-aB-r5ktOqv8zVUjQ1Ihf9bf2TGwZ_TjcAd4e9Q,A Google user,https://play-lh.googleusercontent.com/EGemoI2NTXmTsBVtJqk8jxF9rh8ApRWfsIMQSt2uE4OcpQqbFu7f7NbTK05lx80nuSijCz7sc3a277R67g,Expedia ion works great does what it says,5,0,,2012-11-16 07:24:37,,
lg:AOqpTOFDHQrStmidn8khWlaiVy9ZN9FbQdnpxW2kd0m0bMrczNvw3bdWRQUUx_HdziLfQPmhivQppJjNlGrzAQ,A Google user,https://play-lh.googleusercontent.com/EGemoI2NTXmTsBVtJqk8jxF9rh8ApRWfsIMQSt2uE4OcpQqbFu7f7NbTK05lx80nuSijCz7sc3a277R67g,Deserve my exellent award,5,3,,2012-11-15 09:48:15,,
lg:AOqpTOGPGeyYKUve7leYjToVhhb1wtUWm-Yqiew4s0jETeBBGdC-960wR3tdU_nJT1mmlGuX8imL2NJg2F0Oew,A Google user,https://play-lh.googleusercontent.com/EGemoI2NTXmTsBVtJqk8jxF9rh8ApRWfsIMQSt2uE4OcpQqbFu7f7NbTK05lx80nuSijCz7sc3a277R67g,Cool works great on my SGS3. Thank you,5,1,1.59-2 Pro (build 299),2012-10-20 16:27:48,,
lg:AOqpTOEMwte1f31SHTYemxBUJ3g1T6_aN5N20-sg-dbz6xC5zWBFpOcPEeqkOHMW362q207BVmq1xgvqr-FoCA,A Google user,https://play-lh.googleusercontent.com/EGemoI2NTXmTsBVtJqk8jxF9rh8ApRWfsIMQSt2uE4OcpQqbFu7f7NbTK05lx80nuSijCz7sc3a277R67g,"Yes, it can play multi-file games, such as Amanita.",5,0,1.59-2 Pro (build 299),2012-09-28 12:46:25,,
lg:AOqpTOFeMlaJ5fUuGseSxX9bETd2fKW3ZqReNKMcmLEbd7iIijOK-90UmgqzEgOcSRvt_P_T6PuWiQTicuL5BA,A Google user,https://play-lh.googleusercontent.com/EGemoI2NTXmTsBVtJqk8jxF9rh8ApRWfsIMQSt2uE4OcpQqbFu7f7NbTK05lx80nuSijCz7sc3a277R67g,There are still a few of my flash files it doesn't play.  But this app does play most unlike the others.  5 stars for not sucking as hard as the rest.,5,0,1.59-2 Pro (build 299),2012-09-26 23:46:59,,
lg:AOqpTOG9qRl9TbcOYaonGqdukUF09d96t7KRKsSc-iouAZx85igz-R5BXja-QGW_OZ024bKIJpmfrzoP3AT-fw,A Google user,https://play-lh.googleusercontent.com/EGemoI2NTXmTsBVtJqk8jxF9rh8ApRWfsIMQSt2uE4OcpQqbFu7f7NbTK05lx80nuSijCz7sc3a277R67g,It does exactly what I need!!!,5,0,1.59-2 Pro (build 299),2012-08-25 08:33:37,,
lg:AOqpTOG6FLQa5HOn0ar_7RS8jBETR89JbB8frM5Of0CVxzL0LrcfWILCSP9TMSu3QmMqD7aU95vh9mdw46wBtA,A Google user,https://play-lh.googleusercontent.com/EGemoI2NTXmTsBVtJqk8jxF9rh8ApRWfsIMQSt2uE4OcpQqbFu7f7NbTK05lx80nuSijCz7sc3a277R67g,It works very well.,5,0,,2012-08-20 20:37:37,,
lg:AOqpTOHEYwW-_b_HxgeZlTirsVkzjTYZCo4d-REepTDJT51gZIIQMYmURTKTY3xN9_S4Lc9CZNSx_p-fgcx49A,A Google user,https://play-lh.googleusercontent.com/EGemoI2NTXmTsBVtJqk8jxF9rh8ApRWfsIMQSt2uE4OcpQqbFu7f7NbTK05lx80nuSijCz7sc3a277R67g,"Love the keys and the way you can change them, Thank",5,1,1.59-2 Pro (build 299),2012-08-17 17:25:40,,
lg:AOqpTOH0AcdaZdk7fRhPx0u4Wt8qRA7d6gKYFzyx6YFx7otu6kfAGjGTcIxdp7FCXVP7V6tj0Eiqy-Hn7D7Q0A,A Google user,https://play-lh.googleusercontent.com/EGemoI2NTXmTsBVtJqk8jxF9rh8ApRWfsIMQSt2uE4OcpQqbFu7f7NbTK05lx80nuSijCz7sc3a277R67g,Works well so far,5,2,1.59-2 Pro (build 299),2012-08-05 11:08:31,,
lg:AOqpTOGUYjnqu3C3OKAlzJj2J96_cbxK_bEa-_lqqZO8L4vf9_Ysr6wjPcHxJ7Tdp5zpHCysOZoKtzuWe_2_EQ,A Google user,https://play-lh.googleusercontent.com/EGemoI2NTXmTsBVtJqk8jxF9rh8ApRWfsIMQSt2uE4OcpQqbFu7f7NbTK05lx80nuSijCz7sc3a277R67g,Best I have found so far. Even plays larger flash games beautifully. Definitely worth the buy! I only wish it could assist in resource management on larger files.,4,1,1.59-2 Pro (build 299),2012-07-21 04:23:34,,
lg:AOqpTOGF04SDUGNguxv5sab-JPuNvZgLlN1yITMt4ufcw72omVtiIW4OfLzPmMN4s62VwXmFe_OTvTiDicxN6w,A Google user,https://play-lh.googleusercontent.com/EGemoI2NTXmTsBVtJqk8jxF9rh8ApRWfsIMQSt2uE4OcpQqbFu7f7NbTK05lx80nuSijCz7sc3a277R67g,My goal is the ability to execute any file on my phone that I can on my Windows desktop PC. The three SWF test files I had all played flawlessly!,5,1,1.59-2 Pro (build 299),2012-05-28 20:25:16,,
lg:AOqpTOHPK9qNT8ZJI_wO74lERXkNyLnkZ8rolgCug1EgOS6Uz-ouv8GiUa8izTdLzTnJ6pK4pj86sGua1Z7new,A Google user,https://play-lh.googleusercontent.com/EGemoI2NTXmTsBVtJqk8jxF9rh8ApRWfsIMQSt2uE4OcpQqbFu7f7NbTK05lx80nuSijCz7sc3a277R67g,"Been using this for a while, just hope compatibility will keep getting an upgrade.",5,0,1.59-2 Pro (build 299),2012-05-25 04:15:07,,
lg:AOqpTOH7Vdx4Hg0wnCxfDeFNVPEedkMzmyOWfFZ-ZzXIpwzPSfkNmMAtbFY1Ug7QYCHE3MQOf8TZEBPWIWWxQQ,A Google user,https://play-lh.googleusercontent.com/EGemoI2NTXmTsBVtJqk8jxF9rh8ApRWfsIMQSt2uE4OcpQqbFu7f7NbTK05lx80nuSijCz7sc3a277R67g,Good app,5,0,1.59-2 Pro (build 299),2012-05-15 09:34:21,,
lg:AOqpTOEG6woU7cjNMq9eIzN2_rUfgVPUZzRcZeLMgwI0kQiNKJ411Le6Ovs9G9DiUypx8GFWMcvg08YkvadA4w,A Google user,https://play-lh.googleusercontent.com/EGemoI2NTXmTsBVtJqk8jxF9rh8ApRWfsIMQSt2uE4OcpQqbFu7f7NbTK05lx80nuSijCz7sc3a277R67g,"People who can't get flash player 11, this will have to do ...",5,0,v1.57 Pro (build 270),2012-04-20 15:29:59,,
lg:AOqpTOFJK_pn0WgBjrGYJMRUbLb55Qcw2uTqdAMcWVgvGGUVAKJ5bUoixntVqCrLwklGpz42xSFqSNuO07yL5Q,A Google user,https://play-lh.googleusercontent.com/EGemoI2NTXmTsBVtJqk8jxF9rh8ApRWfsIMQSt2uE4OcpQqbFu7f7NbTK05lx80nuSijCz7sc3a277R67g,Great app that lets me play all my flash games on my phone.,5,0,v1.57 Pro (build 270),2012-03-28 17:23:13,,
lg:AOqpTOGfjFOHJZ7U8ciCpHf4GM90wNSnLLya8-xOAbDtB2vVlpadFWjZwJRxz-chBb2GVxdWc1BgT1HGlxoSzQ,A Google user,https://play-lh.googleusercontent.com/EGemoI2NTXmTsBVtJqk8jxF9rh8ApRWfsIMQSt2uE4OcpQqbFu7f7NbTK05lx80nuSijCz7sc3a277R67g,Works well on my 360 panoramas. Pano2VR swf files,5,0,v1.57 Pro (build 270),2012-03-23 11:15:21,,
lg:AOqpTOF7yGC-zktO1kcInXJv5qqH7K7gBjYeQcUgUPhZmQa4qMUsZYHUYqjtyb3YldSAAdREMft4HeCF998eSw,A Google user,https://play-lh.googleusercontent.com/EGemoI2NTXmTsBVtJqk8jxF9rh8ApRWfsIMQSt2uE4OcpQqbFu7f7NbTK05lx80nuSijCz7sc3a277R67g,"Good swf player and good file manager too. Works better on my Galaxy 2 than on my Acer iconia tab, but then nearly everything does.",4,1,v1.57 Pro (build 270),2012-03-06 15:03:05,,
lg:AOqpTOFxl5lSi7ITUuq8qC3a4lpA15wHydm8Hwa61-RUUvfIANx-ZgiD-v1It0TsxFgcs0-Y2oxCOtLX4wp5DA,A Google user,https://play-lh.googleusercontent.com/EGemoI2NTXmTsBVtJqk8jxF9rh8ApRWfsIMQSt2uE4OcpQqbFu7f7NbTK05lx80nuSijCz7sc3a277R67g,"I tried a few flash player, only to have most of them force close when I tried to play the Adobe Flash virtual DVD.  SWF Player worked great, so I wasted no time in purchasing the Pro version.",5,1,v1.57 Pro (build 270),2012-03-03 21:00:46,,
lg:AOqpTOGPsQeh_s_U21njwkUQQQVbIjghgNUV1MxIU7N9SznTl0pjZZzUSN2eg2fphcuCcw-lbFTsBJ8bsZjwYw,A Google user,https://play-lh.googleusercontent.com/EGemoI2NTXmTsBVtJqk8jxF9rh8ApRWfsIMQSt2uE4OcpQqbFu7f7NbTK05lx80nuSijCz7sc3a277R67g,I had some powerpoint presentations with animations that I wanted to be able to play. Converted them to swf files and used this app. Everything works great.  Havw not tried any with audio yet.,5,2,v1.57 Pro (build 270),2012-02-21 13:33:09,,
lg:AOqpTOFRzHntWJ_ADDJjUdem2GaqC1lWumiGdHURUzpLvoj4jQBTs_ebIcQt5ZxznfQXDJxYeIrJSR7sStHv6w,A Google user,https://play-lh.googleusercontent.com/EGemoI2NTXmTsBVtJqk8jxF9rh8ApRWfsIMQSt2uE4OcpQqbFu7f7NbTK05lx80nuSijCz7sc3a277R67g,"Plays well but so far can't get the Play bar to work,  can't browse forward or backwards so i have to watch whole video in one sitting.",4,4,v1.55 Pro (build 257),2011-12-03 19:09:05,,
lg:AOqpTOEdgHZjqIYvGt2GK1-kbbj2kVSmE6RiZfJJ1s9cQ3ddcLr7YmG4ulGmJGCQZ9DwHDfwS_N9FsTuZBBhWw,A Google user,https://play-lh.googleusercontent.com/EGemoI2NTXmTsBVtJqk8jxF9rh8ApRWfsIMQSt2uE4OcpQqbFu7f7NbTK05lx80nuSijCz7sc3a277R67g,"Excellent performance, functionality, & usability. Ability to play local swf files just about completes my Honeycomb's (Asus TF101) ""play any video"" repertoire. I've only just had this app 1 day and used it 5 or 6 times, but the detailed settings and features make this seem a mature product. The user interface is very low tech, almost text based. English is not polished but don't be put off. Make sure you have latest FlashPlayer, & go full-screen via flash's ""tap, long-tap"" function to solve display probs.",5,13,v1.46 Pro (build 218),2011-10-05 14:25:20,,
