reviewId,userName,userImage,content,score,thumbsUpCount,reviewCreatedVersion,at,replyContent,repliedAt
gp:AOqpTOFVxoLKLMPWEh2WPz4MTDGJHjn-nF3UPH2bmMGasXvcjtGTqZYOROp6Kwzl0HIE_NQICD6xcTtDqLl9nl0,Cedric Sims,https://play-lh.googleusercontent.com/-XQhiXQiLM9Q/AAAAAAAAAAI/AAAAAAAAAAA/AMZuucmZHDp3n0tB_IgwdRxbuOFPnvC5jg/photo.jpg,"Yoooooo. You developers should be ashamed of yourselves. You put a great concept on the market and then you totally abandon it. I just worked for hours, even through the crashes, constantly manually saving in order to keep the project going and as soon as I am about done I tap save, and it totally crashes, permanently deleting the entire project completely. I am Soooooo pissed. I have downgraded fro 3 stars to 1. And it was the paid version. PLEASE, C'MON GUYS!!!!",1,6,,2020-12-31 06:50:37,,
gp:AOqpTOEcCcRtnJv87Y5i9qpfzwDecVJYlby6i8xMe6n6ztV9ktdhm5v95vu14XrcJ3UUWOTK6uCYnFETTlZ_A8I,Frank Zen,https://play-lh.googleusercontent.com/a-/AOh14GiPm4tQ8XUtpvqDuBtnVri2XnQsYbBfV9z8l3KhhnY,Lowered my rating from 3 due to error that pops up saying my app is out of date. Please fix so I can update my rating with a proper review.,1,0,,2020-11-22 22:17:02,,
gp:AOqpTOEazPCMZGyAUXcZY02P-9D7JCbxQHD_BYd2Xoqw-g4BvrZhWw1hCdZTF286wz3n9Jk3RxR68lMZoJdd66I,Blake Riley,https://play-lh.googleusercontent.com/a-/AOh14Gin4B6lvV0ir85HHzaKYbNsCP_Y9rrhp-Fqp_B_,This was worth the money. Once I learnt all the features it became so quick to do everything I need. Would really love more than three fonts though.,5,3,4.3.688,2020-10-23 06:02:00,,
gp:AOqpTOGRCQx7VcHfHwQPMQFRLqqoc-FE7v44BiIxC1eZKCMNVgPNv_6pvbRBZ0-2NBk5ink6_60LYmTlS7NcySw,Paul Sykes,https://play-lh.googleusercontent.com/a-/AOh14GiSTIOqaYlxOLztyTWBAl306-r8BROPiHFigDC6,Kinda did what I want then when I exported the photo instead of saving it in galley (or even somewhere logical) it exported it to some goddamn obscure file about 8 levels down and I couldn't find it.. nor could my phone.. nor could I select where I wanted to save it. So I couldn't find the photo I'd edited. Horrible. Refund.,1,4,,2020-10-20 17:27:04,,
gp:AOqpTOH7QEoLk4IAOby4KlgnbE6ExYYU3AxsNB2tEmAB-qP3ZmKaRNpdLZd1LDSBZhAOcb0soQh5ID3iA9H1bt4,Dan Koen,https://play-lh.googleusercontent.com/a-/AOh14GhLmC2iRkh2rC86pTMOapJrSRL5ZPrOgmIZn6pWUg,"Under Mobisystems website you have to type ""Photo"" nothing else to get to PhotoSuites page. It does alot.",5,0,4.3.688,2020-09-27 11:29:12,,
gp:AOqpTOHeUD0baVRIX83lGxTp9ItPgBHLXs9adLrHTz0wL77OBGkXR0QT6oIkH9AXMEmTS3PesliTt5rmwp2T_kU,M W,https://play-lh.googleusercontent.com/a-/AOh14GgBTCIqq0XMW4_N6WrhWVFDfG4Fgi_kRn2WpeuJ_w,Charged twice because I upgraded my phone. Unbelievable,1,1,4.3.688,2020-08-30 18:28:55,,
gp:AOqpTOFpiI_T6xsEVOxXfDBWjvgKNAwTzkhP_uWDBHXB_HiyxQJ6FqB2udftK7ahatQaRSsuT6CPjCOlIYOGQxw,Jason G,https://play-lh.googleusercontent.com/a-/AOh14Gg7yujCs96CnWWDnROOqokQuh5d4wRqKnI-gGpcRw,Is this app not being updated any more? I bought the app and it now says it may not work on my device.,2,1,4.3.688,2020-07-07 12:14:15,,
gp:AOqpTOHCgC7C3vQc06rQi-7893lrgbgr4vCbi6xYPU1wmE2VPkn2Ig61Ew_gNJIDoS346SMmj1WB77OWIItGRQ0,Muh. Reza Maulana,https://play-lh.googleusercontent.com/a-/AOh14GiKZiDtcmZwp3e6wjIYjB5GfZ7-BkTPdoiOqpFNoQ,"Please update the app, I'll give 5 star if you update the app. This app very useful.",3,0,4.3.688,2020-07-01 06:55:12,,
gp:AOqpTOEFIcy5NAo9Hn4_xqI00CI6XMyypYIHb2F-BhOrPHSrLxi9fSu3gQgeyyx7DApGYnP28SVKNSnP_QnAmf0,Harkiran Kaur,https://play-lh.googleusercontent.com/a-/AOh14GimoCPRe2YUPwj-ORgTMRMlQx1-nRcHaRRx4e2x,Please update! Its one of the most featured apps for photo editing but needs to be updated for larger screens like note 10+,4,1,4.3.688,2020-05-16 07:38:16,,
gp:AOqpTOHcrDE2Gnv0S4nMcBMqtYa9wL1nbTLK6_QdJESqN6fIWkd9bShWUFgyJg4zMkBCHJv7wvgnvd7mIti4kAQ,Vickie Wilder,https://play-lh.googleusercontent.com/a-/AOh14Ggiq8S4SrUKp5neD3DeOkIheu7OY-ItFM0t11Lg,"This is a fairly good program except for one thing: The program says I;m offline when mmy comcast is working well. Also, when I have bought software on one device and I install it on another I I lose the pro version. I find it anoying and hope they find a way to stop this from happing sometime in the future.",4,8,4.3.688,2020-05-11 15:23:24,,
gp:AOqpTOHOa8qUer9QLmDBG8cP0fb_0gEpu3hLTRGRrYz_7IrMBTzY8F0BACF0XltWbAD4HOONa38fb952MuNiLu4,Larry Pops Bridges Developers,https://play-lh.googleusercontent.com/a-/AOh14Ggi8WxyOgMlXm1EAUgntJFOEzhlctvEPXd7dqqRCA,I didn't realize that I haven't rated This APP *****+***** They don't even offer it now unless you have purchased and installed it 8-10 years ago,5,1,4.3.688,2020-05-08 01:24:49,,
gp:AOqpTOHa-60F54RfGV-iuu7qjVWkssbX_v16Uh79GiapR3STcgLDuDKUJHAIW7mnWVGpkLaVkUB1tOBL15CCOMw,Alaric de Souza,https://play-lh.googleusercontent.com/a-/AOh14GimEtbZa2yoE_5T4iNINjElNRxMWMDb1YDJQBWc7aE,This one crashes when I use the editing tools,1,0,4.3.688,2020-05-01 23:53:07,,
gp:AOqpTOGZkCfQGiwnIX3xxrWH-b0rVVYJh_WySHZW2Uv53UchrJDXOuRj6YBtoNr_0ml4mMSDaMgaEJHW3nykStk,Armand Duran,https://play-lh.googleusercontent.com/a-/AOh14GjEOXO8pP3GoV5_MeciGqv0KhiHQpDD8nBvw-Oq,Where are the updates for the newest phone models? Smh,2,1,4.3.688,2020-04-11 02:27:57,,
gp:AOqpTOEhSqUrW2yYillA3HKBTPu24e4Sm77e7IGpgkdu7N-q7QFe2Wd08e9JtU8YYh93k4xEKL4tQDseM6-nEFg,Larry H,https://play-lh.googleusercontent.com/a-/AOh14GgFs54B5kXDfBZpwK0AfOS_GyqGo09-e-arlY-tcw,Made itself the default for opening screen shots. This far from acceptable! Trash is uninstalled! The editor with my default camera app is FAR SUPERIOR!,1,0,4.3.688,2020-04-07 17:53:58,,
gp:AOqpTOHSLgCxTKIfTYr-7aQ0ibLvZEIHjePLEqwUS6hnBh5xEByakYaeVjHmSvBa1nO4_MN8XwfMpzh6qsV6Za0,Kamal Joshi,https://play-lh.googleusercontent.com/a-/AOh14GgEb_e2svtr78SU5vyMHgCgmxjgIgiJQ1ZQraR5,"I have purchased this app and installed on Samsung Galaxy Note 10 plus. It is showing message that it may not work properly being old version and suggests for update. While accepting update, it fails to do so. Please solve the issue.",1,13,,2020-03-27 12:19:44,,
gp:AOqpTOE18acHD_ivmyz2u4NPWs_QIqD2ORk7B5NDj4tOo16R9Jg3Hfc1bngdRmYAsYOjXq3qF-sg2DKUnABHq8g,Mufti Nisar Choudhary Qasmi,https://play-lh.googleusercontent.com/a-/AOh14GjJmWnINxWw8-t-rTdeTyT7_2sjNmWbg6wjAt6e7lo,Go to hell. No updates since 5 years.,1,2,4.3.688,2020-03-22 10:46:50,,
gp:AOqpTOG23fr4RuRs8dV1V1HmHPKKAOIrkHQyY9YsFMnetm9hGu5I1C07Sa7cPbTqPNnvxQE6v3uSiunxKKcku_Y,Yin Man,https://play-lh.googleusercontent.com/-zjzeEt7Z_AA/AAAAAAAAAAI/AAAAAAAAAAA/AMZuucmjP0GFas2EqDiCNiS_EW06eEoCsQ/photo.jpg,I can’t found the finished product even using file browser apps.,3,1,4.3.688,2020-02-01 02:41:25,,
gp:AOqpTOFwwy-WeYG82ZUeOj48w3O-Av8iALsTL8VtPZGfzMmH12OwIP2PAnyCujQgNnLc0jmZpJ3OT8ob4hEjuO4,Andras Kovacs,https://play-lh.googleusercontent.com/a-/AOh14GgrZItkliS_v3yZcbaX1sclT6w3NpSBRjUABBQ,"Good but lacks essential features like blur, sharpen etc while drawing",3,1,4.3.688,2019-11-25 00:32:57,,
gp:AOqpTOFylfX5wK5a0L9ghCGqgwGexcn3xucA8B28F9o5-bfSl91V3HRHHD62LOlq6bxDE13Z4lA6HwEDVNBCNyA,Levi Lindley,https://play-lh.googleusercontent.com/-O1sEjkFpQAc/AAAAAAAAAAI/AAAAAAAAAAA/AMZuuclhH_dDfsjXPrV44fB3yUUC7oWglA/photo.jpg,"App features are decent for basic editing, text feature could use some work and you should include more default fonts. being able to work with layers is great, but I have a huge problem. More than half the time I merge layers of flatten an image the app crashes and I lose everything I was working on. Galaxy S9+",2,10,4.3.688,2019-09-22 07:02:32,,
gp:AOqpTOF6rJR-oPsi53tPvC6Y1Ng61VaZD49EFsvOAHCXfOO8E1Ffmv_pn9a4XpIZeS84fq_j_7Mt-FESR0Gp7Y8,Chrissy Gilchrist,https://play-lh.googleusercontent.com/-FbtISO7A36w/AAAAAAAAAAI/AAAAAAAAAAA/AMZuucnEkon668HwXbh0oI1VzUNbijwykg/photo.jpg,"I have tried out a lot of different photo editing apps that didn't need a subscription. The free version of this app was the simplest to use with lots of features. The ads were also non-intrusive, that's why I decided to go pro.",5,4,4.3.688,2019-09-13 15:56:21,,
gp:AOqpTOFEB55Po4ynPTjZJgBE2WSUzXECddV83bg8Mz6-r_DjGsVK0SdqXWWsTjgbYzIeKnHeJsaFZvSeqRscbB4,J Ferruzzi,https://play-lh.googleusercontent.com/a-/AOh14GjwNT-goV8jXOtE6khN_mxIbUFw3LsKAOzKPYbAIQ,Lots of bang for your buck. Takes a little getting used to. No magic select and you lose menu options in landscape view. But manual layer manipulation gives you all the control you wanted plus some fun filters.,4,1,4.3.688,2019-09-02 19:56:11,,
gp:AOqpTOFd3SPPYSXTKg1MHcPapaF6giBdMHDb012YPFftf6mU-6oE3-Cfe0poIze5EzTjfFVs0mikRpVHsMy_ubA,King Fearless,https://play-lh.googleusercontent.com/a-/AOh14Ggu2SydFaeAds9_AkfT8iWk4pXHMnCFd-tK3Zz2PA,Best photo editing app on the play store witch confuses me on why it has been abandoned? please give us an update 🙏👍,3,2,4.3.688,2019-08-25 22:06:29,,
gp:AOqpTOHOAx4n3v0c3CfFkFLVo8WE0ciHyX1bKzNgpqhfwQgMaLueGH2dJfzU5I-UAXuDQ5Mtkov3g3MEES-NwGo,Jonathan Palmer,https://play-lh.googleusercontent.com/a-/AOh14GjnB-RB4fXiq2PKaiGcSJaQdEY-PKeL8nhDNe7z,Really good photo editing app. Use it a lot on the road when out photographing.,5,3,4.3.688,2019-08-23 15:03:03,,
gp:AOqpTOFa4ailQ7PHmwwVsiEFkjgjILGNKGktXto5rYkviCfN-SVifmdO38cJDz1J37SCZaCJiHCPAaaxhpS_0mw,Henry Rik Abeyta,https://play-lh.googleusercontent.com/a-/AOh14GhEOCj0cJvBPe3O8L7a6O_OJbGWogcLXjTdeuqqvOc,"I love this app, but it keeps freezing, help me",4,2,4.3.688,2019-08-09 01:41:25,,
gp:AOqpTOHNPSB9PzQCQIPuLk0uATZubqd5wYuEDNxEwWjvfIyJMtU86U4Lbhsl4TRbsGI3xO1IhN_cvN7pCFz_vWo,krisna harjo,https://play-lh.googleusercontent.com/a-/AOh14GjfpZ3VkjTJ7kXnk5yxwP_5aR5GXldRSd3Pd-_O2w,ok 👌,4,0,4.3.688,2019-06-25 07:13:51,,
gp:AOqpTOHtqnYcpNFCRLScWixl5ewgIyUDPP1_7P6931_6cAxJXsUo7wYMjNEPV2wZOc6ShQIvskk5QtDcr9da_4g,K Mac,https://play-lh.googleusercontent.com/a-/AOh14Gj2d0IqtT5JEGU70NqonU6tXvbSsPpBQyFmQkRMMg,"WOW!!! This app is OLD?! WHO CARES, it works PERFECTLY!! Far better than ANY of the image editing software out there for Android, including Adobe's garbage offerings. The best $3 Ive spent here in quite some time. What a bargain, thanks devs!",5,6,4.3.688,2019-06-04 21:00:53,,
gp:AOqpTOG39IEXBlgn8wh-qKdGJOX1DyAp8jLG71KUlfU4SIThj-CubOSnn_gkVUdVJLQ3s1q1ChgFi55XJsmKolU,AbuDhifaf,https://play-lh.googleusercontent.com/-y3NZy-to588/AAAAAAAAAAI/AAAAAAAAAAA/AMZuuck0bkLJjGLbLUJoIUFes-1E9-CVVA/photo.jpg,Very good Thank you so much....,5,2,,2019-04-05 14:17:26,,
gp:AOqpTOHBOAemNVud7WDCiISu87ln9jlBUVDFmt0q3LilihzdaruaM1hB6T95vvmRFn_rOkEdwIYu8F-PAnUta7E,Dr. Leo Kelso,https://play-lh.googleusercontent.com/a-/AOh14GiwcD1RowrTenl5buz9vM825uHHH0ytnuCTpf30,A++ MARVELOUS!,5,0,4.3.688,2019-03-14 07:14:34,,
gp:AOqpTOGXcJf7eJHO9y62c4rln2YafG-0KfVmd77wfoN6iR1p4MTT68ziF-Bmawdt1JuuXlA5xBdNXq5kx13Delc,高橋有希,https://play-lh.googleusercontent.com/a-/AOh14GibioMEoMq9iv2ENxGgctQuazvTF_UKBjW_AOuv3OE,Still using PS Touch back in 2015. It's 2019 and there are no apps equivalent as that :(,3,1,4.3.688,2019-03-01 14:57:24,,
gp:AOqpTOHFAfW2SzlKQdf4U4WqHLZNU11Eq9WIxHop_vt_lCQtGqCokpUkBLdiVnOQZiM7oG7Q44o8Gfj5D0096IY,Mukesh Kumar,https://play-lh.googleusercontent.com/a-/AOh14Ghzuw5MwDLCkKlemPdyyXBfXCS-kAEfKoVC7uwTuwo,very good experience.,5,2,4.3.688,2019-02-26 06:55:53,,
gp:AOqpTOFLyT1x0GRGjl0ihbKiu_kul3XUCuPAD5xjM59zjO6ma1kRc1A-vtO6mzvs-4ERBixQcbeIw6lP2Pwbu8E,Nezar -,https://play-lh.googleusercontent.com/a-/AOh14Ggp8dwQ3qD-_Tb0xqNEXPFj-TgKvRBLy0c5Hw0sgQ,The app is good but it has so much potential... there is no magic select tool (which in my opinion is a crucial tool). Adding the magic select tool would capture my loyalty for all time and would boost up the rating to 5/5,3,2,4.3.688,2019-01-02 09:35:23,,
gp:AOqpTOEtTnFmuHEAKSYwD7HKkDeBu1hxintWGhdBE_MclRWStI4yTDiR2dRcAoa6MCJB7dLhIMtAofS3LsJhqtc,Sura Dana,https://play-lh.googleusercontent.com/a-/AOh14GggBc2JlotZSkIpcMRZD2zC2Zd1vnUUaqW5AwLJbw,Why in samsung galaxy app available update 4.3.694 but in playstore still 4.3.688,1,1,,2018-12-22 07:31:14,,
gp:AOqpTOEYXt6US5TqjhYbdmfTCvg0UmQbgmymo2ImJuUtOunfvcOvKuhAH8rVmG0f80Ekaubo-QJ2fNz87Ld_EmA,A Google user,https://play-lh.googleusercontent.com/EGemoI2NTXmTsBVtJqk8jxF9rh8ApRWfsIMQSt2uE4OcpQqbFu7f7NbTK05lx80nuSijCz7sc3a277R67g,Awesome app excellent customer service,5,1,4.3.688,2018-10-08 15:31:46,,
gp:AOqpTOGQ_AoSZQK8NXtD6by-JzF6_3GXF8ZxqHVxDBcOvYgVq0bnQ7II-7_uF3ZPj9fmf6JeFdTWH1Hv-v0IO80,jorge rosado,https://play-lh.googleusercontent.com/a-/AOh14GgoXnw9UYqP7tX01iIth_M5qq5kiN2jMzNxNOjeNA,"Have had Photosuit a few years on HTC M9 and it crashes every time while in the middle of a project. App refuses to work, I loose time and have no good results while the features and capabilities would be great of this app Photosuit. Updating it changes nothing. My loss on top of developer's loss.",2,9,4.3.688,2018-10-08 07:18:02,,
gp:AOqpTOF_dCYO2JJCA7cK8F0gUqaxtQ4kqMjTDLicBJc-NpYKa_SsYRs342PIEJEOxDaoREU5s1JlR9GFpJQH0UQ,A Wright,https://play-lh.googleusercontent.com/a-/AOh14GhURoEWtiibLrJLmH-AS9Pfm-mSIgecuXudMCDUvA,Once was a good app. No updates. Now it says I don't have an Internet connection. Why no new updates?,3,0,4.3.688,2018-10-05 11:36:19,,
gp:AOqpTOHvvdAbn7TnNSu7RMh9O6neoiGEyatg7d01ZNd8iAqtbw0M05ksLYifmgAyOmWge9de23oTDDh2cN-sCX8,泉結橋,https://play-lh.googleusercontent.com/a-/AOh14GjajbpI3otIF4IhK1JWfUxTzaZtKlCCAzqHBR9Xwg,"change to *1 because first i can't move my layer to back of the image, second is project aspect ratio cannot more than 2048px 1/10 wouldn't recommended to buy this",1,1,4.3.688,2018-09-30 08:32:59,,
gp:AOqpTOEJ2uUt1vepn1MhcvsWrU9v7ZuinIvWi4s_lnRrRjHkNxMLjwRPzCxBYu6UeYQ-uT5AgrxLjeMHzTrlZ44,Master 3rddegree,https://play-lh.googleusercontent.com/a-/AOh14Ggv4go8uBTo467FML15yWLOqVa2_bTTr9DTTMXmag,"Hands down thee best app on the market right now and since 2016. If it crashes it is due to your phone since mine hasn't crashed once. On the other hand, the app will always surprise me.",5,7,4.3.688,2018-09-24 16:51:29,,
gp:AOqpTOGaWtaJ1JPIXAOaJJw4Nmu1ON1tBMGmlKq_F8PzgBrQJZL3g-pQgsmnj0addk90BtBhiFyyYW6_vEzau-s,Jack Martinez,https://play-lh.googleusercontent.com/a-/AOh14Gg52A0TqzWzRrKt73LmqO7rBT4RN2c-gFaxFQaf,"A. Annoying this app crashes so often esp when I flatten an image B. 
Annoying I cant incrimentally save unless I exit the app C. Annoying it 
doesn't have a blur brush. Other than that ok.",3,0,4.3.688,2018-07-28 15:01:23,,
gp:AOqpTOEURPyqtzsyF8Sln6f4wu98_L9IVEweb_-oBfwZtdygRsDENi4Acsm7UObI9lc12_xsa9YwB6OG6_SIHlQ,Cowturtles Strike team,https://play-lh.googleusercontent.com/-pTiaB4giOW4/AAAAAAAAAAI/AAAAAAAAAAA/AMZuucmiGIYtU-HX7LER9mI8xQmEddzQfg/photo.jpg,"This app is good, however it crashes, frequently, i am debating getting a 
complete refund is how bad it is.",3,0,4.3.688,2018-07-19 11:06:19,,
gp:AOqpTOFbahM2Uo0PdrXoHSjJamYGFR2ZndL0LhMyKUVAHsoNlKPmcTqhHPzZOYTuqTp4b-qzNlc2KpJi2h-F-HI,rob jones,https://play-lh.googleusercontent.com/-heoo4voeJ2c/AAAAAAAAAAI/AAAAAAAAAAA/AMZuuckEbbknFln-07SfwymOjqswk3aLog/photo.jpg,"I bought this app and it crashes after 5 minutes and when your in the 
middle of projects....poor do not buy",1,1,4.3.688,2018-07-12 09:53:57,,
gp:AOqpTOEaAZsviHoqKGDiksugz35myAGHHx9YHdWvXriEYWjommAoNkKgi7xrOddnKMaBKQjUlTVYqpNJ1SL7Krw,Roger Lino,https://play-lh.googleusercontent.com/a-/AOh14GjLMPl4cmCSvwfgEan7U-vcembcJMDsMivTOcUE4jY,"This is a great app! Like Photoshop but it seams like it was abandoned 
since 2015",5,1,4.3.688,2018-05-07 06:44:41,,
gp:AOqpTOENlEKHXTmVXYe0BxM0EUUx4PmMOYB9d6a53ATMD0kqZLlNbeK751637HSvL4sh9n2xPbgMlTfBIfGkWmY,Greg York,https://play-lh.googleusercontent.com/a-/AOh14GhLdFxpjsY9yDr_nr05SqTMl2-mMtc3TN8gk_P9ng,Lots of features. Crashes all the time,3,2,4.3.688,2018-04-01 14:47:24,,
gp:AOqpTOE8kTBVLuBl4gFGUjDHfMzk7QzyGLp5GXhKBfv5aqRd3g1cb5jDwLGKtoKtmtpBdMZEgrIdoyXlvUGPtqY,Ben Bezuidenhout,https://play-lh.googleusercontent.com/a-/AOh14GhcrQiBUaadVU6r2CQC0t0pA2Jl-VYnZfitdk-_M0w,Why has this app not been updated in three years?????,1,0,3.2.339,2018-03-21 23:06:43,,
gp:AOqpTOHnFsitn1Or83gRFPYS1tgXXFDVpqF0IoaPRAPPfH12UNrMg1TJ-e8vMhh-GxOglYIJRCktLL5kcITzDlI,Roy Rendon,https://play-lh.googleusercontent.com/-oYWHKIfzvQc/AAAAAAAAAAI/AAAAAAAAAAA/AMZuucnVfvRWWq9oQcMsmgRJMkX7qI_ymA/photo.jpg,for people who are interested in editing and paying due to trust... please read when did the developer last update the application  i tried to message them due to some problem on my tablet and yet there is no response from them  i dont know how They rate it for 4.3 again I paid for the application and yet no response from their side so I am sharing honest my thoughts  for editing purpose without any help/ development from developer I guess go for a free application... it is a wiser option,1,19,4.3.688,2018-03-21 21:02:54,,
gp:AOqpTOE_iOZ-RvrgzjVPfCWk8Jdwk643JTj4eumXdzzLwfAtoXE3UGUkR6krWVZhJgp9XZD03vvo4M7MfZOs7Gc,CREATOR STUDIO,https://play-lh.googleusercontent.com/a-/AOh14GipwOE8IXVI9MbZKzyjaTjjkzodjOVyIKf4JMWP,Why note updatee form last three years...,4,0,4.3.688,2018-03-21 10:23:37,,
gp:AOqpTOEQonmmLuWXxhywcolDUd3ugMiDyXIeOU1bRTM4I4WK99gfyO2AXBfuqhuO4tkDZSju9hImk4Q0LdjnpPg,A Google user,https://play-lh.googleusercontent.com/EGemoI2NTXmTsBVtJqk8jxF9rh8ApRWfsIMQSt2uE4OcpQqbFu7f7NbTK05lx80nuSijCz7sc3a277R67g,Great app,5,0,4.3.688,2018-01-15 09:38:06,,
gp:AOqpTOFfAGTnXt6MWfFQcoOovFO28mgZ9o9gDgYFcc_zPSqoKhz6q44rLzl02hWIdfROhL8MUZZg-WPXGPlCZqs,Owen Fletcher,https://play-lh.googleusercontent.com/a-/AOh14GiQqMKKqzYBXx-krgRZPcPu0jQJuC8NW-H1yNXtjw,Awesome but keeps crashing. Any suggestions?,5,0,4.3.688,2018-01-01 08:37:31,,
gp:AOqpTOH2TIczMnzQUIbWjl5hQseQXMdHzXFmYQB8HfbaSoXQKsexnBjBWlQfl022mPPawSe9QVo_g0ORJofbTl4,Tobias Reich,https://play-lh.googleusercontent.com/-xNsJ6MHu8J0/AAAAAAAAAAI/AAAAAAAAAAA/AMZuucmRrUoqWfa-uwn6dd3RTBW7ZOAaDg/photo.jpg,So why do you need a telephone permission for the app?,3,0,,2017-12-16 16:55:13,,
gp:AOqpTOGVwN3ipq0krMYll8VeVzsqCZk-a4DTYjyvFuppUvOZZef_exqRyNzVDb2HZcOy_zr-VbJYwMMhLDhLulc,A Google user,https://play-lh.googleusercontent.com/EGemoI2NTXmTsBVtJqk8jxF9rh8ApRWfsIMQSt2uE4OcpQqbFu7f7NbTK05lx80nuSijCz7sc3a277R67g,update the damn app before the holidays starting with all hollows eve. Update 12 10 2017. I noticed mobi systems doesn't promote Photo Suite 4 Pro  through Office anymore. :(,3,2,4.3.688,2017-12-10 09:34:26,,
gp:AOqpTOGMRXqqk_VXLgYh4x2yBQFNlh8I1QTsxPu5jOog6CFt9tyBoFGUeZ-sz0NUP7h4Q2BVs2xBHlr2W8Xfus4,Tim Harris,https://play-lh.googleusercontent.com/-TbyBzLq15pM/AAAAAAAAAAI/AAAAAAAAAAA/AMZuucm0-nQHRAuVcA-_I93hjwuLwSg5MA/photo.jpg,"Really useful proper photo editor, with useful features. (Layers!) However it keeps crashing, and since updating my phone to android 8.0 Oreo the lasso tool has stopped working. If this app worked properly, and was stable it would be great, (a Dodge/burn tool would be nice too) But as it is it can be too frustrating.",3,51,4.3.688,2017-09-17 07:10:12,,
gp:AOqpTOGHSXZDbXjVPBpeJJDEzz-8LoautljDPB_WbXosHhMVv9KLJ6F3MTkGQVIli9YctmrHebb_G1t6p5VvwgA,Kyrosh Pahbod,https://play-lh.googleusercontent.com/-TRLBwZyj6h0/AAAAAAAAAAI/AAAAAAAAAbc/AMZuuclYanJqkfwySICJwd9YqskOvds8Hg/photo.jpg,"Fantastic graphics editor on my S8+! It crashes sometimes when i hold my finger on a layer a little too long. And may corrupt the file so you lose it. (I have sent crash reports.)  But that has happened only with one specific operation, that i now know what it is and an able to prevent it from happening until it's developers fix it. I also started saving new versions of my complex  files as i go, and am not losing anything any more. One thing that helps me a lot is using ""Flatten Image"" when i like how the current layers are. That reduces the complexity of the file and helps with its stability. For the little price of this app, and range of is tools and capabilities, it is only fair to help its developers to debug its issues (that i have found only one after working extensively with it).  No software/app is without bugs, ever. This is an A+++ app.",5,7,4.3.688,2017-08-16 21:44:03,,
gp:AOqpTOGC2AQjDeIpBfUkSHYJgLKgM65wejFnxRbF737or0QVQOaFax3uD_IcVT-ip99Pw4fdlStMXld1Czpce4c,Alexander Yakovlev,https://play-lh.googleusercontent.com/a-/AOh14GjY3EuamH_U09GcL3mZVUVCjHureo_LJz8EpIegcxg,This is the best edit app for android! I have used too many apps before I found this!,5,1,4.3.688,2017-08-15 14:03:27,,
gp:AOqpTOGxbTLO7Ya0KuW46ELA2MqjMmgWTnSigFJIULJJBQF6wflp6Lmm2aDmV6eHceaThGsE8L83QITfNcu9D-Y,Adi P. P. N,https://play-lh.googleusercontent.com/a-/AOh14GimbO8CAWtwPM3SRbknjixp68sTGxYlT-imAqvRBlk,No updates since 2015,3,4,4.3.688,2017-07-09 07:10:41,,
gp:AOqpTOGps3LrIZH5SR9Gd_HA2NvtEezyb4xYyUbNI2t2CATfJGXQnaThhChlZGk85fHIiL-tpRSdt9G3TP0rMjc,TerrabyteMiner,https://play-lh.googleusercontent.com/a-/AOh14GhMP_Ka-f3Iu0AzJXmDzXKjh02x6hx05r26_sALcA,Very cool!,5,1,,2017-07-01 20:13:41,,
gp:AOqpTOFfEFp1DIoszS0_OckC0JXl6buHoY_YcwTZauAH1bfzVIkthHF3qoi0pRDOWpYE5ndIlzZIT3hAfMvBzJw,Ben Zhang,https://play-lh.googleusercontent.com/a-/AOh14GjgOopwEdmV7FNLGt0vqmupbQFWzeptKfwgWHYSyQ,good,5,3,4.3.688,2017-05-14 23:58:07,,
gp:AOqpTOHEx8ctCNnMGdbISGgVHREbGoWdWyr228MbcFeOZ8wRYOENH_LpxR-Sq3xNAj_O_CdavappgA-tx4LS6ts,Chris Gill,https://play-lh.googleusercontent.com/-1E72lXzJFmg/AAAAAAAAAAI/AAAAAAAAAAA/AMZuuclwsPksaLP_RmVHmxIXA7xbrjy8zw/photo.jpg,Keeps crashing on my note 5 plz respond to the error reports i send fml,2,1,4.3.688,2017-03-07 15:33:25,,
gp:AOqpTOH-IG3K_yXCtPTwMWCVVU85UMKgmq1Y_GjwZ56nMubrcPWPkFHKAy5j7lNOWyhkaJDGFDoZR-iOKJbiv9M,John Satria,https://play-lh.googleusercontent.com/a-/AOh14GgmmlASSQeahDBMdPGIC-7SwHP86mYAHXuT1lne4Q,Mantap.,5,0,4.3.688,2017-02-21 20:25:51,,
gp:AOqpTOFJqipxaayptUh72YFJXYiZj4zDN9htD4qMXge0Cbu0rVsHwxEFS7nBElPOaGWapNiGxbuHKklD3T9KGIo,Monice Potgieter,https://play-lh.googleusercontent.com/a-/AOh14GjTreDgnH3Y7IZg4SX2JqBq_hSEwn0193GUPpa1LQ,"Dear photosuite developers.  Please find a solution as to why photosuite constantly crashes just as I start using it. I had it installed on my Samsung s5 where it also repeatedly crashed for no reason.  This is the best android photo editing app out of all previous ones I have tried and I would like to have it fully functional. l have send several error reports with detailed logs attached in hopes that the developers would have resolved the issue by now. Now, I would have not written an extended review if it was a case of being a free app, however, I expect support for purchased apps like this one.  Looking forward to your feedback.",1,10,4.3.688,2017-01-23 00:02:27,,
gp:AOqpTOG3sYjzRQNvgj6Qz62ibveVEQhQY11Kjcb3Ui8qfm8NOtqjkMbk4hPhhE0jYjrFrQwiMcS0R_id3ZPjwso,Muhammad Arinal,https://play-lh.googleusercontent.com/a-/AOh14Gi_gtmWMoxEvVVo58nadzKlOGp1xS_lSnCTaxH5xA,standard photo editor,3,0,4.3.688,2017-01-21 13:12:47,,
gp:AOqpTOFCQyQWEPan9wZ1kFUwu5cMf8pUdunuiC6b-KK-iB3v2WuEfZAFVofb6nQs1_aTqB_ED_ytKXwnFuGpGzo,Joe Cutrona,https://play-lh.googleusercontent.com/a-/AOh14Ggq_AIj89T64CWEbVvb1S39-iShWUbuObaWIZTGlRo,Stinks- I'm hoping they're at least nice enough to issue a return since it's nothing like I thought it would be.,1,1,4.3.688,2017-01-18 07:24:26,,
gp:AOqpTOG-xMQdpOmFSVrvlFMCBtlL07x8xp7_ldtnmbSUfV2_0X2jsWwOjZOnjImHr7IlMLD0Z99pI-nn--j426M,Wayne Randall,https://play-lh.googleusercontent.com/a-/AOh14Gh2-ZQjjt20ciXMh4imaFreg6Csat0Tbe9nWhgfdiM,"Been using this on my N6P lately. Prefer this over AutoDesk. Naming layers is big for me, old habits die hard. Most everything else is there, enough to satisfy my need on mobile anyway.",5,5,4.3.688,2017-01-17 18:37:32,,
gp:AOqpTOHHLz28d1JWe4DZyqIiC8l_2wNCTgKWngTJzebWSByZgGRQXFjN0PpVkVoJHpFTFa2DxzaS_ImNf1qzPTE,Dana Pokorny,https://play-lh.googleusercontent.com/a-/AOh14Gj2_U2GLHp4dg3BpPqvc0SrjaBRpeyBFfJJhDNhPQ8,Continually crashes.Spent hours on a photo only to lose it. I used apple prior to android and I'm very disappointed with the apps on android especially this app. I used union on apple and it was the best photo editor I've ever used. This app sucks a big one!!! Still nothing done to correct bugs in app contiously crashes -updates ran. 1/7/2017 NOT WORTH PAYING FOR,1,96,4.3.688,2017-01-07 13:03:59,,
gp:AOqpTOF9WPqIuruD0i3FWFuCnWLK0rwiiwTNbLVWuPOpPP_TnTHm_87Dhsb8mj2O7_jQVfe7Fmjwx4KUr6hVl0s,Su SJ,https://play-lh.googleusercontent.com/a-/AOh14GiYh-c7yCswf_VcD8JI9l7XwCSXuvZtd9QOenLXwMU,仅能支持到1536x2048,4,0,4.3.688,2016-12-18 08:56:20,,
gp:AOqpTOFPQtV_H4Uyxst659K1cxeSzZkUZ72OZhwlNwlqg8rSW0TA4J8hWFrvD8bzW9Zd-em-QRujjH6i921i6Pw,Justin Davis,https://play-lh.googleusercontent.com/a-/AOh14GjyxtLqyrChPGo23jPOcE6F38yq0pOelmRqm8lNXGs,"Not what I was looking for but I'm sure it's great for it's propose. I was hoping for the ability to convert file formats, preferably in a batch. And, even though this does export to lossless I like my photo file names in a certain format as well. (MM.dd.yy-h:mm:ssAP)",3,7,4.3.688,2016-12-17 11:56:07,,
gp:AOqpTOE2XOAWVlOJUsr4-rrkq_Ije_i7LQfb5DI_jvJfUYFSOvpGXTifYAhxMAEpTIGoxxAuLv19GkHWqP9vm0E,半蘇Hans C -,https://play-lh.googleusercontent.com/a-/AOh14Ggaqq24PTUFWYTHacTqqCLp0Ex1bRhX93nFWgTO1A,Good application,5,0,,2016-12-16 02:20:35,,
gp:AOqpTOG7a3sWpj6vmDEQpDtsCiqFnI1QiMuY7kFxLgZTmEb4WeqDkybtA9xeQ7ePN7n5gVkAt-LtzxvEdQN-pLg,Ms MG,https://play-lh.googleusercontent.com/a-/AOh14GhIxGjMqEY_miZwPZ05f6VxKQ7X3d8l2Fsv6M_v4w,"**Update** continue trying other peeps product, end up back here - literally, nothing btr. You have a lot2 manipulation you can do, 2make it perfect!!  Here's 5, for y'all--keep up good programming!! Lost the program momentarily in other phone, finally resecured, haven't been able to focus on it much, other that shoot pics and file in multiple variety of systems,  will update once I get a good feel of what this ' s capabilities are!!  (LoL ~ funny new grammar!).  Hence, giving a higher StarLevel  ...",5,191,4.3.688,2016-12-06 19:19:57,,
gp:AOqpTOHHCrjUAq_aDAlx7ZO5T6BPs-eKeHx5MpJYgBrHktRCWoGnnryHNLkyQONzHgqV5DiqLS2M4dJ_45ZG_w4,Jaycebelle T,https://play-lh.googleusercontent.com/a-/AOh14GiEFIw1UJy3Fj9zld6GfQRgR5mo23CN6u35ckIMDGw,Seriously? I didn't pay money for an app that keeps hyperventilating. The damn thing keeps crashing. Can someone fix it? I've lost a lot of work because of this. It crashed more than 10x in a span of 30 mins. Uninstalling.,1,24,4.3.688,2016-12-06 01:22:50,,
gp:AOqpTOGV8vuJONv5hpR6oOqBWRI_aI9RS4IKmFBzFTZD7pSRw9l7EAzUv8Cdtqb1ihNbfoYMHQLd5BGygVAeopE,A Google user,https://play-lh.googleusercontent.com/EGemoI2NTXmTsBVtJqk8jxF9rh8ApRWfsIMQSt2uE4OcpQqbFu7f7NbTK05lx80nuSijCz7sc3a277R67g,Instantly lowered the quality of the image to the extent where the writing was unreadable.,1,0,,2016-12-05 09:44:14,,
gp:AOqpTOFok-t_qIsw0OybD1eFBdlFqePQESNoClf-RlFvNE5FnBsV96-U_S6B48tNr0p2gTF-rH8ZJfje87BPdRc,A Google user,https://play-lh.googleusercontent.com/EGemoI2NTXmTsBVtJqk8jxF9rh8ApRWfsIMQSt2uE4OcpQqbFu7f7NbTK05lx80nuSijCz7sc3a277R67g,Sure wish I could finish a project without it crashing and losing all of my progress.,3,2,4.3.688,2016-11-26 04:58:35,,
gp:AOqpTOFjIKHLD8hxK-qExcnS1nTh07KNN0uSj8KwdGFcpNcPbFRcUrUFcBYWWNH2SGGKuG83Nl7ey2hBay_vqe4,Chris Dart,https://play-lh.googleusercontent.com/a-/AOh14GjESgU1WBCStSyK6BPqwl2IjvL3f2AXn0XvBz5K9g,"Have tried different places to save, never a result. It says it has saved but when you go and look at the location there is nothing there! Saved to 'Application' - (where is Application?) - nothing. Saved to base of internal memory (0) - nothing. Saved to external SD card - nothing. Each time it says save successful but no file!!",2,41,4.3.688,2016-11-24 03:00:35,,
gp:AOqpTOG0ib8WXYkRYBrO44Es-_PaxrqSrsUDEP055OagAlQTNwN2WKw7Dp0YMZ8geab6gKpayPZs6H4CZ3Pp0Qk,A.A B,https://play-lh.googleusercontent.com/a-/AOh14GjX28hl1gxWxEslqEzX401kuU1dDUWk6xErDW7--w,Why not his update?????????,1,5,4.3.688,2016-10-27 18:06:08,,
gp:AOqpTOG5w9T1FFMxJKG9OVtvtm2SQxmEjjo1bZ2_FwsImPPXkUp_V9uMQHOkuWaxiECJZy-kpiRZAdpLRlAxXNg,"Michael Flint, SR",https://play-lh.googleusercontent.com/a-/AOh14GhV0TncXrB6ge-vVrX_FFZQZBwjM31Zs4roMnL24hM,A selector would be nice as well.,2,2,4.3.688,2016-10-25 10:53:58,,
gp:AOqpTOHG2QZtEH79rwPk5xrArV4XNmmSGJiprPamj2ldhQtxwopEflkt4Zp_DG5DsXhe8A6r5vCdFvmYQ316rT0,Hanoraga Hatte,https://play-lh.googleusercontent.com/a-/AOh14GhzZokWbwIEAO4BgvNmkfNV195hyZB0YQ-IhMQ,Where is the folder of these result work? I can't find on gallery nor my explorer! You crazy fuvkin devs! Bastard!👎👎💩👎👎,1,0,,2016-09-28 17:22:08,"Hello, it's internal storage: Pictures: MobiSystems PhotoSuite. -MobiSystems-",2016-10-14 04:20:04
gp:AOqpTOEBsoFdzOKFFYLZ2C_vviN_5TgAW2WZ3G3ZceubKnSPxoZ_HxjG0gGpH8YyeH-v2vxtmhug3ZafaL4NMOc,Frank Zvovu,https://play-lh.googleusercontent.com/a-/AOh14GiIwRtLIZH09MEj9Jkw3No0vA3Uk_BgWIK3bwzeLmI,"I bought the full version despite the negative reviews because it does the one thing that most other photo editors do not... LAYERS.  So far I have not had crashes but I don't know if it's because I'm on a flagship phone or not.  This is a perfect replacement for PS Touch which Adobe stupidly killed.  I guess they were too afraid that people would use it as a replacement for desktop after it went all subscription.  In any case, my Adobe nightmare is a thing of the past and I'm very happy I finally found something to fill the void.  It would be nice to see an update if it improves anything.  It is curious that they haven't updated in over a year though... I just hope they don't stupidly kill it like Adobe did PS Touch.  That was a royal screwing to paying users!",4,8,4.3.688,2016-09-26 06:28:46,,
gp:AOqpTOFOk0i00Np1IILABkfa0enJxZtknG-mPZtLIQ17Jfrz4U4NJFLTs2o8v0NvII2-2Rb3iCmuL6YSrJzXNPE,jhon jairo ramirez lopez,https://play-lh.googleusercontent.com/a-/AOh14Ggn9xWZhziAbG14nvxWNZ-igWI0QATDg0uLoh8z,On the free version hav problems and for get one better product and have the same problem........ And company have worry and no fixed this.......,1,1,4.3.688,2016-09-25 13:55:27,,
gp:AOqpTOFg8jX49v_d5o3CNthVWRW1i5JXvGmFbQa_O0DSdJDjpYTQAl-sI6VhCBxhmhD6j5P-fUYEJruz6oJ6Q-A,A Google user,https://play-lh.googleusercontent.com/EGemoI2NTXmTsBVtJqk8jxF9rh8ApRWfsIMQSt2uE4OcpQqbFu7f7NbTK05lx80nuSijCz7sc3a277R67g,Went from mediocre to the best photo app on playstore. Always room for improvement but this is as good as it gets.,5,3,4.3.688,2016-09-03 17:27:51,"Hello Jose, stay tuned - we will add these features in one of the upcoming updates.",2013-11-21 05:29:19
gp:AOqpTOG6vB4XYgbtLznwQ_1kj-dSJuxva_mjKb12qOrGiifmecficucB0SRuyLtxGoaYNvj-QYCkMabEhMtAskE,Second Wang,https://play-lh.googleusercontent.com/a-/AOh14GjM8N2TcADQr3TWaFI6BWQ7fQs_o8onvqa7eoklvA,找了一圈，Android里面就你可以手动添加笔记了,5,0,4.3.688,2016-08-31 07:26:10,,
gp:AOqpTOEub2wcKOGdLaZnub9j0z9vGzAe6GEdGvd3HjfAQOXEhO2Sfbh7I98th8UxYf0kBjpqLvhpNfH9-QE_1lo,John Walker,https://play-lh.googleusercontent.com/-XD4RTvP4ZWs/AAAAAAAAAAI/AAAAAAAAAAA/AMZuucm5WJFO7DiYV90n5G0R1G_xfRtmMw/photo.jpg,"I was just about to purchase the app when I noticed that it hadn't been updated in over a year, so I wrote support who was kind enough to reply with this:  ""Thank you for your interest in our app. Updates are not scheduled or planned at this point.""  Bummer.",3,5,4.3.688,2016-08-25 07:24:36,,
gp:AOqpTOFXyTMXijaLHsfFYBajGowvAjFTZTbx9aD94hloazh3NhQCwFB9MJwtBA3kH5cILtuS-4AIkYJY0tlZyn0,Rebecca Myers,https://play-lh.googleusercontent.com/a-/AOh14Gg8GY9tdY-avIY0Z9LB0-ayj0pGNcf6J5bpmc75rQ,Would like more font options.,4,0,4.3.688,2016-08-11 07:37:39,,
gp:AOqpTOFK5NMMWCNEcUoK3Oga0lxpOW8cW5iYXHTBKGetR9QV4PeoXLPQUoFgKpJ96u0F6P5KvOAQpfFYF8kNgnA,Lesmana Arbiyanto Wijaya,https://play-lh.googleusercontent.com/a-/AOh14GgGJT-1WBNlkoh-psA14KHTUD0946YuQKdr0-H_,lack off saving system and no wizard template,1,2,4.3.688,2016-07-03 16:25:53,,
gp:AOqpTOFZaWEd6r8lOuPQhkZqAGsYT7927c4lgWgR19kkbEHCe9G488lQqEaED89gEGerfrsf2lDsBD0qBYbQk0c,Brian Altan,https://play-lh.googleusercontent.com/a-/AOh14GgNuRxUOLRndnfljHn7MujWc2hAHAqHiGTSKBS_uA,FIRST ATTEMPT CRASH ??? !!! PAY MY MONEY,1,0,,2016-05-31 22:07:21,,
gp:AOqpTOH7OQvlxN4FPm6SRHJ8hlfUBLJNbJaxEbWDQLkWJmHAsS-pdEjYXt9kYtrIR0LGGZSVFvh6jfWy5j80YHQ,Angelica Alvina,https://play-lh.googleusercontent.com/a-/AOh14GjCKrHwMyyV65SrAjFR0gFuTUyUB6etSLH-rSRgvQ,noice,3,1,4.3.688,2016-05-23 01:10:15,,
gp:AOqpTOHacgD7KjgspG83luWu32aeTrrZQk-nJOkRrZmLR9QEjSYeWHlhTmcuHRHo_Z6gvGe2RPcx9_21UKi8-RQ,A Google user,https://play-lh.googleusercontent.com/EGemoI2NTXmTsBVtJqk8jxF9rh8ApRWfsIMQSt2uE4OcpQqbFu7f7NbTK05lx80nuSijCz7sc3a277R67g,"Tried to get the hang of this app, liked the clone tool & other bits, but no idea where the pics go to when saved or exported. Last updated 15th June 2015, so I don't reckon it's going to improve.",2,41,4.3.688,2016-05-11 22:41:24,,
gp:AOqpTOG0l0Cb0iXDPyK69YLstGXJwOT0IHKNWqxBZEuyJxrly7rfeiD6_NTyDs-qt9PkZTtg5CkEwtMuVEXvmUQ,No_Bro9 / Ezy Joe 91,https://play-lh.googleusercontent.com/a-/AOh14Gg-gfTZBktMT8n-Ndb0LT_IIehE-9p6N9Ns_J9d,I was enjoying this until it crashed on me 3 times so I deleted it and I want my money back,1,0,,2016-04-23 00:27:41,,
gp:AOqpTOGAmaPFPbk0orjmunC9FLQLg3TH9xdRrMA6UtUToscXq-labyKsamgQGVoTGDgNPT2_MFdSLH3LYVa7JHs,Aniket Khandekar,https://play-lh.googleusercontent.com/a-/AOh14Gh7Bj6pB2_GqlE24xm7wvdJ_VMIWkgcNN0cLX3qTw,Awesome...,5,1,4.3.688,2016-04-20 21:10:27,,
gp:AOqpTOHrzkPu5nLgro_qSXMorp7tG7fcmP8MKpA_SQkM_tpEINrNpaI6JOBlGf4URoT7y4kMPmoSdKe0ToqCjzI,BW Englert,https://play-lh.googleusercontent.com/-gr4-IVSeoBQ/AAAAAAAAAAI/AAAAAAAAAAA/AMZuucl7VBApENjgNldcgSU9PqVE5A62zw/photo.jpg,"The app is great, but the fonts are still limited.",3,0,4.3.688,2016-04-05 05:48:57,,
gp:AOqpTOGt9WCcKzOWCU0ZFwjuycyZDEJ5knsMfq3Z96yIsFvJ2Y4JA_yTWFdE-A3ZxatjcUPHHYqHB_URV3HAGP4,Bill Rabinovitch,https://play-lh.googleusercontent.com/a-/AOh14Gh9AMp6qPK_lzd1zvHa7nr01vr5YMuECwgFMqj3,One layer's an ink drawing on  white - so how to delete the white?,3,4,4.3.688,2016-04-03 07:53:04,,
gp:AOqpTOEgHF_J7Gi0kUHepyQltgNqaKP76zZByYMBkG3vHzxykQWxhNalltd3JcnetA7XklsnvQKsR8yToHowuKw,J Lucky S,https://play-lh.googleusercontent.com/a-/AOh14Ggd9J5o9aN91q4BkxaewgJ0RtuJmS39y-yofbOK,"when drew suddenly it crash and my progress not saved then it waste my time ,please fix it",3,5,4.3.688,2016-03-31 21:04:04,,
gp:AOqpTOHWTrpPeYoqkd0Wgo3a2Ay1n-DakmLzc3ovolAQyt91krEzlvte3OHFEZM1879dOZ8_V1jLP9oaIllMSdc,Gabriel ID,https://play-lh.googleusercontent.com/a-/AOh14GiVVF7LRqecqiLcefIAIno-sYYRRxME6bczrvsLbQ,The Best Image Editor,5,1,4.3.688,2016-03-30 12:51:16,,
gp:AOqpTOEJQMPH8Sv2pw2pmfgGWX--oiE8mKYfN7HhFCfsoD4jKrhCpf552Fu75ynoyPCl-uSI56UclNV6Pyq_9ec,Ryan Lin,https://play-lh.googleusercontent.com/a-/AOh14GgWG-EmrwNV06f7VeAdtkFFMEP6u6G1H_ezGKbaFQ,"App often crashes when working on a project, which is infuriating, especially if I have not saved yet. Notably, app also lacks  numeric parameters and hexadecimal color codes. Poor interface and can't rotate sideways. Only redeeming feature is different brushes",2,16,4.3.688,2016-03-24 20:03:14,,
gp:AOqpTOGAfZMWpJ6Y2ivWU8BxK5Tt2nlPbCU4CFsBiXB_odRHx9tr0cs-abZOqEu698Sx7DFH7yz4BeTwr4zUPSo,Maulana Yusuf,https://play-lh.googleusercontent.com/a-/AOh14GjL6L1aoWGOsAKlcEGfgaplDubnFzkDtBKYjqMpCg,I need more font hahaha 😂😂 how to insert new font?,5,1,4.3.688,2016-03-13 09:16:36,,
gp:AOqpTOFePwdEDm4vHNmhIiLVHBzW1k3Kve4vCyb28EbIGc9U-oxcF5JOxENGFRPCMObnPVo8s0ggxJVG2lVFgvY,Juan M Frias,https://play-lh.googleusercontent.com/a-/AOh14GgbRFSjR1N8SfTIwT-2b6Qh673elcl3DvMcjH4J7qY,It would crash evry time,1,3,4.3.688,2016-02-27 06:43:38,,
gp:AOqpTOHz_bzCF3fDPvQhEoaWZcOthTnSPsOMh_8SoJoQ5_NSeJTRZsbXKrXiJSFioO5x-7Y1tT19gSTbvxGGgKI,kyle bouchard,https://play-lh.googleusercontent.com/a-/AOh14Ggs3JvenkNA67vy8-e6SlRKx7FUQH5-0KsssFuPNA,I actually purchased the pro version but can't even use it. 10 seconds into a project it's FORCE CLOSE for me!,1,6,4.3.688,2016-02-24 10:25:34,,
gp:AOqpTOHjS2X_UrMi7PwLv8XRi-8YEy4x-bKMhieLWsMeM7mh4O4-NSZYusiJ2W9kCJw7r09puKXdGssPlIcggJQ,Andriansah j,https://play-lh.googleusercontent.com/a-/AOh14Ghbab6fi8munJX8n3eyuwNAXjvu5HeJ4xUnocaOeg,Where you put after edit photo? I can't find it until I restart my device.  And they are on mobi device folder.,2,2,4.3.688,2016-02-22 18:06:54,,
gp:AOqpTOHh7nNeGT-p8Md1Ss6Zk9WVyEM5lvCuksifGrFeM9BfX67_gA7zm2CGTsGu9Y16NNS65voVR_C2c9fOqYY,Ekatama Ilham Prayoga,https://play-lh.googleusercontent.com/a-/AOh14GgbGJzwB0Ms1RSOcnh9mRqEx3xJDWZI9g99jXQfYg,Angpao given by Play Store :3,5,5,4.3.688,2016-02-17 14:19:50,,
gp:AOqpTOFkJygn14X6WvZswkJC4Z22X9hlnwgwvwvkHG71MZCNTUfGTio2Yr2lsZtPT6rWgNZ7Q3Mb_PAS194toJs,Matthew Fletcher,https://play-lh.googleusercontent.com/a-/AOh14Gi77011uZpAfzeD2U32q6NN-2QzK6SQS4sF5beTR2U,Been trying to use this app for a couple of weeks but it crashes pretty much every project I try. How do I get a refund??!,1,5,4.3.688,2016-02-17 11:15:18,,
gp:AOqpTOGahwVGVyPAgJu4_xa-ckIX3MKZhg74srLy6I072ufEZpy2H0z-UcFcUo8gJH-is3kawSg5PJ3d3F57L4g,Daffa Adjie Pratama,https://play-lh.googleusercontent.com/a-/AOh14GgvF5Ix-uVT7DeNKCYQqNIh3uf_udsGdnA-tJsp3A,Bisa bikin efek selfie/wefie,5,3,4.3.688,2016-02-10 23:32:01,,
gp:AOqpTOHKE6GQv47TRKpGAc-WHHlXIa9usoYo_du7h7pnjJ_MdhbpK2fVUtGsO3U2aBWYmamcarfzS_YDddR62UQ,Rahasia keppo,https://play-lh.googleusercontent.com/-Tl60bx_YZr4/AAAAAAAAAAI/AAAAAAAAAAA/AMZuucmggbdc7-Jzc4o7AxcsCDSwRA7Ypw/photo.jpg,Good job developer your application so cool !,5,1,4.3.688,2016-02-09 08:34:17,,
gp:AOqpTOFaQXXBP0RZNEdFzQvcrpcBrSCX4MoYQ8hv_UZEaJlY2igR2njnYCZh_3KoPqG6YvBJMuGejsHqZshVUcU,Golden Potatoes,https://play-lh.googleusercontent.com/a-/AOh14Gj8pztD7t3R__4itDBycdzAzwvVtD1S-ZOxsrEHyA,cant find saved photo,1,4,4.3.688,2016-02-08 20:58:52,,
gp:AOqpTOE2sVJjKhcO91M4J6ozG6u1rTRRYLJHE0lIufdTunxq9z7JXdhUlyc2Q4AEEUvRrK_xOF3kAkyQwolvPaQ,GoAgain Sims,https://play-lh.googleusercontent.com/a-/AOh14GhMZ3uaRHaei1g59_d90zMCjQY23_SHETLocsSkpA,"I really love this app. Like Photoshop but more lighter. But it would be great if you give + and - button for Layer Opacity. Because it's hard to slide it precisely.. If can, then the perfect star, 5 Stars, is yours 😆😎 Thanks a lot !!",4,5,4.3.688,2016-02-08 11:55:45,,
gp:AOqpTOHOt8eN2m2uS8Ut74PGMcqsb5h_8_8q5Ir9mkicoekW92TRiVhbDPBuHaPPGOZkJXyPIvnwH1ZRL2TLUV8,Riyan Prof,https://play-lh.googleusercontent.com/a-/AOh14GhefdPeeZdPivwBla-ie01I9czYjZvI5gZqE4ZrCg,good app,5,1,4.3.688,2016-02-08 10:39:46,,
gp:AOqpTOF_RTYrAe9ooXv_PLP6mOnWYGwZEGaNQ0qIjlDCWkjqcqvYP9zTlBCelHqiqBhRIUsELLnefX20rCIyKl0,Christopher Ivan,https://play-lh.googleusercontent.com/a-/AOh14Ggm1PNQ50vQ6dX2gMEyuPLIW9PNA7H4iTa2JfDr5UU,But idk what it does and i dont find it usefull,3,1,4.3.688,2016-02-08 00:47:29,,
gp:AOqpTOEueQjHvqG22SCbySvxtsE4qwPUCJSHfREEZ4pHva3P9wzQmH3XQJPR6YfSk1RewrM43eFAJB200i1ATPw,Deary Ramadhan,https://play-lh.googleusercontent.com/-x2rrIDvGYLU/AAAAAAAAAAI/AAAAAAAACMk/AMZuucnOxZH4loVTnl0BRngvkLYFi-DmdA/photo.jpg,Nice app,5,0,,2016-02-07 05:10:32,,
gp:AOqpTOGJmrTXB0HTTjb3wHs4zmPSxC1Zmk8IYdykTizXJPB9qhVcQ641V27c3jsLqtz3oDSSbF5IPFfwF5MPR9M,rizky Abadi,https://play-lh.googleusercontent.com/a-/AOh14Gh-o9FCsMifiRBFQgUktD_4xdvp4eZLMXbh2D09Cw,buy,5,1,4.3.688,2016-02-07 01:05:45,,
gp:AOqpTOHxJcR2APXNHraxhDKLvft3zCiUZjJtWbyaT1jr0L2A0YHYD1vlFOdaXHV_sIVvEW8uHYbwTuewurROT1g,naim munawaroh,https://play-lh.googleusercontent.com/-n7_WPzelns4/AAAAAAAAAAI/AAAAAAAAAAA/AMZuucmC4FjSYJdBW9CsN_OUtaXe98dhfQ/photo.jpg,thanks sir,5,2,4.3.688,2016-02-06 21:02:35,,
gp:AOqpTOFrN9EP7v6hy_q-hRIrnkF-e8-PfJhBXfwKlLUyrY-pq928WIxbUw4y0VwQR_KD0L4myPf2N-ZzV4FWZts,Handi Mulyana,https://play-lh.googleusercontent.com/a-/AOh14Gi60NjaLPK5HdxzQ_Ab9retX_xeUMvXuDKAK3IMFQ,Free!!!!!,4,2,4.3.688,2016-02-06 02:10:08,,
gp:AOqpTOFep6igjhPUWZII5oeEzkmV_DAtD0M6XRGTMuJoOtv3qm_dlchbVJZAooNHPpdFsFbMsG0rx9oze8wjMK0,aci alo,https://play-lh.googleusercontent.com/-_ETQOxiStNk/AAAAAAAAAAI/AAAAAAAAAAA/AMZuucmV3CeMHM1k5siUvbRNuFlilZkKRw/photo.jpg,Now it's free in lunar day,4,0,4.3.688,2016-02-05 19:31:12,,
gp:AOqpTOFIpK1w6PTb_VIVcupURH6ABdavNSB0IT3pcIhvvIT_lG2b759FdLfjhfjns2HmKL6ZoC55ySBzh0pRi08,G Surya,https://play-lh.googleusercontent.com/a-/AOh14GjIvWEPSFUZjcfArc4kF586EfL8_q4vXwfFnNuPLQ,It always forced close after a few minutes editing.. My RAM is 2Gb anyway..,4,3,4.3.688,2016-02-05 11:16:23,,
gp:AOqpTOGkHqCeP3fv2pQs0XHb6IhYk-FcxFLHhDZgfoRaQtBnVsqlPb-Ifkezi0U5XcR7_fesqPscxsV3NxHVdQU,Muhammad Iqbal,https://play-lh.googleusercontent.com/a-/AOh14Gg2idU4CcV7n9w7M1gI_4WbhXMbsDmdQvrqM851EA,Uninstalling....,1,2,4.3.688,2016-02-04 15:59:17,,
gp:AOqpTOFeeF5RVCFBxH29oDBiE6kWNDaTGat3_Ynfooo49htWh610fo15IAiN8WYQ6KDzOZrIrxbSwPI8AaWePXQ,Vierza Indiarto,https://play-lh.googleusercontent.com/a-/AOh14GjL2GmoarmOCXu6DCoUgAL59fychQmfRCaWDZCK,Nice,5,2,4.3.688,2016-02-04 05:17:21,,
gp:AOqpTOEE1dUl2qlKr24uf5jqUE9v4e_qNevKR36tmmNTzkw0Hb7b62TQSz7nZ9_PDy9VELyvQaBhR4Mkij2mUP0,Safrizal Dahlan Hutasuhut,https://play-lh.googleusercontent.com/a-/AOh14GhDDgo24QqCGk7cGoBF8G0fQeKrws-T0R-gsU_2JQ,thanks google,3,0,4.3.688,2016-02-03 23:03:51,,
gp:AOqpTOF0smuPgr_ip8R7Rln0UTfcW0-8PY52SXXk5Pewpo_lGaTBo68essg3ZDxi_maivwoFsZ69UOB7BgSGVYw,Alfan Rojab Al Fauzi,https://play-lh.googleusercontent.com/a-/AOh14Gg3N-xekNKZVdWi6PuRc0ybOMg1p_2Pnr2T25crCw,Why on earth does a photo-editing app need access to my browser bookmarks and browsing history?,1,1,,2016-02-03 17:10:07,,
gp:AOqpTOGVtfQh1kjEW1Vp5OvLu8jW77MAZ8M0C_CVHJNnLfr00N9VMlXXbST-AwUOyuJgfSG46ZkFlmuoSUKBYYw,Eric Scott,https://play-lh.googleusercontent.com/a-/AOh14GhY6TDvtJUowVPw9GpydR0EPbGjVMoAj7te5mNd5tw,"In addicted to this App and it won't stop crashing on both of my devices. Been working on the same project for SIX HOURS! It looks incredible however.... It won't export to any cloud device or Google pics. All I can do is stare at the thumbnail of my masterpiece. This really sucks,  and I sure hope you fix my new favorite App.",4,220,4.3.688,2016-01-26 03:03:15,,
gp:AOqpTOHc44f4RQ5Tungj8TTwRkUWyy_Z6SU5KFj1FHRsgSpdNaiCCec9p8xHGGDf_AlFTbNI2918YJyHx5Z_P30,Chuck Dooms,https://play-lh.googleusercontent.com/-OqdZlW6ptpg/AAAAAAAAAAI/AAAAAAAAuuA/AMZuucnddw4CsAc7n6W0-eQG8cNI8QHBCw/photo.jpg,"Want to love it, but keep getting error messages half way through a project. Neve had this issue with the free version. Any fixes coming, or do I need a refund. From other reviews, it looks like you're refusing to respond. $4.99 may not seem like much to you, but for some of us it is.",1,9,4.3.688,2015-12-07 04:15:43,,
gp:AOqpTOGUDrKVIJGjUYHjtUBCFKQlVDkpQKyFCloPLyyFCFPuWKBCXkCMkLQy9OUkLgiNiwbkuEX05bccJ_-TbiM,Maximo Camungol,https://play-lh.googleusercontent.com/-2I9j1uEbDdY/AAAAAAAAAAI/AAAAAAAAAAA/AMZuuck8HzuqDVc_Fv_J_VYF62q5NDfiQQ/photo.jpg,"Please fix, it stops and blacken the screen...",4,2,4.3.688,2015-11-18 22:52:26,,
gp:AOqpTOFUUnYQUUUpqlP0edsBFydy4_QcCGRQc88oYoAdE5Q5dyJHKzWW7_UD8uHVu7rdTIqlB83YGETt20p78HY,Sal Abs,https://play-lh.googleusercontent.com/-VdFw9ZVJvZQ/AAAAAAAAAAI/AAAAAAAAAAA/AMZuucm2sAOs4fEnG-7qw-YtoYIfdUal6A/photo.jpg,"Everytime I open this app to edit, the photo would appear with a portion of it ( usually the bottom half of it)  replaced by white and grey checkboxes like a chess board. Though the entire image was there I could not see it nor edit it, I thought it was the image but I opened a second different image with the same disappointing result. I  refunded immediately . It was a shame it cost so much and delivered so little .  I was using a Sony Xperia EG running Android 4.4.",1,0,,2015-11-09 04:08:33,,
gp:AOqpTOFpeVWbaQDg7mRBioRzYFRDkpum48a7e2BdPFYzS7kUf9xQlMdW62W6ZV2BmIzJ-Qej4GfilvPLhkSW1QI,Aric Reid,https://play-lh.googleusercontent.com/a-/AOh14Gi1p_vsxzou8A5RAI3BeG0FHLN7MTiGxCYqnB61MQ,"...and it FC. -1 star for no file recovery, -1 star for FC. With that said 3 very good stars for being a decent replacement for the basic image editing capabilities of photoshop/gimp.",3,3,4.3.688,2015-10-13 01:11:43,,
gp:AOqpTOHgXsCud8F092oujkVt14elE4_rNmpohqHBSepOe-MkY1u_wv44IpagKzM2dGmwrSwO8QB9swAOxjFPXnk,Jason Townley,https://play-lh.googleusercontent.com/a-/AOh14GitHG3DOm7aPrmFoM0oGvCeqCfnga9Uer8wtuJYXa8,Great job,5,0,,2015-10-09 11:07:18,,
gp:AOqpTOFa7Q91jE9FG1lqfE-BQjUhrvhny98ilYsbHdAaRV7S6_l9uL5TkvBQMjBFyhIgD5mAQn8Peru2cwf_NdA,James Price,https://play-lh.googleusercontent.com/a-/AOh14GiRI6SrAvCPYb6M-TrKjj8V_n0xzDYLucP2gNbkNA,Seemed nice. One of a kind feature list. And the make a great  office app. But this thing freezes every time i use it.,1,7,4.3.688,2015-09-23 19:50:19,,
gp:AOqpTOE1uNijKMCoHJhf1N91RyGqW2OBmDwGvQ_1h9caTvQR2r1vj8IazG7uYyeEZZ7gbLSVWb08HoHWcYhm-sI,Norin Na,https://play-lh.googleusercontent.com/a-/AOh14GhjY4nJ1-BJO_DdMhhQM24po8AxmYw3Ms8clPQC,I want refund now.... it doesnt work like i want... and it is not a good app too,1,7,4.3.688,2015-08-26 23:15:51,,
gp:AOqpTOFLMt_Cfr5-hfN-8CZSdhm9rFrRb2Zg4RlCPlLjl72ERu5PKCX1kbElpZdE2s1r_6QxbRRxS0Ib7ZJsgP0,Dana McPhee,https://play-lh.googleusercontent.com/a-/AOh14GiJMoJ-YWl46W8OyvoZ1ZIut_FFY4pCqtS8NjN0qg,"Has more features than Adobe's Sketchbook Pro or PhotoShopTouch. (I use all three, on phone and tablets - all have their different strengths), but this one outshines, especially the new features...",5,8,4.3.688,2015-08-03 04:52:07,,
gp:AOqpTOEHXfo17m4muAzPo0UMUzRCE-n62gd_V93erpeBN8dIg8j7FAHsOJLZPFFpJDzCi1p-o-QfM4Sotyj96Go,Devin Whitfield,https://play-lh.googleusercontent.com/a-/AOh14GjAPXTsrO4k7THQ4Aiwt1UV91-EmU2Lj62U_AXSOQ,"what's going on guys? I've just purchased this app and now it's crashing on first attempt? No not acceptable this guys, I've spent money on this yet can't use it now? Please update with a fix to this issue. Thanks",1,119,4.3.688,2015-07-01 08:19:39,,
gp:AOqpTOGi_zzsxpK_XGrfhbj-QyfGLGJe3iWPAnXLEQ0jG9uiH6Z2HFxgRFIekrM4zq75nxtrAlRGR5lnvwchoio,ARA,https://play-lh.googleusercontent.com/a-/AOh14GjdWQHWG0DxD2J8yS2hWJcV8fHXVB8yJ_OO3qKpNVw,"Certainly not worth the money for what you get and yes I tried to get a refund and it failed to give it to me and I was well within the time limit. I don't blame the app for me being cheated, I blame google for that. The 2 stars is for how little the app does and it does nothing more and even a little less than some others.",2,0,,2015-07-01 05:11:41,,
gp:AOqpTOHTjG3f1gBYgI1dSJnXZL3yaW975pyucCQ0bqXJlTwCQNQj1Ake5xCLLyx9gY3wpQ7lvjCe3DdbtWPNRd0,Matt Wilson,https://play-lh.googleusercontent.com/a-/AOh14Git2xldYRCQDR464UvSTBWMDykiq8_LlhAIZgdkpg,This app is amazing so I bought the pro version but it's constantly crashing when I zoom in and use the brush tool,5,2,4.3.688,2015-06-30 21:20:36,,
gp:AOqpTOE2EMMH9QlmWzG_QX5ZfZD5LsIyLhpNVOhnFlIZSxlTCFeurdGC9Edt0mszMz2azoLdyz-aLgO6E3BAlzw,hobojoe 4th20th9th1st14thofDecembre,https://play-lh.googleusercontent.com/a-/AOh14Gj7MnV-Z4tRRKCDcCb0yNJUuuWQLI_BHptZ2fnhGw,Good for hidding vtr telecoils under infra_ jsquery,5,0,4.1.649,2015-06-28 19:33:03,,
gp:AOqpTOFFaIG-rasuxwTMjKzms14k_il-FQAETf6XeUN0tCpZCIM5CwTOlA6I0iz4g7bqpqUx8kPyP3cbmm65fEI,Анжел,https://play-lh.googleusercontent.com/-iwsKAfXVExE/AAAAAAAAAAI/AAAAAAAAHZ0/AMZuucnOrFrlcj2In5h0ETtpAPgSfSzeoQ/photo.jpg,"Keep up the good work, guys!",5,1,4.1.649,2015-06-25 19:29:46,,
gp:AOqpTOEs4ibF1pCmZdEfdE5z7FTkTaszPR5i0MlLixoO8efplgwjlmxbkjExORz0z1zawgoQjW4JXFP3rsepmX4,Slava Poliakov,https://play-lh.googleusercontent.com/-O474U8eqaZ4/AAAAAAAAAAI/AAAAAAAAAAA/AMZuucmSIgLAc-QooQyBEryhKi7HFnu5YQ/photo.jpg,Best photoshop like app,5,1,4.1.649,2015-06-01 05:29:41,,
gp:AOqpTOEjYpGi89PawOtdx_CBCFYfdLMWpT8UQIl0bMd0zpv6iIbX-gdzWj6JMw2HhOQImJJdHNX5Q5pelqcSTfo,Sergei Miroshnikov,https://play-lh.googleusercontent.com/a-/AOh14GjK41jjllrTs3gOyPoQqTQ2efxmqvF0McRn_buKeg,"Each time I use this program I am getting an offer to use remote camera,  ""don't show again"" checkbook is simply ignored.  Application crashes when I attempt to edit image",2,0,,2015-05-16 11:29:15,"Hi Sergei, we apologize for the inconvenience. Please share more details. Are you trying to create a new project? When does exactly the remote camera suggestion show up? You can write to us at support@mobisystems.com, so we can help. Thanks. -MobiSystems Support Team-",2015-05-19 06:07:10
gp:AOqpTOG48DRpj_qdZgRjcV-8-su9Oegs24UA5O3tlit3X1h9j3trzUDUK9Xq90cX4CcKo_9WccT1jfB0gKharuo,Nur Iman Ahmad,https://play-lh.googleusercontent.com/a-/AOh14GgeMs0dK1qClfvrlro-pNEAbmT4jcxQTAthhJjKwQ,Error when apply blur.. Please fix it..,4,0,4.1.649,2015-05-11 04:11:25,"Hi Nur, please include more information of the steps you took before the error occurred. You can reach us at support@mobisystems.com. Thanks. -MobiSystems Support Team-",2015-05-19 06:09:11
gp:AOqpTOH-EWln-ATyU3KLnfJqoJMBlIjcWOLjstiVUF1AdRyPOOwaSfG5VDW1g6e4XQr3Wd6wPMapW6YeTs_9P3g,Yan Xue,https://play-lh.googleusercontent.com/a-/AOh14GgIFotlmifnvx1tSFo8jb5nOpBmh4P2c0aQVDEGkw,"Might be too much to ask, but it would be so wonderful if it supports Samsung s-pen",5,0,4.1.649,2015-05-10 22:17:05,,
gp:AOqpTOFTDR4kEjLR7aIPzVR7AtJR_0Uhzu3MPFLbte0QzUKZPIDthYRnxdsjABhipA3mGXE2NK0xgVtPAAlPhrE,Mr. Vested,https://play-lh.googleusercontent.com/a-/AOh14GiIrHf3Z2XUDSn1AUs6dSn1UKyL5doeAl36j62pBA,"This is the app I have been looking for! It's the best photo editing app, without carrying a laptop around with Photoshop on it! Insane! Thanks guys :)",5,2,4.1.649,2015-05-09 12:52:31,,
gp:AOqpTOGXNYF9Qqpn1Vwzr32SdMV78SebSm6X4rw93sPtWTTck_R6LdAegF2jY9tRc39kNen-jQ_gqpEo39UUO2k,Dee Jay Kaotix,https://play-lh.googleusercontent.com/a-/AOh14GiEfvnn5vozfLCgfrLMV-YyIhnS7WcCKAoCjmEgOBw,this is the one you're looking for,5,0,4.1.649,2015-05-05 09:39:54,,
gp:AOqpTOFsZz8V2bP59hIOZeB9qJA7H7xDyd9vTe9t5x4uBluwAMznC64f5KNUrLMu2TeFyXzheUxBMfcsVwoI1oA,Wally Rakin,https://play-lh.googleusercontent.com/-jGMJ1c7BZe0/AAAAAAAAAAI/AAAAAAAAAAA/AMZuuckpL5gtDRm8DTfaxAX_ydlNXKY0DQ/photo.jpg,This app is great. I use it to make and edit pictures that I use in school projects. However if I was able to edit videos and sound tracks it would help me do other projects and that it will make this app much more useful.,4,0,4.1.649,2015-04-10 22:43:47,,
gp:AOqpTOFk0LUwlItluJuj8GwSOFPaBqX0bIfzuQys199fXneu0Rj1W5EHprROZRN8a6vDd6So3FFcE5uih5hwlgA,George M,https://play-lh.googleusercontent.com/a-/AOh14Gj-XdcIiBHR38JYrIhoN89Y-CsgsOdDxn-tF2__Hw,"This is the best app I have used so far as I love to use layers,  however what let's it down is the inability to choose your save location & or your export location  meaning you have to remember where the exports & saved items are & in the case of my note 2 searching for the folder is very frustrating,  being able to choose a default save/export location & perhaps a folder would be much better, apart from that it's a great addition to my phone & so much so I purchased the pro, I'd recommend it",4,2,4.0.486,2015-03-25 21:24:08,"We appreciate your feedback. We will consider your suggestion for the next versions. We are constantly working on improving the app so that you, our users, get a feature-rich version. With each update you get a better working version -MobiSystems Support Team-",2015-03-27 05:01:30
gp:AOqpTOE5iP96Nq4mk_h8EUNZCmuE2MFzslJC8i1Mrwm1jmkhFZqJiJv07wniZkyAYugq7Si7XSAfVtXvwf8FT0k,Christopher Burns,https://play-lh.googleusercontent.com/a-/AOh14GhrTgWDtqGMg6aWkYqAR6eDBAThSuIQhMjUtLQl,I use and have used many photo application editors !This one has been so far THE BEST ! And I have only just started using it ! I have used so little of its many features ! Well done guys,5,0,4.0.486,2015-03-23 07:58:24,"Thank you for sharing your experience with our app. We are more than happy to know that it suits your needs. If you have any questions or concerns, please feel free to reach us here or at support@mobisystems.com. 
",2015-02-03 07:36:17
gp:AOqpTOEOQepvRvdde_M3zTq8z22lE91fLNBQZeuLs2SlDmJykWKbOHsVgqk2UB_lJrehQlD6KjURg07Dzc7LXps,Taylor West,https://play-lh.googleusercontent.com/-lAanDq2MWWs/AAAAAAAAAAI/AAAAAAAAAAA/AMZuucm0zvzF8fvUUnchcZfVLVKtQCsX0A/photo.jpg,No different from the free version,1,0,4.0.486,2015-03-10 04:36:47,"Could you let us know what kind of differences you felt that we didn't have? We would be glad to assist you, so you can use the app more effectively. You can reach us at support@mobisystems.com. -MobiSystems Support Team-",2015-03-11 05:49:03
gp:AOqpTOFO45qTGqsR5f8YJyW02JdeuQ4HxYenXAcC5jpjUpTj5MINNdjOY1QcRJPg21LURviyu_rftQzzWifJIdY,Achl1 M,https://play-lh.googleusercontent.com/a-/AOh14GhyITFFcynE0CApnk7-7Y0Troau6-KLg41UEsssXVE,Wonderful app for the shooters,4,0,4.0.486,2015-03-03 08:55:45,,
gp:AOqpTOHiXpI4PBK-C5hvbDs-4uIc8q3P1diajgh5fPVoGXM7s9ighvFH4VUjW0kw1FSbUcHYYNLa14BEyovTpNE,Michael Lewis,https://play-lh.googleusercontent.com/a-/AOh14Gi_02MsmpSXud5zqxXuGHLegh-gscv8lv3CfetOSg,"This app is very very useful,easy, and fun. Works flawlessly even on my old HTC EVO Shift.",5,0,4.0.486,2015-02-27 23:11:04,,
gp:AOqpTOEDtW1Q4atoZetbKWhA9SHWmew4Kr_sT_TUwapoKXQqyRRIZBU2Wlw5qfQt0xJEW86nGZjpmiCEVVO16J4,Annony Mous,https://play-lh.googleusercontent.com/-Z6v1lIJsYac/AAAAAAAAAAI/AAAAAAAAAAA/AMZuuclz7JTo8ERxlgSz07lQ7QkqnuY7Gg/photo.jpg,Rubbish!!  You can't paste a text like in the old version.,1,0,,2015-02-27 13:09:31,Thank you for taking the time to write to us about this. We will consider your suggestion for the next versions. -Mobisystems Support Team-,2015-03-04 04:22:52
gp:AOqpTOF2px_O4ixIcJvEdj3svD9O4oJgfknlBcmM_VFtt4UGkyHhemMDdBJeFFq607X-Eb8-i1NX5kUmLFKdEVk,Darius Salgau,https://play-lh.googleusercontent.com/a-/AOh14GgE-IJAH7Hxhg_-62N00_0-RteUxlx8gEK5Z8wgmH0,I cand anything i save! Help,5,1,4.0.486,2015-02-21 09:06:33,Please contact us so we can help. You can reach us at support@mobisystems.com. -Mobisystems Support Team-,2015-02-23 23:26:37
gp:AOqpTOEDJx3vXL8Lvpfg1j0bKdGJdq9E85_jawXonCthaU9KVV9nnKHwjy9Xr-8d1yK29E7A2kIxk_vwuOlxvZg,Ring P,https://play-lh.googleusercontent.com/a-/AOh14GhKPVudDG-eC_WzxF6ehdqV_i9epLvoYfFykX595g,Thanks for updates!,4,0,3.2.339,2015-02-21 03:54:44,,
gp:AOqpTOG5hwJIFwCm4LxjDV6jVc-Suwfv4x9rEX44RL476nARJORh6Z5CwVV1vaqx0mNUB4vsRSlenwhW6cHgBhs,Nikolay Kussovski,https://play-lh.googleusercontent.com/-Jzl3gMpxVEA/AAAAAAAAAAI/AAAAAAAAAAA/AMZuuckmDB8P9Sqd3Pxo2RlTDXmtGITkaQ/photo.jpg,Awesome,5,1,4.0.486,2015-02-20 05:15:32,,
gp:AOqpTOGEVh5GkipJx6C-MJV2ZchEKwYOyz2zutICimTgtNTlHc9N3N8ZBg2wHoar8cEP_t7C8iuo1sM2J4Lyjow,William Cuviello,https://play-lh.googleusercontent.com/a-/AOh14GgZQJSA_V5bY8j0c612EGdb5ZNAR8cu33q5UMiaFA,"I have had considerable experience with PS on my desktop computer and I like this app quite a lot.It suits me just find, thank you!",5,2,4.0.486,2015-02-19 20:57:28,Thank you for taking the time to leave us with your feedback. -Mobisystems Support Team-,2015-02-20 05:31:06
gp:AOqpTOGvJMk2Yf_YoO-Y_v8zrQwStwpI-RBY7611Ep6R-rB9IktlnDx5iqW3mR5aj9njiQOA__mRQ-_A-E7cYVc,Balázs Zoltán Sótanyi,https://play-lh.googleusercontent.com/a-/AOh14GhsI_V95HfVtq_WTda6UW8QX8Ah5JDM8x3e8U_rxkk,After an extremely long waiting finally there is a big step forward in usability. On the other hand don't understand why the new permissions.,4,4,4.0.486,2015-02-19 09:14:53,"Thank you for taking the time to leave us with your feedback. Please feel free to write to us at support@mobisystems.com, if you have any suggestions, questions, or concerns. -Mobisystems Support Team-",2015-02-20 03:38:15
gp:AOqpTOGu7D4Nh_W1OUmtDnOm-cHgIVQdUOR01he6rb22fwsWq7KRWkIK1qfA6BdMvnFRd_xE-9aN-8bslvkWKwU,Tiger Koo,https://play-lh.googleusercontent.com/a-/AOh14GiuUgVPCXV3tVoS-j1160SPDneSDk4AP14MQOQC6A,Too basic,1,1,4.0.486,2015-02-19 07:34:54,"Please feel free to write to us at support@mobisystems.com, if you have any suggestions, questions, or concerns. -Mobisystems Support Team-",2015-02-20 03:31:45
gp:AOqpTOFRvCA7q9FO8hXdkHiRg6pQivzYAFduRLqfAkPRnlwoDbJekuZU_itHqiMEoWW-sOTuC2mpi4RS8HYHjk4,Joe Ramirez,https://play-lh.googleusercontent.com/a-/AOh14GjGzFSaSYhILSowLMRihdakqiIiRQWYHcJfxmB9Aw,Works very well with this phone Good job Devs.,5,0,3.2.339,2015-02-07 08:54:38,Thank you for letting us know! We are glad to hear that you've been able to use our app and you are satisfied with it. -Mobisystems Support Team-,2015-02-09 23:50:01
gp:AOqpTOFgWQiHQG2iobUoQuNb290cpkQs_93Z0Nj1ZHsGi90OlTAibQEI4ffAFcd8q2x1p4OfvaKwJ-53SaRe0b4,Conrad Jaye,https://play-lh.googleusercontent.com/a-/AOh14Gj_cNPl2k0xeNaYnab7EIzXyws3BetuvRBsnLBDqA,Will not let you print a full size page. Will not let you import multiple pictures at once. Is designed for slow work.,2,0,3.2.339,2015-02-05 14:14:22,Thank you for the suggestions. We appreciate them and hope to support them in the future versions of the app. -Mobisystems Support Team-,2015-02-06 03:43:19
gp:AOqpTOFliY6svFHKI0IN0poOBNYyXrqZTaNThRBrVxC0FgURaJCkmsm2QyA7QU-BWyWatRZ72s7DvB7V1V4ry4o,A Google user,https://play-lh.googleusercontent.com/EGemoI2NTXmTsBVtJqk8jxF9rh8ApRWfsIMQSt2uE4OcpQqbFu7f7NbTK05lx80nuSijCz7sc3a277R67g,"Total garbage, this comment comes from an adobe photoshop cs & lightroom user. Can't believe they ask money for it.",1,0,,2015-01-23 17:29:57,,
gp:AOqpTOHj9UxCHd0vXxAPSeOzU5C8ypHekK1Fu1WMmS-AX_v593po_Y5W-qQ20Xn8z2ImbWaxgxQbXfwwK4Z5Y1k,Marc - CCVapes,https://play-lh.googleusercontent.com/a-/AOh14GjZCljzIjL8CXk059ceQTtwydlco57X_Z1s2-F0Kw,Works well on the note 4. Has all of your simple to intermediate features. Would like to see additional file format support. Over all great for photos & quick projects.,5,3,3.2.339,2014-12-31 01:49:05,,
gp:AOqpTOH4rnDTH5xOVsIDZG3mYDef_gq-39JOHuLxAz3t1mP3T4muetmkhGcURWOdKFBt4b_8BycRT8qwAp0Getc,RODNEY SKELTON,https://play-lh.googleusercontent.com/a-/AOh14GjXnERIQFbhNygIzh5W0WRwhq9at709o7f6wpuKIw,Best,5,0,3.2.339,2014-12-27 15:38:45,,
gp:AOqpTOFxg9P8-X0EoCioBuSSFX0qS_mTX9R2MChKKOoLlteqD-gepFeUdden9uPT5BQQ_90Ornnl9T_xOlBTDCg,O Smith,https://play-lh.googleusercontent.com/a-/AOh14Ggv4-v0akkmD-6bgwzpb-KZALYdsLgljuvdiFnm8A,After downloading this garbage it would force close everytime I tried entering it. So I uninstalled and tried reinstall and now it's telling me my memory is low. Wtf? Emailed creator and no response. Waste of a buck. Don't bother w this.,1,1,3.2.339,2014-12-26 12:53:17,,
gp:AOqpTOFwo3Bvvue5AOOcTWC-BBDJzDPghaKQCUK32HVLjW6zdB7NW7H7Okvf1O3_NvkFtUWrypQZLLjxej0TBxc,DEW B,https://play-lh.googleusercontent.com/a-/AOh14GjXEA8ZGrZ3p2JP2FdHAfrWZi7NAh7Pn2Hw3wwRKA,App hase no good fetures,1,0,,2014-12-22 06:09:50,,
gp:AOqpTOH0V137WPsX7hmv6XM01cvsarmV4OkuPW0mCUGy7iBsjbOuF54JPQKPc7a23Yehcx08nqj9SzpNY_Q7ZhU,Christina Reuter Mitchell,https://play-lh.googleusercontent.com/a-/AOh14GjWMJaVMHhY3QIrB68KAi7fc6azD3PLPY8YZX2iv6A,App constantly crashes on my Samsung Note 3.  Missed refund by a minute or two.  App is a total burn.  Uninstalling...wasted my money.,1,2,3.2.339,2014-12-19 20:54:29,,
gp:AOqpTOH8htOfRO3FmXdewQ2x7gm-Zc6B0dxSOWZf9JvD7SJvNqQrL66yB64LA-6u8rwfm7FJpsE5CXKTRI8kIjs,Zdravko Miovski,https://play-lh.googleusercontent.com/a-/AOh14Gg50pV8J5rOX6oT0H5yaBaQdtZ6H5j4tgOqyk0k,Read the title...,3,0,3.2.339,2014-12-18 04:36:57,,
gp:AOqpTOHiya_GFQSiKpguIAXcIwl_TfmKV_4VoBo9L_rGMsJBbLqyaJgTGWqIc1aUW6SVYiK2ljJhi1RArX7lgDU,A Google user,https://play-lh.googleusercontent.com/EGemoI2NTXmTsBVtJqk8jxF9rh8ApRWfsIMQSt2uE4OcpQqbFu7f7NbTK05lx80nuSijCz7sc3a277R67g,The selection tool doesn't allow me to edit custom size / shape; the maximum resolution is not high enough,3,1,3.2.339,2014-12-08 02:49:31,,
gp:AOqpTOHrTCinReI4Vn2_L440B2tIYps_wgFAd16HS7QcG1Uah3SKaB8tWzygcqfksBX4fsolbruw2RwIFiBN4uA,Talon Felt,https://play-lh.googleusercontent.com/a-/AOh14Ght7eNp7G3y0Se1BmYuTTgc-8RL0erehVRZkzhoMg,Won't allow me to import photos without losing a ridiculous amount of resolution,3,4,3.2.339,2014-12-03 17:51:35,,
gp:AOqpTOF31eTfthDhHHUqycvaZ25eodbd8TcUHSqI5KFNlpcrBE66fJ53YCIPyIjIHltFV7jqfD7eiVwShEDYMFw,Max Guernsey,https://play-lh.googleusercontent.com/a-/AOh14GibtPNLp3wxyLnqs76BE2dHvbqD3lbgU-n0FOa0jg,"Hmmmmm.  Locks up, not all tools are available.",2,3,3.2.330,2014-11-30 16:40:18,,
gp:AOqpTOHrPq9lCQSVVI07B48A9bWmgSxYwH2Mji5jfN7v5teriZW-wn1kcYaT8drUmW4Djr1VITzUDmIff4J2o3g,ROY SR CUSTODIO,https://play-lh.googleusercontent.com/a-/AOh14GhRgHCisLdZnLGK2CRiHRQddC2T6wG8iEDzElDi67k,true,5,0,3.2.330,2014-11-28 13:25:47,,
gp:AOqpTOFERHFOKnzMpOAfi12_DyKn4YpEUCPD8GeroQ3X3SPXjzIwrHNHbXm7N5AZO6h5GZs4r7YGzQGvoIAyqLI,Wei Kiat Lee,https://play-lh.googleusercontent.com/a-/AOh14GgOeXvtn9FXykw5Uk05hkDk0uk9OW6Hvj8YBiJW,An advanced photo editing tool on the go.,5,0,3.2.330,2014-11-28 08:17:34,,
gp:AOqpTOFzTkbI7ipiwZtWYUud3EwwuB3opjEmbJb2KpyfTFgqUHGMWCvyoTZurcRtMx2m0wQh5_Mi3LE-rOII16M,Gergo Viczian,https://play-lh.googleusercontent.com/a-/AOh14GgC-C46fvserrpFFRLpmkhhPfSsq8MfISfvIczmHjg,"Reading the reviews it seems obvious to me this app does not and will not appeal to everybody. It has a nice subset of the most useful commands in photoshop. If you have a little bit of experience using adjustment layers, vector masks and blending modes in PS you will appreciate this app. If you are coming with an iPhone user's mindset (emphasis on the ""i"" and its meaning :-) wipe the drool from your cheeks and uninstall. I would hate if developers of such semi-advanced tools would get discouraged by low ratings. Android needs more of these apps you can actually tinker with. Anybody who downrates this app actually rates him or herself.",5,17,3.2.330,2014-11-27 03:22:59,,
gp:AOqpTOEdnA8MKsFako-s0EULZ7PVjhcYJBHt_vMn7wXyveIa3UqdXh1SUbQAgX8F2tyWv9_PdOEI_3bAblrpz7E,Rigo Martínez,https://play-lh.googleusercontent.com/a-/AOh14Gh5QWwPhXMJuXt7Id51iZ59Xk4tzHYBDUgBNfi3ig,Amazing app!,5,0,3.2.330,2014-11-26 22:02:04,,
gp:AOqpTOFJeD6w3LPQtIr8iM7TJnwg601zH35cyvPhotvSrl7Em04Q68aW_SlQavXLOjacTqvyZYJb-BhlNadFOHg,TheRealBigJake,https://play-lh.googleusercontent.com/a-/AOh14GiIRoDoIxO70ErW1IA3Vmk9s3axQDPaj33_TRINVAM,Doesn't work,1,0,3.2.330,2014-11-26 13:26:10,,
gp:AOqpTOGMy510-M6fEUAoYYg-gRCVZlONQ2V1vaqDwSKfy38UYueEXVBNiZsqQxj8Q1CDMa6TDqEwo-M5HVh8diM,David Greenwitch,https://play-lh.googleusercontent.com/-OKVY9_B1r0E/AAAAAAAAAAI/AAAAAAAAAAA/AMZuucmUQ79-PpLtOb3RTla-4BZfvBsHlQ/photo.jpg,"Actually not bad (better than Photoshop here) but using it sometimes is not intuitive. Like selecting an area and using a filter, I'd expect the filter only applies on the selected area. So things sometimes dont work as you expect. Still a good portable tool for working on pictures.",4,2,3.2.330,2014-11-24 06:12:12,,
gp:AOqpTOGVLOD28aaEY5pK_TTQ5soFEZbMRU4Fjia2EAim0COBWuw_ptqsA5229m433E2jSrXPmv_RdDAC7mzCIMw,Sachin Shekhar,https://play-lh.googleusercontent.com/a-/AOh14Gg0deBrxGEY9MThMNlDf4lf0D7X0tZTmPkpAdck_Bg,"Learning curve for this is slightly higher, but it's very powerful...",5,1,3.2.330,2014-11-24 05:34:58,,
gp:AOqpTOEll41k9q8F4HT7ixltUJi-TORtBl8vlI8ErCSaVXPVut9xubHX4vUzwAbv_TNLSm8WmBuI9dKMDtemZLI,A Google user,https://play-lh.googleusercontent.com/EGemoI2NTXmTsBVtJqk8jxF9rh8ApRWfsIMQSt2uE4OcpQqbFu7f7NbTK05lx80nuSijCz7sc3a277R67g,"It is not users friendly. I am struggling to know the functional keys to use and their functions in this app. I haven't edited anything with this app. Perhaps it is awesome if understood. Hoping not to regret buying it.  Seen some of the samples work performed,  I guess it will be gorgeous.",4,1,3.2.330,2014-11-19 06:57:12,,
gp:AOqpTOFaJCv417cgwtjNDaKIaxclQ18CSeOMUBK2sMyBDYOmhPGuIuQ2UqpaXzXHcWb0TpIutc9uwO0p9ncQquw,Ewen Bogle,https://play-lh.googleusercontent.com/a-/AOh14GjQJnW5XfcbmNqSAGMo39TOeQxFh2z811rS5Ghi,I paid for the Pro version of this app and I have battleed with it from day one.  References are made to menu items which do not seem to exist.  At the outset I did receive some advice from support but that has since stopped.  I'll give it a few more days and then I'm afraid it's going to be a bin (uninstall) job.  Pity because it seemed to have potential.,1,4,3.2.330,2014-11-01 16:33:51,,
gp:AOqpTOHnyDBFndr9gYFWyLxgb80kCpJ1kwhyE5WbzlVTQ98rNfyEbsCiwvixbSJ0kjkiI02Ax45R4tPsl3Fb0lE,Dean Hull,https://play-lh.googleusercontent.com/a-/AOh14Ggj-tFx6PrRSQ8BU88YmpbuuD-9jyiucafFgB8-KRQ,Beware!,1,4,3.2.330,2014-10-27 05:48:24,,
gp:AOqpTOFoTTrg9QG6_GCtKIyk1dUNq8HInG72UpVuCXdXUCI15PXMx58CND_B8ZAXMs6sPykETrUCYnTBq4gX00Y,ren ramir,https://play-lh.googleusercontent.com/a-/AOh14GhICbpMP0Aa5YETr-RXEe6A2E24J_IkGyjbFa7jag,Awesome,5,0,3.2.330,2014-10-23 06:57:20,,
gp:AOqpTOEvqjvX_PCei51pdfHdL4fUVSu0wH4nn7CQXYGPRNmXUaDjA3NVCXJSA5LWkdtxZQRTAGIqtcUF3R-1QE0,Richard Mata,https://play-lh.googleusercontent.com/a-/AOh14GhfCWgfd2_aCc_i6zP6pCE1Bi7VHAffeQ9fDSHW,"Hi, how to add fonts? Bought office pro  and this software but got limited fonts?",1,3,3.2.311,2014-09-02 19:58:42,To insert fonts please create a folder called Fonts on the Internal SD card and add .ttf and .otf fonts to it.,2014-08-25 03:05:02
gp:AOqpTOF9Ls2y8k8frccZSkrA1dVbc8SQcv9z2E0kE7u18d-OZwFQEcIBoaAckzf9XDPHQFJ5sUj0VLuorxfTgXA,Lex Rivera,https://play-lh.googleusercontent.com/a-/AOh14Gj0S0v07c6HjfR2p_sv7uAPS7ZJ0bF9dd6hc5V61w,"Unlike alot of ""editing"" apps on android which only allows to apply a bunch of pre-defined effects, this one is like tiny photoshop. Very good, but selection of tools is small.",4,2,3.2.311,2014-08-25 08:44:32,,
gp:AOqpTOF0W2v_tG3Yt48jtXkPI_AkfIvg0X9-QxXL9ogHwX3Zdb1fLkq-6Z7ehJQTpT06_CNfoF2hpMf6wQe9P-o,Irina Rasid,https://play-lh.googleusercontent.com/-sjwnHV6XgnQ/AAAAAAAAAAI/AAAAAAAAAAA/AMZuucmYlbwASONpd0cuckKMeF9HYSs5NQ/photo.jpg,So I bought the app for editing pictures that I have inserted into documents and an error message pops up every single time. Haven't used the app even once so far,1,3,3.2.309,2014-07-10 21:16:00,Please contact us at support@mobisystems.com and we will help you.,2014-07-15 05:11:05
gp:AOqpTOFEo38trn6tBEefmMiFMKhefFHHTE9evVEfwtvutDMW-xve1TnzizUyUtWHDmujN2ak9WNBjhHnnqEF9K8,Louis Walbourne,https://play-lh.googleusercontent.com/a-/AOh14GjhR60ocpEhNecht8jUp-2ALrL2memehkXRWCGNYg,Crap!!!,1,7,3.2.309,2014-07-06 20:06:09,,
gp:AOqpTOH3TsBhsOKegDHDq3RzLYYA6xYTTLpOiLbU5X3EUBOK_wiCknbQ_5i2BRJKJarX7GGG4C3YnVSbzGukFy0,Lee Moomin,https://play-lh.googleusercontent.com/a-/AOh14GjAQ9AikwAupAgsyIeq7bJPL2Fz6nKo__DrxJfW,"Not that I cannot use it or anything- but this is just way too complex an app for the quite mediocre results it produces. There's really far better, more user friendly apps on there to spend your hard earned on. .....oh and that 'Device ID & caller info' permission is just too dodgy for this kind of application",2,0,3.2.184,2014-06-29 16:24:19,Please contact us at support@mobisystems.com and we will let you know anything you need to know about the required permissions.,2014-07-15 05:13:17
gp:AOqpTOE9VqqBKEeQHA5VMhpml6mQYXdcUkubM-vnGQakHZzY3_nSItJPOAUwsej4VrSO3MsLB1dBA2gTpyT5qRo,me only,https://play-lh.googleusercontent.com/a-/AOh14Gjowk4U_c9WHNpaNIbvD_2TSsHevkT6Ebw_YS43jg,"Is the most complex photo app out there, need to know about layers or learn, is a strong, almost computer or computer photo software options in terms of layers. On tablet work so much better and better optimized for them.",5,2,3.2.184,2014-05-22 07:22:28,,
gp:AOqpTOEvCkIuWTx5PB_SJPSMr7r9YbBGbxsExf6d2BWksTSosZ542BCvLadnkSjkhOGkTlwd9JCP7EgeBzSh5AM,Steven Flanagan,https://play-lh.googleusercontent.com/a-/AOh14GgBaymJ8mML-BybSVYWc6XB5YqJIjGZLp2N0s89blA,Confusing.  Seems like a ported application that solves a problem that didn't exist.,2,5,3.2.184,2014-05-17 04:18:20,"Hello Steven, please contact us at support@mobisystems.com regarding any problems you might encounter and we will help you out.",2014-05-29 01:09:47
gp:AOqpTOHETpWUt6TSxZXoJzk5nCubYYfllxwiuTcKAWw0o5nOqgHoJ6na4C1M3B7r5sSDrR6MxbMX3X4OioEugGM,A Google user,https://play-lh.googleusercontent.com/EGemoI2NTXmTsBVtJqk8jxF9rh8ApRWfsIMQSt2uE4OcpQqbFu7f7NbTK05lx80nuSijCz7sc3a277R67g,Very difficult. Adobe Photoshop touch is much better. So bad... Nexus 5,3,2,3.2.184,2014-05-11 08:47:07,,
gp:AOqpTOF7A91jtjvLi8GcWcr9s63_6Zpp1MCdTv9y4hRmXvMwxrkuN7_4nneTeIcxPG2Mpiaiu28bjwEFi8bixZc,Ed Wouters,https://play-lh.googleusercontent.com/a-/AOh14GiUQ7yfiGceiagj_jU76JaVqrWU-9BUXYEGcTbV5A,"For the money I paid,  way too complicated and certainly not user friendly. Maybe if the user manual wasn't so abbreviated, I'd get a hell of a lot more out of it. I really was expecting more from the app, but again, was taken by the developer. Too bad.",1,10,3.2.184,2014-04-20 20:27:08,"Hello Ed, please contact us at support@mobisystems.com for any technical queries you might have.",2014-05-29 01:13:42
gp:AOqpTOF8Y8zWWzIgUHh4u6P8DpAVbbRg6qTokkWCoBoK8G-aSngsIOL8f7O_0Epj2LlPRXtV6L8R0hcS_vtkWvM,Karl Martin Drury,https://play-lh.googleusercontent.com/a-/AOh14GiTEsq07wCuw6c_cyx8KpDMjrGrFezBEa2t_MEZaw,To difficult without video tutorials and there are none to be found anywhere!!!!,1,4,3.0.131,2014-03-20 11:08:56,,
gp:AOqpTOEgy2CjPS6r2F4YQO5nHtDS6SOQ0Wq9QQajge2xZ4Hbgsex1xoXzOy2gVet86ecn9vBUhbBdOBdvMAFAV8,Sagar Kandel,https://play-lh.googleusercontent.com/-SqwHjJYrFe0/AAAAAAAAAAI/AAAAAAAABkM/AMZuuckNSfi5KiXIz6laJqM1V6LMSGT5NA/photo.jpg,Better then Photoshop but it's lags.,3,1,3.0.131,2014-03-17 09:25:56,,
gp:AOqpTOHiB7GN-1R8vYFHGTe1oZfHQTypTbrddU4LMrItiTlNYNmdT_6pMa5DejDyvbjcqfUMf2DuBpdSRFzxPRU,Bob Bell,https://play-lh.googleusercontent.com/a-/AOh14Gj3Pr-SrxTkh257Wn8ot-PlQhY2ut4CV4BPBKJPbC0,"I thought it would serve as a neat photo editing app for my Nexus 7, but it only limps along with simple projects, (2 layers), then crashes before you can export. Now when I open, it says Error and only lets me send a report to the manufacturer, telling them what I think of their product. Big regret that I bought the thing.",1,5,3.0.131,2014-02-18 06:44:41,,
gp:AOqpTOGjoa_K6b-T7D_O2bps_l_qdL_ANKH7E9OnL8DN0P78wA36uXwKmx7hZOnpf1BQ9J52g1LgEP-tcSiGCFI,David Blackwood,https://play-lh.googleusercontent.com/-3fY9oUzxz3U/AAAAAAAAAAI/AAAAAAAAAAA/AMZuucmH4o_GAdGorUBNVwDj2H2mZ0GMjA/photo.jpg,"At first when I purchased the app, I barely used it. Big mistake! Now, those Other photo apps better take notes because this one is coming out stronger!",5,3,3.0.131,2014-02-11 20:49:22,,
gp:AOqpTOFEElqNMExzAjYkEjwJotbfO7SjS4OUjp4GsX3oYDd5dtA9KNRVKtGeptq9mDAEKNPs3x1vxM4WeHhClYA,william case,https://play-lh.googleusercontent.com/a-/AOh14GjvfSIPcnL5rmz5x_4IRRSlzYdzWxjE_V2Z7GkF,Crashes,1,1,,2014-01-22 23:37:45,,
gp:AOqpTOEAhonwmWVcyDRDkCgXgQ8RMdFJJWRo1DWaW_AIZYte0X4MJ5XLrbJn5btjhjwUbSu1kUWOz05ysvzgY0Q,James Sherrod,https://play-lh.googleusercontent.com/a-/AOh14Gj-9PfjsMke3AOXrBXVUZg7VeK9hJa7j4Aj-n7Y_Q,"It's  complicated.  And boy  does it freeze  up,  alot.",2,4,3.0.131,2014-01-15 21:22:35,,
gp:AOqpTOHa5rT45MeHheWPaaP-bCn1p8UjNqpNxXKuJWrTZ9fTl1dNCOiNj1obxDKNCR97YdN582WRWru94eQiib4,RUPERT,https://play-lh.googleusercontent.com/a-/AOh14Ggm8M11wo0jsu5AlZv_vH7jXAsc16CEpLFLSIod_Q,Waste of money PICSAY PRO IS A TRILLION X BETTER 👺,1,2,3.0.82,2014-01-15 07:50:59,,
gp:AOqpTOEtvMf_RSlGk0dHAtT1SNjglFnG6QmWFD51P6ETKOuqSZ6LwIP8TFDPf7JqGKZa_SGyN7p8UmzOfDYRBxc,Mona Washington,https://play-lh.googleusercontent.com/a-/AOh14GgQ2onKzHLpmCVmXiZYuvI8JOx4nfFyhK1sVaB9Wg,My biggest complaint with this app is that it is not user friendly and the help is not much help.,3,2,3.0.131,2014-01-14 13:44:26,,
gp:AOqpTOHceSXELwyVrtN5TNHfWSwJm4TZVwkie0wdQmy_zj-Qh_8nu2MbZXGgQQlzYN64_rwtv17eMiYYl3sPuc4,Kam M,https://play-lh.googleusercontent.com/a-/AOh14Ghbpx2Erxdlcphbk6GrIcDzVtww5bLwS5gTPptaOg,"Now waiting for speed boost, many thanks",4,0,3.0.131,2014-01-14 09:19:43,,
gp:AOqpTOHYda7drQV3SmIfMTFgU1IBD2oeD9uqWY6cSsp6BYrxlQ5oj5jailj-mpwhG95F3UDe0yWNBur2QjYJGvo,A Google user,https://play-lh.googleusercontent.com/EGemoI2NTXmTsBVtJqk8jxF9rh8ApRWfsIMQSt2uE4OcpQqbFu7f7NbTK05lx80nuSijCz7sc3a277R67g,There are some improvements needed but this is a great start. Thankyou,5,3,3.0.131,2014-01-14 07:52:37,,
gp:AOqpTOE9G52iZXtRwk8d1HQiE5hgb0QvmDC77G-Cngg5m6JHJu32JcnoXJo1csO-YTk-7OPpXF1cVtYBieazvCA,Francis Thompson,https://play-lh.googleusercontent.com/a-/AOh14GjhnwnuyoNg4GRvGmc4dSUytkDeoynA7T7K3MlZ9A,I am struggling with this at the moment but I am inclined to blame my own lack of knowledge of photo editing in general. I particularly struggle with layers. I don't expect detailed usage instructions for the price. I will plod on with it and hopefully will improve in time.,4,2,3.0.131,2014-01-14 06:42:01,,
gp:AOqpTOF4dwIeUaIXa9hqBm3CqY0AoJ7iEl6OuhF8nFRLTzGbfcwTHzcA14x0nSMVqZVpHNzeixrq8WUzrzJeAQY,Bob Breakell,https://play-lh.googleusercontent.com/a-/AOh14Gi7cY4qEEV-O4z9C4G5wX1VKzYyOM0uQRZNXH-YcQ,I am using this very little because of not so user friendly.  Haven't found settings yet but it throws my exif data away when I save. Where are all those copies being saved?,3,3,3.0.82,2014-01-03 09:43:15,,
gp:AOqpTOG9JGz77S-CpA7KfUKu3u82G90bnrj6wiDchDF0onOzXwywuABRBUvg9gShKmA9iehOJcgZ4nbiFJWOhbo,Tabatha Barnhart,https://play-lh.googleusercontent.com/-3NjibUj03-I/AAAAAAAAAAI/AAAAAAABBKM/AMZuuclVXqItmIFGW2FLRW5BELv4q-C5Yw/photo.jpg,It seems like it would be a nice app but it's hard to use.   Not very user friendly.,2,2,3.0.82,2014-01-02 03:30:26,,
gp:AOqpTOFdwwsZYCsOYSXmx1EQk5xYbfQ56pTiBWBkNpWPVI5_hOLAUEVaOAp10tyODheAFhwn5hGwCjis9vrWOvw,Angela Campbell,https://play-lh.googleusercontent.com/a-/AOh14GjwmNmrG3V_X18ZEDab7y9gQd0j3lMWdlSaQYztSuk,No thank you...,1,0,3.0.70,2013-12-16 21:53:24,,
gp:AOqpTOFuqfrrvy8jda5e-viLTN5GYjD5bfi_YFI_fcBXcYaie55trWHK-TPd_SrrKUTz0AiqqQAOIPQNFokMuqE,Royston Field,https://play-lh.googleusercontent.com/a-/AOh14GgUYNk302iT4-2jWD3-L3YVkcuor5CeYh7vvhBcVQ,I like this a lot it does all it said it can & more well worth the little price for such a professional program dont bother with over priced names this does it all thanks DEV 5 Stars,5,2,2.0.18,2013-12-03 18:01:20,,
gp:AOqpTOEfjzDZC2gJqQ5ZIfMZ8iONwjwu-JzeWZcFeHvRlZQ0Lcl2n5ggWZT76ypEQRaGt3f7RCv-lRP5r3mbVqE,Ahmad Nurdiansyah,https://play-lh.googleusercontent.com/a-/AOh14GhISs2Vtl_dfg2kEla5_mI06neHUlXUuyKe-i869w,Lumayan. Tapi rupanya ada yg gretongan dengan performance lebih baik. Nyesel deh gw :(,3,1,2.0.18,2013-12-03 13:08:23,,
gp:AOqpTOEbjHk08tM8Eg8juKypJ1HDIMQxnm2tfiF4LegANTtb0SIGFdQ-qWnm6XOEGBS0CvMfEyCFcvF17DDfGYo,Abhinav Jain,https://play-lh.googleusercontent.com/a-/AOh14GhjEMJrRLU9m14GeXEnOdMz6G0hi3wMFVq2njWiDg,I Purchased This App But Now It Is Not Working With My Brand New Galaxy Note 3 SM-N900. I Sent A Mail To Customer Support Which Was Replied With The Response That The App Is Not Meant For Tablets. Did Not Even Care To Check That I Am Using It On Mobile Phone Not On Tablet. I Have Since Written Twice To Them And Have Also Sent Error Report. But Still No Response. They Are Just Fleecing Customers. Not Worried About Customer Support. I Really Wish I Have Not Spent My Hard Earned Cash On An App By Such Developer With No Sense Of Customer Support. Caution To Other Prospective Purchasers. Don't Buy. I Would Have Given Them -5 Stars If Possible.,1,1,2.0.18,2013-11-28 18:35:13,"Dear Abhinav,
I apologize for the delayed response, we have been investigation the problem you reported since yesterday and we are currently still working on it. We will contact us ASAP. You can also write to support@mobisystems.com so we can email you back with the solution. 
Thanks.",2013-11-29 00:33:54
gp:AOqpTOHrvVsJTD1YYcAfcPA7L2zhnYneSljP7quC-lufgToHEUflMQX1nXkZnHv39bHl6IHrtBmzyYsYY_ZptNI,Sirius Lee Bakoff,https://play-lh.googleusercontent.com/a-/AOh14GinFubR68t-GJVdQANvtNcVTQTlg4rpCAmOutQA_vY,Unintuitive. Wasting my time.,3,0,2.0.18,2013-11-25 08:08:28,,
gp:AOqpTOHUmipHDYcBYQL1bFX2l-vLjSnmeGC8122-UeLTLZwBCq0X9zmpjPZ1NYilykLmZvIkPxdjni-oOV46Km8,My Vita,https://play-lh.googleusercontent.com/a-/AOh14Gh-0JbwZMYwk0PbqRdWsaIh6ecsT4mamFfO94QY,"Every scene, every photo is gray, like the screen is on dim, WTH no one else has this issue, my tiger cub is bright yellow not gray yellow!",2,0,,2013-11-13 05:12:54,,
gp:AOqpTOE-CaFCMll82Bfeaf2lmT5t4uTCbONqnACZ70-9L8-isOzFXww9CirkHDuGJg6dzK_97VB-JqVzGfMNffM,Dillon Pike,https://play-lh.googleusercontent.com/a-/AOh14GjvZnM6boeVj550ejpMP_UoYVj8SqD6NB7CRsLuUHE,"Would like to see landscape/tablet support, otherwise it's a great app.",4,2,2.0.18,2013-10-12 14:17:54,,
gp:AOqpTOE2VQEiMFOdQrIydOr4Vl5BEW-iPHO0Kr1eiDd-1FrJmHO_VqFtAzwKsLnpmr1ZVPmOq00cuinN2tLhJo0,Toni Czec,https://play-lh.googleusercontent.com/a-/AOh14Gghw5IVEmLjhvPRrKrrFB9gKfjgtX7iwZjHgqawGg,"Nice app, does a lot - but now it is 5 stars.  Thanks dev for rrplying and telling me where to access the help file for printing...you rock!!!",5,1,2.0.18,2013-10-11 11:21:38,"Hello Toni, thank you for your constructive feedback. 
You can copy and paste this link in your browser in order to print the help file http://www.mobisystems.com/photosuite/android/help/
",2013-10-11 01:44:26
gp:AOqpTOFqCREMlQZlNpPdd0Zlri_fjibt6J3VY3acERsyGPhqyq7FEi9zj-LbaBZzJbCoHBLAsyaB6UCell6cbUk,Jeppe aka Huggingswede,https://play-lh.googleusercontent.com/a-/AOh14Gh7DD57dwHXUxj1G_lFvHgPQ96vXh7VtMTujtAKKjg,... But I have no idea how to use it.,2,1,2.0.4,2013-10-10 11:43:20,"Hello Jesper, please copy and paste this link in your browser in order to get to the help file
http://www.mobisystems.com/photosuite/android/help/.........

If you are still having problems, please don't hesitate to contact us at support@mobisystems.com for additional assistance.",2013-10-11 01:45:53
gp:AOqpTOEsx9U4TrbAGrz3n5JYyIyGPJOV-bBbfrYK40w1JNQPM_dINSoV75SvGpCTMKQVI_645wc5Ja-4_j0bD8I,Pete Mazzaccaro,https://play-lh.googleusercontent.com/a-/AOh14GgaiiHjPQvEuWUhbTNKD6FSz3_4vJOPsERyCHn2HYU,"Seriously? Like this developer, but this application needs help.",3,1,2.0.4,2013-10-08 13:25:30,"Hello Pete, very soon we will release a tablet version of PhotoSuite 2 that will support landscape view. ",2013-11-21 05:35:06
gp:AOqpTOEg0Aqzxgbv9xA8y2gfI5RojwnerUEb92wZJxDDKsx44RoEMVAc0LBG9lE1PpLT0hgxNlISG_MJMGfS678,Pepe lopez,https://play-lh.googleusercontent.com/a-/AOh14GiOAoY9fHGoXglhzq-saxHSDzXvTrKwQRZL0bLB,It does all I often need from Adobe PS at a little fraction of the cost.,5,3,2.0.4,2013-10-06 18:51:57,,
gp:AOqpTOEaICk_JrzjX3-MaLDHYcTrqyDAVNDtLjrYhT6O36JikU2c-lmB3urzfFZ_xqJVG4tAl5O5jovsWD6BalQ,Sergey Plokhikh,https://play-lh.googleusercontent.com/-Q38yjdD6zMs/AAAAAAAAAAI/AAAAAAAAAwA/AMZuuclzA-uFuSNrgEq5OqeD2e8wwvtLxg/photo.jpg,Good app,5,1,2.0.4,2013-10-05 06:56:31,,
gp:AOqpTOFxUW8ULYw3iUmfRP66dOGrTTd4FEWIHCZK4x8nSoirInbxshY-8VnLRzWfA3t44QyKiPi-ij6-cOz7WEc,Chris Maxted,https://play-lh.googleusercontent.com/-Am9-ZS8W_Co/AAAAAAAAAAI/AAAAAAAAAAA/AMZuuckIcBIHQh4LqDy6QUCgwXVzVnanjw/photo.jpg,Does not accept pdf's.......,1,0,2.0.4,2013-10-01 03:29:50,,
