reviewId,userName,userImage,content,score,thumbsUpCount,reviewCreatedVersion,at,replyContent,repliedAt
gp:AOqpTOGPE7u8uhy3xzxoPhdKrL2HKQnWQJHPwgUy6wFPwlz80_kXEpxN0Ss-SxAVIEfzr7IsId_TFWZojT60TCc,Heather Rainbow,https://play-lh.googleusercontent.com/a-/AOh14GgQoV2oGfRK2dDKK_UQf2NB5TXn8hW1wlLFuVoPCe8,"Crashing after photos taken, before they save. Keep getting a warning that it's made for an older version of Android. I loved this on my iphone, so disappointed it doesn't work at all on Pixel.",1,2,,2020-09-29 17:09:50,,
gp:AOqpTOEVBIkxViJFC4MNGZOoinaAuWB79iWGXPQGQQvlxmFtQ3dGgS51g-YVfFKHnzlJI2eKaTliUO0Is6WYGDM,Elizabeth Rojas,https://play-lh.googleusercontent.com/a-/AOh14Ghi7gVJuJ73Ajn6yU72PSMJSCNx1NyMVrQWZGndCw,Love this app.,5,0,1.5.0,2020-03-27 22:15:02,,
gp:AOqpTOEfsQUUozyGqUGDLpyVVXY59wvHI-QDXRU1xxd_d3kKYRUZWZiLGQordYx-TfkxbIR-8W0DRP788I3EN9c,Randall Schirra,https://play-lh.googleusercontent.com/a-/AOh14GhctxeS5fqDn091OLqwrmGqoxkm9GByxE0GQFS7,Very basic and cabt print side by side strips on a single sheet of photo paper,2,0,1.5.0,2020-02-02 03:51:47,,
gp:AOqpTOGqpKBYcfTBBj4Ghp-AyAcTEedbqzC0A2aO4ZosY8gQKF9dqscrpQo7vak0mLKuQ7kZhwHZUTyIesoR1uI,Quarry Wilson,https://play-lh.googleusercontent.com/-qCWq9ED5Wvc/AAAAAAAAAAI/AAAAAAAAAAA/AMZuucnQS2ZrIEuVeeCQwRP9fzGMrtr4GQ/photo.jpg,I used this a few times and its ok. But I would like to know when will you make party booth available on android also? I love that program and it is awesome and simple to use.,3,2,,2020-01-06 04:38:31,,
gp:AOqpTOFq5VYtuqODrejTDstJY-FNsfybaeTV1cTr6GieAj2J0qjthiHWoIL8k0ZwGQZVMck9V0PSQ_ZOeb7wlW4,Louella Nieves,https://play-lh.googleusercontent.com/a-/AOh14Gi8Zqi3cEjU4lRRumcyzVeU_fvCWTaOBVdgARsynQ,So far..so good. Very simple to use. Always a hit at parties.,5,1,1.5.0,2019-12-27 11:23:41,,
gp:AOqpTOECiy3GIXrduAXqUlB6oG5-R2MDDD0yB_UoVdoCXpDz83J5iFjArXjDVyw1lYIPZDDbRwRcomuN26nXuwU,Kristian Gruber,https://play-lh.googleusercontent.com/-B1HJP4z0iD4/AAAAAAAAAAI/AAAAAAAAAAA/AMZuuckZBWtajk6hEDed0VjkNJNmn--jXQ/photo.jpg,"Great if you want to just look at pictures, or send them to social media, but won't send to a wireless printer 12"" away. The Tablet can send images to print but the app doesn't see the printer. Poor",1,8,1.5.0,2019-11-01 14:05:57,,
gp:AOqpTOGClEvLvkghY0Aa4RcotozpUVjxg9rMlqq6nsK3A-gW1ZowKlzWjwh3UlB4XjZF8028eiUm10HZQCeIrIE,deb wal,https://play-lh.googleusercontent.com/-yPMlHHfEjlw/AAAAAAAAAAI/AAAAAAAAAAA/AMZuucl1pXULgteXR3hXpaoDwlEWohvgDA/photo.jpg,love this app. no issues. no problems. just like the old time photo booth. have had in my phones for years! note 9,5,1,1.5.0,2019-06-22 13:52:40,,
gp:AOqpTOElJm0xOFuynRGYkVrsasUjzL6yCnbxbcScA5-kMHSqu-CUIZwy2_Qm684501u9mTz2PjFtTpQnGj47_Jo,A Google user,https://play-lh.googleusercontent.com/EGemoI2NTXmTsBVtJqk8jxF9rh8ApRWfsIMQSt2uE4OcpQqbFu7f7NbTK05lx80nuSijCz7sc3a277R67g,The share is terrible and won't easily get ready for the next set of people.,1,5,1.5.0,2019-04-01 00:44:14,,
gp:AOqpTOHAd4_sKfci6s2EhgFJG_iH20Lb49Y7SvZ-2eqNDWrpR3CLzunKX2ZJkm8GTDaI931BkgaU-k5X-tVuoAw,Caitlyn Pardo,https://play-lh.googleusercontent.com/a-/AOh14GjVGSKMt3G-T5TmbEyDRH-jiCZ6eQezUmZtEDvRVA,doesn't work so hot for my note 9... I mean It does print but it goes to my canon selphy app to print and have to press all these buttons to print not what I want,1,8,,2019-03-23 10:55:49,,
gp:AOqpTOFEPyeDnFhIATq6P8hgenvatiwMxpldy79D_jr-TYbBzECWDoSjATZE86tcJ3-fStYv9qzYtl11yhVsIn4,Cynthia Juarez,https://play-lh.googleusercontent.com/a-/AOh14GjrXSVXvfKPK5UMCsDk2Oa-be4FWopqOo3dp3D-1Q,I really like it!,5,0,1.5.0,2019-01-09 20:54:02,,
gp:AOqpTOGQQ7jkrh735FHqWbYz3yWFcXuLCZUhzEuSPcbjs3rvyHNARm7K6pe1v5u9o-0Rn7A_i_eWUFRKtJX1TjM,Sage,https://play-lh.googleusercontent.com/a-/AOh14GiMXG2dXEzhS1Lq67Osi7BO2mI251I7Sap4fNO0ew,Not great. Very basic. Not even a timer,2,7,1.5.0,2018-11-04 19:50:55,,
gp:AOqpTOGlTbRwegeL1cFHYjfjUVDIZ5z-C9o1GEc3ryysr0zxSPo5c0JioKXzA71GD4-0HIW2jjuKQPdaLhyVbMY,tealady33,https://play-lh.googleusercontent.com/-TtfaaToI9Gk/AAAAAAAAAAI/AAAAAAAAAAA/AMZuucmEHfVRP332OfDLFkQf0z01Gj79tQ/photo.jpg,I have a Samsung phone. How come in the app demo it shows flash but yet I do not have a flash option. You also state that I can save to an SD card...again I do not see that option. This app is very limited.,2,3,1.5.0,2018-09-09 10:17:39,,
gp:AOqpTOFaQVy4ZKUY6Wt2XpF5SSWzfP6JfU2tHRjT1Rmk6GP2wkgvEfpR2w6U-Pe7icJfPB03CjsCcG8WCvLxW7w,James Bond,https://play-lh.googleusercontent.com/-8XCUxsNnEaw/AAAAAAAAAAI/AAAAAAAAAKU/AMZuuclpIZkS0hs5ST5cmiDvBnoULz9W_Q/photo.jpg,Grate app,5,1,1.5.0,2018-07-30 18:37:34,,
gp:AOqpTOFSmvfidNLQ93sNhHEZnzV59qZlufGebOmD0tBbemD9bCvynzVvo7QGVm3l0piyT0JY7OezypORRXYsnWM,Chirag R,https://play-lh.googleusercontent.com/a-/AOh14GhqyTu9_il5hDNR528P5u6p6gia1kxpLcK1R6Qgxw4,Purchased the app twice but could not get it to work on an Android tablet. The support team was not much help either,1,24,1.5.0,2017-10-29 21:04:36,,
gp:AOqpTOGwkW4rI7xQI-dlC8qEq2MDvyLSbdXINw65ibM004CJn3AvcjtDPMvFQtiylyEwBIGp_PCyQzV-oyYzvAM,A Google user,https://play-lh.googleusercontent.com/EGemoI2NTXmTsBVtJqk8jxF9rh8ApRWfsIMQSt2uE4OcpQqbFu7f7NbTK05lx80nuSijCz7sc3a277R67g,This app is fun and the pictures look great. Definitely worth the money!!,5,11,1.5.0,2017-09-04 15:42:38,,
gp:AOqpTOH8cQU3BFGX7fs0EW7AI5QZP1I5CfU2wki5EUJ1tNaKyxFcOhFQ-Tf9mx1D-jrbYCTuv2Ep9bnqfB2fIPE,Roeana Hernandez,https://play-lh.googleusercontent.com/-U6N2rZ4ds3A/AAAAAAAAAAI/AAAAAAAAAAA/AMZuuclPU580JhrucbKHNxq2oT-wpxVoAg/photo.jpg,Wonderful finishes but needs print option.,3,1,,2017-06-23 12:29:42,,
lg:AOqpTOH-2yNKkO-7r7qGV6IHnRB6J39cx-L11-rU3J2PH0GE8zCiqgLhK0j1ip8OX3dGmXCDD49kvjbnLScsOpo,A Google user,https://play-lh.googleusercontent.com/EGemoI2NTXmTsBVtJqk8jxF9rh8ApRWfsIMQSt2uE4OcpQqbFu7f7NbTK05lx80nuSijCz7sc3a277R67g,Attempted an update but it requires access to my WiFi info and list of any of my connected devices. I find this extraordinarily invasive. Removing it from my devices.,2,4,1.4.0,2017-04-21 03:52:13,,
gp:AOqpTOHRRdlkYw1wjhQFXm5QTfpUho3aqW2fKKTwGUgDtVvx9DyoCBQg_rPJKz2DLrU6Wd3ilwHuMVArYXF9_bU,Christopher Hazboun,https://play-lh.googleusercontent.com/a-/AOh14GhwqH9OxKyrppD3Cl-NrOMm5pxbXA8mCl9Bcn1i,"Mainly, I thought I could set this up so that someone could email the photo stip to themselves after taking their photos, but have no email options, at least not on the Android version. Photos were displayed sideways in  the strip. Also there is no countdown timer which seems kind of necessary? Will probably request a refund.",2,54,1.5.0,2017-03-30 19:39:46,,
gp:AOqpTOFmsup2Y1bNfbdlZs3GGWIbC0xynOMpTPLIMsJ22GCodTObwNWU_H8B3qNnpbUL_wMD52RJ0t1IOCsGivQ,Jangy Gy,https://play-lh.googleusercontent.com/-0IktOnt63WE/AAAAAAAAAAI/AAAAAAAAAAA/AMZuucnYnkxxOLVAOiKYLY2Zw8iHWSmdOA/photo.jpg,I want the option to save the pics in my mini SD card and not my phone's internal memory. Also hope there was option other than just strips,4,0,1.4.0,2017-01-21 17:11:05,,
gp:AOqpTOF_KxYK4eq6ThpuylDqsE8fk-J7ra8F9n6avu7-15ijBr91C_m9VJwY11ydOrP8Ppi39TqKIIDD9I8NbpU,Alex Champagne,https://play-lh.googleusercontent.com/-idqTc9rFaIU/AAAAAAAAAAI/AAAAAAAAAF8/AMZuucl0kSlDvmo5ULT2iUy8-JBgcRGj-Q/photo.jpg,Question - is there a way to get a countdown timer? If so 5 stars for sure.,3,1,1.4.0,2017-01-04 12:45:32,,
gp:AOqpTOEPEBrMseAEk19PFizdGel2X8gy02xHNKC2W1beEi8yetwyDm_-UrPaGW3480tweJ67k3AQK9kRFg2F1-o,Alejandro Sanchez,https://play-lh.googleusercontent.com/-lwDbZqtDUB0/AAAAAAAAAAI/AAAAAAAAAAA/AMZuucnK6B7Yli8bgcKfgL7Q9fCIY8UJ7w/photo.jpg,"I would really like a refund, app has half of the functions that it has on ios and is twice as expensive, don't waste your money here.",1,3,1.4.0,2017-01-03 01:10:19,,
gp:AOqpTOHAsWrvOZGNyz3Uwbz0A8LrbuTHJUGBkINStpRqlYN3AK79CbZvZbPUb1chLPlzDmJfFHBsj8hiTnNCAcI,Elizabeth Flores,https://play-lh.googleusercontent.com/-wVm7jpHNE5g/AAAAAAAAAAI/AAAAAAAAAAA/AMZuuckxfPKs6it31ATDrBq258LV239oLA/photo.jpg,You can't  print to wireless  or change  lay out,1,1,,2016-10-26 16:48:10,"Hi Elizabeth, you can print via wireless but Android requires that you install the appropriate Print Service Plugin (akin to a printer driver in the windows world). So, if you have an HP printer, you'd need to install the HP Printer Service Plugin. Once installed, tap the share icon, then Share/Print.",2016-11-15 12:53:25
gp:AOqpTOHMRmkq3p5Fgs_7vtR134RxD3i74Fb6Q2ZE9dcr878A4rGrYlZPDncNdCEI_0n9g4RcsVJgGseXtJwfUvY,Sabine Azemar,https://play-lh.googleusercontent.com/a-/AOh14Gj4dTw2iwuS1Vi1lIdCdi-aI71NXeEL-Wmocpnyrg,I only bought this app because my friends  (with iphones) could have the photos printed and shipped. Why cant i on my galaxy edge????!!!!!,3,12,1.4.0,2016-09-05 14:28:37,"Hi Sabine - sorry to disappoint! We have not added the Print & Ship feature to the Android app, and don't have it on our current roadmap. You can always print the strip at your local photo finisher (Walgreens, etc) for a more professional print.",2016-11-15 12:57:29
gp:AOqpTOE4tNNtm2RGzbvL19Hxo3V-o3yUf_5GbFtEdc_xmpQrMI3gcyJPPIKqCIHxypGMNOlyQdqt59NtPlP4hhc,Lance Hancock,https://play-lh.googleusercontent.com/a-/AOh14Gh1gnHU5Rj_0Za02-Qw72oGL0qMCxOo43I8bd2izA,"love it, open it up round your friends and make memories!",5,1,1.4.0,2016-01-17 04:15:34,,
gp:AOqpTOGftQJRD3Fdx4G1WTtLUn6tS4kz7CgA24OEAX1twAn8K7SiTrxt4Nc8b84OnlwTtY-D77js9THrc-aqrmM,mark,https://play-lh.googleusercontent.com/a-/AOh14GjkNHAnj5NdEgAO2_IIWHBsmmeLLIAMaFDM6DtPQQ,Awesome app,4,1,1.4.0,2015-12-18 16:50:34,,
gp:AOqpTOGb7L_3j0zZYcKdX6Jrr83Fhe9V5YVcnPVKD6I-WbXyIhl4PyBlcM4DuqDARfUQFiLB9QLlftnr7cEWAKE,Colle Gilliland,https://play-lh.googleusercontent.com/a-/AOh14GjXiXBAbrr0TCXVQaJUe7IPlZXjIJycxixNWMZ-rdk,Only suggestion would be to offer a  account log in so that if you break  get a new phone you don't lose the pictures taken.,5,36,1.4.0,2015-12-17 00:30:38,"Great suggestion Colle - unfortunately, due to the complexity of such a feature, we don't plan to add it anytime soon. Good news, though, as long as you have a backup of your phone, you should be covered.",2016-11-15 13:00:47
gp:AOqpTOEeVb9whAbixa8thnKwB8gAUf4ZsctsyFDHYDZqguDCs2dF41-g5xdlc4RDc_5XbfKyIH5nCFmBseajmmk,Sloan Johnston,https://play-lh.googleusercontent.com/-IjJdj4KKVDY/AAAAAAAAAAI/AAAAAAAAAAA/AMZuuckcpbQmwg5Ebm61w71veESI8lanNg/photo.jpg,"Extremely disappointed!  Bought thinking perfect for my wedding, but was majorly wrong once purchased. No print option what good is a photobooth without being able to print!",1,3,,2015-07-28 18:58:35,"We agree! Unfortunately the printing capabilities of Android were limited at that time. As Android's support for printing has matured, we've incorporated it into the app, and are working on an update now that will make printing even easier.",2016-11-15 13:02:29
gp:AOqpTOFggj8VJlLx3c2xJpx7kHbHi9-zRb-8nwYpa0wsCcTnUS_Fs6sRTsptQqhYSquyJDlp2nlZxvE2hZJQoLk,Clorinda Suarez,https://play-lh.googleusercontent.com/a-/AOh14GgYCnWPkqlMb5Yew1t8rg8sT43sVJ5rddUX38FSEw,"I paid for this app after seeing it work terrifically on a friends. Was very disappointed that it did not have an ""airprint"" option like the iPhone ' which allows you to send strip directly to a wireless printer.  Would have given it a 5...",4,41,1.4.0,2015-06-05 18:48:51,,
gp:AOqpTOGNgDYKez6McorWD6lyrTEVsUVyyVMiXB97VpwYf-f_-mEPcTnrjITERqElNZw2hVk-Td8wT9N8_lOqwus,David Burns,https://play-lh.googleusercontent.com/a-/AOh14GhyjT2GX-LPG-V8GqC4dem10i46DAX-RWMYF0Xty-w,"Front facing camera freezes after first picture, rear facing works great...",3,7,1.4.0,2015-01-31 18:45:11,"Hi David, hopefully this bug has long since been fixed. If you are still experiencing issues, please let us know. Thanks!",2016-11-15 13:03:05
gp:AOqpTOGQnmWw647mHRX85b0D8ocudsykBxHo8K8nIboXnjyVBgobqmCg-q6-L-TN1w4JYDlNt_iS9J-mXmoElz0,Gabriel López,https://play-lh.googleusercontent.com/a-/AOh14Gj2iqfIMvTfOKqacBpWWTEwRC1kuTeh-kFua7Joxk4,"Loved this app, works prefect on my moto x. I can suggest the developers that don't lose interest in the app, keep finding ways to make it run better, have new features and look nicer. Other than that the app is awesome :)",5,2,1.4.0,2015-01-16 09:07:02,,
gp:AOqpTOH3A5DJn1pur7-cltAwsRMh-XTIhOZb8GL-vNMQeMr5jWnks6Jx0Xm74vAR0kpA5Jeom_5DIUVGPc1bZmw,Paul Keber,https://play-lh.googleusercontent.com/-iOxnysD0c7o/AAAAAAAAAAI/AAAAAAAAAlc/AMZuuclhsDOTn-XeXkzzln-crrmdXzdytw/photo.jpg,"Due to 119,1 BGB i'd like my money back. Thank you",1,1,1.4.0,2014-11-23 08:25:25,,
gp:AOqpTOF4e3DblkLa7GsAZqVjl_jaSGwA6BXont1XR9w6AuhczM3sNDxQ4eBTVteW5rHAeeXlq8_pqgTNs9kAgUg,Brianna Howard,https://play-lh.googleusercontent.com/a-/AOh14Gj_f37mIrTRUV39WYFNLpyatH19FQtBUK12NTjCuw,Only shows first picture being taken then freezes please fix.,1,10,1.4.0,2014-10-22 13:50:32,"Hi Brianna - we issued a fix for this way back when - if you were satisfied with the fix, would you mind updating your star-rating? Thanks! If you're still having issues, please contact us and we'd be happy to help.",2016-11-15 13:12:36
gp:AOqpTOHKVGW0o4SJzHhqDSms76GP3ClSgqGpkXDO3khtsLcVtKw5FPfOxO6VMEdWhAulgj8s4kvX7MVz2zGmkKI,LaTricia,https://play-lh.googleusercontent.com/a-/AOh14GjfKH6tETkD6hBOlgYhQJ2XB78HY-POU2abHqgYu8M,I bought this thinking it had the 1975 filter...the same one in the iPhone version. Pleeeease add it to the android app...I ❤ that filter,3,0,1.3.1,2014-07-04 16:13:11,,
gp:AOqpTOFbWCkpEK65EIdXD-0WEBrEFrWjbxVX3Jv6PoxDqWlYuBwwA_HEwJ2Biv2FiwCTFgx9UtwBVPqfveqxzdU,Gregorio Rabunal,https://play-lh.googleusercontent.com/a-/AOh14Gho0l25AcbkCU9AxOQOMGd3gEezrPLa1MwPsrIsxg,"I love this app, I had it on itouch for a long time... But where is the 1975 photo effect???",3,1,1.3.1,2014-07-04 08:20:42,,
gp:AOqpTOG0yL_zGer-FgiVERWiCK-s-R-PbJG0fFIgrDmT7THeSqmXUEQJpvOTlFQg6YbC_r3z5Tq8B0Zaff1s1OU,Kate Skotnicki,https://play-lh.googleusercontent.com/a-/AOh14GigU1gpYaYW30R3Wotr4XdDmNs39L7V6thtT5o3DA,J,5,0,1.3.1,2014-01-17 08:05:38,,
gp:AOqpTOEjPZx0avldRc7PY9wEQkel2GNuE67Mk0d96CSuSYPOi16zlWCfz136w9bOa-icnlG8d0rr9TpwbHWLS0Y,Manuel Saravia,https://play-lh.googleusercontent.com/a-/AOh14GjN0OdSZkmAGs2QgP9SnLoTyM9UdoXySR5XmGydtvo,Like the app but it would be nice to have a theme like a real photo booth.,4,2,1.3.1,2013-10-15 13:56:32,,
gp:AOqpTOGtCBRp9eq6hRciVqzdTxYeKfNLOpCWh4gcGX967Se-Cz_xxkEHxLFikyZWbmwngm8M3F9FMQbiyKxkEgo,Michelle,https://play-lh.googleusercontent.com/a-/AOh14Gj_mRRzs1Gz2htu8JY_6vPbfjCdaEhyincKS3tFyA,I love this app its.so.much.fun.and.its the best photobooth app ever its.exactly what I was looking for ...,5,0,1.3.1,2013-10-05 08:05:22,,
gp:AOqpTOHtkZxMPGkaHMtEWnJ9nTdJUBfHil8zqDXVgjn01cK8JJaZOKTF6sectQjiN-fQZiYseNA2TDGdSNyU1uo,Tim Rice,https://play-lh.googleusercontent.com/a-/AOh14Gi1K26kmRFuN7jbuFuRlwGSdebuppL_pGc8DNEluX0,Our party was a blast with lots of laughs.   Connected my S4 to my HDMI TV port so we could review after each photo shoot.  So much fun for so little.,5,0,1.3.1,2013-08-11 16:12:16,,
gp:AOqpTOFsuzZNfJNlN0q5tlGekqIxbMdx7gAKPxkcGxug5Xz0iZywa_IozT9SSSr_lv-MmTrSOI79Xd3IvMiO_qY,Briggzie,https://play-lh.googleusercontent.com/a-/AOh14GhMA7rgKK6mKS8bCVYZIJURrCRa-iyXmVzs36n2h_Q,Its fun!,5,0,1.3.1,2013-06-19 10:56:15,,
gp:AOqpTOFQ7Y8xrE7Uj8hLrMJ3v0voDp0sFANc9ZNc_l13wlgkQ4YmZdfAcofrvQt7qF5BM30R2n8AwbwV-A2N3SA,James Dressler,https://play-lh.googleusercontent.com/a-/AOh14GgwIzCNLXQ3FTwPxgGppW-W2qpOvTOhzv9tVmCu,"An option to change paper size would be great (their ""paper stock"" option is just glossy or matte, kind of misleading pre purchase) but what we REALLY want is the ability to auto-print by, for example, sending the images automatically to a bluetooth printer like the polaroid. For that matter, auto-upload options would be great. Also, ads to rent their photobooth in a paid app? Hmmm...maybe that is why it doesn't auto-print.",3,5,1.3.1,2013-06-17 16:10:42,,
gp:AOqpTOF9vxT4xEuYVXiFkzIqJPvslPx2GvUfKhwZBbauykhZbve0z4Z8fKMz6fyzJZ9Rl1bjdLehWBO85reRNQA,Quito Washington,https://play-lh.googleusercontent.com/a-/AOh14GhHgM24rTN9cgFxDhsijoK5DJ4sJ79Fiu04Vwcr4g,Just one of my must have apps Highly suggest it,5,0,,2013-04-29 17:49:51,,
lg:AOqpTOFD0G45AUhNGTIO4IGbHPc8f2HkyH6AUwiZYqxoPtiEZbgSiwIMCzDRa8NPDA0dOeK61NabW9UnRdwJ9eY,A Google user,https://play-lh.googleusercontent.com/EGemoI2NTXmTsBVtJqk8jxF9rh8ApRWfsIMQSt2uE4OcpQqbFu7f7NbTK05lx80nuSijCz7sc3a277R67g,I love it! It does everything I expected. Great for parties!,5,0,1.3.1,2013-01-07 22:17:56,,
gp:AOqpTOH5BrIS9P5W98dRd1F8PqJI9HDEkeeJnAsvbxByGvLv4WYJ9ob5T9R-qMKxctHEC5Aopwsa9JMJR1ccGLs,Kaitlyn Caudill,https://play-lh.googleusercontent.com/a-/AOh14Ggr6Cocdre90BGJqCsiEEkiOzA57mWDZ17kG0jI4A,"Had this on my iPod touch, really loved the app and all the photo effects. When I got my galaxy, this was the first app I downloaded. I was a bit disappointed because the android version doesn't have as many photo effects as the Apple version. Would have given five stars if this version was the same as Apple. Overall nice app.",3,0,,2013-01-06 10:23:08,,
gp:AOqpTOGsKyaehaTvYImVQeg_75rTOBgWfRlvHCrL5Y6xX3j7E1jcYymhcHhHi7TPqX-c9LWchfL9Osorwf1O1M0,Matthew Cox,https://play-lh.googleusercontent.com/a-/AOh14Giog-JNiANOksWGZlLPao0RlsPf_loTUWGq6xAqgHc,Read so many great review for this app and it worked great on my ASUS Transformer infinity but then it just stopped creating strips. 4 poses or 3 still results in blank or completely missing strips.,1,3,1.3.1,2012-12-24 15:17:16,,
gp:AOqpTOEq-Fcj6q9JBC90x_3mwczETjnCPVbJ2M2DjzfPLRPD1qtdKegV4KeDdpWqCzlfDgbae9e0S-YfJNaFTIY,Lawrence Waldman,https://play-lh.googleusercontent.com/a-/AOh14GiXV9suddKB45uLfNSY6Cytv7Eh2VfG7QQ53BdzMg,"I have this on both a Samsung Galaxy S3 and a Asus TF700T tablet. It works fine on the Galaxy, but there is a small issue on the TF700T. After it takes 4 photos, the photo strip never appears on the ""photos delivered here"" page. The strip exists and can be seen in the TF700T Gallery, it just doesn't appear in the Pocketbooth app. It is only an issue with a strip of 4 photos. A strip of 3 pictures works correctly.",4,2,1.3.1,2012-12-24 11:28:17,,
gp:AOqpTOHt-QwErDPUF5MWmakRG_TUBEw61raeSK-jHGuky6DnAyTH2zYeL_aJK6qLkDj3JE5X4hTpyQ4eLvgcFFI,Ignacio Izquierdo,https://play-lh.googleusercontent.com/-i7Y3D9dp36g/AAAAAAAAAAI/AAAAAAAAAAA/AMZuucnsxCPY12FPmsTwrptI_2V06gjQxg/photo.jpg,Excellent application! to be used for events you should consider: - An option to automatically record the gallery - An option to automatically print - To write default the publication on Facebook  Thaaanks,4,1,1.3.0,2012-11-29 14:14:41,,
lg:AOqpTOHkO9KNoLAoXWCLuMR1Y1JrUzTkwz6DoG4a-EupRlbMiZ9WVPRgy6j5L_uDuaycIY0Hl3UXaB9YjoYdLwg,A Google user,https://play-lh.googleusercontent.com/EGemoI2NTXmTsBVtJqk8jxF9rh8ApRWfsIMQSt2uE4OcpQqbFu7f7NbTK05lx80nuSijCz7sc3a277R67g,You guys should really think about adding a setting so that you can add different kinds of scuff marks to your photos. It will make it seem like the photos came from an actual photobooth. Please consider this! Thaaanks.,4,2,1.3.0,2012-11-10 20:51:48,,
lg:AOqpTOHjEXVnfxASh7lXRJQu1Bd_N8FzE8Vzh1ZwU1NI6CZai4HcMtCcQoEgrb9UNzXlRSBKlVhV__IEFYzQI-U,A Google user,https://play-lh.googleusercontent.com/EGemoI2NTXmTsBVtJqk8jxF9rh8ApRWfsIMQSt2uE4OcpQqbFu7f7NbTK05lx80nuSijCz7sc3a277R67g,Literally like an actual photo booth! Puts that front camera to good use!,5,0,,2012-11-05 21:16:05,,
lg:AOqpTOEIdJDBKYEP5Xy9XWYOfO51CLKczzR9LiOTGI7WJK-yb2igN16dqbV9QSpdis2Ti3z6jNh0sTShpT_zpBo,A Google user,https://play-lh.googleusercontent.com/EGemoI2NTXmTsBVtJqk8jxF9rh8ApRWfsIMQSt2uE4OcpQqbFu7f7NbTK05lx80nuSijCz7sc3a277R67g,Esta muy padrina,4,0,,2012-10-24 19:48:12,,
lg:AOqpTOFNOLQRIF5EgbFXHHqhMhVb9EUMigLki0RYPWAtFhF9zpJFFgTaF0Xjvqx8TNPgvb8wxDiTs6X0g3TQy1s,A Google user,https://play-lh.googleusercontent.com/EGemoI2NTXmTsBVtJqk8jxF9rh8ApRWfsIMQSt2uE4OcpQqbFu7f7NbTK05lx80nuSijCz7sc3a277R67g,Dope,4,0,1.2.2,2012-10-23 17:44:53,,
lg:AOqpTOHdgS8-CJDikQ8kzaYv4uqNnVyXQCSeQWa-yVNbSMEgldcA3ORnVyGApBCMNcYI9VSJtWO1Tf60oGR0efY,A Google user,https://play-lh.googleusercontent.com/EGemoI2NTXmTsBVtJqk8jxF9rh8ApRWfsIMQSt2uE4OcpQqbFu7f7NbTK05lx80nuSijCz7sc3a277R67g,HTC EVO (ics) front facing pics come out blank. Would like it fixed or a refund. Lame to have to use rear facing camera for this app.,1,0,,2012-10-17 19:56:41,,
lg:AOqpTOHykdYm7n7xsuVPEhfWLV2cT4nyJRcJ9kReFiVv105Di9Kwb32M3ckbeHOCIp5jkgxXZCaiOoT_alKV7bU,A Google user,https://play-lh.googleusercontent.com/EGemoI2NTXmTsBVtJqk8jxF9rh8ApRWfsIMQSt2uE4OcpQqbFu7f7NbTK05lx80nuSijCz7sc3a277R67g,I like this app (have tried a few photobooth apps and this is probably the best) but when I take photos with the front camera on Galaxy tab 2 they come out upside down which is a bit annoying!,4,0,1.2.2,2012-09-12 07:51:44,,
lg:AOqpTOGAxUQtTtg_XUtOzNZquPUGSgcHOp3e_KWP2ARu5dufNozDAS_g4HPgYJF-BIgpqAPWNbSz8tUub1sdVGI,A Google user,https://play-lh.googleusercontent.com/EGemoI2NTXmTsBVtJqk8jxF9rh8ApRWfsIMQSt2uE4OcpQqbFu7f7NbTK05lx80nuSijCz7sc3a277R67g,"It really is the closest thing to an old fashioned photo booth.  Way better than other pb apps, and being an obsessive photo booth freak, I've tried a LOT of them.  Excellent job.",4,1,1.2.2,2012-09-05 17:01:55,,
lg:AOqpTOFquSkX2U-FpD-NLDQlWk9E8rTtCdFxZUZszq9AKHyanLRh4Ac6J6xIMnHjDGdlyL-m5wS-iVGssM3U6uY,A Google user,https://play-lh.googleusercontent.com/EGemoI2NTXmTsBVtJqk8jxF9rh8ApRWfsIMQSt2uE4OcpQqbFu7f7NbTK05lx80nuSijCz7sc3a277R67g,"One of my favorites, thank you!!",5,0,1.2.2,2012-08-07 23:09:34,,
lg:AOqpTOFXXsy6wy8JkbdHdTQROVPRzgHIV3UOphgfCVQZNv2OwGd1KHLe9zILEGo-DP_LJkPlan7-bu8fxIY4RFY,A Google user,https://play-lh.googleusercontent.com/EGemoI2NTXmTsBVtJqk8jxF9rh8ApRWfsIMQSt2uE4OcpQqbFu7f7NbTK05lx80nuSijCz7sc3a277R67g,Love it!!!!!,5,0,1.2.2,2012-08-07 11:45:32,,
lg:AOqpTOGPnaoaxRIV_d4mMpK7i-MCXLqmNdw2NsXl0CpBlAW_UXqYbw2lZqIuM5BEjSwcKB93XuE2Str0vUr_v50,A Google user,https://play-lh.googleusercontent.com/EGemoI2NTXmTsBVtJqk8jxF9rh8ApRWfsIMQSt2uE4OcpQqbFu7f7NbTK05lx80nuSijCz7sc3a277R67g,Use some more effects n features :),4,1,1.2.1,2012-07-30 01:25:23,,
lg:AOqpTOExuwvZqZ4ErqVBxXEP_rG-9w7E9G4VHV4veTc0Xm6MztXs2c3cfFXB_s4uqBA4ZhpqGmt3bql4GFvQhog,A Google user,https://play-lh.googleusercontent.com/EGemoI2NTXmTsBVtJqk8jxF9rh8ApRWfsIMQSt2uE4OcpQqbFu7f7NbTK05lx80nuSijCz7sc3a277R67g,Love it too cute,5,0,,2012-07-26 07:08:27,,
lg:AOqpTOHILYxQRlte0-8Qqn8r71uu1fJzFZHEfnsH3rKf2mr07HAZO_46JjEmvVop9PApOvKDWFMcwG13c22u-2g,A Google user,https://play-lh.googleusercontent.com/EGemoI2NTXmTsBVtJqk8jxF9rh8ApRWfsIMQSt2uE4OcpQqbFu7f7NbTK05lx80nuSijCz7sc3a277R67g,Takes fun low quality front facing and back facing photobooth-ish type pictures.  Flash only works for first photo and then turns off for the rest.  You are pretty much paying for the photobooth type feeling you get from the UI.   Otherwise the app is a overpriced.,4,0,1.2.1,2012-07-17 17:57:41,,
lg:AOqpTOHEIVZB6y-hETIqq23QOsFZMkpgfUtHjkBEK3jB6B2R-Pu9PSAhma_JVRFtwvPj7UHrxf0MJnOd0x7JTF8,A Google user,https://play-lh.googleusercontent.com/EGemoI2NTXmTsBVtJqk8jxF9rh8ApRWfsIMQSt2uE4OcpQqbFu7f7NbTK05lx80nuSijCz7sc3a277R67g,The pictures come out upside-down. No way to fix this?,2,0,1.2.1,2012-07-16 20:54:04,,
lg:AOqpTOHI1ktVRQQL-_XJ6-__N_ecCepCXjoj93CS0A-CKoVMme9WiTte3ieLddTMfot6ElcfcCzzqpSHMNzoC9U,A Google user,https://play-lh.googleusercontent.com/EGemoI2NTXmTsBVtJqk8jxF9rh8ApRWfsIMQSt2uE4OcpQqbFu7f7NbTK05lx80nuSijCz7sc3a277R67g,"I used it at a friends birthday party, what a laugh. We felt like kids again squashing into those photo booths. Well done! Please update to be able to move to SDcard",5,0,1.2.1,2012-07-14 15:11:03,,
lg:AOqpTOEtAvCHpEo36say4D4FnRhjtDbKoZB73Vi9CpcUscghEC56VT1PNLDBXLcvuzbtM0joWNpseKvSDeaiAxU,A Google user,https://play-lh.googleusercontent.com/EGemoI2NTXmTsBVtJqk8jxF9rh8ApRWfsIMQSt2uE4OcpQqbFu7f7NbTK05lx80nuSijCz7sc3a277R67g,Does not work on HTC ONE X phone. Waste of money.  Terrible.,1,0,,2012-07-05 17:32:40,,
lg:AOqpTOEm_WN1OjXK6b3bEzW8G8C3BFcLobaY70R_tsKQ1gYR2qh3Y9p_c389sEBbvFxpnwZKdsBo_DETWAJ1OYk,A Google user,https://play-lh.googleusercontent.com/EGemoI2NTXmTsBVtJqk8jxF9rh8ApRWfsIMQSt2uE4OcpQqbFu7f7NbTK05lx80nuSijCz7sc3a277R67g,I really like this application!,4,0,,2012-07-04 11:49:14,,
lg:AOqpTOEPAIIxt4dB5Hg1h8wBdW6-lwu0DhOIX-2EaqSvOYFlB4wcFMAZbtbpp_4UPKdNHO2Hp5FuXOtwcgYh2UA,A Google user,https://play-lh.googleusercontent.com/EGemoI2NTXmTsBVtJqk8jxF9rh8ApRWfsIMQSt2uE4OcpQqbFu7f7NbTK05lx80nuSijCz7sc3a277R67g,"I've been trying to wait for an update that takes upright pictures on the HTC EVO, but I might be out of patience. Who can remember what side to hold the phone on? Too much work.",3,0,1.2.1,2012-07-04 07:49:40,,
lg:AOqpTOGae8f4YhZsv2IlSFoKCj3tdkHSY4wSW3JP1bWlnTx5e44xBg1adFIO5uASuqzt1zHoaqURwXmP3VrvnMU,A Google user,https://play-lh.googleusercontent.com/EGemoI2NTXmTsBVtJqk8jxF9rh8ApRWfsIMQSt2uE4OcpQqbFu7f7NbTK05lx80nuSijCz7sc3a277R67g,Best of all the photobooth aps.,5,0,1.2.1,2012-06-24 22:20:36,,
lg:AOqpTOEIestAG_u5sqUp4BKLd6HkxYcFgFHMJ50M9xentyFiKISZC0EIFmKmMMmgm5RwjwLuFPfzyWssYyiGsic,A Google user,https://play-lh.googleusercontent.com/EGemoI2NTXmTsBVtJqk8jxF9rh8ApRWfsIMQSt2uE4OcpQqbFu7f7NbTK05lx80nuSijCz7sc3a277R67g,Poopy.,1,0,1.2.1,2012-06-18 12:58:20,,
lg:AOqpTOFt7FNmWEkhheIuMPG6FkoAtwgc2EuUg0tW4mxZfL7JiiR_hHzxT0NDewuAz-_m-Db2pxb6q-s3md4kc4U,A Google user,https://play-lh.googleusercontent.com/EGemoI2NTXmTsBVtJqk8jxF9rh8ApRWfsIMQSt2uE4OcpQqbFu7f7NbTK05lx80nuSijCz7sc3a277R67g,front camera feature works on motorola triumph! :),5,0,1.2.1,2012-06-04 21:01:18,,
lg:AOqpTOGCvYD0Jafder-jngHWrz142tuESXo1MejsdQbfkx3xI8ewYFA11pIFGejUSy0sT9Qp7QFaWmeoHeeLIow,A Google user,https://play-lh.googleusercontent.com/EGemoI2NTXmTsBVtJqk8jxF9rh8ApRWfsIMQSt2uE4OcpQqbFu7f7NbTK05lx80nuSijCz7sc3a277R67g,It's not bad. Definitely not worth $2 especially when its only $1 for the iPhone.,3,0,1.2.1,2012-05-16 06:47:57,,
lg:AOqpTOFBE-Yt1-irRnuzSFauIIEMs9rcktYsWGRwnP6HiVn2oE0hYumjzUaRZg6W9XFjgpKH4V8gB-64sNCDLmk,A Google user,https://play-lh.googleusercontent.com/EGemoI2NTXmTsBVtJqk8jxF9rh8ApRWfsIMQSt2uE4OcpQqbFu7f7NbTK05lx80nuSijCz7sc3a277R67g,So fun and the graphics are gorgeous!,5,0,1.2.1,2012-05-07 15:01:46,,
lg:AOqpTOH2PW6HZSSUeU2b7gi16XgL8_fuMXHPfqc36fR08S-wRyj-mBr2aDcah0zXDMbTB3otP8pjiGEwwhB0pqw,A Google user,https://play-lh.googleusercontent.com/EGemoI2NTXmTsBVtJqk8jxF9rh8ApRWfsIMQSt2uE4OcpQqbFu7f7NbTK05lx80nuSijCz7sc3a277R67g,I like this app,5,0,1.2.1,2012-04-26 17:41:54,,
lg:AOqpTOFHmVPh37xgwb5XNx5RujslKmDS0V5A4MqyQxHEkCDH_FcPwKZc0Lx85jbiGjJZPd1aP9oRdlwNH2sGyPk,A Google user,https://play-lh.googleusercontent.com/EGemoI2NTXmTsBVtJqk8jxF9rh8ApRWfsIMQSt2uE4OcpQqbFu7f7NbTK05lx80nuSijCz7sc3a277R67g,"I was so excited to get this. I downloaded it, took the photos and while I'm waiting for them to develop, it forces close constantly. I'm so disappointed.",1,0,1.2.1,2012-04-20 20:29:14,,
lg:AOqpTOEiMiEPdwiYLQ7jdtMsiY_JDZKoghlZLO9QefQVfS6aLOv_4fc8CADZCY9Qop2G1ztH9nW4EdQlieuDXZk,A Google user,https://play-lh.googleusercontent.com/EGemoI2NTXmTsBVtJqk8jxF9rh8ApRWfsIMQSt2uE4OcpQqbFu7f7NbTK05lx80nuSijCz7sc3a277R67g,Good,4,0,1.2.1,2012-04-13 21:52:46,,
lg:AOqpTOGj24gY7Ci-nVUVVEuH7tiXtnc2_M3vfUuTfVumS49HN2GvCmCcl9DwUtTo3fPVeN1GSSTgobkfoR5NVPs,A Google user,https://play-lh.googleusercontent.com/EGemoI2NTXmTsBVtJqk8jxF9rh8ApRWfsIMQSt2uE4OcpQqbFu7f7NbTK05lx80nuSijCz7sc3a277R67g,I love this app!! It's so much fun!,5,0,1.2.1,2012-04-08 08:12:35,,
lg:AOqpTOEuLLK1T9pweSDAfXtUuN1LsmO0SFOYpzN4ry5aeMocRPwn_ixSi7G9Dnw8RqonE8kzCZ-ot6g_6PGbzxg,A Google user,https://play-lh.googleusercontent.com/EGemoI2NTXmTsBVtJqk8jxF9rh8ApRWfsIMQSt2uE4OcpQqbFu7f7NbTK05lx80nuSijCz7sc3a277R67g,From tim awhile back saying we can print and ship pics now...however I don't see that option in app...?,4,0,1.2.1,2012-04-05 06:17:22,,
lg:AOqpTOFFwhl7q51jutGwngOTEIkv9P49MyBBUsyIrGv7pCa6cj7tb9DV6eDS45xpVqjtw1v_3q8X_tKYfo4pG54,A Google user,https://play-lh.googleusercontent.com/EGemoI2NTXmTsBVtJqk8jxF9rh8ApRWfsIMQSt2uE4OcpQqbFu7f7NbTK05lx80nuSijCz7sc3a277R67g,does EVERYthing it says it wouLd ! :D B] ^.^ iLoveeIT!! ♡♥♡,5,0,1.2.1,2012-03-28 04:36:29,,
lg:AOqpTOG03T1aF01xCq8XscUm_eicyYWQMj0bjWZydrYhNd8k7A9a2e1FKGGc-2NB0iBxkCv_toFgurNIsr7wHlg,A Google user,https://play-lh.googleusercontent.com/EGemoI2NTXmTsBVtJqk8jxF9rh8ApRWfsIMQSt2uE4OcpQqbFu7f7NbTK05lx80nuSijCz7sc3a277R67g,Love this app. Lots of fun for the family.,5,0,1.2.1,2012-03-23 15:41:37,,
lg:AOqpTOEux7cxIh0AeRET9o2Zz00gMWvmYa6hBJHCUlhg05scBasdYLhDsVUTaCPqgehERaKtdTJ77-WJwB11PC8,A Google user,https://play-lh.googleusercontent.com/EGemoI2NTXmTsBVtJqk8jxF9rh8ApRWfsIMQSt2uE4OcpQqbFu7f7NbTK05lx80nuSijCz7sc3a277R67g,should add timer sound or count down,4,0,,2012-03-23 11:10:41,,
lg:AOqpTOFGctncbRkmyavr-kuXzPnAEsUT_1GGdqDFXOW8vrKSs-378ATXJG6FVtgT0jm6yyEe0OUkIoEChA7Uu_I,A Google user,https://play-lh.googleusercontent.com/EGemoI2NTXmTsBVtJqk8jxF9rh8ApRWfsIMQSt2uE4OcpQqbFu7f7NbTK05lx80nuSijCz7sc3a277R67g,Takes pics sideways with front facing cam on my samsung infuse. Please fix and you will get 5 stars!!!,2,0,1.2.1,2012-03-16 00:41:29,,
lg:AOqpTOE1-fHV_JHNf4DkjahFyS27Z2gJSSymkmZlghjgrcOoazgJhDSya44TATJisWoUtW6-SkgmcmSMtBFfnDk,A Google user,https://play-lh.googleusercontent.com/EGemoI2NTXmTsBVtJqk8jxF9rh8ApRWfsIMQSt2uE4OcpQqbFu7f7NbTK05lx80nuSijCz7sc3a277R67g,Samsung Galaxy S II / Gingerbread -- App crashes when processing after shots are taken.  :(,1,0,1.2.1,2012-03-13 11:21:51,,
lg:AOqpTOEBBHPKJu3tYbY6KghvJTlVGHTMbrsw64D1o6oRokml__TKXVgXZ7-4AycB6sgEvYyb01rcBJwaKd4Qp_M,A Google user,https://play-lh.googleusercontent.com/EGemoI2NTXmTsBVtJqk8jxF9rh8ApRWfsIMQSt2uE4OcpQqbFu7f7NbTK05lx80nuSijCz7sc3a277R67g,"Ok, how do you get the photos to come out in portrait and not landscape, the photo's are not coming out the way they are supposed to.  Am I doing something wrong?",4,0,1.2.1,2012-03-12 09:37:31,,
lg:AOqpTOHs8BVdDQ7CUK4W-_4lNyxrCK9TvBdKV3-fUDBG51VFMWBlGic_sD9PVjGI1zOZb7hN9oj8nKaGM9EMb7U,A Google user,https://play-lh.googleusercontent.com/EGemoI2NTXmTsBVtJqk8jxF9rh8ApRWfsIMQSt2uE4OcpQqbFu7f7NbTK05lx80nuSijCz7sc3a277R67g,Exactly what I was looking for!!!,5,0,1.2.1,2012-03-04 10:27:15,,
lg:AOqpTOGSJ4V9gctoLa0fRwNdl-61hCkn3H60epMB3cohlAMFJlvNEdyPLHIB99N6GvYP4xpPyPYfgwcDnnEYA5s,A Google user,https://play-lh.googleusercontent.com/EGemoI2NTXmTsBVtJqk8jxF9rh8ApRWfsIMQSt2uE4OcpQqbFu7f7NbTK05lx80nuSijCz7sc3a277R67g,"Who needs to go to a photo booth anymore. Great app & the developers are very responsive. Two thinbs up, fun for the family.",5,0,1.2.1,2012-02-18 14:35:01,,
lg:AOqpTOGlOCbNRhTkr66ifDCz-0fM0m4uiAqkL1725ZqLzdU4SjPcJGt_reAJ10AX1H1tTLd6GAntrFKA2funqfQ,A Google user,https://play-lh.googleusercontent.com/EGemoI2NTXmTsBVtJqk8jxF9rh8ApRWfsIMQSt2uE4OcpQqbFu7f7NbTK05lx80nuSijCz7sc3a277R67g,Would have been a 5 but all the sudden it started making all my pic come out sideways?! Please fix!,4,1,1.2.1,2012-02-09 20:43:00,,
lg:AOqpTOEjWEkTl4xoi-kZgmi6bQE5OBmEkz22nYyb1ngtufNU8U5rZHGNwL4myWWpQiWH2Xmj8Hni8untCD8uCKk,A Google user,https://play-lh.googleusercontent.com/EGemoI2NTXmTsBVtJqk8jxF9rh8ApRWfsIMQSt2uE4OcpQqbFu7f7NbTK05lx80nuSijCz7sc3a277R67g,"Add ""Move to SD"".",3,0,1.2.1,2012-02-09 02:20:50,,
lg:AOqpTOHtiaGQf5JWkBA-fSqa9vryRxfoKprhlIwYThQrYBjHhm4X-2XkJlKfLb7KiMfNXqBp70VgpdIq0IdFSWY,A Google user,https://play-lh.googleusercontent.com/EGemoI2NTXmTsBVtJqk8jxF9rh8ApRWfsIMQSt2uE4OcpQqbFu7f7NbTK05lx80nuSijCz7sc3a277R67g,"First, I can't capture with flash by MOTOROLA DEFY, It shows all black pictures. Second, I think, U should hv a shutter sound to notice when I should smile (becoz... I can't see the screen when I use a REAR camera)  FYI ... Just noticed, the CameraZoom hv an ability to does what exactly this app does...  but, not funny as this app does :D",3,1,1.2.1,2012-01-22 22:56:59,,
lg:AOqpTOH58Mwh59WD33xO8NWGHk99Sc3zDKwj5JnrVVFMxPZ7Fsk-mR0OIs1_3mRtnSvcWCmC5MGcJWkj8vsrG7o,A Google user,https://play-lh.googleusercontent.com/EGemoI2NTXmTsBVtJqk8jxF9rh8ApRWfsIMQSt2uE4OcpQqbFu7f7NbTK05lx80nuSijCz7sc3a277R67g,"Fundamentally a good app, but force closes/reboots phone on random. When it works though it's great.",4,0,1.2.1,2011-12-28 23:00:21,,
lg:AOqpTOEDZaZS020jJ214BAzI9YktEx77YvQc1Ex-TkNfVH2t4Vt-qeJl9D0kFoWanvZPuC8OfEslyBje7sWm7uY,A Google user,https://play-lh.googleusercontent.com/EGemoI2NTXmTsBVtJqk8jxF9rh8ApRWfsIMQSt2uE4OcpQqbFu7f7NbTK05lx80nuSijCz7sc3a277R67g,"simple app, amazing photos!",5,0,,2011-12-22 23:30:04,,
lg:AOqpTOGtx-Ck-Gxhb_vDNZtg-Fh0GAq05pR_zZji52XXDrT6-YAM0LepZGN_8Y2hFkRjzjfZb-GirsudugIXKNE,A Google user,https://play-lh.googleusercontent.com/EGemoI2NTXmTsBVtJqk8jxF9rh8ApRWfsIMQSt2uE4OcpQqbFu7f7NbTK05lx80nuSijCz7sc3a277R67g,Won't stop force closing..annoyed I paid 1.99 amazon market has it for .99.,2,3,1.2.1,2011-10-26 08:00:05,,
lg:AOqpTOEKAvLHlJAh1TsKn5LAM-IAeC7I99eVMEUeSaZ5iHUFix85OQkdvLLiihTBonmMfyVabgZ9blHiio4oKrU,A Google user,https://play-lh.googleusercontent.com/EGemoI2NTXmTsBVtJqk8jxF9rh8ApRWfsIMQSt2uE4OcpQqbFu7f7NbTK05lx80nuSijCz7sc3a277R67g,My photos are always sideways... Is there a way to change this??,3,2,1.2.1,2011-10-14 10:11:47,,
lg:AOqpTOEMvHNWVrRxMkL6SR_pMRs3NGhhu16ywtv6d94Jv9px7LeX8nSqqypXOnZk7Ti1GLlIkhsu0C5l3z0pwD8,A Google user,https://play-lh.googleusercontent.com/EGemoI2NTXmTsBVtJqk8jxF9rh8ApRWfsIMQSt2uE4OcpQqbFu7f7NbTK05lx80nuSijCz7sc3a277R67g,Photos dont show! Sadness!,1,1,1.2.1,2011-09-20 15:23:13,,
lg:AOqpTOFKFjoiR4bs4RDc7nmjySCDInipMqddShlY-As7ScokuNJ7zdKIoHGHg291p5ikiLeAQQziazqlJ6Iz16A,A Google user,https://play-lh.googleusercontent.com/EGemoI2NTXmTsBVtJqk8jxF9rh8ApRWfsIMQSt2uE4OcpQqbFu7f7NbTK05lx80nuSijCz7sc3a277R67g,"I loved this app, but since I rooted my incredible 2 it says it is not compatible with my phone now :(",5,0,1.2.1,2011-09-14 21:33:05,,
lg:AOqpTOFf5u27mnNnuQECUwvTBjirMR4_DWfnaeANXYNdb0MxcUvntbf16K7NA4SkuObW8EDYZ8FFcYSqgkXSHQY,A Google user,https://play-lh.googleusercontent.com/EGemoI2NTXmTsBVtJqk8jxF9rh8ApRWfsIMQSt2uE4OcpQqbFu7f7NbTK05lx80nuSijCz7sc3a277R67g,So fun!,5,1,1.2.1,2011-08-30 19:16:36,,
lg:AOqpTOEKEAHAZC2yMRN5FLPC4TyL0ILyJNrvGcfkQs6pHJsJ88Jbt1MFK_6Gxiql08MqRwyuQQSrRD_uuJi97_A,A Google user,https://play-lh.googleusercontent.com/EGemoI2NTXmTsBVtJqk8jxF9rh8ApRWfsIMQSt2uE4OcpQqbFu7f7NbTK05lx80nuSijCz7sc3a277R67g,"Works great!! Only thing is, front face pictures in b&w is the only feature that comes out the clearest (for front facing)... But LOVE, LOVE, LOVE IT!",4,3,1.2.1,2011-08-07 06:49:18,,
lg:AOqpTOEtQ2E-xeXe2kZqrLEoObeh_bbPKhbdGT08LUv5X30A-JMPx9LFyEGZwLQZoZj7O7Kvp8iRL-iINERbSLE,A Google user,https://play-lh.googleusercontent.com/EGemoI2NTXmTsBVtJqk8jxF9rh8ApRWfsIMQSt2uE4OcpQqbFu7f7NbTK05lx80nuSijCz7sc3a277R67g,Works excellently. Worth the purchase! Incredible S 2.3.3,5,1,1.2.1,2011-07-31 05:47:50,,
lg:AOqpTOHZ2ZqTnAN3fah2jUIFx8y8Offb6EYjOr1rV_jmtFmOpx0ZyCuL92oagLYjqopdVzdzuZ1CEqE0wN8UyJo,A Google user,https://play-lh.googleusercontent.com/EGemoI2NTXmTsBVtJqk8jxF9rh8ApRWfsIMQSt2uE4OcpQqbFu7f7NbTK05lx80nuSijCz7sc3a277R67g,5 stars but I can't upload to facebook... Pictures are cute app works well just wish Icould share them,3,1,1.2.1,2011-07-30 22:56:48,,
lg:AOqpTOE8ULRzCWjAhk4SkC4WmNFglItm8i3waU0P7tRZK6YTd2M6diujj0Cj7ldO_XEg42RC2XnrB8UC3RvBHkU,A Google user,https://play-lh.googleusercontent.com/EGemoI2NTXmTsBVtJqk8jxF9rh8ApRWfsIMQSt2uE4OcpQqbFu7f7NbTK05lx80nuSijCz7sc3a277R67g,"Cute app, but photos are sideways.",3,1,1.2.1,2011-07-22 12:17:08,,
