reviewId,userName,userImage,content,score,thumbsUpCount,reviewCreatedVersion,at,replyContent,repliedAt
gp:AOqpTOHi6uHWa2fDweedpwcpQjwjK0dgvQYHhMTE2_LmR6ND3vm2hu-rNnE-r-RvshaTnygPdGXX6mOd6Y4JzA,馬健凱,https://play-lh.googleusercontent.com/a-/AOh14GgP_OZ-mFmlX2fU_COvS5oiz2RUmHLDDrrJP7RC,OK graphics. OK experience. I just don't like it.,3,0,,2021-02-09 04:56:51,,
gp:AOqpTOGeUiT3B-NBWa0DNj2A7TgT6W-010S5forWon6NKsp4DwEHd4NGZrZvtUvMC7twrogfNvVSB06JCebWSw,Nathan Williams,https://play-lh.googleusercontent.com/a-/AOh14Gj_I4m3QrnkFREzFQuSxBonS6qkPhHspSpuHcayi8E,A brilliant puzzler. You use simple components to build machines of beautiful complexity. The satisfaction when you solve a tough level is immense. One of my favourite brain games.,5,0,1.1.2,2021-02-02 14:46:10,,
gp:AOqpTOFjrck1rcHQMKju00UlOY-bGFC3eQOlcQJqa99FE6CzQBJ2wONpcMihWFknHdU0ZQ30fLEm2y_mzlqjWA,Montsho and LeVette Suggs,https://play-lh.googleusercontent.com/a-/AOh14Gjt2b6zk3QSEM7Cid24hfZGn2t4-uMRaSXFKgtl,Great puzzle game! Really makes you think!,5,0,1.1.0,2021-01-23 20:11:54,,
gp:AOqpTOGlpIslFx68bCNsKG4ZuiRUl7hOhoSgefKqZ5aTx1lyyH5SqQxtoMV1tOaPWt4C2wynPDwAUSWbIN-aEA,Max P,https://play-lh.googleusercontent.com/a-/AOh14GjKUezGNS4zxYcbcN5uWiq5FioXAp1whxfa_Bmv,"Kind of disappointing after the first one. The lack of a hint system is a big problem given how obtuse some of the later puzzles get, but at the same time, it holds your hand too hard early on. Don't know if I can really recommend it.",2,1,,2020-12-22 08:20:40,,
gp:AOqpTOGg2MKzC1MVKEIz2UvmWmlNrSqVaqizsCZowMuvBgvjAbaQ2bvfrH2P1JYA2L6UrDRTVE4kBTKjtUufqw,Dat Tran,https://play-lh.googleusercontent.com/a-/AOh14GhF04JDhUC5pDynkrvZT4_R6LbnkI5RVVPA86j7znM,"This game is actually amazing. I've been looking for a solid puzzler for a while and this hits all the right spots. The price is fair, no intrusive ads, or absurd IAPs. Would love to see more content or customization down the road. Excellent work!",5,2,1.1.0,2020-12-21 08:48:40,,
gp:AOqpTOE55WD7-_woTZwLIKWs0Ju8eW_kk_HURTVtCkafLueNLdYB9Rt2fSPbFMIuo7V6y50Tads2fYqdaGZJgQ,Ayesha Syed,https://play-lh.googleusercontent.com/a-/AOh14Ghdqgn_9v0fStLLvk3qDaJEPydGupFoapl6C-s40mk,yeah this will keep me busy for a long time,5,0,,2020-12-20 17:08:03,,
gp:AOqpTOFywoWBa4Ai2XgBGeiGvH_SpFtbsAjOi1V4MPJxhZjaITdyfTSMVwkuQA8xcG266Itvgfn3c-cqLKoE-A,Jakub Fojtík,https://play-lh.googleusercontent.com/-lsRAoi3UiKs/AAAAAAAAAAI/AAAAAAAAAAA/AMZuucmaDGbcgViLwD8rGLgVlIxLio2g2w/photo.jpg,Repetitive tutorial. Next level does not start automatically. Score animation can't be skipped.,2,2,1.1.0,2020-12-10 04:14:05,,
gp:AOqpTOGOhx3IlbMiAW5hcqwytl9GNIsLeOw3u_bD5Hwl7zlWCeCIUA6ln205P769jBmH-RLY-G1ablKgXZHprg,Omer,https://play-lh.googleusercontent.com/a-/AOh14GgiUylrGLzGGdSFx_nNC1TJXiNtHmI9jPsaM55VwcU,"Nice concept, not even candy crush gave me this kind of satisfaction when i beat a hard level.",5,1,1.1.0,2020-12-10 03:58:13,,
gp:AOqpTOE8AIM5_62Wg3xfBEkz28jOaB3z0loZAoQ4ard8xe8-Jip4loJpBpfwXbZ_kvfJVZBcd_1MFH0FLGxObg,Daniel Arce,https://play-lh.googleusercontent.com/a-/AOh14GhSvPYh3CqJ6uOIy0GpKhME2073twOZwPee9nN1,I just love it,5,0,1.1.0,2020-12-08 00:25:23,,
gp:AOqpTOHLalhVwdscjFFOKUe-o-gyy0bCzbqj-XxUQLmPCmoBfQxqrkkmYlir2Dazmf2aGvedxXfboh7s8CiUZg,Jo g.,https://play-lh.googleusercontent.com/a-/AOh14GiDwGQvnSHoHhQAbdok5AsxvH80a3F_Ldp2zE3_lZo,Neato!,5,0,1.0.8,2020-12-03 18:31:28,,
gp:AOqpTOGt-kWOwLV64wdjoolzCLa2M_Q8ccTF8REpiP8-QsXCAQGF7fw75KNbbEDyj53FaCx3NzoSeB9dEkN6yg,Jomary Balberona,https://play-lh.googleusercontent.com/a-/AOh14GjXZGEYjgQWcqApTyJPHYi0jvvTTqG6_B91DedEcg,This one ofthe most memorable puzzle game that I ever played. This has a mixture of build your own factory and see what happens but this game does that uaing simple pieces which are easy to understand. My only complaint is that this game does not provide hints for the puzzles. I have to go to the Dev's russian Dropbox to see how to solve some puzzles. Overall 9/10,5,1,1.0.8,2020-11-26 08:42:11,,
gp:AOqpTOEcnDamDPBosd3zmJK6cLg4SbVrL4HPFZpnddsoKFfWyHuMG33FwQO976SxBEzQMh3f-JBUCj49UGrYTQ,Matt Orley,https://play-lh.googleusercontent.com/a-/AOh14GiVuAV6BLL9LeATFI7wBliiCPMgKi6OgNohIxHPYw,No visual clutter. Easy to see game board. No deep confusing menu systems. Great for this engineer that likes clarity of goals and multi level puzzles.,5,0,1.0.8,2020-11-25 20:45:52,,
gp:AOqpTOEvBRgEZNYvCPg0rxp9NDE1FkeDk6hGdemzLtmnT1Y5Cw-1vILAtGCkJRycoxGFVWDW-Zhc8CvZPNzm8Q,Rijul Balasubramanian,https://play-lh.googleusercontent.com/a-/AOh14Gjj-hZh-QY_piGFQskrmurU0cXr7I4f2CqTMmwWDQ,One of the best puzzle games I've played. Very addicting and sometime tough to crack.,5,0,1.0.8,2020-11-25 07:26:47,,
gp:AOqpTOHagMIwdIIccX7WXfF_opRkkdvuPMK6lvQcQKJiLysxFcpXVY711diS6KBpQBMcfTosObeESt4ro2wkyg,Vipul Gola,https://play-lh.googleusercontent.com/a-/AOh14GjvAuSv_uG-ty75l0m7Fi15Tq5aKLDkz95YGwK8nQ,What a brilliant game! Reminds me of Opus Magnum. 10/10,5,0,1.0.8,2020-11-24 02:46:30,,
gp:AOqpTOGoZiachYmND1_4p0w238IO82D-Op1N-OgNebRdfck510z52ut_JrsSPGuAyxWjKsiK7kQu01a2l7eMqw,Sebestyén Kardon,https://play-lh.googleusercontent.com/a-/AOh14GgnwLHMk3-ttwX0uagVytVwQIwHUI16BV5-vvW_mw,Absolutely brilliant!,5,0,1.0.8,2020-11-24 00:12:16,,
gp:AOqpTOErdFmd_hyJei5Qj83_U0OoimDxj2Ogs8ee9Wx1ryC_hiEg8IZTWJUxkVdZS9phGNHn8_vh0U8QDPOKsQ,Shadow AssassinX,https://play-lh.googleusercontent.com/a-/AOh14GihQ5O0u0WJQVBvQfhWbT4NX3Mhyg41aAMBHyzlag,"It is a fun game for time pass and is a great puzzle. Unfortunately, I need some more time to understand the game.... 🤣🤣🤣 Five stars!!!",5,0,1.0.8,2020-11-23 23:51:17,,
gp:AOqpTOFRXGqt-sLCiKxkerOqkpIv_6-KLbnNt4Pe4YXOO_9uKrpEnlQeIILxpRBAANJhQjQXntBWn0hMX3uYww,Meddi N.,https://play-lh.googleusercontent.com/a-/AOh14Gj0eExyJqYYiUu-znQ2gj3EAY2k3bMnxh5J2Vc3paA,"Get this game! It's the kind of logic puzzle game that will become memorable to you, guaranteed! If you somehow don't like it, I'll buy you a brand new forklift! To the developer: Please add a ""quit"" button. Right now I have to press ""home"" to quit.",5,2,1.0.8,2020-11-23 23:02:53,,
gp:AOqpTOFrvm_CylyiLkZFWL4jB_5b4QWN5u6FXpIhAEDB6FF__AAe7JMfj9VCpnrThLzxkDFAQV-2Yp8KAQ_U5w,Alexander Semeniuk,https://play-lh.googleusercontent.com/a-/AOh14Gj0dbuPUtSZTbFeTNf4XLcT1cyF_b5syERS-Zrb8Q,"Do not like annoying tutorial and long animations for rewarding points. Other than that, very good game.",5,0,1.0.8,2020-11-23 04:01:19,,
gp:AOqpTOFGby0O_GVInBQRWBhgHtwlqHm930lSuuuVEw3OKYR7ANKXUogq4-IKWON4XIJxPzCf2ewSAByQQsAV8Q,Jason Yesmarc,https://play-lh.googleusercontent.com/-B_2yCKMMU6I/AAAAAAAAAAI/AAAAAAAAAAA/AMZuucl8qCPzet5uuYBbfZ8oiA9JXK_wRQ/photo.jpg,Absolutely Phenomenal Game,5,0,1.0.8,2020-11-11 05:50:23,,
gp:AOqpTOFT8U9amfoqhvoWcnnNaty_3rlKBl6MAdP1Rc-YvMdQDi6w390EWnh8C1F9pfHK9qgBg9lfHZhXr8GgHA,MonkeyMage,https://play-lh.googleusercontent.com/a-/AOh14GhcPx0r1IO04qWG0bE4Rl0af2sLWbWWB90n1roT,Drooling all over your hard coded games,5,0,1.0.8,2020-10-28 02:47:53,,
gp:AOqpTOHDSiHdNP-C13JXy11blexTlaJ_GwoeK1BOZUK7I1gS10W58zBmGYiUkUDt5rKT905DaGj2_j2PTwqOQQ,Paul Moody,https://play-lh.googleusercontent.com/a-/AOh14Gj2MDNKLgphxcQ26-FlhpQWxbhxH8gcooBssDhVwEM,"I really like this game, it reminds me of Trainyard (before they ruined it), in that I can be stuck on a level for a day or so, I'll prototype a level, fail, reiterate, fail, give up, try a new approach, fail, reiterate.... you get the idea. Cool if you like that sort of thing.",5,5,1.0.8,2020-10-12 21:56:24,,
gp:AOqpTOG98wrnoBskCLqyj9odAIj9W_17A4JPv-J_CjKyyVKdH0dWwEv-XfZ-qWBhMXHg5mzbtz8zVYxZ3clcBw,Ruby J. Scheme,https://play-lh.googleusercontent.com/-Pq0aY26EOpQ/AAAAAAAAAAI/AAAAAAAAAAA/AMZuuclpq_ZNZotxW2cpuNV3nDvSASo5WQ/photo.jpg,Automata creation puzzle delight. Probably even be better than the original!!,5,0,1.0.8,2020-10-11 16:13:02,,
gp:AOqpTOE6DFhWpDTukLLuZrac3N1ihU8VexxfuWgmeN23yOG2K9oXbdOcOKyR5Kb4D-fh2FTXheGDEUO_jZnxuw,Paul Myburgh,https://play-lh.googleusercontent.com/a-/AOh14GgEua22kjtbBhl6YiW_tGaEgAeW9rMLMbU5b6AuXw,"It's a fun little puzzle game, and gets pretty challenging even while using very simple elements. The only complaint I have so far is that there needs to be a better distinction when a sequencer is being skipped (X) , like maybe fade to a reddish colour instead of how it is now where it lights up just like the others except doesn't do anything. Would help quicker understanding.",5,15,1.0.8,2020-09-26 00:39:19,,
gp:AOqpTOGBLuv18t-mAZU2bvXzxC2BdxjbpvaGpcLJzsgK3JFQgHSQrSleqnOpV8vl5evzIHIBuwVa4Y6NbOiUig,Mike N,https://play-lh.googleusercontent.com/a-/AOh14GjM40mMqi8BP1mqMcyFmIJmqaiFoyFlK__6FKrPEA,"I love it. As good as the original but with an improved interface and slicker feel to it. 😡 Had to reset my phone and lost all my progress... Nooooo! Phew, took a couple of minutes but it's all back. 😋",5,9,1.0.8,2020-09-19 01:12:44,,
gp:AOqpTOHYLwmW1mvxyrWfkAL4BD0y7S3ZDSnOKUOz8H8EtGXVHWB_uDHQgTVy_SHXjI-WEYVDDZQW42D4GlEWtg,Danny Lapoint,https://play-lh.googleusercontent.com/-jFG-yAePCXQ/AAAAAAAAAAI/AAAAAAAAAAA/AMZuuck9c1oFNk9dW63D7HWHQsxQOHCkRQ/photo.jpg,"Does this game have sandbox mode? Dev, Response to my review.",3,0,1.0.8,2020-08-28 18:19:27,There is no sandbox in this game but many levels can be completed in several ways.,2020-08-31 12:31:22
gp:AOqpTOGl0zIm9xf5YxNrMq4g5cbxGmu6jHKS-KmKsjbE0lvkB5SMturzPgGc4QErmXXOUnmW0TTwttTl9K1Ztw,Seng Win,https://play-lh.googleusercontent.com/a-/AOh14GjnfI2pu73EzNr0IJ0jdIqzAAPSD1lVfg6bGQyPaA,Fun and challenging at the same time !,5,0,1.0.8,2020-08-13 21:05:32,,
gp:AOqpTOGE6MIfVU0b7C3hCpjkMZ3bwjfWPDKxk7JECdQuwnnVRTEp1H4hwuFIHI5wx3PrTGlp-7m34PIVjlNDlw,Brandon Bliss,https://play-lh.googleusercontent.com/a-/AOh14GjNHJC7RNsFLX3dcnq_gCoEEDZHmgTUmymlIuB_,"Phenomenal! Along with The Room Series, this is the best puzzle game on the app store . Quite challenging so far and incredibly addicting. Really makes you think and precisely tweak your machine until it works flawlessly. Easily worth the money.",5,5,1.0.8,2020-07-14 21:44:24,,
gp:AOqpTOFtLwUrSwD0hu0bgeG_mSL3QyWBSZMGNXowesx4IeMWqYwUamFFc1i7Py5aq97clI5CEA_2rH557IzkAw,Matt,https://play-lh.googleusercontent.com/a-/AOh14GhASqrhf5Y7CGzsFQBtPCtcyXjXukZmMsFz79MBBg,"Great, just like the original but different enough to be a second game.",5,0,,2020-07-08 20:00:51,,
gp:AOqpTOHFyfwDNR8wDSlkdLmzgXnDcu7J_vtJoPqTDrzMTxCzPCE8HOn-jw8wRQloaxHT6M2DJGhau0E4hB4wEQ,Dryw,https://play-lh.googleusercontent.com/a-/AOh14Gh0EWi_PxZzVmfORbeTWLk2_iId8Dj18gGfzA0ccg,I've only started playing but it's great so far.,5,0,1.0.8,2020-03-20 02:41:09,,
gp:AOqpTOFia3PusQjIJfdPJW8SUbO-oSIF8_AhH_Hz26r6UiC6qswk7Z8TiI7GKRIcIDzJfLjn3DibNbYeojvk5Q,Ron David Pascual,https://play-lh.googleusercontent.com/a-/AOh14GjOOib-3T5OctTXZ_ESCzS_hgv62G09HPU50O2q,I like and enjoy playing the puzzles since it's very challenging. But once all the levels are done can you add like a special gamemode or something where you can create your very own level or something like that and maybe even share it online for others to play and vice versa,4,2,1.0.8,2020-01-02 05:26:46,,
gp:AOqpTOH5USRnGLMf7VvBdw7X4VEqHBqIMMEaM0b9nNgGKNdlfQ9WoCOgtGWA0oo-CvFezLamg8bSqiRuYapYxw,Gabriel Palmer,https://play-lh.googleusercontent.com/a-/AOh14GjP7Bc7RXbTeUlqmwzzZc45_nSDX1VWrBs2tEqAAQ,"I enjoyed the first game and thought I'd give this a go. However, unlike the first game, there are no hints. There is no skip option or alternative levels to try. I'm bad at puzzles so unfortunately this sequel is much less accessible to silly people like me—now that I'm stuck on level 35 there is simply nothing else for me to do unless I look up a guide or something. Disappointing.",3,2,1.0.8,2019-12-04 16:24:02,,
gp:AOqpTOHkpo5ZuZYJW67ju2CAMk0-meIckY-2fKWnsGPUladkZsL-O7pAFjVmA7ZvE2gll7vLX56GwS48zvoOEQ,Tiziano Santoro,https://play-lh.googleusercontent.com/a-/AOh14GgdEV_DiuvxJSpSMV3nTKrzjjqtnGEM9DQNhCz-,"Great game, but cloud sync is not working correctly.",4,0,1.0.8,2019-11-22 09:57:56,,
gp:AOqpTOH4M6dPT8Ia2KqZ4wwrFa9kMAOwQ4FkaxCnojARHW_JdLMLtZvKGgj2zvo0l-rG92ycVfda8AQ7rCyaMQ,jake wilson,https://play-lh.googleusercontent.com/a-/AOh14GhamMRqXQYubFgEBF8F6ZhXk4e0rMpyVjHMsUS4Wg,Good gam if u like zachtronics stuff,5,0,1.0.8,2019-11-04 16:30:00,,
gp:AOqpTOF_JpO3jgCow3Moc1XK0Ojgq02uVwhhSfvM8tusR6PxCh0hqMDUNAmHaWKKQWrTLfnM4Eo52K94CAvMFg,Heather Excell,https://play-lh.googleusercontent.com/a-/AOh14Gi2OoXvMvY7miPlGzX9rJRotbWTiUOoS1ov-O0,A great follow-up to a great game. I do wish there were hints again though. There are just a few puzzles where I could really use a push in the right direction.,5,2,1.0.8,2019-10-26 19:21:49,,
gp:AOqpTOEuVU2d2fEmGKjZninI_9skin5dXFwKO6LZTqqlLus6VsyVKV1dmvxZrQXLZcItT5EFESwqX1sHDnDv3g,Chuckie Chan,https://play-lh.googleusercontent.com/a-/AOh14Gi2XafTbnnpmJNUMBHtHkUoEa6IRDXI7wq9fiDr2Q,Hints would be useful,4,0,1.0.8,2019-10-20 12:43:04,,
gp:AOqpTOF2f6Gu4DNb9gEKbLVpXQP82T7l0v8cN0OWOiu3-ToNK2H7P1FAinxudqkcdvrB9gSdSL0ob5K1m_fLNA,Peter Shaw,https://play-lh.googleusercontent.com/a-/AOh14GgMNt3oBBxuVty_xZfcZnmA19FEpijd2aHU3uxg,"The game is a real challenge, giving you building blocks to creat solutions. Some are tightly constrained puzzles, some are wide open problems to solve however you choose. This will give you a real brain workout. If the dev makes more of these, sign me up!",5,0,,2019-10-11 10:19:24,,
gp:AOqpTOF-kZSznaMAnwyD4tnDPH4KGuo3AAOPkJ6UHnHT3UmyyGLpRm1r78EGj37HUTufEj8mBwnTTUBNbz-ABQ,Logix Indie,https://play-lh.googleusercontent.com/a-/AOh14GjELf8rM1aKEK7aOMIetA_VZupRC0nXK0Po8NH-tg,"Definitely not a disappointing, but a very refeshing sequel! Is there anyway to know the optimal score of a level?",5,2,1.0.8,2019-08-16 12:12:54,,
gp:AOqpTOFigIhJ3D_DdN3aMdN1Gvbgfx1YqjpASxEIJungYp9rUJLfXYVhSZTxrKrJ82FjZhUhV5MFQIOLbUBURw,Jacob Raihle,https://play-lh.googleusercontent.com/a-/AOh14GgRmsCxlFBg91QJ2IJLVpEau6zaxR3lB4_rkdL2kg,"Quite clever. Easy to pick up and understand, but challenging to complete. For 5 stars I am missing a way to skip puzzles.",4,0,1.0.8,2019-08-11 04:19:43,,
gp:AOqpTOHvuBUXnE1DsNnORmPx7kvAia-HoARy2mPxbSfTawKVpn5ZGxrA7FJpor7AAC5f-Z0a6neEjINiSKZ74A,Holger Matthies,https://play-lh.googleusercontent.com/a-/AOh14GhsnsTKU_VUSL_2xRMKdqgzIcvHuf9isMoog4-hyP4,This is brilliant (bit different than v1). Please keep making great games!,5,1,1.0.8,2019-07-25 08:33:05,,
gp:AOqpTOE5dGuXrp8qzJEvGbobRpxA_w378UvQe12dFtJkhF_iM4UIUhrpIMsB6YFAVxMq6oeUuAZcyoosOsm0ww,Nick Weigel,https://play-lh.googleusercontent.com/-aLm3tdi1llo/AAAAAAAAAAI/AAAAAAAAAAA/AMZuucm74NJ_EXOZHnt-oDDP7l0AD28haA/photo.jpg,The mechanics seem alright but the tutorial is extremely slow and restrictive. Even just allowing fast forward to be used and not repeating the same puzzle would make it much more tolerable. I honestly don't want to deal with the tutorials when Zachtronic games don't have this issue.,3,1,,2019-05-23 23:26:04,,
gp:AOqpTOEwjt0n0RRVMKqhj0V26aGeLH2Iy2-hOFnHotQxv9CvgOVrR7DfQaVqiBL_QP1JYp2t7Qo5HplTSTOv4Q,Jim Rose,https://play-lh.googleusercontent.com/a-/AOh14GhlfugLhs8jkh9IBiHEbE97HZ0eQ7EZuBGcPgnKrA,Loved the first game and love this one even more. This isn't just a rehash of the same stuff. It's a different and expanded experience while retaining the essence of the first game. For one thing it's hexagonal instead of on a grid. The levels have different boundaries. Multiple source and destination points. Objects must be delivered properly oriented. Many more levels. Different machines. I highly recommend both games. Best few bucks I've ever spent. Similar to zachtronics games.,5,5,1.0.6,2019-03-31 21:34:27,,
gp:AOqpTOExjieUOJqU0CCeFqXIF0MQqbLIbYSPTqkTqutscPztFUd3GFozoR_mCfQ03MjT1OTz8piu1mmcvaZbuA,Si Baker,https://play-lh.googleusercontent.com/a-/AOh14Ghv3d4vg6Mp5INwr8r5SgLFA3N0OwAv-1ZhS4zdrw,"A great puzzle game, much like the Zachtronic series on PC.",5,1,1.0.6,2019-03-27 09:42:50,,
gp:AOqpTOFxj1COT5SzSK7uFQZt_yCsTDpQVRxfAKrIo7ESW-pilIt83LuQpo6Gz22qk9lQl2F0ZJiAuCKIQ18-PQ,A. Van Toor,https://play-lh.googleusercontent.com/a-/AOh14Gj_TvTfcsqyxbxCj2bUciCDeIFa-N0du-dOZjc,"Adds a third axis to an already brilliant concept. Just as frustrating and rewarding as the first game, which I recommend playing first. It's very hard to shake the feeling that you just need to change two numbers for your sequence to work, even when you're miles away from the solution. Here's a tip for when you get stuck: chuck your spaghetti in the bin, start over and try to think ahead this time.",5,1,1.0.6,2019-03-11 13:58:54,,
gp:AOqpTOFzjj9Ies_djA7EAh2GNjUtKCTHTvRA6VunP8HBP0htkCCLmQwPMUVuC5whiawVKxCv3Y4WyEAvrzxhEw,KS Chong,https://play-lh.googleusercontent.com/a-/AOh14GhmNgbAG69OjqH_OUh9aGINFuHcAMXtFU2knye-0Q,"UI needs a small tweak. For the level selection screen, can you open the screen with the latest unsolved level? I've to scroll many pages to reach it everytime I start the game now. Very annoying.",4,1,1.0.6,2019-03-07 01:41:55,,
gp:AOqpTOFCrYKkqhBRozZC1cVzM5RBsF3NwqhrnkN1DevPS-lwade4DmnNhir92nX8nXCayghgS5Q6cMrkp76TUw,Rob Smith,https://play-lh.googleusercontent.com/-T713FtxORZI/AAAAAAAAAAI/AAAAAAAAAAA/AMZuucm0Cggf98s-WHXZLmuNhYd4l28PvA/photo.jpg,"This is a great little puzzle game, similar in nature to Zachtronic games such as Spacechem. The levels are designed nicely, with the potential for lots of clever solutions. In contrast to Zachtronic games, the puzzles here are mostly a lot less open ended (for the earlier levels in particular, you are trying to figure out the 'trick' that will make a solution possible.) The levels ramp up nicely in difficulty, and are worth revisiting to optimise later on as you gain an appreciation for how the gadgets work together. I think that people who aren't good at logical puzzle games could find this game frustrating, but to everybody else this is easy to recommend. If it was several times the price, it would still be easily worth the money.",5,3,1.0.6,2019-03-04 13:13:25,,
gp:AOqpTOEvREZNilFCyv6SI7wL-aag4wNKe5Q73uMjkLK2mOP-OCO1uqHBQKcdo2MqJCAu_A_EVe6IOLvaXDM6kA,Cow Hammer,https://play-lh.googleusercontent.com/a-/AOh14Ghgx67pMJEUxuBnqHtHdgoSuDcMwPv7ZHiF1o1f7A,"Amazing puzzle game. It's constantly challenging you to come up with new ways of approaching puzzles. The levels feel designed, not generated, and you actually feel like you've accomplished something when you finally solve it unlike stuff like Candy Crush.",5,1,1.0.6,2019-02-19 06:54:50,,
gp:AOqpTOFn-fjAhGakRWCJ9_74UlR55G21gBTC6gJNWp3UIIDQDsaNNzBhwLNJXFQlvkXrvdrddmfsKYmzXzhjeA,X X,https://play-lh.googleusercontent.com/-yqcf6yiQNEA/AAAAAAAAAAI/AAAAAAAAAAA/AMZuuclCwoALwPEFzfBTpDX8IjtModsrAw/photo.jpg,Love it,5,0,1.0.6,2019-02-16 13:17:46,,
gp:AOqpTOHGj0BJfuvroa_UdNjnlN2oQvrcrwYze3r8bJqWbYHiGPzeaWGSqtT70w6G0YFMDmWyeKp9zpw7u1GtkA,David Smith,https://play-lh.googleusercontent.com/a-/AOh14GjIIXs4Y-FNTZxXg0DZwW7wO92X_hm6Z-QSRbT5,One of the best hardcore puzzle game available! Great puzzle design and rewardingly deep game mechanics.,5,0,1.0.6,2019-02-09 14:36:03,,
gp:AOqpTOEcFdZC6pxS0b7pR9BnJ8L2W02RuZ7zGjw6HN_6xNq1LXc4oEn7JM-HMeKNrkrwaZR91vP2Cz0GChkP_g,David Innes,https://play-lh.googleusercontent.com/a-/AOh14GgYqm8WDYOtQQrGWpZX0bIvPkvmKcmNInxtoV16Dyg,"Well implemented, good design, cool concept, challenging puzzles.",5,1,1.0.6,2019-01-28 10:10:06,,
gp:AOqpTOF7RoTL8ijwIIAA_1nue8vM7FIghDP0i6HnaU1A6UA7K6gP5g6eEmzGaFJbIx_4PzvXtdw1RdI-t3iFlw,Dennis Krøger,https://play-lh.googleusercontent.com/a-/AOh14GiNw_3nar55wpcfeLaJcWS8wBVvz-DbUaYVe7Lq9g,"In general a good game, but keeps asking for more unneeded Google profile data after denial on later startups. I paid, don't ask for anything more than you need.",3,2,1.0.6,2019-01-24 23:07:59,,
gp:AOqpTOGbDUP3jKYGcNNaI7IYMwh2R_k-ib4lKN5-_JdPm6OUw_dA25wKqhDaWM0kV8XTUTCfCvzg1aq9XcqB6Q,Amogh P,https://play-lh.googleusercontent.com/a-/AOh14Gi9HkdeYRjsX71Yvp922v8wcun4nmUPD2cze9qwxg,"loved the game but i don't understand what exactly the A and B option and copy button do, what's the point? am i missing something?",5,0,1.0.6,2019-01-20 16:24:59,Almost 80% of the levels have a second solution. You can try to find them. Starting with level 47 you will be able to save your solutions in special slots A and B.,2019-01-18 07:23:01
gp:AOqpTOETAhehtkXLPwrsMhlhitp0kZ_rRAjsNdHQDakKF5mFnB2oEU_uNP_mU0d0ufDwuB1pSqzQfY9nzi_Dkg,Victor Lara,https://play-lh.googleusercontent.com/a-/AOh14GjfkUkNVCgXVqZ8SUo4MxIozvrsgHItBZwdTWclJw,"The game is excellent but, ultimately, its replayability is limited by the hard level cap and lack of secondary objectives (reduce number of cycles, resource waste, symbols used, etc.). Player-made challenge maps and a level editor would be cool.",4,2,1.0.6,2019-01-16 03:18:30,,
gp:AOqpTOGnNkq8SlMiwlEmcpk1Rb5qBtHvfxxPQgCmbvGdcs4yWoJq3ALE1OT9fYW2W0cWueQQS61YOmyvT6w6DQ,Stubborn Puppet,https://play-lh.googleusercontent.com/a-/AOh14GjiOhVafsPCBkkzTjl4WqVitQAXTB4uu5dkA2Ir,"Loved the original. This is a worthy sequel. Really smart. Would go 5 stars, but some basic features are missing:  No way to skip a puzzle you're stuck on. Gives ""points"" for solving with fewer pieces... but those are never used - in original game you could buy single move hints with them. It should remember where i left off when i close the app, instead of making you go through the whole list to get back to the next level. One other real concern is how much battery this app consumes - I've seen it drain 20% of my battery life in 15-20 minutes, which is a lot for a game that doesn't have a bunch of fancy 3-D rendering to do.  It makes me wonder what is really going on under the hood.",4,8,1.0.6,2019-01-15 14:40:46,,
gp:AOqpTOH8XpSXvp6OybUV8IEpIW3A4EB1jUjan82Wk8_62zOHecgH2wZsA5SepRxkDUdlh_icfGzgMotVYFK9tQ,Felix Bauer,https://play-lh.googleusercontent.com/a-/AOh14GiGLiJl9Wnu4BKI1PE7x7mhLJpydfBb1erwbGuqcQ,A bit like The Human Recource Machine. Not as complex but even more challenging! Highly recommended.,5,1,1.0.6,2019-01-13 14:38:23,,
gp:AOqpTOHQpN2Cf0LDt4ptqxebYZnZTWxI7chLZ-9P237uEVfSYmxhfGHB4PjZPHwH9R24CJQaqRLwgz-I0Um7aA,John Mazzocchi,https://play-lh.googleusercontent.com/-esUro14_onE/AAAAAAAAAAI/AAAAAAAAAAA/AMZuuclFCvcI00pBzIp4ucqg5lI4CuBmeA/photo.jpg,"i never rate games. never. but i felt compelled to say that this game is exceptional. i own it on both iOS and Android. if you like a challenging puzzle game and you're a coder, get this. you wont be sorry.",5,1,1.0.6,2019-01-11 15:53:25,,
gp:AOqpTOFby8CVTB3K9kGJIFR4FkD82jkILwBDgYhd7E2Wa59HhU1wNxZgyuWBr2XtDqNfC_k0vwAvOl9KxZe8bg,Eric H,https://play-lh.googleusercontent.com/a-/AOh14GhVAmkkveP0NrpkeVGGugnrNG8fSZezasSZ0XN3bg,"Even better than the first one! Lots of puzzles to solve, each with unique solutions. One purchase with no ads or in app purchases, and definitely worth more than the price.",5,0,1.0.6,2019-01-06 19:43:43,,
gp:AOqpTOFcL7x5G2etgkc3Kjzx57xpwib7x5kfbG59NrUWTliw_cTiq76-kWKlWnyNCYhcLp3VWrVs1S5fdN0VYA,raza ahmad,https://play-lh.googleusercontent.com/a-/AOh14Gi-mKzAhoubH2ZIxmH19QGlgzGeuzi0HUhEazwnVg,"something old, something new... just the right mix for a sequel from one of my favorite indie game devs.",5,0,1.0.6,2019-01-01 17:41:07,,
gp:AOqpTOHkEB1hVNGM8VZxApMyVky2RoPmSHS629LMPzrjW7IwvPm-OVd654oNHhzDxm3uDuf9BKMh-KHWEZjsgg,Zok Wobblefotz,https://play-lh.googleusercontent.com/a-/AOh14Gh8GoWVQiz872lmQc5XfJ_fG4q9WAW9lfStlPZf,Loved the first. Totally solid followup.,5,0,1.0.6,2019-01-01 09:37:52,,
gp:AOqpTOF-5fpbbfsywnD6EVTiDSpH2_7LoIYa34R1XcheEQueFGwQgKPV3ZUJyLQVThR61DQy262_yC_OqNg9fw,Muhammad Asyraf,https://play-lh.googleusercontent.com/a-/AOh14Gg9OLOSM8dUu-RGbg4BBMmlpXbFFJj6mE-tJ4mJIg,Perfect toy for the witty!,5,0,1.0.6,2018-12-30 17:24:20,,
gp:AOqpTOE3YI6hi-FZj-cekpPaRkupdDrAfy5uP0F8xChaoTL_MQJhwHFCToLiipAJJxdoW_U4YOtdT2d5byXOfQ,Chris Carr,https://play-lh.googleusercontent.com/a-/AOh14GjQUPEWUhbxzgC9qtdGZd0M0mGP-GpU9TpA2DQoxg,"Absolutely hands down the best game I've ever enjoyed. I love a challenge, and I'm an engineering student. This is perfectly complicated and follows the first game wonderfully. I'm enthralled with this game and those like it, and I hope more of this type of game comes out",5,1,1.0.6,2018-12-27 13:59:50,Thank you!,2018-12-29 04:30:31
gp:AOqpTOHIAWc69eXCu7IISZo7n_TjXVntvWrLmqQfDlNWD9iD3bH_wWiKjXYDY4zWUQFxEqJSeWAbw48jC0YOQA,Bruce Richardson,https://play-lh.googleusercontent.com/a-/AOh14GhUZQTiyB78LmO1wr12IbSq3up_exjkzzECvUH40g,"I'm enjoying this just as much as I did the first, but people should be warned that this is tougher.  It feels to me that there's much less guidance in the early stages and that the difficulty level hits a sudden, steep ramp.  People who haven't played the original are going to find this tough, particularly if their background isn't in some kind of mechanical/electrical/computer engineering  Great game, though.",4,4,1.0.6,2018-12-24 07:49:49,,
gp:AOqpTOFfP2K1ZOWNwZr6fzudj4PkhTgrKxlT83_NrG9UjgkhJoOGTy6iynkR9ZVKpBwwXUtzrFh9jQW2ZI2amg,Kristoffer Klasson,https://play-lh.googleusercontent.com/a-/AOh14GjrPYhULApsJqisgmta1DlGczSfk-jzl1GV-HB7,Great followup to the first game with the three twist of being hexagonal instead of a square grid.,5,1,1.0.6,2018-12-24 03:36:16,,
gp:AOqpTOFRjqmvWcOo-ai_NFH3Qy21ED-SX_SBZ6fswAwLgpPp40YpOPxWh67AHpsc8Wq2QaOyW_5fbgdO4f-UuQ,Justin Curtiss,https://play-lh.googleusercontent.com/a-/AOh14GhojrrrluG4oy43JrOrGgdL0PZUfaFzLoxtP3lbnw,"a ""Zachtronics lite"" type game, this is fun and challenging. the learning curve is ""normal"" for this genre, but may feel very steep for someone who hasn't played a pseudo-coding game before. i highly recommend, especially since its free (as of 23 Dec 2018)",5,4,1.0.6,2018-12-23 10:57:49,,
gp:AOqpTOFjc1sF8Qq-3ROLL8STU5WSdnjgdaygxO6HX0cENHkXdafKBKi4VtU6gIe_H-w4jJup_cdcA6iy8UsBlQ,A Google user,https://play-lh.googleusercontent.com/EGemoI2NTXmTsBVtJqk8jxF9rh8ApRWfsIMQSt2uE4OcpQqbFu7f7NbTK05lx80nuSijCz7sc3a277R67g,Amazing game. Great challenging levels too!,5,0,1.0.6,2018-12-23 04:17:27,,
gp:AOqpTOF0wnjtplKzyGw8pplqrMoj8zYC0e2D9PawTq_zRnC-Hxy4Dqd2pz9qjhHRcPfaWwxessb-R4Za6rEpfQ,Piotr Maziarz,https://play-lh.googleusercontent.com/a-/AOh14GjymqzidSnNIymc6BtGLlaqksT5W7KQVfYdcURlNg,Genius,5,0,1.0.6,2018-12-23 04:05:45,,
gp:AOqpTOHBuctZNM5hHgPKkZKSWN_1rCCH5yGz9frFNG1KVf1KV1dDOUiZq_CBDukYWrAwHJOxX2P93RHsUcU57g,Pavan Kumar,https://play-lh.googleusercontent.com/a-/AOh14Gj3QD83iX8znPnprrNjmVrde9A-SZvpS6ebwSjSwg,"Makes me feel like I'm playing spacechem, which is a good thing....",5,0,1.0.6,2018-12-13 19:21:57,,
gp:AOqpTOEtw7fH9kdYdoVTID1SCkZEX2k9TJt80nAfG0Pt6m-u4RHauGP0J_Kuj2yrBha-J5yC0yjn1M9XKtxDbg,A Google user,https://play-lh.googleusercontent.com/EGemoI2NTXmTsBVtJqk8jxF9rh8ApRWfsIMQSt2uE4OcpQqbFu7f7NbTK05lx80nuSijCz7sc3a277R67g,The game's awesome. The controls are smooth. Lot's of elements. Good discovery moments. I don't like the graphics though. This is a puzzle game with a small amount of elements. Maybe the graphics should also say this. I think the graphics should be more minimalistic like in The Sequence (1) and in qb - a cubes tale Edit: Please add freeplay mode so you can mess with the elements,4,5,1.0.6,2018-12-11 01:46:59,,
gp:AOqpTOGlKMH-fOIdEYod0SKRop4IH9RI5unXN8kbBCbEFqiY9y6g2HoEHezqdCmgSWXT7FSMSAddZh7ja_LO4Q,Meadowind The,https://play-lh.googleusercontent.com/a-/AOh14Gjn0C6qv7j4cnDVapWISDHh3hFopAJCVDLm3XhM,"Solved the first set within few minutes (tutorial); I hope the rest is challenging and will give me days of ""headaches"" :D",5,1,1.0.6,2018-12-09 02:11:25,The rest will challenging for sure!,2018-12-09 02:57:56
gp:AOqpTOHERCW2TLn7l9v_DSnaczGkFX2IiI4eSDuHWv4t5eYFijDnThNx61Po_sk2abAD_UUTVUVpWnQcUUmJag,Bas Brouwers,https://play-lh.googleusercontent.com/-uS6iziG5usU/AAAAAAAAAAI/AAAAAAAAAAA/AMZuuckCJER5KPVOZpfAjfO56WXtFH2-KA/photo.jpg,Even better then the fist sequence game. Very challenging puzzles but always solvable. Game is as good as puzzle games are going to get. Recommended!,5,1,1.0.6,2018-12-06 15:04:49,,
gp:AOqpTOGlDN01X0F4fwGT-qo0bKczoBqd6E8xq_SqNXKqGHrUDgrzlxt2Xo60z-IR2HAWgrGSa6KNTw-36p3pnA,Oleksii Sribnyi,https://play-lh.googleusercontent.com/-8kGOedgVq4Q/AAAAAAAAAAI/AAAAAAAAAAA/AMZuucn99e06JN5yWa6TBsRYb2uyXZoJCQ/photo.jpg,This is just a perfect puzzle game. Love it :),5,1,1.0.6,2018-12-06 00:21:04,,
gp:AOqpTOFv3yaoaKYFZ8U6RGWemDTZ4dE_uagQO6g-psE9i4_WfPgy9K1Z5xxNnOMpHGeAFZ84qIcP8RYeNmxdzw,ex alpha,https://play-lh.googleusercontent.com/a-/AOh14Gh7x16uyVLgW5jgCz69YMSwEqRSdKL5idBRxoIzsQ,Elegant and challenging.,5,1,1.0.6,2018-12-04 05:14:39,,
gp:AOqpTOGx7VLs8N4d3PNFdw4T9nDmEDMSCGS27BjkGbEbyvqp2blMMNKa23vTXEyx28-5rUlSq7wcbY4H8EzFAQ,Ian Hiorns,https://play-lh.googleusercontent.com/-KXF4AqnMNqc/AAAAAAAAAAI/AAAAAAAAAAA/AMZuuclw3sqaaDv5M6V1OlU9mIT2BlDlqA/photo.jpg,Liked everything about this. I'm not even particularly into puzzles but loved the mechanics here. Nicely presented too.,5,1,1.0.6,2018-11-30 14:27:57,,
gp:AOqpTOGuCIPTGYkyMXkT1eFlOUD9n5J5OO_73SxVgf6BxBzWbNM60Z3Esq74ZTVlDrzXNtmXZ3uSzcRVjNKMOQ,Corey Bullard,https://play-lh.googleusercontent.com/a-/AOh14GhcZornw3Feg8WuXn0xza0c1GIZl95D2AS7jfp2OA,"If you're into logic games (like Zachtronics), then this game is exactly what you're looking for.",5,2,1.0.6,2018-11-30 06:44:10,,
gp:AOqpTOGBXCd94hb6hWn1BpIrpgpLFx0_7Nhozfqu7ThlN-J9xj-oaPgBIMPmuDRvYpnknve26wRz6OMDS1yvPw,Christopher,https://play-lh.googleusercontent.com/a-/AOh14GiTvD4GSt4cjrbnpRrpdt4iOZCgHVyStTEB_Hi1Lg,"One of the best puzzle games I have played. Everything about this game is very well thought out. The tutorial didn't feel like it was holding my hand and the difficulty ramps up very nicely while introducing new mechanics. The graphics are crisp and simple. Showing you just the information you need while not coming off too minimalistic. The music and sound effects are also pretty great. Most games I play on my phone end up getting muted. Not this one. Good job dev, keep up the excellent work!",5,12,1.0.6,2018-11-29 20:22:30,Thank you!,2018-11-29 22:10:21
gp:AOqpTOG-C9MelnIjmQgRKJepU5UG9EH2UKSur81ibLYc7jo1-9GVxR5xsNd4_3fVX9UydrhqLE8gPHZbaF70BA,Marc Applebee,https://play-lh.googleusercontent.com/a-/AOh14Gh24g_vHMIjkDZYmc5bJ9qXuB7Q-5ewVorh2KqNngk,Great game. Loving it so far 20 levels in.,5,1,1.0.6,2018-11-29 14:33:40,,
gp:AOqpTOHNcAWw4BPIb70pjvRwzWIEHFFircCB2gvkgVWrzvr_FAS4XNff1Cfa9FOC9f3IH8eGzRcoUixyShGvbQ,gavin collington,https://play-lh.googleusercontent.com/a-/AOh14GgoZxZnWcwTOXY7AEsP59sJBlWrnT2tgRgcNJrc,"Simple concept but engrossing and rewarding, great puzzle game",5,1,1.0.6,2018-11-29 13:22:40,,
gp:AOqpTOFfpPHYPwEAxwiN4O1hNW0Tvs2JvFHGgOESVI7FKNu6fVrA79v7RB61Ucn4Qkv_-eOWDBdQmiTE3fO61Q,Ryan Durbin,https://play-lh.googleusercontent.com/a-/AOh14GhCm4DqqE-NDIdemS_tXIAYxJ9WF1gefOYWPNYQLs8,"Wow, simplified space chem for your phone!!! Very thorough tutorials",5,1,1.0.6,2018-11-28 22:56:48,,
gp:AOqpTOE46Wj769wVOgpTk1RJUbD57-zx8GIP-SJycfGZ1JRPAKx2qrZ7PfBoiUOClDxt5k1KuVTMiP2PTYBSnQ,Zach Shaner,https://play-lh.googleusercontent.com/a-/AOh14Gjqpn4s5-h4PwB6mS0Hwq6kk_voKn7JrGakUKvm0Q,Incredibly puzzle game. Very intuitive controls and great level design. A must buy for anyone who enjoys challenging logic puzzles,5,1,1.0.6,2018-11-28 15:18:09,,
gp:AOqpTOHgjc7hVQKCgD80GVPpP4wwnbD8YG0EafgwYFKZKqjpk-drfhNnTi95S9kptqNhIdvNe7chhz_iJsEYHQ,Richard N,https://play-lh.googleusercontent.com/-Hg6Uv4g-dgo/AAAAAAAAAAI/AAAAAAAAAAA/AMZuucmPN_e_lv_nC2XXOoleY04W01huRg/photo.jpg,"Great game so far. The logic puzzles are tricky, but make sense. Kudos to the dev for making a unique, innovative and interesting puzzle game.",5,2,1.0.6,2018-11-28 12:21:21,,
gp:AOqpTOGPnbLmhSv-kTvSked6oS5ydx3u_WuAgHsqiC9_rP_dnojNrPJVMef0m3-ENc4BlXakBB__oqcU9vV26Q,Mike Mains,https://play-lh.googleusercontent.com/-MeSlrvWz_3M/AAAAAAAAAAI/AAAAAAAAf2A/AMZuucmKbgH3G2XJhxWaknJl96kFmQN3Fw/photo.jpg,Great puzzle game. Love logic games.,5,2,1.0.6,2018-11-28 11:05:44,,
gp:AOqpTOErN8LcLAWt8yUShJbuvAjkQwTLd0IDGKrq_s5vvshiFML118vcp83OeVXkIwczATJEJQ1znUDYuFoY8g,Slav Doktorov,https://play-lh.googleusercontent.com/a-/AOh14GgumKpvxgvZ2WWfhNTKudQix95KytJvWt6uow0Z,A challenging logic based game. Great for spending some time. Love it. The music and the graphics style have a certain retro feel (without being 8bit thing that everyone calls retro these days). Love everything about it so far,5,2,1.0.6,2018-11-28 09:25:23,,
