reviewId,userName,userImage,content,score,thumbsUpCount,reviewCreatedVersion,at,replyContent,repliedAt
gp:AOqpTOH8XSNKQwWGsPO0i0cI2WWWp1f0ppSPLlWLKbqw6RRpIQWFiUdynNcBYrAtatKJkPWRCM5AIIxQBZKCxo8,Dan the Meme man,https://play-lh.googleusercontent.com/a-/AOh14Gg6hVwvbQSHL38JDIGduq-zROpKzLOD0nwCBKad,Refund? I need my money back for more important things please,1,0,,2021-01-27 18:47:09,,
gp:AOqpTOFiZmJWc1krxNaujIuu1LpahzYEM3i0CJBW2zPz1N7soCwfCNcH4SOGMLT7-xHWV0DRD8za48Zg-PiwHsY,Max Moreno,https://play-lh.googleusercontent.com/a-/AOh14GhHzAVWHylm9mxr_ar3sYNlc8mS6-1-xdU-_f9DqA,Waste of money.,1,1,1.0.40,2020-12-20 17:17:04,,
gp:AOqpTOEKRca4R3WZviSFE2sHxz2ssdp57fdPNVrNGnFULjmi7wqRqiXX210jbjwP1PHBPpY2LLJpzdJrMOGW43k,Colin,https://play-lh.googleusercontent.com/-g3Y-hZH0sXs/AAAAAAAAAAI/AAAAAAAAAAA/AMZuucks6iRNSKTHiISdrR_jqY2G6Amf1Q/photo.jpg,Doesn't even do anything???? Worst $2 ever. What a stupid ripoff. Could not get it to do a face swap to save my life. Worst. App. Ever.,1,23,1.0.40,2020-10-18 05:28:44,,
gp:AOqpTOFc6u8aJ6e9xoP0bXXhB19c5PKPOvU2e9IgOyobys0uBmvJhOv1F3PeUPyfx_7QUaNAT3ujwBfFysT-wI8,Diseree T,https://play-lh.googleusercontent.com/a-/AOh14GhhgUGec6kpolV4pO3avZOrpAg8VfsTjfxpjWmlJEM,"Did not work, I am grateful they gave me a refund without giving me a hard time. Thanks you guys and I hope you fix the bugs.",2,42,,2020-08-30 13:35:24,,
gp:AOqpTOHKUgJnMz1ee7Qm10bn96M8gFtNa3rrvWdbFdKWgz47v6J5Pe1m2yCZYd0BssST3d8Q4SnJL_yv0wcG7ec,Sean Doyle,https://play-lh.googleusercontent.com/-VBeoInSh7B0/AAAAAAAAAAI/AAAAAAAAAAA/AMZuuclJdLdwO98Y1Az0sdmYXA6xXH1XHQ/photo.jpg,I could do a better job with a potato stamp. It looks exactly like someone cut your T zone out of a photo and glued it onto a tiger beat cover.,1,22,,2020-07-15 10:30:59,,
gp:AOqpTOHfnX8IOrr2oXRPJGKGvRj8gk7eGMkjIfTAnGACFK0n8nUO92EdQVWp-pmrGihEwdLH9VbflxpjFfO0_38,The Gonz,https://play-lh.googleusercontent.com/a-/AOh14Gg3JSll02StHgVN90EQHYm0YvYCsSSkTPHWMSBbEw,i use this app for IG comedy wnd its great but it has major glitches and after a minute and twenty it blacks out and kicks you off the app. this would be a great app if it worked more functional.,3,31,1.0.40,2020-07-07 15:26:50,,
gp:AOqpTOGPI3Mw9d1cM9EcyS_XD5av66V6337mLdnKHcwI2A17DL3tz5QNn9E9I11aGSR021JBzsC0TF640uqmoOQ,Hunter Bartley,https://play-lh.googleusercontent.com/-Fx-GH-mzwPw/AAAAAAAAAAI/AAAAAAAAAAA/AMZuucnfsSg9WicNnKqeWDech0rcuFkJZA/photo.jpg,"This app sucks, its not what kyle dunnigan uses for his deep fakes. It pretty much cuts a hole in the photo and puts ur face. Doesn't look close to real at all",1,2,1.0.40,2020-06-21 10:10:25,,
gp:AOqpTOFwifheQJMPHN4XQkelY7NmMh4get0k3i5aUqz3ith63PY5E6JKorEmO8mQRiu12QI5HptxrrC2BTI7FrY,Conor Ryan,https://play-lh.googleusercontent.com/a-/AOh14GjKoZ7criFaeN_B82Y6Jj4rejaLDaJbejcaL8irAw,It didn't work. Wouldn't recognise my face no matter what I did. It didn't even recognise faces in the default photos it included itself!!!,1,35,1.0.40,2020-06-11 13:08:59,,
gp:AOqpTOFP9rqjMMUFOs1J-xr62HS4TgWoRYmPXesg6-gh71sSSG6jFM-pk3N1jQlX4nEskcs07zjuiL-aOoTNksQ,Xhekkhar,https://play-lh.googleusercontent.com/a-/AOh14GjS2YCcLCjY-hzXXB8FkASjeh8fOS7X3kixvp168K8,"Very Disappointed, Too much lagging while talking and moving head, Beta was perfectly working. Just purchased this to remove logo🤦‍♂️, Please fix it asap. My few Projects are depend on it.",1,39,1.0.40,2020-04-22 08:53:03,,
gp:AOqpTOGDPmFru9f97iKb_oRd4TIeCZRA00sqARrkEwXef5q6zHtgqkjYZNDaP7Vk5jC80JefREpLayw3ZYV6_Uo,Rivers,https://play-lh.googleusercontent.com/a-/AOh14GjaT1EmhOU10GnTQstVxUS7gwiOX0r9Qgh50Sxn6S4,Awesome app no crashes on Galaxy s20. Probably the best face manipulation app that I've used.,5,19,1.0.40,2020-04-12 07:54:21,,
gp:AOqpTOEOdOu6IU0MbZtrmCl1RTvgxZRbNuzgkgZSxU8AiY0DAH1EEtKr6D_CVUvgTUAlL0MoosYT_kU2Kf0tOvs,Ram Gopinathan,https://play-lh.googleusercontent.com/a-/AOh14GiNmoUuv-EliTZ4Z7JGUCaKmKTLUlYorpBVNShxHiQ,"Give me back my money, frequently crashes. Don't waste your money on this app. Terrible",1,10,1.0.40,2020-04-04 07:34:43,,
gp:AOqpTOH6KLJtZkWN_cyLy04UzhnE_rof4Xg0_1T7NLY2mmToko1Leiwh7HGZ95WSSu7E1zhpmkowcdFYT8Ff3E4,Jessica Deemie,https://play-lh.googleusercontent.com/a-/AOh14GggQsc4_SW3HUv_nMP0rpJAToI3MKuWvigmHAkmiEI,Hours of fun!Most entertaining $1 I've spent on a app! 💖Recommend by Jenna&Julien💖,5,5,1.0.40,2020-01-09 17:33:41,,
gp:AOqpTOGg-y0tzsxBVESJsg22rG2BrQIBH_mfvGonprFt-2_RK-ZY9IVulF-LjsJLgfY3vEhzEQqkmGvDoJjqZSQ,Nathan Blade,https://play-lh.googleusercontent.com/a-/AOh14GhSalV7FJ-MYQj1vDwQgBpBia4TT41gQtVOqnbmXpI,"can't use edit face feature for some unknown reason, worked fine previously.",4,3,1.0.40,2019-04-08 01:09:22,,
gp:AOqpTOGDqkDQrJQCpqmq38AGtgXscNPVJhTrNws78yzrjHij2O11kixfM9h24es52qZAmYryJnw6otGeKpKzsIk,Stevie jordanidis,https://play-lh.googleusercontent.com/-zSZA6F-kZDU/AAAAAAAAAAI/AAAAAAAAAAA/AMZuucnlQDDJzHJvfQc7vRS05_5STikaTA/photo.jpg,Garbage! way too finicky. dont waste your money plenty of free apps out there that work way better.,1,14,,2019-03-29 06:13:53,,
gp:AOqpTOGlQcOazG19MWAp-vQoq3tjyUOg9bxF6iv2GZKKf5noOKOL_dil95R0WbOaR7eAG32fab6m6TPo7MkfMks,Gal Shalev Short Clips,https://play-lh.googleusercontent.com/a-/AOh14Gj0VgqZd26ahAH1x0NaS_fhScK6J7XkeEIb7XTvNg,"I had this app on Samsung and really enjoyed it. Now I have a Huawei p20 and the face swap is basically see through, it 'waves' on and off of my face. Unstable, very shaking. Please fix this bug, i tried both the paid app and the free beta app. I actually need it to work for my content.",1,20,,2019-02-05 03:55:27,,
gp:AOqpTOFK2-zHQKfcKUCrKxWa5xfk7KkBwJn4rGcLIOJCnByQ96MAsoRDIRfp6DBZEsd8rNNB5kH6nJcQ6cLgqwI,A Google user,https://play-lh.googleusercontent.com/EGemoI2NTXmTsBVtJqk8jxF9rh8ApRWfsIMQSt2uE4OcpQqbFu7f7NbTK05lx80nuSijCz7sc3a277R67g,Worth it,5,1,1.0.40,2019-01-30 15:04:12,,
gp:AOqpTOEOyAKrRDRZJ66Y1SFsl-8t8fh_RE6RgSPYYGLqj4vZWIMjhVHH1jIAC78uhhrNUElD8Xv6kz8ePfRrrWs,ambuh tabasco,https://play-lh.googleusercontent.com/-p9dviVIr3VY/AAAAAAAAAAI/AAAAAAAAAAA/AMZuucnur6CcNYi3V_PMxkxRRiuklJjofA/photo.jpg,"awesome app implies awesome memories, highly reccomend",5,14,1.0.40,2019-01-19 19:28:55,,
gp:AOqpTOFRnBcRI55_ZvKvbQNYa5t-Mh7S08WYUSKZs9Lx7LS2pCFxA9N9DGZhbaP9q0BhGJb5dCot1fcAl4MBxjQ,A Google user,https://play-lh.googleusercontent.com/EGemoI2NTXmTsBVtJqk8jxF9rh8ApRWfsIMQSt2uE4OcpQqbFu7f7NbTK05lx80nuSijCz7sc3a277R67g,Great app but for some reason there's a bug for the Edit Face button. I think it's stuck. It worked last time. 😓,4,12,1.0.40,2018-12-23 07:24:32,,
gp:AOqpTOH8sbV5pkPh8dzejhG-DInFGwUxr-bjnSRqg3ZzW5XmvVxRRWrIySpRjhBSPQetxmRTykCONo4P6nNGmfE,Andrea Ashton,https://play-lh.googleusercontent.com/-oIDCmZihMGg/AAAAAAAAAAI/AAAAAAAAAAA/AMZuucmc7MGuWTiFfPoHxnlsfaatltATxA/photo.jpg,Haven't did this yet,5,3,1.0.40,2018-12-13 11:57:44,,
gp:AOqpTOEUaaGqdhUsGHUx8Arm93kN0sNVyGAonTbqwTzxc-rrz5Spl_Mm-MzN9OZY21fcNLbFYRzvAiqT9g58gDs,Ed Weibe,https://play-lh.googleusercontent.com/a-/AOh14GgTve5t2nJeDIFCN9WUhcVENl_CldtWZXYdADug,Wish they would update for the newest Samsung phones.,2,3,1.0.40,2018-07-13 13:27:00,,
gp:AOqpTOFVqK-7dvzP8R4K_nFeRpYXO0Ggi1OpPfiQD8WUv_BIITcaOh2_uncmiTcJdR2FPvMEC4NDyTxDNSFOR18,Random Video,https://play-lh.googleusercontent.com/a-/AOh14Gg1I6745WAbuw5lCSFfeQ-h6Fi1DGH7Eqqogdb1,"Not upto the mark. In setting, edit face option is dummy, not working. 
There shud be option for editing skin colour. We Can't match skin colour. 
While speaking, lip sync doesn't look perfect.",3,0,,2018-07-08 07:20:16,,
gp:AOqpTOGJh9rG14hqoZRPwaR5yCFwdRSCcx-n_qgKJ7EJnZvPgiMvo5SDQm1uIqq2NeGw3JUfiV59KBtkZY1TVnE,IHasRage,https://play-lh.googleusercontent.com/-vLQXLceK4L8/AAAAAAAAAAI/AAAAAAAAAAA/AMZuucnlUQNWwQu3E0FZGHprH8CEn9ap6Q/photo.jpg,Do NOT buy it!!,1,7,1.0.40,2018-03-25 03:24:27,,
gp:AOqpTOELX810k1gYO6U2H62ziRG5YSEN4PAFlsWkZgpMLK8uHBRAsBAwcKFULSN8PkrupmwObTCdxv0l8g1qit0,Kaihong Tay,https://play-lh.googleusercontent.com/a-/AOh14GglOgSVjd8chVhhopeJsCyqBdBJvKsOkT9l2Pfszw,Can't create videos... doesn't work as advertised...,1,4,1.0.40,2018-03-24 19:03:05,,
gp:AOqpTOEvDYgblycn8wDaHy-YV2JTFzQRk9B8YG6OqiyYj0fjVea2xUxYtuD5nyoexDnuAu9dEeM4MsXaPGPt9-U,Henry biss,https://play-lh.googleusercontent.com/a-/AOh14GijFfyE8R9_s51C8ccV6RfFvHMbvh0D8iuPhaQQQg,It isn't updated yet,1,0,,2018-01-31 17:21:49,,
gp:AOqpTOGNSLd32ZQ3o69JnEvUJGwPXs_q8BSBhv6TaC2dux7rNZQhwc5H8WqqXl_mTOvmqO5hgpInTu8UOsxoLK8,Tyric Carr,https://play-lh.googleusercontent.com/a-/AOh14GhQoQzuZe6NnBRdB-3eItPOm4nu8xRS5GHytlChQw,Face swaps... Need a few kinks but it fun!,5,3,1.0.40,2017-11-26 22:39:12,,
gp:AOqpTOHb_cUwZLb_ebee6kTwFKNNGqAl68Qnp6EALl8JVl6GpE5qFZngMj8EsnMhd-ZSrpGHMpz_NvPfPZGB1MA,MrrMerkz,https://play-lh.googleusercontent.com/a-/AOh14GjacShWBFwfN5R4jOVa55alOfrisU1xEJ6C2HPjAA,"I have Samsung S5 Mini, it doesn't even work. It doesn't recognise my face and the camera is still widened...",3,2,1.0.15,2017-10-21 06:05:57,,
gp:AOqpTOEQq4o--KEe7SAN3fgi27C5W0z07i3usQDIhg_9gBpakNQZYYb_40FGlpLfGFAyhqT9pKReyLCI7zlsrOM,BW Light Guy,https://play-lh.googleusercontent.com/a-/AOh14GjMJIDD-zZoQ9CVIriy2DG9NNgOoIWf4pfkIFdYZyE,Not worth 99 cents .,1,7,1.0.40,2017-10-08 21:55:25,,
gp:AOqpTOFMkxFYDjKBXCfWDnqicAITPdPIMUOvRQCGrivQa28bFRe8h3XmkEPYyYhsGxsSUD89mPpJvrfvrW6zgWo,Joel Waitt,https://play-lh.googleusercontent.com/-Dt5w0DDkteo/AAAAAAAAAAI/AAAAAAAAAAA/AMZuucl1WYeEVaaZ1oT86sxFjNZIwo64_Q/photo.jpg,I paid to have an upgrade and there is no upgrade it is the exact same now as it was before I paid.,2,25,1.0.40,2017-08-04 04:11:43,,
gp:AOqpTOGMKdt_QgpL5nyYWiBYgNmRGlrZxt7_yQoJG7ttGVFHzXD5S7iN_GRpiZH5iQzInDec7KtEB0W0vCAinXQ,Random Channel,https://play-lh.googleusercontent.com/a-/AOh14GgxpeItJTHbcAzuZfZXDjEPnluxzr7s3yffbqqy,I like it but it just that you can't make your own face and it's disappointing I will rate it 5 if you do that,3,32,1.0.40,2017-07-18 17:02:41,,
gp:AOqpTOHdB0XJYlSA45dGB2A-hY0zmCdE6J-0kZSk6eIMBKA4Lgbub9Q0iEaaNRNSaVgURPUohrPol-qgiJeNmnI,Linus Tree,https://play-lh.googleusercontent.com/-p2Ms-5LS0WE/AAAAAAAAAAI/AAAAAAAAAAA/AMZuuckhfqLt4Bu_DiP8bT_SAKxqR0XQxQ/photo.jpg,I thin that the way the camera sees u on this app is amazing I can still do face swap even if it is pitch black. Love it only thing is that it is the exact same as the other except without ads,4,42,1.0.40,2017-06-23 15:25:08,,
gp:AOqpTOHC6kssvsMxFdNjj62dFOXxTBK_FhMaS-dTP2IWVuuWhi_7kO_-JUANaZCjnKXLNY89cnsR0MAufvabSjg,qv n,https://play-lh.googleusercontent.com/a-/AOh14GjEOBO0BA2gzMDNM1jauOvaUpHznb9G6MCCwF0Jjw,Cool,5,1,1.0.37,2017-06-04 13:19:00,,
gp:AOqpTOFrRJ9DERYpIbf-S8gM-sM3cxjo6FAqZTM19wQHM0whOq_6NsK2FlsIC61JCDRLoJU8GRjd69iy695zlYU,DarkStare TDM,https://play-lh.googleusercontent.com/a-/AOh14GiinrToAHC_NTGtICTPcI4o8WSF6Jjm0iVJBiQjBw,"...haha it crashes, and internet to match those faces, wouldn't even load fast enough.",4,0,1.0.37,2017-05-21 08:34:08,,
gp:AOqpTOEDhZ6EyZQ0NDVJZVn572i6KhJmPlyuq5PbsUps7PwG6PtugH_JFX2_G4GLX9Ap4onWfGw7nsm4A6sNqzs,Dr.Wrong,https://play-lh.googleusercontent.com/a-/AOh14Ghpy65EHZlG_qysET7hwrhVXrDi7-c7pHRtB_D4bw,When my face is in IT SAYS PUT YOUR FACE IN,1,0,1.0.37,2017-05-18 12:55:20,,
gp:AOqpTOE0pX_9RLirG89FIohtDpzk_tx-B349RAQu_TyqHSjBC7DhmahvafGKn4iOzlDjuS6Y7riOw5t1e-UQzt0,SlimePolice,https://play-lh.googleusercontent.com/a-/AOh14Gg3izc2pRTwcTXmvpM_UsdDmlmB5o4TKrZqdS-5pw,"Very out-dated... Honestly, a waste of money. Try out the BETA version before spending your money... Its essentially the exact same thing. Its an extremely neglected app I comparison to the iOS version.",2,2,1.0.37,2017-05-08 18:12:36,,
gp:AOqpTOF1YnhnOl9wlkL55xY4EHJBTt9PngA72kPbCLyq3eCTHGBGSSlnEmsxZVYzEnKddGk-vwzVpVVjKyeJz5A,wizard kitty gaming and vlogs,https://play-lh.googleusercontent.com/a-/AOh14GgRmxX8SYPBY-5W8lqigeAxgSLSs3HmuJ8VNZNN,i luv it but plz more faces and also keep up the good work 😊😊😊😊👌👌👌👌👍👍👍👍,5,0,,2017-04-19 11:45:55,,
gp:AOqpTOHIMdvA4tq8W5sLRyFFuUYRPCRJCKLrnukjlsiDrGKbfeyhkirT0tbD4W-5UM20uGWAf3ce12HBWSIL8Tw,Cameron Taylor,https://play-lh.googleusercontent.com/a-/AOh14Gi5YDrC1o4mSutTuaegZFPGLLbCGBtHPaXvVVRcjw,Funny and hilarious. Everyone laughing!,5,1,1.0.37,2017-04-11 07:45:15,,
gp:AOqpTOHpLP1zOvz2KAsm35FNi6X8a1Id915mnI3hIIFQr3nz6FibLU2qTSBQ9avvk9F4pfIYoljprCV_7_8_Evc,Andrew spiers,https://play-lh.googleusercontent.com/a-/AOh14Ggr5Baa1PbRDfdi-HK2q9nkbnYdOmuk-6mmLNQ_DZk,"Was really good now will  not open now says need to go Into setting , to sort out screen overlay what is that  I go into setting to try sort it but cannot, please sort it",1,0,1.0.37,2017-04-02 10:34:48,,
gp:AOqpTOFLHykt8i-tzhaWuhPG9csIRz7QwMguCyglOEZTUR-oMxtHr1U6r46-mXIcVyz-xPSoxu82IyAobkrlkA0,Ethan Hoyle,https://play-lh.googleusercontent.com/a-/AOh14GgkelLZpH_nJHlacr2u7dBJXqfcxmtdmeo0M1hwqQ,"I think that you should update it or put out updates the same time you have released them on Apple. My parents are tight on money and my brother has this but it has the update which makes it like photo booth which android yet again doesn't have. I got the game because I thought it would have that but no, you people can't even do that. I would at least like a refund. Don't buy!",1,0,,2017-03-26 23:33:15,,
gp:AOqpTOHb7jZX4lY-fp98BjjAq3h1eFkZsQ2pZrug0s8RjC5w7RZUHdsg0QSfdIChgd_BJQ3FqnJZkrpKo1DoBto,Ganesh Bala,https://play-lh.googleusercontent.com/a-/AOh14GhhT1K8EY1swhY5RyDyWFOMWBsbJtEN8ydY6_eREw,Hated it. Need a refund.,1,0,1.0.37,2017-03-25 19:15:01,,
gp:AOqpTOEOGNQEAAojUv90SbfLA76KjONpFp-OSmw1jufhpZeQddJBlUmh4NqlkzYAXSptK1YnTbe5EOX--nr-5Zs,Edie Britt,https://play-lh.googleusercontent.com/a-/AOh14GjT0XftZYpckNaCbFVsKXedgVRMh5cdXWsGTDP2lWw,"I want my money back, doesn't even work on my ASUS phone",1,0,,2017-02-28 20:21:24,,
gp:AOqpTOHBoph-m4aDpsna42DUUF4AuJoXTclltsN-VrZ2neGgDbOnjYY48LVwh2tbI9p9ntt5ASNiFRHqWl-pL8Y,Chan Lee,https://play-lh.googleusercontent.com/-n90zNwBNxFo/AAAAAAAAAAI/AAAAAAAAQFk/AMZuuckbOp0N3ynDOY4DGzatv16k_20rPw/photo.jpg,This is by far the best face-swapping app in play store!,5,13,1.0.37,2017-02-03 04:07:04,,
gp:AOqpTOGylxZNPzuuSnWtb0ve04c3oqxnEdO9sjq4wResVN01yeSONbvWr-3pRxAI29p5BigQofsnngIOl74zo1A,Koby Mccosker Norden,https://play-lh.googleusercontent.com/-4vKXxh9glS4/AAAAAAAAAAI/AAAAAAAAAAA/AMZuucmNj1655HTTAgrhd0zRxnJto7riKw/photo.jpg,What a great invention funniest app ever,5,0,1.0.37,2017-01-17 04:30:40,,
gp:AOqpTOEdgnzN75RM_Dna95uh314oCM2nB4NcRDmUGCDtx9OW8bBYbN5TPyhOog1wlUdqmzg_8xNn317qa06OjDs,Wendy Shields,https://play-lh.googleusercontent.com/a-/AOh14GjiSBdFS7NZqkJ5q1L6hn7O39_xRmckAPksLBm7ovI,Pathetic people are winning about $0.99 cents. Seriously. Pay the developer and enjoy the cool ap. !!,5,4,1.0.37,2017-01-11 08:21:44,,
gp:AOqpTOGMkigvWr2Hlu14N9C4XOH8NK55kqJ-O98qQU8NRYqrktvTn_lrRka5x2GMPTh8KtXup-5EL9Ifp5cPhaY,Jayx Official,https://play-lh.googleusercontent.com/a-/AOh14GjPjXyYHfcexcerjYfzNjBkKcTVaz97JBm6MoP8ig,like it. Its the best one in the playstore thank you,5,0,1.0.37,2017-01-08 21:21:25,,
gp:AOqpTOHSRPcGXf0KTrDs7dZvERH0lXx0RlG_ZyEQHEPnNIK8C-wjCLkQuQKBEVL932sEeMkXnBRwWGC80QB2TBs,Joseph Sammons,https://play-lh.googleusercontent.com/a-/AOh14GhYe9oCCS29wb6mK9uQn5SgXwF9slAAbO-c9oOV3JY,This is not worth .99. MSQRD is much better.,1,3,1.0.37,2017-01-07 09:21:56,,
gp:AOqpTOFqdoDGuU_FdX0CYgol7DdOqDInPe3_hROaqAjmBh0KaxPSs0UV_NRe11okNrAXe9uPovPjxjtawYHLUB8,FanGirl 11,https://play-lh.googleusercontent.com/a-/AOh14GgMIqhD75vNhAHQpbyCJeirnUrK3ZlO_V92q4fkcQ,I realize that I would look stupid with other people's facez😂😂😂 I ♡ it 😆😆😆😂😂😂😁😁😁😍😍😍😇😇😇,5,0,1.0.37,2016-12-26 18:51:57,,
gp:AOqpTOEC4uv6kMxz7Wos4gTkiynwj0ZyE9TpgaivPOmKhz0OnO8EikeqDfwXJ9-UwGPeGRRNptzJPD1qR99blMc,Dyslexic Pizza Roll,https://play-lh.googleusercontent.com/a-/AOh14Ghc0lejzURwJP7v2pLnYGQdgqH2-gR3MMpG9sc64Q,Thanks I was worried it wouldn't work cause everyone else said it didn't,5,4,1.0.37,2016-12-24 17:52:36,,
gp:AOqpTOFHxWebj-6NxXP-YCi-EIgSpAH-Mf9sswX7ExKDx4s7kgkNVAamgjWu97-1hroPryo1rqkAlgH0UqUX4Qk,A Google user,https://play-lh.googleusercontent.com/EGemoI2NTXmTsBVtJqk8jxF9rh8ApRWfsIMQSt2uE4OcpQqbFu7f7NbTK05lx80nuSijCz7sc3a277R67g,If you can get it work by the old brown paper bag and lighter standard then it's OK but any darker skinned forget about it.,2,5,1.0.37,2016-11-30 08:26:21,,
gp:AOqpTOEW2qOgH4tYeN2t8ThptXziZm5zX0QBabcoDoizsbKRujhNC8aP8mMbWtXjUZwfnMhgvJ5hiNAlEjmmpnI,important stuff yea,https://play-lh.googleusercontent.com/a-/AOh14Ghri4ul2PoIhfD1uo2aU4b-sKaMQ3GKIEAZGEye0w,Terrible it sucks,1,0,,2016-11-21 05:44:25,,
gp:AOqpTOHIU0LIgQokIPvMZI4DwupHDbm1LZixwOMULn5nqzGskhptcrrGOBs29F21CP-McNsD1VkZHpa-MHDVn5A,Jax morning star,https://play-lh.googleusercontent.com/a-/AOh14GixgtThFwsNnbSgQ9IOKaMk4-zhwKAqsaStXPaDDA,This has more faces then the free version I like this a lot and Its only $0.99,4,1,,2016-11-16 14:59:08,,
gp:AOqpTOG81Wjnec8zcYy8z3yP_qjaFO2gl9Do2AlZJzoX4dSfY6zWHwRCRJ7f5ys7UvRq6ltccmkawO7wDUMlSlE,Alex P,https://play-lh.googleusercontent.com/-nolKg2Y8qro/AAAAAAAAAAI/AAAAAAAAAAA/AMZuucntagq6k1waHCT0pNtGrw7cymugsg/photo.jpg,You update the iOS app constantly this one hasn't been touched since July. Remind me why you charged money for that crap?,2,3,1.0.37,2016-11-13 10:13:36,,
gp:AOqpTOH0pSUOqtzUwxysDbZxxcQgE_3A4zGXc_p2koZ4BTGcuitf9WxUdqu-2EJr-TQLM6qPKA8iNdXVJfDs5Qk,TamaBeachSurvivor,https://play-lh.googleusercontent.com/a-/AOh14GiULzl1LMSa-dgWrNvFJMOjaGHEty_Rf318RdC0bg,Pllleeeease...,4,0,,2016-11-12 18:55:30,,
gp:AOqpTOHFa6lg0lNffeB_7agIjLkojldNNADIvmdLU0Ufe5pVxVYaRb6n-y8bCgR3NhFwc2MehzOkZhcLJRS52pQ,Blessed Gamer,https://play-lh.googleusercontent.com/a-/AOh14Gi_YDSZKzV93hE92U2VhN6WEkFx6aiDfWnguW-n,Just Bought This App. It's Not Horrible.But IF It Was Free Many People Could Got The access to The Main Or Full Version.,5,1,1.0.37,2016-11-07 10:19:00,,
gp:AOqpTOFwZhbKi_TKTVghnvkLVR1LPcMjoKR6BVqZaxJvzl2wqH28uIE8rOwjOk_rQ5vR9MLazZELt-IriEQry8U,Carlie Wilss,https://play-lh.googleusercontent.com/-3zyc3JWFoBc/AAAAAAAAAAI/AAAAAAAAAAA/AMZuucmHib31tMLulvxHyzDlhulzMVDoMQ/photo.jpg,Great app but only 2 days in and it keeps force closing. Please fix. We love it.,4,1,1.0.37,2016-11-06 01:34:52,,
gp:AOqpTOEfTuxZN9ncowDG25lmwt4bmPfy1ydXJX8VvSUHj_uvhsbm3JboQ6c616MW7HZPlLBlyjQfUv_293Lhhg0,PrestonIV,https://play-lh.googleusercontent.com/a-/AOh14Gjj0MlItRy_bOsCh_X6G_JEHMH7saD2TyTE0i5D,App is outdated compared to the iPhone version. Also there is zero difference between the beta and the licensed version. If this was the 2.x version like the one for the iPhone market I would rate it 5 stars.,3,60,1.0.37,2016-10-28 11:42:45,,
gp:AOqpTOH-OGi-BpF2eWg6t-AOX32c0ERnKFeOWeoT_wQWsunSnS4dgu3L77YSH0XEz2Ax_QcfiDO5ONJDAX0TeAY,Hestia van Wyk,https://play-lh.googleusercontent.com/-09xxXj1An7Q/AAAAAAAAAAI/AAAAAAAAAAA/AMZuuck1OtIRDb2Ud6fC7AB4XhVfHNKTYQ/photo.jpg,"Faces are stretched on screen, horrible quality. Much better free apps out there!",1,2,1.0.37,2016-10-27 12:37:56,,
gp:AOqpTOERZX33bshOmL0su8ZTu58ZFEervW6KYDiPHvCMNY_1gi1gBgDwBXbUkWZV5b1ZxQEOhk115terCLjzP1k,Robert Dahne,https://play-lh.googleusercontent.com/a-/AOh14GiLIseyWsGQCUSOmeMQWAj2Vwocizi8gbjSNQBM,"Very flakey, not worth the buck.",1,0,1.0.37,2016-10-26 17:01:46,,
gp:AOqpTOFAdVaeUC8DzFM6SIEtbDEcGQFWsTYTtzyDY7WJo8gb2DNIXdg64LDGdYSz8TsIW3CmzuTzVf-0Q-bnfVc,Steven,https://play-lh.googleusercontent.com/a-/AOh14GhDcEud5yGDrwQ5OeP0EVK5v6NCtDGlhDCKuWNKBg,You could do anyone if u search them up,5,0,1.0.37,2016-10-13 21:36:08,,
gp:AOqpTOFsC0WsQX6w5f5tPclYEL_2tskHVo6WsVK8o4KLe1mKLpqeeSQ2ar4B47CYngq0A4Xcxp47I5IZ5B91w_g,Vee M,https://play-lh.googleusercontent.com/a-/AOh14Gg5Wo6tTB_lAIZHMLaexr-OBAigFFpyLMxaqI03SQ,Most times I take a photo it says it's saving for a long time and it doesn't save.,1,1,1.0.37,2016-10-08 11:53:40,,
gp:AOqpTOGQT1n6toUwxeTskTYBTwMSXkSfjyuce-V53I1coG-cOfeZiseOdeA-dExThkRg-ImGx_G39mHnVqxmkY0,Connor Dobranski,https://play-lh.googleusercontent.com/a-/AOh14GiHYwGg3QUalCP6J5rrjqzMMW-JLUhE0BcqLFeYQw,"I dislike this app very much, I can't even get a refund.   Please help me devs.",2,4,1.0.37,2016-09-30 22:46:56,,
gp:AOqpTOGEmaDDpqR5rieyjqqHoDssE6csiafVHN6-h_X_Qsmnehmb-lJxloC12nKex9iGjfzl4ETY25nX69TkqhU,Rob Roeder,https://play-lh.googleusercontent.com/a-/AOh14GhjrTbPpjLdcL70u7NSmUnOboqzOmRxBHyZibT6oA,Doesn't work at all on S7 edge. Doesn't even show your camera.,1,0,,2016-09-27 20:26:30,,
gp:AOqpTOHSEv1m9mbUAJ4rHmzhyfMJj5U1HihWnCXlIGnFRIfDx5QMHMorukXlBdUTZ2NPNNT8abggMFCXSWnXkk8,Cody Durant,https://play-lh.googleusercontent.com/a-/AOh14Ggr-DH0lsfqOUsyVQkuU5s1GT-ropSZWQXk7vbqPw,Never would work,1,1,1.0.37,2016-09-23 08:18:55,,
gp:AOqpTOHpQ2L188UH2u1hmYLdQCboM9zrOxvYX7qYhxvL9InpebIVifySXl-JffgSwxbCzOhqnD5wz2sNLM6OjFE,Abdul Rahim Ansari,https://play-lh.googleusercontent.com/a-/AOh14GjzZ1ysMeFBpF10fG1aKHS_XAYpemd7b7iaaB00uOI,"It swap faces in real time, however does not calibrate properly from the internet",1,1,1.0.37,2016-09-22 00:40:54,,
gp:AOqpTOFz8QYEJJuQ1z8D5E9DakHK_bDdZJHNKGYQRTjY_V1g3Wsjfg-42m2bF61a3O7oynbrpOZAmmRAdQHpZ4o,S o L a R,https://play-lh.googleusercontent.com/a-/AOh14GjWVS1OvUMZVOAY5x-b7fxme9ETM4iCav2OhRTBaA,But I just got it so hopefully its not a ripof,5,6,1.0.37,2016-09-15 18:47:04,,
gp:AOqpTOFcRjxBxULgDxjextr6YMOTXwFiXP1173n2dFS9tSAuN98jCR70CL9Ic3ix5mRcKR4s2WnKzNX3r_k_htw,A Google user,https://play-lh.googleusercontent.com/EGemoI2NTXmTsBVtJqk8jxF9rh8ApRWfsIMQSt2uE4OcpQqbFu7f7NbTK05lx80nuSijCz7sc3a277R67g,Very good i think its epic,5,3,1.0.37,2016-08-29 19:42:38,,
gp:AOqpTOHQun3NK0_Au8YHyssx170hx0PQAJInKYDaoiib8VXfOXplZ4VG556pB84vRKrwoCMeHyIthi6WW8bccOM,Chamsse Bechrouri,https://play-lh.googleusercontent.com/a-/AOh14GizQswp9_zz9aauaY_E2i2yOVYcV--po3C0l2NBYw,Its like the free one i just spent my money on nothing,2,10,1.0.37,2016-08-20 16:33:56,,
gp:AOqpTOE5Fr9UNZOqZ03A10IuYiEH3tXVpCZl66sf6rJBIQmn7NqldAQ9qF56xepyZlC1CFCSQhhBS__3niR823k,Arie El-Nashhara,https://play-lh.googleusercontent.com/a-/AOh14GjqqgN9gnXdZfCyanF6wEA1AjUR-SlzdIhebK3x,Do we need an explanation for this?,5,2,1.0.37,2016-08-16 02:15:53,,
gp:AOqpTOG5Vkmr9Kz-mDVZ2uGSXG1kf-nB84TwqeyDoL-Imf1xqfAdL3AW0LUNSx7qLViZuHEuSVJG7Gsk9_1puJ4,Erika B.,https://play-lh.googleusercontent.com/a-/AOh14Gglzwq-gphd4zVOGv7LvdA8vg1MjP27XzPgHPbrAA,It's just too touchy. Can't move your head/face much; even expressions have to be ltd.,1,21,1.0.37,2016-08-09 09:07:05,,
gp:AOqpTOG6jclid-4jp31YGU5GHr2QurN2xHRwLLsqBgvpStl2RA09BeX2MJg2KUOqWoVBfQmS9gIVBGsCnIyEy3I,Lew-Tang Presents,https://play-lh.googleusercontent.com/a-/AOh14GiQrE4zwzNjee5_yJCv_66XGr90VFnQxWp9DDl2pg,"It's the best face swap engine on the Play Market. I'm so glad it's finally here (now I can stop writing bimonthly. Lol) and I can't wait for it to get even BETTER. If you need beta tester, I'm your man! For those that are complaining about the jumpy face connection, just adjust the lighting. If outdoors, face the sun. If inside, face the light. Lighten up your face. I hope it helps y'all! Have fun!",5,173,1.0.37,2016-08-05 16:08:09,,
gp:AOqpTOGNT-szHeimeE6o1yRQTe7QXmAaiHTwXw2ROJNZi1QHyVKXqm4gsS5nRqmcx2ZW2wBQFt9rY0kDi6X4H5I,Kempes Dubickas,https://play-lh.googleusercontent.com/-xYNuWGJp_8k/AAAAAAAAAAI/AAAAAAAAAAA/AMZuucnldkIB0EG2ZqHbiBAazQRUYPmGmw/photo.jpg,Why does it say error on every photo am trying to upload on to it?,1,5,1.0.37,2016-08-02 16:51:13,,
gp:AOqpTOEzNdd_f6MojN3aXD5YqswDsX_NAnsE743VzC9nLVDHMviOFKbSd_luKe5SYcOVbhKW2fG3itVunGjjobA,A Google user,https://play-lh.googleusercontent.com/EGemoI2NTXmTsBVtJqk8jxF9rh8ApRWfsIMQSt2uE4OcpQqbFu7f7NbTK05lx80nuSijCz7sc3a277R67g,Still doesn't work great. Freezes when it tried to find my face. Works 2 out of 5 times.,2,25,1.0.37,2016-08-02 12:32:50,"Hi Zach, 
Can you update to the latest version? if it still doesn't work for you, can you click the small gear icon in the app and then tap 'feedback' to send us an email about your device. This will help us diagnose the problem.",2016-07-13 06:47:58
gp:AOqpTOG_U9Udmc69zz0riVKneVLFcp5JUMkYu0LK10Eo77RT3byNU4_oF_Uge-En7P9l6n1H3bchME2XCQ3mIME,Kynz,https://play-lh.googleusercontent.com/a-/AOh14Giwqayh_gZhad8b-zQTq2s203k9EhAyb14EsbcozQ,Plz download this app,5,2,1.0.37,2016-07-31 04:54:44,,
gp:AOqpTOF9LdwBLFHLdHLDTRCNEp4i8pGWCk5i8yiIRIS1QGCMscK2wzwzeIPaSF8e6SV3FCE4IXE2HXrx-lSqkN0,Michael Witt,https://play-lh.googleusercontent.com/a-/AOh14Gjpe3sz43D2JdxZ2K4v0X9fwWza-hTWJIA4vzBETw,"Tried it in front of a bunch of background with my son, the detection and warping just flittered all over the place .",1,14,1.0.37,2016-07-30 08:21:40,,
gp:AOqpTOHFrewpB55F7YXySpzUP61SmKrw7WzSFpQgw7iE4NuRumNikTS1_O53IkSzeAJXpq3GJLHv1SYtUvHJGcs,Helena Geleff,https://play-lh.googleusercontent.com/a-/AOh14GgRBOFYTWTOfjSCMZXpHIgYpS7sp3LbEtzIE-nqiw,"This app is is the exact same to the Free one, I don't understand why you would need this app. Anyways, my suggestion is purchase the free one, but if you'd like to waste a dollar go ahead.",3,106,1.0.37,2016-07-29 10:10:47,,
gp:AOqpTOF11-YqAd90D-bR1cC0JnV3g9alXthDIhT4ebl5dOOYoFgvxT6lRlQibxCmn0-iXpIBM6MeJQpTiCUvb34,Syed Zaheer Ud Din,https://play-lh.googleusercontent.com/a-/AOh14GgvvFRfbUZY_kMyRUcDchWL-r6-T83a3XcswJZceoc,Fun camera,5,3,1.0.37,2016-07-23 07:55:25,,
gp:AOqpTOFHQJJ-0xJqSyPVTlUdy-MaWh4WnQeWRrvWq2Gy7RkfA__n6sH3LW93jtDNM0j20Y48yQPsBIwTuQXZXdI,Silchar TechZone,https://play-lh.googleusercontent.com/a-/AOh14GjHXlh9Q-kXcVx8GvX_jAsVJQgkkAbFrrkxCsCXOw,Got my hands on it was waiting for this app for long time now,5,11,1.0.37,2016-07-21 20:55:13,,
gp:AOqpTOEKUh70W6iOrYly3OZ__5JhIQ_exRj70trZBog0_w1hhLglwXpRYw6C7CapktP7Hb7FRGgCjzRK7xEDy6A,Honky Tonk,https://play-lh.googleusercontent.com/a-/AOh14GjZuviN_MueQ-JrRANeksqkz0wgW3vEjBtvIv6_zA,When I have my tablet going up and down the app rotates to m the side and vice versa.  Fix,2,0,1.0.32,2016-07-19 06:14:52,,
gp:AOqpTOFV9JMUQhmghc8j6MXmHk1sGKIzL3e_nCNuHxoIuvhgHFdoxAh4YcAa-xZwKeZg26CpYBDoerfTw4XGA7Q,Tina Elliott,https://play-lh.googleusercontent.com/-cMnfzk7dJtk/AAAAAAAAAAI/AAAAAAAAAAA/AMZuucmlr3Jnfz6zK-1EIDNLarmLOwlihA/photo.jpg,Won't see my face,1,0,,2016-07-16 19:42:06,,
gp:AOqpTOHZQQrTg2CX8j-3YyEvFiff7oGM8G17ZUI98jtbrQGXzYYMjuTjir4g7WNqHPnlMLvENUrJTGa7SdJdDWs,Conor Murray,https://play-lh.googleusercontent.com/a-/AOh14GgRJIk2k74T_C9xMXCHCmKCghEh4yY5l8rU2-iY9Gw,Very very buggy compared to ios version... 2 faces straight on and glitching badly,1,2,1.0.30,2016-07-16 12:44:12,,
gp:AOqpTOEi8CRTlYI7-ipmfmV_NWkh1uH7TSYdpszF7Ac9BTT4nPXnE4-q1lz0AnvkH7kXz1hlN107wbVxr6QzSSw,Deric Soles,https://play-lh.googleusercontent.com/a-/AOh14GhrPs5H0DsjlFyEEz-Hk8xVCUsuGDo6cMFRaXfv1g,After wait a good deal of time it's on android. I'll say it's a little tricky to use but you get use to it.,5,1,1.0.32,2016-07-16 10:45:39,,
gp:AOqpTOEdPs022RprCB7_Ky3GsL2oOLYdqqoarJtIRRKVo6KfVacQBsnvTpV2r1Q9-OinTt3C5TiQZ7PcYzndhE8,Rob Main,https://play-lh.googleusercontent.com/a-/AOh14GiLDH-HpkiMWdEkd6fqSWEBecGvAao7NdyklfkM8A,This is atrocious on Android. It simply does NOT work. Don't waste your money.,1,4,1.0.32,2016-07-16 00:34:05,,
gp:AOqpTOH2U4WwuM2GhJNYW9XLLGOiRoh4SLyCGMetbiHZWVMkY-VgMTyz0Wm_7PyBtbWjUSRIGXuvQycqHrjCUsI,Conrad Ryan,https://play-lh.googleusercontent.com/a-/AOh14Gh2kf60mz3mSdmt6dqFRzx-q61M6a2U6H6sIXvQ2t0,Has some great features such as search bar which allows you to use any celebrity. Face swapping is smooth and less buggy than Snapchats version A1 job,5,1,1.0.31,2016-07-13 02:01:01,,
gp:AOqpTOFmMxbiBtDf4uQX7j7TAvxX1m6s3w4Lqwh7vvnNq3toRz4oBk3hRb3KSfOr2Pc_fq1yaz8b810Qws0o_TY,Wayne Kinder,https://play-lh.googleusercontent.com/a-/AOh14Gh1Lc4arQ6LzveD2ReVQIxpjv7ZGB821rCDlW8Hhw,Why is there an update EVERY DAY? Sometimes it's twice a day!,3,0,1.0.31,2016-07-13 01:12:15,Thanks! We're updating a lot to make the app work well on lots of different Android devices... we won't be updating every day anymore.,2016-07-13 06:45:11
gp:AOqpTOE534HYNwwnswfj3nXLQlHlp4syM8BCIN2nUV49y-kts8fWk1Gyu2XdYTT2Y8VxmpZZT2rgW49KA0_Nlb0,Leonard Petch,https://play-lh.googleusercontent.com/a-/AOh14GhSaP8k2ZjORRR50xyc16-seqr5kdInfbjZ2fjhpMM,The Internet search is a great feature.,4,6,1.0.32,2016-07-12 23:43:51,,
gp:AOqpTOFoj6gLmqSuayk9PrkY3kujlObjRywueoQ1lXcY4Nw7J1hz-nDEOCso9N--B2R79_MotyGNYGp1lvWoB-A,John Mullan,https://play-lh.googleusercontent.com/a-/AOh14Gi3rJWWwXHh8mJdl_w6rYgBEBjNDgs1kH38BRQcgg,Face jacker does exact same thing and is free....,1,1,1.0.30,2016-07-12 02:30:19,,
gp:AOqpTOFF-rfHga1AOtEgsabsGBl33ph2qTmHIGciYoio8r9V578AsH76WnDu1Iix8j_BPZF4ZB1lJWQnSIB-R58,Jesse Yount,https://play-lh.googleusercontent.com/-o6TOxNCMtv8/AAAAAAAAAAI/AAAAAAAAAAA/AMZuucn-fUVsz8Z6-WhkcVrLB2nIiBl2oA/photo.jpg,"Faces don't move with yours, do not get it.",1,0,,2016-07-11 20:52:49,,
gp:AOqpTOH_80nO5sYATNCQMwUYSC4WOTlASqtBH0F2dytxHn90inEvF1-5snAMnEKBzNcB7b7gSqTyXi_eHl9CaDY,David Overturf,https://play-lh.googleusercontent.com/a-/AOh14GgOF5pk6KcX4yC0sm-BwnjzNOJVEteQUreAhbhj,Need to be better please. It does not see my face sometimes. You can see the lines from your face to who's face your wearing. I will give 5 stars when it gets better.,3,1,1.0.29,2016-07-11 09:08:16,,
gp:AOqpTOHfLtiYhueX5NL6ka1rdVaeS5CF7yZzIw-Btt48EmfPUiZB-GF9IfbdhkEhtvYJ3_8_m6_2oMtGXwoBHmE,C. Kvamme,https://play-lh.googleusercontent.com/a-/AOh14Gj_ejnp-kTu84eMgCQyyiOCwSvfK43UwgMWZIUiCgg,Works fairly well. Faces can be a bit buggy but still worth it.,5,0,,2016-07-11 05:24:04,,
gp:AOqpTOHhG0DLiD9GWKke04Gcvv1M813abuFZ9rR5FNhQeo0tnTl9-kS2qIFbvkB2cyQwEAwlaHWsQK46n-LUOeY,Darren Healy,https://play-lh.googleusercontent.com/a-/AOh14GgJusozu3tZBHBKE5HqoesWqn3yTgSDrvUktrEyyQ,Been waiting for this so long and it doesn't disappoint.,5,1,1.0.29,2016-07-11 03:20:20,,
gp:AOqpTOGhipwxxhdGg0JcvXDvCkz7lqGS8F5cyM2xr4zDqrzJgUr3sXr7pGMD61tod8tZeJjfEoX7we5MX_xTtX0,Bruce Crossan,https://play-lh.googleusercontent.com/a-/AOh14GgV_rmS1NqUtJhP_pUXCmdbFaTeWywzgbakx_CRNQ,"App does not feel as good as it looks on iOS. It needs to a proper Material interface for better navigation. It also suffers from bad facial recognition: if you turn, tilt your head or smile, it often loses track of your face. There is no landscape option which makes it almost imposible to fit 2 people in frame at the same time with the front facing camera. Low image quality is another problem. We waited too long for a sub-par product.",1,0,1.0.29,2016-07-10 14:12:51,"Hi Bruce, 
Can you try the latest version, landscape should be working now.",2016-07-13 06:48:45
gp:AOqpTOG8gDElQgq6XkxoURINnohmGyDfIBg4hmWzr2VeJAp2mErBginCbyclKmY4WdA9kKDgbobRxDw2QizW3ps,Ray Pencil,https://play-lh.googleusercontent.com/-l1y4yuUk41U/AAAAAAAAAAI/AAAAAAAAAAA/AMZuuck6QQl9uzFE94OmmMpyFWlNe0Wyog/photo.jpg,The original face swap app finally comes to Android :),5,1,1.0.27,2016-07-09 10:59:01,,
gp:AOqpTOGp4l8VcytmBoQ3t-uFO0WQAxSgWI2x1lmfeyWTqdKdCQjbGEoQ0RIvOzBxg4ES6-eu_DHAT0jQHOax0Zw,tae tae,https://play-lh.googleusercontent.com/a-/AOh14Gh9vSjIGAFqlX-r5a3fanVa5fx6rwB_iFc0NHUf,this is horrible honestly I want my money back the faces don't even go on my face n the camera quality is horrible even tho I have a rlly good camera GIVE ME MY MONEY BACK NOWW!!,1,0,1.0.25,2016-07-06 13:57:22,,
gp:AOqpTOFmwEjUwfCF91V8Ehjb_WuDyiUjBnM23UP9BA_BZ29nkFLsIbcLmEcal_11o6qnr3PkT8SfLP6OMxIhLyc,Dan,https://play-lh.googleusercontent.com/a-/AOh14GilbQVgBWYZIUUCgnODBPCv87b-vdaQC6P7YKgrm2M,Crap compared to iphone,1,0,1.0.25,2016-07-06 04:37:38,,
gp:AOqpTOFWeyfIocVulQ_fqTebVz5yPihuunyLDvv2UeUi54a7i5UAksGdcDi0c3ZWp-13G-5UMSaMLV79MYFTfIc,özgür yiğit,https://play-lh.googleusercontent.com/a-/AOh14GjOPsPhP0Zs7tHMixA6xQ2X7Kn90mOE0kDLRALP-Q,need to improve,5,0,1.0.25,2016-07-06 03:04:11,,
gp:AOqpTOFL4ypJfBxMgJUDlJhus_nX4lCdq60UJwbKTwpPENJEH71EiRwo2cQjiZznSWYziUtkmtKrwTTB1qXi0Jo,kimchii,https://play-lh.googleusercontent.com/a-/AOh14GiymrHxFYIyN6Ix7bEIkshzpR0ZaM8XF3Psq1CSlBo,Can I get back my money💰 refund please.,1,0,,2016-07-06 01:09:43,,
gp:AOqpTOFrdokbTOR_uBDq4-Hls7OR7y6R5iH84P93OCBMUI-9BQ5Xy2l_wU0I2JAd8oqPKyNk1TZ-T_SKEO5U9iM,Michael Cuesta,https://play-lh.googleusercontent.com/-zA9ZA59mJpg/AAAAAAAAAAI/AAAAAAAAJcw/AMZuuck6AbD6pMq_inVrIxSn_4JEvTqxZw/photo.jpg,Hope it improves. Not very intuitive either.,3,0,1.0.25,2016-07-05 15:45:31,,
gp:AOqpTOEC1Aq9iVbi8YpzXdnBnqCp3mqqI10u6AhbLFrSX-0plzE8_6T480rbTuF7TbTEUczcewY3EjkqBcseQ2c,No thanks,https://play-lh.googleusercontent.com/-PKISzdsE-ok/AAAAAAAAAAI/AAAAAAAAAAA/AMZuucl8noxPvrUUCIPGcElOXR9TIDGMUQ/photo.jpg,Can't import stuff!,2,0,1.0.25,2016-07-05 14:33:47,,
gp:AOqpTOE02Thsg3enbaM9P8nkVxK6a3z1F40UIoK9SseaMgWfysUJslkTZQaqUqr7CDd05LJdbbrX0KYzRnhdtZY,Josh South,https://play-lh.googleusercontent.com/-deARSv2xqWw/AAAAAAAAAAI/AAAAAAAAAAA/AMZuuck1kXgAAg3smy8jMPreRsEXPkfd7Q/photo.jpg,Seems buggy. Will get better Im sure,3,0,1.0.25,2016-07-05 11:38:06,,
gp:AOqpTOGVwFTXW04lUGbZpIzXYzspshJAc7q82gwLaZLwQ-gmFumdJtnKWkfNgLUDeoLyBb86ZWGTiV0bLdqEu90,Tom Harding,https://play-lh.googleusercontent.com/a-/AOh14GhXGseEzOWOuQyZMxhkFRr38w-oa7pU8wxbbPEf68k,I find it very hard to get a still photo without it flicking back and forth with the camera. A timer would be useful...... That said you guys have just ported this so there's bound to be some hiccups. Anxiously awaiting the next update!,3,0,1.0.25,2016-07-05 11:29:37,,
gp:AOqpTOGoPPAd5B6ISTg10a5ZmrK5atZ0ZmZjMcVKed5HMYttZn4Z-t1GeRcuWTEsJ-mmNdkSOJ3ZQvNyILPg2Rk,Abraham Mercado,https://play-lh.googleusercontent.com/a-/AOh14GhIMeWddj52GoxaB01b0Fet7pSTeZtIc8hSH_g1Qg,Needs a lot of work,2,0,,2016-07-04 11:40:37,,
gp:AOqpTOEbW2XIj26hg4LJKB1dw-tFkTK4i4r80sVQ3FxPZV7-d3WlFl1zIlA-RcPd6GdIpKXVw3dKOJWq6zgRcJw,pesukarhu,https://play-lh.googleusercontent.com/a-/AOh14GidSmuVJFy7AlX6GA5-ce-voJN4d2uxqXPWuiT3ug,Keeps swapping all the time back and forth. Impossible to take a picture.,1,1,1.0.25,2016-07-04 05:14:45,,
gp:AOqpTOFyayK1Tz-_e-LDxc3WjN6SDe-_BpQplDLREB1F4c3hTVJ9Ogp2eQY8I3B-xLAHyMjU9apxu4cmcHUo1m8,Olive,https://play-lh.googleusercontent.com/a-/AOh14Gia2tJqjNQnXYVW_wpkRjAO_ke-J0E3G0u1f84ajQ,This is pretty cool,5,0,1.0.25,2016-07-04 04:36:01,,
gp:AOqpTOFiSKysamiUqJNO00dbqAzooZkTQ59D8iTEX4b4QaCkHUFFMfuUWiJX6VTzieXIJq_ZxYZIrSlMH2K8yUc,A Google user,https://play-lh.googleusercontent.com/EGemoI2NTXmTsBVtJqk8jxF9rh8ApRWfsIMQSt2uE4OcpQqbFu7f7NbTK05lx80nuSijCz7sc3a277R67g,"Nexus 5, stock. Barely recognizes faces, when it does, it will flash one face to another. Skip this one until they fix it.",2,0,1.0.25,2016-07-03 17:03:20,"Can you try updating to the newest version, thanks!",2016-07-12 15:22:42
gp:AOqpTOFPtVOIMsRYa5a_e1Peg31qPD1-eo9O00z9gTVG2fmKPvhHSKdZ9WGa6osR3TO79MhT7cl7ZeXL0pv5tg0,Justin Shillington,https://play-lh.googleusercontent.com/a-/AOh14GgKwZWcornB1X1PkfHYnaW0w4DR-KSCRf6wT5AWIQ,Doesn't work on my RCA tablet.,1,0,1.0.25,2016-07-03 13:24:47,,
gp:AOqpTOH1Bpjb690-9PWHIUXHLhpSQbOHpzc4SKqNPLqKzDuPcXo67nEzjvcQ4fqFNzPbuQKBEeSBGJB0E1JnfPc,joytech22,https://play-lh.googleusercontent.com/a-/AOh14GiKAVGBB2H_d3951QwAoCfsYWF4GH_lRFieuoyCyA,"Camera input is stretched and face selection stops working after a few face selections. Refunded, purchased because I thought it would have better support than the beta but was disappointed when it had more bugs.",1,0,,2016-07-02 23:05:08,,
gp:AOqpTOF7zybRJ43vmTLJHBvQb5UBLTOntb6Llf5i4QVFJU1vJreE_WhYD7eLSKsQQUTFoa3URXbFjEx_9Botns0,Rahul Thosar,https://play-lh.googleusercontent.com/a-/AOh14GjrBlxt1TbUMkTFM689u7T7kNaJyd1DkyLiEuHjzUs,Takes time to recognize faces too. Needs some more work,3,1,1.0.25,2016-07-02 22:58:03,,
gp:AOqpTOFttzdlGbkD9_hheVM2sMRNKQf_2Jz1syrole4F96PgHLiwrDQ7oRmHiryBV4P4HIJ-McP3veZUn8MKRj4,Icam Chum,https://play-lh.googleusercontent.com/a-/AOh14Gg0_X7eC3hdZxtMYsnF3RT8osgqtNusEdDk030GUA,"I must say that I reduce the star to 3 star because you dont have any filter! If you compare to the SNOW(which also have face swap), they have alot of filter which can help swaping face much more real and realistic! I hope you could add that feature",3,0,1.0.25,2016-07-02 21:03:25,,
gp:AOqpTOHMmbJiMieSNDfgY-xYsey5VyQE-LCQr18vTvajnR8q2EZpXdGrA3-dtIInQMW4_qLrbvepP1FVylEgxqQ,Kaj Sorensen,https://play-lh.googleusercontent.com/-LIirw0qR2GY/AAAAAAAAAAI/AAAAAAAAAAA/AMZuuckVdKR6UuO5eGYNmDIfXTQNKiAUDg/photo.jpg,Does not recognize any faces in any light at any time with my Nexus 6P. Waste of money in its current build. Hopefully they can get it to work like it does on iOS,1,0,1.0.25,2016-07-02 17:17:00,,
gp:AOqpTOFsRaANBJW1KcFVwRFACvs0eofHHlZz_T0U5FultVVRmvoI4hYv1bfGTw8MQfAJRROj5lNUvIRc4DCaH8Y,Rudi Bartsch,https://play-lh.googleusercontent.com/a-/AOh14GhFCSX-ksJnsQydKenlQtgDih0XJn88J4XiiQRPFdw,"Fantastic app that does as advertised. Needs a UI update to bring it in line with material design guidelines, and very importantly rotation, the UI remains in portrait mode, although the face swop does work 100% in landscape. Needs a lot of polish, but is a great app nonetheless and a welcome addition to Android.",4,0,1.0.25,2016-07-02 04:04:44,,
gp:AOqpTOHbR63V8Dg06DwFifUn-hrsEvBRUgn1d2FfuKTWkzlvpI2K383V_crnhx14RN42oV5Ybvd_dUTtpkkbstk,Aleks Kovic,https://play-lh.googleusercontent.com/a-/AOh14Giys77P_AEkpEKP4vI5bRQzA5PKGSbeR_1AhAO1Rw,This app won't even recognise my face at all while the beta will. Don't know how you guys have gone backwards,1,0,,2016-07-01 23:51:57,,
gp:AOqpTOEA4EgVUnUBUeP4TN2gjYAzIRvc5IpRv2Wd8KCijF6Ut8ICiHxdBtWay5Z8sAsi5_P4Bcrr3B7c5n7qAHU,Todd Gardner,https://play-lh.googleusercontent.com/a-/AOh14Gjz-XCxNlqdvtm1AZXpPDJJy6GPv9POZWxEXh5r-Qs,"The edges are too sharp and don't blend well and it keeps losing your face and jumping back and forth quickly between your reg face and the face you are being super imposed into. When I tried faceswap with a second person, it rarely finds the 2nd persons face and when it does, its completely glitchy and flashes back and forth. Need a ton of work, not ready at all for public use.",3,0,1.0.25,2016-07-01 12:20:30,,
gp:AOqpTOGnG8O6ZVXinLtvw-7Be07EKYpr-1D1doUgqZgoRxUWHrlpm4WaL1J1JMICe3V7lvgcWUCUnqltbN_Pym8,Jon F,https://play-lh.googleusercontent.com/-JY7FmguWcFQ/AAAAAAAAAAI/AAAAAAAAAAA/AMZuuckDv_I97aREqD_jq-bhU314eZdxfw/photo.jpg,Brilliant. Easy to use and clean ui. Great and effective results. Highly recommended.,5,0,1.0.25,2016-07-01 12:07:20,,
gp:AOqpTOErghc6Qk5kH1JBz9YJuvhyk6kyjwAs7YGDckzbMD9p_ehlOj7C2Auv1dbldJUqJ5xGqMdyDT3GrC1Gqcs,Joe Naz,https://play-lh.googleusercontent.com/a-/AOh14GjQixFAzfUC5nxor2XRWODXMeGeN0KjLREZhIoJUA,Cheap and awful.,1,0,1.0.25,2016-07-01 11:11:41,,
gp:AOqpTOEE69GTO3O4YZyepRPws1l0oXvGVS4W7LSXmL6l64wA-NWbAhF89O53sxuSQ9waOcCkFxW3Lt4eK1Pch68,neil harris,https://play-lh.googleusercontent.com/a-/AOh14Gj7eyxnIAyETjlQHwbwNKHDpmHmaUAhknDdcTQe-rU,Needs improvement,2,0,1.0.25,2016-07-01 10:39:47,,
gp:AOqpTOEuWJDcv-ZsTILigNwWEpdciRLU7Mq36z3vyuQObS1nzlM7VzrGkjjJ1rOtpEw-5pxuKcLdFjTxDw_fKjc,Stephen Cheek,https://play-lh.googleusercontent.com/-H9LvDmSt4h4/AAAAAAAAAAI/AAAAAAAAAAA/AMZuucnEx56qyuNyXC4n3o0KK1IVmrIQYw/photo.jpg,Grate app fun to mess around with definitely worth $0.99. Question though how do I add pictures to my favorites?,5,0,1.0.25,2016-07-01 06:13:58,,
gp:AOqpTOFS37RJQU3hawaxjj-kgCU55McK9yfjI7xOaxBT-8xEuBTaqO6Tq92E5zMkMkUaXSHG71xfzyPHJqhwMvE,Hisham Ahmad,https://play-lh.googleusercontent.com/a-/AOh14GiZJwsO6aekEdeecuFVo02Kujw6SGWsjrrc7T2mmA,please fix. I've been waiting long time for this. thanks!,2,2,1.0.25,2016-07-01 01:20:29,,
gp:AOqpTOGvxVvGYmOKfzG0La0O3KNDqUrW3Ujzqr6sgbdHWhvcQKbX56Z2i1hD-t8qQK9JrHdQ-O9sWklP8gd-t2s,Sandro Kakabadze,https://play-lh.googleusercontent.com/a-/AOh14GjKOMqU3fZlAiYmWTzvJBKeaEQ5Mk8ExFeuqPb-yg,Fix it please.,3,0,1.0.25,2016-07-01 00:31:45,,
gp:AOqpTOEUGS55CU7LQ_8qmTiMxq0SouX0RPkxFwHytfKEE9N9IHcKJBZ6ep9vMIReAjfiemGXibhWXI_0m1M02NI,Omar Gosh,https://play-lh.googleusercontent.com/a-/AOh14GiXWM80R-xgepEftYz6IJM8vgTjMCPRkTDV66I4_g,A bit buggy and needs fixing but I'm confident they will be fixing the small issues. Hands down the best face swapping app. Been checking almost every day for this and very happy. Using on LG V10,4,22,1.0.25,2016-06-30 22:46:10,,
gp:AOqpTOGgKia_Ir6-hE3Dc3oecuAv7JpXJbSkWod2X0buly9PoX3sMZlAsmWRjZ6rZJacO7THJMFf6r_SGpq6ewE,Roy,https://play-lh.googleusercontent.com/a-/AOh14GjeGcLPvQhUV5-7HPcXKapjyzudhVuS5HYzOfK24Q,"Looking at the iPhone version & comparing it to this..no comparison really, this one doesn't work, that one does. Hopefully it'll be fixed. HTC One M8",1,5,1.0.25,2016-06-30 22:29:38,,
gp:AOqpTOHqRSbDAQ4RSDfEqqPWz4zZiN5NMc1wTXvba-vvu4mnNGbiGkHT_7xFPCLIkbLAa2e07NyCd3vUhuuuAPU,Brandon Nelson,https://play-lh.googleusercontent.com/a-/AOh14Giq_PY-Rv_sa-qGAJL_TWy17H-siACWJ-pxrYlTZJw,"As others have indicated, an app for swapping faces - it does not work at doing that.",2,2,1.0.25,2016-06-30 19:58:56,,
gp:AOqpTOFIPXJivMzJs3MhealgUbcSXOiHfMFLh9v4GLEzbgi_9niYtETaiJJ2t5nLIsLlPcCl--9f2EjxJTH1LGE,Spence Flandro,https://play-lh.googleusercontent.com/a-/AOh14GgqMCSQtVGGqBwDcscUYjLrc-bRHFrQUWFcrg6pvg,It will not recognize faces on my Nexus 10.  Works OK on my Nexus 6 but it still isn't as smooth as it is on iOS.  It's buggy.  Hopefully they can get it fixed.,2,0,1.0.25,2016-06-30 19:52:42,,
gp:AOqpTOHhd81SZfyIRp66TAghnm4EtA1nRa_Ul72hJksZRhtXDbXaXWXYLoVatQAlIlK3G_pPYuCKQDBdazvMNfg,Tracy Murphy,https://play-lh.googleusercontent.com/a-/AOh14Ghh3YYh3Q-FFWanhZz2t1RUaoCboe6tcEKnXFDW,"Had great fun using faces from the web, so much fun :-)",5,0,1.0.25,2016-06-30 18:19:05,,
gp:AOqpTOEm6CkRFW7fSL8T_XHLvxUkT8J4G14YSFCrY1RzrwewkIsbnTGSZFG4F_trOaxU-9A6QHjZNMCF53l05Gw,FazZ Khedoo,https://play-lh.googleusercontent.com/a-/AOh14GgfVeFJOYXYHGntNMBBm3ZMevx2EXOSVUSEFQL3C6c,"24 hours in and loving it. A few things randomly break, but expected for this first release and generally works great. My creative demon is already bursting with fun ideas to create and share on Google+. However, you've got to change that terrible Cr'Apple-like interface. The app doesn't conform to modem Android (i.e Material) making navigation really annoying. Also the Ui doesn't rotate in Landscape mode and auto- focus when using the front camera doesn't work. 3 Stars for now 😑 / Device: LG G4 with CM13",3,13,1.0.25,2016-06-30 17:52:30,,
gp:AOqpTOGjpFtazZeBE9Rk8Wq8jzuvrj4GwjrbErg3QAkv_E0bqE3o5Zkd1d19o9eH8FTHEAq3wUUPiJafLkuAPNM,A Google user,https://play-lh.googleusercontent.com/EGemoI2NTXmTsBVtJqk8jxF9rh8ApRWfsIMQSt2uE4OcpQqbFu7f7NbTK05lx80nuSijCz7sc3a277R67g,Had fun with total strangers.,5,0,1.0.25,2016-06-30 17:12:46,,
gp:AOqpTOGpPDFpIT53c4Q9FcL1XUkbt_O7-C-gxNGr4VCQBhsLjfvDCWDQW3e4R5tMRbYW4aa6xSeznzTUHv0G964,Linda M,https://play-lh.googleusercontent.com/a-/AOh14GibjxXC4906mJo5vWD8QQpH6Wm4wBaL0iGwaleP5Q,"I don't understand the negative reviews!  I've been waiting for this app for a long, long time and was so excited to try it!  I've had no issues using the mask or photo features.  I am realistic and know it's not going to be flawless.   It's awesome for what it is - Thanks Laan Labs for making me laugh uncontrollably!!!  Also, re: saving videos - it's automatically saved in the FaceSwapLive folder... no need to sit waiting for a spinning icon.",5,13,1.0.25,2016-06-30 14:26:27,,
gp:AOqpTOGL_Cz5vcMpZHtyQGtuNC3r92SxRP5-FZz_0oxJj4WGR8uy3MRdCA9IUkhybnXmqXjMuToUje09wtY6JUs,Dave Spina,https://play-lh.googleusercontent.com/a-/AOh14GiOZLWpevyKUR_xhbeFCfNNF8EwEbByfXjMeHoQsw,Holds swapped faces for a split second then bounces back. Doesn't work.,1,0,,2016-06-30 13:34:45,,
gp:AOqpTOER1W4YHM6W4ihSPpHkcaNqMR1MzJYeE09syzKs_14kmFtZ2NU1E4Fyt4kgKm9lzkUgIYsmR1hwSS_317o,Reeves Do Travel,https://play-lh.googleusercontent.com/a-/AOh14GhChleZvEDUNm7izK0uu6ue-gl-hmAxVyYGgMwWJrg,It does swap the faces but they flicker constantly to the point of being useless. On a S7 edge.,1,0,1.0.25,2016-06-30 13:00:39,,
gp:AOqpTOF7kbsLEucaEY-0882p8_RXadjLbTAfH0mhkg5Ax6KYL3TTf_PlCUEyklX8nb0e2IpAMLnseEBmHk2k_nE,A Google user,https://play-lh.googleusercontent.com/EGemoI2NTXmTsBVtJqk8jxF9rh8ApRWfsIMQSt2uE4OcpQqbFu7f7NbTK05lx80nuSijCz7sc3a277R67g,Very buggy.  Faces wouldn't stay swapped.,2,0,,2016-06-30 12:28:08,,
gp:AOqpTOFzgdWgBW3w29Mf5AsO0eGdsgcFoMy11OgR3DpMZMbLDe7MJJ5nD1fly6mFnaG-spb8k8X4VORnuqZkRzA,Noël,https://play-lh.googleusercontent.com/a-/AOh14Gi-cX8MoejzrI-wBoo1Jkw_6dwIKKYT_rPR5QC7rA,Looks like it's working great on my HTC 10. Thank you,5,0,1.0.25,2016-06-30 12:10:05,,
gp:AOqpTOExsSrHIIJ2OMl_irx4VCGDMgtcmYtce3avc4dmhOphCKk9PldS2Aka7jb1wSBX6Fl0Fzq__WLGp4PdtKk,Violet Viridian,https://play-lh.googleusercontent.com/a-/AOh14Gh8amx0NLkevq4svWBBPuvgMss3lwMkKh6EIEuo,"Face Swap Live did not seem to work on my device. LG Nexus 5X. To the developer's credit, many apps have issues with the device's camera.",2,2,1.0.25,2016-06-30 11:36:28,,
gp:AOqpTOHExVjQ2QIZcVh4CXDWdFDVbtnPgUlgcgT_rCMbV9OgN40uULPZuYCeuHLARudxWELk6nZGf8JsGsrVZII,Adder,https://play-lh.googleusercontent.com/a-/AOh14GiPcHmqVIrnbdGfOF3I0baN_uVvUD8wXcGJA1Xs3A,This thing can barely detect my face and then when it does it loses it right after,2,0,1.0.25,2016-06-30 11:19:39,,
gp:AOqpTOG-1gFEx3dOFuDo0DG0pUQUp0-NhmW--uF_F-nYJ1luwE7P0bD7A9wb6-lJVkGzxJH_RKw7XCkcgDjTx4E,Damian Fernandez,https://play-lh.googleusercontent.com/a-/AOh14GgyKjHm0B26qYvr-tlZM8bREsup8Ff8AquPz27g99c,"I hope it gets better with updates. Right now it seems half-assed. I would put 2 stars but I didn't dislike it, I still have fun with it. It just needs a lot of work",3,3,1.0.25,2016-06-30 11:01:36,,
gp:AOqpTOHTs7bkUt6UCrmd_CLpKBBi9d8VB5XVSg9sXPcr7TxedWwUqS5EwIOwyNFyGn8XlwsnIPT_R45MTQIVQek,Simon Green,https://play-lh.googleusercontent.com/a-/AOh14GhUHOTYnvSlgp0j6R3bUmCDNAUIOn2_PbKl4pa7U9A,Won't find faces to swap!!! What's the point???,1,0,1.0.25,2016-06-30 10:30:11,,
gp:AOqpTOEvwBA0wEgIP8ga81D3TLCg7aiY2tYBvJXtQWKP_lXUHAzU7ScXoyYhxKcztC06B8j7-roTSD7KDpUux8g,Spiros Rodopoulos,https://play-lh.googleusercontent.com/a-/AOh14GjdnyTu2ong6JeddazkaNoF4jlyHsjWiOSXtD-leQ,Pics doesn't apply correctly on ur face unlike iOS,2,1,1.0.25,2016-06-30 10:25:33,,
gp:AOqpTOEoEDeqxCwCF3XReuKGwaIeyCXarmGjdIZqo38b4F00XcVCciLRIHDoDJjBZ6qieT828zd-Xu6ZXMK39pg,Josh Saintz,https://play-lh.googleusercontent.com/a-/AOh14Gh6bx5SH_YwsBf60vKV9FSr0Ma9yXtlpchbIvSvAg,I was excited for this app to come out after seeing how it performed on iOS I am sad to say I was let down.  It was very inconsistent and I could rarely get a face swap to stick for more than a few seconds.  novelty Maybe but it didn't work on a Nexus 6 for me.,1,0,,2016-06-30 10:18:52,,
gp:AOqpTOEj-_8FbcuHYm_pD-US6dxVUNEVPMhLUvF761LPFn8jH8icrgRy_FRkJPvIs0RHQgOFUOpi3QiYBW9fEA4,Zaid,https://play-lh.googleusercontent.com/a-/AOh14Gg7s3YpB3chqRWJEOUH1AKVnXiD4k60MppT8qSVKU8,The iOS version was excellent and I was excited by the email that notified me of this android version. Unfortunately this is a mess. The transposition is jittery and constantly glitches. Hope to see improvements soon.,1,0,,2016-06-30 10:17:57,,
gp:AOqpTOHvphvAp_9p31OnOzpUiSsO4TPFkPsSgWUk0Atcy3HUosDH8PbEusObiopqknZ7rmqkXegYqt8UNdFyn_k,Jonathan Graham,https://play-lh.googleusercontent.com/a-/AOh14Gi1m9KPmKM78AmfSz8cJMSWrPIZv3HFG-tQioaolA,Doesn't work,1,1,1.0.25,2016-06-30 10:10:18,,
gp:AOqpTOGLK1JJZR__BVR26sw72hq5OwP2D4NDAJ6V-eIJ8m76d_OWiZMXUVoA60K8B1rPzZKtgOnX7CVptsHI5K4,Red Devil,https://play-lh.googleusercontent.com/a-/AOh14GgjKF57Uctzed9lXzKdchQb8Jh1reERMxfsVvBwz7I,"Very twitchy images, flickering on and off and noticed that the sharing button only shares a link rather than a picture which is disappointing. But, its here and it's a start.",3,0,1.0.25,2016-06-30 10:10:13,,
gp:AOqpTOHbYmYYVULY8yun62AM82zKPOdALLoGpGgIGtuzkhIlKF1aKgDwVtIxAJK07CuVrIC1_lI6oZ-uR-wWOI0,Adam Allport,https://play-lh.googleusercontent.com/a-/AOh14GhP-zmOzqyavVBu8oXkQ43PDofRUeBwGH-JvGrl,Samsung S7. Pure shite. Doesn't focus correctly.,1,0,,2016-06-30 10:05:48,,
gp:AOqpTOFObX-V1o4F6Jon4Pi4b-UP9IOPF9SHy-aD7lePQWdDiTIgtKLl7vsqS2sHzVYyRU2UeSeR6F0e1kN5bC8,A Google user,https://play-lh.googleusercontent.com/EGemoI2NTXmTsBVtJqk8jxF9rh8ApRWfsIMQSt2uE4OcpQqbFu7f7NbTK05lx80nuSijCz7sc3a277R67g,The faces keep an outline which doesn't look good on the mask. MSQRD is so much better.,2,0,,2016-06-30 09:56:10,,
gp:AOqpTOF2eaIvoF37rJmqZBaYfPLEgC6q_Xj5U8Fu-92fbUN7v7dZUETyhBeyq_JN3qMwjTV-XDOtCZrb8x2GAcQ,A Google user,https://play-lh.googleusercontent.com/EGemoI2NTXmTsBVtJqk8jxF9rh8ApRWfsIMQSt2uE4OcpQqbFu7f7NbTK05lx80nuSijCz7sc3a277R67g,Why would you release something that doesn't work?,1,3,1.0.25,2016-06-30 09:51:42,,
gp:AOqpTOHYyDRV9bjwJhGFvP3pPLiQuV2wC6tDGZ1Uy9P94CPIgDj2_-_dpRGUy2k0KnLHm-vFXlEiqYjnRUd3yME,Nick Simpson,https://play-lh.googleusercontent.com/a-/AOh14Gg77fISARGR4Y8I7EGwbYHQOIJ1sbblHXMlD3w1Dw,"Waited forever for the android version and disappointed. Face swap works okay but videos won't even save. Just spins forever saying ""saving"" but nothing happens.",1,2,1.0.25,2016-06-30 08:09:59,,
gp:AOqpTOEc-eMBNmMzM4ASKXhKTC6XUkLs3EkZ1anhqMflJSfcxKxcS8AieNcAuExRxwNkCTZcCCC7n1-lkk5-hn0,Mark Groene,https://play-lh.googleusercontent.com/a-/AOh14GhFLENlx1Rho_3OYgsmW5naBKbq_Z3QE4qQTw64zuI,It's very unstable and difficult to get 2 people into portrait mode. Landscape should be mandatory for something like this. Snapchat works better. I'm unimpressed and disappointed.,1,6,1.0.25,2016-06-29 14:45:38,,
gp:AOqpTOHU9R4YBdOIq2iJ3CAiG3OeMM6qBi9RWppTux2FAyJRj51kE3_peHxtzz_5vkV4fbS1ZmKtvh4y59HriCU,Jason Yates,https://play-lh.googleusercontent.com/a-/AOh14GhifVn8nrNQVdQnTJpps0JxvLGugY05yQ5AWJSr0Q,Still needs a bit of Work but it's still worth downloading.,5,4,1.0.25,2016-06-29 06:43:08,,
gp:AOqpTOEOtUKuwuss0BuEmiLrJM8OctKmrHY7l8YomgFjMJ_W3kgwm0rbnq9UdjCaODwKukJ_mxa9FJ_sDaCyUTw,Peter Bihr,https://play-lh.googleusercontent.com/a-/AOh14GgRYG_Mk-qGlHbNWYiWUKXJqXW7Oei3LMWctBl3XA,this is awesome. could not be happier!,5,1,1.0.25,2016-06-29 04:39:46,,
gp:AOqpTOF3KrEkMdYuA6WBoF06GWENEVeVH92AqJ5hb5BOOonjHigZyIEiov0yeDmDajzm6YoiabPUrHvlPg0GKYU,Will Perkins,https://play-lh.googleusercontent.com/a-/AOh14GhsY57KFz6CITlS-x3tERDWRqT0Iux_34617PBh,I had hours of fun with this app,5,2,1.0.15,2016-06-28 08:43:32,,
gp:AOqpTOHXuKYBN-MMp_f42u6hWbmjwzGG0oX1L5-e3TOBBy8IqpJN4KUWUgTBpW2eJP648mrakwRSMWv-0UPkI6w,Rendy Darmawan,https://play-lh.googleusercontent.com/a-/AOh14GikD_BOFmaQGj-9ckta3C8VOOEcm9Osyo2gYjrKzQ,Need improvement,3,0,1.0.15,2016-06-26 20:36:48,,
gp:AOqpTOEp5Kd6s2ilj0ChsJmuj9gYNxlGWpR6r1hWucBifJADLKgk3jI8DWWbJc7KR7SpFCS9MAXfO2uYhn1kf_0,A Google user,https://play-lh.googleusercontent.com/EGemoI2NTXmTsBVtJqk8jxF9rh8ApRWfsIMQSt2uE4OcpQqbFu7f7NbTK05lx80nuSijCz7sc3a277R67g,I'm on and Android device and my friend has a IPhone. It works perfectly on her iPhone. When I try it I put my face in. There and it will say that I have to put a face into the camera. UGH THIS IS TERRIBLE MAKE IT RECOGNIZE FACES ON ANDROID OR I STAY ONE STAR!!!,1,0,,2016-06-26 00:02:52,,
gp:AOqpTOHO-g7qZa3ZvApntdNN938YrMg4tzrPyzD1pFKO8OFQ3QuLDC4AdCNKw8xOxtBoo4vHEgo0FiipXjNlzsw,Scott Marklew,https://play-lh.googleusercontent.com/-foLFvijx3Uk/AAAAAAAAAAI/AAAAAAAAALw/AMZuucmCyDN7cIGKI2NKGavqyztwkkX3tw/photo.jpg,Great stuff,5,5,1.0.15,2016-06-25 15:07:01,,
gp:AOqpTOHajwc4_HRuvRTcmdxEZSJHSxbW_znWOFOA-R6xlFZjHmNOkg0GOJceR3lMlS4T59nd_WMX85Yj_SFt-vw,Roger Juney,https://play-lh.googleusercontent.com/a-/AOh14GjDXW686EMitBaDy4Mql_dxgFlQgo-Pv4NXJhXhVA,"So I'm not sure why these guys have delivered us a less then average face swapper, when comparing it to the apple version anyway. This is exactly the same as MSQRD which is free. The faces don't attach on your face properly, it's like a poor man's version of the original what a let down",1,11,1.0.15,2016-06-24 18:27:05,,
gp:AOqpTOG0OfImNgCRB2uW4PFpV7Jdym0IFJE6CRGz7j4WUrJEC2BD5G32ZU_D1G_ElJf2IbLt22CYo0u4qSoTj5k,Greg Baker,https://play-lh.googleusercontent.com/a-/AOh14Giiq3Ffbk-jMebTKOEpYNVNN2VXHtxKiAhjXBpdu7Y,Photo keeps jumping around on the screen. Unusable.,1,1,1.0.15,2016-06-23 15:04:08,,
gp:AOqpTOG808bOTZ0Xt_nyDM1Tr3v2z2pvg3CxLZ-9dwrvjJVCcDjmWshlMu-7AHBP0Cyo2yydzKhq2ZcE-3oSKKE,Michael Kimmel,https://play-lh.googleusercontent.com/a-/AOh14GgsE4t6GmMLhoV7uIpFsdMoD6usT5IK6fgc0zh4,I've been waiting for this app for a long time and I don't regret paying .99 for it. It works great on my galaxy s6,5,4,1.0.14,2016-06-23 06:58:28,,
gp:AOqpTOFTuxpyZWGCyBo8Niwiv6rMRIvmpcfWOItiWLQypoAClmRFkqeExUaeEmItDEVp3X5knWi06ldZSeOTNuM,Casey Runnacles,https://play-lh.googleusercontent.com/a-/AOh14GjDcofU4fXZQNDQgNVDqAiSaCelyZGW9FHQa2nudw,Works perfectly on my note 4 running CM13. So so happy it's finally here on Android.,5,2,1.0.13,2016-06-22 07:14:25,,
gp:AOqpTOFfABevKbSbV7rzzJsCe7g4MRCL2DcnKGO1UQDdxF6vs7z_ecvpEGNR8ZtezTnvAWnjLUeGCEwqrthCjPM,dillon johnson,https://play-lh.googleusercontent.com/a-/AOh14GiKxx1WDZIo7mUzIG6KHS84h1YzBHlUTrMtwrbYMg,"Starting up the camera is black and have to switch back and forth to get it to work and the ui is a little buggy with things dissaperaing or not loading , running it with the note 5",3,2,1.0.11,2016-06-20 13:18:36,,
gp:AOqpTOEN1nN-hEJGV-4I7qNOSrhXA9g5L2ljLYUjYKJ85HynHffV8G_e25ONQQRbux_RTqq05R11yK_79v4md-w,Alan Hanafy,https://play-lh.googleusercontent.com/a-/AOh14Gi6AdPDoo-ztR7WFPCEobiEb7S_Ccrl82iNNfG6TA,There's not much more to say here. I'm using a stock Nexus 6. This app doesn't do anything. Doesn't recognize my face. I've seen the iOS app in action. I can't even tell if this is the same developer. It's like they got hacked and some fake app is hosted here.,1,0,1.0.11,2016-06-20 12:16:19,,
gp:AOqpTOGHSwqof1Caqq04OSbnJ5d160L0bz24tVefBfCppZXvoKqf29jGYXrJyjVNvE_cCE8Ocut4SQrJGC66A3g,Gabriel Veilleux,https://play-lh.googleusercontent.com/a-/AOh14Ggd6HTykbUq1w6DxHuUcDllu8t1A2LtY690mWhK2A,That app doesnt recognize face. Please fix that bug,1,0,1.0.11,2016-06-20 07:28:04,,
gp:AOqpTOFK7xUzrCk31ds0CHjYxUa8WgC57zO-kgipgncaBQmzWqlXYFmbHMDQJWE0XUlorrOO1RDib3Jq4AjH6R8,Peter Smith,https://play-lh.googleusercontent.com/--x5N1DNW_PA/AAAAAAAAAAI/AAAAAAAAAAA/AMZuucnL65eCnadRHt8NSqtCBO3NO1b7uQ/photo.jpg,"Doesn't recognise faces at all, please fix asap as I've waited for this app for ages",1,0,1.0.11,2016-06-20 03:41:00,,
gp:AOqpTOFaaZax1x4qmT5pohBasICJDec4Z2q_XMdCY5-d0bDx80wauHfbcQvceoqQtIAExY1tvzT5ZCMs1JSQQ0c,Chris G,https://play-lh.googleusercontent.com/a-/AOh14GgeUZkirbvyGGLEWHg9k9L9jpUqxU4crdLixlNNFg,I've been looking forward to this Android version for a long time and it won't recognize anyone's face what so ever.,1,1,1.0.11,2016-06-19 20:45:06,,
