reviewId,userName,userImage,content,score,thumbsUpCount,reviewCreatedVersion,at,replyContent,repliedAt
gp:AOqpTOHpMiuR09P1n0g-LMfbNRLQcPSD0yx-dpv7u3_2fwLQTfd_4Xrr0GCXsC2bhzP_ba1ETG-hQheivsRDCg,Sarah Reiling,https://play-lh.googleusercontent.com/-kU3Dn0BJH6o/AAAAAAAAAAI/AAAAAAAAAAA/AMZuucmdx7NR2CPQrYL8ThzEegQyTKkang/photo.jpg,This app is useless. Such a money trap.,1,4,1.1.1,2020-02-13 15:47:00,,
gp:AOqpTOGKvhTON6rOIKd6SvAciyo08eSXxB1zR_JQtwnlcXh9sV-iHZMUmZIxWTgwdp23kqyypSABuyQWYtPRFA,paul burns,https://play-lh.googleusercontent.com/-Z92UYsIOb0M/AAAAAAAAAAI/AAAAAAAAAAA/AMZuuckvBUB7MDW4ShYdDB99BOio3Zb6ew/photo.jpg,"Works flawlessly on my s8+! Smart to be able to get this info from a phone 
instead of carrying extra items.",5,8,1.0.0,2018-05-05 08:57:49,,
gp:AOqpTOEAmjudV33KLDKMRFXdZTsAethEqK2viOPdph2SSmJCiIUyKKGl8LY4gVLKsKTWtG-KEq7nASgvAEOucQ,Grayson King,https://play-lh.googleusercontent.com/a-/AOh14GhHwPARwj7JkC1gCGb-9rBbLLPpoCzB3n4fWEUMmg,"Hands-down the BEST inclinometer app for avalanche assessment!  Unique voice and ""lock"" features allow for sighting angles up-slope and down-slope, as well as cross-slope.  Allows easy logging of slope angle measurements by location for later reference.  Clean & simple interface makes for quick & easy use in the field.  REALLY slick!",5,11,1.0.0,2018-02-12 18:23:26,,
gp:AOqpTOGTkGM7AnttLdGlKIcLZ16FwMSO32D2lvWt6joOZZ74HzysCNhWhFp1rqQkohz6PFmd_P8SjKSHyxSzQQ,A Google user,https://play-lh.googleusercontent.com/EGemoI2NTXmTsBVtJqk8jxF9rh8ApRWfsIMQSt2uE4OcpQqbFu7f7NbTK05lx80nuSijCz7sc3a277R67g,"Useful, however cannot turn sound off.  On/off switch turns itself back on.",4,2,1.0.0,2018-02-11 18:54:14,"When running the Avalanche Inclinometer, choose Settings at the bottom of the screen (the ""gear"" icon) and then set ""Enable Speech"" to off.",2018-02-12 08:02:36
gp:AOqpTOGXI3BbnbJF_VL1MxxOffkeCa3-XqrCD6S9kyswg4eFEa8kL1k-2J_f0UFSSotkUVEI_Qv5sPX3LS6ZQg,Santiago Rodriguez,https://play-lh.googleusercontent.com/a-/AOh14GjI7UBAvobEQiVU1IBpf9AerYMi6D6FQpWv3K4Qlvc,Useful,5,5,1.0.0,2017-08-11 12:38:07,,
