reviewId,userName,userImage,content,score,thumbsUpCount,reviewCreatedVersion,at,replyContent,repliedAt
gp:AOqpTOGHX_WSTjrCgJwEQaDh3G0Mb5TzsKo2lDwkTF8tUA2NHMk5V9SRrV6hw3iS5GLjn2sTDZ04p2Qxnn7o,Darth Stratus,https://play-lh.googleusercontent.com/a-/AOh14Gg0aNDpMjq0J9YcowWXLH6VxA9avlACAomRewqj6S8,Finally some personalised nutrition rather than cookie-cutter plans. After my father introduced me to the notion that blood groups should determine food choices and lifestyle I am already seeing some benefits. Not giving it a 5 only because the user interface is rather outdated and does not really feel at home on newish devices and operating systems.,4,0,1.6.6,2021-02-07 17:17:20,,
gp:AOqpTOGJL5Kt1adrs6ll_1PDnAJI_3Rq9I2v7OJa4_tRpBeKNsZgmRPvfCklX-wybsdqp6wStWP-8kHuaFpC,K. Duff,https://play-lh.googleusercontent.com/-VaE5ZKcsFXI/AAAAAAAAAAI/AAAAAAAAB3M/AMZuucmNd8HahWKNcU-xmzxrEE7fLXuaTA/photo.jpg,The only thing I'd complain about is that swami isnt integrated into this app and neither is the genome diet based on geography,5,1,,2021-01-25 13:41:50,Thanks for the 5 stars! Both SWAMI Xpress and The GenoType Diet are different diets requiring much more intake data beyond an individual's blood type. This app is intended exclusively for followers of Dr. Peter D'Adamo's Blood Type Diet.,2021-01-25 13:59:30
gp:AOqpTOHOZ-OFgLKk-bx4eFCobWkEXrBsWD4x0o59iUpcezEz1TjJiUxnupouqoo9m4Ybh1Rx-7Sg2HF48eEk,Angela Your New Birth Doula,https://play-lh.googleusercontent.com/a-/AOh14GjNj47Egv86z7OHEedpvvkDwNnNaisha8ANolty,Just what i was looking for. Love the book and this is condensed,5,0,1.6.6,2021-01-12 11:56:25,We are very happy to hear that our Blood Type Diet app works so well for you. Thanks!,2021-01-12 12:03:03
gp:AOqpTOEGhsBJkOstHB10DLXJumC-6pBpjFuFlg1LTi1N8GJBLJjQrrTXXpWSbClTbHvoaok9nM-YpaP9RPbc,Billy Nicks,https://play-lh.googleusercontent.com/a-/AOh14Gilp_gLXbzzybr6OwpTfOSTGH-9rIk3vBk3ws1mzg,Easy to use.,5,0,1.6.6,2020-12-19 00:23:52,Thanks for your feedback! We do try to make it easy to use.,2020-12-21 07:21:36
gp:AOqpTOGoJoc2-y9Wr4CWPIiLU62Wbo71GGEbSSED0PNPV_itIVYeXOECckQgRuz1eABIfKgbKH2-JrjVkg2t,Narbi Claire,https://play-lh.googleusercontent.com/a-/AOh14GhPTrzCGRKkwcFvs8bA-1_QyL7x_V98Zpx2LcENWQ,In my opinion an app should be a quick go to. This is too much information. I have the book but what I was looking for in an app was a quick go to ( recipes and things to avoid) for specific blood types not a big inconvenient chart with keys I need to pour over and decipher while I'm out and about. Really disappointing especially for a paid app. I got a refund and will make my own app.,1,24,,2020-12-09 00:17:28,"Sorry to hear of your disappointment. We try to make it very clear in screenshots on Google Play what our Blood Type Diet app does. The main goal of our app is to provide blood type food categorizations for both individuals and their family members - whether home or out. It's quick, easy, direct, giving users all the basics on The Blood Type Diet.",2020-12-09 09:46:24
gp:AOqpTOEEmpp8U_8m3FY1YfyezvFA2i13OlkbMfkcg05J9cJxqCdnGviws-vyEpRu3GxA8K4smW3QC_6h4Eyd,Jen Miller,https://play-lh.googleusercontent.com/a-/AOh14GiM7ZRaHjmbTipj33NmtU8z-sdzVn_JR26HJ24grw,SO much info at your fingertips. Great app!,5,0,1.6.6,2020-12-05 16:06:08,Thanks for sharing. It is appreciated. We are here to help too: appsupport@dadamo.com,2020-12-07 06:13:36
gp:AOqpTOGW5YUb2tYKxa8k85LSwAQpiRqwm_chVNUR3zIWMYHTQXbGMa7vssxWMTpWn3hglL_SHgFsIF2sBJ6M,ChanaYah Tru,https://play-lh.googleusercontent.com/a-/AOh14Gh-KY5mIsXHjIhCT80vbluYaXFRdlxxvC_B03K0,Been using for years! Pays for itself continuously so it is a definite investment! 👏🏽👏🏽👏🏽,5,1,1.6.6,2020-11-14 07:52:14,Thank you for your feedback. Much appreciated.,2020-11-16 06:35:43
gp:AOqpTOFsr5YBkyZwWshH1XeOttARnDNy_n62PK_qjuJ-iaURWtmk4lnvKSrOODxvsdGEHU812nn3wxURW0yb,Ernest Bentley,https://play-lh.googleusercontent.com/a-/AOh14GgaPumANMgpe-escSUUhRM8Q0Y7RJ3Z0NjYUfje,Love this app. BB's Health Foods in Foley Alabama got us on the diet and we love it!,5,4,1.6.6,2020-11-12 14:29:46,Nice to hear. Thanks!,2020-11-12 14:44:13
gp:AOqpTOGou424MVji2M4XFn0nr2_FN3DBDWQKWueqv8EXIRUT5v06SsJcDIWVsMis36BSfv5N82aa6Bgv_mg0,sujeet roy,https://play-lh.googleusercontent.com/-0DPflI6werk/AAAAAAAAAAI/AAAAAAAAAAA/AMZuuckRRk8Nkbxs7_KE9pbEzr0Prnnj8g/photo.jpg,Life changing and life saving diet plan... Must follow it for truly living healthy.,5,2,1.6.6,2020-11-10 08:37:24,Thank you for this feedback! We appreciate your support and are here to help if it's ever needed: appsupport@dadamo.com,2020-11-10 09:15:10
gp:AOqpTOGXDGUK40xy-7Ekd9ijGmAH-lcSGsB2kx73nH0W_pVNypZ2ZKC5ZiRlTE9hwGH_Fyr1i2slWs6pHH5Q,A.J. Miller,https://play-lh.googleusercontent.com/-O3-3Y4DhflY/AAAAAAAAAAI/AAAAAAAAAAA/AMZuucmj1D3x7KMPWdJQ2Htg7EDuP1aVtg/photo.jpg,Not helpful,1,0,,2020-11-02 00:33:20,The app is designed to have Blood Type Diet categorized foods at hand when shopping or at restaurant—or trying to search for common Beneficial & Neutral foods for your family.We show what our app can do in the screenshots shown in the Google Play store. A lot of effort goes into the app&would be happy to answer your questions: appsupport@dadamo.com,2020-11-02 07:25:43
gp:AOqpTOEmdbJPVY4z18tDvGTlTCJtdfTUEdv2_oSSrbAKwKMpy888Cb7gPdFnMTo5fFPafH2GRaw79QBZMH6q,ad Mar,https://play-lh.googleusercontent.com/-MhXeZGDMGCs/AAAAAAAAAAI/AAAAAAAAAAA/AMZuucmUcuU9_h10aOxkL-9dGXVXgDLT5A/photo.jpg,I have celiac disease and cant really trust much what nutritionist say they say one thing but not as precise as this app also i purchased all the books im amazed on so much information this was recomended by a pastor and for me is worth it i reccomend this app very ideal,5,12,1.6.6,2020-10-15 17:38:37,Great to hear. Thank you! And we're here to help with our Blood Type Diet app if it is ever needed: appsupport@dadamo.com,2019-12-16 07:19:09
gp:AOqpTOEE9gV35dn0Sf4xjtZB7KNFJlocA1Gp0_UELXvCvVDwfOwuymSOJQVrDg0jzp5U19_pJc8NdzHmIWvu,meg x,https://play-lh.googleusercontent.com/a-/AOh14Gh91c9ueELAEM1qciBgwCrI6ai9RX_WQonDimeE4g,Hey there just bought this app but can't get anything to open no shopping lists recipes all just blank pages....? What am i missing?,1,6,1.6.6,2020-10-07 21:23:56,Sorry to hear you had difficulties with our Blood Type Diet app. We are unaware of any such problems. Please do contact us directly at appsupport@dadamo.com - please do include screenshots demonstrating the problem along with additional details. Thank you for your patience.,2020-10-13 07:04:34
gp:AOqpTOHU5J9y2VLpeD3hjf88XriS70XgOjYQ_Mx3DfucNtPpA5PXt3q5-jCCIiiduiNZt5SZdgF7bxMWJtXF,Roynne Gillespie,https://play-lh.googleusercontent.com/a-/AOh14GgbXp6WetOl6OdjTIDoVN3PPObzez9s3r2LmJkK0w,"Fantastic app, and worth the money I spent. It's as up to date as the book, although I'm not sure if the app is consistently updated with new information as it's reviewed. That would make it a five-star for sure. But it's definitely a great app when you're shopping. (Edited to 5-star; the app support folks are fantastic)",5,32,1.6.6,2020-09-28 14:09:29,"Thank you for your positive feedback. Much appreciated. Since our Blood Type Diet app is developed with Dr. Peter D'Adamo, it matches his latest TypeBase Food Lists. Any questions? Contact us at appsupport@dadamo.com",2020-09-28 07:49:41
gp:AOqpTOHeOXz1l9DqS1xFpbXtMSmXiAu8CtFPBwBirhbw01q1zPdY1bJiYtHSWJQsWL5ui6-DUQoxXSeLrig_,Lyn Baybayon,https://play-lh.googleusercontent.com/a-/AOh14GiVn2mObFA9Y4aGEXdgTdCev24OYW60K26YdiJq_g,Great app🙂 but something is wrong I purchased already this app and then I bought new phone and install it again and it won't open. I used same gmail account.,5,8,1.6.6,2020-09-25 06:30:56,Thank you for the 5 stars! You did not mention what your old phone's operating system was (Apple or Android). Each version of our Blood Type Diet app is sold separately. But please do contact us with details (old and new device and what email the app was purchased under. We will be happy to help: appsupport@dadamo.com,2020-09-28 06:45:12
gp:AOqpTOGI3Sy014j-RP-TCR-1j-BmP7Mx8vNuZ5T9snd5SkdGrRfwVWhDcj3eEUyNOmaF6Me1ULDlst3Usvi5,Michelle Miranda,https://play-lh.googleusercontent.com/-radw_PweF-M/AAAAAAAAAAI/AAAAAAAAAAA/AMZuuckUHrRTD9zYTjJpG_sgiXzjH5VvAQ/photo.jpg,Everything I need to know is in this book,5,0,1.6.6,2020-09-03 15:21:45,,
gp:AOqpTOHnknb0RrOj25A9jLxc-_GBMzLAPzEfs4ysFYp9wZUIj9pJRAMMFDDiqLt_oVVMSHHzJ5k8k9713Qaz,Marinela Stoicheci,https://play-lh.googleusercontent.com/-A9xTwjY4vMc/AAAAAAAAAAI/AAAAAAAAAAA/AMZuucmUqfS-etedCMzS22qOPyaem82PnA/photo.jpg,"So far, is very good. Would you have it in other languages please? E.g. Romanian ?",4,0,1.6.6,2020-07-31 08:51:40,Thank you  for your feedback. At this time there are no plans for additional languages.,2020-08-03 06:32:21
gp:AOqpTOFZ0f86gtvwsUmuLPk-iIkcEplWRrWRHv_gMAS-8p6MJ36AN5Omjnc8ofK1Zwf_ZGeJ_9UIiyOAaJnw,Bernadine Jackson,https://play-lh.googleusercontent.com/-zufdLiEg7aU/AAAAAAAAAAI/AAAAAAAAAAA/AMZuuckWZGIm5oIp8cBuOtwz-sW6RZgGpw/photo.jpg,"Good report from my doctor, I love this app Thank you so much!😀",5,7,1.6.6,2020-07-21 13:55:07,Thanks for sharing. And we are always here to help at: appsupport@dadamo.com,2020-07-21 14:10:35
gp:AOqpTOFRhVmiHT7urlepQU9AfK8pXdjgNTqL_5n1LzT2jD7C_UyWQRlDnH3Z3bW2qtmXIpyM1uFPD1zZfCbQ,Jenny Brown,https://play-lh.googleusercontent.com/-yM8_-BrLXL4/AAAAAAAAAAI/AAAAAAAAAAA/AMZuucl4nM97xBKgFJyMx4Okk8jjBNAKYQ/photo.jpg,More helpful than any allergy test or appointment I've ever had. Definitely with paying for. This has been very accurate for me so far!,5,20,1.6.6,2020-07-21 00:20:05,We do appreciate such positive feedback. Thanks! Please let us know if any questions at: appsupport@dadamo.com,2020-07-21 06:18:09
gp:AOqpTOEa7d27TxVzkUDT-idryNeYMkIPpSTQ1oIIavKRLQF76LnMP6URx4gpoHZstg1fUfQceuD7SNjNcNYb,Travelers,https://play-lh.googleusercontent.com/a-/AOh14Ghuhsi7Z7_u4Rsl6yJw5wFBHbekBY8KAFVM8KBLdw,"Very interested! This is more information than ""best food 4 your blood"" is very limits and I want to know what my type or my fiancé's and more deeper why we get stress or avoid. Thank you to explains what we find it. I also shared with our friends want to know bout this.",4,2,1.6.6,2020-07-03 12:29:30,Thank you for taking the time to share your thoughts. We are the only Official Blood Type Diet app. Please do send any questions you have to: appsupport@dadamo.com,2020-07-06 06:21:29
gp:AOqpTOGCvVzEmAZiDLTe3CfSa8hWETiQEIUedsRZYu9a9QbF6C0JGG5ubv4cp1mD7IvzqYcDk3xiNLoAa-WM,John Ballard,https://play-lh.googleusercontent.com/a-/AOh14GjyEyFH5DulhqblgX43SNar3Nw5hoGHyOTb2l1u,Shopping list function doesn't work.,1,15,1.6.6,2020-05-13 12:28:06,"Hello John. Sorry you are having difficulty with the Shopping List and glad you reached out to us via email this morning. We were hoping for a response from our replies to you. We still want to help but we hope you can provide info requested so we can troubleshoot(screenshot, model of phone, iOS, version of our app).We want the app to work for you.",2020-05-13 13:05:33
gp:AOqpTOFkOrc7gvCMk7a8ypKoPUIGC1MNqf7UcNxdGO8T_Z4uWuP4qze-rmBlsvzsqq3sNL-FY3AVwuD7bwO2,Daniel Perez,https://play-lh.googleusercontent.com/-YoFMXuTlj-4/AAAAAAAAAAI/AAAAAAAAAAA/AMZuucnlP4RYqnj7iQ2m6GSmCWsc6BVBsw/photo.jpg,The best,5,0,,2020-05-03 10:21:44,Thank you! Your feedback is appreciated.,2020-05-04 06:53:09
gp:AOqpTOFdtXj7Aifuqh69gmmqdFnPuqUaFm6e2v8L7sJ_npxn539zfxBYw1LIy7wSlHWIBFuKceICIPg4RkCk,Karen Winters,https://play-lh.googleusercontent.com/-pb84eTPlqvM/AAAAAAAAAAI/AAAAAAAAAAA/AMZuucmborzM2bHmnzKgR9uEvScEu2QuhA/photo.jpg,"This app keeps all the information & food lists for my blood type at my fingertips as well as creating a shopping list if desired. Also information regarding characteristics of people w/ your blood type, exercise recommendations, etc are great reminders. I've used for years with no glitches. Information is the most updated available. A bargain!",5,22,1.6.5.1,2020-02-29 09:26:49,Thank you! And we are here to help if you ever have questions at appsupport@dadamo.com,2020-03-02 05:46:54
gp:AOqpTOGBLEufEi61iHRH5lQhZOY0tQxZivQfe5WXX00O-mAotT5N3h80F8hju8jhfpg1i1cX6V66Ck4HP4JA,Kathleen L. Wisniewski,https://play-lh.googleusercontent.com/a-/AOh14Ghcmcy-KT0VWv1Ig7ZUBV7buBlhAmoBzmCLpGqdfro,I prefer the book.,4,0,,2020-02-10 19:18:33,"Thank you for your comment. Dr. Peter D'Adamo's Blood Type Diet app is not meant to replace his ""Eat Right 4 Your Type"" book. Rather it's a way to have your blood type categorized foods with you when you are out food shopping, at restaurant, etc. Plus the app has the added feature of Family Food Lists for multiple blood types.",2020-02-11 06:23:36
gp:AOqpTOGOJLO0lA0GMp41FjQOWUUmr7lInHYKw5UlUbgMZB4HWHUTHAPKPLjOJ5lRzFbUIfVqt5NUv67dWFfg,Monty Yank,https://play-lh.googleusercontent.com/-gjYSDTEhX3E/AAAAAAAAAAI/AAAAAAAAAAA/AMZuuclqNso2trPSlTfLRTq1geWa6RzOEQ/photo.jpg,The best and only diet worth trying,5,2,1.6.5.1,2020-01-08 22:47:46,Thank you!,2020-01-09 06:35:43
gp:AOqpTOGRNV4i_WU1KlTNlN2UkwVj2Eg3nB7349SUWYANSx-wYKsLkhjEwVLE3cbQ_62JxsGSZR3kH13M-eoe,Susan Allen-Ellis,https://play-lh.googleusercontent.com/a-/AOh14GjTlrcRdbtk3stAZflFYpYbuQ2OXqY3svTGLfFLVAg,"LIFE CHANGING!!! This has helped me lose a significant amount of weight once I finally knew which foods were beneficial for my blood type so I could make better choices. On some occasions when I eat an avoid food I can definitely feel the toxic effect, whether it's an upset stomach or headache, etc. I even recommend it to friends and co-workers. 8 years and counting using this app and I've dropped 5 clothes sizes from a 12 to a 2.",5,37,1.6.5.1,2019-12-27 03:01:05,"Thank you for sharing! If you have any questions, we are here to help: appsupport@dadamo.com",2019-12-30 07:42:58
gp:AOqpTOGFUGSOTdfxsozeO_pp8hgj27sEgfaRietKeZgWnQLFXjybJjNl4dTQx_FEs8Nxxjtn7H3aOgJGBtE3,libra loves,https://play-lh.googleusercontent.com/-_0I16llMdfI/AAAAAAAAAAI/AAAAAAAAAAA/AMZuuck2HHpgf6cx82WvR-iiTx_UROYfNg/photo.jpg,"This has made my health life so easy , my shopping so izi, and i feel good inside because of eating according to my blood type.Thanks to Dr.D'Adamo",5,2,1.6.5.1,2019-11-27 00:15:33,We appreciate your enthusiastic feedback. Thank you!,2019-11-27 06:04:27
gp:AOqpTOGvpGCwZc1kV_aH-h5SbD3I0MvOsZc_NA6HvVe4tS3RPHRDANN3Dq3pt_bI7tsU24Onr040002CSdDy,Joan LaMarra,https://play-lh.googleusercontent.com/a-/AOh14GiUeNqnsDbQH1gTNgr0p2Rzq_NF1EyZf1msjZx-,Healthy for you!!!,5,0,1.6.5.1,2019-09-19 16:16:41,Thank you!  We are here to help if it's ever needed: appsupport@dadamo.com,2019-09-20 06:13:41
gp:AOqpTOHWDyUJ8LgKf4JcvfbD7dtqENHwzkIJpvt2jqH2vTAtcD8Z_X0V1rNtuXWgh5XAuoJzlv-19jW0qZyY,M. Parker,https://play-lh.googleusercontent.com/a-/AOh14Gg_IZTKrkLUhVsGS9C8OKy-pn2yk_1LelOKX8xOqQ,"Can't trust the recipes? I'm a little frustrated as I hoped this app would be helpful. I filtered by the O blood type on the recipes and Potato soup comes up ok to make, however it's clearly full of items Os are not supposed to eat? the chart in the recipe itself even shows the individual ingredients as Avoid. So why would it come up for the O filtered diet? Basically, I can't trust the recipes, which is frustrating, because it was a large part of why I bought the app.",2,22,1.6.5.1,2019-09-13 10:26:01,Thank you for bringing this to our attention. Our app provides a link to the recipes.The recipe in question has now been corrected. The food categorizations in the app itself are correct. I apologize for the inconvenience. We encourage users to contact us at appsupport@dadamo.com for help - hopefully before leaving a review. Feedback is welcomed.,2019-09-17 06:20:13
gp:AOqpTOHAZ69iviyXyc5BbA0qoT8iHE-dW6yodJ7iLLQdyhsML5tbpvhlnRpKxTOtBnKkqW3MJrQgCK8GWEVe,Catherine Gallihugh,https://play-lh.googleusercontent.com/-uGYOfWmp2cg/AAAAAAAAAAI/AAAAAAAAAAA/AMZuucmwu0WGMwN-uO_wYIaVGFm87SNzdg/photo.jpg,Help can't get the app to open,1,1,1.6.4,2019-09-02 18:25:45,"We are sorry to hear there was an issue opening our app. Contacting us for help at  appsupport@dadamo.com and sharing details (make and model of device, IOS version, screenshot) will assist us in helping you. Also, please be sure you are logged into your device with same email used to purchase the app. We apologize for the inconvenience.",2019-09-03 07:56:45
gp:AOqpTOF_LWHYFF9t6me9gFZuvzrTItZLufRHZfLrEMj-6Wgpp4YPI9YP7zKZkWpXcqSDsAaEyp6UQ5AUHZ6J,Desire Bezuidenhout,https://play-lh.googleusercontent.com/a-/AOh14GiN9HxFBiZycnGT7xYbGf_f6nDSrMRDaf_FzV1-hw,Excelent app.,5,0,1.6.3,2019-08-23 11:10:20,We appreciate the positive feedback. We are here to answer questions should you ever need help: appsupport@dadamo.com,2019-08-26 06:28:10
gp:AOqpTOEu7xKKG-Vp5xW-H2ZL6cXs48XlceWqrFXKw-0-IG6UuPxHoKz2aJg45vYS1uw-EIpn8B9ZTWh289ZO,freddykoogz,https://play-lh.googleusercontent.com/-sK2W0i7IwDw/AAAAAAAAAAI/AAAAAAAAAAA/AMZuuckHdxPCGLNVb7ghTw5Lg-RkDF7tIA/photo.jpg,This app is a waste! I purchased it for $3.99 and it never opens! What a waste! I give it a zero!,1,10,1.6.3,2019-08-20 16:37:08,"We are sorry to hear there was an issue opening our app. Contacting us for help at  appsupport@dadamo.com and sharing details (make and model of device, IOS version, screenshot) will assist us in helping you. We apologize for the inconvenience.",2019-08-28 15:33:41
gp:AOqpTOHf3COYLHrnzRB2SDZRMQKtUY7oviycZC197bv0JJurO5hdTI2K_Gnd8N33H5n0f3l6MCNg9Uc989RB,Jackie,https://play-lh.googleusercontent.com/-ibGhikDhTCk/AAAAAAAAAAI/AAAAAAAAAAA/AMZuuckVOKBQUjBlfkCjGxqsT9kHMusRFA/photo.jpg,perfect to take with you to the grocery store,5,0,1.6.3,2019-08-09 06:21:14,We agree! Thank you for sharing.,2019-08-09 08:05:01
gp:AOqpTOHvaLZmWvR4y3ABKIrsdckKKuyAft-pGerxAvNvRGYq3aKD5hoRVgDTWm_l7sMzX3wPqv36bRVe-6m-,Joe Mama,https://play-lh.googleusercontent.com/a-/AOh14GiwcILTgZWEl8oFYHnkucBTvkvbDxu5dbasrXcgYFQ,literally the best app I've ever used,5,3,1.6.3,2019-07-18 18:38:30,So very nice to hear! And we are here to help if it's ever needed: appsupport@dadamo.com,2019-07-22 09:40:20
gp:AOqpTOHTlksbze0KdlPT9ZhASBVn-U_2TbRZ5jGpqvdfqPrwOg1n3kAXQcJMFZvAKBJhUeOsWaAiffca8Zqp,A Google user,https://play-lh.googleusercontent.com/EGemoI2NTXmTsBVtJqk8jxF9rh8ApRWfsIMQSt2uE4OcpQqbFu7f7NbTK05lx80nuSijCz7sc3a277R67g,I have been a follower for many years. The revised app is a great complement to the updated ER4YT book!,5,0,1.5.2,2019-07-15 08:41:34,,
gp:AOqpTOHN11MUiaeAnAm0UZeVvyJ3RTrbP08h8Fi1ZRxBNr_a5VcnXdH9r0hQklhZkFULqs51jzb8Cj02BN6I,seinna gausman,https://play-lh.googleusercontent.com/a-/AOh14GjyeHvKmNOG_1K3RBLsgDJ4B1fkQMzRURU4PeGgew,"Good as a food list quick reference guide, and offers recipies. Terrible UI, looks like a website (no mobile styling) just shrunk down, with no visual appeal. Selling a lot of stuff, secretor tests, a specific brand supplements, books, etc. I would prefer the supplement section just list what supplements are good and why or which active ingredients in what dose to look for should I choose to buy a dif brand. Instead it links you to buy from specific brand with no education around that.",3,21,1.6.3,2019-07-07 06:45:13,"Although we disagree, we appreciate your feedback. The app follows the description we provide -intended for use when shopping or at a restaurant. The links for our supplements are optional in the Supplement section -separate from  the Food, Shopping Lists or helpful information provided. Want to go deeper, try the Links section or www.4yourtype.com",2019-07-08 06:24:25
gp:AOqpTOHNPduQ3ngYEdoh6SO920hdqJ7u8Swgdgzs_NKoXRj5k6ESxEiIPi94iUa6bht-BpwRUEDtQxMO7aBD,Jennifer Baulch,https://play-lh.googleusercontent.com/a-/AOh14Gha31F7aGhXUFgLR7L2k_bf2KFkvQqi-iDub8Qrug,"Great app, thanks! Can you also please make a detailed list of all the possible tea or drinks not only a general list on this app? Some articles that source your book or articles sometimes contradict to some of your list for all blood types I found, that's why. I'd expect great updates on this app that's  why we pay it for.",4,27,1.6.3,2019-06-15 19:14:05,,
gp:AOqpTOFjpUO75cvdPMyLB7BVm7rvX8T6pHjPGK8XKQAdpLPFgrJR6O2Lqwm6VQDdYyIBtN6Hm2qeqdm4J3Q0,Kath S,https://play-lh.googleusercontent.com/-wRypAxparGE/AAAAAAAAAAI/AAAAAAAAAAA/AMZuuclR6uyNGxn9k1tM0v6JTPrb2kX9fw/photo.jpg,"love it, just wish i knew how to set it up. customer support is excellent",4,2,,2019-06-04 13:41:08,"Very sorry to hear that. If you could provide more details  (including phone model & OS), we will be very happy to investigate. Please email to appsupport@dadamo.com",2019-05-11 07:33:12
gp:AOqpTOEr6sS-xbJNNnp7kCeF1jOzQx_3m15BKzBQ3OwIW5Xso6X8DQZBokMfR8iEGAcUbYTVfsYSR5DwUrv2,Shamika Hartgrove,https://play-lh.googleusercontent.com/a-/AOh14GjRY9za3swSV5nWOVm-cem4RkA-jG02OIMxsCx4bJQ,AWESOME!!!,5,0,1.6.2,2019-05-06 14:57:49,Thank You! It is appreciated. And we are here to help if you have questions: appsupport@dadamo.com,2019-05-07 06:06:08
gp:AOqpTOH0bwpGb7_C2q1pZzNKM1h7C9hiIdnIBN5C2sdkJO8JWnEjCaS3DA4DIajX62KL_mzdx97JNnLAyp4S,Ann Francis,https://play-lh.googleusercontent.com/-muEYPPRhJSI/AAAAAAAAAAI/AAAAAAAAAAA/AMZuucnLZDOUtGKh9JV2GwnfXEnH4AOtug/photo.jpg,Love this!,5,0,1.6.2,2019-04-03 17:43:03,Thanks for the nice feedback. And we are here to help if it's ever needed: appsupport@dadamo.com,2019-04-04 06:09:55
gp:AOqpTOFT6TEadUW07E_8Akz0_YdUkOdc8PNdxWDR1wFmgyQqz5lmHQXGUj87N1w39tkdn_eqLRm0tHRLDfAO,A Google user,https://play-lh.googleusercontent.com/EGemoI2NTXmTsBVtJqk8jxF9rh8ApRWfsIMQSt2uE4OcpQqbFu7f7NbTK05lx80nuSijCz7sc3a277R67g,the information is great and will work if you follow the guidelines....but giving 2 stars because I paid for an app that literally has the same info on the internet for free. uninstalling.,2,38,1.6.1,2019-03-18 08:56:55,"Thank you for purchasing our Blood Type Diet app. The app is intended for reference when grocery shopping, eating in restaurants and meal planning. Think of it as a quick guide to searching for foods categorized by your blood type. Not intended to replace Dr D'Adamo's Ear Right 4 Your Type book and much more convenient than an internet food search.",2019-03-18 11:10:32
gp:AOqpTOEbw8PUUT6gg5uvf0ERqFwxghyGPEzn5LDcQOunjXgOmUthLtronO1DzNEFKWNm4ufhiUQHxSQZb1FA,Esperanza Cawthorn,https://play-lh.googleusercontent.com/a-/AOh14Gg-C_AJ8s9rB9kXO186zfIA6kBVKVNgg_znCbCyqw,excellent. I had polymyalgia reumatica & started this diet & i got rid of the illness & now i feel like a million bucks & I'm 70 yrs young!!!,5,7,,2019-03-09 22:57:14,Thank you for the kind feedback!,2019-03-12 10:52:45
gp:AOqpTOHqT2zAJClXZuG0JBTIek65e_INjDxWvZVC5e1Qt_0Zrxh7k7SCAFhXIJ1eCDCds5dYVaWKfM43KdlB,Claire Wenn,https://play-lh.googleusercontent.com/-AToIrl0Mwyw/AAAAAAAAAAI/AAAAAAAAAAA/AMZuucmciwiEUvwmKRNaQK5mcCres1CCvA/photo.jpg,great program,5,0,1.6.1,2019-02-26 20:18:15,,
gp:AOqpTOFBqOiT0EKwP2rh18VpgkpgiLn1kUTilnfWMjcmcRsQ9iuyfcRpkDvtAeGyHfByFDneMK52U46ISXdq,Simon Browning,https://play-lh.googleusercontent.com/a-/AOh14GgXAkU-WMDNC9VziGc7J-49cV1rqb0QZKYl8fLBEDk,so easy to follow for a healthier and mire energy lifestyle.,5,3,1.6.1,2019-02-19 23:52:47,,
gp:AOqpTOF_gz0Nq83IQq0GtonvxBKgpLJExphlV2pyysZwoDg1QhF7x77TDJgg4RLCPbDc3jM2MalFwSyDpCh7,Crystal Salazar,https://play-lh.googleusercontent.com/a-/AOh14GiM4qi66QT5XF-7ucIqGJhiTQ16eHtV8MkUBIZupQ,Helps heal a lot of health issues and ailments! I love this lifestyle! It's a lifestyle not a diet to me!,5,20,1.6.1,2019-02-16 15:43:52,,
gp:AOqpTOGaAdnb0IIiO2OwAxYqYezlyhc9cbQNz7ioiPvn8KnNddM6cUyZtPaQQzuk8QG2_LcRUItGu-iQpF_6,Krystal Dolan,https://play-lh.googleusercontent.com/-S3PbEA97vHQ/AAAAAAAAAAI/AAAAAAAAAAA/AMZuucliinsWnLrYfLXIiBxMlmsxzcYTNw/photo.jpg,Love it! Easy to use for the whole family of different blood types. And even offer recipes!,5,11,1.6.1,2019-02-08 08:58:50,,
gp:AOqpTOGRLrrIzLIor_9QMYAUELVaGqtc7FggoIefPEfwBCBxMvV6VdggIHGGhHd3y-3rBaK1O5DhlUApucxu,A Google user,https://play-lh.googleusercontent.com/EGemoI2NTXmTsBVtJqk8jxF9rh8ApRWfsIMQSt2uE4OcpQqbFu7f7NbTK05lx80nuSijCz7sc3a277R67g,I got charged seven test for this app and never received it rip off,1,1,,2019-01-18 15:07:27,"Not clear how you could have been charged multiple times using the same email. In fact, you can install our Blood Type Diet app on multiple Android devices as long as you purchase & login under the same Google Play account (you are only charged for the first purchase). We're here to help. Please do contact us: appsupport@dadamo.com",2019-03-12 10:51:50
gp:AOqpTOGRwZz7TsUCniZSyN3ayNqTsKotyma-tesXxvomGkmijDfq3Ovdni-7GOfc5Z9O3ktRjiiOz03oCBif,Joe Philon,https://play-lh.googleusercontent.com/a-/AOh14Gh-lIAae1alLANtC9LhTzbdx718APln0kpRnasGB6o,Been on this diet for about 9 years now and there's no going back. This app is a great reference to help me stick to it.,5,8,1.5.2,2018-12-19 07:18:33,"Thank you. We are here to help if you ever have questions: 
appsupport@dadamo.com",2018-12-20 12:26:56
gp:AOqpTOGU9nrt4Oxo6f0ZdveBTwS0Zm3WqEXDnaR9UwilOIrPvwPWJLlFE2pRUorDLOOqg1fkRIeF1iT_rcrW,Zaki Shakir,https://play-lh.googleusercontent.com/a-/AOh14GjWA59kg5N_wc8MrPxjywQy6SrbG7lMio5R2IJipbw,"Amazing information. I appreciate the current update of unknown classification. I must have app for those of us that travel, and don't have access to a kitchen.",5,16,1.6.1,2018-12-14 10:12:32,Very nice to hear.,2018-12-17 06:27:51
gp:AOqpTOHk1NGytDd023HPmJSO9Jst43UrssPShKrzhzOyOYe9lXtSE0QzqRaZxWJC095r8Vb-JxYn9SbCR14t,D Aue,https://play-lh.googleusercontent.com/a-/AOh14GhM2-kEiAC7uuVSQI8h75QCpPm71rCugciGC5m3Qw,Great app to help you eat better. Find the right foods for your Blood type.,4,12,1.6.1,2018-12-13 13:13:07,Thank you for the positive feedback!,2018-12-13 14:49:01
gp:AOqpTOF9mPLjgOYDwymMsEx4F8gcsvO2GQiKLHRgRdmsv6kKy0vbkSePlfJ2DWH1vwB0Taec0RmDLBVJUykA,Jessica Boyd,https://play-lh.googleusercontent.com/--53cHEQxzDk/AAAAAAAAAAI/AAAAAAAAAAA/AMZuucnCcQIvTzKyQLCkKmW1SrLd6IWNgQ/photo.jpg,This app is a great resource. I love the family common foods feature. It would be great if the next version has a family recipe section for those of us with different blood types in our households. Thanks!,4,15,1.5.2,2018-11-22 12:46:34,,
gp:AOqpTOEv_uQum5xulor-GmzLIgknjVOitdfLc6UB1c5ResVPyzAlIsQ4Wa0cRs-Gt_PJzGEXir41LXOfPel9,Deann Winners,https://play-lh.googleusercontent.com/a-/AOh14GiCis7JhK7FQ_dy8c5lgdIXib7gl7mOcHXg_Vp-,I can breathe! Lifelong chronic asthmatic bronchitis is GONE! No more mucus. No more inhalers or aerosol treatments.,5,15,1.5.2,2018-11-18 08:07:39,,
gp:AOqpTOEell3tOTVxrWVl1MPLe9X1U_PfeFBsQ-zz-AJEubi-i_d5-UvAcTiIf03Vf5kCwBpHPHNQ9bXUjSPh,A Google user,https://play-lh.googleusercontent.com/EGemoI2NTXmTsBVtJqk8jxF9rh8ApRWfsIMQSt2uE4OcpQqbFu7f7NbTK05lx80nuSijCz7sc3a277R67g,I lost my 3.99 and the app doesnt open on my note 8.,1,2,1.5.2,2018-10-17 04:21:55,,
gp:AOqpTOEY6fjru3zNEWGBbxWo-s1mZCWgByr6quYioB5Od5IG93vDhMdcYKT-jwB9qc813kj_P3utw5aBEchN,wild child,https://play-lh.googleusercontent.com/a-/AOh14Gi1NlIO8uzvu9DnIqMMYVsxy6BpOJf-2mdlM0wBMw,App requires update to match newly added items on d'adamo website as well as software update for Google pixle 2 and 3. Thanks,3,5,1.5.2,2018-10-11 16:40:33,"Our Blood Type Diet app matches what is on Dr. Peter D'Adamo's website:
http://www.dadamo.com/typebase4/typeindexer.htm
Please do contact us with specific questions at appsupport@dadamo.com
Thanks for taking the time to comment.",2016-10-05 12:52:49
gp:AOqpTOH1Tzznoe-F43TchlRXqNlDr3LMBQI5-NKMKJLe-C5MyRsNWUeMNM7wzkD7CPehTwEv-l7dSeHpB0iV,Sarah Price Hancock,https://play-lh.googleusercontent.com/a-/AOh14GgZzmzlhpz4VJcAzyFPf0uPIwxX0yYHp-paUP738Q,Paid money for an app which doesn't include the most recent information. It's incomplete. Nothing about Swami. Incomplete vegetable info. I'm disappointed.,2,17,1.5.2,2018-10-05 13:33:10,,
gp:AOqpTOF-9AnAbNASgX35j9kEff8sqOIPJreaDn_xBpIPNwDaOITB9QUcxGeQTV2-v9Qeg6uoawAfn34kCRnH,Orissa Woods,https://play-lh.googleusercontent.com/a-/AOh14GjIKf27eRIDh-O0cH5c6JeUoRbqxS0h3ebUTURzG3s,I have been using this app for 5 years and I use it as a shopping list. It have helped me several times to be aware of what is not good for my blood type. As a o- blood there are several things I started eating that I never had before due to lack of knowledge. This is a great guide. Thank you,5,43,1.5.2,2018-09-30 17:52:57,,
gp:AOqpTOE1OAeDh2GDOiu-aYbNDPOCpVFmYNws4CpOqLaRZilcpri2ZJM1pVYFY6kouR7oj5hVYcSZguCPFeZj,A Google user,https://play-lh.googleusercontent.com/EGemoI2NTXmTsBVtJqk8jxF9rh8ApRWfsIMQSt2uE4OcpQqbFu7f7NbTK05lx80nuSijCz7sc3a277R67g,The foodlist is not updated and does not include a lot of products. The info related to each bloodtype is very general.,2,0,1.5.2,2018-08-29 01:31:37,,
gp:AOqpTOFc2wrL1x0RWisvIj2QD5CqarNV07L5UePxwCixxCmMHADmLwewvUBTPFXVFv1fC5Mi5HvOh89v3anB,Crystal M. Clark,https://play-lh.googleusercontent.com/a-/AOh14GgZOnGUEdQ3VwhBz9mDovV3zCh6NsZfS-qo0NNI5A,Helpful to everyday living and lifestyle changes.,5,1,1.5.2,2018-07-16 01:45:03,,
gp:AOqpTOF0LEaoWwSBe6vfg4F-sC_S3DDF3ceRx_2oIp9gp4ZdSi7lV3xw7u8Wn8Iasc8c4ufjfNmGFSiL4qBQ,Leanri Theron,https://play-lh.googleusercontent.com/-qour8JpOOhg/AAAAAAAAAAI/AAAAAAAAAAA/AMZuucmNzkWhY3JSk66K7c8rkgjxpiMsLg/photo.jpg,"I just downloaded the app. Took my money. But when i open it, it says i 
dont have a licence? Cant open! I want my money back!!",1,1,1.5.2,2018-07-04 00:44:24,"I apologize for the inconvenience. The app does a license check before opening requiring network access to confirm user/purchaser. If your are in a dead zone or not logged under original user, it will fail. Need help? Please email appsupport@dadamo.com",2018-08-06 08:19:21
gp:AOqpTOHby7eitP85VAcVFVJR0oMtzVisn7CJ5u9zwXNo8AqhbuH2b6mVHUh-kHy4L4H1WrtUmE0_UucilYfy,Christian Mattos,https://play-lh.googleusercontent.com/a-/AOh14GhEysmylSgZWuqzjivU_2j5xSSu563dlZvWo0Ef6w,"I love this app, I have been on and off with this diet since I was 6 years 
old when it was only just the book. This app would have been sooooo much 
more useful back then but I am glad that it is an app now. THIS REALLY 
WORKS, I remeber losing about 60 pounds in a whole year without working 
out. Ignore the ""scam"" comments, lipozene is a scam, not this.....please 
people.",5,15,1.5.2,2018-06-27 15:01:18,,
gp:AOqpTOF3T8XyqS_a72gK61u7qrZ4IwZp1xPyezSRsFJ-7MJvl1-M1432UL1LYSWikYVndQr2RMNXlFDcQ-HN,A K,https://play-lh.googleusercontent.com/a-/AOh14GgA9YonQ37R_XY95NHajr3m8Xv0utZbVnSy_N10vw,"This app is so convenient and helpful! I have used this diet for years. It 
is amazing 😁",5,2,1.5.2,2018-06-22 04:30:49,Thank you for the kind words for our Official Blood Type Diet app!,2018-06-26 13:49:30
gp:AOqpTOEQ5-dQKYzusdr-OhBQ4zC2C3WQHl70zZZXv9FLAe9veYj4L6lsUitu8HyBz9iJZdbZd4jyBKgwzZic,Genevieve Wise,https://play-lh.googleusercontent.com/-2_LA-TCFrqE/AAAAAAAAAAI/AAAAAAAAAvA/AMZuucmzibwZhkE4KkRRWAwlUhEU3GJdGQ/photo.jpg,"When I set my mind to following the contents in the app, it works.",5,0,,2018-06-16 23:26:08,,
gp:AOqpTOFQPcCoGtMAJtRjONCNEhu1JuXxtgjWJ7x-JYdkNFMyFucnXmeZ5WYzEOCYn4tVuSsheeQFRV0to3fc,A Google user,https://play-lh.googleusercontent.com/EGemoI2NTXmTsBVtJqk8jxF9rh8ApRWfsIMQSt2uE4OcpQqbFu7f7NbTK05lx80nuSijCz7sc3a277R67g,Very interesting,5,0,1.5.2,2018-06-03 04:57:00,"Should you have questions, contact: appsupport@dadamo.com",2018-06-06 06:21:56
gp:AOqpTOEczbBgZJdZDngcXx63fmJ3HbYf_u32FApRyxsXpluP6k1TLgLz7STHx4Xmod1FcYPcuUx0JzMU-13f,Holly Game's,https://play-lh.googleusercontent.com/a-/AOh14Gjgquj7eWjyfRlOeyVWb53H5n_ILkhN6RHeV5MiXQ,"brilliant to make a shopping list before you go and check ingredients on 
the go. excellent app",5,1,1.5.2,2018-05-28 05:26:43,Thank  you for your comment!,2018-06-06 06:20:30
gp:AOqpTOElNLV5xVz9kWjxsUFoSRYaHBP-QEL_PPkPNUyRqQia1Jbfj_k6_aB5ce3E0MoQWkWnyaxBJPQwdxf8,Jennifer english,https://play-lh.googleusercontent.com/-GHGgdnvSRFA/AAAAAAAAAAI/AAAAAAAAAAA/AMZuucnwtsIUHCzGGVj7toiKhVhMSAdUbA/photo.jpg,"Please add agave alternatives, add more foods to list like monk fruit and 
ability to click on them to see why they are beneficial, neutral, or avoid. 
Thanks!",5,1,1.5.2,2018-05-21 21:28:22,,
gp:AOqpTOEsdwa65r8b85JK1IQI6vD9_fRYmlCHlSC55RxFfbQRvOh5qiCJ6oortd28wc0stNjgmUVq9K7pkgZY,Jenna Schoenbachler,https://play-lh.googleusercontent.com/a-/AOh14GghroxrmxCRrSMX04cEMa_9r0wvQk7vkzVPBMo8Ig,"Unfortunately this app is very contradictory in the foods to ""avoid"" and 
the recipes it provides for that specific blood type. Some of the recipes 
main ingredients are on a ton of my avoid lists. Take this app with a grain 
of salt.",2,1,1.5.2,2018-04-29 13:30:30,Please look closely at the recipes. There are notations in the Blood Type Diet Analysis section of each recipe where substations or omissions will be necessary.,2018-06-06 06:27:12
gp:AOqpTOHPsHjAAyJnu1ofYXHurZFsDRHt160_5RP750VVh9kFTqwBU_if8Fg1DTJdzE8shBSXUPud0qV7SJbp,S Miles,https://play-lh.googleusercontent.com/-AMBpVi5AxJQ/AAAAAAAAAAI/AAAAAAAAAAA/AMZuuclYYgqU4olnbhZo4iElDNgw72fxCQ/photo.jpg,Awesome information. Quick easy access 24/7. So helpful.,5,0,1.5.2,2018-04-09 19:23:39,,
gp:AOqpTOHJnQZHjO1ykXSTaj9gPlbKTBRgLKsgYEU3D_KSPFG89bYeHGRWdjd5bjOBoDl4CQdSyH4Kfj44KpD8,Sandra Fuller,https://play-lh.googleusercontent.com/a-/AOh14Gique6bvh03W3vaKnmqwYbyHIMkp-hjVJK0dI7nBQ,"Only complaint is some foods that are allowed are listed on here as not allowed.For instance sunflower butter is allowed on the O neg diet,but it's listed as avoid.",4,1,1.5.2,2018-03-29 13:20:36,"Thank you for taking the time to comment. In Dr. Peter D'Adamo's Blood Type Diet for O (Rh does not matter), sunflower butter is an Avoid as it always has been. The app is correct. Please feel free to contact us at appsupport@dadamo.com if you need further assistance.",2018-04-05 15:29:33
gp:AOqpTOFTrZpmgTdfxQA7ze0UKVoBBv9slshpmkJOXGnhbAz2H1-vctk2PfSdvQ0InYSdllEbxYP_ujaTeTKC,Tha' Check Hook King,https://play-lh.googleusercontent.com/a-/AOh14GguGG8ltVxtzCsJt_SXuDJPn2AMA5SEVh5-MwsC,Simple and effective,4,0,1.5.2,2018-03-28 14:35:28,,
gp:AOqpTOFNtwd0IE7tR56FVI7Ht5JCiArbSfzx4W37eJf_kqsMtD83aP8bOzYqS5QCxsnelEcBo5T6bq3gDsyl,Okyanus Askin,https://play-lh.googleusercontent.com/a-/AOh14Gis--pDcZeZ4Dwrm4ZHiHtucSUsH0hhv0PwEIRlGA,The best diet app someone would ever need!,5,1,1.5.2,2018-03-25 15:10:26,We do appreciate your encouraging feedback.,2018-04-05 15:31:16
gp:AOqpTOHn63-DufaJFLli1swXd8ezvxTf_EfemCRJ1JaWhxwMa9057NypXymcCqhcMx0-HeyMnBefH4v7CHmo,Lindsay Hathaway,https://play-lh.googleusercontent.com/-cskBngTqQQc/AAAAAAAAAAI/AAAAAAAAAAA/AMZuucnWBDvig5fersYyNHLRY8AjIpBdMA/photo.jpg,Great tool to keep track of your blood type guidelines!,5,0,1.5.2,2018-03-07 02:06:57,Thank you!,2018-04-05 15:31:33
gp:AOqpTOEp7HT9FMwFfiusR7KpVIo8AYdU5s85tHOGEHFNDpIjPUk-_8d9evNfa66YMufQRqqTSkmseNdFFoNo,A Google user,https://play-lh.googleusercontent.com/EGemoI2NTXmTsBVtJqk8jxF9rh8ApRWfsIMQSt2uE4OcpQqbFu7f7NbTK05lx80nuSijCz7sc3a277R67g,"This is the third time I have had to download since purchasing. It randomly stops working says the license is not purchased and forces me to uninstall and reinstall. Besides that, it is great!",4,14,1.5.2,2018-01-11 11:46:53,"I apologize for the inconvenience. The app does a license check before opening. It requires network access to confirm user. If your are in a dead zone or not logged under original user, it will fail. You will never be charged for re-installation as long as you are logged in on your device under the same Google account that you made the purchase.",2018-01-25 14:48:51
gp:AOqpTOHi3KP5TcBepaTH818eYNw55z_n2Pt5ds2GLLtbxvOM05IDPbz66inCLhpGzIfOZwqltT6U9ouR-Gc1,A Google user,https://play-lh.googleusercontent.com/EGemoI2NTXmTsBVtJqk8jxF9rh8ApRWfsIMQSt2uE4OcpQqbFu7f7NbTK05lx80nuSijCz7sc3a277R67g,"Wanted this app for a quick reference of foods the app is contradictory to the book for example the book says black pepper is foods to avoid four types zero but on the app says that it is neutral I would love to be able to use this app if it was accurate and I could trust it and didn't have to go back and look at the book.  Is there a way to update the app? according to the book no blood types should be eating black pepper, but on the app it says it is neutral for O blood types, I was not eating it, and then when I did I noticed it did not agree with me, when you are eating right you notice right away when you eat something you shouldn't I did anyway.  Your smell get stronger and more in tune with what you should be eating. I love the book and believe it does make a difference in inflammation I was haveing problems with my gums and teeth and when I eat what Im not supposed to eat I feel it right away in my gums and teeth, and I don't have pain when I eat what I am supposed to eat.  I really would like to be able to use this app because I like it and you can make groceries list I just dont understand why black pepper is under neutral, I hope this app continues to evolve Great Tool!!",4,30,1.5.2,2018-01-04 19:26:57,,
gp:AOqpTOHjMDirDenypjq8rdRe6U02TIOwwNFXJNsPha_Pj6fJ21ZBYt3CPm9sIVTRVE25jYsRqfrpYybpmn1_,A Google user,https://play-lh.googleusercontent.com/EGemoI2NTXmTsBVtJqk8jxF9rh8ApRWfsIMQSt2uE4OcpQqbFu7f7NbTK05lx80nuSijCz7sc3a277R67g,Really handy with easy access. Love it as it's more convenient than carrying the book around!,5,0,1.5.2,2017-11-08 03:25:26,,
gp:AOqpTOGGDORf-awSJPkffSSGWiHeHIqaTOKWRTGLwvbUqBwy3fpcjBOpAfroQr1frDsoXrTES-BvtwBhmDa9,A Google user,https://play-lh.googleusercontent.com/EGemoI2NTXmTsBVtJqk8jxF9rh8ApRWfsIMQSt2uE4OcpQqbFu7f7NbTK05lx80nuSijCz7sc3a277R67g,Great app! So useful when eating out or grocery shopping. Love that I can use it to find foods in common for more than one blood type in the family. I'm looking forward to the next update in line with the 2017 edition of the book.,5,3,1.5.2,2017-11-07 11:15:45,,
gp:AOqpTOFQ1WW5JceY0eBRfGDA5x36rY5E4E6rXkzTwCMx7AC6Zv828lbM4-u3v-3fdDFxGPVx-AOs8OuzeKkp,Tammi Den Hoed,https://play-lh.googleusercontent.com/-5SHIMw08uGQ/AAAAAAAAAAI/AAAAAAAAAAA/AMZuucmK2ILrjpwg01o3ZzprJec1CmbpFg/photo.jpg,Great way to keep track of the best food/drink for your type.,4,1,1.5.2,2017-07-22 17:16:10,,
gp:AOqpTOEs8RaKk2hFOfrgA2AP7dXJLixDuP6wgqWo6ZGl0-ZoRHvUSKilLpKHqimT2kS4QrGIFgMhCWJjltMf,James Tuttle,https://play-lh.googleusercontent.com/a-/AOh14Gjutn1_yZ-rw2kBufNPvUKlO89qKIOmoo1H6hDyDA,"Fad diet and scam. There is no scientific evidence that it works. Most people eat junk before they start it. That is why they often feel better after they start it. They are going from junk food to healthy food. It has nothing to do with food matching their blood types. I ate healthy before I started it so it did nothing for me. If anything, I gave up my favorite foods for no reason. After some research, I found out that it's not backed by science.",1,5,1.5.2,2017-07-12 20:12:57,"Sorry to hear your thoughts on the Blood Type Diet. There's scientific evidence supporting the diet going back decades, some preceding the original publication of Eat Right 4 Your Type in 1996 - updated in 2016. The appendix is filled with references. Perhaps revisit & reconsider. Neither scam nor fad, it's followed by many health conscious people.",2017-07-13 08:23:26
gp:AOqpTOGxRI9Lr1YNzjAOiJL6BSJGzuDl5Rt02ZZexQr5GWUkJ_MJj57oGW8y9Zji_4T_i6cKrWIR7hr8AY44,Pete Leto,https://play-lh.googleusercontent.com/-mGV4_eq_Bb8/AAAAAAAAAAI/AAAAAAAAAAA/AMZuucnN_lN2sbOEynEL2S-lQ7Sl_OlCNQ/photo.jpg,You can get the same information free on the internet thought there would be meal plans to follow exercise to follow but nothing more then reading which is free on the internet.  I will i could get my money back,1,4,1.5.2,2017-06-29 05:36:18,"Thank you for purchasing our Blood Type Diet app. The app is intended for reference when grocery shopping, eating in restaurants and meal planning. Think of it as a quick guide to searching for foods categorized by your blood type. Not intended to replace Dr D'Adamo's Ear Right 4 Your Type book and much more convenient than an internet food search.",2017-07-06 06:49:27
gp:AOqpTOF-N0qTePraUSnaTYIUIQAbv610bllcQQx3l9Ss0idsFmBCGxfB50S4vWBswkuZ4J5dkS0M1zajLJz4,Cathy Drew,https://play-lh.googleusercontent.com/a-/AOh14GiS9BLj4OiBttnISAhNMq8cbM72crQLY_H7FKIWUqI,"I feel so much better and you're not really dieting,  you are changing the way you eat.",5,3,1.5.2,2017-06-04 18:34:52,Thank you for taking the time to post your feedback!,2017-06-06 13:26:51
gp:AOqpTOFbDPK8yWpMRoGCADdAHirfFKkPCUDzt5DHpRCzsGKsrP1pRB8PaKQcbmC0IOjAncefGEZ1GMZJc6b5,Michael Yerzy,https://play-lh.googleusercontent.com/a-/AOh14GgxZbqJwqKmFW5ItnhsR4Qe68FiOwFGb4CRgUhhgg,Allows me to quickly reference the nuts and bolts of beneficial foods and create customized lists.,5,0,1.5.2,2017-04-20 15:15:51,,
gp:AOqpTOHQnN4564Oi9MkgmgNnasizkrcXHIkxHYoFs6sXVifESGMweqVw8rNcaVEMK53AlaS-7DEk4qT7B2P7,Daniel Oltman,https://play-lh.googleusercontent.com/-19PX4dCv8sY/AAAAAAAAAAI/AAAAAAAAAAA/AMZuucmppDt3BbuwO3UgisgW-pxpy4xcDQ/photo.jpg,As described. Handy for reference and when shopping/menu planning. Love the family selector function!,4,1,1.5.2,2017-03-30 22:07:03,Thank you! You are using as designed.,2017-04-04 13:09:34
gp:AOqpTOH-DepSXfsjmdJKSVykgpWvOle_gkEMTM_jOUfe72MNYOR5sgqfUiNz8GHfYbmJ83MDx0Lczvj9YfHt,Lori Haldorson,https://play-lh.googleusercontent.com/a-/AOh14GgVMWrADuHpde8sxqRNXhnIb2FCprMVVBU_iQd-,Very handy,5,0,1.5.2,2017-02-19 10:59:35,Thank you for using our Blood Type Diet app.,2017-02-21 13:15:15
gp:AOqpTOF-HeQhVqFeO31v64RojPDssK_lj9ZsRMaTHyQ9Z59HAmFJBXPvsfIIrnLuV3owNVX5apVmL0FsnOu7,Linda Brooks,https://play-lh.googleusercontent.com/-4p5-io08E08/AAAAAAAAAAI/AAAAAAAAAAA/AMZuucn9U5CsVWgZ9k9kBGTzzAaBHZ-eJQ/photo.jpg,Been following this plan since 2006. No going back for me. Read the book first to fully understand this way of life then this app is the icing on the cake,5,4,1.5.2,2017-02-12 11:28:23,Thank you for the positive feedback.,2017-02-21 13:17:16
gp:AOqpTOHzrH6PjYwGzyCAzWTNwdue6iSGtQ_Xoa8xF22-Wiv2ttLO7HmDoIeQKqXKfoQOKKHc2WJrYFaKypbQ,Deb C,https://play-lh.googleusercontent.com/a-/AOh14GiU9Wcvscl8fGDs_gsRQZB9VEngBUzgLRoap69F0A,I can't even open the app,1,1,1.5.2,2017-01-15 16:28:20,Please contact us for support at appsupport@dadamo.com,2017-02-21 13:18:38
gp:AOqpTOEdOVv2rQUvKSj9FxX5R-ibfEbgBC9erc7pR2C4LbkU-n4kY2JPVzxzpPp9fHF5IUuwWx4Qv7gbH4-Y,A Google user,https://play-lh.googleusercontent.com/EGemoI2NTXmTsBVtJqk8jxF9rh8ApRWfsIMQSt2uE4OcpQqbFu7f7NbTK05lx80nuSijCz7sc3a277R67g,Ease of use,4,0,1.5.2,2016-12-22 17:39:28,,
gp:AOqpTOEqgXnZ31SkM-VxStWs8XAFAIQ0UPyJ6zeZT0V5sKUX-3xeq677MkrFvp3kCufQKtDCWSZZF41pGbX_,Krista Zurawski,https://play-lh.googleusercontent.com/a-/AOh14GjRJNhT4rY2tYE0qieH7EsDGe3KDnwOJlZ2BY-EdHc,"Great Ap! Easy to use, quick and helpful",5,2,1.5.2,2016-12-13 07:53:23,,
gp:AOqpTOHi8ghG8MWGuek4whFaceVyh7Kz13ayQIw4Czwsd0t0SEorz5tPQ7g8O_eO9D9oQGyOr-1PQc9126x1,A Google user,https://play-lh.googleusercontent.com/EGemoI2NTXmTsBVtJqk8jxF9rh8ApRWfsIMQSt2uE4OcpQqbFu7f7NbTK05lx80nuSijCz7sc3a277R67g,Great customer service!!,5,0,1.5.2,2016-11-09 15:34:10,,
gp:AOqpTOGFtsqSEMnzphhEk67yt0FTvdqkw65vcdF4d4P9lFTArkICtV6T0d9jdTX6VSY1BD237VT6SJhZXDWx,Walter Price,https://play-lh.googleusercontent.com/a-/AOh14GgnZVEolsE0iIZd-wVo9Kh0gWiJdQJNtPVaaN5DKQ,Easy to go food shopping,5,0,1.5.2,2016-10-18 10:27:25,,
gp:AOqpTOElYTLy_RJz5exc11ekvQClvqxIk6wlFymtzF-d5DVIY2uVB2uPnq1M2wZJ6GfkkE6DSvBLv75v8DGY,A Google user,https://play-lh.googleusercontent.com/EGemoI2NTXmTsBVtJqk8jxF9rh8ApRWfsIMQSt2uE4OcpQqbFu7f7NbTK05lx80nuSijCz7sc3a277R67g,Eat Right for your Blood Type,5,3,1.5.2,2016-08-30 17:51:14,,
gp:AOqpTOHgT-kfudZYs9mg39bD6aIaYgVHRyTSxBdD41vaYxsugfUYRo0RXZYofeki5-oaIGvf9GQotxTlsU9n,B Hannam,https://play-lh.googleusercontent.com/a-/AOh14GiAfuAv0f0vgqJOQyczz5Do3o1Vx3-NCBJGdDQON0c,I would have kept this on if the recipies were on the app. I don't want to keep going to a website for them.,3,10,1.5.2,2016-08-30 15:54:56,,
gp:AOqpTOEmy_GGfRpWbZ2GwShDRL6acMq3QwBn6g6OEF3k_WYoBneXa_8gaIsTHM6AEf0dIs0tW5DZR-ZJt7b-,Barbara Purcell,https://play-lh.googleusercontent.com/a-/AOh14GjmZdNMZyDYbdAQ_DM9hyzGNnJBiL0WO0z1IB_vnQ,"Best shopping list ever... 1k times better than carrying around a book in my purse, which I did for years. Thanks bunches!!!",5,51,1.5.2,2016-07-26 13:34:53,"Thank you for such a generous review.Very much appreciated as we work hard to make an effective, functional app.",2016-08-01 07:33:40
gp:AOqpTOHQ71R8WSIIsUatr3zdkSDrWJJD5lFpVEZrKOkXassR0Dkn8A-ZBey9Nw8-LSWkcwMaRaQkLd69nqIw,Sean Paul Shanor,https://play-lh.googleusercontent.com/a-/AOh14Gi5hFPFZmJay4gCFCSCK60EZvA8XGtvkBy1YQim,"Adhering food to my blood type is responsible for curing the very long bout of heartburn and overall lethargic feeling I experienced over many years, with many different treatments. Lost 25 kilos, weight has stabilised to around 75, and I've never felt better. The app itself could use some UI love (including a high-res app thumbnail - come on team, it'll take you a few mins to implement) but the content and ease of use is priceless.",4,3,1.5.1,2016-06-21 09:14:26,,
gp:AOqpTOHmhcvzQd8aByqVrxwIIjP9gYpM1lNvxM0kOy5PjnRIFvWUJY6CQ74BCD6ab03cYxA1YmpJC0Vy_WaE,J. J. Myers,https://play-lh.googleusercontent.com/--MLBnAYG5tU/AAAAAAAAAAI/AAAAAAAAAAA/AMZuuckTXzwJPyu8xJhqX84x8EfvlYBZ6w/photo.jpg,I love this app. If I need a question answered I get a reply pretty quick! Thank you!,5,6,1.5.1,2016-06-20 17:03:47,,
gp:AOqpTOEQS3ULk8nRDkkZ7DjTyOvEQAx2kWQgQeUDId8GqfB0ZYpwcq5-kRJA1IzBbX-77dijdSF7__38eKJA,لونا سترايك,https://play-lh.googleusercontent.com/a-/AOh14GhN3sCk6BiTCzYRdA5A7mhBy8JHlLbpwtRGGXiMFw,mama buff told me about this app,5,0,1.5.1,2016-06-17 15:53:27,,
gp:AOqpTOE8T7lzi0NJ7sB9cnM_RwVy53kksIDbt98N7Q3tHuWL-AYf_gGo_nbG5qm0upraWze8MlJdpYT44yae,Nikita Villaroel,https://play-lh.googleusercontent.com/-kKjzm-tegTo/AAAAAAAAAAI/AAAAAAAAAAA/AMZuuckcalTLlf__FrD7-6xWRLLoAaaIPw/photo.jpg,"App is very nice. Only thing, I wished that the recipes were on the app instead of taking me to a web page.",4,7,1.5.1,2016-06-05 21:00:43,,
gp:AOqpTOHs8e3FDAN0kUgEC7V6gtXwT_d7VWS7GT5sGZv6P6x7wRVQ9pUh5I16aoagZi-6eCfkABb_HeKf52vw,ISHAKU YAKUBU,https://play-lh.googleusercontent.com/a-/AOh14GgNXNmBc3Xfic0GJrOajnUbhZA54J1s7BJczSUXqrI,Nice book,5,0,1.4,2016-06-03 22:48:24,,
gp:AOqpTOHFw-RKvp_4wj3i8qfCbNZHU5XNpk1-xkzLGIFnOXT9RbAJnYnu3VTjg_-nRuSwK-_zz0y08a_VjqoP,Christine Martin,https://play-lh.googleusercontent.com/a-/AOh14GgfB9porUfX5qLeAeIvT7HiRNOBAXpqzK0TLjmN,I love this way of life !,5,4,1.5,2016-05-14 11:49:05,"Thank you for the positive comment. 
We always provide support at appsupport@dadamo.com",2016-05-17 15:12:02
gp:AOqpTOECgPr-jf2lJFVzDMBDfLA_qSeRrV_rBg-u6M5bbiEhkTfS29cny7eFnvtHeVkRu-XNB5W6HhDn9Lr9,Jay Hai,https://play-lh.googleusercontent.com/a-/AOh14GhVbxir7Btyn80ecaxJZq3XVfUBps7b9h9k5DQ6vg,Would like more products  from other country's. Love the recipes.,4,1,1.5,2016-05-11 18:22:02,,
gp:AOqpTOHcwAiprr9HfUbp8o5myACfQCTzPMveEI8yUoDvj6TqwivN_O6LG2Vhv6ItxDdN6fJD6IqJA5LaLJT4,April Moore,https://play-lh.googleusercontent.com/a-/AOh14GijoB41Im26W2P0IhG4MP-BG3kPSPiQv-LBLfHM,I went cold turkey for 3months looked and felt amazing..but there has been some backsliding on my part and it is obvious to everyone not just me . if you dedicate yourself to following this diet you will benefit. prior to the diet i had fibromyalgia and arthritis in my body and no energy couldn't get out of bed...even now with cheating a little i am 100% better than before i stopped putting the wrong foods in my body and the effect it has on your skin is amazing you look younger and healthy!! The app Helps,5,9,1.4,2016-03-13 12:33:41,Thank you for the very kind compliments about our Blood Type Diet app which is one result of Dr. Peter D'Adamo's work. It is appreciated.,2016-03-22 06:30:56
gp:AOqpTOF8C76um7Ow0Sm8d372zpXHiLBwTehVs1OmY6Urzl3CLsWjgYfiX4Cq5x3tdWI-njol8iVFSqOBbqFp,Stephanie Claussen,https://play-lh.googleusercontent.com/a-/AOh14GgP1y7TxqLsxqaZcSpX948-iZmOS68DfgsogRpDEQ,"Makes sense, my problem foods were the same as this diet recommends I avoid.",5,1,1.4,2016-03-09 14:35:55,Thank you!,2016-03-22 06:31:23
gp:AOqpTOEPL0_cNklp1mPhULpfWsmmise2ETrkiGjBXFuSEBfur-agaXtWU_K10k6AygzH7QzGFRJepc0MnUz8,RedTails,https://play-lh.googleusercontent.com/a-/AOh14GiVUuxLnbJUcl8etmfoag6WW6OGl20ldp8wd_qSz-g,"Experimented with the foods for about 2 weeks in 2012... A complete change in feeling, and physique...   Was diagnosed was cancer in 2014...I immediately went cold turkey and started eating ONLY the ""green"" foods.. within 3 months my numbers were perfect and still cancer FREE!!",5,13,1.4,2016-03-09 10:46:07,,
gp:AOqpTOGdgH9K_p81VIQllgi7YFZnpOgYYJMM53Kvp9fIjDJ6_4HcW0qcvQuk6nq6oIji9xp6Xe4yLXb6PX6A,Paul Ban Yahuah,https://play-lh.googleusercontent.com/a-/AOh14GiwGItWnhL1q4GawZOHCWgcwstCLhAFWXkshWjvqWY,Better get the foods listed on the free website. They app is not current.,2,1,1.4,2016-02-02 12:43:29,"This app is the official Blood Type Diet app. It is up to date and same as what you will find on Dr. Peter D'Adamo's website: http://www.dadamo.com/typebase4/typeindexer.htm
You may want to verify that your secretor status is set correctly on the app. Please contact us if any questions at appsupport@dadamo.com
Thanks for purchasing.",2016-03-01 11:11:41
gp:AOqpTOE5gVQdpfSrMLNA-OFEfCTDHkuZg3vO5NHbl6nYFTTSolowrLvuXit2wqGabJPiorQbHT8sjpTuXKEL,Flora Schaub,https://play-lh.googleusercontent.com/a-/AOh14GgEndkkTCOIeMA3hV-kbsh2HyGIZIBfDcJoZpGH,"Kinda elementary but I suppose good for folks who are searching for stuff to eat far removed from the standard American diet of food-like substances and looking for healthy food to eat. Maybe I just already figured out what makes my body feel good and what doesn't. If I hadn't and wasn't feeling well, I'd probably start here.",3,0,,2016-02-01 14:14:11,,
gp:AOqpTOGfbC13eFiPh5nwgrM7YRXi_nqOqvpB7_KHQXPswOd9ccGo1recGU1CsG6pGqxbYxg8OyO8ZpaIqKwK,Elizabeth Hague,https://play-lh.googleusercontent.com/a-/AOh14GiQwXTUfJXIBH72_MNVzE4OC954nZF9HpwkQGHt,I wish there was a way to track the foods I eat. I know you would have to have an Indican test done to get an exact lectin level but I wish they was some way to approximate these levels based on the food we eat.,4,2,1.4,2015-12-26 14:15:01,Thank you for the suggestion and the 4 star rating.,2016-01-06 10:57:24
gp:AOqpTOFNVE_I3nocw7B28fkIh31idkYa21RrMndHB6fXAkR9g_vSu8hQE5y95r7UyHmNAQkuL_LU1fE6-e10,Belinda Dobbie,https://play-lh.googleusercontent.com/-5GimOMt4Mqs/AAAAAAAAAAI/AAAAAAAAAAA/AMZuucnqHPFpW86ksKEJH_Etre2ZDlhzxg/photo.jpg,Did anyone notice it has different info from Dr D'Adamos eat right for your blood type.  Some things are in the avoid when in the book they are beneficial.  I am looking at blood type O.  Dont feel I can trust this app.   So i just wasted my money because I wont be using it!,1,13,1.4,2015-12-08 16:46:52,"We are sorry you are disappointed with our Blood Type Diet app. It is absolutely based on TypeBase Food Values on Dr. Peter D'Adamo's website dadamo.com. As stated in the app's FAQ, there are a few differences from the 1996 book but match what's posted on above website. Be sure you have app set to correct secretor status. Please do email support. ",2016-01-06 10:57:55
lg:AOqpTOEg4kh5epPbR4mde_-C8l2JtSAtLxIEC49wLMSDHxEcA5TZ6S6vRmLOmbNPSAbl_okozGWsrW236BDJ,A Google user,https://play-lh.googleusercontent.com/EGemoI2NTXmTsBVtJqk8jxF9rh8ApRWfsIMQSt2uE4OcpQqbFu7f7NbTK05lx80nuSijCz7sc3a277R67g,"I still love it,  but really would love a diet tracker!",5,3,1.4,2015-10-28 14:26:02,,
gp:AOqpTOEb13YDsc303bT_I-uWjm7VBwfpnOm6uJddCF5G-7_bsiDmuWf2dfgBQSQ6VLVlyBzx6X4O5uUUBBqA,Tricia Dawn Williams,https://play-lh.googleusercontent.com/a-/AOh14GhmHiBI-VBvJXWcdJNLmPuObzkLPttfOp-asvn9W7A,Hi I've been using this app for years.  It would be good if it could be updated so we can identify which foods are alkaline and which are acidic.,5,17,1.4,2015-10-23 23:01:22,,
gp:AOqpTOESeJt8ukhaAD3Df_I1LkrBCoUbx7xzl6zLzswzvmGyFMrNGqAhxrT3i8C3drc4DlRUErlYg-ZvyqV-,Sue A.,https://play-lh.googleusercontent.com/a-/AOh14GhX9E6MD-OP24ExpLvsST6FY_5GryK_Yq_hhVVjkQ,Seems to be lacking a lot for a paid app.,3,2,1.4,2015-09-23 22:19:18,"Thanks for the feedback. Please let us know what's lacking for you:
appsupport@dadamo.com",2015-10-15 10:35:14
gp:AOqpTOEncPX-IQ_FwuDvs2iz2frHHKNo_a8aXCDbESoY3rhcMy-PdttAbHlK0IxViOTcCEHHkImeNQaPiVwm,Gail Defiore,https://play-lh.googleusercontent.com/-cNuUWhMLzOU/AAAAAAAAAAI/AAAAAAAAAAA/AMZuucln2LXp87p_MpI-Iw7ewWWzC0TWIA/photo.jpg,Yes/no's for optimal health by blood type,5,0,1.4,2015-09-12 11:55:31,,
gp:AOqpTOFZ883iYDuQwC59fQrFZyeB6TiyBf7z9fkY_rIohjhqay1Q2lF4LBkneBEq-x6mo90oGRxFmGv0yJDm,Brian Cavaliere,https://play-lh.googleusercontent.com/a-/AOh14GiREeyz6VYnMTVXNXx2AcDuW63JBrAFgEXlz8cS,Tried this app and immediately returned it. The information contained within the app is very vague and tries to get you to buy more stuff. If I'm paying for an app I expect more than free versions.,1,0,,2015-09-09 05:42:00,"Sorry you feel the app is vague. We strive to be concise and make it easy to  navigate to find foods based on your blood type. Our Official Blood Type Diet app categorizes foods by Beneficial, Neutral, and Avoid like Dr. Peter D'Adamo's Eat Right for Your Type book. We would be happy to hear where the app is failing for you: appsupport@dadamo.com",2015-10-15 10:33:54
gp:AOqpTOGOkcNZKGbhqdUd3guTyjvuDQB8QmG33sLWlBZsZYEBVh_crIYJ2Oxmn0lx2mktm72Ks5I-5iREcQVk,Mandy Rogers,https://play-lh.googleusercontent.com/-Eiv0x5I7fyQ/AAAAAAAAAAI/AAAAAAAAAAA/AMZuuck_TR3cekepZWkYzJUWWlnfV7880Q/photo.jpg,"Very helpful app but I wish it was laid out more like the book or even the website. It'd be great if you could track your food/food journal/food log on the app. I use my fitbit to track my food but it would be awesome to have a blood type specific one to track correct foods along with calories, fat, carbs etc...",3,17,1.4,2015-08-08 20:46:15,,
gp:AOqpTOGXTjWZZRp3AeMgsUdDhmrd16ahOzOhNmhG4GtbR7I12as2hfIH1rKsSUd2n6iwSzmM6TPxqSgOkXDR,Mark Alan Saren,https://play-lh.googleusercontent.com/a-/AOh14GhmSpH22jWKHHJJuqka0WS9CUMkc5Sx7FiQEnMmvQ,This diet has made a huge difference in my life.,4,1,1.4,2015-07-05 15:30:49,,
gp:AOqpTOEf3qBOrw-ZAm-II5SO-SUEHtmpEtTceFgir7wSv9w34SnFYUH2-K4S7BTFxU8KRciYnNNvyuD6pcTz,Colleen SG,https://play-lh.googleusercontent.com/-D1JE1GqOwLo/AAAAAAAAAAI/AAAAAAAAAAA/AMZuucnFR4lNYluqeztuJIgjZl_QDTeiPw/photo.jpg,Can't live without it!,5,0,1.4,2015-06-28 17:53:47,,
gp:AOqpTOGq33eZhpxYpb_Lqf_AAeXOON1-l7gYfRZBra5j1FXskVJxNwh7RNEfGZB78K47QsZyAsdi-p1XwtNC,Christine Azzopardi Zerafa,https://play-lh.googleusercontent.com/a-/AOh14Gh0japSOe5XoWAEpvxHQqOR07S5DGWQ47NOB7mPCA,Use it all the time. Very user friendly,5,0,1.4,2015-05-14 01:03:44,,
gp:AOqpTOE2gvnnoVgUUwVTNJYpAW1MO24_1JjHX4V206Y4XcBHOK2gYfsiNG6E2QKIAwriL-UXmKYyKQIgleOI,Marilyn Segura,https://play-lh.googleusercontent.com/a-/AOh14GiFyBcXKurlUCeEycCp1ktObAT235PhkAMYH9PdMw,This app tell you what to eat or not but don't tell you the reason and is just an app to make you but what the sell,1,2,1.4,2015-04-29 08:48:28,"Thanks for your feedback. Our Official Blood Type Diet app categorizes foods by Beneficial, Neutral, and Avoid like Dr. Peter D'Adamo's Eat Right for Your Type book. Followers of the diet need to eat foods for their blood type. You'll find information on why in What Makes a Type _ an Individual tab.We provide links for those who want to learn more.",2015-06-10 07:08:59
gp:AOqpTOHwSnOn3TqfeJWcjECCQw0v4O9G-rzrJ0Ct8el28iWngqsBLoCb_woC8XbAoAZYlIOfVE-_moYHFIcq,A Google user,https://play-lh.googleusercontent.com/EGemoI2NTXmTsBVtJqk8jxF9rh8ApRWfsIMQSt2uE4OcpQqbFu7f7NbTK05lx80nuSijCz7sc3a277R67g,App is up to date with all info for your blood type. I recommend it!,5,1,1.3,2015-04-02 06:19:42,,
gp:AOqpTOHuQFPmBMkwBtaa4YkJbIm_UOJZcZWt6cz5sPMkRcbnsbvOxfGMko4euMCRDPg_d_0iZ5a1H227c7W2,Ricky Stevenson,https://play-lh.googleusercontent.com/a-/AOh14GjOJBtorsxZaZMQlERS98Uyjf7KuDmOJku24SuoZWQ,UPDATE: This app is great and my concerns were addressed about the discrepancies between the books and this app. This app is the most up to date version of the diet. Thanks.,5,5,1.3,2015-02-24 10:08:32,Thanks for your detailed comment. Pinto beans & onions are listed correctly. We address this question in our FAQ in the app. Eat Right 4 Your Type was written in 1997 & since then some food categorizations have been updated. The app agrees with Dr. Peter D'Adamo's food list contained on his website http://www.dadamo.com/typebase4/typeindexer.htm,2015-02-24 09:22:51
gp:AOqpTOGoyG-AQZNPzluTbe9WPdHfgkrvOO0eYbOzDrdvTT6U2QJ_cJSG8eld9p0SjdBU7b5YqWM5MyTx7STj,kawaii koala Isabel,https://play-lh.googleusercontent.com/a-/AOh14GhrMiKDRY3gvirLQOB4RbYbXVaDnJvhwV94SdZN,This is one amazing application,5,1,,2015-02-15 10:00:59,,
gp:AOqpTOFDzlIgG9WZ17s0_xG1Uo_Dwo8x2Hi03DRkL3Eya09FtM8jjehsxw0beNMfvajTAB2XMFbsRzsPJM7p,Seamus Hennessy,https://play-lh.googleusercontent.com/a-/AOh14Gh8Z5L04fO4QAMVX0kcLrdF60Oshl_k6hA_zPmPOA,Also the text under each button on Samsung Galaxy S4 is insanely small...,4,1,1.3,2015-02-09 05:53:41,"Thanks for your feedback, both positive and negative. We do try to keep the user interface easy for all to use. We will be happy to look into your issue with Samsung Galaxy S4. Please email a detailed description along with Android software version installed to appsupport@dadamo.com. We apologize for any inconvenience.",2015-02-24 09:34:25
gp:AOqpTOH1cxKuT-GOD0lcIKkduwkPRFVh2p4IORk4-6KID4_JogrPxtYs6gLnXQJXvnMh1E5zC4w-6Td-OnXl,Samantha R,https://play-lh.googleusercontent.com/-tabnj_g5PvE/AAAAAAAAAAI/AAAAAAAAAAA/AMZuucnwCYs5gpXLbjVBFJpmfzuTBeb2Pg/photo.jpg,Don't like it want my money back!!!,1,0,,2015-01-27 17:34:24,,
gp:AOqpTOFYuRzUllCO_zsmCIXvteSvNBb4ztKEQTmDrtDIaoAsFhsRKYCmqE1xGrIlHbrCxWsCl2GbR6FlmvLr,A Google user,https://play-lh.googleusercontent.com/EGemoI2NTXmTsBVtJqk8jxF9rh8ApRWfsIMQSt2uE4OcpQqbFu7f7NbTK05lx80nuSijCz7sc3a277R67g,I read the book and like having the information at my fingertips.  Thank you!!!,5,2,1.3,2015-01-14 05:00:53,,
gp:AOqpTOGiCoog1Wb9Q88bAntoIc0jTXPPwPoSTbwhkcUH6D34kP0d6uRaMbLCHTjE7uHCZYRgSeHzoj8sYNpb,Noorazhar Noordin,https://play-lh.googleusercontent.com/a-/AOh14GhciCNmoUZ43xFT9zEumDYECLx2TpmBAftt7PKDBA,Gives you directions,4,0,1.3,2014-12-04 16:48:36,,
gp:AOqpTOFeUrZ_4P7eHuLib4A6KavnT5hBafhuoYdWUzBopDus-uu83EUaKZb5srMCsDcEcGPJ-fVJH9T-Nxyw,A Google user,https://play-lh.googleusercontent.com/EGemoI2NTXmTsBVtJqk8jxF9rh8ApRWfsIMQSt2uE4OcpQqbFu7f7NbTK05lx80nuSijCz7sc3a277R67g,Worth the cost. Makes it easier to avoid the wrong choices.,5,1,1.3,2014-11-07 05:06:35,,
gp:AOqpTOHe6l2oYw6FDweds-puMWkpwUIXSPxNCeZVmJHS7w2lOInmRQGQY_vgfnKFqnw-EGQhl1Jo2HP1D2hR,"Dr. Kirk McAnsh, D.C.",https://play-lh.googleusercontent.com/a-/AOh14GjpE-HkTm3U2VyOrDBxGCRWGMOpry0fHKjH5DFL,Convenient app... especially when grocery shopping or to help clients or friends!,4,0,,2014-11-02 06:20:29,,
gp:AOqpTOHPw356soRVkWZcDeawqzxMY4lOZ7ebAPneKBEXCt2DzuKaJWw7JJ3M0iygIIJ0BRZdv-K5eKAz4cpU,Danielle Preston,https://play-lh.googleusercontent.com/a-/AOh14GgrjCG-AC6BOfWl33QD2e9R1Le5KAtrkPXyryGYFQ,Spot on! :-),5,0,1.3,2014-10-23 08:16:37,,
gp:AOqpTOG1K_VjAK4nMkAgf8LhNVr-eEoPvdTllqXmVgoCRa80cWeMZlxvO8GRYHBGK11nGqnxKvmFay6bVn6z,Joshua DeKooker,https://play-lh.googleusercontent.com/-fdcm0NfBHr0/AAAAAAAAAAI/AAAAAAAAAAA/AMZuuckOg8yMpmrMwBAI_NWBiGt_tPCLyg/photo.jpg,"This is one of the most valuable apps, worth treble the price",5,1,1.3,2014-10-19 00:09:57,,
gp:AOqpTOECBfZx4oIAgYh1fxa-_wR02yAidRjqgYzSpdVChfkUqO1GxhFYl6I4qWxJaCquDLO-6LnIR9Sex-Tz,mike calvert,https://play-lh.googleusercontent.com/-Rs3Gt5jepHY/AAAAAAAAAAI/AAAAAAAAAAA/AMZuucnS0apjArq8xLgs0jehRYtFFT9vTw/photo.jpg,Makes it simple to make lists and find the items I need to make blood type specific recipes.,5,0,1.3,2014-09-10 18:25:44,We appreciate your positive feedback. Thank you!,2014-09-15 10:16:59
gp:AOqpTOHfdVqR6moGcmm9POJUursg8oEnQs4__DCgNHycYM9bNaFGnAqt2grSAJ-OX1_mOBO9tKYCxxEoJ7mq,Prof KitKat,https://play-lh.googleusercontent.com/a-/AOh14GhEx4AHYl3SAAFpC0iS1Ffx76FyAwj7LzKrG0qa9oA,"I own the initial books from this diet, and I'm surprised at how much information is missing from the food lists. Had I known this much info would be missing, I wouldn't have purchased this app. I emailed tech support about this and was casually told ""The app is the food list from the Eat Right 4 Your Type Book that was written in 1996.  If you want a more extensive food list, I would recommend the Genotype Diet using the Swami Xpress computer program."" I'd like my money back please.  You're missing a lot of items from the book. Regardless, people paid for this app, you should keep it updated with the latest foods, like frisee and and many more! It's why people paid for your app in the first place.",2,0,1.2.8,2014-08-15 06:47:16,"We're sorry you are disappointed in our app and our email responses & refund. The app does have an expanded food list over the Blood Type Diet book. We appreciate your support of our SWAMI Xpress software(not an app). SWAMI Xpress is not simply a software version of the GenoType Diet or Blood Type Diet,which remains a great starting point for many.",2014-06-19 06:47:19
gp:AOqpTOFtH0Djh4zQR6nYg8CTWre3eWlGhG_1D4cw3rD9O31qTKHEdNju7z3_w1VyIPVpsnlpocugA-Y8e_Sp,Karen Sconyers,https://play-lh.googleusercontent.com/a-/AOh14GhrKgsHg6Xh42LI3VYX6cEX4rZV_fLHmvVE5gGfbw,I depend upon this app for grocery shopping.   I lost it when I upgraded my phone.,5,0,1.2.8,2014-08-09 17:12:26,"If you are still using an Android phone, you can re-install the app for free as long as you log into Google under the same user account the purchase was made. See Google's help page here: https://support.google.com/googleplay/answer/113410?hl=en",2014-08-21 08:19:31
gp:AOqpTOGjslpdgibojfG4Vx1aTbQGC-27vDEUiBI6LmnvChbFV_V5RiaalU7MzO0dvcVwFjEBD-ePDPGjY-xn,Anita Flannagan,https://play-lh.googleusercontent.com/a-/AOh14GjXBh6gkuBAMfUJXcXk-ArEYGLFwiI02_UUR845zg,I'm so happy with this app! It's like having the book at your fingertips.  It's user friendly and you have access to the food menus for each blood type. I love this app! ! ☺,5,0,1.2.8,2014-07-22 00:35:56,Thank you for taking the time to post your support. We appreciate your positive comment and are here to answer any questions you or others may have at: appsupport@dadamo.com,2014-07-24 08:44:24
gp:AOqpTOH1HCC9hBycQUZ07PLUDat2x9totsocO5a2zvs5Au6TTGePxiAEeWXZquh7GWQG_V3tDC1HwFtE6Q_U,Dayton White,https://play-lh.googleusercontent.com/-8Qo_QsNlAXE/AAAAAAAAAAI/AAAAAAAAAAA/AMZuucngtBUSVCT_42I5GVxAy_kcxsHuhA/photo.jpg,The book is good this app total waste of money,1,0,1.2.8,2014-06-24 14:49:55,"We are sorry you are unhappy with our Blood Type Diet app. Please email any questions or concerns you may have at: appsupport@dadamo.com
",2014-07-24 08:47:47
gp:AOqpTOF2FE-5P6967PE2hvz0exnGiqBD_AWx__j_kzr8kfh-IxZaCTSBUMlDJpATLenyShsA-XHI3CtIT1Y8,Tina Hartwig,https://play-lh.googleusercontent.com/-JMqUYSFda68/AAAAAAAAAAI/AAAAAAAAAAA/AMZuuckBYzvsczRplfrnh4lWGaEUj8tOFg/photo.jpg,Love it.. helps me while I'm shopping,5,0,1.2.8,2014-06-14 09:28:01,"Glad to hear you are enjoying our Blood Type Diet app. Let us know if you have any questions at:
 appsupport@dadamo.com",2014-06-19 06:53:18
gp:AOqpTOG0QrTU-LVf843QM2Y-A_hN7gSU9xv2qbra8KlqjhL4AtLV1KrPbIFJE3FTMTG-LrVJqSjn4ia14dC1,samantha Reddy,https://play-lh.googleusercontent.com/a-/AOh14GgxWtab87ZFtHSb81kUqoq6qO99IvK0ubyELnq1jNk,Awesome!!!! Makes life so easy,5,0,1.2.8,2014-06-02 19:00:51,,
gp:AOqpTOF0ED-C0nyjGNyy7j2Jbzwv6K4sMigxP9Fp-DtQ_DcEfu3fNSOFfsAfmeAGKD5LOQuJ2_FSranAS-5J,Jessica Clifford,https://play-lh.googleusercontent.com/a-/AOh14GhR1RZV2hN9unrwGGxDSQ5nG0Wv64wUrNp19Nc36IE,Love that this app keeps up to date information :),5,0,1.2.8,2014-05-31 00:47:46,,
gp:AOqpTOFtwtVG9x73keKhOlR7g6rZSoV5WQoMYOZ45RKGhMVyQgS8JExkWSdEj6WZ_I4lUAahXUMguNWPEMFp,Vanessa Colón,https://play-lh.googleusercontent.com/a-/AOh14Ggq3_DQcu1XAwFyeB2zoYs8RG5RvMXvmpzT4CEEfWM,I bought this for $3.99 and can't even open it. It takes me back to Google play for me to load it again... I already did!!!!  Don't understand.,1,0,1.2.8,2014-05-09 12:14:50,,
gp:AOqpTOHUnMPobB2A5b3JWXCF6oSFw23oA0qQIob4JGxAdHdRV0D84_wmoCnrI6olWyqALN6F1e22oTfbyKoh,Osholene Oshobugie,https://play-lh.googleusercontent.com/a-/AOh14Gj-fMCnIfJ_y93Lh8YjAprfwKkL_Hej5fJOqnDsSA,Life changing. I love it and it has become my lifestyle.,5,0,1.2.8,2014-04-20 10:35:24,,
gp:AOqpTOEbxNMHtGRWF5QqmHCTMzjleHElBHEgEyrD4Qjiq2wGf5V2OndffvxYWFK14yveaprMNi4AblZfviC7,Evelyn Ruiz Conant,https://play-lh.googleusercontent.com/a-/AOh14Gg38V8fA9axcYwXvoeRsJNoFSIxi_BElKSSkbNc_1k,I became a vegetarian because of the book and this app. I only wish it would explain WHY I can't have certain foods. For example I can have sea bass but not stripe bass. WHY? It's changed my grocery list  considerably and I'm healthier for it. Super helpful,5,0,1.2.8,2014-03-20 05:50:01,,
gp:AOqpTOEL1wyfUY1BTsPKy0d25VvafZC8Z1qgHuBg2QHDHN-W1wcwLX_PFggOmMFouO_9QRk2boVEVCzra3nA,Kyla Kecman,https://play-lh.googleusercontent.com/a-/AOh14Gj-5Sazahi6z2qII7X3nAkVrOYl2raH46ZnIgWF,,4,0,1.2.8,2014-03-10 00:36:33,,
gp:AOqpTOGkofRVdpzgp_bENjadWFRP6MeQuLx0GyhOBtJMCqwrcnK8HBOncdZKxdcs6E1UowV49KgoJYzle4Zn,Tia,https://play-lh.googleusercontent.com/a-/AOh14Gg2VWDQeiC-3NRjDX2-ropmPoItVir5CVLfsd1ACMs,"On my HTC One, this app hangs when I try accessing any of the links, or even when clicking What is secretor status. The actual book was great, but this app is only good for the food lists, so I'd rather just use a website instead of having blown $3.99 here.",1,2,1.2.8,2014-01-13 10:00:02,"
Links & What Is Secretor Status leave app to access Internet. Connectivity dead spots cause problem described. Please exit app immediately when it happens. Then, try & access web from your phone's Internet browser. If it fails to connect to the Internet, problem is network connectivity & not the app. Contact appsupport@dadamo.com for further help.",2014-02-03 06:56:06
gp:AOqpTOEjlN1L0r_xD_sD4n0w6Lz-1pbeQP_I4LJiApF3gA7rM3Ofnc-gIAJqf9hLqo_kmUUQU9VkChPFQ834,Darryl Osborne,https://play-lh.googleusercontent.com/a-/AOh14Gi1ehpbd1kc_UFzeH9Ak9bL_WsqpV1HAU0VhFd3dQ,It is a blessing and it has helped me to eat better,5,1,1.2.8,2013-12-10 19:23:07,Thank you!,2013-12-10 13:12:21
gp:AOqpTOG6S1Ln6GMX9rgKcJE76ctyOE7J90CfvgbjTxxwRaH2PcXEoOianriLohgzngumJQlHXDI_qNG7gHT2,Celia Comins,https://play-lh.googleusercontent.com/a-/AOh14GjQz0ZB1pIv6WqW0ZgqEn9RFC1CI7FhW05UgPVY,Thank you,5,0,1.2.8,2013-11-16 13:03:04,Good to hear.,2013-12-10 13:12:47
gp:AOqpTOFh-qXabL5viGBPs84M9NdW67eX6QPd-s_rJxmqWU7i1tqw-6WNH2KdGuKRdYRs7P7kVSEx1n5T3o9K,Lilith Eve,https://play-lh.googleusercontent.com/a-/AOh14GiIDYF92_oIaw-tRg0E9s6lzt7cNvux8yMn8UHEQQ,"Will rate it 5 stars when options for non-secretor are added!  :)  Would also like it if I could pull up recipes as part of the app rather than being directed to the website, which displays in very small text on my phone.",4,1,1.2.8,2013-11-10 07:17:45,"Regarding secretor status option, it's there. Simply select Secretor Status from main page. Then, leave Non-Secretor setting Off if you are a secretor; turn it ON if you are a non secretor. That's it. You can verify your selection by looking at Blood Type in the lower left hand corner - you will see your secretor status selection in parenthesis.",2013-12-10 13:22:03
gp:AOqpTOH0QgnS2Fc2dh6Sg_-i9DoVrOAKhqoUdg-QvH1tpNa7uzkQgC5IwBu0-YxScZXWDQ9fvEX7I47wseMS,Ted Bazett,https://play-lh.googleusercontent.com/a-/AOh14GiZAd4-GP9o33Y3ygXdUvZbzKjU4cau28vN-Rv2jw,Great for instant checks on the right foods to (or not to) eat.,4,0,1.2.8,2013-11-02 13:15:09,,
gp:AOqpTOFczYhv4IChsA_-ugSk8JPCQNR8gk8b0aXTMG7xxGDD9ReIxkP3URG6uuTfImzkg5FNtbvsBYl3G-DR,Joanie Kirk ND,https://play-lh.googleusercontent.com/a-/AOh14Giv3jv6vxEBsTUcbb1E4kmmkSNJf0xZLjjmW5NGdQ,Share it with my patients who have smartphones.Thanks for all you do.,5,0,1.2.8,2013-09-25 21:56:28,,
gp:AOqpTOHKzxOAMGwBMSewFHvBrY3Luyjj18jB3YZ5FZXelmyPs0pSB7-THkkShzMroV2Gu4ktGxvnzUBzttmx,Jo Rita Knopf,https://play-lh.googleusercontent.com/a-/AOh14Gi1iuh7VUBi90klPoH_1z1CvQw4NQ4A2OtOvM0ujLo,Easy to use,5,0,1.2.7,2013-07-26 17:03:39,,
gp:AOqpTOHT6yrGZEigpviOtt9tzjhugIJhpcJcnHreGsqsrQz1akq7WDxjei5dukt7ZayU5X94s2L6qCUny8Eb,D P,https://play-lh.googleusercontent.com/a-/AOh14GiqYDZrXdBrinLnyUaWs3oetz2KU1bVB5SPYS_JQlc,Great help in the store,5,0,,2013-07-05 16:13:34,,
gp:AOqpTOEKzmBZBfAO__o5Loq0up9xKqKVstrCJ2xGHa7hAsw8FMX7eBD_yCMABSE8S9U3iFA7Ee-zglRdI8gv,Mayra Munoz,https://play-lh.googleusercontent.com/a-/AOh14GilJ5OSsZP5DRQznJlZ6WoCFpkHN8uFasPZ3nUy,Amazing app... Very useful.,5,0,1.2.7,2013-06-18 09:56:19,We appreciate your positive feedback.,2013-06-27 08:10:36
gp:AOqpTOHC4EPQ3SStL-rdstyHGaDigNpqPfHX_H8yHeYj2ksjGEWv7PDKmbudTWa5xPqhlqSrdHIUmNPzZwpJ,Hildegarde's Noviciate,https://play-lh.googleusercontent.com/a-/AOh14GiUKDTU3btAEHW2mWKE8DdsaZpzFN3Gw1GAfYuPKQ,Helpful...but why are eggs under dairy?,4,0,1.2.7,2013-04-19 18:50:39,"Thank you for the 4 stars. Rather than put Dairy and Eggs each in separate categories, we chose to combine them under one category called: ""Dairy & Eggs.""
",2013-05-06 11:29:18
gp:AOqpTOFLe546ssXJDugTcn326KJYapLS8d6fWhrE9coKLlHyBX0wfTd1CZJnK7dusG5u53I5Y2uu1twwlyDf,Craig karlson,https://play-lh.googleusercontent.com/-gI7WmDSgvrA/AAAAAAAAAAI/AAAAAAAAAAA/AMZuuclAjpxRhG8SPHuo-u7cYjFSK5qkcA/photo.jpg,I dont understand how the upgrade doesnt give you the information the old version does. Recipes are not there  but more umportant all the summarises of the blood type traites dont work :(. ALL NOW WORKS.. GREAT,4,1,1.2.4,2013-03-28 06:36:43,"Thank you Craig for updating your comment and patiently providing us the details when we contacted you. 
Our version 1.2.6 update of the Blood Type Diet App fixed the issue.",2013-04-01 10:35:49
gp:AOqpTOEIsps7fZCnN_A_6TIPVKB45PMfkiBj2_jKG2r954HtJbTg5bS2m7x2vR-xOic04mq0vV8zzoelXLp7,Jessica Miller,https://play-lh.googleusercontent.com/a-/AOh14GhZtPpnFicD1U1z4sFRuRq9u_LABYkwZejjTk3FbC0,I love this app...use it all the time!,4,0,,2013-03-17 20:17:30,,
gp:AOqpTOGHwxMW3GwC84DIrhfNBMCZFCHRmFmtQiF49oL8_IFm4vEnzw7ExEJI7Xm6STW-4k2_NxjFlvOHI7_k,MICHELLE HAIGHT,https://play-lh.googleusercontent.com/a-/AOh14Gia71W9HK8V_1ox10_8BygSvb-0pm5zad4NPNs63A,This application has the potential to be great. The set up and idea of it is wonderful.  I have been on this diet plan for 10 years now. The food lists in this app do not correspond with  the books.,1,1,1.2.4,2013-03-17 13:56:57,"Thank you for trying our Blood Type Diet App.
Please note that Eat Right For Your Type was written over 15 years ago and there have been updates that are reflected in the Blood Type Diet App (noted in app's FAQ). Dr. Peter D'Adamo has the most current updates here: http://www.dadamo.com/typebase4/typeindexer.htm  - these are the same as in the App.",2013-03-20 07:29:56
gp:AOqpTOE4dh0zkVyZCcXKbGQoiPDy-RRaS1agfX3f43Vwgw2lOeIvd3Mr2HJw-mKXzBlUhPBIIHdQRXGNjw94,Hope Ida,https://play-lh.googleusercontent.com/-AiWG6CdSlNU/AAAAAAAAAAI/AAAAAAAAAAA/AMZuuckC4mODYIjKf1ocZCkRD1OEgyTAgA/photo.jpg,"Horrible app. It takes you straight to website. That's what a browser is for  Very disappointed!!!"" Just read the book, app is useless",1,0,,2013-02-21 23:06:09,"We are sorry you are disappointed. While our app does contain links to Dr. Peter D'Adamo's web sites, that is only a small part of the App. Contained within the app are food categories, individual and family food list, secretor selector, and more which you can see in the screenshots. It's intended as a convenience when you are out.",2013-03-20 07:43:51
gp:AOqpTOFog-jAo6RJrhAnSpBdzx_dlY5ZsEMzFlIAJtdZmZ2zIKNgAWcHBp6h0589W2NWAOG1Z1I8HYMfaipZ,lydia morales,https://play-lh.googleusercontent.com/a-/AOh14GgORtsk5VPEwOR5QLejF9gLCX_da9DMTEAvIpCT954,"This not interactive, you basically can get the same info on their webpage!",1,0,1.2.3,2013-02-05 07:41:13,,
gp:AOqpTOEp_eWRwZcvRTiwCkojsvvS9VzHp3Db7qKN1wgOapmpEtPneWuVReNqyPJ8m91AfWQ1aUSJNV8nFdP6,Maya Henderson,https://play-lh.googleusercontent.com/-JAkvEy10Arc/AAAAAAAAAAI/AAAAAAAAAAA/AMZuuclFGnN-2pZWFJhG6O7kBBMgbcEvKQ/photo.jpg,This app has food on the grocery list as neutral and beneficial that does not coincide with the book. It is conflicting info. I prefer my money back.,1,2,1.2.3,2013-01-05 08:15:41,,
gp:AOqpTOHJiDD5pjb_H0Crbvg8zdWoii80PwX_CZ0q9XmyxzofvlrJtsjfZiN71ZXGST_D1FZHvsXR-kCaWsPZ,David G-P,https://play-lh.googleusercontent.com/-WpH3G_2Vb-8/AAAAAAAAAAI/AAAAAAAAAfo/AMZuucmF5IP6RL9rVLMzhz7KaNEeoIAnEw/photo.jpg,I love it.,5,0,1.2.3,2013-01-03 15:58:26,,
lg:AOqpTOFch6vulL6iPeG1lVL871M0-2vh4cJBEeHpLZISjX8p4H_fR9qVfxlqC_pIt4hZW4k97aITkYlPx0Jh,A Google user,https://play-lh.googleusercontent.com/EGemoI2NTXmTsBVtJqk8jxF9rh8ApRWfsIMQSt2uE4OcpQqbFu7f7NbTK05lx80nuSijCz7sc3a277R67g,Bought app! Tried several times downloading on Android DroidX. No go. For this reason ... i give it a 1*,1,0,,2012-12-11 15:25:48,,
gp:AOqpTOE7bvpCSW2Hk7NlvqIDT5bq8iLFu7JOM77uJJMz-rU_W_-zV-tMGBzi20FV8pmkzlLTu9ogI1RKaCQM,hugo goncalves,https://play-lh.googleusercontent.com/a-/AOh14GhrfmBtRK3FtZStMQijRLUgNvjkMgGeBNBBfSEcDck,When trying to install it. Cleared cache re installed google play same problem!,1,0,,2012-12-10 20:58:21,,
lg:AOqpTOG5qcw956Va6Ikq2dDCpWWcbB6FYnVCFBXiPTVHBeFuo9HZvi65eM7sLHhg7zhPmJdKXPZ-jYQydnJt,A Google user,https://play-lh.googleusercontent.com/EGemoI2NTXmTsBVtJqk8jxF9rh8ApRWfsIMQSt2uE4OcpQqbFu7f7NbTK05lx80nuSijCz7sc3a277R67g,Good app!,5,0,1.2.3,2012-11-24 11:18:54,,
lg:AOqpTOHT7y0E2DdamJg7ZqWrzA12ew45RLI_NSV5ENm7itJyj7pZFf1lcMtTrg_MQpY3Trj1h9P3UWtTzR8j,A Google user,https://play-lh.googleusercontent.com/EGemoI2NTXmTsBVtJqk8jxF9rh8ApRWfsIMQSt2uE4OcpQqbFu7f7NbTK05lx80nuSijCz7sc3a277R67g,I purchased this yesterday and I was only able to open it twice. After I bought it and after re starting my Samsung Note 1. I tried to send a report but I don't think it goes through. I think the concept is great but I need something that works. Help please!!!,1,1,1.2.3,2012-11-14 03:21:14,,
lg:AOqpTOHKr9EYR2LL-Q6-kKlcPY_hL-DyOqQid8o1toFClyliojLS0X79Gyzz0SMawrSGXfMKtv62CWWhcJ3E,A Google user,https://play-lh.googleusercontent.com/EGemoI2NTXmTsBVtJqk8jxF9rh8ApRWfsIMQSt2uE4OcpQqbFu7f7NbTK05lx80nuSijCz7sc3a277R67g,"I used to have the actual book, but it got lost during a move. I was super excited to see there was an app, until I actually tried to use it. The food lists are nice but not all encompassing. The search button and recipe buttons don't work, and ultimately this app just leaves me mad I wasted four bucks.",1,1,1.2.3,2012-09-19 06:31:48,,
lg:AOqpTOF1LAEl4Hp9JmnI8tdqmP6FVHFIa2Tb-SUrEkI6y8NceTB4L-kbBUrGbs5esTZosROI8IY26ZxKZfeN,A Google user,https://play-lh.googleusercontent.com/EGemoI2NTXmTsBVtJqk8jxF9rh8ApRWfsIMQSt2uE4OcpQqbFu7f7NbTK05lx80nuSijCz7sc3a277R67g,"I had this app for my iPhone, and absolutely LOVED it!!  I just got a Droid, and it's the first app to go on. Had to buy it again, but it WELL worth it!",4,0,1.2.3,2012-09-06 20:57:38,,
lg:AOqpTOHpNZV6i-yAt6aSlUXFbW_qNLaKgK5GIfe76bYHnuG4v4iK7pXEeBazZSmQq-z--NHpfBTQsZ8xzVxG,A Google user,https://play-lh.googleusercontent.com/EGemoI2NTXmTsBVtJqk8jxF9rh8ApRWfsIMQSt2uE4OcpQqbFu7f7NbTK05lx80nuSijCz7sc3a277R67g,It would be great to be able to increase font size. And also have a dark background for better contrast. I find it hard to read.  I'm also wondering why the Rh is not considered in the app settings yet... the new book (genotype diet) has been out for half a decade... seems rather odd to leave out the new findings.,4,1,1.2.3,2012-09-06 16:23:36,,
lg:AOqpTOFlvkH5lWkb_WR7QTWPsPFqLMYUQdKuX49FYDDV4GMh5B86H3Pkih4yYJsyxqO2x0iKfJmEEYUmNR-o,A Google user,https://play-lh.googleusercontent.com/EGemoI2NTXmTsBVtJqk8jxF9rh8ApRWfsIMQSt2uE4OcpQqbFu7f7NbTK05lx80nuSijCz7sc3a277R67g,some foods are contradicted with what other web sites say certain blood types should eat.,2,1,1.2.3,2012-08-24 05:54:40,,
lg:AOqpTOEpvZkjtHi2VY5pJoAV2XExijS0m2h5iv0bWaC52jV41lUNd4gWMCRZR3Xr7O24iTm8gi-o5tzvg5lL,A Google user,https://play-lh.googleusercontent.com/EGemoI2NTXmTsBVtJqk8jxF9rh8ApRWfsIMQSt2uE4OcpQqbFu7f7NbTK05lx80nuSijCz7sc3a277R67g,Good,3,2,1.2.3,2012-07-08 12:29:30,,
lg:AOqpTOHoC_SnAZyiRVqkJfPPjxm3XTDZAr8lyltlAwRldIB0cEyB7VzEtXVVB2B6d0RAWhIhncgNXKfN0e1_,A Google user,https://play-lh.googleusercontent.com/EGemoI2NTXmTsBVtJqk8jxF9rh8ApRWfsIMQSt2uE4OcpQqbFu7f7NbTK05lx80nuSijCz7sc3a277R67g,Great app,5,0,1.2.3,2012-06-29 12:47:26,,
lg:AOqpTOF2ulJLKlL_g5ymbcK8F0j3WAg8NuOUMRANGxtMJ9kIYoz4fc0cIu7CUA1-CgMXlL2HmrXjKZl7xNvI,A Google user,https://play-lh.googleusercontent.com/EGemoI2NTXmTsBVtJqk8jxF9rh8ApRWfsIMQSt2uE4OcpQqbFu7f7NbTK05lx80nuSijCz7sc3a277R67g,"I was hoping to find some helpful recipes but that part does not show well on the app and is not clickable. Had I not seen that tab I would not have lacked the ability to see the recipes but now I want them. take out that tab and I'm sure it would be fine. Otherwise, it's super useful to be able to walk around with a list of foods to eat or not.",3,3,1.2.3,2012-06-25 09:17:22,,
lg:AOqpTOEVj1rfeg7NUedTNxiMEfGkjrVPV-YrWhQqxdjHYLv1hglDZ8fuXWYHan_l2cECVtJvN2dQmx_dQfEA,A Google user,https://play-lh.googleusercontent.com/EGemoI2NTXmTsBVtJqk8jxF9rh8ApRWfsIMQSt2uE4OcpQqbFu7f7NbTK05lx80nuSijCz7sc3a277R67g,The blood type diet,5,0,1.2.1,2012-06-17 05:12:55,,
lg:AOqpTOGO9zgyymYKM4jelZdeN-Sksl_gw3t9SSqkomKRDQMmncUNZ1wx1KtBGUQYrRJ1_Yx2SL6JDkLhbKG3,A Google user,https://play-lh.googleusercontent.com/EGemoI2NTXmTsBVtJqk8jxF9rh8ApRWfsIMQSt2uE4OcpQqbFu7f7NbTK05lx80nuSijCz7sc3a277R67g,This is so much easier than carrying the book or a list. Thanks!,5,4,1.2.3,2012-06-16 11:05:21,,
lg:AOqpTOEGGW9WlXriB_RdY7VGYyR4NmQj6v5C5ty39equey222JfVuK2ZDyVaihIhVm81BygmUvw7MPBSXIgD,A Google user,https://play-lh.googleusercontent.com/EGemoI2NTXmTsBVtJqk8jxF9rh8ApRWfsIMQSt2uE4OcpQqbFu7f7NbTK05lx80nuSijCz7sc3a277R67g,Great to have food lists at hand!,5,0,,2012-06-14 08:35:52,,
lg:AOqpTOHBhuR8knGyhvYBWjRgGFAUQa9Gt3_6lYy_sBeNWzix4AgMRgR7xhv1fGHbi_A-quF8YILZ4C4ePJfh,A Google user,https://play-lh.googleusercontent.com/EGemoI2NTXmTsBVtJqk8jxF9rh8ApRWfsIMQSt2uE4OcpQqbFu7f7NbTK05lx80nuSijCz7sc3a277R67g,Great app,4,0,,2012-06-13 18:32:35,,
lg:AOqpTOHjRkvQw-Bgo51HrzbOYFRzqzT2z9d2_c3d75v0ysXfjHBm6IvPJaIb5QbaodzfBBGIU6ad20SDBboo,A Google user,https://play-lh.googleusercontent.com/EGemoI2NTXmTsBVtJqk8jxF9rh8ApRWfsIMQSt2uE4OcpQqbFu7f7NbTK05lx80nuSijCz7sc3a277R67g,"This is easy to use. I love that you can get a list of common foods for your family. Easy to use, understand and follow!",5,0,1.2.1,2012-06-10 07:44:50,,
lg:AOqpTOFTsvWH6FDbGXf_fglL5ORvy-3F7FYhYg6TJHb_sXYbE5Ghag4Ltab8KsLc1jc4noUvzYjYuXkYCRVZ,A Google user,https://play-lh.googleusercontent.com/EGemoI2NTXmTsBVtJqk8jxF9rh8ApRWfsIMQSt2uE4OcpQqbFu7f7NbTK05lx80nuSijCz7sc3a277R67g,Great app and makes it easier to organize meals for everyone in house and shopping lists.  Also makes it less stressful going out to dinner with friends ...just look at menu and refer to menu...you'll find something you can have and still stay in your new lifestyle,5,1,1.2.1,2012-04-22 07:43:45,,
lg:AOqpTOGgqVibfkfqNuvQxHzMq1uTuarWUGbOTTUV7K32uBFwsMjiCW0mmCSS9Wnuep7u7dxzf37rKApsy0LN,A Google user,https://play-lh.googleusercontent.com/EGemoI2NTXmTsBVtJqk8jxF9rh8ApRWfsIMQSt2uE4OcpQqbFu7f7NbTK05lx80nuSijCz7sc3a277R67g,So glad there's an app for this!,5,0,1.2.1,2012-04-11 11:16:41,,
lg:AOqpTOHG1kJpMf9DjWmxcjn5Yz3HoW51Txw9fL1youqAADAurYsiz0TYkmBA0ocpDx_n5UnJNO5jgMyzaJE2,A Google user,https://play-lh.googleusercontent.com/EGemoI2NTXmTsBVtJqk8jxF9rh8ApRWfsIMQSt2uE4OcpQqbFu7f7NbTK05lx80nuSijCz7sc3a277R67g,"Could use an export or email shopping list feature, so I could send my guy to do the shopping.",4,1,1.2.1,2012-04-06 13:24:24,,
lg:AOqpTOEzWWsiFSHRqyNRs1NkXGNPlPzn6Luc5YcJZI_K0wCrvZwPl9OMnKtKGKJryJVnFisF9B6hJEHwgu4K,A Google user,https://play-lh.googleusercontent.com/EGemoI2NTXmTsBVtJqk8jxF9rh8ApRWfsIMQSt2uE4OcpQqbFu7f7NbTK05lx80nuSijCz7sc3a277R67g,"It's great to know which foods are good for me, and which foods I should avoid.  Thanks.",5,0,1.2.1,2012-04-05 21:54:54,,
lg:AOqpTOEKnjDXeDj8J7HCBl93ZXQz7Z_t4-zm-0-SKA1ijn8bBo-B8POZrR1-Vs8NZps4MamQyCVdnuPn9gwA,A Google user,https://play-lh.googleusercontent.com/EGemoI2NTXmTsBVtJqk8jxF9rh8ApRWfsIMQSt2uE4OcpQqbFu7f7NbTK05lx80nuSijCz7sc3a277R67g,This app makes shopping for the individuals (with different blood types) in my family so much easier!,5,1,1.2.1,2012-02-27 10:35:13,,
lg:AOqpTOHvaEQYPgdRRtFWdazkJP_EH_QIYZqSdNyGuuX7CbMTf6jkfDaG_brffkKrBPrksgGAqACpK_br8ETC,A Google user,https://play-lh.googleusercontent.com/EGemoI2NTXmTsBVtJqk8jxF9rh8ApRWfsIMQSt2uE4OcpQqbFu7f7NbTK05lx80nuSijCz7sc3a277R67g,This eating style has cured all of my digestive issues and caused me to lose 60 pounds over about a 6 month period. The first 3 weeks I was on it I dropped 19 pounds!  This app is great for portable use and contains all the new research that Dr. Dadamo has done.,5,6,1.2.1,2012-02-25 11:19:54,,
lg:AOqpTOGjPB7JjhJ9XR5ZUrBO6a3McHCX7waMwV8FA6KKUtj7sVsdvYevvf78UIAQBhrBuCds3PFdE3Ut6jrr,A Google user,https://play-lh.googleusercontent.com/EGemoI2NTXmTsBVtJqk8jxF9rh8ApRWfsIMQSt2uE4OcpQqbFu7f7NbTK05lx80nuSijCz7sc3a277R67g,I love that I can have the food lists available at any time. Just wish that it broke down the ancestry food recommendations like the book does. Loving it nonetheless!,5,4,1.2.1,2012-02-10 09:42:49,,
lg:AOqpTOF67P9qHftHLDFxN9QJrx96QY03nMdAzLEWg1J80sLlZo4bN1aReqNm4CdUeFpVXmu3IAMWdP62iLcI,A Google user,https://play-lh.googleusercontent.com/EGemoI2NTXmTsBVtJqk8jxF9rh8ApRWfsIMQSt2uE4OcpQqbFu7f7NbTK05lx80nuSijCz7sc3a277R67g,"I use it all the time in the grocery store or when skimming recipe books, awesome!",5,2,1.2.1,2012-02-09 20:50:40,,
lg:AOqpTOG9UAWCM76tteyRDS2iiWYJtkJK-dPcvr2thMyo-rcruh7a4Wdf7nfAmy8Aeb55WUxHgCHJkbTl6IWV,A Google user,https://play-lh.googleusercontent.com/EGemoI2NTXmTsBVtJqk8jxF9rh8ApRWfsIMQSt2uE4OcpQqbFu7f7NbTK05lx80nuSijCz7sc3a277R67g,If they will add recommended food portions & frequency. Otherwise GREAT app for shopping or dining out.,4,5,1.2.1,2012-02-06 06:28:40,,
lg:AOqpTOEwbx1Ovk5GkwkUArgvB3DPmnvd1eyPu4ZHal6gqxN0wEMzQLgg4cqLnMzJtbyFpMuIROwiRjYpPLVQ,A Google user,https://play-lh.googleusercontent.com/EGemoI2NTXmTsBVtJqk8jxF9rh8ApRWfsIMQSt2uE4OcpQqbFu7f7NbTK05lx80nuSijCz7sc3a277R67g,"I had the same error as Marie ""this app is not liscenced...""  Just sent an email to the developerm hope I get my money back!",1,1,1.2.1,2012-02-03 14:29:43,,
lg:AOqpTOFbyMculCxG_W7fDu8kHv-U6RYfNRWW_ALvcT376ukEEbXxAap6e2-6eroOhA1sVCQXXDPZd0aylCqP,A Google user,https://play-lh.googleusercontent.com/EGemoI2NTXmTsBVtJqk8jxF9rh8ApRWfsIMQSt2uE4OcpQqbFu7f7NbTK05lx80nuSijCz7sc3a277R67g,"Coming from a natural bodybuilder, this is the most important app you will ever download.",5,0,1.2.1,2012-01-30 20:28:06,,
lg:AOqpTOGnhLbVAqp-V4_3JeCQJCVD-XSrHzJF98dT5DKJXHJNZNkXe7Hd5ZxE9xCzh2UpILVB9shLwHykdD1r,A Google user,https://play-lh.googleusercontent.com/EGemoI2NTXmTsBVtJqk8jxF9rh8ApRWfsIMQSt2uE4OcpQqbFu7f7NbTK05lx80nuSijCz7sc3a277R67g,Great app.  Pls. add recommended amounts/number of times per day/week/month food items should be eaten.,4,6,1.2.1,2012-01-24 04:45:55,,
lg:AOqpTOGFW8HGXzI2fpUfRfCsCVogpd0Cm7tVfwQsyi9MtUmKu9pShQdbYHsCBzgp7P59X6rH3_AtHqpE8K70,A Google user,https://play-lh.googleusercontent.com/EGemoI2NTXmTsBVtJqk8jxF9rh8ApRWfsIMQSt2uE4OcpQqbFu7f7NbTK05lx80nuSijCz7sc3a277R67g,"I keep getting error message ""this app is not licensed "" & I go to app store my options are buy or refund...  can anyone offer any suggestions?  Thx...",1,3,1.2.1,2012-01-03 03:11:41,,
lg:AOqpTOHy_5qGn5Xr3QNg_2cL1xKOx5XaHM6qkpoqDfF7YwWBM8zmSuz95_QoNJUvVwnn92MBDrscWiXGKwaY,A Google user,https://play-lh.googleusercontent.com/EGemoI2NTXmTsBVtJqk8jxF9rh8ApRWfsIMQSt2uE4OcpQqbFu7f7NbTK05lx80nuSijCz7sc3a277R67g,This is so exciting!,5,0,1.2.1,2011-12-30 08:19:45,,
lg:AOqpTOG_nUmH2W2ZTropn3__QSNB7wvQJZka4oopr56zlGUgL3uEybdUOurLQEQIwMEhQLGDSN8igWSnaujs,A Google user,https://play-lh.googleusercontent.com/EGemoI2NTXmTsBVtJqk8jxF9rh8ApRWfsIMQSt2uE4OcpQqbFu7f7NbTK05lx80nuSijCz7sc3a277R67g,It really makes shopping easier.,5,0,1.2.1,2011-11-17 20:08:08,,
lg:AOqpTOFetdrkzM9OsGfS8fSzSgG9DF1mZRQ9ZQ58gs1DCMjZS091mYq2NxfCZuGF74iJo1mj0IFp5F8FI8kW,A Google user,https://play-lh.googleusercontent.com/EGemoI2NTXmTsBVtJqk8jxF9rh8ApRWfsIMQSt2uE4OcpQqbFu7f7NbTK05lx80nuSijCz7sc3a277R67g,Love this for ease of shopping. Great tool.,5,1,1.1,2011-11-02 20:19:47,,
lg:AOqpTOGf7GQfGHoavHPEX9KjX6JE62LppWYB69r7y73ply3wAunUWlwlHKu3hS_3mGTVy6NXLgH1fWQh1AQG,A Google user,https://play-lh.googleusercontent.com/EGemoI2NTXmTsBVtJqk8jxF9rh8ApRWfsIMQSt2uE4OcpQqbFu7f7NbTK05lx80nuSijCz7sc3a277R67g,Love this app. Simple and great to have on hand when shopping. Great resource.,5,0,1.1,2011-10-24 18:43:39,,
lg:AOqpTOG-w92ZRn3lAcivjOJWGBk5K6xRVRBJviwq7Q52nbWx-unYtQju6RP9BSV7EqnvnL8GALKAO1V4RDLS,A Google user,https://play-lh.googleusercontent.com/EGemoI2NTXmTsBVtJqk8jxF9rh8ApRWfsIMQSt2uE4OcpQqbFu7f7NbTK05lx80nuSijCz7sc3a277R67g,Finally I can stop trying to memorize my Avoids!  Its a great companion when shopping or trying to nab lunch. Woo Hoo ,4,3,1.1,2011-10-22 11:14:37,,
lg:AOqpTOFdSGdNx88BOU9tsRwcQh9-N9vOIlYg8BGFhDiZ6XCfRkE1pwnYYQwZqmgfmsEom69ULSuP6D4y1Uta,A Google user,https://play-lh.googleusercontent.com/EGemoI2NTXmTsBVtJqk8jxF9rh8ApRWfsIMQSt2uE4OcpQqbFu7f7NbTK05lx80nuSijCz7sc3a277R67g,Very convenient to use! Great App,5,1,1.0,2011-09-28 22:24:57,,
lg:AOqpTOEysBizAk0n-JF-Po6lWozXzTxULWpYpyp2NRJzGtgfNEr2gkFVkj0rcbHrfdm13H9yDu65LhdyQV57,A Google user,https://play-lh.googleusercontent.com/EGemoI2NTXmTsBVtJqk8jxF9rh8ApRWfsIMQSt2uE4OcpQqbFu7f7NbTK05lx80nuSijCz7sc3a277R67g,After buying app it would not open! Not happy,1,5,1.0,2011-09-17 23:35:48,,
