reviewId,userName,userImage,content,score,thumbsUpCount,reviewCreatedVersion,at,replyContent,repliedAt
gp:AOqpTOEBs_7CF0AFznaYM8J1LP8ZoTN2yGk52rRn5tdXYvEcrKawEENjHuVbGBAkF1FcAY9BacmAXmhzJWxXU8w,Patrick P Smyth,https://play-lh.googleusercontent.com/a-/AOh14GjQOMoMB9K3t_MWpasRuLSwvFlResHEICqwHD5ldw,I loved it but nothing is obvious.,4,0,1.0.35,2020-12-30 16:15:17,,
gp:AOqpTOGmRChNFvKQPkxDhfcXCTeVkUGkSL-EB-mBzv81hTcl6EIRtiUI-HLmcWeojdwi5JIlOUyaoWR8xNAWuls,Robin Pfarrkircher,https://play-lh.googleusercontent.com/a-/AOh14Ggdah9e1UoicjvzxmAyczeF5v_3SJM09L1vM2o67ac,We solved it. But we were three of us and we needed everybody's eyes and ideas. Our 7 year old son saw some things we adults did not see. We on the other hand could solve the puzzles. Thank for that game.,5,8,1.0.35,2020-12-11 16:25:24,,
gp:AOqpTOHNdwTdO72ueS34lJXnngR718TwtaliVwNFY1wI_wm0Be33N-Pfjh8INbeaq2KnIOozOjlJ-EX5DHxzbVg,Brandi Jowers,https://play-lh.googleusercontent.com/-I-KgPCQqwjc/AAAAAAAAAAI/AAAAAAAAAAA/AMZuuckzHlpIjqsCkDuheSM9Avg__4Gcsg/photo.jpg,Loved this game it's so hard to find a good adventure escape game that actually challenges you and is not so lame this was amazing I am so glad I found it great job (my only thing is even when I purchase a clue I can't chose what I want to use it for it just said no clue for scene or something anyways I figured it out bout to install #3) yaay,5,12,1.0.35,2020-09-01 20:19:43,,
gp:AOqpTOEpCst3M7mk-B8fQceWbXa4HjN59OUjM0rRWCEiD6Ax99QPYaw9AX_o1r8xETBh6aUoPZB5g8xFXIopCEQ,Randy St. Laurent,https://play-lh.googleusercontent.com/-DL7pXsUxalM/AAAAAAAAAAI/AAAAAAAAAAA/AMZuucmgqL5Oij203o80nDjGy2ODyfnK_Q/photo.jpg,Excellent example of genre. Only negative comment is length. Can be reasoned through without hints in one or two sittings.,4,1,,2020-08-27 00:09:48,,
gp:AOqpTOFgT7RKoZA1ohgPXNOK-vV-D3CHNOr-duJvE8V6KFU6up6Z8kl0XSz7dYa1Hfen9Q9ZWKj4UZqiaCVCxDo,Deborah Burke,https://play-lh.googleusercontent.com/a-/AOh14GjABUh0FgOQDwmaN81OHEP8kQRyng16ppO4G5CB_Q,Cool game,5,0,,2020-08-12 05:41:19,,
gp:AOqpTOEoA5GV4-nGZWDKAoOTmeB_Td_tn8NgI0haLXBajPDAwzK75sPjN0rw9sbbU77xAeEJPp2aSd1rHueIrNI,Tom Amon,https://play-lh.googleusercontent.com/a-/AOh14Gjd7GKYelLQCXCfYdd751XXWFXvmNGdVQkb8xVBog,Masterpiece,5,1,1.0.35,2020-07-21 10:13:46,,
gp:AOqpTOEsXRKOjh6WJc5qkP_1oncCDobVNL_GKWDYXo1VxLxAf5XrpYtvxbsBPrR3kKNfIBLP0MO0P21d_yHnB3o,Steven Morlock,https://play-lh.googleusercontent.com/a-/AOh14GjW1pZVaBaW7PyZW5_Kz3czQErUr-EJNle8zxi3w8I,Beautiful adventure game with interesting pulzzles.,5,1,1.0.35,2020-07-21 02:34:26,,
gp:AOqpTOFVih4sVNaSisA_SZPhB2CObpt_Na4x8O9RfEfP7mnBHQ77p796GTZ0FV3JtxOu5CRk3Ga9t3TsCV4PEkA,Fiona Fraser-Pritchard,https://play-lh.googleusercontent.com/a-/AOh14GiHygJ0SW31iZutSriTvyOXTN7OuDdOMEt2tky9,Loved it ❤❤❤❤,5,1,1.0.35,2020-07-07 16:27:09,,
gp:AOqpTOHCibmlbZ6r8Tu0rc47aGjAQxMYZefr--6kWoTEObukHuYjCdAHRq6mpDv-S8JJJJAgPAwiT-Av4lbIOU0,Mohamad Alfakir,https://play-lh.googleusercontent.com/a-/AOh14GiQTbzX_ngr9aadXJTiYMWYAcupibj_hyA-FCT2SQ,Slightly harder than other games in this genre but not i possible. You have to adjust your thinking a bit to solve the puzzles. It is growing on me so give it a shot!,4,6,,2020-06-20 17:51:00,,
gp:AOqpTOGXC97XY0cdCjZizUYRa0gyKzqyxoVcfKh0rfMcx0ieydbzP4n4FlA3v2oyacALTANKvuFFM0yA4sCrw7M,Meri Cazacu,https://play-lh.googleusercontent.com/a-/AOh14GjTTrvk3dWhYEgLVomsE0c_B4HDuaqI4AwkAsKM,"Great game. It is the first one from the series, that i have played. Now i want to play them all!",5,1,1.0.35,2020-05-28 01:54:39,,
gp:AOqpTOGaCojgJEdfh2zY2ncN2_4aGv2oq0sG9Au25-P3XwdtJ7GNXwZ8yUbjgw8bHFgLq1Fty_bcJ7-rNixx3wE,paniii t,https://play-lh.googleusercontent.com/-AwlkAy_5K0M/AAAAAAAAAAI/AAAAAAAAAAA/AMZuuclPGebPifnIjpGnvvL5mcCLfZqPYA/photo.jpg,"Enjoyed the game, speacially loved the note thing. It made it so much easier for me to take notes in the game.",5,8,,2020-05-06 06:00:25,,
gp:AOqpTOEDtSCHN4j9D9iBGNdtcGh0gG5nhhMd8XXoayNuwA7DU6sxDsdq_z1pSnv2Rz9ieZBzedr5AdYIi6SDrKk,jason hoskins,https://play-lh.googleusercontent.com/a-/AOh14GhkGe9lArcQ3lATMh1IU1Oe7I1KjNCXZMllzFHe,One of the best mobile games I've played.,5,1,1.0.35,2020-04-29 09:15:25,,
gp:AOqpTOHmSke03rwZlj6m3RsLvVo2S1nJ--Qivmi1ywieXGeosoKsdcW0PEYbqch9W3O3sCPSwytg3SUiPUuVk4A,Guy,https://play-lh.googleusercontent.com/a-/AOh14GjhKyl2qSdn_J1C3kH18Qagz9Zy0Zpl0tBbZzX6zw,"Very enjoyable and fun puzzles. If there is any criticism I can make then it's that the game is too short, and also that to get all achievements you have to play the game a second time from the very beginning, which is a bit boring if you've already completed it once.",5,11,,2020-04-23 11:11:52,,
gp:AOqpTOEMEdtuqkskhAUFFMPibcbjxF8Y3YaAdzSez8o3J7E-h3I7Z9Dh4irGxlDDaWxmbGoJEz9ya79czBi2dX0,Ruth Thomson,https://play-lh.googleusercontent.com/-nzQmwS6_J3o/AAAAAAAAAAI/AAAAAAAAAAA/AMZuucnIxwoy_aCRFRbBRBmnSQc340iWgg/photo.jpg,"Really enjoyed this, the difficulty level is great, & visually it's nicely illustrated.",5,2,1.0.35,2020-03-30 10:40:44,,
gp:AOqpTOEhHyraloyNf87YIDv0yBcDYZfMN0WwlCJp7h6xW4ggsJgN60xYFOjePcXkf0aCGVDGBR9rohZboLgKje8,Karina Padilla,https://play-lh.googleusercontent.com/-kWxGThiaZLk/AAAAAAAAAAI/AAAAAAAAAAA/AMZuucnSQux65JQwdJ_Y-yzxBoyThjjP_A/photo.jpg,When will I have the pleasure to play Isoland 3?,5,1,,2020-02-13 22:03:14,,
gp:AOqpTOHvu5kQHs_a_heB70eg_QItICQqTR9-f5TkvPthlQbF_qJOWgxPwQjkVT14CSEEy-Zw7op9a95j2EVx5aI,Kamile Rastene,https://play-lh.googleusercontent.com/-IG3de3IeFSM/AAAAAAAAAAI/AAAAAAAAAAA/AMZuucnuhMzrPOLbAjb-b_n7zmRV1tC2TA/photo.jpg,"Nice game, I like that it's more challenging than Isoland and that some puzzles get regenerated on each playthrough",5,2,1.0.35,2020-01-23 14:04:12,,
gp:AOqpTOFQR0gbV6Lw7TfG4yic89orZ99UNeBLLA3F-8ok8BlqxrA6nivfY717qDw_4hEml0B6kYetZMTA1A4Lx7k,hannah frary,https://play-lh.googleusercontent.com/-_wnXOR85mAE/AAAAAAAAAAI/AAAAAAAAAAA/AMZuucmeJ_Q_QUgsYDLJBMCcjjfgwTlWOg/photo.jpg,"Brilliant game. As with the first Isoland, make sure when you finish you start a new game to get the second version.",5,3,1.0.35,2019-12-17 13:40:38,,
gp:AOqpTOGFyEFmlUcP19Cs8vqlEMcLh5CQaUyubAIanZ_L12u1zD0n8D3dxy1WsKK32w22UY4Zw3DMtJK6_UL_Q5U,John Jenkins,https://play-lh.googleusercontent.com/a-/AOh14GgYvZLcm5gj8hUP2St_elAw6lKNn0Yvo3k0rVm5zQ,"Did not work , brought, downloaded,opened to a black screen nothing! But got refund",1,3,,2019-12-11 07:30:49,,
gp:AOqpTOFZRdX_bKSFPnuoi1UkoTNt25wTrtYGPRL4Z_cSrE5N1iky3UmZaBuk_BLFfkDGGOXOJCjxgnGef97YAxs,Selador,https://play-lh.googleusercontent.com/-sXiQkLGO8_g/AAAAAAAAAAI/AAAAAAAAAAA/AMZuuckPhMyeOuCdugvfMu9ljPykEBXxEw/photo.jpg,Superb. So good that me and the missus have booked two weeks in Isoland😊,5,1,,2019-12-04 01:11:49,,
gp:AOqpTOEvsTPxJtwqvxCIPZm5zilVYrWV8pjKDCVFw6ExBZUaJQy3ELDQuXhbY-CxHod_QbN__hknMEiCcjimpmU,Stephanie,https://play-lh.googleusercontent.com/a-/AOh14Gg1_wjqrcv72eTlA2TEAewesCrQ2XlmmuLh_R4slg,"This game is absolutely delightful and after playing the lite version I just HAD to buy the full version. For me to buy a game like this is rare so that shows just what a positive impact this has had on me. Much creativity, thought & effort has gone into the game and it's just the right mix to really be able to chill, relax & thoroughly enjoy the whole experience. I've got a cluttered mind & am able to think clearly here. I will certainly buy a next Part Sequel if you release it. GRATITUDE :)",5,26,1.0.35,2019-11-22 10:32:47,,
gp:AOqpTOHbGCvSY3pBxMzqO_AFkhQ6W2TXu2JUBgHtuYiOd_q-43z7pcGnJwiUpsOyZ1beyVB_cz1X14wzUd_Yyjc,Cliff Davies,https://play-lh.googleusercontent.com/a-/AOh14GjgDl64Isllh8ETXEIg6xma-pWq2jfyibgrzZ-jpw,"I'm very happy I stumbled across this game. The puzzles are varied, interesting and logical. The background story unfolds beautifully. Very nicely designed and thoroughly recommended.",5,8,1.0.35,2019-11-05 01:08:53,,
gp:AOqpTOHjgV0ncXdOSN7cxQ38exXP6hzSe1rQXKnYVlWsUkjwvNgy88n0y99PXGk81uXFh5A1JnqdWLzabgnUOT0,Dave Harrold,https://play-lh.googleusercontent.com/-T4wbIxIG9L8/AAAAAAAAAAI/AAAAAAAAAAA/AMZuucnMKekLePwKLPCAtOPXtxJaHagdNg/photo.jpg,Fun!,5,1,1.0.35,2019-10-28 18:20:55,,
gp:AOqpTOHnCJjZammwHtq4ECvhx1O0MH-HSQXwRc65tZz1_IaVestoYKU0IZAhIqEPQ5U44WI8oXL3uSkbjs3Bd4k,Lev Lybin,https://play-lh.googleusercontent.com/a-/AOh14GhX-CtM5279eTv3RmlvVQL8S0PF-NhsX5ngYbLL9qs,Amazing!,5,1,1.0.35,2019-10-22 13:48:24,,
gp:AOqpTOFbPZaFREaI6_TDZ9-jE-w5PiHv4xJ5tngNxCMbloY8sgdFzUGzQyMElAp3x-x23AG6LvYsFbpMO4aJ3ew,Piotr Sieradz,https://play-lh.googleusercontent.com/-zFwCZPD7Wos/AAAAAAAAAAI/AAAAAAAAAAA/AMZuucnNlPUrr1vMK-9bkO4ogDHa-kEDGw/photo.jpg,Brilliant and stirring. Might be a personal preference so I decided for it to not influence the overall rating but difficulty distribution could probably be a bit more consistent - some parts of the game I literally ran through whilst certain connections would take me up to 2 hours to guess...,5,6,1.0.35,2019-10-21 13:44:47,,
gp:AOqpTOGrqr9LCoJ0LqUmLyit45tEzKSf2xa6zErh-OZ1kJrrah1fvanpCbOCgdwjSNpDW49ML5rVeE88JVGnmKQ,Debra Scott,https://play-lh.googleusercontent.com/a-/AOh14GiDlmd-ygFteZpqfblgsXyHmEoAJTCWxQfBW70E,Meh..,3,1,1.0.35,2019-10-17 02:16:29,,
gp:AOqpTOGjpjg9X-bmNr9VpmUjwa4m5C-YicsZC7zWu7bvGPicFz0D3wb0n3WK0_E48DPHARDP4AlflcIBRATEzCs,Simon Wolstencroft,https://play-lh.googleusercontent.com/-nfqAxc0ynWU/AAAAAAAAAAI/AAAAAAAAAAA/AMZuuckdzkKir52rSVSII-McBXVNAz_Qbg/photo.jpg,"Great improvement on part one with hint system for starters, confusingly brilliant at times with puzzles that seemed to make no sense then as I persisted came together well. Looking forward to part 3, great work",5,2,1.0.35,2019-10-12 17:59:18,,
gp:AOqpTOF9V81z7io2VBnZP3eoGWqKWDDBg8Sqe0_2mF8GcQ5GVJp9NnjAK3whjBlftdoE4X8M1Dv6qwXknIJZrlk,Isaac Many,https://play-lh.googleusercontent.com/a-/AOh14Gj0nkfBPt6WhaMj_-s_LX9NjjnjjHgQDesS08CHUw,So much fun and well balanced. Characters are cute and hilarious! Animation is superb. Puzzles are not hard but not that easy either.. Everything makes sense. I loved the ending! Oh and the notes idea with the game still shown in the background is brilliant!,5,7,,2019-10-02 14:27:47,,
gp:AOqpTOFaM-juiLBew-7eLxoR3eztH3ppxetls6leF86RyNysi9j002VZ80QEPdlrnK80O_OfHlVZtinfC3RD5cA,Ggody 93,https://play-lh.googleusercontent.com/-K3S1_iEpHKw/AAAAAAAAAAI/AAAAAAAAAAA/AMZuucl7qFmj66R2QpmXz_reAb4SQkCIdA/photo.jpg,"I need part 3, NOW!!",5,1,1.0.35,2019-09-24 12:50:48,,
gp:AOqpTOHlgyfRlwVH_FIQ5GlzmoAPRJ7pUyhJ6OKMTIlMXOe8G9_7egPlozcas7RExVJKv-y4TaGB8xLDNge7YS4,Christine Hettrick,https://play-lh.googleusercontent.com/a-/AOh14Gj2Lb1N2I6d8xK3wnPKFxXM89EnDC2K1qURR2IK,Love the puzzles and style of this game. Looking forward to the third game.,5,3,1.0.35,2019-09-23 15:37:11,,
gp:AOqpTOEDhVrLolCS9N-qgUAId-hRufNaQbfhv77qHr-flqTuxXrs2MdRUh9dtye2rfgOi24Uy8KcFuB1v9JjJ1c,Stacey Thomas,https://play-lh.googleusercontent.com/a-/AOh14Gi7axtKLX9_FT7k8KFCR_8Qum00yV66yfXzJCTdyoY,Great little game. Gets your brain going and I love that you can write/draw stuff on the canvas to remember. I was gutted when I finished it!,5,6,,2019-09-22 04:11:17,,
gp:AOqpTOFp1mvzheAR-3WGtgLGDErQdiUyWsOVyBD7KN_UZT1A7Npyvxok1ZsnabqqFJmtIyS3TKSlL6XozCYhIuM,Alberto Quinonez,https://play-lh.googleusercontent.com/a-/AOh14GgVnvNH8uvvxbRw6SMdVTJy07tURgVDZfG1iTmPrA,Great games I wish they make more - maybe lost in space finding the way back! =),5,1,1.0.35,2019-08-30 18:25:18,,
gp:AOqpTOHnEbElw3kw5gt0k9PxQlLppTv5Aj33pA-mHnuo-5WwaUO2JdPgojZhVgjcV_NZUZRx_mf0p06Cqs77CQQ,Lisabeth Wright,https://play-lh.googleusercontent.com/-Ijq8KfCTMSw/AAAAAAAAAAI/AAAAAAAAAAA/AMZuuckvI8ZLOZ86GHcpZDh-S-KLtw5WgA/photo.jpg,this was a little tricky but good fun,5,1,1.0.35,2019-08-06 17:37:50,,
gp:AOqpTOHfvKuHOWNt-bp6yJw0F_zXWnamigfKHX8RgZxSMS7udxKJ2hvwDiecXrmN2_fydiDN_w0ahX2s_Ie6kyc,Rob Jones,https://play-lh.googleusercontent.com/-x2YY2QkxiZY/AAAAAAAAAAI/AAAAAAAAAAA/AMZuuckEOSId0obNwpU0Yj2PgWpuWoSRfA/photo.jpg,"Came across Isoland 2 after watching video I was keen to try it. purchased the game couple days ago and had trouble installing. Refunded and tried again hoping a reset would fix it. Clicked on purchase confirmed game bought (PayPal Receipt) and pressed install. goes to info about privacy and what the game uses, accepted and it wants me to pay again. closed & re opened g play, went to my apps and the game shows its there, tried install, same pay again. Sent an Email. still no Reply. fix it please",1,10,,2019-07-30 23:17:09,,
gp:AOqpTOEin4MS7O2il8rQPwWs05E2C1LeqJ0ZemhiPWoCia7fOTwqlPxqn9d2OgvLRbrz3OQ4aihOxBZ3tAghb6Q,Road Scamps,https://play-lh.googleusercontent.com/-M_v17re2Kh4/AAAAAAAAAAI/AAAAAAAAAAA/AMZuuclN2gkzni8eNIGiMMqSOT6zgthGaw/photo.jpg,Great game. Puzzle difficulty just right for me. Enjoyed it thoroughly. Hope there will be another one soon.,5,3,1.0.35,2019-07-30 18:51:10,,
gp:AOqpTOEyLhQ1aQCvBtOCjX_MTG0NVRYyD9lkr_sSgBGN5EHAhppd5tqyjRpXJ24GVrKMMO2Ast6-iQwJLi41oIU,Laura Conry,https://play-lh.googleusercontent.com/-qyAIyl_YFMc/AAAAAAAAAAI/AAAAAAAAAAA/AMZuucmZhjEOGdK-_IAdg53FwOpSaNJqcQ/photo.jpg,loved it! challenging enough to be interesting,5,1,1.0.35,2019-07-18 00:40:33,,
gp:AOqpTOHhZoTxHw7BwZyV243XK_WFhmNQhTD_fG4WYz09nGUk8IbFYRajm9igj2ln89M6-XYQbJE1Eakuu2UmLi8,Deven Zender,https://play-lh.googleusercontent.com/-scxg6tc8WNk/AAAAAAAAAAI/AAAAAAAAAAA/AMZuuck6Ruq82B83iWWy6hed1abdnrZYiA/photo.jpg,"I enjoyed the first Isoland, so purchased this one. Once downloaded, when i open the game.. it shows the ""Lillith Games"" banner... then just black screen. Nothing!! I decided all i could do is uninstall and try to download all over again, but google play wants me to pay 1.99 again! Either a refund or the ability to actually download the game would be nice. Thank you.",1,7,,2019-06-17 12:29:53,,
gp:AOqpTOGskA6cOnmlHlLa-4wOEedvNCgWu7x0gfriENo8o5h3zeSxe05IpNys9SaL25Swh4FOnnbODPQXL7jKtxk,Christine Brown,https://play-lh.googleusercontent.com/a-/AOh14GiLtFwdtnBN-B7az6SUTD6sksxPlez-0uLbL7I,"You don't need to have played the original Isoland to play this one, but you might as well since that one is fun too. Surprisingly philosophical for a point and click puzzle game!",5,1,,2019-06-13 07:19:28,,
gp:AOqpTOFCvKZpICo28sPVUrJP_H_krVzmeoyuGxwKexcq9i3MgPFzgnhZXEWrdiWTBK1WL60uPk11sn_-cGnF_fY,C Yn,https://play-lh.googleusercontent.com/a-/AOh14GhZ-Sfos5PhdHgPw1Us5AtqsJjgpY3nFeAaV9un,"I wish it was longer, but very enjoyable as is",5,1,1.0.35,2019-05-05 18:47:10,,
gp:AOqpTOEq-41SyNTSC4VQA99XDhjtVeVYCY5ftbv0MBIJLaSKRZRPRU5h929GS4UtyGs7Gk3WjsAFyybO3tg8EHE,Irina Britareva,https://play-lh.googleusercontent.com/a-/AOh14Gh7jheFCa5qUVmf8d-JHrHjCC0rlgBuRm-_pjKJ,"I really like the game so far,its got all the great elements of the puzzle adventure games genre. in regards to my first review,im not sure what happened before, but now I have all the icons so I am able to continue playing so I have amended my review to a 5 star rating.Thank you lillith games for making an awesome game.",5,21,1.0.35,2019-03-24 06:00:17,"Hi, thanks for your appreciation.  We will continue our story and give you a better experience in the future.",2019-03-27 03:20:58
gp:AOqpTOGxqhvTwKFQ2OlmrDCG_tl_HMxSOrYMB9qzicqiI6iYmWIC1njS5MvCVp8b2CaxSWr4X52onbSy84Qqrr4,Ryan Scott,https://play-lh.googleusercontent.com/a-/AOh14GhWTXItZGI0aXZ7QW4e3dvgSIEQJa9IXlekH7BmLg,"I played both games and some puzzles in this one are just a bit obtuse (it's probably just that I am bad at solving them), but good game overall. Cannot wait for any sequels.",5,4,1.0.35,2019-02-16 21:10:15,"Hi, thanks for your 5 stars review, if you have any questions or suggestions, please feel free to contact us isoland2service@lilithgames.com .",2019-02-18 04:48:19
gp:AOqpTOHdmQYfLEdeQKhOtdKf46_y_hQ456npvQ8Ry3A4XdIBIqls4q_js6KhILHVv2DzHaLXfB-r03lx-u3r40w,Diana Boudinova,https://play-lh.googleusercontent.com/a-/AOh14Gjj-GuMiVCFw-u39F3duZLTnrOK9QDnoySWQCQXTw,"love both isolands, challenging puzzles at times but fun",5,1,,2019-02-03 08:00:39,,
gp:AOqpTOFim8P1yuoXv02hXK40UOxkUUKjTmQKUfj2jRN71t-uoMRjODWso070AaBg4CQMLJQW84ugIGJKykD3qvk,A Google user,https://play-lh.googleusercontent.com/EGemoI2NTXmTsBVtJqk8jxF9rh8ApRWfsIMQSt2uE4OcpQqbFu7f7NbTK05lx80nuSijCz7sc3a277R67g,Valo,5,1,1.0.35,2018-12-03 22:34:07,"Hi, thanks for your appreciation. We will continue our story and give you a better experience in the future. If you have any other suggestions about our game, please feel free to contact us.",2018-12-04 04:57:36
gp:AOqpTOF_eHbJzM-Fk2CjVBhHQRL5oEAHModA758wqk02fHZW7LDUrCdhKXaiKZeASZe6SQF4J0ajvJFT9JNOAD8,Yvette Latina,https://play-lh.googleusercontent.com/a-/AOh14GgECPz1sDnebBtEPZf72ld-Wh9TSzw7Q-clgt7Ehg,Doesn't make sense!,2,25,1.0.35,2018-11-06 20:44:23,"Hi, sorry to make you feel like that, but could you please tell us the part that you don't like? We will record it for a consideration. If you have any other suggestions, please feel free to contact us isoland2service@lilithgames.com .",2018-11-07 00:21:00
gp:AOqpTOGpCXm7bPRKFK8rde0m8wBSv-Z9rl_X5W2mBwP31Zi_CT45WRd6i08NPP3tgwGffkzIhlX14VdMm5vahuQ,Louise Blay,https://play-lh.googleusercontent.com/-T-LkcimZePo/AAAAAAAAAAI/AAAAAAAAAAA/AMZuuckZ3G83Sp7GHfrEupQ-KV_w2jbkRg/photo.jpg,Liked this game. A good mix of challenge and story line. Not too difficult but admittedly had to find a few cheats.,4,10,1.0.35,2018-10-25 11:26:14,"Hi, thank you for your appreciation. We will continue to optimize our game and give you a better experience in the future. If you have any other suggestions, please feel free to contact us.",2018-10-25 19:22:02
gp:AOqpTOEHtjm-vWJEe5kY0c9QWzom38qZ_a8NC-Z7sAIzYiB-19lEqu4Lhe_dH0HmOEc5MtKKsfVlrEkyTYngrj4,andy donaldson,https://play-lh.googleusercontent.com/-ftoHYAILyhI/AAAAAAAAAAI/AAAAAAAAAAA/AMZuucnOXTdkRO1GGkhaJmP-eZeJbZiQPA/photo.jpg,"Thoroughly enjoyed it, and only had to 'cheat' a couple of times. Well worth the money. Number 3, please.",5,5,1.0.35,2018-10-23 09:08:12,"Hi, thank you for your 5 stars review, and your support is our motivation. We will continue to optimize our game and give you a better experience in the future. If you have any other suggestions, please feel free to contact us.",2018-10-24 19:16:54
gp:AOqpTOGGbq1c_DrfFpN0QZK7W6k2SHauycOvu-td60v4UkQd5OeQf_EF7su6c1EQHUPODOSzBZDBorQpiQR4vSw,Diana Chervova,https://play-lh.googleusercontent.com/a-/AOh14GiB4zCXIWxYpAaiaiUH8Y9mngNXfwBYMpJM9DTQXA,Awesome game with really interesting puzzles! I wish there were more this style games to play from Lilith. ❤,5,1,,2018-10-12 09:17:00,"Hi, thank you for your 5 stars review, and your support is our motivation. We will continue to optimize our game and give you a better experience in the future. If you have any other suggestions, please feel free to contact us.",2018-10-17 23:11:41
gp:AOqpTOEqUuRMhKiUZIrd7Qc7EdyA7nzTu_XVpqKf8ZL3to23f2IfLL4O16_8pt9CehpMk4tnd_FC1u_WY_xo4WA,Andrea Godthaab,https://play-lh.googleusercontent.com/-uO0jMO52RDk/AAAAAAAAAAI/AAAAAAAAAAA/AMZuuclIJgQOZdGYSn3DhBUIf_2iz3nJ-Q/photo.jpg,"Not as enjoyable has the first isoland, I seemed to be getting quite confused back and forth, and ended up looking for a walkthrough most of the latter of the game, but apart from that I cannot complain about the length of the game and the graphics are great.",3,14,1.0.35,2018-10-10 08:49:28,"Hi, thank you for your 3 stars review, and we are so glad that you love our game. We will do better in the future. If you have any suggestions, don’t hesitate to contact us, thank you.",2018-10-17 04:29:30
gp:AOqpTOFgPhj1xjgA4lHfL9r_xzBeeGuiA6tHV0Rh4qe5z60NXGUvDqnTJ-YupYdEIBfS6ijE3L1aS51REYpzDw8,Natalie Varnom,https://play-lh.googleusercontent.com/a-/AOh14Gg7Hehfbg-M4KuywyYtmlue7LpdlVfJKVYr0LBi0w,"Well that was another weird and wonderful game. Still didn't make any more sense than the first one. But if I'm honest I wouldn't want it to as it's kinda good being strange and mysterious! Fun app, fun game, that's it.......",4,19,1.0.35,2018-09-14 02:21:43,"Hi, thank you for your 4 stars review, and we are so glad that you love our game. We will do better in the future. If you have any suggestions, don’t hesitate to contact us, thank you.",2018-09-15 06:49:30
gp:AOqpTOFPIfcups4rLbRSp80OxDz45Rwcdp3eVT59JpXw794R6MBVk3Ix4qXx0mmgHguy_4W6-uKU9a-8EYZp7VM,rahul rawat,https://play-lh.googleusercontent.com/a-/AOh14GjeYX_hcglEEVxevIcBgFLwfyiAoQPoBTIbcCYrcQ,When am going to get island 3,5,0,1.0.31,2018-09-09 06:31:57,"Hi, thank you for your 5 stars review, and we are so glad that you love our game. We will do better in the future. If you have any suggestions, don’t hesitate to contact us, thank you.",2018-09-12 05:56:33
gp:AOqpTOGg9YvxbA_NWwZAM-xYYRJw7fMq4lgrLFzIQExgJ2Zrcr2hr66ivkSPldvZiLczzAhwRrzB4tqB54UXU7I,sunrainsky,https://play-lh.googleusercontent.com/a-/AOh14GhJQpfchaF-qLi2PqZH3YzVJ2ELhCGKDnfzP5blEg,Really missed this type of point and click adventure games that were on PCs. Love the puzzles. The hints helped because many times I did not know was the objective of the puzzle. Adding the replay value was kinda neat. Also the ability to doodle to note down clues. Awesome!,5,2,1.0.33,2018-09-04 03:47:49,Thank you for your kind words and support. Your support is our motivation. We will do our best to develop better game in the future.,2018-09-06 04:26:06
gp:AOqpTOHTnJ93zrT7J7achS1r0wbd3jKekq6Yi1bngIxe-iF5Om3oyavsCjQZ6qYYDAIHGiV6Ouf1_6ODHCgSRgY,Law Schuelke,https://play-lh.googleusercontent.com/a-/AOh14GiHoi2Cywj3ufiHQ-Hv4eKQfEFtpXpRW0f5MPoAzg,"To get hints, you have to pay. That's fine if the game is free, but in a paid game I don't find that acceptable.",3,2,,2018-08-24 05:55:27,"Hi, actually you need not pay for hints. Solving the puzzle by yourself will make the game more interesting. We suggest you pay more attention to NPC dialogue. Thank you for your support.",2018-08-24 00:50:06
gp:AOqpTOFvaf1lHBUiAsy9jiAASydKyVotNU4qeAzK7pGxPYRzZtbnexYEMOqmDhB-fPv95rOO4qJcSrdyfXDq5fI,A Google user,https://play-lh.googleusercontent.com/EGemoI2NTXmTsBVtJqk8jxF9rh8ApRWfsIMQSt2uE4OcpQqbFu7f7NbTK05lx80nuSijCz7sc3a277R67g,"Great drawings. curious characters that touch on themes of time, memory and fulfillment. Well designed progression of logic, memory and inventory puzzles. Barely got stuck once, but I'm a lightweight. No absurd logic or luck based puzzles. Very good game.",5,2,1.0.33,2018-08-22 20:12:57,Thank you very much for your review. We will keep up good work and keep optimizing our game to bring you better gameplay.,2018-08-22 20:49:43
gp:AOqpTOH_7Yq9MZTFfAIQ8pAg-vnTnDg5egDfxJ3ghmU3EtA0g_aKMcuCimIXWTWX67xQ3gyoi7wxJU6R9_j7L2o,james ball,https://play-lh.googleusercontent.com/-yaUNCvGyXZU/AAAAAAAAAAI/AAAAAAAAAAA/AMZuucnkCLfI7JSzfLop7MHYp5o8wV7PhA/photo.jpg,Bit short but still a great and unique game,4,1,1.0.33,2018-08-19 15:07:08,"Hello, thank you for your always support and recognition all the time. We will keep doing better in the future.",2018-08-19 19:11:12
gp:AOqpTOFrEEt4kVGYFOrKNkO8f3mcCH1-I5goXOc3cH31g8dovIvLr0b6ajWOPBqxJha0H9xPSshc08ry6iZCgx0,Amir Avazov,https://play-lh.googleusercontent.com/a-/AOh14GhH0RlkvbzW5nKm3XX1T73h2Pch68Og1lsOVV8dIA,By far the best game I played,5,1,1.0.33,2018-08-16 18:25:32,"Hello,thank you for your always support.  I promise you that 'Isoland 2：Ashes of Time' will not let you down.",2018-08-17 03:13:11
gp:AOqpTOHV-lJ3KkUhXEPasYFgwCu94D1O9pPSSRjJKXofqAuW7z5ZfPD2qLRjJXmtCZGxqScBWNHjvwYOCIOR96M,Sarah Kozicki,https://play-lh.googleusercontent.com/a-/AOh14GiuZimwMasLLBnQyfq8j-66wFaOkYftPO38axRtBQ,"I loved this game! I played the first one and really like it but some of 
the puzzles were just too hard. With this one I felt better directed but 
still challenged - just right! I decided to purchase this after Cry played 
it. Good job developers! Looking forward to more! I also love the music.",5,4,1.0.33,2018-08-16 18:15:04,"Hello, thank you for your always support and recognition all the time. We will keep doing better in the future.",2018-08-17 03:13:45
gp:AOqpTOHSAyy3NxilAkl4NL9o2BqUhe4hR8ImVoYdqM3giPrrNAq2ZbOqFbcHMFolFXv91Vke1O086GnmfMBB5Q0,Allison W.,https://play-lh.googleusercontent.com/a-/AOh14GiMWrD9Hen7_r0eykcEyRXbixfWdNaRMcsL3JTKYQ,"Honestly, I love this game so much better than the first one. With the 
first one I couldn't progress without using several walkthroughs and some 
of the puzzles were just idiotically hard. This sequel definitely presented 
some hard challenges but also a few aha moments as well and it felt good to 
know what I was doing! You did a bang up job. My only critique is that I 
wish that there were more slightly creepy elements like there were in the 
last one",5,3,1.0.33,2018-08-15 13:45:32,"Hello, thank you so much for your support, we will make it better in the future and create our own style, and also looking forward to your approval.",2018-08-15 19:44:38
gp:AOqpTOHyXV19BOXPUvbgb5V3jaxMxEKFTh0envHFlp6eK8tPSY2aMJmhnQCJ9k9PijlHx5A9qQj7iyGuOl8ywYQ,Anna Musical,https://play-lh.googleusercontent.com/-Dx8P-CG9260/AAAAAAAAAAI/AAAAAAAAAAA/AMZuucmivp5A-x8xT2GwCj-Ipt6khsfQbw/photo.jpg,"Came and got the game because of the youtuber Cryaotic - I'm absolutely in 
love! One puzzle has me absolutely stumped so I cant progress, however. 
Amazing game and I love it, just slightly difficult for the uninitiated 
puzzlers!",4,4,1.0.33,2018-08-12 19:36:17,"Hi, thank you for your 4 stars review, and we are so glad that you love our game. We will do better in the future. If you have any suggestions, don’t hesitate to contact us, thank you.",2018-08-14 05:11:06
gp:AOqpTOH8XPqCy0TCipINmmyBmB4A77HL2UES6gBDE_XgMeqFn4KUaPwpotW7PZGcdC2snxLUZ5uj22sCSwdqKUE,Paul Winstone,https://play-lh.googleusercontent.com/-vIlrtY5MWXk/AAAAAAAAAAI/AAAAAAAAAAA/AMZuucnfbp0-ymCF0Mj91Kr39PfX0i9NZQ/photo.jpg,"Excellent follow up to the first puzzler with the same graphical style and 
atmosphere. Still found it easier to use pen and paper than the inbuilt 
tool - too many clues to note! The ending was a little abrupt and the game 
kept throwing me out on my Moto G5, hence 4/5 stars. But fun and inventive 
to play.",4,1,,2018-08-12 14:02:03,"Hi, thank you for your 5 stars review, and your support is our motivation. We will continue to optimize our game and give you a better experience in the future. If you have any other suggestions, please feel free to contact us.",2018-08-14 05:13:00
gp:AOqpTOFRUvDjaddOkIblTtfsnsCd6OyakggVahGdqZEnrANtTcwE_pzxi0OM6x8FbEW16zH5koqTREM5gNqu6GY,Mackie Dee,https://play-lh.googleusercontent.com/a-/AOh14GgihNuEgP8OS48x90sQRvHZpjwP7iwl6ezfwWuPnQ,"Came here because Cry played it! Absolutely loved it - the art style, the 
intriguing story, the puzzles which were a good balance of having to think 
but not TOO hard. Really cool. For the developers - the only issue was the 
eraser tool would lag when using it. Otherwise, awesome!",5,2,1.0.33,2018-08-11 21:20:33,"Hello, thank you very much for your approval on our game, as for the difficulty issue, we will consider seriously, as for the lag when using eraser tool, could you give us more details, please?",2018-08-11 21:41:46
gp:AOqpTOHR7UuW3L7kVQoKv7erYDEknk1_aDRi-rMBupH-LUZBqpzTQODOLmRcTtZ9qN63fbKqYh7F1pt7AavvhaE,Alan North,https://play-lh.googleusercontent.com/a-/AOh14GgIiISjz-WB0IoASX-bBl4kvDjbmtpxfCVmJFWS2Q,"Too similar to Isoland 1 for me to be particularly excited about playing a 
third game. The characters' philosophical musings have (like the first 
game) no apparent connection to the alien symbology and there's no 
narrative payoff or any deeper understanding of the game world. Maybe just 
get rid of NPCs next time and communicate via etchings, notes and alien 
tech or such-like? Edit: I have completed the game twice without hints. I 
understand the NPCs provide clues and I follow them. However, the rest of 
what they say is, albeit inoffensively whimsical, no substitute for a 
compelling narrative. If you're not interested in constructive criticism, 
that's fine, there are plenty of other games out there.",4,2,,2018-08-11 06:23:26,"Please pay attention to the hints and interaction in appeared in game.
Also,the conversations with NPC are very important. l believe you could solve this issue fairly soon:)",2018-08-11 06:12:15
gp:AOqpTOHR-LA1A4JztfrXplhQRS4V0PtezsNaGkYP4_WfgMHva7OPMX9XwHAFJ_hmcLtqZkC_JJXe66SyXiWRZFA,Philip Smith,https://play-lh.googleusercontent.com/a-/AOh14GgcDjl-6cmyBX8xK0Z_P4uWhxyXl_H8xEUBxairmA,Great point and click. Original and fun!,5,1,1.0.33,2018-07-27 05:42:13,"Hello, thank you for your always support and recognition all the time.",2018-07-27 19:42:21
gp:AOqpTOHAlFIxYEAIxvDcb7aUKcQozqvWwaXGYVX3IjXxUpxzOPvmFL67-SgAgReM0FSgVfU6EWdKi80o15zWsV4,A Google user,https://play-lh.googleusercontent.com/EGemoI2NTXmTsBVtJqk8jxF9rh8ApRWfsIMQSt2uE4OcpQqbFu7f7NbTK05lx80nuSijCz7sc3a277R67g,Excellent game!,5,3,,2018-07-27 05:11:50,"Hello,thank you for your always support.",2018-07-27 05:23:40
gp:AOqpTOHnRhfYNRcsMADk3S_oQUYTIcQfWuo-pwYnWzsBWiGuKlE2stqWJvgRRxmE22GB-VqNd9vfMKikBXpRJWk,Sandy Witchey,https://play-lh.googleusercontent.com/-67vWpjxcTZw/AAAAAAAAAAI/AAAAAAAAAAA/AMZuuck3Hvr7X8D0RZM3iWxnjin9b2WFLw/photo.jpg,"Great game just as fun and challenging(yet not too changeling) as the 
first!!! Looking forward to a third one!! Great story line great , 
graphics! All around fantastic game😁😁😘😘",5,1,1.0.33,2018-07-26 18:55:48,"Hello,thank you very much for your encourage.  We will do our best to improve the game in the future.  I promise that you will not disappointed in sequel.",2018-07-26 19:18:27
gp:AOqpTOEsX5zRhFNETFela_p_AzdGrwcioBrMCmD3HnwLHfP8wB1JmjYOzhHS_rRbQWF_F7nxHGe8nVNJD5wztUY,navimegaman,https://play-lh.googleusercontent.com/-1wfUVrI164M/AAAAAAAAAAI/AAAAAAAAAAA/AMZuucnO_rIrEaqNPwcbU4wj4FSh4xxCgA/photo.jpg,"A really fun short game. The puzzles are just the right difficulty. Not so 
hard that you feel the urge to cheat but. But just hard enough that you 
feel like a genius when figuring it out. Glad i stumbled across it.",5,2,1.0.31,2018-07-20 09:16:08,"Hi, thank you for your 5 stars review, and your support is our motivation. We will continue to optimize our game and give you a better experience in the future. If you have any other suggestions, please feel free to contact us.",2018-07-21 05:02:38
gp:AOqpTOFOlfBj4WFJCmWd7dukdT65v19sZoSFBSnGQGz-KO0dZydEdoJyRm3_R5eriQRkW122HyZqKTbLL7Fru5Q,Xuanli Bay,https://play-lh.googleusercontent.com/-DC7tBvrVcas/AAAAAAAAAAI/AAAAAAAAAAA/AMZuucmZKSDELr8D8V39TMfMSW66-GJJFw/photo.jpg,"I love this game! The puzzles, the graphics, and even the people's 
dialogues, I love all of them. Please make isoland 3!",5,2,,2018-07-17 06:16:07,"Hi, thank you for your 5 stars review, and we are so glad that you 
love our game. We will do better in the future. If you have any 
suggestions, don’t hesitate to contact us, thank you.",2018-07-18 01:22:31
gp:AOqpTOFOKXEEbu0dqRaPhgilPYnNkPRE17IjY_Pmm-6C9j51OfBweWVdc35SVPuO-ekPMahnFXPaFaU8Dss037I,Gabriella Olano Carranza,https://play-lh.googleusercontent.com/a-/AOh14GjEplkU5D9ffZW56VsacpXTVBerN7I8bRm6qTO5kw,Am so obsessed! this game is all! i love mistery a lot... 😍😘,5,9,1.0.31,2018-07-13 21:57:01,"Hi, thank you for your 5 stars review, and we are so glad that you love our game. We will do better in the future. If you have any suggestions, don’t hesitate to contact us, thank you.",2018-07-14 05:06:36
gp:AOqpTOGyPBIiK_BoW8c8LfYk9eMwNgTb-zFhnKgZCAA9v4uj4hbP8ye-QccIg85hQ5ZD3EXraHjdT9X2_NElvAA,sami azza,https://play-lh.googleusercontent.com/a-/AOh14GjXNGjmIL8SW4jQ4xfceUFs9-JEqAtwB3TDDGV2ooc,Absolutely amazing game,5,4,1.0.31,2018-07-13 09:40:01,"Hi, thank you for your 5 stars review, and your support is our motivation. We will continue to optimize our game and give you a better experience in the future. If you have any other suggestions, please feel free to contact us.",2018-07-14 05:07:15
gp:AOqpTOGFLtI0RMvVoGmnajPG9jGruwThGTAEBZlch09rGTWvmFpHaJpLwv1teRpiZOBYbpoNAR2-1bUwCMvk574,Jill Elliott,https://play-lh.googleusercontent.com/a-/AOh14GibLopT9WF_q38aMwXGuKvqI1oPKoDgPX64UzaYzA,"Brilliant game, beautiful message and loads of hidden game play! Absolutely 
outstanding! Thank you for this game and thank you for the poignant story. 
😊",5,9,1.0.31,2018-07-12 17:25:12,"Hi, thank you for your 5 stars review, and we are so glad that you love our game. We will do better in the future. If you have any suggestions, don’t hesitate to contact us, thank you.",2018-07-13 05:48:43
gp:AOqpTOEkcZ1A_K5qb6_LuFWptnl0DXbjp4DtT3JC77RAClEEqOspLkRcvrI7_ie0aEheHb_tIVqSBJLV_4w5HP0,Michael Kuechenmeister,https://play-lh.googleusercontent.com/a-/AOh14Gi4T9GMLooAZVCGCv4gCDTukEhRpQs8KLcwZNyRhRU,"I'm a sucker for a good point and click adventure, and this was a great 
addition to my collection. Great job. I just hope to see more soon!",5,10,1.0.31,2018-07-09 02:04:19,"Hi, thanks for your 5 stars review, we are so glad you love our game, and we will do better in the future. If you have any suggestion, please tell us, thank you.",2018-07-09 03:54:10
gp:AOqpTOG_hdds4wHULRwjucxGyntar81XkLEXD5utd6UopEDzHT2R4xppbwu7NC5zCwFNjUfXj8rsyTsolGmmH5I,Jason Westley,https://play-lh.googleusercontent.com/a-/AOh14GjM4ubZ2rNv7xOBkOxGmZCfye0yDtsfSn9kCu-CxA,"A charming and well-presented point-and-click adventure. It's not that 
long, but has some nice puzzles and games. I love the graphical style and 
the interface was simple to work with. I hope we get more stuff of this 
quality soon!",5,30,1.0.31,2018-07-09 01:03:28,"Hi, thanks for your 5 reviews, and your support is our motivation, we will continue to optimize our game and give you a better experience in the future. If you have any other suggestion, please contact us again",2018-07-09 04:01:52
gp:AOqpTOGVuSdGJMm_clQIOkUBwkCUquSNk9zab9GmWK96sUY5JZfyyFxGmSPU1cd7cDcE41xu9eJGdoXLxLDMxLc,Bikram Agarwal,https://play-lh.googleusercontent.com/a-/AOh14Ghb46wj4KFcrrcKdblhaT6XWPMK4O_QzqWAG9Ai,"I love these puzzles. The artwork. One question - How do I see any photo 
that I had taken with the camera icon? Tapping the camera icon only takes a 
new photo, but how do I see photos I had taken before?",5,4,,2018-07-08 13:58:55,"Hello, first of all thank you so much for your support, the photo in the camera of the game can be preserved by the share function and be viewed in the dialog box of share function.",2018-07-07 23:33:27
gp:AOqpTOETDtjojaaWurpcojc4TVcUFw8K1CzkQ8z20tWbDZKPjUJKk3LsOls12jeq1VOihYl-w53ey1y93-UZI3Y,Kristy-Esther Lindgren Eklöw,https://play-lh.googleusercontent.com/a-/AOh14Ghns9jD3ig1KvqLYapEdp1dNfcMawBql5fFRtLMMQ,Brilliant,5,5,1.0.31,2018-07-06 16:14:52,"Hello,thank you for your always support.",2018-07-06 22:54:19
gp:AOqpTOGbgA7EIYCrc-IC9rXzw_eaUiDAszJ970kLonzV2qPsiHLgFyEX_a9SXb9aXhL8FD6kqx7B0k3SOCs84Zs,A Google user,https://play-lh.googleusercontent.com/EGemoI2NTXmTsBVtJqk8jxF9rh8ApRWfsIMQSt2uE4OcpQqbFu7f7NbTK05lx80nuSijCz7sc3a277R67g,"Really short. ""Puzzles"" are mostly just finding some note with a solution, 
and using it somewhere else.",3,7,1.0.31,2018-07-04 12:30:39,"Hi, thanks for your 3 stars reviews, and your support is our motivation, we will continue to optimize our game and give you a better experience in the future. If you have any other suggestion, please contact us again",2018-07-04 20:17:39
gp:AOqpTOG7XntF62uhjQc6x5LdoCfterPw87Q5kmt7DmOZ4KEs0J33P0_0OUz56jaW6tn1-cSud-I95s8TzdICCoI,Mithun Raj,https://play-lh.googleusercontent.com/a-/AOh14GiZmMp0_mrR9U01TvQ73pOgOr7ex2qeSjVWCdKY,"Rich in Quality, Dump in Quantity...... Most Anticipated Game of mine...... 
Make More Series Of this Game..... 😍😍😍😍😍😍😍😍😍😍😍😍😍",5,4,1.0.30,2018-07-04 05:38:52,"Hi, thanks for your 5 reviews, and your support is our motivation, we will continue to optimize our game and give you a better experience in the future. If you have any other suggestion, please contact us again",2018-07-04 20:19:42
gp:AOqpTOHD5pDp0bboWJkBeSNB3YblVmorL5Znqcxwl_Vuz9fcrNIon323ed64n6WVvETJvf-oU7HyBmVLD-zMKFw,Cindy Kyser,https://play-lh.googleusercontent.com/-fN8Avp_Uhps/AAAAAAAAAAI/AAAAAAAAAAA/AMZuucl-cwmFpurl-0X3HLXr1OBJXhuHjA/photo.jpg,Great successor to isoland! I love the style of the graphics and the puzzles,4,3,1.0.30,2018-07-03 22:00:50,"Hello, thank you for your always support and recognition all the time. We will keep doing better in the future.",2018-07-04 00:09:00
gp:AOqpTOFc5rw5Cy4ESIqNXwcAmj7v_DAy_oLP9jBuPs7Daz7gwdNcnKnSp0mXIxRX5buCEoWW8jCOPE8lp4-GZCk,George Seymour,https://play-lh.googleusercontent.com/a-/AOh14GiQDyMmM380XEAaKYm_ip76gfSXJGvFFhYWBxBr9g,"So much fun, nice length. Great job as expected!",5,3,1.0.30,2018-07-03 16:50:27,"Hello,thank you for your always support. We will keep doing better in the future.",2018-07-04 00:10:24
gp:AOqpTOHQITiQhK3C_Za8cSai6f_yFIWOk5JUJ_o0Mx1AIAzMdHBKoa92tzpVoVi6SyYe3Wvxk7amTJ1DRGMRhq4,hanis,https://play-lh.googleusercontent.com/-FPx5AQVrJtg/AAAAAAAAAAI/AAAAAAAAAAA/AMZuucmZ71-pSJE6jKI5IY7PKJytrV6mEw/photo.jpg,"Loved this mystery game. Spend 2 days figuring it out. Wished there was 
more episodes for it so it'll keep us hooked.",5,3,1.0.30,2018-07-02 18:50:13,Thank you very much for your encourage.  We will do our best to improve the game in the future.  I promise that you will not disappointed in sequel.,2018-07-02 20:55:34
gp:AOqpTOFqbYIqn75yQ2hkaoaioYQYLogyx0EOitNjRKC7KnNrsgZiKivOsx2q8DofLhpMGEkBHDUXE2jeuLtEAhE,72104 Alan,https://play-lh.googleusercontent.com/a-/AOh14GidgXw8MbyTcPJJ4TlYEUyHTf4sSjxMVbMNd9Jliw,Awesome !,5,2,1.0.30,2018-07-02 11:27:44,Thank you for your always support.  I promise you that 'Isoland 2：Ashes of Time' will not let you down.,2018-07-02 20:50:19
gp:AOqpTOEf8trLkQUAdVkYJMhqqrdda7Ey13wRhYRQu4WkWJSJeJBbc7JjrtKKus22sXk7D_d01tO3ItgzVjxLUK4,Abhishek Agarwal,https://play-lh.googleusercontent.com/a-/AOh14GgENK4eldUt-OrHjCqocCYVABc2r_6JdDRcM14s,"I am just stuck at the last part the rocket flies but it's stuck in the 
glass container. I know that we can go out as I haven't completed all the 
achievements. Is this a bug or do I have to wait for an update. Btw AWESOME 
GAME AND WAS SPENDING HOURS TO COMPLETE IT",4,6,1.0.30,2018-07-02 08:32:22,"Hello,thank you for your always support have you found the item name 'weird fragment', you will obtain next hint after you obtain it. Only when you finish the game second time, you can complete all achievements",2018-07-03 00:41:13
gp:AOqpTOHQ6wiXlMUuBOWw-NxblMzHxf1LVFEccIE9MN2DH6131v6UM05SMR5KQIhjGSQOYaMtg-ZqzczebUZjqP4,Fildzah Ibnati,https://play-lh.googleusercontent.com/a-/AOh14GiF-X3_AP0Ab0wEsaE5AL3aguCVtctF8C8j6mj2ig,"The note feature is very useful. Please release Isoland 3. I'm in love with 
this game😍😍😍",5,3,1.0.30,2018-07-02 05:19:09,"Hi,Thank you very much for your encourage.  We will do our best to improve the game in the future.  I 

promise that you will not disappointed in sequel.",2018-07-02 23:41:50
gp:AOqpTOGhT7XstjGoQz2yzTX6pRVhO6-60vqWwdoCXu9ggLGCbGOMtMCuSdnXWodqdVDqVxuoUTLt4sjs_09xp-Y,Reza Konjkav,https://play-lh.googleusercontent.com/a-/AOh14GhUHqVFo4SxRRqU68ZSae6M87hjOI0aQQLOXpPo,"Can anyone help me with the stone that recharges?after i gave the blueberry 
and open that door with insects on it.i donno what else to do",5,2,1.0.30,2018-07-02 02:26:33,Don’t miss any clues and conservations with NPCs and you will figure it out：）,2018-07-02 03:45:32
gp:AOqpTOHBlpzh63xxUUbg5XZAxP9ish7sfFAVG7vgdpag1j0r2HZl1STNj7UxT7GojFCZ5ZaDajE5SudPomswMsU,Kumar Dey,https://play-lh.googleusercontent.com/a-/AOh14GioltcnqcArTvQ0PcHXNnhurbYwzC_PTpEz4K0plQ,"The graphics is the only good thing about this game. The game has no voice 
acting, so you have to read very small texts to strain your eyes and have a 
very hard time.",2,5,,2018-07-02 00:48:19,"You should be patient. Don’t miss any clues and conservations with NPCs.
We are so glad you love our game, and we will do better in the future. If you have any suggestion, please tell us, thank you.",2018-07-02 03:44:10
gp:AOqpTOGie6wfdnUODtCxrYbMxDH1nI6WnluynDZ23RxjmDTr6E0hwoevh10STfO3cWDYdCItwxZBHuJi_zQmS4E,100 subs with no video challenge,https://play-lh.googleusercontent.com/a-/AOh14Gji3sDrR6MGUxmG9cpyj2SoZQrbnyfyssYukmxXzw,"The game was really cool and awesome! And it has to be my favorite game so 
far. But the only reason im giving you 4 stars is because it was pretty 
short. If you would be able to make a #3 that was longer I would give you 5 
stars. Well other wise good job! 🏆🥇",4,2,1.0.30,2018-07-01 16:26:32,"Hi, thanks for your 4 stats reviews, and your support is our motivation, we will continue to optimize our game and give you a better experience in the future. If you have any other suggestion, please contact us again",2018-07-01 19:51:02
gp:AOqpTOEHSSsBhwh2siW95u1A4HDpENEN--CRqiVilJ4py2XUP3jWQntt_5kVp-95qndCR1rLhl-02ErZVUgi1CE,Arnon Tsairi,https://play-lh.googleusercontent.com/-f_oRTRQNtYk/AAAAAAAAAAI/AAAAAAAAAAA/AMZuucnYV262_k41HHYIf-IwDNdilu4q4w/photo.jpg,"A bit short, but still great",5,3,1.0.30,2018-07-01 09:31:04,"Hi, thanks for your 5 stars review, we are so glad you love our game, and we will do better in the future. If you have any suggestion, please tell us, thank you.",2018-07-01 19:50:16
gp:AOqpTOHpgqQI5NV-Zl0gbuEEXmiC7k5B376lwVLsNdUyYau80G3QuBjk08fj8sdhhSca6bGZwfqCbQmNakrdn1Q,Paula Teixeira,https://play-lh.googleusercontent.com/-GiRmj4_fBR4/AAAAAAAAAAI/AAAAAAAAAAA/AMZuucnNX3SUAQZ0ftpzfgldjYCufHZpsg/photo.jpg,"Loved it. Played through twice for both endings. Hope there will be more 
games from this company :)",5,2,1.0.30,2018-06-30 23:47:51,"Hello,thank you very much for your encourage.  We will do our best to improve the game in the future.  I 

promise that you will not disappointed in sequel.",2018-07-03 00:25:28
gp:AOqpTOGXpFjdDwzUEFpRgQiU9md_SiSY4EPlmOcqvixAhP4e55AcQLbcEyRpRJkyHjiOCM84U1mOh3Zc0VioGdM,Михаил,https://play-lh.googleusercontent.com/a-/AOh14Gg0i0V_Wwc9rBfO2Aikl-9kscA8Mjc5M2h1rADatQ,"Have been waiting for second part so long. It's a very good game. But I've 
beat the game three times and I didn't get last hidden achievement yet. How 
can I get it?",5,6,1.0.30,2018-06-30 05:22:11,"Hi, thank you for your always support. As for your question, we suggest you find the answer by yourself, that will be more interesting in your game adventure.",2018-06-30 05:29:21
gp:AOqpTOFAHDTeelWJePBdGof8SxhpaOpl6oQPfvXgUwtgh7amc7Qbp7oeXZdIlRAaQju-QvNfsEbjrDoJnk91LeA,erica joi,https://play-lh.googleusercontent.com/a-/AOh14GhtJxR573f3z-x0l5ugZQQwNTPcWY4-XYRCtqyAqw,"I've never been so excited for a game release! Only been playing for an 
hour or so and I love it as much as the first one. Can't recommend it 
enough 🏆🏆🏆",5,5,1.0.30,2018-06-29 20:29:26,Thank you for your kind words! Your support is our motivation. We will keep improving the game in the future.,2018-06-30 00:31:39
gp:AOqpTOFK9crHhuMM3OHDSwvHexGqpW0YKHGqTwMEz5WpzKQpwpaseS3kRLY9Y8px0qo7UAgj1BCALZwvs2STn3I,michael,https://play-lh.googleusercontent.com/-W5Cc9Ki44ek/AAAAAAAAAAI/AAAAAAAAAAA/AMZuuclRUVtdwD4rXk7BxVwtiq0BIjOgFw/photo.jpg,"Love the game but cant tell if i beat it or not i launched the rocket and 
saw the msg but it doesnt feel like an ending...games short got to this 
point in about 2 hours but it was really fun gonna see if i missed anything",5,9,1.0.30,2018-06-29 10:29:23,"Hi, you will find many hidden elements after clearing the game second time. You also can unlock certain item when you meet some requirement.",2018-06-30 00:39:25
gp:AOqpTOG8Z9KoWV_QYGnF4fuHpIGjRwxDL1fRzr7eTpCWHrNDjRJx14wX4OkVCn-L8ZqvcWACozASqN_QVvPgZ2w,Jakob Fiedler,https://play-lh.googleusercontent.com/-HWv7qpFHPfE/AAAAAAAAAAI/AAAAAAAAAAA/AMZuucnqzKep-bbA7Ty8vv81gDQf68JcmA/photo.jpg,I love this game! 5/5,5,3,1.0.29,2018-06-29 08:17:18,"Hello,Thank you for your always suppport.",2018-07-02 23:52:38
gp:AOqpTOGr6Oo3b3jMwyaWgx9DY2u2Qj-W47d0I_cT5tQUDJy0HZjGAc8ZoURhNaRN93ZumCBPONcmjMYn0oU5a0g,Ron Deka,https://play-lh.googleusercontent.com/a-/AOh14GjTSBuGzlJx7ZZxIiWCr3362D7Czpmm8DdOhfw5tw,"I just bought the game and realized that it doesn't have Google play 
support. Devs please bring Google play support to the game as soon as 
possible hopefully with achievements.",5,8,1.0.29,2018-06-29 03:13:01,"Hello, can you enter the game successfully and play it smoothly now?",2018-06-29 04:31:29
gp:AOqpTOFJOfGNt8iaSNZq3EftrgVyI9HxC5uLwPmrPNIt3QyQ7ofsWWvzpkCchHjpahl75GSOLtzvsQhgm-51Kr4,moayyad mohammad,https://play-lh.googleusercontent.com/-BuoaZxN5nHY/AAAAAAAAAAI/AAAAAAAAAAA/AMZuucm4Lh8-Uv1XQnrBuD-qUgUosSIRaw/photo.jpg,"Yesssss about time guys I was waiting for this since very long time thank 
you for making 2nd part of the ISOLAND. downloading now",5,3,1.0.29,2018-06-29 01:24:53,Thank you for your always support.  I promise you that 'Isoland 2：Ashes of Time' will not let you down.,2018-06-30 00:41:52
