reviewId,userName,userImage,content,score,thumbsUpCount,reviewCreatedVersion,at,replyContent,repliedAt
gp:AOqpTOEj6lFabbll6XYL3RkYlF6JGrDg1tHP0vkWgfHpS0pvNI_wDwXtkX8siHsJe6qHqYZGsvmLikc217DszYo,Jason McFayden,https://play-lh.googleusercontent.com/-jq8QK37tTUg/AAAAAAAAAAI/AAAAAAAAAAA/AMZuucmrr_jo749Kj6bwoUvR-k0Us-WMcg/photo.jpg,DONT WASTE YOUR MONEY. OR YOUR TIME! This game is even worse than doodle god. I decided to be less conservative about my hint usage and now I can't use any more hints. There's a time limit. So I played the hero minigame. It says the hero will continue until they need my help. I played the main game for an hour and the hero hadn't done anything. They were still fighting the same enemy as when I left.,1,0,2.3.36,2021-01-27 06:49:29,,
gp:AOqpTOEgZqvwlob8FAOp3YdAtX-U2JTU1kEHK4-pKJ1JacS9J-y0_hoooGUT5nO4Gp2kzDWFkJwsuPbc5ozBMRQ,Mandy Shultz,https://play-lh.googleusercontent.com/a-/AOh14GgvGF7k-NxivsaL0Cq0iwpS5r7GXbLpFvFoOoMa,"Its about the same as the other games. I didn't see a point of the ""hero"". Im glad i tried it out on playpass. Not all repeated recipes was excluded with the disabler active. Especially when using hints. Wasted hints bad. Some ""creations"" was poorly thought out. After a while you just stop bothering. I don't know why I was expecting something more.",3,6,2.3.36,2021-01-04 00:17:50,,
gp:AOqpTOFx6IlU8emcRhWXo0AfHlK-7u-91edk7dRF7tONc63qOQXuYNJyUm-f1Kvgnjqc_VqnYC0s7n9PX6l3Hfs,Braedon Mitchell,https://play-lh.googleusercontent.com/-gWiTKimti2E/AAAAAAAAAAI/AAAAAAAAAAA/AMZuucluem5VZUKmicbX5874j5D0HGhsNg/photo.jpg,Good game but the hero needs a faster way of getting xp,5,0,2.3.36,2021-01-01 14:21:37,,
gp:AOqpTOGRww_DcrJQuvJ_toZSl0EbYa-ATPnTyM35uFCF6PzaSBTy9A4g6Y9H3R5rXfOC6ZiFx-Bp0AbzisC4FWU,Emmett Raymond,https://play-lh.googleusercontent.com/a-/AOh14GhjkAoldZM4l5xWRNjfPwS49MJjvherFX1s1sii5w,Mindless trial and error trying to guess at the developer's moon logic as to what mixes with what to make something random. Few games capture the feeling of being a drudge in a button factory quite as well as this one.,1,1,,2020-12-27 13:11:20,,
gp:AOqpTOFKpqw30xf9tDRLsmcbUWUwRyPdlCiwmi-xpslPUfIqmd-CiSP0tKU0sfynkAPTFvURyKL3zapW3-cc9GQ,The big mix,https://play-lh.googleusercontent.com/a-/AOh14GhoUowMBdKLFQ-Siu3RvGU1kr-xMXSqZ7SCQOGNNg,Its just draging and clicking,2,0,,2020-12-08 07:30:59,,
gp:AOqpTOHY_dS9cczqbZFXgC0NkIXXMpkPo8iC4QkjoJLgjWwWWdofc6D0ua3hogmcMFtmD4SAjFVoiqn9X4pNEFs,Gianni Genzoli,https://play-lh.googleusercontent.com/a-/AOh14GhGn78mD73kLdwL8TxkBDW3JRFWwbwmgShwGAlKtw,Nice. A novel approach to alchemy with some improvements.,4,1,2.3.36,2020-11-22 07:43:52,,
gp:AOqpTOG5v6OYwFWYByuzPtwlt29mKPSGqtjYj2YqZj1Etz9R7RnpHMK8PK7Difh-G35jcY3ORpge9I8dX8tDldA,ANTHONY KNUDSON,https://play-lh.googleusercontent.com/a-/AOh14Gj0mTHrj4FI7h0BgjOe1OBc2Lh1ZuJvYIApwMc6pCw,Fun and easy with play pass,4,3,2.3.36,2020-11-17 16:06:06,,
gp:AOqpTOG6--hyU1jXWD2snQdbz5rI7ehT67RSD0jR-2Lo1d_K-qeI_boAIzZc4Z4yibN33-XdR62egvmvbspPn90,Petr Stehlik,https://play-lh.googleusercontent.com/a-/AOh14Gge7Id-x4Vcv_LwglskdN0FkwbiZQRkL09WwtVwxw,I Always liked doodle games but this one is a bit short and the heroe part is slightly boring and without the pass I would have to spend heaps real money to progress,4,16,2.3.36,2020-11-14 10:02:42,,
gp:AOqpTOEdI0KoWGjqGh6fJFCV_WRAn3WgWSmk7YtJt6ffFw0i3vIr2-DMq-y4OoPiGFZ92elxPfayPf5otayd1QM,mrp25,https://play-lh.googleusercontent.com/a-/AOh14Gjsz9AfGYu8iwAPkJfhQVoMrEpsSxAfBzPvBo5z,I don't understand the point of this game. You drag icons together that can create new icons but more often don't do anything at all...and that's it. Not really a game. More like a mindless time waster.,1,1,,2020-11-13 09:53:09,,
gp:AOqpTOExlBLVhndujORSqZOdU29uY_9GTSmojNRnT9xAMSQoV8QqwdzbPNNFuhWiKTXs9c8_dVLJJ9HZtH1aIG0,Anonymous ManPerson,https://play-lh.googleusercontent.com/a-/AOh14GhmluAV_MHDVesN3R7aZoFSHmLEOqfZ54tSrwEV0tM,"That was AWFUL.. NOTHING CLOSE to the original ""Doodle god"" game...the idle hero mode screws you over if you don't spend ALL of your stat points on attack because of the no-warning boss levels....the game itself is basically just the add-on content for the original MINUS THE BULK OF THE GAME.....",1,3,,2020-11-11 05:40:30,,
gp:AOqpTOFblwJnl-2khoEDDA84_qDoepG9gsMy0fBkylQzKIlXuAvzV8YUXk-LAvYSbp3ojPUtxLy9TggAEFgZw1I,Tomfinity,https://play-lh.googleusercontent.com/a-/AOh14Gh55em7qSIbgfIIwICooOEg1Wn3j1kwzxUFf8QPsQ,Quite fun like all Doodle games but this one falls a bit short in length which is not always a bad thing.,4,10,2.3.36,2020-11-11 04:23:26,,
gp:AOqpTOGG5fy3-fW_cNMrIEkWydqVOcQ-ZlAU9ovX6GVdO4C_V8QUqyhbyIxR2uZjhzvSnAkWk3Bs5FdJfIDDvPk,Beauty InxDarkness,https://play-lh.googleusercontent.com/a-/AOh14GgIW8Mz9sjaJ-n8ZMKCrSFX6Nm3kt5VVQhPR9pZGg,Easy game,5,0,2.3.34,2020-11-07 11:13:02,,
gp:AOqpTOFqwbAuss0BaY1DzRQ4tshniqHbzba6KA-bHzjKlO-9fwu_I7zlEXM0ELELAVOSotB3CUC0RcQYTgMDebI,Jeremy Stairs,https://play-lh.googleusercontent.com/a-/AOh14GilgUeSKz2XqK0t_TWYvxS06loSp7DLKcwoKs0b2Q,Offensive,1,1,2.3.34,2020-11-06 17:48:01,,
gp:AOqpTOHyrZiTIotOdvWlVmyoQ8-sMryPqxMcISBY2cHXYNUxH4S8lwtxT50OYTAmIat7CVM8NHals8Q4uTW5bS8,Shyanne Pattrin,https://play-lh.googleusercontent.com/a-/AOh14GidhAtrEJej9f6AP4sqYu156RBTOKub4H2ftO3zMw,"Pay to win game, with next to no content.",1,5,,2020-11-05 20:17:53,,
gp:AOqpTOGJzloObJl3onrRSdOF3-R971wGC6boN7GWPpLDmXmHqiz9BRMI40H7FgcAOUt0W60Y6JLbhnL4GJfy_hE,Bijoy Majhi,https://play-lh.googleusercontent.com/a-/AOh14GgaiT7i-5MYiirUusSH91mPXsc5rsB6AQTkn77Y,This purchase was made my friends and family members without my consent or permission,1,1,2.3.34,2020-11-04 21:09:56,,
gp:AOqpTOGpPZRIOeCdQBThwKvDrpOZPGjJKL2fVqzhnh9g5rYwZWErKmT04LliZyFLiDaVLVuMr9mrvWQpnlNoGLI,ViP DeMoNsPaWn,https://play-lh.googleusercontent.com/a-/AOh14GiYKKdBImYQ4ujN0BkRyKznlzY60bLi4TsnHBZ1bw,"Great Game, Almost 100% it 😊",5,0,2.3.31,2020-08-17 15:48:03,,
gp:AOqpTOEIFyHppSuG5kcu-IKJYrN16VxB6WL4WPW07_GJE8yvQ1pW4H2-6bEupUsk1Ja7PHBH7X7j27S_Sij3tWA,Thoughts and more,https://play-lh.googleusercontent.com/-hqv7sDlkqpY/AAAAAAAAAAI/AAAAAAAAAAA/AMZuucnr2vAUuZ6g1ROn1OFFLcgDcqAyAQ/photo.jpg,Very fun just wish i didn't beat it so quickly,5,5,2.3.31,2020-06-25 13:09:43,,
gp:AOqpTOGN5D6o1Zs-OOEbMw17i5MvE5NdOheMosAvIGs3B_3DmgnfDNrra-FPBHQFnLFivxWOJ09ahR3ZUc_scr8,Gabe Itches,https://play-lh.googleusercontent.com/a-/AOh14GifLU9bZMZTPkhCuWGWhbn2oCG9RyZkPa5owsRoBA,Good,5,0,2.3.31,2020-05-20 18:57:21,,
gp:AOqpTOFkYQdGvcIOv9OYRnj3t-F0yuCDIUE4zQIN83k07-2YWKgvfp8itSvwz909t2bSV2YqQzhYWL7mtyd0D14,Steven Briggs,https://play-lh.googleusercontent.com/a-/AOh14GjiUKijn8R6IK6vumk43Eh_-z1fFSfdEhl62zbPXQ,"So much fun, no matter how many years i play. Great way to pass time, and the cute storyline/reactions in quests are the best! 10/10 worth $$",5,18,2.3.31,2019-10-19 01:43:49,,
gp:AOqpTOHgoplgi_MzVRyMu3AiysqPKrxX9NCpoLzztebXRHAaRdJ9MuIFNxDigrUXnVqmcrWk6lOUw2HqJU4f4BE,JATS Network,https://play-lh.googleusercontent.com/a-/AOh14Gg920h0ISLA2K9IyR8kFkG7uRW7_SGZo-AcB8zARA,I absolutely love this game!!!,5,5,2.3.31,2019-10-04 21:18:58,,
gp:AOqpTOF8Bd2g6urZ1JunMDgdipDE0KwKFHCWVZzFJyCgk-UPXeqO3zRl1nrbTM7yIh4w5esL1ARWZygQDls07zg,tx modmaster,https://play-lh.googleusercontent.com/a-/AOh14GgfGfhKM2zI6-pTtrq77qHXUH8eP2SWQ-Yt5Ntl,I love all the doodle games,5,6,2.3.30,2019-02-27 17:10:51,,
gp:AOqpTOFGGr0s7w9CJmisNru1-L54AWtHyf1X2TT1aDpMFZjuYaFQ4H_Xbgl9PPCgcXQQUfjay_OjgaDfXU9Rp1M,The Thrashed Skater,https://play-lh.googleusercontent.com/a-/AOh14Gh3Tgw8ryAbkMNBaI_4pIHFYm7oo8TYQy4VXz_H,I Love It.,5,1,2.3.30,2018-05-15 06:09:00,,
gp:AOqpTOG-7tPC034jGt2mVPiHk9USX4LpURYCQue1Iy6azJJnJC63yNXiiZS8t2MV-Pu1mh4W-z1pfAPWWUf2BzA,Carl Atkinson,https://play-lh.googleusercontent.com/--xMkt9yNmBs/AAAAAAAAAAI/AAAAAAAAAAA/AMZuuckReJfmgN-ZuW1OSyAU2tTVs6EfWA/photo.jpg,Ok game but the 'hero' won't drink potions but instead uses gold to buy more and more and uses a very limited amount of gold,3,5,2.3.30,2017-11-13 04:54:47,,
gp:AOqpTOEIyEXIUPslK-oCz5VQkxBe_yABGa_ECwI6IJyuN0HeZdL-6Iak_XRXjX4MfPV1UYH-WFbQeXpa1I8L3JU,Chantel Carter,https://play-lh.googleusercontent.com/a-/AOh14GhQ67dJmkzs8mBODm1LYEn7UUWpp76WS-efPLay,Super fun,5,3,2.3.30,2017-06-21 15:37:47,,
gp:AOqpTOGrQtNc4nFGGPMwo6gYgmoWGDIrGGk9dXZY0Q5I2ppgqIq5Cx_Xerg-NLXsOL_g76YY2VJVqlwVRHV2Bf8,Amby Mae,https://play-lh.googleusercontent.com/a-/AOh14GjKvkNKQqDlkM4BPdx7Z471_PK25LJZuEggc3Ej,Love the games but if I am going to pay for a game. It better not have ads or at least be giving me things when it does...,4,18,2.3.30,2017-05-28 18:16:45,,
gp:AOqpTOGpyknpXlPBqUNWQGlNFqpOhBBiIY0wNRTpaGUb8VHrRsRwB5WccTWMKoVztTXVd8cPCYs6urp7wViokXw,Gamergad,https://play-lh.googleusercontent.com/a-/AOh14GjqryDNPeha29Q0xbwuOnhDi0_Z4Xy6yIg_ERGy,These games have always been fun,5,5,2.3.30,2017-01-12 18:41:53,,
gp:AOqpTOHbV6aQG-DEeBBLnIDOimcetIVZV4x-jfTRtwb-z-6INooEE4I3J8UEhzgmA4DGTEy4cxth5V6q4NTb09o,chiicken pox,https://play-lh.googleusercontent.com/a-/AOh14Gj6ckWXQLsM8fNsMV2Cvgp85V4VcIT6MnwbIifwwQ,I love it it's awesome some people hated it like this dude said it was black and white he must be color blind,5,12,2.3.30,2016-12-09 06:00:51,,
gp:AOqpTOHgPcyORgnQmW43O_tuzpm8IL1zed7Rr0XvsPfSw6JigxuQhs5S7ahjxc1tG5R87SdHGQAhb-Y02Wyu8AI,Eli castro,https://play-lh.googleusercontent.com/a-/AOh14GhFS6dChwyR-vTr6Kp-DZuGPBy4VhwVZPXxnbiB,This game is the BEST!!!!!!,5,7,2.3.30,2016-10-15 14:48:53,,
gp:AOqpTOFCemhMr51QDQGISlvNUWdwl4NurAQ8mh1Jj0s8jlRB_71saA_aBMPPAfKmy4E5Bx0kQBvLKjXcwotpEYg,Alexandra Arsentyeva,https://play-lh.googleusercontent.com/a-/AOh14GjAiHkBztEYs7Pr-2gqKCI-yzrpEsabEKGKGL5wjg,"До конца не реализована. В Doodle God и Doodle Evil всё-таки поинтереснее. Если разработчики доделают игру, добавят туда больше квестов, элементов и чего-нибудь нового, то игра станет намного интереснее. А так эта игра на один-два дня, не больше, к сожалению",4,23,2.3.30,2016-07-16 07:31:51,,
gp:AOqpTOGekF-XBgUc9an_ak_HweTIKAU9PKjgXWknTjmmGcaF0Tmjrq2FUBz-3eIhNIh1aaFxbBgfaUmTj7f3mrQ,DK McKing,https://play-lh.googleusercontent.com/--4zQ4lZKEjQ/AAAAAAAAAAI/AAAAAAAAAAA/AMZuuck6mJWeNVOJQ6ivto7tBwTeGR-TqQ/photo.jpg,The game is way to short and got boring quick,1,2,2.3.22,2016-04-15 21:00:09,,
gp:AOqpTOHU2B7Dah6SFBS-GZD3bwiN8vP_gszQXULV7diECXG7tCWt5n5pkGXFepZAUwjoQ4PLC3MamyUl2ibHfM4,Toni Simard,https://play-lh.googleusercontent.com/-AKq41OT7ksk/AAAAAAAAAAI/AAAAAAAAAAA/AMZuucn-NI4ByZk_hpEOh4awJ5uPv8heRA/photo.jpg,I paid money for this and it keep force closing. When u play 'my hero' it starts to lag severely after about 7 minutes to the point u can't play it at all. Fix these things please.,1,0,,2016-04-04 17:29:23,,
gp:AOqpTOGp3Q4Qbi7QwdozE56nT87SCDnSFZZ7KittWO75Uftv0soeBPdBnV-_S3sc15qPdenHvKm6TmDMxYOPhJk,James Stephens,https://play-lh.googleusercontent.com/-wmPA2i2SAq0/AAAAAAAAAAI/AAAAAAAAAAA/AMZuuck1Ml14Pp0aLVhGKHbHUlfq3jVQFw/photo.jpg,Not bad.  Story text would help guide to more combinations.  Better then historical quotes.,4,1,2.3.22,2016-01-31 06:23:57,,
gp:AOqpTOHfR0kPSsDoFWoZenke1om84jaZkEnsIm9cEg50LD5MwdlOEjn5LgJRcB3jEKKS7L9cSHUnVw7t2-gQ9A8,Tina Williams,https://play-lh.googleusercontent.com/a-/AOh14GjaH-WvWlx4Fb26HHl0P66Y-VkYFvNEY7CBgAeHpv4,Getting really tired of this game force closing itself.,3,3,2.3.22,2016-01-19 20:25:07,,
gp:AOqpTOFNEgpDjBCYdTt-3qtkCHwuP-s5uBVPaxF7qhjbWLBGDTLU-4EVwojSpFboDGinU8xff6bdtp0v40W4L0Q,cody rogers,https://play-lh.googleusercontent.com/-fWJawBiBzHU/AAAAAAAAAAI/AAAAAAAAAAA/AMZuuclcbAjLdxyo74RWi8Hxe0Z-k8buQw/photo.jpg,I like all of these doodle games because it keeps me enertained when im bored and it seems like it never ends,5,9,2.3.22,2015-12-16 18:57:19,,
gp:AOqpTOGEJ3pI3TOVoniHYAb8qcb67hXN7KDlZiGBc9dPd-CjkTmz-S76MsZ2tYYHRYkplKVpXHz6qs6hl1GOm1I,Cody Hale,https://play-lh.googleusercontent.com/-niGtm1OF9OY/AAAAAAAAAAI/AAAAAAAAAAA/AMZuuclWM-ndtn7s9-tRZvaX1vp_r3S6JQ/photo.jpg,Best puzzles in the store,5,0,,2015-11-01 22:45:22,,
gp:AOqpTOFwKnhaLvR0PI3MZMuK_t1YAY9XaCLlS4PVddQGNOg-pWhykoPbPLKgJevU7rjSugsEi1IHxuNLh_5j7WU,Michael Karam,https://play-lh.googleusercontent.com/-c0CHvMwLwzA/AAAAAAAAAAI/AAAAAAAAAAA/AMZuucl9IBht2vMsHH4tzUrH4cDd-G5wSw/photo.jpg,So edictive be careful lol,5,2,2.3.22,2015-09-20 17:59:56,,
gp:AOqpTOE3Bfu5Tt-ktbIxd2WVn52GiI_mFPN2EEwC9sGiRgvdVWvH7bvSAW3PkgDcj4FJkK5jm9WxSbCR2-tuf2A,Melanie Smith,https://play-lh.googleusercontent.com/-ifSsCHYLk88/AAAAAAAAAAI/AAAAAAAAAAA/AMZuucl6GWbItPsK5aUmHPbQN3E-nhtzxQ/photo.jpg,Couldn't see anything. Screen was either black or white. Could hear the music though,2,1,2.3.22,2015-08-17 19:58:16,,
gp:AOqpTOEGFUekgf-bblqO6Ku6xRRV6xgfSFzfW1Hgu8Mdy3wAaMP80oasuKQzCK8DUdIE18xYT7gcifpXYfNY1yA,MattDiamondandKeithRichman love to diddle kids,https://play-lh.googleusercontent.com/-FNzs_zK9SKQ/AAAAAAAAAAI/AAAAAAAAAAA/AMZuuckfwxfjOclKO0k1p510fgLCj3JNhg/photo.jpg,Some of the deas from Doodle God and Doodle Devil are put together and the game has evolved though there are still issues.,4,2,2.3.22,2015-07-25 07:45:56,,
gp:AOqpTOGEuCLImTQTWnm7XIIUuxFf08fYVIUnSe78Y7wBv8Pp34Q_CYj99gAxbElGZHnckLEuMLTZ5EBxJ8KFKvY,Jacob Levitch,https://play-lh.googleusercontent.com/a-/AOh14Gi5fsm3TiHjn3CwSW0PejfHhCjEcdAoXf9pTzQL,Ttt,5,1,2.3.22,2015-04-03 06:35:14,,
gp:AOqpTOE9ltVK9rh9fBcCEYl1mmeAQYIm65ppY0Z-D8Qo2ExxNngYrbwtLj4T6CekBPCcI0DYeuoW-yxapQavW7c,Aidan McGeachan,https://play-lh.googleusercontent.com/-q74TjBIbO1M/AAAAAAAAAAI/AAAAAAAAAAA/AMZuucm-JyR4HFecFWiW_QPGvIl3adMV-g/photo.jpg,Amazing game!,5,1,2.3.22,2015-03-07 03:09:30,,
gp:AOqpTOFAbgYaVugp9rzr8O-kfhgeMrCbLC1mJLn5k7HPeZmiB30zMzOGjFUbESbjjzrOX_ucUVYzg4lpTqklQPo,Jenn ellsley,https://play-lh.googleusercontent.com/a-/AOh14Gg35Uc16dCiyPa5IboReB9ki1cOMwgmQ0Og6yKalw,I left this app open for one night! And it ate 1.24GIG of data ffs what kind of application needs 1.24 gig to run in the back ground. Waste of money waste of time,1,0,,2015-02-17 14:36:15,,
gp:AOqpTOHCD67sUign_YKxxgpcFli2MFxHb6qTyWTf3W87Nw1YQznBq-FafYNicEvclqxnmSCs4AQb25M6ZtP4kPQ,Lynne Crystal,https://play-lh.googleusercontent.com/a-/AOh14Gi-guLyo8RwUPQ723jTgw4Fu_2RMrj2CU0xkcLISA,I love it,5,1,2.3.22,2014-12-13 21:45:43,,
gp:AOqpTOF6a--KTgNPBe2PS54OAJxq96FZrPAEWu46JQTsyIsa6Y0OL1FsYyug-wRFoEDQ4UkWrgVj2MEPYDByiCU,Toni Simard,https://play-lh.googleusercontent.com/a-/AOh14GhvE4UPMMQyqYfjFpPtCoVQCvEukfMegE2jpu-uiQ,"Since installing this game, my phones been overheating n there's something wrong when I play 'my hero'. This definitely should not be a paid game cuz it's got some serious glitches.",1,15,2.3.22,2014-12-09 21:22:22,,
gp:AOqpTOEr64B4km7e1SbjkhDagrMLN5XzKvYlcAbSYyOLLKFjomIZZ8cg6zsDCjj9QAYD5F3WjiLCBym7-OWP0Is,Frank de Ruiter,https://play-lh.googleusercontent.com/a-/AOh14GgbowXvUNhm6vnUQEWhxxjvrxoI1umsd4HyNwp9G8s,"Got this game after doodle god, expecting the same excellent quality. Instead, this game is about 10% of the size and adds a zpg to try and make up for it. Ads can be turned off in options, but would be nice if you'd turn them off by default in the paid versions of your games.",3,33,2.3.22,2014-12-04 05:02:02,,
gp:AOqpTOFIJKasvMZap5S4TK84JVN9LkgJcKnDhD88c0FQETUcPNfrTEvqZWdSw7hp4V4JRg2aNLJhOHvRt3oRqJo,Cyn Maloy,https://play-lh.googleusercontent.com/-Sz-J7wQE9Ck/AAAAAAAAAAI/AAAAAAAAAAA/AMZuucmhCdC2U3MFCRq5_nawldxIZH1g0g/photo.jpg,I am often disappointed in the quality of the alchemy games available but this was worth more than anything I've ever bought. Even my kids love it.,5,2,2.3.22,2014-11-29 19:10:01,,
gp:AOqpTOEdv_6Kvhn3dZfH-_86gK9hPIXkOhfrz_ljvYLtQmdEN-t9Q5n8G6RtazltDlq8uYgAjhFPY7QuKQ7zJuw,Cogrin,https://play-lh.googleusercontent.com/-OIB_ifYH5P8/AAAAAAAAAAI/AAAAAAAAAAA/AMZuucm7Ad-TT2VO74Z8BVQ1ga0Sgb7XNA/photo.jpg,Can not play battle mode at all,3,1,2.3.2,2014-11-09 05:01:26,,
gp:AOqpTOGmSdEDSnzL2MXTRC6U4VTVm0d_6heAQNUyez95nnF5wfiXoQFl4H_jhQ1u4LXDr1tnDyzb1CSuGFDXTck,Alexander Wagner,https://play-lh.googleusercontent.com/a-/AOh14GhSUausYmT_fT2fSGBEdDqypbcbEIRINpNK2au3Hw,"The rest of the app still works fine, but My Hero gives me a black screen now. App also has some pacing issues (as is to be expected in a game with microtransactions), but the fact this is a PAID game with such problems removes an additional star. :s",3,1,2.3.2,2014-11-07 20:01:53,,
gp:AOqpTOF4QJ6-PCBbMNSXDo4pd1TjQmRhd7srGERGbLh-8bIjCW8FGeh3JkfCeOe9TRzWcLLGqhpUQIdXUOmM7ls,Melissa Humphreys,https://play-lh.googleusercontent.com/a-/AOh14Gjo7DpzlQ0wmVDjhTk7D0-D9N48_vQjjBK1NAvw,"You really need to fix the glitch in Hero mode where it doesn't take 1 blue potion, it takes all of them...of course this could be Your hope to get more money from people. Fix it...",1,1,2.0.2,2014-10-20 05:20:05,,
gp:AOqpTOHbXRqSNAbJYz3V4vYjUllxEY8ixmodqmHfK4XxNXjjuOkx6rJ_CrnPCAelrl3k5ezmBRTQr1Y80TrWdQ8,Berna Delaquis,https://play-lh.googleusercontent.com/a-/AOh14GhOkqOedlvow9jgi97u8HpPybblFxzsnPtWPo_LzEo,"Not worth paying for, feels like a ripoff... Too many ads for a paid game, and you have to pay more to unlock options that should really be included. This greed ruined a really great franchise and sucked the fun out of the game. So disappointing.",1,1,2.0.2,2014-10-19 16:20:10,,
gp:AOqpTOFjh8FE8AeF1LRxoNHvapaKGRbfIAQpOyVWAVc85UhgKPKNNB3BbQM2Hmbo7blVMHHlIOBJkyCev5gPSJI,3 Deviled Onions,https://play-lh.googleusercontent.com/a-/AOh14GhSvdg6C7RWclbCrBVPWhcLecAMJ9GfyksmLEHUvA,Awesome game! Excellent way to get creative and have some fun. Worth every penny!,5,1,2.0.2,2014-10-10 20:27:28,,
gp:AOqpTOEgKOFwHktLYfzMqFwX5dEG7Y4kpQTgkWzWfHHclJQx8JQqKDIxrqictdBYK7rQ_E33HVIEs-9cBEHIioI,Nathan Tims,https://play-lh.googleusercontent.com/a-/AOh14Ghn73IK1Z2yQzXvfYEanzn8pQnXJpz_LqCeGn3QgSI,You enjoy brainless trial and error games with no clues how to get from one point to the next...and then once you get to the next point and have more stuff discovered....not any other point than that. Seriously lame!!,1,0,2.0.1,2014-08-28 13:54:26,,
gp:AOqpTOGiXHHuJ5KvrSDnerd3zndTPgwSFwgUIz8B4Gj5hSk4Po31d4tq0o9B26awiMon0WDIt3k_I1qMIbdFKV0,Brenda Dale,https://play-lh.googleusercontent.com/a-/AOh14Gho0qz9M80y2_2CFveMU8XPnx-QBwsCWhHy4JZC,Iloveit,5,1,2.0.2,2014-08-01 19:59:51,,
gp:AOqpTOEu66lXQFuYe9vK4g6yIOpT0TMFrOKF20jeDggAD7YQyhG0PtQ_ICV6Cek47j71cvMkIYt-qk73lNPKdkc,Антон Булычев,https://play-lh.googleusercontent.com/a-/AOh14Gj444PF3_e_G2D27X5FEhWzjK6F0hgrSTf060Sj96Y,"Main game and quests are quite interesting like Doodle God and Devil. But the ""hero development"" routine is totally dull, just for achievements.",5,1,2.0.2,2014-07-17 08:23:28,,
gp:AOqpTOHuID4p_HBLxLpQOvCyzVW2b9ElAFWKCcdFBVi_xutB83d9KEyYVh9Q3rSRoYwPMKPAmxqGty-qOz41HXs,Son of the Llama,https://play-lh.googleusercontent.com/a-/AOh14GgazOSQ5Nhyd4PiBWxInJ1_DCDMkeUf9wywgAgfbg,"I want my money back, it won't even start.",1,0,,2014-07-12 23:32:37,,
gp:AOqpTOGgo5EoOzN4hres9g3OKhXld2YK9yZqdekPKea7nmILIK3NWlvCeI53ObilbDzA2jJNjNwBLfXRGvJ5n-c,TozTW,https://play-lh.googleusercontent.com/a-/AOh14GjKhLLbQYL-dzt0oKCkNoxQvIKByZtlD8jJ1v04yA,Cant play it keeps on crashing,1,2,2.0.2,2014-06-23 02:33:04,,
gp:AOqpTOFiHDHbLj5yoQkC4yKDLVT2uA_3dDeh9FW6nuhH2aECURwgYdimBdVGQd0h6MsDwUIhTvVl4tCHwhejaHc,Abdiel Torre,https://play-lh.googleusercontent.com/-OipkQUemMCc/AAAAAAAAAAI/AAAAAAAAAAA/AMZuucnxaV8rIhbOdStNAGT8LWxj2Aatpw/photo.jpg,Its a good game but the game is already bought so why would you pay more money for mana,5,0,2.0.1,2014-06-13 15:10:18,,
gp:AOqpTOHG4WIR03jM9k9cSr0byEW5fkAstbC7YbONruMfOiU26Dp_-8y_doDrWKKiH5qDBvuBpMLY-EE7yKEEwGU,Azaria Jackson,https://play-lh.googleusercontent.com/a-/AOh14GhAqNN-cSwWNe4g0qu0PjxnwWZTs3d9oRVdGoct7-E,"I feel that there wasn't either content to keep me busy, I beat the game in about 4 days.",3,0,2.0.1,2014-05-27 08:06:20,,
gp:AOqpTOHJEqDw58hZbx8CSLoaUsKfO-sUK_USkL5RGw0H19LU9JxYapYnGE3jd68jqGfuRZnFK5QHzo2MIHFAHw4,Sam Lyzario,https://play-lh.googleusercontent.com/-EIcwXfHvc_0/AAAAAAAAAAI/AAAAAAAAAAA/AMZuucmofIvk4llZNICx4jyzMSdq1pN-hQ/photo.jpg,Every time I try to open it the app crashes. I'm really dissapointed because I wanted to try this game out too.,1,0,,2014-05-15 09:39:19,,
gp:AOqpTOFgA-4cT3hsQk-CzbljJ9r7HnWTewWeW-jmM2yvR6mEK93AMa4NDcmOaeDczy4HBVGmYkCF9VP8XymQ4bk,Sama Faultner,https://play-lh.googleusercontent.com/a-/AOh14GgYPrRI_-IVu7ChGVeH6aDGFuO_gKNYkOqU0HOwgw,It's a great game. But I feel that having to pay for it AND having in-app purchases is going overboard. Buying gems and such in game should be saved for the free version.,3,8,2.0.1,2014-05-14 22:37:38,,
gp:AOqpTOGL1MgqAQTGDJ0n8BnUm0Yslme9iUhXv9A9hoQBY0ziAZXf-rJuLe1-1ElVC6STP357GbHXW4CEoIU5TI4,Kiran Krishnamurthy,https://play-lh.googleusercontent.com/-3myH15mu0vc/AAAAAAAAAAI/AAAAAAAAAAA/AMZuucmH4QfzBJCIWmUdEUoiAr5xFpTKMw/photo.jpg,Crashes all the time. Cant even play press other catergories. It crashes as soon as u go to quests or other stuff. Please fix or refund,1,0,2.0.1,2014-05-13 09:51:59,,
gp:AOqpTOFnqI_NsTPMwoCPdjvWhMXwYfUyIP5bzBTB8Vg6lNJt9m3s_lEII0befeMMB0pQhcUolP-U9FWAi4g-x4k,Ashtree_Marie,https://play-lh.googleusercontent.com/a-/AOh14GiSRpMESV0H1Vcnjgaq7aJv7vsFf34DzDDqMHZJyQ,"It's a okay game but it's very slow, might need a update to fix this.",3,0,2.0.1,2014-05-03 14:50:50,,
gp:AOqpTOH3opaTVMLj9Z9CThsqo0WPmxcGq1x6xuFtQ5bE_aiV-CQ7o8ExsnLkF5FVKJ_gA4GLGA4vdm4UN1liiQg,Jian Young,https://play-lh.googleusercontent.com/a-/AOh14Gj3khDgBbDP1v09Fsgp8B2zEr1ohbl8utDz6MyPIw,So wonderful the game is I like it very muchhhhhhhhhhh,5,0,2.0.1,2014-04-24 06:21:05,,
gp:AOqpTOHZHZVRPJ945ZklvaYloRvUZM8lUUsZ1VbDjkEXXMkb1P-ucqdPwXAzNQWVF5MUJ_q8UkwgTQ2eXlKYMlo,Lawrence King,https://play-lh.googleusercontent.com/-RuoEQKRPH68/AAAAAAAAAAI/AAAAAAAAAIE/AMZuuclB_S_af7dEg4qoaOSg-AppggAbqw/photo.jpg,Good gameplay,5,0,2.0.1,2014-04-23 08:46:39,,
gp:AOqpTOELPpzXIhvGS5QCWz0EJDCEohcHmDtLKusfbKgEdv8caoBS3mzgqS5RY4sbFV_csZsfDkaOPAYx2E1K2fU,Jesus Fraire,https://play-lh.googleusercontent.com/-KKrUdE5kui8/AAAAAAAAAAI/AAAAAAAAAAA/AMZuucmnUi52OBrj7YWMMhyhmeonn3IOlQ/photo.jpg,Fun to pass by time,5,0,2.0.1,2014-04-11 16:12:59,,
gp:AOqpTOFBQfwrm2okxlEE6O6ChlDi8zXuZwV5H6IsnHSFDsAulPJQXSR7WVAVBA_v43Et1kTg-2D_y4a79ml40m0,Chris Bennett,https://play-lh.googleusercontent.com/-tUWAewhfAB0/AAAAAAAAAAI/AAAAAAAAAAA/AMZuuckS5uL_BxrvjEvr7gLZRUAuAwaPKw/photo.jpg,it suck I can't do enything,1,0,2.0.1,2014-04-11 15:39:04,,
gp:AOqpTOFvj9xLLhKRNZsDtvmM6j9JYoAczt19rRRa55zW0ElGIUGS2HlPE3ameXeUfN33yA0TfgE60wt2KssSUoE,Debbie Tedder,https://play-lh.googleusercontent.com/-uHr4UycfIaY/AAAAAAAAAAI/AAAAAAAAAAA/AMZuuckEYKrrnY9OgWbDxd0v4t9iljEMmw/photo.jpg,All the Doodle games are fun - more please!,5,0,2.0.1,2014-04-11 08:48:31,,
gp:AOqpTOGgk8wSdzoTClJEoOlVW5DoHrsWpeCRMXxF0lU9WMhL_0TthFSX7KFM46O3rz2A8jlYk-CGySsTT1khc2U,Andrew Wilson,https://play-lh.googleusercontent.com/-uR9ZrpDqrfE/AAAAAAAAAAI/AAAAAAAAAAA/AMZuucnhkwMxbVhgS8AF4gMgaqOIG2g3gg/photo.jpg,Daily reward won't go past day one. If I play 2 days in a row I don't get the day 2 reward but on the third day I'll get a day 1 reward,3,0,2.0.1,2014-04-10 15:38:23,,
gp:AOqpTOG43fRo8jzTv3s_Vh0io8tTHUM1aYXiJNQMlxY3S07yCkGZBZZVuaD3xOkr3PbtkZBtt2OhgJhEeSlxwnI,Turbo Ghost,https://play-lh.googleusercontent.com/a-/AOh14GhYOviyx8SRjorsfVMTVWWU7PrfDcBGWP_nkisbwRI,It won't work for my RCA,1,1,2.0.1,2014-04-05 19:25:42,,
gp:AOqpTOGRSwzIviPUaNMN8o3OSTqwwYDUZoEdC6Eamp5p2IGsU0XP-xDUQCJxjObf3eYjRMgrzled76Q71aQraEs,Anon Ymous,https://play-lh.googleusercontent.com/-Gu3xyWN6waQ/AAAAAAAAAAI/AAAAAAAAAAA/AMZuucnRBUm2sIYF_IAZZSF4-Aph13wuJA/photo.jpg,But the microtransactions are ridiculously priced for a paid for game. Luckily theyre never needed but the prices are still there. Also force crashed A LOT on my phone.,3,2,2.0.1,2014-04-03 06:26:50,,
gp:AOqpTOFNyEcKvy120HyAuvGPywMmjxVzOHMHdYYABYVoYSLIyD0WVz7MHrwtCQg7SsBN1HosXDdUD7eT3N-mPqE,James Brennan,https://play-lh.googleusercontent.com/a-/AOh14Gh845nFoZfnol16UWfvwMLT-wLfMvH24TlLdD9dpA,,5,0,2.0.0,2014-03-27 07:52:45,,
gp:AOqpTOGiU7nwjRSMennUSr52sneP-SWmEKO72LxMCjHlyhdszrjL61QzVh4oEad1fTsv19-cexl5sGQfYgYz32k,Kate Kerns,https://play-lh.googleusercontent.com/a-/AOh14GhjVxTkhz6hhZznMA-z0uPNjLtlljzDskeTU1BeEA,This had been my vice and I have no regrets. :-P,5,1,2.0.0,2014-03-14 13:54:26,,
gp:AOqpTOEMjEq-uH_X3jLRuAuRisLfTUtzI9Y2Ll-ROFk-Tc-lCO7hiCwf2nvlLi2HDbK85Za7oksARu0TLOKhN2k,joanne,https://play-lh.googleusercontent.com/-bAt5K48Gh2I/AAAAAAAAAAI/AAAAAAAAAAA/AMZuucl33jOUD-emttUYyJQfCXahknAsNA/photo.jpg,I love it,5,0,2.0.0,2014-03-12 13:09:40,,
gp:AOqpTOG9X3XJZla5V1XnuvFA6HfMHBklweSQSIlKWuUDC5ZYuCPdP9ao8QSNoGeQK9qqbT5YjjQf5XiuDh_RUIg,Richelle Maple,https://play-lh.googleusercontent.com/-7e4Jn459sac/AAAAAAAAAAI/AAAAAAAAAAA/AMZuucnMbOC05yKRx5GkUs9dnLpdJ474LA/photo.jpg,,5,0,2.0.0,2014-03-08 12:30:07,,
gp:AOqpTOHmpRt61HmTkMQzjDBhmgH8jhyIDrQMI3W8-OfX9tVm0WYjcWTwq_S75MhpeDSPq0NFXqYznzHGnxx4Q1E,ULTIMATE PREDZ,https://play-lh.googleusercontent.com/a-/AOh14GiyCyZJaBzq-KXUnjyuUOPPFe2ITR9CQDRQlwe5IQ,Rrrrrrrrrrrreeeeeeeeaaaaallllyyyy cool,5,0,2.0.0,2014-03-05 23:26:29,,
gp:AOqpTOHCH63Ptx5Yc5oemy40wmpWNMKYG8QicL7zqa6yqyWL00EKVFBkEFMkTfLM1gYaJcue_SwECIWviEnbq5I,Nicolas Leroy,https://play-lh.googleusercontent.com/a-/AOh14Gj7MoPSDqMgPlCYTMaFZkuKn8EwDqEXlWFriyLBLg,Awesome,5,0,2.0.0,2014-03-05 20:20:03,,
gp:AOqpTOEE3mmO-eTEEGvHjSBwiZCl3SqeIu2fmH2TAuCiUBPz6G3IxRQl4IS9o_8fBO1w0ofYdseP4adn9ZNHIgk,Achilles Adams,https://play-lh.googleusercontent.com/a-/AOh14Gg4ngN20r2DSuefpfUgfUFR1Htu3MX0vBCX1ulwsQ,"I bought this game, and when I tried to launch the game it immediately crashed.",1,0,,2014-03-02 21:11:56,,
gp:AOqpTOHonSs9F2OzYqiEwvAUy8L9SlOvlcxEJsfcVhUjY4Xp-_W30DI8lChovSN_ylpW4Fr-LCJDXIMqlp2K1tg,Josh Hibbs,https://play-lh.googleusercontent.com/-18nOWX-Ry9M/AAAAAAAAAAI/AAAAAAAAAAA/AMZuucloU1Vq6ktUu0PCjs65cEJzE6QmSA/photo.jpg,These games are awesome! Would like to see more but perhaps with new and interesting features... gets a bit samey!,5,0,2.0.0,2014-02-25 13:49:12,,
gp:AOqpTOGq6PTLNsn4Z0sxDaQQsxoxeqLOB43DoIyeM1TeLt2H7TWJ3SURb57Qz4nb2YH8rfv9uQI1z8Rzfk20HIk,Chris Mihatsch,https://play-lh.googleusercontent.com/a-/AOh14GirTQjn6-6wB3pqLW8YRQlH8lWuUW1uL5XhJnYh,More quests please! Still a great game!,4,0,2.0.0,2014-02-22 11:11:45,,
gp:AOqpTOHym9KfvgSS49cr_yExOhXzaFAAeNry0GGCx0AT6p36Nxfi4Vlx0jD2qsmemYs9Cqir2qLXiQzAaZHO3BM,Nichole Nelson[Cuello],https://play-lh.googleusercontent.com/a-/AOh14GjXMU7AboqSUJb-TyCeb28BaLEGVsCwMnRt3TwjILI,"Overall pretty fun, love the midevil theme. Sounds get stuck on in my hero mode tho, drinking and fighting. Even if you leave to another part of the game. Thry dont stop until you leave the app completely. Fix and it will be 5.",4,2,2.0.0,2014-02-20 09:43:56,,
gp:AOqpTOHg7_UQHd5fa6PdTza7ZwKhJlaxS63MWemlKmzn8IdKFNpWnkmTke8DS8hRg7dmylN8E8yHgRye9Rbiaq8,Rory,https://play-lh.googleusercontent.com/-VB4IG9BsFdE/AAAAAAAAAAI/AAAAAAAAAAA/AMZuuclij0Agw9SiYGavAzm_En_iXyv8tQ/photo.jpg,And for the idiots who complain about the ads u can turn them off in settings.,5,2,2.0.0,2014-02-16 05:50:09,,
gp:AOqpTOED_oCx02AupcKa-nbZRRWEvFCFW8HFmq0cf12iYxjPvks5uXxEaZtoZRZiVKeeFmBoEl6IJN_-OZIYkzw,j e,https://play-lh.googleusercontent.com/a-/AOh14GgIg1vmUHFT51cEuRs4FJM1sT7JngX4UlCNZMmmNA,Very fun but it's not ok to have in app perches's.,5,0,2.0.0,2014-02-13 13:55:23,,
gp:AOqpTOGvQRTUI2aHdVB8SfyBPc1TATFq7lB_NpB1wWRkxizHRVZzxqP9XKkInFlshQFgapG2NFu2QuZeybPHMns,Nick Simmonds,https://play-lh.googleusercontent.com/a-/AOh14GhQonDEHx4UEIz3Ekpabjj_2D6tDUPVo1MMTOdGpg,"There's maybe a few hours if content here, then you're done. The main doodles and the quests are fine, but short. The ""hero"" portion is trash, and also has nothing to do with the others.",2,2,2.0.0,2014-02-13 04:28:28,,
gp:AOqpTOEVP3XCKKQUzQjESisluT5Sl8geqVhu4Q9ALAtZKK3Up8bxZs7YAr8V_rmYnt0P_BsoI5Vg_9OnipLk6Lk,Mister Saucer,https://play-lh.googleusercontent.com/-nCwg378tDew/AAAAAAAAAAI/AAAAAAAAAAA/AMZuucktOG8obCS67_Q385dzFoeFKavT9Q/photo.jpg,You can visit it anytime you like and just play. Bit short but fun throughout.,5,0,2.0.0,2014-02-13 04:11:00,,
gp:AOqpTOGCNRaLoxbNzEj1ihoXp0ZgaSYzluYV-pq4NrbVwcmpHBVjyzEULXy8H2QnRy9imoOD2fRiH9Bg9G5WkkA,David Atterton,https://play-lh.googleusercontent.com/a-/AOh14GjVaoOONVebsH3qZxA2eGjxdGwYaxoNzAcTsU6ecQ,"Super addictive, creative and clever",5,1,2.0.0,2014-02-12 00:59:06,,
gp:AOqpTOES5d-1WNWbzzh5PqJBn8XVYpgtfcqi9dRDTC2rlCVqJ2FLLsqSyG1pH0i_EfcGNDHRrvHUi1Gk0IrIVOo,Adam Rizzo,https://play-lh.googleusercontent.com/a-/AOh14Ghk3T9tSN-n0p_mzzq97ays8th4iIaEZwfZiD4rLg,"It doesn't feel as inspired as other games in the series, and not as many elements. Dragon and necromancer mini games were fun. Hero mini game felt boring and pointless",3,0,2.0.0,2014-02-11 10:53:22,,
gp:AOqpTOGFixzuv3EF6CetW1Qr7c9B_YWZSB6efZ50e5JhJU6Zo58jQ7n-77QMZ8FcvVT9cokWBggQIy1fBDI_v3A,Chauncey Watches,https://play-lh.googleusercontent.com/-LitO69JfQF0/AAAAAAAAAAI/AAAAAAAAAAA/AMZuuckIHzMdosBIyl67BIsF0-YMilEHYQ/photo.jpg,"Good game, passes some time. Far too short to cost money though. In app purchases need to stop... especially when the game isn't free...",2,1,2.0.0,2014-02-11 07:45:46,,
gp:AOqpTOEVub-NZsiKUdfhxTCNdOn0BPI5P3KgoPvdYWNCtwwXQMYiTFz0TSIBco8lM2L0ly98eILU-2UJ5oEJ8_Q,Patrick Jackson,https://play-lh.googleusercontent.com/a-/AOh14Gheuw8rtwxsFS9Za-U5z8iloX4Wlart6KHvjrwN,"Pretty good time killer and I love the medieval setting. :-) Edit: I've encountered some issues with this game. When playing the running hero mode certain sounds will loop even when I'm not doing the action the sound goes with, the sounds I've encountered this issue are the drinking sound and the combat sound. I actually have the exit the game completely to get them to stop. I also don't like that my gold keeps disappearing, it makes it hard to save up for things. I'll rate it 5 stars once fixed.",3,4,2.0.0,2014-02-09 10:55:33,,
gp:AOqpTOGbrTauWUiI4Ql70ueIACqHGM-1BH9dsuBWzL-1kTDxE7pwfVhNh5Eq_PPEHJlI3GmbSlcNX_Lf9FPe5QE,jacob cay,https://play-lh.googleusercontent.com/-4RL949y58rM/AAAAAAAAAAI/AAAAAAAAAAA/AMZuuckcopmhA3onrGCQy6HrRJoX0OK6UQ/photo.jpg,Great new gameplay,5,0,2.0.0,2014-02-09 00:53:48,,
gp:AOqpTOF5N29071LWyU5RA500y3A4QlbsSbR8z_FbXAUbYgzU3ZEmBFcuzweryg-qm8itpbq8qylv5Cy5OLlZHnk,Franky martinez,https://play-lh.googleusercontent.com/a-/AOh14GhmarLZu9Ww32dz2lxUlgkbP6OzWn6Z-NbD1-aE,"I beat the game in two days. I'm not saying it was easy,it was actually really hard.But all I can really do right now is do the my hero thing and that is really boring, all you mostly do is tap the upper screen for the chests. I finished the quests to, but those were way too easy but fun, I liked the cut scenes alot. So can u guys add more.",4,3,2.0.0,2014-02-08 23:16:11,,
gp:AOqpTOETQlrZRFiaJChaKFu_fCSS4ZL-0s0G7Cc-92ciQOMSCoPm2k_NmmqiaephqLLk48vh8fh75TN1xJ3j60s,Olivia Mackey,https://play-lh.googleusercontent.com/-Jk82LeJQI3c/AAAAAAAAAAI/AAAAAAAAAAA/AMZuucmUcwlLJNx8-sigB6kxLmu0BVLbbQ/photo.jpg,Amazing,5,0,2.0.0,2014-02-08 08:54:30,,
gp:AOqpTOFi65vk4zqnSGVIkQTp1aVa-nPeEG5Apav3XrpAHx7ojog3eue89t1VBaPSudDhRI8zytgkyTrIUe6TLaU,Garth Williams,https://play-lh.googleusercontent.com/a-/AOh14GgmiU-eNVCpaW6z_agQYeTHLcr7xZElJ8D3zUgk6yM,Was a little bit disappointed in the hero part of the game.,3,0,2.0.0,2014-02-07 16:29:17,,
gp:AOqpTOGuRoSMDIy0N8HFfItpCY6ecnKMFPD8EN9Ccb8zvbyTUHAA2tqzRzt6HjNsCYfN4x11-8JoArkpqagjPJ8,Raslin777,https://play-lh.googleusercontent.com/a-/AOh14GjoyBE5kDub8vc2SYZC6MB7xWvh7C6bkK2hzy5zV14,Eh ok too simple,3,0,,2014-02-06 08:27:12,,
gp:AOqpTOFjuSLvYv6cU6xfyqc-tpx_4MDzu_f_hGqerl3nNHcfthGNC3PGjafQPBIZ6qGBQtTjOSyDJM51A13W_9A,Jordan Love,https://play-lh.googleusercontent.com/a-/AOh14GhdMx875zFzphUZ7XQ23UC0JmES7IJd_bY73baBPg,Just keep adding more quest and elements,5,1,2.0.0,2014-02-05 17:40:35,,
gp:AOqpTOHbFdEPlSCBgu6_4LXTQxlhARSbMZKkW-aD7Ux7C-CYpYlETrpM4qwmAK1QUHtKH_cHWNdNwTPpsvLQCC4,Benjamin Paredes,https://play-lh.googleusercontent.com/-OFnYy29IIPo/AAAAAAAAAAI/AAAAAAAAAAA/AMZuuckkqqEdZUjN0aab6DG5jUpEf-vsgg/photo.jpg,I love the hero game!!,5,0,2.0.0,2014-02-04 06:19:21,,
gp:AOqpTOEfuTY7GjZR_VY5CdoEz1yryPVMrigWYBNsILygPr0g8xLGzgnagNUvOrmM7uK0KdIr_j6Zmnu1z0YEgJY,Rosemarie Pierce,https://play-lh.googleusercontent.com/-436Yx3MmLXY/AAAAAAAAAAI/AAAAAAAAAAA/AMZuucmEYNjZVt3OV2qPMI5_CNp2G4h1ag/photo.jpg,,2,0,,2014-02-04 05:47:04,,
gp:AOqpTOHBooMo14OwHmxNzZVeOpAyLbrLULpfhDx6vvYpCqBhVPlJx5TIysjD8TGOBwCrTu6oD7lEWtOLup0tnG8,Suneel Utamchandani,https://play-lh.googleusercontent.com/-ghAvISc5Buc/AAAAAAAAAAI/AAAAAAAAAAA/AMZuucnWZx6Wv2siWvlJiPTdcWy6TfWUqA/photo.jpg,"Good game,  up to the Doodle game standards,  but needs a lot more elements.",4,1,2.0.0,2014-02-03 21:20:20,,
gp:AOqpTOE9DdG9mGqFYU53plwtH8sSPNu4iC4GieJuQnP-KW_YxU-qiooSw0d3IYh4FEpPGEt3J-bfrMWd6sn93PA,Matt Kaiser,https://play-lh.googleusercontent.com/-lbE-TiPajPs/AAAAAAAAAAI/AAAAAAAAAAA/AMZuuclEF9WsLVuRlRL4qKTSsEGgtQBNCQ/photo.jpg,Coolest game ever,5,0,2.0.0,2014-02-03 20:31:52,,
gp:AOqpTOFhMdoL7Y7K-W91CCIlQpNz0aTOp3WuVVLggBrwx0U4Ahg-Tch3cTJd0JY6_H2jqudgE57c8zeGu3I0vUc,Kennis Ho,https://play-lh.googleusercontent.com/a-/AOh14GheimtzTZyPsc75VtNHAbYiIREsFxG11AyAEYndpA,"Just ok. For the same price not as much reaction as god and evil, plus the hero mode should be easy on the boss has part I am looking forward for extra episode 116 elements with 13 groups just not enough",3,4,2.0.0,2014-02-03 11:55:55,,
gp:AOqpTOGRhAt2lIyM9BhBLM7AaqnTYyhWG90cFUYejrzx0BPXUHqqIs358U-ijS6FUtXEcWvaxbWqLpdbwYN7jdM,Alexander Brown,https://play-lh.googleusercontent.com/a-/AOh14Giy9zd8JkCFpEwONHKkwmNb36Au9sKUnGiUCbK04kI,,3,0,2.0.0,2014-02-02 17:33:38,,
gp:AOqpTOESSXfUjRcpV8U5vvTEPu92E-YS1gN1O8QKD2BomUbMW-w7VisP0gRQF7yin7CQ3MjZFTDpnAp8ycDAwpo,Michael Richardson,https://play-lh.googleusercontent.com/a-/AOh14GhtWLdOsXjvPC51o3d65AQMbCBLK96yEWg3DzCs,Great creative game,5,0,2.0.0,2014-02-02 11:55:03,,
gp:AOqpTOEOR1KrSjk21Bd9o1-LGtFVwFsh7PPpkO78ElaVZr9T1c6p1luibmUHLeAPIK7FKkNXOnve5R5O7iVz3ME,Jordan Vazquez,https://play-lh.googleusercontent.com/-Spfwxop0UDc/AAAAAAAAAAI/AAAAAAAAAKE/AMZuucm1x8t-oFz8C_X8ydpPy1PH-enWZA/photo.jpg,This game is very addictive. Great graphics and story lines. The only problem is that Genesis and Quests are too quick and easy to do. Maybe add more elements and quests.,5,0,,2014-02-01 01:19:19,,
gp:AOqpTOFKpJ6UXFk2w64QP0Fdg4t_0yRyXQ4pv1nVMV0GJCSv3aj7pq-peuFcuLZspzjDkHNq7NjAxQ4eky2BMdQ,Radek Antczak,https://play-lh.googleusercontent.com/a-/AOh14GggliTHuoS9RFMtQZ6y5Nwg_3WsjejjFiAgsgKA5A,I downloaded it. It crashed my phone. Uninstalled itself and WONT GIVE ME A REFUND!!!! I wish I could give 0 stars,1,0,2.0.0,2014-02-01 00:30:25,,
gp:AOqpTOEWQoDm3ncfPNFQuSd7Rk_x0CdAnHn8sgyGDvTBG1P6gRVdLHftDv6AZL3I4IpiyHwp4VURTTGcM_HKH9k,Chad Peters,https://play-lh.googleusercontent.com/-7bbIpFehTIw/AAAAAAAAAAI/AAAAAAAAAAA/AMZuucnRiFNGzCHI2KFbV12llKgmv4-pLg/photo.jpg,Ok,4,0,2.0.0,2014-01-31 18:12:09,,
gp:AOqpTOG_k89PzQBu-_3ZkgyQrp5ilLF5K-y-BwjSxjCzqUA0rwC5LN-yJi0K3sNkhnRvNT8tpDI2S_sO1upnz0Y,Nick Tkach,https://play-lh.googleusercontent.com/-ZbXwb05L1As/AAAAAAAAAAI/AAAAAAAAAAA/AMZuucm5loOIz_FBDGLukvEzz3Rmm5ISLA/photo.jpg,"Meh. Way short. Only one ""episode"" and 3 ""quests"". These are just rehashing the same concept with minor twists over and over.",3,2,2.0.0,2014-01-31 04:40:37,,
gp:AOqpTOG8I4G_VejcmLAhVlA_Ub1bFjYMQCmQfoEcUBn0ZToZLbcdZNPvOCFpoVDX5IggMvNYutR6cQPL2a84XPQ,Jaye Cats,https://play-lh.googleusercontent.com/a-/AOh14GjH2qoE5MiUboT5oV9jEbZ-Uufo3WZsh4n2AMVn8A,Great game once again. .,5,1,2.0.0,2014-01-30 20:58:13,,
gp:AOqpTOH6aDzYVjF07Bdlu5JrvKCgZRipqAf6wpvcrODfI1_1z8UsjEtk2f3zmeMjMUfX_7hwDxIrEYD34SxwFqc,Avi Caspe,https://play-lh.googleusercontent.com/a-/AOh14GhemoE5K5s6nKDNQzW_dkJQopbeUGDYAj1LhBQYoQ,Loving every second of the game.,5,0,2.0.0,2014-01-28 07:10:46,,
gp:AOqpTOFL69SSX54m1QK4k5eRVT1AmB1D0t01O9z-o9GiKpACKga8vP-x1-O4djY_cMoml4HcX_8D5L4-JOGbljM,Theresa Rose,https://play-lh.googleusercontent.com/a-/AOh14GieHSWCtBelVnqVeww5k20RTnxTsU4O4yuoNBT5rg,The my hero part needs to be fixed. The game shuts off when you try to upgrade your hero,2,0,2.0.0,2014-01-27 16:09:15,,
gp:AOqpTOEGThTRXav3it8Nnkcl3xAYhQBsxUUWaVFfPlpHYkFUtQzQZyXnfsOJuczPwpLtwCludy9Ie5Wzts4e0lg,Harry Oxley,https://play-lh.googleusercontent.com/a-/AOh14GhqsorncxIMkTkmHOqlo1bIlqZJXRfwBdcpwE6aMSU,"It annoys me when you pay for a game which then has in app purchases. One or the other not both. The game is fun enough, but marking down simply because of the in app purchases.",2,49,2.0.0,2014-01-26 13:32:36,,
gp:AOqpTOFbQ1qtWEBH6BI3qvlm6nATXqUq7Ms57yDnYqqFD1bMNsR_mHqrmwBf6NWZmBzuCVBQpB9RvbQYb1_d4gM,Spyros Dimi,https://play-lh.googleusercontent.com/a-/AOh14GhdYEVHN698-OiQyjQHXiR1kK0F4e9QtXGh2n46,Reminds me of the first Doodle God I played. It's a wonderful game and also has a few enhancements like my hero mode,5,1,2.0.0,2014-01-26 01:19:20,,
gp:AOqpTOES_NhBFfRD5e4Y1rvsF56rqvT6i1830Ubymea8tugsqH4oqWlaJeWBy_aClkPJfRWnV5rHKHArL2g_UlQ,Daniel Barnowsky,https://play-lh.googleusercontent.com/-sMS3qOAS3h4/AAAAAAAAAAI/AAAAAAAAAAA/AMZuuclxBHjVbNhrY9hHbbNMH3gdHv11aA/photo.jpg,Lol,5,0,2.0.0,2014-01-25 21:07:04,,
gp:AOqpTOHdp5dYyH3aFOvVtvlrnLLfi5tTEKB3gqQcQkC8fcA6BjcCFaSMtuQo_laN9CquBP9M26raoXwwTOffkWM,A Google user,https://play-lh.googleusercontent.com/EGemoI2NTXmTsBVtJqk8jxF9rh8ApRWfsIMQSt2uE4OcpQqbFu7f7NbTK05lx80nuSijCz7sc3a277R67g,"Good game, with just a little issue as the game crashes at times. I would change my rating to 5 if that's fixed.",4,0,2.0.0,2014-01-25 16:50:09,,
gp:AOqpTOF25d6re-mciBEQQsOAY5tUmaMc9iIP_mIuUUtEvN5JHP9r4cgZSHmZXbcXl_1eBtMSwa1yx9-TtOzIzJs,Camberley Sheffield,https://play-lh.googleusercontent.com/-580wz68U2S0/AAAAAAAAAAI/AAAAAAAAAAA/AMZuucmuIS0tjQaPn-42Ds0Ae7Gxo0iTIg/photo.jpg,"I love the series already, and the new features have just made the game even better and more entertaining. I am sure the new features are going to bring in more diverse fans!",5,0,2.0.0,2014-01-25 16:46:06,,
gp:AOqpTOHcbUkPvDWtv1UAiCkmbArh_sFBi6TkLsLE0ZapROOMt8GstOGRr8ATYAUM6y4EDp4yF7Vwfc-a8qC_gL8,Moses Pakootas,https://play-lh.googleusercontent.com/-JKMx_i8xm-A/AAAAAAAAAAI/AAAAAAAAAAA/AMZuucmMhGntSk4x7aFuUEJNeaODlKy-Qw/photo.jpg,Awsome,5,1,2.0.0,2014-01-25 08:42:08,,
gp:AOqpTOG9B_qu-RyZnNKJLX7JD-aC6U0dBiDVcmw2Ey7XLf5pmjO-kyY0rgw5fU9FuLS22ay9suSOa_klupVw41M,Evan Collins,https://play-lh.googleusercontent.com/-5SdyoNsTmoQ/AAAAAAAAAAI/AAAAAAAAAAA/AMZuucl4dR8fhz1vJn72HfcR5Z8CFnptBg/photo.jpg,Awsome,5,0,2.0.0,2014-01-24 21:04:46,,
gp:AOqpTOGitaTErL-OXLHY1Ws-E_3uezpx26nn20zn6TgDuEaCcVXQeV6orl34NgaOsm25GIePYq9ujGHwKRKv7F0,Apocalyptian Yammy Twerp,https://play-lh.googleusercontent.com/a-/AOh14GjeelxMk4M395UlQC1ExWaRkkVJP3h1RvaqtLSG,I got all these games.  They are hours and hours and hours of fun!,5,12,2.0.0,2014-01-24 14:36:24,,
gp:AOqpTOHx9yU5FKzl0Hg7kPoGW_qwTGxrTT_5NCodAIJ5NtCWgGQECqxL89HrwcTKvM0x-_LWhuQkteyXLnCc_Hs,Kayla Watkins,https://play-lh.googleusercontent.com/-Gtxp3Rjr8s0/AAAAAAAAAAI/AAAAAAAAAAA/AMZuuckwm3ezAv_gRbCSx6fJlBb_DGWJqg/photo.jpg,"Great game, just as I expected it to be. If you enjoyed the other doodle games you'll enjoy this! Way more in depth than the other doodle games. Good job!",4,1,2.0.0,2014-01-23 19:16:06,,
