reviewId,userName,userImage,content,score,thumbsUpCount,reviewCreatedVersion,at,replyContent,repliedAt
gp:AOqpTOF-JHXNnX7lSdviu7wZlJSDwwhY8NHTnBGqm7SdYKZ7jxuC5culzuK9ftLuImFeLkpFv8ne9uqcBox85A,Michael Jiang,https://play-lh.googleusercontent.com/-vu9locVCrKw/AAAAAAAAAAI/AAAAAAAAAAA/AMZuuckRsp22wcCUyGXnekEp-P3Vk6V23A/photo.jpg,Level just reset after 47???!!!,1,0,0.24,2021-02-10 02:26:05,,
gp:AOqpTOHcGzlKq9J9rhDi_XI_egGSPdZscVyxm89hf68Op0SxtEctAr3M3H3QKNV-seNcHXnLUK9HRRYDGKHoMA,Brandon Barth,https://play-lh.googleusercontent.com/-tyQzGuS57mQ/AAAAAAAAAAI/AAAAAAAAAAA/AMZuuckngP8Cq2PbKZ6t6x_i8OLgI92DBw/photo.jpg,I do love the bloodborne feel of the game and im a fan of archero type games. My complaint is the game only seems to load on a wifi so if I'm a passenger in a car & wanna play unless any of us have a Hotspot or the car has wifi I can't play. I'm assuming this is a bug of some sort. But I can basically only play when I'm home and have wifi or if somewhere I go...say Starbucks for example has wifi. Its a bit ridiculous. I also think the drop rates for gear is a bit ridiculous on the low side.,3,0,0.24,2021-02-09 07:52:44,,
gp:AOqpTOFtO91tkpBN4wi-UisE69DHfOo8n5Z8gqjmFBJyBsvrKbcpogTXTMbhnLLzESkG1FIDliJXMlbS5e4ACw,Elshaday Mebratom,https://play-lh.googleusercontent.com/a-/AOh14GjrJ-fRRwSnMJeE1tfeu_SIhLT3Ah5LsPSynhXn,IDK,3,0,,2021-02-09 05:24:15,,
gp:AOqpTOHaN5pIQZCL8znS3chjMPbNFivxjnPv80hdCIZFQveDyioDq9hXZv0DcWkA0VVNSeYrjy0tc5mJUQ_K4Q,Beanos The Pengus,https://play-lh.googleusercontent.com/a-/AOh14Gg7n2sAX4H3Z-0dB1gDbwNCG9u03lULrlTkiNBq8A,Literally an archero rip-off i beat the first chapter then refunded not worth it,1,0,,2021-02-05 14:42:12,,
gp:AOqpTOFa8PrS2PpBovSHgS1c_Y255GNoIM3FaTdkdFArJ5GiRbsARtRyGa0LXK6Kx9TaaJYqrqJ7wtycrYFxuA,JD van Schalkwyk,https://play-lh.googleusercontent.com/-snsPgB-RaKY/AAAAAAAAAAI/AAAAAAAAAAA/AMZuuclespuSefg6-bfHAPphFSKIhWYmlg/photo.jpg,I would like to see new maps been playing fir 3 weeks and have cimpleted all the maps?when can we have new maps?,2,0,0.24,2021-02-05 05:48:53,,
gp:AOqpTOEOcbTmfONnJkxKUxemrECj2xragylkQ6ccNkEbKLQGXnAGM1DxkNfwuYIkcvIVFt7OuPXu1y1QhpU13Q,alex flores,https://play-lh.googleusercontent.com/-nkrkDay4rRo/AAAAAAAAAAI/AAAAAAAAAAA/AMZuuclBMn73veTp9WxT2EdOaeKQDwOlzA/photo.jpg,Game is a rip off of games like archer hero except for minor differences. I love games that are their own game and not rip off because we're not in China. Every archer game is just like this so we uninstall since I already have 10 of the same games. Once upon a time every game was its own a not a china knockoff,1,4,0.24,2021-02-04 22:49:30,,
gp:AOqpTOFdkMXiCyYIryQAq-AdzV1ZyaNxhvQzqHCgMS-zxnuFg6vvhnSmlT7M3AijIM8w9CRTkUoTDRnqOLdwAg,Kerry Thong,https://play-lh.googleusercontent.com/-mxAZ3mPRavU/AAAAAAAAAAI/AAAAAAAAAAA/AMZuucndtR4w53i2UimtGbUI3MJgaIqBgg/photo.jpg,"What a scam! Wasted my money on this still pay-to-play game! Blatant rip off of Archero with no improvements. Scaling is even worse, progression made slow just to force micro transactions.",1,0,,2021-02-03 01:44:33,"We are sorry to hear you didn’t like the game very much. In Pro you get a pack of useful items at the beginning of the game. The gameplay is the same. Please tell us to help@pgstudio.io if you have any problems in the game, we will help!
",2021-02-03 06:06:38
gp:AOqpTOFyrhtmAI4OJ1AXJtlt863b3YS6cG8sIJYsdUIurjhOxrHzvgaVBgkMeyUfVNzCbFzqCdNo_RgCvgEBVw,Carla McNeal,https://play-lh.googleusercontent.com/a-/AOh14Giy1gz-dv3CxeU2zdtxxV-zgnA5rri_sMygEbj6kg,Game is fun but needs to clear hiccups in the game. Needs next chapter too.,4,0,,2021-02-02 08:27:21,Thank you for your feedback! We are glad to hear you like the game and we want to make it even better for you. Please tell us on help@pgstudio.io what features you want to see to rate the game by 5 stars :),2021-02-03 06:07:51
gp:AOqpTOFoHiZjtLx1oEm9T0XDwDn4xIbkTeHUPBwTMKM9vTJEWjoYHsuh8ght2zUirTe6p2Ik9GqHjCDcaKrhhA,andrei ladisla,https://play-lh.googleusercontent.com/a-/AOh14GjCVZICoB_rEmzRD85gG6_mpJpzdMk0oKlUb-dnvw,Nice game and i finish all the stages. Please update for more. 😭 will change this to 6 star later,4,1,0.22.3,2021-02-01 22:37:34,,
gp:AOqpTOHBoTTA4pXRv95_3rcE9D4H62DTzYz49kuh5Qh1u95vXYF-WWtl-k-JoLQe5U8MfbHNebnoNjFBVZkmPw,Ronnie Obrien,https://play-lh.googleusercontent.com/a-/AOh14GjFoM5rr2j7oY5eIT153JJoMAGhK4G5lq5gcSOX_g,This is truly one of the best games I've ever played that I really do like thank you all,5,0,0.22.3,2021-01-31 17:32:36,,
gp:AOqpTOFnBAeS4ipSwQrs0o5M6yvIlI3rcKMcM7ferD5EQCYOFP69HTjMeqkL-YjLMoxNijzf9ZGsUFPsoeblfA,Xzavier Evans,https://play-lh.googleusercontent.com/-NQRxBzziEO8/AAAAAAAAAAI/AAAAAAAAAAA/AMZuuckcQtRiUQ7mq7oYiqlRObvQ7f5h_w/photo.jpg,Game keeps on kicking me out,1,0,,2021-01-30 11:20:27,,
gp:AOqpTOFkqysxafoJkSZ0BvD8CrMcMN3X6n--6EBIUCGAjv00NDz9jZoZudxCe-QCBBY33x3DZYBy9Te_pkybxw,dragonplayer333 ???,https://play-lh.googleusercontent.com/a-/AOh14GgNp4UJVPa_koNjBR4TxE9aUAAevoaZZguJpQMh5g,Good game,4,0,0.22.3,2021-01-30 00:08:56,,
gp:AOqpTOE-WyvJzGaI1SwmqgVFxoTQQifgbzKLbZXajkU9CxNwhR_Yf6SP6CRi7sKhxZdEVpOpqswY9aXsGPrdJw,Lake Smith,https://play-lh.googleusercontent.com/a-/AOh14GgTb9zRDO08GaZgP-3b6K1qZCpyK-m11I8eP_vE,Awesome,5,0,0.22.3,2021-01-29 19:55:01,,
gp:AOqpTOHlo5_sNhNLeppAQNv_6apiTsKkAo5LzzgO7TG7HuH9lI7QQgY9yfXawM0N79bxtwTUkCuugSTu0ssIFg,Alec Phillips,https://play-lh.googleusercontent.com/a-/AOh14Ghx4pCunz9Vsx_kePPgjwH5aEOZKEEGwoVi-PqwZw,"Ive played many games like this butcit seems so similar to those, I would like it to be more unique, more original",4,8,0.22.3,2021-01-29 18:46:57,,
gp:AOqpTOFIviHQvCduf7gIQROiZWVSNbC6Cg30IX--hkc9Y1mt3d-zMLTaOO7_PS38ysDx_n4AUeWktHwlDxU7fw,Killer Si,https://play-lh.googleusercontent.com/a-/AOh14GiHFU0ncZCW96-_fDxSwC-BjWmXIF42lBHayFVu,Really good game developers,5,0,0.22.3,2021-01-29 14:19:17,,
gp:AOqpTOEJwsDNze0Cvy6rQTgEydtJhiK9RGibm3PwlNVvKvo_-yDsN3KaVTVKSj4EjMtHrSUaeyWdkKkgLWUX_A,SynfuL Dreams,https://play-lh.googleusercontent.com/-5qkojUl3rn0/AAAAAAAAAAI/AAAAAAAAAAA/AMZuucmSj4vQqFV4ExVlYxBzwA82GH_lcw/photo.jpg,Can be a good game but fix the attack speed of weapons Seriously 2 secs to launch your weapon at the enemies is annoying af and the mices in the game is wth fast and damage is high I only got to second stage b4 I got bored annoyed and down right angry with the mechanics of this game,1,5,0.22.3,2021-01-29 06:09:59,,
gp:AOqpTOGfWY8ViWFURTGOvus-ovvi-swApr-Zy-bGpgUdR2bhbYJzKwaOtl5BrP7Qb-fZhv1iWYLpTp3WyNjfDQ,Richard Montoya,https://play-lh.googleusercontent.com/a-/AOh14GibTc8NpchWoDuWysP9Ks9mR607BlqoBw7_G8FN1A,"They copied archero in every way dont get, shameless",1,0,0.22.3,2021-01-29 01:32:36,,
gp:AOqpTOEuJ2IgNGY2vIydsU8vD4q37nN9ddKrjCjqOomZfvvAAuVGvS5PflYLScqPjABl_fB41i1oMpHZLgEuGQ,Oscar Arellano,https://play-lh.googleusercontent.com/-0n-HJcaOFjI/AAAAAAAAAAI/AAAAAAAAAAA/AMZuucmSmFoFGCUqPnf95963im5ZCoGfmw/photo.jpg,"I would give it five stars but I would really hope to see the next update cuz no one is gonna want to keep this game on their devices if it keeps crashing for no reason , my phone is meant to have more than enough GB's to hold game storage , I know my phone is not the problem so it's a really great game especially if you enjoy a challenge",3,34,0.22.3,2021-01-28 20:58:40,"We're happy to hear you like our game! We're already working on more cool content including weapons and monsters. If you have any questions about the gameplay, feel free to ask at help@pgstudio.io",2021-02-04 04:42:58
gp:AOqpTOF20NbP4F-pFklQKnIiCn9buGYjE-48a55m6_3z_bopDyIs2u2k3UKqvon9RG_abjy3qK5LEfwHVTnU2w,Omar Alsaadi,https://play-lh.googleusercontent.com/a-/AOh14GiSp2lNJ6nFe4i13zAyMGeQFnC7zxZjcBh9XNZn,Is there any way to move my progress data from the free version to the pro version?,5,0,0.22.3,2021-01-28 02:56:59,,
gp:AOqpTOHHWQiQ-vuFwNjaZOVQs4k6TYzEFGrbK1b-0UnQ7wYeUOpYWOuEsEVMV-bbNFkQCJnnH7BZ1WAfN2lpfw,Aaron Roberts,https://play-lh.googleusercontent.com/-h6z9JaPtARg/AAAAAAAAAAI/AAAAAAAAAAA/AMZuucnHJHk_fu1sC4bsIGu4WqW22UjOeA/photo.jpg,It's a passable game.,5,0,0.22.3,2021-01-27 14:56:31,,
gp:AOqpTOHxKgu-WJFqGLf2AFFODD-UgadaHOaljCmK6Iv_ZZcUEP5ghJcsGO78FGYmfcUs6Je-hMCqThGg23y4oQ,Addakula Sunil,https://play-lh.googleusercontent.com/-TQxB7shMzWk/AAAAAAAAAAI/AAAAAAAAAAA/AMZuucndIPfm5PCI8uMAEt9-kVqCxqQlJA/photo.jpg,Q EQ,5,1,,2021-01-27 09:43:05,,
gp:AOqpTOHjWpMRkn_8DpppHtVf_xIbdYdJQYHL3dkhLZBXVdc05TNPyLziXrRK-5wygN5xE6mxFGWWnVMBs3HEwQ,G-MaN77 Wereallgamers,https://play-lh.googleusercontent.com/a-/AOh14GjAB5kEuScjVBZPNKf6mRTNHJUGb0x5uD89yWiCbg,Very nice,4,0,0.22.3,2021-01-27 06:40:55,,
gp:AOqpTOHJEA4qG1-u9nsdIwicVzai-36VchHTuKvklxVt4fyL49kfctZ4DNvvpwKzZ-GqZjLGKcuSarq_380Dvg,Wucif3r,https://play-lh.googleusercontent.com/a-/AOh14Gj4qcxnRk4vJjy_2VNsFw-46wt0OxJ50etnNf65nfc,So far so good. Pretty solid. Love the aesthetics.,5,0,0.22.3,2021-01-26 07:52:51,,
gp:AOqpTOGifD96AoYuMgce6lVNAk1UIey6CvBZNS0ih283njdC_1D8PxAWOdnPXODWXzvOKa-HqMlq756J_WSlOQ,Mayhes,https://play-lh.googleusercontent.com/a-/AOh14GilyjJi2wLhA8v_ZkFZQn_el46sv5jt8VE0hAsIgQ,"Coins are the premium currency here. Gotta grind for them. There are no intrusive ads. The optional ads are worthy. Currently this game is worthy of five stars. There are quite expensive buys with real money. If ads popped up for anyone else, the only thing I did was watched a bunch to get an edge before playing the first level. I would like to see an option to lock the joystick in place.",5,72,0.22.3,2021-01-26 07:20:42,"Thank you for choosing our game! We're currently working on more interesting content including higher levels, weapons and monsters. If you have any questions about the gameplay, feel free to ask at help@pgstudio.io",2021-02-04 04:39:44
gp:AOqpTOEp0cWAsUu_y4ezbdoHFkup2sOwkwEVkfuaMenJ6yyp2t6wnYTD9HevQguakfXMYpvksxs6M0tH4WKXJg,Edgar Onmyouji,https://play-lh.googleusercontent.com/-VUg7BptlpG8/AAAAAAAAAAI/AAAAAAAAAAA/AMZuucnoDMf_L5RNcNLmiapFvR7gdSDKOg/photo.jpg,Kinda fun,5,0,0.22.3,2021-01-25 06:35:03,,
gp:AOqpTOH2qNxTmQu7DbHkoIMUdsG7YsiZlVlhjkypuhylhtWOamBIEI6b5pYd3e-InlelpKG-kY3d40E_-_lVvQ,انس At,https://play-lh.googleusercontent.com/a-/AOh14Gg9F5oPOTDsqdkoKI-qA8lpi3HQ4UKD1S7dEZjwaQ,"It's a very addicted game. Nice controls, fun, competitive and a nice menu. It would be better if you added some music although it a great app 5 STARS",5,24,0.22.3,2021-01-24 12:59:18,,
gp:AOqpTOE-XoDMoDBQDm5x0R644pI1sIpaXlgLQ2dqAlshty1pSSyu_cEddRBebMlq7lKXttG9bdL6HyTSULmOog,Cody Baxter,https://play-lh.googleusercontent.com/a-/AOh14GhPnB0ePc60dVMMaGkQu8r8H9sHwIuSLN78Q4yV6A,Love it! Great time killer!,5,1,0.22.3,2021-01-23 23:17:43,,
gp:AOqpTOEUyTKdoeyf6J8YYDDUAgX-whrQE4a63zrp4D70HgXa5W0Oo3RU9BFcrpDVYz1wEAAjkl06B5gtdNUwSQ,Kostiantyn Ochenash,https://play-lh.googleusercontent.com/-UDrM9qtUcZ0/AAAAAAAAAAI/AAAAAAAAAAA/AMZuuck7s31BpziYZHtLx3QAHfnQ8NWtnA/photo.jpg,Ok,5,0,0.22.3,2021-01-23 15:09:30,,
gp:AOqpTOHkDRpGXF6cP5b3wGyG1JoDKiAqCQqVBQvCk-CqmpF3PzAkyABTQBNILsC-B6v-oq0wAj2sbfZVFWxQ8g,Lil Shy Gal B,https://play-lh.googleusercontent.com/a-/AOh14Gh9i5OekQDQ9SItq0ehu5b_FRVgs3jp6kn_4PYtCQ,Cool game. But where are the female characters to play?!?,2,4,0.22.3,2021-01-22 16:05:59,,
gp:AOqpTOHeYI6j_YxRN9ITB8JW4F1iAHFhZdHc2VoKaWg2gc5lIlMmQe5-NKaANdvyEER4TGW2KTBLxDO9cpH4eA,Hew Nathan,https://play-lh.googleusercontent.com/-GA0XvRs0Ru0/AAAAAAAAAAI/AAAAAAAAAAA/AMZuucmEAwVX6l3RtxLi-z8EwHYksQVCTg/photo.jpg,Nice,5,0,0.22.3,2021-01-22 06:23:33,,
gp:AOqpTOG_r-ttU593Kygn3R9A12naZOGfE1dCHBVoleTRSbFBNulhB9Inp5C0ksNFY1wOH9If_celU_V7JJxhXg,Hadinata Santoso,https://play-lh.googleusercontent.com/a-/AOh14GgKC1aGOSr0SPozqHwB4G0bkhMomAzdNmjzC9ir,Please fix the sound file execution and post ad freeze. It really annoying after paying 1 dollar,4,4,0.22.3,2021-01-18 17:06:53,"Thank you for choosing our game! Please tell us what problems you faced on help@pgstudio.io. We will do our best to help you!
",2021-01-20 06:00:36
gp:AOqpTOHG6WAclXSzqOBOhNo7SXG79gCbIXr1a98xWXKcO6Ij1jwTCtLqinHmi8O3bq5PKYdntxDJ8k_NqEEQhQ,Larry Worden,https://play-lh.googleusercontent.com/-G-vfQ752SS0/AAAAAAAAAAI/AAAAAAAAAAA/AMZuuclaJmpKhFVtnZdOn5-0-2ZmOdoRxA/photo.jpg,Great game!,5,0,0.22.3,2021-01-12 23:01:36,"Thank you for choosing our game! We're currently working on more interesting content including higher levels, weapons and monsters. If you have any questions about the gameplay, feel free to ask at help@pgstudio.io",2021-01-20 06:26:50
gp:AOqpTOFxyTbzjqfNZXf17z2pWUiu-l2CM9NBqs5GxbpWcyKGsXsqFleCkqRp0dfK47ZEslVvyA3nYJ5Go0SjCQ,R. Lizdas,https://play-lh.googleusercontent.com/-A0XtpyVMLXk/AAAAAAAAAAI/AAAAAAAAAAA/AMZuuckyQGRq58QU2VwKhiB6lm6AWpg37g/photo.jpg,Second time a charm 😎.,4,0,0.22.3,2021-01-10 09:48:14,"We're happy to hear you like our game! We're already working on more cool content including weapons and monsters. If you have any questions about the gameplay, feel free to ask at help@pgstudio.io",2021-01-20 23:23:54
gp:AOqpTOE1i6dJ7nvyKbryYX9cX1ST_tAXifU90RPrN-4hclmNsdszWc3qUk3H0IhPoxdQ8Mvf8LlachQmOCOVZA,Jonathan Curry,https://play-lh.googleusercontent.com/a-/AOh14Gg-XFehUL9VCaDCaSzpFGWc13wIilEmBHnwGrn8Aw,Fun game.,4,0,0.22.3,2021-01-09 16:55:29,Thank you for your feedback! We are glad to hear you like the game and we want to make it even better for you. Please tell us on help@pgstudio.io what features you want to see to rate the game by 5 stars :),2021-01-20 23:24:02
gp:AOqpTOEf8xG6-xDSTrzpqxS2kHx0M3fPKPuxB0ogv6VwSL6hY3a0qwF20Dva7fAo5BkkZn3vI24fzwEiMEEM_g,kirito asuna,https://play-lh.googleusercontent.com/-7AvTZpHBcsw/AAAAAAAAAAI/AAAAAAAAAAA/AMZuuckzMoWTk8X0V1PtkLNMehaI3SdyzA/photo.jpg,Goooooooood,5,0,0.22.3,2021-01-09 08:40:32,"Thank you for choosing our game! We're currently working on more interesting content including higher levels, weapons and monsters. If you have any questions about the gameplay, feel free to ask at help@pgstudio.io",2021-01-20 23:24:11
gp:AOqpTOEqbwcovej3h_hq8IdtzSYP8r2pd2j_DXwrrDuWCOjd_fIoo38YcZn60e_jFlFPXWKlu43Jxv9h7zkhLA,Boon Spartan,https://play-lh.googleusercontent.com/a-/AOh14Gg69ZVy9vHUIzh6kRo1bGy1bK8oGFrwFQDLUwfoXDI,"On the edge of my seat every time,loving every moment of it!!Beautiful graphics!🤘💀",5,6,0.22.3,2021-01-07 04:32:35,"We're happy to hear you like our game! We're already working on more cool content including weapons and monsters. If you have any questions about the gameplay, feel free to ask at help@pgstudio.io",2021-01-20 23:25:38
gp:AOqpTOFwwghSTcKb7Atq3hyDTurJR7SRU0PLuVAtu8A4k0fsuEs9AMC-UlWNqbxQs4ekS-o4Q1XfiraJFa9olw,Maxy Boy,https://play-lh.googleusercontent.com/a-/AOh14Ghz4EoRSV0cjzu7BmoMimskLgZWTQcy8alkHjDPlw,a bullet hell with bad controls just doesn't work,1,0,,2021-01-03 01:06:20,"
Sorry to hear the game did not meet your expectations. Please tell us what’s wrong on help@pgstudio.io. We want to make the game better for you",2021-01-21 00:20:57
gp:AOqpTOHcKjQYZYC_LEvzvH5GeWhHVOZJVRutKXmy2CydtoFHV6extfWEWfgL3Dg43J2TRcsqM3FPuS8EF8yTfQ,Andrew Gerrior,https://play-lh.googleusercontent.com/a-/AOh14GhTrUaO1uQsvt76CuuDrbPa4p3Ucfcl4_hlRA9M,Really fun and challenging,4,1,0.22.3,2021-01-02 21:39:45,Thank you for your feedback! We are glad to hear you like the game and we want to make it even better for you. Please tell us on help@pgstudio.io what features you want to see to rate the game by 5 stars :),2021-01-21 00:21:26
gp:AOqpTOFmFMouRg_AKtE8CjoWGrweIpzheTVfzAL0QSfNMBX_5YkXDcP89OSYV7sGURXfOzL-QWN7EFk7ra9kOA,Aydincornell Cornell,https://play-lh.googleusercontent.com/-FgGLz04oPDA/AAAAAAAAAAI/AAAAAAAAAAA/AMZuuclYgm3BuWd0YyKwVq_0Zctc8sfh8w/photo.jpg,It was bad it would not let me take damage I would get hit and my health did not go down,2,1,,2021-01-02 01:42:31,"
Sorry to hear the game did not meet your expectations. Please tell us what’s wrong on help@pgstudio.io. We want to make the game better for you",2021-01-21 02:18:32
gp:AOqpTOEQd7MaCl20cj9PwZNucxtRH-Q9kHm0c1F46iufs07YQS1UisHwW6ZhFC3vCv0VyD5jWG2AfzR9t4aINw,Kingston Tolls,https://play-lh.googleusercontent.com/-I8hiBvaHoYU/AAAAAAAAAAI/AAAAAAAAAAA/AMZuuckuxHQH8FPY-2kbIQu2UYhMA2-6BQ/photo.jpg,Good game,5,0,0.22.3,2021-01-01 16:05:58,,
gp:AOqpTOG7oZk1zqaxHpgdYmYYQiA7nO2phU6mv4Pbfd-2CESLXc0QNWGhk1eoYp2USr_WdBGR0n7U_g-6I0jQ9Q,Himanshu Mane,https://play-lh.googleusercontent.com/a-/AOh14Gib4Vom-nQgN_HTCjsbTtlaBcastVZZIgNZfh0g,Needs better aiming mechanism. Ads don't work and you get stuck if you have a key. Need better source for gathering items. Hope you work on it asap.,2,32,0.22.3,2021-01-01 11:57:45,,
gp:AOqpTOGBIBoN130HbUNUX2wXk4SYicBcEKdgZPp3kb83-bQwBHgiF3ZTYX8h7PAGoWTk8bmst0nncuhCmZ-Wkw,EDGEWASTAKEN,https://play-lh.googleusercontent.com/-sWfxr6fk378/AAAAAAAAAAI/AAAAAAAAAAA/AMZuucmZKpnQwxvhLg_BUMC_ffrJpiZX7A/photo.jpg,"This is literally an exact copy of archer but it costs money, the only difference is the graphics which somehow makes it worse",1,8,0.22.3,2021-01-01 10:22:09,,
gp:AOqpTOGu0u4TVeGNQgD8X-8pID10q7-x9q_qvPOZEWkEIqyKRn4LYkMxCe4t2HT_x30Qf68nomF_XThGarrlTw,Dom McInnis,https://play-lh.googleusercontent.com/a-/AOh14GgjfhBdk5ryTQPt81Mw4EBsMB2Ry6Er7kUX0Hhw,Could get more coins for missions,3,0,0.22.3,2021-01-01 09:59:35,,
gp:AOqpTOG03XS06x6rQK2sIcxugvTuxbrAp_aS-eDgN5rurEjbORVewJ6k_dQDiuYQjQnbbgd2eDt5jyUahEh5pw,zerogen ultra,https://play-lh.googleusercontent.com/-BcRu5twBNmo/AAAAAAAAAAI/AAAAAAAAAAA/AMZuuckELSMtF8mI8EtafP247kELyt7bfg/photo.jpg,Good game with nice graphic,4,0,0.22.3,2021-01-01 05:10:49,,
gp:AOqpTOFXENgLnmzwjRiZqwEmjrtK_mf161bYNMH3bdRxRr4W6i4WB-CvTlMlRaYRZvsjdPmeOSH-rmlFXXYszQ,HoboQ,https://play-lh.googleusercontent.com/a-/AOh14GiCQUQc9Akh8p3oo_bW95Prvo4q0i0KHTjDaf2HZg,It's just archero but you have to pay for it,1,0,0.22.3,2020-12-31 19:32:36,,
gp:AOqpTOE0xqluW-MRMvgKcRfyMBnikiQeGbSRHb1YAWNzqsbuX3yFrxbmVdjX9twpZP9RmcHSg566hYrWkCLhkA,Kheyden Lampe,https://play-lh.googleusercontent.com/-uBRwvu0VJjQ/AAAAAAAAAAI/AAAAAAAAAAA/AMZuuckqM8v1ZMGmwAgxkfbz-QmQkDqepw/photo.jpg,Fun game,5,0,0.22.3,2020-12-31 06:34:45,,
gp:AOqpTOF9w3XHy2yHdA95mFfAXZUQFVBwJQwoeUEyySJkzrGwxteQGKoxi0Ud5SbRZvOsV-p5y1oEIjy-kpUeeA,shindo,https://play-lh.googleusercontent.com/a-/AOh14Ggig1AJSop3EFCB7CnvLIfvqZdI4iI2Rr1A3SCa-Q,Forces you to watch ad to open chests even if you have keys to open them.,1,5,0.22.3,2020-12-31 01:53:19,,
gp:AOqpTOHPCfvTPGbVhBld8VAAysuBxXMjQG2AtdzxHOG45ZK1-Qm8jgxDYpAOqWwid3BwdKpKDHAmmGksIt0q7Q,Cam Cummard,https://play-lh.googleusercontent.com/-ort2IsUHx3s/AAAAAAAAAAI/AAAAAAAAAAA/AMZuuckAaT08ZT81Lo9lpcn5MFTRhBEHiw/photo.jpg,Fun to play hard at start,5,1,0.22.3,2020-12-30 19:04:45,,
gp:AOqpTOHevsmQx4i39sqXKbDQXHMr_nPLznEcoLZvYg0jcr-Dfywx9Xj_9OTaZogRewMU20yjdKjc_NYfhcJ3dA,Zeuszanuda V,https://play-lh.googleusercontent.com/-ctcEaEqxoJA/AAAAAAAAAAI/AAAAAAAAAAA/AMZuucnL7Vws5Sz7GuTMN8obpsRPEuf_0A/photo.jpg,"На работе поранил палец, не могу играть в ""двуручные"" игры типа колды. Лучший вариант для одноручной игры. Wanna say thanks to author, this game is awesome!",5,1,0.22.3,2020-12-30 13:50:34,,
gp:AOqpTOFr80vt3X_mAyqXP7Fr-2RMOtbi8oEbDIiPH5THIyBLOYc3FSQ20-_1sCRmfINex8uKRRq040fE7KN2-A,Kj Gussel,https://play-lh.googleusercontent.com/a-/AOh14GhDg6NLecdjVvjg9IBv1GGrgEEnmcRTpPlhTuGSgQ,This is a copy of archero but retextured,1,0,,2020-12-30 08:49:07,,
gp:AOqpTOHjBlS1nTtZBO9LgO6m7uY1d5cLhD3MD5_DiYls2n4wp6kQA_wWdTXaAaJjYVhpwy4suElWkh5kPCr-KA,Shannie Phillips,https://play-lh.googleusercontent.com/a-/AOh14Gh32StVFb8MhPVPBh2Pi03fCr5sLBO5XYdNr6fA,Nice game,5,0,0.22.3,2020-12-29 06:30:29,,
gp:AOqpTOHS8J6SJQLlbYwLCErdxGZp2c6lIIbQbY0K6llbcJr9XYwx6ZqSmTkbDjcQXwBWElVHLsHhXz8G-F0AeQ,Dominick Madere,https://play-lh.googleusercontent.com/a-/AOh14GgcHKBMArzS9aedVB135j_DHBp05ddsdmX3PWhZwg,"Game already costs money but then they just shove in app purchases down your throat, luckily I got this free, not worth the money get the free version.",1,8,0.22.3,2020-12-28 08:41:11,,
gp:AOqpTOGx_SH2meH3iSeqSs78Ck_X5HRkxR660k0CyXNZfJVJXr0RX03_ZDcD2xBQ2I7zgPZayUhRh7HLPE3wLA,Diana Boyd,https://play-lh.googleusercontent.com/a-/AOh14Gh8MbfbM9q0SaVipNVploszs6RVJUAgfjG7DZxHmg,Paid game but not. Everything is still locked behind watch ads wall's or fork over real money. Uninstalling just for being lied to from the start.,1,37,0.22.3,2020-12-27 16:25:40,,
gp:AOqpTOHEXSxsBqnCJeRdGJEuHWolXdZ6uUAUolVl9kgRpI-CcRTxoemBGpo8JlQ_5iVeJ6o0QEvwp3JL7Y3frA,Chris Carlson,https://play-lh.googleusercontent.com/-UqscVhRL0mo/AAAAAAAAAAI/AAAAAAAAAAA/AMZuuclxnT0VvwgTD1YhnEX-TQyP7yqQlQ/photo.jpg,Awesome app,5,0,0.22.3,2020-12-27 15:54:21,,
gp:AOqpTOEWaoAP0vtWguV7hUiB5fs2BD1LhTnz6nhoq8QRu_JXTyYRDha__wqsRuKkXfFzidigBcGwGUHglAQWDw,Mayukh Biswas,https://play-lh.googleusercontent.com/-hfT3BakDNeg/AAAAAAAAAAI/AAAAAAAAAAA/AMZuucmCZV_hrVwy_LE9h3JxLKx0hw8ZRw/photo.jpg,Can't watch ad even though network connections are all good. Says network error.,2,10,0.22.3,2020-12-27 05:21:59,,
gp:AOqpTOFNAhNzcJ0V-iM-4Uo1iimy5gtq9ISrosxo7SzVUyFVNBTdu2S_X8kPcZbxhH_s-dPKP7xVNCoK7R7fJw,Graeme Hall,https://play-lh.googleusercontent.com/a-/AOh14Gj4yTRIkUTgLrOMxp_uLRdgfYRRrgiVRt10B6fSrQ,I'm back and loving it,5,0,0.22.3,2020-12-26 22:32:36,,
gp:AOqpTOG9Fse8yJb0DW1e7QMAeZqCM2tJRhhJLSRGMYori34tnOKcvhB4UArc84pQlu0P8Vkk0eSA9IqkyZSNNg,Freddie Rivera Jr,https://play-lh.googleusercontent.com/a-/AOh14GgujAncNFXa-Zq3GsYjLhhmyZZqcRNfsBoSk654,"A paid app that is full of garbage freemium features, from an energy bar, and adds at every turn. As for the game itself, the enemy targeting is atrocious, the character movement is clunky and you cannot shoot unless you stop moving. This game has potential to be a decent game but is suffocated by greed and badly designed game mechanics and choices by dev.",1,115,0.22.3,2020-12-26 10:49:51,"We are sorry the game disappointed you. We are working hard to create an interesting game for every user. Please tell us what’s wrong on help@pgstudio.io. We want to make the game better for you
",2021-02-04 04:42:47
gp:AOqpTOHYFIhy6Lm4MMyXuyduvVnuza87VerryZymfvZM97apTf28PCar_I7mfcvo4xaPnBYkv2P3kW4TGyMvsA,Johnny Bridgeford,https://play-lh.googleusercontent.com/-9MBo8YY86Xs/AAAAAAAAAAI/AAAAAAAAAAA/AMZuucnpTixTjQC3VG-3pGnB8yY0YOOWWw/photo.jpg,Really cool game,5,0,,2020-12-20 09:01:23,"
Thank you for the feedback! We are happy that you enjoy playing. If you have more suggestions on making the action gameplay more exciting, feel free to share on help@pgstudio.io.
",2020-12-23 05:46:06
gp:AOqpTOE2plhWDvI730N8OQzF6YaogsHqI6ttSVRyinAb-5pYVkbweM5kwe_fTfs64lcRkhrb363fySzY5z8_ww,Reymond De Vera,https://play-lh.googleusercontent.com/-n7lrDFn3jKM/AAAAAAAAAAI/AAAAAAAAAAA/AMZuuckF1-SE-Sv0lz7eR9QeHM7PnwWJ0Q/photo.jpg,When will be the next update? I already finish the game so far,5,0,0.14.0,2020-12-10 23:25:48,"Thank you for choosing our game! We're currently working on more levels for the shooter. If you have any questions about the gameplay, feel free to ask at help@pgstudio.io",2020-12-18 02:08:40
gp:AOqpTOFa3xnqv4f0sPAT6CCNaOzzsvLPQrxRZj3fSE2JrAcHYPdW56R2Ct06n6zuUG-8fF68MatiX-ybpxZiKw,Daniel De Sousa,https://play-lh.googleusercontent.com/a-/AOh14GhPzsiV026E_l6irKcZNwAhzb9if33UJlroz6AVmw,Game is great can u add cloud backup so I can restore progress,4,1,0.14.0,2020-12-04 16:19:58,"We are glad you like the game! Thank you for the review. We're planning to add this option in the future. If you have any questions, feel free to contact us at help@pgstudio.io.
",2020-12-18 02:11:10
gp:AOqpTOE8QfTMQxEE04GOj3ghycfJTOLoOsjYflxXzITIz4tR90hLIA6gyoCT1hAdqodX9Z0KUUGFVAuiyVDIuA,Crisna Fajar,https://play-lh.googleusercontent.com/a-/AOh14Gh06LAgQDBrS__ZEbQ7sbR1YkgtXpq4_tvrN_JOOA,Amazing game! Overall good and smooth. The main thing that bother me is this PRO version of the game is lack some feature from the standard version. Please update this Pro version to make more parity with the standard version. Also why i can't even watch video ads while my connection is good and stable?,4,10,0.14.0,2020-11-29 21:17:05,"Thank you for such kind words! We are very glad that you found the shooter to your liking and it is Monster Killer! All Pro players will receive item packs soon. Please tell us what problems regarding ads you faced on help@pgstudio.io. We will do our best to help you!
",2020-12-18 02:29:26
gp:AOqpTOFIlcszJWqG1ayDcAocB4aGUI5IISWCZRBv37wAI7xcWX6ZqpulgrcvtpSsNbzAAgHfNOV_FfaVEtnO9w,Mhar Jhon Miguel,https://play-lh.googleusercontent.com/-u8IiUqjOTU0/AAAAAAAAAAI/AAAAAAAAAAA/AMZuuclrn24b0sgId5fYR0r8UrrRlDlDZQ/photo.jpg,need more map... the challenge this game is i already complete 😄😄,4,0,,2020-11-29 04:14:30,"Thank you for choosing our game! We're currently working on more interesting content including higher levels, weapons and monsters. If you have any questions about the gameplay, feel free to ask at help@pgstudio.io",2020-12-18 06:44:04
gp:AOqpTOEtlkga35EvkoA5Dt70ZQHeYGLUlNM5tmnXInwfToBWNj6S6S5n9Nxuw-chzQP5xjFhBjnmrBMsM1mFkA,Justin Berry,https://play-lh.googleusercontent.com/a-/AOh14Gj8aqr8pd4lieT0CMb0alT_pVGxhLOCJgGAueuh,"This game, like its free counterpart, absolutely sucks. The only difference I can see is that this version isn't free, yet it still sucks as hard and as bad as the free one. The people who made this game get off on the idea of others wasting their time apparently, so they put in ads every chance they get, and a glitch prevents you from moving while taking damage so you have to watch yourself die again after wasting time watching an ad to revive. Similar powerup choices is the stupidest thing evr",1,5,,2020-11-22 15:56:54,We are sorry to hear you are not happy with the game. You can skip the ads if you don't want to watch them. Please tell us to help@pgstudio.io if you have any problems or suggestions. We will help you!,2020-11-24 05:06:07
gp:AOqpTOFuwUGnL3fFyH8d78F4nCbNKJjhAM1ctSsoxzAKINY-F_LvFTqOcxS5FXbrr8CWYljC6XhZZDDt7CX50A,Jean-Pierre Radu O'Callaghan,https://play-lh.googleusercontent.com/a-/AOh14GgGezRbsEBec_tyIMfyQvrLWgKeWVnDLC88A6uf4g,I Love this game ! The challenge is good & I rarely find myself frustrated with the gameplay ! I've finished all 3 levels & am really looking forward to the future levels that you make ! I hope that you make many more levels & many more different types of upgrades and weapons ! I got this free so thank u very much devs for that because it's a very good game ! I bought some coin packs for continues & to unlock chests. Great game ! Good job devs ! Keep it up ! 👍😃🍀💗,5,5,0.14.0,2020-11-22 15:08:13,"Thank you for such kind words! We are very glad that you found the game to your liking and it is Monster Killer! Enjoy! And if you have any questions about the game, contact us at help@pgstudio.io, we will help you!",2020-11-24 05:06:23
gp:AOqpTOGWsK1pYdZvHciKGG5RN90Kbfl3GBw1ntXsO62AqDHuFJYeGq1cN0KvmzXAeN9xXDVxtwTWU9SYsZrLVg,Matt Vincent,https://play-lh.googleusercontent.com/a-/AOh14GjU1mdpyXkbLLQjLk4kDjIaD6zbSDAicmFTzo6L,"Problems: 1. ADs...SO MANY EFFING ADS! Not only the 30sec ones from the spin,but you will get to see some AI WITH DOWN SYNDROME skippable ADS at 5sec mark 2. Character freezes if you resurrect after watching ADS! 3. Enemies that burrow,not only it'shard to kill,it burrows quite fast..",1,6,0.14.0,2020-11-21 09:01:16,We are sorry the game disappointed you. We are working hard to create an interesting game for every user. Please tell us more about your situation on help@pgstudio.io. We will check what’s the problem!,2020-11-24 05:07:44
gp:AOqpTOEP6eHc7M74tus1-YPPqgUHHhfxSr0EGsirVKsIJuCgMyPpWx_BAB0KpZszcOB_rn5W6mePxzDcATZE8w,Harley Nicol,https://play-lh.googleusercontent.com/-rJX3hfUOfRA/AAAAAAAAAAI/AAAAAAAAAAA/AMZuucmJbCZI2V5saoTX0_kY2LwC4DieJA/photo.jpg,YEET,5,0,,2020-11-20 02:34:48,,
gp:AOqpTOGaDk1_IhIueBu_H2wdW1qdMtLZNObPVkPJ7Oa6HZ75jwoK-2MHr6mn6siQeYInl6XR6rbFaTXxRAy6rA,Salar Amirian,https://play-lh.googleusercontent.com/a-/AOh14Gh8agh3UZD2taTeIhxMBSwn7tSRPBKxXPb5I-x8yw,This isn't pro version already have to many ads why we pay ??🤨,1,3,0.14.0,2020-11-19 16:20:28,,
gp:AOqpTOFtnkOSJ_GZGo071_luZx51UBHszR3Rx8BYQ7QBsoSU8Tg9zsp1JUS2i4Wj_8XWOCxTgt1VICH6NXKQlQ,Ian Avila,https://play-lh.googleusercontent.com/-Mp7Q3lm_UdE/AAAAAAAAAAI/AAAAAAAAAAA/AMZuucmSqHaoTjuJS7gQdOZbZzMT3ptPcA/photo.jpg,The game has potential. Dark and cool creatures to fight. Got few things to consider. The game glitches(stop/lag) at some point during the game. Pretty sure not my device fault. Next is some monster are close to being invulnerable (the ones that burrows) and some attacks are almost impossible to dodge 😂. Looking forward for updates as the game offers different feel (the characters appearance changes! On what armor you equip),3,16,0.14.0,2020-11-17 08:39:52,,
gp:AOqpTOG79BV0g9NdDXeNw4qGOwHd3xzHHRn3xVWapiAcYlcBQorHEuAweb-6gYWuAaRQJCWh9DIjXraJLpwAKg,Ola Bar,https://play-lh.googleusercontent.com/a-/AOh14GjQaKkRU2hv8d7NBWNYIXjJs1W7uLjZO3m9bXZFoA,Litteraly just a bad copy of archero and they are not even trying to hide it,5,0,,2020-11-17 04:22:38,"Thank you for your feedback! We wanted to add an original style to a well-known shooter genre. If you have any questions, feel free to contact us at help@pgstudio.io.",2020-11-17 05:29:26
gp:AOqpTOEuSZJDBtw9CyjHC7MaR53JtQLlGZSLHbAfl78g03HxbJrgmqu-3oSoYC1HYO5B0ftBfoWfCBelrTerfQ,Revan Alveil,https://play-lh.googleusercontent.com/-yDyeqbqtRGw/AAAAAAAAAAI/AAAAAAAAAAA/AMZuuclOIXFRedOfeehPuTf6w-Y-nBwU0g/photo.jpg,"An archero with darker atmosphere. Graphic is good, control is responsive. Please add music, the revolver/gun sound effect can be better. Add more original skills besides the generic archero. The 3 random skills should not have duplicate. Pro is not ads free, but we get some gift/resource in the beginning. Reduce the ads please, watching one after we died and again when play a round is too much for me",5,16,0.14.0,2020-11-17 02:32:38,"Thank you for the feedback! We are happy that you enjoy playing. We're currently working to improve the game along with adding more content. Please stay with us for further improvements!﻿ If you have any questions, feel free to contact us at help@pgstudio.io.",2020-11-17 05:27:55
gp:AOqpTOEhaA9X-r67L5xMU3qD52SEa4luiw01zUvnOb_EtpsuVutpdN6gAZP55nnztOu-HFQ1t_ldz0dnQNeynw,Joseph Price,https://play-lh.googleusercontent.com/-8YJ9gBR6rnI/AAAAAAAAAAI/AAAAAAAAAAA/AMZuucmlh45wNW9rOmLgIf4gbeqLiVfUnA/photo.jpg,Video ads for bonuses do not work. Equipment drop rate is bad. Almost a good game.,3,0,0.14.0,2020-11-17 01:19:22,Thank you for your opinion! Please tell us what problems you faced on help@pgstudio.io. We will do our best to help you!,2020-11-17 05:28:16
gp:AOqpTOGR2wNAB89tzBtg5vltBVYv3iomZK08yl5c3YhqFnSCAtMRhpOzjrZKHMl8OM0Ccrjg9vfewWHAON82dA,Kreggaz z,https://play-lh.googleusercontent.com/-eyIHdEqfED4/AAAAAAAAAAI/AAAAAAAAAAA/AMZuuck4LG74LqToIEGwSW6g7AYDq22DFQ/photo.jpg,"Рулетка , приправленая автоматической стрельбой. Можно было бы поставитт и 5 звёзд, но дорогие разработчики, я не против посмотреть рекламу, и полкчить бонус. Но сделайте что нибудь с ""ошибка сети""",3,0,0.14.0,2020-11-14 04:42:27,Thank you for choosing our game! Please tell us what connection problems you faced on help@pgstudio.io. We will do our best to help you!,2020-11-17 05:28:40
gp:AOqpTOFqCUVsMnMgQwV8VOvLX8jSdN1YIFNYuico08vnwKXI6mEzXAvZ6Ba9QkRwfQMPNTZe7QlZmIED1Tb5PQ,Bwalya Mwansa,https://play-lh.googleusercontent.com/-fDkXujD69CQ/AAAAAAAAAAI/AAAAAAAAAAA/AMZuucmB_0vRaB4N6UbK-IM9U5R4_dRCWA/photo.jpg,Pro,5,0,0.14.0,2020-10-29 08:23:50,"We are glad you like the game! Thank you for the review. If you have any questions, feel free to contact us at help@pgstudio.io.",2020-11-06 06:47:17
gp:AOqpTOFXZfrLXzHSlNF44HUw64wmrObTwRF60x7LhWJeFaaI5BDEDLJPduIM9U7qaUccYGQMO5RfU5J3jrykdA,Logan Dickson,https://play-lh.googleusercontent.com/a-/AOh14Gjoi86a3bzIc69j7_rVJ5HBrE8EGUHsz2iXrYqs,This is a great game and its has good graphics and its like arch io but with guns and rtx on,5,2,,2020-10-27 07:06:35,"Thank you for such kind words! We are very glad that you found the game to your liking and it is Monster Killer! Enjoy! And if you have any questions about the game, contact us at help@pgstudio.io, we will help you!",2020-11-06 06:45:03
gp:AOqpTOHtPlnzsNxfpizNKViPMdMNXNVl6EQWUDT7anQCuFnTP8sYGP8I14Pgw30dA5d4U4WEZ_N1IyjLgBLvsQ,Joshua Miller,https://play-lh.googleusercontent.com/-PvYcZxoEQM4/AAAAAAAAAAI/AAAAAAAAAAA/AMZuuckG4ttYiymsTr5xXpVc2gOWC_2bAw/photo.jpg,"Been playing the free version for a while, I was happy to purchase the pro version, but I wish my progress from the free version would carry over, had to start over, but still my favorite game, it's awesome!",5,10,0.14.0,2020-10-14 10:15:52,"Thank you for the feedback! We are happy that you enjoy playing. If you have more suggestions on making the gameplay more exciting, feel free to share on help@pgstudio.io.",2020-10-16 05:38:49
gp:AOqpTOH6dsQwMgiF0QAL4R6QM_BpfvmmL9Q7mOKgqcGPC8WU6woWvLMQeb6z3Z1cB6JOjSzXOOh8v9657GIe2g,Charles Daily,https://play-lh.googleusercontent.com/-2dBPsg-JIrA/AAAAAAAAAAI/AAAAAAAAAAA/AMZuucl_LmhhFhhrJelLe-X6unQ3BnGNRw/photo.jpg,Fun game.,4,0,0.14.0,2020-10-12 09:48:15,Thank you for your feedback! We are glad to hear you like the game and we want to make it even better for you. Please tell us on help@pgstudio.io what features you want to see to rate the game by 5 stars :),2020-10-13 07:37:54
gp:AOqpTOERW8JzwWevF77kwTGaaBSqaM-k0sI9MgAzrksg8W58MYQI8KnEIiJ3h0mCjxLynTcCMWo89jDulbu0Xg,rose ann platino,https://play-lh.googleusercontent.com/-mp1EF-gXfEg/AAAAAAAAAAI/AAAAAAAAAAA/AMZuucnf56CS-Kv5JdYrlXcWYLjnsvCJpA/photo.jpg,nice game not bored all days alright,5,2,,2020-10-09 06:39:23,"Thank you very much for five stars! We are working hard to create an interesting game and we are happy to know you like it. If you have any questions about the gameplay, feel free to ask at help@pgstudio.io",2020-10-14 00:53:27
gp:AOqpTOG9qq0m8WQnL5zxFTorgFryB-HfcCFFrga3SHMc6icjHdAB5jtSgSjUZPqKK5qkotS1R-BefLtkBYhB8w,Charlie Spice,https://play-lh.googleusercontent.com/-Jx7zSpfFqlU/AAAAAAAAAAI/AAAAAAAAAAA/AMZuuclUZMhSNCrJq06BWSCiJDTg9A_Rfw/photo.jpg,"Really enjoy the mechanics, an it has great animations for a mobile game. Highly recommend the purchase.",5,5,0.14.0,2020-10-08 03:01:28,"Thank you for such kind words! We are very glad that you found the game to your liking and it is MK! Enjoy! And if you have any questions about the game, contact us at help@pgstudio.io, we will help you!",2020-10-14 02:39:15
gp:AOqpTOGACF2M5T_RvGTMTkuviUe9hNAA7BB29Xw-C6lf55zoX1o1pI7vMAHclZEW9tC3riC3E41bMq2iYlXlCA,SabersInc Production,https://play-lh.googleusercontent.com/a-/AOh14Gh4D2XXl7-08JK_vijZ5foELARzLm4OFkvx-9Q5tQ,I find my self playing this game every day... Give it a go,4,1,0.14.0,2020-10-05 08:12:06,Thank you for your feedback! We are glad to hear you like the game and we want to make it even better for you. Please tell us on help@pgstudio.io what features you want to see to rate the game by 5 stars :),2020-10-08 06:35:32
gp:AOqpTOGi5Ib_r3asa3pQDP7rmHHvi5LxUIrpWnfqNsPUNjkg2gkZGO08omPF1OG6me28kAdAKnLcqngRk2IKWQ,manaskant mishra,https://play-lh.googleusercontent.com/-pYjF9vfg0p4/AAAAAAAAAAI/AAAAAAAAAAA/AMZuucn1ZKTvyPIxxO-0GlQ2ahc-quSpAQ/photo.jpg,im unable to view the ads. each time its showing connection error. im unable to open the chests. i hv full network yet this is the problem. plz fix this,3,5,0.14.0,2020-10-02 21:49:08,Sorry to hear you had problems with chests. Please check your connection and tell us more about your situation on help@pgstudio.io. We’ll do our best to help!,2020-10-06 03:52:42
gp:AOqpTOHIRMrB6gKiLSchBgnClz-WvNR5tr_6Gnjz3U9iP4wzRIPQl7wQNikZjdKW2nXYrM_mvMMIvaHfsq4Dcw,Ryze_ Oxfon,https://play-lh.googleusercontent.com/-bDQdRHwg-HQ/AAAAAAAAAAI/AAAAAAAAAAA/AMZuuclNepeuDbd76xWyZQzsjxKkmy51hA/photo.jpg,This Game Is A Rip-off of archero but its for money,1,0,,2020-10-02 00:03:21,"Sotty to hear you didn't like the game. It's a new story with its own unique style in a well-known genre. Hope you'll give us another chance. If you have any questions about the gameplay, feel free to ask at help@pgstudio.io",2020-10-06 04:37:12
gp:AOqpTOEBTsS4mA6bBCawG6jVM6bzVFZ7buE8mWotowJ_T1O0zmY0PI8IpR9ULM_l8JGOwjQ5Lw50VSPpBc2eHQ,Shawn Tv,https://play-lh.googleusercontent.com/a-/AOh14GgbvNpLTxaC42qvC1oxLvC11Yak79Vn9UsMHrs8,bulok,5,2,,2020-09-29 19:32:05,"Thank you for the feedback! We are happy that you enjoy playing. If you have more suggestions or questions, feel free to email at help@pgstudio.io.",2020-11-06 06:48:05
gp:AOqpTOHzf0_7H_VoDLrAV5TxePHplpY5cxGA6IcRM2k_kEaovgwDYlkEFfqC-XX0Hxv-ZhDpdumQs5ucQrNkvQ,Yaroslav Birchenko,https://play-lh.googleusercontent.com/a-/AOh14GhZNJU1KjXIk1Fd1Vd4WQiHyeEDvQNOcC8HJk6QZQ,Make u watch ads after each round. Retarded. Do not recommend. Graphics terrible.,1,5,,2020-09-29 17:22:43,We are sorry to hear you are not happy with some moments in the game. You can skip ads after 5 seconds. Please tell us to help@pgstudio.io if you have any problems or suggestions. We will help you!,2020-10-06 04:35:54
gp:AOqpTOFSMRYlr_GoP1_gdNKfpp0JygaSyHQMLH0plZw0ukoGRgxDCeUfePgrrSb2M4XXMMbr4YTb9-7tbs1lSg,Darius Herbert,https://play-lh.googleusercontent.com/a-/AOh14GjHpiaOgA1fhEjz2bavleKWYdUW0fjOUSFVIqeN-w,"The sound effects need work, the game needs more length and in this version of the game, the ads almost never work for me...also, the wait time to go through each door is too long and 20 energy base is too little, otherwise, it's a good game, just needs work... When various things r fixed and it polished, I'd rate 4-5 stars👌🏽",3,12,0.14.0,2020-09-27 20:36:54,"Thank you for the feedback! We are working hard to create a unique and lively game world. If you have any questions or issues, feel free to contact us at help@pgstudio.io. We'll help you!",2020-10-06 03:46:13
gp:AOqpTOGYvBOM-V2V03BrzmmkmVkPFb-1CQgQ2vSjVy9roCIjU9_uCfLiWpBd-V_43arkAkJE_RYq2QFi9EzgTQ,ULove DotLove,https://play-lh.googleusercontent.com/-xXvC_0ml6oI/AAAAAAAAAAI/AAAAAAAAAAA/AMZuucn5VGB10nGJDXITwyaBgee0_iqhjg/photo.jpg,Love it 😀,5,4,0.14.0,2020-09-27 17:15:02,"Thank you very much for five stars! We are working hard to create an interesting game and we are happy to know you like it. If you have any questions about the gameplay, feel free to ask at help@pgstudio.io",2020-11-06 06:47:27
gp:AOqpTOGsKkV0_-Tzp81txPMSLHg6ph8Ucx6mS3SBFkzQRaSzm6W48wR8-MU0Q5fmxztRNp7LRMBgA0CMHIPbhQ,Brian Myers,https://play-lh.googleusercontent.com/-alrhRED9XTc/AAAAAAAAAAI/AAAAAAAAAAA/AMZuucmaWxAMfUeYLTOiqmwXM9VKUpAgyw/photo.jpg,"Very good potential - I like the Victorian London horror concept; however, if you are charging for it at least make more than 3 stages! Not sure why there are additional ads either if this is considered a premium app - they should be optional if the player wants additional bonuses. Also, after using an ad for resurrection, the character can't move for a few seconds, causing damage or even death without being able to do anything. Item drop is fairly low as well, but not as low as other games.",4,30,0.14.0,2020-09-23 16:22:41,"Thank you so much - we're happy you loved the Victorian style of the game! We've already added a new chapter - check it out ;) In Pro you get a pack of useful items, but the gameplay is the same. Please tell us on help@pgstudio.io what features you want to see to rate the game by 5 stars :)",2020-10-06 03:29:21
