reviewId,userName,userImage,content,score,thumbsUpCount,reviewCreatedVersion,at,replyContent,repliedAt
gp:AOqpTOEB2lQP0gWGZhOc50NdeU_Ofj4yACUc7oNaznHia7jo4s8owXCEONZtxJTj6tCmEHKl_MvMZJSQmYPUCLU,Tiarnan Murphy,https://play-lh.googleusercontent.com/-FfMgmruQsLA/AAAAAAAAAAI/AAAAAAAAAAA/AMZuuclSLSRKzAMVG3bXwtx_Im4zE11PWA/photo.jpg,Brilliant app forna large age range,5,17,1.2.2,2020-08-10 03:42:38,,
gp:AOqpTOFl_0VAqH39fAAS79ANklMPMTGk1mTda2nntHs0HS0T-d50quOH49dUndfa7_wCXTTtVS-BEX4x3HGvHRY,Arundhati Patil,https://play-lh.googleusercontent.com/a-/AOh14GgMpDq56IXYj-tykI6mBjmdSibK5C9FJy4AT7Xi,I paid to get a good app. But the application doesn't play the songs. There's no volume or music played to the songs. Highly disappointed. I need my money back,1,30,1.2.2,2020-06-12 20:11:20,,
gp:AOqpTOF8S6hwqmYizazdgRhIHjCL1LoGfwQhRL5i2zL_fTVJhKPPb-LOdrHNf2qEsagpgEH2qjSsh9hg1jvrc3E,Louise Gurney,https://play-lh.googleusercontent.com/-UiQ9dvFrNeM/AAAAAAAAAAI/AAAAAAAAAAA/AMZuuclQZrglOjEtJ5fOUlJNcdZz5O7JSw/photo.jpg,Excellent,5,2,1.2.2,2020-03-24 14:33:38,,
gp:AOqpTOHlRvXzADMOh2TrURYhVhuUUt-p2d-d7dQxdCqNDtqjYfE6hl5c5Z3rLCRjnuwdymlz8YnF4HNL3SMO1rw,Amanda H,https://play-lh.googleusercontent.com/-hSGX1HWILHQ/AAAAAAAAAAI/AAAAAAAAAAA/AMZuucmMdmNHCaOWlyXJOfrCht-QarUpog/photo.jpg,Can you open this app on a computer?,4,5,1.2.2,2020-01-16 15:56:44,,
gp:AOqpTOFXkbAoKoSUo4AiXUAZ0zal7iFE7V1Pl1lOhCv1J7oOTOT0fBGu2CcWnTZdw3kcZ0iblvHTrZRk1mkTOak,Angela Chan,https://play-lh.googleusercontent.com/-BaYiVhp_bVw/AAAAAAAAAAI/AAAAAAAAAAA/AMZuucldsgh6UyQ7G-oi853GjC2IXEVeZw/photo.jpg,Is there an option to play all the songs? I want to play it in the car while I'm driving and I don't want to keep pressing next.,3,119,1.2.2,2019-11-16 19:08:38,,
gp:AOqpTOGbFFKb1wRmlmePuhCt8iBowDnGhoWrZ3BNu2pHV5YnEa-Bsw4fo-PY3iHKz6D3WvYGMHd4h7CCjLa9uK0,mxxx wwewe,https://play-lh.googleusercontent.com/-nAIMt0lvz_o/AAAAAAAAAAI/AAAAAAAAAAA/AMZuuckKluUhLrrg3oXX3CU8K09IA1g8Sg/photo.jpg,Like Jolly Phonica in AMERICAN ENGLISH. Not worth a penny to me in BRITISH.,1,36,,2019-10-20 05:52:57,You can switch to American English by tapping the 'information' button in the top left of the home screen. I hope this helps.,2019-10-22 06:44:48
gp:AOqpTOF0ykdIVXt46A5rS8Vyf1jSk_GMJJuisek9kNPB033XGMi7OWPnZtHrrltzjgt60FyTqOF-xK-XiEwEk6Q,Aparna Karmarkar,https://play-lh.googleusercontent.com/-bY6jxGOyxBU/AAAAAAAAAAI/AAAAAAAAAAA/AMZuuclEJmhVEqNfuAsLCAbQLcsKV7ttMA/photo.jpg,kicking k song is missing 😕🙁,4,93,1.2.2,2019-05-28 10:51:48,"On the /ck/ song, there is a toggle on the top right hand side of the screen; it automatically plays the c song but you can change to k by tapping this button.",2019-06-18 02:43:50
gp:AOqpTOFY8ZwUaDQ9UqTI5v2A1FhPiMRBRv-mtnv9rkB2a8ZIzCnNrTtg8qyWrCJ4wZV2bfi_FiasJB-oXWBdezk,A Google user,https://play-lh.googleusercontent.com/EGemoI2NTXmTsBVtJqk8jxF9rh8ApRWfsIMQSt2uE4OcpQqbFu7f7NbTK05lx80nuSijCz7sc3a277R67g,"Love but one issue does not have an index,. Meaning to go through all to get to the one I want.",4,56,1.1,2017-09-29 14:13:52,Glad to hear you like the app. There is an index! Touch the home button then the Info (i) button. You will see all the songs listed within a scrollable view and you can touch one to go straight to that song :),2017-11-30 12:38:37
gp:AOqpTOEkZKd9XXL3zCBCyVvPQ7gw0BkizcrkkjL2aEkdfBZ4EbCyTSM34StuiGe4TlaSUqOWvjUuVApBFPalTo4,Ryan Tee,https://play-lh.googleusercontent.com/a-/AOh14GgGHWhQ_TnvfoNhzuungzrd5rMj2tUBChBb33P0-A,"If this app can be added google chromecast feature that can be play on big TV screen, it will get 5 stars from me.",4,76,1.1,2017-05-20 20:13:27,,
