reviewId,userName,userImage,content,score,thumbsUpCount,reviewCreatedVersion,at,replyContent,repliedAt
gp:AOqpTOEgfX6nmjCuJeXTikbxCvg22vekxwGmBqUhdVdDK5mgQ7yLaowUiYXnovclsccjCv1jY_ETocmQtWbL8uE,TheMackcasper,https://play-lh.googleusercontent.com/-g74CYd14rpw/AAAAAAAAAAI/AAAAAAAAAAA/AMZuucmjoz44kXkGvjAy0ASWrEVvo0YWYg/photo.jpg,Good game but the £ currency when you get to 186 £20 is missing to complete the level making it impossible to complete the game apart from that it's a good game kindly fix that level.,4,0,1.0.4,2021-01-30 14:30:12,,
gp:AOqpTOHoR6v4xjpxfSduLnIpOunxZVqHoKvcbWJUOfKbM17u05Ms8Xpvr5la5iKQZ_5YnBIIaNkebzlLc6GbRkw,Marisa Ferreira,https://play-lh.googleusercontent.com/a-/AOh14Gi7o35iR2f14XAQg-2eR87owrWGk9V_mG3P0iKD,I was charged 3 times and the app doesn't let me install it on my phone... its a Samsung galaxy s10... should work but it doesn't. It looked like a great way to kids to learn the coins and bills but when tried to buy the full version started the problems...,1,0,,2021-01-29 03:05:52,,
gp:AOqpTOHNIieBERTQ9hK50hWoVmgGTjtlS4q-irWChmp_YmSyabUMTWihaIQgCTXzXqeI-PXhCnxhvo81TH-a4Tw,lol fam,https://play-lh.googleusercontent.com/a-/AOh14GishW3nZe6lNqzVkisYQwXPRZL_HWqLABS_aNVCPzU,R,5,9,,2015-11-28 05:34:19,,
gp:AOqpTOHG-y75pmL9EAU0jjEJyD2Mqk_krOgxZ6Qb1ZGtuxdIEiTirQW96yugyx-8uQjGgnK7CB1IWa-zOGyjIDw,Ciro Guzzetta,https://play-lh.googleusercontent.com/-VIgjBi2Q7TA/AAAAAAAAAAI/AAAAAAAAAAA/AMZuucltgsWZ2Qg8u4nBGiMo28um_sJ-Ug/photo.jpg,Great app for learning money. Love it.,5,4,1.0,2014-07-04 12:16:28,,
