reviewId,userName,userImage,content,score,thumbsUpCount,reviewCreatedVersion,at,replyContent,repliedAt
gp:AOqpTOHirq3_fpGFRYWLjwGFRXOKr4SuRnZ9OqP4hTf17fQpAFb03g_baQBHQOPHpn8p1v_RlVwI6L-xUqoMvp8,Ahmad Rasyad,https://play-lh.googleusercontent.com/a-/AOh14GgKi28PbjOEpj-kAtRQknNsiT0PmREWvqNqgL95Xw,"Best icon pack ever exist, but why is this became paid? I already bough this apps before #edit its solved lol, 5-stars is back xD",5,0,7.8,2021-02-07 05:09:14,,
gp:AOqpTOFfoDbAbM59U0r0RXZRS54bxWbiQnVwx7nGa8vmjSumoJE0unOdAPXfQmBf_KTXbYxNzxvcIChQIH42O1A,Matthew Cleary,https://play-lh.googleusercontent.com/a-/AOh14GglrB6-zlCIJsDt4Nh5Q6SxJBv5oG2EiB39g5ISBw,you're best icon pack yet. don't abandon this icon pack.. EVER! literally I've got over 200 packs and I've used this one for the majority if time over the last 2 years. what will i do if you would even think about stopping the updates?!,5,0,4.8,2021-02-02 06:44:51,,
gp:AOqpTOFejJC1jaga-9ihYFjO7h1m46Q2qCvO_z7M7aY-7OqbAALLoUNA34OljPohf1jqCJs7xd9qzaynIZQ6PIk,Ravinder Yadav,https://play-lh.googleusercontent.com/a-/AOh14Gj6p6se9NdGYMRhrBijj62ak0adQnDhFiJ01yj4FQ,"After trying a lot of icon packs, paid and free... Finally my search was over with this pack. Absolutely amazing👍. Keep up the beautiful work, and keep adding more icons..",5,0,7.8,2021-01-26 23:59:25,,
gp:AOqpTOHEaCvOEz6oxvZDkZAFXgfx9RgkJR6eqihO-yuRs34LtfPeZiwvBlO6EUruN3SNSfsQ6Nehfa-Uao91Egs,Juan Cruz Barrionuevo,https://play-lh.googleusercontent.com/a-/AOh14Gjo-HE-Q692ljtIXwtGwQ4SWCLSCkz3-gABKjt11vA,Best icon pack ever. Been using it for years now. Keep up the good work!,5,0,7.8,2021-01-14 01:12:30,,
gp:AOqpTOEMuVa-lAVEzBg8hBGogxV8m3E9rnWBlEClcWJsvUFWGqLtdFs9hkCCyqXEor3SP-8YIP67iB8uSZq7-Vs,Lubbe Viljoen,https://play-lh.googleusercontent.com/a-/AOh14GhaxrcL71aIGJjwIldUJXK_Ut3AMN2mQ9U3krRWwg,"Big shout out to the creators and designers of this icon pack.. You themed every icon request I had.. simply awesome! So big thank you. Other Icon Pack developers only theme major apps and ignore requests for less known or regional apps (despite the fact that I pad for it...), but anyone purchasing this will not be disappointed by Moxy Icons!",5,3,7.8,2021-01-13 10:35:24,,
gp:AOqpTOFV18D4HZXa1-wE_w1JqYWyrJd8NKSr2whzMPeO9vKGSJpFiBCMNMQFKsaTBIOTNos1S5qXBGmNCsAV1j4,Marcus Lönnqvist,https://play-lh.googleusercontent.com/a-/AOh14GjBmumsOXsCsTJVBZB_C755Ton-08wqP5DeCFpe5aU,Great icon pack. Keep coming back to it!,5,0,7.8,2021-01-08 05:55:42,,
gp:AOqpTOEHGjS4DiVH4J2UgbLjffXHPMkXt2ukAp9R79lML1gofxEqsXIYQi4tbOXsDH5SY8ESWyprOwtF5aacTsI,Ashish K,https://play-lh.googleusercontent.com/a-/AOh14GgPM-o1o1mWwtA3vPg5IJHHUqTq271TglOeNrpQMg,"Great icon pack! One of the best in the play store. Icons for DuckDuckGo, Google Pay, and Sync Pro aren't applying automatically.",5,0,,2021-01-02 19:54:23,,
gp:AOqpTOGpybhb_KMOHbzp20Su8B5JRBNitrWsyadYmi_jbaC0e5HpGvxUOigJMsAemwzka-VmLXRwZUE-i6IxG6E,Shivam Mishra,https://play-lh.googleusercontent.com/a-/AOh14GgR2sJBb_V3GiQhPGV3uoU5pzAoPa2OIyxI5Q20,"One of the best icon packs. Looks beautiful and minimalistic, covers most of the apps and games icons. The developer also provides regular updates to this icon pack. Definitely worths more than 5 stars.",5,1,7.8,2020-12-30 00:50:22,,
gp:AOqpTOFaHtkfpgdE4BOeWIXZSmJ2GbjUBy_X03QtmIQphNKUs7dSKH3PdAQFSk6-3sCSug_2G3VT8qPKRxk3oFI,Gavin McMullen,https://play-lh.googleusercontent.com/-3leAWtriKxA/AAAAAAAAAAI/AAAAAAAAAAA/AMZuuckGqrDtHgSODxNVixx4tcezCQ7Qtw/photo.jpg,In the top 3 best icon packs for sure.,5,0,7.7,2020-12-28 22:22:43,,
gp:AOqpTOFiDLHRffBzuB2R9qg5O_ylDZfqFtCBMtg9YGkIVfGIOkgg_8sNT8F1tgwcnjRi-NG9InHnwYSxWpEODN4,Mohd Noor,https://play-lh.googleusercontent.com/a-/AOh14Gh0cUnzxSXzNHLkqUUAaYVIWOLekxeFNPe7VOmXoQ,"Further Icons are required to be added for UK: Online shopping like argos, very, cex etc, retail supermarket like Asda, tesco, JD etc, hospital, GP, AVG VPN, AVG cleaner, all banking, all flight, holiday, dictionaries, printers, prayers etc etc. All these mentioned required to bring more icons.",4,1,7.7,2020-12-27 07:29:15,,
gp:AOqpTOHGnPHaMvPaD2qX5HoJEED7h8xWG3mJMP8oIq27VdiUyMgFJ7rXUKxs8SZRqcG_kwWLzVegTossNjNx82A,Markos Rigakis,https://play-lh.googleusercontent.com/a-/AOh14GilP7G6wty6uhLef-FfvlTP_SB-pLjE50D4wWrfBw,All icons are really beautiful and they cover quite a large number of apps. Very nice job guys 👍,5,0,7.7,2020-12-20 11:01:07,,
gp:AOqpTOGEULJ9zKSrKjtHiV4zjELWODLM8onNKGgwiTMGsNBc5SjpYWipZlNUqSQGOxM8mhQPye7uzjAoZh2jWOQ,Debhra Fredeen,https://play-lh.googleusercontent.com/a-/AOh14GgAku1-7fb8f69nKy_FoBxIHTzpfOzqBJMI1Dm0bw,"Great Icon Pack. One of my favorites overall the rest, one of my 1st go to's. Plus, there is a lot to choose from in this Icon pack.",4,0,7.6,2020-12-06 19:54:25,,
gp:AOqpTOHm6eL0lCQ5vccT2qFegUz0uQkb46l3105Nj22hQrtiIEPFyz1PraZwQq_Bil73pMYM64UezTDZXDmW1Vc,Arijit basak,https://play-lh.googleusercontent.com/a-/AOh14Gg7iHsr7J1FNcQSybb0WnN_EzL8Z9GOqnXfo0bLgH4,Excellent icon pack! One of my favourite icon pack of all time!.. keep updating we love your work dev! ❤️,5,1,7.7,2020-11-17 21:37:42,,
gp:AOqpTOHBgVlIP8SwoifU8sI3Airdrzyv2mX_8I7rCZcnRKThP1T3WqKvF5YUROpQS0DTNW7wLLYDfqDBrKoL_Qg,Umbro Khan,https://play-lh.googleusercontent.com/a-/AOh14Ghuq2QhYQ3l-FBEW94xCi26BxjX8XyIeiLrNPSDcP4,Beautiful icon packs. Love different colour shades. Looks like you put hard work in these icon packs.,5,0,7.7,2020-11-15 21:59:37,,
gp:AOqpTOHJVR42C7nYIPsG8tn9lCJELAoxwm-mD6qjOiXa9pf74hNaNcVsfZvTFx3TuLFETB24_-o4ygTxg8twLX4,欧阳豪,https://play-lh.googleusercontent.com/a-/AOh14GgSIzRsuuk5YR_5ngIX4R4UEh4q_eEmqw3hKjez,Perfect,5,0,7.7,2020-11-15 02:38:06,,
gp:AOqpTOE6n1o9jY0thqSDOLu9S-tUDJcBvLSjFU368q58Y-o4s1b5pnzQFOiLdVzmWKkJQzPnXDM7_4_03GuBs2E,vishnu panchal,https://play-lh.googleusercontent.com/a-/AOh14Ggt6VnVFUwklNV7Y066mwiTgY6aCJVZETppKsu4IL8,Icons are great just update the Google icons,4,0,7.6,2020-11-02 19:57:00,,
gp:AOqpTOEhB6fNNh_d8LrCPQwvyuVIP5N_hH_5js_9VVY_N4ytJTvRs-_SYIGyFuhJ1K2KiGUc8sFyX14wUMUXzzo,Mihir Jain,https://play-lh.googleusercontent.com/a-/AOh14Gi0ixcCYdEFjF-t-InREG4k-4QypPVp0HyaUubALg,Best icon pack supports all my icon packs🙌🏼🙌🏼,5,0,7.6,2020-11-02 03:19:04,,
gp:AOqpTOFzdYHm1FzbcUnHSY2kHZfbIWjKlTaWBd2lxO6YMwwSF2OyggJ5KNZKJudNsnzLoP8rlaFg1CSKKI2mZII,Dominique Davis-Nancy,https://play-lh.googleusercontent.com/a-/AOh14Gj6aGbP8Hg6BdTTVAJrVL8QK_4pIRv0WbLtZ0O3Wg,Awesome 👍,5,0,7.6,2020-11-01 04:30:22,,
gp:AOqpTOGMUdhxOQ_hVwxoVnHYBRe2cFQgOfU63zqKoyjqhoWzSWnsIuo4GfuCq6oV3PGQAsbxz4KEQoWIQxuJTYg,Abdulaziz Bamousa,https://play-lh.googleusercontent.com/a-/AOh14Gg7zaOA3uVq-848Guj6n3aESyrfsdYfZiDcuF_5-Yo,Not perfect with oneplus phone app,4,0,7.6,2020-10-10 07:20:05,,
gp:AOqpTOGRJ8txTbPc7QBWkQ1JDzoC1QWT902e-52ej6RMPV7rKdBnUeeQKGYuEsZHsxc51JVMJs0UE2pHztIUld8,Krunal Baraiya,https://play-lh.googleusercontent.com/a-/AOh14GiivM_jNHj41KE710AaRTxoJc0NeEtEAIChPhN4bw,One of the greatest icon pack developer ever i seen.... I used lots of icon pack but this developer has my all apps icons even i don't touch to customize any icon bcz its have lots of icon and satisfied my app list.... Deserve more than 5 stars.... Anyone try to new icon packs must try this developer any one icon and you will love it... Great work dev... 😊,5,2,7.6,2020-10-01 07:57:17,,
gp:AOqpTOFUk7VcNx_lk4dIj6AyH07A4yh1a3dFBb-jnsB2JLZwUvuG0JU9Q16azvzVnwvTofpYn5o6e6MFugZPyXU,Ties Koot,https://play-lh.googleusercontent.com/a-/AOh14GgROD2nVzZOAN-t27Ys31i3rOj_Vh8nwuSbe8ezYco,"Really appreciate the added icons, but after the latest release I can't request anymore. The icon request tab just says ""nothing found"". I know for s fact that I still have icons missing from the set.",4,2,7.6,2020-09-27 23:51:35,,
gp:AOqpTOHcHAe0uwvBI55AABFmtkUUU7scrD0TFzSAqMRm3hGSLA__nJrV1mRKv9jtyTOiCaEexDvf7leDJJb9a3Q,Shashank Pullela,https://play-lh.googleusercontent.com/a-/AOh14Gh_P-_N55zWodhdnwt2BM9LRSm_k-tmW8zCQOzszw,"The best shapeless pack out there, no doubts. True eye candy",5,1,7.6,2020-09-26 05:44:33,,
gp:AOqpTOG1wo1QzpcNuzfTZbm6dzr45KGPk7Qqi7QnYkqBhfrafW31_ltd3IlWTpMaC-Z9acg1zVpfeNip5G43PIA,udaybhanpratap mobh,https://play-lh.googleusercontent.com/-vuMPRCR5nMw/AAAAAAAAAAI/AAAAAAAACAw/AMZuucnAf1R_7DVwiko4VJ_3_I9gXDa75A/photo.jpg,One of the best icons entire store... Highly recommend for icons.,5,0,7.5,2020-09-23 10:52:02,,
gp:AOqpTOHlcFv9uBh83fKMFnrtKGrdT47Dg8uBc1FuW-JllA0CGaKyz7Nc76wPzU_Z9uH06dzJGqzrCHFf0nbImNE,Oscar Munoz,https://play-lh.googleusercontent.com/a-/AOh14GitR3fSgR_fOCmIk1wFdvfOL8mS41gWBSC2iqkISA,Great looking pack,5,0,7.5,2020-09-09 10:51:05,,
gp:AOqpTOGLLNlnUWx_AuHwVzZLAv1lYlntUUKKv2lS8-FBrsLr7F6SfJuzPUWTjbXRir-_Uu354WBgo8GZ2X22pEQ,Matt Dixon,https://play-lh.googleusercontent.com/a-/AOh14Gj7czZXhcnTyZ9GKYrs99E0cldCpHyAT2_CscnD9g,"Very well made icon, highly recommended",5,0,7.5,2020-09-02 03:03:45,,
gp:AOqpTOGqOUKHIo8jt28Kc9DwtP0RzFdnvg7lg5OFvEYF8NnJMNsgOuJUrN_AhZ0bGR8-T18ciXhTpMEghmGTaJ8,Tristan Schirmann,https://play-lh.googleusercontent.com/a-/AOh14Ggp1iVq9MSpHEB08DPshKP7QSawqKY7_2ztzfq6RzU,Amazing!,5,0,7.5,2020-08-22 09:37:58,,
gp:AOqpTOGSmZREeQETYP19SjdXVmxdfky7TpcbnN0QRgOuxpxHq_ymZqykMLXdCcZaUOOsycrocepWto7Lap-dRNE,Setul Patel,https://play-lh.googleusercontent.com/a-/AOh14Gj1PvzQJMLnFHDmXh1CLpLgO5PwH4chiMwlw_g2km0,I don't believe that all the icon requests that was made are themed in this latest update! Not a single app is left. Amazing! Thank you 🙂,5,0,7.5,2020-08-15 13:47:36,,
gp:AOqpTOFnoJhRQB-5jAy9DsIru97vD2zWLpjGwdYf1EZUQGDS3R7y0SVQZ0qmIkR5TxXNRPE_nfN3BQJGTMi2z-c,Dwarakesh Srivatsan,https://play-lh.googleusercontent.com/-IlvjW4wmz4I/AAAAAAAAAAI/AAAAAAAAAAA/AMZuucnhKL2RRYtez454nPppShgHHbz4-Q/photo.jpg,After purchasing this icon pack not even a single requested icon has been covered,5,0,7.5,2020-08-15 11:34:24,,
gp:AOqpTOHXF4kV439g7lBUkEx_fkC45cERLwtYW--u47yDxM7Zei2wPsBqlBAuiqY-7pChG4L2pTcJdVq1s0StaA8,EMS Xbabe,https://play-lh.googleusercontent.com/a-/AOh14Gg6lfAhprb-zia5cZIFamdh0lwM4LqNdVyvXUHxrAM,"No Lloyd's bank icon. Biggest bank in the UK so where the hell is it? Requested ages ago. This icon pack was sold from the original developer, who has since themed a load of the icons I need for his Minty icon pack. This pack seems have gone downhill since being sold to this dev. Probably won't bother and will stick to Minty.",3,3,7.4,2020-08-07 03:15:28,,
gp:AOqpTOGHouxe62TUNshnnHWGR6rqt9u6Ryob5KrPLLOy1CMET8jCfgnu0u51z3DgMxcnh-zesjQYxst_pa3sOZU,Melvin Can,https://play-lh.googleusercontent.com/a-/AOh14GgpbuXbCq6rVMmfr7Vccz3l4vowNlyQ_8_jWG69gw,"Bought maybe a couple of icons, but this one is the best",5,0,7.4,2020-08-07 01:44:25,,
gp:AOqpTOHUVtDqhfW1CHyCJggOgZnFZn-PxMRgZgiYbFN6_NmTXaJFORXuZxkLqnuX7eCSmSLRJipcOlV3BYy6qFY,John Huff,https://play-lh.googleusercontent.com/a-/AOh14GgLycTjgJYjLZMKeLjj16aifqcoM9PYlWO7iffuBA,I love the theme! But some icons don't really match the overall theme... Do It Later for example... Should be more blue and flowy,4,0,7.4,2020-07-20 13:41:49,,
gp:AOqpTOF6unw2gR0UBT6szXs3ZtXdj7AxftYDDhiOiqcbEdBrs9SZ0Rooin4kHNocXk-TKRe29nslp7Ep18IXO0A,Mark Opipari,https://play-lh.googleusercontent.com/a-/AOh14GjCcYcIXVRrB-WJZJGUsau9ch-AB4I_X4zQMTtVeH8,Awesome icon pack!! Only thing I wish there was a way to pay for premium icon request! Update! Developer is very responsive. Still the best icon pack.,5,6,7.4,2020-07-19 07:12:08,,
gp:AOqpTOH-fRfK00MT9aT_bJYbnGXUhCvUWyiU1sWgUQPPIFHsknjvlXyNngAEMoa1ZQRvHOEtFuHy2H18hCmw0tY,Juan Martín,https://play-lh.googleusercontent.com/a-/AOh14Gilf5di4B3o7iMMQ3Nm0JQau-Uai-cp-qI8EkAKmQ,"Great icon pack, not only does it look good but they also update it pretty frequently with the latest logo designs.",5,1,7.3,2020-07-05 23:36:55,,
gp:AOqpTOFsN-21C23MyUcNS34YSwYEiaNp4_bjQLSOa4mi0WEx6kMloL33K4L0WKIBnOoGGot2qiZ94RAwhgq4Egk,Arunwong Wattanaphuboriboon,https://play-lh.googleusercontent.com/-0l7Jtej41LE/AAAAAAAAAAI/AAAAAAAAAAA/AMZuuck9k2HyiaHteBwn2Kirzf1Iq_tgjw/photo.jpg,"I love this pack, but I want to request some app icon. How to request ?",5,0,7.3,2020-07-05 10:54:23,,
gp:AOqpTOGuUaBKeeTz1cdqE-b8ZOXSxF1Xi2rJ-AvYDO__vM4049Gofobx4pT1_Oou45-oLSek7e9QZEBeXqDyICA,Uranium Potato,https://play-lh.googleusercontent.com/a-/AOh14GhS3UJlOoXEQ6pa01tZcPQcRlh_8K6UE6lRH1KV0g,Beautiful ❤️,5,0,6.1,2020-07-02 12:25:30,,
gp:AOqpTOED19yZbPuHMi3TMkWeXsn6SZ8f_TAQKWdlPkWixBnsCIWMDja2SQpBDXAd1D5Pm2Qog9XcEkZwTpN-6HU,Anmol Mittal,https://play-lh.googleusercontent.com/a-/AOh14Gjj9P7xUbUTnLGWZl5SPqJksXhjZXBi_in8VO8X194,The best icon packs ever,5,0,,2020-07-02 11:58:11,,
gp:AOqpTOHriBDDz6azMx1XhB1mUT3QUtwfTvIsC2jlKDkFtKRUHx2QC4M_Tq7V5rrTdjQcv7C-PKMthWwzEO4yNqo,KuroBushi,https://play-lh.googleusercontent.com/a-/AOh14GhP5YdJw_bXTE0OyKk2rladT01sssA-VJmKPIgO494,Probably one of the best cleaniest icon packs out there. Everything is so high definition. And I don't think it's because of my 1440p note 9 screen.,5,3,7.1,2020-06-13 09:10:19,Thanks 😊,2020-07-03 16:09:21
gp:AOqpTOEv-B5y0HuNi1D217P862l23ufcW3t9r4CO_UXfrib5Gn26dw8zA5me3GIrD39073J8svUOo6JZ2Cq4leQ,Amber A,https://play-lh.googleusercontent.com/a-/AOh14GgaWwybXHHmSD7kY_wC_P1dow3tfoJeMcJERneCwp0,These are some of the most unique and beautiful icons I have ever seen and I have bought a lot icons pack 😊,5,0,7.1,2020-06-07 14:43:35,,
gp:AOqpTOEwmBc_glSRsgmVcBfYE95YaUTOzNycZs-mkBox8b-MGJ9awTCL15mbV8_eMOL4IOVDPjU78bfa4jRCwi0,Neel Desai,https://play-lh.googleusercontent.com/a-/AOh14GjkYdhaW41zbCYOdBjhk3aEnhobsfJ9Mf-4KVmhDdw,I really love this icon pack!!!😍😍 Missing few apps but I'm sure they will be made in the future updates! Worth the money!!!!! My phone looks amazing because of these icons! Really appreciate your hard work in making these icons!!!!,5,13,7.1,2020-06-07 07:23:12,,
gp:AOqpTOGI9hmNQgMHJtRIkLinxnrZeDrL3ljtwUu4ehMFknErZHQJdRMi5JenUWNUxr7qhi1HCA54SD1lvvSqywk,Richard Wise,https://play-lh.googleusercontent.com/-Y0yKZEoT9VI/AAAAAAAAAAI/AAAAAAAAAAA/AMZuuckJPibG9hnIfeY0SHF2ZnI0UJ7pbQ/photo.jpg,"So well crafted, that I decided to buy this the second time, since my initial purchase back in 2018.",5,0,7.0,2020-05-24 22:38:14,,
gp:AOqpTOGIUFkMvj68aZXxnHNDsrqM3qOOm3UA06UOESK3IKwi5MfG7FtmWds4BXFrmbLOdVrGTQQHwbkmw3-ntLk,TNÜ,https://play-lh.googleusercontent.com/a-/AOh14GigfRMfM10Bh5gmhUG0uY7lfE0v4PKLuin3wpLuXQ,Best design.,5,0,7.0,2020-05-23 00:08:42,,
gp:AOqpTOExvVTGNlpZxve_SG9Emw_zvvzcYb0T9dkqDQjo8Uz8oI4Jv2sebTUD9Lz5ueAQdPEFjoUFnaD_JOwXQSU,Đ мαlfσу,https://play-lh.googleusercontent.com/a-/AOh14Ggk3IfMKIbjwEL42fz5QULoPK-8aa38WO1k3hbYCA,i have many Icon packs but this one is the most unique one. thanks for this beautiful creation. I sent a request for 22 apps which needs icons please do the needful. wish to get them covered in the next update . Thanks,5,1,7.0,2020-05-20 07:30:38,,
gp:AOqpTOE_igHY56IOxBR16ddtvkAfE_8pV1lxiaMMlg7f_voTTltlcAg1HikY0aIz01VQ8ml0-QV7HOH9mmoma7g,Damodar Shenoy,https://play-lh.googleusercontent.com/a-/AOh14GiQX5qmbgec3FnY9KIwzhEcpu6eXPsZ6GbNxh681w,Nice...updates should be more often...,4,0,,2020-05-19 10:50:37,,
gp:AOqpTOFIML5Q3ZKi0ZsafC6IQFYEITI4NAjdzxp98CtreARBw8VsEMnr0Nw2RWTXvZkbNZwsszACLYnPIG-_nDM,Pratik Chabria,https://play-lh.googleusercontent.com/a-/AOh14GjhiSHC8PZ9mnpNgJKx6Xilg_x-L5wgvNf0FMhC-V4,Best icon pack to exist,5,0,6.8,2020-05-14 02:31:47,,
gp:AOqpTOG9afde46vXWrYi8iT70G0cX6zaRT8BtPCqdTW2mHlwrSgJN6QeuOZpvTey8AGdBcMe5soIditzXYMidJI,A T A R Y,https://play-lh.googleusercontent.com/a-/AOh14GgWGIthLi-XTtqahpOgrshdo6MhQwq93-cM07bAFQ,Cute,4,0,6.8,2020-05-13 05:21:01,,
gp:AOqpTOEEWnC_bSLiPY_HawGgUC0mP9GceUhf_vFnQQyeyv8wVyzwHXpwQmkuk8XqTFkk0FXqSIYDnhecczV7lC4,Ken Adrian Villarias,https://play-lh.googleusercontent.com/a-/AOh14Giu57ml352jlELv8FtGIojVWlSdDYwZ9eFa6b8hRg,I have used this icon pack for a long time already. The design is very pleasing to the eyes and it goes along well with my themes. Overall a very nice icon pack.,5,5,6.8,2020-05-11 19:18:56,,
gp:AOqpTOHpPFBDfE-E7tYQ89xn7dcFq_KOMs7dr5JE-_Qi5QXY25JZCc41VHpDZQcuY4atPvKDorMhlVOesqEqSHU,Ramkumar,https://play-lh.googleusercontent.com/a-/AOh14GihXZOS-n9nTLaqGxr4719l3GPo_aE_epVwsu09Vg,Awesome icons looks very cool on my one plus 7T...,5,0,6.8,2020-05-11 08:19:53,,
gp:AOqpTOHyN3zDazu99RqMGrJJubDCJ4Pq16F6TeTnJbPjkdC5ESPcT3Ic4SehPobty6pWRaNLgbMpXnhKWaP09Xg,Harshavardhan Hebbar,https://play-lh.googleusercontent.com/-piGwWvYlF6w/AAAAAAAAAAI/AAAAAAAAAAA/AMZuuckcNrRYAOJJ2zJiLsJv6dOHEomRCA/photo.jpg,Superb...😍😍😍,5,0,6.8,2020-05-10 08:29:46,,
gp:AOqpTOEI8xqER9KH6D9L3Em6gd6QMjHd6vgLaGiMbrGhAg1DueL8u15bZmBD5SCmcnLo4A0BntRFoYS3n7AuCSQ,Rupam Pakhira,https://play-lh.googleusercontent.com/a-/AOh14GjAIp1qFlkUMaTmdAmfbNDiPk4YUZWEwv19wB8ZaA,This is one of the best icon pack I have ever seen.. icons are really awesome.. minimal and well designed..😍😍.. I love it..,5,0,6.8,2020-05-10 07:18:34,,
gp:AOqpTOF5_QxXgDyr2_XNWQHt3jockMdQkm7UANY4NeU2qiQSGNguEVQQcWaPl7zmFeELnUkFJU7wqvubb5xXlaY,Tony Tabi,https://play-lh.googleusercontent.com/a-/AOh14GjJPGjjoEC8aQEi5m_3ikZLa-hgKuGMyxbVkip3uNU,🏆🏆🏆🏆🏆,5,0,6.8,2020-05-09 22:15:56,,
gp:AOqpTOEd7gOrTtfcbmXG1pnoTaS_Epn68EdwbZWqrlKKDrDCuQzy0l_C14J1x7hTyZazmkW2wetopPY-cEd9gdE,Aman Bhardwaj,https://play-lh.googleusercontent.com/a-/AOh14GiZZunwWT-ZHiZ5klKKHZHTiBFiD_sX9EyqjOSZjg,Gud! Installed,5,0,6.5,2020-04-12 10:16:57,,
gp:AOqpTOGW9hJP4ihZN24WhzHc9_PWV1z1W7FFD54k2kdJftaLk-y8wL3be1X1OEV1568VJuDPqLnp1Lf1DwZMC6E,nihilisticfucc,https://play-lh.googleusercontent.com/a-/AOh14GjNSclmTaOYNSLfFnISTgpl-auKRGGa8fmfkWkcSpQ,can you please add support for zenUI launcher?,5,0,6.5,2020-04-05 15:19:17,,
gp:AOqpTOHJSD8mkgtFUv4cnZSmYlbiZynbEdub6JTfkxado_gJV9ajwDELJc3Yj_M5MNp_ahABtzeDZnE3rLs1YO0,Thanos Antonopoulos,https://play-lh.googleusercontent.com/a-/AOh14GiqmEldb1LDxZQGDkk13LfWlqSGH9URTmzlp5QdBA,Most unique icon on the play store!!,5,0,6.5,2020-03-29 15:17:06,,
gp:AOqpTOEJyz4C1ScaE-5cEI-C9M21_eiq6_VNlZCzMbZmo_yPRitqU62PaAx43f3UsLEnd66OdgyXgnfZtRepZ88,TERZERA,https://play-lh.googleusercontent.com/a-/AOh14GhIOc8wjQgG8pGPCC-R_LBUX1p4y2gSUvwFqJFh,"simple, incredible, must have.",5,0,6.5,2020-03-24 21:47:39,,
gp:AOqpTOGkMFgFnDMxcQIIn2J_J7mWOjbujitArgZHzvNu_e_ELwHkML3zudB2w6wcccvx6cNL0ByVHwMINpjuLMw,a_O,https://play-lh.googleusercontent.com/a-/AOh14GjC4gvcTEGVPNaqaiS3UGP0Ev8tpPebjTSjAn6oiLM,"Unique, vibrant design. Highly recommended",5,1,6.5,2020-03-03 09:07:20,,
gp:AOqpTOFnbJXitHGBnCA6YvWyRbSYpTrPk60ddG-leskYdZ8nUi5yINn9PU3I1mUQ89CKH8Lyl3kv_h6EElNoHV0,Andy Zamora,https://play-lh.googleusercontent.com/--t6Fp-Uwkp4/AAAAAAAAAAI/AAAAAAAAAAA/AMZuuckV9Z_nb8J2hqwBfeaVAA76uh7bFA/photo.jpg,Not enough updates for missing icons,3,1,6.5,2020-02-22 09:37:46,,
gp:AOqpTOEFy88rixsnymCRw_YKTVaETCB-5vrbXm9IwDO7hQEUYCdWB_yUmxIo6jK-ksj4gbrPAv6QQE7uSvlhJO8,Gilles Ouellet,https://play-lh.googleusercontent.com/a-/AOh14GjCwTOIbkY7uW5Wbt4qQ9fdbPxrUDeqUQ_MzsvCC9o,ive been requesting since day one. none of my request get done. its worth 5 stars. Quick response. thanks you,1,0,6.5,2020-02-17 12:20:05,what kind of requests you were sending because i theme requests based on there number of users that hass been requested,2019-07-14 11:53:43
gp:AOqpTOEeYWS4JhXopZzKMAnRaFu9H0YxOTrlwuc82fEVXgIT-l-YEMklbQOZ_fITDpzVRoOgp3MgNY6DKiRmJCI,Machine Messiah,https://play-lh.googleusercontent.com/a-/AOh14Gg2vHyQvyL474cTwrZYEM7ZBk86P4Vtrb3JjxOeAA,"I can't recall how long as been since I bought this pack, but as of today, it's one of the most complete and aesthetical icon packs I've ever used; when I bought it, there were several apps that were not covered by the pack, but the dev has been adding icons little by little to the point that now I'm only missing only 4 icons for my most used apps: BBVA México, BBVA Wallet, Swipe (for Facebook) and VIP Access (from Norton). I'm mostly grateful for the fact that the pack receives constant updates once in a while, instead of being forgotten as frequently happens. Thank you very much, keep up the great job!",5,8,6.5,2020-02-16 19:00:52,,
gp:AOqpTOHUtdXJDvekeIjry4X6Q7u2YiNx95kPk3UfRJJ04fz9NpRjJX9zs7lEFT4a0ZNcViAuw8JnWis1hMuh5UA,Hassy S,https://play-lh.googleusercontent.com/a-/AOh14Gj3lAMmxWNeC7Bwxu5RlRHFWjldFy5b6rAkDVluSiQ,great icons,5,0,6.4,2020-02-08 04:27:04,,
gp:AOqpTOFYfEx37rzqQ1r7ddz9KtdyZiC8h1gBmEqZE225AbXqm_MY2JCbG6zlqogCK_Vwg25dIRz7NGEEFP4erzc,Alexander Milner,https://play-lh.googleusercontent.com/a-/AOh14GiecNcA2DFIodiCNGzY-hnsxCTPiIbb4zOWTBCpow,Beautifully rendered icons. Very nice gradients and textures. Is there a way I can send a premium icon request?,5,0,6.4,2020-02-08 00:18:00,,
gp:AOqpTOFb-ShPuoC95gskhzTE1ul0wieSXpf9NTH9BRPDBEoRLomWh6JWPZ3sy18UNDWDbpNukUdm0i3qHrmgjLA,Sudarshan Chauhan,https://play-lh.googleusercontent.com/a-/AOh14GiNAVtxZ6j2nDKLiTgt8d9C7bP8PHcRXaYtA5Kig1s,One of the best icon pack in the store. Keep it up 👍 Can you please add the requested apps and wallpapers thank you,5,0,6.4,2020-01-29 22:55:34,"thanks, sure they are coming in future updates",2018-07-13 05:15:06
gp:AOqpTOH-4fMgkp4V6Paf8ekMn4Rn7L2ARLSFIQ9IUQVmTq-ZpfDQtszM1PqnyOfITvwWUBqp6CM6ILvome0lSr4,Byan Seno Bhagaskara,https://play-lh.googleusercontent.com/a-/AOh14GjlSKyhp2gW-G2AuzWVoeypwTrMvSWrL5GqNaTkwkE,The best icon pack out there,5,0,6.4,2020-01-28 18:52:06,,
gp:AOqpTOGN27xUmMpMz-TGQnaX8l-JYi9fAKBafC0OLkSgAkhqNzhrBVnnK7OkoS7eu7Fzuci9HHDfPO7CkUuPlww,Sangam Panda,https://play-lh.googleusercontent.com/a-/AOh14Ghnupg233Y7zuzReeL08PSrx-hrQqfdcnoewONf7g,"Has been my fav since a year and will go like that , love the icons ♥️",5,0,6.3,2020-01-09 17:26:39,,
gp:AOqpTOGPqBGRdMKj8iFzKV43FVzNwRP2PgoOKhp5G7N9oa6QqwaVHi6E_7vTb3AdCNR9j6d11ZSCwdxnJLTDDLY,Pravin,https://play-lh.googleusercontent.com/-Sc2t4yRdQlU/AAAAAAAAAAI/AAAAAAAAsvM/AMZuuclxpXJmN_vkiAbWUCN7WdfnizjyzA/photo.jpg,Request: When can we see an update to Microsoft Edge icon?,4,0,6.3,2020-01-07 21:45:35,,
gp:AOqpTOF7JpkJvOfzdvtTQzHZ--1wGd1hwn-Z5yNF2kf6cpPmOzrRFRxpEjQ-RJ760NFrlU2f33Ygf9mtLdKOm2s,Tekno Spark,https://play-lh.googleusercontent.com/a-/AOh14GhG_nJqme-xqQdW2N2shNB0AOvLeW4hlrZgHRq2kQs,Love your icon packs. Great work,5,0,6.3,2019-12-22 04:48:31,,
gp:AOqpTOE01gFCRXnk0bO8poOkPEXTw81PoCSHlqo6l0XuOZY5PsQPaWTmCCT_ZSaXAS53JYIEKDL3lLxhGS-rUko,ItSaeed10,https://play-lh.googleusercontent.com/a-/AOh14Gj-oocqK4IaMcvhhul5h7TWRwU72ZfFBB44KMYjiA,Keep going!,5,0,6.2,2019-12-06 22:57:53,,
gp:AOqpTOGxLsIRtB5yRjmJ2je9Hm1ukB0kLkv86TOzbl-cFyEVv29GRKbHlEsCw-gWSe2DJPIWQL9H-LyH63rV7SU,S B,https://play-lh.googleusercontent.com/a-/AOh14GgUrdfz_6rO3cDHNARtnu4O6hAoTsW16ieBhxGLO9E,These are beautiful :),5,0,6.1,2019-12-02 02:29:16,,
gp:AOqpTOETBUtPqKM1MeyH0_qiFGTWcsyQFYkLa-Di9DQXb8YYu1rJy-_lRB_L8JQxwKvpRU8ALWzyCpdUzz1jRH8,Suresh Chidambaram,https://play-lh.googleusercontent.com/a-/AOh14Ghj4vhlZjehcy2c_BmgRaMFr0Dxu4X0UvoBW9tOsnA,"Superb icon pack. Screenshots doesn't do justice to this pack, one has to apply the pack to fully experience the beauty of this pack. @dev I request you to upload hi-res screenshots.",5,3,6.2,2019-12-01 09:00:54,,
gp:AOqpTOE022YGkY9M1NE3zK7pq094eqrIJs7zORlD0BG3GfE3h2s-yyrbzLQF9i7a7HWYPeGw0PPm1q1lYN5QkuM,Yasmeen L.,https://play-lh.googleusercontent.com/a-/AOh14Gjv3rFlPT1uBtd49-Rvok_iPRw9ArerrHtREG-zIQ,Best icons in the whole world,5,0,6.1,2019-11-26 19:24:49,,
gp:AOqpTOFf1s4hvEMifOLv-TcL_xtcKMN9nN3iXQ_TiHdh2RZ9idZ2rCuCI6DKmcIDQJD72hOr7iEqvY23OHMtra4,Ioan Gurau,https://play-lh.googleusercontent.com/a-/AOh14GhGrteXA463UtBOqbwnKvIegWR4_KyXSXpZpa4PfHg,A very beautiful icon pack!,5,0,6.1,2019-11-25 15:07:36,,
gp:AOqpTOElbodgFRRdUoWcvj69zkjsrnsq3pA-LQ67iJMVITdrSBwsHk8D5kue5pda5sD_CwYcUbjfkqU34HgNdZo,Shivang P Swain,https://play-lh.googleusercontent.com/a-/AOh14GhGKMEjy87dynNwJoTk4pJzjMDjAIqQ-BSXQeynBA,The best icon pack on the Play Store. I don't think I've ever come across an icon pack that I've stuck with for so long! Stands out with a rating of 4.9 stars while also being quite popular. My only gripe: some icons are outdated.,5,18,6.0,2019-11-22 08:41:32,,
gp:AOqpTOHcAp2pLABQRmFDbZ4-BwRkD8ouyfhxDCY2dU0nTU_o-NFjLD1e6snLAjVIVcVgYr9gFkCm5RVtfYpZIEg,KRUGER,https://play-lh.googleusercontent.com/a-/AOh14GgnmoXQwxvqh7jRULxg8-RcQVWFGoKU6HxjI7jP2A,Well ive been using Android since the Samsung S3 and have not once ever spent a cent on google play... the fact that i have left a review here should say all you need to know... Great work.,5,1,6.0,2019-11-16 11:03:36,,
gp:AOqpTOG41Lgk3mrSKH8La5e_jwdM9pHq8XunPvyRvrADKBUn8617OdTNb179YJt-nDhmDl6q95-V0r-gmS4cs-o,he1chy v2,https://play-lh.googleusercontent.com/a-/AOh14GiBbcS6K_wd4OSVNQbI2iiC3epprjFECvrZQyso9gc,"The most beautiful icon pack out there, period.",5,0,5.8,2019-10-31 11:23:49,,
gp:AOqpTOG8RyoWyf1x4FF0ts9nJsoZgferrAF-daDHfrIPpavSzREY8zW50xWsJVNksMVA9YEeUNB-TZIoZT7Z5wI,Prem,https://play-lh.googleusercontent.com/a-/AOh14Gj1T5CnmXFaD58Kwwo6EWCnN0YEUjypw2EOum-chw,Just bought them they are cute af please keep updating them.,5,0,5.8,2019-10-27 07:51:52,,
gp:AOqpTOGQJRy6lYY7tU3cWRzz_ByNxvnar5d6zflgKR3X0i98E6uFxNU_Uw3VQK2GjIhwiK46TZYyTRLZ-0aLiXQ,Brian Nicholas Okubo,https://play-lh.googleusercontent.com/a-/AOh14GhsypOHPWk4LRH5ZRH4UiBDOlNXB1Ch7Z-DFuEVdQ,"I couldn't see anything wrong why this app is rated 4.9! Almost perfect and unique. Love the color combination on each icons, meticulously crafted on each piece. Buying this is really worth in each cents!",5,2,5.5,2019-10-17 13:14:49,,
gp:AOqpTOFFZUoUYJbqdyOaa3Y9ksA6ZmpDeHF6TGBiiCcBwp-hb5uir52nXIvoIZnSY0TqVxlPG7wQYn5Q3dM975o,Adam Bruford,https://play-lh.googleusercontent.com/a-/AOh14GjUNofZUYikFBxNjUIdOyy3KxRx2t5YOeWnK6FIFlU,A beautiful icon pack. With a large selection of icons. Keep them coming will be sticking with this one for a while! 👍🏻,5,0,5.5,2019-10-13 10:58:58,,
gp:AOqpTOEQvvETGIbgHhbRYyHRQ4MxlpWGwFxbhrGkCmAao2omqcfs9GT4EdzXs7ubd8KJS1DDlJgxGTdIxIBZkfI,Arun Kumar,https://play-lh.googleusercontent.com/a-/AOh14GjDYj6zAiAEJU_NITHAxJmP5n4fJJ4L-cbVy2JY,The best one.. I haven't changed it for more than 2 months.,5,0,5.5,2019-10-13 03:38:37,,
gp:AOqpTOEHrTVXSa6sr2H6DwRBQDy-ctRqt1ULpNDO1QiRRgFY-oQC4LpYGEY8fmo6z9n7V8a7UoHisjtQ0Ukptvc,Chris Miller,https://play-lh.googleusercontent.com/a-/AOh14GjIyRQGw9rhFrwy9oMl0xE-WNfIilcuCmIbGgbeBw,This has been my go to icon for a long time now. Icons are beautiful.,5,0,5.5,2019-10-10 11:22:19,,
gp:AOqpTOFXuV_QJrmYfn7n72baS2mHdycR8MHaspbdJySgMMj9ku3YgvsgBZZpAznqVXUsLf8xp6HZtneElQ6Qqd4,Preston Bowman,https://play-lh.googleusercontent.com/a-/AOh14GgPdbycBK_5J2hqaK_71PiBEabVIa3njznjL2TCOZ8,Amazing and beautiful icon pack!,5,0,5.4,2019-10-05 13:13:53,,
gp:AOqpTOG_2p_Y7AjYZVYXUG5GsrzJJcoyJR_zaGHCfKfniH3CmOdoxJXKBdVYrH_AGK9vDzOimNPovzvQtmD9938,Y Tran,https://play-lh.googleusercontent.com/a-/AOh14GgzQ78uT18x7zZNThafjeVSVeMb2Q0Tff_VMx6bYg,"I often try new icon packs but I always come back to Moxy. Yes, it's really that good. Edit: could you update the Skyscanner icon, please? Thanks if you get around to doing that!",5,2,5.4,2019-10-05 12:12:33,,
gp:AOqpTOEl7cJhYMSl5l8satMHhdy0fJiT6MvHRqW4_ollrbKlc_dJsMA8X6XIwRsRCgD002Kxh2ku1oq0UxFiYAs,Matthew Westerfield,https://play-lh.googleusercontent.com/a-/AOh14GgBXOOCJl39Tu81o6YFQD8599czDP303uSP17jUbrM,"Another awesome app,from this developer.... Buy it, you wont be disappointed.",5,0,4.3,2019-09-30 17:16:13,,
gp:AOqpTOGXmsU8aKh4Y2AWFE4sYDINEaK02qHpN7XiBUJ4Rku6Op-KC84b0uwDtt2CrDuC4cb6mwP8dYL82d-_FN8,Chris MacDermaid,https://play-lh.googleusercontent.com/a-/AOh14Gjj-vwxZKrzWIANmvXnXEWY3rQOSTec8g_7HHTESH4,These are great! Nice and clean. Vibrant.,5,0,5.4,2019-09-22 12:03:57,,
gp:AOqpTOGpRGbcEm_ptkzsGf-Wkp3nBXwuQ4NBvJAcRvH8bVwcuIN8vz3bglZoACAitPyn1yxbZzJ9nofaNllJqw8,Vincent Fiestada,https://play-lh.googleusercontent.com/a-/AOh14GhaomCkZqSWoiv-CHavwY3gxDqi_bBES5qIHE8Jig,"I love the design of these icons--sort of a mix between Material and Fluent Design! And thanks for always adding new icons, its definitely helpful especially for really niche apps.",5,0,5.2,2019-09-20 01:59:49,,
gp:AOqpTOG2Fk2DhCUxI8APB14itAlccJMVoUH2sKDOFgCr4SMhFF9fBrh6f4Cyj38_Q7_TZ6B_2THb8Eibw2NG1fE,Priyanshu Gupta,https://play-lh.googleusercontent.com/a-/AOh14GhxqTywenPoJHCc0WorlZsICJv0ocDFiRh8K6mviw,Beautiful Icons!,5,0,1.0,2019-09-15 09:46:35,,
gp:AOqpTOHMGYYqGOz8PAu4bTyrDwTU_NilA15Zke23p5o1J4iI1hEc5GscC9fsd0yNf16vLozS8O-jao60ULNIc60,Mannan Qamar,https://play-lh.googleusercontent.com/a-/AOh14GjWicLdOPLAFBM-fAhVH5QWJTkBrd0WPYC_kc6muQ,One of the best Icon Packs Out there.,5,0,5.2,2019-09-08 15:00:58,,
gp:AOqpTOGsy8QZQaFVqSY7KnkLc7hvwKsL8mGsZN8RrIVLAAJVdS988IqPlQFyKYLaMXb3a9jD-w4D0Jqj1gXTdX4,Chaitanya Pothapragada,https://play-lh.googleusercontent.com/a-/AOh14GgrKq5nYOQ7w7-9ktk1HbzGc9FMyTeD_IGRS207mw,"Great update speed, try adding more Pro version apps' icons",5,2,5.2,2019-09-08 01:07:01,I thought I already did,2019-09-07 15:22:55
gp:AOqpTOGUlLJfWlOf4rfW5fximneIIOmxDqYU5jSjFEbPduRqYFJ7ZQ7Kf5DHelTQ1xK7x1T-X-IUk-CbGJsDUC4,Shabaz Mohammed,https://play-lh.googleusercontent.com/a-/AOh14GgqB_jH1zW51LPESb-A764cCf0AeyZvRCoi4hK-F3U,In love with this icon pack.,5,0,5.1,2019-09-05 14:50:20,,
gp:AOqpTOEH1hz95GLyQdSiBshA4_sW_uJb2W2Z2MM52386dA7JHouw2oNPZrUCLfhX0-fUPZMYcHzTlgfJoAYzphw,Kevin Renner,https://play-lh.googleusercontent.com/a-/AOh14GiT-8p2sMNsIqVxK-LStnf5y8UyZ35AhLC8SVtrzw,Wonderfully unique icons with an attention to detail.,5,0,5.1,2019-08-29 03:12:12,,
gp:AOqpTOGUWJV8J-m4S92lu_LQfDaGIBN_IqUqcCOndyUCEHBP4qv0O8uhlMeUc5ze-KIqP4S0aRhM52P2Q_gGrhs,Joe Simpson,https://play-lh.googleusercontent.com/a-/AOh14GjDJXBds-6bqxjOR0HqEdonXE24erHYEfcLKmRQhw,Beautifully designed. Icons with character. Great job,5,0,5.1,2019-08-28 02:26:00,,
gp:AOqpTOH1DNFnjN1_-82eoCXNH4DTnnQnOIIpW356jE0du7Lk39neGZ9tvMbirqiYZ7-HbEoLifDhesjA4NR3u0Q,Divy Raval,https://play-lh.googleusercontent.com/a-/AOh14GjSialtv3tCv5IGufReAdMiwBFYW0QBACmjw_KnLQ,"Loving it, just awesome",5,0,5.1,2019-08-25 05:14:14,,
gp:AOqpTOFhAQH_poBSl7N0p_F5Qab4mhn4EHj7PFH4l2YKrVmV97b6KEj7GWrm2m4P9iDPaEFPlL2CkrifFRJII_0,Amrit Bajwa,https://play-lh.googleusercontent.com/a-/AOh14GjBX46A2OLRRAiH-qtbCDfbhq9A3m_MK7jRWVyzvg,simply Awesome,5,0,5.0,2019-08-15 10:51:20,,
gp:AOqpTOF0JvOQd_Tcwx72uar6ItqKMx489gvOF0yoRNFFthNWRz7EZOroU_hXjpdnhalTc2b2IY5ByqOFVByhaAU,Muhammad Aizuddin Muaz,https://play-lh.googleusercontent.com/a-/AOh14GgoVLZ6FGQkCDKzpxrXA89OD6oDCbpW35RC5nzZi2w,Almost the most complete icon pack for me. Updated frequently.,5,0,4.9,2019-08-13 02:11:26,,
gp:AOqpTOF01JtsJZvenJVwDa5fePQW8IbK0qKW9Mjja9J6J-NWyalYAocm-UCCr9SC3Txdb7OFe1kJKI2ISckl_mo,Atanu Maji,https://play-lh.googleusercontent.com/a-/AOh14GhMrGxX1HT_JFC4grCKa8C1YsOJfGJABG-aqyl46Q,1. The best icon pack designer and developer. 2. The best paid icon pack. 3. Most beautiful and unique design. 4. Regular updates and new icons adds. 5. A must buy icon pack. Thanks.,5,0,5.0,2019-08-12 08:19:25,,
gp:AOqpTOGYgYhBJ0j8pa3RCB4P5ZaK8cTcqGsJJdcJZFlk3-Obc8GAwgao0IbIYgCcdBnfM3CtjLI7GSQC_NIxV74,José Moya,https://play-lh.googleusercontent.com/a-/AOh14GiEHzCFdc0jQ5av0PHPT0RfdheAWoZ7l_WS-soRgw,Beautiful icons!,5,0,5.0,2019-08-12 02:17:06,,
gp:AOqpTOFxCsDw2e9qLsLYmX9Eepw8nKkY5F7SlfnaPhw3M4Lixpkcjr8yeQ-tOkTYueIz8UC9uvNfH7auztxcOEQ,shreyas patil,https://play-lh.googleusercontent.com/a-/AOh14GjXaEs11Ka6tvgh-IXSW2zGxXvowYcqYLVsP1MCKOI,Awsome icon pack. This app has icons for all of my app list. Icons are also beautiful.,5,4,5.0,2019-08-10 21:43:06,,
gp:AOqpTOHSSFiuH132dXA-buM5-YZ8HaBGbqk200DiO2cgGwlb6Dg-kOh-yTS3hIhoiM0WGBVu49CwOqzaCEDF0fo,k3tna,https://play-lh.googleusercontent.com/a-/AOh14GjfAZeR40PYG6ti3Q4uVEGcS80ivjYpUbaRdUV0Iw,"May I leave a review as well? There is much to say though. Amazing icon designs, incredible overall theme and what's even more amazing - a ton of icons already here - maybe 80-85% of all my installed apps are covered. Well done.",5,1,4.9,2019-08-09 01:10:19,,
gp:AOqpTOGaJ-TmKUmH9uxb4sP-kL8CO7xjD-lelGLAdblnIF0AAwkUX5pZaQSKoZn0ifDaNd18kAIosOqEr9L2AIw,Julian Louise Santos,https://play-lh.googleusercontent.com/a-/AOh14GgiKwYMwVaRFwFhTMYJUuyEzVqfSKv3A-hMIEHbfBc,thanks for adding mobile legends icon,5,0,4.8,2019-07-30 02:26:40,,
gp:AOqpTOHW372K41O-4dEt5Dy6LfoRLOsHAljDFIEVoL2PkGJOaPohrx7KJACbH8lDCnOnq68fA_tAoCkIFZheEmI,aldrin gabriel,https://play-lh.googleusercontent.com/-9f0oTbhB9ic/AAAAAAAAAAI/AAAAAAAAAAA/AMZuucl0WEb5qPDiXRyIANrSCXni08xfEw/photo.jpg,"theres no option to change the folder icon, i'm using oneplus launcher,",3,0,4.9,2019-07-28 21:02:31,,
gp:AOqpTOHBhC7AVIaD9Xw1j8lcv5Xe3D4cTuU_PKV_X9vo9FgRBauubZ_LKq1XcqUOBe1X65cXRONNZXWhAFUI848,Codrin Craciun,https://play-lh.googleusercontent.com/a-/AOh14GibCcst5YEAYU90WroRF2vlWFLjft9rbqAQAzYCVQ,Insane,5,0,4.9,2019-07-28 18:13:05,,
gp:AOqpTOF-x39GbI5c6EfGcRS3XPE4WOo8REGtcRDrQB6eTv4he-0kH9YuSnjN5qE1xPOatsqHkWi3hFkWrIdZ8ro,Sandeep Sivia,https://play-lh.googleusercontent.com/a-/AOh14Gi01TYmT85MlruxlkLM8z-Le7OWCKqX0i9XdyTk0w,"please update my request for apps: igranth, TD bank Canada, freedom mobile, triangle",3,0,4.8,2019-07-27 05:41:43,,
gp:AOqpTOGR7n7mdvldFpjz90c7ufFD2i2x4M87t4MBFaHmZnwNKLvpG-18os1FxN-umLCuu7kAVnzIj3FcPnnlqqQ,Deepak Tiwari,https://play-lh.googleusercontent.com/a-/AOh14Gh6en3XiZrbYbbpyXJJsSYUaQyqeMzybBJG5Dexdas,Awesome!,5,0,4.8,2019-07-24 04:20:15,,
gp:AOqpTOFJo9jpZu5at9L-RAgOCPXH2iSKhuBhI9JexHL0CrOzWqXfcehZK-a5hG-U4EV6PVZelDfMeCX-BVohAB0,Antonio Ragonese,https://play-lh.googleusercontent.com/a-/AOh14GjkhQi4UD_WVyIvEkLniZ0rujuQ4B3PzAtI0LNkzw,Valhalla,5,0,4.8,2019-07-24 03:20:59,,
gp:AOqpTOHNHg8CFOq_UGvQZvXfgYpsTVCxaVI_I085yIts0DHwKiNVFkjH8-swkmb2RVUJXNWHAq1GceBDP87eJk4,Nandika Kalugampitiya,https://play-lh.googleusercontent.com/a-/AOh14Gh35uvvala_t7gHOzDMH3ejGy5_4l21ljfdujv8,the best looking icon pack in the play store,5,0,4.5,2019-07-04 00:18:29,,
gp:AOqpTOFq210YDXzvnUbOUr7_9HIxAMtyf7RacynMJkk14lI4RNzK8hYHpFN_dhpJzmxKAPujk953QKUAcF8_km0,Abhishek Kumar,https://play-lh.googleusercontent.com/a-/AOh14GjNaNwgyFmsDYyXQPljIJv6OW022TQkV__z3Asr,😍😍😍😍😍😍😍😍😍😍😍😍😍😍😍😍,5,0,4.5,2019-07-03 18:39:00,,
gp:AOqpTOF3L5t__Rz6Wc2whwZ960M1BLWMXJeo2pDfUePCVqVVZlLx7eOwvR_qUKQfp7ahHyX-zl_pTBe4nzYKwLU,Beatriz,https://play-lh.googleusercontent.com/a-/AOh14GgI3hQP6QP4NWS-K5xSkXKUmCeCi2aqCd9yv8BxKTE,Perfect!,5,0,4.4,2019-06-26 00:51:49,,
gp:AOqpTOF1q0RYelDHhTfsznZBbC1moAE8S3D6PttFSwsNO5W8eQBmVOyddqYI6xVZfC47yYoSrVaKcx5FIQAzyI8,Ronaldi Chandra Karuna,https://play-lh.googleusercontent.com/a-/AOh14GgSuMoVAxvAHPg3sQKdeTlcCsAceYXcfR8GzMnU2g,colorful icons!,5,0,4.4,2019-06-21 21:15:47,,
gp:AOqpTOEdBjEl_kI4PKCrbiRPWie_ihg8IZtxcZnjWreoSZtNZC9adlKr4iOwGILSsFrgvWxHy1Nr3jCi81wcmPs,vinreinecke1,https://play-lh.googleusercontent.com/-J2KMM7C-mpg/AAAAAAAAAAI/AAAAAAAAAAA/AMZuucnE5czAEXzzdtB_8owybM9b5rRJkQ/photo.jpg,Top quality. The best in my opinion,5,0,,2019-06-09 14:14:11,,
gp:AOqpTOFyLv0HiUOF1VoNeVFuNb94vZ4F2cgBo4S2YYrzbrfl9_vdhJWfhnVu3y5nx2TN_fCfb66bYithfDRa_uQ,Sid Doshi,https://play-lh.googleusercontent.com/a-/AOh14GiYC4v9aA7DXih-O2wTJ6SOblWZ9QbmVdc4ZMsAufo,"amazing icons, other than Crunchyroll it looks like the default icon with an orange circle around it, doesnt fir the theme",3,1,4.4,2019-06-07 08:08:30,alt new icon will be added in the next update,2019-07-20 01:27:53
gp:AOqpTOHFEHfWhCYNPZn1hRLvxryE1Q7-Z7BcHlKwbyTYEIWs4UQWPC3DFbM1L4FZqL3e2I4s-xC5svAAVdkt298,Anshul Gupta,https://play-lh.googleusercontent.com/a-/AOh14Gi2oiEZcWuOar9gX4g3ZyGiDTe04ewW9wJ9EoN8PN8,Awesome icons,5,0,4.4,2019-06-04 00:56:33,,
gp:AOqpTOESjx2gia-8fCwfd9ZCJ4yuZgYaC08yqdZSvVrWb70tF8wOcecDwE8NwMwSODki6gYgXChA8fLRd_dazvE,Rex Wesstrom,https://play-lh.googleusercontent.com/a-/AOh14GjeToqUhjLjnMTogesYad2guw9T4Z6eLhLcwY5B6A8,very nice looking icons!,5,0,4.4,2019-05-29 11:48:28,,
gp:AOqpTOEAZGFweDc73xcIloMcaRmqLub3mfX_xpXs_831nl7D50WiG_3CVqWy6eeReDJal_Sl4K9IG9hp8WLH18c,Puneet Kumar,https://play-lh.googleusercontent.com/a-/AOh14GhNVROTDLMyIbIMKqjDM_awlLH49WHgwRqpPCAx0g,One of the best icon packs if not the best.,5,0,4.3,2019-05-22 10:01:09,,
gp:AOqpTOHxcBsObigCbEiNO-aagxzG5BQ2PCe54Gz6DfObHFOeJDBWEUAswVAtRKH64c6yW7I5AtOie2VdMtSZOzU,Jayachandran P,https://play-lh.googleusercontent.com/a-/AOh14Gi2EjVo0cm1ro-pnOJbE6ypB5WfWQCQ925gxlhFVs0,This icon pack is lovely. Very pleasing to eyes. And it covers 96 apps out of 100 apps installed in my mobile. This one really stands out.,5,7,4.3,2019-05-13 22:24:16,,
gp:AOqpTOEFAhIdolb15rcH9ickEPXPjHHgsStB8nUdzuOBE3tevLwWtSemGhH5LNPJjBR4elzGWYxJBpKDgmc_UKU,Denny Thomas,https://play-lh.googleusercontent.com/a-/AOh14Gh66ak3dG0tF6-Ix-eKjWXzg4FsccqfPFg0rsccPA,please add compaitabilty with miui,3,0,,2019-05-12 05:07:14,I am using MIUI and its working perfectly on Poco F1,2019-05-12 07:56:56
gp:AOqpTOHvGHvPSq8zgsRrIdL_25qAHOu0x61AIssgL_L1wOu_7sSeiIsht10KNHXSLSxTPE27B2DHumTlFNpUarQ,Subham Guha,https://play-lh.googleusercontent.com/a-/AOh14GjFTU8mztcXKz8FllTP3Gh2T6Eprmk1CQkFf6z0akw,very good,5,0,4.2,2019-05-08 23:57:14,,
gp:AOqpTOF1-niQTHzlL8eoXqqUG3QY5GUy9JLIbOea35XiQEFEeNrLXPeD_1OspiUZoHuhqP8l5gvOGougXMaPQ1E,PRIYANK PATEL,https://play-lh.googleusercontent.com/a-/AOh14Gh39at5zta9mqyoHWL2x3fcL0a2Ensyyc_4KUXmUQ,Great icon pack nice update with samsung one ui pack. But actually i am using samsung s10 plus and my default calendar date is not changing accordingly. It just shows me date 6. So if possible can u make all the calendar dates so it changes accordingly daily.,4,3,4.2,2019-05-07 06:59:43,What calendar app are you using Google calendar and Samsung calendar apps are themed to be dynamically changed,2019-05-07 06:01:26
gp:AOqpTOFf1-PJkhmtW7Ge-_i4Xd5gBrygrCUdqeAKp7uPgX05HbLwqA5t7ECwMoLAVqvCXzuTB0UnJMewI7zRzko,Rajthilak Somasundaram,https://play-lh.googleusercontent.com/a-/AOh14Gj3WdZgAj9JPyj-aGd440wuA7_L6o6tlHProLDWdA,Awesome Icon pack 👍🏻💐,5,0,4.2,2019-05-06 09:54:26,,
gp:AOqpTOGvQ3JGYrEPl-Ap3lgWRt7-Ax34DAlZduZVFj2O-ui3WcpuNaZuUMXqyLAwZ8OjCai1uYzSPRt_KhrElhM,Eric Ortiz,https://play-lh.googleusercontent.com/a-/AOh14GhMwguBHunZL4V0byl7ZPIuU71fTFuLNherPxchnwg,The best dev account for the greatest looking icon packs on Google Play. Moxy is no exception.,5,1,4.1,2019-05-01 09:23:21,,
gp:AOqpTOEi28spqdDhSgXSb0w22BF4j52hlwmoH-CP75ku1TCTk35tnX1miclmxZRSIOIs7NX66U_riPtyk_KJOYM,Jonathan Saona,https://play-lh.googleusercontent.com/a-/AOh14GjOnSvU5ipDYgVMO9qnLBIsdlKPHzuAejlntFRP-A,"i can't get to the other icons. it says ""you shall not pass"" i bought this yesterday so i should be able to use any icons. I love the Icons. You guys need to fix this issue. I don't think I'm the only one.",3,1,4.1,2019-05-01 06:23:52,can you try uninstalling the app and installing again if it didnt work if you would like a refund we can do that too,2019-04-30 23:19:41
gp:AOqpTOGlluMkdwWgBBeZHSrDGsPGC2wyCStMHgWFgIDYtT391e7N2CYq7kR7MtoiXAB-AdE1lrk23lHK7AQV3fU,SUMIT VIBHUTE,https://play-lh.googleusercontent.com/-DCmZoZbNpVo/AAAAAAAAAAI/AAAAAAAAAAA/AMZuuclfLZ29BP8ixuTyFgQm5Q3G_Pdc8w/photo.jpg,Nice icon pack,5,0,4.1,2019-04-30 00:06:06,,
gp:AOqpTOFLg4F-1EM_RV0c1CDAzNJgrjiZJA5At6CVh9UrMGe-YvAKiPTkpCVNemVXGGEUpdJ_3dpTG8Z_huoq-FY,Rheno Andhika,https://play-lh.googleusercontent.com/a-/AOh14GhdMBB-f_8L8OJMjO5jLxEzK0PiPrSGFh5YLkrbBg,"Love this icon pack so much. Even I like all icon pack from Max Patch, lol. Just curious, why don't you make a wallpaper app? I think it will be great.",5,1,4.1,2019-04-25 17:24:40,,
gp:AOqpTOH8eq-71An1E2gXIn84eH5JbN7B2dBrtKwu-BLx_xREK-ukeON_DYQ2x4nb2cVXNcJB4F8RaBjpOX3VIs4,Siddhant Sikka,https://play-lh.googleusercontent.com/a-/AOh14Gh9vNNQDa1f1A_yDMeDfNVS_PAoGGvQsZxFwXTjPQ,I had to review this app cos of their dedication. They keep updating this app every 1 or 2 weeks by adding new icons. I have many icon apps but this one is way better than the rest. The icons look great and the best part they update new icons all the time. I hardly give 5 stars but it really desrves it. Thank you developers.,5,0,,2019-04-22 06:02:02,,
gp:AOqpTOFAOhV85l0gCiuKIyZFHAqmS_BVaK-AOSbsrIAaE6qKznzrFHtHmgBoBzhz6lL7E1gHlb3m5wKVS9Vv1gs,Casey Bridges,https://play-lh.googleusercontent.com/a-/AOh14GiifOhRVmcj1Ok9DL3glOR6vmA-vv9PN2NXY30uhxE,This is a really beautiful icon pack but it would be so much better if it had dynamic calendar icons for every day of the month. It has dynamic calendar icon support but i think you have to have a launcher installed for it to work. When the icon pack has calendar icons for each day of the month it allows the user to create their own dynamic calendar icon using something like Kustom Widgets [that's how I do it @ least]. I just really don't like 3rd party launchers they're a waste of space IMO.,3,0,4.0,2019-04-19 19:08:57,"Moxy dose include dynamic calendars for Google calendar and stock calendar apps and Samsung calendar and i did test them they all work fine.

which calendar app are you using and what third party launcher you are using too?",2019-04-18 02:59:01
gp:AOqpTOFt0rYlkpRalC6pGKIw_8-GYhPzu4rFLa6ROpXzeeRn8Vktmm0tfHw8vawEqhTJpgWIvXZAqkYKNdTbTRM,Giuseppe Longobardo,https://play-lh.googleusercontent.com/a-/AOh14Gj3WHprACqxDzdirlPiicQ3RDd9DvAAWaaIrfxQsqo,One word is enough: F A N T A S T I C,5,0,4.0,2019-04-06 07:58:45,,
gp:AOqpTOHa3hfL1Vn1DM4aJ4wgjsFE6G8hY4VB5NsBJ-cOu4LMqV6wD_0eT_MQGbUvVYIQ5LwbBqene8B136L6m7g,Faiz Wahab,https://play-lh.googleusercontent.com/a-/AOh14GjmpSSKicHN9n_tjIw4dvQxTGwSvvwCB7Xq1WHBDWg,The best. Period.,5,0,3.9,2019-04-06 05:16:46,,
gp:AOqpTOEy6Qe0YLEyRJqXVCDV1ouloIi4v8hY9zcBJ8wf-Yq_VFKg_UFcTpHE_EBuVkHGXoa-TDZ0a9VRXOaBDOo,Amit Khan,https://play-lh.googleusercontent.com/a-/AOh14GijggoXaM2VyodzlMDs5a5HTAx8uYGRlmx5o34aKw,"could you guys put a icon pack over the application ""Spark - Email App By Readdle""",4,0,3.9,2019-04-02 13:11:37,,
gp:AOqpTOG4YkEky1kKv9wfWa7H2dA5lJ9MwWjQ5z8hIRQMZRGeDbddnA4Wi2I5hvpAMIL4XE-a5Ymk2lR34hPShs8,Twilight Sparkle,https://play-lh.googleusercontent.com/a-/AOh14GjiqvbKikG6YX8lEI1SaBMNO3PTcKA43L-Jc5G5tw,excellent,5,0,3.8,2019-03-31 02:18:03,,
gp:AOqpTOFLM4Ii7mCBH1hSWW5be6kuk7P7HiZqPYs79VyxGgkWGsNdRvE2lURxjSrKp3HXdD51Ql9Lu8AJ6ivfdDQ,Aleron Thibault,https://play-lh.googleusercontent.com/a-/AOh14GjS-VYLWnu-VmFhBfZDkR-p2huYXbR_Sk8b5nGX_Q,"I always wanted only icon packs that offers circular icons. But this one is best icon pack I've ever seen. Great job, totally worth it!",5,1,3.8,2019-03-23 14:04:33,,
gp:AOqpTOENWbx4NraajAfQqmiZl-LLOc_ljnYPe_5dMyq8iao2DeWKS8ryqEEaS5vn6bOhh9OMQYx0aMzQhgPoxDA,Chris Morales,https://play-lh.googleusercontent.com/a-/AOh14Gi_MB67R2UP34j6HbvVG_fRGBasIqukH-WjGEx15Gg,"Gorgeous, vibrant and bubbly.",5,0,3.7,2019-03-16 22:32:09,,
gp:AOqpTOE_aqdhmg3Jar2xxtAXWUR95yScYx5rMtNSRebHSZ2LvUpCBNjj3lsBjsC8stzLtZ95UXGs72gMT_FNqhw,Tadeáš Braun,https://play-lh.googleusercontent.com/a-/AOh14GhANJI11XH0ajUeVhXXK5YerYpXBYsEtn9f6qwnQJ8,Amazing,5,0,3.7,2019-03-14 14:46:15,,
gp:AOqpTOHsG6-ZkQEEib8RVt608GzRfjorsFClwayem8afXTzAMToDvSnPF4CU5pJDO2tU1tCE6dEFnlnXRRlnaek,Shubham Gupta,https://play-lh.googleusercontent.com/a-/AOh14GggwlCmhmO1KPrZinL6K1pNYu-spG6phL4VOMaj-g,Best icon pack available on play store with frequent updates adding more beautiful icons which makes the app worth every penny.,5,0,3.7,2019-03-12 11:58:59,,
gp:AOqpTOHBJ-dIAAWxtb7KGwq8OdBjPLIRsnqxZYrGISXK7wUT_kmdru4iSmbQYRSblTkTXwPiXvMsMQxxwKm8eHA,A Google user,https://play-lh.googleusercontent.com/EGemoI2NTXmTsBVtJqk8jxF9rh8ApRWfsIMQSt2uE4OcpQqbFu7f7NbTK05lx80nuSijCz7sc3a277R67g,best icon pack I've ever used ♥️,5,1,3.6,2019-03-06 10:26:13,,
gp:AOqpTOEJWxg9XWjedipGXccsK0DiN1hZN6vKokDIpyUP-UoSr8PXjEbOUthkGyeag4Hbn58LtF_yjfm1t6wUUO4,Jason Loney,https://play-lh.googleusercontent.com/a-/AOh14Ggbs8AoKHCVP6mpkCh6iL7nx8gjXTGxpP9-RRFx5Gk,"Fantastic looking icons, well done but for the life of me cant figure out how to apply the folder icons to my home screens.",5,1,3.5,2019-03-01 18:41:52,depends on your third party launcher it should be long press on your folder and then Edit then select moxy and choose the desired folder icon,2019-03-02 13:41:14
gp:AOqpTOElgUfnPK1Sm0VtRfQcBJyCvTr8cNpuIjIg-yfYAtr14zOr5Z0A-0kj961GzlGJEgNfs0_VgnKDNSb9Y40,Jeffrey Hewitte,https://play-lh.googleusercontent.com/a-/AOh14GhXrXSp952CZ89mPJGneADUTyxB8nfsnX9iJGUO9nc,Icons for Seasoned Android Users. Thanks for making these Patryk. Im getting old and these icons let me see the apps without my readers. 🤓🤓🤓,5,1,3.5,2019-02-26 07:58:43,,
gp:AOqpTOFaxP-z0SfgO9zxqF2AUyyH3As2cyIlQLdFnBJbePzpFx7-TgaUMeO9YVugFPWzcvlwvmJcovsZimdcvJ0,Arpit Sharma,https://play-lh.googleusercontent.com/a-/AOh14GiIc4W0bv6ag98KFt8Q6MvZB3HajmWTDVM04i0J,I am loving this icon pack,5,1,3.5,2019-02-22 02:43:13,,
gp:AOqpTOGMyNGAa1JX4PpeuzV-vW0u86AjcavzO9cO7-I7v5i5sYuBUBrws67gsXPc6sgrN39dDoCObjL3d9f_sdE,James Smith,https://play-lh.googleusercontent.com/a-/AOh14GhyVgMKu5kB14sjjQxXD1j89sMioRMqYbfA4lO5NDw,One UI icons and MS Office icons would be very nice 👍,5,1,3.5,2019-02-21 10:28:13,,
gp:AOqpTOH6hcNphNaqMiI1E9RuT7PhKth4aW4Lm5UX5BdxStzN9idwGzvYPiFetZUfHfAsH5adVn3X5hIi9ccI5x4,A Google user,https://play-lh.googleusercontent.com/EGemoI2NTXmTsBVtJqk8jxF9rh8ApRWfsIMQSt2uE4OcpQqbFu7f7NbTK05lx80nuSijCz7sc3a277R67g,Best icon pack imo. Exceeded my expectations in terms of quality and design. Worth the money,5,3,3.5,2019-02-20 17:26:34,,
gp:AOqpTOFMwBjd96FMTNk53cDBRPv3S6XajIW9qNBgu4VfIlHniOtFreY5Q9JluaNwkgoLR9BmdtnoG-wogdr6Qug,AC,https://play-lh.googleusercontent.com/a-/AOh14GipDE6ECMEdL9BLCj1uEUdteB00BlPrP2FT2Hq4Rw,Pure eye candy ^^ Thanks for implementing the suggestions btw.,5,3,3.5,2019-02-17 05:41:19,,
gp:AOqpTOGuknY2qP0kjXkpL-vRODoqYJAFyFY4dlwXZYqz7ix5s_cucCW-0tyaX8UgyiRxHpXz6HzEPdtAgkXxDoA,Tharuka Nisal,https://play-lh.googleusercontent.com/a-/AOh14Gii20jFLuiKjw63km8IPBPMCqWZy9NjINAbZxlXrQ,"Well made icons, top class designing",5,0,3.4,2019-02-17 04:54:54,,
gp:AOqpTOF2BvGHC_eRJTYsW56eXKQ3xCouHLnbee5xrGGPUS2-u7j7a-sqveq9hGnk12GnAf93pRGH4dL-wzx598A,Mark E,https://play-lh.googleusercontent.com/a-/AOh14Ghoz1LLiww4kP21qW5jRL5dcQ4BDz3gFsYmnFdSIQg,"great looking icons, this covered allot of my main apps which is really nice. i like you have great images on here of what they look like. that helped. great job!",5,3,3.4,2019-02-13 09:13:22,,
gp:AOqpTOF4TYQUQWaNVzeeWnWVSHQc1dhEJMHf0nbuYWrJGp9zlfaOg3vzENSNFxvBPZJx_d_dX2gp7pLxn7lstCg,Sidd Sach,https://play-lh.googleusercontent.com/a-/AOh14Gg1xI95s0CkVa-VeX7_lTpmSp9VCVn9LtyRM84hWg,World's best icon pack developer and icon pack.. 🔥🔥🔥🔥🔥🔥🔥,5,2,3.4,2019-02-11 03:06:06,,
gp:AOqpTOHnkdbu-wgXdJO0AV3JiHSjx-iI3qqcK8S6--GgplHItjMmKsGhRXA33n0-s_89cpAWtDmtwazIwRiIiGM,Moumit Bera,https://play-lh.googleusercontent.com/a-/AOh14GhgcUmaTGkadM7y8nQv1HAHes6jLj_wtsELpwgHdXM,The best yet!!,5,0,3.3,2019-02-08 08:00:28,Thanks,2019-02-08 10:40:43
gp:AOqpTOGh_8H6U8TYoqQInsDC9bE6hqAZawR_1U-uzgtMC-sHRiSP44hY6CQVPzRCghP7D9sDYkW98PW0-Amz6wg,Zac Shannon,https://play-lh.googleusercontent.com/a-/AOh14GiT4XRbvMZqCSf1GmITh8yDYel6YPhbgjTNdIYCC1c,"Ive been an android user since 2008 and in all my years this is by far the best icon pack I've ever seen, by a WIDE margin. It should be Androids default. Its just perfect. 💓 Keep up the incredible work.",5,5,3.3,2019-02-04 16:51:40,,
gp:AOqpTOG0Y8npG4ifq3v1P2OnoBxrz2NslkcnkwJaDb2gg8UA7YKhLG0SzwB_MAZdwahMFg-QgbmhdEbXZigk6rw,Ashley Kruger,https://play-lh.googleusercontent.com/a-/AOh14GgrV_-0mUqIUth1718w8f1UOKkpt5483oMtZwNiww,"Great icon pack, well worth it!",5,0,3.3,2019-02-03 09:14:22,,
gp:AOqpTOEsNHfsdPFvW-BH6_OpMRhM-5cvp69a78olJ2iYwffyBIIQD14ccEVP9KeqIW9xqtGl6m1i8-3l_ihWzWE,Mahdi A'akif,https://play-lh.googleusercontent.com/a-/AOh14GiaF7wLsx_EFZaH5VpokIiz-SPlus4OEVOsREX3rw,from 4stars to 5stars.. the best icon i have right now..nice1,5,0,3.3,2019-01-25 03:45:18,what launcher are you using?,2018-11-12 08:30:08
gp:AOqpTOGHjkNXIJExi5-hmKe7lIqOqd4K5Pq-cKqWX5qDpBFWlbOwC0a7g0oklWtU3rf9Y7E2C5j4LIxoR0tFe68,Shubham Sharma,https://play-lh.googleusercontent.com/a-/AOh14Ghq2Nu4XKu9z9_CVIoU_lTws8s9A-7EfcV5Wu00eXc,"Great looking icons, the colours and the texture feel are really awesome. 👍",5,0,3.3,2019-01-22 15:59:01,,
gp:AOqpTOHo_wQwV_Gpe5giycWLfgYVeYdMKORd9oOVj2wCU8nTDC39aR44FrBjyggf87WjuOVi8PB8MvlSur6MFvs,Szymon Szydełko,https://play-lh.googleusercontent.com/a-/AOh14Gjq7af_s4sNz1NGT79KDWzn9MacWLAtgabdK7d1rw,i just wish there were more icons available,4,0,3.3,2019-01-20 04:41:00,Updates gone make it reach over 4000 icons,2019-02-08 10:41:14
gp:AOqpTOE6hPfK-wu8Z2-Qh_92EX7b1bHeayqY9aUB2Hzpe907rUCHH2JQEnCgNVEDC8a_ELmPCSBthDDp_b40vV0,Marissa Alexander,https://play-lh.googleusercontent.com/a-/AOh14Gi-Qr9FkfAg4CEr7Yk1uXD6onOPMpPs5eIC52XdjCI,"Love this icon pack, can't stop using it because it's so unique yet matches with everything! One of my all time Favs!",5,1,3.3,2019-01-15 15:31:08,,
gp:AOqpTOE_fS0BnMMX6WeDf2ckzyWRywq4vPUJWw7iJDu8AbIsmpZfV4S8yC0wbjzLKn0RLHu0kNN0__ZQKcR525o,Hleb Makeyeu,https://play-lh.googleusercontent.com/a-/AOh14GjuMClxJdwsNtx2xr-o8mmSL91AKQHnGuwsqvGGYrU,"Good looking icons, though the app doesn't have any categories, all icons are dumped together. That and no icon labels makes searching for icons manually impossible. Also it's impossible to see what icons were added after updates.  UPD: it seems like there are categories after all. Still it's impossible to browse ALL icons with categories as separators AND icons labels. I find it really inconvenient that i have to click on an icon to see its label.",3,33,3.3,2019-01-11 05:16:13,"in the app there is over 23 categories including ""Latest""  you just need to go to icons section then click the green fab button on the right down corner and you will see all  categories and you can select which one to show and which not!

Enjoy Moxy",2019-01-09 13:44:17
gp:AOqpTOEgw0WDzb8DFOA_dzY9-6FHyAERU9KtPafb10DtmCHRPpXQzeK0onwbiXAlzvz7piKRjZV2eQT0VuQLOPQ,Faisal Rajab,https://play-lh.googleusercontent.com/a-/AOh14GjMkY8DA05W0EPK0ujRZ7Ahsku4FGcJpKBiENYmSQ,"I give it 5 stars with no worries, simply amazing!",5,0,3.3,2019-01-09 13:57:42,Thanks,2019-02-08 10:42:11
gp:AOqpTOHekcSyR5GQvaIWh3hVO1AmqoQ8HL-scmXzelpEhMDATDZedpL-M4nM5NDSQR3gUyGWHlWXyBnOfZNetls,Akash Rao,https://play-lh.googleusercontent.com/a-/AOh14GhxWAPSz8YQd67cyEIgUbWsVGVSoajHS3WBfFOuQZI,One of the best icon packs. Hats off to the developer for constantly updating all his icon packs. Awesome work.,5,0,3.3,2019-01-07 20:09:53,,
gp:AOqpTOHengrwzH9ut9mzd0IuuoW81xEhUByppn5ssCB842iNTy_f2tafPOZ4e2QCc-otc5HPPhgJtwVlhBECW9o,Ada Santos,https://play-lh.googleusercontent.com/a-/AOh14Gh6KBbbp8vWqU3nH8IcYp5zNXW0GLMjPRIf4E2shQ,Moxy Icons is THE BEST looking icon set I've ever paid good money for. If I could buy it again I would. I love the texture and gradients on every damn icon in here that I don't hide them anymore.,5,0,3.3,2019-01-07 05:44:53,,
gp:AOqpTOHG9h4145vq2uvV8OhQTS8Z9OtisgyWBpVb-FRoA30y1L-5JlE0mJGm_RDe_Jdq-lODAgl5c1Fldb5R0xU,Stevie Jordan,https://play-lh.googleusercontent.com/a-/AOh14GgMZu7xrI77FRMBwVCJ13Mg53qIWVYZCIyN0lPlAQ,Really sync in with Poco launcher icon for pocophone,5,0,3.2,2019-01-04 20:35:43,,
gp:AOqpTOEYzTFAdOkd8_GREd4YEUGnDUYcnOQNgQVZxDWq9NNOxAErt_39ZcxaWCo-N9uxRmxpqxH_mV_BzBvsxck,Austin Farmer,https://play-lh.googleusercontent.com/a-/AOh14GhFb2ID-t--JGSVLSgn9f7tWL-MFmK1aSgSCtqqeg,This is one of the best style icon packs I have ever used.,5,2,3.2,2018-12-25 03:03:33,,
gp:AOqpTOEajXg5Ch6OAH7b8TWKTmK1G3YsMpRv6bGlWt41nvKAk4PljsuC2iTGFp-NHHRK_K2-OWhryh1t3qhcp0k,Anshul Sharma,https://play-lh.googleusercontent.com/a-/AOh14Gh4BsK9_PukNXlyQNX_fdSNNGRrCUYfz3-9Modj2w,it's the best colourful and the best minimalistic design icon pack,5,0,3.2,2018-12-23 23:46:36,,
gp:AOqpTOFXjH8N36CdzDDV7LG-uFlaAsYors9gftB_dCMaiWWnbZswcpqMY_zdeZVRDHm1bh4PHPmfFNAkSiBAWjE,Abhay Raj Patel,https://play-lh.googleusercontent.com/a-/AOh14GhIXHdMc_p6uoA5-0lk7oYt3ir5OSkcYrYc7YE2Ew,One of the best icon packs I have ever used!,5,1,3.2,2018-12-21 10:06:46,,
gp:AOqpTOEwFtm-VwHKgaizbuu1tSXnnN9ddMXPR-RyNy_GIo01qcMwow7Ejah6jsE1vJnDdN5dH7oWFy_LST2DxQ8,Daiyan Dabhoiwala,https://play-lh.googleusercontent.com/a-/AOh14GjQDujisfw8Oh1nzupn1h1gXIRfnX4jMxNASXIoxg,BEST; I said BEST icon pack out there.,5,0,3.2,2018-12-18 20:24:14,,
gp:AOqpTOEcZu2H-05naHUccnCF7U83s4Z_X4y_qgaL8q10W3NrF-__nxuXWSyvBh61k9qVItC-_PNBPSjOSAhU-d8,Deepak Yadav,https://play-lh.googleusercontent.com/a-/AOh14GisEkT6miVm2LROlc6PKk8Tj6U4CQyLv10xtmbpBg,"Most Beautiful Icon Pack Ever. But, 1. Wallpapers are no so good within app. 3. Need More Icons because no Icon Masking available. Please complete icon Requests asap.",5,0,3.1,2018-12-17 19:28:15,,
gp:AOqpTOFrYxc6tjNjlUc9pTu3po-By51vJYKq2Gz5V10wE7d1aUbIZktqpLn2txwEN5elV2-_z7tSBFggKSw391s,Albu Emanuel,https://play-lh.googleusercontent.com/a-/AOh14GjZUySACKOxhyKvRMmsod4YMyUSsKKxKwKWTAOeYGw,Best icon pack ever!!!,5,0,3.2,2018-12-17 16:47:46,,
gp:AOqpTOE_I7iwshqT807jB256g8JOwZDruO68UcndiQn792CD8UBqToqW9kAVNPAeKl81JhZItrWLk019nd288iw,Matt Smith,https://play-lh.googleusercontent.com/a-/AOh14GikBFPoFA31qmeI_zpTOOUg6OotwhOAxLDpThvhyw,Never feel let down by this dev always nice looking icons probably my favorite icon pack from them so far keep up the good work,5,1,3.1,2018-12-13 09:23:28,,
gp:AOqpTOH5mgomdiSMESf0aHAFJSKwWotaZRi5DgIPXXXzvmvanjzdgUS7GK-IoxTPB56sbSquDHpCaQ0O7FZ2HeE,Craig Ippolito,https://play-lh.googleusercontent.com/a-/AOh14GjOK7cRgluM-P8cGJg8SJmuXSysKsXX1FkINm7hSjw,"Excellent design, quantity of icons, style. A great icon pack for customizing your device. A must have!",5,0,,2018-12-09 07:32:00,,
gp:AOqpTOGv8fRWo5s7aSC9k5fLdMxBLnSaOx-hS29Nu_vCR8pXv4-FgG56lfZTvHwleIxJfHqxMXP_c5YcYfVB7c8,A Google user,https://play-lh.googleusercontent.com/EGemoI2NTXmTsBVtJqk8jxF9rh8ApRWfsIMQSt2uE4OcpQqbFu7f7NbTK05lx80nuSijCz7sc3a277R67g,Activity of unacademy app is broken,5,0,3.0,2018-12-01 05:35:04,,
gp:AOqpTOEPbOz5YEpqmOzAmPqizoP_SY5CQRsAG1A-aXLbRCd4zuxjlqg7rSVWIsuoh_PdajsVggcwbWS0Qk_O5bs,Only SRT,https://play-lh.googleusercontent.com/a-/AOh14GjTCfgfPXCUElIpcILAvt9VxOG_XdpKxG_EBoBE,Well designed and beautiful icon pack,5,0,3.0,2018-11-28 19:02:17,,
gp:AOqpTOEQFVKWnV2CsA8SGfiZzizoaFYOd6AkOZn1u4OHkhSbDsuOZbmO_rYZsIxbsaGXhTd6zbHQg3A-ZxH0m8Q,Baljeet Thakur,https://play-lh.googleusercontent.com/a-/AOh14GjtZSiok95aRvaeOwDPJUvfe55Nk8t7E9vb8AjR_Q,Dope 👌,5,0,3.0,2018-11-26 20:04:18,,
gp:AOqpTOE6zoXUlRNhJfyThg66xXtANFjk36jJe6JpSHY_d_kZ4LK3FC_NcxaOZyWiXRPQL85eDqNQuJ0BFswwjOE,Ivanisevic Hanuraiga,https://play-lh.googleusercontent.com/a-/AOh14GjlJ8_IVMbb85egn5eYkN1oY66mZPcXeh--P_yZTg,Best color!!,5,0,3.0,2018-11-26 16:03:18,,
gp:AOqpTOGNnJLF3yZqDPiFs-F8SR2ycHVNS_ydGq1CmrtKuFQ7O5-MJ5dU7KybKPKsEaBc-6466Hk2rVumbeap2SU,Rud Achmed,https://play-lh.googleusercontent.com/a-/AOh14GhXq583GhLcUnTBdaXlaBWh4NvNTyXiDPOLjiHNEA,"this is fantastic! I have to tell you for every iconpacks i've tried this one is the most amazing icons, beautifuly done, hats off to designer and developer. few app needs icons like Lux and other but that can be customizeable with today launchers",5,0,3.0,2018-11-26 02:28:08,,
gp:AOqpTOFE9J-jThQGQM2fr746dQ3oZ0JUfGUzJim2uWwmnf3EZFB1BPgvA0Tu945pyKERnY-QQf5pwQhrbDm8bhA,Anand Muralidhar,https://play-lh.googleusercontent.com/a-/AOh14GjHF0BWB4nsjE0L80euy-CZEScB52cmUdHI-I-RLMg,I've sent so many requests. Not even one is implemented.,1,3,2.9,2018-11-25 16:05:30,,
gp:AOqpTOG-xMcOUzdrR96Wtbq2rkOKBk31PHpaVJ45--PHA2fb6ZVHCD8CCK0BBmFbb_PvxMQ28objPchZl0KrHiM,Iain Thompson,https://play-lh.googleusercontent.com/a-/AOh14GgpBH5ORmHMJ9zku4ymjI0LKEemPPa0z3VhWnLRx2s,These are some of the best icons available. The developer updates them regularly. Highly recommended,5,0,2.9,2018-11-25 09:43:45,,
gp:AOqpTOHUWtF6umxgn4A16x-ikLS-Y5A4dZ3gDdXIIOTelIBbvvs9izi0X2igy-AMqX2TrnZnxiPEDgt4Hg4A07o,Arfan Hidayat Priyantono,https://play-lh.googleusercontent.com/a-/AOh14GguR9FWzQhBGVjNFXl_zAJKsErO2K878qzcb4CuFn8,Thankyou for release this 😂,5,0,3.0,2018-11-25 08:32:54,,
gp:AOqpTOFbXGKiz3Qq6AUMnLiaLHfaGScsEpp-X37jLO2XH4ivgpJ4i_pzFy-iaTZ5Lgts61EmQ4738kWhdZQ8sNc,Guilherme Souza,https://play-lh.googleusercontent.com/a-/AOh14Gg7M_i91hEW8LSppOMHYaIIgCTcie5RSx0-Ipw-rzo,"Best Icon Pack artist hands down, bought just keep support I still prefer Cornie",5,0,3.0,2018-11-25 01:34:09,,
gp:AOqpTOFnIYoyM3SBjbVbFJZ4OrCbWQUqOF7HkEhYnyDBiuPx4DRhpGrQovJZQ4RbCQ-NwylDb5DFPwLBh7ThZcM,Sohum Shah,https://play-lh.googleusercontent.com/a-/AOh14Gg4VtznJQeZ_jlCJgkRGD-4OQdcFRb0D0aY8sSjGw,One of the Best creations from Max😍,5,0,2.9,2018-11-24 22:33:20,,
gp:AOqpTOElzp9cnck8rWa2KMjg_TglrSlwwACyrLnfU8KhZGL0OFkbABUjAJtqhKPCwl-j1p1b0WPZDmPMc4ahdFg,A Google user,https://play-lh.googleusercontent.com/EGemoI2NTXmTsBVtJqk8jxF9rh8ApRWfsIMQSt2uE4OcpQqbFu7f7NbTK05lx80nuSijCz7sc3a277R67g,"To be honest, I was originally in love with Minty. But I bought this one instead. Surely with an customizable launcher, you have dozens of icons for the camera app which you can change it according to your mood and look. Worth every coin! Good designers.",5,0,2.9,2018-11-24 19:26:20,,
gp:AOqpTOHvud32vRNpuM2957xdhx710MVz1xzsR5GAMEawOjStCW4tBaz4SLRC9I7087hfCS6_en0QTY6dagNFBiM,Nick Nice,https://play-lh.googleusercontent.com/a-/AOh14GjQ3C07lk0Gdfh7TEzrWcibB649eK5gLcr99BPvbZg,Awesome as always,5,0,2.9,2018-11-22 10:14:10,,
gp:AOqpTOHuuzPDE882xzSCqvi8kCxTHvjHEkEIjQ-RmcgpN9j7t1i41zi5rMz2NraZCjY1FogpCsZE8N5pWtaOvdk,Yash Taori,https://play-lh.googleusercontent.com/a-/AOh14Ggu1LKECja-44IDWibtzgbwqmqo0zfREy-yeItymw,Beautiful icon pack,5,0,2.9,2018-11-22 07:38:51,,
gp:AOqpTOF4cogaAz3U7CmhfdbG3WhbZ7HIfoQhT58-IB5EcNK7-qn9IvqyglOmf9vD57qu8DEAzQVKDjNLfp_rrbo,Joy Mondal,https://play-lh.googleusercontent.com/a-/AOh14Gj36em9TR6_jJg8kRONHiPae7_P71HXqEbtLAKV3A,Very unique,4,0,2.9,2018-11-22 06:53:47,,
gp:AOqpTOEHMgmGP-jyS70b9wByOzrFvyF_NOgqLkn0xD-qoaBlCljeh7Lq56a4P2oEPjt3VTHcFhigE-xnl-NUU50,BEASTY,https://play-lh.googleusercontent.com/a-/AOh14Gj4DoswAAolO0kLbDkOLWKHgeGp6ADHfsKXlLzn5A,"What a unique icon pack with great designs and eye grabbing colors, AWESOME WORK!!",5,0,2.9,2018-11-21 20:48:46,,
gp:AOqpTOEs1bBZ3eA1-mCZMODfE9W5bNW4SJ5OT5Da-CyJ-5XWWqVserNMo8R1fbX6DFC3rKt5P26KASVIFuB-O6o,NG GADGETS,https://play-lh.googleusercontent.com/a-/AOh14GhDb6aAeckn4KQsTQ5PkxJfJuZiaTBQFx0LxV7n9GQ,This is simply one of the best icon packs ever created. Love it ❤️,5,0,2.9,2018-11-21 10:26:13,,
gp:AOqpTOFnba3uTRhyzieKpI4c2fH2io9m9NEPKl-gPYk8Hf9krUZqHP1dhr0hNCdJnoX-DAYSXocj9UM7KnaWt5g,Titus Judah,https://play-lh.googleusercontent.com/a-/AOh14GgXOFwSGzmEWkfBCJVX4oEVI4WgDykA9ahO6McTMUs,Refreshingly brilliant!,5,0,2.9,2018-11-19 00:40:33,,
gp:AOqpTOHlsvMYRS6iX5I3VaLPSL2iqs-tjyWPs2x9skdF_VOnCbiOYu-Pd9NylxACVXiYh4hwZghBwrye0K-3180,Amel Masinovic,https://play-lh.googleusercontent.com/a-/AOh14GhHhMYQMsANtxS4exE5SKPod9tlxWaPXMIVQshsg8k,"I own about 20 icon packs but this is easily my favorite. Unique and clean style, great colours and excellent coverage of apps. 👌👌",5,0,2.8,2018-11-10 19:52:14,,
gp:AOqpTOF73z-4dq_Mo_y0bbblis42TcIq1mV2LzD0ErtupleyFuwSl7cU4e06nKjGM-ABZoXSVhd_l08NdSAdVcE,Kaizer Hanz,https://play-lh.googleusercontent.com/a-/AOh14GivDldl-9yV5OtgCzpUk0Gukv8ot6wG9g84AohNmg,Love the Detail... EXCELLENT!!!!,5,0,2.8,2018-11-06 10:41:29,,
gp:AOqpTOHzIh6SZMPReQNpxMUYyDsQXbvzpgvSkf2QlyOtAj0WNBQ4bXrrelSD7fTC_98TfUlPogCxVEfBLmY-lRk,Scott D. Morris,https://play-lh.googleusercontent.com/a-/AOh14Gj_dwwrRXstK_MI20BvLz9XRa0tp6tDL0PDgX4-Rg,Outstanding.,5,0,2.8,2018-11-04 17:31:01,,
gp:AOqpTOGGDcYbVXmE6O4mE4L8JzNBrCZrxFNiNmozJIPo42GihOx-r_sSCBUA8AW3Rjpj1NKrzrsRc4IoxFeB-rs,Rohan Dubey,https://play-lh.googleusercontent.com/a-/AOh14GhI1GJUrClhcjJxd6EpzkAhNK6MgjKU1M1S1HIuzA,Wow,5,0,2.7,2018-11-04 00:02:07,,
gp:AOqpTOHTrEupgwLdt5asdLncdGwnDRZJpasBm0IRhnsnK2XHLSuaic2uwEVyqxu8vDn5HN2qhx0MM6Av3q8gaFk,Mar Tini,https://play-lh.googleusercontent.com/a-/AOh14GiHh5IRewy8UpdFYmIZxF8Dl3QJ2gY9YmE_8dpVvQ,"I love this icon pack so much! It has an icon for almost all my apps. The only app it doesn't have an icon for is my phone carrier app which is giffgaff. So if you could create an app icon for my giffgaff I would really appreciate it! Other than that, amazing icon pack!",5,0,2.7,2018-10-29 15:47:50,,
gp:AOqpTOEQF7BVsrMhIZpvaXy9tn4CHS5fdUQLcQiKV4iN53jjIXdnXp4fQLo3qC_gM_-C1WMz3aqTCIbXzOcUQo0,Aden Diamond,https://play-lh.googleusercontent.com/a-/AOh14Gj9nNu9ZVZl0Saa6iMrrlDvT58se8zadmavQg_iMQ,👍,5,0,2.7,2018-10-29 14:06:32,,
gp:AOqpTOH_EYLhx4N1vKu15z55M7V6Ljq7DWgLYBuSH68peIktTTWkViI5nAaLzHvesakug7okfokaCf24i0mb5Zo,Vimal Sonwani,https://play-lh.googleusercontent.com/a-/AOh14Gg5N4g5ksdyoSDVRw4iwYQUjIDDd7z4AbjVTrla4A,Very great looking icons,5,0,2.5,2018-10-20 23:36:49,,
gp:AOqpTOEnsNtBPLEGtSHxs-neJALnxIZ9hkmwP7ra1M98EEJVGeTQFHpWW8Foq-aX2g5dcaY9xbsUctzEy1Crg0Y,Cael,https://play-lh.googleusercontent.com/a-/AOh14GjA2i6LGEQSyZyiOojEao7Pf8lSUmvkdqpAB3x8Jg,Amazing Icon Pack! worth it :),5,0,2.5,2018-10-15 23:14:20,,
gp:AOqpTOEiCzRsmAQY3tc56sJev_n0wyKVimj-h65X-svGB4KLDizOp2aqyNDCiuE5wx69HXMKLOz8U5PC2DmmJuE,Cory Bender,https://play-lh.googleusercontent.com/a-/AOh14GgjlqNS3Gozdec98_wtujRmu8o7snyftdArPnYq7LA,Awesomeness 😎,5,0,2.3,2018-10-04 20:59:12,,
gp:AOqpTOFn50PgUrqdWvICImPzCKG0zm68a2yvLemMQJ9ZZFirHUPWcD5z-KvKeNUXdgPGfaQ1RGFlZIDAd7omAIE,Eliakim Santos,https://play-lh.googleusercontent.com/a-/AOh14GgFmD2DcgKSPThQDHc24aH3RXXj9frR2LEyVHZo,"grat, add more icons pleaseee",5,0,2.3,2018-10-01 02:49:11,,
gp:AOqpTOEzAKUPnbtL5oW5PGi5godLIGEto1cHIr__-FZWE6lein6Zt3CheehFfoBFZVgAKdHo-cHqbeGe35bBXo8,Ankit Kamal,https://play-lh.googleusercontent.com/a-/AOh14Gh27kDrwgljMtlnDelxhIdnLtfrDg4DTGcuTbNGsWE,Keep em coming bro!! Love your work.. Got all your packs..,5,1,2.3,2018-09-30 05:30:00,,
gp:AOqpTOFSp7kusoaeuA1a9KoV4S-fOFpv0L2qNH7kfYHmKT7X5QfrTMKP6zsreHUeGIMI3WVfEAyt7dY8AZCrGjc,Ash Moreno,https://play-lh.googleusercontent.com/a-/AOh14Gimv8QK_BA57IcuiDF32XfD578syqLanHVxUKh6gPA,Couldn't be better,5,0,2.2,2018-09-26 15:41:58,thanks,2018-10-12 08:22:41
gp:AOqpTOFg1CeP5dipOnglinNeN1s3_ZWvOSs8msNU3bS9Miervie0iMYCP54RCm0hlR7tfiaDWOaAYT_UVqjQn5o,Irfan Chamadia,https://play-lh.googleusercontent.com/a-/AOh14Gjr6ELcYcPEm2osxbCqfiZrFV9zK_TzKNAjbZ7nMg,Was eagerly waiting for this stunning icons. First time bought something on the day of launch.,5,2,2.1,2018-09-21 11:39:21,,
gp:AOqpTOG0qSx3Kw_qJY6_3IUHi1aPh1EDZiRHKJWcUltX72y6-oZK7b6XdLVN6xJ1GnXLl9IZZce4ORVL928-PwY,Kelsey Jones,https://play-lh.googleusercontent.com/a-/AOh14GjRWW41PIuAChzCm1aR8b5HfkcEUngyhoYN1sZ0SA,Moxy Icons is great! I love the look and feel. Awesome Developers! New fan of Max Patches!,5,0,2.1,2018-09-21 05:22:59,,
gp:AOqpTOGGph8Pa84bgHHBxsFORtecXDqfh9Zdmz_khB5cElnERWYhu4gnVzMsyNdmB3EjgJun8sEKyfbJ9zzJS4A,Vivek Rai,https://play-lh.googleusercontent.com/a-/AOh14Gh6v8f3QA4AAfAt_3SzqUAkCF7K10hx5BvRVEd2Gy8,I love it :),5,0,2.1,2018-09-19 03:06:07,,
gp:AOqpTOECTcVDjbeOM4HQFd6HN386PlvVRiobApD2gBy8Y-2Pens3XdMZwWQEjNpjvfWwFNVdmlvfBQjv0se_FJU,Vikas ramesh Patti,https://play-lh.googleusercontent.com/a-/AOh14GjTuf_N_Oga5Yz4v5FSXxyjxGoc2STUVvKYAdfefQ,Icons are wonderful,5,0,2.1,2018-09-17 23:48:05,,
gp:AOqpTOGggjUZFWfsAjuDYAreZTFTmogrAE-K_Q9UiFOhEYYWovqlvelcpnAB9UIpF1F4NpppCY86fBt6ch8J0g0,Shivam Sharma,https://play-lh.googleusercontent.com/a-/AOh14GhDQ_XJQDzt6xN1i-LWC0t1pB-CpbfmomlbuwIHfw,Just amazing worth every penny Respect developers,5,1,2.1,2018-09-16 09:05:32,,
gp:AOqpTOE_vS-m5JsxCDKQ28PK0YJl9wVYdWTpN_9PwLoimjCKgDuQIv20Me54i61ToCOyPoQCphr9cLtK8mb3Tkg,Uzair Ahmad,https://play-lh.googleusercontent.com/a-/AOh14Git9dYNMkgKgrjaCgoSNO86TO-f8T7DS32y34v9uQ,Great Icon pack the best in the market. You got any sales upcoming cuz I need the aivy icon pack,5,0,2.0,2018-09-15 05:55:30,,
gp:AOqpTOG6K6wdffkfrDxaRDuueo27FPtvUzSfNH-uRWZXrHqIly9z2RP0riVXfm4kwz3YNlQu4adnVyfvsvlFC3I,Bhavesh Yadav,https://play-lh.googleusercontent.com/-GxnBb5bWx_g/AAAAAAAAAAI/AAAAAAAAAAA/AMZuuclr897SzWdXzXY2hNRes-VVo_5wlA/photo.jpg,"Currently the best icon pack of 2018. Perfect. Just 2 requests, add some drawer icons and more wallpapers. The given wallpapers are not so suitable.",5,0,2.0,2018-09-11 23:21:51,,
gp:AOqpTOGOUFkfkjIoPobqePX2a9xGxhRYDUPcAN035v5zZ_V7aZZqZEAru69WbuF6cjckDpyEBXeQrb4QAM6mqvE,A Google user,https://play-lh.googleusercontent.com/EGemoI2NTXmTsBVtJqk8jxF9rh8ApRWfsIMQSt2uE4OcpQqbFu7f7NbTK05lx80nuSijCz7sc3a277R67g,"Great color, unique, and overall, visually great looking icons. Thanks dev, you definitely have my future support, especially with how fast requested icons are dished out. Noice!",5,1,2.0,2018-09-09 21:12:21,,
gp:AOqpTOFL0oDh5jYhGvLVNOFR4CmJ_iT2QBdgLZNLxnwo5Alz-nHqMGJBjiheAaGXx4Nf4MPrIMwr0rBTnyMgCxA,Raptor Swire,https://play-lh.googleusercontent.com/a-/AOh14Ghrc5DjGfvldF-iF_dsnInwZpZmPHZG_CwCFmLd0A,awesome icons!!! <3,5,0,1.9,2018-09-04 12:40:41,,
gp:AOqpTOFOQs7R1GzTjNRuVu6IhKoOao3Ma1i4JgmMUZKj1t1D18IO77KQJ65H1A6Kc1d_A7-NV2F5kZdOzW0gP5E,Adarsh Thakur,https://play-lh.googleusercontent.com/a-/AOh14Ghn8PRnS49ql1HBoJGSMglOTQF7KLdiwL3Za0a1y-A,Need more wallpapers. Not much wallpapers.,3,1,1.8,2018-08-25 12:09:53,,
gp:AOqpTOEtMYYLrH6yPZZRb6clXUnl0XJ5CP5OZ2xQVVnEhe-v75mPdt92xkdA-O9vTUgrpp6DePD_5D7UEs0hrEw,Nandan Holla,https://play-lh.googleusercontent.com/a-/AOh14GgnSUBfua3S82tvGXeMaItPL9KWCwqmRt6LfcHaSh8,B R I L L I A N T....All icons are great😍😍,5,0,1.8,2018-08-21 09:42:43,,
gp:AOqpTOHGbayeW_U6xFa4lbCx4s-gpc_6Bfxgvs_QLNHeOWlH9PbAPnc2IVCQJ8Uk4HE30BS5qEZxwmO0K-FFX00,Rahul Gupta,https://play-lh.googleusercontent.com/a-/AOh14GiI_A3ziP2qDObUrFwmR9Drb1OB0zJ79xFWUbje8J8,"As with all your icon packs, this one also knocks it out of the park. 
Unique and vibrant. Love it!",5,0,1.7,2018-08-19 08:15:37,,
gp:AOqpTOHVHurmJk3MIinMz2LEXDOIZuATF_g4qpVfegIrBSw3yAYi5Z_a7W4BL5NYbs-NB9qLFP2y2rQAZxBSuDg,A Google user,https://play-lh.googleusercontent.com/EGemoI2NTXmTsBVtJqk8jxF9rh8ApRWfsIMQSt2uE4OcpQqbFu7f7NbTK05lx80nuSijCz7sc3a277R67g,"There's a price tag, but that's just a small price to pay. I got the best 
icon pack around. Keep it up, dev!",5,1,1.7,2018-08-14 07:43:57,,
gp:AOqpTOGKfZSsM_p6iE-ek6LOJFvCEMiYr_PJ21us2tgdO-4LqjAtMjwHYe1JMZGUIHJW435qi_jjwGBDABB-pyA,Bagus Bala,https://play-lh.googleusercontent.com/a-/AOh14Gi7AivN9gGpwXr2HMzLYAOTGY6OtegIv9x_z2uLBA,Colourful icon's.,5,0,1.7,2018-08-13 05:46:39,,
gp:AOqpTOGg9tCO2rxaMIxj5tCe3_ZPMelgrGdNJxibAZO2_AqtsYO8aDNCDdEaPxdvOV5Iw-Rjh2jdT-2vXlsu7DI,Nanda Sathya,https://play-lh.googleusercontent.com/a-/AOh14Gi_7UJYNhuUPscRB6A8BF5LtkH0jqiW9a2U0cbNLGA,The design are the best!,5,0,1.7,2018-08-12 17:50:43,,
gp:AOqpTOFg9EILvHLbw2OogcxPxOZZSKjfpjsm0y-FmyRUILGInAirRm6oiKICPyPF0tcCnlWt6uvOeW3IDI5TWBA,Angel Aquarius,https://play-lh.googleusercontent.com/a-/AOh14Gh50cd-Y6afIxbPfv9tWmJaKeO4OLRbz9GSRZE8PQ,This dev is always improving and he's very dedicated.,5,1,1.7,2018-08-12 14:23:52,,
gp:AOqpTOFtGcQ7KUoaEr_Lr4OgMQxAIrBQGwEGSI-sO3wseuBVPFmr3VTPr0sS2JSjPHnBQfmLEMNeH58gjFMKWUM,mir nisar,https://play-lh.googleusercontent.com/a-/AOh14GhzXtlp_yxDbgvryesxJ_JwUHm3LwgL8azhMLKIhg8,"Hey bro I love your all icon pack.and I have purchased all of them.few of 
my icons are not themed please make my app drawer SUPER gorgeous.",4,1,1.7,2018-08-11 06:53:24,,
gp:AOqpTOE27UoDKuwHF-sXJwYCBJwi0rTD9dT9JqoA2wlAfbPB2yBClv_QQjFsnp2hhac-2VzDpjkgfaEXiwlessM,MuhammadNorAzam Azam,https://play-lh.googleusercontent.com/a-/AOh14GhRif0JaO3DN_J1NVerubf3kNfP_JgY0gd2NvawBg,Absolutely perfect!!,5,0,1.6,2018-08-10 07:11:49,,
gp:AOqpTOGvDXgssSDxLHDKCnNvln0cMc56RBIJgIsDzh4P1WSNR75Q5QHpOpqrmC-eBcEUINU0IMUib12-Efvmk6s,Navaneeth A,https://play-lh.googleusercontent.com/a-/AOh14Gi9Hvt54SjpZ6aCdjJIdLw8Mip0fK1d8st96EwqOWc,Great icon pack.,5,0,1.6,2018-08-06 07:20:10,,
gp:AOqpTOET9Z9RvreGflmNMHaWyJbLsStQ3UidbjprKll41MmJi07bljzpLkebYQQaTW-l35PntRHQGujw0oADPN8,Aditya Singh,https://play-lh.googleusercontent.com/a-/AOh14GgPFPa_OPE8FztY1QcHIIyOaPirlXAdL6Q-7wL7SQ,"Hey man, bought the app again cuz I felt bad leaving a bad rating. Seems 
like the problem has been fixed though. Keep up the good work. 👍",5,1,1.6,2018-08-04 20:35:31,Hey can you contact me on email or hangouts so we can fix this,2018-07-22 08:25:48
gp:AOqpTOEYt-bRGb2gDp4XbMijD2GHgDzOcCsudM1Pj8SXgOEmCYHgi-PPOzcsyL16VWWbKaf3PRAdlyFPwvgoNsA,Hari Dhulipala,https://play-lh.googleusercontent.com/a-/AOh14GhaaZWwkdlrkJP-XmebPy-bjLRJT6juCDYN6d12TAM,😍 Awesome 😍,5,0,1.5,2018-08-02 04:19:02,,
gp:AOqpTOGpcDGunjUD3Sm3l-2nLsG5j3ibmygKpiLmyorwG2V4WQ7gJq5siZFA-yM9doLVHcSgxLY1SO3mn0YJRg8,Mikey Kuplevatsky,https://play-lh.googleusercontent.com/a-/AOh14GgWcIgziM14hZNBFNiOYBqiCzDuzojYY4fZiUf3R30,Such a beautiful and unique set of icons!,5,0,1.5,2018-07-30 16:51:56,,
gp:AOqpTOGJyYZ7lqX_pM9IMW_ffPbeu21tiNc8T2VWSSjAyLeSz-6JX7IzuUm6OxubzkxNSrl9zWFCb65p1Tza31k,Genesis Scarlet,https://play-lh.googleusercontent.com/a-/AOh14Gh1mLfgjIN683Ii49WCvBxpgWAXWFpzQpsYkrKoQQ,"Extensive variety of beautiful and colorful icons. Frequent updates is an 
absolute plus too.",5,0,1.4,2018-07-23 19:06:27,,
gp:AOqpTOGYLKXGJzjFTXqFhl0qN9UgslvKuBwHqjTzhVhuVE3PB9jhgsSHrWCj6EAdtTd__RjvllW7oFXwtTe2wKU,Vedanth Thirumala,https://play-lh.googleusercontent.com/a-/AOh14GgO-tLb6qhR1Uwo9n_2XupB9EnUEEummA3CQeIaHQY,"Absolutely beautiful icon pack. I thought the Chrome app icon could be 
better, and they gave options for it in an update. Now it's just amazing. 
Totally recommend it.",5,0,1.4,2018-07-23 12:29:53,,
gp:AOqpTOExqIK16km5IljqqIlYIdNR3V2rknv4hG0Ee9GNSNSTAfCkH6_911otL_VKfGN-lUbcgTnMNgySvjuKthc,Lee Wenxu,https://play-lh.googleusercontent.com/a-/AOh14GjjQ4zb_pO_UiWV5oG-l7ZXv9UFTon-JcskFHUsNQ,"I don't normally write reviews but this is a top notch icon pack from a top 
notch dev with frequent updates. I think I've bought almost all of his icon 
packs. 😁",5,0,1.4,2018-07-23 03:46:36,,
gp:AOqpTOFhk4AaCgfrwdEhQl-oi1EaocPrMabCcRlmoWbaLiEEH0UaOoMmNQ8SEoN1LN7t4NkLy4yjHenkt_uRBh4,Ross Thompson,https://play-lh.googleusercontent.com/a-/AOh14GjgEjLhx7ocaO74o0WhREHFFkUwfRfxjOrghtjALA,"Best icon maker, another amazing pack",5,0,1.4,2018-07-22 12:04:24,,
gp:AOqpTOFUyRDeRC18WEhZxvjXz1pdesKAVFNmM6CDmxnBfAGY-TwnjJGflmZfjVtrBrKwy1mWlU8Yc7qHqYAG5ic,Shashwat Mohanty,https://play-lh.googleusercontent.com/a-/AOh14Gia7q32j1CBOzyhoMe0iPiokvayv1oD-do4cRmeQA,"A Real GEM in world of Heavy Icon Packs. I LOVE IT VERY MUCH . MY NO.1 ICON 
PACK PACK .it covers almost all icons. HATS TO U SIR 👌👌👌",5,0,1.3,2018-07-21 20:44:09,,
gp:AOqpTOHTrTOCuFt6N11suBYdZhdPss55rWt9XR_iL2hsrgYbsZGlkCd76HyKVmz72wX6USRGznEKCHlk9pfqlDg,Raphael Louis Florendo,https://play-lh.googleusercontent.com/a-/AOh14GiGNDnJerS_LgJ2exkBA-fiz7Fokoa9P7xQQTL2NNo,"As you would expect from one of the best icon pack makers in Android, this 
one is unique with a different take on shapeless iconography. It is just 
that on my HTC U11, not all icons automatically apply, even though it has 
an icon for it ie weather, sense companion, phone, etc",5,1,1.3,2018-07-18 21:25:25,"Thanks can you contact me.on email or hangouts so we can fix this , because I need you to send all your system icons to be themed",2018-07-19 07:42:51
gp:AOqpTOE7PaLK3HLeV_AP31Hmy2PaoGIK_nVpZFnxTcgbcThDnFjh8MNU9h14nBSX4M5ej4ULv1bg2Yk2V-o-AY0,A Google user,https://play-lh.googleusercontent.com/EGemoI2NTXmTsBVtJqk8jxF9rh8ApRWfsIMQSt2uE4OcpQqbFu7f7NbTK05lx80nuSijCz7sc3a277R67g,My new favourite. This beats them all. Great work Patryk.,5,0,1.3,2018-07-16 03:38:33,,
gp:AOqpTOGF8NlOoq-4_u1UEW2N1-RgIeC4jpugudr9NGecxZ_dOimS3RmcLdlBNx4WQHNsVSsEkjKN9mDbiQwRvvI,A Google user,https://play-lh.googleusercontent.com/EGemoI2NTXmTsBVtJqk8jxF9rh8ApRWfsIMQSt2uE4OcpQqbFu7f7NbTK05lx80nuSijCz7sc3a277R67g,Excellent,5,0,1.3,2018-07-15 17:20:40,,
gp:AOqpTOHBDiamhtMMHRy8ZoRHU1e-6aFUKy4izc6JyRY-qDbbIJQMtGj3xUBWwMViY4WL-f0kL9mB0Gt1WViD6wg,Chad Allen,https://play-lh.googleusercontent.com/a-/AOh14GhqGlBHWBK1WfrBb5cFQWkJA4kUe8cmm5Vxt_hzh_U,Awesome job with these!,5,0,1.3,2018-07-15 15:08:04,,
gp:AOqpTOHNB8ogdPO7ZrTXvrEG_1u8LvLr_BoESCMEqKR-P514qiiAV6vvk6JToLObt3r1n-fh0q6oOV8_Ow1EdKM,A Google user,https://play-lh.googleusercontent.com/EGemoI2NTXmTsBVtJqk8jxF9rh8ApRWfsIMQSt2uE4OcpQqbFu7f7NbTK05lx80nuSijCz7sc3a277R67g,"Superb...Eye Catching...Mesmerizing...Beautiful...Awesome...Best of all. I 
simply love the icons. Great work. Keep it up. If u want to buy an icon 
pack u can blindly go for this. No second thoughts it's really beauty in 
action.",5,0,1.2,2018-07-08 08:28:51,,
gp:AOqpTOF2dGDRTCNGb0yHIK1LYSCSts6oYw53bNJ4H_-qX6iH2PKm5LbNMzEDedvn_mSHkJlat1K6VipIXDFBjUY,Benjamin P. Ellis,https://play-lh.googleusercontent.com/a-/AOh14GgNhREC5iqZi1mOQXDeCD0pS1i4AXssN_BKCaU4Iss,"Max is truly a talented and reliable designer. Each icon is a stunning work 
of art. Buy all of his packs today. Don't hesitate for one moment! In 
short, it's Moxy time!",5,0,1.2,2018-07-08 01:16:15,,
gp:AOqpTOFKw4K9QrQAcUR-Dnx2FwIvx4xq2rtrHXpmUgd8i01ZxwKrXZ7XQV5aLOgzIxfbc7S-qVmSXvL-m1l9i7Y,LastOfADyingBeard,https://play-lh.googleusercontent.com/a-/AOh14GgEmhbI0GBUd4Ow28RztPLez-Ajgv7URyBTlRtKdqU,One of the best icon packs I've picked up in quite some time! Fresh AF! 🤘👍,5,1,1.2,2018-07-07 20:09:12,,
gp:AOqpTOGLcBIg9HWFgghSi0Ai_3QY9ZqIWLwp2jNfdhh0gCv8l1AfyEZuXBl-ec52H1zOsWHrAzBjsF5yJRfWqTM,Vyshnav Gangadharan,https://play-lh.googleusercontent.com/a-/AOh14GgJpMc3jO1fAjONLSGDpuBNgpQ3EY7lOsvJQesUODo,No words to say. Awesome 🔥🔥🔥🔥,5,1,1.1,2018-07-04 21:10:52,,
gp:AOqpTOEx_8t1jlOSt3CBezsC9IepWYid_ypMAMZIw5675Qdgtw9QdWwhzpfphXpSsRrh_T1CVwfR7277swjggQw,Shannon O'Connor,https://play-lh.googleusercontent.com/a-/AOh14GhVqNyqJIhMr8UA16CSqdssH2SQogh5N83O1hDhIyU,"This icon pack is worth every penny! Love the colors, texture, and each 
icon's unique shape 💙 Absolutely stunning. Buy this pack!",5,1,1.1,2018-07-04 01:53:39,,
gp:AOqpTOGMznC4wf1ut3g-LL5cQd_61_ZSS4JjXwL5JgdozT-NIrK60z9OCQLd3-kbenZZaY2w3_LQuQxQoPWD4kc,Matthew Bloom,https://play-lh.googleusercontent.com/a-/AOh14GiPcwVFcVON-Px8bnbqdLzjV4y-67bPI0PEZvm8C2I,"just buy it. in fact, buy all of this guy's icons!",5,1,1.1,2018-07-03 03:57:18,,
gp:AOqpTOHwCaqXa90u98nW220DbCzjkonF_rs1N8LbmakR9k_lRAVeORTE1jVlI4FWLEaAxYk1ykXwQsyE2neyNyg,Mohit M,https://play-lh.googleusercontent.com/a-/AOh14GiaJyHQ4z7uQwZI-UkAisSpNo0P3LvHeYVjR2EAkQ,"An amazing take over the already saturated shapeless Icon category. Love 
it! ❤️",5,1,1.1,2018-06-30 22:47:21,,
gp:AOqpTOHHDGGWdEfmr1bnvg-D_UqgM0yhDgifF_ZV3BLGzIEBRhVfu2iEdSj7Y3ID0nSy3zmm5_l_2Hhn_Qelv1M,VIPUL VAIBHAV SINGH,https://play-lh.googleusercontent.com/a-/AOh14GiiTOIaoDeQwlEmO3yEe0sI74gCq3fZ2SM_l6NXUg,"Cool as usual i must bought this icon pack to just showoff my new oneplus 6 
and its brilliant. Good job dev",5,0,1.0,2018-06-25 04:34:21,,
gp:AOqpTOG0Mb-DnGnXPDolNfoC8wgZu7f2msx2td6lOKGsr9fMGK4QlEd8_iwSbb1r-D0mspTY1A_4xNidgWUs3w4,Mahmod Ayyash,https://play-lh.googleusercontent.com/a-/AOh14Gh7bzGGu17vU2uSqSDm77Wy_-4BY8DkpsC7z9kQbh4,Still you are the best designer!! 😻🔥.. Waiting for next updates 🔥.,5,0,1.0,2018-06-24 13:02:03,,
gp:AOqpTOEzQWEh8Ovxdqosd8G4S8f7sF0e-stMYQjKZ4oEtPjLCe2Qy38aqWYxb1GT3b-HvfxF9tU5dJ_b3Dl3vuw,Samir Kushwaha,https://play-lh.googleusercontent.com/a-/AOh14GjwyzMStsMXo-f6nE4ZDpYOAXI5l_MJYTEqX53zWOo,waited for this for so much time 😍 awesome work as always ❤️,5,1,1.0,2018-06-24 05:35:09,,
gp:AOqpTOEpw4XVCbFrZUWGgBiFsCb9nEm6F-nv82MYqn4_BHvj1opZofZXcdS28YFrvivryGOArDbRuhjOkQQzb64,Your Gamer,https://play-lh.googleusercontent.com/a-/AOh14GjLJQc_Dv3i1lX8znsn3ze6xxdhwXm_tcpaXCikIQ,"This is another world...Max, you are a very dedicated designer👍",5,1,,2018-06-24 01:45:23,,
gp:AOqpTOHH84G-FUKuoTsAC_a2z95WhKkCMNfbVnqeNXtNZqPthzVBZb6izE7THr2MCGi9JaNw5gZC5PvnWD3K6Nc,Mohit Patiyal,https://play-lh.googleusercontent.com/a-/AOh14GgImLZ5-23m4X2hgv23umi04LqZ2fzrd4fMiKOb,Excellent work brother,5,0,1.0,2018-06-23 23:54:17,,
gp:AOqpTOHtiKAGRiPPN5KSJmg6o6nWUaslIdjhDn4KeEjKIzWHfs0ChdW4IkUgQZn2Z6_bJnAIfNdf2T-MSrKKIxs,Vineel Varma,https://play-lh.googleusercontent.com/a-/AOh14Gj13tQ0d_2gWHD3_rZ4aGw4PBc2h9XL1uGhfgCu,Love it 😁,5,0,1.0,2018-06-23 22:17:12,,
gp:AOqpTOGnWMmuK1-pyCyAzYGFW_N2GTChXB-MKw0HOVVyo93h32MTG3PEKJTRphJpa3V5TR3g20FnmjVWs5ievaM,Niyazali Haneef,https://play-lh.googleusercontent.com/a-/AOh14GgduVU7uBZL4M_JqPJzHnGEX5F7y6cgwM--PxQSpg,Love it! Instant buy.,5,0,1.0,2018-06-23 22:07:11,,
gp:AOqpTOG8Sm851uTAH3f1UUYjaknv6BTk6EulfFH6VgqqnAbo3Uh8wkHUwQ9dR25bjSJIjQZH9Gty02xjaWnN9BY,kotak comel,https://play-lh.googleusercontent.com/a-/AOh14GiZBTYYgvgEHDa5E_r4mdqwW89DOngB7xDiY_U8YQ,Nice icon pack.. please next update to add any icon,5,1,1.0,2018-06-23 21:53:26,"thanks, i am using arctic manager so there is no way that i know what icons that you have requested, so here how it works, the most requested icons get themed first",2018-06-23 22:09:04
