reviewId,userName,userImage,content,score,thumbsUpCount,reviewCreatedVersion,at,replyContent,repliedAt
gp:AOqpTOHAfb1GlkOyMAgwOP1OMpE9KSsuiwtcN_BxGfp4MiNB0Zm_HfVCbk9bu4RVfduP1OUFidiq6p1QUVw1-g,anon machina,https://play-lh.googleusercontent.com/-f2W49RJsc4Y/AAAAAAAAAAI/AAAAAAAAAAA/AMZuuckz_KA4cR3hFKfKxWBsmJNtJ6NxPw/photo.jpg,"'In order for the app to operate you must grant ALL PERMISSIONS'. That includes LOCATION ....yes, Location ........for a SOUND Spectrum Analyzer. I will allow the app to run ....when you remove LOCATION. Absurd. And a waste of money.",1,1,7.8,2021-02-04 00:21:41,,
gp:AOqpTOEl5KKtXsSlLKPawMVuJSGuCPEe-zOXdDpTCH7QZaeFmWJfvc0XJdsPMke-biEUWZMSxkMZt0bKLIb2Rg,Latronne Williams,https://play-lh.googleusercontent.com/a-/AOh14Gh2u8cdb6kRikBi0-nTb0LGBHIf-tFE0OXhjxTC,Nice,5,0,7.8,2021-01-31 21:28:57,,
gp:AOqpTOEVWlXI08WF_brPnw40Pm9vhUvO-Qtulrg5ZgYrLw8Ycf4GMJ_9UP0m7pwUNcRVwvj8_usTv08tQjw3wQ,yani pingyan,https://play-lh.googleusercontent.com/-v1OSxfOGL18/AAAAAAAAAAI/AAAAAAAAAAA/AMZuuckXhy9mrXMcv4BLdjvF53FXyxt0yg/photo.jpg,good,5,0,7.8,2021-01-21 22:02:47,,
gp:AOqpTOGmZgP5njfUWWOI7Ee6s33l83v4IZZX_-VoB4Dio-nBuc7lwxs4BvtMrKR4RJ7b4HxXM8Vl5xS81a0Fog,Lance Arrant,https://play-lh.googleusercontent.com/a-/AOh14GhAyi6FKqt9g7JFCCXlD2YQtlE1vxChqyeolQnmXI0,UI is great.,4,0,7.8,2021-01-10 22:01:46,,
gp:AOqpTOGBDwtY_R3OTW7R1SKpdqJZ1ifSIdTorp-mhIjHwdORzDUCSzJICTzmMRpU65UF9MzOwzxIzPX0ceKvUA,ben benyamin,https://play-lh.googleusercontent.com/a-/AOh14GhN4SrRJ4npONcqgsryDmBItUzAs2klW0ai5i22wg,Good app for to help setting car audio....,5,0,7.8,2021-01-07 04:35:42,,
gp:AOqpTOGLbaunKvnj1gAwHaHLJGcuw78or6UM6GfohWUPoAUfPm_6P3TXJWFWfpbTQwBjfXXOpgkVbh_p5LJ11A,Marten Thieman,https://play-lh.googleusercontent.com/a-/AOh14GiOxfJrdNicWQJRXMXbbznyiQUNkPdwiz1yThAASw,It works well The drawback is you cannot set the two channels to separate sources.,3,1,7.8,2020-12-20 09:28:29,,
gp:AOqpTOFcayYChsVcUPUUYOvJy4w0fv8HFz9GiN0YIKUa02g3qYCcuOE7dnF4MwcJRo7dxx9PEapMQ5rwY9GUYA,Kristine Ila Krisak,https://play-lh.googleusercontent.com/a-/AOh14Gg_IyCk-UkgLiNAA_LOajQC-YcZudOs5hBPh1vdsks,Good app. My only problem is my hearing range goes beyond it!,4,2,7.8,2020-12-11 10:36:30,,
gp:AOqpTOELat6KOlGZNVrD-RavidVeEaVOfrb2dzVBaW1At3z3SlrSaLEYmRTpTN2HnGw3k50bZ0y4_kW61d1UXg,Graham Teale,https://play-lh.googleusercontent.com/-4HZFDYq5lDk/AAAAAAAAAAI/AAAAAAAAAAA/AMZuucnECYFlmhm4emo5-uqA-6wTBvtrXQ/photo.jpg,Excellent and simple to use,5,0,7.8,2020-11-19 04:30:39,,
gp:AOqpTOFj6qJU_vApz1L79qPPgKF80c3sXdpu1yflkVefqW_oAzhZI6iL-sJe2cPXT1eypS5m7W3zdkGLyBjwxA,MMC,https://play-lh.googleusercontent.com/-QTktxA3PVMI/AAAAAAAAAAI/AAAAAAAAAAA/AMZuucmCTGqmBO8_Tpyz09710aXbU3oYGQ/photo.jpg,Exactly what I needed to EQ audio system with white noise,5,0,7.8,2020-10-29 14:30:24,,
gp:AOqpTOFT548penAqd4Ayk4OEQETw-DF0zKEiuGBt0xDY-Rob4XYjq2CBCUOizGFuI-oIk-ywrkmrWZ0Kd9xf-g,David van Maanen,https://play-lh.googleusercontent.com/a-/AOh14GhSDQTH80gG0BVFlYfKrOLW7kl8wW_mlXFrq_DgLA,Fantastic visually,5,0,7.8,2020-09-08 00:38:44,,
gp:AOqpTOHmXu_FMSM1JZPmF_1ZYuoKVu_tttY9QBjB78uqnJSQmGpo0h7UyUHOa0_DpU29Bws62RW4Tdr6HIVjRQ,Rob,https://play-lh.googleusercontent.com/a-/AOh14GhQp_Gg89EPlkLNFT1Lk0S4H4n2Jf-MQ5WQ_xFJew,"3 stars, will be five when we can adjust the response times and drop speed of frequency measurements (bars). Thanks.",3,3,7.8,2020-08-24 14:53:57,,
gp:AOqpTOFTwZmv7XMSt3qDIMusb9TvHIm5Q4AbuBu04UMTXJl00iHjbYHFI3ibugQzNfs6qzDoextLv3DM2FjDIw,Anthony Ashard,https://play-lh.googleusercontent.com/a-/AOh14GiPRwo_VeZ8ZYoVSPHZElKkYe_sukRzFu6pJUSl6Gw,"Good price for the functionality and quite accurately represents the actual audio signal, using an open microphone.",5,10,7.8,2020-08-21 04:45:55,,
gp:AOqpTOGGvN9o96VFTOnhWlBAS6goegAdbtxA1UkhjqqDuIiXxKOKQ_YIAIyDAwzUE_CWLe7IvMHlrjn6tKmbqQ,Gene Campbell,https://play-lh.googleusercontent.com/a-/AOh14GghZ5gEs_7MzlcKZVgVyInXnVIIBw4HyZOMyDXBxw,Great way to analyze the noise around you!,5,3,7.8,2020-08-06 23:08:55,,
gp:AOqpTOHz5M1_0l7tqsMXZV4HWmB5C0VM0xkUoTC4_THI3XvXFa22h1zg3vuxJwGkPriECM7aLg4ZBv1D320xEw,Chris Leonard,https://play-lh.googleusercontent.com/a-/AOh14Gg8A_suiWmiMkJC-AjsjsXPqiD9vh5icBgaUW8b_A,Does exactly what it is supposed to do without a bunch of other stuff you don't need,4,0,7.8,2020-08-01 10:27:27,,
gp:AOqpTOE1rYIzxp51aLk3WuEI0ZZ-cp2YTZKNS5NurY_fDc-an7GPcLGFEPwEdnwlx-zt1g77SECHRjPIkrpXoA,Bob Koep,https://play-lh.googleusercontent.com/a-/AOh14GjKy4slhANtkySKhmb4khyTrdxONDdi0JNIP1ZJqQ,"Works best of six I downloaded. It could use a small set of instructions, explaining the display readings ...explaination of colors etc.",5,18,7.8,2020-07-30 21:51:17,,
gp:AOqpTOGiHDZy-X9fkpkuL_O1R6WEZx2JJZm0LYa-aCIKbS1nagRN_zPidU2iOV932ftxkxZOibK6YjIhg0pqpA,Kip Koon,https://play-lh.googleusercontent.com/a-/AOh14Ggp0P_LqWPVceUWJoW92405LFLNQm1YUH3BQ-c2,This is a fantastic professional audio app!,5,3,7.8,2020-07-20 06:14:01,,
gp:AOqpTOF_4dqovjjbcP4Ae9eL2yNfhuR_g8ayli4gIN1iYfzW5xhp0mxPLe5jRoeNtOIRsX-ZfpPfuIHhwhiidw,Imre Szűcs,https://play-lh.googleusercontent.com/-5GiiEaM85yg/AAAAAAAAAAI/AAAAAAAAAAA/AMZuuclB-NPtFg6Oqyfn0BYmhDpVITSF_g/photo.jpg,"Based on what we've seen so far, there's no problem with it. Thank you!",5,2,7.8,2020-07-14 07:18:26,,
gp:AOqpTOHI87ecnUZLqsvVitNIUGvb56BxciyqGcZ3x4pQlpvePfXXaha7EbhkIanPFMinMSX96crAg6K-S0utxg,Brian Amato,https://play-lh.googleusercontent.com/-LQesNjcd6hE/AAAAAAAAAAI/AAAAAAAAAAA/AMZuucns274GpqCII8k99m0YMdD1z1KFMw/photo.jpg,Cool app. Had a need for it and it did exactly what I wanted. Thank you!,5,2,7.8,2020-07-02 20:12:19,,
gp:AOqpTOGDZzJ-3nkA5ncIrNd8Q9nPuKRP_L0OiLDGNRZtwfJtjUP6ScDH5vqJxBPoGlGIDqvEzTG_MsIFF-y9ig,JOHN JEWETT,https://play-lh.googleusercontent.com/-fLJaUyA_Rsw/AAAAAAAAAAI/AAAAAAAAAAA/AMZuuclPBYXFfagyEZ2DSF8hTsriJrU7aA/photo.jpg,Good,5,1,7.8,2020-06-26 17:30:29,,
gp:AOqpTOFkzMXT0Nw99aKRca97yFacFtaR8sj9Mc2EfTmGjwY92w3PiA5zJ7pHhr4-tDqOnFJIzlkNoTnWNp9DLQ,Greg Mckee,https://play-lh.googleusercontent.com/-QrviwGR93pQ/AAAAAAAAAAI/AAAAAAAAAAA/AMZuucnUeDYqxkskJgDoWTH0HOh5If4F3w/photo.jpg,"Love this app, almost like my old vu meter's from the 1980s.",5,1,7.8,2020-06-16 18:41:14,,
gp:AOqpTOFJklf0r5Ax6Ecmke0yn0-dKwZWWqMD_XL3XolNYrQ1pcgTby_AAW4mGzLDNEf-mwiumiDNdAD4NKF2vg,D A,https://play-lh.googleusercontent.com/-x-UX0w-1W7E/AAAAAAAAAAI/AAAAAAAAAAA/AMZuucn_n48sZhm3zJto5mQt_ZGNkcVT_A/photo.jpg,I like the simplicity. I use it to trim my various audio sources so the levels across devices are near the same. The sound level and frequency distribution are nice and easy to see. Better than using ears alone.,5,14,7.8,2020-06-14 04:18:16,,
gp:AOqpTOEHoCS0rxGwyHE728yfVhMLzrftRJqvhZ61sLztsbSEkXHlLMAR1jA7jzfG7LPbtlJNhPEnPe-CeHasfQ,Daniel Edwards,https://play-lh.googleusercontent.com/-8dciwk-1SLE/AAAAAAAAAAI/AAAAAAAAAAA/AMZuucmur9VK4nfLZwZjcNE3ordPU6VIlg/photo.jpg,Very accurate very hatchable I just wish it was full screen with either a graphic or a digital readout that would be switchable but it works in the Bluetooth real good bath time talking through Bluetooth text speech to text right now Bravo,5,3,7.8,2020-05-17 15:19:38,,
gp:AOqpTOEbyU3NSPxUnXyMe5o0onMs7rK0okwixT_QctdPgCAs1nawziJS7nM-bcPj5ilqh26anDjXKXBj3vLp8Q,JAMES MARCELLINUS,https://play-lh.googleusercontent.com/-HJFDZNbRyU4/AAAAAAAAAAI/AAAAAAAAAAA/AMZuucn9S2cyzgHnZtGwYHamhCLHsoBrFw/photo.jpg,Real,4,0,7.8,2020-05-13 14:04:38,,
gp:AOqpTOGIhdpFXzkmf3ZdXWhLYxVxwXS4JbpQEFrnyt6bi-tb7DGkFDuYRs_Nn_NYl478GU8Od55zC7WFW1Q7FA,Glyn Mason,https://play-lh.googleusercontent.com/-l_iMt4pPPtg/AAAAAAAAAAI/AAAAAAAAAAA/AMZuuclcAIEI6h40tzMSGwTxDdTmde8jzg/photo.jpg,Good,5,2,7.8,2020-04-24 23:40:46,,
gp:AOqpTOEhaXneMKd3CDuRWIrswd_PA2llImTve6HbC6g1OGmBXQHGa5WPUBmgKaVQwxbgfrZhUc0vUaY5ygetmw,Michael Hall,https://play-lh.googleusercontent.com/a-/AOh14Ghe86UMBqAfh5vrsfVBwiAqD4XkwzVToJ31_FnbAA,Great little app.,5,2,7.6,2020-04-12 06:33:20,,
gp:AOqpTOH_cFhVNI27cVC_bSSWCF6QJJ4j-9L-J3Q8pVcZ_dtgM6I1W9ulMA3GvljaEZnKCWoQK4BV0rimH36_4A,Les Durrant,https://play-lh.googleusercontent.com/a-/AOh14GiA_AyI7WGsoTlzelPN4GMrWMlwalS9quiF4C9Lew,"Love the way it is displayed, easy to read.",5,3,7.6,2020-04-11 14:10:05,,
gp:AOqpTOGdkETnCeILuJxLIHEH9kyubaHuUvSunvyNSkPs4Blgh88-46XQOjchxdflmSHCX4Z3TcVctezDO2W4fQ,Jay Sands,https://play-lh.googleusercontent.com/-9auU3JC9qAQ/AAAAAAAAAAI/AAAAAAAAAAA/AMZuuckpD7KrOUFSmKqprTuF303vzM60pQ/photo.jpg,I just bought the pro version and found no pink noise generator... it would be nice to include one...thanks,3,10,7.6,2020-03-04 08:41:59,,
gp:AOqpTOEvlyJsb2hVoBiBWjDG_oXVH6hcuoQOl4VJC356JBKYZbZHZQCBdKNqkEFoCKCNSjUlrQNKOtYkFeP3Ew,Lexus Lx470,https://play-lh.googleusercontent.com/a-/AOh14GgDWlxfYDjEjw0mzF_an8x2wZ0JmSXKlcGDQVYI,Feedback,1,1,,2020-02-28 16:34:28,,
gp:AOqpTOGl9HMQ4sJ2k59YuJrBWm-P89oW0LjWi6nW6erf_9wr6rbX87PCS8zyKVe_aW9If8AUTF7ZakZLvYGZdw,Chris Francis,https://play-lh.googleusercontent.com/-AJrnbKftA5c/AAAAAAAAAAI/AAAAAAAAAAA/AMZuuckjcPJzFQRdiPrAiMgJkxBPSQcxGA/photo.jpg,Nice to be able to see each of the frequencies being displayed from my surround sound system and to be able to see which frequencies need to be improved.,4,8,7.6,2020-02-17 10:32:52,,
gp:AOqpTOE3jauFMEP1kV6fsBBu-UywRmlxmu47qxYW9YgHrtEdQCZidQv6m_v-kSuoovJdz9Iz372QWBvDkzX5Uw,Jason McPeak,https://play-lh.googleusercontent.com/a-/AOh14GjtXBti7xQjALFsOA2NVhi6YG1U1sP9hU5WDYAM9Gg,"Nice, I use it with a ZAX SOUND microphone for checking background noise freq. For filtering.",5,4,7.6,2020-02-11 17:36:49,,
gp:AOqpTOF8iR5jIx-TphXrSXIt2Wn686lr3P1OsFQWKDTc3v3QMKBzgSbWLLxMbnuJpPP9u4M0XH_-jSv6Usbgog,Le Thanh Ni,https://play-lh.googleusercontent.com/a-/AOh14GiqjHp4gTGdRtlWfG1hKbYzhhAy1k_PapyoN6xsbA,Có thể sử dụng được. Chưa tiện lắm.,4,2,7.6,2020-01-16 18:29:10,,
gp:AOqpTOHasnbIASbzz9uf2QQfZQNu69kITJA1EQN13qlg-FoeDVbsIeLucqjD4PPjbRmFyFiulTNywlTq1Mc1aA,Tom Rippert,https://play-lh.googleusercontent.com/-9hD5UxhkcqQ/AAAAAAAAAAI/AAAAAAAAAAA/AMZuuclsieHXHymqpa1tZQuOKkPUM7M4ig/photo.jpg,Very helpful to identify frequencies in feedback-loops. It also features a dB meter.,5,5,7.6,2019-12-03 05:48:14,,
gp:AOqpTOGNTUmmVmeos0BHcHE7c4pbJaCyW5pqMRy7URrijEaTyt83qJB76Z9Y0lXfiF9efp6iv4RcXkQ5BMCTsw,DIPYO Much,https://play-lh.googleusercontent.com/a-/AOh14Gj1CUAdYtRTXVvSFDr4WWVnzjwBUPAQmNbJmD9nm94,Impressive,5,3,7.6,2019-11-20 19:19:04,,
gp:AOqpTOFBNrXUCMeJ5Uxq99PayyTSwViOKlk0t11RJHKSDfSdNK6fEdaPYZO2xQyEbICjIkGoDdGgIm0CHankHQ,Tor-Helge Lillehavn,https://play-lh.googleusercontent.com/a-/AOh14GhZ1lZcsjiTRjCE6QP4Amqbiqqmy5bW7yqYJ0HocQ,"Installed it for few minutes ago, looks good. Can you add a function to save db data to a log file, like a .xml or .txt files? That would make the app perfect 🙂",5,14,7.6,2019-10-23 06:40:10,,
gp:AOqpTOHfrN0xVuMlsUiNXYmduxtTFQ79NTY6fnpsFOjB4vnB4gzoztrwGnjHo9JJzw88Zr2VBZfTMDKBIykyPg,Sebastian Ciocan,https://play-lh.googleusercontent.com/a-/AOh14GhpxfJnnW7839g0cScEcKp19VNM-YDqPLWBut_9pg,Ok,5,2,7.6,2019-10-20 23:37:16,,
gp:AOqpTOHythjL2OrMjULhnOaTHgr5bEfd3Lo4KPmRhvD0t-J_wt-JwN3D71V15rbltXWLKB6D29rexJg2Tl6RIw,Luis Horszowski,https://play-lh.googleusercontent.com/a-/AOh14Gifey5qUkKvIH_MmfAB2gqcGxV1G4cg_gvgcAYZCg,"Great app. Wish I could adjust the Q for each frequency, but nice app as is. Well worth the price",5,4,7.4,2019-10-03 03:32:16,,
gp:AOqpTOFdEeF92sDaapoFfMPgj_OsyS9a8i8ZG4DGcpIwAtdXGhMc9BA_J3d0K-3QhRDJbQYybY881iI5HnjxDA,Steve Edwards,https://play-lh.googleusercontent.com/-yfn9JWUzr6M/AAAAAAAAAAI/AAAAAAAAAAA/AMZuuclyeybS6L9wYr310h8QxxxMmOvdyg/photo.jpg,Excellent app would like more discreet frequency display but everything else is spot-on,5,3,7.4,2019-09-17 12:29:34,,
gp:AOqpTOHfvHG6JNOwvlmPXiPWZFjdty_Bz2YRMgOE0BWrcBqf23ZaB-WE_Cr6riNa_uY9EhG92M0RHETGpHymrw,* SCOTTY,https://play-lh.googleusercontent.com/-lervSsx__cc/AAAAAAAAAAI/AAAAAAAAAAA/AMZuuckTmJ0ewXSkt7OvexHktlPsRuoaxA/photo.jpg,I love the app and it was very useful. ANDROID 9 PIE broke this app and the developers haven't fixed it yet. It would be nice if they did so. I purchased the PRO version so I am out money and without a functioning app.,5,10,7.4,2019-08-06 18:23:56,,
gp:AOqpTOEviTI-ZJH1hCE0QeyPhJ-NH0LulIkgauh8vdWXO70qFo8KpQpCLLEjTZ4kvouxwCX6bV62E7pBWQPnVQ,S. Hurtt,https://play-lh.googleusercontent.com/a-/AOh14Gj_yyKhZyKZJuUgtztkU5g8Ug1OjHw3Z_8g4GUN,Simple real time analyzer that doesn't need a PhD to operate. Not tested yet but appears to function well.,5,5,7.4,2019-07-31 15:22:05,,
gp:AOqpTOE1QrJ87Gn7creR6FZ6FnVjW2HJhYJgSIQD7-MkAHX9N-MyKoBPciP62SZ2iibEyuiBhRPZumyYhOBK_A,RFD CHANNEL,https://play-lh.googleusercontent.com/a-/AOh14GiPn_iGozADhFmI64j3RqLwQLKy6yNAbHcj19lUqA,good aplication,5,2,7.4,2019-07-28 04:30:41,,
gp:AOqpTOE3An5b0oe_yIrgq7nqzKzBh1PPzRNW1GhAZaF0r4NiPUgrj7NorrIlxxzlchQaghoyM5YcjfxeOhurqQ,Amo Gilbert Dimarucot,https://play-lh.googleusercontent.com/-lY5heIa-SAA/AAAAAAAAAAI/AAAAAAAAAAA/AMZuuckAsPQW3mXXw95k5iaCdDGP2qNFXw/photo.jpg,good,5,3,7.4,2019-07-22 07:16:55,,
gp:AOqpTOFVHdfSWOTPr9umR2K-t08r5aISWUHzsKTFocKt_eNs05lNBOGjPPFx_ogZycC7ajZBxpqD6y38efpXnA,Michael Liu,https://play-lh.googleusercontent.com/a-/AOh14GjKHSrqwJ8RWGRE7mz4IXrmznkeTOHDIq-t2auk,good,5,2,7.4,2019-07-11 01:37:19,,
gp:AOqpTOG998iXrsA9Pj3jhzRog1V_IVBA032rNIZtc7GVCSSYfoN6fZkJ2nVpG9nT9MVgPzVWKaISXF5L9_se9A,Fouad Abi Aad,https://play-lh.googleusercontent.com/-h5mDwewrpqc/AAAAAAAAAAI/AAAAAAAAAAA/AMZuuckbejuioGmfFju13ABgug2JpyBNBw/photo.jpg,great app,5,2,7.4,2019-07-10 09:35:48,,
gp:AOqpTOH-rLPwqI1_WKnmMYPFGUqEkGp_KwWs1PTcjsoNAR7tCm6dc3fo-xVKCyAMIZUvzlhkroCvSkvY9GwOWg,Robert Spence,https://play-lh.googleusercontent.com/-REUMOOTH9ho/AAAAAAAAAAI/AAAAAAAAAAA/AMZuuclIpzffkM75W1L2M7WK8qPSnHr8ZQ/photo.jpg,nice app. used it to set an equalizer.,5,4,7.4,2019-07-10 01:36:28,,
gp:AOqpTOGLWRWqsML1sZgN5SgdHl7idErUtk62-FiIvpAcls5HcGbBAEmiZJdQ_hIJDVBa8_RvoV2u7p6spsktug,Stewart L. Gantt Sr.,https://play-lh.googleusercontent.com/a-/AOh14Gg_Fm90hq2sZdaAVj5zQAFeT2ibE5021ecYBZvYYA,it's an awesome app for music,5,2,7.4,2019-07-07 13:45:55,,
gp:AOqpTOGkpgnr9IQU9F6qRu_s8D2DbvGBRz0q_HleKYF88-2Cav9NFz1z-D5GDxjSSkXgAK0FkIEqOC8CgZ2h5A,Lucien Lewis,https://play-lh.googleusercontent.com/a-/AOh14GhEdUkxwM8cuubAFCCPOZKnN4fBW62nZJ-JeW8Y6Q,Great tool to have,5,3,7.4,2019-07-01 04:30:42,,
gp:AOqpTOHz1KJXLG_CSZfKd3lZ7ScWMN_U5MJNdb_VIZ573Cw27ouYKz8ZjuAYQRPK9TbZINWueXjjG6wOmZVPHg,Eugene Sapp,https://play-lh.googleusercontent.com/-bwhVBTT8PyA/AAAAAAAAAAI/AAAAAAAAAAA/AMZuuckQvcDCJ6i-m2IHQgrB1_wkv54MJw/photo.jpg,decent analyzer,4,1,7.4,2019-05-29 14:37:57,,
gp:AOqpTOHvJuEBOR0_VbB9sHm7xY5NGFMlr-xkgkuWuzYOs727MevUsIzGVqH4zUI6SXlQfBT-amOU_LF37cNUuw,PooBah MacPherson,https://play-lh.googleusercontent.com/a-/AOh14GiJ7dUf8pwvrlAiC73mbk5U95Dmo1aS6JTIJZwm,easy to use,4,2,7.4,2019-05-14 08:53:43,,
gp:AOqpTOFrbvXOQ4q_QAvk21WiRTWGHgnvXZ5XcXspSwaVWLe76LyNL5kDVuJn3EGaj2_lpPi7xT5EuUoC24YV-w,A Google user,https://play-lh.googleusercontent.com/EGemoI2NTXmTsBVtJqk8jxF9rh8ApRWfsIMQSt2uE4OcpQqbFu7f7NbTK05lx80nuSijCz7sc3a277R67g,accurate,5,3,7.4,2019-03-22 23:02:36,,
gp:AOqpTOFtA77lhRi8NIyNBiCF3aRPeBXeJuuRw_6CF0DvcW71saDrLZDINXcxNTzeodKQbeLJtrS_bPz-tV4PZg,David Sweet,https://play-lh.googleusercontent.com/-Ux-LxzSg17M/AAAAAAAAAAI/AAAAAAAAAAA/AMZuucl4uNB3cztcJHFjPhN1B8Ml8JCTQA/photo.jpg,great,5,4,7.4,2019-02-21 10:00:06,,
gp:AOqpTOHvNs4Q-76mlKD_zLe9Hpglj7O6hGDA72YkOZsS-PWwEXloQ966UtUeJ8usAQDU6qM_7l-QMvmMr6X60Q,Brett Dayman,https://play-lh.googleusercontent.com/a-/AOh14GjnC1bLWhf1QRVcD7NUGocdA5St3ngb9ZYZmfkfjQ,works great,5,4,7.4,2019-02-20 02:16:58,,
gp:AOqpTOE-JMlZYZ5Ea6b8lySz6sNKsAEcMPthDUVlgaklel0CBxKd04PAdI8cgUO72Dj-24-b_MicOSvjI-Ri9A,Ibnu Khairid,https://play-lh.googleusercontent.com/-pWqSRgeiD5k/AAAAAAAAAAI/AAAAAAAAAAA/AMZuuclEskP_Kcyo_v0MN1ZA3ZAjFvSDzg/photo.jpg,nice app but i want to try this app first..,5,9,7.4,2019-02-18 08:08:51,,
