reviewId,userName,userImage,content,score,thumbsUpCount,reviewCreatedVersion,at,replyContent,repliedAt
gp:AOqpTOGYdPk_9Qk9TR1KxawxBb4f-ffkFbIxYn4Pxf5rBz_tMYbr8HambnksraKGcKXeKPXa8OVg2NGw3vRwBQ,james davies,https://play-lh.googleusercontent.com/a-/AOh14GhKFq9bBQefcJP9KiIhcPeev32FSOkDU9ifCz0D,"Doesn't fit my screen after the update, yes I have tried to change app settings, but its no longer useful 😕",3,0,2.4.0,2020-12-22 01:39:41,,
lg:AOqpTOG6LGoAPmaExy0mCMIJN9stUJeMagX6cmZd_YTY49Hroou1-PO9ElHK7HYlGWGHXIWU7kQ9VtVIaErnbw,A Google user,https://play-lh.googleusercontent.com/EGemoI2NTXmTsBVtJqk8jxF9rh8ApRWfsIMQSt2uE4OcpQqbFu7f7NbTK05lx80nuSijCz7sc3a277R67g,"This was fun when I was 13, eight years ago. Messed around with it again - it hasn't improved much. This app is cool for the novelty, but the sound quality is obviously lacking once you put on some studio-quality headphones. Best for quick drum beats; kinda painful otherwise. The FX need major fixing. The distortion especially does not have a good sound whatsoever (I promise I know how to use it), and the 'filter' pans the sound left (???). Severely lacking a compressor or limiter.",3,1,2.4.0,2020-09-23 23:23:41,,
gp:AOqpTOFCpp-QMShTRfQOxW8pYr0-C-MMGHubLJDjcz11mw9P2rr6GiRCPvkt-3BKt0ekKsQvGzMTwWWb_z_InA,Shaun Chesley,https://play-lh.googleusercontent.com/-xfp5Odi00pk/AAAAAAAAAAI/AAAAAAAAAAA/AMZuuclKk6RwK-UCEKKbzcd-wGSZ7r-qIg/photo.jpg,"I make hip hop and digital r&b with this app. There is too much sampling goin on the music world today. All you really need is a few instruments. The app is perfect and the fx and oscillators give you a variety of different tones. Low bass, phased out melodies, distorted riffs, and the boom 808 drums. Im a producer and I cosign RD4 groovebox.",5,30,2.4.0,2020-04-24 02:46:41,,
gp:AOqpTOH8Q9dL_R3ZPQry7YwdPbJC4r6LToniEGQxO4-3dZQ0inWQpFgKQhIAaSjsrhyHlKlFXpdeQktbmgNOkQ,Michael Guajardo sr,https://play-lh.googleusercontent.com/-688UFONdLwY/AAAAAAAAAAI/AAAAAAAAAAA/AMZuucmHJiRG8iV4htQgkACNyjfKX3Pzmg/photo.jpg,"best app to make beats on,!period!",5,0,2.4.0,2020-04-18 02:17:20,,
gp:AOqpTOEWTZPI8wq__6Rd9XJBkYvVPS-SKDoutgnkWjdym5aYdyBhTzOdGNHuzvBm_QRzYLn_8xVK0tpXeskwXQ,AeroDown,https://play-lh.googleusercontent.com/a-/AOh14GjqSBgoZoMb1TnaPfXpO_6i6rKid8IHLEWaUCHQPA,Great app. Please make a RD8 / RD16,5,0,2.4.0,2020-04-08 13:44:02,,
gp:AOqpTOH9Gx4WDGdisb1M6SdPsjrU1HT5i5FNoB4xXpnQm5udfANjytvTyAD_6PZcJy79uBFL3rZlC31yZainlA,nedzad mustafic,https://play-lh.googleusercontent.com/a-/AOh14Gjjql50fGZzJc_lOmcHz4KRHsNXYnrerAoBCtwdFA,AWESOME,5,0,2.4.0,2020-04-06 16:49:53,,
gp:AOqpTOFOvPHMWw713U1GTiQtvXxnaxaxV_TcJp2P1QAVr0BDuyA6uB5crf3QpiwpZCU1NFtMqlHcgxC9iCBqEg,Aidan Morphis,https://play-lh.googleusercontent.com/a-/AOh14GhgYVgeDKVbxQQ4X_p4dX6up7KIk_ptB-gqotvodw,Everything is great but I'm having an issue with recording.,4,6,,2020-03-25 15:28:02,,
gp:AOqpTOH5R25ReNA7oYVa8EIM_MpyUGD5FZWSTrB1pqQzz2u3diJvkIm6B0LdsuP5-clvduBvLJQZxbUMhvuD9A,Pete Nolan-Woolley,https://play-lh.googleusercontent.com/a-/AOh14Gjd_xmCgDxtZQmrNVlbbLY68XOOwZVZnoarpzPGA70,excellent thank you,5,0,2.4.0,2020-01-09 09:41:35,,
gp:AOqpTOE-gvD7w6Ge719QHYCKqL6NlbH_aZZDWNzy34MhnAtg2VR_CmzakBr7wFSiDD0ayNyz4_lFxp28V_BiOw,Roy Balla,https://play-lh.googleusercontent.com/a-/AOh14Gi20cigtoM7GupGpnu__x5-o5B5ZWO90sJAeF_n3A,So far so good. I have ccaustic.And bandlab. Also a few other music apps. I just enjoy the freedom to create in different ways. Much appreciated. Thank you devs...happy 2020 to all,5,0,2.4.0,2020-01-04 07:55:23,,
gp:AOqpTOGlfhQpCgN4NzoYeJpo6l6qaxZNyq9raM74jiBSQSBqcYRtvJhnn1SKSjnLIDkahG54E3vMAFacYldOTw,Tetsuko Sashimi,https://play-lh.googleusercontent.com/a-/AOh14Gj36CBK1PSDnfI1CgIU8oIrfQ7g04oINPRpJr9Z,"As a longtime user of RD3, I wanted to get into RD4 for some analog synthesis fun. It's fine, but the touchscreen will register my finger about half an inch away from the intended area. Never had this problem on RD3. Moto G7.",3,4,,2019-10-18 14:57:27,,
gp:AOqpTOHluMvKr85eK74W5amBiOgInDCxlBF0Jsec3a4XGsrb8NI1rhJo8ywmABctXhun4vnP1-ohlkzIw6LulA,ANGELOSUPABOY Gagliardi,https://play-lh.googleusercontent.com/-3Wu4tlNuhnk/AAAAAAAAAAI/AAAAAAAAA98/AMZuucmam44EjAVPaCStyWtnTGm33RGF7g/photo.jpg,Epik,5,0,2.4.0,2019-09-05 14:23:28,,
gp:AOqpTOE3m7G2P3yBlvjPdTUWVAqs3v4MTF-vIptExKZ7ZdkTaq9fB-YlfEw5bjgbNd6mr5prDWZDNnR8HtVPgA,bleep eater,https://play-lh.googleusercontent.com/a-/AOh14GgoRAwkXGT8NSaaqjvki8PVdCfC2fupUOQFZXqAKA,Its cool but definitely needs more automation parameters in record,4,2,2.4.0,2019-07-19 00:02:56,,
gp:AOqpTOGeyAJMZ3cQ3Q1sa3G8enScLDZtS9V9TEaWJlkYX8bWYEN5qeBHaa8rZMa11fTMX6brviBeNypQ8QLUng,Craig Blazo,https://play-lh.googleusercontent.com/-lexcioqiovE/AAAAAAAAAAI/AAAAAAAAAAA/AMZuucl24d44AE2Xwdn0LcXXiWH5x2tTPA/photo.jpg,I love this app!!! Is there any chance you'll make RD4 into a VST (or similar) plug-in? I have hundreds of .rd4 files that I'd love to continue working with in my DAW. I also think your software would do great in that merket. What would it take to make this happen?? Love and Hugs 🎼🎵🎶❤💕,5,4,,2019-07-18 06:21:12,,
lg:AOqpTOG2fgfK0qtnae6X4m5hjRR-mpy62mrPuZTg_3n7cpnJpRD1x3_zGYwoaCvLrWGaXzfx7gi1eAUg50dO-w,A Google user,https://play-lh.googleusercontent.com/EGemoI2NTXmTsBVtJqk8jxF9rh8ApRWfsIMQSt2uE4OcpQqbFu7f7NbTK05lx80nuSijCz7sc3a277R67g,best tb 303 emulator. it would be great if midi was simplified for controlling external synths and drum machine. 5 instrunments would make this a 5 star app. cheers,4,0,2.4.0,2019-05-29 07:17:53,,
gp:AOqpTOHJVKnp4J1KDlUGR29saC_QPcEZ1j-a4aiFE7T87_9hFlS7jNMqDLhv-8bvgVwhBD7tlJIv2Ll0lEtgfA,Tracey Johnson,https://play-lh.googleusercontent.com/a-/AOh14Gjqac-KPN1bIA7gS_eOPz70aNqLX5pYY5CYhNdnnlI,"I purchase this app, but was never able to save or record anything, I create. This is why I don't like to buy anything from the playstore. And the developer quit responding after telling me to download it again. When I did, had the same problem. After that, no respond...",1,54,2.4.0,2019-04-17 11:46:52,,
gp:AOqpTOHczSJ5jteXbb12JLz1b5K9ybGW4jw-Np-owPP7hY-fEsj_Pit_2U0ksRYbekz65xNjbeK-EImTwoPu0A,andrew stanworth,https://play-lh.googleusercontent.com/a-/AOh14GhoIRYKwqVTpPf3iEw3rg6FohS8XSSlEUkXMtDu-Q,"fantastic! the ease of use, the 808, 909 ect are all superb. highly recommended. drums & 303 bass emulation are top notch. use this a lot. helluva lot cheaper than an 808! 😉10/10.",5,4,2.4.0,2019-03-12 15:31:27,,
gp:AOqpTOGG-ZztSPWsXlKLFV22i4wQpCHv4uzSvS9R2mZFWmWNt1NH0K5tfoMdyw_qrVpfxTMMbnbbkcou_mhowQ,kevin caton,https://play-lh.googleusercontent.com/a-/AOh14GhP6CXFO3rQGAdvVlBccYXHhwXP-O-0IdHltzWWgw,"really rate this app, i use it more frequently than any other app, that frequently im a little guttered as there's not enough channels, hopefully in the very near future the developer could add at least one more channel and one more modular, again great app and respect to the developer 🎆🙏👍😉",5,11,2.4.0,2019-01-22 04:12:44,,
gp:AOqpTOECkGkZq_rjOG_A6P8oPo-Z4Cl6jRRcDGB57F8edCtA_oL6xFdNQRPuAh0HE8fgR8_nmpGBHwOpq-U4RQ,Alexis von Blumenthal,https://play-lh.googleusercontent.com/a-/AOh14GifjwCVN6vJJnmBmvB1D9a2SLhKStT9lHnjj8jw,"Can't give 5 stars because it has no midi export. Wav export is fine but honestly, I don't use the sounds it makes for music, only for composing when I'm away from my workstation. Honestly impressed with the bass line 303 emulator, it's really good.",4,21,2.4.0,2019-01-03 03:15:03,,
gp:AOqpTOECMZZyRAiOAZyOPyiYpl9yBA_J5HgK-XyCxdhY8rUOg1kNjqmvFgkmw0ehvTveUc0lhK3vb6NjMP45CA,Charlie Zedmoss,https://play-lh.googleusercontent.com/a-/AOh14GjMOn06Gv_zce8d1IAHWeW7lPH34MkcEqpCFSl20g,It's the best!,5,0,,2018-12-15 13:43:35,,
gp:AOqpTOGo4M4HaqY-AXA39Wr4GD-Rs297zM14-DNAsxqDDa7HU1W7qsKX5XZRZFcFFtUttc01hGMorKbX9Nl8QA,A Google user,https://play-lh.googleusercontent.com/EGemoI2NTXmTsBVtJqk8jxF9rh8ApRWfsIMQSt2uE4OcpQqbFu7f7NbTK05lx80nuSijCz7sc3a277R67g,Love the app prob the best one of found in the market. For nothing bad to say . one would like to see is more Variety on bass sounds and special effects. Thanks guys hope to hear from yah soon.,4,2,2.3.5,2018-12-11 11:48:26,,
gp:AOqpTOFRe2_9pBO4wUpZkTIpLUw3MQWgn6T3M_DzsG_27-Pxw3oi46CA6zT2b6ejN_X7IMG_6-pSCLZ8nPTMnA,Bradley Arnold,https://play-lh.googleusercontent.com/a-/AOh14GiFAZ--kkwJ5D0XOAapM6y-83JM50EjulEIcN84,Bring on rd5!!!!!,5,0,2.3.5,2018-11-04 12:56:58,,
gp:AOqpTOFf_1EYTKiODK8PT9k1VXP_11OAHvDLjYXHombaXOn6Fx0zEB2VNYMMI-XJFz7k-ThK_Vp07nG8lp3ASg,Michael West,https://play-lh.googleusercontent.com/-JE3lXCYrm1A/AAAAAAAAAAI/AAAAAAAAAAA/AMZuuclsVqs4IrIhfkvgh2Nfl3b8sS9zzw/photo.jpg,"This app is my favorite for acid it's just much faster than anything else 
for me even in the VSTi ones no it's not hyper realistic as a 303 but it's 
still does great acid sound and 303's seem to vary in their sound. I for 
one am glad to see something that has its own character. I can't stress 
enough how quickly ideas come out in this program. I was quite pleased to 
read in the description something I have long suspected, this is indeed the 
grandbaby of the legendary Rubber Duck! I just want to know when RD5 is 
coming? Would be way cool to have more kits and more velocity steps for the 
drum sequencer, and possibly some kind of pad generator, this is one of the 
most creative and FUN apps around I'd hate to see it die. Truly, it's the 
only app I absolutely must have on my phone, that's saying a lot since I 
have purchased quite a few of them.",5,0,2.3.5,2018-08-01 20:58:31,,
gp:AOqpTOFeDXy9RFyakuOe_pl1KctEPJlryqtcigxDApl7FiSzCVtSnYNRWjqFiaJhFFcnBxkf0kZaMD09TnbZhg,A Google user,https://play-lh.googleusercontent.com/EGemoI2NTXmTsBVtJqk8jxF9rh8ApRWfsIMQSt2uE4OcpQqbFu7f7NbTK05lx80nuSijCz7sc3a277R67g,Funny piece <3,5,0,2.3.5,2018-07-02 12:46:37,,
gp:AOqpTOEI_OmQ23A4auNSkI-9uz6rf3telnjUuVTxRbrxlbvHD1l7aKZJ9SJJo4Z_DXHC6qla6BOujVUn1DbWZw,54fourty6,https://play-lh.googleusercontent.com/a-/AOh14GjWjhBB7IaKDRjOaB4cgjxC9SZyB_mvn2R0pcWn,"Eh. Wish you had more control over bass notes, maybe you do and the UI 
sucks. Wish there were more voicing options.",2,0,2.3.5,2018-06-03 12:10:51,,
gp:AOqpTOGdjD_y4zd105kuBu-Rt_M0Je_Pl1SRIE4GDjZPhTRWgtDVBL6f9fNsGz80w03ecJrrczA9Pq47F_cWVQ,James Muir,https://play-lh.googleusercontent.com/a-/AOh14GhJVCMQpqwjxpmOnVa2rLOe1i-dQVN0dX9bQp0Zaw,"Really enjoyed it and the Baseline synths sound great. Currently crashes 
100% of the time though.",2,2,2.3.5,2018-05-30 15:52:45,,
gp:AOqpTOHzbyQNvuvFAhj97crNfqcV9Od814-qe0Wttlx5e2aa1JoKYskYj1PvRsgajqLs6iyobkQvDOIkWWBRrQ,Jonathan Garbutt,https://play-lh.googleusercontent.com/a-/AOh14GizzsS_Bopx-qpeOLgI7Rs5UMRPnQJ5BBcdwR1Mvw,"Hi this app is dreadful, no sound at all!!!!!",1,0,2.3.5,2018-03-19 05:17:11,,
gp:AOqpTOGitk5TXjJd5NlbKhdKFD9a8ewoksCwmvTRq8zRSe45z09ONl_oIrWoCBa4CwbIsokdu-O9V6oRa41aTw,Alex Tomaino,https://play-lh.googleusercontent.com/a-/AOh14Gg90QJ5f-skAhIpkOttxo9ofrhJAoAMf_AjiYLSLA,"Best app out there to create music on my phone!! Great Synths, and versatile drum machines. It won't do the work for you, but as a musician I don't want it to. Great stuff!!",5,3,2.3.5,2017-11-22 20:11:46,,
gp:AOqpTOHQoQQN_eSyhnSVUbtp9_0uplX4JqBsSLojCy-fUp1ytUjJLElOB3C_ttr1sXQEI_5lFOJmHY5NCF6l7w,Michael Gilmore,https://play-lh.googleusercontent.com/a-/AOh14GgDqKWADmntMkNhFUxxUhScTSd36hELB8_suENcOQA,I love this beautiful app. Its my musical miracle maker,5,1,2.3.5,2017-11-13 15:42:20,,
gp:AOqpTOHK1CDIcBnxPRm0QrHF9bN2JO3Ch0-SdCqMJN4xg131re_2DQCeXwAXHGuROofLoX5q6bMGjnAlHJYFww,KLove Smith,https://play-lh.googleusercontent.com/-svhhzJziRIU/AAAAAAAAAAI/AAAAAAAAAAA/AMZuucklRnwjkn3EgTRXoC7WTGYvkptddA/photo.jpg,I dont know why this app is getting the poor reviews its recieving. This app is DYNAMITE when it comes to my style lmmfao IM KILL'N THA GAME FRFR,5,16,2.3.5,2017-07-18 09:01:06,,
gp:AOqpTOFslGbkZqh2vDaAxvnYSZujUMW8LbHsP1KOURgYmQSYp0nm7ALtf7NjmKDimgUVEMmCT6xkyJ3eQhEUcA,Chris D.,https://play-lh.googleusercontent.com/a-/AOh14GgucyW9_FCP7u-x43RmexA3jqaD_91-MkKUWukPgg,I like this app alot. So much so I paid actual money for it. However the record function does not work. Well. It works but the problem is the file doesn't play back. Tried to upload to soundcloud. Also failed. Fix this issue so I can 5 star the app. Not being able to share the music is a buzzkill.,3,26,2.3.5,2017-04-11 09:06:49,,
gp:AOqpTOHJexnFZT0NxisRDEF6QHs4WPSiE2eHtg3BavQ7rEMEZUbiu6rSVsoGL_ZcDlaLsBWMfXaak15hkZt6ZQ,Abey Tesfaye,https://play-lh.googleusercontent.com/-_K58jYZjOr0/AAAAAAAAAAI/AAAAAAAAAAA/AMZuuckyN-BkdEYBKLxLo7LfWasiEwcqEg/photo.jpg,"Zero for the price, even for free I  you won't use it more than 2 day's,  Sorry",3,0,2.3.5,2017-03-24 20:10:23,,
gp:AOqpTOFLTGBqYfGGfPO548UkaERjHONUCX9QI41GgUccyPQglhgumRPLK1whlQSdWOmbW9RXNxHSqgmC68CrZQ,Matt Bryan,https://play-lh.googleusercontent.com/a-/AOh14Gh4Ga2DgVcYuHOHVkQxOww9HatgXSjNUKT9uihcWw,Stupid def.,5,1,2.3.5,2017-01-05 11:20:52,,
gp:AOqpTOElOoSOsyJGXeXo0hywkajEKe9Wukm1LSWG4_XSWXJWNcdzaQDk_MR7pnVG4dSA9_0H0Ib4FdwB3mO4Bg,Ray Matthews,https://play-lh.googleusercontent.com/-HS3dAWKnba4/AAAAAAAAAAI/AAAAAAAAAAA/AMZuucnmvxEFaFh4tHGfxxKniqByevdM9Q/photo.jpg,RD4 Groovebox This app is BOSS! I recommend it to anyone looking for a great rhythm sequencer machine. I would like a distortion fx but you can do that with the envelope filter. However it still does a fantastic job and is well worth its very affordable price.,5,33,2.3.5,2017-01-04 10:39:05,,
gp:AOqpTOHh28P7uYOW62p4nXR2cpEYQesFYL0QWd7j6RSb_QbZt01QNU-1FQxJwc1wk85jirblga_kpPpudEY7KQ,Rod Newell,https://play-lh.googleusercontent.com/-irzRW2oiWBM/AAAAAAAAAAI/AAAAAAAAAAA/AMZuucnF3_0y68fv4JV05KpU-NrXAA3H1Q/photo.jpg,Ok,4,1,2.3.5,2016-11-19 16:29:28,,
gp:AOqpTOGoU3rHBWpbQQSMuyIzhIhVaKIdf3v9sEA65DTKVlkatXQ7-nmVK01Jzx5fwN9sYhmY1ef8fPvKQizhCg,Justin Bauer,https://play-lh.googleusercontent.com/a-/AOh14GhwWVJeR1WrOOeRMNmFwBhT2waqw6NPcWC7G2zNuos,For what it is important impressed actually works well,5,12,2.3.5,2016-11-08 07:02:40,,
lg:AOqpTOEyQzbrI2sCHB-bCHU-LV7HanYrmyUP94Zd1c2AxG6s_4Ym1IRNx5GSsqZaKe1GAKUioRkCmUzG9WtvGA,A Google user,https://play-lh.googleusercontent.com/EGemoI2NTXmTsBVtJqk8jxF9rh8ApRWfsIMQSt2uE4OcpQqbFu7f7NbTK05lx80nuSijCz7sc3a277R67g,This app is ace at what it does. Unquestionably excellent value for money.,5,12,2.3.5,2016-10-04 14:52:50,,
gp:AOqpTOEK3HFXufLKqHxm8IJ42Q5WQga5Ax5k9CFwBHweodSRFiqcfq_WMpjy4dWt6UtQy98AxhQV1n294Gb_WQ,Won Ton On,https://play-lh.googleusercontent.com/a-/AOh14Gg5i3TmoT8Ah4-n_RRirNpIzUmfHGw6ug1y02qCIg,Sequencer is unrefined,3,18,2.3.5,2016-09-12 16:05:26,,
gp:AOqpTOGsVfx_BvSoXeLlHNieJX28Vv2idLdGrKtO-kdF56bKG0ejGjAdHrXcZQl1bwloEDWxYERigTURrksPRw,Michael Luczynski,https://play-lh.googleusercontent.com/a-/AOh14GgSQEMTnCfoP8fNkoDG4xtkV3y1_urUKle1oPGXJg,"I really enjoy playing with this app. Very simple and intuitive. It's like having a setup that includes a combination of drum machines and 303s. The analog synths are a little bit of a let down, but it is only $5.",5,4,2.3.0,2016-09-02 11:14:45,,
gp:AOqpTOGwa6XCaK8Fj9gsOHpw4hgZHSFcpQmDMG4Z-t3AD7LosCSh0CHSmM0-QuvzKUv8nOy5A95oD8hFQDfBhA,Robbi Rose,https://play-lh.googleusercontent.com/a-/AOh14GgZZYjnvQ7Y1C3ijNdI2IbQZsa0f_zIcYeBo05T,Really cool and easy to use. Midi integration is good. Everyone should check out what these guys do,4,1,2.3.0,2016-08-04 16:33:47,,
gp:AOqpTOGRFOKdztezX3YkZDazL5gi9GtpbVOz3xPt_HT1MVOaQKVK3S3866pqPN474rwIIc5ZRCqYax7VZ1z7BQ,Bill Rainbird,https://play-lh.googleusercontent.com/a-/AOh14GiMKR5u5oTSKolNE0xL__JBrrj46DcOFhruxAt8fA,Needs a tutorial or manual,3,4,2.3.0,2016-06-16 22:20:43,,
gp:AOqpTOE2pchW4B9Yg1Ed_l8-aVWWKLY6lsC9g69KayO9A7qjhxlFPU-uys_hVIAy_SH9V_C7kXDwxIlCOOebsg,footmarshian,https://play-lh.googleusercontent.com/a-/AOh14GjTJdkYu0ZTCPQhI71zvv4xRvL2xUakyxog7Kv6,Acieeed 1989 all over again,5,1,2.3.0,2016-03-22 14:45:27,,
gp:AOqpTOHymXz-MveVHX7UOjsXXH7YaksDAOiqQIcIlUEn6C6nTJtpye2NlNiFj0qjClXgW3vibVXyzi84Q3ifHg,Ryan Bennett,https://play-lh.googleusercontent.com/a-/AOh14GggSXANd59dmW-CdC0CmSTFzH-Nq-XnQiluZ9ZQ,More than good enough to save a groove in my head for the real deal later. Very cool,5,2,2.3.0,2016-01-24 18:35:50,,
gp:AOqpTOGjmi8hz0DkvKPG_Kj-PcVsCoMCoek51nDKXtbnpXWL8N0NXZ6NE4c5wG3RtBcxN4hn_WPF7ISilcWdJg,Tony Walker,https://play-lh.googleusercontent.com/a-/AOh14Gj5nvlEbtrxehYwB3WMmNpya0MjC-UeIVDAmrx5tw,"Could do with some presets though, other than that, a great app.",5,1,2.3.0,2016-01-24 00:30:17,,
gp:AOqpTOHjsUfooY9rVR1oi_GQm3XTnZmjuMh-FFsV2dgm7zPAdC3vtT_gJREPUfhHtM3BN_CEFWQPShL2Xz4JEg,Mr Orm,https://play-lh.googleusercontent.com/a-/AOh14GietgtloBpXSgijjpkH2V4dDduv8v6gB-AA0KvEug,Just what I was looking for. Great for knocking some ideas around when I'm out and about.,5,1,2.3.0,2015-12-12 19:51:39,,
gp:AOqpTOGVWPDqr5sG7fhtd4lR58BoIOHpTzlEn4I2zcEbWURju2039vKOV1LaOMg0txKPMXKmkY17FecRw-DOWw,Ray Randall,https://play-lh.googleusercontent.com/-k2OIjJ-oHow/AAAAAAAAAAI/AAAAAAAAAAA/AMZuucnEBALeCOI8nTPpEAhnNfpJ8AdXBQ/photo.jpg,As someone who uses tangible gear this is a simple little APP. I'm using it on a tablet and i'd imagine it would be a pain to use on a phone. Most of the sound generated is flat which is convenient if you plan on mixing into a real soundboard later for recording. I prefer apps due to their price range as well as their simplicity. If you want to cut your teeth into something that's daw like this is a good intro without breaking the bank and getting super frustrated.,4,20,2.3.0,2015-12-02 11:11:10,,
gp:AOqpTOHQ6bjI-jGPEOVYc6AmuzdxIa6KpRDo7elmtzS-GQ9u30x5XB3SmRcSRDWv8FbXcws8_KUojPZHj8E_HQ,Michael Pyle,https://play-lh.googleusercontent.com/a-/AOh14GgVpXMWO0kBrd8HU3Mk5eyralmWUJ_eRQVkfx9cAw,But why can i not install it onto my nexus 5x?,5,2,2.3.0,2015-11-27 08:42:02,,
gp:AOqpTOFzlT3AnX9qdI2qYVmWTUqF-6eafNYflKpo7OcbEZew7BqDBhi_kOil-ZqdoVDvMasC2g_GgKB8UADayQ,Stephen Irwin,https://play-lh.googleusercontent.com/-yhUS0BNhZo0/AAAAAAAAAAI/AAAAAAAAANs/AMZuucn7nyTUcLIIRh9aH2LmPdc5Z5kEJQ/photo.jpg,"Got it for the 303 emulation, nice UI on the controls. Everybody needs one :-)",5,2,2.3.0,2015-08-02 03:51:26,,
gp:AOqpTOHOnVMxDRK29CBvkuFPOxhRDTxy6j7EisyVeYFOzQnLeIE8SoLlIX92WCkburewV1smUVih3ITEU1Qa4A,Kenny DooLin,https://play-lh.googleusercontent.com/a-/AOh14GjvJXtqH2uhg7HY2hZ4EqbXx38Bv-4KwxJI4KfkUJo,"ii.know iT can do better@ , so where's more oF the good.stuFF oF its ""new.improvements"" _stuFF Like more ""voices"" _ & beyond the 4tracks & bassLines or beyond the 1/8th.note expressions _ when ii 1st began its was RD3 , then RD4 , so whats wit that? _ there shouLd be an ""[RD5] wit more accompaniment"" by now _ ii.started wit [DX7].unowned in '86 & work'd my.way upto severaL PSR.series! _ but this ""mikrosonic?"" does WEB.services _after that? _its getn HEARD thats the chaLLenge! _",4,3,2.3.0,2015-06-01 06:33:19,,
gp:AOqpTOFA5JAvihiyMfOQD9w3iSmtF0JsoCxNeV5w8b1F2GKqEVADyTne2WpxQilMx3t1iHIsQyjNTYQHs_B_tw,Aaron edwards,https://play-lh.googleusercontent.com/a-/AOh14GhXSbPX6ByxlWYkdgWam53ISCOfPfoWt1KJ47iI0w,Perfect for when your high and bored,5,4,2.3.0,2015-05-24 06:07:23,,
gp:AOqpTOFT-ZK6XLi5qw3bJ7Pj39_RwuygUGZVcK93tRzIiXccF5wezReTMHJuj00VTZguMEUHRhhaW0Y-aKcFoQ,Laszlo Jokuti,https://play-lh.googleusercontent.com/a-/AOh14GgwDlAk10RUM4TZdyLaAm5AzD97WunpegEvxhPXlQ,"Long hours of fun, brilliant, low-latency  Android software.  Worth every penny of it. An operation manual would be useful.",5,11,2.3.0,2015-05-08 04:14:21,"Thank you, Laszlo!",2015-05-08 04:16:42
gp:AOqpTOESRhLqDebDw-TGJQAgwrq9TBRX_8yeFgC6x7ZcaOl2g957OIPy09D__rvsc4NzoHBMA7er3BZcZIqnHw,RJ Bush,https://play-lh.googleusercontent.com/a-/AOh14Gj9VISMD4rJVd7zz_Iz3FSxrt3sWtmS0KvXabRqFQ,It was the TB303 emulation that drew me to this app. And it also has great emulations of the famous TR X0X drum machines also from Roland Corp. Great for catching ideas when you're not in a studio.,5,3,2.3.0,2015-04-21 12:56:58,,
gp:AOqpTOH2WwYVqGqR4qAifJp-M-Ss1-oRP5RzYyfTzWoHhCNhZSS0MXbUFPA5M-mv0iK0OiLO-XD3OTHsAk7Cuw,Travis Hébert,https://play-lh.googleusercontent.com/a-/AOh14GhoO-QTlCT1SQhlR3rx6jH0G8ZGnF18sDIuNGs_2Q,Music Production,5,0,,2015-04-19 21:10:31,,
gp:AOqpTOF1n7fGYUw9QJl2_rsQyLSlfN6PKN-Y3IOl3k04rMsvtJOlI8mMUnFRzF5ouCAo6D40LwoyKbHUWbBC0Q,Paul Byrne,https://play-lh.googleusercontent.com/a-/AOh14GhNu-SQRD955oiEuIc4Hqf1GkR962xeUonXPMsU4w,Thumbs up hours of fun,5,1,2.3.0,2015-04-04 14:16:46,,
gp:AOqpTOE0FS4Mfn1N_pG6-5dbUKg2H2xDZzre5ZtF1qx9R2SKpahcaHoFkvw3xuamSgV5ETqtqSR3-r8XC1vogQ,Jules Gouvernante,https://play-lh.googleusercontent.com/-0Gb78xa-jGs/AAAAAAAAAAI/AAAAAAAAAAA/AMZuucmYeKMEW_sJ8msOly3C5cu283hK7A/photo.jpg,"This could be soooo much more had they just added a sound bank. It's not asking for much is it? I've paid good money to get stuck with the same sound that I can add effects to.. Well big whoop!! There's no point if I can't vary my sounds is it! Thoroughly disappointed, I wish there was a way to get a refund on these app selling things.  Update on 7/3/15 (3/7/15 for the Americans) THIS IS SUCH A TERRIBLE APP. IT WON'T ALLOW YOU TO EVEN ADD TWO LAYERS OF MUSIC ON THE SAME LOOP. DON'T WASTE YOU MONEY AS I HAVE",1,11,2.3.0,2015-03-07 04:29:44,"Hi Jules, Could you please mail us at support@mikrosonic.com so that we can try to help you directly? Thank you!",2015-03-16 04:05:08
gp:AOqpTOF4mCW5TWg_KOX9qlEiEGvlyf4YZduO2D88YLA6ROYN6XnwbmBQXvU3uzCD-aVrKnGxWJavTb7lmTOMRw,Wurly Curly,https://play-lh.googleusercontent.com/-xwBxXOY2tIg/AAAAAAAAAAI/AAAAAAAAAAA/AMZuucnqo2xC9SOg5OjhZxcO8lxsnJF70A/photo.jpg,"This app was well worth the 3.99 a big thumbs up devs great work,excellent quality all round I will recommend to anyone who likes electro drum machines,id say its nearly on par with the classic rebirth/reason on the pc,just thru a phone tho is awesome..GET THIS APP!!!",5,0,,2015-02-12 17:08:31,"Thank you, Gary!",2015-02-13 06:28:14
gp:AOqpTOGtzEWQkGFhFBLYWZFVaJnedlAz2lVr8Dd_ByoDwkXXkxZsJG9-0O60Z8NuquWglQYnzzhaqyP4C5HS7Q,Alexander Janssen,https://play-lh.googleusercontent.com/a-/AOh14GgoSHalCeS7dSVeZ97feoGXJVmuZ07F67oODkLciQ,"Exporting loops is excellent for exporting to SPC. Wishlist: #1 while I can use the beats- or baseline-track to emulate a metronome, a dedicated one would be great #2 MIDI overvIP (rtpMIDI e.g.) would be great.",4,3,2.3.0,2015-02-08 05:40:14,,
gp:AOqpTOHmN_Trs-_VHCg1vMu16Ji3syy13CCV3YO9D4Zi4I9ufH6Ezrxi5ZJaDqVaCJRV9Y7esM_nG5xfwqVPFQ,Michael Illian,https://play-lh.googleusercontent.com/a-/AOh14GghFxfmDTAYbwRZb5hUacQ5xbrdQ_liO28XGM_0CQ,I just plug it into the third channel of my mixer and I always have a beat to build my sets around. Having a 303-esque bass and a few keys is an added bonus,5,6,2.3.0,2015-01-22 15:32:17,"Thank you, Michael!",2015-01-26 04:09:30
gp:AOqpTOHNpWoT9vgXnok0phEDg_0DBuA1iAtZ69TMpS15r38bEMSnu8Tmesn8rckPF3nuh1qk66So21q8QaCXGQ,A Google user,https://play-lh.googleusercontent.com/EGemoI2NTXmTsBVtJqk8jxF9rh8ApRWfsIMQSt2uE4OcpQqbFu7f7NbTK05lx80nuSijCz7sc3a277R67g,Wish it had more instruments though,5,1,2.3.0,2014-12-27 10:08:44,,
gp:AOqpTOGOvA9vJkFgjykkoig7Cr8ffXyM91-hkD_4_3kVVZ3r17KdadflS_ljCGe84lWYytoedMsYz98dkhHRnA,Evelyn Rapana,https://play-lh.googleusercontent.com/-YLFNTOiJfKc/AAAAAAAAAAI/AAAAAAAAAAA/AMZuuclO38Ew-cLNH95Vdnfo4HkvWwd64Q/photo.jpg,Bad ass,5,1,2.3.0,2014-12-16 18:11:18,,
gp:AOqpTOFlrIisjEhGZgQ6DGbbSfDlXjRl0fHEr_PNlKc3XaFtCEgxMmCCxmjhrq0xvcf0pFctB_98-QTb6Q74ew,Blakk Daniel,https://play-lh.googleusercontent.com/a-/AOh14Gi4ZhNTezFmJPEjNL_MYnj5-6lhuTiCXNi3PfxAXyw,Nice one of the best,5,3,2.3.0,2014-12-13 18:56:15,"Thank you, Blakk!",2014-12-16 02:59:28
gp:AOqpTOFMvzxksmTa5LTLdiMpDj5Wjlfc6HGCfH5NKrB1XCEf4vP-8BNa8zU7ZG_AzS4OHUgoyVEcYgGhn6iV5w,jl Fredrichs,https://play-lh.googleusercontent.com/a-/AOh14Gj8LfCVvcONmQwFJe2zuj0Loxy41BzF8NYsYt83Gg,"This and the SPC, 10 stars. Each.",5,1,2.3.0,2014-12-11 23:16:45,,
gp:AOqpTOFH4CfJ5FdBaB0vlShfaXnTZfKjILwfuXBiWBKz970mbO32eEO4nRGBwzMkGuEZu5N0Kr9rQVKFlemIPQ,andrew blower,https://play-lh.googleusercontent.com/a-/AOh14GhqQ9YVki8lkWEmAIE13Ea2d-gXBOJa62acteCGIQ,"88 acid revival,dope app",5,2,2.3.0,2014-12-11 10:30:24,,
gp:AOqpTOGT4eKd1sRe6KnRAPziBDkszD1bklcV84BDRiG_EX20AFrY2m1xs_6gvZ5wIgFOYJrpt6DYNmunUqylag,Andrew H,https://play-lh.googleusercontent.com/a-/AOh14GgQg9BV-fTsOnE9CgRKEiCXHNpkU5QKQ1Q-DtBToQ,"Had the demo version on my phone/pad for a while now. Decided to pay the fee and go for the full version. Money well spent!! As a massive fan of the 303 sound, this is the best app available in my opinion.  Can't wait to explore it further.",5,0,2.2.0,2014-12-07 10:01:06,"Thank you, Andrew!",2014-12-08 00:15:53
gp:AOqpTOE2PSfXZ0albLpGusebD4snsYzgaQdf08EpaUGak9wewMRxC3LZxDac7_nKDr2DE-lv3yDy9OA0VZXWDQ,mocchai,https://play-lh.googleusercontent.com/a-/AOh14GiKOr-ux-qHZg1ER-q7fBKQkwwL9gizk8mUn8JjSBM,"It was Ok last time. Now it automatically generates sound when you are recording. Maybe, Maybe not?  Problems with it in Analog 1 & 2. I still like playing with it cause you can make music, but has problems. Take the chance of messed up music. Thank you.",4,0,2.2.0,2014-12-02 05:58:25,,
gp:AOqpTOGjh-PmMPEWh9iO5comVtquAWt-XhK9aq0LHqTGcELiDDd9-oBxsoPKAteM4keRcsISkCFITivEorTLrg,Richard Robinson,https://play-lh.googleusercontent.com/a-/AOh14GjONf7pDGIkUrYR1HCyQrVrj-sRkk9tTPuTp2c6cA,I just hope you can incorporate more sounds,4,1,2.2.0,2014-08-26 21:57:02,,
gp:AOqpTOGCdXBj-m03V_p3ZkA0C5-5gqzc3xUWWEiM6mNfW6VTiqD8OWUW0YrGd7Wl7t9_spuCC3oMWfllg3GhYg,Julian Hoddy,https://play-lh.googleusercontent.com/a-/AOh14GhlryYddpDNkN-Qp-WUJlNFahhv4Ki7AfvU0_bBo4k,Fabbo,5,0,2.2.0,2014-07-14 04:40:15,,
gp:AOqpTOGUn0ObVKHZ5CFSiY7cTWuy2huL81whWe7KVfDHyYXQnWx1JbWBT7OQfff7OYfEahoA3F_s-tMsf81FdQ,JAMES MICHAEL CHAPESKIE,https://play-lh.googleusercontent.com/a-/AOh14GhIex9t8L5h7wNW65Txx2cxLE6iDXv-IccNReWcpWI,MY HAPPY HIPPIE VERSION OF MYSELF: DON'S AND JUSTIN'S: RD4 GROOVEBOX HURRAH HERE AH COMES:THANKS AOL BRAZILIAN BEST!!!!! FROM UCLA JIMMIE THE ON.,5,0,2.2.0,2014-07-11 20:31:20,,
gp:AOqpTOH1FuwulhzizeTpPCTKz7Z875yS6-pMbIOlbGI1uD7kBBg9IyfYOxEp_aCBVmA37UTMeeKnmOgZyLxgmQ,juan osorio,https://play-lh.googleusercontent.com/a-/AOh14GjlysIf-PhISlEIQtLCycoGXC8EvEpsfvhyIhvjPg,"Totally love this it works great with a launch key mini but it would be nice to have things like swing time, a polysonic synth and a larger sequencer.",5,1,2.2.0,2014-06-04 13:48:36,"Hi Juan, Thanks for your feature requests!",2014-06-05 02:57:26
gp:AOqpTOHEHU72HSUSTmQnsYqmyjW-FS_Bk6QoBNSWwX5dA_BVokcO7pzeDs4FqYI59jaQ6BE37vDChKKy5BN1NA,brad bray,https://play-lh.googleusercontent.com/a-/AOh14Gha4cQqaClSExqAGeVpnenvmnKK8Qso20f-tgJAjA,Love it great apps by mikro,5,0,2.2.0,2014-06-03 17:01:42,,
gp:AOqpTOH9XTo99uHtE-_S7t4Qsz96lYN1loUpDSy4k9lI8TvNqOLMuEHiSni9mpH250oRxJ24rGp6ZhNkvhmJ7g,Josh Ward,https://play-lh.googleusercontent.com/a-/AOh14GiUGf1w4JICgl1bSis47He1l_we09N-HxiN98a7Q5g,Best thing I've found so far. Only problem is the issue I've found with exporting to soundcloud results in a force close and loss of file.,4,2,2.2.0,2014-05-31 03:12:03,,
gp:AOqpTOFQl6w3zj1eKBG2INydyRNNIEw-NOz2Grp3EQcVhAM-7PN1cUc7oFi0BfA8iSWqR6V1pr1QYS5nwRKigQ,Justin Sarquist,https://play-lh.googleusercontent.com/a-/AOh14Gj8MdK78x4F_IFbbnR4BOwytihjIDV-oXad1ikmDw,Great app love it!,4,0,2.2.0,2014-04-26 00:11:17,,
gp:AOqpTOE7QYHqAkSEbvpHVioXz5s3Mn9aaGCnkBVneq-TZ3WFvaARw8t_-Izm6RXc4y8UarQZdjC_e7MSqytO3Q,Kenneth Henderson,https://play-lh.googleusercontent.com/a-/AOh14Gj-2HF3vTGg6SqJS02HecfW1fTlnyrcdkxM0gt6Tfc,In 5 years of using Android this is the only app I have ever paid for. That's how good it is.,5,1,2.2.0,2014-03-23 01:35:56,,
gp:AOqpTOGmqBhvE8E3OEVZqrhvUNJIQPulcuXeJvpf5FAWWQcz9gxFcfDQJ7mjDTMNZhfCa57Evx09SPd7aidjOg,Andrew Hill,https://play-lh.googleusercontent.com/a-/AOh14GhU9GE4694Jf3__7F-lP1njOTRTHgkSRj_7Bx5gY38,I use this app on my phone and tablet to lay out musical ideas when I'm not able to use ableton. Only gripe is I wish I could zoom out easier in the midi writing utility.....especially on my 10 inch tablet. Otherwise so much awesome and easy packed in here.,5,1,2.2.0,2014-03-01 10:08:36,,
gp:AOqpTOGTOpSm_FJLHHQLiIK_beUVYZ7F3EbUW8taYHHOH6OmWYk5SvWN-_ZWQ0iagaFQgtJKuo2rNUjqGcUbXQ,Oliver Pretty,https://play-lh.googleusercontent.com/a-/AOh14GgNLlYhOj2Bv-V1agDgaTVZl_72_XDMBZk8hcQM,Great. No idea what I'm doing though,5,0,2.2.0,2014-02-19 16:16:06,,
gp:AOqpTOF5BY84jMSKVaJDe5-C3FuKICJ1Uzib8T1aOJNKIqDBbQVOC5HGYlgDixdbuMyNMeelAiNg5ERakDpIOA,Matthias Czapla,https://play-lh.googleusercontent.com/-oQgSUdX9fTo/AAAAAAAAAAI/AAAAAAAAAAA/AMZuuck7mBYrqWCJAaemueBK5odyqjQuDw/photo.jpg,"Cool toy to spend some time during train trips etc, if you're into machine music. I find it a bit pricey though considering it's shortcomings such as the lack of pan and shuffle. The reverb sounds awful and I'd like to control drum sound and level independently. And maybe I'm doin it wrong but I can't export the song to wave, only loop. Nevertheless it gives me a lot of fun, the sound is good, timing accurate and it runs smoothly on my single core armv7 1GHz with small screen(!). Recommended!",5,3,2.2.0,2014-02-16 23:26:19,,
gp:AOqpTOF_qvNrtNcHSF0Xfw9f1ZoTSVh68TNrdSORjubBi8sRrj5nFXRuXXJq6L-UkUzlXKO2vBYzLU0OlP6P9A,A Google user,https://play-lh.googleusercontent.com/EGemoI2NTXmTsBVtJqk8jxF9rh8ApRWfsIMQSt2uE4OcpQqbFu7f7NbTK05lx80nuSijCz7sc3a277R67g,"I can't praise this app highly enough. Wonderful balance between feature set and simplicity, and still being updated. Spent dozens of hours enjoying making music while on the plane, in bed, on holiday, etc. Thank you mikrosonic!",5,0,2.2.0,2014-02-08 13:23:39,,
gp:AOqpTOFTF5FckzdYOP_fF6CPYUgv3wya2-gfn6emjnx0OPaRN4VPKvmFTh6AIdeo_rjHQzj6s8G4yT1OJCdHlw,gavin angie,https://play-lh.googleusercontent.com/a-/AOh14Gg-Q9pUnfos-078XWwpmm2ByhIZQ6ffjD8iuz7_,"Needs more synths or more analouge sound apart from that , a litle lag on galaxy tab 2 innanalouge section , but a good all rounder .",4,0,2.1.1,2014-01-25 23:51:39,,
gp:AOqpTOEVLzpAl7FZWYmBp2HIhwpjCPoPpsncz3Vi2VjC_ZEuYUbKK2VfcAA6vw8kAo6WfBsY0qntghAhtbBa9w,Christian du Toit,https://play-lh.googleusercontent.com/a-/AOh14Gj2j6z57yNBKJpcGd8kKI5CVpkAfxWuvjHYVMzzSQ,Hours of fun,5,0,2.1.1,2014-01-17 07:30:40,,
gp:AOqpTOFIgsuAJ88cqVMdAPDu7MRr9tOZyRthXCB_S88D1alq61uzqtSWkBfl300n8Qr3rxegW-synMLxRyYQvg,Ken Jones,https://play-lh.googleusercontent.com/a-/AOh14GiAwvokfKkjZSEHe9BQHqmwBqVaHGpP8h323B_nzw,Keeps Crashing in halt whenever I connect external midi devices,2,0,2.1.1,2014-01-15 05:20:42,"Hi Ken, Could you please mail us at support@mikrosonic.com so that we can try to find a solution?",2014-01-16 08:37:07
gp:AOqpTOEr4lTLtrx2MrTLAGY5ysqG0TSGe6P5UJ-8xPRupoEh1LeMn2gZrMl-HnWU7Ad7kbpBN2Hdcq5uK6hmBg,Jim Loveless,https://play-lh.googleusercontent.com/-s6Pp0o_Jr-I/AAAAAAAAAAI/AAAAAAAAAAA/AMZuucl7FNTzLlbaZ2OfeZxm_V8iGNOHMQ/photo.jpg,"I'm using Android 4.1.2 , and the app runs slowly and distorted unless I'm constantly touching the screen. No refund. What a shame. I was drawn to the app for its inclusion of a 606.",2,0,,2014-01-12 02:24:46,"Hi Jim,
Could you please mail us at support@mikrosonic.com so that we can try to find a solution? If the app will absolutely not work on your device we will refund you for your purchase.",2014-01-12 09:31:30
gp:AOqpTOHm7ObJ9-gk4R8iIgnvHJTGwvhswrgegCsmp2KMi_Fv198iBbncCFxVw0BZhqx7zu88WFRNfoBSjc_90g,nikos stratakos,https://play-lh.googleusercontent.com/-HtcQwHgRufE/AAAAAAAAAAI/AAAAAAAAAjI/AMZuuckvUCVSRsaF0Xz-6bRRHYKkJRD7Nw/photo.jpg,Automation  to write and play... Fx need to be more complicated  for example the values of delay and if it is possible more fx  ... Perfect app I am satisfied ... very nice work ....,5,2,2.1.1,2013-12-30 13:18:52,,
gp:AOqpTOG0yXVEhwtlE13b85axa8hdMp-JG_WB21cBEFZxCYq83dd95gFDyVizIVvBQMudHrM5wVU8d2KMvn6EEw,Justin Taylor,https://play-lh.googleusercontent.com/a-/AOh14GghWxuvoA6CXxQtqHKpznXV6-Y3HjItn0RXS3Yi,Awesome!,5,0,2.1.1,2013-12-17 12:18:58,,
gp:AOqpTOFvj9izqCNmnU53FnrIYjv4z7ebnRk3QHuUR3N23ubnMF_fFl5U73PA66GL98u_d2DCNW7-Jr0peNrQqQ,Graham Kane,https://play-lh.googleusercontent.com/a-/AOh14Giw345JLiF0uYHuJrIoM_phFDFJ81a-OR-7AkuvUA,G,4,0,2.1.1,2013-12-11 05:52:47,,
gp:AOqpTOFbP4aRXCnPvHDfsjfLPz2RWoGTSEwzYtpa1kTgItrqKgq-UxlY1VOWYfyFCjYmw3DvL8RFz5BHj3is2g,Dmytro Kurkin,https://play-lh.googleusercontent.com/a-/AOh14Ggt9nf1YzZFzm9JJedqxJl1qCV58TsB0KDLkQaGEw,"I do enjoy this app a lot. I find it really simple and ergonomic in usage, it sounds good and it's features are very decent. But I use this app mostly when I am practicing my guitar, so I need fast and convenient tempo changes. Right now I need either to type it (which is frustratingly slow as I need to wait for SW keyboard to initialize and then type it by hand) or tap it (which is extremely imprecise). Please, add a tempo slider or something more convenient to change the tempo and I will change my rating.",3,1,2.1.1,2013-11-29 12:08:11,,
gp:AOqpTOHpUKJLQkDpYux6WPXp46kAO5K_y7fJ7UV8M9aZzm5rkBrjugcW7tWSXmOkGwrcw3bQRtLo_YuwZLz2sg,Miguel Cuadrado,https://play-lh.googleusercontent.com/a-/AOh14GgBhGiSPkANMMsEKfrJESywfbGc-5LJXu0lOvycqJw,Cool app. Retro music machine in a modern package!,5,0,2.1.1,2013-11-17 01:24:29,,
gp:AOqpTOHiXZvM1cZcuYjj9HHw0mGMM2bJKl-KF-uP4kfYAOW1_I8uWxEe5-sCOf4PTWU_lZtNvIbpNrZ8CmTH-w,David froggatt,https://play-lh.googleusercontent.com/-gJaIVjRp94A/AAAAAAAAAAI/AAAAAAAAAAA/AMZuuckqYBPLkhlm7B2gsgRICi_XvkA_Gw/photo.jpg,Little groovebox in my phone love it more fx please,5,0,2.0.1,2013-10-21 12:13:50,,
gp:AOqpTOFTHH96AMNCnccXiBBRMsTwsCht8gTD7outrciyFF05YfYZ7qXCnu8riB-5juQivV5v3iIJsdwI2Nfj_Q,Krisketch primal productions,https://play-lh.googleusercontent.com/a-/AOh14GgpFl4qGEpxGCbFJCBbB0YSo7DNlppwLCTS7CPVVg,"Easy to use, unfortunately Android system updates have rendered this app one big glitch. Was ok before update.",3,1,2.0.1,2013-10-08 09:23:31,"Hi Kris, Could you please mail us at support@mikrosonic.com and tell us which Android version and what kind of device you are using?",2013-10-11 06:04:00
gp:AOqpTOHJEAWyC6qQNvIYtiDNWrJ7iPagzDSEOXnpoL0mMC99BNqUvhavAmugJAHXvET85ib4FjoxK1iqjkCvJA,Ned Dread,https://play-lh.googleusercontent.com/a-/AOh14GitEMLD0FIlIzA2o-Ngfdql9DrhObHPRySbQx_-Gg,"Galaxy Tab 2: Faithfull TB303 emulation, 808, 909 and more. Ok, your limited to a certain type of house music but within that limit lay real professional tools. I would love the synth tools to be expanded, but the rest is frankly awesome and as I said, the real deal. Well worth my cash.",5,1,2.0.1,2013-09-06 17:35:08,,
gp:AOqpTOFyoVgrPu3AA7tVYswPgh9lIl7Uxm2tLlEqauF0-Jblk5EZhhB52fc33iZyloOqdZ62M0wIfpRKKTTaJw,Fabian Franklin,https://play-lh.googleusercontent.com/a-/AOh14GiFvzrNt9tLkthm9ufAbfUcbFEXCgOCtU0Mno79TQ,Great!!!!,5,1,2.0.1,2013-08-28 18:01:17,,
gp:AOqpTOFmfzVHTcigkusENJufycWh2KzCyRHplSxLpC33wb0dKUnFnsDAXxgg6Naxe4RdLVsDQ4MugzrnDK4sqw,Kenny DooLin,https://play-lh.googleusercontent.com/a-/AOh14GiATfjEfZfJmE-Z96JXewoobg-54tPHRNkROVFj,Like much,3,0,,2013-08-22 19:49:32,,
gp:AOqpTOFQsY5gyTBfcO7_9aOAsOXyY11fwJEtIvCZCywXa5hiwRZ_EnfDlhUM0b-VwgY23M_LfwbcjqLPIVuscg,Aaron Mandell,https://play-lh.googleusercontent.com/a-/AOh14GhhBqHRwP-SqrU8qUViwVPpNPaTWh8-mm__xts87A,Lots of fun for coming up with new ideas for music sequences. Easy to use at home and on the go.,5,0,2.0.1,2013-08-02 01:15:44,,
gp:AOqpTOHM4X1vJvNksW0CHJOo4u5dWtq1D2zlJQMT4tp_OIae1q_Qh46F6M3h5px77QEDtP2RQEvobrMY0ymACg,darrell m,https://play-lh.googleusercontent.com/a-/AOh14GjqsY9IyX8CVyMeFNaTSCA6W_pvhzAqzMJZsyGzSFE,I LOVE this App!!!!!!,5,0,2.0.1,2013-07-14 04:02:36,,
gp:AOqpTOELAG5NGbHoKfrnJpKnD4mmrPNda5vuPy1hfCFSiMq_oRj1tvkZ3rrwPmVejtmPjXDq_U3n8l8KiGCzuQ,Sverrir Valgeirsson,https://play-lh.googleusercontent.com/a-/AOh14GgXeogKmHvfIqs1rjvZsnmrcivCsfawMPAKJHStSbU,Awesome..,5,0,2.0.1,2013-07-10 11:42:20,,
lg:AOqpTOGE3xQ_vE9cd5IoKbQ8QiuM51fBA5sqP23Q2YevRZx8wk2hP_jDQOl531cL-XqNNzUlUA5JqrRJp2x7eg,A Google user,https://play-lh.googleusercontent.com/EGemoI2NTXmTsBVtJqk8jxF9rh8ApRWfsIMQSt2uE4OcpQqbFu7f7NbTK05lx80nuSijCz7sc3a277R67g,"It Just keeps getting better. Multiple synths drums and fx make this extremly usefull  for both begginers and seasoned pro's alike. Combined with the spc sketchpad the posibilitys are endless. A few  things i'd really like to see in future releases - pitch and pan control on indivdual drums, and the ability to load samples into the drum machines",5,4,2.0.1,2013-07-06 09:41:28,,
gp:AOqpTOHY_eFJ7MP2naGO2D74nD7qM040pMo58ASAH-j8U7oC66kzqgKndwd-iEufP9vXyq2Po4M7pJkHbxwIAQ,marko blakely,https://play-lh.googleusercontent.com/a-/AOh14Gi4UTAl_y88z9kPUd89Yu0h4CfuDY_MHvnS-pPw,Now its almost complete..now we just need some packs...this thing is awesome!,5,0,2.0.1,2013-07-03 19:45:58,,
gp:AOqpTOEFLTwAl2aryUCxTXc_trWHBg9pEv3riGnWSiQyhSj03jaCzlgH1Zckg3b2xmq_sANgGBjLlWBmU3Wkww,Erik Nolander,https://play-lh.googleusercontent.com/a-/AOh14GjQ1vSNFGTkCiLUqUN8Y1NZr-6W0QFLzzWRqI7_qA,"I've been using this app since it was called RD2, and this latest update has really brought it to the forefront of Android music making apps. The analog synth is a great addition, and the new options to arrange and play patterns on the fly,  and loop up to four patterns, makes it a very versatile app.",5,0,2.0.1,2013-06-26 23:50:34,,
gp:AOqpTOEn9ZMLWj2B_E2W4CBvrL7lwCKLfxU8MQBZGhcwfsoSLkqUVzHzsHbm5mREI13qPu2MxjOnfhbu2Lei1A,Luis Bares,https://play-lh.googleusercontent.com/a-/AOh14Gi-1OO3jLUyKqm4IWqLM45WXnbslXamg_Ib_sRbvw,"Best synth in the Android market! Latest update is AWESOME! If you want to make beats, buy this! It's my only paid app! Must have!",5,0,2.0.0,2013-06-26 11:08:51,,
gp:AOqpTOEJrxmHQT7Au7wNJu0FRi1qPVUhOmBrncDtmy-BWYPraOp8DkFBBWRhJ2yMplY8lU-MNFu38HYGIuW7tA,Firstname Lastname,https://play-lh.googleusercontent.com/a-/AOh14Giqoj9GWTri7gFXMqFDTB5eGT5Y6Uklem79as9GfQ,"Incredible! The update took me by suprise and i did not even think that it can get this good. I just love the new mixer and heaps of new options! keep up the good work,  easily the best app on play store",5,0,2.0.1,2013-06-26 10:15:47,,
gp:AOqpTOE3dJqmqs5sOSytOv2DDzilgFedZck3p6e5eMcwYhxdTMw7FWmDjcYvUzIfoj9H_bBowajVdQY6uk2ASg,Matthew Means,https://play-lh.googleusercontent.com/-a4kgCnQHzfA/AAAAAAAAAAI/AAAAAAAAAAA/AMZuuclldLrR8RD0MIIc_P2ndtGQlrw4Fg/photo.jpg,The title says it all straight hours of fun love it,5,0,1.6.0,2013-06-26 01:01:39,,
gp:AOqpTOHtIPJMTwCoTe_OYCvl0PlaYC_3v5sKaPWgQhGKG718Il6xxSOG6xsKY6xwtRxxDwhoAYPen3VIukU93Q,Michael Crawford,https://play-lh.googleusercontent.com/-WoPXGLAUjuM/AAAAAAAAAAI/AAAAAAAAAAA/AMZuuckt08AEXZOxYQGzrYLCEqaBb-f0Vg/photo.jpg,"I actually haven't played with RD3 half as much as I'd like to, but have never regretted the buy. Will have to find the time to dive into the new synth. Loving the hell out of this app.",5,0,1.6.0,2013-06-25 17:08:04,,
gp:AOqpTOEPkUxNDqoiNO9mKEfGMLmgcAIwEqDdkpWQU-RM56m0kY3mBWHrG65dtsq7Ae5_dAKMQNJ-sGSQLgqtsA,Graham Howard,https://play-lh.googleusercontent.com/a-/AOh14GjGcsaldoy5lfXc7sad3W3isMoldd7qHO_OBWd__g,"Ive always liked the RD3 ,and this update is very very cool. I love to tweak this thing through my stereo ,and it sounds incredible. The drumkits ,the effects ,and its overall sound quality.....It makes me really enjoy making music with this app. Its just fun as hell. Thanks so much @Mikrosonic ,you have done very well with this app...peace out ,and thanks.",5,0,2.0.0,2013-06-24 17:49:35,,
gp:AOqpTOE6-3UvTmUTFFPkILPWtgH9KdzvIAtgQ5DScCLnuj6kohqaN_Uf1YsxDoeuHJYOeLReErxuBQvHpPwXCA,Kurtis jungle love,https://play-lh.googleusercontent.com/-h116Mf4r2J8/AAAAAAAAAAI/AAAAAAAAAvc/AMZuuclLAXzbLMUdI4sxLfB131ZrD4g1og/photo.jpg,"Best app I've ever downloaded. Work a lot on programs like live or fruityloops, this app is great for when I'm not at home.",5,1,2.0.0,2013-06-24 15:46:07,,
gp:AOqpTOHtnvobywQu-AWAlDT1JZhS_7G7YcENvxGBor54ZYywfsUBFOE6npagoCxeQX61oGq9wOJ_GIpWysNOmw,Shanti M,https://play-lh.googleusercontent.com/a-/AOh14GiMOmMWDFzjMRLCGlx6qRy9BTegejWs3D1NeyOP,"one app I will never regret to have bought.. that's for sure. and the new update is just getting closer to standard behavior on other audio apps out there, also by owning a tb303 the rendering on that synthetic inside the app is great!",5,0,2.0.0,2013-06-24 12:10:57,,
gp:AOqpTOF_OQO73WrZvVYr3x6qBW6U0OhxyzKVu4W1VHC41AiD6jAC13IlYF2u1hzgCm2vc7yTP7VzhMzOxm4Itg,8K R2,https://play-lh.googleusercontent.com/a-/AOh14Gjpo23zgF4uHnqp6nD0EmccDCNddpb6u0oC0zM1yg,Love it!! :),5,0,1.6.0,2013-06-24 11:46:04,,
gp:AOqpTOGm06-Q5gA7ipeyt5Ri358xr---c4wwhTPEhAg3KRuXZuCL52mqkm-K10gQFKrtv4qWfM0grnH61iC4dg,Akash Handa,https://play-lh.googleusercontent.com/a-/AOh14GhOXiALZtmcbhiYuBYxqgj-ClWOwj2F7AxC9Pmb_Q,Try it out.  Totally worth the price.,5,0,1.6.0,2013-05-22 20:04:34,,
gp:AOqpTOH_OGa32WuKJYnhTPLw0CoaqzKNqncliOZIZt2JLRYNZr4SdpWj1LJ5ruTcHFoacBHY8ftUgvP9VZRd5w,Keith Lane,https://play-lh.googleusercontent.com/a-/AOh14GhaXib6jIP7fxcCnrbEdibsUgygjEYDPcBKgHUdpQ,"Really could use a way to record automation, or sequence automation, that is the major problem for me hence it dropped a star. It's super easy to use, n makes music fun.",4,0,1.6.0,2013-04-28 18:18:21,,
gp:AOqpTOEkyclUqJ213-pxmGCnZ2NJQsR6H-e25r74bZuEiW-kWmkDztkinUcG4zGmApcgiqlgUeOc43ho3BUvag,A Google user,https://play-lh.googleusercontent.com/EGemoI2NTXmTsBVtJqk8jxF9rh8ApRWfsIMQSt2uE4OcpQqbFu7f7NbTK05lx80nuSijCz7sc3a277R67g,"Best drum machine for Android, hands down.",5,0,,2013-04-19 21:34:01,,
gp:AOqpTOFKLT5HxDvU5Exsp1fVBc5drUsHTTj2_yJkoAbGXX9dzLIs09DP9cO6_0YMh1coCTw4llf0HyF1k2lnLw,Matthew Creighton,https://play-lh.googleusercontent.com/a-/AOh14Gh1MDsXRkY4LEKWGLgDB1pDnfD_M_CeJ6HMPq7WTcM,Just what I was looking for. I'm glad it allows me to save and export what I've created.,5,0,,2013-04-09 14:31:24,,
gp:AOqpTOHr2F2nA0wH7UVPHR6P8GMn8vaHgynfOLGFMXJ2gw5muIgB-QuJJvghI0EoSplOsui7gI3_FvGrv0boOw,Matt C,https://play-lh.googleusercontent.com/-YIavpuR81tk/AAAAAAAAAAI/AAAAAAAAAAA/AMZuucmCXMuOn3Ml1Z8P_rZTbe7m6pWdTA/photo.jpg,"Xperia s, awesome promise but phone can't handle it,so sad as the interface is real easy to use! Please fix!!!",2,0,1.6.0,2013-03-17 17:08:15,,
gp:AOqpTOE0o1vGAjCazrd0gOmDM4wAXdEA18uOXLPzHeQ7hup-RO-MONBqGgwXdzeZMfuJQeP2yMrAOkmnE6rw3w,Darien Bartholomew,https://play-lh.googleusercontent.com/a-/AOh14GhrKD9wDWdgLZcONVAZHsNqWOdoxUXpSch4w_qYsQ,"When I save my mixes, they don't show up in the LOAD SONG option! Im really confused. Any suggestions anyone? It's an amazing app though. :)",5,1,1.5.3,2013-01-05 19:02:57,,
gp:AOqpTOEBsXCMXcRxHTtZw53aib5PgYSYShux7GrYpPsZhBUxlY5Hp-tmmbsQY4Sn1EkBK6uc-QI_cIQ2hwg7Fg,Ryan King,https://play-lh.googleusercontent.com/a-/AOh14GjrRbP4FTIb45E2ojQ-3YikHNVzbbpjWMqkaBp6,"Easy to learn, im not very good at making beats but im getting better.",5,0,1.5.3,2013-01-01 02:59:14,,
lg:AOqpTOGpZV16qLj26qxaeHo9qBKoHkc60g160xh-mVuLtxYj0QsFHxaAlV-jYeMwncABXhFAqmFpsFdrzwQiQw,A Google user,https://play-lh.googleusercontent.com/EGemoI2NTXmTsBVtJqk8jxF9rh8ApRWfsIMQSt2uE4OcpQqbFu7f7NbTK05lx80nuSijCz7sc3a277R67g,"Never purchased an app before, but this I just HAD to get! Super fun! More effects and other s**t please!",5,0,,2012-12-07 10:11:37,,
lg:AOqpTOGYcRSCi_Q5XEmEadQt0wDhNPPpHLjcJCJKNoXONSn7UAHaf2_asxVcmtfItL3Fda7tEXe6LpIsmpA7-Q,A Google user,https://play-lh.googleusercontent.com/EGemoI2NTXmTsBVtJqk8jxF9rh8ApRWfsIMQSt2uE4OcpQqbFu7f7NbTK05lx80nuSijCz7sc3a277R67g,There was no sound and i could not get a refund.,1,0,1.5.3,2012-11-26 10:55:27,,
lg:AOqpTOFLN2Lea9gyw0hSv7yRTvKqXY8f-5e4en2TNf2ASqzhm9T4jZuyfatqZoR6KO0HScy1vRDjEn0b-YqI7Q,A Google user,https://play-lh.googleusercontent.com/EGemoI2NTXmTsBVtJqk8jxF9rh8ApRWfsIMQSt2uE4OcpQqbFu7f7NbTK05lx80nuSijCz7sc3a277R67g,"Awight mate, what you on?  Geez I'm on 2 Cally Splits and half a New Yorker, I'm rushin' my nuts off.   If that sentence isn't gibberish to you, you will love this app.   Seriously, it's a 909 or 808 or 606 and two 303s... with multitouch knob twiddling.  What's not to love about it...",5,2,1.5.3,2012-11-22 06:13:03,,
lg:AOqpTOG3XCwE5bTZ7EpvoR9SJHmM_qOIpTI6PZ0va1S-JDPA6ze4HF-3MBGCiwV9rcef6LuFPBv9BusoZKondQ,A Google user,https://play-lh.googleusercontent.com/EGemoI2NTXmTsBVtJqk8jxF9rh8ApRWfsIMQSt2uE4OcpQqbFu7f7NbTK05lx80nuSijCz7sc3a277R67g,Only on a phone...would never have thought possible,5,0,,2012-11-09 15:45:07,,
lg:AOqpTOF-HFbbXmVxdjvcQTWDoN4DUNtocMHaRfam8W1vG5Kn9z4D5cWni--8-IbUCxs6e5d6khTeqjgkTEsLyw,A Google user,https://play-lh.googleusercontent.com/EGemoI2NTXmTsBVtJqk8jxF9rh8ApRWfsIMQSt2uE4OcpQqbFu7f7NbTK05lx80nuSijCz7sc3a277R67g,Basic but fun. No polyphonic synths and can only use one drum machine at a time (being able to use the 808 & 909 in the same track would be splendid!) but it's smashing for what it is.,4,3,1.5.3,2012-11-06 04:30:44,,
lg:AOqpTOE8bsB2ihEGJer3C4A66tEBYniKD725Wfx_g4FzVBUAfX4EdQyYbO45uumIl1gH7sXXPHop-IYtEhL5Qw,A Google user,https://play-lh.googleusercontent.com/EGemoI2NTXmTsBVtJqk8jxF9rh8ApRWfsIMQSt2uE4OcpQqbFu7f7NbTK05lx80nuSijCz7sc3a277R67g,"Its fun and cool back then but eventually whenever i open and try to use it, it always says app liscence cant be verified. Cant play anymore. Not a good value for my money.",1,1,1.5.3,2012-11-03 17:35:22,,
lg:AOqpTOFjLBZuCFwB7PcWhnMgJD5Qc-PeizFTbu-uSZ81QspEPg0FvF8l-03224lgMCuvpR8hP-Qv2xVU4iZbJw,A Google user,https://play-lh.googleusercontent.com/EGemoI2NTXmTsBVtJqk8jxF9rh8ApRWfsIMQSt2uE4OcpQqbFu7f7NbTK05lx80nuSijCz7sc3a277R67g,Would love to have 303 pattern lengths shorter than 16 steps for proper acid house.,5,0,1.5.3,2012-10-15 14:51:54,,
lg:AOqpTOH0r_j1y7T7DT8zoIhE3HvHHJaAuuE5XuvZWCZZR92k9Ool45EW_PahY7q-07xOJ7GbwjNRJj-1D-9H2Q,A Google user,https://play-lh.googleusercontent.com/EGemoI2NTXmTsBVtJqk8jxF9rh8ApRWfsIMQSt2uE4OcpQqbFu7f7NbTK05lx80nuSijCz7sc3a277R67g,Awesome,5,0,1.5.3,2012-09-30 16:04:05,,
lg:AOqpTOE553wc3bJOtnQ7EFy0FHQ0fw48xu6ZJFtvLOnq4vzVYnDMXyls-ECNsmeEEHRZ5kQYxoARWcf9-PP89Q,A Google user,https://play-lh.googleusercontent.com/EGemoI2NTXmTsBVtJqk8jxF9rh8ApRWfsIMQSt2uE4OcpQqbFu7f7NbTK05lx80nuSijCz7sc3a277R67g,Love it!!!,5,0,1.4.0,2012-09-29 00:29:16,,
lg:AOqpTOEwz8eNoBraaMRq2LjFgG_quDDQ9wTWBpiSYb1ATqnDHo3SYusWjpIsWLXivcrQdI6p0o6da6i1Ko_6Lw,A Google user,https://play-lh.googleusercontent.com/EGemoI2NTXmTsBVtJqk8jxF9rh8ApRWfsIMQSt2uE4OcpQqbFu7f7NbTK05lx80nuSijCz7sc3a277R67g,& Fun,5,1,1.5.3,2012-09-05 14:31:05,,
lg:AOqpTOGXClpvy4oJKSNuOJ50DzFkvbZbDtUQYWyjPRRUPmFlLegV5OWgdO5ejphzw0aGUeCGLe87vcrNZj9Inw,A Google user,https://play-lh.googleusercontent.com/EGemoI2NTXmTsBVtJqk8jxF9rh8ApRWfsIMQSt2uE4OcpQqbFu7f7NbTK05lx80nuSijCz7sc3a277R67g,I'm new to this but I've been into house music from the early acid house days. Great for playing around with some acid sounds.,5,1,1.5.3,2012-09-02 13:51:52,,
lg:AOqpTOEWn7iV4MvdEL6zXsCcmJ12U7RjFvvWeHcDGwdh4Im4r13G-E-O3EgUsmwsjePYDxaWMyFUHgzx7V98Tw,A Google user,https://play-lh.googleusercontent.com/EGemoI2NTXmTsBVtJqk8jxF9rh8ApRWfsIMQSt2uE4OcpQqbFu7f7NbTK05lx80nuSijCz7sc3a277R67g,This app is excellent,4,0,,2012-07-19 12:12:14,,
lg:AOqpTOEI2huOypnMcjYDPA8TJy2yLDg4MIO55OW-uizF9mhQSZkBB_qcpT0o1NOvcXhoithvQCYPpuQgobrp4Q,A Google user,https://play-lh.googleusercontent.com/EGemoI2NTXmTsBVtJqk8jxF9rh8ApRWfsIMQSt2uE4OcpQqbFu7f7NbTK05lx80nuSijCz7sc3a277R67g,does what it says.. runs great !,5,0,1.5.2,2012-07-08 14:47:05,,
lg:AOqpTOEjuWG1fzBCnROU3e_oq1zB_CcEmmVcUag_mj2xgk9ycu9Lzywqn4Hhtl-qQ4tAxDpXiqEpaoHEgNB3HQ,A Google user,https://play-lh.googleusercontent.com/EGemoI2NTXmTsBVtJqk8jxF9rh8ApRWfsIMQSt2uE4OcpQqbFu7f7NbTK05lx80nuSijCz7sc3a277R67g,This app would've been awesome if you could link  to pc and input wav files into drum sounds...,3,0,,2012-05-15 19:20:39,,
lg:AOqpTOHmKeefCU1q_KbYOXTCVM6M3PwU42tWbC3vf5lO0LGmFjFHCc0NDdVaksHJWiFiwnI-2ZCtg1GZpe0phw,A Google user,https://play-lh.googleusercontent.com/EGemoI2NTXmTsBVtJqk8jxF9rh8ApRWfsIMQSt2uE4OcpQqbFu7f7NbTK05lx80nuSijCz7sc3a277R67g,"I love this app! I got so jealous with iOS users getting Figure, but then I found this! Runs awesome on my Razr Maxx.",5,1,1.5.2,2012-05-01 18:03:46,,
lg:AOqpTOEmb_BGuQnr1I9xQXXEBuKo-sNEfd7GjKoeZ4x8yAQ32Wgsxbq5rgMlR80XsbJdohlQwzOQwmIjef8UKg,A Google user,https://play-lh.googleusercontent.com/EGemoI2NTXmTsBVtJqk8jxF9rh8ApRWfsIMQSt2uE4OcpQqbFu7f7NbTK05lx80nuSijCz7sc3a277R67g,"Pretty cool. I love messing with it between classes, rocking across campus.",5,0,1.5.2,2012-04-30 23:19:12,,
lg:AOqpTOFkKEDfKV-QyJb39Afazg4n93BGq67tbTKc_SPq2hwBQdihASb4sdeetVDTHZH5gA5dw1eMhOX7ahjjbA,A Google user,https://play-lh.googleusercontent.com/EGemoI2NTXmTsBVtJqk8jxF9rh8ApRWfsIMQSt2uE4OcpQqbFu7f7NbTK05lx80nuSijCz7sc3a277R67g,"Gets better with every update. Quality sound and great fun. I'm making tunes that sound the same as the 12"" vinyl I used to buy in the early 90's! Very cool. Needs more though: a 3rd synth (and not just another bassline machine) and a song building mode. Caustic 2 is the best though.",4,3,1.5.2,2012-04-21 15:33:28,,
lg:AOqpTOHg-Vq6QqF1aYEy2LNVHE58GVIMrwJDkbQaBcePlBU5ObS4ubth-4Wsi1XcBEGISSSbyzPlWH9tbT5PpQ,A Google user,https://play-lh.googleusercontent.com/EGemoI2NTXmTsBVtJqk8jxF9rh8ApRWfsIMQSt2uE4OcpQqbFu7f7NbTK05lx80nuSijCz7sc3a277R67g,"Just a few things are missing like recording parameter changes, song mode where you record custom pattern changes (you can only cycle through all patterns today)  and a few more tweaker knobs for the drum machine and we'll be in heaven!  It already has a WAV output mode where you can go knb crazy so the authors are slowly getting around to getting this to a state of usability to rival what we have on the PC.",5,0,1.5.2,2012-04-21 08:48:05,,
lg:AOqpTOGPG3AyJY4VNm4r-jHZzaSE3-uCZwKeV46H2OjyCoZuj11yRPuz0WE9Dftr6AaeyrHV_Rxex6imS5NJUg,A Google user,https://play-lh.googleusercontent.com/EGemoI2NTXmTsBVtJqk8jxF9rh8ApRWfsIMQSt2uE4OcpQqbFu7f7NbTK05lx80nuSijCz7sc3a277R67g,My initial rating was bad. Since the upgrades it's gotten better. Keeps be busy and the drum kits are pretty cool. It'll be better to actually have the bass lines sound better. No matter how much I try it just sounds whack.,5,0,1.5.2,2012-04-18 20:16:57,,
lg:AOqpTOGDJxHjXWOQJL1MEwKj-s5n1e9Xj4FUBMINc7vCx3Fw2eASuKDwUXq9Q4TZzUipoKgm1Gp1z17ziXa7FQ,A Google user,https://play-lh.googleusercontent.com/EGemoI2NTXmTsBVtJqk8jxF9rh8ApRWfsIMQSt2uE4OcpQqbFu7f7NbTK05lx80nuSijCz7sc3a277R67g,Very useful.,4,0,1.5.2,2012-04-18 07:23:37,,
lg:AOqpTOHE-0ixlO_YC1lkhFFBgZ9FFlF1RMKsjpAWN7AfD1vAvtT4JVPxIEfH_XmCzSppIF8qOTG6nm4N-KYl4g,A Google user,https://play-lh.googleusercontent.com/EGemoI2NTXmTsBVtJqk8jxF9rh8ApRWfsIMQSt2uE4OcpQqbFu7f7NbTK05lx80nuSijCz7sc3a277R67g,Fantastic app in conjunction with my asus transformer tf101.  Knocks spots off all the other ones. The latest update has made it even better.  Keep up the good work.  !!!,5,1,1.5.0,2012-04-06 02:52:00,,
lg:AOqpTOEjJ_lVQKN9hkHUpxzyVK9I7p3CSsy_gGtETKQPCLFjfMkQh1Pwi0e1d3Jlt8sP7_lD8R03bHpMxjEUSA,A Google user,https://play-lh.googleusercontent.com/EGemoI2NTXmTsBVtJqk8jxF9rh8ApRWfsIMQSt2uE4OcpQqbFu7f7NbTK05lx80nuSijCz7sc3a277R67g,"Great app for music lovers. Always hasgood updates, i sugest this app over anyother music app in the Play Store. Great job keep up the good work.",5,0,1.5.0,2012-04-04 18:48:34,,
lg:AOqpTOEGW9fW5fF8SIvCvYGDjzZRG2BQbz7ZJlGbyGqv96Jb6h6IuW_vzWTY0tavRqRpKwFjrARNGbvBRDvULw,A Google user,https://play-lh.googleusercontent.com/EGemoI2NTXmTsBVtJqk8jxF9rh8ApRWfsIMQSt2uE4OcpQqbFu7f7NbTK05lx80nuSijCz7sc3a277R67g,Excellent app from an excellent developer! Great customer service!,5,0,1.4.0,2012-03-13 07:40:12,,
lg:AOqpTOHB_uJSJvToXcI4y4ncypwmdvIto2zHiYOXH1Nlkcicrr1zS6-SYB2IV1Tt4XEtKQbzfho9gB2ddOpMqA,A Google user,https://play-lh.googleusercontent.com/EGemoI2NTXmTsBVtJqk8jxF9rh8ApRWfsIMQSt2uE4OcpQqbFu7f7NbTK05lx80nuSijCz7sc3a277R67g,Could of pressed the refund button a little quicker because the audio engine is always tearing after a few minutes but the app in general is adequate. It's also missing a few options like adding samples to the drum machine ala Electrum (I guess to encourage you to buy SPC) and effects rack is a joke compared to what Beatmaker or even Rebirth on the iPhone had 2-3 yrs ago. P.S: You pretty much need to buy the SPC Drum app (Which is a better initial investment but also still lacking in certain avenues) for this app to find any value past a twenty minute distraction.,3,0,1.4.0,2012-02-15 11:16:19,,
lg:AOqpTOH7DPuCOZ_DGmKbV7dGru-7wYthN5t0ImEiKtOu0Vk8zQo2XGxdszyweKubadyHC8pj8OBCaOzZYFXXhw,A Google user,https://play-lh.googleusercontent.com/EGemoI2NTXmTsBVtJqk8jxF9rh8ApRWfsIMQSt2uE4OcpQqbFu7f7NbTK05lx80nuSijCz7sc3a277R67g,"It may not have the most features of the grooveboxes available on android, but this is probably the most intuitive, and definitely the easiest to play on the fly. Caustic and uloops feel more like compositions tools, RD3 feels more like an instrument, which is the most important feature in my book.",5,1,1.4.0,2012-02-07 21:22:46,,
lg:AOqpTOGNB3qOuK9CWroHpu_eDDW88TwinLNsIq1cxki2J5sGIsuphIGdj3RvFj46elMov4YTA_Tnyek8Bq_Dgw,A Google user,https://play-lh.googleusercontent.com/EGemoI2NTXmTsBVtJqk8jxF9rh8ApRWfsIMQSt2uE4OcpQqbFu7f7NbTK05lx80nuSijCz7sc3a277R67g,Great 303 emulation. I can't seem to find a save a function though.,4,0,1.4.0,2012-01-23 17:44:35,,
lg:AOqpTOFGUL3ZIjialwf5wVrudRcL9wNLYZ9O-na_Z-y8JbNO0Byktt6U8T5v_899CfDo1xUVfv2l4i0Sy4C2IQ,A Google user,https://play-lh.googleusercontent.com/EGemoI2NTXmTsBVtJqk8jxF9rh8ApRWfsIMQSt2uE4OcpQqbFu7f7NbTK05lx80nuSijCz7sc3a277R67g,Please fix delay of half a second. Almost 5 stars. Galaxy tablet,4,1,1.2.2,2011-05-05 17:03:39,,
lg:AOqpTOEY1xwQ2zHqaWhuNV3ET5N-TAhZbjyUErEmJGCHfEAcM9mzgaQgtI-I9FQSwcCYDsVRN-UKcuT_Rtidlw,A Google user,https://play-lh.googleusercontent.com/EGemoI2NTXmTsBVtJqk8jxF9rh8ApRWfsIMQSt2uE4OcpQqbFu7f7NbTK05lx80nuSijCz7sc3a277R67g,An excellent upgrade to an already excellent program.,5,0,1.2.2,2011-05-01 17:57:36,,
lg:AOqpTOEKZ-s-D8tNUQ0MHKapJsDTray6UPt0Stz915cJ658LYuvu1CCpuv24M8jbrjcWl8vJuhz1sgx9flK8Iw,A Google user,https://play-lh.googleusercontent.com/EGemoI2NTXmTsBVtJqk8jxF9rh8ApRWfsIMQSt2uE4OcpQqbFu7f7NbTK05lx80nuSijCz7sc3a277R67g,"Great on the move, more convenient and much cheaper than dragging my two x0xb0x's and fx around!",5,0,1.2.2,2011-04-27 13:21:05,,
lg:AOqpTOEqKUl6ycVWcN9AGeoWZJ_5Sdxt8PEWH0UlbJrh1lantXqNJoINIdK8h5j8Q-K-uBVBsz_OescVEXZkBg,A Google user,https://play-lh.googleusercontent.com/EGemoI2NTXmTsBVtJqk8jxF9rh8ApRWfsIMQSt2uE4OcpQqbFu7f7NbTK05lx80nuSijCz7sc3a277R67g,Incredible! Mikrosonic knocks it out of the park again. Buy know!,5,0,1.2.2,2011-04-24 21:58:38,,
