reviewId,userName,userImage,content,score,thumbsUpCount,reviewCreatedVersion,at,replyContent,repliedAt
gp:AOqpTOFjdz8RFJJRGxrACEPmYs_nJRJIGcr8a339vC9AI_JMq2J8LgvY1DHoztxkvoq5IcIYaPE5Hbwx2IVGYjk,abi 1234,https://play-lh.googleusercontent.com/a-/AOh14GhGVgk5A3OhhB1V1I9x92Q5BeeSQnlkgy7XIkX3lJM,"I love this game and the idea that you can connect with the other jumpy horse games ect but I dont like having games like this on my laptop and the recent updates wont allow it to be on my tablet anymore, if this could possibly be fixed would be great because I'd love to come back to the jumpy games",3,1,3.7,2021-02-03 17:10:25,,
gp:AOqpTOEG1WA3mZOjnCxjEYmy_WPkSTfPg20MTp4Pj4YzhGwoWa1YM-2xBwfgXyz7EqimInR0RG_WHX0MxPORMuI,Rebecca W,https://play-lh.googleusercontent.com/a-/AOh14Gj3n4JPGTItMK9V3p9EhUhMJ6ljI2N6QsACfqN7,Excuse me You excusing this Game is so laggy I hate I just hate ITIT's so so laggy and I can't stand it I III I just can't stand ITIT's it's too laggy it's it's it's it's it's 222222 lucky it's too laggy for me I said laggy not lucky stupid Okay guys I'd like to tell you that this game is not a good game literally I did nothing in the game I didn't it didn't give me any any nothing no instructions and And it's so laggy there's nothing to do we can only take pictyres!!!!!,1,0,3.7,2021-01-12 18:47:46,,
gp:AOqpTOGM-Brf6dkjZ3FOQ_F_mybqpZzLsp4GvRBjzy0gJCStiFrZs9xP7wnsE3VMxqsyrpWKEGsnH5uWouMzQD4,samantha,https://play-lh.googleusercontent.com/a-/AOh14Gg52LG7OgU7cBuK6wm21Oh6xI0e8D4aTKg91J5SqA,It's very laggy and it crashed twice in 10 minutes of playing but it saved so Its not that bad I guess. I wish there was a tutorial because its confusing. I also wish it wasn't so laggy I am playing on a samsung galaxy a21s it's still super laggy.. Its not worth the money it should be 1 dollar at the most I don't even know why its 4 dollars? Please add a tutorial and make it less laggy. Then maybe I will rate it 5 stars. The only thing good at the moment is the horses they are very life like.,3,4,3.7,2021-01-07 17:44:25,,
gp:AOqpTOGKuEkT13FT3_BkY4pMwnddyR5XAtnmrU6TbOt1IwjMh2XjAC7SJhSz5XFRb-Ue0tpvqUZGwLIPEYjK1SM,Dedee,https://play-lh.googleusercontent.com/-IqccAPaD8NA/AAAAAAAAAAI/AAAAAAAAAAA/AMZuucl8qsIYvxiFOuLjEM1nHPWj7HRXtw/photo.jpg,I love it but it doesn't let me see horses for sale and how much money I have but I still give it five stars,5,0,3.7,2020-12-19 09:43:58,,
gp:AOqpTOE_PQF922TnbJB5xbh9coqtZYn-g8S00RSNH7aW1wPdsZum_OgadJZk8xX9zikwYiO2azeW-tYX1YB1Cmg,Hazelfoxxy,https://play-lh.googleusercontent.com/a-/AOh14Gjq9ddjnjFSUW9QDfuLtdzH0dbOLTVqcyKWwfiBCw,Would lag or when horse was giving birth it would freeze up and not do anything for hours. Highly disappointed and recommend you don't waste your money on buying this game,1,5,,2020-12-08 09:47:21,,
gp:AOqpTOESTMGYim0GdHwrTi3x_EjP2Y0IMFlGyJpj-ukNBqKrSEEFXLBKtEEDSoBnw__c4dVDdNjLuBj2Anxt2Zw,Caitlyn Leebody,https://play-lh.googleusercontent.com/a-/AOh14GjUa3m254J5bxV4DJq64Gyf_o52YfWYR_ew98h0,Dose anyone know how to buy coins on this,5,0,3.7,2020-12-06 09:57:41,,
gp:AOqpTOFF3BJAI0vWPqRttGSuIHG-eGF8aYVCKqxiWfM10uoF9WfJ6pnSEB2FUL70HChwZS4cz3Pb26lqDcF8GRw,alana showjumping,https://play-lh.googleusercontent.com/a-/AOh14GhEW2S3kuYXZ8nlAHq1m9Xf3d7wBVOR6Kl9100_,Absolutely amazing 🥰,5,0,3.7,2020-12-04 14:41:40,,
gp:AOqpTOExYNeAZWspgDBZU-R2O6efgct74-vSpGwLHlmCDlaPpdoz8gf_C5BLgYDBRoXs1iis8llPa32X9c1elCI,Isabelle Van Kleeck,https://play-lh.googleusercontent.com/a-/AOh14GjiNy1esk3I70JaHyXHmn9sSB0kWKFo_LElzU7m1ZI,Constant crashing with Android 11 and freezing ui,4,2,3.7,2020-12-01 09:02:51,,
gp:AOqpTOFo0AEnJ6Dr7x5Im13ASzmsiHkgRdDksjmMh_Wrf24EGH5SZFDULRCptIBzqYI2SdxFTAQ2JJNpnzKmawA,"sky, cooper,mochi,and amber Fahy",https://play-lh.googleusercontent.com/-RWKq73ueWT8/AAAAAAAAAAI/AAAAAAAAAAA/AMZuuck2MAzZTuCJ0dKHZFYPM-mSBLtp5Q/photo.jpg,I love this game ots so relaxing,5,0,3.7,2020-11-25 07:03:35,,
gp:AOqpTOG74mwV1whh1o9AHjT72IbD7x2WBeyZ55bWfKfjIsDzborMCjXdjHpnkP7KGaKA_PoWtPv-1C7I9uwdi44,Donna Arrowsmith,https://play-lh.googleusercontent.com/a-/AOh14GjLchWVIzgwPaSd1sZcqFmwECl8uGbRZE-1X94A,Great game would give 5 stars if didn't kick me off it every couple of minutes,4,0,3.4,2020-11-01 07:56:45,,
gp:AOqpTOHP5Xm7RK_F4NqYCdNwCWa9aQNqvbjrv0BV2q6JJ4dIPhjBHYDrzMY8EOmT42W_j0f8okXgtofuexV6ug8,kelly lehman,https://play-lh.googleusercontent.com/-VDn7uEY3sUU/AAAAAAAAAAI/AAAAAAAAAAA/AMZuuckLkuOsL1geN79nxpSIIW3aBsmrvw/photo.jpg,It kicks me off after only as few mins please fix this,2,1,3.4,2020-10-02 05:43:01,,
gp:AOqpTOFpV4jK36Pf2bOGnZWP_D_H4YR_8BQNFdBK_W2tKvc1cwGxWPFcY4SPMbs3F2qraMCv19YaiWoWHWgoq7w,Loombanding With Me,https://play-lh.googleusercontent.com/a-/AOh14Ghv2-9d2kaJLJ6jB5uGBD1JwsfJNhVrcpB4zHwUfA,LAGGY ON COMPUTER AND MY MOBILE!!! Get a grip! Fix These Horrible Bugs On All Your Games Or Give Me A Friking Refund For All Three Jumpy Horse Games I Have Bought Off You NOW GET FIXING IT BECAUSE THE FREE TRIAL I HAD ON LAPTOP SAID 6 DAYS AND 23 HOURS AND I PLAYED FOR AND HOUR AND IT WON'T LET ME GO BACK ON OR EVEN BUY IT!!! NOW FIXXX ITTTTT,1,29,3.7,2020-09-06 09:06:13,,
gp:AOqpTOF9EnqITZ89z3Bb1ElRS3IGsIQT4BVg6wYLj4-GwzggkzcPKA6UUjNNqmVFlmgCE8RrcuiujDisG92pGWA,A Google user,https://play-lh.googleusercontent.com/EGemoI2NTXmTsBVtJqk8jxF9rh8ApRWfsIMQSt2uE4OcpQqbFu7f7NbTK05lx80nuSijCz7sc3a277R67g,Glad you can breed in the game again but it keeps shutting down every few minutes,2,12,3.7,2020-09-05 20:18:10,,
gp:AOqpTOFiKT59Vhtd58zNWL6ufF5zEsW-Rxde4YPBEj7hngvS8MdVvwHvvo3EKiiGek9EEILQ4z61iPa3TpsAAZE,Lindsey Wilder,https://play-lh.googleusercontent.com/a-/AOh14Gj4uCeJ6GnCLi46DyJVMCL16GuDyb7pxnZ1aIJAoQ,Wish u could make one similar like the horses I love this game it's amazing fun and beautiful game 🙂🤠 wish u guys could make like dog breeding or maybe cats too be so adorable 😍 if u could but anyway I love this game 💕😇,5,1,3.7,2020-08-25 01:05:05,,
gp:AOqpTOH3yFx84xFMssLmUZmWu_wIPl3Mnj6TQloqSMt7edGJWfmjqKDA4VyDBFX0miXLOWtjwUV6fDyqwpSTlBg,Spring Fields Stable!,https://play-lh.googleusercontent.com/a-/AOh14Gj1eYNPJaKp25vUhno9N4JX7LAjZ7cBeNqyFgvZIQ,I just love it xx,5,1,,2020-08-22 13:27:29,,
gp:AOqpTOES_ZxAk-DhcFK2Tdwbdb9YTvUdcamptrcysRdgswWxRvVNS2D6P2RkxSOR8Ipd-fUheRLWZ9Z9iudAiTY,sara day,https://play-lh.googleusercontent.com/a-/AOh14Gj-i18MJmWseR7xRz3gR_uivHA7PkbgLa1ho2Sx,I love this game but now all off a sudden my mares wont give birth i sat their holding the clock for a couple of hours and still stayed on 5 months and it kicks me out alot,3,0,,2020-07-28 18:45:17,,
gp:AOqpTOF_4DjxCfrigKa1rmtTCN39qHWRUPA0v6p509-A7Rmosgxh_HmzaBORvqnbsdTITpB_CkEZVKqGdb1GwgE,Lyndzee Rooker,https://play-lh.googleusercontent.com/-5TOpvPiiGek/AAAAAAAAAAI/AAAAAAAAAAA/AMZuucmBBHwvswKqe8nWSfWWMnoYSy9rsg/photo.jpg,"Great game, there are a little glitches and bugs but if you show it to the creator she/he will fix it..",4,3,3.7,2020-07-18 06:44:25,,
gp:AOqpTOEXA5rFLCH7NtYb38F1xrw2ggyGq41Sf62Cgv1oS6qg0H-2K1pVuSqpOrVigAF21Y6md7ZrxJN-giFW-Pg,Vicki Newell,https://play-lh.googleusercontent.com/-wDXV9R0W4ck/AAAAAAAAAAI/AAAAAAAAAAA/AMZuuclR0XWEJh6TRlItzSepnAi0mjYTJA/photo.jpg,It's nice I love it.,4,1,3.7,2020-07-17 12:25:15,,
gp:AOqpTOGB3JqcU751vD10G09RMOgIszfMPCo3Mar0rFLJXUXFFEZ2J5iWO6mSd0Qpew_KH0LqE1m2HUQKpIrC7hc,Silver Mare,https://play-lh.googleusercontent.com/a-/AOh14GhC52LBp4ejq6n9QWvxWKgWhZooGVMO-1iAbvlU,"This used to a good game but it's not very compatible with lighter devices if they do something to fix that I might comeback, until then it's far too infuriating being kicked ever 5 minutes",1,11,,2020-07-06 18:17:13,,
gp:AOqpTOFgZ2NGcgVCyfyTqDYm1ER5kYhjcG3J4HkbiR-1yMsPZT1YnM8wqbiy3TuAchhB_ed4sJZL2T8I_ezWa8o,wolfy Spielman,https://play-lh.googleusercontent.com/-EEsM8I-ZDUE/AAAAAAAAAAI/AAAAAAAAAAA/AMZuuck_pZFQ-xN9Bau7yyIxR5JWwABD3Q/photo.jpg,I love the game I love the horses but after 10 seconds kicks me out I can't get anything done I even tried uninstalling and reinstalling the game,3,4,3.7,2020-06-28 21:48:13,,
gp:AOqpTOHeUPD2yOYHXU_ZpIcTemkUE_hXRwbh9ZWdWNP2Uu0k8tWzHCMS-w-rEo919vHrz_MQEZbG_2CxWG9JHCk,melanie costin,https://play-lh.googleusercontent.com/-gD5zdJND9lc/AAAAAAAAAAI/AAAAAAAAAAA/AMZuucn75JDthWtJkwf3FflIewCwHB2SIw/photo.jpg,"Game needs work. It kept crashing and there is no tutorial. I mean, what do I do in your game and how. All I could seem to do was take pictures, give treats and move my horse between stable and paddock",2,14,,2020-06-28 21:06:52,,
gp:AOqpTOEVaP1yHEw02KDrulyM-Y93HVOKWkKQLX0bWPqhkgdVdK0OmH9npRLShWeDzyJUQ1HZDxUya1RGB6ztZx4,Isavion Taplin,https://play-lh.googleusercontent.com/-_4EJkpvK4n4/AAAAAAAAAAI/AAAAAAAAAAA/AMZuuclNAJZF7KTtRJZXXBEJyI9V0VL9gA/photo.jpg,I love this game I want better horses,5,0,3.7,2020-06-20 13:47:54,,
gp:AOqpTOFbzM8QwoSGcg--_HjvRFdXjdhJeHsu2MtlFyEVQC6OhP2aliTuqb9Ndp_zXKaNNIS8ySvCFma0OaAPCf4,Elna Eygelaar Eygelaar,https://play-lh.googleusercontent.com/-YcTqd2HrylU/AAAAAAAAAAI/AAAAAAAAAAA/AMZuuclLnDofS0E8ljU1uO4rANf5adPteg/photo.jpg,Great game !!,5,2,3.6,2020-06-18 04:16:05,,
gp:AOqpTOGzJdFa-fe1Oi4p14CscIqtn4Y-AxVHNUHuAQ3raOx1Efm14D5AFA2LZ-LQ8U9wRPAnrKZSQJ8uBcn0W2A,Cloudy Luna,https://play-lh.googleusercontent.com/a-/AOh14Gh2J1qWkCN53t9nMeUbiSYMYYnW_ksxvQUplHQWtA,AMAZINGGGGGGGGGGGGGGGGGG,5,1,3.7,2020-06-17 10:08:45,,
gp:AOqpTOHXD0SesMQpCqdN7f9fu4CcgxHdGhzQmGerK1kSGCbNeDYHWmLJ7orB6qwV5GsO3rg-vS9Kb7Z6o1J-pFE,MegaNatasha13,https://play-lh.googleusercontent.com/-FO1M9zoS-Ic/AAAAAAAAAAI/AAAAAAAAAAA/AMZuuck6T7hXAS_ZffiYYoG00reqeiQWmQ/photo.jpg,"I've been playing this game for a while now, and it's been great, but recently it's crashing constantly, please fix it ASAP",2,2,3.4,2020-05-24 19:08:44,,
gp:AOqpTOFSoBbBCM0173T6pdxe73PSEgXuooM6gL6AqKuxXiS7ZECLnUW96VL95Zd9kXhvDM2WMjrcF48VmqWX0Uk,Olivia Rasmussen,https://play-lh.googleusercontent.com/-Wl1FDKiW7JU/AAAAAAAAAAI/AAAAAAAAAAA/AMZuucnIsvb-Ky1jMoBnf7fDLDSLbRWwfw/photo.jpg,Wish there was breeding details,5,0,3.7,2020-05-23 21:07:59,,
gp:AOqpTOFhX5Jo00Z2BdMm0ZRQhvhSj2Fh2L_HXbZkFSwcrvct0ECy1uwYJEoJnHypTofixTKhE983BUtpx4cjAUA,HorseExpression,https://play-lh.googleusercontent.com/-0lXKuaeqtyI/AAAAAAAAAAI/AAAAAAAAAAA/AMZuucmH2TaIBojVSoAO-y00rUqOIzWdRw/photo.jpg,"Whatever happened in this new update, makes this game crash within two minutes on a Samsung Galaxy S9 running on the highest operating system. Lost all my newest horses/customs due to inability to back up because it would crash before that. Hearing strange glitchy noises and my phone has named all three JH games as crashing from one to 147 times and lists as a possible catalyst to malware. I have had these games for years and loved, please fix. Both SJ and Breeding crash, Racing no longer works",1,11,3.4,2020-05-17 21:20:07,,
gp:AOqpTOEf4BbaNQ9hVNFil-AsKKXdCY9MbPwFL5P-gV1XZh0QTi7QweRemIZTQ8S9lTJPGLKRgckHlMKpCFzEjag,Patty Thompson,https://play-lh.googleusercontent.com/-GtfulvF0G-g/AAAAAAAAAAI/AAAAAAAAAAA/AMZuucl8PVmKYraVshUrJhH-HR6zNv9BTA/photo.jpg,Nice game,5,1,,2020-05-17 01:55:57,,
gp:AOqpTOFPIKB0_CkKjNGIGs-RMOLbAq6_irgG5OhElNtzIcp4wq8Rs0VU5XlPoDL-sDENXFPxt-okjf2UXb0lMMU,Cassie Ackley,https://play-lh.googleusercontent.com/a-/AOh14GjnFkWNjSTaExmC19nJICrNbhr3yk4z_iurCXHGTg,"I love the game, it's awesome. However it seems to have to lagging issues and kicks me off quite frequently. :( also the time machine doesn't work correctly (maybe do to the lagging ) But the game is awesome, the little genetics that combine between parents gives you some unique horses. :) It's been 5 years sense I made this review and I downloaded this game on my computer today... Still lagging like crazy.... Fix the game!!",1,4,2.5,2020-04-29 17:28:30,,
gp:AOqpTOGdcCJcT-0UMYDxn-oygLhnd5GIpwLpK59mqTkY53rg8aFhLWG-6YKoczM0TQTLtlruuguwBcJp9qLsHhs,Sophia Reilly,https://play-lh.googleusercontent.com/a-/AOh14GhUX_9EfWo5Gx0Epi5G7gX10_IEPVWdRMmSQlpX,I love this game but I could only give it 3 stars because after 5 muinites of playing it kicks me out and it's hard to actually get anything done. As I said the game is amazing but I would love if you were willing to fix the problem. I would happily recommend this game as it is probably one of the best horse games out there but please try to fix the problem. Thank you.,3,27,3.7,2020-04-29 12:48:57,,
gp:AOqpTOHBHc2kS7uat64osapB9ovP0-Z3ZZFErMXfeiX0nKJ5ifEQi3DWuU6V0z_i6isM7L9vLuV7qL43cQAJGkU,Jessica Karpinski,https://play-lh.googleusercontent.com/-ALH0PacJNOU/AAAAAAAAAAI/AAAAAAAAAAA/AMZuucktJEC_JBc8w8NvNkwuOuf9_u_7Sg/photo.jpg,"Horrible, I paid for it, tried to play it and kept getting kicked, deleted it and got my money back, total let down.",1,4,,2020-04-27 09:13:31,,
gp:AOqpTOHVkdsE9mGtmbSWO8OAOgVoiL0yuV8fTCLzPE_Vc3z-VLWgcDCaoAqT880gwEKnercmNu4Mq02MkyDXQjw,Lexis Lack,https://play-lh.googleusercontent.com/a-/AOh14GjX5M-butk-DC9PPKgWgQuJfOE-gi5wxEmzwIosYw,It is like real horse breeding the donkey breeding is my favorite,5,2,3.7,2020-04-24 07:25:07,,
gp:AOqpTOHJCoI-9mqd9lMYDdx1FLYe5h9SFENHo2zxWH4JaNjUe82WFOaKrOwsFUPeWNPp43C4SZs5SUU8Yoebk-o,Alexis Gooding,https://play-lh.googleusercontent.com/-B5ChDyLyuTA/AAAAAAAAAAI/AAAAAAAAAAA/AMZuucmek55Wn6dUd8QIGOdP0W8acFvClw/photo.jpg,I love this game well I did but now not so much anymore because my game is stuck on one screen,3,1,3.7,2020-04-22 13:12:18,,
gp:AOqpTOFHKuKvl8Ix13SVZ8dJDCw5FfjLDuChqSGvacjyna8QFM6dSii6oE8eZTcQX7ZCDHziI1l2flKnhYJxGqc,chad arnold,https://play-lh.googleusercontent.com/-lLzfq5tqsOc/AAAAAAAAAAI/AAAAAAAAAAA/AMZuuclknUlQ8nE20JtEiXxFCE3jWzSSzw/photo.jpg,For some reason when I try and put my horses from this app onto jumpy racing it doesn't work it just shows me the horse I want to add and does nothing.,3,2,,2020-04-12 14:20:26,,
gp:AOqpTOEc6DdV59qlSmQrT4qj1OYsDj72TCl0O4Tqa67PThIKU1mBs3wfr5u8xCTLbjK-3labBNZUAMHhDa0sLH4,Jocelyn Anderson,https://play-lh.googleusercontent.com/-tZQMizPZxA4/AAAAAAAAAAI/AAAAAAAAAAA/AMZuuclMbRdSYFFQmERVY46srXxcv-3s0A/photo.jpg,"Love the game, but it can be very glitchy and crash. The developers can be a bit rude when trying to let them know about things in game.",2,9,2.5,2020-02-16 09:13:15,,
gp:AOqpTOGUR3mFJoMooLm4toz74wXhJv-YkTaA2b2xyo87WiCBmAtPrTYnz8kSzttxIrRPgBSPSuB0W8TmlfuDcxM,Molly Keighran,https://play-lh.googleusercontent.com/-O-jeAV3LwJw/AAAAAAAAAAI/AAAAAAAAAAA/AMZuuclj0rUzVmpS8aE0CmhZLxx0E-qIgg/photo.jpg,I personally love this app and the original but I'm having difficulty linking the 2 accounts so I can transfer my horses to the other game. I have tried reinstalling and it won't let me change the account information,4,7,,2020-02-14 16:56:19,,
gp:AOqpTOHf30y9Idhho6xXNmAMzVoHDACBTiFsrHwrgivefowPdefnZz_IeD9c2c12je3DPk89aRN03yY7GdaeG5U,Marjorie Taylor,https://play-lh.googleusercontent.com/-XvGnW5i-Ok4/AAAAAAAAAAI/AAAAAAAAAAA/AMZuucnLGTFJrOtl4UB7j4syyyjx2pnRwQ/photo.jpg,I love it,5,1,,2020-02-14 12:50:18,,
gp:AOqpTOFmlm67DLKMzkyNSfCS_TRJxzu7MStsm_DkTSwOzAAv9fD3YYWHAb_qmNmn7z30kZ10W3rvqQhy6uX5qVo,Cassandra Sandaker,https://play-lh.googleusercontent.com/a-/AOh14GhPujwQvTQ9him3TH8ZBUOtKR1IDvYHq5rg2QmWlw,I really do love this game and have made some wonderful friends over the years but here lately it's started to to kick me out of the game every couple minutes and it makes it really hard to customize and or chat with friends when I have to restart the game every three or four minutes I hope this can be fixed and thank you for making such a wonderful game,4,34,3.4,2020-01-24 11:49:07,,
gp:AOqpTOHUf98EcvfdgLcDYtnzdFjKLzRn6DdW-8HxFa9vpeww1DtlnAU9ElyMjSYdD8OcE8Sk9G2-c6s3mrrStpM,Child Care Connections,https://play-lh.googleusercontent.com/a-/AOh14GgQnzlIpuXd3tDk4QAyWcAm-9pUyc7za8H4AJK-TA,The game was really laggy,4,1,,2019-12-25 12:28:38,,
gp:AOqpTOEX6t6XExj6Fi0lF9ZfMVTtJlhEyryeyhdZfIx73Q9GntIh2d8yE22tQfdyo_fSXEWhqQBw4IR8wp5LTVM,xXKiraXx xx,https://play-lh.googleusercontent.com/a-/AOh14Gg0MEmjtbMiRvl9dhIRLf9YQrvb76jUMKzd7NrhOw,This Game is Amazing Love it🥰 Hope the Game can Get Better and better i hope😀,5,0,3.4,2019-12-24 15:52:05,,
gp:AOqpTOFbKOO_Q-vn_Pw9sAnAXFoLl-cfh_nQEQwMi_LOzN-bmt8ElGZHwM2qUJOlkGV0nQVbhLv25EFzTb5mt5w,River ByRiver,https://play-lh.googleusercontent.com/-wE9lGdegK88/AAAAAAAAAAI/AAAAAAAAAAA/AMZuucmn1v6ym4qT9lIQheJoiEtF8NH4Bg/photo.jpg,"The game is good, but the graphics could be better. But i DO love my shetlands 😃",4,6,3.7,2019-11-21 07:44:39,,
gp:AOqpTOE5i7PlaSt17Q6qj0iVi6HmVquzSb8p9sGAAdnamm-18W3XAO5SEEd9TooB74Es8cgUkc_JXacq5kZ449M,Madeline Thomas,https://play-lh.googleusercontent.com/a-/AOh14GimxYdO2HTxmF3osLN7y1sElNBIykhcTDjcfAao,O. M. G. I love this game so much!! The only thing I would want added to this game is customization of the barn. Like painting or using photos like for the horses. I wouldn't mind having to save up for it either ^_^,5,8,,2019-11-15 13:59:30,,
gp:AOqpTOH2cLMrnqMiwI432a7vkl-Rx53M4Z2phj97PErGfV-3qaGLgoiCTmATWFT1uGmve5t-4YvTLIWClWZcfzc,Pebblez,https://play-lh.googleusercontent.com/a-/AOh14Giyzmm_EwOtUBLYaVZDzO1V3CboGpdN63XLP67J1A,"Its a great game with so much potential,but i feel like it was abandoned with the lack of improvement updates. So much of it is just annoying bugs",3,4,3.7,2019-11-03 13:48:10,,
gp:AOqpTOEspxXwSQciktXFpTGWNW73qN7SJXXkRV3LU7WGxblUyW0MzJyEHLSNx1zevZsFt5KeykMahBv182QagHw,Jamie Hall,https://play-lh.googleusercontent.com/-45-fGeHgh4o/AAAAAAAAAAI/AAAAAAAAAAA/AMZuucl-DeEe-1eaV_b-AMHUQ2xRtE3G_Q/photo.jpg,Awesome,5,1,3.7,2019-09-28 14:14:43,,
gp:AOqpTOGshmQIHvpxOLSrfOkTjfkvIu1kHOJM4CM6pX8sqmTd7zyBQQWlGo6WTMmYR1KOPIWGIvbXIHUvXmxSAcI,Carol's Heart,https://play-lh.googleusercontent.com/a-/AOh14Gj_EW9XcU3BWWYxN9lWmthsLfP7t4dqLuvGaHs9pg,The new update makes me want to play the game more except there is one bug once i get started and play for at least 3 days my horses pregnancy goes to month 1 and never gives birth so i have to keep deleting it and redownloading it pls fix it pls other than that i love the new update,5,8,3.7,2019-09-15 12:30:19,,
gp:AOqpTOHRhkLqfO49ZH9boiRiRdBFZ8HNEuzavuABiny_hXxBU0MO-XrQ4T7Ch8sEfLgS3pQDZpG9tA9CqNDyH60,Samantha the gamer,https://play-lh.googleusercontent.com/a-/AOh14GjvbShWXAIoS52AsRySjCf_RXIhKWaobnBZ0OZkLw,good game,5,1,3.7,2019-08-09 19:49:27,,
gp:AOqpTOHCv0AmQAAtydhkdrkrYmwgi8Gt18DHsDd7aGkMNywASokNQ7SZyg4d0VDGy0007lQ1Zh-wm5JpMJOGCxo,Spike The Pony,https://play-lh.googleusercontent.com/a-/AOh14GiLUvctsAxB8mqGT6oS6sYIaAmVqc1yekP-DLGE,it's an amazing game I love it!,5,2,3.4,2019-08-09 13:31:17,,
gp:AOqpTOG8VASJvSupHNsGbhNCyJxaFUm8wNZv1IHaYgmYOeynOohjK8qJXTCVfRB51zYlfLrBQg0rWXzbynKGnrg,Melissa Johnson,https://play-lh.googleusercontent.com/-QityxnFv-F8/AAAAAAAAAAI/AAAAAAAAAAA/AMZuuclXhM4Ny5eeh1sA4Ol9BZrC9mkZsA/photo.jpg,I love the game,5,2,3.4,2019-08-07 23:23:49,,
gp:AOqpTOGDjL2o9l54pc2qxA0sfBd8PeejTnJ6CABLHlTJCafjwXBMX_aFZpe-Eoxyrsj_dfFhB0wU27dwokmydP4,S.H.V channel,https://play-lh.googleusercontent.com/a-/AOh14GjMJdXt9n0IhOE8_aL9aik-p6HVQ9iDHNubLCzUKw,IDK why but I just realized I can't breed horses no more... could you please fix that thank you ❤❤❤❤,5,2,3.7,2019-07-23 20:54:46,,
gp:AOqpTOH5ZI13LUTsajJMkufIovmT7MpWx63RMrC10bgaRzxePy1NUtri9I766wzJfYCK7VNq-Vw0q9mQG--elvQ,Lillian Morrison,https://play-lh.googleusercontent.com/-UtClh90d8yI/AAAAAAAAAAI/AAAAAAAAAAA/AMZuuclZAlbTFN7gSojCyuGIZWCKWxLLZw/photo.jpg,fun,5,2,3.4,2019-07-20 16:40:07,,
gp:AOqpTOGjpeN80zmX0hs-PjdLJvrl9lKRu-m0PppdbAWucOVibe80o413PfaBxv-fH2-IdC0W15LT9hAKi1OdeMs,Davey Ernster,https://play-lh.googleusercontent.com/-pyUQG0Gy1vY/AAAAAAAAAAI/AAAAAAAAAAA/AMZuucmx9sMsvT9q6MWXiUBR55HN8InUCQ/photo.jpg,You are the best game ever,5,4,3.4,2019-07-08 17:05:39,,
gp:AOqpTOGgzJo--00noGwJlvx8dwL8eQQ7CInv6nU7POixq8pDmG1ALhEI1JgTkqEIpf_el-HWNO_kNglrR30hduo,Emily Wolf,https://play-lh.googleusercontent.com/a-/AOh14GgfuzsYnAj9crSsMI_8jrI4PSh_IAgVy2bY4_vf8Ho,"I've been trying to make an account so i can connect the games, and it says it sends me an email but i have not gotten a single one.",1,20,3.6,2019-06-12 11:02:31,,
gp:AOqpTOFjgo-xqDSKeGc5LMZyuW52QcD_bslyMPjB2xGYlN8giJVzPkB41jlZXQhgqejnHrIPHNOz-sk6hnATAAk,victoria robinson,https://play-lh.googleusercontent.com/a-/AOh14GgHv0e1y5_ajqBJDVJahIPB8Px9KmRJRMOxfMtj6Q,terrible app...played it 5 seconds and it locked up could not get it to move on even when I restarted my phone. I'm on an S10 plus so it's not my phone. fix the app it would be great game.,1,2,,2019-05-01 16:35:27,,
gp:AOqpTOHbBqcmQNPJy01D31BW07pE_lIZVFPgA_5fI21-W34-u4jXka76oV1bVdJcEEED_M1UR4QrSgb9O3H8WzA,Kayla-Dawn Pearston,https://play-lh.googleusercontent.com/a-/AOh14GhJcnbp5WXkAtY5VSMgRf2yhpwVodvVDy8zb6NYWg,I cant breed any of my horses and all the horses I bred or have bought in the game i lost them all,1,0,3.4,2019-04-27 22:47:13,,
gp:AOqpTOHprqtxS7wVOqruEePg6oW4Z8ZTsXlWWBmSPwRjGeNdkXv5kPituMiaOeV_zIgrIR8kQ1nBVaP_zy97uTM,Gemma Finnerty,https://play-lh.googleusercontent.com/-gpLdXteGeJ0/AAAAAAAAAAI/AAAAAAAAAAA/AMZuucnDTjTgMl4TIAehgWh7FJBKRRug7A/photo.jpg,"I am not happy with this, its become unresponsive and glitchy and i cant breed any horses.",1,12,3.6,2019-04-05 11:52:48,,
gp:AOqpTOFcUuq7f-TCwVvwBpmRU7OLFCW6F1C2y6ESjDWd-9o9-ygXgEaQZtiZHCyrnotaM-uAeW9-MZy6ZktywRQ,A skinny,https://play-lh.googleusercontent.com/a-/AOh14Gh7Iqb5rwPzWWir8WQPRBZAwx0_JoJnUmQ8ZKFhkvM,"This game is a waste of time and money. I can get over some bad graphics, but the fact that the game doesnt even work as advertised and is a nightmare to navigate is a total turn off. Dont waste your money on this, its a rip off and does not work whatsoever and the developers refuse to fix it.",1,20,3.4,2019-03-20 20:35:23,,
gp:AOqpTOGblAuHX8ZTs99ddCfeke-OayiRO9Wynjh28oJCu-yRLV5PBJgIagyjriPtO8GF2D-uXp__FEj2jEekMlM,Jessica Green,https://play-lh.googleusercontent.com/a-/AOh14Gi79s6Oh7rGg52wW01qtZ-pPvR9HhWa6rxzSxgtDg,amazing,5,1,3.4,2019-03-10 11:52:00,,
gp:AOqpTOGXp8CYkK1oOZZSeOV9Pn8VmFNxFuOSw790ryec5YsfA1Zz7Wi6_gLd8P1jyipLfXVPt_VCtEogl80j1F8,Jocelynn Schoenlein,https://play-lh.googleusercontent.com/a-/AOh14Gj1Z3C3RLHqmRTAoZcL7IdLGsZJeI1USmsk6ipOjA,I love this game! Only a couple of problems though... 1) I can only breed a certain amount of horses (3) before I cant breed any more. 2) It gets on my nerves how the horses jump the fences and escape. Please fix this 3) Why are the horses always transported to Mountian Paddock? I think if we got to choose where to put the horses it would be cool. Please reply! Thanks!,4,27,3.4,2019-02-18 05:02:38,,
gp:AOqpTOEzXJ36-cKQu2iJmtALU1u46kiUOLIUh9sQ1nbbl8c8jxR6eIAwTvQlNUs59LxnooHEwYhbcnK8-HkJgPk,Francine Cabiles,https://play-lh.googleusercontent.com/a-/AOh14Ghsplnwmi7gKHka6VVq625E5gQ82ZUgfex3M7zUzw,Oh ma gaw :D,5,2,3.4,2019-02-13 14:22:24,,
gp:AOqpTOGnapJ8wctQx6MpqMn5BYDIkKiBjCeWskM2rojh3dvFiLCamN7Qdam0iyB3pWCSQRhBfi-5wRhZa3KYbtI,Alexcy Geisler,https://play-lh.googleusercontent.com/-jht3xAUhjf8/AAAAAAAAAAI/AAAAAAAAAAA/AMZuuckpM3ZItCFTrhm6VOgayZ88Hmk1Wg/photo.jpg,the horses r very beautiful and the game is amazing,5,4,,2019-02-12 10:52:02,,
gp:AOqpTOHdDIx4w3sFjrhW7LRjpWxlty3HtEPrsrxRdCEVsl6hczzSi2a7apXHjniWISjJCTKeWucvjRmQFdsAz1k,Tyler Frost,https://play-lh.googleusercontent.com/a-/AOh14GgmclB1EfmBbRslsZOd7yLNnZbbn-dpMf_cbjfSgA,fail to load,1,0,,2019-02-08 18:14:27,,
gp:AOqpTOGde2FYvWPB8DSvXOG4wEAOfz5nmgZxo-u1vPkYpYcESUdtK7a4BbS9xPW5WEVcOKsjzL31AxUdjJtynno,ITzNeXGaming Roblox,https://play-lh.googleusercontent.com/a-/AOh14Gino6n34xOtMKCqWLcw4C4LHpI0BRoFwWUWbrGAmQ,a stupid girl suspended me from the game just because i kept asking her foe my horse back because she stoll my horse,5,1,3.4,2019-02-02 16:39:40,,
gp:AOqpTOFG1NVvQdkav4E3XwPvJChiPGTUgcoW7hs4sIkXTUJ41pT1wiio8BIcCRWOHWgo35_jjV60YKtx_jTUtus,A Google user,https://play-lh.googleusercontent.com/EGemoI2NTXmTsBVtJqk8jxF9rh8ApRWfsIMQSt2uE4OcpQqbFu7f7NbTK05lx80nuSijCz7sc3a277R67g,this is the cutest horse game,5,3,,2019-01-09 22:51:00,,
gp:AOqpTOHRlluzUskqXN0fBa0RMGLkcVYV3fTEr6My-hxpVc7jFOufKnD2JN-gWaMelekGweG7uh9cZIpc3L6kdqU,A Google user,https://play-lh.googleusercontent.com/EGemoI2NTXmTsBVtJqk8jxF9rh8ApRWfsIMQSt2uE4OcpQqbFu7f7NbTK05lx80nuSijCz7sc3a277R67g,Enjoyable!,5,1,,2019-01-06 10:30:21,,
gp:AOqpTOHaacmIQH0wYYyT0Ljp2efil97_Y0Cw-BeXWir3BGN6fu1q4I2OiwzIOHxaOxQh-hnxsDu2oKr3ArBVJTo,A Google user,https://play-lh.googleusercontent.com/EGemoI2NTXmTsBVtJqk8jxF9rh8ApRWfsIMQSt2uE4OcpQqbFu7f7NbTK05lx80nuSijCz7sc3a277R67g,you should make it so u can see the male breed the female,5,5,3.4,2018-12-31 13:10:03,,
gp:AOqpTOHeLXfuI4J1e0orfMplyIdqpxqngHQamuEZcrYqM4ZJQx9WYGW8aGiQRZygKPqQK3pBOs18HCsGtfreZjg,Lianna Burgener,https://play-lh.googleusercontent.com/a-/AOh14GhVS6sSpLKQDZciSUCXh-VQ0Epx5aEZjJEY7hoxBTg,I got this game today and it's really fun. I love the graphics! The only bad thing is that it closes out of the game a lot. In the past hour it probably closed out 3 times. Fix this and I will rate five stars.,4,5,1.8,2018-12-20 16:17:28,,
gp:AOqpTOGfPoYVWeEHVl0xvpEdjXP4sFa29EbDOgkmq6A1F-TsPmCs4mmlWkY-FNwCKzebme9gMm2r1_sicI80JaM,A Google user,https://play-lh.googleusercontent.com/EGemoI2NTXmTsBVtJqk8jxF9rh8ApRWfsIMQSt2uE4OcpQqbFu7f7NbTK05lx80nuSijCz7sc3a277R67g,Its a bit Skippy but so far i love this game.😍i do wish it would be easier to sell and buy horses and train them i mean i have been trying to find the place to train my horse for a week now but so far i still love this game.,5,31,,2018-11-25 10:35:46,,
gp:AOqpTOHaH3zzeVYt9nC9LIN9_-VV_TMquYTnMGXZ3i1vQ1ZgNhMKuguTBTwzg2SJlWSUPJYabsEkqWJHIczo9T0,Cora Spencer,https://play-lh.googleusercontent.com/a-/AOh14GhF_X2J_j8kyMNoZ2yKnsSTmT08MoVZvPOv1ah8Kg,SOOOOO AWESOME,5,1,,2018-11-24 10:18:30,,
gp:AOqpTOHo8QKrUiVf9tCQP_yYV0JCA2tTtG8PQJRdTv2oyE8OBHUoCQVvWI0gHHyHLUNh8wwuOwCXvOCjrNvI6tY,Sara Waid,https://play-lh.googleusercontent.com/-KJBPl6Hlkg8/AAAAAAAAAAI/AAAAAAAAADY/AMZuucn6l61TqFq4ULlYi1JxLtu9TL0yHQ/photo.jpg,So i buy the game but cant install it....great.. amazing game you have there....,1,3,3.4,2018-11-06 09:22:37,,
gp:AOqpTOF8FS5MDrusZrYM_0Nu2NF0lfTNBz3hbaFuDAxBS26YL4h6zU426YO2o4uC2H9OwbFraGrJRRNvymBl2Gs,warriors 4life,https://play-lh.googleusercontent.com/a-/AOh14GjpthmryzVR4NVGZUJNSVBHQYIgnJiWHNKXwzh5PQ,Its awesome i guess,5,0,,2018-11-01 07:20:08,,
gp:AOqpTOESgArsR4LlZGQFvjSyeh9Sv-ouqee-sBSfWDeX7YN9JyHS0FXhEtpAWNcIb1S5-bFW5pA0jcmRzSejj4s,Hannah_Kay,https://play-lh.googleusercontent.com/a-/AOh14Ghk5UmWxQfK3bVvcPx53PUy-WrZgkXuTyIgqDcEiQ,"YOU NEED TO FIX THE PRIVATE SHOWS! The""private"" shows are accessible to EVERYONE in the game! The least you could do is fix them so no more horses get stolen! You could also allow players to make a list or mark people and make them not allowed to purchase another horse from you. Thank you!",5,8,3.4,2018-10-19 16:53:47,,
gp:AOqpTOEIWF8KZ34BOLxZHF8W2bXIDHtVLlZYOZM79GcRn-erlthg0Sf1INhn7qouPk9UDQhj0Ea6qp_Yw2xqB0c,Hailee Steadman,https://play-lh.googleusercontent.com/-BhFuI-9KBxc/AAAAAAAAAAI/AAAAAAAAAAA/AMZuucmjQNExcVe4QY86lVulOfbSM-AdMA/photo.jpg,I love it,5,1,3.4,2018-10-14 17:52:43,,
gp:AOqpTOGT_ug50Fe43dpGMDYdc54WlJOUt-TEx9O8wgvYs22lijIYa_EGm8aBzxQEv2DlHqklbAWXb-A3cNbtrsg,DESIRAE FAITH BOLLINGER NEWTON LEDFORD,https://play-lh.googleusercontent.com/a-/AOh14Gj3sEcmRguauoX7GO33DprqTxwwx2-oceilQOmAoA,Describen,5,5,1.9,2018-10-06 23:11:45,,
gp:AOqpTOHZAQt4sYjE1HLY63EP93M_zuVhn8XIxR5tMJdaoIk2dsp4wjZPPx1Dq2bCnkj8Iv8EAY7p7OfgXtt9Na8,Jasmine Smith,https://play-lh.googleusercontent.com/a-/AOh14Ghf4yRyI21WcVNHMZpz__Z-RoMCiRJbqBeGUhNNnQ,Plz mack is easier to custom horses,5,0,3.4,2018-09-25 18:47:49,,
gp:AOqpTOGJO6R7QKjio1LIrKchM9fjcTHVW5-RWIMQuk1MsHXgx-XFs1-CVNZF9_Cl0RK-J02-4RuuRYGUTiBqDt8,Lucy Hunnable,https://play-lh.googleusercontent.com/a-/AOh14GiBtKqEURiqMpM6uyIZQjIMmATBCih1JV-_bih8lw,I love the game but I think they should add more horse breeds such as forjd and unicorns,5,1,3.4,2018-09-04 12:12:33,,
gp:AOqpTOFiy2813zDukBkchv2ZDvwJMSVu-GyGXEKZe9u0hf7o1Fd0ULj8kgRBgiysaTBkye9P5U_QZp1x0MWpB7I,Jaelyn topp,https://play-lh.googleusercontent.com/-KX5k8Q3zh_8/AAAAAAAAAAI/AAAAAAAAAAA/AMZuucm2A9b8SVjHuH_h395INvqPPzCw1g/photo.jpg,It did not let me down lowd it so yae,1,0,3.4,2018-08-26 09:10:36,,
gp:AOqpTOFnRWCS5ld8nZfgIHVy4v7B9I-pJenUEmtbB5hXWJCwIC-YRbdQgfFg8-24MLekgGjImj1W7S65ehjF9KM,Mariah Waddle,https://play-lh.googleusercontent.com/-jnxAGikZlCs/AAAAAAAAAAI/AAAAAAAAAAA/AMZuucmv3rt9CBLHLFXgu4IN7eQAepjzKQ/photo.jpg,"This game has potential but you refused to update it. It has been trash for 
over a year now and you haven't made any improvements. Is there anyway I 
can just get a refund? I've been trying to play this for several years now",1,13,3.4,2018-08-18 08:32:33,,
gp:AOqpTOEBQWwPlsSONjRCa8FYm_0enekX0qfObw4ZLLgVRntDSB1SuFyPhsAb6Pv7zz_spzwgrJLfFswETMigpQo,Robin Kemp,https://play-lh.googleusercontent.com/--lXrdjY4-9Y/AAAAAAAAAAI/AAAAAAAAAAA/AMZuuckv363VGTdn5zG3vMR__yAUF07QVA/photo.jpg,"It's amazing you should definitely download it I play when I'm bored but 
now its reset I don't know if I have my horses still",5,0,3.4,2018-08-16 02:38:40,,
gp:AOqpTOE1p_x8N5M68TsXm4RNU6UzspzwAsHh3Tjda6Yr8biLlWcLXjNfSNWNvQ_jBpGUERCozMGqZDAZ_pqwbs4,A Google user,https://play-lh.googleusercontent.com/EGemoI2NTXmTsBVtJqk8jxF9rh8ApRWfsIMQSt2uE4OcpQqbFu7f7NbTK05lx80nuSijCz7sc3a277R67g,"Love the game can u just add more updates and make it to where the mare 
will clean the foal after she has it and she lays down during the birth 
also can u add more breeds and more breeding paddocks and make it so that u 
can put more mares in the barn and make twins more common plz thanks would 
like gypsy banners as one of the breeds plz",5,3,3.4,2018-08-04 22:15:46,,
gp:AOqpTOEPZf0lDLW9LNVcd24NmOBKx2ipoxacdZIiuL7EEUtCPCKs0VrUY9BzV2zVjgODooDmat3LtOD1O8MyIaY,PercheronsBelgians &Barbarants,https://play-lh.googleusercontent.com/a-/AOh14GhEQZiPVue7hy-Su2Ge2zRTzXbwSCshkjnwKXvi,"I FINALLY am able to play it again. Would love if you could make a dog 
kennel breeding game sort of like a sister game for jumpy horse breeding. 
For breeds like Doberman option to crop/dock ears/tail, training etc. If 
you ever put this in action plead add Dutch Shepherds and Belgian 
Malinois.. My money is waiting lol",5,28,3.4,2018-07-22 18:29:53,,
gp:AOqpTOFTv_mxtCfcg9t8TmeXXM-GCa_CUsz-SHgrot5o2pgX4GoJHDpyWQzN-jZxa9_dRKIyFRU8kjKjuQwFfmU,A Google user,https://play-lh.googleusercontent.com/EGemoI2NTXmTsBVtJqk8jxF9rh8ApRWfsIMQSt2uE4OcpQqbFu7f7NbTK05lx80nuSijCz7sc3a277R67g,"I love this game! I wish you could trade horses between 2 players without 
having to make a show. Perhaps you could send them over",5,0,3.4,2018-07-19 02:37:09,,
gp:AOqpTOFeurjCp2B5U_q4IX4dcoTnyKgpK3W3743ESUcU8WDLGnircnhRZnQdpqj64P8GmrpCu3zf6sTsskmGFFQ,A Google user,https://play-lh.googleusercontent.com/EGemoI2NTXmTsBVtJqk8jxF9rh8ApRWfsIMQSt2uE4OcpQqbFu7f7NbTK05lx80nuSijCz7sc3a277R67g,I love this game,5,1,3.4,2018-07-18 18:38:12,,
gp:AOqpTOGEASx-YG-J5Adg_BB4f2MwsbIZMUWZgGRpPrwolPNkcozdTedTnQHT3HlwW1oBknmvKkmTSs6FmTR73aU,Antranetta Gary,https://play-lh.googleusercontent.com/a-/AOh14Gj1VuD2Jh9qgtIFL2VKjnF5Ad3r7fjY-mq4t9JXxQ,we all know we love this ok and I will be there for you to,5,1,3.4,2018-07-13 23:13:14,,
gp:AOqpTOGdD5OohkTEGuQ_AUbJ0-e_E_JdmrD4UISpqa_1PGLfey64RNGIkNwApW7IEVMdFQttDzs37K5dU_yXfV0,Stewart Dennis,https://play-lh.googleusercontent.com/-CvqpPrDEWeM/AAAAAAAAAAI/AAAAAAAAAAA/AMZuucklwXQDEos2a-JIIRYyYRZbMPq4TA/photo.jpg,I love it,5,0,,2018-07-08 16:09:34,,
gp:AOqpTOG1eA80Uui_b6HGLB5RP3AouvKtK__ya7MxkkV5Ni_zILYh3C3ka89xOTe-IaG878Ev-bPB6yARny9bTkg,Jade Hewitt,https://play-lh.googleusercontent.com/-Os0exQAqt8Y/AAAAAAAAAAI/AAAAAAAAAFk/AMZuucnV_CJsLVDfO_ZOIsOmUtiDJjs40w/photo.jpg,Love it,5,2,3.4,2018-07-05 18:14:39,,
gp:AOqpTOFMOYp8NQGJj-O73UIYdPXF66Uyw1-kzIEiDKoU1juDnS83HN8p-wyF8j3EDo2kGp0VdlneIe4MBW3yJLM,madddie,https://play-lh.googleusercontent.com/a-/AOh14Gg3yFCwHbndW_PHj7Th_DM9UD3zp0Ar9ShemSb8XQ,"I love this game but I got the 60k coins pack and it charged me but didn't 
give me them is there anyway I can get my money back or at least get the 
coins?",4,1,3.4,2018-07-01 18:07:57,,
gp:AOqpTOHnL64XfMyY4qgQfPCJT78X6j44OIUjwsMWk5eQECNnohaGzPD3NjW4WVnOvTOKgFwcYNwiGlpS98lw4zQ,X_ Sñakë,https://play-lh.googleusercontent.com/a-/AOh14GghgWEf-1NXjt4ZC3m8_b2IhLGLNfD8WYXiGxE9bw,"It's good.And for all those ppl saying that they can't breed bc of the mare 
paddock glitch.Well that's only for the Appaloosa paddock.Just swipe.And 
please, make the birth time less? Thanks!",4,4,3.4,2018-06-30 14:53:04,,
gp:AOqpTOFTAS0nn9Zjyf3F0O3XvItZ2x2S0ddExIhZpekIhh7mr09vbH6o3ohYarl3uebv6VvfA6Wmn4-wZbIQTb8,Jericho and winter,https://play-lh.googleusercontent.com/a-/AOh14GhldWj-LiqhTFU8R3EMXDjlV0EVxumyWh4zPVXgDQ,Just want a refund it was terrible,1,0,,2018-04-12 02:13:15,,
gp:AOqpTOFGfW5pPAZc8Hc65AdmeYbjIE-AApaG9CBiuP-Se5IMZHysdY5kSIB8Xc1If6Cp7Hb48L0rNhSoioZR3fw,Laura Epstein,https://play-lh.googleusercontent.com/-csG4-DZ98BI/AAAAAAAAAAI/AAAAAAAAAAA/AMZuuclg6cUMFN_Yrpvsbx3CGnWugIhHMg/photo.jpg,It is good but it take along time to load sometimes,4,1,3.4,2018-04-06 10:06:05,,
gp:AOqpTOGwYpbkBa1vhCAaUOgh1kIKlhhVtj7AOP8N7xjDnftVTqObX35kQ8M9A1FuA-KqgS58nsjBKGfpoi8PwEo,A Google user,https://play-lh.googleusercontent.com/EGemoI2NTXmTsBVtJqk8jxF9rh8ApRWfsIMQSt2uE4OcpQqbFu7f7NbTK05lx80nuSijCz7sc3a277R67g,It takes too long and its glitchy,1,1,3.4,2018-04-04 14:03:48,,
gp:AOqpTOFS8z9CONf0vVM4dzQzNg0QFvr9nSNn0Bf5o36CUclsSOLAzMJ1bOzY43jPSmbETQWA-7-Ih3OpQl7JzyA,Ayame Hamel,https://play-lh.googleusercontent.com/a-/AOh14GgG8tD-jYKoQm_v2cyGCpdjLYJtWDUDNdh6wcB9dw,Its so amazing!!!! Highly recomend it😋💕,5,1,3.4,2018-04-04 07:19:23,,
gp:AOqpTOG_msbVIIUpivzlxOBytLjjT16YTt23H248XbPHADanhLYXhzXa185sClAckrwK1Rxfr_FT3Vl13kL0ssk,Maddie the service dog Maddie,https://play-lh.googleusercontent.com/a-/AOh14GhmJqWfEDfmhqAW749PjAwatPEHujr7IaZ7Td0CBg,I LOVE IT,5,3,3.4,2018-03-29 20:45:00,,
gp:AOqpTOGEAuUuQAWdppdwQVmjtETpppJuLLzCnHnOCReIBPf6shWcStDpB1Mmk9qfSeo8bwHQUWe4dNK-9I3XBXc,Equestrian Plus 1,https://play-lh.googleusercontent.com/a-/AOh14Gg2k9vvapSIBqUqrHKhVkfe4HP5_pAL-uxNz2_bBw,I'm annoyed how wen u block someone by accident u can't unblock them n we pay money for this n we can't even unblock fix this now OTHERWISE I'M DELETING N MAKING SURE MY FAMILY DONT BUY!!!,3,5,3.4,2018-03-24 12:15:49,,
gp:AOqpTOGZvByfGe89aMJp6oC3YFOhwKW4CM_ahK-WWTmg4Qzm9RrGrD6P3Bm3NG9Y2JK9LaE0VVennREtNBUZBRA,A Google user,https://play-lh.googleusercontent.com/EGemoI2NTXmTsBVtJqk8jxF9rh8ApRWfsIMQSt2uE4OcpQqbFu7f7NbTK05lx80nuSijCz7sc3a277R67g,"I love the game but can you make a game that you can take the horses and do like Western events as well like barrel racing, bareback riding you know things that are Western I love Western events and English events but I would love it if you made a Western one plz also can u make it to where the mares lay down during the birth and clean their foals also can u make it to where the foals can drink from their mothers like they naturally would plz can u plz I would definitely tell all my friends to get the game they love horses too so plz add these to the game I'd appreciate it if u did",5,9,3.4,2018-03-05 23:32:09,,
gp:AOqpTOHdIvmrarfTai6To9rf-kvTDGnAASEvAUcVId1GxGeKiSQV7js6mSQzRpxEKe6nJRQMJYhliwQByFBjfo0,A Google user,https://play-lh.googleusercontent.com/EGemoI2NTXmTsBVtJqk8jxF9rh8ApRWfsIMQSt2uE4OcpQqbFu7f7NbTK05lx80nuSijCz7sc3a277R67g,I think its  amazing because  you get to see so many horse breeds,5,2,3.4,2018-03-05 18:32:09,,
gp:AOqpTOHMHqdyEBbQmnyX0lk8FURdJ6HrYaXCLnJpiXw6cE-oSDYc46Whkvw3DEV5DIu0c0W5JMTtiY8A4T5eLtI,PAT Almond,https://play-lh.googleusercontent.com/-0gH3FG_iN4A/AAAAAAAAAAI/AAAAAAAAAAA/AMZuucmlfCn49Bl6kUlR0QtY8lpom8lw_g/photo.jpg,This game is ausome but in the mares and foles padock you can only breed 3 at a time. Witch is a bit sad,5,5,3.4,2018-03-02 14:25:26,,
gp:AOqpTOHWUoeKWN8_YvVJ_r9ogGT7r2xM0xrq-h2F3eDn47ICOfNdGIkamUpSBSH6wjHFm0XMa5RgDiGf2ymaSpY,Soaring Sisters Ranch,https://play-lh.googleusercontent.com/a-/AOh14GgtjhKGPgKH8RvkHjPHNzMs93grtxUhb_GabFG6,I love this game it was the most wonderful game I have ever played and my Instagram acc about this is @widow_3rd_stables,5,4,3.4,2018-02-25 08:44:08,,
gp:AOqpTOHPyhR3x03vJgjGMls4_9tUKx_N9ooHDKD1xZskjTHkwqE20AEo2fpb8ZDOIpTgbwpMrt7zyga6GJvlCY4,Mule Crazed,https://play-lh.googleusercontent.com/a-/AOh14GhBmL8eht7BpKzqBT_4sEieHthBpl4hZN6cnb8wzA,"Please fix, I'm unable to select stallions in the breeding barns.",1,3,3.4,2018-02-23 10:59:36,,
gp:AOqpTOEuxkgjjSulMjmirwp4P4DYuirXeL4Mtj_k_IrWT-9VYyHnpv7ImPHD4K1-C1cvTHlRMfZDQ2K5CPCSQoY,Lookright,https://play-lh.googleusercontent.com/a-/AOh14GgABiUF-JuKukjEkRBADdchf4HCwqpv8FmHYJ6IHw,"I couldn't even get the game to download. I bought it but now I can't play it. I've restarted my tablet, cleared space, I even tried buying it on my phone but it won't download there either (apple phone Samsung tablet)",2,0,,2018-02-20 09:04:00,,
gp:AOqpTOH2tjf1Z5XNw-e6UeVFlQ9O2URt0PyHHCnOqVF-2Xtdg5IasDTR7TH9DEQA7Sap3xcf2wGRB721ILQ0W58,MonsterUp ÝĄŞŠ,https://play-lh.googleusercontent.com/a-/AOh14GhVka1l0fr_Ur4vyg9s9or7STNj3jLZ5xMQ_sM3lQ,"Love it,but please make a cow or dog version of it.that would be awesome",4,5,3.4,2018-02-13 18:33:19,,
gp:AOqpTOFAz7hVQJYzwfOPQsSubQYacA2pnFGnW8ILa0vSLPlJxGVOGlqcxkQGhWXyS9tsSGxJqD2-W7fj-6b7c1s,Leisy Elenes,https://play-lh.googleusercontent.com/a-/AOh14Gjfyigr0SEDoQa4Ca8UVQ_ykUzHjNaiJwRhXOwP3Q,Sooooo great pls make show contests like  desage or something also fix the foals they always come out as the mom and I hate that pls fix that,5,6,3.4,2018-02-11 19:15:45,,
gp:AOqpTOFEVFk4XW-n0xkXS4qUzbIit6h5SulST8eCah8fq5vaWfLi1_FnemKzN8iFwwUAveyYa6EUwDmzud0bJWc,Spookie Muller,https://play-lh.googleusercontent.com/a-/AOh14Ghn9rnVgBxtBHEDjcqUWv-0gCF38YnwT9vi6cp9,Needs to be less glitchy,5,3,3.4,2018-02-10 13:50:37,,
gp:AOqpTOEbJ15c2BkzlV54Af9VKPPCi0mbGG9vmP_HDcKd0geiAUA2aDAzszO2-NzSAs6IRYF6bq-BgiCPoHXrMt0,Alex Hussey,https://play-lh.googleusercontent.com/a-/AOh14GhdhyvdovmBwtp546tHzF0UmO1Jy2ITsz8dc-ma,Love horses love the game,5,3,3.4,2018-02-08 09:44:09,,
gp:AOqpTOG2YG-88WJUf6ndianiFfNR1nrajsC2nrOXcz69TsJlcvemmG7PjEigtQ_YUza41XwxlOfi9f9T7AuNkiU,harlin Bachinski,https://play-lh.googleusercontent.com/-AO8m8DxU66o/AAAAAAAAAAI/AAAAAAAAAAA/AMZuucnWBHaoXDFfk7dy1_avBTljSlyTKg/photo.jpg,You have to fix the game now yesterday it was amazing no problems and today I go on it and 3 mins later it kicks me out and it has been doing that all day. Please just fix it,4,12,3.4,2018-01-30 13:51:35,,
gp:AOqpTOHfxvu1XWJReaM1tg0ETsHauNRbxR163sKOkZYKywHS4rXoDd9GeC5HcocIdJPj8WappXW2YjGoEmiAcGs,Jen Kay,https://play-lh.googleusercontent.com/-swxR-M6H5_w/AAAAAAAAAAI/AAAAAAAAAAA/AMZuucnF5yA14cMEyW8pFILuXEy5AB47ww/photo.jpg,Worth it. Need lot of time,5,3,3.4,2018-01-16 21:10:46,,
gp:AOqpTOF4rxuvbrhFE3VRdmffognOaTchN_lqBLrOqrNfCClU5fPurLmfaPmpS-vC-622cATOs6IgcaBOnS6k02w,Mikaila V,https://play-lh.googleusercontent.com/a-/AOh14GgdZ3Dx56UCegW2WW-9jCZdZ53V395PulewqWgQ,"Really fun game, but every time i just get into the game something bad happens. Twice it has been that my horse is giving birth, freezes haldlf way through and then the game just stops, no matter what i do. Another one is i lost my progress when i downloaded the show jumping version",4,36,3.4,2018-01-13 22:20:38,,
gp:AOqpTOGIX6ja9Q5746y0ulWuQcCj2GsLk8abU4W7up8rKxjj0Y-PqRwNMFFNjLIBp35hyidzXLV8KlsIVPXluCo,B5 K9 Kennels,https://play-lh.googleusercontent.com/a-/AOh14GipcFD7DskTw9jLrBksEoHHWa77v74tt96ivFS-1g,This game is awsome  I wish there weren't glitches but other wise it's a good game,4,7,3.4,2018-01-12 06:58:29,,
gp:AOqpTOEi8sAUi0pOAJXpQGmh11I98XRZggjHPOgjN_H1LOonziux2ma2WhVb9k-EzGvI3UCEZfw5EE6U7U4J7NU,Jessica Nordqvist,https://play-lh.googleusercontent.com/a-/AOh14GgB9BshfhCTl9D22iuoU8rSZubPSB7I3YEDT0jGvTo,"Amazing game, halters don't fit donkeys though",5,1,3.3,2017-12-26 15:04:39,,
gp:AOqpTOGEj4h8DfiDgdhoerCT2jDI-zLUeEwUY1yDxISKvjLZ_X1QhK_ndMHa36DhF4BnsKhILlDhZ16LZrW-8po,Toxic Rose,https://play-lh.googleusercontent.com/a-/AOh14GhgkSd7iQtn4on8GTUHSpehDjjRaLFIJYQab8f2zg,Umm not to criticize but there about 4 probs 1. Let us breed bought horses 2. More horse breeds 3. Glitches a lot 4. It freezes the screen plz read this and respond sorry if it would be  a waste of time reading this,4,2,3.3,2017-12-24 08:26:28,,
gp:AOqpTOEec3JKUPS808SLfuBxQDe6tniOQ0QHeS2UtzEtTw_E554-4WdWA7ApqZVuydfjMmUOogk2yRdYsoQUS-M,A Google user,https://play-lh.googleusercontent.com/EGemoI2NTXmTsBVtJqk8jxF9rh8ApRWfsIMQSt2uE4OcpQqbFu7f7NbTK05lx80nuSijCz7sc3a277R67g,I mean glitches sometimes but the graphics make it that way but amazing game!,5,0,,2017-12-17 15:55:46,,
gp:AOqpTOEmwEHxnHHw8K6n-0m6pc3cBoxwpnpTEd_nEfImXA3mBt0LVEPPnF1c3Xiepu-P8eFecS39oGlRNFrezZU,james,https://play-lh.googleusercontent.com/a-/AOh14Ggd8ZFdmzbJbxFLy4pvNTfVt9DrfOjaa37sjaafyw,I love it so much I have no review,5,2,3.3,2017-12-17 15:16:37,,
gp:AOqpTOGgFQ6c-TzWq5p5NXfDrFTTcZd0zfs3e7uwjP-5c8_xKq9WxNKN-mgiHqim7w34C-R3j4-pYiHJd81a2WE,Charlene Pendleton,https://play-lh.googleusercontent.com/-M0JhjBn5wzg/AAAAAAAAAAI/AAAAAAAAAAA/AMZuuclJJhEjN27qNPIlMLn8rLA-gTyNtg/photo.jpg,Great game,3,17,3.2,2017-11-27 15:18:48,All horses that have been on shows and not sold can be downloaded again after new install. Your username should be the same.,2016-04-08 00:03:37
gp:AOqpTOG00qguL8IVIGU3VNWGNP72w4TzDgN1s-cw6s758WweC-l8fJHkS2cd_wf3L8mzNOVwFwMpIhnweNBBuXA,ee,https://play-lh.googleusercontent.com/a-/AOh14Gi39-NrE8nQ7ThxTHQ0Pr335nQM5sLhSTYPBzkrfw,I fixed the graphics problem but my game freezes everytime I go into it. When I go to the chat it freezes. When i go to backup the horses it freezes. IT FREEZES A LOT!,3,10,3.1,2017-11-18 20:12:26,"Hi! When a mare is chosen for breeding, you have to tap the door to open (written on the message). If the breeding icon does not appear, please move grow up foals and mares, that are not pregnant, from Mares with foals barn to other paddocks using the trailer icon. Twins are not so rare now and only 3 pregnant mares have to be in that barn.",2017-07-05 23:24:40
gp:AOqpTOEImyj4y4ManCSPwynxi1peD_TyF2toA5gn_IkZYLpvkHZS_gWOObb-jFQ-QUE1JJAVEo7dY90alItvN-A,Taylor Greene,https://play-lh.googleusercontent.com/a-/AOh14GiZf2_n0I4jxIQDPoI550UJQEHLGGXaoaL9KT6GVg,"I had this game once before and got it again, but once it loads, nothing happens. At all! What's going on? If it's not fixed, I'm not even going to think about getting the other 2 games. I was looking forward to this one, too. :/",1,0,,2017-11-18 11:17:58,,
gp:AOqpTOECPUHV7GMvpQ7r2F4O6Beu63zx3DubdcH0Ij3Wefl-jTHdnAkNWdf1JgxwPxn48BWvGzdAs8za9pmq3Jw,A Google user,https://play-lh.googleusercontent.com/EGemoI2NTXmTsBVtJqk8jxF9rh8ApRWfsIMQSt2uE4OcpQqbFu7f7NbTK05lx80nuSijCz7sc3a277R67g,"What happened with this game? Latest update is horrible, unplayable, bad graphics, i can hardly breed any of my horses! Please fix this!",1,1,,2017-11-17 21:22:42,,
gp:AOqpTOH3iMMSW4MOAPp_j4f7OQzFV2wfG44SDOWzoU812l76sGkCmcABJKxYYrmETE8RkT3dR2y2jnQeYmQlrbM,A Google user,https://play-lh.googleusercontent.com/EGemoI2NTXmTsBVtJqk8jxF9rh8ApRWfsIMQSt2uE4OcpQqbFu7f7NbTK05lx80nuSijCz7sc3a277R67g,I'm not sure what the point of the last update was but I can no longer move horses from paddock to paddock which means I can't breed which defeats the purpose of this game it also won't let me upload pictures anymore the only good thing about this update is I can now recover my horses lost in the game glitch,1,0,,2017-11-14 17:31:26,,
gp:AOqpTOGxGoWHOpEYoJZ6dGRM9U506WMmfARCDeO_nPdfbulqhqkrFn014W-uzyZsYOcp2619breAQ7E8ncOua7Y,Daniele D,https://play-lh.googleusercontent.com/-0vM__EVWyqQ/AAAAAAAAAAI/AAAAAAAAANI/AMZuuckGmLie0cfTdKc9Ci6fVHXi45qZEg/photo.jpg,I really love this game totally addicting but is super anoying because In the middle it tells you to create a new account and won't stop until you do,4,2,3.0,2017-11-13 13:47:47,,
gp:AOqpTOH6Cwns--TpQQLeJI5cs-uYOlrc5m1FiPezLAk3WGlxSX2haXu6Y_YPiVbcIGzxs6G2BWvfhGzO6SSBk5o,Amber Montgomery,https://play-lh.googleusercontent.com/-2Mla2IwGxGo/AAAAAAAAAAI/AAAAAAAAAAA/AMZuuckxCuMnrw8Ou2MIPkXWi6OrEoRZdQ/photo.jpg,"I recently reinstalled this game. I can't breed horses. The studs won't go out of the barn. After I get the mare in the breeding paddock, I can't go to the stud barn to select a stud. What is going on with this game? It use to be amazing, but now it's unplayable!",1,4,3.0,2017-11-12 22:17:24,,
gp:AOqpTOEon8R60nKv4h74xz_IHckb93ueIeP5mUu7knaQVSILtXc2dsMLlAHPmhj5BGF4PK3jjsMS2DAAeo2MXO4,Fluffy Nugget,https://play-lh.googleusercontent.com/a-/AOh14GgOfTqpwzb6Sp0xvBlyxaKMqUfn6Qp3jYLQTP6I4Q,"Cpuld you please make a game like tjis, only with dogs? I would definitely buy it, like you could have a kennel. Breed dogs, sell them, take care of them and enter competitions etc? =) Belgian Malinios breed would be very much appreciated if you take this into mind &lt;3",5,1,,2017-10-14 06:53:23,,
gp:AOqpTOExHDSkBKUZ0a6mHlgHRM6hq9X7Zt8rWC_eN7JMXNRpY5e4PTDfaMJMgIk4Zc23RN4Rg1vmkmOW-mUSSzI,Amber Quinn,https://play-lh.googleusercontent.com/-hFfOrbxhymE/AAAAAAAAAAI/AAAAAAAAAAA/AMZuucnsNoJRbBsKSqkLPC7EGSeF9qoxcw/photo.jpg,Ts a really good game but it is really laggy and it needs updating g bit I really really like it except for that .,4,6,2.5,2017-09-22 00:58:17,,
gp:AOqpTOFFdslnh0C4RqPycO4mtWUn4TkCwHxkAxqSuvCJYWmv2m3mGOl2ZVQRZh8HiZS2taMDbV12E8w-AVJohIE,A Google user,https://play-lh.googleusercontent.com/EGemoI2NTXmTsBVtJqk8jxF9rh8ApRWfsIMQSt2uE4OcpQqbFu7f7NbTK05lx80nuSijCz7sc3a277R67g,SO FUN 😀😀😀😀🐴🏇🐎 5 stars definitely it's easy to play but every couple of time it kicks me out so I think you should fix that bug because  I'm on a Samsung tablet but 5 stars🌟🌟⭐⭐🌟😁😁😁,5,0,,2017-09-16 14:20:03,,
gp:AOqpTOHJjdk52m6YutLSZa0j3nYJfUZSE2AXvXmd4QFqgjNlu4QJtvcVBsFVU--0P2vUW7vdLlTCHnDLCSu2zwo,Katie Backhouse,https://play-lh.googleusercontent.com/-bQIKKFBAbGw/AAAAAAAAAAI/AAAAAAAAAAA/AMZuuckgisItVk0BJIQ7mel91LZpgR6Sbw/photo.jpg,I want a refund laggy z d the mare won't go out of the field,1,0,2.5,2017-09-06 12:56:41,Did you tap the door to open?,2017-07-05 23:20:59
gp:AOqpTOF5Hp-NozV3IfBoiEjT3A4menRNoq6rrNO38_06WBx9BYYlHGvyAb_90-MtbaadCRblaQgsxQIbW5DiWf4,Italia Schaffer,https://play-lh.googleusercontent.com/-bm8ZEXSUL4U/AAAAAAAAAAI/AAAAAAAAAAA/AMZuuckjPCl4ub6Is9R_rx78gJSKbgLHhQ/photo.jpg,"Love it, crashes alot though",4,0,,2017-09-05 21:24:21,,
gp:AOqpTOGLkQJNWBRcnT2R3tMT71_QZphjlH2WKcinRXHRHhsXSacsZHmUoTexEwIwUgNkHqXPh0_jfgmGkBQaW3E,Tanysha McConville,https://play-lh.googleusercontent.com/a-/AOh14GiitjiChXoepQFVC3AbysQE4FaL327VjHsf0FEy,My favorite horse breeding game,5,0,,2017-09-02 07:03:36,,
gp:AOqpTOGYotk8b_4pBaIzuZxwkEobwlgjVrcMV6-I0Jsu1YzToN_f59gqvl_r3Iy7gK1gbCueMq9AWRKarMZrqbA,Rena Yeager,https://play-lh.googleusercontent.com/a-/AOh14GgUrly3z6YjkSwdGy8ohKyIolzMl8716hP2pgetIA,Glitchy.  Very glitchy.  Otherwise addicting,4,0,2.5,2017-08-29 21:52:55,,
gp:AOqpTOGkKHxmWS6DxeYfEaRHRh2LS7Gllp9YJTZWGxejQJhG_N2or6JCWOMsJOuTPdJtkH-p49dZt2IGcoDZIfA,Sierra Rose,https://play-lh.googleusercontent.com/a-/AOh14GjZAvQyq2Qw0yc9X6xcPj6-8CNJFewiXo6oyv-cZg,Amazing!,5,0,,2017-08-25 16:16:10,,
gp:AOqpTOGvEiOgYF8yOPwt4xQTQ9bhHnPvx13MiHttB12QUlRcdyYP6tsagQsVtg4rkBCfwK0MoH6wdOOdKg9JJKI,Kaleb Pascale,https://play-lh.googleusercontent.com/-UUDKc5bdLj4/AAAAAAAAAAI/AAAAAAAAAAA/AMZuuclK-fzAx5dYzplbLULukqWKgtlbaA/photo.jpg,Love it,5,0,2.5,2017-08-11 12:23:11,,
gp:AOqpTOGb_2ilIugtWZsV0l-q_rMUzyuIUwoKeZtoizGBN5AJJHGicJ9twBRUuTsowLRsT7KNGeLjixbw_O0VAdg,jay gar,https://play-lh.googleusercontent.com/-0TpWc2eqw1w/AAAAAAAAAAI/AAAAAAAAAAA/AMZuucmuSsEMVJWQmFhBPcpjUYXtmZPQnA/photo.jpg,"Good game. Only problem is that the foals almost always show no traits of the sire, only the dam. Other than that, it's a good time killer. Also, it lags way too much.",4,2,2.5,2017-08-10 10:37:43,,
gp:AOqpTOFPU-ZtT1lJ5SmVzBVimdpGSvO96JfvcmEuT_QVPEzpTZbZapyp4tPCIIIW36fdheTsxT8RXITqm_7HTyM,Nyroc Productions,https://play-lh.googleusercontent.com/a-/AOh14GirSUd0_Ssbawgisuwt6e2daD80uGwYdz7EBKHY,Updates?!? Where did you go?,5,5,2.5,2017-08-09 19:17:15,,
gp:AOqpTOEwwo_RmpLrrB_w3XITONi7l02tVD9J67c9sO390lrM2KQY7L-stMnXGO9cA6ggSIW11_YJMG6t4kgg9lo,Madyson Massa,https://play-lh.googleusercontent.com/-RqqOkMBv3qY/AAAAAAAAAAI/AAAAAAAAAAA/AMZuucmnnc2Cxf6zkSHOKUsljNooQZdNzw/photo.jpg,"It lags and also crashes. Also, I bought Jumpy Horse Show Jumping but now I can't find it in playstore??",4,0,,2017-08-05 00:43:19,,
gp:AOqpTOGlN3akQx5xc2b8-0QIpVgiqX4jdIcmF6-LbI8d32rmoQqM0eBlaDj5fp5_XcxbddvAi7k3Ks7JameXkf8,"My penis is unbelievably small, But",https://play-lh.googleusercontent.com/a-/AOh14GhoGPvzcuCVxufK7AnHGC1jjUfvcUMvtpJ-i1y2eg,I really like this game can you make one that's racing like the show jumping except actually racing against others??,5,3,2.5,2017-07-29 11:41:15,,
gp:AOqpTOH2Vneiksi6YqxfoN5ddsQVFfz8mshg07y2CQaqSiKPmlFCo9WB8K5vp21gk4eJ_s9bg8jcJ98DCs2a14k,A Google user,https://play-lh.googleusercontent.com/EGemoI2NTXmTsBVtJqk8jxF9rh8ApRWfsIMQSt2uE4OcpQqbFu7f7NbTK05lx80nuSijCz7sc3a277R67g,I really like the idea and I like the game. But every time I open the gate to the mare paddock the mare won't go to the breeding paddock!! But the stallion will always go to the breeding paddock! I have uninstalled 3 different times and it still won't work. Please help!!,4,0,,2017-07-26 14:04:02,,
gp:AOqpTOHcDTmgsC2nBZ02FEoRpH5c3tJqh7Rtte4f8bOrT8Ff4k1VQv91ENnKML8lL78ilsoJX0494lVarqRwpgE,C Bo,https://play-lh.googleusercontent.com/a-/AOh14GgKKQr5UTdsb2LgZaV4HDLmAVpuDF7mMG_6iusx4A,In short it's truly the best game ever!!!!!!! ❤️❤️❤️❤️❤️❤️❤️💙💙💙💙💙💙💙,5,0,2.5,2017-07-22 11:37:33,,
gp:AOqpTOHv6Cf0_1VF18sfaBp7GHX_ORxo0bOj7lkM283P2OLlg9rQQEcDU7D-mTyIRohD4X4GtzTaXq2Hi78fchI,Jackie Everman,https://play-lh.googleusercontent.com/a-/AOh14Gh6ETijF9TZ1MS7Goj3QF2gR4kb5M6Bfc8cichS,Its good good game if you like horses these is a game for you,5,0,2.5,2017-07-21 14:32:44,,
gp:AOqpTOHQMiVG1E0nVib2sUZzXpk0SCxOm3dafNqfkB0NZnt0xzW4FOh3aV6z_EQWPpLHC_WjiurnNqq2FDLP7n8,Madison Vaughan,https://play-lh.googleusercontent.com/a-/AOh14Gh-nyDC8mHdMllKfiAidexLXa4b5oZPuFuFVlZa,It's a fun game but it lags and then crashes which is SUPER annoying. I think adding the option to train your horses would be fun.  Otherwise besides the uncontrollable lagging and crashing the game has good characteristics.,4,1,2.5,2017-07-20 11:22:57,,
gp:AOqpTOHwHP35e2-zuR2rgHa8GPEsUA1Gy6QWDDjHSyPETyTEcS03KQliWTP-kR_RVK_JgqxdnkVZ7mVjaGfoYeo,Susan Brege,https://play-lh.googleusercontent.com/a-/AOh14GiPKbZnY0GbQQVGISQ9kwbEvm3EF-0g0dr9w9Ic8A,It very good,5,1,2.5,2017-07-13 11:09:28,,
gp:AOqpTOFK6nhjs2HciXjyWYx68Ro_OVo9EkkIU3g6wbpxRntjZ1FV6uNJOv4VOx0Q2TsrkiRus7JN_joAIKH2_kc,Charlee Swope,https://play-lh.googleusercontent.com/a-/AOh14GjFbIExfAihVoADWi5wAc_Lknih9f-L5rPsX2i3,My mares won't come out to breed. This game sucks . Do not get it I repeat do not get it.,1,1,2.5,2017-07-10 21:59:09,,
gp:AOqpTOFTC1zglB5eu_mmk5VF4JCo5wij0OHdceMyOJaXB0BryeK4qDRIqe731xTXnwMbLhtjLFaDKgDeU-9Mxu8,Tamara Reschke,https://play-lh.googleusercontent.com/-ZgxGkGpichk/AAAAAAAAAAI/AAAAAAAAAAA/AMZuuclwryP-WTPZxJkZli4BclkffDWURg/photo.jpg,"It's fun, stop the crashing though it is frustrating me a lot when it crashes. Also can you add different breeds into the game and add like arenas and things. I agree with people about the day and night cycles that would make the game a lot better.",4,7,2.5,2017-07-03 09:25:47,,
gp:AOqpTOGXrO09zqjtE_jf9tpn6zuEaZU6uyu85264CPWznv2wujj9xiCaQM8r0sBB5W4tPRwXLxybr_hpsGezNVQ,A Google user,https://play-lh.googleusercontent.com/EGemoI2NTXmTsBVtJqk8jxF9rh8ApRWfsIMQSt2uE4OcpQqbFu7f7NbTK05lx80nuSijCz7sc3a277R67g,The best horse game I ever played and the first horse game,5,1,,2017-06-25 21:08:53,,
gp:AOqpTOH-KUgDxAAzQ-VrJjOC4kynJrs9jnRQ_ZYLWsLzO-RU4cC4tG7kRwHg89gq4DPDOzSk1NQNfTqDhvhl4wc,Lisa Blacquier,https://play-lh.googleusercontent.com/a-/AOh14Ggg2Su9tJPPs0nCBVEHjb6aWNNU9R5pIo5ptyOzvcM,Is amazing i love horses and cats you should make a cat breeding games please do it!,5,1,,2017-06-23 21:09:42,,
gp:AOqpTOH-yLuV2HiJvWCkHOXd-wxemDkBT4KfvMo9POSfiJClV9f56MtYcpJN3iLfuqYXwynb7rPdT3o5-hJRNow,A Google user,https://play-lh.googleusercontent.com/EGemoI2NTXmTsBVtJqk8jxF9rh8ApRWfsIMQSt2uE4OcpQqbFu7f7NbTK05lx80nuSijCz7sc3a277R67g,Its an amazing game but there are some things you need to fix like other people said the crashing is not good but other than that its an addicting game,5,0,,2017-06-23 19:17:42,,
gp:AOqpTOGPPTuRzzfqt3iEebUqRz5IwkkrXxVxIyhRrGDxvjYy9jczNsSFdDCEnBTHRsmxpch0aUic2mKEFA2zU_w,Michelle Smith,https://play-lh.googleusercontent.com/a-/AOh14GijzmpxwRXt2i-qI3NoCz7FtCsBMtwCWU34DTKO1w,I love this game,5,1,2.5,2017-06-15 11:10:48,,
gp:AOqpTOFyfrgtO55LXX6DVnVV4VBM9qwrWyXUoWZ6zq7ebQuZsqY8kNhLY6b3HyNaMmCRiTvcYnXs-JW6KLsKVkU,misty funk,https://play-lh.googleusercontent.com/a-/AOh14GgiHYjePiLW5ITG6pPHhC-UJALtTASq54hkQLRm,Like the game concept a d graphics but i couldnt get my first horses to do anything,3,0,2.5,2017-05-30 07:35:52,,
gp:AOqpTOHi6Ud-Mr8vKCcb7G4txy3vV-qksstBvILYnfVg6if5WF-HtNyzrWdZ4V0aRjMmVAiZG_UMqrxm3RqJyiU,A Google user,https://play-lh.googleusercontent.com/EGemoI2NTXmTsBVtJqk8jxF9rh8ApRWfsIMQSt2uE4OcpQqbFu7f7NbTK05lx80nuSijCz7sc3a277R67g,I love this horse game,5,1,,2017-05-10 10:56:04,,
gp:AOqpTOHXJvs6YaKfCyKODhOR1byAoyMK3RJFXYTmsrI3USbH87Yq5KXF0Br8FXBTYTH5M7xBgRdioZYz4nBGl_g,Kaya Okario,https://play-lh.googleusercontent.com/a-/AOh14Gg2s0iZ1afaKCghK3RAY73gLFtdfWFRvnSD62XD8Q,"The game itself is amazing. This had great potential. However, the lag and crashing really takes away from it. Paying for a game that only halfway works isn't worth it. Please fix the stability as soon as you can. Until then, uninstalled and I won't be buying the jumping game, either until stability is better.",3,12,2.5,2017-05-06 20:52:24,,
gp:AOqpTOGGGw7I6Hrw4vYv3HKyutScBuQRvy6O79FStFQRyg_VTAWeUKreTJe9uWBejB-VMAkxc4XUkHQj8DWOy28,Pooh Bear,https://play-lh.googleusercontent.com/a-/AOh14GjnW_wNd5vpp_lP8ubTPNBg5qSETiwHApqNib7L,Crashes everytimei try to nane my foals and moving horses around can you make more to do in the game such as maybe riding or jump training or something if   pay for agame i expect it to be bloody brillant and this im sorry is not,4,2,2.5,2017-05-03 17:05:49,,
gp:AOqpTOHgdHVVc5s1R7vDVDJnHu2vSnhFp8JHvKya6CjDINTSRb-zofuDcuqkIStLXTWY6N0f2ZngNYRqaok2QXU,christine bevin,https://play-lh.googleusercontent.com/a-/AOh14Ggh6jJ-56KsF8bz0G78wBlSs-QPV3miGe4QOe6FYQ,I like the game but I wish you can sort out the crashed bit it is so annoying,3,4,2.5,2017-04-24 08:24:32,,
gp:AOqpTOHIjCYOBzychy67W5Ya3FWB9w3Wl_xEdu-Kn21w-HOz5igs4e_5mcgl2Xx2pc8zWLmelcEB8eBsNxgWMKc,darcey,https://play-lh.googleusercontent.com/a-/AOh14Ghl9tcqS0GhTgQ8QNSFcQDoj2uDUEFvvenrhnf01A,"Amazing! Couldn't ask for a better game! Addicted and always on it. Can't wait for racing game. To make it better make horses separate prices in different show (I mean by if you put a horse in for free in a private show, it will change every price in every show its entred, and I don't want this to happen) because when I want to send Over a horse for a friend, and it has been entered In a different show (a while ago) as not for sale, the horse in the different show will be free as I put It in a freinds private show. That means people can take the horse instead of the freind taking it!  Please disable this feature &lt;3 EquineMarkus",5,14,2.5,2017-04-20 00:59:29,,
gp:AOqpTOFA9dPyx4X7NVVlRFauJqORooEZR-PXauxmqYvbmz2XI9OEyOfm2V5bOTJErowy6bqiKtz4cOfUy2wnb7E,Kelsi Dillingham,https://play-lh.googleusercontent.com/a-/AOh14GhGu97xge-1q6LGrTwTdphCdzDHW1_KOnMhSJEOOg,The game itself is awesome but it's sooooo slow and keeps crashing I want a refund.,4,0,2.5,2017-04-01 09:20:25,,
gp:AOqpTOFPlokwd0hJRWcB2Ui-3zLxW5Zvfi7o24dJRWTsLCw2Fzyb2FMR59BlAMFgi4P71AmOwjnVNG-Ag8AY9SI,Bluemoon wolf,https://play-lh.googleusercontent.com/a-/AOh14GgdLbLbloVc979ieLS5OQa9AKkXvM66YRNXZH8jqQ,Needs pegasuses and alicorns,5,1,2.5,2017-03-20 14:03:33,,
gp:AOqpTOEuVaS9osGP_tdp4IlTqQQQrfPtcaLoLXCEhQzDxgoXAAiJrlYc1fOlcnj21fjX7LiOQapYXVkicE8ayXU,Bigredottb,https://play-lh.googleusercontent.com/a-/AOh14GioQVSrYKuvi2x4wlKRCmEXhcHk-qDjXu9V76n1XZU,I loved it so much . I just wish it was easier to to transport horses,5,2,2.5,2017-03-18 11:42:12,,
gp:AOqpTOGYBWJcnHlDM7qWwYPWZt5iqEEmUDJkSjNjnbsOlQaEufIfUWl1d5z78-wtmfHUy4C_aHfHbg6aks_q2-I,RM Gumaer,https://play-lh.googleusercontent.com/a-/AOh14GhdQZrbkbNr-aop-tK2_SiXGTrsLfUNZ_W06vMJxQ,Love it. Let's my brain unwind from my busy life,4,1,2.5,2017-03-16 14:43:12,,
gp:AOqpTOG29hsZFqoIi1CpFTi63kJHOV73AhFsSM31_F3ZrQIdnLSz2xDPYsmjQ9UnXZJDrxABn9djBKvwV19DRRg,Kailey Grooms,https://play-lh.googleusercontent.com/a-/AOh14GjZvy1_FpcaJp9wnO16qiaGM2Hegr9gdyDCBnXEcMI,I love this game sooo much i am a horse fan and i breed and show them in real life and this game reallly assembles it,5,0,2.5,2017-03-14 18:22:20,,
gp:AOqpTOHMxzVqTuEvDT-oF_SxRiK5usk3aATosajUOOdM85I_Qty0Z5FcZ5vr8yey80hJRis-bgybEXGLdPvxEnw,A Google user,https://play-lh.googleusercontent.com/EGemoI2NTXmTsBVtJqk8jxF9rh8ApRWfsIMQSt2uE4OcpQqbFu7f7NbTK05lx80nuSijCz7sc3a277R67g,"It sucks, crashes every second and ssssoooo slow!",1,0,,2017-03-06 14:13:58,,
gp:AOqpTOGpXwUd1NXjczC4kJlowtXmuPoOSTK7vc0qNy2NLdP2J67Q5OiCSZY-qkuvSCx6MSRe6p2iJgShtz-pEOo,Taryn Scheub,https://play-lh.googleusercontent.com/a-/AOh14GjWuqpcZQCerNFdOK6sJ4lOsfFu9KGExFGA8hzH5Q,Would rate 5 stars but now It says that I am not connect to internet,4,1,2.5,2017-03-05 16:11:06,,
gp:AOqpTOE5b43CNXWCznqN_389cMIf0uvnqO1ZFWNOSOdOleu1GQ5FUXHVIaiFvFa0Aru25dmgOVoQUhbL2php4c4,Sugar Glider Mommy,https://play-lh.googleusercontent.com/a-/AOh14GgmcmUN2x56TX8c0fxt0J762gFVmm8ShyMnZvjJZw,Its a good game but is really laggy looking. So PLZ PLZ fix!,4,0,2.5,2017-02-25 22:32:49,,
gp:AOqpTOG-eqfNCkj-D7os-KMrU27ejvW8EQKxctiDFTufQQ0MNtrvXOS1U9T2zLfRcbpYPqQPCejsWqf5c4eA-SM,Sydnee Reitan,https://play-lh.googleusercontent.com/a-/AOh14GitUdqc9wqSULzabvZGP5S8q0O6Fk710HeHe2vZ,!!!!! LOVE IT!!!!!!,5,5,2.5,2017-02-25 11:08:55,,
gp:AOqpTOHmqR4lpQgWqkxNHPYnsbnX5OudtqI-a0FIevSGPzvciu7RoF4NubbTomdsRcAkcyIdbrT86LLawbZj5RY,Velxvety RBLX,https://play-lh.googleusercontent.com/a-/AOh14GgMpBgioBwNWVTBIGaj8bVSe8I5vd_oGC751jqOzw,Awesome,5,1,2.5,2017-02-22 13:34:32,,
gp:AOqpTOHaa4P3c0ZM-m6Oi5SL4mmJT4UDbHqdPJismGhsCYjxP0PZCtZujdHCFXDnncY_9P5G5l5oxXHM8Z9z9WI,Fire Goddess,https://play-lh.googleusercontent.com/a-/AOh14GhFQNNQJQ8tH_Am9W9T7m6Y0gGWSnnhGgDWN0oEkg,It would be a five star if it would stop turning off on me it keeps doing this over and over I am on a android phone please fix once you do ill fix my rating ty,3,1,2.5,2017-02-18 17:56:13,,
gp:AOqpTOFNhGFY6SskDnRoPq1-RmSJ1c6kujJ6KrxOWL5DZeFhzSwuCWAXKMEQK24ael9MQ4sUnb5ULt5mhkt8cvw,alexander lancaster,https://play-lh.googleusercontent.com/a-/AOh14GgJMSUmVQV-oCnF4WjSQ_orP6bKvnS4VV8D-xvM,I this game is great but it freezes up all the time and it glitches constantly.   Please fix this.,3,2,2.5,2017-02-10 09:47:04,,
gp:AOqpTOFpmuUuMDnmPie77KtuGyGwxsTUBLNkO2Sm1f8H8xwrCCJTR4VUmBJuwpl6eJWEqukEPLq8Z09f5nKUxEo,Tegan Evans,https://play-lh.googleusercontent.com/a-/AOh14GgrsVWUK8pSfGF34qIFhgh1B3UZ2VSCP9CioKc2KA,PLEASE PLEASE PLEASE PLEASE PLEASE PLEASE PLEASE PLEASE PLEASE PLEASE PLEASE PLEASE PLEASE PLEASE PLEASE PLEASE  GIVE ME A REFUND!!!!!!!,1,0,,2017-02-08 13:58:42,,
gp:AOqpTOG7om9ly558FrHtQ5AEW-CPcGUoeqxHTI0s8fvCvCDFuN3wyeccKP8iok8q8LNz4stExCyw6sgNR38ivCA,Keri Dougherty,https://play-lh.googleusercontent.com/-_ndbcyarQNM/AAAAAAAAAAI/AAAAAAAAAAA/AMZuucl2Y0li_nTk7N5COjiRLc3RzDD88Q/photo.jpg,Pretty good.,5,0,2.5,2017-02-06 12:07:13,,
gp:AOqpTOE75wLZ4Picu7LbKfE2bf2SS3TYbV6WiACGVTuNh2aEIYAT1I6SGnvCCPX9DUshNZUM6xe9QC-sY6Ugj6g,isabel hatton,https://play-lh.googleusercontent.com/a-/AOh14GiEE6COXOBkYqKmx3dLvTslLDMR2E0ZT5AQ6acHbQ,I am trying to buy coins but it won't let me. Can you please fix this? But overall it is one of my favorite games.,3,0,2.5,2017-02-05 10:40:36,,
gp:AOqpTOGQR9VH9m03xbiWFMIDXogxvwuNNqBtR_5s-aOzV3Hpva3vM84qhhSqs-J-nAS4wfiDSzW3ebbY6moUCiI,Broken Heart,https://play-lh.googleusercontent.com/-Zn1_oU2aujY/AAAAAAAAAAI/AAAAAAAAAAA/AMZuuckb8zQGqXo1YySFpYQ8EsUV-fRaOg/photo.jpg,This is one of the most realistic games i have played. Lovely graphics and pretty easy controls. Only thing is to be sure to have a compatible device. Worth the money spent!,5,1,,2017-02-02 13:01:30,,
gp:AOqpTOEfaorTG9jiBlzzAw1W4NO4W6Xmnvury-SpJHcDkonzyVoWpaawgmclRbD_rg5u4Peo6OlNWCFrCsTqTjI,Eight Jane,https://play-lh.googleusercontent.com/a-/AOh14GiUmRM8qi9Q_mO_R3UWlBhruHGCofw4Sk9QXkDACSs,I paid money for this and it doesn't even open? I suggest you guys remove the price tag until you have this app fixed. Hope no one else buys it,1,6,2.5,2017-01-22 05:31:54,,
gp:AOqpTOFXV2XeGvX20qPbfnT1EBGVDvJwlbWGGETx7IIUDDHecUfa9KtApYw83IBwTZPyp2v-oj2HfNlsw92wGHM,Haven Brandt,https://play-lh.googleusercontent.com/a-/AOh14GjMG0NAxVz7vuy4QfTU3DugY1zTxO_C35wjyzLO9A,Love this game ! It is my favorite game. My only thing I wish was better is the crashing and stuff but the game is so good I normally over look that.,5,20,2.5,2017-01-17 16:01:20,,
gp:AOqpTOFHj2pd21wIaWIfCUF9u4IR04BO-fNnixC6O3aqprYqkPgUAvhSSOgO9bahZdONjd0DjY2iLs5_OzurmEI,Sophie Neville,https://play-lh.googleusercontent.com/-uZJKLTc5VOM/AAAAAAAAAAI/AAAAAAAAAAA/AMZuuclUSHTijOsN9j6r-8fIsrrvTQXuZA/photo.jpg,"When I open the app a minute later it closes, and when it does open everything is blue and pink. Please fix this issue as I do enjoy the game",2,3,2.5,2017-01-17 05:13:58,,
gp:AOqpTOGfObe6dYB22wu4bNo8UUNXvr-cq4hXYXJOsrvJADIALFlesZ254rqYQV4xconh4IT4OBX1f0dM9ST_V4Y,Laurie Agnew,https://play-lh.googleusercontent.com/-ofAeauXKXUQ/AAAAAAAAAAI/AAAAAAAAAAA/AMZuucniJEgw8mfYNSiYynhNU_fbDsBoCQ/photo.jpg,I like it it cool um I love the horses lol,5,1,,2017-01-15 20:52:00,,
gp:AOqpTOGJm0DKvRElbmNVFniojTs4kWZ5Zu5SAzFZNrGdYCBtaz2E9qRZzcBQrIXfIgQpviFLpkRs3yFzUVZEq8c,Savannah Williams,https://play-lh.googleusercontent.com/a-/AOh14Gjik5jpbneQYAIUdlYIkurqUANZa3IEcmdcjyhT,You get to breed your own horses with other horses that are good,5,1,,2017-01-15 15:06:37,,
gp:AOqpTOGXYWx19A4AS9SmtLjnFIjwv-HAdACVYiGEl3aaGlizBvBZ21ukSN7eEAWcLi_0LbbpFL5l3sv55yN7klk,Chëshîrē Cãt,https://play-lh.googleusercontent.com/a-/AOh14GininTmmnFSEi6nzodEX33eBbCXLNuTnfYDgcYH,Just inacse,3,3,2.5,2017-01-11 22:37:02,,
gp:AOqpTOFFwkaYrN7PhI_WsMAUbZ7HSnZc_PZEnf5W2U4RJtO0KRYCXktCsJX_1HVIjc7Zyx50cm9WrWCUEM0_SAc,Kenan Ebel,https://play-lh.googleusercontent.com/a-/AOh14Gh64M0XwYvTQKLoufDFSPnjb9NsPk-3EezI8U3hWTY,It crashes a little bit but not  much but can  you  fix it,4,2,2.4,2017-01-11 05:07:19,,
gp:AOqpTOGvI6Q4WYgAHw5jRgR7u0np3GOF4Cx6GWNPReIbSGwppBSnJBLmn4gEzVLGJ_JLNX9ghr-Mf60rfQuBA94,A Google user,https://play-lh.googleusercontent.com/EGemoI2NTXmTsBVtJqk8jxF9rh8ApRWfsIMQSt2uE4OcpQqbFu7f7NbTK05lx80nuSijCz7sc3a277R67g,1.Plz make it so cycles day and night.  2.Plz stop the crashes!,5,10,2.5,2017-01-11 01:15:39,,
gp:AOqpTOFRvVSZ4_hPRZsof9blRtM1SuKDc6yjcgCXQJvYiKVQd2t-SBcjSRqzOGKY8YjMzcOEJoUUb9ZpuddbW68,Vent_With_Fury,https://play-lh.googleusercontent.com/a-/AOh14Gh2OfmONAhvbekIEPlT-6Iip8-P__SxzMjz_HyPNA,I can't find the unicorns for some reason I need help,3,0,,2017-01-05 12:09:28,,
gp:AOqpTOH4bQHZdvogsWdOGpiK8YOOko2m-chrjxPjDBl86IpN0zCIumaUOMA8TMA6KP60bfFkpeRzXm1gLe_B3J0,Madeline Newman,https://play-lh.googleusercontent.com/a-/AOh14GgsSKrGBOQKmqIByfaulD_18E_8WPefaE8_iXIZIRA,it crashes so much!,2,2,2.4,2017-01-01 21:34:26,,
gp:AOqpTOFoSSBUJn0rM9sg54BzkaIDN2sf6DXhRU6K2CGgl0JcqRJ8gL21a3OuEUpR2YBosdylgrRhXTPTjpMB2jI,영원히Yumi,https://play-lh.googleusercontent.com/a-/AOh14GhtnhxtML9zvEDNYO4zHKQudJriuIdusEns-rrUoQ,I have one Q: why does the horse's have different paddock's when u could add a small paddock in their stall,4,0,,2016-12-29 10:38:45,,
gp:AOqpTOFm8blidszo_8CGlRJ-wa2dKRynCFzmiO7CFg_RnR5H6i1WADvhsAFFn5V11fw1U-aHwA_4qt6ZFggfu6I,B-Leaf,https://play-lh.googleusercontent.com/a-/AOh14GjtAhc0tOH5ExvV7wlxEheWQCuGGG2BIF3V9tXW3g,I would give it five stars if it didn't crash on me.  Otherwise I would say I love this game!,4,0,,2016-12-23 18:19:31,,
gp:AOqpTOGftSoTtNEfWDgeXtQTS7qaX9UrL1dJ4olBjK8tPUeEpsrqKYKQRZv5jQbetmNa7aIYuKis5pMvRvsToVQ,A Google user,https://play-lh.googleusercontent.com/EGemoI2NTXmTsBVtJqk8jxF9rh8ApRWfsIMQSt2uE4OcpQqbFu7f7NbTK05lx80nuSijCz7sc3a277R67g,This game is so amazing I just love it so fun and it a game where u just have tons of fun and just be you i love this game so much,5,1,2.4,2016-12-23 08:15:37,,
gp:AOqpTOHi3eeCsu2S8Vpr__DgXq7zmrNnvClqMUM7TtuARqIHVtGMCJHM_KTQHkvPeUrbRlGaf6_Squ0eLXJaYSY,bluescluesfish100,https://play-lh.googleusercontent.com/a-/AOh14GhOj5rQRm6qODtRLbLLx861STlOxnWRxUXFIX0,"It crashes alot! You need to fix it, no onw is gonna buy a game this price if all it does is crash",3,5,2.4,2016-12-22 16:19:21,,
gp:AOqpTOEY4THSi60kkxc3yEqXBKFYS3uWFgciMCHg92i15EbeX-smsymGBOBXwL-BLNYAFs0HcJjKti4KgmLMZcg,Nichole Denbo,https://play-lh.googleusercontent.com/-FlbU5n_DGUg/AAAAAAAAAAI/AAAAAAAAAAA/AMZuuckVzojxBfVnhYmnXZhkDo-2xAyE6Q/photo.jpg,IT FREEZES WHEN I OPEN IT,2,2,2.4,2016-12-21 22:31:22,,
gp:AOqpTOGuTuzpcP78Yw1ZmU5JPL_94IeTagxfV1WkRaURx29T37LrBG8uVre9qYxgOXRk1CAlGSg9Kgng-r0j1TA,Ivy Dex,https://play-lh.googleusercontent.com/-B3TONT2rVw0/AAAAAAAAAAI/AAAAAAAAAAA/AMZuuclbhltO2_0IoArwFSpRVrq9wTEt9A/photo.jpg,But keeps stopping! Please fix it!,3,0,1.6,2016-12-18 10:57:34,,
gp:AOqpTOFjkbKQGxu5blnnf9rdWqJ0fARf9KYMWshejd-EbBOKzW8C1MQYeoXmQNv3nitWBnv72fKtL_5z7Ai560E,Skye Simon,https://play-lh.googleusercontent.com/-hlzE7VTuq7c/AAAAAAAAAAI/AAAAAAAAAAA/AMZuucm71ZZbC7BjdCOJpacB7enf1kAYWQ/photo.jpg,😠😠😠😠,1,0,,2016-12-13 06:07:24,,
gp:AOqpTOFlC_5_AG8aa_mxouQUKu-pVNCN2HM4L1sktA6eK-zCejX9VhzOQn_2QO9jv_ocoScN018vOCECsYRby7Q,REE_ horse lover yay,https://play-lh.googleusercontent.com/a-/AOh14Giz66JSYYFm-N7d0ToUPeQuB3vvRrjIYS3grFJG_A,You get it,5,2,2.3,2016-12-11 05:01:50,,
gp:AOqpTOGYcQC_yhJsuXB4_lzB2ALkeDU4feIW2WZNfdlexiGLHHez5G5lFKVb2zz05D-jRKXo_ZZuUX9WafHBQUU,Rebekah Chamberlain,https://play-lh.googleusercontent.com/a-/AOh14GjBmKdp5GRAeTkGK125b3Gypxtdq4bXtyCWz9i8ig,crashes but still AWSOME!!!,5,0,1.9,2016-12-09 12:55:28,,
gp:AOqpTOE-Ow-K7we68UtsMpXcBPav7RdfVwhXQMTcvHYBeUaSHgWOR61jgCur3vYpv8QWEPKSWwClV6v_ry7w5VA,Sonya Hart,https://play-lh.googleusercontent.com/a-/AOh14GhK1lD71dmzd1mslmSQJNIkPQJ52pFrpLEBFRCPnw,I recommend if you are very patient you may get some where it is a bearifull game and i love it. It would me my favorite game but it has a lot of work to be done. The game tends to glitch crash lag etc but please please work on this game i can guarantee if a bit more work is put into this game you could have a very high rating game and even think of doing dog breeding dog shows putting your dog you breed in a show. I do recommend this game please do fix,2,0,1.7,2016-12-03 04:21:15,,
gp:AOqpTOHlQIqMY2kh6jBOuzwqcUML_2MKv5LsbioQTQdfAQY-VzoviNV9cLshE_eqGpsJgGPH6uO32M9Nz-61dv4,Brittney Moore,https://play-lh.googleusercontent.com/a-/AOh14GgKPgFdZ3WvXCw8UgJ1WoaOhjIPEnA4fmVcnK4Fdw,"Love this game, but since the update it seems to crash about every 5 minutes or so. Rather annoying.",4,2,2.3,2016-11-26 22:51:16,,
gp:AOqpTOF_zUJ6vEfXfdFTtNV6IN4tibfB8S25DwZj8BvMHyX0QJN1xU8qxAsee4GKR6pEUCEucGlsPkv6HRBk4Qw,Teresa Davis,https://play-lh.googleusercontent.com/-bhIT5aNm52E/AAAAAAAAAAI/AAAAAAAAAAA/AMZuucn08TsQUOxH9doHzWivCIEzqjU0CA/photo.jpg,Needs a pegasus,5,1,1.9,2016-11-25 16:48:53,,
gp:AOqpTOG_-qTHc_VDMJDS3YqE_nFjpDj_80-5wDBMT2SSslGNH4W-ySIcqyqDqFtfK25EloSdpjogDFw9bECmQRk,gamer gal2300,https://play-lh.googleusercontent.com/a-/AOh14GiCFWpgZyPSfsypPnFmX1-P-o2RIpBSadaZH-4dmA,I loved this game its awsome great graphics some time crashes but its able to deal with this is a beautyfull game and wonderfull only thing i recommend is multiplayer i wish u can play in shows with ppl and they can visit ur ranch thats all i hope this helps,5,5,2.3,2016-11-25 15:14:59,,
gp:AOqpTOF4b74MKdXs6Ci0BV0nl9bifKZl7qlvtwW3IdB-z1IuJ0pqJrbAw7BlquJEJYJjpuXVE-jSvy8iuJjuEi4,Shelby,https://play-lh.googleusercontent.com/-yA4COR66QxI/AAAAAAAAAAI/AAAAAAAATlE/AMZuuclVlH58CTTmA6nMBNFaTvV9NS-NnQ/photo.jpg,"It's beautiful, it's interesting. But it crashes constantly. And I have no clue how to actually play it because it doesn't have instructions. Please fix it and make it playable!",1,2,2.2,2016-11-24 15:30:39,,
gp:AOqpTOFYR-4ZpIvowrEuYeA_FT8C2zjLVdClfqRKMLiQ2kPX4VGWwLh_tbTQS-zvqW-DtfMWKTumxpBb9g2F4_k,Alisha Young,https://play-lh.googleusercontent.com/-pnt6h8vGO3s/AAAAAAAAAAI/AAAAAAAAAAA/AMZuuckze1FN3e2yknlm2JQwEGWDV07Xkw/photo.jpg,The game is frozen and wont move from the mare and foal barn.... I want my money back... Its never worked properly since i downloaded it and paid 4.99 for it....,3,2,2.2,2016-11-22 12:01:11,,
gp:AOqpTOGnzks_qgdhx3xmM7TtTXXnC8ox7wJLTzWZio8l9R3hG4yOdwwdY6jOiCe2587y43jCG8WZrwOq_dTsWV8,Jessica Tucker,https://play-lh.googleusercontent.com/-_cd1vZVCMRg/AAAAAAAAAAI/AAAAAAAAAAA/AMZuucl2NjyTKL8XQgHvMn9fDwOhhV3dTw/photo.jpg,"This game would be quite fun if it ACTUALLY WORKED! It crashes continually whitch wouldn't bother me so much except now it is completely frozen on the mare and foal barn, I can't even get to the horses. And this is not the FIRST TIME this has happened on 2 different occasions it has frozen and I have uninstalled and then reinstalled the game (loosing all but 3 of my horses each time.) I will NOT be doing a reinstall this time NOR WILL I RECOMMEND this game to anyone until this is fixed",2,3,2.2,2016-11-21 20:49:35,,
gp:AOqpTOH_utWSkjsSQwbybw9OX1cC3yPYpP5IaGKJjNFvz5XLxodfSQxyJ8eG5l0MRdGAaOWQhEsWWk3Z6E04QzY,Revilo Reptiles & More,https://play-lh.googleusercontent.com/a-/AOh14GgrMmARvT8ZEkv4I0zAT2yCS-jgixVq01so_f0NLQ,READ ALL OF THIS REVIEW PLEASE WARNING YOU THIS APP IS NOT WORTH $3. It is glitchey and it at the least takes 10 day to make a foal and even though there are 12 stalls only 6 horses are aloud I will play when they fix it and they have a lot of work to do,1,5,2.2,2016-11-20 17:36:16,,
gp:AOqpTOGU94zRlJCGdxw0LpQvhm3byiBRre-L5lvTrzEeDdwWtfy-ShLYgSClsT0WAAzsSCPBd7KBt53r7RcYBRk,Ron's Wife,https://play-lh.googleusercontent.com/a-/AOh14Gin7xBjeuVba7NvlV8wqX3DvX23kiG3S9xXOnBg9g,I love this app so much but I can't play it anymore,5,1,1.9,2016-11-09 14:33:37,,
gp:AOqpTOEKlLrnaRiCyJBZOU2cuZ-2nxcYe9ReWWpB_8KDdlNwFR9SZvrVHVE20iClGFZwTtX9JWJkImoWqXV-c9E,djtoxicgirl1 aj,https://play-lh.googleusercontent.com/a-/AOh14Gi3tgpIKldb3C3aYFSiVeh5-Gua7Ob_J2eYWZPy,So cute and omg baby unicorns omg!u should add Pegasus or even alacorn!!!!!!!omg!,5,1,,2016-10-16 11:03:42,,
gp:AOqpTOE59McM0kRRcy5GbEoCTCO0Frpz2eYXzQ2gI_mt7MwciAvubctQRICsrRgme9siAx_mfrY8z_bHE3LHzHM,Tanya Newman,https://play-lh.googleusercontent.com/-3FLf4xYW90E/AAAAAAAAAAI/AAAAAAAAAAA/AMZuuckiTuBG8lPlgZxrw44EobMuPkJjBA/photo.jpg,"Keeps stopping,crashing,freezing!!!!!",3,1,1.9,2016-09-21 01:56:37,,
gp:AOqpTOFHJ4ENKu4g4CH5R-ZsJPVgW1Z4CzUtELgSFwnkILiDiYzBiE2Jl9MhuL-9jIegP_oFuYlENt27qGj1TJk,Rachel Ganoe,https://play-lh.googleusercontent.com/-MbUx-rBw6Ss/AAAAAAAAAAI/AAAAAAAAAAA/AMZuucnc2Fo5ip_clDVtpKtTgmt6MWY-zg/photo.jpg,I love how you can customize the horses and the foals can turn out different than there parents,5,0,1.9,2016-09-10 06:03:03,,
gp:AOqpTOGQpNtjg-FzvcgSTY9lx6FetwvdwHuSjhRnz5UrxdjhTDooILpE-QIzIBobudiin4Yt3kynP1Zi_jOlNRc,Jordy Mross,https://play-lh.googleusercontent.com/a-/AOh14GhMOt7vi8wvXrL5vma-2EoTjXils79L6Rb7xdLx,"I loved the game and when I got a new phone, which is a Samsung core prime, it only stays open for a few minutes before crashing.... please fix!!!",3,1,1.9,2016-08-23 19:47:50,,
gp:AOqpTOH5m84yu2kxFpxhLpKZjEMODmpFiujhDFRRpkeCbPqPhrVnr-BSbeAJ-Zic89xhYtp95_oj1fZpG2Tj0IE,Aubree Carroll,https://play-lh.googleusercontent.com/a-/AOh14GhD5b0rRYjE4QiXCo7Eh_uDJ3ki9weef-JV7olbwA,Ok.. it does sometimes glitch... but it's so good!,5,1,,2016-08-22 10:32:28,,
gp:AOqpTOE-MDTv3W_boMtNniiXfX4Pqqd-T4ylzfE7_hXkkcIzkwPbp6t6LcJnJUZSgeM2H-bEhgqqZ_fGvuv0Xtw,Morgan Byrum,https://play-lh.googleusercontent.com/-vAgZrfjEmr4/AAAAAAAAAAI/AAAAAAAAAAA/AMZuuckAqjYduU4xN7dtP-lzlmPYqsMVQg/photo.jpg,Great game!!:),5,4,1.9,2016-08-15 17:37:04,,
gp:AOqpTOE5nzVOwKMkJv9axguwUAXTYSgy7TMTs-AZRSgE8wA4a7loy8MzAm2ziIsnmPdme0lj8BiQh0dPQfyjV2I,Aimee Shorey,https://play-lh.googleusercontent.com/-caJW0bG5pRw/AAAAAAAAAAI/AAAAAAAAAAA/AMZuucme-9gIS6BTk8i_qul12_cEO2Ds_g/photo.jpg,It keeps stopping and freezing but otherwise it's great!,3,4,1.9,2016-08-01 13:53:02,,
gp:AOqpTOF6zB5IsxwNZdGxaID808HWjVxGKnCWYOcud4pZoPG4qgjuwq_RcoKryFDegrRuxJFqP637bj9Y71aygF0,Serena White,https://play-lh.googleusercontent.com/-g24cX5rQch8/AAAAAAAAAAI/AAAAAAAAAAA/AMZuuclGcbvXJOJqTXPzvBbTyBFuXFLxWg/photo.jpg,Add more horse breeds plz like donkeys and special breeds because I have horses that don't match some of your breeds,5,2,1.8,2016-08-01 06:32:58,,
gp:AOqpTOGQTmjmmvQA-fNe6QebvlAYod-0BLkH0FcXUq19NmW8Sa_RwzO1i_AEiiOD_IogQ9wi8Nm3vyNTHazLuF0,Naomi Glynn,https://play-lh.googleusercontent.com/a-/AOh14GhGKhLtuCNzhCh_FoC6Fj9kCXv-eTGYwGZQVjju2A,"You guys really paid attention to graphics and details on the horses. I am impressed. However, it would be nice to have the game stop crashing so much. It would also be cool if you could add more horse coat colors, preferably more paint types and colors. I also wish the foals would have real genetic outcomes instead of looking like the mom. Thanks!",3,3,1.8,2016-07-28 09:55:38,,
gp:AOqpTOFu2asJjOtkCi9xlmeGo2k11C2KXGLAb6cO5u3ifOuHZs63tYAFu8KXJ5stNL6jm63oIEIujtsvpPS1t14,Edwina Shaw,https://play-lh.googleusercontent.com/-16RKi_utMek/AAAAAAAAAAI/AAAAAAAAAAA/AMZuuclgil0i88TpJymajoYYzmmkDuyx4w/photo.jpg,Was amazing till update now keeps crashing,1,3,1.6,2016-06-29 06:41:56,,
gp:AOqpTOF5f6nvfOaxe6FuPpkrZyRUXaq5EsP91XeN-CMjjEAUtciUdj8YyKIX78SitD5fuyEYZFEbN5PkE9gvE7I,Luke garcia,https://play-lh.googleusercontent.com/-ZBSCpQ5twUg/AAAAAAAAAAI/AAAAAAAAAAA/AMZuuckOQbTkbnXyWpH8wLiZCINIP_kDxg/photo.jpg,Hate it,1,2,1.5,2016-06-28 23:36:46,,
gp:AOqpTOE-gBrgq1xO-Y8cLtXytkvQbIV4kgsTDgtEsgpn_T20BAvsyEmUyX105bkFHjB92CFmky7lVpHgMXKqUV4,jazz r,https://play-lh.googleusercontent.com/a-/AOh14Gij9wzW1MGL68KGMf9RWUdI_TbwwLbt7TzUyiOVTw,You don't get to ride the horse and if you just keep breeding them it gets boring. If there's not an update in about three months I am done with this game because it's not fun  to play after a while and each time I make a new barn and it kicks me out of the game. And I only play on it for at least an hour and it kicks me off again,2,0,1.5,2016-06-16 15:56:05,,
gp:AOqpTOFzxjEvhp9ePtlg4t9JN2eDmdIgyG4dYw4kuj1OkNQPQieFmiLk5CHiP4OHCI19dnnF3QDudbEWraXNQFo,Jan Carlson,https://play-lh.googleusercontent.com/-RA8d2aFsF30/AAAAAAAAAAI/AAAAAAAAAAA/AMZuucl_6Trgrg083_kVRwu-Wkf85y3slw/photo.jpg,They should be able to make a unicorn babies.,5,1,,2016-06-14 12:33:53,,
gp:AOqpTOHxlzRnbTe-YGkarUOZhR9kF5qs0dGqzH9aRjj3VeiPtT1btZhffN2BqpNJUap__EjS9jAefkk-DpnY7Jo,Samantha Mae,https://play-lh.googleusercontent.com/a-/AOh14GjJjgdTI4Dv1sJwK3JQjGSF8sugyMSioJbUkCz4HQ,Best horse game on your phone. But... whenever I click on the trophy to get to competitions and stuff it always exits out the game. After like 20 trust it finally works.,5,2,1.5,2016-06-01 23:45:24,,
gp:AOqpTOExnztCHpiMG7uuSXDLdMbJJ-yws_LSi4Oo1Hi0LGJHCWHhndWYWmK-usrLpHQQP_3i73G5TEMH2UVV21w,Christie C,https://play-lh.googleusercontent.com/a-/AOh14GgMfw1pmdbaPkEe5TUSQiUr8Ug4clUucQz0VPoD,It's to glitchy and breeding and mating should be more realistic and IT SENDS ME TO MY HOME SCREEN FIX IT PLZ,4,4,1.5,2016-05-31 15:25:25,,
gp:AOqpTOFjsA3ZnM9TRFPifCJutlmHjhbsR6Ha30L1Yhs7TuPpnk5Abf5sbTJLLV0m5JMYTCz_nXwsb5Dkg4GBHaI,kelsey,https://play-lh.googleusercontent.com/a-/AOh14Gh59oeCEl20tBtT6XZoULz4EDzL8qJwtmlHKn0QOw,I wish that the horses you breed could go into the breeding paddock because whenever I breed a horse it says not allowed into breeding paddock but if it is the horses mother I can put it in the breeding paddock and before you say has the foal fully grown up yes it is fully grown because it says I have grown up please take me to other places if you add this in your new update I will rate it 5 stars and please add more horse breeds and plz add unicorn paddock to the breeding paddock plz add this,4,0,,2016-05-24 09:13:10,,
gp:AOqpTOFiGtHpL3KUfSS0Jsx40rFAqN0k8xOqVizyuet2_h2wHQj5-CyPQcSSXT0lh_vXcTMS6QeMfr7z9t8vgwU,Carina Hatton,https://play-lh.googleusercontent.com/a-/AOh14GjPWadTzi5t0xG96lHOzOuODjbeNZiElT9yN04Qcw,"When my mares are pregnant, nothing happens. I am very upset, I spent a lot of time on this game, I waited 2 days for the foals and was very excited about the outcome of the foals, but nothing happened! My question is do you have to wait the real time? If so I will uninstall the game.",1,0,,2016-05-02 15:25:49,You can speed up the time in the game with clock icon. The foal will born in minutes. Please look in the barn if your foals are grow up and moved to new stall. This video will be helpful http://youtu.be/24e0Mq1kSvI?list=PLUsOZDhTDZyV1GOP_OSfI3MFpUJUzkqKY,2016-05-03 10:01:50
gp:AOqpTOE5880aqKS1XWTrYQuCIY2kIa-5-09rWDkcjPNECr4j5ZcCSTE27gHp9cQ9k5rUJw-k-gSYD6WkaWDv3Mc,Elle Bacchus,https://play-lh.googleusercontent.com/-vGBZCruGN6c/AAAAAAAAAAI/AAAAAAAAAAA/AMZuucmGLCFwjg_qApuausJACv3UNZv7Aw/photo.jpg,"Its fun but whenever I go on jump horse show jumping and select ""get sport horses"" and it brings me to this game it always just crashes which sucks because I really want to ride the horses I have been breeding.",4,0,1.5,2016-05-02 02:29:51,Please close other apps when playing the games. Games needs more memory to transfer horses.,2016-05-03 10:03:45
gp:AOqpTOFVrD3RaeR9uB8HuCtKrOGyxs1LVGXwgSrFJML_7KIy08p563-F0wCb9N-5uvZznK4UMMeoxe1rnOPeNT4,Valentina Caruso,https://play-lh.googleusercontent.com/a-/AOh14GiHFdV_UqGPmtS7ei2FZcMxQ1_OnLCxUPNNvJhUfQ,"I love this game. Its very fun and cool. I like that there is a variety of horses. But one problem, my pregnant mares never give birth. They just sit in their stall. Please fix then I will rate 5 stars. And it crashes like every five minutes. Please fix these two bugs then I promise I'll rate 5 stars.",4,2,1.5,2016-04-28 04:31:28,Please close other apps to free more memory when you are playing the game. You can change the graphics quality to low from settings in the game.,2016-04-23 23:35:04
gp:AOqpTOFDFXSnzPVlILziPDGoyhzeX5XtQyEYc4ZrXbsoE2ao3DZCtYddjx9zWeixwB6h8i-b6VPJ7PwrNMxDYn0,Rachael Akers,https://play-lh.googleusercontent.com/-e8KcYmxPd00/AAAAAAAAAAI/AAAAAAAAAAA/AMZuucmXFuHMhafH1XjzgA9nCvI3Ze4UXQ/photo.jpg,I love it but i wish they had ther babys cwiker pleas ad that as a update,5,0,1.5,2016-04-21 22:46:39,,
gp:AOqpTOFgzLGgHaZ1voGgZZ7Gtd0SGZuXIPXPDt9oC5EqUXKPEO8zJ3MWi1El6HkyuKtBTv19Vfb1CdKFyIMIHiA,Julie Swartz,https://play-lh.googleusercontent.com/a-/AOh14GjGUZjPJfDVc2Phlp-EVyVxX6mFcmVzldmQQjX3,It worked fine for like 2days... but crashed a lot... and when i unlocked the island paddock... it crashed... and now it doesnt whant to know enything... and i am afraid of losing all the horses if i uninstall and install it again... please fix the problem!!!,1,1,1.5,2016-04-11 08:48:58,All your horses that have been on shows (and not sold) can be restored after  new install from Search icon in the menu. You can move 5 horses to last open paddock to unlock next and next to have more places for horses.,2016-04-13 07:10:51
gp:AOqpTOHALtSTrYsupyw6sSWj-ahG5tx4NyGrnnL3nFpWH5_q7LEmbVhEWn5HGAqjLxUAxk4-QpL2buZ_w7sA1R4,Catricia Clark,https://play-lh.googleusercontent.com/a-/AOh14GgkGdvdRCz-Rpw6cpThR21UdDvZpnJttBniprOoMg,It would be so awesome but my foals keep disappearing and the game constantly crashes,3,1,1.5,2016-04-11 05:49:11,,
gp:AOqpTOEuyzgEeEEYfla-xyO04KDE8w7kxCeDm6thRJWI_pPcyzb7dHn6kuxzGlztIRPkBzi-vgfMrFAWeeHU0zI,Olivia Mantay,https://play-lh.googleusercontent.com/a-/AOh14Gi49JpCpuL8Y97yEf04GZ9OYpFQw-7WarWlfiLL,Please add more breeds,5,1,1.5,2016-04-08 21:09:19,,
gp:AOqpTOFpivb-IsE7pGmK42dRpqjbI-lfem2XiEy7d-Klcms6KSunEK72blbq8ZDRysUwZt6ojGlPv6uBnTRQcnI,Salissa Bias,https://play-lh.googleusercontent.com/-y2uLpHpCVN4/AAAAAAAAAAI/AAAAAAAAAAA/AMZuuckTG_OTF_t0JQZfvs043dHnTqaxKQ/photo.jpg,I love this game but even with the bug fix update my horses are disappearing and glitching wish I could unistalle the update,5,2,1.5,2016-04-07 08:05:48,,
gp:AOqpTOGvhNWKcs5cenkUDbtQDmGPbbEXLCdu6Vm9y4CFa2zvCpwYezvniR0SIbbJHwVVxVoQiq_B4ZPAyzKZ2kU,Kaitlyn Mellott,https://play-lh.googleusercontent.com/a-/AOh14GiEEh9jJxoM6AZ0OZBiZGaE9vqBSEzLkSPX0RFJ,Best horse game but it runs a little slow,5,1,1.5,2016-04-01 07:52:28,,
gp:AOqpTOF_fPgMkryV1NYIrFN9wqAwYfFtj_f-KHOVoi_DeOwLAhGTHZb20RWD8y9t1URlY1UMz5vW5Iqq8RlmF-M,Cassidy Jorritsma,https://play-lh.googleusercontent.com/-8DQ5_uwN2bA/AAAAAAAAAAI/AAAAAAAAAAA/AMZuucm7QETNDHSymD66H1pyf_L7zj65WA/photo.jpg,"Hi there. Every time i go into it, it loads but then it takes me to the mares and foals barn but i can do anything or go anywhere as there are no tabs to click. Before that i was good. Oh and the time machine doesn't  work properly. Please help! Please help me i dont know what to do??",3,1,1.4,2016-03-29 07:59:46,,
gp:AOqpTOHYb_GRKmwtVP_KBXD0Q7n6igssB8e9Hpo4PbMulvxIv_9RPxeJeZNIUUMDeGXEoad2JPI88ojvbTNLj3Y,Husky Dog,https://play-lh.googleusercontent.com/-4uCr5iIj2l0/AAAAAAAAAAI/AAAAAAAAAAA/AMZuucnEZ74-aQJV43fGayXn59kbhNnwng/photo.jpg,I LOVE IT I WISH YOU COULD GIVE IT ONE MILLION STARS😊!!!??,5,0,1.4,2016-03-27 10:56:29,,
gp:AOqpTOGSW6ojySjc96sRTbfUf9yMYDovAaKuiBJu_y1DZX8ZHpWkS0tnh4HczrndWgu95aOy1BIesixJGifMczg,Morgan DeMaine,https://play-lh.googleusercontent.com/-hjtzaWlXJKw/AAAAAAAAAAI/AAAAAAAAAAA/AMZuucnsXs05zZ1zJRjS5NV6S0pQic_KLQ/photo.jpg,It won't even download I was real excited for it but I spent 7 dollars for nothing,1,0,1.4,2016-03-19 07:30:22,Game is big. Please use wi-fi connection and try to download again.,2016-03-10 06:17:27
gp:AOqpTOG6a1w6uCc9O7ryq_-Yjn2rO5WJDpp5JHxnhhYrp29xVhzDfzaqY0JsGwFbdoIU4V_7QEqcJIrOAt0EuZ0,natalizia18,https://play-lh.googleusercontent.com/a-/AOh14GiuXjw9WpU-q3GGE3PTEfCHA1E6De9ByJn8gORJOQ,"I love this game , im nearly addicted . But there is glitches like   .....1.) horses breaking the stable door                     i hope you fix them :)  and i wish u add more stuff in the game like .....   1.) When horses are outside they play together or groom each other     2.) You can add food and water in there stable or hay outside 3.) Add rain or snow and horses have blancket on them for cold days :)  keep up with the good work i love this game 💜💜💜💜💜",5,5,1.4,2016-03-13 07:33:24,,
gp:AOqpTOFPO_IHnNpKwpRfH--lSXu2PxC0DYDKQPXUrhGVvB_wdX53yDIqgVJK4q1QjrswpmXvraXTxCuSNTmJkPs,Nathan Graham,https://play-lh.googleusercontent.com/-WlNLR9809Xo/AAAAAAAAAAI/AAAAAAAAAAA/AMZuucnVmi-CE4m6xjDtsss3hN87oSvMDA/photo.jpg,It looks great but takes like ten minutes to install,4,0,1.4,2016-03-12 20:09:03,,
gp:AOqpTOGwbTqmY576Sm0pyVjVFqB2kIBzVStob22ShGhlxxeYR1Es2K5Xer3Vw9dS25aGGzQBrXMlGIX-2T2BC6U,Lucy Swift,https://play-lh.googleusercontent.com/-jYDIEjfK2nE/AAAAAAAAAAI/AAAAAAAAAAA/AMZuucnvpLyEi7GHFgYJDqSKx26js1IMfQ/photo.jpg,When ive bred a horse once it wont let me breed them again and when i try it freezes,5,0,1.3,2016-03-02 13:12:15,,
gp:AOqpTOFf1PQ9MxsZJiiMtQREFAkn6Hw8tJlhwDFOu6szIb6XBJ3njrlhJfUakTJTbT_tz0IexFVtts-PIiFg2zo,Danny Guilmette,https://play-lh.googleusercontent.com/a-/AOh14GhL61cPZrW4vxmBSXvNbhahtysJjMKw9iwM0nwWt70,Its q good game,5,1,1.4,2016-02-29 15:52:45,,
gp:AOqpTOE89BZ2homkkUZDDVN_X9i93pB9hS26HfXtd4e5Zu4FTDRnuTDQUlSYCKzcaa2AzrEhdNA14-f_5OueRH0,gsx955,https://play-lh.googleusercontent.com/-10UeTmJN3Ew/AAAAAAAAAAI/AAAAAAAAAAA/AMZuuclJRlWb97ZPcxr7CAQz9ACIiIjzBA/photo.jpg,So fun and addicting,5,1,1.4,2016-02-25 13:24:14,"You can start riding a horse when it is at least two or three years old and its bones and muscles are strong enough to carry a rider. You foals can play Free Jumping in Jumpy Horse Show Jumping game, because they jump without a rider. Import an adult horse to play Show Jumping with it.",2016-02-24 23:29:19
gp:AOqpTOG9sBtDA5Jt1pfclvXmGvBsmCETrzzQYy3QHdYs3PRcrH9Lv7w46L0mHuhQLQEER6WPLI-Pv5Co3sbnTXc,omar zidouh,https://play-lh.googleusercontent.com/-Vqt7UzW87vc/AAAAAAAAAAI/AAAAAAAAAAA/AMZuucmZv3aObNHa1sXMNFXDGYTCu7jnxQ/photo.jpg,"Not able to play with my new foals on horse jumpy, when I go to sports horse the field is just empty",3,0,1.3,2016-02-22 16:34:34,"Video ""How to Make a Sport Horse"" is here: http://youtu.be/n6XOVeycalw﻿ 
""How Horses from Breeding game go to compete in Show Jumping game"" video is http://youtu.be/hFfswCWAFbw 
You will ride your horses from Breeding game and compete with them in Show Jumping and Cross Country.﻿",2016-02-23 22:36:27
gp:AOqpTOFEwrQq-4FEtc7ENknfUJ-_gCYI6nXI0xch0Ijx12eNqOsWbQ76f3rS-PktAJH7Uu1alZLoa6pboiQneLA,Minnie Roberts,https://play-lh.googleusercontent.com/a-/AOh14Gg6nT_qTNSaPj4kU6PbeHJOh4P-ZGUym_333IfZLg,I love this game.,5,4,1.3,2016-02-21 19:12:56,,
gp:AOqpTOFcYGLloDtv_MvuK8bbvsu43N-k7FnaVjlxPVnbmEflWpUNs0JPcvJ7ERxhqpEtOBtKpHq3y-d1cAzKO-U,tdog phillips,https://play-lh.googleusercontent.com/a-/AOh14Gj9tuLKfFiQZxxqo9P1BGZUm1ZT2pA5ngeE14NAFA,Thanks for the help. Now its awesome. You should make a dog game like this!,5,2,1.3,2016-02-21 08:25:18,"When a foal grow up have to be taken to new paddock with trailer to free stall for next pregnant mare. When a half barn is full, next paddock in the game is unlocked automatically. If all stalls are ful, pregnant mare may give birth and foal become unvisible. When foal grow up it neds a new stall in Mares and Foals barn.",2016-02-16 23:03:02
gp:AOqpTOGgKzDZLeOmnEX1jtDJkA-xTyIBM2LpiYzrMem02bc1q5m5mxlBvFuX3lm0JDRIoWQkUV_aTFuj6zXyAP8,sylvia brady,https://play-lh.googleusercontent.com/-gXej7Kbp818/AAAAAAAAAAI/AAAAAAAAAAA/AMZuucm6ytEqlk53vfxsLLEfqlB65lKuMg/photo.jpg,Loved it😀🐴💜 but too glitchy and I can't sign in my email address and password it does not let me,5,3,1.3,2016-02-19 21:57:10,"You do not have to enter email or password to play Jumpy Horse Breeding. All you have to do is make sure your Google Play account is active and you have logged in Google Play app on your smartphone. You can close any unused apps on your phone, log in Google Play, and then start  Jumpy Horse Breeding again. Hope this helps.",2016-02-20 08:43:01
gp:AOqpTOEBOwR95VNQDj5-0KaWmKsNp5p3So0y55EeR4_szAPVjOVHXRLxfzYYxSz3vkcrl8mcUZU2Y1OK2u7Na3M,Olive Rhoades,https://play-lh.googleusercontent.com/a-/AOh14Gjx5lwMy4I2vG4lfumEanjl0HCx25GFWweedF2u,I love this game it is so much fun🐴🍩🐎:-),5,2,1.3,2016-02-17 15:35:13,,
gp:AOqpTOGzOvdaQMq8VJh2Gx4MWxD1U1Yp-5cS256R1yLeF3v8i-2gBc7AFFjXUyBp4Q7FOwXo_svRLYJ8UU31Ch0,Kailey Grooms,https://play-lh.googleusercontent.com/-0RZla8mSNIw/AAAAAAAAAAI/AAAAAAAAAAA/AMZuuckxqqCK8Bf-d_phxYaLinIb5wsD3A/photo.jpg,It is so amazing im speechless,5,1,,2016-02-16 19:40:50,,
gp:AOqpTOFNxbUy55jhLKMs0Z7TRGcNAlK9km86t4w7dFbcBPYtGO1fFe2yVaA3gIG7wl1_XAAb_8M33y30H-fQtVE,Juniper R,https://play-lh.googleusercontent.com/a-/AOh14GhbjsFaJ5o8XD_BQU4Waf87a18ZhUFusvJmlAD2wAI,"This game is amazing and addictive. I love the different breeds you can create. I have a suggestion for the game though, make the horses height in hands so you can create  smaller horses than there is  now, like minis.",5,3,1.3,2016-01-30 16:13:23,"Thank you, Juniper! Buying and selling horses is part of the horse shows that you can see when you tap the Trophy icon. To sell a horse, choose Compete, then any event, choose the horse to sell and specify its price. To buy a horse, choose Vote, browse the horses that take part in competitions and if the horse is for sale, Buy button will appear.",2016-01-30 05:40:56
gp:AOqpTOFCtsrcmaxs5arwB9vS5puPMNbfhjfFswuS_twUTBufuuzGJiYfytvDsZ4IDxGOyNyMqgRUfFBZpQV8hx8,Shellye Harris,https://play-lh.googleusercontent.com/-RGO2IvVmGAM/AAAAAAAAAAI/AAAAAAAAAAA/AMZuucnKvqklZ851bfgpmMZnBiAddS4Ltw/photo.jpg,Maybe you could give ever horse and foal a real name instead of horse 1 or foal 1 ?PLEASE WRITE BACK.,5,3,1.3,2016-01-30 11:50:23,"Yes, you can change the name and breed of your horse. Please find the palette icon on the menu and you can play Art mini game. Eraser is to delete horse. With sculpt instruments you can change the form of the horse.",2016-01-30 11:54:27
gp:AOqpTOFQcXcj1iRbpw9wBk96KWy37naoG_-othxtGwTt2AvaNSr-50JX5vsYrokSlHVtFii6wUeYAC0aInqFne4,Jessica Murney,https://play-lh.googleusercontent.com/a-/AOh14Gjk6fgI2WXm9Yq5knqbasaNH5bDal5JHjTZq5uliQ,But apart from that it's good,4,0,1.3,2016-01-27 00:45:17,"If you have many running applications at the same time, please close some of them.",2016-01-27 05:59:14
gp:AOqpTOHN1fEx_UmvGYVbR-oAL17Ah8AK6pywdoxtC6LT44D5n-1smBHEjV-V9EIOcGriCNeVot8gS2xdlSwWmJo,Kayla Adlington,https://play-lh.googleusercontent.com/a-/AOh14GilRgA8QwwC2nkVl7ne191mvTNJseZrjgYYnE-Eag,Can u please make it not glitchty an better graphics  and I will  rate 5 stars but the idea of unicorns  🐎🐎🐎🌟🌟🌟🌟🌟🌟🌟🌟🌟🌟🌟🌟🌟🌟🌟🌟🌟🌟🌟🌟🌟🌟🌟🌟🌟🌟🌟🌟🌟🌟🌟,4,0,1.3,2016-01-15 11:20:47,,
gp:AOqpTOEdb-mtCRAAAtg1MdpLJjy9VSrIsRBu4zkE2JSSs7QYLLTUHk3JnU-F_YLAf6O0Rg3C5SotiZcBxgOoINI,JW Moyer,https://play-lh.googleusercontent.com/-K9okkzMXhAU/AAAAAAAAAAI/AAAAAAAAAAA/AMZuucmxVP25BIRCnfzcYHGWjidYIdqoiQ/photo.jpg,Loved wish there was more colors and breeds,4,0,1.3,2016-01-04 17:16:42,,
gp:AOqpTOF3fl5zYxoHHypUYrrr1T5sDoCc2cZXXUvNXH11iRWLSjzV5bde9AOjmrdpMTV0IGIPIcKyVwea9NpZPyw,Diane Vandegrift,https://play-lh.googleusercontent.com/-9yptHxpmeT0/AAAAAAAAAAI/AAAAAAAAAAA/AMZuucmJhJHKqVTLfA6JqTfR0Q8oHT0ZOg/photo.jpg,"I liked what I could play of the game the day I loaded it, but haven't been able to play since, it won't load now on my tablet, just freezes the screen :( is there anything  that will fix this or should I uninstall it?",3,4,1.3,2015-12-30 20:46:27,"If you have many running applications at the same time, please close some of them.
You can try to delete the app and download it again. If it still does not work, please send us your order number and we will ussue a refund.",2015-12-31 11:56:02
gp:AOqpTOErOz2asC0P0MEsMhIvAuDeNLPqomFD5MfhgFKhug0ObUFmy44pSStszuFVoxwtI3B486R6t2CaNGHh_no,Jemobulas,https://play-lh.googleusercontent.com/a-/AOh14GjE6q3flLkKpY_Llp4QERVg7mB0E2tL64d9hNl5Ew,The name says it all!,5,1,,2015-12-11 17:25:51,,
gp:AOqpTOFeCKUcME5u5TBbJtqs6l_vXlwqw5hbB6tHKZIINqT0DoesP-9yP3LtfBGM-I_1vP9EW5rHYyaYG498dBo,Jordan,https://play-lh.googleusercontent.com/a-/AOh14Gh1OCQW_rsxrbKmCrgNWiEl9xVJoeRyoMEL7G3XBA,Needs a little help with lag,3,0,1.2,2015-12-03 18:10:05,,
gp:AOqpTOFvM9a0Q0v5fPSeK4dnN7sbgbJx9t7cIy6buIu6wmeavYrFQa0BnDVKN6UVfCvAKyWyz5g_iFVjS3fdak0,Phoenix Reagan,https://play-lh.googleusercontent.com/a-/AOh14GgA82bqqWPQlxim7aCRfHH5E0lk2awNeLoKyrApPA,"Creative freedom exemplified... The anticipation of exotic cross-breeding results is one of the highlights of this unique game, along with the addition of a Unicorn. 😃  You can also have endless fun attempting to recreate your favourite sport horse champions or legendary founding stallions.  Gameplay has been smooth (best to close all other apps.) No effort spared on the beautiful HD graphics. A well-deserved 5*.",5,2,1.1,2015-11-11 16:14:09,,
gp:AOqpTOEF73dtAFXinRCSkBwT5lRP193b0T__D7dlLpfEmekPZSQQO_xMfoCQXkZ4Gh4MfEKXvIt5CfIqu3pKPM8,hannah&carlie,https://play-lh.googleusercontent.com/a-/AOh14Ghpyzid7z3k981rJQPD2Z_QQiHw--VpbAeAJ7Ftyg,Thus game is so much fun,5,1,1.1,2015-11-11 08:35:38,,
gp:AOqpTOHV8nW7KELMFf26VqCoWAm7H0sQn6wzSYRzaoYdwwbT7XFJ0XDk-5F3MCB1-F2-bOv3-mLeDExRQ-pDEIo,Faith Catalani,https://play-lh.googleusercontent.com/a-/AOh14GhYHHeOst-ONI2Afi_62mfnngrBR588bdhFfgnFWA,"Its completely amazing besides the fact its a bit glitchy. Oh and and one last thing, how to you speed up the pregnancy time?...",5,1,1.1,2015-11-05 17:08:57,Hi! You can speed-up the time in the game using clock ( please tap the horse and choose time machine). ,2015-11-05 22:12:54
