reviewId,userName,userImage,content,score,thumbsUpCount,reviewCreatedVersion,at,replyContent,repliedAt
gp:AOqpTOEZovh6LK3BzJxqsxkb_1YDBPVGrVKaXWXgRvk1o8z21p3FEKwvkyLLGMNBf7jBfQAS9Vcje39knJy6ww,Herb Dean,https://play-lh.googleusercontent.com/a-/AOh14GjKM4oU5BW5XIlTMi9bZlWIaJmBcDi9qgp0W9KQrg,My favorite thing since the invention of mozzarella sticks,5,0,1.11.48,2021-01-24 15:00:33,,
gp:AOqpTOHx7TLbTswcrv4t1B1Vw3W0nTN_BK7HmFrYCxUx7oloZtZkJi1WAVIWqXgcjnFPk-mPMCpKs0fExwm25Q,Gus Smith,https://play-lh.googleusercontent.com/-aeF9vF2Lj_w/AAAAAAAAAAI/AAAAAAAAAAA/AMZuucn88KKlvsDh_0pxhYw-SQZQ7QNIUA/photo.jpg,Beautiful!,5,0,1.11.48,2021-01-18 11:23:26,,
gp:AOqpTOGV53N9Twry9FMlyk_pyXnAH7tCu1Oa2waJDv9ve-RLsYWCUwhbn4uyemaWxKxqEiNzdFQvcSW0oS0HLw,Pie Face,https://play-lh.googleusercontent.com/a-/AOh14GgtUULWHPLKLWbCqhMDFA2Z6-X1Ikk_M69R-Don,Love this background app. Best ever!!!,5,0,1.11.48,2021-01-05 19:53:04,,
gp:AOqpTOF35cGaedeoA52yl4LhM-8N9i5hk_mJkEI6-xvCrMyMeVMNEoWs6M_q7HW9f6DdqsByOonzFGeGqUtaUg,James Walker,https://play-lh.googleusercontent.com/a-/AOh14GgFqFymyM-JvpjNCkfJqm7xacKh9GZt1eQ5_ExkWgQ,I second the notion of another reviewer: its a shame these are cropped when there is much more to the original artwork. Its doubly a shame as - on the live wallpaper - most of the artwork gets cut off when my device is in landscape.,4,0,1.11.48,2021-01-01 05:02:46,,
gp:AOqpTOEAqOt2NQ2gFiHaitg6_-3SvZowuakoM64m2IExcU8h8r225pTseuHhUZf6jlSuEDHG7VyxupOzmJz0JQ,Svein,https://play-lh.googleusercontent.com/a-/AOh14GhT8zg0_kBgco6cNj2_R_hvyLyE2mO8GDMstuYDyg,I love the old pallette-change animations and the beautiful retro art. A bit heavy on power consumption though.,4,0,,2020-12-31 12:36:17,,
gp:AOqpTOHIDpy70WJhxEY3sU48NHoTr3AOR2O4bXbrftb47Ssx0XziMKyo6HuRyzHHIYm3d3p6Lv2asZD1pWBiFg,Steve Thompson,https://play-lh.googleusercontent.com/a-/AOh14GhLPdpnc9QTHMc4YfSZEc5ozjfQGFNiLZlcWOhCHw,"Absolutely LOVE this app. It's so cool, and it helps with my mindfulness. Every once in a while, I'll take a moment out of my day to just observe the beautiful animated pixel art. My one gripe is that the live wallpaper sometimes forgets what time it is and displays a different scene than the one in the app. I have to apply a different wallpaper, then reapply this app's live wallpaper a few times a week to get it to reset.",4,1,1.11.48,2020-12-28 10:27:32,,
gp:AOqpTOHvRYxM0kAewKpwkn1uc4s8gRmYTaeeh3D31D4y04Wpo-9q3baZAR6tW7fvjqzTexiDV_syFvfsPlm3lw,Dax Kerchner,https://play-lh.googleusercontent.com/a-/AOh14GgoGPEb5Ovmxs3mPkDFuDQaIxyF7EtIWeCB-R6ODA,This is beautiful.,5,0,1.11.48,2020-12-26 16:08:04,,
gp:AOqpTOFDcczjj6bT_tAUhCsIgNemGevpgDFk9ne2beqcOqovYbtCFi9GR8YI3LoCgkQ6cPn-LsbEdoHa3jMjhA,Devlin Bentley,https://play-lh.googleusercontent.com/a-/AOh14GgnXkoGYRe7APQtiGp-he-DrgsVnbtduQItKQx0,"Wonderful app, love the live wallpaper. It would be even better if it supported having wallpapers spread over multiple screens, some of the original artwork is wide enough for multiple screens and it is sad to see the works of art cut down to one phone screen wide!",5,2,1.11.48,2020-12-09 10:07:02,,
gp:AOqpTOEGcrjnV0VkzgNMENHwZ_-6TGQ-iU4YjzAraB9s4unKTQtU0iZDk91nRFmH40BXn8AAU7rOpuLrJPn98g,Gacha Garfield,https://play-lh.googleusercontent.com/-xQfhS0oiRVQ/AAAAAAAAAAI/AAAAAAAAAAA/AMZuuclFuZdH9pNP0s9CE6UzUvjKvHcNLg/photo.jpg,"Read about this app (and artist) in the book Retro Tea Breaks. As an old school gamer, I love this style of artwork. You sir, are awesome 👍",5,0,1.11.48,2020-12-06 06:15:37,,
gp:AOqpTOG3mUFdkVcQEClQd5BiHLUrAGjObx0FinziaYnNuptHNhWde4aGpUB0kr_2leQ5znHClWrR_YVAwwLYZA,Zander Hulme,https://play-lh.googleusercontent.com/a-/AOh14GjFIcZ_yL30DYQSXOfRuHV0Qsg5ad8H38BuF3xXog,"It's so great to finally see these working again, and having it change throughout the day as my phone background is fantastic. Well worth the price :) Only issue is that you can set it to ""background and lockscreen"" or ""just background"", but you can't do ""just lockscreen"" — but I think that's an Android limitation for live wallpapers (or just on my Samsung Galaxy S7). Either way it's not the developer's fault, but just something to be aware of if you want lockscreen only.",5,1,1.11.48,2020-12-05 22:25:28,,
gp:AOqpTOEcNApKz0oVSJcgvXFMNt0vc5VDfYDid5YBBxgb7fPZSBBv9PFdIS3UieCnmSI5plXmqZl_lU_RqhWdJg,Guy,https://play-lh.googleusercontent.com/a-/AOh14Ggq1JfVNX07A_LsGPSPdsfXDxdHeltoz764tA_kvg,It's really beautiful but for some reason breaks every few days and I'm let with nothing but a pink background. Setting it to be this again works but after so many redos i just have up using it,2,0,1.11.48,2020-12-04 18:26:36,,
gp:AOqpTOE_6ZSe72xmXCe3GC8Pjm2tmL3WdLNRyDsBliHOjH_Mckl_fzjHHLzlLo4sgRThw9KzeI8tQCl6hBGD9A,HZ,https://play-lh.googleusercontent.com/a-/AOh14GikQfL5KEht2Nb7AhgbtandNL7aceiIAnVKn29ZP-Y,Masterclass! Thank you Mr Ferrari!,5,0,1.11.48,2020-11-07 01:38:16,,
gp:AOqpTOGMXo5B-KykxpkALJ9v3QIDA7e-WLI0kUY2LDmlTt11ywc-o9PZu03aa9zG_0_9ax_sSWLDiEx7m_i3rg,Cam T,https://play-lh.googleusercontent.com/a-/AOh14Gjsb4k9-fU22erIsYDLL9qoWLLRWGNDYGYaDIxc-WY,"Thank you for this amazing app, I've finally used it for a full year! I'm a big fan of Seize the Day's art and to see it adapted for phones was wonderful. I liked the little storyline bringing life to the landscapes, and the hunt feature making me pay attention to the landscapes more than I thought I would. No bugs on my S8!",5,0,1.11.48,2020-11-01 19:45:19,,
gp:AOqpTOFVJv264oGva8w7Qx8VKOJOJNWsASo5AAYBZ3eu3gHUePgz5s54PPAQAJKM50-4OAfnk1PXRt1rac8pZw,Brandon Blume,https://play-lh.googleusercontent.com/a-/AOh14GhDsG0mv1Yll7-Zig-e1eGCXYRTBwpza_RBZ3TSsA,"Absolutely incredible pixel art by the brilliant Mark Ferrari. And not just the images but the preparation and setup that went into the color cycling effects for the rain, light, weather, and other effects! It's all just one image of indexed colours shifting through various palettes! Truly remarkable! I also quite like the journal entries and hunt checklist which keeps things interesting and a bit of fun. I want to play a p&c adventure about what these intriguing journal entries describe!",5,2,1.11.48,2020-10-31 21:58:39,,
gp:AOqpTOGpQCzthXTrG_lUju7vWTsEmCV5bd9Rc4wEoB4jnf0HkH5LOU9htJKU3DpWtkapN7y887RiGTJFVTp8Gw,David,https://play-lh.googleusercontent.com/a-/AOh14GhM4FyVvDsx4dUKK-LPt011TDm3ct8HyKLQzrOrTw,Pixel art masterpieces. Download this if you are even slightly curious. You won't be disappointed.,5,0,1.11.48,2020-10-16 16:31:15,,
gp:AOqpTOGDN_QI5eYMTzfi758PckTPQBXJpQqwxGTZ_O3RfZL_PNe3cGHqOyhX9SrWt4fRSbU7ab64Qhc8l4GogA,Gregg B,https://play-lh.googleusercontent.com/-AFJGvBjAvFo/AAAAAAAAAAI/AAAAAAAAAAA/AMZuuckOiX4fAeuoFsEf3o3yUOlHtCtPYw/photo.jpg,"Absolutely beautiful pixel art scenes, I only wish there were ambient sounds like the web version! It's the only thing I think is missing. A lovely app to fire up and get lost in for a while.",5,2,1.11.48,2020-09-19 03:13:15,,
gp:AOqpTOG3XaMeAt2J-hyeGq3EK4KS-7AZftHzLu2hICqCRCuF3RzOd7KKiMpyCeLzwHY2ILQ2R50u-V7w3b68VA,Patrick Mcwilliams,https://play-lh.googleusercontent.com/a-/AOh14GjDeS28RxOznut5Olfw5wPBn5qM5tT-Nr2LigbMqw,"I remember when these came out as a Chrome Experiment! I loved watching these. A few notes/suggestions though: a) there are some that were in the chrome experiment that aren't in the app, b) I'd love to be able to set the wallpaper to a specific time (i.e. night so I can see my icons on my homescreen better)",4,2,1.11.48,2020-09-09 08:43:18,,
gp:AOqpTOGe6tInW7NPkX-K0eeIVjxEVya17OgNx3UHmfl2Hx3TUXba5ClmMdijqSkjmOKyL0vgkG5-xuc53aH8Wg,Martin 'teadrinker' Eklund,https://play-lh.googleusercontent.com/a-/AOh14GiF06My3EyqHsr_ZfP_kOychawnUZ7lWERRrx0iSA,"Amazing artwork! I love these animations since way back! I only wish the bottom android bar was not bright white as this is distracting for night scenes, or maybe it could auto-hide? (this is Samsung note 8)",4,0,1.11.48,2020-09-08 16:26:49,,
gp:AOqpTOGSRl9JQVa0fhHq9PsgDmkaRoNg366VjKgr5UQHrELP5tL6WkT9cEUqD2TX7rND1UkIht50hphyCeWcPA,Juha Meriruoho,https://play-lh.googleusercontent.com/-Oty1fBPj9ZE/AAAAAAAAAAI/AAAAAAAAdy8/AMZuucm_7wiJvZeYcWxPUAJGIIVxy5y4Cw/photo.jpg,"Fantastic app, updating to five starts as I promised earlier once all issues were sorted out. Absolutely beautiful Mark Ferrari art as live wallpapers.",5,1,1.11.48,2020-08-17 09:19:20,,
gp:AOqpTOEpNYt2m8WSqa4oVDI_CAV0iButCKoe_O6mhU1PHx3z5UQx7CUJ4UGSB_29GKDlVh5lzWO4BLIcJZEHuA,Daav Valentaten,https://play-lh.googleusercontent.com/a-/AOh14GipKUkJU4QPG6m6pHuE9WT2IEUF_ZrDIUtBLp6-aQ,"I love the art, but not only does the app frequently break, but the lock screen also just doesn't work. Enjoyable app worth of support, but not functional on all but standard devices.",2,1,1.11.48,2020-08-01 12:31:18,,
gp:AOqpTOF-x5iogxWIX1r5Nf8SgBy30rcbOobdexhBj6GQDOa2ianIBkeGnHcWo7XwvXWfO1j79cBT3J3_sDhBpg,David Beauchamp,https://play-lh.googleusercontent.com/a-/AOh14GjpGIy0pPyTA7GlG6irExQk4cJvxguAvJWxPNR6BQ,I absolutly adore this app.,5,0,1.11.48,2020-07-28 05:57:59,,
gp:AOqpTOHXwPRMJW7DfFIoTXWEu-2PR9pW7bXTwfCBt9JL75OwTN_zgPq8Z73rNdSPKlk51EPM6moG9mWKlzAPXQ,Alon,https://play-lh.googleusercontent.com/a-/AOh14Gj4JhSnOOKykZp847U-rPgPR-Bx9DViunsGTT0-uzo,"Absolutely beautiful, highly recommended for anyone who loves Mark's work. The images are detailed enough that a co-worker confused them for a photo at first glance; yet they reveal their full pixelated glory at second glance. The animations are smooth and subtle enough to be visible while not too distracting. Update: there used to be an issue with wallpapers set by this app resetting after a few days, but that seems to be resolved now.",5,7,1.11.48,2020-07-24 02:41:08,Good to hear!,2020-07-28 10:09:22
gp:AOqpTOGy0TDTZnoWkLbPk1mYxu-6ztPuUCXUot2-T-q1lKC0uRrPrAKiclM3YH6w_YrmrJcb3C3dYcyCxxUjqg,Garrett Rolland,https://play-lh.googleusercontent.com/a-/AOh14GjzqeSnzkPDvE7M41iGZXwzu9WzbK6ABXacJYx0,"It's everything I wanted since I first learned about Mr. Ferrari's art from that effect games website article on color cycling. I only wish Mark would make more of this awesome pixel art. I know there are other scenes made by Mark that weren't in the day planner, I hope to eventually have a way to put those up on my phone too.",5,1,1.11.48,2020-07-20 19:26:15,,
gp:AOqpTOHD_EsqjtK_16OgayPT1v1KUmriO_6xJ0BU3UQZOvtAkDMTgrQLFR8MUOZcauAj8fjIoOvEmXkcY9RbOQ,Matthias Götzke,https://play-lh.googleusercontent.com/a-/AOh14GiCfHhMtL2kpDfBdoeduZtkPCxAHIY6GcvQ5dbJYw,"Very cool for fans of pixel art. Sadly having to re-set background multiple times a week (reverting back to default background on both of my pixel phones). The art itself is magnificent. Stunning what can be done with just palette changes. Edit: it has gotten a lot better about not resetting the background now, but it does revert still (just not very often anymore, maybe once every two weeks or so)",4,3,1.11.48,2020-07-18 12:59:50,"OK, good to know. Unfortunately I'm not sure why that's happening. Have you tried the ""alt wallpaper tech"" checkbox? It doesn't seem like it would address this issue, but it's worth a try.",2020-07-21 10:53:45
gp:AOqpTOFft_VAJhfD9zBpaT8fOHQ-GmgiLuxl6uaXSxqPstqeA46e7BeLiLi4aTPiZ4DsmeV4kbPeY3Tm8jPIew,J Bové,https://play-lh.googleusercontent.com/a-/AOh14GhaPajJS_N1scImiLkRwbSD_iOBUoOUwbm74zwC8k4,Absolutely stunning! The 8-bit color scape scenes are amazing. And the level of details are fantastic. Love the Hunt and the Journal features. Also great how alive the scene seems. It really gets my imagination going. And it brings back fond memories of my teenage years discovering early video games. This is a gem and an work of art.,5,2,1.11.48,2020-07-15 13:41:25,,
gp:AOqpTOHs5Hq1z4uhWNbHRQZEACc7NwAWSHW1kkzZIDyNuM0j6fT5eMUEhGGlYtJxp8X1jFsgmPuyMqXvBgrpTg,User,https://play-lh.googleusercontent.com/a-/AOh14GhJ_7CnSarkAvViQqvoWucORVhQbPxvtAq9PTc64EI,"Should be able to use parallax effect, maybe make it compatible with those popular launchers or KLWP & KLGT will help? And add some widgets (clock, calendar,...) would be nice.",5,0,1.11.48,2020-07-03 09:43:25,,
gp:AOqpTOGmAFBW-sXXgtOmPmZw6WECHkfOPcuZ9Ne6tLQk5TdACkL8xZxlZ3dT108vJtDhcjWQMGYTJRdClHSe1Q,clam,https://play-lh.googleusercontent.com/a-/AOh14GiwIIj2zvs4eegJPqXuLRzIgakAxX45ehE_xYzH,"Gorgeous wallpapers, they deserve 5 stars but they disappear and need to be reset every day, sometimes twice a day. Please fix! Edit: fixed! :)",5,2,1.11.48,2020-07-02 01:22:52,,
gp:AOqpTOEwmdun8fzMojQtX22LQj_xYar_TFDZBmwkfW9VDmb-UassybXXjZdfKTyv04EHh2pmptQzt4NjqQf_8g,Zachary P. Hill,https://play-lh.googleusercontent.com/a-/AOh14Gjt657vU0RVppj-MS69ewjl8LFQxvPYK3TbQ1-sFA,Beautiful pixel art live wallpaper.,5,0,1.11.48,2020-06-16 14:55:37,,
gp:AOqpTOGjqQtN3tk-UnfWJEnXNCfkpH7-xW33R4m7ZbUxhWU1MuWiZebbDcS2pwk60urhEHaTkwzjMEz1h7ARHQ,Maksym Rozwarski,https://play-lh.googleusercontent.com/a-/AOh14Gh3ODFxv9C1bVMwxDvyZWFWRUjjltwGLax96pDV3Q,Breathtaking,5,0,,2020-06-15 03:04:05,,
gp:AOqpTOFI7s6GH3FTXOzsYJpwaAwva23GSeLeQV2-EQ9ZO_m5ChDGinYetAhn8cCAdu9eSkwuxvMl0QVoaFKf9g,Ilya Rezvin,https://play-lh.googleusercontent.com/a-/AOh14GgAgQSi0im-B-wAS1i2qUu90rlu7ZJ7VzdkJVqJ7g,Great retro-style animated pixel art wallpapers,5,0,1.11.48,2020-06-05 07:35:03,,
gp:AOqpTOE2CVLxyGLqojaB6zpgz439GemhY2D8sdiD8_uDJdws9IXm-o-F0KggIEDX-_H54vJwEiS5NfzUJ7300A,Metanoia,https://play-lh.googleusercontent.com/a-/AOh14Ggp7z80nAaYXYdOlXIrqSFB3lwMkxoLROJjiU0U,The absolute best wish they'd make games,5,0,1.11.48,2020-05-15 09:52:43,,
gp:AOqpTOHsNjCqK_N3SBmThYpe4Q_TTG9Mgb6mNRs_0x351BN1SPLoMaA_0mv1mk5IZbLOQd9d1Q5buE737DdiLw,Tim Swast,https://play-lh.googleusercontent.com/a-/AOh14Gh5sN8v_c5OH0KMXRgmhJpOt1at6dRZL9mnH10E3fQ,"Gorgeous scenes. Perfect as a live wallpaper These scenes may be decades old, but their still perfect on modern devices. I love that it's a calendar, with a new scene each month.",5,0,1.11.48,2020-05-12 14:33:49,,
gp:AOqpTOFuc2JvUr2Mnj9iTmW65X56mHlPPvXD28DeS9tF-wdO6vro4Nqov_wszfGEKdpPWTUNXzFnpNrmdtUzZg,Chris Magoulis,https://play-lh.googleusercontent.com/a-/AOh14GghjMKVClgDhGYGTiNaey7UcUzPEFkCFRsIJVSV,Thanks for adding zoom setting to the live wallpaper!,5,0,1.11.48,2020-05-03 13:38:06,,
gp:AOqpTOFVdigH5niLYGQL13FVYPRuNr72CSvtc59nIfnFvITZpYvYXXTCSv4sWOSG1L6QoKCS7MqciKwnwlh0vA,Rafael Vaz,https://play-lh.googleusercontent.com/a-/AOh14GgW5JzC2X3ii3pG1QKdkbcc8Kls1uPPFxflGaq0ym0,"Love the look and settings. Incredible wallpapers. For some reason tho, when setting the image to wallpaper and choosing home and lockscreen, the wallpaper is only applied to the home screen. Would love to have this on my lockscreen! Would easily become a 5* rating. Please try to fix this.",4,1,1.11.46,2020-03-28 11:34:43,Strange… I'm not sure why this would be happening. Is it still an issue now?,2020-07-21 10:56:50
gp:AOqpTOGuicn7VXR_Kg6tqIvCRd1JYzfM4UGttuCRHNre59pCL9r0FNONBdvleZgLe99qZdWig7LluPP0pjNrlA,Philip Villars,https://play-lh.googleusercontent.com/-5gU60FpqO3g/AAAAAAAAAAI/AAAAAAAAAAA/AMZuucliFKCFe92xmacpISvowYtYrJ8uhA/photo.jpg,Love it,5,0,1.11.46,2020-03-26 05:23:18,,
gp:AOqpTOGMgt5QoSXpsYItAZPU4xLNlasZBuCgj9UpG7YnoB9D451hYhpszBeuyQ1nCcSp-2-VEA88qUO1Ec5yvg,Paul Suddaby,https://play-lh.googleusercontent.com/a-/AOh14GjuBARMKrVzV9NDXOvd3TM8b3fnhjr-WJnUeFsDDg,I absolutely adore this app! The dev is super responsive; he helped me fix a bug I had and now everything is working perfectly. Will keep this one installed for a long time.,5,2,1.11.46,2020-03-17 06:52:16,"What kind of crash? Does it just go black, or is there an error message? Is it still happening? Please email ian@pixfabrik.com to follow up.",2020-03-04 11:21:20
gp:AOqpTOFQmIPdibJ78LSDUez2QKctB3prQme1rx3t-DkhqJvs0caXmDIRq-bL1aDWpJRLp8SHJjp-vfAEqXFfzw,Thanasis Antoniou,https://play-lh.googleusercontent.com/a-/AOh14GiEbVDqQsTkTQmI0mKRz8Z7Sy2In0Jv10y06D9n7w,Really cool collection of pixel art. Amazing how great it looks. Had some issues with live wallpaper (was being disabled turning the background to just black). These might be resolved after the latest build.,5,0,,2020-03-06 01:41:52,,
gp:AOqpTOEAlxttdNzPBeRujBVoCPIVQwb5uqX_h2ga2idljoyKWpwhH5z8nHjHK4ONfKGhkqCBJ8eOoPANLn2yJA,Miran Pobar,https://play-lh.googleusercontent.com/a-/AOh14GhnBX_T_BNpLHT7i1VE8PI2VBfN35zbm2Jd-WTZxH4,Amazing art!,5,0,1.11.45,2020-03-03 11:10:26,,
gp:AOqpTOFZF9FX3e3NFwAq-2LGsuxV9ZTy-pvvGLJeMdi9f1TYZJlmGTecUwrain_vd-CAGW-Hqyc4dIpP7wyB1g,L G,https://play-lh.googleusercontent.com/a-/AOh14Gj_hISzWDPALt4Zo4UHhPhFIgHkDHCtr41RBnuiOfc,These are beautiful quality live wallpapers! I'm glad I found this. Thanks for (re)creating them!,5,0,1.11.44,2020-01-30 12:31:31,,
gp:AOqpTOFPxBs9WJIeLBZMkcusZASSTGXSpvXLK4SCsEl0JLBM3jzgdR7e40DBOJV4doB4qVqOqQn--5eTFx9TMw,Cory Roberts,https://play-lh.googleusercontent.com/a-/AOh14GiFKJSGvTcrBoDZfG46azNGGzV9zLWGjQ_6Fnt9ig,"EDIT - Fixed with update! Awesome developer Beautiful but live wallpapers are buggy. If you view other months that your live wallpaper, it turns the live wallpaper black and I can't find anything other than a reboot to fix it.",5,0,1.11.44,2020-01-29 18:52:43,"I'm trying out a new display technique in an unreleased beta version that might fix this… Would you be up for testing it out to see if it works for your phone? If so, please email ian@pixfabrik.com.",2019-12-29 11:32:03
gp:AOqpTOHMq_F39va_pqV-vOQWQglTYoH2M80Xi5yX0OluAPtbie1M1LJDSa5VKycEhOiQCeLLju0OI4MiFecWfw,Ioan Floroiu,https://play-lh.googleusercontent.com/a-/AOh14GjUZ5UzMqc8zhzdTDdz05ZaPpThES3o8JZ-6vHXA0o,"Amazing pixel art by the grandmaster himself, Mark Ferrari. Thank you!",5,0,1.11.44,2020-01-27 13:31:10,,
gp:AOqpTOEtt7aF3xKmaeJftf75EZHmwFRKwZ3nBaqf4TL51KsDbaLLPoWpETo4W7iac4huoE3VlNB1QoVXlPNPfw,Richard Bonnette,https://play-lh.googleusercontent.com/a-/AOh14GiqdCrQ3KNrvS4chVKrzasxxmpyLStW6N0SGZy8,Amazing Worlds! Loved this since the original program came out for my computer. Get this and tell someone else about it!,5,0,1.11.44,2020-01-26 06:05:11,,
gp:AOqpTOFKaIo7w3zZBQWQodHHxO_LO3hHdmIRpouzhLPqJWMB_TpI0myIsrj0c6vh6XIIhMp3eywYodVdXSyrTg,Rachel Meenan,https://play-lh.googleusercontent.com/a-/AOh14GjSdufstbmQ1HMlohEiC-0jtLbeWyiF6z3IrQ1z9Zg,Absolutely beautiful. I love the moving art and the stories that accompany it. I've been following for a year and I don't plan on changing my wallpaper.,5,0,1.11.44,2020-01-19 21:50:48,,
gp:AOqpTOGtWkQS73K1gmGizmCLEoeR5sLIAflQgNT4qLhj_6-5mQcpi3Eejy_gfhK_APuRxYGahf1Ng02Cu7Xeqw,Sean Biesendorfer,https://play-lh.googleusercontent.com/-L-LeQVUCv14/AAAAAAAAAAI/AAAAAAAAAAA/AMZuucnTJYrUeqn7a3dHBQmMmwT6h5-9ag/photo.jpg,Such amazing pixel art! I really like the subtle animations and changes throughout the day. 5 stars for the artwork! Maybe only 3 or 4 stars for glitches and the wallpaper sometimes just being black. Seems like it could use some compatibility updates for more Android OS flavors like Oxygen OS for instance. Still my favorite wallpaper app though despite annoying glitches sometimes! 😀👍,5,1,1.11.44,2020-01-19 13:19:03,,
gp:AOqpTOGiXnkgBXr4P2uFiVyd31Yphc3z2xaWwPqalq29tVgOt3ZN8ErceDtEW6yFPiNm3KAlRSW9gxkxklW5Zg,Laura Clary,https://play-lh.googleusercontent.com/a-/AOh14GjRu22lNWVMxotMAVeFAUTCof0djtlFlzUZ6Izfd1w,"I loved the original on my pc, so happy to have it back all these years later! It is an app that was ahead of it's time!",5,0,1.11.42,2020-01-04 09:45:02,,
gp:AOqpTOHL72zCA4m63D9TUXmOBkLdFjPRUdIudcoAUEsUoPh_dWTARzKuGea-C8JJfJ1iNmjQhTg5v6K5xS9U2w,Marc Milligan,https://play-lh.googleusercontent.com/-d0oFuxrDUig/AAAAAAAAAAI/AAAAAAAAAAA/AMZuuckR9bKnpIn9MoIccD6WP7ZF5EjyAA/photo.jpg,"Stopped working on August 1st. Still not fixed. Update: fixed, and worked until the last day or two. It stuck on October and went to black. Manually chose December yesterday and now it only shows either a blinding white background or a dull grey.",1,1,1.11.42,2019-12-27 18:16:19,"Strange! Well, I'm trying out a new display technique in an unreleased beta version… Would you be up for testing it out to see if it fixes your issue? If so, please email ian@pixfabrik.com.",2019-12-29 11:29:57
gp:AOqpTOFS_WaamZy7j_i2cXQdjnbu8JFpeoVppVP9g5D8lHS7Hn1TmErG8QGoLIYSme3acaK1ubxlNvriuN_QNg,Joni Johnston,https://play-lh.googleusercontent.com/a-/AOh14Gih8wZoHKe5CQZGuIykm2BSp5LE-DoN16EksGzCwA,"This app is lovely and now includes all 12 scenes! I'd seen the original art ages ago and I'm so glad to have it in a format where I can actually enjoy it. This was certainly worth the price I paid for it, and I can't recommend it enough to pixel art lovers. The most frustrating aspect is that you don't have the ability to adjust the live wallpaper's cropping. Most of the time this is fine, but in December's scene it drives me nuts that I can't center the view on the house @_@",5,3,1.11.42,2019-12-22 23:47:51,,
gp:AOqpTOHLVBkhCvETjur-o6wSuMd9L9Ky3To1RFFFGFtZ08n_--ykL_fiDizcGx3bAJERmmMkP5ruIr1EL24W4g,Karen Bennetzen,https://play-lh.googleusercontent.com/a-/AOh14GiuxKLa6l64bHJntUonrUvJCozll8EE2HFsiimHIw,Beautiful and great animated wallpaper,5,0,1.11.42,2019-12-17 22:40:33,,
gp:AOqpTOERY4kHVvP1LV129Ngs5h4jP-FId0t1UVRZqniPjbk7-FWBasfK7CZGCgamIDvUEGukJfj_-84MaYQiTg,Cassandra Tassoni,https://play-lh.googleusercontent.com/a-/AOh14Gjh8CI8qjGYopQ904tbxIQ8_k6mhbwbJE8ZZ7yl6qg,Really beautiful and magical. Is it possible to make it so you can change the way it is cropped or allow scrolling so we can see the entire image? I only get to see the entire imagine in the app itself and I am worried I'm missing things because of how cropped it is. Thank you thank you!!,5,1,1.11.42,2019-12-04 17:53:30,,
gp:AOqpTOF2iCMNh0FITC4EG8tF4g6XS28Whx-dS6QsjaQPsLOoWOimnh1jnmutnoKD5KpjXhpgYCgEP9mICGfLRA,Linda VonBraskat-Crowe,https://play-lh.googleusercontent.com/-U3162N55Dec/AAAAAAAAAAI/AAAAAAAAAAA/AMZuuclj2iQmhfdwCIJ4c2ZFwaO4UabkZQ/photo.jpg,"I love this! December is my favourite month scene, followed closely by May. Luscious and gorgeous!",5,0,1.11.42,2019-12-01 22:52:46,,
gp:AOqpTOFYBbdl7z1BT2SFh6SWTi6wCBG9pzeUiRYnHF13dJqrJv12BczAS8SzBlc6kPlXYtWgf2pF72TLjHrPGg,Mike,https://play-lh.googleusercontent.com/a-/AOh14GgTynXyokGiaFgrXI4T7ugBCpIXypJgR16vxGOX3g,"Near instant response from the developer, that's great support!",5,0,1.10.38,2019-12-01 18:00:56,Sorry to hear that! What's it doing? Please email me at ian@pixfabrik.com so I can help sort it out!,2019-12-01 17:28:18
gp:AOqpTOHr1CZQiomS5Iy6FIlJ7F3dzGlCC9SwOggWnk0Dr7AZkxRDFJafukOYkw8jPIQVt--qWG-M54sjBWPzfQ,Mitchell DeNolf,https://play-lh.googleusercontent.com/a-/AOh14GjdTtH6kaoJsDYbAMBlBnL9I5F7vwcL03oH2T991Q,"The app works really well, it has all of the beautiful pixel art that you would come to expect, and it even has some surprises like a shooting star or individual lights turning on and off. However, there are still a couple bugs, like when switching between wallpapers and some other features. Otherwise, very cool app.",4,3,1.10.38,2019-11-18 08:08:41,,
gp:AOqpTOESW7u52w3fsMJTEw0qk4bcE1J9_S-KCemBog_vEyzhxeR5snsNnRbWkCc1JRU9iYwi01WV-IeVDJFJbw,Anaxias,https://play-lh.googleusercontent.com/a-/AOh14Gi88_h6saiP-eAmLIZI_CvLqtqzlJ5HK1EdyFbS,"Found Mark Ferrari's amazing pixel art collection years ago, I'm so happy it was made into a living wallpaper app! The wallpaper changes throughout the day too. I love it so much!!",5,0,1.10.38,2019-11-06 10:47:39,,
gp:AOqpTOEXHze8OocX-iB663hGQB5e9Tw4uaNgSBB2jgFCqlls5nx_I8Lzvq_9dG9YeP-GH4YAICciN5zgUol_EQ,Nick Tollett,https://play-lh.googleusercontent.com/a-/AOh14Gj2NHU5KPXeH_jXKLKeejBBOWt2TRrufxpRkS_vGQ,"Had to restart on the Galaxy s10 to get it work, but now that I did that it's 10/10! Seriously some of the best live phone wallpapers I've seen, and the knowledge that they were created a year after I was born sort of hurts my brain",5,0,1.10.38,2019-11-03 23:26:44,,
gp:AOqpTOHNqzVMJd763_9B2LZ8wWAad3ByIDiq93PTVSYDdcVuVmYXHw83dbszTKss0Ko6hTVDxVxAFFyrfrJ_IA,Michael Straight,https://play-lh.googleusercontent.com/a-/AOh14Gh7SfnPR8aRlu988rrM56Ri8FiE5BJG8wnVhOX4,These are beautiful pixel art that are ideal for wallpapers. November update fixed for me whatever was conflicting with the recent Android update. Thanks!,5,1,1.10.38,2019-11-02 12:00:30,"It looks like the ""blackout"" we encountered with WebView 76 has partially returned now that WebView 78 is out. Some people say restarting their phone fixes it… Can you give that a try? Contact me at ian@pixfabrik.com if you need further help.",2019-11-02 11:47:43
gp:AOqpTOHJET3Q90Ai2DeP5C9avYHkynL-qn-td7y4K5K1QePh-pbSz3atcaT4oKg8SesxzZVMFXM6Y6LBELX0Pw,Adam Bryant,https://play-lh.googleusercontent.com/a-/AOh14GhwaQB9VW1Ew2s9gwZpNsQMxKNhlVGDHNAGkWSSqQ,"oh my goodness, i cant believe this is available as a live wallpaper. i have loved these images for years! fastest purchase ever. Still excellent.",5,3,1.10.38,2019-11-01 16:10:14,,
gp:AOqpTOFAAkOgvKmCEwnHFQOQuISWNymvp3snen1hSE6rzkJAlEZZHJe-39_FxNqPeqfVfojAghdhEQzSjDAxxQ,Andrew Boulos,https://play-lh.googleusercontent.com/a-/AOh14GgCkZtWt12CYuxGsfYM3znSLT0Ob04YkNhBUtV8Hg,"I really like it, although I wish I could set the time for my live wallpaper and keep it there instead of it just defaulting to my current time.",4,0,1.9.36,2019-10-08 08:29:47,,
gp:AOqpTOFFeiUGs4e9EDFOEswJ_ZEVy7cahYe6N94OBdBoaO1ddJsoGesw8mXuyhgDmcirkCB0nCgFZ0GqdnVzuw,joey fatone,https://play-lh.googleusercontent.com/a-/AOh14Gh5pyHcXC0zwOXhQHi0XmW5bmjgNffDsjR1KGQrRfg,"I can't believe I woke up in the middle of the night thinking how cool it'd be to make Living Worlds a live wallpaper for my phone. I jolted out of bed ready to do some coding, but lo and behold. It had existed starting this year! What a great coincidence. Fastest 2 dollars I've ever spent. Looks as good as I imagined it would. Remarkable and timeless works of art. Thank you, thank you, thank you.",5,1,1.9.36,2019-10-04 23:11:25,,
gp:AOqpTOFtBna2UXzg4mlGReS-CkusPwSQ-tAXcGrIEqh9F4N3K4QH_XTbsR-bb2j69C4j3Inj10nrKu6gMfbP0g,Nadia Chassis,https://play-lh.googleusercontent.com/a-/AOh14Ghv9NNuRfVSFe6W9lrNZg6-1J9CGNg8uSMu-_AfZA,"An issue where the live wallpaper feature didn't work has been fixed, and now works fine. Watching this lovely pixel art change throughout the day as I check my phone is a real treat. It's still as gorgeous now as it was 20 years ago on my old Windows 3.1 computer.",5,1,1.8.34,2019-10-02 15:39:16,,
gp:AOqpTOGkNnTX726Zi5UmXWsWbFHryELCl3GWjzYXBEiOwAXOsXXJteex6EMoHIs6rPzVJRuM2PJlcnS7fL2iWw,Max Silbiger,https://play-lh.googleusercontent.com/a-/AOh14GgIpodNIXS4zbWPMOqhCqa_5q3uDUncR2wOYKU12g,Beautiful artwork!,5,0,1.8.34,2019-10-01 07:16:54,,
gp:AOqpTOHI6Qn0qvfNCCK7WJxSkIuaSKZHTCwBeURq-iU9nv2uDWNgS1lq6dimgyWh6KoZTKrhxN6qGFnqdetvVA,Steve Manzo,https://play-lh.googleusercontent.com/a-/AOh14GjldPbSI-kyrB6H-EzvOODsLXjnWzugEw97UUPi,"Edit: Live wallpaper works great now, thanks! I remember learning about the seize the day program and the living worlds artwork about 5 years ago, and I was delighted to see that the amazing pixel art has come to Android! It's great to see the art live on in a modern format. I can't wait for the live wallpaper functionality to be restored, but until then I'll be enjoying the art work from inside the app.",5,0,1.8.34,2019-09-22 04:34:59,"The new version of Chrome/WebView (77) is out, so the live wallpaper should be working again (assuming your phone has updated). Please let me know if you have any trouble with it!",2019-09-21 16:40:20
gp:AOqpTOF1DiBFhZqOl7d2gdIkUUvIRcQR2OUP_ZRHNztkKDYno8GQlSHRE8EJSPjeFLhDBmLsM1S4mvecTGt-Jw,Tom Schultz,https://play-lh.googleusercontent.com/a-/AOh14GikA2vIroedhEsofMhGnnU-fBXTenmCdj9sMJ4xqw,"Amazing app, five stars if it wouldn't zoom in for the live wallpaper!",4,0,1.8.34,2019-09-21 11:41:14,,
gp:AOqpTOFGnMoX-oKcKZtyYYOKkVvmQYKTLiuuk5rAkx5Q6LI4RLreIM82werawy_452Gib0LLqEQeWhHxMsUpSA,Slow Cloud,https://play-lh.googleusercontent.com/a-/AOh14GjASA0-yVqZ1N2aK_ZnBqy5-L2UfOiIZFtZqgKmgw,"Quaint scenic app. The live background feature is working, and the small narrative developing through the logs each month is a cute touch. It makes my phone more personal and brightens my day. I look forward to each update.",5,0,1.8.34,2019-09-21 11:04:20,,
gp:AOqpTOFRJdVZz6kTqAjHgEyhbn8dhb4XG7kSpM7eKSFSB9zumus0J7FJbyWRbHQHHm_UU0SiVQWx44ON6EcDiw,Zylphia Sepiida,https://play-lh.googleusercontent.com/a-/AOh14GjhYdkZDpagyzrnBl_-QrldibiAn7S6mZWSgZuUQg,A e s t h e t i c,5,0,,2019-09-18 04:39:41,,
gp:AOqpTOHt24Xt970F2Hh389okZQ60gdo2Cz6kZMN0VPVFAwcx8rqmHCoR6RSroKH80_X7PJjZfuC-OGXeeVxRZQ,Walther Brandl,https://play-lh.googleusercontent.com/a-/AOh14Gj2B_U5Qc1NCANMvLetMOxNtTVVXxMyDaBBd7Miaw,"Excellent graphics, cool live wallpaper.",4,0,1.8.34,2019-09-18 02:05:28,Looks like you got the live wallpaper working :-),2019-09-21 16:36:26
gp:AOqpTOE7mA47gikVW9FJQzNbjN-6cqa51sllCJAuUZgEQwZYCRlUN7Rfyu7yKxejL_RR1yPFADKRt1yUrHitvQ,Smaz Vaile,https://play-lh.googleusercontent.com/a-/AOh14Gj--5oJmlOS4e8fg0NFkYFqdGBy5jmnPNEx2Y5UoQ,amazing,5,0,1.4.24,2019-09-15 22:53:52,,
gp:AOqpTOGm_7bwVngi0THXMmvtY_pEdSu7dXa5icBlvUzCT5WwHAeYm_nmQUP4a77nKLl8iyugL9vE3fj1mYRF5g,Eivind KB,https://play-lh.googleusercontent.com/-nsgXFM-8TaI/AAAAAAAAAAI/AAAAAAAAAAA/AMZuuckU79O_J2EhRIygiDCmddJbpgkcRQ/photo.jpg,"Amazingly beautiful, i just wished the live wallpaper could move as I scroll horizontally through the screen. The art and my screen have different resolutions so it is already zoomed in:/",4,1,1.8.34,2019-09-15 13:02:02,,
gp:AOqpTOFwW8fIiqou4t1jwVoQggn5drbmPtfxOoKMC42YXo5-ya3ucgb6UvmpLLhzuO6c7-0zkc6ZhWK6dRHFTQ,Andy Vanoveberghe,https://play-lh.googleusercontent.com/-i2541x3zd-c/AAAAAAAAAAI/AAAAAAAAAAA/AMZuucn4QdvdiK_rlJqQwn1hDPJ6ggnrvw/photo.jpg,I abosuletly love this app. I recommend it to others constantly. I'm so happy to have it back after the Chrome 76 bug. Its the only app I have ever paid money for. Thanks Mark!,5,0,1.8.34,2019-09-13 22:54:38,,
gp:AOqpTOFOEe11prJgiebJMGcz52fg0qkLG0JWwlYMfG3ON2qFHxABjlmxgzH7DgH9Fz8UzVISfQNE1yJKR_rYOg,Aidan Edwards,https://play-lh.googleusercontent.com/a-/AOh14GhtoZ6sW09yzhq9wWoIh55ipyNfuKW_WU65k7D9TTE,"This is the best $2 I've ever spent. Could you maybe make it so that when we scroll left/right on the home screen it scrolls through the scenes? We can see that it zoomed in when we disable fill mode in the app, so there's the space to do scrolling.",5,0,1.8.34,2019-09-08 10:56:23,,
gp:AOqpTOG-beqBcwUsXrjxZnMXZgpNA-XQqmTQhQ58KrCKyb204IqueyyWTgG9_UqvMYcxXo5smEzVPIk0FvJ3mA,Leslie Solorzano,https://play-lh.googleusercontent.com/a-/AOh14GgoS8a7TDCciDXLJspJ5nutO-ldbAYGh1O60cVyOg,"So soothing and sweet. I like to look at it and see things happen. Rain, lights turn on and off, little creatures wandering around. It is very nice and interesting!",5,0,,2019-09-07 07:10:59,,
gp:AOqpTOF-K6CMlR22uKjyPXSANbLoPQolS2_Th5z0KMel25BIH7s_ZTCSsmm9isvEmSsZ29a4Hxl829ty-uI3zg,Antti Ranta,https://play-lh.googleusercontent.com/a-/AOh14GgIYca5Ep5r9JXcCHsiMdOim1ZzVK5IDV1fibJTpZ8,"Loving it. Here are a few suggestions that would make this even better: 1) Parallax effect (i.e. background pans when swiping across home screens), 2) Option to fix the wallpaper to a specific time, 3) Matching the local sun set/rise times, 4) Matching the local weather",4,7,1.8.34,2019-09-02 01:49:56,,
gp:AOqpTOGIAs02YdvHuwGCMzea9S09omvtojydulJlx9PNd8PLZy5ck-No30wnSU5WVStlT1nGyjDWoVdrPaNQdQ,Anna Dunster,https://play-lh.googleusercontent.com/a-/AOh14GjYDzOuR9d7pRnORy6mIuTuEOEJDJj8rOTuv2abqA,Beautiful live wallpaper experience! The scenes are fantastic and there's always something to look at. Better yet I can go into the app and always find a scene and time to fit my current mood!,5,0,1.7.28,2019-09-01 09:38:42,,
gp:AOqpTOE1pQ_hwIjZ3_GwuAOdEaGya-zU1mcls9uVJ9AGww2ZjVc22zEp9Y9hjE26SDQ9La3sNikUSOCN_6KaAg,Jacqueline McCurdy,https://play-lh.googleusercontent.com/a-/AOh14GhY9JqfViJRDwB56aizgSvCNy0uNYiOGJlrMJWs,i love it so much. i unlock my phone just to watch the beautiful imagery and chill out. today i took a screenshot because a pretty fish swam by! thank you so much for this,5,0,1.7.28,2019-08-20 14:47:05,,
gp:AOqpTOGOi_WrkVuLgOf6sIuCv3lE-zdVhqsDQrVqtDU1VYKjh2q8YV29_4U2iNDU-tmDL-Fteiv4MneLU5Fz6Q,Dustin B,https://play-lh.googleusercontent.com/-y9ObEB3aoMU/AAAAAAAAAAI/AAAAAAAAA0w/AMZuuclfG0TrT9rHhV-KkKQAhnQHl-oRzA/photo.jpg,unfortunately the august update broke the wallpaper feature. its just a black screen now.,5,13,1.7.28,2019-08-18 14:58:47,"The new version of Chrome/WebView (77) is out, so the live wallpaper should be working again (assuming your phone has updated). Please let me know if you have any trouble with it!",2019-09-21 16:43:36
gp:AOqpTOEQBWqqMeaQKUHSfoi_9xvZMa2iNrhHEOopyxPYbZ0148HW7bTjL1aIKj6xUwfqRrOWvqZQhZbHmtBLWQ,E.,https://play-lh.googleusercontent.com/-trApbL7SFxY/AAAAAAAAAAI/AAAAAAAB_Fc/AMZuuckmtk1Kg5Or-pdfkT3dy07x8-EBSA/photo.jpg,"The scenes are stunning and the app works well, but the live wallpaper (the main reason I bought it) is just black. Edit: Nevermind, just read the description.",5,1,1.7.28,2019-08-15 11:30:46,"The new version of Chrome/WebView (77) is out, so the live wallpaper should be working again (assuming your phone has updated). Please let me know if you have any trouble with it!",2019-09-21 16:43:44
gp:AOqpTOGzPOBw1wAG0ZJMG-xGU40i7JqkPMb-6Z1EIpjSlDwImThmuBnSSp2iRD0OMXEuIYvvRWwvSv6gSQQeNQ,Diet Soup,https://play-lh.googleusercontent.com/a-/AOh14Gj4uFPqJRWWB8_WStEJos38lWIJndLUAAKc3I_gVQ,"love it, fun and pretty",5,0,1.7.28,2019-08-14 15:32:47,,
gp:AOqpTOGIyQmW2OXgl6CdY6QmItwijo-0SoWpt-gmLw9vTHwVfLi_i1GySYjt-1SFgdfW-tIU70Q_P7xPtISd-A,Nathan Campbell,https://play-lh.googleusercontent.com/-K0AUkM0Q6D0/AAAAAAAAAAI/AAAAAAAAAAA/AMZuuclZMuUgfA8wXRQ1iYYYHrsS33fnjQ/photo.jpg,"seems cool, but why doesn't the live wallpaper function work on my Samsung Galaxy S9!?",3,0,,2019-08-09 07:56:51,"The new version of Chrome/WebView (77) is out, so the live wallpaper should be working again (assuming your phone has updated). Please let me know if you have any trouble with it!",2019-09-21 16:44:09
gp:AOqpTOHrWNjX4UWBDprD4oCO9Hln7khbDSMYM0PLyKutgjjMRJmL2NFSAiPKzMKJp7pTaQq8vYiUocB16mXLvw,Joe Doss,https://play-lh.googleusercontent.com/a-/AOh14Gg238cmEO7zsahuPNeAwzuNSMP2DYnZOEjTXau4fwM,Awesome app and a responsive developer. 5 stars.,5,8,1.7.28,2019-08-06 22:51:34,"The new version of Chrome/WebView (77) is out, so the live wallpaper should be working again (assuming your phone has updated). Please let me know if you have any trouble with it!",2019-09-21 16:44:34
gp:AOqpTOF7oM9prgnv2l8iC6XRpjLf5T4Fy4h9EH1AR-OInIf2XtcG_vNgnpNI9KQqsKbYgXdCqy8WBRbArGxV7w,Justin Brown,https://play-lh.googleusercontent.com/a-/AOh14GgUf8eaQJBhzOzqpizIdEtwedFeRAAQBM5bMwTprQ,"I've wanted something like this since since I discovered the art. I made a version that runs on a raspberry pi for my desk, but this app is way more convenient. Also you should add in support for a landscape mode. I found on my pi version that a horizontal stretch looks perfectly fine.",5,0,1.6.26,2019-07-25 10:38:20,"We're using the portrait-mode artwork from the original 1993 app; the landscape-mode art from the web demo doesn't have all of the extra features, and the copyright there is a bit muddy. More info: http://pixfabrik.com/livingworlds/support/",2019-09-21 16:47:26
gp:AOqpTOGQbsgVbl7ZtJFRKy4Jq7D7k9vi6Agt_uQIqJVZa_Y9hQJeCgxR4IKfcIPSgOHJwqjF-rQE54b-P75U0A,Michael Serio,https://play-lh.googleusercontent.com/a-/AOh14GjnX4BStPo9oKnF9bVJMW25l77onF2q_d9FWWqB,I honestly can't give this enough stars. With the addition of live wallpapers for your phone I am honestly surprised this app is still free. LOVE everything about it!,5,2,1.6.26,2019-07-16 10:01:13,,
gp:AOqpTOF7z3y9tSKzyhusZy2jA_9MO2B-UpnNMpupPbjm7mxPiM8VNZA-cgX7fE5iWPgvmxJ7U6zNQ24PoVwQ1g,Nico Cho,https://play-lh.googleusercontent.com/a-/AOh14GhB2q-QeeflVkcymPyrbUrYXL5Gmwn3a_IXj-wXiMk,perfect,5,0,1.6.26,2019-07-08 00:56:02,,
gp:AOqpTOEWsdluJMZNT7jhs311IC2EVJg-5c_er9KjdD_UXJXHppvATTS-5bMMK4WDG7w_CXuIarNHiXnuhEGKQA,Grigory To,https://play-lh.googleusercontent.com/-3GSMXeEQjIo/AAAAAAAAAAI/AAAAAAAAAPo/AMZuucncHcv92Hkd4mr2GRMZmS27YRcHyg/photo.jpg,Beautiful paintings. I love to discover all these tiny details every time I use the phone.,5,1,1.6.26,2019-07-07 00:38:32,,
gp:AOqpTOE_B-swpOqD3GP9R6dL5KMWmYpVarDCFc9YbpS3GFgCLRY6WIUAvsyqLN0gmuuAd5MMvMJZi_DRm7Vplg,Dave Oshry,https://play-lh.googleusercontent.com/a-/AOh14Gh7GboBc8G5gFDPlYWBeKkDuS7AfS4c4H8O7i_AwQ,dope af,5,0,1.6.26,2019-07-04 03:06:32,,
gp:AOqpTOEWRXSlLBpNUuyqCv1aXoO9YA1E74-rnbVIJl5whaUqsrbboZ-TISFoSSMcRRkXjnfG8pkNdlfzvUiDKA,Marcus Riemer,https://play-lh.googleusercontent.com/a-/AOh14GgcxQjrCo5SqpS3YyWlSPIAId1YfSV4fbB3Mgqn,Stunningly beautiful,5,2,1.6.26,2019-07-02 12:50:00,,
gp:AOqpTOGfMMXdYZdhzTiGKnQvlxWvhY84b2KCNfWOPBNBY8UHXRVv97EFNNONfhaoU6QhSOavYcem4RUEo749Og,Andrew Zemienieuski,https://play-lh.googleusercontent.com/a-/AOh14GiRqvv6SZAsIhZO9RMCaY6MVtvnLp8wJ4aiZh5mLA,ive loved these art pieces since i first saw them almost 15 years ago. now they're a living wallpaper set and i couldnt be happier with them.,5,1,1.4.24,2019-07-02 07:27:49,,
gp:AOqpTOFdT9YBQd2wpcmm4nXio38WRjBT68umjmmpZe8i7J-rEXyWkdmzdlr56c_HKCgFH9ElG3kL_TTT9D2axA,Taylor Mccue,https://play-lh.googleusercontent.com/-Gng3KKSm0ig/AAAAAAAAAAI/AAAAAAAAAAA/AMZuucnS23R9Iaq_UFJeJdVB-hUVl6jhdw/photo.jpg,I look forward to each months new wallpaper. Seeing this wallpaper brightens my day.,5,0,1.4.24,2019-06-30 18:39:02,,
gp:AOqpTOFf1KOh_SePlgjKq1L2YNbMFirPuSmOih9MKon-E8EcqwICmH3mUSp7hkK_yUVtPv4n9uhxSBdpKMb3Uw,danyukhin,https://play-lh.googleusercontent.com/a-/AOh14Gj7HT-FcWuX3vPkidbhYuYt2Bj0k3MIz3CNHiL2OQ,"great art, but it's been cropped to fit the phone and there's no way to turn off pixel smoothing on my Galaxy s3",4,0,1.4.22,2019-06-20 10:29:30,,
gp:AOqpTOFRFKI_GXxZM3KIYQvCBHdAVcEOf1xhrpECD4FgZThZo3b-BYuikMnXoUvueB9TJjERTGkYmIaN44O6QA,Julia Sevin,https://play-lh.googleusercontent.com/a-/AOh14Ggm7v6zE79RqduagwvhTn8ALoJArew9zxCC-j_KIUc,"I love this app! As a kid I loved reading books with Mark Ferrari's colored pencil illustrations, and playing the early computer games that he contributed pixel art to. Now I can look at his work every day! 😊",5,2,1.4.24,2019-06-16 17:28:16,,
gp:AOqpTOEPJUgFjaKsaxu06_jE7qXlMb2EXeq8DjS73kpHZD6YQRx5pZ92EEbX03S8ZMHEXoCK-W9Fqr2SmPodLQ,sleepy avery,https://play-lh.googleusercontent.com/a-/AOh14GjIeaHJeI1SzmwEe2gOAVRl49juirLgWJ_pPaPbEQ,Absolutely stunning app - Finally a live wallpaper worth using. Would really appreciate an ability to cycle through each month every couple of days or something though! June's one is a bit boring to look at compares to previous months.,5,1,1.4.24,2019-06-12 19:07:48,,
gp:AOqpTOHYaRGBrdaRWOq2UKW0L7yzSfkKfE40CVB4Dffc0NV9XF-tUQvdAl27N9CKrs2ijnYO44-AtID7Fp3GdA,Athene Allen,https://play-lh.googleusercontent.com/a-/AOh14GjctsfhzaWCrzM7Rx-gmaVAY_-9tKNaBYFfiuHfYQ,"The art is stunning, and in motion is frankly incredible. But sadly on my device (oneplus 6, android P) the live wallpaper does not function correctly and gets stuck on a single frame of the animation, which only changes if you enter the app itself and exit again. A fix so that the wallpaper works as expected would make this a five star review straight away :)",3,1,1.4.24,2019-06-08 00:17:48,,
gp:AOqpTOHXtYhPh48evXhsSVJIqwvpHBiDsEyaiVhzRlufpH89PkRkzFWGT-jYUPpKYTxAYssvWuRjJv6CMQ3Wfw,Minerva,https://play-lh.googleusercontent.com/a-/AOh14GhjCVn93eEq8iyLnStTX_MyMRdmD9TlRdOhi_nNIQ,i love this app!!!!! the art is so beautiful!!!!!!,5,0,1.4.24,2019-06-06 14:49:11,,
gp:AOqpTOElNK3UBvIQKFRZvVCADKyPz67ifpX-BvN4mOhhQG2E0m3Dq_5nqTunX5pirzxUPg40cmVeaPITdt4yog,vilmibm,https://play-lh.googleusercontent.com/a-/AOh14GiRjjrDhaQWpA6V3FaeC2dKpV3EZESJhjPhRfjGEA,makes me happy and relaxed every time I open it.,5,0,1.4.24,2019-06-03 09:08:59,,
gp:AOqpTOERUpcg7Nf5xWjkX9qcbFmaO104THECruTBeNGVkhdoZ5qv7H0TF1Nxs-1m53Gqqd92fukMU9D2uLkBww,Chris Horner,https://play-lh.googleusercontent.com/a-/AOh14Gg4no43TGxaeR_fpjG1M9UI7VFjKjCB-glR8Md4mg,One of the few live wallpapers you'd ever want. Nice and subtle; absolutely stunning. 👍 It'd be great to have a setting to cycle through these and get a different one every day.,5,1,1.4.22,2019-05-31 16:25:44,,
gp:AOqpTOE-XBjA8z3nKObicYBFuFt9gQmNsNe-YdRsMcBFaMHD1pZEkZRRYWv3Hil_6B8Vfydd99d-x4DeDSLRGQ,John C,https://play-lh.googleusercontent.com/-n7fkCy8twoA/AAAAAAAAAAI/AAAAAAAAAAA/AMZuucnKO12se8bAIDF-0Gxu6paddbPBag/photo.jpg,"Kinda cool, but only seems to be one image, not five like the blurb suggests",2,0,,2019-05-24 06:10:35,,
gp:AOqpTOF528Uic2RKUoVlvlzUvkyvdTH5AMDpfyF7SN7agkgaMy4Mxpog31YPMdocrP6FaVK-mNbJCQ3fn1TrUg,Matthew Thompson,https://play-lh.googleusercontent.com/a-/AOh14Gh_Lz6dKWOP8wpHmWZ1jaxFHnTFF_tQlgOByzlNhcI,Amazing art and a steal at two bucks. There's a huge amount of variety for each scene and even some easter eggs for you to find. If you loved old Lucasarts point and click adventures you'll really enjoy these little worlds.,5,2,1.4.22,2019-05-21 08:32:57,,
gp:AOqpTOFV_dXljMBob_3fJcGuatmT4QWY6Pq1ayyrNKu9Cs8TXcyitskyuCmT8VNxaF8-QG8TwWybphJsp5BYBQ,David A,https://play-lh.googleusercontent.com/a-/AOh14GjyW8ySTTwse2y3OrkWEpN_3Ivo_sDh_bz8td9bfw,"Delightful to see these living worlds once again. I had enjoyed the HTML5 version some time ago, and was vaguely aware of the original program, seeing these wonderful graphical showpieces again delights me. The scavenger hunt and logbook are a cute touch, but one (or two) small touch may be missing if you prefer. There is no sound, and no screensaver option. Otherwise, fantastic all around.",4,2,1.4.22,2019-05-10 22:28:44,,
gp:AOqpTOGAnc0Cdt-lVwQO_Nu-YKTJBd6Uoc9qKHXmAWhBuR8AIP6b9Rf_SEq2XATkbtcgMbeY0C_u9aXNxoERsQ,Ferric Foxide,https://play-lh.googleusercontent.com/a-/AOh14GhGow3TlkXaTHNPJODFtlFtzTVJInBES1KmfymqN8Y,"I've never felt the novelty of a live wallpaper -- until today.  I eagerly await the monthly updates but with the 5 months already implemented (and honestly from what I've seen, mostly my favorite anyways), I really wish I could rate it beyond 5. This recreation of such classics is astounding.",5,4,1.4.22,2019-05-03 20:59:44,,
gp:AOqpTOHRP4oZx17zlhHtHCDwT5LcL1fb4qOXt5VO556_Q9f9ix0VY2Dcm-Q8Set0vmc66m1ujQtzC3RvuG6SVg,Ned S,https://play-lh.googleusercontent.com/-v_pz9vl7Gs4/AAAAAAAAAAI/AAAAAAAAAAA/AMZuucnStwPFQHBFOBSelJkIW8NIT4Rjsw/photo.jpg,Amazing!!! I've wanted these backgrounds for years and I'm extremely excited that they're finally available--and from an official source I can support as well. :],5,0,1.4.22,2019-05-03 17:15:14,,
gp:AOqpTOHeq4wNxm12aeTAUaeFJNsik4043_F-p2e5ZJxzY0ZFvefOqd5ShCF_UDLF-dPdaRa4dpgymbkpiJwEYQ,Razvan Popescu,https://play-lh.googleusercontent.com/-BD8puXJFMnE/AAAAAAAAAAI/AAAAAAAAAAA/AMZuuck9lai2xUkYt6uGORA-1jlSxGxm7Q/photo.jpg,Extremely well done wallpapers however I cant seem to be able to set them as live wallpapers on my oneplus6 pie stock launcher. All I'm getting is a white background with no movment present. Please do something about it. Update: after fiddling around with it I got it working by cycling through a few static wallpapers before selecting it directly from the launchers settings.,5,0,1.3.20,2019-04-25 13:46:28,,
gp:AOqpTOHfcD9QUl7CyNLZGuI_bfB5_kKGCIiV-9nQqj0DBZ1agmWJQWst04ZaW5sGGBBDNbGLFV2WApFSpMjf2w,Travis T,https://play-lh.googleusercontent.com/a-/AOh14Gjn3ECqPqExnUlv9USgQZZQ5F2gmBDYfQ0862HN,"Very beautiful, nice too look at and has smooth animation. Very low CPU usage as well. Would you be willing to update the app to include offsetting the time of day for each wallpaper? I've noticed that you can skim through the time of day while previewing each wallpaper, but cannot save them that way. I'd like to try and match the sunset in the wallpaper to that of real life so that their timing is synced 😁",5,1,1.3.20,2019-04-20 16:41:04,,
gp:AOqpTOFSiB7OM8__ZDc2Xn-5ZVG-GmUk-0kf21ax-f0rEKIQxGc9Xbqwzm391hCcdgPA9lID6l399O_vPoTZ6g,Derek Douglas,https://play-lh.googleusercontent.com/-g9TR1pITyoE/AAAAAAAAAAI/AAAAAAAAAAA/AMZuuckPkQZ22FOLVooXESaJ3lagRrLM-w/photo.jpg,the only critique I have of this app is that he hasn't done this for every single one of his works,5,0,1.3.20,2019-04-17 05:12:57,,
gp:AOqpTOEXJYKtNc3RCmKgkv3jlOlmJNE5ZU09D57rqdetNRoh-PSBbPrKY2W8LwISMA76IT1HXPwrr3kLw2YHqw,Will Graft,https://play-lh.googleusercontent.com/a-/AOh14GiwD1XQ0oxCpycUbrHXrDnfa3rZ_dMfgzMYMo5OlQ,"I was a big fan of Seize the Day and pretty much anything Ian Gilman touched (Ishido, Heaven and Earth etc). This does not disappoint! Its a beautiful experience and I highly reccomend it! Now if we can just get Ian to remake Ishido.... ;)",5,0,1.3.20,2019-04-10 07:38:46,,
gp:AOqpTOHOe_7aw30NsCdnJsB0XEhCDiLNQOu44QmVax5_kp5tJcZ2nbpHn7cWYHPDGjXpSBs2rweQqVCxTmpBsQ,Joseph Cassano,https://play-lh.googleusercontent.com/a-/AOh14GjhH5Q4D2tSRa6fWOobJBM8-sDDC6TbcInCaIDLuQ,"Absolutely beautiful. Now that Live Wallpapers were added, I had no choice but to dive in. I love this art. My only suggestion (hence the 4 stars instead of 5) is that it would be nice if there was an option to use the full zoomed-out scene for the Live Wallpaper; yes, that might result in black bars around the image, but personally, I wouldn't mind that. Alternatively, if there was also a way to move around the Live Wallpaper so you could choose to be zoomed on a specific part.",4,2,1.3.20,2019-04-09 13:14:32,,
gp:AOqpTOHfQcC1MLu3Eo1Jl3S6RjjNmnZilICNdlQXt8k_1o82KvKrxJ6wjzbZVRQiRWFbJ9Ue2JpwI_xzc2Rj2A,Vincent van Hoven,https://play-lh.googleusercontent.com/a-/AOh14GgBgySdf25qbl3QMyYBlC7AHyOcDZDh7ExVz2ZTkA,So utterly gorgeous and unique!,5,0,1.3.20,2019-04-08 13:48:05,,
gp:AOqpTOGUtwluDfX5LMh4ONu6YTtdC678jcfoQaC22i5DKCCHrVNeEZ6imElnk8QH-ztVTa_8ZFj2xPYrEbUjOQ,Mia Pleasure,https://play-lh.googleusercontent.com/-w9q0yVC-N9Y/AAAAAAAAAAI/AAAAAAAAAAA/AMZuucny_GtNhVME8haOQPIE0QT4dICmlg/photo.jpg,"I have dearly loved and enjoyed Living Worlds since the beginning.  There has not been anything like it ever since... I do miss the journal and daily sayings with the calendar and wish you could bring those back too:)  In the meantime, I am enjoying everyday of my Living Worlds on my desktop and phone.  Thank you so much for listening to your avid fans and bringing back such a beautiful daily experience:)  There is a beautiful world and time of day for each one of us.",5,3,1.3.20,2019-04-08 09:59:34,,
gp:AOqpTOFmdwXMmNcblJ2wwsxlvwG-GuPR0Bpqu3IlvN3PSA7XiTvn0PIuxH5As5jWuFcxqiZBFwYdOaJuyVCXJw,Bobby,https://play-lh.googleusercontent.com/-luveYOXTpjc/AAAAAAAAAAI/AAAAAAAAAAA/AMZuuck868SLd9VyIjzQ73gojVJZTtg6mg/photo.jpg,With the latest updates this is now my favorite app ever. The pixel art is so ethereally beautiful and seeing it every time i open up my lock screen is a pleasure.,5,2,1.3.20,2019-04-04 09:47:30,,
gp:AOqpTOGskeJNJ9mD3w_qw2BPOi1JKaZt1tAOyf7XH0BIHzzjDAp5d9EzMBwjotxYCJ4PvWJAsa-5YRrUC7TnYA,Cecilia Cisar,https://play-lh.googleusercontent.com/-pCrCQhFfXnk/AAAAAAAAAAI/AAAAAAAAAAA/AMZuuclz_hS-OZiBS1SMETjysCYNA8t05w/photo.jpg,Finally a live wallpaper!! Absolutely gorgeous & I can give it 5 stars now ☺️,5,1,1.3.20,2019-04-02 21:54:54,,
gp:AOqpTOEZOHBXQZm03b_C3hfkGg3BCZvJdYqEdA7TWk1jaGHEaRDdSOmVwOFavUGvokTgqmt_0Ioj7WAR27pX4g,Hrvoje Peradin,https://play-lh.googleusercontent.com/-znTvPT4qDew/AAAAAAAAAAI/AAAAAAAAAAA/AMZuucndDrGWjQQOU9d5jZxXSDLACG-9bw/photo.jpg,"With live wallpapers - fantastic. Would be nice if the fulscreen version of the wallpaper zoomed to the ""interesting"" part of the picture, instead of the actual centre.",4,1,1.3.20,2019-04-02 02:43:40,,
gp:AOqpTOEosJW9o6jKZKO-fQzfaR4l86Id-2HlQOf1xibGftH__q_Kx16WjERXfvUo1Th6QyvBH8TDbDTL78kBpA,Maxime Lebled,https://play-lh.googleusercontent.com/a-/AOh14Gh7JQjzg_fCzaMOrXShBxZGoo50h_ub1zCtFeH32yg,"Absolutely fantastic, and the live wallpaper feature makes this absolutely unmissable",5,1,1.3.20,2019-04-01 10:59:18,,
gp:AOqpTOFevBuD58Zm11x9mXvNspdkiyHgKnE1Ba4hrhiijF0ZeQo-AqdsZuMQOWFi3NcmXfQ5-4Btoj8tN1TYzw,Steve Coupe,https://play-lh.googleusercontent.com/a-/AOh14GiBhJjXRfGs6NeihWjlrCOFVM7C5W7ZrfdYDlj4ZeU,Fantastic! A good rework of the original software! Now with live wallpapers!,5,2,1.3.20,2019-04-01 09:25:23,,
gp:AOqpTOGH1QnQUVxAGhQynls2ctZ6SfSCBWn8D8gikoCOHWPb1D_MhgnNQ6XriFAhrD6cjl4pKuVmd0mQkwk7Qw,Daniel Wishart,https://play-lh.googleusercontent.com/a-/AOh14GipCGP8LcQUcUESAad0e3ylT-yxWpejwuIGFrCM4Q,Beautiful!,5,0,1.2.12,2019-04-01 06:43:09,,
gp:AOqpTOH9toMrmywj3VmsUZAkGamX1XLsxdIQXrZLIZPOHxUtN7O0Z62nLUPcbbCHYi9AtnPQ2hC1tfpyfbbI9w,Daniel McLean,https://play-lh.googleusercontent.com/a-/AOh14GisRKrJVvYcdaAVPxVgOuU58QrOARxHzZh347trrw,"Amazing, the first thing ive ever purchased off the play store. One suggestion would be to have landscape mode.",5,0,1.2.12,2019-03-17 18:10:38,,
gp:AOqpTOEG0dFdI_XmsDrckoBnl15yaL8BcLPsSqsHpclk6PKb6kHjqjVFPP3dXfJh52xmkt4nGcrkRG_n9qnOHA,Christen Lofland,https://play-lh.googleusercontent.com/a-/AOh14GgBi6mLJmDN78Xv2sd2z58aROn7pgmvlIp8pGo0jyA,"This is so wonderful. I've had copies of some of these for years that I enjoyed, but not easily. This app is something I've wished for. I plan to hang some old tablets on my wall running this app. This app also keeps getting better every month!",5,2,,2019-03-03 09:04:57,,
gp:AOqpTOGIB-qI3LmJS8VVoDpchVtj6kGMmzlZKo-GeGpM6IHkO36QYayNU5soPv6I5jQ7sCnLTzr-SF_M5jzw5Q,Mark Bradley,https://play-lh.googleusercontent.com/-b7Q_QLzEL1M/AAAAAAAAAAI/AAAAAAAAAAA/AMZuuclceVEpB5Xje4Ra35WNb26dLb49Lw/photo.jpg,love your pictures. looking forward to live wallpaper and all the other pictures.,5,0,0.0.9,2019-02-16 20:16:15,,
gp:AOqpTOF-q_Nus3uzXnF_A9wCdlGqQoFo4too1RSmjBBVZrYfssiZ2TFSqvOi8Q5eQxDggryNds6bX4wpHbiheA,Chompy Cipher,https://play-lh.googleusercontent.com/a-/AOh14Gi7EZepe4nluPKT8LgA8JdDzH2VQJGoMpVnTF-NJw,"very pretty, but a live wallpaper version and full screen support would be very nice. edit: full screen support added! thank you",5,2,0.0.9,2019-02-14 10:58:00,,
gp:AOqpTOFGEbMAerl_I2qhnocxcRcLTLnVPyKl4MqKzM9qEs3CRoZy9vb4QehQgP0f0vvqEU-sn9B5OCjcLTKXLA,Lumi R,https://play-lh.googleusercontent.com/a-/AOh14GjztTnalTzAccQJr6i-2NkPDburtfiUtlhc88GO2Q,"Nostalgic, beautiful art. So happy for this month's update!",5,0,0.0.9,2019-02-02 09:57:23,,
gp:AOqpTOENRFI8vdqE3VTnUfeTaPwczp1EWOmXLCV92ihwZRhwvcrGh-4iRvYcC4w4UfOebtJ9o_pYVGvjs6U9wg,JP LeBreton,https://play-lh.googleusercontent.com/a-/AOh14Gg0EbDQd0TsEeutV-ke6Nv3yfN9Si5gDCE8sXvXm_k,"Love it. This is some of the best pixel art ever created, and it looks really nice on a HiDPI smartphone screen. Eager to see more scenes and live wallpaper support added in future releases.",5,2,0.0.9,2019-02-01 23:25:26,,
gp:AOqpTOG5nlnjkug7F6_oDgfKYkMwfCK8Q-Wkg42GUBf5O28goZ6nxQixuvLRPn5s-GxpsTWVT11tDuMs_yhOTQ,A Google user,https://play-lh.googleusercontent.com/EGemoI2NTXmTsBVtJqk8jxF9rh8ApRWfsIMQSt2uE4OcpQqbFu7f7NbTK05lx80nuSijCz7sc3a277R67g,Needs live wallpaper support.,3,4,0.0.6,2019-01-06 21:43:37,,
gp:AOqpTOHIpGRGDvuWNUU8dfRYlr9zqMxtGZ1J5xKsjIS2qyNmBuxpHyrB4pbU6Y4HpVewuTFe24gX3AYtxjvUfw,Criss Franco,https://play-lh.googleusercontent.com/a-/AOh14GhrAizyOCJsocIyybRYvNPdqbIYRwN6VXHrD3lnow,Amazing art! Would love to see them as Live Wallpapers someday. Nonetheless I enjoy the sceneries.,5,1,0.0.6,2019-01-05 12:38:11,,
gp:AOqpTOEY6Io4DvPYeOGcGcYvujB6HeV8fnoevadnBOMIKJQA3LbfiPuOtZRyx_gvFasSlnxGvK0Wl6X8NcAUoA,Nir Harpaz,https://play-lh.googleusercontent.com/a-/AOh14GiM3q95R7N2ZBsvd-fefGQBXXotmrp3CGdSCN6qvw,"Gorgeous, but I purchased it thinking it was live wallpaper. THIS IS NOT LIVE WALLPAPER. Not sure what I'm gonna do with it, but hey. Live and learn.",4,5,0.0.6,2019-01-03 01:22:56,,
gp:AOqpTOFg3t1_RlSun1Im3Xac1UYyrtGXU2pgj31C-6-JAKD_adyvJmYQb23Y9cc_dPzreSc2DdyRonXaypQJvw,Lance,https://play-lh.googleusercontent.com/-eEeuuci7qDE/AAAAAAAAAAI/AAAAAAAAAZ8/AMZuucntGO3Xy34446HzSttzFfjDMbQtYg/photo.jpg,"After all these years since the Seize the Day calendar software, it's wonderful to see these living worlds coming back to life. As others have said, I'd love to have the ability to set this as a live wallpaper and/or lock screen animation. Also, on my Samsung the image doesn't show full screen. I'm not sure if that's intended but I'd love to see it fill the entire screen. Anyway, the app has only just been released and I'm really looking forward to seeing new worlds in future months. I hope this app will receive the support it deserves so it can continue to grow and develop. It's beautiful.",5,3,0.0.6,2019-01-01 15:59:46,,
gp:AOqpTOF_ZIRJYdmPWDakPU24xXvw0w3aemvZd2xkhjA5XVt7y-14Yld3tDwrH8Cq5DEArppJZILUAP-qF_GzHw,Corwin Brence,https://play-lh.googleusercontent.com/a-/AOh14GhacdEG9MtuZpde-3OJL0nVkHnvuSFBVph-xpgb9g,"Bought this right away to show my support. It's pretty nice so far, though could it have Live Wallpaper support?",4,4,0.0.6,2019-01-01 15:37:20,,
gp:AOqpTOEUOAPianj86_r0XeA2DJ_O0wxeMUNRvRq2abqMAN4OxZOBPkwBG-9neh6HTY5Iybrap1S0B1XSkQj2ig,Shaun Thompson,https://play-lh.googleusercontent.com/a-/AOh14GhRgDE3s-VmEAVkaHIFkCzT8j4K8kZywzqS5nqKsQ,Brilliant! I stared at Seize the Day so much back in the day. The only thing I could ask for is a live wallpaper so I can stick this on my lock screen.,5,6,0.0.6,2019-01-01 11:13:18,,
