reviewId,userName,userImage,content,score,thumbsUpCount,reviewCreatedVersion,at,replyContent,repliedAt
gp:AOqpTOFxE-9gUJS0elk4ILwtmMzDO8EVfhJm9foAvlHAkqwcaSGcBn5AcYzS8QQgVBddSakTMGBP6xzESeQjFn4,Rebecca g,https://play-lh.googleusercontent.com/-k8oZwfwxaJI/AAAAAAAAAAI/AAAAAAAAAAA/AMZuucnXM69aVYGU21Ng_SjdS5zYAYBobg/photo.jpg,"Extremely helpful developers! Helped me with my initial issue, very quick response. The app itself is great and I love the parental controls it has. Very pleased with the subscription",5,2,5.1,2020-12-03 18:14:29,,
gp:AOqpTOFzko2Vay_VzPQKhK6ICfajpTPcWKQJnwGpMor-KosTwOCmrr9L44_30vByDTvG3d80A-e1Fgcn4vO1haI,Eliyah Johnson,https://play-lh.googleusercontent.com/a-/AOh14Gh2W-F3goAyO91Tv8aOX0sl4k9EvSJsoYUkTlnv5A,It good,5,5,4.1,2020-05-07 18:50:05,,
gp:AOqpTOG3ZYB1B2yKBrW4fjTG4cOzApHwAGOAGzxYlP3-MPgFmiFwIY9S2R78fO0MXZiHCpIgVHZcAvjOpQ4Eny0,Jonathan Weems,https://play-lh.googleusercontent.com/a-/AOh14Gi21I8yG78zC1ExxOdymC2cCCG-vpKNkmvytusEpQ,Much better than other educational apps. I got the 1st and 2nd grade program and my son loves it. I bought other educational games like ABCmouse and removed them because RosiMosi is much better.,4,7,4.1,2020-04-15 10:03:49,,
gp:AOqpTOEr19UZhxm_zJAwLztWnVBF7pfGNRTWKHFvki_0CpKIlS9io34V9kTBEOhO0tfXxYgzyLmwok2Vqrq4-Mg,Ian Mills,https://play-lh.googleusercontent.com/a-/AOh14GgoEuR4wR7q1Ss-mppEQCfMXnCR__AmC_XvFPsORw,Very poor. Doesnt teach kids in any way... just able to test what they do/dont already know. Was hoping for alot more from a paid app...,1,3,4.1,2020-04-11 22:10:37,,
gp:AOqpTOEEGMzSRAo_GfjGBgaJE-ikrMNQGpjNMyovh15uN_06TxPfn6CQw_wj1G2QgNEGJU9mUXYCaRA-DKWD3wA,Veevay Crisp,https://play-lh.googleusercontent.com/a-/AOh14GhBuf6H3WF8Q8PGi2g7aIGO4cUq6KrF3APgfq_P_A,"nvm, I change my mind I learned how to do it. Thank you. (•‿•) I like the game",5,0,4.1,2020-04-09 17:36:37,"Hello, what background are you trying to change?  Children can unlock backgrounds for their sticker board, and you can change that by tapping on the student/child name on the main screen of the app. Please email us at help@rosimosi.com if you need more help!",2020-04-08 08:10:51
gp:AOqpTOHUubyOvV4_PpL5cR1YUV1_yRN-sM9YBUsaFWV14WCvA9Ur8lpVo2QSBluc0DoTea6FZV7RcY98EckTaMc,Luke&Eves Hangout,https://play-lh.googleusercontent.com/a-/AOh14GhTC7_HJPpJ2VvpnRbREFNywFxYT34RUolPg6jl-7c,"Amazing, awesome, best",5,0,4.1,2020-03-20 08:25:25,,
gp:AOqpTOG8EJuPzZscUsByUw2l5vUFDZNOMXeu7XlSIXTQN-RXyBSlQrCeOuWM4Vpb60xJFgvYA0qXK2UB4DqrTcI,Michael Vogel,https://play-lh.googleusercontent.com/-PaPfiH5R5eY/AAAAAAAAAAI/AAAAAAAAAAA/AMZuuclQk0q7XdyKVaUUlz96iGNdAidd2g/photo.jpg,this math is amazing!!!!!!!!! is there gowing to be more opchines?????,5,4,4.1,2019-12-02 14:59:40,,
gp:AOqpTOH9BOcAof4pBOZr_S_iGTGV_DqPnSD2w2XsWrI39SbAVREwnKpcaWihT7ewg9FnH3yONu2KPnA6WJw4iuM,Amy Morgan-Henry,https://play-lh.googleusercontent.com/-XJmXDS5GUGs/AAAAAAAAAAI/AAAAAAAAAAA/AMZuucmfDbMjT_rqlYQxQDouFlQM0lhzWQ/photo.jpg,If,5,0,4.1,2019-10-09 15:22:52,,
gp:AOqpTOFBhwyG_r2uG03yWz7uG67SLutcOObfN2mgu77ljvI8w_CTuySZ0CXIv4utGroO7JBB6Vddg7pZ0PV9mZY,kemi okusanya,https://play-lh.googleusercontent.com/a-/AOh14GhBKm2Lx4uMInxWQN0m7cwZl5AoebgP5tDJ4VM0FQ,I love it so fun for my child,5,12,4.1,2019-09-10 08:03:21,,
gp:AOqpTOFQXu_u6P6gMM39blCu3QFLAMrmdrZYHygJH2NoLZvZPriKkgaVmUhusXq8cF_AKNz7DgvlSQlO8XqfmA4,Azza Vago,https://play-lh.googleusercontent.com/-hnNPfDHYY7o/AAAAAAAAAAI/AAAAAAAAAAA/AMZuucmei76YOuhvOH5TI3fGdqjqf7GFKA/photo.jpg,Very good for challenging kids ages 5 and over,5,11,4.1,2019-08-26 12:42:16,,
gp:AOqpTOFVEIZGx9voE9IFhiq_g72oKNhgvmMkUxgsbivbugdD8eRYgazhhB7lFDDKgb0fR4tY-6jI-GCfBuGg3RY,Natalie Mason,https://play-lh.googleusercontent.com/-1AiN0XhOt-8/AAAAAAAAAAI/AAAAAAAAAAA/AMZuucnCOqifi2zW201jde9G6Jf1QQVrTg/photo.jpg,amazing,5,0,4.1,2019-07-16 18:32:07,,
gp:AOqpTOG9wrMzWfAjDoj4wg3LLOQJ-kvLovksb_KpcUcKrXPK5e2lWIiNIvUGSeHfuiV5l6TdncprSHgm8OXvOAQ,WolfieUnlimited,https://play-lh.googleusercontent.com/a-/AOh14Gif9bv0uMHrJ-J-UOT6KkgrDzIi6TssiE5pUrqI2Q,love it.................. a lot,5,11,4.1,2019-05-26 16:41:36,,
gp:AOqpTOEyZEdP10YAJUaJ9ySX5bmjOZNF2M1DdE5uqbywR9cCQKL2lFPwJjBIdoG1ZdK04_eLGp3ELIfrWWPMkXM,123 unicorn,https://play-lh.googleusercontent.com/a-/AOh14GiphwLkKQ6aOpoWdeNG5bp1NmJiXimHAyzyWhL8oA,it is a fun game,5,0,3.3,2019-03-31 13:44:13,,
gp:AOqpTOFKWRM3vMmmrRs79Lqy4f-Vw_R4NDIjkD_bqgWomeZxSxYp50WcKzbAKt9dyc-2s3FaeBtMwr2iBo71s9o,Owen Voiers,https://play-lh.googleusercontent.com/-vyyd0wyxGyg/AAAAAAAAAAI/AAAAAAAAAAA/AMZuucmPEd3PnJtl15aVes2-Eo9YfzZWFw/photo.jpg,I really love this game.,5,2,3.3,2019-03-24 19:51:03,,
gp:AOqpTOFs3Wb5X7ZwhWdj22_fb9b8yjQ15HqeTgqtU_87RuYSRgmkBMoQHBpmKj7Y3vhj1VKz_ullmgeVdQVfQfA,Noelle-Sade Kolawole,https://play-lh.googleusercontent.com/-gIcMd2_Fbsw/AAAAAAAAAAI/AAAAAAAAAAA/AMZuucnyPBLN5ghDbeM1sP7NpXO0VUZjLA/photo.jpg,she loves it,5,6,3.3,2019-03-21 18:07:11,,
gp:AOqpTOF3q5j3v4zPLZ7y_MO_vENjAnf2k5bwyneR_Rk1uMKnGhQkuj-WQOr2GLfHHOlqPXQ4UCgBcQ51b-CaJG0,Paige M. Carroll,https://play-lh.googleusercontent.com/a-/AOh14GiSa4NkRsI12mOKEPQJSZTju_gQa0sC9aSQNCzK1g,good,4,1,3.3,2019-02-10 15:46:42,,
gp:AOqpTOFZbc6N1XXnh1Uar03-WOLmf_51h2V8fsY_ox6tsudS2uRY3YllmO48j7ouyiZqAIl9Hf8u-Nl6WYySIps,Nur Sasliza Ismail,https://play-lh.googleusercontent.com/-efMk9NGjbsU/AAAAAAAAAAI/AAAAAAAAAAA/AMZuucnuhmOn2DG1CGwzCI3wydKsM7VjUA/photo.jpg,good for my kids,5,1,3.3,2018-12-20 04:42:29,,
gp:AOqpTOEI-CFJaKow82ZMTXGy8Rsr3ZefaJg5QboUUMiL4EzrrjYnoVI-koCp3uie1QUOetAJcgoT4IspbIgs1Tc,john fack,https://play-lh.googleusercontent.com/-JAxzk1DxzwU/AAAAAAAAAAI/AAAAAAAAAAA/AMZuucnpXstT7GmMSL5W6yLs9P36ar9ZtQ/photo.jpg,This is the best math game ever,5,2,3.3,2018-12-09 18:18:12,,
gp:AOqpTOG4qU4b2CiVi_BQUX_XNmvWue_ABa_1kBOsTN8tBOXCvT1ErD5gCMn83Z4MjOBUR8f-O1fJvEbwruqaNRw,Dawnelle Glass,https://play-lh.googleusercontent.com/-ja6sQjCYTUc/AAAAAAAAAAI/AAAAAAAAAAA/AMZuuckJXzTwKeFhudS0HuQfGqidL_iV1Q/photo.jpg,Oops! It was the 3rd grade that didn't unlock. I'm sorry. This one works great! A progress tracker would be awesome but my kids love it!,4,61,3.3,2018-12-05 10:38:58,"Hello, please email us at help@rosimosi.com so we can help!",2018-11-28 09:05:00
gp:AOqpTOGIKy6xCJawp4w9pQH-J-4Hg26VgtWhx2rhzgJN1w8SX-23inFSV9Rv8_DmWxbAZehRIYeT-21emX8TKI4,Jennifer Chapa,https://play-lh.googleusercontent.com/a-/AOh14Gj0znPxcwaGBN5tegg5A-5eQcORkaMO3g8_Oj0WEg,It's ok boo goodnight,5,2,3.3,2018-11-03 18:32:00,,
gp:AOqpTOG_LnDtbXELMut_iZeMng68Z-Amwthcja2AJ59xiNuTlcsZszEB3GaoFnZ79LQ8oOTGJVSjqk5CLv5-HCk,Aaron Rast,https://play-lh.googleusercontent.com/a-/AOh14Gi3c_wkLQyc38zpTfQzG7lueeHGmJfErytwsaaD,Excellent learning game my step son actually asks to play.,4,18,3.3,2018-10-19 05:58:32,,
gp:AOqpTOHPtCCux2xJelJ5wihHycixfJ1TGopQ5Nl5E_IkDC5X_Jsylu3gLrbQ-7GVxqm7NS_Dk1htKK44_Z6vtdk,Nadine Seawood,https://play-lh.googleusercontent.com/-zMpMr-E4n-I/AAAAAAAAAAI/AAAAAAAAAAA/AMZuucl_HmW7h389yZD4bf7hOw_YtCoePA/photo.jpg,It is good,5,2,3.3,2018-10-18 17:51:58,,
gp:AOqpTOEJTgLK0B2aZmyHVjl_NqcYOTWAvvC_wZRIDJRiYQ5W1h2Ql19twKQotEsL95Xfr1lTkQcaf9vDXXr05Jg,Brenda Cedillo,https://play-lh.googleusercontent.com/--wPK3WQMwiM/AAAAAAAAAAI/AAAAAAAAAAA/AMZuucm-8RfOOnAmYpnjXT4eES2eMuqIHw/photo.jpg,It is cool and haulf,4,4,3.3,2018-09-21 20:16:25,,
gp:AOqpTOEYr-oBuKQgdY4VwB0Rjh5xia4fUlJa9ip9uDyxhN5sW7FbNr9hdiEgG06TFZfx95lj2tSUTr7uOjY8PW0,Obadiah Williams,https://play-lh.googleusercontent.com/a-/AOh14GhsdEBNStBx5CXoSY67W3IDIj6NNfQ80khDCQwQPg,Awesome thanks,5,2,3.3,2018-09-15 12:38:55,,
gp:AOqpTOEoFRZk0NxJWG1sR2ztIa8JT-Pi7kJIPToV4tC5xmC_UKpVmZTOUEa-jHXhx6OM70IBFWx6wBGD13Azi_Y,A Google user,https://play-lh.googleusercontent.com/EGemoI2NTXmTsBVtJqk8jxF9rh8ApRWfsIMQSt2uE4OcpQqbFu7f7NbTK05lx80nuSijCz7sc3a277R67g,It the best learning game,5,3,3.3,2018-08-11 23:22:54,,
gp:AOqpTOHqTGDEx9-VzEeRgQKtoCO3_AldCMC1YgFthCzp-cssmAv-Y74_ayENYs8-YvqFhagktOTocIp76nqP38c,A Google user,https://play-lh.googleusercontent.com/EGemoI2NTXmTsBVtJqk8jxF9rh8ApRWfsIMQSt2uE4OcpQqbFu7f7NbTK05lx80nuSijCz7sc3a277R67g,"""Thank You for making this app."" Andrew.",4,5,3.3,2018-08-07 18:07:31,,
gp:AOqpTOECrMQFumOEXcXxeyJeRPV1_umgBn8ahhqmSKhRo04amXw8GGbTQDK5XOkss1mmzE_e5bxorzWs-Myqv5g,Abdullah Al-Ahmadi,https://play-lh.googleusercontent.com/a-/AOh14GhiAnYd0mTP-nEBYGwJ4iiDv62C3M9LM_7u6mfWQw,"Please put picture s on the grammar game or maybe all games, I would like 
good drawn pictures,",4,31,3.3,2018-07-20 06:29:39,,
gp:AOqpTOHRNXEogwpiLlzUVUUmdd99kHyfx35jQu9sxTvBUy2YzT8urchjFotLO_EnlPCWsJfRYGAvDIiBENkjW6o,A Google user,https://play-lh.googleusercontent.com/EGemoI2NTXmTsBVtJqk8jxF9rh8ApRWfsIMQSt2uE4OcpQqbFu7f7NbTK05lx80nuSijCz7sc3a277R67g,Our family loves this entertaining and educational practice!,5,14,3.3,2018-07-13 07:59:25,,
gp:AOqpTOFfWg7Pp0dqjU8lJw7gGdjFX1G_iMbFB1kWaH4qPfIQ_HxmvC8tFen-sXjjUJ7VjZ6sjRn1-mTcLRdI4wQ,A Google user,https://play-lh.googleusercontent.com/EGemoI2NTXmTsBVtJqk8jxF9rh8ApRWfsIMQSt2uE4OcpQqbFu7f7NbTK05lx80nuSijCz7sc3a277R67g,KINDA WEIRD....,1,7,3.3,2018-07-11 10:06:37,"Hello, sorry to hear your child didn't enjoy the app. We'd love to hear more about what we could improve, could you send us an email at help@rosimosi.com so we can get more detail? Thanks, Kevin",2018-07-11 12:14:36
gp:AOqpTOGmAE9VWI-kZQaMkzsptlowVLRfcdy08anYuyGB7QEO6EqGN5VMftur1rc5QnV6RclJP-DAwwbz1Jr01Gc,A Google user,https://play-lh.googleusercontent.com/EGemoI2NTXmTsBVtJqk8jxF9rh8ApRWfsIMQSt2uE4OcpQqbFu7f7NbTK05lx80nuSijCz7sc3a277R67g,It is fun,4,0,,2018-06-29 09:02:58,,
gp:AOqpTOHRxBRe6qHb2HiyMZ-gcnPtrTXQT9hGTigQKUdwTLEd5u4IxBsfDeIVvVwmKdzgo9rtJatuPVKhsHSi2V4,Ankur Singhania,https://play-lh.googleusercontent.com/a-/AOh14GhCiCJkEZT_EBdztdR9aLzaTAWDTX7CmvyhTJi8JQ,Amazing app. Add Track progress pls,5,23,3.3,2018-06-14 10:53:28,,
gp:AOqpTOEuPtcLQ_2O7B4xAVVBtOWvA2GafT-QvRUf5mUozl2nbQbIyw-vgb4pFCCaJxoEzAW4-Ed_yd289DJlYGA,Carlos Galindo,https://play-lh.googleusercontent.com/-x13tuJO43LM/AAAAAAAAAAI/AAAAAAABFHs/AMZuucn3gaq0-DlPFGkRvlIeRg9HfyP1KA/photo.jpg,Too easy for year two,2,9,3.3,2018-05-29 11:27:01,,
gp:AOqpTOEVgr6YAUUeijqpIv2bhCTUIBVFrAXWXdnRooIHQPQXmba1qOfOQUR6_K-kGMujrdEYdlmLfzLFhA_inQ0,Mike T,https://play-lh.googleusercontent.com/-LW85waryzWw/AAAAAAAAAAI/AAAAAAAAAAA/AMZuuckld9JJTQthuCveoLQYDQehKmJ3mw/photo.jpg,"Game is awesome but I wish it had background for the stickers. I love the 
rest of the game!",5,30,3.3,2018-05-20 10:46:05,,
gp:AOqpTOHbitNcC2bHLiEYZCWSe2XrhcWaYiuG5-QRVSOIvprZqnB4o6ASOLfl_BhqWeZyMxWbVpkivlPwanItsHk,Gayathiri Natarajan,https://play-lh.googleusercontent.com/a-/AOh14GjCwjro3BCM-PJyQ0CjCqPI5yAQhlg3Hdf-mlLRZzk,Good,5,2,3.2,2018-05-09 04:08:18,,
gp:AOqpTOE-5nUgTWAzFo8kEONQqbwwx2b5vIhfUxT73zYlyNVrcg2Qqy5EfzzOoJ6HB9LGKqXrXIPJVWIQl75r6Oc,A Google user,https://play-lh.googleusercontent.com/EGemoI2NTXmTsBVtJqk8jxF9rh8ApRWfsIMQSt2uE4OcpQqbFu7f7NbTK05lx80nuSijCz7sc3a277R67g,Awesome,5,2,3.2,2018-05-09 02:55:29,,
gp:AOqpTOFkmpZMpNGKUEfJnwlUDIiDfkUF5DHBqrHxjPt8Rmr5sOGQ4SL4e7xCJ8lY21-DqopoAsNKWhh6PhoKYak,Luis Roldan,https://play-lh.googleusercontent.com/-Df5EsRH4Qpc/AAAAAAAAAAI/AAAAAAAAAAA/AMZuucl_bGb9K6hBiP3HVXHORmGFcsYfXw/photo.jpg,"Was looking for something to help my son in math. This covers more than 
that with paid version. Hope u guys add more to it thank u so much!",5,13,3.2,2018-04-24 20:58:56,,
gp:AOqpTOFDr66wBGoxxa5EPcOrCwxv9gsxQKZBeRJnWcNjs_SWochv9DFA64qhl_GIYszHfHjpzevmijQNxuEZyL4,Charity Amaonwu,https://play-lh.googleusercontent.com/a-/AOh14Gjh_LMhI0oP7goengFgxKbKMkYPZgU_XYV0YU2z,it is asome,5,2,3.2,2018-04-09 15:06:41,,
gp:AOqpTOHhaQm9s3jmdFZko1J6msfVV48-MvuBczlq-r0JyE2Fld6IPU-GFv_6CnuPWBaowaXBs3d2aZF_1kV-BNE,Tressa Oetker,https://play-lh.googleusercontent.com/a-/AOh14GiVtH2F9On0hqzoXht2D3isjv2SN79E0DaP0cKV,I love it im haveing trouble with spelling right now,5,5,3.2,2018-03-30 14:49:09,,
gp:AOqpTOHIq1ezG5JQcQYRTt4SAL79udCdtYIek4rhMEEDLWWwlZ0-Ly_iVNvoSMMQ9adY2o4VddSWLON-Gceh-js,A Google user,https://play-lh.googleusercontent.com/EGemoI2NTXmTsBVtJqk8jxF9rh8ApRWfsIMQSt2uE4OcpQqbFu7f7NbTK05lx80nuSijCz7sc3a277R67g,Great game. My son loves it and keeps coming back to it.  Wish I knew about it at the beginning of the school year.,5,15,3.2,2018-03-01 20:03:53,,
gp:AOqpTOGbkhAgVnkGR9Hqai6ZwR5QCe5o4-2Z3BizC7i9ikuWpl7RHRIlElDhgtwEcQtVGfkwSRN8rWRmt0fQ6Bo,A Google user,https://play-lh.googleusercontent.com/EGemoI2NTXmTsBVtJqk8jxF9rh8ApRWfsIMQSt2uE4OcpQqbFu7f7NbTK05lx80nuSijCz7sc3a277R67g,Great app,5,5,3.2,2018-03-01 05:53:45,,
gp:AOqpTOFcbVOft1XWFLJM8pa-OUqjfCFCQAXrQv2z9-FT6i-HwVDWKYLWneiwUqRk7oEJu-scCW3HdNgh46hOtvs,M A,https://play-lh.googleusercontent.com/a-/AOh14GgDXL_RgeoW1TGzZWOsZNW6Sd1Cm7pc2HEtqCFA6g,Yay,5,6,3.2,2018-02-13 12:15:57,,
gp:AOqpTOEkw8XZMfCOi9CAOtnZFUpNl-aHpxT2jm_aHBTfGNnYqKd7bk3phvFN5fpQFHexbnGlF6n6gYfUt1AFuvk,Jenni Elmquest,https://play-lh.googleusercontent.com/a-/AOh14GjNqsygyUeoTeT5jAHwwgO6DmSeJRL0jr9vGEBlKQ,"Great for my 2nd grader, he loves it! So many engaging topics, and with non-stop levels and sticker rewards this is definitely worth the $$!",5,15,3.2,2018-02-08 15:09:33,,
gp:AOqpTOFqOfm7HqHLCUtgDXj_JHS-U8Bv7CKOXaN_RcIff_YQ8M3K7ZcASrmRgg1-M36MTpoH3VNfJ55VJfvhAa8,Gina Acuña-Dyk,https://play-lh.googleusercontent.com/a-/AOh14GiNa8Zst5NBIefFzEufx_AqH5HdpQaMG4Yp7xlbaw,This is the best game ever! !!!!!!!!!😙😂😂😂😂😘,5,9,3.2,2018-01-19 17:13:03,,
gp:AOqpTOG0KMFRlfnQoXyJkDNoY6AhyeEgC0rjwN_45cM8Jln9N_dc8UWgB6CimXw7nTnGZf1CDoBAAiBbpDePmjU,Haziq Vlogger,https://play-lh.googleusercontent.com/-cRuVg_nsGHc/AAAAAAAAAAI/AAAAAAAAAAA/AMZuucnga0HufcbsutIvr2daqOMNJ_1rdQ/photo.jpg,"OMG,I JUST ALWAYS KEPT WINNING ABOUT ALL OF THIS!!?!!?!!?!!!?!",5,16,3.2,2017-12-19 22:07:43,,
gp:AOqpTOEx5FSOmRfP-tLWf_X3Zn2iImSmMPYwQ79Sw40_GDeqk9SgQmuhQPHu6aom3mrMx8O7myweK5EKiqPpn18,The Family Bouchard,https://play-lh.googleusercontent.com/a-/AOh14Gi0U_hE2Yk8kDHhZ0BiE-Lh06OFSpu4Bh4_Z6iXjg,I LOVE IT,5,0,,2017-12-12 16:46:33,,
gp:AOqpTOEYgXujx6z90RP0rUVnPhFDJNDTNPTB362AmAh7NXlL6GZA_I6j0PRN7EuM_35QVYX9Uv2RU5OQ3l5Gwsc,Nachele Wilson,https://play-lh.googleusercontent.com/a-/AOh14GgAs0tByMSjfaarosxjqyUPFO8b4wHGeWUAJtm6Lg,TANK YOU!!,5,5,3.1,2017-12-04 13:38:31,,
gp:AOqpTOGG_Ap9GevqbmsDOfkpSz0dKaq397Bj4ZK3msD-JW2W0BCXEoRMRDM1J19t-BsCbmCA5StqtcjHtTVOFNo,badami ravi kumar,https://play-lh.googleusercontent.com/-_u1WOCk0N-U/AAAAAAAAAAI/AAAAAAAAAAA/AMZuucnBM70P7CgusBuf5FX-SRgw9CTZsg/photo.jpg,Games are very much repeating.no leveling system.,2,10,3.1,2017-11-23 05:59:39,,
gp:AOqpTOEVob3Q7B4_zjqaWrzMtA3XXWMn5absnj4AXYASrCZBOQgwqtJTkwyuDwhuuIhuWV9mo2Lah2kV7ocH1iQ,Eva Gonzales,https://play-lh.googleusercontent.com/a-/AOh14GiAvLEmI9EJQamMH8To3Uhu1bj2Va4kGbNENiCarQ,We love it!,5,3,3.1,2017-11-11 16:23:39,,
gp:AOqpTOEmouNFnu52csoQ63qyNcXKEEqqjHOX6GiBMYuWiWPx0ILJixSUNmSYESmDJ-hct0ox3SZjK4-4_4Eu7Sw,The JK,https://play-lh.googleusercontent.com/a-/AOh14Gju0YWJAlLpQhg7ZdsmG7qxpQqIq2B17NGpBMdE9A,"great learning game for my second grader , helps alot . the full version of course",5,9,3.1,2017-11-01 17:01:08,,
gp:AOqpTOFSt9CYrPdUoFzL1vf-PKLcvmwd-jV9A_6SCwmRe9GlBytjpgtPHKblgbHlQeRTkKRHL_oicUxKVvmWS-I,Jac Attfield,https://play-lh.googleusercontent.com/a-/AOh14GjaMAuzXdIwErD9x33LU6CjmqIVeu9V_S_z1b46Lw,My grandaughter loves this,5,6,3.1,2017-10-29 08:32:47,,
gp:AOqpTOHf4XfLHbMt9HU9t6AFogLPACxKs9gPiEF4UrZMcXqVbQvzvVgSz9YMF4OH4q_HA3RRdhTcgzzOTO1gAwM,Dash Waterman,https://play-lh.googleusercontent.com/-vv9lbBommhc/AAAAAAAAAAI/AAAAAAAAAAA/AMZuuclkOVTn2uaJzfLxYpmWKLdxLSuq6g/photo.jpg,A lot of deatals,5,5,3.1,2017-10-28 13:12:20,,
gp:AOqpTOESeKFf-eqeZUdQzPelih-PtbRASElRhAZp0Dznb69DvkHeD09E4P0PW94ya-Ys_cIQSQqs5W2SlmtXRks,Yvonne Dotson,https://play-lh.googleusercontent.com/-hu8JaHXKPKA/AAAAAAAAAAI/AAAAAAAAAAA/AMZuuclhn5CnGTkGahymugHpZjss5I8Pbw/photo.jpg,So amazing! ! !,5,7,3.0,2017-10-14 12:55:13,,
gp:AOqpTOF8iess4db-ti8LVy0sUxXxT-P64LEzqSdXZo_qMqp_-qqso_M3Dv7eUdhWBEmyDipj82PWvD5S2s9duzQ,Mau Wow,https://play-lh.googleusercontent.com/a-/AOh14GjrLtI3-c9afd3qSM8Wi9azi25OkpyxllIsJ955Yg,Like. It. A.  Lot.  So. Much,5,0,2.5,2017-10-09 18:59:35,,
gp:AOqpTOF6sk7FbPiHqt4yeDuir3-G8Ci6hnXCSDMnEbo5lyZxsthAOOvt3T-HpOc5mQAObpVrQlYCW3sX9-8_ZQ8,Sabrina Rogers,https://play-lh.googleusercontent.com/a-/AOh14GjP3PIObNDZaU2w9aV3f4XEfyFB2siuG2lGBTz4,Love this app. Makes my kids want to do Maths and Words.  So wonderful learning while they have fun.,5,4,2.5,2017-09-27 10:59:58,,
gp:AOqpTOE_YBooAGYl9I_6DqP81byg1jwy6b3HCPt3iwb2RvfUjKMnF9rKUFzLC-6oq8uQhkaLSQCYZHQ06NlWBC8,Melanie Du Toit,https://play-lh.googleusercontent.com/-og2sjrHcoU8/AAAAAAAAAAI/AAAAAAAAAAA/AMZuucnrmUhHlVCJogXUd84ncAn1permCQ/photo.jpg,I think that it is cool,5,0,2.5,2017-08-23 01:49:32,,
gp:AOqpTOEqADHt3tDAXqvdzwW4YBS17UVgrmcqAV9NnGmAIuva-9d93ZOP1MhJ49OqogBJFphRXuzDdI1OpfmPZnI,Carolina Recinos,https://play-lh.googleusercontent.com/-2nBo5v8PmbE/AAAAAAAAAAI/AAAAAAAAAAA/AMZuucnHjzxiIdgRMrmLYF9Nq4LWE0kJIg/photo.jpg,This really helped my son!,4,1,2.5,2017-08-13 04:58:21,,
gp:AOqpTOHfu87hASv-vnkewKi8xJxm9CtTOHzmLZXAP2frryczLjc4fY6hi_pXUOFXpEe2fJTvOQnQp02vVwNnzJQ,A Google user,https://play-lh.googleusercontent.com/EGemoI2NTXmTsBVtJqk8jxF9rh8ApRWfsIMQSt2uE4OcpQqbFu7f7NbTK05lx80nuSijCz7sc3a277R67g,"I didn't like the rocket ships shooting the synonyms and numbers. It moved way too fast, and I sometimes had to tap the word several times to make it shoot. I tried adjusting the speed setting to slow but it didn't seem to slow it down at all. I just purchased this for my 6 year old grandaughter but I think this part of the game will be too frustrating for her. It would be better if the words or numbers didn't move at all so the child has time to read the answers and think about it!  Other than the two games with the rocketship, the rest of the app is great.",4,8,2.5,2017-07-29 05:45:21,,
gp:AOqpTOHYtl1K4apcF35xyYKSI6qYDOSoLIfM_SCjAr6cPyd6aYR1OUMS4lkAkHhWbn_L_vfHwjVpO248q97zzSQ,Mino Studio,https://play-lh.googleusercontent.com/a-/AOh14GgoAGEU-92jmfqJurUKhdwQQSf_wCOlEVd9B6BWLg,Love it!!!,4,3,2.5,2017-07-25 16:46:46,"Hello, the games should not have relocked.  Is it possible you reinstalled the app?  In any case, you can do a Restore Purchase from the parents menu and the games will unlock again for free.  Sorry about the problem, please email us at support@kevinbradford.org and we'd love to help more. -Kevin",2017-07-20 07:45:40
gp:AOqpTOFQBQNu3SsjbDLDljF7DBpRMUst07t2z-T3KxMYu4xFgMk60DeHk9yHDmwtEYBDm8xw4A8gSRIy0gkUzeU,Tony Buckland,https://play-lh.googleusercontent.com/a-/AOh14GgmwVPiWpojKI8SHPX57DZVAt1g1uw5PvhZFycK_A,Great but the time games froze always..locked up the tablet. My daughter loves the app....but,2,4,2.5,2017-07-21 05:19:06,"Hi Tony, we're not aware of any issues with the Time game and this is the first time we've heard this issue.  Could you try restarting your device and trying it again, it could be a simple glitch that a reboot would fix.  We'd love to hear more if you could email us the results at support@kevinbradford.org so we can follow-up.  Thanks! -Kevin",2017-07-21 11:05:10
gp:AOqpTOGJ0ziQ1p_NtSwlhEbZ89H-3A6uM0Re-N9L_EYsFQsJbz-Jy9ogH7YQ89gx_NItgCBOHITtG6o5Xldz7Js,Mindy W,https://play-lh.googleusercontent.com/a-/AOh14Gjz45Fz_DKkYyjkkbpfQhua6H4ZNDl6eH3yHByKAoo,Kids love it and it is great for waiting rooms,5,0,,2017-06-09 16:42:05,,
gp:AOqpTOEFQLYFOIly56-RboEhr7NdcqK9SohyTWFGXD1XFx3wa0TvytXLU3MDsm0KzgegQzb9xBV-mMGVnB8iBgs,Viardine D. Innocent,https://play-lh.googleusercontent.com/a-/AOh14GgdAgDdYoP4Lg-aJ056J2xhIw45H9yZxph9K3euSQ,This app is the best educational app I have come across so far. My 6 year old son just loves it. He is learning so much. Highly recomanded!,5,4,2.5,2017-06-02 03:44:27,,
gp:AOqpTOG2_w2AP226FH80t3inJKsjZjfsFkb5gZRcKl1Gbw0vMEDgRrESgbK8AXV4NP_joUhkn2T48eQkNQjz8nQ,A Google user,https://play-lh.googleusercontent.com/EGemoI2NTXmTsBVtJqk8jxF9rh8ApRWfsIMQSt2uE4OcpQqbFu7f7NbTK05lx80nuSijCz7sc3a277R67g,"Very educational, aligned with core, and effective at engaging my child in real learning.  Love it!",5,4,2.5,2017-05-14 15:20:41,,
gp:AOqpTOFYHo_x7PT_R_XlNJGxIXFgX8PTTfzVT_v1pHxqtBi3J92WbCRRmdycTZ7Tptt26fiYFAA_B08QObpUiqg,Candice Anderson,https://play-lh.googleusercontent.com/a-/AOh14GgDk2cMfx73LIZ3VdtwZztwROM_-IAe3B3BAgQeAA,Kevin Bradford makes THE BEST learning apps!! My daughter enjoys them as a game and they reinforces her studies. Thank you!!,5,9,2.5,2017-04-10 07:34:50,,
gp:AOqpTOHdGPyPVi4mQpTZfo3BuSH-cCANkDwPkXYONvG9oNioJ4li0LlTJMX6GvR5dl6X6y5Ej61qQIe__oBSF7w,Stephanie Hargrove,https://play-lh.googleusercontent.com/-g_kWVW6A3Qs/AAAAAAAAAAI/AAAAAAAAAAA/AMZuucnzxC5ZWwkLAOJfpsgp637-gNE3fg/photo.jpg,The games are a little bit out of control,4,7,2.5,2017-03-21 14:11:22,,
gp:AOqpTOFHszopOiBvGfTgBKLQlbWMXEZ6g3oz4TdFB9lW3NEGmcBgHG2gym3-00J1mJ0hWFn3KFib-4CLgTi9FWI,Kimberley,https://play-lh.googleusercontent.com/-Sp3aTRLI2xU/AAAAAAAAAAI/AAAAAAAAAAA/AMZuucmrwnOwhrsOuI34ryqTisK27OgP4Q/photo.jpg,My boyfriend's daughter loves these games. My only wish is as a parent he or I could set the difficulty level for the games instead of leaving it up to her. We've unlocked her grade and the next grade. I wish I could make the first one tougher since we're near the end of the year. Also the games don't seem to explain how to play them sometimes or explain correct answers so it threw off her score the first times she played. She keeps struggling on place values but the game doesn't ever explain what they are and this is ahead of her grade so she hasn't covered it in class.,4,30,2.5,2017-03-20 17:35:19,,
gp:AOqpTOEl5o2yqAkg36D1Gh4p3pODuRjpUhDjmzX-EaB154WFQfAikxh7zk_DqNrhwdJKUyVCHpz0bXubg58m2jw,dawn marusov,https://play-lh.googleusercontent.com/a-/AOh14GiikDTyCdHWBFcmAw_Pj0fLSkIOf0pBzWmlS_NJpA,Best help ever,4,6,2.0,2017-02-20 12:33:32,"Hi Dawn, we're confused by your review because you left a 1-star but said it helped.  If you're having any trouble with the app, please email us at support@kevinbradford.org and we'd be happy to help.",2017-02-20 12:19:11
gp:AOqpTOE6PfRDXLr3sft2BLpxZ7yfcuggD7g0B8lYSFMz1GIEZOUHL4tacLS1OMQOECWsFUXgfDF92o-yY0aRHhM,StarFall Gaming,https://play-lh.googleusercontent.com/a-/AOh14GjkiNaQcWixn2tjBNghowdW7CjLqPJlPW57FG4O6Yg,Better than Kumon!,5,5,2.5,2017-02-13 23:15:24,,
gp:AOqpTOH3EarZ8KQkudE5_5xKzOFk7TMs6Fhv2HPvr7iRxdU3YHfMX3OvTLg7Fs6os7ton4-LzXMM1H45WiPXdZg,A Google user,https://play-lh.googleusercontent.com/EGemoI2NTXmTsBVtJqk8jxF9rh8ApRWfsIMQSt2uE4OcpQqbFu7f7NbTK05lx80nuSijCz7sc3a277R67g,It's great for my bat brain,4,7,2.5,2017-01-05 11:03:08,,
gp:AOqpTOFTyGKyuBKrY-jyNzTnn6KC4q70Pll6uZDvbDObxZloPQbUb7zlrXKyNOtJvOqWMByZh6YYWw6BuSiNFqE,M&Mer love them so much,https://play-lh.googleusercontent.com/a-/AOh14GhghlgVOOWRSGLpjq9kqzXC1TLmotU_gD01L8ql,My children love it,5,3,2.5,2016-12-28 03:13:12,,
gp:AOqpTOGjWZ3xELyyfQFAHva_febOO85T-BrR3VUhHPtJ7Nm_pEzuY5EtoTXuL7y5q2N2bwklhK3rt00mAwLVKvQ,Andrea Wedel,https://play-lh.googleusercontent.com/-kFNIqPLaABg/AAAAAAAAAAI/AAAAAAAAAAA/AMZuuclIEyYDBXScKSz1Q5w7CGuBCN1bXg/photo.jpg,Loving it so far!!,5,25,2.5,2016-11-16 18:52:45,,
gp:AOqpTOETVAkMPv6v3J55VKK2ZxRyFjAviGd_RNr_g-FTi1hSPf2QUH5_In2ycTdTnriMw07VxbMzRtKQ3znzTbI,The Shimokawafuchi,https://play-lh.googleusercontent.com/a-/AOh14Gh97Yo7SHPxEAiAp0iDa5BYIqkhHzRZuiQDLNYLvA,To helps me do my math,5,19,2.5,2016-11-14 18:01:02,,
gp:AOqpTOE90j529IIgTp8dpIycbmxSm4cOHwG9kO7KWoKAdS9o3XhNZ4zf6PuA6LBwwnaLTAbwyTxpNuiKUKO78YY,Mohamed M Barrie,https://play-lh.googleusercontent.com/a-/AOh14GiRrZuZHdlXl0YZ4bXlcgWDzdaCuwW5a3PoNIDQfQ,Great game for children !,5,3,2.2,2016-10-29 09:22:51,,
gp:AOqpTOGq8ktcd1UHMAzjoTddL-oOfZA9H_auLkgXqitLCb5OLe_D8EtCOEKezyp1nL7DKxvvTSjBjxj-oyQ1FYQ,Tiffany Smith,https://play-lh.googleusercontent.com/a-/AOh14GhGAnAYbkzeLzykAqr46YK5sjK-MWnC8p0ZmTPulw,Great teaching game. My child really loves it and has learned a lot.,5,3,2.2,2016-10-22 23:02:09,,
gp:AOqpTOH-mcP4qKf_sJTwDusfKQw6lBZDUWLcR_MWElYmss40UHbCwp5z8-I3ogDhExzLTEUJ14lsvoLV2um2Weo,Ashley Brown,https://play-lh.googleusercontent.com/a-/AOh14Gjcbf45NsLnWak2uDYIH0JiCP0KsYDoSjtSlsNxeA,Great app,5,4,2.2,2016-09-29 18:02:03,,
gp:AOqpTOEiCZ21uDN-eeerDD733_8g_UmQeJ7WAyVxUjhYSpZUDb4KW67y8o2ds9lUIRtP3mUzCXvWwywrmU8KGwM,Inot Ztnark,https://play-lh.googleusercontent.com/--Of6l5TJI0g/AAAAAAAAAAI/AAAAAAAAAAA/AMZuuclXHf6p0sQnQ5sZwmPUSMUaMctQJw/photo.jpg,"I have used 1st, 2nd and 7th grade learning games. Love them all!!!!",5,7,2.2,2016-09-06 05:45:53,,
gp:AOqpTOFSjYfiS8OISQxjW8PanO2miqAa9FzCGXpMHJVHrV8ymV09X6imDGVkzotPaqur3ko663C0Cu8rtQKoqO4,Kimberly Harris,https://play-lh.googleusercontent.com/a-/AOh14Gi-LoltQhiwdOHEOrRThlqPGTKe4nQNNtdkR5p-Dg,Wonderful learning tool!,5,1,2.0,2016-07-11 15:16:07,,
gp:AOqpTOHo36jZH5YI6k3XznRb6gV1zY7gQxUlH15Kx8JP3qLSIDPQz5EuVDztlqapF935HOdfL2v4rJ7KZObvAAg,A R,https://play-lh.googleusercontent.com/a-/AOh14GjKMWwJrpS7IiFBVQEewZhz2kT_htaNyK1INnxJNg,My name is Analia Hernandez.,5,1,2.0,2016-07-10 17:24:19,,
gp:AOqpTOHpkgTaKoKqJgRTet8pIUu2D5h3A5YHn8Hxen9QHOiKug-hc9SCdx28cVOJLCNf__2joJtEjz2GsxcLViY,JT,https://play-lh.googleusercontent.com/-sCbbO50LYEE/AAAAAAAAAAI/AAAAAAAAAAA/AMZuucnt1sFNiXeqj495uKbp70TojQ7l_w/photo.jpg,"My granddaughter love's this app! Some levels are easier for her but plenty of challenging levels for her. Tech support is great, very fast and prompt in their reply back to me. Very friendly and helpful!!",5,10,2.0,2016-05-27 20:07:56,,
gp:AOqpTOGF0DSUQkmyfQFwMR-eqxj1WoeuQyPX9U3A3TeR9hOMJu6eL5-G6PxMkhbhBUiGjT5N-2nfC6iT7aOcGyU,Lea Ross,https://play-lh.googleusercontent.com/a-/AOh14GgR8iSM8DUi0nTYwLezwWo55kL0_w8xUxvKtl94mQ,This game teaches you so good,5,2,2.0,2016-05-15 16:36:21,,
gp:AOqpTOFVqWjYcNNXePqCiFm4NoISSVi3qNL0GludseWcOgHQStwdNnACngPeIDtYscGNOQ5hULy9-RzcO0AYbUE,it's Morgan the star,https://play-lh.googleusercontent.com/a-/AOh14Gip5D8cmyLhtQBza2jHzkQsv_DDame0V-KBGfSu,It helps leaning,5,1,2.0,2016-05-03 16:52:12,,
gp:AOqpTOGBnBGDx1u5JI4ArA63SrI-9esIBEWcWLb7x1NCfEClulNI4EiQVsyYzvJLaKFfWMZiWcBtz9Vct3uosBw,Joan Ging,https://play-lh.googleusercontent.com/a-/AOh14GihSnOoJHX4c0nZwKXL2sYFY9G0JYUxXsz5BBylZOI,"I think these games provide excellent review of 2nd grade concepts. My son loves them. They are fun enough to keep him engaged, but they also keep him focused on learning. You can't select your own list of spelling words, which I would love to see in a future update, but ultimately they are learning to spell words at their grade level anyway.",5,16,2.0,2016-04-23 19:52:31,,
gp:AOqpTOHEFxE1ozli90te0WjPyktQZ5vtUxeCV2W9CqLw8uHcr_uGj9zD8IZ6DxTsdR7jF1HVb1fU6-6x0ud3pbA,Angela Campos,https://play-lh.googleusercontent.com/a-/AOh14GggNUCKCbegs_dtijmZRTU9P2Fd4NyppiSy2Ps06A,Keeps kids engaged,5,2,2.0,2016-04-06 21:06:05,,
gp:AOqpTOHR3RIG6QOvYbdaZlXDSyfbmF1u4FlV74_WRiK2h0XVs-bqO3E1QqrKQOW1_x1YUkX-ymtLytxbT3er5Kg,A Google user,https://play-lh.googleusercontent.com/EGemoI2NTXmTsBVtJqk8jxF9rh8ApRWfsIMQSt2uE4OcpQqbFu7f7NbTK05lx80nuSijCz7sc3a277R67g,Good learning apps for kids.,5,4,2.0,2016-03-16 18:05:38,,
gp:AOqpTOG2LkIHtZEA_w72q1rzkZgQR32yHxAq26NIBArj9UYiOb-19c7Kpm7fUVCjRWiEJlYp6L137fdcvdhpnCM,Cesar Ortega,https://play-lh.googleusercontent.com/-MOd1F3Ev0sk/AAAAAAAAAAI/AAAAAAAAAAA/AMZuucm8vAAYPMNWkwIsI4smc6eGNsjUlQ/photo.jpg,it is cooool,4,3,2.0,2016-03-10 18:44:58,,
gp:AOqpTOEjuKPzeWI-swFr5Vqgodq76RHLTEDZNDK4OGkctVxvovtuhcVJdlBaigku6EKe8jNbInIjenpmpDVdbuM,Krista Furutan,https://play-lh.googleusercontent.com/a-/AOh14GhHJSWuDAAACdkmbV2UBgXS7ImeBKzhYvKBP1HtYQ,It is not at all good. I tried to get the stuff but it would not let me get it.,2,24,2.0,2016-02-01 14:58:08,,
gp:AOqpTOH6V1oO6GkNsSAeQKnT9qyks2gBwKndSrbC0EL4G57nGNTQ5XRxxT74WmLae8cdqqWNDY5OmxESNJugsNg,Nicki Goodwin,https://play-lh.googleusercontent.com/a-/AOh14Gix2AthneADX0jXUqeeWpjpHS2cmKb-nnzzyMuKDg,Liked this,4,9,2.0,2016-01-29 16:14:52,,
gp:AOqpTOHxNx9WLyTGHnrXrun_Tbvu61JRnivCy8EyqKr5vn0q48heU-XkXnfdofIo-hkyGVt_5CBRs-xqcqfgqxo,Rafael Saenz,https://play-lh.googleusercontent.com/-AoAwRBbi2oo/AAAAAAAAAAI/AAAAAAAAAAA/AMZuuclck5IpYIZTLOz_BUBebwc4osyxsw/photo.jpg,2nd grade games,5,6,2.0,2016-01-01 17:18:21,,
gp:AOqpTOFBGiM_31oIvGKS7WCv5-_y7a3mzx8x5lYyaPVz1n94xTOlcLvv-yVGzHl1X_obQDxciMRGMEx7NOTkAj4,Maggie Dees,https://play-lh.googleusercontent.com/-wPodrmIMNtY/AAAAAAAAAAI/AAAAAAAAAAA/AMZuucmBN7nsXu4tq_Qux5EEAGv1gMmIyg/photo.jpg,I love it,5,5,2.0,2015-12-30 16:41:34,,
gp:AOqpTOEct-UfLi9KzpS_BMCBlqMJAIswISgGEYnqtXF56Su7YZkrGT6ur2cTnuO2z6SGkdhRh2ElCmCxF7wH2jM,Connie Gentry,https://play-lh.googleusercontent.com/-WEuCrJKWhhw/AAAAAAAAAAI/AAAAAAAAAAA/AMZuuckcrS_yS-8SExiavtku5XDtNn7v5A/photo.jpg,"Some activities are easy for my second grader, but most challenge her.",5,16,2.0,2015-12-13 11:41:53,,
gp:AOqpTOGbJuxIS8XHtdt-3i7USANTbBfb9-NUjUtqkO2cE1fOGRZTfRPOFQqYyvaCeabegVOqGhC6eBz2pWiGU10,Robyn small,https://play-lh.googleusercontent.com/a-/AOh14GjFRyPIrLp6p8EcOf2HiNnM9rquzyA9XyjX_MZufw,My second grader asks to play. Sees it as a reward for learning!,5,0,,2015-12-07 22:51:16,,
gp:AOqpTOFAY4e7dF6-j8TmZdlZdcTltcTHrmwF3h9nUCFHyCQWHUv-ebL3MKcqD1ncyjjn96blf-MB9jdSaQcREaI,sweets is a treat,https://play-lh.googleusercontent.com/a-/AOh14Gj8ZxpZ3zYRV2pgKr0vJiDaO6GpWhvBdQu4aeg_EQ,This help me alot on thing i can teach ahead of time. It is a  really a big help for studying. thing,5,2,1.5,2015-09-25 05:24:18,,
gp:AOqpTOEAnJWtwOlgEk6WIy5OMkUG_Lpwiouw8ihdGX1eJSYzkK3EYmPEgRyDI2ziYGpaIghHF9QaSFNYbVIO3cE,Van. Ro,https://play-lh.googleusercontent.com/-DXWKLmR3mLA/AAAAAAAAAAI/AAAAAAAAAAA/AMZuuclsPDV1vG7y_u99L2dn5EBszxQn5Q/photo.jpg,"My daughter said it was to easy,she didn't like the games.",1,1,,2015-09-24 10:18:03,,
gp:AOqpTOEWOgGJ_8baJLwsMLZmAhCIDETiIliPfwmK3zskPW6CrMppqCygIpexg7Ia-7ZhY4biN326vj_8K5V40gA,stephanie Marshall,https://play-lh.googleusercontent.com/a-/AOh14GiJAQA86opoBb-lN6j2n0TZv2gQ-Uig_YfH2wqg8w0,Very informative and my daughter loves the games,4,2,1.5,2015-09-20 09:27:01,,
gp:AOqpTOFBbbntM7M7vceHEFGgyVXJJI_C8Kz8cH6HDyycydaewRqYjs_7ZUSLyvE9XDLeIi4is26pnV_gzL9vPj8,Mandy Anderson,https://play-lh.googleusercontent.com/a-/AOh14Gh2sBg-GWutp2boY57lT1gIRIOzW25ZANu7Yfze3yw,7 year old son loves this app.,5,1,1.5,2015-09-01 19:52:56,,
gp:AOqpTOFa4Z16klU2TXSRZrpcUoehr3pjIIDoPatquQdQGPcJXngOoMrFs9BnCJy0INoBp66SmBp-_goOctgo5-Q,Beautifully thriving with Crystal,https://play-lh.googleusercontent.com/a-/AOh14Gi_sTWsU0bibsD4RD6frqiQrWp8FQcorhd4mS8TZQ,My son loved this game and it can be tailored to what he is learning now.,4,4,1.5,2015-09-01 11:34:53,,
gp:AOqpTOH0vi13Tc4JkVaK3E30JewXTX7ix42QXIhzDmLqc5jPV9j8JBNAvB-9lZdYEy3yZ4CiSCoGnwdDnZsSXPU,Breeana Reyes,https://play-lh.googleusercontent.com/a-/AOh14GhNyd5qDQ0Eby2cFeuPDSc8fSHT735Xj42km-5KBg,"Very challenging  and diverse. Yet fun and interactive my 7 yr old loves it. I just wish the telling time game was a little more diverse , it just gives for example  x o'clock and x thirty there isnt any other time challenges.",4,4,1.5,2015-08-03 13:17:11,,
gp:AOqpTOFdRY-vdWOWziN9DzlksnsaqpeOojw4qtMKhWSUXP0nMZMyVc25L8TeJtjVegCPGEN7lvqp2hw9CZT3llA,A Google user,https://play-lh.googleusercontent.com/EGemoI2NTXmTsBVtJqk8jxF9rh8ApRWfsIMQSt2uE4OcpQqbFu7f7NbTK05lx80nuSijCz7sc3a277R67g,So helpful,5,5,1.5,2015-07-29 11:46:06,,
gp:AOqpTOFncpvwRfw8NmadjxuJ_7KQqDBdmEVk5vOyy7FuevJN5cpdtis83NSt5N1qeRUXbXeUK-LNA_9Kl6kbo3Q,A Google user,https://play-lh.googleusercontent.com/EGemoI2NTXmTsBVtJqk8jxF9rh8ApRWfsIMQSt2uE4OcpQqbFu7f7NbTK05lx80nuSijCz7sc3a277R67g,"My son is in the first grade. This is a good little challenge for him and he will be prepared for the second grade once he gets there. Buy the full version, it is definitely worth the 1.99 for your child's education.",4,5,1.5,2015-07-21 08:54:34,,
gp:AOqpTOFLVQlSTv3DxijZUlmowBXCsoqgvw-FNZ-KPNDJddjgbxUI-_P9-VTZ2bgI0Ol39lm1QcYaHDckFl1DjhM,halirious studios,https://play-lh.googleusercontent.com/a-/AOh14GianAtIChGT_EFtZiZxzTV_BxYo7Mb0xI0Ac3HS5Q,Love it,5,1,1.5,2015-07-20 10:28:32,,
gp:AOqpTOGGbYUmSnlXZE6pg490DIouvYLlw8PPmRjStvo4nItajtFr9hYgSwiUE2VzsvsnytxuqZUPIbVbwwjMoe0,Silvia C.,https://play-lh.googleusercontent.com/a-/AOh14GhgAx58Y5UrGbCH7KrxqSpbYbit3wecfbzDxblP0g,Awesome,5,2,1.5,2015-07-10 18:07:55,,
gp:AOqpTOHNVmuPXqzZMraTyB19g9oRyw-atZPHEzfKabDoIuAucVSwEBsQZ_UXuBVgc2EMW0GjKFqsbMpkQseWLzw,Daniel Oster,https://play-lh.googleusercontent.com/a-/AOh14GjiQ0UVcPmB7DHW5BDWSgh4n6yydx3ou96ORAcz,My second grader is really enjoying it. Great sense of accomplishment. Would love to see a greater depth of content....and perhaps Canadian currency options for your neighbours to the north,4,6,1.5,2015-07-05 07:15:29,,
gp:AOqpTOG1gFkKqdRyDB6jJHG4_7thLocl3ZWGGbE2fvTjpPL5tFZX3I3UonJoriGmLQqdNNCDhIotK1nzUbgjnJ0,Lece M,https://play-lh.googleusercontent.com/a-/AOh14Gj4bUCoLIrt2_Ju4QHzbe7EwF8FGbVRqOpqlIxUhg,Great way for my daughter to prepare for school,5,3,1.5,2015-07-03 22:22:55,,
gp:AOqpTOHZOuk4eYDKyYVaZY7nHPkbmCTS8ktzApvnNWDncc54qX71e_eX2Mu3aZS3IwkwyZS_H3oIF87T7vETTo8,Anoop joy,https://play-lh.googleusercontent.com/-gdAO9Bx9mTo/AAAAAAAAAAI/AAAAAAAAAAA/AMZuuckOpa0znKsw2ETirvWSPz9KKur6WA/photo.jpg,"I love this game it,is very good",5,0,,2015-06-28 06:11:41,,
gp:AOqpTOH9JOyhMEc0f4rrM4dp74zfJzL5Ku_qARl3KJwoHEgIiOBmXt0YTjXrNc9vyr0zETrghEqSqjd3aPcVask,Shay Azhderian,https://play-lh.googleusercontent.com/-TwtLXUuKXQE/AAAAAAAAAAI/AAAAAAAAAAA/AMZuucm55CaxYGHkZ3AtX1SXUKIwit0Q7Q/photo.jpg,It helps you lern,5,4,1.5,2015-06-16 11:14:37,,
gp:AOqpTOGUHG_fbbEDygM4Ef2OsBylpDEH033wm7V415NOshQoSCpdH2KRQbO3sgPk4LqPqjLJWF97Je3f3IGMloE,Magdalena Rodzynska,https://play-lh.googleusercontent.com/-tNlEDtoCh3E/AAAAAAAAAAI/AAAAAAAAAAA/AMZuucnNrvssKpQ4lKCK7UBUmukSLhI3TQ/photo.jpg,"My 7 year old has been playing Kevin Bradford games for about 2 years now and totally loves each level/grade. I am also impressed with the games as they are challenging and very good practice.  Moreover, Kevin Bradford offer super customer support. All my emails are replied to the same day with helpful answers and solutions. My feedback has always been taken on board. Highly recommend!",5,6,1.5,2015-05-08 11:33:50,,
gp:AOqpTOEaZu2b2ovhPd0GQVc-d1WaVIPkinuFu8bM1oz0QixY3yWE4fKeZ5lO0QZD_1gz5DYvjOWyqYI7ZiouUfQ,Robert Schraedley,https://play-lh.googleusercontent.com/-Xq2J8Qe86k4/AAAAAAAAAAI/AAAAAAAAAAA/AMZuucn6G8SqpZNB0lPAkthWDz6cEkx_jA/photo.jpg,"Not amazing,  but well worth it.",4,5,1.5,2015-05-03 07:48:11,,
gp:AOqpTOEo8jGB7y7JOkjSIpUg2kJT7RSZ5FhD902Hvqkc36PM096G8T5JVtHhmsw_phJbOd6j5HvNIVAqLvZ6Cj8,John Nwankwo,https://play-lh.googleusercontent.com/-o5lKZa3W_nY/AAAAAAAAAAI/AAAAAAAAAAA/AMZuuckYpXxgMGZJ5xJ5G7xwp3brrNwayA/photo.jpg,Cool helps me for school I am eight  I LOVE IT,5,0,1.1,2015-04-25 12:14:31,,
gp:AOqpTOEoW-_44Gy9HpQhPhrKXjIVzhKH-VD0X4p9ao0tExzsIz06fqzVFS2UjdxoH_9CkUmHdvqyeQ6_LMVoxNc,Niki,https://play-lh.googleusercontent.com/a-/AOh14Gg8JvdB-mCc8UgmXY3j1cvSZjKoOYhewOoOmwkKoA,This game is awesome! I love it!,5,0,1.1,2015-04-15 19:39:55,,
gp:AOqpTOGK7vDVh3q6HvrCA7cP_lCSBG1LbrbLEh0A3n3_vXW5a1RkFbqMw21a6to2rk4gcAVpN5Oct926Nn0oinQ,Nakita Hiland,https://play-lh.googleusercontent.com/-3KBrW7b_z4s/AAAAAAAAAAI/AAAAAAAAAAA/AMZuuclaYmrD4q7XpaGjnzjcqbATymn63Q/photo.jpg,My daughter is adhd and loves it very much!!! ☺,5,0,1.1,2015-04-13 09:37:37,,
gp:AOqpTOHPi2wCADQ09aMaiHuvNthOJ65Y-J_lgO-NcZ5aI_WQrT40hQ_8RlhHguIbCsuBdWYktQwS98F-bp6lgSA,Yolanda Walkes,https://play-lh.googleusercontent.com/a-/AOh14GhOxn41heMTvWMqXn9n8q0F60JAnI5y0MmBF2-lRA,This game is wonderful for my second geader,5,0,1.1,2015-04-09 12:55:11,,
gp:AOqpTOFFmJDgtppe3nJsSlnV1xpQI8R_FEDqfQSXKnbQF_TPw2QRpYSu_gyIuDAhJKc8hprpa2Qy8ntfJDFq-W8,Marcus Gilbert,https://play-lh.googleusercontent.com/-F1hndRcbtuM/AAAAAAAAAAI/AAAAAAAAAAA/AMZuuckq93vNOCWzl4DHjruIam9RFjCP9Q/photo.jpg,Games to help kids pick up skills.,5,1,1.1,2015-01-17 07:35:48,,
gp:AOqpTOE-SKgOeNudZflpvy43cuLUZI1cJSxYl1PIHW9FStcK6cXfLMlxlvRxxtYGAvC6mnFkajkj33DvtJCx2Xk,A Google user,https://play-lh.googleusercontent.com/EGemoI2NTXmTsBVtJqk8jxF9rh8ApRWfsIMQSt2uE4OcpQqbFu7f7NbTK05lx80nuSijCz7sc3a277R67g,Great Application,5,0,1.1,2015-01-14 17:52:07,,
gp:AOqpTOEefdG0p9iQy8rvBi5COqLeI-j7Qwzon9ey3J92834zxbghDUwwFu-jgdBmhcfmQHzAJ9yfMLWicNWGuhk,Stories With Shortie,https://play-lh.googleusercontent.com/a-/AOh14Gh_Et1dDuG_IRYC4_LtjOL0tynmhLXkSHpU84xgvA,Work on the time section and the app will be better.,3,1,1.1,2015-01-09 00:30:22,,
gp:AOqpTOH94SL93JySD6jocI2mL6Z_DayXDqnn5Fdg_Q83-IMuNfIB319KDAhTY5ifC5YLijQyDv5XPpkAG7AG0lg,Ginger Holland,https://play-lh.googleusercontent.com/a-/AOh14GgkypS9yY4nV5N-EgnK2_yOgUAIT3QzvJ-IAVGfrQ,Bought for my niece.  Great games but had to go back and buy again.,3,0,1.1,2014-12-24 07:58:07,,
gp:AOqpTOGVLHK8-38AcOH4Auw3Vwgz_k-WwDT3kzJ_ZxLXr8uExm4HlpQ4M9DAdyAG5zpqvCYKYioGOu-m_zzuEyI,Brittany Knapp,https://play-lh.googleusercontent.com/a-/AOh14Gh-o03-VDRUmRw5Uns5_Y8B6uoXj3IgrJrhrhhy,Awesome game! My son loves it!,5,0,1.1,2014-12-23 07:56:57,,
gp:AOqpTOEXcY-uLNOSLRSjOiN62RjDxAZe1vB7_wzDQHqkfXjWV_LOovSN-8klrZLOxxPulgYMcjHfzNpkDjpTYZI,Vasuki Nagabhushan,https://play-lh.googleusercontent.com/a-/AOh14Gi83GzskP1n9WVfff8nm35KDO4k1m5yYiZBMDq8AQ,Highly recommend it.,5,1,1.1,2014-11-22 11:58:59,,
gp:AOqpTOETUzOvuw5FBYAMCr6x8iDYwxKut38xMvkJDc9uvnvxXeoDJwOmkD1vSylCLgodlqB6NeBVWDpKOz0zhME,Barbara Hutchens,https://play-lh.googleusercontent.com/a-/AOh14GgyoVLOuva6p2pHloXW5Jq-Mt16_gDVf8kE0c6lJw,Great!,4,0,1.1,2014-11-14 15:32:26,,
gp:AOqpTOFQX_Mx8ApIl3CoxbdxK5OKBVQKgTkLdX7XQEhqkhv4SLBniP_wtT4pBj_aY4xyDYHrqIF940Lssq0viGE,Ana Rivas,https://play-lh.googleusercontent.com/-T-jfE3U-2PM/AAAAAAAAAAI/AAAAAAAAAAA/AMZuucl06No844ldlw6webKX6t3sMHqxUA/photo.jpg,Wonderful and fun,5,0,1.1,2014-10-21 20:44:09,,
gp:AOqpTOEAvx7O42yFAKGj1EXYAolk_asSTubtQbjFeYW85AOaI6LM10faVNRextdChm-WlNaEM4T6owfe_FSCbuI,Joline Abrahams,https://play-lh.googleusercontent.com/-85bQvalbPZs/AAAAAAAAAAI/AAAAAAAAAAA/AMZuuckQW9oNcA_5e3X0wDhWdfBsScyAQQ/photo.jpg,The money game is awesome my daughter loves it,5,1,1.1,2014-10-21 18:34:52,,
gp:AOqpTOE5e91LS-90LkyDJIMD_IZKpnvJ99-TmSzi9LU9J9BqFwPmrt-Td8d5TxUvC4NPv0ptqWusSyQ8fyR9IgU,Erin McLean,https://play-lh.googleusercontent.com/-4TSnZz1yqsI/AAAAAAAAAAI/AAAAAAAAAAA/AMZuucmCC6nZBK0KaY1Ujf8lerLreuN6rA/photo.jpg,The apps music and talking do not work well sometimes scrambles. App quits working alot. Wish I would have stuck with the free version.,1,0,1.1,2014-10-18 12:08:38,,
gp:AOqpTOGJJTQ6hJYhUM6WNLd86fftEJNkFupVRaZS567AwtW_aWEYkhFP21rSMQu29-fHS_x0-tjYt8SJTlUYWmc,Sharon Heinsohn,https://play-lh.googleusercontent.com/a-/AOh14GjJ69Zr1OTZcnfrTDufGKFLRmX9TTEZFyMlROZQEyc,We just got this app and seems to be working fine. We are enjoying the different levels that were available with a small price. Well worth the extra money :-),5,1,1.1,2014-10-07 02:12:29,,
gp:AOqpTOFKURS2yZ5VjSiqmVJ11PlwkPE46DJjiNrhcKcakhCpoLqP8A0HmVFapZvUMFEkeg8DFPuc-g7ZCrYwndo,Ciara Estrada,https://play-lh.googleusercontent.com/a-/AOh14GiIdO-rq6qr1DA5oySsefHg2FCdaWqDPPkcuDglpA,Great learning experience for my kid,5,0,1.1,2014-10-06 19:58:38,,
gp:AOqpTOFeyD1Fzn9xKarFbQl6rEc3gQtswztocLDU97QVdBqA2m4LZxymw03ZI1g3E8RBcNppaCxKUyRb-QUc9dg,Jennifer Hamilton,https://play-lh.googleusercontent.com/-2ATCX_G9hIk/AAAAAAAAAAI/AAAAAAAAAAA/AMZuucmPzf3jYxqxHrPRlpsdZkOJC0KTGA/photo.jpg,Iol. I've it,5,1,1.1,2014-10-02 04:46:14,,
gp:AOqpTOGRkk0XDzAkuVGdao5lm4N6q0Tb4c0P5SI6eosz--owk5c1tV6BUi7xdKpPqN1oqauD6pBYDkGYl00ZrN8,Maria Brooks,https://play-lh.googleusercontent.com/a-/AOh14GihmI7aQ3DuUo2xKdE3UFnoQHlVeBla5IJlwxm3Fg,I paid to get the full app and I haven't been disappointed yet. It keeps my son entertained long enough. 😀😀,5,0,1.1,2014-09-30 18:42:39,,
gp:AOqpTOG9ssOi1G7nBsRmZHqAPnn1Q0V6VxE_xSz17k3VlFk93TAZP0jjYwF2xpPlw8wGh9c2FcyO4SA-1l_jxJI,Vicki Brenner,https://play-lh.googleusercontent.com/a-/AOh14GiMylkpHYU9Z6ygvd5UPJkVwOYLbbSrZZU9Xd1IMw,My kids and I love these learning games. They really help them when they are struggling in certain subjects.,5,7,1.1,2014-09-30 04:46:54,,
gp:AOqpTOE6ATP9VM30WDoNwkpDzuCNrCzH-mFCFJsiHUq-tKbiMRTJnwjEtgM1WGynIFsAwx2iDIkN71S4QMLCyic,LoganDoes Games,https://play-lh.googleusercontent.com/a-/AOh14Gh-K736oUuVW6fk0L6bJZ8nFeCmO61Kpp4z-Zm1Sw,Im a second grade student and this app rocks,5,1,1.1,2014-09-11 17:34:37,,
gp:AOqpTOHi7UWQLHRKLR7JbsSN77WdshZjDCZAzExwPhCL-GMfX3OfhkYMTwB2T_W0uOOGZcR6M4mouPhkGZA3wRE,Aron Golden,https://play-lh.googleusercontent.com/a-/AOh14GjLS9akhlLxhSAC_4JVKkyWT0c-bXbkjXzQsgg-IVs,It is very educational and well formated. The only Problem is it won't work under multiusers.,4,1,1.1,2014-08-28 06:32:29,,
gp:AOqpTOHRW7JakxzcC9YSpwotJj1YzHxz5m0wCwbSwEb4I0zvl0Ua0bmlm_Q45ADc9Y2Q3K2uu7gdb7h9T8hJ0w4,Olga camacho,https://play-lh.googleusercontent.com/a-/AOh14GhN1EL-CVYmddGcOiT0g5o3QuanTxlBDAq3zjI1kQ,It's to the point and the games are fun.,4,0,1.1,2014-08-22 07:59:33,,
gp:AOqpTOHIcpLy_DtNPkUeEwqV3pUYx9S1AvPC8yWJ7qV7ZYgroym5qF3z6mGkT8JkM2JZI974Ei5-4d3wWJyHKrM,Mariah Skerrett,https://play-lh.googleusercontent.com/-ZvnLto8Lrcg/AAAAAAAAAAI/AAAAAAAAAAA/AMZuuclquk85_xM-iaK_poAoX3dR8uikqQ/photo.jpg,"I thought this would work better than free version,  but I was charged twice and it won't even start.  I've sent messages with no response.",1,3,1.1,2014-08-19 16:29:44,,
gp:AOqpTOHYT7f5yvG0ZEsR6hrVgiEOlQdOT6Ndmr4yUz5zX098OIaOg5Q9o4po3xvTHKSqXr5uNhqJs_52pb07nUA,Annette Carney,https://play-lh.googleusercontent.com/a-/AOh14GiD83PaRcoymNZJN2ISd2FDPfHgmefp3NK4_vRQafQ,Great,5,1,1.1,2014-08-07 09:26:09,,
gp:AOqpTOEt2kkKlM_bGAuZyY8EkmbF80b6OiE59OKdXiRCO6fKKCJcgtwl9dyty_kGWxn0P9Y6d4kGo8vh8xfFVvw,Nicole Calderon,https://play-lh.googleusercontent.com/-owxNprlbKEg/AAAAAAAAAAI/AAAAAAAAHnc/AMZuucn0x1ZsrpdZVA5Z140XHC_ddFyYhg/photo.jpg,I paid for the app & still can not acess it. Do not waste your money on this app. Very disappointed.,1,1,,2014-07-25 12:15:12,Please email us at support@kevinbradford.org with any details and we'll see if we can fix the issue for you!,2017-02-20 12:19:39
gp:AOqpTOHG6xkXVnqFj7CXV3xtJiECIuWXm7JPs3tn8969W3mo4JvdZJjv5r_fhA-LHGHPKVHcygma6Lmcs8sj_Ac,Trash Can’t Do Much,https://play-lh.googleusercontent.com/a-/AOh14GjiLBvbDrQ5BsMvdvxbMJqbPJLFfGPtajCQxWBwHQ,"I bought a couple of 'telling time' Apps before I discovered this one, which has one included, darn it!  This App really helped my daughter in 2nd grade and she likes the games.  Thank you and keep the Apps coming!",5,2,1.1,2014-07-21 08:36:52,,
gp:AOqpTOEBT_kRU8HzMWu_KIQKH0bLKaExzZjpWRgCrF5H-uCWorNbVIipzeWhAQ4jgDm-Gh-xbyKjYRduI5HYsVo,T Gonfa,https://play-lh.googleusercontent.com/-Qk11J44xbSk/AAAAAAAAAAI/AAAAAAAAAAA/AMZuuclm8-nfc-VhJjmMIDnMyh6wtA54gg/photo.jpg,This is my daughter's rate and I agree with her. Thanks,5,0,1.1,2014-05-12 14:13:34,,
gp:AOqpTOE-hR7RWl4ZdqMguoN5Ui0PAVw8uh_iOdAXoMXAkTU2WuSU70pMu6rye98jl8y0PJ8g4E_ycCuze7Vvd1A,Suzanne S,https://play-lh.googleusercontent.com/a-/AOh14GgEIHmTE-L2voEhdz7NeAEsWZrwO38VNNP4nz_gNg,Good math game.,5,0,1.1,2014-04-19 13:16:10,,
gp:AOqpTOELL-r5-OQ-iqNhHqdSczulPFFMQ-1D-hbSLVC-nBcE1WArHNjjdCGIqIlUtjn5pBT2XyBraUWNlNfbqy0,Christina Toy,https://play-lh.googleusercontent.com/-Rp1wyRZtzYg/AAAAAAAAAAI/AAAAAAAAAAA/AMZuucl1Iqcnzs8uqBvyLCtUhpnAIDChaQ/photo.jpg,My 7 yr old has fun with this game.,4,0,1.1,2014-04-18 07:19:39,,
gp:AOqpTOFYBz2_MDIjicT_pm9hAAdM6JCWelIfYMia9LxXNuQRdL4lxHEmDNU_IBsWDljY_TPou8Avnwtc_zvWS4s,Casey Dragon,https://play-lh.googleusercontent.com/a-/AOh14GjCgzUIkX5e8wJYhyHBFW-WvF-djNbxq5BBb30Pvg,"I love it! Kim, age 8",5,0,1.1,2014-04-12 05:59:56,,
gp:AOqpTOF5VkA81yqXs9tXP-QeWpc5MP6nAEpLFqgywDRU54n7Nzf4vExsm9VYXc_LGVhvqm0JY9g63QCsOzm2bY0,Lydia Dishman,https://play-lh.googleusercontent.com/-csTbtqIPLXg/AAAAAAAAAAI/AAAAAAAAAAA/AMZuucmX8UaJ4BGzP8yoXICA36NjwzPl3Q/photo.jpg,,5,0,,2014-04-09 03:45:52,,
gp:AOqpTOE07_0hC4QljluiO40OpWjJjAtJ86hy8mb0TF4-r_lt4Qy-8x4srki0vf7iermAuYU06VQRbQFWBjJSzu4,Roxie Williams,https://play-lh.googleusercontent.com/a-/AOh14GgDP3EFxPpmqkF1a4LZHRC5BrAa3Zo3jWhGQG11zw,"Great job Kevin!!!! I have kinder, 1st&2nd grade",5,0,1.1,2014-04-05 11:55:49,,
gp:AOqpTOFPmW0dlw_oICk75PJAyJTahGmYGfgtzrA0l9iThOZk5NNTd1EVVRnmcgJgygHme8C8Hpvi7vzOVsNIqoU,Kaden Moon,https://play-lh.googleusercontent.com/a-/AOh14GhjZPNCEL6YYnyC6cn6tYAM-25b8Q0BAGcVhQbDPA,It is really is good for kids!  :-),5,0,1.1,2014-03-30 07:59:44,,
gp:AOqpTOEuxcg88YkQya-fJjQDGHWEvudDw0FN8erLkvtJYjgJmQEBnm17eQg5Y9RDPc_XDPXXj6i0fPpov76QDKQ,EVELYN Johnson,https://play-lh.googleusercontent.com/a-/AOh14GiyH0fG7KCNOjl2NYDKhkv69EamTMSa35H2wXpp0w,My children love this app makes learning FUN!  Worth buying the full versions!,5,0,1.1,2014-03-25 13:57:18,,
gp:AOqpTOFPMd3__IIx4Il8HXEpq6p62CyIlU0rGg-6Efls9PPKC1bR3bQ08KLPGDPdwaL-fhUB_nnc4UjzOaI7lk4,Samuel Morgan,https://play-lh.googleusercontent.com/-YWTfjsH8xJo/AAAAAAAAAAI/AAAAAAAAAAA/AMZuucmSuGr9TaXUsLwz5xXjf1pwAxnF3Q/photo.jpg,NØ,5,1,1.1,2014-03-13 17:40:01,,
gp:AOqpTOEMrQakx3rp-HasvFttbqwJrlaZvfVG6t2buel9LiimhLeJ-ihZq3mEbSAJ4223WrLLoGsqJAxwlQqF81Y,Nicolete Booth,https://play-lh.googleusercontent.com/-RBEOGLg7FVY/AAAAAAAAAAI/AAAAAAAAAAA/AMZuuckHh91daKP2xtefZ_1WwBxpbO3WOQ/photo.jpg,Great fun way to learn and practice skills.,5,1,1.1,2014-02-21 13:33:27,,
gp:AOqpTOGD8m8cRs3Az_v73dxDEHBAHx6hPBTIxek11FG4ZGNTKPT0z7bPX_mC7l2MhzgEO1xVTYe8T-kOBH-ccbA,Shadowlestplayz Movie,https://play-lh.googleusercontent.com/a-/AOh14GhswPEH0lqolgPMQY_NGwUeutKmGpD4ZAShxPJhcA,My son home schools and this app is a great addition to aid him with learning.,5,1,1.1,2014-02-18 07:27:07,,
gp:AOqpTOFhYgty67HwKcklQBxaUNqlDlA4tMSXdYgR0GUYNhb0CCTA8awXhzdbsEw9HQMpqg-TdZ_eeXMzmEYF-K4,Elysia Carrillo,https://play-lh.googleusercontent.com/-4Y_vJ7G60gY/AAAAAAAAAAI/AAAAAAAAAAA/AMZuucnvoSJKlGup1xz3pEQS7spGqjiFtA/photo.jpg,Cool lol,5,1,1.1,2014-02-17 17:16:20,,
gp:AOqpTOFdFvLJxQTOGabq8r7pm0-NPMQXKwRE--IidNylqTe6SRBuB2WG2aDNAYhcFC5Iv4a5utGKI2aGbFdSAUg,Daphanie A,https://play-lh.googleusercontent.com/a-/AOh14Gg5uRqq5fjnVVdhNLWlGJ-A0UawDYP9CSfFjbNjaA,My kids have learned a lot playing on this app! Worth every penny I paid! ;-),5,3,1.1,2014-02-09 11:49:37,,
gp:AOqpTOG0-MWiuu9UD6mrsHLFz0UBgCeQmh61wGto5GqhVy66mCzdGFxqDCOfCsElHuD-jQUMdfTIXYg7N0Vc_lI,James Givens,https://play-lh.googleusercontent.com/a-/AOh14Gh1sWw5dwgQr5T3x9BN1Yq6E7EXP09detIYLYSsqA,,5,1,1.1,2014-02-06 05:01:09,,
gp:AOqpTOFmmVGWVJymQV6COPZsQm0AQm5lfnqTzJMxr0hmU1NAp71Z-Q3imOCX5sZZFTRIiFB7VbrBIjuen57XB8o,Heather k,https://play-lh.googleusercontent.com/-pAnBvDGxDsk/AAAAAAAAAAI/AAAAAAAAAAA/AMZuucmZfRltlBs-2HR6nde8blJwUtPoKA/photo.jpg,It is fun,5,1,1.1,2014-01-28 11:52:37,,
gp:AOqpTOGS6JvdWIa-IClL3ktJPtazNapwY4w2eYKLI9zpYPHSBvme_AhzDy3Tl8AwCtRDOiFkT6wXiGQCujQbgks,Nevaeh Brown,https://play-lh.googleusercontent.com/a-/AOh14GgP2mus88aP9sanLxj2b5OjyPHJHwJ4HgG_uv0a,Fun to learn and play.,5,1,1.1,2014-01-19 08:36:58,,
gp:AOqpTOE9De6U3hJ8Zo9eYtkOqrJEhKre70cc2gudQlLYGHLig5yAxnI2Ii1Nu8-gqcUVL906mWjXcuTNo5EEI20,Janie Evans,https://play-lh.googleusercontent.com/-Ps9H2sHS3M0/AAAAAAAAAAI/AAAAAAAAAAA/AMZuuck9-JkqPgPUzC1najKiJR-4fBpozA/photo.jpg,This is an amazing app. My 2nd grader is learning this in school and it helps them to learn while being fun at the same time.,5,1,1.1,2014-01-16 11:51:21,,
gp:AOqpTOHnUeGNSiV7BDTSNObxN7aYFyXTlZNwYPGKgeC_Ynqr9EE17YjWD5YuAhRKTHJUwBZxo9JlnBNuGsbt350,Jhansi Katigiri,https://play-lh.googleusercontent.com/a-/AOh14GjOHmuu6qtqj_iJ_2asnzHwFO9q6kjbA9lrt3jBkUo,Excellent,5,2,1.1,2014-01-12 14:40:46,,
gp:AOqpTOHqW2RKBwzomSUzEZZb1x2zej4sqJZ3pfZnqSCbOukPLfF1m5uRjpCRJy_d6bHVL2ZKici0qTNuMoqMVTc,Briana Cochran,https://play-lh.googleusercontent.com/-c3Qp23dzjVI/AAAAAAAAAAI/AAAAAAAAAAA/AMZuuclxUFsBqAaFkBZKGdIUwqfqbleN4A/photo.jpg,It's fun,5,0,1.1,2014-01-07 12:45:40,,
gp:AOqpTOGHf8eEaOnaLv9YUatNavb15Wr_I_wt1YoP_XGfyl_hGWBEBm-0h01wJz04H_zJufv8qOs6cITtV0e-KdM,Kari Watkins,https://play-lh.googleusercontent.com/a-/AOh14GgMp-AwsjLrxVOzWqvPf25r5HUN8p8eHO728rHe,I really love it!,5,0,1.1,2014-01-06 14:26:30,,
gp:AOqpTOHYAQmXc3Mg5b5LXg-TqCCoPX9cIbeP9su5ym1ey8rAWg94QR4v-Hfwm856Rd_-Y6PKhCfNGcbj_Iht_A8,Kai Lee,https://play-lh.googleusercontent.com/a-/AOh14Gj3QHBkXEv_2pRLuAk4v-sepK8DWyiifO9Iiss4mQ,Great app!,5,0,1.1,2014-01-06 10:31:27,,
gp:AOqpTOE-lGTx32viID2s2bxOxL6FgEAtXjThScb5gL5TaO-RCHdZgmb6prziJOJMispnO0EyPKb237rQKRp5eks,Jodi Jones,https://play-lh.googleusercontent.com/-M5X-fgZYs_A/AAAAAAAAAAI/AAAAAAAAAAA/AMZuuclqlAhVZjw7Qg-W6ITsazgv-c4VsQ/photo.jpg,Its great I am really learning everything I need to know in second grade.,5,0,1.1,2013-12-30 16:31:30,,
gp:AOqpTOEkK6mBi9AAWG2opzuCbmkqL1BKeH15zsVU0RC0knxAw4HRlsxB9L2JEaZb6Q7txDoMH8GafuotqzERZGM,Melissa Gutierrez,https://play-lh.googleusercontent.com/a-/AOh14GhWR8kQbJZA-kCwcc2KKC1FTSsEHN2DRZYaigyP,Great educational app!,5,0,1.1,2013-12-30 09:34:20,,
gp:AOqpTOFPjinPz-m10O893ZMJ69ndnwmmjD2zW6wIQkhvqmdEDTIQpSy5F61-ebVSvxEe-6aIPmzMvaKYbE3M5PE,Aries A,https://play-lh.googleusercontent.com/a-/AOh14Gi1FEcNeLwWhAZWJS-BAMEO_eKBgk4F-Bo1WWiJFg,This game is the best so far has every subject my daughter is doing in 2nd grade,5,0,1.1,2013-12-29 22:27:56,,
gp:AOqpTOF5Du3tBmcsLPNIDiNnPenodb0BymW6k5YmIsbE5xKkqGkVjfcTPX2DhNuNP8V3a7EuNANnMBgxedyp2FI,Dominic Carden,https://play-lh.googleusercontent.com/a-/AOh14GiYmoC-8oXD-TlA4XY5-p969yFAzzJax30WVO18sww,My 8 year-old daughter loves playing these learning games! Worth the money! 😀,5,0,1.1,2013-12-29 11:11:21,,
gp:AOqpTOEfI6Lv-itYTVAn9Wt8Xv9BjOXigu8oWsRSVYhFAF_l8S0BDsfla-2RED2Ao10TSm7rPhxtkrEWhggk9v4,jon farmer,https://play-lh.googleusercontent.com/a-/AOh14GhPO43ZWlMtGFzBNUu9HmlAg2bBm89Z8kamNhw-,My son might be retarded,4,1,1.1,2013-12-22 14:02:00,,
gp:AOqpTOFMbCASNZzNf3mWa8sL20Gex8jWgmF7kVcQCn7c5x7yj9lc4OQWRpCitK0gCe-DAHKLu7s98gGhwGMq5iQ,Leslie N,https://play-lh.googleusercontent.com/-gbHa7XsWCkY/AAAAAAAAAAI/AAAAAAAAAAA/AMZuuckiMEY7FLidF5RAzZe2_r9bWda4pA/photo.jpg,My daughter loves these games they are a fun way for her to learn. Will give 5 stars if you add somewhere to put a spelling list in your spelling games that would be most excellent!!!!,4,0,1.1,2013-11-19 17:02:08,,
gp:AOqpTOE7Bp-qcv7eGg9oAt-H9B93wfG1FxhMvd8_-Xrc6uvZCTe_nzxCd-DbFW0bwy0oZfgvIbfmx6ldH1qz46I,Ashley Fox,https://play-lh.googleusercontent.com/a-/AOh14GhdI7aZZk9IUPsllmE-dDfcPTwKk26o8sysPecZWA,My son likes it,4,0,1.1,2013-11-12 04:40:42,,
gp:AOqpTOEaMtVWS48AkLqJ_z189T50l0CNZ_eb8c3im4_ArYxrnZ6HrEpkie69MlgHb9TEHQg5Gel2ced0ANY9rqg,Evelyn Martinez,https://play-lh.googleusercontent.com/a-/AOh14GhxYPburzZL1VGrefo2-bP7gfsOXggcljtJXh3VoA,Good app.,4,0,1.1,2013-11-05 17:32:39,,
gp:AOqpTOGG4dtvJRVwK2gdUjfHCRCFMeNqJPUmPUb1MAbVYAGPaoKClzAZXAp4d3oxMhcUALHXTVpQreK0Ns1P7hI,Karen Touchet,https://play-lh.googleusercontent.com/-7jcZRfL8OK0/AAAAAAAAAAI/AAAAAAAAAAA/AMZuucm2nv5EHO9kc-Vktgkwop5BftXOUA/photo.jpg,I only have it 4 stars because there are errors on the punctuation part of the app. It will not allow him to put the quotation at the beginning of the sentence. It lets him put both at the end. If it weren't for that small problem I would give it 5 stars.,4,1,,2013-10-24 21:19:08,,
gp:AOqpTOHFW7i-ezHtd-GAys6yQcc8WE7OMQTcRrdSQBa-nQfUvJkrIUsehtoWcIk3D-BPpN5j-HUzUi1kXtFpR4g,Christa A,https://play-lh.googleusercontent.com/a-/AOh14GgpEAXT0Yj9AOZ7Smyho5ElD3kpkWQ2EaHHfKW-LQ,It's targeting everything my daughter is learning in class!!,5,0,1.1,2013-10-20 19:49:40,,
gp:AOqpTOH93hY6CQhh5VuGkmGHcFLtgdgFXj5b4_ZrQpZ_km6hHCuWSLuEcDGo3OUPHHatqhEhJUCr7OLyogpyZNc,Maleina Sawyer,https://play-lh.googleusercontent.com/a-/AOh14GjmVMrxkp6cqVrZjeZzz_hjeHXUdPhT4y5qS7rk,"Love this game, worth the upgrade. Just needs some fixes in punctuation; doesn't always stay when close and few errors in punctuation. Please fix.",5,1,1.1,2013-10-01 15:02:28,,
gp:AOqpTOHYJK93JQDuAu6krqrJd0I1yjg1vgZ3FDnmhP5xFgfma1ytS8_exn_urXj1z6XJVZ37MVlpPHmix4t_YV4,Val I,https://play-lh.googleusercontent.com/a-/AOh14Gh8EVutBlwWRZldVTS2xC--rluxQRuxzdbvcTKhSVI,My son delayed because he no interest in reading but he loves this! Thank you!,5,0,1.1,2013-10-01 10:52:32,,
gp:AOqpTOGn4moll6ICTTAse0PsixS8qJnl_6T4OwzrUQkIBWzR3GPvb-6zLmUW1eW-ulgKHk245aPcUC1WcWWkaLI,Xxx. 0nly.Blue.,https://play-lh.googleusercontent.com/a-/AOh14GiUF6ub3W8iTnmjFTUaNk0v8xXUXJX_WDIwGPtwsw,Excellent,5,1,1.1,2013-09-28 15:39:48,,
gp:AOqpTOEQV7zUbHgrHlmepveKOb4vvLYxJM8YJ8IHVzSbXSGcHGsdYUj9feTkTqW0vgd1yGQq9ekPHpKmV3IFftI,DaleAnna Smith,https://play-lh.googleusercontent.com/a-/AOh14GgWxH-CxXj9A2K_cnwV3K8TLj806IdPUyYCqfNJ,"I had 1st grade and now the kids are ready for 2nd grade. Great app to encourage learning. I make them play this before they can play their other games. They learn by playing. When it gets easy, I move them up to next level. So far, I am happy.",5,7,1.1,2013-09-10 11:46:28,,
gp:AOqpTOGwN6YNqH51ntkKqeGkMB8Oa6nwQo_mzwk9NSgx6R5fqcQBVTIegHmtTghhP1lRlx1E8PVWjf1dz---J40,John Dugger,https://play-lh.googleusercontent.com/a-/AOh14Gg7SB5FBNfY86aQ-w0GUtYhyHD3D0n6q6e-kVrFrQ,"A great way for your second grader to practice important skills like place value, alphabetical order, time, money, punctuation, spelling, and multiplication.",5,0,1.1,2013-08-23 18:34:36,,
gp:AOqpTOEG9LnH0xXMqiZ2KfMBqH4bYDeIqvDh4vjpq1DR43f6a8ZlrFx1t0Ssg4bM46X0vo8VpGdgiOcJ-Jl34nk,Jade Freeburg,https://play-lh.googleusercontent.com/a-/AOh14GjKvRs321nPfQZzN_fOUq9C0prqghh8LiI25OkzaQ,My daughter loves it and so do I.. GRRRREAT BUY!!!!,5,1,1.1,2013-08-12 03:14:56,,
gp:AOqpTOEtzZU50zaxVDFU7tz9-7Vq0P13335aBaOoRHlVVzTx8TDD4IrtqnUSfjcxc4TXzvtXailAlYzWH08wg_0,Janelle Lundy,https://play-lh.googleusercontent.com/-_BBwaZPLnkM/AAAAAAAAAAI/AAAAAAAAAAA/AMZuuclxGt7emZuUCFKJZgEvJTAuS9PdUQ/photo.jpg,"If only it Catered for students that are starting to learn place value- all the apps for place value on android are for kids who already get it. Numbers to 20, then numbers to 30. learning math should be incremental - and very thorough.  5 Stars from this hard to please teacher when it has levels",3,1,1.1,2013-07-26 02:07:00,,
gp:AOqpTOGOCf7sUAJANiy0dmXImzO4Bv--sTYRrKVe_tit-QMSusWWbjCwad2I6ll8jp8M7Ys0cpvK9pXVXhcN4tk,Pam D,https://play-lh.googleusercontent.com/-NJU9kqL1HMg/AAAAAAAAAAI/AAAAAAAAAAA/AMZuuclVIs8onCn894UZiByACjnRFOvfog/photo.jpg,Great game,5,0,1.1,2013-06-27 17:40:06,,
gp:AOqpTOHf9VZo8OXa6k6tEevC8ADOSXyOB_K0JLjSA5r-cbqEHHQN9Pni-WH8OsJ_KNQ89j-x4DpPywVbeboon2c,Johnathan Morrison,https://play-lh.googleusercontent.com/-ExL7rjHX35I/AAAAAAAAAAI/AAAAAAAAAAA/AMZuucmRtvhQnLxBeyAm28K_wlZj2xvQdQ/photo.jpg,I like the program for my son entering 2nd grade next year but it has very limited content especially in the punctuation and multiplication sections. After playing just a few times he is already becoming bored with it!  The punctuation section repeats phrases multiple times in a matter of 5 minutes of play.  Also the programs allows the user to stack punctuation such as quotes which screws up the placement of an opening and closing quote. This programming error should be corrected as kids are allowed to complete a sentence without actually doing it correctly. Needs more content and some fixes.,2,6,1.1,2013-06-21 09:44:12,,
gp:AOqpTOFG28vVFXeIjrECfos1Y51l_3SJ6ZK4i2bTECp9gC1e7bn1vxWfmN42JgaZGnbHTcMOfZnsDeQCnpevLQU,Mandy Volrath,https://play-lh.googleusercontent.com/-LkcBfT3aFg8/AAAAAAAAAAI/AAAAAAAAAAA/AMZuuckdWx25BIfmVOWSd-rWu6mHOxWKRg/photo.jpg,I love all three levels for this game. I have one 4 year old and a 6 year old that both enjoy the games. They are truly GREAT!!! I also have to say my system wasn't functioning well and I emailed a general question that was answered politely and promptly witch was of great help. Thanks for everything!!!!!,5,2,1.1,2013-06-12 19:37:33,,
gp:AOqpTOF1cxKV_1eEzuM3MrSV9YYWfPTonLnRJF3JbP9ggg95HyI6TuUI3HjdErJOw7RLyL-7gV2YvWvdUcSrzEI,Gazorpa Zorp,https://play-lh.googleusercontent.com/a-/AOh14Gi7zvLIiXnjGfcteT10GVQl6wrtOW1hG_uIoRU-_w,Good app but with a little more effort it could have been a great app. For now it's good enough to keep kids occupied while accomplishing some school work.,4,3,1.1,2013-06-06 11:49:43,,
gp:AOqpTOFMKTMJmBkFmvH-RaZhgfSFbeJdx16SNbMyUUD9Pc-H68dn8-EDu9gmjUZe45SHqnxkyVpYA1RjZkQB94I,rachel brown,https://play-lh.googleusercontent.com/-rX4Ba_IdoE0/AAAAAAAAAAI/AAAAAAAAAAA/AMZuucmHLK_Cj-WoqAACrVcMQDiyAWgwqg/photo.jpg,Great game,5,1,1.1,2013-05-16 05:19:48,,
gp:AOqpTOHtI5q1SNM3Wo05kI18MM9Nj-ojJryiju2eYczy0RddrsI7JdrSfRgy_Kja3ILTSLHxtDdmyoL-qz6Nw-A,Tomas Remotigue,https://play-lh.googleusercontent.com/a-/AOh14GgmzTFCQ8OSaVxsMPg6_r6Jyh5uElYLC35SBKB4jgE,"She loves it. It's just the right level for her. It needs more variety though, since after an hour or 2 of total play she's mastered pretty much all of the exercises. I'd pay for additional content",4,2,1.0,2013-05-05 15:17:52,,
gp:AOqpTOGiQiPKGy72s3e1QUPOJfXrCEMBnbIf3enCpgmiVd0YiVSBpY_-5eoFgc8kATcjQiDKPVBcxom4_hcHWlg,Ben Nar,https://play-lh.googleusercontent.com/-Fqxxw77jFps/AAAAAAAAAAI/AAAAAAAAAAA/AMZuucnLKuaklPNESYRNwHloWMdhMlQYKg/photo.jpg,Really good app for kids.,5,1,1.0,2013-04-25 17:33:25,,
gp:AOqpTOG4YNzg4LcPUiqfAxeuplzNAYk_UDKdS7wKK_yUoEICVuwVG_3fc0xm3ntU3eKXYFLxX1Cerzb4NciV_0o,Abdul Khalik,https://play-lh.googleusercontent.com/-EKTkpegCzo8/AAAAAAAAAAI/AAAAAAAAAAA/AMZuuclRcSozwYuUsusM1xC42wRl8gGA8w/photo.jpg,Fantastic learning game for young ones Boost your kids i q  My five year old love this and learnt a lot,4,1,1.0,2013-04-25 12:28:49,,
gp:AOqpTOEzF1WvT1EaNGJdaoWK2gBSk8m-P5iJBaXYqkkjOM80RiPCNtxuh9zfYX6F3sF5lqaU8WURk9Or0PqRINU,Sarah BushnellCannon,https://play-lh.googleusercontent.com/-lg9XYux_WW0/AAAAAAAAAAI/AAAAAAAAAAA/AMZuucnBJ__89vZjsCbfEbIYD0z93TXctQ/photo.jpg,It's exactly what my 6.5 daughter need! Thank you!,5,1,1.0,2013-04-24 16:54:51,,
gp:AOqpTOGgaNDiSj2BuiN7iDvQ7RUrOGMWk58DAgbYN8O-0yuSZGHbM5mXTks4_NTKI0lf8375QWljW18k1AKk7XY,Bridgett Doty,https://play-lh.googleusercontent.com/-ug6CfXdPSyI/AAAAAAAAAAI/AAAAAAAAAAA/AMZuucnQrWvKfcRFNaFOlbMpLFxAaAwt_Q/photo.jpg,Great learning game,5,1,1.0,2013-04-21 14:16:50,,
gp:AOqpTOFTGpszZiJmje9eaBzBSJQHbpI178C2Z99jdAjwu1GZN11ck1KRNtB5V__RxPff6dOgo8gr-m855TczA7s,Luv Barrett,https://play-lh.googleusercontent.com/a-/AOh14GjSUQpxsfza5miQmfnuzDAFSx8lwXnlzOp1t5ASaDU,"I'm very pleased with this game. It is just challenging enough for my advanced 1st grade daughter. I love the examples given for multiplication. Very creative, & spot on!",5,1,1.0,2013-04-13 22:15:56,,
gp:AOqpTOFjJ5Yp9GcKOCpMiId1bsoEvEnBxf2pDE1rsHgN6bqVOrnFXwjNSrRIP7KkwymM7OyLS97b6LEJr-FZGS0,Tiffany Miller,https://play-lh.googleusercontent.com/a-/AOh14GgHYapz_1kHWS5xjwNUo8Fn7iFRc1rqZzbqQW7X1_s,Great app. Kids love it!,4,2,1.0,2013-03-24 18:17:52,,
gp:AOqpTOHznq8RBWd9D-jq17jsQyZb5-8uANJ9j_cVdXFcRVosdSOXcRVbCQH-DAbqgghzUxgxuj69mQ0WXPBkOLo,Tracy Hollon,https://play-lh.googleusercontent.com/-h1KPcJlKFOY/AAAAAAAAAAI/AAAAAAAAAAA/AMZuucmAyiSEN0Hk42wyqgx5Uu0VP_77mw/photo.jpg,Absolutely awesome!!!!!,5,2,1.0,2013-03-23 12:26:36,,
gp:AOqpTOFWBrC_ZkMHzIrbYEOzc3aqXiVVLdu7ebHFGxvFCKUZRC7NYwTJlO6Chstq7eRYXjIy2HPZWzXSdsG87T0,Evan Lindsey-Barner,https://play-lh.googleusercontent.com/a-/AOh14Gi6YiJchxVIYh7HFynft85cbsgsA4lePdzZ-9Cq1A,"Great app for my son, can't wait to get him started.",5,2,1.0,2013-03-05 19:12:35,,
gp:AOqpTOHtwYKPjH5CX94vZVzVZzu56E--2fJozCaBUAm8iaf5ZN2CzvFd-coP2PZSniHeaw2Zyh2lgUE_sfTYAMI,Andy Striemer,https://play-lh.googleusercontent.com/a-/AOh14GgrGnvnKD4Qz-bT8NZICsll_Swjx-bY__afDnX7wg,My daughter has been enjoying this immensely.,5,2,1.0,2013-03-02 21:22:32,,
gp:AOqpTOEbA-XXB5APEqLchc6h3jOJmmu8G06J00neSXud9YtH-pIvRZSjOJFQjTDlzfZ5XBvVPohVhrZAZS6V6TQ,Rachel Clifford,https://play-lh.googleusercontent.com/a-/AOh14GgFCyspRKEP6W_v4TEOkrWrlpuyOy8lXu_kkkH7RVo,Thanks. All your apps are great!,5,2,1.0,2013-03-02 13:53:25,,
gp:AOqpTOHocUNksGbMeHB6z2kEip8nd7kMcc3nWgVEXC0sdy464rqkexLsv3v6_n3UWxiXEzyiHvnNB1xV1JZ7WDI,Ian Willis,https://play-lh.googleusercontent.com/-cM-GOEExlj8/AAAAAAAAAAI/AAAAAAAAAAA/AMZuuckCMDM7tlsqEEjsSazHo6QYHnMC3Q/photo.jpg,"My 5yo kindergartner loves the kindergarten and 1st grade apps, so I was hoping Kevin would make a 2nd grade app.  My son understood the multiply game right away - only app I've seen that explains it so well. He also loves the place value game (although he already had that concept down before this app thanks to Infinut's first grade math).   I wish that the rocket shooter games had an extra slow mode and/or untimed. They also aren't always responsive to my tapping - I sometimes have to tap thrice to shoot.",4,3,1.0,2013-02-28 21:34:39,,
gp:AOqpTOEus_li0LqCO6gfvntDzmpNrMrLAcMpivjqJzutCfaV702QfPep8TosMg8J8VFpBQboDnjCY2VNaDEhng4,A Google user,https://play-lh.googleusercontent.com/EGemoI2NTXmTsBVtJqk8jxF9rh8ApRWfsIMQSt2uE4OcpQqbFu7f7NbTK05lx80nuSijCz7sc3a277R67g,Great!,5,2,1.0,2013-02-27 18:38:08,,
gp:AOqpTOHbcK7mc2C1htzPFsDwQT0M7DTCtNVmQjJiGEqERqpmHpzLAlC8wdINDXByYH6Da1w7tbMSRJRnk73qgHc,Tammy Chitwood,https://play-lh.googleusercontent.com/a-/AOh14Gjz6vQHA-uCmpJwFgBYCMFahlF8y84Yl4XoXEx59A,Bought it and when I tried to open it on my tablet it said it was not supported on this device. Wasted money to be told that.,1,1,1.0,2013-02-23 17:23:23,,
gp:AOqpTOFdB-JovfTqjgglZjlVIuuAEunGWC2oJtjTacyf13HJ-vhUpo-aIAAsQbmmCpZx9YQ7idGpsVlzEkObyak,Not Human,https://play-lh.googleusercontent.com/-ju4klMKCsmg/AAAAAAAAAAI/AAAAAAAAAAA/AMZuuckWOHUk3izfWhn1WkGvI1wp9uP6FA/photo.jpg,I just downloaded this I have been playing it for 15 mins I think my second grader will love this app. This is put together so nicely very easy to understand and I love the voice over.,5,2,1.0,2013-02-20 08:02:48,,
gp:AOqpTOEAse5doN2RCTZBlmLgZSb-meQD6gl5C3EIPrNoKaig5lsf72YWVZyfs6OLFrYmGN7IZAboGAk-CgKfsqI,shaneea hill,https://play-lh.googleusercontent.com/-Riv92kfWDMc/AAAAAAAAAAI/AAAAAAAAAog/AMZuucmD4FjscDzQyo59wGnvvSiLuc-Q7A/photo.jpg,On the punctuation game. It's hard to tell where you're placing the punctuations. Over all we love it!!!,5,2,1.0,2013-02-16 06:34:48,,
gp:AOqpTOHUsmF04LoYNwM0DI7Ny0CHAQdE5vsBQN2pb4scSPmp5MbAOsOJnEoeVySO1M81Tw5EEJ408BTrmhlp_6k,Dede Sam,https://play-lh.googleusercontent.com/a-/AOh14GigRcBUOexFKzktOPckLKdBS-8AylxT67Sm2HChhA,I use this app for my son and he's learning and loving it!,5,2,1.0,2013-02-06 09:45:27,,
