reviewId,userName,userImage,content,score,thumbsUpCount,reviewCreatedVersion,at,replyContent,repliedAt
gp:AOqpTOGeaKTO6kSHvktFYCErO06q8e6op1yLiMftQge-8FJG4g8Z4mX95k-kNO_GdyNRuIuhhJWQuL9fSKy_0Q,Mr. Chicken,https://play-lh.googleusercontent.com/a-/AOh14Gh1NP8jevDl9YSI259KYHCdb4pmZDlgWgGse_cqIw,"The game is fine overall, but it's very unfaithful to the original flash game, like the ducks go a lot slower in this version. And in the flash version, the purple seeds increase all stats in dl 1, but here, it just increases your energy by 3 lvls. I really wish that this mobile version would be similar to the flash version",4,2,2.3,2021-01-21 14:25:32,,
gp:AOqpTOGWaAMaXXdMNxxhtH0NtKGzd0JZpLiYKcNk14CFr_U-IpT43SpsiJe6LI3cM7ogaK7xqulwT_mTCX9LgQ,Danny Le,https://play-lh.googleusercontent.com/a-/AOh14GgPcewhFFUhe68NaHcXgc-QxcNmsTUpd51LAwurXA,"Ducks go a lot slower in this version versus the flash games, jarring a little but gets worse when you can easily beat the last boss of duck life 2 way earlier than you should be able to. Thats because of the weird new physics in this game. Training is either really easy to cheat or just really cheap in how you fail each one.",3,2,2.3,2021-01-11 00:34:08,,
gp:AOqpTOFwRxM62Nf5AqJy9-OM2N1wa8Qc4CEOgWr5dYshzTBSiS7UzPvXCoXzluxGUTZvTnX8OV8R5RXY9enpIA,GiftKid,https://play-lh.googleusercontent.com/a-/AOh14Gjn4jEKJaBMqRnRYYax2R_6I2dM_pZjOJHB0-K_,Just make a port of the original games ffs this has 10x the bugs,1,4,2.3,2020-12-29 14:27:22,,
gp:AOqpTOGKXDUPvaxXDsT_PHEiCr8HyJt7glahys5a865WBG4g6BZDT5hU9r7d_KdTVLBhAMvlAL-pYhhtEa6BHQ,manny brawl stars Morales,https://play-lh.googleusercontent.com/a-/AOh14GiVjJiVblDodawLSELNVSEV_HfSCxAC1gZvlyxW,They need to fix how when I get in a race it takes me in the first race and I leave a 1 star cause they don't fix that problem it would be a 5 star if they could fix it,1,4,2.3,2020-12-04 08:41:30,,
gp:AOqpTOE1kl--M_BNB_c3grZrG_2ftrRe5hPFCxC4227fVVmxXY0DaVDG5_kDnq-mfxSHSdgb4sBHgbMoz6cHvw,Alejandro Largo,https://play-lh.googleusercontent.com/-K4TUy8fqX5E/AAAAAAAAAAI/AAAAAAAAAAA/AMZuucmvOIL3dUW2GAfrF00rgKGw3b2JhQ/photo.jpg,it good,5,0,1.92,2020-09-05 15:25:05,,
gp:AOqpTOEYdVUZKSopUg_DXog8u47NU7jVZ4C4fwFLHMRM4YRwU_1WBs236gNuD2qwXti_F7pfjn3_0E6QdqCyBw,Kira waller,https://play-lh.googleusercontent.com/-NaUVGNOhKTc/AAAAAAAAAAI/AAAAAAAAAAA/AMZuucnjyKCfV7nUrUtKf7JWz9udXrTaYQ/photo.jpg,Play Duck Life duck life world champion and Duck Life evolution And I love it,5,0,1.92,2020-08-26 11:38:53,,
gp:AOqpTOHQFITMVqEty9GZOgSwPJ6qzjoWVdQLItIKa3GI7GbwLo7dwnciVJgAxkoMJv6k8DBRrniP8gxZL3GRTQ,Linón monjil Lllfñldflñfledññdlsñrñddññ,https://play-lh.googleusercontent.com/a-/AOh14Gj8sVuuOYb_TEmd8ONdeW3y6ySFefU5Z6DP4bRUxw,Good,5,0,1.92,2020-08-05 08:53:22,,
gp:AOqpTOGYu3Z2f3TgEIHg9whly1aN71W_TgTAamXRqSobdq2P8hT_z4rlQBSuMspsTyxMPthTR-hFpDEYLuiEig,Andrew McLaughlin,https://play-lh.googleusercontent.com/-iL3xxoRyKNc/AAAAAAAAAAI/AAAAAAAAAAA/AMZuuclARz71O6FUwXvKBwEqRQD6aXM3IQ/photo.jpg,Fun game no lags please buy great game,5,0,1.92,2020-05-09 17:30:40,,
gp:AOqpTOEUt8j-WThxDd7ANhUYO9kgEQGxOHAHNE1GhSjPqHMn3-mR4Idh-ORv_mG6gW9mE3PR0qWOGPSBpQwm-A,Kyle Corey,https://play-lh.googleusercontent.com/a-/AOh14GhgBbpt-JMN9hp1sUSRNNTehxIbFNfx-bc_Ur1GqA,I love it! ☺️☺️☺️☺️,5,0,1.92,2020-04-10 17:20:16,,
gp:AOqpTOGyv0qzEmEgnVoU_bAIN1_GYGgZ3PnGICvQ1IbgBXcnRu0AzjLd8qeedfugGlhC_TYJPp-tPzkPHvEhhQ,Joshua Joyner,https://play-lh.googleusercontent.com/-jYtHoEurGAQ/AAAAAAAAAAI/AAAAAAAAAAA/AMZuucm8cG0UADRevdn5QcYlK5zubr9X6A/photo.jpg,I like it 😊👍😁,5,0,1.92,2020-03-06 15:53:45,,
gp:AOqpTOH7RSBF9sJHywNx-IW3W11eiBS7Q_7TwXzeX4Or5B91l_y-uoPf-bTe5m6CS9m0PMAk3ZYO18KW4B-1uw,Omega 3,https://play-lh.googleusercontent.com/a-/AOh14GjVP-X42wX7AzVP5OICKcxfZ8sLv9Tz-qKd2Hv2,Ok,5,0,1.92,2019-12-29 15:52:34,,
gp:AOqpTOEnSByScxKZ0VYwA3jTZdPqI0wJKI5u95UgmdtrZuYo0t42ACP6_G9AhmVKcS_xyUNeED1LxxouvDH32g,KrispNoob,https://play-lh.googleusercontent.com/a-/AOh14GjhKjKUXJCn0uDEYVcsa7V7Wo74mE7mbsEDDq0X0Q,"Amazing!! I try to look up Duck Life 3, and it's already in this game, plus i even get 2 extra games. Great experience",5,11,1.92,2019-12-20 19:33:58,,
gp:AOqpTOHkMBWChX7ghwx219RLdnd4EMdxlz32AiMhK0-4t9TAbZ3bSwj6FncLl6BFpJz7dq9QZ_Q6Vqsv5c-c-Q,8Chasey Enterprises Inc.,https://play-lh.googleusercontent.com/a-/AOh14GhwipZM0FBKuQp3rJB48leE71dFGiXDXxvFiF-e,"I really wanted to play it, and I was excited the first time, but when I get back into the game, my data was gone! I'm getting a refund! (Also, when I quit, It says get the full version when you're in the full version)",1,29,,2019-11-03 11:34:26,,
gp:AOqpTOHU13YLDheo9vluzTyjL7gS6mA50phGsyH86zZYVxQjLpLROP_HuhX7wNNtbOwV3X68z-Ek4QcIgsPRRA,Izzy da Shlump,https://play-lh.googleusercontent.com/a-/AOh14Gh1Ve7bmQxgenHjbGJt6ml6v2UlSCbhS_b1limYHg,It restarted on duck life evolution,4,0,,2019-10-10 13:32:17,,
gp:AOqpTOHD0CRxmYm19W4o56pTwEk0lsuK_m-3hkTP0IPypTcvneRq5Z6Q-x0OD_Ps5QlL88du_nEAL3ZA_3nl0g,Jackson Daniel,https://play-lh.googleusercontent.com/-fHFslTPf-Hs/AAAAAAAAAAI/AAAAAAAABf0/AMZuuckxxO_N5JHVulrk7kw8OoB9HQev8A/photo.jpg,it's good but not great on mobile another example of why we should keep flash alive for games like these,4,8,1.92,2019-07-26 05:31:32,,
gp:AOqpTOEo-U3fzUZE3IOIyUM3wLC9VKPyI0i7NYv0vZDfj77TcJfpoLTtuZa2qADPqK5d8pv9ZWASP1_H74Su0g,Matilda,https://play-lh.googleusercontent.com/a-/AOh14GgZmPG2aRF9XxdM7bL1zTy9dm0y5IzqNRrIYoAhXQ,Awesome awesome awesome. I felt like i wasnt going to play this game for soooo long but i do. I love it. *Waving happily to other ducks*,5,3,,2019-07-18 02:20:44,,
gp:AOqpTOF3vhYnPRzH1dOqXAeMPp07fy0VqmlASMYz4jWAvCzwRbxCShhIrC__mCGkHTyNKbowWb5hikivgREM1g,Lewis Moir,https://play-lh.googleusercontent.com/a-/AOh14GhwxVMothTgB1F6YVzT2bnD7_eJU5HAWaxkpIw4xw,Really fun game with loads of rewards in it. Love it.,5,6,,2019-06-11 08:36:25,,
gp:AOqpTOHz0doxmVSwj9FDnGNCAO6RCIKnBaY4VBhwX1InAMsnrrDyd9dtxMolwj3KB16v3vJ6j11yA9Fvd8BlXQ,kidspartan1111,https://play-lh.googleusercontent.com/a-/AOh14GhGmt9Mv6pdFQBXT0NuRMWckpAX2Hol7kD8tk4Ojw,This game is pure gold and I've played Duck life 1-4 they're all good.,5,1,1.92,2019-05-24 13:15:43,,
gp:AOqpTOGuh_yZm_CcgHZf5ymohGKeOU89Z9vw3jcAKEa2lQvmAx9X28veJg-NHADrww6Ki5GrhRFLgQZ7Htgtvg,luigipro 39,https://play-lh.googleusercontent.com/-RSWiIMMY4YU/AAAAAAAAAAI/AAAAAAAADBs/AMZuucn1KfPNvtuYB4DpcXCBve0DjyI5aw/photo.jpg,reason why I rate this 1 star is because if u return to menu from 1 of 3 or beat a challge or fail it force u to get full game when u playing full game please fix it also what happened to duck life retro pack free,1,28,1.92,2019-05-18 16:19:56,,
gp:AOqpTOH7oqIDoxdTdO17HfodqdSVcpr3QS45u0OcAfB9BTwRedr62a4ufbib9Qp2_s26P4MpsYtkvSTbPR22ag,Andrea Loke,https://play-lh.googleusercontent.com/-PX1c4zmjVPU/AAAAAAAAAAI/AAAAAAAAAAA/AMZuucmJSnK6HPmVL3jO_z-3jtyGu0qrTA/photo.jpg,is so cool,5,1,1.92,2019-05-04 00:38:54,,
gp:AOqpTOGOCtNLc6kQM9GItodDw_W3wnm0kHRiPci9XHbsk-xN7ntezptZMYT7odkUpITrD2PUpYc8uvNlxvBP0g,direfurry YT,https://play-lh.googleusercontent.com/a-/AOh14GhHGH3pRFSB0P4zNoz_IW0G6ewtg5mHVcjpoR4ivg,how do you get full duck life retro pack,4,0,1.92,2019-04-17 15:48:51,,
gp:AOqpTOHLPuGpAFFF_l_NGh_DRKoR2KL-BfGp8tm0Hm5DkIR7MpkXc3Ns39Dlk2MxhjekAieJg-10A5BiG0sFtA,mary parravani,https://play-lh.googleusercontent.com/a-/AOh14GgY1CP7bSUAtGMQGGzfeK1rk6T8m2gjW8Nk68g,i hate the annoying bug that i purchased the game and it still tells me to purchace the full version but i like it,4,2,1.92,2019-04-06 10:04:43,,
gp:AOqpTOFg5r0jmUYq4Zo4NeaVC_NfCUXFZJ7xP0uKDr8Fz1-ThMAm9C9imcuuK0WLEWoaqvV13FW0TX1kH4AOyA,its called,https://play-lh.googleusercontent.com/a-/AOh14GjhTWqfb30d3Pkuxn0Wc86m9ZYjbY9fA0KSNp0lMg,ok so if you want a refund you can get your money back just tap the refund button Reason why Im rating it 3 stars because trouble shooting,3,10,1.92,2019-03-19 16:22:50,,
gp:AOqpTOEY9iMgKIKGWI_HlkPz-aCZdGS9bUEIYOqoeTqaCiWBTONC7haL0bDullNK0PFfusFaRhjkM5A1jKZlLQ,Nick Rerun,https://play-lh.googleusercontent.com/-nSsb4XiDTJQ/AAAAAAAAAAI/AAAAAAAAAAA/AMZuucl4IpnimK9ASEk7YMl6RRMvfgrYEQ/photo.jpg,Good game. now you can actuallly play duck life 2 on phone or whatever device your on. all the glitches have been fixed from the original game. but it still says buy the full version-even when there isnt a lite version.,5,1,1.92,2019-03-01 11:17:09,,
gp:AOqpTOG_Fp8eLn_xW5Qg4gbZcdq0QnGYAhIHtnyoJSBt6IOAeceuKv-hHsy0tTRYVDwIYXtxPCUjZVGGzM5p7w,Payton Stalder,https://play-lh.googleusercontent.com/-NrgN6XC8fNw/AAAAAAAAAAI/AAAAAAAAAAA/AMZuucnljN2twjpjoXYoz_UtOo4BJLFUxg/photo.jpg,fun but keeps poping up for me to buy the full version when i already have it kinda gets annoying after while,5,3,1.92,2019-02-26 14:43:57,,
gp:AOqpTOHE9a9NyNtAeoUpK0wqd0aE6HKq22J_BwE5It5f9vrQ5uTcDOedsbG7ZrdE5aQI8xQPAHbbo6OHh5L6Fg,Zayne Petersen,https://play-lh.googleusercontent.com/-2G_SDf-I5dU/AAAAAAAAAAI/AAAAAAAAAAA/AMZuucmix3uMHi5yV1_3_K5scLpddcAjNw/photo.jpg,sucks,1,0,,2019-02-12 06:27:29,,
gp:AOqpTOFa36JnrDb_gBL-Q6HLs_qDya8LFQ9oQyXNdAzZIT8vpE0xdZ6_C0aZATJIeaBpPIVY2vBRF5D-Jr25mQ,William Hutyler,https://play-lh.googleusercontent.com/a-/AOh14GhOw-GlTHmDMGeKcHPQeQDcfu7ocRayKgyVj9w,"amazing for the price i had $2 in my rewards account, and id say this is definitely money well spent",5,6,1.92,2019-02-08 22:56:34,,
gp:AOqpTOFhiyuOzwsCph6m1Q3vwXCiAnrPPqCJV13Wzx9-K3o_Q8QKgu8qeGEgdlUfLiFvYc3vvDsWPH482AoQOg,Joel Longhurst,https://play-lh.googleusercontent.com/a-/AOh14GiOSD8p4hlnI9Z7wxlMjLjdf7dW3MiwtMos02pYzg,the reason i put 4 not 5 is because all the trainings are the same but diffrent theme. Good game otherwise! 🐥🐣🐤but only on evolution so its good 😊,4,37,1.92,2019-01-22 03:59:18,,
gp:AOqpTOFZVV3yUby0lMgWwXnPti6GFmenl7Z7jIQPfbWBjAYA5x95aSk0GVICzsOm_PB84ctRgXsXxJBUeM81Ug,Chantal Stead,https://play-lh.googleusercontent.com/a-/AOh14Ggb15xcSFVUrWMYCa_kQdSi19sJejPYXj7IlEjOSA,just amazing!!!!!Thats the only word you can describle it with.Apart from the normal duck life because it is a pay to win game unfortunately.And also its laggy. .,4,21,,2018-12-20 06:53:22,,
gp:AOqpTOGbkicHooaw1ob44bBqqnxRHf5DvQbV9a4oHdOsUvnWD0g09jDUfljKHeSozNfY4YI55G4sqFA2W0HzRg,joseph corbin,https://play-lh.googleusercontent.com/-IXs1BcGWJa4/AAAAAAAAAAI/AAAAAAAAAAA/AMZuucmhazp3Ky3L8XmGcO40vbUzGOSKVQ/photo.jpg,Cant say its good nor bad,5,1,,2018-12-09 09:49:34,,
gp:AOqpTOGEzxTudWhEJbcPJDA7aMFEAwJlqaiViW_h944bmJBLs4Wt3MzLOyeCsOMEIVGnW-ZUDdYoc2mm6dbI_A,A Google user,https://play-lh.googleusercontent.com/EGemoI2NTXmTsBVtJqk8jxF9rh8ApRWfsIMQSt2uE4OcpQqbFu7f7NbTK05lx80nuSijCz7sc3a277R67g,I love it!!! Its the three original games of Duck Life in one.,5,1,1.92,2018-11-18 05:55:35,,
gp:AOqpTOEQs9hi8qc6bPWiKqzX0KXFmtauALEzUw6ojZlXEoztHWjiZqsrAqkhhzVq23pHp6tqmg_LP9PJwnl0tw,kayleigh 86,https://play-lh.googleusercontent.com/a-/AOh14GhAV24k28YvEB5oeMWOkT1jifd1sEGsrjqHSKfZrB8,I want a refund I spent money on this and I hate it!,1,10,1.92,2018-10-25 14:20:28,,
gp:AOqpTOGzI57qb14-zVvwsyejtyTu_TmV6Dl__84_L1VBMk7Yrhmixw9nfQVvRvuZ7iFUDKXdBrBaOX2hPK_jWQ,Kimberly Buchanan,https://play-lh.googleusercontent.com/-lpvMP4Dl5Dc/AAAAAAAAAAI/AAAAAAAAAAA/AMZuucn7WZDSET_5U5UR9ay5lS7AXmEnpw/photo.jpg,Good,5,0,,2018-09-28 18:18:32,,
gp:AOqpTOHr0iHCrsGH3a0OXmTdTWhNdk4Y7Tc_mOjfbR6iAYbbrrJ1WRpQVbdKWK9zK79Qi7g4VVXMg6zpZqvtsQ,Jairobert100 Moloney,https://play-lh.googleusercontent.com/a-/AOh14GjVk4m0jxY82Puhz4HSkdEmBGR4KHyiXmh2hHyB,Duck life,5,0,1.92,2018-09-28 02:41:21,,
gp:AOqpTOGmCTROv5eWhmzel-k-C2Isb58vEzk0fCibb7y1qc7lgwvuGIWoxYwRU-En-_Ywxh-mCVEI04bwQkR8Pg,Glenn Siegel,https://play-lh.googleusercontent.com/-iHmt1j4SGXk/AAAAAAAAAAI/AAAAAAAAAAA/AMZuuckMBfL00aYlMHOMHNZejyiyjvIxEg/photo.jpg,I Love it.,5,0,1.92,2018-08-24 10:03:00,,
gp:AOqpTOFw8oqVhw2kjujJ3rKI6fu4ow0pQ0GWdhzXlI6bT_t7NtQe8-rdofbG8xebJ46oAA6RgH3ZVgIifegzzw,Koopaplushkids,https://play-lh.googleusercontent.com/a-/AOh14GhoF25hatHZtPLd8bro5hTltUxAy_ifBujIlI7X4w,It's ducky but not lively,4,0,1.92,2018-08-14 17:31:28,,
gp:AOqpTOFeelJyOWYD6Zx37ECPLOP8XJc85sT3xDEsAbbF3QKFehmq_B9O0r40q_MxMu9Fln05pNyfwz7GwSqc9A,•FʟʏɪɴɢCᴏʟᴏʀs •,https://play-lh.googleusercontent.com/a-/AOh14GhqnKVs8AM4qIIU0DXgrirkPz3oilnJLPkf4ZDSBw,IT WAS FUUUUUUUUUUUUUUUUN!,5,0,1.92,2018-08-12 10:17:20,,
gp:AOqpTOFD5IWpO5Z2gUMRYC3N2Em1k_cPSSb79158oNiCFikng5NAe69ZhRBkiPj72gtTZZMJbTVLC2q_Wc_pCQ,Monkey Wizard21,https://play-lh.googleusercontent.com/a-/AOh14GgPtXVod_C-sO3lrtQJiHU_dsup02hfr0J0AmymvA,Meh,1,0,,2018-05-22 13:28:22,,
gp:AOqpTOGNNwB7JmT_iecbhs8mrZQosZf0lUafP3j5_o4Ai35Jr5lxHPeZPdmGiaAWUI_k_ErTTGwvq5z62OQLIQ,Angela Walker,https://play-lh.googleusercontent.com/-aJf4w__1Mxo/AAAAAAAAAAI/AAAAAAAAAAA/AMZuucnu8ersuXU51TBKbqWRFK-uXrvUkQ/photo.jpg,"Thanks for you interest Thank you and have not been well over Thanks for 
the heads up on your way to work or if you have any questions about your 
mom and your family are well and that your day is going well and that",5,0,1.92,2018-05-05 08:28:14,,
gp:AOqpTOF64rpYEaCZ0E2l7B7ly1TxXVT-uWmUPxuggUm85t1OB2sKbVjxv6IrT94a0xRdSo-frN3ek7wCTKn_fA,Matt Blair,https://play-lh.googleusercontent.com/a-/AOh14GjGRvehgDQx-lwyp1TnVI4qE0PrEXPKzA_Af2tbDA,Give me a refund because it turns out this app is now FREE?!?!?!?!?!?,1,0,,2018-04-24 18:49:49,,
gp:AOqpTOFn1PuFx6w0wnMXG7lmhkDZr3WttWi3wWJ_5VhP_ek6w3iB_CzeNJQljEGmG-hmhPrNPPWRPxu8ZupTdA,Token Ute7547,https://play-lh.googleusercontent.com/a-/AOh14Gi3aHB9FckA8Iqeycvznu9OR_9EBOMO0sOi-fj6,"Well it was ok but then it told me to buy the rest of the game so I would 
like a refund if anyday possible overrall it was ok",2,0,1.92,2018-04-21 18:40:17,,
gp:AOqpTOHfRxrL9zKDloJm2lrENzOdCoSl3PzqGMNKs4idOiRIfPYhdz8CpIDASsmiSCnMt5oDAqYvPmfw3umdeA,Anatoly Vizitiu,https://play-lh.googleusercontent.com/a-/AOh14Gjz8Drw-BtHHNXQFbho7t23WJ9AxOuABX1k0SYNMgs,"All these games are broken, in the first one, before I won the race, it 
logged me out and showed a black duck",1,0,1.92,2018-04-21 10:37:24,,
gp:AOqpTOHXMc7cURm0q2NeLgGwgKV9MuuolYnfhwGCvHcqPNh0akzgjvEZGTPsiLYo06gx6Fls8jiYdPW_9pvFyg,SlothKing,https://play-lh.googleusercontent.com/a-/AOh14GgtMZE_DSBMTSe0odrAC4RfSDbofPpYtBpHDyLeLg,Love this,5,0,1.92,2018-04-17 16:05:44,,
gp:AOqpTOErL4C00Wz6otvzhHiMOfHOX8VwUWWawh2E9CKpk23elj-EgUJbeUdYXVSIlZkXbqxfolD3BBwFS-RvWw,Giovanni Cabrera,https://play-lh.googleusercontent.com/a-/AOh14GjJLzCivs4uNC7Ftlf_7sY9xka-GFDsQDPD0rzd,One word: awesome,5,0,1.92,2018-04-06 18:17:23,,
gp:AOqpTOHS9V8jXq6-Wlgwz9n_7PlpooZdli3Ao6zt_I6mfMblipCzAxGvuYQVs3uZTFIYQaaYAlXnAZHUaUaccw,Paulina Jurek,https://play-lh.googleusercontent.com/a-/AOh14GjI1VcdUXCpUV4nGg-7KsVnqMYcX9FoGyV8WZKXIw,I love the game coz I love the ducks you made are yeallie good,5,0,1.92,2018-04-01 04:10:18,,
gp:AOqpTOHLVJhulqUFPqU8Ed7Qdv7J2ftSSrb0knPq7J3VfrzmZla5TZGsWtmjSYU2L-xV1qs5l12R_lMhZ6xAAA,Dat Random Thing,https://play-lh.googleusercontent.com/a-/AOh14GiYgDd3fswjg71cXwGPIiLVvjmnsfYSXx7VkZGazg,ADD DUCK LIFE 3 :3,3,0,1.92,2018-03-03 15:58:01,,
gp:AOqpTOFT0FP1HDa1BJ1kPtg6QbVWQ6UtMR5wllMdmmUXZ5GX7y4FWhzlIMhaBDiDGXL0rMbp94--0u0NP6AEGQ,Julia Krogh,https://play-lh.googleusercontent.com/a-/AOh14Ght9oN3JwLg0CukwMmkfZ8hBQ6PepOtSdBB6n1g,I've Loved duck life ever since I could first play it on the computer,5,0,1.92,2018-02-26 19:14:46,,
gp:AOqpTOFV1i3_g0lDZ6Q-W4jROdx9KRLPO3PmcKr-cg8MCdhc0QpnZQHtt0m--wgp5V8ufCrK1c9uY5Emd6KYdg,Hannah Klein,https://play-lh.googleusercontent.com/-T7Je7ox6Bs0/AAAAAAAAAAI/AAAAAAAAAAA/AMZuucm6JmsR1bw9gkr-UB_qtDBhMl-XVA/photo.jpg,Loved the game,5,0,1.92,2018-02-24 15:33:30,,
gp:AOqpTOH2aTNNL6GW1MzUD-0Bj2F_h4rv9o438OeNvwGRvfqN-dz6huIr5MB44U0IFR8pfEuJJW3_m-lLxS0FVg,pigly0 124,https://play-lh.googleusercontent.com/a-/AOh14Giz5sEsJToEsG0eVbIeehw_-br6n0HCBihOffeN,Good,5,0,1.92,2018-02-21 09:23:45,,
gp:AOqpTOHEBLdnZj7FhuFI99NUvqQJlc3O0L-h5l95utQv7VXI43FKJJojZO4TYP_j1L_Xu1hCcvDSa0NXKlW_6Q,A Google user,https://play-lh.googleusercontent.com/EGemoI2NTXmTsBVtJqk8jxF9rh8ApRWfsIMQSt2uE4OcpQqbFu7f7NbTK05lx80nuSijCz7sc3a277R67g,Love u,5,0,1.92,2018-02-05 15:39:30,,
gp:AOqpTOHSTf4-3gEmfqRTV18QpTCfbpnoLrVLLZn-g3T9m_6yvTJua4lHJYPnB1gYXcFFeLtnSy8T6sIs-Nu6FQ,A Google user,https://play-lh.googleusercontent.com/EGemoI2NTXmTsBVtJqk8jxF9rh8ApRWfsIMQSt2uE4OcpQqbFu7f7NbTK05lx80nuSijCz7sc3a277R67g,I WANT A FULL REFUND,1,0,,2018-01-21 14:18:37,,
gp:AOqpTOHEVAEdzApn-qS7H6DVtkG3smlZhhqyNK0er68N9YTU9lrIGXKvARqOpY5RkEtUPq0SeCdKTNfgqXDF2g,AKA Express,https://play-lh.googleusercontent.com/a-/AOh14Gin6O2sVTi1sYIXlPbO-H4gTjmTVrYM-IalrrUFrQ,Also it just says pay because it just thinks your on free version it's just bugging / MY RATING 5 / MY OPINION / The game is great I think you can do the game in 3 hours I done duck life 3 I played 3 ducks only 1 left but I done everything else but sure good / MORE I CHANGED SOMETHING/ I deleted it I DONE IT ALL CAN'T YOU MAKE SOMETHING HAPPEN WHEN YOU DO JUST ADD spoilers I got back,5,0,,2018-01-07 00:10:12,,
gp:AOqpTOFQ7K50saA1fDYWHzhhRJKP8Hhsq8rPij2ldnmBjvGLbV2NcXkwfFNQ6btTZrsjENmj75gJKy6EgvcX4Q,Jamie Sandoval,https://play-lh.googleusercontent.com/-10NdhOIivi0/AAAAAAAAAAI/AAAAAAAAAAA/AMZuucmXLLTeE4kNi6quP8KAuNZ30C4J5w/photo.jpg,amazing but this game must not be for me. please a refund,3,0,1.92,2018-01-02 14:32:36,,
gp:AOqpTOFiuo0eAPzJEUTD-7EVpFtt0_RXunz3Uk7KH5nykTym8y2G2JcejK26Fwl6nvZ8QyKi1OOFls6NBO-wNA,dakota kichler,https://play-lh.googleusercontent.com/a-/AOh14GjciS6cq3rFuL9rnCRpo02olcOXePNTqI6gAiMM,A tad glichy and needs 4 on there to make it a longer.,3,0,,2017-12-27 10:15:39,,
gp:AOqpTOEBF2bWHbTC7ZO3akXvtRmVKnL8-MWoPmma9_4b9HULjTOGcDyRCP9P47wyjrQKna-TXqjISWuo0potNw,Tiffany Thomas,https://play-lh.googleusercontent.com/a-/AOh14GgyP0_WC_i5vadMLjWQmtJ1JlfAvhrX3o9tlUb4Gg,Its amazing,5,0,1.92,2017-11-09 19:02:56,,
gp:AOqpTOFhEOH-zuIL0a6uRYSy7tu1EmlyGjfohjFeaVJYTKp8gBhKf3xHe-lNUNiXEUYl4Ce_9P1YCWE4RZa07w,craig scherer,https://play-lh.googleusercontent.com/-DIGSTtVL98M/AAAAAAAAAAI/AAAAAAAAAAA/AMZuuclSx0OqZbrKPxwxf-PXKcJonDmphg/photo.jpg,"Very glitchy. Will randomly shut off while participating in races, requiring you to restart. Doesn't save data like it should, many times you have to exit out to main screen to hopefully get it to save data. Add a save button. Always asks to buy now, even tho you have. And other issues. When it works, it's fun",3,22,1.92,2017-11-06 14:43:59,,
gp:AOqpTOEBbxqFtAS9f3LmI2SrcnuScclp5WoUdZlIVhfKs9nvOOAEFyKqkikZpDqwM-kBnsQYNDToxCzfmRfyeg,First name Last name,https://play-lh.googleusercontent.com/a-/AOh14Gi_wpO7FEu4atPNYSu1gVM2lUQBDaQWUWAKa578,I love it!,5,0,,2017-10-28 08:30:25,,
gp:AOqpTOGa4-LKdALsAYspQtk39VunJRxEw-JaurUsDB4u8EzcLorXae2YxzpdFYCn5LglpZH7L_PIWY5MwRjptA,ready to nap,https://play-lh.googleusercontent.com/a-/AOh14GgUx-RVVu9h9R7Tld-aqkd7-uQZ1_PKs7P0wLoP3Q,My childhood as an app,5,0,1.92,2017-10-21 09:52:55,,
gp:AOqpTOHv2INrC94ZciVjzUauXKzzfVOG5PdTCLjJ5v1kT84ZnS8m04K3MIRn1bEeOy0Dj2BqiQK2QP-wJj_Pdw,A Google user,https://play-lh.googleusercontent.com/EGemoI2NTXmTsBVtJqk8jxF9rh8ApRWfsIMQSt2uE4OcpQqbFu7f7NbTK05lx80nuSijCz7sc3a277R67g,"When i was younger i loved to play Duck Life and played them all up to Duck Life four, which was my favorite one and i have for mobile too. Im so excited to get to play them again and have them on my tablet!! Its been a while since i have last seen these cute little ducks",5,2,1.92,2017-10-10 04:54:33,,
gp:AOqpTOGTkpZi-le1FMilq09L8wcIfsiMp94hgW3g-AprI4AGAtmALNhEMWj32TrKsgnaU5bPcgzfMZzY2Zdw9g,Massimo Fruck,https://play-lh.googleusercontent.com/a-/AOh14GiKWenm7XXDgfdjs6dwGWN7nE8GGU4Yp924-tnIOT8,Keeps crashing on Samsung galaxy s7 duck life world champion Scotland round 1,4,0,1.92,2017-10-04 09:37:37,,
gp:AOqpTOEl-8naYEbBzkv2ci7pw9vRK1fPCOVsktdSTTuQzvQemMpr0k-GxiZ356FCpz7DBwycLSpc8vrdaLg5TQ,Marshall .W,https://play-lh.googleusercontent.com/--w_MM6YXU_A/AAAAAAAAAAI/AAAAAAAAAAA/AMZuucnF9ODktoXmgO5od8OGdYqQVzDW9w/photo.jpg,When l played duck life 2  the first level dident work,1,0,1.92,2017-09-11 23:25:38,,
gp:AOqpTOEUw5n8MMoqumQkR2EQhC1yuNxIB5HwmV21_KImTH-L2MjkYRU_GFaVylsQxBl3DGxYW0gBS8QIKMQgnQ,Ozgar Thunderhammer,https://play-lh.googleusercontent.com/a-/AOh14GhgxQuQs58MZZR2-vgrtgKZV-Ng2T0V-0-3FzAtOA,"I liked the game as it's essentially the first three games in one, but I came across things like Duck Life 2 wouldn't let me easily choose a race and in Duck Life One I'd play a training game and have to tap the screen twice for it to work.",4,0,1.92,2017-09-06 14:52:36,,
gp:AOqpTOGRU7ooyc1IC953WOWgD3jmJU36703WxGkclmua_CmSFbcbYuw-vIDe8POg03DUffDxu6gVCTmDCBlXPA,Colleen Garcia,https://play-lh.googleusercontent.com/a-/AOh14GicdBq0m6PtQs0VInURqkePWjRBXhkDGLxahJAn,Awsome! No ads or In app purchases! Skulfullgaming wrote a gibberish review,5,1,1.92,2017-09-04 15:32:58,,
gp:AOqpTOFG46Ue-3sEvLyK1kjzJCAq20eIOXBb6xWRkK-7CxfiZp_Uevz5FfTUVH62xWrY1PtrEchWXqYP9Kz7jw,Michelle Campbell,https://play-lh.googleusercontent.com/-2y-CBJ_agds/AAAAAAAAAAI/AAAAAAAAAAA/AMZuucnLQ4TtlEgg_WLnCXu9DAXuHrHf2g/photo.jpg,He he he ha ha ha fun!!!!!!!!!!!,5,1,1.92,2017-08-27 17:38:07,,
gp:AOqpTOEsDqXZRfoEVpRTewYt9AUL9JTh-qKKuNQv6ld9wva9dmko01HvVbrpap_saof3NXM6evg-bYYVTDXGQA,Crazy Gamer,https://play-lh.googleusercontent.com/a-/AOh14GiWm1VX85uQWB-2WGgqqfM2Auzz4-RpQxpTeVLEyw,Good game to do if board,5,1,1.92,2017-08-05 13:19:07,,
gp:AOqpTOGSyk-7PjVV2EIeF0gxOTYknlW8u5n9PA5Wkm5ueN5luMzBXw5gBDRYmHd3n29ilmuP7rBspGxMwl9ktA,Garrett Craft,https://play-lh.googleusercontent.com/a-/AOh14GhHowmBOEdCRFKvQBR_QfaQRM_Kc3N02kidZ5PL6g,Good,5,5,,2017-07-31 21:47:37,,
gp:AOqpTOFQ8iNdM6QEmQWFLRh-E2C7uKllKeMPphiqimhCRfEX20hT7Vo6h0Lijy79-OEPutv2z5qHbHf8n7pPqw,Mandy Alexander,https://play-lh.googleusercontent.com/a-/AOh14Gg8zIGfeoUIB1EUdgj1SCxNXxUby-OKmdG2aVaOSCs,I LOVE THE GAME SO MUCH but can u make it more realistic,5,2,1.92,2017-07-24 17:46:19,,
gp:AOqpTOER7_4RKgphaITRjf6AuN25G7VdhiIY8sD3gX-fkVabI8y6lHHgAkkEGQSm5yrOvBQK7R2Ptt_-Y01Qrw,Christina Wright,https://play-lh.googleusercontent.com/-P9e-MM843wg/AAAAAAAAAAI/AAAAAAAAAAA/AMZuuck0Igqxs0e_O5ugNyDaUbsQsnXOgg/photo.jpg,its great!!,5,1,1.92,2017-07-08 19:18:00,,
gp:AOqpTOEO0I1MG3_qU6z7vNl2Q2vSi_r4QoxfucXiBowmo3U3dIxL2A5zqHN5uDY-RlMkA_HLqqk4aM-wK82qrg,Michelob445,https://play-lh.googleusercontent.com/a-/AOh14GiYU8MBpWn1Ohh3LG_U9lCCetd2LduDKqWlH2fDeA,Good Good,5,0,1.92,2017-06-17 11:37:58,,
gp:AOqpTOGDnEdBDjSaEsnYA7dwIJRXPsIzrzc4810i2uhug8rDE5F05A4foQvrLLuUYwaTNszYJbuA00QXw0Q3Yg,Sarah Rosenberg,https://play-lh.googleusercontent.com/-cX7gNl50bGU/AAAAAAAAAAI/AAAAAAAAAAA/AMZuuckn_vpvLMHFp7Wc7RtYdhI8T9h9fQ/photo.jpg,I LOVE THE SUPREME  DUCK!🐥🐤🐣🐔🐓 🐣 💴💸💱💷💶💴💵💲💵💴💷💷💶💴💵💲💲💵💴💎💎💎💎💍💍💍💍💍💍💎💍💎💍💎💍💎💎💍💍💍💎💍💎💍💎💍💎🐦🐦🐦🐦🐦🐦🐦🐦🐦🐦🐦🐦🐦🐦🐦🐦🐦🐦🐦🐦🐦🐦🐦🐦🐦🐦🐦🐦🐦🐦🐦🐦🐦🐦🐦🐦🐦🐦🐦🐦🐦🐦🐦🐦🐦🐦🐦🐦🐦🐦🐦🐦🐦🐦🐦🐦🐦🐦🐦🐦🐦🐦🐦🐦🐦🐦🐦🐦🐦🐦🐦🐦🐦🐦🐦🐦🐦🐏🐦🐦🐦🐀🐦🐦🐀🐦🐦🐦🐦🐦🐦🐦🐦🐦🐦🐦🐦🐦🐦🐦🐦🐦🐦🐦🐦🐦🐦🐦🐦🐦🐦🐦🐧🐧🐧🐧🐧🐧🐧🐧🐧😇😇😇😻😻😻😻💓💓💓💓👍👏💋💋💋💋💋💋💋💋💋💋💋👄👄👄👄💗💖💘💝💞💟💙❤💚💛💜💓💕🎁🐦🐦🐦🐦🐦🐦🐦🐦🐦🐦🐦🐦🐦🐦🐦🐦🐦🐦🐦🐦🐦🐦🐦🐦🐦🐦🐦🐦🐦🐦🐦🐧🐧🐧🐧🐧🐧🐧🐧🐧🐧🐧🐧🐧🐧🐧🐧🐧🐧🐧🐧🐧🐧🐧🐧🐧🐧🐧🐧🐧🐧🐧🐧🐧🐧🐧🐧🐧🐧🐧🐧🐧🐧🐧🐧🐧🐧🐧🐧🐧🐧🐧🐧🐧🐧🐧🐧🐧🐧🐧🐧🐧🐧🐧🐧🐧🐧🐧🐧🐧🐧🐧,5,0,1.92,2017-05-25 06:41:51,,
gp:AOqpTOFnnrWpJT1SZsfd2I2bh0A0Dn-Wicqz_fI0WA0gujo4DhS0uY-qjIhmXyae33aH2gicnPElBWwoV9Uo4w,icyricketyhat,https://play-lh.googleusercontent.com/a-/AOh14Gi0p23i7qImpV2CqD_v_MUC3vkUoa_-SlRmyjtbiA,Not really a good game,1,0,,2017-05-11 03:22:48,,
gp:AOqpTOElNVhDY1EqnHATkXub_9nHeKx5bL5deCInRFC4y_axpW9dW9NrsnQ8ZmmFGQxwjTy2nhb-6_GdQwKfAQ,byronk A,https://play-lh.googleusercontent.com/a-/AOh14Ggq8L6kGoJh4W7REJJzdjv78wL51-vQn6d39p-Y,Thus game is fun,5,1,1.92,2017-04-02 09:12:20,,
gp:AOqpTOHW7oCfgbUvpWNlzuXNzjabX-U5TII_sA_eiqc7tLCETwXDS7LZ-FH107T76LKpQb88HflQ27sN_l1KjA,Mac Lario,https://play-lh.googleusercontent.com/a-/AOh14Ghmg3r_yyfaG-Od2sqCwNk05GC3s73SyAr-7VGhvw,Ok,3,0,,2017-03-06 10:59:32,,
gp:AOqpTOFKBWn_ovAVHGtWCoAKhJzBVZ-QDCooJ3VqIR5Z3bfSq0eQkgLi-p1dKmH5zOONLRCbgjhlRcuVDuqMag,Godified Gamer,https://play-lh.googleusercontent.com/a-/AOh14Gipg9sI-Lvo_SFpmd-1SLbVlFBRCw4vVPamvsF6Aw,Love it,5,0,1.92,2017-03-05 09:07:21,,
gp:AOqpTOEGKcpW9ceCTjPrNOgxlwMCru1ybnXLyvGibEHcmORYKX6nKOCLcFKIDJs0ZogXD9NLvpPwbfWmwdIwjQ,SimpleAnimates,https://play-lh.googleusercontent.com/a-/AOh14GjSEVHtyB5JJqpEWfCwqAJrxIjAry4X5xTmlYNh8A,Idk Really idk,3,0,,2017-03-02 10:55:22,,
gp:AOqpTOGfSGzC2hppykiiEPS7HbOjhv1PTXTmY2WwWaFkO2QNVh_PwlaOGIF0AKN34SDiW78icPLHAxONsmV4_w,The Shycraft Gamer,https://play-lh.googleusercontent.com/a-/AOh14GgqEiHRCgbpIrPiqbT065c8MU6UnHd0qp7cFVd8,"It freezes evey time in the world championship race, right at the finish line, how do I fix this?",2,2,1.92,2017-03-01 17:02:34,,
gp:AOqpTOFpBXsYuryYiC3eu_UZvCiwLmRppl6Al37TmIsvC0FjyCw36zQcuUdiAgWcc3L94hkfO-drbdcvFioQNw,Cool People,https://play-lh.googleusercontent.com/a-/AOh14Gg-4t25Mhti6aApKa40sagKG3qLA6lfy-7yG3Zj,It is not uncool,5,2,1.92,2017-02-27 18:47:44,,
gp:AOqpTOFdaulSdi5w1a3Fx2Y7mY04ybMoRJKpsrffazqXIHjfynWkTwsbz4oFQFl_EVnNLmtaNAbBH16kcMFPTA,Jonny Hernadez,https://play-lh.googleusercontent.com/-EUiBCAYVzqM/AAAAAAAAAAI/AAAAAAAAAAA/AMZuucn43S5_9f-1jHc1JZ1mMdUKsB1NkQ/photo.jpg,Junk Junk Junk!!!!!!!!!!!!!,1,0,,2017-02-10 10:55:30,,
gp:AOqpTOHSGDKgTfeqahgQ6tyApKjKn8O6YJrSdMHnu3FyC1riZ2-nyOpuW5X0wm3XW1ziy_SgMBcHgDQo8Fyaww,none ya,https://play-lh.googleusercontent.com/-f34BBIZegpw/AAAAAAAAAAI/AAAAAAAAAAA/AMZuuckhwKQn02kQd__xclZcIwGiGCwAAg/photo.jpg,"I do not like the game cause I payed money to get world and evolving and it let me in,  now it wont😒😒😒😟😟😟😲😲😲😢😢😢 Do not pay it rips you off👎👎👎👎👎👎!",1,0,1.92,2017-02-04 09:05:27,,
gp:AOqpTOHivUNSrxcQeMCUzdu4GguAhAIpHyluqD7Y7IfBtD0XK4vTwC2T781q64Rkbc3QPjstYBr2DgIbpWRzkQ,Reefys Feet,https://play-lh.googleusercontent.com/-x3joTua5HLI/AAAAAAAAAAI/AAAAAAAAAAA/AMZuuclCd7yvkZDCYNbvlFv1d8PaIAjYSg/photo.jpg,I think this is a Great game for everyone Because you train your duck and you race him and a lot of other stuff!!!..,5,6,1.92,2017-01-07 15:29:35,,
gp:AOqpTOEoUzlR_MeySSjZWhbPKdoI4jkOTQKDGJ6znDcLa92XjYjJMAOxOGZYWnaXDuWBUO9h6YFwW_754UYHJA,Taylen Jacobs,https://play-lh.googleusercontent.com/a-/AOh14GjCfsQmrvY3bYj2beBT0-txzMd2-L6kyBTuqUbcKQ,I used to play the duck life games on my pc when I was younger so I was very excited to play them again but every time I do a race on Duck Life: World Champion it crashes. If you fix this glitch the game should be perfect. I use a Samsung Galaxy S7 Edge if that helps find the glitch,4,55,1.92,2016-12-20 14:51:22,,
gp:AOqpTOEFvOii_DPhHYTeItt6fnbaDAge3gnEToQcpUv0qLHGlnwIulC7SJJ2BqFRTyo8vJ4ollTiKkLIsHJy-Q,Shadow PM,https://play-lh.googleusercontent.com/-xoOWJ4pLS00/AAAAAAAAAAI/AAAAAAAAAAA/AMZuuckMZp5HHufw6AxPgwP_LIFo34cfqQ/photo.jpg,I've always loved duck life,5,2,1.92,2016-12-17 10:43:15,,
gp:AOqpTOFxz6_GIxFyHIx71682OsvzSh6zdvCNFJ92ntXo3kNF77K2YhbhVrqbrDCIrtI-sBHB9O5vT8JxwYF6Xw,Lucas H,https://play-lh.googleusercontent.com/a-/AOh14GjFxe0RyNnHPj5SnHzXUxUyqvTtU1vC8dFHzFsRjQ,ON THE 1ST DUCK LIFE RUNNING IS 100% IMPOSSIBLE.😠😠😠😠😠😠😠😠😠,3,1,1.92,2016-11-13 14:02:22,,
gp:AOqpTOE9uQkKdGN81cGOJr2QcYFGTDWpjKyvCcmaO2qCHh_OFz-4aIRl-Bj4RuzjhF8UafRdl1H8M-_wAcJINg,Guy Garofalo,https://play-lh.googleusercontent.com/-Dfp_MLtVbtk/AAAAAAAAAAI/AAAAAAAAAAA/AMZuucnVjfHFeLzTdnaMSPkRgYnrpgAOfQ/photo.jpg,Whenever I try to play a race the game closes and I lose a level for my energy,1,0,,2016-11-11 15:17:17,,
gp:AOqpTOFDIIREGtZzKz0CyWFdKBpSHzcBu6IZfLn8gonEof-2Qm0m6Gt6Fhhx0P_bPgFnkytEC8Ps4ZdTyDD1yA,Jesus Hernandez,https://play-lh.googleusercontent.com/a-/AOh14Gg-22Ahw-EcVZt84uTWWQNHRnwso2OKOb5Bsb1WkA,"I love the game. But in some levels, it kicks you out and there's now way past it. Please Fix this.",4,5,1.92,2016-10-25 11:00:40,,
gp:AOqpTOGnvJg9CAjnvG65iGuVtUPXa81CtyIvRTXecU2fiK_Qm96ZEBBgSsJjO2PE8ih0rHpf5DYHKpsJpaVHkw,Kisani B,https://play-lh.googleusercontent.com/a-/AOh14Gi202F3S4JnKK9QrR8qZGTwoOtgfIVnMkGITQtjDQ,This Is Cool How You Made A Pack For 3 Duck Life Games! ｡^‿^｡,5,3,1.92,2016-10-17 13:34:00,,
gp:AOqpTOG1umC3ssi7aJBxyD8hByfZXcs5tLXHFicEzJYvIIjfNgxYBQsadIALXlm-kJz0z13fauLQlDJfYsSOqQ,candied coochie,https://play-lh.googleusercontent.com/a-/AOh14Ghp7UHtMixJ6z90cU4NF7h42dNRMuH23G2PGkPtAw,Have a new game I see.....,5,2,1.92,2016-10-15 13:41:28,,
gp:AOqpTOFY1Bw5H81CjFBHIakJAHUYatI5qLIM0yfV_kA_8WBBtfgMewFu7ht9hdnKlATKGlV5R8BFB7BVWiq9Rw,Nathaniel,https://play-lh.googleusercontent.com/a-/AOh14GjfBxwxNK_oOnhIOrPc2MoklRjaEmft9HQqeMCY1w,They should have kept to making separate titles every time I try to do Machtes it bugs out.,1,1,1.92,2016-10-11 03:02:53,,
gp:AOqpTOFxnz5ShdEtkhBdd7y10IRalu3v6blDaHLIUSQIZ-SFvS1M826cabvP8pG47xos6FQEoiU-SZXB5OyhRA,Alex Tirado,https://play-lh.googleusercontent.com/-DLQUCs3C7hQ/AAAAAAAAAAI/AAAAAAAAAAA/AMZuuckDxvdVYTunL8uuNxg6uoEQ93h9GQ/photo.jpg,I play them at school all the time,5,2,1.92,2016-10-02 12:48:07,,
gp:AOqpTOGUcxAQ_NHScBuNDJrhsoWN-WXWPqdZ_FkP5YPm6WXFIPcHQEuT0gigzSkEGNQN9c0MnQf0yDKatkUFZA,A Google user,https://play-lh.googleusercontent.com/EGemoI2NTXmTsBVtJqk8jxF9rh8ApRWfsIMQSt2uE4OcpQqbFu7f7NbTK05lx80nuSijCz7sc3a277R67g,Why does it say get the full version when I have it?,2,2,1.92,2016-09-24 06:20:08,,
gp:AOqpTOG8FbIhrZN5E01mgv1RY_nZNi8LVTqoOhstG8o2SC4FUS2jTYHUKpR_d1-eMnHh9MEeiUoLGtp8qs3u0A,Jessica Wallace,https://play-lh.googleusercontent.com/a-/AOh14Gho9Iq060ybq2eGW-Vt3nJKqGzQ9Gvr1MX3KOVOhw,I finished the game in 2 hours but still fun!!!!👍👍👍😅,4,0,,2016-08-28 07:39:29,,
gp:AOqpTOGWpdh1IMsV2oN2RrIQw8mEJrSzY7mmyCWoDCkTAQSPLSRcO44usGM9BR7QWlb90Stn0m8ltPHS_hiXrg,HYP3R,https://play-lh.googleusercontent.com/a-/AOh14GhC0pRG99zeGmlA5LjDlQ2EGx6-Iw_7JaD2rcQVMw,Amazing,5,0,,2016-07-31 02:34:32,,
gp:AOqpTOGPkyrhsksTncG_5SmVQm_jfMQdBa9Fhdtk6h49Q-bzKHbkX5Qu2uS3ynXnAA2O43L9zXEV9YVscoWJew,Nicholas Klock,https://play-lh.googleusercontent.com/-YXKFvcI5fS0/AAAAAAAAAAI/AAAAAAAAAAA/AMZuuckU8dsmPfzQiEt0XBVZvBsBlcf25w/photo.jpg,When you buy the yellow seed every five is three energy levels which costs 5 coins where the purple seed cost 15 coins and gives you 3 energy level so what I am talking about is can you make the purple seeds cost 5 coins because you can get 3x the energy level from using the yellow seed then the purple seeds.           SO GO FOR YELLOW SEEDS ONLY!!!!!!!!!!!,5,0,,2016-07-29 08:46:39,,
gp:AOqpTOG_XdvNzLkD2Q9rpOYbOuqcwsUPBDrCeFepcgQIOXUdJ-618t1QUwLy0u2TfLo4WGYbLw_WCtK0BPIBvg,Rockstar Tyler's Gaming channel,https://play-lh.googleusercontent.com/a-/AOh14Giv4FUupF-VNVQcK0VnIq2ERJBkv7n2L4_LUOD2JA,I deleted it and it didn't give me my money back,1,0,,2016-07-19 19:31:18,,
gp:AOqpTOE4reVnxjMoIvlFNvPibBoEMuWdO33E1F_rZuE2jJNzIhqEko5l9umBsBZnJPjfXDgQkowEKDV7SWhF5A,Joseph Gillespie,https://play-lh.googleusercontent.com/-F_GeLFZBU3o/AAAAAAAAAAI/AAAAAAAAAAA/AMZuuclBvR3wDoavDrwV6xwQPcNNaaoA9g/photo.jpg,Gfft,5,2,1.92,2016-07-04 22:20:57,,
gp:AOqpTOF79ZeNWN_oDOo_cnzHEr9f06r0zk_x2VBP0qJnrA6cYRnfxC1JfPBVcSjTDNnp3bMtmULQGRba_PyaIA,Kaylee Carrico,https://play-lh.googleusercontent.com/-e2KFSqDPAJE/AAAAAAAAAAI/AAAAAAAAAAA/AMZuuckISCEc5JNInoVMWuwQ_v6PrYNUDA/photo.jpg,"I love the game, but always on the duck life evolution professional 1st final race always tells me that it has stopped.  It also does not save my game.  I have already had to restart that 3 times.",3,9,1.92,2016-06-28 20:43:11,,
gp:AOqpTOEjXUxkfeI50oY7A5Jsac9WvUUEg9avCMalI16o2ATHIdcNPqJeX7tjSQJniqsPtn9ATgothV6NEbBnwg,Amelia Renee,https://play-lh.googleusercontent.com/a-/AOh14Gh2cQdRv9fmwpgo_NGhOsFcqzEJqg1Iwaa33KOcYQ,This is the BEST game EVER!,5,2,1.92,2016-06-27 12:53:11,,
gp:AOqpTOEukjprie9mc-94fkgWAmCxGAPoGDhcPi19NskXid0IG4YrVqAPYBbdYZq-Aeqo4kJDjt12X5p-S-4Wzg,Cristina T,https://play-lh.googleusercontent.com/a-/AOh14Gj0Qxqf3HaZWZKpfFSbSe8tr6aLAN4hHZYvq7QYn3w,When I reach duck life evolution I can't go to the pro level I can't press next in the menu!,3,6,1.92,2016-06-24 08:51:38,,
gp:AOqpTOGlxmdv7ygfS3_w9sP-ZKU_hgv9SpRGQLA_icByuC_DYqQv7GZxp1OIfGbUOfwZebzn91iMPhXx69eLKA,Malachi Alle,https://play-lh.googleusercontent.com/a-/AOh14GhcvMEfkI2AUZYya0813RsCV6G0BE-ayIv_20p9NA,Its really Entertaining and makes time go by fast. It only has one problem the problem when you start it freezes BUT still works! Also there is no violence graphics,5,38,1.92,2016-06-22 11:01:55,,
gp:AOqpTOEAQvHsu3gVS3z7xB5CZk6MeO3X6Hy7rt1alcXSDcMIaOL0BzzO5AT1lEqBmpOFfwFuJVtaLv_L34tHzA,Trident Gaming and Anime,https://play-lh.googleusercontent.com/a-/AOh14GiG0RwqOoYhF-55PhGyYHYSESm6pwN8xV5xFoA4bg,Keeps kicking me out. Not cool for a purchased app. Fix and will give 5 stars,1,3,1.92,2016-06-15 05:32:15,,
gp:AOqpTOEcl4cEd09qj3Qb2o3M6LIWUwjKbUWP4TN_Im6ntc3uhKiSduHPuhtwBran-7CYCKGhBWw21m560Rfesw,Abigail Sweeney,https://play-lh.googleusercontent.com/a-/AOh14GgBr246DczrfF0RKHdWPSqurbiwavC5v8aZIcvC7w,When I open Duck Life evolution it doesn't save my progress or pick a new duck.,3,1,1.92,2016-06-11 08:20:00,,
gp:AOqpTOFFnNX0inKvsIJ6gZ6EJpmUFcSsA63GP97ZcIMNkUs5sp2bYYckEUo57eZQBJd-MRTNAY7CrSLrqmRxFA,savanna steinbacher,https://play-lh.googleusercontent.com/-lYdAzy7LkeM/AAAAAAAAAAI/AAAAAAAAAAA/AMZuuckEhJNUTD49NUU7zkd7e_EfOh1ZxA/photo.jpg,It always freezes and logs me out and then it doesn't save any of my work! Pls fix!,1,2,1.92,2016-06-09 19:05:55,,
gp:AOqpTOELmRsndJ0O7OXX5Gx1_em8AZ-wvqXh5i_Qt0ebx1pLkJwIIk85YfscMO3nsp5ubjajAjhjnshSdoHlLw,Owen Burns,https://play-lh.googleusercontent.com/a-/AOh14Gj8eBSBiudZO9bVpbhZkKRzZz83SxEYUXz_UpZbnQ,Ducklife  is  awesome! You have  to   create  another  ducklife  game!,5,2,1.92,2016-06-05 17:40:51,,
gp:AOqpTOFvK8osKziHRE7wjI2BrV66Q_77I--DPU6MRzWEup3rPLF27REbOH4MT2ULLsIyXouytPzZE9bPoRIZpw,Weesedaboi *,https://play-lh.googleusercontent.com/a-/AOh14Gg2-53cLmkogFvtRsBEfSEBppIYGm6Kolb-D5lGYPA,I can finally play Duck Life games 1-3. Pure AWESOMENESS!!!,5,0,,2016-06-02 18:30:47,,
gp:AOqpTOG5GiVqSE49VxnBvLjQhnThSMJqsFpjgxqqUdvHBDkIRMWhEjJmXyzy1h8Xi3kdQ-IWxC-QM-G0i4ealw,The Middle Child,https://play-lh.googleusercontent.com/a-/AOh14GjO_9KzEe74wyrJCKZyXg3lDkmT_XvuArmRBJkOMw,It takes to long to install,4,1,1.92,2016-05-29 00:16:45,,
gp:AOqpTOFWN1LCZURRot--Xu5_OB7CPaOv5_fLzS8g7AcNOyT2J4ByS-xw3jloN7XRD2u52JPFVkur_0dmPc0Yyg,I8Ikura,https://play-lh.googleusercontent.com/a-/AOh14GhguSfp2bLeGgDK35Q732-4suM0lXNBtBBb2w273Q,Very fun,5,0,,2016-05-15 20:20:55,,
gp:AOqpTOGWpjl1A2Q-EcpHpZ9OR0eDol8V07B_7f7GJun3TFyDy6NoV-mkVlil8-nprYO3ODXLCjnd68ttKq8tRA,Tricia Hicks,https://play-lh.googleusercontent.com/a-/AOh14Ggoj9ZIo5F6SH2rT7MRXS0nxyORflTzLWNrPlqb,At school I played this on some computer. I found the retro pack and got it. I loved playing. But today I came to play and it said it had stopped. I hope you can find a way to keep this from happing! Thanks!,5,16,1.92,2016-04-25 13:19:16,,
gp:AOqpTOE0ebX4QFtaby01m49Q4uolGHDB0FNf7GB_PrezxVIijOvsLSiZzdKyAjCTifaW8-HU8biEtUE6CFbrlA,LuckyShot91,https://play-lh.googleusercontent.com/a-/AOh14GjoFCpikdsoXENQMoDoCi3IsCF2OAFLL6zJYgkZyQ,Drug test the waters of the day of the day of the day of the day of the day of the day of the day of the day of the day of the day of the day of the day of the day of the day of the individual to the right direction to take care and I am looking forward for a while and then you will have a a good good morning and then we will be able and willing I have a nice to be a bit of a new job is to have the same time to the inbox to the inbox to the inbox to do it is the same time to time and effort you put the wron,5,49,1.92,2016-04-20 18:55:11,,
gp:AOqpTOHh_glJV7uXyFJ8M2PROFN4CMDJR94dLKb_aEmIpaLKjGPQb08HHShbdtQpcuBfa-aaUAdMx-7tVcRlsQ,lowkey dope OG,https://play-lh.googleusercontent.com/-HjOpggHv7OA/AAAAAAAAAAI/AAAAAAAAAAA/AMZuucnZWsWgeD6c1jd831qg2O4C-2NQzg/photo.jpg,Gay,5,1,1.92,2016-04-19 18:39:11,,
gp:AOqpTOEb8-Pu4DgxrQ1km6DkOO4fHF3YMNfUtp8XEBvyCZwYOweoO7_TTUAaHfk4YSHA-m5Tq4kT6kggC6PsLA,Walter White,https://play-lh.googleusercontent.com/a-/AOh14GiManHApbncP0c2t8ElXRpxhrqnA0uL05iHC4mlzQ,Better than Tons of games,5,2,1.92,2016-04-15 19:51:53,,
gp:AOqpTOEQvXWVpVfxDmloL6XNwc6tyvHGp8dLqpoCeK-AB6wZuOITzW81wsOStrJ0WjCu2WWGvBo84noTyePluQ,Dashy Crashy turbo pro,https://play-lh.googleusercontent.com/-huYcxh_aSvM/AAAAAAAAAAI/AAAAAAAAAPI/AMZuuckvA91A_eY2U4qcbBVBkPdrhj4UQA/photo.jpg,When I downloaded it and I was so exited! The game is AWESOME!,5,2,1.92,2016-04-03 13:35:52,,
gp:AOqpTOEdhPjSmwkk6xqYSYIbISSEHBVfVa82RX62fgyVIZjO1vIXGW7_GS-2kjwOHsws6_NTOX8oR09d4tK1-A,Nvxty,https://play-lh.googleusercontent.com/a-/AOh14GjPrN-w8l2ojomFHaWEBd_4Jn51amME-9ofw_vUDg,I love this game on the phone can u put create more duck lives plz but by the way keep up the good work!,5,5,1.92,2016-04-03 11:52:35,,
gp:AOqpTOH5w-IKeWN6HygWjxQMmyw3jbSoLqPGNErbsHkdXwskanfNh1Dm7PANUSUuQ_e_KlSpMqEnyyfbp-E7kQ,Bernard Mineweaser,https://play-lh.googleusercontent.com/-zix3nfZEcxc/AAAAAAAAAAI/AAAAAAAAAAA/AMZuuckoZALaJiY1Hcrv_g7WaWPZWLTqoA/photo.jpg,I just bought a game and now it's trying to make me buy the whole version and I already had. There so stupid so no one ever download it again.,1,14,1.92,2016-03-20 14:25:23,,
gp:AOqpTOGu97-dVWgzvfL9_Aptfe2a3YV7XGWUyR55NeDmrTaBqoC0Gd3VWyJ31gt9DJIg42_8SWih7xSte6lxPA,Kelly Van Ness,https://play-lh.googleusercontent.com/a-/AOh14GhZCTZcZ9MmfIm9WSOAmcoNwJmrAbNsxW8ctecxjw,I LOVE IT!!!!!,5,3,1.92,2016-03-14 12:46:15,,
gp:AOqpTOHrukxCvc1uFktmGPtHnyy_CPcN_yhoHoVomJs-ZMDBeKiU4tC4hPOzkvk-jkvNVxuc_aYtsRcOAlX-Sw,Erika Galvan,https://play-lh.googleusercontent.com/a-/AOh14GgGK_kzAueNOGhRotUPMIa8h4tkvvgzX-gsnpPF9BE,I won all the races in Duck life 2 And I got A lot of money,5,6,1.92,2016-03-01 19:20:22,,
gp:AOqpTOHYwBVM_fX_ckBel3caIVB6DpMGjy-z84dEuLvvOmM3I_h7yaFB2uqs2BGF5qSybB52_V8UzGnKAhI-Rw,Michael Kreisher,https://play-lh.googleusercontent.com/-6d5XHu5440c/AAAAAAAAAAI/AAAAAAAAAAA/AMZuucmvhr0DoF8Y5kIZJ-hmfJJEqRyXUg/photo.jpg,It keeps on kicking me out of the game after random amounts of time and it doesn't always save I hope y'all can fix this or reimburse me the money,4,46,1.92,2016-02-29 15:13:08,,
gp:AOqpTOEavfxH_fIqa1dxl3lgbAcIPwtM8FLCa5A-nTqjO5tXYteKebaPFToVSFGXZ7hAZ-hmHljyrWN6eHqNwA,Alex Aguirre,https://play-lh.googleusercontent.com/a-/AOh14GieNF-leouoiJ4dkU0a0dth9oFHACnT8K7wBWe5MQ,"That's right, lovED. It got boring WAY too fast, and the third world doesnt even save! I want a refund!",1,0,,2016-02-27 20:44:55,,
gp:AOqpTOG1WgS8lSvm2yLok1LJp4a0BzZ2SbWnPL34fy0jRCnfcGxUNQ734C2l3RwGh-1bX4yz8GtBQnVWXUDdaw,JASON LARA,https://play-lh.googleusercontent.com/-SlJhPLkto38/AAAAAAAAAAI/AAAAAAAAAAA/AMZuucnwr852XqiR8nlW5xsj7Qp27P--Ug/photo.jpg,Is the coolest game ever,5,6,1.92,2016-02-14 14:33:16,,
gp:AOqpTOE3kWD5oy7usYkjkp_0uYdvj8jbiDlvsy_f_WxD6arWR76ZAMepUfYards1GbnB3e8XrKzFo0zwe2RnpQ,F1apjack,https://play-lh.googleusercontent.com/a-/AOh14GhOYqWjD6jz49R-5gSGvqEa5crO68ACM0BhccFwNA,It fun and I think its pretty funny that I got the ad for this in the game,5,8,1.92,2016-02-09 12:15:13,,
gp:AOqpTOHCXKLHrh_dpQseoqc9mUtKQ7XZksCphQSLD1sZ0QOGDu1mLnoChAkoTnFJZq9TF23_g4PkjD9Qk9z3wQ,NZH Gaming,https://play-lh.googleusercontent.com/a-/AOh14GiOj4S0ra1aotnRBxKZsOB__MkkQpnueawmEMmYUA,Love it,5,2,1.92,2016-01-19 09:20:29,,
gp:AOqpTOEZC6FulOjSwV4lnzgeIIXjm5P7BwLUFK-dtquVvgVRjI8MkAMdalIzaa4-CufvuclOHadNXCff_sm6YA,Vanessa Tolentino,https://play-lh.googleusercontent.com/a-/AOh14Gham-2Wlcvdpc-lx1dXGhvTyNf6FbeNUJQAr3rt7g,To many bugs every time when I'm about to finish a race it crashes.,1,6,1.92,2016-01-09 09:06:50,,
gp:AOqpTOGefPPJkaOviw6QmpAWZYn8eHr6tuRJrsxS35pSIkMxDXJI13zX6c4N98y7fgtj0xlsa98QuIyTt_W3Og,Robin Iyadurai,https://play-lh.googleusercontent.com/--OL7A_J3f3s/AAAAAAAAAAI/AAAAAAAAAAA/AMZuucm7XZpdLiBSGZxq3sML3I3qb4LR_Q/photo.jpg,Dghj,3,3,1.92,2016-01-05 02:17:21,,
gp:AOqpTOFUSqttpkPQ3OP7_KU9KqVY2mx1BHrElHxnR3ilS47MMN6y87N3bXH2_qWiFkl7aDNm0-oY1Q3hP80uDw,Mewtwo,https://play-lh.googleusercontent.com/a-/AOh14GgRHE1f6ClBXHggaoZUR_Bl8VEztk88Y47B1hf2Vw,Add a setting so you can use arrows from duck life 4 and treasure hunt THANKS,5,7,1.92,2016-01-02 14:15:41,,
gp:AOqpTOHTSsdKF0fS-Es-Dg7VDLaXyAUdD7mrV-Gy0MwzlVyb-mr_w_gf8DlrQpnSrn0tMJS2l9EZp8lt2K2ErQ,Destiny Hedden,https://play-lh.googleusercontent.com/-aNykNn88nZg/AAAAAAAAAAI/AAAAAAAAAAA/AMZuucmO2x2u0abM209MgHCD_1hS6VoeGw/photo.jpg,It's OK but u see I paid 1.75...not 6.99! I want my money back ya money thieves!,3,13,1.92,2016-01-01 19:01:11,,
gp:AOqpTOGW-71Pjv-j51MuwbTezyTPmILKcfdv6uM0Y8p4wA1vYw89G25jN2Tcy-nuJHj8ZeKyP6HE0md7E67WWA,Elizabeth Carbone,https://play-lh.googleusercontent.com/-mqmxVy28fww/AAAAAAAAAAI/AAAAAAAAAAA/AMZuucnsaWgKHsVgcyUNweZuburtxi5fAw/photo.jpg,Dude I am having a great time with the game,5,8,1.92,2016-01-01 01:50:12,,
gp:AOqpTOHg2K0wTiv7JR70TbPPI96KTUl2cu2IG54O9zGP5KwaKmX5qHsytUQ7plhF98NwGh6tXV9-WPOHso2StQ,April lynn,https://play-lh.googleusercontent.com/-LLZhVHtE8O8/AAAAAAAAAAI/AAAAAAAAAAA/AMZuucm3XMsx5kHOtcEtz7YZK_Me-sON0Q/photo.jpg,It never saved work,1,1,,2015-12-28 07:55:45,,
gp:AOqpTOFzjBO81pO4NgHSzxdVzifyqqIhYtQvfGL7nPDq3Rb2_8h6LckEIR81k5BhSXrJtFUdI30TkReN5gAAmg,Blazing,https://play-lh.googleusercontent.com/a-/AOh14GiP6QTENSCLLijJ0jEtD_rp2aIisk8tWTed33nniw,It's a duck game,5,4,1.92,2015-12-23 10:03:45,,
gp:AOqpTOHxH6UhYlmdkg6ywFQL7AQP3d_TANDoJpvzML2957DUoLk-AipV50cw2iC7O86Q1MuyqKD1z6IzHVY2FQ,Jackson Coulter,https://play-lh.googleusercontent.com/-Q51109DFLQw/AAAAAAAAAAI/AAAAAAAAAAA/AMZuucltx-HiklhLCzaBK3bmorxjNrqxTw/photo.jpg,Just like computer version,5,6,1.92,2015-12-18 16:18:39,,
gp:AOqpTOEXkk4lv0FWr7dFIHZskoVm7qHnEqfoGiTk5xLLYiYjQLKuoiU9Pxnt01OO_5YGwGWO7y5ygbm79DPYFA,Dunc Emc2,https://play-lh.googleusercontent.com/a-/AOh14Gichti_2e48cYuCuG_RgmXV4aWeJhVnCNlMY4BRCQ,I play it on computer all the time! So happy they put the original 3 on android now!😃😄😆😘💩,5,11,1.92,2015-11-25 11:42:51,,
gp:AOqpTOFG0Q93RpBGkIuy3nW6zSbMvCEcikCoSTWj768v-zh5SrO_xYIgn_khpdRsZtjVjK4JL31Vj04SQwVvXA,Tate,https://play-lh.googleusercontent.com/a-/AOh14GgPG4c-Tnrw0oUWVcpeKjEORwAfEBN3U-sGJoM8dQ,It's just like on the computer  but you can do it in the car ride😊,5,44,1.92,2015-11-21 18:53:57,,
gp:AOqpTOFPIAaas6J9XO59V2y1rqeWynfxOijnbnpEaVfkPkxzrw3drb713F3mnLO571afa5-G2AmMvagtN0DNAQ,Shane Peters,https://play-lh.googleusercontent.com/a-/AOh14Gi-JDPeiZOc4Fd8wdPaMMjgtiDC_KfENF5Luk2qtg,MUST BUY MUST PLAY GREATEST GAME IN THE world!!!,5,9,1.92,2015-11-04 00:19:33,,
gp:AOqpTOEhx3BycILCU20kaJgHUfPtqdmZdJyzf1XqXlcR0Uu0LPCo1hWT9tRRFBtwSArSGXL5RVZVjsJCUFdblA,AbsVibe,https://play-lh.googleusercontent.com/a-/AOh14GiRHapwFGAFC4TnOYkOpX0TpzCSqD8x3luKW03P2g,G fhhdh which cxsdf hmm hall sold vv rd jdnbdbdndnndndnns sbdnbfbfnfjd. Dbzbs xs zbbs cbd dbx d bz d xbd x sbs db sbz sbx wks fhr dbrjs. Aje b fd. Sbiw,1,11,1.92,2015-10-12 11:25:04,,
gp:AOqpTOFIrVXNYmJpNuhnhrYAKeMKsNLo0dyEycTp-q0UNR_F3HgaX7Nh6_akYiJtDr4LCi2H3whybw1OefoLbw,Vincent Mayer,https://play-lh.googleusercontent.com/a-/AOh14GiRHcqvrn-2WEkU3ju2KywBapC3h0Q-liSRSjbczw,I love it! It has everything I need !!:),5,6,1.92,2015-10-10 18:26:14,,
gp:AOqpTOHDqioxE7pti_aWpVtgBw75FHNepBqq2nnUvXATnhQJuJGrPoujMDjAq6DLVQzi3VLMywZsmkGCN3X8fg,loomer brown,https://play-lh.googleusercontent.com/a-/AOh14Gi5l-Q831L439kOKnTiqnX_axMSgX9UHAk9_rDn,I do not like that it is different then computer,5,20,1.92,2015-10-05 21:33:42,,
gp:AOqpTOFOrOafGShYXbel2LdL7Nyu7fEJ-g2WzBm85pANTfJo-ry0bZF-rkdCCD4kDHzloEa1_MRUdPXUXK045Q,dude Gutierrez,https://play-lh.googleusercontent.com/-xP6l4hUGVf4/AAAAAAAAAAI/AAAAAAAAAAA/AMZuucnC0ubtDajPyWKy9NVZhwDX_zZorA/photo.jpg,When i saw this game i automatically bought just add more stuff but i love the last level in evolutionxand the arcade also please add new things i beat everything,5,10,1.92,2015-10-05 16:45:04,,
gp:AOqpTOGvF2Rj-6xMJpId1heZIQLH9NuPa1-CKu7v-GsDN09Ws3yWjoC5Ct-IDle_3_ApiYY4OFde69kP6RE8nw,Eduardo Morales,https://play-lh.googleusercontent.com/-11rDehxKcJM/AAAAAAAAAAI/AAAAAAAAAAA/AMZuucnCLE4hC-8bMvcsMkoQyAlrKstEXg/photo.jpg,"Every time when i go to the duck life 2 & 3evulution,it keeps going back to my homepage,but if u can please stop these bugs and I'll rate 5 stars.",3,0,,2015-10-04 10:36:43,,
gp:AOqpTOEzF-J5ZXvjTZJXwrPrHiLdPG5WTDlfOd-GTdwMHZUczDNv5MhPtPNgktJMaMbjo1IvctEYz5lyTzp9Mw,Lila Scholes,https://play-lh.googleusercontent.com/-l4P2iSwZsj4/AAAAAAAAAAI/AAAAAAAAAAA/AMZuucnN0NyeiyOaYiYCHvtONp2ARJWjOw/photo.jpg,I click to play the game and it always exits to my home page!,1,7,1.92,2015-09-27 17:55:17,,
gp:AOqpTOFNFhPAnyl932ELNEXsCtca7XUS2lsEPX57YiI1hQ_ZvsigIUSmi_IwwYLiltDnM_yNFZ1qa6rQkZpL6g,ThatCringeArtist ಠ_ಠ,https://play-lh.googleusercontent.com/a-/AOh14Gi9yeU3qS3LGwrCN74wIRlqjg5vY6qUICDDWZdp2A,I  have  played  it on my computer  and  it is  just  like  it.,5,7,1.92,2015-09-13 06:09:14,,
gp:AOqpTOE3D24PhTo-vOkkimfBd6Rt0d-LxnP4XKKecqfcbczmTGYrVwDt0_N_61Y7-COCoJ1voS5ToTgRNCFo1Q,Juan Arce,https://play-lh.googleusercontent.com/a-/AOh14GhmHC3mV5-e9q7hugTUjLZiZEJszIDqUziPlmBM9A,I want a refund,1,0,,2015-09-08 15:09:38,,
gp:AOqpTOEom2ALDzfecv3A9w-tjrqh2J26O9W1Zv6ACZpi1pZkZGqkr4_3w_0vwx4OMMO5MWovU4b6lZrWrYSleA,T.M. Haw,https://play-lh.googleusercontent.com/a-/AOh14Gg7MwMe75QjNjVCnKRFVI4qk0NANtU7VCsHoav2mg,Whenever I try to enter the world championship or evolution it automatically exits the app,1,12,1.92,2015-08-31 17:58:07,,
gp:AOqpTOEwv03vQrVR_XF0wipVWc2mxjwCTQdCFlAZoVH7XnNBTjJPdwxD5iH9xa7J2ViZ0rpfXVpAI-2XfcI9YA,Taz_,https://play-lh.googleusercontent.com/a-/AOh14GjG1JYGEZtsWqY1tzZqoP5nu_FCtWhh3DNoSWYVQg,"With the recent updates, the game now functions as it should, for the most part. However, whenever I return to the app's main menu, it still prompts me to buy the full version. Another bug is in World Champions, though it may be in the other two. After a race or two, the stamina bar freezes, and my duck has unlimited stamina. I don't know what causes it, nor what ends it, but it was strange. I stopped racing to not exploit the bug, which was kind of annoying.",4,93,1.92,2015-08-29 21:44:33,,
gp:AOqpTOH_7Mei-iy4JLQXd1K5r9eWBKRU43tFY25tK8LZ_o7BIgrQ2pHDRK5WdFtWJj0iUi1sju7HOWiJuFIC0w,Ben Zeager,https://play-lh.googleusercontent.com/a-/AOh14Gj2XVFlPb8Tf6goaCfZs4yWxVDS5FjZnrF3SThZmA,Like the world championship,4,3,1.92,2015-08-26 14:23:59,,
gp:AOqpTOFeWMxLEEcggqye-SYk4MUQPoVJ1TwWgUkVOjGX8vu0fG5ZANCGnPKnz_OAqX1eOUGwc06D86clXnJI-Q,Kyla,https://play-lh.googleusercontent.com/a-/AOh14Gj6kj62IeitCZQ6EwvD2V_K3ArRDm_KWYxFkFTuzw,HARDWARE DOES NOT SUPPORT APPLICATION SORRY! I HAVE ACER ICONIA TAB!,1,0,,2015-08-26 08:11:13,,
gp:AOqpTOHpJS0nanBDXcp2BCuA_QGEkHLxP5jRbNyVdiF0PEFMCgNljqEX7lCiJ7zVEcCT6diTng3wnLepVVa0lw,Reggae Musica,https://play-lh.googleusercontent.com/a-/AOh14GhYat_bQe7TdVJHzCSULVXc9O6qfwb1XLv-PwS1Mg,Good,4,0,,2015-08-17 20:58:30,,
gp:AOqpTOFnhCI9AMxmGvqwqo2cjGK7m_CEEdK_xKL5VkQ4JNbxapjYVii3_uZKDQYvMvSydgDbn0w11Uf0Bj8H7Q,Kyle Stanley,https://play-lh.googleusercontent.com/a-/AOh14Gi1m1lZuIvSDVOqkhdWk9y41pu5I5Sr4A1eyt0_FA,"For the first game, training for flying will glitch at the beginning. If you don't touch anything, the bird will get stuck on the right side of the screen. If you touch the screen, it will fly off the screen, then come back to the starting point.",3,0,1.7,2015-07-30 20:58:13,,
gp:AOqpTOEAmriqdhzKEwFKyxxJNzSJlr4KwewxwJIlde7lwg5son37bvh8I7HEKgIWLJYRPSQrnZw-iugB7skvMQ,D Koch,https://play-lh.googleusercontent.com/-VddXSQWDGLs/AAAAAAAAAAI/AAAAAAAAAAA/AMZuucnVldIsgd3NY87Xah-M2aMxUiNegQ/photo.jpg,Forces close after every race.Can only train.Seems pointless.S3 on 4.4.2,1,0,1.7,2015-07-28 15:12:19,,
gp:AOqpTOFTYZ42Amu9AmsEwpOzYPsUae5cVQCG538Cyfs8BbjIIpFsD3icTMBRPv8y4gtH79-tXFeE0N-8pU31Fg,Pancakes 0w0,https://play-lh.googleusercontent.com/a-/AOh14GhePv8WGCbjRWDwhi3OInzsd6dZu7L_EDFVk4CRHQ,I love to play this game😃,5,1,1.7,2015-07-28 00:18:57,,
gp:AOqpTOEY-IUI0Iaz8f-W3r9p9VvkCzj-hOvOrKqTfMv7At8p_OwKuMaCY0yIMKDE9BAhNX0nwiGVdNwOJGRGQw,seiji-jeff armstrong,https://play-lh.googleusercontent.com/-mCj3PcRkvXA/AAAAAAAAAAI/AAAAAAAAAAA/AMZuucl28zkMA0NSz6NI614xZFr_G22rug/photo.jpg,"I CANT DOWNLOAD IT!!!!!!!!!!!!! OR I CAME DOWNLOAD DUCK LIFE!!!!!!!!!""🐺😈🐲🐲🐲🐉🐉🐉🐉👿😈👎👎ˋ﹏ˊ(p′︵‵。)GGGGGGRRRRRRRRRRR!!!!!!!!!!!!!!!¡!¡!!!!!!!!!!!!!!!!!!!!!!!!!!!!!!!!!!!!!!!#CANT DOWNLOAD!!!!!!!!!!! GGGGRRRRR!!!!!!""""!""",4,2,,2015-07-24 22:19:23,,
gp:AOqpTOGKregMhKWFpsn-AtnCZw5bsxSb7f3MyJ8Ag-mYurU8cImTRHSuCO_V2IJr4RVfncYJ7lkIMA3N1_YUTA,Lana,https://play-lh.googleusercontent.com/a-/AOh14Gg8uwHJIDcnF_GXtS8iyuOzmdzteQZ-NvTIp84khg,Its great but can you add ducklife 4 in there or at least make ducklife 4 a game I can download. Also at the start of flying can you make it different like tap to start flying instead of waiting. Great game anyways.,4,1,1.5,2015-07-12 23:35:23,,
gp:AOqpTOEH1fhU1R5jSn92_Uv9Tuv1pus_ql5kOHR9Jh0k3sfXACUDUQ2CGW-gOeR9gkRUjhsFPUAQEMXJ72YBlw,Tom Titan,https://play-lh.googleusercontent.com/a-/AOh14GiFR2QJ42e-MwJUl3ijhR3txqXR2cFWGcAL-NQp_A,D:,2,0,1.0,2015-07-11 02:09:57,,
gp:AOqpTOG7MoAKJOMZqmIPHKP145zNfF5xd8TjqQiZucKN4z4iJM-1IcgjTrImNIPJhjQbXYYUyL_j6bhXiyirsw,Tomato _,https://play-lh.googleusercontent.com/a-/AOh14GhFbiUrgZvYBtxhdsFfwmDeE3agBd4N3h_47jnA5Q,The only game I can play is the first one because the second and third one's close this is ridiculous fix or I'm reporting,1,0,1.0,2015-07-05 05:55:16,,
gp:AOqpTOHJRPWvuHY8nPGkPKTATWTcB5HwYl9psj2A-cVdK4147pZB6MmapyfFpRLj8sZVEet42fKKEJRN0DZbLQ,Benjamin Edmonds,https://play-lh.googleusercontent.com/-sydY8G9DNs8/AAAAAAAAAAI/AAAAAAAAAAA/AMZuuckQxcnvndbo2CcAtU1v11uT8osdYQ/photo.jpg,Worth buying it,5,0,1.0,2015-07-02 13:53:26,,
gp:AOqpTOFFoIEFJjWnFCogJBV2FvqaTaCDZjjWrB1vfrrUO7O0lSDzfExi3GStzm40yluvhUp2GhTajlz_qHciAA,Matt Cook,https://play-lh.googleusercontent.com/-ShBVL2TZlvU/AAAAAAAAAAI/AAAAAAAAAAA/AMZuucnvuJFmcL7an1Wrx58YRHcCSqRT-w/photo.jpg,Duck. Life. App.,5,0,1.0,2015-06-29 10:40:04,,
gp:AOqpTOHsu7y7la3T-dxg5ve_yCicI7QhyrK7DMpdJ9PV4Hkrmbj4Dp83Gx_8uJeoUwC89kO61zZ-zlWSq0OQFg,Jason Pantoja,https://play-lh.googleusercontent.com/-_BZE91jfFbc/AAAAAAAAAAI/AAAAAAAAAAA/AMZuucmB0VZul9bhumbKlJHYvVgmixij8w/photo.jpg,It won't give me a refund,1,0,,2015-06-26 17:02:17,,
gp:AOqpTOE6V2x3x0LrlUPBwyNTsDaU6v2N4xG-SizeCJazAECKN3VrHOyLlyCALoULSujlP4TGp0R2OTGSIwgBXw,Lord of Youtube,https://play-lh.googleusercontent.com/a-/AOh14Gge7-_mcQ8Jco790G5c0ncEFSBUn0Pzq1T_KeAaxw,I love the duck life series. It is also a dream come true because I have been waiting all of these duck life games to play,5,0,1.0,2015-06-26 08:53:57,,
gp:AOqpTOFWZzXG3RPnvcO1ANQkocRxNI2NmoXikVnjojdBghkJN4LbaSrzZ7T2avkZDGrYe5LkpsfHEu4LmFF3wA,Leon Lipari,https://play-lh.googleusercontent.com/a-/AOh14Gg6UUEHnKcSYNqHc9TkYWseiytF8MxlyfwZOA865A,I'll give it 5 stars once it works I gave 4 because your duck life series,4,2,1.0,2015-06-21 21:24:20,,
gp:AOqpTOHL3P_5Oeeti2Dnu8svwFyf2bRCmnBZMSPjdFl1hAakhRQxGfFdrw0jp_bG7pdyIjeePucS0k2I3UzsOQ,abby breanna,https://play-lh.googleusercontent.com/a-/AOh14GgBleaDHNpSbNkrsMbQCJqcMD2lVIfstDLgQdiZ,It's worth paying for its great and its not that much,5,5,1.0,2015-06-21 10:17:11,,
gp:AOqpTOH0f1A24cZt_fMsXIyXTxqBlqb44kNyDDlbRmCqR1xzH5gkmYqQaogV3p-cQy_ja-dw7lN4zWL-e6iGvw,Charlie MacLaren,https://play-lh.googleusercontent.com/a-/AOh14GgxBWgJinloLn3yjp4lqBIfCN8zFatNHXhB8gYvig,Just watch jacksepticeye on YouTube he is the best,4,1,1.0,2015-06-20 15:37:00,,
gp:AOqpTOEsQjfB5Iwhuz6HuEFL3VX21QkeElxBKyRaWvgqss8GNZkBJnzjiVviuIBHW86y4zNfXrfOFw0RJyYMHQ,Jj Jones,https://play-lh.googleusercontent.com/a-/AOh14GihusYkpgUDZd72Lh00NgTmO9rksq3jkTOeuomg,No refund,1,0,,2015-06-18 20:40:39,,
gp:AOqpTOF8_U87-JqemSkeiEUsyTEooVcdofWtyxznGQe7NuHOatnNWboFoXEQm_zZGBzBelBdy9hx_kD_o21sGQ,Sam Spence,https://play-lh.googleusercontent.com/a-/AOh14GhIfD-_WmqPN0_rYgOi03E5MVLo9jn6n1PIUfSW,The duck life series were easily my favorite flash games. Now I can play them on the go. It is a dream come true.,5,2,1.0,2015-06-18 09:03:52,,
gp:AOqpTOFnI4E2XqiFpDyoe_smtMblHY9wBsKWsTjd4nxK3Ms-1DUSAnzAEei0IRT_c33ib1M-3KVR_PlZ-mkxMQ,WrennShorts,https://play-lh.googleusercontent.com/a-/AOh14Ggi50eReRR5-TQay13CbSfUTx-0OqI9F-o5u2X0,Good Game,5,0,1.0,2015-06-16 06:32:08,,
gp:AOqpTOF8wkWrATURr9W_-hjj4ognpNru40iGXIK7jFG0n8qOFgQZ0t644mVpZV9Di2MK4uTiAE2IYrounPcOvw,Carlos Torres,https://play-lh.googleusercontent.com/a-/AOh14GgXAtNJryMpEtQ5GAO0ETwRCFhfiy60F2ZCHa5OTA,"Not as responsive as I would have liked it to be, and in the flying mini-game, the sliding down animation did not appear, it just froze and cut to the flying section.",3,0,,2015-06-13 13:12:32,,
gp:AOqpTOEXzS03OodQnGvkHo-A10_fFsOooMc9g9RcrW7wxAksb6Zx0hsOq7Am0drfXm2G4Tbm5zzivSxOO0xLvw,Foot Leg,https://play-lh.googleusercontent.com/a-/AOh14Gjqca2PGLkzHqSXsdfdaNjBwwJhT9i2Gtnn5gi7jg,I love it,5,1,1.0,2015-06-13 11:44:59,,
