reviewId,userName,userImage,content,score,thumbsUpCount,reviewCreatedVersion,at,replyContent,repliedAt
gp:AOqpTOG82u6WF0HUdK5Ix6u6UaHJbA4Z5dKoDTVEP4O0-MB19MZqVpe2sbSHyEoRQwpjoT9HXTv11toDFhw8ZdU,III 4911 Daliya Biswas,https://play-lh.googleusercontent.com/-weRhzOZ93VE/AAAAAAAAAAI/AAAAAAAAAAA/AMZuucnaDRyD0Uog82I3AFuVtK4dZ2fO1g/photo.jpg,Nice,5,0,,2021-02-06 08:24:11,,
gp:AOqpTOGCLakE04EbyO-p1DkoFb1HDtBBJPYtyfdhQZlKDilXLESzJ70OUsWqfSlQcUyXqj3ZM4-UA-4QNV02GlU,BRANDI MATHENIA,https://play-lh.googleusercontent.com/a-/AOh14Gh1n3dN1KHrRsVy53HipCwrP51t-XEEiCmgmo0A,I'm a happy Mrs. Chicken 😁😁😁😁😁,5,0,1.1.7,2021-02-03 21:22:20,,
gp:AOqpTOFTHf4tcQUbSpfZlI4BY8FQlz2JqYAkxwJrSdp4-Z87eiI5YBwnghG4bot9y-8ENBAA6SUO1OjUex__UJU,Anju Rathi,https://play-lh.googleusercontent.com/-feYALReEpXI/AAAAAAAAAAI/AAAAAAAAAAA/AMZuucm2JLD7aW-TpNIzGY0rub1gI4m7Lg/photo.jpg,Peppa pig jay5,3,0,1.1.7,2021-01-28 20:49:58,,
gp:AOqpTOESH-cujJNy4Ykm12c4IDntjHnWKHA4sjFgglJtEVU3B1ehKBXdPTlnqocU8rfoIRLNdGCKzAiLSNVmiwg,Tibor Fugli,https://play-lh.googleusercontent.com/-akjScUDhLqM/AAAAAAAAAAI/AAAAAAAAAAA/AMZuucmNQ1n74Zp14N0IGfpZaojzVhmNog/photo.jpg,Hi and were going to Peppa pig happy Mr chicken. Cooling system and the other day. The other side the chicken,3,0,,2021-01-27 09:14:25,,
gp:AOqpTOH1eB_P0gWVEEG0CZQEDAov_Clyp7WqHr6jAh-tPA_AEVDZnPrpCerq8X9ct9dvUvzTpuq4CZCD3Ey2tkI,Calico Paporo,https://play-lh.googleusercontent.com/--Qw8JQEikx0/AAAAAAAAAAI/AAAAAAAAAAA/AMZuuckPY3Jvt8aWfgXcH8Yd6lN-LUNYXQ/photo.jpg,I don't know learnsisterokhmmmm😧😧😧😧😥nextdaysistergoodisbignow😢😊👩👶nice,4,0,,2021-01-12 03:11:09,,
gp:AOqpTOHinrreypwLCJkaX6NpAaIj1hMYnSmZ_EnCR1lpa4Y1Zfv45eIIfXq6PtF0BDlYknQk5A41y0MumkmdvW0,Nicko Candra,https://play-lh.googleusercontent.com/a-/AOh14GjJB2yPldDdt9einYJmlflWBfhMKkD8JIx7xdyFlQ,i like this in my apps are already,5,0,1.1.7,2021-01-11 21:42:39,,
gp:AOqpTOEOQ6tr1lQ-s0_wuWS-AdRDyse-nNTqpXvu8ALent_DUZGrUbdiUmV_qBmynDG0KJ4QjiqVCaBWdlTs4-Y,K R I S T E N,https://play-lh.googleusercontent.com/a-/AOh14GjJijCTKQCfL7dT2jQtVdbziI1yB37ccdFczyjb,I like this game because peppa like to play happy Mrs chicken,5,0,,2021-01-11 06:04:31,,
gp:AOqpTOFVT-3TR9PBlDqZM_RE5im_1h6OPMK0YaWo9u044aM_pXr_jiZ8uu2XfVUUF7d3sU-hzcJHW0Ek3Cmp7IQ,malti sharma,https://play-lh.googleusercontent.com/-v-n9WILkZlY/AAAAAAAAAAI/AAAAAAAAAAA/AMZuucnipgC2H9gHBSs7jnmNDnOdLsMPOQ/photo.jpg,This is a great playing app for kids,5,0,,2021-01-06 23:01:03,,
gp:AOqpTOGhXABcRwaWRU8rT6H3ZPOQXRUUkrvOfD7lZSxRtActKPr0ffh77W7UclxuYgDoUZAxz3-HxG-VAxsKfBs,Melanie O'Steen,https://play-lh.googleusercontent.com/a-/AOh14GhfGSh9xRdxtTMaZdwX7H09-GMWemEsUKXaAoY4,All right guys this is my favorite app I like Peppa pig because I am a fan and and I like that the way I have my Peppa pig house and I like it but I have the haircuts the hiccups so yeah and and I have two Peppa pig's house and and I like it because I have a lot of Peppa pigs and charges and everything George is and Peppa and George don't like together go together so they have a bunk bed so download the Peppa pig app it's really fun bye everyone this update for Peppa pig's app download now Mrs,5,2,1.1.7,2021-01-04 04:10:29,,
gp:AOqpTOEvSGVMQLu0c6zMIvqQpCyJHBAE7jlun5NnLiIR8lo8FvYkqxT49q03NqcPTFHDOuK3thVH5QcfYeEEheQ,Jackhayes Jack,https://play-lh.googleusercontent.com/a-/AOh14GiWp9gGrSMLi5JFBUa5wojE4eDvlEE0tdIwV9Tk,Don't like,1,0,,2021-01-02 08:23:54,,
gp:AOqpTOEsXpORpZcVRKHhb8JPHQVeKM5IClEVx5e8sNFGoEFSM19jmZtvNjF6nXjWQlCQST25DVrtMuOkTbgu3vU,Lions Gate Boerboels,https://play-lh.googleusercontent.com/a-/AOh14GiYP2vUIAcqhOOZWIeJTAxpzlilFVDMyvx56fMsUA,TO MUCH ADS!!!!!!!!!,1,0,,2020-12-29 23:25:13,,
gp:AOqpTOHlMFi1lJSnOViJznOLE1L0_KrdizurAcDAs3K-8tteM3ZxE8CmPJvx9jPGXZnl_MLNvwoig0I7KukLMrs,Yelmi Martinez,https://play-lh.googleusercontent.com/a-/AOh14GiXsZ05sm4Yy9WzX0GalAFa3Pcuf8z6XelBvQLmAA,Little bit of game's.,3,1,1.1.7,2020-12-26 21:03:50,,
gp:AOqpTOFZ-fDVXM9kZAf06R9tmQsxq5cXTqHjJenOUUjClgOpdLlBT7-0JNmgDULqiMgiSs7oUDGjaidnsYQ8Vbw,Gita Pandey,https://play-lh.googleusercontent.com/a-/AOh14GgDmwMRl3dBXxobykbwd8Z1QgXZ6EULSL9SzqGT,Pepa,5,0,1.1.7,2020-12-26 17:14:41,,
gp:AOqpTOHQjoHNIQeFu7jUc5RkI-1ybhlZZg6NPsCKp8SdK6tEDa5a4QLxdHRLzqcuJNIYPtdMaP4V5D6L8We8wdE,Chris Oppong,https://play-lh.googleusercontent.com/-Z5MoXzocT-A/AAAAAAAAAAI/AAAAAAAAAAA/AMZuuclwcIEwF4zgULQwD_mBECljwBKRbg/photo.jpg,😆😅😄😃😂😁😀😊☺I'm I good.,5,0,1.1.7,2020-12-25 22:32:12,,
gp:AOqpTOHpAcSP-5TilaMumfI4-DE7NA8FvnvPyGwBqNn8p4CN-65OdTxH0DPPEVhj_dP2bqzxBFyUUb87tVa-PIw,Sara Fahad,https://play-lh.googleusercontent.com/-l35Znl91h7k/AAAAAAAAAAI/AAAAAAAAAAA/AMZuucmNNBpXltjN15lL5MQwcJMR6oSiUA/photo.jpg,Wowei,5,0,1.1.7,2020-12-24 08:45:42,,
gp:AOqpTOHsZsmf3lP9oz-OtnDmDaCa0VHD0c2GDCN-vfYRhX20uJX3ntwdBjgqE2hsHZaOfmXQk-4qFg5PlcDUetg,Goldy jass,https://play-lh.googleusercontent.com/-u6MDU1LOGxs/AAAAAAAAAAI/AAAAAAAAAAA/AMZuucnMeo7d36O3cSyTwnZ3ZLMyn8mh4Q/photo.jpg,L Bengali food and very good here and I will do it is a good as it has to do with it and very funny and cute baby girl names start letter of my dear friends I have power Post Home and garden and very good for me to do it again and learn and grow up ok with you and the attached document for the r s named above by kashvi so much kashvi aur m and the other hand the grand am not able and willing to can I have power load more comments and suggestions for good as they will be funny and very small and,5,0,,2020-12-23 02:48:49,,
gp:AOqpTOEMBGndcDHOR0zhG9eUwos89lZbu1_iRJ0FoYTfnq2ld04L8cGnlj6UIAneDoUmSUyrPXEfbHMi43fgGtc,ashok gope,https://play-lh.googleusercontent.com/-1BEUzSSB-FU/AAAAAAAAAAI/AAAAAAAAAAA/AMZuucncf9NcQrk4cw9S0g9hx2xvkKmHwA/photo.jpg,I give it 5 star because i like Peppa pig very much do u like Peppa pig huh I like,5,0,1.1.7,2020-12-22 20:28:17,,
gp:AOqpTOEsBdDN4GxPqYDbhoq_ygXfIaW20QA5Fr0udyBSvPf8bAfuWFTTQfS7iTezlZG9U7ae4UhdcMz8-ustL90,Marcus York Sr,https://play-lh.googleusercontent.com/a-/AOh14Ghf0zKCsAPJTMAxlvOIKmdC1S19iKQvLPInEJFz,Grand daughter loves it,5,0,,2020-12-22 14:10:37,,
gp:AOqpTOGPJSE7T5m19DQwQG7CKdqf3d5SC6MmiNe837OsZNt9f7VyMDX5oJcgIHMLnpps5fh2MJbnR2G76scT47I,KRISTINE CANCINO,https://play-lh.googleusercontent.com/-ULicz5xjKO4/AAAAAAAAAAI/AAAAAAAAAAA/AMZuucn14YbbE8BaAzkgS-2EPuX0kRx17Q/photo.jpg,Great game,5,0,,2020-12-21 04:08:32,,
gp:AOqpTOFHdRphfPZfV4T1GMHFKtRXRkcPBIrgmgT3yLZnDgQxFR6WFSZTFLAUKQK7dISGhbIL0ZnJ5eZbG9yp9j0,Jo Angel Bayona,https://play-lh.googleusercontent.com/-dJTmECP5qCI/AAAAAAAAAAI/AAAAAAAAAAA/AMZuucnvZbgsNhaAfX4qjmHSvThOTvWkqg/photo.jpg,This is the best game ever i tried looking for a game that is very acceptable and i found this it says 'sale ends in 3 day' so i installed this and it's amazing!,5,52,1.1.7,2020-12-21 01:06:24,,
gp:AOqpTOGs_y2E3Tzcc4gsNI5JWZKp4-DBBW8QlRRVyDl3LQzpLXwYshf1WecokYT3t6pfhSd71fV9Cf0HmhXLBig,R Maat,https://play-lh.googleusercontent.com/a-/AOh14GiA7i2LSj4zDu5aIIw901XXW7O-YZb21WZns8nGsw,i like playing happy mrs chicken i will give you 5 stars and i will give you 90000000$ bye peppa pig,5,1,1.1.7,2020-12-20 23:28:09,,
gp:AOqpTOEYvrN0nIS1KYyvLiH-OkQAYT5dGLQP8JCYuCltLKGRRPcgNdk7DXK6ml17xOkLEIkt_aQRi1q9FiExV70,May Chan,https://play-lh.googleusercontent.com/a-/AOh14GjEAfLDcavHZ59usZy65bA8wjkjLTZiqfQkYLRaXao,I love this app 😍 10,5,0,,2020-12-20 23:22:21,,
gp:AOqpTOHbfImmito8x15Weew_3JT2NcKQUjqOjrhNpE7aXTEnh5lgO1NEZMxhkmvRA02AKNJo-mYzYCna4gnYtSc,Naura Auni,https://play-lh.googleusercontent.com/-c8EeW--GjKY/AAAAAAAAAAI/AAAAAAAAAAA/AMZuucmYeiwoCrPk9Mww9hAruVijburthQ/photo.jpg,good game,4,1,1.1.7,2020-12-10 05:12:35,,
gp:AOqpTOGnqOPyTedukveqyL9MEmbg0AL1cNlg9T7lKdIgNg4CsDpvNCjpbZaULkCDkpKsM9Nc37EuogJ2zoJJ4Dk,Shemi Sheriff,https://play-lh.googleusercontent.com/-d-BvEMXFlEE/AAAAAAAAAAI/AAAAAAAAAAA/AMZuuclXXL_CKcPoz7LzfAcVcHe2VvwylQ/photo.jpg,This game is awesome,5,1,1.1.7,2020-12-05 03:35:37,,
gp:AOqpTOGv5od5pjW4HzbWtBZzmtAyUcEaP-tBGl88qXyJfW3ubCTvk2VD0qcVs2lmiAw70dD1Hgb0jTnak3bKOtY,Mahendra Madhavi,https://play-lh.googleusercontent.com/a-/AOh14GhaeyTlGdIRM4z664dU5zHQqEH2qIS6NAda9Rn_dg,हगगग,5,0,,2020-11-26 06:12:39,,
gp:AOqpTOFdGY254-fs1VyRSOMsaztot0i9kaN3QVUheUlJO2PWBA_y2TyIAIrqhL9QxR-2D_m12LW_z8_YHTzspqM,Nipan tanti Tanti,https://play-lh.googleusercontent.com/-LNnNMe0KDd4/AAAAAAAAAAI/AAAAAAAAAAA/AMZuuckppj1Lhb3qeRVqe_5GEPDHmMH4tg/photo.jpg,😀😀😀,5,0,,2020-11-25 07:24:16,,
gp:AOqpTOGO95Gs3YaHH9NJJgazFx6OC_OyWgtck9AGxtr6SMFaRmGVs-0_m6tlx1KTyhIXA4x4sHDcezL2N8XCjog,selvarani S,https://play-lh.googleusercontent.com/-SbFROOFfxuU/AAAAAAAAAAI/AAAAAAAAAAA/AMZuucmsw3Ng8CYZ3bUdtGmYLvsWyNY5Eg/photo.jpg,Good app 🙂,5,1,1.1.7,2020-11-24 04:43:45,,
gp:AOqpTOGH51q1wcnRXCoqsKTEDd1emjtP_EwNUG5LcWodvppwDii5dRTMSkdjVL46ch2sl1gkkEXF3veTS1CWGLc,pal singh,https://play-lh.googleusercontent.com/-JGw-0-Z69cY/AAAAAAAAAAI/AAAAAAAAAAA/AMZuucl9RRgG9SRWhnRhn9t08vkFLYm5mA/photo.jpg,ANIRUDH MEHRA AND DEEPIKA GAMES,5,1,,2020-11-16 05:22:29,,
gp:AOqpTOG-ionRQuQHua4XWRK65akaMUehv0ugTohxZmVLtvOIKP6nuaCNgnEPCN85bI3wutv2kkyv5v2pHdGB-rk,Pawan Kaushik,https://play-lh.googleusercontent.com/-0U0AkXA5lYM/AAAAAAAAAAI/AAAAAAAAAAA/AMZuuclIZC8H-FXrIhZGnUdYqiqtfTRvyg/photo.jpg,Peppa pig :happy,1,3,,2020-11-14 08:50:32,,
gp:AOqpTOGWq1xeTSXm6tntlzeFur2epy1RLslUZEDjaL2LaIyDGjevXM2VEVKeZdnRcO0AsJr1VR5Ex1eOCMfd-3c,Loveleena Rajoriya,https://play-lh.googleusercontent.com/-clauDCYQa5M/AAAAAAAAAAI/AAAAAAAAAAA/AMZuucnGW7P8Hj65NF60dgScre7lJ6embQ/photo.jpg,🌻💌💝💟,5,0,,2020-11-12 20:15:07,,
gp:AOqpTOElCoIRX1yuneSl8qVbFksnuw08aF8mvwQbWgcjo2azbZClwWkZiqUQH104FjN4LgOZBaXniAslkX97XWw,Jo Mcmorgan,https://play-lh.googleusercontent.com/-oBmIopoXv1w/AAAAAAAAAAI/AAAAAAAAAAA/AMZuuckusnak50UMnnn__6ThQVjZJEz1uQ/photo.jpg,More games than happy mrs chicken. Keeps my daughter entertained what more could you ask for 🤷‍♀️ no ads. Best £2.99 I have spent on a game,5,95,1.1.7,2020-11-08 22:25:34,,
gp:AOqpTOGHfo0twpuILgMKNharhT81htr9Cf-TcPIWtTrScvxluMQd2eUhdU8zC9VDBK2LRc1eqZTEKQMgi8XtMpc,Aamir Ansari,https://play-lh.googleusercontent.com/-GNQNUaLdDfE/AAAAAAAAAAI/AAAAAAAAAAA/AMZuucn2RUGMsnEs_RwSYHQobgeU__KNZQ/photo.jpg,Good game,5,1,1.1.7,2020-11-08 02:56:04,,
gp:AOqpTOGgJ3P-u27_hNYx43vp0c0FU7QPUsCZNf4S1zpO3RjoiWATY-OcjxEFHdiemsdYgAaEKqyaCUUmr_P9IrE,Imti Jr,https://play-lh.googleusercontent.com/-IihE_t_-3FA/AAAAAAAAAAI/AAAAAAAAAAA/AMZuuckBVfWG7twXqPRrDxII2K-_IMhoMw/photo.jpg,Peppa pig is the game,5,1,,2020-11-04 20:51:29,,
gp:AOqpTOH7wK-sLr4dATM5hlIPoetht9sE5QlE438yxs1fS2_0fYMJo_hECjONvbu4eQ-eVkMDUH3U2KG0SfuzQ-A,Ashley and Alexa's Movies,https://play-lh.googleusercontent.com/-aLfeidazi3w/AAAAAAAAAAI/AAAAAAAAAAA/AMZuucmQIRG6kUmcvf3rC7B2Xk48_1cRRg/photo.jpg,i love it,5,0,,2020-11-02 19:34:54,,
gp:AOqpTOED6Uj2tXppTv_pfYUgTqOIzB9IoYYOy30y83mRUNakPtZsh8cW63Ffl_ZFc2k8qOHiAxsQAX03fro49LI,Suhas Jadhav,https://play-lh.googleusercontent.com/a-/AOh14GhMWyALD5LwF6i86PT-A0zCP1K5PcN4SfwuVTKVjg,Good,5,1,1.1.7,2020-10-29 03:52:15,,
gp:AOqpTOEQs2j6-8TM2CKa6DJQb6kTTPSGPaSY7eT30vg1OhoYeO-H0zd-xk6nltqAI0i5tCmXN4iPl-z6GaES5Bg,anil singh,https://play-lh.googleusercontent.com/-CajlSDrDNWw/AAAAAAAAAAI/AAAAAAAAAAA/AMZuucmFcE8RC__gbRL7xEBv6e0EzUXZBw/photo.jpg,Hemanta singh.,5,1,1.1.7,2020-10-28 23:11:16,,
gp:AOqpTOGGA01K9lv2aLYx3qQCtKXKMQRsVGbk43kE0PlmS1U0WAnpdKd-RvXC6BgKTXte_BYMkFhLvoQE0_Vp75g,marjorie Mayida,https://play-lh.googleusercontent.com/a-/AOh14GgUrOk9ckCVle5LNFnsaEDxr6oIg7zE2zSP2g8a,I gave it five stars because its so amazing 🤩🤩🤩🤩🤩🤩,5,3,1.1.7,2020-10-26 08:12:18,,
gp:AOqpTOGDPVbWixUz3ToRQwoI8wBr43GPB4ErfFoPRBUzEntvVHWWf6RXzfLNVKpHfMuegwtav_0P2o_Tjd19mdQ,govinda prasad,https://play-lh.googleusercontent.com/-odpEhUZ6nrE/AAAAAAAAAAI/AAAAAAAAAAA/AMZuuclmKtrNxYEHEfx0zvaxhVEMR97PIg/photo.jpg,hjj,1,1,,2020-10-18 01:21:05,,
gp:AOqpTOHFUwbzYIlATTxDgIImS0kADjKxyP8ub7NQ45RrR3CBrE9m5-VQ50xq5sA_k2mNmGhPg5h_luUNHmS8X4o,hiba‘s castle,https://play-lh.googleusercontent.com/a-/AOh14Gi9ZUpCuUG9OrBPa5QkFwDmd0C66n1K9aif9RBa,Peppa I am a big big big fan of you but I am almost 8 years old but I still love peppa pig so so so so so so so so so so so so so so so so so so much 💞💝💓💖,5,3,1.1.7,2020-10-17 11:11:35,,
gp:AOqpTOFF3BpQCISjt0tcxHYuvEwxaNTPO0Hwqr7Wu2g05bDqbDvB13_XJqDop6sEvr8oVC33OgQLJYibSITHZck,Glenn Lacar,https://play-lh.googleusercontent.com/-FRQAC8-GY8g/AAAAAAAAAAI/AAAAAAAAAAA/AMZuuckYEdjUy4LotZvff7pdkDc_-ht5jw/photo.jpg,I love your game awesome tell me this a puzzle and chicken the games seaside from the puzzle to peppa and george,5,8,1.1.7,2020-10-08 02:55:00,,
gp:AOqpTOGwomQxONJls_YmY-gNj9fEhRn46d1Px-Bb_fwiFLHuliEX0zPD7uVUBOnw4QVGelyrJWGhrtzg_ZBeAbI,jaydenjanice jaydenjanice,https://play-lh.googleusercontent.com/-DtKal0QASjc/AAAAAAAAAAI/AAAAAAAAAAA/AMZuucn6Lg54avGkKWarqOPxcQWu-cW6og/photo.jpg,I love this game,3,4,1.1.7,2020-10-07 18:44:36,,
gp:AOqpTOHb23VFr2WTJt2_vyxV_WJQ_C6gQW4_kct3olg3Op2UuZAy10cNbBzPYHU5oEgD7QdPEgXznxp5amunN34,hey your gay Yap,https://play-lh.googleusercontent.com/-SL82vKksM2I/AAAAAAAAAAI/AAAAAAAAAAA/AMZuuck8bnTTe0qvZarlJzj1HiKjvw7OzQ/photo.jpg,Ok,3,3,1.1.7,2020-10-07 06:16:38,,
gp:AOqpTOGMdVvku1POF7oONRw2pBqC4GeS-O8NkpvwHqSHtJDKNbBfIxK39_02G7k8bsWcxYCi_TFsaI04it7F8I8,Girish Naik,https://play-lh.googleusercontent.com/-Ex6OmC_aoL4/AAAAAAAAAAI/AAAAAAAAAAA/AMZuuckxcqLPM4HTca-PcYSmhVtEodbnBg/photo.jpg,Flask,1,1,,2020-10-07 03:31:48,,
gp:AOqpTOGV-w3SZhaFpLODAh6RDBKqOqdLQK-ms9f6d077Lb8iUEZ0adRvkNWdoEe_fDp46MZW4nWGK6iXVj6vlE0,Deepa Waldia,https://play-lh.googleusercontent.com/-1BrXJhkMwVk/AAAAAAAAAAI/AAAAAAAAAAA/AMZuucnnnAfJvANi2U6yOuouGXdPBzWrlA/photo.jpg,Good game,5,0,,2020-10-06 03:40:09,,
gp:AOqpTOFi1JDsuMOPlocHqrEbFhJPFhVUsZ2IIbDnSeaTv6NbEaercoKz_dCeGrA8301K3-xcpjwrx0NKdnsIpaA,Innovation System,https://play-lh.googleusercontent.com/a-/AOh14GhS0xrdlkyN-ZjIikg40pVYm8RHMef9C19-M0MU,Namo,5,0,,2020-10-05 06:45:56,,
gp:AOqpTOHx7o3_H9q_68Ot_jDG8vK74ds6XR2LB3X1HVc946php8A-K4-gLCtFePmpcFbp2phBMDxtZVHgYP1VgEY,A E,https://play-lh.googleusercontent.com/a-/AOh14GjORNP_o--3HPKLWUUie79338VsrZjtR2iq72p7lnk,Needs violence,3,3,1.1.7,2020-09-29 06:30:00,,
gp:AOqpTOGo8dikvqJs9VwO_Rv26yRgboD7cRSyRWlDBf-QplnjPK6ijv0CzXrvyDvBHaHbkLVAKg-JQD3UfbwVagQ,Aarav Zone,https://play-lh.googleusercontent.com/a-/AOh14Gi-Ks3rLtmPlEaNnTD-ySoCiuZSOu4w4bzyROWLtQ,For kids,5,1,,2020-09-27 03:33:02,,
gp:AOqpTOGWSRg0eXxDxg2xmFgb8B9MFZ_muHkCchTT8rLZ3TGnwvGH63o-j7S4YELmpVZyR4yG5YJncJR623DwqP0,Rohitash Kumar,https://play-lh.googleusercontent.com/-O8Iic6JbhGI/AAAAAAAAAAI/AAAAAAAAAAA/AMZuuckht1fLlIAIEcH2difcKnbq8_IILQ/photo.jpg,Wysiha,1,3,1.1.7,2020-09-24 02:53:01,,
gp:AOqpTOECvdSdojJy6Vph4gZX72gaqCbwrcOmK1k3Qlc8cXXn9nG3mCXcBcosI-PAsjBP4IQfxGfpU44onXURRPs,Jacob Senior,https://play-lh.googleusercontent.com/a-/AOh14Giw0jGleleiNt009relURp0xfEQDkNIxAaabgUErA,Poggers app,5,3,1.1.7,2020-09-21 15:19:41,,
gp:AOqpTOFPlauPEseAhGz3jrh6wEetv_HsjNKr3t-lJSHKNgoYJyMUwDbI8EeWYTituGSJUoiKyGdDO3-TtynGBRo,SHOURYA JAIN,https://play-lh.googleusercontent.com/-iKfsGMz2_74/AAAAAAAAAAI/AAAAAAAAAAA/AMZuucl1F1Zcz7bzarRnk-QPiCm8jICuVA/photo.jpg,BORING NON VEG GAME,1,3,,2020-09-20 21:23:05,,
gp:AOqpTOGmpoTuHGA6hr2kOXk7-1_TlkIiiyQJbzXP99h0RVCj3EexS_mKXL5yfMyBEiZFZ5aTZjGb3AnpDm8wBlI,Dodiya Hiral,https://play-lh.googleusercontent.com/-EuslVCkqOf0/AAAAAAAAAAI/AAAAAAAAAAA/AMZuuclnKqs9qyCbO3Qe9NoGSPIHMXub0g/photo.jpg,Bakavas app is that,1,4,,2020-09-20 06:35:09,,
gp:AOqpTOF3ElXY87iBiWWZoAhl1hCzbaQzFdreBio2Huh4ZAngwSEUNs1zqJrFIEtHwdDJKTXLWi71F9YAlwgx1Vw,Ramuben Jogadia,https://play-lh.googleusercontent.com/-K3-tfOpy6Wk/AAAAAAAAAAI/AAAAAAAAAAA/AMZuuckhT1PMEhwwmmYIAMmJ1xrku3Eg0g/photo.jpg,Nic 👌👌,3,3,1.1.7,2020-09-20 01:05:32,,
gp:AOqpTOGTNV4MhUYgHw2sBfW_-rPw564uEc2YefhBY2pe5IE-FMntCl78ldRtNF7crgNNrnPOqaiyX3BWdsIBlyI,SOUROJIT MANDAL,https://play-lh.googleusercontent.com/-n0drZ7BUd0Q/AAAAAAAAAAI/AAAAAAAAAAA/AMZuuckZQJ_GV8TaUdfZC9nHtjDNsnO6kg/photo.jpg,This game is same to same the real show in T. V. 🙂🙂🙂🙂🙂🙂🙂😉😉😉😉😉I am so lucky🍀 to play this game🎮🎮🎮🎮🎮.,5,4,,2020-09-19 08:05:12,,
gp:AOqpTOHBHFyxcTGFtrbynGFC17C8w27rltyepaB9TsYvVd_PDvBFEKX_fpaRJDhoLzA9pnqC8iijiqISoAL7erY,Annie Owen,https://play-lh.googleusercontent.com/-6l4nuZ3vRTU/AAAAAAAAAAI/AAAAAAAAAAA/AMZuucmp8wjHmH4iJ00GCIi-lUcNDd3AIQ/photo.jpg,Extremely entertaining,5,2,1.1.7,2020-09-17 12:39:19,,
gp:AOqpTOGuWIr2A9JlgoE1uRS0Iankr9ScUgxY83nqhIOnLTRPBWvCM8teqLSaW9llbhYCAbrGz4v4ld3RZKP8opg,Amro Al-Hroub,https://play-lh.googleusercontent.com/a-/AOh14GhepjHOxyHFypDqacDPuQiFH7zufAaVzQ4qKGCG,Good,2,2,1.1.7,2020-09-17 04:51:23,,
gp:AOqpTOGXJjU1WlkTKrmJjPF1iXFNHevZqHTP2JX-uc2rBubmX_ngYU-sGiCzhz2QNCE9HrKzOrqhO3qqlCH0pEo,Ritu Sharma,https://play-lh.googleusercontent.com/a-/AOh14GgVZEfaqCBW--ljvwU9flPdHPiLl-A9lhtEvctcnQ,Boring wasting of time 🙄,1,4,,2020-09-16 01:19:18,,
gp:AOqpTOGTkjBR8Pvfexjyh8PjLPBFJZrlpz6mwhxvsKZ7GKTsgrmNrkoRRlmDcNkITXjvLMx9rlV3OScONK6IwV0,satyanathan sadasivam,https://play-lh.googleusercontent.com/a-/AOh14Gjs7e__gg7DAAbtCucJ1J8dQp88raOoKZqoeRiV5Q,I like this game it was premium for 1 year when I saw this app free I like be academic good in it,5,12,1.1.7,2020-09-15 06:24:24,,
gp:AOqpTOHSBxmFpLlxTlckJS1eV7etRJLNU89QeOz3zyp5_lgMrtGyuh7JNRd-BRBB-6F0H1OCYAKfhUjQ6l23QVw,Mahbeera Zunaira,https://play-lh.googleusercontent.com/-IewWlyfC_4c/AAAAAAAAAAI/AAAAAAAAAAA/AMZuucmkDC_Vsq8UmsKGrF_Txgb1Hvh4dA/photo.jpg,Amzing! Thank you for listening to me! You made it free! Please make the other peppa pig games free so that we can try it and please removed the cash because children cannot play it!,5,22,,2020-09-14 09:55:06,,
gp:AOqpTOHCOhvWH-kNzePvG16AZUFVyULzQCDrg8biewP8Ub_C_RCmMrlWV4HZ9zEKCAPKwU9dBE4KSWNPJk1kG5E,Renu Sharma,https://play-lh.googleusercontent.com/-SE1dBjrItWw/AAAAAAAAAAI/AAAAAAAAAAA/AMZuucmgkoDCK1LIYm6-H2Yo6KrD3nzSJg/photo.jpg,Best game,5,1,,2020-09-14 04:09:57,,
gp:AOqpTOHiCjKqmDL6Ed7OkD-TfCVPkD0DziEmOkg7I6IwmUxYLTBuO76FGbmWqaxlV0RjcptF7A2La2xyUk4s-pY,Ch Vaishnavi,https://play-lh.googleusercontent.com/-Tg-NBFOfbNk/AAAAAAAAAAI/AAAAAAAAAAA/AMZuucm7gO4QDl2eEKuUBqPzhw5rOJR9lw/photo.jpg,Very very very good good good good good good good 😋😍😋😍😋👍👍,5,3,,2020-09-12 23:30:38,,
gp:AOqpTOEKLc5FUBhtRqPeFs7nCNUjAqNvrY3kseo3DAwUzozNdN8Mri_zr6Bl7IyvzBoN6rBn-4R1uxVynXEnP5w,Parveen Joshi,https://play-lh.googleusercontent.com/-ZWHnMhu9mhc/AAAAAAAAAAI/AAAAAAAAAAA/AMZuucmMVsxAlTvf2fwrk5wcSmrkDYXG-g/photo.jpg,This game is good but I bored because of less games and only repeated games . Not good,1,6,,2020-09-12 23:19:29,,
gp:AOqpTOE63x6YXV1kG0wMA4wv5kPq_4yf1QzdCxYcLdQnQucBnHTyhcvu0dZ5pDI5Qt2-0_mprrxb0HsNbyAmJpg,Sapna Chauhan,https://play-lh.googleusercontent.com/a-/AOh14GgHr6G5_ZxnUCCu9VISQ_MelRXjsiJ5cZA4qu6jvsY,I like this very much 👍👍👍,5,3,1.1.7,2020-09-12 22:06:46,,
gp:AOqpTOHl3x_7lY3cgRXYs4EsPi-W3oaVHsYk8VGUVj3Xt1XKBe_psRIwA99VPbwmFkCY1U-pkOtBE9nQSw2Zt_4,pandey daughter,https://play-lh.googleusercontent.com/-D-HGGbGU4TQ/AAAAAAAAAAI/AAAAAAAAAAA/AMZuucndXpctuzYcMjD16xKvDdVHqUx3BA/photo.jpg,Good,5,0,,2020-09-11 09:49:13,,
gp:AOqpTOH2NqaEIn0FcaeyWsews4nyHSyd3r6MhahPtf_AKEpxIJZZz_BJnc43k91p7TnkPFl6ycPkHvkNM1_TGYI,Farzana Maniyar,https://play-lh.googleusercontent.com/-TE532fORYRo/AAAAAAAAAAI/AAAAAAAAAAA/AMZuucnLkydsAPgWysXSlb5fkwbRrqkhSQ/photo.jpg,Boring,3,0,,2020-09-10 06:44:18,,
gp:AOqpTOFEjDMSKoEX57OqVEarIbtfLlxoDPpfS7lWwFIy1xIEA6DOW7zqTGfTYGRM2k5aOEpAxFn5V9BhOCJgnYQ,Arya Bajpai,https://play-lh.googleusercontent.com/a-/AOh14Gh549T3sMAJSLow6LrH6AHE9y7p-wLfgE8Mjj84JA,Good my small brother like it,5,3,,2020-09-10 05:32:14,,
gp:AOqpTOEH7Kj3jca0hteQfl9h5FSjOZCPxnNF3HPJvE1peWJjYy24NB9EcXtqv0sKxORyUwGdHhHzQCIeoJ3aeIQ,Prarthana Moses,https://play-lh.googleusercontent.com/-V1aNIlcyISE/AAAAAAAAAAI/AAAAAAAAAAA/AMZuucn5VFLtn5ooPGkE_L46tldtj8MGgA/photo.jpg,Balakrishna,3,1,,2020-09-09 10:21:46,,
gp:AOqpTOGoCEkyFB2NXWazDz-7qLFQCEdl2syhzd831crqrw4fRNTv6IF2FlBD-IxYV__KbO5_pV-21RMYenAOH5E,Geeta Devi,https://play-lh.googleusercontent.com/-P57y5HKcagQ/AAAAAAAAAAI/AAAAAAAAAAA/AMZuuckSPnIaU_emyZrl1lNNy8o6ytMIUQ/photo.jpg,Nice game,4,1,,2020-09-09 06:42:15,,
gp:AOqpTOGjJPFe7hJ8fvd53iXynSAbYs8ZbsvajGQflugnzGLPMSSYKjDBIdOO99aP_r8FOk7XuuPzc9D_3DmauNg,Neelu Singh,https://play-lh.googleusercontent.com/-8kYJrqH6RBc/AAAAAAAAAAI/AAAAAAAAAAA/AMZuucmmci01lF6Jc6S0oNcIkBxWX9eeTA/photo.jpg,This game is only for small kids and not very interesting 😒😬😒,2,4,,2020-09-08 21:58:49,,
gp:AOqpTOEhvl4esV9BhaIVfxaolqbFchu5ETRqkh2ZKsmlL3iVEAZLhznUpNk3TK1cLFzUHCeHlZ6anmH17_Yrokg,917785069672 Roshan,https://play-lh.googleusercontent.com/-U1sna0ifmXM/AAAAAAAAAAI/AAAAAAAAAAA/AMZuucnLOLn5f6W-OZHdqjKBlGnPiKDDPg/photo.jpg,Bad,1,2,,2020-09-08 19:07:17,,
gp:AOqpTOFGjYNbJM9AnYfWgho_tTjJwKSJ5GJcts1Uf-Tgg7KBBiAh0rCTePpLn-iTtZdzalUbKMFo_wUT3cQPnmw,Padma Vathi,https://play-lh.googleusercontent.com/a-/AOh14GjQD7r3TdD96_rq0a3FiRQRjHWbMG-eToYg6-plNA,😷Super but not having levels like freefire😁,5,4,,2020-09-07 06:26:38,,
gp:AOqpTOFCjZqwDQSJ_zafspOzQ94RpS26aAnJ6dRJzVDFf3mS0nJvNqLyfQoJfP05T-TQaHf6bqHrq1hqV6p7kzA,Harshil Chudasama,https://play-lh.googleusercontent.com/-mTGBMEPqt_A/AAAAAAAAAAI/AAAAAAAAAAA/AMZuucmSGsy6q6K86mJtPoKTJktH4xqPBw/photo.jpg,C: a,3,3,,2020-09-07 02:44:12,,
gp:AOqpTOEMw7qClnGXrWIjbhilRJhtFkv_nQKdv1XTlvJ_sjY3eoNhYrAj--8KOFIdbipeeMGijt_qQKP4ZyvoyAk,Boom Boy,https://play-lh.googleusercontent.com/a-/AOh14GgAOEm0WOVfhLjrfI74IX3T_ERzn8PG1NWGGrmh,This game is very much fun,1,9,1.1.7,2020-09-06 22:55:59,,
gp:AOqpTOGX_ybhprGurroVx2PBUGKkiw68pN2Wfhh_hV71oo5wZMmCdyicTnGrPMxEwcqe-e1FaQCzapdqr5Pd5Ok,Manisha Bharadwaj,https://play-lh.googleusercontent.com/-SJi-MaqjTBs/AAAAAAAAAAI/AAAAAAAAAAA/AMZuucnS3xYPULyv801Z0WSeqA5JjeLtrw/photo.jpg,Amazing,5,1,,2020-09-06 04:45:32,,
gp:AOqpTOHlfeZb35v__VHzX411WxwZ-G6IXteZNUMQpp-zvUc3-89K5qT3lMmJR3S063XxmgwS6kgHPxpgf_-ZogM,Aanshika Sharma,https://play-lh.googleusercontent.com/-7M-khxfxKho/AAAAAAAAAAI/AAAAAAAAAAA/AMZuucn5tcE9sAjBGhp3CucLXF7fM8pn0Q/photo.jpg,Good app,5,2,1.1.7,2020-09-05 23:11:52,,
gp:AOqpTOG6OKcXLoXeP_vmtQ0qv11w1y-ayPCQ3LRPCaymWgO--90M1gFZhK37Y70j8A_L94Miro1mppYRJ4DUiKc,Yenni perez,https://play-lh.googleusercontent.com/a-/AOh14GiEkUkGm_3ie6YLpJRbsGzmLXX1NDIlemTDX_nEI1M,"This game is so boring all you have to do is just go through a maze with a chick until you made it to the and please tell me who had time to make this game and why?, Besides is not so entertained full for my children because they are getting bored of this.",1,35,,2020-09-05 18:28:00,,
gp:AOqpTOE6iVcdM_8V_7OGcQs1wpAR-GgEq7VT_CA3TKJm1Y5B9_Ld3UV6HYANV79Pjau4LJiesXNnBPXiPydwkLY,NITHA MATHEW,https://play-lh.googleusercontent.com/-UuUVDay5Adg/AAAAAAAAAAI/AAAAAAAAAAA/AMZuuckFMzdQe8VZI8arV9V7bL-5EYdbEQ/photo.jpg,Yes enough graphic but after sometimes that makes me boring....,2,5,,2020-09-05 11:15:02,,
gp:AOqpTOHpUn32BTnaNLRAyswoDlbzJlmuRrH9AVRT1t_rOdlz2kAPefErj-X8RkYS7Fha0jpUXu0QPxErxORlc0E,Shikha Bhardwaj,https://play-lh.googleusercontent.com/a-/AOh14GilYtBqfYcquNZ9w_KB-yLC7ooGTWoIlpiXUb-wbg,I love it,5,1,,2020-09-04 21:53:15,,
gp:AOqpTOEm6UcMzELSRtfMlHjIY5J17gsoSYVKJZBtW2kGH_8Fa-qs30Z776LLXHfczv4-DcT3A870xwSSNVJl5Js,Shallomar Regino,https://play-lh.googleusercontent.com/-oVoeqx7iunA/AAAAAAAAAAI/AAAAAAAAAAA/AMZuuclDkFJZT4wkx5cYRbNZJN4f2F1WTg/photo.jpg,I love it,5,1,,2020-09-04 16:18:42,,
gp:AOqpTOH3L_94HodBscMyn8reTg3Gd8HrF-1ZEEqr6eHeehx-tDK8mqfsy2WRMuJH7mfnwL_QRUFqR0o6aEUJsNY,Antonio Magaña Mendoza,https://play-lh.googleusercontent.com/-ngo7KkMhckc/AAAAAAAAAAI/AAAAAAAAAAA/AMZuuckolvq1ZtD_vVc3LxUf652EeEa3xg/photo.jpg,Really recomend,5,2,1.1.7,2020-09-04 15:21:38,,
gp:AOqpTOHi2xZ2jJ25oldA3pPz6liBd_F5j8_oeGD4i1XkXcvL8-zQpt4lopMydqEjbJj1CPb8rjAE5MkeAMZ6q1I,Lim Moi Ngo,https://play-lh.googleusercontent.com/-MuSSGkI73WQ/AAAAAAAAAAI/AAAAAAAAAAA/AMZuucm-7eV4mA4SzrZb91d89CRWTdw7-A/photo.jpg,It's really fun to play :),5,5,1.1.7,2020-09-04 08:16:28,,
gp:AOqpTOFCS8YyBSagN9HeR6HV_QALaPgcqudvjgRT0dzxnM5GL6og23bj3XIDKTvwO62umX2_goFJseTVjQdsSuo,Satarupa Bhowmik,https://play-lh.googleusercontent.com/-kVaDNtd0y7Y/AAAAAAAAAAI/AAAAAAAAAAA/AMZuucng8KhnSlEdEH8VgeBhIBt9VGjeqg/photo.jpg,Ok ok its good,5,3,,2020-09-04 03:33:52,,
gp:AOqpTOGr6hAaQKE66aZ8K47Oiua5AlDpUxmu_SnAWnoDOHhrnFZN5c6kgFKHYl43G5T2rVohQNJ4zI52VqbZRLk,ayisha thanseer,https://play-lh.googleusercontent.com/a-/AOh14GjO2wCPRmRH50v87xiuQ_wS5A7VGUHLpytGdxQXnA,bad vwery bad,5,2,,2020-09-04 03:08:52,,
gp:AOqpTOFKiaMeSxVp4JXZqNJRQrH7WwPaHec-65zQlBkzsi4HLDHB4rEC04UMuV1eO96qAa5kKsoqebKEEr75zls,Trinadh Pethane,https://play-lh.googleusercontent.com/-GyuDxwcoxQY/AAAAAAAAAAI/AAAAAAAAAAA/AMZuucle07ucyFyDw6nQ_5yDzAou6whGew/photo.jpg,Good night ra Tzu,5,3,,2020-09-03 21:56:38,,
gp:AOqpTOE7TKi12ed9RonnDNrUWELeUq5eXm3T607QtBiYZfMx1RWa32UirP8O4CU1-VAjPD8u-_98DyEspx73IlM,Angelika Fatima Sanchez,https://play-lh.googleusercontent.com/a-/AOh14Gg6-qnhlw11UpDldKg9IukXFMjnPLrWgFZa26Woeg,"I like the game even when I'm already 20 years old 😂 I like the graphics, the sounds and everything. This is great for kids especially those who loves peppa pig 😁❤️",5,12,,2020-09-03 19:47:49,,
gp:AOqpTOEpRDjs3qhJ08Sdi5BpeIoyps6MOZgetFz1YcuEmdshljUSYG_-fYjDhoKWw-A0ykVtdUDFUuz7IP6pSqU,Ashmit Pandey,https://play-lh.googleusercontent.com/a-/AOh14Gj7sVHxu-rGZn4jp5esw_s14D4n6QwwclYb0b9r,Boring game,1,4,1.1.7,2020-09-03 18:08:01,,
gp:AOqpTOG58BlUB2SunFhULqR8zfTF7uC8zjckLFb_N32YKMCKcFKVyyQayNZUXcWJhsvxmOXne5TGeRDO9ekTfX0,Ranjana SK,https://play-lh.googleusercontent.com/-XacBjNcyRBM/AAAAAAAAAAI/AAAAAAAAAAA/AMZuucka0ShodcOjzhItUmpeHhXcXi3wRg/photo.jpg,Bdhd gs d,1,2,,2020-09-03 09:04:56,,
gp:AOqpTOFrrchuThz0J3oVJsmszjQ3209AHs_yYAKgtLVRMTFPN58AMWF7_OhZu-ICNttcXGGhngyKIU6sZGh9_F4,Naveen Kapoor,https://play-lh.googleusercontent.com/-SpzFzLTLynE/AAAAAAAAAAI/AAAAAAAAAAA/AMZuuclTg3WvFdXDmds4zDQdDKcqWFs-tg/photo.jpg,Wow,5,1,,2020-09-03 03:06:32,,
gp:AOqpTOHUnZJPczjghPXEZWiBXsrI2T0-P35dfsKD-mZM2d-QqRfFWxnu5JEyl7j6Lr44decAJMnWxUPQM4MOPM8,Smita Dhatwalia,https://play-lh.googleusercontent.com/-X3aBCk8Jkb0/AAAAAAAAAAI/AAAAAAAADPI/AMZuucn2kqS0daNHZ6mg-e2OhvEa3ex5lg/photo.jpg,Very good game 👍👍👍,5,3,,2020-09-03 03:03:07,,
gp:AOqpTOGRHGNzZHjjm8rVQcunB5Dyy0GuUqV08m5nQQE6yImzLQ5jgm-zruDpb7lk4FOwhsQTmABHbSn99o9uoE8,Anupam Anupamkher,https://play-lh.googleusercontent.com/-uGGHZtjlpu8/AAAAAAAAAAI/AAAAAAAAAAA/AMZuucmfn0PDgMJASz2KCPRkpcznb-YV_g/photo.jpg,Master all of one,5,2,,2020-09-03 02:38:37,,
gp:AOqpTOEDJrUt0mad3qT9llMhtTc2UbcjP0G1iqwSgH6YS8IHjPp8QFuKzXLuLnwFbHRdS7gxKEh6efTGD6tKunU,Francoise Bolo,https://play-lh.googleusercontent.com/-Rnq5kW39rgU/AAAAAAAAAAI/AAAAAAAAAAA/AMZuucltdN4S3fOl2KaN4W27Q5yOQh64cQ/photo.jpg,Do,3,3,,2020-09-02 04:07:08,,
gp:AOqpTOEvy9bfby3sHepxcYeFkfQmYJ3k_dDRVpihmCxGL5I0IvgyU9KRThlAAH8sVDifqmPz5SfSkCLdqXa6XHk,Poojakavya Chauhan,https://play-lh.googleusercontent.com/-SP2rI6IMy5k/AAAAAAAAAAI/AAAAAAAAAAA/AMZuucmTyzF9JQGqZqTjpNYo6jBfAEs8MA/photo.jpg,😴😴😈😈😈,3,3,1.1.7,2020-09-01 23:52:47,,
gp:AOqpTOHGOR5FRfy9BnlgQtIll8wKdSdHS337KOr3KMGxCGuiqURx7ZztlLRBQr5E3kmLEVK1vBZNKz0RUvUpBdc,designer dreamz,https://play-lh.googleusercontent.com/-1oNebmtCZus/AAAAAAAAAAI/AAAAAAAAAAA/AMZuuckhlg_84ycnxgkj4x9SqWwyGUNt6A/photo.jpg,It is a bad game I am just joking it it is a nice game,5,3,,2020-09-01 22:31:09,,
gp:AOqpTOGRg0SPOhResQr2HHxWoTTcPBGtAivME3SalcZ3dzXOtkcWMDN4SycXa3HZx7WQpeVySJ_SSyS-yDBVvgM,Babu J,https://play-lh.googleusercontent.com/a-/AOh14GiZ3xbY8xKuy_OjAIUCI3O9R65zNiou-fsT8K2xzQ,Bestselling app,5,1,,2020-09-01 20:23:45,,
gp:AOqpTOEA2Egz32UiWiCAOvAofmHH1vkwKGfcgV2Frxb7ypISBwzciOpb2nJ4_f-W3EGZXTNALQl8sH1EDRtmMxk,RAHMAN MAULANA,https://play-lh.googleusercontent.com/a-/AOh14Gh7ybiInJcN6yUR0dHO9S6CsWyoAZ98lTXkQ_EyGQ,Karena game peppa pig tidak seru karena ada yang mana tidak ada story,5,1,,2020-09-01 19:18:29,,
gp:AOqpTOHk2DfBcxyuzSHTPFq6oHnWe9jYyh9Yh9s2cgqGgbqQxjXXVzq2BosLoMiRQgYIZ9P4z3zB4pu6FfXHcV0,Julia Zbgheib,https://play-lh.googleusercontent.com/a-/AOh14GhQDk87CEtSdsWDXi0D6X6dhihI2FWUNIFSPuGcRw,My brother shis lovet,5,3,1.1.7,2020-09-01 07:27:56,,
gp:AOqpTOFYYmOAw9UbUXRFc_UUNexJcCrWvhuiGSLB1fNoIC6kMNuVWvO66Ps6JrN_msCeUpypozK1-w1JJRyMWVU,suma G,https://play-lh.googleusercontent.com/a-/AOh14GhS-7x9XfKdclZGEy2eo_XLK3uO59gJxS1A6MjsJA,Worst gamee I have ever seen,1,5,,2020-09-01 05:38:45,,
gp:AOqpTOH-cVz87Vy5uCQUwlSQjtdmo6yLzuW0mVBrFIoTCBqzVMHu6EP4ApP3_g5tQMhR_yAC7PWDXe4tn6E1pH4,Ragavi Ragavu,https://play-lh.googleusercontent.com/-O4aMNRqMibw/AAAAAAAAAAI/AAAAAAAAAAA/AMZuucnDVIeiUHZ8ysho8apfKUomYmagyA/photo.jpg,Super game,5,1,,2020-09-01 00:28:58,,
gp:AOqpTOGl2SDH-pxTt7LULossznOSOGWM7aDCRDrfC8uHmixYcnYVI6JjEhi4Xd1mRrefrncYXS6tXpQWMeqpNXg,Ritu Nagpal,https://play-lh.googleusercontent.com/a-/AOh14GhqE2jWvuy8OKj2_TUayx6vgjXG_jZIaufJ5Z1AuA,Please make a sale on Peppa Pig theme park because I want Play it,5,7,1.1.7,2020-08-31 11:13:27,,
gp:AOqpTOHYAJaFSJjV1fH_VmsrNKHlpgPzQWN9OWxXhLN-KHsQsbZdwPFCX504jPpDoFDQ2JhspfETRdXa4YSimyE,Nagaraj R,https://play-lh.googleusercontent.com/-NIOGDBKV1SE/AAAAAAAAAAI/AAAAAAAAAAA/AMZuucm6y_Gqgp9gSVYOk0pdnwgGvYz40w/photo.jpg,Super,5,2,1.1.7,2020-08-31 09:21:38,,
gp:AOqpTOEUfXC0_ieQdDXmSiCq_dRSY35ARfrA15X5_v8_m92AOM2aQa5AeUNSTSRroiiE2HR7iaX0-craYDgrshI,Asha singh,https://play-lh.googleusercontent.com/-u96vJL7R6ig/AAAAAAAAAAI/AAAAAAAAAAA/AMZuucm-TaYwz8ExvpcNBqhlnQpAQ6Y7gg/photo.jpg,Good for kids ..,5,3,,2020-08-30 22:19:58,,
gp:AOqpTOF62kB_DaWmhofr3uePSS0uT-r5igxcITYVTVxR8S4vRmo2yNSUrH5Uy_AS2R6bYlAOf29c6z3r10me_W0,Jaya jj,https://play-lh.googleusercontent.com/-9W8YY4k0t4k/AAAAAAAAAAI/AAAAAAAAAAA/AMZuucllescEDA10hglWrvDEJobizsXrtA/photo.jpg,It is a nice but it gets kinda boring But it's a good game give it a try,4,132,1.1.7,2020-08-30 21:34:02,,
gp:AOqpTOHpillv5dMwYyjG4c6lVGdi83-wy_IcC9BQDZR0w3xHwYR-Su6WOuNet78aYHIGBzEUas9TNZ5w56qVPlI,Ramy Nabil,https://play-lh.googleusercontent.com/-rz039tKEK4E/AAAAAAAAAAI/AAAAAAAAAAA/AMZuucma-lgxoyZnCqF2YAWyVVgn6twQTg/photo.jpg,Krkr,4,2,1.1.7,2020-08-30 15:00:01,,
gp:AOqpTOEIyxZg5Wz-Lk5iiDi5y3EEIdcot45Yc1pPTXiCpCDdpdbUq4pOvlMQN-5tOBp9U7vk1h04tnL2DqT0gN0,Ishika Khurana,https://play-lh.googleusercontent.com/-S6iKL0azlN8/AAAAAAAAAAI/AAAAAAAAAAA/AMZuuckU8z4Tz7vSYXIIh_sXoWY-gbsJHQ/photo.jpg,👎👎🤔🤔🤔🤔😒😒😒😒😒😒😒😒😒😒😒😒😒😒😒😒☹️☹️☹️🤯🤯🤯🤯🤯🤯🤯🤯🤯 5 games very boring game 🙊🙊🙊,1,3,1.1.7,2020-08-30 12:15:10,,
gp:AOqpTOGF9s0fR54_nMWQiYwOCqP-LV6cZWFTKhMn3dWWbzwucWSFHD5NgqozBwGchFKMPCLq9izOaH0TS6-4Ac8,Priya Mehta,https://play-lh.googleusercontent.com/-rC0gutZZph0/AAAAAAAAAAI/AAAAAAAAAAA/AMZuucl1VfjNAmL-lD2aSjDLW38DIYP_qw/photo.jpg,My 3 Year Old Boy Aayan And He Enjoyed Truly Love This Game. 5 Stars For You,5,10,1.1.7,2020-08-30 10:37:26,,
gp:AOqpTOGb8mZtWatCpx_coRSy_AohLG8JQw21Fx85Nn9bjjWOPuwva75GmnpI5IA60WY1vE-40JRg2n_TBPaiRK4,Puneet Verma,https://play-lh.googleusercontent.com/a-/AOh14GhLtIdMx3kHOlL7xHIV5uCIcvPZl9_LHXgYMT0t8xs,Wow this game is awesome I give this game A++++++++++++ and good thing you gave sale I don't have do delete or do anything and if you did not gave sale I could not played this best game in my life,5,20,1.1.7,2020-08-30 10:36:43,,
gp:AOqpTOFAXm07SMpNjb36APA_hm5y63v8hrpvW-2SjQf2jAXLFORBd34nG556Q-sgpkLw1ODhmeTeML-SEqVQTvA,Mubarak Mubarak,https://play-lh.googleusercontent.com/-elQUqAIqHb8/AAAAAAAAAAI/AAAAAAAAAAA/AMZuucnE5vWC5Szp37E69Dna-HCiCd1rTg/photo.jpg,Opopopopppopopoppipop Jackson's palatalised takedown is an is all risked you palanquin,5,2,1.1.7,2020-08-30 10:12:36,,
gp:AOqpTOGCdRKnHBDZIROaV1ZUkFrSuVyZVafsjuaXcSkmtXM2d2Rof4HPh_LfgEu7lgQTGw8WiabcQrQX5nffRMk,PANKAJ KUMAR,https://play-lh.googleusercontent.com/-0Pz7igVnnVo/AAAAAAAAAAI/AAAAAAAAAAA/AMZuucmKYf8BWtPZQluBd-IOeY2VWGGe8A/photo.jpg,This app is so much good,4,4,,2020-08-30 08:10:28,,
gp:AOqpTOH82YZ5nBWwl82lvCiPHa8zvNnXIQ5KLMD-IqQkYVZh-8u15VzkN0H7CJ9zIdSH_5lR7Uohv9_iCfAayV4,Abby channel,https://play-lh.googleusercontent.com/a-/AOh14Ggc2QaURqJwJVP6p0RnNu3JHyNJ3p0mGZ1WDkyTHA,I realy love this game becouse fun and make fun!!!!!! Omg ty for make thiss game,5,4,,2020-08-30 07:03:01,,
gp:AOqpTOH8Arvh4Hss8kFqrvMbQPNJQgN1HHdzm-rL5ntTcB_byxnAoI65Z-rMSgVXa0tsOeglHfKRa1Yg0zT-MmY,Pinki kumari,https://play-lh.googleusercontent.com/-txOQm57znII/AAAAAAAAAAI/AAAAAAAAAAA/AMZuuckXMUppJevzm48jm6EzcZDyS6V1pw/photo.jpg,Pepppa pig Happy Mrs,5,2,,2020-08-30 07:02:36,,
gp:AOqpTOEHf7l1Unx3W04QMUojtZBECxdWkkLjuXhM_ZiNTEoxV8HEOGr9qljxuz9HcskrnUVcqfdlQ6NrrtdMhxI,Waty Lee,https://play-lh.googleusercontent.com/a-/AOh14Gjm0c0K9DstMb5vAJuUDJ81zoUp4BgJ8rqx_0SJhA,😤😡😡😡😡😡😡😡😤😡😤😡😤😡😡😡😡😡😡😡😡😡,1,3,1.1.7,2020-08-30 06:11:06,,
gp:AOqpTOHhGOur-2VRyDk9j24Cr6PcVKWv-WxhGzkkgmJR8z5Vjd9wt0shxt_7v-tH-6r0PMp0_wMgsU4uq16Y-Vo,vikrant sawarkar,https://play-lh.googleusercontent.com/a-/AOh14GjKTovR6ay8vQ0qSK2YX-h4rWZ52g79-MdCD0wAHA,Like this game 👌,5,3,1.1.7,2020-08-30 05:41:41,,
gp:AOqpTOEyBfdyJNX01fDqx-Cn9L_-UsFiaIXZeEvpIjgdlcQ1XADJqQ9yRvG-z-MC8ScFcl8Pr_kclVvXu4-1ytA,Naman Mandel,https://play-lh.googleusercontent.com/-2mhnNH8xUCo/AAAAAAAAAAI/AAAAAAAAAAA/AMZuucl2KFi9VtyhjoCrpa3hDb44ZFnrtw/photo.jpg,Op,5,1,,2020-08-30 04:37:57,,
gp:AOqpTOGfaXtRfEECwSq9YFshHs0Pki8czDiuzEmWQSo8-J4wDmqhEbiAZLaCIvds5rTzaOXPXkolkzHjNtz-kbs,Jyoti Maurya,https://play-lh.googleusercontent.com/-iHrvDH2J_Ag/AAAAAAAAAAI/AAAAAAAAAAA/AMZuucnQEP8CqUSGIWZI_bd2IU2_5VbQ6w/photo.jpg,Exllent,5,1,,2020-08-30 04:02:38,,
gp:AOqpTOEnOOWJ_K6RZCULxaRsQHxLvo46T9w1vha0feXu7F3uMbjdyDnAEXRQQCktieLoJJxPKosjSHfcZLB1XkU,Siddhant Singh,https://play-lh.googleusercontent.com/-loc0ScLUKX0/AAAAAAAAAAI/AAAAAAAAAAA/AMZuucnoPFLwEsOIkeLYkhjSyUykCSdLOA/photo.jpg,OINK!they made an update to the app to help keep it in tip-top shape for you and your family to enjoy!,5,4,,2020-08-30 04:00:23,,
gp:AOqpTOGijMRZYbZ3yPmWLcC12iz5KKWdhnX0Fg82C3DjaemBGEE8rSLPImni7dvPhHUfac-U9JRETrQMp5yHS4Y,Prem Verma,https://play-lh.googleusercontent.com/-DdsItZEJ2sc/AAAAAAAAAAI/AAAAAAAAAAA/AMZuucmZs-T1RLDzDZnbf6hFBUKnVRhQHw/photo.jpg,AASTHA and ananya,5,1,,2020-08-30 02:55:24,,
gp:AOqpTOHWB6dZZym5t4AlxR0bndc8V8FwXpU_1sck-PXQwgEXhvtL971VtUlas3082EKSbFgfPph7_U9IXPXXpUE,Selia Ayman,https://play-lh.googleusercontent.com/-t-C1N9HHgv8/AAAAAAAAAAI/AAAAAAAAAAA/AMZuuck1kSTUKlNFCyNuWa9lhdoVyLEmQw/photo.jpg,Honsetly i dont like this game cause I also had to delete some of my games too and when l did it IT DID'T EVEN COME. So rude Not funny and not nice it's not cool,2,6,1.1.7,2020-08-30 02:43:55,,
gp:AOqpTOGPrUCTu3UT08yZ5nGkBgrWIrwDHKmYRY6lWGAIMc4L7lIieHsakKIhpij9Hu_Z1LmCf7SFuh-YzGsq4P0,Subhash Kamble,https://play-lh.googleusercontent.com/-mNDw-FSyVJA/AAAAAAAAAAI/AAAAAAAAAAA/AMZuucmUHJ5PIR6yOqndKN_9NGAsXRP8zg/photo.jpg,CD What sapp,5,2,,2020-08-30 02:32:43,,
gp:AOqpTOFNRpY05L8fpEzCmN2c0e1VtFSs47lhC8Pl0MV4slFQK4oWMpr4au3LjmgRs8-UNR7cZ_8W0pv0ihX2E-8,Afrin Biju,https://play-lh.googleusercontent.com/a-/AOh14GiLRQS642G0pIq6jH34lbUiAQACwZ8upAR8x-mZBQ,Peppa pig,5,1,,2020-08-30 02:27:29,,
gp:AOqpTOHXUfuTkwOq4L2UuxVIUhzm2OWgF8anm64yiSjlgiIBgIcMnAVC24IY-v_aHEPK9YMYee8HJ8sguBINPVA,Rheajean Cazzy Langyon,https://play-lh.googleusercontent.com/a-/AOh14Gjp-NDeQ8uoVQ4nZ-qEkssXEQNWnEfpysK2qqPL,Super ganda nyang laroen dahil dyan bibigyan kitang pinaka malakas na malupitang 5 star✨,5,1,,2020-08-30 02:25:42,,
gp:AOqpTOGSX-uYMz7chHzJCl7QQjVvTrVFfLnKGOMhT2VGOAgNsgGmnsbuUGEODEYgNT4WqNV4YjZ9cwSkHru9FbI,Lotus,https://play-lh.googleusercontent.com/a-/AOh14Gi67B2isfhM0NUHz-yyPi_TB_bUMm80Aby6_97-fQ,Ckien,5,1,,2020-08-30 01:57:59,,
gp:AOqpTOGwQG2rngGuteIT7KUSqZivMPca7nOCfkS4OQptrjsxHvCJuOTXBVWr6jKRL6kXOfP-k93FPSDkggsY3ss,The Stars,https://play-lh.googleusercontent.com/a-/AOh14Gir_g9Md2L_kwgeMCw2ByTDrKeXosRPcfVadUstpg,It's a great game by I'm having a problem that is in stickers I won the last sticker but it is showing there is no more stickers. It is not showing that sticker and showing a sticker not even half ! Showing only face of turtle dinosaur. PLEASE FIX THIS !!!!!!!!!!!!!!,1,289,1.1.7,2020-08-30 01:23:31,,
gp:AOqpTOG5h_KacUMYuf7BLgh1yW7FGNOjL-9Thxqe-2ucAhlUuJWIfAU-XuUZGo6HFrka5QIOJUzmj_Ed2zfQkVE,Cong puppygirl Auple,https://play-lh.googleusercontent.com/a-/AOh14GhM1rnGmjY3eEiehTXzTjr7ishKha5t2QVeqGzScg,wait what Zizzy and Peppa pig and Doggy What hours yam? Family Consignee free why,5,4,1.1.7,2020-08-30 00:44:18,,
gp:AOqpTOGRxlNm1BD7mL7hdhGqvH6O80QUQKN_RBBfoqX3wfKmEoTEd2RroEfrfJeghOc_AwpaxBUqt0oZzPDdIx0,Naveen Aggarwal,https://play-lh.googleusercontent.com/a-/AOh14Gj3XmPqOcgVIFH-qlQvkbrlUCFri5_L4EEUZfhYDQ,Aarna Aggarwal,5,1,,2020-08-30 00:41:54,,
gp:AOqpTOG1UsQY8jeu69CAdbYqRpPHmj1zTK9WA05im9XWKyHmVRLR81Gc3ir8vluSfsRSu3rrvAbARyLO9s2F9JA,abdul kaleem,https://play-lh.googleusercontent.com/-AktwlXg4Ze4/AAAAAAAAAAI/AAAAAAAAAAA/AMZuucnmsPJCOiKT-dee8X73E2mIOPvuog/photo.jpg,Very nice,5,1,,2020-08-30 00:18:40,,
gp:AOqpTOEmVmrzcBaGEy6N6N_TZIiJTsYntEvEuoEljNLwQMKZQMxj4rm8y9aqgsHXfcEhwZ6ji7hXXKby0oICYDI,Shreshth Saini,https://play-lh.googleusercontent.com/a-/AOh14GgjNySeIcKhDybycNbJRMF78xFTvCPJsAM3h_ynPg,All apps should be free of cost so that everyone can play. These apps are only for children and aren't so interesting. Then what's the use of money to install it?,1,87,1.1.7,2020-08-29 23:38:44,,
gp:AOqpTOFBbaRWICGgInefWN50pI0E1Z2A7-v5pN7QKkynazjNYQNQm1swuPY9h_rJqBTCY46DCnRMhbdR28mXv5Y,Free Flamingoes,https://play-lh.googleusercontent.com/-ykRnAYj2kQg/AAAAAAAAAAI/AAAAAAAAAAA/AMZuuclrreXmBkjA1jTwqD3y7gbj8ryNSA/photo.jpg,This is a stupid app I just delete my apps and I downloaded it it show I have to delete something this is a rubbish app,1,5,,2020-08-29 23:24:06,,
gp:AOqpTOFWqCpuE41aoFD6syyqtjHIy6wQH3zGqRca6Xi0g6fASbW2PeCDK-xKfVRhcuBNf_QfQGX9LtdiVLqOZbk,Anand Abhishek,https://play-lh.googleusercontent.com/-OontO5Uesso/AAAAAAAAAAI/AAAAAAAAAAA/AMZuucnu035nlqkugXzzZHttKUXbXJrrSw/photo.jpg,🌺🌺🌺🌺🌺🌺🌺🌺🌺🌺🌺🌺🌺🌺,5,1,,2020-08-29 22:24:54,,
gp:AOqpTOGqHtAIqSPLN2fQOHDVssEoLEkx-RaGbAVarIZ1F00d2rLRSZhWcuBuFtLYLciIYjD4UO8qkBoQTevXGHk,Wrishaa Dirghangi,https://play-lh.googleusercontent.com/a-/AOh14Gi2FpM50Ajctt5l-qdTHaf9KRP7FNOMma4CijsQpw,It's an awesome game. I loved it. But only the problem that I faced during downloading this was I had to try for many times I had to delete my favorite app which is Spotify. But overall it is a very nice game. I loved it.,5,239,1.1.7,2020-08-29 22:05:07,,
gp:AOqpTOHzpSARV_W2uU4Vt1tUB6jKzeTrrn_QyD8rRHYcbjSfyNJpWKQhZY_EI-VnTEh1jKCyGoI1TXxBA6mUChY,Razia Rubi,https://play-lh.googleusercontent.com/-Blx3rlagCek/AAAAAAAAAAI/AAAAAAAAAAA/AMZuuclm0E06ndOj4ysZN1bMnxmPDRof9w/photo.jpg,I love this game,3,4,,2020-08-29 21:30:09,,
gp:AOqpTOGr9Sg5vJ09jifw0Gii44e7QOQpHy0wSsMVEhSsmi31s_45-nLqti4BJDsbDvwXI2UfGEQBIqcQqUp1g9k,Senthil Nadhan,https://play-lh.googleusercontent.com/a-/AOh14GhcBkpCkzjRmwUV9vKxCxBeviMs0tzo-IaqCos8,It's so boring game it has only 6 games actually not 6 games only 5 games,1,8,,2020-08-29 21:21:07,,
gp:AOqpTOEbm_9v93pBPtVwTk9ar0KxXIvoB0Vae2xNdoTpa5KJGJfoqAZFPE9FeiL3fxAhIzKqiGkFD0mHx_67f3I,Tushar Pote,https://play-lh.googleusercontent.com/-vaS8FNHDI0A/AAAAAAAAAAI/AAAAAAAAAAA/AMZuucnW2OIJjC9nCPP-9KjVbvm_QzQs0w/photo.jpg,Geoho,1,2,,2020-08-29 21:15:19,,
gp:AOqpTOEvX7_guZ9xnsD7WNznfdb5FyKH6MZ-Y6nMvyEkE1G6vBJL_k3mIRjMunj0tdfizPyOOf2LjDpRCaz71LY,Saratu Tanko-Yusuf,https://play-lh.googleusercontent.com/-8o450QZ_MC8/AAAAAAAAAAI/AAAAAAAAAAA/AMZuuckZhWsFY0nvfs7f7XLhF6FCAqeE5Q/photo.jpg,😁😁😁😁😁😁😁😁😁😁😁😁😁😁😁😁,5,1,,2020-08-29 09:53:35,,
gp:AOqpTOGqZKQGq9XVfPfjv-mvS5z_WkxTWv82exaJxsWC2fYYZ7hoErSj3SLVsA0U7Se3338_k_Mc79IW9wcJJaU,Gopinathan Nair,https://play-lh.googleusercontent.com/-XxjfLGqMRV0/AAAAAAAAAAI/AAAAAAAAAAA/AMZuuckW4IZqFCfgu3-pr3ieIyR7O6AMIg/photo.jpg,I love this game but I don't like this sticker so I gave 4 stars❤️☺️,4,4,1.1.7,2020-08-29 09:43:47,,
gp:AOqpTOEf48G8xUkeEihC3teYFBaU3UX7fyRQQIyJa5iTBWY9BaB0VtbCQ7TYzayW2HDorQZKx1ZHF5qb_OkiTIU,Monkey Oh I'm sorry,https://play-lh.googleusercontent.com/-1h2ghgB_Hpk/AAAAAAAAAAI/AAAAAAAAAAA/AMZuucmw_HZgvmUvSSI02CPxLh740f2OOQ/photo.jpg,The game is good and nice,5,4,,2020-08-29 09:40:44,,
gp:AOqpTOHDldFyn3CUxCz8Fl5r6iZ0cPQiedYXrMJbSutVOk_N2Mu7JwSzzXXlV3fcFKIYPJRa8NoEJOBgmjO3_Vs,Rani Sinha,https://play-lh.googleusercontent.com/-qKVjM2Oi3gc/AAAAAAAAAAI/AAAAAAAAAAA/AMZuucmN9Y2wYYVIWI3lBJW-85RiaPerwA/photo.jpg,Nice Game,5,1,,2020-08-29 08:18:39,,
gp:AOqpTOF1NBhmTm8gSocEKLJqGzCH5p-OvN9g0KMvPBh_RLOl4nvP_Osbm03M5ufZa9AikGh5PCYi7IA4R6mCcoQ,Yurij Bayudan,https://play-lh.googleusercontent.com/a-/AOh14Gj7iBDqTQiZstJ2ongSlZROWrFO_mBvnv3Qbx_CzQ,Actually i like peppa pig very much.,5,4,,2020-08-29 07:27:26,,
gp:AOqpTOHKifl8JOVsgPiINk47aSYJXnZ2VwrAlXVchrDzuhcpIeP7j9-DygTYbKBb99R0cSJNS2im1PoXTVjCaWc,Aishwarya Shinde,https://play-lh.googleusercontent.com/a-/AOh14GimwXY8Fv0jrBGHJhq9sj7JAVO0cwUhx260CCEM,This game is cool,5,3,,2020-08-29 06:52:39,,
gp:AOqpTOFQiwqhp4ZaBpn9xmOH5lVZ15ZaDJ0Mp35k_1242Elg8RkgAJpyero58XF7-Wxn-mWrprpV1atfvzYhqhQ,Ace Estrada,https://play-lh.googleusercontent.com/a-/AOh14Gips4cQWGAZlwoUZzFwMYL2BbrMlNPpfYw_j4vI,wow,5,1,,2020-08-29 06:48:19,,
gp:AOqpTOEt0pCMXhrBt_JV3__rw8uLBrAFBIguW_IC9PRJdCY3Bq4qNgNaiDtBgSPf49cKxOOT4O1adHSc1SC7_Fk,Heena Parveen,https://play-lh.googleusercontent.com/-h80fBjg89EU/AAAAAAAAAAI/AAAAAAAAAAA/AMZuucnA9TxEv8l551Kx2ssg5tn5m0gRvQ/photo.jpg,Is good game my name is Arbiya,5,4,,2020-08-29 06:16:00,,
gp:AOqpTOEvYkB2T3eBNTqrAhGkw7WMWQK6EuNc8KAjgb51ZeMfDm5w2EhtlAhrkldMyCrN-hT8o5oYIjq7RF45T0c,Guajarati bajan,https://play-lh.googleusercontent.com/a-/AOh14GjIcbb8GrvS49fgped5OziRj_UCpDZQ_vXG1bSH,Baet,5,1,,2020-08-28 21:46:07,,
gp:AOqpTOFtEJroNuZAVlPdum2XPCQ_RFL3kAYStgeZLwZqJWqtC-NII7YhKvqu_geBQq-Bhm9ocj5ugoPmMstOviA,Girik Babbar,https://play-lh.googleusercontent.com/--2cc6yw1VgA/AAAAAAAAAAI/AAAAAAAAAAA/AMZuuckc68909yQa9FA5AAB6BeRjTDJddg/photo.jpg,great andand good,5,3,,2020-08-28 21:04:24,,
gp:AOqpTOF-JvOdM016l0eOuHZ3gyx0AoMcBS6O5CUj12ErPf07md7rZ3BiPYZOlMi-WzVBABuVERJ367365OTv83U,missie Ramos,https://play-lh.googleusercontent.com/a-/AOh14GhXmYGz4rTtaNfJxWXnTQus1yGJyXtyV8vnE4h4fFM,wow now,5,2,1.1.7,2020-08-28 19:44:17,,
gp:AOqpTOHeIbPP8M-aRB2NS-DhDEaKNXCP4ukL7leuMSsuaYt1A_J3X4HHkGm_841DjAjEqQngkRnpNK1SMoxOeBM,Shankar Surpam,https://play-lh.googleusercontent.com/-ltVuQ8fDo6E/AAAAAAAAAAI/AAAAAAAAAAA/AMZuuckWO8v4LCM0QlmVGzkmtp5Fjy9Rfw/photo.jpg,Purvi surpam ☺😀😁😉😮 ☺😊😇😀😂😉 ☺😕😡😡😤😬😢😧,2,1,,2020-08-28 09:26:42,,
gp:AOqpTOGjZeq5lcIOQC6MmrhQvdzv39pxAaMYNnPAkAXAjbdtFE2perjgJNsdwen9z4gm1eyqyWraWc4ORo8dEqI,Pramod mallick,https://play-lh.googleusercontent.com/a-/AOh14GijpnCyCWEEWk4oEEwgv-XCM8OBELtzxb3OkBvm,🐒🐒🐒🐒🐂🐂🐂🐂🐂🐷🐷🐷🐽🐽🐽🐛🐛🐛🦎🦎🦎🐞🐞🐞🍼🍼🍼🍼,5,5,,2020-08-28 02:29:51,,
gp:AOqpTOE7SVW7uxzaFBqh2OBjyp9eqDsiUGr4cmSSMzykHYYLpwGJZhfWGlR0BGX4nNV9L6b2LVXuREEkapWUMpk,Kanishka sharma *41*,https://play-lh.googleusercontent.com/a-/AOh14Gg4MO8lTdiQ33Mcfi6PT_tqUQCMf42NbChRLhZRAg,What can I say for this game this game is marvelous I can rate this game 1000 but there are only five stars,5,8,,2020-08-28 01:55:57,,
gp:AOqpTOEYVoZzqpKVOeuk8b1R8ZOvnAbNQMnAVDytFW4r_9S21WT1ZC8cP1WYbdWYpgK3EBPrydkIXihthHd8IvM,Jyotsna Devi,https://play-lh.googleusercontent.com/-whw4AfrsnoM/AAAAAAAAAAI/AAAAAAAAAAA/AMZuuckzaawymSnAqjucSBia6ieH_qpp9g/photo.jpg,👌🏿👌🏿👌🏿👌🏿👌🏿👌🏿👌🏿👌🏿👌🏿👌🏿👌🏿,5,1,,2020-08-27 21:39:11,,
gp:AOqpTOHmcS3lbUbyXEFn-4K2_riOEzGhZxUR9JlImSprVL6kCzICEPht8Krm5eJ9-E0xbvpIv0DZs9kvf9LBMqM,Ravi Singh,https://play-lh.googleusercontent.com/-AK_Y6nJaeIM/AAAAAAAAAAI/AAAAAAAAAAA/AMZuucmvFDf8fHe2Qjbj4_omT_vDhiHdwQ/photo.jpg,I love this game,5,7,1.1.7,2020-08-27 21:23:07,,
gp:AOqpTOF7sPPNWStzHvdU3bs9OCADzQk2dK4c5lNq9-ixycRckuvBe3qbt9zQ9k5i0q1wXliEKnYiJu0Dci3qdjA,Sujan Shakya,https://play-lh.googleusercontent.com/-iKW2NClO40k/AAAAAAAAAAI/AAAAAAAAAAA/AMZuuckVRCUmhZi6cXEb3lIyl2wiScSYsg/photo.jpg,Good game just boaring in VidMate But unformytly i do not like ice cream but i use to buy this apps But school haha!!only clear this fun just now!!!,3,8,,2020-08-27 20:35:04,,
gp:AOqpTOFuepY9lmRUBB0F2y_3JU8tYlQvtOTC0KoBYYMGLKEC_MggR2ZVjgqAWeOjNEd1wcHmuBLO4_u7PEHtlqs,Nancy Mohapatra,https://play-lh.googleusercontent.com/a-/AOh14GggSYoziopJsch-teJNAenXVs2Dn0k1F4GVvQrK,👍👍👍👍,5,2,1.1.7,2020-08-27 20:14:45,,
gp:AOqpTOGkj61UTB9Y0XmCZNeasRUMfj0ugdlmAojDiHeJRQZYOfzd_h-Nq1Yne7pYZJsOnbEt6-AKO-rfEBJLG2U,Loa Jasmine Kok,https://play-lh.googleusercontent.com/-uxKk6i6IrdY/AAAAAAAAAAI/AAAAAAAAAAA/AMZuucljUMkWAG6qkFHAwCA4iqXtiHrwVw/photo.jpg,"there is no world of peppa pig in indonesia,i want to install? 😔",4,7,1.1.7,2020-08-27 19:54:42,,
gp:AOqpTOHyXq5-s4ea9NVwfJ6ZcBgqLCl2wWFQDc6aNaxRv8arkuKfE23qoA8c_YVKcIJMKm3zXwy-Dn3E8QuS4L8,Hyder Anthoora valappil,https://play-lh.googleusercontent.com/a-/AOh14GjNNkwavi5ZzKyU2NQgIv2fkYXnmuFqQdIu047RHw,I love this game,5,3,,2020-08-27 10:48:38,,
gp:AOqpTOGZeS-S55LWc5HBNNCD0xqjhgxIw7uKUEFhHPEGXOPXU6sKA3Nt3LPPANGRMeBHXsCxiigncFCOk0Wggdk,Bhushan Ambilwade,https://play-lh.googleusercontent.com/a-/AOh14GjLm57ns21KJLIYP9Tx7SJx5bzDcNDJk9jj2Ofq,It's sucks,1,7,1.1.7,2020-08-27 09:53:17,,
gp:AOqpTOFUc2U-iFO8eDZuT_bxUTQS0TrjeLsryS8pXqQO0V_mrESQ1YMSko2J_ao5ahlVcQ8HgOgKmn_KVhaAxAg,Adnan Tariq,https://play-lh.googleusercontent.com/-yBhRADOq2ZU/AAAAAAAAAAI/AAAAAAAAAAA/AMZuucn8fALiBogb3gAWL7J4cCMUEqBPnQ/photo.jpg,😙😙😙😙😙😙😙😙😙,5,1,,2020-08-27 08:59:25,,
gp:AOqpTOEPHcNRiWT8V0RXTtiNu2jAuIMwcyeG92fEDK_Y77O1MFHw6UsYFfZeV2NK9tQggPj0Rh-w1Ntnq3EVrhU,sparshis' world,https://play-lh.googleusercontent.com/a-/AOh14GgoEPwNTKj6fujfXIZlvJp5wCize26DO2fKaDUJGQ,Good👍👍,5,1,,2020-08-27 08:56:59,,
gp:AOqpTOFZUmK1CkQL9n9c3aGlW6-H6Tg8xp-4yi3AsYqpi58wp8PM4CjVGVM59h5DTiNUbQhYDhoTfPZT187CIaw,Honey Vidal,https://play-lh.googleusercontent.com/-mH6HZ03C9B4/AAAAAAAAAAI/AAAAAAAAAAA/AMZuuclLX5GtaH8vWmV-mcBnPxEFzm6lVA/photo.jpg,☺☺☺☺☺,5,1,,2020-08-27 08:43:33,,
gp:AOqpTOGLKv8SgeIKRsLVX9SrB4sYv2u_cIPN17J-xNuJtaxStjDUbjWXijXgDSmCQ9bCPVn0oIzbqUjzYf-mImA,sunil kumar singh,https://play-lh.googleusercontent.com/-phWbq5l3sbU/AAAAAAAAAAI/AAAAAAAAAAA/AMZuuckps-lvjzkaarjucdftiuPiGBn-_A/photo.jpg,Rate ..n,1,2,,2020-08-27 08:24:16,,
gp:AOqpTOFPPKY8kl1A8kZ62sGs7LtQ3nrd7Ro4O4Y_t8cJ761j1AmHZeH-NNBOobpOJOeiVAjhFQmPegQSt_98YMY,neha pichhode,https://play-lh.googleusercontent.com/-Uzfnr63rcmc/AAAAAAAAAAI/AAAAAAAAAAA/AMZuucmdTTBpOaA8V34FlGNbG-IYKANcXA/photo.jpg,Vjb,1,2,,2020-08-27 08:07:59,,
gp:AOqpTOGm799TzVDpEzMQUnnibKhfh_M8Kktgex3OIMCSs8_99rGHlDWwJzpDfwN4oiXgiypbcSFzOk3xqLX7t7o,jitendra kumar,https://play-lh.googleusercontent.com/a-/AOh14GgzKiULiEtBLjs7oHCoIU_NB8cc-GcdD7b3yDAG0A,Soooooooooo.... Bad,1,3,,2020-08-27 08:07:28,,
gp:AOqpTOEdw0iDei3QyqZ0HHlSLET8mUUK07w271rFLNdB6GfYd9xP7T-vBBnDMDHgv3YDGn9J3EGyvh7lUFPV4tc,Veerababu Nalla,https://play-lh.googleusercontent.com/a-/AOh14GjtlT490HW1HMKuI7tolTGfQ3B_o_21LlEJ4WCr,Ug,5,2,1.1.7,2020-08-27 08:04:26,,
gp:AOqpTOHYwJCRNabNfFt39lNpxs9-sKTJyuKmKVKiIRM_9oov8YeGqUrBFph0xctifJgiTFSJ9yBJAESCmGV4FBQ,Tomcy Vipin,https://play-lh.googleusercontent.com/a-/AOh14GjUk-vzSl0F5A7QPAnWZDzpnMufwVJ2LXmv-ao9Tg,Best game ever 👍👍🙂🙂,5,8,1.1.7,2020-08-27 07:09:19,,
gp:AOqpTOFaIfkXGMNhGYwRZMIi5IZ1QLsKeDTXoV2Fli7FgVbjOPKmAT-vV4Bp_hynzUYPKZyr_DwDj4LLXTiCJ80,a ru Tayde,https://play-lh.googleusercontent.com/a-/AOh14GjxLIcBDjYMZ30YXHTL7WAezVbhG7Q9VUrsv6MIWss,Free game l love it,5,6,,2020-08-27 06:20:43,,
gp:AOqpTOGWpeUbmp4n2PiGEMBboCoPLCVKSMzW5kioNRaGbhJoc_itjRKVj9X6AMQ1gPRvrDYY2qCJ_qwIPCyRxkk,Naresh Bhau,https://play-lh.googleusercontent.com/-0xLTG2rR0oQ/AAAAAAAAAAI/AAAAAAAAAAA/AMZuuckKTXv-kk6PN_f06Ieq-dX76Pp70Q/photo.jpg,I like this game because this is my favourite cartoon,5,8,,2020-08-27 06:06:56,,
gp:AOqpTOEsZ1d70vBX8uNm9frP13U2GV7cDeYg1mmZDllO9OBiuI5nmvkp88Pl-OXUZr2UbmGdKHGKayXx5dAIdxU,Gurdeep Kaur,https://play-lh.googleusercontent.com/a-/AOh14Gg6yuoxCcO4TXFftVXV9Cl0iiSKx0w5Vjm1X_Rd,Peppapighappymrs...,5,2,1.1.7,2020-08-27 05:31:36,,
gp:AOqpTOGWXHUmWHzOJHrHK8i4DORgVO583aXiQEWe1YITyNWIan4yn1fD5i6eSOpsFQL56LDN6RO0JWSogpOTays,TECH WiTH Hafi,https://play-lh.googleusercontent.com/a-/AOh14Ggoe1ZqmwlSilu744URd4lE42KzJpC1rKQnS2pv,Super,5,1,,2020-08-27 05:13:14,,
gp:AOqpTOHiKHbfnmr4oZ0dUIvjTlggxpGp7QeWBzHWSotFH26_S3ydS4-6Av6Lu27VRDJ_HuYRrqvAbnXhfK_oNtU,Maher Naseem Akhtar,https://play-lh.googleusercontent.com/-1nBd3a4_wc4/AAAAAAAAAAI/AAAAAAAAAAA/AMZuuckIYphTemJGqWeSB-3z97p-S6oIdA/photo.jpg,Nice,5,1,,2020-08-27 04:16:27,,
gp:AOqpTOHL1bQ9SLaLvzN0wH4WQCoYHWx2lnUdgLQZhYBYpZWhDkSJC8cTBGyUzH2yca7Eb8HIFN0TI2Z1N1y26Tk,Lucky Randhawa,https://play-lh.googleusercontent.com/-ZKJc7Cs4a_w/AAAAAAAAAAI/AAAAAAAAAAA/AMZuucmepjFvGCE-aIkUgAKPWcm3jnPgwQ/photo.jpg,I liked this game 😘😘😘😘,5,4,,2020-08-27 02:43:21,,
gp:AOqpTOHG74TQaG5zbVeREATfz77e5CZeVtqQqk9CeDORO84AGvpWkSgVO1tQI54LAdSJb10zQ6lONP149KThC_E,Sourav Pradhan,https://play-lh.googleusercontent.com/-0LxLxgVQy6g/AAAAAAAAAAI/AAAAAAAAAAA/AMZuucm3119DS58klII-VFXdfHRr78gwcw/photo.jpg,Hi Sourav Kumar Pradhan,5,1,,2020-08-27 02:37:58,,
gp:AOqpTOFN6KxsWqC5wral0Hulm1Lc4hvR2NkI9bYDneWbeYMA7IBfhdWqN72Pkgo93wq5vDNIK2-rEP60TiuVaIc,UK SINGH,https://play-lh.googleusercontent.com/-CK0YljsUH1I/AAAAAAAAAAI/AAAAAAAAAAA/AMZuucm92uXF1-1S3Qjvukv6RLU_9ixU3w/photo.jpg,COOI👌👌👌👌👌👌👌😊😊😊😊😊💖💖💖💖💖💖,5,3,,2020-08-27 02:12:40,,
gp:AOqpTOEtKEp2iAHYhMCFvsKrqBfp_Pcd2zEegkzDO7rrRPb4OuIHepFkuxNSZRGsehq3I9U--eGLsTRrxyHlh5g,Shiv Singh,https://play-lh.googleusercontent.com/-koYsQ1isPS0/AAAAAAAAAAI/AAAAAAAAAAA/AMZuucmUbpkNsfMCGhS7iJmwoOJ1lHEqOA/photo.jpg,abhinav singh,5,1,,2020-08-27 01:21:17,,
gp:AOqpTOEa5pxRKV2fpgLwlbsqahm5JvA73BP-3udvkWYrpocBv6-s676zLDUhWaLzmSvWpSkIhVtyUy1a-2RaR9M,subhankar sarkar,https://play-lh.googleusercontent.com/-nwGt1sQ_LCg/AAAAAAAAAAI/AAAAAAAAAAA/AMZuucm72bYrIJQg8mQ0KuK1zNcJRAsN9w/photo.jpg,"Please, infinity please make all peppa pig games free because these games are edcucational and my infinity favourite games and also bring peppa pig shopping too , I infinity beg you .I love these game too much infinity , althrough I am anushka sarkar I am a child about 9 years old .😍😍😍😍😍😍😍😍😍😍😍😍😍😍 I love these",5,2,,2020-08-26 23:41:38,,
gp:AOqpTOG0ugCyA3kSP8U0sirRn4Jy59QVtB7hJ_-TdkV_maya7mFkIQaxO0gmPoPiocf9L0KdMMDV-OPaI8VKchU,AARUSH GOSWAMI,https://play-lh.googleusercontent.com/a-/AOh14GjBZ5Zga9zxCT8GZIKrURjUzDZ3TE_Bel0-43Nncw,Please make party time and sports day,5,5,,2020-08-26 20:06:08,,
gp:AOqpTOF5N9zoYZTseDIO6P_Af9it2Mj8whW3mJ4kcQ1205Q41NiGEvIc2A512-oHLVGDX1Uh4w_NRU8q1iELWQE,akshith sai,https://play-lh.googleusercontent.com/a-/AOh14GjTlXxt0V-Y5qHSt9J1ZHhFguhJanPyDW4ruZkd,5 stars,5,2,1.1.7,2020-08-26 09:56:16,,
gp:AOqpTOFKzmIwrfmfeiWWAB-8wowqDglUOrFzCcnU01ulN9r0NBqny868J7OhsMDWa1a7qCZwVx4ZRc8KPvLurjE,Alyssa Kim,https://play-lh.googleusercontent.com/a-/AOh14GgLRHX9-nMOQKtDhupbe_v2GgB8SMtF6-cYmDrx,gameplayoptional,5,0,,2020-08-26 07:36:55,,
gp:AOqpTOEGTRStCDp0x4eYnYFHvdCdKwsv0YObjWS12VTdUXNwTD7ChmrCN2RGyar7KXnKyIm5K37z1YxZzb02cTI,Lathasuresh Begar,https://play-lh.googleusercontent.com/-4CyGSiErCEU/AAAAAAAAAAI/AAAAAAAAAAA/AMZuucl1NQQAA1gcq97lI84G3g1npiAl_Q/photo.jpg,I love the cartoon Peppa pig and I was searching for the game of peppa pig. Now I am feeling that this game is perfect and now it is my favorite game,5,313,1.1.7,2020-08-26 06:25:19,,
gp:AOqpTOFM5r5E0hSUfpa_MMiXA7G79Uy1W2X_K-A1szOAT41p7gLPoWZTMWbwRqZhqg4Li1oCmbj7WPBHcxQ6jOE,Jenitha Mary,https://play-lh.googleusercontent.com/-nN-5MHkIyLc/AAAAAAAAAAI/AAAAAAAAAAA/AMZuucnPO_vG6k1EeMSmXl41L9YMKk9ZZQ/photo.jpg,Love it.,5,1,,2020-08-26 01:11:40,,
gp:AOqpTOFp19bCkD_RygS2suekbnl5kAxwbMPEqi-BT2wXj3sJcSG_glUUqOX6hvU2p_zmbIPhpMMvxzi3yteIrvA,Heera Bora,https://play-lh.googleusercontent.com/a-/AOh14GgwGmCC3iAmpEwX3rBYKhklbbLjgG-kJHQq4YDE,I love it,5,1,,2020-08-24 21:09:13,,
gp:AOqpTOEL_IXwqV2HtdU8Pw-4TBKLJSr8e50-cPKw9xz0Z5Da8KNYiBRKOJf1e9ouci28Q3_C3szV7ln9Csprlv8,leah jaramillo,https://play-lh.googleusercontent.com/-g-kM0Ppdjp0/AAAAAAAAAAI/AAAAAAAAAAA/AMZuuclNUmDmfIs0nsb9zI-MzZqCR8KdsQ/photo.jpg,you found the real game Peppa pig and mummy pig play,5,9,1.1.7,2020-08-24 19:56:21,,
gp:AOqpTOGhyhfWQpjQA88UEVZxxtd82z5JdMAy8XNlr8pMe-MThUpur7SrAFElTiqtpfG0Cz5OH0yKhmT2dsUEgxQ,Estrellita Abaya,https://play-lh.googleusercontent.com/a-/AOh14GhqCj6KJ1NpdxNSeU0TJZfPS0eveZS2el49IhkO,Oink!,5,2,1.1.7,2020-08-24 17:37:56,,
gp:AOqpTOEuLThMKYJDKVPYhQ0T1V9RZ1hyXOcGH4j3wGn3YY2h-99fo6GfwFGtfMiVQgU8JBz-Q_MYs_3g7OaIIWc,Shreyan Dhar,https://play-lh.googleusercontent.com/-Y2B_P4btu9E/AAAAAAAAAAI/AAAAAAAAAAA/AMZuucmGhV6W6Cxt12EttnSb5gYcWozmbw/photo.jpg,Hahahahahahaha when the all peppa pig games are in sail and it can free download,5,5,,2020-08-24 03:18:20,,
gp:AOqpTOGdh9PfDPdb-Pyrzxeyp3TJbBQQeVoT3oMvwVHMEpkbtSPY9IYG4eLQnoPLz4kGJsLQVstU6mTtaw3iCKk,Maksud Bhai,https://play-lh.googleusercontent.com/-aN-uIhhYkb0/AAAAAAAAAAI/AAAAAAAAAAA/AMZuucldx_1e0sg8De7lel52NDUB_3PYyg/photo.jpg,Wow,5,0,,2020-08-24 01:36:49,,
gp:AOqpTOEDthoEDJGxopyn-EeLuyDoFCbUdpKUQd2GJNbzAyBAx2n19I3IE4qz9WjgSc2G6MhgNFQ-ubhalBEhxm0,Shil Chaturvedi,https://play-lh.googleusercontent.com/-MwKAQXHNSRs/AAAAAAAAAAI/AAAAAAAAAAA/AMZuuck4eZzxZIY2leL-GYKHvwz8kDfEng/photo.jpg,Please make it free i want to play it,3,3,,2020-08-23 23:02:39,,
gp:AOqpTOFks0hRTfkUCds1IpwSheYe2__2TN7-0jdAiGymRQbHRQKrAq7SojcXLaBfxkRxFBZP8m_nResD3XUAFaY,Rony Binu,https://play-lh.googleusercontent.com/a-/AOh14Gg-baQvJyDsOKEB09LjtfLTXTi9L3NyYcotcnQE,Very good for kids,5,2,,2020-08-23 22:45:24,,
gp:AOqpTOGGUxcySdOTnkn1uO1_18bw_rIseuK_kT2OFUCklDTtuZUU3169SQUBTCJtt7-vMJb3ApSSrMueO1_Y6l8,Adari Sai,https://play-lh.googleusercontent.com/a-/AOh14GiEpK2JsLGdAE1xm6k8sTFfz4e6GNrQmIxBw2QA,Dttehi app,5,1,,2020-08-23 22:20:20,,
gp:AOqpTOHcACxOwo1nZEXb7htbPZn9TxslCw8pn5GakcHkawFH8BopowL3BuEGNMG58LgWgwmLHbu-stlQwIezvx0,Pratiksha Mukadam,https://play-lh.googleusercontent.com/a-/AOh14GipXsEqV1iK3FQNAcbTv9gK8kSA7m-kTI7BET4NiA,This game is awesome 👍,5,1,,2020-08-23 21:31:41,,
gp:AOqpTOGpSd1f4FpVgmKOA09IjGOiORVqPt1RvcOwzFxplsdeAOMFB5yPAj1T0OOJBggdjPC-IzBBdyJG0rdKVnQ,mithilesh kumar,https://play-lh.googleusercontent.com/a-/AOh14GjLPyRNPuNsZaDGhsiuhg4xCxiu19BhATz3BAVC-A,Excellient game,5,3,1.1.7,2020-08-23 21:20:04,,
gp:AOqpTOFm3qDsrFsx90TJrT9BddXQMZGNiXQjfHIjtqojBsURvMQFPX_eH8dyz9T8HS58Dkrd1LgudvnYK60fSJY,radhe shyam,https://play-lh.googleusercontent.com/--SiJjHr908k/AAAAAAAAAAI/AAAAAAAAAAA/AMZuucmWAQqcixk4fuo2De16ZuYSRPHvRg/photo.jpg,🤩😍🤩😍🤩😍,2,1,,2020-08-23 19:17:32,,
gp:AOqpTOGmH5CmatPbzxs1Zm6JmkJxNkGJfzPVQlzEJvD-MCLxG6Gx-r8jC0mnTyyuEn_0YB1sUcrGcJ92Y-KZJVU,Jason Fieldhouse,https://play-lh.googleusercontent.com/-ucrOIfE81hE/AAAAAAAAAAI/AAAAAAAAAAA/AMZuucnX4JUR_sDQc6b-Zv8bKSIl96M0oA/photo.jpg,I hate this game Peppa Pig this is the only game that I hate from this Peppa Pig it's really bad I've got one star because it's so stupid I hate it I really f****** hate it it's really the one guys never download them,1,9,,2020-08-23 18:02:07,,
gp:AOqpTOGhbf5rxw5Irdyr9U4ZJghbYgO4rFbxu7FbCfjPmCaUL4vEs6uMoCr8UECQI2H6Fb78eIiZnmxWtDN2i6w,Bhawna Jain,https://play-lh.googleusercontent.com/-UIulMFYK9-Y/AAAAAAAAAAI/AAAAAAAAAAA/AMZuucnrf9E8dXZJ-Pz1HwysNv4eVNa3sA/photo.jpg,I hade purchased this application for my kid but my kid always say there are ads in this game please improve the application........,5,31,,2020-08-23 02:31:12,,
gp:AOqpTOGAG1hwhJ-UASva3OKKsbCTZhs2LvHGdT53_F101QZbIEAjWu3TGhQG3qhxj6emFmC6v8dCCd3QQxPLeEI,winsome mccarthy,https://play-lh.googleusercontent.com/-rabMS8ej2Gg/AAAAAAAAAAI/AAAAAAAAAAA/AMZuucniBJPmSq_KzxmLAjNBvIBZLzbSUA/photo.jpg,It is based on Peppa and George's favorite computer game of the same name.,5,12,1.1.7,2020-08-11 07:31:45,,
gp:AOqpTOEC_HpwBbFsl1z9_ifMslZ4bDupOldNz-ZkXt7w7zoq2hmb6EiGGMO0Uw_sXPFHPHoELQzZrwQVpBJSvYM,Gaya Stoyanova,https://play-lh.googleusercontent.com/-VcqnDkv72Ho/AAAAAAAAAAI/AAAAAAAAAAA/AMZuuckJPtRQIw_BOalAKNTAutI9m8Q2ew/photo.jpg,Peppa Pig Happy Mr.s Chicken,5,4,,2020-08-05 23:58:38,,
gp:AOqpTOE2C0AR5LleQxqUnIT_oWV4_hj9c5QEugDha5aIrRlKgJzpMwUA5Uy66whdgTRQ7xUDGHs0l0mbUjf7nX8,yellow Roses,https://play-lh.googleusercontent.com/a-/AOh14GibU4Xq9i2MIqlSrbOP24-q0Acsd01kyf_c-QAA,💗💗💗💗💗💗💗💗💗💗💗💗💗💗💗💗💗💗💗💗💗💗💗💗💗,5,4,1.1.5,2020-07-10 00:42:21,,
gp:AOqpTOE8Prbv4tehHsgBhIEuKBN1RbbLCvmXJAdSMxfpnXgnYX8lYr5Cmdlbs6Azq9Te2X-3lnRemCiY216ZG3s,Amose Pulla,https://play-lh.googleusercontent.com/a-/AOh14GgHlHZimtF5pijPliInB7ioNzTSpPXIPF7agp83fQ,Great,5,4,1.1.5,2020-07-08 22:15:37,,
gp:AOqpTOFxmQfk61dKjzsV4BecJ9_Ojmf4ssyVIT6kq_L1H_RYXZQRSMSUcHU9bypmguH6-y-yY9LyahkiOY3q8lI,Mayuri karanam,https://play-lh.googleusercontent.com/-pftfUCHw02c/AAAAAAAAAAI/AAAAAAAAAAA/AMZuucncNGkYVzvqi9oVTib1HeHl7IDgEg/photo.jpg,Not nice ☹️ at all I hate it 😡,1,3,,2020-07-06 22:03:42,,
gp:AOqpTOFrJR2C7p4Itk1T9cqZRPVE6ReL2UTERgbx-5Q-AYhJJywunLtbjy-M7BTvWDaH_bOZbVdBcpKjbIf17DU,Jett Ebert,https://play-lh.googleusercontent.com/-EVT4QHylK30/AAAAAAAAAAI/AAAAAAAAAAA/AMZuucketINKt4Loj-WBUDjdpuM6gLJYAQ/photo.jpg,Awesome for speedruns,5,13,,2020-07-06 11:55:23,,
gp:AOqpTOE2LwgNymErJWAnR9zkdfHt45cY51X1FwsFTlmN_dvgiNwS04hkFKwQ8bVAuagpG34Y-qvX_0wNbfAqp54,Zak GR,https://play-lh.googleusercontent.com/-L1acCgHOPkM/AAAAAAAAAAI/AAAAAAAAAAA/AMZuuckUy5kbiQjZoantMf2tEvtvIHsHNw/photo.jpg,Awseme,5,4,1.1.5,2020-06-30 23:34:58,,
gp:AOqpTOEN3k6dGZcKRdWg20MbVgAfSmLJcYdQkZU0g0t6MxvtBmBvf174OLQxhkn5xHRHdo2MqcuvwHedz4hg-aY,SkyeSai,https://play-lh.googleusercontent.com/a-/AOh14GhI5JIBfTkp0v-vlJ6H2K3jHbbMD2xTONEbUJsr8A,This game cured my homosexuality.,5,10,1.1.5,2020-06-28 20:17:15,,
gp:AOqpTOHJI-g4Rn-a8NQbMQAM-9c_LxHBd-9iZiFJv-abbsbzs2j6CFFROk5nx0Xgp3RtBqmlVGA-3pFAQaxnsb0,Anna Molenda,https://play-lh.googleusercontent.com/-Tt1j8eYFYmI/AAAAAAAAAAI/AAAAAAAAAAA/AMZuucljGiZrtCVTKUPvCj6AkFmilyWk7A/photo.jpg,Nadeem,1,2,,2020-06-27 06:42:43,,
gp:AOqpTOHz2DuiNh2qEMAsxgpyshDkgknUAiWVUBPWPvyr4ipmFDRUhO8Ru0bjOyquL1wJmvbncG9jdxLiBE1b4y0,Rukmani Prajapat,https://play-lh.googleusercontent.com/a-/AOh14Gi0GMvd2at27dvDM-AUtsHN0b9Rj2rbx2ews1VY8A,it is very good game,1,6,1.1.5,2020-06-25 21:47:28,,
gp:AOqpTOHsuI3WxAwJHOv_vDn9U01tEdOh_Dm-YXljzLiwPP_8FLBqVxH9KGDEf_gbiWVFuVILVDJlkKV0i3BtiBI,bhawani jha,https://play-lh.googleusercontent.com/-kHSIviKDlFo/AAAAAAAAAAI/AAAAAAAAAAA/AMZuucns8rMId4UX4wNNYntJH2B8jkSoOA/photo.jpg,please give all peppa free or give peppa holiday game free please give please give the Peppa pig holiday because I could not like you because you are not doing very good,2,9,1.1.5,2020-06-25 05:53:35,,
gp:AOqpTOGXWL5qmf_dgyjjyFI78E4MWHVSXMHwGN94Ep1mc2zEKC_c2-p3eGRelQxKdmoGztgQ2BNjGLiUkp3X7OI,Gwendolyn Chandler,https://play-lh.googleusercontent.com/-1YfrtWnsp_I/AAAAAAAAAAI/AAAAAAAAAAA/AMZuucmXOeMN-DSWMH-vQwLJgHQFL9GMTQ/photo.jpg,good,5,4,,2020-06-20 15:56:03,,
gp:AOqpTOGAv8ZqbS_16EyBvnDDGJfXI_Mwapj-5l5_HvsN6NratktB4-mUSPVsGHJ3abd7Xm-Lnx3R-u-BKEJsvjA,Not Bad,https://play-lh.googleusercontent.com/a-/AOh14Gj4aeKWWJER8EPkZdkcULrG-kLbp2BQOeLb1tN5Zg,God of a game if you dont get this then you will die sad not knowing of the greatest game ever made,5,13,1.1.5,2020-06-19 23:19:27,,
gp:AOqpTOHweRtoHIT6-CFxbfPn-sF7GTG9Uge_5PqrtN4oyZar18kk8IZCNv6TYy5-itWDqTB2D_a4kinRtF2-WH0,Michael Anyia,https://play-lh.googleusercontent.com/-Fh19XT6KXgI/AAAAAAAAAAI/AAAAAAAAAAA/AMZuucmRMrBadHyC26PSrAXZPu9q6Vg5Qg/photo.jpg,Peppa pig is a great pig ei turn of chicken,5,11,1.1.5,2020-06-17 20:42:17,,
gp:AOqpTOEZ8gI_L1qzUVHbCn0cr-8lL3kKfqo7CS1gW3AvXECl713TOKYpFWVwzyKte-Em48Jp2qCEe9K_vx0gP10,- ʟɪᴢᴢʏ ʏᴛ -,https://play-lh.googleusercontent.com/a-/AOh14Gg-XwIN1la0pAFFmBedZpiETzaEHhuxa1KAgnAgsg,sorry i just gave 1 star because i dont now how to make 5 stars hey saskia be nice OK?!,1,9,,2020-06-16 20:03:43,,
gp:AOqpTOHS1MD59TtYrhqoMeISUWyz2aHw0UEPF3LHsms0YMnFnNSnzSZrfZdhV4lSw7FuS04BSODsgx-UVCcgAcs,Trisha Montes,https://play-lh.googleusercontent.com/-UnmYquMr3Bg/AAAAAAAAAAI/AAAAAAAAAAA/AMZuucmcBv_5kwhOWjrkaDNw_YzjEcURsw/photo.jpg,This game makes me concentrating,5,10,1.1.5,2020-06-16 00:23:17,,
gp:AOqpTOFHpvh5OnVaPZuiysjJjkUTfGtcEDmRShiplazl_r5kgldB4tlzKHnP4KP72v6x0lMhD6LYkqX7gGBJt4Q,Vhulendahamulweli Mailula,https://play-lh.googleusercontent.com/a-/AOh14GgP0xldAZ7nAELj-AI_mv0xJPeXl444FzKqvYk4wQ,Peppa Pig and Mulweli,5,5,1.1.5,2020-06-16 00:09:08,,
gp:AOqpTOGWgXN0I2Wm9STksj0YnPbgippzcR4qY_LMw8b0hz_ROBB3phfMtRxTGPw5Fsyg_DJOFWtQJN4wjrolsv8,Ivan A Remix Fan,https://play-lh.googleusercontent.com/a-/AOh14Gimh2XjDpEB2h7ET-UWY2ODpfPE7uPxI0l-5uk,"Amazing Game! However I Get Easily Bored, But It Does Not Matter! Also Can You Make A Sale For All Peppa Apps To Be Free? I Love Peppa Pig!",4,308,1.1.5,2020-06-14 06:30:58,,
gp:AOqpTOHzi4LYMY3z6YmSV7MP2XLSNyu8YR0y5mM1Lz_7ZBm3ihP35zmeF8nwnfuO9sYWOyXNIoxfxjAtleK0nnY,Ana Lopez,https://play-lh.googleusercontent.com/a-/AOh14Giu7xvdB43I4C2ol9rt5sOmiUavL-5R2odOUl1z-Q,It's noting like the game the chickens that you lay are supposed to help you lay more eggs 😡😠😡😡😡😡😡😠😠😾😡😈👿😠😾👿😡😡😠😈😾😠,1,45,1.1.5,2020-06-13 22:03:47,,
gp:AOqpTOErqpKmnIA60ODsDcYkh543gbz5RmoDhlQ3NneTkHct8I_xb1tJbxWjLN0cvHaXzOG34sRkn7tPZt6qE44,Melissa Warner,https://play-lh.googleusercontent.com/a-/AOh14GiwW549qlUgxbqIT5wVqrdh7MqG5ihVuxx8XaB6ow,good,5,4,,2020-06-13 06:05:30,,
gp:AOqpTOEhO8NwfvK2OuiymR21VxYgWJfPbXPGwQH-GoWJ4pfjdukHVyyWM9B8DmQu6SV2fAZIVMOnnwqc_JeViK4,Saraswathi KJ,https://play-lh.googleusercontent.com/-ooU3Bfb4Jd0/AAAAAAAAAAI/AAAAAAAAAAA/AMZuuclqeJlQLbErYp0gKLNpIjQbPRH6Pg/photo.jpg,This game is super but can you give all games free please!?,5,13,,2020-06-13 04:22:56,,
gp:AOqpTOEVSNy-hVI2d8343ZYYvY9oE_2ev1aTAs373ULAwKWCc5Yej1_KlPA2zmMzM6tR7C0-zY_vLojVMFye4gM,deepak rayamajhi,https://play-lh.googleusercontent.com/-PC1K_Ax7ydQ/AAAAAAAAAAI/AAAAAAAAAAA/AMZuuckvEJnBU6ZHuIiivSC2yXDLP5xbNA/photo.jpg,🎁,5,3,,2020-06-11 23:39:56,,
gp:AOqpTOHYM-nfdoed6O9j05ewLCZT6P4-7DfO4UDy8M_b0WmRJ2zlL5JGtBfVLeXmW3uK3a-Otl6xmNUwJ6cG9Ck,Levi Jaimes,https://play-lh.googleusercontent.com/-TXSe-2XKvY4/AAAAAAAAAAI/AAAAAAAAAAA/AMZuucnAyQc4vB4Ac_o8vv9g4AXLmcEi9g/photo.jpg,Enter tournament could you make all the peppa pig games free,5,8,,2020-06-11 19:43:09,,
gp:AOqpTOG6sj6oGAVaDKSHZsXvMBMj-qPvixbDmgPmy4-qEHZHhINxhrM2kIyDXxOqeGJ2zrGII3Z_7TB95JqXDSY,Christopher Calhoun,https://play-lh.googleusercontent.com/-SfqbE5nBQ6o/AAAAAAAAAAI/AAAAAAAAAAA/AMZuuclGlqYRy19mcLQsth3JOs-7mLxNWw/photo.jpg,I love it!,5,6,,2020-06-11 14:24:01,,
gp:AOqpTOGxL2v-dBulCtfRpgJ8lVyXwGgvuJnquK-dwKpKixj4h5RD-aD87lHkBx5D4eBjyDJiOXKMreJigXOnqGA,Waseem Uldin,https://play-lh.googleusercontent.com/a-/AOh14GiCCtxdDGXUg_A071C87_L8ytDzLS02fviWsDke,Alihassan,5,3,,2020-06-11 12:06:10,,
gp:AOqpTOEBXcDiPLntJI7OTJvteHPILW-ZflElU9LmkMk7Rf_Uzy2CxuRd_K3drhzAterwo274sWsBci-ml1eTads,Mohamad Gh,https://play-lh.googleusercontent.com/-JQAgnZ1BKfU/AAAAAAAAAAI/AAAAAAAAAAA/AMZuuck_R4MZbK2XHh47nQN2Dh8xkYrQtA/photo.jpg,I don't know how to play this game,2,8,,2020-06-11 11:17:27,,
gp:AOqpTOGYtFvDE8UIDycfEDsxeyZMq_uDuOV3rOoDOjyFquO0UKQTrjGtOSxZx9ZaCTYy9IvZYPLdVVqx15N-SxQ,Mehmet Sorgun,https://play-lh.googleusercontent.com/a-/AOh14GhluLmNl6K0lbv2ayaRNq6wD8jBPML4UFsAuv38HQ,I love Peppa pig the firs time l saw this game it was 99.99 bucks but is now Free,5,23,1.1.5,2020-06-11 04:12:41,,
gp:AOqpTOEnSsUjq413YfCh-UaFhc8IJGTPscUb__rJXH1x0Eq4Zzei9CBw_TewGkTAGL3uwAYI9BAdvCUIWThaM04,Diego Alfonso,https://play-lh.googleusercontent.com/a-/AOh14Gjk6G8oBLWpaNpaK8kVRfJ-ksP5Zc-i-1ruqpYbpw,Me dio cancer anal,2,4,1.1.5,2020-06-11 01:50:28,,
gp:AOqpTOEsMEPaLvHFLnfobj2-XUeOrxW1r2HJOxOTMMaCg_X8SVPBaT96rjXQxeT70CKQs4DQCG41CSKBQuxwggU,Ilan Hyman,https://play-lh.googleusercontent.com/a-/AOh14GgPjv2uh3wme9exo9Si4VXWgsMi-_lLGaFDftfy1xA,I downloaded cause it's free,5,8,,2020-06-09 23:43:00,,
gp:AOqpTOHUOSHZrowhPcYbxHFaYruo4eDdh40td6W04SRpF3Qfz5zbY7RfVGBc1H0LNTGBCVrT7wW413QOPVeC8TU,Keagan Dull,https://play-lh.googleusercontent.com/a-/AOh14GhDQYx1BwqQk8ZJCsQU-11O54LaD1R1jG_rzjHjIA,Peppa pig the most fatest pig in the south,1,6,,2020-06-09 17:41:46,,
gp:AOqpTOE952r2Ab5ZkOydMKDAxcgzBx4t81KyykUylgm1mnA5ZAFce0RsYPzU0w9wbB73OgO0AYUNd_B4fiA4cMg,TIGER GAMING,https://play-lh.googleusercontent.com/a-/AOh14GhWh-VDdX-y5nSj1SnEFMUJosivru6ltXLy9gY2,Best game,5,4,,2020-06-09 10:12:22,,
gp:AOqpTOFWR8uLIH7GjkHTK1qlti-NndSPa6mkEqakSaATIVJHgUElzm0Wzi0iH3C7nIx_GpfAlFvdc3qQpoIUteU,Mohamed Allam,https://play-lh.googleusercontent.com/-7lXCya5vsAE/AAAAAAAAAAI/AAAAAAAAAAA/AMZuuckNRpvP4WRteXXUOWmVWkJw1GxVMw/photo.jpg,Peppa pig Happy mrs,5,7,1.1.5,2020-06-09 07:23:39,,
gp:AOqpTOHXLyKfqpu6GZlUxj2XTKd2Q1Vm2eUwiP8IGHl9dWyO4fjiXD1mICzFnJAo_ajpo7JD1oyasGf4M18cw2Y,AJ Gambrel,https://play-lh.googleusercontent.com/a-/AOh14GhQG1dosX1NRC1-7RaKLQSkLKnbXaOvAS5IRYeu,Great,5,4,1.1.5,2020-06-08 14:02:31,,
gp:AOqpTOHYv4IlwkKwaKIkAprRE7VXlVZy9B_XhmOrw97zkFqE2qxFWGAp-f7ZcgIPyGAI2fKVVUdHvkEt3TeQtiM,Hasan,https://play-lh.googleusercontent.com/-dVgLE3K7dRw/AAAAAAAAAAI/AAAAAAAAAAA/AMZuuckDPe1HcUpcU5FAvmr4m2dS2jtoqA/photo.jpg,this game is racist. seperating the yellows from the browns (blacks vs whites). how could you especially with the george floyd thing going on,5,23,1.1.5,2020-06-08 11:16:02,,
gp:AOqpTOGq45URmgCA3k8VFcP-KRCnb3Z4o5U447x_VzhZHV8gf0SRFKKxyhn7uQ0gcbkO-qeRsQSDzNFyfM9yBA0,Jesus Maravilla,https://play-lh.googleusercontent.com/a-/AOh14GirxRLX160CaRaJxO9bF96WULXs93oN_L_fJrmeGA,Good for children,5,5,1.1.5,2020-06-08 10:18:06,,
gp:AOqpTOEsEeV0_ADrHJgaJqN5zZ9gvk_jQpkx9vgpT8TyVlS0OUJGYEtyN5AC-6V1ewKQK-os09d8lb9AKs0hT4Q,saskia Mendez,https://play-lh.googleusercontent.com/a-/AOh14Ghz_LyRsSmsIXLWypQAJLoLi7Pzg7jsrimWcv0U,to be honest i didnt accually played this game but when i tried to download it i have to delete some apps...when i deleted enough i came back to see if it download....but instead it accually didnt..i press the instal button again and it said i NEED to delete some apps AGAIN! >:( my poor favorite apps....JUST TO DOWNLOAD THIS STUPID APP TO MY SISTER,1,732,,2020-06-08 06:26:56,,
gp:AOqpTOGUxmYi4c229fJ0PaE479DZks8Lhq-DkuyWGQBRneSOe_lsthWreiy3myupPc7VynIvsaLpnKnjhYbtyCU,Shrenik G,https://play-lh.googleusercontent.com/-9CX3WmSh5H8/AAAAAAAAAAI/AAAAAAAAAAA/AMZuucn71ldb11SMRNvuqZ9p_o-twb6AvA/photo.jpg,Great game👍👍 Thanks for sale😀😀,5,18,,2020-06-08 04:19:01,,
gp:AOqpTOF3ZcLyy__E8uIGU-Mq0HSAxXludhTYIHYKIY-Q1aAnQcCgXpL5fEjZAcxEQBHPhqZLafsqDXPdsX2KBzU,KINGSTON MOSES,https://play-lh.googleusercontent.com/a-/AOh14GhiL1cd_tanvZvKgkQF6gnmQaugO1OcAcdia13r,😂,2,2,1.1.5,2020-06-08 02:16:58,,
gp:AOqpTOHhLhzMTbWwh9v_MHJGlkD9Gm2Ny2EVJ9aXxqQXtYipKNBUoT1CcfDWmQNKF3Cjot1ewWHhcMBb_V4sSxk,Bun_Bunny YT,https://play-lh.googleusercontent.com/a-/AOh14GhIBvBQ6krA7bx_QqqCbKzV3hwwzQivF_SK2vhCGQ,O try this game and it was so fun and I can get this app for free now thank you hope for more updates,5,19,,2020-06-08 01:45:06,,
gp:AOqpTOGs0rYnauuUi4bNb2aFMuSmHO33hDMiYQD0zseTv5rre6RGNFZ4qZnp2HEwbypx5LZ4hdLJHR51ScgW9Ws,Abdul Hadi gaming and vlogs !,https://play-lh.googleusercontent.com/-UmkMwlwFfP4/AAAAAAAAAAI/AAAAAAAAAAA/AMZuuckc_yzWqHect8ypasEQFb8AmFiDCQ/photo.jpg,"I love Peppa pig toys videos games but can you make 3 games free please golden boots,theme park,Peppa pig party I request you to do that please guys love your games please please please please please please please accept my request please please please please please guys",5,25,,2020-06-01 17:05:00,,
gp:AOqpTOG4QqIhwUxG9mks_9w3_VwJrimYOrGUNBLXc8oBvFzYw0wAOeEDfJcKh4069khjvKyqU-KTj0eMNKduHbk,Tinghai Zhao,https://play-lh.googleusercontent.com/a-/AOh14Gh4QBBe_FPdwAPw6dphgiR-OkgsVruprMk0qXvAt8g,I do 1 star because the game doesn't have grafix ok,1,19,1.1.5,2020-05-27 05:45:55,,
gp:AOqpTOEyDgc6psnLnOMeeKK2UI3bWf363yOH2y0o6-FJXOgNBmIqOkNUACd_soGFPn_dA_98f4nlpbZbFAe1VmI,Annoying Orange Sans,https://play-lh.googleusercontent.com/a-/AOh14Ggh0h8artLwccrp3I775ygadY8g9KaOYAL-s3s55w,Absolutely brilliant gameplay and design for a free game 10/5 stars,5,45,,2020-05-18 22:34:44,,
gp:AOqpTOE-Ipv2pyjLursuUATRbbfWJy3PEZgMKXhMmRzWm9wTQROCjgHx5Aa_iGC75zzT5epLTl3pT5RFZ5hQ304,Valerie Ortega,https://play-lh.googleusercontent.com/-GIiZ8ZhjVp4/AAAAAAAAAAI/AAAAAAAAAAA/AMZuuclc0IcOryxe3oEzTS8Wz1fKNBUMcQ/photo.jpg,isaac12345,1,6,1.1.5,2020-05-18 20:22:49,,
gp:AOqpTOG4axqE3uaHdFzOWMhdnxh9vhP3Y99MKrEVIX_j2fnK2R3Udji_M4vCrOhuu2vsu4fHonW2J1qV95yiidU,Joshua Campbell,https://play-lh.googleusercontent.com/a-/AOh14Gj3CmmoN19ZN1L5SaAOuTj3E12UEFk_382j7NS4CvI,For a 13 year old kid to say it's amazing means it's amazing,5,28,,2020-05-17 03:25:33,,
gp:AOqpTOHJjOOAgQG5feN4PwAphAS50h-L8uHfev0z0OpvJEbIVqRb8puGBIyDvvLsRWG5ZduGWqLhLij4sTqWuMM,Simon Nergararian,https://play-lh.googleusercontent.com/-XvbpB7nzcYo/AAAAAAAAAAI/AAAAAAAAAAA/AMZuucm5LGtk6ayVdaFTzv012_QMkRDyCQ/photo.jpg,simon gggg,3,8,,2020-05-16 01:18:30,,
gp:AOqpTOFc-y1GTLQfpZxVs53ibZ6WaIjj3rEiBrqKr8F70sAJP7ghXo8mJg7155-Y03WSoYuFuVhlgcc-IIgPFFU,Shagufta Henna,https://play-lh.googleusercontent.com/a-/AOh14Ghkmj3e69I8pH8T6H_Ypocd7dVt6ifPioZ8PqvX,It doesnt install plz fix it,3,11,1.1.5,2020-05-15 02:49:28,,
gp:AOqpTOHfnlpNggkwGDIPvNUMAgL_nuLnEskLe8mWsisO0gNOkRMpIVPWQ6KvkFCiNlGGtNDya6K_OEsr7Ac8o1k,Moin Moin,https://play-lh.googleusercontent.com/a-/AOh14Gh7GUcO_mSFoQpMtfk1_9tlmM6AzCCrRquA7sPNwQ,Good,5,5,1.1.5,2020-05-11 22:53:40,,
gp:AOqpTOEQk140YtOc8vYr1h5A6QHf2sr-al-w0oHYaXIvIs9WscS8mpr9dq2yYCrHhyoCQXd4Xdp2f-YTr7PUG7g,Priyanka Roy,https://play-lh.googleusercontent.com/-rmYT2U9KoYQ/AAAAAAAAAAI/AAAAAAAAAAA/AMZuucl02FQLqWW112XnBshZGSdSF2YnSg/photo.jpg,Very good game and offline,5,23,,2020-05-10 09:14:59,,
gp:AOqpTOGL3Wviowkqp7SG_6ynnONIYSa85Fi2eXUzsV7y62PrnbP0iHtHHh_a_-sbYD5-yOMGp6fF7bXGud2f2HA,blueberry wolf xoxo,https://play-lh.googleusercontent.com/a-/AOh14GjtXOw1HQtDp-uIWm6aOJ1eE5demn3flV2Uudk6OA,Im 9 but im playing this because im bored and dont knoe what to play,5,12,,2020-05-07 12:47:43,,
gp:AOqpTOGqSfk5p0Gv18FLgdJAFgiiOsCkJGymsKaPBkdJd_NgEcORX12xzM8jmwt25cPOobJEPwwlTUEQCA_mG5Q,•Kawaii lil witch!• •Spooks! :3•,https://play-lh.googleusercontent.com/a-/AOh14GiA5T2T_r1aTZqjqSgnV7TLo11_jypEAzgH9DHKYQ,It's a cool game even for over 5 year olds,5,37,,2020-05-07 01:26:23,,
gp:AOqpTOGuem0Yhv4kSPG40rcUHMPSF59N9CQ3AlakOnyCo4XJaLqESWo88AuFBAm8oFPgPj0BgCUxVvYVzK6WKcQ,Anh Nguyen,https://play-lh.googleusercontent.com/-YMcUNeYGueE/AAAAAAAAAAI/AAAAAAAAAAA/AMZuucl3-YK4eFffdm2yXcrhasJLVpKzbw/photo.jpg,Get a chance to look at the house of Peppa pig,1,15,,2020-05-05 21:28:20,,
gp:AOqpTOEEDbbEbX1dRxw88JZ1ImVlYvJfQzfeql9XdWolZYTmk0EoDeMF_wsDasBAwl7i9fh1Hf1MdKym-lhTl_g,Subodh Yadav,https://play-lh.googleusercontent.com/-54PSmfY19zo/AAAAAAAAAAI/AAAAAAAAAAA/AMZuuckqK6VXhiSsNcBucF4z2C5DuYwhTQ/photo.jpg,Please free the Peppa Pig Party Time We the kids dont want to spend money in mom and dad creadit card☹☹☹☹☹☹☹☹☹😿😿😿😿😿😿😿😿🤮🤮🤮😡😡😡😡🤬🤬🤬😑😑😑😑☠☠☠😓😓☠☠☠💀💀💀💀💀,5,16,1.1.5,2020-05-05 19:49:29,,
gp:AOqpTOGM6tz9KP_BT19TTwsDEoHhNKJX_2AQlWwwW21aVfP7PT10fR6llZtMdc2LYDv4_t969KeeS7bUsg8y8zE,nyla-rae mcshane,https://play-lh.googleusercontent.com/-8luQYfzuXc0/AAAAAAAAAAI/AAAAAAAAAAA/AMZuucm_EkIkmkGGkQL_RxMZNyRAQL6Ctg/photo.jpg,borring,1,4,,2020-05-04 19:14:53,,
gp:AOqpTOGUb2k0k5XIMqxkJqOvwML5_h3JS76e6ItdtXtabx7HsgHx7s4TGmXDlTI8ctH5VfjJYoxNzFQr0D4MKDI,Jill Miller,https://play-lh.googleusercontent.com/-f1CzI-oUFOI/AAAAAAAAAAI/AAAAAAAAAAA/AMZuucmmumOq8FAhyIXJwBcof1klw9Xz5g/photo.jpg,I love peppa pig happy Mrs chicken because mommy told me to stop downloading apps 👑💎💍💚💛💜🖤💙❤💕🤔🤔🤔🤔🤔🤔🤔,5,17,,2020-05-04 09:45:58,,
gp:AOqpTOFHURnqRak21Y7sLHA1Dd9bRKH0426tvuxlmWEvGFfF-SLm0Zgt7gdWt9jhpspch-uQCg2mbVXhTcre-ZQ,Srinivas Janapareddy Gayathri5,https://play-lh.googleusercontent.com/-iP0U764c87A/AAAAAAAAAAI/AAAAAAAAAAA/AMZuucmGx9fIhCrL9ZEep2K24DW0y1cR9w/photo.jpg,It is superb game,5,12,,2020-05-04 07:32:37,,
gp:AOqpTOFuL04k09tKUQ3RgdJRHQL_nd-bZqZZuhCle9OAvZBsyb-HFX30dcPx7aoSpsjFrvUjze-hFF0llaJB6kg,kushal Singhvee,https://play-lh.googleusercontent.com/a-/AOh14GjPaAGpW8bq8mHNvayth_Vou4GP7MiaCqMS0lI9,Amazing for my grand children 😊😊,5,9,,2020-05-04 01:31:17,,
gp:AOqpTOGMCiWsQMfCjt1SEnUUaxwrIARTlmgnF1jc4f6m8MEqw_3adHTWPo8JwtMGkJwKziryx7f3KnPUDvAUVmE,SMariz VillanuevaP,https://play-lh.googleusercontent.com/a-/AOh14GgHIuFJMgUO0KBGIk4PL12HTBuj6cXHMCyA8JP4MA,IE. Love. Dis 😉💖 👍💕💕🙊🐩🙊,5,6,1.1.5,2020-05-03 05:20:14,,
gp:AOqpTOFC4_4L2U9xNez-tu8ooiQAvdUjiUDF6wpqPiz70zELbbMYAEK-qsMgb-7oxhALmPEtky1aNC4loUWM8D0,Garima shukla,https://play-lh.googleusercontent.com/a-/AOh14GgI3pCA23OUuVAuvbaofvGjM2GOTI4naLYZyhQltw,good game,5,11,,2020-05-02 21:53:56,,
gp:AOqpTOFwJ94fQFNzoJ_zc7KZO0Ea6ElcrxWLYhybulp8n_E6z7c89lm1TLPKHyzSIIcyW4OXMe4CaJJPqV4DilU,GamingChannel 123,https://play-lh.googleusercontent.com/a-/AOh14GgOOto9koPptR0mgn_jYy8wGuGAYbzv_zACocGb,Very good! But I can't reach all the stickers. Please make it so I can reach all the stickers.,4,178,1.1.5,2020-05-02 02:52:55,,
gp:AOqpTOHNWOs_cMBz0cNNzoc0X0gIrJ0mrjyBgoJAF-0x8xbhN_z_YQg6X5FvKcCoBZAU5DXaa2LICUEJv7Z0SgA,ItzMimsie 2341,https://play-lh.googleusercontent.com/a-/AOh14Ghb__p0x_PId2zUdgCVWSJmIgS-9sq5SIy5z3A6NQ,Wow,5,8,,2020-05-01 04:06:36,,
gp:AOqpTOEbEAolOzEqAT6MFnShVGviOdzXVamGcpgzqo24494WQ2A9zZLaHJX2zy62Atmi3MBwg2jOUs1N8ruJD98,Vicky Stocks,https://play-lh.googleusercontent.com/-5POl3sqoPxo/AAAAAAAAAAI/AAAAAAAAAAA/AMZuuckAR3cIcJcRUYdCw9Uw3lTr0H7TBA/photo.jpg,"My children really love this game, they are 1 and 2 but unfortunately they keep deleting profiles as the bin button is right next to the picture of the profile! This needs to be changed for this game to be perfect as my son is getting annoyed that his stickers keep disappearing that he has earned",3,624,1.1.5,2020-04-29 03:44:18,,
gp:AOqpTOFpppwRxEyeWFB9bLSGAjkbbOT9IwhmTFZjpYGCWT0kV-VQ2IRBbvhcGsPv7xpn4RMGyLQWFgw43qe4jQo,Elexsis Gregory,https://play-lh.googleusercontent.com/a-/AOh14Ghl3-Do9Fr53kR0tK4urrw2cyy1ArrqW_g5T65c,"I like Peppa, so this is amazing!",5,29,1.1.5,2020-04-12 15:57:42,,
gp:AOqpTOGIBmiS76KrJVqUMdKyFuOv8R1Qvxx1g6RmFNJ-VjF01rsTqA7GDD-5s-JhZ_61_Mc_3z_TcuHM3ssylwc,savage dude 73,https://play-lh.googleusercontent.com/-fd70kqZSAzM/AAAAAAAAAAI/AAAAAAAAAAA/AMZuucnlC9m9Gn_A7_79uRMV-9gIA9T6MA/photo.jpg,My favorite thing is peppa pig,5,17,,2020-04-06 09:50:43,,
gp:AOqpTOEURnxPsIyxrnCpiMmc0GcegQoC5Tw5i4kHQXi6h0eb5wgFx1Bp_2KRmh22agV7Upc3gDftBCpcqbFfdYo,vidhya Ghanbahadur,https://play-lh.googleusercontent.com/-4PtUzR3i4fM/AAAAAAAAAAI/AAAAAAAAAAA/AMZuucnwnAIOAM6IrjZfsT-GOgRVBDp37A/photo.jpg,Àdddfga can do c,1,11,1.1.5,2020-04-04 23:22:55,,
gp:AOqpTOGyvQMHKq1e4zA4N2iujgUY3gtWcxcrLsIG7Gs0kvV5-1I6L80g8KwyXVE09z2yfPceBl6_LePyKocpGMI,VINITA KUMARI,https://play-lh.googleusercontent.com/-NIqdNnha430/AAAAAAAAAAI/AAAAAAAAAAA/AMZuucnPGIR08fHo5OQ19gIvOzNwqaG-9A/photo.jpg,Avneet Gautam,5,15,1.1.5,2020-04-01 22:27:07,,
gp:AOqpTOEQMCzDY7IeXdmCZAga65m2yGZW91WHNKULZUl1xxwA97fpNo9gblTPS9xyK4Ln3FcsPNKavJl3x8qKEuI,Vijaya Lakshmi,https://play-lh.googleusercontent.com/-AzoEWrRYBJI/AAAAAAAAAAI/AAAAAAAAAAA/AMZuucmiwCsVD6yaRj4mB4P7hrtNmhyB5A/photo.jpg,Nice,1,8,,2020-03-31 23:39:27,,
gp:AOqpTOE7y4MTWTMy6ZKB9mya8AfO7DhKOsLu07b4pVPZ7JefwUZ1ezr5_RMu8kT3C5YYTvy0_dCfTSpFRBPpYPQ,June Torres,https://play-lh.googleusercontent.com/a-/AOh14Gjpw2NIjSWOYNScbUg9SlUgW110K43CGqNzBBPPiQ,Hi I rate it 5 out of 5 stars.,5,20,1.1.5,2020-03-30 11:25:41,,
gp:AOqpTOGptE__JqLzC_uLIUIylk6YZD4R15Lp3uO_2vpSsoncglnHYfqTcD_Y2pFdMpbsCWyUe7FPJqtF5dnjazo,shivani bagchi,https://play-lh.googleusercontent.com/-_9RwAACwY8s/AAAAAAAAAAI/AAAAAAAAAAA/AMZuucn5YPUqigvCnu2zeAdq6sLqPwCICg/photo.jpg,Best game of the i love peppa pig alsk watch peppa pig in nick junior igive it 10 stars realesed more game thanks to entertainment one,5,22,,2020-03-30 00:19:31,,
gp:AOqpTOHl8apFXxPP6SO7Xq-rX-b0WsqWT3gYozonzgNgnPkgtjTMbjxq6HEXmve48AmUKBL4LbZQk6_G5p09ddU,Nik K,https://play-lh.googleusercontent.com/-SPik8289odw/AAAAAAAAAAI/AAAAAAAAAAA/AMZuucklug-wzWOtB5EIyElm9LuVB6_xew/photo.jpg,Fine for free but would have been very disappointed if i paid for this - games are very basic even my 4yr old was bored pretty quickly,2,150,1.1.5,2020-03-29 00:46:42,,
gp:AOqpTOG3e-8KiA_3wegqTNBhebHuMpKRWLk3T6_jRIglaLz4kYDXXvI4VRyoj3uNXLHLXmVL226ntlRw-oa6cQM,Brinda Dharmaraja,https://play-lh.googleusercontent.com/a-/AOh14GjxBppbhiKYSskPc7gI6fOyXbXohHQvn4rACh9Spw,Why i have give only four stars ?because we cannot download the stickers🥺🥺🥺😐😐🤔🤔😈😈,4,16,,2020-03-28 19:46:46,,
gp:AOqpTOFhMciBzs44Vvpgi8OInRMziLO06QQ9-ewQnSK-VV3PnrS0UTunmT3P7JuZICGxA06QFuubN5ysklVzJ-g,J J GoAnimate My Animations In 2021 Of The YT Team,https://play-lh.googleusercontent.com/a-/AOh14GjEr7wCw_Gbu5_0M-I9HpEE6N9j6mezwjgXwZPWvw,...I Tried My Best But Nothing Is Worse In THIS Game,3,19,1.1.5,2020-03-27 01:28:55,,
gp:AOqpTOGttJhG9quy-yOO8mgGk0DwWMEWlYoxdMDasGjrmZFSZLnQp_KyNdf06KoyyKG7FtPqqtyCo_KoIdryGFg,Redline,https://play-lh.googleusercontent.com/a-/AOh14GiVEFovNPzuUHb8bGI-g-FMRQo01fEQL7ZyC9Bz6w,It was nice just not that much to it,4,21,1.1.5,2020-03-26 01:30:21,,
gp:AOqpTOF7jRe1d4qFZXV5ngL4fkpSYgJVaHBtaYA1VDzYxzp_G9RCA4Lq6L7QenOVsfsQ2Mnyinuf9dJDpQCFQbs,Paul Hailey,https://play-lh.googleusercontent.com/-14GeghpC4gQ/AAAAAAAAAAI/AAAAAAAAAAA/AMZuuck4FHjTvbPf5vSasz5Q5e0blCbP8Q/photo.jpg,Excellent app for my granddaughter,5,86,1.1.5,2020-02-29 12:31:48,,
gp:AOqpTOELrinK2pGMxmjmHk-E1lvKnRErK0vax6GrPYp6L810z7XBo4MuMIw_hSVjNn-NcAt6S7iZvgnchGnLBDw,Dam Byxor,https://play-lh.googleusercontent.com/a-/AOh14Gg2qsbhxMEOcyVLSDzHuuPSWLrB5BO26cW4OcQF,Is there a way to clear the stickers? Sometimes they get stuck under the top panel and then you have to clear the app's cache to get them out,3,95,1.1.5,2020-02-21 07:30:06,,
gp:AOqpTOH1cWQbu5uV1XzCBO7dTH24HsgxiG6obXG6OKDu6Vgx_EjWQWUk4MR5Cn0GPdNOOWgfwkYYHyuCdXHf_-o,Kelly-marie Folan,https://play-lh.googleusercontent.com/-334Bwup76OM/AAAAAAAAAAI/AAAAAAAAAAA/AMZuucnJ5QQ4vupmWKhJm5N2WbDBvUJHlA/photo.jpg,I can't believe you are actually charging for this. I feel robbed,1,53,1.1.5,2020-02-16 04:29:30,,
gp:AOqpTOFcYGSpIhq1olZ3fD__GhwgsgAP4tStVtMHWxxfecL3r_3oCl2_U7qJ_jXbnZZXZZKk61nmvmDhrpVRqvU,STARZPLAY Featured,https://play-lh.googleusercontent.com/a-/AOh14Ghg6c8QatbsyTSD0vn_TRyG1udcOna8DUYJjC3K,Peppa pig happy Mrs chick..,5,62,1.1.5,2019-12-09 06:21:56,,
gp:AOqpTOHS6hh33n_loEzj8SZFR1G4Z69DkScnJ5Vc2JPF2HhHUhiTrwlSCWZ52ZT6yo-2z7PXtjrZMDPSsrg2v_s,Rosie Lavallee,https://play-lh.googleusercontent.com/a-/AOh14GhXVyzN9E9kSWKN5QOwerHm48sUfK1HazDCwDqAHg,Im A Peppa Fan So I Basically Know Happy Mrs Chicken (3 Star),3,30,1.1.2,2019-10-26 13:43:31,,
gp:AOqpTOHlii9BKvDZoDbH3Xr3FWGRbbzKjvwgQimIfVJuC7d2JWD8et6xnecZzT6y2mjp9pKx7whRR0BUq3pMp50,Andy Morrison,https://play-lh.googleusercontent.com/a-/AOh14Gg5pZyc6av4X3NjdIwOcmQ-yo9v_f7MgA3BTbxtBw,Just terrible. SO much farting...,1,77,,2019-07-19 17:13:02,,
gp:AOqpTOFCFxgHhQfNddFlir-OG-wO56Vb9k6h66X-RQIEqNbDZowd_oGOCZIBd1NrfSQelJKCBC4bMSPsv_QLt0w,Nicole Buchholtz,https://play-lh.googleusercontent.com/-4fvC9SkL9UQ/AAAAAAAAAAI/AAAAAAAAAAA/AMZuuckvCERBA9e42qSOlB1Rum_uLB3nUQ/photo.jpg,Game instantly crashes after latest update.  Very sad 3 year old :(,1,133,1.1.1,2018-01-22 08:31:54,,
gp:AOqpTOH0aXZOb26y4-KESkXLKiQNAzfFljkADNe7cVa5NOwmNWgtm2oWqce7b8yUhDpsrPc2a1zYv3kA_4-13_c,Ariel del Diestro,https://play-lh.googleusercontent.com/a-/AOh14GjYNq-dsAVbN2nUIuz6zentCd_vlvKmN2CsZVIEqQ,Kids love it!,5,58,1.1.1,2017-11-25 08:43:31,,
gp:AOqpTOGbOUahAIzG1U1tOCTxBYmYyZs6wU-S5gP5_DoHmEWhtUse-DyxJXijUKGC5eRT2EQ4oFZw_ZvkJ5yQBzw,Karl Thompson,https://play-lh.googleusercontent.com/a-/AOh14Gg-BYYTXFzO2Z8n7VqlTUf8rdDBmBJ9iWw294QefQ,"The update makes previous installs crash a clean install but I assume you'd need to delete your old data and progress to make it work again very silly this wasn't tested before pushing the update on this ""paid for"" app",2,194,1.1.1,2017-11-01 00:47:34,,
gp:AOqpTOFGVmSwztnjQ3v0ksfxMqHN3lxkd5q-vg5n3lcZsH3B54cuW2o4zV7fkkNFCmOXYoqa9TIpfiMZpFkVRl4,Anna Rutter,https://play-lh.googleusercontent.com/a-/AOh14GgH3qIdX_D3hIqBWsNarkVZghS8SaBcYx2Z6-dPGA,My daughter suddenly can not go on as it crashes straight away.I will want a refund if not fixed!,1,118,1.1.1,2017-11-01 00:42:27,,
gp:AOqpTOGhmSxGuEtb32s5Y17mpMEepANOjOaNXXlTXwejYJpWbcRvA_PxebATUIpo7NUg126VZJmQFgYOGSMwGQ4,Kevin Mendoza,https://play-lh.googleusercontent.com/-k4BMn5SidxA/AAAAAAAAAAI/AAAAAAAAAAA/AMZuucnX2Y9EmuBy1QtslnL2wloQXxxGVw/photo.jpg,My daughter finally collected all the stickers from the puzzles. But now she cannot play the game because it crashes before she can even press play. Please fix promptly.,1,63,1.0.0,2017-07-27 02:23:01,,
gp:AOqpTOEkex6lSddnSwklKg8lIrZltcBc8KiLH2cJhqCtGImCPCllfE_LJxyy-nWKPwJy1lnnaCO5zD9IypAaTns,A Google user,https://play-lh.googleusercontent.com/EGemoI2NTXmTsBVtJqk8jxF9rh8ApRWfsIMQSt2uE4OcpQqbFu7f7NbTK05lx80nuSijCz7sc3a277R67g,"I can lay 6,000m+ eggs!",5,90,1.0.0,2017-05-03 16:28:57,,
