reviewId,userName,userImage,content,score,thumbsUpCount,reviewCreatedVersion,at,replyContent,repliedAt
gp:AOqpTOFWSnHDHy_jJZYERI8wXRx4lj9wrlJfK2IMZjZ_RyIKANr8KtmKSrEpTzUNs4MA7H-xznLnLb41XAlUTaM,Rocky Cabaero,https://play-lh.googleusercontent.com/a-/AOh14GhWV_c8jrTF4MxICaFue1WYYd-gKUbyBmIQsV1iFCA,Audio is not in sync.,1,0,1.29,2021-01-30 01:02:35,,
gp:AOqpTOHVtFA9arkFG5dG2TunjvWFff97DzwOzSQl1s9hFN85bQf7H4A0TFgLdKF68uKHLRADYww3AFjAkhWuMMo,Carolyn Jaring,https://play-lh.googleusercontent.com/a-/AOh14GjW1LrgFOuLqz8UjVMO1vaqkwx40qbVgaX5qi5alg,The sound is so glitchy,1,0,,2021-01-19 23:25:28,,
gp:AOqpTOF9zQ3ISbSxHwadGH49pZeSw0tiAzNrmlLj5NE6rmzfi1BxfWpPgiSLR5KglDfj892vsH7qQjT_eJ6UtEQ,David Roxas,https://play-lh.googleusercontent.com/-E-kF-32AAfE/AAAAAAAAAAI/AAAAAAAAAAA/AMZuucmVwNW_NU1boXtQTOsNTZEJuzXxyw/photo.jpg,"Ive been subscribed for 2 months now. Hopefully whoever developing this game would add more songs like Xepher, blue zenith, fool's night, no. 7, You and many other more. Im running out of songs to play. Also no harm with adding at least anime songs, just make sure the map syncs with the song perfectly.",4,11,1.29,2021-01-16 17:26:20,,
gp:AOqpTOF-Q5rSdyRntsLNVwK_GPijNLIr76szQwa5eFhdI1ys9E1t_kU6g6CxrMbO9N4f9A7HqjIkDvGeaV55Clo,lee edwin filamor,https://play-lh.googleusercontent.com/-peOjb394V1I/AAAAAAAAAAI/AAAAAAAAAAA/AMZuucm7doSeOn0C10H7jkg0jArzvRsCWg/photo.jpg,laggy,3,0,,2021-01-12 21:10:03,,
gp:AOqpTOHlFEyGAt-v1vzObUN2p6l53ajginYcSSie9brmOtKWXW8mmASc1q_Erq-d4fdtNr79iiLF8bQNnz_onNM,Andrew Ng,https://play-lh.googleusercontent.com/a-/AOh14GjG9MC3b2Tmsiic5SU6Xyzm1wzVhdPYVJEpZ0af,All of the songs have no music at all?! I'm just tapping the keys without music. I have restarted the game a few times and still it doesn't solve this issue?! I want a refund!,2,20,1.29,2021-01-11 05:16:21,,
gp:AOqpTOHOh67DAfLR2-IUEDbTUlp2dYDpijh-QU_SlA-HD-_RuaeAZ5CBaWnflVtHh3GF_M7eSHi5ePzwKlE3gVs,Teh Jian Liang,https://play-lh.googleusercontent.com/a-/AOh14Ghw3_ihjKESu8TnIt7nj_hjIJg1VwGQV5lMwvM18A,"I already install in my phone ， why my imac bluestacks keep calling me make payment , after i make payment in bluestack , but keep said i already own the application, cannot download???",1,0,1.29,2020-12-26 06:32:44,,
gp:AOqpTOFHuiVXmgSNf-pFJq845TRL9XL-Ny95JS-cR7lvQBAwKwq7QTaxV_7G5ty8Bi9_j2r_9yfZXFkURwbtd2M,Roel Kyamkosigue,https://play-lh.googleusercontent.com/-GehW4LEUEKI/AAAAAAAAAAI/AAAAAAAAAAA/AMZuucnsSKCTS-nL-L9r69wUWs6jOzPM4w/photo.jpg,My favorite games on pc i'am waiting for to long this game very nice,5,0,,2020-12-24 04:39:00,,
gp:AOqpTOGDzrbh6pIdDNE9u2WimQJ21mWkCWMQNS-wbV1mfbR-3wn9VexPPPK9MFrx2OGD5AAnqR5FVqRvoq67MmI,mina_,https://play-lh.googleusercontent.com/a-/AOh14Gi7-zbqeyrQEoBL3zBms6vV8DHkLkDxkcQriB7VZA,Very kool game!,5,0,,2020-12-24 03:46:36,,
gp:AOqpTOEA23IXvZU8eo1TqytHRh1l1CUzN_kdidnTRRK4VaxbUbDFBGEalF9nFVanPMAparIWH4ccYmeMTlDuZ00,Mai Va Lee,https://play-lh.googleusercontent.com/a-/AOh14Gh8gpbQMFcdlm0XkmYrmiTxTPG8Ctec5gXqdCjZDQ,"Game is pretty still easy to perform and ting is good sync perfect. The gameplay still feel smoother, it's a good thing I downloaded for free today no cost. No guys it's easy you need more practice!",5,14,1.29,2020-12-23 13:00:07,,
gp:AOqpTOExThH08MISFtOMW6CL4VnPQ3li_HF6b-ujHY0K3aVpn1iqsGgv1tky7GkLvPr9_2_DokfEuAEJyzxIRLc,Cindy Andrea,https://play-lh.googleusercontent.com/a-/AOh14GjRhFSw_cV6zEyLjEUebjsGCAhkRTEvq0SlEHya,"I bought the game,soon I changed my device,and got root.but rooted device can't enter the game. 1 star rating.",1,0,1.29,2020-12-19 20:22:47,,
gp:AOqpTOHjRG9zWgqasEPNZT08RI5-YWgVeMeIlLdpw1MH_3ML8F06vq37Vqhwyn1OGAHgaXxnVdTHGVEyuDkwqWw,Raniel Aquinde,https://play-lh.googleusercontent.com/a-/AOh14GhgCT0dw_02mtGS3A5gkOzp3-r3iNUn-sryMACP,Excellent,5,0,1.29,2020-11-23 23:07:22,,
gp:AOqpTOF7jAEutvdjQZJA7QNsbDicdzQl2KzUTVKToSo3qBjeI6Wjsj9_85IfUBJD0o9ggYGhhuJjJUrkMuq0Obw,Superdot Gaming,https://play-lh.googleusercontent.com/a-/AOh14GgNsYk5GKzkIkp1x2M4G_i_zv3iANrEimBCQJkH3A,i want refund ! give me back my money !,1,0,,2020-11-12 02:34:44,,
gp:AOqpTOGXVr4-05CKCgrVYLBrIwhyvzocPNPVp9pavZb3IzRRERHfpoT5QNupkHAWx27DGLBiaka-BKldGnHxU_g,Azraei Halim,https://play-lh.googleusercontent.com/a-/AOh14GgkIlS79Ef-7hPDjBiC2BZ4PPbxrbztvLY7Wq9GoQ,Like the game but disappointed in subscription fee. I know it cheap but the game already pay2play now with this subscription? Other game free2play and offer premium song to unlock for few play by watch ads or unlimited play by purchase the song pack.,2,45,1.29,2020-11-06 21:25:35,"100곡 이상을 기본 다운로드 후, 무료로 제공하고 있고, 400곡 이상을 현재 금액으로 이용할 수 있다는 것은 파격적인 가격이라고 생각합니다. 더 좋은 개발을 진행할 수 있는 최소 비용으로 생각하시고 이해 부탁드립니다.",2020-12-23 16:33:47
gp:AOqpTOH_yp3cLMxSA2C_wap-qsVhXFyRZpUaeIj_Tkw4pEU4_lz92S_oed-wXUbBZKFS_FjaZXVzzmDdtGlKhvc,Ekram Mahat,https://play-lh.googleusercontent.com/a-/AOh14GgZ9bubRiGkyOlGGujvW2ya6pp5WVmeZ4al1sto0A,If u wanna play all song you to subscribe(monthly) in the app. While u already pay to buy the app this is stupid. Greedy developers is greedy indeed. I got my refund.,1,2,,2020-10-26 07:46:55,,
gp:AOqpTOG6qtDXPZ0HtOU17BqWdhUIOS1ztpJa_B5bC5-m_2yQjMrIBLWUnnnpHpSuXWqvV71FXdUl9K_N5FKjQS8,Darlene Joy Española,https://play-lh.googleusercontent.com/a-/AOh14GjI6wAhULLGM1mSLiD-ASJZ1uKGXdV3xvs0rjrJ,Im so excited this game since when i was a kid 1995... Only batang 90's who ganna related this game,5,0,1.29,2020-10-21 13:46:23,,
gp:AOqpTOErNXAvgDvmFOkzY_nsGhyPNhok7PCDlfLKOsQzDv4sxCWpPFZAChLkYxh67uKG7yr1DIUTrd_TIyKDMdU,Kongchi Gaming,https://play-lh.googleusercontent.com/-z7g6_8KqKx4/AAAAAAAAAAI/AAAAAAAAAAA/AMZuuclfGi58G9SIxZMwXVpbjESAaeS9-Q/photo.jpg,you have to be kidding people must pay more for complete songs... first of all we have to pay to install and then you have to subscribe too....??,1,4,1.29,2020-10-21 08:17:44,,
gp:AOqpTOG2dQDeIeXcXjOVCsN50UsFvrFloitJVamARdVg_w60orEDyUgdEm_H0esMn8OJOFKXY1XuC0hxAKD-3Nk,Gachi is Manly,https://play-lh.googleusercontent.com/-hFueZdp4FTE/AAAAAAAAAAI/AAAAAAAAAAA/AMZuuclneytWHYkSMeQUEEA_rccpVF8eZQ/photo.jpg,For those of you who are complaining about how the game doesnt work GIT GUD Cus this gane works perfectly,5,0,1.29,2020-10-19 12:54:30,,
gp:AOqpTOHYUyAEJfv--Z6ndcxOanjShaJKqHbdAOiITAcPInFx-cltAdzlJn5A_TTZIZmpqUdU3KMB0NV_ieMZpsE,lucky 888,https://play-lh.googleusercontent.com/-G22Krl0fnXs/AAAAAAAAAAI/AAAAAAAAAAA/AMZuuckZD5lj9GG3BP9KLc470DoPAbVWGw/photo.jpg,I subscribe MYR3.49 then got 1~8 music bag... after i quit game open back i found im not in subscription music for 1 month.. only used around 2 song ( 5 minute from buy ) please refund or give back...,1,1,1.29,2020-09-22 08:29:08,,
gp:AOqpTOF5qUmeoxEB33YTH7dKu0USiVndvHxyn7eqjOTa32Agjl3NiNMhqDgXMqiYs1Sh8B9rZRGxYyPNrFruH78,Enrick Hernandez,https://play-lh.googleusercontent.com/-TVq_VmmbIH8/AAAAAAAAAAI/AAAAAAAAAAA/AMZuucltMy0wM4hAyGSsTTLIDGJm5XxPug/photo.jpg,All 5star. Very nostalgic.,5,0,1.29,2020-09-13 01:58:58,,
gp:AOqpTOH_I4vv43QiIB51Qs87IfoCYGkYDm4Q36EXRaM0qF3fVs1SyOgAU8gWfW_ccrvT9vPmU76JHTRXGm4acjY,Ferdinand Pasamonte Jr.,https://play-lh.googleusercontent.com/-XF3T-kVNjB0/AAAAAAAAAAI/AAAAAAAAAAA/AMZuucnU8WWNpMoyEd_cSYdIerHlGGOzxQ/photo.jpg,"Meh, when you miss, your keyboard button will be delayed, lost interest after download will request for refund right away",1,2,,2020-09-10 09:53:31,,
gp:AOqpTOHtmEbItqIUYau6qjiOifji7ujKxvR29o_tmiSPfupdroKWxMr1691DTCl0kMPzYXivA9lJ42WGArkzRA4,Jep Halili,https://play-lh.googleusercontent.com/-9zIm5SEOqA0/AAAAAAAAAAI/AAAAAAAAAAA/AMZuuckUUS2ZnhCd_-lhCS7w0YJjHVU0mg/photo.jpg,"little did i know that there is a subscription fee to access some of the songs, i was hoping to try some old songs (free ones) that i have been playing on the PC version, but after paying for the mobile version, i was disappointed as it wasnt free.",1,42,1.29,2020-09-10 02:06:43,,
gp:AOqpTOEq8FQbyHEaZIyyTC7iL3RUCluOBWHQOwxJBCf_urLFKt6g70WcHFKDUmjLidEAyHaLqWJa0TfiVCC5c0E,"Bicera, Zchanea Mae I.",https://play-lh.googleusercontent.com/a-/AOh14Gj8z-1K_WuyWRwwu23jdkV6evPDy44myDEY9pmCaw,"please, can you bring bag the old version",5,0,1.29,2020-08-29 02:12:27,,
gp:AOqpTOG1GPyB_-xKN9c22X6zBGgQXxadb16c2_EQCLdNTnm3DISOToqtmIjYvdL2nFsKNfZVjfL-0buA-zrK-ok,Muhd Shazrul,https://play-lh.googleusercontent.com/a-/AOh14GimHmqGACFnnhPJntXHgUR9Nmvrg-2gGsWs3K4g-Q,Please fix problem about sync on every song. Dont waste my money,1,3,1.29,2020-08-29 01:10:35,,
gp:AOqpTOGOudbVYsqo-jIjnr_5K1k0Y4YieJUbx8b_zrWYpb0Q_yJSwfDcYBgtMRf-dY8PqG7h-7D4gWrMkS5PAaY,우물밖개구리,https://play-lh.googleusercontent.com/a-/AOh14GjHOMa4eCU7EnzLhIhIw_xs_fLL2tpOrR64n98wHQ,바로 구독 스킨도 무료고 진짜 아날로그 감성 너무 좋음. 곡 하나하나 플레이하는데 소름 돋네 ㅋㅋㅋ,5,0,1.29,2020-08-26 04:58:10,,
gp:AOqpTOFbZ5DiqlDGyYHYXGvhkylVwPBuB0JLLKZr8x27TlguWvEqOIWWAmBZTVPXq3f_9aAY-IRTA9byvCqSqZ0,Steven,https://play-lh.googleusercontent.com/-4AAWcOMv6I0/AAAAAAAAAAI/AAAAAAAAAAA/AMZuucmo-pU3PfIFjugeWuqJcYx08B_a3g/photo.jpg,"The song is out of sync, pleasw fix it",2,0,1.29,2020-08-25 00:12:53,,
gp:AOqpTOEJMjRZDR-sdoIqaSV_TWfk_JhwHxxbvWY7_t0uI7m7a6Lgy0Y2dyhUyKaB0kD5-tr9Sp-MHPDyTM8piSQ,Kelvin Sung,https://play-lh.googleusercontent.com/a-/AOh14GhWRZ7jos8cQ_j7s8IJyBUXRK5uJwr7_CGc83d78w,"Really bad sync, and, need to pay subscription??? No way,",1,2,1.29,2020-08-23 10:45:13,,
gp:AOqpTOFBsC1xLqwCpwBDkp6IZAg-6_EzaqVAS5d7aJupPlDVoxyCzdP8Qd1RgJdlt2xRJiuNAO_sIHAxJEne_RE,Jomel Mendoza,https://play-lh.googleusercontent.com/-XwL3sPas4sE/AAAAAAAAAAI/AAAAAAAAAAA/AMZuuclEySdMAP5Ub0zAyNrz1ZzlgqHevQ/photo.jpg,for some reason i alreadu subscribed at 02 jam bat it still not showing please check,1,1,1.29,2020-08-18 21:22:17,,
gp:AOqpTOEQD4W-teFKo6HQSLKhGi7plVrZxEZRQov95FvwyvaWNje6YqPT2dza9mWNeRiUUC1bZwDQ-UZu8fOgM0k,S W,https://play-lh.googleusercontent.com/a-/AOh14GhTG5dH7WGuOQanK01xERIMpDOTWjR5BxHtxTHlxg,I was really excited to play this game as I've been playing O2jam since the first mobile game came out several years ago. Unfortunately it was a waste of money and my time since it doesn't work. I reached out to the developers about the problems I've been having almost a week ago but I haven't heard back from them. It's very disappointing.,1,65,1.29,2020-08-17 18:40:32,,
gp:AOqpTOEWYgcl9vs3AeBIOMK1FCIuPBx4P6oeGiKM9yqm39l-8OxkPyA__NHyTsV7-NCim4zfSrsSAAyRe_ARPzE,Mohd Rozaidi Rusli,https://play-lh.googleusercontent.com/a-/AOh14Ghf1iPp0PEG9xdUGFxZAB24bZT35fHP__TikH_k,Worst like it use to be like before,1,1,1.29,2020-08-16 04:16:15,,
gp:AOqpTOGFqcibyXYOdxQYn8-noiSLqYiJXEvjdaUt_hRO4ZpBIkr2KaYvlZRmJUMJjr99ZEHXGIuNJcSYTQR5Z0w,Azli Kasnani,https://play-lh.googleusercontent.com/a-/AOh14GiKQWLfOHj1cweQvfmsNE6tBn7QRftN6vH6s8bxvQI,Bad UI. Good idea,2,1,,2020-08-07 06:35:58,,
gp:AOqpTOFHk9brSoLuGP2-dTWmpPWhjdajDYnBQaNoK96wPt7wI41wv82LXQIelQPBmApGbhatuxP1QTfekfPbnoQ,Mark Son,https://play-lh.googleusercontent.com/a-/AOh14Gilbf4YHloiDW58fIMszVN4mREDIAFF9HF52ZWxAw,Works ok.. But sometimes the song is out of sync... Only wish it had 6 keys.. N add more songs.. Regardless it work ok.. Does the songs change every week or monthly cuz i remember playing this game back when it is free and it has some songs missing.. Or was that a different version of O2jam? More songs n fix the sync.. N i wouldnt mine subcribing it monthly,3,41,1.29,2020-08-06 07:11:08,,
gp:AOqpTOF4_12mHq4RWypIq9YO5e78QgAu2yEb9Mrne_4oNhzSIxqLvgPjAf-clm5lWJai48EFXY_Nn6wMSdFyH2g,Demetrius Pendleton,https://play-lh.googleusercontent.com/-OO5jLFlBUDA/AAAAAAAAAAI/AAAAAAAAAAA/AMZuucmxCM66PVhWX1YYy1dEZVBOXsOplw/photo.jpg,Can't hit double notes which sucks cause alot of my favorite songs have them if you try to hit 2 notes at the same time they won't press,2,3,1.29,2020-08-06 05:53:07,,
gp:AOqpTOFp4ScVb48W5wVK3M3pBp3zA9ODcPG0OtUzuOUPJHgJ62A-x8Xj_YujV13vcfh2lrtFC06kTeG7uSh5nQk,Rusty James,https://play-lh.googleusercontent.com/-3R3luGvKpfU/AAAAAAAAAAI/AAAAAAAAAAA/AMZuucm6_50IHZPsAFcZwAXtVRwrN5Kt8g/photo.jpg,Still can't play with rooted phone. I rooted my phone to removed a bunch of bloatware and now I can't revert it back and play this game. So much restriction for this kind of game and I don't see any reason why.,1,10,1.29,2020-08-04 05:10:42,,
gp:AOqpTOE8L6AChGn_iJq3tQdfpHAcCdrxv-T8s2nfBriBEoVKbFsN-X5uzFLnIbPeHoQJhiMfdtUzdTFPiucjZXw,Aldrick Alcayde,https://play-lh.googleusercontent.com/a-/AOh14GikUKBKW6lNIrGitKYSkFwyHDGVu5nLkpkxtjFjvfc,sound is broken on my phone. kindly fix. thank you,2,1,1.29,2020-08-03 07:22:11,,
gp:AOqpTOE6Vy78KWXyh7k_cv8DTbexJK4YMg4MnapvLHYqlHmBlfStDcpnJZHaaVqltCdrONPMHydrYJ-_PhGKd8g,Putera aqif ikhwan,https://play-lh.googleusercontent.com/-dni1wdkz7Co/AAAAAAAAAAI/AAAAAAAAAAA/AMZuucmvK9T_DpaytswIBOYnCmz8fF98fw/photo.jpg,admin...i want song (until you come back) and (astral),5,0,1.29,2020-07-26 15:46:10,,
gp:AOqpTOHZ5974kW50EpSrWRdV9j8zqacYQxXHYSQ_FB5RXkfJWFIt561Nkzk2pVgU7TCtSr18zFRlQRGR6ZqbI2c,Martin John Alampay,https://play-lh.googleusercontent.com/a-/AOh14GgiUizWqVlWw57ewOwsdO59GQn1EanqrbABknOQ,"So nostalgic. I hope they add soon the fly magpie, milk chocolate and natal angel.",5,1,1.29,2020-07-23 08:45:24,,
gp:AOqpTOFIO9rSptgrTzYsmae1VC73uspbf6UhToSKvWS4Qlknw-0UMATF1Y0miCkbs3feVs9uLrYfMfrux1ty_0U,Kim Garcia,https://play-lh.googleusercontent.com/a-/AOh14Gh4zM9S_kZ8CQqgq5aRU8APbVtm0KEKxKVEFU0G,"Missin' o2jam pc version. Please include other songs like ""natal angel"", ""no.7"" and other opm musics. :)",4,0,1.29,2020-07-16 09:13:42,,
gp:AOqpTOFioXgtFeCvvnQwid8Co0Y5SpIVNN1btTAc0iwzHyawEEwg_AhER8dmBYP9UMonxDt0q12LmzU9OnT_vvM,MasterEarl D,https://play-lh.googleusercontent.com/-2v0M4MDoWoc/AAAAAAAAAAI/AAAAAAAAAAA/AMZuucmq9vtonJ60t1HIYTEL9prghvzJiw/photo.jpg,nice game ! please add portrait mode to make it easier to play. thankyou..,4,1,1.29,2020-07-14 10:37:35,,
gp:AOqpTOGRaGcGfQOFflGrH1sLlHkeO6Ok0jEUfilYbosdSxh495OEhyQXTV_lY8QPKk6pfLf5KX0CMkwaNQrPUbk,Chriz,https://play-lh.googleusercontent.com/a-/AOh14GhUYrbd4QSt6foZZOC7bg6y6Dz-uibt52OlfsgZpg,"I refunded. sorry but this game is very different from what I experienced before with korean version here on google play. The key press detection are awful, the song selections are very very few from being a paid game, No free weekly use songs. I wouldn't mind paying for a monthly subscription if the base game feels premium already but sadly it isn't. I am sorry but I am very very dissapointed. My first impression about this game is Pure Greed. I could be wrong but i have mixed feelings.",1,51,,2020-07-11 02:44:00,,
gp:AOqpTOHirDVeFyw6UTGURGkQxUm4_kS8U4QzwS4bsLMr5PX-5usNXgWODh-RjYtGGCRHKUXy3KFUbGZRXRVm6Uc,Kukupuff,https://play-lh.googleusercontent.com/-qRVAAECJpCE/AAAAAAAAAAI/AAAAAAAAAAA/AMZuucmt9F6NwERyAOpJxGzQVio3Fa4IvQ/photo.jpg,O2jam songs still beat many musical games. Subscription every month is cheap too. This game can train your reflex hahahaha and my niece loves the music.,5,1,1.29,2020-07-05 09:53:59,,
gp:AOqpTOGiZyJrQK3W4QRr5l8YahnfJUGuSQCtJ3eW7T2XIGxubbbpgTAJ9RsSsa3TogeloPmq0U3xM_5yfhOxoWk,Saikojin18,https://play-lh.googleusercontent.com/a-/AOh14Gh7H9QTcXk-2aK6thwoBBgY-CyYPmsc0Gg-7HCbkQ,Limit touch is 3?? Wow that's not gonna work on a soft delay devices like mine,2,0,1.29,2020-07-02 22:53:12,,
gp:AOqpTOFHN4M32Cv7aCqmKF8K601q8vYEI2-4x4t84zsLsp-7ERjFmdtxsjosyNr0tJnAhO-yJ5rY3L3uYgUtET8,Johnny D. Ruizo,https://play-lh.googleusercontent.com/a-/AOh14Gg3iB-d-uikNhMbtgFxNXB0HBOgDQUe84JZyy6nSA,Wow nostalgic songs i remember o2 jam in pc ill really love it thank you 🤗🤗🤗 but please fix some bugs and add portrait mode. Can you please back like the old one o2jam like in pc that there's a character's please since our phone now can carry large ram,4,1,1.29,2020-06-30 01:51:52,,
gp:AOqpTOG9o75YAau6ZOUhjMvHu7DQyxqldfu80ZdgvE70JcDB0vu_-ATMyB2hI3IbdLmDvrglk7RY2Yt_amuFzkY,Brian,https://play-lh.googleusercontent.com/a-/AOh14Gjn_fUkzhdd83AYLhQR0sM56wcM85N05dYrYjMP,Good enough for me. The best rhythm game I've enjoyed playing + nostalgia. Still needs a lot of improvements tho. I'd say this game is currently 2/5 of its potential.,5,12,1.29,2020-06-24 19:10:21,,
gp:AOqpTOHHKrFknIs7B6KeqAR2A8mzmJLIgStXJ2x8Wl7dUomJdzagHTKA2-zsFy-wy5m0p7I6GuSB3rE0FCjdCN8,Keaton Varlez,https://play-lh.googleusercontent.com/-hiIriYewwUE/AAAAAAAAAAI/AAAAAAAAAAA/AMZuucnG1DZpFoDsVn2QbSNwq8jfo50FWQ/photo.jpg,"Overall the Game is Great, loved the fact i can play o2jam anywhere now. -tho would love to have additional Sound Options, volume is too low on earphones -also the Keys are sticky, there are moments when i know my fingers are off but it still catches the bar, and i don't like getting getting high scores that i didn't earn.",5,36,1.29,2020-06-21 14:49:14,,
gp:AOqpTOHHZ1KKwbP10pu-mt6v3HlIygoAv3Enj-WexzqMJtN9Qvt42vLMlDgB2WZSi_JlcjgDUqbPWR7tr59GkF4,jeral balbuena,https://play-lh.googleusercontent.com/a-/AOh14GgTEPsGtPhoQIA2g8moBpj2N-wXMPPYI2y26I8J2A,"Nice Game, kakamiss tlga o2jam",5,0,1.29,2020-06-19 17:13:26,,
gp:AOqpTOGJSre7FjAqwkiqO6MeyVxQV1zihhGpN7s3sbkvhP2o9nxmK5XTW7aBSJI6iTHQxhSiJr-w9NaAmO28PRM,Jayson Cusi,https://play-lh.googleusercontent.com/-YjOzwnrWL8s/AAAAAAAAAAI/AAAAAAAAAAA/AMZuucloBOP8DIjtD2HZ3z6mZ_ln3JBUiA/photo.jpg,Nice game and easy to play.,5,0,1.29,2020-06-15 07:13:15,,
gp:AOqpTOGmMKsSPxFEv9HgAwFarzYOHbq1MXOv71sKnSMNASpKfkP47FlG4DzqJ4coN_xyQWcCgu_Iy-EDgIRly68,Renzo Louis Sebastian,https://play-lh.googleusercontent.com/-UMSpHP9gtqg/AAAAAAAAAAI/AAAAAAAAAAA/AMZuucnYVjxMHsPmU1i_MWyhrldxoC_WFg/photo.jpg,No full screen(with black bars) support on Redmi K30.,3,2,1.29,2020-06-14 06:09:59,,
gp:AOqpTOFiSZhFSKc9xXZ9P6iJPYAH2Mwr8AgD7ZaLfSMvLeu3WbIRK4tKeYAMou4q1QL_uObyjD7Gtbm3WxFmZDk,Hairi Ramli,https://play-lh.googleusercontent.com/a-/AOh14GifQIwA6Ekqi-sHXqot1DaHrEdZP0aENveMb_o9Vw,Experiencing major audio issues to the point you can't really enjoy the music.. refunded straight away.,1,1,,2020-06-13 12:23:04,,
gp:AOqpTOEX3CBgkwdiu1GroSS4G9Qn6cqIwOolpiIoe7Qf_zY5WoMnMbabMl509-kR7ZbDv7aH1YKBA2Fef7MtxV8,Julius Mey Ballecer,https://play-lh.googleusercontent.com/a-/AOh14GjqD47u-018r_GfKpSj7QwPOq7zs0t1slFxkB4vow,The music does not synch with its gameplay,1,1,,2020-06-12 16:09:36,,
gp:AOqpTOFgsnhrYvKUqAcy0vN9zesjlPRqfoCqxy0xSK-xYaKvz-vQMgCFIPuYuPQlaMaYXdoNrnpiF2tapCssjZg,owen chen,https://play-lh.googleusercontent.com/-YdGwV0-YcQc/AAAAAAAAAAI/AAAAAAAAAAA/AMZuucnWiHH1xhhqPoRrrfWqv8D76VRHNg/photo.jpg,"Touchpad delay, please fix it",3,1,1.29,2020-06-12 00:43:18,,
gp:AOqpTOGxsHsm9nbbuxDWt-lMEqWCgGKlLS0FofULQN6Moo8ETE2QnFStvtnSSLEi3J6NJJKqz_0r8JCGMzfu_r0,Vincent Miranda,https://play-lh.googleusercontent.com/a-/AOh14GiNZafCe7a66stfcN_r2WQvs3uWNgii8V095poNCQ,THE GAME AND THE MUSIC ARE OUT OF SYNC THE TOUCHES ARE GOOD BUT THE MUSIC BECOMES HORRIBLE SOUND EVERY SECOND,1,2,,2020-06-07 23:46:07,,
gp:AOqpTOG0_1YBAfuXeoT3NlBhJ5QCT1FUBBcVGDjvjuDx5s2tlqmd4Zi8o4JUEVPLkfv1QgheyNtzvEAVdsx4pfo,Jhurel Sulit,https://play-lh.googleusercontent.com/-lR1TJzrtG7I/AAAAAAAAAAI/AAAAAAAAAAA/AMZuucm2pUhGvSWK3Ee7fHfabMgrwGQRTw/photo.jpg,Why is the music so lag or delayed or is it still syncing? Do i need to wait for it to sync?.,2,3,1.29,2020-06-06 07:55:44,,
gp:AOqpTOG3tdg03CsPsE22a-nBvZQu-HBrvxp7cNCL-cs5k-zuCMRjaAgbF9vZt8a_N_YjVd0wxaZh1k-NfMdKg8M,Carl Oziled,https://play-lh.googleusercontent.com/a-/AOh14GiBGTc8qjufUHghAz6WWe-ldShRezDnGOI0rdI1,"The Game was awesome i play this game since it released in PC, but in mobile it disappoint me, when i pressing perfectly the note and it mark miss lots of misses, then the keys wont work until the game will over. Please fix the bug, ill rate it 1 star for now.",1,25,1.29,2020-06-04 09:03:17,,
gp:AOqpTOF1frGj7Y5hVMg71t-CU6p7ljQ1tZSquCtn3u6Rb_hws6a4IZ6SqOtk4icnj69ZEKp0s5oKDEnrp9ohbDY,Adrian Jireh Santander,https://play-lh.googleusercontent.com/a-/AOh14GjIAET7ldKe3zF7fIz6aAtKmBquXpx9YiHYx7Z-HQ,Great!😎,5,0,1.29,2020-06-01 13:09:11,,
gp:AOqpTOH7mBp1ikoe8hn7m8njrLPSC4YqKdMoWNCwp_uxGjC3t6L5Box6sXhzF-hQiDVod3_41Ak9vQwjPfPthxA,Markocomartin,https://play-lh.googleusercontent.com/a-/AOh14Ghmvnjniq_gT2JBAW73dstv-6ochO6YNyahQeHYIQ,"Dont buy, There is a monthly subscription.. Get it? Pay monthly for a paid app? 🤔.. I need refund, should've listened to the reviews..",1,3,,2020-05-29 07:57:18,,
gp:AOqpTOHVAg0x1f460xjBBiCd0vFyCWth3Rd6gxzIwwyff0WQM4vmh0d8d7ob9h0HeQNAfV58RQiw7ZObIVlAaNE,Arlan Dg,https://play-lh.googleusercontent.com/-JTh9K-zo_O8/AAAAAAAAAAI/AAAAAAAAAAA/AMZuucnkeIlpxy8IOR40aUDty4su-NMC7g/photo.jpg,"sounds are choppy, is my device not supported?? im using oneplus 7 pro",3,2,1.29,2020-05-29 03:11:55,,
gp:AOqpTOFLB2bSAEe2DtdQ0eBIUQFJTnopkxelpzUz3P7dzAdUWkPVWojyXNv9oLbTZoaSnoSzP1U526CVT29vbG4,sesar sesar,https://play-lh.googleusercontent.com/a-/AOh14GhiO2pKRdmRfUtoLF0434x_1ECwP6y1ImjrqEZ27A,Portrait mode?,4,0,1.29,2020-05-28 04:35:34,,
gp:AOqpTOF9Uk9wqktEZfXa-8N119YEiU0zCFmf2xVRG-9XfldvCaJ-Yv1zT4QPmnUylo57nDGU3bb4d9UMCugvauU,Patrick Llado,https://play-lh.googleusercontent.com/-5zt-xTGUMY4/AAAAAAAAAAI/AAAAAAAAAAA/AMZuucmTepMLVj5up_MSkZIufP5psbKEOw/photo.jpg,"Additional cost for 5-6 volumes? Lmao, What a rip off.",1,0,,2020-05-27 22:10:30,,
gp:AOqpTOEfCTesvWDdsfLV3CPYiJTd7-2YrWsaT2AXe8ZbkskGfmKTVuovld-88IzknJeQeLVVFGp9UEHJ7kKSlWQ,Sunny Castro,https://play-lh.googleusercontent.com/a-/AOh14GhFHzSfPHZ_rq1FKivVgWVfyNm_g6vhOnSU3nI_yw,I just uninstalled and requested for refund. Reason: No Multiplayer. I was expecting that there's still multiplayer like before and would not mind about the $1 monthly fee (just like old times pc games: pay to play). I just wish they'd bring that back up.,1,2,,2020-05-24 06:36:40,,
gp:AOqpTOGP8j4gwIhhVX5g2ZKapiWn8uvo17zSTRi6pIGsqTa7DE3om0VjUkY9tdexzK5U0exYlpOTX6bHVbuRZCo,Fiji Custodio,https://play-lh.googleusercontent.com/a-/AOh14Gj6-hZlvmWc3AjjdzaFp8T_y9h5YBe2Oj4_jNQpHg,"What a let down, songs are not sync",1,3,1.29,2020-05-22 23:53:57,,
gp:AOqpTOEq6lFWlOmiKYcjXKQFwCTYA_G3ZgVDshhAXtMv8-bg3RRgWlk7EtGJRo4KQLqsCw-3FOtONfvy2dk7DTc,Shaw Ping,https://play-lh.googleusercontent.com/a-/AOh14GhRn-SiG0hPGBem6iAh1ORnMBy3RlmosM34KAMisPo,"Nostalgic! Songs are the same, key patterns also very similar. Volume abit soft and there is no multiplayer. Please put in multiplayer. This game will definitely become a hit again.",5,13,1.29,2020-05-21 07:47:15,,
gp:AOqpTOGCX0NUXeNa00ftR_m3cJEgFPM0uOs2gmWVWKMuzob8w4eAc9dRMphXJaNfhs01naN5ds-qc-9pjVUd4Nk,Kendy ngadiman,https://play-lh.googleusercontent.com/-4dZUuw-IuvA/AAAAAAAAAAI/AAAAAAAAAAA/AMZuucnROypGW05PMeBqZEjaTd8cu0qRcA/photo.jpg,For me this nice i hope this will be good With all updates,5,0,1.29,2020-05-19 18:59:22,,
gp:AOqpTOFW4xwQ-II9jRN1jAWQB9N1ulCD8TF1OZvLulrJnb3Bt5moAFtB--TwOhyPkhQXWuX-ypfU-RuzvoLh1Vs,Soedjoni,https://play-lh.googleusercontent.com/a-/AOh14GjgihLMBAyDOhTVpeJgEOT7Nt_T5YeIdyC78poV,Good Game,5,0,1.29,2020-05-18 20:34:30,,
gp:AOqpTOEdeslZwAc8nV59o8QmNYc8wkS-ES4XGB6tyH06rEU8eIWhALZ18Cxu-HeOuArptryTX0f379Dcg1ENa-E,Don Xamuel,https://play-lh.googleusercontent.com/-kL_60q3r6-k/AAAAAAAAAAI/AAAAAAAAAAA/AMZuucnFU2ThK4gvqL54ytyzs0zH1ZlPMQ/photo.jpg,I did 3 times already but now it's ok,1,0,,2020-05-17 19:08:29,"The app size of O2Jam is over 2 gigabytes, it can only be downloaded from Wi-Fi.",2020-05-17 19:06:54
gp:AOqpTOGRck-mBqjxInVOKnDHXwc-hTxcb0qdodp22UV7uOnXwBXBlU7EwEscx2fYx5KbpKVPD-EpTqQWOEbuvMA,mobile legends,https://play-lh.googleusercontent.com/-4pe4zmUMcM0/AAAAAAAAAAI/AAAAAAAAAAA/AMZuucnDSpZgUUCBKKa9JlPGUWjn1ky7Ig/photo.jpg,"Good quality game. Maybe you guys can add sociometry, forever and apocalypse of dirge swan. 3 star only because sometimes the game do late respond on the tapping instead of synchronizing.",3,3,1.29,2020-05-16 14:05:18,,
gp:AOqpTOE2MbAJ266iEC80S8pdQ0dUPoB1WcICdaZpl82MC2yWgsTKv8yTnV7stBWH9XyGcNXhMTMq1wcZA0_b67k,Mmaatt Sumaria,https://play-lh.googleusercontent.com/a-/AOh14Gja2PtQjXeJKhW6j3hvIN-eLsnmMN-1zWLnx1L2eA,"Currently installing the app now, and this truly brings back memories 😍 I just hope that I get to see all those songs from the pc version. Definitely a good call getting this into gplay!",5,7,1.29,2020-05-13 04:25:09,,
gp:AOqpTOGdbZme72vuhXOpAsWK1RbzfY1WtTQISW_2RONdJGQz0uH19TWGnMobLae8_TMi2Q4XLCgGr5Uo8HW-Icc,Jack NP,https://play-lh.googleusercontent.com/a-/AOh14GhKAr8CsvRn7szlOpp9DM37whkl_EyTR5ipfiQF,What wrong with the sound ? Waste my moneyy,1,2,1.29,2020-05-13 03:51:53,,
gp:AOqpTOHeLLbmWXfgv9o5yCOD50g0v8ARyON2tD7Q9Dr1ER6ASJaInAsPuOus2Lp2AmDtMb6aIpdegEO65MVmUYQ,Siva Paalan,https://play-lh.googleusercontent.com/-TcW3NbHt3Z4/AAAAAAAAAAI/AAAAAAAAAAA/AMZuucn3GRrZeWgrkjbpWDLF7JU4hTJCwQ/photo.jpg,The songs are out of sync and the game is super laggy... Money wasted,1,4,,2020-05-12 06:59:17,,
gp:AOqpTOFjn5STnU15F4Zu2jtrAJRE-2Ngh04KbKiPtxcwvMQeyTtFBV20X9bk58Z-okjcypmwVzGV9vE1b_3ppug,Priam Alcala,https://play-lh.googleusercontent.com/a-/AOh14GieVeXYFjLO_epfsW5nK_a38KLyP7jEaT2wh273lA,Currently downloading will edit to 5 star after I try the game so excited. I've been waiting for this for years.,4,0,1.29,2020-05-11 07:53:29,,
gp:AOqpTOFAXDVGi94URZ06-hABub8Ir7HJLNqu2cQO67iEZN76PXULDZMkEbKUcjSnntwS290ObD-RfdGpMUhQj1M,Rowena Soriano,https://play-lh.googleusercontent.com/a-/AOh14GijhGuklMnmNHDy1K5TX74M54ZA1jlYcRyzSGZe,"Overall great, but one thing I wish they'd include is PvP battles, plus change the middle key in 5keys into a different color.",4,2,1.29,2020-05-09 03:57:42,,
gp:AOqpTOHPD2t3JSkFIypFTLNgukrGPUhCV0M3JfEOPrTzuEFEweNT-XuPyoryVCZmaCAsugo7UXzl0eU4BRYlOW0,Edmund Tang,https://play-lh.googleusercontent.com/-wPGxcE1FYNs/AAAAAAAAAAI/AAAAAAAAAAA/AMZuucn3wNmnHh0ZwkJtcv9JQx_YFB6l7g/photo.jpg,"Not worth buying, need to play level 4 music and above have to subscribe and pay .. 🤦‍♂️",1,4,,2020-05-04 11:38:22,,
gp:AOqpTOHw9xURSbf83xqAo3TBIGPSeNciOFUBMHPDRP940Oc7IkTInDraToG2OUDqBkR-evDdHTUxa-tBWYg1u0o,Sami-Pekka Lehmuskoski,https://play-lh.googleusercontent.com/a-/AOh14GgNIAjcG83W9EX9wxGkemuEn2hmeM4RQH55UAIhZw,Amazing. Shame there are no key sounds but understandable. (The PC game worked like Beatmania this is more like Stepmania sound wise),5,0,,2020-05-02 09:42:35,,
gp:AOqpTOE5wCdQVv1ToJfZ7vjkaKyw75U1kc32WvUtjBSV8Y0jpC6aNyYrPJYzo5-BNY50SZgAobEW5CmS0L0W1aE,adrian bonifacio,https://play-lh.googleusercontent.com/-L1tqJstycfo/AAAAAAAAAAI/AAAAAAAAAAA/AMZuucmdGpmdzE9u98zuL4RBBM2oo0Wf7g/photo.jpg,"4 stars for now because sometimes after i play a song, i cant press anything on the screen i need to close and re open the app again.",4,0,1.29,2020-05-02 04:06:39,,
gp:AOqpTOGN6FKJSDO4J5tE9NmkyML9Td3Qo8Rf2x7f7rSSWm4GE8ctHbMVrWMC4toSHHrJWLAzTp_cQvyFF3xczvo,Alson John Bayon-on,https://play-lh.googleusercontent.com/a-/AOh14GiuWyez603bU36T-ZZbeX4UOU11Ds4Dp_fTWoIz,Nostalgia game but please add to play in portrait mode just like piano tiles. Willing to support the game and subscribe every month. Please implement jt next update 🥺.,5,14,1.29,2020-05-01 18:49:26,,
gp:AOqpTOFr3xbsK95Tx0nHDqxcJv5_lSFZIJgIZ89g-1WANid1JTwiQDoTjGYLLT-qdzUbmpm2CP_HTET0qGUT_dY,coledotEXE,https://play-lh.googleusercontent.com/a-/AOh14GjTHouuTOKcp6MrzPt8aidUN6ch2-r4fvIDs2MZcw,Amazing! I Love this game! Its like O2Jam U but its better! Keep it up!,5,1,1.29,2020-04-30 15:53:06,,
gp:AOqpTOFvpmdOar2DKrSgQG4pWLkzvcJlAL7vPwdabjnieDkyGzkcw_Bc4NHlw4gbiRM0uhdEg7P9Tt6hn5t2Di0,shaiderPH,https://play-lh.googleusercontent.com/a-/AOh14Ghm_apWElmaucOFryj_RnVE9z3aWBvb0W2NTZnV5Q,Game works fine but I cannot use Octopus key mapper to play using physical keyboard. It says abnormal environment detected,1,2,1.29,2020-04-29 16:31:31,,
gp:AOqpTOFtL_kw9ntGTh4b_ThSdHm1jOs4W5Vxp-HgDF2v-h_Pdut5YSG7pRS2lTOAdj1BPfvF0JPqc1QlK7rQ8LY,TeeJay JQ,https://play-lh.googleusercontent.com/-jXGPV8wnJb0/AAAAAAAAAAI/AAAAAAAAAAA/AMZuuck_un6UuKxDufwCh8iB6EsLHuLVEw/photo.jpg,"Not totally satisfied, not like the previous version App is not updated for newer devices. Also new version of app doesnt allowed me to play in portrait mode.",3,8,1.29,2020-03-27 21:01:37,,
gp:AOqpTOHAYp8xW4pjZL5dJNRFZrTJKVz9Ir_8N0vNS0Az4VmZxd7dFU76wo_DqIX7YKap-LuHKIEsAJu8pL4V9Zg,Julius Mark Bercasio,https://play-lh.googleusercontent.com/a-/AOh14GhumRDGT_d9EA5w8iQJFUktOS18UQvIGA4YWaRW,"Some songs have bugs. I'll give at least 4 stars if you can fix the songs like ""A little dream"" wherein there's no sound at all. Already tried reinstalling the game and clearing the cache but same issue. **EDIT** Changed my rating from 1 star to 5 star. They did listen to my feedback and immediately fixed the issue. Job well done, devs :)",5,29,1.28,2020-03-27 02:19:21,"Sorry, we fixed the issue of 'A little dream' sound in ver.1.29.
Please update O2Jam App.
Thank you.",2020-03-27 01:20:51
gp:AOqpTOHLCCjKOau-kw_DS23KacwChHdWV8fZIIOPA2LwIPtLx1-YUK2k4Bhx41SOkG5dGElzQ_nr3pbWozB1M8g,Mark Kevin Baltazar,https://play-lh.googleusercontent.com/-lR19xBYjY54/AAAAAAAAAAI/AAAAAAAAAAA/AMZuucn_lmqTOUd2wqiGnJmF2Wcd0zq_RQ/photo.jpg,"To be honest, i love it, Some of the songs were in mute, but i hope you can fix it on the next update, I've always been a jam of 02jam, when it was release on the PC, now i can play it on my android device, YES!, Thanks for the game!, I hope you can find a way for it to be compatible with other devices, because i think my smartphone had a problem on multi touching buttons",5,55,1.28,2020-03-17 19:06:05,"Thank you. If you have multi touching problem, you can use App Player for PC, like ""BlueStacks""",2020-03-17 23:55:40
gp:AOqpTOFXy1mdWD7drOxGrBiVPYU63DMpE33vqO4fdvFTpJ0X7ogVUugzgXZzYTIm3dSYxbZoFvxYpjsslIYNzYg,Mark Lester Hernandez,https://play-lh.googleusercontent.com/a-/AOh14Gi-8PWXgQwTkbnXRGnbzMQEjctBT2XWYyePbzSiTQ,"Rating 3 stars for now... Sound is broken when in loudspeaker, but sound is fine when using headset.",3,4,1.28,2020-03-09 03:21:11,,
gp:AOqpTOGrFUPjKZNe6kp-_lFX8qPzNCzekkwzPGv_agOb78jPIN_r9JqVjkWZj5kiB6zef70HvoN4ClemshjF8iY,Albert Van Otto,https://play-lh.googleusercontent.com/a-/AOh14GghsDqx5Y_rSzFqUSCzVxl5--cElXU4Uj0Lbaquaw,"Doesnt seem to be designed for newer devices, screens didnt fill the whole display, and for a $3 premium didnt have enough collections for it. The game is also buggy for some devices including my Oneplus 7 which plays the game in full speed but the sound plays in slow which made the game unplayable. The music also have no keysounds. This alone seems terrible enough for a music game.",2,8,,2020-03-08 20:48:34,,
