reviewId,userName,userImage,content,score,thumbsUpCount,reviewCreatedVersion,at,replyContent,repliedAt
gp:AOqpTOE_5lxscQuSOi7PF168n6PXzAozlSdrnNxtsDRqPHxPBAhStR0EFnbJxtS35ONcKCFiTCt1h_rGsE101g,Prihan,https://play-lh.googleusercontent.com/a-/AOh14GjEpS8vAQSebLb2tkePaJvRjPwAtwtxXi-Mk9zI,Best option you can choose.. thanks AVS !,5,0,5.1,2021-01-31 20:11:33,,
gp:AOqpTOFuP7ujxox-FqhAJvT6ztyyNX0S93CwY8E5a9SmF12ldLMVJlQFBE8xxriYbHQEX28uUFaGaWOEhM5Hlg,vineet kumar singh,https://play-lh.googleusercontent.com/a-/AOh14GhoREBRb6xnTCfTyyQZmZQr9jkNge3Ii2z_SPdnbQ,"nice application working very nice very useful who pepple shoot videos, awesome",5,0,,2021-01-29 11:26:52,,
gp:AOqpTOHSd25Jqi8DXIzYqbqWREUbsTGJPsXre2KniN8mFYraRcQajuCFqptiCvDUw3tzNYpdrsUDJKPJrBL7IA,Santosh Kumar Kewat,https://play-lh.googleusercontent.com/a-/AOh14Ggh23UcYCwAstyw3PlWY25KzPSMv9fBneNVLI_3,I like this.,5,0,5.1,2021-01-26 22:53:25,,
gp:AOqpTOEXJeb1xtcncIP2DtAPmbUrax0u5cPeEenAxJfQMUqsaY9gF9k_tl6zs2d6sfxSHK9ehfzdzlZuk35RWw,Asad Jamil,https://play-lh.googleusercontent.com/-mcipswGbQco/AAAAAAAAAAI/AAAAAAAAAAA/AMZuuclq3rd6uk9LySkWFseERFpiHTwlsw/photo.jpg,Good app,5,0,5.1,2021-01-26 03:49:23,,
gp:AOqpTOEuh8D2M3hP3nDfgWo4nXNJpw6RcHMHowApMzXxfZcri2QadoM0hPg_x6fvZ8SbVda1Tu3_hfGHNuePmg,Jermaine Jennings,https://play-lh.googleusercontent.com/-PfTOsK0F7mk/AAAAAAAAAAI/AAAAAAAAAAA/AMZuucmUvEj7xaLpPE-J54ThNR7v07J2KQ/photo.jpg,Nice to work with,5,0,,2021-01-23 06:41:00,,
gp:AOqpTOFvM0XyUMc-FaWcmQ29veQl2OXZuPlAX8ZuH1JGRcvTe4HDeijX5hZs3LGERl9hgbcFc9WXRBt2nwuTHw,kw,https://play-lh.googleusercontent.com/-OwBgK0mVFKQ/AAAAAAAAAAI/AAAAAAAAAAA/AMZuuclFILUWau8EB4HSI1YdYKROil0t_Q/photo.jpg,"App's latest update is May,2019. The exact app, Keerby Audio Video Factory latest is Oct.2020. The trimming function cannot remove the middle of a video, only beginning and end. Good converting & compressing.",3,6,5.1,2021-01-10 19:43:10,,
gp:AOqpTOHJCZPdvloHyUbu0I_g-6BI45sx8XUYAf8g6Fyj9K5HZW7ZCbzWrQNDYVavA-KUFzQz10Ohkqq2Hzcc7A,Angelo PH.,https://play-lh.googleusercontent.com/-VlAmeznqeRE/AAAAAAAAAAI/AAAAAAAAAAA/AMZuucknEOejiviB2NdKYBGea_ZXfUBX0g/photo.jpg,"It works,, but just needs a update,,👍",4,1,5.1,2021-01-06 10:23:07,,
gp:AOqpTOE45Zl6OXTBsnizG6puIFQxjlRmarxsVH5qPse-1Wh7zNrpB6kdTP1OHmokH-xGJbKXI4lXqj-KDVjvig,KayvenWileyHD,https://play-lh.googleusercontent.com/a-/AOh14Gjg7N2Y4ReZFfRXhCGJkzvMxpBcYtWrg7CYllec9Os,They Got More Effects On AVS,5,0,5.1,2020-12-29 16:02:15,,
gp:AOqpTOGwVkYsghXwfqrtL0uB-C2-QipiKDv9G91eW7e7mIo_RQ8wdGEOwYkwEibHPKdqVglvgNR9JgTJbgQqHA,Chris Hall,https://play-lh.googleusercontent.com/a-/AOh14GiBXA1HCFKlKMdALPOv8onbQhgZiHFgV-VwNF_-YA,"This app works great! HOWEVER, Android will not let this app write the converted video files to your SD card (read-only access). **You can only save to the phone's internal memory!** When you try to save to your SD card, the conversion fails at 0% with a cryptic message erroneously telling you to try a different file format. Worth the money, but make sure you have some free space in your phone memory.",4,13,5.1,2020-12-09 15:14:26,,
gp:AOqpTOGZ6mwBSRLCFvSE6vil8x_hIA1kFYHgFZRJkaA9CUirp42Ux_eN5GC4f0wKOpnZDZxR_6gaTEfysSskiA,Josue Rivera,https://play-lh.googleusercontent.com/a-/AOh14GhPK7lmPXAJO0C8UYz7V-oHdxcNvvU17wRd5s7aklY,"It is an awesome app. Download, it allows you convert any video into audio only. Love it!!",5,7,5.1,2020-12-01 19:36:43,,
gp:AOqpTOFkVtsytITyYcIy5wsHyFFQVW4F_69uWoZHUtHMFp-7jSn5knGUOuNuwII8b-sIaVl1_tNUOwPO69nzdA,louie cruz,https://play-lh.googleusercontent.com/a-/AOh14GiYaq7MRVRvnUKFy__hQ2XbWy3mdZfMtQF9KXcHjg,Nice app,5,0,5.1,2020-11-29 00:37:22,,
gp:AOqpTOHLxdVNT6OaTrL0V7vV-6f-NuaCJhVaKGsUgzNmn5fPSYivfwx-cabwlo6hbL1fUqTk4H_d-NoPGi3xQA,ASISAT BABATUNDE,https://play-lh.googleusercontent.com/-NDTLz0ea5bU/AAAAAAAAAAI/AAAAAAAAAAA/AMZuucke_alBNtJ2Hux41yPZFXKQJ6cSzg/photo.jpg,Not working. Just wasted my money!,1,0,5.1,2020-11-21 01:34:06,,
gp:AOqpTOGv0la8CKk6X9e9Zj6JGFubHMp9YLkI0NTyRToLqpGL0-kkwzgyXGbEnLAntxrLkd19bvBdPiEE4Rq-dA,Suyog Tandel,https://play-lh.googleusercontent.com/a-/AOh14Gi8Qp999-apXxyeR41piNa1daB6Z9XI8DiZASeTxg,It's best video converter guys and it's also free. I just love it.,4,2,5.1,2020-11-16 20:40:54,,
gp:AOqpTOGaKNR6K7PFrrGIpyQeFw_ll15c-gWxr-F8l34xeXVUVzAs0-snLr5mx5qVkTgsTjMAasawKKLraoBjSA,Evergreen Entertainment Zone,https://play-lh.googleusercontent.com/a-/AOh14Gi-ZfOeJHEhKWxjh6ltjXMaSALXN-QvlefBmzjUMw,Worst,1,0,5.1,2020-11-13 16:08:25,,
gp:AOqpTOHvEbUOWfsDvflQmprjFexLQrzNQWq1LRYGaWZUvn5-nDX7rj5t9zaKzA5AG55J8wVlpRoCBmJCouljjg,Timothy Harms,https://play-lh.googleusercontent.com/a-/AOh14Gjkt-af_fpKRUXOSnntb-DUze8kjJpmR66YVU5dv-4,Works very well,5,0,,2020-11-10 22:58:06,,
gp:AOqpTOE1wqewif2Y5PVQP6VxlJD2APgZNaQ2dMPFpnjvRJ9o0UTJTFoVAGlvLOjGcc4kmNZcg2GYtSZ7DiFv1g,Ali Ahmed,https://play-lh.googleusercontent.com/-QeuKpPPNNe4/AAAAAAAAAAI/AAAAAAAAAAA/AMZuucnyeL0xbUefR7cxBtkbwnOEpQ1b-g/photo.jpg,I purchased app but convert does not work,1,0,5.1,2020-11-01 06:24:35,,
gp:AOqpTOH7whDaiLZRTurMR9e1I6BJULsT9TxhvZcgF2cViiNr0Bl2Kc4kHGTalLMZnxHj_28bH-TMZwvGM1nEcA,M. Garrison,https://play-lh.googleusercontent.com/a-/AOh14GiNCNif49Oe0p0OlMHhqoicTSuk2BEEHsrrBiX3,It sucks. Nothing at all like the desktop version.,1,0,,2020-11-01 01:20:36,,
gp:AOqpTOEj8wZLGEA0udQu2G5mMhPAiNydDa5QZ3deO5UPh-yoTh8g093s5B5ZcmVQHTLKYli5jLd7MwqFBB-PYg,Rajesh Kumar Kasodhan,https://play-lh.googleusercontent.com/a-/AOh14GiKPmkUbAmqzbTv4PIE8V1qGyaLFFTJ5woIbRRe,Bad app Octat stream video no convert,2,0,5.1,2020-10-23 13:18:11,,
gp:AOqpTOE0SDjr64clCJ4RV2SR7pCudw9JUaQ1OQeil7FO-ioFYduME_kgH-0c7chRzVIDn7KmaHtbWC_aJxPB8A,Anthony Richardson,https://play-lh.googleusercontent.com/-ZAXFtA-POSM/AAAAAAAAAAI/AAAAAAAAAAA/AMZuucnxDZLUiPBfRWeAHtimiw_C5GhV4g/photo.jpg,It worked once and stopped.... Garbage App! Don't Buy!!! 😡,1,0,5.1,2020-10-17 14:44:31,,
gp:AOqpTOHN7d_cnMR917NP1RuugLOkSOutsWlueqcd2RuKrbJ6TGpc2-1Q8cZ_P95hPi9Z7CGoI8z2bk8Mg4XXaQ,joseph renante rafols,https://play-lh.googleusercontent.com/a-/AOh14GiZXkGII-LjaU0A3S5UXpSvUZcproCFWPBVYm4VPQ,Nice app,5,0,5.1,2020-10-15 14:13:39,,
gp:AOqpTOF6i5qAscItvkz1uMrk9MkYwxRU8Es1rgOJpGgW6ZqF9Uc_zjIzs0DtEANj7hm4XGc5qMR6ARKRUymJJg,Goraya Saweet,https://play-lh.googleusercontent.com/a-/AOh14GiF7Q2K06zN1kKdazwosFiIvGY5UQMzhCYXkm9E,good,5,0,5.1,2020-10-13 08:38:28,,
gp:AOqpTOG3a3nVUqtASg8ROyVmiKlIfybA5eHi3SNgjSZNUiJle3J4hrHoNeIiKAjBSXpmydhijrPoP87jB3t4VA,Andriyansyah,https://play-lh.googleusercontent.com/a-/AOh14GgtRginT8K9EzKJm2DfwYFND05Fl4iyw8LRFJrI,"Pls fix ""developer warning for package....""",3,0,5.1,2020-09-23 20:59:50,,
gp:AOqpTOFuEZGjwxYrxOBVQVKw6-pQN2kJe0IPrMpbvw22WUFI2pSEcaet8z4sTBe7aAKIybgECGzlyfMXZ9ER9Q,Crazee Craven,https://play-lh.googleusercontent.com/a-/AOh14Ghph9a4UMGXpKWZutL_w16Nzy2Sd4-EQBGH53wmKw,"Fast compression and doesn't stress my phone too much, unlike other apps where my phone heats up like a toaster.",4,14,5.1,2020-09-22 07:58:22,,
gp:AOqpTOGpomdr4spxoTn-B2jTmrUxfV6dA5nyVQW7I5r7eyjV2LDlrrMAOJHBQvFQ8VjVG_YpqCw-v4O_D5npzg,Vinayaka sharma,https://play-lh.googleusercontent.com/a-/AOh14GjcsEIs_Ht0goGn-abFhXIL1puvHgK_caiD2-0PSQ,Super app,5,0,5.1,2020-09-17 22:23:53,,
gp:AOqpTOE8poScsFhoIm5j33lsfoxHr8CgXUkJyIygKeY1PEtrNFq8uI-kaVyR8ju0B1UkF4QgupsOn-F97ErTvg,dj kubano,https://play-lh.googleusercontent.com/a-/AOh14GiKYK17aFn6KCGHixsF5QYcwHZMKD-m02PdetaAJQ,Good,5,0,5.1,2020-09-14 01:37:35,,
gp:AOqpTOH6q7gHZygWHF5HPlcHVIpYZ5Bx1fkkTVyOn4UXrx2h98U2hLXXpGiyfLPy63HYzU9yAPTDxeuEnvnnyw,Sarwansree Krithi,https://play-lh.googleusercontent.com/a-/AOh14GjJac9HR2GuqSszcQf3ybLA2c_oX0jCTfvFkK_5,Good 👍,5,0,5.1,2020-09-09 17:30:16,,
gp:AOqpTOGRejxUNbM_n9QnJoQxGoIkzUK--R71uCkdBPrQpGeiUSE_2QxE9Y02QxTHLZU83_VPpg8D1uO3pFAzew,Haznie Model Aviator,https://play-lh.googleusercontent.com/a-/AOh14GjOHBebgl3Lg6lEq2AtWgcFw0Nb8gcFujeCKqxfYw,Must have this app,5,0,5.1,2020-09-08 17:15:18,,
gp:AOqpTOH2hG28O491aPUY6frnncu7PEx_pX9a4-Wx-WKhKnOPl-PmN2ghO5_TFTMci5LOkfGvSKRYy3HwWc6GnQ,Today's Trending Videos,https://play-lh.googleusercontent.com/a-/AOh14GghoFGFZIRwsV9aa3ubcuHBK35MNGStAQjCnUbPxQ,After Compressing In This App ? Video Quality Will Get Too Low 😂 Worst App 😬 Instead Of This U Can Use Panda Compressor,1,0,,2020-08-23 02:59:57,,
gp:AOqpTOGnolYVK-d_TUSZQc80wPsFhrTJ5AEnAgiih1qIB0e8xnYozUJFGsQtboAkiKl4UjllgEWFFr9xouoIgQ,Rishabh Ojha,https://play-lh.googleusercontent.com/a-/AOh14GghB6dQjHxp7_GNHWp8s_55Cg-gGisZDu6Q1FzVHQ,"All good but cannot find an option to join videos, that'll make it all in one.",3,3,5.1,2020-08-18 05:49:36,,
gp:AOqpTOGiC5KypCTMCuDN5b9eDnaXH-OkuSybBBJ7dO9acfmtPNM5CaG_kNG8gOcFIO_t2PkYDN-F-TeBBGmXCw,Pradip Makrubiya,https://play-lh.googleusercontent.com/a-/AOh14Gi4aCbLLI8-86n1FEZ9wucDpwGES6PFKAB7VHcH0Q,Good app,5,0,5.1,2020-08-15 05:12:53,,
gp:AOqpTOEyqKW8z_i3CGHDwxuc0imRHYXkTT7aKz_UNGdNJfR5fch-dq6maeoamm2YaW03ND9B18rpvPwGvyu9_A,Roopak Nayak,https://play-lh.googleusercontent.com/-2KxG6vdTtO4/AAAAAAAAAAI/AAAAAAAAaLI/AMZuucmIz3bQc8s5r2_Koy7_gFRRDyifHQ/photo.jpg,Good Application for video conversation. Please provide option to add video from YouTube as well.,5,5,5.1,2020-08-08 21:29:13,,
gp:AOqpTOETkmN5dTcJyEkiScww4SijClOXtHjUIgkBbJ6W1natdk4F711-L3MEOUvhKPLUOCTLUyMUOaKM94ZDHw,achar i,https://play-lh.googleusercontent.com/a-/AOh14GjzABCXPD3ONFZ50QYobpEUiYTyZUXPCrYbCdXfkg,Xlent 👌 👌 👌 Super,5,0,5.1,2020-08-01 10:22:13,,
gp:AOqpTOHXdJr8AcBBWzdGMZWWiNOg79dW3JSaBwCATimpx6r8fS3T7z4MZwyhpQYoGFX98ZWL49og_DUUGjOkxA,Mosha Mohammad,https://play-lh.googleusercontent.com/a-/AOh14GgyqkXcwL8c-bdL-m2SiIgxl_CFyBTzd1KL5eFW,So far so good,4,0,5.1,2020-07-15 01:51:58,,
gp:AOqpTOGUseWEXyws2WhhaD5QBvJr62PZpS7hKOtf_Ws5TarYtUAHi5DSQqUqsFgOdjkE4mlDRu1nlKSnlOl1SA,Bill Laumann,https://play-lh.googleusercontent.com/a-/AOh14Gimu9bXYC8Wcki83hzmGVaf_y6naQqkhGm8drr8TA,Good good very good. Fast easy conversions from and to whatever's you wants,5,0,5.1,2020-07-13 17:38:52,,
gp:AOqpTOE6Pa-loX1cr_p-rVnDwF9Y8xF3u2tpJ62sr7E4v0J2-5q6Q_TMR5MGZ5uP7ZcL-Q7ZTY0EwOOAm5cA0g,Bud,https://play-lh.googleusercontent.com/a-/AOh14GiaFGNNTjrKh-Utn8Z4maQ9FcYrgmtI7cHzeBdhRZ4,How can I paste a video link?,3,0,5.1,2020-07-10 13:12:10,,
gp:AOqpTOFsN04SjHvW1x_cbhZnJ1mvAvBbHoBEiq2lSe0Qp_eDSRhPItcWxIFJFflmBPkbC_9TDjiih0V0jX92bA,Jumiatin Tin,https://play-lh.googleusercontent.com/-t7ziZswaqCc/AAAAAAAAAAI/AAAAAAAAAAA/AMZuucncXZ-u-5Nf54SkXNDAfyEpgmDkhg/photo.jpg,Very nice..thanks,5,0,5.1,2020-07-08 01:38:19,,
gp:AOqpTOFF-Gjp4a3rIAybrqQPcybjgszFJ-7XrI8AkamLW_TWPjbJNlGRa0cY-8fT5xGBsEwyIDypP1VXWB3jpA,KHALID AL HINAI,https://play-lh.googleusercontent.com/a-/AOh14GiYgCq_TDNDRmqFE3KGUubDZxG2mCwMxRXSnNgiwg,Great,4,0,5.1,2020-06-29 04:11:54,,
gp:AOqpTOE9d__CQvte8a9czNZsczueMZUNaEfVG7HW8jCEsopZGT7VHtXvYh7wgvYBNp-MIN3prUN4bIfcYT8c3A,Lakky,https://play-lh.googleusercontent.com/a-/AOh14GhVtW4LYOUNGQGHyvx6FeMI9DcZ3VP8ruu7sV8B,Best one,5,0,5.1,2020-06-29 03:32:06,,
gp:AOqpTOHMKz_0vlFuObUaeg_abjQqnAF2giH0RvWVg6vV30ptpcs1F6v9Mg6gOAoPgRxgoyvReh6vsA_JgGo8sQ,wu tigers 061,https://play-lh.googleusercontent.com/a-/AOh14GiaTBZU7_O7Vs7i5STxYmFoJd5ip7dtL_zOFyUv,Software သုံးကတာအဆင်ပြေပါတယ်,4,0,5.1,2020-06-21 20:22:41,,
gp:AOqpTOGDtk08p3uqYnlIXJ-qLqn5bQcw9K8Om9xeZPPZ9BrajCh3kW0_1fDOv5gguc9rpv7HM0YJLGWywkhpMA,Anbarasan Ramachandran,https://play-lh.googleusercontent.com/a-/AOh14Gi2tX0NKz8zN6-oBeE337UyNdTp7utI4C5gEOhJxw,Good App.,5,0,5.1,2020-06-19 10:13:25,,
gp:AOqpTOGMHMoi51uNcLe9gKVrXupmyBJEQt7l4K1OmdB_Xg63g9wsLVE7lIs5LJshFHGdEEkpqkdlLhluyQgTaQ,Rohit Kumar,https://play-lh.googleusercontent.com/a-/AOh14GgZt9Zb9N6WcqtLLiJOx24an7Nu6NvG576wqfnihg,What a superb App i gave it 5 star awesome keep it up admins,5,0,5.1,2020-06-19 05:52:10,,
gp:AOqpTOG5qYx_9B-X9B6vsuYECEDeWE89pyctTpYSOSlx5pgFsXQSQ_1HxrkVzwRS3LIehn5qbdE5uDa6HN_jnw,Singa Goutham,https://play-lh.googleusercontent.com/a-/AOh14GjDKO0oP6CFWwpA5f3qq_AIk4LVpapb1W_Z2iaBwQ,"Works well, App interface is easy to understand and it is easy to convert any file",5,3,5.1,2020-06-15 23:41:49,,
gp:AOqpTOFa4fEybmfQLhtYrVTWtD08Z-OQVk-jTokZfGtveX9yYc51f0kBze8EYLYzbTg1qpTJ3oDnlMZa7mIbWg,Gopi harikrishnan,https://play-lh.googleusercontent.com/a-/AOh14GhFRYfMuAZo5LwmFedEYmnTpqOUXHaF0ZUcpRyxEQ,AVS Doing good job. But Need improve app performance bcz 2min video to convert takes 2 hours....,3,0,5.1,2020-06-14 05:17:59,,
gp:AOqpTOEHxaYmAFmrnY812UXRMf9jiuP1LzdTj8EnXgyWmvCQBQAuGB6w9waKexIwPQeMExmZt_PSeJYVIbGAnQ,brett jones,https://play-lh.googleusercontent.com/a-/AOh14GizBO8-1NUHXGLz30Bi2-W40RGv9jHURntGYsifhA,Works great!,5,0,5.1,2020-06-04 12:04:08,,
gp:AOqpTOGi-vlsldh65R0gyGhkXb6rP58QAo5f8kKSaVPZYYUVa9FJvZIuY-wXuSbegbXqi_7fSpQZ5MsUd3WWbA,Arnel Endozo,https://play-lh.googleusercontent.com/a-/AOh14GgHRnivXYTYvyxMZjPYkpxCnhrksR9t-9u1yrmJ,Should have been 5 Stars if the batch video files can be joined into a single video,4,0,5.1,2020-06-03 20:15:46,,
gp:AOqpTOEvCw6awC0nxCBX3LMIAKsmy4UKUBYFyF6anWJ41sxvLIpiSQt3WEwYqNdNTtkbYDoKypXsGgBYs_AnwQ,Blu kitty,https://play-lh.googleusercontent.com/a-/AOh14GhM9yr_zkA7FarPLCluxYn3bNZPLDxIA6_No01lB1E,excellent app !!!.... the best 🙂👍🏻👍🏻💕,5,0,5.1,2020-06-01 21:52:19,,
gp:AOqpTOFwagWARuKmJxQZQhNEKEF7vsfE-NF9sP4Aqwlz_xjcATgMTPqMHK9U1pwfmYBVLCtBddRfNUjM4ciiOg,Keith Pearson,https://play-lh.googleusercontent.com/a-/AOh14GidtHFXvNL5w_N5OgIcqS0D7oTHn9iowwZUpKiRxg,Works well and also allows replacement of audio. Only wish you could add more than 1 clip and join them too.,5,3,5.1,2020-05-24 05:54:58,,
gp:AOqpTOHpUKZfHWV5Yh2uqF9bmRsqpiuFU9bytfCHXU1e1W2WwvoxGl7QCTufnzb4O4LNBWzvfMSwH4tqHdsquA,Imam Pasandrinata,https://play-lh.googleusercontent.com/-ods_RxmnLok/AAAAAAAAAAI/AAAAAAAAAAA/AMZuucnBy0d2wxFzcO-QBroiy78Ny9zOYg/photo.jpg,Nice app..,5,0,5.1,2020-05-23 19:22:15,,
gp:AOqpTOGT1XE8i8Cmi1AIS23zeyk7FZ0UWC8kQHGvMjNWpJCafCl5coZZEbf3dBQixKAbRzgDVLFV75ms95gz4A,Mark Waga,https://play-lh.googleusercontent.com/a-/AOh14GilDw3H9C1k4mCRtPejMrDVPOsgoosq-7YEt4tECg,Very useless app.,1,0,,2020-05-17 08:59:01,,
gp:AOqpTOHhiwXrqEjY8EpIGznSbrMEi0gAkpOZZ245jku8B_GeZiaPTCrdQUkHf76MC4hheQDk38OwxggjAIUAyw,roslan pilus,https://play-lh.googleusercontent.com/-emHB7JM4eIo/AAAAAAAAAAI/AAAAAAAAAAA/AMZuucm_ZP2PC0-yHCna-uyne0mQKRynGQ/photo.jpg,So far so good,4,0,5.1,2020-05-16 20:28:40,,
gp:AOqpTOEOWUfpkt_pLCcJ4lXa6abZFcLge9dlrpIwsDna--bHkiDbKKMl3IT-wHyeNH4WZ0fwW3xzII7nKZ-LoQ,heather maiale,https://play-lh.googleusercontent.com/-QXaQMODQl-M/AAAAAAAAAAI/AAAAAAAAAAA/AMZuucmBUnXPd0h8k_nAkxg1uMNVCHhFeA/photo.jpg,Misleading name you cannot even see .AVS files in you device at all,1,1,5.1,2020-05-13 21:56:38,,
gp:AOqpTOEuEQx5uIurxXIxmN7QIHetEMkUq1L7Bywse1XuqAQtphMNcOaS_69tZ4lZZmSoJUsRIfqJGkGVYY5jsA,Nick Sprowles,https://play-lh.googleusercontent.com/a-/AOh14GjXxzEcIO0Ru0qxmmR8dQvC4CoI7fERFY7EvqQ4_Q,Awesome,5,0,5.1,2020-05-11 17:26:00,,
gp:AOqpTOFgEJvVoL0bw2rLwxIMQYTs9Su5793DGPNDYPSaZzZ7AdKApZs0HzWwrcALQtqM53m2T2WJ6Qy1kyjFiA,Jeff Evan,https://play-lh.googleusercontent.com/a-/AOh14GhQEwWm0NDd9NfCirGEPFClV22rqAQCMclzP4gVMg,Great application for all purposes,5,0,5.1,2020-05-06 11:30:14,,
gp:AOqpTOHz_TutkcfsGRT10SJxYZpcuYYeL5lqA2gwUHfjLumaboEYAbpKWHivnERs91yIQmDSYayDVlMO-VuYDg,Khairul Amri,https://play-lh.googleusercontent.com/-xL4cQlS2ECw/AAAAAAAAAAI/AAAAAAAAAAA/AMZuucmvclO4FD3Pu3tZofYzZ9ArFKEpbg/photo.jpg,Excellent bravooo,5,0,5.1,2020-05-04 04:27:20,,
gp:AOqpTOG3y_tptHTPsLHclWwEkGGa342IZVVtZ0XKHeLJK5lZwPmvqgWZq5gndJVIggtl2fJZpkedrO0yECCsUA,Patrick Baio,https://play-lh.googleusercontent.com/a-/AOh14Gh8N6O9zh4s9HKA5rS0J_ke7a8sZ4ghnfbIcjwgAg,I find this app very useful and well thought out. I find it very appropriate for all the different video and audio work that I do and being able to use it on my phone is awesome. Thank you developers.,5,11,5.1,2020-05-02 17:55:19,,
gp:AOqpTOEd2UWx0GE0-APlrUfe8Ttyk_VTHOpeu-jhgQmdVr_QYeSER-pF6yGlivvOnopPrBvUt9W9c0Ld6wBaaw,Dampuia Chawngthu,https://play-lh.googleusercontent.com/a-/AOh14GjtxAMH1NUF5qmkArTYFkoeWak17GVafXGaAOVtXg,good app...,5,0,5.1,2020-04-30 02:48:20,,
gp:AOqpTOFpTxsrJlQqfvTEC4Nm8pSsQDHPPrxg-i7vMtzDd6Buc9qQLlSYBTtJahKAmLT12mX5UxQq4pNEdDadeQ,Suraj patil,https://play-lh.googleusercontent.com/a-/AOh14GgrycomGY183esi4Qt5SFXhXXQl27rwDcMxZC0fow,Worst app don't buy,1,1,5.1,2020-04-27 02:36:09,,
gp:AOqpTOHUQxTyljsOv3JtLx4Z17iBJoUdiQu4O2nAY7brPYhgluBkHv3oCEzM1dK1V5qCWjfB9BpflwvdzSH1NA,William Mpotaringah,https://play-lh.googleusercontent.com/a-/AOh14Gj1RC1VonQZ7ND8VCIXiGxNim84L7KyiGM4BNZpzg,Okay,5,0,5.1,2020-04-23 07:12:27,,
gp:AOqpTOHQKvZrC154nG1rPJOrio05CDNg6gW9a8Z9Dtkk3bK7WmBlgCVGf7TdS-aeSC1NxJyVFjl5yhk9U-zNfw,Dwaipayan Deb,https://play-lh.googleusercontent.com/-8NNNNIfI7JY/AAAAAAAAAAI/AAAAAAAAAAA/AMZuucmre061SERNpMF0pCL1my1M7N7ExQ/photo.jpg,"Worst paid app I have ever downloaded. I wanted a good video compressor, so seeing it's rating I purchased it but now I feel cheated. There are free apps such as 'video panda' that can compress big files to smaller sizes with quality better than this app.",1,9,5.1,2020-04-18 22:48:20,,
gp:AOqpTOEZiqDWkXV3hSHvCuVrH6WRsL96dyOOIta4GIohupj6UwSP23ILOSN-w6vLuKDpGl1JM7cEQ2VOCF3L8A,Eng'r. Prakash Gautam,https://play-lh.googleusercontent.com/a-/AOh14GioysNBDawUAlzmc4eQLzYM_8yywUEhPuZRjN4D4g,Good,4,0,5.1,2020-04-18 01:23:47,,
gp:AOqpTOEM44ugv49a-Zl0ZTxG19BDTt2BDEqSfX3DFcuIyfoShOCIx374M1VdrQJT8nbDf9XFBohNBcxF7CBcHQ,LORD ZERO,https://play-lh.googleusercontent.com/a-/AOh14GgKWS7puDpTyga1cHWJo4YSFIyMYLSyVoZZ0FnYJw,Super slow converter it takes forever,1,1,5.1,2020-04-12 07:03:50,,
gp:AOqpTOFOeCl529xj6Ttr8-WBfkLU54j1th6pJRreGYE9F8Dk1yficzxJRRqSB6k7odMNSy8ID1WwgxjVidyFWQ,Otnial Eko Pamiarso,https://play-lh.googleusercontent.com/a-/AOh14Gg1WKfw_sR4HOsg-WpqGyMamU2hthE9gduglyk8vQ,nice apps and powerfull,5,0,5.1,2020-04-11 08:52:56,,
gp:AOqpTOEGt80IBsO6Aul7GbJNmeduLx2yHEilstGK7rpN2lc4civh9C_Sw__5C1A0PEf054CyEvQfr3vem6Lv1A,Private Citizen,https://play-lh.googleusercontent.com/a-/AOh14Gjy3tiB54gbReRTzWy880YFRuhIqB7BWhzb7YnJJA,"Not worth the subscription. If you need to convert enough to make it worth the fee, you would use a PC and a real program.",2,3,,2020-04-10 21:30:59,,
gp:AOqpTOFDf34qYt-6IJlKV1wmOXDbQn4ZLr171dTCi3Zw3-EIi5uPI9UuBjqtEG-SS45RUXvJq51JaxvSp-TY7w,Syed Ayub,https://play-lh.googleusercontent.com/a-/AOh14GjGVGBQeEypnhC7ll3EI9XT4dQ1MDCkwxfzAxBIAhQ,Awesome,5,0,5.1,2020-04-07 04:20:35,,
gp:AOqpTOFtjWpZ2820d6LIipqLXBmzrDdqI1oKa2fwlNl4ZI9Pjl8D4oWFufeeKyJriNPUVeR_doaEZDv9rS0Cng,Md Wasim Akram,https://play-lh.googleusercontent.com/a-/AOh14Gi2cJ7Bl8dbK34e6jgHz7wX25ldDRjoW_DV8mnU8A,Extremely slow.,1,1,5.1,2020-04-02 22:37:29,,
gp:AOqpTOHZZxCJ1V5oKdPIyahWXcwqCOPaGTleivVmGFQVDtqEHr4ZCslXJO1t6e2gC0KafxXTgVxBkhUaYil7PQ,SHUBHENDU CHAKLANOBIS,https://play-lh.googleusercontent.com/a-/AOh14GhQ3OiY6C1vgRujpQI1eMxwzd7UoB-lWRvTlq0P,Want to cancelled the subscription and processed refund,1,1,5.1,2020-04-02 02:35:37,,
gp:AOqpTOF-EeuiHh8VNl7I2ivDUNJEdHkg6-q_Yz-cuSKH4TYjr9QscTeLY53Q_Y9ywGzLzVkVSOwAE1Np2nfGtQ,Paul Cutrona,https://play-lh.googleusercontent.com/a-/AOh14GinM62Q4OoE0yuvXQaE_rAXIRbtoUwFEDy-hf3nmw,"Will rate 5 stars if developer contact me to help with flashing message ""com.keerby.formatfactort"" failed to post notification on channel ""null"" See log for more details. The above message continually flashes in program. I have very little time on this app but will update shortly.. UPDATE 4/1/20 THE APP is fantastic deserves a 5++ rating but I haven't heard a word back regarding a fix from the DEV'S leaving me no choice but to use it with error message and all. GREAT APP LAME NOT GET DEV. HELP",4,13,5.1,2020-04-02 02:31:26,,
gp:AOqpTOGijoqAlOE4dZDcQUVh1-PzbwJRLvEnzzjgcTwEuFpairW2fBnJhRVlz-sIDOetwT0gO6OvDUYc6PBHsg,Rahul Reghu,https://play-lh.googleusercontent.com/a-/AOh14GiHBa6aDP_1nworfk8_EzmbvGLn-lvMtalijBqrMg,👎,1,1,,2020-03-28 23:26:47,,
gp:AOqpTOFHy9sgbGexXWZAfBEZDmgH7naQOGNn9QowoP8RQI0humPP-iYrGm4ZJhtwb9UpV-NwmYrHobUVg6X8ng,Subra Mani,https://play-lh.googleusercontent.com/a-/AOh14Gic6Btj2SCCQmxVbIzi6l5QZmkw8og8uGWXq0OC6A,Not working properly in my phone I am using samsung A10 please support,1,1,5.1,2020-03-22 04:14:28,,
gp:AOqpTOEMRMAq3Kze3vW7g2_sAOP1Re5kRRHeglVmysl_x9rjlFbEA1LVvXVSGc4jVuZO6m3oY0mEzZM0DokTkw,Ian Flukie,https://play-lh.googleusercontent.com/a-/AOh14GixZsT5KrHQw5dmqND8JOZhIsBwZGN7AYF0eZNcqQ,Brilliant 🌟🌟🌟🌟🌟 working perfectly. I love it,5,0,5.1,2020-03-21 03:14:07,,
gp:AOqpTOGDu3YMct7lxZwAhvnzeBtRiWwFX48FVGYybCkPVq82GCiJDNurvZ-hsJO1JclUNGCDYh_4rIxxflx0Wg,Abdulkader Khattab,https://play-lh.googleusercontent.com/a-/AOh14Gjo0MxP74lJG-XfHYsyiRKSym59SW5_8VeOpmcu,Excellent audios & videos apps. Highly recommend it.,5,0,5.1,2020-03-19 18:06:29,,
gp:AOqpTOGi8eFnNuI_OaBR9x5vrd0cKNChEXBWDwsXFEzMXRpeEOSmJM30fr8hvvotwLxO7jIdce4URqsMCCktPQ,Tin Klanjscek,https://play-lh.googleusercontent.com/-co6g5ND0BUI/AAAAAAAAAAI/AAAAAAAAAAA/AMZuucldE54W9VfGdRtBU82lFi2_vvllDg/photo.jpg,"one hour in, 0% converted of a 48mb file on a six-core 1.5ghz phone. The arrows spin but at zero frames in hour this thing is unusable.",1,2,5.1,2020-03-17 01:13:53,,
gp:AOqpTOGTUkLuvlVsp6DXkrp4x_8ObqfuTwDrWb2gthX3Yg3fumKcIRr9uNaoEPFPrUCbd0HvPfWh0yzgt2jBhg,Ronjezzy,https://play-lh.googleusercontent.com/a-/AOh14Gj9T6n6NGIOmMZxgj0EG0B7dkw--D0h1K0fyYmfaqI,Very Good,5,0,5.1,2020-03-12 08:08:01,,
gp:AOqpTOGNH6-B3EoEdJghv7PLWCuUX0yW-XrR92kVDmDEOfL3_oi4jYJGYNeLfAnHvjDgVC6APGvcfl44Ce8LHA,Gnanasivam Dharuman,https://play-lh.googleusercontent.com/-wRYctg1N3PM/AAAAAAAAAAI/AAAAAAAAFYw/AMZuuclGY_SNEPiQWfGahjW0F2CBOZEfSw/photo.jpg,Extract option not working,2,1,5.1,2020-03-12 03:41:57,,
gp:AOqpTOG36bv2cN8L8lRnrkdOpvbvzP0CaZbRYS83eu2P7qn0jzXKPl42IdjGCz7u-Co3mUf7uFMVtyiX4-Vtxw,Gerald Lynch,https://play-lh.googleusercontent.com/a-/AOh14Gh1D7YEUEnlzNepRJubkeZnXQDG27wJxo2TngOzFA,Works for short vids convert movie failed after hours,4,0,5.1,2020-03-10 05:31:35,,
gp:AOqpTOGzlDMJbg0wIR6rVjdyUoCS0dnqqwTJNcX7YNskiCgRnbpFjTWHPGWhR-kB6p4bbtzCqwsIEIa_H9Y_Bw,samir prince,https://play-lh.googleusercontent.com/a-/AOh14Ghos0dGJXTS3Zcaji-2CVSbhmwqED45qlmhEZXwQ4g,super..,5,0,5.1,2020-03-01 10:03:56,,
gp:AOqpTOGboG2BwNsrYSxQwpz_qtHjtbTtyZQJDZtcFoarY2uT0E6RdgPgZSQrBOKLsrjQDbrhcs4x7Zzqm_YkOg,Pierre Lexus Xavier,https://play-lh.googleusercontent.com/a-/AOh14Gi2RWhP_qE0CX049NIjs5nGvuRvQ6HimbT8RKFi,"Very good cuttings, I like! 👍😊👍",4,0,5.1,2020-02-25 04:48:02,,
gp:AOqpTOFDn8fgdDIU6AscKg0I14hjVVGpupfKvJbAeVtub2GxXq4nLoUwksRjlcdh9F2L5EHLFNymhKeDOvu8wA,Nikul Bhatt,https://play-lh.googleusercontent.com/a-/AOh14Gj5AUjFJfEjMQDPbhatWjKxBxf7Ylk9in8E3imSsKc,Doesn't work. Keeps giving error. Returning it,1,2,5.1,2020-02-23 21:56:45,,
gp:AOqpTOFaGWYRoLeuPd22PLWMlIBAuHJYRh3JvyLjhxyefyDLKXMXAwXB56xNA9TLfjt0iBPGdA4wyP8MxCKDcg,John Jenkins,https://play-lh.googleusercontent.com/a-/AOh14GiT1qboDnfesUJ3VXk0PASmR97zDSQEbqRypLlSqA,"Longish processing time given the options selected when compared to other similar apps. Obviously your experience will vary being that this is a very subjective observation and I did no benchmarking amongst different convertor apps. Give this one a try tho, the experience is good enough I can overlook a slightly longer than average process time. Cheers and well done developer!",5,13,5.1,2020-02-20 11:05:21,,
gp:AOqpTOFm93ZzPbAJOfiYQQGRI3Sm9n78Q_4JIdiFegVSqr0tgL2KV57Ky5xCrKF_8YwIotZf5UjiyxhEV29r8Q,sunil chaudhari,https://play-lh.googleusercontent.com/a-/AOh14GjQpRKAd4VpCTEivn_CRD3www77ZiUZ4uagao5hH6U,Thanks . Its perfect,5,0,5.1,2020-02-17 09:25:27,,
gp:AOqpTOHKsvia2pLuAJM_KNbilI5Wj-VOYEHQa8dqXPeHW0_GRtDGuzhcj3I_qGjuWhgTtS1IcDA7D6qgLK9lGg,Arash Belarak,https://play-lh.googleusercontent.com/a-/AOh14GiZorBD0l_-kNcQ69vg5W3qpMDxwrz3ZOheHgJ4WQ,Can NOT open PRV file,1,1,5.1,2020-02-15 07:48:23,,
gp:AOqpTOHdL2PXLDvI7Yyol4QOgDf6AXA5XU_QqFHRmYYUrWkUbXSvPxLdYvxZTifoKszuKJzt8i10uewGwwqFBg,nasir waseem,https://play-lh.googleusercontent.com/-UiINPpKVVSQ/AAAAAAAAAAI/AAAAAAAAAAA/AMZuuckKOx9MWEAnLjj_65AoFKLBjWWTNg/photo.jpg,Very good,5,0,5.1,2020-02-15 00:15:07,,
gp:AOqpTOE5sp6kLV1Y3NEhaqMbkkiy_KdWw7WJ-exdHlumD4PARvUXRk_BDD6XrKdqBnSwW0tQO8atHfOEa0wKlw,ANTHONY S. LEE,https://play-lh.googleusercontent.com/a-/AOh14Ghwete6HLgxbE5bMnbzUOM_Yq5-VAxXTWfuIVLx-_s,Very handy app!,5,0,5.1,2020-02-13 04:14:42,,
gp:AOqpTOHaKq3CUjGLm-NeamYAsJb0uvqEZOdb4F9KG6EkBq11cDfqG4fbez9pLEHYv3Gtojq-PM6tBOwAvCyvgQ,ON CAMERA,https://play-lh.googleusercontent.com/a-/AOh14GgrMhvx-IEjXb76_nRGdvFGlNLnIQNGTdK960ngaw,Very super,5,0,5.1,2020-02-12 10:29:09,,
gp:AOqpTOFTbxzBR15xkv-69imKZmOe3KEV3JxtsVv3mgN9jsQOYDAExk6WdF5IVO-I9EA7RRttqson2GfeN1OGfA,Pradeep Kumar,https://play-lh.googleusercontent.com/a-/AOh14GiwI9ZK6lnH89Jvf_kSOhhB6Jqy8PoWtTP6KV4xVA,Cool application. Does what it promises !,5,0,5.1,2020-02-10 17:17:40,,
gp:AOqpTOGAQKxQ4zYBiB6tn8JBxbsjhyNO3JZ-BGinKU4sLWIW66flfWw6Icn4OLyjBjWbVAsgczNBLi4RAWHoww,Jd Fuentes,https://play-lh.googleusercontent.com/a-/AOh14Ggdb2Ga6OWLBmUN4PFJ9G83wN62XtyKFP2S2I1riQ,"Wasted money, doesn't work. . No video converted",1,1,5.1,2020-02-09 00:51:52,,
gp:AOqpTOGDvAckYc-xmXxR3kKOyxkHH-F0DJGsZXK1fK8b410U8hefbCWtW7aj-yJTO87giktXedsJ9E36tZH0mQ,Optimus Prime,https://play-lh.googleusercontent.com/a-/AOh14GiPHXhmAzzT2DzybVUiHvFQCU2oedfHZWsuUtmm,Exceptional app for converting video files to different formats and better qualities. Depending on your phone's capabilities coversion times can vary. In addition to different vid formats there is also a rich number of both vid and audio options such as bitrate and fps. I haven't personally found a better app yet that converts video files than AVS. I was surprised and rather excited to find this program in the play store. Five Stars all the way. Kudos to the developers! Great work!,5,36,5.1,2020-02-07 23:41:59,,
gp:AOqpTOGnNCBI0xYOs7p8RBraK52rx3_svfOZDrR96fMZva1sioAAiq_Gwd3hoku6YWbxlHeJDyzReaE_gfyOvw,Oluwafemi Adewumi,https://play-lh.googleusercontent.com/a-/AOh14GjuFvpQ12J_J5OEFy29-X2KckwZa7zUsSSFiLKg,Awesome,5,0,5.1,2020-01-31 18:18:15,,
gp:AOqpTOEGXbP_MJiqaUjiT9-NRZxsQQ5Mx7lw6KrygmyhHHN1AhYJzY4vw39y5T_M5V6TJ_cuRuhsHWQ8qGRrlg,Ghulam Ishaq,https://play-lh.googleusercontent.com/-TRCjkeIuVm0/AAAAAAAAAAI/AAAAAAAAAAA/AMZuucmZoycMc8nHaA8KZD3CwXgy6bYiUA/photo.jpg,Find good,5,0,5.1,2020-01-30 06:02:37,,
gp:AOqpTOGX3boXgYx90G3QqYPHtHQMQIDskoaAbTBY4Ym6VOfNQCF3GXbd2tSTB8bDFBIKNOa7N8O2DTCLnXrtrw,ಶಂಕರ. ಪಂಚುನಾಥ. ಸಮಾಳದ,https://play-lh.googleusercontent.com/a-/AOh14GgiRADlNwPK9gZkknK3eVu1hMVsI4L81MeFjK23uA,ತುಂಬಾ ತುಂಬಾ ಚೆನ್ನಾಗಿದೇ 👌👌👌👌👌👍,5,0,5.1,2020-01-30 05:34:33,,
gp:AOqpTOHJDbQ91X2WZJrmwT5JZo6pLHyCpKLe8h5PrzCZ_xwLbRLG0pSRQ3Skf3uc4VDUPr-PJFlfdvY-YBTj3A,faisal alkalifa,https://play-lh.googleusercontent.com/-3he8xP1P8D0/AAAAAAAAAAI/AAAAAAAAAAA/AMZuucl_y7xuLPOdEQPTqb-MPF1zVZLlAQ/photo.jpg,ممتاز,5,0,5.1,2020-01-30 04:02:36,,
gp:AOqpTOG9O9Jz-EtLQPN10TSCqHDbxfMdI8LgRpZmlpWUfyMQS3c49qZnXtRNRBupFRNI_wFb1ajzb0PCOnk4QQ,shankar.panchunath samalad,https://play-lh.googleusercontent.com/a-/AOh14Gjj1PWa1NGOl3TkJfom5whRcaU631Vnnsa10lDviw,ತುಂಬಾ ಚೆನ್ನಾಗಿದೇ ಸಾರ್ ಸುಪರ್👌👌👌👌👌,5,0,5.1,2020-01-30 00:42:17,,
gp:AOqpTOFjGlVxop7JgP2-wprYncwqGyeuMY50_W4mOH801liVIB_mpxb7OTv-a2_2D0uDEHQOf5075FCxH03AYA,Mohdyousuf Mdyousuf,https://play-lh.googleusercontent.com/-3mH9-5U-XUE/AAAAAAAAAAI/AAAAAAAAAAA/AMZuucmX1oxWhiQ35cvYb-oGeEs7ZsrR1Q/photo.jpg,Thank you all team workers 🌺🌺🌺🌺🌺🌺🌺🌺🌺🌹🌹🌹🌹🌹🌹🌹🌹🌹🌹🌹🌹🌼💐🌸🌷👌,5,0,5.1,2020-01-29 08:35:43,,
gp:AOqpTOEQW1zKtFaDDyLe5VOH5QCCq5KVVFaAu3FUMk5iEKJPiK7mMOadXCfzIM1ICORckBCNMpnibZJuHTOlWQ,lakshmi narayana,https://play-lh.googleusercontent.com/-bKg_Y3eUjNA/AAAAAAAAAAI/AAAAAAAAAAA/AMZuuckMvKP-Dd8ETb0SmlMBzZne-M4zdA/photo.jpg,Nice app,5,0,5.1,2020-01-29 06:49:54,,
gp:AOqpTOEnCSYi_Zbwq1HxCqhcwdnamL9mmfeFk2MN_ySJk-6OpXO21057X0sMh1bQDT7rMl8mS0hr9zx2XQxjbw,Raju M,https://play-lh.googleusercontent.com/a-/AOh14GjyFPpnX-dRDTMA3xjBy8Mf-LA3R14UgiwxhZumpq0,Ok,4,0,5.1,2020-01-29 05:47:48,,
gp:AOqpTOEUMeJbbYZ24x1EYiwzZIs6MvL2IYqUEptSujr0yuKsZc67uBtlnYcKSHuKcQ2nqckq_u5dwfCWIEi2Ng,Raghuvaran Bytegeri,https://play-lh.googleusercontent.com/a-/AOh14Gj1_Ll1wMlmKcKPqEHE-5-N20Pt6sT7rkoAYB1XeK8,Good,4,0,5.1,2020-01-29 05:19:38,,
gp:AOqpTOFZ9UK_R6wX0Ur-Yl75cBv3vuCh2YNOy3PdfAMq7m6aIh1i9r9U-bzEchCA8N6yaULEGWkw2_IC_odf6Q,Sami Halaiel,https://play-lh.googleusercontent.com/-aualPThHv3I/AAAAAAAAAAI/AAAAAAAAAAA/AMZuucm6PJRCl1d9vHMHlgmP96KfrCByyQ/photo.jpg,Very gooooood,5,0,5.1,2020-01-28 18:32:43,,
gp:AOqpTOHEvgT72j3qJzOlzI9y6LYMZnZQhh0z-8lG9ISPMtZ_ulajOvypdGxLtsbVnVwrk5gs3sYfvdikvhQDVg,Ronald Cox,https://play-lh.googleusercontent.com/-JuZ8IsgiVjs/AAAAAAAAAAI/AAAAAAAAAAA/AMZuuclEd3Qc8-siBV66BRi2kpGEqko5cw/photo.jpg,Got to figure it out,3,0,5.1,2020-01-28 11:17:27,,
gp:AOqpTOHyoeAWjhCK88EWpLxWKAaCypPQ-LNOTo3GNK4pK2P8oNKWKcTNHhGpAUzWXKLj4GeTAHyATd7vgW7dAA,shridhar murthi,https://play-lh.googleusercontent.com/-gyqHRqsR8RM/AAAAAAAAAAI/AAAAAAAAAAA/AMZuucn8nVAWcthkTX6rR-k0K7eLZ_byfw/photo.jpg,Best,5,0,5.1,2020-01-28 08:23:05,,
gp:AOqpTOEkalRltF7OPWV2BNEIBkALMQflmc-C6IeWmt3kEEjC2xu6NnkamxTio1arTXcF4ojYyD0a4gaNM3RhiQ,NANDADULAL MAHTO,https://play-lh.googleusercontent.com/a-/AOh14GjpfFJiP2HEEPHHAMBnoASHaOlckPBxrIkeUk4BXw,Excellent,5,0,5.1,2020-01-28 06:14:43,,
gp:AOqpTOF5uHKvs5VDoDupi5J1r5my8AIbrRoVaQel8YWMhqgFsd0HvW2c4yX-zqhGHwP_an_ByBqDCp1-lKVeDQ,Saravanan Subramaniam,https://play-lh.googleusercontent.com/a-/AOh14GhDbpV6l0yyZXvi6l0DhZWV00ash_HpmEt7vMbZ9E4,Good,5,0,5.1,2020-01-28 01:35:52,,
gp:AOqpTOHtQxzG5jm9GurvQu0XnDB_cu0KvpP-dndV3haPAHr2m-WQ_CdL2ynl1kkHpKPXun5XQmBOo53z3WMJYQ,ch muneebulhassan,https://play-lh.googleusercontent.com/a-/AOh14Gg0QCPQSLT5OSYkHAHxNHDUGkxYRq5rBIUTjZfjvg,Good App,5,0,5.1,2020-01-27 00:49:28,,
gp:AOqpTOEp0YZF128Lda6ple5Ir-TuJSv23Kpn_wAd7PFw8DdZ6btEmeH5Tubr1eyvbVAmz5myQy9pTvPeR9EwGQ,ramesh bohra,https://play-lh.googleusercontent.com/a-/AOh14GjC-3swhxMBMAvYADN5P_MAm2Pmomu3Wbxy2948i2g,Jiska nom,4,0,5.1,2020-01-26 18:07:42,,
gp:AOqpTOH6hZBPNiT9r6vVtP9LTUPkpcEpGRFDYDj4sD7xYq6OZ_zxKk2Nzl1MJqJUe0PoMwDAmY-_hFfF0Be3ng,SANDEEP ARAVIND,https://play-lh.googleusercontent.com/a-/AOh14GgFpjsIR70meoJXrkFWjh4Q_r9WYJxn5hMuHVdmZA,Superb app. Simple to use and fast.,5,1,5.1,2020-01-26 06:23:19,,
gp:AOqpTOFvz7tTJmWAMVYrxMvC-1wlWh_s2BobYflSP9qHF2Xd4caqWCqifnZdmUXlpgOXULqe3H5YYwNbWdrd4w,Gerwin Adorable,https://play-lh.googleusercontent.com/a-/AOh14Gj0TL37WpztUdB449XLNADVqo2Gw_qstDEckwXGlA,Easy and efficient to use.,5,0,5.1,2020-01-26 05:19:03,,
gp:AOqpTOEiLY51_norjlYWRxncvnWUGPzriWPLc8BQX-uAl680m7l3xXWy1iG91wAZbTJIt64fcpB6xnuCm0vQTw,Nur Mohammad,https://play-lh.googleusercontent.com/a-/AOh14Gi10fiuVJ3_h12iisa1JWitxK1iSQ06KDuzd39AvA,Best,5,1,,2020-01-26 03:00:57,,
gp:AOqpTOE-sHgEtTpJZnkymwudnMuKpF3im_45fKTU6D_egALKwjt232qdgVLGKz0HvwMDKqC8txbLRcEvjqnE7A,Ganesh kulal,https://play-lh.googleusercontent.com/a-/AOh14GiNq-MMKP5EFENeVWAiCIaF2Faykdk91G0y9Bc_6w,I changed my review 1 start to 5 star because this app is fixed ♥️♥️♥️ now this app works great one of the best converter i ever used,5,0,5.1,2020-01-26 00:10:46,,
gp:AOqpTOG2gR7yZb2Hc1_MqfOx-g9Umf3frARPgDhS48qYpnCkBaiidcghSsx8HRRGDhG6rWFYlOGex0zCZUS6Og,KVMVKVZ,https://play-lh.googleusercontent.com/a-/AOh14GiwTFFKvyRqrvPJiA2SM0ihSA5a59E9l6vS9NMJwF4,Does what it says,5,0,5.1,2020-01-25 21:48:09,,
gp:AOqpTOEvxSnwtoWZnxKiv-jNGn9sTCydcysZJZxrnwBqRHYfbHM5yhz5NXxwmJ5KBqW92QVzmKxiE8AA2Ds7kA,Haitham Fawzy,https://play-lh.googleusercontent.com/a-/AOh14GjrYlr7HgTGGCdOi0-tSi6kvtadg32_QQh8n_51,Good luck,3,0,5.1,2020-01-25 21:32:56,,
gp:AOqpTOEhUHg0aoNz0-DwLQ-oYlfLSq3GLb00itBvf6OQKaIdy3D-RWx28qIShJT3Jon7XS76JDtFy0SMTPS9Ig,mgrctr,https://play-lh.googleusercontent.com/-p91xBBOMmxE/AAAAAAAAAAI/AAAAAAAAA8E/AMZuucmBfs6wXYpWeOmoZ2ZPitcpHHcb5Q/photo.jpg,Fine,3,0,5.1,2020-01-25 19:15:11,,
gp:AOqpTOFRyYrdLjzbljM63XFUlroqhrsdX-s66yk1R2EKVRQ8eJ75isDmpznqKj88-cz0dNPIbI-_Noy4jkT-Sg,Nitheesh,https://play-lh.googleusercontent.com/a-/AOh14GjLSU5ogsyBEq2VQ9NtUDckdjSxMwDOFTDBdSkKZg,Great app,5,0,5.1,2020-01-25 17:13:15,,
gp:AOqpTOEqYNQMqbpnlP1LKGGS9LNkBROL0vBvgOOeJfvraQR6bS7fKElm3lSTTFiuuWKgpiN2fqbv1yaRKsRsIw,Tl Siama,https://play-lh.googleusercontent.com/-9LiHEH0qzpM/AAAAAAAAAAI/AAAAAAAAAAA/AMZuucn1gGMZ317ZNjgbsz3sxrDyB-YU5Q/photo.jpg,wow great app.I will give 4 star,4,0,5.1,2020-01-22 17:52:41,,
gp:AOqpTOFPtOM0Cr-sUEnMjayVHLWfM0UdrkLslutq5aJypC5UJkw7XBD2y_h0hapQMfXwgDqaZ7Grp9ej7ZEVlA,Kedar Navsariwala,https://play-lh.googleusercontent.com/a-/AOh14Ggp20PsSdLVLozX-V14_7g_tGorUcVX9I3pnrPkbg,Awesome app useful for every type of video,5,0,5.1,2020-01-17 00:34:38,,
gp:AOqpTOHz1EEAwP4cAHOj-O_cfsCJGdEs_CUUtQMogzgYYaKRyESjQHV7VCObhjukX0Juk0FnOocGxI01qqZf-A,Tom Blackburn,https://play-lh.googleusercontent.com/a-/AOh14GiV9GYhtX7bOU0Z1ZR6bL3P_A1yNuMiXAKHEO-aQg,Very easy to use and blaz'in fast on my S9+. Thank you Development Dept. for this Gem !,5,1,5.1,2020-01-15 04:30:52,,
gp:AOqpTOG-AQsBtiIHAw5DB77TkRf_u86Rv-2hN2RJ-cJ9aQnE9gGxazB-ESJ4XkXEQdiYIvz5Wpt3Rb981ZV0AA,Himanshu Surolia,https://play-lh.googleusercontent.com/-arkNl0fSaTA/AAAAAAAAAAI/AAAAAAAAAAA/AMZuucleywE0wTGa88W87siIJ2SZOXfSTg/photo.jpg,Better and easy to use interface.. It's worth buying. Thanks for providing great app for pc and now for mobile.,5,1,5.1,2020-01-14 10:04:04,,
gp:AOqpTOGZ4ujXzSZAqI2VwH_GJEaafgWe6U5Il27CpZXZqegRaRPCLxP4AipESKHMSJ-S7WfCkTjtutvDC7dbVw,Quintin Ignatius Fourie,https://play-lh.googleusercontent.com/a-/AOh14GhGGqTOk6CjS-AzrLTYTonMXSZoEUCQ5vTVWZeZ,This is Amazing!!! I use it on my laptop but it is great to have it on my phone with me to use it on the go it my Laptop is not with me... The UI is easy-to-use and quality is great!,5,11,5.1,2020-01-13 14:38:20,,
gp:AOqpTOGEtQyfuyINUrwjKycx01zkrkHODSo8eaYwLJAPaY4zVtJ81_cwUaV7_ZUqWz3nLVkPHkN8DF94-EyCFQ,Raysham RAY,https://play-lh.googleusercontent.com/-J9657WCpQMk/AAAAAAAAAAI/AAAAAAAAAAA/AMZuuckvMdDlJ0SMVwYlQNNoxIwUEC0Tag/photo.jpg,i like this app...,5,0,5.1,2020-01-12 13:18:37,,
gp:AOqpTOFE-OvHeTuKdFOQzRE0Ge_zVK4sBNt-USXJ0gY8mcUzCVDUeMOhM4c-7S22Dpow175aouZQYy83vvhIvQ,Hisham AlGolaumy,https://play-lh.googleusercontent.com/a-/AOh14Gjj7JtBm0Cfo10z1gm_eWvsq2T8KUQISN20dqoCkw,Excellent,5,0,5.1,2020-01-08 18:55:06,,
gp:AOqpTOGbXf859myASdhcWxWSgCbz9RvVoxrjFdGaeyby0sYYzFhpe8nBy7jtnqwT6j9KlKr5k5wncCJim5HXEQ,mahdi ameri,https://play-lh.googleusercontent.com/a-/AOh14GhJf4lqH27kxVDHRLs3bqhtYinayA_-4vM2iannRw,Hello. Good Day. Only Best Software World Congrats Thanks,5,0,,2020-01-03 04:10:52,,
gp:AOqpTOFAIctWwB7hjwD0F3Sby6WsUJpzwEODdcf0EYsUHC3_MVcVeW2_SZnoMD5GbUCAOXDlMeTdndMK9mqKGA,Chithrapalam Nadar,https://play-lh.googleusercontent.com/a-/AOh14Gjom6vFhVf1v5jehMq8kXC-tTQyG3YynPEfcXH-aw,Super,5,0,5.1,2019-12-28 08:45:43,,
gp:AOqpTOFgr9xAioP9ipHYOXXOAhRS0Ebhy_yfrA4qV9Gxc2Az-DN_5brYjmHEgC_iya-QDROnYk5Zimz6drSjhg,A 9ball,https://play-lh.googleusercontent.com/-pG73fm7MDq4/AAAAAAAAAAI/AAAAAAAAAAA/AMZuucnxzqOVKHF1z3UcnVDOLutXp1658g/photo.jpg,Definitely a keeper. Use it all the time. Not just for converting can do other things to. Save audio from a video. Compress a video to a smaller size. Lots of things.,5,2,5.1,2019-12-26 19:12:01,,
gp:AOqpTOHERJAH2Rrv1IsMJ2ovao-Tm5-cIj02LgQMnYSi5CHZ1uJuZvKhU-_4MuZ2MpnejFtgx1_1H_JHgAkePg,youms,https://play-lh.googleusercontent.com/a-/AOh14GjUo8lxkCESJr70TEhMAyxA3zEEeY8vApgh2jf6yg,Works as expected,5,0,5.1,2019-12-25 07:39:53,,
gp:AOqpTOEsN_f5oAL3PZRV37sqM7TWTnFpxP81OEdKbklspQZhudVJ9LMmRKzAmlS5hUKw-MpRdFaa6euMj6oaHQ,Gary Sedletsky,https://play-lh.googleusercontent.com/a-/AOh14GiTI3OzRqQNRpxCEFHdsTGn2RiU_zpMMaX361km,"Great app. Use on PC and now on my phone. Works flawlessly, a bit weird UI but I happiky got used to it. You can navigate to output folder too which is neat",5,6,5.1,2019-12-24 11:25:06,,
gp:AOqpTOFiM27oBkMv82cvOjeyYzgABZhmGRG2EY28cQZuvPBpNE7o0EfR0ex6GMZQMmbRCIeZgYWsVv3cZgyczw,Sandeep Sharma,https://play-lh.googleusercontent.com/a-/AOh14Gj-bT7gdoZCwtzrMllflLBJKnqvuyW5o-2PTTa2Aw,I purchased this app on offer great ffmpeg skin.,4,0,,2019-12-19 08:22:52,,
gp:AOqpTOFD58f2oOl7mHfeKhvoZNR7MluItvbIuxBM_t9_VRXfy6occ8a1b2AHigRbozrqNtp_Bs1Pmacz0J2jTg,Victor Tan,https://play-lh.googleusercontent.com/a-/AOh14Gg5QCodcC3JO5OZvmJliPutfE0Nuiw9Ou6kAO4aaw,Impressive features to minisize file size for transmission. Thank you.,5,0,5.1,2019-12-13 00:11:24,,
gp:AOqpTOEVYz3u3Q3Ix1oWEu9wXdPGDPeBYIszRGP7ZSrjEhAwpgIMFsSUKYsUS_MTBT9ImoKOKpFNJuWI53vW0A,Azad Khan,https://play-lh.googleusercontent.com/a-/AOh14GjQoqWNAeaobwKGgU1volW34s1Px02efGhwRYXcEQ,Please improve the speed and video Quality as after convert. Is seems like quality of video demage,5,1,5.1,2019-12-11 21:42:12,,
gp:AOqpTOG6gV_lP-b5I9Ps5EToh3cDP8TjrzqsWl37rTQF3Bk7xDj0GFUOo4eWfulOj-Pytdc19CJ6xDlfC46yfg,Pradeep Palakonda,https://play-lh.googleusercontent.com/a-/AOh14GhjCXhHHS57tCtzcwZt0cXLA3DBDPYvv3OF7YsXEw,Does the job well as described.,5,0,5.1,2019-11-28 01:06:33,,
gp:AOqpTOEZTqm42SGRs0SqDO_5H0Tifky1IG1vgrR9UcHtTeouz-Y1aTmWpOjg61YaDNMO275YB536S4_dCJ5TSQ,Mahendra Kumar,https://play-lh.googleusercontent.com/-f5Y1fPZiEBg/AAAAAAAAAAI/AAAAAAAAAAA/AMZuuckrtQGaMhLoZehvePD58QcRdWAM0g/photo.jpg,Very good utility..Please try to increase convertion speed in High Quality H.264..It will get 5 stars.,4,0,5.1,2019-11-27 20:53:09,,
gp:AOqpTOFY7Q3rClkdoFhSgsBZbH7322xC9v9cZIwQJWDqRqaDnXyeR47lPzblmukEStqDsDBJPHJ6-2li7NjU4Q,John Greaves,https://play-lh.googleusercontent.com/a-/AOh14Ggr4RLw5YshGKiKpC7ONaPfVJn1XK3P_Z3g_ZiNpQ,Good,4,0,5.1,2019-11-24 02:35:29,,
gp:AOqpTOEdLbHVNzlW4JI_S29cL54gkdHiH2kT5uS8BHlYNvE6dQOwz1nN0GjB3BsrHlt_jum4Ea1GdR1yDKyfgg,jerome burks,https://play-lh.googleusercontent.com/a-/AOh14GiiXrDnc_Jxs7GyZSfgVFR0rJbaVG397vuBQMgu_w,Wonderful app and easy to use.,4,0,5.1,2019-11-21 19:59:26,,
gp:AOqpTOE5isPqrW9J_kuY0A-6oPCZhVXnh_twnUttPYe9B8lBdd4JpNNK9hcRXRCKiOj5HUFr3NsRJ2Ge_m6FiQ,DRAGON GAMING ZONE,https://play-lh.googleusercontent.com/a-/AOh14GgyLDnMQs_RwqnhO1okXIPZnwFUk2EZEA3SMK9tfA,File size is not low...,1,1,5.1,2019-11-19 08:58:51,,
gp:AOqpTOFSOQH2ye49yrTg1VZ50ZWqzgpSZdgE0qY-VceeisFv4wStxzE5H1qeaUlmTdeYUekjQgV_nKVzg9GnQw,ATOM PSYCHO,https://play-lh.googleusercontent.com/a-/AOh14Gjd9WUR6NdcIzghnh_MDEAwhSMfDonJNRe84mLLpw,I like it,5,0,5.1,2019-11-18 22:15:59,,
gp:AOqpTOE4qqqCJuu2CoXbtSMYwgjhL6UoLyQWiPDJ2inQwb-GrFuT6Xnd1KHRaVjXk9omz19X1C7agrKLfOaaPA,Andre van Jaarsveldt,https://play-lh.googleusercontent.com/-V_GERWYCPWI/AAAAAAAAAAI/AAAAAAAAAAA/AMZuuckqgawFzpOQTXP5tk_FAEFtBwKEog/photo.jpg,Impressive!,5,0,5.1,2019-11-10 12:55:53,,
gp:AOqpTOGSxsfitzuclBqFpVpXWSv07ZA0z1TEg7EFS4SC4oAsZmgzYBcapYt388IhRQ4LYB8_1-V4j2gZ-PRjPA,Abdul Haseeb,https://play-lh.googleusercontent.com/-LOKUmjDZuSQ/AAAAAAAAAAI/AAAAAAAAAAA/AMZuucnRmHWWLsqD_HUDt5BulSfwy3LFjQ/photo.jpg,Very very very very very good application!,5,0,5.1,2019-11-07 09:29:21,,
gp:AOqpTOFUUHOg_2OXpcUk5p_pApc_X_YOsR60eO887nDygNiUWctqWT-JChNXrSlGKO9dxGUKTALXOKgPNFiOIg,Sean Cheadle,https://play-lh.googleusercontent.com/-T8euwNQB7eA/AAAAAAAAAAI/AAAAAAAAAAA/AMZuucnACn1kuMdHzBGs1awEq_QRCvJyug/photo.jpg,Works really good although it is difficult to navigate and does not always convert or even recognize from format of my original files. Ill give it 4 stars but that is a little generous - more like a 3.8,4,9,5.1,2019-11-04 08:33:43,,
gp:AOqpTOHNi3PNw2Fm7RUaH2ENkcEbDEb4Z3t4w_sl6uvmAzWTK6VPMwk_6dYI9Vwhl782_wBtjOlplgPFm8FWJA,Manu Gowda,https://play-lh.googleusercontent.com/a-/AOh14GiR7tRIA662EP7Prb9LXgtJc31jqHb5kn7dEVXdrw,Have Lot of options but no any changes quality of video and audio after converting it will increase only file size,2,1,5.1,2019-11-01 03:40:37,,
gp:AOqpTOFxjXBgMqp1Qyye-p4MyI2CAukokJoKFp9Bs3_upBKhayv8Ussv7GZ_JtvRdsxAAkFCFbt7c3u7eP8WzQ,Kamran Ali,https://play-lh.googleusercontent.com/-08WNUwPdhVg/AAAAAAAAAAI/AAAAAAAAAAA/AMZuucn4tTHLvpKK5J7GpsHmmo2pz-RDVg/photo.jpg,Good,5,0,5.1,2019-11-01 00:17:34,,
gp:AOqpTOGw5IRM5yNpHLAICPyaEWL2drbGRVETfbtj-ap99kgHbPasZKqLKchKP5j8BGbOZEX1tVAIl64idHJvFA,Bam499 Hunt,https://play-lh.googleusercontent.com/a-/AOh14GgCZ6jjFtF4v6Vkabsno-iAlNMbiexkNIh9EuaggOM,So far so good 👌,4,0,5.1,2019-10-31 19:23:04,,
gp:AOqpTOEESzvDT9UlKnmJNi36wANikHK26_-x6YaEh-kW8rIcmGO9LZSTgq7dNfLXsZHR7Bs-4WjqFqESxEa-Ew,Ricardo G.F.,https://play-lh.googleusercontent.com/a-/AOh14GgrrLBnmbDXt4pS5kpHSimhO-dtKoqPeqSkw7Ar7g,Excellent,4,0,5.1,2019-10-30 17:01:24,,
gp:AOqpTOHhIr7i4GXDLUogdK0yh8G0S7oavv8Bk1eb3yyRCgN82L39-reLjtE-4cFNc-wvdKDxbk93CE1z3lRXvQ,Mohith Mohith,https://play-lh.googleusercontent.com/-Fzz3_hOYHUk/AAAAAAAAAAI/AAAAAAAAAAA/AMZuuckipj4y3zLClLLG1ldFJlXcPRZFZA/photo.jpg,Good,5,0,,2019-10-30 11:49:40,,
gp:AOqpTOE8f9uA7AzP_9RzVwj0UXG32E2PgB6qoDLIXD8vqzdOjvLNac4DQGWMBEcMFiG6CNWifSggDdTKEPMnlA,DPM1900,https://play-lh.googleusercontent.com/-HZ20xg5YsPc/AAAAAAAAAAI/AAAAAAAAAAA/AMZuucldFrWrYBb0GGFOizr4_N5wTo9xDg/photo.jpg,I haven't been able to convert a single file. I choose a clip and the wheel just spins around and does nothing.,1,1,5.1,2019-10-29 16:27:25,,
gp:AOqpTOGGbUhac01Ra2NK1rHciGt_q71zcMHD5uZdnriuglMpqWM2Qovs870twQp8hA9auuByguVqABGwLufmxg,Martin Magnusson,https://play-lh.googleusercontent.com/-7TyK85LMwg4/AAAAAAAAAAI/AAAAAAAAAAA/AMZuucmVDBM1v3q1H8-YrzJgR4kDR9L6_Q/photo.jpg,Horrible,1,1,,2019-10-29 14:36:52,,
gp:AOqpTOHreaNnED_i0Ct_XbnJd-ovDPWE2cJggk1fsO4WHF63KQZMSscOh2mgBEnUMcem4bGP6XARvRi4DtppxA,Muhammad Saeed,https://play-lh.googleusercontent.com/a-/AOh14GjChAbXJlxbovas55ZJ9eTjEeiknFjmP7TFH3a59w,Please provide 3GP Format,3,0,5.1,2019-10-29 04:39:55,,
gp:AOqpTOFglQS2k-xkYm2SOucPbk9XMYlENH56RkfSOXnLLGULJVDadT5Jkh81xQM38oBFQogc9utO1Avcw8WnRQ,Entertainment First,https://play-lh.googleusercontent.com/a-/AOh14GhYPQcGnDioBHhveebXaMs-XaVgJL4p-CvQZe7B4g,Awesome experience like desktop version. Thanks to Developer for this app,5,0,5.1,2019-10-28 19:20:53,,
gp:AOqpTOFPMng8RLUJ4zciPo5BWqp-ULzUZr-3GfOaWpFJPBpo3qYMG0qyBEdvY0bvOZ5_WYbKNu53p8PlpTshKg,Computer android tech,https://play-lh.googleusercontent.com/a-/AOh14GgWaPdFwMlro8HCAEfQEsyVZwniFIp9dGSf0MS4,Nice app,5,0,5.1,2019-10-28 07:53:17,,
gp:AOqpTOEdCr49Szsc0SU_yplkLOoU9U_6qzCvlM7TkWjtdNwwXgAs7i7K-YqsLg1hUUdKqRJD1yoADXzKxSpFeA,Ahmad RiDho,https://play-lh.googleusercontent.com/a-/AOh14Gh8CXDtb010KkWF70cpITWa5v5CSH0uWbotEnXhKA,please fix trim video start line is mishit,3,1,5.1,2019-10-28 06:21:05,,
gp:AOqpTOFahO-URnj42uTq3Iqt4XBDZu9yk6A-9T5etqaM31cCL60pTeYhuMClDhQ2Fsz3Px3kt1IsijzAxDwdKg,Irfan_Aibak Khan,https://play-lh.googleusercontent.com/a-/AOh14Gjwa0nw_GNebaFVf7cL41AvCBNF0LkZq07Ulon1,great app i was searching this app loving it *****,5,0,5.1,2019-10-28 05:02:15,,
gp:AOqpTOHQKD0KX4_V4icI6R8-ds2LtEq5w-i1WkYc5tnMBSo00LuvGh1M5YPCv33mu5H8t7XPIhEqtbymeFgTGw,Kwame Bindan,https://play-lh.googleusercontent.com/a-/AOh14GgYMCLLZKzOvkpA3kLO5VysLx75qCyhmOYjiL207w,Very effective just as the PC version. 😍,5,0,5.1,2019-10-27 21:18:27,,
gp:AOqpTOE-sgm3c8klY6u2WrHjlLA310_jXxMHTX5RNbKJdyA69HVvuA6cScWsmwGEp2986MvERp0P1QTvzfYqlA,Matthew Allingham,https://play-lh.googleusercontent.com/a-/AOh14Gj4Y5T-lTzGO_eKNgQaql8gMIw8vV4JiDhAF16gJQ,"This is really nice, many conversion options except the main one I use, convert to H265.",4,0,5.1,2019-10-27 13:49:24,,
gp:AOqpTOEHQhMdNXls917MlFY4Sxi7EZPfUtDagFwk7HkJkux-JrKNYatPLg2xLTb0MOF6CsyG41qBy4JnAw5Plg,Frackie Sharon,https://play-lh.googleusercontent.com/a-/AOh14Gg49WHttNb63Haf8ifjPM99PlcLSTU7d3ts7TwwBA,Really great converting that need to be convert.,5,0,5.1,2019-10-27 08:08:16,,
gp:AOqpTOG01Ea5Rw6_S6WhNHscn1gxG2bHEfZEYWL7SaPscEDBcYnU_A7I7HP3dKUM3jYetx5kHSU_ZthT6057Nw,vandisk ivanovski,https://play-lh.googleusercontent.com/a-/AOh14Gh92glw-kiOF3yrDSVtsk9UhmcjDtRYdXfw2Ehtrg,I try to convert mp4 to flv and it does the job done,5,0,,2019-10-27 05:15:37,,
gp:AOqpTOGWxaA85n0ldEtE1mLacYVb8dycrkkDPa5Jjv7SOAqjVGDTL7VD_crM-l-sy6KBK8JqbpTnyU7psGHXvw,shubhankar ghosh,https://play-lh.googleusercontent.com/-Mq9UO0dpORQ/AAAAAAAAAAI/AAAAAAAAAAA/AMZuucmFofuv-A6r0gQ83gjYSsolo6yH7g/photo.jpg,Great app,4,0,5.1,2019-10-27 00:50:26,,
gp:AOqpTOHGJ3oEcpg7gu3t_d6rzjvy1l9GuQ1II-CooeQBFSFUacvdez-c2C75sAIqrNv3CtqqExmfQXa9HNJ6Rg,Manju ..,https://play-lh.googleusercontent.com/a-/AOh14GjY6f9F8IvQOCGQnsvKaBTJjZWPIIxTAMJp6BUusUU,Perfect !!,5,0,5.1,2019-10-26 21:34:49,,
gp:AOqpTOEU2phznlrRaA7S5AGRvPa7X00LOT9uKfavDky6Pb0QNkL9UyL-zvdDri8y5gdvGBRA9ZgIpZNGAyFB_g,Shirley Carter,https://play-lh.googleusercontent.com/a-/AOh14Gg0zdxYmXcqEhYn5psd_ZeejsKI2xvbk_eOln6R,"Moved app to sd card. Although upon opening app, has option to select audio from sd card. 1. It only looks for files in the VZMedia folder on internal storage, so this is where I have to move it to work on. 2.But after trimming, places file in Internal storage Music folder. 3. Before any conversion, trying to open file in Music holder of sd card, by using file manager folder, get error that reads ERROR FILE EMPTY. This is quite confusing. Any help?",3,14,5.1,2019-10-26 12:19:23,,
gp:AOqpTOH_wD57VjOR0QjEkhuhgGoE9mWBBZD9ZI5EbpzfYr7OZ9KDQKX0LRycXtHCZy4U_g9jD5zDZwsbElq6Nw,Vishnu P,https://play-lh.googleusercontent.com/a-/AOh14GhwgvzKRJLELpQVaqFTtdlpPt2JLHXvaL0n4mR5Hg,Ripoff of Video Format Factory. This guy didn't even bothered to write up a proper description for the app.,1,1,,2019-10-26 08:26:38,,
gp:AOqpTOHUY2vaL6SkZXofxrAtF0Unm-t-WzAPMfrbHJfv_reEDnRmWFZbDeiIL7bZXvm7xWqqhMZGJCMq-7wzag,Eduardo Perez,https://play-lh.googleusercontent.com/a-/AOh14Ghj4-jDPSSOuK7vhrP06MgF-exURf6XkyX3bwwhvw,Excellent application and very fast.,5,0,5.1,2019-10-26 06:32:20,,
gp:AOqpTOEfSRkmpeglNxUixpnT0_kJiPKRbjqrwMfJhrvy7MhHpXT4md6zUn7zU9QDeZ1qLtcLrogLaFbFATRvvA,victor liu,https://play-lh.googleusercontent.com/-rQPRQxq3D_g/AAAAAAAAAAI/AAAAAAAAAAA/AMZuuckSm9Vf9naCKNoCdnlb2oqb-ZtqkA/photo.jpg,good,5,0,,2019-10-25 14:15:27,,
gp:AOqpTOFVGlhAGWOGpYQfls_rwnVGBGi9MmKx64g5dN5Xcl4-itnbnHutDwJgp0AbNow18ygd2MlanWmR7UIr1Q,Lynxster L,https://play-lh.googleusercontent.com/-AQOqmrGLWs8/AAAAAAAAAAI/AAAAAAAAAAA/AMZuucnXzsmY3D5PekLRGfPbFeMWudHFNQ/photo.jpg,Made my device very hot on h264 and had to pull battery to reboot !!!!,2,1,5.1,2019-10-25 13:56:11,,
gp:AOqpTOH8xjVRq7DKCvxCebONd2BxF3myBtPlIaAtmDnsze_WCy7zk6e8AdDqAw5kK3VowppixQsTs6C2I8eS4A,Jesues D Jesus,https://play-lh.googleusercontent.com/-HInkX5DcEWA/AAAAAAAAAAI/AAAAAAAAGRU/AMZuuck3dkFLY6SU6F5CdUnyjcpmBwClPg/photo.jpg,Very intuitive and easy to use for the purpose,4,0,5.1,2019-10-25 08:19:36,,
gp:AOqpTOE5WLWXdoRQ5CA1BE2jO9MIMfn3XTv2rhN6t8Qi_jm8Fed4Oq1oNkvmGkPUpAn_9Od3p8rzGOK3i3Mypg,Donovan Hale,https://play-lh.googleusercontent.com/a-/AOh14Gjb3w0DmVGBhnIGCybX054N7S0d3ROYqwNfRQeObw,Does not allow picking files on external storage.,3,1,5.1,2019-10-25 03:59:45,,
gp:AOqpTOFkiYiUdm5SEQF2CbuVdqKDBXEWh6lsTse5999adOykZna1oZF4fgZDHyJfJSChnv0IkMLRrX4uAKizxA,MMJ official,https://play-lh.googleusercontent.com/-oihSqQTuS5w/AAAAAAAAAAI/AAAAAAAAAAA/AMZuuckzw8sNJiPmCqUzjdteEXnpmuXdag/photo.jpg,Good,5,0,5.1,2019-10-24 08:09:57,,
gp:AOqpTOG5rCy_5kSk6-1jsdV_AFBbCWDF4WY1LucgkqdpmonBSu-Ujo0cDOPAMWwoSkwNF51GIm8mXwJTNga4KQ,Amit Shekhawat,https://play-lh.googleusercontent.com/a-/AOh14Gi0z4012afrzYa-541jFOpjChCF6vYMpMR7iHwJTg,Awesome app 👍 Trimming Compression Best thing... Video Resizing. Also audio convertor. I highly recommend this app 👍,5,2,5.1,2019-10-18 07:02:05,,
gp:AOqpTOEG4FA2C-l8CHp_qk4H5wBHQ2oj9_Hcj7Y4GGbYVlBm380VYgvpngWQQBO8nLhijv0Q8lqkA8Khigsqiw,veselav videnova,https://play-lh.googleusercontent.com/-sQOjB2wBwpU/AAAAAAAAAAI/AAAAAAAAAAA/AMZuuckIgXMURCWgvXNB-g9vu08U61orcA/photo.jpg,"Not matching pc version, you can not do you tube download",1,1,,2019-10-16 02:40:55,,
gp:AOqpTOE4vC6EuX_bsCeJGA3CBbmh_7T9BdoE5mT-m22_2zvL-CliG1QmgdhwCj-Un1wKbn-3pxQiWHWxiyGRTg,Mimo Max,https://play-lh.googleusercontent.com/-PP5HZV3_HcU/AAAAAAAAAAI/AAAAAAAAAAA/AMZuucm6vGNfbT0lCwslem4r7byLD4wZJw/photo.jpg,thanks for this amazing app and i'm ready to pay more for it if necessary,5,1,5.1,2019-09-28 15:10:47,,
gp:AOqpTOEFBAcp3EBBZbUvPPAdUxdS_h4NHy5bxIFPVChHeDXceA2jDUjTR6k4jia4l_UgmqP66bmBtocmIXPmkQ,Muhammad Mohsin,https://play-lh.googleusercontent.com/a-/AOh14Ghy9oFTKGZS-GXqfitJW33agzY9FJu7ZKHYjNAdlQ,App is awesome.. But i got a litter bug... When i trying to trim 512MB(1:24:00 min)video file in to(15 min) file.. Its done in 3 sec.. The total file i get is 28 Byte..plz fix this issue. Then i give you 6 star... 1 extra,3,4,5.1,2019-09-23 12:08:13,,
gp:AOqpTOGgzi366vk8600PZJ7_Rd9CDNTUk0BUjBZHHkpiKcYP79zrU6DKXnwEr4wJ9tcmAPV8emDGID0mDCVyfw,Zaheer Shaikh,https://play-lh.googleusercontent.com/a-/AOh14GhgkjY_P71vm4fBsK1ThbDFB7vgHKa1v3MgdC9MiA,"The app don't convert to mkv, quality of video is bit losses, not much user friendly. Will update review if any update fix this",5,1,5.1,2019-09-21 20:00:59,,
gp:AOqpTOE_utvspMHmZtPxWkyjhcspGv0PNWFMrn20GZh0ZZQM_3qjTUWiLz4etwJ3opvGfy0KbQiGP79-_hSDbg,Gary Smith,https://play-lh.googleusercontent.com/a-/AOh14GhmmNujvVOg8Ce3r-hsJUcW96myTt01wgYPqnFX,It works! :-),5,0,5.1,2019-09-09 13:40:49,,
gp:AOqpTOF96r-n2ANij5T90UmxnDxNyX_58aFiqGBubokxhRwDsvOjvxtMdbcZg1ymQT5Wi7ANdkuguK8MY5jZ-A,Dale Brown,https://play-lh.googleusercontent.com/-bn_lh8fOnqQ/AAAAAAAAAAI/AAAAAAAAAAA/AMZuuclKeLrYFyx5euw5YKMPlFujYyhCIA/photo.jpg,Can't download video from url like desktop version which is why I downloaded and now uninstalling this app. Just plain sucks.,1,3,5.1,2019-08-25 15:33:49,,
gp:AOqpTOEsiOLIJoSDWosQhi5TX1OwCH3S9ZkIzka0mv81G3GjcK2wvhIJBJAOCA2YvppIb0nnuNmSJDNg5NUsBQ,Aditio Sasmita,https://play-lh.googleusercontent.com/a-/AOh14GjygL7s9VzO27PkLS7jyorREWsMm3OgXK1KClph,Mantapppppppp,5,0,5.1,2019-08-25 08:49:56,,
gp:AOqpTOF2euz6sC7in7B5gfgwMhtqvk_hZVJPW8DbC6-9J-1-KBUOw847BghP2Fi4e64Xv4p7UHrF0HFScf0OVQ,GA Rush,https://play-lh.googleusercontent.com/a-/AOh14GjSPZa-shmWOsvbgWX3C8oEdWBio4TdtnoKBMZCAA,Does the heavy lifting of media conversion. Works great. Well done!,5,1,5.1,2019-08-24 14:14:00,,
gp:AOqpTOGalkDh4nx0d-6JRVUJ1_tc5h164H7xOc9C9TJ121rI90fOPISuQcknv3egLg4SXVHZlSpg8QKOZJytGQ,John Martins,https://play-lh.googleusercontent.com/-ejCCh2pOIxI/AAAAAAAAAAI/AAAAAAAAAAA/AMZuuckxDAJcoaatN-J3dWJg5J9e0F5Vvw/photo.jpg,"Just opened it to see what it was and it wanted me to rate it. Still don't know what it does so I'll rate it and delete because, if it wants ne to rate before I figure out what it does it cannot be good",1,2,5.1,2019-08-21 16:26:22,,
gp:AOqpTOFHTtuwH7WMr655knuY5kUljg4AGLthCxDb7kLK0bKARhJwgMhw4Qcm4AW-_yiloU-an_Uvr1KbIDjDVA,lineesh ck Moodadi,https://play-lh.googleusercontent.com/a-/AOh14GgVNVrjxpwPJZqJ-vXBLWENU7UEwFTllUA_gvC7kQ,Good,5,0,5.1,2019-08-20 07:47:40,,
gp:AOqpTOHnqLKwu-Zh3WTn75sGJhBc1bfGc9-y1fwL2EQpjdvl5fs4nuY1Ax8zBY7H0X4PDkSk8NM24HSCiXyHuA,dinesh metech,https://play-lh.googleusercontent.com/a-/AOh14GhmlqxNTZloXATgJ-dB-4m6_UAs56gvAHs894hz1Q,good app ..and helpful thank u,5,0,5.1,2019-08-18 08:37:00,,
gp:AOqpTOHWjiZE09nS8Y5CmtTnscm-iJpXpBbgQBkOO1R_CWNC98ECNQx-D_jhzvRR3I-iUGvN0ZwgN1DnGGs7sw,jeremy davis,https://play-lh.googleusercontent.com/a-/AOh14GiHNH3O03IdEPfBI2ivOk8w2a5spbewraB9eVbFyg,"waste of money, wont find videos i need to convert. I'm",1,2,5.1,2019-08-17 21:40:57,,
gp:AOqpTOGFAwShMORXKIQyzZA12mi7K0_MxMOZM7YhELMptIg9u1hGBX7TbO4Pm7yCPsedAvEWXb09Si3i3KmdTw,Habibur Rahaman,https://play-lh.googleusercontent.com/a-/AOh14GjFwCuG2iJ15gi-Kp5gDh96V2MTAzps2jAae-WBvg,Trim not successful,3,1,5.1,2019-08-16 17:23:48,,
gp:AOqpTOEzX51SvggyjnVrsWgXqUNsP8Jmby6EAek3NWdXX6xL_BZ9TR1Jv5SnsPzJ1YHqetBVz9d4cqMu6EOm5Q,PUTHUMAZHAI channel,https://play-lh.googleusercontent.com/a-/AOh14GgsyjVZcvVJxN6YmyygdP2uqWHaku0WU1T33ne2uA,GOOD.I LIKE.,5,0,5.1,2019-08-15 18:54:18,,
gp:AOqpTOEUMAQjQpoENliJ521oZD99m6XRmS7fWxfBegkhjjZXjDLahuu_9sudtk7pc73yvlWSQXM0TKbzCFqMHg,mangesh patil,https://play-lh.googleusercontent.com/a-/AOh14Gj-6bq4xNzCl79Y3LAWoaplicriWfTkgAQxoUDnZTM,was working fine at first when i installed it. but now doesn't work at all,3,0,5.1,2019-08-15 08:49:26,,
gp:AOqpTOGwep31eEu0n8zgaoI6tC_HsHgykzQfdtXyX5t5U-L2ifV6MhzjjgcJzmwl8ugT-x9YuwTOYaZpEHDx0Q,Mike Telis,https://play-lh.googleusercontent.com/a-/AOh14GgnUshBXFPdmsYt-hzvVAOU8fHxo-UjM4IYDzbg_w,"Great, fast and convenient.",5,1,5.1,2019-08-15 04:40:10,,
gp:AOqpTOENnETOzyNPlai70Q2xx2wGbO8UN7gcVEzNBxDpftyNsQFwGz7xxSGQ3tkahNZLrCfm_YrmhsL1BNjU7A,Sk. Mashrur Sourov,https://play-lh.googleusercontent.com/a-/AOh14GhKxwtTGaIZjcwFM6P9pyHaa6ONZ3cD2b99WmZd,"works great, no need to purchase anything inside the app.",5,1,5.1,2019-08-14 08:57:50,,
gp:AOqpTOH6xEBuua7V5X7dIcn3U6FMnvXhGC1oimY2F1CqqnAcCpyZc5Hiru0XPStHpGCVRkUYU-5Mkn9mmwhafQ,Kris N,https://play-lh.googleusercontent.com/-KmC8__wnka8/AAAAAAAAAAI/AAAAAAAAAAA/AMZuuclFLGTfCoKdCVtzbK_z203CN9OSLg/photo.jpg,Appreciate it,5,0,5.1,2019-08-12 03:41:11,,
gp:AOqpTOGcho37W4MPUycGCMXBdLoL-LRAkwFijLWKQgBE17mw9WugyThto4bNAoceEhZqqGY_lZcEudybulBihg,sathees kumar,https://play-lh.googleusercontent.com/-fuToEdFLklE/AAAAAAAAAAI/AAAAAAAAAAA/AMZuuckRIwGWKpCWnv3D_RobkFS2FENJZg/photo.jpg,good app,4,0,5.1,2019-08-08 19:09:06,,
gp:AOqpTOGiBSX_YYdLKUvNve58VVvnEy18YXnm8rtTqpGKngxWlpXljaXLFs37ivjK0dkaKKj_0cwesOWRIwTuMg,live 2 Ride the feeling,https://play-lh.googleusercontent.com/a-/AOh14GgweDFNZX5vbdy--Ag8jwrgedeEC1c8Z6TBMtJuSrw,purpose solved nice app,5,0,5.1,2019-08-08 10:42:58,,
gp:AOqpTOFTIxkGnF0k97QagYDsYsziMnrBvS_BozsYoCC9KiVJ_Vzo9IjX6Cy9TtPTQgMBSJmqyz8Gh5zIS82ySw,A,https://play-lh.googleusercontent.com/-3xtwBCB-psw/AAAAAAAAAAI/AAAAAAAAAAA/AMZuucnb5m80Eim6NZssuKKDekR7_mZj6w/photo.jpg,"AVS...... you'se a badd app. hella nice, works flippn killer.",5,0,5.1,2019-08-06 18:06:10,,
gp:AOqpTOE3xvC7JVzx5fuisNdodpcaFajYUABeh8npNl17wOt5BB17jwR0xpCg8429Cgvx4YbrpGoJ-qsvxYCG5Q,Justus Makokha,https://play-lh.googleusercontent.com/a-/AOh14Gh3m5IEj1KIEg9_hOf0cefZYJf8ZGRsG0MCA1WEqA,Great work.,5,0,5.1,2019-08-06 09:14:24,,
gp:AOqpTOFBDA7fRBo8ObE-_OZpj_W4x8trdolA7KYfJCh-wparofSYikfHDyzhdlfWtBsdLIyck8PmKyGrdjIEqg,paul espina,https://play-lh.googleusercontent.com/a-/AOh14GgDxcZkqeDl-uxbjppQF-CKrRvrLjcRyw9Fn3cZ,"nice, fast app..",5,1,5.1,2019-08-05 06:47:21,,
gp:AOqpTOFyr43yq25QCa29QP_vvb6nw49NkYmRNO7X9FiYT88ldltNS0iNKNWmb5muLWCSWlqgDCG70glhqu8ocw,Jeremy Klassen,https://play-lh.googleusercontent.com/a-/AOh14GhPK0uTwi-gYWsRSCi3otM3F5AK7lOVF11u_kzq,Sill reviewing the app.,4,0,5.1,2019-08-04 20:50:52,,
gp:AOqpTOGTPkTCI6WQK9LrkLanO6SYecxbluLU6k-xXzHfwa1F85ZeEuQ0K_jytfIgtiym3dHTPJ4BjOYx0BWjGA,Esha khan Khan,https://play-lh.googleusercontent.com/-lBxW9s-a3Pc/AAAAAAAAAAI/AAAAAAAAAAA/AMZuuckq7YVj4e-8HKZl4xCnLBdoAV1bLw/photo.jpg,good,5,0,,2019-08-04 11:42:54,,
gp:AOqpTOF_YRag5TveVSiRHfnOCDiOD5kJFfHXdAO4dCjFUslRVmNvAdkWkJsrTYP0USN69eWFPDImJVh4ojJRwQ,Grant Truax,https://play-lh.googleusercontent.com/a-/AOh14Gi_dul2HF25gULB56n_axA8wINuUKFb9L7lc9-OhsA,"giving it 2 stars for now, reason being couldn't convert a (.aac file to any thing, also couldn't convert a .m4a to any option available even to a mp3.) actually been unable to convert a single file of any sort at all. wish it worked on my galaxy s8 active but so far no luck. may update rating if able to figure out why I cant convert files.",2,23,5.1,2019-08-04 08:42:04,,
gp:AOqpTOHckPGeHR_H8fGbvbgjWil1RFQn0RK3YoS9K8cQ8uQrcE7ps1n8sBgVo46wTMMtZaaKaWx09mzOAg3bvg,Ramanan T,https://play-lh.googleusercontent.com/a-/AOh14Gh5zZZYQP1QYqTYdmV_0JXGZkrDO9oLd68dwbV3iw,does what it says and more. I didn't expect it has mp3 extractor but it has and works flawlessly. hats off to the developers,5,1,5.1,2019-08-04 06:09:28,,
gp:AOqpTOG5PdajttT8nOYurARWxhPAT0cRUsTdLEASbvizF8elR_ebYZQm7BoW-o7AWRu2e3UYXWW4O6AEkrCXZg,Shafiq mohd nor,https://play-lh.googleusercontent.com/a-/AOh14GgrDVzRRNpjRpHT-2t8Bi6mkJaLy9oyZsV6zOGCkg,will rate it's after using it,3,0,5.1,2019-08-04 04:12:30,,
gp:AOqpTOGBCEXwpmT07fdLz6xLFmFZaxDJllUXqk6Dzum6p61z61N2806Qk9L5fqqC__Bra6DQo1BoaNQfOH9UJQ,Pazindu Deshitha Ranawaka,https://play-lh.googleusercontent.com/a-/AOh14GirqQlHhU6Co0laak0O4gj5LLIzqdmQmUxuQWfMgg,Perfection ❤❤🍃,5,0,5.1,2019-08-03 14:53:06,,
gp:AOqpTOG36Th5KfLcWSaIinFig8k1-1ZkOpuHQE-JenZwvjzaDsbFnfdEpEm4GAma-sC6adhj7mxylX-H2ichSA,Izhar MUMTAZ,https://play-lh.googleusercontent.com/a-/AOh14Ggc9WxG1SYQDbez3qpbchkaBXLwKhLv_9Sp7TKzvw,Best Experience..!!! I ever had on a conversion app on Android platform..!!! Keep it Up,5,4,5.1,2019-08-03 12:19:17,,
gp:AOqpTOFhtcEAGiM63Fww2lbyCpidhHIRm2gD1n69UWeP0G8zOvAA9TasPFR48rZQTRZWpu5wFCoL2aDqy_qvlQ,akshay shetty,https://play-lh.googleusercontent.com/-IcznpcpK1Zg/AAAAAAAAAAI/AAAAAAAAAAA/AMZuucnfB1qap6TAjBC1XEIaiI7jAlqbtQ/photo.jpg,good app successfully compressed my 1080p mp4 file to 1080p x264 mkv with 30% file size at output,5,0,5.1,2019-08-03 10:54:55,,
gp:AOqpTOFYtZ9pmu7h3GorQ3q1_4H0zaiZRddUxeDZOxa7SvVJm66UN2RrtlwBn28vv8pfgRgwPEFTcoTR2oDXKQ,ster dian,https://play-lh.googleusercontent.com/-qnR9OP3zODA/AAAAAAAAAAI/AAAAAAAAAAA/AMZuucltrl-QEUwZLir851YZU9xH4x2Mjg/photo.jpg,great!,5,0,5.1,2019-08-02 20:20:01,,
gp:AOqpTOGifhr8SzCDSCTQURvOQ98tNAW07PEUGRfFitvdbTv18gesT7aYnXA6hKO9Jie44QZdFGh-6yKvonFcsg,baby7 baby7,https://play-lh.googleusercontent.com/a-/AOh14Gg6hPkE046rAOweDePLkS4lIzCphKGEu6t8tVd0,it does what is say what can i say but well done team,5,1,5.1,2019-08-02 18:26:12,,
gp:AOqpTOEWy4DISNVQqX-jBV7oc9FTu7raCWqVzsZ4I_lpI4Of-Ac8-RcPKN3GQ4y086Crsbd4V46rK0A5HBAeag,Jennifer Govender,https://play-lh.googleusercontent.com/-90iZJaMhYBg/AAAAAAAAAAI/AAAAAAAAAAA/AMZuucmk8QysVcMUQAQ31pGiMpJoXfw3ZQ/photo.jpg,"does what is says, top app",5,0,5.1,2019-08-02 17:56:47,,
gp:AOqpTOGNjeSfoRXfaDAkdhdHFDLo6Gmqn2geDPsBuOF7czEEzR-JeQeFVWwafNAUTBXBTQl45B28szBxhsucoQ,Asad Anwar,https://play-lh.googleusercontent.com/a-/AOh14GjaYPWq4ZnpNXyzNN3pLyQ0n0Ry1weZ0cZiHxf8Zw,Its a must have app. i have been using it for quite a long time.,5,1,5.1,2019-08-02 10:17:05,,
gp:AOqpTOESXYsv7qcpvYQ3WGy7KavRRyKJMCZejyNv94g0ccMXjD14wrvO6m67rwrN6_xzeJfjcSEQZlGaizl_bw,MOHAMMED NOUFAL,https://play-lh.googleusercontent.com/a-/AOh14GjN_vvAEIlyWiBDKR-WzPbQi5rPKyB2qkl5FzmfLw,good App💚❤️💜,5,0,5.1,2019-08-02 09:34:46,,
gp:AOqpTOGBHuXGHnrLN77q7mj3JEBu9QTyUXr8d7nam3geoQwyiPsz-wMiq4zHi27gB-0ZRMIoAStSdQXH56ESeg,y shevkari,https://play-lh.googleusercontent.com/a-/AOh14GjPmcMWwOESPtPiv9Nx_liWbm206V51F3f7ph0U,perfectly works,5,0,5.1,2019-08-01 21:50:07,,
gp:AOqpTOG0a0ZPsBe2BCHXdrI4c8lQZ6FTDLo1uULfFjJUHGleWDo9IpfNwCiSXMq72hLxtggNz4LH9fGZ13pPWA,Tony,https://play-lh.googleusercontent.com/a-/AOh14Gi3jJhhl_tYnSwoORAPyAueyf-y4edGjppp0ZSwkA,"really slow, 20 minutes and nothing was being converted. waste of time.",1,3,5.1,2019-08-01 19:55:02,,
gp:AOqpTOF0ajYwa-Qd7HdgdqV1SCU9LD0qJfxpEoUmJxul3lDOCyzZj6H0YZJeRL17GvKzoLoaJXaw6uNML7XC_Q,reymar mirando,https://play-lh.googleusercontent.com/a-/AOh14GgLgCBn_Jfz5SbAoHm2fBqZ5bBZZIoRvnWswhTr8w,the best app thank you to the developer for making this app you deserve more credit,5,1,5.1,2019-08-01 11:44:20,,
gp:AOqpTOG4_mPifbSaGWH9cjEX3rueuVmMfrh5X2J_rpVe7zyxxERmV_PrHzn2LoAmbLIKI6_uz2gjG2ElABR_gg,manoj golaniya,https://play-lh.googleusercontent.com/-YssfFoIBgQs/AAAAAAAAAAI/AAAAAAAAAAA/AMZuucnF8LdaWyIfv2OzTLlLd_7rdht6HA/photo.jpg,its good..,3,1,5.1,2019-08-01 10:00:42,,
gp:AOqpTOEZCi3ZtZbfE3IWbkuWsMqMGQWLAglK7LWzHev4NQjarfmmHGmfbyKmXh59DSWlVjoDaeovIgGnC76kzQ,Kajal Kumari,https://play-lh.googleusercontent.com/-DGkldmRFAa0/AAAAAAAAAAI/AAAAAAAAAAA/AMZuucljxq8OB1Zr5Va0l7L4WPIB50BfRA/photo.jpg,I like it.,5,0,5.1,2019-08-01 08:54:41,,
gp:AOqpTOGBKYmphbjUENmTScm75v9jSq9qGgEZdCSiUgDRx0bKSmNxnTkODvykDGJZHdx8AS2qPyZ502vuYuR6Ow,nitin suresh,https://play-lh.googleusercontent.com/a-/AOh14GhOnDtg3GnzO1mslw7Xrq0-A5w78TKbclbBM2ugtIU,keep it up,5,0,5.1,2019-07-31 23:22:55,,
gp:AOqpTOF-vabiI_pejKYQUnQmno-VNJYA-XWtVTzbyEtsOzBv5UT9yFmGuRa4hCriUtyW_sEXwUuaKL5kx0mT3w,Vegan Charlie Lee Blue,https://play-lh.googleusercontent.com/a-/AOh14GhddVFvMJbeWE7XB0oCtFVyvyUNkxczNfDAJiPV,Designed very well!,5,0,5.1,2019-07-31 23:05:59,,
gp:AOqpTOHbfLETzdJpcyY1DjW0PkqmuIH7fqmi9eZD3VjhAKPg2xgBU6OgBkZRsaCIfpMEvaMCuOYPzsE8z0Hf3A,subash bose,https://play-lh.googleusercontent.com/-hJDovfZY7lo/AAAAAAAAAAI/AAAAAAAAAAA/AMZuuck5wJg7S38rTOfu8tK0JOwk8zRcNQ/photo.jpg,super app,4,0,5.1,2019-07-31 21:43:18,,
gp:AOqpTOGF4QZS8eKtmbwo440aGXJCAdN9OPHtV8ud5p_afbgzPxVc1EsfNYjdlBcuPenIl1YiXAwZBlbdtvmUjQ,Dr. HIHIKEN,https://play-lh.googleusercontent.com/-OT6C8t23aMc/AAAAAAAAAAI/AAAAAAAAEJE/AMZuucl8TfgylDlEHXdskF9tioXQ2DSD6w/photo.jpg,"rate reminder app.. President would say ""Fake""",1,2,5.1,2019-07-31 20:18:26,,
gp:AOqpTOE4lRMv2ZQjT8_9zgpLd7ZIfT-E71FU2_4DNfxfM68Vkxz9P1p372gcibK616QP9GaeEsooMRUGKrQrbQ,Michael Phillips,https://play-lh.googleusercontent.com/a-/AOh14Gj0iPU5ROdwkfYYL5fDk24v-jne4a3GNNdS9hej7A,"Easily converted and trimmed a sound for message notifications. Unlike others, I wasn't ""immediately nagged"" into rating the app. After a couple of conversions, the app did pop up a list of other apps to try but had an option to never show again. I'm not sure why the description says ""in app purchases"", I don't see anything additional to purchase.",4,20,5.1,2019-07-31 17:37:39,,
gp:AOqpTOF_JX-znrhrbZQJ9CriTCVCn1GeH8ee1d48IctvpBmF0MpwPzHCx4Gs2uP4y1d2JgybsO-uX2hP72FdCA,Maru Mohit,https://play-lh.googleusercontent.com/a-/AOh14Gjtz3oNoUspeTM6fYheJEFg47O1yl83DPk-zgKW,so good,5,0,5.1,2019-07-31 07:59:29,,
gp:AOqpTOH8ulRqh04l-3sPi5IHPX6ikoMhKe5DdI6FqLs0f2n8O0z3M81cVMDdZzGsdY5Nq-I3ZlEjU0iWVbc3DA,History Masters,https://play-lh.googleusercontent.com/a-/AOh14GiV1UbNE9kAaoNxHiH5FCbPn0Jed744XctCMly4SA,super app,5,0,5.1,2019-07-30 21:33:16,,
gp:AOqpTOHR_nzIe5TTMfsnopGiAyRE-S838MrEIo7IuY5T-NAF28ZaNPy8RizKGjpSUIKlcZMPK4YUV7w7FDhj-w,Sora Ken,https://play-lh.googleusercontent.com/a-/AOh14GjaXKNKBKwymKD40aiT_jrGlZZx_HGG23lIWcpf8Q,Are you sure this is not just a copy of keerby apps?,3,0,5.1,2019-07-30 17:00:10,,
gp:AOqpTOGfgYAcbkndlmNIQfed6ef9wwoZ_rgmAIWlV6xXblxBLZiXVxAfgq1Z8nO68GjggXHi9CsNcEMe95_kbQ,BUSHCRAFT MASTER,https://play-lh.googleusercontent.com/-yHTmTTsO6Tg/AAAAAAAAAAI/AAAAAAAAAAA/AMZuucn6H0njgT4Vc0jKsnAPgCOin94cPw/photo.jpg,No description about this app,5,0,5.1,2019-07-30 16:43:49,,
gp:AOqpTOFD3W8dy92LP4a5RbfSmVdTBGMedPq-Nc2FXRKMvz6C4gsAOZ9LhQMjURkuWmrp5ahkI7HZqHpbbI6wog,Franklin Macasling,https://play-lh.googleusercontent.com/a-/AOh14GgL7E84PNS9-OlBz-JGAJWGd-GdXEVbRhVlrEHBYoc,5 stars and additional thumbs up for the app!,5,0,5.1,2019-07-30 16:25:30,,
gp:AOqpTOEPl0O6337Du1QysSPS4y7InYCMpT0pf-ozZ0xwrC9YakCDxBWVSdreFS9RzcH_odHfrr5gEvr7wgPzcQ,Karsten Keese,https://play-lh.googleusercontent.com/a-/AOh14GjUNENuyPOU44Lm6-0UGrOdHhE-YfzR4y7CP03h,"I have just installed the app and get immediately pestered to rate it? How could one possibly know whether anything is any good after five seconds? The app may be lousy or it may be fantastic, but without any chance to use it before being asked to rate it, the rate can only be average, in order not to skew the results either way.",3,50,5.1,2019-07-30 13:48:47,,
gp:AOqpTOHzyhSqkv8wCO89Fu8z3z0Pe59w4QkROggWtGZGu4edv-TfE4XZiOCwysI4cIiSooL168T7GHyj1uYDJA,suresh sanapathi,https://play-lh.googleusercontent.com/a-/AOh14Gh_zmMhpOdt5qCUD_sWJpiWnEhddmDZTppsifeYjw,50 rupees,3,0,,2019-07-30 11:36:40,,
gp:AOqpTOEo3bKHe1pySvDSNjkq2pmq-ZbHjsUWPpCCjt38agJyuka6i-O7_pUfxtz5lg7AepsEbAd1ru8BmhPb0A,Narsireddy Mamidi,https://play-lh.googleusercontent.com/a-/AOh14GhC3wQgleXhBsGcSlDm47zWHRIYrma-NLrNbv4u4w,good app,5,0,5.1,2019-07-30 09:59:31,,
gp:AOqpTOFJY1s-Z4kiGOzbiCdPL3AQ2RJ3CUlx7aotId8MzvB-GiWGSweXsxGmy-SocA7K9uecMzwytPJ81yek_A,KishanSomaiya Family,https://play-lh.googleusercontent.com/-WM2glafqxVQ/AAAAAAAAAAI/AAAAAAAAAAA/AMZuuclNIqap4-gehYXSioBKIMwu_M70qw/photo.jpg,usefull app,5,0,5.1,2019-07-30 06:11:36,,
gp:AOqpTOF8CNKt_eX4bu0vSle7s_ZuM2b8vw8svmVGn9A0V7lijwbi75vI7zwf-tgmPuD-a4xFzNg8HiFt1QJIXQ,m.yossi pratama,https://play-lh.googleusercontent.com/a-/AOh14GjEuyGMc_vpvjTUN95TBMuqLKS5BBlkSYrei_hlmg,good,4,0,5.1,2019-07-30 04:59:13,,
gp:AOqpTOFzxCWp58QMCziP-MCmqpPRFKinOXcMe1raTj5uyffMFEWvOJvU6FVpPUhiXupkJhMtHfhC8OvsXYB5Tw,Rabeek Basheer,https://play-lh.googleusercontent.com/-rWbpmpYb6Eg/AAAAAAAAAAI/AAAAAAAAAAA/AMZuucnZC67LoVxNdoFpvwjLrQ6CRAyvDg/photo.jpg,very nice app.its ok,3,0,5.1,2019-07-30 04:57:08,,
gp:AOqpTOGdloh3zoUGoy-BoC12vcSiUNBOJivSdpSMJExZatCMJmXmFyhcJ5JPqKxrAXOMAaCRxkIZTY_QvsrzoA,arindam mukherjee,https://play-lh.googleusercontent.com/a-/AOh14GjveEkkvWUY-ga4fTpSUzLt1rbo2WymwXIld9rMNcs,পারফেক্ট,4,0,5.1,2019-07-30 04:55:02,,
gp:AOqpTOGOfX_p5dvolbin3ow4uklJPI8_c4yQP8xG6w0cQ5lBeopAjyBmj6ONn3H3Q9jT7pXAEnfIuG8N_2PPng,Ali Al Mahfoodh,https://play-lh.googleusercontent.com/a-/AOh14Gh3OQh-8JjB1zOHNmOXwt7hO-Fbz8AABZnBCeSa,exceptional Video formatting tool. it's got the most desired features I need on the go. specially the compression of my camera 4k vids and converting variances! installing it on all my devices,5,18,5.1,2019-07-30 04:38:48,,
gp:AOqpTOETCvg0zir_0VrA8d8_Pz0O8x-1V8lB1kRhQ0KNPyho1pjWZDMQWFpYXnxl79WKvI41girn7r2PkxXR_A,Rodrigo L. Coimbra,https://play-lh.googleusercontent.com/a-/AOh14Gjv7d4A1ayKJnkJzKUtM8opW1ZBTPSO1aX19Euybpg,They took the Format Factory app and changed the name. What a rip off!,1,6,5.1,2019-07-30 03:26:37,,
gp:AOqpTOFLsOxfO67Q2m1Rn6sFD-7v0L774TF-5oR4WKL6Inr4av6RLLgmLgvq1fK6QNCRdRCQiiclaHTLB7FPKQ,Shin Ai,https://play-lh.googleusercontent.com/a-/AOh14GiI54r_Tt25HbmtX1vvVN0q-kxw1W-3XqxCvbMAqg,the most usefull video audio converter,5,0,5.1,2019-07-30 00:47:15,,
gp:AOqpTOHRqVg5VCg4CdlBKtGsDi_tYL3-MjOd1WKg2-MD7TOLHu0qHzPH3TW1CiPjGVu7uEryUHykngzwUw-ycA,Cyber Fame,https://play-lh.googleusercontent.com/a-/AOh14Ghpvi1bqHypdtW2zBT2KpSrcqoSG6wbJwz33Y3GEEY,dark theme?,1,3,5.1,2019-07-30 00:31:44,,
gp:AOqpTOFLSIznwfPKaksibG2dlnNRGMo-oKmtGbXCzENfppBC8DU4JMQw8y1Z_rsONwnh7-T8iXjGTFirQLU4qQ,Observe & Actions,https://play-lh.googleusercontent.com/a-/AOh14GgNI-OJ2wqSkReGsoyPNavoENRwNq-KCzxFQgzauA,Good,5,0,5.1,2019-07-29 21:52:25,,
gp:AOqpTOF4josTAIwubM9CGrBrzf7fXHHhK1HMkX-zfANAr4WBOh2Fd-l557pMI1rA-Xk74kMC_oX87iK2ImS6xQ,Shaikh Mazharul Islam,https://play-lh.googleusercontent.com/-vkqE4PuqPjo/AAAAAAAAAAI/AAAAAAAAAAA/AMZuucmHjJ3enuS0LDYTLNHa2k7oiqfESQ/photo.jpg,great,5,0,5.1,2019-07-29 21:15:38,,
gp:AOqpTOFii2T1JyP0-HmTScROdIgSuZUIho915Q8uQmWWjNZN5TZBGU0r2rzYTpQSi0nifrvZ4GsWlX7pk2fuGA,DjHuntDX,https://play-lh.googleusercontent.com/-W8yL6gPF6a4/AAAAAAAAAAI/AAAAAAAAAAA/AMZuucnoMeX0DyuUcK6hNqGp3iZuIpEVBg/photo.jpg,fishy. how can a bus simulator dev jumps to a video converter. I have a bad feeling about this. plus this app looks like Keerby Video Converter.,1,18,5.1,2019-07-29 18:55:42,,
gp:AOqpTOG0a2K4b0aMEIs0s3_Q4mXkjb4nDDD0I5-Gt9DRkVtJo4aQ1V0oY1_bDpumPiDAVOhCfR0NXMncQhN3wA,Umbrella Protection,https://play-lh.googleusercontent.com/a-/AOh14Giq5fZFYZHgsSTE2J7c-6WrHBR7Z-j0Evc8SvSh7Q,V v v v good software,5,0,5.1,2019-07-29 17:13:02,,
gp:AOqpTOFp-B8hbZN_KAO3ardj5fGbZqB-8G_WKdZJR_iw6kVFPzBTdBtCAst8lCWEjZUM4mxTLhMwYU20GPPB4Q,Andrius Girskis,https://play-lh.googleusercontent.com/a-/AOh14GgvpXQD3J0ZZ_laT-0GsQa-R-qP5Rim5i6XPdlK,works ok,4,0,5.1,2019-07-29 02:25:44,,
gp:AOqpTOFw6MuywmrX9-vgDR0JJpj_gfQpdnqppxUjC8yu0Pz-6tV2LsWCYTjnU0xEXSEMbP5Gnwq0mb5pY8ae3g,venkadesan K,https://play-lh.googleusercontent.com/a-/AOh14Ghqrab2M_ooL8X-9MNR1f4Q4CsbLUyn1OL_ywsw,good,4,0,5.1,2019-07-27 19:58:30,,
gp:AOqpTOF27tuOrmg0tqXc1dZoDWXon3kILdvPkkiFLMkcqT0Jw7Ta8bIXvgBySosKKq_sgrzabTRmTqeXQz1Xxw,salim khan,https://play-lh.googleusercontent.com/-SvjgOQVnpiA/AAAAAAAAAAI/AAAAAAAAAAA/AMZuuckILpfVgCmDomCetGriUYyVkteKZw/photo.jpg,nic,1,2,5.1,2019-07-16 23:25:46,,
gp:AOqpTOHlCte4x4eU93bpbmpzFY81dsr9s-jRgYwJBNPypSSn-O_DgKtSS7aVbjZdg30T-UjBEF3ooPQEgkInww,mgoboza odwa,https://play-lh.googleusercontent.com/-SXYZf7X9SdA/AAAAAAAAAAI/AAAAAAAAAAA/AMZuuck9KMGvHgDRE0Cljh3HhEvkJObuiw/photo.jpg,Good app,5,0,5.1,2019-07-15 02:18:29,,
gp:AOqpTOGMsGYc-52aKpp5YYT5edjhaSy8-iLWJNk7Qo5cPln_yvA31jdnNV2jtANBGO2VYeZBBubznjfSwS_iag,Andrew Boatright,https://play-lh.googleusercontent.com/a-/AOh14GgINHpxI5VRroFxdqcqfEZt8FilcgCr9zmhubAI,Outstanding !!! - does everything it says it can do WITHOUT upgrading or purchasing & Easy-to-use ❕❗,5,10,5.1,2019-06-29 10:27:50,,
gp:AOqpTOGOmcAsej8kMVFMJquDKVRru2IHwde3JPHNflVdrBvLObzmT-t0-CUUjh3tStl5f6QPfcF0wYpEMwCJfQ,ZaZaiDin Din,https://play-lh.googleusercontent.com/a-/AOh14GhKz-2uXzoCjh6eHd8bLJl_0LsiJlOhOo5LTNBW1Q,Good apl...,5,0,5.1,2019-06-27 08:53:28,,
gp:AOqpTOGgUS2YfuD4cYzi12cmbyCtf-ZS2jEmZPUUiyytbQNEFIFGTR7S4yER4z4UjYL10SaTFnHgpss6-KNoBg,Events Media,https://play-lh.googleusercontent.com/a-/AOh14GhOvW_-NO3wK9lq5gHOeU_CptQmBPbzKJuxFmeu,excellent,5,0,5.1,2019-06-25 23:12:36,,
gp:AOqpTOF4iPrAcSzpv3y_wG4zLo4hVm2PnyqPSfrDQpVs0nY6V2mHinpXYzLzOMaGpI21cJN9Bd4SSOhC21tiFw,Prashant kitchen tricks,https://play-lh.googleusercontent.com/a-/AOh14Gh6krClv9CBBB-0JmS_daceY77TywWDuj9OncEgdw,"Very nice application for converting videos, i love this app",5,5,5.1,2019-06-18 03:08:15,,
gp:AOqpTOFm_uMV9fOZr4nqSrcVB-Sbf0_sZXw-o8wJzZAiLoNpmo4WbxY-aWxH3GDSJ_HwWwsw3COduI0uYhK1uQ,László Kókai,https://play-lh.googleusercontent.com/a-/AOh14GjArE81-qfc9MKL5BQAnT611qQQweIdZf24T6qR_g,Same the Keerby converter :-(,2,7,5.1,2019-06-12 14:03:09,,
gp:AOqpTOF3LyDNQ4E5O--a6XvyJRhOhYlqCOUvdJlug4Zq8EyTZSGTWibjU98Eu6e_CH9IMtXsxqfkezrGfPSAuQ,Mr. Mohammad Yusoff,https://play-lh.googleusercontent.com/a-/AOh14GiyW34SOnRH7Lc17q71mAb-Gy6MlRi1Sne8N3fxOg,ok,1,2,5.1,2019-06-09 05:24:27,,
gp:AOqpTOEBVllMlxWHO9xEuOWJgH-BW-b6S9kD_vvrM-ioUFW94KQS7OxtWmz053X7F5Ti_IIjt-lhM4I78zmcEA,Alliswell R,https://play-lh.googleusercontent.com/a-/AOh14Giikk3UDnEujxXa3RdJ9A0zbQwOINLM_Fsjy7hIiA,nice,4,2,5.1,2019-05-29 08:17:17,,
gp:AOqpTOGIYHTGPXWx1oyXkUfisNe3HGV3mQ42Mbkalpgd1j18UlTrDrcBnjWHWafnRYboRieAzx5GCpvXqeWR-g,Babar Hussain,https://play-lh.googleusercontent.com/-Ad92q_PC0HE/AAAAAAAAAAI/AAAAAAAAAAA/AMZuucnVLzbaAmW_8Zg9UflyLTcKFFcdNg/photo.jpg,Very good,5,3,5.1,2019-05-26 08:42:53,,
gp:AOqpTOGQlU9NQ1KCOnRYwhD5ezlTtnZMu2aJ7zt-bktn5icyEtA1DvK8FIaQlrTh5KHZkar6zIJbNImoMeJSBQ,Prasenjit Roy,https://play-lh.googleusercontent.com/a-/AOh14Gg1so5N6PL_7996aPaPKAglJ2SGsWeQe1P9z6R_gA,Nice,1,3,5.1,2019-05-26 04:34:47,,
