reviewId,userName,userImage,content,score,thumbsUpCount,reviewCreatedVersion,at,replyContent,repliedAt
gp:AOqpTOH97U-OPzMdU8drexiejqlEeg5NTmjlQiBFxFkLNBvPodI_cprOz-g6JNF-SI1yPesRJB0XeIrH1HMmcw,Todd Boyd,https://play-lh.googleusercontent.com/a-/AOh14Gjytbi10urNXpCsXptbzPEjU_zvKT1F3q9505Iy,Love this app!,5,0,5.2.5,2021-02-01 15:30:12,,
gp:AOqpTOEAe_pVmAsPtIoEivHQppqjNxSsfoxnoMCcSAdxBLH5Z-xucVWBmCaWTVOuhEQbEhR2DL3JCdCNt_9lNA,joseph riccardi,https://play-lh.googleusercontent.com/a-/AOh14GgXtZiEiAaRfVeST4-mMY1qfbG_ixBPErwPc23r,Great app I definitely recommend having it installed on your phone,5,0,5.2.5,2021-01-27 09:32:56,,
gp:AOqpTOFNSp-GtYwOhZdF1GrTP0ri8O-7Y4l-shi538qrnx1A5_pe5tTUNW_OgxnVQvyLfDwcdLVbOAJ0m009gw,vin Llasting,https://play-lh.googleusercontent.com/a-/AOh14GilxJKZWYaLUzbHc3QkM-4voyyBbhMV9VDdcmo,"The fastest customer service you'll ever see. I researched through out google play store and no other app out there matches the SMS from this designer . By for the most editable and complex app and the power for your own imagination . GET IT NOW, ps make sure you edit the SMS into the star strek launcher in edit mode . Place assign tap to your SMS app tap launcher .",5,1,5.2.5,2021-01-17 07:39:27,,
gp:AOqpTOE5BLJsAipfgV5Ncc4scWL_Z46pIUJdHGE4fMItVEa6tq7f3xhVNohqgUpZRHRwdLq0iNc3ZkYKM6qQBw,Rudolph Fletcher,https://play-lh.googleusercontent.com/-Qns2KXauBUE/AAAAAAAAAAI/AAAAAAAAAAA/AMZuuclP55ml3zoRe8SxGSTqDu7mqKnjLA/photo.jpg,Love it,5,0,5.2.5,2021-01-09 02:06:25,,
gp:AOqpTOHrjg9VVJUsMZfw-bmmWVbKWRj7fyUe2T9Kaymzj3KRL8KO6oj0uHLVAmn5RKv_eiBpGZs8UYYnP1EsHA,Zane B. Johnson,https://play-lh.googleusercontent.com/a-/AOh14GgB96VaQqo_Ray5v0kthQsni7WtWNsLvSGQLEVB,Every app in the suite is worth five stars. The ease of access and level of customization are the best. Also one the greatest customer service experiences. Fans should be pleased.,5,3,5.2.5,2020-12-29 14:53:46,,
gp:AOqpTOFh8Mr5-YNGIfVlcjNbCBU_MQJlUfUm6WFBwFuQ3S6yAweY5P6XOZXoRFW64nwsKBCBhMNkxxTyir7MaQ,Ju-eng Ling,https://play-lh.googleusercontent.com/a-/AOh14GiBByxyz11n5AnxMHV47AjVUMAleLFNOAM8Me7ttAg,"Yeah! Finally, after having a dedicated SMS app for the LCARS theme we have now one for New Trek! Gorgeous, fully functional 5 star app! Many thanks!",5,2,5.2.5,2020-12-28 20:36:43,,
