reviewId,userName,userImage,content,score,thumbsUpCount,reviewCreatedVersion,at,replyContent,repliedAt
gp:AOqpTOEuJ4kOxFxphsWvtV6JFr-UAjyhPA9j7oJzTsRJDVfbAynlqB3jOE7s7ngYENyacgeOxfH3GB3c3OftDA,William Purcell,https://play-lh.googleusercontent.com/a-/AOh14GiVuE-HTmpNw8wtNlzF7Fig0wcFTt1ioQkHnbKFDw,A wonderful digital version of one of the best 2 player card games. Knowing the rules of Morels helps a lot in this game. Playing with a friend is the way to go as their random matches can drag.,5,0,1.10.04,2021-02-08 08:31:10,,
gp:AOqpTOGUDx12MNG-RLZBe4HKtpnf7I1auUj4E7DCcK31ttkmdt0Jzo4KRB4ubxUWhhznKyct_qb4pEuebH_JvQ,Ethan Furman,https://play-lh.googleusercontent.com/a-/AOh14Ghi7iLuF0AGQham1vxPRPBxA25JvwoLQ4kWHC0yEA,"Fun game and decent adaptation. I like the sound effects, but not the background music, and selecting the cards one wants can be tricky on smaller screens. The AI opponents need to be revised -- I seldom lose against Easy, and rarely win against Medium.",3,0,1.10.04,2021-01-19 18:42:40,,
gp:AOqpTOGm-a3VLmLtDrVrafcHRUFPBjeIy5c6NXDa2og0KJ9LPfJEzfVr-Ks3FEOlVo1g05lptv-ttE2nDs1iLA,Lara,https://play-lh.googleusercontent.com/a-/AOh14GjyqwecARgDT7OIzmVZK4prHrNeV8mRx7-kmoTUjQ,"So much fun! I really enjoy this game. Simple enough to understand quickly, but still complex enough to be super fun.",5,0,1.10.04,2021-01-19 15:55:53,,
gp:AOqpTOEOiv_KAdMlv5qNq67038diblzmocA-qgE9VWLNptteDk7DlmteMVAABbrB9OL2kiLuqzKKS_jd1Bg4-Q,Heather Staab,https://play-lh.googleusercontent.com/--GTgf8f_90M/AAAAAAAAAAI/AAAAAAAAAAA/AMZuucnCh-wTLgP9ck0JG5yLwg3Thl-WIA/photo.jpg,"Love playing vs the ""computer"" but vs a randomly selected person is bad because there aren't enough people playing and they have 24 hours to make their move.",4,3,1.10.04,2020-12-29 18:09:53,,
gp:AOqpTOGGnH7rCyhBdbLiF2S6xJhMPeh7alqgHG00xG_awvLc15M1PV_cfVaoY7GbdcTdKsC47oy7iujdMeHoIg,Tsvetlin Marinov,https://play-lh.googleusercontent.com/a-/AOh14Gj3Rpvspk52BiOPS8-5hc-AcHPIqgukJW1BmM-efA,"Excellent game! Very well put together, balanced.",5,0,1.10.04,2020-12-28 13:43:44,,
gp:AOqpTOGzhuSZ3fu6-VemYM8UErezKz8sNXxNIkKbsET6or6hyJ-428T-DHAuglNQuNo93xOv3SOpcr7xwMxMwg,Rob Shore,https://play-lh.googleusercontent.com/--vjuNgbEKog/AAAAAAAAAAI/AAAAAAAAAAA/AMZuuclofON2edYAwoi5RS_hjKlEJX8q8Q/photo.jpg,Good version of the card game.,5,0,1.10.04,2020-12-25 08:16:57,,
gp:AOqpTOFX-vsoiQ6BBcuKf2mZed-Jgdy-H6a-giFohHvdWvqHW5hO6ChSaAjVXjHcQpewCGjzYMuV3z1E-Ga8dw,Joseph Short,https://play-lh.googleusercontent.com/a-/AOh14Gh3Jbiby31YEM7p-IlfEEQTEL6UailsP2sw_gUv3g,Fantastic two player,5,0,1.10.04,2020-12-23 19:44:02,,
gp:AOqpTOGHDMetqEZm1d9Djl4FMvmfDv0g67-HK6oWpR9H70K_c7mXSkACj04qBQ-GiU5SazklWYyvhBJ-cZ7chQ,Edward Cedras,https://play-lh.googleusercontent.com/a-/AOh14GhPcpuVpHBDvuWUHtp78LyC-T9vYswzqK5NnP4,Fantastic way to practice strategy for playing the actual card game,5,0,1.10.04,2020-12-04 12:07:07,,
gp:AOqpTOGm_V9-AVgrS--nOsOz_1Kmp89zg-1plwBFAnkMN3xEBjMmXaJrulz8T6jaDrV7z0CgPbjp3sqNY5B7LQ,Sheila Teves,https://play-lh.googleusercontent.com/a-/AOh14GiCoWaxtXM5dfpqCLX0QbxwzdF35OfTfaR3EtjlFA,Fun game. I love the card game version so I was excited for the app version,5,0,1.10.04,2020-11-20 23:06:56,,
gp:AOqpTOFlR5whHvWctKSA3np6hO_ErIaJT45Y_USfzqv4i3Jv8rCkwXDKIUUioJk69wBzWzIt-Oc4cDmbCd5ung,MG,https://play-lh.googleusercontent.com/a-/AOh14Gj_2hu98y6gnPz0X8MMI3AvpKzSw-YlG-BtO4lgISA,Please fix the multiplayer glitch,1,0,1.10.04,2020-08-12 18:56:13,,
gp:AOqpTOFM7SDWc-28qgKeID2FGtP6a7TKLERUlUcJ89KwKgWuTyeBkQRt4Hi2HRZFoGtHDeg-i40WOxW4HHdInw,Jen Repp,https://play-lh.googleusercontent.com/a-/AOh14GgF1r1XTD_46Ko2pLq-Xd6mqivCULodBTlrP0yQrg,Please fix multiplayer not updating,5,0,1.10.04,2020-07-30 12:30:05,,
gp:AOqpTOE3Z0dSmXO2JvZ-5chQi5JpbP1UoTmQi9HHLylTuq127pZk1zIPZ6L2c93L7-9yWT-J-tlRejPksnh8fw,Hazel D,https://play-lh.googleusercontent.com/a-/AOh14GhZytoA8t9Pd2gbADAn9nms7kzucVizuQ6rKBFR,Billy I find this an extremely entertaining game though it's very hard to play games with other people it also takes up a lot of space on your phone,3,0,,2020-07-16 08:57:18,,
gp:AOqpTOG9RD1NhWMGjA0qbZnow_2yamKUmvdxRPiVcoWnewE_xqREKOUe9tqw6_ZfKbCk35AcNavjpCWJblmeow,Bob L. Phishmann,https://play-lh.googleusercontent.com/a-/AOh14GjKdm8C0J-kuQpUa2gqhfnO8R4QYtkNvF5M4-HdGA,Glitchy. Late game I can't cook mushrooms despite having a stack of frying pans. My gf and I love the game when it works but for $5 I want a playable game,1,1,1.10.04,2020-06-16 07:03:42,,
gp:AOqpTOEBb_EJ0xVhOIcWv0sjyxuC2ERoer2vsNzCmLvqnNNT1Tj0Pr5oFqPxrVoF6jGzX92Jbd6zvzqy7fvnmw,Rebecca Lindner,https://play-lh.googleusercontent.com/a-/AOh14Gj-Pj6hk7rB39ztHEAgXS_4hIg5xJchjkH6lIRN,This isn't allowing me to cook after a couple turns. I want my money back!!,1,1,1.10.04,2020-06-15 22:51:15,,
gp:AOqpTOEDKdi1mZD2YAUyzTSvkss-ES3hkwO865SbBZvSVuslSIqID6ar97cd_zx-fL8FPxeyqxu9q5OKMiiCWQ,andee tao,https://play-lh.googleusercontent.com/a-/AOh14GgVOjYUskjGSCvtuQ0mOg9rmbDp5Ezh46RqeNAFMw,Paid for foray and it's not working. Sometimes game freezes and you have to rotate screen or exit and enter to reload. Network play also sometimes need to reload to see if it's your turn.,1,5,1.10.04,2020-06-03 08:12:36,,
gp:AOqpTOHTV8YSeGjA7AZQAlLUXB8a7efcsxbeAOR7gYdtRjI8y3DdkprUxt8HCjScTHKbnlxR67lch38HJaa31A,Dharit Tantiviramanond,https://play-lh.googleusercontent.com/-Tjf8vSXFg1s/AAAAAAAAAAI/AAAAAAAAAAA/AMZuucmDlxuySlhNSiquLeyo5-Dm_RpAAg/photo.jpg,"Would be a 5 out of 5 except there is a glitch in multiplayer where towards the end of a game, turns will not update. I have to exit to the main menu and re enter the game in order for the turn to update. Very annoying and the glitch often only happens at the end of a game, but then will continue if I play another game immediately afterwards.",2,5,1.10.04,2020-06-03 01:32:36,,
gp:AOqpTOGDV5kZevLxcCQfO4tQV2B7Q60p9A-mWf0_l7pFaLfugSMSIHS6JG60zREofVFc8dZnQeebpYnc72z3xQ,Bartlomiej Furmanek,https://play-lh.googleusercontent.com/-zhzZ-Kp1jNQ/AAAAAAAAAAI/AAAAAAAAAAA/AMZuuclANmk-DkH1FgB1RNH9AdDZBtw9uA/photo.jpg,Are you ever going to fix the online multiplayer? You are charging people for a faulty product.,1,1,1.10.04,2020-05-28 07:12:26,,
gp:AOqpTOEkKNctpgF5ly47DuLcjGCxEMsSIx4zN0QQdFyXmNPmoU8v5gxeHaoMtTaNSj7Ke680nCb__CpbE5BgbQ,Mark Vuletic,https://play-lh.googleusercontent.com/a-/AOh14GhrjH3YCwnWMrzToonDTGgV7wf6zYs03aBTA2hN5Q,Good except multiplayer consistently requires app restart toward the end of a match to see other player's move.,3,1,1.10.04,2020-05-16 18:24:21,,
gp:AOqpTOHfuD9DGMcZikZ1M9TlemYrymdipjMKSRu7MIPeF9jAg0qn5PXAGWyssV64AL4sHTbk-YE3AHjzcLBdTA,Jonny 360,https://play-lh.googleusercontent.com/a-/AOh14Gjlfc_2lNWfICSBpCWSciPH0hhOEHu96VmkCVKF,Multiplayer is glitchy. My wife and I love the card game. We got the digital version to make setup easier. Unfortunately the Multiplayer is glitchy and multiple times per session turns do not update. You have to exit to the main menu and then re enter the game for it to update. Makes playing a very frustrating experience.,1,10,,2020-04-26 21:34:15,,
gp:AOqpTOE7brTVUQr-S8vQJSDW4PvnGVOo9EIgqz4pCxpZY1l6qZlaW3t1UA1g1IgYl6ZT9_blHbHVWBYdm2WAkA,Brandon Crandell,https://play-lh.googleusercontent.com/-irqXY7w2tzE/AAAAAAAAAAI/AAAAAAAAAAA/AMZuucl-ZXTBPpjqKpNxzFchT8GDHvIeeg/photo.jpg,I purchased Foray to play the expanded game. It worked for a few days then asked me to pay $2.99 for the Foray expansion AGAIN. I was desperate to play with my wife so I even payed AGAIN and now it will not work. Please help.,1,5,1.10.04,2020-04-24 07:52:30,,
gp:AOqpTOFcSWwpRy_6ldVbUcNbtxBX38vjvJQbrY61HkIhZvhNSAMCJQJfks3H1N8WWAzjHG4Hmkr3dxozJ2sI6w,Curious Georgia,https://play-lh.googleusercontent.com/-5MXSG-zNYGA/AAAAAAAAAAI/AAAAAAAAAAA/AMZuuckEUT7drWYyeEtGUWe-WOR9fUbD-Q/photo.jpg,Identical digital adaptation of a two player card game. Three difficulty levels. Two player mode plus online gaming option.,5,0,1.10.04,2020-04-01 11:46:12,,
gp:AOqpTOEGtpXVGHS7Bo5pTweidX5kuiSf9N1wGxy1YPlUreUTsAHIEX0ZEKqjDDGDNBAtVzPEHWJtvbg7Q8ptnQ,Jason Ching,https://play-lh.googleusercontent.com/a-/AOh14Giw2sk30NSDivx5k6vmSpqpi7feTIdI7vA8Ih-w7IA,Super fun game. Bought it to play with friends online but the single player is fun too - just really hard to win against the computer. My only complaint is that while playing online the game often doesn't update automatically when your opponent makes move. So you have to keep exiting and entering the app to constantly reload it to check to see if the other player has taken their turn. This turns what would be a 5 min game into a 10 minute game with annoying procedures. Otherwise it's perfect.,4,7,1.10.04,2020-03-31 19:22:00,,
gp:AOqpTOH-eoK1j_MQRB9W3QGVZtKU0NsAtX2UiMItFtrgBstdRX-UnMgkcvKY3tMDNzAChTFJI2vRq9DZJDRKEQ,Mark Angus,https://play-lh.googleusercontent.com/a-/AOh14GiOi3XRHeb2ecLWS1hY3JYz6JxMTRgBVfrKc8dxCg,Very good card game. Bought actual card game because I liked it so much,5,0,1.10.04,2020-03-28 10:41:56,,
gp:AOqpTOEf-VI6JZ0Bqe4Jp7nkgmHGYnYOsslQ5hCtI1aJn0lrEIodgmjebCZYDvR0UPYPVEUJFj4mhehxp_7njA,Mattstadon,https://play-lh.googleusercontent.com/a-/AOh14GgDynf1pJKOD1jVJqRs1SMOs5aymFskqWE7PjtQ4Q,Love this game!,5,0,1.10.04,2020-03-08 20:12:30,,
gp:AOqpTOG-Zr8COCyfU_Vpe7k-19vyDUBNufruqZV4OspU4HhNVbbs9vhYfxFI6Pfz0ALzOwNSWlnBtK-DO68kSQ,MKP Knerd,https://play-lh.googleusercontent.com/a-/AOh14GgmmUDhbDmnTmEaJ5McMHNkYxEWEh4y_yN_nsx4,I really like it.,5,0,1.10.04,2019-11-30 14:49:51,,
gp:AOqpTOFu8lFEZfKW2UOVjiz9WbI1wUZAef5K94YeXM9-7kyCUugTYgS2t8uzqhdYfOTK5PE8olRrKksdTK4fKg,Nick Schonberger,https://play-lh.googleusercontent.com/a-/AOh14GiniVRfvGUVh5W2m-6jOk0DXRs0AEV2fHwHglisBAI,Great game!,5,0,1.10.04,2019-11-12 18:20:35,,
gp:AOqpTOF93uV_uR30Kx1I-cw43udF_tuIoLGtBhFhGPmLS_z5u21jB659N_ELkxPdZkZXSRImYp7mcQJnUSVB5w,John Smith,https://play-lh.googleusercontent.com/a-/AOh14GgYnlEToRLfYLyWeX-LS7Zn3xiQdPryYAKL0Ar2oA,Best two-player game since chess,5,0,1.10.04,2019-11-07 11:44:23,,
gp:AOqpTOHGOd-ADLRmfm5J9DMJm101XRimC2cBR0j1uvkti4j6BbTQMXzVB9_M1HQVDtaorAApuCBfIhAw4XN5Ig,Kyle Pramann,https://play-lh.googleusercontent.com/a-/AOh14Gg-51CLH5OFlsb_UluRqAIo0QKp7uQBtumIXT7DqA,"Great game. However, I paid for the Foray expansion but I an unable to play a game with it; either against the AI or online.",5,1,1.10.04,2019-11-04 18:27:44,,
gp:AOqpTOHQIDXQLJq9nT-5jDCFsiZro277x901mGUzLCWT0wIrz3w1sxcVLIZtJw_wfPzzBjaxI9cZ29s653l8Pg,Jim Mussared,https://play-lh.googleusercontent.com/a-/AOh14GjDAsHUwPuEAVgYdkps3zik_wcnP0i6eTWyqUNCW0A,Excellent adaption of a great game!,5,0,1.10.04,2019-11-02 00:25:09,,
gp:AOqpTOEGjAQzllsBGHOgeG6L4Lz7RIXuds1J8XWlYKsq-6Ar1mdlc5xVCwwTXHggGI0oiRuO6j9u4-Uk4amIfw,Murr Rockstroh,https://play-lh.googleusercontent.com/a-/AOh14Gj3vsqfyC1Udy8a9EigyRM5zODUDJnjY-lpokUX,I own both versions of this game. Fun ouzzle to work out.,5,0,1.10.04,2019-10-30 22:09:54,,
gp:AOqpTOEtgVI_2-_wBxkpxcsG9EwaKlp85z-0cNA2zBVt4iImqtqUS7nD_mPc4DqnMvmb2ZmLX3Ycj5Xld2Cphg,Sony K,https://play-lh.googleusercontent.com/a-/AOh14Ginmq7XOKaOb30Aqs6Bok2CyH7eLH6wBOjQjsev,Love the game and that app has been excellent so far!,5,0,1.10.04,2019-10-23 14:42:12,,
gp:AOqpTOFVZPRWcqtAjkdORj9RTbGV2Bf28QvRgfHlXvh_zQyyNoR3vRGwXRQgG0dohoW88bn6XzRDdf0IPpHidg,Jason France,https://play-lh.googleusercontent.com/-HOM3zdJK3Xo/AAAAAAAAAAI/AAAAAAAAAAA/AMZuucmKcXOh8FSATvcHDnzaVsFDKkinZQ/photo.jpg,Very challenging and well put together,5,0,1.10.04,2019-10-20 13:00:15,,
gp:AOqpTOHeoSU3aY9hXjwP0XNQ7HlyU5RI2D6YIfeQ_b4_qWEO7sNv7QSSfsNPx5Oc0vxSfBYt3Udkf5YWX_SJuQ,Joshua Kramer,https://play-lh.googleusercontent.com/a-/AOh14GjNKbeOO1bWzWcnxI8RPsTiaM4Y3o1FpEJZ95OZ,Really good port of an excellent two player card game.,5,0,1.10.04,2019-09-29 17:54:29,,
gp:AOqpTOF5V_BofBtADWjdMqAfWFaOB65r9d1n8MMPFvRgq0TJAIQWtKYAHYHW69oP-Lzmj18j3D-yj-YVHSrsEQ,Rich Heimlich,https://play-lh.googleusercontent.com/a-/AOh14Gi0G_x86wz3CZntvsMMTJaleJ_DTw0DjRay-BVy7A,"This is both a solid game and a solid version of the physical card game. Such a strange game that is brutally addicting with excellent AI. I've been playing for weeks and still can't beat the Medium AI more often than losing. The only things this app could use is support for the optional circle layout for those of us that play the real game and support for more stats (win %, averages, etc). Both are minor.",5,2,1.10.04,2019-09-24 08:53:25,,
gp:AOqpTOE2P97QJEt6a6-hiOOs-5R4kz21u75qoNVK0eQRNgc9_ldv2bntVwFEL4kY-k0GFv62weDjYzEZjrRuhg,Javier Alonso,https://play-lh.googleusercontent.com/a-/AOh14GhbIX7Qgoicvndyg5s1AXEm9L0-jI0e1TDumwBbNQ,"This is a very well designed card game, based on collecting sets of mushrooms for cooking. Games are quick and quite challenging even with AI. Your strategy changes depending on the cards randomly available, which makes things more interesting. Graphics and ambient music are nice, and overall gameplay and mechanics are quite simple.",5,5,1.10.04,2019-08-27 09:49:16,,
gp:AOqpTOHTZqCiJhZRNARAtZCQ_xqQcrWqHvQ9DdLwXf3kApWu7yZaEG-5aE_ddl8H7NRuKBqAj2iTUfhi5w7QaQ,Andrew Besselink,https://play-lh.googleusercontent.com/-5MpBIwAiR_E/AAAAAAAAAAI/AAAAAAAAAAA/AMZuuclX_tZjvH6WgQaNWgCKJM71mehJ7Q/photo.jpg,"Expansion is not available when device is offline, which is a major deal breaker for me. Graphic design could use some work too - its not bad, but given how expensive the app is I would expect better",2,2,1.10.04,2019-08-19 16:09:41,,
gp:AOqpTOHZG6-ZWHPOCcUr9JxnyQ3RzZbe_dsMTxaEJ-IKmg_DsJuN8LWaWVI_9onFAPDQs_dxUY_fgtM_ryByJw,Janine Swann,https://play-lh.googleusercontent.com/a-/AOh14GgbY9V2pP3GhFNH__s0U6FR4L-V1pMWftSC2iu9lA,Absolutely love this game. Addictive and a robust app. I've already recommended it to friends! The Forays expansion is well worth the cash.,5,0,1.10.04,2019-08-07 07:13:33,,
gp:AOqpTOHdJVPycnmJBDdbEdlROKrn8ntTHn4P4R1FbCnrcsDEpS3d9Ew9w8sSNb7RcUdMGBaWiOJkAfuU1MDBlQ,Joshua Gouge,https://play-lh.googleusercontent.com/a-/AOh14GiDHk9L_6Tm9k7K29Msh4TF-YqydjZra94Tq0pNGA,Great card-based game! I love it!,5,0,1.10.04,2019-07-18 03:45:13,,
gp:AOqpTOF11qNuSCPfcdhATdObkr4vqinZIWs3g7_YHwI_jrBH9SHp-Ril6c_tvmIDA8F5IQpj4zV-ihE_EuWGSQ,Faith Young,https://play-lh.googleusercontent.com/a-/AOh14Gj4UIIWWNBdZbQvxCclSfejesjzpfwsb1BCWZrpow,I love this game! Lots of fun to play alone or with friends. Beautiful art!,5,0,1.10.04,2019-06-29 11:49:09,,
gp:AOqpTOHx9uV4LDAqXgtBXJA27PK6xd29P0MmGyT3URwU8BKn6EaUXfPScBPctCrMzL4oynL1Chj0TKFHCBIM-Q,Connie,https://play-lh.googleusercontent.com/a-/AOh14Ghn2J7xB_xJr1sw4_YZU05v-s4A-7lODkHVsCAw,"Wow! Great strategy game. Tough AI to beat. I'm not normally a board game fan, but this is an addicting and fun app. A keeper!",5,0,1.10.04,2019-06-07 18:28:12,,
gp:AOqpTOG4BI1YKzDiT2mx0TUKzEZwPaJVMu0rBF09rUDdHFlT7LXIafyrlhFmA6tTISY10H5v6ANmmvZW7t1ZrA,Christopher Hall,https://play-lh.googleusercontent.com/a-/AOh14GgHsXg3XurIwIOdrvO1uDya65A98szWI2VwZIXkIw,great game,4,0,1.10.04,2019-05-27 20:07:32,,
gp:AOqpTOHI4nOYyw8H5qbKPgYzSTGADk63cIA4LaiNZp6xYbqZjVg4hdaY1saPkR6HExtzneHtgSRmdMzDzxQ0Pw,Jeannine Manny,https://play-lh.googleusercontent.com/a-/AOh14Gj0d-spyHCaCLjD2vjy8Z-Y0KroC2Jm9ful7zMxrw,Just like board game...love it,5,0,1.10.04,2019-05-19 17:23:09,,
gp:AOqpTOGqoVD94IgURbJVVQKUAPNX_w_3x6ipx9GiygELiznhvoSwfmzvETxUuummwTAo2PdX72DVhtpJsqPHTg,Jennifer Crawford,https://play-lh.googleusercontent.com/a-/AOh14GifICIjphUW1I03o09oPIXIFDI0a9q_FpJ8G-TH,awesomeness,5,0,1.02.00,2019-05-01 18:30:17,,
gp:AOqpTOH5hOC5Ys175CH9egZZrMqss8tg0HPtuKqiH372lj9cTUW_q88m5fd47OfAdrpl_csnWCiO2iJv3PnS9w,Shawn Sieben,https://play-lh.googleusercontent.com/a-/AOh14GgZhIMInVJEL3EhXjq9yeelyrVL1qGEmN1wAFVojg,"This game works correctly, so I am not faulting it at that. I may just not get this game, but I find nothing appealing about it other than the mushroom artwork. The random nature, fast moving resource row, and hand/action limitations do not work well in my mind. For what seems like a calming game, I have never found myself more aggravated. Maybe I need to read some strategy forum posts as I just don't see how this works at all.",2,3,1.02.00,2019-04-09 21:10:22,,
gp:AOqpTOGTae8ni_7YeInf5d1V1iKTfxOGhuLLlUP85Ly3FbiEOdiXhzfxTteM_mffw4-IvKruoEsjQEpUibGoPA,Alistair Scott,https://play-lh.googleusercontent.com/a-/AOh14GjxhIwzOy3Ge_Nmq3G6YcqqZzvou1FNQHXtWfMAbyc,"Don't let the pricepoint put you off, this is basically a perfect, clean implementation of a great, simple game.  Tons of different playmodes available - though my preference is certainly for the base game. (Most play modes seem designed to make it more competitive / mathematics which is fair enough - but I'd be up for more goofy playstyles)",5,5,1.02.00,2019-03-21 08:24:45,,
gp:AOqpTOH3uGT7ILOqyqjBKa75i11wGXLDMOcql2XxdrzEuyibZcU5sIv9Cr4VVo-chziF971mA9BmTGOpnBknwA,Paul Woodhouse,https://play-lh.googleusercontent.com/a-/AOh14GjRUnSUZpKrcXbpFl0QxsULJEyZPtZe0sQrrA8tzw,"Simple but strategic Game that relies on looking ahead to see which cards are coming down the line and what sets your opponent is collecting. I enjoyed this little game which can be taught in 10 mins. If you like games like Jaipur and Lost cities, then add this to your collection.",5,4,1.02.00,2019-03-14 05:45:39,,
gp:AOqpTOFGXFFCqGTEQXtTZkazpU1QNMsu88ENDf3IVgO6nafVzx7PLEzV3hA0HOSweBAZ8ZmS96p_faKOpVRAoA,Katie Wilson,https://play-lh.googleusercontent.com/a-/AOh14Gh5B1UxObhGlf6ptRlbU0kRNFLWuBBjKD2aDCuY,Fun fungi game,5,0,1.02.00,2019-03-02 13:46:37,,
gp:AOqpTOGfi-7E1C6hI6DWukD1HRdJ9qXGZ0V6RB62QEqWG8Q2ThzGJ65de6QIS0pD4tgaZ-fXb2_UF04jIUqYCA,chris kourlas,https://play-lh.googleusercontent.com/-SmNEjnQ-KZI/AAAAAAAAAAI/AAAAAAAAAAA/AMZuucly_xF2ylwpTfkWqEvqqSueugBdfQ/photo.jpg,"Love this game and was pumped it was on mobile! plays well, the music is gorgeous. the computer is really challenging",5,0,1.02.00,2019-02-24 21:59:53,,
gp:AOqpTOHZ7Pk2xLcSJf4M-0qUPYmFf2RolpwEJG3Y2cDUI4AWxf9iiLeExmToMlE7otoLJHPqm_hm8EBHIBZTxQ,A Google user,https://play-lh.googleusercontent.com/EGemoI2NTXmTsBVtJqk8jxF9rh8ApRWfsIMQSt2uE4OcpQqbFu7f7NbTK05lx80nuSijCz7sc3a277R67g,"Addictive, replayable, fun!",5,0,1.02.00,2019-02-24 18:23:22,,
gp:AOqpTOH_iMC7ROvmYavBTZS25mXg6KAi-qKb-9I6lZVQFSU1_WIgzbSm1psLNmOZNDYqzkfIwAIJI2TRTT-OdA,Charles,https://play-lh.googleusercontent.com/a-/AOh14Gi49t2u67gTnjuSJnd_lhD3GcAYHdxOV4XQ8ja1Gg,Really fun game. I'd like to see a resettable stats screen for win/loss count and ratio!,5,1,1.02.00,2019-02-16 23:44:44,,
gp:AOqpTOGYLltEyaeUV986fZa_zk7GtGi4WJkBVB9fXzCFYQFuEzaP4fELz9JpcnkQ9LZAYqHA4MVSjDC1aKFQ4w,Sean OGrady,https://play-lh.googleusercontent.com/a-/AOh14GiQfU5yIu2NAa3_gbjpURMuFHxiNlD83JuDT_xGyho,Great game! Wonderfully implemented and an addictive joy to play!,5,0,1.02.00,2019-02-13 15:05:35,,
gp:AOqpTOE0hWdgAMy4xUU3_uYvm1HC0wrOilteNdPPY2i-XMhTwbDgrCkpUaPOUJTFqZxE-sImCiNGUNIyThOovw,Frank Swannack,https://play-lh.googleusercontent.com/a-/AOh14GhIM9wOb0f5n7A2uZNvJwkx9KSluGTZf8fkqLu4fA,"Brilliant 2 player strategic card game with a surprising amount of depth, and subtle tactics. The AI provides a challenging opponent, and the variations are welcome. Look forward to the expansion. Highly recommended.",5,0,1.02.00,2019-02-11 08:09:00,,
gp:AOqpTOHyy7qxhag4mdXzKjnicfphSCfIoaCoCIxth-pgvwjPk9qsVrUEW3btsNx0T8mEVFY-gR9GrJ-4f3tzHQ,D P____,https://play-lh.googleusercontent.com/-S3MGlShr4RA/AAAAAAAAAAI/AAAAAAAAAAA/AMZuucnsCI3UmPtkAfvvG8QmYgR9ZyS0YA/photo.jpg,"Great for a solo game, against a very strong AI, but the online play essentially doesn't work. First, it gives 24 hours for each turn, which is excessive. Second, even if you try to start multiple games, it will keep matching you up with the same other (unresponsive) player. The interface is fairly good, but it is hard to see or follow what the other player has been doing.",4,6,1.01.00,2019-01-06 09:46:30,,
gp:AOqpTOEm7MS4nw8ULPIAzQppPOushaUPrhevnq-DvND8IqcY9JH8Cn0G5re31KX17l5lprraU9qRW3RmcyE8KQ,Bill Smith,https://play-lh.googleusercontent.com/a-/AOh14GiwI7n9_yLacXyu5dzXAhPoa_wXcJTpGCennF7Grg,"The game is great, and the developers did a great job with the app. I'd gladly buy the Morels Foray expansion if it's ever available.",5,1,1.01.00,2018-12-27 06:20:13,,
gp:AOqpTOEriXVy6B8skLHeFeGKyducyCKLCgKNskn-BNPRz0HRFqG2_ewYCzuewrJF8dV85i1AqBxDXbVrCjAf5w,Lee McConnell,https://play-lh.googleusercontent.com/a-/AOh14Ggb9zdDBe5Xe6gGFr8t7xbu-vPJ2aEgb7jkjuya,Wonderful implementation of a delightful card game.,5,1,1.01.00,2018-12-22 08:51:06,,
gp:AOqpTOHAuUXETSWGkQ_CkG_mADPeFMmheVkymVMGgfhEAV643BReHMqCDIAayiYv_X80aNvzujsJFnU2EByhqQ,Jennifer W,https://play-lh.googleusercontent.com/a-/AOh14GjTj89FJRABSC8CCDdlQt-WJj99IAGWoZ68G7HtIg,When playing multiple games at once it would be great to be able to push an arrow or click a next button to go into the next game. Otherwise the game play and graphics are great and the game plays well on a phone.,4,2,1.01.00,2018-12-13 23:02:04,,
gp:AOqpTOH3Ogdi3FzKcx5Om3Po2LV8o_1z3VPG10-fEPFTcZuvjZVyQc6TXM_Hs3u9ZlfiTfct8ZIm7dxt0AAg9A,johnreb32,https://play-lh.googleusercontent.com/-ZR01H2D6xIs/AAAAAAAAAAI/AAAAAAAAAAA/AMZuuckskeffO2JBGW4nyd-XxiY8x1_KZA/photo.jpg,Great game lots of fun to play with friends,5,0,1.00.01,2018-12-12 11:10:38,,
gp:AOqpTOESfkMbKeLRhBDEtxZRqd6jJNxL85zhNo2kwiLNX-L2zI33t58j3NpPDRufoMP5WOkWcfRtFLYk4Np2fg,Phillip,https://play-lh.googleusercontent.com/-T7IKamtdE6I/AAAAAAAAAAI/AAAAAAAAAAA/AMZuuckPz68_OjHB3uqHlSxeHRs8m0hpZQ/photo.jpg,"This is a really good game with a neat theme and quick games. I'm bad at it and lose a lot but I find it a relaxing game. However it feels like there's not enough to it. I have heard there's an expansion for the physical tabletop Morels game, I hope we get that for this digital version also.",5,0,1.00.01,2018-12-11 17:52:29,,
gp:AOqpTOE9lEwYpb2TYyOuX_vEu_dC6bv0Jj3fJ5bKlLWICqH61j_zs73HxydXAjAiP-44L2zHdd2R4i0PDswSYA,Bart,https://play-lh.googleusercontent.com/a-/AOh14Gg7vWquaoJZdftlTHxFHTqRUSL-8NSN_MB6xAe4Eg,A faithful port of the great card game. Great game.,5,0,1.00.01,2018-12-08 16:13:05,,
gp:AOqpTOF-pkHSV7hCXeZ3pmZvGk2X2YcKuKVZuokszGfLQjSBzKYhFSo6JHXdU5oBDszhcr7_0LmO9xIZGdy1Dg,Keith Hart,https://play-lh.googleusercontent.com/-rgqh2KlXcM4/AAAAAAAAAAI/AAAAAAAAAAA/AMZuuckAUNBtU8P1xdw8Cr8LGc8_or9veQ/photo.jpg,True to the board game. Very good. Well worth it in my opinion. If they end up adding the expansion even more so.,5,0,1.00.01,2018-12-07 14:22:23,,
gp:AOqpTOHyQgTnZ9EKkkrzUNz2pPd7InY79lqQeIqHtzfF-Ajlnk-Y6CMdXzmTA1cNOfAuOcBCjV2bjidYelBhpA,K Wilky,https://play-lh.googleusercontent.com/a-/AOh14GgU35N747QR87FIcsuTLiW_BtEGFDyS2f4FaGAteA,"One of the best 2 player card games ever now with an excellent, smooth app.",5,0,1.00.01,2018-12-06 07:29:53,,
gp:AOqpTOGliPtr5EonzF9gy2NXj8zXIX65ivlkWdIrCweJlhxZa37CLs437tjngytr9N5ric-hdE7L5Hxu284lgw,Holly Lawson,https://play-lh.googleusercontent.com/-6RLIdoz3t4A/AAAAAAAAAAI/AAAAAAAAAAA/AMZuucncDiBx0YmgoacqvCVtSov8mUzDuA/photo.jpg,"Easy to learn and the game sessions go fast, so it's good for when you have just a few minutes waiting in line somewhere. I didn't mind the music and thought it was appropriate for a game set in the country.",5,0,1.00.01,2018-12-03 13:32:05,,
gp:AOqpTOFBJdRH-WR7DFnMabFUGaGjSJqeH6iUyAucv-lvEPDo8yEss6yTYi00p4Qi9Ur64hhQXYlYsvopDvUe3Q,Adam Harder,https://play-lh.googleusercontent.com/a-/AOh14GjhzhI0J2XTt7uwOSdF4y6DyeqFiZheORh8QnnyDRM,"Great digital implementation of the card game, really enjoying the game play.",5,0,1.00.01,2018-12-01 07:14:03,,
gp:AOqpTOHaqal-AHJzFQMDUubH-xt4zFNm7kD-MhgNjox7_0Zc2wm3YonzL-tS1um77EvLBlk4Voi3QpMWyd1npw,Jason Breen,https://play-lh.googleusercontent.com/a-/AOh14GjNKc1ilTZ2djzaTuFAU389lv9l27GZNSuIoxwHaQ,Great implementation. Tutorial could use some tweaking for new players but gameplay is perfect.,5,3,1.00.01,2018-11-29 03:46:57,,
