reviewId,userName,userImage,content,score,thumbsUpCount,reviewCreatedVersion,at,replyContent,repliedAt
gp:AOqpTOErzncfxdq3H-MgEv3vOp0e4f6Fz7kOI7B4et8g_ZLgj_5c-rWGCA-U4RhfM6ykE5_qEVTSZCoBjpoAIw,Boris Bajdevski,https://play-lh.googleusercontent.com/a-/AOh14GinB0gBTMU_dXs_9FewpIwUozBKNGyYaB981LXRAWQ,"Great app, been using it for 2 years",5,0,2.4.5,2020-11-19 23:43:26,,
gp:AOqpTOGQBVc_I3g_rYxOiL5OpWmRwjpgOIMaNmYJpsqGqFFXidGyFqLUsqE2WRfM7rM9RKDolqsTp7WcP4sTOA,Kelly P. Smith,https://play-lh.googleusercontent.com/a-/AOh14GgacpOp6C2OetWqpWhOWrIK0u5bwc0EUVR4kWL3qw,Very helpful and effective.,5,0,,2020-11-01 21:26:12,,
gp:AOqpTOH1Mnm-iD5-S-lwqL8qR03ZUeBgmH9kVCyRaZLn831Xjs-20l9Wz_AoMTkUaxzmJBFGawXFGoH71UPzOg,C .Mason,https://play-lh.googleusercontent.com/a-/AOh14GjR2NCVe249c2OSYnbmvTM5G3kd2l8qUvFB9dGW,"Love this app. Simple, effective, functional, and I love the default night mode setting. Does exactly what it says on the tin 2020 edit- still love it. Still does everything except tuck me in.",5,7,2.4.5,2020-10-26 06:39:16,,
gp:AOqpTOGntsf70-4ZM7hHJ_xplFmrGYLJbrbs3HmJeRQXBJbQ5Utkr2Fg1GolGstX5r5u-5nCU9liotU5mDNimw,Krystyna Gordon,https://play-lh.googleusercontent.com/a-/AOh14GiUdiNR5dJYQJcO4RIGbCLV4XwI4ng1bsksH17wJQ,"Love this app, don't love how I had to pay for it now. I had it for years for free, but I understand. Sure, no ads, but still. It really and truly works and for only a dollar, if you're looking to be more productive, then I suggest getting this app.",5,8,2.4.5,2020-10-18 16:13:39,,
gp:AOqpTOEaIY4ErNgNxeiJ-tQu0M3RvmbeBXhCnFv2oyazQeneitM_nGHCQo0FvB15PG-fNuNsN7LDxXTAy6Xjdg,Marley,https://play-lh.googleusercontent.com/-JHZLgG0wZbw/AAAAAAAAAAI/AAAAAAAAAAA/AMZuuclmISnPyP7deKPhw2ZR5IE7jtlvjA/photo.jpg,I never set an alarm without it.,5,1,2.4.5,2020-10-04 22:08:04,,
gp:AOqpTOEMdlBze71tMW5fqj_OWnMP8-V3E1YEHJj7kLxH_gX3eUcEDIFkeRH5TC4x3Dfnq1pSwg4jOeqV4A2JhQ,Kerstin H. Richau,https://play-lh.googleusercontent.com/a-/AOh14Gg6Q5ILZ616fq8uuxK3__PEXRRxR8z9r-qurgg0dQ,I miss the distinction between nap and sleel but otherwise love or still!,4,1,2.4.5,2020-07-14 14:57:12,,
gp:AOqpTOEZbN4M0U45rp8a5parjR_XWEG-LlleYBEyJsQsfCLF9k0gDW_8abI2NCE8SmhqAb5HbdMBzjFeenaQLQ,fidan,https://play-lh.googleusercontent.com/a-/AOh14Gh1eo1luz1PkUa_wNXsh-ETphpsdupzmol3K-QcZA,great app,5,0,2.4.5,2020-07-14 05:29:59,,
gp:AOqpTOFRaIqkvfweztOelxouMs1pFKS9B6JhY8wTQQmccv7eAl4eqVKWUdhegwob_ak7x1fze-3Y0jqRFUTTUQ,Travis Moore,https://play-lh.googleusercontent.com/a-/AOh14GjVcnusKIEUxIIsOnyToJR6--SYTcaPE522hQDEaw,"Love the app. Give 3 stars because there needs to be a time between 6h14m and 7h44m. At least add 7h, 7h10m or 7h20m.",4,3,2.4.5,2020-06-22 00:31:08,,
gp:AOqpTOEeFUHO6tKcP-kLYzzhMjHfAC0LWXgOJ4llH0q2Wv2zhCRPA8_3u7tDa-OSLX5Lj-gzbghAzsJbYhkPhg,Jason Lumpkin,https://play-lh.googleusercontent.com/a-/AOh14GgeEGloB6X2FkjZ9U-wpZBqhcCnlg56w8-aZrEIdw,The best app. it trains me to sleep smart. I feel so much awake and energized. my mind is clearer,5,0,2.4.5,2020-06-03 23:05:45,,
gp:AOqpTOGZhm65XmtmDIOkoiYBDFnenTJVq_oVcsD97eN99t3U1fyuQlY-dv8tnof5s8BjMelbdCfMVn_RTSZS9A,Anthony Chavez,https://play-lh.googleusercontent.com/-_T4wnY1leXY/AAAAAAAAAAI/AAAAAAAAAAA/AMZuucmQUSY2lLqPz09UPwTZ13c2iujFzQ/photo.jpg,"Good app I have no issues with it. My issue is with the company, I purchased the paid version and now its unavailable for my phone and I cant restore the purchase.",2,22,2.4.5,2020-05-30 22:04:29,,
gp:AOqpTOE18MkYjjKhwt0SNWf0zPMFnXwu42D-SaqCpNJLHpu-so_RnyBkYrcMW1UwQId6fs3nuvvWGVXzktl5yg,Danica Bozin,https://play-lh.googleusercontent.com/a-/AOh14Gg7mN5cUB0Euk7cVqHn3uZXpPHe5SEUYtIz8NKE7g,"I've been using it for years. Really find it useful. It does just calculate the time but, at least I don't have to when I'm already sleepy 😁",5,6,2.4.5,2020-04-15 14:29:16,,
gp:AOqpTOFIMi_NcigZEk7dh5Kg_svQNRJmvwNKdpp1dls4Z7M4XQNhADzv4rdR4YNvMBmDuA4v66YFpiFsdHvBgQ,Thomas Kuntz,https://play-lh.googleusercontent.com/a-/AOh14GjJxJVsKPCfDXFP5M-LjxEObPBTi9fx1pTr1uGOIQ,. I find it useful tio set my sleep periods in line with my body's rhythm. This app is useful particularly if occasional commitments or time constraints leave me with a limited amount of time for rest.,5,8,2.4.5,2020-04-03 22:36:00,,
gp:AOqpTOFxUtaoylxSlmMx9kWkkCcjzTJ5BJWO5JG228XuYowZXcMjSeMiPhVZCtUaQ6Cu1LjuO8ok9Cg9fhZn8A,Nicholai,https://play-lh.googleusercontent.com/a-/AOh14GhBzQCf8ypFBae3BYHCJUja6uMIAUDiH5X4iEunow,Love it but wish you'd update for the hell of it and so we have Android 10 compatibility,5,1,2.4.5,2020-02-11 10:02:52,,
gp:AOqpTOFcJNkLmodn3nVp7VgHWqvvbwkfjYO0g4gB4K_twBLVyKVUQUFQYGjVVEl1_OHq5wQAw3hNsodkCa-vaQ,Mihai Rotaru,https://play-lh.googleusercontent.com/-QZJqi45JXaE/AAAAAAAAAAI/AAAAAAAAAAA/AMZuuclnmnoS_L8OsK9tjn2yq97Kq5iLQg/photo.jpg,"Purchased it and changed my phone 2 weeks later. It says ""already purchased"" but can't reinstall. What a waste of money!",1,4,,2020-02-04 16:24:01,,
gp:AOqpTOGxhBEVx2_KRfmt4QfCJnmcOSXay0CqQwkVg-UTlCqfRwcy9QxvkCnB7PMRJkuP2gZb5x3E_jR3Yf9B-A,Karen D.J,https://play-lh.googleusercontent.com/-YuC-H_fhjhY/AAAAAAAAAAI/AAAAAAAAABo/AMZuucktoYp2D_yAmuZNeWRtn3Fxwim2KA/photo.jpg,Good price for a great app :) really improved my sleep & my health in total!,5,1,2.4.5,2019-11-20 14:07:42,,
gp:AOqpTOEHtfz3wzxmXdv_uKGhsfosqti7g7T67P8PPl-NbggSBaB0h0uMHDT2BoU_rn6w5d2tP06jfUfHeFi5vA,Joe Reese,https://play-lh.googleusercontent.com/a-/AOh14GilTWjQPBbU9AvNoblmG1Ffp-8PZsqjzMwCHfXtDA,"If I'm not mistaken, the app automatically removes its alarms after I've used them. This is great for preventing my clock app from filling up with clutter",5,5,2.4.5,2019-11-04 07:13:00,,
gp:AOqpTOHTcdBaccDM0ZPcys23DYorNoA0k1BmSnHwQzjWoX8CS2X1ub8RmqGgyfvHzAbdSYLpH8op9xncNoUu0Q,Danielius Sumskis,https://play-lh.googleusercontent.com/a-/AOh14GjF7xfJyWN1PtgcegucUbTiZweaqTXl25GT81Xel6Q,"Thanks for that useful application! It really works, my sleeping regime really improved.",5,1,2.4.5,2019-10-25 13:12:22,,
gp:AOqpTOEWo9Bp3p3YmNh9GhQNsTpu4PseGv2snXHxdnYJ0_O5ZatnsTz4v_i5OupUcuE7eIXPdcLGFTscyJkiKg,Melanie,https://play-lh.googleusercontent.com/a-/AOh14GgI3j38P2QCjIl4du7987xDvJm0GVIrEXr7BmpU,Love it! Helped me sleep a bit better,5,1,2.4.5,2019-10-17 15:49:16,,
gp:AOqpTOGgVD1-j4xaq7kpAYBTzvUlga_XHKKU_d4ctu-sdjcZZ_LTbR0C13RSUkdQhWPF9JxtmVX5GTOI8DRJXg,Sakib Hossin,https://play-lh.googleusercontent.com/a-/AOh14GjS3hQXkRnl6d0GN1hvdjwgAhMYxuroVe5QrYlHgw,not good. Just waste my time and money.,1,0,2.4.5,2019-10-11 10:12:13,,
gp:AOqpTOHjO3o6VwT06UfEVSr0gHk5W0t2StWh1FWfOvoVEYv4JYD4ZR9hgip2CFHuwJd8UxDx7RF-UlJ9Ub19AA,Calder Brown,https://play-lh.googleusercontent.com/a-/AOh14GjrUX8rHiXjJuOf_31jD8U4AchjMGHOO8U-Q3rTJkI,Does exactly what you need it to do. Cant complain at all.,5,1,2.4.5,2019-10-01 21:37:58,,
gp:AOqpTOFUqgCAkQR9y6We-kjuYaqFb9Xl-59_MdzglXPhkHfIHLnlB5Zypiql9Nx_SRnM_TK3kwNdvV6uaOKb3w,charlie lopez,https://play-lh.googleusercontent.com/a-/AOh14GgMDZoRLz8bm7xE7wg1xw36ya90tgrr0yvu7Qdj_A,Been using this app for ages and its just does the work. Worth paying 0.79 cents for avoiding the adds.,5,0,2.4.5,2019-09-20 14:06:54,,
gp:AOqpTOE73NHtOtMJiYorIZCLMog4nBQWW_Nusk6DEps2ylC24ZwmUaMgeybB3tsbqJVfqVIT7y7nUB97dx_AmA,Pink Daisy,https://play-lh.googleusercontent.com/-qPyUo_cx2ik/AAAAAAAAAAI/AAAAAAAAAAA/AMZuucmeRsKABV6fsWGwVYLNQSnRuo5vlw/photo.jpg,This app has really helped,5,1,2.4.5,2019-07-24 00:52:27,,
gp:AOqpTOHSCe3m97cJ4_4-7ivjZeUp5dtG61KrbI9PZPQkgAT_Sq4IJxuOVjTm0na8fVXSvj0uzurYxjgtSjfYOA,Joe S.,https://play-lh.googleusercontent.com/a-/AOh14GgdGTtnWREh-8ZQAiVsrZsnWGOirgGaxVhUjNjW_w,"Precisely the simple app I was looking for. Shows ALL the sleep cycle, not JUST the ideal ones. (Because we don't live in a perfect world)",5,1,2.4.5,2019-06-23 20:03:46,,
gp:AOqpTOHF96ahayUiGCsf-0HpXuLRzNYygmj0WiQF8l1LVp56KWcf9pkp6KnY7o8NdXXrGsHhs_U5pPSEsYjU_g,Catter Day,https://play-lh.googleusercontent.com/a-/AOh14Ghcn0KysNTA_j0sVUgCBuKDWK959Yp5weoZWhjOvA,It has really improved my energy.,5,0,2.4.5,2019-06-21 01:43:12,,
gp:AOqpTOEr3XL-JjgF2VorpDAAfxT642IKPYGHyUJXdckp95zVuKvoE__2oCMJDwlCCI41qR5TRNziJWcmPOTrnw,Naomi Ko,https://play-lh.googleusercontent.com/a-/AOh14GjdsrAqsDc9B7FWfQiWWkgaDOcufIKyuGNlawDscg,"Simple, reliable. I use it every night!",5,1,2.4.5,2019-06-12 01:01:49,,
gp:AOqpTOFMz6R9pbGhYAFiptBRnmlF-52sVZTpJuDy2TZY9Q0ONCC_0cO7zN1Ppe-uc2FfEDG5uTwH-38rrIL49Q,Jared Haverdink,https://play-lh.googleusercontent.com/-YQqz5waGuhc/AAAAAAAAAAI/AAAAAAAAA_Y/AMZuucl8ixC9utWZmGQ-luZmd-cfVIXPWA/photo.jpg,"simple, useful, and cheap.",5,0,2.4.5,2019-05-28 09:04:23,,
gp:AOqpTOGYGZdlQZRGlrOSoO2pg_SGg0PpqmIKMxsTfJO3CqVFQIunfF5F0zI2lI6GXeFsS3Z_o1HbBv7sYChQrg,EJ Riberdy,https://play-lh.googleusercontent.com/a-/AOh14GgC9RIlJD8_JngMogur1kJW9ZZOz7G_VbX86Ii-Bw,Thanks for this app! It helps me go to bed at the right time so I'm not groggy all day.,5,3,2.4.5,2019-03-18 09:42:59,,
gp:AOqpTOHgiQN_2DlrGq6G0LcczkK1cPYTxTg8H7wRufVfEmEOoeMK7niFXNouICH9irFwWEKcXfyIncEkDKT-Ag,A Google user,https://play-lh.googleusercontent.com/EGemoI2NTXmTsBVtJqk8jxF9rh8ApRWfsIMQSt2uE4OcpQqbFu7f7NbTK05lx80nuSijCz7sc3a277R67g,You will be well rested once using this app as a reference of sleep patterns,4,2,2.4.5,2019-03-09 11:51:02,,
gp:AOqpTOGn_lw8OcYhHs7oDprT6LW83UitM7egOeNKVdDokmCwURvc2MRVAcigoR33Yeb-0zZIMtWZQhl_TuTrug,IProvide ThePaint,https://play-lh.googleusercontent.com/a-/AOh14GiFJ-Wb_EilgXvNnMFf3yDC66S6kan8bZQSeHYn,Great app!,5,0,2.4.5,2019-03-03 13:11:18,,
gp:AOqpTOGo4Db7BtdtLLCNeofscRQiJERnNCI3qCTgch5pLT1r5Oz3Za4hCbkEirwfYPWolGoaF02Nn3PBH0oyag,C B,https://play-lh.googleusercontent.com/a-/AOh14GjHuSkcgae4yn6UHiSanObwUbuZmYFhaR1uazN99w,Worth it,5,0,2.4.5,2018-11-11 19:35:16,,
gp:AOqpTOHTfpsuougMTnrwOSY9hWBS_-bgRvPZ5W7D4mDDx5YAgdPNjywfPguArvgiFyw9tShyJkoz9-b5mHii7w,Paraxial O'Kelly,https://play-lh.googleusercontent.com/a-/AOh14GgV5Bqr4gdBd9UgWkCpB_ziQVPY4B6xvXiQvcvibA,"Look, what this app does is simple. You could work it out in your head in under a minute. But honestly it just makes everything simpler, and takes the fuss out of setting alarms. A+",5,10,2.4.5,2018-09-16 08:32:07,,
gp:AOqpTOHrHJdZLMpzZPh4dxNsml5H_g-I2su7G_JFSEs5ymxV8UYZPAF1amXaVVLh9_LhadKchH8nTrHYb-2mdA,Kathleen Maynor,https://play-lh.googleusercontent.com/a-/AOh14Ggk4uXlDk2stvCqOVDe03Vn5z_WL-rgLdzyr3asYQ,I use it daily. Very helpful app,5,0,2.4.5,2018-09-14 05:55:48,,
gp:AOqpTOHJ2hESqB4-aa6vSPbWIzVZuMpvxQsAmLfQraPLsY18BB0RkrImNa_WrCTS8o66pL4Tw6FT-yXdbpa1bg,A Google user,https://play-lh.googleusercontent.com/EGemoI2NTXmTsBVtJqk8jxF9rh8ApRWfsIMQSt2uE4OcpQqbFu7f7NbTK05lx80nuSijCz7sc3a277R67g,I like the options. I can choose which approach that fits my needs.,5,0,2.4.5,2018-05-30 22:04:50,,
gp:AOqpTOHtRBN7KUN_frSXIFLcl3ChNkxfCHGCh24PjcA7nsSjz4tRj29xcBrmrBgeHLNYGn1F3oeXcIDY5pScwg,Cristian David,https://play-lh.googleusercontent.com/-HeEJMH_tvOQ/AAAAAAAAAAI/AAAAAAAAAAA/AMZuucmTXbSkFCKrzEog3Rxv8HydgXelJw/photo.jpg,It's a nice app. Helps me schedule my sleep.,5,0,2.4.5,2018-05-15 13:55:51,,
gp:AOqpTOFQ1MaiPgekktIuL7XvfDsyzFBVixjOSdtBUFvFph2eN4stof1lpowRuRUd7ts8JGBlL0aThrCgjZiucQ,Jeffrey Luu,https://play-lh.googleusercontent.com/a-/AOh14GgHeod4X_ShqlcOgGTaOuBm_Lkxlp9IKqB2Tqdx5Jw,Been using it everyday for years. No complaints here!,5,0,2.4.5,2018-04-02 20:34:32,,
gp:AOqpTOEzEHp__QpxzMsITBnJ0jW55ZkWkJxWAryMFzIXVd8ZpIXqA7tiKcwr5tx_vm40KoUaRPqCzTwqgBALyA,Stephanie Angel,https://play-lh.googleusercontent.com/a-/AOh14Gjo-CrgfEdOd0dREMRSR1Wlilfmmvj8XIuTE5MJ,"My favorite companion app for sleep. With how important it is to get adequate REM sleep, this app is as perfectly simple and complex as it needs to be highlighting the recommended amount of cycles to wake up feeling refreshed.",5,1,2.4.5,2018-01-21 21:19:49,,
gp:AOqpTOEwRQ4WdQMISbT3c-36LgxrbbvFspuCt0LtNX6qKzIXl0ciyNkGCpgfZezNrtRQOJxyOpmUffe9bD4Gcw,Dmitry Pepperstein,https://play-lh.googleusercontent.com/a-/AOh14GiX19siQxlK4COe_riw91PNLjVb8DCaNsjIj6PbOA,Pretty simple and elegant app,5,0,2.4.5,2018-01-19 14:01:54,,
gp:AOqpTOHlKK7Vscz5Hm7jE4boUxVupL4gq1_y_B1wLM5SWRFQlDD8JX0BN_bVy84aeX_kWfDkXmnAuIr1cmNz4Q,Kellie R,https://play-lh.googleusercontent.com/a-/AOh14Gj0x4M3MNCxdF1SEqQWcNtOS7QB2cVS-fBvinH-uAs,"This WORKS! I'm a heavy sleeper & always had to set 3 to 6 super loud obnoxious alarms. Many times, slept through all of them. W/this, I can go to sleep & always know what the best time to wake up is. I haven't sleep through my alarms yet. Just 1 suggestion to Yu Chen Hou, allow a way to factor in getting ready for bed, i.e. add 15 mins to when to sleep or open up alarm app automatically. Thank you!!",5,2,2.4.5,2017-11-21 18:08:30,,
gp:AOqpTOEbl8zedV1iLoaMk00OXqn5n-75SMJcwt_rYK_hC_Tx1SrwZ7RiuVCxBnvZc2qmqiTxhQi_BYfacb0RcA,dblater,https://play-lh.googleusercontent.com/-HxgQVaHO4Q4/AAAAAAAAAAI/AAAAAAAAAAA/AMZuuck5zznwsfCGSP9o8NYM1Obe_JyFzA/photo.jpg,Use it almost every day. Love it. makes such a difference to wake on the right cycle!,5,0,2.4.5,2017-10-31 23:27:20,,
gp:AOqpTOG4Y9Qn4E1jHmzSTK22V-9ugv2wWUQR2wIrmBhUpBEM3jumv1Gsv7RjH70goREOihe6hDifo7wNnAr6Rg,A Google user,https://play-lh.googleusercontent.com/EGemoI2NTXmTsBVtJqk8jxF9rh8ApRWfsIMQSt2uE4OcpQqbFu7f7NbTK05lx80nuSijCz7sc3a277R67g,Very helpful and works!,5,0,2.4.5,2017-10-25 19:24:53,,
gp:AOqpTOGRKw9c7UPAVq2wqz9B0W2MFgP9CtZXyDPSMPJM9Z3s-VED7XHYrDYLfFmbBLdqxto4spbY7pzOzBBVsA,A Google user,https://play-lh.googleusercontent.com/EGemoI2NTXmTsBVtJqk8jxF9rh8ApRWfsIMQSt2uE4OcpQqbFu7f7NbTK05lx80nuSijCz7sc3a277R67g,Great,5,0,2.4.5,2017-10-04 14:26:27,,
gp:AOqpTOHNSpyplQ9IYx78fVIemuK9Q0KTDf1CiVCCWYKz_ZUNde4ZXzRAzkQN9Q4ctLBdYKEnKBXfTJGUPETNkQ,Imran Hussain,https://play-lh.googleusercontent.com/a-/AOh14Gh_V2kqN4nu5_v-xF5e0dOyVQK5BBd2rA1r8-PDcQ,One of the best apps to figure out your sleeping and waking up time.,5,0,2.4.5,2017-10-04 09:59:16,,
gp:AOqpTOEfMV7F5QQspRWBhoOoWXgso5WSKOBqcseVtNhVSS1ndAzAPWiD1b8I8kqtySDrSE0scVk6qYUJjR30Tw,Robert Steiner,https://play-lh.googleusercontent.com/a-/AOh14Ggtnud7flgwn65aVfLopQrdO-O-crUP9hx0mT59OeE,The first and only app that actually helps you wake up fresher. LOVE this app.,5,2,2.4.5,2017-09-28 17:27:33,,
gp:AOqpTOFvrnVeUtpVP7G2rgEUAozUihi26OR9y_CAi_dzMqadMBDzASyz503pbLtvXSIbq9WqskcVCDxifkZXkQ,Arnold Harding,https://play-lh.googleusercontent.com/a-/AOh14GgQusd6XNsX8kDJNWvVD27JUb1PVIcBrDCscLmg,Widget is to big,4,0,2.4.5,2017-07-13 00:40:31,,
gp:AOqpTOESgMRDg-YJ1_1Sp_LQQPF3hSIvHXzi1FYCFmDnVDXo3ycAyWK_RmZnC6pnneoW2oA-rpvy3JRcmK1ZyQ,Stacey Plotts,https://play-lh.googleusercontent.com/a-/AOh14GhzJ87dmdvvZexsD4D-PL0n2OrtufPX6IQPGAk0,I find this app very easy to use and by following it's recommended sleep times I usually awake refreshed & ready to tackle the new day! I suggest you give it a try.,4,0,1.8.7,2017-06-10 13:53:31,,
gp:AOqpTOEPaQjpq8culNHwVAkHSFruSp8CsGRqvu8mDsrumpXxI_MjNoFAQDAmC_ihJg_k1kSyokVK1Xw1XiKgCw,Hugh Chesterman,https://play-lh.googleusercontent.com/a-/AOh14GhWppw6kLbgs7VPplzfJeE2vTBTx7QT9DvLou07lA,Great app which is incredibly helpful and easy to use. If you could somehow personalise the alarms and messages that come straight out of the app that would be great but it's already awesome 😉,5,0,2.4.5,2017-06-06 05:48:24,,
gp:AOqpTOEqikMarwEWEyQAal2xCUSmYT9j694i2t-m6CbgXTtOYBrg2IC6SCtIcfAf9OUTdIVZ0q4Gw3Jgss6n_g,Paruku Poring,https://play-lh.googleusercontent.com/a-/AOh14Gjwwjq82rVuY2pqOiyhf5vchyKAYdgz9ItE8RGc,Very Useful especially when you need to fix your sleep and when you have to wake up a certain time without being sleepy! The no ads is literally a plus :),5,1,2.4.5,2017-05-06 06:20:21,,
gp:AOqpTOGkL4s_h8SIv_v8PQDp7dctsljKT4jrgnQTT9-o5dR1gNQ82BVGs2BEofg9M-PwnH0tJV5MRz7R-rocvQ,Felix De León,https://play-lh.googleusercontent.com/a-/AOh14GjiogJFKzpPwRkdQ4U7YLLtPothShiVBDdOyq91ZQ,Works exactly how I wanted it to. Thanks!,5,0,2.4.5,2017-04-04 01:43:23,,
gp:AOqpTOFqtn-gQgRoKDWlzFXw3gK7lc3GVQshTWMhdpMUdEivSMY5eDYkhpIU-F2KFt7C11B3YRCQMEzvOP_XLw,orian52,https://play-lh.googleusercontent.com/a-/AOh14GjXZuA9UUKySDv8w91nhufG2qWE1zFCJakM_c8EHQ,Wonderful app I use everyday to schedule my sleep and daily activity around that,5,0,2.4.5,2017-03-16 03:26:29,,
gp:AOqpTOHU5HMV4aD7NxAoSDJbNdwSG7hl_2bEKYDz_BLylgn7frrMXoWP6JxrDCun4mriSrMgjaofVcpSDbBC8Q,Jacob Humphrey,https://play-lh.googleusercontent.com/a-/AOh14Gjdt67T0HYEgDeWKcuh4i_gkXgsjn15-uLSdyxa,Amazing app. I love it!,5,0,2.4.5,2017-03-13 23:29:10,,
gp:AOqpTOGiSqh-AzS4a4kfmb3WBTwQNr0AT_HRBh70K75jgQe81IMo4nifKI99JqRU_l-MgFluXwkaX-CCtsQntA,Sergio,https://play-lh.googleusercontent.com/a-/AOh14Ggs3VP-jEE8RWJN_4_iMc7dTwD5X-0BO57SbL1uER8,It works great,5,1,2.4.5,2017-02-13 22:02:35,,
gp:AOqpTOGkrAdZyVSaNwuDIcYq2qT8yBDvRokb-e29rLN5Iv2RgVOoCZutzVGkUfm6acgu1SdqvlDuPD5_tOyqSQ,Gamey Gryl,https://play-lh.googleusercontent.com/a-/AOh14Ghdb555XfZDQTE0dncg5iztyN6z8Fn0dJu0gbo0,"It was helpful, now it tells me to go to bed @ 5am. Something's off. Like that I can set alarms for sleep/wakeup. Using SG5.",3,0,2.4.5,2017-02-03 07:55:05,,
gp:AOqpTOEMi_5vGu0GUkQa0ofgGTcYH4zqEw2H3D_k70scImeBOh3_HIaXKSjuz7FBoqY-mAcskQMu4rCNDZQMoQ,Melissa Kestin,https://play-lh.googleusercontent.com/a-/AOh14GiTttsgWo77bhxky2ONgFjNRchKFu3NJXZ57yHMpg,This thing is a sanity saver! Never wake up feeling exhausted again!,5,2,2.4.5,2017-01-29 00:44:22,,
gp:AOqpTOEymfg90aRqku1DiTB9E1wTwRcaAtRDpu3f3dmy-U3TRax_K47xL0fxLmU81cA3Cmh7CniY7_oMpFfbRA,Sara Szczecinski,https://play-lh.googleusercontent.com/a-/AOh14GjAKIUHtTcCHIgcY8C2ZZVvxXr5W_b_gxetl0Np7w,"I'm too all over the place to go to bed responsibly. When I end up staying up too late, I can check to see what time to wake up if I go to bed right away. I am hoping that by using this it will help me become more responsible with my bed time. Also, you can set alarms for the right time to wake up on the app and it sets your phones alarm. I hope to find more uses.",4,4,2.4.5,2017-01-25 20:12:28,,
gp:AOqpTOGTUtP4M_IiaRlBYnbi4lU0imntBJj_0audDh_M99-lWg59lSBBxpbyo4UInDREUvGEcy8eAphuZg4gDg,A Google user,https://play-lh.googleusercontent.com/EGemoI2NTXmTsBVtJqk8jxF9rh8ApRWfsIMQSt2uE4OcpQqbFu7f7NbTK05lx80nuSijCz7sc3a277R67g,"Great app! I have a suggestion... ""When should i sleep"" function needs two alarm options. First alarm which tells you when to sleep (already included). Second alarm which tells you when you need to wake up. Currently, i have tell google to wake me up at a certain time, where this feature can be included in sleepy time for convenience.",4,28,2.4.5,2017-01-21 05:25:44,,
gp:AOqpTOENT1Mze0Cr8-3pn_zJysUSToxLNoXoeh7dhPVJSKHxtT_WbaVow1JhDUVKdz2WCwgqnicvP5xQGbywOQ,Jonathan Hernandez,https://play-lh.googleusercontent.com/a-/AOh14Gj-KRgZycmvX5Lfg90MXKXrrRdCJJ6Ul1fFKd6_ZQ,Nice little tool to be less groggy when I wake up by waking up in between rem cycles.,5,0,2.4.5,2016-12-16 07:30:45,,
gp:AOqpTOHkx3tnk7kcE2spME4RFqRYivHzHNQKBNZZRgH_CXgQvkg2AIEz-kjimEYMRWQWiz8kVP8xKl4j3DmHhg,Simon Bostock,https://play-lh.googleusercontent.com/a-/AOh14GjZryoqF3xozb7o7pQnEpez7xfU7XQpOpxk5Q-0iw,Helps with s good nights sleep,5,0,2.4.5,2016-12-04 13:16:08,,
gp:AOqpTOFaYFfLBzr-UWkGrduqfEGjDPWJwNtV_gqjhgx0i0U70Sj4Jx5KbatOdqdbd4je8lfvzt0_d46_nbT4qw,Rena Nekogami,https://play-lh.googleusercontent.com/a-/AOh14GhqVMiUeLCSwm9yvHmrQ_l5Z11yMfHMJ4PpfUd_VQ,The most useful app I've ever installed. Seriously.,5,0,2.4.5,2016-11-26 10:17:15,,
gp:AOqpTOFXJIC73CDUVzjx04oxJfXf1S2Tn5iWtEdESP3Pp81hyoSSelJqV3H-C_t-Y4a1YlRaiPiKZhO2c3AVxQ,Gee Brown,https://play-lh.googleusercontent.com/a-/AOh14GhcBguMPy7TWZOd74-Jr9iEO7amMTNAcaqraNpC,Works Perfect.,5,0,2.4.5,2016-10-02 11:31:54,,
gp:AOqpTOFSnYv_cSa9n69Xp_3NEz4nYLO4VEwrRkMS1D_Pm0MLw6nGUhqg4o-aMqS_8xedCE8Y5D0jPD0fpBi7bg,Juniper Fadness,https://play-lh.googleusercontent.com/a-/AOh14GiVCsElmDlMRsJj-tckeBzGhsbzSga1jTYHAOA70CQ,Great for erratic sleepers. Widget could use updating however. It is way too large and could contain the same info in without the verbosity,5,2,2.4.5,2016-08-18 01:28:04,,
gp:AOqpTOEYml_-qQgkwQHv92TUKhtTZkXsJhlaZDMJ7W38uHgW9VEOMTeQhu7IP4ZR7InT9v6HhnhmZMnJ6WGWbA,GBOblivion PFortitude,https://play-lh.googleusercontent.com/a-/AOh14GhjNlzQ3HN9vZx86LTOCaCOfYNcWsz1qGCIiO1A,The pro version widget changed my life.,5,0,2.4.5,2016-07-10 23:42:10,,
gp:AOqpTOGVAfxx3H-qfKUhoArYcmMWzexyXhUh877FmIbVhERFyJI1ygPKvKfg1I1jJplywbf04HPlZFHbn8VnzA,Waywren Truesong,https://play-lh.googleusercontent.com/a-/AOh14GhluJ1Jv1Hhy1Ru9P11ljif5tWyKUGZCHTbp6JS,"I have terrible sleep issues, and this app really helps with getting the best sleep I can in the time I have.",5,1,2.4.5,2016-07-05 00:34:27,,
gp:AOqpTOGzpnoaOdK6Bc8hq--FQjVnBFiAaC96cRIbuzNkqIOUzs9yyQ9-lmkmzcX82UWM4CECfhCnfd-3e4awiA,Sarah Day,https://play-lh.googleusercontent.com/-ElkbP5boLeE/AAAAAAAAAAI/AAAAAAAAAAA/AMZuucnRZc4HdgoOBc6Kko5k-1vPQABvnw/photo.jpg,Some people seem a little confused about the 'going to bed now' option.  I choose the time to set an alarm from the options available closest to the time I need to get up,5,1,2.4.5,2016-06-08 06:09:37,,
gp:AOqpTOHPNi1Fye0OU1AJHAhuA5To_RVAVG4hzpwpch7MI7NMqhVe6CRXLI39_LMiwQK32zUJKxO6ki7MnLnLGw,David He,https://play-lh.googleusercontent.com/-sq7Xtwr6Ris/AAAAAAAAAAI/AAAAAAAAG0U/AMZuucnRRxJt6X5Ey0bjcncSyxAX5g-IHg/photo.jpg,I feel like my mom is yelling at me to go to bed at a sane time except now she's a phone and I'm living in the future,5,8,2.4.5,2016-06-05 18:20:49,,
gp:AOqpTOGsyod3_-C4sM5i3oU_Rnc25HhaSeP2Og1dz15ouNiIpKJc7oZtbTUhspOdnUqC3OuyjcAqq-SAo1UHmA,mark finn,https://play-lh.googleusercontent.com/a-/AOh14GiM7FU7T0nVHbXf0-VTnFfkn6t7yYJaJaZNYWylaQ,Works well.,5,0,2.4.5,2016-05-28 00:08:20,,
gp:AOqpTOGqApnVgJus14FV4uxgeNVSQU9LXGNc7UxxwZixcyZOfoa7Iyf0OHMcSjTzn-A2CVweeI-7uW4UlyLYhQ,Cole P,https://play-lh.googleusercontent.com/a-/AOh14Ggrl_iqnmyu4fpOUAW6V_j3NH2-W7ts9_2Q1773hE8,"Used the free version enough to warrant a purchase, this is a very well made app",5,0,2.4.5,2016-05-15 00:50:49,,
gp:AOqpTOFd-4V5oJmnSLwOmy5nOa_sGthTj2E5DjebKAzRUPtENfrs-djR1Bnu30GHhTKBFZf3--9iyTHEZrmEVg,Kole Spicer,https://play-lh.googleusercontent.com/-9A6KX584YLQ/AAAAAAAAAAI/AAAAAAAAAAA/AMZuuclwHIvMDCopEduULn3hGry-IeIuMw/photo.jpg,That's pretty good.,5,0,2.4.5,2016-05-05 15:09:48,,
gp:AOqpTOHk3XBxBp1cQ5koikH49qfXZPNKErl-832Wxbfhz4IIIlnaYVN8wBGOom_aaNnoyQ3NG312pkAAUWV62g,Alex Khalilieh,https://play-lh.googleusercontent.com/-pvPK8PY3ZT0/AAAAAAAAAAI/AAAAAAAAAAA/AMZuucnGhHqWA8MkF-bAcjQIQl3sfyNzWA/photo.jpg,Perfect app. I've never run into any problems.,5,0,2.4.5,2016-04-07 23:24:13,,
gp:AOqpTOHDMMUw5Q5sw1ktRFTrDLzT_ORjhh1WN0o46tm42-sAE0y3EZKPswtnFfp6rVFnaHAHzyftGFUE8dFmSw,Deb Tolley,https://play-lh.googleusercontent.com/a-/AOh14GhSdiJOBqtRYn_DrVHOzFASVKUruMjTra5h0PIh,"When using the option to determine what time you should go to sleep to wake up by a certain time, when you go to set the alarm, it sets it for the time to go to sleep, not the time to wake-up?  Am I supposed to set a loud, obnoxious alarm to remind me to go to sleep?  Seems a bit counter intuitive.",3,3,2.4.5,2016-04-03 22:49:04,,
gp:AOqpTOGYFZ26aUWcJbqg-MNxuPkQgP2kBjUPub5YYi0zFOArf4doDFYngkqy-2McHTxIPsDIBchgayer3nNQbg,Todd Morse,https://play-lh.googleusercontent.com/-jAy9I_WulF8/AAAAAAAAAAI/AAAAAAAADuU/AMZuuclNPJWRk7a5Mkfw7lI_VbHzlcVwAw/photo.jpg,"Here's the problem - If I need to get up at 9am it gives a bunch of options all 90 mins apart. If it's 1030pm, I missed my time for 9am by 16 mins(1014). So now the options are to wait 75 mins & go to bed at 1146pm, or get up at 744. It seems counterintuitive that waiting or getting up 75 mins earlier would help with sleep, but maybe I need to try trusting it. I'm not there yet...the 75 mins seems valuable. That being said, if you're planning for tomorrow instead of right now, it's a great lifestyle app.",4,5,2.4.5,2016-04-02 22:06:18,,
gp:AOqpTOEEGiCXTKfiKif9A4KOsxj72iX1_YFd2pSyKgNtRp7Kviz0n44m6FALiQ-B4lJ4kuTVUghTuxBroJxbZQ,Jenny Xue,https://play-lh.googleusercontent.com/a-/AOh14GgzzqNDIRf23D4KRnEgfGt-a1vLO5-bw3WbFKiiCg,I love it,5,1,2.4.5,2016-03-31 09:32:48,,
gp:AOqpTOFx5Igt2ZfTzRfCWweOekPoizETzW_3G-Nu73uVR2QtjLmkjp67JnyHWPma6Z29QrQZiDQHa-2l1NfqOw,Edd Ryan,https://play-lh.googleusercontent.com/a-/AOh14GjXdBHy73vgTYxm6Hzh4fsuNHMCUS6eWebtZP8bbg,This is a very handy tool to help me set and reach goals.,5,0,2.4.5,2016-03-28 21:17:20,,
gp:AOqpTOHbYq2KFwOBUAmowcTMd_i6XBPYin5RSOMEE8HlkbsQF79kih4SkVdlb43gFvWuJ_hlJKa_kN_LeMXzmQ,Brent Cooper,https://play-lh.googleusercontent.com/a-/AOh14GijHiyoiN2agd8xG_OtJk7t-XxhsomXSb3GC7thKA,"This app is fantastic. It works flawlessly. The only suggestion I have is when setting the bed time, it automatically chooses AM. I wish it would default to PM. since most people go to bed in the pm not the am. Other than that small issue, great app!",5,12,2.4.5,2016-03-16 04:03:25,,
gp:AOqpTOGREb0YpQ974SIiBWRF3C9fdyPbDA2EgRoUgVJL7g3O5rw1KQf5UBipHzTyNprxIbWKElrhMIX-hb0FBQ,Joshua Powell,https://play-lh.googleusercontent.com/a-/AOh14GjzKtt2WtE0aadw1puxOLi2kgGFdKeJLHznsK-p,"What can I say, this app is awesome. It's super simple and worms exactly the way you think it should. Timing your sleep schedule really works. Buy it...now.",5,0,2.4.5,2016-03-09 20:00:29,,
gp:AOqpTOHu9ItRQKAiFC3-8LtWp6hlcD9fqOKRjSUgpWDKcteJ0GUk6diMPUzt3PRsAsovDL1csyhcNOlE3O2e4g,Marc Samonte,https://play-lh.googleusercontent.com/-r-_e_SqhtQ4/AAAAAAAAAAI/AAAAAAAAAAA/AMZuucmdV5MevUAX_Foctoakb3v35IXEUg/photo.jpg,Works perfectly. I have the pro version and would appreciate if there are options for theming. Another widget design would be nice.,4,0,2.4.5,2016-02-26 18:59:17,,
gp:AOqpTOGOz8gsizuBbqu0hvpASi0gQkMc0Px6R5rqZ1dA3aBE69lJJFkMAuZ5qz5Q2NBDZSb0sGDV7OYn2o4cAQ,Nicolás Alurralde,https://play-lh.googleusercontent.com/-1owgX0ohCWU/AAAAAAAAAAI/AAAAAAAAEFA/AMZuucnl9B3lUptIAROnnQ_MtxPN4F_p4Q/photo.jpg,Can't go to sleep without it,5,0,2.4.4,2016-02-22 20:29:19,,
gp:AOqpTOH9RuAjapQFke4HaAnd1gPykWD7TmqIXliyBb16NK02kJHo5VsGcxgQr6DA_LK3XX3aiIqw9KtBhXBqrQ,Sam V,https://play-lh.googleusercontent.com/-6jw93bZ4Wok/AAAAAAAAAAI/AAAAAAAAAAA/AMZuucn4VLjyq0e_8snFKjS68FTuWRSing/photo.jpg,I have a pretty messed up sleep schedule because of school and so its nice to have a app like this.,5,0,2.4.4,2016-02-05 21:37:26,,
gp:AOqpTOHSQTJYFIKw3xeI1Xx9ULFJm5uV2LqYJXRybVuSCEE8874FXRpiiigFxzA4vjtN2ryYglwdhSjbTuLBOw,Richard Interval,https://play-lh.googleusercontent.com/a-/AOh14GiLDprVj2nbmY5PrGK19MnDufjOGQd1h-KYh2_rdLs,"I love this application, particularly how it informs the user of how many sleep cycles they'll go through when selecting their wake-up time; very useful. My only complaint is that it is very limited in selecting the default alarm clock it functions with, apparently only recognizing the stock alarm clock and Google's. Because of this, I've had to choose between this app and my alarm, Alarmy, and that's a real shame.",4,2,2.4.4,2016-01-31 22:47:42,,
gp:AOqpTOHQNQlMXoqyRL6o2HsHdWe3MfbpCv7gCVO6XxtpX5SePzC7qt3tLjK_tekkJRvUXIyq2bX7H-XA5usvIA,Ilse Lotz,https://play-lh.googleusercontent.com/a-/AOh14GjU6HTrat00vapq0qA__t8VtQvAiLUpyPRBwBtN,I love this app and use it all the time. I seem to be unable to change the settings for the time it takes to fall asleep though. I've upgraded to the paid version but am still not able to change the original setting. Can you help?,5,1,2.4.4,2016-01-30 14:28:45,,
gp:AOqpTOGmWNShNNwACGpdJEeSEX2DlVPoUEFiZQegAbb2fZ_AiR1mP1m7dtdPposqt7TvCkvwb7_TgAlKwQ7MrQ,darksun b,https://play-lh.googleusercontent.com/a-/AOh14GjH468rhH00sjlADs2D_B-6PGgbMtsbopu14S3LVg,Used the free version & it was so good that I decided to upgrade just to remove the ads and pay the guys to made this for there effort!,5,1,2.4.4,2016-01-23 18:30:20,,
gp:AOqpTOGx3YEJ7C9IQDHySIcpk7Y9Ac9nEBkie_XNeSshy3ibewc6sQb2HabxrmBH4Lsr3KSXS94-v_BnnbOqJg,Flo Flo,https://play-lh.googleusercontent.com/-fxVU9ct5PEs/AAAAAAAAAAI/AAAAAAAAAAA/AMZuucmYh7jw9XwmSd0AMAAlODuhtHKGFA/photo.jpg,I like that I can find out how long I should sleep to get through the number of sleep cycles I want. Simple yet effective.,4,0,2.4.4,2016-01-22 19:34:59,,
gp:AOqpTOEmmeDB63dYZ7xMsiXuKf43wfDqv-EPp7iwO_FiiE3GdFiCQuhqx6kIa1gmTpcQVMtISdlIE0frOuUsEw,Kevin Daniels,https://play-lh.googleusercontent.com/a-/AOh14Gh6fPBrYXdyj-tvf8H11erDdxKu-Nfe7CfgmWRYIw,Berry good,5,1,2.4.4,2016-01-14 23:12:39,,
gp:AOqpTOHVVpL4T5XvKIhJptLMtRbZrVd8kfbgiIPSiogIlbBV3VGs8BQV3kQtcFMh5lvqbFNSWNZ2czVcaAAjbg,Lara Nall,https://play-lh.googleusercontent.com/a-/AOh14GiDLkq98_7JPfefGOf5KmVyhKae3lZYJt_rct2MMw,This is a great app and really helps me get restful sleep.,5,0,2.4.4,2016-01-11 02:48:01,,
gp:AOqpTOEdbXBQ3nm9M-So2XlAGND09n6ezAJbi_D3EZVHo09AqNY0H_cugEVztUA89hwbQdwno8vfrxR8rnS9zg,Mark Wagie,https://play-lh.googleusercontent.com/a-/AOh14Gh4zCHeiceZbUgaJ6TEoxmbZH8hX2Fgzh_ROjVeug4,I've been using the free version way too long to not tip the dev. Such a simple app that has become a necessity to help me wake up without feeling groggy in the morning. Thanks!,5,1,2.4.4,2016-01-08 21:42:15,,
gp:AOqpTOFsPzeDCh2gnyRu4NcWKkNnTyV-dsy1AWbijkP2GpGPtuauMqmFilczQUeWkhoSUUEyDOGohE5nL7JoSg,Little bit of Everything,https://play-lh.googleusercontent.com/a-/AOh14GizwFO7fC4LDmdS8O4YbS6DeSeJAV5Ly7GhGKvZ,I've had amazing sleep ever since!,5,0,2.4.4,2016-01-01 23:35:39,,
gp:AOqpTOHyQSdGMEL_5HCMgE2cjJKAnUy0GXh4wUlrR9tFvPK2A6Ov3ZTOvtWCUhJzmddrzc9p8RcT46Rk0YwN1w,Jacob Snell,https://play-lh.googleusercontent.com/a-/AOh14GiBIyKa987nUalwrQkrYUEsYXSz0IcyWy02ME0how,"I had the free version, but I wanted to buy the full version, purely because of how much it has helped me.",5,3,2.4.4,2015-12-28 23:32:41,,
gp:AOqpTOFn96TB1XCBdcv9EDTwWXYNC4t4q1144w69QR0DraBqZ2uFmsW6KSeIFv4opEzWCoHQ-PsGPVrz2EqxqQ,Aaron,https://play-lh.googleusercontent.com/a-/AOh14Gi0LOvXp6XhMxMvaBZjsZaadV_f-sVBiy0lpecg6Q,Worth it,5,0,2.4.4,2015-12-25 23:08:33,,
gp:AOqpTOEMOrJETodY0HtfIWNl4f6KxSDo1AnJsY3vGlSGmxU_JVGa3Wgnop52EY8oCZZHyVDobsgP1rJ-zhkIlg,Andrew Schmidt,https://play-lh.googleusercontent.com/a-/AOh14GjkcjWQ76fRW45jY1mWeErQ1DIqN8hb7IPH_K5RZnY,Fr real tho,5,2,2.4.4,2015-12-24 21:05:07,,
gp:AOqpTOEvQkp7eRoftV3NC9Znj9pWwe04yO9EW1khL08mamZuiuVYIwZa6fy4fjwl4qhdFOUhSVAMfte9bA2vQA,Alejandro Garcia,https://play-lh.googleusercontent.com/a-/AOh14GiCFsWger3ZA3d4pq_Anqi2Bsn0L89tvj1UKxm8,Great app. Helps me get an idea of sleep at night,5,0,2.4.4,2015-12-23 22:39:05,,
gp:AOqpTOG8Tnquyx7at7FBdLc005fJzmtG5MtIUnGOCkO7LO7HnPJD8f8vtwqJPlyh99zUkCRJXNTlt9yTkJbTug,David Huck,https://play-lh.googleusercontent.com/a-/AOh14Gi62QcDPFAFZ_kD8Nb3SYANF-gN0q24W13UB39x3g,Only downside is sleeping less and still feeling rested.  Can't be good for me in long run,5,1,2.4.4,2015-12-21 20:31:08,,
gp:AOqpTOHHwNx8NIj0Kj-UvmpTINGe7m23xN5ArTf8fd3Cga9BXI0jgZQ4o9t_MNI3W8omZrCjZb3uXWNgvcMnpQ,Paden Sparks,https://play-lh.googleusercontent.com/a-/AOh14Gg77Rl4RrDmS5YewTEFX9PP7oCXi-NiFsgQCt6V-5I,"A little bit clumsy, but have been a huge fan of the website for many years!  I think the app does a good job especially setting alarms, but the interface could be simpler.",4,3,2.4.4,2015-12-19 23:45:05,,
gp:AOqpTOGCVZMjRX8C3gGFRBVBXbdsxknZQgn05h4ERa_v9cjMOk1Q3Nly0iOKVuqHW4QdsZ3hRThUACo6bAJwcg,Michael Buza,https://play-lh.googleusercontent.com/a-/AOh14GhfYzQYLQh_HPb-YOsjofuGKuL6UBCmB76ND5ffVA,I love this app &lt;3,5,0,2.4.4,2015-12-17 07:00:52,,
gp:AOqpTOFYe3ncXgK6qxdUznJ9WGptMHOfEAtOiLR-OBTFRXaDUyzFXHMmpGI85Tkl_COxQAHITwnDzC8jCnnoDg,Alexandria Stapleton,https://play-lh.googleusercontent.com/-9q7YmEH-OF0/AAAAAAAAAAI/AAAAAAAAAAA/AMZuucmeq5B_Oqm4m15ChPg_wXe1NgT3tQ/photo.jpg,Works great,5,0,2.4.4,2015-12-17 03:46:26,,
gp:AOqpTOFCt8qNxo3mZHI7k9KhOiyypXJ-ejP-y3pxFmCpEr4xeEkazamPIh2P9YQ7Hnni9ShLi28l1g5NAOczjQ,Sam Moreno,https://play-lh.googleusercontent.com/a-/AOh14Gh7rLqqWpFlMW5hOJluIGub5nePVA5YhBQiDUraAGw,"I've been using this app for over a year and paired with about any sleep cycle app, it's magic.",5,0,2.4.3,2015-12-13 20:51:45,,
gp:AOqpTOG6MOhj_U5tsgk1sh_n_miqkUZefqj60Jf5qP5QhPSUCHfhxWpsw9FT_oBK76kvHipjg2Wk4hbeP5GP7Q,Mike A,https://play-lh.googleusercontent.com/-z5HyBrHODYU/AAAAAAAAAAI/AAAAAAAAAAA/AMZuucnOzIMiGrAAro9PGPav4z5wj_uLUA/photo.jpg,This app works very well with SleepyBot alarm which has smart alarm in built! Basically wakes you up just before you enter deep sleep again,5,1,2.4.3,2015-12-12 19:02:42,,
gp:AOqpTOG6giODZhAf7EtAoKMiwtv1vIC4bWhmYbsSbS3aIHxUuEt1MPqspa2OHMhrcSHaW0AViDBsYVZXJKzbqQ,Mighty Annihilator,https://play-lh.googleusercontent.com/a-/AOh14GjFEhsZ6YmWavkBpBi9tfl8BX47xnlSKk2l_xRC,Been using the website version for god knows how long. This app is perfect.,5,0,2.2.8,2015-12-09 00:44:55,,
gp:AOqpTOHxxzwuiPHDHqQO_49pMaJEO1EtzdaZPtbcjNFLM7XayQOcuTtyhIlDW_lHOPLiJCuqUY61scij7g_pXA,David Wefler,https://play-lh.googleusercontent.com/a-/AOh14GjL2dds7Wb9fTvDdSyQgWFbuYo7L_VNsJLCQfe-,Enjoy my dollar!,5,0,2.2.8,2015-11-15 17:45:25,,
gp:AOqpTOEIlx_xqRZszPRiRYEFOtA-Xk5qn4qe8izy1PFh5nRqM7EXYx5VPgDvP7hTCMwnUys5YJ6ZnDvo6mZYuA,Jonas Røssum,https://play-lh.googleusercontent.com/a-/AOh14GjMFzOi7KUWJkFBwJY9BpII6YG1MQ4Z2kETPQoeeAU,The widget is broken and ugly and looks nothing like the one in  the screenshots in the play store. Please  fix.,1,0,2.2.8,2015-11-12 08:13:01,,
gp:AOqpTOGiMALHbBQHT2sIVkjCdl-wC4AY2fKIoH14S0K-KVw8L4fGmGZE9CXp2-gFxcEMza121hCGN07dhjBy4g,Polina Perepelkina,https://play-lh.googleusercontent.com/a-/AOh14GiAZhsQ-8KLTNCO4d2AONdD33E2qbMHJ8xKVmr-,"I really like this app, and I feel great in the morning. No more sleepy and grumpy days! Woot!",5,0,2.2.7,2015-10-27 21:07:26,,
gp:AOqpTOHd-fhkzdLMTH0v2eqjDxciZWHugoZrPYbrAkhfVUlVzi7xVqGfqh2ttZwyqMvI8Med0cw5dAxbYpo1aA,Kayla Worrell,https://play-lh.googleusercontent.com/-pJ2XUM6CVws/AAAAAAAAAAI/AAAAAAAAKMs/AMZuucndxVxkDdL_nEpkuWNR_vxwYqCHYg/photo.jpg,Very useful app.,4,0,2.2.7,2015-10-25 20:56:26,,
gp:AOqpTOEwZNko1-qwv_USu7TWUaVkvKhLKCuuat6QBC9qSTdNFNlUxhXbBhAEslqwjbwhZE0aRgWFlrhxX2-gJw,Hrvoslav Kristić,https://play-lh.googleusercontent.com/-l1nATbJZXuM/AAAAAAAAAAI/AAAAAAAAAAA/AMZuuclmB1eZh0YDSg0aQmkPBNVKpsOi9w/photo.jpg,"Very good app for arranging sleep schedules, even better without ads for this price.",5,1,2.2.7,2015-10-18 16:56:53,,
gp:AOqpTOF6h9skxAitPu7yEokbK7l0EpffY7I6PK-cHQm2ADecyTp3XExULI3VrkLDhhPzExEznJv9lAE9LFpzNg,Sam Haynes,https://play-lh.googleusercontent.com/a-/AOh14GiifOwmUgdRm1kubKf0nc0-l7Sor9JTFsS_Zp2-Vv8,The widget doesn't work on Samsung s6,2,0,2.2.7,2015-10-18 03:57:12,,
gp:AOqpTOEs4lqirpF-gQpA4vmLRG28D6qFK2atyDMrI7jmFyYOMc3BlW7hDa3OCzPHkzLzWefnFBcBwTNuwh5peQ,Randy E,https://play-lh.googleusercontent.com/a-/AOh14GiNRHh9lOJHIgUtW2W-PLuHWRWYHLCyC54S6MiXXQ,I have been using this app for a while. It's great to see the best times to wake or sleep & with one touch create an alarm.,5,0,2.2.7,2015-09-28 00:13:29,,
gp:AOqpTOHObweh44TYxLgP_et2zz4tshJqG7-j81rgANdwTL4FDdtgPVvNnKRfuRQINFQelnlJEqWycUZL4XuHEw,Katherine K,https://play-lh.googleusercontent.com/a-/AOh14Gg5nFwGi_InHtyUC9Pve1wseoqpeg2TxhQCXs1Qu70,This app is amazing.  I love knowing when to wake up and I feel very rested!,5,0,2.2.7,2015-09-27 19:13:44,,
gp:AOqpTOGl9fVuN_tIs27dv_D7xF3G7v3GAQ74G5JAC3hGlISwHW6Lbf1tgCOtnBzRkB6D_JtJ7O3S1Lbkcgz_ww,farscapebebop,https://play-lh.googleusercontent.com/a-/AOh14Ggk36s3_IDWftwoZ2u0ThiIShcH5RbUdc1ncQN8,Great app,5,0,2.2.7,2015-09-26 20:21:47,,
gp:AOqpTOFXR_1xb3H9Mb5tcvrLOIyZU7iBep1hP6nld9WDg0fGSzXHdmA1aGZ9PZxNjFG-wcAZf_qOLRHZeXqcNQ,lilcraftkid,https://play-lh.googleusercontent.com/a-/AOh14GjplWlK7_72p9J8tcMAEWqjUcf92jiYzuqyeEhFog,Just like the desktop,5,0,2.2.7,2015-09-24 03:22:11,,
gp:AOqpTOEsZ_8nTneTSAan6zFY8KuPpXjkD2Ohe5EoezDa5FRIv942StkE0aJLfctxXNToqHhuCN9Lmv8UyOtduw,Jacob Powell,https://play-lh.googleusercontent.com/a-/AOh14GgbQZvN9SZ-wcdOxKbleLUPAaXh2u6qNntRR4vwtxs,"Solid concept, good execution, worth paying a buck or two to get rid of ads",5,0,2.2.7,2015-09-23 03:19:01,,
gp:AOqpTOHQGEZUhq70WgXG3qjcavb5VUBEWbe5UmUXC8yvtjXcUH4U_iI9LM6zT-qdS8E_VdGS5QAlUCpxbr4B0g,Emerson Willis,https://play-lh.googleusercontent.com/a-/AOh14GiXZGfROBJIAGPPYwevhDdKxIsf8Znvt5T9aEWWBA,It's crazy how much of a difference it makes to wake up at the end of a sleep cycle. It's nice to know when to go to bed so you don't wake up all tired. This completely explains why you can wake up tired even after getting a full night of sleep. You're waking up in the middle of a sleep cycle.,5,1,2.2.7,2015-09-20 22:01:26,,
gp:AOqpTOFPvxnaCbxfJ9XXshh1rCcRyuCFETj6TPtIi7o2WAz4mNtRKvESFb2xPx7nE4Zckgym4jZ1noZndY0u1g,A Google user,https://play-lh.googleusercontent.com/EGemoI2NTXmTsBVtJqk8jxF9rh8ApRWfsIMQSt2uE4OcpQqbFu7f7NbTK05lx80nuSijCz7sc3a277R67g,Wake up refreshed every time,5,0,2.2.6,2015-09-13 20:02:56,,
gp:AOqpTOF6LzocoLFwLLDKp-Hx9MFzPMuTdSRYVXdYbgRtyAWtAPfSbTboj5SdkvsR6ssbmqVO_Bk-rYPKjEu23g,Erin Polo,https://play-lh.googleusercontent.com/a-/AOh14GiGEw2rrn8LD5ynf5MvxGtK0yO2iGLJRCFZNmO1Bg,Pretty cool. I wake up not a bit groggy,5,0,2.2.6,2015-09-12 21:44:49,,
gp:AOqpTOGkNjOdjhqewWtgxwRWIohM4Y8ffgU_q2oKd0P9gnzCf-MoN2ZM0XZx0kw85SDEcxTYG9lIYe8RaLUPoQ,A Google user,https://play-lh.googleusercontent.com/EGemoI2NTXmTsBVtJqk8jxF9rh8ApRWfsIMQSt2uE4OcpQqbFu7f7NbTK05lx80nuSijCz7sc3a277R67g,Please fix! Will re-review after fix.,1,0,2.2.6,2015-09-09 21:13:33,,
gp:AOqpTOH4JkqgKsCZ11CHfWtWboV90j0Cj5UQymwziPKj_3rQM4LyO27sJa76X8BQl35btYwI8A_8NjyhijVLnw,Markus Springer,https://play-lh.googleusercontent.com/-s7CA6HXx8Rc/AAAAAAAAAAI/AAAAAAAAAAA/AMZuuckQ22YecPcuNFdURZTx-sO33i29ww/photo.jpg,"When using ""when to go to sleep"" it should not only add the timer/reminder when to sleep, but also the time you put in ""when do you wake up"" as an alarm.",5,0,2.2.6,2015-09-08 14:58:47,,
gp:AOqpTOHtDg57uTM6_YEDmY6sQMo6FzG9NyRI43DYTC086H6ots0qc-ErWnDHA3942PLzC0C1if6MqJm4y9B9Dw,Steven Lusk,https://play-lh.googleusercontent.com/a-/AOh14GiKfF6r2Wt_mBOIev1WevCyEUDBmCbvnXRZkOGOgw,"Does what it says, and wouldn't you know... It works!",5,0,2.2.6,2015-09-07 16:55:58,,
gp:AOqpTOEIl0XueDxerK7CE164j36XJtghgFtUlOzgI4Si9tJjEhAlx6DETE8MrhBsPMyGNhp3n7SF_-4MOtojZA,Sarah Elecko,https://play-lh.googleusercontent.com/a-/AOh14Gi3ZaWKWaVy-fjLk8EC3JVHoVmlx8ax25Fas2oLxg,Fantastic! I used to have to calculate 8 hours from the time I fall asleep in my head but it does it automatically for me AND sets an alarm? Great.,5,0,2.2.6,2015-08-24 23:42:11,,
gp:AOqpTOGErxaNxWFEh9ygBUAtASSepygNxW1FeUILu6Hc7szlDWvvuZZYmi4LkmJuEkMQKSMJ5RypcBvy-1A7Gg,Lashan Ranasinghe,https://play-lh.googleusercontent.com/a-/AOh14Ghen67cVLbE-Fj4p5V6jKAAeJG8ztu9Z6XlgzqDIdE,"If you don't want to wake up feeling terrible then use this. Or the website, either way works but this is super convenient",5,0,2.2.6,2015-08-09 18:29:15,,
gp:AOqpTOEUXjr9DRaMW3qxlpxx7TC0eAtBsrJbXHV8qaSFVu-Sgvj9lPFCoJGXw0yId4t7p88gMHJvxaBNtF0Hfw,IceMan Seven,https://play-lh.googleusercontent.com/a-/AOh14GjC2f1V6MR_xgq7y6AeD0NYIdCC07XKUQC1IDcnNQ,Really helps me wake up when I need to,5,0,2.2.6,2015-07-29 02:10:15,,
gp:AOqpTOGC0AqtCfCuspBbX9kVaXt7aCcGMeD-MLFDeEQNK6h4bAv60jZdHgHDN2LzMrgAsErpnqT9qWkbMAwn9w,Mark Rudnitskiy,https://play-lh.googleusercontent.com/a-/AOh14GiMAM9l2KIXHFThHpPj2DSKRmYqOXAX_Zs10zje7w,Love the feature to add the alarm right off the bat.,5,0,2.2.6,2015-07-29 00:46:38,,
gp:AOqpTOGxLBTnb_Fk7wm50EWkneFbp3DikNzuMXuQwI9cD15z9G2T9ssqFX_NKgu-fxHtUwjZfQD_slu-_eclmQ,W G,https://play-lh.googleusercontent.com/a-/AOh14Gi1aRuk-SKXzDq2YLOw5QCpA9smJ0-hWjR39jRRNw,"Works great and now works even better.  I use sleep bot to find out how long my sleep cycle are.  I suggested to add the ability to change the sleep cycle duration, and it was added very quickly.",5,2,2.2.6,2015-07-25 23:08:25,,
gp:AOqpTOGzHPMy_bl8u9Dp9blc0QegpkWQRd7CqqC-G5wdStMU3BrKZTriXVxCOiHzmmEPni4LqONjmh08QkqJ-A,NuEven NIET,https://play-lh.googleusercontent.com/-XmxO5RvyoO4/AAAAAAAAAAI/AAAAAAAAAAA/AMZuucmKcT7aosTiaMuK-sa-LfhVfBHizQ/photo.jpg,"Works for me :) only thing is that I wanted to change the time it takes to fall asleep: there is an option to do that,  but the app won't accept my new time. Not really a problem at all.  I just set the timer to x minutes layer :)",4,0,2.2.4,2015-07-13 00:23:57,,
gp:AOqpTOHIpoBdFU4nNqAk1cTCAOdV7OYeIuJEq54bXiSAuns6Ayc_I1UoSe4Cm7uBQWdbee_BQZPJBRvm3XPzew,Jose,https://play-lh.googleusercontent.com/-d9InTkqAAqU/AAAAAAAAAAI/AAAAAAAALEs/AMZuuclp2VRGV2VPXyRReH-e7qb6egTbyQ/photo.jpg,"It definitely works. I just wish it worked better. Sometimes when you choose to calculate what time to sleep so you can wake up at a certain time, it tells you when you will wake when you sleep at the set time. It's a Lil buggy but still worth it I think. The sleep now works great!",1,1,2.2.4,2015-07-12 23:34:03,,
gp:AOqpTOGFjU7F8Val_HusdfC1n9quzqmXYx7u4OLohz0wMG-b77p8G3NeWokW1EX6lJtDWOcMDbwtt9UxCM3FoA,Brenda A. Corrales,https://play-lh.googleusercontent.com/a-/AOh14GhZzYAbtE7AYpUkIG0l3qNgQeOP06UeMxMQq1tbCw,Really useful.  Love it.  Use it everyday.,5,1,2.2.4,2015-07-10 03:31:07,,
gp:AOqpTOEfQS9xOn6fr9hqWNNmnUgYdbdCrfSaDfMOZiVbXDQWodQiUyX0ZTBMVdsP8T33uO0uq2pq04b4rtpVLw,Wally Mahar industryWM,https://play-lh.googleusercontent.com/a-/AOh14GhyG_qcYZkUyMZast6vXf373KQSe46eJMhhRQTj_Lc,Thanks for this app so much!,5,0,2.2.4,2015-07-01 18:58:03,,
gp:AOqpTOEo6hYBOTwjR2iO0vut01UcOsHWUzZD6FRUCMlsJBiwKiC0c3LPCxRI1PwtdLHG3ud_7PDX8_zTd92wXg,matthieu PG,https://play-lh.googleusercontent.com/-LizRtfmTJfk/AAAAAAAAAAI/AAAAAAAARrg/AMZuucn74_hDsU5ps48sz2bM0XPx71m8-Q/photo.jpg,I wish we could personalize the widget to chose a default view between What time should I wake up and What time should I go to bed,4,0,2.2.4,2015-06-16 16:58:08,,
gp:AOqpTOGEJ758nTEEK2rP5DskeBT6hoTU1xjRl9SV-MWTJwyeEuxoc1f_mKJGZqQMa_vD4X_BA60xYbTDXQBc-g,John Ayala,https://play-lh.googleusercontent.com/a-/AOh14GjptSrNR-A53_Pu0C8QYKwAZEtDS8kkdGXdDjBlAw,Convenient,5,0,2.2.4,2015-06-02 01:31:57,,
gp:AOqpTOHEkBUtxo0odMZ5-sB3K8LdAXGW5DC5jGyxkr42Ud2qzWp2FMlg-rtNypXTfzKftQ9KIcYHpyB6WEt_NQ,Penn Wiggins,https://play-lh.googleusercontent.com/a-/AOh14GhII0nuKpTrMhypYPE3VdsbkFL4IdE8548AzZVF3Kg,"Lets you use your own alarm program, and set your own sleep intervals.  The widget could use some options, but it is functional.",5,0,2.2.4,2015-05-13 22:14:13,,
gp:AOqpTOF3iJBTMHeJGgeWpisvMe-FoEdNknLUn83vqM22boSlFgm-0kKyyxN1ow80H4SEbd3OOS5gJwv-seAtJg,Tsubasa Lam,https://play-lh.googleusercontent.com/a-/AOh14Gg0rIrIG50J9_M-OUKHRSMQgeIECdCr9VSsRpTjvY4,Nice and neat,4,0,2.2.4,2015-05-09 13:54:18,,
gp:AOqpTOHiHl7Y22t2zqZND8Zm81QoaXW6w86D3TGL7fiT2ex_hFCzPJiwwyJklb83KFX9pD4pht6qfSNUx0XNhA,Esteban Perez,https://play-lh.googleusercontent.com/-XINb2UDPRm0/AAAAAAAAAAI/AAAAAAAAAAA/AMZuuckENSrzeI2jgajEPou0vUd7DbUIFw/photo.jpg,Easy to use and convenient. Never have to worry about how many hours you need to function.,4,0,2.2.4,2015-04-26 08:34:29,,
gp:AOqpTOHIQuJODeOKdqHgwxtCbIGY4ddsXY0oVWdxMb2Wss8olTijQMtoegCkXhAgoR2x2z4xNGAuz1Cg3dnALQ,nascent nascentt,https://play-lh.googleusercontent.com/-mVkke9YfXNk/AAAAAAAAAAI/AAAAAAAAAAA/AMZuucnm_c6pKrcEEIJ2HX4ptHQphHpyEQ/photo.jpg,Biggest issue is that it creates an alarm for when you should go to sleep and not when you should wake up. So if you're already asleep it'll wake you up and it won't wake you up in the morning.,4,0,2.2.3,2015-04-19 02:45:58,,
gp:AOqpTOHAT_VOjz7TBpoXtfxtNANYUwO9da_MjO-upUsbkANMca1j9rhYd3hfRhexnRaiPzs4svk08I60pOvWIQ,A Google user,https://play-lh.googleusercontent.com/EGemoI2NTXmTsBVtJqk8jxF9rh8ApRWfsIMQSt2uE4OcpQqbFu7f7NbTK05lx80nuSijCz7sc3a277R67g,Go to resource...has been great app!,5,0,2.2.2,2015-04-12 21:34:32,,
gp:AOqpTOE2FPIuWVm7ejnvXHUYAJBRnZnUklP02tS2TakCmBcRLlI73gzHM_5oCrgBhFyKedzmyi55VaRtXSftgA,Felicia108,https://play-lh.googleusercontent.com/a-/AOh14GiNkPoNG8Jb2K-p_rtxyJVdGKjE7yU5Bg_qsD39LQ,Looks more aestically pleasing! Does what it's meant to.  Love it.,5,1,2.2.2,2015-03-30 19:44:00,,
gp:AOqpTOF6GqTxXy4zFHyPQGiempEVFCfJzFNn9eAIuvuqByckT32DcJF5ver7ADD9ahhvXtZjOGq1VY1rQrdWXA,Nick M,https://play-lh.googleusercontent.com/a-/AOh14GiWJEvyHRrp9rxiWYPaFwhUwUnIqdVHNKOUcwLleTo,Super,5,1,2.2.1,2015-03-29 14:48:35,,
gp:AOqpTOEjs-Sex4eLNiglUNWTzZMQehEHJOZYCHPUI6N_4PMoFs4B96v8eo_948398cDbn-h9yisTTsEb4Q1XxA,M Ted Droski,https://play-lh.googleusercontent.com/a-/AOh14Gj7flLxfdrB5bjPKXyjrjt9Om7OWFPcm-W_7b71gT4,"Just wish there was a way to clear all old alarms, otherwise it's great.",5,0,2.2.1,2015-03-29 04:49:47,,
gp:AOqpTOEK4Lv19L_zc-ipEHP1frPuEYIHKf3cVhVhDWP5xE5QeT0U16ocwzAbf4-hJBEDVMYB8Qy0U6VEbqYTAA,THOM,https://play-lh.googleusercontent.com/a-/AOh14Gjbknz6bnGp-aLKrRcbg89VKImymaKY2uHjNGuIOw,Excellent,5,0,2.1.6,2015-03-22 19:17:53,,
gp:AOqpTOHZS5FsjthyRKaPsY_iIO_IgX6xu7gmt9fkB2SvMYgu6jiYIBZv6C2V2Ezp_u1T4kYRe97Bx5Bh3JGToQ,Nora Bella,https://play-lh.googleusercontent.com/a-/AOh14GhTg6EjnKfczB4QZ4qCjHflNWwcqDv4hWm2ha8WJA,Yet couldn't be simpler to use...makes it easy to calculate a productive nap or a Really satisfying nights Kip ....I recommend it to anyone and everyone....,5,0,2.1.6,2015-03-09 01:46:52,,
gp:AOqpTOFdjtU5x0W4uc35uGHSqG5W-iAs-xJLQN7LC65j80zU_iW9pFV1JxZOjcsFSQzTQ-P2KFKofn-rhoy_aA,Yanil Ruiz,https://play-lh.googleusercontent.com/a-/AOh14GhIn1GiU3-JHqZZKtq2kRjiXhixHSfYBKFc0Cl5og,"Helps me program my rest so I can get the amount I need. Also wonderful for not waking up all grumpy, by having complete sleep cycles.",5,0,2.1.6,2015-02-28 02:19:31,,
gp:AOqpTOFUPihnRbQlWrUCWOZuX14pQbQq_Y2Ykh11KAPr8T6PKCmDEyxqWKMwQ1FpK8U0_IBUgoa6FCty3t35-w,Ksenia Crow,https://play-lh.googleusercontent.com/a-/AOh14GiQSSViH7c3aCOpp_PtLen8jEZpkzTdgrWXJYrI1hE,Simple and neat. Use it all the time. G'night!,5,0,2.1.3,2015-02-03 11:55:58,,
gp:AOqpTOGu6u63WCCzXoUeR5zWZwH1wyN919eLrbKOv1aPb9noGPjH4pll-r9vNbIslg3WZvZykzv5lU3Hijzd0w,Harry Macmillan,https://play-lh.googleusercontent.com/a-/AOh14Gj6s2P-K3CaD7JygfRgqluxN5QttaSAgClxXKPIhA,"I use it all the time, great app.",5,0,2.1.3,2015-01-28 14:15:10,,
gp:AOqpTOG0XL6AhMTrKafWllpLS1sJ7hDtvK938J14FNOC6bPrrAk8ulTUcfrvRBPY8jCTmhJJdgpawd6XBms-PA,Albert Liang,https://play-lh.googleusercontent.com/a-/AOh14GgnYfddJmWZdJue0PXWiKN0r0cvOR7XqSIy_VB9oQ,"Simple easy to use app. Widget is a bit bulky, should be able to adjust to smaller sizes.",5,0,,2014-12-17 00:53:24,,
gp:AOqpTOHIUPVP_eFZUmqdNmz-IMiT1oraq34vFwhdeRmhS1N1oxd1epNWDpWe23qaDlOOyGejA93bLvmRetw0Eg,Ger Lor,https://play-lh.googleusercontent.com/-yuGZmsGAWl4/AAAAAAAAAAI/AAAAAAAAAAA/AMZuucnVJecs5oxsa_91Oh2nGyV6v1urLA/photo.jpg,Everything works fine until you decide to try out: minutes to sleep and back button on samsung galaxy. App will not go where intended. Fix this app because it is only worth paying for atm because nothing like it exists yet.,3,1,2.1.0,2014-12-13 23:14:09,,
gp:AOqpTOHtYuiQyMJWZoYdVoK-wPyHNsrvE6869ewyREx0-q-MZnhqNOcX3GKccVGHSl7xq-tE2MBYDH7n0D3dcA,Marcia Barnett,https://play-lh.googleusercontent.com/a-/AOh14GhDLiA8-KUbXJdtPp7zUdnV3K56gHLVZdMzoGelKgQ,Great for those late night study sessions where you're not sure whether it'd be more effective to go to sleep or just stay awake. Now you can know for sure if you've got enough time to catch some Z's!,5,0,2.0.16,2014-12-08 10:42:54,,
gp:AOqpTOF--JqWj0W_PU1jn_DUBVq4-vfjpIyB3EpUFAnSnNHvZUKSZU_dIRiExjEPBJRRi3xHqq-tmBd5g6x9Sg,Javier,https://play-lh.googleusercontent.com/a-/AOh14GjAaxDFBH56QYl3RxKQMzEOQ2-cvgYWhMqNktDhbA,Very simple and could probably do the calculations myself but this is easier. Program works great though restarts after leaving the app suspended over night has slight bug that has you on a random page that is not the home screen. Nothing major though.,4,0,2.0.15,2014-11-29 19:30:49,,
gp:AOqpTOGGXSPB5aLDXHKkyJmLb2JngHMTRBE7ED1O2NcOUuffsIFAf9L4iYnODhWIYEotLw2-0vkeRILSs-Xt9Q,Scott Stallard,https://play-lh.googleusercontent.com/a-/AOh14GiQgF0kHYdEDg2czRMEQCbAqbKzCxk8LOman8QBBA,"I now plan my bedtimes/wakeup by this, and it has helped make me a morning person. If you've known me for years, you know how big of a deal that is.",4,0,2.0.15,2014-11-20 17:47:00,,
gp:AOqpTOEaCIL35m96hH9oG9HconasW2ETRkfN-jUFflrifsYI1IzJu2An_45EHDHkgBuuADD_2LdOW1JLMEvBrA,Max R,https://play-lh.googleusercontent.com/a-/AOh14GgcCb5Aogd1jHOkGCIwJkLpEauNxlTv2USwKnjbvyg,Frigging amazing,5,0,2.0.13,2014-10-31 12:38:55,,
gp:AOqpTOEn4m6BhLHgGrUicfHy9a8Wl8G4Y8En1Qxm9wHKU2dlT8dMh-4dqbvmyTmcyRMJRGpMvmBtoDAf_n7HZA,Matt Ewen,https://play-lh.googleusercontent.com/a-/AOh14GgM5-9Z0rOL98-3e1O2Vw4I045EqTvRw7xyS711nw,Updates tend to cause the widget to disappear from my home screen and for some reason add a new one to my widget drawer. I have 4 same widgets in the drawer right now. Just a small annoyance on my galaxy s4 mini.,5,0,2.0.13,2014-10-28 15:34:18,,
gp:AOqpTOHpzo3Nv9rMb-7Ho1rljAQWJaA1Hh7Jvo-O_nvZBkOdcczqLC4sC3OETbRjB-8mk9ZWisBx0GQn7rGr9w,Navjot Batra,https://play-lh.googleusercontent.com/a-/AOh14Ghml39H-63vxcBmvZFBn0DcO_tCauGRpxCqrJ83gvY,Material design &lt;3,5,0,2.0.6,2014-10-19 22:33:39,,
gp:AOqpTOFedzYcqHgrM3J8Whs1YQmY-OtF6OX8oENaWLsJGY0ZVGdncZjpAcJo838DXyOJJz3f8nJRS7i-UglfIg,H H,https://play-lh.googleusercontent.com/a-/AOh14GhKU6qLOXascRcWC1SlXmMZ0zQ478he9sa7Ax9iiV4,Great great app.  Support this developer,5,1,2.0.5,2014-09-22 22:42:21,,
gp:AOqpTOFD2UjJ2kCmBer1soI7UaO5m_Gq0ZKmsyeJq0IHZQYKW8pA4OWqkdwdsQ2fYRSFPEpNJxBtlAXAJo_Zlw,John E,https://play-lh.googleusercontent.com/a-/AOh14GjS-xNM_iRG0TtHK3XmunR-wWqNaQeCYaS-AYzQrg,Iloke,4,0,2.0.5,2014-09-01 02:35:53,,
gp:AOqpTOHiW9mQmkScPFFeMAfc8QwP5MP0oyFv13bM5AKYG_Zbv-TnWdhHZFw3XqcwPiTw_Mv-LifLxUlZCSRwfw,Chiké Verwey,https://play-lh.googleusercontent.com/a-/AOh14Gh4OUOE9fYguX_UotgirWXzvwIo-x2LOJCDrufTpQ,Helped so much with my sleep cycle.,5,0,2.0.5,2014-08-24 17:34:09,,
gp:AOqpTOE1eBQDkubdd98EgO4E6jLO59ZUYCEQOu9q8yC1q5d-vwO9n55gN79duMcJgTTJi0sFHHC6zvOkz85Y6Q,Serenity Moonlight,https://play-lh.googleusercontent.com/a-/AOh14GjwfYNLcEwMZqbPgnav6PIWD59AUP3RWJRLEZ5_qQ,"Goodbye, waking up in the wrong phase of the sleep cycle! This app helps you calculate the best times to sleep based on when you wake up (or vice versa) so you never feel groggy when you wake. Helped me out on those many occasions where I found myself pulling &lt; 6 hours of sleep.",5,1,2.0.5,2014-08-05 00:30:54,,
gp:AOqpTOGFYagjFh7jL846v3okKxjg0WwuB20qMjW0ieo6SKt4TVTx8vJ3kMJCF2XRTleW5ok2Gyas_d0i3tMXSw,Chris Neves,https://play-lh.googleusercontent.com/a-/AOh14Gjp9OCMhECnRwWBFLWNtgn3hQH5uRaRg31WbomxqQ,Does just what it says,4,0,2.0.5,2014-06-28 23:37:12,,
gp:AOqpTOG-1WPpzwTnBnAAogJOdgCAVP1JIFA5insPeUR85KXV0DnUF7mdpNyjkjv8jyyNnHHX8So9KiA-8F03zA,Justin McCullough,https://play-lh.googleusercontent.com/a-/AOh14GiFnig-tRUbkWBeQpXXnddLI-HYRYVMb9A2bxEgRg0,"Wild, but yeah. When I don't use it and have to wake up at 3:30, I'm groggy and hit snooze until 4. When I do use it I wake up around 3:30 (I use go to sleep now) I'm alert and able to get moving right away.",5,1,2.0.3,2014-04-15 20:42:36,,
gp:AOqpTOGXKQZeETuUi0y7NFeoxvSnkwNvef1i0fD7-3VV1FdJjb1su0ZY1biTyKFR48doPhZxMHgjuM0GTt8AUw,Luis M,https://play-lh.googleusercontent.com/-4sGeKVwhzsw/AAAAAAAAAAI/AAAAAAAAAAA/AMZuucn_ujXpJJdNrAIAi19Iqpb2mILkpw/photo.jpg,"Really useful, helps measure a lot better sleep quality, and determine sleep time when you need to wake up outside of your routine, great",5,0,2.0.1,2014-03-11 09:01:45,,
gp:AOqpTOHVK78cb5_FzjJT7xLGhgXot7tmOVA_5_nAvH-c4zyUk8y1RawO0Ep65YzU2xnNFd86yb3_kbWnBQZdpA,FluffyDeb,https://play-lh.googleusercontent.com/a-/AOh14GhwRD6yINeV54ZA1dgpWWmYouVQGlILmcg_hkG9gsw,,4,0,1.9.8,2014-02-27 07:42:42,,
gp:AOqpTOF26EwI7ZvSP3PTiRg3XDKJlyfnVWXGlnzeVF2HFWAi-xlsp_8vF357INQpFGI3jaC1QEFODNqGJZZWhQ,J.L. Martin,https://play-lh.googleusercontent.com/a-/AOh14GjJfbJ8DVUVXVDJrLrgK3YaZ88EGqbRU5TyOuVU7Q,"I have idiopathic hypersomnia and sleep apnea. Waking feeling 'refreshed' has always been a challenge for me, but this app gets me much closer than sleep aids (melatonin, chamomile, valerian root, etc.) have thus far. I like the paid version- no ads- but would like it more (5 stars) if the widget would allow me to customize for naps. Right now the widget is only for long stretches of sleep. Highly recommended (which I already have to friends & family!)",4,1,1.9.5,2013-12-16 10:08:50,,
gp:AOqpTOEIpfpMa_1B3PfrEcLAIkP5nn2pdrW-oirYelk8W3u_Ta7qldu5D1jXxl4uSQf1nqV_QF99JFx_iL3tbg,Trevor Carl,https://play-lh.googleusercontent.com/a-/AOh14Gho8W6Jokel9K_KzGaq1zE1K03oG4ruYIDp_N-8,"This app has greatly improved my life. I can make it to school on time alert and oriented, my wife came back to me, my kids talk to me again and I'm recovering from my severe alcoholism. 5 stars.",5,6,1.9.5,2013-11-04 19:42:04,,
gp:AOqpTOE7no_kxL0H-I-GUNZ6dMLe42ug9VTB6sMJCWH_P-7h-h0bweC0_EDx7yroXIk-DoKlD4Yv_IJDzWqXbA,Zuhair Gassem,https://play-lh.googleusercontent.com/a-/AOh14Ghl3ew8z27m5wmAujl8hzERTztYOAfd1BA_t-g19g,"It is simple, clear and really works for me. I recommend it stronglly.",4,1,1.9.5,2013-11-02 21:59:29,,
gp:AOqpTOFaGOtEmAUC6jWNHn7s7PzvlFQ2cvkdVukW68fsO_ytEUujN1knWw58g66sNHiDyYn128kRV1X32aG46Q,A Google user,https://play-lh.googleusercontent.com/EGemoI2NTXmTsBVtJqk8jxF9rh8ApRWfsIMQSt2uE4OcpQqbFu7f7NbTK05lx80nuSijCz7sc3a277R67g,The widget makes this tool fast to use. Sets up calculated alarms for a good sleep or nap.,5,1,1.9.5,2013-10-09 08:24:58,,
gp:AOqpTOFFdJ_1G3baBL9gke7AAmFrsTH54UxmDCJFlvzmt5rTv4j_d5xFzLRt_n4cpWKzja3WjAHVubexVR-2uQ,John Robinson,https://play-lh.googleusercontent.com/a-/AOh14GgjZj3Gm5EnvoXRbaYbEZxjqOYeDzUDHMhIawmiwQw,... For a very specific yet  neglected part of managing your sleep.,5,0,1.8.7,2013-09-15 04:20:55,,
gp:AOqpTOFuwCknDmUzXXbfyFEgSwf3D4HdAhWBcRQ2z6NtqcCBiXSRrGthVhzA_iP46j2CJrNiiXaBHFT0PjbGfQ,Bernard Murray,https://play-lh.googleusercontent.com/-qhK9PCX2WI0/AAAAAAAAAAI/AAAAAAAAAAA/AMZuucmqTpa0PHbkUtD8up39Z-bS1H7e2Q/photo.jpg,Makes a lot if sense,5,0,1.8.7,2013-08-16 17:18:32,,
gp:AOqpTOHnd9A5Eyl5Rcflk1tOm2SxNq0BFY0XeZX-v6z59VEICSIPhAnVlfWFwQOs1tla-r1-iKLWs9u789cpuA,Nick Solberg,https://play-lh.googleusercontent.com/a-/AOh14GgLj8Ju_dkAF_l6Ks1YEXVwU5R0KiMyad1ZFuebkA,I have been using this and it trurly works without any problems...,5,1,1.8.7,2013-07-19 20:32:25,,
gp:AOqpTOF2XLZAOMLeQI0gOTIBRptMcYeb4yyi7SPPxojpKY5tW5KDP_AcALwP7DGPbSFj4APEYp5yRTylzxsizA,Damian G,https://play-lh.googleusercontent.com/-Q4MdS-Cv2EE/AAAAAAAAAAI/AAAAAAAAAAA/AMZuuck-AHImI8OrIKBT-QWBVBXIlDTsdg/photo.jpg,"Use it all the time, works for me",5,0,1.8.5,2013-05-08 21:22:13,,
gp:AOqpTOEY4lGuTSCRmpEzQ9y8fnTt6F2exVAOB6IXRmIgC7x-vNTDzbYL5hWywT98b82VYuzmr-J-dxKw-M-C5A,Ivan Lazarov,https://play-lh.googleusercontent.com/a-/AOh14GhPSBIjrlrasWkhbSW9Mz5FMbubFPDJhJiCHwh-SA,Super useful,5,0,,2013-01-31 15:39:25,,
