reviewId,userName,userImage,content,score,thumbsUpCount,reviewCreatedVersion,at,replyContent,repliedAt
gp:AOqpTOHS1UY5A9cN9IVzabg5LM8XABBnrlGhX3p6rMwVRdSidYtYIpDSJowDwrh0xv0LWsFwKPrbBjxMc7IcXQ,MeL VL,https://play-lh.googleusercontent.com/a-/AOh14GiGf3Xx10eAlTVn2rgargdei9C26abeitHmKYQ8,At question 11 the app freezes. Do not purchase until fixed,2,3,,2019-09-28 15:07:37,,
gp:AOqpTOGKex3lenr1eohcCbfs6Xcvh-wH3PVb1kXossri-vXtwMD2KZobKOzvw0vi0jJM6XXqloQQsg201Sccew,Marie Rhoad,https://play-lh.googleusercontent.com/a-/AOh14GhSMR-ryDBUQJZ_vPGGX34SRXliYt7tVWlEGa7C2vs,Not worth $10. The app freezes frequently or only shows part of the question. I had to restart it a lot to get through the 50 questions. It would be nice to have the rationale for the answers.,1,6,2.0.0,2019-01-18 15:55:04,,
gp:AOqpTOH0iLnsoxwjBTBvMseKMcrJD4XSp7-poG-qv2hzbD-uBfsY2HzcFdbDeJhILIBGQ1qlARFEyKr9lGhMog,Samantha Worms,https://play-lh.googleusercontent.com/-7BA091wyaks/AAAAAAAAAAI/AAAAAAAAAAA/AMZuucnSC2h2S15d_a8MchQBTobgAXZYEA/photo.jpg,it worked well for the first few questions and then the screen starting going white. I had to keep going back to the main screen and trying to reload the questions. you also don't get the rational for the answers.,2,5,2.0.0,2019-01-11 17:18:36,,
gp:AOqpTOF6bRZ3VSFC11DAagF7bWEL4ao7kc_AnrajCtQjtjgqsxTwteow6tJzlkVdiTkewJHAdFpZ7tT48xiFtw,Aby Laznik,https://play-lh.googleusercontent.com/a-/AOh14GjBPvCSa_fvYTN7pYhVVCTWJ7om5ZrglMtTnk1gJA,"The App does not work properly, only parts of the questions are visible, had to log out and log back in in order to continue. Very annoying.",1,5,2.0.0,2018-09-09 10:01:23,,
gp:AOqpTOHWGzXxcGWE9TXKMrMqCBsmfzsPDCLD4U2yVEPcx40TCACji1yK-qiwqEA-tcPQ0FeyPguzwMAh550yeQ,Melissa Schmidt,https://play-lh.googleusercontent.com/-pZYijLf5uoc/AAAAAAAAAAI/AAAAAAAAAAA/AMZuucmWWViJ9aF0bRdcAeWrA5dBP6dYow/photo.jpg,"Nicely designed app, I liked the simulated test feeling of the app.  I recommend the app",5,3,0.0.1,2017-10-15 10:56:28,,
gp:AOqpTOGb1w1-W_Mt7Ncyi1reEX8bNx6z5CrYBF9wsc1B1EneRpGMnj6Ny133dW9tu9sakL1o635cIzbJLYXPuA,Sonya Castro Diaz,https://play-lh.googleusercontent.com/a-/AOh14GgSz5WWno1_dd1RPopAgfa_ICY2ISjRojNtiedDPw,Only 50 set questions once you answer them that is it for $10 not worth it.  No reasoning to the answers,1,4,0.0.1,2017-09-22 05:09:34,,
