reviewId,userName,userImage,content,score,thumbsUpCount,reviewCreatedVersion,at,replyContent,repliedAt
gp:AOqpTOERAB1WibujH9Uj-Dk0eN4YqMOR_axFJuc9pmCXgUmtDNV8gyBuV5JynWWlGvVuVPgJNFYCQbkdoKZ6zA,Graito Padmonobo,https://play-lh.googleusercontent.com/a-/AOh14GjvA2wcm0Mkx86PnKvF3SzcJkQP9K2swjlB6wwc9Fo,Help me. Got license invalid pop up. I installed from play store. NB: nevermind. I just need to reinstall the app.,5,0,1.0.7,2021-02-08 00:37:27,,
gp:AOqpTOH86U6nSjKkYKS9Cg3NjSwDtHWm8FHzdU3ACv7IRaOWctscsnQmpaPx_Ag1QLHqCCcRp8gBc-sC1MWtyA,Altamash Bhaldar,https://play-lh.googleusercontent.com/a-/AOh14Gjq_s6F_ia0Tnt5bObskWLKJyPv3bgaNU7hNOgZYA,Totally worth buying. I am in love withthis app.,5,0,1.0.7,2021-02-05 18:05:21,,
gp:AOqpTOGSTrU-RDJNybLBTOZ6bDnDBnyVM1b3fhpGiGjw1YCirx2eEfZmdNV8onU5_B0KnUombfDL5YqRMmQefg,DanStracey,https://play-lh.googleusercontent.com/a-/AOh14GgkdAbcbXn0Lq34NG7SlJ9frOSWeo2flyU12t-i,Beautiful high quality wallpapers - just wish there was an option to download them,4,0,1.0.7,2021-02-02 12:21:04,,
gp:AOqpTOEzwEGvMykcmyIxC7tZsl9eBGiBu8_-opjCEqo02B4zbibimF5vLHazmkLw3dNjWA-fkedvfXKY1oUg-A,Rohit Gupta,https://play-lh.googleusercontent.com/a-/AOh14Gi0wrjCwD2c6KTXVoopCdJeapKlVtsVOj6R1WYj7kY,"Totally, wastage of money. I highly recommend don't buy this app",5,3,1.0.7,2021-01-29 08:38:54,,
gp:AOqpTOE2c0JSRxYQlbgrZMSuvwEtPRbxoNFG2d2flek8rH3wBZfNpcFZ0eK7huCKH7H2bViLNDCZwvI_7vfw5w,Rei Ishikawa,https://play-lh.googleusercontent.com/a-/AOh14GgFIvXxKmbuo4-_NdcAy_Dnktfd3eFOeTbTqHkBwQ,The wallpapers are very good but it loads super super slow. Glad it was cheap,3,0,1.0.7,2021-01-16 03:27:24,,
gp:AOqpTOH4YCjrJ_kXP_o0GPTEZyFEKPRnpY9D4_IXN9PBO3__5cwqqjQ90kDrCIEwelxkTFt-DOb2M3zYzgivBg,Saisoumya Dash,https://play-lh.googleusercontent.com/a-/AOh14GgZhE1d6nGUeisRGPbZigjiaIUBzjoJzA5xqQaT2w,"If you are a customisation freak, this wall collections will surely blow your mind. A must have ❤️✌️🥰",5,0,1.0.7,2021-01-09 19:50:42,,
gp:AOqpTOHUj651riyG9YpO1jJAOO_bALZoehq9yu8R-N9oEqAR52oOLqu7Bu3E9QC3Z7VTj7em_8l1iI8xqDrtMA,Nishant Kumar,https://play-lh.googleusercontent.com/a-/AOh14GiItveKHEcHyWUMyicUlIofX4TpfOxSHWIE3yc3kQ,"""Mobiscrub"" from YouTube suggested this and I went for it. I loved the wallpapers even without applying them yet. Am sure the devs won't disappoint.",5,0,1.0.7,2021-01-06 13:10:15,,
gp:AOqpTOEPNPd3EfppfwaOYmn9lYmV38eHEfjcjpiawARqukjLwTHA9F0b4L9TNStP_MsGaC_Y4VAFa-qmxrJCpw,Atharva Pardeshi,https://play-lh.googleusercontent.com/a-/AOh14Gh8tj7Y-WzGVpHn0tme4vE9DzgZ3m78Sq7s1U6hbbE,"Amazing, out of the world",5,0,1.0.7,2021-01-05 09:24:08,,
gp:AOqpTOGEdIdmqodsoU4dAxyzjwN75vpV-Pq5V7u7JpJQTc-EhKfh36bndZjT5vKbiyuAn_LeyvVxCLkSQipiyA,Rajkumar Sundaram,https://play-lh.googleusercontent.com/-xopMjqYCqYE/AAAAAAAAAAI/AAAAAAAAAAA/AMZuucm0KRj9EWDv8fvrcTptE3oe2OvGdg/photo.jpg,The wallpapers are amazing. Minimalistic and amazing combination of colors that are so good. Really glad I found this app.,5,2,1.0.7,2020-12-25 14:56:52,Thank you so much! 🙌,2021-01-04 06:54:43
gp:AOqpTOHAQc-87W8q9Z2IsQHp1GZrnRi6NDQA1cftK2EKB35byF3TEPeOniKrMmHxg8K1ihdqyh2lHlciVg0Wfw,Sandipan Adhikary,https://play-lh.googleusercontent.com/a-/AOh14GgvSz5SUqzHekFWBRXoN0Z5u3bMnPqoRokV4P50eg,Wallpapers not working on lock screen my redmi note 8 Pro...,2,0,1.0.7,2020-12-17 04:53:50,,
gp:AOqpTOFkicaLlID7OCZOzMz09K09S8-Cbjo-EEUKkBdKwq7IyjWy6YIGSlc4QVL0hBdnbAACYBy_6N5VBIvG7Q,Laura West,https://play-lh.googleusercontent.com/a-/AOh14GgcVd_kzpTY08xilX7IoUEs12A5meKXT3Q42pOC1Q,A bit disappointing that there is no auto-change option,3,0,1.0.7,2020-12-14 12:48:16,,
gp:AOqpTOHQ4Ql7lnGfR5UrEKPZLvZT1s_VhUVh6QGxxpyObnCGk5145UBdsXbPqkj7Dn3MGAmn8CHPMUnrnTjwig,Gaurav,https://play-lh.googleusercontent.com/a-/AOh14Gi1DpWcEA1PGjatyeuxSpfD7lszRwyNPdS9kMyWKA,Top notch wallpapers! Premium version worth every penny.,5,0,1.0.7,2020-12-03 21:13:38,Thanks!,2021-01-04 07:03:13
gp:AOqpTOErrNk_5K5MNca0eX08Sv2gL7Jc9U6fcKPDku2v7lPIkt3Lgph6UmbX6UNzyTUT36FeSP-U-n7SBkzdxw,Ajay Kumar,https://play-lh.googleusercontent.com/-VQTnfO0oFAg/AAAAAAAAAAI/AAAAAAAAAAA/AMZuucl8jR0WYZWjrb-VACXiJd2hboKCkA/photo.jpg,Great collection. Wonderful work. Worth buying. Superb look on galaxy s20 plus. Every smart phone must have this app.,5,2,1.0.7,2020-11-29 10:33:46,Thank you!,2021-01-04 06:55:15
gp:AOqpTOHmuDmHv_N6pY-BiZKQTByME2anvh03seqGaxmMB18AteKYORWuokOsqsGQwnfEF3VmHc4Fhxtus57gSg,Brandon Muller,https://play-lh.googleusercontent.com/a-/AOh14GgRWGshNXMRpefBRueR_9vM0GCyS8mBzN0sif0LnA,Beautiful minimalistic wallpapers. Wallpapers seem to being add on a regular basis,5,0,1.0.7,2020-11-20 08:42:36,,
gp:AOqpTOEk98GwyuQtT931Cwz087wuNypfRwZc8XCxFmPkwESIhrvrW_aPxng_zoT0uwcmZC-RjFnY3BcofcO5cg,Saswata Chakraborty,https://play-lh.googleusercontent.com/a-/AOh14GhX9aLqC9WQYEmP8Gl-DnUjBfdhaAEcCSWWjI47TA,"Changing my opinion about the app. The dev is quite active in releasing new walls. I just wish he makes more vibrant and stunning walls like Alone Deer Mountains"" and ""Beach view Amoled"". They look gorgeous on AMOLED display. I always love walls that have black color at the bottom and vibrant color on the top. In that way, I can flaunt the upper portion and arrange my icons on the below black portion. That settings looks dope without any additional KWGT widget or third party icon pack.",4,9,1.0.7,2020-11-19 02:39:21,,
gp:AOqpTOEyWLgkQG2W2hri5WwoOvn_4E5dqx_dnoYiIKNrXRKpc0fOG16w4sIPXwCKibYTzh7CK-cvDUnYPdxg1g,Kei,https://play-lh.googleusercontent.com/a-/AOh14GjYxK-zPhD24nxD9M6kNLg3AwljXeln0nQm8-H3hw,I'd like to see more Amoled themed wallpapers. Great collection!,5,0,1.0.7,2020-11-15 19:48:45,,
gp:AOqpTOGeHNKPYoMGlHBYWtW7uy4gDoxj-qKYFVPeUi67_YqzENfzKOzkCixn1vC-SPaZZ1frFS7MeYMGcSgpIg,Divin Sebastian,https://play-lh.googleusercontent.com/a-/AOh14Gid3zeCQEeX8A-NiH6uo2JWRFwYjrqjEiLesfCc2g,Nice wallpapers..bt making so much struggle to apply a wallpaper,3,0,1.0.7,2020-11-11 08:35:40,,
gp:AOqpTOE2vHXiXFHmpTNLHmiXhJ5iVRCYiYynWq0uIKDOvj_JXqtNO_IIVqO0hK0tOcluUTGw-RLfUuIBXgxDzA,Brett Parker,https://play-lh.googleusercontent.com/a-/AOh14GgmP_tk34tlxm_EwkJ8cZIswSLGQ2G8AVq5RQzQ4w,Very good! Highly recommend! Also does a great job updating the wallpapers. They are the wallpapers I prefer on my phone!,5,4,1.0.7,2020-11-08 08:04:20,Thank you!,2021-01-04 07:03:35
gp:AOqpTOEmZkdmyn6ZDixk-B-5mrX1LrPpJeEgQqlUdLclXZrBnn7XzIaNJhXNXGuJwWc0AIOj8NwdatvE-gE9Uw,Customisation Overloaded,https://play-lh.googleusercontent.com/a-/AOh14GiOyytCHCZaW_pyxKTWP6BXvrphKy4ci32lEPQxVw,Pretty nice Wallpapers... Thanks to developer for making such Walls...,5,0,1.0.7,2020-11-05 21:28:22,,
gp:AOqpTOHk3p0fw69l0KRwZdNCpr0GN0_VWxGajKAQ8nGa5mZUqI8HZ-6EA6Ua6kv6e1-SR4FANojJ3DCI3Sqpbw,Himanshu Mishra,https://play-lh.googleusercontent.com/a-/AOh14Ghzzb69DUK7larTVp2QdpYnl8GoEofDK811fTGg,"One of the best wallpaper apps out there. Great design, smooth and pleasant colors, its a must have for any enthusiast. Also, a inspiration for the ones who wants to learn ☺️",5,0,1.0.7,2020-11-05 00:13:15,,
gp:AOqpTOEK-LV5afHd9WGgy6pNfAoWnjKQTF7XKp95fl0py2f2oSUMesm7ZGY3mQl_IZMajFDuiOS-6BagHKMjYg,mathi sri charan,https://play-lh.googleusercontent.com/-vHhdhrlUWV0/AAAAAAAAAAI/AAAAAAAAAAA/AMZuuckvBRLzFwWLPTJHr9pxH5vdQLqB2w/photo.jpg,Thanks a lot for This developer Nice walls And thanks to bitlit give away (subham saha),5,0,1.0.7,2020-11-04 23:17:46,,
gp:AOqpTOGadG0m7DJf2aDVexNnHGTDT0aa9z-iPaSfK5_B70cdQ0pz3RzM3ZdswG-6NVjdALGpEVmQr8vWUVd4lw,Lajeet Adhikary,https://play-lh.googleusercontent.com/a-/AOh14GiBxOO3ivJZ0ehBQEDxmt09mo_5w5Dl5oEuw8lIBjs,The wallpapers are so minimal and clean. Loved it. Would love to see more wallpapers on a daily basis. Definitely worth it for minimal wallpaper lovers. 😍,5,1,1.0.7,2020-11-02 19:26:38,,
gp:AOqpTOHil9SjJ-frRehN-__Twd0MGPh5fJk4wAhRC8pZxrRXTTtL8v9p5djlMi3AhXkzeFBGGzfCf2GgNqA9dg,Marcin Cieplik,https://play-lh.googleusercontent.com/a-/AOh14GhNMJjVEdr7OhNV2_AjaqTUIhfjhr_mzSHhDZv9ARE,Great app but i cant'download wallpapers,3,1,1.0.7,2020-10-24 09:07:18,,
gp:AOqpTOE99ugkKa95_iIhBMxXHPK2U2gR33z3ik60rTeiBP0ixz0SK7c1sSk9YoXhDTqkoTg2yI040x2dqGr08w,Supriyo Roy,https://play-lh.googleusercontent.com/a-/AOh14GiQpHgfkTA7QOEpD13LHfpi0NqEewowBDnFrBAf0Q,Good app,5,0,1.0.7,2020-10-14 10:43:21,,
gp:AOqpTOHqBJDYmsC9iM8mKq4VCRbljpC_6YQru26hobYQ5OO8y2hcJM4TvnIXE_nNAKD-EETYaqpqnKFloigsOQ,mukhallad salah,https://play-lh.googleusercontent.com/a-/AOh14GjDMJtgzwx_LV7eQJ9HbbzCSQM_UIc5yIm86yniKQ,Thank for these extraordinary wallpapers,5,0,1.0.7,2020-10-04 12:58:52,,
gp:AOqpTOFtSCGFfLlaCCn4Ahpo9b4m_Px-742Kp7m4au1_SslDoeNi7EP3mVV-9gJBnKtPaX1H2QfwNDUCOuGNCw,Kaung Zayar Moe,https://play-lh.googleusercontent.com/a-/AOh14GgMKrvOOy1_JU4Db3O5kHCdFMzcUzJY1Rn3MxRWhA,Set to lock screen is not working on my Xiaomi mi 9t. It is fine for the home screen though.,5,0,1.0.7,2020-09-24 22:38:23,,
gp:AOqpTOEYO6MP_ULl7bjX3kbkeQ4jkxHDpXVTWFl3magws3mzyCV8NtLd4TsPxeaqz-UMl0vDyfHI4ZmdenCBZQ,shabry azard,https://play-lh.googleusercontent.com/a-/AOh14GjCkf0PL8akM_jygheO0yPaebEz_TAjqaG9YPmFSg,Can't apply wallpapers to Lock screen,1,0,1.0.7,2020-09-22 00:15:15,,
gp:AOqpTOHn2gj4rbBQ3Ff3dFiQlmJLfS4ALhBcyLq7_QnNVnrHjPf1EyFve4pKUhey9tLI0zll_hKhnPjU7tt4mQ,Dorian Farrimond,https://play-lh.googleusercontent.com/a-/AOh14GiDa79RnJIoD0RvLl1hR3Qh6vHGWXtF0dyjsngp4g,"Brilliant, and regularly updated",5,0,1.0.7,2020-09-20 04:40:54,Thanks ✌️,2020-09-27 23:30:46
gp:AOqpTOG8oz1sihyPIHknXBdAwDCd4ZV6UZJ77v8D0BJPwqv9bW4PVBEEFvgdI1onimnISxBcje933pqsqDVbWw,Rajendra Bhat,https://play-lh.googleusercontent.com/a-/AOh14Gg82eu95EJ3XoAMKeGJX1M2aI22YT3dX_InEdPpSHk,There are some really nice wallpapers and some dumb too. Many are same image with different colours. But not worth the money.,4,2,1.0.7,2020-09-12 08:47:09,"The application is updated every week, do you really think it is not worth it at only 1.40? thanks",2020-09-27 23:31:56
gp:AOqpTOGsdjh8jlv_KmL8XUmLMEiy24Jgyx9HBws_9RwBmDfTc7XsAj4CDtjxOu3GEeTpqYZZ-vjxUBsaRAKUfA,Nabil Jamal,https://play-lh.googleusercontent.com/a-/AOh14Gge9lrTVFeECSGY6ZdGOByavk9r7d5UR0mJVhz4sQ,So beautiful! Thank you :),5,0,1.0.7,2020-09-07 08:37:15,Thanks ✌️,2020-09-27 23:32:02
gp:AOqpTOHqnzGuwN2mwKxXg-cZZyOsa5x2sfWKOeWj3gKCuJxG10S-Ts5vOXT3_b_yXQWeFyOTlWdlFrp2TPFOVw,Nikhil,https://play-lh.googleusercontent.com/a-/AOh14Ghh1ZVdkMkbvXqfuLZTRhBhS78ex3jp4lEIMj59rg,Truly professional art wallpapers.,5,0,1.0.7,2020-09-06 01:26:03,Thanks ✌️,2020-09-27 23:32:10
gp:AOqpTOGyoITvSc2gFoTxzSoWPTFwSemUav9UtZm8u1PghB2fHxU_RMMMw07MTcHpiPg-p_nerTYblpEHBQxsMg,Chad,https://play-lh.googleusercontent.com/a-/AOh14Gja1kr6i5vLbdEtHDFuM_uQBjI-q2qj5YOpUx8v5Q,Great minimalistic wallpapers wish the had animated wallpapers with stuff like the fire smoke animated,5,0,1.0.7,2020-09-03 04:47:09,,
gp:AOqpTOHLPLG9e9lQuAYpBwfK53pHUp2AWDtD8s1b_jcdaGPeqshN4AuISkVg_9sYzwbTLbv320zHohECBKKccQ,Paris Malaspinas,https://play-lh.googleusercontent.com/a-/AOh14GgNF2ZQkob6UB-cwYlA9it8O1IFjKTeg2CL7IFXqA,Amazing wallpapers with great quality and so many to choose from. I'm surprised it's not popular.,5,0,1.0.7,2020-09-02 11:16:19,Thanks ✌️,2020-09-27 23:32:34
gp:AOqpTOFoFSWpS11c5IRfj2lq71whNPIdQUgcgBDI2laZl7Pgd88QVogsW0bNOfmRJCWx9V4iXxC5cQH8SuVnJw,Rit Rit,https://play-lh.googleusercontent.com/a-/AOh14GjzFXhRrulXOVTI02BRf2kZCTSe-V3OtPUUfuRc9g,"Great wallpapers, but can't download and use with my wallpaper for KLWP. Kinda defeats the purpose of my use, though very pretty!",3,3,1.0.7,2020-08-31 11:18:43,Thanks ✌️,2020-09-27 23:32:48
gp:AOqpTOEfLninhrWXdpTWahsh73SOzZKxyK6_zAXCBQb0V-N4MWxpfeY3l0qvx802JRw7C-H0Dev2qbUhjJdNpQ,Isaiah ii,https://play-lh.googleusercontent.com/a-/AOh14GgT1RKKlNd4FvyiCH_vXTliWajJreTYxkVdKHZlHA,"Absolutely incredible! This is by far the best wallpapers app I've ever used. It doesn't have a huge amount of wallpapers, but I was still able to find 50 that I added to my favourites. Hopefully more continue to be added with future updates. But even if none were I would still give this at 5 stars.",5,3,1.0.7,2020-08-28 21:27:16,Thank you so much!,2020-09-27 23:33:22
gp:AOqpTOHC0Mj-Vwn-HdbLWQaXlWTLQtKmJwvDQS9hDDoQI1tQ2mhqZuo4H_QrpCR6KrQNAMCAkls4Vxrqf5-_gQ,Avinash Hr,https://play-lh.googleusercontent.com/a-/AOh14GiIvvNGadWjzAZ4c7EGbTF0vXHMQ_UAVoKM-xKEQg,Grain category wallpapers aren't loading,2,0,1.0.7,2020-08-26 11:02:27,,
gp:AOqpTOGTgrj53_tBgmSZWBR8y5tQxjU5WlDQIT-5Eq45iJLx9tXD6D0ZciSwXVJ3y3EZ0OojNZEnI1a22QLmIQ,Vijay Mishra,https://play-lh.googleusercontent.com/a-/AOh14GhJPoAsX5mRlKpLjNKXmzsVaiBtd4qcg9MkTWivvA,limited collection.. There are many free options available in store.... Wallpapers did not justify the charge you pay for the app..,1,1,1.0.7,2020-08-17 18:18:49,,
gp:AOqpTOEdV8fJpPJCXLtnq9v5C3MNINJ5YF9r-9EOzYF4C9risw88fTcIlDrdHi5LsCDgYxhvWrKVi6FRY85VyA,Rod Cruz,https://play-lh.googleusercontent.com/a-/AOh14GjsU76r6W3ieQWjauNpSywEsqvf3bkB2xU5mIHpFQ,Just the wallpaper app I've been looking for. Amazing. Please continue adding more 😍,5,0,1.0.7,2020-08-15 09:16:42,Thank you!,2020-09-27 23:33:44
gp:AOqpTOFdwAaR3lAANtjcFsOKWYZvzqQwyEXJu0UUMG-YLmNpMpbwpb2yg-v6SIryeZyNPEmbWWEo22bNTZ9IvQ,Jony Quilon,https://play-lh.googleusercontent.com/a-/AOh14Giv7c7l1k5DJPSxp9xSFbtyXAoX76alFIkABc-B9w,Awesome best wallpaper,5,0,1.0.7,2020-08-15 00:57:44,Thank you so much!,2020-09-27 23:33:55
gp:AOqpTOEn6bWW5VHy_veDekBUSbPloYKpuFwmxQuFjiWsiJAJJpa5y4GCHs7vZmaFOz_ZFydXL2Q4raOdkjlnbQ,Adam Jackson,https://play-lh.googleusercontent.com/a-/AOh14GiaNQJowbQni4oeXVBEgpiWhHktxR3o80EM7YO7lkY,Really good wallpapers,5,0,1.0.7,2020-08-14 06:31:21,Thanks ✌️,2020-09-27 23:34:02
gp:AOqpTOFquLJIJgYWzQUIez-1UJ-33B6atHIgfTxsP5K0dfMZJDBcG8__2z8a7O5QPVSZwJBaQfb8fByCEfsrHg,Chirag Agarwal,https://play-lh.googleusercontent.com/-_KogADAGr-M/AAAAAAAAAAI/AAAAAAAAAAA/AMZuucmRngTI95l3Z3Rxqv5H-0xQ1l3HpA/photo.jpg,Very small and ok ok collection.don't waste your 120 rs for it,1,1,1.0.7,2020-08-13 13:47:17,,
gp:AOqpTOE1lE-Vynd-XMb3b8mI-LcbThy9z7DKx_vf10l77PL7xmGgCzQgLT_Dsftb_iK-vUaDO8Y-smzTkkxBXg,Ryan,https://play-lh.googleusercontent.com/a-/AOh14GjRR_rz_v8Nxdmb4unPxcNRgXgjQ4ULZI6gX6ccog,"Really well designed wallpapers, the flat colours and gradient ones make it easy to see the icons on your screen.",5,0,1.0.7,2020-08-13 10:35:04,,
gp:AOqpTOG4uDq0K1DJzS8Uno1UtCx2Zaq_VBhMRcwGP94jyKqbF-Fu7z2u5bFzOEi836iUijLKsLjrZLPRI8QvFw,Hadi Mukri,https://play-lh.googleusercontent.com/a-/AOh14Ght7ZUp5AsJLBkrBnlGyyjKT_5_vDWNgytnKuVDZR0,The best collection of wallpapers on the playstore.,5,0,1.0.7,2020-08-13 03:23:57,,
gp:AOqpTOEAy462Jv0lM5r6N_G8xjbZcX5HOJ3rozq2Iqzy4CdwgCiTru2ALkdA8LPfntHVF9Zm17ZC1HlXOTcbJQ,Arunan Brabaakaran,https://play-lh.googleusercontent.com/-Wxasp4FQaIU/AAAAAAAAAAI/AAAAAAAAAAA/AMZuuclrorYODQSDtiFTzM3UeM7HT9Q2JQ/photo.jpg,Awesome wallpapers,5,0,1.0.7,2020-08-12 18:08:21,,
gp:AOqpTOF1pb6zt5IP8k6hyYIulLGb8bQqbY8KT4vwCcfFtXbnDrmnaYDJrgHi3CHkvHAigNbQGlo0E9Yu2IP4Lg,Lokesh Chauhan,https://play-lh.googleusercontent.com/a-/AOh14GhUxx-YR_D-WLZTZ6alJ_wXh9rDTg-6cX1hp52-qw,Amazing collection of wallpapers and all are categorised. Go and get it guy's 🙂,5,0,1.0.7,2020-08-12 03:41:28,,
gp:AOqpTOGG3aH22C_UPnm_IbMlpIdKNDV2Aw8-OnbPNxpJThhrvlhvGAiGDTy21d1Wq7pBOnouy4VTKW7bmkEAQg,Ruzain Irfan,https://play-lh.googleusercontent.com/a-/AOh14Ggo3JG_m0LJhU0CfHbc_q8CrgzSngG9zHXXcVo1,Beautiful wallpapers.,5,0,1.0.7,2020-08-12 03:19:02,,
gp:AOqpTOGYCc9BMYxsu0FtKl4ZTCdfKUdxExvJwWxkhJj2Hj49bI0YXyF_mohrlPPRK_iOhkNKEEWNZZpVyUIA0w,Ameya Kasare,https://play-lh.googleusercontent.com/a-/AOh14GirZDV0E2aI1bFkBQMwt3f-lfqZG1DMmpT8SlIAgHc,"Best wallpaper app I've ever used, hands down. I had a request for a wallpaper btw. Could it be possible for you to make something like that?",5,0,1.0.7,2020-08-09 00:43:26,,
gp:AOqpTOFkxQDhaYCMdRr2TrE-TYAQzGB_s4H4zETlM371IjjvDtT4pzqMgDtIYK_XyuX4Zs9jdwRQG6QhtnDrEw,Alan Ramirez,https://play-lh.googleusercontent.com/a-/AOh14GhD2uZbRZqUrNjTdVioRmBvUc5FImsiKIzSUx4TtA,The wallpapers are beautiful and the app is simple and easy to use. Easily worth $1.49,5,0,1.0.7,2020-08-08 14:16:18,,
gp:AOqpTOFgEk2pzDmBSymF3ArobIqLmCsUze0yncLhsI4zGJOFtyqnD9LbIL-4Cdwi5NF9g9BLQiMxtsE7l8UZyQ,Siddhant Bhatnagar,https://play-lh.googleusercontent.com/a-/AOh14GjjreF4CYapzTvtSPm5JM3nljxfMp1QHhYbwU1qfn0,"To anyone in doubt, go ahead. This app has all the wallpapers I could use for the next 10 lifetimes. It's a minimalist's and abstract wallpaper user's dream. New wallpapers have been added twice since I bought the app, and they've only gotten better. Almost every wallpaper goes well with my home screen setup. I can't see an option to download these wallpapers locally, which is a small complaint. I would recommend Moxy, Sliced and Candycons Icons(in combination) with these wallpapers.",5,18,1.0.7,2020-08-06 23:38:46,,
gp:AOqpTOFolWqANDV1OA1hov0XU2W4vsXXi1ebxVJ5g6lK8JgAT7xG7ykqdaEaQYHOhIJPXGYqE-rfboIUH1UTVQ,Moisés Sevilla,https://play-lh.googleusercontent.com/a-/AOh14GjdLBCcgh37a9FKmxxeBPNOsyM8KwV9A-6jiLacFA,Download option gone.,1,1,1.0.7,2020-08-05 18:42:09,,
gp:AOqpTOG3GkLI53wNDTnPQwx6St3HBukjUrMMLyTbmvq9FZS9Uf3M_xGWq0XnijAFdZ2t6YNmhYSrKxAQFSwodQ,Sandeep Babbar,https://play-lh.googleusercontent.com/a-/AOh14GjIJeqrTcSylHMXvlYy0lj3d53LPsMpxgq_sEA,Very soothing wallpapers. If it had option for automatically changing wallpaper every few minutes it would have been great.,4,0,1.0.7,2020-07-31 22:31:34,,
gp:AOqpTOH1JpV5xengw-2EQRpV3KI0pRDkhVUJnxh2lGp3maCNHi49dS6fQrdTv6CuYGwNgZfy3slZuEcVFWYOEQ,Abhishek CV,https://play-lh.googleusercontent.com/a-/AOh14GjNgBlSWvuEdZttRhZ6LOlX9NSbBBH2X3wNFN772A,"Great wallpapers, but need more.",4,0,1.0.7,2020-07-21 12:44:23,,
gp:AOqpTOGTuFYLqThNd530EYgOSEP2cCZKAOV-JKy5icfmaFE0eR4QmXiodW5bv6Kbc8nf0K9aB5FPq-KCNnAjkw,Maurice Koree,https://play-lh.googleusercontent.com/a-/AOh14GhA9RlrjmYPLc8ZBsh1M-Qcd_8X8QHhrIIKIetv2RI,Nice app with lots of beautiful wallpapers. Certainly worth the money.,5,0,1.0.7,2020-07-21 00:19:17,,
gp:AOqpTOGCNGTlOZtfh7xgk87ebXvjg1jiX6LdTz2WCItniF6STOqGWScQYYzdg5unWTj05lKYFXFc92rKDPmblg,Pranay Shree,https://play-lh.googleusercontent.com/a-/AOh14GhWKr0-DXAG1EP_C_eF51778kyqrOY-K4B-IK9-8g,Please add more Fan Art Wallpaper specially Iron Man and Captain America.,5,0,1.0.7,2020-07-19 21:18:35,,
gp:AOqpTOGUp35MK1Lgtxgp5rcqWfzZLr3wViAB3Ech_bhjrpWzy19FJHj0LLHFtpXbLTLpaZBWtg3DVrIARLc9OQ,Gourab Dastidar,https://play-lh.googleusercontent.com/a-/AOh14GiaY2BdQWsEHQEfkED0gyNZuffRgu-kriOlZPcPtog,One of the best wallpaper app . Much appreciated guys !,5,0,1.0.7,2020-07-14 19:50:01,,
gp:AOqpTOHxdpskxLpkgNjkEObKMZIsXKksNr5ebzBShWdRDGjerwmetUph7pI_DxDE4QVgtN2-iTbY24MqPGdlog,ইমন মিত্র,https://play-lh.googleusercontent.com/a-/AOh14GhSw3G05gpHoeIo5rNBHEy1DXPF1mrSb_czjWp3Cg,Worst app..showing no wallpaper error even on a 100 mbps wifi connection,1,1,1.0.7,2020-07-13 01:02:08,,
gp:AOqpTOFTtJZfVbyivYrXtM-TsFSS77-FOVW-5QLPvD6oL68O6mBv8HIwU94S37Xy7hmKG_tg-t2FudzgJ83jAA,Sohail Raheman,https://play-lh.googleusercontent.com/a-/AOh14Gh6N7HwQfKK78POanYpkUng5_MqHkMEMvuzz5vNDaA,"Well, It is the one of the best vector based wallpaper out there. Ever wall is handcrafted and unique. Must try😉.",5,1,1.0.7,2020-07-10 19:29:10,,
gp:AOqpTOH-TU9CiKWgQSeIjjh61y-ekMALg97750QfxdgnPOs7ONVgKVClmYHaUdGgDDhldgRkDkl8W-mB8nZdUQ,Bir Arvinder Singh,https://play-lh.googleusercontent.com/a-/AOh14GgT4TAY09_p5LJ-HrCswy_3tRRzCTs5H21eJOhN-UI,"This is my favourite app for wallpaper. I won this app in a Giveaway from WallRod Developer. Do follow him on Twitter to participate. If you want to support him, do buy this app :)",5,0,1.0.7,2020-07-10 08:51:41,,
gp:AOqpTOGqf6ZnT1cGzGTbqYS86BQxlCJebUTpOsZ1_n74qLTRG32QrlAwPBdTKb8BB2J7toB4VsTUvUIbh_t9BA,aditya Mali,https://play-lh.googleusercontent.com/a-/AOh14Gjqub5ZcDd4CT0z1KRjrb2n0wr13Krh661sPeCO-w,This one star is for wallpaper(nice wallpaper) You took our money and I can't even download wallpaper or apply on my lock screen. This app trash don't download this.FIX THIS ASAP,1,5,1.0.7,2020-07-05 01:40:25,,
gp:AOqpTOFpj-I21WDo8SPzaOxYEnOdxMlo57eEqwf1KvUFdFrSyx8KO8A3z0RCtTHmwPtj9kBVgEdicvnYnG_A2A,Ken Hodel,https://play-lh.googleusercontent.com/-EhJXKEPOi-E/AAAAAAAAAAI/AAAAAAAAAAA/AMZuucl2shWuh4QvMU1q5uhT00z7mPUJcw/photo.jpg,"Love the wallpapers, couldn't find any quality vector wallpapers until I found this app. There doesn't appear to be a way to download the wallpapers even though there is a download location. It would be nice to be able to download them.",3,6,1.0.5,2020-07-01 18:19:56,,
gp:AOqpTOHcol9L_v9P0k7oDEWYboLit6IqhAB-VSkkYLBoy4WZK5C1GoZCm0_Xpko2vh1bBbLe_g7__mOk9xlbrw,Gary Darbyshire,https://play-lh.googleusercontent.com/a-/AOh14GgiHsmDmRr9f3orOlWbR2mQsWItM2F_YBcmwdO8_WI,Edit: I've updated my review. 5 stars again! This my go to wallpaper app. Simply brilliant. Loving these wallpapers. I've found a few of this type in other apps but finding an app that is 100% this type is brilliant. Also loving the regular updates.,5,0,1.0.5,2020-06-30 09:08:22,Thank you so much!,2020-04-28 09:12:48
gp:AOqpTOHKH27EprRIZLcZJn0nbRyC_jsSZnSf0L7DSc0_gOq1GG7dV_iqdCQTb-QVBHLk-FeoyITLL_ipbhus0g,Eliav Elbaz,https://play-lh.googleusercontent.com/a-/AOh14GjV-9iwLMC1YxHRWS9o0KiwNP5UaQ3qROdFIJdrgg,"great walls ,too bad we cant save them",4,0,1.0.5,2020-06-30 01:38:32,,
gp:AOqpTOEHTzq1WnCOBS9hRX8FrzdgvXLzQIjOoNC5OJVzl0O2VMup1GHSznsmnDCvF4vMRL87ajU41leMAH8SlA,varun dixit,https://play-lh.googleusercontent.com/a-/AOh14GjP261KBcCOYhU3pmn_zTOlzC6XrHMWt6NTLmIJyQ,Amazing collection wallpaper app. Awesome work . But I can't download wallpaper. Please add download button next update.,4,1,1.0.5,2020-06-29 17:12:52,Thank you,2021-01-04 06:59:09
gp:AOqpTOGa--vw1m-ESRhwpUt9d5--aVb_p0pK4dRbQ2-Q5N9KkuAxQgSItVNVv9ZmwZuRZNwvE0s1xPdSu0jEiQ,Rabee Kayssi,https://play-lh.googleusercontent.com/a-/AOh14Gg5UaiGLSCoer5pQ4yUG7AKAjthDwypPt3co5N33RE,"Very few new wallpapers, not worth it",3,1,1.0.5,2020-06-28 06:30:44,,
gp:AOqpTOGBl4blIXuOdAxVjMl8ciGzLEnU7lwNDDLkEX4skXl70TD3_nGPbFlsi1ySowMA8k9VSJr_OPsxGvDcAA,P.V.A Destiny,https://play-lh.googleusercontent.com/a-/AOh14Ghdw5SHG3KDi-jihdeH0O8HfsZQw5cLt0HNmViA,the wallpaper are beatiful but it says something went wrong when i try to apply the wallpapers and i cant download the wallpapers despite there being a download location,3,2,1.0.5,2020-06-26 16:19:46,,
gp:AOqpTOHiDceR7-9Vzd2Z79J_NY5AfXRCiv9e06e1zbFJ76VEHYTFwrcJbGuKMhOjlyfjE9cho5eWptN1OCjHJQ,43 PRIYADARSHAN T,https://play-lh.googleusercontent.com/a-/AOh14GjSkTjabDDc4vBFkuAv4eX4_J1DZo_hkGL8uLe6IQ,Not worth for 120 INR,2,2,,2020-06-26 11:37:48,,
gp:AOqpTOEXqrWM-ZTOucpWOI6A5Lsc-qVoP1xzI2tP_Vj9UjXb7a9U1jfo3EL9V-KDGEJkGVkVdjjnIYA3c3r9Hw,Rakesh Das,https://play-lh.googleusercontent.com/a-/AOh14GhWqFPr4dPcQTaiB__d9NoNgwW5tPX63Uv540RndQ,I would have given 5 star but there is no download option so how can we use when we are offline that's a issue otherwise I bought this app this is a nice wallpaper app,4,0,,2020-06-26 06:54:08,,
gp:AOqpTOFQkoQilxX6k4rvn4A0XceXYL0x1ZlbQ-uvwdDnfSdlkRa0hJyIVVgkkSpADIOsxKvVVAFwZlrVsxundw,Ly Lo,https://play-lh.googleusercontent.com/a-/AOh14Gin3VLd7DALVM3CbRqcJHDyOGZqzSkcCccFJD82-A,Just bought the app and realized the wallpaper doesn't apply on lock screen. I have a xiaomi phone. I really hope this will get fixed soon. Thanks.,1,2,1.0.5,2020-06-21 14:17:49,,
gp:AOqpTOH5OVkwv5OmWaH3I2vFBg2bofn1iUQvtcGE9oGMlhomG5XNNN6bYgBEnWnQ0UvWgypplZZXknWajIbN3A,Jisvin Jibi,https://play-lh.googleusercontent.com/a-/AOh14GiE9_-gN0nUjr_Tt-dOFFWTLAB4jgzhYStCDYUidw,Awesome wallpapers but no option to download it.,4,1,1.0.5,2020-06-19 22:16:14,,
gp:AOqpTOEPJVqMHKzCOtD23vWI0htUWbnl8oQAMylF7xndNQCSNsPaRbrUPMCWbP4F_WB1E5bO_vTlz-txFAnZOA,Saiful Islam,https://play-lh.googleusercontent.com/-9vVtxPSvU_E/AAAAAAAAAAI/AAAAAAAAAAA/AMZuucnFNaxTZJ89PgtkvXEOE3zd1So_WA/photo.jpg,Great wallpapers that seem to be designed for a mobile phones. Colours pop based on the phone you use it on. Regular updates too which is well worth it for the purchase.,5,3,1.0.5,2020-06-17 17:05:14,,
gp:AOqpTOEyjXKGUv7C_2tSVlbAzGvFYXGBaytxgFZ3wsnKlCVdIc6fF35tP8bOERfiJd7U18CuwldGfOaX0zRu7g,Emroze K,https://play-lh.googleusercontent.com/a-/AOh14GiVDwBVRICKqbYjoB5xJJy48wZO1pJ40I_8vTWc3Q,"Congrats! For more than 1o years, never spent a dime on any Google apps/games. But this one was well spent. A place where I can get lovely walls. Thank you.",5,0,1.0.5,2020-06-14 09:13:31,Thank you!,2021-01-04 06:59:37
gp:AOqpTOFQKTbDm8UA0Ep6CAIq0wKbKtD_tO6XvgwBw9WJQ8TaFON2KE6tM0_U9RjZWV75HIgf_oMo0USjmeVsgw,Wriddhi Pratim Saha,https://play-lh.googleusercontent.com/a-/AOh14GgQlNlVZwUwM4kLGx1XZ1xnviOgCGhT5SX-CtvD8Q,I love this. You are amazing.,5,2,1.0.5,2020-06-14 08:18:29,,
gp:AOqpTOER5LUPODV4BvdNiAyUQ9KFbRCOBGcZMGPnDeD9K4GAELCAR69ID9gtudljzW9WaUDZt2tJD3yBTVYPVg,Isabela Fonseca,https://play-lh.googleusercontent.com/a-/AOh14GgKFbNP6PRZ11OueqkdXlf19NofkUp7bgX5wq-ZyQ,Impecável. Wallpapers incríveis e de excelente qualidade.,5,0,1.0.5,2020-06-14 07:36:32,,
gp:AOqpTOGpZ0MAXcuZnqunpXEDJsNx2QIkRvzRLrUPV6vfaptAL0TOVdWmLNZjeACYT4nx2Rq-D8metb-sscpL1A,Sathish Kannan,https://play-lh.googleusercontent.com/a-/AOh14GjRKUU6L9nlng7S_piqK89ZbZWPDPJ93RmLpADm3rA,"Very good app, thanks for the constant update of wallpapers",5,0,1.0.5,2020-06-13 06:28:51,,
gp:AOqpTOHQMANkXByUrnh8dVVY1eTtVIHn-USjx_xbh16YCd7hscTokfDJYoW6I7RuxOYpyUytsXhXMe0CJC-fRw,Sim Mallari,https://play-lh.googleusercontent.com/-d2Xb_Cmhv3c/AAAAAAAAAAI/AAAAAAAAAUg/AMZuucl0w59Faqor789f13OVsrSpTF9j9g/photo.jpg,Devs is keeping their promise to update the application twice a week,5,0,1.0.5,2020-06-12 18:08:46,"The application is updated twice a week, and will have updates for a minimum of one year.",2020-05-31 19:53:45
gp:AOqpTOFQ-Cdxua31WuwxmgVyI6XbeAnnsVOtS2SCpIF1kYJwMcyva9j8WFCLZXmjBwAk3Qq_XdiEjfqJwFdiBA,Ha Nguyen,https://play-lh.googleusercontent.com/a-/AOh14GjpxypSJNohfu59WKM07zByA3vrCykaWS5PrjfMTA,What happened to the download option?,2,1,1.0.5,2020-06-11 13:28:57,,
gp:AOqpTOHij_UC7i3QDbRJmDuERuRQpY7FSaG1LhB2EFhQCMTv2D3ZUJdAZHXtNFkSXIanoXAGvY57MGM9MUqNKA,James Bennett,https://play-lh.googleusercontent.com/a-/AOh14GgQfIRjOw_ge9Za2az5GAPo2Da0J53e60gbXVDXGw,These look amazing. :),5,0,1.0.5,2020-06-10 15:12:55,,
gp:AOqpTOHVXTsVOiCGKN0xENJlVGm713CIKwWy03OMsvbMe64BiXifMhCIoHiDyxRBnJ2ifdBs0Jqyb04FrsXdyQ,Vipul Gupta,https://play-lh.googleusercontent.com/-h_mhONQi3rE/AAAAAAAAAAI/AAAAAAAAAAA/AMZuucmEP9pWLLlvOkPWel5zejrzyBpUEA/photo.jpg,"The app is great, it was my fault that the app was not working earlier as i was using a firewall and did not create an exception for this. Anyhow, would request the developer to add more light backgrounds which are scarce right now, to increase the visibility of the icons.",4,4,1.0.5,2020-06-07 21:26:43,,
gp:AOqpTOF-QL8oIgXwRydFK3BKF2GruYqXIFBZA8eiJ-FP1FcojB_u9fMI2vrl74iTVVA_IiLcZnT3y3zbfmOHgw,Teman Bradley,https://play-lh.googleusercontent.com/a-/AOh14GgGYcLMHNgm_dQ-d8AFkmtd5nUkKdN0yRFaRdbUZA,"I love this wallpaper app! It's perfect if you like this specific aesthetic of the firewatch style wallpapers, and the navigation and ease of use is excellent! They seem to add a new set of wallpapers every few days and they all look fantastic! Thanks so much to the team who made this app, it is truly excellent!",5,11,1.0.5,2020-06-06 07:50:48,,
gp:AOqpTOGzS9rvgBitgrilgjlQaP1chSUD8JxcFaTi8bwSVfIYonikiYe1oJG3ZDDGjWY30Mx_pak1w4g12k2WOw,sachin bansod,https://play-lh.googleusercontent.com/a-/AOh14GhY6E1jVRqKHNph2sVAE6hqx0eJXdG9KzEI6sKXQlQ,Waste of money,1,1,1.0.4,2020-06-06 06:29:36,,
gp:AOqpTOF1pRXDsBfnaPg28IjWBq2lDEpqeBrRn420sX9zFP88f7nzUxQJiouJ4eOlcjKgp8XIPbmqnnU9LyfVaA,_ Tasmo,https://play-lh.googleusercontent.com/a-/AOh14Gii4AY3iEsnqL7tlUK0SPVrlHimpB2EIv-xcmblng,There is a setting for a download location but downloads are not available. The wallpapers itself are unique and beautiful.,3,1,1.0.5,2020-06-06 04:33:13,,
gp:AOqpTOHd-Q56IQzFcBGLDrq4SEqp2n9BzYD5JViToUoR-VvUTGsWElBU1W_Fikod_A5jt-lC0CrRDMAhYdxphQ,Technoholic,https://play-lh.googleusercontent.com/a-/AOh14GhAr1Bj1L9EdjL7Hawe1M_TpYhxA3wU-WYNzKCKIw,Best wallpaper app I've used!,5,0,,2020-06-06 03:41:21,,
gp:AOqpTOHGTd8v22KnFkeUrNbX9YCsQncmhTNqMmCCVmHj_tYpeHVrBmSQfYPt2CZtQlplsxQLQARX-8OX_11SCg,Mohammed Shahebaz Ali,https://play-lh.googleusercontent.com/a-/AOh14GgHigS_Pkxxi5PlD7iLWIoOlwqndkbIgbpuAvBUog,Great.,5,0,1.0.4,2020-06-05 23:22:58,,
gp:AOqpTOFu_tkMeBSLZgNPjt8Kmpi8cP24evVsmtAmU7jgyaCKCMlnaEB8wPpye7b1xlFRK6gzpOc37cvcILydKQ,Tyler Trosclair,https://play-lh.googleusercontent.com/-JkmwTwWYnU4/AAAAAAAAAAI/AAAAAAAAAAA/AMZuucmTp-sZwL42Gk-H3v3eNyggCxgOmA/photo.jpg,By far the best wallpaper app on the play store. No comparison. This is high quality work!!,5,0,1.0.4,2020-06-03 23:18:30,,
gp:AOqpTOGwXzzE2gbRNoieO6XGqH1mGBhPb4Aqdh7YGLLOBkqCCBRcvCHDkY5c5NHrpdbUyd2Ouu887VgmzZLuPA,Sasidhar Kareti,https://play-lh.googleusercontent.com/a-/AOh14Gjtmag_CPPeNFvzPsbvWjUCacickSn9WgtbkmvSb8c,Don't waste your money buying this app for just couple of wallpapers.,1,2,1.0.4,2020-06-02 18:21:41,,
gp:AOqpTOFt3yleYKYNX6a54aZF9X1gK10-uhxkWS-SDBVME5qrvQmWPaQwlRYP6CTTCe2oWfwLv1x2i4wPeNFMUA,Tanumoy Sarkar,https://play-lh.googleusercontent.com/a-/AOh14GgaCjqZaJ-nR1AensheaDIsYF23bLeMzsNioFfVFg,Fantastico,5,0,1.0.4,2020-05-31 20:05:47,Thanks,2020-05-31 19:51:04
gp:AOqpTOEhszqAS4wV_UmiDxi1IeYKeL9oy4ui_Jfp42IqTAotxUBvE6UXNi6O5pbiQAVVlsvElg03Jvjnf6y3Xg,Val Do,https://play-lh.googleusercontent.com/a-/AOh14GjpK6p4_SCCluKcl8FNMJJU3yp1pRiV1NUfZLvvoHg,"Thank you, this app is really good honestly ♥️",5,0,1.0.4,2020-05-30 10:18:01,Thanks!,2020-05-31 19:49:54
gp:AOqpTOEsI4vqix4AEc_JyE2XIq2G3R6pQ3ic4EmQD6dpxtUH_GtNaAGkPOOAFGipjjldWLnCq4p4bcUGTLA-fg,Sathish Kumar,https://play-lh.googleusercontent.com/a-/AOh14GhJ9-xUPkpxyAZDD96LyhPsu-mmHPzI_a0ynrobhA,Not worthy for the amount,1,2,1.0.4,2020-05-29 17:49:37,"The application is updated twice a week, and will have updates for a minimum of one year.",2020-05-31 19:50:40
gp:AOqpTOEXVnX7yGXK_L_xmrQTc8eK73Jwr5f-2R8pP32gxeBHdvgb-5g1xhsX-4VaXR2dtCVN5gvv4LaR8bddnA,Onkar Chavan,https://play-lh.googleusercontent.com/-q5HyCvqtPf4/AAAAAAAAAAI/AAAAAAAAHSw/AMZuuck6JA4i_IpuoCPogHfEAfPBXCO-6A/photo.jpg,"As a paid app, you should upload wallpapers daily.",3,0,1.0.4,2020-05-28 11:53:10,,
gp:AOqpTOHfk0e9HJ0h78nMqQR93Q9VKQO_ZkDttnI0rBIMjPlbOOGV7oUCEzbIQiRxOpJAbdptr984AhygBtTE5w,Vocanime Productions,https://play-lh.googleusercontent.com/a-/AOh14GjTLaZ71eVNKfOqjFEX1WN18RkHXVJI6RQ6i6MnY5Y,"I rarely spend money on wallpaper apps but this one is beautiful. However, recently the wallpaper is bad quality/pixelated when it is set, and also is incapable of scrolling anymore. Please fix soon!!! The older wallpapers are great, the problem started after you added Amoled Mountain and so on. I feel bad for lowering the rating and I will raise it when this problem is fixed. Thank you!",2,10,1.0.4,2020-05-28 09:39:20,Thanks! I will consider your request.,2020-04-28 09:08:56
gp:AOqpTOEVcVCrA8M8-gVpXWzjuW4OSIaRCoSS8E7Np5bMC6vPcFf5yYZK_BXFyuyHa4w225MqGRCYq2hEAJm9gg,Kaustavmoni Saikia,https://play-lh.googleusercontent.com/a-/AOh14GgkFaQeMTZ2yv1vsq8AiPaMJtqsQqlf-LWf43JBcw,awesome,5,0,1.0.4,2020-05-28 04:28:44,Thanks!,2020-05-31 19:50:57
gp:AOqpTOEk-FtVYmFk20E9cus_VznEAnnpSONON-_NPgYPujC9BOlBjTFOvTu8UdzhNBsBKeaZtRTahQrmgpQN9g,Harsh Bhatt,https://play-lh.googleusercontent.com/a-/AOh14GjsUZAtauoeNfE3qBuvSYaWQdv87x7tXpF2qKbrnQ,Your wallpaper app is truly amazing and features to restrict download is an good effort but I will like to say that I like to change my wallpaper say 12 hours depending on theme such as your forest sunset day and forest sunset night (your wallpapers) you should add that option such as change wallpaper 12 hours..overall it's an very smooth app.,5,1,1.0.4,2020-05-27 06:14:07,,
gp:AOqpTOEeRdq5WzPKVAc0HtSiirJ6i8oXs9NBUUFzx3uZqhgaWRVIOVxhYmjWiMRLqAxgSq_DR9fzDetsIuax5w,James,https://play-lh.googleusercontent.com/a-/AOh14GiB9yM3x8AVK411GM-dMWR5k9o-c1Dh_Fh-4XAR,"The wallpaper are soooooo beautiful! I totally recommend it! Worth every penny! EDIT: It is kinda annoying that I always have to enable WiFi so the app can download the wallpaper again. Also I can not select my gallery as an external app to apply the wallpaper as my homescreen. I understand that the download option was removed to make it more difficult for people to share the wallpapers on social media for free, but could there be a way to keep them downloaded protected by the app?",3,5,1.0.4,2020-05-26 07:23:01,,
gp:AOqpTOH2cIVZ5WL5JaWde7UyMRx6Dmf_uwyFFkVrDvb_o_1BUUSty9CAJh3hnHCQsrB_4_0MMk7-D_tyifJ7_Q,Murali PanneerSelvam,https://play-lh.googleusercontent.com/a-/AOh14GhIKPOYWYjfYqhtPJUuTHnQkSz2rINQaSjU1wh4cA,Updates are slow,3,0,1.0.4,2020-05-26 05:38:23,The application is updated twice a week.,2020-05-31 19:51:40
gp:AOqpTOEOJgtMCAv3n46tuxl4EumY-x0M28_lLgn1wirsrBfdZzn8GOJDNlNas5I18W9M_tedhR5Pma4JslPugA,Ron Josiah,https://play-lh.googleusercontent.com/a-/AOh14GhCI9WHD7QBmdTWP0SENxPXk7QqHCr01mw938AwZw,"Wow, so glad a YouTuber recommended this on his channel. These wallpapers are amazing!",5,0,1.0.4,2020-05-23 21:10:55,,
gp:AOqpTOEKnWKjSyATcq-JY8J1gRUgnoMS5dNmHZCIfUpEE5GrhU8UulFaLIIwu_UCQlA2XY4UTLUXplU_QRjcAA,Ronnie Ruff,https://play-lh.googleusercontent.com/a-/AOh14Gg7L45YLtlbFi8oEJDGAFjAhnRRuqcuMbMpXqbL3dc,Great wallpapers. I bought the app now I can't download them to save data when applying. I want a refund,1,3,1.0.4,2020-05-21 09:30:17,,
gp:AOqpTOF2JOn7Qx6msN9yABUhScgaqGpyZwOzOiLffw-_BRNE_P5cTrV1Eb0VGWD9LYCCOeE8kclL8zLukeejMQ,Sarmed Ameen,https://play-lh.googleusercontent.com/a-/AOh14GigZVpd0WXhINbY6yDCSxerKlM4sAKs1I3UPwOplA,Why I can't download the wallpapers anymore?,1,3,1.0.4,2020-05-17 17:33:37,I hace eliminated the download option since people shared my walls for free in different apps like telegram or reddit.,2020-05-31 19:53:36
gp:AOqpTOFFGNSQNGHtqB-QuY4eHCAs1RdUs0-MwrgmsjCJTbu9Of0X0j0HDrYUZL0C2RHAnoPvNJe7FbD_Ra261A,Jero Batinga,https://play-lh.googleusercontent.com/a-/AOh14GjE6WMJ21fvbrUNrOaZ7_13LLGi9fm3PvFtlMFs,"I bought this app here on Google and now it's telling me "" You shall not pass!"" because my license is invalid and probably using pirated app. I'm not sure what's going on. 🤷😞",3,1,1.0.4,2020-05-16 03:55:56,,
gp:AOqpTOFc2tmmlPhHs83SSjhIgstScXTJms-PzLvQ1u3s8Du15nLR-bQJv37NvLwHVvqNqWy2WMw_dYjD8yRx1A,Damion Browne,https://play-lh.googleusercontent.com/a-/AOh14GjTCn122VBWgiEd4UGbEQSyZ_pwBrZYUWYJt76ya9A,"I'm a wallpaper monger and this has instantly become my favourite application for wallpapers. The collection of wallpapers are stunning, high quality and extremely unique. New additions every week feel like Christmas. Love this app and highly recommend it.",5,2,1.0.4,2020-05-11 21:36:08,,
gp:AOqpTOHRvBcd_HMqt2VppHvVWu962e2-QR9LmC5y7mLDw1jdm2x2FEpSih3E6rPp5JFLkS-otefTQNPfSy_xww,Allan L.,https://play-lh.googleusercontent.com/-ZK9Jm9y3M9Q/AAAAAAAAAAI/AAAAAAAAAAA/AMZuucn7UrCGB76AkvZTzEQW3FOwggNEKg/photo.jpg,The wallpapers are gorgeous. Is there any chance we can get a shuffle feature of our favorites? I'm trying to set it up to shuffle each day but I'm having difficulty setting it up. Thanks!,5,0,1.0.4,2020-05-11 16:42:44,,
gp:AOqpTOExUlYFcATu3setSLm0-Ex1FioazCPADop1wfjErs1j4KxJn9g_xqFpzKxgKQAfR1mLFMsQSB9mgrMbHg,Mohamed Magdi,https://play-lh.googleusercontent.com/-y7fyNRR7P4I/AAAAAAAAAAI/AAAAAAAAAAA/AMZuucl1X2h7IzJQD8779VpyWMqMpvPpbA/photo.jpg,"Nice pictures and high quality looks amazing, and i would like to see more amoled photos.",5,0,1.0.4,2020-05-11 14:07:06,,
gp:AOqpTOFflXyhfq-1kiy6FyOftNu01OZUPcJAftD4ATyQgoyb2Bxhwqg7g6ekKiiQVQSx1xH8S5X6feGfM5PPGQ,nicusor domilescu,https://play-lh.googleusercontent.com/a-/AOh14Ghd0aZb7Jsy0dRBZ_flMzmkv8mh4sF88Ekwhqj_,Well the colors are very good and simple.,4,0,1.0.4,2020-05-11 12:20:40,,
gp:AOqpTOHWwR5J3_lEIYMC90V9s2mHAtNwuuO83i9amjF6nAO4C6XXj1iaDZJMiCHgi1PZ4Gf1gxAJrXKk9zpPfA,NIMESH SACHAN,https://play-lh.googleusercontent.com/-6hYKGgUMQkM/AAAAAAAAAAI/AAAAAAAAAAA/AMZuucmfxhviBb4T3A0oH1jQEJ854bd-8w/photo.jpg,I am still unavailable to set wallpaper on the lockscreen. It only sets on homescreen but not on lockscreen. I have poco x2 initially I am able to download the wallpaper and then set the wallpaper on lockscreen but not from the new updates.,3,2,1.0.2,2020-05-11 00:19:22,,
gp:AOqpTOGM5Ui-XHa_9p4ju5TWI7-7x0MpbY-k6qXD2V4_4kABSGpJknc8gnyj_JHkX4Wa_kx1BugCioMKuIJ8ww,Ari H,https://play-lh.googleusercontent.com/a-/AOh14GhGc792MXWuZVkQNDVNEz7iyzdH0bGno9GVV00Nwg,Awesome wallpapers 👍,5,0,1.0.3,2020-05-10 08:55:37,,
gp:AOqpTOHkwkNf-UieJTf-mFdrilNJ5sC_oryoXl394M9KJYHU_QT4HPgARctASH7HeAcZ1nF8zVHwbFvI4y2NhQ,richard dishman,https://play-lh.googleusercontent.com/-3d5GSEGwkAA/AAAAAAAAAAI/AAAAAAAAAAA/AMZuucmLfXsqbyLU58aOeTFAyeTrnnxdjw/photo.jpg,"Really nice walls, I only wish that the walls would move when scrolling.",4,1,1.0.3,2020-05-10 07:38:48,,
gp:AOqpTOGcWzfv5L8S9-v05QK_ny6pfYU0EtfDu14ued4burZETMYU2tJDaSm49NKtD8hvnk1MKXwM-R_T2BqIkA,Gaurav Seth,https://play-lh.googleusercontent.com/a-/AOh14GhLTPjGHg21CZ6Q4jq7UikjXSFqkNbcj6LeYmLeXrg,Awesome. A must buy.,5,0,,2020-05-09 20:51:33,,
gp:AOqpTOF-PosNNbVROh2I6-ol54sJEwBR1iUsffqI_jtc37ZP7vS8Mi3FYb4OQ4KEsaTvp3rJOjF_n2rEc8LeCA,malek mohsheen,https://play-lh.googleusercontent.com/a-/AOh14GiJK_jcoqeG8Q4XfAoOtKToynXpZSLI2Si5Utsawg,Loved it! Amazing wallpapers. You won't find this wallpapers anywhere else. Please keep it coming :),5,0,1.0.2,2020-05-08 00:28:46,,
gp:AOqpTOGk_EA-XOEam-hk-CnwD49i8JqlsiswwRQKbefdl8OiNitGtzDzodzO6SLaaaqDQd_iQvlZ0qQpeIlsOQ,Jon Tan,https://play-lh.googleusercontent.com/-MPJTd_8SZMQ/AAAAAAAAAAI/AAAAAAAAAAA/AMZuucnWt31ojgormer9ueH8vVvpfKW2FA/photo.jpg,fantastic wallpapers.,5,0,1.0.2,2020-05-08 00:23:29,,
gp:AOqpTOFcCziOua_WV_s7yZs15ltrp9K70jTvsv5s-98xBsPBf5ntGeYe7qDYWllz6v0gqqUhnEDoYr94n5BE8w,Frank Badali,https://play-lh.googleusercontent.com/-dNVkomcbGgQ/AAAAAAAAAAI/AAAAAAAAAAA/AMZuuckwHTvg_NjXN9YpoLAmrkL_1e-zJg/photo.jpg,Junk,1,0,1.0.2,2020-05-07 20:56:21,,
gp:AOqpTOHvAGpW1mtGw5h-3AouRmpJJyJwzV8l7kWMxEjchbaYM-E7EL87gGIbbXeFxZVgre3MnEuW__K7sNttJA,Tanmoy Talukdar,https://play-lh.googleusercontent.com/a-/AOh14Gj5ZDF11vVGMPj1sxzTRI93St3I_j9HcHBVoH3wy50,"Extremely buggy on Samsung Galaxy A70. ""An unexpected error occurred"" pops up 95% of the time",1,2,1.0.2,2020-05-07 12:29:34,,
gp:AOqpTOHLpknJbhdeG4tp5gIbaG3qmaqzFCkNO6XtIVJi5zo-3c6Hosfm_qQOgVTmFu1nm_G4Ui_AnK1Zu1aJNg,ಶರತ್ ಮದ್ದಿಕೇರಿ,https://play-lh.googleusercontent.com/a-/AOh14GhR4hVD4N-pr2B7zpIcAkKNfHOk3ukaHPwGo94M5Q,Really good wallpaper app. but black theme wallpapers are less please add more black theme wallpaper for amoled screen mobiles.,5,0,1.0.2,2020-05-06 20:28:11,,
gp:AOqpTOHyfqJ6QqquBMyaojqWYlxU_v2-PVod2k_r41fhZMbuQ6OFixq4QTciPFRQ2slsOTdS_Nsd6So_LMMdIQ,pritish mohanty,https://play-lh.googleusercontent.com/a-/AOh14Gg9FTctG1ZxIx3IXH3vHUoG3pSTdflHXoA35RkH,Great app,5,0,1.0.2,2020-05-05 10:18:17,,
gp:AOqpTOG20onbpazgMSQpvWN8szcQNOyVvGLkc87EFHZ2GZf75ydSbfYRqKBmgkEv5FUEjOEe2QehjHyvm5vb_Q,Mohammed Abid,https://play-lh.googleusercontent.com/a-/AOh14Gg9tTQeRz_cQr-tw9nb3NG7pX4bcrfcRqhM4TMMkg,"Amazing collection of wallpapers , clean .... only once small gripe download option would be great and sometimes I get this bug where the walls won't shimmy and show error...? Other than that great stuff",4,2,1.0.2,2020-05-03 18:31:05,,
gp:AOqpTOEZR41gcKel_C3rp5ZsoPTXLw57-B4aj9UeWZPE-3XCKS2CmYSdH3dSGQm3SQ4rvGn2m6wUueEi-StLsw,Kartik Pandit,https://play-lh.googleusercontent.com/a-/AOh14GjNKo7FW-JPPnUqqkQEan_MnBLyzkJTK4u5aMreyQ,"Initially when i downloaded and paid for this app, I could download wallpapers on my device. But now I can't see the download option. Team Wallrod, please help Well, if I try to set any wallpaper on the lockscreen from the app itself, my Phone doesn't allow it. I can set only homescreen wallpaper from the app. Feels I wasted my money.",2,16,1.0.2,2020-05-03 14:30:02,I have removed the download option because people shared my wallpapers for free in different apps like telegram and reddit.,2020-05-03 10:08:12
gp:AOqpTOHwI8rWZAclmMqUlMVbL7waxksdtLqDtc_50icd5rQ49HNbDpBUbxV_vHxWpoynmsfPytDWOlI0WCvqww,Mikołaj Zaremba,https://play-lh.googleusercontent.com/a-/AOh14GgjcfzgS6WB_cwkr-S4bW5vEYBEqgjNwS-6Jzgdn-8,I'm so glad I finally decided to buy it. Great wallpapers! I love them. Also this is the only wallpaper app that sets the wallpaper correctly on my device - @hexandcube from Twitter :),5,0,1.0.2,2020-05-02 15:16:48,,
gp:AOqpTOHjeGwxVCVwicA7fZ8ub9gtgJo8i-Y_XTXlXFfu-04rCWspT7Z-77KdqYyHFiG-qVhU83WERDUY5-lG3Q,khaled mostafa,https://play-lh.googleusercontent.com/a-/AOh14GhmdwKnajBeYEbQlfSog9JTbM4xDkOJDzdpLAyQ8g,Greatest Wallpaper App Off All Time,5,0,1.0.2,2020-05-02 15:16:29,,
gp:AOqpTOGoH8rlBhkwmZkXRJy8olFpBzGCTGWt_9oiNfX9stiwqKqHiABgM1HvPwhbK-YN4I_ixi9bMF0PCGDJOg,Griever,https://play-lh.googleusercontent.com/a-/AOh14GgEqEdDtxDopvYk_OeBcasBUgemVgqA1WBmJEd3,"Galaxy Note 10 Plus Sharp, clean and perfectly cropped into the 1440p full resolution. I've had bad luck with a LOT of wallpaper apps, wallpapers become blurry or low resolution and looks horrible. Sometimes get a good one now and again but this app makes for zero hassle and no fuss. I was skeptical on paying for wallpapers as I could easily just crop down a high res photo from the internet but gave this a shot and completely satisfied. More wallpapers! Keep it up! 5/5",5,8,1.0.2,2020-05-02 14:51:46,,
gp:AOqpTOGrrlIWb8md6rdrOpaBcA7cPu6yxmkP2_Opd3jZwqv66aK84focXh2PJ7MuZWaS6j52x_UrvtX8lVjTbg,Mainak Kashyap,https://play-lh.googleusercontent.com/a-/AOh14GizW-9SLtwkrpKq3AlYSoUITM_W0y7gdUu876eIFac,It's working. Thanks Dev.,5,0,1.0.2,2020-04-30 22:11:13,"I have updated the app, could you try it now? I hope soon to solve the problem.",2020-04-28 09:49:28
gp:AOqpTOGtw0KgJWw2-waq7mH5AJVMxVoHJBUVrceAWoRsoJ69V4_KqiFEZ5AVK7tMJOuwav8dcvLO5h-pQnxWhw,Santosh Sharma,https://play-lh.googleusercontent.com/a-/AOh14GgwEwbrmb6c880Hwnts6HS8xhNZAt5f6Bx9gcHZiQ,"A great wallpaper app. Must have on an Amoled phone. I believe an Anime section can be added that has vector style, would be great if possible.",4,1,1.0.2,2020-04-30 08:33:16,,
gp:AOqpTOGfHw_kVzmP9j6fLmMRmCliT-RsfQUwj3rzOA5bqDUpE68IuWOhKFFPFERg0ilq66ytamm4hhPZaS_N9w,Danish Ahmed,https://play-lh.googleusercontent.com/a-/AOh14Gj5SIxKtGu7QtOs1SWGqO6KhC5PqrufmRLLPx0mzLE,Very few options. Hope this would grow.,3,0,1.0.2,2020-04-29 15:28:32,,
gp:AOqpTOHTqBJk1roKdYDudXGUH7qryN5WTWemFdYy7-vmwpu02OrOxYFpSpEKqLZGavaKi7WRqviSn6CKkGaUkQ,Alexis Panagiotopoulos,https://play-lh.googleusercontent.com/a-/AOh14GhLELUHwnJ8cIOnGuXjn4qirXkGN7hrG_mojyXahA,Nice aesthetic wallpapers!!,5,0,1.0.2,2020-04-27 11:54:10,Thank you!,2020-04-28 09:04:28
gp:AOqpTOEDX0DvlcnreRpoYhuaioK8jBtrg5EGovyx34cQ0wS7enQRUDi3nneipQCh6nhSxBKmnmEs3ATZX1I7Tw,Victor K Varghese,https://play-lh.googleusercontent.com/a-/AOh14GiftKti9Wp9b2K3w_8A7Xh3TebJ4-6fFutofmvjYA,Dope wallpapers🤟🤟,5,0,1.0.2,2020-04-27 10:20:53,Thanks!,2020-04-28 09:04:39
gp:AOqpTOH_aSMyKuesxDxP3SkFySemFgmqsOkPdW17LF9O7mgXCugqwMkLTL4Cw1Ml_n0BXvMBSPMXk0KuptBefw,Sunil Kumar M R,https://play-lh.googleusercontent.com/-DbTYxG3hyOQ/AAAAAAAAAAI/AAAAAAAAAAA/AMZuuckT_rhaA9ijKshRDHKMjCSj4qUnzA/photo.jpg,Superb..,5,0,1.0.2,2020-04-27 09:19:05,,
gp:AOqpTOFlW7cQDImll5-fxWpZH5_YlN4TyI0TvuttdoKZ2PHTt5SwS7L_Xg5xB5kZFm7MzpGcVontmd1FKGuv6A,Biswajit Barman,https://play-lh.googleusercontent.com/a-/AOh14Gg7z43TpZ_kgtD7Zy-7HCOWtT6V_yddQlJznZavcA,Why I can't set the wallpapers as lockscreen on my phone..Is anyone facing the same issue? Otherwise it's a great app.,5,0,1.0.2,2020-04-26 07:39:59,"I think a problem of xiaomi phones, I do not have that problem but I will try to fix it in an update, thanks.",2020-04-28 09:06:22
gp:AOqpTOGKwWpNevM2UGk7pV5nhbbCbk-vqbUhwR8QzxTkJriUCgvQs7DOcARbOuZch3rkxFEsHRDKUYYSsiHVkw,navabi samar,https://play-lh.googleusercontent.com/a-/AOh14GjFaXjTpFhTfJGYyduAcGTQzuifaFQgiUT29sTd,These walls deserve to be exhibited in a museum. Real pieces of art. Please keep adding more walls especially amoled ones.,5,1,1.0.2,2020-04-25 07:01:48,Thank you very much!,2020-04-28 09:09:25
gp:AOqpTOFL4tvULTv3zuRs0AY6s8jewzHk5cAxTd-SzQcnygXnVums_SuL5upECddc5x1sdLCLi7YH_xDG18w9kg,Krishnamurthy S,https://play-lh.googleusercontent.com/-PtzT_wKCwxs/AAAAAAAAAAI/AAAAAAAAXOY/AMZuuclBpytV9m7xThQPyEnCLkgR5ctnag/photo.jpg,Nice collection from a very good artist. I have spoken.,5,0,,2020-04-25 03:34:54,,
gp:AOqpTOF2k5cftGCr9Vrpc6VAF8efqvVbPuDpx_gS1uwsofj9yewOv-AD6jdw1jQtS-lS7RfL3GXq3HObLpAZJQ,Tanmay Barman,https://play-lh.googleusercontent.com/a-/AOh14Ggc--1pHAZn6GLth4Ry8NbOw3wK4MJG-g90Osai1w,"i am pleased with simplicity and beauty of the wallpapers,just keep them updated in way by which user's not get frustrated by using same wallpaper and some updates of wallpapers which we dont like which is the same case for backdrops,please don't be like them rather everything is fantastic till now.dev deserves a 5 star!",5,2,1.0.2,2020-04-24 22:40:43,Thank you so much!,2020-04-28 09:47:27
gp:AOqpTOEnvwew3iumhE8iYGINaoe4fdaJkdaguclGEw9jPqbVgsy1wm5JZhFNYhW8YVeGE3ZLsxBoUnFXxMoqJA,sampath raghavendra,https://play-lh.googleusercontent.com/a-/AOh14Gj0rfx5JAqiSqRSEb3fGaHx4u2zm57rCwEtHRImug,Greate wallpapers.,5,2,1.0.2,2020-04-24 21:04:52,Thanks,2020-04-28 09:47:36
gp:AOqpTOFTlE4WT2ZVI8bCBBpeo6ZkIx1V5EfnVGxGu9JV3LT-VykryzkyuQoO89QdqzZOMMFNdRfjCBJecXgiRg,NivOO5 korin,https://play-lh.googleusercontent.com/a-/AOh14GhlXKz3w-gy5e58baf9iqt-q6blqcafCp8yos0zgQ,Why are you so talented my guy,5,0,1.0.2,2020-04-24 17:13:25,,
gp:AOqpTOGT9tKdi7N8c4l6kaiwvqEX1IJmhdMY_adY-5jwIHbaVXieuWHC4ktMDzFEm_9k6d4uZM16AxVdXRXlGQ,Hakan Kayra Doğan,https://play-lh.googleusercontent.com/a-/AOh14GhxvHQPNJoukMc2n-v7-Ml2DgtpBFN8NmXWLG_D9Ec,I don't know is it after updating but I cannot apply or download wallpapers. It must be fixed soon. Other than that awesome wallpaper app.,4,1,1.0.1,2020-04-24 13:27:20,,
gp:AOqpTOF4hHz2ZjZ6Tw69Z1U74u9kXhHLBg_-Wkuh3WeakrHGHDvb8qTK9XbMkSIWawuRYpBH64UDMEQoWuiRfg,Stephan J,https://play-lh.googleusercontent.com/a-/AOh14GiiUUcXoWmP5OUfCtVunjoxWiGUgQpmvYINHKk9SB4,This app is wonderful and works great! Beautiful wallpapers here! Thanks for this!,5,0,1.0.1,2020-04-22 16:03:52,,
gp:AOqpTOEgdNBeRxFOwmtJYgkO-se2Z-Rosy2gZHupeMOO5Jdl_uWS9JSud0CgQpqS-NRXAm5WqoLII3lHrYP39Q,Ritesh Yadav,https://play-lh.googleusercontent.com/a-/AOh14GgHe-Kiq0aIgfarwpukN0j7U0SLUD90R_aWy1LmQw,I'm a person who never keep wallpaper apps on my device. But this app has the potential to change that. Before purchasing I was in chaos whether I should buy it or not? But after I purchased and installed the app I'm thinking it was a very meaningful choice to buy this app. Beautiful UX and all wallpaper are very catchy. Thanks for this. Keep improving.😁,5,6,1.0.1,2020-04-19 00:38:44,Thank you so much!,2020-04-28 09:54:18
gp:AOqpTOGKx1Nu6cJoXDiMGwohkBbSECBgbBHaFtLEcp1YKHE_DUvlmLneGL5noxMRQ-V6T3_yzqTcWqulDxwsuA,Rachit Yagnik,https://play-lh.googleusercontent.com/a-/AOh14Gh1zRIXtCh8hadCgstFoFGXi07mC6DxnX6LWMT-yg,"Disappointed with the collection of wallpapers, do not recommend people to buy it.",2,2,1.0.1,2020-04-18 23:15:58,,
gp:AOqpTOFuNbGkEZPJzr9QWSQ8nUBXpnCKprZ96pgyD-WsPCMEPlc01fxPEGC5k04lKhmxVae6cLH4MHPe-fE7ZQ,Jay Stars,https://play-lh.googleusercontent.com/-ekls5sxap8g/AAAAAAAAAAI/AAAAAAAANWQ/AMZuuclMBftuZJwXLlLTboddm-9pyCgpPQ/photo.jpg,Definitely recommend 😎👍,5,0,1.0.1,2020-04-17 23:15:43,,
gp:AOqpTOFqHjh5eYRyEDL7OR6eYMep5VVAZfxLr-D_SMsyXkd8h2IOSAdB1fhB8XpxegREfm9hjUZrFv8mfY08gw,Karel J RASKA,https://play-lh.googleusercontent.com/a-/AOh14Gjaxf5Ol-R4OKu54WuP4Me9nKCnCosND1UN8sfSFRg,Amazing wallpaper app with new wallpapers added every week... Great app for anyone who enjoys minimalistic home screen setups,5,0,1.0.1,2020-04-17 12:55:48,Thank you so much!,2020-04-28 09:11:31
gp:AOqpTOGX3yBlDM9sK-fmno7i9ymI2Icaa1MgMk4nK7v0H2V2UtYRQxurPeDwCCMefLVkCHHGrCNPDyQZFraCig,EJ Espinosa,https://play-lh.googleusercontent.com/a-/AOh14GiBfemqvDh-DctxL5PPTKv_FuuMO_3G0fanjCZzKOk,Awesome wallpapers that are reminiscent of Google Now material designs. Thanks to HowToMen for the recommendation on your YouTube channel.,5,0,1.0.1,2020-04-17 06:54:36,,
gp:AOqpTOELpKm8-7wDAn_JdXSCotoLCwArt4OeRCk0Nxnv5jUC6iTWKHSkfNW8CSmV_GTRxH43wFb7rQ-CRCeQVA,Prakash Mudliyar,https://play-lh.googleusercontent.com/a-/AOh14GiDvdLEmP4c_f1S3KE2C5SJ8oVhK1hDrJbE2iD_g3M,I love the app. And this is a genuine review ❤️❤️. Please keep adding more such wallpapers in the app!,5,1,1.0.1,2020-04-14 13:02:18,,
gp:AOqpTOHFvlj4WlvPdaoZ3YbPtGVMuodRpWKwU7IhwnxTBl3C0cWsLvf_pYS2PwZZzDvEtgUSQQ9wT-PzD8k6kQ,Horia Voichitoiu,https://play-lh.googleusercontent.com/a-/AOh14GhmpnOfY1yd7XpmUoQ90Bxk6I4ZLrNIEz_5EQ23cw,The best minimalistic wallpapers app ever,5,0,1.0.1,2020-04-11 15:52:11,,
gp:AOqpTOFPd-TvWS2x8eayUdy2OlIodUlcrEcYfVw9LwyDuXtJZp_vAkqCZ37HWnUWoY295IDXphXs-oD0QESFeA,On3 GLoV3 T3RoRRisT,https://play-lh.googleusercontent.com/a-/AOh14GhC_uCGiMDsB7C5owANbg4X0LhdxPfFoHP0R4LxoQ,"Great walls, only issue in early version is on galaxy S10 it says it downloaded but not showing in my gallery.",4,1,1.0.1,2020-04-11 08:23:34,,
gp:AOqpTOE08P437bbIX5lpmrpHEBkMqs3zC2YcPvRajuYYaEcew4eEXtlucjX9k9LftfX8VepcmXj_r6UcCZPxHA,Hirak Halder,https://play-lh.googleusercontent.com/a-/AOh14GhF1uGBHq3yJT-G7wc9_ua5DZaFeJ3hpnoTK7UUjw,Best wallpapers app that I've ever used. A small request. Can you please create another(or more) japanese style wallpaper(like tori and the fox) for amoled?,5,1,1.0.0,2020-04-09 10:18:27,,
gp:AOqpTOGpAIC214Ky36hbIZNzlKXIU-r9crPxdAdAyemu6Muy8d0mo5_KM6bIvnPNZdhSyPfZ1Gj0zQVL9WE7dg,Sidhant Verma,https://play-lh.googleusercontent.com/a-/AOh14GgO3DGXawBrsKhR0K3dSExNBbwCWAmsuiIB2P1HcB0,"Exactly what I was looking for - minimalistic, elegant . I can see weather widget details and icons properly just like in solid color wallpapers. I'm giving one star less for one defect and one feature that is required. 1. The wallpaper adjustment before setting it, doesn't not reflect. 2. Auto wallpaper change amongst favourites added.",4,0,1.0.0,2020-04-09 00:28:14,,
gp:AOqpTOF7rKcnvmZOKAJuocg6OJgqRXdxbPzeOO2lFBOovTGXLVXu9SEOuC6B5o9ttPt3zB5JclqCd1P-moPrrA,Eldis Skenderagic,https://play-lh.googleusercontent.com/a-/AOh14GhzOmjMoRO4k81MwcF41eRxJVFTF-eRovJSJWOuPC8,"It's an early stage app, but the content is promising. Collection will grow for sure, so give this one a chance. I will repeat, even with current somewhat limited wallpaper collection there are some amazing material-style wallpapers. I love that this is ORIGINAL content, and you know you're supporting concrete artist. It's having a lot of potential so I hope it will continue in this path.",5,8,1.0.0,2020-04-08 23:39:12,,
gp:AOqpTOEqG5XIf4crg0XJlixDUyjdIzXnz7ejOqjG4BUqWCUfkhgbYpbbhWed7GddbFfeVLvkbo0bV_s_UWe8lg,You rish,https://play-lh.googleusercontent.com/a-/AOh14Gi3DK0gt_McLb7MgjndpLwkwTPdiAV0FDwuWxi86g,Fantastic wallpaper collection 👍 Hope to see more black AMOLED wallpapers in your collection,5,1,1.0.0,2020-04-08 23:08:38,,
gp:AOqpTOFgKJ6FeT9O5JZ9-wDfoGpQOQLssXjFOd2RZ7QvtR-YSxPQsuFfLwBrbnSNOU5Ryb_bVf0v65TSDo3fpQ,Rupam Pakhira,https://play-lh.googleusercontent.com/a-/AOh14GjAIp1qFlkUMaTmdAmfbNDiPk4YUZWEwv19wB8ZaA,"Wallpapers are really nice, so beautiful.. you will be in love with the wallpapere 😍😍..",5,0,1.0.0,2020-04-08 22:36:13,,
gp:AOqpTOHLsgS_MJ9W_B11J1JDhKhcU84vJrdZCEOUKXlwgvaz2PcjYV0FvkF2j1rZn7XDaM2lIbHPeao79abP7g,Josef R,https://play-lh.googleusercontent.com/a-/AOh14Giklh9sAVBwFONURSjfyzRI1VOsi7OycRryvKow8w,"Got a code from HowToMen, and I LOVE the collection! Though, since we're ""paying"" for this app, I have a few suggestions. Add a request feature, such as, I want a airport terminal picture. I would also suggest making more nature related wallpapers like waterfalls or a cactus in the desert, something like that. Otherwise, LOVE THE APP!",5,8,1.0.0,2020-04-08 22:13:54,,
gp:AOqpTOGkaFVhu-h2B4M2jK-j2QbNmKgAF49aeDC1jseXaioLZKszEBZgUsnAd7uuM5iBk7deiosgaIQAB6vjlA,cretu florin,https://play-lh.googleusercontent.com/a-/AOh14GhzK1MLrZ99vklhGrh51_r4C8dAv6Kub2XEFw9O-G0,Nice app. Just a idea if is possible. If you introduce a automatic mode to change the wallpaper at intervals the hours would be nice.,5,3,1.0.0,2020-04-08 03:21:38,,
gp:AOqpTOE_mCLstjw7eyg4i3KYTMli2lSiADzQ7fSQcZYJIn2OzI6_N53CNCZT4bMbuYYPrde5Y3BylqoKM2Cxow,Kavishkar Jayarajah,https://play-lh.googleusercontent.com/a-/AOh14GgCrq0Z7yIrFZRAQNY6TOOFFL5NwRxlTFGKTPlo0g,Hey I'm having bug while setting the wall paper. The basic functions such as Saving the image is not working and when setting a wallpaper to lock screen both lock and home screen wallpapers are changing. - oneplus 7 pro,4,1,1.0.0,2020-04-07 12:07:22,,
gp:AOqpTOFAn913jtbkwH73NfnR2XZdUG9wRxQGB0lWjQWMbZXaYqq0jpzBQhwhoWmrzJWnSa50AlQtBvbu07EN5w,alonso garcia jaquez,https://play-lh.googleusercontent.com/a-/AOh14GiXKt8za3s-sDi9iyHfpz_sc3ehBGrOCvlPRMJHen0,"Amazing walls, hand's down one of my favorite wallpaper apps of all time, totally worth every penny, hope the amazing dev keeps adding more.",5,0,1.0.0,2020-04-07 11:54:59,,
gp:AOqpTOFeThqja2cajB4P_dlYgy-DlnyMLqNMFPYl-mKwh_KbBieRQIN4y02PpZ9Zsu_z7yuHmEOrWBafrDCKLQ,Ian Burton,https://play-lh.googleusercontent.com/a-/AOh14GgzA4RWO6Urp-sXGBEV2OUw-x-2bETFCmAZ8gdT,"Beautiful Wallpapers, look amazing on my mi max3",5,0,1.0.0,2020-04-07 10:17:05,,
gp:AOqpTOEFX30rvWQpTa345nXqJeBcl0FoYbNJaqHOj4MaHZ8x4p34Jrr5xXbpYJssLErd7RvQwfF7diWAt3FD5g,Hamid BERDOUS,https://play-lh.googleusercontent.com/a-/AOh14GiWLeyHqwNfVX77w9BvzNJTg8PvJVjvRa-NbG9sdco,Learn then remove L. There's a lot of free applications better.,1,2,1.0.0,2020-04-06 13:40:17,,
gp:AOqpTOEoeYxzfo0s1YTlRW8OSmbyb8y24hmGDQ1WGHJ7cAaUozIM3V5WqDs3IlUGZvHcfhoR8kSpfRACF5ldDQ,Felipe X. Zak,https://play-lh.googleusercontent.com/a-/AOh14Gi1SnNpkJuzV_Cg2NeXmxKdUJZLJkgFG0n1oiVU4eg,"I love this app so much because of how cleanly designed the wallpapers are. I purchased this app after being tired of downloading a wallpaper that I really liked, only to find out that the quality was very low, or it didn't fit correctly on my screen. Even though this app is paid, it is well worth it. I also love the fact that the app is ad-free, but also that the developer adds new wallpapers weekly. It is a very good app for its price and I highly recommend downloading it. If you love simple, minimal wallpapers, then this app is for you.",5,6,1.0.0,2020-04-06 10:02:54,,
gp:AOqpTOG4rIKJM7zsZw7BAG0uUZb3k7xGKFX4E6NK7FOJrbrK-y2KiWmLRikkFGlWOVInRaD2mcW1WWEZzTETEg,PrinceMJ,https://play-lh.googleusercontent.com/a-/AOh14GgxvRFedUNyIUYf06iDKbs_G26s6Q-lld9uov9zHg,So Amazing Great Job Would Love To See This App Develop Further Wish You Goodluck :D,5,0,1.0.0,2020-04-05 12:08:22,,
gp:AOqpTOEZI8q5hIlmPAIhXwXMzbwschXytljDbh6cLzsZ13IQ2YytW0Xl2wnKTWFekJPhhAJ1xyUpnwkqW5fYzg,Pranjal Seth,https://play-lh.googleusercontent.com/-qihKqlmoK0s/AAAAAAAAAAI/AAAAAAAAAAA/AMZuucllWPF4jN-RyehNlexIc00gWV2hig/photo.jpg,"Hi! Great wallpapers, but while trying to download it is setting it as my home screen. Some other bugs too. Kindly fix",4,1,1.0.0,2020-04-05 10:59:42,,
gp:AOqpTOEm5G3TLi5xonDF2H2qIRrgcgfUv2QuI7zHbF2PzlNVxouW7w1icaT_a82WQ0QaCLSeYYro_MtJmErjDg,Michael Vance,https://play-lh.googleusercontent.com/a-/AOh14Gj5bKufDT5gA2HWLX2zqqOvqY5AYeH4i-eF6_ggekw,"Really like the grey nature wallpapers, keep them coming!",5,0,1.0.0,2020-04-04 16:35:26,,
gp:AOqpTOEuwHuZ4pproV5Pwj_LLD19a0zZrbxwsuQZixf0rsXlivIN630wK2ktJsT_RuQp6Eey4B8583XpbgGGcg,Nishant Kumar Jha,https://play-lh.googleusercontent.com/a-/AOh14Gi-Ze3pqI-XFTLftFodOTiNn4qzZBwb1kwt5UemJjo,Awesome Collection of walls to choose. Really love the work.,5,3,1.0.0,2020-03-23 20:38:31,Thank you so much!,2020-04-28 09:55:30
gp:AOqpTOH-shj8FI40ssbnedXVM-MDDzuCOvUXBzeFnG1TsCSwpSZkxGUqb_nfrOplBEMJjZGacw83vjJjjEuumQ,Anandhu,https://play-lh.googleusercontent.com/a-/AOh14GgWJfg2DNUlpgR0N4Co5rmsDcKHwLSiifkVvdQSpQ,I'm always a fan of vector wallpapers. This wallpaper app is what I'm looking for my vector backgrounds. There are other good vector wallpaper apps in playstore and this one deserves to be on the top of the chart.,5,5,1.0.0,2020-03-23 12:20:53,,
gp:AOqpTOFrYnOcaJmzVfqyj_ZedsuWPFXAw_yGgwNb1f-yvRG9DVZYkKHKZ6Ubk4GhQjFfD_X2EP9WgG76Wo-SkQ,Aman Singh,https://play-lh.googleusercontent.com/a-/AOh14GgDaW3zg3Bs7cvFZHmNWseSo81R5D3_2Ts_yBeI,Walls are just wow 👌👍,5,0,1.0.0,2020-03-23 10:35:10,,
gp:AOqpTOEQhauKI2zgm7JyVt5tCYgQgTpvHvRRrepXAiDAOI1mszxBtjwSR9zi56ds0i6kE85ov8DoHXYessO1rA,Rasin sahaji,https://play-lh.googleusercontent.com/a-/AOh14Gix3HnS2pz68NDYkNS7Gg6hgZ96lMi00v4Xja72SQ,Really impressed with wallpaper collection 👌 great work,5,2,1.0.0,2020-03-23 10:20:03,,
gp:AOqpTOFQMU7wC5aZWXpGrcsG89x0x7P5EApFbIcgVVVgDX9mERwVrBv8IXDo9d0Y00P-fi2Jta7ow2iFO0lqwA,Nick Nice,https://play-lh.googleusercontent.com/a-/AOh14GjQ3C07lk0Gdfh7TEzrWcibB649eK5gLcr99BPvbZg,Fantastic work ⭐⭐⭐⭐⭐,5,0,1.0.0,2020-03-22 22:17:34,Thanks!,2020-04-28 09:55:40
gp:AOqpTOGD33yBVxEzeH7-Polo1Q2oWP8D6dOzyBLkHcpt1ewznhOBF0soOj55wSYRiqi0ohzX_q92-0gl-pI2Gw,erica joi,https://play-lh.googleusercontent.com/a-/AOh14GhtJxR573f3z-x0l5ugZQQwNTPcWY4-XYRCtqyAqw,"These are fantastic 🤩 From the color palettes to the minimal landscapes, I favorited almost every single design. I especially love that designs come in multiple color schemes. Excellent work 👍",5,4,1.0.0,2020-03-11 22:10:58,Thank you so much!,2020-04-28 09:55:59
gp:AOqpTOG92-pM1lNGJ1WS3FGQW3Vqp3wFnPR1cnhi7A3hmxuN8k4CDZCKkpWQE_sFeykir1NA5BYvy5G4g_K9lA,Mah Gwo Huei,https://play-lh.googleusercontent.com/a-/AOh14Gj1I2xb6lb_P8mXdGug3SGYo8P5B_lg_5hHM2Qu5Q,Awesome and beautiful walls.,5,0,1.0.0,2020-03-10 01:25:17,Thanks ✌️,2021-01-04 07:01:24
gp:AOqpTOGkYX1oE0OzhSdniahLlytTFyn-ti0EBlQ2e5elLx9eaOaGkLDErSvuPd2GyKAe6YgawrTCkDpavByFEQ,Thịnh Vo,https://play-lh.googleusercontent.com/a-/AOh14GiixGblz-AELujymqQkmPR7ES1aMtgPHqyutcwwfQ,Loving it. Thanks,5,0,1.0.0,2020-03-08 22:43:20,Thanks!,2020-04-28 09:56:08
