reviewId,userName,userImage,content,score,thumbsUpCount,reviewCreatedVersion,at,replyContent,repliedAt
gp:AOqpTOG1bHDPaqjIb01C0slwFFcH7awN2YYp2NiEGTZWUIyiD-B7sO2kX2oV8lSHF59Mbdbr1xZb05u4hQ5sWI4,Jeffry Nurenberg,https://play-lh.googleusercontent.com/-igLKQS86IiQ/AAAAAAAAAAI/AAAAAAAAAAA/AMZuuckXKAeKN6FhQkV4ezAQlr7G7qljug/photo.jpg,very effective presentation of the essential meditations with easy movement from one to another.,5,3,2.0.5,2019-07-31 00:38:08,,
gp:AOqpTOHIvQIXcVNzhqz3gHMy1ko0kj3JlJ2C-GPZXTEppCLXlxF8LcWAeyVYSKFLWGsDXNMPkIjtj8yO0P1I_Fk,Zoë-Dawn,https://play-lh.googleusercontent.com/a-/AOh14GjYeBK3S20P9oC_u9piyljtUkZJgo0gWwO2yq6-,Works as it should,5,3,2.0.3,2019-01-16 07:43:17,,
gp:AOqpTOHjL8MTXkIZhYWEulGOTgp3zOmU4kton2FRdSHN04NUVcrqOvWI3faWtsGcB_YoI5Qe-fIIStWciTwGqlQ,A Google user,https://play-lh.googleusercontent.com/EGemoI2NTXmTsBVtJqk8jxF9rh8ApRWfsIMQSt2uE4OcpQqbFu7f7NbTK05lx80nuSijCz7sc3a277R67g,Connect with God at the highest level,5,3,2.0.3,2018-11-17 17:54:28,,
gp:AOqpTOHqyi_xmpW9cU_BP47rPRn1fHB6C1Bhh6kE8FkxKtgWdIV1OBbhPaF3eXfXHSj6IN1HTzjGAtOhZxkZbsw,Citlali Bohanon,https://play-lh.googleusercontent.com/a-/AOh14GiCJgHPq6sQ-hNiuVEbd41anJcm86feogoKU4sK2w,Amazing praying book,5,1,2.0.3,2018-11-16 07:57:35,,
gp:AOqpTOG-NZ8JKEt9bCgHEgn4X_p_fO2o2PClygRx5PYjAVGfdNT9RiIqF-jnZSQhbLb38S1r1cp9uD_xOMfEDfw,Faris Lui,https://play-lh.googleusercontent.com/a-/AOh14GiFEDM3YqIHgvNpL2Lxz8AOLxTPx-0bfsPHYz_csQ,I travel here or there it is always difficult to connect with physical books. Now this is much easier,5,1,2.0.2,2018-02-15 02:09:43,,
gp:AOqpTOHXCDvYKRwOO-0QzAXUqzDBXS1SewS8CgaZYWX1YK-rphPGWH1I-h8AO5N_f21za8I7LRSWQTh1NvMiNdM,Yosef Shneor,https://play-lh.googleusercontent.com/-Rg7HV9SMc0A/AAAAAAAAAAI/AAAAAAAAAAA/AMZuucnoEIYUUGyBASFcZBi8LTuee8hmnw/photo.jpg,Very practical,5,1,2.0.0,2017-12-12 23:04:57,,
gp:AOqpTOH5IdNW6tyFotYWdU1utSEQ9P-09xidem2Y1aWsAYtkq0i1C5rAg-MRuHA1ckbNDRJauL0onWAdekDmFXc,Vina Hilton,https://play-lh.googleusercontent.com/-gPqMQ228bh4/AAAAAAAAAAI/AAAAAAAAAAA/AMZuuclc449BWl0-1fUe30YFEzuBTz6mQw/photo.jpg,Making my connection with the Creator amazing,5,3,2.0.0,2017-12-10 20:56:35,,
