reviewId,userName,userImage,content,score,thumbsUpCount,reviewCreatedVersion,at,replyContent,repliedAt
gp:AOqpTOFZzo2vSCjNx88GIOYf20jVvJzksr9eXo-XXDSIPqnG_Trqs2IqI_n1pkH4aBzGsEAhiUpwcDNehzsqCQ,Matt Henderson,https://play-lh.googleusercontent.com/a-/AOh14Gh9RJKfHStuAv7g7q0PiJFEo-06aiXpH8goYQNu_Q,"So, why does it lag so much!?! It is so hard to play with the lag. Great concept! I just wish it ran better on my phone.",3,2,3.1.4,2021-01-19 11:24:24,,
gp:AOqpTOGn7np1btgsc1kJEioCPbxIWf0ppEgIzu_YXqA0yjVN4suJUKTs4PSh9vx_yPdYIH9cFk1BHhdltE4C2A,Chase Russell,https://play-lh.googleusercontent.com/a-/AOh14Gj8T3fJReXh8vTpM1deapTRdawdQHU1kazfji5O,Really LOVE this game. Highly recommend it only thing I wish it had was cautions and pit stops just to add even more of a challenge. Developers please consider adding them!!,5,10,3.1.4,2020-10-11 15:09:10,,
gp:AOqpTOFUh55o9EIp03zcncMlzhOWVERdzyWAdUv0t-V1kNPZOVgqIvUXlnFejN2mm3nwyFGffVLNjGE34Jz4MA,Brandon Graham Ramsden,https://play-lh.googleusercontent.com/-DQyiUpUUKr0/AAAAAAAAAAI/AAAAAAAAAAA/AMZuucl7eqgn_Us1swZo6gLijZ0-O2idgQ/photo.jpg,Nice game,4,0,3.1.4,2020-09-15 15:09:57,,
gp:AOqpTOG78fbY7vPVzevcVBSRtbg2v16eJSCnDKQt8BA9jycdVPE-0DZR1f0BMHU_w_CnB8h3hfIyJGUEobghLA,Jeremy Johnson,https://play-lh.googleusercontent.com/a-/AOh14GiFSyNEpjPQZhULcz-jMnlq7J0uYPlOwAkhyMK8,Love the game its addictive. The only thing I'd change right now is being able to change the car numbers in the editor part. That Coors car should be the 9 the Tide car should be 17. The 52 reminds me of the old MGD car driven by rusty Wallace I'd make that the 2. But I'm just being picky still love it.,5,12,3.1.4,2020-07-25 11:00:56,,
gp:AOqpTOESARu-chUrp_psQZytDZqgWGIrkO0E1RO8QbOWKGLqc_BYqc1uAOnLL-7YhM1UEmGH6EZJxlTIepSFAg,Zachary Helsinger,https://play-lh.googleusercontent.com/a-/AOh14GhzHCjHKszwGUvENtL5iTnH6YzgXED0DfJSN1yV,"I love this game, easy to learn, plenty of options, I hope there are more updates to come",5,1,,2020-07-22 13:16:10,,
gp:AOqpTOEpPz68_vx-40nk5zocYBHn08HOXsKZBZE-rYHrJl__OIJsKDIxAW3067sGWr8NGXx0caRsWcXeA-MzuA,L Gilomen,https://play-lh.googleusercontent.com/a-/AOh14Gjk8tO4X57Zny1_RDQGkTXgzhehq5Rh4LQ5ciFJ,Great game. There is still this bug where cars stack on each other. Another bug is i cant use my custom track. Crashes would be fun too. Last thing is i would also like to have a system where you can add paint custom paint schemes in the edit driver feature. I paid $2 hoping for a custom paint scheme creator. Dont make me refund.,4,13,3.1.4,2020-06-22 14:05:09,,
gp:AOqpTOFJhfEANQT2v6ImLemBDNZpgCT4GRE56xWBszvxNiZDeAMUH9PTg9zMB2m7td05L_PzUT2ghMpsmqqddw,Brett Libby,https://play-lh.googleusercontent.com/a-/AOh14GifjZtHpPSoA3fB7rzkVnrSk0c73S7XbeDb55qaOA,PLEASE add Crashes!!!,4,0,3.1.4,2020-06-17 21:21:49,,
gp:AOqpTOE77ZUFSvgdsL0bpPDsXRicYCoriX4nyFzm94-IZ6pPsTpFAQrs46QALf71arCoOVXxdk57wk5gIvZ4QQ,Jcrw 22,https://play-lh.googleusercontent.com/a-/AOh14GiK8BTa7JTpXxKZOTBHGnuPMItn3oDmYk6wQzvv,"Really fun and addicting I have played the normal draftmaster but this is even better just add some stuff like a leader board,online racing mode,friending and clans It would make the game even more fun",5,5,3.1.4,2020-05-25 21:22:56,,
gp:AOqpTOEAmFJ1KGN-0NykxBJu1-f8qKUHFeDgmXcP2QShvRdmAfQicU2xy_oLb2CPSrcP_ea2MKihIjnpGBS7Vw,Timothy Kidd,https://play-lh.googleusercontent.com/-4ljr-n5Mg-0/AAAAAAAAAAI/AAAAAAAAAAA/AMZuucnVm3yp31bY1XTJQ65HEyPy5fSnQA/photo.jpg,"The lag in the stock car races is painful to the eyes., the 2 other driving modes run fine and are a decent substitute but I'm here to enjoy the stocks cars.",3,5,3.1.4,2020-05-02 03:09:42,,
gp:AOqpTOE6C_RrwjivzmnH_Izd0pX-5sNopU8d2lGLgFjI3HhBEYvMZcDcTVhGjDaA_rHqJGB0UlszwbQDZos6cQ,anthony conner,https://play-lh.googleusercontent.com/a-/AOh14GiFkT5QtBenuahF5OICprRUp66C6yxPEX1g8JVH0w,Love the game had it since 2017 only complaint is after the latest update it's very laggy any tips on how to fix or a new update to fix thanks,4,2,3.1.4,2020-04-08 16:57:41,,
gp:AOqpTOHk9YE807A1iortLNnt7quuZugdLXtfWebfBHTgIxJBwFL20URpnGMULr_W0Du3UtJj5Onzfo1MFlNieg,Rick Cross,https://play-lh.googleusercontent.com/a-/AOh14Gi054BMT15dMVgBNS1LCvh6G-PE-w3a3cuNGMLwsg,Fun game,5,0,3.1.4,2020-04-01 13:01:34,,
gp:AOqpTOE-N37HGESeJ4mcVq1BvbQBOVqsFePGLhW0XUL-GfFUY7Fqwz2jy55ZbE8ORQgUqAsmHA4CXs2BidUDdg,Sad Chargers Fan,https://play-lh.googleusercontent.com/a-/AOh14GiX9cQcTY1jIjuFcYBqL0ucZISF3KCEovpxuDcVzQ,Great game,5,0,3.1.4,2020-03-30 22:28:40,,
gp:AOqpTOEewFar1BzAmA4vdeq1TI-IzcPbEgKsZE02qW7__zKR_gBpV7iReVgoyqBwVImdx4YrUUDPuLNj4Y534A,James Dunn,https://play-lh.googleusercontent.com/-q1roofwI4kA/AAAAAAAAAAI/AAAAAAAAAAA/AMZuuclvD4yHVhEuUgguvnvj4RLROmjLgA/photo.jpg,I absolutely love this game. Any chance that you are working on a sequel or maybe a paint booth type mode? Would be amazing to add some of my own schemes.,5,7,3.1.4,2020-03-30 16:36:46,,
gp:AOqpTOEzfdOd20TF-Ro8RQ6hUhI-qEJ1qCvD1TwHrXmpG2TQXW4_7yFVJFj0veb_qQYo7fltMcq4TRYsHfqvsg,Allan Fidler,https://play-lh.googleusercontent.com/-9AvU8m35RFw/AAAAAAAAAAI/AAAAAAAAAAA/AMZuucmHCLKjdA8qg_xJrGar56UN91rdYQ/photo.jpg,I never write reviews but I always loves this game. Stock cars are impossible. Lag city all day. The other series runs fine. Please fix for 5 stars!,1,2,3.1.4,2020-01-16 21:43:01,,
gp:AOqpTOGe4Tx7_i4GloPlCIdLcellPB662ArH5sf_7iEJcdjEmLHtwl3ytJvTGViAE8L8TOTBMiP5nAkVvm26BA,Justin Collier,https://play-lh.googleusercontent.com/a-/AOh14Gj9N-WOpjeASIOfjiIAH9wXWQqCBvqZo1tkCrMZ2g,Coming from someone who has wasted a decade on NASCAR games of all types- this game is the best at what it does. Small download size and definitely worth getting pro. Even better is the fact that every new update makes this game cooler. It looks like this game was made by a NASCAR pro. Hope to see crashes or pit stops in the future.,5,10,3.1.4,2020-01-02 11:26:43,,
gp:AOqpTOFhRgGAS4OS-7HciwfkqQhpU2m80bV1f-Vm2FPoylFU9qkZoA87xg0n4-nd9zavSR4vXDg3RYxhC5L0fg,Douglas Barnes,https://play-lh.googleusercontent.com/a-/AOh14Gg9w4UUPy720Kn3HLAepZYi3bOM1326ROH9HRb_yQ,I have had this game for a while and it has been great. The new update looks awesome!,5,2,3.1.4,2019-12-09 08:21:29,,
gp:AOqpTOGdk_R_XQUCGw18rI1SYVu08lVM9-KHNUjcaPIHivvt60YJ3IeiI7wVsZK4fYmYkttfws9DsGLdLeKDGw,NascarDiecast,https://play-lh.googleusercontent.com/a-/AOh14GgO2EF2Bl72Y_FxuDrnrYffiJ9ZQOre_eFEVNvT-w,Great Game,5,0,3.1.4,2019-11-05 16:44:07,,
gp:AOqpTOF-T0LB8j9ImpP8ZfKVNaRHngjoDaXFeFSlP4ff634dleIoUEZ955T-qPV-3bwaAQccWGK_JdYOoHrTRw,Shak,https://play-lh.googleusercontent.com/a-/AOh14GiYzmsO4MUyEE9FxP1HedsyapnuNU2ANgmN8G0DPQ,This is a great game. I wish there was an option where any wrong move I take I will crash. And also have caution Flags.,5,6,3.0.4,2019-10-27 13:09:40,,
gp:AOqpTOG5bpcHE0eAdKR52fBbF9eJoaTopWw3HDK4vdL5OASOFSVhS5N1WMTJEFjRAYm3NYQHa7JU87b4JPqKWw,James Herndon,https://play-lh.googleusercontent.com/-nlqOvEuGNEo/AAAAAAAAAAI/AAAAAAAAAAA/AMZuucmcN54UCNPqPZZZSCba5drztqkO1Q/photo.jpg,Great game,5,0,3.0.4,2019-10-20 15:13:43,,
gp:AOqpTOHu6H2QyKlekU6_K7nLxaxRLmjj3F5iAThCGhB593efCSCRQDYw9TSYVZ1oisSib2wJygvdyhZI0jDMhQ,random Bananas,https://play-lh.googleusercontent.com/a-/AOh14GjDvA6oxzPqebmFEru5o64ZFiD2gox1U6PHhXdfUA,"Since the last update the app has been lagging on my phone, i don't know if it's my phone or something wrong with the app. Other than that I love the game and how it feels like an old-school arcade game keep up the great work.",4,5,3.0.4,2019-10-04 18:57:38,,
gp:AOqpTOEUGCwWxxGXjK24NGEGhd59-qKDj9F9rxAq3FMtM4HN7tlj2fi7xYhjYI1u2ZlGiREJN3md4rilkuz0gw,Jd Davis,https://play-lh.googleusercontent.com/-DMQm_ocTPFY/AAAAAAAAAAI/AAAAAAAAAAA/AMZuucm4PbLheZPG8-_ST7rK0-Y2q8zgJg/photo.jpg,"Yes i got the full version, love it!!! It would be nice if the developers made this game in Dirt Racing...Dirtmaster Pro",5,0,3.0.4,2019-09-09 05:05:27,,
gp:AOqpTOFZQrzUjdn14DKHF5kapq6vSxKX1k7J-YbpebzSw1BSpAaKur4HtDGFSRggNYzt2iS9jDJ1vS9gDC_tWQ,Bigcasey 21,https://play-lh.googleusercontent.com/a-/AOh14Gjfz9CSDWmIOWvnZzjyrxe36pp4CguKT1-4cOz7,Amazing game! Just keep making updates here and there!,5,3,3.0.4,2019-09-07 20:06:57,,
gp:AOqpTOEz-N4cSb1h2UmkgYQH6h1gH40OmCMmViU6JnJCcUDlDBvSDOUcxy-_tIWtx-xjjL8LHgDayzpJOOI-pA,Tim H.,https://play-lh.googleusercontent.com/-Vo2xhbFxm9s/AAAAAAAAAAI/AAAAAAAAAAA/AMZuucmMBWWZ3sqW2aiR6h6jSBggw6gP_A/photo.jpg,Just draft! Neat little game. Works for me. Thanks!,4,0,2.30,2019-09-01 10:40:43,,
gp:AOqpTOF-0TfVL2hhl6d0tce2tX0hKHQsaJDL1DItybbn76mKxEbpkd4h2FsyKpJd9jpRyDFTSO1-KC4_uLuk5Q,William Belbin,https://play-lh.googleusercontent.com/a-/AOh14Gh-KBa4C6TWlpwGusH_TgFskZj6CkzRZtwFmcFS,Good game,4,0,2.30,2019-08-25 03:11:17,,
gp:AOqpTOGzaJnh38O4Hh6qlKwlaft1IDHcz8i_krJiuRl_E6JJKZCIharlN9LhktSzqWP2X66ueJW2xnfGriZPXQ,Zdeněk Moravec,https://play-lh.googleusercontent.com/a-/AOh14GjI29YeNImj8lCzFuB5WYtBzUHelGS8RXEvuDwIrA,Best nascar game at the store. Please add Pitt stops and flags.,5,0,2.30,2019-08-15 12:18:40,,
gp:AOqpTOHZlKp2BGRe9ivE77gxwjbiAkhyvTMjwegqaOTlVhlXfBZR3bx_j1bsyb3gRX36rJA9AFML_lrUlROeEg,Landon Drebes,https://play-lh.googleusercontent.com/-gdXiNJ_qynQ/AAAAAAAAAAI/AAAAAAAAAAA/AMZuucn0WEU92khjPLLrjVdE1fdcIX6SOw/photo.jpg,this game is tremendous! brings me back to my childhood playing flash games. perfect for wasting time for simple minded folks like myself. only complaint is that there is no in game volume slider/toggle. the A.I. is simple and predictable which is not a bad thing.,5,2,2.30,2019-06-05 16:04:51,,
gp:AOqpTOGtFRW7uJFyZYvoHoXiXoeRYhOheMJ9reQUiklBK5lybqFOWuwIoPFpogNUbCeaskmkaloJmqIob-UoQg,Random Gaming,https://play-lh.googleusercontent.com/a-/AOh14Ghiq4Umgx9s9m6qrW4kW1avEBo5Vve9bk0yqFjASg,Make it so the cars can crash,5,0,2.30,2019-05-17 20:33:10,,
gp:AOqpTOGeAyp_mhy4PZbBWJ4mcCwyjwNZBlM_M0UQbWLsvVKcF2MPxU15szKXd28f-vN1I9cExnAkBmKYAxeCRQ,Fade Gh0st,https://play-lh.googleusercontent.com/a-/AOh14GiKzu82ThCIidLCjKczajZjzBy_FnF0i4-Yp9w7Yw,no cautions or pitstops,1,0,,2019-03-30 10:06:53,,
gp:AOqpTOHGLUYITfRnHysGeroxH0badJsKNwtpYymEl-L13mOvpPMTu1zPNrxvSPhvls_3A_ZEuvzxkYcc68kHCw,BMF racing,https://play-lh.googleusercontent.com/a-/AOh14Gjd6EQfLh-H_XHEPimiwSvB7L57wa1qRN0WdiJwZA,it's a good game but it starts screwing with the points after wards,3,2,,2019-03-22 11:02:52,,
gp:AOqpTOGGb-UDjUpGDA33gscr95KYqwVtKiXB-dQYDlz9x0YOGB7XsEpfmpruEBelUKZ0uF69yEpxvzeTPTh0DQ,Rakly3,https://play-lh.googleusercontent.com/a-/AOh14GiDp3IGND2ajcMmfVQEoIssWORJGJ91NK0u8iI8XQ,woop,5,0,2.26,2019-03-15 09:57:28,,
gp:AOqpTOEdouRMGYkRSL5UT3nN2DoNKge8tonhGpOS3UbSD9a-3Mtb_U_j9aoQ7O5295nbBiHvxh4ptwIbIUSkXw,D. Mcintyre,https://play-lh.googleusercontent.com/-nVSiS5xswAQ/AAAAAAAAAAI/AAAAAAAAAAA/AMZuuckUPAbAe1ktvsVz6O2H_DWzS5tsEA/photo.jpg,awesome.. started with the free version years ago n recently purchased the pro version. well worth it!!,5,3,2.30,2019-03-07 09:44:54,,
gp:AOqpTOF_mfANfScg2uUPSqcQv7ZyongWWstXB0vZPYHuml79lztZke_vpFUbZxIhth75HXHt5Zncn0YtTxTmdA,KaiyoSama,https://play-lh.googleusercontent.com/a-/AOh14GiFDYFJQIbzUZFO5sD_feJMOpQKq8gbZhpX_021,"Ok, first off. Love the game. Love everything about it. Although, if there could be like crashes and stuff like that... I would play this 24/7. and pixelated damage? I will find you, and i will hug you...",5,11,2.30,2019-03-03 18:00:16,,
gp:AOqpTOF8Jc3rlA5n6SULKt7e6UCcdqoTe14r5lkn6k_pDvYInKXqabqpWnUp3HnkHTil5N0freeoaA7A29JpGQ,Jared Martin,https://play-lh.googleusercontent.com/a-/AOh14Ggpziv60UPX71fceagNjxHSmL18mKu0sbj9dNEUQw,"I love this game! Would love a way for the player to make custom paint 
schemes and put them in, as well as multiple custom tracks, and maybe even 
turns in the tracks.",5,1,2.30,2018-07-28 23:02:29,,
gp:AOqpTOF9kwqpjgGlU3LfVvSr0FG4t0eIl-9YL6YhUL_nRxLJY5zT8fRPC9OhMZfkbpsbO6djtqLLAuQZ0igq8w,Fuoco Serpente,https://play-lh.googleusercontent.com/a-/AOh14Ggw_3CweKewoBqjQBo5pglwrNhjOyilRPn6VNpyOQ,"Very relaxing draft strategy racer. Only thing missing is multiplayer and 
pit stops. Also, would look a lot better if road was grey instead of jet 
black. But good game",5,5,2.30,2018-06-05 05:36:55,,
gp:AOqpTOGrG_W0_LwlHHOeViGYpM53Nrehl0ZUW-tBgtPe-xSru0nWk-mOdlJP6mZt-sz-w4pRGUb87TWz-jRskw,Benjamin Molesworth,https://play-lh.googleusercontent.com/-7xwiIUxnGXQ/AAAAAAAAAAI/AAAAAAAAAAA/AMZuucnTCJSH3BOOJaoGb8G_41HdiraWBA/photo.jpg,"Great game, worth buying.",4,1,2.30,2018-04-27 06:19:10,,
gp:AOqpTOHLmTYpIw7dGAU4jbt03bR-eBOsX6DfWuFwOh4GoIi_wJHqhaoKgFU3q1kk9GhgIrswlNTEyFZ608-ukw,Nick Carlberg,https://play-lh.googleusercontent.com/-RopsH4MTjgo/AAAAAAAAAAI/AAAAAAAAAAA/AMZuuckVloawB2NN8vHoRL6Jd7ioV5eHGQ/photo.jpg,I really enjoy this game. I just wish there was more to it,4,1,2.30,2018-04-11 18:46:07,,
gp:AOqpTOFrrhpxx5n-pn_-ZFRw2fKL_2BYlrr49_EExmE0GMdyj9l4bKrMF3u9ShwBUYrOCJIemKJFgjuCcrUyqQ,U1rich,https://play-lh.googleusercontent.com/a-/AOh14Gi4a8KhOE0VIuCTOHFZIVDrXKNPmEecVkIUSerodg,Very fun and a great time killer.,5,1,2.20,2018-03-30 01:37:50,,
gp:AOqpTOEGw37vf2ziGuQ87eph_XlIJ1pJThic36RlyWX1C_l2ej4TNJ-dqzVXE22n_PEElbVGg-FGk47IXMhuTQ,Daniel Smith,https://play-lh.googleusercontent.com/a-/AOh14Ghj2ayw0wayB56zQskVa4gLu9LBwoktGdod4pKj,"Great game, love the retro graphics & easy to learn controls I'd love to see a custom paint option added please :-)",5,0,2.30,2018-03-16 01:17:52,,
gp:AOqpTOEm5tXAsU0BbyjDOsxy2zXgmBpmOm6J5PvRE-UUz92l9jelPBlisoHEFWYmGvt9XM87-gvlGpjDSk-Qyw,carshunter2 222,https://play-lh.googleusercontent.com/a-/AOh14Ghzp04XvbWjsPS2fsHiahwSCrfXwVEHPBpf-2O2,It keeps erasing my championship log when I get like four to five races in what's up? I finished in the stock car and won a championship. But in the Indy car championship it keeps resetting?????? I have also seen some reviews and think I don't have the pro version after I have bought it tweaking draft settings what's this?,4,4,2.30,2018-02-07 18:11:09,,
gp:AOqpTOEiu_UMMHCEYV__xIpmqfrFysLgCSPAP5E9fJoI2-AHFm1blM7kcqTlPVXQoSGA10V09ojFujVtGiVH2Q,JDKillSwitch,https://play-lh.googleusercontent.com/a-/AOh14GhXZsQ7L5tOhzP78iJFRkyErhOheGukUxvlOjxmCuA,Amazing game but you should allow us to create custom paint schemes,5,1,,2017-12-31 06:47:45,,
gp:AOqpTOEmxToeL_j0oqJ6DBuOF8E22dNkkympmG2pa85O4I73r3be-j_pP212EkSMWd7gyeSFPmQYLgMfMJQmIg,CalebMarinelli,https://play-lh.googleusercontent.com/a-/AOh14Gg3dTtqvgplhPszZ71Nq09fQRrUkbXBf-J0PUlIgw,"It's a great racing game you should definitely buy it! Could you add a paint(pixel) booth, career mode, longer races, wrecks, cautions and pit stops, a trophy case, race teams, and post race celebration? At least one of them",5,22,2.30,2017-09-08 18:05:44,,
gp:AOqpTOFR4NC2HZacV4mnNPvvYzC3iMVnXF3kXrDt0n3ntFe-dPOugeh1byhHjaGkOfD8g3Nh23VMqNS9HZFX7w,kobe beers,https://play-lh.googleusercontent.com/a-/AOh14GjSWO9hrKk2Phifr1O1npL-dLGt1r79Jq8bzpMS-A,Great! Maybe you could add a multiplayer feature?,5,2,2.26,2017-09-04 11:43:43,,
gp:AOqpTOFFreVpsRwkMK4qJxjuyyy5GTg8Ag1rG-RUw_mPRGaQZ6Qst1F_EqDLhm-IioaiaQM6J0u5Zp1lEaapeA,Frank Parker,https://play-lh.googleusercontent.com/-rEGyHNczPO0/AAAAAAAAAAI/AAAAAAAAAAA/AMZuuckBqT86RlYSPFq2OgW8gwM5TIzgqQ/photo.jpg,"Can't praise this game enough it's great, but maybe you could make it so on quick race you can choose where you start on the grid? Thanks",4,1,2.26,2017-07-08 03:06:18,,
gp:AOqpTOGUmX7gtjQNfh41O7HhUbmbSUlfpPn7Q3LQf_ImXJorIGF7QxAQvVz60c887p_cirqJ6MNxzDEiRmcAmg,Adena Pollard,https://play-lh.googleusercontent.com/a-/AOh14Gjv354C2JEGrviaybjW2yRuM5ZoOMrjLQbcYS4nCA,"There is too much lag in the game, if you get rid of the lag, I will give it 5 stars, if not this will still be 3 stars.",3,1,2.26,2017-04-15 11:24:57,,
gp:AOqpTOEDU3ejZ54P104MmtP896-GAcqFcS8Yo37HgJkH7UJC-TqeGPjG9RhBmnDY0nT0bS45FmRRe3_y1A14iA,Ryan Shipman,https://play-lh.googleusercontent.com/-p5Qik5wSNLs/AAAAAAAAAAI/AAAAAAAAAAA/AMZuucmGqAvu3Ff7rNLGq-JNmwzVQpUsew/photo.jpg,"Not a huge fan of the new physics engine, and the constant increasing cost to unlock paint schemes is ridiculous. But otherwise a solid game. Definitely encourage buying pro version to have fun tweaking the draft settings.",4,4,2.26,2017-04-11 18:05:40,,
gp:AOqpTOFGIFOhgR1hYtXj6aaiPBX9vL37RxAGKber4_Q7HT5ywV3Zh7AKTOL4vUMtxZnNa_22HKKxELewS-BHcg,Christ -Valdwin-,https://play-lh.googleusercontent.com/a-/AOh14Giq-NbMtxazYrrwBATKjWzneNdaqy7SGj8vJrBEXg,"Alot can be improved, maybe put stop , longer races in championship and that God awful camera spinning ughh it can ruin the fun at times when it constantly spinning Still great game",3,3,2.26,2017-04-07 11:31:25,,
gp:AOqpTOF3v1Do7gZZxMtCA2wyNe3B6bD3r8qOUx-K0nKNqLMMT-brJgSOeW-gnK2p4CIuLvkO_WrtV7z0VCJuKw,aiden bassi,https://play-lh.googleusercontent.com/-RT5L6SjuiGs/AAAAAAAAAAI/AAAAAAAAAAA/AMZuucleZBq0qlJ36pPko3IhJ5tqyjt9Ig/photo.jpg,"It's a great game but I wish there was cautions and pit stops, that would make it even more fun",5,1,2.25,2017-04-01 09:27:17,,
gp:AOqpTOHnXsXAbdwtkBr73rXsFB4dygYGsHLhWi0xgGWrZsKQflExQ0543zA-owGqJAPj-WlKuo3jJgiSBozv9Q,BmxBandiT,https://play-lh.googleusercontent.com/a-/AOh14GgnnyC8ixWAxcHVlXI3XxsWgIC8laWyXNpHL6_M,lots of fun. enjoy drafting heapz. good challenging game. a must have,4,2,2.26,2017-03-26 13:03:35,,
gp:AOqpTOHlt2DjF4LfxMosOEv7ngsslh9h-iHR5_jnHt3HxQumMrvfzhmZ19_96VZzNL-dC6qF4hL7Gzyy040_Ng,Jordan Smith,https://play-lh.googleusercontent.com/-IGfYc81hk08/AAAAAAAAAAI/AAAAAAAAAAA/AMZuuckap5pTDZVdnBJhJAbW4mOVHwUtww/photo.jpg,"This is an amazing game, really having lots of fun and it can be challenging sometimes, would definitely recommend it as it is well worth the price I think the game could benefit from cautions and pit stops to add some uncertainty and make it possible to catch the lead pack as it is impossible if they break away Really great game so far :)",5,6,2.26,2017-03-25 11:22:35,,
gp:AOqpTOFOIV6mVAiTdZbM7DLOUIAvdIH4-WpbBm32qz1vqdNVESr8TNdasC9gItobWRXQzH49owVvPlTqmwUNNA,Andrei Cosma,https://play-lh.googleusercontent.com/a-/AOh14Gi_2_ulUlvcnsInJDOsDhKnCIOLDFTeusBKua3T,"This is the best NASCAR game on the play store. Love the retro feel, seems simple at first but it will get you hooked for hours. There was a problem with the pro version not really being the full game, but the developer responded quickly and fixed the problem. Thank you very much!",5,17,2.25,2017-03-24 23:47:33,"Hello Andrei, the latest version of the game fixed this bug. I also emailed you with a workaround if it was still an issue. Would you mind changing your review if the issue is now resolved? Kind Regards, Josh @ Superswatch",2016-05-24 00:39:26
gp:AOqpTOG1pynMA6K30-zrjB-4gTSCdq6u3J2SSoNt8YTQxNFItcZVtQkS89O_I7Yg2YPPZZIJaqq8LausPz2zsA,Kyle abel,https://play-lh.googleusercontent.com/a-/AOh14GiMyfstAHVi2UzjLW9c2gda7-WMOd6vPsvLHsrcDA,"Great game but I have noticed a bug. The Indy car championship after I won one of them and start a new one, 3 cars carry over their points totals from the previous championship. This has happened for two of them in a row. They usually start around 2,100 after the first race which literally makes it impossible to win the championship even if you win every race because you get 185 points to win. You can only accumulate 2,200 points if you win every race.",5,2,2.25,2017-03-22 11:39:34,,
gp:AOqpTOH5uE3iN-IJj3JVIgyTYS8d0S4U3TgOpWwkVYDvaXOaOKvgSX1_JQtWSJYSP1H99ulVPzhuCvWxsmswSw,JonJon 7K,https://play-lh.googleusercontent.com/a-/AOh14GjKxZCDYWbuGhgA4emWO4-dlXNRVaPvLCfPEQdv,I love it to the max only thing is can you make it as the chase format like elimination format of tight now,5,0,2.20,2017-03-17 23:16:49,,
gp:AOqpTOEBTHD4vzORFNWECxma4-Oew0H5KfIYXx7M1MnQaB4L0ec5O8j2Q4vyrHafYesiPtCDfQQyxIZSRIX-Ag,Rush,https://play-lh.googleusercontent.com/a-/AOh14GhSCfUPIEqwByTXuaAnVMvRLOQZkWL1oDImauq-1g,"Long car rides? Pft, no problem just start a championship series and Fight to win and fight through a hungry pack of 42 other racers. It also has 3 types of racing series' you have stock car, trucks and IndyCar. There is also fun challenges for you to try but be warned as they are only for the best of the best! So in conclusion if you like action packed tight racing then try out Draftmaster as you won't be disappointed. Hope this helps you get an idea of this game!",5,3,2.20,2017-03-10 09:58:10,,
gp:AOqpTOEXOgWi59exYSE9MOQwdlBeKj3_K2GmjoaH6jhJkjdtQeIvrgAfFwbwYPgCziCc0hoY4IXdW3j527e9tQ,Patrick Sheppard,https://play-lh.googleusercontent.com/a-/AOh14Girh41PtRF0UBbnZwbfrmI94Zs17Em14VUiwXdMmw,"Fantastic game with great mechanics that make sense and feel real. Don't normally like retro looking games but it just works with this game. As a racing fan, love it, love it, love it!",5,0,2.20,2017-03-03 21:34:25,,
gp:AOqpTOHb_NSECSuwOZir2LtjnaYeUQi_JFvhwwuhVVXWg6H6K7dmKpo_CQT7IuBBWkcsrppO7lZgI1oYGNueHg,A Google user,https://play-lh.googleusercontent.com/EGemoI2NTXmTsBVtJqk8jxF9rh8ApRWfsIMQSt2uE4OcpQqbFu7f7NbTK05lx80nuSijCz7sc3a277R67g,"PLEASE ADD MORE STOCK CARS, I REALLY WANT THE BURGER KING CAR, AHHHHHH",5,0,,2017-03-01 17:08:56,,
gp:AOqpTOEbkVE-tfewIKnm_flWSfIpSyh6Xh553xowFa5YiCwl8Kv6JfQ34IQcq4gH1nWPE9xZWgKVeb53DOSGUA,AJ Fusco,https://play-lh.googleusercontent.com/a-/AOh14Gj3rAAUZhCOZn2vFc9-J2wY2k4-glO6ZAJ5Vuka,Terrific,5,0,2.20,2017-02-23 07:44:37,,
gp:AOqpTOFxT09wWT6qOay3SzNhr7v6V0gEUFneeMLRnfppq63RS_K3g9JCQUiWLE0yDK7_A6bpCeMLqNr-Fd4uxg,Israel Rodriguez,https://play-lh.googleusercontent.com/a-/AOh14Gi1iu5E-DVI_AG94_mSkI1vvsvIiFrOcyaXD2X6YA,Love the pixel art gameplay &lt;3&lt;3&lt;3,5,0,2.20,2017-02-16 12:28:29,,
gp:AOqpTOHxi_vwbfxArlx3lA4fh083B6Zo-vhLKF0pfGJSX-CuL79TJfZ9Ya8C3rtk1zdtDhypisfZPOyCCHvuJQ,Stacey Lawing,https://play-lh.googleusercontent.com/a-/AOh14GiryNF0E08H-nvoukqvuvuh1YpRwdPcyb7b9tYw6PM,love the game. only complaint is championship scoring.,4,0,2.20,2017-02-06 09:43:15,,
gp:AOqpTOE4jhr-36vuhwdVxTy40vaxvf50npkTxRyLQwa3PMhjCy7cLIjQNWGsSGnkJYDf4DlOhsrkDvZkWPN6wA,Glenn Galle,https://play-lh.googleusercontent.com/a-/AOh14GiSw6mwKl1LpBP-IWmpkIIine5Wvjnyh_Rvet5C6w,Great game!  When will we get another update?  There are great suggestions like pit stops or just new tracks or formats!,5,0,2.20,2017-02-02 17:58:43,,
gp:AOqpTOGhL5ywT8YvpMuIqEprDPrvlRStaLDcTsmhAoLw0uQxXFo4cir8N4OPQR234E6vZ4KfV_v9cr5p4Ag4bQ,Space Dog,https://play-lh.googleusercontent.com/a-/AOh14GiqKx83EGUtNJ7VyMNx2aGfpp5ZvcWuHPiLM15pdQ,Better than IRL NASCAR,5,0,,2017-01-30 12:39:37,,
gp:AOqpTOFvKcPs6C0N7-7dQn3_AFkIg6GZS_jziReIWg59EH7JmmTdZcHuFMu78dvqvvmw8g4Z0ZUC07JMVTNhSA,Panzer the Fox,https://play-lh.googleusercontent.com/a-/AOh14GikbiGHbdP0j-4HsB36OgdUuCUOMdzgr7iE2DatrA,Worth every penny! Even the free version has no in app purchases and it is so boss so I bought the paid version and love the editor features. The creator also deserves the money. Would be better if they added a pit stop feature though.,5,0,2.13,2017-01-12 09:26:34,,
gp:AOqpTOGshTatyqg1LoTGgH2GAWtaMZ0T026jGGLMakKFkI7Z6dO-aKST_d83M7Rv0NRBO7Aew2O6ysKVtnI1KQ,A Google user,https://play-lh.googleusercontent.com/EGemoI2NTXmTsBVtJqk8jxF9rh8ApRWfsIMQSt2uE4OcpQqbFu7f7NbTK05lx80nuSijCz7sc3a277R67g,Enjoying the game but wondering when we will see another update with hopefully more tracks,5,0,2.20,2016-12-25 15:26:48,,
gp:AOqpTOFh6E-xVE8znqZGqggqS-QsocmzW6cDVNAwLCEh02RCF9J2moVDNuw3KvuN2S1bHyCx08-M7ZR4oOMDpg,takeoverracer23,https://play-lh.googleusercontent.com/a-/AOh14Gg2BUVnmA7L295ByQMCrqaGN7691Jmh60tTchYUwg,The indy car is RIGED,1,0,2.20,2016-11-25 11:25:20,,
gp:AOqpTOE_JNXQquUx9vIejBxRKaGBqnPAikmJ903ejCx6KRAvULUNlNVoYwg2tN2YkKRONwpLvrQEAaVkCDr3_g,James Morrell,https://play-lh.googleusercontent.com/-sRouOQ2obgY/AAAAAAAAAAI/AAAAAAAAAAA/AMZuuclXizZkby5pWZeYcVkULX4FRV3UkQ/photo.jpg,This. Would. Be. Epic.,5,0,2.20,2016-11-24 12:08:31,,
gp:AOqpTOGrOb7NI1fi73pzmhQjhzCqzxCLP2dbWMlIAHkQxY7NRo25PAhUP5gR-pW_LI8sGeuq-mtLpBtLNL8Lkw,Troy Brown,https://play-lh.googleusercontent.com/-GtbcyGG6QVY/AAAAAAAAAAI/AAAAAAAAAAA/AMZuuclgQB4_XURz5Nou0kHDX3WCnzAkYA/photo.jpg,"There should be a Chase format like real nascar that would make it a lot more fun and interesting, a paint booth for a custom car would be great, pit stops and wrecks should be able to happen, and instead of the camera rotating the cars should actually turn and go through a turn and you should have a race shop that shows all the trophies you won from each track and, cautions. If these features were added to the game it would be a way more popular game, these minor things can make it so much better.",5,4,2.20,2016-11-21 18:30:21,,
gp:AOqpTOEi3Oe9kZtyGLXh993hlGPg4RBRHXDTMSw4fK6mK7hgcVqMMEQJUo33jbQEG3qnrxp0gufVDaiAqnxAdQ,CH33BO_OFFICIAL,https://play-lh.googleusercontent.com/a-/AOh14GiJPrb9wnnwIeltLV6e5V49UsQ3YfEhFKYrWnqK9A,You should add an 8bit graphic first person view,5,1,2.20,2016-10-03 15:12:27,,
gp:AOqpTOH5lXNRcjfXFlGZKTKfBw98_ldyOfewRvMSk3SvYdvLyYjtN5SE-iTHwY6ZMVnRVIv_NddLge2vg4O95A,Professor Balzac,https://play-lh.googleusercontent.com/-Ns-ls9-4J-Q/AAAAAAAAAAI/AAAAAAAAAAA/AMZuucnqb7RRkxWqL_f886XPA3vK6fW_0Q/photo.jpg,Super simple but addictive. Only complaint is the championship standings are sometimes inaccurate. Any plans for a full-fledged racing game?,5,0,2.20,2016-09-19 19:37:23,,
gp:AOqpTOHeRuloPFFSyUzdfXwhfeC1sBstoiERZjCKvwwD3Bmppo0utt76hAZ3KTVtMrlBV68CryRQ4i9bAfEeFg,Paul Clarke,https://play-lh.googleusercontent.com/a-/AOh14Gj5SJI2g5oDtw-9ssHiDlK8DbEJnSZsIejeNpZEog,PLEASE add an option to mute the sound. Can't play while listening to music or a podcast.,4,5,2.20,2016-08-01 13:26:30,,
gp:AOqpTOHgDT8uI6jkDIFeFurDNCk24LuQ4owTMu5C-EdNVA17bwPHNJZWfnKcbv2SpgxqorZIiu6WlUdo07AUzA,Rhiannon Carringer,https://play-lh.googleusercontent.com/a-/AOh14Gi1hG_AuJys6p72_mIZM7WvsPmHuh7C9_IBpCUPuw,Awesome game.Love the simple gameplay and the pro version is even better. Maybe adding wrecks or maybe some pitstops...keep updating plz.,5,2,2.20,2016-07-29 19:15:03,,
gp:AOqpTOEkBeCTi0jHDXMhXMHhEMxdyTF4hHdH5CNXR1ZpOT3uZeqgOiqsnqVDzK8L2x6IklikK7H51mc_IJVX5g,Alex Burnhams History Hedgehog,https://play-lh.googleusercontent.com/-IYkYre-IJGY/AAAAAAAAAAI/AAAAAAAAAAA/AMZuucnlYKfNLNVOx7Oj8BM95vUWkzmEUQ/photo.jpg,"Really good simple game format,  would love a paint your own car facility, otherwise a great fun game.",5,1,2.20,2016-07-25 00:23:36,,
gp:AOqpTOG1pO5BSRWUpb7nVy7uOHCMRPxn9in9TXh2iVVUWu4W-7-VWU2CGujTCcOCXud5rZDz0DTWrvFGpOqOYg,Bobby West,https://play-lh.googleusercontent.com/a-/AOh14GiWcWz-cxzz8y1p6HDcGi8uOwVE6qhnJm8j0IlxC_c,"Really simple and good fun. It's maybe a little easy, especially when you get clear in front, but great nonetheless, a rare phone game I actually like. Would be nice to have a little splash screen or something when the season ends or you win the championship",5,7,2.20,2016-07-05 01:31:43,,
gp:AOqpTOG83gUnrZGt72pR_e43T-xFLSWI7I4uJPI9fzhJJbHfvYv6LXkmVGGEiZvdyIhBsC-tMLDys-PNQO8D3Q,Matthew Carr,https://play-lh.googleusercontent.com/-GBXnugcNxTk/AAAAAAAAAAI/AAAAAAAAAAA/AMZuucndSCHFTrxbfSKrxTuns6WNj89UdQ/photo.jpg,Great game. Please add 2 lane tracks and tracks that go from 4 lanes to 3 lanes and back to 4 lanes,5,0,2.20,2016-07-04 19:05:09,,
gp:AOqpTOFHAB5v3jM254MMWO38PtYddBLZUtcqAi0rpkaY-vt1ZeeJyaW8zYF70B-bKYgvyVVoYVB1_7dweNta1Q,Brian Colling,https://play-lh.googleusercontent.com/a-/AOh14Ghz1iK7qWbUzNPpcKt8JHIQyc_MgE8N_4JrhkGUCIY,"1376 points for a 20th place finish on race 1 with the trucks. Won 8 races, 2nd in the other 4 with Indy Car championship; was 12th in points. Still enjoying it though. 5 stars when scoring fixed. 👍",4,6,2.20,2016-05-31 18:35:01,,
gp:AOqpTOE1Xf-sY9lE2knm_yk8ZptJU_SOrcXnRUOwX4Upoa_5flLyKJnB5uGcCKZXQr2C7DeIAzj-LlnSgCK4xQ,James Fritz,https://play-lh.googleusercontent.com/a-/AOh14GhG0BKSq9NJ7dif3QYHujQ3V_9sXql05k5D34ykMw,Excellent Little Time Waster.,5,1,2.20,2016-05-25 20:49:21,,
gp:AOqpTOHNSblPe6B9xSnS2PXqNKo30_lFMN0N5QTjscZwVR8sQfw7866vZmNC41oe8G2aDVPoBS80Dz1Ki5HtzA,Will D,https://play-lh.googleusercontent.com/a-/AOh14Ghr78ron-JG4TwT_l9fQ-rADbe7rZRDb-WeptlK,"Free version was great, Pro version is better. Would love to see championships for trucks and indycar. Push to pass on indycars would be awesome. Just an amazing, simple to learn, tons of fun, high octane racing game. Well done, sir! P.s. for some reason I did not get the starting credits but the doubler is working.",5,2,2.16,2016-05-12 23:33:43,,
gp:AOqpTOFiRXQZ94c_dMe8yZIWZogdAJfuA7XqWp7XC-MdlPB_pnvW0LzvNJngDgUhJBxCe5J2XEmSxmIMiq-yFA,Jacob Pinkstaf,https://play-lh.googleusercontent.com/a-/AOh14GgeCthy0BfSJURrrWALBwQW5MuGwI2ihv9_0M535w,Free version was fun but the pro version is way better it's worth spending a dollar on there are a few minor bugs in the game barley noticeable easy to fix. One of the best mobile games out there I usually hate mobile games because they are usually pay to win or have a timer on it but this you can play for hours supper fun for nascar fans and non nascar fans. Great game very enjoyable.,5,1,2.16,2016-05-12 21:13:06,,
gp:AOqpTOGakXFBdNDo_urqxB1pJDm27FaWVXFNmw3scCPeZarp5HSwnQJ_hrpeY3dHZj8sNvvONXwsQpP6QzIHIg,Jacob Stalnaker,https://play-lh.googleusercontent.com/a-/AOh14Gg3yUuIU7XAiS_excUhZx6G1HvvF0VX4OXKycO1,"This IS the best game. Greatest of all time. PERIOD. The only reason i upgraded to the pro version was for the 28 car icon instead of the 48, well played developer, well played... I think the the simplicity of it is what is great, you arent building up attributes or earning points to buy better equipment. You just hop in and race. There is only one way to truely make it even better and that is If there was a version for PS4 where you could race online with friends. But never the less, Two BIG thumbs up!",5,1,2.16,2016-05-11 23:31:45,,
gp:AOqpTOFCzT-55w5jt0AKuhB6duFrnUenaR-I_wAuTVkLonKSrSSIeM6FjE-iuolijg25gQ2T9t8j_FRXbGUSDw,Anthony Fiore,https://play-lh.googleusercontent.com/-4v0Ax8wtWW0/AAAAAAAAAAI/AAAAAAAAAAA/AMZuuckDQ2d6Q0BsaKR_8fgqf5h1aY5oHg/photo.jpg,"Had free version and loved it. Bought Pro version for the extra goodies. ;-) Play it ALL the time. Just waiting for more paint schemes, specifically the other Days Of Thunder cars... ;-) What about having Championship mode for the trucks and indy cars too?? GREAT game. LOVE the Atari feel / look to it.",5,3,2.16,2016-05-06 23:54:00,,
gp:AOqpTOGJ6RuUvLWgS1ZhT9MrEGl1mr6sSiC43PHqXdFR6ttEOuAsFJyasfUkK4ldpEYR9AvvBq9H0BVvp87OIA,j m,https://play-lh.googleusercontent.com/a-/AOh14GhfvgJduZb6krrZeWjw1fKa13vub02mQ9KDQbcrLA,Needs a career mode where you start out with a minor sponsor and a slow car. Work your way up to better sponsors and better equipment. Also could use a car editor like in the old Papyrus NASCAR games where you could do the paint schemes on your car.,5,1,2.16,2016-05-05 07:10:29,,
gp:AOqpTOFeZOHZQTsupSLY7FZCdk0Ox4sSyUJ3DkZadakV81EvSExylwarkVnpRMCDTTCLZG6tIeqS-pJhHuN6Qw,Daniel Brown,https://play-lh.googleusercontent.com/-zMiVbznWMYw/AAAAAAAAAAI/AAAAAAAAAAA/AMZuuckYO7WSGaqItTcrSs0oeXT2vkBDOg/photo.jpg,Basic fun,5,2,2.16,2016-05-02 15:54:10,,
gp:AOqpTOG7MCSp_wFo2LCP-wUQlyptGNCKQ1iB_LEZthBOth7-ltPv3JVFx3VGWLCJq1MbtpCPmRrRGIBgEKfp7w,Gary Myers,https://play-lh.googleusercontent.com/-kwB1xIygdQs/AAAAAAAAAAI/AAAAAAAAAAA/AMZuuckeOxPDoJYC2OB1NzIL7fCWcyhPXA/photo.jpg,Put in crash here and ther pit stops..woud def b sweet,5,3,2.16,2016-04-29 15:45:15,,
gp:AOqpTOHnOBLEwnLAHkeURRrK7qnjdIeTuWhLPgSS4LLGRkLDnQEx4BIiBaZXI3c3A4fxSek0nQJbrqAJYiL31w,Ryan Soucy,https://play-lh.googleusercontent.com/a-/AOh14Gj_KVHgbljYGQDfDw5tk_8InQsMUO87vyqeFoTmvg,"Loved the free game, so I bought the Pro version.  I love the challenges and editors. Possible New Features: 1)Championships with all cars 2)Fuel consumption:drafting uses less fuel, also enables a boost when not in a draft or leading.  Running ""out"" means slightly lower speed. 3)Damage: aggressive bump drafting leads to cumulative damage.  After a point, it could slow your car, or cost you some of your winnings. 4)Being able to import carsets (I'm willing to contribute gfx). 5)Individual car performance to reduce randomness 6)More championships to unlock for in-game cash (could go with the carset idea)  Unlock the championship with cash, then buy cars within that set to race with. Would pay $2 more dollars for these features!",5,8,2.13,2016-04-01 09:07:38,,
gp:AOqpTOE-kY3qN5H3srF2froVz3l3x87HdlUpW9xINxKGfRnj0z44R8OjUoYGwVMk8sUp3qjDWgUocd_wVNLr1g,FOSTBITTEN,https://play-lh.googleusercontent.com/-2RmkxROjyeg/AAAAAAAAAAI/AAAAAAAAAAA/AMZuuckUB8ObiCAOugaUxy4aV5VksZjXNQ/photo.jpg,"I bought the Pro Version! This is a great no turbo, no NOS, & no turtle shell game!!!! Very excited to play more and experiment with the physics portion!",5,3,2.13,2016-03-29 02:51:19,,
gp:AOqpTOGwe_gimpkmi8UCxJx94jPhdqJa-sMLRbAUJf_cmNXb2NlUYKpwve34qWksc-HNZW_eNbJ5KWmsCTltkQ,Matt Wood,https://play-lh.googleusercontent.com/-DJGwMPxIqao/AAAAAAAAAAI/AAAAAAAAAAA/AMZuuck3lHlwoGqcccM7SiCMyZIRzLfkOQ/photo.jpg,Finally a pro version! This is my favorite game to every come to the play store. Hopefully many more good things to come! Keep up the good work Josh!,5,0,2.13,2016-03-28 17:49:33,,
gp:AOqpTOGcMeD5nJSZrfuLSokEAjK9mjtmVn9aX32-_fyb8G5RlKzbYHvBHuJ-sPvAn8jUM2WGamQwDwgL-LkXQg,Josh Wong,https://play-lh.googleusercontent.com/a-/AOh14GhOBrosZb1JamV4DuOdZ__fUPR9qkwTlyzoe4F2,Thank you for purchasing Draftmaster Pro! Hope you enjoy the game and get plenty of extra enjoyment from all of the Pro features!,5,8,2.13,2016-03-28 16:23:39,,
