reviewId,userName,userImage,content,score,thumbsUpCount,reviewCreatedVersion,at,replyContent,repliedAt
gp:AOqpTOF7_Ji53SqT3MGHq9UFvVeumfq3UbvIdaJDBn3Gy7dyDrip9x6HFPSx1PSLdCm8G8DZzX-M6emgN6kfn6Q,The Porg,https://play-lh.googleusercontent.com/a-/AOh14GiW8SLoOOaC2jwzBHCwd_EQ-oX9IgURBDG8HJ3uig,Best game ever,5,0,3.8.7,2021-01-30 11:45:39,,
gp:AOqpTOEnoHIflkAkIGNcBOh2dY_y_oUKHXiNhctuWbYzQOTy3JcFLx2bs-KuT3oBe_fnRQBkpmStxqNxZXvrxEQ,Chad Baldwin,https://play-lh.googleusercontent.com/-K2F3oIbblYw/AAAAAAAAAAI/AAAAAAAAAAA/AMZuucn5nrYbFomeCB-9uzmeKd2lPdavnA/photo.jpg,"Latest update bugs: reduced pitch authority. Weapons systems audio too low, chat freezes. Will add to list as discovered.",5,3,3.8.7,2021-01-26 14:13:53,,
gp:AOqpTOEKC56m24jJNZj0wM6ifPgMnVlTI9k341THyQ2AdEqRO0OvsxLq0NnjTR16TBQj1bSxsA5CzTn_PV657Jw,K N,https://play-lh.googleusercontent.com/a-/AOh14GhH1UYmfyulESYitu5qkf9P1M_-bHEFythrE0UtVw,It's good now. There is no blackout so fast anymore and safe to landing without suddenly engine off after gear down. Please do the same thing with other games and please add OV 10 BRONCO. I'm your loyal consumer so I give 5 stars to you.,5,1,3.8.7,2021-01-21 17:21:58,,
gp:AOqpTOGkOLE_9QPOtzrAzh5DC4uBoubdYTsQelannBfAkGm9WxYqFZuNtKFkAHDmHZ9WCJcCZKXdhgpeiT-72DU,nitin lathwal,https://play-lh.googleusercontent.com/a-/AOh14GgquVc-kYsdkxVNS3gdrFA8FEyWC_isQXbSmYMFEw,I need my refund. Game is not launching at all it's stuck after payment. Gimme my money back,1,2,3.8.6,2021-01-21 01:50:28,,
gp:AOqpTOFt-iV0XbkbFljVFy_z2ci0MQkL4CULHSUeRUNK7qchZ_kf5DSMqmx7iEoNfqEAPQgHf9cmfQgH2sr51BY,Rajat Das,https://play-lh.googleusercontent.com/a-/AOh14Gi7ZkbsniRee2TsMNM76scbgd9ipHU5RwTTpMBCrw,"After update Game is Worst , Black out in 1 to 2 G limit , Black out all the time. I hate myself wasting money on buying this Game. 🤦",1,7,3.8.4,2021-01-18 09:49:59,,
gp:AOqpTOH8zgwFpIuxV6xp3-g0FiGoL1nz2UkSxS3RMkQxGHPWlToniVIm_SUqk8Gog41KKLH5ZBbt0RxiRpPgV6w,Soham Banerjee,https://play-lh.googleusercontent.com/a-/AOh14GjihEjjDFrYVZxxC5j-Hk7mqeJnwvxZ7mFYl6CMhQ,Must also add American jets...intercepting US jets and dogfights like the USAF and US Navy versions of the game would make it more interesting.... please add American Jets also...love the game😁😁,5,1,3.8.6,2021-01-17 00:03:56,,
gp:AOqpTOH2ugVpVR7TxzXIiozTVLDt0tINJai63UsC0y7TNzL5quWmKNo4_DJjHAeYB6H5nAltQYQSUUg45-Xx0f4,Ben Basler,https://play-lh.googleusercontent.com/-mPqV55mCuvk/AAAAAAAAAAI/AAAAAAAAAAA/AMZuucmx9fC2-ecM1P45ku3CqzpX2VMHfg/photo.jpg,A little more work on this game and it would be a very good game,3,1,3.8.4,2021-01-02 20:19:20,,
gp:AOqpTOGgh6ExgaSbNRMcNzWoERZK4J9x123SCIh8bqzglaPGYXtHJXfy3FDBWzwQOw4oLsmOzTpsuksBUMuedws,Gavin C.S,https://play-lh.googleusercontent.com/a-/AOh14GjosXmNx0UShA94eS606QLYSYn4MDX0QYh1Za8VLg,"Well just one problem, the permission not the storage permission, so I keep stuck on the loading screen and wont load, please fix this game, I hope the devs keeps updating Vietnam, and Gunship 3 America, and not Gunship Sequel thanks.",4,5,3.8.4,2020-12-24 09:29:15,,
gp:AOqpTOEQo6USGBdzsSZ_U5PSkykQMV1vMfOtxFxAntd0rdh96UPE9JlHz1HP1EPTdUJ9Uz52LQD_ob-QT_00MaE,Prince of Africa,https://play-lh.googleusercontent.com/a-/AOh14GhzLHvHyn-TYPIkC3Ble0rSyD57Ivcx_jkLBqJkRA,Love playing this game. But it would be better if vietnamese side had helicopters,5,1,3.8.4,2020-12-14 06:39:37,,
gp:AOqpTOFQzqtkBA-emFrm2ZhHRcOT442C0sDRYcOV-PUwQ-Z-zPtdNrsBO6nkN8BGxkyf22MGS-xtjujUcBkgMIE,Chris D,https://play-lh.googleusercontent.com/a-/AOh14GhnFBQj_wuAJgIG2tkuAzp6hkOXic0HQ8mbFXJY,"This series of games is pretty heavily biased in favour of the Americans, I must say, almost to the point that isn't realistic. This particular expansion is only for those who enjoy a challenge.",3,40,3.8.4,2020-10-15 06:27:28,,
gp:AOqpTOEkveh4MpgerUdIyg4p1LHVLVbdYn3v6SxklhYPFadXkJwm_foE3MTIVrAExH0F5K4EgZyl0Mn_UXj1zZE,Ian Scott,https://play-lh.googleusercontent.com/a-/AOh14Gimp_jdj0TTMxomyRuaWz_cfTx7VjzWilDGUb4AWA,"Love, hate, like, obsessed, hate to love.",5,0,3.8.4,2020-10-01 01:27:18,,
gp:AOqpTOHZrJ2Ufd_CC6G8CDNnCV8NsvONbzkKbg0XPJeUpejd1Qa-E1fzzYyzEh78zn1CWrXbiurQ1k1Ds77EUjg,L PH,https://play-lh.googleusercontent.com/a-/AOh14Gghyshl13C-XPc9xNRGEpCKn4S-ZzfhLm7-HX_62g,Awesome game but I think this version suffers from a lack of aircraft north vietnam used helicopters too. I think it would be cool to see a Mi-24 or something like that in the game. And the MiG-21 and MiG-17 is super buggy when when the throttle is below 100 also the MiG-17s airbrakes constantly deploy. Blackout is stupid cuz you can't turn well.,3,11,3.8.4,2020-09-21 15:22:18,,
gp:AOqpTOFmDSR6gi4fal5gOdAOowBhR24LHkpDq--XOeDPiRMCFzA7qBeDc1cu_kEt0vBAFJTjCMz_GN3znrypoLs,Tyler Hester,https://play-lh.googleusercontent.com/-zMStP2krkfk/AAAAAAAAAAI/AAAAAAAAAAA/AMZuucm4LCs3Bt_uo1__6SyLyk-ecXe0zA/photo.jpg,Love it,5,0,3.8.4,2020-09-04 07:49:13,,
gp:AOqpTOGfIW6WSjMVheEIMAYk5hSHxzasDiONhpIU3DzPRuOEN0YOc2A8RsCB2yk_yAh2O5thBdVVj8m9eE_WwkI,Maryam Kaita,https://play-lh.googleusercontent.com/a-/AOh14Gh9kCH4bXIym_h_BYSDC8RXRT_m-KkKP2blq2YWDw,Terrible game don't download op aim 7 Plus add the better cockpit for mig 17 The cockpit in game is rarely use even in mig 15,3,0,3.8.4,2020-08-01 07:00:51,,
gp:AOqpTOHQtULXR0xWFZ8wplVJexsmDxc3ThJ95lZrkGSMXg1EdSkxkBUscC2fPCoKXdJ72ohMAdXSnj4R5ABFL_A,Lises,https://play-lh.googleusercontent.com/a-/AOh14Gif3s2xMMc5mPuc3IdsTGDFfun7fc4Ivu3aF_Mz1A,I WANT A REFUND FOR GUNSHIP III FULL VERSION I PAID LIKE 4 USD FOR THAT GAME,1,1,,2020-07-30 05:40:08,,
gp:AOqpTOE46bLrNjN4ctukUSkM52F0ke5iZffGx_jraqGldug2JUt0QTNCou0hXPvy5hedD_qmwiaYwGTGhF211Mw,Tommy Ewerts,https://play-lh.googleusercontent.com/-ZeHvrHtwG0c/AAAAAAAAAAI/AAAAAAAAAAA/AMZuuclpRBMpZd_5MGYw2w8yPBsmipJdQQ/photo.jpg,😀😀😀,5,0,,2020-07-03 11:09:07,,
gp:AOqpTOE9xFVs7eD-91ug1SJRke77bLJ-la9w4gUYJe9cX9tRTkuk8aKbed9kg3QByWBaiPvN1bVkPZIhMMFUSJA,Gauravdeep Singh,https://play-lh.googleusercontent.com/a-/AOh14Gj_zi-qerTtw1uitaglMGQ72Zhg_zX6cerhNxp3,"Good game but the American fighters are too powerful. Example: F4 caries= 8 missiles Mig 21 caries= 4 missiles Ratio= 2:1 Also, they have long range missiles and radars. We are weaker. Our jets are difficult to control. There are always madness on our bases. I hope it is useful...",4,20,3.8.4,2020-06-21 09:04:42,,
gp:AOqpTOHPHdPpolQAYlVv3LjpHlaHFaobLCmBE8AzO5Y6cVTXEzy9w4EoWKUcC36MIF52Hy9mCskFXHqw4dxbWbM,BG Bookiez,https://play-lh.googleusercontent.com/a-/AOh14GgO-V99f0U-OoiBhzI8uXTYbI3Iu3gej2Q93CCX0w,It's ok I guess..,3,1,,2020-05-06 07:59:02,,
gp:AOqpTOGl3v2q40FV0TMKl6abZi53ZaUbokkW7IcgFObBS-2au29SedqXukeCQ8Y0FD6JzEYcHeJ_ggV0bSaj1xI,KING TIGER01,https://play-lh.googleusercontent.com/a-/AOh14GhhusVnqwn8WtS3-GX-qBKICd7sPOvX2pmNt2Cf,Best sim on the app store,5,1,3.8.4,2020-04-05 03:02:29,,
gp:AOqpTOEzTPucUBM7xL0w_Regbu_0wCsfvXHdIHl8nNUG3ZXS-v89D9G2HzrS2uo201FBBKbLCbR-7GAFYzOQEVY,Gurpreet Nagi,https://play-lh.googleusercontent.com/-vRIIOYyINgE/AAAAAAAAAAI/AAAAAAAAAAA/AMZuucl1vr1-ShYrC8gUdNVmxQeLMW2BGw/photo.jpg,Vietnam forces are underpowered man that's not cool I have purchased all of ur games so believe me I want a fair fight Russians had the best missiles in vietnam war not the Americans but here it's just the opposite mig21 used 2 scare American pilots in real life but in this game uhave made them a joke not fair. Give every country what weapons they actually had nd how they actually performed . can't do that then say on the label itself in this game only Americans win rest all are easy targets.,2,3,3.8.4,2020-04-03 08:40:32,,
gp:AOqpTOH60fqP_VTgRvO22W8OslichIEyf77QFeglRBLZCs8OMFDRkyWWOQRwO4_75SuBPK728ap7vXKzbmHkorU,jack seperoow,https://play-lh.googleusercontent.com/--y2Q19I8ruM/AAAAAAAAAAI/AAAAAAAAAAA/AMZuuclJ_9JQugBALZ5xLqs4LztCWDBk5A/photo.jpg,Got stuck on the loading screen,1,2,3.8.4,2020-03-26 17:51:00,,
gp:AOqpTOEE8mINLKVCKRQckRvLlis1XWEpjIbQovKSXklx-8clKWl9qdofFXfvhiofOY05PigKpzhK5jEcYaQ45vs,Bill A,https://play-lh.googleusercontent.com/a-/AOh14Ggrt6tXJ5ng5KyrY1Y8O6YdfBHpm1tgPB3nq0UFONg,Not updated anymore.,1,2,3.8.4,2019-12-29 03:45:55,,
gp:AOqpTOEcjwmPmxX9onOgPU888CuzwlU2J5wJxki_ISIppFTpN3I0RMiITFTqYshOFLkNsc_TIJlkXkNJ0zB7GQo,penny kozmenski,https://play-lh.googleusercontent.com/-w1dCQ8Hlyxs/AAAAAAAAAAI/AAAAAAAAAAA/AMZuucnDopmTYbTqj25Bbhk-3nkdZ7bI1Q/photo.jpg,Ok i spent $3.89 2x for the navy and this one and i clicked on them and waited for them to load i fell asleep and woke up and it still loading,1,2,3.8.4,2019-08-26 16:31:37,,
gp:AOqpTOHCUCJ1a-4EQ3jDlK0RkMXXBR-Y6xhHA9EANNzvQE5STQsmhFXyF1Rs5DuM8KqpUULTp-V3kljUrQ_iJF8,SHAWN Shawn,https://play-lh.googleusercontent.com/-rw2AfhvxizQ/AAAAAAAAAAI/AAAAAAAAAAA/AMZuucmAh5siIhLN_8w2qUMGfaQDJMdxHQ/photo.jpg,WELL IT'S ABOUT TIME YALL ADD A RADAR GUIDED MISSLE FOR THIS SIDE R-3. AND ALSO WHEN IS T THE F-105G EVERY GOING TO GET RELEASED????? THIS GAME IS GETTING REALLY BORING. WE,2,11,3.8.4,2019-07-16 22:33:01,,
gp:AOqpTOFwxNsCtmk6A-zxF-rKiUea6T9NNkDCyWPhVSGlWekmSXa0LgApyDWPr1LoJHhWawVnx3AXq73i3EX5jxM,DevPitcher,https://play-lh.googleusercontent.com/a-/AOh14GiC6joVVgfBARakWtHzG5_JoifBpzabtgpK-aBSJg,"This game sucks, the VPA is underpowered, missiles sometimes don't work, jets are slower than the americans, not much fuel, same jets no new ones, and unfair cause the americans can fire missiles 14km away while you need to be 4km away.",1,25,3.8.4,2019-05-29 12:54:06,,
gp:AOqpTOHHT9q0xpqgS_ZGsxxOAXDM8L5bHujUoILLsMJ59ALqQupWMXFr16V3-jqe8bc8_8RDxpy8IqHEP3-AyKc,Zachary Linck,https://play-lh.googleusercontent.com/a-/AOh14GhBt24zUFLQ403rwoVZAo7u-0tBGLKtIkPGfipW,"i wish the cotpit was a little more realistic and we had another opponite that wasnt a bomber, like an F-5 F-100D A-4. I also hate how u have to swipe the screen left to look right, same for right to look left. also u should add an after burner button. Other than that it a great game :)",4,20,3.8.4,2019-05-28 19:15:30,,
gp:AOqpTOH9Vo2DIRE_5AMz30s8uB0BEs7DdZ3IEgj18UJSgTXZKtFdLy4cdlTfWFVr_ToPf8R0taiSEPhX_3GhYeE,RAHUL RAJAN,https://play-lh.googleusercontent.com/a-/AOh14GgM6DOHztlJMDvBKiKMe7F-cDQBhoQBRJ2ZItdXPg,The developers of this game is actually fools like VPA is soo underpowered and all the people starts buying the American version and the people who have the American version will get bored as no one is playing the VPA version.,2,24,3.8.4,2019-04-01 22:14:54,,
gp:AOqpTOHY1rgxbEHBfsBQUVV5nKUt_QV9LLbkRx6C7yuTsLYe37QGz_YlgUyKPfHO_5zC9UuuIqGLzHl85Z7q_qs,Sundi Crowe,https://play-lh.googleusercontent.com/a-/AOh14GgA7dzksMEY7DY1C9nUMr8rdSTBoJsYoqb8hdun5w,Great game been playing it since 2014,5,26,3.8.4,2018-12-03 21:38:23,,
gp:AOqpTOEAGzuBmpb7lXZFw3BBiE-F4ThXZUqbNu6MBUexrBPyAiXGuSRpWLGUcIyV6iiLa7yGQrGUv7OAYc0XP6k,Jetman6555,https://play-lh.googleusercontent.com/a-/AOh14GgwCINJFL4ST_WhlKEwwwq-keR-6-V5lrIK7dagnA,People get stuck in the loading screen when you do just wait about 5 mins and then restart your phone /exc and it should work,5,9,3.8.4,2018-11-27 11:16:56,,
gp:AOqpTOFelQY9j8m2IDxPjCH0VyOH8x7F5sW8qDBgpAOQLCeH4HNlgVjdiihC626_sita1fWGMPv9gxH8slH84ug,Emir Šemšić,https://play-lh.googleusercontent.com/a-/AOh14GgnvwZJfw-V3bf_jtLdYsWsHiCY-L645S20_iW5KUQ,"Great physics, and solid multiplayer . Developer needs to fix bugs regarding the spawning on top of each other, and add few more planes to the Viet side, preferably with flares or long range missiles, even though that is historically inaccurate.",4,12,3.8.4,2018-11-19 02:49:51,,
gp:AOqpTOHDGe0xf44FKcREeNad366bibHFk6ORj0HRJKA_h_bgcyz9OR-7ibuW3L7ZD64aJU-N315Dyl2oUSSR9dg,Robert Partridge,https://play-lh.googleusercontent.com/a-/AOh14Gi96KJyTJXDm3bjCnBEVVeSwlZthnBUkT99nIT_erU,"Great game, but what happened to the Navy version?",4,1,3.8.4,2018-08-13 21:54:40,,
gp:AOqpTOEQ0jXrS--QQFpe3ijulEipoYJuiauwS4_NAQbx6QSjch61PIZDLqoYGmXuQF7xWS8XT0muy1L2cDpo6dE,Red River Downfall Parodies,https://play-lh.googleusercontent.com/a-/AOh14GgkjJ3NuoIh0pm6FDs0phxNv-GovaBNZ9-H-7w3IQ,"well done game, but what's with the blackout that's unrealistic",4,3,3.8.4,2018-07-03 03:21:30,,
gp:AOqpTOHsXdKcQSW6qvdTavDofprg_RJnTb0PLDnQmJEI6fOGrTuKRiz9TBmX10OLON1oBc4FMiJSlin9iwVSu4s,A Google user,https://play-lh.googleusercontent.com/EGemoI2NTXmTsBVtJqk8jxF9rh8ApRWfsIMQSt2uE4OcpQqbFu7f7NbTK05lx80nuSijCz7sc3a277R67g,Please add helicopters like the hind and the mi 8,4,3,3.8.4,2018-06-25 11:46:15,,
gp:AOqpTOH6HFEVJIShtUpS9IG3KlTHKIlhVxr-OwLnpFqH_AZSAqT_EeiSZ-NCjpWAwyP1To7bPnN716H5Y92K4CY,Sad Silm,https://play-lh.googleusercontent.com/-cITEaHtQLb4/AAAAAAAAAAI/AAAAAAAAAAA/AMZuucnAA150ae8j--u-qfRezlBgeI8fJw/photo.jpg,I wish you do more in the game apart from shoot down b.52 planes,3,2,3.8.4,2018-06-22 00:23:44,,
gp:AOqpTOHaqTCDcC7D8EiX25-3FIra6Bevh3U4L1zCkqM8IytMiZFtLACsC_MLVKSUP1B8hvlCr54XjJSjZbFMzmg,1000 subs with no videos Challenge,https://play-lh.googleusercontent.com/a-/AOh14GhAQuMhdG-79DM3EBNiqOJqcSVeqlM98Fvsmd8HpA,Nice planes,4,1,3.8.4,2018-06-19 06:51:00,,
gp:AOqpTOHnTmrYdGZJTaaS5EyecvtTwbJbbZQ87DCLsw-kEyXAtCz-LDRaARblWM5fIywOSTvpXU0NZv7JQGlmo5s,Jim Bodiddly,https://play-lh.googleusercontent.com/-wX_1TmLPRwM/AAAAAAAAAAI/AAAAAAAAAAA/AMZuucmmcFNUhomFQV3F8VfooaN9he9A-Q/photo.jpg,Unplayable. Too many glitches to list,1,2,3.8.4,2018-05-04 09:32:45,,
gp:AOqpTOGeqbODIiAWXGF4ORwZCogYV2gUnscrCKnDIfWPeMzDHSHl59CivG6jVxFMYZhzCmZZXOYj8NA1sPnD4wA,Makani Rosenthal,https://play-lh.googleusercontent.com/a-/AOh14GjKeZ1eZ0YqVY2EQDfMoq4dhk0VFTj46CO05MnjeA,Can I please get a refund,5,1,3.8.4,2018-04-24 21:52:17,,
gp:AOqpTOFaoOo1ZTap6dOAYWhfi2dNWXXQHLj8RnV0x9NTEMO6iS-8IINtdAtul4hha2Y8Q6MaBcNSZvV07nVUP6U,Gleb Sokolov,https://play-lh.googleusercontent.com/-SqfcLkDevb0/AAAAAAAAAAI/AAAAAAAAAAA/AMZuuclfG0qhSi01CGmdCqcYxE1vbXW7fA/photo.jpg,Add more ai for singleplayer,4,1,,2018-04-11 11:08:12,,
gp:AOqpTOHhBcatkvzBCLGviLqVqKbrMCap-nOcSMtpuG7_GA9ZGwPwYwjHGWEVmI3iLpFbwDg1sfxP-KiuEbUt84k,Skippy 4077,https://play-lh.googleusercontent.com/a-/AOh14GhCppvS8Nwz5UWvhyB0-buiOGVPvly53c1_uv9P,WANT ACCESS TO OLD VERSIONS THAT I PAID FOR BEFORE THE GAME WAS CHANGED,1,8,3.8.4,2018-04-07 23:00:12,,
gp:AOqpTOGzr0ZRfk_sanM519-9g_gJ3Fd6iN3-BOsY25nct-bt1RFLB_1EWGN6BxVcMdAyw-h9_dI5rFtO2L3ySMI,A Google user,https://play-lh.googleusercontent.com/EGemoI2NTXmTsBVtJqk8jxF9rh8ApRWfsIMQSt2uE4OcpQqbFu7f7NbTK05lx80nuSijCz7sc3a277R67g,Needs updates. For the throttle.,5,1,,2018-03-23 04:26:45,,
gp:AOqpTOEF62c_Xni4QnbxPsPc5rD5bz21xDnpAzFE1U6t5Ol7s7XHMEEbM5gZrkOZcSRyLovb_y8WasP7Wj6kNWQ,Storm,https://play-lh.googleusercontent.com/a-/AOh14Ghsn1rqZKwQanVEM85rLTb8r2DqmlMzc-0_AWpTDg,"How do you get more planes, please respond.",3,1,3.8.4,2018-03-15 15:27:51,,
gp:AOqpTOGzz2ZxBTM88OLhIr6djXZC-dkBhFj-G6JKF95Pj859mzcqxAppXd-_3-9Fs-B6Yl72ktos3UdjvzO40p8,Akimz Penta,https://play-lh.googleusercontent.com/a-/AOh14Gh829IAwVyzQ5kU1KrKNmzWf_fGnXyYnm_ruGFVPA,Why im stuck in hone screeen i very hateit,1,2,3.8.4,2017-12-30 10:22:10,,
gp:AOqpTOElzoD8bQhTgboVc0tsQQQgTEomJtjI74gs0WlfRkG4PK4foALGAMRPDjN7EISO5CKqthakEMyQ0AHsU-E,Techno Shaman,https://play-lh.googleusercontent.com/-O94WKVXn6IU/AAAAAAAAAAI/AAAAAAAAAAA/AMZuucmJMbPHOY1JRPeU04_UCgrWtEPt0w/photo.jpg,Malware disguised as legit app.,1,1,,2017-12-22 14:38:42,,
gp:AOqpTOHqT6kRIFfnAuXibtvYpH_HBnnU1s_4vmJlIf8JZadTd7Kql_ZF1FJpu1oLea_vgNIUBcno7PeqXsmSFXQ,Anthony Herrera,https://play-lh.googleusercontent.com/a-/AOh14GhhEsWThfN54qGZ5--revfdv_u96o4vdL3bbc8v,"I literally love this game. But there's something that I've noticed and this player needs to seriously be banned from ever acting this game again. His in game name is ""IIAF"" and recently I've been playing multiple matches with him/her. He always uses the f4d phantom from the regular gs3 package but he always glitches once you have a missle lock. He also can ""outturn"" ANY mig her in the game. As I recal, the f4 can turn with a mig if it has speed, but in his case, it doesn't matter, he won't even use afterburner and still keep up with the migs. He hacks and also used condescending language which disrupts the gameplay for the other players. He is a disgrace to the game a NEEDS TO BE BANNED FROM THE GAME. also, manny other renowned mig pilots share my concerns such as M.A.G.A and mig 17. Please do all of us pilots a favor and ban this malicious pilot from gs3. Thank you and have a nice day.",5,1,,2017-09-29 23:19:55,,
gp:AOqpTOEPO4gYhh3YrP6V-KhaNr53TG0dxhB36UMbAVNIDEnwGW3AwUSxV7pWq4IokVzJc-RJHoNBl8sSKhYzku4,Adam Hopgood,https://play-lh.googleusercontent.com/-o_ZDYefd7Xw/AAAAAAAAAAI/AAAAAAAAAAA/AMZuucmGbVGo_qDFFQ691cNrWiTUcxMstA/photo.jpg,Won't start,1,1,3.8.4,2017-09-23 15:25:35,,
gp:AOqpTOF_ObXQ78JH5_3e2owg0GEyVIMSHjkXJpye0IyXh1km0gDcOG_EGc1NKFs5WHJJTwYK1m10qiY3dcfUxkI,Steven Khoo,https://play-lh.googleusercontent.com/-0X9GT1cCrtg/AAAAAAAAAAI/AAAAAAAAAAA/AMZuucm0-Fri0mMMkwxe47Nv3kCzaVUyNQ/photo.jpg,I reinstalled the game to my Samsung S8. The game hangs at the startup screen. Please fix.,3,5,3.8.4,2017-08-05 05:18:43,,
gp:AOqpTOHgeGVwApAzvrEparpxuIbE_QjEVfu9jBvAm5q2oQGPq7QxaUWREqpPGYyL6ngcKM8r7rwBsIOYCLO655w,Jason Ross,https://play-lh.googleusercontent.com/-6qdC3QEAac4/AAAAAAAAAAI/AAAAAAAAAAA/AMZuuclKxKS96jBeVU9jk_XwCYkSk5vnDQ/photo.jpg,it will not open. I have navy and your 1st one with f4 but this will not open.  please fix or I want a refund.,1,3,3.8.4,2017-06-20 10:02:37,,
gp:AOqpTOEXxkOjARpdfAjG8pp1pBlJkBf43IqKTY6GzWcR9ir3d-n3gMvN9NGL-BO6mVynNUUJ_LGOtNtTPZ5IWMQ,Mont West Black,https://play-lh.googleusercontent.com/a-/AOh14GhCJrAPeQTxbdfHCfUT6TUotqdb-YMAtzTjlmEw,"Yea I was stuck on the loading screen. Really unhappy that phanotek hasn't fixed this. The game itself is spectacular but this problem needs to be fixed. All people who are having trouble: what I did was I opened it up, waited about a minute, then powered it off WITHOUT exiting the game. Powered it on and opened it and it worked.",4,27,3.8.4,2017-05-27 15:55:02,,
gp:AOqpTOFidFea7G6fJCuhb97yyfTVAiuqAjdYe2B510Hhl9xrxuPYlrnK3cH28Uel7-wsmMKHckeWYD4UGOYVZsg,The Taken Warlock,https://play-lh.googleusercontent.com/a-/AOh14GjMoB3tIhV42uGTrWSyPHkWPH0iVh_vUk4MtdLdbg,Needs more content,5,3,3.8.4,2017-05-25 06:44:50,,
gp:AOqpTOHsmd4n9wQRC0-uNfEwELshqm0SHP_kMsMmzvDXZLHR33196s1SaBSXYZvo9hJ3uy0W0JbODZ27u5MTQ6w,Erwin Rommel,https://play-lh.googleusercontent.com/a-/AOh14Gh3TGD0FDmpF-EvjuqJX0_OP5qQhwbQdfsr5Ezb,I tried to say my fathers name and it banned me.. his name is dick peacock,3,10,3.8.4,2017-04-12 23:02:38,,
gp:AOqpTOHttK9n4nh9l-lfSv9tBrbJCPnjBCxxn8ujAWjBvR5WpO68kwbZwH6PwKUxRjcPYyI4LWiSoYE1QEi7Upk,Jeremy Deacon,https://play-lh.googleusercontent.com/-JwPZ03UQ4cY/AAAAAAAAAAI/AAAAAAAAAAA/AMZuucnX2QOC8nd4ds9mVXOgi4PSuR7g8A/photo.jpg,Awesome flight Sim but. Need airspeed and altitude at the top of the screen like it is in ww2 wings of duty. Not having these makes it very easy to stall the aircraft. The the land and jungle could do with being more realistic when landing. Vietnam was covered in paddie fields and jungle.,5,26,3.8.4,2017-04-02 02:25:32,,
gp:AOqpTOGuVJ4S1jHPcMat_N_2VkSeyMi0yMESsrBhBjP42myP59hbUAX7Sm1dME0Dge2K9vLatvhC_YBxEiP_f5E,Nomad2 Ghostwaker,https://play-lh.googleusercontent.com/a-/AOh14GhjEtFMJKcbNN9Dlp9TRSScRyxHQR9OeSprdbMzBA,Stuck on home screen!!!! Fix it plese,1,2,3.8.4,2017-03-15 12:04:52,,
gp:AOqpTOHemBVP-dEAsZJUpFlVqnPxlZMOziWGr8eBcUddnwU136geDnKXBYn9_UZmBnHt6oBkPJqVXiz-64X7XzE,Jeff Morrow,https://play-lh.googleusercontent.com/-TwaoER6PEa8/AAAAAAAAAAI/AAAAAAAAAFs/AMZuuckC8FwaI32i4NgVvBmz_39DHJcm-Q/photo.jpg,Why am I stuck on the downloaling part please fix it,1,2,3.8.4,2017-03-03 14:55:24,,
gp:AOqpTOGbV553rcTuO0P6zkS0iqQDaUWqboxUkyB3FUybWCXzjLkZweV87lruV3PpIkDnYG6oqe8VILnq7pORh9U,Dre Adams,https://play-lh.googleusercontent.com/-4i0_lrDeak4/AAAAAAAAAAI/AAAAAAAAAAA/AMZuucnoZ6GbDp6AEfXhFXwCBjybKtGO3g/photo.jpg,We should know how fast we are flying. It makes the dogfight better and not guessing our flight speed.,1,3,3.8.0,2017-02-15 10:47:47,,
gp:AOqpTOFN8riTafgs8vtlrUpIitId4vdJ9-J2z1z-Pa8HVx_IUIbgTaUFUHNVLC1VrBnytgarLal-3e7gTAymn0Y,Katrell Washington,https://play-lh.googleusercontent.com/-Z7hboxE_vC0/AAAAAAAAAAI/AAAAAAAAAAA/AMZuucnkjTusY89IMg9KfPQ7e16cHLfqig/photo.jpg,Was stuck on the load screen,1,0,,2017-01-16 09:34:29,,
gp:AOqpTOGfAyRUJxezLTcueYa7TEzk5u7j7qD0-NLduQ2QF8RAq3zox1eu3D7al2d7WxP7J-9AIUcMOWnjv4-FHnA,Ninja AirAttacker,https://play-lh.googleusercontent.com/a-/AOh14Gi1CvZBCzxhJhAcoSEJ-nkc1aXQr5adIDx0s3Vc,I can't open the game,1,0,,2017-01-01 00:09:14,,
gp:AOqpTOFCVXndZBwH8bVjAJ7PKdOEFBM9iI38Rr0NpDf3TizftSfRisFpDqDBZ6RfrZMbMmtTDuFqtt9x5JVb15s,Sam Gagnon,https://play-lh.googleusercontent.com/a-/AOh14GjIJTzEplGkjIVCuR-hMDMukH7M7el2zZLgop7DVw,"Stuck on home screen. If I could give this game 0 stars, I would.",1,9,3.8.4,2016-12-26 08:43:08,,
gp:AOqpTOEikDlv-R_573faa01aIia-1S_1s5HT0lA8gSqV2ss7FqdwBwq4GYWQ9ekzMnXVt4D-OeoYo05jNMzt6Cw,Imran Hakim,https://play-lh.googleusercontent.com/a-/AOh14GiQDuSxd8lzUc6625hBbz1eTtamB4KyhH3-Xrw1-A,"The game is a very interesting game because it features a modern air combat style. But when i play online servers, there is always a point where the US-side is very over-powered than the NV-side. It's kinda frustating to battle with since most US-side has alot of planes which some of them are really strong to fight against it while the NV-side only has 4 planes to fight with and the planes itself won't stand a chance against these guys.",4,28,3.8.4,2016-12-25 07:45:17,,
gp:AOqpTOHa4gelUDgXt4VlpltnbNJ5pNcscdAOlO5BUUzyC_CgqrDCgxlvMgiNAxzZNBvAFnh4HtyvphXGQsYfCs0,LUKETHEIRISHMAN,https://play-lh.googleusercontent.com/a-/AOh14GiIcJskqyef8DskO7wC67kGdrHvK4YhWLwm_stxhQ,"I can't use my tab 4, about 2 years ago this game worked fine, But all it does is she an image. Please fix it.",1,9,3.8.4,2016-12-10 11:34:02,,
gp:AOqpTOEFlM-YpK8OD15Ir4gaPoxwsrkZurrWkHE-Rubg68KBXs_bsFgVREqbOwIPUFrqZv4GO072erqYehUIONY,Radio Active,https://play-lh.googleusercontent.com/a-/AOh14GjMqbyy4bb3htPC5R-Bo7aUFs2nHBWS2ikgdGGl7Q,Pls add more b52 bomber and enemies(USA) jet   so it will be fun dogfight,5,2,3.8.0,2016-11-19 04:25:05,,
gp:AOqpTOHh8G7a5VSfKaaHLj2waFQFh9_KWJWzEiyYhjohQ__vk200gHEScZ_ERysSH11ggO94yUX3_RYZQJ33fLY,Alaric,https://play-lh.googleusercontent.com/a-/AOh14GjCfC6ANLPVokXsgYMWLM7AvcK2nNS7CzGtC_aAVA,"A great, fun and highly realistic combat simulator, however I would like to see AI integrated into the single player missions and also a more variety of single player missions.",5,1,3.8.0,2016-08-06 15:21:53,,
gp:AOqpTOGdZg3MVxHmUlry2EVRAGfpysl1Bo9U8LuexIsVrygz10jsXBSw2NDOeTiWg5g9i5EfggyuDAt7yjh2Qfk,William Williams,https://play-lh.googleusercontent.com/-oG8i5AL4g_k/AAAAAAAAAAI/AAAAAAAAAAA/AMZuucn5y8f1-egXb96Rk4E-D8I5JwOqBQ/photo.jpg,Best military fighter simulation hands down,5,1,3.8.0,2016-07-22 20:41:55,,
gp:AOqpTOEQICC0LDrVNz28cgsVWhARFKIf_o3Kp2wxP9-7e8VW2qy-r7VgJqO-Pr2zKuZt8tZvJvNPiAF_hJtUQiw,William Simpson,https://play-lh.googleusercontent.com/a-/AOh14Gh5xmf6VBrXPIDz-Z4gPX5_zuRtTvR2gwQ6X-SoQg,"Great sim, defo the best out there. But the cheating that goes on is staggering. Hacks that make aircraft invisible are the most common, basically the players on there side can see them but the enemy cant, very frustrating and I rarely play as a result, shame because it is outstanding.",5,5,3.8.0,2016-06-20 15:05:56,,
gp:AOqpTOE-Kqs7Jjubw2Tc4H0vfPAWm6MZmPPSvOIMgKqszoJSy3mvlyCViFoZn9hGJzwfc2t40t7DJwLzechLeHI,Chad Majors,https://play-lh.googleusercontent.com/a-/AOh14Gjxw5KTKWkuSIpSjHHuxtaNqUaskXRc5S9j7HQs,"Not an easy flying game. FYI only has b52 no AI jets to shoot down, multi player has piloted USA jets. Once you figure it out it is the best. Seems impossible but the radar guided that the f4 uses can be defeated. First, fly as low as possible, then try to get lower. Don't give up comrades!",5,28,3.8.0,2016-05-16 17:31:53,,
gp:AOqpTOE7wNmtgC_TRRiaRaTaqH5Kr91g3dqBif-NTPsrlByoGMtw3D8uiZeib2yD5XWRT348Dm_BjmHITcWjiqQ,Steven Weir,https://play-lh.googleusercontent.com/--Ye_16c02U4/AAAAAAAAAAI/AAAAAAAAAAA/AMZuuck_w6CJ81ut_zZlNx-g4n2eO87rdw/photo.jpg,You guys are stunning with this game!!! If the people's army had just one helicopter then if I had a 1000 dollar Google card I'd say no make it a million Google card. I really mean it when I say you guys have a good thing going. I know you might be working on something else but just a little effort and that's just fine. Keep making miracle simulators.,5,19,3.8.0,2016-04-27 13:17:34,,
gp:AOqpTOFjzPytkWymuJWw1d4eqq8i6pHwsZOw4AfIFTWdEZOUWt6U39uV0Uq5AgyeAiguovqdIuM916CKAsBDGH0,Ceratogyrus,https://play-lh.googleusercontent.com/a-/AOh14GjfphUf8eqDa4bOSwBBNP1ARD6jFQB1s_LZiAKX3Q,As realistic as it gets. I love the attention to detail.,5,2,3.8.0,2016-04-12 16:37:50,,
gp:AOqpTOGdDueVkHaRD2c5qZM5tIs7-VrQXtLjBUyw4atx78nKXv3dNn3DeYzoH9kuGt19ZPg5JvF7sGSKgNgjHDY,Junzred Lopez,https://play-lh.googleusercontent.com/a-/AOh14Ggj5XVw5VukjrFjXgnJyf4BlSXJ3SGJgOOH6_PsXQ,Why there's no ai jet fighter of U.S.. add those of them..,5,2,3.7.9,2016-04-09 19:38:59,,
gp:AOqpTOG6kaQpSdsZVA40d9Bb_y0vAiUvcYzMMIyNmCmBiafhaUmdiKuSR4pIkLzvGT8pCuDe0A6LxWQBR0RSFDM,Kai W.,https://play-lh.googleusercontent.com/-ZeyLmAdKT_A/AAAAAAAAAAI/AAAAAAAAAF4/AMZuuclrGAll3DdPTYItVS4NI48qrz16sw/photo.jpg,"These are the best phone apps ever! So fun, great air warfare, now just work on a pc version asap, I would buy!",5,4,3.8.0,2016-01-13 05:12:53,,
gp:AOqpTOF46AkAlAmtUR2559mdvZtJlcISSty6rfRjWKYwrYFq5HnltxEckhnfNaD2tyZjJ8Xxn26P9cdyO_GD04w,Dirk Venter,https://play-lh.googleusercontent.com/a-/AOh14Gg_qO7wJfYEdq8B9YDVqkXNjU1-61dfOyrZ7fH5,This is the best game I played in a very long time but this version will cause the end for all the other gunship 3 games. The american strike and navy have way better missiles making it impossible to compete with migs. The result is everyone is playing the american strike and navy so very little enemies. The mig side get frustrated of constantly getting shot down and the american side is getting bored. Upgrade the migs or at least also equip us with aim 7 missiles.,5,7,3.8.0,2016-01-06 04:24:51,,
gp:AOqpTOFNkG_8D7SCGCcqK9WemT6CMJUfdiGxL5tQaxe11ZgXIQlBRzBIBbopV4zdPvpSmUb97eimciZYkFKI4hw,Andy Myers,https://play-lh.googleusercontent.com/a-/AOh14Gh9ts6ow8HTzAfjECCpG1Cpar52bJRFU1jAQHOqo6A,I used to love this game. But network games crash all the time these days. It is horrible. Avoid.,1,2,3.7.9,2015-10-31 18:03:40,,
gp:AOqpTOGQDjk2USCDqYcb98WMH3VnT0LRf5MbOeaI0aH5W2GY-BT7RAoZdDZtjp9r8GpdpylOSbEtM6M5FWlJkZo,Gabriel Torres,https://play-lh.googleusercontent.com/-90ikeJkPhbU/AAAAAAAAAAI/AAAAAAAAAAA/AMZuucly7ZzA865BmH7uPM0Dw_O4i4wrGw/photo.jpg,"I always get shoot down by the f-4 phantom  long range missile ,3 or 4 minutes after ,I get tired, I wish I can dogfight agains the Phantom but is impossible, I have all the other games they are great but this one suck.",1,7,3.7.9,2015-10-19 15:12:07,,
gp:AOqpTOGcXxy8emH9JceM8Nt5Ox9HKY96udR_2NMsww4_1jqCEgRBsaPk-l8TEWt0eukrKxNC5HcsNxrEKjLtq0k,Aderly Sanchez,https://play-lh.googleusercontent.com/a-/AOh14GjD_lO1gQE0nbynjY1Lt-3o5xqa9NLPZg273PRDPQ,The USA air power is too superior compare to Vietnam. How can I take down a Fighter jet went they have guided missle that can aim from more than 7 KM while Vietnam is only 1-2 KM. That not fair. Fix it Please,3,5,3.7.9,2015-10-12 12:47:14,,
gp:AOqpTOG923Q7JCvgqNcRLZ7iTuJLgw8B8XdcbjMkGrD7syp08HfugsbZ-guv4CgjPaQtaA7evlHhrxLtVFIlbYA,M Tursan,https://play-lh.googleusercontent.com/-Xy4stXc96LQ/AAAAAAAAAAI/AAAAAAAAAAA/AMZuuclNQb8HZebFqaR1OyBnfPwDlF9GjQ/photo.jpg,"I bought all the gunship games.  This one is completely unnecessary.  There is only one mission and one more airplane than the free version.  This is the only game in the series that you can actually find opposition in the multiplayer, because nobody wants to play as VC. And of course you wouldn't.  The migs can't hold their own against the US planes, so after getting shot down by an F4, six or seven times,  you quit playing.  Would it be too hard to inject the AI into a US airplane NPC? Has no play value.",3,7,3.7.9,2015-09-27 01:06:31,,
gp:AOqpTOGKNK9qA78jVmIaxjpcCxXz-TUnGVuhEI3dbHTknOAtli64A2xUZlsMpvB1HBkvXuJ86qWKXFvol5pvbbA,Adrian Reef,https://play-lh.googleusercontent.com/a-/AOh14GhtqwboCNzOmxXTSbA3eWNUp9-80RDLjqfjhZ0-Tg,The game is now unplayable. Totally unplayable. The controls are messed up.Revert to the previous version in your developer console please...,1,5,3.7.9,2015-09-10 01:42:54,,
gp:AOqpTOHZan7LKpe5dz1UTTnQyJ5PEftAW6osjnr8IpGgJIu3YkqfiCjBEKaJmu3fF9j93wtmCF93LfSDlI1zfHg,Daniel Orme,https://play-lh.googleusercontent.com/a-/AOh14Gj1BMunG6lxBJ1zF-oAijtzG3PZS75Z9tmwlF-DXg,Best combat game out there  Good luck on Wings of Fury,5,2,3.7.9,2015-09-06 17:17:04,,
gp:AOqpTOFnlcf1UaZV9-GUPQj4LEJnOYQglwVeDozJ2MA4B7-JeK7sdfvOjwmUHFjKvVFS8rfriP5FU36_SNtRB24,Yasher HashSlinging,https://play-lh.googleusercontent.com/a-/AOh14GgwF5MN3Wr2XjFhZZEzZVd5y0JgZFOFqg7HnJTEbw,Nice combat simulator,5,0,,2015-05-16 08:33:08,,
gp:AOqpTOGHbDa0gz5m_Z-Itnc34ottIUamRxK9f51av0XdiZFtceMtYTmx97YUGNYP52IofGiYHaLnZe0OWoxEoZc,Vermillion,https://play-lh.googleusercontent.com/a-/AOh14Gh8FYaCaLtJYc5S8L9q66NyoxHJkq5dYSpbit2kbA,Plz add the mig 31 foxhound,5,4,3.7.9,2015-05-08 11:38:46,,
gp:AOqpTOEjsqNQ2W-1xgiu7p5Vsv0P-IglMi0wliRYRWZL9FvKyrvf2me3iAyMK1mAo-sbXlQJX6_02eou1v1MDNA,Larry Lake,https://play-lh.googleusercontent.com/-CF-cBvmE8i0/AAAAAAAAAAI/AAAAAAAAAAA/AMZuuckm2n9fBegsbi9afWvUJlrwK-_ovQ/photo.jpg,SUCKED WON'T LOAD,1,0,,2015-04-11 17:39:39,,
gp:AOqpTOELy-WQQ9gWfdTGwN_74szDH2v2rdh2QnOHGc4hPYahpEvqJ1QYRkNUlS2hlI8YouUxdNsBSrbhVlXBizQ,A Google user,https://play-lh.googleusercontent.com/EGemoI2NTXmTsBVtJqk8jxF9rh8ApRWfsIMQSt2uE4OcpQqbFu7f7NbTK05lx80nuSijCz7sc3a277R67g,Stupid free unlock for a rating,5,0,3.7.9,2015-04-11 12:17:06,,
gp:AOqpTOHMVEUOPb-NAT8cY_-GewthmIpsdBbC07Ba0e8hMYQMXT_F0THHqElUy3sadiO8IbTSDA15K3-SruJFAC8,Bradley Barron,https://play-lh.googleusercontent.com/a-/AOh14GjyU2Ag3kNeX0RU8j86dZH6SWTP-px7aKiG-iMu,I can't take off but I can take off just fine in the others,5,0,,2015-04-08 05:18:53,,
gp:AOqpTOGJT9B0eI7KKY8614P7-bibf0GH7FJA-f31mmMBBVomfMKq8Ykx_Np11E4uuRF8FD0XdnCUt4TE53jnSQo,Rifle Man Mike 188,https://play-lh.googleusercontent.com/-7xFyDolB_ZM/AAAAAAAAAAI/AAAAAAAAAAA/AMZuucm9vIkXSMIFlAno3cE-sZdMkASdnw/photo.jpg,I bought this app an two planes for five dollars RIPE OFF. and BAD testers.,3,1,3.7.6,2015-04-06 09:10:36,,
gp:AOqpTOG4AyQTU0PlWtSsiWzzGy_CWF8kbwogNvgLvS4ndbAqH4KSwVqUlDnjoqmauu572s_hDiQcQ_6vCd66HoU,John Arnold,https://play-lh.googleusercontent.com/a-/AOh14GjtTYBJ4SJMtx6RVFBXyllTD07PHAqBrPU35Chb4Q,It awsome,5,0,3.7.6,2015-04-01 21:19:02,,
gp:AOqpTOG8uDlSZ2HqOZS3JnZ-qTl4JxZSXQXj22sxy86MI30l9NN6ZIlcnUvBUj_umKRyGKH5AfBp4tEGJHIyFr0,Jake,https://play-lh.googleusercontent.com/a-/AOh14GiXe-xsyvrYD7sg7f6iMt6zhxZRnzZWzj_agh0D,Its a nice sim. For $5 u get the moneys worth. Only wish tht there could be bombs for the MiG-21s though,5,2,3.7.6,2015-03-17 18:50:10,,
gp:AOqpTOEgMLVO5nEbL2HD94M40yEgiXgYvfuNUre3FYxszuC2swnFrKD1FDazWTctdWlfKmYg4u94vWpEWuMPtoo,Sultan Pallaguna,https://play-lh.googleusercontent.com/-WroMFL8sRIU/AAAAAAAAAAI/AAAAAAAAAAA/AMZuucnUCtWQJx5PWd-UZGby4JmqjZlJww/photo.jpg,I would rate five star if you fix this update I hated this update because I always crash on all my gunship can you fix it now please I would rated five stars,3,3,3.7.6,2015-02-25 16:27:45,,
gp:AOqpTOEVz_zlL_Xq8U7SxMhpu5qRbWN1_XHniMNA7p0XQfsGK4cS7-Yem_zvia11s8Gzqwqt9c1ad00htDtUsXg,MetalGhost95,https://play-lh.googleusercontent.com/a-/AOh14Gj3IyH_0LjhjcGpRBXFvYDlV8B4YjKSmZtNvuCqWQ,It has been very slow and laggy since the new update. I have good WiFi connection,1,2,3.7.6,2015-02-15 14:20:24,,
gp:AOqpTOFNU321JPt3LvrmvnvcOuifa2zmf3YJHZGv3RCLfbju_J680xp33lu6kB6Z0kgbZrKFhcrhPWnS4AWPbyo,Mr NPC,https://play-lh.googleusercontent.com/a-/AOh14GgHeHVZPoiQ1lZqVQp0OaElMBKJskri-C9qIaYNDA,Low raters = Bad pilots.,5,5,3.7.6,2015-02-09 04:02:24,,
gp:AOqpTOHePJE6NZpg7tuCIUZ-UZ8kMeH0AJOjvmTbampMguznDuVN1JuPQHVzd13zIPkZT8Y6wOhCQps0LTM8uE0,Kiernan Johnson,https://play-lh.googleusercontent.com/-FcQrKyIge58/AAAAAAAAAAI/AAAAAAAAAAA/AMZuuckytfMR_XZeyN2ALgA3AAejvIE2_Q/photo.jpg,Not good no chase camera any more,1,1,3.7.6,2015-02-05 05:18:22,,
gp:AOqpTOFE6R8SMc50RZa8xjds4uEt--jw5NVLxUeDyUHbPPUUwd9GnUHDiyOt3Er8E-g_-ch3CxdJUzV6pEiqrBE,Zane Hearn,https://play-lh.googleusercontent.com/-GJ9V0ZiUs4k/AAAAAAAAAAI/AAAAAAAAAAA/AMZuucn-eaJymey0WcflezJ8pL9KTn_JuQ/photo.jpg,The games good but add somthing like a mi-24 hind,5,0,,2015-02-03 19:09:58,,
gp:AOqpTOH1nV2NykPsWcuXH_i67OY8lyghSax8vk7f1BWGmCtlSCth5w4-BUaSFxZLV8wY8IJspf1LHb1DXaroeR0,Hall,https://play-lh.googleusercontent.com/a-/AOh14Gj3ZzKQdU1OKAYFWVGuDdZobv5wRSy78nDOdw9mbw,Add more jets like mig 31 or helicopters,5,3,3.6.4,2014-12-27 12:51:17,,
gp:AOqpTOFcDaeC-zIJOi-buMRKy9dltQ0f1KekWX3jBdmL_BYpeCiAFVeN-WoI6oxQLZyvI9hE2VgbhxYu2UOmlBE,Echooo,https://play-lh.googleusercontent.com/a-/AOh14Ghj5TQcwKdnZeN1KIcAl2w8jq7ahZqG-e-IxJyeHw,Needs more planes and especially you need to possibly add helicopters cause when you eject nobody can rescue you and plz add flap control,3,0,3.5.6,2014-12-18 12:01:14,,
gp:AOqpTOFExRut8qZ4fQdnCsuwuvVTKnf5Tec3ZjOkeIfjrJZN6JqpNKxWpGvIxJ28TVBHnUta2_9MThqV4w-t5ZE,Jordyn Mendola,https://play-lh.googleusercontent.com/-O3whCGBzUQw/AAAAAAAAAAI/AAAAAAAAAAA/AMZuucnYvoXzlamHRn92anMWChfe7HCULQ/photo.jpg,Big fan of the MiG-21 & add a Korean War version & make all games ground combat & air combat thats all :3,5,15,3.6.4,2014-10-16 17:41:19,,
gp:AOqpTOG6WRIDp_FQO4T5qH2T-e9XnG5uIu6z9urdAk4F-GEFKR2LcD8RhRNXHVFHo2EJ7wQ4uTXiFx80W4zCorI,Ahmad Alnajjar,https://play-lh.googleusercontent.com/-g2bfT2VX5sI/AAAAAAAAAAI/AAAAAAAAAAA/AMZuuclC8wysrTL_DAgmxhkQIMk-OdjOBg/photo.jpg,I jump between a few versions that I purchased when play and I wish I could access all planes I have purchaces from one app. If we had more choise of weapons for the mig it would be great.,5,2,3.6.4,2014-09-12 08:10:21,,
gp:AOqpTOFIOmfIgnZNog8pT3bPhwys803lwqI72V7zcrHHH8-BMZJ7aJb6AMfcg-Mn_11l27MiELrYTPHZroQhi8U,Chris Gutierrez,https://play-lh.googleusercontent.com/-0iE6G0yATDU/AAAAAAAAAAI/AAAAAAAAAAA/AMZuuckfjZcsxllH8l1bIV-lgHuRE2-TMw/photo.jpg,Fun game..when it works!  Half the time the controls don't react like they should!  So many glitches that it makes it hard to enjoy some times.  Please fix the flight simulation stability!,3,34,3.6.4,2014-09-03 20:00:11,,
gp:AOqpTOFAC6Uen2jty6yNjtMrF9vTx4tXGeMaXSCrG81mu_EUW8ds5Eq9rcW0i12IIY-KSNjg3QhEh4eQ0u2L9_Q,Isaac Callaghan,https://play-lh.googleusercontent.com/-DhlEzLT5y1o/AAAAAAAAAAI/AAAAAAAAAAA/AMZuuck8pOBgcVTSCIYX9TT4nzhNv_vdyQ/photo.jpg,Big fan of russian aircraft. Neeeeedddsssssss better ground texture. If the whole map was coverd in trees the same way the landing zones are. Also flap control. Nothing more annoying then flying slow and flaps deploying on there own,5,13,3.6.4,2014-08-24 09:42:18,,
gp:AOqpTOHT7870T0eq6ngjTl_D_FplH2QZK_umiEx6MjY0xWxJVFRNQM1kp3XZftP65sfe2NMWCw0aLLXaL1xgn3o,Travis T,https://play-lh.googleusercontent.com/a-/AOh14Gizsr3rNaLdD4l5segJWVgDz_aGPKODUc9pK6Ii,Best military flight simulator out there!,5,1,3.6.2,2014-08-21 02:04:39,,
gp:AOqpTOFjQIudvKCdpCI9InLzMAAcOH1JYd9TQ2JTbfiQr1Sr4GB6PwDQqA8RWn4jK___-m1pMGIaK_lV4bicXWc,Matt Vincent,https://play-lh.googleusercontent.com/-rvkh9O5DAIM/AAAAAAAAAAI/AAAAAAAAAAA/AMZuuclDuv39rKwwMq-yIkrg54OcIN0MwA/photo.jpg,Great game. Good realistic features. Its nice to play the enermy.,5,1,3.6.1,2014-08-14 15:02:57,,
gp:AOqpTOHJpPZbzmi5KGu1hYZXdhADKPlaBTPVsxgfsIDX1zu9dvb2MrcsYkBbwyxL-7su_YZn19srRZdzmUll7M8,Wyatt Crisenbery,https://play-lh.googleusercontent.com/-XfL01MXsYTQ/AAAAAAAAAAI/AAAAAAAAAAA/AMZuucmIVpFhvkFExyTo4D-gmEXwSUoJQA/photo.jpg,I like the realistic of the game and graphics it almost makes you feel like you are actually there to a point.,5,4,3.6.1,2014-08-14 00:31:12,,
gp:AOqpTOFa-z_bmPn8ElM6hV7W3LkmXl58GYkfALTXhzWMz9LHvYiD_uYDULEM7CaMDJ-nfxscw6FVHh8YMIsDsrg,Corey D,https://play-lh.googleusercontent.com/a-/AOh14Gg7aLGlD0WPQVky8qlhDn7ZjsQRPCbPGzsOavMaIQ,I'm unbelievably happy with this game and all of its expansion packs. I would easily rate it 5 stars...but...two weeks ago I believe I paid 4 bucks for this expansion. Now it's free and you added another expansion at 6 bucks. Morally speaking I'm disappointed in the developers for this. I would have easily paid the 6 dollars for the newest expansion but now I feel used....,1,1,3.6.0,2014-08-09 17:56:29,,
gp:AOqpTOGoi8ctWsS3t3mbCaH9Sw6zf5c9VfwkwzlAKDIE2WGX95pHsADKt5LdNXSdUyW5pxq34SKqa-L64RvD8FY,karl Victor,https://play-lh.googleusercontent.com/-Hu0JKUQGwow/AAAAAAAAAAI/AAAAAAAAAAA/AMZuucnz8gZNhaCnMZIJX8qnOe2I7tqgrg/photo.jpg,Can I have refund,5,0,3.5.6,2014-08-07 05:34:59,,
gp:AOqpTOEgekSC8kUEKS47_5TZgUJhTUU6iJ4EGzlEWJz208oHBSIiPhezPzgZf3fgI1lng5G9Zt2N2E88Tk92ITU,Ml Gladney,https://play-lh.googleusercontent.com/a-/AOh14Gh3ZMny-Z80Cwpi-MXBB2zjjt9Bs5WhfO6SjRXW-g,Good,5,1,3.5.6,2014-08-04 16:24:43,,
gp:AOqpTOFlFZGmEW4WxpTcaj7uypy-Gw2Cn2Bc30Cw6kWot-PTsv6ld2aByLBzH03Utxxbj3WTtS8cIGOLVRo1FL0,Gage Cagle,https://play-lh.googleusercontent.com/a-/AOh14Gh1DPWGDL2ktbuHH9PH8LmFlZmGQC7ZhPtaXMgbJA,I would rate 0 if I could the game was better last year with no Blake outs.,1,0,,2014-07-03 10:29:11,,
gp:AOqpTOELEQI-7LKU0ghNRls1P6PU8EMsV-nA0Y9zEcQNl1nMpo_3kKfNPMe4MJ5BJgbC8VzxrvcMJgNKJ1qDLxs,Lo Metatron,https://play-lh.googleusercontent.com/a-/AOh14GiKbEDu6r9lI86ss8ZMB9mdb1XSWBQo7UCVEo2yGw,Good game.,3,0,,2014-06-27 13:20:41,,
gp:AOqpTOHZzCAX7Bv2NQi8RInltbmb1DwQsCI_4sZp2PyzYD6yNIB9ZSWQ8BRoiyS9R5Spaave_hjnR5iziF6ktas,Suriyatinoor MN,https://play-lh.googleusercontent.com/-XHyShNxB4GE/AAAAAAAAAAI/AAAAAAAAAAA/AMZuucnD-LpqNjK672O8WSNqWkzxvV3G2Q/photo.jpg,I like went us vs vietnam,5,0,3.5.6,2014-06-21 20:37:06,,
gp:AOqpTOH37Rvpb-NsdhpcobkqfLMewGKMjq7g7KzaRMvAS9jRsYG69zrof3Gtkow3YKKgGqTTaN7wtpv2BZGIR4o,austin,https://play-lh.googleusercontent.com/a-/AOh14GhQyrO77mGDZZxMPPIf-4-i45co8I7FHQf4pESWhw,Every time I try to play your games they crash on my tablet(the nookHD+) So Now I just have to stay at home and play DCS world on my pc.,1,1,,2014-06-17 14:52:30,,
gp:AOqpTOEHz78mfq-FQMpv-luiqHNoQCdfTwN6jWZ_ID07SE-liXezkYje6EWoMlibYf90K57soeW34A3yS_KHh2I,Nub is life,https://play-lh.googleusercontent.com/a-/AOh14GhnQr04XSaIq-k573WzwuPip27qDmod9brXfmSR2Q,COOL!!!!!!!!!!!!!!!!.,5,0,3.5.6,2014-06-13 22:35:01,,
gp:AOqpTOHLzyEQUvs7i9cOXSWeRHAHQu-9WDOCc2wM2ljqyDvVxr9kFGS8Qe7Im-97L8qbRTM2HtsNnu3QDEZTtDw,Nat Gop,https://play-lh.googleusercontent.com/-JSbIpz_2n_M/AAAAAAAAAAI/AAAAAAAAA3k/AMZuucnpy3szS9ea2tHpMNRmI7cdhZaxLQ/photo.jpg,Need more planes and helicopters,5,0,3.5.6,2014-06-09 07:38:35,,
gp:AOqpTOGk_BPYTHa8gpHdMqxZM42nwG6hD4YahAnzxuf-Rp6-t3hERU02W0z8wvUcGidFZmNBiUgclYbzsW7FKfo,The Giantest MinPin,https://play-lh.googleusercontent.com/a-/AOh14GgH6ONMe_lS67YwnPR68jAR96UvAcfuzUWSWzD5fA,Overall awsome game.  Loving the new addition of the J6!,5,3,3.5.6,2014-06-04 21:43:15,,
gp:AOqpTOHA9aHdruPyk5w76MSJILRnlsg1gdYj7gAyz73vRpprPaA-GeQ-9M6DU13aH-m9DXdTtAudJe_QnNVNI-k,Radell Hutchen,https://play-lh.googleusercontent.com/-Tv29WtSklyA/AAAAAAAAAAI/AAAAAAAAAAA/AMZuucmbgbznerxiYq0Zg0o0kCerQLuNoA/photo.jpg,Always crashes on my nookHD+,1,1,3.4.0,2014-05-25 19:07:55,,
gp:AOqpTOEGagndJSCprltKh75K8Kaf1iNc83FjLxuYVHXjiCoUII2H4au7I84QWHWAAyqsJMICMbaITglcV7MZYxw,Ethan Comyns,https://play-lh.googleusercontent.com/a-/AOh14GiO4-nlYw9wv8CaverLKYc2Sd6YXlEeR2fPx5b0Kw,GET THIS NOW IT IS SO MUCH FUN WITH A FRIEND,5,2,3.5.6,2014-05-23 00:41:31,,
gp:AOqpTOEp02BpUHIyEdDSBm8bosmPGQTxndj-wBhWIj5MDPLjyQsmiwyOJFjjtLBRps3VkABAXS5iRW1ugtY23j0,Deidre Polak,https://play-lh.googleusercontent.com/a-/AOh14Gi7CTkGdGIStS63aSG78sQ4nzBlc6-klSJrNCXfHg,It was fun in the older version but now black outs are ruining the whole game.,1,3,3.5.6,2014-05-20 06:17:35,,
gp:AOqpTOGUvr9c7u2UWmIFHBAc_JwT6fcPsZBIzfmmLWnnNOWmn_FgaFED8m0jlopcuxQOWxf_37E5k7cx8pvgro4,Phi Cao,https://play-lh.googleusercontent.com/a-/AOh14GhxVEBcpxlWZmxlvPnfm5SycmWLecPKiRgOR4dV8g,Now I got all of them!,5,0,3.5.6,2014-05-15 20:05:23,,
gp:AOqpTOFiKEBjux_P8ea3O8hPqr8Npe8veuFX_RXpgujLpasi2mv230gI_KLZf0iOxBsfwBuXcHHormI_DwHmASA,Appollo,https://play-lh.googleusercontent.com/a-/AOh14GhhLbPBFmyOhEB3AwNq9ri1ds0XDhjkBv5qUPdN_Q,"Love the update, the best jet sim on android. Could you please add some Russian copters. A flyable b52 and what's with the waird clouds dansing around.",5,1,3.5.6,2014-05-10 09:32:09,,
gp:AOqpTOF_5C0FulK30O-IBF9Hv4zrEo-JjEMEfRLUTtKKMAtvi_IQRPBVgnEJ7vqLuu9kMje7QqMZBS3Be1rCHZg,Derposaurus_rex,https://play-lh.googleusercontent.com/a-/AOh14Ggp5eS8Vya9DPNqueUzCcKSs01MlzukoRCTFvJM,"I like blackouts,gives a lot more realism to the game.but if you could add flap control and other basic controls,it would be great.keep up the good work.",5,3,3.5.6,2014-05-09 04:40:31,,
gp:AOqpTOFX4viuQqPK1bsUEX-rx-E0SX4cylW2zlkpj0xYFVvcmKjpFR-hVfuFIQVTcnQQBSHCMBAiNsJRhEGNdGk,Dave W,https://play-lh.googleusercontent.com/a-/AOh14GhUk5r5_nImW1B1yJcsDPE0Nujth241mWGMeEOi,This black out  G Force effect has ruined the game. I can't do anything with out the screen going blank. Its dumb!  Its not even playable any longer,4,1,3.5.6,2014-05-08 18:31:00,,
gp:AOqpTOH_Y_hDiaAnVltzringLreFLg_1egPKowtgCHbhPSEFgvBTeMiTRpAlawHoqwUET8S3ftW7fTievj1jf08,Elkpointchaser,https://play-lh.googleusercontent.com/a-/AOh14GjyHKfgTSVpGWRm227f7bZ-oGcn5p4AymIpgyXuzTo,I've paid for all 3 games and now there ruined with this latest update get rid of the blackouts,2,0,3.5.6,2014-05-08 16:46:51,,
gp:AOqpTOFXCg4Onz-kOSjBkbqT-TcDqfvWF9vUz1patit_VEarst2aXzrACH2CvaQGFM-3xa138IxeR0O70PlZPhI,Josh Black,https://play-lh.googleusercontent.com/-8B-VQBstO5c/AAAAAAAAAAI/AAAAAAAAAAA/AMZuuckqIBUpJyqw8GAgoTHHLhuAqou8lg/photo.jpg,Bjj,5,0,3.5.4,2014-05-06 07:38:22,,
gp:AOqpTOF5Vb2vJ2oMWtOHZEl0uCK2XtVs-owMY6qz0xIf02_oGHg2raCCs2Q-LKDkEQk18d1KScn9CuHYdAlG_Rk,Cameron Richards,https://play-lh.googleusercontent.com/a-/AOh14GiCMR75n0GGVozJEg_HF7kqrgu0T4ouhIc4kCMpWg,Recommend to anyone who does not have enough time at home to warrant a console or pc,5,0,3.5.4,2014-05-05 14:19:10,,
gp:AOqpTOH1LrOJE5dFKUU9TsW-ofd7xVzyfr0CxFwA2Q1B7O4t9fvtbWOr2IW0-5x324GaGebZ4Ba0UxIATg0xoyg,Brad Y,https://play-lh.googleusercontent.com/-MeZxBiOKehE/AAAAAAAAAAI/AAAAAAAAAAA/AMZuucn1sN_vVZiIvFItPoHnbvqEOquI3A/photo.jpg,"great game, a keeper",5,0,3.5.4,2014-05-03 22:32:01,,
gp:AOqpTOHIWeW25CkazPsRNiv9OefxlFwFce7JwCVHPGZ62ci--UVb1rb5T-Kxc-QL4Ko7P-k0_TZM1T34pNLtGiQ,James Branning,https://play-lh.googleusercontent.com/a-/AOh14GgLyePJUw-Vx6xuKFrfyecAaxhHcNzdscdAnVN9,Great game get to play both side,5,0,3.5.4,2014-05-01 09:54:38,,
gp:AOqpTOHa8vTr5FQo3gZhu8qY1DLrtm3zpL4kvswMT_mWvxE6a5v-ubJ6jc4Y7y6CSEw_YiM1EZMSAPX1kvDJBeY,Aaron Anstett,https://play-lh.googleusercontent.com/-Nagwcxvk7EA/AAAAAAAAAAI/AAAAAAAAAAA/AMZuucnpgvHNpdJtkSGXf1n-Z6h-DSORWw/photo.jpg,It asum,5,0,3.5.4,2014-04-29 13:50:09,,
gp:AOqpTOEBqYn_eA3CrUcwQMiDCu69ZWmUt2xsOHarBHhEedyIw4DjsAF5tAh9doiE5VwZ8kibvywFZ0GXZxsN30Q,Tyler Comeau,https://play-lh.googleusercontent.com/-gU3Xrr-LHmE/AAAAAAAAAAI/AAAAAAAAAAA/AMZuuclhaGXuhAFhNSRfIILa-bL_RTYSBQ/photo.jpg,Love it keep it up,5,0,3.5.4,2014-04-29 12:37:28,,
gp:AOqpTOHMvvJkPmKPcxSXFe3BatucBGC3f9EBBIlhNyK5C-1f0vlCQmllmd2ZKalH3t6DCRgda0kUvnJF_duiBxw,jacob moran,https://play-lh.googleusercontent.com/a-/AOh14GjM16B0ZIskeyTKv5GcLHAWKqHokmAXKzeMyJtQtA,Needs more planes,4,0,3.5.4,2014-04-28 00:07:25,,
gp:AOqpTOG1jof8l7W5n9jvHf_Ct7wP-LJlfZf1TeuitcgmHE0GouTsnjN6zIPy_OHuB-s4diE3tH6qmqrSxQjUo_w,David Massi,https://play-lh.googleusercontent.com/-LAGwMFPAWsI/AAAAAAAAAAI/AAAAAAAAAAA/AMZuucnxxGDHYOW49zuLIsoBG0gwg89oFw/photo.jpg,Keep up the good work and I'll keep buying your games!,5,1,3.5.4,2014-04-27 17:15:17,,
gp:AOqpTOGjtQN3kkK2ChWqvbVTmTVCgbV2QJd3OKkmRIWf0jicdOYaa-2POpACxCQoSsH-XZ9UHgBPu1zw3dxhTW8,Jake Henthorne,https://play-lh.googleusercontent.com/-QtvA5KZkfH0/AAAAAAAAAAI/AAAAAAAAAAA/AMZuuckMDtt4L_UDmWIzTrg2A08Xa7dKag/photo.jpg,Fun,5,0,3.5.4,2014-04-26 15:10:44,,
gp:AOqpTOG56LoBpUMQBTPpzGbBUl5vVvYyXXmGNQmwOIEespo3MG2aH7kqX0Exn6C57Heim2AjAs61PS26j-RUVFk,ralph gonzalez,https://play-lh.googleusercontent.com/-ygjrNVCBQl4/AAAAAAAAAAI/AAAAAAAAAAA/AMZuucnJlTTffqWoObxiLTgzYUl_-MIWyw/photo.jpg,Best game ever.,5,0,3.5.4,2014-04-26 12:12:01,,
gp:AOqpTOH8QmNB02xrPx6pBj47TPgDQafKfD-tPDpodQ8bI2m2INTLMrbnbG_duKYilWviDD8-UwS8mhGgqVRMtOc,P M,https://play-lh.googleusercontent.com/a-/AOh14GiaGlFwmcxjwR7Tatgw_65jsB1r4VD6hx1tWGZc8w,Amazing!,5,0,3.5.4,2014-04-25 13:07:02,,
gp:AOqpTOGZVNjiTvLZ1UNPt_Q7kAwdSIe446gQY1nSW4wBbhEWaQs8rG7PO8p6X2vZ-Nl65P-3398QHz-CUw2ekCI,Aztek Priest,https://play-lh.googleusercontent.com/a-/AOh14Gh8lPTi6MhJUMOht4VnnzCea0eZLyH0R2FQW1Y,Just wish there was a map.,5,0,3.5.4,2014-04-22 18:23:02,,
gp:AOqpTOE06J3nAjBKRtwTnP_YteNBd_bDdoa6mXbs7PfkPMpA3_GPvcI063qMPp6oyiHilY5dEAaDDx_TuRN2NcI,A Google user,https://play-lh.googleusercontent.com/EGemoI2NTXmTsBVtJqk8jxF9rh8ApRWfsIMQSt2uE4OcpQqbFu7f7NbTK05lx80nuSijCz7sc3a277R67g,Excellente,5,0,3.5.4,2014-04-19 12:44:36,,
gp:AOqpTOGP3mh71zHLzB3WtCf5EsIt-b5c4N1ZHJYZSjX_jX1KrOYCRn3kXpqspQzVi1O4t0DtgZ_xQg7GpbnIi6E,killjoy- KILLJOY,https://play-lh.googleusercontent.com/a-/AOh14GgeGqmD-E0mJIvwkEDI0wQD09FDsMTdTLfvhUMfFA,Freakin great can't stop playing......!!!!,5,0,3.5.4,2014-04-18 21:32:40,,
gp:AOqpTOE9D635HGHqwVN9QQ6p0-Rv-HBBN8c9GPAkPwBeNVkxFag9sieUckh3PSyvsE4M266CPLWrbDDfdVHbles,Tyrique Bolden,https://play-lh.googleusercontent.com/a-/AOh14GjQEkgrme0LEfBIkKVi8mAHjFJlamKPAFBT-Lb4KA,Great flight sim,5,0,3.5.4,2014-04-17 13:51:21,,
gp:AOqpTOEQ-2DcEASYRZi_f40142jco5mMpMXtA5n8WK__mW6DuO0jpaU_ORToVuz78ECw8yxOKWd-aNsirzipL6o,Tanner Horsley,https://play-lh.googleusercontent.com/-nn2wA-vYdWc/AAAAAAAAAAI/AAAAAAAAAAA/AMZuucl96oXv0ghhhyBp_mshrv6xqlPROA/photo.jpg,What other add ons to come!,5,0,3.5.4,2014-04-16 03:54:49,,
gp:AOqpTOGIYxYseBCeZ9cQwtLGaBUczmfk06bowc-zolOtJ1KwbceaphGFaZeTHlizU7PBFNS_zLDSwEfQ8t_xsmA,Jacob Flores,https://play-lh.googleusercontent.com/-3IXqWh5psUA/AAAAAAAAAAI/AAAAAAAAACc/AMZuuck8t1KwiZvt0GNGd4dtI5zrfY4DhQ/photo.jpg,Add more cool jets :-),5,0,3.5.4,2014-04-12 11:38:45,,
gp:AOqpTOHX8Gv65gzGxM1HSKjxdwijweQg-oW0BsLWnhGEe1zBZDcVzOD2Ij0IJNRSYdu34i_-dhGixjM1tlWBKbw,Danny & Sarah Hunter,https://play-lh.googleusercontent.com/a-/AOh14GhaMghckA2Z3w6ohwRi6DQ2usGMzyzO7epWNINgAA,"Awesome game, great graphics and play",5,0,3.5.4,2014-04-11 12:17:05,,
gp:AOqpTOFnEtYlhNCN_b22LK-hLoTEJ9mrLBDhWk8yibglfzcYY-q4B26HPYuPq70KNGsUFnP8f5ZUZyWfJGogDtw,Ben Miller,https://play-lh.googleusercontent.com/-YE5yQlzyop8/AAAAAAAAAAI/AAAAAAAAAAA/AMZuucmKKQqMB3n2Bu7uuHoqjV4uNamfGw/photo.jpg,This is an excellent flight SIM game.,4,0,3.5.4,2014-04-10 01:10:23,,
gp:AOqpTOFtae9iS2wXgKsBfnGYlNkOOifGQTXtDx_TZPXlO0O7ZSmuD0qkz8_oyT_QfAQftXOgDmvs_CK9ckvLGAc,Flying Scotsman,https://play-lh.googleusercontent.com/a-/AOh14Giv2B_bXnGtWCmWnvIpxp03yrN6pMYh5Tmv8U3rpQ,Love these games!,5,0,3.5.4,2014-04-07 06:26:21,,
gp:AOqpTOHZ6T-A0NzXh5jjOHC7GrdsFISnZc1Pva1RxeDreT9ErfmyskFBidUajzpwe82IOzpEa8fod1yCa09euoI,Bagus Hudoyono,https://play-lh.googleusercontent.com/-ctZJE9Te1eQ/AAAAAAAAAAI/AAAAAAAAAAA/AMZuucl5ndvIPVqhcio1z2IEzgUJgBxCmg/photo.jpg,Nice game.....,4,0,3.5.4,2014-04-05 07:04:17,,
gp:AOqpTOGyIAQQYhNt7EZQ9OyYtNKWCZOua8P2HiJMOrtwY2g1AVznvSmo6J0KehzspkAk72EfsZiEtUxEbxxjBLQ,Jonathan W,https://play-lh.googleusercontent.com/-R6Crx2UX-bg/AAAAAAAAAAI/AAAAAAAAAAA/AMZuuckBTgojcXvOPm9oGoEmE_NeAflY_g/photo.jpg,This is a well done flight app has a PC feel to it. Is it possible to change the brightness and color of the gun sight in a future update?I'm color blind and I'm having difficulty tracking the gun pip in combat.,5,0,3.5.4,2014-03-31 22:06:17,,
gp:AOqpTOFwKnkqC1I2pUlOG6NY7KW7VdgMcTQTMgl42isohCX_cBaQqE2LQj4awt9rvMhhjKR_ZW_2CeNdfidWUpo,Paula Bernardo,https://play-lh.googleusercontent.com/a-/AOh14GiYrdKWjxhEsSI2Pe5Ip1ePMWZanTE6_JZ_W1tx9TE,just add helicopters,5,0,3.5.4,2014-03-31 08:51:53,,
gp:AOqpTOGKHyu6CniELZ6AbeNTB3oTv8Z-DKX7Ps7gUETiVdI3lyChFl-S_VbtSzrnOXRDNUhwXJY_rhpz3ruzYzg,•Just Isla•,https://play-lh.googleusercontent.com/a-/AOh14GhpIpzFCACD5dgZiVGZKuRv5NbCL4AhkGOiJRRyaA,Exelent game,4,0,3.5.4,2014-03-31 08:27:51,,
gp:AOqpTOGSjbRtl-d8M8l2siml5fZtnQJQ_OwwbPDxpDTXVZfDlKNwqWvJU1ZoS37t3vvHFfd34KHU74Psg4ns_tc,•,https://play-lh.googleusercontent.com/-H4CtVWv9Lzk/AAAAAAAAAAI/AAAAAAAAAxQ/AMZuucl3ubA47MlKeoGyGWdSJONPsqUV-g/photo.jpg,Rate 5 stars.,5,0,3.5.4,2014-03-30 17:33:15,,
gp:AOqpTOHACHQMOcvYL_ayywkjfJFXdkkzyH5atNs8iUtCfMvMsZASS82DnEtOOveJMsZ7ilVn9YxDj0d1lRgiepo,nicholas kenerson,https://play-lh.googleusercontent.com/a-/AOh14GgsO2HycFke-yLu3BytCCo-b_i62vX-NPHa37dy,Works great on note 2,5,0,3.5.4,2014-03-30 15:17:27,,
gp:AOqpTOE2NAxF9EP8LRw43fA02-uh3TvGFUz3-lLlnjIyJRsyyuRErYr9beTm2Pz32eYmkvIHsfkb7UK6vpGZN9o,Chandler Anthony,https://play-lh.googleusercontent.com/a-/AOh14GjOB28HCZljN6pUFacP9dg5sBn-HdH2MTpYuySvag,Great game,4,0,3.5.4,2014-03-30 14:27:24,,
gp:AOqpTOFF89HuNrHgzZXwPhVnReZ4h-rRSSgBaj-nf4R9HYwSuGAqa15ZxWHS51ETZaXP3yCjLUnAXPpjtjPUku4,Robert Rice,https://play-lh.googleusercontent.com/a-/AOh14Gg3rV54k5ZYcfMSxQ0B2XYpNpjhp_btNkmqts4BNw,Love it.,5,0,3.5.4,2014-03-30 12:38:46,,
gp:AOqpTOHY_T_mtq9geq-u6-5LuZd4Uu4-aS38ANuYs54VuUvZ_3JIN5m3nvwTf5uvz0Vm1HADOen_FhY91Ove6-U,Tristan Moore,https://play-lh.googleusercontent.com/a-/AOh14GgpcKHGaZnGeo_HuOA4ePhuI_vHEILGsp3KZHFvuQ,Im so happy with this app keep it up  Great upate,5,1,3.5.4,2014-03-30 04:10:47,,
gp:AOqpTOH4XLLg0cOD-lntIHYBg0dW_ir8KyoMN_lIBafoPWic1fxOWHDRlxU-sr4c3BoV1otn6vos15PrP0x2cNo,Ivan Takada,https://play-lh.googleusercontent.com/a-/AOh14Gh8QEiHpvXiXYPo9tzGWKxyQWElgun66tfBJT1Fgw,Viqtnam is a crazy fort of weaponry,5,0,3.5.4,2014-03-28 08:45:55,,
gp:AOqpTOEMj0Vk1UkMAYuJpCc2RLdjz-5g1KwXoVCYulYQFzCCqXjhtxQvORpVVd61jTVgk54BiXZF0rm8E7ck0tw,Andrew Jarvis,https://play-lh.googleusercontent.com/-Z2FJnKGO6v8/AAAAAAAAAAI/AAAAAAAAA-8/AMZuucmPINdKHhHLleDsdzsS6U41rFNUug/photo.jpg,One of the best flight games on the market along with the other GS3 games. Definantly worth the money,5,0,3.5.4,2014-03-27 05:31:59,,
gp:AOqpTOFm1KYWv6shTJvX5PBxa9CraGu8V7szLO8bq-wQ2EVB7CcnH8keE0dWuFq4ANYPa0PXucDTngHypOAFYDk,Alexander La,https://play-lh.googleusercontent.com/-u1hhk_nmGJ8/AAAAAAAAAAI/AAAAAAAAAAA/AMZuuckarsHaBA1Egtab-UXG7rvInu4Pxw/photo.jpg,Very fun but needs helicopters like the older hinds for the NVA or at least say its supporters from other communist countries. Would be perfecto then,5,0,3.5.4,2014-03-26 18:09:36,,
gp:AOqpTOHBCy15o1sxEov6N2l7oHu4lUmPVDpHi29C1tEpBZr7zHCt941TbcxGqfqEyHXjl-2k7WqQdcIMNMQRYaw,Mike Lopez,https://play-lh.googleusercontent.com/a-/AOh14GgweKEdB07379ITFJpFxKTHxpNlcksraGfXNHUuHQ,Awsome game doesn't get any better.,5,2,3.5.4,2014-03-25 22:29:55,,
gp:AOqpTOHdO_yiAssv5zBuIepGUh_sk0TryKKAFrs-wvaze_ASCbXdZ3QnJL-n1oBl6-5XDtjP1Ij7L1-evZaALcQ,Micah Collins,https://play-lh.googleusercontent.com/-E5pUfuAYUs0/AAAAAAAAAAI/AAAAAAAAAAA/AMZuucmI_tDJYdI-PvwlrRkVrBRTw3kuTw/photo.jpg,K,4,0,3.5.4,2014-03-25 06:13:57,,
gp:AOqpTOHWglBHZKPsHSKyc5RQ0uxUOAv9GfaW9xPPYS9Dc_BylwXhh2HujnacQo98n04asxsPP-VTiOe0XT5AD-I,Michael Toyer,https://play-lh.googleusercontent.com/a-/AOh14Giojee9Xvx75SQjItEgt2cbQ6EPTI0uo4rgBkUMqA,Its ok,4,0,3.5.4,2014-03-24 10:45:22,,
gp:AOqpTOGytOYCzRPgCyWdX4Dn51tffbCtqV_20Lctot11yZg6gtV6BUi8Tx1W08Bk7WHe8DnL_Osaa4Z_LUOQVxQ,CofRam,https://play-lh.googleusercontent.com/a-/AOh14GhOF0r_-veeTm0b_9IMNQhkjqCedtxDxwQczWPJCQ,Amazing get both,5,0,3.5.4,2014-03-22 18:28:25,,
gp:AOqpTOGyfUUP_WKgkCvbyPqw56kgdDpv-eYXU3WQw19fv1_6UN-xmJWU-XyFCTDjszk9RLxXvfcY4Gc8jtbXfbQ,Shrike ACE,https://play-lh.googleusercontent.com/--STbrz5Jizw/AAAAAAAAAAI/AAAAAAAAAAA/AMZuuclqIwIbuFLXWzU0D38Y-ltLuQUYsg/photo.jpg,SWEET,5,0,,2014-03-22 15:26:45,,
gp:AOqpTOGjjAV4FkZsb0C33_VfYTuZlmyyJn6JDY_lL9X7OA9-GiaVVql7yrFJNWKMbM9KQHAW1ncW76Iy9uDyT9o,Alaska Jeeping 360,https://play-lh.googleusercontent.com/a-/AOh14GjWupuuYVP2hQ1tk1ffJFy53s-KhjS7B1qT94DDZQ,Good,5,0,3.5.3,2014-03-19 19:09:14,,
gp:AOqpTOFxVdH5vBufg1eiaMxqJdu4P9PZIKCj_dmtXivXYIVGlFO86Drduht4_iYUqvhccsvokCvoCH-F981kolM,Rick Burgess,https://play-lh.googleusercontent.com/-EIm2damdG6g/AAAAAAAAAAI/AAAAAAAAAAA/AMZuuclM778Ee3kzpObZJCBEHTX1izcH-Q/photo.jpg,Great,4,0,3.5.3,2014-03-19 10:04:43,,
gp:AOqpTOEQZJxYBUpnTBP7lu1PbkiPQ6FXrGszN7OBCTcV-F2SXf_Rf9uE_NI_0HgEW_IUwaYtzd-yJYHGbttrzf4,Reggie Shepherd,https://play-lh.googleusercontent.com/a-/AOh14GhZyD3OhOyeUvJjOkA1jq9f6dx0ijR8vyZJAVA05Q,I enjoy playing the game on my spare time,5,0,3.5.3,2014-03-17 23:33:45,,
gp:AOqpTOHhuhy0Mii-WwnpgrsuX8IOfBuZNjO7NTBMVGNHdt6zzX6eUt1IIer8qbKkAxJ25TnsXZhAh-JlkuZjres,AJ Donaldson,https://play-lh.googleusercontent.com/a-/AOh14GiZvSI00JSmig8G9QM2uOSjMJivC_i8rQ9WNIjQ_Q,Love this game,5,0,3.5.3,2014-03-17 14:11:24,,
gp:AOqpTOF_JdqwcD7poQjhQrma-qf-OQFNB1A_7ggbngAJJtXBxyGaqZYK_G2F4eUT4rvX31m996wcGpirGkriKdU,Tyddyn Tyfod,https://play-lh.googleusercontent.com/-ChQRwzfJ0b8/AAAAAAAAAAI/AAAAAAAAAAA/AMZuucmihylC83hdh1ZceuNLItcO1Sb-qQ/photo.jpg,,5,0,3.5.3,2014-03-17 12:33:49,,
gp:AOqpTOHbFKp8kRkgEpTAthdBhs7Rvj7bEsATsB6GcH4s3zmDne18Dsyvyl-5bNivH37wgMdqHDXGLWssnYWgrGA,Robert Zavala,https://play-lh.googleusercontent.com/-YMsEaf0B0aY/AAAAAAAAAAI/AAAAAAAAAAA/AMZuucn6-QnZZ3JUlROs8kcv2LaA3gjlcQ/photo.jpg,"good game but missing alot  0f things alttud,speed better control..",4,1,,2014-03-16 17:49:45,,
gp:AOqpTOGHeZDX3HR180vDqlN2tSE_QJ4WGtT3tP5T9CbOhcsPGMOzYGNiWAR5u7-HdOm6sTowVb1vPpHgel0-8Ww,the perkinator,https://play-lh.googleusercontent.com/a-/AOh14Ggmnrt_Xhiq_EZyaphe58Vzy7uMi5bBUNXu_OU2,Fun,5,0,3.5.3,2014-03-16 09:35:12,,
gp:AOqpTOFysaRkXQR5juInfZDHRDtAWkLcIeWspmkX-sc3VvQfFrUdm2hbkvuCyiL5Eb6pgfJ3sNzQzlMdRW7U2cI,Mike Hamler,https://play-lh.googleusercontent.com/a-/AOh14Gh6_NFjaaBKHEMvsI-G38V3hhckjODXJSMRjBKgVg,Like,5,0,3.5.3,2014-03-16 08:24:58,,
gp:AOqpTOH748Ba3RrAVa7sS7n_1gkWeUrq3AjM7T2hdILkUobBGdCTwjRZCCpEgdhyPg4iu2poO-iFE1x5heHlGSc,Colin Jesper,https://play-lh.googleusercontent.com/-lyrDlAsVs3Y/AAAAAAAAAAI/AAAAAAAAAAA/AMZuucn1pfXETB5jqcum0w8xIEx1RQHQzA/photo.jpg,Good game,5,0,3.5.3,2014-03-15 22:08:50,,
gp:AOqpTOH-ggWuCKa6_hylel9mr1e652KvqXdb6TzdZZecNLlXcGV56KMgF32Bx2yJA60mVaJCpIky7SSQ4dDfM8E,Spencer Fox,https://play-lh.googleusercontent.com/-7VfS9-wKSuQ/AAAAAAAAAAI/AAAAAAAAAAA/AMZuuck9rWUPjZk4tGsQvf7BmE9Hwhc8Sw/photo.jpg,Hours of fun.,4,0,3.5.3,2014-03-15 19:17:18,,
gp:AOqpTOFYZdCToFLDW1P77dn-4sfQZrW5s_f2xc74Hj6XPTA3uawRTWEvTo5no0jI-FDk3xr2X8uMYJcOlbFLklw,Andrew Vislosky,https://play-lh.googleusercontent.com/-YPw92foffw4/AAAAAAAAAAI/AAAAAAAAAAA/AMZuucl7Fcq6VEH0S5gZJZ5G_qnJoiOudg/photo.jpg,Good,5,0,3.5.3,2014-03-15 14:42:59,,
gp:AOqpTOEzpSMfoDW5hZulodZDaVXHv5JhCUqNzJ0b3veqVyyw35ViQ_MmyUfodP1v6j9_Mal3AZeOak-G_OY2eG4,Christopher Coyne,https://play-lh.googleusercontent.com/a-/AOh14GjZH8pZ_DDVK1HBRBr32pLomy4X-TyYdb3Ms3L3WA,Brill,5,0,3.5.3,2014-03-15 03:55:03,,
gp:AOqpTOHWjBE1ftOKHLGDRQAmxLcDT-0rg6q8PxEEyXzZG5q0wt8nX1mnGg92_jTpmR7fkLBHacmbToboGXCj9rQ,Frank B,https://play-lh.googleusercontent.com/a-/AOh14GgSkMcw9Avr34KJ8MEqCCbC2DJPsxl5BB8iO0Xcdrk,Awesome game,5,0,3.5.3,2014-03-15 03:48:48,,
gp:AOqpTOHM7V1d8M4fY9GEu0BmLKV9XyrDeMGI2KgaMbApDNqF5RP2V0XFo7FAnOj7_DKLt5L66qS3evG_tNxIUn0,Freddy Fe,https://play-lh.googleusercontent.com/a-/AOh14GgwECbEPp5HcNPvQ6q6UQgTzu0KbZrY6czn1z5jwQ,Needs better control s,3,0,3.5.3,2014-03-14 21:01:54,,
gp:AOqpTOG2BN7BRBGGGLGBew9j7q-5PdtayTBUG4sl278fcbWvWpUJLD9Crx5wsnkloSx_52WPaqZm2Tf-21Mp3sg,A Google user,https://play-lh.googleusercontent.com/EGemoI2NTXmTsBVtJqk8jxF9rh8ApRWfsIMQSt2uE4OcpQqbFu7f7NbTK05lx80nuSijCz7sc3a277R67g,Good updates too,5,0,3.5.3,2014-03-14 16:18:54,,
gp:AOqpTOHAuzXPCTmNRznaV-eFvqhfLFjC5Sl924vRB9ihgGRvPQfsBqWyfwJnUSG_PPa_hEIBwLYZw8q_Kfrppu8,Zane Hearn,https://play-lh.googleusercontent.com/-upln6Km-mLg/AAAAAAAAAAI/AAAAAAAAAAA/AMZuuckU9SXpSN60GQ_a-DYQYxZB0SWaPw/photo.jpg,Add mi24 hind,5,1,3.5.3,2014-03-14 12:44:04,,
gp:AOqpTOEoch88ofjpb1nLJSoTdzHXosMG64so2s29Z3jq3Bwez7wlt_ZrG9g9_NvsxcYqwe5UKI_xu6jLIxuw-SI,ukA,https://play-lh.googleusercontent.com/a-/AOh14GgnaLP73813yQW7PLXh9eNSHPsTgLka_mMzykFeRQ,,5,0,3.5.3,2014-03-14 11:52:16,,
gp:AOqpTOEGBYswVzAjmBdHBEWVzs3E6EsStaSMX-RfN8UpN_3UIodA4TNgfvbgYgxCBLLSvTbmYZ4qJ_ae1Z7JugU,A Google user,https://play-lh.googleusercontent.com/EGemoI2NTXmTsBVtJqk8jxF9rh8ApRWfsIMQSt2uE4OcpQqbFu7f7NbTK05lx80nuSijCz7sc3a277R67g,,5,0,3.5.3,2014-03-13 23:41:36,,
gp:AOqpTOHD4D9HC02AsEw-IXZKC9HRR7NknWxccnbxkNrsTZtInEPkA37Xm4WTLKq_4rUWStgqWODb4xOJLmOPIbU,Texan Patriot,https://play-lh.googleusercontent.com/a-/AOh14Gig-2uA0Vw1PFfz4EtsUF7cQVvXvSz-90fDDRP4,Awesome graffics,5,0,3.5.3,2014-03-13 23:09:14,,
gp:AOqpTOHNg2xufVyiCHCfkNvWqrb7ZAfW5QkH_0y-6GwM0xA_XOivTxIQqY1tzvaOny-RgcpY5PGyEc9zxmCVrsY,Cade Vanbuskirk,https://play-lh.googleusercontent.com/-46RJf6BQ5g0/AAAAAAAAAAI/AAAAAAAAAAA/AMZuucnsChuQjKOLYBRD1Vu42NvatP0epQ/photo.jpg,Gode ned bomers,1,1,3.5.3,2014-03-13 18:24:29,,
gp:AOqpTOH7KL0SSHpsQl8sbfCwYonaVu-H32oZ2xidu7g9frRv9V1mbWxMvr9wQojTGBPNUiDFKwunQnUjfFRhodk,Bradley Weiss,https://play-lh.googleusercontent.com/-vzDw3FqbRdA/AAAAAAAAAAI/AAAAAAAAAAA/AMZuucnW9TLMAIEtw75Q--WJ8hv6tLsWLw/photo.jpg,,5,0,3.5.2,2014-03-13 15:29:41,,
gp:AOqpTOEAg1sidZdBXMSO8dmypUWSCGhSVvu3dC7-ibeh2qvcsRb2NWJSjqTNo5EayYeE5gMTHZwGRADG_-gr3L4,H H,https://play-lh.googleusercontent.com/-QG7v0oQOorI/AAAAAAAAAAI/AAAAAAAAAAA/AMZuucm8GboaH6fzrJuttxQg3V0G9H74kQ/photo.jpg,The latest updates now prevent me from playing.  All it does now is crash,1,0,3.5.2,2014-03-13 14:31:13,,
gp:AOqpTOFKt8QWwzKt3Cf79U3pw81FleoH9U1LoEvOxRzls9zL_PBYL0arzLv1apPwYDjuRspUQEx9KFZm9AGUa08,Trey,https://play-lh.googleusercontent.com/a-/AOh14GjS2ydhQnjMtKuQZwdL8s0uzGhSlAl9UyB7yP794Q,"Awsome,",5,0,3.5.2,2014-03-13 14:10:20,,
gp:AOqpTOF4vKgCQEu4nh6kImyq5FdsroYoEYSBsnzA4mPyj0rSmfEa5b4prpsbUfj-JcSUNZ72ZOL-7J2Ld4zq8d8,OU812,https://play-lh.googleusercontent.com/a-/AOh14Gh_njRWkEKhY9MtKslPouGA2UeQKLhquKbtMxqz,"Great game, has some lag...",5,3,3.5.0,2014-03-13 07:20:25,,
gp:AOqpTOF14TCFm6q63JOQ0LtUFQ-S8Bab-hSfnYiLmDuwIYJ3TRTO1oT7w9l6v60_9p02dV5mA9ieKpVDYEDY7dQ,Josh Wilson,https://play-lh.googleusercontent.com/a-/AOh14GgEmcS0HkDenwjXFaz0kcyVgs0QwqK2QWNx8IOH0Q,This is a great expansion to the Gunship III game providing multiplayer action in a historical theater of war. Nice job!,5,1,3.5.0,2014-03-13 06:28:43,,
gp:AOqpTOFWl8_YjMso5Bzu4ds8_NyQRTNXnwX26qXHhzlVSwayMmrHGwMTM9hear_AodTEjZ5hYWiyFE6hdlpcclQ,Bradley Moore,https://play-lh.googleusercontent.com/-uweR1-Ll6hA/AAAAAAAAAAI/AAAAAAAAAAA/AMZuuckqV-ccNGqu6hQrwaIAwZsA8NXt0Q/photo.jpg,great game can't wait for moreupdates,5,0,3.5.0,2014-03-12 23:57:21,,
gp:AOqpTOEdN3D204J7I40ugY-KrDXGGq1oi6_e9vADLwQe-JdvK7koZEHtWgkQGM40SlWPYTbeIJd-kcPuKiyrBZ4,Ryan Fay,https://play-lh.googleusercontent.com/a-/AOh14GjZLiDtImDAX9S4yL8RGfer8n4wZ_1rutEEBMbhcg,,5,0,3.5.0,2014-03-12 20:02:04,,
gp:AOqpTOHnZdTWxABZtwChslHoIuV1x4H6I4Fup_ysGfhvO9arb3unlz1pphfcc6jwdsJM7jIjsBKbSsmhyqYAMbw,overcome1911,https://play-lh.googleusercontent.com/-qR6TNtLOI7c/AAAAAAAAAAI/AAAAAAAAAAA/AMZuucnX2zamSrra9hNn64vfRTN9I58HyQ/photo.jpg,,5,0,3.5.0,2014-03-12 19:45:36,,
gp:AOqpTOFmcK02gLYxrBjuN8ucM9Ft-YMJoHI8FLcdoYeUqYGW6XG3LPsHJfytJUK1ZThonZbp7yVNdKEM5bLa2bA,Braden Steffen,https://play-lh.googleusercontent.com/a-/AOh14GhXd5tSXTuI8Z4ZSLm55esKZ77XOtCCfRABHq7A-Q,Best war game ever,5,0,3.5.0,2014-03-12 16:53:41,,
gp:AOqpTOFqOjM4yTO-SBsGCSPgG9F5HqwRGmayv6ALwZnVWaB1PDb-6VkCnXC3hmMAXvF-BPvezmXZfJeBCVDeIyA,Wil Santiago,https://play-lh.googleusercontent.com/a-/AOh14GjGzuEoUtEgmD6vrfcLIY3GVSxO61MikVDIc5mSBw,,5,0,3.5.0,2014-03-12 15:50:25,,
gp:AOqpTOG5FI3GZuZogqznv-bkTIBCvlGmupTQTwGmqIAmg6M0jh6ipUdU2mMKTIdH4cJwQ0QJyZE65sUacn9ST_Y,Karl Adams,https://play-lh.googleusercontent.com/-JJoxKg9Jw30/AAAAAAAAAAI/AAAAAAAAAAA/AMZuuclaPGALgfta62mptne5WWbDfj6eyA/photo.jpg,This is a very nice app people should get it,5,0,3.5.0,2014-03-12 15:32:05,,
gp:AOqpTOGBQC772tBOBZtyvZdCQpWGnYsfDl_OTwfAo7264Aje2zXtSTA0-iJAZDOJMrYEAKVl8JaGLJ0KL_UQbKU,Stephen Taylor,https://play-lh.googleusercontent.com/-VinOIY3PeJ4/AAAAAAAAAAI/AAAAAAAAAAA/AMZuucngcuRLGurE89hIAZPs1zIA9nCQxQ/photo.jpg,I like that it is tied in with US gunship III. It is all in all quit worth it.,5,0,3.5.0,2014-03-12 14:58:05,,
gp:AOqpTOGMhosnXrglymIxraz9c6fSWPsQF1HfvGRdxpxjBjBtG-qMW8xCdD-7WJA5MxzqVCoPFATLlrcd4C4ZH3M,Stephanie Bailey,https://play-lh.googleusercontent.com/-qnzH4OOloWI/AAAAAAAAAAI/AAAAAAAAAAA/AMZuucmHvbuCv92jJPC7qVp8mstlBMbVHA/photo.jpg,Great game,5,0,3.5.0,2014-03-12 12:41:38,,
gp:AOqpTOHB2OO6xLpsM0fCgr7iXonVQMx5rhkn9MMys_dzQQSgyPTj0Jzh4m5y5xA3RbgKpxJl7bsLmz_UaC434rA,Roland Preka,https://play-lh.googleusercontent.com/-2HU8TfWvwyU/AAAAAAAAAAI/AAAAAAAAAAA/AMZuuckTnOemvanYeMt8Q0ipDof4k7eSHA/photo.jpg,Ok game,4,0,3.5.0,2014-03-12 10:47:38,,
gp:AOqpTOFUCziABdLKn3le2NJYTW-W8O_c_VxTg-dlyZnzVPZDTxOpTCttPpMn14l1ZNMo0BOMkl4hA5eBDH4ZRkE,Mateo Separovic,https://play-lh.googleusercontent.com/-DJOcxNEGPPs/AAAAAAAAAAI/AAAAAAAAAAA/AMZuucn8wXBWVXd0SzynNMcq6vqiyVCG0A/photo.jpg,,5,0,3.5.0,2014-03-12 07:49:46,,
gp:AOqpTOHfatZEZro4U8_VXpJ0FN064q-Fng6RaKDuWaIsNgzbsmcKruFve1zyUId1J_w9I18bX2N-l4YGwgEZ9uI,Ben Martin,https://play-lh.googleusercontent.com/a-/AOh14GhQQi0VVjzRVWDLXHnIhH45OIFAhMTdyI69Dd2H,Great game,4,0,3.5.0,2014-03-12 04:10:00,,
gp:AOqpTOHzMyXAsXjQnt4yS2QdJQmkA2VQTqEjCG_e-3smMVw2d3LS5LXGM4s7_2GND6CP-PMvHfQ2-mMK0A_C0r8,Peter O'Toole,https://play-lh.googleusercontent.com/-3JoIgO3pebA/AAAAAAAAAAI/AAAAAAAAAAA/AMZuuckgBf1_W2xKxNk8EB1CAGKwoekYLQ/photo.jpg,Phil and Team bring War game up to a new level of virtual 3D play!,5,0,3.5.0,2014-03-12 02:21:17,,
gp:AOqpTOFoWsqvfxu7FzS9QbRJe8HAEoHUVhD2uQdUTOsEiN5N9S3TieRSqd190X8FiN1MGNcFcgyLwkSHVAghqyA,Conar Dodman,https://play-lh.googleusercontent.com/-emwkUjQ_MCg/AAAAAAAAAAI/AAAAAAAAAAA/AMZuuclFX0ZiF8BZD4_Zy_bJ8hc5mWTLiQ/photo.jpg,The very best!!!!,5,0,3.5.0,2014-03-12 01:44:45,,
gp:AOqpTOGNeitrdGvO8YXUS1b6lJ0bzkWJeFqcwcfVEsjBViDwUa_oWUvF6ihHCZoNVanb14cn9hZjcMmhqrJ6-bo,john fisk,https://play-lh.googleusercontent.com/a-/AOh14GjJX6krTFzAV434NfAe21C1c-q5B9Q_FVIt84751w,,5,0,3.4.0,2014-02-22 21:02:24,,
gp:AOqpTOGacp-qU0MJ0FdG5Dx_ZnF2fL7YX2E0-WXrFDCnoNxZXjX7NtwjkY-rtrEVn7k5K-aLYtbhj82qlBfn5Oo,Dennis Ahlberg,https://play-lh.googleusercontent.com/a-/AOh14GhvZ5LmckXKFKqt66qF5ntuwX3n9iWMHAjBcFQZ4w,I need more rockets!,5,0,3.4.0,2014-01-20 12:48:00,,
gp:AOqpTOEB59GRCgtzqle-YCGAdo2ULuOvP_-p8Ti8sYsXqcTTTUOpDYCpnm5ywN3A0T0ci7e5wjBDCF3aIeyK1eo,Michael Miglionico,https://play-lh.googleusercontent.com/-3KXYE9PydKY/AAAAAAAAAAI/AAAAAAAAAAA/AMZuuckodlEr0DDiy9IaMWpaEyUP9jPQuw/photo.jpg,The game :) :),5,0,,2014-01-13 12:18:07,,
gp:AOqpTOFViZ-SSnbv7h8ROWiDBTAjSiPdXNxF1q5SA3s5YqTaGM1C8vQAvnnvQtYj_S9mnvSuM3qRjMt2h9IlVDw,Glynn Simpson,https://play-lh.googleusercontent.com/-PbXPeKB59Tk/AAAAAAAAAAI/AAAAAAAAAAA/AMZuucmqJnMKNmVytA9MHuT7MArdJk5Ceg/photo.jpg,Realism in the cockpit awesome,5,1,3.4.0,2014-01-10 21:33:01,,
gp:AOqpTOEA7XC_-xXHbsKiov-VAhiXCRrvEtwGiGp7YcAxzHRnf_0DoLiLZDX_Y6rPDpQkwFpTEOzWL6j_hJtbaJg,Blake Bogue,https://play-lh.googleusercontent.com/a-/AOh14GhxJsK0a-fPL7ZELJ3s_B3y10oQlLsOqIHWWAGZnQ,Awesome need to add mig 19,5,0,3.3.2,2014-01-08 12:08:14,,
gp:AOqpTOEOhQatLQrQ5UmB2iZuaivOGTnOmp2suc5BtFl88hIahtfmBB1RIJ4qJkEtZTHDHISoCV8YSlEdFemjKNE,Tina Vest,https://play-lh.googleusercontent.com/a-/AOh14GgNr0Nd9U69cNwIJ9XtKSMNXr2Io5HCdykCnt-YBg,Mig 25 doesn't go up tried  it on the other version,4,0,3.3.2,2014-01-07 19:28:54,,
gp:AOqpTOE806U7yqLoVRz2lWT5bK6sju9X_vuAeocFeuqSfKaF8RlSTZRk3FeevHDFgPco-xxFglLUd4CZMaOXJsU,Carlos Campos,https://play-lh.googleusercontent.com/-2zV5x3ET0ds/AAAAAAAAAAI/AAAAAAAAAAA/AMZuucnc5V1bzyYORip9IEJZ1t-c4XtsPg/photo.jpg,So awsome.its like the usa gunship 3 but different soldiers and planes,5,0,,2014-01-04 09:17:54,,
gp:AOqpTOH9rKyOiIvsAHIrSzJhS01IaZvUQ0xPN78GGznpokzPHOjdko3cZjQ9tlOYD3HEYa1QckUU8xOU37uvzsk,Edwin Nighbert,https://play-lh.googleusercontent.com/-6tRhHrUvnSI/AAAAAAAAAAI/AAAAAAAAAAA/AMZuucnLoqseJuZTb1IP29n9ZIcpHaJzGA/photo.jpg,Add the hind its awesome,5,0,,2014-01-03 16:51:12,,
gp:AOqpTOHwGgHNUXzDBq7BJJz4klA7YPKlV2DpMZaVVSKcyRo054o-tHxq-LbAbOki_jj-DyjgzE1vn8aisxScwU4,sissy d,https://play-lh.googleusercontent.com/-oioBnrpjfBw/AAAAAAAAAAI/AAAAAAAAAAA/AMZuucn5jvQg9N3GW1cQpsjH8InAWi0ooA/photo.jpg,Awesome!,5,0,3.3.2,2013-12-19 16:13:31,,
gp:AOqpTOE9cra3Yoj0VXJU6Ki2Wx94Lbv9i2AKT3rSK3VA6esh7hgs98cno-bjLjZvMIp5ey4iqZHB0Y-YdOILKGA,JR D,https://play-lh.googleusercontent.com/-yvcmBf8wNQM/AAAAAAAAAAI/AAAAAAAAAAA/AMZuucl9AKiDJO-F4YqOySgi_TsixNB5dw/photo.jpg,Just great,5,0,3.3.2,2013-12-19 07:46:59,,
gp:AOqpTOFQWn1Qtc7AHVs6ZBGd45EvKeroFC5LagMqoTYF1vhk7sbToF__SKUvlsPi5drQ-6W3xRZuQJjG59P-8oA,Joe Ekstrom,https://play-lh.googleusercontent.com/a-/AOh14GiYW8Elwq5oTBWPBoNn4y69TciuZmjRU01qNatsqg,N,1,3,3.3.2,2013-12-17 17:30:00,,
gp:AOqpTOFa2uTCdQDJzA3WEqII1TDfDY2UzExrlLRCfZuR6zRXg5F7AKyMlhHrAXHfPAiSS4RdwuznsD8kP9VxTiI,Stealth Jyan Pes,https://play-lh.googleusercontent.com/-hB9LouaAtes/AAAAAAAAAAI/AAAAAAAAAAA/AMZuucmQljPfsYxEnXsQaUSuBX6z3rOlNQ/photo.jpg,Keep it up phanovatives. Phanovatives MAKE A GUNSHIP III B52,5,0,3.3.1,2013-12-17 17:12:21,,
gp:AOqpTOFo2-WqnY_YGirkZNJpIyH9YuAzD5TgD77TP8pPUQhrpZUJdKSUCcOM2VxcqN-IWqnpKzvQg52CBwOcE74,Chris Donaldson,https://play-lh.googleusercontent.com/-QLPJeFef8sA/AAAAAAAAAAI/AAAAAAAAAAA/AMZuucm8amLQYkQhH0mbsJ4cbIbbOIeqqQ/photo.jpg,"Would not open, by the time it opened it was too late for a refund.",1,0,,2013-12-17 13:42:12,,
gp:AOqpTOGhBt2Je00Kjo7YL8EEBczYSrwQrWCvwCsgcmagVCul38gdraFHFEOtwnOZCtDNnCVRQsZwpAqEMpAwKQI,Colson Combs,https://play-lh.googleusercontent.com/a-/AOh14GgU9PdpJTTyxzvZubDgcG-YX6JcP5Xs0VRMByNY,J,5,1,3.3.2,2013-12-17 12:55:03,,
gp:AOqpTOEj6F10ZXrtKTipP3-RLLPdzhnMnGDXjqKMpDxdfGWAnapj1FS-XKNRI3I4Heq9Bb2sfLl_F_lWJScHeyM,Cristian Valenzuela,https://play-lh.googleusercontent.com/a-/AOh14GitsFpX0FvVan9pjp7A-lkH7CRpaI4VxqWRs7WdUw,Nice,5,0,3.3.2,2013-12-17 09:34:11,,
gp:AOqpTOGsP1xWL1kUz2WTaxQQ9TdZAJf3qTd8o0S_d69YxMfx5cQ7tlbPciccF24K72EfnavVQM9Nn1DUn-KUxWo,Stanley Peterson,https://play-lh.googleusercontent.com/a-/AOh14Gjw1SgJXc2OeoMyz14hp-oef7TaeZPX4tSbfm8r1A,Great game for 4.99,4,0,3.3.2,2013-12-17 05:34:02,,
gp:AOqpTOG4RUl2PUsmacyX-Qs7C8Lz1VUskpPDWw9yLQHhnhbOpy7wzhZdTQvszCrbYvBCRtFdlY9DxPsmE5d_UEA,Jason Gallon,https://play-lh.googleusercontent.com/-y1jXaQa_fjw/AAAAAAAAAAI/AAAAAAAAAAA/AMZuuclnknEfjzdt-uliP-kBmkgWgFm5dw/photo.jpg,This is so fun on both sides.,4,1,3.3.0,2013-12-10 13:27:11,,
gp:AOqpTOEQOFB5m0ymCPaqj-mqeu53FdykKlObX8ZTcbXsJm9TD779_e5AdQGC8g3Pa9AGqK6-QSs-vyaqgHq-XUY,Zak Cooper,https://play-lh.googleusercontent.com/a-/AOh14Gjt57nRXROS70ZVrjWF_LGUd8CxP7VjVsKNF6Aq,JUST GET IT,5,0,,2013-12-09 11:06:16,,
gp:AOqpTOGGEH5-HbSlghznj9EHWwX9Q2TVOYMWjaHrNAZSspwLr6rePAkwGGCtL-TU2zX8HLd1vSo74OAhWFvwKCw,Trenton White,https://play-lh.googleusercontent.com/a-/AOh14GiBZFiSHZq7iCvoIR-ziSecKYVRzVW8Z0GTQY7cbw,"These games are by FAR the best flight sims on mobile devices. I need more, man. I need modern military aircraft, civilian aircraft, all of it! Phanovatives rocks flight sims, and I can't wait to see more!",5,1,3.3.0,2013-12-09 06:16:50,,
gp:AOqpTOGR-NwdsQxkOksSJUD4CXid-xbyeizKgUjWPofdhF6OD_OMwlK3GLqg-ZcI7U5L3z1dq7J_QrJC1YcTUqw,J Walk,https://play-lh.googleusercontent.com/-takPzBHh9W0/AAAAAAAAAAI/AAAAAAAAAAA/AMZuucnSQaTEAEPqA9Zx7VDOLdesGZ6h7Q/photo.jpg,Great addition to Gunship lll. Get it!,5,3,3.3.0,2013-12-08 12:33:42,,
gp:AOqpTOG5HR4HaVPNlUsgcFAFiLvhRPBwHnfW8oafUrG_S8YLiLmGCJK5d20WMKZXMmRYulBaT5ddFSOO0Pk2OV4,Ben Sullivan,https://play-lh.googleusercontent.com/-hK0mGvVaW5w/AAAAAAAAAAI/AAAAAAAACH8/AMZuucmj-m4106__mK2iKQUZqbkA5FH9AA/photo.jpg,Game just keeps getting better,5,2,3.3.0,2013-12-08 07:49:16,,
