reviewId,userName,userImage,content,score,thumbsUpCount,reviewCreatedVersion,at,replyContent,repliedAt
gp:AOqpTOEEDX_21RW7WboIze6jBIRLOkzuR-uj5tFpv78JMjk8aoFn0P07cUnji8QaLDdH4mvD_9fSx_iUO4z3,PJ Carr,https://play-lh.googleusercontent.com/-vH-lBi55c2U/AAAAAAAAAAI/AAAAAAAAAAA/AMZuucm5zzU-qvD6TJhn8xTRXueg2wlnGw/photo.jpg,"Amazing game and good UI, just really needs to have much faster animations. Easy five stars if that happens.",4,0,1.2.3,2020-12-19 08:25:25,,
gp:AOqpTOFt7R5UzYKgLKqUZJoJ1SXrwP42_wxN_c7sfKK355ZA7_OOID-GAVXbiER0jDmdwo4bnlyjqmE_3rjs,Zep Caouselambra,https://play-lh.googleusercontent.com/-DGocWjaqgkQ/AAAAAAAAAAI/AAAAAAAAAAA/AMZuuckJ-B_CIVmI50TIVbKZguf30YHdsQ/photo.jpg,Excellent!,5,0,1.2.3,2020-10-25 17:40:30,,
gp:AOqpTOHRdDjYlfNGTUmbEPMkAJsIUDo-61YtQLSXbbLe_GihnjM1wMz5wPZTpJI7nc6nKv0UBX6PNChHqeA5,Tim Belanger,https://play-lh.googleusercontent.com/-rea6RFi0QBY/AAAAAAAAAAI/AAAAAAAAAAA/AMZuucmQ-KmRK17Yp8YeuxuA9MPKekcmcA/photo.jpg,"Another great game. Between this and baseball highlights 2045, I will not be able to get anything done.",5,1,1.1,2020-09-13 13:05:06,,
gp:AOqpTOF_Uy57Z9eRA1dXsVAOJkaAOuyEcGdULOCsFD6eZs15Sw2y-Co_tquvP_utpDD1Mc6nh4vURSeebzfe,Aaron Ranney,https://play-lh.googleusercontent.com/a-/AOh14GiGHI0ydWY3o-1cy_Uj3g3mNKa1LhMa8UMa_tBWdg,"The animations take forever and there's no skip or fast forward option, additionally there's a sort hand dialogue that pops up twice in a game which is redundant because you can sort your hand whenever you want anyways. TLDR: If you played baseball highlights you could've play an entire world series by the time it takes you to play a single game of this.",2,2,1.1,2020-09-07 07:52:03,,
gp:AOqpTOFK1u-kj4qj5CEWwN1q_3fEQ9BXI0aiX7BpKSYt4dE2sx9Q5_xEWARaXrFMjxIjSBMKANMbSwfKnOOZ,Joe Bove,https://play-lh.googleusercontent.com/-tATmIbjA_F0/AAAAAAAAAAI/AAAAAAAAAAA/AMZuuclbAhMDWwrXhgaSNghW0XmgKD0SpQ/photo.jpg,Fun app for a great game.,5,1,1.1,2020-07-01 13:41:57,,
gp:AOqpTOGUeMZMvzj5w-gudNovgFzYMfCulC1DRZnP8a_d9TX18ulaogQYy50ySclO-c5_9QmLDGmKnUHdfavX,Samuel G,https://play-lh.googleusercontent.com/-EWPo3lOiWeo/AAAAAAAAAAI/AAAAAAAAAAA/AMZuucnbIEk-g7EaVI9mYyq-UmOxTwKu5w/photo.jpg,Great implementation of the physical board game. Hoping they add online play ability in near future.,4,1,1.1,2020-06-20 21:35:42,,
gp:AOqpTOFUQnMpfN4WUlpW00QTeq9L47vvuN9CvkVtOKEHj4hHFJUTSWJKM4HPHmpKZHpk4pGBnSejXUGdf4Vt,Jason Cross,https://play-lh.googleusercontent.com/a-/AOh14GhswHpWvagky9SXIAohOylRYMFE2MCo9rIvOatB8A,"Really good implementation of the board game.. season mode as well as single games, and tracks your overall performance! Looking forward to the expansion teams.",5,1,1.1,2020-06-19 02:51:08,,
gp:AOqpTOFtSOhKrjUiDAGh3ZJjXkuNygchjgtRjtNZLzeHEO8XFmv1IdcFtENUh_iPqOr1nrjaBdpxWxFVix_A,Luiz Gustavo,https://play-lh.googleusercontent.com/a-/AOh14GgN0OkNOFOubQzTraf4_7wZWnxxtnsD2oD-N2hMKg,"Great implementation, very smooth.",4,1,1.1,2020-06-18 21:11:04,,
