reviewId,userName,userImage,content,score,thumbsUpCount,reviewCreatedVersion,at,replyContent,repliedAt
gp:AOqpTOFieXxwgRIMHmz6fr5t44kmbBaII3oKTomIFEyVgOfu2uTWGSduuJzl1Wu0dd97mVUR6zW9Bi5VXvVFSpk,Katy Chaloux,https://play-lh.googleusercontent.com/-p5_bozO4_iE/AAAAAAAAAAI/AAAAAAAAAAA/AMZuucn6-prMPaEn_WBUofN_1D3Gj8jPjw/photo.jpg,"Really liked this game until my son got to the hamster preschool level and 
it kept shutting itself off! Please help fix this!!!",3,16,3.4.0,2018-04-27 13:10:42,,
gp:AOqpTOG1kiF9grQVjehXsbEakCyM6WGv6EnKe1LefHhx_REWACvXtmPGj_W3Hs-meST14TANqB1yIClOwFDeuuc,JR Pearson,https://play-lh.googleusercontent.com/a-/AOh14Ggc73C2bRMkeypk2Qj3PO8OPTrc2djO8YQPhnPKcJQ,"Best game for tots out there while making learning fun. Lots of fun activities, especially the racing hamsters!",5,16,2.0.5,2017-01-23 22:22:52,,
gp:AOqpTOE6vqoA18-nHHgIygc9qRzQSTWYRaNIz_tKA2HfN9JfGXPLre8_kYBqMFU0bpHWH6Szw53Ty4tJertsVjE,Andrew Bankhead,https://play-lh.googleusercontent.com/a-/AOh14GgZeLCqE8mUr1P6geFIKNY04OBDHGD24YTlAmsEdg,Very easy for young children of today. The controls are simple. My three-year-old loves it!,5,2,2.0.5,2017-01-23 21:46:46,,
gp:AOqpTOEoCn4kZXUzBuSG3LUUPzmSozfv5WEXA2Z3IAhgVKjru61tPaSPv4wCWp7ro5iowFuWpVItRaJpvDRvskY,Sherry Ellsworth,https://play-lh.googleusercontent.com/a-/AOh14GhnKwsDLISuwOPZsg6Q0XYtmQWU8uJVu4m2AwLWT4U,"My boys love it! (ages 2, 4 and 6) one said "" I love the race hamsters!! I love it! I love it! I love it! Everyday I want to play the Hampster game!!""",5,13,2.0.5,2017-01-23 06:18:40,,
gp:AOqpTOF7oF9TQV-bVkHN8BIFJ7KVCKZoqZNDGaR8FxN0iFOoxqZntUgbzNKEfvPD-TLr_35Qs5WMFwi68F3jeXc,Nathan Kerr,https://play-lh.googleusercontent.com/a-/AOh14GgjhqTNbxROoizt-istpgbBQUVRNc9tbHfvqnNcwA,Perfect! Easy to play and great for kids!,5,1,2.0.5,2017-01-22 16:18:23,,
gp:AOqpTOFog447WQdoyGOuBNIZxqn9v5_TP1sSQ5THhRusvVdf9pW7IZpDxcQ45TxBpjHnTBDQ1iZK3YG9FMQr2F0,Larry Dickinson,https://play-lh.googleusercontent.com/a-/AOh14GjzyBKcMoAXvEiEySFpdxQxnIkz7kcVylea9vJPsw,Great for my kids learning to read,5,1,2.0.5,2017-01-22 08:42:40,,
gp:AOqpTOGPqbxqmHey0dUSfGcekXTN2XqGDnT9GMq4DAwKvUndO7K0knZF4VsBIDKP2NjC4tTcjpOvNBNlI7nRtfU,James Dickinson,https://play-lh.googleusercontent.com/-HWd1EGeutQ0/AAAAAAAAAAI/AAAAAAAAAAA/AMZuucnZsHyeJnAhAETwq8XrDwk4qIdx1Q/photo.jpg,My kids love each word game. The ice cream one is their favorite.,5,1,2.0.5,2017-01-22 02:32:03,,
