reviewId,userName,userImage,content,score,thumbsUpCount,reviewCreatedVersion,at,replyContent,repliedAt
gp:AOqpTOGjUjs5B03bvh_gkFoQoxKqPWSJxsIKvOz-x7FKOmRKdjqkO5olmgWkDYaov5-cinJYFpUulms3c2rJemI,Daniel Ahadpour,https://play-lh.googleusercontent.com/a-/AOh14GjoQhKXzaG6z48ezR-qZlbbU0FC54R0Nc4lc2h6Jns,Love u,5,0,3.8,2021-02-03 13:32:38,😅😅,2021-02-03 19:08:42
gp:AOqpTOHV2-19JX67uu_Nb2WWcRcukhqjlpWopoI_rwZ2SxIQ03rMkmf1CBYXnFPYGnFVOMiPBlMj5R3jxnklscQ,Saketh Kanchi,https://play-lh.googleusercontent.com/a-/AOh14GiTzJeWCBkXnHN0Jq9ZuE19iaRa6gkOEUni1Wmc_g,I really like the wallpapers in this app.. But still hope the wallpapers get updated or added at least once a day. Sometimes I check and there are no new wallpapers,5,1,3.8,2021-01-25 00:52:16,"I regularly update  once in day ( minimum 5walls/day ). Sometimes once in 2 days. 😊

Ps:i released elegant walls with 50 wallpapers",2021-01-25 00:54:30
gp:AOqpTOGdr_Txi_nWK7XO0xCHDFJpI10luhm_eirI6DBBNUT13EZvY7TfoZOOEn-9zFtcgDv00RKbD_we-Wxy2GY,Ben Wolfenden,https://play-lh.googleusercontent.com/a-/AOh14GgWn6tL5c6ZuHUVSh8VNrF47nh4uD16Uy50T9LUouY,Instant purchase from me. Great selection of high quality wallpapers. 5* app.,5,4,3.6.c,2021-01-05 05:48:17,Thank you very much for your valuable feedback 😊,2021-01-05 06:40:29
gp:AOqpTOHPAEk2ixH2rBmeUnMUFe4NTE4Fi20QFVqPh4mfv19aLatJCnkHwgQjMmWsCmV-1Y_rqzSP_FOn2KxZQYo,Savio Perera,https://play-lh.googleusercontent.com/a-/AOh14Gj82LJyzpyPzkOOwKNOCBtj2q7nhrAn0SVIv48Afg,"Amazing collection of walls, nice picks! Loved it",5,2,3.5,2020-12-13 14:11:16,❤️❤️,2020-12-13 16:15:04
