reviewId,userName,userImage,content,score,thumbsUpCount,reviewCreatedVersion,at,replyContent,repliedAt
gp:AOqpTOFTXCwBsoy_baL0wjMXbiBZbWTOjYJNktPrPaCp2_vI1HO2zo8NkjmV5bH2mMeEwvkNMF-7LXWnJVUPhw,Regina Akumba,https://play-lh.googleusercontent.com/-T6SONkaoyqM/AAAAAAAAAAI/AAAAAAAAAAA/AMZuucn5_qPoJ0Nd8znq8wEpmupjT-q8RQ/photo.jpg,"I downloaded the app,paid for it but it is now t opening ,it only shows something hishaan fusion .If it not working kindly let me know Thank you.",1,0,1.0,2021-02-05 23:27:55,,
gp:AOqpTOGESZyb4jbE6zrqsgeJh3k_xXdvqR1UJKAmEvupDaQoZE0hwtcJSd5JPyFiZRSoRg0uPF7P7GE3eOXgXA,Daniel Ali,https://play-lh.googleusercontent.com/-hB6KrjyPHYw/AAAAAAAAAAI/AAAAAAAAG44/AMZuucnwXHqwa28_Oig6_o-T4JmMmHLBFg/photo.jpg,Alhamdullilah,5,0,1.0,2021-01-19 13:13:14,,
gp:AOqpTOFWyuUK7e7j3jElNeXzE9TAsPcbYrt_QoQ-9DIdeQWZ6v3xOEU8PymT2u_CxErm4Ay7eh8Dx9lpgLpIFA,Abdullah I,https://play-lh.googleusercontent.com/a-/AOh14GgJiOE31LkjoRLKvgwExcnkRwyLab1cWG18AsDYPQ,Best Dua app still,5,0,1.0,2021-01-19 07:44:04,,
gp:AOqpTOHz6MTKHoC0YOgo8gEVM3bgebSbMYpEf_UkDC-oTCrKRDZn2dx8Lwu1-oWbVGYIVVnAtVxBeKXmI6ib-g,Iqra Khan,https://play-lh.googleusercontent.com/a-/AOh14GjpIqVLF-8cAeai90-Wt_kITaJxFoLOcVJ5ErxL,Crashes,1,0,1.0,2021-01-15 07:01:26,,
gp:AOqpTOEkd_h0ODh7baBkuQBHHyLtcSqSpxNE5v4nrD71FFaUTqncK1UmKPCQOjrxGLK8y21Dm5lvWlxNV-_VBQ,Aasiya Headlights,https://play-lh.googleusercontent.com/a-/AOh14GjI6FE5NY47_A_2By8yLRrkBWYSjj8BuKxHRlPDIQ,Masha allah barakallah,5,0,1.0,2020-11-28 04:50:04,,
gp:AOqpTOFhiCbBSi6B_FbMlr6pTVNCWzwyQLDy7AdlpDZfy8yuxlPupsDJQnwYq_hsUo8ZTtXMIDjiBGmicMltpA,Effaniza Binit,https://play-lh.googleusercontent.com/a-/AOh14Gi5DuW5c2YEank-4qrfBWn7qoFAmvG-Qm_ypNMJ,Alhamdulillah..thank you very much. May Allah bless us. Ameen❤️,5,0,1.0,2020-11-14 18:25:32,,
gp:AOqpTOExgnshZ8xR79ptF1Rqs2rssgS7Kn6jTmiigooEja3zn0FJRD7GMIU3TsOASJAf8ft279DsBbP5GKlRxA,wally wali,https://play-lh.googleusercontent.com/a-/AOh14GjkXoarUnaSZbvi4GS7mDPh-08ejBT4u557HaOudQ,Update to new version please. It's older version w8th bugs and lags,5,0,1.0,2020-11-14 11:59:37,,
gp:AOqpTOFc05nRhswT9cDOZZEFekL__n5drnRnW2s-4BxioKlOZr92gGR3H9rsFo2kHjsyqgW5r6R6fg3ko-N8KA,Alhassan Amadu,https://play-lh.googleusercontent.com/-3xzNrn1RzzQ/AAAAAAAAAAI/AAAAAAAAAAA/AMZuucnCcFA9YsM0V-fYKHMIl7yNCKVFag/photo.jpg,Not working,2,0,1.0,2020-11-14 06:58:04,,
gp:AOqpTOEU5DPYcj1eXDAtvyYIqT7PEu2zDDd1uqMAsx0XeHgUQPJmlfefYKV-wHW6uaIPtucteNCTP0zltS3m-Q,Bobbie Daugherty,https://play-lh.googleusercontent.com/a-/AOh14Gj_XH9Mg9F4rKPvBJiYyWRxCT4WeCcFzzYoiHZAYA,This app keeps crashing. I have to uninstall it.,1,0,1.0,2020-10-02 21:29:31,,
gp:AOqpTOG3x4gFmaJw5jDatJrtwOM7z2GbI-yIEU4n1Zrtuud6nnD6vBGphuEfI2HghvUUzozUb49lfsa8pV9yBQ,Ta Sh,https://play-lh.googleusercontent.com/-XOOidCXKbv0/AAAAAAAAAAI/AAAAAAAAAAA/AMZuucmvGBTzWsyonggylyHmKJrdH5eL2w/photo.jpg,"Not for new version of Androids. Good effort on the deloper's part, but not what I needed. UNINSTALLED it.",4,10,,2020-09-16 04:36:07,,
gp:AOqpTOH-pjfHpJ5iYdbQ9WvXwuMwWHErArMheDOOlVbwxZqqyJUpDtNeaKXu4KBcnPoNEX2I7YDU3kQH1SEVOA,Bysshe Wallace,https://play-lh.googleusercontent.com/-FUk2Q0FB8mc/AAAAAAAAAAI/AAAAAAAAJxU/AMZuuclvMCo_hyavEDb6P6U8wAK_uQc97A/photo.jpg,Didn't find the way the duahs are organised as easy to use as other apps I've tried.,2,0,,2020-09-10 02:17:50,,
gp:AOqpTOGxcVibFWeCU3DfOasZfi8_5rcBQD4EwEYesEVBtCWQKwT6AQJWv01JIRrkQlf9NTuEsr3KcaQp_dJXHw,Maisha Mohomed,https://play-lh.googleusercontent.com/a-/AOh14GjPi2oUohfCfZfBsqs1iSWfxmLqWEctfzkQHjn-hg,The best app for all duas in one place,5,1,1.0,2020-08-30 13:47:24,,
gp:AOqpTOEkCvJcbpimSnUMhMPcIaBub1KT3Z8e4GVB0aOr-tVz8uB_8Jy1O7e7meolDJMsq-HHENNSNLv3ifIPpw,Abdul Rawoof,https://play-lh.googleusercontent.com/a-/AOh14GjT3HAtFzCyls0VXwm_D01B7cMyfOqAFG_KRjdu,"Unable to open the App, there is no update version but it's showing to update... How to get refund amount When it is not usable",1,3,1.0,2020-08-05 06:32:42,,
gp:AOqpTOGCFY4k59jYibO5_FDZtEQxyq47SRUygY0suN9FQATIM7s5k9jXFCltvn4lW72yQq-BXiw2TViQyS8N2A,Shameema Alleebux,https://play-lh.googleusercontent.com/-VxDSAgkxlp8/AAAAAAAAAAI/AAAAAAAAAAA/AMZuucmhNJUzQ18juITNXVSyVdPGG11y8Q/photo.jpg,"Very good app that will help one to become close to Allah subhanahuwata'aala, insha Allah ❤❤❤",5,0,1.0,2020-08-04 02:01:36,,
gp:AOqpTOFb31voz1Hyu0g2eDo3orZj544WxfZ-LUeSK_mjQr_mzSZcP6y9pdllckNYZ338jNzWizbuFRTf8DPaHg,Muhammad Faheem,https://play-lh.googleusercontent.com/a-/AOh14Gi8y9rGFS9GSgSr-jqLOjVPMr1RIenvnX8g-q4x,Best,5,0,1.0,2020-07-27 00:00:37,,
gp:AOqpTOFFcT72REVPdairxXaAeiUE2limVm1ZojsLWH6joIymg780HoDK3FXwJDliaQH1gNNmvwPgbktNXgFJmw,Talha Azeez,https://play-lh.googleusercontent.com/a-/AOh14Ghkhx_H6m4iQw323gRKl_fk9iEihVeweST0_AXd9A,Not working at all,1,0,1.0,2020-07-25 03:33:06,,
lg:AOqpTOGZBSv2r-kJTsqGbyvl9ih6pQNBzA7LQ_JDkh4TXrUq-9UZrYSRjUUULzZc8QYZNksOVCKzKsM1R9BELA,A Google user,https://play-lh.googleusercontent.com/EGemoI2NTXmTsBVtJqk8jxF9rh8ApRWfsIMQSt2uE4OcpQqbFu7f7NbTK05lx80nuSijCz7sc3a277R67g,"This app is the only app I have ever paid money for. Definitely worth it. Beautiful design, seamless navigation. Can't recommend enough. 8 years later update: This app is still the easiest and comprehensive du'a app I have tried.",5,11,1.0,2020-07-24 22:10:55,,
gp:AOqpTOER_VStVbYEwKSXmZwjVeKnOXnkWgFyWl5jUPDdR4OJetwpuvF6Vb-WZtpSyr78_VwPx5GMzUFz7MPxbg,Zuhaib Raja,https://play-lh.googleusercontent.com/-SF2Go7FVrhI/AAAAAAAAAAI/AAAAAAAAAAA/AMZuuckQ_h_bsbpE02OIVuhkVYLP4WrQrw/photo.jpg,It's waste of money and time. It doesn't work on Android cellphones. I think there must be a bug that they need to fix it,1,6,1.0,2020-07-23 23:07:24,,
gp:AOqpTOEESnHHaApGTzAyLVjpnHgbp86pprTkki8K_t77qRIwwvxLQJflwHzjo_t7pXyI1t0wviI2NdydSVBRGA,Salama Zakari,https://play-lh.googleusercontent.com/-sgTsfI4Bg8k/AAAAAAAAAAI/AAAAAAAAAAA/AMZuuckBjFnBeo6hCQ4WpZ2uQX42YqPh0g/photo.jpg,The app is not opening,1,0,1.0,2020-07-20 07:45:55,,
gp:AOqpTOFxmJnB5gw06ZqVOYwm73HYhO8JXwv2J9UkvVGhxsEgVfXo1pewrKyfpjL66Lg5I1drCK7mltCu2gg_Dw,Ibrahim Taveras,https://play-lh.googleusercontent.com/a-/AOh14GiePjaud_qevBjc7D1kaMmj80Vu6QncRsoH_INFWQ,May Allah bless those who worked on this! Very easy to follow and learn/memorize very beneficial duas!,5,0,1.0,2020-07-13 01:51:38,,
gp:AOqpTOEMXA9PXIalDfjG63kfstL_00VNKPVbEEs4E0Li24RJ1A3U2QvHf4nXErjT-T3s-K6hZsBnZS6CmNf01Q,Z Ahmed,https://play-lh.googleusercontent.com/-2WUT6jTNtlE/AAAAAAAAAAI/AAAAAAAAAAA/AMZuuckRZnTcpJzAuhc4U04cKl2Xpet5dQ/photo.jpg,"Does not work, the developer should update the app as soon as possible",1,0,1.0,2020-06-29 07:18:31,,
gp:AOqpTOHWCtcF9Qdl6IhC26VSMLDLpFQNQA9DTVADcjMiMbe6TWeqEeUWYp6uxKrI-YJmea9yiJsaHI9ov1A00A,Arifur Rahman,https://play-lh.googleusercontent.com/-45SOOcZTIak/AAAAAAAAAAI/AAAAAAAAAAA/AMZuuclDP3do18YkxPU8OYI-OO0537XCRw/photo.jpg,I could not use it. It's made for old anroid version. Please resolve this issue. Thank you.,4,1,1.0,2020-06-22 22:27:11,,
gp:AOqpTOGOqz9SI57qFTWJzUoSl-43QJlzyn2ek-5hIfgTK7H01c5bazJlMcKNkfIS2rI5h_2-3WPUe2GRBB2mhw,SD Motion,https://play-lh.googleusercontent.com/a-/AOh14GgADdBZE_Ix56QGs_Yn-OLDhUdYhsXcdAnWzjHgwg,I paid for this app but it's stopped working please explain why?,1,0,1.0,2020-06-16 13:51:14,,
gp:AOqpTOHl4-d6vj1vJOH5D5OJtBgi2LXB_kU8FXS92rgcgyYq08MfhhMtb4KOJpDwv9P3SqTrq-acnYL3wc7_vQ,Mary joaque,https://play-lh.googleusercontent.com/-tw-9HR82CuU/AAAAAAAAAAI/AAAAAAAAAAA/AMZuuclbh1pHPbIiLEMdVcUriR6irRvJOQ/photo.jpg,Love it. Works fine and recites for you. English transliteration and all,5,0,1.0,2020-06-14 01:21:44,,
gp:AOqpTOFnRhfhDFCkJv7dGAkBsIA7CkGdgcBN-we6c9UtlNHfpgdMn4qakA43f71Kqn82IbFAa9EkekrFskKV0w,AHSAN UL HAQ,https://play-lh.googleusercontent.com/a-/AOh14GgdMxHrbwxlGMo5szx0th_BvFXe3yi7UXRlsOKV,Doesn't even open! I paid for this app for nothing. I am not able to open this app on my Android phone. Kindly fix the technical bug.,1,18,1.0,2020-06-11 22:44:30,,
gp:AOqpTOHEQoaJjYMJEHFK2dzzZx9-dajz4VWNFbqEWwFPDuuV-Vrap-HIs1F4GQHJhAUg4YhARtJVxM4_j4_cSQ,RAJESAB NADAFF,https://play-lh.googleusercontent.com/-fDbaw4ZqKhc/AAAAAAAAAAI/AAAAAAAAAAA/AMZuucmJCVpUpcWUXdaoGzDQc_NTWYBjKA/photo.jpg,App is not working.. It's showing its built for older Android version.. amount is deducted for this app,1,4,1.0,2020-05-24 11:15:44,,
gp:AOqpTOElch1bwFMWgCV702qlmdF1JUBJzW4MIpQKmdM6Q5AYft_ku3iFsDIgBi2TjG0vAGsY0jz7ZxAPIj1Gkg,Gregory Thame,https://play-lh.googleusercontent.com/a-/AOh14Gh7P9MvkO5Eq6lv0_MnaZ14YmGgEV3EewU00EXwxQ,No longer works. Why is this still available to purchase?,1,0,1.0,2020-05-17 04:20:30,,
gp:AOqpTOH8d-b0uNU04oTnjKhWrODyQEgqjUEKYFd_IBqyX1pd0LdxGsu1q0MmFHcT0UHJkQ9cIBcLRnsEL-EcQg,Josh Sacrifusion,https://play-lh.googleusercontent.com/a-/AOh14GixDimD-M-541Z4IxO2lp_oAa5d2lUGiRsxUCBBEVg,Fake news,1,0,,2020-05-15 08:57:55,,
gp:AOqpTOFeEPBtSsupqKkvG7QUMVWWFEsAGnOUxvCsUae_WTc-3z2cquChgmeJaiUx8jAppBgj_Klhw2kiaHWlMg,ritu saikia,https://play-lh.googleusercontent.com/-Q6TQ7SaPjWo/AAAAAAAAAAI/AAAAAAAAAAA/AMZuucl95IA_hr53SA__4jiXbnmC3JUTaw/photo.jpg,Its working! Do add a night theme too :),5,0,,2020-05-15 04:46:36,,
gp:AOqpTOEOIB0Z6_M6lWeCfQZ4zU65QTaJ0GUrruVbi2FpRdOry-MYQG72aDXcs9t3AMma-oqnHiYlQhpJbuocAg,A Google user,https://play-lh.googleusercontent.com/EGemoI2NTXmTsBVtJqk8jxF9rh8ApRWfsIMQSt2uE4OcpQqbFu7f7NbTK05lx80nuSijCz7sc3a277R67g,Best duaa app,5,0,1.0,2020-05-10 06:49:30,,
gp:AOqpTOE_aJaBw5q3nwtsERrejOaq6dFt_acw3W7AXnbQ8PgfoDzuYj725iX4lrFvc3vRkR6RFwGvASY3HuxgEg,Ella Hasan,https://play-lh.googleusercontent.com/-hw65EY6huwo/AAAAAAAAAAI/AAAAAAAAAAA/AMZuuclPNpOQFSgz0n3gxuZyjJT7GQ8fCg/photo.jpg,Hello.. I bought it few days ago but i doesnt work. Can someone help me please. Thank you.,3,0,1.0,2020-05-07 15:18:21,,
gp:AOqpTOE3F9eEu5TA7-XmNWsp2yk6p3kFDcZHmaBUBd_ANBzIJiOtbCfh8R7ssR80ua4u32lJPpxIV5CFS2keJA,syahida ramli,https://play-lh.googleusercontent.com/-IMpgeHeg2-8/AAAAAAAAAAI/AAAAAAAAAAA/AMZuucmRXDEZgzffGNwrFgbe9nl1B9LJdg/photo.jpg,can't open the apps,1,0,1.0,2020-05-01 20:48:13,,
gp:AOqpTOG21yBalD-k-9VvxfZaOw0PwYZOeaHMAoxH9b_R0opddzNXTk3CMVs7GWxbdJ_IqTwxp_VksSSZnSicaw,Dr Rahmat,https://play-lh.googleusercontent.com/a-/AOh14GhL8NQPovUZE_FYSRFHx4-bG1NdiQCJ93qt1Oys,Very Helpful app. Easy and convenient to use It's been almost 8 years of experience with this app. i am really thankful 😔,5,7,1.0,2020-04-28 18:54:00,,
gp:AOqpTOFJ9C5dnB2utsJ-jjoof6-rMux9yVNHyNpAeSeqHRmf_S6ciWott7IUMCouY1gZwHXZqCJ_LVgq516Y9w,Sanya,https://play-lh.googleusercontent.com/-gYpsBW1T2pI/AAAAAAAAAAI/AAAAAAAAAAA/AMZuucnAjYdU-HLYoe596CeHBY_2MqEeaw/photo.jpg,"The best app I've ever downloaded, don't know what I'd do without it. Pro tip for memorisation - alongside reading the duas, play the audio to the duas and overtime you'll be able to recall them easier 😊 ---------------- Edit: for the commenters who say the app won't open, it happened to me too briefly but I think sometimes it takes time for the app developers to update the app. Be patient! It's so worth it.",5,31,1.0,2020-04-25 19:49:55,,
gp:AOqpTOG97ahj1a32zPwlnFKl-CTytBZb0R7gAqA8pKtkc4vfx5k1UysgVXLdPDEFXfQ8OEHMx_Vwv8bKDMcNYw,atiya sheikh,https://play-lh.googleusercontent.com/a-/AOh14GjrIoEao93jDcc3ciInvxq-Z0Gsz7100jwz8s2WiQ,Love it...,5,0,1.0,2020-04-24 15:48:01,,
gp:AOqpTOFh6XElHoO3LJeJkzA2mkyTIR-x2VQcT2eH-3iX_N70cds636aI97nSBhoJdfS0O6huMOODwFrmNS58gA,Razia Ennos,https://play-lh.googleusercontent.com/-MniMMzltMhk/AAAAAAAAAAI/AAAAAAAAAAA/AMZuuckLqrYWA7leRapJRMXe1JGMr9TydA/photo.jpg,The app does not open,1,0,1.0,2020-04-16 10:18:30,,
gp:AOqpTOHkT8NjfjcSsbVWG8qjXKMJ0ZNVbCQ_6bO_lSUrHG5iwEsnkvegDZwOO_N3D4XXfiWCn3AKoXLiTgtcpQ,Sheeba Sarfras,https://play-lh.googleusercontent.com/a-/AOh14GiK3GqHf0zXV8t-0ogKUSJuO8SWOsrgmQzt_c6DP_o,App is not opening... I paid for this app and it's showing message that this was made for earlier version.. Really disheartening,1,11,1.0,2020-04-16 00:51:20,,
gp:AOqpTOFwQGRbhXVn_efdbRUxdsmWcaCEtYtcHq-wEIeA4hq53yxQJ1ktVRZPhAaiFKCQV1oK9HkcXQr7HKqRAA,Sharmin Khan,https://play-lh.googleusercontent.com/a-/AOh14GjYDmWkBiPY5vIFCaAdjGvEggnJwBIakUv_yDCgkg,EXCELLENT APP,5,0,1.0,2020-04-13 02:41:39,,
gp:AOqpTOFm_hgkDEZaEc1Tcp6LtBdE5DwxRShsbhPy396KsBhK7TLlH8FjPS3xpYpP-oARVkGuf4-5dpejE9DyMA,Saudah Ly,https://play-lh.googleusercontent.com/-hgKD3l8Ff2s/AAAAAAAAAAI/AAAAAAAAAAA/AMZuuclNb0uvFwpcHTRhdvrYqee72jZbdQ/photo.jpg,Unable to open the app on my huawei device,1,1,1.0,2020-04-01 05:17:00,,
gp:AOqpTOEkMX3cXuCJiXTLPLNn22nkw7mpJmTIbyP_y4T1ukAs6hXwIL6cJnPfApc9HlbLYb76hfs9fNnjAvokhA,L s,https://play-lh.googleusercontent.com/-Yv02GpLKVm0/AAAAAAAAAAI/AAAAAAAAAAA/AMZuucmXgRh6mZnJglFMttluFwaPiqLzjQ/photo.jpg,"It has a lot of duaas and whenever I'm worried, stressed, sad or want to remember Allah and do adkhar, this app has it all MashAllah with all authentic ref",5,0,1.0,2020-03-25 22:34:00,,
gp:AOqpTOGbyE3qR6y4_rcVeUM2925KQWcT19EKOPBdwZXe4HjVcLp-4xwXT1q8TB21eyrIlSNGI7MVKe-E3LibXg,iqbal Hussain,https://play-lh.googleusercontent.com/a-/AOh14GhSmzpmguo6sUxvWprDcZYOmnw0PsN2ARrwrwBAYA,"Dose not open "" app developed for older version of Android"" :(",1,1,,2020-03-16 16:27:25,,
gp:AOqpTOEuaHiEgb8-PdFMyiZu-918pJrcj1W_295Hv-ITJMcGiM0YyA3dHhFEgNZl89FDChYHvR4iLk_HSFUjNg,Syed Ameen,https://play-lh.googleusercontent.com/a-/AOh14Gi43-I0VH4ljrQJqMfjjyPPU9n-LP9D7g_eCLcmV_Y,I have purchased this app but its not supporting my new device android version. Pls suggest. Rating is only to get attention. Will update after fixing,1,1,1.0,2020-02-21 20:55:13,,
gp:AOqpTOFNEFL5nYHhxAvlu17rg3rFPDUF2ZPi_R7TevAVHY7CGPhxxn8QO-CAHVXHWoSktD0XeGn6SKdnZSdLQg,InesMaria,https://play-lh.googleusercontent.com/a-/AOh14GiRD05xvrnX4TvknvzN79XQjL4vPEFCj4UW0XIehhw,"Msg to the developer: I love this app! Please update it. Baarakallahu feekom, ameen.",5,0,1.0,2020-02-19 20:54:37,,
gp:AOqpTOEBEk3TKNQNP8eISm_lFBBQvZtTH-ycEQxDaCehcvQFmBoVIFGAvaRl8_9u4qT_uioUJsynPpdy3Dub0A,Sumi Zac,https://play-lh.googleusercontent.com/-sGaKmLdgCjw/AAAAAAAAAAI/AAAAAAAAAAA/AMZuucky9agNLd-ddW30vsoJDuNjB4FvFw/photo.jpg,The app does not open in new phones,1,1,1.0,2020-02-16 12:03:05,,
gp:AOqpTOF_U_k0hir15RGBWQRSJqL_N0TZMpoCX6aYUWvOtMYSjn-Ya4PLi7uBJNEwgZHQdi5jWMDPE-iSKpdFAg,Zaboor Hussain,https://play-lh.googleusercontent.com/-laMEinDsIOU/AAAAAAAAAAI/AAAAAAAAAAA/AMZuucmbIFtHTXVWsotPaVpbva8EEq-zNw/photo.jpg,Is not working on Android 9 (EMUI 9.1.0)! I have been charged for this and no refund!,1,3,1.0,2020-01-08 22:42:20,,
gp:AOqpTOFd9L7Ysb6RCtpfGozDqnN4_DeHLsb2SlC6qR_Y7l9IlKZvYrKwRInuhGev96P6BkTXcv0htSZ5u6j8dQ,Naqs T,https://play-lh.googleusercontent.com/a-/AOh14Gg2oVKMXzoGvwmeyPvNmRN_TnLsWzQKNgyJuK7A2g,"It used to work really well but now when I try to open it, it just closes again. Only app I ever paid to install...",1,8,1.0,2020-01-03 21:08:21,,
gp:AOqpTOEVxX3zseJ6O32_PdR_NyPN5M3RHV7CGHYveXa38CYI813AMK2U2y_KjxWHP8i4lFCL-W_m7Gwdp3svdg,Bilal M,https://play-lh.googleusercontent.com/a-/AOh14GjmG6-W73S1TrrR4NWN9eSTNhWekNs6A2lZCH_2MQ,Couldn't open app on Huawei Y5 (2019). Refunded promptly.,1,1,,2019-12-28 09:32:10,,
gp:AOqpTOGio97y-cztfHHagSUFA0tI_7BZj_VJl0p0heJH96jVL586QEjlBFUMy2l4u8Yjj9509DCrn196PCfSrA,Mohammed Khatri,https://play-lh.googleusercontent.com/a-/AOh14Gh2QRuRww9xpBz_mCX5S4rZvECSnz29ml2NbyB0Tg,Was a good app but developer hasn't bothered to update it in over 5 years.,1,4,1.0,2019-12-21 00:23:58,,
gp:AOqpTOHTrkL2MY3c4GVUwjKcGvn3AwxZKdhWlw-h_iJwKBjLHUNDyA4Vf5rEuSOJLTQ07cAtlKDgtr7f6nzgGg,LionCrash,https://play-lh.googleusercontent.com/a-/AOh14GiUVRBfaR8J2vnTSFsx89-h1CgZylvcCelgTpyyTQ,Fabulous,5,0,1.0,2019-12-05 09:19:22,,
gp:AOqpTOFhlWQbWE8XVjkbvD30IMOcqIsi1tjGFFszQwPDATV6rKA92-Gpb4n0x0uB8g_19VWDD6PmN4Te44zAfg,Rusana Mamedova,https://play-lh.googleusercontent.com/-BGjBufO5Tf4/AAAAAAAAAAI/AAAAAAAAAAA/AMZuucnXuoDhj53bWoFdBa24chCw-VJfLw/photo.jpg,Great.,5,0,1.0,2019-12-04 13:36:34,,
gp:AOqpTOFjir37lFDB2jxmZnb6cny9nPE4UHZE-oMf0JZik62t-hwI23E11CZ7xUXDculPnniB8lAxTAjlbUs0zQ,Sabeena,https://play-lh.googleusercontent.com/-P8mn1-6kcfs/AAAAAAAAAAI/AAAAAAAAAAA/AMZuucllbpNT-Rb2OHfgw3qXQo1HsX3l7w/photo.jpg,Excellent. Only one thing if possible to have the arabic text a little larger so its easier to read in sha Allah.,5,4,1.0,2019-12-01 12:16:48,,
gp:AOqpTOHim0hogGkCIZr_K9wHhfXtMY2NAxVXdyn429Fe-xdbQWWqPurNkap1ri_XfonRlgk6xAZilDhYaLnu4w,matt magum,https://play-lh.googleusercontent.com/a-/AOh14Gj-Mao9IJ8t984qA9UyHUfh5cAmLGf0rJpksJI,I'm running android 9 the app not working due to version,1,1,1.0,2019-11-27 05:17:15,,
gp:AOqpTOEuhR5PhnmZry0zemijU4GLPVXFqMBk3N1QDFX5N4mEeYkQTkSpSiBkC4k2LI-qJMUftB2Iw9HZmrd94g,Salina Aizad,https://play-lh.googleusercontent.com/a-/AOh14GjzlnI38LrsgrIoOKuIcREMsFDp52KwcymmM0knLWc,Cant use on my android.. Sad.,1,0,,2019-11-18 02:53:35,,
gp:AOqpTOHjfxOuWKRiEs-062qW1jm1gtspWGuGNxwu3Vx1dvw5vv6Ya6RUjmZMkzk3Vqsd3QPEDq9LzZFkNoDnjg,Ashma Rahman,https://play-lh.googleusercontent.com/-GdkdA56CNHM/AAAAAAAAAAI/AAAAAAAAAAA/AMZuucnX-7sQ8NN4iASTqoadcv5yR5vIxw/photo.jpg,Really useful app!!,5,0,1.0,2019-11-10 12:52:28,,
gp:AOqpTOHUVIjR4bNpS8AB3q8wXK6XwHj9tIk8rd6W7Yi6lyUBUWp22SCVyuvoKlXuq1yfvY_QiWT_1f6AALkSjw,Waqas Mahmood,https://play-lh.googleusercontent.com/-vao23Pd4fyQ/AAAAAAAAAAI/AAAAAAAAAAA/AMZuuckksQVx0BePRF6saUTjT90vxL09fA/photo.jpg,24/7 Protection,5,0,1.0,2019-11-07 15:17:59,,
gp:AOqpTOEHOz2k6hkOd36uyK5PGgScYpKuobEM1sCA6vEGQc-EErmPn-q0kKxr1Auw824WF0SrYD9DQ1PhFH24cA,Muhammad Shahid,https://play-lh.googleusercontent.com/-Hg_W6Di2Xs0/AAAAAAAAAAI/AAAAAAAAAAA/AMZuuckF3HzYKLIRNhTNkfyOIkm5cazqAg/photo.jpg,Why is this not working,5,0,1.0,2019-10-28 08:49:37,,
gp:AOqpTOFIVQH_Fx_s9f6pNPLVuQGFcNlKN8wxnmvvpicOGxISe72aTjQDcWshy4jvH1Y6kZW_nl2KsFPYi28sxQ,Mohammed arteh,https://play-lh.googleusercontent.com/--_ZGluulgjo/AAAAAAAAAAI/AAAAAAAAAAA/AMZuucn2CEWxkAkyJmjSr_N_OopYdT1oXA/photo.jpg,Excellent dua that you can repeat as many times as you like. I have learned and benefited from this app alot.,5,6,1.0,2019-10-25 11:12:32,,
gp:AOqpTOHuCPKVb7OCStCtECTwHu0EjCjx252CsCCRzpw1neDgFVGZbXZXoIwo1qDQ5oUTxNQvzDKcO0lsSzgnVw,Javed Iqbal Memon,https://play-lh.googleusercontent.com/a-/AOh14Gi5YFxiIEMEuEDov8Upx2LqraI2hRsNWIoJXqvGng,This app has stopped working since nearly a year now after the newest Android version.... The developer hasn't updated it and I want my money back coz I feel cheated and scammed,1,12,,2019-10-13 02:19:59,,
gp:AOqpTOGnn3h0SQHkToyoyUjknG9FM8Q6X90CQ0XZt5sq9WwqwtEKEnvfoRRN9Z8OzmVLaUhfEpZY1Cvz1082eA,sudeesh anthony,https://play-lh.googleusercontent.com/-xi0rvbQgxzU/AAAAAAAAAAI/AAAAAAAAAAA/AMZuuclJsOfwPmL1t-QL6SsjzgTke1kRZA/photo.jpg,App is not working on the OnePlus 6t asking for an update,1,1,1.0,2019-10-09 08:14:45,,
gp:AOqpTOFsdkcywIghn6q6pv0_lFDYIwYE88BnKr7juxSDJN8Dr9NuG3D3CgTlDs4zDbTAwPcqJE__oN4xEeldiA,nurul nadia,https://play-lh.googleusercontent.com/--tHrlkhFrFU/AAAAAAAAAAI/AAAAAAAAAAA/AMZuucmh0mgs9h0c88eMyJ9nHs_MPnYt5Q/photo.jpg,Can't open the apps since downloaded. Sent an email but they never replied.,1,2,1.0,2019-10-08 17:29:48,,
gp:AOqpTOEccKPyx45w9M6DBchwIcePsS4FpNseb2QYi2L1FJ75qiGKMUZID5diZbg9bYpVsZ3Tp9_k_74u_ovDVA,Echah Hassan,https://play-lh.googleusercontent.com/a-/AOh14Gjh_JBtcFFqlqEicA79v-0PdVwGVh3BY6BxzNxk6g,I just downloaded and paid this app but it is unable to open. Help please?,2,1,1.0,2019-09-26 11:19:30,,
gp:AOqpTOHwWKVjbUdTIn8nEYs0f13siGIVtOMtTuH-785ROtaOJ0HuW4PxCT-tSfik76dggew_Oyy096ESivLKBg,Noor Azlin,https://play-lh.googleusercontent.com/a-/AOh14GgpSRTG8uEJgxJvhChQgdzSnUNyW6dF0boEOjKt6Q,Paid for this app. But refuse to open. Please update the app.,1,1,1.0,2019-09-25 19:50:00,,
gp:AOqpTOHZzB1T6DYkxtVEXzd0jLtAQAZmJHBk0OtYp6zMplB3YRYZ7DFoHwjzB_2GCbXgi80P7tDyZB0dhbp_WA,Adila Mohd Yasin,https://play-lh.googleusercontent.com/-diHWydDcw70/AAAAAAAAAAI/AAAAAAAAAAA/AMZuuclRGO4gMOu_uvnp-P4R2M8G1KKiTg/photo.jpg,Im unable to open the app..I'm not sure if it is not compatible with my Android (Oppo 11Pro)..hope it can be fixed..tq,1,2,,2019-09-22 16:11:08,,
gp:AOqpTOF6ueM_2VYk4ueWt77X9ZnhVxrUbbnHIvMT-SPcPDGlAbtSzxaF6itiWUXTDFf7PFZU7DWsLbRni9Hu4A,Candace Shellnutt,https://play-lh.googleusercontent.com/a-/AOh14GhS42QdeYgIhOQoBDA7UydrVbgDefBCCpRUfhYBfg,I just paid for this and it refuses to open. It took me through the tutorial and everything but thats all i get? I gave an older Android 7.1 ive heard Yasmine Mograb promote this app a dozen times. I decided to download despite tbe bad reviews. Hmmm.,1,4,1.0,2019-09-18 05:23:04,,
gp:AOqpTOEKL_x4NGPOMW3hZ1AMH9f6csXr58PrtIGDBEfZloNaA2dWCirXymzMnO9F4KpT9UQEyl729ViwilAV9Q,hazniza zin,https://play-lh.googleusercontent.com/a-/AOh14GgUMcKCifr5hwZqI5JRVs-LS9HrQGzuoHRJG5nSNZA,Please upgrade for new version for android. I cannot use,1,1,,2019-09-11 00:28:09,,
gp:AOqpTOEIfsW3zaJ-WiLYXeQnuO7Mifi33d7-PN7Oyxa-84GKrp61Yd_HI1UK6KzfXL6bKYlcdmbNi7VKhS7CHQ,Wakar Ahmed,https://play-lh.googleusercontent.com/a-/AOh14GjnE5BLdHs_mF-jbdqMV_U_MsmgBEHma18N1C4MGg,Needs updating,1,0,1.0,2019-08-30 10:41:01,,
gp:AOqpTOHGeg59N9EJiZkXvgPH9G9VWzMlnSVY7dtYWoTGD2ae0ytcsMms4HlC_Xja7va5PKWa_qmD-BA2SWexRg,__ Salman Khan __,https://play-lh.googleusercontent.com/a-/AOh14GgZ3PW8W_93e0OtF950nPmA6xJFOGe5WIYzKWhVzw,I'm very disappointed. This app doesn't work with Android 9. I hope the creator fixes this.,1,7,1.0,2019-08-26 14:24:02,,
gp:AOqpTOFepweVgrTh0REB5idO0SjcdP_oSwO4K1rRB9fJWodYvYUNuoUnoPSxkhTGGpPiZvrtU5QikUU1Ld0ZBA,Muhd Rashidin Mohd Rafee,https://play-lh.googleusercontent.com/a-/AOh14GhYjdjapRdIJpSd9koCmzZ5vB800-iVSM4PDW0y0w,Could the developer please update the app to work on the newer android phones?,1,0,1.0,2019-08-13 21:05:13,,
gp:AOqpTOHuPwlGRusdWjVl7dydkXo3MMYJWdcmB655FJ9_uxUfb3sjDuAaUISqDi3h67AFNNHu8UFv4Lk1tA6tFA,Rayyan Uddin,https://play-lh.googleusercontent.com/-rsLNKaR6jUE/AAAAAAAAAAI/AAAAAAAAAAA/AMZuuclZFILBH_HbWkZeQ4FvDuo-BHO1VA/photo.jpg,An incredible and much needed app. My family and I have benefited immensely from it - may Allah s.w.a bless however made it :) Literally everyone should download it!,5,0,1.0,2019-08-10 10:46:44,,
gp:AOqpTOGQ0B_H_rZEcVYV8LMWwCX_v0VcE3MhEF1YL8OCRMEVe397wcj52HQIdrVTGjEOuVas4cEE7bwM6RNWhQ,Abdur Rahmaan,https://play-lh.googleusercontent.com/a-/AOh14Ggy3ROuBIxihekccEb4FbyUTqzUytxbdcs_SYWiwg,this app dose not work on my phone,1,0,1.0,2019-07-23 03:45:17,,
gp:AOqpTOGaALq4UX7usFpo147rmLcPtXPIMzkoqFERD-782VpZLfy215EybwOLsAW_fp8k09zGxnO9i6btwJmmzg,A Google user,https://play-lh.googleusercontent.com/EGemoI2NTXmTsBVtJqk8jxF9rh8ApRWfsIMQSt2uE4OcpQqbFu7f7NbTK05lx80nuSijCz7sc3a277R67g,Great app. Highly recommended and haven't came across any major or minor issues.,5,1,1.0,2019-07-23 01:20:17,,
gp:AOqpTOFk1tQ9eb6fZ15Efx62_cbyM2WNiDk7jPrIBsenINbHAZNPeQo0XMp_pIMO_KyWtWIaIdVHQSJ4uDbhoA,Z ZD,https://play-lh.googleusercontent.com/a-/AOh14GjIJCsxCIbvwZcjXo3QVx8JHM4RFf6M3unhNjXRAA,"I had purchased this app on a previous phone, Samsung. I recently installed the app to my new devise, Huwai, and when clicking 'open', I am brought back to Play Store. Please help. Overall, I do remember this app to be good and may have improved with app updates.",3,8,1.0,2019-07-14 19:00:25,,
gp:AOqpTOEp6gzskN8Wzd1YdSK2xIsMA_YeCVpMEbTUSTUVChtH_LC_82rHJOhOCO2LnfQlGFn3tZ7aHAdZnMt9sA,Javeed Hussain,https://play-lh.googleusercontent.com/a-/AOh14GjgC0nwxrxLYn-5SKQMoV-waghcGoGRqsjTnI9YvA,not working with new Android. plz update this. it's a 5 star rating but have to give one star to bring it to your notice. plzzz update asappp,1,1,1.0,2019-07-08 18:05:23,,
gp:AOqpTOHh6rT6472A3T_9Uv_H01nYs4hrh_4HCbCx6JgaEd4nc9gS_MH1ApMXGZtfZJMoz57u7JiEW8BVQiIKyg,Anje Qaseh,https://play-lh.googleusercontent.com/-U5jLowDvkxs/AAAAAAAAAAI/AAAAAAAAAAA/AMZuuckAMTfgf_1SgoBLJENsTfHpl8KdOg/photo.jpg,Kenapa x boleh guna untuk android..version x update katenye.. So how.,1,0,1.0,2019-07-03 04:36:17,,
gp:AOqpTOGgz-g2pz9BylWQSYBHFkDRVc-b2MJaIXa_GgD-jzho3F2LDCpBLsnYW4V3xtCq_Z45FGK1Qoykl-cCrA,Rodrigo Antonio,https://play-lh.googleusercontent.com/a-/AOh14Ghq8e5Ncy-H9CbL_XBkfsF2fpc8ILveV44qunZd8g,This is a brilliant app. May Allah reward those responsible for it.,5,0,1.0,2019-07-02 02:32:48,,
gp:AOqpTOEh_UDGCt18LVI3vTFYlK-EyeySynyuXIdgA5hB5BJID8JgxE7ZvhSEbuMAYMt1Gg4xNOSACjNyAmONug,Ahad Baig,https://play-lh.googleusercontent.com/a-/AOh14GjLLhB7loH6GIQNK2iRKHQTWCqGEvrWin-_CrzRHQ,"I used to love this app, but now I can't use it on my pixel 3 and it makes me really sad",1,1,1.0,2019-06-15 18:44:24,,
gp:AOqpTOEzIdDMZE2n11zcZGM_b7Ge7YF-ZSI_M1bVbNsN2BG-df4Smhk7z-P9KWTMgKKg13pdJni96qM9ZVpYjA,Subhan Khalifa,https://play-lh.googleusercontent.com/a-/AOh14GjO5bMrTM--3MUXTPLQvZICg_c0vbROM2DbBYJxuw,no longer works on my new phone which is the Google pixel 3. The app needs updating which is really unfortunate that the developer hasn't stayed on top of the coding. I've paid for this app and now I can't even use it.,1,26,1.0,2019-06-13 19:16:29,,
gp:AOqpTOHpLOViG6b4TD807e5KqPsXIWrtd9hGfLDdSeYVjy7DiX3j5pLj-_3d2HvdIawO1vywuUIzEopLLFnQ0w,Asiya Baig,https://play-lh.googleusercontent.com/a-/AOh14GhVhYuQ1TzU2H8yPfXa4CqflTI-RPkeIPO9U4TV4w,"I cant even use the app. You need to update it foe Android and until you do, stop charging people for the app and refund those that purchased and cant use the app.",1,7,1.0,2019-06-13 15:36:10,,
gp:AOqpTOFzlXsQiRoovU3qYZ-iwYJopQVvNrevgsixVC7_0SUxxlelCxAApYGQ_Z5ncf4OMSMBH4qDFd57vvsjsQ,Shireen Nabi,https://play-lh.googleusercontent.com/-GeJ5b603yKw/AAAAAAAAAAI/AAAAAAAAAAA/AMZuuckIxuO0JpB8Xm2lgGcx89f4m_KPuQ/photo.jpg,Used it on my old phone and worked perfectly. Loved it. Now it doesn't work on my new android version as it's not compatible. Please update the app.,1,3,1.0,2019-06-11 12:39:27,,
gp:AOqpTOGK0iaQKy_4lzt9J9YCrr59GxgpMzyOw13GCIjLCv77hp5itB3_r06XmeIm8AhtHd014l3EpHpaOVjixA,Rose Rose,https://play-lh.googleusercontent.com/-sbPSg42sf-o/AAAAAAAAAAI/AAAAAAAAAAA/AMZuucljbvXlKoF9j8CFuUivViNbzzqsxQ/photo.jpg,i paid for this app. IT DOESN'T WORK. i want my money back. full refund please.,1,1,1.0,2019-06-09 01:19:34,,
gp:AOqpTOGesvjH1zcuusnl3A1RqI_2gWXRRCYJl0uhoeY9urYCK0NWlDrcTlQFmk_MSh23NIY22RWgjkPDVSNqxA,Rahila Zikria,https://play-lh.googleusercontent.com/a-/AOh14GgHHMF_6V4B-OblYCM0biA4zcV4xIJz0CnAZ4vYpQ,Not compatible with andriods.,1,0,1.0,2019-05-28 03:08:38,,
gp:AOqpTOHsTsgLoZLuc47hkjAuBcjtBQBCYj4ni7XgxOe-FoKo3RsELUKd701g6qDMCN7D7rL_EZI0qjkxX0yBAw,RIHLA Enterprise,https://play-lh.googleusercontent.com/a-/AOh14GiDhhgNw9xbHwDnzk1MXEWHXYDsOcPWpatYmRJR,Still doesn't work with the newer android updates.. Disappointing support for a paid app,1,2,,2019-05-26 20:38:11,,
gp:AOqpTOHFYVxk3oAXT8UygZGG0KHRyju8r7ZXNVT6s48Jb85-gLfh31WP5SRwK5daYdTVK4BYN4fiGLyaXQFbWw,Muhammad-Sufian Bustamam,https://play-lh.googleusercontent.com/-ApNiNhSJAPQ/AAAAAAAAAAI/AAAAAAAAAAA/AMZuucmjThRMesIGTggdBGMBvAxQRggREA/photo.jpg,does not work on android version 9 (pie). keeps force closing. i loved the app before but now cant open. will update review when it is updated,1,2,,2019-05-25 17:47:00,,
gp:AOqpTOEpA98DA2TAUajCZTBlSpJfGWljxdi0v4ooNhg8uAMh76XV4vxjk1uH451b7gTZC0KP2moZB0YyJwnKvA,Khairina Atiqah,https://play-lh.googleusercontent.com/a-/AOh14Gj-0R-VyssUaNP4Djg45aAxXoArwVKO3hd3Owzu,it keeps crashing everytime i open the app. also a not updated version for Android,1,2,1.0,2019-05-24 07:52:46,,
gp:AOqpTOEAeGQ0D8TAbClqVsxq5Q-_QyPH2O1RJR_7gwn5JUUjXlDXijqrwYqQGfbqQoJWKEPQOw-JK_3W1sKxPQ,Mashallah Zaeem,https://play-lh.googleusercontent.com/-HfIzMwl90rU/AAAAAAAAAAI/AAAAAAAAAAA/AMZuuckuZILzMMR4cAhcK3jopGnzZZDDEw/photo.jpg,"not working on Honor view 20, 5 star when it works",1,0,1.0,2019-05-18 13:13:43,,
gp:AOqpTOFIVAkMfv1gpcnTF1TcfbTd0i-yh8LIOl2eO3SNJB9MWvFigSr-KazulOXOP0llgSi2BudBTq3vFBoffQ,Zeeshan Sayyed,https://play-lh.googleusercontent.com/a-/AOh14Gj9pcjpFfNjhQWGiyobCVCR7-9D9VsQXq3i3C79mg,Sad that they haven't pushed a new update for newer versions of Android. Why are Muslims not trust worthy.,1,0,1.0,2019-05-15 20:14:13,,
gp:AOqpTOGjMxYVLE_8KfewZDSRlimwzMmoXHOsE_3DGZQL3TIMyO45HY24yPjEWyxjqKrqf8Hcvdbaao2lWxMUJQ,W K,https://play-lh.googleusercontent.com/-VKfyP8A2wbI/AAAAAAAAAAI/AAAAAAAAAAA/AMZuucmF-IiQfdSnerK37OFRheHRDnA2GQ/photo.jpg,This app is not compatible with the new version of android. Was paid for and more useful on old version.,2,3,1.0,2019-05-14 19:16:48,,
gp:AOqpTOFIhFzk-BYW67yVESTtXUC5x0ypYMNE3sUiQ0_UTnnnt7mZ7LDrEOC3gnQ506OCeDvvklkC1QrRVd5qMA,Deadeye Detailing,https://play-lh.googleusercontent.com/-nAdKCLbr34U/AAAAAAAAAAI/AAAAAAAAAAA/AMZuuclx5sMyPtZSWn_Xxric1warnlQIaA/photo.jpg,Doesn't work with new android,1,0,1.0,2019-05-11 15:51:50,,
gp:AOqpTOE6A7k5jhnUw-4GmE6xky_fPrAH1mPZeyWnkAL6uc66kgblJAbkEKxscJTsn37J0BY-69iXbnM17EVYvA,Wardah Ahmad,https://play-lh.googleusercontent.com/a-/AOh14GiG60gOyZpzXyVFDybGMbA1cjhbq0meZMWryDdLljg,Downloaded this but disappointed to find that si can't use it as its made for older versions of Android. Please update it so all of us can benefit from this app. I've heard good things about this app and kinda sad that I can't use it.,1,5,,2019-05-08 01:08:05,,
gp:AOqpTOHPsnUcIMKyRew4JJSr-b2endbySynvrzMw6mZIFLnfGy0wgiY-WofLjSgQDWKl1KXBbGANbsN_CDMM0g,Tri Yudha Sasmita,https://play-lh.googleusercontent.com/-PIu_eG2JTmc/AAAAAAAAAAI/AAAAAAAAAAA/AMZuuckZXvpsPqSOTEpBR6EHshPzIZWtXg/photo.jpg,Superdope!,5,0,1.0,2019-05-07 12:16:39,,
gp:AOqpTOHdmzZWK48iVrQvZv_SHqQswZbgw_loVIO_JQAxo3WUxcxHTNYEHjP4d6CI1BdGufq_wdr0bw7Jc2gM2A,shahrukh hafiz,https://play-lh.googleusercontent.com/a-/AOh14GjRiKFsPWHugdGs6CwEFxm6ZrU_qO_90muCu0M2,The App is crashing with latest Android version...very dissapointed,1,2,,2019-05-06 16:07:10,,
gp:AOqpTOGaUiD9c0QvjvsX4VKORiNfc5YPDl85NRyRtnz7oGfDDK_Ex7AudbIjpM-20s2FWpBbusZzcF0s-232jw,Omar Amin,https://play-lh.googleusercontent.com/-K0bZjK0qtu0/AAAAAAAAAAI/AAAAAAAAAAA/AMZuuclJpMLS4w_J_CyA9CqcDp6389THvA/photo.jpg,After downloading the app can't open it on my phone for the second time,1,1,1.0,2019-05-01 18:49:22,,
gp:AOqpTOE94I7o57JgTU47--xPJU2JADb30-uGqUru54DpM7XKEOjlbeBvYXMxTceZsDkV9wJKxnbTF_7I3JTj0w,Tesin Suleman,https://play-lh.googleusercontent.com/-GVsdm2iJhC8/AAAAAAAAAAI/AAAAAAAAAAA/AMZuucmF7R5jRkZU842bE_jEsfoIVqVuNA/photo.jpg,"No longer working on new android, make it compatible please",1,0,1.0,2019-04-28 15:00:25,,
gp:AOqpTOEzqgZdWGZx-H8gEtONcBtZK4qstWJFUd5YkmG_CYJ8dVsjKmbK823UdtPI6M71p69_x-anbHNMtbSHBg,Ruwayda Christians,https://play-lh.googleusercontent.com/-mcOrS7i6BnE/AAAAAAAAAAI/AAAAAAAAAAA/AMZuucnWD-tvTCsfKGHXtzFmv2Tmh3FHhg/photo.jpg,I've downloaded the app but it does not open. Received proof of payment as well.,1,3,1.0,2019-04-24 01:02:14,,
gp:AOqpTOGL9g5sdRMfyRP8Yh68g7uSYs2NtF09e63UeAQk2T18_9C7G2ssanVg0ynEiHTd0umDGi4s7uBRlYImuA,Liyana Razali,https://play-lh.googleusercontent.com/-yGjUhjgpRzE/AAAAAAAAAAI/AAAAAAAAAAA/AMZuuckrg1-_8yCaPuy_n7YKBjgnaqquHA/photo.jpg,"It's got the Arabic transliteration, the meaning and even a recording for each of the duaa. It also allows us to select the duaas that we wish to include in our daily dhikr. It's comforting to know that I now carry around with me a duaa for every situation that I can imagine happening to me and that I can turn to it when I'm in need of a specific dhikr to soothe my heart.",5,14,1.0,2019-04-22 18:30:43,,
gp:AOqpTOF0KadQNMcR3mvOpOAX5MJroQRfgMXRSBsEcREny6zlEiEttF8V0JIi1gTUHY3vsk-5Q1QWvlkTBpcE1g,imran khan,https://play-lh.googleusercontent.com/-r-EKW5XoV60/AAAAAAAAAAI/AAAAAAAAAAA/AMZuucmH4ywQayDPrTneLZcVZDk5Uxix7A/photo.jpg,excellent app easy to use beautiful audios to help learn duas and to listen to when feeling worried/sick/travelling,5,0,,2019-04-21 01:48:48,,
gp:AOqpTOFS_YuMH8x-amz3c56dDy6fjIAy-sp-H69G2K4YKDc4O8Nxz6i5nIysUrxIWKY2IGS0E_8Kld80TR935Q,Ahsan Rabbani,https://play-lh.googleusercontent.com/a-/AOh14GhLXtA3NNYCOcoQUwXkMHZ80_e3j4AwtMuRBv9_a04,Keeps crashing on Android 9 and does not open.,1,0,1.0,2019-04-20 14:45:05,,
gp:AOqpTOES8eKStivIP-stz1rGxkTzaviPNBRp2mM3RQYgAOa6vo2vKh5mfa90PUdlZvCX_7yCdFWB2BaorvLskw,Nafisa Alam,https://play-lh.googleusercontent.com/-e1QM5GoGmfE/AAAAAAAAAAI/AAAAAAAAAAA/AMZuuclNmkII2lfs4Q_kqTtk_lNZo_3oLg/photo.jpg,not working on google pixel phone.,1,0,,2019-04-16 18:03:59,,
gp:AOqpTOHgNuHPk_5435lw_-f6MfhjEOKcKWqhPzuHazCH2ee6Kc59GCauJr_cDsPNVMQdhKD9ivmMGRZki7IzUQ,Jay,https://play-lh.googleusercontent.com/a-/AOh14GjSGUKkvyxoQ8WYqhXABJDs-mVgFdVyqhKzYhVVow,"Updated rating, app no longer works on P20 Pro.",2,3,1.0,2019-04-12 09:33:35,,
gp:AOqpTOEYKWNvOWJpuu54Sd-ZMCbNNMWUddyuyivwXWVJC4nPhjUf5FJz6p8-DA40JpsBax8QOVYlEHRJGu7CKw,Rahat Ali,https://play-lh.googleusercontent.com/-KtJv2C6u4TM/AAAAAAAAAAI/AAAAAAAAAAA/AMZuuckZz_sHae0FDtrMpV-RxZehqojrOw/photo.jpg,Most beneficial Alhumdhulillah. Benefited my life greatly.,5,0,1.0,2019-04-12 08:09:12,,
gp:AOqpTOHFhNXO9b0sLd4OlviEqmxZ9vyBMes-S1ljHY1n3dJIRJr7ckhMXoXkRDEtjDUbsupi9LK4cQkG54hAbw,Erhan Arat,https://play-lh.googleusercontent.com/a-/AOh14GiwmkpH28shiJjNWT2a0H88CsPSuJXBFJLjlWYyTiA,What happened? This was the greatest app ever and it just crashes now...,1,2,,2019-04-04 09:35:59,,
gp:AOqpTOEZnUG-IPsaT2arTVPAm7jRSQTus3UzOm4XKFaANWLZLeQb1mLuHJ_aTT1lEMzXuo6NTFWJ0i-CXQ6iCw,Robert L Moore,https://play-lh.googleusercontent.com/a-/AOh14GguZzhAiBMl6r_c-qW2zyLXQeSvnUQ5aPBmnoI-,A wonderful resource of most pertinent Duas.,5,0,1.0,2019-04-04 02:02:29,,
gp:AOqpTOE481n7DbGebASHEcKqcynHVRUUi0y50iY_pNkfo7nNqLLonpryB9rZ-haM-HjvVZ-P605O30gWWNA7hQ,Shakoor Hussain,https://play-lh.googleusercontent.com/-EMXqrNfHhhc/AAAAAAAAAAI/AAAAAAAAAAA/AMZuuclq-k9q9qLXzloOfpUw-QXAiHP3mA/photo.jpg,Doesn't work on Android 9. Have been waiting for an update for months. Don't purchase until there is an update,1,3,1.0,2019-03-24 13:16:50,,
gp:AOqpTOFO_040j8JHG9w2oyXxsQNm8-CysD8FbBE9dgRVI1O-RA_2KgycDVdb_73Ls_WoqontWfHYOA4zFB7_Yw,Sumayya Vohra,https://play-lh.googleusercontent.com/-A7eoPZIfSsU/AAAAAAAAAAI/AAAAAAAAAAA/AMZuucne8OKoCA8IL29etXgLfWqHfMUg_Q/photo.jpg,The app works fine and is better suited for someone who doesnt know many duas for everyday things. The bookmark option is great. A bit disappointing as I purchased after a suggestion by Yasmin Mogahed at one of her talks and expected more variety of duas.,3,5,,2019-03-22 12:02:12,,
gp:AOqpTOEFN32GGqqbsvxMDiR0i8UJ6agHlaOOboTGDkDjCpFgCkNxHKJlnh8-jgQkCZaT7ij4cqKZngJ0RwdePw,Aaisha Mughal,https://play-lh.googleusercontent.com/-5bkW5Ms71dg/AAAAAAAAAAI/AAAAAAAAAAA/AMZuucmLaZJUACBLCYy43Fjj4F0-e8-Uog/photo.jpg,does not support the new android update,1,1,1.0,2019-03-22 09:35:33,,
gp:AOqpTOFsY1mbCXphRWxb5yZg90SH7_B7RMrpYzZcotjezMiSeXIBC58xor8PrkE8jVXWT5NpL8wl4Umb8OF0OA,Bilal Shaikh,https://play-lh.googleusercontent.com/a-/AOh14GhnY9By4raDhuvc6jaIOLVN4W3BzfRVZToX9S8W8w,"Jazak Allahu Khairan, need update for the latest android update.",5,1,1.0,2019-03-14 12:33:49,,
gp:AOqpTOFRxFqF48c5JSGqWvtJxN8WVxnFmxTej7kONsfs2K8VDk-VjEMPAxB4Iz1ZCTlisGJTZS42yVmkmVEfsA,Zaiba Ahmed,https://play-lh.googleusercontent.com/--Dn57vOiDBU/AAAAAAAAAAI/AAAAAAAAIbo/AMZuucnycEtftHSM4ggLoHi7T5Zr1pScBg/photo.jpg,not being able to open the app.,1,1,1.0,2019-03-03 07:02:28,,
gp:AOqpTOERIdhBw0g7bz6D_0Ca3fgXyWbhPZGvcB-ID--NzFQixKImMVleTuUvRNJjo7mVCANXTQoZ5qThUfwgBw,Dikra Diamant,https://play-lh.googleusercontent.com/-7w0ox4iQYNQ/AAAAAAAAAAI/AAAAAAAAAAA/AMZuucnIjEsLKCepC-mZDXPU_TZyFyXQnQ/photo.jpg,it is very useful,5,0,,2019-03-02 08:41:32,,
gp:AOqpTOH6GttlHifzbMNalyexBZmiBPuLqgNC-DJLDSJ0zcttE7MvSLdqrIKrwMmgPx0Wf_Uo932K_HR_FoASnQ,Sarah Khan,https://play-lh.googleusercontent.com/a-/AOh14GgBnR-IB3M379Ks-X-Nf-ZudHEhqXkWKosj2l0aWw,"I have a OnePlus 6t. downloaded the app and was told that the app does not work because it was built for older versions of android. my mother has the app and i love it and how it works, but they need to update and adapt it for newer phones.",3,4,,2019-02-23 18:35:12,,
gp:AOqpTOGi6bWrJ2vIjmpbBYWX9J46eDDhlUCqzuP71tJFsU6o6KKKQDFIeO6MeI8v3MaTI6R8ViVVowazgfezMg,Sadaf-Umm Minah Hussain,https://play-lh.googleusercontent.com/a-/AOh14Gh8ZoKMrfDTYp2RxPK4X2T7BftAzgv7dnroTO5ZZHI,"The reason I'm giving this app a 1 🌟 is because it no longer opens on my pixel. I used to love this app and have rated it 5 🌟s before. It was extremely useful when i need to make a specific dua. I really hope the developer can fix the problem, especially since it's a paid app. so for now, 1 🌟.",1,21,1.0,2019-02-22 14:49:05,,
gp:AOqpTOEkHa1y__JmxhTHiJ1h7ZDGUcU5J0IfsvmJ6PYbps22xFXWpZtONM8EksUZNjVm_94E5QsfdXo-pZiH3Q,Azlan A. H.,https://play-lh.googleusercontent.com/a-/AOh14GjIMjQVX-k2JSsJvKq2Vuob_4Oh20l7zfBPpmrhIw,Doesn't run on my mate 10 pro running android 9. Would appreciate if this problem can be rectified,1,3,1.0,2019-02-14 21:14:00,,
gp:AOqpTOHigW2C5g1z7PVqvrpnq5XSftT2ktX1c5XQ2RaLjJYxtkAelfXLHJS8fwFyW9WLYvGjsryDsc4pRCQCsQ,Omair Shabir,https://play-lh.googleusercontent.com/a-/AOh14Girgt3G4tBSCEyAFgwWQUvveUStswiPxvi3XdjNZw,Worked well but now on android 9.0 and it keeps crashing please fix.,4,1,1.0,2019-01-30 07:16:51,,
gp:AOqpTOFTClCH1Scp_7f5xAz9FK_pU2JH7TRnNPVYliC60ggSs0K_kMLNqKUwf6BTDD5GPDmYMcirzevVVDDZDA,A Google user,https://play-lh.googleusercontent.com/EGemoI2NTXmTsBVtJqk8jxF9rh8ApRWfsIMQSt2uE4OcpQqbFu7f7NbTK05lx80nuSijCz7sc3a277R67g,"Doesn't work with the newer version of android. Have sent email, but no acknowledgement / reply for this issue. This a paid app, therefore I do expect better customer service.",1,41,1.0,2019-01-28 21:14:42,,
gp:AOqpTOEqENDKzDHMeG5vOVRCjJpamR_jWLa8r0dk9zr6wLU4Xn0PtGHdwJm8A-u0hgNIvcLRJfkS3fwRPyllOw,Salma Lat,https://play-lh.googleusercontent.com/a-/AOh14Gg1-s499-3mncbkj5d84tcdIyePT_2j3BgnqhZGheI,"i love this app! but it keeps crashing and wont open on mygoogle Pixel , can the developers please add an update?",4,14,1.0,2019-01-25 10:32:54,,
lg:AOqpTOHgP51TQ7mDoYMa7j2wgjtgyondgQlV6sd4D0E76Hpi8GuLhu67Vz-_atkKvc_1dJhn5ngqebXIpJoaCQ,A Google user,https://play-lh.googleusercontent.com/EGemoI2NTXmTsBVtJqk8jxF9rh8ApRWfsIMQSt2uE4OcpQqbFu7f7NbTK05lx80nuSijCz7sc3a277R67g,This is the only app I have ever paid for and it won't open. After the tutorial it force closes. I don't want to uninstall because I'd like to benefit from it. How can I fix this? Please!,5,2,1.0,2019-01-02 05:29:34,,
gp:AOqpTOGUbXN0IW36XN7abhJPqhpXCWXNgF1gazj2lf4W_4UuovWTInKeC9mKq8HAZLBgaTGIcjHL_DaEdKClsQ,Omar Ahmed,https://play-lh.googleusercontent.com/a-/AOh14GiwXdLpnLmb4nY3lSSGBjCzZQjKL0k4IUhlRH5co9A,no longer opens. please update,1,1,1.0,2019-01-01 08:19:39,,
gp:AOqpTOG9VpFST9xbXf6eeww0sN5hZwhrn0qf9T2QSyxE1FibEQAE_dtjwLxITveKRVJxml5L6O-Tbxuwg7jIzA,Rashid Mohammed,https://play-lh.googleusercontent.com/a-/AOh14Gjpxy_PIVFfpUSuWRIHGVJ-PWGzsbaMg5IfejOXyw,Beautifully designed app! Definately worth the purchase.,5,1,1.0,2018-12-26 02:38:37,,
gp:AOqpTOF9PZ9YcpdGDtC8icKChQPbxpXrcqjGYrOB-6omfP-qT1gVUqO0eKnA64IBJzsh-nXJhztYBhQgFSVU3g,A Google user,https://play-lh.googleusercontent.com/EGemoI2NTXmTsBVtJqk8jxF9rh8ApRWfsIMQSt2uE4OcpQqbFu7f7NbTK05lx80nuSijCz7sc3a277R67g,My Love Life Learning To Live It...Ameen.,5,1,,2018-12-25 04:51:27,,
gp:AOqpTOFORgc9HeAYy7oXZaUZlLIAGVwIEhrXqiqNVxg1QOPMaZAKud2uttxPDgoxrQRkS4MCBxnTwtXyx0wUcQ,A Google user,https://play-lh.googleusercontent.com/EGemoI2NTXmTsBVtJqk8jxF9rh8ApRWfsIMQSt2uE4OcpQqbFu7f7NbTK05lx80nuSijCz7sc3a277R67g,Alhamdulillah Best App Jazakallahu Khairan,5,0,1.0,2018-12-23 22:00:48,,
gp:AOqpTOH7As6s-8Y3k2smfqqSpl6Zk8jGBjMA-eLdknQS-g9gX0kBxRqLFRd57hK8o3bLE_CMGy7kjzcjLhVDyQ,Faisal Azam,https://play-lh.googleusercontent.com/-T9p4h3JKULg/AAAAAAAAAAI/AAAAAAAAAAA/AMZuuckXq489RX8C0Bl2AnKhXFlLHwM7rw/photo.jpg,Please make it compatible for Android 9.0,1,1,1.0,2018-12-18 18:05:59,,
gp:AOqpTOGIh9ciqrwl4d8gmyGCb0W98mztRHRw8RhXNE7ZoUtO5MV1DFJwq0gcRXEOfQiAxX9D1L1sZp2i5pcpkA,salma khan,https://play-lh.googleusercontent.com/-XZexELqzqCM/AAAAAAAAAAI/AAAAAAAAAAA/AMZuuckloTOYoTsK2_nPP8GJmsCTgRoIIQ/photo.jpg,Simple straightforward easy to find duas 👍,5,0,1.0,2018-12-01 03:00:29,,
gp:AOqpTOG-jzgOZUCKefyRL12o3P-Df74c4iKzstMaps5jlzCEYI7X72m49qNApKIPQs3A94tEA_tSxMeE_syFVw,Omer Jan,https://play-lh.googleusercontent.com/a-/AOh14GioMzx6JjjNVzX888DJlLf2MYR0aIis6-BxNh5YnYQ,Update the app so it's compatible with the latest version of Android!!! Plsss,1,2,1.0,2018-10-31 01:12:25,,
gp:AOqpTOHs8EL4zIXNX23JKhXUxOLTaswh8fLczaP0yOJDoxcpemWi_ZyfkNyJlia0ivkiVsaDOY3ZXOeE-_Ql-Q,Abid Abid,https://play-lh.googleusercontent.com/a-/AOh14GgvjUAYBLvb-UQhQnH7WJx3aRI_moDdu7pr4zOW,Good app,5,0,1.0,2018-10-29 20:54:17,,
gp:AOqpTOG0t_cX5jwZ9GO9dusRcT-8ry34lpgdBJi_6wNxVRYxi1smrtJS90sNT6MbvM9-TlbfqEPyIf4ozmQj0Q,Alex,https://play-lh.googleusercontent.com/a-/AOh14Gj-yr62xH-iLOIhYq3QWcC2kX75fXuggMEK98hlfSo,"No longer opens, needs updating !",1,2,1.0,2018-10-23 11:03:45,,
gp:AOqpTOGjhfdRUPl8iY9e27VEipnPuFUK0c0qFOSx9LFV3rWT4l7ysrbSwtJLSQlnfiLlKcqI40MqCrzZRkv4LA,Mariyam Youssaf,https://play-lh.googleusercontent.com/a-/AOh14Gih3KuxvUvC6XtQU2UiN9dHSgmDTJg-daMZMDUWtg,I bought this app and it won't open. I have the newest version of the android so I'm not sure if it works for this one. Can you please help with this? Thank you.,1,0,1.0,2018-09-02 14:33:47,,
gp:AOqpTOFT7hOb_IlOY_PpuM75AX3Wy3k0fblafmlxa6XLvedqHKIXeo5vtGUK8WS_VWIuDffNXCpfbp_l14Pe7Q,Rahees Kurikkal,https://play-lh.googleusercontent.com/a-/AOh14GhPvaz74m2gC0qosu7730wQpFLLo0w9JVJa9-d43A,"Alhamdulillah . Overall, a nice app with excellent contents. Facing an issue with font size - cant reduce font size to the default size/setting once size was increased. Please help.",5,0,1.0,2018-08-25 17:16:31,,
gp:AOqpTOEd_7naSGGZYMUzn3GJ6AOO8k3LsfOjbZBOtNjNIfTTuvdWtQ17JBC1uRtXQahoyCXgkI3jQb4pcE4WLg,A Google user,https://play-lh.googleusercontent.com/EGemoI2NTXmTsBVtJqk8jxF9rh8ApRWfsIMQSt2uE4OcpQqbFu7f7NbTK05lx80nuSijCz7sc3a277R67g,"Alhamdulillah, very good and useful for daily life.",5,0,1.0,2018-08-11 07:35:19,,
gp:AOqpTOEt6oTRS_1WTzwab6AvPl3QmvfUIr5_NSBPYn95yU9y4E-bRcm7EGGnYOVTpzRGRGOV_711Zx9127NNWQ,Moin Baig,https://play-lh.googleusercontent.com/a-/AOh14GjPEZ1Cc-z0d3_2u5HaWmbyUgJpPG2STAw39pEseQg,Very useful for worshipping Allah,5,0,1.0,2018-05-19 09:50:33,,
gp:AOqpTOHTAEnZyaWukTW3gdaFiNqNRyTV4sJlj4EcU8uNzhGaiLk-H-lXAZQWvf_ZPtfbwa1yA14dzSmEa6G_VQ,Q T Simien Muhammad,https://play-lh.googleusercontent.com/a-/AOh14GipERFHxgwMsfnmyMv6-0rNREJ6kiuO8s9QCYdG9fY,Alhamdolillah this makes it so easy to readily find the right prayer for a particular situation.,5,0,,2018-05-01 16:13:54,,
gp:AOqpTOGSpjGE5BJHJ24OJGFM9C6yeormBT82TuSMtEHM-IQMcyEN5VbfhX5SOuR7C1BJ19JzMHnsUmk51McgJQ,Mustafaa Schmidt,https://play-lh.googleusercontent.com/a-/AOh14GgGR1K8JXJomx078peONE3bmoKkoh37BJmBD0wIjg,Algamduliellah beneficial duahs,5,0,,2018-04-30 12:21:44,,
gp:AOqpTOHxNbNhYKZFXeItyY1ELXqqfFUcaLbb4RgxazYK7hu2q_MgGGNYl5pgTueVaqjpbG4dn2Fgtq9KszHM7w,Tazneem Jones,https://play-lh.googleusercontent.com/a-/AOh14GgInVOmlIdsNKAd4fw0BpQqQyXkOA30WJr_rWOfgg,I love it!!,5,0,,2018-04-25 16:53:07,,
gp:AOqpTOF_BICMqZxe-i7AmlWtmjHd-JP3VnshntOZtnfGTY3OBKtpz75Lx2Dw44KhlYp2ApYG48RyK6LHktEd7Q,Nas Khan,https://play-lh.googleusercontent.com/a-/AOh14Gjn-No-hjkS4-xP0mE_4RpIhIdwdjVulk4negSOBQ,"The app is not user friendly, horrible navigation , for instance on Morning 
/evening remembrance it won't allow to go to next duwa by swapping page 
this is a very bad experience as the m/e section is loaded with duwaas 
there are other apps outthere that are Free and has excellent features.",1,0,1.0,2018-04-23 00:55:45,,
gp:AOqpTOHjEhbHyCmpwUQgf7q4BkpYaLFKfduhjPY0ZjbqRA6rKzJkx1Un8OP5E3KghTyOPwJOS3EGSmp4Tgi9HQ,Tasneem Jaffer,https://play-lh.googleusercontent.com/-Z_6UDcPnGBg/AAAAAAAAAAI/AAAAAAAAAAA/AMZuucnEX4NqAC12AWImLjVdcMAQV3n79A/photo.jpg,Great app,5,0,1.0,2018-01-31 18:04:12,,
gp:AOqpTOEmIdHThKiBCzr_439TVafRHPq4GkekD2X-RNNIXjYoQr05un8v-xOeF9Mog_Vdb_aOzBaoxkw_Ikr93w,A Google user,https://play-lh.googleusercontent.com/EGemoI2NTXmTsBVtJqk8jxF9rh8ApRWfsIMQSt2uE4OcpQqbFu7f7NbTK05lx80nuSijCz7sc3a277R67g,الْحَمْدُ لِلَّهِ,5,0,1.0,2018-01-14 09:41:38,,
gp:AOqpTOHsvgjRyc75o_pgcgo9fW5oeqYLhQTnen3oqfwjJrcDYGZiPVvWQcPXuI5UZR4V8leXixpo7QwVQuLRDw,Munna K,https://play-lh.googleusercontent.com/a-/AOh14Gi4Gpfnv0SdxVAcuaCJj5M3PcEIkeLkhvMh0G2AqA,You dont have duaa  to start work or to start studying??  Shouldn't that be basic??,1,0,1.0,2017-11-12 18:26:01,,
gp:AOqpTOHFxlq3EsUufTxPe5AxtU2YKL8GmN_uvtZjn7k4e3bG2qr2jvOJodhtFSFj3NcrwAZH7W8ofEkS2eLStg,Amik Uchiha,https://play-lh.googleusercontent.com/a-/AOh14GjkGfYAXykEZFQKRK_XksK7z9zhNyqeBWVdzJTz,"I love this app, but it kept crashing on my moto z play",1,0,1.0,2017-09-24 06:10:36,,
gp:AOqpTOFJ_POTHYul_xeBlTbV-mcz-ycIYLGPMhBHUPaJ8acqJB-8BcufVtOXIyxcLKWITZs--ANtp5Kj_A6mwg,Nawaz Hussain,https://play-lh.googleusercontent.com/a-/AOh14GgMHZ3_Ez1C1IV4Z3XzywRb0BbvGY4SHgmRyjiUPA,The best duaa app ever.,5,0,1.0,2017-08-15 21:13:52,,
gp:AOqpTOGRW9dGVhcHe7r6tBOodeb9Wa_YUgnFzqEaaFc2Ku2M3TNz6Fw-vh4x1rJisAHpwutjNmAMX38rjQVGSg,Pamela Thompson Davis,https://play-lh.googleusercontent.com/a-/AOh14GhOokUYCtrOXYcnkcJoCWdqNvULleWzviNf538F,"Very user friendly,  it makes you want to seek the knowledge that it holds",5,0,1.0,2017-08-01 11:44:24,,
gp:AOqpTOEkZ24oWxGc9BIt_rk48YyaaWslqIolly8ECzRwpA6MrS6x5vOqEXY8vO1qGcVFRg3RgVVRyS4nEHFgtg,Mustapha Gotala,https://play-lh.googleusercontent.com/a-/AOh14GhJ85ubdPutcfueh5xIwDN6HBUjvcxTtu4913hWmmQ,Excellently presented. Keep it up!,5,0,1.0,2017-07-26 18:12:24,,
gp:AOqpTOEWZNyi1nJCK91wJUlgYjHnid16hoVYTIpijRVvWmh6_6zo585JZeFDeTz4zwcsAKbntFetmEpljNbL0A,John Smith,https://play-lh.googleusercontent.com/a-/AOh14GjghI6uCZwPiZiTNS5k_FdQrJP1OGvpqcofvLERFg,"Awesome. Menu opens on its own on my phone, small glitch on an otherwise great app.",4,0,1.0,2017-07-07 19:29:13,,
gp:AOqpTOFxLBfWuJUcyS3Vytc130yhETUC718IrssKCRUSeBBXAMnq2KDn8rPQvZKTWVrEB9dxK2qFamKzR5Z8Xw,Mohamed Ali,https://play-lh.googleusercontent.com/-ygsS2FfWTw8/AAAAAAAAAAI/AAAAAAAAAAA/AMZuucl5zfa2qoq07mZhFMhWN99oMjX2BQ/photo.jpg,ما شاء الله,5,0,1.0,2017-06-23 03:05:32,,
gp:AOqpTOH6CVfnlC_XLjrdyrhp9MO8jirBp-fS6V5yr8OSyF5Q-A_hSJLZtlWfSyWyuRLgUwiE-PIoPYPEXfee_Q,Zainab Ibrahim,https://play-lh.googleusercontent.com/-ytSaEb4_D-M/AAAAAAAAAAI/AAAAAAAAAAA/AMZuucnbb-rvt0T2L-GYGQEAwuBbbevkRw/photo.jpg,Perfect..,5,0,1.0,2017-06-18 05:56:21,,
gp:AOqpTOG08iI_AY-tZ_okhYyfWXai7qYyuV_GvINFN1HiaGqluiDnQgQ0Erv6RT2qrHaB8RxZXnlJ508yM649YQ,Nusrat Bhivankar,https://play-lh.googleusercontent.com/-9_H7cXcww_I/AAAAAAAAAAI/AAAAAAAAAAA/AMZuucnBJ7k9H3MI_EUkUCj8wu4PePxCmw/photo.jpg,Subhanallah very usfull duwas,5,0,1.0,2017-06-17 22:29:10,,
gp:AOqpTOF1MkojJDkPxtKdpbqi5VHzW8RcnIaL24-oSuECEsBqbCZMxLjEHlwPo_iPfFwuE0USCQM6YsiMFh-Dcw,D R,https://play-lh.googleusercontent.com/-OOk6n4xg4EE/AAAAAAAAAAI/AAAAAAAAAAA/AMZuucnsRuj8WDMAozB1YJdTHOSSm3bfYg/photo.jpg,Amazing app worth more than what I payed. Also has reference.,5,0,1.0,2017-06-15 19:21:02,,
gp:AOqpTOGd-3QvQ5vhAXDrUgLJRQtnvXknwSlIUdF4j-D8ocvviGn7L6NX8hwQm-XcB6tmygkCdf0PHWQumBhpEw,Ameer Goolab,https://play-lh.googleusercontent.com/--86BxSRXbPI/AAAAAAAAAAI/AAAAAAAAAAA/AMZuucmdXJ3rXTYc8ycUxjUNTrFbtOfiug/photo.jpg,"Has bugs, keeps closing on galaxy note 4",3,0,1.0,2017-06-09 02:34:38,,
gp:AOqpTOH1x3ieFhM7fuV76AcTCdNV-l31VHPG6j94_v56q9pUY2SvKqy_423JlYVttXPVNK9fvxak63mMNOBG8w,Rebecca Hale,https://play-lh.googleusercontent.com/a-/AOh14Ggw-DJAM7D4KgNs4aGWNKLGjFNR-DHKDkHijN0rarQ,"Comprehensive and easy to use, masha'Allah!",5,0,1.0,2017-05-28 20:44:20,,
gp:AOqpTOFxkL2xlTzwvFqR2xLup-Scyx1GegrAbuo5tIC4c2fdLOrG-00LzUCQ3ILb52UgnfCP2NgCaT20Wi2Ivg,Rah Dinora,https://play-lh.googleusercontent.com/a-/AOh14GjCuQQg9rvxzxKbcfv4pMWQ0bldaKF3ycmC8k0hwPE,"Alhamdulillah syukur! Very clean look, very well done and so easy to use. I like the use of icons on the left navigation bar to help users go to the  dua quickly. The recitation helped a lot too. Overall I am just impressed how with such a small amount to pay we have access to such good concise duaas in one place. Hope to use it daily until I have memorised the ones that I need most!",5,0,1.0,2017-04-21 16:48:58,,
gp:AOqpTOFM1Iv7rFlyIURowM5kb1cCNh2CR1G96Hw_TkVDmEfQNmhs7_TxHT9oGujE4kPI-2f51SeXO-kwjZsu1Q,Syamila Mansor,https://play-lh.googleusercontent.com/a-/AOh14GjU9tivYq5EJZ4I4a6kiFkKVVlXvJHNuLwc_3DWbA,"I have a question. For the dua for ""when something you dislike happens or you fail at something"", the source is 4/2052. What does this mean? I only found the source as 2664. Please advise. Thank you.",2,1,1.0,2017-03-30 11:02:55,,
gp:AOqpTOHfXOSuv8ZK5Cm-ShGOR8lCQ9lmLhAtqY6Ng7m1mHhTbAZ7QoF_fZrlT40qekrx30lq2vlAoG2OwWiFDQ,Sandy Souville,https://play-lh.googleusercontent.com/a-/AOh14Gg3JywnFHPPNfmJ8jbj7htlzaT14V82EkVe-KCYwQ,Couldnt find a better app. Jazak allahu khairan.,5,0,1.0,2017-03-19 05:04:14,,
gp:AOqpTOE0yVr2F7SABbWsmRIWfiWSgj3RoDYHzf5QMGnIvJ4FZxR7Wk1ztFi9nUxnPIuYbwBD2cufmxZUws2vbw,Helen Curtis,https://play-lh.googleusercontent.com/-Om7EkK_SVqk/AAAAAAAAAAI/AAAAAAAAAAA/AMZuuckJhNNqu1rCHuOzz0y64Hife3ORDA/photo.jpg,If Only...for the sake of Allah ameen,5,0,1.0,2017-02-27 02:25:40,,
gp:AOqpTOG2o8-lHDcvunUR3FjkHn_eeoTSwwuT7yYZubkeqDSWgPwUmsUBIgnVk9oxSe6wo5jkRyR0NGtW-TswQg,A Google user,https://play-lh.googleusercontent.com/EGemoI2NTXmTsBVtJqk8jxF9rh8ApRWfsIMQSt2uE4OcpQqbFu7f7NbTK05lx80nuSijCz7sc3a277R67g,Great App. Love the fact that it's so easy to navigate and has a great layout.,5,0,1.0,2017-02-23 13:53:00,,
gp:AOqpTOGw7S2KX-r1psbMl7tvLWrIrsPCwXgULdFSY4oBfo80Lvhh_fzeMXcdU-d0rdikOydFrofJ7dM16UggJA,A Google user,https://play-lh.googleusercontent.com/EGemoI2NTXmTsBVtJqk8jxF9rh8ApRWfsIMQSt2uE4OcpQqbFu7f7NbTK05lx80nuSijCz7sc3a277R67g,"Very useful, however sometimes hard to find what you want and doesn't have a few duas I think, or I can't find them.",4,0,1.0,2017-01-24 12:35:33,,
gp:AOqpTOF1bJ8CZTbpOvEDbS75iCrVEMNZD6CcxuU-juQagcN5hhxJzhKWD7AYcG7RZLKixjkAuRLwv_eZ6GVlVA,Kamran mahmood,https://play-lh.googleusercontent.com/-zLlsmSKhY-8/AAAAAAAAAAI/AAAAAAAAAAA/AMZuuclv2gZ7VPl2sfxUhFB6PNRiWhsvqA/photo.jpg,Amazing!!!,5,0,1.0,2017-01-02 16:02:39,,
gp:AOqpTOEDl6ROYQ0v-qdHDWoftFY0WvT2LBbiJO2L8XwXnWPIEIntvbXlfedpMuiMnRspt5oWre_M_yl3Rhi37g,Rabina Siddique,https://play-lh.googleusercontent.com/-gp7RNPQSRXI/AAAAAAAAAAI/AAAAAAAAAAA/AMZuuclXLKVjh160BW8dpVOB7ymMH8MpMg/photo.jpg,Amazing app truly a fortress for every Muslim,5,0,1.0,2016-12-23 02:42:37,,
gp:AOqpTOHGDFz5ZvSwgzGFvHLrvVi4l3NUTw5zxpb2V8nCX5P0KFyzGOv2wVnqXwCuB8DRuhOiKy031WxfYwkq1g,Mahbube Khoda Siddiki,https://play-lh.googleusercontent.com/a-/AOh14GhXgG-yKuR_GEvknJ0dqF0CxYDrXw4m0sUjWyUkRg,Very beneficial app.,5,0,1.0,2016-12-11 05:18:34,,
gp:AOqpTOEwqwcXaYkh05Hj51dA2Wo0UdBCc8adBrj76VPQiOr0qFN1WFxKNsrrVWovQCPDr7bsHvmplT8kHH33sA,Owais Ulhaq,https://play-lh.googleusercontent.com/a-/AOh14GjhQHYzruHi944HDFGehBDOXJqAyMtE3eOZYn-MlQ,My wife's phone can't seem to open the app keeps crashing,3,0,1.0,2016-11-28 06:59:42,,
gp:AOqpTOHoZEDZetfUNDv92trJVJrlJbdFP4jO4f85_ywdNOHcLqUCBAEkYf_cHd1RTz2qCltgvUU03GfT5lCf8g,Aaliyah Altaf,https://play-lh.googleusercontent.com/a-/AOh14GiNwE08mW8t4EpUE9D7gt_fUb73VFnR_uHwiG9E,Good,5,0,1.0,2016-11-07 07:34:36,,
gp:AOqpTOG_mXw7My8xuCK-NHQk823vsrC_iaA52LM_j_xMHM-UuvGSplcmr50MvBG7y3g6PoSkkuArs0CFWSlLdA,Shams Alkari,https://play-lh.googleusercontent.com/a-/AOh14Gj66_hjRSpBlT-7Bm1DcArjZDQEQ6ejrisIHbfSSak,Not just a great resource but a proper functioning and enjoyable app.. Great work,5,0,1.0,2016-11-02 15:18:35,,
gp:AOqpTOFuJ8mOyv6x4Q2bneTqerojuROiJTDvsX9IQzzZycaJ5aTRYTJeZ42WUghxfeGxr-ZVlFbS2D9XVZo2Lw,Slim Kagz,https://play-lh.googleusercontent.com/a-/AOh14GjQZWROtcw4BaOcGVodjJT-2ry781Wyvz8iIPGQGA,"No add, well structured and category well laid out",5,0,1.0,2016-10-19 22:47:15,,
gp:AOqpTOGFEgmSaow2DH_CE-e8Mi1jMQCw_Q6V3zV9JTqx5M5DxZw8aqGSwy9hyrYfi1mxNRFsgVnh0G6G7fxzQA,Patrick Wojciechowski,https://play-lh.googleusercontent.com/a-/AOh14Gjd9Vbsug56UjjBXh_Z_O1W1OcedJIfUCtS1YhpFw,This is an AWESOME App. for learning your Duas (Prayers).,5,0,1.0,2016-10-14 23:12:10,,
gp:AOqpTOEGq61xPyQLIGNXqlECF_cCBwj2efTZa12RaBsZnRdMTYdBmYW0aMhynS4CsXUpAmhAPBMfTiORHMfgUg,Mohammed Khaliq,https://play-lh.googleusercontent.com/-tr8xVbZWe4Y/AAAAAAAAAAI/AAAAAAAAT3Q/AMZuuckIkCD8MFecuEXNNa76vO3LMV95xQ/photo.jpg,Great job!  I really love how simple and effective the app is.,5,0,1.0,2016-07-27 08:52:47,,
gp:AOqpTOFhfzEiNuD8i9-jUY5iSgN88Oavyrgbywe7FkVH99bZndAG1YKfgD6JgJR2c8lStcAPPKG6qfEKZ6SsXw,Sana Qureshi,https://play-lh.googleusercontent.com/-xyyXX7DBfA0/AAAAAAAAAAI/AAAAAAAAAAA/AMZuucmTQiXRJXy2r_6wZdXq0PFmru_-cg/photo.jpg,"This app is an amanah on you, android users PAID for it but the app doesn't work efficiently on our phones. How is this fair? We can't scroll to the next dua and the menu keeps popping up. Please sort it out in sha Allah and create ease for us.",3,20,1.0,2016-06-12 05:59:11,,
gp:AOqpTOEHeXhyzIvbJ1Uso7_FZHKR9AlOW4oc2jXH392vMUCXg1S68Zzb1T_jJcadRoYWySe2wVWiEULtIWlL-Q,Abu Bakr,https://play-lh.googleusercontent.com/-4wGsOCHNKQQ/AAAAAAAAAAI/AAAAAAAAAAA/AMZuucmdepi_N9ohuAnaEjeZ57UhANlMOQ/photo.jpg,Excellent app.jazaakumuAllahu khairon,5,0,1.0,2016-06-10 15:50:45,,
gp:AOqpTOFzjfHrpmuj1_X9P0Z9ZWCLC45Y0xBAIcNxOeY-rjRsawKiGhH5uZLbic89su4nwb7zL-BmITtgvSeZzw,Muhammad Nadeem Azhar,https://play-lh.googleusercontent.com/a-/AOh14GiaOebCKghxM2J02j4IWVAV6lfUjZmBXxRvBj1Thw,MashaAllah love it. Please add urdu translation,5,0,1.0,2016-05-25 12:28:10,,
gp:AOqpTOGWCBI93yhLEZHolpVJPcRwecITBfOntTttZNbUcBBOK4aRAGZ-DbLF2KkWFDTSDGKK5X3vExmZgNcneg,Ashikin Mohd Kamal,https://play-lh.googleusercontent.com/a-/AOh14GhUqXVx4y4qhG-UbEkE-Lm2vg91azUMVZclaqCe2A,Good,5,0,1.0,2016-05-16 01:33:39,,
gp:AOqpTOFJEaGq1NUDcOvi63oOamP2h6-GGOxZipNE1xBml8A2q5lm_QeZ-AWYMtEFetncsbMJXMKZB0VvmfSnsA,Harry Islam,https://play-lh.googleusercontent.com/-lPGqCauObGw/AAAAAAAAAAI/AAAAAAAAAAA/AMZuucmOOfzJs-kUjedqfn1rXhw3xvaV6w/photo.jpg,Excellent May the Almighty reward you. Ameen,5,0,1.0,2016-05-13 07:01:04,,
gp:AOqpTOHRXg8vIa1fFshl-bzyPeVDgY4LVuIG-Iw9oB1DZopyAWrxHsMu6H1LSDCFlA8fUvlQEQOB-Jo8nEf73w,Tamara Vekic,https://play-lh.googleusercontent.com/-zllu1MBooHA/AAAAAAAAAAI/AAAAAAAAAAA/AMZuucn3pg_0RVVrvKzCLX0neaW7WVD0uA/photo.jpg,Excellent work! May Allah reward you,5,0,1.0,2016-04-11 19:42:41,,
gp:AOqpTOGtV-QI8fSHEzTWJyvgGqKMXapehjRkrcS_bhUtOXnjncZrZvx0lv81YT01ZB5kM7ChSUkCRYhdfRhaTQ,Cahaya Japar,https://play-lh.googleusercontent.com/-qul2wcYKWPI/AAAAAAAAAAI/AAAAAAAAAAA/AMZuuckLnBFIKimKVm5w5WpEgMQsvQKvWw/photo.jpg,"SubhanaAllah, the bestest app ever..Thank you.",5,0,1.0,2016-04-03 02:21:15,,
gp:AOqpTOHATlYF2fls6XVmnSvhqaSNO0Y0hlaPFOULZJKIA-yXyOJMiqb6azPYLlH9j30fAM_Pnjtpw84dDavbjQ,Ahmed Ismael,https://play-lh.googleusercontent.com/a-/AOh14GhIaCBn8Ak2rG3AuLyBbVQaarb6qhYYjwfQuOu2KA,Thanks for this  amazing  app may Allah rewards you  for this.,5,0,1.0,2016-01-25 07:08:59,,
gp:AOqpTOGfMyK980WS-uszeSa-00cXO8gVQ6QvUd5NIFmaTtSvbcTmLR-c23hqubkKohBMQQ8jGP4c_XF6H9VgCg,mushtaq ahmed,https://play-lh.googleusercontent.com/a-/AOh14GhpaBkQjmyxT6bSPcpI3v2xIHBIkRbI8hGK8OH4cA,Excellent work. Intuitive UI. Simple ans elegant.,5,0,1.0,2015-12-12 07:07:38,,
gp:AOqpTOFgzg3BBp_p2OEeCX28DtUYEEPd1TX9pG3CwI6QrOCG976wptfPYuPeaHglKN85EW1I7o0P6GNp-8me-w,Abdul Ghani Memon,https://play-lh.googleusercontent.com/a-/AOh14Ggn8Gt2pf3ju0Oo-uKDT69lL4la0Bp1NCGRQuhjUC8,"Masha Allah, this is a great app but I cannot use it on my Nexus. It crashes right when I  launch it. Clearing data and cache just brings up the initial tutorial screen, which I can get through but then it crashes when I click done",5,1,1.0,2015-12-03 20:16:36,,
gp:AOqpTOH5iakQfvoRtULeRqoMlCQuLjTHbIEcCpm4-hv6RGe1r2WvS5HrhLm6yfNY3D9ifVuX7-MdJ2IBT0GXdQ,ana me,https://play-lh.googleusercontent.com/-m1ViFAJvb2w/AAAAAAAAAAI/AAAAAAAAAAA/AMZuuckTKtGHGYf8f0JzkIUsSIHBst9PLQ/photo.jpg,5*,5,0,,2015-10-26 10:38:24,,
gp:AOqpTOGE_jdbV61SJe-p9aPp3FIfUD9rJNkN4MKDkqiq4Wi25JC_PENXkYD-MF6xTdZYqbVGfbJqOSw8me2Q9g,Azim Turakulov,https://play-lh.googleusercontent.com/-z23SvrF7Wi8/AAAAAAAAAAI/AAAAAAAAAAA/AMZuucm6Bkm3OkGMt6Ou-EZF-KtRY10AWA/photo.jpg,Best,5,0,1.0,2015-09-21 08:36:42,,
gp:AOqpTOHtAwbCm-RIKoJJadeEb_9P3bvl_RYppFmaEiQADnBOT3MD-PRCJaZixyEjvqdc4ussW_Wds-6abwKKpg,Taj Ali,https://play-lh.googleusercontent.com/-vFcPxugrsPQ/AAAAAAAAAAI/AAAAAAAAAAA/AMZuuclsYj2JWzsR7gkPPOwyXogo8RDQtw/photo.jpg,By far the best app for dhikr. Would love to see some additions,5,0,1.0,2015-09-06 12:22:50,,
gp:AOqpTOHivsI3zfnBLmTOSHO7mzIL7uLuqaFqVw8fYcJN5Uxyv4nC6MBXfguY2Jr_TKcwGGUIuYO77Pe0CDjOlA,khan faisel,https://play-lh.googleusercontent.com/a-/AOh14GgBJJAYkKFXUxmKSmuwnz75HuYF0Zi4y3bgxhDYQA,Masha Allah wonderful,4,0,1.0,2015-08-31 03:00:19,,
gp:AOqpTOG7yT4oGLsKySpNuVLLqOS2e6kuqmi4HG6mGSB9bULCh4IkJ1WR0Ma2ZbB00i8IMKemrN6vSNAjfhP4nQ,Doaa Fahmy,https://play-lh.googleusercontent.com/a-/AOh14GhnhhNe92hzOuPF3RMUJgTVjTF37pDLgqDTsqul,"I love the way they organized the duas, so logical and pictorial sound,  masha'Allah.  It includes transliteration and an audio complimenting the sound.",5,1,1.0,2015-08-23 16:52:52,,
gp:AOqpTOFA223VpRBM94P5mNA7P0XW5iIzQJqugbrv0EK94voKT2_-iT4k9LSzK8EWTubdthUXeaeBN6zlfQUgWw,Mohammed Day,https://play-lh.googleusercontent.com/-vm3h5vfZiew/AAAAAAAAAAI/AAAAAAAAAAA/AMZuucmKJ_esKMviyuX8oaSQfQUSS68aOA/photo.jpg,Yay,5,0,1.0,2015-07-15 04:22:47,,
gp:AOqpTOEX_JXK_HNAe106HKBEniEoQ1TH_pwEt6-XHvJZbmW4dSvganMOk9HG_WHOMpnFufxssZqFi6c_SPzEsQ,mabz zaman,https://play-lh.googleusercontent.com/a-/AOh14GjoQcB-g5XoNKnt0kFNb4FNlvVgZpntZHh708eWflw,Please fix the font size reduction button (-) as I pressed the (+) too may times to see if it works not I can't reduce it and it's too big and can't read as it's needs scrolling for each letter. Thanks,4,0,1.0,2015-07-09 04:37:58,,
gp:AOqpTOEDhEw21bW8jo1YwM5m_Wt92bgfOtKL2W7ExbylVCusv5a3rbpQBW4ZWw8ot6W3XZo6jCcoh39watuJuQ,creative fx,https://play-lh.googleusercontent.com/a-/AOh14GjKeZj2Sc2AgGv-hxu1h8oNJ-CK-LbgOoXxN0NF,"Mashallah one of the best apps for dua, i would just really appreciate if you could make it like the version on iphone were you can scroll down to next  dua without going back etc morning/evening dua jazakom allah khair",5,0,1.0,2015-07-02 22:14:56,,
gp:AOqpTOEQ1KNKUsmsa_b8B7iVZeyk-o9c5sdJ1xF0BNAdmKHFt1NLv8qaMxDDuoX989iKnvm8y_4Q4t9hLVuZGQ,M. Akins,https://play-lh.googleusercontent.com/-YpxO_lAqFmw/AAAAAAAAAAI/AAAAAAAAAAA/AMZuucniO0yJm4mP78uMJmYQht1VGCDnWQ/photo.jpg,MashaAllah this app is excellent to navigate. Especially good as it has transliteration and translation as well as chain of reference. May Allah reward the developers,5,0,1.0,2015-06-12 20:38:13,,
gp:AOqpTOHtV7fNgg5UnlwHEU9y5T4QxTsYOp0nLRlr6I9Axm42NCSHOJoCNGFRsxLpyzPMul9ECGOY1L8epMfYQQ,Rushdi Edwards,https://play-lh.googleusercontent.com/a-/AOh14GhIVCn93-xQuiMB6-nnobl9wKTKCb3IzO-b43vXKQ,User friendly! Jazakallah Khair,5,0,1.0,2015-06-08 08:10:47,,
gp:AOqpTOGDAdRt6F-M9OUni5XABU3mQwAluHUdFCk5eZ4dK4KfU9SMNumceeba08Iz8e2xg_LU0NKZVfRRy3FHAw,A Google user,https://play-lh.googleusercontent.com/EGemoI2NTXmTsBVtJqk8jxF9rh8ApRWfsIMQSt2uE4OcpQqbFu7f7NbTK05lx80nuSijCz7sc3a277R67g,"I feel like the developer didn't much effort in developing this app. To me, they just ported over the iOS version to Android. The app runs slow and the animation is sloppy.",3,3,1.0,2015-04-01 08:39:11,,
gp:AOqpTOFyTJ3yNfhqcY6-E4zMoL1C8vx99fGBsCEC8Fs5GeYdEuJ-xl3hhRtjAmjK-9x2y229cGqJwVNHstRipA,Muzzamil Balouch,https://play-lh.googleusercontent.com/a-/AOh14Gi1ZPzoSCShOvLB1Xf2W0WrTXGGb4R1QckHedo,Has alot of errors (not tecqnical),3,0,1.0,2015-03-08 20:23:48,,
gp:AOqpTOE5HmLmsHezl8Z2Ud19ZHpT5sbcIbQI0C0-msHAgUeinkCo858ofI2lFOF3jrcH_VZPgLyqqehcAgCxEQ,Adnan Rafih,https://play-lh.googleusercontent.com/a-/AOh14GhZUldwfkBahyQxxzVV6mO9Nd_8z9dSDpSm4Pascw,Its amazing.,5,0,1.0,2015-03-02 05:23:12,,
gp:AOqpTOG00MyWDeZ0AESXJLYKL-YjZ5BDp_wKfqcWf7uTdUeRNY3rBe_thOeWCeFxvJjNjnM7We7MU-qZoe8YPw,Monjur Ahmed,https://play-lh.googleusercontent.com/-cBgmxnitWMY/AAAAAAAAAAI/AAAAAAAAAAA/AMZuucm5NbdGX-c2mvptS294oUPHlfY6MA/photo.jpg,"Amazing app, very helpful!",5,0,1.0,2015-02-01 14:14:44,,
gp:AOqpTOGdkhmKZFB6PSdC3brf6au-hHy9bKyJyBMDjfjpkzrCbVnAEcAx-pdBfSFOn6yy45_JcvVnPqcP9h88Iw,Dameka Bey,https://play-lh.googleusercontent.com/-P_Sw9ieqCVI/AAAAAAAAAAI/AAAAAAAAAAA/AMZuucmh-fQ_P2WaopthFUii51EZSczWQg/photo.jpg,It helps me to learn how to recite and remember dua's.,5,0,1.0,2015-01-17 20:48:11,,
gp:AOqpTOHBbbdUF29ebLRUO0jL-rX6x6_qLunVuMDZcAIjiNIO0pFxXtx49tNJr-pmUdMuGEs_0mBNQjXED5Pulg,Zahra Abdi,https://play-lh.googleusercontent.com/a-/AOh14GgaA0xFtQwyvQQJSOavakgCp0XORM5d9k9TBApW1w,Execellent App.,5,0,1.0,2015-01-15 10:08:27,,
gp:AOqpTOGXlTwoa6sEx-rPZ_jdUC7cslZlmndo93ryaj-QKvs40PgcwU-M9Ny68Wu3-bZ8yT2ip0_gp9iyHAWG_A,Sabeen,https://play-lh.googleusercontent.com/-9oK3BsD2YSU/AAAAAAAAAAI/AAAAAAAAAAA/AMZuucnK6eVC7aUDrzzHscs5ConTsXXHaQ/photo.jpg,Great app five stars!!!!,5,0,1.0,2015-01-01 10:30:36,,
gp:AOqpTOErpl6W0HVVxE0ZSsO8ovtbONl8_34N1W_ctsjTUrw4wWP_KF3fdVIRndAr8DBIFdoT6qZnigFmOLTkhQ,Majed Mahmoud,https://play-lh.googleusercontent.com/a-/AOh14GjI9KXbKQ470lzlFQb5lQr2uaGWmA61sd_SxYmqFQ,"This is one of the best apps I've ever used in regards to dua, ma shaa Allah. Thank you very much.",5,1,1.0,2014-12-31 12:45:56,,
gp:AOqpTOHlrJ46JFHmdSa9sIK8hFMNaeknOuZNfl4GvtpISCOL_CpF35e1tsU5VZG2BrS6UtCZnBMEkAvCeLxQ0g,Abu Hanifah,https://play-lh.googleusercontent.com/-eeECytTwiiY/AAAAAAAAAAI/AAAAAAAAAAA/AMZuucn69N7tQteTVbSwPiqE0568W81QBw/photo.jpg,"Top app,  best one around. Comes in use often. Beautiful interface",5,0,1.0,2014-11-11 13:36:25,,
gp:AOqpTOEqHJDyq6Bjqb2RSYp3Km4RSXJiZBS7jz1pTe1n8ggpuh-u8MhWTTQrxmjB5kj5XaEqgJ5j2MwRHDtuWw,Harib Ali,https://play-lh.googleusercontent.com/a-/AOh14GhfjWWdDUyimH0IMbwcCmYqk0Bcx1b-dqMOWRTNMw,Best prayer/duaa app but UI needs to update standards with hi-res displays for 5 stars rating. Icons look pixleated.,4,0,1.0,2014-11-05 22:43:40,,
gp:AOqpTOEpYni1TSc8r3J_Gleuz12eiW3WiV7ADxvEiFVK6j6zD4fm7uYGbeC1vdOCWPQ4t-wY5iXa3RK3WYv6Cg,Fatoumata Ceesay,https://play-lh.googleusercontent.com/a-/AOh14Gjh0duZN7LZSJ5v26Vpx7AqnXTFt6hF2BXN6Lgf5yw,Thanks,5,0,1.0,2014-11-04 20:37:29,,
gp:AOqpTOFrAbYUEDV6ocXUyhAG73_vU7qaohsmdJE7us0GFFSVfJx1ZPdjL0SrPjWX88U_dPONquE75cPZRoeI3w,Anas Syed,https://play-lh.googleusercontent.com/a-/AOh14Ggu-_56FaxSteGR33BUwbqaoVETomj17U-D3V00EA,Those symbols help to find the right dua at right time! Love it,5,0,1.0,2014-11-04 03:48:49,,
gp:AOqpTOFLfQjiD0uDNs_3mzinj2vFcXbKNu_q_bPTCLCAp0_EwR_eEprTsXRUPHP4exfrtp46WweRSdFoXn5oYQ,shukrin jumalle,https://play-lh.googleusercontent.com/a-/AOh14GggTopxx-NpR31q08pv3ASQEq1byXMcxM1BknXjXw,Very useful duaas and well planned applicatin.love it,5,0,,2014-10-03 05:55:34,,
gp:AOqpTOHiV4Yxe-lGjjcFrJuf3JxPw9mY5z0dl3FbeTFKWCowKHKdBoSp6QmFGln-72pC8H8yCs9SIwxGSdYStg,Jaws,https://play-lh.googleusercontent.com/-Hugq7QEGCSs/AAAAAAAAAAI/AAAAAAAAAAA/AMZuucm2SnFVNNrCZh6QXcfUkS25uf6w4g/photo.jpg,Awesome.. :),5,0,1.0,2014-09-16 23:24:06,,
gp:AOqpTOGQkbpqYef78qWBNesOTqwQ1xrUwh1iWc0OmEcKwaFYsFQoALjI_uZLyXtz06zqQXL_gy47CA2z3S08wQ,Shelley Crawford,https://play-lh.googleusercontent.com/a-/AOh14GhT-tKspMvIc4IYo4gZcWo4-ZwZMJYkBZeBCulz1A,"Look no further,  this is simply the best English Hisnul Muslim app out there,  Masha'allah,  and I have tried several.",5,0,1.0,2014-09-12 04:17:13,,
gp:AOqpTOGGJQQKnZFACtPGwZiJA9WCXa3FdGqDfkO5qGzpwIsKqZQwePqZoTJ1qGAX8GbXZ2oiIdhu4IOjLiGbGg,Rashid Mohammed,https://play-lh.googleusercontent.com/a-/AOh14Ghgfji-lS2GYXwFvllIaAzzsu65aEqXEhlAiJIV7Q,"It has almost all the duas i can think. Especially recommended if you are used to booklet ""fortress of the muslim since it is very similar.",5,0,1.0,2014-08-27 19:55:16,,
gp:AOqpTOE5O3jXxcPiyXrTmaMkb1Rq2E3-rVlu3Igbg7A4AxVtOgJU5_D5bEbMqpNBF06eSlB8jTvWjxC3pjaotA,Safiullah Sharifi,https://play-lh.googleusercontent.com/a-/AOh14GjKkGB3UXd4qVp9RusyQ4jFbBDtKueo31PDeuJw_20,Some ERRORS  after completing prayer dua surah Al-falaq and Al-nas on my screen  got meen shara  instead of meen Share but when copied to text its correct.  Over all AMAZING APP JazakAllah khair.,5,0,1.0,2014-08-16 12:56:29,,
gp:AOqpTOFjrXitlo65bH_uJztst8oGR_S_nnGaeOrDmq8n6E_8OLGWvskW8ELuoRCiRS2DJor7eobd4hr_eoKFkQ,Tariq Zamir,https://play-lh.googleusercontent.com/a-/AOh14GjTDUsTFiGiX5oJ7QoVwQGfVaXVhacXCPFDCW42,Awesome app....well done mashallah,5,0,1.0,2014-07-27 14:13:17,,
gp:AOqpTOEKjS3viHc1_uYibzb2Ka9N9N_QpPYRl_ihKGT6h0Ptcd7OAKWqF78H8maZ6y2TucWZikSl4oXJqImaxQ,Shades AG,https://play-lh.googleusercontent.com/-q-pvO6UrJ18/AAAAAAAAAAI/AAAAAAAAAAA/AMZuucmPathfr4tzz0YNUnEVV0hd2KFIIg/photo.jpg,No Updates,4,0,,2014-07-19 13:57:49,,
gp:AOqpTOGzJYd8lm4AnlH5Csq6PG0ApOQy7_QjzAj2NCUqeGYBztu5dUfq_HxQsCclPklOl7dmaENMxEdX0DR0HA,Shakeer Ali,https://play-lh.googleusercontent.com/-Nx0hj1UNNA4/AAAAAAAAAAI/AAAAAAAAAzM/AMZuucl9rpUuQywKyS7Ra58-oXSUf0pzMg/photo.jpg,Pls update the fonts for everyone view ...with saudi usmani fonts,2,0,1.0,2014-07-19 10:43:01,,
gp:AOqpTOFOHONKfcj-2hawsjeNVfPWFVHg_iVACeUrFrOSKHovxUP7fbIwOtmhBbs2NSRetNZ9PwduQQm12qgxRw,Ashek Ali,https://play-lh.googleusercontent.com/-uCatMamc53g/AAAAAAAAAAI/AAAAAAAAAF4/AMZuucmO6uZfTWR3pUnXP93NlrMxGJZflA/photo.jpg,I used to have this on my iPhone and now on my android as well.,5,0,1.0,2014-07-17 00:35:58,,
gp:AOqpTOGdT-bVYgq9QmvCiXaT1v-EkBfbs9DxdyI4ODXyQGoBX8QYwWa78Y8QIB9TyThwDfoswKEZMADcoMVYug,Mohamed Nibin,https://play-lh.googleusercontent.com/a-/AOh14GhzdGZj9JCfX_SClKqFBlhd5einmy5Fq4iebxJP4zk,Excellent app and an amazing user interface. With all important duas. My only suggestion would be just to change the app icon. The icon is not looking cool otherwise I would have given 5 stars.,4,0,1.0,2014-07-16 00:58:32,,
gp:AOqpTOGGNWXVOrY5SKBkxL99hSg1focohHg98x90uubYDDbv9j833Cq80KM6Rb14mN_NJbDfrTuZwwoLluu_qQ,NOUR AL' DEEN,https://play-lh.googleusercontent.com/a-/AOh14Gj3if_JAm3QbiKLbQOlWzWFyCcayt-t1b2F1zv1hQ,Duaas,3,0,1.0,2014-07-05 12:53:51,,
gp:AOqpTOGaSg6vFdlmrcAow5i8cYmsZLvz9vK0xhGXlSH5aThGXvl9363-VsKN52djpX1TlmkA23EHqEz3vTiy1A,Ahmed Khan,https://play-lh.googleusercontent.com/-OYyr0OHu2OU/AAAAAAAAAAI/AAAAAAAAAAA/AMZuucnNztUpnEuifbAio_I2IAqh5scLPw/photo.jpg,AlhamdLillah may Allah bless you and all of us Ameen. And may Allah grant us janatul firdaous Ameen!,5,0,1.0,2014-07-02 13:40:24,,
lg:AOqpTOH6J40lCX7OmRjwBgnWxgPkrfZ74eUj8kJALtSlLB8Dd6lj9DD59Fqp3HDfRp-Opa98va_WrDlf5vDuNQ,A Google user,https://play-lh.googleusercontent.com/EGemoI2NTXmTsBVtJqk8jxF9rh8ApRWfsIMQSt2uE4OcpQqbFu7f7NbTK05lx80nuSijCz7sc3a277R67g,"Excellent app! MashaAllah. Smooth, seamless, easy-to-use interface. Very useful for anyone trying to memorize various duas, or just want a quick source to reference.",5,4,1.0,2014-06-22 09:10:43,,
gp:AOqpTOEBSfuHxSgIm6RLdAHmJ1DMNKTImLb93cEXEtR1KiY1Z-HgCuxHxZDkC8m8pTvTdb6DcPJ_5PZCleCpEw,Sharon Kelly,https://play-lh.googleusercontent.com/a-/AOh14Gi87P9-H01QaJSTvj1ZJe6d9JWSVy3muBCojWvV,"Every Muslim should have this app, and the book.",5,0,1.0,2014-06-08 13:26:47,,
gp:AOqpTOGqnpqDWCxXQH1C_nJEtDYNWb08LITvLggG9_EaBj3YhtPTD93wvHg8sObyyerV2z-fVekjG_j8MpZ5lw,Mussama Miah,https://play-lh.googleusercontent.com/-p-baHBS_cp8/AAAAAAAAAAI/AAAAAAAAAAA/AMZuucmDXnxwfk3wmA1kNhDoo_nSeqToDA/photo.jpg,"Had this on my iPhone, absolutely brilliant. Am now an android user and still loving it MaShaAllāh. May Allāh reward those that created it. Allahummā Aameen.",5,0,1.0,2014-06-08 02:50:07,,
gp:AOqpTOHuHRmylMQ7bqvN9JGyU_l183yxmG5nur36HAR_7qPpG-5eQSAHWLMvPr_ZQiGiXASg1868d7QqVNZeKg,Imran Sayed,https://play-lh.googleusercontent.com/a-/AOh14Ghyv3Y1tO0rep_-OAJLKC0l7bd6v0fAG3zC-eY5ig,Excellent App MashaAllah,5,0,1.0,2014-06-07 06:00:47,,
gp:AOqpTOGnwRuvS8wTYxIr77AbJS-a7Cjpw2DARKUNvHXP2W41NnImXtoRwxCJ9JXEUl2g2NZLbiw8gMzPKeGpcQ,Kyle m,https://play-lh.googleusercontent.com/-Q9TXPAZNKY8/AAAAAAAAAAI/AAAAAAAAAAA/AMZuucmU3ZqmZctx8tfjqtzP790upKiU8g/photo.jpg,If they allow you to copy the duaa it would be perfect so i can easily share,5,0,1.0,2014-05-11 17:33:05,,
gp:AOqpTOFsBZVOTKCenIOksRUOLYwCMx3NSJ7RGMPhiohaX4n6vNTtYlmYEprdGnobAhaI8ZlIGk7FfPNEUxw8jw,FurQuan sayed,https://play-lh.googleusercontent.com/a-/AOh14Gjl84rdWs1Gf6rWBT1sA0VBbDc2xBcbsdryJwCL,One of the best app I was look for,5,0,1.0,2014-05-08 07:45:04,,
gp:AOqpTOG3SbiRmvyBjlGnasaCOVxMHV0CSsaxiXRc-VU7gd3pPUSFWzm8jYHuKRZLezYjBBPk63phh4zqi00OPg,Valencia B.,https://play-lh.googleusercontent.com/a-/AOh14Gi4TelAOQjudJLQ-nj2p7QqTba_QXDIKAcVSjjzqw,it's so organized and complete. may Allah bless you for your efforts. this is wonderful,5,0,,2014-04-19 19:03:14,,
gp:AOqpTOESp0ebkP7IWedUeWT8cpFh2zKJFBR0h3hkds5MOuJ7iUiOAvuIGcnNPvP51TFfAEGX6XCQhKct29tvXA,Asif Mirza,https://play-lh.googleusercontent.com/a-/AOh14GidLoq0BZKCWYzPmrYBpqWi8JGquulYJozXsDo6Zw,Superb audio and transliteration. Lost without this.,5,0,1.0,2014-04-08 04:38:29,,
gp:AOqpTOFAp4aZRMxtlMGcRxaUl7PyxSgDua_DHTR00nAH5WafcXl0OgzFkqxom_gQy8zouqbGWuJ2qZJjQcz5OA,A Google user,https://play-lh.googleusercontent.com/EGemoI2NTXmTsBVtJqk8jxF9rh8ApRWfsIMQSt2uE4OcpQqbFu7f7NbTK05lx80nuSijCz7sc3a277R67g,,5,0,1.0,2014-02-22 07:23:57,,
gp:AOqpTOFmSXPDm3J18snCOu6ZKf1yDa8wdZHvQftTno3QoiPa36Ul7giYSR8OMSmzRNozchVA50kAx92Yy5Hc0A,spetro po,https://play-lh.googleusercontent.com/a-/AOh14Gg69zhVTahjtl6M37pHu-HmZUeW8DPn4QQGgVIPPPA,Masha Allah very good work. But in duas there should be an option to scroll to the next dua with out going back to the main menu. I.e. in morning and evening prayers one has to go back and then go to the next one. Jzk,3,13,1.0,2014-01-26 00:42:50,,
gp:AOqpTOFbqs68o0knthMsENXhZcdnz2wyLnQk5zlI-l95zoNRqzTd7UXE6R_PArike67duRzBNoMYWwrI7ftg2w,Asim Aslam,https://play-lh.googleusercontent.com/-EAonb7kmhPo/AAAAAAAAAAI/AAAAAAAAAAA/AMZuucnuPn24dAYJnb0z_1AitnUD9Fmzww/photo.jpg,I don't normally buy apps but when i bought this app i was really impressed looks like developer has put lots off effort to build this app it has very good user interface hopefully he would have consult a good Islamic schooler to get rid off errors on Arabic texts as many users like me don't know the texts error i hope this developer will continue his good work and develop more religious app like this in future,5,1,1.0,2014-01-24 00:45:22,,
gp:AOqpTOEt0friGxbhu0pRsFMRkbndzXpCUSDLe9XzQmzfIq_G1P9f0wEwI4y2N8GATZDTcLvJ-2GsOPET1CkC7A,Umar Bukar,https://play-lh.googleusercontent.com/-FgsoSGyAoQU/AAAAAAAAAAI/AAAAAAAAAAA/AMZuucm5eDzVyWyOIsxf5p65meSSsi5zNw/photo.jpg,What an excellent app a must have for every muslim. Thank you.,5,0,1.0,2014-01-23 21:28:09,,
gp:AOqpTOGS_psrrGTBzmco5Ts-BWKtne5oKnld32heCa2WR_eTcEJQEAVL8bONEMyKgClvdqtOQTQx0O2ckEaxuw,Saifuddin Merli,https://play-lh.googleusercontent.com/a-/AOh14GiTj7pn75GRZec6dREWvGpiC1eJYrA9zFIK4rI4HJw,May Allah shower the developers with his mercy and blessings for compiling this into a great app to take anywhere. It has helped me countless times. A+++,5,0,1.0,2014-01-20 05:34:17,,
gp:AOqpTOHF-CFUUaTRP8lpCeqFSVCj_Nsbjaoei21irCK6qObz_NTneZ_lK9K6LmmApkYaY3Wm3jSk7C2rX6-9OA,Junaid Ansari,https://play-lh.googleusercontent.com/a-/AOh14GiiGIC-R8fORD1ftua9FiAaSzlU14GF-4IuDTUkng,Everything about the application is solid except for the interface. I know you guys ported the same interface from iOS and didn't really change much. I hope yo do change it. Jazakallah Khairan for the amazing work!,3,3,1.0,2014-01-19 21:01:34,,
gp:AOqpTOE0755K96OUPP-z-vCGJAE5RLtRyhR2eTEwZKTrWKLJ5WJG3kKTF-4P8-WSJAG9Y2VPeLjXSvPwcekxow,hasina karim,https://play-lh.googleusercontent.com/a-/AOh14GgiWd5-PdjZ6A75_EjJvWdrJyzWcK-2h4DpVb8e1w,Alhamdulilla thanks to all who is behind this app: may Allah bless all.,4,0,1.0,2014-01-17 07:10:45,,
gp:AOqpTOEjxeWy6H-1dTnmzjhteP3ImfNwQxzPDxU-2YjVKd1BMw-WMt2_0YAXbdrGd48dk5rdrBjyX-FCDKm-Rw,Siti Fatimah,https://play-lh.googleusercontent.com/a-/AOh14GgRuvUlmwhddj-nd0avCTqPWYq27DCKJ1XZyyVFCQ,"Please check the 'affirmation of faith' part. Just mention rasul as rasul, or Isa if referring to the previous ayat of the surah. Muslims know rasul / Isa very well, why would use another alternative?",3,1,1.0,2014-01-15 03:50:33,,
gp:AOqpTOF_s90XdkPMMbbUQna2nOQ9Pj4OZigMcEYPl4Hu0AG5Oe47WrDuVKtVwvRab8cDLxWEt6HL3iWGNLfMqw,Basim Julian,https://play-lh.googleusercontent.com/-EavkTK6SWII/AAAAAAAAAAI/AAAAAAAAAAA/AMZuuclvvDXIlkbsRzEhS_Vz5Be84fnncw/photo.jpg,Please update Istikharah audio.May Allah bless you more....can you update it and to able to read on landscape mode?better for note 10.1.thanks,5,0,1.0,2014-01-08 19:37:01,,
gp:AOqpTOGSCVO55R395Ab-eU_-5N0VK96Wc6gunFhrX3cDB7DUADUu8ApcEBhC5J5G8eN4oyfZk3bP6DtetHL5lQ,Abdullah Abu Adam,https://play-lh.googleusercontent.com/-6ox1O0F0k5o/AAAAAAAAAAI/AAAAAAAAAAA/AMZuucnrDjVNGaRnzsUIOkg-XqE9wXzCJg/photo.jpg,Nice app,5,0,1.0,2014-01-04 10:40:59,,
gp:AOqpTOHmWVbMOZs7y9SF8vo_O6AAKR2fi3g0_d_ftmeymabel9a01eGV4ef6fO-8i5NVzCG1BvDLuzGKePJvrQ,Aamir Shaikh,https://play-lh.googleusercontent.com/a-/AOh14GiAeOaax5GlX9nFJONMJocjayFxLeOaD6U9VeBJ5g,Copy/paste? References? I'm in!  Best dua app I've used. JazakAllah khair to the devs.,5,0,1.0,2013-12-17 12:15:55,,
lg:AOqpTOGVMHSbMobedHuxpwqQCCPBLG-pMfacZhdqQvz-scuxrXoK72L5K6KVh6S9awy_moRw_7DO0UERfVB9GA,A Google user,https://play-lh.googleusercontent.com/EGemoI2NTXmTsBVtJqk8jxF9rh8ApRWfsIMQSt2uE4OcpQqbFu7f7NbTK05lx80nuSijCz7sc3a277R67g,I emailed you with bugs and other stuff. It's ok app,3,0,1.0,2013-11-11 20:00:47,,
gp:AOqpTOHrRbzE76cDgHiW7zEf7i5H2Hsp_jen6gcIAU3JqvabTy1wfvU986LIYN2CtM6YXzwQmgV5g9po3GIDYA,Dianah Dianah,https://play-lh.googleusercontent.com/a-/AOh14GhTciSailJTD9FWJnQIF0Ln7Wyulv15RnmLypYs,This is an excellent app. Might I suggest adding another section for special du'as? You could add du'as for awal muharram and so on.,5,0,1.0,2013-11-04 02:47:28,,
gp:AOqpTOFGHLnUOWyEtvLWZ8eQpLtueHUBGr_pCInH9Z6B7D7XDKci4cwd1WITWFSLeSly1e0SyDlMpAAf8S9pDw,Rosham Z,https://play-lh.googleusercontent.com/a-/AOh14GhRGPo3cEGBmno-Osy2fxZIBn0dEHEG-iw5IiLSXw,Thank you for the app. However a few crashes happened on Note 3 when sharing to other app. And please include whatsapp as well. Pls look into lt. Thanks.,3,0,1.0,2013-10-17 07:17:54,,
gp:AOqpTOHU5Nlxe8KXD_BVcrX6iLv6sz_EJi-74keIxNUL9eFB7-Rd292k3xOhv-CTIlyZ9sdWmiff7vchlfPO_w,Dorothy Anne Kuhutan,https://play-lh.googleusercontent.com/a-/AOh14GgKj-JwokKZOTIB4V0bSRTpPNCs6Xz1r7FZcuGs,This is great app. May Allah bless you.,5,0,1.0,2013-10-06 02:13:51,,
gp:AOqpTOF6ibEqa0MJxQXfXrgys2CRlpIJT_ohmdgg3hgQupg9J0r_QjA9lixxE7JShbwJLVLiD1c0VX14y_ZbCA,badi,https://play-lh.googleusercontent.com/-0OKEoExnpPw/AAAAAAAAAAI/AAAAAAAAAAA/AMZuucmQkQwDOqBCElNuhEqBPOzcRlXDvg/photo.jpg,"Has every dua you need mashallah, excellent app, can I please urge you to add swiping left and right to flick through duaa's continuously, and to be able to listen to the duaas in your favourites continuously.  Jazakallah khair",5,0,1.0,2013-09-21 14:21:01,,
gp:AOqpTOFLZs9sPBwCjSR9Oi-15IdJkplCpwexa2gHYLb95Ti5h2CioUuu2xiHaRBfB5B_9dS4YCMnehf6_4lP3Q,Kashif Umer,https://play-lh.googleusercontent.com/-88cKE645uvc/AAAAAAAAAAI/AAAAAAAAAAA/AMZuucmqwf1U8KZPtQASr-_6NV9rg4RRxg/photo.jpg,"Seems like an iPhone port with little developer support. The arabic font needs to be more clear and some navigation bugs addressed, unfortunately the developers aren't responsive. Going back to a free app.",1,3,1.0,2013-09-01 21:57:23,We would love to address the issue. We reply to any and all requests/emails that we have received. Please send details of the error to us so that we can address this issue.,2013-09-12 10:46:18
gp:AOqpTOFwnHsWX-NEsDvU47kIJ9P0nMKYTwXm7arQbl02hYDqwQFlV1_zNmcBfGrIrJxl5xI7LJkGNAs1ntK9Gw,sarfaraz sheikh,https://play-lh.googleusercontent.com/a-/AOh14GjIvbSlRZDc3bK2nA_EKDx1eEwL9Nh3naynu42usUE,Ma sha'allah,5,0,1.0,2013-08-07 01:51:25,,
gp:AOqpTOEMn24XbygQXXpUp5YZ6F6H4IjOMYAmZSsyVq9oIMTqrLmKL7l6hJ-gbgE_aWzmg7P3AslWkxI2Q_ysvQ,Abdullah Shaikh,https://play-lh.googleusercontent.com/-dTr2is35cBk/AAAAAAAAAAI/AAAAAAAAAAA/AMZuucmkmdpruGNQNPcJaO_DAenruOSgvQ/photo.jpg,This app is amazing. However I found a glitch that the audio of the dua for Ramadan in Layl-at-ul Qadr isn't there - maybe it's not included in the app?,5,0,1.0,2013-08-02 23:28:02,,
gp:AOqpTOETq323oGA3LNV7ygJOn5REKdDvigg8uwKfTXhw8n0yRoixpEEAHPWgCfQb0xuoc9OonPRJpdVMdcjGLQ,Umm sufyan,https://play-lh.googleusercontent.com/-8-HPxQjp-Lk/AAAAAAAAAAI/AAAAAAAAAAA/AMZuuclk77ql-c5sb1tH7bovye2NJrjakg/photo.jpg,"Excellent app.may Allah reward you with goodness in this world and the akhira.  Please we need ""key to paradise"" on android. Only app I miss from iphone",5,0,1.0,2013-08-01 19:09:29,,
gp:AOqpTOFMZZXvONkOSk3Ny4v7mGO5WukTiZeFRpMN0NWob9ycDXtzRbmw5MOVVBWAUDasr4kdyF1pYB0PYZzBjw,Youseff Khan,https://play-lh.googleusercontent.com/a-/AOh14GhBEr6iSIZWpubCzka0JQfmx2d6xmvEeXRdqwLJ,Worth every penny and more! I would be happy to pay even more for it.,5,2,1.0,2013-07-28 16:38:10,,
gp:AOqpTOG6Oq4JB_HmKb0Toig4a3mQ9jhr1YGuO8MgxT6p9akLvl5nSqmkWpVEZD0UPLqJR2_V2p_JaQh64dU84w,Mohamed Saad,https://play-lh.googleusercontent.com/a-/AOh14Gjy2GlIZnau0y21Wfkp0T2LGErMBp-nI9nWQKuo9w,"JazzakaAllah khair for the person who made this app.. only thing you could probably fix, is the correct placing of the arabic vowels on certain letters.. it makes it a bit hard to correctly pronounce the wording.",4,0,1.0,2013-07-26 07:20:48,,
gp:AOqpTOH6WNolKZbk5lEJ5LSxdZE68y1YGcsJmiZyhvR4KatBNKUjrfRN8z3p7cgDmI7iQRzc1AszwA1SLwBSmw,S A,https://play-lh.googleusercontent.com/a-/AOh14Gh03XltIfa5GMSC53HM2NswJbUPZE10Beodxxveyac,"Easy to navigate, read and listen to duas. They are well organized for us.",5,1,1.0,2013-07-20 22:42:14,,
gp:AOqpTOG21n9Gb3bXB2T7JDBr2zKwbW_Ct8QcV1kdKkNYGgamnZ4QuzqXKGMqwTfekpGk7Lp0FwtSOrVE_em7gA,神龙SHENLONG,https://play-lh.googleusercontent.com/a-/AOh14Gii8b9pjzMTNRAcgg9a93Xd_13iz12Og-JtYIwH46Q,"Alhamdulillah, I have been a person who have troubles finding the right word to ask for Allah's assistance and this application certainly help me. It is very neat compilation, a very pleasant reading experience. But I do hope, if what people have been claiming is true, that the translations to be fixed because it is very important for one to understand what he is requesting from Allah.",4,33,1.0,2013-07-19 22:58:57,,
gp:AOqpTOGM9re4q83967Ib-pD8oJN7x8lAW7ybew-TmH4DQzrJ4-BWJqW6j2vWbqn1tmYolw9j16aTjAxORIuBpQ,AbdulQaadir Almujahid,https://play-lh.googleusercontent.com/a-/AOh14GiWvb2vPFvrEBdKCkj99u6lI0g7x5wjbr1HXWaPTQ,Good idea but it crashes every time I open it.,1,1,1.0,2013-07-18 07:10:23,,
gp:AOqpTOHQbdGw936VsVxVF2ekYt0_S5S44c0a9WAL-nQwlkYD2SQItef4c4E1njH-RikQaRsdF2UoWhey4b-Tug,Shady C,https://play-lh.googleusercontent.com/a-/AOh14GgkSaIjV5BD3utv_ZO23-TbsHvwSVRuTD11Bh-i,Could do with an update graphics on the pics look a little fuzzy .I dont think its updated for HD screen,4,1,1.0,2013-07-16 14:32:50,,
gp:AOqpTOHjGLIKOaEXYIegPtSQa_Zi38wU6NU7w6gWPd_w7HAZqrC2yFTa3Vs4KdccSoKCjpsOzafYy1nNK7a5yQ,A Google user,https://play-lh.googleusercontent.com/EGemoI2NTXmTsBVtJqk8jxF9rh8ApRWfsIMQSt2uE4OcpQqbFu7f7NbTK05lx80nuSijCz7sc3a277R67g,"No dua for opening or closing of the fast, really?",1,0,1.0,2013-07-14 19:32:52,,
gp:AOqpTOFUgL1aVQMpTW4m-3x9nYShJa8ubpBbfnGVPkflBtOsKfn0dOC7AYTyehaQUMC-5ovm7HBmJgBpz1l4mg,Abdirahman Abdi,https://play-lh.googleusercontent.com/a-/AOh14Gj3fnDggn__0X4-KQsq_dosTIYsEYX9igN833SeIA,Asalamu alaikum this is a well laid out app with a search option. MashaAllah well done gentleman.,4,0,1.0,2013-07-14 10:59:03,,
gp:AOqpTOE_uJ7Y1xaX1e9GiII5goqqRh-FPM9t1Ftb5EKzYIE0E8i2TsEP4oZc_i5URIB5gbIoaqRcKA0fH1365w,shazia khan,https://play-lh.googleusercontent.com/-j90jRP7jRao/AAAAAAAAAAI/AAAAAAAAAAA/AMZuuclI1Y69GYHJRxDa1U7edUX6z8xOdw/photo.jpg,MashaAllah excellent app. For those whose arabic is not good you can listen to audio and learn that way.	Tabarakallah!,5,0,1.0,2013-07-13 09:49:00,,
gp:AOqpTOHve0qfekQj1JhduzWa6yACBMDN2JwJgRBH-2GhLcwRGZeG0kJs-Ilf58x9oACGar1F5-YN4slN6KFCjg,Syed Hyder Hussain,https://play-lh.googleusercontent.com/a-/AOh14GgF3VXe3MltM2XKR5BOaOI8yPxEeQULEgHqOkPF,Best app ever thanks guy's,5,0,,2013-07-12 15:46:56,,
gp:AOqpTOFJbexjz4QtCa5PTRp5fl7YZhoCeFOmpidvMyDBQQg2C32nYWLtso81g-jHvCkOf1R4I57-gPnA9DOoZA,Raba Anum,https://play-lh.googleusercontent.com/-XZlp9EmTEsw/AAAAAAAAAAI/AAAAAAAAAAA/AMZuucnuE-a6PYpZyLbJOGdUounxtmYZRg/photo.jpg,It's so user friendly,5,0,,2013-07-12 15:19:21,,
gp:AOqpTOHfamwZWts3D7YiYAyxHxptdHP-7ksxvNtXAWT3IqKCAxyAjw_8eBvDRfBMtA8FyIuzIGT-tHxUA35iFg,Laila Karwani,https://play-lh.googleusercontent.com/-x2Wexnp16j0/AAAAAAAAAAI/AAAAAAAAAAA/AMZuucnLpSNkSJW3xdqK4gTaTUAhQtxkIg/photo.jpg,Ive used this app on my iphone and had no problems with it. This is an amazing app and extremely helpful. May Allah reward all those involved in creating this app. Ameen.,5,0,,2013-07-11 02:08:39,,
gp:AOqpTOHKIkxFdaiP4m9N2hIK2n6d_vzzVvtafumL91hykcQ2FAjMO8xUKbahNZxwbY_O7QvtiYKJQqUp9qpU9g,Ziad Mannan,https://play-lh.googleusercontent.com/a-/AOh14GifIAAaYCEu3d_GE4YWzuFy4MQIo7onomEz8-iK5A,"Mashaa Allah great app, very easy to use and many features. Jazakum Allahu khairan.",5,0,1.0,2013-07-09 20:22:32,,
gp:AOqpTOEiFUbhHOQgK5MrRp0Oznvk_LJR8lE0a_YVe47el7X_LUmDSTaNtBQCq37eIxSfL0KZmz37j1UWh0kRFg,Ebad Khan,https://play-lh.googleusercontent.com/a-/AOh14GgJsIJL1GIujZYBCc6q3HybpapFmfjwZAVpclbH5BI,Mashallah this is an amazing app! I was just wondering however if it's feasible to add whatsapp sharing into it?,5,2,1.0,2013-07-09 02:03:47,,
gp:AOqpTOHjIDNilfjabdi-7MRdexzCthANTpuwgham2n9fPIWyWUISVTDGk1O8h89EjGyVnKI4bqXhP-ecIB5G0w,Oman Rusmana,https://play-lh.googleusercontent.com/a-/AOh14GhyoXdWLkt8m9vHFoAByTCdooo6kvn1ur_xCgjZHA,It's a good app.,5,0,1.0,2013-07-05 13:19:32,,
gp:AOqpTOEVs4xpBwCoMh04CprNxV7uBD8z-V_PNf5yFs2c2WozMNVNW0Z2MQJvnPyFtAfBhoyY4rPBxxLMY8rVUw,SHAZAD ML,https://play-lh.googleusercontent.com/a-/AOh14GizhryLTsTBSU2SStMLtV9sOOTMLkxiWq1tYdDfHw,Very nice mashaAllah.wonder if u could add a play funtion that automatically plays the favorites.but already excellent app,5,0,1.0,2013-07-04 22:23:34,,
gp:AOqpTOFtCNbFtipKhi4LNtjjAbfyezSmacVFj23MS_PXJCm8AdICzsMEu_vYvFdDCekamzYwCm2bSYd2uqw_tQ,Aaqib Haque,https://play-lh.googleusercontent.com/a-/AOh14Ghn2Ke5gaMxEzrNr34jHwz6G9fhk7yeKmvukr-ybQ,"Salamu'alaikum dear admin, Alhamdullilah I just bought it from Bangladesh. Ma sha Allaah the app is great but I wholeheartedly request you to pleaseee increase the Arabic text size of the dua. Please  jazak-Allaah Khair",4,1,1.0,2013-06-28 09:57:22,,
gp:AOqpTOHo0d18HpPgT6XOcaDXJseh6eBNaRGE1VaBsJa5lT1COiQ5bMLJJ8gLBbS3ikyukecI3Jy1AktHFUmqHw,Yunus Mohamed,https://play-lh.googleusercontent.com/a-/AOh14GifBWq_7BpM_MzLEoigk0PiRHXqjRHyF_ttvKQFPg,"After i bought the booklet, I was searching for the digital edition for a very long time... Masha Allah, what a fine app after iquran. Baarakkallah feek.",5,1,1.0,2013-06-19 07:30:28,,
gp:AOqpTOEMNCZsfi-BgnirsZxi3tPbRra300-ODQIPiu0FfXkzoWyCj4t7GpfdraQ9gqY9g8vR7Ena_3Ua19Vdvg,Fathima Ahmed,https://play-lh.googleusercontent.com/a-/AOh14GhynCxAfI9Na_E2WQJWqroxaDXeTrexbLht3mNn6g,My frst ever purchase on playstore....mashaAllah so satisfying.....may Allah reward u ppl for this wonderful effort....plz try bring an app with tajweed quran....the quran and ruless bk....in sha Allah,5,0,1.0,2013-06-03 13:53:07,,
gp:AOqpTOHNacBtBEH_vxz6Z62pH0wAbpFLXlTuBkDe-R2WJLBdwcd6tc9QqmwLacc_Jb7sQ-rc0aa1P_t94b5KnQ,TheMushMission,https://play-lh.googleusercontent.com/-7HhIt3YJgJQ/AAAAAAAAAAI/AAAAAAAAAAA/AMZuucn-auiOjWpOYUZIW1gQnggPbnALsQ/photo.jpg,This app is very useful...the features are so helpful...at first I thought I wouldn't even be using them. Jazakallah,5,0,1.0,2013-06-02 13:46:03,,
gp:AOqpTOExi24c56rALj5G0iU3hnwDlZDE4coqR27HEpX0xx2lx1QycS6V4ZREi1pFsxaWCFTMv1uoZx42Oioykg,Farhad Syed,https://play-lh.googleusercontent.com/a-/AOh14Gg56f_u5Tjx3JXps0akHBDcrMTkdURu3nZUJiA6XA,Alhamd jzk khair to those brothers and sisters who helped making this app. May Allah (swt) bless all of us Ameen,5,0,,2013-06-01 12:00:55,,
gp:AOqpTOEyzmPqy5BPnNriyCqCvbd8CA5GxkttZ6P4zb9x2Pzzm-p6-zA9Svz3-axxlwCnm6Q4-aj0jVdkZN1UZg,Waleed Rahman,https://play-lh.googleusercontent.com/a-/AOh14GjvihdrUjnOQdn0TCUi577zpD5MLruaY1CqAzMXcg,This App is awesome. Waiting for more IhsaanFusion apps for Android.,5,0,1.0,2013-05-23 02:03:30,,
gp:AOqpTOEhhvFhlgyZ5xl03B2ENRmxRKTgTtxmRo7TD39bHfD_wc4ny5rRE6kd2P23YR3iy0QhXsOip_Oigo6HNA,Khushal Khan,https://play-lh.googleusercontent.com/a-/AOh14Ggiy9zkfnSjO8vue6yFhux7qVKQ8EPPQhzDo0MZPA,"Great UI, thorough content, lots of convenience options. Truly brilliant app and a must for any believer.",5,2,1.0,2013-05-18 11:20:20,,
gp:AOqpTOHJfkKLZ5C1YHpsqBMqFBVJ5uSMCd_jGGlNa9UqpOA2wrBs8Sn2VPsqhcK-v8RvVKnL8cVWibg23McKHg,Ayaz Mahmood,https://play-lh.googleusercontent.com/a-/AOh14Gj0bWA1Re_QsJ5rZtZ0fHXNplIdqVavev3-68UrNw,Jazakallah khair love this app its a great help,5,0,,2013-05-12 18:25:20,,
gp:AOqpTOFAhy-mtEO6fpN3pO0E32SgjRiCmMQ60KvCzpnQshNeiuq4a_HgBCUZbupvqhEfOxKQtNJaIC808q1xIw,Shehryar Jumani,https://play-lh.googleusercontent.com/a-/AOh14GhizpcniKyjKMw7ghIypuDSxFTEUJJdAdPTT7b62A,Please add more duas! Superb app keep it up!,5,0,1.0,2013-04-29 13:01:25,,
gp:AOqpTOHVK_pQUcu7fraUBHrtufVDwNqvxDme1XvbXrtrUjeK-RhtoOQ6GOvDIaPhJ_oLGA7RyS8hV0xMK_Bk7Q,Marco Finlay,https://play-lh.googleusercontent.com/a-/AOh14Gh_Yw76A5pxdNA4aAC0YuE-tCMh0nWEZsPRXTqKC9s,Where's the do'a to break the fast- Allahumma laka sumtu..,3,0,1.0,2013-04-25 12:30:41,,
gp:AOqpTOEzBOYJ4-6VnoOmY70eob0_oCkK8fnPGIWsGePvNJxdhHlNbWQE-o-mcQhaR86Oh6lc0tSZ9C6UsaIhXw,A Google user,https://play-lh.googleusercontent.com/EGemoI2NTXmTsBVtJqk8jxF9rh8ApRWfsIMQSt2uE4OcpQqbFu7f7NbTK05lx80nuSijCz7sc3a277R67g,Tons of duaa and easy to use,5,0,1.0,2013-04-06 10:02:20,,
lg:AOqpTOFTHi27KM3qqsia5MB7S1v9M489k8BO2ANqSL2DQDrw7vmBxETcDfQbbun9Wik_m3nu6IxpSwuyIepJ1w,A Google user,https://play-lh.googleusercontent.com/EGemoI2NTXmTsBVtJqk8jxF9rh8ApRWfsIMQSt2uE4OcpQqbFu7f7NbTK05lx80nuSijCz7sc3a277R67g,"Masha Allah wonderful app. I was looking for a app like this. Iam very happy that,I found it.",5,1,1.0,2013-03-31 03:33:30,,
gp:AOqpTOGgzRdcMIv_L0Y9lcYdYb6yrpLBKLcyGpNnDFHSE1NpjJy-ELbZK8SUAie0PSOoOfVHo314r0RWH3LVPg,Faran Azhar,https://play-lh.googleusercontent.com/-F27B2cRicDk/AAAAAAAAAAI/AAAAAAAAAAA/AMZuucl8ji9tiDvDQALHVetqbWecoGRYnw/photo.jpg,Really amazing app mashallah,5,0,1.0,2013-02-26 19:52:21,,
gp:AOqpTOH8CF0htMUu74yj-jWN4Yx4zweyS2UzMeOvlHICZDYvGiGDy1x7XgG2tX90brKaD1Tgchp8S3YV2yGAgg,salman abdul mujeeb,https://play-lh.googleusercontent.com/a-/AOh14GgfTwTWN7r1zVQ-56H6Rf8ewri_SA2dZVnqxvOxp6E,Great work Dev's....i truly appreciate it and may you be rewarded for your efforts continually...jazakallah khair...,5,0,1.0,2013-02-05 09:46:38,,
gp:AOqpTOE9wljOE2i9w4Vyn_hIKxc4z5oabVTccjotGC5mNHoFwcEV-FaQmw4C18Xr888V4hzLKGUvyjB7zKd_kw,JediMik,https://play-lh.googleusercontent.com/-c-SgaSjzQB0/AAAAAAAAAAI/AAAAAAAAAAA/AMZuucmVuRJXUOydS8TPGyA31hEVNVh6yg/photo.jpg,Very nice app. :-),5,0,,2013-01-21 10:50:23,,
gp:AOqpTOFs80ZYJC-STAs2fU4UgMO_AS6hrFEZkr5muHNp2l1MmYoIE9CWMH00tNR315jULimlJWaH_pUEmjiRVg,Tahir Khan,https://play-lh.googleusercontent.com/-1R6U2a0XAas/AAAAAAAAAAI/AAAAAAAAAAA/AMZuucnJfk-KSc4N_7mgX7VEAiD-62CplQ/photo.jpg,Best app I have ever used. The only app so far which I paid for. May Allah accept the great work for the producers of this app and guide us to the right path. Ameen!,5,1,1.0,2013-01-11 04:00:03,,
gp:AOqpTOEP92-pdpkBTCntbA16gjbbiz5yKinvUenErE5fu1k3pZtC-TB7PZnVV49OYdCGdk4rSn4UgVQ0ezZ7rg,Nabeel Khan,https://play-lh.googleusercontent.com/a-/AOh14GicvRlT6OM24NYozHB4MHo1_My_h2dh3GQctONxUA,A must for every Muslim. Such well made. May Allah forgive us all and keep us on the right path,5,2,1.0,2013-01-06 22:05:45,,
lg:AOqpTOHNoYGFISAO7knuMEiezA_yR-2WdcaLJs-ROmJy2ii1XZ8Q_f53BTky5bakAr9SOy9aq21dGucpTaWUWw,A Google user,https://play-lh.googleusercontent.com/EGemoI2NTXmTsBVtJqk8jxF9rh8ApRWfsIMQSt2uE4OcpQqbFu7f7NbTK05lx80nuSijCz7sc3a277R67g,"SubhanAllaah, the bestest app ever. This is the only app that I have brought till now. SubhanAllaah. May Allaah bless the developers of this app. A very very good contribution. I would do injustice to my words in describing the app!!",5,1,1.0,2012-11-25 01:19:54,,
lg:AOqpTOEpZsv1PCWJwKT6KAdJShyl9X2wCUSRn4bMsPp3Wwlt5oYNN8d2kDGGIg64k6QZ4HN2RAyP2XONtxTA4g,A Google user,https://play-lh.googleusercontent.com/EGemoI2NTXmTsBVtJqk8jxF9rh8ApRWfsIMQSt2uE4OcpQqbFu7f7NbTK05lx80nuSijCz7sc3a277R67g,"Widgets would be a great addition. Overall, a very good app mashaAllah!",5,0,1.0,2012-11-25 01:17:35,,
lg:AOqpTOFvdu3uVwV60RGKscD0X3iTHOGyKNW6RWdqViAFCkaaDKql_K2FTecK1ZOFB56jnJc6_J-f3ZDIN_XYRg,A Google user,https://play-lh.googleusercontent.com/EGemoI2NTXmTsBVtJqk8jxF9rh8ApRWfsIMQSt2uE4OcpQqbFu7f7NbTK05lx80nuSijCz7sc3a277R67g,"I think it's quite messed up that this app cannot be move to sdcard.. Fix it, get 5stars",1,0,1.0,2012-11-20 17:20:55,,
lg:AOqpTOEVmpVnpAlxQWeb8y-bgB_EsCpMj-14FSej3tSuAA118ChxJCCmua6bK2rn7DXmU7NoM_MnzrPUYMB85A,A Google user,https://play-lh.googleusercontent.com/EGemoI2NTXmTsBVtJqk8jxF9rh8ApRWfsIMQSt2uE4OcpQqbFu7f7NbTK05lx80nuSijCz7sc3a277R67g,"I am an English speaker but can read Arabic (although I don't understand it). I enjoy your apps easy navigation, but often the Arabic is very hard to read (if not impossible to read) because of the kesra, fatha, dhamma, or sukoon of each letter overlapping another. Please try and fix the script and also make it match up with the transliteration much more efficiently. Jazakallahu Khair for helping the ummah.",3,19,1.0,2012-11-19 04:17:39,,
lg:AOqpTOGGhtAzDaP1M4dl0_iLRVtBidx-rfHAXOEna3FdWnjM4bpPcBnH2X6nBhefWauslVzXS-e3t5--SUgZag,A Google user,https://play-lh.googleusercontent.com/EGemoI2NTXmTsBVtJqk8jxF9rh8ApRWfsIMQSt2uE4OcpQqbFu7f7NbTK05lx80nuSijCz7sc3a277R67g,Mashallah this app is perfect. The design is flawless not to mention the audio and the clear text. A must purchase app for every muslim with Android. Looking forward to more ports over from iOS. Jazakallahukhair!,5,0,,2012-11-03 22:30:51,,
lg:AOqpTOFzSY4dBjajt8poCu9WqP-J6VESiNDlRqH-CPR5L6mSK8pOLkFYWmDFx_RS6_U3EfAzxB0BfkqsmM7BbQ,A Google user,https://play-lh.googleusercontent.com/EGemoI2NTXmTsBVtJqk8jxF9rh8ApRWfsIMQSt2uE4OcpQqbFu7f7NbTK05lx80nuSijCz7sc3a277R67g,JazakAllah!! let Allah reward you whenever anyone uses this app,5,0,1.0,2012-11-03 22:25:35,,
lg:AOqpTOEJOk832-lZcmemhJUeROgVjOvD4U4xHNkusvVMuGNNNS2wdCJx2BDqjVe_2c0NkzEQy6wDKHLG9xHO4A,A Google user,https://play-lh.googleusercontent.com/EGemoI2NTXmTsBVtJqk8jxF9rh8ApRWfsIMQSt2uE4OcpQqbFu7f7NbTK05lx80nuSijCz7sc3a277R67g,Excellent but needs to have that Android UI instead of being a straight iPhone port,4,1,1.0,2012-11-01 17:17:15,,
lg:AOqpTOGAAjyCBb9EY2zHdCO4bsP80HtQOaouynPxTb6ZgUeOqCo-qtHsnqo9om98TVqj82YPWprFDZPI4rLNzg,A Google user,https://play-lh.googleusercontent.com/EGemoI2NTXmTsBVtJqk8jxF9rh8ApRWfsIMQSt2uE4OcpQqbFu7f7NbTK05lx80nuSijCz7sc3a277R67g,I was so waiting for this app on Android. Worth every penny.,5,0,,2012-10-29 08:21:39,,
lg:AOqpTOFRgJFuKZUzHoE66LR2obWyh1lq73MZoOo5v5bHOoqyrN5uiFuA8qhuisfDLVfDZlbc_O0Y_QBS55gYUA,A Google user,https://play-lh.googleusercontent.com/EGemoI2NTXmTsBVtJqk8jxF9rh8ApRWfsIMQSt2uE4OcpQqbFu7f7NbTK05lx80nuSijCz7sc3a277R67g,Best app,5,0,,2012-10-27 13:17:49,,
lg:AOqpTOHvPsoDeAjJ6ff5LSr33_zwZ0n1NgJGoNMBnCsSWWQbXP9FqInoKBiaFf7TDS8P5wxcj2WTOS3wzJvs4A,A Google user,https://play-lh.googleusercontent.com/EGemoI2NTXmTsBVtJqk8jxF9rh8ApRWfsIMQSt2uE4OcpQqbFu7f7NbTK05lx80nuSijCz7sc3a277R67g,Masha Allah excellent app and working well in S3. I struggled to get this app due to Wallet restrictions but worth it. I ask Allah to reward the entire team with highest ranks in Jannah.,5,1,1.0,2012-10-25 09:57:42,,
lg:AOqpTOHs0vSEN8LR40OqGXJ8J5D82y-tp_aD4n9kz02IQMBtMwlX6XkJ2sUPVb6knVgzjN4I6CW6IYfgCxWEuA,A Google user,https://play-lh.googleusercontent.com/EGemoI2NTXmTsBVtJqk8jxF9rh8ApRWfsIMQSt2uE4OcpQqbFu7f7NbTK05lx80nuSijCz7sc3a277R67g,May Allah reward you...Ameen. Looking forward for more Islamic apps.,5,1,1.0,2012-10-21 10:05:48,,
lg:AOqpTOEGa3DYmqnAygwDYQygpiybGdeCOPTyeOXfVSO2RH970noWnV3giE4-bFCSXAIVVFaaVkrmHzR-Q-eqqA,A Google user,https://play-lh.googleusercontent.com/EGemoI2NTXmTsBVtJqk8jxF9rh8ApRWfsIMQSt2uE4OcpQqbFu7f7NbTK05lx80nuSijCz7sc3a277R67g,Really useful.... Best Dua App out there,5,0,,2012-10-21 09:58:38,,
lg:AOqpTOGh_79gtnovw2T_EDe4kjRSUEZfJEIUW8b7Tre_DryNBSflyrokwswVUS43FrLtKNOZD0cZraYWx8ngHg,A Google user,https://play-lh.googleusercontent.com/EGemoI2NTXmTsBVtJqk8jxF9rh8ApRWfsIMQSt2uE4OcpQqbFu7f7NbTK05lx80nuSijCz7sc3a277R67g,"Must have for every smartphone, tablet and app handling devices.",5,1,,2012-10-21 04:05:39,,
lg:AOqpTOEeHB5nXSyAwNazntCixLSWQFynsereaiHUOC0DTlFJ4hO9ToE9FUIpWHuSh2v7FKSs7omrNRqlDzXjFA,A Google user,https://play-lh.googleusercontent.com/EGemoI2NTXmTsBVtJqk8jxF9rh8ApRWfsIMQSt2uE4OcpQqbFu7f7NbTK05lx80nuSijCz7sc3a277R67g,Best dua app on the market. Setting the new standard on how islamic apps are supposed to be mA. Can't wait to see what you come up with next iA!,5,2,,2012-10-20 23:43:50,,
lg:AOqpTOF5Wi7CqSJk_EvtTF43snjLl7_N9mHxveuy6eDV6z-yNQyDaU5kOlQmiASPkJB6Ve9JfOkWya4Jrk_DoA,A Google user,https://play-lh.googleusercontent.com/EGemoI2NTXmTsBVtJqk8jxF9rh8ApRWfsIMQSt2uE4OcpQqbFu7f7NbTK05lx80nuSijCz7sc3a277R67g,"It could be that I read it wrong but under the category of funeral prayer for deceased child in reference it says Al-Hasan used to recite ""Burnt"" Al-Fatihah  :)  jazakAllah khair for the app! awesome 5 stars!",5,0,,2012-10-20 23:18:37,,
lg:AOqpTOHPI5cbGdH0l5PGUdUvL19p6Rl5glaFZoY3VKi-mpzzKmkXQed2sWf1xYuLqY6XR8TIkD4k2Ou9iJXQXQ,A Google user,https://play-lh.googleusercontent.com/EGemoI2NTXmTsBVtJqk8jxF9rh8ApRWfsIMQSt2uE4OcpQqbFu7f7NbTK05lx80nuSijCz7sc3a277R67g,Alhamdullilah our patience has paid off. Was waiting eagerly for this to release on Android. Inshallah all the other ihsaan fusion apps are released on Android :D,5,7,1.0,2012-10-20 13:05:45,,
lg:AOqpTOHjuOTlbRaK7T9ypXHC2Pa4hlzyuMe2pVCz2lngX9wwSwwNST-6OjELVkWtdsUMQtQbPbF6EAAkQGS93Q,A Google user,https://play-lh.googleusercontent.com/EGemoI2NTXmTsBVtJqk8jxF9rh8ApRWfsIMQSt2uE4OcpQqbFu7f7NbTK05lx80nuSijCz7sc3a277R67g,mA very nice app.. may Allah reward you for all your efforts iA.,5,2,1.0,2012-10-20 12:42:46,,
lg:AOqpTOGCc_BW26A4sXY6QlwhQDn2PFOK2Kw9Urz3Zay7mdbXz3xxZdm2lp7Ajm-p3Xrilqoip7A8oCvZF-_84A,A Google user,https://play-lh.googleusercontent.com/EGemoI2NTXmTsBVtJqk8jxF9rh8ApRWfsIMQSt2uE4OcpQqbFu7f7NbTK05lx80nuSijCz7sc3a277R67g,The best dua app out there. Period.,5,4,1.0,2012-10-20 11:30:49,,
