reviewId,userName,userImage,content,score,thumbsUpCount,reviewCreatedVersion,at,replyContent,repliedAt
gp:AOqpTOE_tVKV5eoFCTWxeE5NvbHZJ7_dqVswI6nuILXjG3k_A4wzO5VnNOtz1w4vx3U3Uxzl459eNezzfu1Ts2I,Nick Vagias,https://play-lh.googleusercontent.com/a-/AOh14GhT4v-b8MNUrh1BepPDSOugpkEZnrz11lXuTdW0,Shame on you! After all those bad reviews and emails from paying customers such as myself you have done nothing since August 2019 to fix the sound problem. It's 2021. You sent me an email saying that you are working on the issue. I guess you just took our money and never did anything. It's a pitty because it is actually a good app. Please fix the problem. It's been 1 and a half years since your last update!,1,10,20190826.03,2021-01-30 23:39:07,,
gp:AOqpTOGuyAuMnVviNbrWgjVaBlJlad5xDZiZUgIetNezOrc0zqE6Ocy5cNfa8GHMwYjcP-E0KHdOivm5c-EIVO4,Ilinca Moroianu,https://play-lh.googleusercontent.com/a-/AOh14GgmSCsQ632BF-pwGslt6oPDlYhfPg9z4YLKbt0D,Bad sound on oneplus 7t pro,2,0,20190826.03,2020-12-11 10:52:11,,
gp:AOqpTOFOYn9kABEBxx9xT-yfXmSKrs_xJO8rDxGap0LOKnE5U0EsgHg_cVX9zu-whEyyQVbf6BHJpLLq4wzO83Y,Kim Brinker,https://play-lh.googleusercontent.com/a-/AOh14Gg9LNofra5Oxcsa7ULMYyzG8Ass9KdJyx7O9vm5RQ,Nighty Night Cricus,5,0,20190826.03,2020-11-18 17:01:39,,
gp:AOqpTOG0qKloN3T7Fd_pAM6Z9fIuWRD1mHzgALSH6kWUgY9kbRkwOzQbwlf3ltRFQiOR4-0fouNz8kG85oMzd34,Renee Sobol,https://play-lh.googleusercontent.com/-t1EzIqWPTfU/AAAAAAAAAAI/AAAAAAAAAAA/AMZuucmmDDJclOBsPTZbmsbBO9grQPEheg/photo.jpg,My kids (3 and 5 years old) love this app. It worked great for the first few times and then the sound stopped working. I emailed the developers and never heard back. I'm very disappointed because I spent money on the app and it doesn't work properly. I wouldn't advise using this app.,2,11,20190826.03,2020-11-16 18:18:24,,
gp:AOqpTOHuWCgu7xVy0cE_qfSeUFwLoZeCDMFfCCRjcDgcBFneKGcLWxJHwi8o4I9ZlNhPLpWyng1QfiPEHNdbkcA,Aaron Riedemann,https://play-lh.googleusercontent.com/a-/AOh14GgcXbU9_fyVYYPB4Flvi--o9aWJ4QYWe-cHMCk7kf4,"Bought this app because my daughter loves the Nighty Night - Bedtime Story, but on my OnePlus 7 Pro (even after a clean wipe of the phone) the sound is still all wonky and broken.",2,6,20190826.03,2020-11-04 11:18:01,,
gp:AOqpTOGGVa6gcW04OqWCw7w35UOqDCBwZqXJJRkjJvezzoSoMcMgnzstRPzlOMhB4U0VDKAm7i5tuY5hIGT5oSc,Mike Somerset,https://play-lh.googleusercontent.com/a-/AOh14Ggs9qgRu0y3gZM___5HCCAPibgsX-sqUqNgjJ78HhU,"I have paid for this app. Now, when I open it, it says something in Japanese and asks me to buy - the ""nighty night"" app, but won't let me access this one. I have uninstall ex then reinstalled, but still now working. Completely unacceptable. They should fix or refund immediately.",1,10,20190826.03,2020-09-28 00:36:14,,
gp:AOqpTOEQv2IdcdJAuDly438DHA35orZj2Cl-ZrBlqmPHEw2sU5m_cEpvLlSkpGyQDE0lDG0aXff4UhGrhixxuPk,Stanley Moras,https://play-lh.googleusercontent.com/a-/AOh14GhLJADFme_tJy3MbhsuT7e8a-gu1TZkGf7XWqV5KV4,"Graphics, animation, little interactions with the animals. Very well done! reminds me of Gary Larson who's comic's I love.",5,13,20190826.03,2020-08-12 13:01:45,"Thanks, Stanley! This makes us very happy 🦊🐑",2020-08-25 05:35:09
gp:AOqpTOEq-UxHb2IOEsQ3XLAba3CsuWcwpIce4SU6svW6mIxq2l41oG63FmluiIigXRkyafRDdx6KPSZYscyTSnY,Stephen Justus,https://play-lh.googleusercontent.com/a-/AOh14GjV31bm1CofDvDt9jokNEtNHUWY2Lv9AeNamn3ECgI,I am using Oxygen is and the app opens but the sound is distorted and does not seem to be working ☹️,2,1,20190826.03,2020-07-24 09:29:32,"Hi Stephen, maybe you can get in contact with us under contact@foxandsheep.com and we try to help you there",2020-07-28 06:41:57
gp:AOqpTOFCtAAoOhwb5hR7iGPlhrIJHMoBoAIiOa5sQSLLngdHlxHYZxfSNaEZMkQWtassJUBRmzmw2pXOwEs0wZc,Steven Green,https://play-lh.googleusercontent.com/a-/AOh14GiMlYXo5HrBFSMcm7WXgz-AZp4Dbhmw3U5BC77x,This app keeps crashing my phone and locking it in landscape mode. If I could uninstall it and get. A refund I would. Nice idea but more bother than it's worth,1,5,20190826.03,2020-06-19 10:58:08,"Hi, can you write us a mail to contact@foxandsheep.com and we can try to help you there a bit more specific",2020-07-28 06:45:13
gp:AOqpTOFaqqORQ6gmWu1R_jKPOocNbRYgZKWVYHaQv9ZF5etmXT6Ia9blKQvU--SFTdOtVK7tjV9i1NAqXTz3ajE,Ryan Keating,https://play-lh.googleusercontent.com/-snwa1hqy2TU/AAAAAAAAAAI/AAAAAAAAAAA/AMZuucm-NgXB44pJkGN639OhsjzSUU-9eA/photo.jpg,Doesn't work. Sound is busted,1,2,,2020-06-10 03:46:26,,
gp:AOqpTOHmW0qBOA0vaSuFzazhZv4_3BZBmMS90okSS_aU7GYbhoZoEF9ur-QIKjSTtXxADGMKVUlIrRPFgd7Ddw0,Al8ank,https://play-lh.googleusercontent.com/a-/AOh14Gjfj8sVMLrbM8QZbzn9KztNXdTSQLVddG6zdZa4nlk,"Used to work just fine. No longer works with Oxygen OS. Once it works again, I'll re-review.",1,5,20190826.03,2020-05-22 08:26:47,,
gp:AOqpTOHYucCh-eDw4SFcYuxqMsrRz4Znixl8lIKLffUlKnj8nm9TJmh-4XGV2Bixe4obOjZk4RKioYwqc5o5FoI,Kim Linwood,https://play-lh.googleusercontent.com/a-/AOh14GgsdVFtzYXRenpHcaAA41aTiq6QmSzdqqY0867cow,These really help my toddler wind down for sleep,5,0,20190826.03,2020-05-21 13:30:21,"Perfect, thats what we want to hear 😍",2020-07-28 06:46:24
gp:AOqpTOEil_6YcwrI69RffhDlNhWiHSjdayjWSJ3EMi94Veo2jSNzyFODexEHfYUadNVT8Vu3JrJbPwg-3PtcL6E,Jasmina Mirtoska,https://play-lh.googleusercontent.com/a-/AOh14GhjSpQGUxrxJMGdO_kF9zLNkrd72gwY5Im7OG4fUA,Great,5,0,20190826.03,2020-05-21 13:11:49,😍,2020-07-28 06:47:57
gp:AOqpTOEa1VHafEB4xjVnN6LpBcwvd0j0IWwFk3bpkJQdzNLofpDdpf_dHhWRjCGST07Tc9K_ZLHkouK59ImWMpc,Chris Hutchings,https://play-lh.googleusercontent.com/-tdpLgVptJi4/AAAAAAAAAAI/AAAAAAAAAAA/AMZuucldJLJ5sf2H9Mf3fHHk5GJfLx-WiA/photo.jpg,Love this app. Its a great way for the kids to unwind at the end of the day.,5,7,2.6,2020-04-01 17:56:00,Thanks for your fantastic feedback! 😍,2020-07-28 06:48:36
gp:AOqpTOFRG12AvBmnJjXCpCwubyXqSwwWtQadjkYksl9D44U-gwO9RnQUrHcP3A1jh42OMHILTG3-LU8Mn7lS7PA,Bren Whyte,https://play-lh.googleusercontent.com/-WzYSi8SiBws/AAAAAAAAAAI/AAAAAAAAkO0/AMZuuck_nNcAztgc1vGx2Iu5gKhJum2G7Q/photo.jpg,"Bought the app but sound is crackly on a One Plus 7 Pro. Other Fox and Sheep apps work fine, so had to opt for a refund.",2,7,,2019-10-24 08:31:50,,
gp:AOqpTOEyxVY0JEhddMnoFA-j_CSyOlwZQuqWvWI5E2Pen0KM46h8yC4g7XerwQnRiHo4VMOpj2BybgIkagLIv9s,Julia Magaril,https://play-lh.googleusercontent.com/a-/AOh14GhF9l1W6w0jOc4rNTXAQO8vOx3WVsXZufLMOgq3,My kids love the app. But what's a problem with purchase of additional animals?! We'd love to buy new animals. Please fix this problem.,4,6,20190826.03,2019-09-22 10:08:18,,
gp:AOqpTOHc7AhRkqgwP4aNfoY5hMDIYtaMoJ8kDiVVtNO49mUOp-4jc-Hs1DocKqv-vE_6T6LYshM1gZFfjpZ426c,Tallinn Manzanilla,https://play-lh.googleusercontent.com/a-/AOh14GiONZB_aBDSflPPD8PqPfk63nGnDW6FtXpjts_-,We love this app helps my son unwind and sleep,5,8,20190708.01,2019-08-18 03:59:57,,
gp:AOqpTOEE6PCmfQ08QX2ZMlRKgOs4awlov8p0JPVKHC9F8Grhnc38b8oyhMcJcj2CsF-iPhnziCNF4-9BUmiXnQk,Vikram,https://play-lh.googleusercontent.com/a-/AOh14GifJlqHzUUvOjrQQ23b7BoBWpdD4NPDt92oN7cJxPs,👍👍👍👍🎇🎆🎓🎒💝🎍🎉🎉🎊🎊🎈🔮🎥📷📹🎅🎄🎁🎋👻,5,0,2.6,2019-07-14 09:10:19,,
gp:AOqpTOGqS8oszcJ1zMGJ8IpzePVmo5g3h76-m4mcSb-eXiZSTBV22I-CphSOVXU3jZK9ekT-xqyib2vY7wnrD5Y,Bonita Smit,https://play-lh.googleusercontent.com/a-/AOh14GgUaJO1XhuWA9ywdJ1dkpUYNYainJgojXc6C2te,"My kid loves this app. It's awesome for when he doesn't want to go to sleep... I put him down with the video and after all the animals are sleeping he simply says good night, turns around and falls asleep.",5,13,2.6,2019-06-04 20:00:59,,
gp:AOqpTOGZGKfCIdraEXWKzM7-cayHtI2AuHX-ISaxaAUUMgzcZ-kLUjPNHN1E__taTS6pJJ-LzjGLR-PQYMkIpXM,Megan Rose,https://play-lh.googleusercontent.com/a-/AOh14GiAdF_KsbHRtaRJjA-Ga9dIItRCz-6xiZu1-v8i7Q,I noticed that if you look at the snakes body it has splatters of blood on him,1,5,2.6,2019-05-27 18:14:50,,
gp:AOqpTOFgLsFlOy06G0tW4Dc-3qbRWTsF6mjFe2fC4nb7My1Ozf0HV2lhs9tX9TBYG24beIrITmqCZLwpqI3VoRE,Ray Delaney,https://play-lh.googleusercontent.com/-hS9fbFuncNY/AAAAAAAAAAI/AAAAAAAAAAA/AMZuucmRKDNzfHYULoSEwhmRuXHEbqj8wA/photo.jpg,My animal purchases wont load. Please fix,3,5,2.6,2019-05-27 03:23:30,,
gp:AOqpTOFN0GC7uxsTYdxRpmrpUx5OLNBcAvb1B5ukTPlmX9RqRO502IrvfXOLq7Z7B0GKmMgOWCcHEP1E04utU28,Hanif D Navaz,https://play-lh.googleusercontent.com/a-/AOh14GgF2SNcRREXFPp5aUdP90Odn-GyYWc1SKJBMQHuOxo,so beautiful!!! Just wondering if i have to pay for each nrw device i want this on?,5,5,2.6,2019-03-14 04:51:55,,
gp:AOqpTOGifUDaEH-J-eVwTzCG2uLzJcL_c9KZSlIO9pV7Q9kTrc7MalaJdV67LLi01i_6M4u9TohkwQqRRt7HXvM,A Google user,https://play-lh.googleusercontent.com/EGemoI2NTXmTsBVtJqk8jxF9rh8ApRWfsIMQSt2uE4OcpQqbFu7f7NbTK05lx80nuSijCz7sc3a277R67g,"Calming voices, beautiful muted colors and a fun walk through that helps my 2 year old settle for naps and nighttime. No glitches or issues on an XL2",5,12,2.6,2018-10-05 04:52:46,,
gp:AOqpTOH0ouAHh0B2MkYAxdWjGzORhXSpJrFVDSmLNbBfFOyxq0-30IVRNHbVhDWCkNOg2wI4j2JfhHW7qlwY_kE,A Google user,https://play-lh.googleusercontent.com/EGemoI2NTXmTsBVtJqk8jxF9rh8ApRWfsIMQSt2uE4OcpQqbFu7f7NbTK05lx80nuSijCz7sc3a277R67g,"Beautiful, really relaxing, really well made and worth every penny.",5,10,2.6,2018-09-18 14:27:47,,
gp:AOqpTOEK2so9qc3ethlRb7iP0zibppRYuxpnDsft65UXRUNy0fcyuWNfKexMY8iQq763Ec82MMNHf4Epn2n1dIc,A Google user,https://play-lh.googleusercontent.com/EGemoI2NTXmTsBVtJqk8jxF9rh8ApRWfsIMQSt2uE4OcpQqbFu7f7NbTK05lx80nuSijCz7sc3a277R67g,"May 2017: Like quite a few other reviewers here, I still can't reload 
animal purchases. Such a shame, my kids were rather fond of this game. 
Uninstalling until the issue is fixed. July 2018: got a new phone, so I 
thought I'd give this another go. Same problem again - I had paid for the 
additional animals way back in February 2016, and when I try to reload 
purchases, nothing happens. I was going to get the forest version as well, 
but if this still hasn't been resolved, I don't think I'll bother.",1,23,2.6,2018-07-31 12:58:52,,
gp:AOqpTOES5x9GlGJtnYuIUo2a2V6-Wu6MXigQgba304oWeBfP7YuIlHu5iAebgbJs5Ya0lO91ohBkJu8wcLyS314,San San,https://play-lh.googleusercontent.com/-wBFfaQQnx2A/AAAAAAAAAAI/AAAAAAAAAAA/AMZuucloUExrx8X0-8RMQt63snsUu5ZZpA/photo.jpg,"Adorable and working well for my kids. My two year old gets a bit too 
excited to sleep if I use the manual mode, but at least he goes to bed 
without complaining now. Auto mode is better to get him actually sleepy and 
I usually switch to one of the other two stories for that. Anyway, keep up 
the great work!",5,3,2.6,2018-07-20 13:01:38,,
gp:AOqpTOHRBAZdooB47Bw2BnPILWwfZrXQqgDWRKxJSNIHyyGb9c2CI_7CmRIq58sxOaKFGtyM7WX06mbShEWNOXU,F LG,https://play-lh.googleusercontent.com/-wvTlAntqYQU/AAAAAAAAAAI/AAAAAAAAAAA/AMZuuckdNV9QjGbTY2I2dbRkinBsywKckw/photo.jpg,"Like other Fox &Sheep apps, this is a brilliant app! My son and I are big 
fans of their ""nighty night"" series: an evening routine, with a beginning, 
a calm story development, and a closure to go to sleep. And I can alternate 
the farm version, the circus version, the forest one (see other apps of the 
series)....we love it!",5,4,2.6,2018-07-16 14:00:20,,
gp:AOqpTOHJ_uOhdBdP7owYkZaoLs9efwmmM2_Z0w-zuF9vgq8N4noioZIdv3ZgaL0BXXi-Ecm2EKgfVenENW7jEow,Daniel Obando Fuentes,https://play-lh.googleusercontent.com/a-/AOh14Gjq-TQDi4_3QcKhjfTPke2bz5agPaW0Brp2RAhLyg,"My son loves it, only problem is you can't limit the number of animals, so you always have to sleep them all and with a sleepy kid that can take some time. It'd be a nice enhancement",4,7,2.6,2018-04-02 10:34:20,,
gp:AOqpTOHeJflrUfzC_s-1O8A1gtuWr7KSUJw59OQDff9ierA58RYzQvibeV5K9IrDN_IbulY3EivaxiAY1S1rq7k,Samantha D,https://play-lh.googleusercontent.com/a-/AOh14GhTMKEn7qNG_ZNIKqku4iBDWluG7C4VM9Yq833K,2 year old who never stops running will always sit down for this,5,4,2.6,2018-02-18 17:06:11,,
gp:AOqpTOGtPngv8U_ZhGUmCWj6Lxfd-HO7Bs_uDcflAUGFtPrilr8KtWzj9D7Q66NYfvZNrw4caKzE6MOZGH32NOE,Ryan Jordan,https://play-lh.googleusercontent.com/a-/AOh14GgahfOZ2mejPOqogHWTbGDFCKbB59hB2a7zg05KNVU,"As usual with the extremely underrated Fox & Sheep, an absolutely fantastic app that's worth 50 times the price. These fickle cheapskate tightwad 1 star reviewers are the type that would complain and whine about winning a brand new Corvette because it came with an empty gas tank. You will NOT find better bedtime, non-book, apps for kids anywhere on Android.",5,13,2.6,2018-01-01 20:22:36,,
gp:AOqpTOExPvtqULQQpa5UBFgBmjMyImbVNc4eu77wTtImlsCwebljDiaWiV3hcJM3miG2fCItWB2m2JUqSfm2ED0,Jason Knight,https://play-lh.googleusercontent.com/a-/AOh14Ggxuk9vuXW34hI4S3hFlkRmdsTWaLxrrGJXT8gBUQ,"It's a great app, but it doesn't fit the screen on the pixel XL 2",3,3,2.6,2017-12-10 17:44:06,,
gp:AOqpTOG2p6Pd0wKSrQDIUWbzSflCcP9SLW7XVmd6WoHvkG384CNjfuGbDmzYsmeAAm2-pgTmYlSZIz6q52cqB1o,Buby Lukey,https://play-lh.googleusercontent.com/-iICwT5lPzFU/AAAAAAAAAAI/AAAAAAAAAAA/AMZuucndolSEHig6md81Gdj69ZJG9LWOXw/photo.jpg,Can't reload animal purchase either. Tried on several devices and nothing.,1,2,2.6,2017-10-30 23:39:05,,
gp:AOqpTOGZejmkF9NpOgBHgzFYWUQVU91dyD9wfpsF4QIYUoWvYkMYL7ZH8RyN9AZ7oS2ArBHLJ4TotrxgZJ8D9tQ,Valerie De Los Santos,https://play-lh.googleusercontent.com/-Tlzgf9Dc7Nc/AAAAAAAAAAI/AAAAAAAAAAA/AMZuucnzPun2wrYE7qEGkUspsICWqF0q8g/photo.jpg,My baby loves this!,5,2,2.6,2017-10-20 23:14:41,,
gp:AOqpTOENEU-wE7LcTZr7OarGdMZJTMjNtyQdjVDFmb54CpJ3fb4Qgj-UFayrLikn39w8WSIoryJIN5icwyMzl5M,Arnd Brusdeilins,https://play-lh.googleusercontent.com/-A-7qshwg1o4/AAAAAAAAAAI/AAAAAAAAAAA/AMZuuckuO6IPVVYgS93GzKYzsDV4qdsK7Q/photo.jpg,This a very lovely made app. My daughter loves it and really falls asleep when done. Still searching for something similar but besides nighty night farmhouse i did not find anything comparable.,5,13,2.6,2017-10-12 14:15:30,,
gp:AOqpTOG1SaosC689RJ65nyxS_5SqFPkkEtEe63wLJhh6oNW-auE3kM_PWdUrFMomw9JpUuy4kpZaPDlU3y1Bdwg,Carina Correa,https://play-lh.googleusercontent.com/a-/AOh14GhgSTDWDuyBsHUF_cKl3xhhJ_A3fTRc2MhOXaXpHQ,"My kids, 5 and 3 years old, just LOVE this app. The drawings are perfect, the sounds soothing and the narrator's voice incredible. What else?",5,3,2.6,2017-09-18 10:41:05,,
gp:AOqpTOFjFBSNdT6A2nbq9i0iIIoJv6OPsR83pLXawKwnrX976QbVAGDVlfL0ij--O9Op5eMIzgLRN86jmx61Gs0,Rikki Lanphear,https://play-lh.googleusercontent.com/a-/AOh14GjiR4JNKGEPTHRhcjY6mZ22E0Sn2SBRXg7WnLo6AA,"Usually a big fan of these apps, but it won't reload my extra animal purchases on my tablet.",5,4,2.6,2017-09-02 01:44:03,,
gp:AOqpTOFRPuyqu8ETNaabBtcZ2inVt3H63QRP5ScP2Dq6yvYQR5FPzyo6x4jYypBK5s5OiE-I5mPLNpONna9UXWc,Alice Dim,https://play-lh.googleusercontent.com/-UJd4WG6ptUc/AAAAAAAAAAI/AAAAAAAAAAA/AMZuucl82vpoDL75gp01upM8_E_xq58SdQ/photo.jpg,Beautiful!,5,2,2.6,2017-08-26 11:48:07,,
gp:AOqpTOEnEhow-a_nbuqGd1nnbe_Dk-Mq-_aTN-2ouH6cfvYvqWusEKkQaHnrauICPn5xtpPaPNJ9WdvYgZxLbpg,Julian Holmes,https://play-lh.googleusercontent.com/a-/AOh14GgiF5T0juAp-Mf2-lBU0T1vaa4WfDZ7UprmXnm8ww,Woohoo,5,1,2.6,2017-08-09 15:33:25,,
gp:AOqpTOHqnHfFMaoVlCBXtvUc_WmCwWraCoyGQZK1CtTk9BVK_YsrWiDps9IKa18Xs2kBIOneD67vjwzhUkDeyWY,Marcos Tejeda,https://play-lh.googleusercontent.com/a-/AOh14GhdsP6wwlj82-qGI1PqgJxeFeiucqzs76CEA4hSQQ,Good app for kids. My son love it! Multiple languages!,4,5,2.6,2017-07-30 19:27:14,,
gp:AOqpTOFGnlRIMrgcvFKXWM-iwqwc8CW8fuLvAyIF44Y5FieJ-UU8HO5c9EPf0miZRH3BYIhmdO1yFb_LzOD0Fuk,Raymond Bird,https://play-lh.googleusercontent.com/-C_eRuQIUFHk/AAAAAAAAAAI/AAAAAAAAAAA/AMZuucnOHiLNKS-lvke8KJFhJ2r83pRLHg/photo.jpg,"After promising an immediate fix, the new update *still* can't reload animal purchases. Extremely shoddy.",1,28,2.6,2017-03-26 12:23:07,"Hi Raymond, we will look into this and fix the bug with an update next week. Thanks for reporting the issue!",2017-03-03 04:47:03
gp:AOqpTOFP0hRLaJIFfhGjKjbJsYNdxFROXlS5KNCkwP16_jzEccG5aPxyrp2PB4ySN2endQb9o98gBSRO3N7g8ws,Janette Kreinberg,https://play-lh.googleusercontent.com/a-/AOh14Ggn0MLBBQJmrVK-qU0bNJh6qok0HKDn5u7h7lc,"Thank you to the Fox & Sheep team for responding to my email and correcting the glitch on my Samsung S7. My toddler loves this app, and it has been a part of his nighttime routine just about his whole life.",5,7,2.6,2017-03-06 12:06:57,The bug should now be fixed with the latest update!,2017-03-03 04:47:29
gp:AOqpTOGUlQBqwlMLHUUFtNEkRLuVfqnsREG8fJcqf5GnCwYPnI2T9FHOXiBEPjKt7nz3xPtbu2hzdhGL98KT1U0,Markus Stark,https://play-lh.googleusercontent.com/-urxnpX5UKPQ/AAAAAAAAAAI/AAAAAAAAAAA/AMZuucnSaDvYEDQVqroQQ5UxS9HajkaOmA/photo.jpg,The bug is finally fixed!!! 5 stars from us.,5,3,2.6,2017-03-03 00:36:34,,
gp:AOqpTOFK6iLB-fN8AS_mTk549vNeqsMBgfqOzXq05mqbWGttS3TaGS4BzhR4jRwjn2p9qKd2HdL6W8S43rEEMxw,Colin Lammie,https://play-lh.googleusercontent.com/a-/AOh14GhTQ4-H37nHvwD6ecrARmbQzOSxWbXInr8kFYLXCEs,Is there a trick to restoring purchases? It's worked in the past on my Nexus 7 with Cyanogenmod 11 but the game won't restore the extra animals on my OnePlus One running CyanogenOS 13.,5,1,2.1,2017-02-20 17:12:14,It should work now!,2017-03-03 04:47:45
gp:AOqpTOGaMyaEeHeie_J3C9p6IL6rLnIMsqa6nuBF0keRQ_f6MTj_vzqfttw-XP2LC2Kdr5-WBvts0L8JrRcLwR8,Kevin Lynch,https://play-lh.googleusercontent.com/-1y1dZlGrbns/AAAAAAAAAAI/AAAAAAAAAAA/AMZuuclmtOVpIT6QtD2pn6qLXoKC3Lvwew/photo.jpg,My two year olds love this,5,1,2.1,2017-01-30 20:10:21,,
gp:AOqpTOFO_HFPlQ0-pc9b-A7QGLt814Bfpiq1VFZTmVZO9RGFkZoV1AP_9HTOwgCdB2nhImzgbsG-aDl1WVr44IA,Dawn,https://play-lh.googleusercontent.com/-vJONpiBMoyE/AAAAAAAAAAI/AAAAAAAAAAA/AMZuucn7DV_Jo7sYIgDw03oUQV0m4KCe7Q/photo.jpg,Love the original and this one when it works. However it seems that everytime we say good night to the seal the app crashes. We can hear the seal but the screen goes black. Very frustrating.,2,2,2.1,2017-01-03 12:44:00,"We released a new update, the app should work fine now!",2017-03-03 04:50:49
gp:AOqpTOHBOyx9ujgWuHFx_3bNbTckLt6ItXbnvC_KbfOI1_B6TZgX1fe6rMeLE-yM7B6AS3o6IGenU2qPVFeIllA,John Paul Mensah,https://play-lh.googleusercontent.com/a-/AOh14Ggx90Vmy9zMivUKxfNC7PajGjkrHP8dTaDhDVDiZA,I paid for the extra animals and it wants me to pay again. Reload purchases does not work. Please fix. Other than that great app.,3,1,2.1,2016-12-15 11:18:57,,
gp:AOqpTOHqZFpj56XLkR_Mm5bfloZbb2oD_ofqzmeMKYASnMOoqyasaUdjJ47u7nZgtcFvI3w4a3Wextjmxl_fyh0,Ken Martinez,https://play-lh.googleusercontent.com/a-/AOh14GinApnt28gy7IoQaxDUXyYylTysenNx-TMqRm_Gew,"Like many other users, if the back arrow is pressed twice it goes to a black screen. Love your apps but only this one seems to have the glitch. Please fix!",2,3,2.1,2016-11-30 17:01:31,,
gp:AOqpTOEViNDJxv17gXiRY_NWpRj7KdWfaRiagHkO15fc6eEJj68Xy9qehRgEyI2czuNxL0bTABFe0T0o3TBGuKA,Samantha Noble,https://play-lh.googleusercontent.com/a-/AOh14Gh9RTIRF85AGNaJwJk8D9uLiiWwfR-7ED90I3hr,"My daughter was so excited to play this, but when she clicks the houses the screen goes black and nothing happens.",1,2,2.1,2016-11-22 03:35:28,,
gp:AOqpTOFhwwEQo8sE_EIT-JIPq0MGMAe7p6rXYrFN2zBQuRT80FUGAw5qiNANcjGVCOkNNN2bl2Hd3b0hrUNNk5c,Chris Best,https://play-lh.googleusercontent.com/a-/AOh14GhLU3IaL9-HBW3Rg9FXPlmDs_c_A-Llcsdrlq4,My son really likes the first  circus game and storey however it keeps crashing. Moto G2 Andriod 6. Please fix. Cheers,3,1,2.1,2016-11-04 11:12:28,,
gp:AOqpTOEbjLSTE1YxKgpHLa3Z7uL-brS0gY-JXRDzwHkGFSxrrRc5anDHDmcS5mIRpBwxHDMBKYmumwlHyEvuVw0,Josh Nunn,https://play-lh.googleusercontent.com/a-/AOh14GilUbm0pcvScX4cTRXuSmWZSwOFOLwPMq51eY2aMg,"My son loves it. :) One small bug. If we accidentally hit the back arrow twice from each critter, we will get a black screen, and have to restart the app.",4,3,2.1,2016-09-03 16:57:27,,
gp:AOqpTOEAA1ELLDC39XOkdRg8g4f0_t_cgCntXdxxpTho6S86oQ6sUiWTEZBsvzsl0YIIxpn2MUGSXJnxPZPAXpA,Sheng Who,https://play-lh.googleusercontent.com/a-/AOh14Ghbp9fnezdyv0H-3LenSaCGmPRRGv3asX-etPi3Rg,This app was great but its stuck in an update loop now. I purchased the extra animals and had great fun with my toddler everyday but now its stuck and if I uninstall I'll lose the extra animals.. pls offer another solution or an update through the playstore because the software is bugged now.. Remember this ¡¡¡ DONT FIX WHATS NOT BROKEN..,4,1,2.1,2016-08-31 18:13:23,,
gp:AOqpTOGleiMKfDmUUkuEZN7tsmeTGtXUAwjKNp6webYM-o0KBec1E6Z4rqqnosQ-pRl81xwmyvGd8WVSAS-yiik,JoInCrete77,https://play-lh.googleusercontent.com/a-/AOh14GhTtG2nt1UJM1ppe5vRxlh7xrHUBAEhCyZ1gIWyow,I just purchased this app. And i cannot even get passed the introduction. It stops and jumps after several attempts i decided to write this review. My daughter loves this app. And i am annoyed that it will not play on our tablet.,1,13,2.1,2016-08-23 07:28:09,,
gp:AOqpTOHSzDD4Wqh-hei0CZDy9SsoDLE5y-GLAMNyH6yqDsBnpy8Uo5J73mokdd0lFJPG-qo9ItQboZV5J-rh0Xk,aaron tech,https://play-lh.googleusercontent.com/-1XfDKMUCE8k/AAAAAAAAAAI/AAAAAAAAAAA/AMZuucnd1DBgzf2FClrFzs4D-5FYACqcAw/photo.jpg,My twin 3 year old girls love this app.,5,1,2.1,2016-07-25 05:12:24,,
gp:AOqpTOEczlX1bcm75CG52BZTA6oSRAPiQhcNaZg-afcXdm8CBNe0PaCd_EyRI77gMQGpTKmuQWgSoYiEfX32R4w,Natassha Deepest Love,https://play-lh.googleusercontent.com/a-/AOh14Giyq9OU980dYxPqE-zsWwhwdEtLKgo8qv_yDuRLKw,My little  one's Love this one! They were cracking up hard,5,1,2.1,2016-07-18 15:17:14,,
gp:AOqpTOFT8bZImxv3hckDk7A83WwsYad7aNzTtXWDMJ3nlmD9raDODNbvTPe8AdK2k2drcEjtr3rD9gIxp1Alg8g,Alex Main,https://play-lh.googleusercontent.com/-k0JJSU-Pqkg/AAAAAAAAAAI/AAAAAAAAAAA/AMZuucnaZKcY1wrB4GMYsl3qH7bZvM4kCA/photo.jpg,"Wasn't be able to reload purchased animals after firmware upgrade. The only option developer provided is an iTunes credit for their games. Sent them to hell and purchased for the second time. Now I updated my tablet once again with the same outcome. Disgusted. And I own almost everything from them, big fan.",2,48,2.1,2016-04-29 04:25:08,,
gp:AOqpTOFM8jNwiOtzXulKWxpsBaBkcW18qDZhXIO6AngtMQpYqzXGogOIBncC4oiyO6IU8XwNzbZgmetOVFgB-kM,Nina Fossard,https://play-lh.googleusercontent.com/a-/AOh14Ghgd-K2u0xD91v9VDCXX4ezzFV1ZL_WtkgIHNxI,"This is a fabulous app. However, I can only get a black screen now. Help!",5,0,2.1,2016-04-06 02:16:52,,
gp:AOqpTOGVDq7e1IAR-7vrQ4yBdi6JpPKvqulW9mBqk-YIbyaVac39e6xKjStNebq5_kb2KCKtaQnB7alEjUg8qZk,Derek Walter,https://play-lh.googleusercontent.com/-9aImmU0syQY/AAAAAAAAAAI/AAAAAAACR9w/AMZuuckHAEvJ5Hjg7Y5YdgDFBNbHYHV4og/photo.jpg,"Love this app, and it's enjoyed even more by a certain two year old. However it keeps turning to a black screen and requires a restart. A fix would be most appreciated.",3,3,2.1,2016-04-05 19:31:24,,
gp:AOqpTOFt8_Q5JQ5vv-YKs4Z68UhnSAAJQqsXaCRMSXCXs7-ScSmQMCpsaWC48MAPXiCojAZ6yzRbi8jxNo3bpqc,Angie Daley,https://play-lh.googleusercontent.com/a-/AOh14Gj67WOWm2lNB8Fc0JKXtqAQWcH_r-bqCw-JrSW4,I have brought this app use to be great now if my daughter taps it more than one it goes back like it's about to go to other screen but doesn't you can still hear all going on thought it was just my tablet so download to my phone and it still does it. Not happy when I have paid for it. The other is great,3,41,2.1,2016-04-01 15:56:01,,
gp:AOqpTOHRSgWV1mM-LcO5ElTlGidv0pLRWDltMuIPXUEWb13kRJ9CNnR4dMeBAmSsGXgE0eL8j0kZv1BXW3P1ciU,Marsha Papanicolas,https://play-lh.googleusercontent.com/a-/AOh14Gi44H4soSiw_RZzFqhUMxNULtjbUbxqaZoETj9N3YQ,My kids love this app. I enjoy it too. Very cute.,5,2,2.1,2016-03-28 21:46:38,,
gp:AOqpTOFjZsh_2eEOonmO-hskmvzZAZF4lZBtmiaiTY0_lVl77e9e7iQwvdmADjo1YcWKkTPRRGiIKbCJASOwmEU,Alastair Bain,https://play-lh.googleusercontent.com/a-/AOh14Gif0uXETrr7KFAsx4nufrQ55qFrDrJ_lgJQG70W_9Y,Hangs constantly on Nexus 7,2,3,,2016-03-21 17:02:26,,
gp:AOqpTOGwX6T1Gk87PGHAYEyXkzsRxP1JdZXXh0h46RednrqRXS-QJkYijFTesA2R9p_1NBRD4cfrTLsE3ezb6p4,afattori316,https://play-lh.googleusercontent.com/a-/AOh14GjGJDs_HJLBWu2LX61wm7WHMBy-RPVLiY3J0kmnkaA,"It is a bedtime app for kids. My daughter who struggles with ADHD finds it very soothing. We love it, and made it part of our night.",4,8,2.1,2016-03-14 23:05:20,,
gp:AOqpTOERNPuWen1xW1-1oeoUfvgRik_XFpcqyE6xk7RRNgdryNrTLSRJzYWlSIVZ3Xv6IcrSJKzoeEM0upDwwNM,Holly Mommabear,https://play-lh.googleusercontent.com/a-/AOh14GjFgiY91PU7SlYy-vVyaVg4WsmRtHGK0fjxOqGXHg,"This one gets the little ones wound up, whereas the original one wins them down. Still cute, but too similar to need them both.",4,3,,2016-02-06 20:39:52,,
gp:AOqpTOHhkFF0Wo3VV5i1uWFJ4RBpFxJgn-ewaVkhgKUzLMXSEJ7WD4fsJLHXwPpvtpgBRrRhdBRwKyhlIuvlAL0,Jamie Hughlett,https://play-lh.googleusercontent.com/a-/AOh14GjHkdRIC6w3oIi15rkOE44d7gGw01ZoITXi_Xs6Rw,"my 2year old & I both luv & enjoy this app. We have the other nighty night app as well which we also luv but he & I both enjoy this 1 more the animals are much more entertaining & fun having more things to do or interact w/in the rooms would be nice but even so we still love it i just wish there  were multiple animal packs you could buy, the only complaint i do have is just the placement of some of the light switches are to close to the back button so instead of hitting the lightswitch hell hit back buton",5,25,2.1,2016-02-04 12:45:25,,
gp:AOqpTOEWTJAMpDIVWZqGgOsFlcEucKEI6cJktBaqWuVUNjR37LlwDcCQrJsy2Te2c6_4WzeAJTmtWGlws7yd3KA,Linda Torres,https://play-lh.googleusercontent.com/-UkkMjS-VbZo/AAAAAAAAAAI/AAAAAAAAAAA/AMZuucnPKe4vkTswePHXeFAyQv3F_91G0w/photo.jpg,Very sweet and visually pleasing.,5,0,2.1,2016-01-30 19:15:07,,
gp:AOqpTOHVuhqB9e15NbBp1rlbwOavFyWH1mkbagoWbdKIKxowgxY4xz3qiFc_vo3fkzGfW0lOSBxm_WVNCiAUvXk,Jill E. Bean,https://play-lh.googleusercontent.com/-FsR0JHmXjWQ/AAAAAAAAAAI/AAAAAAAAAAA/AMZuuckTjTwD-c3BV6x_SFpcbedf4bngDg/photo.jpg,My 13 mo old loves this one more than the other Nighty Night app. He laughs & smiles at the silly circus animals. I think this one is better than the other app as well.,5,13,2.1,2016-01-24 10:32:44,,
gp:AOqpTOHtV-N1mLz_8mPEebGC2-oA2PDeWxE1s57yWOqfrT2ZEIZqv5KER_pATTYLwqiE9rdanYKbjXGs4nmSe9s,Jennifer Garcia,https://play-lh.googleusercontent.com/a-/AOh14GhmGxDYdimsFYpqDpgwt4O8C0JNa19e_Ym4xu9qzA,"As much fun as nighty, night...added to our bedtime routine",5,2,2.1,2016-01-23 03:14:53,,
gp:AOqpTOGvvk_PQmGcqV7JAY2qrojcQK4BZx1A3jkNtiT9E-htcZEuUa51IkhTWa2Lkraujm985ma3NPJRerfgDzk,KYMM WILSON,https://play-lh.googleusercontent.com/a-/AOh14GjzdNIYQrh9f_nazY7e_hDxUplEi87SHvEz6JDakw,Paid for additional animals and never recvd them,3,2,2.1,2015-12-21 17:04:36,,
gp:AOqpTOGESQ5IYnKV1rLAytcNLMyJ5av_nNK26KCvyD6ffHIEGC4YN17xCQoi6HJqfnGdPOOlKczBF9e1vUP5jKg,Bode Adelabu,https://play-lh.googleusercontent.com/-j2BOiWulV8E/AAAAAAAAAAI/AAAAAAAAAAA/AMZuucnh6V9cORqF222w8vCcMEWhMlATAQ/photo.jpg,Works all the time and my 3yr old loves it,5,1,2.1,2015-12-20 09:29:05,,
gp:AOqpTOEbJbRfyMpCAmCUO0e5kT2d3TbYgmTF-G_l0lUORJ_UZNB0mi21Tb9fULm53dHazP_9NrFJlvBE2djoiks,David Brewster,https://play-lh.googleusercontent.com/a-/AOh14GhgMzSv0JX04AJ5BXV5ytpHjl1c1PxjYF7oct2KMB8,Lovely little game for toddlers but time after time when you press the arrow to return to the circus the screen goes black. This is a real frustration for parents and toddlers and as a result I've had to get a refund and uninstall the app.,2,0,,2015-12-05 01:06:26,,
gp:AOqpTOH1qHTAgV_ILyanyYESpQNs0OkBMHYuRJtK95oYJ1CQSWWUutU1JvSo0zX5n_e19Fs03qrsQaWgEuQ0gxo,A Lorraine,https://play-lh.googleusercontent.com/-TEUKlVTIbu8/AAAAAAAAAAI/AAAAAAAAAAA/AMZuucldvKH13ly4hpdTrSkw10rTI77hyg/photo.jpg,"Love this app! Paid for all the extras too. Unfortunately, first day I had it, it blacked out every time we played and did it every time my kids tried to push the arrow back out of the animal rooms.  After some experiments, looks like the back arrow can only be pushed once and all runs smooth.  Try telling your 2 year old to only push once. :) ha!",4,7,2.1,2015-11-18 14:37:36,,
gp:AOqpTOGwiMbIaCZpmbkxat9Kl2WW2XW1Ot8NSE78HTc1-FZsEj_nJZSm7C2z1myjjCa441hm2Hmgac8EUy1XTl8,Henry Erik Estrada,https://play-lh.googleusercontent.com/a-/AOh14GikQMzno1izIt2Nv5SjNVAPs1XKCqee_SmFah-zuw,"Bought the app and my son really love it. Bought the in app purchase for New Animals Set (3 New Animals) but fail to reload purchases after switching my son phone. Android really need to fix this kind of bug,I never experience failed in app purchase reload on iOS",1,6,2.1,2015-11-03 22:12:40,,
gp:AOqpTOFWbMObEYtzAcjs86Cb1yFMLYsMmtcG0coYAxPdOtXzzt1tdbZh4Szb7TAjw-ZPlYHM-N-cUUi8yu9fhPo,A Google user,https://play-lh.googleusercontent.com/EGemoI2NTXmTsBVtJqk8jxF9rh8ApRWfsIMQSt2uE4OcpQqbFu7f7NbTK05lx80nuSijCz7sc3a277R67g,In both devices when I click on the back arrow after putting an animal to sleep the screen gets permanently blanked out. Only way out is to force close the app.,1,6,2.1,2015-10-30 19:38:37,,
gp:AOqpTOEgnasO_eIA-Vo13YOtxJi0w05qPn2BepuU1GY1EwQfdYM6ebO5xYY5Nh3q-DDx0YOgLzSJ_iTfRqqlxM4,Ел Ена,https://play-lh.googleusercontent.com/a-/AOh14Gj_ZCa2OL2mo8YnD3ysHM9_P0B5lpyABLkGEVAS4T0,"Just perfekt for my 1,5 years daughter,",5,1,2.1,2015-10-03 23:01:00,,
gp:AOqpTOFpYgr5o79j9sGq1HNbzz1MPWC2IhghZw621GqU26IUg1VltM5qeqBEpiNvJ5UsyZhkNFWytbQlI-Eknuw,badai krisantoro saputra,https://play-lh.googleusercontent.com/a-/AOh14GhFISZuN15aa4i0o934WhIbA2BwNRrTWEFdVsxaKg,My daughter love ot so much,5,1,2.1,2015-09-15 20:47:47,,
gp:AOqpTOERkvbKRUim5iwnniLYu_MGVjS4wNLjfHFK24ELLjmExXmsW2XYTomRUchwEHROKITi11YzLjYuMgwdZuc,Atahuay Mayorca,https://play-lh.googleusercontent.com/a-/AOh14Gg6ns7g_IY81X08ODLtDdjYXZnWNBUnxPqHVS0hWw,"My son loves it, best way to make him go to bed jajaj",5,6,2.1,2015-09-10 10:03:41,,
gp:AOqpTOGuTBVN0wOuGvI3azdGSZjFiZxun0SfNGbiB542171H2ndC9BOKvlGt_wAhR9aCZuxLsG1b1iJ05FPCq-U,Saud S,https://play-lh.googleusercontent.com/-Y1lE4VUdnGc/AAAAAAAAAAI/AAAAAAAAALk/AMZuuclYmP-G29yzwalo_ohy_t0dxkwdIw/photo.jpg,"Only if you could add a female voice, the English US male voice is a little scary :)",5,1,2.1,2015-07-24 16:51:54,,
gp:AOqpTOGpfT3G-JWOtvDJG6Qn4e_bPzm-Z4CnbYv1tf_pIowBEVEB730P7RhkGbNZfgCXWtaG6lPmamGKbIw9nro,Ivana de Mol,https://play-lh.googleusercontent.com/a-/AOh14GiorOcV7n93Lszeeo57Aq0TlscwO-FL2UcgkQ8tBEM,I haven't  seen an app as beautiful  and perfect  as this one! Absolutely  amazing!,5,5,2.1,2015-07-20 11:36:30,,
gp:AOqpTOEwZX4PazTnwWcSD7c5wAig-63ZzVl4jNbOE1zls5b0Y-gxRXDnLs3S0JlGeSDi-YzQEVIyHYIGhEni3kg,Matt p,https://play-lh.googleusercontent.com/-dhqwQ3jpfP0/AAAAAAAAAAI/AAAAAAAAAAA/AMZuucm69rs6ea9r_Bc0adJ8Uwzqi6mcRA/photo.jpg,My daughter has loved nighty nighty since she was 3 months old. Now we have a new one. Thank you for your work. Jasmine is 2.5 now,5,2,2.0,2015-06-02 05:22:29,,
gp:AOqpTOGuGCS4_xos271WPSWut33d2-9KgSm9XLAJAOAZK4hNEz8rlywRuJ1gQPGCyc7nm2FWaIeOIHoSURp9l7c,Faith A Bianchi,https://play-lh.googleusercontent.com/a-/AOh14GiOnM2TQTzFvhTbHDEMH-T-xgc912pRvLXLNVmA90E,"My son loves the original Nighty Night app and I was thrilled to see a new one. I was so disappointed when I went to download it on my Android tablet and discovered it was not supported on that device. On my HTC One m8, I don't like that every touch starts a new action, instead of letting an action play out before responding to another touch.",4,4,2.0,2015-05-23 21:33:42,,
