reviewId,userName,userImage,content,score,thumbsUpCount,reviewCreatedVersion,at,replyContent,repliedAt
gp:AOqpTOG7g6ySwI3H08AbgZVRiha4ksI6WDzVZt8WC6WLjbH7sirRGGiwqkhZeT-rwU1UewmTa51ge8AXth41sA,Jason Williams,https://play-lh.googleusercontent.com/a-/AOh14GgIUCsGpPpk6qBVwRc1Or9JxniRDZMqpmbCywk6,"Works great and happy with the purchase, only problem is the gray uniformity in dark mode, it isnt solid and making it seems like light bleed which can't be the screen but software, also I've noticed it's giving gray bars with netflix. Plz fix.",4,0,2.0,2021-02-06 21:24:11,,
gp:AOqpTOFzxhgY0BFw4z8juzqxCeQJ9J7Dy7N8D6kjVlUmvbtL-s17GEOk4c54nsaVViFJ1dIrJmf-WsQGHKzGZQ,Oussama Chbarek,https://play-lh.googleusercontent.com/a-/AOh14Gg5oC_X5Um0NUJkJT9A0U4O9m0ngs5O9ABvCK2v_A,Please remove the plus from the status bar.,1,0,2.0,2021-01-27 09:15:15,,
gp:AOqpTOGy1qRlKgaRSOHvH9KHACFmHAMwOWUuSmFBnP_zSDBWgpcDXF_K2fNYnT7IJwXjuTr2nk7wEbUUAvtIOQ,Linux Quest,https://play-lh.googleusercontent.com/a-/AOh14GiftSAuJ3wWakcmtjb1sci0Fiw_pBP5byvflNP-JfU,"Well done, all the icons match OneUi",5,1,2.0,2021-01-01 14:15:18,,
gp:AOqpTOHnG7rIk8sgl5IIJ15S_pL9KQVac3dKq4zzBdX4W3gqwbQVKggspx1tBr4beWgqSB40NkQKxJA2dbDkWg,Sanket Billade,https://play-lh.googleusercontent.com/a-/AOh14Gj0oq2lfnmA6Q_wFkpSw9z6K3tR5vu5fFsysVV8GA,"Everything about this theme is soo good, loved the lockscreen and homescreen wallpapers",5,2,2.0,2020-10-31 02:40:37,,
gp:AOqpTOFbeWlFHFeCu_oqsNIobw7rQFU5FwnIzaIH_vUQXc7wdNFbuFQ9u6UR6MRCY6oZMRuUy_PvFz3H69SSxQ,Tushar Mittal,https://play-lh.googleusercontent.com/a-/AOh14GjlSeaSfPgfsdN4YVIQ1R-6bntDW8aiuLtgKRAecg,"The call disconnect, reject and end button are all green instead of red. Call accept buttons are also green. This creates so much confusion. I requested refund from developer but no reply from them.",3,7,1.7,2020-10-02 09:01:47,,
gp:AOqpTOHs8SwWmpRWYvzTR7E6rIjGklNSvB-k5b3SBc7Aa4Y2AsRj480IaQS03uu-RSEC5wg44WiCTgp0z0gIrA,manoj sharma,https://play-lh.googleusercontent.com/-Aie1dmZuGB0/AAAAAAAAAAI/AAAAAAAAkN4/AMZuucmVm0egYrblk0GcCyeaNQU874xe6A/photo.jpg,Overall it's good but if you can improve notification tray with bigger font and have clear view especially in dark mode then it would be amazing to use,4,3,1.7,2020-09-24 06:47:13,,
gp:AOqpTOF8uwgAFsvlbPrxj4qlZf9cn-uYiemKsvs4oX0SJcRUpVAdfR0TEI2enxpinWlGUKqGXaoSXxCgISGlqQ,Terren Perez,https://play-lh.googleusercontent.com/-tdLJhbbFGNw/AAAAAAAAAAI/AAAAAAAAAk4/AMZuucmSbFYq35zDrZo2jzi3kTqBEeCHCw/photo.jpg,Love it keep up the good work.,5,0,1.7,2020-09-14 21:03:51,,
gp:AOqpTOFrXsh8MHFuXDeUcDlColDsoxgTpaztaUw7Myj51HCYQKHGy1xa99YdP4MojG1e8w1MUJC3LSvMvpeBig,MAD MANN,https://play-lh.googleusercontent.com/a-/AOh14GicLPBbIO8-23wvX7Bv7LsShkgTWbIYgsmoKbYujw,Lools pretty good except that the signal bar icons are not samsung.,3,2,1.2,2020-03-04 17:40:03,,
