reviewId,userName,userImage,content,score,thumbsUpCount,reviewCreatedVersion,at,replyContent,repliedAt
gp:AOqpTOFSu6BZqSXYnpgk0cvR7lHzd7LllcMHpUrQvkErS9HWcm-HQNbaULCeOmGxCt_vE4PsBOE5L6v5k55V-bU,Nadine Orlando,https://play-lh.googleusercontent.com/-kVadpXvH5vY/AAAAAAAAAAI/AAAAAAAAAAA/AMZuuckTMKCbcb_Yw9ccI0fdQOdEYev8UQ/photo.jpg,"Great app, but in trying to download to my tablet it is requesting that I pay for it again! They are both on the same Google account.",4,2,2.0.10,2020-07-30 21:19:51,,
gp:AOqpTOErSOmqbXB47bK-ORUKLDyAhR5UHrCnveb1rHV0nCws36hJNze8H8Mk4IkriwGJxraaSnO6TZSVt145MVY,Alissa Davis,https://play-lh.googleusercontent.com/-3RHgOmiRxIg/AAAAAAAAAAI/AAAAAAAAAAA/AMZuucmispbc0tIfqhb6YnHSqJFhq6ZIJA/photo.jpg,"Works well on my phone, however it has a lot of issues on my chromebook which is what we typically use to practice between weekly speech sessions. The app is laid out well for my 6 year old. However he does need help with it. This isn't and independant app for children to use. They will need help to use the app as I believe intended.",3,2,2.0.10,2019-05-28 15:24:42,,
gp:AOqpTOF-eknwbDMIP9cfl-CvrdlOmYy9u_wfqf-HggTIPvktNntfriMoyWFQbQQ81wR7PIIx5hjr62Ux6s5pP0k,A Google user,https://play-lh.googleusercontent.com/EGemoI2NTXmTsBVtJqk8jxF9rh8ApRWfsIMQSt2uE4OcpQqbFu7f7NbTK05lx80nuSijCz7sc3a277R67g,Did not work. Could not make selections and did not have sound.,1,0,,2019-04-18 15:31:30,"We are sorry to know that you are having some problems with the app. It seems that you are having some problems with setting up required permissions for the app. Can you please email us at support@articulationessentials.com
Our technical team will assist you to make sure that you get the app working properly on your device.

Thanks.",2019-04-26 09:05:26
gp:AOqpTOE11yCHuBq5S9gGWCnaMZTyOTyui3VJVxitIvBBgETrnK4h0hRjHEUC8WqSu38n9S95ZS3JrHXdLrHnsL4,Ching Wu,https://play-lh.googleusercontent.com/a-/AOh14GjOBr1DME9xtPwyiI0DluiEh-6zyUwMd3Cdn6SlNVc,"my son is 4 years old, it's always been a struggle for him to read the speech therapy handouts. it's very stressful on me. However, he loves the pictures and the matching game from this app. it's so much easier to make him read/practice everday",5,0,2.0.10,2019-03-07 19:41:48,,
gp:AOqpTOFt_rYGbnzqotBurIaLXD-LLNXoshObw5H-FjRSKDswNQscWl31Iv58EUMxuwwVMrNmNxlbaOCCdhX0vlE,Staci Hall,https://play-lh.googleusercontent.com/-bQiqVgF0m6c/AAAAAAAAAAI/AAAAAAAAAAA/AMZuucn51vlRIHHefpOZfqY9SksMUaqqYA/photo.jpg,I haven't gotten this app to work at all. When i click on a flashcard it just starts reciting every word in it's bank. Worthless right now.,1,0,2.0.10,2019-01-10 20:19:10,"We are sorry to know that you are having some problems with the app. Can you please email us at support@articulationessentials.com
Our technical team will assist you to make sure that you get the app working properly on your device.

Thanks.",2019-01-12 08:27:48
gp:AOqpTOEIIn9MCahfSn3bNcVdVqHY6418E5wqEe_FzfwIJtc18fzBs7X5i6CdlLwKxg9rmU3kSTo8Rp69Iagh7WQ,Abdul Karim,https://play-lh.googleusercontent.com/-oEwkgotpgyw/AAAAAAAAAAI/AAAAAAAAAAA/AMZuuck64AUSwIdHrYqfuDxNgMP9LYGQeQ/photo.jpg,"Thank you so much for creating this app! Well worth the money and space to download! I love the activities, graphics, and overall layout of the app. It’s super easy to use. In short a perfect app.",5,0,2.0.3,2018-09-18 23:00:27,,
gp:AOqpTOHRm3diyFur6VWP68LbwofXcnSnnNqTiHW6yA-7GdOY9Ks89j8RxEuqDAPbxHtN2m0Su2UzlEt0InNtHus,Asad Khan,https://play-lh.googleusercontent.com/-v5aiBYuCz3E/AAAAAAAAAAI/AAAAAAAAAAA/AMZuucn4kFzxeKpaYf5kRXI5XOWGnPZowQ/photo.jpg,"This app is just what we were looking for. My Son fell in love with the app immediately! He can record his pronunciation of the sounds, words and phrases and play it back, that's my favorite feature.",5,2,2.0.3,2018-09-18 22:58:54,,
gp:AOqpTOGMMUIBe-_2yTX5tBX8GjDTNdv-SBGBiT3fmhN6sZB8iMjVRIZadi0coRFkJTXM4qK2vt7d89M21mT2tK0,m campbell,https://play-lh.googleusercontent.com/-kqKUnBAkEwo/AAAAAAAAAAI/AAAAAAAAAAA/AMZuucmj72HtJpA5HzaRpEkgu5A_6waSog/photo.jpg,This app has really helped my child with her pronunciation.,5,3,2.0.3,2018-08-01 05:04:09,,
