reviewId,userName,userImage,content,score,thumbsUpCount,reviewCreatedVersion,at,replyContent,repliedAt
gp:AOqpTOH3e_3PYi2VjMQCvJt-nFrgHg8wtIk02IuIkxezwPezn_x7bL91QL-G9G4cQzlUE4nFYUwF-IsgMioY0As,Edward II,https://play-lh.googleusercontent.com/a-/AOh14Gg0C5QwICD7aiHcdwGa81gKzqJFb4ogFEzngTT-ig,"This does everything the free version does except it has no ads and you can 
change the color of the screen. Otherwise there is no difference.",3,10,1.90,2018-06-22 21:28:59,,
gp:AOqpTOE5HyAnkwTicaH7fuUZlWPeTsZVqIyDY-tUV7EHWI1jQ0EkrnMhGZGvFOV-UhMvGXR61gNR9RwuE5iYwtY,Frank Gadelha,https://play-lh.googleusercontent.com/a-/AOh14Giv_nFpkbMz_NMm3eAeUYF8EnxMK42PpSr1GIhu8mc,"Simple, fast and easy to use",5,8,1.90,2018-04-09 02:22:11,,
gp:AOqpTOGrdci0o0c8pG7DqyXE1Rt5UenneviePnGZofGWrv63zvWQrwpz8OdM4IQlD8K4zklVS_ZpX_dbpDl-yqE,IM Stricken,https://play-lh.googleusercontent.com/a-/AOh14Gi_8e1l4ikvKxAK1qBANaKQBfTqveswMVaDDlWmJg,Works great Thanks,5,4,1.90,2018-02-15 20:39:16,,
