reviewId,userName,userImage,content,score,thumbsUpCount,reviewCreatedVersion,at,replyContent,repliedAt
gp:AOqpTOGwka4IyMuTlJloN7JEkEw30fYZlC66Mhp4XA0Cr039Q_0xDbU-4ECK5JBIkMCcfROPS92Ee9fmiXCHYA,Anita Tally,https://play-lh.googleusercontent.com/a-/AOh14GgCHmMxQhvbqHojJkN_kwkc167RaLmhV8CRCaoHYMA,Disappointed! Why does it not keep track of my scores?,2,0,2.2,2021-01-08 13:30:34,,
gp:AOqpTOHylG8YRzkQGIib1snvbAJVRrLrRGlltW-rJNaNIRQrLQkbcJSK-9-LaO0S-l5Lmf8xjGxbokzm6ojm-g,David Rodgers,https://play-lh.googleusercontent.com/-g59mY51DcYg/AAAAAAAAAAI/AAAAAAAAAAA/AMZuucleOdB11rSiZ5n6DEqRjiieNaMdig/photo.jpg,Whoever invented this game is a genius,5,0,2.2,2019-12-28 12:35:37,,
gp:AOqpTOH5KTGDvoGQrcEMfnfma1Xu7fEyQx9ZZVRFHCrQVJwW5UErisbENq-oG6z84hDoU6DnSvzawQgkCO2ulA,Robert Fire,https://play-lh.googleusercontent.com/-psipLFOvq-M/AAAAAAAAAAI/AAAAAAAAAAA/AMZuucmFHImlLr2hPSdKXYZK8mSotD9oRA/photo.jpg,"No way to exit game without doing forced stop. Sent request for help, but did not receive a response back. Save your money and aggravation do not buy!",1,2,2.2,2019-12-05 09:10:38,,
gp:AOqpTOFhSSEmiapCJsGYGBUFbqBqCfAkCONbzeoLjBFhRTP3sW4Teji5WbGNnKGChFKjIwGlwl68z_1RzSDdzA,paulette c,https://play-lh.googleusercontent.com/-j5wnDVrONe4/AAAAAAAAAAI/AAAAAAAAAAA/AMZuucmutQi-itzM16TM_aUamI_pZ4UzTA/photo.jpg,Love this game!,5,0,2.2,2019-10-12 09:25:33,,
gp:AOqpTOHy_KLSIPo-mKHResCdpMQUwazeqdf8JKDqfKC9g0BLpOA1WCfKlbK3isZjyRPtvuBYqVDWDcfva2i7iA,Glenda Cunningham,https://play-lh.googleusercontent.com/-YOv2oM-wWo4/AAAAAAAAAAI/AAAAAAAAAAA/AMZuucmeI1ynqBgy8yVGFRQGzCIDtE9nOg/photo.jpg,"Not a bad game, but I liked it so much better when it kept scores properly. I used to be able to track my progress and beat my previous records, but in this version my scores and awards never change. Frustrating.",3,4,2.2,2019-05-18 23:05:07,,
gp:AOqpTOFMw8J9uumX_maFOaC-GSLL7fcdr7ZA9NudCPy7NobedaKKPiInYCHqVVcxR7uR23z65HgE4D_DUND0Bg,Gail Bailey,https://play-lh.googleusercontent.com/a-/AOh14GiXFjBesreqGlIh4HNek3SgiA8HSbIs2SCcR5dH,Awful since the update. Was my favorite game for years. Now it's close to unplayable. Not worth the time. Uninstalling from my phone.,1,0,2.2,2019-03-17 13:43:26,,
gp:AOqpTOGmgbjbAyXZzjijnXE5p5IRlWpr2ZJ3oCJXKOTq-ebug9HxHQkJMu8qFOJJ1xdThRcM4HCUhW_-SPQx5Q,Becky Martin,https://play-lh.googleusercontent.com/-tZR9rSgSmCs/AAAAAAAAAAI/AAAAAAAAAAA/AMZuucluSHuusy6KqnC9v5kXylIf0jliyw/photo.jpg,"I have played this for a few years, absolutely love it! But the past few days it exits the game in the middle of playing and goes to the scores, like you finished. Please fix",5,2,2.2,2019-01-14 20:32:49,,
gp:AOqpTOGv-f5oLfD4GVHxbaRlin3S5Po4qlQ-4Bx6vY5svWJeXOrZhVODTX2x8hd3dR7FB0gt2nJqgy2RBAOVew,Rajkumar Padmanabhan,https://play-lh.googleusercontent.com/a-/AOh14GhWnKR0U8Goun4WVblSRXY3PH7cHKIzCnytOHX_kg,"sadly the present version isn't user friendly at all... the navigation sucks, though the look and feel is similar to the earlier version",1,1,1.02,2018-12-26 05:21:39,,
gp:AOqpTOG3fY2CKkOztL4ZC68fjU2b0n1cRT8caU9TopLf2Uh0NAI95ZgDw67esHSGmGYpa_cnt614iU4WOIQmWQ,Joyce Nygaard,https://play-lh.googleusercontent.com/-m8C4MqMf4rY/AAAAAAAAAAI/AAAAAAAAAAA/AMZuucmCEvrmdmwFpRFl6lLUP6e7wVu_yw/photo.jpg,Used to be fun. Now constantly dumps game. Also dumps review. Terrible.,2,0,2.2,2018-12-26 00:16:06,,
gp:AOqpTOF_G1lvL1yc8tsJUxAPAb4erA8uQ0ZgcAyiR0D7_Gw9_v_p_vxdUSj8Duatxk4aA8dkxh9l25QViCHIEA,Linda Johnson,https://play-lh.googleusercontent.com/-6nYPg_2QGQA/AAAAAAAAAAI/AAAAAAAAAAA/AMZuuckZV_fAT1PonGjRVhUXPH3SP2tM9A/photo.jpg,If it's not broken you shouldn't fix it. The original version was wonderful,2,1,2.2,2018-10-21 06:48:02,,
gp:AOqpTOHeHS3__Q3ZJxfjA4sKqiuWlSSp9LDXP02GLQUucRrtoRf3uDPMfE6LIK6K71RzZjyKh9XJ52YiVeWWuA,Marj Heady,https://play-lh.googleusercontent.com/-rycUZ-krxb0/AAAAAAAAAAI/AAAAAAAAAAA/AMZuuckXsxGY2SjpwQo2esgjlLvLAo3UWw/photo.jpg,"I preferred the older version, the graphics on this version are to small and makes it hard to manipulate the letters.",4,1,2.2,2018-09-06 07:03:03,,
gp:AOqpTOHZnAxxWWVpuV7eZ6n3GIiCdOzAoFeSwARVp20Vf-Wus9y9g2CWogKgr0HjayUeK_ngtmo4M6rwfA8_zg,A Google user,https://play-lh.googleusercontent.com/EGemoI2NTXmTsBVtJqk8jxF9rh8ApRWfsIMQSt2uE4OcpQqbFu7f7NbTK05lx80nuSijCz7sc3a277R67g,"The new interface is far inferior to the old version. I used to play all 
the time. I no longer want to play because I have to work too hard to 
switch letters.",1,1,2.2,2018-06-30 11:13:50,,
gp:AOqpTOGxc5HQRpVwf02l9NigbV7Ckglp53vtwDCx1o75djf8DgdnuZl1WfL9W1DwJap5KEhTM52rloaT1y74Qg,John Livesey,https://play-lh.googleusercontent.com/-Zm9lc3qxcC0/AAAAAAAAAAI/AAAAAAAAAAA/AMZuuck_5Kh1O_Pu_B2CR27GjshWArnhRQ/photo.jpg,Can I have the old version back and where are my high scores,3,1,2.2,2018-06-26 04:44:24,,
gp:AOqpTOHFsW2oxl1BhEALk2aCu3cN8Rdxqqn2BHLYwvfn8eqRvwGLj8QmAE5tiRFk5dU1RbG03H83SDwiZLtMIA,pjscraps,https://play-lh.googleusercontent.com/-4XRBb0Ktu7E/AAAAAAAAAAI/AAAAAAAAAAA/AMZuucn4Rh0ecXvBVZRajwJufjlP5t8HgA/photo.jpg,"My biggest complaint with this latest version is the reduced (sanitized) 
word list. The innocuos word 'sex' isn't recognized. Nor are any words on 
the blue list. I find this offensive. Don't restrict my vocabulary. All 
words should be allowed while players may choose which to use.",3,3,2.2,2018-06-15 04:40:57,,
gp:AOqpTOGPJVApfWp2JRF2rchimZJsm-QNpaQX9gZWZ9EfIIYrHdvBVrHNtf_YGJ2ogO2hA74sN7dt747ifNP3Dw,Marcy Thomas,https://play-lh.googleusercontent.com/a-/AOh14Gi-5kKNgg2LY4GyDny09u-G0SNR2LQzzQ8NXUqziLA,"Great game, excellent brain challenge.",5,0,1.02,2017-02-26 20:29:08,,
gp:AOqpTOFx5WNpU18NTXJ3YJhbDT-BWs9mMVnFLc563q-UE2FzZvY3Gj-B8ESAArGwjVy1arQ-8guqVhGy3dHOhA,PCode 74,https://play-lh.googleusercontent.com/-Qh1ZoI35Ohc/AAAAAAAAAAI/AAAAAAAAAAA/AMZuucnvocB4exy5PY3ldN9QL6gx4Ec3Aw/photo.jpg,I play every day longest streak is 41 so far,5,0,1.02,2016-09-13 18:36:18,,
gp:AOqpTOGeqVtBfuoWXQ5lja7GWW3rBfQ9OFY8yXMLZ3Oh9h0TLNS2SuDn6P661X7SUZV8s62bBM60GfrG7C07jQ,A Google user,https://play-lh.googleusercontent.com/EGemoI2NTXmTsBVtJqk8jxF9rh8ApRWfsIMQSt2uE4OcpQqbFu7f7NbTK05lx80nuSijCz7sc3a277R67g,A great way to relax a bit.  I wish there were increasing levels of difficulty.  Other than that I'm very pleased.,5,2,1.02,2016-08-29 20:07:42,,
gp:AOqpTOF31chpi2PHSy6wmJlQ2uktxrDZgdidE6WyfElEfyel7FUEL6E-kLl2WOoa2eK_23AhBCHgK6klUyYSJA,Peggy Roth,https://play-lh.googleusercontent.com/-zxGjJoCj5dk/AAAAAAAAAAI/AAAAAAAAAAA/AMZuuckkeyuoEUzJEtAMhwiVmsw5by--PQ/photo.jpg,Takes long time to open on my tablet.,3,0,1.02,2016-08-06 07:04:18,,
gp:AOqpTOFx5-wX-K4K0BieAkIWXZ_2JCk110-xkbVzLqaJpma42BxcCNz55RlcBy4fKzZtIQ7Ymo3bw1pvj6xP9Q,Hunting Western Mass,https://play-lh.googleusercontent.com/a-/AOh14GiS_hgSCzSGbe41mxsam165NEfqpPodnwlOXa8A9w,Dabble,5,0,1.02,2016-05-12 11:36:06,,
gp:AOqpTOGw6pye8I0ObZ3iD-nhMfzLDjBWq8GzFz3P5sna4LCykBNlVIOx6yw7PfjKSlk0GLPhLTQpElPvn9lhmQ,YungFo,https://play-lh.googleusercontent.com/a-/AOh14Gg4oj941TTg9OtrDo4nFWrf8fY97Id5M8yikVPHPw,Helps me learn,5,0,1.02,2016-04-18 18:14:41,,
gp:AOqpTOG7sGXT3P1COVjtz75GNqS-4SatUoWib6xxtK6-QUJK9SPR1kld_YmTIvMT6XBYW7ZS6pzR6paMp_M04Q,A Google user,https://play-lh.googleusercontent.com/EGemoI2NTXmTsBVtJqk8jxF9rh8ApRWfsIMQSt2uE4OcpQqbFu7f7NbTK05lx80nuSijCz7sc3a277R67g,"Challenging, educational, and lots of fun!!!",5,0,,2016-04-16 07:23:33,,
gp:AOqpTOEEYaUdE60va_CY8FHhlGIYxlBpa9iSbXHOmTm1cDUWiKRQHXAjhrTRXUcUxGhYQPR-O14MEHwyWyO9HQ,Tammy Steelmon,https://play-lh.googleusercontent.com/a-/AOh14GjeLEW1rKN5071JKi7JNUaHJmUJQh28WDGgK0owvw,"My son and I are trying to play each other and it comes up blank. We both purchased this game to play together. Love the game, but disappointed.",2,1,1.02,2016-03-05 11:24:11,,
gp:AOqpTOHc9YPQoLx8HuyX3Uaq5jgvqH48TVmI4KRzkF44y5nSt9ik1FoqM7SX4eztnq1GvmwCdy6jyIpUODcN-A,Victoria Aolele,https://play-lh.googleusercontent.com/a-/AOh14GiHLQswpPnb7rZnYnhDn1S1GRqB7iZuTt0op2kiVA,"This awesome, sweet game is my absolute favorite! It is challenging and just plain fun.",5,1,1.02,2016-02-08 06:45:41,,
gp:AOqpTOHfyzVkhxOusLlVdPzxRmK_78zPog_DjiMUrCvx2adED-AC6qEc3cO3SfLNwodc6nbRL1Mg6tFLP4l7nA,Guy Coniglio,https://play-lh.googleusercontent.com/a-/AOh14GiZaM5GOkJK3n3qUhs1sHKCLQ2DU4hKvDbWTwW8pA,Great game that gives your brain a workout .....highly addictive,5,0,1.02,2016-02-04 21:02:30,,
gp:AOqpTOGDwLug0bLuvvbqb0HUt4XaSMnmNF5asQPKZHuHzrVA7O1EVG28dPy9WORcvVK00LPp5_HlUsQrmXWeAg,bill pope,https://play-lh.googleusercontent.com/-rJEpagNA9nQ/AAAAAAAAAAI/AAAAAAAAAAA/AMZuuclrdPffBjA1KAfOe0D2DvV8CfByqQ/photo.jpg,Really a fun and challenging word game !  Becomes even more fun as you play it more often.,5,0,1.02,2016-01-24 15:54:49,,
gp:AOqpTOFn7qBdD8ASTJWR6XxcKHv_VoiNnGsDSQbUY_MpJdEu5hc9zJUZX6bRR4raU0Ol_4Y5WJ2Ubaq9j54Jvg,Lorraine P,https://play-lh.googleusercontent.com/-GU2lwz8Hia4/AAAAAAAAAAI/AAAAAAAAAAA/AMZuucnZh38f9c2aIs55IpzVRP-4X989Tw/photo.jpg,One suggestion would be to show the maximum point value once completed,5,0,1.02,2015-12-30 16:20:11,,
gp:AOqpTOEPymnWmKO577VosTwvgnHioOQ62pVs6UOXeAILt18jAKXxz1F0F0PlM1q2NiKk1VoZZxoIxg9_BkmBWg,Nae H,https://play-lh.googleusercontent.com/a-/AOh14GiEOXudKUVaEEWkR58Smi6ZkpiIXlN1R32tI411iV0,Olive Garden had this game on its Kiosk and I enjoyed it while my boyfriend and I waited for our food.,5,0,1.02,2015-11-27 12:16:47,,
gp:AOqpTOGayO_kCsYvVNJsvpO_CjCY3Tk8cQVGojwa4ASXG9F3RTPIZQGmslLvDQRvD2W4o16WVgbG4oxdhw0bLA,CPP images,https://play-lh.googleusercontent.com/a-/AOh14GiC0QikxlP6Ci33uC0nquNDcGniAbQCNPIk_J5Um9g,"Awesome, but could you add how we could have gotten more points after our solution & not just when we didn't finish?  Some words still don't register.",4,0,1.02,2015-11-19 13:45:25,,
gp:AOqpTOEw9h2cWmqGMlg1PjdfplJNrU_HzpsMycvZLXfNPycsEzjSLwwUNL-TX9H5NRIt30MzYFaN0XlkQFlpnw,Michael Burkhard,https://play-lh.googleusercontent.com/a-/AOh14GhGOQcq9ObY_WelqFI-r4qtOHmy1XPdqqHHmbGpvpg,Addictive and challenging.,4,0,1.02,2015-09-20 09:39:09,,
gp:AOqpTOGVkVbQSGbb5I_0fbVfT7vpUEGU8RJiJMSvwMrnpDfuR8_abA0TFJr6tRwwTVsaetkLV6Yg70AGfCjQcA,Debbie Bass,https://play-lh.googleusercontent.com/-Tf8GY0ooPK4/AAAAAAAAAAI/AAAAAAAAAAA/AMZuucmr9Z1E7TvTQkrkbAdARKs6dK2XbQ/photo.jpg,Awesome,5,0,1.02,2015-04-22 18:30:54,,
gp:AOqpTOH3pRpFlEGuW9xv6t7DvrU0JCYPkU23qSE-usfyMYTjNl3uyP2qGxskWQolTb0nq3tREwE0OtENbW0oCQ,Kiffany Bethel,https://play-lh.googleusercontent.com/-iLsjpx2ncpY/AAAAAAAAAAI/AAAAAAAAAAA/AMZuuckvUsG_DHaoqxtruYcC0MjKF7phjg/photo.jpg,Love this game.  Never gets old. Great stress reliever...and stress inducer Lol! Great gameplay that never fails to entertain and challenge!,5,1,1.02,2015-03-05 22:45:14,,
gp:AOqpTOFbWvRxxvCZsHHa6d7BAd81BMeqlPiAC0P0kj2O6ks05AFbNbLW041EORAurx7-naKgJwTBvoowp7sADg,Jeff Avella,https://play-lh.googleusercontent.com/a-/AOh14GgsBdKYkgv6w572hOVZNPANMOdcT4TFzS0xZqi-Joc,"Couple of issues: doesn't always drag the letter you are aiming for, and the back button does not exit the app. Otherwise a great game.",4,0,1.02,2015-02-13 20:54:08,,
gp:AOqpTOGfRXRrvln1OezDG9qT2Yw_qf2Tw3J5ScgsDxiloYO8SMpRoslj8maj23dTDRgRt7MCm-d7MoLlU3ZTww,Samantha Scofield,https://play-lh.googleusercontent.com/a-/AOh14Ggf_xvpu8reiQKca2SXd3FJJAziZC6zfV5Lgz0HGw,Keeps me wicked smaht,5,0,1.02,2015-02-11 17:47:04,,
gp:AOqpTOFziAaOpCqhnxJlACC1OG7qr9pHktq4BzDtCxUL-aHOhmCpnug6nhzPEI6ka5IELxKbGIDYJRE9smcoNQ,Darrell Kim,https://play-lh.googleusercontent.com/a-/AOh14GjqxlJ8TRjQx-KrCwPB1LeWLPwTlGDHvBPXLHSVCg,"At first it was difficult.  But the more you play, you'll see words faster. Then you want to break your highest scores.",5,0,1.02,2015-02-05 09:13:33,,
gp:AOqpTOFiepHsks06IaRHuZi1HT45V0V_ZFJ7qxh8EPdGttROX_DkVcP4YQe4L2pGBysC5fSBUGAkyGb8tvIdFw,Tai Campbell,https://play-lh.googleusercontent.com/a-/AOh14GhWPWTRVuiNn7u-U7yS2YYAnR0QoxxFaPdxcAnWdw,Kind of hard,3,0,1.02,2015-01-18 08:51:39,,
gp:AOqpTOEr3qUCTkcNZ7yoSjSKsPD7LxtlRv8qJuVZ26iO7M9doQXVAn2gxgqBhCRXtpxYQrC1CvEk6Zr-ubRKCw,Heather Eldridge,https://play-lh.googleusercontent.com/-AONNz2w0KRw/AAAAAAAAAAI/AAAAAAAAAAA/AMZuuclDwRw7yPaX6AVaEvAEkZw7rJFPMw/photo.jpg,I absolutely love word games.  This one definitely challenges you!  I also love that it's not a mindless game.  Its an enjoyable way to keep your mind active and alert!,5,11,1.02,2015-01-17 20:03:05,,
gp:AOqpTOFNOhHdkZLgXgZAILRUYcS77AwvPDBsSpoETyEbylXsb5LuK2qC8ZfoECitkVBOo1-RNlEjesVYcuFoiQ,Shawn Heydorn,https://play-lh.googleusercontent.com/a-/AOh14GgQc7QONRG6_GnT-Ep7zkmdn7NTo6MTcT7uxFJBSw,Otherwise absolutely love this game,5,1,1.02,2014-12-30 01:57:05,,
gp:AOqpTOHIM11GqdAl9-9FR8KS4IyU8DFeMforMTvA8ZAPUKAGvUJhXP2xq3j6rdVLagG9EQUfxU4zz6A9mbJ-sQ,Jennifer Bent,https://play-lh.googleusercontent.com/a-/AOh14Gg32qsBKYWqKTUCEmUwmCbNNGDx2KD62_0yjGmIJg,I love word games. It was nice finding a fun and yet challenging game to play. Dabble is a great way to relax and unwind!,5,1,1.02,2014-12-08 14:53:59,,
gp:AOqpTOFiJo3KfTMggR9wCe5CMjgubCKY-Ddb3Mj2gaY3aBO-UAc-FMaIjnflfiMOAt3hI3XIKFioqybNU6Wo0w,Ké,https://play-lh.googleusercontent.com/a-/AOh14GgqdEykajCfaNziGUCevd3Dp2SbrQlBkdLzZXC4mg,This game will grab you and never let you go. Absolutely LOVE it!!!!,5,0,1.02,2014-12-08 08:20:49,,
gp:AOqpTOF6RA2KttRx8akHZzOb5O308z8KefpTVdie9deArgsy7OP-ml81RWCsL6X_T7YHCsSU5LTUDgErFpBtEA,Wakita Kent,https://play-lh.googleusercontent.com/-stLVdhfrAcI/AAAAAAAAAAI/AAAAAAAAAAA/AMZuucnyO75D8SOqRSdD5B7JRM0-ZjPTCg/photo.jpg,This game makes you think and its addictive. I love a good challenge,5,0,1.02,2014-11-29 23:42:38,,
gp:AOqpTOFWtIlJm8kBgz-MWDD1RzNrW0LRhmdReq2aEoHBh4gaxdpYslYOnFkL6e5ZhUYDVRMOy3dAkRBl2OkgPA,Doug Finlay,https://play-lh.googleusercontent.com/a-/AOh14Gip1vLNmSjCoT23j5fDiWru7c1pE40Y_Q5Zh8DG-w,Addictive fun.,5,0,1.02,2014-11-28 05:44:11,,
gp:AOqpTOE9NRcinni7c5DU9sipafVHLJVCTRDNUlQ77jXhXoUMJUXAQwXE0TIX9YSMZfbcnrXc-fP3JgajsdCBEQ,sandy moon,https://play-lh.googleusercontent.com/-u4zLml8X5xU/AAAAAAAAAAI/AAAAAAAAAAA/AMZuuclkZXfsDFOEZJy8x6lb1yidEt8FOg/photo.jpg,great word game,5,0,1.02,2014-09-21 14:57:24,,
gp:AOqpTOF5qo2zz9DPQPugCfuUx9M4798snehbA9BedA65DNHDzUwlwofzRGo4nE3HymDFrFT0UPbguyc-7ZqneA,Toya Wallace,https://play-lh.googleusercontent.com/-H847vjJVs2Y/AAAAAAAAAAI/AAAAAAAARgU/AMZuuck5QZQhDO2eWZOGcx-2WG9CkG1Lyw/photo.jpg,Great game that keeps you thinking the whole time. We have the board game and this app is a great version to play on the go.,5,0,1.02,2014-05-17 14:54:00,,
gp:AOqpTOGZYwsApNcl8O9npUyEbOwH_PJWQD2VpRS8s5LJ_OiYLFkLtRARDbVpFkSJk8XT9pYsnVXD3M1KG5Cq9w,Monica Day,https://play-lh.googleusercontent.com/a-/AOh14GiHPtlnsDq-1GQ2XQ-p6mmflC_nS7xvYY5nTO0hQA,"Just the best game ever! I am a ""word app freak"" and this is awesome.",5,1,1.02,2014-04-12 15:30:44,,
gp:AOqpTOHSfWP01uafMafe3xkAIOQMD3F6yDDRD0J7arwQdlnR54stYuZBtEHU9qbtj51OAqcc1JVHyWWiGcLNog,A Sylvester,https://play-lh.googleusercontent.com/a-/AOh14Gg2B6RUt6HBK4iOXNF8kY9M4Rkfy1QAgxM_MW9qIQ,Still come back to it years after installing,5,0,1.02,2014-03-19 07:50:13,,
gp:AOqpTOFU1NNAbrzHKzo3j8xPlehjP8lcIwqeHLu7OX7-ViKFg1l0gDprWMJfOS7qZ7_mRnj88ZVjViLfQ1l2jw,P B,https://play-lh.googleusercontent.com/-dXo62Yim9nM/AAAAAAAAAAI/AAAAAAAAAAA/AMZuuclkFe7YFrjrlcVF8zI2bFopOmBmHA/photo.jpg,,5,0,1.0,2014-02-26 07:12:11,,
gp:AOqpTOGG1zzIJ9CKnOtKAR1LqFTw2Z4MkTi3cCgUQSoJZh5Nj0U6N7z_0ULFuWAIygqWcd_XBrw0SBuxA6bZLw,Ian Main,https://play-lh.googleusercontent.com/a-/AOh14Gg9NDL1MgjhMbljqI10Jl_lt4vV__-sopc_o0Jj0M0,Sorry I only gave your game one star which is poor. Its just it was hard for me! You always have words that COULD be there and then it corrects you when you could have been right even when you have filled all the rows in! 😶 👎 👄 Umm and yeah that's all I have got to say. ( Sorry for putting down a picture of thumbs down! 😓 I should feel ashamed of myself! ),1,2,1.02,2014-01-16 19:50:32,,
gp:AOqpTOHkkSoi8VYTYg1E-uz_HM615Z6rycleRqYdwNLBsqX6od8ecbsOaEF8R0YWMfLq3IBBWnWteGVARIE0BA,Emily Churchman,https://play-lh.googleusercontent.com/a-/AOh14Gg6tEbM2Wmupt47wCH75dC1kBND_oX3cJE5MEUd7A,The app takes complete control of my audio. I can't control my music volume when I turned the sound down in the game.,2,0,1.02,2013-12-13 07:55:00,,
gp:AOqpTOF_nMPYDKSR0XvI-DolzC7hL5YAZhp5ZyebEQI6dvwDkDlOozMJiJLpGq_Re-29TWpC2N9HPTYHJRpqBg,Alan Johnson,https://play-lh.googleusercontent.com/a-/AOh14GjQiVyTTQZHVp0ICD3fcczvpIpEej96pvAzvYzJiCg,"Fun little game but needs some work to be a little more user friendly. Could easily be a 4 to 5 start game with a couple of minor tweaks.  Needs an unobtrusive notification system for when invites are received and new games are ready.  Needs a way to easily compare scores. It's difficult to see and compare the scores of sent games. Have a setting that shows all pay games, your score and time and that of your opponent. Similar to the way it's displayed on the Facebook app. Overall stats would be great too.",3,3,1.02,2013-12-03 21:17:34,,
gp:AOqpTOGf_rdWA8fr5XFsC2F23tkEeZPz395Q9sk5EJNVNlh7EdF43vDAdANEqm07BLh8MV_lAOp2cUWQAt2muQ,Irma Garcia,https://play-lh.googleusercontent.com/a-/AOh14GjlN48qiDjC8HyR7iRp_ztET1DnInXAey0s05WUPw,BEWARE:  HIGHLY ADDICTIVE!!!,5,0,1.02,2013-10-23 08:45:28,,
gp:AOqpTOFy1-z9hNhFvlonDPHPLk2Za701tYBLEV84-l1TUIXLEjFNO3YfYGp1tu6-4E85JDaNG2CHwuXqqLfDnQ,Heather W,https://play-lh.googleusercontent.com/a-/AOh14GgnbtxFToXwGgWkPRxfubp9BCvR8YOEiCXnhfUDwA,Fun game. Definitely more than 2 bucks worth of amusement.,5,0,1.02,2013-10-08 07:27:39,,
gp:AOqpTOGaW6XP5n1vDeldo4Z8N65JHTxl0AH-TvKYPOqicdggrOYShYXEQO0C4FY_im9BucyIsrv_lyEk5JQ2UA,Ashley Manry,https://play-lh.googleusercontent.com/a-/AOh14Ghf1HiG80vcNAXHJnPLe_NfpHkXo7EyKVYBmd103Js,I have this game on my nook. It is extremely addicting!,5,2,1.02,2013-08-02 16:12:50,,
gp:AOqpTOFIK_BW3VeemCSVNNJTtJgF_WnNq11tudA7waaiy1K5kP2gyqZdkIGPD7X36zCGGlepmZJyl4MkSqA_oA,MJ R,https://play-lh.googleusercontent.com/a-/AOh14GirfaTiBquk0SFNc_aMTV1l98vBRtHjx0j8B4qVzA,Fun and addicting. I play this game a lot.,5,0,,2013-06-26 10:43:14,,
gp:AOqpTOHFjrqoZ5i49ZwOTrucgAc42RM6BUrFDUTuQ_m8OYgDRovunmEwvqBl9o0nGa8rM1SKJ_hRH7Fa0rsDbA,Andrea Mueger,https://play-lh.googleusercontent.com/a-/AOh14Gh5InPUol2cB2EVKypT5AQLunk0E_Txv7MuLkH28w,"I have this game on every divice we own. My only problem is there is no exit. I have to home page, task manager then exit. Would like to exit my game without it still running.",4,2,1.02,2013-05-31 19:59:20,,
gp:AOqpTOH2XlrMjZJuU9SiI8Sh32v_XwshcbP3NEEpy6LUTrguvJTblTQn7ZQwJvE8l6sAwS0O_TXrEcCWSiC4MQ,segolene giacomoni,https://play-lh.googleusercontent.com/-c85TdZ26d9Q/AAAAAAAAAAI/AAAAAAAAAAA/AMZuucl-iecgZ2nhpLUugaczA4EWzUmkaA/photo.jpg,Even if It does not work perfectly on my phone samsung III  My biggest complain is thst i cant find it on my kinfle fire 8.9 ; please do something !,4,6,1.02,2013-05-20 08:37:59,,
gp:AOqpTOHKHvQpGirvAyPewdoO5HMbQu0CP6MLVHJR6bl_mZ1uob7VlV67KZwwirW0jvEp7d0ul3L0ioxH1d5S-w,Suneel Utamchandani,https://play-lh.googleusercontent.com/-ghAvISc5Buc/AAAAAAAAAAI/AAAAAAAAAAA/AMZuucnWZx6Wv2siWvlJiPTdcWy6TfWUqA/photo.jpg,Good word game.  Makes you think.,4,0,,2013-05-14 18:03:49,,
gp:AOqpTOEFJZWlNjwTn4fW6QG2be-gk_UolQNwMfr4tEqcLKTyW4UHqT3O4r3WeTkq9bSH4ZEhXtZEHFW_rqiyFg,A Google user,https://play-lh.googleusercontent.com/EGemoI2NTXmTsBVtJqk8jxF9rh8ApRWfsIMQSt2uE4OcpQqbFu7f7NbTK05lx80nuSijCz7sc3a277R67g,"I only meant to play for a few minutes before going to bed, and dang it, it's now 3am and I have to be up in 5 hours... Great Game!",5,1,1.02,2013-05-13 23:56:58,,
gp:AOqpTOFlTTxHVeuJjYK1ak_LjKQhO-sKNQr2eFwV6USCVMmoe9H7A3KUOqm32fTqUqYMRY2QGvjgOElUp1hemQ,Dan M,https://play-lh.googleusercontent.com/-7po17doukXA/AAAAAAAAAAI/AAAAAAAAAAA/AMZuucnF_AYdhridiIkL8snIqy5GwIKIlA/photo.jpg,"As has been mentioned by others, longest streaks should show the longest independent streaks.",5,1,1.02,2013-04-29 13:52:35,,
gp:AOqpTOF6WfI6NABDGs3AKMyOkCbjtdVMteUyWcbH4HFztI5o2Xm1_48twRpF5pn_1KzWYSSd612mLPhsd0p9Kw,Michelle Pendergrass,https://play-lh.googleusercontent.com/a-/AOh14Gi7-wBUp9a9ZvQY8imEssjyWe8i_F5p7dpJlCQFVA,"Love this game, when I can play it.",4,0,1.02,2013-04-19 10:55:28,,
gp:AOqpTOERHAJdr5KLekmH8HQm5M30E8VNWcoTEXwevwXWnJ4nC0z_jVALRZMI3zDBX1XTE60DAC7x6yZDux3zWw,Linda F,https://play-lh.googleusercontent.com/-YyQHfDxY1Yo/AAAAAAAAAAI/AAAAAAAAAAA/AMZuucl2In3qXLeaxu4yfiwPvpX20mxL2A/photo.jpg,I love the board game and the Dabble app is almost as good. If you could create a pause play button for life's interruptions I'd play more often throughout the day. PLUS please make it where the game doesn't automatically solve when time runs out. I want to figure it out. That's half the fun!!!!! You make those two options available  and you deserve 5 STARS!!!! Great game!,4,18,1.02,2013-04-13 23:16:42,,
gp:AOqpTOHAR5R9FcJxFiJtPM93CrAojkYydVNa8l_b9iHVB6Abm9-h21Dd6w93dQo1jyWfCCK8mLjN7WTNWxzM1g,Michael Root,https://play-lh.googleusercontent.com/-7iWmsbtLR3U/AAAAAAAAAAI/AAAAAAAAAAA/AMZuuclPjXvd4lACD-f7QsUcBeGHU4HObQ/photo.jpg,"This app needs to keep the longest streak record separate for each streak.  If I get a win streak of 50 games, then it should not also register 49 and 48 and 47, etc...",4,11,1.02,2013-04-04 13:04:52,,
gp:AOqpTOH6TvhJujqA48kXz-Qpi4yt7mDe9CAfPFCNI45JrMXmvaCiPvbkziD1bcj2KZg2ad-_B7ykvlhvWJdb1Q,Wayne Smith,https://play-lh.googleusercontent.com/a-/AOh14GjlNecsRK61w7itoVaJ4OP8n9wQKEbNTHNz6VAcPA,Addictive thorough enjoyable love the music,5,0,1.02,2013-03-18 14:56:38,,
gp:AOqpTOFicvUoMpB9Le4ptOwvW3cV2aHyR7n2n-UtOjfmdMD0nK-Qut7h68nYmEACw_cx8fOGoLDYwbh2x6a1aQ,John Foggo,https://play-lh.googleusercontent.com/a-/AOh14GgCPDhiY1IaOi7wKnSwmVt3b2-2ryWa25Fjp618qg,Quick thinking fun game. Would recommend to anyone.,5,0,1.02,2013-03-11 10:50:31,,
gp:AOqpTOFhTuLd0nPxJEXET8w7uNKQ0kXE7u3mjhlcxbJ-502Mir6Tv88Q3Ul_P9mGbUZWA6_GNvN6yNOUEhMpTQ,Brittany linder,https://play-lh.googleusercontent.com/-bbMO0eUsMkk/AAAAAAAAAAI/AAAAAAAAAAA/AMZuucmCmOi1xXU0qEhxGvIzV2vnh9SNOQ/photo.jpg,Love this game!! Keeps me entertained for hours! :D,5,0,,2013-03-01 18:41:39,,
gp:AOqpTOHdr0A4N867ExZ3NQE0SA_2zxU4RYrBl0d0ygbGBEICKcfTn_nqa0joQGpfpEV_75bsd-BuMxpqTmre_w,Mariah Daniels,https://play-lh.googleusercontent.com/a-/AOh14Gi3FFr7B4p_3Iuolp6JA6d_HZC0w6x1zDJ59psqZA,I absolutely love this game. I am totally addicted. I give it 5 stars when you configure it to connect with Facebook OR make it do you can play with random people.,4,1,1.02,2013-02-18 06:46:22,,
gp:AOqpTOHsHXJKmLcnEcQ2wKR1ZtXgA06lpPbtkj3WUnCES1ToTyBoBJN-NNSPtbxPEXMavAvIz5SRxYc3bDfUwg,Terry Ratcliff,https://play-lh.googleusercontent.com/a-/AOh14GgAdNEIJaf6LuWiD9MgmEFqGyanJt-EaXGjnrWfVms,Fun word game.  I would like to see other possible answers after I have entered mine so I could learn how to get better scores!  I also would like it better if when I got the puzzle complete it didn't automatically submit my answers.  Sometimes I am trying different things to get a higher score and I accidentally make words to complete the puzzle.  I would prefer to submit my answers when I think that I have a good score.,4,0,1.01,2013-01-17 13:38:46,,
gp:AOqpTOHQhyzmeY2jtlLOxDK7Hy-F3NZ5T_pw9sxPKQ219L3hpibJJyNfQq1_5b6Y4P0H2Xvixnbtuvqc-3C7vg,Paul Coster,https://play-lh.googleusercontent.com/-Ica_hM7_jz0/AAAAAAAAAAI/AAAAAAAAAAA/AMZuucmom7y4gtIvb-m1IP4OUrXZ2hjsew/photo.jpg,Facebook don't work please fix in next update,4,0,1.01,2013-01-04 10:29:02,,
gp:AOqpTOFTBlZPbgEZGN3HiKKzuYgMaTVJJzDSVFxzSLpL9t7r9yoTnBlvruHNmiOIyCL7slPzBWUDOyyxQFLOtw,maria glatz,https://play-lh.googleusercontent.com/a-/AOh14GggyBCcpH46iujU_GHIcowl1cybGE0TViQefIsb6g,"Love this game, play it all the time, never gets old",5,0,1.01,2012-12-14 07:33:03,,
gp:AOqpTOFyy1toX-hyJS9lErhhr-hvoDkWPCL48tQzIAs41lX1I20kXEpx1xgCc5rKN0bMHr4AtqnWGal6fUS4TA,Betty Miller,https://play-lh.googleusercontent.com/-Yl5I17nEp0s/AAAAAAAAAAI/AAAAAAAAM24/AMZuucl2Ti89vcEznoTqXWWJbyDtfZ8hbQ/photo.jpg,"Won't connect to facebook, so I can't challenge friends. :(  Otherwise,  great game!",3,0,1.01,2012-12-13 17:53:22,,
gp:AOqpTOEkSVIIuRX3BtO5S4tBQSsv-LqLblc_D_svR0r7nxvJs9xUDDag-P3A44_F9JgCOkD8RSndDgh6gsKYEQ,Jessica Delich,https://play-lh.googleusercontent.com/a-/AOh14GioG5pW_Vl7jEGH71sul24Q_sS1YKtjZSGVBw3yeg,Great game! Wish there was a way to  see the maximum score possible and the solution for each puzzle. Maybe in the next update?,4,0,1.0,2012-12-12 08:36:57,,
lg:AOqpTOFocQn5NsthieP1ftb_-AfzEG2KoCXYBHK1Noqeyca-XI933bX7p0EA--YfdYS1LwTcUz9_e6LJUO7ALw,A Google user,https://play-lh.googleusercontent.com/EGemoI2NTXmTsBVtJqk8jxF9rh8ApRWfsIMQSt2uE4OcpQqbFu7f7NbTK05lx80nuSijCz7sc3a277R67g,5 stars when I can outside pause the game n not totally sit quit out,4,0,1.0,2012-11-29 09:21:45,,
lg:AOqpTOGPYA3wb4ysjBfzHb_noEEW9X6s5purvqlNCjB5D7PEZ5W3fujqq3DbLAyFgsiBrDQbOz-1kBavQhRSrw,A Google user,https://play-lh.googleusercontent.com/EGemoI2NTXmTsBVtJqk8jxF9rh8ApRWfsIMQSt2uE4OcpQqbFu7f7NbTK05lx80nuSijCz7sc3a277R67g,"Overall, this is a very enjoyable game, but the dictionary is not a comprehensive as I would like, which makes it a bit frustrating at times, especially if you are a keen scrabble player.",4,0,1.0,2012-11-26 02:10:18,,
lg:AOqpTOF3JYdYHn3vexcz3dBs2Roq_V-4-nZZSQX_rYk5AQ4roQLxJccHcdxFPIcVVfjqiWgD3Stm11iPedvOOQ,A Google user,https://play-lh.googleusercontent.com/EGemoI2NTXmTsBVtJqk8jxF9rh8ApRWfsIMQSt2uE4OcpQqbFu7f7NbTK05lx80nuSijCz7sc3a277R67g,If you like thinking games it gets boring quick,3,0,1.0,2012-10-15 01:29:42,,
lg:AOqpTOGqRFL6Zz8V6cDf1cA3uGo6zdbH_daD2KW5pbmsDprUs3xHaR1UT9dWi2GNhx2nNrkgKx-EEtNvzWMLaA,A Google user,https://play-lh.googleusercontent.com/EGemoI2NTXmTsBVtJqk8jxF9rh8ApRWfsIMQSt2uE4OcpQqbFu7f7NbTK05lx80nuSijCz7sc3a277R67g,Works well for the Nexus 7 ..Didn't think it would being that I saw reviehw that didn't work for ICS phones,5,0,1.0,2012-10-14 08:28:33,,
lg:AOqpTOG48HRQPcONfDp1Og1Rrdz8bT5JFsfy0zWeeO3vnJ09JMT-f6Q-icb67g5tsAd1gViS9xK-R76xFqgVOQ,A Google user,https://play-lh.googleusercontent.com/EGemoI2NTXmTsBVtJqk8jxF9rh8ApRWfsIMQSt2uE4OcpQqbFu7f7NbTK05lx80nuSijCz7sc3a277R67g,"2 issues: -Limited dictionary -back button should return to the previous page, not close the app",4,0,1.0,2012-10-13 06:17:36,,
lg:AOqpTOEGVcOkwegvaDfAl8JIctV2Gowh08ECgzfKqqFQD7URCW_nLz8PfiG07trE81wj9NqCy0mAA0OfnWdBNQ,A Google user,https://play-lh.googleusercontent.com/EGemoI2NTXmTsBVtJqk8jxF9rh8ApRWfsIMQSt2uE4OcpQqbFu7f7NbTK05lx80nuSijCz7sc3a277R67g,Fun game ruined because half (yes half) of the 2 letter words in the dictionary don't work here. Scrabble fans will curse this game forever until they fix it.,3,0,1.0,2012-10-13 05:55:53,,
lg:AOqpTOGAvl1s7GlXJKXxZ6razPpCV0Ua3rl5Tn2kRP3OxkJcaPZGUMk-FIFqIZzQZpawPTabNb4ONwYzz8DJfw,A Google user,https://play-lh.googleusercontent.com/EGemoI2NTXmTsBVtJqk8jxF9rh8ApRWfsIMQSt2uE4OcpQqbFu7f7NbTK05lx80nuSijCz7sc3a277R67g,"Not supported, some major flaws like dictionary, doesn't handle accidental closes or incoming calls, kills your win streak if that happens. Could be good if they supported it more than two seconds",1,1,1.0,2012-09-15 02:31:55,,
lg:AOqpTOGQLEa_BBo48NqaZR_2WH44GiMSYJE1mwCA8MR6n1JKShpVY0WI7PaKgasU1luOeTxCS6eDQjpghlgSBA,A Google user,https://play-lh.googleusercontent.com/EGemoI2NTXmTsBVtJqk8jxF9rh8ApRWfsIMQSt2uE4OcpQqbFu7f7NbTK05lx80nuSijCz7sc3a277R67g,Just enjoy the time away from everyday concerns with this game.,5,0,1.0,2012-09-07 22:09:37,,
lg:AOqpTOGBWubHO80VQIeFSFxBuiuxllWWOyeO8PdPs7AxMFg_amMSe-tkPvvw6TC1XdgW56NL_zPPeMdWsgx0dA,A Google user,https://play-lh.googleusercontent.com/EGemoI2NTXmTsBVtJqk8jxF9rh8ApRWfsIMQSt2uE4OcpQqbFu7f7NbTK05lx80nuSijCz7sc3a277R67g,Very addicting!,5,0,1.0,2012-07-28 14:15:17,,
lg:AOqpTOHDjJCmJv9G1TqyybEi8v1eAr9hZEJM5dYWL1BaDpUUCsQGZOpkItgPbkhhpCi0uyZlVy0OJQaL8t6W9w,A Google user,https://play-lh.googleusercontent.com/EGemoI2NTXmTsBVtJqk8jxF9rh8ApRWfsIMQSt2uE4OcpQqbFu7f7NbTK05lx80nuSijCz7sc3a277R67g,Fun! Good idea for a word game.,5,0,,2012-07-26 05:11:04,,
lg:AOqpTOEy7f89y8Kqd8tivRKUxVDKTUxhmhvw9bs6t5kYDBB7gBZz8d2x2GmO6BZ8vEOlqrc-aI545DVOYDpNRg,A Google user,https://play-lh.googleusercontent.com/EGemoI2NTXmTsBVtJqk8jxF9rh8ApRWfsIMQSt2uE4OcpQqbFu7f7NbTK05lx80nuSijCz7sc3a277R67g,"BUT flawed dictionary. I cant believe i have to work around its ignorance just so i can finish a game. Wont accept words like ID, RE etc.",2,1,1.0,2012-07-21 17:25:06,,
lg:AOqpTOH6v2GtffS_1dxsvPxROOOaU-u-GZ7aa-cmH3bAwpH-auVHLsdm_YsKw6ME5aZxcZgb6vPMT6M2ZafTbw,A Google user,https://play-lh.googleusercontent.com/EGemoI2NTXmTsBVtJqk8jxF9rh8ApRWfsIMQSt2uE4OcpQqbFu7f7NbTK05lx80nuSijCz7sc3a277R67g,If you enjoy word games this is perfect.,5,0,1.0,2012-07-09 13:29:26,,
lg:AOqpTOE6rBf8gK1V06YrtEPHQtJ6I-H_dITpGh-zreMJaTG4D-g_4nMcaF9hBo_y9oeXITyVLngy3lRAFu1yDw,A Google user,https://play-lh.googleusercontent.com/EGemoI2NTXmTsBVtJqk8jxF9rh8ApRWfsIMQSt2uE4OcpQqbFu7f7NbTK05lx80nuSijCz7sc3a277R67g,"Love the game, tile sounds, time limit - not too short, and CHALLENGE!!!!",5,0,1.0,2012-06-09 12:36:42,,
lg:AOqpTOEe_Esj95pJWAq9d6yKS0OsiOEamVDuBAZmshdpfKoNkAvu2eG0nVvZA0G7jOVtlVpGp51Iy_FBOfLblw,A Google user,https://play-lh.googleusercontent.com/EGemoI2NTXmTsBVtJqk8jxF9rh8ApRWfsIMQSt2uE4OcpQqbFu7f7NbTK05lx80nuSijCz7sc3a277R67g,"I wanted to love this game but I've played about 20 games now and there were at least a dozen standard words that the game did not know.  This is especially annoying with the ""2 letter word"" category.  Not sure how legit all of this 5 star reviews are.  There is a good game here with some dictionary updates.",3,0,1.0,2012-05-10 08:58:34,,
lg:AOqpTOH8SN80RVYj2ETokU85MSgux8qcnUAlfy2qUbzXL-YAcpumOrcLcYkxio9sUYxpRH0OSRJ8DKo1idCkHg,A Google user,https://play-lh.googleusercontent.com/EGemoI2NTXmTsBVtJqk8jxF9rh8ApRWfsIMQSt2uE4OcpQqbFu7f7NbTK05lx80nuSijCz7sc3a277R67g,"Finally!  a fun, addictive, single-player word game",5,0,1.0,2012-04-16 07:07:23,,
lg:AOqpTOEHOgvYMdnuoz2-NDfEkoI3dzRsDUnRBsNAPCE343AD5KIeuphFkQ9mR7Zmm_4-L8wvcxYJx1FT0yO07g,A Google user,https://play-lh.googleusercontent.com/EGemoI2NTXmTsBVtJqk8jxF9rh8ApRWfsIMQSt2uE4OcpQqbFu7f7NbTK05lx80nuSijCz7sc3a277R67g,Thanks for producing this great game.  Very entertaining and challenging.,5,0,1.0,2012-04-15 07:38:24,,
lg:AOqpTOHu3SDFGTgW6XDsqRl7XLKCGvqoVigYFidE_5fSVxlwKt-isp-XdQ9D3W-y2wMNrXy2DqDqWtGiwEt5Dw,A Google user,https://play-lh.googleusercontent.com/EGemoI2NTXmTsBVtJqk8jxF9rh8ApRWfsIMQSt2uE4OcpQqbFu7f7NbTK05lx80nuSijCz7sc3a277R67g,Watched my snoopy play the game and i was enthralled.,5,0,1.0,2012-03-31 19:41:06,,
lg:AOqpTOGx-aHDorRUO4Jf0q5twFHW6RN7JhkvQJItAH_fnshSEmN86Y9zc8Mg5fmeisIFOD0etuhJH2Clvd2_6A,A Google user,https://play-lh.googleusercontent.com/EGemoI2NTXmTsBVtJqk8jxF9rh8ApRWfsIMQSt2uE4OcpQqbFu7f7NbTK05lx80nuSijCz7sc3a277R67g,Holy crap this game is addictive. Must. Stop. Now.,5,0,1.0,2012-03-21 10:33:49,,
lg:AOqpTOEhV5D9jpUqlv_PBigd4FUICGVy_Ze35trCWQv2kTMjnWvV_iYkkysaPKDeWsaUdOq4Y34pEjiF7y3dfA,A Google user,https://play-lh.googleusercontent.com/EGemoI2NTXmTsBVtJqk8jxF9rh8ApRWfsIMQSt2uE4OcpQqbFu7f7NbTK05lx80nuSijCz7sc3a277R67g,"Very well done, great game!",5,0,1.0,2012-02-18 11:15:04,,
lg:AOqpTOELskiBC6HdqiaFfAmPvD6v9oQhfgUWKfaMNjSA0XGCm5gNVN-JXgGGm9Ph4cSbxBcCFkBn9s5t8tidrw,A Google user,https://play-lh.googleusercontent.com/EGemoI2NTXmTsBVtJqk8jxF9rh8ApRWfsIMQSt2uE4OcpQqbFu7f7NbTK05lx80nuSijCz7sc3a277R67g,"Great game and wonderful concept. Only complaint is really device based, but with the playing field could take up the whole screen. On small phone too easy to move wring letters - especially with big fingers.",5,1,1.0,2012-02-05 13:51:22,,
lg:AOqpTOEqkowpyklp445aYLlJAoJHIRwDa3rz5ceMoqcJy-FNIjvW4f89PT6BxjcGtZLq_V0xchZOKHusLTeZBA,A Google user,https://play-lh.googleusercontent.com/EGemoI2NTXmTsBVtJqk8jxF9rh8ApRWfsIMQSt2uE4OcpQqbFu7f7NbTK05lx80nuSijCz7sc3a277R67g,Lots of fun!,5,0,1.0,2012-02-01 16:59:10,,
lg:AOqpTOFDXeULMUl-_e8vXmI0beqBVIpaxz6-KlBAqnyn_mDKeZyJxwtR8n0jRobSv74y-oeH7ze1NLcjWRJVVw,A Google user,https://play-lh.googleusercontent.com/EGemoI2NTXmTsBVtJqk8jxF9rh8ApRWfsIMQSt2uE4OcpQqbFu7f7NbTK05lx80nuSijCz7sc3a277R67g,Hard but very well done.  Keeps you going.,5,1,1.0,2012-01-20 20:18:48,,
lg:AOqpTOHJVauIq2w1XhHwBl0PPsMQ_P7eVz9zYRnyb2d7HTh35mDeyyIW0_pO7UBdU7bk2vrvhonFiz2M0oHziw,A Google user,https://play-lh.googleusercontent.com/EGemoI2NTXmTsBVtJqk8jxF9rh8ApRWfsIMQSt2uE4OcpQqbFu7f7NbTK05lx80nuSijCz7sc3a277R67g,Not a whole lot of variety but a fairly good game. Well worth it.,4,0,1.0,2011-12-30 13:22:31,,
lg:AOqpTOEuluUaRJqZTTfJ9kLq7sFRlR9rdfdRyAN_oobitkJ0znEWnsfRla-JGPFsdEt1V_lDjYsFSqS4dJ1MMQ,A Google user,https://play-lh.googleusercontent.com/EGemoI2NTXmTsBVtJqk8jxF9rh8ApRWfsIMQSt2uE4OcpQqbFu7f7NbTK05lx80nuSijCz7sc3a277R67g,"I'm to dumb for this, can I get my dollar back lol",5,1,1.0,2011-12-25 13:03:53,,
lg:AOqpTOFFEoslxmmdShdjcrFmkB6_yFUzwMRol-JArn_9riZn0vPx716ONIJCmwNLss4xoP7zpgvOQEZcrohXCg,A Google user,https://play-lh.googleusercontent.com/EGemoI2NTXmTsBVtJqk8jxF9rh8ApRWfsIMQSt2uE4OcpQqbFu7f7NbTK05lx80nuSijCz7sc3a277R67g,"Love this new game.  Graphics are nice, its enough of a challenge to keep me coming back.  Worth the cost.",5,0,1.0,2011-12-19 02:40:54,,
lg:AOqpTOFkXFZs-hXt7DVrpv4LkHdY1wwb34pv5rKsg1fTpadnm4vvwoy7bfzcE4xFtDRFMUIAeKPXKMkRrijN9Q,A Google user,https://play-lh.googleusercontent.com/EGemoI2NTXmTsBVtJqk8jxF9rh8ApRWfsIMQSt2uE4OcpQqbFu7f7NbTK05lx80nuSijCz7sc3a277R67g,My most played at the min.,5,0,1.0,2011-12-10 13:46:52,,
lg:AOqpTOETTQDFMePcu_L2MYYd09wMiLvg528Us0kyva5dmzrjVAp4WZc4VLXBOLnIrlDQsA633vMOX0etfOhkcA,A Google user,https://play-lh.googleusercontent.com/EGemoI2NTXmTsBVtJqk8jxF9rh8ApRWfsIMQSt2uE4OcpQqbFu7f7NbTK05lx80nuSijCz7sc3a277R67g,Really fun word game & great idea. Could do with some challenges or levels though as it gets a bit repetitive. Also seems huge for what it is at 18mb.,4,0,1.0,2011-12-09 15:32:00,,
lg:AOqpTOFWMhkD3BlxoEqQgkWJSavYyV4xlBM1X2yazIObMX6y_MtLnC8eOcfPMp94UU4wL8a54XnAMIp_d-n9gg,A Google user,https://play-lh.googleusercontent.com/EGemoI2NTXmTsBVtJqk8jxF9rh8ApRWfsIMQSt2uE4OcpQqbFu7f7NbTK05lx80nuSijCz7sc3a277R67g,"Good, fast-paced game",4,0,1.0,2011-12-03 22:56:05,,
lg:AOqpTOGY2nujYZCtckoOHkeewipRkm0lDAsxUj_ajXe740i1UPApMcsihRNu664AO6sT9FyD43Mxg9stDHDGOg,A Google user,https://play-lh.googleusercontent.com/EGemoI2NTXmTsBVtJqk8jxF9rh8ApRWfsIMQSt2uE4OcpQqbFu7f7NbTK05lx80nuSijCz7sc3a277R67g,i love this game! definitely worth a dollar and i hardly ever pay for apps.works great. very cool...at first glance it looked too hard nut just takes some thinking trying and looking..,5,1,,2011-12-03 16:44:01,,
lg:AOqpTOGe14ErsxAsLHV0ZUXgfwCijwjwsQR4htZ7masHzvSsm12SPhGir1ym4cBOgA9egif6_UMJ3W1O33_tXw,A Google user,https://play-lh.googleusercontent.com/EGemoI2NTXmTsBVtJqk8jxF9rh8ApRWfsIMQSt2uE4OcpQqbFu7f7NbTK05lx80nuSijCz7sc3a277R67g,Super fun!,5,0,1.0,2011-12-01 13:14:38,,
lg:AOqpTOG3aUcZE9fysOW7Ze9rpFzjmjd-6J_rdxx-abdXYedxcGlK7yQMzpoXVuUB5c81GWKy6uQpNES5ObffCw,A Google user,https://play-lh.googleusercontent.com/EGemoI2NTXmTsBVtJqk8jxF9rh8ApRWfsIMQSt2uE4OcpQqbFu7f7NbTK05lx80nuSijCz7sc3a277R67g,Love love love!,5,0,1.0,2011-11-22 06:27:50,,
lg:AOqpTOGeCn3HIwE_pZYTJKoRGpEC9MHmQ-0u6Pk7RU8K46seaI-IjjmsfSD5szykuslTHPBTyrCs3mR8Bbbv5w,A Google user,https://play-lh.googleusercontent.com/EGemoI2NTXmTsBVtJqk8jxF9rh8ApRWfsIMQSt2uE4OcpQqbFu7f7NbTK05lx80nuSijCz7sc3a277R67g,Totally addictive game! My entire family (ages 6 to 43) loves this game. You owe it to yourself to give it a try!	Totally addictive game! My entire family (ages 6 - 43) plays this game daily! Must have game!,5,1,1.0,2011-09-26 21:14:04,,
lg:AOqpTOFPw0J7B7qLnQKz_EinJHuPpfviA5pSX41yz5j3u5oYnXQy03t2dY-1j-kYEHhWOJP2AQ6JWLx_mfMM3g,A Google user,https://play-lh.googleusercontent.com/EGemoI2NTXmTsBVtJqk8jxF9rh8ApRWfsIMQSt2uE4OcpQqbFu7f7NbTK05lx80nuSijCz7sc3a277R67g,"On top of the game being fun, I found my vocab is getting better as learn some new words. Highly recommended!",5,2,1.0,2011-09-09 08:47:53,,
lg:AOqpTOH4leuaaPVfUZs3S5-JjySMhfTliEZogQc8PlNLUPUv95r8Nw8lrQpIgpKGktE7Cl1nPb9dRluTQCg9Lg,A Google user,https://play-lh.googleusercontent.com/EGemoI2NTXmTsBVtJqk8jxF9rh8ApRWfsIMQSt2uE4OcpQqbFu7f7NbTK05lx80nuSijCz7sc3a277R67g,"Fantastic! I decided to tryout a new game, and this game was definitley worth it, its very competitive and addictive! Great buy.",5,2,1.0,2011-09-01 19:00:33,,
lg:AOqpTOE0trhZCaH7d-2rfr2Ys1-_kALWcrtPAwzn4WiDTQIBvBuwRSzUGmIucUGr1Q_Gh4NxFyQAZvdnMYWysQ,A Google user,https://play-lh.googleusercontent.com/EGemoI2NTXmTsBVtJqk8jxF9rh8ApRWfsIMQSt2uE4OcpQqbFu7f7NbTK05lx80nuSijCz7sc3a277R67g,Quick and relaxing game! Love the music and sound FX. Works great on EVO!,5,2,1.0,2011-08-30 20:28:14,,
lg:AOqpTOFLYRv2J55UcouQSY2KRgqe8ULlK8m_vO5OFfGMsvpzC3Z73KpZPT_Qe77KL3vPwNDl2NwaQMT_BXz4uw,A Google user,https://play-lh.googleusercontent.com/EGemoI2NTXmTsBVtJqk8jxF9rh8ApRWfsIMQSt2uE4OcpQqbFu7f7NbTK05lx80nuSijCz7sc3a277R67g,Well done,5,1,1.0,2011-08-27 19:07:50,,
