reviewId,userName,userImage,content,score,thumbsUpCount,reviewCreatedVersion,at,replyContent,repliedAt
gp:AOqpTOG8d5siyjqtCYaFrVL6gWi3ABemuGTMhTbV8kzvV205BgyYDJu2nfIJZQiYj8bOGuxUGFMuWU0s4IFSIw,M A,https://play-lh.googleusercontent.com/a-/AOh14GjMtuKLhQJWeBDDPsj3F2CA5mCYKnImTs8UMtJdCA,Perfect!,5,0,12.09,2021-01-28 10:35:19,,
gp:AOqpTOHK4caje_8Q7hXdbTgCsG8UkTy19OYUKLQ9kPzqCL0OWf4vjhXUSWJpT11xMqY4JGevHIRDfChOVrX_kw,David Gundersen,https://play-lh.googleusercontent.com/-DvpXZ-2rgH8/AAAAAAAAAAI/AAAAAAAAAAA/AMZuuck_LA7rxJuDAkjBZ45eQvH5_v2zzw/photo.jpg,"Really shocked and unhappy that this app sends your recordings off to a cloud service for transcoding (this happened when I tried to open a .M4A file). Some warning before doing that would have been nice. Otherwise it did what I hoped, I would just prefer to prevent unnecessary data leakage.",3,0,12.09,2021-01-27 16:43:34,,
gp:AOqpTOFSzinB9YbidQ3YB0uov780w8JzHJrGGcO5sNb57foxDtF4kc4MbpbUTjCVfo_CKtKIcoITJHiJ4xGkqg,Szabolcs Gavallér,https://play-lh.googleusercontent.com/a-/AOh14GjJuqnNbvv5RQ3eAyxmsYhDO8qjybZJvsfvIYVqu7s,"After some hesitation (.ogg wont open?), I decided to give a 5 star rating, because the app is suporting my productivity so well. I am using it for work, editing several hours of speech files. I have tried many apps previously, this is the best by far.",5,5,11.41,2021-01-01 05:04:03,"Thank you so much for your review! Please contact our support team so they can have a further look into your issue. - https://www.nch.com.au/support.html Sorry for the inconvenience. Thanks.
",2021-01-07 18:54:11
gp:AOqpTOGKbN8FldHtgK-ITVS08Tp9mWznjmJ4NPH988xFYxZWFAbVrzoQdo0PJa_YTGEY897MPLUDlaMjzFn73A,Abdul_ Baldz,https://play-lh.googleusercontent.com/a-/AOh14GgcM6NQGj6TT2Afmo0fHchhc8iFCL8Fpr4ezv59Ag,Good app,5,0,11.41,2020-12-25 01:34:03,Thank you so much for your feedback.,2021-01-07 18:53:31
gp:AOqpTOEBWQfy869cbf6zJs9Xd1THvsI7q54pv9dD98dAPjWGAL0VRPVrEVoSAIdFoo-ATV1Ex1Mlk6rZll4UUQ,Jonathon Barth,https://play-lh.googleusercontent.com/a-/AOh14Gh4HVg3cWKvAfHEi6ib6H2qq26915BIhUgMgg-7ng,"I'm a little disappointed to see the limited file-types for saving. There's currently only 4 file-types to save as, whereas the desktop version features 22! Perhaps this is intentional given the different operating systems. Currently unable to convert my FLAC files to AAC via Android. 😕 That aside, lovely app. 😁👍🏻",4,4,11.27,2020-12-03 22:02:44,"Hello Jonathon, Your feedback is very important to us. We do try to keep our app easy-to-use for everyone while providing all important functionality. We will pass them along to our developer for future updates.",2020-12-16 20:33:09
gp:AOqpTOEm0chGoFxf3zzqNvNwndOsIvKlDWRBuM98BkZqoLVmSNFSy8wjuBNTlkgth2X7X1YVr-KMeqKeUdc_zg,Mushtaq Hameed,https://play-lh.googleusercontent.com/-tf4LzhviaDE/AAAAAAAAAAI/AAAAAAAAAEA/AMZuucnvzSArdKlJI89WtOxCazP--CcZaA/photo.jpg,i hv purchased this app i am using note 20 ultra 5G it is not recording more then a minute,1,8,11.27,2020-11-27 13:30:07,"Hi, we would like to fix this. As we don't have your email address, can you please write to us at https://www.nch.com.au/support/index.html so that we can help you better. We look forward to your email.",2020-12-02 21:54:27
gp:AOqpTOHaQ-HJtmvG0mD-rw9qd_9k4_pK2YFOzi88RGUjWtjuibtMHCin7tsmDvTODYgc9FhbH1I53xWxqipW5w,Hector Macias De Coro,https://play-lh.googleusercontent.com/a-/AOh14GjyRl5YJ3e28wBLyS2aZsfSXS52zHwdzUaa5j5HDg,Doesn't save any edition that I make.,1,0,11.27,2020-11-26 18:24:55,"To assist with this issue, it would be helpful to have a little bit more information. Can you send any screenshots related to the issue along with your device details at https://www.nch.com.au/support/index.html? Thanks.",2020-12-02 21:54:37
gp:AOqpTOEnPNa0_WKyDhlQQesrbyRpKNB0x3bKtWVtdcH1-NL2cWKsd9uXhs9h09v2IB3qVlvubUwancP4_wHxcg,Lydell Londo,https://play-lh.googleusercontent.com/-8KQFAlhLw1o/AAAAAAAAAAI/AAAAAAAAAAA/AMZuucnnPQcxz-3LHkkmt1u6RYj3Dwnnbw/photo.jpg,"The best app on the market, but I can't time my recordings with the beat to a project; it needs a metronome so it can line up with the beat and tempo evenly please add on a metronome as a feature I give it 5 Stars...",5,1,,2020-10-21 23:24:13,"Hi Lydell, thank you for taking out the time to send us your suggestions! We're working on that feature currently.",2020-10-28 23:28:35
gp:AOqpTOF8ytiC6REG2njnFGjwI6jQDtkkuhqPp8Zr5qu1LNMplkZlTlSnoohWJZWZdHiX5hGBY_9DOwKW4RdcIw,Judge,https://play-lh.googleusercontent.com/a-/AOh14GgoXky8vDBMGllaW2yEyE96wyWP83adkjcmlvuW1w,I like it...,5,1,,2020-10-16 22:07:16,Thank you so much for your feedback. We're glad you like our audio editing app.,2020-10-21 22:48:28
gp:AOqpTOHobzFzqEHcV7onLzjoSqdKwk1HQ195_rFG8nT8ozHVM0B_opLDzDmi6fTa2lbHnFkJfvROJpVgo9nIKg,Kristine Gaur,https://play-lh.googleusercontent.com/a-/AOh14GgD6YWPbEpgEGqmi5o5D33FwMbsL2ltyiyTzLWjyHM,How do I get rid of the ads?,5,1,11.17,2020-10-16 16:37:58,"Hi Kristine, we have an in-app purchase to get rid of the ads.",2020-10-21 22:46:44
gp:AOqpTOFCbUVVp3VXxm41UR8sFJC43XVPvv10SJQdj_bzI54-6awuXTcA-Hi4PXxqM7p9Z3NuJrt_XYDOySopKw,Jeff Kretzer,https://play-lh.googleusercontent.com/a-/AOh14GjrJQd5-xmnUMrsp0jYgaRMtuKIyFJn3TyTc3POUA,Now perfection!!!,5,4,11.17,2020-10-14 06:35:29,"Hi Jeff, we're sorry you experienced issues. To assist with this issue, it would be helpful to have a little bit more information. Can you please send any screenshots related to the issue along with your device details at https://www.nch.com.au/support/supportcontact.html?software=WavePad Thanks.",2020-10-07 21:31:31
gp:AOqpTOEJgdGSKLa_SoAi8wEYQMiYVbM5LNATPbj3PqrlN06XZEN-gfFjMifmztd_D2Sriw54AmQfhfWwr5hLtw,Niko Moore,https://play-lh.googleusercontent.com/a-/AOh14GhYXNyMoaD1AbMjGwLxnT5qoJdfL0R_mJpMpjH2eA,I enjoy the app but why does click and pop removal app more clicks?,4,7,11.14,2020-10-02 05:41:27,"Hi Niko, to assist with this issue, it would be helpful to have a little bit more information. Can you send any screenshots related to the issue along with your device details at https://www.nch.com.au/support/index.html? Thanks.",2020-10-07 21:24:29
gp:AOqpTOEC0Q7_5wtpaSRFcaHnsvmp500_WP4d2Ur8uh9GHe_1GkjrOHABwlp09f2V7JMWk6hkrK8hHpPiGl8eqQ,Cory Spencer,https://play-lh.googleusercontent.com/a-/AOh14GhUWjzYs6oVz3h2CwZE9_AABidZ1xOQvqCqwJVOvAY,Good app that I plan on exploring further.,3,1,,2020-09-24 17:17:30,"Hi Cory, Thanks for the feedback, we do support Chromebooks for WavePad Android. Please do let us know if you have encountered any particular issue. Thanks, NCH Software Thanks, NCH Software Team",2020-09-24 00:19:02
gp:AOqpTOEj_J525gx5ds1ztXkNcYTJ0NLAvm9UK_wtcD03XTpPSWkSYZejifimZk50yVa9xEm4ppox7dYAFZM_og,Christa Williams,https://play-lh.googleusercontent.com/a-/AOh14GifhEX3gZ_D9lzU7UEV1NJ2aj09vOImL20r-VLgQQ4,Works well.,5,1,10.88,2020-09-11 16:00:16,"Hi there, Thank you very much for your balanced and fair review. We are glad that you are happy with our software. It's something we've worked hard on and we're pleased our efforts resonated with you.",2020-09-14 09:02:21
gp:AOqpTOHUDgTYtotSjKO-L6qb5NabQCQlXMPWK13uO-QhaBTKAsx8d05Ixxq3sEG-nAw-V9oipt4hFA0bBBgJRQ,Joanna Woodworth,https://play-lh.googleusercontent.com/a-/AOh14GjWVcSrcjp8vH3H5Xuie_DN50rC-bg17vjbnjwCIw,"Used to be great, unfortunately since the design change it's just been nonstop glitches, if you try and open a file in the app it doesn't go straight to the file as it should, you have to go to ""open recent files"" in the app which then adds the file you tried opening to the list, however as long as you stay on the app and try and switch between files the ""open recent files"" area will continue to try and open the file you've already opened again and again. Extremely frustrating!",1,1,10.88,2020-09-05 13:15:59,"Hi there, Sorry you're having trouble with our software. Please try to uninstall and reinstall the app. If this will not work, Please share a short recording of the issue so our developer can have a closer look. You may send it via cloud storage and paste the link here. Thanks",2020-09-08 09:25:17
gp:AOqpTOFjU31jHZ-_fgiYSfH69otodanIwKLZi6yw89qrau6LJgvIeLlTcp2oSQghF-P_WgSdQMBDQuOSJQJgag,Pat F,https://play-lh.googleusercontent.com/a-/AOh14GjI6sbSwMFcJA4LdMY3eMp_y9WCtvQFXeNIPRP5aA,I love the app except I lose the ability to select certain parts of audio. Is it a bug?,4,1,10.88,2020-09-03 20:13:44,"Hi there, Sorry you're having trouble with our software. I would encourage you to submit a technical support ticket here: https://www.nch.com.au/support/index.html. The issue sounds complex and better suited to technical support rather than community support. 


Thanks",2020-09-14 09:07:46
gp:AOqpTOEJnAaIWmzeYVR8337VqJ2aiNI-aJ_H_8foShe5rfFw2tgjUxIVnqN0X9t91P--H1bnuR9btUp9FqcK3w,Ashleigh Gutierrez,https://play-lh.googleusercontent.com/a-/AOh14Gh7vX494hsxv23u0CB5QJ2SibGQ202IdHtHkr_j,"I love this app, and bought the master edition to full utilize it. However I'm having an issue where when I go to edit it, and delete audio the wave form completely dissappears and I have to reopen the program to continue my editing. I've tried several times to figure out a way to fix without doing that to no avail.",4,1,10.88,2020-08-23 22:56:30,"Hi there, we are sorry for the inconvenience this may have caused. Please send us more details e.g. app version, sample project, crash logs. We will pass them along to our developer and we will fix the bug on the next release. Thanks",2020-08-24 09:29:35
gp:AOqpTOF805a6Hw43GqRcnqN8mL1jr-nIl_q6NF-Zk3TUM7AlmghvBYK9sgFngntMawKsH29Z2Z7zBGu-Bb2Btg,The Recovery Atheist,https://play-lh.googleusercontent.com/a-/AOh14GhBiGxfLm1i_eAFg8cK8jiN5huVKZ3eJWAbBm1udg,I use it for my podcast everyday!!! My podcasts have the perfect sound now!!!,5,2,10.88,2020-08-22 21:36:13,,
gp:AOqpTOE5hiwulDCVxQQ3Phnyxc9u3VE0T2pTiG80R97ALTR9wkRAKiLOvqMPaLLMQn6tkFeZVtDDMRQcx9r9cQ,Dustin Rice,https://play-lh.googleusercontent.com/a-/AOh14Giwjz-Nr4ymAFqTwczNkrKJG6N7lyICib006K2ECDs,Yup,5,1,10.73,2020-07-21 19:32:35,,
gp:AOqpTOHqfMWJjAgrWzc8IuLTsJdupxWfjirOHRWSPS2qbPi1a64c2bJV_fvQX1w5RKtt9hmPHz8SjFIZDpWRvA,NIKHIL JAIN,https://play-lh.googleusercontent.com/-I_rnk89oz8M/AAAAAAAAAAI/AAAAAAAAAAA/AMZuucnNIrBd9c90DDlx6wAiVU3ygNyn1w/photo.jpg,Awsm app,5,1,10.73,2020-07-08 22:02:14,,
gp:AOqpTOGSFHddXflNscZ33siAdWCefYgbYeSYXZkvca16uS-sc_9DsAqT1uXuXO2xepeQr7ifjOR1H57yigQOLA,NIKHIL JAIN,https://play-lh.googleusercontent.com/a-/AOh14GiqQPpYeWpWTOlrfeR3Y8bUIhTzW0WP72Vv6dn7Uw,Awesome app,5,0,,2020-07-08 21:46:13,,
gp:AOqpTOEF3zIcGgK4nsSSckEk3X9r6-7QgTfU4lWDeDwQKGCAzd_4JL1GF_78zBkm6MAHVkDDF27oygK6-Rd4iA,Jared Skye,https://play-lh.googleusercontent.com/a-/AOh14GhaQ_4U8rO-uM0C3a-LN_uICyGD2TNpNLbkBrwGIQ,Glitchy,2,0,,2020-07-04 02:18:35,"Hello, Your feedback is very important to us. We do try to keep our software easy-to-use for everyone while providing all important functionality. We will pass them along to our developer and we will fix the bug on the next release. Thanks. -NCH Software Team",2020-07-06 03:49:44
gp:AOqpTOErKA5I7xrODrFqWqwgOxxELr-ecYCppz0EKjTSlEJBQMk5MXQB39QVwLHRscscwLPXWpmE2FrfM2fyZw,A Google user,https://play-lh.googleusercontent.com/EGemoI2NTXmTsBVtJqk8jxF9rh8ApRWfsIMQSt2uE4OcpQqbFu7f7NbTK05lx80nuSijCz7sc3a277R67g,"Very happy to see that they've added higher bitrate options for saving mp3 files up to 320kbps, in addition to the existing support for WAV files & also added support for AIFF files. Good quality audio editing software. I would still love to see support for other file types I use (such as m4a, FLAC, & ALAC(apple lossless m4a's)). But I was very glad to see the positive change & haven't had problems with the software. I'd give it an extra 0.5 stars if i could. more file types would make it 5 star",4,125,10.73,2020-07-02 00:42:10,,
gp:AOqpTOHyJo3ngt9rhX97zQGnfXcDX0Q6v5wqSLfJ_sisS4TNLdjnSr48QOU36Q_UbjXiNGFGrKgl27YsyAmPyw,FAISAL AHSANI,https://play-lh.googleusercontent.com/a-/AOh14GjGCHeSks8Y2cbxNQkFqAKhF9RxwWA_rPB4C6cLyg,Beutiful,5,1,10.70,2020-06-11 06:57:34,,
gp:AOqpTOEINaLMJeDiYpRd5Mh0NkOSFVoF-nSSQlFE6JFDRIAmAgCKJXD_mLKm6orWUMseBgou5K_3-U6Dkj1IbQ,Arayan Black,https://play-lh.googleusercontent.com/a-/AOh14Gjqj7vP1b7jYHS-j6nmISwYPldBLTf592TtxkSX,GREAT,5,0,10.57,2020-05-16 23:02:49,,
gp:AOqpTOHb46XBI0R27XyuD4EmTsd9pQmOCiV9epnNfg0EkC2dKvRfqRffO8x2PmZGqKPSLMUwvgSNJ2QSV9Vj7g,FkAsTuPiD O,https://play-lh.googleusercontent.com/-u_X3UI7mX2E/AAAAAAAAAAI/AAAAAAAAAAA/AMZuucmeSzw0BAMNvv2VxWjx7WhzYd_Esg/photo.jpg,Good app,4,1,10.57,2020-05-14 22:36:57,,
gp:AOqpTOFtQZjvJsWO-Qj3F2j-YiXzo_wzcM_7PyVQ5d8ozntJ9ttmScZ5NkGTK4w_1BVPV8zCPduBfP7jXEY6ig,Ashley Whyte,https://play-lh.googleusercontent.com/a-/AOh14GiGHxSGuf2PXRzeyY12k_-nOhVzY2DU3vkYV4A,"I'm experiencing an issue that I have not been able to solve. I purchased the Master Version hoping that it would just a glitch with the Free app, but it's still happening. When I start a recording, audio levels are fine and the file continues to record sound as normal. However, when my screensaver comes on the sound mutes and no audio can be heard, but the recording is still going. When I unlock my phone, sound is picked up again. I have tried troubleshooting the problem by turning off all battery optimization and any settings that might restrict the app's background activity. I have also adjusted the screensaver time to see if the problem still happens, which it does. The audio seems to mute approximately 1 minute after the screensaver has come on, but resumes immediately upon unlocking my phone. This basically makes the app useless if I cannot record with my screen off. Why is this happening?",1,29,10.50,2020-05-02 10:24:09,"Hi Ashley, We have escalated this issue to our Development Team and they are taking a closer look.Can you please tell us what device you are currently using?  In the meantime, our Support Team is always available to answer any question or concern you may have. They are always available for you here: https://www.nch.com.au/support/index.html
 -NCH",2020-05-05 06:37:03
gp:AOqpTOHn8qljCxs_UYPB6pltC1rYDUBkvP7QyRCniMB_4_5cBrkvPv4egM9_X9dDmEcDExW5YBfuXCCXeaZPlQ,Nifty Naveen,https://play-lh.googleusercontent.com/a-/AOh14Gi_R7HMvjBHRgLRc1ZvyVMdrJ30Or0XiNmm9YPBIA,Wasted tooo hang,1,2,10.50,2020-04-30 01:01:52,"Hello RJ, we are sorry for any frustrations this may have caused. In our efforts to enhance your experience, can you please elaborate on what went wrong? Our Support Team would love to hear from you. They are always available for you here: https://www.nch.com.au/support/index.html 
-NCH Software Team",2020-05-04 14:05:21
gp:AOqpTOFnbzSfN0UgGxEfsMevXysfQBLaIAfc3t-wAgIfkzW5cd1fEdaweJe_DTmwv0vlQMFxGHN2S0a4tRMDDw,Angela Waters,https://play-lh.googleusercontent.com/-DrWNdRLGojk/AAAAAAAAAAI/AAAAAAAAAAA/AMZuucmv4lvTMgPesUp0JZoR3OQCpuIhJg/photo.jpg,Awesome app. Amazing features,5,2,,2020-04-29 22:51:37,,
gp:AOqpTOGUys3mUeywQXtTVNZNgUvtmv1mP0-AJwSJ2sEhwtwCp1mcoRDB9G660VH-BqBfXsN1uzI5vpH7z9_8YQ,Rossy Meraz,https://play-lh.googleusercontent.com/a-/AOh14Gh8EQAbpbP6PzdDQl6gzHuJUF4aMwfbtJSbi8urjw,Would love it if more features like text to speech were added on mobile.,3,17,10.50,2020-04-25 01:02:18,"Hello, thank you for taking the time to leave us a review. We are constantly trying to improve our products, and your feedback is very important to us. Please share them directly with our Development Team here: http://www.nch.com.au/suggestions/index.html
-NCH Software Team",2020-04-28 14:31:51
gp:AOqpTOHwfMaJ4HOyGzYy5uVXiA6vL-KQdDhscSjlkiw96SIEjrLjp3pBF-azoPBDSISrix6ZYx1aqEuvmz7gSg,Aayush Raj Dubey,https://play-lh.googleusercontent.com/a-/AOh14GgxMlHfzN74sWyAI_YMqhVq3XFVahFob7PmFZjP,Good.,5,1,10.19,2020-03-12 09:37:32,,
gp:AOqpTOFyz8PvFWqTlUq5IfhaFL3bTAO9Qvi2b7kaWCGddapnFuU38izp3M1jSzidxJNqOok4VqrYHas74jQ_zA,Fred Flintstone,https://play-lh.googleusercontent.com/-E-ywLAi8xgc/AAAAAAAAAAI/AAAAAAAAAAA/AMZuucm8i5vHDXhDRJLH3PoGFi5RErO3TA/photo.jpg,Greatest app purchase bar none,5,2,9.46,2020-03-04 17:01:41,,
gp:AOqpTOFjPJiXGxltMsZnhbz6XTje2tCj-rRIWJXxLo97GtVo_kqnEWj43oGzpLY6qqPM3Hl6l9TuNUBGiHuQfg,Not Sure,https://play-lh.googleusercontent.com/a-/AOh14GjQUESnFOpV58ox96MYc8Jcf70Rhu8b6BK5y2Gu,Awesome! Been using it for years.,5,10,10.19,2020-02-24 12:50:58,,
gp:AOqpTOGERd3W8OVokFwl2JDPbla0yxt6rcDVJ_tseJQuP62eo-LIWelyK8yGXxZvXJDPaEuH191HH0pdkWGWTA,heather campbell,https://play-lh.googleusercontent.com/-IST3RXcwyV8/AAAAAAAAAAI/AAAAAAAAAAA/AMZuuckNlRBCM9pRw0FpD7zvZQ0pPt2OYg/photo.jpg,Its easy to use,4,3,9.78,2020-01-24 20:26:52,,
gp:AOqpTOFqVA4TTFQiJrmemQW8ie65htSEPHvRQQKqwnkfTfu2zNgQFd4S37HaLcnHhmmn_eDNM8_m-xKa3uLmrg,Christian Sablock,https://play-lh.googleusercontent.com/a-/AOh14GgcYwoUIhKjqgmDco1FxW--JVj8pljh0Q1RFyIG,"Awesome app, been using it for years",5,4,9.78,2020-01-16 07:19:50,,
gp:AOqpTOEUbHIR_FsWQFHEtmGwa6NYM9Jvbvsae-PA3rfe-l58hyFpOAguGnK5JuonleSObW5neNoEnf03DoLhdg,Rafael Bernadine,https://play-lh.googleusercontent.com/a-/AOh14GhGCMPwdCCstsuson7Gp8O6vdEi3fKJYJjJetw,"Mmm, the UI has definitely been enhanced. I suppose my previous reviews were a bit premature and made during the transitional period of development - it will be worth seeing how far these enhancenents will go. I honestly know that this is the best ""wave"" app in the market. The menus have taken on a flowchart-like feel and use to them, an if-and-or with less back key uses.",5,19,,2019-12-27 07:45:13,,
gp:AOqpTOH-Ytk0OKj9vM0k8_Ce32VugDn_UfC14ELk-q1QxxwoMGzQoDLJ5Euv60Xp3DC2qkeAB6yJhNNyEfgGDA,Cris,https://play-lh.googleusercontent.com/a-/AOh14Gg_wvlPbgMaIh74KvifwY_efzHsjm5K_eDAQP3XDiQ,One in a kind.. Thank you 👍 👍 👍,5,5,9.78,2019-12-18 15:01:09,,
gp:AOqpTOFiebUIxIepgQkxyJUm3ZN08vCncyhGv0XPbJENmQMGeadJu7NoOXqEZfT7AIC5lsJCSERELwoo3U2DBA,Dave Cole,https://play-lh.googleusercontent.com/a-/AOh14Gisz4UHQkDqnlYvoZuXu8OxWBabNpqUdfCC1nxZ-Q,Great Tool. Similar functionality to Audacity.,5,6,9.46,2019-12-13 06:23:20,,
gp:AOqpTOFf5qVCjdlzgxgphWCUYjx8SKRN0BFShl8gNcqPqVlxkFcyiAMWydIUUpIP53bsHrA7tegeLm3Vm4nxJQ,Brandon Kiger,https://play-lh.googleusercontent.com/a-/AOh14GgdohCc0RhWzRteTR6eTwyiZyDgWMhDfk1E59W7ig,It was an Awesome experience!!!,5,3,9.46,2019-12-10 07:44:09,,
gp:AOqpTOFa61qGfv6SmDvaolg82QwuZEnq5ScWCEvsCCZk4vZhLLm33QeIrAADmcsaPgI-fxM8QhN8x_i_buDONw,Ace,https://play-lh.googleusercontent.com/-BP8tkS3gfbo/AAAAAAAAAAI/AAAAAAAAAAA/AMZuucltXgMNA_o0outhGeSMGpFR0Suufw/photo.jpg,Best DAW ever!!,5,3,9.46,2019-11-16 18:38:00,,
gp:AOqpTOEIY02E0_J-pwfcoqF8z-1Bkdy7nfNjdakNn0DM7b6jqCxmr1h7YkWlvLYPOWE24bmFxHyIKpW21OiOzQ,Tanzi F,https://play-lh.googleusercontent.com/a-/AOh14GiP21_1oK4t8GwneLk8RqNmptWH-Nri4zsuJfeq,I have recently purchased this app for $24.99 & when I upload a file it says error then another message comes up saying error could not load this file. Storage emulatoed I have since deleted all files and uninstalled and re installed to see if that helps but it's still doing it.,1,28,9.46,2019-11-06 09:40:44,"Hello Tanzi, we are sorry for the inconvenience this may have caused. Our Support Team would love to help you troubleshoot the issue at hand. You can reach our Support Team here: https://www.nch.com.au/support/supportcontact.html?software=WavePad 
-NCH Software Team",2019-11-18 10:32:34
gp:AOqpTOHRBXlITZ9txPSSVL9m2rHvDaN4jRY9Fmbm7XTqwquWxu0K82_64zC0dNxUwk12NzIE0dsZzwB2hQneSw,jerald wall,https://play-lh.googleusercontent.com/a-/AOh14Ght0K-uDkStmIvLVEXvWRG0tA6SA-NEGs-l5ygw,I've had no problems its a wonderful app it gets the job done.,5,12,9.46,2019-11-04 23:44:30,,
gp:AOqpTOGvkTbDZubn86jdbdflU7bi8JpPxUtA2sXGSxsr33XleaaiAnsRMBBTngwpNyv21F6HVk5azjTT7PzQ8g,Stephen Burgess,https://play-lh.googleusercontent.com/-0fab2r7kKLU/AAAAAAAAAAI/AAAAAAAAAAA/AMZuuclbumz3frgzWKSMtZS940LLN8YR8Q/photo.jpg,I love it works great,5,3,,2019-10-28 13:22:40,,
gp:AOqpTOE_tIEl5OaRjL4sEKaxFGBOyzVQ7NfjFNme0NK4dvljEFCwpJpvZfOf0w0IumgdfCkg5pGJmeNMOZBHKw,Jakota Clay,https://play-lh.googleusercontent.com/-GBnEjQKjfb0/AAAAAAAAAAI/AAAAAAAAAAA/AMZuuckqkAW-sBc6DfEdRCsdyhtASG8GrA/photo.jpg,Easy to use,4,4,9.46,2019-10-23 17:56:55,,
gp:AOqpTOEz1CWpDA7lahIpJUeNtNKGdhfoZMzBTVE9kDZsuF6nAByjTW2Sa0BtUe4eEGPWQWW_mzPUfZfraRqvrA,Asif Khan,https://play-lh.googleusercontent.com/-QFwyf1D2JDw/AAAAAAAAAAI/AAAAAAAAAAA/AMZuuckqdgcEQGA-21FDzfkHbQeGmQPVvQ/photo.jpg,Very good app!,5,4,9.44,2019-09-29 10:00:03,,
gp:AOqpTOEdzoKtGBjJGDqnUVkI3yBEoO_COBzvu-SN7FuOIR73ltzZJHtsWSyCqWrvcYNfKL-L7qcgmp03ZS1rbw,PAUL HAZ3 L3DFORD,https://play-lh.googleusercontent.com/a-/AOh14GgNmuDZIokxUfa95PAwqD0gTWNPQ2AxjjW5MK-R7Q,Production at its best,5,3,9.37,2019-09-16 10:27:10,,
gp:AOqpTOGUZlBJWoyjU1pnwJbfgL04qLMIMVykT7GV-3tRp0n8bAs9j8ulJ2_A7BABQnPFjrTFI9xzn5_OiivFbA,scarezone,https://play-lh.googleusercontent.com/a-/AOh14GjdhK0F0g2PGHWATKXYC5H1Sc7weM2G5Yto6GKmtw,this is great recorder works great for me im a ghost hunter ive caught alot of evps with this app im very happy with it,5,16,6.52,2019-08-03 14:25:23,,
gp:AOqpTOE-4UQU1dNncyipwskrDuruwCs9DG0QYbvT31X2SZLC4Y5JJSIv7MzgKvdbV_PBctzAWZMczjDwKJJRlw,Miriam Kivlehan,https://play-lh.googleusercontent.com/a-/AOh14GizyYYPKDWZldsvIG-96qYdikKwxY-eFyKocLAD6g,I've happily been using version 6.2 for years on my S4. Moved to S8 recently and full functionality of paid version did not transfer. Installed V9 and attempted to upgrade to full paid version AGAIN but option not functioning. Took €1.09 purchase for no ads but WONT permit purchase of €10.99 version. Never tried so hard to GIVE A COMPANY my money to no avail.,1,12,,2019-07-26 10:05:04,"Hi Miriam, 
We apologize you are encountering problems purchasing our app.  The best resource to help troubleshoot this issue is our Pre-Sales Support Team. They can be best reached here: https://www.nch.com.au/support/faqcontact.html We look forward to hearing back from you. -NCH Software Team",2019-07-29 14:08:30
gp:AOqpTOHX6dQLaltUU1oL6BO1Y2rgb7l_qH3dwsOkYbhrPtu0CT_mInBzeyK-o7V9d1gG9VsVNje7JAv0WvhWdQ,Brittany Duncan,https://play-lh.googleusercontent.com/a-/AOh14GgBL-h9XZgJh5UwEkUZlOVfBSPKN6reLTqmdqC32g,awesome and easy,5,3,6.52,2019-06-19 12:45:14,,
gp:AOqpTOGxDdijUPVvSvfK-ejr8SHKG3j9M38V33b5P6vDqRwpqt3DbeAQAzb2Y6JKaR1pla9Y3vS7SjfOTx474A,Chey Marie,https://play-lh.googleusercontent.com/a-/AOh14GhEA0uYV9PGsI1CiqDlKAEXgPLTLFFJqlSyS_0vmg,Unhappy as the computer software is good. This one doesn't allow you to do anything it says in the pictures. Options screen has nothing in it. Absolute trash avoid buying,1,17,,2019-06-07 01:56:10,"Hi Chey,
It sounds like you are experiencing a technical issue. We are very sorry for the frustration. Our support team would be happy to help you: https://www.nch.com.au/support/supportcontact.html?software=WavePad
Or if you would like a refund due to the inconvenience, please open a ticket for that here: https://www.nch.com.au/general/refund.html",2019-06-13 13:40:07
gp:AOqpTOHIyWM4KDD2liJZGJmrSltn37EilBcCklSc40fThRD_oqoK77eeZ4CCot7xplFXfNdrtXFsU_D8W7wQTA,A. Siracuse,https://play-lh.googleusercontent.com/a-/AOh14GgzPMDhQ1NwrLVD1GfUKdKj7UO0Mg85oEdWQfWKw7Y,"had this app forever ...no longer works cant even upload files or anything. hasnt had an update since 2016 . also , when using the noise reduction features it leaves a horrible digitized sounds in it's wake that is probably worse than the noise you removed ever was. can we get an update sometime this decade?.....edit*** i have contacted support a few times and was told an update would be released....sometime....no time frame ...no patch....no work around ..nothing.",2,57,6.52,2019-01-16 14:00:49,"Hi,
We are sorry to hear you are experiencing these technical issues. We are currently working on an update and hope we can provide it soon. If you would, please message our support team so can investigate the problems you are experiencing and we will do our best to resolve them: http://www.nch.com.au/support/supportcontact.html?software=WavePad",2019-01-16 11:55:28
gp:AOqpTOETixQPAO5Anlzyg9k511Q-CjCfvhrFQWXAUjinawGaj6HimdiUcusj2TlfWFfMntF3d3mgLYoEpKCkdw,Loretta Dallas,https://play-lh.googleusercontent.com/a-/AOh14GisGnq401_BPcIlHJEviMyQ9m3XElXKlcuaHmT9aQ,easy-to-use good for editing,5,5,6.52,2019-01-09 11:46:18,,
gp:AOqpTOG6Rez4xdeEZ0UwMerPmC4r-Heaym_Dk0db-H2YRDTnwToCeCrw0YuRjbJI0r6TtXFzcMiY36lHov0-4Q,Bryce Chlebek,https://play-lh.googleusercontent.com/a-/AOh14GjRDMbW3zpl2t-TD69OVOQmHSzP0_DgJ09ViJEUbw,I recorded myself and it allows playback but the options button only gives me a blank page. At this rate i have no way to edit my audio.,1,8,6.52,2018-12-21 21:42:25,"Hi Bryce,
It sounds like you are experiencing a technical issue with the UI. Please send a direct message to our support team so we can try to help you resolve these problems: http://www.nch.com.au/support/supportcontact.html?software=VideoPad
We are very sorry for any inconvenience this has caused and we hope to hear from you soon.
-NCH Software",2018-12-27 14:31:49
gp:AOqpTOFzeOE757cyR2AyanCg6srhPOaaQDOlwCeZz9qgZk-oql-Ckx6SxjvyGUvAxgAE3Muvc2Y540V2YNAqnQ,smooth xbabby,https://play-lh.googleusercontent.com/a-/AOh14GhkpJ7BjJIbWVqZs_jxEGIrpNZ272fqjxh3R954AQ,I started using this app on the free demo so I decided to buy it and ever since then anytime I rap or sing I use wavepad it's worth the money it's worth the time I love it,5,10,6.52,2018-12-04 17:07:59,,
gp:AOqpTOGvQJFcEkyyk800KlMofX3JMa9Kvw-dy7pl4oJUlnuzyy2dfnA64IeSQo08-NmNuGH_wPrg00HTsJLDBA,Lena Castronova,https://play-lh.googleusercontent.com/a-/AOh14Gj3ic63AmuHTqp8WJfimNvtJySJvlowPM8XYd0psg,There are no settings.  Wave pad was awesome. What happened. The free or 5$ version is way better.   I was charged 14.99 3 times  trying to reinstall and you still owe me 14.99,1,9,6.52,2018-11-18 13:28:42,"Hi Lena,
Thank you for reaching out and we are very sorry the extra charges you somehow received. Please message our support team and we will be able to provide you with a refund of the extra purchases: http://www.nch.com.au/support/supportcontact.html?software=WavePad 
-NCH Software Team",2018-11-28 12:10:59
gp:AOqpTOFqqVbHIqfztrvNOJ0WraFT8tbXgvWeo7Ad6ROYd5gDA1fhxd91PvFJC-whs1EvDPvjGkk4dHzzRVM51A,Elite Mobile Entertainment,https://play-lh.googleusercontent.com/a-/AOh14Gg9xCwLMlsPMhyMj4PykMS4p70_UlwQO2vH-R8uyg,Very limited functionality with the Masters version using Galaxy Tab S4,1,10,6.52,2018-11-10 13:43:58,"Hi,
Are you experiencing technical issues? There shouldn't be limited functions in the Master's Edition. Please message our support team so we can work on this issue with you directly: http://www.nch.com.au/support/supportcontact.html?software=WavePad
We are sorry that you having issues with our program and hope we can help you soon.
-NCH Software",2018-11-13 12:53:06
gp:AOqpTOEfF3lBQym6vPzZprHwaXQmBHl6RLa-Apja_b7GSCKEAYu52WTmxYbc0XaBPIWQcCK-TTle5IQ05aD-hw,Larry Alpers,https://play-lh.googleusercontent.com/a-/AOh14GgYtxzkoWfRJVLNqxnhjwMnrxpHrR4ysbT7ZQK04g,Love it use it daily for years. Edit and effects are great. Pro gear for pennys!,5,7,6.52,2018-09-30 21:29:48,,
gp:AOqpTOF0WKVBwV0D4nixfQpGhfywqw0urIGdYjsNkpR5KsTv6_ksLrWuFw9kqDRoIFSrOjQECH6K6_yCcxvYqg,Red Faz,https://play-lh.googleusercontent.com/a-/AOh14Gjbbcs4WcIwF6idALIhgshMrpDT-xhWDt9wfRIwqnI,"Great app, just needs updating as since android 8 I can't see or change 
options",4,2,6.52,2018-07-19 04:35:56,,
gp:AOqpTOFkoMNRGqFnwV1wh--zVzVcSZ9AU4HkXOssE5IAhxdusOtnxjsdSunguhxhsgqKAbYd78qJeDgvV9HIIA,Tamara Megee,https://play-lh.googleusercontent.com/a-/AOh14Gj6ZMDCjYooHhPvF9ZsCj46IDaNX9hPXN5pYOUWtYs,Short and stupid,5,1,6.52,2018-07-18 10:57:46,,
gp:AOqpTOEgjKnGJifTSTIsJfujpVgzwvWZmlN8Id3j_I5fABmZJT2BVOzqt3ZN4a5iV0o2uLJa0Toqf4L-pDQzgg,Tayi Neeharikha,https://play-lh.googleusercontent.com/a-/AOh14Gha3Ux0oGbR7egdVTyYEriPFpmpBC8GAgeGgx-j,It's good I didn't find join batch,1,1,6.52,2018-05-28 02:16:25,"Hi Tayi,
We are sorry to hear you are having an issue with our program. Please feel free to message our support team with more information on the problem you are having and we will do our best to find a solution: http://www.nch.com.au/support/supportcontact.html?software=WavePad 
-NCH Software Team",2018-05-29 16:30:09
gp:AOqpTOFCdIVWErCSpYPypkE2EPCwDbVyRxKdmXVnXSL_5yo-ZzbOkVNbVUJtx_i3X-TjahmO64xVxfm85Qc_BA,James Mayo,https://play-lh.googleusercontent.com/a-/AOh14Gj1GSnZlMDIYercvg2n3xrZXXlt7bQ-KF9HhuAs1Q,It good,5,3,6.52,2018-03-16 00:27:37,,
gp:AOqpTOH9hK2QiQzwaWcT68baG1SQs_bHyVQUass_uXS21Xo_D8Jmc7c0PRMt31WndMeVC0ep_nNoaiu5gZRxiQ,Jessie R,https://play-lh.googleusercontent.com/a-/AOh14GjuZuZF1hulwUk8GpJhYbfCqJFoAoGAyvTVRmhwjw,"I am finding it difficult to use the stereo pan option, although the track is shown at the top in the preview, there isn't a correlating bar that travels through the sound wave below to show at which point you are transitioning from left to right headphone/speaker. The bar at the top that moves through the music doesn't have any point relation to the sound waves below, so I don't know where to edit. Please fix!!!",4,27,6.52,2018-01-05 16:42:05,,
gp:AOqpTOFzLyjFr1imuFzYkBa16orB_lDe_q8lnw-IXywwrGcO1dJpWetmg2VYbrf2zgTfzH-7c0kkmsxZkGXllA,Andre M. Sastro,https://play-lh.googleusercontent.com/a-/AOh14Gh0wr9duCTmTYpnYSiVxO0LVdYQSoMdvGc1iQSEEw,simple dan mudah digunakan di YogaBook... Mohon permudah export/save file ke onedrive,5,5,6.52,2017-09-01 13:16:29,,
gp:AOqpTOF3M7Rdk-8aLRo4k0bFlpL8R3rWyPL4qStLcw5fHswI6zUPt6Ich7mgxgxqIpwNnlzYbpygHAkAD5OsFQ,A Google user,https://play-lh.googleusercontent.com/EGemoI2NTXmTsBVtJqk8jxF9rh8ApRWfsIMQSt2uE4OcpQqbFu7f7NbTK05lx80nuSijCz7sc3a277R67g,I love it. Its a great app it does everything in need it to do thank you the only thing i wish i didn't half to pay but it is so worth it cuz all i do is edit my voice and other stuff,5,30,6.52,2017-08-14 03:41:38,,
gp:AOqpTOFufyv238U0c67JVweGfQOxnNpBibmkiR8vrM1jHWdUAtWwOj7-SxiOeCJbzQ2AoqnX0oZtLJWpWjTtFA,A Google user,https://play-lh.googleusercontent.com/EGemoI2NTXmTsBVtJqk8jxF9rh8ApRWfsIMQSt2uE4OcpQqbFu7f7NbTK05lx80nuSijCz7sc3a277R67g,Hot ! Real live mastering app!,5,4,6.52,2017-08-10 09:54:57,,
gp:AOqpTOEP2oDcKZDxH_4c8_rhfy6poAmX1MFbOuMDjMvpOfaOW9Z14g_ZtMZCEzG6fsJ9G71QxNn3ADkkAQxjsQ,Lubica Brown,https://play-lh.googleusercontent.com/a-/AOh14Gj8SmZ8Mgas3aRc6nt5DxjQPwcYEgCDtAwvi_wysQ,"I would love to give a higher rating. However, this is false advertising. On the Android app, there is no editing menu. You can only record and send the recordings. It looks nothing like the pictures. I'm sure it is great on a CPU, but I wanted to have a software that allows me to edit on my phone. As of right now, this one doesn't. Please add the editing menu to the Android version and I will give a higher rating.",2,117,6.52,2017-06-22 17:03:27,"Hi Lubica,
Sorry to hear you've had difficulty accessing the edit functions. When you click on a audio file, the editing options are at the top of the app. If you are still having difficulties, feel free to contact our support team here: http://www.nch.com.au/support/supportcontact.html?software=WavePad
-NCH Software Team",2017-06-28 14:16:05
gp:AOqpTOGFh1ilictzgyXjtaICKZnGmXHJtxO4wRWJggKCQilOOPvqKuM-JVZbkqtepAw3Td2UvB5B_I60ISUAhw,Michael Logue,https://play-lh.googleusercontent.com/a-/AOh14GgHL0ZwN1L0IQNU3RCOacSZdvVDDE9i4DqEg2tKhw,Just paid for the app. I got this so I could edit high quality mp3's on my phone. You only offer 128 kps. A 256 and 320kps option would be nice. I would give you a higher rating and better review for this addition.,3,51,6.52,2017-04-14 03:28:11,"Hi Michael

Thank you for reviewing us.
In our endeavour to continuously improve our app we welcome suggestions from all our users.

Kindly, share your suggestions with us at www.nch.com.au/suggestions/index.html

NCH Software",2017-04-20 20:06:56
gp:AOqpTOHODzQuRjjczgE6qJnjXwg776zRYww5ccWupt3v6aRALrHYD58VxGcDJXNJN2Rd3tFfiYTfTL-nkmhGzQ,A Google user,https://play-lh.googleusercontent.com/EGemoI2NTXmTsBVtJqk8jxF9rh8ApRWfsIMQSt2uE4OcpQqbFu7f7NbTK05lx80nuSijCz7sc3a277R67g,So inferior to Windows version. Waste of money.,1,31,6.52,2016-11-04 14:04:34,,
gp:AOqpTOEDDdBLqW7MO9-8e69ytO-iTDBt92XhYmOrp_hM4efZM3019Hz13G6vGCyjlhKYPl_BgrFACHPSv_NvlQ,Jeremy Mcd,https://play-lh.googleusercontent.com/-suZ31XbnkTw/AAAAAAAAAAI/AAAAAAAAAAA/AMZuucn29S3p79S2_A0dPAL_Sz-RrsA3hA/photo.jpg,Good,4,10,6.52,2016-10-23 07:27:38,,
gp:AOqpTOHwxnotGw6Bqfx8h8tzyCAYfGqM5tI6XL-sfwwQO8204zsLdIHvAKpz_cEtSvhLexxekNz4yetv7aZRxg,Tricia Charles,https://play-lh.googleusercontent.com/a-/AOh14Gj6DTtryarmFlBUQCoTRVeKSAa4MS1oqn5NIBmYuuY,I love it  and I bought all the extras but now it's telling me I have to pay again 😒,2,52,6.52,2016-10-07 00:41:30,"Hello, sorry to hear you are experiencing issues with WavePad. The best resource to help you will be our Support Team. They will be happy to assist you here: http://www.nch.com.au/support/supportcontact.html?software=WavePad",2016-10-07 13:59:28
gp:AOqpTOGY3N4xylFLIzao0F1E7iA3_thrTUL7yL2Dp6EUBefddTE2Jey2ZOv3VvOeb0qbeQT2QnJs-hxODgyC1Q,A Google user,https://play-lh.googleusercontent.com/EGemoI2NTXmTsBVtJqk8jxF9rh8ApRWfsIMQSt2uE4OcpQqbFu7f7NbTK05lx80nuSijCz7sc3a277R67g,Too many issues.  How do I get a refund now? Total waste of money.,1,0,,2016-09-15 11:17:18,"Hello, sorry to hear you have experienced issues with our software. Our Support Team will be happy to assist you here: http://www.nch.com.au/support/supportcontact.html?software=WavePad",2016-10-04 07:57:47
gp:AOqpTOGiB9xeDBUj6XApEIpmrkz56SXS4DV3i8bkJ9HnGXj777chn7ZXH7V208hZKuEMm4LbpdYGLfBvCxoFRQ,Christian Smith,https://play-lh.googleusercontent.com/a-/AOh14GhONbcudClNMBZ4cMgW61BRr-Hd9qzZobFpvI9Tyw,Boooooooo,1,37,6.52,2016-06-28 06:39:48,"Hello, sorry to hear you have had a negative experience with WavePad. If you would like assistance, our Support Team will be the best resource to help you. They will be happy to help you here: http://www.nch.com.au/support/supportcontact.html?software=WavePad",2016-07-05 12:17:21
gp:AOqpTOGQABbt7hvyCZANA98Lw9HEEKMBCEfdIn1zYGyFMmjvyIb9Dmj-MwQO6g7hRtXaNYNDUSLjfjCNZ-rinQ,Newf Land,https://play-lh.googleusercontent.com/-3ZGYGyWhB6Y/AAAAAAAAAAI/AAAAAAAAAAA/AMZuucl7GEzKdYmXRI7cq-Ye2RUk2PZ_4g/photo.jpg,"Yes menus clumsy, sometimes not clear. Slow. But anyway best. Yes a lot ways to make it better.",5,12,6.49,2016-04-12 14:35:02,,
gp:AOqpTOHHygTuWCa4upRNeEi-912Syfjql3XKHW58e5ZqOmTvejqYf8UWV55B-Wqk4Gro-DZRzG_VgaqFlmOP4A,Mark Lang,https://play-lh.googleusercontent.com/a-/AOh14GjdUWP_qLtY-vxr43cqhBMA6ED34Wcq0Bh0CNI8uQ,"Go download, and read the PDF instructions.  Record a sound file and play with each feature.",5,8,6.47,2016-04-10 10:13:39,,
gp:AOqpTOGvvbe4E4abSXQd4crlQHIV15Q3jJ-_wZSRMC7F_dDr9bZF21DdH_LhsiIY9BAuz3PoDCaA_qYIabd5Hw,Daniel Alberto Bravo Diaz,https://play-lh.googleusercontent.com/-1S5x_q4D1ko/AAAAAAAAAAI/AAAAAAAAAAA/AMZuucnLIPu8s6ux6Fs8DWKlH4_KX3GDDg/photo.jpg,"It will be great to have the ""paste-mix"" function and the ""add markers"". And support .opus files. Since the last update, it is unstable and crashes. HTC one 9",3,6,6.40,2016-02-29 14:11:54,"Hello, sorry to hear you are having issues with the app crashing. Thank you for your feedback and suggestions. If you are still experiencing problems with this app, please contact our Support Team here:
http://www.nch.com.au/support/supportcontact.html?software=WavePad",2016-03-23 08:55:22
gp:AOqpTOGGApLr0zSSR77aGdI3jvc7mk4LnrAF6VTD6gRi0ApAcMn77RZEXg4P_C5AhWS_H8Q7fL_bWVH7mVS_Vw,Kaitlyn Williams,https://play-lh.googleusercontent.com/-CGE--ibLkvc/AAAAAAAAAAI/AAAAAAAAAAA/AMZuuclmLCTmk-uum52xK5FlRdH7bZjh0Q/photo.jpg,What is the difference between wave pad masters and wave pad free?  I have both and I purchased the features on Wavepad free. But so far i cant twll a difference in the apps i was hoping for something more comsidering i just paid 15$ for a app i had for free.  Another thing doesthis app not come with any tips tricks in structions? I cant find anything here or onlone.,1,9,6.20,2016-01-01 03:28:57,"Hello, sorry to hear you are having problems with this app. WavePad Master's includes all features, while WavePad Free has basic functions with upgrades. Please contact support so that we can refund you here: http://www.nch.com.au/general/refund.html
For help with WavePad, please visit: http://help.nchsoftware.com/help/en/wavepad/android/index.html",2016-03-23 08:28:09
gp:AOqpTOE4BXznLFm4jyQu8Y82NJotPrCyRmnCfPjKC8W7J-G-Jgl2lN85v3i7nFIy7Yx5GieNWjPEO6IKO4sx4g,Brian Haskins,https://play-lh.googleusercontent.com/a-/AOh14GiYqepNRWkkPu0pkV_w1TlUXnor-H7n9BcNsBJwG08,"I attempted to slow down the version of a song I had played and recorded so I could check for mistakes in my playing. But this app simply saved the original that I had loaded...not the slowed down version. In addition, if saving files in MP3 format I cannot save higher than 128kbps.",3,8,6.20,2015-12-31 16:55:09,"Hello, sorry to hear you are having problems with recording. This sounds like something that our Support Team could help with, you can contact them here:
http://www.nch.com.au/support/supportcontact.html?software=WavePad",2016-03-23 08:52:57
gp:AOqpTOHtPVuS4_YrJF-u7Q8pbsqQdKOwguHJ3ahCBKI18XRObVHy3tKqm8RME5a5Mj8NVraZnc_a0718aBdkHA,Elijah Ting,https://play-lh.googleusercontent.com/a-/AOh14GgeMZsqfc9a39-ypxj3Tw0yVTxwjt0MRcVnRp9YA5o,It stops in the middle of recording. I lose all the voice I record and have to redo it again.  So bad.,1,0,,2015-11-20 15:22:43,"Hello, Sorry to hear you are having problems with recording. Try contacting Support here:
http://www.nch.com.au/support/supportcontact.html?software=WavePad",2015-11-23 08:49:25
gp:AOqpTOEjpW-OVtBCMg7uaWgApiNQzA7HefLdv9WToO0U_P0KsgmsBKd22Wytvh8juODMBXIWtjBvdSqA_6RYNg,Michel Brebsom,https://play-lh.googleusercontent.com/a-/AOh14GiaQGYYRDJLuv9EWDF389InR_4mm4Ci5bxhmYu_6w,"I mostly do trimming and normalising on my recordings, which works as it should. I tried compressing and equalising but the way they are implemented makes them unusable for serious editing. WavePad generates a preview each time a change is made to the effect. This preview generation takes quite a while, nearly 25 seconds on my Galaxy Tab S for a 3 minutes recording - so imagine on tablets with less powerfull processors! I would still accept this if WP would offer the possibility to easily compare the result of the preview to the original recording. But no, it's all trial and error.  WP doesn't allow to read files from SD card. This could lead to storage problems because WP creates a working copy in its own dedicated folder thus duplicating the amount of storage space used for each file.  WP allows to save recordings as MP3, but why only in 64kbps and 128kbps quality?  My verdict: although WavePad is packed with interesting features, the way they are implemented makes them mostly useless for serious sound file editing. That makes its price tag way too high! The free version would have been fine for me if it hadn't a limitation in using effects.",3,10,6.20,2015-08-30 12:43:32,"Hello, We appreciate you taking the time to share your feedback with us. I'll pass your comments on to our Development Team so we can work on improving the app. Thanks again!
- NCH Software",2015-08-31 08:57:25
gp:AOqpTOHAkHp4TqcyH_eBsIh_chrtInJtz-L_2eLiO9sSps8EN5Bj5FXnjSbRjaJl-UyttQWP68jUw7dNdkU0ZQ,Mohammed Zubair,https://play-lh.googleusercontent.com/-VIUdB_azqzA/AAAAAAAAAAI/AAAAAAAAAAA/AMZuucmhgSXG6Yey52MrAMnTDqQMH1u41w/photo.jpg,Waste of money,1,0,6.02,2015-07-10 09:54:54,,
gp:AOqpTOFHpSYYDOzHFNeuQIANECqupWr6hDhy94bj7zXf_2WpRtvhPVn2X_Nfv7km7tGYERC6KNkfdExn8b8uHg,Kelly Gellman,https://play-lh.googleusercontent.com/-UC1rMpvLjDU/AAAAAAAAAAI/AAAAAAAAAAA/AMZuuckbsNM69bObK9A4TzlI7JbRhzBpEQ/photo.jpg,Very Impressive,5,2,6.02,2015-06-25 12:03:22,,
gp:AOqpTOGfok2SwN7GkGYlzeS4gACBKDDTlTTqEai09jJRjQWGmtZGT0hTCEmiYg0UqmCPqO6Ujf-v1-L5l1bDdA,Frankie Reid,https://play-lh.googleusercontent.com/-vVWzwEZxF68/AAAAAAAAAAI/AAAAAAAAAAA/AMZuucniLrV3gzkBWEkhompuhcYGvS-Vbw/photo.jpg,"Hi, i have just paid for this version of wave pad for my laptop but it says it will be downloaded soon, but i have been waiting for about half an hour and nothing has happened? i don't know whats going on. I would appreciate an explanation as i don't see why this is not working but i have paid and it says that i have ""installed"" the app but when i click on that it says it will be downloaded shortly. thanks Frankie xx",2,5,6.02,2015-05-28 06:39:30,"Hello,
It sounds like you may have experienced an interruption in your internet connection when downloading the app. The app should still show you purchased the product through your Google account. Try uninstalling and re-installing the app.
- NCH Software",2015-06-02 09:17:52
gp:AOqpTOHd1cByKbc6DnC8ts8fkDKPN-fLE4FopQ7nw867ZpV7tYTQwISR5vMG39g-onLfUfaP57QDEV2zRcCtzw,A Google user,https://play-lh.googleusercontent.com/EGemoI2NTXmTsBVtJqk8jxF9rh8ApRWfsIMQSt2uE4OcpQqbFu7f7NbTK05lx80nuSijCz7sc3a277R67g,"As a long time user of Protools, Sound forge and many others Audio soft I have to say that this app is quite fun to use, I really do recommend it as a MUST for the android plataform !  ONE QUESTION: I cannot find the option to export the file as .aac, is there a way to export my files to whatsapp?????????",5,4,6.02,2015-04-19 13:37:03,,
gp:AOqpTOEvSXDHxXLqygMpleRVfe0Rcinw47IjaXyZAUyUbIwPcP0s00ycOXRfaqyO_K4l3bdq1Hl9bCCauqjrLQ,Marshall Smith™,https://play-lh.googleusercontent.com/a-/AOh14Gjtkbhs6GRcdw5plNvD9hCGjMbGb1wid52xOb9jY5k,"I have 3 laptops,  2 tablets & a desktop pc an thanks to this android version I can use wavepad on all of them and everything syncs well and I have not had any problems with it.  Highly recommended.",4,1,6.02,2015-02-22 13:05:36,,
gp:AOqpTOE0RDbUo3ixz7NXQXdDSNESbhQ-OPWnDT4Ul3ubOccAi2_icNqjI9w1LHBNVxdE787LadxquIfB-sL_tg,Ravindra Singh,https://play-lh.googleusercontent.com/a-/AOh14GggIoJT9UMN5gO-Ye2J6uLEkEcp80AGu4SAgmbgLlE,Sorry but the andoroide version of wave pad is not practical as comp air to the windows version. Also on this much of the price its not fulfill the aspectation. As I am not satisfied would you Plese refund my money.,1,4,6.02,2015-02-05 09:59:06,,
gp:AOqpTOHJjz0wbdGSzDxPHpK1erjByvnOPOibWNe7dNKZ-54PHseT0a6uI0iSFRuu8gXyptzvTBYHQ8mcCn4r-A,Sudhir Khandge,https://play-lh.googleusercontent.com/-PPb7lS7D1t4/AAAAAAAAAAI/AAAAAAAAAAA/AMZuucnRGY1g5h89G-sZS1Qva_qTIh0gjw/photo.jpg,"Very nice, I like it, very useful to make a singer like kumar sanu",5,4,6.02,2015-02-05 06:45:01,,
gp:AOqpTOHIA6WgLNfp6UxRfnKSd6FpAYgbYJJB54DyZoUsZ2u-4jo1tV_VzZzEZfmxMN55LUzhVAJFqz-JZ54tTQ,Spirit Goddess,https://play-lh.googleusercontent.com/a-/AOh14GiZXdm-pxPq1c3DEyd7A0FgTgxn4xhCyskDpZ4GjQ,There is nothing different from this app . Its the same as the free one so basically I paid for nothing,5,3,6.02,2015-02-04 13:47:17,"Hello Luna,
Sorry to hear you are not satisfied with the Master's Edition of WavePad.  The Master's edition includes several features not available in the Free version, like no advanced effects limitations, multiple save formats, and ad removal.

-NCH Software",2014-03-03 10:35:41
gp:AOqpTOH1lMq4-xnRkeMCy7StdVJbmJGrkEtZ_p427BIeCgA6jakHcYI0wg2ES1qxN5kqO1JRJB7N0RI3RT6xSg,Wansy Pansy,https://play-lh.googleusercontent.com/a-/AOh14GjmY0qTFfxr3_JOy2XLVNCvDkr5JZ2xpJ3nCyThx80,Good,4,1,6.02,2015-01-27 06:59:57,,
gp:AOqpTOGU7MdhTtgj7vRGV3jj1OqDyKAUv9m6nnkFihtQkVRB1gSe5kqL8pEQKGKXRU5zuTzQhkiWVKJ3z0ARIg,David Darkeye,https://play-lh.googleusercontent.com/-wj5jUZBqpY0/AAAAAAAAAAI/AAAAAAAAAAA/AMZuuclun0HQByIuwuHgNFfv3XJvvQ0q3g/photo.jpg,Still too slow but I love it on my laptop.  Thank you and keep up the great work.  You're getting the kinks worked out.  💖,5,6,6.02,2014-11-25 09:30:45,"Thank you for the feedback! We we ill let our Development Team you appreciate the improvements.
- NCH  Software",2014-12-05 09:22:02
gp:AOqpTOHpTYX6vJqgsXWVw4jvEFg0d2Xt8QQ3VzKeLkCCxcnO__NlGeijRwzDYeW4Ct0hZOL-8TPB5R8IZpIx4Q,maheshm patel,https://play-lh.googleusercontent.com/-rjnjAZ1tbZ0/AAAAAAAAAAI/AAAAAAAADWA/AMZuuclSfmJoTzt2QcYwxfnvYzw_XwJVTA/photo.jpg,I can't see setting or email option. I want my money back.,1,2,6.00,2014-11-09 07:52:36,,
gp:AOqpTOH2b8ywhlumewoTFA30Xtjsl7Us40I5u4Iu53rcqRHhCFQcJVn4geHDPqkBaDIyeZ9i4RmRMY-3oCBV1Q,A Google user,https://play-lh.googleusercontent.com/EGemoI2NTXmTsBVtJqk8jxF9rh8ApRWfsIMQSt2uE4OcpQqbFu7f7NbTK05lx80nuSijCz7sc3a277R67g,"Hi sir,Whenever i discard changes,the application crashes.not responding,why?I want my money back.",1,2,6.00,2014-11-07 19:10:49,,
gp:AOqpTOEmdVtBaUhiW9SmozoCAnePTK-kIR7SRid9KqESzmZpoXEry0iyxr9ca2HN_7UmagOiHkqApSsT1QiGgg,Dylan Martin,https://play-lh.googleusercontent.com/-DXa5daOt5eU/AAAAAAAAAAI/AAAAAAAAAAA/AMZuuclVhh5CsbMiAJivLViii5xS5lmHGQ/photo.jpg,Good,5,2,5.99,2014-10-09 03:31:50,,
gp:AOqpTOF1IIgyqx0pHoesk3HByPmE6Bhu8U3ZE-Ih8XLDtrOX9yjOjxTXiMEVSo5s2Z_d2d5iuGxS0-gBaTYI7g,Andromeda Nebula,https://play-lh.googleusercontent.com/a-/AOh14GhMUfEYoXzg-TE80bwo3E5jjWcYBuKuHoWuLIEn,Need Equalizer Audio Settings/Tone Controls panel and left/right speaker,4,0,5.93,2014-08-31 22:58:19,"Thanks for the suggestion! I'll pass the message on to our Development Team.
- NCH Software",2014-06-03 08:06:28
gp:AOqpTOHsMx9vQksjX9a_p4bQKfuRa55bDePwnlzGRLUOrQIas7Pvp7rOCnHnVk9R82D-ANJ2czd4Kyj_q6M_Og,Mark Stronge,https://play-lh.googleusercontent.com/a-/AOh14Gh7D7-X_noKa_EIqF7XoMhaQ7vThRq2R3UQNQ6weQ,Great features but terribly slow in opening and processing audio. Features are good,2,3,5.93,2014-08-13 14:26:18,,
gp:AOqpTOFIwGGIqLJiB2dSf-gJbWtKzDS-xC6hLck3aRXw_LB3MvIOrm0zp0BBbMPhoCk0Tg-LQ-Ode9IeFOEimQ,Rob Crawford,https://play-lh.googleusercontent.com/a-/AOh14GjCS-u5mXNuh6WMU4UccE_6F5ULyzRSebb_uo5Zew,"Easy to use. Unike some other audio programs, Wavepad helps me get my podcasts together & easily. I haven't explored all of what wavepad does, but it makes it possible to be able to do podcasting coupled w/Mixpad.",5,4,5.93,2014-07-06 12:03:50,Glad to hear we can help with your podcasts!,2014-07-07 14:54:55
gp:AOqpTOExl_w4KFPlWjqzYZBgibulKB9whrBzGEJ3fVmckCrU0ObewvXUlpCZZJeFm05gKmISm2KhVkzvFJHpKg,Donald Mull,https://play-lh.googleusercontent.com/a-/AOh14GgxZ7t-MQL0VNqEZuGw-7jdlPq1EPHdkPZr6pg4Yw,I have boughten this app as I have the windows version and I will tell you it is no where close to what I need it for. I tried to get a refund as I will never use this and after installing and testing less than 2 minutes and could not refund.  I am asking for a refund as this is not what I need!,1,0,5.93,2014-06-23 15:15:53,"Sorry to hear you are not happy with WavePad Masters Edition.  If you would like further assistance, you can contact our WavePad Support Team here:
http://www.nch.com.au/support/supportcontact.html?software=WavePad
- NCH Software",2014-06-24 07:51:57
gp:AOqpTOEHO9JckKS6qcrFb1_pccQxxCoOzRkhuT1ZnaHlSjkclchXYTx2NndaKCz5jndNgu4lrV0LOEQmRGwWZg,Micky Marshall,https://play-lh.googleusercontent.com/a-/AOh14GgAu796O_5GAz76WS2k2INHjhX8-c3J4y1vz7ZQoQ,"Look very good renaming could haveit own button instead of just, Save- As but WaveGraph a",5,2,5.93,2014-06-19 11:43:55,,
gp:AOqpTOFgRiHO-VhWfF2892pWyJKj8kZcd4xEXvlsBK62UZsl7CfNzBsNN2xjR5iCkeqWthCkkvsyJVAD4SfNZw,LighT eDgeD SwoRD,https://play-lh.googleusercontent.com/a-/AOh14GhAelVib4wAbXKLrXJSzlG93LR-CZ7RjLY7ZAdiJw,"I purchased it last night, and this morning it is literally making every audio file 0:00 seconds long . Please help I want a refund",1,1,5.82,2014-05-27 08:10:37,"Hello,
Sorry to hear you are having issues with WavePad Masters.  If you would like to speak with one of our Support Team members, you can contact them here:
http://www.nch.com.au/support/supportcontact.html?software=WavePad",2014-05-27 10:34:53
gp:AOqpTOF5Schuzn02RCP-KsU28yPddryRwlc16s9SCgT2LXWWX4Dq0RwJaIPq32kw6B5nh9mvOI9E_ZrP5KhyOQ,Levi Duncan,https://play-lh.googleusercontent.com/a-/AOh14Giyyhi4V9JCCuRYbJDzyLRahGPzNmkmZerQJx7MZA,"Nothing like Wavepad on pc , can not mix/overlay tracks , options are based on ""noise reduction"" & ""volume"" . Really only feature with ""Master's version"" different besides unlimited attempts for noise reduction options ,  is save to mp3 (which is limited to 128k bitrate max anyways) (might as well not upgrade and just use a site like cloudconvert org to convert the wav to mp3 , also uninstall/reinstall basic to free up attempts) ; Obvious lack of Android programming , not worth upgrade for price .",2,1,5.82,2014-05-24 15:29:38,,
gp:AOqpTOFBEY6rzanyXcyXNFWnpRYJXHnp0sqTXVP4yVfEjSEK5NNuD9lCvtk1F9QX0d8q-p_o9VKczGX45IfRpQ,Derek Koger,https://play-lh.googleusercontent.com/-ngt5dFO04Nw/AAAAAAAAAAI/AAAAAAAAAAA/AMZuuclR14H3k_8C0oGQLeoTEwLxMYNWCw/photo.jpg,"I was pretty turned on by the free version of this app so i decided to pay $10.00 which is a very high cost for a very minimal upgrade. This app is very , very extremely high priced . I wouldn't be dissapointed if it were .99 cents but come on , ten dollars. Wish I could get a refund now :(",1,0,,2014-05-22 22:09:25,"Hello Derek,
Sorry you are not satisfied with the purchase.  Google handles refund requests, but if you would like to speak to our Support Team, you can here:
http://www.nch.com.au/support/supportcontact.html?software=WavePad",2014-05-23 09:52:03
gp:AOqpTOEWW_OxJk57hwgRweG0ZC8uEuoWlqRvl7Ncw7X_6qkQgqvm3To72HsQi86xrNOWyyL080dmKwmQMC0jcw,MSINA,https://play-lh.googleusercontent.com/a-/AOh14Gj9g5XgiSGfvrJe5DHcL8c0ByRfzHHmEesvXFlXUw,"good day! Its free version was useful on my Android, but unfortunately now I paid and cannot download its full version on my Android! It is not satisfying me when always I face error 918 ! Please help me to get this application , or refund the money . Thanks",2,0,5.75,2014-05-03 02:24:05,,
gp:AOqpTOH4U58b0qJse7rVTYGBqrX3Hpg9KLq_TF5TAH2Gpvzd0JNXWNqJ4phVODuFAnZvd9YruynXhRTTN5LQYA,Tomthe Lampist,https://play-lh.googleusercontent.com/a-/AOh14GhZo6fFOsnlxA2FI7dok1D8iyUUd_ksElt82U_2,"Apparently not much more here than is included w the free version.  This app is not gonna let you mix tracks or slow speech down or add wacky effects. I tinkered with this for hours and found countless  options for balancing volumes within a sound bite but no way to layer or ""compare"" sounds.  I'm no studio engineer but I felt kind of limited in what i could do with this.",2,2,5.75,2014-04-09 19:02:44,,
gp:AOqpTOHauOL8M5Dgeh8eV2nfXAX7o20D9xG4ml1TEx7piq3RVNtnMpD4z-bmsiok2sshhcHUxdWDoH1aoqraug,Carlos Urena,https://play-lh.googleusercontent.com/a-/AOh14GhQoNYlcS1aLsAyBQZ-bKdJcFp_LI9n-619AMcr_w,NCH should be ashamed of selling something like this I thought it would be similar to the computer Version From the same company But it is more useless than one download  for free from the same company for computer,1,2,5.66,2014-01-22 03:15:10,"We have tried our best to offer the same great features on the Android version that we offer on the desktop version. Unfortunately the features don't always translate across platforms.   If you would like to speak with a Support Team member please visit:
http://www.nch.com.au/support/supportcontact.html?software=WavePad

-NCH Software",2014-02-27 11:20:32
gp:AOqpTOEmudqQUkQvrqSdyS5tiH6zrp85Bh0VYJRx-6MiVZdq5fDtleAtRb0rl9Vbqydg55_Etjl7cl4byWuhjg,Charles Smith,https://play-lh.googleusercontent.com/-8ttItmFB07c/AAAAAAAAAAI/AAAAAAAAAAA/AMZuucmke1sHNfRod_ptdt1JT9Xl_8huAA/photo.jpg,Some unfair reviews for non-free version as NCH have to pay license to Frauhoffer for MP3 handling. Only 2 limitations.  A) You can only edit files on internal storage on Samsung Note 2 (not larger installed SD card). B) File selection could optionally use android file explorer to allow search and preview (like X-Plore),5,2,5.66,2014-01-18 23:59:06,,
gp:AOqpTOG6TAJJB4bSsxjO2VVlurROPpzwoFKMjaERTUxNwnZIgp_z7w20a78zzfr_HI9KyDYvu5l4eTQG5qwwQQ,Prashant Tulsani,https://play-lh.googleusercontent.com/a-/AOh14GhPfvOrWu13oj5tiH8R1bNplT3xK0BjSUSY4S4MGQ,Not av rage,2,2,5.64,2013-12-19 17:33:35,,
gp:AOqpTOEZ4ErTDYX1LFvafhvoLxNRA6Ggurwc3Ky_JxhiSF9mRJHmdaBTUbTrdk7Kax0f2HXaoCKnGWV7aWwZgA,Elizabeth Rome,https://play-lh.googleusercontent.com/-RA9HQSJ8Du0/AAAAAAAAAAI/AAAAAAAAAAA/AMZuuclCFQ09KpjaLQ8rjC45n3prWlHFAg/photo.jpg,Don't waste your money on this cause there's a free version that's exactly the same. I downloaded both going this one had more features like mixing songs together but I can't do that on either version...yeah those sucks. I wasted ten bucks.,2,7,,2013-10-06 11:23:43,,
gp:AOqpTOENhfpKjhdsKB3lJwHI55vUhfYkI-TXsvvL-LDsuDAyaeOmPcTAg3JjAd5Xtfez-ZtcHInWS1bYDItJIQ,Paul F,https://play-lh.googleusercontent.com/-1hsL0s5pBqc/AAAAAAAAAAI/AAAAAAAAAAA/AMZuuclICERQGWOcn27wBvLineLQiupqMw/photo.jpg,Terrible performance issues and would be nice to have a pinch to zoom feature and a fine scrubbing tool with options in the settings,3,3,,2013-08-31 16:47:20,,
gp:AOqpTOHzSPu_zT-nE9j4EbU3lbjCR8agOvZFRk9Gn70iTWQ_P7C9V0SwgjL2IX4vF23ZI452dWG2E2jLargaEg,Yegor Samoilenko,https://play-lh.googleusercontent.com/-86-er2pVLWc/AAAAAAAAAAI/AAAAAAAAAAA/AMZuucmcE6M-EncHKOoW24OoGOwalNqGsQ/photo.jpg,Very nice app. Exactly what I was looking for,5,4,,2013-07-09 17:18:46,,
