reviewId,userName,userImage,content,score,thumbsUpCount,reviewCreatedVersion,at,replyContent,repliedAt
gp:AOqpTOEcrDu7Ys6Uc1GO3DHJy9h6gvmEWacUFgG5x0AomTwmh6RHGb3AW-xC2f1FbttPuxEGPJNktF8tG3qX9bA,Max,https://play-lh.googleusercontent.com/a-/AOh14Gg_RVd0d8Y8xRzy8uHZnl7v-HfEEUlhqCEzLy9Q7A,"Hello guys, have already paid to remove annoyances, (Honor) changed phone same brand (Honor), again annoyances on latest version, 3.6, pop up with ads, but I have already supported you by paying, so please, there is some issue on your side and needs fixing. Otherwise 5 stars app.",4,0,,2021-02-08 06:59:41,,
gp:AOqpTOFjsb2oZDLRJYgfYO4XStgqfBfzXxFAV-efwl2uaVlcVulopHNEW3iQrcKtYrcKz4w7-M1RMSf_5lFdMrM,Mohit Bissu,https://play-lh.googleusercontent.com/a-/AOh14Gi-ydZUOFilYHqnklGLOxA_cT4ZhBCqFUVWL25K,Amazing job bro small contribution from my side,5,0,1.2,2021-02-01 17:31:22,,
gp:AOqpTOFnEcZ0N2Uja2G4esA4_q-9z8qx6U1g1RaEeFeGyI_Qzl08eiCcSnhgD7szt8JYQQaqsyKLopzp2eZNM98,Adex Elizy,https://play-lh.googleusercontent.com/a-/AOh14GjxI1wAijmA1iTK8yAlQZBWbCDTt0rENG4z68NSqA,I just want to say thank by supporting you. A great app indeed ❤,5,0,1.2,2021-01-31 13:20:06,,
gp:AOqpTOE2Yzbm8MSqNFX-FW1N-pHgjPErROc7HgdKZLMqszC84n8LFTwCalBtCLbkOYTeDlgv9Im98eMNnHFc4Hc,DAVID TOMSON,https://play-lh.googleusercontent.com/-0P5V_HIJBuI/AAAAAAAAAAI/AAAAAAAAAAA/AMZuucnR3lSOWQrpt75pUp3mykbF5_Vrjw/photo.jpg,I was not able to leave feedback on App itself so I will live one here. I'm using Ymusic for almost 2 years and it's been great experience in and out. I have recommend it to number of friends and they are all very happy with it too. Therfore finally I decided to buy ' Support Development' to show appreciation for the creators +remove the ads. Thank you very much for your excellent work you are the best 😁👍,5,15,1.2,2021-01-24 07:28:52,,
gp:AOqpTOFe0FKjVlJpfvsoI5Xx9rKekiSeaIqkr1FG0vL8a28Q0H-n7kp6D-3JSVOJjmBUy6xxJ8ZDfaGZgOY6Ll8,Bao Phan,https://play-lh.googleusercontent.com/a-/AOh14GhnqoLUxxEd8Ht3-VFjyxT7S3k15SNn8otbgPUA1jg,Icon không ẩn trên Android 11. Với bản cập nhật gần đây không phát bài hát liên quan.,5,0,1.2,2021-01-20 07:32:20,,
gp:AOqpTOHDElXoqfB4axHeHiUsOAhjI4kKbSIN0bSKBIkOZtQNBUNiESPG7sYBdojFLTwmWraSPf9ZIDtUGAudrLQ,shahul nadiah,https://play-lh.googleusercontent.com/a-/AOh14GidAtjgrz9mD7qw-GoOci3XmTixxrTjp6S5Z1U0Aw,before this I used android phone. already buy. when I change to another huawei brand phone. ymusic has ads. even though Gmail is the same Please solve my problem. or want to buy again once can.,1,16,1.2,2021-01-15 10:21:26,,
gp:AOqpTOEQLcGMLhD1wXVMYMyrHu0d-A90fopnWcBdOoDCFR7UISPYZiQb_xYcz4tPd2P1Omnbtc73Nm6-hQ0Nfq0,Kunal Shinde,https://play-lh.googleusercontent.com/a-/AOh14GizEC0f8w_1W07wQ7n7AhqfP8TVxmZhj40w57LPCTQ,Idk how to use thia app i have installed and open it n app shows only hide feature n nothing else is happening please guide me what i have to do with this.,1,0,1.2,2021-01-03 20:10:57,,
gp:AOqpTOE8HdfGS_0IWnzgxccawVcV3oCMgp1g51TVQKXz6K4dRd2Lpz6Ck9xafnC-rfP35WrY_53upQD8qhNRFA0,Siddharth Sid,https://play-lh.googleusercontent.com/-DAbQpH4_ahM/AAAAAAAAAAI/AAAAAAAAAAA/AMZuuck9o1HiO6kAG3hi9Dc_-R3BReMo2g/photo.jpg,Very greedy approach. First asking to remove ads from YMusic then asking for donation.,1,0,,2020-12-30 13:42:34,,
gp:AOqpTOGDsKDxlO6bBt4po-YifZDeyf1yE3ow1tkVUyUbwVNraDx6hIscHrzvON2hryQSMc8rY3ZOjQWIIIWYSXw,Some Dude64,https://play-lh.googleusercontent.com/-1-03imhye7I/AAAAAAAAAAI/AAAAAAAAAAA/AMZuucne7EOrPoBx-H2cjxtM0BQYmNuCpA/photo.jpg,"As thanks, i have purchased this. Wish you the best",5,0,1.2,2020-12-28 02:08:53,,
gp:AOqpTOGrNRmwiSWMx-M5Uk0xqSKakoHZl7b-d__0solz31VJv333zB94rNEKXIxUX8CIzI0hV200QVL32D898uE,Mego's Hideout,https://play-lh.googleusercontent.com/a-/AOh14GguN8jbITK8FV-OUsUXmGJNbC5xWw_022oLpOpR-g,"I love your app. But can you please add the option to order Youtube's playlists by last used? Or at least customize its order? My channel's playlist is ordered by last created list which isn't very convinient since my songs playlist was created ages ago and I have to scroll all the way down to open it... Anyways, this app rocks, you guys rock, I appreciate the hard work... and a HUGE thanks...!!!",4,23,1.2,2020-12-05 13:25:08,,
gp:AOqpTOF5ZVP1UrdSdyCvTGH1j3PB3Ck-ANhF_StIeiNPI7MsVqV9X7qCOottkf4FLdqaGcofmR5HJ4UG_xsHukk,Romulo Fresto Jr.,https://play-lh.googleusercontent.com/a-/AOh14Gg4lP8sdz_teEa91ClyI89pTLkQk2u7-BGiDzDalg,A gem of an app. Definitely worth 5 stars.,5,2,1.2,2020-11-29 05:08:35,,
gp:AOqpTOEM5K8fr2i-vOZgDKb_z6bXdCkPegCOkRUpbFSv7PdpNzsa9PuGkpfuywbph0mOYa20kQLy5RSmNNkXI30,Nuniya Bízz,https://play-lh.googleusercontent.com/a-/AOh14GhDLgNckAD1WsY6uttfJ33kqmQCTzGwVDij9LOfHA,By far the BEST MUSIC APP EVER MADE .. thanks to the Developers 😉😉,5,1,1.2,2020-10-31 19:19:33,,
gp:AOqpTOGHOEsrALN5JNm9aEIwW-fiPChPWRl-CwpgitZLLjNml8E21zhMPxxayCgKCFUlqT0Wf1hmqa1iURcyKx4,Pro Apps,https://play-lh.googleusercontent.com/-06C6tszXOUI/AAAAAAAAAAI/AAAAAAAAAAA/AMZuucmc-vnK5QqdKxSPbWpXLKGppNMRhA/photo.jpg,App hide not working on Android 11 pixel2,2,1,1.2,2020-10-30 19:39:00,,
gp:AOqpTOHU81vv3QPA6ObHSqnrELBE5ojaQi8ouTNypX8TTkag0RL6MR3p39UBXPbTyGpsfVV3c-_kfIeMfUGawp8,Preetam Saha,https://play-lh.googleusercontent.com/a-/AOh14Gi-YiFjtBDv25XbMKX-HhqQnNdH5uMy6iaaPq4Hrw,Hide Icon not working for me,3,0,,2020-10-27 04:02:54,,
gp:AOqpTOGDrN3uj90uSqP4g4QqPWqeJF9Mb5uoUmdJJCtyR5JfeGjjMpyhDP4vjYJ4EmAL4UB2VdiB8hB7RxFObz8,Enki Anunnaki,https://play-lh.googleusercontent.com/a-/AOh14GjS9EmooRSR_9-jYgnjfrElWDapx_MCj022PmKC,Pro,5,1,1.2,2020-10-12 18:06:02,,
gp:AOqpTOEGeeTLN3m67-CVUbk6zMRA9Ds-z4P3OTgS-LezBOa21R1u-PHcEAziuinqb9O2aMw4UOvAXN9aEAVQ9aY,Pajtim Berisha,https://play-lh.googleusercontent.com/-mS76uJWkViQ/AAAAAAAAAAI/AAAAAAAAAAA/AMZuuclrdFmiZ7m3wznIbDCI8r_ttGYeBw/photo.jpg,I don't really need this app but this is a support for YMusic team for the amazong job that you have done 👏 👍,5,1,1.2,2020-09-23 11:15:45,,
gp:AOqpTOH5eVHbvrJECHCWMBzoMhFs4Nkbgefb4_kGSGw0RmauHc2Hd-Fzhu7_QphollIN4X_zC2gaHmWgB9DeeJ0,Sanjana Gawali,https://play-lh.googleusercontent.com/a-/AOh14GjTgRyUVxWHFqVEULLjW-9pjZUyW1jPvmYe3B_z,Love this app. Been yrs and dnt have any complains.,5,1,1.2,2020-09-17 01:53:30,,
gp:AOqpTOHSaXCzP_sRXrb8IpitUB1Afi1cktGWGyTjEiw5Zd36WIukz7fE1jMVrZmM5sNG4eJQ6rGFGLdIJ4Z6HKk,suman sen,https://play-lh.googleusercontent.com/a-/AOh14GjdwWKkQLoxS_l2Xmyg4OlodQMlQbv4O72cLLlnUA,"Hi I have already paid for this app but it is continuously showing waiting for download but the app is not getting downloaded. There is ample space on phone, so there is no problem regarding space.. so why is it happening. Total waste",1,29,,2020-09-16 20:10:43,,
gp:AOqpTOHRGpenHCBsRd-WyqjlWujstsTBc4B5dRkidEP37dNpQC_ek-gymT2MIbGuCxkqN-Uz-tvekvdXj9bHTCU,Sumit Karsh,https://play-lh.googleusercontent.com/-mkhsho6STkU/AAAAAAAAAAI/AAAAAAAAAAA/AMZuucmyuV-ksdjUSakPAS-LK3Q03aET1w/photo.jpg,most awesome app. keep it up,5,0,1.2,2020-09-12 03:07:16,,
gp:AOqpTOGMZfBUngXtNQLOErCtEQ1CimGhF9MPIHpvem7gkMt7jLyJjnuBqM2vg5EFdby8ZQrLYAuIKJozc7KjoxQ,Anas Javaid,https://play-lh.googleusercontent.com/a-/AOh14GgLhDbusjuW-wLtRd5e35JfIJn7WO2Dg0ndTmb5W48,"Brilliant app, one suggestion, please add ""add to Playlist"" button shortcut",4,3,1.2,2020-09-11 07:49:27,,
gp:AOqpTOEJ_m7naodKc_ZGS1kEcrloF9UI4r0Wa5btOUBQxqj3CUaTx4ZAIU-T05d1VNHe4G16j9CLdTkHNzP1oUU,rui da rocha,https://play-lh.googleusercontent.com/a-/AOh14GjE4KEHVokVdTwy1xbhp2SqYll3b9fwlyeYaSv9,I lost my app and cant find it on google play store,1,0,,2020-09-10 04:37:27,,
gp:AOqpTOF7Oa4Frdiq_KSxHP3afQ57jREoVfDKpAaPYwIfTeYdgywaA2tbFOCNpRG0DNwHU2ObCRKfaRmrlLELpDU,SRD Sourav,https://play-lh.googleusercontent.com/a-/AOh14GjVaN4YG_3VneD3MOeX2eElerIA5bKQn7DlyNZRXA,Jst awesome 🥰... I like this app🙏🙏🙏,5,0,1.2,2020-09-08 04:27:00,,
gp:AOqpTOH6P1BRPn9CQWvy-aV-txiX9mpdy0cuH4Pe_2MqbT2F4WiHu-Hw3Lc3PBYyxFotxdpaYb_R7QzcuCy2MnI,Zakky Ubaid,https://play-lh.googleusercontent.com/a-/AOh14Gg_YK1zW6hBirhZBHovrqV8Jl69d-L5ODGHcd-UuQ,Cant hide this app,5,0,1.2,2020-09-05 06:53:58,,
gp:AOqpTOGzNAZ7lqBZHc6KMYeiUkNuJysVKg3iykWbWAxB4B9-jtEJPrf2BSE4eEl9DCEmomGnorGW7TwXgPQKHyM,Brandon Tan,https://play-lh.googleusercontent.com/-9DPthWH7E1g/AAAAAAAAAAI/AAAAAAAAAAA/AMZuuckQ_skAwuElQQradPa6cSwRBueiOQ/photo.jpg,Yo thanks,5,0,1.2,2020-09-01 08:37:31,,
gp:AOqpTOEGLYvNsHbw4mG5T9Mx26yIn8CjSsJnkowHlIgH6WdLS6Va_nnLfoRSGmW11vqcRIBE2INgYJyKrSz5Des,Maheswar Dutta,https://play-lh.googleusercontent.com/a-/AOh14GgHkiBzr2awJkQttbfIaVnzBH0XrdS93b2lTCdlZUo,"Ymusic, is the wonderful app music for lover like me, i was use this app this since 2018, and i fall in love with this, this is a finest and ture good app in our android community, love with lots of repeat core of my heart to you guys, you guys are doing pretty well, just one request, never leave us 💙",5,36,1.2,2020-08-30 11:30:09,,
gp:AOqpTOHRzACdg7WXV3PQDWSFWF-vFrq-PNbYy9Y-HW9Ub0megn3n069VmFjp3ufHhiJyUAlGqyEohaDFzyhRbn4,Michael Dutra Lowell,https://play-lh.googleusercontent.com/a-/AOh14GgOfntUqu6YfOhdnMjXmjRIvB_6n4kJctPuiXD7bz4,Support doesn't transfer to new devices -_-; it's a one time payment per device it seems.,1,14,1.2,2020-08-22 20:55:30,,
gp:AOqpTOG-63RmRjDG6jv2KUEyKDbcn2sNKN0ihBcPQEFb38DsX57ergYEXaRmBKMsemAWPz_8mEXx5w8REE_kdbo,Viki grg,https://play-lh.googleusercontent.com/a-/AOh14GgXYONbEB8MZz6Lu48ba60ctJhJQ8Yr7rOng8GDlWU,All it needs now is Chromecast support 👍,5,1,1.2,2020-08-21 20:30:59,,
gp:AOqpTOGihgEJQ88HayPxIaKNFN25VGLP5jlq_bBHJmBHoI0mb3TDl3uAF7WyCXfLJmj5QUe6LhoVTKfavXc0ec0,shaz,https://play-lh.googleusercontent.com/-pbXm5KNlJ-8/AAAAAAAAAAI/AAAAAAAAAAA/AMZuucndNoNWSWHEgI41bqnFAi1csuFl6w/photo.jpg,"It's a blessing for android users. Using YouTube with screen locked is like a dream come true, downloading mp3 or video is cherry on top. Thank you developers",5,21,1.2,2020-08-20 10:11:49,,
gp:AOqpTOFHM8D_NcWg1rgv9Iic58uV45bQy_2A2tgKQv8nAQcfU0wo8tFi_1HZ54SL-gbmTwaauOVEZ-FDPgmZWBY,shinja93bkru,https://play-lh.googleusercontent.com/a-/AOh14GhLkMCrQWzSN1QvGfD5HLgup8yL07zTcyFaALTUb9g,why I have to buy again? I've bought it before,5,0,1.2,2020-08-19 20:49:25,,
gp:AOqpTOHLKsI6VslVVI4tEhtmLQZi5NX6Q9hISJc-VusgxcnKhreLU5IiInbTni1cEbiwPqumiYTPnhycfgpW7HI,Indranil,https://play-lh.googleusercontent.com/-GlQY3VB9VtE/AAAAAAAAAAI/AAAAAAAAAAA/AMZuucmv4YP71-Lf-KijI9WkKesWL-Un4Q/photo.jpg,I just love this app from the day I installed it. Just great.,5,1,1.2,2020-08-10 05:57:04,,
gp:AOqpTOH28-kd9TYRv9xQoZsQsu2b8oSv8WYbCAwW9btfHVCm9uqRtEfjgO196TtPN-wzYb9RW25aki3XTbVkKQQ,Surya The King,https://play-lh.googleusercontent.com/a-/AOh14GjQRTAWynyMRrT3KUFZqrimvHZtCRJL4QE823hzNg,Nice,5,0,1.2,2020-08-04 12:12:38,,
gp:AOqpTOGeIJxOZlenu8lRoQuhwkPWZLDJAy3hzwX1fuRY8o7RCQvDFZgiiHYyI8gG4-rQAXqeBPaE1RG2yV84RDI,Khakim A,https://play-lh.googleusercontent.com/a-/AOh14GiBNo2mCu1TnIrSKWGP-yPe6ld7V2dz9qJMOPCb7G4,"love ymusic very much, just one request. please make player more simpler with hiding unnecessary button. thanks",5,1,1.2,2020-07-28 21:56:14,,
gp:AOqpTOH_8aUV5dy7BEnIXVpR6Nzwi4ngxzuT5lc5NZL9JrdTxDTN0-5fp-_HDIrU2sJzx-CqUPTGW6QwI3c2ihs,Harshdeep Singh,https://play-lh.googleusercontent.com/a-/AOh14GjaqxKRRceu5doXOzHs12dCTiaV7ePd2N3WdyDwMA,Would gladly support the development. Great app.,5,2,1.2,2020-07-18 22:11:31,,
gp:AOqpTOGzHPjgQqeoRAdEYDatwjecyRSAG23ONHArlWvsmC0PAs16y_QdfuAzwNvkrHOZNpXFfpWWM1AA5M3XWeo,Leonard G,https://play-lh.googleusercontent.com/a-/AOh14GjE5u6f1V9Xw5ZU8toNtGZTeWHt_1GD4rYO1ndp,Best music app. Beats spotify app every time. Just here to donate I love it that much,5,1,1.2,2020-07-15 13:34:14,,
gp:AOqpTOFFyPhbA_cSDQ4efUBMh4cwojFld3rj1rjbdik3IOJZ4TS8tNfZ-O7lKI8EBshuqrV1XsJqsRnvlrYUHxc,Husein Nashr,https://play-lh.googleusercontent.com/a-/AOh14GgD_Q-pOi8WxcQG3EHNZ2i7CCkWEZ-1EmD4SOzkpQ,"I didn't see any ads, but i want to support you all anyway",5,1,1.2,2020-06-15 09:30:23,,
gp:AOqpTOGv0IpCZDQ3YgD-61QpBxnzqJrN_eCcgMjDczQPUMCCxOnIAizW169hLOrnaMDsSV5QCtYNwiDPIFGrNGs,Allison Paige,https://play-lh.googleusercontent.com/a-/AOh14Ghs5tvnBVSSOfNTyFbgUjeE88ZezNDNhfAh8la6JAQ,I've loved this app from day 1. I install in on my friends phones too. We all love it. This app is better than the description,5,16,1.2,2020-06-10 08:31:05,,
gp:AOqpTOEYh4m4Wd9aSPz79mOtXwyGG2wNHLDWHEOrxQGEKAlvFPAz_VeJ8yOK2VV3b2zAk9fSXwgJZrpVUdNM3Nc,Bhasker Eedepu,https://play-lh.googleusercontent.com/a-/AOh14GgEQt_M7QvBU3qA80Z3Kx32FSPU6FHR2bRWQspetg,I purchase to encourage developer. now ymusic not avail in playstore. why ?,5,0,1.2,2020-06-04 23:22:32,,
gp:AOqpTOHBQVpfpRDwzvpf4YdZNPC_KVY2IQlUJKbTkECcWKHoDWR6urLW0b0rSvwllnI3Qyl13Ff_F0icty2OR0g,Malik Jalolov,https://play-lh.googleusercontent.com/a-/AOh14GguXar5xOwQ4RZFXCIx6wKG2E8cOjeKi70VLfT7,"Not bad, but icon is not hiding on android 10 (pixel experience rom). Hope, will be fixed soon",5,5,1.2,2020-06-04 15:24:32,,
gp:AOqpTOE0wbrwkdD1LOAyRPn7yNg0fP7IDpny0e2t_OAFqGtC2T41ZL0VslUQW-zblVaO5HbP-xIMBOpgohKle_c,Tombak F,https://play-lh.googleusercontent.com/a-/AOh14GgeHkcMSofZAA4y6XbYj7lxJiiG86LvoUn86AgM,Literally best streaming music app. Plz support them with buying this!!,5,0,1.2,2020-05-15 14:41:57,,
gp:AOqpTOHmidvow5m9I_jyboirmOjSk6N2iTv4lH3BLfvJjfxRJPmg-eK27I7KjBhLu8NBXz7L2bMbXIQ9By7ev8o,ahmad khafid,https://play-lh.googleusercontent.com/a-/AOh14GiBk97T9JmpnXHn406JVAoyewhzifuqIUAKeVPx,Mantap,5,0,1.2,2020-04-12 02:39:22,,
gp:AOqpTOGZf9vU4DeESjEDJPu8Vplm4nsRTxWQSDRihAaLvpEBYNN9nyEXbyX4muRlG995FEUu5Nuaf2y0JkCe7v8,Zafr Hawk,https://play-lh.googleusercontent.com/-fzv5BPWJiDg/AAAAAAAAAAI/AAAAAAAAAvM/AMZuucmULUFAqPZHssiLxNEDMNlNmOZHxw/photo.jpg,"Ymusic is the best app you have made, it's like dream comes true when get more features than expected and needed. My fav app",5,15,1.2,2020-04-09 18:27:42,,
gp:AOqpTOHNvx0mkeZR9iiSCaYsNR-F8sjKs0WpwlQ7sPy6pqTTUakmeur4LPuZp4pUau4Iw2odp6oxGCoU96bJ4pE,rian supriatna,https://play-lh.googleusercontent.com/a-/AOh14GgZB_sy2CmRJcCIre6DXURWwPnLjjYYZ1ZeAq_G,nice,5,0,1.2,2020-01-23 07:50:42,,
gp:AOqpTOEfL0IYzjI0um2J2-eeq84DpLE4ssT0SZDdK_JcAVI9BTILEf-xR03rQMUr57PqWlhsYZs-ez-k8OMAe8I,Yours Truly,https://play-lh.googleusercontent.com/a-/AOh14GjqZRmYcR0f0OZGn0FNUDi9rIpG6xe39SL6ZOj7lfE,Keep up the good work boys!,5,1,1.2,2019-12-24 09:52:26,,
gp:AOqpTOHpszsb_DyUnuF8eFXwQTi0YB4u0YDEQt0uAM8uYkKbb_ycLFvk6ZW1FW-wRNBm1dCERqigxFiPn7TQK4M,Rama Aria Wiralaksono,https://play-lh.googleusercontent.com/a-/AOh14GiLc1oqTz5sxcWg2UNBHGJ3ESYRLkfm5txWh5IDQbM,No problem so far,5,0,1.2,2019-11-29 18:14:51,,
gp:AOqpTOGZnKXbp6APqr43L-bz8qTm2Qnxs97t93AimQIyKZMQ8E-_i8pUyGb36OTK5rfdirCTkyxHcmCToKsCCHg,H C,https://play-lh.googleusercontent.com/-WpY3JGJPaNE/AAAAAAAAAAI/AAAAAAAAAAA/AMZuucmi4VNCozEQYMM7jsbJ9k29_l2aXw/photo.jpg,Some songs were listed as premium only I bought premium and they're still not allowing me to play/download them,3,2,1.2,2019-11-26 09:16:41,,
gp:AOqpTOFyiN-7J9cASqkkWZ9wUr1I4LzKfQpF8hK-sexR_wB_z04loSAUT6AR6QlXY4sNGVVJGuqDkajqjh29awE,Totok Nugroho,https://play-lh.googleusercontent.com/a-/AOh14Gh4NvBbl4i6tDplaA_pdQusTRwUlYZ9AC1-SyNb,Ok. Good,4,0,,2019-11-07 04:52:53,,
gp:AOqpTOHzhXFstxKHFjl8IaBPVGmKVYlOLEhE9bGJbraWYUU28CDXLruuYilArP4QXrsmtwlF4yMVBMnplsXoHI4,Totok Nugroho,https://play-lh.googleusercontent.com/a-/AOh14Gj-5ml13O9St2zrlyfQPbDElmaIhJc33Dr_YG6_,Good,5,0,,2019-11-07 04:52:31,,
gp:AOqpTOET4D3icSPHGmQUz6r4PuIOgg3W3701CZ5YcJE7ISMt_F9n59bZfmVTV3DBa6-tQNsXb9OlasZ6A_Q98zc,Sourav Chowdhury,https://play-lh.googleusercontent.com/a-/AOh14GgLSMQRxcAWY2kDNWzKj0v3MqLAPWdSv1P0uRwDng,Hey I paid for this. Why am I still seeing ads?????!!!!,1,2,1.2,2019-10-30 06:04:08,,
gp:AOqpTOHLjiPjwHhzqiwAvVsmMI5l2upuSV8tG83tDoVpw-r1GWQd5pRMM2fjvzc9LORpVP-tdlQ5KuOPKa2W5eM,Pratik,https://play-lh.googleusercontent.com/a-/AOh14GgiDXiEFEcjTdC55xXze3Hr63i178cBCQi0QVjrTQ,not reliable anymore.everytime i play song it stops and gives error can't load data to play and then plays next song.getting this error frequently.my data is working fine with other music apps and YouTube,1,0,1.2,2019-10-22 06:42:14,,
gp:AOqpTOHDtoKYYJTDCatYwALGnDzepzOoxCzUdtiR2OmGKZIMYwRHN87l91VqZXR4f6qAtImG4iGBo2c2qILqC24,dylan haggenburg,https://play-lh.googleusercontent.com/a-/AOh14GhLb0TTrtFK6CnxWXkBxZZw9_R97qb1uATSOvWRGQ,doesn't work iPad I Still get sxxx,1,2,,2019-08-04 09:02:37,,
gp:AOqpTOEmRb66Dwy9DoTyLvHdhfppNQLSfRaf60ey6Mn1ZDv31aNgRahg272MAW0NDMZPHzFBk3rCPH2JDoBRzj8,Jayaraj C,https://play-lh.googleusercontent.com/-UGtx8aPZ7XQ/AAAAAAAAAAI/AAAAAAAAAAA/AMZuucm64aci9wRHCOSvznVhJy87y96KiA/photo.jpg,pl add it in apps itself . two icon is not good better incoperate this in ymusic app,4,1,1.2,2019-07-19 23:07:51,,
gp:AOqpTOETKzwhfaoRLvhcMXA9FR5lm_gogmPuUjik4vdU9DUU6Fclhq5JzGoMJyH2wxcI_fNGC2FbcisO8v9X0Bc,Teduh Kristianto,https://play-lh.googleusercontent.com/-Q8bIxpuHuCc/AAAAAAAAAAI/AAAAAAAAAAA/AMZuuckGwg4K7Pjjz3uI41jnnDyodfzccQ/photo.jpg,awesome!,5,0,1.2,2019-07-11 12:28:14,,
gp:AOqpTOGglNSoZAmgJuDs3xSeldejG9Oe1A6m5bwGg7KDqy5JJNOsPBbQtNo9SWpASaYQLrOKIK_Nwtoc0idPwM8,iko english,https://play-lh.googleusercontent.com/a-/AOh14GhynQPrOXeKpchQ_zk7cJvOxgBUzyKgJBWQSKxFKw,thêm chức năng lặp theo đoạn đi a bạn,5,0,1.2,2019-06-14 22:57:53,,
gp:AOqpTOGIqvKBlj1fA7FWPRFhojLz-NIJipf2Nn-w3k2M4328JXZoQHtMMCMwfHyh-NPcIMvgVF8s9TtRFA38IFc,Azad Khan,https://play-lh.googleusercontent.com/a-/AOh14GjQoqWNAeaobwKGgU1volW34s1Px02efGhwRYXcEQ,"your app is good but need to make it little more modern like videoder. i mean to say please make to show videos in Gird list instead of single list. and give subscription near by home icon with channel icon. make easy to add,comment. and like, feature as well",2,4,1.2,2019-06-01 00:49:57,,
gp:AOqpTOEPx6PAoaWaBRn5cBEQDRRVaiJFobbtCOJWeIiEoPy2zivrS9Fa3Vx3JdsQbxd_7J3l6LMcFea-yIf_uZs,Darth Cross 31,https://play-lh.googleusercontent.com/a-/AOh14GhZG79z9AEpp5V_nOPjD6KZB3SO_Ty_7vhBt_TG6g,"This app is fantastic! Except for a few things. Can you please bring back the option to put in the title, artist, and album of the music yourself? The auto tagging is wrong almost every single time and the only way I can fix it is if It's a recent download. Plus. If a song doesn't have an album in the title it will put it into this ""YMusic"" album and it's very frustrating. A fix would be greatly appreciated.",4,71,,2019-05-31 09:39:59,,
gp:AOqpTOGvEsbaMc7LNzw7tSldDVYiUfcGihFMN6qipZwybR-yriOZDTq0d1xzINDmEMscH-B_YrsnD0GOP0n2seI,Sơn Trịnh,https://play-lh.googleusercontent.com/-aUczm06hIIY/AAAAAAAAAAI/AAAAAAAAAAA/AMZuucmWJ2ur1gCuMew7JzPLcn1Bw9lt8A/photo.jpg,"Amazing app! Even though I use adblocker, I still buy the premium version, as a way to say thank you for your excellent work.",5,26,1.2,2019-05-28 08:06:17,,
gp:AOqpTOEPGbYxjtBvtl6tuh5YW-T8sAXhQrIam3GGY80aKSz3n1BluDkghZ-PBrV6XWFs6YV5gL2e5hK9daIQoP4,Kevin Andr,https://play-lh.googleusercontent.com/-ZJrMHL4EXsM/AAAAAAAAAAI/AAAAAAAAAAA/AMZuucnOA_o-bpWnysYg71RITjcC0vMXXQ/photo.jpg,"The UI overhall took away all download options except for mp3, doesn't display thumbnails, removed layout customizations, etc... Downloaded tracks are forcibly auto tagged, and will be consistently wrong if the artist isn't in title. I've filed so many bug reports that fell on deaf ears. Up until a few days ago, I was able to get by on an older version of the app. But the dev recently bricked all past versions of the app someone, rendering them non operational to enforce a mandatory update.",1,23,1.2,2019-05-22 18:59:56,"Hi Kevin,
Old versions (2.x) is completely broken, it's not able stream music anymore, so I have to make the update mandatory.
And about auto tagging, you're right, it's not accurate. I'm trying to implement a better way (flow) for it, but since it's quite complicated, it will take time. Thanks for your feedback.",2019-05-22 21:52:13
gp:AOqpTOEiqoZz7Q9BWpgZI-x1o6Zc8ZfdcJbDTPVS2oLCRG0ev8Y09YMxRzlOoUlOeSN29g3MZdFXy9sSl3ZdMag,Matoro Zeliph,https://play-lh.googleusercontent.com/a-/AOh14Gi-yL9usD_2yk-GGa5vS2WI9tL27lKgsODer9jFeds,Still needs Android Auto Support. :(,3,4,1.2,2019-05-21 15:19:42,,
gp:AOqpTOHrIPAZ9Dq8OZOApwh07Obv-0AAeCzpux1JzOjvP-WD4AEJQ8edRblWq8QiSE6ICA6BlccrYdrM-F5U7wc,Marsel Jonker,https://play-lh.googleusercontent.com/a-/AOh14GixHABo3Wtfz5CsK6XMDaewSa0LKsOlWt4xey4wdA,"Thanks, great app!, keep it up😁",5,0,1.1,2019-05-20 15:44:52,,
gp:AOqpTOHGUN9CkXNJXeZicbjOnotOGkBCz1zfcZTHpomL8RdkaRrTQEmRosAhpJF28K9YBoC4ote5WnVTJAnEsLc,shaik javed,https://play-lh.googleusercontent.com/a-/AOh14GiubROSkFXV0xps4P6ccJEgphxfnbDIAwIebL0QOg,ymusic doest work anymore code 8 error,1,0,1.2,2019-05-19 09:04:11,"Hi, can you go to YMusic and click feedback.",2019-05-19 18:58:39
gp:AOqpTOHT9OVTrIeKK5dGAht-LbPNKhpqa0JXVEQ19gKPVOsbXBZzqCOph0YHm-V7jPJsxOE8244CgS-VTBzx22E,Prashanth Ankam,https://play-lh.googleusercontent.com/-HHO0RWKZBtk/AAAAAAAAAAI/AAAAAAAAAAA/AMZuuclFXW_PZGkg-JyTxv5XK1uiaEgRGA/photo.jpg,"A steal app to survive in any boring situation if you have battery,headphones and internet of course😅.Developer very good work and keep developing it.Because,I use it everyday",5,3,1.1,2019-05-17 02:29:22,,
gp:AOqpTOFMo_gsdocsJUg-yAeXmSOqSsrvjFfb4Fb-dE_q7byjnuq4phNfcDYolkEsS2AN239Cuqr-9EbGCDY99xI,b1llygo4t,https://play-lh.googleusercontent.com/-RBCgCFrXpFg/AAAAAAAAAAI/AAAAAAAAAAA/AMZuuclwzUqkECB1FnsJqA7kQ_hK1M9zaA/photo.jpg,"I use YMusic everyday for all my listening needs. YouTube has literally everything I've ever wanted to listen too, and this app totally takes advantage of that and does a much better job than the native app. I won't pay for software unless I absolutely have too, that being said I paid the 4 bucks to support the devs, with how much I use this app, worth it. it would be neat if you guys could add plugin support, like displaying the album art as android wallpaper, or even MilkDrop",5,24,1.1,2019-05-04 11:57:58,,
gp:AOqpTOFIeSLfGwWQdt0A5j76ow-KH781xGjAeATFdzu4G1SlDDR-qFKDMEKNQr0q8gW9hEJLcrZO5AtkHZwHu1U,Star Wing,https://play-lh.googleusercontent.com/a-/AOh14GiisJrUkywWzUxC3ZDz7pLvyxuXr16mXZ-egcaaqA,YMusic is the best app for music playing and YouTube streaming (in audio mode). Haven't found a better player anywhere,5,1,1.1,2019-04-25 21:22:43,,
gp:AOqpTOFmwQRa3e5i7W1d21eTlTtILu3FDyZ5VyvrDulWvhSSbrhbW6s16hhT7-92dC36kVOq1rSIyIPmdkZbBKw,taylor zalaski,https://play-lh.googleusercontent.com/-qjDGr-H8ooo/AAAAAAAAAAI/AAAAAAAAAAA/AMZuuckdFe_qmpwUUxft4QWwtUJ6ggf8WQ/photo.jpg,"this is the only app I use for music, 5 bucks is a no brainer! keep up the good work!!",5,2,1.1,2019-04-23 06:51:31,,
gp:AOqpTOFywJAdpD86VTBbQ_YKwYx5r7F3T5mNsNRm73AVnB4MDrdkhuH_TCM9xprgbT6sO9UH2lI8Ka9katXMwxM,Amrit Singh,https://play-lh.googleusercontent.com/a-/AOh14GhRwqE22-fDs2gnN7CzXaAhFpdwXpmEyIsBYUj3kQ,Thanks dev for this amazing app!!!!!,5,1,1.1,2019-04-17 18:08:41,,
gp:AOqpTOHtWfsSDOhWnIb6xo3BhmU1awcbkY1aqZ0X2Rs3OFhFuC650hXApRa4KVvNKPBU-LEOiZD0Qd01qP-mWK0,Archimedes Bey,https://play-lh.googleusercontent.com/a-/AOh14GgNVV7eyyRmBRRTNof-QG4XebsVtSgFdmpMRAzdLQ,"Used this app for a fews days. One word ""Nice"".",5,1,1.1,2019-04-16 20:06:32,,
gp:AOqpTOGD5JZNA8EwDuEWewjzBvR6qFKGKoYFi1VcPUi_0ycSGEJQuG4ZZP4nrhTcCP8HSqJ6abEIoO99XJUSHgI,Mishu,https://play-lh.googleusercontent.com/a-/AOh14Gi4uHJLxLtY27sqaOTlaCVzIEXUGt6RSjtVnOd_RQ,"i love the but there are somethings like making it easier to create playlists and being able to add songs to it later on. One more thing, there used to be an blue icon next to the songs i downloaded and quite frankly it was handy but it doesnt seem kt appear anymore. thanks",5,5,1.1,2019-04-10 18:36:27,,
gp:AOqpTOEplvEGtkgUS-X4FVSeReHDTznEOCobd_s3nZOJSoV3UKEnkFdgP6bJZXnOEGOeEy21DQnobGGvNmUZqKg,Saad Badran,https://play-lh.googleusercontent.com/a-/AOh14GhjgxHh46dHpMKQzi1DsOSRleaWgy4Cb2LiBaMH1g,Best app ever,5,0,1.1,2019-04-08 14:28:52,,
gp:AOqpTOE8nnSEnTQniLJLc0oawVnvFpsPD-LX9Dvf6pmNNosXdsQirw5hN0xuHJgHulOpd62xML62Pv1MiyYBkqw,Vishal Patel,https://play-lh.googleusercontent.com/-fNo_LRokcG8/AAAAAAAAAAI/AAAAAAAAAAA/AMZuuckL88egmfKk-Ye63Ql32uGcWK6cag/photo.jpg,"Awesome app, makes yt million times better. No more buffering or waiting for signal when on the train. Downloads are quick with 4 threads and muxing tracks are really fast on Samsung s8. Gui is nice and easy and straight forward.",5,9,1.1,2019-04-06 20:35:08,,
gp:AOqpTOGGhz5jIFyocaFo-piwID_RyRFuDsdXAr8W3vY7jiIBr3XMRdNF5A-MkjbFCGcNC5kotU1nR5rzVD1Xhfg,mohamad zahari,https://play-lh.googleusercontent.com/a-/AOh14GjZuU5_gGEV1MVy7mbJpbMT5ACPLjmQVoVA2OSyqSE,Why suddenly pause when playing on background?,3,0,1.1,2019-04-06 04:28:26,,
gp:AOqpTOHyYKEmtEDyGY7BNIZdlZqYQOMF4r5Cp5P1so4vtPTazZODfOf_J2-SzMnCL8-rN1UHPoTX6adGAFZyMYs,Amit Kumar,https://play-lh.googleusercontent.com/a-/AOh14GgpYsbzIusUnQ4ZYaneAATHKWHVTMlv1Hr-4IJRVps,best purchase at appstore,5,0,1.1,2019-04-02 22:54:43,,
gp:AOqpTOFApaVWXBoAtoLQhj61C0rCcKFH7GvNcnez9s0vTDtxBqnp6gYHzrt8DEAG5tomryk3447qf6dXEUIXeJc,Yasser Dawood,https://play-lh.googleusercontent.com/a-/AOh14Gi8JtHQzyUYPxJDtr9ESF4vHFxmUKfzQwzdqF-XzK0,Just bought the paid version to remove the ads and to support you. You guys just deserves it.,5,2,1.1,2019-03-26 05:44:52,,
gp:AOqpTOE5uMqDsNAMJHvscVWo_GsQQleXTU5YIgJ1-9HcSJSClZFFV6j1_q3dXOfIkcZUHLTH3McGFh3slhQFaDk,Anas Al Ebsi,https://play-lh.googleusercontent.com/a-/AOh14GhzLzuzP0NA8SFL5lHReVHrJDsZ0mwjKoajDtK74w,good,5,0,1.1,2019-03-25 07:52:13,,
gp:AOqpTOGzmeWNZ8rfxAnwqUtsqHjvtZT9Qh8MCgdm8WlIM1lSBnBzviSBVh50djWAHcH7qVojG8dMgrA54nhIzQ8,Jagdeesh Patel,https://play-lh.googleusercontent.com/a-/AOh14GhR-z5jsOerKUXfRUCshQQtFBaIVjccsAYy_xIb9g,Ymusic is one of the best apps out there.,5,0,1.1,2019-03-23 19:25:56,,
gp:AOqpTOGT-Cewc1zYkInTxbpUJzVazmE-kPPGdcz36sAY0hXhIw0h4fu24HjgCRiKg-ajlLNwLYFanCIE2Kys6Zg,A Google user,https://play-lh.googleusercontent.com/EGemoI2NTXmTsBVtJqk8jxF9rh8ApRWfsIMQSt2uE4OcpQqbFu7f7NbTK05lx80nuSijCz7sc3a277R67g,By far the best App to listen to music on YouTube!,5,1,1.1,2019-03-14 10:35:15,,
gp:AOqpTOGcQKEQ67dBjl1r2wYo9XNAcMPUVbeFjltC45uZfrXJHt-g4-rE4Df9UI7FUA2LYBC_goWlB3Mu3KEvtnY,Nandeesh Singhal,https://play-lh.googleusercontent.com/a-/AOh14Gh4_UvKg7rTPiS8c5JpK39VuOgyhqouQnL_ulG8XWE,The very best music player in the entire play store or APKs that one could find outside play store. Try this once and forget any and everything else for all your music needs. Great work Dev. Keep it up.,5,2,1.1,2019-03-12 21:59:50,,
gp:AOqpTOFijFMMh6GSXa8_8d88K3A0uT7bI24w_lgGsCWYyeQE1JfeE-M8SwOeRLAiygvZT0cQqiiNxWbCEjWNbpA,YouTop Music,https://play-lh.googleusercontent.com/a-/AOh14GjdKs1b0aL70Fnj1CwyQ9pIEiDt-5EePe0n1R7JrA,"YMusic is a very good Music player, there is no better player than this, Nice Apk",5,0,1.1,2019-03-11 22:25:25,,
gp:AOqpTOH9Y4dfdpiJ7NLeZDytv0__A_DnDCg22ttce5Macq4V6Any_dega2ads7F62Nb2bTUJEgiMPbs2LAejiS4,Seprianus Kiding,https://play-lh.googleusercontent.com/a-/AOh14Gj9Ce6gMDx12gsR3UQqKRvXmNKo0M0Ek_t7EJ8e1Q,say no more. just 5 star.,5,2,1.1,2019-03-11 17:27:56,,
gp:AOqpTOHyfRVmADorj28umtGMp081HW2bkvqmaS9lm4_SkccVXFjjW6Y0UDVoIRJanhFy-KJLxMSEfzqvcUHq7k0,Shajee Afzal,https://play-lh.googleusercontent.com/a-/AOh14GgcvdkIKqLhzPgi9zeD_cLfeJy8d6KqD1Ednsvq8A,This is my first ever purchase on google play. This should say something about your app. Thank you so much for this app.,5,1,1.1,2019-03-05 08:06:19,,
gp:AOqpTOElRnH-GQ4oo4cT9VNjcDs-J0vbVRJ2sJmjwPoOmZ4Z9q8jdhRGnRjtCQtifx-pA9j76tAo5CQ_faJGET8,Dotun Makun,https://play-lh.googleusercontent.com/a-/AOh14Gh7dOpgbTM0Fgft0MwjsAOg1X1N03A4113eCfirWrg,excellent devs. very happy to support you guys,5,0,1.1,2019-03-04 11:57:02,,
gp:AOqpTOFdSGQfOMKpFAM_gBn110S4fXkXOZY5L1kZW0PN0sIVVGN-LP2_aDe8_tlc9kJe7J1E7skeyIWhysH1yIw,Saif Aqqad,https://play-lh.googleusercontent.com/a-/AOh14Ggoch-ONwLh2omYgIUx90Ge77x50rwsrc0BvD-u5D8,Excellent app,5,0,1.1,2019-02-26 11:02:06,,
gp:AOqpTOGzKIrYl2R1IYLyk7A-rHdxr6sycEPZIKmqFSzHOUXnC6sz-FbbIJ5jqBHtvqImMVRcIa3m-uVZY5DVBo0,Joel Alvares,https://play-lh.googleusercontent.com/-cqoD2NgyVzg/AAAAAAAAAAI/AAAAAAAAAAA/AMZuuck4vmo1kDULFdfz9lJ0zLqlFDZ1XQ/photo.jpg,"Not only is this a great app, but the dev's response to an unsatisfied commenter was just amazing customer service. you deserve the money, keep up the good work!",5,4,1.1,2019-02-23 00:46:18,,
gp:AOqpTOGJ1TeT0OA86i7O_O3YXjNbV0zJwgHYTUyP6K1bexBSiYBUbuah1PrgACIM9D6ltkwC51HNqkXQdYjDeBA,Dr.Ashish Behera,https://play-lh.googleusercontent.com/a-/AOh14GjWVmtOsDi7ptqwPo_eQZX39xFFIDutuHfHahPENrU,You deserve more than I can gift through this app but a request please don't quit this project as done by different developers in the past.,5,4,1.1,2019-02-20 20:51:02,,
gp:AOqpTOHgUrTAQUpcMwBeDfJxEl-HcVDo2NSkymruUZ40vNaFOtxHNypFKwkaqGRJEtEywAv9O2Ha4f3pbXjy3TA,Think Different Do The New,https://play-lh.googleusercontent.com/a-/AOh14GgnjUVuolFcY4iJdWlQQjeposdIJuVO9xda6ShxHA,great work,5,0,1.1,2019-02-19 16:14:15,,
gp:AOqpTOGyWEmmFZFL1npIPNa7dDo2PtxlLMz89ezQvIbV51ODnmA7kQxORfoodjoHusLj_-VyJAm_GcfFdMqxs5g,Hafeesh Fazulu Rahman,https://play-lh.googleusercontent.com/a-/AOh14GjaU4SD0-_PP_yNjMghFkab_eNR3OJM6_EuYfID5MU,Best app for youtube audio,5,0,1.1,2019-02-18 03:16:57,,
gp:AOqpTOHjQftMg9T5Hdubh3YY8TdHd6PsI64Di5KbXJnUcZEvmB80EJtc938R1cQ8ZMStNxtDLIMR7CZb7lyn0TE,Rahul Sahni,https://play-lh.googleusercontent.com/a-/AOh14GgyxB5gjJga1ukCvV6LBcI0iKU7zKet6oBlTrGn_aQ,Just an awesome and super clean app,5,0,1.1,2019-02-16 00:04:03,,
gp:AOqpTOEgaHg84Sl_be7B7Aaf8PTLfRwK8x9X9iJMutcGKvAdhl-8b_PrZEWHtrOlUH0C9DyEydvsO8g_zPWUT0Q,jagadish H K,https://play-lh.googleusercontent.com/a-/AOh14GhEaq7oFQ_joRCqr7yC42t7NTGzpIS5XurvFWgoMKA,good,5,1,1.1,2019-02-13 03:34:28,,
gp:AOqpTOGw8r-v3dQQgz-DIFCu7NJwHjvliw2k7EyIvWZroQclo9-C4AMTDCeXeQrDRaxPnO1YIFA1f3Jq519N3wI,Ghaith Arnaout,https://play-lh.googleusercontent.com/a-/AOh14GgkkZ0bZS_VNGtP0Sqoe05_XnWFv69iCbUaJLzTYg,"great app, there is one thing that's missing, which is a ""Downloads"" folder that contains tracks downloaded via YMusic, and another folder that contains Folder view like in play music app. otherwise it's a 5 stars",4,3,1.1,2019-02-11 01:12:29,,
gp:AOqpTOGSXI7AbaSSwXCPJp-WqtQTvGuHWVq-27AAZyefSJVpioAUCz7tLcgxm0VEHK0eURqpd5-Y65ai9J2W998,Khayam Gondal,https://play-lh.googleusercontent.com/a-/AOh14Gj8RBUzVHFE5bSkuXA9HDgcW8HC-MXJB1KyxJjJbnQ,Better than YouTube,5,1,1.1,2019-02-07 21:15:59,,
gp:AOqpTOEZmYLhwN0GGayLcS8D19NW_Onz3qul5HqOEQeCFepg1ljjKQb3jE8Q3mPTqeBow_G-UrXVHMG1HskKKmg,Aziz Alanazi,https://play-lh.googleusercontent.com/a-/AOh14GgWGR5Bv-CuKAIvM4FDjMqyLls8-F8MGA5IaTX71g,"wooooow, yes you guys deserve supporting.",5,1,1.1,2019-02-07 10:52:32,,
gp:AOqpTOGPgYitxXOeKeWRQuHlDRrlDYZvUlWpjlMxmOpJMRriR54p3tyJ2rj_eJFj_Y-bZ5cAQxFJKCMrik-emyM,Ethan Phung,https://play-lh.googleusercontent.com/-L13mJHXbgb8/AAAAAAAAAAI/AAAAAAAAAkg/AMZuuckmkCnwr0nd-FLbus8uJknO3CyXgg/photo.jpg,you guys are awesome. keep up good work!!!,5,0,1.1,2019-02-07 10:20:29,,
gp:AOqpTOGH3vZI-glsLf_DjGQbAWj6ajBXC9fX8EOHcNWkBA-J31ihI-v112nzrZqtnzS-HCOAzu32SnPVCOArRkA,Bryan Yadiel,https://play-lh.googleusercontent.com/a-/AOh14GijPvWOa67G0d9Ehp2Y0uey6Kt75IjTmMzwGoTplQk,"i never... ever in my life have given a 5 star review and the only reason why is there is always space for improvement, but this just tops everything, been praying for Spotify and other streaming apps my whole life and i just found out about this. This literally took YT and make it better in so many ways, i just can't start describing how i feel about this. been using it like 3 mins and this is something that needs to be shared with everyone. Congrats and keep getting this app better and better.",5,24,1.1,2019-02-06 18:54:33,,
gp:AOqpTOEPiTGSJwur10jrg50RKvYY9e_IE9xnlww9qDChrd6cJGd9B8x37wV6NOyBK5qFywDWa9X076HisO-Ai_I,Nirmal P Rajan,https://play-lh.googleusercontent.com/a-/AOh14GiUf7K9Yth3ts_t3R7rT52BRrIXkTNd_TalHPGBsUY,Great work man U deserve a token of appreciation that's why i bought this app..keep up the good work,5,0,1.1,2019-02-06 09:53:46,,
gp:AOqpTOGNUTKGHkM8wlliQQ5NGIiER2GYFWDxH7upOjAtvL0s5tQ1EZoccmzTsBNAOF1xrpOvpuKLmXefILa-UfA,A Google user,https://play-lh.googleusercontent.com/EGemoI2NTXmTsBVtJqk8jxF9rh8ApRWfsIMQSt2uE4OcpQqbFu7f7NbTK05lx80nuSijCz7sc3a277R67g,greatest free music app ever.,5,1,1.1,2019-02-06 03:54:53,,
gp:AOqpTOEjnE3dnvio1ipbpGUxH265UiRhPaSkZeZdiYgPTw-r_kST-dGs5EEeoXd0cIP9_IX-jc2YuOFUwLt6-DY,maddada,https://play-lh.googleusercontent.com/a-/AOh14GhVyI65Ok0R2ow2IiWFFJVgiA8BeyGnQOxrBGDaaQ,Thank you so much for the AMAZING work.,5,0,1.1,2019-02-06 01:51:46,,
gp:AOqpTOHFe4apm5NTWLSDEvPm6VD2XjTBY5zvlJ1eF-lQl7T6LvIOnZRrrDJ2vprzdZNmMGHUGhImpnXY_4hKcYA,Roshan Valsan,https://play-lh.googleusercontent.com/a-/AOh14Gi17dplnVkmZtBNu2qtlEHtKL5JiJqOkJ73CmRUnw,What a wonderful app! Thanks a lot developer!,5,0,1.1,2019-02-03 22:06:46,,
gp:AOqpTOGaH2OO8FFD3FUFn3XWWvqkwQKuKvEOVc3UMywu5eoT0QE36A_lgnjWMuM1WxehXj4RM8H3qKjBy3raBTA,Olyz Max,https://play-lh.googleusercontent.com/a-/AOh14Gh65Lzlk86g3eAJ-SgL3Tf7T4g_WiZgOUzrAVMWRg,Excellent.. 😊,5,0,1.1,2019-02-02 09:00:29,,
gp:AOqpTOGU7ptTza8Yp_-5DotT4PinKx5PpFNH0G2MftFEFLVNBkVafn_mw1WYa6IK4VskXx1Xzw74OJccMPNhLGQ,A Google user,https://play-lh.googleusercontent.com/EGemoI2NTXmTsBVtJqk8jxF9rh8ApRWfsIMQSt2uE4OcpQqbFu7f7NbTK05lx80nuSijCz7sc3a277R67g,Best ymusic. Best best.,5,0,1.1,2019-02-02 06:26:19,,
gp:AOqpTOFw3fIAPj6HblMS9y4XZBgt1YnIrmtrDtjpePS42mvVyzvXxMF3dEaRQdm0ywcuNXU_hPp9-OClVwZlQMY,Kam M,https://play-lh.googleusercontent.com/a-/AOh14Ghbpx2Erxdlcphbk6GrIcDzVtww5bLwS5gTPptaOg,"Great app, many thanks",5,0,1.1,2019-02-01 01:45:16,,
gp:AOqpTOFhig355sWnUEmjJBPHSMZPckqVWwZVoi3Ifvs8a3DuXMEk5qtY-IT5eUKnehbp4wvarLgdJlbGvU6wj44,A strongArms,https://play-lh.googleusercontent.com/a-/AOh14GgvJDbHDB2_ZB8TaNCR0TdDr8FAWeVPEIxL_6-bsNY,Praise! Happy to help and totally deserved! Thanks for the excellent work. 👍👍,5,0,1.1,2019-01-31 21:18:21,,
gp:AOqpTOGgdMx65gsPm_EPE60sxWFRDrtUJ68i8f579rjInp6oVai-4uRyYzO4bCpZlKkOXbnzIh8crNp5qhA56dU,Russel Christenson,https://play-lh.googleusercontent.com/a-/AOh14Gie0Z4Qs75V69iU_Iiz08PgWT8TkIrlyZ0TPxjO-Q,"Incredible App. I dont often purchase any app let alone a 5 dollar one,. but hats off to you guys. I will gladly support.",5,5,1.1,2019-01-30 14:10:21,,
gp:AOqpTOGhDy3_fU0-6wSPKnylGMItu40CvAuDB9xTlf_tn43qjs6c7mDSCb4ghgPR6ZL1zh-pMdQxdO5z_K4nyB8,A Google user,https://play-lh.googleusercontent.com/EGemoI2NTXmTsBVtJqk8jxF9rh8ApRWfsIMQSt2uE4OcpQqbFu7f7NbTK05lx80nuSijCz7sc3a277R67g,handles it's job as a conduit to support the Dev.,5,1,1.1,2019-01-27 13:03:41,,
gp:AOqpTOHLeEYzQwExNRnWAD7bU22R_ezKd7rBlkMtkhDyD85__NmTjccEcqQxmVuhs7Dk1aLkflft8F2n2An-xa4,Cedric Feune Tachoulla,https://play-lh.googleusercontent.com/a-/AOh14Gjv3Qf3CajGWMRmFtYryszhJzdSJmX9ziS8fdc5g-o,happy to donate for the awesome work. Nonetheless i wish it was possible to chromecast song to my Shield TV. I still use Spotify at home because of that feature. It will be great to have that feature,5,7,1.1,2019-01-26 23:51:42,,
gp:AOqpTOFa3wlGjCVXgNXc8W39t_-DulwUXVN22r75Z1MITSI9LytV-sXzb8UnxUqsoHzG35OmLVTIbyiRn6xhqMY,Alpaslan Bek,https://play-lh.googleusercontent.com/a-/AOh14GhM0_0MNIrSs6L48mLLnQMmbPszED-AWX1_bu1AFf8,"As a developer myself, even though I use adblocker, i wanted to support these awesome developers. Huge fan of your work. I wish i could (somehow) cast my music to my Android Tv Box. Not that much important. I use it mostly in my car anyway. Keep up the good work",5,38,1.1,2019-01-25 11:21:56,,
gp:AOqpTOGvr9AU5W_1X-2aXF7FSfWybWLnEhidef8kQFG1N3bCD7WDLNv1xQendmB72rWOVzd7Vwy0JsesXOwVsJA,Dani Wayne,https://play-lh.googleusercontent.com/a-/AOh14GhH7XEPQAWGknT_U0cDevXJAmlGLmBiqO3ibbuu1A,absolutely amazing app guys ! best music player ive seen ! I love it ❤️,5,0,1.1,2019-01-23 21:37:23,,
gp:AOqpTOENX-DOBGw0lqXTbXcRizx2e5VRcue1tsAbyqvEJLuG9CjJexCewis215i6pEsZObT-hAbm5CKq_xm0O-4,Gaurav Bandre,https://play-lh.googleusercontent.com/a-/AOh14GiYyBBA5I52pu1bm0TRo21rgtdKn8W2kMKGPENrIQ,plz plz add to stop shuffle option in ymusic player,5,0,1.1,2019-01-23 07:04:14,,
gp:AOqpTOHtxWFtCUoysAmSAD20J2viSCNxmZg9pKjJP8aI9hc-vH_btlGfBR59h6fwEUMsmJZuh9m8osUSO_91pJw,Laurence Ko,https://play-lh.googleusercontent.com/-iQXVh529A-M/AAAAAAAAAAI/AAAAAAAABuU/AMZuuckcx6tlUl3-qwkXM1YKdznsiInpiQ/photo.jpg,This app is amazing that I've ever seen,5,0,1.1,2019-01-17 09:39:30,,
gp:AOqpTOFgSINtG55EAaXn6tBFFHhijvUeUOng8x4deaFlouMqU1M1mJtPOQKBayb2fHduHa3-Ubv7nKhuT46CB6M,vikas joshi,https://play-lh.googleusercontent.com/a-/AOh14GhRUIC1rTu2Tb8oqHQSPk5Rfe5BPO9hF2h74yDdFg,u r best always uptodate ..,5,0,1.1,2019-01-14 22:48:01,,
gp:AOqpTOEN_YBbtUot7ka_ZCyj-zpcsdYa67jaF9l23BaPfA0GTCewIbUbFSvr3Bo5Ih5GML0izAqwkLnf6kClQtA,Mirza Rizwan baig,https://play-lh.googleusercontent.com/a-/AOh14Gh5Qf0H2rrH5TjPV93MhdfegCT-CSoY0w_Qljs30oE,Best App Ever!!!👌👌👌 Please add app shortcuts like on Android nougat 7.1 and thanks for the app!!! God bless.,5,2,1.1,2019-01-14 04:27:19,,
gp:AOqpTOGwEDPquaM3A6TNoC2MPDPUaIG9qQSYORtMJxDaL04zLTnXO6dJQgG0L3NzEJYejZPPxm4aqiQdc5cJ6T8,Samvith V Rao,https://play-lh.googleusercontent.com/a-/AOh14Gi7FaMpnxH4guPZ1hC3MMK7YKxnAXv3HzzUjGouURw,"This is my music streaming app. Not Spotify, not gaana. Ymusic is the best app and incredibly well made. A $4 donation feels like nothing for this phenomenal work. All I hope is that Google doesn't shut him down any time soon.",5,26,1.1,2019-01-09 09:16:31,,
gp:AOqpTOGNh7_nkCakMg2o71LbA7NXMUjtZekcLuB8KdeyQW-QnHvhYDCCqjgMoK1Ttq03Is_KwzyN9W3dSDf0qgU,Matthew Shireman,https://play-lh.googleusercontent.com/-46om3XgwYFI/AAAAAAAAAAI/AAAAAAAAAAA/AMZuuckdETvqaiN6nHnsU3z1tFv9BX9Rug/photo.jpg,"frankly this guy did youtube music better than YouTube. the app is refined, not bumbarding in any way. ive been using this for some time, ive seen consistent updating, consistent support and seeing content that ""the people"" want. obviously it was time to support the dev and everyone should because frankly for the cost of a meal at McDonald's (not even) you get the best music experience available. thank you very much -Matt",5,93,1.1,2019-01-09 05:15:57,,
gp:AOqpTOHXbw8_8UfKMTpi2hhU1O28d3t6iiUpangrcFYPi0YuVvxZrmLBEm4Aa9eZfGFA62vquGvDVwF2umcSQc8,Itay Bia,https://play-lh.googleusercontent.com/a-/AOh14GgIp4q2H9_-fiE6LIM96ZebLLV8xMCRff8H_yPYgA,Credit's due where credit's due. Probably the app i use most on my phone. Keep up the great job.,5,5,1.1,2019-01-06 21:36:11,,
gp:AOqpTOG_VA2YoaZFNwVZQKWKwlDoCwK5LMFTTgxrPcitMhfp-DbgAiFDgCzP6ayW0PtZ4fLXVloUml6_MErCuJY,Nitin Gaikwad,https://play-lh.googleusercontent.com/a-/AOh14Ggq0Q8eNhXXQ0yAoRAtHp6ksfVoFMkiWXmCFqPGzg,awesome..keep it up..,5,0,1.1,2018-12-31 23:15:53,,
gp:AOqpTOHh1DGtvliO5l1dSAgRooF2m6hf0-DYjRFeAVPJOpoLHTNwqs3GMW2NI7VtTqNGgpMCfQ81WbgKJiI55DY,sicksight fearless,https://play-lh.googleusercontent.com/-EfO85Fsa3hM/AAAAAAAAAAI/AAAAAAAAAAA/AMZuuclQEzU-hg7HLtfAU06F3iL9DfnqWw/photo.jpg,"even though i bought this to remove adds , i still can see lots of ads in the app.. so this is just a waste of money",1,31,1.1,2018-12-30 07:12:34,"Hi there, sorry for the inconvenience. Please drop me an email to contact@ymusic.io , so I can investigate your issue.
Don't worry, if it doesn't work, I can refund your money.",2018-12-30 09:14:16
gp:AOqpTOGuFS0G2Uh0ksz-RH31uOG0xfz0CHsJxI0bgk-nhRnx6qSpxQH-wHO3fwRCgOojqgdc5kBkePoUu4oC_vY,Vicente López Castro,https://play-lh.googleusercontent.com/a-/AOh14GikFBuvmybQN23h6CMp4KwbCk0BbmIiQ0B45fPjh2U,I have been using the app for almost two years. It's absolutely amazing,5,2,1.1,2018-12-25 06:28:15,,
gp:AOqpTOHuIrL4LHQueeddlqaU0j2xUJLNOMtRjOWuFkyL6xM6U3Xa6-hYTDn8G2v0fGqzo7mV3wS7QpnMFah2TBc,Dinu John,https://play-lh.googleusercontent.com/a-/AOh14GhsyjtHnW7Hqr6J1eCEOBDLsqvB9e3RWonudU0LNQ,The best music app.....,5,0,1.1,2018-12-22 08:47:23,,
gp:AOqpTOFEBpnSPDdk-2ZsL3nbIeg8o5726vVkpGgw0sUXYfelTHP7B9wD_b5GxqvrXl7XSrn0XCYTJfQ-OIjS1L4,thepaidninja BFC,https://play-lh.googleusercontent.com/a-/AOh14GhsJnRSgcF8YjdKu23o3agMOtDv0LndHQz7nXApLQ,the latest update was so refined and good i couldn't help buy the premium. keep it up guys.,5,5,1.1,2018-12-18 17:59:43,,
gp:AOqpTOGRex2cTOlmC5_w_moxUUD2ZZjTVSRsh0txWgnFCwTI_wkNF6BQSHsnDEr0qVW0qI8LaEUxiUFsV0NGw1s,Milan Stanojev,https://play-lh.googleusercontent.com/a-/AOh14GixBKyqBTmZgHk5o2CcRov-aLYn45LyG2T0fk1fPA,Amazing app! Keep up the good work!,5,1,1.1,2018-12-17 22:20:24,,
gp:AOqpTOG4rZTK3Juuq-2d0AMdhKWFrnCAQY8bnz0hg-4QDjQET-BvTWq8JmPEy2JPmwSBpsTxqh8yBmPyPXoCgxU,Shivam Veer Singh,https://play-lh.googleusercontent.com/a-/AOh14GgFFyWgKDVz4ukvf7EwJaGT1cYhWVB31eu9i0N8KJY,Amazing app for music,5,0,1.1,2018-12-09 18:54:46,,
gp:AOqpTOEgEay042HHjHiF6XgH6VVIuT3ZCb6ySj00HuOWDG09IvvkqXlX2vkEC6g7OhW_rPtSOcsAChdBYvvj6Kc,effessgee,https://play-lh.googleusercontent.com/a-/AOh14GhsBgUiJM6lYfvvjq5-J_F6ZjqDP7qeKTeECdj3bg,Bravo to all the dev team. I was using the free version of the app. Bought the ad free version just now to support the great work in some way. Thanks to you guy(s).,5,3,1.1,2018-12-09 11:16:03,,
gp:AOqpTOH2QkiPx_67UDvWSHy2TrL6_a3LWoHALLeLa1CG7b4aaTUi02mTkE2fFSkt56FdgJZkZ9NZcAlF3iT78Vk,Arkapratim Sarkar,https://play-lh.googleusercontent.com/a-/AOh14GjNloF80bldtmofvbLk6MSLZ8SGoyAVgcIbu0EBNw,Finally paid for a cup of coffee . Hope it'll keep you motivated for a while,5,1,1.1,2018-10-28 14:06:04,,
gp:AOqpTOHRHmAkO0oDM7qHXgXdRgbOhvjhDE3DDuPpacxaesXv6NTF9oksl2R2QYRlplk1VOK9sVtUgijsQwvXSo4,Stealth_Touch,https://play-lh.googleusercontent.com/a-/AOh14GhSR_iMzb2B0fIqVrxfh2fcOZvPg0geg8IP5EjyMoM,I been using your app for a long time now and decided you guys were definitely worth it so I decide to support your guys and I and again thank you guys very much although I would suggest you guys add the feature to remove suggestions for example when you going to custom download and putting the name of the artist add feature to remove a name when the suggestions pop up please thank you!,5,13,1.1,2018-10-03 17:17:32,,
gp:AOqpTOGZsBVczlgeR2SnLQ5JkJ1i_9WJIclI79haDUGtdFyluNRlN3KVeFiRjlHwX7tPKlTV_Z8VJ_p1hy78x4I,Ariel Aguayo,https://play-lh.googleusercontent.com/a-/AOh14Gj8gMuA_JE637062bYcBdKdm0bzq3Fk_bpx3Rfo,It's not removing ads.,3,2,1.1,2018-09-30 18:23:45,,
gp:AOqpTOExxvrJUAg-n48Yo4qhtnVbNHM2lO4sRHI1H5AoQKVQUrLrOIeJkrUQUX12wxBoS_AnPaYQCaphGfjfhOw,Raja Joddar,https://play-lh.googleusercontent.com/a-/AOh14GgX2JqPq64J8xp0i7N_T7s1j4PJxaEZf0APcPvwXA,Awesome app by KDEV team. Keep rocking. Just purchased.,5,0,1.1,2018-09-15 23:07:13,,
gp:AOqpTOGkjCEgiAkkRcMlpeXxFFhWEiIlDQXQuJ8Qyj9pw_vUcigWYEYxfbsTm__PtZyLWDA1Ci75DySOBzmmDr4,Anu Nag,https://play-lh.googleusercontent.com/-dOqdLF0l6Qo/AAAAAAAAAAI/AAAAAAAAAAA/AMZuucm5GgvC04y2Z8tCI3DAB0PEA4Q9GQ/photo.jpg,Thanks for making extremely useful app,5,0,1.1,2018-09-03 21:55:48,,
gp:AOqpTOHISQCmALzrbNOvCivAi_jj01S-21GAe3x8EKjNv9Mph-UAf3RYPQ_MwwYe-LRlH8u3tNNfJfKjiyree9Y,rano irmawan,https://play-lh.googleusercontent.com/-9v2ttWdJ48o/AAAAAAAAAAI/AAAAAAAAAAA/AMZuuclVtGEmJ0AqmC4Kgae5fAtz4g4fkQ/photo.jpg,"thank you, nice app",5,1,1.1,2018-08-05 23:24:36,,
gp:AOqpTOFL3UuCOfLdwBocpQQnl5hx02VSH_sWxc4EiU1QSCizRj_cTGUi5JY5ymHr-HO55prCXS04AregQ1QYUnQ,Md. Rabiul Haque,https://play-lh.googleusercontent.com/a-/AOh14GiiUQs0gXIJa-UYQA3j-KtrgmUDJi8Izdzj10Da1CI,"i purchased Today, Thanks KDEV Team",5,0,1.1,2018-08-02 04:10:28,,
gp:AOqpTOHrib6hhfiPoB0vj_TSFK7oPoQfCQxICnox-57yy2jcLOXH2MEwe8UMolIy5Lr2Me5FNP1fyRd24TmcM2Q,Enzo Gurgel,https://play-lh.googleusercontent.com/a-/AOh14GhnlkMAvPF7JHT22nt6nCC7KnpGM7EX4ZFJ9SZA5Wo,"Please add higher quality album cover or music cover download and if 
possible a circular widget.Amazing app.",5,3,1.1,2018-07-08 11:27:56,,
gp:AOqpTOEpoBaZ_K8BHCzJFNht_jBNRYLxRPhbHOhML_qOj2ER_4ylWQ5jY5uLs28Qq32KQ76DFP3c0cr7iirLbg0,A Google user,https://play-lh.googleusercontent.com/EGemoI2NTXmTsBVtJqk8jxF9rh8ApRWfsIMQSt2uE4OcpQqbFu7f7NbTK05lx80nuSijCz7sc3a277R67g,"Thank you so much I was paying 17 a month for YouTube red. This is a great 
replacement. YouTube vanced and this is basically what I had. Thank you",5,0,1.1,2018-07-01 14:44:25,,
gp:AOqpTOER0qTtSb3KT_ZjoQ9MMvIrN4Wkl1XomDMzHA7hz6JP00ADVTFe6XF-idwLoKaeetpPARQQErIDlcaPpA0,Rudy Martinez,https://play-lh.googleusercontent.com/a-/AOh14GgX-pjp6yCQ0JnnrPzl6o6FkdDj33tenDI9L0xhyg,"Pretty good app now I don't know what music to add on my playlist because 
I'm not use to this much freedom",5,0,1.1,2018-06-03 23:51:42,,
gp:AOqpTOGuOa0vu8ayv8R07x8DkSSSOlG8sZo_l89OiIdzmBdoLPMCk3pck21QBM_Yx2EQplYmCRJNFvptmrTJCWI,Expery Mental,https://play-lh.googleusercontent.com/a-/AOh14GiPRgdEX4S8ZTME1BOO4ah8bpDBY3WtBC2wYmnCzqw,Better than the YouTube 🤩,5,3,1.1,2018-06-03 23:03:27,,
gp:AOqpTOESxgfBm4vgekPsHeawFztwn4IFCgzaPidxaRfSxyM12vWaXmnj_wvlvmFdVruTUBdblxuh5wyB_oswXj0,A Google user,https://play-lh.googleusercontent.com/EGemoI2NTXmTsBVtJqk8jxF9rh8ApRWfsIMQSt2uE4OcpQqbFu7f7NbTK05lx80nuSijCz7sc3a277R67g,As long as they keep improving it I love the app.,5,1,1.1,2018-04-23 22:29:43,,
gp:AOqpTOETHFlm2tQLBGzM2KhH_XS917iNdJWhJor5jXWOBa_sfRLsQV0aMy2gm5ZbTcQ4JHV8W5D2OhpUJ-lx9zc,Steve Urech,https://play-lh.googleusercontent.com/-DLC42Ga8mZs/AAAAAAAAAAI/AAAAAAAAAAA/AMZuuclm4BfxNdzDrFi8HpPgNllG9RDimQ/photo.jpg,Amazing piece of software.,5,0,1.1,2018-03-09 10:10:01,,
gp:AOqpTOFkM6KC6FGfh4mx0BHN5yGKAxP_9tOTKgANRnWGSTg01lOWJYeTDm3GTrfL3wd9aAflNvdZ2660asEk4sE,Sjoerd van Gestel,https://play-lh.googleusercontent.com/a-/AOh14GgDpt7Q-5FP0qhuF4BhSVCkY41kVIioUqsyHhM_BQ,"Awesome work guys! I'm a hardcore YouTube user, but unable to get YTRed in the EU (and therefore non of the paywalled features like background play and pip). A no brainier to give my support!",5,18,1.1,2018-02-24 06:22:49,,
gp:AOqpTOEKyKa4U70GivBUbMNjFb7kyjD3hDTVtNmZpHIXWlj1mumKeh2SyYuVw1AwePiprGTLKkiue3x_MKLIk5E,Catalin,https://play-lh.googleusercontent.com/--xgDNacatuI/AAAAAAAAAAI/AAAAAAAAAAA/AMZuucmwwR57mDrytwFzUeXhOZnMOPodzQ/photo.jpg,Please make it possible to use the downloaded playlists while offline,5,14,1.1,2018-01-25 18:25:47,,
gp:AOqpTOEVLYzJGR7OLFAPIGIf3kx0sj-ycQZ3Sa4OHHG-nEi8DY-cT6Iy9W7CcIMSwXD8my1LNtOhKDwAZEWxqmI,A Google user,https://play-lh.googleusercontent.com/EGemoI2NTXmTsBVtJqk8jxF9rh8ApRWfsIMQSt2uE4OcpQqbFu7f7NbTK05lx80nuSijCz7sc3a277R67g,Can I remove this app after upgrading YMusic?,4,6,1.1,2018-01-19 12:51:39,,
gp:AOqpTOGIs3bHP6oRzJoE23zSdRtYfhZVQ3g_Wt8X61ZCukvUxQQ1IkK0hPvyD0wpI96ffjsPpy4rIfFimo2EhRw,Kumar Prashant,https://play-lh.googleusercontent.com/a-/AOh14Ghtn6id9CvIIvIXwacxAbg7HyOTaOK5Y3IuxFCrvA,Loved the app,5,0,1.1,2018-01-11 08:28:06,,
gp:AOqpTOHQIhOzzIHOJK_X5i9ZP87YiKDrNMKdSRbBkaxHN6BdpOOY7vxAO9P6cON5WTQUqKNkbxJKZAsYklG9STY,Shad GotEm,https://play-lh.googleusercontent.com/a-/AOh14Gifr66TBMPyR2rmRWy95d5_6hsJN7c7aj4Iim0h2pk,Music good,5,1,1.1,2017-12-19 18:19:37,,
gp:AOqpTOH-nHc5lsgAqlfJNwNuUshmPuqSyZm09Xw5E2GfFWp9SCiC67_zu0aKIX3Fcfbw54YcncY6Q_ubLXJnR8g,Ivaylo Malchev,https://play-lh.googleusercontent.com/a-/AOh14Gi1TpnmTn0tXqVdC2UYKCVW_aTvk27wp5JMymINaGY,please make option to see the subscribed chanels because this app is very good for the news also thanks,5,32,1.1,2017-12-16 21:05:37,,
