reviewId,userName,userImage,content,score,thumbsUpCount,reviewCreatedVersion,at,replyContent,repliedAt
gp:AOqpTOFmHC8j9Y7WdNhW7Tt-rXduCJYJqQmeUTgPxAOR59aakaCoRSbJPkX4O5hQIOYGOdAqEmfYFeN8qYefhw,그리라드,https://play-lh.googleusercontent.com/a-/AOh14Gj5itxkW7TLEDZvsc9KzOPvMevvRxKkENKtAm5g,추가적 업데이트가 밈에들고 게임이 이쁨. 그러나 게임의 난이도가 매우 어려움 그만큼 조작에 익숙해 질수록 재밌는 게임. 앞으로의 업데이트와 개발에 따라 기대가 되는 게임.,3,3,1.0.8,2021-01-25 06:17:34,,
gp:AOqpTOHoBCq7_Jh8r7GeJL3FvhYM-EWOPxGwCbOInZL2E-a6K40RTLeyCRb315yLqMV-Hk3AqtmswAm2d5wDZw,Shagor Chowdhury,https://play-lh.googleusercontent.com/a-/AOh14GgLngPnHqF2QNn6DRh_06u0zJ24at0CpvXY-DfRfbs,Controls aren't responsive and camera view isn't the best also not worth a paid game,2,0,,2021-01-18 11:54:49,,
gp:AOqpTOHyU6HmkB6ld5UfTYQelcabk95WARKxe6_eusdQFYIWog2DuW-7iewNJHF2e6OkH1Zon56xe_6je0x4Og,Corey Smith,https://play-lh.googleusercontent.com/-uYRUJcgnHQY/AAAAAAAAAAI/AAAAAAAAAAA/AMZuucl9eom0QhxTQXJV7cFVJ0iN1-FiSw/photo.jpg,Controls are eh,2,0,1.0.8,2021-01-18 09:44:02,,
gp:AOqpTOGrA0rOiaebv0ikyetruY5zs_25M73WGDQlHjG60NEyMwUCE8vzf2bAwxD4--_19YnSVzZU89SnOyMx2Q,LeoLegit,https://play-lh.googleusercontent.com/a-/AOh14Gh_1360_YRkB-lUQEzW696tSyGQB0FISibi32nYHg,Very difficult,3,0,,2021-01-14 13:32:56,,
gp:AOqpTOGVmH9tSwQAOH5ubs3esmXGxwFhZQ-IqgNl-zmsOf0RS3jMnQuGiPs5BZA3w8y6ChPAJIdT3NJ-owNOXw,Dippy Dolittle,https://play-lh.googleusercontent.com/a-/AOh14GiIN40JSK1d53XHEQgpDwtL3OuxSBM7gUAvFcaK4Bc,"Loved paying this with a controller on a pc or console. But using a touchscreen, not so much.",2,0,,2021-01-03 05:26:18,,
gp:AOqpTOFEMbJ81dhhs-ogQ6qjgBzxdsvY7Q8pWai-638WYpZuiooWhO37X6rNKFYBo8IVAKUd-8W8GZv9oIrMYA,Jay Hag,https://play-lh.googleusercontent.com/a-/AOh14Gj8nbBVa-kFooNpiRTRU8-X02Z60dZtma_vhV7DqA,Could be good. Needs work,3,0,,2020-12-26 13:42:50,,
gp:AOqpTOFmyTcZw3tlIRAeFHdaIz8REIWlhmASugLQVRSS7DDUv2qVvDgviK1sS3rMcVbCGBHVI_JkxjViWPknLw,Fernie is Chillin',https://play-lh.googleusercontent.com/a-/AOh14GgMaDQC_V2T5FfTHdMRdhm9Z70WOv35jP_6mZ9hkQ,The game it only drifting upon drifting which would be nice to play quickly but the controls are hard to master and there's not much to do other than beat all the worlds,5,0,1.0.8,2020-12-25 21:36:35,,
gp:AOqpTOHsWTapc7Cr877VccJG3dRnrATnGJ-wvyL1A1RwGvcafLKcKCKw0oW5l-MLJhn_qNtUdgYp_B6bfcPU2w,Zeke NoScooter_8,https://play-lh.googleusercontent.com/a-/AOh14GgfG3kXPYi74E1LdS7KwDhQOLu1HRC4CLTp9CWh0g,"Cool game. Physics are a little exaggerated, but like most driving apps for your phone, the controls are a pain. Not free, but for the coupla bucks, it is still a good value. Now just to get a hold of the steering...",5,4,1.0.1,2020-12-18 01:57:14,,
gp:AOqpTOHdMelCaW4lAyR52Ey6n4EupQkdq4DUyBlD1qKWffHWjSk7kZA9f0CZZWolwavZXfB5GnXvLXjmZ2391w,Maku Santiran,https://play-lh.googleusercontent.com/a-/AOh14GjrYaVLwXlW6QqJWs3ckRGIJeEEBAsYDbCL06V0DQ,"SPINN SPINN, BLAMM, KZZZZZZZ I used my flydigi wee2t for this one and I love/hate this game. Its extremely frustrating to get on how to know how to drift properly without slamming through walls and hearing that unsatisfying scratch noise. But I feel like im going to play this for a long time and its worth mastering it! Also, the overworld is big enough for you to practice your drifting skills, i am even at the world 2 and its very massive, you could practice and just roam.",5,4,1.0.8,2020-12-08 05:33:14,,
gp:AOqpTOGuX59hZGjFCK2ilEifjHeNmrouTl5PSLOixE75N2W1Uqm1DEx3J06pF_NFFAkgY0_RCDCq-XVuEARCKQ,Motiv Exotics,https://play-lh.googleusercontent.com/a-/AOh14GgtapNTroYNAZc6ZxXNAOT_9RMEHdjMKYv8k2qo,Its good game...duh,5,0,1.0.8,2020-12-02 21:14:44,,
gp:AOqpTOFXYw1zxs-1KCjAZdYZAai_98pvmrcAYVeVPX1taoAfKRtupnAdRyhrzcOFEZ17AUhyljqiwzzUvn75Aw,Andrew Rimell,https://play-lh.googleusercontent.com/a-/AOh14Ggl4p3QURye2cH_pww1dZ9t7cinp54zWHVZ0q0FcQ,"You need an optional bar to tell you whether you're going too fast or slow for drift. It keeps saying I'm too fast, bit if i go slower, then the turns don't cause the car to drift.",1,1,1.0.8,2020-12-01 09:46:21,,
gp:AOqpTOErfD-k6qK2vjLws2rRHkwd6Q-49DYj47WyaTbGLHH41qKsDKNaLVhF4eiU1g_xKFVIbweVcL1oULIDqA,Mr . Wolf gaming,https://play-lh.googleusercontent.com/a-/AOh14GibjzNqC0lE4_EsNZztleS9ZYBzPzvrMKRpP9BpCw,Amazing Get It,5,0,1.0.8,2020-11-11 17:30:43,,
gp:AOqpTOGPTNwSn6jwyDp0iLKSJwQaqybPeBW9BVnucYz_hKQyjdr-uucttJ9QmYW5-LgTfq6w-nw43BcBW1yXiw,Glizzy Mak,https://play-lh.googleusercontent.com/-KflX41cJ4sA/AAAAAAAAAAI/AAAAAAAAAAA/AMZuucmUHMl9eteP7O2Gzsut5e1r7Y4gLQ/photo.jpg,Trash,4,0,,2020-11-06 02:57:34,,
gp:AOqpTOHptPCkWbDIcGgPR0YhsC792tnO5h4TJ5lyXyqg5wlqMHCUc2BMBw225S6RMjbuL_a8-kbXBJZGfbQvEA,George N.,https://play-lh.googleusercontent.com/-83tc1g58L7U/AAAAAAAAAAI/AAAAAAAAAAA/AMZuucns8bEGfrr8elmABOKTPqRJnfR2Xw/photo.jpg,"I really like this game, and it has the potential to be one of the best. But the issues with the controls are impossible to ignore. The turn buttons have some really strange hit boxes, and I find myself hitting dead zones often. To get this game up to par, the buttons need to be consistent and adjustable. I really hope this is implemented soon, because I love what this game aims to be.",3,7,1.0.8,2020-10-30 12:22:58,,
gp:AOqpTOHTUEHYmnvXHNaJEmz6KtVVeQ1sbrNc4dHE_j7ja2aRSoBSt_iIiorh_xZl00zDHv30b_8BADQO_trItw,Taha Attari,https://play-lh.googleusercontent.com/a-/AOh14Gj05HHXfJ-nQfWWg0QGLk0MESYlww740bY3xXA-,I am likely the worst drifter that has ever driven a virtual motor vehicle. I still punish myself with this game for reasons unclear. The art is great the tips are useless against my ineptitude but I appreciate the effort.,5,2,1.0.8,2020-09-30 17:34:01,,
gp:AOqpTOG3dYeKpgUF7HegaOT8pb7i_mC6Q1vjVlq87-ADFGXbQ3LO4mTKnpKNETjji6HAnCPHrZzrPAF2oxEIQg,Rob T,https://play-lh.googleusercontent.com/-KT0LyEnwj-c/AAAAAAAAAAI/AAAAAAAAAAA/AMZuuck3fQFJ4D_iB5gCobrTfCtmnaDnHg/photo.jpg,"Controls are not good at all. You should be able to reposition and resize the controls. Can't comment on whether the actual drive mechanics because I'm forever missing the turn buttons on the screen. Thumstick setting only works from the one position instead of where ever you place your thumb. Considering it's a game based on fine movements, and steering over speed you'd think the devs would make it as easy as possible to hit the turn keys.",2,11,1.0.8,2020-09-29 01:37:08,,
gp:AOqpTOGz4IKYZYTO50CgRWN0p28uk1vXMWIESkhJJoPSF4poi_YuZWm2nl__zcmTaTgOh3GwcEo2oBqaukpx7g,Tortanadas,https://play-lh.googleusercontent.com/-fg-0dBiirbw/AAAAAAAAAAI/AAAAAAAAAAA/AMZuuckDPjyCSZH1a8yGsnIoBJstMh_F4Q/photo.jpg,A great drift simulator with very cool physics. Controls are easy enough once you realise you can slide your finger over to the handbrake and back on to gas to initiate a drift smoothly.,5,0,1.0.8,2020-09-12 13:28:05,,
gp:AOqpTOHgci-87Tqi21n5RMWciYJQyTK0BCtMki02C9z1bDv5MK2ftn2VmEDf0OLKvj7iqTsQIPKepHSzeKojGw,Ben Levine,https://play-lh.googleusercontent.com/a-/AOh14Ghaif6l81zzlAQkipZai7lhUPs_OfbsvqqbU6L2Jg,My only complaint about Absolute Drift is that I paid $15 for the PS4 version and then realized the $3 mobile version is literally the exact same game and every bit as fun,5,1,1.0.8,2020-09-11 15:16:47,,
gp:AOqpTOHtwtRhfG6gOuR8eiLoahdVSrZRbXb-RcrJ2pQSDDj3kjy_f9He4TTYE5gMoko7YqlexwV33bownrbifg,Bruce Baldwin,https://play-lh.googleusercontent.com/-jNGXywi8oQ8/AAAAAAAAAAI/AAAAAAAAAAA/AMZuuclOMHy8g22SM2mD7QmHxkDb1nzOEQ/photo.jpg,Too Hard,1,0,,2020-09-03 01:23:43,,
gp:AOqpTOEVcew3jrJGer2xKaiGz65b5C68v7x_Kc932mYd-591fRPV7l5xymETY7MhqVv0LwQVyr0Ip9NgFnTi2A,Taneem Chowdhury,https://play-lh.googleusercontent.com/a-/AOh14GiKC7rHGrZEvsHaEaMquHOj9KZ1rLTSRKjaPo1Sip4,"Nice game, but it run choppy on my Pixel 2 XL, especially (but not limited to) when you have to hit the blocks and they scatter everywhere. Sometimes the car won't turn even though I'm pressing the left/right buttons. It might be nice to allow other camera views too.",3,2,,2020-09-02 19:54:40,,
gp:AOqpTOEREYZTeQkb2Q95dinIJxlRlg5cxFdy0yud_hRWbiQ3KBxI7nf4_ngPAEtZQgoH6K5pwDI15ggfJZ80MQ,Bennett Rish,https://play-lh.googleusercontent.com/-W-zShiZ9l1c/AAAAAAAAAAI/AAAAAAAAAAA/AMZuucmGbJQxEn3jWoDjBE2CnFG-mY7rTg/photo.jpg,The people who made this game have never drifted a car. You can set easy medium or but it isnt that simple. Easy gives you an underpowered car with 5 degrees of turning so its hard to initate a drift or counter drift. Medium is the most tame since the game has horible response times between you pushing a button and it happening. Then hard is an AWD car with 2000hp and tires from a 1970s pinto. I thought id try it even though people said the controlls were bad... They are horrible.,1,11,1.0.8,2020-08-19 14:11:18,,
gp:AOqpTOFckoE8o89L1pB1qOkBpLjpCIiOL60eP9Z3iMp-xW7ygeuRb6q_m9jIXG8EcLB9plMyWclx0oUjEMRQxw,Whiskey Memes,https://play-lh.googleusercontent.com/a-/AOh14GhEBl5rJ2N5IVtqclzG3Bwp7pa-ipd-YLi7hMEI,"If I could rate it lower I would, terrible input delay as well as just overall bad performance, and it somehow managed to find a way to make drifting feel clunky and stiff and overall just not fun",1,0,1.0.8,2020-08-14 14:59:35,,
gp:AOqpTOH78CELlKJa2E6_AMW-5iSU2R2UzJL0yV2RxW9bNp7uxdQzS69MeJ7hlqnb4mOiqWh7WfbsgN0b_4bR2w,Ben Pross,https://play-lh.googleusercontent.com/a-/AOh14GiCDaT-ookrpsgmsjdFtEQB4S25grCvBhe0DYLwKQ,"Hard to learn, ridiculous to master. It takes some time to actually get all the features of the game, and the game is really really really unfun at the start. I'd say it takes about 1-2 hours of playtime to start having fun, but MY GOD is it rewarding when you get the controls. I say this keeping in mind that the tutorial is ridiculously useless and unhelpful. As lots of people have said before this game is a hard rock with gold that hasn't been mined well at all. Now stop reading this and drift",5,15,1.0.8,2020-08-10 05:28:54,,
gp:AOqpTOG2CcraCVfaHaeZKOAeCXZmFnUuL7cM6CbDMedL-fG5roD-zuKNXIe-IJ9GVC-wkNjYnB1uQo6yg9L3AQ,Shannon Berridge,https://play-lh.googleusercontent.com/a-/AOh14GhXLhaCBFM3SSS8DOjctWjt07YbDgeDvWCLZzHl1g,"ABSOLUTE DISAPPOINTED. This game under normal circumstances would be 5 stars. However for some reason they have removed the option for manual transmission on this version which in my opinion brakes the game (no pun intended) Even if you use a Bluetooth controller you recieve no option for manual. Changed to 1 star after being asked ingame to rate, after I had already rated.",1,17,1.0.8,2020-07-22 05:27:30,,
gp:AOqpTOFB_bni25YiYDp8tXt2yM5vkQ9G-jmODgoWhITQ1YLU96NLT24TrOYV4BULigHjrJT7SQ-lOWOlnwl6AA,Jospeh Knight,https://play-lh.googleusercontent.com/-T0H1rUICYgE/AAAAAAAAAAI/AAAAAAAAD-o/AMZuucl3-1X6G6ZLR2Hlz8hIA1cg64R-9Q/photo.jpg,Boring the physics are not realistic an the game seems to move in slow motion... silly nothing like real life not a fun game,1,0,,2020-07-02 14:04:46,,
gp:AOqpTOHU1bJ-QDeN1_zLPjVgigiAJNWXodSl_lbnawtiwU9q99IBeB0Avc8ho8X2a798QM-LTEdsUiyIap9xXg,bendy billy,https://play-lh.googleusercontent.com/a-/AOh14GhxkrG4dL-3YHaeSb9O0__aC7eF2OESyCqj3dTM,"Waste of time, glad i got this with play pass or i would be pissed.",1,1,1.0.8,2020-07-01 08:58:42,,
gp:AOqpTOHFp9jwclp2fybkdXO8WfhHrQsLC-ETMZqmeHMflwlXO68lMiOxazBAiK3aUry0oIU5VHKT8hbl1z4NkQ,Jared j,https://play-lh.googleusercontent.com/a-/AOh14Gj1uqqRqOpCtyAE1T-5acHf_NyGaGi5RLgM6ZbDvQ,Broken on pixel 2,1,0,1.0.8,2020-06-29 21:47:58,,
gp:AOqpTOEsJVkfIJ1lxpLdDb5LiSt7wSjarr5ClLfUxhviB6tA2BX5hmGMCvzUmV6wKNkyz7XlutO-bpMalnOKCQ,Howie Feltersnatch,https://play-lh.googleusercontent.com/a-/AOh14GhJM8QaA6-CzBZN05vs87mnXC6YnbUhAKTW1eSOEug,DOPE Real tricky,5,0,,2020-06-29 04:04:56,,
gp:AOqpTOGLfkigtDXWiKVd6uEeKusPk_PYWY5VdTmdzHabjTi3KwgEGciKeuatoY-JKG9vp1nLhMTInX03CjyrXA,Junior Lopez,https://play-lh.googleusercontent.com/a-/AOh14GgNHc1sb-4PzlFHdQdOq_GXFHHEX25eUEppslEK-Q,Pretty hard could be better for the user,3,0,,2020-06-27 14:24:50,,
gp:AOqpTOGgeMDtbNjs8whw4-KEW5wZD2nC90xHkNXOZTQei7RU6R8OsMFaOcX2o0tfGVBRQIwEtueBjLB6AQPhdg,{CAL CHASE},https://play-lh.googleusercontent.com/a-/AOh14GjTiznVvMvTepfVAsrigxPTmeeT5xek1Z5vGnewkg,As a beta tester for your company or whatever in my experience Everytime I play free roam or whatever in game everything is just blue and my game crash this really need to be fix because I like to give more feedback as a beta tester but I can't really give any good feedback unless I able to play the game in this circumstance I was unable to play the game and give you my best feedback if any dev is reading this comment please fix the bug that would be appreciated thank you,1,3,,2020-06-24 23:10:59,,
gp:AOqpTOHD5YhW95gNXzFeoxAoLnwix8N_B-OyRgh4PkSW1bhLy5vHvxmHmYA1RMWuRQxxg_0ZeyBd_sKa6UeYJA,shopniL NiL,https://play-lh.googleusercontent.com/a-/AOh14GjrXpyDi47xEv-DLov46tcLVly63oevB5KUJaog,iT DOESNT WORK ON IPAD WHAT i would like to put 5 stsrs but i can t play AND IT IS KEEP KICKING ME OUT,1,0,1.0.8,2020-06-12 12:36:36,,
gp:AOqpTOHq4ShWnXDKP-PYlQrxqIXkY2nI5A-ZGjCmouj9xZUUS6WfYlDQj29aAufJn29zHylcF-Ra5UC9aLHpzg,nite narmor,https://play-lh.googleusercontent.com/-Op0vfxjRNmE/AAAAAAAAAAI/AAAAAAAAAAA/AMZuuclotW1Nyx-eC1-ZUT9zw5EP0xyREg/photo.jpg,F*@ng love it,5,0,1.0.8,2020-06-09 01:01:19,,
gp:AOqpTOHUxB-m74p_oZzz7igylSo1BmDiA_wZwm3jKd3qTzBrQuNVKd09Jg9nKJr24KD9MZtQnVlW2LBQvSDbTg,人slashplane,https://play-lh.googleusercontent.com/a-/AOh14GgHXrWMM5UuU2ECV6KnWOdmiQdHo8MOHVd4ERr0Zg,"Great game. I was concerned about the critical reviews, however I found the controls pleasant. No need for manual transmission/speedometer really.",5,7,1.0.8,2020-05-28 21:32:56,,
gp:AOqpTOGKhsWYrJxp6rl3Ab5UNbD50WxoZQpO8N0z9kfFlcMiCA8Yj10phKMk9pJ5ESZpsIo5NRCl-8QK4U7t3A,Spencer,https://play-lh.googleusercontent.com/a-/AOh14GgrOJlNtu-kamhFw5C9xXk2BuTxR7kY5_ujSA7I,"Controls, and sliding physics take some time to get used to... but it's a fun lil game. :)",4,0,1.0.8,2020-05-21 07:43:27,,
gp:AOqpTOE8fvCwP7T6kTdoQZ9GumMKRzTPvmQNLMcgb4L3kF72ofsKUyv0NEZEZzW0zO4PYLwxs-s6ZpjaQRNUwg,NEMO ONER,https://play-lh.googleusercontent.com/a-/AOh14Gg4yWQYooT4uwXhTB9LUHBiPxVjP-pXiVe_sNi8,Handling sucks especially camera view,2,0,1.0.8,2020-05-18 13:32:27,,
gp:AOqpTOG86WYQBWTgx-0IppJKdB-RjV3fh7pmnNRRGtMX7ofPxdySYgLXFNYvjBMBQM3wlRSUF6CcduvIf_D86g,Jeffrey Nichtberger,https://play-lh.googleusercontent.com/a-/AOh14GgasCuy1oJpacmzcj8d9GhdLJ9RJOCfZGcoj-6TXw,"The car handling is so absurdly realistic that it is just not fun and is borderline unplayable. The camera distance, no customization, no speed meter, and bad controls make this an unenjoyable experience. It has the makings of a gold game with teh progression, world design, challenged, and unique UI, but it still could have been a lot better.",2,13,1.0.8,2020-05-10 03:05:23,,
gp:AOqpTOGwmVK4--DsLPUPudloNY0dSyx864OGXWPzdbSwuK6AzQ1YLow0qOY4tRcZTWjM4-Yx2bU0kFCZ5bsWgQ,Trax Headroom,https://play-lh.googleusercontent.com/a-/AOh14Gg9Dq3jG8diCpl4YVu1PYzL7kegIgSOM1CxG-P-tA,"Too tough for me, but it's fun trying",4,0,,2020-05-09 17:35:38,,
gp:AOqpTOFVD50D4yoQ3S5tbHQN7yxs4PXIP5LUgfoPd6cwi5oePrnSbhtd-fTQ94Wzs_diIKcSxPliyiExodOf3w,K. Marie,https://play-lh.googleusercontent.com/a-/AOh14GiHe4og4P_CbP10JEar36LdMoK2e-i_UQg7Xvkl8g,It is very boring,2,0,,2020-04-23 18:14:56,,
gp:AOqpTOGeg10KPy4YC2Chu8vJuGvWslt9d_uKr28DtcE67rLoOQHPhozkqTcW_ab6XUqiQzv_B4-zMpDU-jY2GQ,Eli Brasier,https://play-lh.googleusercontent.com/a-/AOh14GiyAzSsTVkSv5Fdc_pFJKdYnuzyIV1esAJdxtBGsw,Easy to learn hard to master,5,0,1.0.8,2020-04-20 18:11:50,,
gp:AOqpTOEzQHRcFP2wo6BWwFRgEtUA2c1iGTXtrIxmiMKeuebdwIrbhbGRAewa9RZXiY9cmRuzaPojyi_LQFUtng,Tom,https://play-lh.googleusercontent.com/a-/AOh14GigUj8tTfVhEZurB_dU5u1rQGkyPcHfurbJC7Sqhg,Just no...,1,0,1.0.8,2020-04-19 20:12:29,,
gp:AOqpTOHSScD2-HLdFz2bXDZSTBp5W8dyBkGxfHjqoCFlCQ_ScRWUQb5fzP8Tq4lH7RB-bXbIK57hq8ks5g2cpg,Nguyen Huynh Phuoc Thang,https://play-lh.googleusercontent.com/a-/AOh14GhvKX-Cd-UbXIGRNZDF0i68Y0qref8_bKN7znE6eg,Nice. Absolutely priced!!!!!,5,0,1.0.8,2020-04-08 06:21:54,,
gp:AOqpTOFJyryADsjTY049a-ntWYLaClVsrt48isQZwZxmytmdRYpSpuDo65rXYvu_MyDTd7tLgJLgamYawZFG2g,Matt Dearlove,https://play-lh.googleusercontent.com/a-/AOh14GgA0WH15L-l2nv6cEdyiGKydksRT-dE3mMrEgqi9so,Meh,3,0,,2020-04-06 15:19:53,,
gp:AOqpTOHyVMKo8SEtGTxd1_FKXhBcVhVzQQe7EWzZHcsdw07NSvzcGwhgjfr4XgZzHqaBo1qKzCUV52J68HujvQ,ameal 69,https://play-lh.googleusercontent.com/a-/AOh14Ggy9jm0aS-cVPqF8V3DnD0RaybHkJMMtE8VZMkR,It's literally like driving on ice roads with wheels that have no grip. This game sucks and it does not have that satisfying drift experience. 1/5 would not reccomend for anyone,1,1,,2020-03-29 21:01:52,,
gp:AOqpTOH0Lhv76Fp-prh3mLjn69f0Lr8huCp6jBsvN0ZkXQTJwL5bVx_dVc_M7JaX2bs3VuBaIJ5rCNC81tJzJQ,Justin RASPER,https://play-lh.googleusercontent.com/a-/AOh14GhHPD2lzntONi8ayPApEDUVmLt_qzUwbaw_NxW3hw,"Controllers on screen are bad. It says controller support. But PS4 controller does not work with Android 9. Love this game, but it needs controller support simple.",2,1,,2020-03-27 16:54:21,,
gp:AOqpTOHpVvhGLJtvfIfc_lhxsUNa8bqLZ2RyGZ9YUmnS72gACggKE1acj-EBnB7bkmkdbuzxfZNMYyemwsGeow,Jaded Crown,https://play-lh.googleusercontent.com/a-/AOh14GiIxJKxIcJpdZLznRZaDSK12bXY3dq8QDRP7w9Olg,"Is a really fun game, can't stop playing it.",5,0,1.0.8,2020-03-26 04:27:54,,
gp:AOqpTOEn7OMygmw5YXEl9ed1X39z3ANBIob9mAdGdY20kbPNT26RbX4DCxLU074jT6fFEmSMIe4zTFPpQd-y7Q,Drift Maker 333,https://play-lh.googleusercontent.com/a-/AOh14GinbQK4-4ZTNyUjSXg97xgUT2HLPv2kD0YnLqZ21Q,Great game but hard to control,3,0,1.0.8,2020-03-24 22:26:16,,
gp:AOqpTOHa0NQ7J3sBk0z7VwePsTcju2ncyVEAqNMhimHqzhdn1IOB0vBFz-DPtVkK_udoMXWsK2gJPenBYabViQ,jmautobot,https://play-lh.googleusercontent.com/a-/AOh14GhuChum3C-lwoeSJl4HbsKusrandIto1UDpE_kD5A,Fun but just too many ads,2,0,,2020-03-21 07:34:22,,
gp:AOqpTOHW-cgSBEqtcD_jlS4JyAbvjyvxc-ZFKA-T78a0OwddZ4osScl3UVohVIuURk6U2yXXnaOHq9UepnPv_A,Sithered Zburator,https://play-lh.googleusercontent.com/a-/AOh14Gj2PvtoAIUNJIHPrcjgWtgrJhU7nu0fy2quboe3hA,"Has ads with play pass, are you serious? Greedy dev.",1,0,1.0.8,2020-03-01 21:24:37,,
gp:AOqpTOEBlAuXnGebbkYpZXPntkRfW9LO-B1ZLgtx6qJzt1P9FSCX1RDMF0-Ztti0XZCHcanYzPfM1WB2s5desA,Damien Guerrero,https://play-lh.googleusercontent.com/a-/AOh14GjclV09_XzVqVwv1cYPjLrodaRJo3mFbMPHX0b4Jg,I like it. But in wish there was more options on the controls,4,0,1.0.8,2020-01-16 09:25:24,,
gp:AOqpTOE3SjX_GdpQ9S-HKeBlFXmYdiP1kXZJ8jP1sih4JdQ1rJ-rWw34i9xiicMxLRuZepkZs2saDMPGXOnC0A,Michael Pollie,https://play-lh.googleusercontent.com/a-/AOh14Gj9-ji9zfFuaAu6Lt6mnDcdW-dZLfEfqYy7cthc1w,game is broken.....sad cause it looks cool.....getting refund might try ps4 version... Bluetooth controller support still not working.....,1,4,1.0.1,2020-01-05 21:18:51,,
gp:AOqpTOHfA-2jYf3EOzMHxcwrocamBbgLuFNvTso1p5querXIZiFdAxqoBhLMRzwIaToez3SoigHKSqA7qD8odQ,JD Fisher,https://play-lh.googleusercontent.com/a-/AOh14Ggdwfs_XzSZh497IKkSryWqDzClFqkTHmzyg1k3Hao,"Looks fun, but would not load.",2,0,,2020-01-03 07:41:10,,
gp:AOqpTOG6JuJS_pcVqd9myK0z_BTTnuJvKhxVc_X65n0fZbjs3SiArwoiE_uVRG_CjqD_bMQA3a0wMIZLv1a4pA,ian kolbe,https://play-lh.googleusercontent.com/a-/AOh14GgSnZAfxGeXXnD2NSjjyYv60DgxnfGkAv_jeS9A,Sublime game I love it,5,0,1.0.8,2020-01-03 07:19:43,,
gp:AOqpTOFHEsvTr6fVH98eVHcgJXJP_zZhpaFC2u521a0_nTy2YNvG_Oj4XnLZEzZa61PmyntHiYoMI0Lw7FRv3Q,Asix Jin,https://play-lh.googleusercontent.com/a-/AOh14Gjg-glRoJqe8K1P5AaEaD_ltyETV4KJJVvxGMk8,This seems like it's a nice game but I don't understand how to actually play. The tutorial needs to be redesigned. It just tells you to do stuff and expects you to figure it out.,3,5,,2019-12-30 23:14:32,,
gp:AOqpTOElyKUHuqPS9vc5nVA5_h8REN1gZyD93Jw17Lg6XKDOcbtGXV1WN4-ILgMIQ84IS713WSCpZxLz5Jq36Q,Zachary Reid,https://play-lh.googleusercontent.com/a-/AOh14GjAQ3Qe8j8fUq5RtifYz12YqSJmYK3uq7keVM-18A,"Challenging and fun, but keeps freezing up on me when entering an event. Just me?",3,0,1.0.8,2019-12-20 11:55:04,,
gp:AOqpTOGeotB0inDoqVP3TkBFVI9LNEqS24ND4iAZLLAHQ4OxY6OQyZ1Iv2Iz6CUQPUAw5En30jTH16sm6PDQGg,Alec Martin,https://play-lh.googleusercontent.com/-WAkOXNsk-mk/AAAAAAAAAAI/AAAAAAAAAAA/AMZuucmG2xu_GiG-TghNcy06dDN5LiajSQ/photo.jpg,The gameplay would be enjoyable if not for the controls being so small.,2,1,1.0.8,2019-12-19 16:53:39,,
gp:AOqpTOHDXmNIsUPVovmBaLovSh98xUN1BkghzdP4yCCVvDeaNyTSBmAiH_KdG2vQrEstEXB4e8uLJfLIePehcQ,Aiden Belnap,https://play-lh.googleusercontent.com/a-/AOh14GipwhaX3i668Kdow2-ETRWdR2XIHhHtCE-N0AQn4w,So good add more cars,5,0,,2019-12-16 18:50:12,,
gp:AOqpTOGmOed7tcwNMV3LoxZRQjFNrNGFeMEDAZ7U2uLVbQoRQVKX2VvY_lPeU-6sPDjHIMRKqecM0a8rdSSA3w,James Newton,https://play-lh.googleusercontent.com/a-/AOh14Ghm8_mpnOxkUecSNYARfkKUQb5t5DifJ1zqHGP4-w,Epic game. Hard to play with these controls. Use xbox controller.,5,1,1.0.8,2019-12-16 12:34:10,,
gp:AOqpTOH5jYAUi3aeS69MDQKwIu3UEWW-VIeBBadgs06pxHV5vuRoBHtrjnrziz4cpAyt1gwN-CwFkc4Q-WxADw,Uzur 42,https://play-lh.googleusercontent.com/a-/AOh14Gh9T53WV0slxO8dQ21LIGyfNkuCR0mSiexuGfWw7Q,Hard but really fun,5,0,1.0.8,2019-12-15 09:57:58,,
gp:AOqpTOHw6UNTqqFrtxjf84ntu475n3N8iFLGiLPS3TdUv1coj0VnK4_-x4PQYxcaf6SDbb0POO7SlfKGbd7oog,ShadowRUN 幸運な,https://play-lh.googleusercontent.com/a-/AOh14GhWu2H6K1Wb1Cf-ENRnHs0PAGrPC9-Alm_dUH4AVg,"Looks nice, but performance wise it's not ideal. Also controls are that great as well, can't really feel the car, unlike pc version.",4,2,1.0.8,2019-12-11 04:52:06,,
gp:AOqpTOHL8WOSgh6JrWhFvpKh0iFl_7tTDhn2IFefKRlwS0_sqLrzRaGMA9QeEvPNKd5ker2NcmcTajjqrqSlGA,Sergio Carneiro,https://play-lh.googleusercontent.com/-DVoqT1uRCh0/AAAAAAAAAAI/AAAAAAAAAAA/AMZuuckkgLDasYFJExIGb7Dm5hi-V5zydg/photo.jpg,"Nice concept, but this is not a game made for mobile. This is a hard game to play, so the controls need to be well made, as well as performance, which is very dissapointing for a paid game. I have a Galaxy S6 and I have to play at the lowest quality possible to get 20fps, 30 sometimes, which is still unplayable for the game in question.",2,26,1.0.8,2019-12-04 12:55:58,,
gp:AOqpTOGxmA-FfdgKK1Ot8PfDdU_7hswTMaxFR8yveRq9jGtorRJy53tqhCWIVcJTOy-MTM_MTqCqj7QhVSfHWw,Ryder GT3,https://play-lh.googleusercontent.com/a-/AOh14Gj_jYJ0Lxtr6d8lmPNSGZMnV-ZnCupelc3ekU4I,The game is good. But it lags on 2GB ram. Even on low graphics and 30 fps. Why IDK?,4,0,1.0.8,2019-11-27 08:27:53,,
gp:AOqpTOEWfWuX_i_a94rFp0Qpsf4_LMtPhpQjZmZS61FuL6mckq1lJydYSNqXJXGHLfH-_mpHkGccfMZj3sV_NQ,Justin Crandall,https://play-lh.googleusercontent.com/-AcW38HMEJRc/AAAAAAAAAAI/AAAAAAAAAAA/AMZuucmt2GN_CZxTvdsTLSJXu_DD4WQkQQ/photo.jpg,"Genuinely my favorite game I've ever played on a phone. Once you get used to the timing and being able to slide, this game becomes a serious blast! Start on hard physics since easy mode is like trying to drift with traction control on. The physics great and the levels are fun. Was genuinely sad when there were no more levels, but I still regularly jump in and to try to beat the high scores. Highly recommended :) TL:DR - Game is amazing. Definitely a leaning curve, but so worth it!",5,29,1.0.8,2019-11-26 14:28:43,,
gp:AOqpTOGC6Bfj0Okrg8N7LV6amWHWQwCnrEzKtcGaG44s5AaNWqOq_4mHcyxViZFPJwS5PRIF0FW2W1-JdeXlsg,joshua blanco,https://play-lh.googleusercontent.com/-uVQuOID0C0E/AAAAAAAAAAI/AAAAAAAAAAA/AMZuucm4-1rlnnBTTJLdHzrVsMoiRXRwmg/photo.jpg,It's a really good game it's worth what I paid for it.xb Thnx,5,0,1.0.8,2019-11-14 22:54:44,,
gp:AOqpTOG7xmOsuCuO55IU2lAxGVWNhU9PH6CblbwsojuW1jCMdHOGVNl-dHquebfl-IfwuvkafaziBiJ_ir-6Gg,Switch9623,https://play-lh.googleusercontent.com/-Q1I7p0DnThI/AAAAAAAAAAI/AAAAAAAAAAA/AMZuuckyDWPzB2eRPVhp6XG_P1n2rqS7qQ/photo.jpg,"Would totally give it a full 5 stars if it had the manual transmission option, and as slot of people are saying, if the controls were a little more responsive and having the option to customize your own button layout, the game would be just as good as it was on ps4",4,2,1.0.8,2019-11-08 00:09:39,,
gp:AOqpTOFMN1XRxYKyfEdHPpfLsrLURezNa1q2btGbMvsFtyP-B7birlseAs-QTHAFZEKq6L5pD_cI-e5A48UCuA,Chris C,https://play-lh.googleusercontent.com/a-/AOh14GiTq29pAaYog0Yd3BDKmsxDD5VnqqaAhvIUUwicqH8,Looks like it could be fun but the controls are not responsive enough so the learning curve is a little too steep,2,0,,2019-11-05 04:01:21,,
gp:AOqpTOEJVHQz-QOU3Z9SOrNTxZn2VV5DgWjkPy2iWpZViOy2ogx0bgJgtikh8yORbAOmbCubMveQCDcKz416hA,John Bandas,https://play-lh.googleusercontent.com/a-/AOh14Gj5qtS7j7ovD7ibrmz-fxAYSqPqbpkKngLhPv_qBXY,"Seems like it would be fun, if not for the poor controls. You can't even move or resize the touch controls (see Sonic Android ports for how to do precision touch controls right). If one guy can program configurable touch controls, a whole ""studio"" can. My thumbs are cramped after 5 minutes.",2,7,1.0.8,2019-11-03 17:41:06,,
gp:AOqpTOGEsoYuHb5SGRr3_RbDaITIgYzgVua3IvF5CogjqcBDksVHiCzVxbcIE6Tn1RntEOpj0zseNjXIVZ7M8w,Ryan PC Gibson,https://play-lh.googleusercontent.com/a-/AOh14GiJq9qJt1WZNSNhltvOoKR7AYILAn9PfXxvjEJwF_E,Too steep a learning curve on controls. Music is excellent though.,2,0,,2019-10-26 08:36:28,,
gp:AOqpTOGgus0OFCIKQXwBmaIPE4GD2WnCCnvcApX3YWDW05LpAouq2tELkCfu5rhcgnoZOSwUX4GIzLG7nYp_hA,Phoenix Fighter,https://play-lh.googleusercontent.com/a-/AOh14GiQzYn4voET5cyy1QcVZTlVdQP305Hyt1e_etzcFEc,Love it on ps4 now get to love it here!,5,0,1.0.8,2019-10-19 12:24:40,,
gp:AOqpTOGxQ7Z9bNVAc6D_EIM6aAq_xBA284jCnWj8S8D-vQXeSR-QnfELyvFUncSBFJM-DUH_D4273c0GI4Reng,Xandra R,https://play-lh.googleusercontent.com/a-/AOh14GgSPN2B8mgyIMvgBfwCL9CRu4sQ2nBc5o8AyCFJEw,Meh.,1,0,1.0.8,2019-10-17 13:14:06,,
gp:AOqpTOGNF2RZ1vc60eE8SL4apt_7t96eiZ_Ue9ggNy6TmlGdik4ik6LPI53H0h9rSmQBRykzNKsxCQlsWNM0lw,Hayden Bullis,https://play-lh.googleusercontent.com/-Dxc7C7jfcIk/AAAAAAAAAAI/AAAAAAAAAAA/AMZuuclPRrAcpfsuWEB5MSzlvn78mH0dPA/photo.jpg,Meh,3,0,1.0.8,2019-10-17 05:13:31,,
gp:AOqpTOGrkU05lskJr7rD5bvNyUSdGx4TjF2k0or_N5nSq8ROVMO6bB9GZvnldeL29MFR-1TwpuEOOfUeBP_pgQ,nick j,https://play-lh.googleusercontent.com/a-/AOh14Gj3OJbFVg4JLgiRfJFH6GWbc2uQxZP7q3B7F1ZFFw,"It worth it , sike it suk",5,0,1.0.8,2019-10-17 04:10:10,,
gp:AOqpTOEeDSUvaBdj4ByV0TTx2fjO5GsX7mWIi3HRGIkEc2iv57UyMLopkZncQKbAl9hj7VNwDmVQER7iNNT0mg,Cole K.R,https://play-lh.googleusercontent.com/-cCtY3LSvQuo/AAAAAAAAAAI/AAAAAAAAB1U/AMZuuclantDrYI1Dio23WndJ1aTDdAezNA/photo.jpg,I just wish there were more levels!,5,0,1.0.8,2019-10-16 10:53:02,,
gp:AOqpTOGjXUCSpClrL3Ai6azukAwTC1c9NEf_X_vkpj436mTOxZja2JNZVw0hGjU8kQNv9RlcThu0VPVpoibLBQ,Matthew Williams,https://play-lh.googleusercontent.com/a-/AOh14GgzN3Xfm3ttm_1Ka18jbQIt-xwcv3fqgFJEy-M0Xg,"I love this game except that the controls are hard to overcome if you know how drifting works. Counter-steer doesn't exist, it just ends the drift and turns the car the other way.",4,2,1.0.8,2019-10-14 21:17:32,,
gp:AOqpTOGAXIIipb_KD5LEOTn7oXC423_rvFXQMeZElfLUl1BnJmZHnjk38EzkgnmLXXNVvXEXIXSlSx47HxfNOg,J Vilsack,https://play-lh.googleusercontent.com/a-/AOh14GgPzuGHXBEthYXqsJV4UfVBozHBsE6vjRPnaVJGsHk,Not functioning Pixel 3 XL Android 10 Play Pass,1,0,1.0.8,2019-10-13 19:00:02,,
gp:AOqpTOFecBZx7z7jaVyHnfDTFW4nlfsTrpXT_g6nzeBnb2AJ9rIVGc1mch9vbU1zIH60YyY6k7GXXL8ObmJyYA,Jeremy Clanton,https://play-lh.googleusercontent.com/a-/AOh14GgO3ehPPvD_S9voJQxNV2DOn2GfvQtgckaBtKrGj6M,great delight,5,1,1.0.8,2019-10-13 12:16:53,,
gp:AOqpTOHGRAjNCcYLFzauCnAz2QXRrc_-4wel375TkKz3cw-6etXQ0UYZjTPg1UHBJavjVUgrPgd8bhMgxFsObg,Dmitri Carapezza,https://play-lh.googleusercontent.com/-3rwI2_DNLaE/AAAAAAAAAAI/AAAAAAAAAAA/AMZuucnPEWVrleO91hXDeULz2h2NzGXhPQ/photo.jpg,Bah. What a waist,1,0,1.0.8,2019-10-12 19:29:22,,
gp:AOqpTOEZMi8WKOWymEx6KX6UKVQH3hMP3MZr8aJTI-Ah-_jzTxyGaWkLHqnKXsN2CvuiRme3cM1JedtqXlLPQQ,Lara Beth Maza,https://play-lh.googleusercontent.com/a-/AOh14Gh_leIzDxx_DJQE9JlZ9ishlgl0v8EX6EDTFHDFemo,This game is great concept and is pretty fun but the lagging and control response leaves this game too agrivating to play it's an achievement based game yet I can't regularly score achievements because of the frame rate lag and control unresponsiveness and the in game tips are horrible how can I not go fast and drift I tried and the game doesn't score it as a drift this game needs work please fix it id love to see something come of this time I Invested in writing this review thank you,1,7,1.0.8,2019-10-11 16:51:33,,
gp:AOqpTOGn-YKlTsRnsFxdswxXRdtFDKBiRpST3H1gVDthHnQtgFxawra9jq7Lt4cUV05uQPQ1as83f7XpTPDpaw,Lucas McLean,https://play-lh.googleusercontent.com/a-/AOh14GiUq1IrRR478GL5SSzStrXwynrCN9cNpMV0BiAsJg,"Great game. how does it not have HID controller support though...? huge disapointnent. Ignore the reviews that say the controls are bad, you will have a light switch moment where you just start to get it and can drift around an entire track.",4,5,1.0.8,2019-10-08 00:19:35,,
gp:AOqpTOHL5NBmZeerN2G5nbLzegl7ATYcs5DWnIdmJ5L5c5Wp9VDc6lLVARmPwVdaFF7MEHC12DuSZ8lYzU64nw,Wesley LeFever,https://play-lh.googleusercontent.com/-zYRwJ3EXAcU/AAAAAAAAAAI/AAAAAAAAAuw/AMZuucl_nRoGYlMELdQWLCNNseS7PA5YDA/photo.jpg,"Played this on PC and console, always thought it would be a great mobile game, and it is! Controls are different at first but once you get adjusted, not so bad. Definite learning curve for new people though.",5,3,1.0.8,2019-10-06 20:37:06,,
gp:AOqpTOEexZFye1UUdoW3glkM60Fq6yZTT0KP-aRTxkxuB6nhJS9Ox2DUP2OtxV8TdZN3d1Cm5m4PtIYv4fPtNA,PlayerOneAndaHalf !,https://play-lh.googleusercontent.com/a-/AOh14GjRaQ6Kvn5eFBlC3TAlOHLoGOwgcdcORh5j-hGx8w,"Until I discovered that they left Switch Pro Controller support in this version of the app, I almost gave up since there's no X-input or D-input support and fiddling with remappers is just gross.. So I play with my 8bitdo SN30 pro+ paired to my Note 9 in switch mode and I'm having a blast!",4,0,1.0.8,2019-10-06 18:33:28,,
gp:AOqpTOHFP43Ia1EBIz_qFumaHR3zDQISLfHzLESB1ewNNehlqdQ2XH8HXOm6lF921Lz2ERze16S_Je6qKYLQ1A,Eddie,https://play-lh.googleusercontent.com/-kXuXLo16h2I/AAAAAAAAAAI/AAAAAAAAAAA/AMZuucl1XV_rNkj-TdtIYpRe9vXuhrbfqQ/photo.jpg,The controls make the game not fun.,2,1,,2019-10-05 12:29:21,,
gp:AOqpTOG2tevzpZdz8Bf-0eTIepEMzLoCFt01flt0Kr68353ij3QudGoOucQkDPscUJQ_rAdMsVy8uFFbHAaMHA,Cris,https://play-lh.googleusercontent.com/a-/AOh14GgKUozw6gRF6DSH4wFWWgHd4KzLleNvLjm599zhwQ,"Controls are terrible, absolutely no control of the throttle, it's either 0% or 100% all the time which makes it very easy to lose control. You're also sliding 100% of the time, there's no grip whatsoever which makes drifting very difficult when trying to link turns.",1,18,1.0.8,2019-10-05 10:55:11,,
gp:AOqpTOHd5XQgcX_cdk0lI-g0jlurcSlaLphjs12z69lYXzeMjbm20d-W6rA3wbYtw_flzmhYms6PyJ71z8orJw,Sonic Quick,https://play-lh.googleusercontent.com/a-/AOh14Gh7SZUSEzjfGKreT6vrUInckkdBdDGPtpzkeU0S,Really fun game but the controls take some time to get used to.,4,8,1.0.8,2019-10-03 19:26:37,,
gp:AOqpTOGrjkJu4SJ_hxLy4jy22gyIYehbGfJ7raFTROLikHp1mYwerhWSXp6G8NeQ5wPTzU0ikGifVo_NAWd7BA,Noodleboiy CDXX,https://play-lh.googleusercontent.com/a-/AOh14GicGvmQV1vgd6o0-4VX3AJ3Y06HFTuzzfVnQS_bMA,Love it,5,1,1.0.8,2019-10-02 17:46:16,,
gp:AOqpTOHnOx7p7hDCUI5CBLfax0BlT93fE-enwuk_btZeMt3YWt4qjstMpVi7j723rjjCaSxVWnes19Fd4pbSCA,Ricardo Davis,https://play-lh.googleusercontent.com/a-/AOh14GjQQgWJ1bdDzOnOuHvMcyQCB4iZS5WRaf4vGNtCNw,My game is have issues,3,0,1.0.8,2019-10-01 13:34:36,,
gp:AOqpTOHfY2tu1LmX_iNytiopp6wiX2Pmq98gk09dCagDOn1lDtC4GDBeC6us77W40CRrVJR9iS0kBDNFgF_1sA,Joseph Carrino,https://play-lh.googleusercontent.com/a-/AOh14Gj-LhZg7Y-w_ZDSTluw5wR0hOkzAa-_nMSK0zcf,Terrible,1,0,,2019-09-27 08:17:28,,
gp:AOqpTOGNcFwe7gxnOuHqOqhJdUcbEia3HzpnRqWNtMxyOXFe5drcdxEmiwyscQh8Gk2yRD6n652_HD8-xwv0AQ,Chris Curry,https://play-lh.googleusercontent.com/-UvieKnMhhfE/AAAAAAAAAAI/AAAAAAAAfrI/AMZuucnuSb5laXgnF02xGYKP4ONlG8KM6A/photo.jpg,I got this game for free and still felt ripped off. No real tutorial and I have no desire to waste hours trying to figure out basics.,1,6,1.0.8,2019-09-25 22:41:36,,
gp:AOqpTOH-xCSk1U6bbouhJTCuzjKVxnZbNDaKKzzRwEQB765hKdFV0EZhxqIkdT8eAzcrpWRegAyYHT5VErq0ZA,Kyle Brabender,https://play-lh.googleusercontent.com/a-/AOh14GjUyk4V2OdHxIpg0m8zY-10dYB4lA5A49veQ2Kk7ho,Doesn't launch on pixel 3 xl android 10,1,0,,2019-09-25 16:29:17,,
gp:AOqpTOH8nmNRmATIolqNt_cXe-UUqDJ0yz_RV384qscOdwaIaIchVtUJ0abAWEPnTL0IcBXwx9Gy8ZsvSgYbOQ,Joe Chlebanowski,https://play-lh.googleusercontent.com/a-/AOh14GjODSaM6RJaFMFdkB_d8BQqdWU2NGXYvXDOtKgf3X4,"Controls are tough to master, making it not fun to play.",1,1,,2019-09-25 10:14:49,,
gp:AOqpTOG-eS_YEDvutEwCf6VdD_CrJBHJGy1f1c53sAd1kOgmr6iu4yw5AjC60wQA32MHWueMEfksCf5hunwSYQ,Aaron Weiss,https://play-lh.googleusercontent.com/a-/AOh14GjSj0NTHKDwFrQ2IWNB_QLahZ-3o5fqBMF8Nv6cJGQ,"I love Noodlecake games, but the controls on this are a hot mess. No game should be this frustrating for the first 10 minutes. That's not fun.",2,1,1.0.8,2019-09-25 08:41:34,,
gp:AOqpTOHO_Tj-c19r1yMHj0t0jo-2FsfQBJht8mdkgS3Fu-lsx-t4Yt5ce5viwGidgWbSuRZ-zAB31G11RtZyNA,Troy Campbell,https://play-lh.googleusercontent.com/a-/AOh14GgBrXUZbDQQVawEe4z3MjHSBAju8zDCgugWZuyTRA,The game is laughable at best. I'd give no stars of I was allowed.,1,0,1.0.8,2019-09-24 23:42:25,,
gp:AOqpTOHlfdzLAHwRUvNQSmBfYEeBhqYTWDbFNydQkJ7EE3PCDrZi2cBNF-8KdAE11NmqMQaKikhzf1Kyvim1EA,Joey Jones,https://play-lh.googleusercontent.com/a-/AOh14Gihavf7QGM6vqunqLqPBo2O0yo-EGPTzzYLTtS9JA,It's quite zen indeed,5,0,1.0.8,2019-09-24 23:21:42,,
gp:AOqpTOHFICuIQTrcg3rOdf_SpRJ2Nl4W6I_XsirHi6N3tigEJmlinzNxLPHEHAELmMcGu2LN7gnvhwoVo6G9Zg,Gregory Wangsadikrama,https://play-lh.googleusercontent.com/a-/AOh14Ghy1STT9jURojkbGItBYaegCJde_h6hNS3u4g121SQ,"Controls are not that easy, handling is to mehh. Feels like the tracks are covered with banana skins.",3,1,1.0.8,2019-09-24 21:08:09,,
gp:AOqpTOFsCeb_r-2SR1yezhsuBMvTKiGvKQE8f2VyQ_ycSZW5PyLwdoKt5M-c6oWJv_-h-UswJ0c1iuQlnyLixA,Jack.404,https://play-lh.googleusercontent.com/a-/AOh14GiiwM6cMunqsX01p8Xr61zr8Gw5C_PQW7VKocZu9A,Super fun,5,0,1.0.8,2019-07-27 17:56:03,,
gp:AOqpTOFmPC5DViT-ecq4LQWPBr_n_v8SAAGCcgs4oLwxTYMOt7IHPBHuAymUtBZs47PjeXYBDKlspOIFJV--VA,Draesen Cingel,https://play-lh.googleusercontent.com/-8j0GV7uk73Y/AAAAAAAAAAI/AAAAAAAAAAA/AMZuucnAnr-lOyxrq4efd6rmJRGYbIFC3g/photo.jpg,add adjustable controls :),5,4,1.0.8,2019-07-21 01:09:26,,
gp:AOqpTOFC2ZiAwrPDNVe-kFo3_4TNh8QsSPwB2Vvp8DHPYxfvFJYInM2PUAlWrQfc8Clb9bdv9kvR0mApI9Bw2g,Won Ton On,https://play-lh.googleusercontent.com/a-/AOh14Gg5i3TmoT8Ah4-n_RRirNpIzUmfHGw6ug1y02qCIg,slow,2,3,1.0.0,2019-07-05 18:16:25,,
gp:AOqpTOFjJp_HO-P42xVvw01AhJ2wAGxo6BzuqusuaVrTCuOr6RAsXd984HPPGi3re11Ve75D9nTEYcr82Q5WNg,Ashvin Scott,https://play-lh.googleusercontent.com/a-/AOh14Gj9X_uwAr0Mk7erfdt5dPS6-Q7KdCgH3bf-BPhv,Now I am the the Donkey Kong,5,11,1.0.8,2019-07-03 10:03:33,,
gp:AOqpTOFHRTDka_N1yCIVoanOcYg2pbtHsuuIHeagEJAMXI5XJycyvYaDQSAdCBPMfEJMFmjd7LcNmVPLHczBtw,Wolf Bros,https://play-lh.googleusercontent.com/a-/AOh14GgfxOTvmOJWWKvupEeZLBSK61ZZKZdvPe_eqYrg,tupid,1,0,,2019-05-28 00:00:50,,
gp:AOqpTOFkyo2SOGyQmiwjPvrSo5JsPhXlwP7tMTjxbK7kMoVP4vsTiKsl9EVM2rRqr7JPiUh1lVj4QGP9HfaxdQ,dylan,https://play-lh.googleusercontent.com/a-/AOh14GipQcUJC5bbO2wdf5D7su51c2wO3Wiv4RGGODRluw,"great game, but please creat a setting where you can reset all the open world missions. other than that amazing gameplay and awesome jdm culture!",5,1,1.0.1,2019-05-26 10:40:35,,
gp:AOqpTOGypzba2tooIR1KElwiNiWf2W4JX8orfN0MclmaEpApLTTBiJSB0LSJBoDL29vWuk2DJFUHQTFp02WbiQ,Thomas Urbansky,https://play-lh.googleusercontent.com/a-/AOh14GjwTXGYmF_3s5XqZ4lKQWjNgZNHfmCNo_vlNdKJRg,Excellent with additional controller! (in general touch/tilt controls ain't for me),5,0,1.0.1,2019-05-22 02:38:29,,
gp:AOqpTOH_RcSSlCaOo12MtuUeJ-IRflkxZXkT8QKtfb7KV98G0Odv2iGmvLZIV5CZP9Jz2ahDT56JrYGBaZ2j4A,Jacob Puszcz,https://play-lh.googleusercontent.com/-WAyBMi24-k4/AAAAAAAAAAI/AAAAAAAAAAA/AMZuuclOfW8OusrzND-fDEg2P4mitd9LdA/photo.jpg,its challenging which is great... unlike most drift game and the music is good !,5,0,1.0.1,2019-04-29 07:33:29,,
gp:AOqpTOFADU9m_dmhRoPF_2B4sMQj8-goK_Umc2RP6JVXacD-n4nVT_wqqokxjo8jOekBra7bRw64O3rNff6_cg,Tristan fire,https://play-lh.googleusercontent.com/a-/AOh14GjtC2aHd3SxShY_b1LN51qlGKnMs0xqx8rAutmf,It was horible the game would not load up and it was only a white screen. I cant even get a refund i suggest dont take the risk,1,7,1.0.1,2019-04-20 18:32:08,,
gp:AOqpTOHT4DinGfhrFpFArwBff1-KA7acobsXSZ_vMFDQTAwOXQju8iZg4AviC85Xb6XOZSjnO5VdY74yIgriYw,DustMolecule,https://play-lh.googleusercontent.com/a-/AOh14GjBjZJTgnV1Jxmp2peNDaf_XxGT5zDnRJoaXzlaXQ,Awesome,5,0,1.0.1,2019-04-18 12:21:59,,
gp:AOqpTOEUwG8dQtPpPVxdtoD42FKiCV2Tj4Qw__A9Fam8gy2FSBNQ_6kMBNJyqAM-QFxBqHrTdUqXi4Zk4NZoUg,Bhavik Badshah,https://play-lh.googleusercontent.com/a-/AOh14Gimn0fGymS8LROzztqoIyt4AkUgqzEjHyK7O9s5Xg,the game shouldn't be this hard to control,3,1,,2019-04-14 06:37:24,,
gp:AOqpTOGDe2O7A-pbdIg_bWqsGBdVvaMXTA9xIH0sKcPCjUHmvhhmjnTZHkbyXvpB_-zziZswD7Bm5S_eay6Ldw,Ian Blyth,https://play-lh.googleusercontent.com/-fq6Zhltng1w/AAAAAAAAAAI/AAAAAAAAAAA/AMZuucmF5qw92K9XGfLNqF_2yQ62vgl0fA/photo.jpg,"really fun - almost exactly what I was hoping for out of a drifting game. wouldn't mind a different point of view camera on the car - something just behind, instead of the helicopter type view, but that's just me. drifting seems way easier with the right point of view :P that said, really fun game. kudos to the developers!",4,8,1.0.1,2019-03-31 06:09:49,,
gp:AOqpTOGdUn4cifCzEMkiBOfxceJ2cvCmLK0ch5f3WbI_nzbQMYMzH9QONFu4KeVItFx8_PXM0dze8dM43GWoRw,Michael,https://play-lh.googleusercontent.com/a-/AOh14GghiPNdjMJIHAku1PtahtCdCQE3QvY4aPEQafzBJw,poor controls,2,0,,2019-03-25 13:33:34,,
gp:AOqpTOHtzPCd0hAmy807IwpwCZk857nL_AKbFbq1UQy9DB0SrHJHS-WUMXd7fjohqQehiCyeGaaGB3MvIgDuqA,Patrick Arakelian,https://play-lh.googleusercontent.com/a-/AOh14Gg1AxO0bv1xQwOzeTWffWLRkLUHVvGaUmKP_yaypw,"I just wanna start off this review to just say I noticed some real brain dead reviews asking for things like tunes and other features equally absurd for this game. For anyone who's played the original version from however many years ago it popped up on steam you'll notice the game's near similar even with it being titled ""zen edition"". All Im saying is that this is the same game I logged 15 or 16 hours into between my flights on my laptop just now it's on my phone",4,7,1.0.1,2019-03-12 18:50:38,,
gp:AOqpTOH4_5GGwi9I6Zx6vdvtMVFBeA9ovLkomkXUFKXiahjrGvY1Nd1fcZeobe34Dr2H1j7jcSQU0ANQv7JmMQ,Gatis Beide,https://play-lh.googleusercontent.com/a-/AOh14GhLiNCcFvvu7I0uqACvrRs6Y4_C3vpIlsT6_0YiLg,"Cool game but i only gave 4 stars. i'll give 5 when creators will add some cars and let upgrade them and tune. Add some tracks and give more missions and it would be cool to get some rewards for complate missions or/and tracks. Add shop. Maybe some camera angles cause car is little bit to far for me but i love that its in 2D. And please let me set controle bottons how i like them to be. Multiplayer would be amazing. I gave you ideas, now please make people love this game. (Peace)",4,2,1.0.1,2019-03-10 09:53:35,,
gp:AOqpTOH-1hdLd5bHyU5hMhtOOntivy1vvfK_FHKsVnHnqZEb9uthFXdFGS4Ubdrc9uWVJt9DVwxXdoncrGbxng,Kringe Kringle,https://play-lh.googleusercontent.com/a-/AOh14GjmEO2FCoGLc1w-fKmXpu67J44QrI5yum3fa_no7g,i open the game and it shows 2 logos and then the screen goes white and freezes,1,4,1.0.1,2019-02-28 04:50:42,,
gp:AOqpTOEt38ZwdIUXUssXdKelY1QuFTzcWGPVJc9_GI-LsMyLjbEf2wPYGvLqcy0Os1caon_hz0WzdHHoPdR7Tw,Gabe Kasdorf,https://play-lh.googleusercontent.com/a-/AOh14GjqgAk9nIlHuoi0rcCswwqfn9KsZW2Uc5A9SJE4mQ,I love it.,5,0,1.0.1,2019-02-21 08:25:18,,
gp:AOqpTOE2t_GiwjS8vABNGcd6exaf2ejqEiYmqLj-w7xze6Uwm2c5SG9a8BHHlMBv9lYwnG4BksvYTZvB4ATxVQ,Ian Flanders,https://play-lh.googleusercontent.com/a-/AOh14Gjkdq8r84l5NYn7juKtrYGBTTgEZcw9EwvTGHICgw,awesome,5,1,1.0.1,2019-02-09 09:11:17,,
gp:AOqpTOEqQN-dlc_MmhoZlqoU9VlOSe0UFoGNJiP2GYJhIhNbdamgIVgKoC8TO6T13Ihw5bT0Zfw-0H006Mo6pA,Drayden Kopp,https://play-lh.googleusercontent.com/a-/AOh14Ggk1Nt0z3CIU5Xy0sv7Cf4FXNklVFxAt7hnazlhrA,no controller support,3,2,,2019-01-20 12:33:24,,
gp:AOqpTOHcMcnyuJJtACwLff19l4mkxGjHRrbf41m0U0kuklr0_14UjkeaexH7xa6n-q5wI6WpJb5iK0KmZySfrA,VT H,https://play-lh.googleusercontent.com/-rIm-yaeXRqA/AAAAAAAAAAI/AAAAAAAABag/AMZuucke4c_56Dxw7xpdJKtwP1qmVASAWg/photo.jpg,"The best drifting game on Android, without a doubt. Will take some time getting used to, but when you do, it's going to be extremely satisfying. Totally recommend.",5,22,1.0.1,2019-01-20 04:42:40,,
gp:AOqpTOE_GvpbkIkrP9CR5xjt6nr4d3z9INkgsNx_UjhzqFfaxQJPZvZZ-7XVxRqC4m4YVstvG8mQxM-5mc25lA,Ryan Neary,https://play-lh.googleusercontent.com/a-/AOh14Gg1vLUOg_p5BX7fVPGERuDJpw0RpGNcqUVbORSRZ7s,"Takes a little bit to get used to the controls, but boy is this fun. Hoon responsibly!",5,0,1.0.1,2019-01-17 21:55:07,,
gp:AOqpTOF0ooSeqc011FBxHAwcMUA_DozTYPygye0_ftp5lm43vAGfzNmgoTJjFlQPLqIjLyTq_0z96rMQZ2BCEQ,Chris Grant,https://play-lh.googleusercontent.com/a-/AOh14Gj9ta_sLGOngUzRtP6mswhwsJhz6UG59j5XdPxJTg,Imagine driving on peanut butter. that's what this game is,2,1,1.0.1,2019-01-09 06:05:12,,
gp:AOqpTOHZBhGNgvK_VayK9PNX_XPK4_m6t54rgqjya4MLXS2B0bKdFb81G_ZHs2xXKcsYtrDWVSQn0JRIte-Hww,A Google user,https://play-lh.googleusercontent.com/EGemoI2NTXmTsBVtJqk8jxF9rh8ApRWfsIMQSt2uE4OcpQqbFu7f7NbTK05lx80nuSijCz7sc3a277R67g,These controls are a joke right?,1,2,,2019-01-09 00:49:51,,
gp:AOqpTOFL6LBWsiOMK0VLaf4mildj92lgtoHe4Jzzy1tyP-lqTiPA38Mgiz4cD78nOigv1Eh5YHJ0amo3Cf6H7g,A Google user,https://play-lh.googleusercontent.com/EGemoI2NTXmTsBVtJqk8jxF9rh8ApRWfsIMQSt2uE4OcpQqbFu7f7NbTK05lx80nuSijCz7sc3a277R67g,blank screen after logo on galaxy note 4 droid 6.0.1 :(,1,5,,2019-01-06 06:52:39,,
gp:AOqpTOHFwHAhxCmAa1tpRB6wnMdHpPCSQx04LUXrwAdKy0DDpuBU0_dBK0YZP5_C5FlzggXMsZr85GDBe2lgVg,Mitchell Fong JN,https://play-lh.googleusercontent.com/a-/AOh14GhGOq1bN5FgqStQ-ia2f4jrxgqCXsbqZpjHMExpWxI,"Bit short but damn this is a fun game Wish there were more cars though And that the freeroam had night mode too Also the game seems quite heavy on resources, is it possible to give better graphics but less lag? Also, the replay data is always corrupted. Have no idea why but I'll try see if I can find out.",5,25,1.0.1,2019-01-04 04:14:14,,
gp:AOqpTOGP4jfYCRHmGQFm0otn_nwL6F_2BlcibVnkGIm5txbxAzym9PRbUxNXj6LTVdymPJtB975GcHCi7gZxmw,A Google user,https://play-lh.googleusercontent.com/EGemoI2NTXmTsBVtJqk8jxF9rh8ApRWfsIMQSt2uE4OcpQqbFu7f7NbTK05lx80nuSijCz7sc3a277R67g,doesn't work on my phone ... try fixing it devs.,3,14,1.0.1,2018-12-25 20:05:54,,
gp:AOqpTOG_hxGYRlxmjU9nHjR2aU2ZNJ5C7q682_FZqPI9Y7-bxRQD9IDutQKiDqeJYACwNmCUiam6th7msHBqFQ,Max Sanden,https://play-lh.googleusercontent.com/-Wi6BSk6TlLk/AAAAAAAAAAI/AAAAAAAABNE/AMZuuclAatjscrFCwu_ZmDfZ8q8XDokZOg/photo.jpg,Just a really fun game.,5,4,1.0.1,2018-12-22 14:12:04,,
gp:AOqpTOEWBEmCM7mG9z2Q7dWo2X_LRqCmYnyDgBqV_AhLDI9XegrIAxcFvFhoOalQUK46g1KGHSuRiBpToS4_EQ,Jonathan Catmull,https://play-lh.googleusercontent.com/a-/AOh14GisPZIZ-PaRSFVBfOI7kuIZK4AbxByo-gaTtdSAZ_I,"Would be 4 or 5 stars but it is broken, whenever i retry a track the game crashes and closes. Very annoying bug!",1,40,1.0.1,2018-12-22 01:40:23,,
gp:AOqpTOGaHMrI-tx-L937kPvKm45kh-VQn7yM-eUkEvhZbja6pxDCFqwmMSsOQpbc9u4YtZY5ctUhqYyt8dVCuA,Arab Fighter 976,https://play-lh.googleusercontent.com/a-/AOh14Gh0Ib8NTXR3YJXNBHe7Fxk7ggGitD9i7h4pIh1OBw,good game but a little to sensitive,4,7,1.0.1,2018-12-18 11:29:13,,
gp:AOqpTOE2Mn81rL1n3IJtI94WPQ0aLaxvM2ufVyN7u3g6Fh891wfigXaWJ6BTnB335VaOp8BMkBL3xbprxTsmzQ,Alican Donmez,https://play-lh.googleusercontent.com/a-/AOh14Gj3G8ddWVbBQcH0fhJWGKq03TNuLaRLVEhc1wT7MQ,"Great game, great physics, feeling the drift. Just could be better tutorial, explaining how to drift",4,4,1.0.0,2018-12-16 12:52:23,,
gp:AOqpTOGGL-bw0xFBNRAGDlHdca7bGVe8ao_BMgb6tg2KOLNAAOJ6JXOHLZlg7a7PrTVdrRACADXrBRi2-Mq0wQ,kid cringe im fucking funny,https://play-lh.googleusercontent.com/a-/AOh14GirJKkVHm31aKXsgyqEe3hq1vChoyxOis5-HXRD4g,Not sure if its just the kobe track just started playing but the free roam car handleing seems difgerent than the track and there like a glitchy skipping camera movement while racing which makes it pretty impossible to do a good job I even turned it on 30 fps didnt help but wish I could enjoy the game seems fun.kinda wasted money here,3,39,1.0.1,2018-12-15 19:37:01,,
gp:AOqpTOGyIJm5cLhmtgGNYeQozjFQENe989XnOWRe-Qe9aAhf3ouSEpS_dDGf83JqOVjNiInDS0tDjwF2z6ZcGw,Kris Collins,https://play-lh.googleusercontent.com/a-/AOh14GiQh-FMHDlGDF2yVe005Vbf2N4ouBSsJj--82Km,This game isnt supporting 2 points of contact on screen at one time cant control and accelerate at the same time.,1,4,,2018-12-15 19:19:37,,
gp:AOqpTOEuYWnt12M45MOAqeS_ffS6xLnkf5u6u6jWmXtPQnl8mBJMeBh4ZNzwcYyFK7hZGtbziXa5f3Ho33elJQ,Garrett Morris,https://play-lh.googleusercontent.com/a-/AOh14GgHoNanzb04RxC-az7d_FfLRgfNqrmTVm7lTGEZ,"Bad: Controls are very mushy and unresponsive. Feels like you're driving a 50cc go cart, not a car. Good: Nice color pallette, design and soundtrack.",3,26,1.0.0,2018-12-11 00:42:53,,
gp:AOqpTOH29dhJ_rtHCrtA8kLKZcB3mLLeUjs1t_YRLpdSVBCODte4CWtUXI9k7Qe3hHk3lGNwo2IxyV14_mj7EA,Robert Grubb,https://play-lh.googleusercontent.com/a-/AOh14GjgJru5uAF5UlcejYPh3o3tGTZ7lPhRMcY12Ptz,I've been waiting for this game to come to Android go ever! It's finally here!,5,2,1.0.0,2018-12-10 02:41:16,,
gp:AOqpTOHjQqgchzBteq4pRU9A_hdQFYoIvlr8XUOVBUerSzggSO0DkCDdVxzQIAAlVh73-13z77XKhluxaDLkKg,Jaks Larsen,https://play-lh.googleusercontent.com/a-/AOh14GiM5-yuSRNv7Uv0Rq6b6vt1bjhdvQ7I0wX0KwTqug,Awesome game...even better on my android,5,4,1.0.0,2018-12-10 02:33:42,,
gp:AOqpTOHrfpWrkhyUgWlaJ60CHKy8tgv4Pxmf7hnK63YmxZGNHkQEl5Sv_IthrC4aZ27u9TaMap9VHQj6q2_lRQ,Martin Král,https://play-lh.googleusercontent.com/a-/AOh14GiNN1oGNnWA4ky_BJ_p6Mkq_gqHEIh5zb3kdU81Aw,"Ve skutečném světě mužů jet konstantní rychlostí, v této hře lze pouze zrychlovat nebo zpomalovat. Ovládání tedy kazí dojem z jinak povedené hry.",3,5,1.0.0,2018-12-09 07:26:30,,
gp:AOqpTOFbraE9Mz1yPZo-hjpZYU2mpNIwB7MFrZ6OiKeD-Piy5AQSgqsE77AgzvyONEgSPvs5Du_KnFEg1_wSyA,Ruppert Vernon,https://play-lh.googleusercontent.com/a-/AOh14GhvWye-dMQJmO2BWmwqtZa3UbOMjJY8aO2pK-VH5Q,controls are unresponsive and please allow usb gamepad support otherwise amazing game will a change rating if usb game pad or better touch screen control game stops responding to input every 30 seconds or so,2,19,1.0.0,2018-12-09 00:21:07,,
gp:AOqpTOFIJkVBjekpkP6JNpPEwb2VDlvT5qO4qyGUD47oQvnxis-fSNU3KdYjRFkWjK_m8P6blKyiYDgoBDKg6Q,Ravi Kumar Singh,https://play-lh.googleusercontent.com/-wKX_eF_KW2w/AAAAAAAAAAI/AAAAAAAAAAA/AMZuuclujDmydP-ICoymbxdv3n7X3GwscQ/photo.jpg,Please add support for Shield Android TV,5,5,1.0.0,2018-12-09 00:09:16,,
gp:AOqpTOFFtI74c2yxyyqom1JIwAfeU2n_xQH0tUbC4CJB9slGcmI3NgAycLGhTTQAwXJ8yYSwnDCzKt7EOFvnpQ,Tyler Wintringham,https://play-lh.googleusercontent.com/a-/AOh14GjPM-bYK08FJ8paG7ax5p4Olm7ofGYzHyJ_FG4_bQ,Needs some framerate improvements on the Note 8. But very good game.,5,4,1.0.0,2018-12-08 12:41:25,,
gp:AOqpTOFoLWkaCN3yWDedPK_mLO-gs4wIYG2xyHByYJyXtEzcmIYtfc3IN98QSMJD61rHofls5kUO-pzuNcEdmw,Karan Rajan,https://play-lh.googleusercontent.com/a-/AOh14Gi8P-mFrKyG2y2bA85TWIKggJ_Gh3vnkJsXHGfPXw,I was waiting for absolute drift on android for a long time! Now that it is here it is every bit amazing and entertaining as it was on ps4! The full absolute drift experience in my pocket!,5,22,1.0.0,2018-12-06 01:22:05,,
gp:AOqpTOGG8c-RVZrysZSkhhjX7DaKAgXOHfKCWuEXy-3Fv_HyAl2s2XpbESAzYYbYySyun2__Jc7G3f-cysbVXA,Maxim Nenkov,https://play-lh.googleusercontent.com/a-/AOh14GgQKbyxEV53YCfZ6s7GooYu_FAvrfIjwwstU4Kj8xM,"Doesn't run too well on mid-range phones. FOV is too big even on 50, slows the graphics down a lot when in large areas. With red blocks my phone barely manages 10FPS. Without blocks graphics are still choppy :/",3,46,1.0.0,2018-12-05 10:23:05,,
gp:AOqpTOE1436g7Z3BA1amgPPb9eLW2PruG_CBDS1ewoBAifWMIe94t3iHdAclyUlD-89DyaJmtcs5kAZz48YJCw,Jordan Lee,https://play-lh.googleusercontent.com/a-/AOh14GgqZ6IBmZhykq8cAIg0oWtdMbBQpWKLJvCTn0xrjQ,"Works as great as it does on the PC, love it. Would be better if you could change the transmission to manual though.",5,9,1.0.0,2018-12-05 00:39:01,,
