reviewId,userName,userImage,content,score,thumbsUpCount,reviewCreatedVersion,at,replyContent,repliedAt
gp:AOqpTOFXTmAmroFPv5sQ9UanVHfD8xNrHuf9sRA3hbQCodOOjiSU8Lm8mywM7PgHvbiXjJpMHNwdey7g91DhVhQ,Agung Sutejo,https://play-lh.googleusercontent.com/a-/AOh14Ggh9S2v1v92qBgVKmEzADtSXLN5a8IK8YaDgrdj3A,"Some game's icon cant cange (deemo, cytus, tenshura, genshin) and few apps",5,0,3.8,2021-01-31 21:43:10,,
gp:AOqpTOFJp2Hz62aiG7mohj-NgZYqttDbrMun_6nUqRseZbQ6XChHhifprS2bP8ukpDmt9r6bG29IAc_Ix-06T7E,MezzoCRIPS,https://play-lh.googleusercontent.com/a-/AOh14GgS_ZM-asNxn3vf4ArDeHbI_y_7XjWq1SBuiqk1PJo,Not hd,2,0,3.8,2021-01-30 14:30:34,,
gp:AOqpTOEKwrxPy6FrvyVlvpEHoWWgyyQk1jbfZuCWTg1HooITnbc0UqrlOFUEr1VwtRAUB72doVwQpxk8Hm20nIk,Bree Moon,https://play-lh.googleusercontent.com/a-/AOh14GiavnqDW-kgRwSxFgpoiMM27avrZGJzE_ztpD8kKg,Love the look.,5,0,3.8,2021-01-12 05:49:29,,
gp:AOqpTOFifkBUXRVUKOdAUnffdj9aGXxrpXwYOWMQFkJi5_AnLCITHm3m9YoS9gMq3BqQIKOxegXGcktcsUCniWQ,Blessed Riyo,https://play-lh.googleusercontent.com/a-/AOh14GiykMfEAjqve94YEbhU_NYStn57Hk4_mqExlfqu_A,Best icons and collection of wallpapers are amazing 👌. Must try this.,5,3,3.8,2021-01-05 21:43:23,,
gp:AOqpTOEKbTMeH9TEEk76YcixlVuvKG9OzvY_GJfUkhrQYqs7yinEleEv_qFFgiYPKi2K8WCt0wmZXS3sXwzCTAo,Aniruddha Chowkidar,https://play-lh.googleusercontent.com/a-/AOh14GjQq_1fv3fHoauqp5VUw-0iuR6b27SPhioujxRV1K4,"Clean, neat & beautiful icons",5,0,3.7,2021-01-04 23:12:05,,
gp:AOqpTOG8_3CcT7FDv0eXAmm5ZgG34ZVMdHbiAt9Gpp4G4t6vwCPUTg1dpgC7gK0S1LkAXV5EDKm34loJ6sa9_wg,Maaz Rahman,https://play-lh.googleusercontent.com/a-/AOh14GhCq9sboZabHKWubq-yXfbyPj7JTHqWT-AMTRcJaYA,5⭐,5,0,,2021-01-03 22:16:51,,
gp:AOqpTOGnYyFirVGcAHAM9pyffJJVEs_MdJJWVRRJ5-FF8FFtxXcbupCutkE3bM1Bvk13YgHWAur1xUs1cjlBJm0,Sarah TJ,https://play-lh.googleusercontent.com/a-/AOh14Ggum_ht22h07xBlOe_UhbslO4M90Te5aYiYf2tEUw,Love the rectangles!,5,0,3.8,2021-01-03 06:49:56,,
gp:AOqpTOHZZmh3uOhvfcSv_md6apTRn1BJPzmqCttHmsfkCzKeyUhi4W8WeqRiQMo-rmVgmQhjILgBd3x-2spetZA,ricky seals,https://play-lh.googleusercontent.com/a-/AOh14Gh8lF_J_CsqfUPbPI1RXFD3b6aEdM4LQCXXcfeU,quality icons.,5,0,3.7,2021-01-02 21:22:16,,
gp:AOqpTOGBLxcnvFrdLJGilpw56OF-eXI0HzAqp1Rx8z6WDt5_SOlPTdg7WJdiw5yUvbj2pj0UNAmjaWBjrpsIUiQ,Maeroboss,https://play-lh.googleusercontent.com/a-/AOh14Gi_Z0LFOo8pPUgxUzvHF0_bZIOlsxslEB1GhA0Dsg,This icon pack is one of the best icon packs on Play store.,5,3,3.8,2021-01-02 16:25:33,,
gp:AOqpTOEjvQjgeN5qJ9IAuMV4GNALllsWiAhXQBgUXlbDdQdWalOW3ygYCi_VF-aZ9S9xKAUwDY1Jy5N9-9T4dSk,K1NG DAVID,https://play-lh.googleusercontent.com/a-/AOh14Gh-MBwyEn99xABHimPczFHqMArBQUnmFuZNgpmVfw,"~Cool design! Thanks for keeping it updated! Can you add OfferUp? I didn't see it in there, Thank you 😊",5,1,3.8,2021-01-02 14:17:26,,
gp:AOqpTOHU4XsfVvZl3GUZBr9gafpjbWyG-cAARQu0EkUe3opANtYKzZYUc8GzQooQZt9DUkm3mNAY7AhtK7rFjqI,SEA MOON,https://play-lh.googleusercontent.com/a-/AOh14Gj3KctnRaUcT9gNHF8mNjVZLTbBN9HYIODVZNSs,Superb!!!,5,0,3.7,2020-12-29 20:37:06,,
gp:AOqpTOHcc4OTLtay5cO8dB2ld6TFySN5ArrwtOzEfi_5e0xNZk3x0vwUEHddg_KLAhtEEy32_AdwtuKpKB9_6lU,Vivek Shrivastava,https://play-lh.googleusercontent.com/a-/AOh14GgPaQo1hWcyFpasQWQNakac7loGB0q5pGjeUTyTLg,"[UPDATE] Please make a slider so we can directly jump to icons by alphabets like in contacts. [BUG] Bought The Premium Version. App IS GOOD AND HAS NICE TILES(ICON) BUT THE APP IS NOT STABLE. IT CRASHED A LOT OF TIME. I STILL DONT KNOW WHAT THE ICONS ARE AFTER ""D ICON"" BECAUSE THE APP CRASHED A ZILLION TIMES. Please consider this and make it bug free. the BUG took your stars BUD.",4,1,3.7,2020-11-24 03:40:25,,
gp:AOqpTOGYDwvLY2YMMByxM-dGO8_-o35iMWG4Th6vYLozMJXW0Xw5aAM1kp5vQBZGzqktDuU21IaLdOuBjGFxsaY,Mesergschmidt,https://play-lh.googleusercontent.com/a-/AOh14Ggxr1u9_yFKLksB_lpu-bc0SNAjyWC_wI-qTOA72hk,"Really good, especially if you can change the ""resolution"" of the screen. On OnePlus in the developer options there's minimal something size in ""Drawing"". If you put a higher value it zooms out the UI and makes these icons look amazing. A lot of icons, most of my apps are covered. A really good job.",5,2,3.7,2020-10-03 14:22:04,,
gp:AOqpTOFZsyxln1PlcC7WHCMkjMozbNpVcAMj8HL5nN_GkQJMPEYarFGsdWYP-sk18YXB0f-rQnZ3jSnDF6vw8rU,Bo Breinholst,https://play-lh.googleusercontent.com/a-/AOh14GjOUZcqJiRrg0QT5QYgQjBa2Cn2aqkTgDlGvIzFgTE,Absolutely stunning,5,0,3.6,2020-10-03 07:55:38,,
gp:AOqpTOFhYjkAFz0-JHVuQmeSxyG8pFF-WUkT-ACVe14AHlQdL-SNPL6QQwRaik8_nuEfmBBj53oRMwpRG8WjVSA,Rohan Kale,https://play-lh.googleusercontent.com/a-/AOh14GicWeX91eEijwAskKRP9nbBQEmmF1Fu4ehqHdbBEA,Best in its class. Lots and lots of icons + quality. Thanks dev. Been posting my setups on Twitter using this icon pack often,5,2,3.5,2020-09-18 03:04:28,,
gp:AOqpTOE9Y0YO1AVKghFfbLIfimnZS1J9z4E3NrVr_t6R9H5r0nUXMro9rurIKO580ehzj147wuJlbBlEU1OpkLU,noora juma,https://play-lh.googleusercontent.com/-8NJR7yC65YA/AAAAAAAAAAI/AAAAAAAAAAA/AMZuucnOjVzg4BX_xIOuNAaxwTFJ0RrTEA/photo.jpg,beautiful,5,0,3.6,2020-09-14 09:07:41,,
gp:AOqpTOGkKzCRrzTFtRd21U8tFSAjbK238HV4Zs7lB4iVPmMrOlPPaYO3SBTn7W8yk1-UrZYBZErdoXQ068Qrhjs,Ajay Ram Nagarajan,https://play-lh.googleusercontent.com/a-/AOh14Gh5Gmje1DLBq1wflcIx7Cvx75iGxQHj_5ZbOMDjaw,Looks Great... Sleek and Simple.... But Please add Google Pay App Icon for Indian Play Store.,5,0,3.6,2020-08-25 03:29:22,,
gp:AOqpTOFtAI84Gd5PdV6U-ztgS9lc3AjY2wmcGI9jxJ_P2uSNIqi-oxiT5EBSTbjoVeXel9fW7bA6BIY81UZ2VA0,Praveen Kumar,https://play-lh.googleusercontent.com/a-/AOh14Ggxk0Xp9Olpqb48D2cKcQiU5D6CHDKrFfkBhIxGPA,Fantastic 👌,5,0,3.5,2020-07-22 04:57:44,,
gp:AOqpTOHxcVsV7CvL7tdwIxxwiefarGmk9FClAA5ligPupvoWmunEuYPxjVqjlVDw7UvUcPdGeHAziJJ1eF-3J8w,Jeff JT Snyder,https://play-lh.googleusercontent.com/a-/AOh14GjsZ7Vi86eiQ9sElwxd9A_3F3p9gAvVE3S7w0rQlQ,Some of the coolest looking icons I have ever had the pleasure of using. Kudos to you! 🙂🙂🙂🙂🙂,5,6,3.5,2020-06-29 17:25:35,,
gp:AOqpTOEWV3fx52DEbnShWbD4abhxqwtR2p5-vWhRFbtnAgUeyuEPK7J0Mppc8jagXwa6YIQ68Ta62_KC0aM0cIQ,Adam Wood,https://play-lh.googleusercontent.com/a-/AOh14GhNiudAV7_kFTBCjEyMPaDiz-hE9YeF3_vGQU_F,Clean and beautiful set with most icons I want. Works perfectly on my phone.,5,0,,2020-06-25 17:35:10,,
gp:AOqpTOHdgRShfmTYhzJFY4rgwgjt9iPHrNLp_r8rcW1hg9zpNrRpVoiuKiIKlEmiCUy18v7BwutiKdFYdTGNRYk,K9 AnimeSub #6,https://play-lh.googleusercontent.com/a-/AOh14GhC6QCHBqBTm7Vjku00eJ7urZcsPK3CjmLqXSis,Good,5,0,,2020-05-31 03:04:43,,
gp:AOqpTOGYBqYmxvspqWbSHjbFfbV-j8PW3Ajy1imwiIy4XUuGqPeDBmjPINFuQ9MClamtIsjqW0wqZ9M4PKw5EhQ,shekhalim khan,https://play-lh.googleusercontent.com/-a2ySFl0tNys/AAAAAAAAAAI/AAAAAAAAAAA/AMZuucmWHisC21TdeGzLEdSBQN63ghVqfw/photo.jpg,Ok,5,0,,2020-05-31 02:47:05,,
gp:AOqpTOEz9OxSve1e5ndif5JSgDqPQAJKIJFXoH8kqswwvcYF7MoPwaZlBLW9ja7ptd6YAVKTt94tr8d5ojv1yLc,karen cole,https://play-lh.googleusercontent.com/-_JamYQ4TWpg/AAAAAAAAAAI/AAAAAAAAAAA/AMZuuckeMA2DW3iUSJg40ruauBYTakbzZQ/photo.jpg,Good,5,0,,2020-05-31 00:51:11,,
gp:AOqpTOGRHKMhTNbCz3xkILe8_hD7EnDUvziU-Ta_yC0lZ2uvJzW6okaBq3eCsoU7uu9HUJzsoevNcyhGNA_AbdY,Tammy cooper,https://play-lh.googleusercontent.com/-p3TZ51_WE0U/AAAAAAAAAAI/AAAAAAAAAAA/AMZuucm-bD6TQ3zpyo_JRulwG2HTFyxPVA/photo.jpg,Good,5,0,,2020-05-31 00:30:44,,
gp:AOqpTOEw5lTTilMH4Y7fV7O4Mr1-NbPip0K3veSBYGJI4keO6PB4XLSSVPA275SJplmqJKQTXJALCFk7mn0vjFg,Tony Moore,https://play-lh.googleusercontent.com/a-/AOh14GiE_O-sj6GM1JWZydQphwezfIiitgwCww1oRTSi,Ok,5,0,,2020-05-28 16:01:56,,
gp:AOqpTOFuOFbcBnA7i0c0sRcJnC-2A-rcqzlcTbJ9-MqMibuN3rJfPBSjmShfkG7dhququzksdSE3YHU-XXungbQ,julie annable,https://play-lh.googleusercontent.com/-hju_w1CcThc/AAAAAAAAAAI/AAAAAAAAAAA/AMZuuck_MwrYCe168I06ngPjSGJDpGLTrQ/photo.jpg,Ok,5,0,,2020-05-28 15:51:35,,
gp:AOqpTOG86s75NIz6nNUBkCqDfMrlWRyRxgCGxxmOfDrutgGXrgqiw8BuOycLPkEMmBJEy20S5nmam5vaKI0ZxmY,Ducky Channel 50,https://play-lh.googleusercontent.com/a-/AOh14Gh4tF7KlwLcDD52PR7CGAuXQjbmIQbhOYq1mGoB,Ok,5,0,,2020-05-28 15:41:09,,
gp:AOqpTOG00ydBa9Gtuk5ncJIYagu3jJONflNaR4OPQgEzhUeIEb5pxe5MZBDSEnKXPWxZomsXY4oSz873_77Bp5A,Calean Sixes,https://play-lh.googleusercontent.com/a-/AOh14Gg6N0T8tIPKHsgxDCSnbDORhouS8SoKi_qaYlb64w,"Ok my dude, apart from it not being updated in a while this one has perfect masking!! Finally third time's a charm. Very glad! 🙌🏼 Edit: That would have been my review but as they are toxic from my other reviews cause they can't take advice they can get a 1 star here.",1,9,3.3,2020-05-18 18:00:26,,
gp:AOqpTOEUIjX-LjsIkyV3Y7xlQGhju8XVkbGw4SH8mkX2sS87jGHJpnhzmlyDFOs91rrUL91GNQ8NfPnSCwNz_ck,Paulo Henrique de Oliveira Neto,https://play-lh.googleusercontent.com/a-/AOh14GiSfItosQJBHiH_Ub1E29oY2Z55dSrkHPPqN8OSJIE,"Please, keep this theme alive. It's awesome and different!",5,0,,2020-05-18 12:46:34,,
gp:AOqpTOG0FytoaGHmpgANicP-WPxtSt-2LlbcEMCo03tfBUzghvCNV7Qg0-TDFWKaxIOTF0uGZVwhH7iQEAvPNRU,Chris Boardman,https://play-lh.googleusercontent.com/a-/AOh14Ggq2RoVw7Xgx7aKMnAb_rFdmXb-4IUdzQ1bNe70ww,"Awesome icon pack, completely changes your phone, highly recommended it. 😁",5,0,3.3,2020-05-14 05:00:52,,
gp:AOqpTOHQElwp9u9qd5G_jEAFspPGkWhDaZOQgiF0eRo_-k8tWjsyvvOL8sUzGOqtcQGxSiEn_cszbJJytK3yZR0,Zsuzsanna Vári,https://play-lh.googleusercontent.com/a-/AOh14Gg_kqKwYAeX_Ep6t9ScVKdSUlKKgLz-FBl1CzlEVw,"I didn't have much expectations for this icon pack but it looks soooo good after all! 🤩 Rectangle shape works pretty good with many different themes, also the style of icons match a lot of different wallpapers. Masking for non-themed icons works fine, too. So I can absolutely recommend to give this pack a try! 😉👍",5,5,3.3,2020-05-13 01:46:03,,
gp:AOqpTOG-p2UgtaN3VF7Szj403l3e-tadjfy5rJ-zWo-FzCec5p09rwj2grD9yltCuGv6Qc2p6nMe6PpTqQBLVNI,Josh Clarke,https://play-lh.googleusercontent.com/a-/AOh14GgK28Z4I81GsBwzx-AIUA04N3JIshDLprZgMug7oVg,"Hands down, the best icon pack out there!",5,0,3.3,2020-04-12 20:17:00,,
gp:AOqpTOHINMJMrdSMEeP1LY_clt0qJhoW-epiws-MNZk9gYVNuwEZW1YjIBUoMt6XFeZjRcasFgbg-p5qQNj1GVQ,Peraveen Kumar,https://play-lh.googleusercontent.com/a-/AOh14GixAkS-muZjlXdbrYamnrDeV7hmC-4D95wNAc8kKA,Best icon pack in the play store!,5,0,3.3,2020-04-08 10:17:40,,
gp:AOqpTOGuWOqhBfN9vUOTNdhv6C4lkZEQz0bGGZcG9kGrHV2ansIJ22vwYn3bpsdwfWR0k-3FLhnmW_NdDIbCoKQ,DiLshaD aLi,https://play-lh.googleusercontent.com/a-/AOh14GhRjchDPB9gwnZqDrU5tB7XwSV7CcXW5uSTrHvwpA,A must have icon pack.,5,0,3.3,2020-03-24 12:00:29,,
gp:AOqpTOGcLm6-K2gql-lnniXhdVZuSSEkgVrYK346TufD2UbFlxllGG1IyjskPdOMtbh-7cr7batPnHttgzzdNqo,Welcome To Hell,https://play-lh.googleusercontent.com/a-/AOh14GiFHHOMr5AEOvaNUdDidLA_mmPpoNn6JkoQLA9NfA,Brilliant,5,0,,2020-03-21 16:29:27,,
gp:AOqpTOFx9m_-8wlRkxG5sE4c323O75CYpLr_e0d_L3vq9VjPiDWJqFQ3NPRBJGUKaFTtne_E5SvgBL-DFRQB44c,Arlen Jenks,https://play-lh.googleusercontent.com/a-/AOh14GggaR5IH2nfrFCD1VA-45twO9PTTZgGOfxAn0-elyo,Amazing icons!! It's nice to have a set of icons that have more of a muture look to them. Getting tired of the cartoon looking icons.,5,7,3.3,2020-03-13 14:39:38,,
gp:AOqpTOEFF3ooBjOyJJCU0_Ayq3hV4-uU552gHkWZdjqshWlSdx5XW8Ss1780YVN9p_Sv8r8oM6H7_u8QBGPskxE,Frank Broadway,https://play-lh.googleusercontent.com/a-/AOh14GjqTtBxpeNwm-DyPmFhXnMj0qql28Ufxr6tHAVTgA,Really like it's lay out. I'm keeping it. Smooth. Makes me feel good.,5,0,3.3,2020-03-05 21:00:36,,
gp:AOqpTOHq4Jmm4-pgG-svnsLNHzfCaVFUKIV8fkFJyNzZJzg-d9x9ygEoJIjVywel_mthG46XdlXpB-ku7R7oY2k,Rich B,https://play-lh.googleusercontent.com/a-/AOh14Giwd30lO24XboLz5zbkqXUA0ZyGY3UcZGNbQcheIw,Definitely the best icon pack out. Been rocking these icons for 2 years now and I can't find anything else that even comes close to these beauties,5,3,3.3,2020-02-25 01:42:42,,
gp:AOqpTOH3htRrWRQBDvenNE0wFXfkoaMs3VUDN0KfSoN-gMtxISJUmEMMspsFQTmu5bYXnhclmRrxRG5ZMBkLLa0,Nathan Basile,https://play-lh.googleusercontent.com/a-/AOh14GgrrhgnBNMTTOUTFFEJiSp41Xu9bmx5vi_jMSDcqjw,Needs a premium icon request option for missing icons so I can pay the dev to prioritise my missing icon requests 😉,4,6,3.3,2020-02-17 20:51:53,,
gp:AOqpTOF4Se7tUWq3qRHR8tdlm-WRQ2mfcWZI6tmNA0o9V4X8aPIjyyNC0pLk87N_j-0ZjUhRwnt8YyMVTRsxVUw,GAURANG MHATRE,https://play-lh.googleusercontent.com/a-/AOh14GiV3ipN243hxGrabWE88fxx2goPZc8GuQ1lqlXW,cool pack with large no. Of icons,4,0,3.2,2020-02-07 10:42:28,,
gp:AOqpTOE0HaPAS8zEbaodyKmIrL8Z00l392xSx8OpuH-ZM0IA9FuykPXSF66OgSK_urk4RbYYIIryVaBqlxmiZGU,Patrick Swango,https://play-lh.googleusercontent.com/a-/AOh14GiRplg8cG9aLlV0X6JWoFVC6OeKtdYvDsasr-yicw,"Very nice looking icons, much better quality than the rest of the small field of rectangular icon packs. A lot of icons, most of my home screen is covered, but missing a lot of bigger restaurant apps. If my icon request actually makes a difference, I'll have no choice than to change my rating to 5 stars.",4,0,3.2,2020-01-15 17:09:04,,
gp:AOqpTOGOHSWLnV4AY_3oIV-yUGIvjUhYWVWVXYnFfr6lXWXLmpaan2d8GxJasoOSZCj-gb0mHCXL7Eb5OhnCIls,Johnny Pereira,https://play-lh.googleusercontent.com/a-/AOh14GjVMuL6MG_9z0PMwi9cnKhlTUFCkHjRFU37-7Zffg,Melhor app de customização de ícones. Parabéns a equipe.,4,0,3.2,2020-01-11 05:58:31,,
gp:AOqpTOElxFW8v1z8_LQGosTYEuR2HXo3UKMCbD7vgzpo2Ao5tTWxN6wZF9O7kN4SgAIewgE7_oF4biwOFMy2k9U,Mike Watkins,https://play-lh.googleusercontent.com/-DL_2j71yquo/AAAAAAAAAAI/AAAAAAAAAAA/AMZuuck_riRj3gFHvgiCDsXhnbHR-GVkOg/photo.jpg,"I like this icon pack! Unique shape and a clean, consistent design. The masking works well for missing icons, so they don't stand out like a sore thumb. But there weren't many missing. Just a few games and some special interest apps. Great icons!",5,1,3.2,2020-01-01 22:27:25,,
gp:AOqpTOEbogK3VmNq6Rat35jbF3NnVcPMIWFVLOn2hYh3ion_Rsn-Cf2CXv9UeWw7TwNcjdfxC5Ry9d2gwV-suY8,Roland Hoo,https://play-lh.googleusercontent.com/a-/AOh14GiMU7qpoa0g-RdttHuR4cqPDr0laesRuFMgt2cSqQ,Excellent icon pack!,5,0,3.2,2019-12-23 02:18:27,,
gp:AOqpTOEKYqyz48mPxIUXTiaAAAxrBFYHqFWUiZ9Is8nFz1A4d2dEmSFrSg4XggsdzuDQ-axY1CNGq2QY0HhxwFM,Hugo Salce,https://play-lh.googleusercontent.com/a-/AOh14Gi6IKjNX5xX8_TJqP2ukO15JCwV-oscrS30vzR2mQ,App gets stuck on Checking License...,4,0,3.2,2019-12-10 09:02:16,,
gp:AOqpTOFYX3Ga-E9ZaxsTyPfjYtt3fR6CzR4UAwVNpiFZHkFRPwTiBqnLDEtANtta0q35K1akyX8_YvdvZYDOaKc,Mladen Bosanac,https://play-lh.googleusercontent.com/-RUsendqZrTg/AAAAAAAAAAI/AAAAAAAAARc/AMZuucmgLzL-Sj7TIiQyWBAhb8Y7wiH-zA/photo.jpg,The best icon pack hands down.,5,0,3.1,2019-11-30 00:09:42,,
gp:AOqpTOHTDah8vmQhddBP-SdewNAk2OAPD19e7PbbZp_D4EncRP4m0pfa87CKuQPhdgnQEiXh52FCyu8j2UX6HYs,Ryan Martin,https://play-lh.googleusercontent.com/a-/AOh14Gid_NRupVnY7D06FQoX0Enmfk6wnjvcipCEWrV6_VQ,"Good icons, but when I try to access the extra icons, I just get ""checking license"" load screen that freezes the app.",3,4,3.1,2019-11-25 14:09:59,,
gp:AOqpTOEg7uwg5al0NkYF1op2pAluoQwWHiGDWz0xfIdCmRwPLNzI-DEb46mMUKXgi5YBOHRQS_a9oTDiCJRbPZY,Hüseyin BABA,https://play-lh.googleusercontent.com/a-/AOh14GiDG5CXisuJ5hppkB4qJl6f_cHdGqgYYc124jqwgg,Excellent icon shapes. I love it.,5,0,2.9,2019-11-14 08:02:33,,
gp:AOqpTOGpPF0Do2eVZZXEgIQTYT2VHugksBYh4kYRfgUyYVxn9HmdxHbjtpuei54h-VeyoNqr6OvhRvV6zlyq_pU,Mayank Vashishth,https://play-lh.googleusercontent.com/a-/AOh14Gjl8gyCK1pWUbdcDAzfsFQHLOfbj3fMWL5DbR-kjQ,"amazing icons, something different than the regular round or square, just love them.",5,0,3.1,2019-11-07 06:26:06,,
gp:AOqpTOGLItRfNoR6mGNsFmiRy-C21g6UtoeP2GfDhGTE5YB66xGE9rvO-Ys1enov89hERlV3OefrRaFR1g1bZ_Y,Yagiz Yalin,https://play-lh.googleusercontent.com/a-/AOh14GibqTVTpFyVOCP6NHLfmRTSjCYZrRUtkr8W2ku3,Brilliant.,5,0,2.9,2019-10-17 17:07:15,,
gp:AOqpTOHTQxL0VLbSe4CnNfe_9IgcYBBd4-TuJob-Q46uBvzc-J72jcpgoBVDDlhCsib8TzHB0mdaMgTPGH-asac,Christopher Tubbs,https://play-lh.googleusercontent.com/a-/AOh14GiZ1Dur7S0gDphbk8bc9YvVEX67XPnjUi6PQPuxqUk,These icons are great! Keep up the good work!,5,0,2.8,2019-10-01 20:43:21,,
gp:AOqpTOExMBoH9tqaG56afil4WwKkIQ9U94Ua7x8-LFdoFaZQPNjeJryoo_DuLoZ-3rzAIt4MweMs2UpzqXlOLOA,Emmanuel Hernández,https://play-lh.googleusercontent.com/a-/AOh14Gg5ndWyPA0ER92Dwd6LYMXEmJNFhYbgRqLLHaITRSU,One of the best icon packs.,5,0,2.9,2019-10-01 10:22:22,,
gp:AOqpTOFcaL_t6ah7D0XvplHw-d7qpEZ_3D-0PPMw7sPevk6x6TidNh_y7-X9WLA41upOLVufzBt9zmlJBZ3KQeY,3AMER 85,https://play-lh.googleusercontent.com/a-/AOh14GgfgpYRXENMCkF7wHKt_icMrgMwYpRm2w-W2aC6wQ,Great icon pack.. Thx a lot,5,0,2.9,2019-10-01 08:49:34,,
gp:AOqpTOHWLm4fm4SKO41oAiPj-gaPdwnATWNn0zs8HpRQ6CqpwbbC48ZZN3YuMFBk06ckvAUe_r9qhoPqEh-5pRA,Bayu Putro Mintowarman,https://play-lh.googleusercontent.com/a-/AOh14GjdozSKTxu0gu2XMMhvOVBGfVYso4w-0pn6MUnG,Very unusual and unique. Hope they make Icons that I requested,5,0,2.8,2019-09-30 15:54:40,,
gp:AOqpTOGlhduHwrYEZzdAlZqurdOlqJmvYUyDYgxpmM6o1SFd36CPeDhqLVv9mmRlWgpKNXySzMi7Ast9VxroaMI,Stuart Alford,https://play-lh.googleusercontent.com/a-/AOh14Ggpsi1HQz0wZtNk99O4lmCFKcZcaCtHzgoB23P3cos,Great icons. My favorite.,5,0,2.8,2019-08-23 13:50:47,,
gp:AOqpTOHs0eVAZse-y3IKmtMk08vPahv3Qo66q5jfesio40MszIPUWrRvdXj_e87OJnfqgT1lcDhG3KZQDBFQvIc,Buth Narin,https://play-lh.googleusercontent.com/a-/AOh14Gjcfz2Jz-slhF0q0DqtZbe3IKviLdoKAzm_ysVk,amazing work guys.,5,0,2.8,2019-08-20 07:49:17,,
gp:AOqpTOFI-hlKndaJjGgVjHwO1ExHUzRD29ADQwc4BbidkmBI2Jc56dou2-kK-vSn5VjcEvAbgqj2ekp3SZyKMQY,Caitlin Barker,https://play-lh.googleusercontent.com/a-/AOh14GjzBADnFv82SMBg1f9tNkgnThLbhGuX-yhNLO-3ejA,Really distinctive icon style with lots of icons in the pack. Most of the designs are detailed and look great. My only critique is that a small number of the icons are stylistically very simple compared to the rest of the pack.,5,2,2.7,2019-08-09 04:04:52,,
gp:AOqpTOHItY3Dho8ZbeajkdOBRwp-fTLS-NQ9xbhrgfDKkp1mzxrH49wzzPj1ru0-lzcwLxMuv7Kpj_VuSAJJCbg,EH LI OH,https://play-lh.googleusercontent.com/-db129QPfdyM/AAAAAAAAAAI/AAAAAAAAAAA/AMZuucnO5DFtiJDT1TKDWV_3PTZKyOe2-A/photo.jpg,well done👌,5,0,2.7,2019-07-21 00:06:43,,
gp:AOqpTOEPp0FWoxZRJoh1wOHwth2nd43xXU9i4cP3Fc8JKg9IvD7hZ2XthlGlIawkYL_ft-wwiJrV6WcZAzT4qyw,Arvin Phillip Cruz,https://play-lh.googleusercontent.com/a-/AOh14Gh2wkoZYEPJsmjlkPknEaTCQeHPwiYC4CcUOusUEA,20+ icons still unthemed. Glad there's icon mask so it's useable.,2,0,2.7,2019-07-18 23:42:42,,
gp:AOqpTOGESXRYT9Zf_EQZG1iQOSBATHxNC7iSNt02UYhrtPFSVeJbhPxvuhdKZyNsFVAXnCFb2bwDi6c_rlFcab8,Vardhaman Shetty,https://play-lh.googleusercontent.com/a-/AOh14Gg57onzIcopPsGpZ87bzEsXvMpgmv5jP3p_2d5wHBg,Nice icons to add a edge to your life,5,1,2.6,2019-07-15 08:55:27,,
gp:AOqpTOGjjqiE1-KHe8sDZU2dnRpkhC574jXMeh5wGEoVxs3Qh5qXiaK6jYoSZSIrX0Pe1asjOyAXs5EopgLHDHo,Prashnaveet Prasad,https://play-lh.googleusercontent.com/a-/AOh14Gi3Dwz0Z_3MnDx_S2WEi1VSF8lsR9mDJv5-INHm,"pretty good on the note 9, worth it",5,0,2.6,2019-06-16 22:29:12,,
gp:AOqpTOHJLDNyBwrsqV-MDlOkMKNJxZBB-Ip7i4EdTSS9eDLnA2cRbh56pFLS-K1sviPLw7A1ZudLmL7lIBqhH0s,Brian Bozanich,https://play-lh.googleusercontent.com/a-/AOh14Gh7EqiRkXOZCUO5XjH5kenqiOkUYPlpuLhqnnOmybE,Good looking and great support.,5,0,2.6,2019-06-15 13:55:02,,
gp:AOqpTOFCNvEygKxcENDoByL4tVhA4OldzYj5VCp2Y33pm9SF6vK1P0Wqywyf_FEaLfMeZDAx-DysndlIkE617ro,Amit Sinha,https://play-lh.googleusercontent.com/a-/AOh14GjF1Bw43kmcbjh85LUfEKnnsR6s6BPYWk82n_0v,This is the best icon packs I have downloaded for my devices. I have set it up everywhere.All my phones and tablets have this one setup.,5,0,2.6,2019-06-15 08:22:16,,
gp:AOqpTOGipeaO2TmcCswQGpCy8wbkOb4OkZYIfNXMkMQe6PjLutX6jgbO379Rsf8FD-SDoSmNw4MU9q3l0Wy7qgU,Bryan Walsh,https://play-lh.googleusercontent.com/a-/AOh14Gg0g5VdL_UFj7h0BHRNQz7D43Y5AFftVRcx2MXi-aw,Beautiful - worth the buy! Can't wait for more supported icons :),5,0,2.5,2019-06-13 18:31:58,,
gp:AOqpTOH9QXJhUCO6brcOZPuUCZWt9zSLOJvSFKl7Nyn5-iyQJy8etaPlyAlSJWcEHJxam4OgyNcOpVXKtOuh5lA,Arjo Natividad,https://play-lh.googleusercontent.com/a-/AOh14GhBFUbjNYw-5VN3hsEh000d4C0eeGRfl49NJqhVyA,"One of, if not, the best icon packs out there. So beautifully and professionally simple.",5,0,2.5,2019-06-04 13:48:25,,
gp:AOqpTOHJvTJdQqmkRhYVoFLjSzchHSJQbtyU95TcoTpfMJxu1rhXlpOR_tsOrtZBiZsfvIRd7eYExD2Mwbi6sIg,Naanii D,https://play-lh.googleusercontent.com/a-/AOh14GgCTh0lWhKdDHhQy3cRZHd8BOFZtlUilSUKenjveFc,Wow.great walls. It fits on my homepage. I love this icon. Great job.,5,0,2.2,2019-06-04 03:40:45,,
gp:AOqpTOFVpIdJbcrMdqT0pKb4s9zj0SQqc8RCUf0x45HRzLiXXBI48z5TGWwy8zK1cGyDAY-cSUJRs9UsEDtuvS4,Fikri Saleh,https://play-lh.googleusercontent.com/a-/AOh14GgYg2ZzNk7Sclx1nd1tEmoQXzEW3GZ02R5FajXUTqM,Brilliant. Just brilliant.,5,0,2.5,2019-05-26 20:47:09,,
gp:AOqpTOF164EFd9w_kHllCj4xVbcj5b_H4oYmP4F32F-cwo6fDehFAIZdcYeec6_SoMf28XyQaOElVlebfP8F5vQ,Matt L,https://play-lh.googleusercontent.com/a-/AOh14GiuZukMbOOihyqcU7HrLZK87xMs-SIOyloSlIFAFw,"I purchased quite a few of this developers icon packs, all of them are beautiful!. Almost every popular app is themed with masking for those that aren't. Some of the best on the market.",5,1,2.5,2019-05-12 13:08:57,,
gp:AOqpTOETGV27fqByONWHkfXv60PPQB1mpTXfU1G2O2PyvvdJ2IJvxnZP3M6MUzyS1VRUJ6xS0hnMdkAEUzY7PEg,King Fearless,https://play-lh.googleusercontent.com/a-/AOh14Ggu2SydFaeAds9_AkfT8iWk4pXHMnCFd-tK3Zz2PA,This has no rivals! Five stars! *****,5,0,2.5,2019-05-10 19:10:12,,
gp:AOqpTOFvL6GhKTTGan2WYrB3hhjPo1ufcncWw7hngDDvmwP3aQ3eaUB_YIrwPr05Pi5-Symzdn9iakdznOkmmeY,Titus Versace,https://play-lh.googleusercontent.com/a-/AOh14Gi_uBRUoIOrJkLN0wlIobNR9oR2_djYht3RqBoe5g,waaaa haha WOW!! THIS ICON PACK IS AMAZING!!!!! rectangle are the way to go!,5,0,2.5,2019-05-09 22:58:42,,
gp:AOqpTOEFEVXoerltTA5vMKYPa6jLBN68twwvXsqRKJSuh0RMO2WUj783Xe9epuJdh-VIRbpP579SG7pGt0_x6us,Misnamed Nomenclature,https://play-lh.googleusercontent.com/a-/AOh14GgiSBAM9DOjKDp12P5tzkmhK_hL5gEAf9Je2_iu,"Awesome designs... I have quite a few different possible Icon Packs, but always prefer Recticons for most every purpose. Sleek and Professional",5,2,2.5,2019-05-06 20:01:36,,
gp:AOqpTOGaHo0LHpxNmvL74BXJdoxowfWQZdWFX7YmOcEwBSPpEPLpgDPQbNe0aCQpjTpO226OEQOziMmVGeavvAI,Glen Walters,https://play-lh.googleusercontent.com/a-/AOh14GiSX_c3q-PwaonHNaSw48rKMzLuYcBMMt0UGIoL7A,The icons look fantastic and almost every app I have is covered!,5,0,2.5,2019-05-06 12:46:43,,
gp:AOqpTOH5r4aQj8iaRBh-IsOhGprDG3dNZ8ps2T2GPk8pHAskbukFVLbYv9lrG9M3htjoJlT9BkR1a2yRluSj4OM,Jeremy Rootes,https://play-lh.googleusercontent.com/a-/AOh14Gj0yy_BkYTHJ3A_t149FQtR7ZqFLWyP3yTXPItD-w,i usually change icons very regularly. I've used this pack exclusively for months. wonderful job!,5,0,2.4,2019-05-06 06:22:14,,
gp:AOqpTOFcyRr65xzr09Xm-tUrU9kgbxaEIiN91JgX1da5Hwl7SYpQuJz4nWEGB0t-uwA__BuJYfymBZJKwfnNtPA,Ratindra sharma,https://play-lh.googleusercontent.com/a-/AOh14GhrDq_mj7EVGbyc7JjA4n_KskT2JSY-ZuwVwTiyqPo,Awesome work 👌 ❤️,5,0,2.5,2019-05-04 17:01:08,,
gp:AOqpTOFE5lnPEAPxIYsg1wm3BKfVEqKYfs5c71YF3eUzKM3XOhFTxK1asytde564UjHV4fduuOPJD4mtyd0USJc,D. Kangiev,https://play-lh.googleusercontent.com/a-/AOh14Gg5yH9DawmsaSBaQUHgPH-W_oQZ9DwbSV4PFfa4MQ,best that i have been using for now.,5,0,2.4,2019-05-04 06:17:16,,
gp:AOqpTOEPMVPPBV7c68h-hvI1wtMHmJ56TMsJofWrAK-b5wRSm4ylVbl31FPBV4YIBzzU2oKmir2GW-somm3w4lo,Fadi Qassis,https://play-lh.googleusercontent.com/a-/AOh14Gi8lnIYsX4_b5Z7sRAOHeyoYjpAMlkTfNU13-31jw,One special and nice looking icons,5,0,2.4,2019-05-04 01:01:19,,
gp:AOqpTOG5grN6pOKzHccvzer_2g2plzqK1KVbA35_jScbahUD-KFE_NmXUeflR4ozisqXaeSIa-3C0yBMmR_tLzM,Jessie Whiley,https://play-lh.googleusercontent.com/a-/AOh14GhlD9x9Ku3zOHFWwUUu39vpdT65o3NAJkW8-yJUYw,"yo, this app is cool and awesome and awese and cool.",5,0,2.5,2019-05-03 23:58:33,,
gp:AOqpTOH0ZSlmwAh_ma0rpEj9a6Sqvgmmp8yhLvsq6idrQAGV5y3n-QCEDqCm5Mz_LnpTZkiugefBAkpp9a6wEnE,Alwin Fauzan,https://play-lh.googleusercontent.com/a-/AOh14GiGd6zStjCBdad2ccmextZGpMX5i413OSLpicChr-E,keren,5,0,2.4,2019-05-03 23:18:04,,
gp:AOqpTOFfPm95zQyK6Zks2GQPp_NzTlqkVJRUDCcc-fcCfCHiJzmG2DB04xNxh6mpGa7gbxzhdSvqGIB88yVywzM,rocky ells,https://play-lh.googleusercontent.com/a-/AOh14GiXR9YAvjIRpCpxbxi1E5vGULPxVabwxBXWkT4hUw,"My current favorite. Most of my ""uncommon"" apps covered. Masking works great!",5,0,2.4,2019-04-29 18:04:54,,
gp:AOqpTOEEt8ntr_vRh5Je4IF3agSVxTyCTVU75DdnambrEWztw-4heA3qLfolX7J6Y2VijogZa2_RdgUTV2hx37s,Perkeenz,https://play-lh.googleusercontent.com/a-/AOh14GgoNKgVJaRQd-K8AzWfsrt61brYPGCPPt-JPAjy4HE,top icons with plenty to choose from,5,0,2.4,2019-04-27 06:01:23,,
gp:AOqpTOFSZxVm7WK-KhAEROjDSYpQzxppL-1ykWI1GX04CvXepo2yg4vofiFlx8RXUUfnrAI0I44u6h_PZ5SeDSw,Shameek Sarkar,https://play-lh.googleusercontent.com/a-/AOh14GiNpnCVF_wXZgrQu18Wkni4kI_IcmMdL5pbleAWIA,Now I hate every other icon pack I have. 😍,5,0,2.4,2019-04-25 13:31:29,,
gp:AOqpTOHRoklY2XZVJG_k2whc4Tfp8kwXXIsL08w4OlS1l5-Y3nxrCIroCZigXTGnW4gyB4qvJILDdLdhbHyU2CQ,Adalberto Muriel,https://play-lh.googleusercontent.com/-66xF4tAacWE/AAAAAAAAAAI/AAAAAAAANXw/AMZuuckS--9Jsv1XiYmmDf95HWcCo_x0Sg/photo.jpg,Simply OUTSTANDING and UNIQUE!!!!,5,0,2.4,2019-04-19 15:42:50,,
gp:AOqpTOG_CSAuW_2h2Tu97QkIUXa7XrMoUXn6slC13MVzL7Imuma2YzfOxEBIYlHGYtY8VHcXfiajj1-dXVMb1tM,Pixelate,https://play-lh.googleusercontent.com/a-/AOh14GhKJI4genNfUvHmXtPrU8qiLOQqfu8mHfAzrem8-Q,"Great icons! My new favourite icon pack! Love all your icons, keep up the good work!",5,4,2.4,2019-04-19 07:11:28,,
gp:AOqpTOEtkVgFPFLmb3m_nzYXpqdmnAY1ypWN6pPe4CFYq5NXVLazezhfDCgozyMbLj9YlVU0ZJtf-xm8qL3ghrE,Claudio Barbieri,https://play-lh.googleusercontent.com/a-/AOh14GjyDCFZB-cpCNnba7WsPqzHSkWGJADvX50E1IQPGI4,Nice,5,0,2.4,2019-04-18 01:47:16,,
gp:AOqpTOGfVrUKbc5FRusRKbhsnrurbvT8_0P5kKn_Xpz1Ct9nd66bE-c1UpkU6a5W5erZyc5G54niPaHV2NAMNAg,Akash Sharma,https://play-lh.googleusercontent.com/a-/AOh14Gh7tYorT_4pDss9g8WOkarPE-CmPLiIiR6aMWfGuA,Doesn't supports Mi default launcher.,1,2,,2019-04-17 04:29:01,,
gp:AOqpTOGkvCJ7l8KYq37J4oVz6x_ZC6gqhGMjMZkWmyQAmKpTXlN5fB8qtHgxuQ9K9bRxtBYageRp_hp47IEGCUs,Abhash Dixit,https://play-lh.googleusercontent.com/a-/AOh14GjXi8u0lKGKOFaRcQbDeB0oBY6chNraiHOMw3P-jA,Best cards icon pack! Hope requested icons will be added regularly..,4,1,1.0,2019-04-16 02:42:09,,
gp:AOqpTOEYrdKviiXLfIDrwjqy2YdilwHnqZzFul1ppV0JYnp_ABM37ru8i1xEyg65EC5dBB2Iar65AKP344J7ZMk,Bovas,https://play-lh.googleusercontent.com/-P1uzB8vTXqA/AAAAAAAAAAI/AAAAAAAAuFg/AMZuucnQCxzB58vui_cz9S8WG0iaj0HTQg/photo.jpg,wonderful,5,0,,2019-04-15 02:25:18,,
gp:AOqpTOH_4aYw4x70wyYk_EZrGszncH6UnKwpZs2VAHyh_9ikVPYTk_aIv-TqAIETolFfHOcg1rLUTRNTH26Rn8A,Symington Rebello,https://play-lh.googleusercontent.com/-CTynTXgQ1f8/AAAAAAAAAAI/AAAAAAAAAAA/AMZuuck-e-98jX2AXvO1PQS1Fe_yvu8rXQ/photo.jpg,superb,5,0,2.4,2019-04-14 21:26:51,,
gp:AOqpTOGGeiNCWLg-5FGT2t6UiXTapz-efiA-mN9gSDtsUQtqPTu4nboXUHN6djGj0NmtoKuFpSkSMGOgzyRDUhE,Pastor Mike,https://play-lh.googleusercontent.com/a-/AOh14GjpduhyzXqQzJPLZCNnnpkDrQeXwzxoPQtGW2DEaAY,"Love love love this icon pack...and all the support with new icons! Keep it goin, Dev Team!",5,0,2.4,2019-04-10 20:53:14,,
gp:AOqpTOEGkecsKyTL0sNLeQvBDFug-KIMS9u1AyVfYvUHXGCYhmW6t0Ql7R6CJFHUudzpRi4YNW0uGF41nQmK_zc,CC,https://play-lh.googleusercontent.com/-mJPG1K0D81Q/AAAAAAAAAAI/AAAAAAAAAAA/AMZuuckdrj8BTJ38HRAgwmbrNs0orsLtRA/photo.jpg,"When I want to change it up from the usual, this is my go to!",5,0,2.4,2019-04-10 02:59:04,,
gp:AOqpTOGxuUaCMNfiKWsT5FIbn_BfM7x7mZi4LHbO4JE0HVAdNtgnA6qf_ldWvGLnFRBtG-Te7J24VZj0xgQ_TLQ,Gergo Viczian,https://play-lh.googleusercontent.com/a-/AOh14GgC-C46fvserrpFFRLpmkhhPfSsq8MfISfvIczmHjg,"Rich icon pack, works great with Bubble Cloud Widgets. I can even use them on my Wear OS watch via Bubble Cloud launcher.",5,3,2.3,2019-04-05 06:18:57,,
gp:AOqpTOERaTFt0xP9cOqA6_5FurmW14iiVsvR1a6bQCX-qFluGUK54keqqmUU2VPW5pz5ASvYCNGgE_8W8Wdv2h0,Paul Shepherd,https://play-lh.googleusercontent.com/a-/AOh14Gii64NlDSs6iDUBMG07Oo8Z-y-APIJzBGBOinus1A,"Beautiful icons covering almost all apps. A couple missing, but most are either quite new or regional in nature.",5,0,2.3,2019-03-28 12:04:03,,
gp:AOqpTOF1drRA8XzvjhBO3S-YcUPvJbbWq3pkHj1ujtNGqWM0-qSU8iX2s9ZYi9fZ5B8Qkb4HbByv7FPll53iBQc,A Google user,https://play-lh.googleusercontent.com/EGemoI2NTXmTsBVtJqk8jxF9rh8ApRWfsIMQSt2uE4OcpQqbFu7f7NbTK05lx80nuSijCz7sc3a277R67g,so amazing and very clean looking,5,0,2.3,2019-03-14 16:59:43,,
gp:AOqpTOH5iKt7X3KtDi3HyvNd0jnKSVdGCFaQ26VLkT_idyOavOGsobmEtdaVtWDzCdQrCWabwl3kg_BbbzTfuzA,Harshal Mhatre,https://play-lh.googleusercontent.com/a-/AOh14Gi5zJrXSxMk49_-F88erTUh5uQz8dBluLVpZmjGVQ,how to refund,1,1,2.3,2019-03-08 02:48:53,,
gp:AOqpTOEwk5zvgwutoMPe1CPny6T-MD9z9-5AERvOeOWvEgeeYul5-D1I5cp1xt6IiUZK_R1ShYjfHkDOo5BYbWQ,Deenul Hasan,https://play-lh.googleusercontent.com/a-/AOh14GiqaASZMgnC_5i3NVyEdba6tQ2uaUEzq1mZZeIPRKY,I really appreciate your time and effort in making Top notch icons ✌️,5,0,2.3,2019-03-03 02:11:08,,
gp:AOqpTOFNf9sPMB0re7Ta2oULxJkcsiskMr0q1reZJq1LZacnrh62vEmvOZ_lA04p_dN9mkoL1Y2M7mnFdnBDnw8,Phong Huynh,https://play-lh.googleusercontent.com/a-/AOh14GjuGp-aOE2mcWcO-XCWPikesod5k1GpASFvX6q5mw,5 star but could you make it compatible to mi launcher or poco launcher,5,2,2.3,2019-02-11 03:10:32,,
gp:AOqpTOHXDFJ2zM1yK7C46Uu_qK3JQQUPeScTpaQNDPDY7ghGVIrOZs1u0TJEbfTKIGti4CxynB8sMHhA4m_eqwI,Muhammad Fahlefy,https://play-lh.googleusercontent.com/a-/AOh14GhrZ7oJNgvLoy6g67Bsv_bpqEXfTE2ZuhdUhwl0lw,These icon pack is awesome. I think you can add more application icons from indonesia,5,3,2.3,2019-02-08 07:30:12,,
gp:AOqpTOGJK53CoxH51UlQ9c4IGB3H34Uj0uO1MpeBru_7py-onWU7BmJth1IWV2fFRZYR1_kWiF2qzTerehcW3nQ,Henri Kozlik,https://play-lh.googleusercontent.com/a-/AOh14Ggb53YYDmNOn9Aml-ztGII7xtoGPeg_E7VT7EDH6Fw,Perfect icons for me.,5,0,2.3,2019-02-01 04:22:45,,
gp:AOqpTOEiUeT44LJnegyqARwKObeKJyoh7uxwgIZx-_ymfvkLFqA3wGwjyHhNv2oeD4lNrPPImdomi625mp7-cQQ,Bhavin Movalia,https://play-lh.googleusercontent.com/a-/AOh14GjjFJHx2Jz9xabbyD3_D924nmjMchtZ1DQ9n_6P,good,5,0,2.2,2019-01-31 03:46:09,,
gp:AOqpTOG9GPeirpeMZQ-uomrWl5evqotFzlAC2a2rnBKu2pkwM75EsWOtFkXci3X57zxf6764ys7gTj2OZG8rmNc,Tony Tabi,https://play-lh.googleusercontent.com/a-/AOh14GjJPGjjoEC8aQEi5m_3ikZLa-hgKuGMyxbVkip3uNU,I can see a lot of effort here! Great looking set! 2 years since release and always updated!,5,2,2.3,2019-01-31 02:48:18,,
gp:AOqpTOFjR5CrRb2uqCJNDu5lltxGjbV6pvbO4IfJvlNkhTlw_wxzn9QO37ugvVmodYIIKl_NOB2gR_4NCCx0dKM,Pratham Patel,https://play-lh.googleusercontent.com/a-/AOh14GgYN1TJwxYYlPpRjol-nCGNPAht-mnArh-39fjh,Loved it.,5,0,2.2,2019-01-26 21:31:34,,
gp:AOqpTOEZtnOtXiZVyfFRuIW13lX_IxlXg7pwvDEuv83fTUztD7fHgOjNcLzeoBqABGzgDM5rKZ0LIYsbx70PMgw,Wolfit,https://play-lh.googleusercontent.com/a-/AOh14GjfYC3SFN9fqY_sTZ80PiGj9intyBYeKpjK3H0E,So beautiful icon here..but some top apps still missing like War Robots not in this pack.,5,0,2.2,2019-01-08 09:52:10,,
gp:AOqpTOGPZPIGrRxJl1vJ0YDL8vr8WYmgnd3-ODtAgBqD63uGkW8Z_KiAZGpK8FATxrh2CvVLISQDOcNUQEnMcyI,Max Carter,https://play-lh.googleusercontent.com/a-/AOh14GgPUXSHbHcR0UnbjgoznHiH4jvUtWsfxvKWCPa_qw,"I wish the masking was all dark grey or black, the white makes the masked icons ugly...",3,0,2.2,2018-12-28 23:48:35,,
gp:AOqpTOHuYIIbtuJKUoQrf-PPoPNGc95l6xcqjpK6id1dvqJRh9DIot_SA3oMURVh-l1TKj6mfPNpuBPPN2m5PIc,Lazy Floyd,https://play-lh.googleusercontent.com/a-/AOh14GgPW2wpeitKHhiCYqaJTWsekaYaGetHfZotfDAAmQ,One of the best rectangular icon packs. No matter which icons I tend to try I always come back to this one. Very unique and clean. Keep it up.,5,1,2.2,2018-12-23 00:09:26,,
gp:AOqpTOGEiPSNwou4ldAxOQaldQW1lmvTwH3Jl1TuS0fr4UBjeWFTcpzU2YuyressnchaWk0lBV5fWDIwyXEamg8,Timothy Haritun,https://play-lh.googleusercontent.com/a-/AOh14GgpnDsmMC26kLclFlnfMaFRvp2YJkHUJcy3iiRZ3w,Best icons I've found. Very clean looking. Also love how apps without an icon in the pack are displayed. Their shape and appearance is very close to the themed icons and don't stand out the way they do with other packs. Would highly recommend! Keep up the great work! :),5,2,2.2,2018-12-07 18:49:04,,
gp:AOqpTOEYfulXuG6tn8ICyqfkifIUVyKdHezuo-KbYTPG7_o5j-zA2_B4FD0mu16ELbZAAA0Isd5tsHHQzJ0-Rvw,MAZ S,https://play-lh.googleusercontent.com/a-/AOh14Ghoy3HaiCPYwQk5BoForRpvj0_St42bzESP0qZR,Neat icon. New and clean look to phone. Great job devs👏👏👏,5,0,2.2,2018-11-30 10:09:00,,
gp:AOqpTOGS3eCTStrymq2IlbDkT407QbmqK-c3CbOlM23eNFbiumfWTAHsXlgwA67bwkzxVin4krJQYvbNJuinVHA,Mariraj,https://play-lh.googleusercontent.com/a-/AOh14GgBulfZAjLVSNkVOHq3f89JKAR9gsF4gDGO0C3zPA,Looks ok,3,0,2.2,2018-11-29 00:49:37,,
gp:AOqpTOF6tA_x3aJCabAzQrutBgUuQRvmPMuoWq5YwDPV585Xce9UmXdxKL1JDqXjdmmaEkzVrLhE8RPfYzSi2Os,Andy Marsh,https://play-lh.googleusercontent.com/a-/AOh14GjdcLsoWYuSWG2E9F3edL_UbeqeyAGbvJTiKLwhGw,"Beautiful icons, covering a huge range of apps. Love that the icons ere rectangular rather than the more usual square or circular - very distinctive. Thanks!",5,0,2.2,2018-11-08 02:08:55,,
gp:AOqpTOFehznbtPirBBI9ycrDLptXeGd0Rk3q25zW-ZbIDqD1yniWj1kTGtkfrMiBifDPRyfQGiXmubxt_NwXLHY,Solei,https://play-lh.googleusercontent.com/a-/AOh14GijyJaTOQGMoY1pf5BEAyOGhmOcO-Zmtjv9SqC4_BY,"I really wish this icon pack had a few twins of different colour. Awesome design, but really tired or bright colours. Something pastel or dark with same icons would be just great",5,1,2.2,2018-10-28 19:20:34,,
gp:AOqpTOGN8BLpwfQj89FsVJnV3UxrNwj4SE3YqtkFFHJvt27pUUn4QFkttKwbgORZpEt3pvPwbXdMS_QVpI8vouk,John George,https://play-lh.googleusercontent.com/a-/AOh14Gj9Qi7seQN6YQl5cIRfT4Jg5H9KVHnvb5dcDXuWHw,These make all icons look amazing even if they aren't specifically in the pack. The rectangular shapes give your homescreen a wonderful distinctive look.,5,0,2.2,2018-10-23 07:43:37,,
gp:AOqpTOGqc0y_reXCy0AnDWb7mv83u3cx8KI1_p_NUOvG4EFI3muB7gf6PZPox8TeMJjw_O6PAv0uNn-c_fEFpxM,Cross Bored,https://play-lh.googleusercontent.com/a-/AOh14GhmVW-Mx0wbjRINwya9z92bizRDEfy6RCVps9L9,Just Buy it,5,0,2.2,2018-10-22 02:45:40,,
gp:AOqpTOERD67fmBX_AA-z5jR6BHEvCIHxHc_D9wRTh6BTRxadCOziMx-DV9zFZPW0KDRGUQlgmLNQziPALq2igPI,A Google user,https://play-lh.googleusercontent.com/EGemoI2NTXmTsBVtJqk8jxF9rh8ApRWfsIMQSt2uE4OcpQqbFu7f7NbTK05lx80nuSijCz7sc3a277R67g,Will rate five star if you include icons which I've requested. That would be really cool to know that you listen to requests,4,2,2.2,2018-10-15 11:22:25,,
gp:AOqpTOHCrqJYF9-tWedAtIXJknr7TIRx09CUgElGJFqFN-_U2_LHoXI7sTQ0Wdab2BQQesYYoYFO8nlziYE6fl8,Dexter Cly,https://play-lh.googleusercontent.com/-UXWu5aOijj0/AAAAAAAAAAI/AAAAAAAAAAA/AMZuucmxcaoz8r-lRTKlZk9xdqe1lTVi2g/photo.jpg,"By far, best unique icon design. Just really need some more icons. Can't wait for more updates!",5,0,2.2,2018-10-08 21:34:47,,
gp:AOqpTOHXuoxKcLoDLky5Mv3FL8zstGQRJA-dGDlwSSYB4MiWRYjJqp4nnYUZYXPGPrndpMgI_HFBQiCm6bMe814,Bipin Bedi,https://play-lh.googleusercontent.com/a-/AOh14GgylJfK6LmWnbMeePY88UPB5wEI6gjcrSElohI-3g,"Excellent and unique icon pack, love the shape and design of it. Hope you honor more icons requested by user to make it much better.",5,0,2.2,2018-09-27 19:09:15,,
gp:AOqpTOHhk39yZsIkO8YaMYOuMUQrTRobwUs-UDFaE9TnXCJSVqCHEEGGrVMy1TBtL6C6RnG1UjVFVeuCVjqKe7E,jai prakash,https://play-lh.googleusercontent.com/a-/AOh14GiFK_3vOQ62eb0oVsan8t4HA3U6yGhUs3CmmBL1Ews,Beautiful and wonderful,5,0,2.2,2018-09-27 18:47:19,,
gp:AOqpTOH-bWEZWkuwShS9Ae4GG5DL9AkoVFYSkPq-qOpJqvzsXko_JBcc4LNavFU7E3T6lIZJRjtZzzF8zFeZ5ck,Jason Collins,https://play-lh.googleusercontent.com/a-/AOh14Ghol9QiKa7mmywh9JwVKZV7iVnusBNBJur4sxOQ_WA,Really great icons!,5,0,2.2,2018-09-23 18:35:51,,
gp:AOqpTOEdgORPAGm8t47aoRbPQx9gayXM_57eksQ-P-wC45yBAY0DucaaxcGU8aCvQPjaiXTwPO2LJ67sJDpoOYU,Lucidcharm,https://play-lh.googleusercontent.com/a-/AOh14GgFqSjp3cCqhJR_d86qgMDEtT5OtGiusRRjcTy89A,"I love the uniformity that these icons give to my home screen. Really ties everything together, not unlike a really good rug.",5,10,2.2,2018-09-23 12:32:09,,
gp:AOqpTOFovyrHJvtB32lxvAmzZ_4idwiV2KNsXrG0JlAmxn-rgIajc0vEv6xIjiGPwE8zkUf4x0rk8xP6jYy0Ilk,A Google user,https://play-lh.googleusercontent.com/EGemoI2NTXmTsBVtJqk8jxF9rh8ApRWfsIMQSt2uE4OcpQqbFu7f7NbTK05lx80nuSijCz7sc3a277R67g,Great looking icons. Executed professionally.,5,0,2.2,2018-09-21 20:54:21,,
gp:AOqpTOEAJGeJJxAlMJ1ZmkAESMg_dKGwO1rDJFjR0scqx66wAq2VfHdk0IXx_kVbHkeuVWkaR5ug3OofwLsPXQo,mikail gurgan,https://play-lh.googleusercontent.com/a-/AOh14Gh6XJzNcc-wRPr4nVKABRJHcYzTpGd72JGISUX6fw,Dark icon app,5,0,2.2,2018-09-20 13:01:02,,
gp:AOqpTOFr8sNwzL4VPKkIk63J1uTIpslAv8X9-1S3SRq8sEb8ruy28fENdT5sGX36BGv0nybxgSOe1W--eXfwQH0,Zak Strong,https://play-lh.googleusercontent.com/-jt7qmKR5_rg/AAAAAAAAAAI/AAAAAAAABPQ/AMZuuckgZgRqjP4dMmbAHVr_RBqbCtbV2A/photo.jpg,"Credit where credit is due. Don't often change my icons, but this pack is on point. Beautiful design and robust in number of apps it covers.",5,6,2.2,2018-09-18 18:24:31,,
gp:AOqpTOEE0C60-L4rTQ-Lqwq8gYutIfmk9CgA5UESafu3S3zv62CA5bqdT6KEfN98vrq3zD_BBWB4Bo8cgqFkxyk,J R,https://play-lh.googleusercontent.com/-i_9hXPM0tE0/AAAAAAAAAAI/AAAAAAAAAAA/AMZuuckdRnnAIpr0yRcmdnIol9JbCMMMdA/photo.jpg,The best one,5,0,2.2,2018-09-14 07:59:56,,
gp:AOqpTOHkYklbMFh6nalM1JH5naMSy6jkxuXcwp7kWgNFveGG5AK4V9LSFpoK-4sMZjyLy_oDMikTjjGXf4oML88,mohammed ghandi,https://play-lh.googleusercontent.com/-15Iymtig21U/AAAAAAAAAAI/AAAAAAAAAAA/AMZuuclblQ9HMzGfymhekzdNQx7jo_WWaQ/photo.jpg,Very beautiful Keep up Masking is superb And have a lot icons!!!,5,0,2.2,2018-09-13 08:02:29,,
gp:AOqpTOExZMWhT6DfAkD-iyzpPDDAgVQvk2XAoMi7w9TRCbD0SAWdyamNlg22zwQyAF1zyqEmVyZXFDbpL__vXAQ,Janie Squier,https://play-lh.googleusercontent.com/a-/AOh14Gg7SDFxkhOjHqzfC2_RWsypqPm3TeRWp-yLuf6-jw,It has the look I want! Others are cool (I have a few) but this one is THE ONE! Thank you!,5,0,2.2,2018-09-12 18:15:49,,
gp:AOqpTOH1zb4PGT5zlniCgdBzcxMpKVCE5zjaKnfAibI_-l-praPGCep7CR__yIR81LdLs6ZCUgiBGVH_8d7quLA,Laco Rosulek,https://play-lh.googleusercontent.com/a-/AOh14Ggm-rOHsXvBYxFZ-tZVCW5fMJEZpGdI0rqgjem_WTk,Great icon pack!,5,0,2.2,2018-09-12 06:42:39,,
gp:AOqpTOEL2Kb8i_l2HBLU9zbZhHbTD_0L7rKly_hvOtP382e78Dkyh2imn73Q70t6yiBYHrpwRJcnOsCuloai8M0,TrendTocker,https://play-lh.googleusercontent.com/a-/AOh14GiUrQ-5W2UKd_VTpAGLyG1OmGcG-trC8OuiKarl2g,One look and had to have. Thank you finally for rectangle icons.,5,0,2.2,2018-09-11 17:47:15,,
gp:AOqpTOGf6PjylUazJB43SNqFQdAULpqYhCKAOklU8ZKm9bKKlAKhDqHmbJiEC0Yxcj-27gUr9gxLXYHwIy-YJ2s,Lourdes,https://play-lh.googleusercontent.com/a-/AOh14Ggc_mnElDeXdV99MQns4VUk_GxQeWATDlA5IRam7Ow,Very nice 👍,5,0,2.2,2018-09-11 10:01:23,,
gp:AOqpTOFrs39LnBHN9of4UDsaStwlwu9_52wPz8PCTNCK9NhOq-llfq3Uq88O9VL2kUqZUeO-nHjMpWZcsUhyFkU,Toni B.,https://play-lh.googleusercontent.com/a-/AOh14GiYbu_hg8W1qh7LQBayneiAk3GMfDtaN2fB25HC8w,Nice & Clean..,5,0,2.2,2018-09-11 09:21:32,,
gp:AOqpTOEf6uTuYGedjS7A6Vcdk91L0nZUK88jc-vaZUgoDkcZbKEwOV4gcod6HlJPYO-iVWh3G397pyIV1yHAcb8,A Google user,https://play-lh.googleusercontent.com/EGemoI2NTXmTsBVtJqk8jxF9rh8ApRWfsIMQSt2uE4OcpQqbFu7f7NbTK05lx80nuSijCz7sc3a277R67g,I move around with these packs a lot. I stopped after I got this one. A keeper.,5,1,2.2,2018-08-22 06:17:13,,
gp:AOqpTOFaEUL7J9NicsjWu3PCM6AtQMUWeTLid0Nri4kXhkbsBWRsnY4JPhsvJh6eW-K8pSPGByVzmHP5A-1pBt8,Andree Sastra,https://play-lh.googleusercontent.com/a-/AOh14Ghj05NdHDyOTr3SMQAJvum7osnoCIHZOOAoCVyAWQ,Keren.. ga nyesel beli ini icon,5,0,2.1,2018-08-22 04:26:07,,
gp:AOqpTOHMRe59GoHuVx7B8K4mooZPThZLc1GGFKs0B9cDA4rYSV0fE6Kd8lEIF4HyoW-TCN-6VcAb32bENunKAXY,hi hello,https://play-lh.googleusercontent.com/a-/AOh14GhHZnBbZsdaHRfGt5ETy5Mx6ySB6opaYGlbKz97Fw,Beautiful 💕,5,0,2.2,2018-08-21 15:52:11,,
gp:AOqpTOFx6Z9DkjImPCdzNq4Q1J9aQNy9uU2IQzPEuDsHa42EEf6UlBMtheVF9K6_ox0kaFizfkyq5E2RnfCIEvI,Edo Meitanama,https://play-lh.googleusercontent.com/a-/AOh14GiUUXLNzQp5yT_6C52mt-UbWcy_Uns1-9Drq7YHZQ,Stylish and different than another,5,0,2.1,2018-08-11 14:25:20,,
gp:AOqpTOFUsFNw5CDsw5-NoRLJrwZ8SsyHKqsl7JZHAU7BVT8tN1LtTMv_x4m58uL96Cq9Y9ttPw7Kd8FjKRs1k18,Brian C.,https://play-lh.googleusercontent.com/a-/AOh14GiiQSCWyfznLYkJJ1QSWqEnB0QzKHukAWgM6WcsnGg,"Beautifully crafted rectangular Icons with vibrant colors. Keep the updates 
coming. 5 stars.",5,0,2.1,2018-08-10 08:23:31,,
gp:AOqpTOG334P-OgOvE1ywSw3-26oSMmyMkKhCGdiwfJpho1MI4snwpsY3q3F3rHoZt80p1Lr92rZcbo7oRgtMMLY,Mohamad Izham Zainal Abidin,https://play-lh.googleusercontent.com/a-/AOh14GhZipr4MjO1QRixqwaHXshb592ypqSCWaFusTPLEg,"The best icon pack there is out here in Play Store. Forget those irregular 
shaped icons, forget those irregular sized icons, and get this instead! I 
admit, I used the *cough* version before this but the icons are so damn 
good looking, plus the *ehem* discount, I ended up buying it. Keep it up 
dev. More icons please!",5,0,2.1,2018-08-09 07:21:11,,
gp:AOqpTOF4kfzGnFtrSDI6Iy2NNqE_mKNt83fscOopEQBTK2fPv0nIbXa9_7LWhIDQenjChkPYkmpmoNEQGnqZlOI,Sangramsingh Chauhan,https://play-lh.googleusercontent.com/a-/AOh14GhQ82dAq8Z1M_0n0nEuUz2cs4S0VyEO6l9dM001Hg,"Clean, amazing designs! Great work!",5,0,1.2.1,2018-07-27 06:59:03,,
gp:AOqpTOFbVykZ0gT49g1F8pAgx0yb_3qGarh3hFwUYWZxS_o75xnGIR87RFmnIBYVQbOL9AFf7cSCHfY_SSjYAAg,Carlos Chaires,https://play-lh.googleusercontent.com/a-/AOh14GheCL90yxyh8i-0Jjr4PX0SP-tcXQfPOnKhNx1RAto,"OMG I thought that there's no more updates for this icon pack, I'm so happy 
for the new update",5,2,2.1,2018-07-26 23:12:55,,
gp:AOqpTOEXdTXrl_L5piEXJMH921SDFnF37rsW_nQFkRQQlwuQmC9Cz13_ijDYj2OMV_gfx6OYK_iJD3ludkzj8LY,Boiling Diet Coke,https://play-lh.googleusercontent.com/a-/AOh14Gg6GJQSl7zEm8h60AKvb_ayZwvVbs7OlvtGbCL96A,Love rectangles!,5,0,1.2.1,2018-07-08 20:23:31,,
gp:AOqpTOEzZX8L4_7YtmP4fM-LretJ4357x0UyDscTQ5Ex8XuqU-kBzTypCpJrGAa-HOXVZiLC1OGqYBcgoNYLX-Y,ARC OF TRANCE,https://play-lh.googleusercontent.com/a-/AOh14GgpxD97ihMTaP9jzIO4xlYdiY7UIQCXK-_-0KAyCw,"I like this but the masking has white edges on some icons which looks 
unfinished and very distracting.",3,1,1.2.1,2018-07-06 06:40:43,,
gp:AOqpTOHh7fmoKvhtpL0UYe8vO79qt1eBbaVvhq-n9QgSHoWuCfPtBBRawS3JUpqwqNeQ4U3eP77uetccb-Hxgug,Saif Abbas,https://play-lh.googleusercontent.com/a-/AOh14GhJgEOquQ3wYviyhfiziKTFBtJsaDzg7t0bVCj_DQ,"I already sent requsert for missing icons but till now ... no one relpay or 
confirmed... thanks",3,0,1.2.1,2018-06-28 00:11:06,,
gp:AOqpTOGjaVQp-EDqL81coXGp_RHhPaujdGc4dNgxrOIP-M7Kl-Myojgub04giU06sPuEAV_Md1ya6eZv7UeubxQ,John Avi,https://play-lh.googleusercontent.com/a-/AOh14GgBvBvrfyBNefXCiJMKqGmysNN-MJDW_sasr_Sv1m4,"These are really good looking. Got them running on the Note 8. Absolutely 
impressed and highly recommend them to anyone. Hats off to the developer.",5,1,1.2.1,2018-06-04 20:36:55,,
gp:AOqpTOHaSzUq31o_IvBYsckHmE9O-4MJ6NaooRtHSQipkNHWtmgRESq3IneoRAsJLj4gKWDimJTqP2Pj_p8XkgE,Rex,https://play-lh.googleusercontent.com/a-/AOh14GguxTkCJfkqbaAP_BglJtf_m93IOhq_kwo5ybX54A,Please add support for microsoft launcher,4,0,1.2.1,2018-05-21 13:49:15,,
gp:AOqpTOGzkKRYBNdqsETisHBT2zrdHWALHn-epzhfsOP30R25vemdzdgAypsoqBzpdRmsPvPRlkRaa-tBE388syQ,Andy Roper,https://play-lh.googleusercontent.com/a-/AOh14Gjzkh6mOL1rA3jkC6ewABtTpV8xs9BL4swzvAeYgQ,These are the best icons I've ever used.,5,0,1.2.1,2018-05-11 01:46:56,,
gp:AOqpTOFjXRJLwzVBUO9Jhp9rYOLqcrJ8rRwC7mjD9cEZ2ThK8gwKDCRazoqeL_FC40fexg0XzTmi_-o2B4glNs0,Son Tran Quang,https://play-lh.googleusercontent.com/a-/AOh14GggYdQh7HBuVVkkfRnNbqz8hIJjA4mDKV3LMANxgg,Please update.,5,0,1.2.1,2018-05-08 23:47:52,,
gp:AOqpTOHIs7jaH6Lkjhm0VxWWCHMfcbuBTBk0weNo72mAC_KnltkWa8NBwsY_AIGvtdhB7A2PuwIicq-MQlZZm_0,Simon Read,https://play-lh.googleusercontent.com/a-/AOh14GhAmGYfO4sjw_BUX0h_PfoU3v2-wkXw6sGnXaXxyw,Very nice needs updating though,5,0,,2018-05-01 13:28:40,,
gp:AOqpTOGxu9e7ywP8g1J8E97I8-x30WqSmq3UfvCH6m-oWRmg-v0XxK2_9nNJ7Ja9u_yyK_lCRL_XtlCycn1pO98,Eshwar,https://play-lh.googleusercontent.com/a-/AOh14GicONunsRCMxkiOSCS7wc8iVNqhYOQDot_gBTFdoA,Nice icon packs,5,0,1.2.1,2018-04-27 06:22:44,,
gp:AOqpTOEpVPYQ9SaxHtUeieC6xpn11w9ZMBqfa_6SarKEXtaOotNZP0zwexDpmrIdzmMhS1W_HOBNh9dyoNNIAcQ,Corey Hedden,https://play-lh.googleusercontent.com/a-/AOh14Gga5_NOvNzPmebgU9kCRz4Imxt7_6l4NPHNy4Qk,Great,5,1,1.2.1,2018-04-18 22:38:09,,
gp:AOqpTOEuBG10SPjgvo9XyZt6lBuKt7b4tlrUvaiVTafInictM8d1-oGKv0bftmbqxdp28tRuySXyx2LnDv8__uM,Bryan B,https://play-lh.googleusercontent.com/a-/AOh14GjCyTmkwYvOD_7j2JtG9WBcbbsG2nByvJCwoTU8iDQ,Beautiful! Just beautiful! Is now my favorite icon pack!,5,0,1.2.1,2018-04-17 06:49:44,,
gp:AOqpTOHs_HkQe3g31P0KHS6BGYCOEqDA_Hx6HrN-Lptzd88yHcNKDmAgf5PHJU-YpzAvz5Gj4TADCGuncXgw4_c,STAGGERLEE,https://play-lh.googleusercontent.com/a-/AOh14GjFOvHDm9MRCT-RRa7xWf0Jvs2jzGfsR3OBJxBhwU8,"The sign of a great icon pack is the mask. If you can't tell the masked from the others then IT'S GOOOOOOD! AND THIS IS VVV GOOD! I wasn't expecting much for some reason (I've loads more by him, & rotate them) IDKY, anyway I recommend it 💯 % He sticks by his work. Some I've had a couple of years minimum and still have regular updates! Arguably the best Artist in the icons field....",5,34,1.2.1,2018-04-07 09:09:30,,
gp:AOqpTOHdqKjBwP0Co_FXvEVDl-0yl4nf1fiMEFq0ngMKxmQOoLy0mEW_kgb1yVnXRyBm2DlDQLDBaGqrbfzYsbY,s.p prateek,https://play-lh.googleusercontent.com/a-/AOh14Gjj3fHOxxFQfcgVMqLGUfy5amqQ750wjXfFxi7BlQ,Make it supported for miui launcher,3,0,1.2.1,2018-04-05 06:04:34,,
gp:AOqpTOHfgf27rkAeKdlbug1bMJVCAbUmWz2aIen52ps4NeD27Nn1c6QeJmFS4gBY187WxumqOlrd0Y1db808Mes,acornsrus,https://play-lh.googleusercontent.com/a-/AOh14Gg5Z3TPZKDu2VSQ9m54nq6M3V4E3IR2Q2wUubWE3A,Great set of icons. I like a more professional looking screen and these icons give me just that. Only minor suggestion would be to offer different VLC and Instagram designed icons - I'm not huge on the designs as is but that's just my personal preference.,4,0,1.2.1,2018-03-30 23:07:28,,
gp:AOqpTOES9YBQcZE9Y1y5LM8mPcTPrYJKmaCtCzTBH_sSvbN8dyQ4RBb_pEfkAg47DTmaixwlbPEg90fv1CTt1vE,Brittany Holland,https://play-lh.googleusercontent.com/-HjPBDbRNyfk/AAAAAAAAAAI/AAAAAAAAAAA/AMZuucm0YyBYVpdwJw-zCHoa5iedtbVOGQ/photo.jpg,"Out of all the icon packs I've downloaded/paid for over the past year and a half or so, hands down this is absolutely my favorite. Clean, perfect, and beautiful. Cannot show enough love for this pack - even unthemed icons fit in well enough. Keep up the great work!",5,12,1.2.1,2018-03-10 15:15:31,,
gp:AOqpTOFaEuJOICu5t_yFaOzvZ9OaMiYfFgv9Cvt5hrIgIB76GPwgE0gAcUYxGmdqWPp7Z6o6LOUbQbunbrAmsR8,Jordan Siemering,https://play-lh.googleusercontent.com/a-/AOh14GiRz5FEkQdfWzPYT1KrTNVsE6QdPOyQt8ym0mtVG_c,"I really like the unique look and style in this pack. If it continues to get regular updates, and the few (maybe 1/8 of my apps) that are unthemed get done, I will update my review to 5 stars.",4,0,1.2.1,2018-02-26 20:28:22,,
gp:AOqpTOHDHsWu1xpjCefe-LcbcCWZzkzW7STabSD-REnvD8USuB1jb6XWk58Ux10wYazR8zmeUwC-5XfX5PNa_cg,Jim McDonald,https://play-lh.googleusercontent.com/a-/AOh14GgtOko0qFHuOalRHW7reziFksK50QtHG5Cdr4E2ZQ,This is my new favorite icon pack. Well done!!,5,0,1.2.1,2018-02-23 21:29:30,,
gp:AOqpTOForKNU7Ms1dQoq3lWoKnOIebF9x05N6HYBEeeUgm28jIfXWnHb5_bFI4RerJt9Xc8f1ybucLocWU2tqcA,Amber,https://play-lh.googleusercontent.com/a-/AOh14GiQkwyB_40rHYYuDWgpvnBhCVUU3zZsMGowWhlE1Q,"Best rectangle pack out there! I have tried the others, such as Celandia, but they all have distorted edges, but not this one. This pack is clean, perfect, and the colors are vibrant. Fantastic job! Edit: Simplicons also looks stunning, I can't wait to try that one out. Instead of putting out multiple packs quickly, this developer makes quality packs and takes the time to refine them into perfection.",5,27,1.2.1,2018-02-19 16:12:27,,
gp:AOqpTOFpXCfmrRaZRYop0CExigsbusDJi4qKaIvAY7RUqIKRZE1KaStFcRHCoTeByg2L0k-mvRJpmHPkkKpHTjQ,Tahir Mehmood,https://play-lh.googleusercontent.com/a-/AOh14Gh6oQ12NVZxFHDeKFwh1OgHadW0z42mn6FeEtKNng,Good app,5,0,1.2.1,2018-02-18 10:26:10,,
gp:AOqpTOHgud30POYTpp-fkYpFyr4-JvKUfbHKOifBBHqSsxcH3lX140RqBfHcjkIcva5nUjRKwcMVntyA1C73Irw,Rizz benjie Chiew,https://play-lh.googleusercontent.com/a-/AOh14Gjh8Jqj2RO9PkO-nO7EjI0foPywq5HCUXU1KKsQHQ,Loving this icons. So much tnx. ❤❤❤,5,0,1.2.1,2018-02-16 23:53:43,,
gp:AOqpTOEGen3rSqn4RJIAB0dZ7Y5gpATh3-yMkcrOxpHO0WSO8CzQmt8qBlVcdWcHKkNax7cKHjITw2IdQ0TKZtM,Kacio Bismark,https://play-lh.googleusercontent.com/-XhA3ho026OU/AAAAAAAAAAI/AAAAAAAAAAA/AMZuucnQrH8MAk2f9axfkdcqgAeqr-PQeg/photo.jpg,Amazing icon pack,5,0,1.2.1,2018-02-16 16:42:27,,
gp:AOqpTOFpl3OGrKtQG3ppNpe8tRWe6wZtX96TrhaHGJhpx5eepfE3V_8cKZAhdUwx_CmaXHIRjOwGCfPz4F0sz5s,Mohammad Zahurul Haque,https://play-lh.googleusercontent.com/a-/AOh14GjfpU97svgOMQt-WZUxk7Pbdc4XiJUuRHCQSjhS,Awesome! Just Amazing!,5,0,,2018-02-16 08:19:09,,
gp:AOqpTOHEm_tsSedCovxXUQxn3LKSRy7P2C5GapPbpzZ3JAtyohoUaFRMw_hzfQh2Mmo97TPv2oxIG6IWdNGQTyw,Siapa Dia,https://play-lh.googleusercontent.com/a-/AOh14GiwaMT-dHhSFT4aIFfcq_XzQ-DtwnTqkRAbBWv3,Please update regularly,5,0,,2018-02-09 06:47:13,,
gp:AOqpTOH2ju4NIsdsuIt7Z8pjbs77YnYl7nFX_yIv4uNJpAV6ylL13dTJiPIlX3Omfjr8xigWLs24gM3dVOAWMCc,A Google user,https://play-lh.googleusercontent.com/EGemoI2NTXmTsBVtJqk8jxF9rh8ApRWfsIMQSt2uE4OcpQqbFu7f7NbTK05lx80nuSijCz7sc3a277R67g,"Cool, Please update.",5,6,1.2.1,2018-02-05 22:18:13,,
gp:AOqpTOF7eFi4JbfM9SRN8HDhFk1HofEGzrXPg5_d3seNrgdtJjfyopNJPr5eEUszpcM9YdK06Ck5pSkgz9c_fyI,Arun Kumar,https://play-lh.googleusercontent.com/a-/AOh14GjTQnEAtZh1mo8sT7Ete0Lhzl4xG_9uKsL8jCLDPg,Amazing...using it from day 1 of installing.,5,0,1.1.1,2018-01-05 07:54:46,,
gp:AOqpTOFEn2iyrPGShwowgK2QsW3lBRWDZ1EVzfUrK2iwlN74T4W8Bt_2tJFsj1ZomcJpWWRiSU0OXtmr54JEJlQ,Denise Ann Villamor,https://play-lh.googleusercontent.com/a-/AOh14Gh_0rNvS4uZ2x-DMS3xcBCfHNbrGL3OCi8ZOjvXiw,"Love this app. Art is simple but wonderful, I love how this icon pack makes my phone unique. Thanks for all your hard work, you are doing very well 💖",5,12,1.1.1,2017-12-23 07:39:45,,
gp:AOqpTOFIEJA8WMiOK4_6-BDAyHznXmAswmhqVJxKbhVXkOZcp65wn0PqA5ShQRr7Kx4DBQSgO8d1WtuDIf3MdIA,Aman Gowalkar,https://play-lh.googleusercontent.com/a-/AOh14GgZFmD74pLjSKbGqiy8BdCry2hdeNHaNRdga27IO7g,One of favourite icon pack with an amazing rectangle concept,5,0,1.0,2017-12-18 11:48:42,,
gp:AOqpTOFAanSAjAzu9RHcmZPwIDYrszPGQWmd3arZsm13H2xLlhZP88rgEwU4JdenwFLQZLqBX7hM4c88Mqg3OnA,Michael Evangelou,https://play-lh.googleusercontent.com/a-/AOh14Gg02lmmwkjEDEgTVF83L7hL7bCXy5jaQfo0DXZP,Excellent. Simplistic yet sufficient. Wonderful art. Thank you,5,7,1.1.1,2017-12-07 10:56:00,,
gp:AOqpTOGMiCywPOWSx2BSjpJM_tEckSHkSvnx8_LbuWpSQwKrcPGsx2N3r1Y4BHVhTL5ci9MGN4BAjFPrxsbsx5E,A Google user,https://play-lh.googleusercontent.com/EGemoI2NTXmTsBVtJqk8jxF9rh8ApRWfsIMQSt2uE4OcpQqbFu7f7NbTK05lx80nuSijCz7sc3a277R67g,Not my kind of icons. Good selection though.,3,0,,2017-12-05 13:21:45,,
gp:AOqpTOG5WYDbXIg4A1dtuN-wen3QqpnlPVSmf8AJudC0OItA0bnkhjh5T2f8ivSGOD1bxMlpil_muO3asp5pWU8,Chetan,https://play-lh.googleusercontent.com/a-/AOh14Gh3HwXqpipNVJEdJyUbO8LFZX1ji-f5LmEj0rId38g,👌👌👌👌👌👌👌👌👌👌,5,0,1.0,2017-12-03 03:54:40,,
gp:AOqpTOGBtXsLNMIi4M-fhtdsNVektMwhBOs88-X3TbB4JLr-HtzPzsRgRxdjcItfS686unQgtozZn06ZxDPBEB0,Purchase Udani,https://play-lh.googleusercontent.com/-0QE5UlfXQU4/AAAAAAAAAAI/AAAAAAAAAAA/AMZuucm6owMbZi67LREtktBTpcg_XlRAXA/photo.jpg,A very good and different icon pack. Love most of the icon packs of the developer,5,0,1.0,2017-11-30 21:18:47,,
gp:AOqpTOGZRcFMLk1q9j6uA6hDf99pjCssHVzRX-q-r_2rXifliipg7WmvzFZZyy--kwYuSiX3t-XutJHX75iqp00,Vladimir Kraus,https://play-lh.googleusercontent.com/a-/AOh14GivRSZSKiklkNxb8ZQTStnqJIXZTfFymBFWNr7z,Very elegant.,5,0,1.0,2017-11-18 06:56:37,,
gp:AOqpTOFV-KFAQAWL6BC26IIfd7HNDLFZU2chscSTrp0Uu5Hhx6A8I6CiMn2QKUXs4wbd4wL7ptZwAqvLODz0hHo,Richard Olivas,https://play-lh.googleusercontent.com/a-/AOh14GiCOMeY9Ex_kz_pua-Yzo1-qiSnu0fcp1yJ3unYNgU,Looking good!  I hope there are updates coming soon for more icons!,4,0,1.0,2017-11-14 08:07:17,,
gp:AOqpTOHcQz6HRliK9s42nIOnuXx_6eBTQ022nD_ZNNTWCiTxPQ3OwPa4SiSG1PzVr-DY6o2cRblSIXVNxKxfAHA,Nishant Verma,https://play-lh.googleusercontent.com/a-/AOh14GhwRd3ovwsbQhjPUwHBdCW_CiQ_bSeoLmeGZWIN_3o,All of your icon packs are wonderful and I use all of them periodically but minimalist round icon pack are still the best and now I'm waiting for your oreo icon pack to launch thanks keep it up..,5,0,,2017-11-12 06:02:44,,
gp:AOqpTOEBnI8SpKB-H7waf3_itZek1d19IFF1W-MGcijTEMCjBmybg1urSSig-jyiPYvwE5pAV7uG1P79U9P2ycc,Surya Narayanan,https://play-lh.googleusercontent.com/a-/AOh14GhlC74qFS0zpdJXZ1lA-4LNcflLUxS29iwF5bEIAw,Just Beautiful !!,5,13,1.1.1,2017-11-10 10:11:49,,
gp:AOqpTOG-2nhmbzvh50GhdFkh9JQsj5uu-j_FApJiqzLa769zpCLk-7oqB6E3Uz1pQbk9LvalglGdge0dnqfL7Xw,Kunal Patra,https://play-lh.googleusercontent.com/a-/AOh14Gh3COILk5IgVXzToTaxBMfWH76l_OupDIvMWCOjsQ,Amazing. You are awesome! 👍😎,5,7,1.1.1,2017-11-08 20:25:16,,
gp:AOqpTOEtpBUi2GW-IsB3Eqc6KhJSKr941qENd-dODjBAh5hXSQHuSNcJD2_j1KxOjnYHEPapSMqQhzC5XKftpck,Benedictus Arya,https://play-lh.googleusercontent.com/a-/AOh14GjdCkWeg45nBv9QoBElRRIRIas77jGlVXDa_AoO0Q,Really love this icons set,5,0,1.0,2017-11-04 03:30:59,,
gp:AOqpTOEVEMgtepniyU_n0uh3EvA7ZDvrKrY6SZ5XE_1E54WLArW-BdN8huGn4KRs5y_ee6VI06FGgHvvB8MkILk,Nathan Batte,https://play-lh.googleusercontent.com/a-/AOh14GigzoRR7Y2xxiR9hnkry3HLntZqHLjNXC09IHq_,Best pack I've come across... The attention to detail is truly amazing!,5,0,1.0,2017-11-01 09:45:49,,
gp:AOqpTOFBxuvko7tnXFLHXc0WPyysVNX06sdzU0nh0JwegfW-FBA_9Q_wMko916IRq4LnONGMwnCo5c1IebxO2XI,Luv Tech,https://play-lh.googleusercontent.com/-cFLAM_jEqPY/AAAAAAAAAAI/AAAAAAAAAAA/AMZuucmkNja8eKkj0vWFbjyadQZTjBUEsw/photo.jpg,Most awesome icon pack,5,0,1.0,2017-10-31 08:15:53,,
gp:AOqpTOEaGX85Kf2bw-xxnZh6YMnxtMSK7WTtO7l6rBWokPfu5IA9-F_7EhMRPwhycQLMMR5o5-L2pd_5HjKMyFI,Kunal Raut,https://play-lh.googleusercontent.com/a-/AOh14Giq2yVns9zFEjDICGeyOaU4H-Sc58TNY1bVCJ3YUw,"Love it, thank you for making such a great icon pack.",5,0,1.0,2017-10-30 01:17:02,,
gp:AOqpTOHwbhiPLZn9cV2eh1G_8zTij9QcIQPH9OF7PVwC0poaWFieboRnm7hNY6AAgvYQLuSA9qbEIs9YoVTWgV8,Patrice Paradis,https://play-lh.googleusercontent.com/a-/AOh14GjYac0tq91aWaJdHl5GM29FGqIqrJ7Kp3aJiYya,Fantastic looking icons! Very bright and colorful and unique looking design.,5,0,1.0,2017-10-29 15:38:12,,
gp:AOqpTOFcj4LxCJ-1nFLtK6aO0rt1x84Y8_UOkFoxd33qBo4HgqrIWpVOuaxMWzpRJ5QZhFOUdVFUVuT_O2WpGvA,A Google user,https://play-lh.googleusercontent.com/EGemoI2NTXmTsBVtJqk8jxF9rh8ApRWfsIMQSt2uE4OcpQqbFu7f7NbTK05lx80nuSijCz7sc3a277R67g,"Really like how the icons look on my phone (LG V20). The Developer, in my opinion, did a great job in creating these.",5,2,1.0,2017-10-28 14:54:44,,
gp:AOqpTOHy3lqStE1QVGeR0_8WxwvjqsIM3rmgCAQKSFlksbGcUDnWyk5qsTMoDZAst-jE5IK2hALdmKbbUw-58mk,M4HESH,https://play-lh.googleusercontent.com/a-/AOh14GhzDAOdxtFuEoxyZ1ZmYNxMFSGUQKf1fmF-vhwrrAY,"Excellent detail, creative icon pack with many minimalistic wallpapers, you've excellent taste in wallpapers and icon making, hope this is not copied work from others like 'Minimalistic icon pack' from 'Simpax'.",5,0,1.0,2017-10-28 13:06:51,,
gp:AOqpTOGu7cNajt-EtquuAsgy1VwXlA0OR8cJwMQC5yUeYgLwG2STaeM3tz0gnyxrHRUidcGre-tcZlzFYBdCmr4,A Google user,https://play-lh.googleusercontent.com/EGemoI2NTXmTsBVtJqk8jxF9rh8ApRWfsIMQSt2uE4OcpQqbFu7f7NbTK05lx80nuSijCz7sc3a277R67g,Nice icons. However I've noticed that the Premier League app shows the Three mobile logo!?,4,0,1.0,2017-10-28 05:00:57,,
gp:AOqpTOFoqc5ooyAWXSDr9rdZNvTETcIyvdDIOSAkdhxawbR5XjFAaGmgrh1qjfAdL-GBFPMO_KneTpUJ4paRda8,A Google user,https://play-lh.googleusercontent.com/EGemoI2NTXmTsBVtJqk8jxF9rh8ApRWfsIMQSt2uE4OcpQqbFu7f7NbTK05lx80nuSijCz7sc3a277R67g,Plain wicked good,4,0,1.0,2017-10-27 19:08:08,,
gp:AOqpTOFHWLACy4hE-uh1tsCeBC0UCGoyalewfyWwNGzrcSd1iGQWKhb6BGx1zHHXAsYjIVodNX1gFHmrVmsQLlw,Yasir Mohammed,https://play-lh.googleusercontent.com/-rB3_nZvfoZE/AAAAAAAAAAI/AAAAAAAAAAA/AMZuucmMzdUXZ7Nxwlmzrph6kOSPwT0__Q/photo.jpg,Awesome love it especially for windows phone users.,5,0,1.0,2017-10-27 13:05:22,,
gp:AOqpTOGP0CITDCfbG1kEkKPOB3KJll_eWTTfX3U2zccF_5LE7mNlXbkjA5y9szIicZAS8h2iMebI-srnIh7PUig,Amr Elsherbeny,https://play-lh.googleusercontent.com/a-/AOh14Gh7Lnu8xqwzbYtozGBpE2mdjF7FuxwklweYbRt8Pw,Awesome,5,0,1.0,2017-10-27 06:36:57,,
gp:AOqpTOEESrGwlS9exPSK4QdQxeT6VeQ14_vNmmKfujFSNqqGVIl2E_cZCznghJ6kQhEIck8IgMqdEpRGiZtvWCI,Anh Lam,https://play-lh.googleusercontent.com/-sr4OHi05j-I/AAAAAAAAAAI/AAAAAAAAAAA/AMZuucncD08kBkVxQLnqOKyMhGYaX0AwGA/photo.jpg,thanks for free.,5,0,,2017-10-27 03:46:36,,
gp:AOqpTOHmebzEkjY6nCQSqy-0rUUF3-4cYmBpw59SXw1FQWOEslwGy1jeg2Lrvf_XKYwzx1MSJ_QfRen-n9HaTg0,Masaoka Taro,https://play-lh.googleusercontent.com/a-/AOh14GjQ_VGWmIsd2fu3V2bevSRK959gIJL8K2jy8tWeSCk,I'd be happy if u add more icon! Beautiful icons.,5,0,1.0,2017-10-25 22:34:30,,
gp:AOqpTOHj-036iOTXftIAoGsQzX4HPFjhSkCnU8q3XVwCG2jUX3ql4XRYobWhzGveBknGw9e8XPFYxAVpZ3cqKGM,Rodger Bird,https://play-lh.googleusercontent.com/-XrDtdaeTVkU/AAAAAAAAAAI/AAAAAAAAAAA/AMZuucl8SlRc-7luYsGEZkQgjHFHeLMkpA/photo.jpg,"If you are looking for rectangular shaped icons, this is the best icon pack I have found.",5,0,,2017-10-25 14:45:21,,
gp:AOqpTOFkCc-bP91hDZqaeVUwI5fAa4pcgqe-DzLyr0UjAqcbsUO7poSYm_ZEkzBtkl7SS6kP8J8K17V0_wxXAsg,Kartik Rao,https://play-lh.googleusercontent.com/a-/AOh14GjsobQZ-dnJYeWTevhgUFyl1MPh3hY8I220WUrz5w,One of the best icon themes on play store. Gives new life to your device.,5,0,1.0,2017-10-25 07:09:04,,
gp:AOqpTOEikmP8GtcHqnd2kFFtDa4ORnG1W8FedmjsWdePR-MMa8yHZRZa1d_xAa-iwIly3aL9TPlsQ-EQDruCDhM,A Google user,https://play-lh.googleusercontent.com/EGemoI2NTXmTsBVtJqk8jxF9rh8ApRWfsIMQSt2uE4OcpQqbFu7f7NbTK05lx80nuSijCz7sc3a277R67g,Get Rect Son! Rectus! Dominus!,5,0,,2017-10-24 13:03:34,,
gp:AOqpTOFIitkzXuKPhp-k9lGUZuauycqkH4fzVpmR-1NZPNk2p3zbrFS4NVNZyOkJw0fg4pqj-thrWaF2z8gZyuU,Devesh,https://play-lh.googleusercontent.com/a-/AOh14Ghlp_ASeMx3QlDlKdGhYMvXgUJGUaoUVJfcREW2_0k,Superb icons 🤘,5,0,1.0,2017-10-24 03:25:17,,
gp:AOqpTOGewk9zIMjfzkcDP6DY9eJvtcm_-yzaJ8a7r38FvLdBdK6X5FUpWdsS_TX2YZN4ayULB928RyHYv5lehE4,Fakhri Ahmad,https://play-lh.googleusercontent.com/a-/AOh14Gj1sTPc98s-f9PEKNebjx0HNHDWm5IDBmrkwoZPMQ,"Nice icons, very understated but the rectangular shape makes it look different than others. Great job",5,0,1.0,2017-10-23 22:36:10,,
gp:AOqpTOHjxUO32a_VC7g6D3hn1BEUBh8kOahBvpNKmfbF78lGTwZtmQqPnQqkuPxoMj8yvjNNBB5lmCNHo5eg9dw,Murkle Q.,https://play-lh.googleusercontent.com/a-/AOh14Giqc2YMYQldb2jskLxqHilCFHRAar8ZbXgrgtEWumE,Great icons but missing a lot. Will update review upon next app updates,4,0,1.0,2017-10-23 14:49:26,,
gp:AOqpTOEwEWGIlSsc3SVMjTZJ-pDklPalIFtN5R7rNo-DIuTxWR2cEcXW74qnX4VLpSz64Pat_83tEAOE1NHZIE8,Matt Smith,https://play-lh.googleusercontent.com/a-/AOh14GikBFPoFA31qmeI_zpTOOUg6OotwhOAxLDpThvhyw,Not bad at all,5,0,1.0,2017-10-23 12:04:51,,
gp:AOqpTOF6HkvyCx4vgHpSfQpc64WHvrMz0JHLvSuqeOx1ZOJUDc5ku2D6ZeZRrHojiof5azFJK5VjqzWmQE5LP2Q,gadget infoz,https://play-lh.googleusercontent.com/a-/AOh14GgON2yCAXtWHI-bZp2XV7H_-vcMNWB_Ce2VXhsB8A,Best of luck to you bro,5,0,,2017-10-23 07:51:21,,
gp:AOqpTOG6smfAMzrRglc2aiGJ4jQ6ws08EdPeUOoIAR9G8qyomY2sV_PwWLStJsp7GIGJywJx2qtE0UK_T-y1vqk,Jan Atallah Shafiq Kuttab,https://play-lh.googleusercontent.com/a-/AOh14GgOOrvRr5j7TvuZKDb9rOijJNAdmS2jzxy_A-xZWA,Looks awesome! Sent some icon requests and hope they come with new updates! But the icon pack is definitely worth it!,5,5,1.0,2017-10-23 02:04:46,,
gp:AOqpTOFjCVlILCzIvF37lsc3xgv1PgULNTRXPd1KvzBHb5xgfGLuOFnOIDaR2_S3bags0WWMyW5kqC_fXY_K4LU,Dominic Feliciano,https://play-lh.googleusercontent.com/a-/AOh14Ghrl_nWyEPen1-4bsZpxbbkOiKB4rzgYYPJkhFEVQ,Cool. Clean. Formal. I love it!,5,0,1.0,2017-10-22 23:46:30,,
gp:AOqpTOF9L04mVwrH4PQyuIUN0xvMwLE9gFgwuZ256ljVHzYHJh7czSM9Xc6dNihAyFZNjLqXjACCeNIYlCnhTQ4,Brendon D'Paula,https://play-lh.googleusercontent.com/a-/AOh14GiS1at26ry-MnPvlsu-ohrkvK3BcqrBBePIkTIHdw,Really well designed app. Loved it!,5,0,1.0,2017-10-22 21:07:51,,
gp:AOqpTOHIsyKPawTSECPn-UzB8YPq264OkP0-yxSFabQoqbfKcx9_OdzQr6_zwIHyfkb6Vr4jDjfoHTtCEUSvzrU,Raul Aguilar,https://play-lh.googleusercontent.com/a-/AOh14GgGAd9a-ySB79lXCv0OjUgCLMZMiTVHowm13pA,"Awesome looking icons, looking forward to future updates.",5,0,1.0,2017-10-22 11:22:34,,
gp:AOqpTOG5dF04aUFeDrJmaQ1v8MlW45zh8wWRucw7mUV6-0hJchPfDu89s-oO4s2A5mIiAKyeByWnCuQBM-c2y-s,Steven Hindmarch,https://play-lh.googleusercontent.com/a-/AOh14Gi3sMmlyZYgHUypK0K24_Yp37gPNEaCilbajwVB60c,"Truly outstanding icon pack! Plus the best masking of unthemed icons, I have ever seen! *****",5,0,1.0,2017-10-22 10:37:04,,
gp:AOqpTOFKrLXz1nytTuLvhIBM4uc7LwqmCioipcjnRRR8Wc39ciCTn6RhVZ7gLVF_u4oHxOynH8HpnJc772-4hpE,Quang Ngo,https://play-lh.googleusercontent.com/-Ui6RD2lkWyY/AAAAAAAAAAI/AAAAAAAAAAA/AMZuuclb24Z-zb9uUyuoif8FwFeZklvzrQ/photo.jpg,One of the best icon apps ever!! Keep updating for the requested icons.,5,0,1.0,2017-10-22 06:03:19,,
gp:AOqpTOGT4wihNf6MSLtYjCDgbNAmndR67f_xkhfCIyFC0v25ofz2jhsLWIzVUvunrb5hpg6exgQtwM7WcYJ0cOM,Sazzad Tanim,https://play-lh.googleusercontent.com/a-/AOh14GgsTBpeKr4IirAVMi2lHSAw5IOsHTMcoUmxij2nG1o,masked icons are ugly,5,0,,2017-10-21 20:11:38,I will add more icons on every new update. This is a initial release of icon pack 😊 thankyou,2017-10-21 21:27:35
gp:AOqpTOFXGTaa-A0Ho8vLjbgxl9Dw07yVTV89gYF-rza0GCev1QeTrnUhRkyAyB_I_xlbtr3JWlsB3sM0bzQT6go,Matz,https://play-lh.googleusercontent.com/a-/AOh14Gj-gDKCgw8SuZa2GEI_RVcWcNgp6q_sBXUTjgNgEA,Awesome,5,0,1.0,2017-10-21 17:42:26,,
gp:AOqpTOFBeLIo_at7BE9CVP1p2Yk4TT-RrV9wi_lXQhHozUsWo7lZsobeiJfyt4yBm0OyX_abUaNbkFHkpQIifUM,Samrand,https://play-lh.googleusercontent.com/a-/AOh14GhulAPWTkhSGrvcr7kQB4zlRF3AAPYZImZfDpK6,Superb,5,0,1.0,2017-10-21 13:47:44,,
gp:AOqpTOFQlJLLQ70saxe74OzLuRcZUNPBNG5cRbcE77iwC_qCbnPuJluJZ27O5H3ivaDOrOg9ia7N5NjEuQDjFeE,Monika Miś,https://play-lh.googleusercontent.com/-0Vybc7hhtXs/AAAAAAAAAAI/AAAAAAAAAAA/AMZuucnpnVtfRn_kLdCOgtvSnwymYhQfOw/photo.jpg,Superb,5,0,,2017-10-21 10:43:48,,
gp:AOqpTOFayptd4hzHPuxQOs_ARAcS-uOleh3bqx_czoQJ9N-zZNdtg4ZpTFt38cNsfi4Av1Uq-sirI46NjkRW3fM,Brian Aikens,https://play-lh.googleusercontent.com/a-/AOh14GjDV9DNZGL5-jrfhaIuhs8AbpOUcPRr1uSgvRkdTg,Really nice icon pack! I have been looking at this pack for awhile.,5,0,,2017-10-21 10:28:50,,
gp:AOqpTOE-UQ4NKlZEXr69lVthPJbuh7tWgHqgaMtXPVdvChQren5YfxCA5VTmAQ2M4qVK801rf_kNusaPgtICHOg,Abhishek Singh,https://play-lh.googleusercontent.com/a-/AOh14GjF3QmRz7DsvVa_vZ_8EIAFZeGKMYHM38hBXRQfNjc,Super duper awesome icon pack....must have icon pack...,5,0,1.0,2017-10-21 09:45:57,,
gp:AOqpTOFM6Hm2EbnmicKT-kVhveYJqm84q5zdKxNckZMKPnV5IJAa0L7LrWKhIrrGYPbV2g1pepjm39m-kRaTLrM,Dan Isac,https://play-lh.googleusercontent.com/a-/AOh14GgPg9R95Gb4HQPgOXhfWAb-B60FYflBhodZUubnLQI,This is a very cool first release. Keep up the good work!,5,13,1.0,2017-10-21 05:24:12,,
gp:AOqpTOGxPMZa87qJv_TdpSdhddbeiMepzELlvGISxvfGkMyBfwTTEp0QkjQotKwa1hsU0tlHuHrvUGMPohP0tXw,Wade J Schmidt,https://play-lh.googleusercontent.com/a-/AOh14Gi3uiSUIQbVN2Hio3ZTPMJcFaD6zo_CAV2fLA1btWw,What's there to think. My favorite shape with terrific colors. So just think about it. Simply wonderful.,5,14,1.0,2017-10-21 04:27:33,,
gp:AOqpTOFRwuz6xX-ecwq8SYdSEOLktO2mic-JQGvU_83YJAwvnAl6sxMK8sQFHiiqTxjt72xXkvUfxzR3rth8zxE,Hedric Simmons,https://play-lh.googleusercontent.com/-J7LK5zlTlV8/AAAAAAAAAAI/AAAAAAAAhEM/AMZuucmUZ663b2PNAN268AllLSRseB2XRA/photo.jpg,Nice👍🏿,5,0,1.0,2017-10-21 03:27:25,,
gp:AOqpTOHUqqgUM17vPZCSVA_mTrEeIFxJGred39OBhn2HFYf8NeMFl0Vfpzw0TWPVukLbhZg_rJDkxmkKvLqyfmA,Ronny R. Irianto,https://play-lh.googleusercontent.com/a-/AOh14GjDJgYFEUj_p_29GkCoBFZp3_pXcjPLQdqhhUWo3Q,Great!,5,0,1.0,2017-10-21 00:27:18,,
gp:AOqpTOHNlKEN92eBlyYZZuP5kyl3ZBXX1Do3zgAqbG4I9zzFMNyo5LGIFDlWTWeNZka0MHGISWrOyG8bgVLmm8c,Davide Monge,https://play-lh.googleusercontent.com/a-/AOh14GjOOx_8JlWEE2QPrW0H9cvKK9lFr3RqbSZ9ndyZ5yQ,Amazing,5,0,1.0,2017-10-20 23:57:14,,
gp:AOqpTOG-aPJWUtuns9R_-zaKThwade92bbao5aO_CdWr7dPrEzW55HIQ_rmW0hbgfPJbcfD3-BOXDUaEVSN_FRA,sohel mirza,https://play-lh.googleusercontent.com/a-/AOh14GjQ--rgEZfwNIyoDyCFVWaxJr7PX70bAIzVheezzQ,"Owsm icon pack, amazing 👌👌",5,0,,2017-10-20 21:19:57,,
