reviewId,userName,userImage,content,score,thumbsUpCount,reviewCreatedVersion,at,replyContent,repliedAt
gp:AOqpTOGh5kYlDOBukBujSy0ZgbKPR81al-ytCNuGOjrcCZY-MvFiQOS0K4b7I01g6iMC0jq1A31eYxdVlU25jg,juan frisancho,https://play-lh.googleusercontent.com/a-/AOh14GjEUCQ1iKPj-zhtKRSeACKYPa2Qhf5RuD66hddI2w,"Beware that only have 2 screening (- front and side), I guess the ipad version is more complete. So if you saw the YouTube vid, you will only get here those 2 screens, that for me, pay 49 dollars, is way overpriced, you can do the same with a png format grit and a smart pen",1,10,1.5.7.5,2020-11-06 06:51:59,,
gp:AOqpTOEp-nNeKq8HvuWSfv9y-moleMSofRmmxgIYmUteCHdxrABvb0DlbB0F8zeWRpTKmy4aFu2451z5cXqsMg,Fernando Huber,https://play-lh.googleusercontent.com/a-/AOh14Gira1bBTh-29wK9FuMHH-xAehXEtFuY_arx7w8t,Spent $20 on this app to learn it has issues with androids... no refund option available. Great....,1,12,,2020-11-04 08:36:18,,
gp:AOqpTOEIsVS6bnIKTHJV1oMXKshvqaGx1-JOSR-jeUuXruX6gfI5gZeRKA6lvqKuZl8zri7cqnuBuM3BBXCxNg,namrata mali,https://play-lh.googleusercontent.com/-Fgv3aDzlb3k/AAAAAAAAAAI/AAAAAAAAAAA/AMZuucn5pgJfWuxeQHaqmUag5Ai3P84PoA/photo.jpg,I m doing a reserach. I hv downloaded this app.camera is nt starting. I hv made camera settings still nothing is working. Plz help.,2,0,1.5.7.5,2020-10-23 02:02:29,"Hello, your device is on a very old version of Android 6 it shows in this review console. Try emailing support@PostureScreen.com for assistance.",2020-10-24 08:52:01
gp:AOqpTOFUqfyXvL5fuN_o-PvySU355mAmwl56e7_9BNxhUVdiC05tSYMTe5g7eY0tvxlXERHhJZtWE8K0LfKMLA,Aashish Jain,https://play-lh.googleusercontent.com/a-/AOh14GjxNdkxij9wAz4QQqGnLz4qRrtnLO6YOxdj9SoNrg,Purchased unlimited subscription but no posterior views and no functional screenings,2,4,1.5.7.5,2020-10-06 00:03:49,"Hi, we are in beta testing with that update, should be out soon. However, we are clear in app description that it is on Google Play that it is only the AP and lateral view currently, I am sorry you missed that. Reconsider your review when the app updates please.",2020-10-24 08:46:53
gp:AOqpTOEENYWGWb3rGF8NlRmvxgqiKBs8nLP_zjf-pxyiYpUJjdrF_CH8i3P1B9VQunDkXKKyX3BTrhiMifHyvg,Dani Alkhamisi,https://play-lh.googleusercontent.com/--CP10P3K3N8/AAAAAAAAAAI/AAAAAAAAAAA/AMZuucmsPL_toNlcFr8tGtMoMXgDyBklBQ/photo.jpg,Keeps crashing unreliable app,1,2,1.5.7.5,2020-09-30 07:24:59,"Hello, this is a issue with your device memory very likely. We are happy to help investigate, but you need to reach out to support, not simply write a bad review, that doesnt solve anything. Any questions or more insight, please reach out to us at Support@PostureScreen.com Also look for an update soon.",2020-10-24 08:34:56
gp:AOqpTOEECSUG4dTsccT7k8Zx50QBQlyn6js1vF_yormMk--UshX4r1UtwpFTvZziphDbr7FIUmBVZfPocwK1dg,bridget prütz,https://play-lh.googleusercontent.com/a-/AOh14Gj9CqkVfGXMK8pKFJcLdSKOSIOb0jLTKdBJ4AEV,"Terrible. Great, in theory but doesn't work. We bought a samsung tablet especially for this purpose in our clinic and it worked for half a day and then stopped. same with our phones. We were told it was a 'problem with our device' because it doesn't work well on Samsung. However that seems to me like a problem with the app instead. So we've paid for it and can't use because there was no warning that it doesn't work with samsung!",1,17,,2020-09-29 22:16:21,"Hello, this is a issue with Android update primarily on some Samsung devices that Samsung pushed out... it should be resolved soon. Sorry for difficulties, it does not affect all devices by any means. Any questions or more insight, please reach out to us at Support@PostureScreen.com",2020-10-24 08:33:26
gp:AOqpTOEv0ftHw9hS0PGRk7fWGfnRmfABBw5PeEbGpBLIWvfLSRPPUvs6TalrRO6C53HLAsSZdnyZgfkzcxbHpw,Merrill Slaven,https://play-lh.googleusercontent.com/a-/AOh14GiHn0pKnUJ0FHm4_VKuKLRED1y5hpkPlPo6PML6,Keeps failing at random points and no response from Tech Support,1,2,1.5.7.5,2020-07-30 12:11:58,"Hi Merill,  we respond to ALL emails sent to us usually within a few hours max time.  If you did not get a reply, it is lost in your spam folder, or it was not delivered to us. Our support team has NO emails from you asking for any assistance, as they searched on your name.   In either case, please email again and we will do our best to assist you.",2020-07-30 12:22:13
gp:AOqpTOHVUjoQCszmfKVqLEbgEmXhSTQkMnkj2ALu0jvL7PEfmn2mH17rz_vJ6Wtt1MOVhLmI3Kn7j_-wQv9XPw,Byron Kemp,https://play-lh.googleusercontent.com/-1IRE-3OqIAI/AAAAAAAAAAI/AAAAAAAAAGM/AMZuucn2zsjNbUJ_zAnERzbnQRKvU8QwkA/photo.jpg,"Potential is great. Reality is different. Point marking is variable and inaccurate. Uploading photos from camera roll crashes the app more times than not. Paying for comparisons is 50/50 on whether the file will actually attach and send... When it works, it's great. 80% of the time it doesn't and I'm wasting money.",2,20,1.5.7.5,2020-03-16 15:12:00,"We are really sorry for the trouble and we appreciate you bringing this issue to our attention. We will look into this further for your device, and recommend you contact us at Support@PostureScreen.com",2020-04-06 14:53:51
gp:AOqpTOF0YlyaVKIEc8rbkdATSC8JM5qfqVpuTWNuIPJezYcblIYM68-hs0AEz32rYhMaOt5ZtSFRSrXwoVgexg,Shamini Mano,https://play-lh.googleusercontent.com/a-/AOh14GjstnB8hVVupQFaZ9jZtPGHLc1Q0HHOPMbFNIpKxw,How do I change the cm measurements to degrees instead?,5,0,1.5.7.5,2020-01-29 00:05:51,"Degrees are only for angles, we measure all linear distances in linear measurements.  We do list angles in degrees also.  Thanks for the kind review please let us know at Support@PostureScreen.com if you have further questions, thank you!",2020-04-06 14:57:19
gp:AOqpTOFTaqwMvDZSblEcI7mDwWraF6_fCPsE4Li0C0Yn7Va0Mu4xgjaDTxPu4EfUUFzZTDtCVZ59FtH-kWqtNw,Lacivia Darling,https://play-lh.googleusercontent.com/a-/AOh14GiBy6nx7zznXhUBjrEBw5ph4P8jTx6je56kKiAkqA,"Seems that this app went downhill since I had it before. The report isn't very informative, very basic. No corrective exercises. A complete waste of 20 a month",1,8,1.5.7.5,2019-11-04 03:42:46,Our app has only improved on Android.  You are trying to compare what we offer on iOS to that which we have on Android and they are not the same.  Thank you for your feedback.,2019-12-03 07:40:52
gp:AOqpTOF9h9c4n_IRcFG1rdWcKQwIDKPyOkuwvnb0zWGPhE1FtWQITRjn3UBMmBjdJQogAwb_-RDBiV_-rVz95A,ganesh verma,https://play-lh.googleusercontent.com/-fiLXhQmnaCU/AAAAAAAAAAI/AAAAAAAAAAA/AMZuuclAIjcoxKbevUyEcl9mvGdDhq1keA/photo.jpg,excellent,5,0,1.5.7.5,2019-08-04 11:07:54,Thanks a lot for your rating  :),2019-12-03 07:44:04
gp:AOqpTOHoNTt2XAr_IOGKJV1Tb2_2M6T8aTRJ6foRUPbDaDRbSga280ljg2xvpoBVH1fJYE2u2F_K6DTL5QOJKg,Joseph Ferrantelli,https://play-lh.googleusercontent.com/a-/AOh14GiZUr_eRNVtsF3a3ENGwyOQn99chE8tKEW6_Kd6tpU,Working great!,5,2,1.5.7.5,2019-04-21 09:29:10,Glad you like it! :),2019-12-03 07:44:13
gp:AOqpTOEhOcQBxyTGar_x6uJMVP-_Y6uQxZxB7lSiTtHx6DY-lentG6gsAYHOQBoyvnKTrhHYeJQaF-LoUEqxwA,Eric Bunge,https://play-lh.googleusercontent.com/a-/AOh14GgOt7i9HVIDU-rfcf2eolC9h4RgJw0U7ZNxcDn9mA,The assessment is top notch. Great visual experience and user friendly support.,5,11,1.5.7.5,2019-02-18 12:37:28,Thank you very much for your 5-star review!!!,2019-12-03 07:44:22
gp:AOqpTOHQQn_XpRrBj3FQ-NDfqfNtBod69ShC0hexB6mbF70C05jKH3O1au1Erz17ds2XWdM3cZkfeOj6N9QCtw,A Google user,https://play-lh.googleusercontent.com/EGemoI2NTXmTsBVtJqk8jxF9rh8ApRWfsIMQSt2uE4OcpQqbFu7f7NbTK05lx80nuSijCz7sc3a277R67g,How get pics to work. Doesn't seem to save even though I've got the green buttons on to save to phone etc.. Can't then add the points to them etc.. Also the support to contact you section doesn't work either. I will change rating once can get this sorted. Kind regards jonathon,2,15,1.5.7.4,2018-12-20 07:04:01,,
gp:AOqpTOFc-wW9B_HSo1xEtaowSdx45NJLAvlKxMRR2HELx1jqrqgIydiea1S_OY9tre1bFVsqej7fjmLHLCrlkA,Gordon McPherson-Rayner,https://play-lh.googleusercontent.com/a-/AOh14GhB2Z1_H2ruuDKaLp6iQiMoFqRsQpWgh3J1FQOs0A,"Great app, but latest updated does not display effective head weight in metric (kilos) only pounds on the pdf printouts.",3,4,1.5.6.5,2018-10-29 20:45:50,"Hello, please update to the latest version this is resolved.  After, please consider updating your star rating.  Next time if you will please consider emailing us directly at Support@PostureScreen.com so we can assist you faster.  We would have noted to you this fix was on the way.  Thanks for using PostureScreen.",2018-11-13 07:44:32
gp:AOqpTOELBffC691U6c6kFrLssI62MPryM5Ch8LHmfgUXw4Y2TJxmkrihPNEfZiU5KhiCaeSI3e4ugB_Lhkhglw,Hubert Chuah,https://play-lh.googleusercontent.com/a-/AOh14Giu0n28vXnk2qBCHLkCjaAhlNfmG8Wa1SwEt995Kbg,"Great app, I just noticed a what I think is a bug, when putting your points on the image, the magnifying glass doesn't match up with where the dot will appear on release. Affects usability and accuracy. Otherwise fantastic app",3,11,1.5.4,2018-09-16 22:11:55,"This was fixed some time ago, Please in future consider contacting us directly at Support@PostureScreen.com and next if you will, please consider updating your star rating.",2018-11-13 07:51:18
gp:AOqpTOGpw3tez6CjjGh8hwwqY3Riw7k9vC-Q7HmKv_-cME_MaaigcItvXq-3xgfTONyKhCJYOP0iXBs-2T88Yg,Jeff Snyder,https://play-lh.googleusercontent.com/a-/AOh14GjGo5TOez8Ei_S44sxTgns9mg0_ql5e21hTBh90yWE,"Such an easy app to use. Still waiting for the WebEx module on droid as it 
is on iTunes...years later",4,1,1.3.9,2018-07-09 18:41:47,"Thank you.  There will be other development done prior to the exercise module, but this is in the plans for sure!",2018-07-19 18:58:09
gp:AOqpTOFfSNaNbCuU2w3J_Xiq1r7f4ugcjOcXqZ6I94H9S0dBBk_87NCmXKHtNhGbkL6QFVQh1VgEx52Z6C5oAg,Dr. Bhatt's Physiotherapy Education,https://play-lh.googleusercontent.com/a-/AOh14Gi_2bduGMN4X-OMwvYn-YoZ0-uYXZ4an47jMsvDEA,"Wonderful app.helping me in my clinical practice. But not opening since 
today morning.kindly resolve the issue",4,0,1.5.2,2018-07-02 23:07:21,"Hello thank you for your feedback.  Our Android version has not updated recently, which would rule out changes from the app itself, so likely there is something else that is causing this issue that we would like to investigate, can you please reach out to us at Support@PostureScreen.com and explain to us in detail and we will try to assist you.",2018-07-09 08:15:33
gp:AOqpTOEHVwMUifWIRdXI-luxsgqkenyzkSVV3S61b9VM8_k7BenvcCngUAxltMcsLcaYfFJbFZyzhDyqlRO7wA,Ben O,https://play-lh.googleusercontent.com/-vWm9ymBAdN8/AAAAAAAAAAI/AAAAAAAAAAA/AMZuuclEZXnrxEXdjslwsNMdiK1i_vsYVQ/photo.jpg,"The updated android version is a great improvement and brings it on par 
with the iPad version I previously used. One issue I've noticed is that the 
Pdf file sizes are now quite large and I often end up running them through 
a compressor. Otherwise it's a useful app that helps me out daily.",4,11,1.5.2,2018-04-19 00:29:21,"Hi thank you for your feedback.  Our iOS version started two years prior to Android, in time our goal is to add more features to Android platform. thanks for your feedback.  For faster feedback, consider emailing us at Support@PostureScreen.com",2017-07-04 15:20:09
gp:AOqpTOE3v-gqiEEPT_flL2T-BwwmgjgTtY3H09VIOC3OfE3RlA6IUr1JreLjr5Y-dQpBWFJ5Qt_xjRcOL2KSLw,Bruce Fligg,https://play-lh.googleusercontent.com/a-/AOh14Gix4ZFqu4zj1EZKPa1Q3uZ-2_8Ihcyy09zXIPiskA,If you are an Android user like me there are numerous upgrades that are not available and some of the features for the PostureScreen and the Pain diagram do not work as well on Android operating systems compared to what is demonstrated on the Ipod.,4,8,1.5.2,2018-04-16 09:05:04,,
gp:AOqpTOGL9fxSFDL7W8fU6l7-EfkRJwwZ8xIxPne2FK0Y4dXupPUK164Zhq6HJreTwwyYJB65JX1Bi9_lK7lM5Q,Bryan Labus,https://play-lh.googleusercontent.com/a-/AOh14GiXTjh4d4jcRYtFgR1WesW5_vEG4OIf1r6a6KSe,Works great,5,1,1.4.0,2017-12-27 06:13:50,"Thats great to know, thank you for your feedback!",2018-01-12 16:52:31
gp:AOqpTOF_YtwhOmFI19vzprL8mEwRXn3j_4GRbpzDYcARQ2wtap-aUBF9bgnq9hY9zFKGiJVAZzPyVKtLWfVhaA,Shona Forrester,https://play-lh.googleusercontent.com/a-/AOh14GjlYE4v-iWLq6IWu93XjRbk3g_gym2ODhIQy3wjg6w,Perfect addition for the practice!,5,4,1.4.0,2017-12-05 14:09:01,Thats great to hear... thanks for your review!,2018-01-12 16:52:52
gp:AOqpTOHaInRb6GZzrOKyKlF3HnuEi6K2U-C-Q1ro0WUkkRVN9CDRnzD2a7XXNK26gGOTyjMQmc-4ud_4QWUh5Q,Tamee Simon,https://play-lh.googleusercontent.com/a-/AOh14GhTGafVZ_PLa0vOoPolPmhC0TdkqEp3GKXWWCd9Rvk,Does exactly what I need with no glitches. Tangible capture of a baseline posture easily shared with client for their own purposes as part of an initial assessment.,5,7,1.4.0,2017-11-22 17:20:52,Thanks for the feedback!,2018-01-12 16:53:30
gp:AOqpTOFEk37rvZ43JmKIfw61ofcLVYjNQKRMxe4_Y7O3-i-mRvKdModW7XU9DpyFyLnRPCN7RSQR_67L9DxbsA,Mike C. Montrone,https://play-lh.googleusercontent.com/a-/AOh14GiEytfevTq1Nhv4Gh8vuiK_KlTIlHi_w5zUYeRlGw,Extremely useful,5,6,1.4.0,2017-11-02 18:07:30,Thank you for your feedback!,2018-01-12 16:54:22
gp:AOqpTOGHKHUviicAZLXhRg4ZAtmJvVkDbNGf9acUons_1ctBdidu_QK3P2bIkWFBml62ql0FCCChh-EuJMVoLg,Bertie Herbst,https://play-lh.googleusercontent.com/a-/AOh14GjMIG4ju2CVSbOAjSj24rpPQkXnB_YZMtzPKQcgpg,Great clinical tool to use for efficiency and accuracy!,5,0,1.3.9,2017-10-11 13:27:22,Thank you for your feedback!,2018-01-12 16:54:50
gp:AOqpTOFacBkyC9_r8z26sqTL97VPwiNJxsqH1uqQfdV0gEMMB9TaHhPvNNp1uq6lI0GeLAuSm2aHesRN32or4A,Davide Colombo,https://play-lh.googleusercontent.com/a-/AOh14Gj11e4lk29i0U0DikQhI7joJPXSCMRZE6kIwLKNMw,Image quality is too low,3,1,1.3.9,2017-09-15 07:35:37,,
gp:AOqpTOGVKEWcx9SIh84UV_eYA_2SbIsL98UyiXMYCq4XmyeSZt-x7EGhe6lfjw_yxto1zJSl539HzgFClOp_Vg,Jason W Haas,https://play-lh.googleusercontent.com/a-/AOh14GhaWrGWrQevg8JpsZJBDR4uqhFTKkuIBHkwdoVaig,This is a very important tool in my practice. I've used it with thousands of patients and it is an excellent objective measure to determine a patient's initial postural starting point and their follow-up postural improvements under our care. It is vital for CBP Chiropractic practitioners and I highly recommend this app,5,1,1.3.9,2017-09-12 21:17:08,,
gp:AOqpTOH3TK-9O8jTCKds4UqulfE6MSYXjnIWF2BBJEttXGyU_LQwEU_mvZear7tcjkIRKmk7tsj_RnklWMDYZA,ahmed abbas,https://play-lh.googleusercontent.com/-vMdQpwA73yQ/AAAAAAAAAAI/AAAAAAAAAAA/AMZuuclCqJ-G_F5ntbNooioSKv2yh9CCvg/photo.jpg,"They give you 25 credits for your purchase and they deduct one credit for each picture you take!!! Plus.tjey try to.sell you other things (upgrade b.s) I thought when you pay the fees you'll have the app. At least working for a year. Don't but this, not very happy",1,13,1.3.9,2017-07-19 05:05:34,"I'm sorry that you are not happy.  Our app descriptions are noted how credits are purchased and utilized. Its not per picture, rather by assessment. This is a professional app for healthcare and fit pro's.  In the end if you simply were not happy, all you had to do simply email us, explain and ask for a refund.  Thank you for your feedback.",2017-07-22 10:21:02
gp:AOqpTOHCEk0dncZGVKiFbuC8kAfkQvCeOZRA1BWdeHE1NmwjRGKhFQaw5UcubYTw9t7fMQfqHc8ddd5k9t14Wg,Shona Forrester,https://play-lh.googleusercontent.com/-JeNi3wqCObg/AAAAAAAAAAI/AAAAAAAAAAA/AMZuucm-qlroSzAGGELIYvq4LUMTnClWEA/photo.jpg,Awesome App! I love being able to show patients their posture prior to and after treatment. An essential addition to the practice.,5,0,1.3.9,2017-06-13 22:39:33,Thank you for your feedback! email us at Support@PostureScreen.com if you have any questions.,2017-07-04 15:20:43
gp:AOqpTOHNcl1JU12bEwhArESIBGDAkndDld_cW9Ae4JC1JpKZ3c7JRtDVwXN27lqOyC2cVoP-IeAxprvcbA_SSQ,Cameron Finlayson,https://play-lh.googleusercontent.com/-CEYptZebSvk/AAAAAAAAAAI/AAAAAAAAAAA/AMZuuckI8dD7Evjv9ZxMT25PZ2ACmzDXNA/photo.jpg,More android development.,4,0,1.3.9,2017-06-11 13:03:07,Please email Support@PostureScreen.com and let us know what you would like to see added.  Thanks!,2017-07-04 15:21:14
gp:AOqpTOH_dN2Y8qKU7YxUmiy7ON57U5kCJXFwZKgh8ekRfPaSoWXkvG71myBv9A86PwLT9FY-EMHqC0YK615jDA,Cedric Levy,https://play-lh.googleusercontent.com/a-/AOh14GhzsS8e1FYYdgGXFPHZ84clsXh4TYBkqqJE1chzbw,"I would have scored it much higher however for the past 2 years+ there has not been a single android update.   Every month I get the regular email/newsletter telling me all the great things that can be done on the iOS app.  Whenever I have asked about updates I get the bog standard ""it will be coming soon""  Soon is now 2 years!!!!  Do you have any intention of looking after your android users with updates as well as lean screen and squat screen availability?  If not - why not? If yes - when?   And please don't say ""soon"" I am just fed up of the bog standard line  And I refuse to buy iOS",3,16,1.3.9,2017-06-10 03:00:15,,
gp:AOqpTOF710P6Ap_XuJ4YzjbTu6Pp_g5ZDg9wCmlb4I7t_mJGb416jO0_WAUneob8PgzZbbzCsl-cRzgu5TfFpw,A Google user,https://play-lh.googleusercontent.com/EGemoI2NTXmTsBVtJqk8jxF9rh8ApRWfsIMQSt2uE4OcpQqbFu7f7NbTK05lx80nuSijCz7sc3a277R67g,A game changer from Dr. Ferrantelli and Posture Co.!!  On the go or in office objective assessment for existing or prospective patients. Must have at this price for the amount of research and development this must have cost.,5,5,1.3.9,2017-05-25 15:00:35,Thank you!,2017-07-04 15:22:53
gp:AOqpTOEG335FTXtHt1M2LJs82hyuv0CzvhpARPRL6ZvAFYeGRPQRIR7pVbbApAklDiIzo-Btp2Riy7uyiYeRww,Carmen Reyes,https://play-lh.googleusercontent.com/-AmOJm9y6gNc/AAAAAAAAAAI/AAAAAAAAAAA/AMZuucmBhMpiDMUAziep3Jya7I5njitRow/photo.jpg,Would be great if back view could be included,4,0,1.3.9,2017-05-17 00:26:52,"That is scheduled, we just do not have ETA.  It is available on the iOS version though.  thanks for feedback, please email us at Support@PostureScreen.com if you have any other questions or comments.",2017-07-04 15:23:43
gp:AOqpTOHUxJS1Ck2CDJiDrQsD8CiaAckqGQmBGjuRicemwDBVU52DdpdVe1Hlf-Nk4mraqb23PH0aYcjQO6XR9A,Burgertown RAR,https://play-lh.googleusercontent.com/a-/AOh14Ghdcs3uqGTSq5gQIfyRSknOQXDoy5p-gYev7bycS80,"Solid, needs some tweaks because there's some glitches with LG V20",4,0,1.3.9,2017-05-16 03:35:32,"Please email us at Support@PostureScreen.com and describe as we do not have an LG V20 to test on.  This is one of the problems of this platform on Android is there are tons of devices, making it impossible to test efficiently on each one.  thanks for your feedback!",2017-07-04 15:24:58
gp:AOqpTOFiPPiNy5mzeJJs9gDZGo7lv87eoDYKt-MMe0X4wnu0S0Tu2VtmbPh9ksaM9KFHorEh2F9qjjkUw0E2XQ,Master Calvin Fleming,https://play-lh.googleusercontent.com/a-/AOh14GjcVwmgZB73mmPPOEoEfG2Q4nGuRKNrzeIu-L_a7Q,Does exactly what I need. Would like to see updates though,5,1,1.3.9,2017-05-02 17:45:39,,
gp:AOqpTOEQCOBhDAKhK1XbLhCgIfkGCzFn3gJ9zWXV-D8hlKPj8WFA0w4YOAZEqo5CBJwlKYasJp_WbujdSxOv6Q,preety nair,https://play-lh.googleusercontent.com/a-/AOh14GiT6rdukwpZOYDDZ-DPKn1S0A14wtPDypGVD2_av00,A very nice app. Gives the patient an objective view of his posture. Helps the practitioner to understand the exact correction to be done.,5,0,1.3.9,2017-05-01 22:10:29,thanks!,2017-07-04 15:25:41
gp:AOqpTOEgaShRzGl7IfTlJsxMizHQuUw037oT8xPxEvTJkq33cZDods_Hx1d3Sr6Qr5ZC0aT2YvqPaNCGyOG8aw,Kris Jb,https://play-lh.googleusercontent.com/a-/AOh14GgtQuS98IYbLUelApM2r5jJLzduS_KaZK3XC6Ld,Love this app was brilliant when I was learning remedial massage looking forward to using it on future clients,5,0,1.3.9,2017-04-26 05:34:56,"Thank you, please email us at Support@PostureScreen.com if you have any questions.",2017-07-04 15:26:02
gp:AOqpTOEAKRVPAaR4DYSDPsYdVSQhIZfLDoyLgikYjrt3CNR2HwxSdmFNJa0hR8BAgCoTc9iUEcNg8ERX0BS1NA,Amanda Skeen,https://play-lh.googleusercontent.com/a-/AOh14Gi9Dzhc_6VBGSDeXGzibzj0M-2Z43vAwhjj_yc6,I haven't had any issues and patients find it so valuable as part of their ROF and again to see their progress throughout care.,5,0,1.3.9,2017-04-18 12:41:58,Thanks! glad to hear!,2017-07-04 15:26:24
gp:AOqpTOG-0vSPjXSXM4Xy2pBqpNVUkz0X_NiN63K5_Gh6fVhSfT-_7B_JyqewU-HIRhkkU-lu34ShXBqdJ5XSTQ,Crandell Jones,https://play-lh.googleusercontent.com/-k16SgVT8phk/AAAAAAAAAAI/AAAAAAAAAAA/AMZuuclGaXx4HWktVtotw_vDjZbEb9hQNw/photo.jpg,Need to be compatible with apple version & features,3,0,1.3.9,2017-03-28 14:15:22,"Eventually, we are working on cross platform support with Apple devices through SyncScreen.  Thanks for feedback.",2017-07-04 15:27:34
gp:AOqpTOEdkxR-aVjVrpn7Ey8N__3SsxWHSBg7r_tJPQcpaVUHxXW4SYIEhj_3wfaDD0ZPrMmuyGNAAT2870mpGQ,JAYSON LUCAS,https://play-lh.googleusercontent.com/a-/AOh14Gj1tgVQxvNFJCLRw2O5cyZ3ucFBCw7Z6JkNfYWJAQ,This is good to assess client,5,0,1.3.9,2017-03-24 23:50:06,Thank you!,2017-07-04 15:27:42
gp:AOqpTOGOWTabhj2THsrx8gTH7RDAbkA7Eq9iSCEvNcL5oN-BNMTqvU6NL34HjBqd6h4L86ms3RJQwygOd8yd2Q,Laura Ledger,https://play-lh.googleusercontent.com/a-/AOh14GiBBfu-0oB0qQbMSo-oYkiaH98KY_GYzHIwqayq9jQ,Great way to educate patients about the importance of posture!,5,1,1.3.9,2017-03-20 08:53:01,"Thanks Laura, email us at Support@PostureScreen.com if you have any questions or more comments.",2017-07-04 15:28:06
gp:AOqpTOHEOoL8tryYWVCRCJuxy7DXlJf_IC7d4iS9TMC6XzaAQq8_qodTqjTXslj4UyrDx__PkMRuE2ulGy-Cvg,jeff moore,https://play-lh.googleusercontent.com/-7SGRyHeJzlc/AAAAAAAAAAI/AAAAAAAAAAA/AMZuucnmVNUrEsiCFETMDQrEtMuYkb_Dwg/photo.jpg,Quick and easy. Thanks,5,0,1.3.9,2017-03-13 10:16:19,"Thanks Jeff! Email us any more comments at Support@PostureScreen.com , thanks again!",2017-07-04 15:28:35
gp:AOqpTOGOAoJUfI7-h2TMmmnrcCktH2VVwjD2pGEkWCHqwRXJohbsePK3ohS751LyOhjwRmPI3R3bRMq6eBzEWQ,Matthew Holstein,https://play-lh.googleusercontent.com/a-/AOh14GiiKjbEuw77TstnIS9Cd0ezxI_1pm7OXBgM4KRH,Good app,5,0,1.3.9,2017-03-09 08:39:02,Thanks Matthew!,2017-07-04 15:29:10
gp:AOqpTOG7ygd00UxOdtuLisN3-sWUcHsvZcQQh00fwCcaZIH7z85U0rKODpUqjYiHRSqli3ZqjIuxGFbZuFHTjA,Arnold M,https://play-lh.googleusercontent.com/a-/AOh14GjKOJGsDGVsCKl2H_aE5KrMIYFyRgGTPNI0QMkA3Ew,Rated 3 stars due to constant review requests and minor bugs on android. Patients like it though,4,7,1.3.9,2017-01-29 10:04:40,"Thank you for your feedback.  We are not aware of any 'bugs' so if you know of them, please email Support@PostureScreen.com and describe what you are seeing so we can see if this is a bug or specific to your device, etc.  Thank you.",2017-02-01 12:28:50
gp:AOqpTOERxq3BMYhPc6N6K1UhG0nTdku55_gFLe41f6VDQ2xDsPL8l7ZzxVhPlP-VNWniPWzO7eWNeykkYeyNTQ,Christina Williams,https://play-lh.googleusercontent.com/a-/AOh14GiQ1WDGK82q-gUNaRs_pRxZDbwV7ewnJX-9E98okA,The camera is not working. Photos are black. Feel bad for my client.,3,3,1.3.9,2017-01-23 14:31:11,"Hello if you have an issue, you should email Support@PostureScreen.com and reach out to our technical support team for assistance.  If it doesnt work with your device we can offer a refund.",2017-01-27 18:28:02
gp:AOqpTOGdVFfrhixGzp5PyiRtv8tZserkW3AAYGnDvd7bI3Ce2AwYEbzJDo15czrmbfi1UL1Rk1a-EnsQC6lHpA,David Toomeh,https://play-lh.googleusercontent.com/a-/AOh14GhtPVHFwywHqVRH7w_SHQ5gU6EFRMIdNkhzJpoj,Easy to use,4,1,1.3.9,2017-01-07 21:34:26,Thank you,2017-01-27 18:29:27
gp:AOqpTOHITBFjCQDURq74gNYZcOgappRmy-J4WzIHUvbT6X29jKsQsGxJpgjGDDf8QQp0i9B6P2Aq1YMDGPoveQ,Lynn Slaughter,https://play-lh.googleusercontent.com/-YKJ_r58f3CA/AAAAAAAAAAI/AAAAAAAAAAA/AMZuucl90BCDOsyB-VvaVa3JrIob7QY_JQ/photo.jpg,MASSAGE therapist,4,0,1.3.9,2017-01-06 18:46:55,,
gp:AOqpTOFyQNDGmfiG1y_JIsJwhukzhXS9_AirBRAez34bN2qN4uBn8eA_PKQ_6bUNAIoOILw9evdUv3VIoR0ozw,Lu,https://play-lh.googleusercontent.com/a-/AOh14GistEsB9c450bAen3w0G5bG8D1BL_ro-rRxH9riZg,"You cannot finish the avaluation, because the only thing you can see is "" Unfortunately, Posture has Stopped""",1,16,1.3.9,2016-12-19 12:26:42,"Why don't you reach out to our company for assistance?  I searched and didn't see that you have reached out to us to assist you, rather you write a bad review? Very likely your device isn't compatible for which we would gladly give you a refund but you need to contact us support@posturescreen.com",2016-12-26 17:44:00
gp:AOqpTOGVasj4UQQUIiMwmagWKiPdRTbYifzlF-BQ4YtTlj27DHy3h_x0dgExESivM01L8bu6VmEeJHNU4HhHJg,Dr. Christian Reichardt,https://play-lh.googleusercontent.com/a-/AOh14GjsOjMo8iHlm5moCYTvCIQTd7At0iBuJRt9_ZEw,Reichardt,5,1,1.3.9,2016-12-18 16:01:22,thank you,2016-12-26 17:39:33
gp:AOqpTOFTsBRB7JGfv61mxGkpj1nJelW7mC1sisJjXnGwcwlwKy0nrq9FWo_2h2vOXTVTJCjjeACmIcywkEReeA,A Google user,https://play-lh.googleusercontent.com/EGemoI2NTXmTsBVtJqk8jxF9rh8ApRWfsIMQSt2uE4OcpQqbFu7f7NbTK05lx80nuSijCz7sc3a277R67g,True game changer for my practice!!!!,5,4,1.3.9,2016-12-12 09:11:39,thank you,2016-12-26 17:39:55
gp:AOqpTOGnk0F0qoxvmXR2Zn_cFeHpAb7RhVoap1N75R6ZQfmMlaVglvP8Mc707mSrfGugksXFEFpe57wbq9D0Ng,Dr. Tyler Kong,https://play-lh.googleusercontent.com/a-/AOh14GjUxiV3FbU2eVrlsiargau8E5QRtaRnV1UIqt7Qcw,Wonderful tool to help show patients the power of Chiropractic.,5,4,1.3.9,2016-12-12 05:13:46,Thanks for compliment,2016-12-26 17:40:06
gp:AOqpTOH-IPVxifcEr-QxnDS8fxLPhaSIMt5at1BXNDktv5bGAtHVZZV00oiTEFBtoH8o3v0L89T2kUez2dy5dg,"Hamzeh Akbari, Boukani",https://play-lh.googleusercontent.com/a-/AOh14GiuoZ6oH1a1dYE6-hW6ClJ7f41zl0F9mJiS1gl1jw,I have credite in my accuont but I cannot recharge my posture screen app. Please help me. Tnx,4,2,1.3.8,2016-11-14 09:51:57,PLease email our support and they will give you some assistance.  Support@PostureScreen.com,2016-12-03 14:34:45
gp:AOqpTOH6LiWFOYBXaGRI0w-7YX5lcyHEXWljcoCf4R-E40YOwntp2K0EvXcNZPUW0AnPYVkdB1I6v99ZOU5pPA,Shea Family Chiropractic -SFC,https://play-lh.googleusercontent.com/a-/AOh14GhxA2Te_shSuLfoB5ZznpKBBW2gEajZvLTyT_7osA,We are a chiropractic clinic and live PSM. So great to track our patients posture and movement .,5,1,1.3.8,2016-11-09 09:28:59,,
gp:AOqpTOGv7KUU4y9oRiQpDlN64Osnf9Q--dl83vDhaYqTny8UxAwQ4um8ay2t5TpYL19O1yco2pxU6ZN1Q5dbkQ,Paul Lofgreen,https://play-lh.googleusercontent.com/a-/AOh14Ghly8yzRgTzW00yWBFZZXLDSQFxzyaBYHWB25NdiA,Extremely useful!,5,3,1.3.7,2016-10-31 12:13:32,Thank you!,2016-09-16 13:04:08
gp:AOqpTOEtUb50aasNu5mJUZM-YoNnJOEcJxZJrYCU237k8RAcjZ-qshZs4UAHWKt1Y1v7wvonFzqp6Lo-XFjyAg,Mark Vaysman,https://play-lh.googleusercontent.com/a-/AOh14GiKIvr-MB7e-qmCYALBX_U4JcCwuB4ji9reQ_3OXQ,Use it daily in my physical therapy practice,5,0,1.3.7,2016-10-30 06:28:05,Thank you!,2016-11-08 07:38:34
gp:AOqpTOEzEiccXKTkvaCAIuoW9jKvfyYzYngAGTwToMvLAkNate1xKouNWhi32xQmOZKAo-HIOh2gKALMQVbulg,K N,https://play-lh.googleusercontent.com/a-/AOh14GiKafcQYyOmBuQ4wNkfcPCYbjAyXwWkMN5hbNZjZA,Advance Muscular Performance,4,0,1.3.7,2016-10-26 16:12:49,,
gp:AOqpTOHSyt_BsWbZo--NTrlbxjrsfQPJKxeIlFHjQ3yV6snCy6H_1VIrHXYTLQyhEGT9wmw-6nQWutVxlF7tfA,pauline walsh,https://play-lh.googleusercontent.com/-xHLFs7r94e0/AAAAAAAAAAI/AAAAAAAAAAA/AMZuucmZpeaB8xkPTxia20eqkrNbvEpZtQ/photo.jpg,A great little tool when on the go and in the practice.,5,0,1.3.7,2016-10-10 01:03:57,,
gp:AOqpTOFsGorjR6ODBZghBh2eoQ-58ZW-r6mjdnettj8Nhhui2y2t570sBDoDl3kzocow1FWvbe3yFL2aaThVNw,Life Chiropractic,https://play-lh.googleusercontent.com/a-/AOh14GgFYtCcv3ByxtRZqtmqjlADibsjTL6LGD6tOUL6,"This app is good at gathering info-data up front and having up-to-date procedures.  To answer the response question, the only wow factor I mean to say missing has seemed to be the absence of an actual physical device that a person can step back and look at what is right in front of them.  I will say that this has been more the case with older generations of people than with younger, more tech-savvy people.",4,3,1.3.7,2016-09-16 18:55:59,"What WOW factor are you missing? This is what the reports are for the client?  Are you sending the reports to the client?  Please let us know your feedback, you can email us at Support@PostureScreen.com  thanks!",2016-09-16 13:02:31
gp:AOqpTOG4HsQV-0a_3W8hUobABHm2JcnrYfyzCwsbXas_cak9O0vp4b1Qib-Z8BFTzkUPVd4HT21FjFtu4vfgSw,Nathan O'Hearn,https://play-lh.googleusercontent.com/a-/AOh14GhEXAa3M-9FNQ7az6B568bdcf0ltLN3Fu3stJg9YA,Great,5,1,1.3.7,2016-09-12 15:57:02,Thank you,2016-09-16 13:01:37
gp:AOqpTOGqZrBmqhDYpS4Sf8Zbb4catfHkSxj-VfJg5qF4MU4-nOw4dJ4ocdq8GgiqBb8fuPeA0ousw5mvS1QjEA,Kevin Weekes,https://play-lh.googleusercontent.com/a-/AOh14GgspGM7TEUy21q9YOpd_QtlhdVbZvL6utbcWWPFlA,Happy with my purchase. Takes some of the guess work out. Highly recommended,4,0,1.3.7,2016-08-25 10:34:21,Thank you!,2016-09-16 13:03:29
gp:AOqpTOHHpe7VK8AvalETPvJTUw8C7N1zCieBb9QP7Su-rGURh1FmAVaxTSBknKaq13jZL7GvpTRWg8YUidVXlA,DrAlfred Hitman,https://play-lh.googleusercontent.com/a-/AOh14Ghj9FXdfVmbz2ddYPsoF5Rigc6zFA-U6G2knbKdRA,Great,4,0,1.3.7,2016-08-20 18:04:18,Thank you,2016-09-16 13:03:49
gp:AOqpTOHUfiU4Zlx5qqbdNV-P8niip2nHY4U5Y7fySLLMr2WOQtMyIO_ptn8YzprLL46yFDuC99FroCUN64NUaA,Barry Raphael,https://play-lh.googleusercontent.com/a-/AOh14Gj0VAzRNNCfS3hd7p1mcTABrw8w-E56CU86gdelSJ4,So simple.  So available.,5,1,1.3.7,2016-07-03 12:15:07,,
gp:AOqpTOHgu_G3M20QmmnEbJrpuvQCYGqxmxGTQUfzEf__Y1Vid66hY3b6lRhyJvEvRIhgGhf5K5m7bFLowD49wA,Steve Neesham,https://play-lh.googleusercontent.com/-pZkefjvNay0/AAAAAAAAAAI/AAAAAAAAAAA/AMZuuckFX1TmjPFEOJfBtMDnQ4hsfPNK_Q/photo.jpg,"Good app, however lean screen and movement screen for Android needs to hurry up.",4,4,1.3.7,2016-07-02 14:22:47,,
gp:AOqpTOGuKVXnn5NrOp5PN5RsJAxr9hFWSyNddQR1TQMUEBT59LGHhwzm4mV0H2vnq4qKJLzA_V6N7BRIUeYPRw,Tim Brown,https://play-lh.googleusercontent.com/-OKh-8fqY2WE/AAAAAAAAAAI/AAAAAAAAAAA/AMZuucmg5pnbsLSSmAlM4pOSL0RCo5fl9A/photo.jpg,This is by far the best app for a pro interested in tracking postural deviations over time.  Been using since beginning!,5,9,1.3.7,2016-06-09 07:39:11,,
gp:AOqpTOEIujmu6WG9mVQ4Lsftr_rb_nz_u2osTr1nbhvL5d8mstdwPT961XfpEkQft0X8SwpVE5D4aBKwDCahGA,Richard Murphy,https://play-lh.googleusercontent.com/a-/AOh14GjYFJhEEpZz8Bk0-gzi9h05T_Tye_FnkD8hDB6evQ,Need to increase android capabilities. Great app!,3,3,1.3.7,2016-06-03 11:08:35,,
gp:AOqpTOH0xzR_TPCmeiBXO3SbBMEsnv1tz8fNpdTgYtFDuunIwUSpr6Jl-5oBdrFzutOFE7fGESVqfwfHpY7jmw,Ollie Delaney,https://play-lh.googleusercontent.com/-SBRXNw5QdU4/AAAAAAAAAAI/AAAAAAAAAAA/AMZuucntRHjOOotkPqYlt4UN8IRO7FxR-Q/photo.jpg,It's very misleading when paying such a high price for the app initially that you will have to continue to buy credits. Everytime a client is assessed a credit is used.,1,19,1.3.7,2016-05-26 17:31:51,"Hello, it is not misleading.  You can read our app description, perhaps you failed to do this.  We disclose everything.  This is a professional app.  You can screen 100 clients for an investment of $9.99.  This is very inexpensive for professionals.",2016-05-31 07:16:59
gp:AOqpTOGb7MN4Cy4UopRGgN1sCgNmLrPWshzavP5swV-kfdt-feiCi66bb0nLJnWYt4EdeuggKH780hGKfUSgwg,Ed Groenhart,https://play-lh.googleusercontent.com/a-/AOh14GiVWTuXMJLK7VRyZFvY6Q09VuehaFG3c0_Wv7ftQQ,Very useful for giving patients a visual idea of what is happening. Great for reassessing too.,5,9,1.3.7,2016-05-26 13:20:10,Thank you!,2016-05-31 07:17:09
gp:AOqpTOE9DpQPoS6PYQlwQksL_FV43XGwJRrXSdqwNwdb8Oo5DO5DdGvEQkXuLlCvMkbUirRP1DoZaKJTb7ZqeA,Thomas Atkinson,https://play-lh.googleusercontent.com/-vyglQUBhuM8/AAAAAAAAAAI/AAAAAAAAAFU/AMZuucnKGYes6DigPkgdMYiMBPakV4A9Lw/photo.jpg,"Had some problems with upgrades, but otherwise great app",4,1,1.3.6,2016-05-11 17:35:46,,
gp:AOqpTOERq0EbFxeogekEvvl_8mIgGR4YWM0xV9Fj6PK39qSH1X-q6Kt-IpJH2mkeXH4Pg9FrraLTMbalKebCZw,Angelique Warren,https://play-lh.googleusercontent.com/a-/AOh14Gg-RqPXpHu6elOrKptW90mBVFIz3pFPgvOn5dOD,Now I don't have to explain to my clients what I'm visually seeing when I assess their body...they can see for themselves and the improvements we're making,5,1,1.3.6,2016-05-10 13:46:45,,
gp:AOqpTOGHuLzWyDNvLryEW2Gmh1U_TM47v6aCLA8Rumx1Id6TBXrL9Kpn-MhY6tDGb2ImXDpuejFFc_z-lCVYaw,biju nirmal jacob,https://play-lh.googleusercontent.com/a-/AOh14GiG4sovDLv8IYeddwCc5Ek8duwsh6kSh0rhDw3g,Very much useful to assess my patients,5,0,,2016-05-03 05:29:14,,
gp:AOqpTOGMSEIpJWyuUlFP20i8LwnBdK4lgxLrMnKs6fBKxYMZTt7lZR3FZTs6ZNNmcRgnRlFGnKAkamI5KS7wBQ,Damian Cata,https://play-lh.googleusercontent.com/a-/AOh14GhPjDxhceEOf-EBSXq0GX5tnnDW2mN_N5vUWFvmmQ,Need Android version to include same features available as Apple version.,4,2,1.3.6,2016-04-27 16:28:14,,
gp:AOqpTOHxGecJLHv5eZbcHV1roMAp4nxkBR_EaJUDARCybfuUVsGG3AIB5_p38makECfKkuLba4iM4XpxuieblQ,Marty Kederer,https://play-lh.googleusercontent.com/-TGZ6xrdw5fc/AAAAAAAAAAI/AAAAAAAAAAA/AMZuucnrDBFbM4HkcQa7MERJJeghsRRiYw/photo.jpg,Such a fantastic idea. Posture screen helps me with fitness programing and it helps clients see their progress with posture and strength. Thank you Posture screen.,5,9,1.3.6,2016-04-06 23:13:54,,
gp:AOqpTOEZD126vNokEUcl1sbdsI5wh3OQfVthdGvf_8tJJkWeR1lvLd4_EJ-xWjrPtqvvpbYAYurbeS6gukJVpQ,Dr Roger Romano,https://play-lh.googleusercontent.com/a-/AOh14GizT_nsf7vc77d7dm5jz2CgwKnqGNUBhToW8qVu6Q,Best Posture Clinical Tool,5,1,1.3.6,2016-04-03 06:44:29,,
gp:AOqpTOHJCufx5AUsgAmm-N-XKnL8bkUfe1lWyCWadGH_ckMvdx7mk6bCLV8bHIL6VoFOiVy3Louzskb2YNJBzw,omar sabeeh,https://play-lh.googleusercontent.com/a-/AOh14GhlbhyQHGz64xcqf-u7JyKoD1j_Rl77iKjGqcAyCA,Very good will know more once i get to use,5,7,1.3.6,2016-03-23 06:28:15,,
gp:AOqpTOE6bmMqbfygLLARc3d3UuepF9Zf1k8b87tchmrTjrXpiPoxzZPqmjXJbBEbS2zzgwf64TMwdugf4BURqQ,Dan Booth,https://play-lh.googleusercontent.com/a-/AOh14Ggx8yrM4WXIqA5HOwh_yLgoBfMaesnwmDIupCXIxQ,Great app. Would be much better with the lean screen update for android,4,4,1.3.6,2016-03-11 21:34:33,Eventually we plan to port LeanScreen to Android.,2016-03-23 20:23:32
gp:AOqpTOFgdV8FP0oqdQEE5fsCHWKOQTb1aTIiCbhOKQP34npZuwGNGqNOqSkXqQEYXfgXOP8EG337pFkhiJhjqQ,Jae Bizzle,https://play-lh.googleusercontent.com/a-/AOh14GgFm9SARIF21TR5IISOl1SDSkXW3lApZP-hEHDK,Totally worth the money to have accurate posture screening,5,1,1.3.5,2016-03-01 09:53:40,Thank you for compliments,2016-03-23 20:23:47
gp:AOqpTOGOVfpdz9NQ-0H9LY_SSAm82hiCexiZnlaB8kdnP4e5YJnkirAa4IJ9V4KjL8sGMEU3-wbPLz3TyaZFOQ,Jason Devon Rodgers,https://play-lh.googleusercontent.com/-n1-WANYFIMw/AAAAAAAAAAI/AAAAAAAAAAA/AMZuucmx81dJ3GNZovlkXDLiHv0ZKUHtrg/photo.jpg,"Love the concept, don't mind the additional purchase costs. However needs work to run more smoothly on galaxy S5",4,0,,2016-02-14 16:37:05,We have not seen any issues on S5.  Please email Support@PostureScreen and describe what issues you have seen as we have not seen them on this device.,2016-03-23 20:24:49
gp:AOqpTOE5pNKJBibOElaVA3n8v1zm_yTv18mrWnqhJPzrygFwRJ-dOe8xIojoitYDghoM5OhxWoH46ipNg-y1Bg,Teri Lorencen Stockwell,https://play-lh.googleusercontent.com/-h9hzneUaoEg/AAAAAAAAAAI/AAAAAAAAAAA/AMZuucnFt1ZxYw-izYAeRiTaRJpxYndR7Q/photo.jpg,Best screening device ever. Best for comparative postural analysis. Love this app.,5,2,1.3.5,2016-02-09 05:02:24,,
gp:AOqpTOE7HohZpLPINfhMvPUWNUHjxXoC-1ZOO1ecVwNJmZu4m8q5GcnpuqGUbB00B5fyofdjcfyBiQjCtCrJZA,Wichai Eungpinichpong,https://play-lh.googleusercontent.com/a-/AOh14GgTM1KQGEu6ZgQP2KPOo5UVgiXJeT5DacT-zJU-Wg,Very convenience.,5,1,1.3.5,2016-01-13 00:04:09,,
gp:AOqpTOFrePOVjnNr0FxFFiq2dKSmGOABN5a6XV5GTPdTfkP38gcRephbzps2dsycijIn-yQWHuBtH-IIsOx_FA,Kirk Jorgensen,https://play-lh.googleusercontent.com/a-/AOh14GivG_yc0s2HYwEhAhrJi-3Ue12B6yFi_EAfik_5hQ,Love it,3,0,1.3.5,2016-01-02 13:05:45,,
gp:AOqpTOHVCpFd5l-vyh4qrSX3ZyQnoDBOOaaWH2IMrHIVG5lnn2JTG_oGm4wHcxkINQ1It0_01lquZPFAFkOuQg,Fran Curtis,https://play-lh.googleusercontent.com/-R-kdUAND_K0/AAAAAAAAAAI/AAAAAAAAAAA/AMZuucmNx4V4Q71ohsdUdJ6EeeXOMjfgUA/photo.jpg,Posture sc,5,2,1.3.5,2015-12-20 23:22:40,,
gp:AOqpTOEvrVHwRDIi8QL7uzwDJEVAKNHsOodXdt5QIhwIWWoORnZrW8QLprvtWE916gMGSRz4HspzPYdyTusIlA,Angela Marie Adamson,https://play-lh.googleusercontent.com/-CydHZhYyiqY/AAAAAAAAAAI/AAAAAAAAAAA/AMZuucmwG7M5ebqIsTrYTGYtV8JYqfkLJw/photo.jpg,I purchased this app on my droid turbo and would like to use it with my iPad pro. I would actually rather have it on my iPad. How do I do this?,5,0,1.3.3,2015-11-21 18:54:07,,
gp:AOqpTOHBgfRiDBO5HMgYU3gurRxEnrI4DdtEe6ShIzW36NRrIQviL9Qwyr6VuR7BVe_b0IEEcsNBFk-aPDDwLA,Michelle Fisch,https://play-lh.googleusercontent.com/-1ZAvZN5H9t4/AAAAAAAAAAI/AAAAAAAAAAA/AMZuucl_8VcI5-JBrt2L1riUf-xDgvvIMQ/photo.jpg,"Good app, but having to pay extra for features is really annoying. I would rather have a more expensive version be available to purchase then be nickel and dimed to death for any features or future improvements.",4,3,1.3.3,2015-11-10 18:19:06,,
gp:AOqpTOHnR-VBN4W6lYkliwkw8HlcvC0OMFpC6C_2PY1fojdOMmUcTd6lCZV6c_vngRHX_HsBwVZVYdoAdWNMkg,Jason Nardi,https://play-lh.googleusercontent.com/a-/AOh14GijF16gzBx4XAQY20R0JPQTdTrGGEVj9q0cJ8c0nOs,"Considering that Android has market share majority, there is very little support for non Samsung devices. A good app on the ios but I am very disappointed in the Android device I've used for years.",2,5,1.3.3,2015-09-15 07:35:35,"Hello Jason, thank you for your feedback.  So you are mad because we have a two year lead cycle on iOS over Android, not rating the value of the current app available if you had no idea what was available on iOS, that is not logical.  You confuse market share with many things in development of quality products.  These features will come in future.",2015-09-16 14:21:10
gp:AOqpTOGK0uhMPfju3jb5dAQ9fyGBjgfmQC8FQcJ-Sp2URg3nIVgXmUyzPAPf7r2V1Hd_xIpm0Vft29fFLPAsgA,Jenie Fligg,https://play-lh.googleusercontent.com/-nJFiH9mPyZc/AAAAAAAAAAI/AAAAAAAAAAA/AMZuucnjFfzEzscdeyQOD3YA3DUmIr33IA/photo.jpg,"This program is a great visual for clients, Iuse it regularly to show their progress throughout the treatment plan. I however wish I could alsocolect information in the posterior and left lateral views as it would give a more complete picture.",4,0,1.3.3,2015-06-17 08:09:17,"Hi Jenie thanks for your comments.  We already have this in our iOS iPhone and iPad versions, it will eventually come to Android as well.",2015-06-17 13:00:46
gp:AOqpTOEluKXVxA_DYEWX1UHexu1X75otVZM-bJ5Tre7PrCb1Xg6dXpBYm5C2O7429qrbXB5U330MMzh7GEFYNg,Lee Gericke,https://play-lh.googleusercontent.com/-S7ijIsml0z0/AAAAAAAAAAI/AAAAAAAAAAA/AMZuucmQrL2JivMf011hIXepYftP0hUAPw/photo.jpg,"App continually crashes, won't let me do anything on it after I paid so much for it. Worst of all they expect you to pay more to analyse extra clients despite the app being expensive...",1,4,1.3.3,2015-05-21 00:12:15,"If you contacted our support, and if it did not work with your device, we would always give you a refund.  You can see it works by the reviews, and must be your device.  There is no way to make sure an Android app works perfectly on every device, it is Android after all, thus impossible to test on all devices.  Thanks for your 1 star feedback :)",2015-06-17 13:03:42
gp:AOqpTOFS8YujrVvkwU8nuYqTuL02euoWKOYj1pEsVoWqx79GSRYWEtJ13qPwR9wdIFF_pAbPBNHVo82OcqU9Kg,Edward Kinum,https://play-lh.googleusercontent.com/-01QUBJzYVIQ/AAAAAAAAAAI/AAAAAAAAAAA/AMZuucmsoMGPs_OeRz_ew0-n4WProPtLWA/photo.jpg,Very cool app.,5,0,1.3.3,2015-05-17 04:27:55,,
gp:AOqpTOFo6Dn-ZbMvbrV8T6abSLyulKaBNAZ_awRJ9eyVpNTBwnPyjsPDe5Hz6BSEKKqVo2O8QZDqiJyopADwZw,Eric Brown,https://play-lh.googleusercontent.com/a-/AOh14GjCIOri56BSLsWTBffnuaNZkl2WW_NcNpzoPH4HZA,Great app and best addition to my practice for such a great price.  No complaints  here.,5,1,1.3.0,2015-03-18 23:52:03,,
gp:AOqpTOH75knAKmjetNp_-lfrl44Xfn3rMbqI3SgpyogoVu8QJ15M_X8ffalneF6Hdaag-BOl4LCmAFUVis_eJQ,Lauren Dwyer,https://play-lh.googleusercontent.com/a-/AOh14GgV61rHsVX6L4gnky1fYAXOQ9ZI3byFU8qXq4vwtw,"I love this app & use it on almost a daily basis in my practice. However, it would be great to see the Android version get the same updates as the iPad has as I find the images and general appearance to be of better quality on Apple devices",4,2,1.2.3,2015-03-05 11:40:59,,
gp:AOqpTOHfzB1Ip4NU2dgSMEmH0xbIjuKR4KJ5gYMLXAqXqe3o0TgkloCOuqDgET9CZuPGGGf01Vv6-K-NIyzMrg,Jed Nicholson,https://play-lh.googleusercontent.com/-bxuDlQeGJQE/AAAAAAAAAAI/AAAAAAAAAAA/AMZuucl6zWv48-icXEzk70WUAn_rS07zOw/photo.jpg,Got to pay for everything updates that should be included feel very ripped  off got to buy credits to use the app if you buy an app you should  be able to use it all the time free of charge never mind paying again  and again it's just a never ending  money making app,1,2,1.2.3,2015-02-26 14:55:47,"Jed, thank you for your review.  Please note Google Play shows we have In-App Purchases.  I note it in our description CLEARLY on the store, as well as countless places on the website. I'm sorry you never read the descriptions on the store nor on the website and purchased blindly.I am sorry, but good apps cost money and this is a professional app. ",2015-02-27 07:52:38
gp:AOqpTOFgbr090JrZ7z1hKyYk_MbjyXmwYh9w9aaEhqHZJxKOQ5oYO6AuKG1GeJZwS_Y3dKdLr4YtOPhgBwkJlQ,jason m,https://play-lh.googleusercontent.com/-zNbuXR0biG4/AAAAAAAAAAI/AAAAAAAAAAA/AMZuucm_T0BQbv10whaxGfmHYNpLSGBfhQ/photo.jpg,"This app is great for diagnostic testing and for documenting progress.   I highly recommend it to any Chiro, PT, trainer or bodyworker.  We signed up 22 new patients  at one screening using this app!  With each update the app gets better and better!  There is no other app out there which can even come close to doing this good of a job.",5,2,1.2.2,2015-01-21 15:20:35,,
gp:AOqpTOESLZFbqXtG_PB_x0zIyDw25MRGMObUVViXdkFqmWhZAxlDEPltlVeK_d4LRje9IlwiTsZtXDneLEBrpQ,Eric Washkuhn,https://play-lh.googleusercontent.com/a-/AOh14GiTcgXek2pKgSaqzdHHf8pT_3WdLzI6N2HrkSEagg,The seller doesn't update the software and it is constantly crashing. Some issues have been known for a while but I don't think they plan to fix it. They want you to buy the ipad version.,2,1,1.2.2,2014-12-24 07:07:47,"Eric, I searched our database, and do not see you asked for help w the app crashing?  We have tons of Galaxy devices working perfectly. If we wanted you to buy iPad version we would have never released on Android.  We simply have 2 years development ahead on iPad and we are a small company. You will see updates on Android.",2014-12-29 18:52:26
gp:AOqpTOG0R0TY4tslPPkX3cTCeR_0EvkO8Lsk9thfpj5NAjP-R8wxUnlU8Ek8wXGNHO5m3QvewDa19FB1LDoyVQ,Steve Haas,https://play-lh.googleusercontent.com/-0VW9OyxKoYc/AAAAAAAAAAI/AAAAAAAAAAA/AMZuuclVM7KorqSWZN-9AE0ObyBsCsjsWw/photo.jpg,"Use on Samsung Galaxy Tab 4 and S4. Works great and very educational.  Wish it allowed for quick scans, but understand it needs certain info to correctly calculate certain factors.",4,0,1.2.2,2014-12-17 19:37:11,"Hello, we will have quick lateral screenings in future like that of iPad and iPhone.",2014-12-29 18:53:35
gp:AOqpTOFv6AkTRRd6c50eANDyNtnr0O6z13K7w8FjaCb88B-Ef2LfbFRToB-jPGebzoeb6c6BPr6-8EkajxtUZg,DJ,https://play-lh.googleusercontent.com/a-/AOh14GhTtRN6yJkuMXr1NIIllZSa0_76XXtYQrZh7PeXxQ,Amazing tool for doctors well done,5,0,1.2.2,2014-12-13 08:50:25,thank you!,2014-12-29 18:53:46
gp:AOqpTOHOC6n18mMCRPzlEYY5CeJSTsMnYjyRqXnyFJP1S6CViwGysxNS0XWJkQzEayFbG_6xI-bZZ40TLWRJJg,João Pedro Magano,https://play-lh.googleusercontent.com/a-/AOh14GhgvR9GaUhD2zgk6-npBPwEtUmI8-zp0cp5IqRKMw,It seems that the developer has abandoned the android app. All the updates and newsletters is about Apple gadgets. :(,3,3,1.2.2,2014-11-20 08:15:29,"Hello, thank you for your feedback, however We did not abandon Android.  But comparing Android version to what we offer on Apple iPad makes no sense.  I believe you are unaware that we have almost a 3 year lead in developing on Apple platform.  Thus why you see much more on the iPad version.  Updates and new features will come to Android in time.",2014-11-21 12:35:37
gp:AOqpTOEL6fqlj48w-Wg4lD3X5GspedH3S7DxrlviIInUcOX2ICHPxde7Ju5PVgaGD08MYxKM4JKF_p-2vD-lJw,Don Alter,https://play-lh.googleusercontent.com/-_Cj_-Co-yo0/AAAAAAAAAAI/AAAAAAAAAAA/AMZuucmFYB3Du2lWWuXq3ci5WbDJPTp6Mw/photo.jpg,Great program for massage thetapy,5,1,1.2.2,2014-10-28 13:07:20,,
gp:AOqpTOHwISYQn5D9bz8h0aXsSPSPCivFBcCLKMvP0EYnrUB1Cg1hAjaQ4ErMuMa_3tYhMwvHVcHohbUo7gPNSw,Dr. David Koivuranta,https://play-lh.googleusercontent.com/a-/AOh14GhXUm9_1FSp-CE-guCoShOQCF8hd400QLbrHi0F6Q,Super app for showing posture/structural changes. Easy and fun to use!,5,0,1.2.2,2014-10-15 05:08:44,,
gp:AOqpTOFCqnjxgoVGlGI249lXq9y7zfk6D4FgOgDpyh1QqALjdbWah6fmyqp5T8iwHrZp6urYLZp6CYDqoWhMQw,Александр Семенов,https://play-lh.googleusercontent.com/a-/AOh14GgIrQNyBqmTNW_ZCkqQi7aL6QN3IGrm18eTqao7Mg,Использую в работе персонального тренера,5,0,1.2.2,2014-10-01 22:28:15,,
gp:AOqpTOFYTeQniUzpmWpP5-HcIabY7prQXIY2L7ikOeuRMUVdFRKQIUb9kGmFZ4M0_yBD9XsdAZnZkNRenaAREg,Troy Butler,https://play-lh.googleusercontent.com/a-/AOh14Gj37LG-jqXFuhtVsiT9zrYDqHzWsxK4sfVjwh6D,Great visual for patients,5,0,1.2.2,2014-09-09 16:18:05,,
gp:AOqpTOGDWqQDVL9YXN6gyVOrwzAixAHLI7AuDOLiCsmanwiYys3D-of1pyuIZTZOLq4LpzS9WmVxrJ3gdT389A,Dr. Arun Grover,https://play-lh.googleusercontent.com/a-/AOh14Gi9r2RxCWY1xcvGc12dAaY3jrU9ISxr4J-VKawX,Gr8,5,0,1.2.2,2014-09-02 13:47:54,,
gp:AOqpTOGsyc0D_5PZwK_viRtGXsUaGpS1Db1bCXQsGFinCgl95UZmKbSOI1BjlaKQcJIMKWdXTwehVFLpF7NQWQ,NS Chiro,https://play-lh.googleusercontent.com/a-/AOh14GijgYjdYfAde-gNaSU1399W1wC5owj0MMGWbuo3,Excellent app,5,1,1.2.2,2014-08-25 00:15:43,,
gp:AOqpTOGPG4Jf74NzxFVexsoqZJp1kxuP8CHc7YK4LhciAbQrzamaDyzEWAH6AaydXIw9qDO8I4NSCuXNz8dbrg,Sam Caruso,https://play-lh.googleusercontent.com/a-/AOh14Gh5u3vMD4tkit5QhIEXwJ-31dLUY-AnXsSASWKVGw,"Quick, easy and effective tool.",5,1,1.2.2,2014-08-19 14:15:53,,
gp:AOqpTOG51NYUnfM0u89TGA8KMDh46xB56nbsN42TR5oL0LUEGmMfHdddwnbf9-FCoZc_5x-ezAi3dxmzABakEg,Rodney Ruge,https://play-lh.googleusercontent.com/a-/AOh14GgJYBAFDyDzcnb71BSKFu38tqKP23VMn-u5D9B1fg,Especially great for wellness patients who don't want (or need) x-rays.,5,1,1.2.2,2014-08-13 21:40:25,,
gp:AOqpTOFGyi5kByC09fMDyJBzE6JMhrKSfgBV37glqXST9S_jPhNddc7-N2WEypZA9XXnruO3gUojLsJHjuHTFA,Brandon Johnson,https://play-lh.googleusercontent.com/-YksqN6r-IMs/AAAAAAAAAAI/AAAAAAAAAAA/AMZuucls7SxrASdIBb3uj4eU_2PYyb42Fw/photo.jpg,Very good app in starting program for new clients and evaluating progress of current clients,5,1,1.2.2,2014-08-10 06:19:14,,
gp:AOqpTOF_3rI8bl1Zy2ykFZyxSGOEKexTMyjE50w65Ut2NDw7DA_q-6X_4gMb4yS6Z_W2bRmN9cGOlRbTdivwCw,Liz Bezance,https://play-lh.googleusercontent.com/-vTUb5Fs6G2M/AAAAAAAAAAI/AAAAAAAAAAA/AMZuucmyjenMvdUGa4t8gowLCb0MscqDUw/photo.jpg,Didnt work well on my samsung galaxy mini. Disappointing that you only have 15mins to change your mind!! (why is this?). After discovering the app didnt work well  I uninstalled it but unfortunately it was too late for a refund.,1,1,,2014-08-07 06:37:46,,
gp:AOqpTOHf5nYkGhU8ZB3YeZlSX7eaGDeHJ_rrmHJWUHrKhbuW_HswEnD82_VH778fUrE-NqusmYq-Mcx2Sq44wA,Curt Rexroth,https://play-lh.googleusercontent.com/a-/AOh14GiqiKA8kglzPDK6bJjZKCHHUuUINau-nZNpo_F6Hg,Clinic director,5,0,1.2.2,2014-08-05 16:18:43,,
gp:AOqpTOEYqpHKAqIM_3TmwhSpc6wSnzIQ8N_skrRX-I0ikt5D8iJ3IfvBo2c3HW0k2AyU358fwvXkrxaElhEmZQ,Daniel Davila,https://play-lh.googleusercontent.com/a-/AOh14GjeqyfUyTMrCwZC9t2PlKfnBSIzt3z5hEuGLJYf5g,"Awesome tool for patient education, as well as measuring patient progress in a structural/postural based chiropractic office.  Simple and easy to use as well.  Really makes it easy to see progress being made.",5,1,1.2.2,2014-08-04 14:13:19,,
gp:AOqpTOHHC1QLxEdZ52SUXzR-nOHXWd_Fawk2u_uufuYGHu_5XbEAE2_HuWAVh-18vop7YCdTkcztoWRjay1RrQ,scott cichosz,https://play-lh.googleusercontent.com/a-/AOh14GhggDnaQb4Vr-7RAU0Ao5BCxgAO4ERBNu0Pxp4Z,Posture Screen Mobile is an excellent application that helps my patients see real results.  The comparison mode is a must as it is amazing seeing patients realize how greatly they have improved.  Posture Screen Mobile is essential for any healthcare provider.,5,1,1.2.2,2014-07-14 19:16:33,,
gp:AOqpTOFDEd2oIzaCgm6ldjT0tdyhdHd1BC2IZoO1DOwmfdKD7AMoEfYUZFERINvBpOzcQTFpGp_3-Z_R8b1c9g,Sarah Walker,https://play-lh.googleusercontent.com/a-/AOh14Gg16Dn8jbAn6o_b7DNu1r4MPeowFV7ArWXw_cRBBg,Great app quick and easy to use.,5,2,1.2.2,2014-07-14 11:22:56,,
gp:AOqpTOHPVe86WzJyDo7Hr-_kUZAWeJCQbzrkJKMO0uwQSCKJ5bbrgmFA6ygpAlvjLBuFR0l4C6Ac3U7VhJddvA,Mark Lipschitz,https://play-lh.googleusercontent.com/-olrv4yh_Cso/AAAAAAAAAAI/AAAAAAAAAAA/AMZuucmtJl-ULcUz9OOJdClKFLi_iySPLQ/photo.jpg,Bought an iPad for this app its that good!  Now I own it for my Optimus G!,5,1,1.2.2,2014-07-14 03:38:15,,
gp:AOqpTOFwMjmrxRp0EH7CLjBlJM4PNCt6f59sScQ1tfPq6qNkIqFEQ7fVn6r-FwcAEgrimhXFKkDT-2RJXfYGvw,Todd Kastler,https://play-lh.googleusercontent.com/a-/AOh14GgwleWcyLER8jt3cWT-w_0M8pdVJW8a2o_bpEVk,"Lmt, MMP",5,0,1.2.1,2014-06-29 19:59:55,,
gp:AOqpTOFwUIP0AoePTbjymRL8Be-SvNGtShAMc5epslS_0qYySWrQPiImv-fm9_awvscIPJcrDtwp5YCpUE2HXg,greg meyland,https://play-lh.googleusercontent.com/-deizwOxLbmE/AAAAAAAAAAI/AAAAAAAAAAA/AMZuucl7I2d7AjuzTGBfCfCcD3VrnU3P4w/photo.jpg,Great app with positve response from clients and other healthcare providers.,5,0,1.2.1,2014-06-28 22:56:09,,
gp:AOqpTOEYqkl-9usWxdkRc63PKO3mfaMAwIhZrpVWKKz-ejuvl3HBfY_LyrDpqwlX5mZgISzXfExW8Et64HQoZA,Greg Wheeler,https://play-lh.googleusercontent.com/a-/AOh14GhifpaX9DnFU_Smmh8w5T5LNub2AkPh3z7BjghM,This app provides a wealth of information in a short time.  It is very efficient and easy to use.,5,0,1.2.1,2014-06-12 09:03:40,,
gp:AOqpTOFnqm8e5ZS3A24RnXcD_JzNO80huH725vz9Li7XJGHLf2XYAPqig6ZrOoGdIz4hVdeEixn2ERHM8sGFNA,Soy Alpha,https://play-lh.googleusercontent.com/a-/AOh14GhYpPsBfdFH8A5feIirfVBnCoXOe3g-gjriY5YheQ,His way i can easly convince mi clients they have to work to improve their posture,5,0,1.2.1,2014-06-06 14:16:08,,
gp:AOqpTOH2rS08_iL9jkgzz-hrBYtYFf2zisnzWcZbdGtcabW3_QIWxups8zRRmWPZWvQQ8Grg53Z8SOb3sNAHLA,Jacob Kirk,https://play-lh.googleusercontent.com/a-/AOh14GiPetWPDCDpHiL-Vq2SPlpdF5UuWPJxDoBC0zaqtQE,Will consider better review when mute if the other optional features and upgrades are available on android and not only Apple. Bummed I can't use all the features on my Samsung phone or tablet,3,1,1.2.1,2014-05-22 04:47:19,"Jacob, there are reasons why they are not available that you do not understand.  You leaving a review not based on our Android version as it is, and rather on what our Apple version is completely lacks validity and will not make LeanScreen come to Android any faster, sorry.  If I had the means to release it faster, I obviously would.  Thank you.
",2014-05-31 17:19:01
gp:AOqpTOF6FmHK_dVfLiVJdqPnIdS-yYYkb-xSg4pOhxdDtaBpYZVXNXSmUfjkYEpzV5bIi5Y8YsExJ2kRI29cGA,Ann Brown,https://play-lh.googleusercontent.com/-SO1Rhjuj2O8/AAAAAAAAAAI/AAAAAAAAAAA/AMZuucltI1xXHd6pPZYrB6Whfkn5ZRcjVw/photo.jpg,Love it! Very efficient analysis and charting tool.,5,1,1.2.1,2014-05-15 05:57:09,Thanks Ann!,2014-05-31 17:19:35
gp:AOqpTOEbuQ564DMkDhUrHvIuD7IDUKL_TgLkLT0YmpIbB-UWIqAHHTKz2BjWNeRzwPAtYUEI8DIGpW879YCvZA,Steve Hyjek,https://play-lh.googleusercontent.com/-FUb8IolhMf4/AAAAAAAAAAI/AAAAAAAAAAA/AMZuucmL2R2jbBQhVPz4kqCw-1L8w2G_5Q/photo.jpg,Quick and easy to use. Great tool to communicate the importance of posture on overall health.,5,1,1.2.1,2014-04-16 16:43:14,,
gp:AOqpTOEDyg6adaIl7N3MyHJKy9-Jd9kF2C6Olgsu2MxLDLqiKlevhODemmNmM1EZvz0VlK8NJQ-EpwJON7a1CQ,Tyson Carter,https://play-lh.googleusercontent.com/a-/AOh14Gh02_C0VjFNXIZMIGHR1HxsRZkFjffn_6kR7Bpy,Great tool for any chiropractor!,5,1,1.2.1,2014-04-14 05:47:01,,
gp:AOqpTOEw0RpiGp0L0A7pIi2kPld1wJKCSGjQtidxYcnWB74qK-wskVhyBlMTPF5v3orpMV_BGAR2Y45ruiV6bg,Mariusz Bakalarski,https://play-lh.googleusercontent.com/-EpE_fWYLV8s/AAAAAAAAAAI/AAAAAAAAAAA/AMZuucm98j9QmxhI82lxVMpkTy8wKIGGDw/photo.jpg,Great posture app,5,1,1.2.1,2014-04-10 13:05:38,,
gp:AOqpTOGL2wJ3eavsH2xd7nmFOKmnr3P-WHP5qfOvOxbjcsj-nX-nRacqyhfH7WNOyjZVRB2Ysl0A5atYwHm-KQ,Dr. Maceo Powell,https://play-lh.googleusercontent.com/-TXFQvWJs9ko/AAAAAAAAAAI/AAAAAAAAAAA/AMZuucnK20uNZmKNeORFHq3-Sk8_paHxGw/photo.jpg,A must have for external chiropractic marketing,5,1,1.2.1,2014-03-17 08:30:21,,
gp:AOqpTOEeO3f-rWBtMBmAY79W-eg3xm-HyvCp8Bke1QpVmu7WoCzD-twx2eUCIK19aVK65eTF4aSxFpQzfxvyvg,Australian Bushcraft & Survival,https://play-lh.googleusercontent.com/a-/AOh14GiJ4OwnDU1P8bZomZvOwCAO7F0jJtTKLj9hz8QC,Awesome app. Helps alot during prescreen of clients,4,1,1.2.1,2014-03-16 17:16:55,,
gp:AOqpTOHkwxtb5GxKT0N9K0IVR0XmGxaIMk_8wrZY-c9DdU0l_aNi8o9UJAHgUeTnBC6yKfUgN7VKLlcOhZQ1cg,Jeremy Payne,https://play-lh.googleusercontent.com/a-/AOh14Gj-ep7MrEPFClCPQyjOLooClWUeyjTuanVCMzRl,,5,0,1.2.1,2014-03-06 05:14:01,,
gp:AOqpTOE-9aBb1e27uB9VbPcwggmZid68Dg0QJ_58pU_15-5Kokmuldab9B4g3tGXVy7wPQT4GzeP4MmyRYaIWg,Dr. Michael Ruiz,https://play-lh.googleusercontent.com/a-/AOh14Gj-sljwmNMdw9kuDmVD1KILdVNrCLSIlCQZUjMd,Patients instantly see their posture improvements pre and post adjustment!,5,1,1.2.1,2014-03-02 21:54:59,,
gp:AOqpTOHE8RK2KXIAIqEr6XWb_jydNR7arKEJ8ozHYHB-UVE6Rlhk92tI1MG_hRFu9eMyLRb2R52VoVHRan8EaA,Laura Polak,https://play-lh.googleusercontent.com/a-/AOh14GibPgh9BKa6ZHSuBJrwtXOQfqlV3TN1inXgSd0faQ,Big bang for very little investment.,5,1,1.2.0,2014-02-28 11:09:35,Thanks for compliments!,2014-03-05 12:25:35
gp:AOqpTOHFmmnOv6OeYXpsZM6Ig5ilYIX6jOUfLlqwpaEAlRiKMGIuFltSZ5wOH3m8P8gX8QIUzxZn9KjCwFvupA,John DeWitt,https://play-lh.googleusercontent.com/a-/AOh14GjmKGSICc_exozCEY4Qa2YI8rXk9Pz4FL09ypUD68E,Phenomenal!,5,1,1.2.1,2014-02-25 09:00:41,"John, thanks for the kind words!",2014-03-05 12:25:50
gp:AOqpTOFM5v_F9qKkA4NnEHMA7T63bgVZEJf9TC44OZKJ6HQC3wZdBa33vkKDcFm6-x5SzQHHy_5Zs-zvCrWnVA,Pam Lacey,https://play-lh.googleusercontent.com/-zAsN_Lw5ilA/AAAAAAAAAAI/AAAAAAAAAAA/AMZuucmj0jjDj-qLMEogulSOeELs28GeOA/photo.jpg,"As a trainer I use this app before, during and after corrective exercise",5,1,1.2.1,2014-01-09 18:35:26,,
gp:AOqpTOHi9ToJiAFLOjWwTmFH-gZrAXWAVgbkIQQYdhlU1o3C2DkP2AePHke8yTF_7SvwQhi8R65Po__LHGei8g,Sarah Gerschutz,https://play-lh.googleusercontent.com/a-/AOh14GgmkCJwlaqlWaA98sDZ7WB3CZ6nbGgoc-AvFzX4RgI,Pretty cool,4,0,1.2.1,2013-12-30 20:55:30,,
gp:AOqpTOEBivfxS3qpCX6SpjeWMav_wEvEuefbRqFPVeFOCs1QU3amZ7shqb14agclwzgEiBS18m3vAqRZXJSing,Jaron Soren,https://play-lh.googleusercontent.com/a-/AOh14GgV5ge4qGLvucc1guszv6nsGWtC9eNhxRdRby3I8w,Works well,5,0,1.2.0,2013-12-16 08:43:38,,
gp:AOqpTOEg02cZUbdXcWUlrj9OM4ihrs-zarb-nUxujfBeQZepTDmCjYh4EmXnPBJJMTDIbFT4xcgr47UIEW1F1g,David Nicolle,https://play-lh.googleusercontent.com/a-/AOh14Gj09tA6ibu16hdJW8kGDzS1kMWEeJPyuvZB1I89Lw,Good idea some poor execution,3,0,1.2.0,2013-12-16 05:45:40,"Dear David, what is poor about out execution?",2013-12-16 08:27:16
gp:AOqpTOH1x7ZBoyV3BfcX78yHcfA-wEVsxD64LWveW45SeYrgaiocid51xQV-hyc8C6bMeXhm9SJ8wHXASkuK5w,Lic. Javier Traverso,https://play-lh.googleusercontent.com/a-/AOh14GhId_olO-e3U-zPSW1Cuhg2tLXUGuUk7c9N-qaxpw,Good app,5,0,1.2.0,2013-12-11 16:48:16,Thank you for compliments,2013-12-16 08:27:28
gp:AOqpTOEYzi9UdjHJ2teL2gK7xFmPAhBg8JV7MCMljsMShgn1xMksEUF4pi3wB4Qt5RZKwrNIg5lNrNKm8aOEnA,Devin Scoresby,https://play-lh.googleusercontent.com/a-/AOh14Gh4iudwsbD5uyIpvoa0NUN5C8CCu5--obwU9ugKvg,The program works great. I have not had really any problems with it. My patients really like it. It is easy to use and fast to process their posture. I'm using a Samsung galaxy.,5,0,1.2.0,2013-12-09 10:25:13,,
gp:AOqpTOGjmatmC7NO2pKLuwTrfIeH7iXbXmSmSw5YkI8KQ1ssLyZuvdw4dngEHVfz_PABly5W21CaZHrUwnRgGQ,Patrick Fong,https://play-lh.googleusercontent.com/-NEXLc1pkEK8/AAAAAAAAAAI/AAAAAAAAAAA/AMZuuckDFumYz9NxHIsJ1VKJUbf33hF2vg/photo.jpg,Would give it more stars if I could actually get this app to work doesn't seem to work on android 4.4. Pity as it works ok on my friends iPad.,1,1,1.2.0,2013-12-08 00:50:57,"Patrick, I have numerous Nexus 4 users on KitKat running fine now.  If you can make it crash, and generate a crash log, please forward to us.  I notice too, that when you contacted support, you never responded, I suspect your email is blocking our replies possibly?  Also, if we can not get it to work, I will gladly issue a refund.  ",2013-12-09 06:28:53
gp:AOqpTOGHPBRXiB5NogQRxmBgbQLNQj5PuX3TMc0qQosbKdIAnu8hIW0vDpuMkJMcBAOh513qn-LNMuZPK7qXyw,Karen Pinon,https://play-lh.googleusercontent.com/a-/AOh14Gh9MJv4wKFXYlEYL9onHTT7YJah1nR8rzL1IE0tkw,Helps show people what's happening in there body.,4,1,1.2.0,2013-12-07 04:47:59,,
gp:AOqpTOGwKb6KWJrVNecrWjeN6tUA9cHp6Jp-LKMA8JXnX7PrxKtFYq9AnutNL9wi8j43EHoEXS7tWMMYcAgf9A,"Tri Myers, D.C.",https://play-lh.googleusercontent.com/a-/AOh14Gj2iDpVXOV-R6L81A19d81RK7yl8YG48W_1KxYHrg,Good product but keeps closing down while using,4,0,1.1.0,2013-10-31 08:55:36,"Hello, instead of posting a review looking for support, we are available at info@postureco.com.  We have not had any issues with an S3 crashing.  Try rebooting your device.  Feel free to contact us at through support center https://postureco.desk.com/ we will try and help if you are still having problem",2013-11-11 10:09:57
gp:AOqpTOGYYs6ZaLEVcNIfRRwyH0uF3hOuM5--LiP7YJPKJEP1XFDGNd2DMNk_n1asrelkqUHjO6HdI0rCjM-EJA,Carla Marais,https://play-lh.googleusercontent.com/a-/AOh14GgFsnKxk1XK5rH8zo1gLVd5sCZDzrJTR6-rN1Q91A,Easy to use and effective. Patients are usually shocked when they see their posture and realise what a negative effect it had on their health.,5,0,1.1.0,2013-10-30 23:27:23,,
gp:AOqpTOHonDX7c9fQzw2A2mEc_PlG6nhhTUGatPvaUe_Hl8p3p2fYcqC5pJgiZquZsige-eTFaaEeDCKxIfFG4w,Great Horny Toads !,https://play-lh.googleusercontent.com/a-/AOh14Gh_rSNvHFOHXpsyNNyyAMb4afr72mxokgom-6LV,"Can't open app, gives message ""this application is not licensed.please purchase it from the android market"" WTF? Somebody please tell me why cant I open it?",1,1,1.1.0,2013-10-02 18:16:08,"Dear Michael, this is not our app.  It is a problem with your account or Google Play.  Realize this is not the place to ask for support either. Go to our website for support.  However, if you have not performed exams, simply delete the app and re-download it using the same Google Play account you originally utilized. For support: info@postureco.com",2013-10-05 07:40:10
gp:AOqpTOGrn2KfAnaKRwFPFdGoU9FBCQYXmeDIaBnPnRrnOHMrSTilT74CG9B-YRXieDtmxPY_puoWF6kbzkf9eA,Mornpen Chiro,https://play-lh.googleusercontent.com/-h-uNUQ0LTNA/AAAAAAAAAAI/AAAAAAAAAAA/AMZuuckWmtraJufAo83JsnlTojYIuOhHkg/photo.jpg,Cool Love it,2,0,1.1.0,2013-09-17 01:25:19,"Hi there, thank you for the review.  However, You say you love it, but yet gave me only  two stars?  Usually that indicates a poor app.",2013-09-17 07:31:13
gp:AOqpTOE4n1in-tSWRa1ABqK9ZWKD3gnmO54CilGzzeXxG30iVXkunBe5DZD8eGFfXCBMJrlgChRNtUaQm876iQ,"Dean Brown, DC",https://play-lh.googleusercontent.com/a-/AOh14GgdpSeate9EI2heuON30vLHDSvL4LhEfE3uv3hQ,"You must have this.  Guaranteed ""Aha"" moment for the potential patient.  It took me about 5 min to learn and can do an incredibly impactful screening in about 2 min.",5,0,1.1.0,2013-07-28 13:03:32,,
gp:AOqpTOFOJrWOcuc5ii3M-c_8SBchN752ECAYywNDEopgKHCbAAxaTw7upa0qevlrOxftOxOIQTOxRnPfMLgJoA,Cyriac Joseph,https://play-lh.googleusercontent.com/a-/AOh14GjhW9Y92X8HiZ2nSTcZJ83WeYO_ND56IROMRFXjXQ,Its economical but key features are missing e.g there is no way to rcord left lateral deviations. Further if left lateral deviations  were recorded and there was way to compare left vs. Right then one could have rotational deviations too. Right now it is more useful as a marketing tool. Also you need some bright stickers to mark out the anatomical landmarks,4,1,1.1.0,2013-07-26 04:28:31,"Hello thanks, but Y-axis rotations from photos, are way more complex. I know because I have done this already and was part of the research for PosturePrint. see link https://postureco.desk.com/customer/portal/articles/957426-research-on-posturescreen-mobile-  We will add other views though and planned on it in future starting first on ipad though.",2013-07-31 05:06:09
gp:AOqpTOEvS5tq0REWbaS4nSSaezFC7zHLUUxlOlwB6dkmI_0J8s0j9NWzL16INzRpvwUWD4UVOsqbcjOYhcjppg,JÓI Sveinbjörns,https://play-lh.googleusercontent.com/a-/AOh14GhB7jj_lukgyR8AJ21sKKVdVO_MEc7BDis_SbXW,"I spent 30 $ and still i have to have an extra credit if i need to take new photos in visit no 2,,,  Well they can suck on some one alse then me",1,2,1.1.0,2013-07-16 13:13:30,"The app description is COMPLETELY clear.  You failed to read that we use credits.  I will happily refund you if you email us your Google Play receipt and request refund.  However, next time, please read the app descriptions as it clearly states everything.",2013-07-21 01:25:08
gp:AOqpTOH7aToUTwsaGFmz2QW0rXXHsBc0KtbPg27V9wm2tkOD_wnJlTsxKbHF93lUxdBOoiU8i2QyIZfbj1zRJQ,Dr. Shook's Office,https://play-lh.googleusercontent.com/a-/AOh14GjaAN1vlcEhFGZxAnvtrAco8-hBENwPkrzAh4rHIQ,"I started using this app with all of my patients and it was amazing to see peoples' response to seeing their posture. Most people have posture distortions that they are not aware of, and this app makes showing them mechanical stress on their body easy. Highly recommend for anyone working musculoskeletal conditions.",5,1,1.1.0,2013-07-03 19:36:32,,
gp:AOqpTOERf-b7Wr6sVgqR0QR6vDRiXoqTNmz6FeqbKB4d7SX74WojVNReFfCHvfymZN7f7PK5FYbdJ9Z2daZfmA,Dani B,https://play-lh.googleusercontent.com/-T7-3-6bIUCI/AAAAAAAAAAI/AAAAAAAAAAA/AMZuuck08M-uNbks8iotwC_XPNWR6kIOvQ/photo.jpg,"I'm trying out my 15 minute trial on this thing, and after taking the first pics and placing the markers, when I click next it says that I have to use a ""credit"" in order to continue.  Credits???  And when I click to do live chat with a rep, or email my question from the app, I just keep ending up on a blank page with nothing but ""support center"".  After reading through the help questions on credits I find that I have to pay to use the full application by buying credits as I go along, and since I don't want to have to pay to use it as I go along, I want to uninstall and get a refund.  And I can't!!  Not happy.",1,1,1.1.0,2013-06-28 13:54:23,"First off, yes you can.  Second, my app description on the Google Play store is quite clear, so it is apparent you did not read the app description before purchasing.  If you didnt get response through support it is on your end, our site works fine.   Please email us at info@postureco.com your original receipt and I would be happy to refund.   Joe",2013-07-03 06:19:53
gp:AOqpTOG2mTFBY3QSXyW1_9eU79liqJFTbWNIMGW2OVf2v_K2MFlCr2iE2rlNfqjLeQw0rhjM5ZL4-bDW3_Bt-w,Dr. Fredrick Williams,https://play-lh.googleusercontent.com/a-/AOh14Gh9emSeL2YCSnfRzvnz1CGQfXTgmJoI5APUW_8M_Q,"Its easy to use, great way to educate future practice members.  A lot cheaper way to go then some of other screening tools!   -McDreamy",5,0,1.1.0,2013-06-18 09:56:00,,
gp:AOqpTOF7_tVNL-shq-RYDHIdDRLg6N-O2nN_F3VHlwdGJ_KQO3mquJQVjxZIvjA3JPyFBrw5OV1hysdnsLc-nA,Nicole Gilliam,https://play-lh.googleusercontent.com/a-/AOh14Gib6i3haF30GD0rm_apVM82aS0HGZUeR3CURO2dJA,Was looking for an effective yet inexpensive screening tool... and I found it with this app. Thanks so much! Using with my Samsung galaxy tab and s2 phone.  Works very well.,5,1,1.1.0,2013-05-23 18:22:24,,
gp:AOqpTOFg0tBmrBMf427aX1hjmMfXgBWwwOtWK1r-p99fQ6kjpWABI4tpcvThIP_sfxwCOwMuI77db09Z-SxAdw,Ralph Winestock,https://play-lh.googleusercontent.com/-m7A0NJvF4j0/AAAAAAAAAAI/AAAAAAAAAAA/AMZuuckLtGyB2oJAOeL_44d_iGdPyKrhHA/photo.jpg,Very easy and effective to use. My only screening tool anymore.,5,1,1.1.0,2013-05-23 17:05:07,,
gp:AOqpTOHp0NanInFgGbPCVtuRXBE5i2chxcD66Yyo1pJ1rVmqhqlg1QFpftBo6f8M7vyLdnPdT-_faRs4qvpuAw,Briel Uriel,https://play-lh.googleusercontent.com/a-/AOh14GiiyalQ4fXuqtnohTCfoIPWiUf97Ba7FxQYjr5q,Unable to create the pdf. Good concept but should allow a trial period to see if works with device,1,2,,2013-05-17 00:34:03,"It DOES work with an S3 as I have tons of users with S3s including myself.  I am not sure why it does not work with yours, but it must be isolated issue with other software you have installed.  My training videos even demo it running on an S3.  Negative reviews do nothing to solve your problem. I responded to you via support and offered refund. ",2013-05-18 07:36:07
gp:AOqpTOFx5BVMht-o2kyhYvBFaUEqvAAE0ZY-v6uZR7Tw4mqBrihv-zXLwI6eHM3G-JlnwxWHmOFLfmr8SnPf7Q,Sue Moyers,https://play-lh.googleusercontent.com/a-/AOh14GhuBYK0alrjO7-osdzD8kB5rYiP8h5JGAnXXGNbuw,Really useful programme. Great to show my clients what I see so that the work we then do makes sense.,5,1,1.1.0,2013-04-12 14:09:04,,
gp:AOqpTOFFMxks3z3U2lWKlRz-vbxpX2kVAMa3Yvq_cjg45s3xoeL6ByR0X0dcPD_ZVKg9wYrzHzZ0bWDiTq1mNg,Raul gonzalez,https://play-lh.googleusercontent.com/a-/AOh14GgQ91VB-G2pQ9w07BAzjV7fGpWzN6JUS0z9s-ysFA,Excellent,5,0,1.1.0,2013-03-29 05:39:20,,
gp:AOqpTOGtzQqmnc-Q8XQ5TJK28EbfB_o7LvBHAEVMAybtE4yye1ht_du_bB7foqwazK1rCsi2qNMSt2Vwrilx1Q,Denis Moffat,https://play-lh.googleusercontent.com/-i90nvFcGeg8/AAAAAAAAAAI/AAAAAAAAAAA/AMZuuck2Puqhrfu9-uPqEnFdcTAUUuwxhg/photo.jpg,Doesn' create a pdf on asus transformer therefore of no use. How do I get my money back?,1,1,1.1.0,2013-03-04 17:43:48,Please try install other PDF viewer apps like Adobe Acrobat,2013-05-18 07:37:31
gp:AOqpTOEkPxbhCp9TsRteUDiu7B-D7iQl3h_tZnlMaodcMI7JiPyfmSkJqPLVsDR6dZKpguINSZZ_Gn1rWTbyVw,Alit Pawana,https://play-lh.googleusercontent.com/-0UqaV5u-mKU/AAAAAAAAAAI/AAAAAAAAAAA/AMZuucmWEQ8X-Zi2ALoRGS-hoEfefRbF0A/photo.jpg,Very good,5,0,1.1.0,2013-03-03 16:50:15,,
gp:AOqpTOFB4aHcAl7HBWfXZUmJhD1EEU5JHXXp913LcJzUu2ryc3F4pu1QCJH6FJVFoVXZl0xzn1nHzR00XP6D0g,Richard Dry,https://play-lh.googleusercontent.com/a-/AOh14GiltNizB27UE7YoRF3ehzx5U4MI4q14cmc71Nqs2HA,Great App!,5,0,1.1.0,2013-02-28 18:08:11,,
gp:AOqpTOHkJW2PrUplMGGA9LFoMIBlxWrc7ybVI8gxyyZnRYKUjPhLPIeMLxVFuWslFMSS1ZdAM4B6iGgTIGRCjw,Andre Shareen,https://play-lh.googleusercontent.com/a-/AOh14GjsO45hzLFXNe7Pd5zasvQ6ynxRw7PFwXTzYx0GGQ,"Not easy to use,  paid upgrades everywhere.  Barely suitable for personal use.",3,1,1.1.0,2013-02-24 00:33:31,,
gp:AOqpTOHSzxt-RqDpNiR-rK0HvDDN8noB3C7N9Uy1lUYV47zv23ajjvX7BSHWhBiJo_ZBsKR84g89GjNT6VEocA,Roger Martinez,https://play-lh.googleusercontent.com/a-/AOh14GgJLzNUbUNRD5OVMN8O1kEXxwu6cx5b1HKOrgpDoBs,Use it to screen people at flea market and in practice to show new and existing patients how important chiropractic is to correcting posture.,5,1,1.1.0,2013-02-15 03:59:55,,
gp:AOqpTOESYSv8rPcQQH-Z1u2Ln68DMlbR3l3qhTXAgymuIBqh0yj8ttS3-IbZA-SBWJFhAOYvjk8h-kz4OmWcRg,Doc,https://play-lh.googleusercontent.com/a-/AOh14GhcaqhAixd2_OD5mEAuIjzqo_fqUvA84PxJ5OgGgug,"Great idea, but images are too low in resolution to accurately place markers when viewed on galaxy tab",4,0,1.1.0,2013-02-13 10:07:42,,
gp:AOqpTOH5HYi9Qs9wCgqjQfoOErk8JXXS-uppZ6pGBYm0q7oqTBWbryfR1K_5tqTzf8gJknseUiucPUXiabqJTg,Wade Lin,https://play-lh.googleusercontent.com/a-/AOh14GiY9y5SplKx-itpl7ddNwA0cHfn5gRzBfXupHLD,Amazingly easy to use app. Easy Way to assess my clients posture with clear pics and outline,5,1,1.1.0,2013-02-12 19:06:12,,
gp:AOqpTOHqVjcFjo_Xwn9GrQQToBsZcHtZ1202pwkKvzG5ohJEWwH5rp3yP4mR_QNi6hYl5TCQtBR8W9UN2K5UnQ,Wendy Jacobs,https://play-lh.googleusercontent.com/a-/AOh14GiJInCuRirlbnc6UELzwA1kwr_RbCF5Td29Qov-,Nice app but sometimes difficult to zone in on exact spot for posture analysis,4,0,1.1.0,2013-02-12 13:57:39,,
gp:AOqpTOGHdIV4P3KJVWmTSRdqaWcIG3qMp6ZDz9T7mdj56BV8Tyr25ukXPgLO_H5l-DAY6mqZEgWgIxC6LINq_g,LaToya Jennifer,https://play-lh.googleusercontent.com/a-/AOh14Gh-yvb4PcHtZXGO05Tgihfd6qrp8ODHKD3calsqirs,Great app for personal trainers,5,1,1.0.4,2013-02-09 08:22:52,,
gp:AOqpTOHXgBaOvEyYy25LHrcu4oqOv0VSV8ky6KYg53oRevdoRBWa58mSZq3kJhurcH9EuGYqZk6J5IwJwIi_Dg,"Aaron Pazik, DC",https://play-lh.googleusercontent.com/a-/AOh14GjNIxxxEahGo1RoRNf3aE3QcRcz1A5rUIwsH_MIuQ,This is a game changer in our office for patient education,5,1,1.1.0,2013-02-08 09:55:55,,
gp:AOqpTOGThbxHhcgoLcuFYpgR2sBArNHXBhCIptmo2wQSpsI44NbE-B7hssauSG9pYxFna-GCV4Gc3H23vhTy5w,Joe Betz,https://play-lh.googleusercontent.com/a-/AOh14GjGB1eGfl-p03cY0m_GnXC961p_djHkCQltedYq0g,So functional for such a small cost! Clinically I use this app every single day and couldn't function without it.,5,1,1.0.4,2013-02-03 14:59:29,,
gp:AOqpTOGK9NrPzLY4_-3SXsoJCsgFNJbS5KiMCNi9e52YxMW5Bh6IEs48fX3lDEdUAx5kapjaKKHZJ6uexaiFeg,Oliver Thompson,https://play-lh.googleusercontent.com/a-/AOh14Gg93Qwl_lSoCLep4NPRBxFHall9dDS8wdTNSL_X,Easy to use and great visual aid to show clients their improvements!,5,1,1.0.4,2013-01-20 22:31:08,,
gp:AOqpTOF7Kye9NCR-F1ZO7aye_tqAm4ZGbgE3Dmk6l5ejlAH0X0KuLSZ-R9abYmsPvm5AxzD8Ms1qI7LTpaGr3g,Brenda Sanchez,https://play-lh.googleusercontent.com/-zfrtDMcY0fM/AAAAAAAAAAI/AAAAAAAAAAA/AMZuucm70NEh1Vr6xMoECzqlbVVJBBF-2A/photo.jpg,Great app and extremely useful!,5,1,,2013-01-18 19:38:48,,
gp:AOqpTOEirJwE8pHk4zVHFd8ZSmKlUI7pY44KsI-MZOSKroNXZ2d_bwE4Er6_IysryjjFu66VoKD4bELpT5p8xg,Jan Jones,https://play-lh.googleusercontent.com/a-/AOh14GjWue3XskteBTklY-2yYFyLTpWgNvXA-w24qOi3hA,There were problems earlier. Great support and sorted the issues quick and effecient. Great product.,5,1,1.0.3,2013-01-14 22:35:15,,
gp:AOqpTOGORfI9Y2i4Vxz38Fv1fJFThmWKCOG-1b147fBxiEdeRsvVheCWRqtfqwPHyjyCr21coMtzib7KgKb7Gg,Oscar Terrazas,https://play-lh.googleusercontent.com/a-/AOh14GhIH3Hb3m40RzLM1BTAGrBn7hIJMpEJYnfXr2oxfQ,The perfect objective measure,5,1,,2013-01-08 22:04:30,,
gp:AOqpTOESuEwrEqNK-mhTd6HH594whFIDT2SZWVUAxzuO5HhC6_ndvBPlnAIfHn0-07E2wf5P3VEeNTq43-MiEQ,Brandon Trujillo,https://play-lh.googleusercontent.com/a-/AOh14Gjyk476QfJOI3hmGC0pROkAaDTVZr2wOxauhREEvQ,"This is the most used and is the 2nd most powerful tool used at Chiropractic Revolutions. (#1 being PostureRay). This app is second to none. Your Patients will be amazed at the visual reference they will have as they progress through therapy. The side-by-side comparison reports not only show their improvement via posture analysis, but will also show weight loss or muscle gain (if you offer those services in your clinic) and will improve Patient retention, education and motivation. You need this app!",5,4,1.0.0,2012-12-02 15:07:25,,
gp:AOqpTOEm_MXeIuWosuMv4cWI1EUqDRn0WCflfK4ipS7dqhpRM3NrJs2991LafaLdJmqBBes_2wAtAlj5sww7iA,Stacey Trujillo,https://play-lh.googleusercontent.com/-lkZU1kaLEnA/AAAAAAAAAAI/AAAAAAAAAAA/AMZuuckimGVwBy_l4WKeKE3q86p769_NMQ/photo.jpg,"My Husband is a Chiropractor and people always ask me about his services. Now I can just take a picture with my android device and give them a Posture Screen on the spot. And with the email, and Dropbox features my Husbandcan follow up with them later. Very Cool!",5,3,,2012-12-02 14:44:05,,
