reviewId,userName,userImage,content,score,thumbsUpCount,reviewCreatedVersion,at,replyContent,repliedAt
gp:AOqpTOFvzO0fQf3E8ZfyMyu_Hrus654AR5Pha5V2wqJfcHsDMRqy6e7OT5JzysGrr3WvyOxk-Z2QXOv5-jAF_Y4,Mikey Henderson-Toth,https://play-lh.googleusercontent.com/a-/AOh14GgX4s8HE3ot3Z_YJe8LmDbhXMT4P9j0hj77sD3TDQ,"Purchased this once; it's still on my account but I can't upgrade to this version (the only difference is supporting the newest version of Android) without paying for it a second time. Also, keep in mind that you have to pay for this game on every device you want to install it on. I loved this company and their stories but this is a despicable business practice.",1,2,4,2021-02-05 21:00:36,,
gp:AOqpTOHQ24Jp3QPDHIhDTkEUzDWf0qiiyBF6uUDTPnZh-bWnyTHISaQqhL4JNgNCSyiam71hP6H9pvDbjEP62I0,LegendaryHard 29,https://play-lh.googleusercontent.com/a-/AOh14Gj2iLYKJ6nlamAuyzeWkv_PMArGu-UmRAlB_jld,Backlog history is the most important part of visual novel and you have no option for that? I will rate this by 2 star for now until this game adds backlog if you can add it I will rate this to 5 stars,2,3,4,2021-01-12 07:27:20,,
gp:AOqpTOEukJYyyuFoZlkNqFZxP1MVz8_PficGnP_4LFB5UYicQdFC87__hxx77wmTnFa7BFtm-xO3PEzk9_lA0zs,David Born Again,https://play-lh.googleusercontent.com/a-/AOh14Gh70o8TdYTEJbgNblmBZM-9LloGQ9ZZoR63cMgprQ,"Absolutely amazing. Though was there supposed to be an opening trailer, because when I open the app, it just takes me straight to the main menu screen.",4,7,4,2020-09-29 16:55:07,,
gp:AOqpTOE3yv209X7DK6zExv0O-o-qwcEg2rOwvQ4MY_9F_Vyrw2Au3m9dWJLHjcqwBdSdM4l5oSVVsk_70QMKFtc,Jake,https://play-lh.googleusercontent.com/a-/AOh14Gjc6cwyclNTbWOxINhtECt6SRv7N0pCXCzkhPwjdw,"Love the story, characters and art. Loved it so much I have both on my computer and phone. Love the work PixelFade does. Have all their games.",5,11,1,2020-09-17 21:46:16,,
