reviewId,userName,userImage,content,score,thumbsUpCount,reviewCreatedVersion,at,replyContent,repliedAt
gp:AOqpTOF6-T7MRbzvBc1EnZW1d6Ad9sa0r0c6CaQ3G9VmWD6_MRvl-mZYQwz5zO7zuxGEEddTsik2sBe7MOIT2g,Jacqualine Murer,https://play-lh.googleusercontent.com/-EGp1WQbqSo4/AAAAAAAAAAI/AAAAAAAAAAA/AMZuuckT-Npr25YhaNj1UhijsiqxrmbxoQ/photo.jpg,Enjoyed the game until it wouldnt let me log in through facebook so i had to uninstall and reinstall and was charged $6.99 + tax! That quite a racket! I think i should have gotten it back for free since it wasnt my doing!!,3,2,4.3.33,2021-01-30 02:12:58,,
gp:AOqpTOHsE9gt_x2J2gVGipz0DspWCB8mIDARUMikUI957npDEqZOSuijT9Bx_-INhVep-pxTLTtQvCZSJl8-gw,Danielle Cheney,https://play-lh.googleusercontent.com/-kvTAi9zH8gI/AAAAAAAAAAI/AAAAAAAAAAA/AMZuucl_8LkdsM8Rki7G6TTFl2UYyhOkLQ/photo.jpg,Great game,5,0,4.3.33,2021-01-01 19:58:35,,
gp:AOqpTOHnQp30OOt2jIBnJ8tuJsDl4QgMFizPrnoIA4eVdsa7bJeMyw1Glqmop8g5kVBCEJlSh3rthbeKQAaSiQ,gavin mccall,https://play-lh.googleusercontent.com/-9A6nsDP6gX8/AAAAAAAAAAI/AAAAAAAAAAA/AMZuucnROZ8137XkKEK7uW80AWQLTmd7eA/photo.jpg,"Great game, thanks for the update.",5,3,4.3.33,2020-11-28 15:53:07,,
gp:AOqpTOG_Y1FKbc9avzYsBc7Fw39EYhvgcGgkqxvskyytpovktx3EPKp32kLVkiZ5caWJHX4lzNfy0I7qZtmrDA,Reuven Cohen,https://play-lh.googleusercontent.com/a-/AOh14GjK4DgNL6pP1RNc9bHlHnUsZlkSzBhJW59ezXS3,Very intertaining,5,0,4.2.81,2020-10-16 01:32:43,,
gp:AOqpTOGzlIRASO9Sxt6WsxBMtev61dthgYaVk1VfAORhGPnNmaHFHUSU0Kk19ltAVgmCYQMOn17WmwV_vBCjtQ,Helen O'Sullivan,https://play-lh.googleusercontent.com/a-/AOh14GgVag4anZo5I4fbroL7GgwCykTPlWWde4AJmVY,"please provide an update to 4.3.26 so that we can continue to play with apple users , who have automatically updated to that version. at the moment play is impossible with them.",4,6,4.2.81,2020-09-13 01:44:50,,
gp:AOqpTOG6OixAjRcoTT7m0KBlGLqU83Pmi2a2eHDF0Af3DHMPBjIhwmrjELbnli2IWqVQOcaWflxYczPAtBqOhA,Will Fraser,https://play-lh.googleusercontent.com/a-/AOh14Gh1KgLfmlRTWRo4E83uv9CRhWaxVIX52d5R8J4cZQ,Great functionality. Love the game play,5,1,4.2.81,2020-09-04 23:16:03,,
gp:AOqpTOE8p4HNqp0r8ErR9ELpxwFwKwfCXUe8djVPxYoNyt3ekMM2SBQgqqTI1dYlMa9VUYD5wAq4ovVE5nCrIg,Amanda Pierce,https://play-lh.googleusercontent.com/a-/AOh14GjUwfIlcyH4c_JuAV3gmrUY0rwcaYFsvwNxVXkmQQ,"Stick with the free version, money and level didn't transfer over. In fact, I see no money on the pro version at all 🤔",1,4,,2020-08-19 12:18:58,,
gp:AOqpTOFS226fqh22Om8CkyqcZ998ilpkvysEgGlvUEgigjNIf8uZxs0fT2Ax_l70da5R385617XVctr2aDpolg,C. P. C. D.,https://play-lh.googleusercontent.com/-vNMm-UX9IBI/AAAAAAAAAAI/AAAAAAAAAAA/AMZuucmhssCf0zMTTfPVvjdHD74uMGI_5w/photo.jpg,My favorite game with the family and friends,5,0,4.2.81,2020-08-13 05:46:23,,
gp:AOqpTOHs8-9w-tkO9rC7P-w5GoPDA1zNn5SmMsYbQdb5StQyRzxvEYR9jhznm4E_ZQiSCIuciPUSx2fb-kP6HA,Susan Rea,https://play-lh.googleusercontent.com/a-/AOh14GjC6-ocFCclCLTmm4oqViDcknLF3LyIzzGevCIUaA,Fun. Hard to arrange tiles on boards so i play sans timer.,5,0,4.2.74,2020-08-12 20:55:08,,
gp:AOqpTOFC3DcPiUyOYc_SGGQecX22Ip28QgoHVon-LkfV-Ww7eOfK1XI550NT5eAydOGnZaoRLFl_nIa-W3zUqQ,John O Neill,https://play-lh.googleusercontent.com/a-/AOh14GjGKeIEyv-HvlbVUc8GxDxl449EQSDmI8eQ6g1Plw,Excellent game. Its just a pity playing with friends wasn't available without having to log onto Facebook.,4,10,4.2.81,2020-08-12 09:32:03,,
gp:AOqpTOGNSAoQ-WMDrh4MIorfkBcKDUMP8lPapD6hyMWuPwcGe8njilC_OV8kdHn5cGURVdTMI7SBXCAIIDOzvQ,Michael,https://play-lh.googleusercontent.com/a-/AOh14GhvxATa4pGplND6TWZks05nLaonofFMfKEG1-TTbQ,People who bought pro cannot play with people who haven't bought the game... Got a refund.,1,5,4.2.81,2020-08-10 13:57:18,,
gp:AOqpTOHaeJrqt0fHAMBgHo7n1ZdsZehjEKBxnyNuXf9oGL0x3TL9W7HAQ5kZmj4lUGiXXF-U6LleFYU-aWzCRA,Judy Hedrick,https://play-lh.googleusercontent.com/-JAXUFhwUmzs/AAAAAAAAAAI/AAAAAAAAAAA/AMZuucnnRRC5SXT_RTjfxBF86y27VfYbLQ/photo.jpg,Please send an update for newest version 4.3.26 or 4.3.27 I'm unable to play with facebook friends with version 4.2.81 Rummikub support said both parties need to have the same version to play with friends. Thanks,1,16,4.2.81,2020-08-10 12:53:58,,
gp:AOqpTOHrOBV5JJIPAWzR8XUxJo2Mq9eLMs4CqZbx1OumvT7hYRDNS7cghE7FfXhkB9LH1qXEEaSEFeC56XiylQ,Tanja Sutton,https://play-lh.googleusercontent.com/-nK0GcWOCpoM/AAAAAAAAAAI/AAAAAAAAAAA/AMZuucmWVUIN8CT-8ZgcWDZlnwpjzkRp3w/photo.jpg,So fun!,5,0,4.2.81,2020-07-24 19:04:31,,
gp:AOqpTOGA3k3Ni4p2w_vn45kSUrSWC6N-CauiWLy8d24PpBxqtyRKny6Jrylr9aH6w1OTZXrK0L1OWj9NNIENuw,Jane Donoghue,https://play-lh.googleusercontent.com/-kaugd8au9GI/AAAAAAAAAAI/AAAAAAAAAAA/AMZuuckxnNzisFbfnRno7mcOLSsnOgeeSw/photo.jpg,Great fun,5,0,4.2.81,2020-07-01 20:08:31,,
gp:AOqpTOHM_99ayfVTjVkAO7kir1YVRJ98nP9Q3oruAcfO2Vn5mFL2U5vM7yHsEZxYWvDkzftAPgwG47tDVPU3lA,Jimmy,https://play-lh.googleusercontent.com/-LDs3YyxSAb4/AAAAAAAAAAI/AAAAAAAAAAA/AMZuuckIsYxpRedZyp7TSpaDPuCmxcUI6w/photo.jpg,It won't sync with my Facebook to play against other players,1,0,,2020-06-23 22:34:28,,
gp:AOqpTOGNgM_qOCEg8CYAmzusthQkJxPJ3N5vwvYDHrU8xeEcyQjRXlj0gtmFZ8YNszqTG13hIdActp7rd1mvcg,Ais Heh,https://play-lh.googleusercontent.com/a-/AOh14Gg0I8Smy-KUrOqLgO1zssufivOEJvu4-ZJ4zCpGXrk,"Starts you over , doesn't transfer you account from the other rummikub",1,0,4.2.74,2020-06-16 10:53:37,,
gp:AOqpTOEA-SBaRwE7ICzUz76RT3PwYrLucQhrDx0VBWSELbHGq_S3dPCB3IFwJvrLXhIQkztq-0aMakkkqNE1fw,Joshua Nelson,https://play-lh.googleusercontent.com/-U0Y64-zc6Tk/AAAAAAAAAAI/AAAAAAAAAAA/AMZuucmeU7UJM3cg6OFNTI0-8eHhrr3m_Q/photo.jpg,Addicting,5,0,4.2.81,2020-06-07 00:09:16,,
gp:AOqpTOGRIh05j07yMxmMeUdKYALqdqX6rOrRawWF93DgnbYx6aIzYnnWPYWLunvc1E-IZcucUIr5hUzK9vXLmQ,Sean&Cindy Saul,https://play-lh.googleusercontent.com/-ooXsY1yk-dQ/AAAAAAAAAAI/AAAAAAAAAAA/AMZuucnyUnf9raYT8zb5lvw5VgZuhnd7tw/photo.jpg,Great game me and my wife love playing,5,1,4.2.81,2020-05-22 21:18:55,,
gp:AOqpTOHxvn5rMfCqDZzlDLyaMVnoKtlxyqHWFpkzSSrU09crla1Jac9e2wwgTQW2nwMX61wsY_M0YVHhc-xVag,John Harris,https://play-lh.googleusercontent.com/a-/AOh14GhxKYbL0OAA5-7NX--lwgbCTNQODLs9xcotafgUxmk,I used to love playing this game with my wife and I have missed playing this game since she passed away. This is awesome!!!,5,1,4.2.74,2020-05-04 21:32:44,,
gp:AOqpTOFFS76YCDO8RNoiyjHQYObHJhOOlQxs9E-8p7lmZOS95kOfaU4TVV77gpgrma682npRh5yj_-_nr_kocw,Rodrigo Hernández,https://play-lh.googleusercontent.com/a-/AOh14GjIoEmSlxuD7E03my0t9mSgRgAlHeRSx4Ai97Im-vo,Awsome,5,0,4.2.74,2020-04-17 05:31:38,,
gp:AOqpTOG91UvJqAZS3yIfKld6TQOmzEOLVamOvtT89kjf9RMGoWITRvKnfp6xRmjWYTUSoanUhdM5jzUQG2S3VQ,Michael Cox,https://play-lh.googleusercontent.com/a-/AOh14GgPLrA4XrQna04MgN_Xuwn01AD_xPRsmYNeMCrSijo,"When it works, it's great. But that's extremely rare. I bought this to play against family and friends who enjoy the game - but getting to that point is almost impossible. Private game option often doesn't load at all, and invites will usually disappear without a trace. And you can only accept an invite if you are already sitting waiting on the private game section of the app. App has been coded very poorly unfortunately. Good if you don't have any friends to play with! Dreadful otherwise.",1,32,4.2.74,2020-04-15 15:06:38,,
gp:AOqpTOGBGF5z8kkNCyv6ZJ30FfI4iVpGh4QXzwc3-r_Jy-W_2VONQKXdAD1SOtEbWVS7pBY4IE1sYt-kKSf08w,Carol Roozenboom,https://play-lh.googleusercontent.com/-6XQkp78zO8g/AAAAAAAAAAI/AAAAAAAAAAA/AMZuucm_UfDDx4JPdYU9fmuYH1yNK79xsw/photo.jpg,Hours of fun ....play single game!,5,0,4.2.74,2020-04-15 07:48:36,,
gp:AOqpTOHLsy8ZyRmXtKj5OG6ITblQD9AeuXsUiJE8LjgP3bjK1Ax1_HpbdMGNyQcLDit_7RhKFNkx-DpXnu9C6Q,Dane Holman,https://play-lh.googleusercontent.com/a-/AOh14GjFTMmGirqY6GSqjqG96MVIU7YArz-B90f0QYWfHQ,"This game is full of bots that will just piss you off. They move faster than a human possibly could and the developers expect you to believe they are real people. Such a waste of time, I want my money back.",1,21,4.2.74,2020-04-11 23:53:33,,
gp:AOqpTOGvWNwV_D679fZXgFV3DpGIoE2vhT_YWKXBeu9QZq6YGeCC_xomYNFw_-VccDPXdWPsM--4hPJltF6gew,Beth D,https://play-lh.googleusercontent.com/-CjJf7c1K78A/AAAAAAAAAAI/AAAAAAAAAAA/AMZuucnww00g9IBm1fHSX3fCFfvzWesrHA/photo.jpg,When will you fix the private game option. Signing in and out of Facebook doesnt fix it.,3,10,4.2.74,2020-04-06 09:59:52,,
gp:AOqpTOFJgFJtzg2DjLNJvOqyDDwMq3ctYXYBztIukH9ue1kDC8V6yhA5xNOSknNLPfC0WE0dWBQQUg9jKRn77A,dana owens,https://play-lh.googleusercontent.com/a-/AOh14GjH_asm7HxIqOQDIz3J_p08TCaQPzl_iCq-YTVioQ,Couldn't invite friends! I #ont want to play with strangers I want to play with friends☹🙃,1,1,,2020-04-05 09:04:33,,
gp:AOqpTOHQ2KtSID2FuOFXpJLwQ40lwPW1FBM2ebmhHS4M_FCx0d0X99uP48yr9NdIB-uUEWPVgMeGyW9JuXjfUw,Dayne Eastaugh,https://play-lh.googleusercontent.com/-FjPldJB-afw/AAAAAAAAAAI/AAAAAAAAAAA/AMZuuclz0k72iK8iZzP7Djam1L6-lTAHcg/photo.jpg,Private game mode doesn't work. Useless for me.,1,4,4.2.74,2020-03-25 03:29:52,,
gp:AOqpTOEOh36alnRUjveCXUdjXFgAhkv4RuCU92UGYLdx66Yhqr7AckvwwTjCb0aaxxz8eQfbgrB1KduMGmDu6A,Leah Schaubach,https://play-lh.googleusercontent.com/a-/AOh14Gg4SohFeGXCVd_1mYkWkxUhguwycyOcEzrfuT0TuM4,Private game functionality doesn't work. Don't buy.,1,14,4.2.74,2020-03-21 10:34:44,,
gp:AOqpTOHgSuJToZxTuGrC0qN47g_KhIdh8k3vlPEk1Xs_omBdRm-5w5-9MuN2tk4ZC1MaPiTOeAgTPwMSpj9Rgg,Lol Lyle,https://play-lh.googleusercontent.com/--cl3Fjd2CYk/AAAAAAAAAAI/AAAAAAAAAAA/AMZuuclmXuhzR3_6qNwuAPvKB7uc2uDVlw/photo.jpg,No problem at all,5,0,4.2.74,2020-02-23 09:16:32,,
gp:AOqpTOENrKs8tV663FteL8UVXGLXIYTbXUwndxGZGb07Poe2kQ1eIyn-zmWItXOkSTCCblw0BRGNLwzokWpLeA,Kirk Trimby,https://play-lh.googleusercontent.com/-9g0iWuVXAxA/AAAAAAAAAAI/AAAAAAAAAAA/AMZuucmqcl-XVkGNhyt6cGU6nLYH-N6jGg/photo.jpg,"Some silly women moaning that her coins didn't transfer over when switching to VIP, that's because its free to play, it doesn't use coins lol.... What a melt... Great game!",5,8,4.2.74,2020-01-27 23:39:35,,
gp:AOqpTOHFkx7wmAyMkW2rY3xJRnvLYuqyTzQoxGY9IHn5y-iLVryYvgVY-Sco39Fl8BUkL0aAd5YnhxzPmnmp7w,Susan Cullen,https://play-lh.googleusercontent.com/a-/AOh14GgCbAJ83WjmEmWLnF-o7qKcoUcFtceBG7zXLWWUsA,"It's a favorite game for a few friends. It has helped me ""catch up"" in skills. I've enjoyed single player which can be played offline.",5,3,4.2.74,2020-01-18 16:24:00,,
gp:AOqpTOEW6TweMaJBGojQDYVNpAorI00v02pGLl9N5BuYTC05fiWK3o3RL_qfBAiwb6FcMcUYh_aNLourBhAITg,babette beelze,https://play-lh.googleusercontent.com/-fim6ECW8HJk/AAAAAAAAAAI/AAAAAAAAAAA/AMZuuckaNyBKZIIl5yV25Z5WP6Hbqk6x0g/photo.jpg,Unlimited play & offline option for practice. Absolutely worth the $7,5,4,4.2.65,2019-12-21 11:22:13,,
gp:AOqpTOGiUIfyfkgRQEhCr3pJxh0j_UugChJ7HSSlit4yvAThHOCIEeJYGwePgTNZOoGbgBXuU1E2Zk26L_tToQ,Lena Frankel,https://play-lh.googleusercontent.com/-I6Zw8HrYcio/AAAAAAAAAAI/AAAAAAAAAAA/AMZuucmoLc_3pckrGvnL3JZeORq47ol29w/photo.jpg,"Relaxing, easy",5,0,4.2.44,2019-12-07 14:47:22,,
gp:AOqpTOHyytmajoA8zURo04cnJEnGfnB7z0IWMPZOcib7X9zQcXmVmIHQmog9gKjF8UdS1lH_0D3HdRM7Bbr74g,Amber Standridge,https://play-lh.googleusercontent.com/-sBVF198VBNs/AAAAAAAAAAI/AAAAAAAAAAA/AMZuuckjEVTM8ojyslqafnGG6rylijpmXA/photo.jpg,If negative stars were an option this game would get that. The screen resizes with every play and it moves your tiles while you are trying to arrange them. I've never played a worse version of rummikub. DO NOT SPEND MONEY FOR THIS VERSION.,1,6,,2019-10-21 07:56:04,,
gp:AOqpTOF17bqymY1-eiTTdT0a_IOf6r7Ns7dSQ4TWVC0Jt7Tncd2fw9Nd7UTI6lQKFo4cwFgZ3XeI7J6kNUEzFA,Janey Watson Roth,https://play-lh.googleusercontent.com/a-/AOh14GiVGuXj2uLuH30bqiZorL9cpygCa0UWmw-DZINXVfw,"Love playing this game with my friends/family, but would love the option to include random players in our game as well, instead of just the two of us.",3,4,4.2.33,2019-10-09 09:51:31,,
gp:AOqpTOEzyGdH1lmL0Fl3TemdYN1oZk6vYHPoi5wuTaZvR8JfQXmfrYj-zFqt47-eE2gcIgEytKa6hsAWr5OeLA,Gail Ward,https://play-lh.googleusercontent.com/a-/AOh14GgVYcdCWZyPufMBCArTygMSymLGkmKpCiVss9M5LIc,Love playing it - keeps my mind active,5,0,1.4.6,2019-09-19 22:48:43,,
gp:AOqpTOHzS5960v4s0ogKAHI4OegFi1EUSoxHirUKse7GEPQxXMPHeN0zlnIMmhGyapydL1j4MFZAWP-MVUhQTw,Janis Littleton,https://play-lh.googleusercontent.com/a-/AOh14GihdMtSWZwSag21uJfS41kBbdDDy5ZRZol3roim,"If you were previously playing on their rumikub free version and decide to pay for pro to hopefully get rid of ads, don't bother. Your profile name and picture will be transferred over, but your levels and money won't. Very disappointed, expect a full refund for wasting my time.",1,49,4.2.28,2019-09-13 20:28:33,,
gp:AOqpTOGUcy42_8nLTc8Pe43Tu6DJuk7apsxIMa5ehY5pZTvUhpY6WqGjjyJPUNTmqek0NMqdZCGfHspxN4rJsQ,Lynne Frankham,https://play-lh.googleusercontent.com/a-/AOh14GhanOYVRv0_3oIbZVSGOF3GDsQwWoChz2e8AwL-jA,Fantastic game.,5,0,4.2.22,2019-08-20 16:29:07,,
gp:AOqpTOHJ5d49uAsav_06fmSzCoPImHs8hQ8kw72-XxV4-0E3j9UGEUVYvLHPRrgnFCSVTMgqgY_nGGK93TE7Bg,MARK DAVIS,https://play-lh.googleusercontent.com/-QY7H5iI97Yc/AAAAAAAAAAI/AAAAAAAAAAA/AMZuuckxD50hncuW8FHvPEo_5rR6dIgSjA/photo.jpg,fantastic game,5,2,4.2.22,2019-08-19 10:03:52,,
gp:AOqpTOG55BUrLHm0cGmcIw7F1piyc0Kqt41ssXz0qVabrn7ar_k_NDBQZ9Ish9NgeZxN9dyroVq4AcgK36QiPA,Jim Hobbs,https://play-lh.googleusercontent.com/a-/AOh14GioPMdC_i3xuTavgyC1S5u8S7a-C3Y2OqOnbduEhvw,Requires Facebook for private game. Minus one star. Really enjoy playing with random players but I would like to play a private game with family members who don't have Facebook. Would be ideal if you could use Bluetooth to find local matches or private game id for games at distance.,4,12,4.2.22,2019-08-16 23:33:26,,
gp:AOqpTOG1Z3EEqvso1_CLHW5bAC2nTp68z8tFW7ooSmw3840OoYPIQDN0tHsTFDEfH2l6Kqp6i5Z7yPFXUDo-5A,Elaine Baldwin,https://play-lh.googleusercontent.com/a-/AOh14GjNVzloxSbTDqlz0w3ty8XmQnn6uYfdQa6pKBHQ2Q,"just like the real game, very impressed",5,5,4.1.8,2019-08-15 22:56:13,,
gp:AOqpTOF8rdsXTU9UHDbXf1b-d2vV2Sepwsdf4lO5JYUfswS6HsNIjAOm_fcuSq4ieoz2NKj_e0CoDexyjv8JxA,Beth Sparks,https://play-lh.googleusercontent.com/a-/AOh14GgiJTRbkpUVG3IOQdYxLz1uLNK2biq12oYS-vua7Q,"My only problem is I hate playing the computer. it shuffles all tiles around so fast, gives a human very little chance of winning.",5,6,4.1.8,2019-06-25 08:44:53,,
gp:AOqpTOFWU6W22GpOENNsF9-tpGqANPkEJ61gmVIZ4_x49OY5JbL9ZuWWgqdqTkiI2z1oxBrwQxMDBbDqUXjk3A,Bill Judi,https://play-lh.googleusercontent.com/-jyELHiUUVTw/AAAAAAAAAAI/AAAAAAAAAAA/AMZuucmGrKRDr-ggCrH3QCslazyXUiFT7w/photo.jpg,Whatever you did on your last update lost my name and points . I can not get them back.,1,4,4.1.8,2019-06-08 19:17:45,,
gp:AOqpTOHSZco8yrEVetuF5WIDPfd4Ks-7yhT5HZ2HRre0St1Pr_RPh2Yb4Tzx9jNM01AwOqLklUJUabK824ffLw,Tommy Steward,https://play-lh.googleusercontent.com/a-/AOh14Ghgb6Ram1-fdMJqmdFEneEtPtdFZDAnMHAzIS0tZq0,Horrible. Simply horrible.,1,3,4.0.19,2019-05-28 19:04:14,,
gp:AOqpTOFuZG8Bb8FOLW7CRhwjvlra8TQPorFz1SvUIPqpsP9G_i3GkQTwMA2yk4TpQX3zmPyWYBA_LmPlkBTD-g,Ewoud Slobe,https://play-lh.googleusercontent.com/a-/AOh14GgEZddPgtCw6dMINpV5P_R3v6ViGDy8HRh1C7h4jg,"This is all very nice, but I miss the original Rummikub hd, you could play off line!!",3,3,4.0.19,2019-05-25 20:25:25,,
gp:AOqpTOG99TTEyPErLgxLAjvKTM9hZqKkQxRKsSRUYb6tO0b9PcVIuL6P92IShozqDjrioPxSfWaxaUmo1Z8QKA,Andrea Staton Cook,https://play-lh.googleusercontent.com/a-/AOh14GgB3m2AjiBITI9fAkizwbPA8ewepe2sh-l6gT3nPg,"Unreliable. The application is not very robust and often closes with a non-specific error, no reason offered. Uninstalling.",2,9,4.0.19,2019-05-17 00:33:44,,
gp:AOqpTOFT4RS-w3Bpmnd7E_PltdMSwktyOn2e30NrtO95DWzPq11baeLI1Aszaqs0aMh5WBZQEj_isF_nF1fimw,Peter Imbrechts,https://play-lh.googleusercontent.com/a-/AOh14GhHBqcqztrG2Pm8ZE5H8-lnXyJqL0lPYgwgH7dg,nice play,4,0,4.0.19,2019-05-07 11:40:05,,
gp:AOqpTOHju7csouOYqIsGM_uysoineBkc31MUYYcYo_HB329OK1nlp-jO4cxCP-fbvDGB_bqJkAQBSxGuvuecMQ,Jason Rogers,https://play-lh.googleusercontent.com/a-/AOh14GgXtlr-5tJqyb5oGMW6CFGNSFjJxqqB8t5WD8IMlg,Beautiful! Single play is robust and smart at Pro difficulty. Online play is heart-pounding thrill.,5,8,4.0.19,2019-05-06 20:50:08,,
gp:AOqpTOH2J4wI6OXtmqKcjwyZ-Ve6AUQ-Y-q--y7utseeMFUk_lyyibJlskCFvj-0QncIQhfNwyeQDneNaeGsmw,A Google user,https://play-lh.googleusercontent.com/EGemoI2NTXmTsBVtJqk8jxF9rh8ApRWfsIMQSt2uE4OcpQqbFu7f7NbTK05lx80nuSijCz7sc3a277R67g,"I hate this updated version! Younger people might like the new look but I just want the plain, now frills version. Don't enjoy it now so will probably find another game to play.",1,12,4.0.19,2019-05-06 20:06:36,,
gp:AOqpTOGNvLKlDs-FIj4QtUAEihRQ3wxn3Fq6LTl9ZBuB1vIwhSzcC0fzOMVGzQlDdNADSJVA73YCOLGuUe4Abg,Henny Coenen,https://play-lh.googleusercontent.com/-DmQbPVvdaXU/AAAAAAAAAAI/AAAAAAAAAAA/AMZuuckHmigT4MxqD9jHWP83LoWQ_lc1-g/photo.jpg,Old version was fine. new version is unfortunately not enjoyable at all. unhappy,1,9,4.0.19,2019-04-25 06:27:24,,
gp:AOqpTOG4F4Xm7hJNhRHFl1JTPxA44889Mgqk0Gn_Zr60bhKFFSgtA0guodmSmNV9dd9KZr_nrL-NDLQCabPf5g,Liz Washburn,https://play-lh.googleusercontent.com/-4ThpYv8quXY/AAAAAAAAAAI/AAAAAAAAAAA/AMZuuckKyXyKBgk7CeP3FOr63nql_QQvqw/photo.jpg,Horrible compared to previous version! Will probably delete it as I have no desire to use it.,1,8,4.0.19,2019-04-24 17:30:56,,
gp:AOqpTOEahyJBSasVSTZkux8wQaEM0jWLY9qVdTjc6Nq1K6I43sAmcqkfMyoS11h5KOPHcaRoCU1YY_ROPeQTVw,Jonathan Shurts,https://play-lh.googleusercontent.com/a-/AOh14GjC6PwiDnnphKRKKTDh82FCtibUqmexWElbvIiFOAA,Awesome game! Please update it however so it will support the new Android operating systems!,5,1,1.4.6,2018-10-03 12:08:45,,
gp:AOqpTOEjEkZ3eQfU-GMgq8QEyW9DAzV3g_awL1hLwunoOrVWve8rPEzPWKozamwtnfohrMJEXzNN3fUIcYQ9_w,A Google user,https://play-lh.googleusercontent.com/EGemoI2NTXmTsBVtJqk8jxF9rh8ApRWfsIMQSt2uE4OcpQqbFu7f7NbTK05lx80nuSijCz7sc3a277R67g,"Great until about a week ago and now I get shutting down with errors. Seems 
like an unpdate went wrong.",2,2,1.4.6,2018-06-30 16:23:44,,
gp:AOqpTOHtU5RP_yKvyqMEIlIFOwL04yJEZ9vEpEwdnOFEcvC6QEBRP-d1GXEmMhkfNs8uHPTFK5S1988zBtfiig,A Google user,https://play-lh.googleusercontent.com/EGemoI2NTXmTsBVtJqk8jxF9rh8ApRWfsIMQSt2uE4OcpQqbFu7f7NbTK05lx80nuSijCz7sc3a277R67g,"It freezes up - lose games, can't finish a game.",2,2,1.4.6,2018-06-02 21:42:22,,
gp:AOqpTOELj1JF4botbpoPY4DV8qeOuyrlBhI49HhInp1jKdwGLMF6GK0h-jt39O5BXKw9W8Gf3lC-i_iykN3OMg,guest account,https://play-lh.googleusercontent.com/a-/AOh14Gg_4mEkkrmORAGN-AVIAA_SGty2Odryyjc7vmZAEA,It's so obvious that you are actually playing a computer when you are supposedly playing with others online.,1,5,1.4.6,2017-12-05 13:27:40,,
gp:AOqpTOE25gHBcwBs-o_N5TBrFxKpwBG4wYTgWOSXrtHCue70HcuXrdP9UpneKJt_1EKuQm7qLWEOYw-QCLudZg,D H,https://play-lh.googleusercontent.com/-r7DtxTmzD88/AAAAAAAAAAI/AAAAAAAAoSY/AMZuuclJ5FDSkLirbvVYU0XFWBxMOD4aWA/photo.jpg,Keeps crashing.  No online play.  Brings people together??  Mah!!,1,3,1.4.6,2017-08-25 16:34:49,,
gp:AOqpTOGlRQq_lZmK03PwWt5WrAmwHY4L36YBNQsx6hGky-3_RGhFzdz6yJu7aIwUg6Ce2gaJCqPJZ9g-gpyxPQ,Andrew Wan,https://play-lh.googleusercontent.com/a-/AOh14GiGdD-A9Gr_5SK7dKJBODpD7HxL_aX48Yp_vXXqWQ,"Game itself is great, but I can't play online! Every time I try it hangs...",3,2,1.4.6,2017-08-12 06:32:09,,
gp:AOqpTOFtnsppQs2rpcejWRJpZBIg9rih1ZjYoFiq0PovBP56JOVsLYjBz7RMWQQPUj1ucHuDp1oM6Y0vugbzBg,Vanessa Vargas,https://play-lh.googleusercontent.com/a-/AOh14Gg1TZhOqiq_vDczJtUjP6rY30K5Oxl3-oauaGaE,The tiles move super fast and its not responsive.  Want my credit back,1,0,,2017-07-06 01:39:13,,
gp:AOqpTOFACtNKeLuaJucRnHR1z2mjRnWstL9BG3YCkItPk9aygQy6vrCgTiKkpcsk5fqK0WuZWuBl0b4iFUYY3g,A Google user,https://play-lh.googleusercontent.com/EGemoI2NTXmTsBVtJqk8jxF9rh8ApRWfsIMQSt2uE4OcpQqbFu7f7NbTK05lx80nuSijCz7sc3a277R67g,Stopped working,1,1,1.4.6,2017-05-02 14:27:15,,
gp:AOqpTOGs6UdX7INDL4WAzSZob-2pFkmQRxHwCXQxML4mC20KqOMC9z1WgQ-fGa48bOj-dV9SorSXR7wwGXq1eg,A Google user,https://play-lh.googleusercontent.com/EGemoI2NTXmTsBVtJqk8jxF9rh8ApRWfsIMQSt2uE4OcpQqbFu7f7NbTK05lx80nuSijCz7sc3a277R67g,"EDIT: Still no update almost 2 years later! And I still have the same opinion of the game... AI holds back and then unloads all at once. That is very cheap play. Would be better to play if it didn't constantly give me duplicate tiles. The program itself needs an overhaul.  Not using the whole playing area makes the tiles get very small and difficult to use.  Also, having the buttons at the top of the screen causes me to unintentionally pull down the status bar of my tablet, and it gets in the way. The buttons should be on the right side like they are in the free version.",1,6,1.4.6,2017-02-02 09:51:21,,
gp:AOqpTOGSEkvg732B2C5xmTm035fEmbMBl1mzNla7ZKdN0zahBK8pjZ3SWbYb4msd39EEfVMXe9A1g888CGo7zQ,Valerie King,https://play-lh.googleusercontent.com/a-/AOh14Ght_nVcnJbS1vKOdz0bOAVLI8S9g-Ob1E8pUeorVQ,"The original game is a family favorite and I was excited to find this app. Really enjoy it but the online play is not always really online, the players you play against when using the multi-player option are sometimex just the game (switch off WiFi halfway into game, proceeds without glitch). Would like to be able to choose and play with friends online.",4,5,1.4.6,2017-01-22 13:31:12,,
gp:AOqpTOEwYd_GI4zsmbgt8dDGI3gngLPlu5fGXG_wJyX-RWfahMs5YSthJx_aQIJirA2Aq5gX9Bbipv62yky8oA,Martin Williams,https://play-lh.googleusercontent.com/a-/AOh14GgLlK0fdaCJhuT0CK0c4drjf2zhrqWZMiAK13bfNA,"I love this game, but playing online really canes the battery in my phone. Google Nexus 6P. Android 7.1.1",4,1,1.4.6,2016-12-29 16:00:02,,
gp:AOqpTOH3HwelKpvMfj3Zo_hOBM5MUGdx6tlQkUzdGz5um2qtL929Li4wMJI_oQa_fxYV9b3BF_bJM1OCXxU-og,Demetrios Kaltsas,https://play-lh.googleusercontent.com/-vYcVYRVvn9w/AAAAAAAAAAI/AAAAAAAAAAA/AMZuuckxquoOFbogTDg6rcM1jmPWiuGo7w/photo.jpg,Keeps crashing on Last tile. Please fix.,3,3,1.4.6,2016-09-21 14:47:56,,
gp:AOqpTOH18CUpKTe-mSUkmm_ywuwxYQuH428s2i7hpZNEnpFHfNMpIWrx9SQS1Te-4gNvA8fJXOrbI8Luq8WW4Q,Tonia Habenicht,https://play-lh.googleusercontent.com/a-/AOh14Gh7m-pvz7FIgXLLvjt5ak017dOZC5NhwmLOJJEdjQ,Sets and runs are not separated on the table and you can only move 1 tile at a time.,2,1,,2016-09-13 09:02:24,,
gp:AOqpTOEWSMNcU4XZzfheejk-QxM9Q8Yu9BD2mgqS43EjKtGU_DKttwXfLOalLARGp8ZD98A6Ls8MxUMYBdJ5OA,Chris Lambert,https://play-lh.googleusercontent.com/-ytd8xMhhyJ4/AAAAAAAAAAI/AAAAAAAIRmQ/AMZuuclilW__yclGS6EPSZqe0pIZngD1jg/photo.jpg,Game fails too often,2,6,1.4.6,2016-08-31 11:10:39,,
gp:AOqpTOFb-Chj-1jhmPHp71voNPpGb6oGTje_PRoi9WSaMON00j5Gv_sd6RYc49YekmdPhz8TXw_OHytZrP38WA,Bill VanDusen,https://play-lh.googleusercontent.com/a-/AOh14GiD3y37875pl6qbFWcWBRZqKOAdSuTv3sG3q2ag5w,Used to love this game. Now can't even play it on my Note 4.,2,3,1.4.6,2016-03-19 12:46:16,,
gp:AOqpTOHv7qJQT0dbmDsV_yIh_U7ZOp7rRKJ0QcBxmEsTgU_IDO9g-aV9EWt4j4sDY200OaTuXZII454Rf2FfHw,Corey Green,https://play-lh.googleusercontent.com/a-/AOh14GjVmQPt_H0i5BIw3HQzaPLIaDU7ZbsR4EQcQqYZ0Q,Rummikub 4Life,5,3,1.4.6,2016-01-28 19:09:50,,
gp:AOqpTOGkr9nSJvdvqt5-MxlwDhNAgx9-WaWAJBJxkUhTcWoh4OIhr0lv2X0zj22yDxwJjSXTUAG2aNa3nnEdbA,RELITA BUTLER,https://play-lh.googleusercontent.com/a-/AOh14GiLL7YfL_6xr1Or_24tvNDmr_TEy-pSgycRJ40EPw,I love this game!,5,0,1.4.6,2015-12-26 03:15:56,,
gp:AOqpTOFhP7QMmb1jtdDWKX-VssGD5ViMgil2I0sVSNwr8qQjqUgzQChaTpYrNVeE2qLdNoEr6M3MVFkyNkZ8PA,Corinda Giglio,https://play-lh.googleusercontent.com/--UTIz9VElTQ/AAAAAAAAAAI/AAAAAAAAAGA/AMZuucmFlZ17HbyUGhdIg_e8g-jfIOaLxw/photo.jpg,Too many errors,3,1,,2015-09-05 06:33:31,,
gp:AOqpTOEX4--jW12Xv63AsQHVsn9zOBsSf0eV25aBKfFUXs0-lIFwFuUPEYM0bB1rocYkaNwWkggHASBLNU5-GA,Shanton Anderson,https://play-lh.googleusercontent.com/a-/AOh14Ggb0hS7bvPyxPv8SbjS1c2uV1Hntqo8ScXUgd48nCU,"Great game. Just lacks users, so multiplayer is often the computer, and there is no way to challenge someone you know, it is only random. The computer can also do an insane amount of moves in 30 seconds, which does not always seem fair.",4,20,1.4.6,2015-08-08 19:43:02,,
gp:AOqpTOH_ZOKzKyF3MMLCqEatBRUw9O5LjO0DVUOugalJhmZwdtAvlDAnu7YF0S0akLuD30H02HtOCP4f88B5WA,Lisa Hoolihan,https://play-lh.googleusercontent.com/a-/AOh14Gj_dpbiL6D79rGfTk0rokSSMvy6GXMtvFKm6kPPqQ,Just like the board game...,5,0,1.4.6,2015-02-05 09:03:31,,
gp:AOqpTOEN3cwleEarF_SxGtf-qqKGPuXVvm_CEG2yJlFicMyQ0WhwNzqy_gzcxErxSPJNGOyd12e8AY-B9xThMg,Three From Leith,https://play-lh.googleusercontent.com/a-/AOh14GjkyqB3ALCsBHzq-AotzzimHXgN6IlyspG448N-0A,"*Update* Seems to be working SOMETIMES now. Much more enjoyable when I can play my final tile, though sometimes when it's my turn to play my last tile, it pops up a message & says 'the game encountered a problem - do you want to send a report?', then starts a new game. Is the AI taking a huff if it's about to lose? Please fix!!  (Error reports sent)",3,19,1.4.6,2015-01-30 09:05:59,,
gp:AOqpTOGFZwU-He7srDyxTaSsOGk-6GmB_wLHKgMm9sBakHqUIhkj14Ne0Jr47WctYSZDNPiTqbzHSVpTHJDM_Q,RICH Nolle,https://play-lh.googleusercontent.com/a-/AOh14GhTKdIagWYfQAH73TV3b1OA_TMSe4LHQq4h_-xC,Just hope you can select an online friend on a new release.,5,0,1.4.6,2015-01-25 07:30:49,,
gp:AOqpTOHd-9NpMMXucMAsJTNXyFEsr787CEyWfqWzxPJ-KnT6Kal0AKSZPIPAYv7eU1bgnbD-I9mLEmL9Lzq6lw,Stefan Hoerzer,https://play-lh.googleusercontent.com/-sTTaz0XDMAc/AAAAAAAAAAI/AAAAAAAAAAA/AMZuuckUKI6gWPsP1D_iqNw0qHz3N2MILg/photo.jpg,"Seriously, any 5 year old could design better AI. Multiplayer chooses random opponents with 30s time limit however some 'players' manage to move around over 100 tiles in that time. How about local Wi-Fi multiplayer and fixing the speed the AI plays at then I'm happy to give it more stars.",1,31,1.4.6,2015-01-04 21:25:36,,
gp:AOqpTOEkCxINgKlBcJWdondlXvE96BRC45NIV3Z6vHizkujtPqVvz2QBUCv8MmkxZ3BhXaNKm8ToIJeHYV89VA,ian greenslade,https://play-lh.googleusercontent.com/-Sv9IjxZO51Y/AAAAAAAAAAI/AAAAAAAAAAA/AMZuuckJ5iNdfK4rJwC5Sh17YY2gG5FonA/photo.jpg,The one thing that is going to really get my back up with an app is when you pay for it only to have an internal error message and for it not to install.......,2,1,,2015-01-04 07:47:21,,
gp:AOqpTOFxZEckWxBV4U3mzyCq1kOD1WC2j1C2gT5vUw9iXrm8HGpS4F304vY1rTdIfqQYhrLOscqNZvgOmCjGpQ,Jason C,https://play-lh.googleusercontent.com/a-/AOh14GhyMttPyxay2QzD_QSXq4n7eWAN3LY8X8E9Q7O_,Cool game,5,0,1.4.6,2014-11-26 10:45:30,,
gp:AOqpTOG4Tm9qtFeaQ9TKcDxh13l2Z8yVKc9H8m7uOiY7_N1XmaeB0sxtwqRYfbQ4BK9tKliUL0M7-PQXSRYkEw,gord courville,https://play-lh.googleusercontent.com/-jv0AgCuFsZo/AAAAAAAAAAI/AAAAAAAAAAA/AMZuuckiAYXXGUdUZ40osuDUN20Mf8XFtw/photo.jpg,I am happy to say that I am very happy with the purchase of this game and I would recommend it to everybody,5,1,1.4.2,2014-11-18 19:59:30,,
gp:AOqpTOE3EKK6sKQGgu7mTsIpiw8ditvWVa-7sl0dZsxLxAr3A7urBQ9uioJWbrQEy3LiJU5LsQFQi_gGt3hHFQ,werner smit,https://play-lh.googleusercontent.com/-oY-SKlVj4kE/AAAAAAAAAAI/AAAAAAAAAAA/AMZuuclw7TXOfK-ThZLM-MiJdtIhqQBSxw/photo.jpg,Multiplayer fake,1,2,1.4.1,2014-08-18 09:39:00,,
gp:AOqpTOGso2frI0ja9xwgLKfSN5rd8I9g_MzHZnV54SpCSH3YvGAUUQN5pWVfe7oxMn2gI-7Dicib30sqYCV0SA,Michael de Nysschen,https://play-lh.googleusercontent.com/a-/AOh14GjF07mExmBKs8ZK_4wm_ibpqIW_oHIMkJVdLPcaAQ,Still crashes at times...multiplayer still AI and not human. Fix that and get 5 stars!,3,1,1.4.1,2014-07-06 01:18:45,,
gp:AOqpTOGJR3ookoP1qrf2OqTp39Gy-PWer_9qlOKup_7GCOijVD2cKbi2RPKXVuKAvX-Xhf9JXNir_UV2rWWApw,A Google user,https://play-lh.googleusercontent.com/EGemoI2NTXmTsBVtJqk8jxF9rh8ApRWfsIMQSt2uE4OcpQqbFu7f7NbTK05lx80nuSijCz7sc3a277R67g,Used then beta multiplayer and its fake. There is no way I was playing against real people.  Please implement Google play multiplayer.  Then at least we know they're real people,1,8,1.4.1,2014-05-24 03:53:34,,
gp:AOqpTOGau0OB7liqMaSNKLvHGNpRurASvEdRlRP7q9aO19yMVqDDE67m9evWS_7tLD-0TxxxfBmLlg1uT5TCWA,C MacMillan,https://play-lh.googleusercontent.com/-k4jaD30mck0/AAAAAAAAAAI/AAAAAAAAAAA/AMZuucng4yDsWSxsjz4U7fHKhGi1vRDdhg/photo.jpg,Since the upgrade it Rummicub frequently crashes.  How do I revert to prior version?,2,1,1.4.1,2014-05-23 16:28:57,,
gp:AOqpTOF68N0hIHBZ2dbufcc3waL2yTeh16geW-ghQcvW-IRbMur7rgDZNfh6PMOD1TRnor-Rb-3K77_3zy-bjg,Barbee Dearborn,https://play-lh.googleusercontent.com/a-/AOh14Ghv9gCwaA8DF0HbmCOtOwKWRoWIG99_OzwoFO4hLw,"Great game, but it claims 'brings people together', but I can't invite friends.  I didnt want a solitary game.",2,1,1.0,2014-04-28 17:51:54,,
gp:AOqpTOFxuMrRloPEIT0jBGiJmR4cVZUKJDk5TnVIoarbQTS8Z4tf0RdVzEdqyBJ7SWiIzckDxA744a0wRRE3Rw,Gary Bunn,https://play-lh.googleusercontent.com/a-/AOh14GhEubladanUMCTx4YNZpRsAup-e9sE6Ra8Fc_RGwA,"Played real version ONCE and liked it so bought this app to play. Played medium level twice and pro level once. Won all games easily. Im not a great player of real board game believe me, but this app is far too easy to win. No challenge to win which is shame as the app looks good and is nice to use.",2,1,1.0,2014-04-15 14:46:43,,
gp:AOqpTOGczAsozBVYuP0IrGUo-oR4PYLU2jPKQSNqWnt4nWTTU-XXeXqxYVvWIimIIfBbWIlgq9ReZ4Oa2Rwu5w,Vyns,https://play-lh.googleusercontent.com/a-/AOh14Gj1b2NmxYgZ-goX-c_Vmr3e5098s3fYuNVZ5WRhdQ,"I love this game and always have since I first played the original board game.  The problems with this version are really only small issues, but deserves the loss of 1 star.    As others have mentioned, it really needs [at least] a pass and play option, and and option to turn down certain sound effects, (ie the sound of the tile play is fine, but the constant beeping and whistling are not needed).  Oh, and also, why have a help button in the credits that doesn't actually do anything?????",4,1,1.0,2014-04-10 03:50:52,,
gp:AOqpTOGzEgnlEshvoRiDiU5IQwbpOJOZQz9eGdaHsIYyEdBYFFnaydgJe2cebb7nRX29qOyuC2Y4RaWrkuyusQ,A Google user,https://play-lh.googleusercontent.com/EGemoI2NTXmTsBVtJqk8jxF9rh8ApRWfsIMQSt2uE4OcpQqbFu7f7NbTK05lx80nuSijCz7sc3a277R67g,"All in all its simple, straight forward gameplay. My major problem is that every time I'm almost towards the end of a game, there is an error and it restarts to the main screen. This has happened on both a Moto X and Nexus 4 running KitKat. Please fix!",2,2,1.0,2014-02-28 14:08:26,,
gp:AOqpTOGAIOYS4JK770dt5mDqrL4Fw4Kha02lzHWIwqx6ahooORUVTpE6mBolTiA43us4qoRRtS9YoUHCqyfRLA,Malissa Lindell,https://play-lh.googleusercontent.com/a-/AOh14Gh2kxE1txupdO7jLQZRKeEFdZk6hifsuWwWaT33,The play is exactly like the board game. I don't see a way to play with other actual humans.. Lol -that would be more fun.,4,0,1.0,2014-01-11 03:55:58,,
gp:AOqpTOE-hgaAmRw0ceMRkZDoZL7cXXisFO38bZkP1CjI1rUibsNzaESIs2wv6EZ-DTWoKEI4XJnWiiGeWGmyGw,Lance,https://play-lh.googleusercontent.com/a-/AOh14GiOO6535d-P82ARTOlDKYzsWBJYEZpW-nqYoICz2ko,"Firstly lets not take anything away from Rummikub itself as it is still one of the most entertaining board games around but this application is beyond pathetic.  1) There's no multi-player (online or local). What is the point in having Rummikub when you can't play the game against an actual person.  2) The CPU can move groups of tiles and can do the most amazing things in 60 seconds but you can't. If you want to break up a ""run"" you have to break it up one by one.  3) There's no actual score. Yes you can see at the end of a round how much you scored for that particular round but there's no actual score in the game itself. i.e. all you can actually play is one round of Rummikub  4) The AI is ridiculously stupid. At least 70% of the time they leave the joker at the end of an open set which allows the user to always have a free joker. The AI will also have ALL of the tiles racked but will be ""unable"" to play.  5) There are silly bugs like not always splitting sets properly when a tile is placed on the board. However, whenever the AI does this (yes, the AI is also affected by the bugs) the game crashes.  Speak about value for money, you're better off doing a crossword.",1,7,1.0,2014-01-03 05:51:32,,
gp:AOqpTOHW5j-2_N8FM-ZEpSP6mnWEV4bcOnU77OdpRIbjZ5Y4W-0Nzc_0e-zrcDVtVAlPk3TKgcUTVqQJQe9NRA,Susan E,https://play-lh.googleusercontent.com/a-/AOh14GgrewtWiclcxGjkDgWBCJ5fqfXZIQ8-Q2jpfe3LVQ,"I love this game but when I purchased a new phone I was unable to download it  To my new one. I kept getting a message that it was already installed, and when I tried to reinstall it would not let me, so I am without the game on my new  phone - very disappointing.",2,0,1.0,2014-01-01 07:19:53,,
gp:AOqpTOF1W0x17TkXc2EKhhCRGDi_jS8BN4Lf0rXZxA8TN7n9HkaUTC49Gt4uunwot1h0LGt8w5hrkfrP28vlMg,C Alvear,https://play-lh.googleusercontent.com/a-/AOh14GhX__syuxfsBI7pRoous4zeHGmG_Nx-eE13bWSudbs,Excellent,5,0,1.0,2013-12-27 22:23:11,,
