reviewId,userName,userImage,content,score,thumbsUpCount,reviewCreatedVersion,at,replyContent,repliedAt
gp:AOqpTOFNBcR5aKXFQZ6_-sNFJFbLCoQJApP3GZW7RKxYtTkaZPv_8-55zzCvUQkAcqaRjtwES7tAz2DvleRfeRM,Eddie Gnostic,https://play-lh.googleusercontent.com/a-/AOh14GjnunHAjjcLdTTmVED7yOj2WvvkB9o3k4ULEXSUZ5c,Wish they would allow you to view images after getting an incorrect answer or even explaining why an answer is either correct or incorrect but nice app,3,2,1.0,2020-06-19 18:30:06,"This is an excellent request! With our latest update you can now review the question, selected answer, correct answer, and the image (if applicable) before moving on to the next question!",2020-10-02 10:20:54
gp:AOqpTOFjJwJIDxyLWfFKHxoa8wbrgk5uGlJGxS5eskP6MCQWJ4eRc7lXxJ7GYijvfRBGG0yRNrEyTPPAruorONk,Corttney Scherer,https://play-lh.googleusercontent.com/-UAxbXNshwlE/AAAAAAAAAAI/AAAAAAAAAAA/AMZuuclMinpN0mm_ivUaIFLHVke1nuL2lg/photo.jpg,Good,5,0,1.0,2020-06-09 16:48:24,,
gp:AOqpTOGum0g-4P1sn_sqNytG-KZ8O0S8BHh-2s6drO5UKzocpzerljMl1wJRRu3LqA-1mzCHWTRY-AdFdal7Es0,Laurina Held,https://play-lh.googleusercontent.com/-kYDFx-Qnk18/AAAAAAAAAAI/AAAAAAAAAAA/AMZuuck-Ae_c8R2T7IqN_OYS3fCjtwfv-Q/photo.jpg,This app is amazing! Tons of information on a variety of subjects. Very user friendly. Love the practice tests so I know exactly what areas I need to focus on. This is a must have!!!,5,1,1.0,2019-11-15 05:41:56,,
gp:AOqpTOH8w9zY4euC7qXE-J4CT6_qAZ2Gix9jwNjzZcyX23XyzBah8iDtZp7DY58xXcW-rw6WnmGKmG7OyGWyUQM,jonathan miller,https://play-lh.googleusercontent.com/-o0gjJ_QPMRs/AAAAAAAAAAI/AAAAAAAAAAA/AMZuuckspKBq9MV_VbnKUMxTngvBCMbYGg/photo.jpg,Great app!,5,2,1.0,2019-11-14 20:47:13,,
