reviewId,userName,userImage,content,score,thumbsUpCount,reviewCreatedVersion,at,replyContent,repliedAt
gp:AOqpTOFJ28iabHiQYjMjCT1PJjkgmX3BJ6VraolqDZge6tigSxL-XsoTEvtrDs9lt6JeJ9Eds-oTAIBWhMvtLaA,Sea Life Atlantic,https://play-lh.googleusercontent.com/a-/AOh14GhDYL7QzGP-Xyu0H-oZom4fmWi0YelixVhuuUJm,Called out a 226lbs buck with the doe estrus bleat mild. Called out many other smaller bucks too. Love this app!,5,16,1.3,2020-09-02 03:06:15,,
gp:AOqpTOF-wNIUziG44j5CDdUC_WEFnHbTSXVeaF-jG57RhCulcXqoWccGOABF0JyXoIzXQ81mgzakF_hvfS35mQI,Chris Baker,https://play-lh.googleusercontent.com/-WIwouJ4S4po/AAAAAAAAAAI/AAAAAAAAAAA/AMZuucn-HVt40dcPD0a-NB8w8Bqd9RExbA/photo.jpg,cant adjust volume in app. that's standard even on free apps.,1,64,1.2,2019-09-13 10:28:52,You adjust the volume using your phone's controls. I'll look into adding the feature though. Thanks for the feedback!,2019-09-24 08:30:24
gp:AOqpTOED5C2fJdyUXFFGSXgi6KdwoUyxjxSZvL8SHUDyKGzKuldYNSlLerXV0387c_lR5swdfP1JLtPY04Db-I0,Kyle Haremski,https://play-lh.googleusercontent.com/a-/AOh14GijEioeYuBrEBqzS6ZWhkfIcIs5U2Bvcq5xZSnmqQ,"Good app, have used the rattle call to bring in deer multiple times shortly after rattling! Can we get a volume adjust in the app so we can control our phones media volume from inside the app? I like to shut my media volume off after making a deer call.",4,88,1.2,2018-10-27 04:12:33,I'll look into adding that feature. Thanks for the feedback!,2019-09-24 08:30:19
gp:AOqpTOHCyRmtPXz_OAWlSKWo7qwA5XwVIldE_69z2T0JkEr8X-QisQRrGrkH-TEruO-mh9xXo_SdGM-K6mp2jMY,Stacy Small,https://play-lh.googleusercontent.com/-0kw8rAx9GTk/AAAAAAAAAAI/AAAAAAAAAAA/AMZuuckbeZNoypReN_otiEOV0bz65lrBbA/photo.jpg,Love this app,5,167,1.1,2016-11-16 17:48:13,,
gp:AOqpTOEGtPlFV_WnxRHhRdXDyCH88lEQxiD7OUP5MiRFsfheMu1EhMIECt-Jg648CA_RmwRnrS2Wmj5rQGYpP6Q,Bryan Wiitala,https://play-lh.googleusercontent.com/-QNYoTgTzgW0/AAAAAAAAAAI/AAAAAAAAAAA/AMZuuckvoBOszZ6vtjEeSvN-Aow3xz0O2Q/photo.jpg,Some of the fawn bleats are excessive.  Tending grunts spot on.,3,164,1.1,2016-10-18 13:37:17,,
