reviewId,userName,userImage,content,score,thumbsUpCount,reviewCreatedVersion,at,replyContent,repliedAt
gp:AOqpTOGRGM8zvCqw-Qt_B_iz_MuDaZMPeVxgmKdYYCmSdUdDDjF9XYB0M8BGsebktsgI7eSPRW5IeNba1E-zX48,Eddy Kadosh,https://play-lh.googleusercontent.com/-7H4YZR8ZBbI/AAAAAAAAAAI/AAAAAAAAAAA/AMZuucn4IpaTp9y7jPWU-wc_Oo7ILtIksQ/photo.jpg,"I remember playing these years ago, they are still solid little bits of games. Although it feels a bit strange to pay for something that is free on pc..",5,0,,2021-02-05 04:11:00,,
gp:AOqpTOEYLF8KdaUd3nUcqPN6_HICqSMH0JyXRyaBimJQi0fn4Qg5xvWi68K_lF_CChRM6tmdHh8TG7Dm8Yj7eFU,Nick Coral,https://play-lh.googleusercontent.com/a-/AOh14Gg5RTdqpsC8kdmwWZw5aAe3Ax4qmQH_9siTE5ph,"Incredible, I played most of these games back in 2007 on the school computers and loved them. Im so glad I can share this with people again!",5,0,1.0.0,2021-01-29 05:58:44,,
gp:AOqpTOEVDWr6TFK-ZjQdjiDNLWg1Y-v_tWEctcN5Vbn5IXRKu4zSP9ypTt6JY9lahjRRkZ5t9mQ2nh32oJpiwrM,SW4GK1NG,https://play-lh.googleusercontent.com/a-/AOh14Gh6i3zdQRBurMkH4V8qUeVEnqCSiPVbJ5KE58IqHA,"I played these game on browser back when I was a kid and I really love it, for some reason I really want to play it again today but I forgot that Flash is already close down, and I found out about your condition, I purchase this as a appreciation and support, I don't mind the Ads if its helping you <3",5,2,1.0.0,2021-01-15 01:36:34,,
gp:AOqpTOGatS9TvGdB7yJ9mRg6zxalPUL9AaFktrC02r5PKO9pjxptrs1ztaHliY9v3fl7felBFRXEw1OLTY7URh0,Danny Cruz,https://play-lh.googleusercontent.com/a-/AOh14GhtSrg0GXkD9sTATEDv1beCHJgpIwHvU_es5vCuZw,I have been playing these games for over 10 years and I'm so grateful for you and the amusement you have provided all of us. God bless you from Texas!^-^,5,0,1.0.0,2021-01-13 14:19:24,,
gp:AOqpTOF1DRHuirLxd5PaQUYz6rf1TX7E5VKrFd91K4CcHHlROZKCTTk8zaB0CWgzb6R_axiYaLkMm_6WCc9E6hw,Michael Cencarik,https://play-lh.googleusercontent.com/-GhF62-R65Kk/AAAAAAAAAAI/AAAAAAAAAAA/AMZuucm7n_Eifz-b_ccsZ6W7VerIzysOZQ/photo.jpg,Delightful,5,0,1.0.0,2021-01-13 12:08:54,,
gp:AOqpTOFQdMktkuY13W9T23eJaxe9lsnvKJMrM5bytc9ixzOZ21fiH7e7cXbRN0tkrAqYzDBhQAnuj6QVCJRMT_E,Ivan jackinov,https://play-lh.googleusercontent.com/a-/AOh14GiLEs4XyzZceRuborC6mNLPPiE7YpTgdn5gB3Al,Excellent,5,0,1.0.0,2021-01-06 19:23:57,,
gp:AOqpTOGTJYZwVJmUOvR3wYl3gOCTV7DWgvgRFs2uknvwi1WvlZrroCv0wjVPc4nsyZa0Gr1MCSutz68MDPwrd_w,Jason Jaramillo,https://play-lh.googleusercontent.com/a-/AOh14GjRiz0o2zN7Rlx5u2cijS2qunkJ8b-WFZa8wa4Otg,It doesn't even work not even worth it,1,0,1.0.0,2020-12-20 20:50:34,,
gp:AOqpTOGjJs3uH2Hu5ApOv6VHsqy1MY3pDt5X5verAS4oEMRv_fgwjPrheAA5Zlj9bUGMAhb2pDeZEIItukwIqSc,Timothy Thompson,https://play-lh.googleusercontent.com/a-/AOh14GgcRzRmQqQjuFEaP_PMTT3Bv84HKM5I1Iz7Ps2pMA,Love the games but can't believe I payed and still have to put up with ads... Not really invasive ads but still... Either you have ads or you charge people... Not both!,1,21,1.0.0,2020-12-04 06:08:17,,
gp:AOqpTOHW3qrFdzCTlSw8bniLXmIkywR-vZMyJs3qm71mKO4qNwnqOvcO4mOGMWDFyVmXxVdPs-eh1Ix6mUPeaJA,Draconi Kratosus,https://play-lh.googleusercontent.com/a-/AOh14GgHjI0WQxElZGLJY_zIFisb-NTabqf4wV3XGm0nZA,It is amazing. They have ported incredibly well to mobile.,5,0,,2020-11-22 01:38:32,,
gp:AOqpTOFwGMn_dgcv8w9xB8IUHUYzYyfo9JZKL-GaGwOp89NqLU6FPWhtvItyUyUODZoaLWdIn6aPXiGBT7soKgw,Stephanie Smith,https://play-lh.googleusercontent.com/-NHz6oPpwx1Q/AAAAAAAAAAI/AAAAAAAAAAA/AMZuucniscAmg-_WGd_592jxfUEaMrXJlQ/photo.jpg,Love this guy's design and execution,5,0,1.0.0,2020-11-20 14:20:23,,
gp:AOqpTOFGZADPlbi77Ghe5cMxAaO7LTximYCMAEBcltuaoeIyLVl3hzZ39Z4PT5b-eU1gJy0ttfUoQvuzG07jPjI,Linda Maria,https://play-lh.googleusercontent.com/a-/AOh14GiW7M_5nP1cLIAdcdPiRuKmT7lBu05Gs_XXl8dm,YES! Heccin love these games. I used to play them all the time as a kid and even though that was years ago I still heccin love them!,5,0,,2020-11-08 16:25:59,,
gp:AOqpTOEW7qTKQpSld86mdKqCm68D7T__UWQU6j8eJ_oL8M94WC6zssegGgnTwqqx1lz6YyP3fFfwWi31AAA7jig,Lilu B,https://play-lh.googleusercontent.com/a-/AOh14Gh-KcAe7xjpat6n76dXZpG0d9Ne-Pvn9gM68zoFQA,"Simple yet challenging, this game is so much fun. I played these on my computer years ago as a teenager, they bought me a strange kind of comfort. So glad I can actually purchase this to say thank you (even though such a small amount). A really fun and frustrating game, ideal for all ages.",5,6,1.0.0,2020-10-10 07:15:33,,
gp:AOqpTOGF_sFax3QJ06e0zv7vDOC-ZbpbC4NqKMu8PNmOswVN06lewrxQbA5hql4sS9iWo9HKo2AKi1NRbhi3oiQ,T Spitters,https://play-lh.googleusercontent.com/-Y0_fz2k2Wz8/AAAAAAAAAAI/AAAAAAAAAV4/AMZuuckv0rmoNPdSChqpeR3mB4UmY94DrA/photo.jpg,"Fun puzzle games! Took me a few tries to solve the puzzles, but it is fun to find out the different possibilities! Nostalgic!",5,4,1.0.0,2020-09-27 23:16:53,,
gp:AOqpTOELaOBTDOqL50Xf93yvIDkPTtvWmoNxmQgpSRFaiqqtemJ1ZFmWYcsLZ64qMlEbVKQ8ZB4ZeTTDTUFsbPY,M Bu,https://play-lh.googleusercontent.com/a-/AOh14Gj9Lfvz6Zqhbaz3dyzjNg0hy0DyLjB6m1MncfGL,Paid just to get a game in a tiny portion of the screen & full of adverts taking 1/3 of the screen. Not many grow games in this pack either & no updates.,1,3,1.0.0,2020-09-25 12:16:36,,
gp:AOqpTOFtFkvOenZDy94gg2vkpUVe-u4d82RbSjY201Cv6yO_26dcK4GTPivNH-PwymywfFQBe4CCYiRskGOD3Vw,Lukas,https://play-lh.googleusercontent.com/a-/AOh14GgOGZ6nRBYX_hIjse_YxQIhAnHtS5nF7Ew6MijVl2g,I paid for this and stiff get ads? How about make its free and some ads,3,0,1.0.0,2020-09-24 19:41:48,,
gp:AOqpTOE-bG7Z0DyMeT14ml4-UCNyQ2gnOKX71tifZ3aL30bLxxH8gyI5cWdYG79bZ3yqMpTZ1rVkGGPT34lcE-Y,Nikotiño,https://play-lh.googleusercontent.com/a-/AOh14GhIuXZ6kA89XVhAPS2QYTEnN_QhbMwMi7nOp_thBA,"Why did I pay money for ads? The games are as fun as before, but the screen isnt filled out completely just so the ads can fit there better.",3,6,1.0.0,2020-08-19 14:22:47,,
gp:AOqpTOG8jkOR5RgdZnol8hkvgoeHytnsPrjwtuIxgGmbFQ7ZazlHqA12ajToMi89EOtZsUzaH8KwE4N5R24OjOs,Alexandra Reid,https://play-lh.googleusercontent.com/-tPd8VlPoDjY/AAAAAAAAAAI/AAAAAAAAAAA/AMZuucmfND82_gZj4phexQxYyaMInEdPMg/photo.jpg,Where's the updates,1,0,1.0.0,2020-08-14 17:38:08,,
gp:AOqpTOHuJS2QLPfunsMyUrNsmmXQi79LyFxpyL4MJl55FYVj-9uBq9NGr-vFHxr_WR0IPl_9CrxNqsrb1mhH8j8,Matthew Carlson,https://play-lh.googleusercontent.com/a-/AOh14GiablgrN6Q6CpqUSdBKM641PS7bvh5yYqWPYJw6,"Hasn't been updated in years, unoptimized for current android OS versions, game runs in a fraction of the screen space, and advertisements all over the place, in spite of paying money to download the app. It's abandoned, don't waste your money.",1,11,,2020-07-13 12:27:35,,
gp:AOqpTOEjTU_-HjABb8xvZw4mpjJO0gaXcmjeMsSOVYGGBStHx40ixvoTguBumvGSjx_9I4_MM_nYdykiAshl7kg,Zayne Nicholson,https://play-lh.googleusercontent.com/-ZllQd8TOGoY/AAAAAAAAAAI/AAAAAAAAAAA/AMZuucmX1IpH4YkWfDkOu-Ll16o56P0Seg/photo.jpg,Greate app and great developers. Would buy it for $100 if it meant more games like these.,5,0,1.0.0,2020-07-12 19:06:59,,
gp:AOqpTOF8STgk1PfjBGUOFF98oz54DNzffyWI03RtnukQM2ceJm42ysBr8s9Ve0oqToo-rjbAzDopoJ06wU1IDSI,Samuel Erickson,https://play-lh.googleusercontent.com/-ltTFi5GiQYM/AAAAAAAAAAI/AAAAAAAAAAA/AMZuucmrYs-uOoM3YMI7nXRNWKVar2D9uQ/photo.jpg,I Always loved all these Grow Games,5,0,1.0.0,2020-07-11 09:20:38,,
gp:AOqpTOFdb1wNkWLftZhy30eu5p7XFqBulBhnexEayfzq-fl__15bIi3K7kDwL-Sds28bRYC0Duw5SmXl4w0j4Qw,shar6970,https://play-lh.googleusercontent.com/a-/AOh14GhSKZFkl9kAWUBleS6Mu9VF0Y5weZDi9RNqzQWF,Brilliant games,5,0,1.0.0,2020-06-28 15:11:10,,
gp:AOqpTOGsWBgatqY6djcjB1nkbZHtd4QY_TWBFVPhLUoe19jtxDOVVqwDKWdGhB4lrg9ta1ZgkGmZhLp16JKlV_Q,Feferi Peixes,https://play-lh.googleusercontent.com/a-/AOh14GhLKjFmieihmNHmMaM9dzVQgyJTUedLf_I42KjXiA,"Please make more, I love this so much",5,0,1.0.0,2020-06-27 23:37:02,,
gp:AOqpTOFdOZfbmYjhuq1MLFFiCNqlASTgB8AuQ-vf_lPjo9lvBJNHUK9zuVb8ujId_LLidvbmHGtWN_KEw2jmxvU,Mirzadelya Devanastya,https://play-lh.googleusercontent.com/a-/AOh14GhlqoWQcjaW0kOK7ZxUGN8MvFn3T_a6VGCo7DfCSA,"Honestly, 100yen is too cheap for this wholesome package of nostalgic fun. You deserve more! Your game entertained me since years ago, and now will be for a long time. Thank you very much for your dedication and creativity.",5,4,1.0.0,2020-06-25 02:07:26,,
gp:AOqpTOHigzc47eR5-YAawbB9j9gpUTWIJHat8PoA5UVD-8vgLX-WZ2SnDYyhVXyRhbRzdkYQO6P-wB9b1X5sTN4,Pink Blaze,https://play-lh.googleusercontent.com/a-/AOh14Gj5uTl_t_BOJHxv79pjlxhrtinQPzOdLjihitTfmwQ,These game are and will always be my childhood- I just wish more of them were on here.,5,0,,2020-06-14 22:18:02,,
gp:AOqpTOEIl7af3nV-nRp-NVrGeWx0U6LmVRm21Zjn43WKTlYTBmtJXyYabNwwzyzebHeX6P9uO8BKiq4eiEoQRb0,Brad Hickling,https://play-lh.googleusercontent.com/a-/AOh14Ghes_qZ-0tNff39ZQfPwEmhyJWpUL8L95yAGPY7,"Brilliant series I used to play for free on the computer while at work with nothing to do. Now, I finally can buy the bundle explicitly to support the lone guy who developed this entire highly engaging series. I will play these on my phone with my girlfriend from time to time, but I literally got my money's worth years ago before I had a cell phone.",5,23,1.0.0,2020-06-07 08:33:11,,
gp:AOqpTOHO5znzsGCLsBY1bSDe9d7o0SSfV9_mot13n3Vq-wVzU2E98tBqV4X6DQn00ZTIrePnW2YMETrafHpx8ls,general kitten,https://play-lh.googleusercontent.com/-8RRi61-EmfM/AAAAAAAAAAI/AAAAAAAAAAA/AMZuucmu_xCP_xWiNMR1HQ3PtUkKPAyrZw/photo.jpg,"if i pay for an app i expect no ads, why not just make the price a bit higher and remove ads",2,1,,2020-06-03 16:38:51,,
gp:AOqpTOECjjCsgsnPyHC6zTh38IagWDBAlNO3DtcTjmKxcOY8mqHKzGjOGzYT40OJn5dyM3SAuQbeAviLsS6KkuY,Scott West,https://play-lh.googleusercontent.com/-OvQdhxazjc4/AAAAAAAAAAI/AAAAAAAAAAA/AMZuuclQI8GEMlqiosOdqyPvfpezDGUSFA/photo.jpg,Yes! These are THE PREMIERE puzzle games way ahead of their time. Glad to see them again,5,2,1.0.0,2020-05-27 14:03:37,,
gp:AOqpTOGDLwx96f3PEVI6_uvUpnTVKGbL1US7kZ4u3bbst4Bh2vw2i9N6F8vFHYCr3OpZsAAg6QjXShMhmbNeAzM,A Google user,https://play-lh.googleusercontent.com/EGemoI2NTXmTsBVtJqk8jxF9rh8ApRWfsIMQSt2uE4OcpQqbFu7f7NbTK05lx80nuSijCz7sc3a277R67g,Lovely puzzles,5,0,1.0.0,2020-05-14 01:00:24,,
gp:AOqpTOHaSea8zRHQJutTrIVLgGE106oSURPGMl9n5tcR1bcQt7NtMiwVVBbWuqWf4vSXCLw2p6M9LPUIBWNLGsE,ג'ון ג,https://play-lh.googleusercontent.com/-5sOUM6NHZAg/AAAAAAAAAAI/AAAAAAAAAAA/AMZuucmU9yrXj7YwnZb_nbNfV5xvz2Oi7w/photo.jpg,Worth it thank you for your amazing gamez ps neighbors is ossom!,5,0,1.0.0,2020-05-06 15:33:53,,
gp:AOqpTOEXM3UXkwF3sFuGOYuGhVMnkurKphsQosSkfaTKKsGEsXhtTy-OCFgLTZDqzN2B7lnCubI5nSukxz22bK8,Richard Vowden,https://play-lh.googleusercontent.com/-D5klvQAm4Qw/AAAAAAAAAAI/AAAAAAAAAAA/AMZuucnQfqgQFfPs47FEz2fGoq80x2nHzA/photo.jpg,A trip down memory lane. Great puzzles,5,0,,2020-04-16 04:32:58,,
gp:AOqpTOHNIkNE1kXV-8MVKiS8rKs24Pp6o5y_U4QGIGMCdy1Ft0hAg1bmbyvwwNz7lKtaK4mO-K_55V74aCYOpjw,Serge Schukin,https://play-lh.googleusercontent.com/a-/AOh14Gh92l8B-6IDP-GY4SE0WGnZQCiEoXMlwQw-R4KP,"I remember these puzzles since around 2005. Remember sending email with the link to the website to all my colleagues - and how that stopped all work for the whole day LMAO good we were employees in a creative digital agency, so playing these games could be at least SOMEWHAT reasoned 🤣🤣 These little tricky puzzles are THE most inventive ones with really unexpected endings. They have consistent logic - but it's quite unclear at first, making gameplay a trippy experience. These are true GEMS 🍄",5,5,1.0.0,2020-04-10 20:35:01,,
gp:AOqpTOEfYG0JFE__kC4yQj8SROq5-Y6uAYhZH5Oh72alEbGkElcNfojYjJPDB0ML8DV21xbPBFhDpejML6RtUyY,Silhouette,https://play-lh.googleusercontent.com/a-/AOh14GjLkWjFh3UPt5x3zYdOCmJoK0ybuYVKNarxrcgFZAI,"Hands down the most unique and creative puzzle that ever exist. Get the set, support the game dev!",5,1,1.0.0,2020-03-14 21:28:22,,
gp:AOqpTOGMi7kq9hUZXLsLdbRxjGzLp14qRAVUDrWlpsrOLSJTtvyMVb7bC1zieRoYyfYX0K7PA6_3BZKJGFazxP4,Raffaele Spota,https://play-lh.googleusercontent.com/-tkXMgHZldik/AAAAAAAAAAI/AAAAAAAAAAA/AMZuucmJotW3Kfq4J0xiZmDu2HEC3yeWYA/photo.jpg,Game from other times feels good to be still able to play this on my phone,5,1,1.0.0,2020-03-10 00:59:18,,
gp:AOqpTOFwn2zo8Fj3gD9IhhPw0DlGMVKTiBwJUMK_dhSzLPxeX6tULJ9bzUcO0cI6dgDyO3nWI-eu9osDxzPmKuw,0skars Rimša,https://play-lh.googleusercontent.com/a-/AOh14GgxYIOEdVJjG4IaC_yt85uUW5kYOHrSfGB6iwpUXA,With ADs..,3,1,1.0.0,2020-03-06 05:34:43,,
gp:AOqpTOGq2-n48O2pVV-jXWs3wD3xXXXeY-3ys9SMcbsm74ut4NsuOk52AthJuk_WqVFT08t2GIJYcSKucEw9a20,Aaron,https://play-lh.googleusercontent.com/-TpevlgkjKzc/AAAAAAAAAAI/AAAAAAAAAAA/AMZuucksWu_AGz8fIteIbDOsCeWuYjUF8A/photo.jpg,Great puzzle game with many different gameplay types. Really rewarding when you complete a level!,5,0,1.0.0,2020-02-29 11:27:09,,
gp:AOqpTOEYjRnfyYF4V4IstXOLmjK5ALaU51OAtfBBHDfUY4KouAEP3aZpf1mRzjhU5x611mBR_sHHYgYoIOyBP6E,Cierra Eastep,https://play-lh.googleusercontent.com/a-/AOh14Gjl5QBKE3sZXjvcQKNS1AlYh4rjF5Jp3btphE6kwrE,I've been playing these games since dial up internet times! I absolutely love them! Can't wait to see grow island on here!,5,0,1.0.0,2020-02-25 15:28:01,,
gp:AOqpTOH0YYDvX4NAPbfh3kA5_aXTqRdnohYaWTpeaWkElM3wArMXQ2y8P_gWG-uI2gCD-0vYEvN2VANfn2lIxgo,Blaine,https://play-lh.googleusercontent.com/-xSRP3ysLZh4/AAAAAAAAAAI/AAAAAAAAAAA/AMZuucnT_vbHiq-YeJUM2JvEdJ4OKWkixQ/photo.jpg,"For anyone reading this, on the latest version of Android almost all of the other grow games don't work except for Cube and Cinderella. I'm happy to report that with this pack, every game included here works for the latest version of Android. So grab this pack, and Grow Cinderella, and I think you pretty much have them all. That alone is worth the $1. If the author is reading this, I would recommend updating your other games so that they are compatible with the latest versions of Android.",5,19,1.0.0,2020-02-19 18:25:39,,
gp:AOqpTOFA_XumTH0z8oFNbioKqV6khkGziZyeTxqUk5N5hU1EpHCPez_TMSCUCljMy0M0QLAQQS7XvCyBCXwjRN0,tim moon,https://play-lh.googleusercontent.com/a-/AOh14Gj2JyKw0OLNucUsdxQ-Ll-bmSfAaNbKyRLO8KuoqQ,"Enjoyable! What i love most about this pack is, every time you play, it is like playing it for the first time, ever time. Engaging and entertaining. Even though they are free by themselves i paid for the pack. I would love to see more of these from your site in playstore. I would gladly pay for other packs.",5,8,1.0.0,2020-01-25 04:39:27,,
gp:AOqpTOHU4qa30RwfFNkonaaK-177DVfx_iX5MGHvB0a6QRBBdLA_paKRyPWUvOeC-QGli6Tu_l0cHHQOxq2_SN0,Rita Barry,https://play-lh.googleusercontent.com/a-/AOh14Gg8IKzfDtO_54TTtrEOPaPxqPqwQE6noadXFqn3VA,Love this game,5,0,1.0.0,2020-01-19 14:44:38,,
gp:AOqpTOHEcWtszdVS-17lPWaaQ55hMYKt_U7qJMmafqUqKPbCzGLlMJ72xbaqdW6E6bFDiETRJzexJTlWrG2wMBI,Erin Wiley,https://play-lh.googleusercontent.com/-CDxZrCv7mgk/AAAAAAAAAAI/AAAAAAAAAAA/AMZuucn5d7_2DTKrmkx9bB8S5YqdKeH_4w/photo.jpg,"Lovely, super nostalgic",5,1,1.0.0,2019-12-27 21:34:19,,
gp:AOqpTOE0emaceL8nc8BefysC3tg9aFZif0tDKC2WKCOmVzmRbvIks0iJUeOrzGEJv7y67HcsKYZ-s7tjdGJqm4w,Ray Li,https://play-lh.googleusercontent.com/a-/AOh14GiRlRjNefyF10F1s7PugRRqv_37sjiAFeCI8KYN,Please add the option to remove ads. Thanks!,1,3,1.0.0,2019-12-23 18:18:31,,
gp:AOqpTOFg46Pwg4mrDZCTUUaTeDPyDY1g-iC9vgBvZkc3R7tgAr_dWbd_w4UXEMqpZsVe6mJ01TKvieEA7F0oI20,Flaming Fire,https://play-lh.googleusercontent.com/a-/AOh14GinjvQ8aKde5hy6e-I2JSHn40g9sXlbyLh7hzylvw,"Ads? Meh, ok. You could add an option inside it so you could remove ads (same price as game) but no big deal.",4,2,1.0.0,2019-12-21 13:51:37,,
gp:AOqpTOE5Yvn9O8VNFEFQJD8ovcPYZxqx6qRM9SemJbdB-eqWeRj4oc5QXAJZr1CaYlRuuvZdn5CrPcwi0ZxgJ20,Tim La,https://play-lh.googleusercontent.com/a-/AOh14GhlATj5342_ZHw8Qetp6iT9lcGf3glGQwaeqCVGWg,I only bought this game because I loved grow when I was a kid! It's fun and they changed some of the mini games. The globe one is like an RPG now it's nice they don't have the same formulas as before.,5,4,1.0.0,2019-11-16 11:45:47,,
gp:AOqpTOEB1XsGZANTXeNivjrOd-5jdgxkYutzypz9cx8oTX-EE6LFF1udxSbcF6XbdmBfaaAIVQawECozAsMirYA,Rachel Haley,https://play-lh.googleusercontent.com/-Mx45YdJSgIA/AAAAAAAAAAI/AAAAAAAAAAA/AMZuuckKNfrZfS_sJ5qEY5DJpZHZVL_Amw/photo.jpg,Played these online ages ago. Was a nice bit of nostalgia,5,0,1.0.0,2019-11-07 17:34:28,,
gp:AOqpTOG4ILiNRzRCUz2m0Y_ZHClJeJJnuDAcYI7DV2nKwSQk0V6McZt3aoi0oG7vhAylG6XkUlA7-krBLwTktcw,Potterfanz,https://play-lh.googleusercontent.com/a-/AOh14GjWA-mMzzo7zTFNMY_pmJTYmqgIqC2qDSn08k0Z,"I've always loved these games, and I'm glad to be able to play them on my phone.",5,0,1.0.0,2019-11-01 06:51:17,,
gp:AOqpTOFoHd5BQXW_rkMWJnMIQ7J2h5hRPa_he3Srd5H4e4oZicAEsDWl9DYCLmG5PDDCeOP28P9uvZEfb37fsMg,Jehovany Eslama-Cruz,https://play-lh.googleusercontent.com/-x6SzyW9EqUs/AAAAAAAAAAI/AAAAAAAAAAA/AMZuucksBEhD51tBSiXl_mPBmX9gjDOAsg/photo.jpg,"Love these games, played them when I was younger and they're just as good now as they were back then",5,0,1.0.0,2019-10-28 23:08:30,,
gp:AOqpTOGgRmQj1lK4B25iaipLLCTSwoX6U7rai1c1hN0H1biR3j8s1J00axLipG5HimbYOiVI_Bdbvt1CuyurqYY,Carofina,https://play-lh.googleusercontent.com/a-/AOh14Gh2ZRKjq2OVrsab6MPc8Dd1uXuDi8AZKwmFDm5qdQ,I love the animations is a fun game that really makes you think. I recommend it!,5,0,1.0.0,2019-10-19 01:46:10,,
gp:AOqpTOFSFDx_YXxJsyxdgTrgHPG5M-Qwyh1yWWbo787LuctgZnqUcEzFsPimwnWCkDrijJDa0JG2ssFToh7_Ek0,Matt Balliett,https://play-lh.googleusercontent.com/a-/AOh14GgjzCGyyA2NXsOmjdQ3bHhge2IM8YEjXiFna5Tt8Q,"Happy to support! I very much enjoy playing Eyezmaze Grow games, and love the imagination and creativity they inspire. Keep up the great work!!! As for anyone else who has enjoyed these games, I would encourage you to support them as well. By the way, I'm still waiting to see volume 2 in the play store.",5,0,1.0.0,2019-09-27 06:18:33,,
gp:AOqpTOEVh_hY3UJHixPQKlHt4ZzL5GyqlkOPhP8MUrVyqo_77JQveDyjHG7yfMzO2iR_Smmim8x1nx_HGnZL5ME,Sky Lowe,https://play-lh.googleusercontent.com/-xDUIICHPh9g/AAAAAAAAAAI/AAAAAAAAAAA/AMZuuckXIi0AeN5b8aFLTu9LIVNiluAcKg/photo.jpg,Could be better they didnt use the best of the games makes me feel like imma have to wait till vol. 6 b4 it even gets good,3,0,,2019-09-26 14:14:36,,
gp:AOqpTOFqGmsMO21W1tX8vEwjxZI2qrRntS2CGBZdDuXjNz3Ouj1gQc8pRL0UjmpQ_cvGRF65A7atDuA1lB_Lxqk,G B,https://play-lh.googleusercontent.com/a-/AOh14GhaeD7RLupF3SsmxcLRQFrgBoZhtdgdrLu6XMuSUZg,I love all of these games so much,5,0,1.0.0,2019-09-19 07:35:30,,
gp:AOqpTOG8kAWWjMtg8I3f8oSh8-HFpHy60OE5YGKgcHMbVbVo9uc6ewSgkYMGGN0G-hGJKeb6d6EGFoz5-dIZVMU,Chayon Tanabullawat,https://play-lh.googleusercontent.com/a-/AOh14GgyzdtFyqnLs0EaDHgE5PuML0q2abRaphfCriWfKw,I played since I was 10 then I bought it and I disappointed that I paid for ads all time,3,22,1.0.0,2019-09-11 23:31:37,,
gp:AOqpTOGaxd2VEDqPDfvRgLNnn4camRYaqMIwqYZ3MCj2QhBJT8HgN_dHQieFeS2wkxWfFRIGLVfNoWMqfoh6Vsc,Obicann 89,https://play-lh.googleusercontent.com/a-/AOh14Gj5vuFYuJ_wzXpLnsd1k8HL_A_xoyv2Aft2N_5NTw,Amazing Indie franchise,5,0,1.0.0,2019-08-24 22:19:18,,
gp:AOqpTOE68bgiOGm6n3p58jUCQqmOJNV5Zl1AxDwy3s5u07QH5t_m4MgbuZo3HAs-4EsNo_Dh4Ko6BkW4F3bR7LM,Mişailık Garşılım,https://play-lh.googleusercontent.com/a-/AOh14Gg382m8YLKQ47V2_SdBm_deUgoEfKWE5y89XT7ERyY,"I played these games since I was 12. I'm officially happy to revive the experience once again and to support your work and health, I decided to buy this game. The game is totally superb but please six the resolution, mobiles don't use the same resolution like 3 years ago. I'm expecting vol. 2 to be a great game! May God bless you, buddy. Keep up the great work!",5,9,1.0.0,2019-08-20 13:03:27,,
gp:AOqpTOG9BxdM_5eFtTEdxTzHDsRPwKFSy9JWwaxVwgH0wKvmyUFf_sJIrgAG1k8ya_BmrxBVVDU4Q6tVdUpMEeA,Uecy,https://play-lh.googleusercontent.com/a-/AOh14GiYGhCDPNdCgbvYXRegoc14FUHepM4ML7jTE0m9Lw,"The ads that some people are complaining about is literally just a thin banner along the bottom of the screen, not even noticeable. Includes grow park and my favorite, grow rpg 🙂",5,5,1.0.0,2019-07-22 21:26:53,,
gp:AOqpTOGeFqEyn7jGDE4G3Z1c8qu5ZdvR04t1H60uP04UkfmpIV2RY_kZg36yL2nW5_h--anuRPxUtc12xrV7j9I,Simon Halberg,https://play-lh.googleusercontent.com/a-/AOh14GiX8RfBQcg9oaw0AQ12B3tngWjMdJWAoJkPSlxecw,ads in a paid application should not be a thing. It's sad since the games are really fun and cute.,4,1,1.0.0,2019-07-08 17:01:09,,
gp:AOqpTOFXDwmiEH6hpAElGad8JPOs--olJitPeaOm7rxMRsgXYr7Fy2lKYWjALMxPtk0goldKAxZVk4rto2kYRp0,Christopher Valencia,https://play-lh.googleusercontent.com/-0EHvnB7qfvo/AAAAAAAAAAI/AAAAAAAAAAA/AMZuucng9mxEZ5l9Z6BIVzDHLzLXuNdxnA/photo.jpg,I have been in love with these games for I think 12-15 years. I'm now in my 30s and I still cant stop. I think I first discovered these games on albinoblacksheep and have been a dutiful fan ever since. I'm proud to purchase and support anything you put out. Just waiting for Dwarf for Android! ;),5,1,,2019-07-07 00:54:32,,
gp:AOqpTOFz51N4zkHritAOlb6ykwQaEQcoZyFR5qm1jF4LhbLPImfyLxP1u04y-St7d9F-2pxo7QDKc3UoE9cgL3Y,Ambrosia Lose,https://play-lh.googleusercontent.com/a-/AOh14GhBvS6NlmZDmZuDKXh97edByWuyD8AA2FdN_osl,I don't need ad because I paid for it already,1,10,1.0.0,2019-06-15 05:44:01,,
gp:AOqpTOHvlVGjimLV1GleYk6_V3hDu83gsDJ6Gd2wNjl3KDP66UZpoaioMcNr9T9OaDxiqVIiTFrX37cP83G_Ej4,cecillia andrews,https://play-lh.googleusercontent.com/a-/AOh14GjTV2jsJiosBgtuSSxkOpup4LIU4YJSfm2lfT8qiw,"Grow games are so fun. Now, i dont even need to install anymore, since its all on one pack! I really enjoy grow games, keep up the good work!",5,2,1.0.0,2019-06-08 22:54:45,,
gp:AOqpTOGjbOtwFAE-6UafOt6FlKf991wcyqck5sHTXo4NN8i59jzTzInY0tGAC-kqRtk3xGKG0BeRTgarO_VhckM,Alex DudeMeister,https://play-lh.googleusercontent.com/a-/AOh14GheOblQ9KUqoULOvolkPQU6_pQTruxJYGC-uXmN8w,"I used to play this in as a 10 year old, over a decade later and still love them",5,1,1.0.0,2019-06-08 00:31:26,,
gp:AOqpTOHeNOzIungI1Di9tp2d_nNGBn6-HjPO0CiH8sJxq6uEIdW7djGWLjrZIx6HbbqiwgbLYOwIwiYZPa84qTk,Veronica Manson,https://play-lh.googleusercontent.com/--an1jcHu3PI/AAAAAAAAAAI/AAAAAAAACZo/AMZuucl9yD0cxFeWcq3qaJN8s1v0yrAjng/photo.jpg,i remember playing these games on browser all the time as a kid! so glad i can have them all on my phone now!,5,2,1.0.0,2019-05-04 15:14:36,,
gp:AOqpTOEOhA9pYbXQIfx3M5sD38XjGHxi9pTGgSHp7YUweG1SNxz9xpC7uQwwrRtRScHYhTrtS14mM2FLxsOhNXs,Total Random Gamer,https://play-lh.googleusercontent.com/a-/AOh14Gi9zxwb7KhLEzVFQkfhYdUL7CLlZUk7OwGRw5_n6A,Really disappointed,1,1,,2019-05-03 19:58:14,,
gp:AOqpTOH8UoW1DpFwu4thWMLcY0br0M0CcBNFlv3AK6GAsyCtnkKPOa2_Jt5Nut8LdWxid4iDQkteEuqJBWNBrxk,Bastiaan Hersman,https://play-lh.googleusercontent.com/-9NsBtv47TH0/AAAAAAAAAAI/AAAAAAAAAAA/AMZuuckUgKyaoioxxE8vYHZ-mPAO62qOFw/photo.jpg,bought it to support the developers and feel some nostalgia but was very dissatisfied seeing the ads.,2,51,1.0.0,2019-05-01 01:14:02,,
gp:AOqpTOGPQmqJlwJXCUALkZHxdIKcCDBiao9d0CcCTWyWQxwpj1PwZlHsuYJbLdPlmabAktTGP-z0_jQBuQ0rLgQ,Liam Richey,https://play-lh.googleusercontent.com/a-/AOh14GhuHKwUi--0bz_vMWRDtCePOt2EmjM22ZDt348J5A,"I'm glad Eyemaze got into the app market. I would (and did) pay 99 cents for this app. The Grow games are not only stimulating, challenging, and highly adorable, but very nostalgic. I remember the first time my Father showed me Grow Cube, and how enthralled I became with not only finishing that one, but all the other ones as well. The beauty behind each choice chosen, the adorable yet uplifting music, and the sheer memory of these games make them enjoyable at LITERALLY any age. Thank you Eyemaze.",5,30,1.0.0,2019-04-30 20:34:23,,
gp:AOqpTOHDNBSAmt28Mbq2ftvQao8zkbfICKfDTZJ3Qi-kVb2TCj12Tt7sAE20Sk7v3p0HziJm2g50Tayf99RNtzc,Pekka Luhtala,https://play-lh.googleusercontent.com/a-/AOh14GgbCK7tbHh1NKHtwTo1I7Rza5YMfeaR4vTTBsS6IQ,Excellent collection of classic games.,5,2,1.0.0,2019-04-26 08:12:45,,
gp:AOqpTOG7Rxmq7W_l16yiVpOSRQZ_NPv-Nl_P0XzKK7QOZfAvEElB7NJjTWaLWLpkbfitwL3uG7oTELcjt-9hxVM,Maikey Stuiver,https://play-lh.googleusercontent.com/-w5_AsNoGeX4/AAAAAAAAAAI/AAAAAAAAAAA/AMZuucnlfHPjBQF-grT1_H1fbGGZJxZPeQ/photo.jpg,Awesome,5,0,,2019-04-22 18:30:18,,
gp:AOqpTOHR2LcRAeDsTUVQRi3nEgpBwzJ-5m9ufe7G2vbtkCTvRPNsFTLdhIHsZFEwdq31YZA1oDQKURS7XdoC9kE,Pickles,https://play-lh.googleusercontent.com/a-/AOh14GizxeczQhi-zI9oaN5P8UMfgYs_Vo7XQpetBbYVwA,Ads in a paid game?? I am quite disappointed :(,1,17,1.0.0,2019-04-11 04:30:37,,
gp:AOqpTOHVidzTYfTMDNze7ruy1SZGbg-h-luoQQ7k6_dQID4SzH8QZlCU6BMIF2Yxqv7mOet5rZD0nVxKHOIaV4U,Kyla Pika,https://play-lh.googleusercontent.com/a-/AOh14GguL78q090D7yziq_N7MC7-QhVR5DXXDa40LMcq,"Love these games, I brought it mostly to support the developer. As a thank you I guess. Fond memory of childhood!",5,2,1.0.0,2019-03-21 23:40:30,,
gp:AOqpTOEj_TCkdRiAMWptQ9tj00oReG_QsUumZlJWpip_zyDjXtwYt_e_djgtPuiNd5wg8ek-JbnyaPGa3swojR8,Charlie Wiseman,https://play-lh.googleusercontent.com/-9PIUc5PwXik/AAAAAAAAAAI/AAAAAAAAAAA/AMZuucnKAhDth0eSZ7Dg96Kuniu7g3XIjQ/photo.jpg,ads in a paid game? no. I'm disappointed.,1,53,1.0.0,2019-02-09 19:27:44,,
gp:AOqpTOEAPBIs014xj9VJkvM25DElC_LZrdRmFsDNSpHzoR7Ze1Mnw0khKdjGpQKTGHo_TKqxCB45ygLo7rF54E0,Benjamin Davila,https://play-lh.googleusercontent.com/a-/AOh14GjqS8AWxt4tknXB9bUXw0vpc4g1gBNme9w-_LQp_2g,These games are wonderfully weird and cute. They're nostalgic for me because I used to play these games a lot as a kid. I'm glad to show my support!,5,1,1.0.0,2019-02-06 10:49:28,,
gp:AOqpTOH3Quj6Ejyz8jIgvwGUgzTAi6zAuqzikufU1cqXwWpbEYZt_Go6nuwRIAHtMIdvxvOLdTCV9756Tncn5Yk,A Google user,https://play-lh.googleusercontent.com/EGemoI2NTXmTsBVtJqk8jxF9rh8ApRWfsIMQSt2uE4OcpQqbFu7f7NbTK05lx80nuSijCz7sc3a277R67g,"Awesome app! I have always loved these fun, outside-the-box games; Now I can play them on my phone! It's worth buying the pack, you have all the games in one place instead of a bunch of icons. As for the complaints about the ads, they are not intrusive at all. Just a very small banner at the bottom. I personally don't even notice it, and it helps out one of my favorite developers.",5,24,1.0.0,2019-01-26 21:05:06,,
gp:AOqpTOE7Y3cTlT1RpSUeG_R0emtFUI6Q5l_2LU66bFZU2GBuyd156QxyS4xx0AWwIGAFM_MHsz4Xf91dsQMOp1g,Bryant Tapia,https://play-lh.googleusercontent.com/-n3jwoD87FrE/AAAAAAAAAAI/AAAAAAAAAAA/AMZuucnz1mgdNUbcvE9j3IbBcOg8pDO0Fg/photo.jpg,awsome,5,0,1.0.0,2019-01-13 16:55:05,,
gp:AOqpTOFlDTwNSZos-QRmdCcfu-wUU2lyEEpcC1oXGq4bxd8xy4I0x2UvhW24B43DgIzbi3nCoExXN-lAgNECkLs,Harry Al-Adwani,https://play-lh.googleusercontent.com/a-/AOh14GjDDb2GrlVeSsiMCy3vj6Rfn7zSq4lMgXOflMWMng,"I had all the apps (which are free), but I bought this to support the developer. I now regret it, as I am very disappointed to see ads in a paid game. This would easily be a 4, probably 5, star review bar that. I would have happily paid 50p-£1 more for an ad-free experience. Gutted.",1,20,1.0.0,2018-12-30 18:38:17,,
gp:AOqpTOHmFBqu_K2PETziZu2iXHN0QdDnFoZuT-bcRnuVNNwi4PH7YYZukYrA3lFUigWyb9fNGIbUnYsfPrxNPQg,P T,https://play-lh.googleusercontent.com/a-/AOh14GgVvPPc5_ZIZOepzFFgNPX97jsf0K-RDBwbEwbskg,I can't wait for Vol. 2!! These were some of my favorite browser games growing up. Great job,5,1,1.0.0,2018-12-20 15:15:15,,
gp:AOqpTOGrbrNXvFB9l2Wt5vusvvA8ivkkiemLw3DLjrVc-R8W6OF16zyCrVE4Ywi5J75x94pNYFpDlSDqDXG07IU,Firstprime,https://play-lh.googleusercontent.com/a-/AOh14Gjvj7D_kPNCFuXgoed_9xL9QTrS8BazocmaJfcXxg,"I've always loved these games, and I was very excited to get this app. However the fact that there are unavoidable ads at the bottom of the screen constantly in a paid app is absolutely unacceptable. I will change this to a five star review if the ads are removed.",1,20,1.0.0,2018-11-26 05:21:25,,
gp:AOqpTOG42wKqiaZO78Deo4HYrCWC_ydzdMUrDuzZKjCNs_HZ3jupepq7yziGy-wsjSmiLk48LEihtTOpEaPA_VI,Ajo chanel,https://play-lh.googleusercontent.com/a-/AOh14Gh2zc0_n9Wbd5MD6m8Eg3yRrYjHWhHj5E0gzvEP,Just Awesome,5,0,1.0.0,2018-10-25 19:27:35,,
gp:AOqpTOGY3qxWp5thcmimiKJLVjDLvrA7sCn-gBHN4uInox6mqeVXDYEs_I2lfPuVUXM_Gf32E4jfrbocW4F42rE,Ethan Heilicher,https://play-lh.googleusercontent.com/a-/AOh14GgYihb3F7edx5ryTmDHrxmD4SCGPKLqU2ne_4WHZg,A classic collection of pleasing games to play. Don't skip this collection.,5,1,1.0.0,2018-10-15 10:58:55,,
gp:AOqpTOE0TLo8nPGD4LO4nCsvtjWKIqh8EAq44DsBJuLNk-rMJgoMFPDS7pTW-T0x0GRrXwmxee_iOf1HFDj3n9Y,Mewo ART!,https://play-lh.googleusercontent.com/a-/AOh14GhvY52EyamnmDSg1Z0f8msqw4b37eCg22EeZYbIdw,I've enjoyed theses games since I was a kid!,5,1,1.0.0,2018-10-12 11:29:58,,
gp:AOqpTOHNsYwgGu6JGMP-FmgJ83T9PjRHLg4F-SWsREIjbw5lkepumSqB18_LfdHgVy0DEqVWl-UKtfUb3wgufNg,Evan A,https://play-lh.googleusercontent.com/a-/AOh14GhVBHY2c3iP5nK_VE9yeNDKM50nd7OqvKZVOxsKLg,Ads on a paid game? Boo,3,10,1.0.0,2018-10-05 15:37:29,,
gp:AOqpTOHN6TkgypDxffpw43MlUOZDUEzRveOYJ8y2p0zgCx2wWzyuWSuVW-VUdku4tYK27uEjHm3FJZnU9zMRAT4,joshua peveller,https://play-lh.googleusercontent.com/-IE9EUKsIGHs/AAAAAAAAAAI/AAAAAAAACqY/AMZuuclyok1W3sGy4cIkonfrSAJKBI9EYA/photo.jpg,Developers plz add grow maze,5,1,1.0.0,2018-09-30 11:36:56,,
gp:AOqpTOEpVx5Czz_jq2tUSha5M4aoqC-K1ynJ9ypZjntrh3B8_-cRyIAWtBjUT9A--jEAtc-f8R5DmnUEQZ5mLzA,A Google user,https://play-lh.googleusercontent.com/EGemoI2NTXmTsBVtJqk8jxF9rh8ApRWfsIMQSt2uE4OcpQqbFu7f7NbTK05lx80nuSijCz7sc3a277R67g,I have allways enjoyed all of the grow games and now I can get them in one place!!!,5,1,1.0.0,2018-09-17 20:38:42,,
gp:AOqpTOEhU_Hzus1xto6-8YMA50J9EkfHzkFraqoMq2aw8DRKc88lA1EBpuPdFwnlNN1jZPycTzMw5TSZ9frpZOw,Wowbagger T.,https://play-lh.googleusercontent.com/a-/AOh14GiupzIzG6jdlH4Sh-1iaHpQqaZ1UhZHAo3LGh7tOA,keep it up. great games. big fan!,5,0,1.0.0,2018-09-02 16:01:57,,
gp:AOqpTOH8iRHYBS9RlKKOy-cElPDd5sxGR3l3z6s7MysM5FGLq9wIc4LSGsjn-TF7-T4JydGTwBsL_gGMKC7fzcI,Joakim Høgås,https://play-lh.googleusercontent.com/-nonij9wRbDo/AAAAAAAAAAI/AAAAAAAAAAA/AMZuucm93-pkR2ZKPUu_yLIpltIn2YE3Nw/photo.jpg,"Paid 9,- nok for this game. Contained ads...",1,3,1.0.0,2018-08-26 08:04:37,,
gp:AOqpTOG2EtF4ddPS3x7RuVnXFx-_mrI44dsxXdCMPazg8idkY-aElPqO1IVfO4pQcy2ajXBMx5QkxSz6LuwtzDk,Gabriel Duarte,https://play-lh.googleusercontent.com/a-/AOh14Ghk0prI47o7UWPtR_e6IOSbfKKFFyQmsyiIeR0cVak,One star because I paid for it yet it still has ads. Not a cool practice AT ALL,1,7,1.0.0,2018-08-24 04:09:03,,
gp:AOqpTOF0WAbRrLeFH7AZf-czmGsnRnTxXh0cDu9UhWxrd0Wgw97xx0RcbRprJKiORwuRlIFkGkjhjSqaa8oai6c,Dae Sewell,https://play-lh.googleusercontent.com/a-/AOh14Gh1pYRwvNm5qslwD4bIJctFO8ARViZQq4AcAgRdtQ,"Great fun, look forward to more :)",5,0,1.0.0,2018-08-23 14:31:06,,
gp:AOqpTOErTMoUoIza-xNwag3_r3UnfQ7y4PYO6I_aAughaQgnae9oJ-w_jGMZliU3AaK2583prQe6xDbvSLynzxo,A Google user,https://play-lh.googleusercontent.com/EGemoI2NTXmTsBVtJqk8jxF9rh8ApRWfsIMQSt2uE4OcpQqbFu7f7NbTK05lx80nuSijCz7sc3a277R67g,Loved these on the PC. Loving them again.,5,0,,2018-08-20 11:41:46,,
gp:AOqpTOFeFf5sACCiiuN0B0CcR4luootrKMTvNkQVr2xsiVgHgPfMW6vH5afCGxczOlBt3gm6wxJRVFFh1Jc0IfQ,Mansel Davies,https://play-lh.googleusercontent.com/a-/AOh14GiulF-SryN_CPVlFMhKqXbHdonmn1XFq-Fg5obfyA,"Great games, but adverts on a paid app? Ridiculous.",1,4,1.0.0,2018-08-20 01:10:01,,
gp:AOqpTOErq_rfRlaD7zssh3vh_KS0UonlKRROfwGzpnAFdp2s65bmN67hZvoY8tAbPCsJqU-p1M0pe0s9LVEn2OU,Hendrik Ottmann,https://play-lh.googleusercontent.com/-uuvetXS7Vx4/AAAAAAAAAAI/AAAAAAAAAAA/AMZuuclVPKdblHnLqh7kF0EvdbYzPNcljQ/photo.jpg,You pay money and still get ads..,1,4,1.0.0,2018-08-20 01:03:48,,
gp:AOqpTOFZt96TPmvesU7LYd-QbzQ8jCzZnEq4qz-dUKS-369PxUnvku_7fGJ2xrDEYoVqtnARoKkFKZm4vPGJawk,A Google user,https://play-lh.googleusercontent.com/EGemoI2NTXmTsBVtJqk8jxF9rh8ApRWfsIMQSt2uE4OcpQqbFu7f7NbTK05lx80nuSijCz7sc3a277R67g,Why put ads in a paid app?,4,0,1.0.0,2018-08-01 23:30:18,,
gp:AOqpTOEPCRDyHWqsSBQo0zCfHWiR8COmDFr-Mir1LYfXVBV7m6RdX3zL7bKsitjiTIiwkQF4PnfVH00kX-8-Fso,Matt Tindell,https://play-lh.googleusercontent.com/-m_XmhmfolxE/AAAAAAAAAAI/AAAAAAAAAAA/AMZuucmYiCQPw_FBPY6QwmvIxlxc5-IAbg/photo.jpg,"Simple, elegant, fun.",5,0,1.0.0,2018-07-26 17:23:17,,
gp:AOqpTOE4_hLaeOw8E_Y5PxfE4RjqknY8tOZ0x1EYyuPNnS7kjpV8xAL_K1OWWirdnsZhOCYKvevNulARnepcRNs,Callum Cummins,https://play-lh.googleusercontent.com/a-/AOh14Ggr07gpMhNGJm3ISYQXURo8fRToR0jIg7z04c9_,"Grow series have always been fun, but ads in a paid game puts me off this 
completely.",1,6,1.0.0,2018-07-22 10:33:48,,
gp:AOqpTOFNzb-D2bj_9_6_RYg58y35EYvoE_2ghXMQpZuFe3_HRR7aUEhENlkt58CKim9UXFSdqIeCt4XK-Pa8p9E,Marie,https://play-lh.googleusercontent.com/a-/AOh14GgIwrXs8q78uLHVZOS5mgRpPzTJsMDAXqpSh75z7w,"Brilliant. Absolutely brilliant and a great price. Very addictive with no 
ad intrusion.",5,0,1.0.0,2018-07-01 13:22:53,,
gp:AOqpTOF_bPC38A5dt-qO2J23FIxTGeFbWCrlv9grA2a6K48PaJvkNJcmHnHwrU1b0rsppA7Xpyl7-4RTH6ip7wk,mark Cordova,https://play-lh.googleusercontent.com/a-/AOh14GgFfCE5kPgexqZ1DIR8jdhiiA7EttDZlIyOGNSvyw,Great games hope they make more,5,0,1.0.0,2018-06-17 13:28:45,,
gp:AOqpTOEisD3uOhjNM56T8zODZm1Yi3BG-SnRo_LgX7JVayBbQ2cjYAQ8n9UqVvKoZxpbuIZy8WeFcZWnX-KsrS0,Marijn Schuurmans,https://play-lh.googleusercontent.com/a-/AOh14Gj6ZW3_3it4JPleE0-NXRyd83mtK7MvtR0ZNlc9,"Great, fun, simple games that make you think and rewards exploration and 
thinking outside the box. Unfortunately still has ads, but still easily 
worth it, just for supporting the creator. Also like how it takes up less 
space in the app-drawer.",5,0,1.0.0,2018-05-27 15:36:35,,
gp:AOqpTOFAF4o7DQ3g7P6hifSCqCDWXGm2RBSgbcRHmUlZ4QPWSQbeNAZBBua5JEk6CZGXXJ-JxhZAygq8vP61c8g,Dustin Kennedy,https://play-lh.googleusercontent.com/a-/AOh14GhFG5kwyOdDOlf8LRmuzXq4oms3sFt55kUHMCibbg,"Loved all the grow flash games back in the day, glad to see the tradition 
continues to the mobile platform for a new generation to enjoy!",5,0,1.0.0,2018-05-26 18:07:27,,
gp:AOqpTOH46Xsq6yvIrGpT2-3HPcZxqziz4aCYUO_1DBrTOnmywoDCFldr9-zVNiU95QaTgpIR8q3hzhzkNuncOkk,Three3DMan,https://play-lh.googleusercontent.com/a-/AOh14GhX05rBpIB6-_FtSdLrOjgSWQfiDvGuyLsO57DkYw,"These games are the best.  Simple, but creative and fun!",5,0,,2018-05-25 11:15:36,,
gp:AOqpTOGHwb-ZIv_U6FQwyePYI_6Y_8KTlDWcZ6-X-a3L3zfz80s5J7RPCc487-owGBYoFYxfCEpmoh4eosYnCfA,theeem sp,https://play-lh.googleusercontent.com/a-/AOh14GjQ--JnBZm3LPl9aS1nL1YFtn5G5grKViWxLeTMAg,So relaxed,5,0,1.0.0,2018-05-24 11:31:24,,
gp:AOqpTOH_j6VFQMWvTdM-TpCRsOkuKxCULtWu1yjdL3gDTFHGmPiJ6Zmif0YokEqALNWzPUuK9DF4cP6hepHhYJM,Jéssica Tarine,https://play-lh.googleusercontent.com/a-/AOh14GhqkSeRc-bTyqWcUS4Hl4kB1MPm6tctN7DOFjpp,Very interesting. Spent lots of time on it!,5,0,1.0.0,2018-05-12 11:30:44,,
gp:AOqpTOGwCRnljKJOTKAc5qfLIkyATPxEqcLeiqpBBLvkcKs5Jf0Z3TKGLIEG8ri5-L7mav5UVQRW3osP2k3ZjHk,You tube,https://play-lh.googleusercontent.com/-CD6Jo2QS7EE/AAAAAAAAAAI/AAAAAAAAAAA/AMZuucm1cNvuCwnmcAMgcRNMHHDVbOXb3g/photo.jpg,Fantastic!!!!!!!!,5,0,1.0.0,2018-04-29 07:27:15,,
gp:AOqpTOGgqGHpkAXQsmh5GNMJcMY1u7QmQfiY4quWT-FL3ZyRgPAlfrZTOHFVVwDmo_6WQ0oO3qS6nbOH3iJtakc,Soon Ying Jian,https://play-lh.googleusercontent.com/a-/AOh14Gg9LB2SW0bhraX8zYbxMFZ4uS7gT8DjvTXr0IpuMQ,"It recall my past memories when i playing it on PC and now appear on 
Android.",5,0,1.0.0,2018-04-25 06:08:44,,
gp:AOqpTOGg255TjOCrRlDJrds1218j4Q9Expx6EvlkBMApagt0rwOMRkJonIBFdNW3Oy9fq7GDaUJic9EJXd7CFMQ,James Park-Watt,https://play-lh.googleusercontent.com/a-/AOh14GjCH04qCjuOqM6fh_bih4xvQGmyyRrXNx_Jsb7jwg,The series has been around ages. To have it on my mobile fills me with joy.,5,0,1.0.0,2018-04-12 13:05:35,,
gp:AOqpTOEJaIxRaeqSm7jEVCS-hT48wE3XIvvyG9uYyZ2IkBL_GzWzNEGWjrfmx57Ds307M65IlLnJaACvH5bUUWE,Adrian Lacroix,https://play-lh.googleusercontent.com/-FuN201464Rg/AAAAAAAAAAI/AAAAAAAAAAA/AMZuuckfCjKmEhSUTpqBOL94w188hpkTTw/photo.jpg,Loved playing as a kid too. I really like how all the games in this bundle is free but they charge a dollar for ease if access. So you really don't have to pay if you don't want to and they're okay with that.,5,0,1.0.0,2018-04-04 21:54:40,,
gp:AOqpTOEfYyf5muCcLJuPrM7gDN-VhuUOulmJ3MwllQQzW9Ow-pIKSg_FKgK0DmlAMBvTlcQGe3eOdSuJO-j3pUo,Jack S. Wu,https://play-lh.googleusercontent.com/a-/AOh14GiKDmOdqNwcgEJpi7CFhMASSE8GbxVjuHSbXPkF,"This is NOT ad free, paid version is just our way of thanking the creator. Read the description next time, ads are included.",5,1,1.0.0,2018-03-23 13:00:17,,
gp:AOqpTOHylv9Di-zV6UuGMQbt5OYFZI0ktjd7bXMqLf-g6uu4-psi349_JgumbrCGm8Y9I_4xw9N-LfmRejfGUAA,Jacob Kern,https://play-lh.googleusercontent.com/-GlXc_hs63JQ/AAAAAAAAAAI/AAAAAAAAAAA/AMZuuclbLYQ8GOH0phMZgJUlahLUfxOA3Q/photo.jpg,"I'm kind of disappointed that there's not more of the flash games that were previously on Eyezmaze. For instance, Grow Maze, Grow Island, and Grow Cannon are three such games that were on the website, but aren't on the app. I hope that the developer adds the remaining games in soon.",3,0,1.0.0,2018-03-21 10:43:45,,
gp:AOqpTOGGvyU-bo7tPATbhipq8B7EHD18V3iXtuDFc0kSUbHYqPj76u6PF3GXjZJPcHzOFIu9riS7nSYvb2i79_8,Eric Martino,https://play-lh.googleusercontent.com/-Eh-LwJla8a4/AAAAAAAAAAI/AAAAAAAAAAA/AMZuucnNwmSg1IHRp44h-MfRKs1YS9K0sQ/photo.jpg,One of my favorite flash game series when I was a kid. I love it and bought the pack just to support the dev. I hope he makes more.,5,0,1.0.0,2018-03-19 12:50:07,,
gp:AOqpTOHuQ0H_grBwLuG_05otJbs2Xdo_u8h05LEDO1qovnHpLlLHiHM7julW--6_rAMTPcrFni8y-W7HKMp5V48,Kyle Mercer,https://play-lh.googleusercontent.com/a-/AOh14GguyeouVU6UHo3ZvIGw8b_H54WES4jm0rGpDk0F,Not sure why it still has ads even though it's a paid for app.,2,1,1.0.0,2018-03-12 14:10:04,,
gp:AOqpTOGGK2bA7Nhy8lijY5RmcAllrTK4fo3Z_eUF3lKZVNTaKLeVpN4Y-euAMHo4V-bvM8LEp-A__pf05iTvq8I,Bloom L.,https://play-lh.googleusercontent.com/a-/AOh14Gg84M1wdk7GtKWnHIvZXQz9FK_lAHv-xuxYQXO2,WHY IS THERE ADS? I PAID FOR THIS.,3,0,1.0.0,2018-03-04 05:38:00,,
gp:AOqpTOHY0FgfNnRkXYTbA4CoJYKrD_oKl3qwL2s0Dq3XEtONJoKfQnjYzXTmXEM3TnN76rx6nnFxBRafRxH8EJ8,T Kalen,https://play-lh.googleusercontent.com/a-/AOh14GgvTJOofNyreG-8ivvqLBRIPvgeBW0Z7M1QmrqfQg,I never get tired of playing these games. The pack is worth much more than the dev. Is asking. Gladly donating.,5,1,1.0.0,2018-02-05 15:44:03,,
gp:AOqpTOEfMdXL-81sG83TX9jYzW5FtlYTqoA1S6CeCgTZRIhbrZ3H3B97tVgj86BoJwGeXLBcBi6hJ2uMN-qlFm4,Clarissa Voss,https://play-lh.googleusercontent.com/-gJoHdXFHnJM/AAAAAAAAAAI/AAAAAAAAAAA/AMZuucmE9VJewJRXZ_cMZu2KDsib6YpQpg/photo.jpg,I really like this it's hard to figure out the right orders but keeps you entertained.,5,0,1.0.0,2018-01-13 00:36:12,,
gp:AOqpTOE6_1_bapX_aSPv9q3QmkMzbaJq-upcDWhOn02G6GUp0OC5fPT69kgiMy1A1925MUR1WAd2HQS_uzDYfuI,jjmyhero s,https://play-lh.googleusercontent.com/a-/AOh14Gh7U3xBKvRunweFTLkhqu_74RAwLXNIfTIfzmGm,I just reeeaally wish Grow Island was on this,5,0,1.0.0,2018-01-06 12:13:18,,
gp:AOqpTOEQbekJMOKf59rqgkAH8UkF4OZcURiLIiZe40AWGbyGRpY4XQ4CaC3HWJUyV7I5ZqVKMZr8hoSWp7lVkQ8,Pam Satterthwaite,https://play-lh.googleusercontent.com/a-/AOh14GgTQSi4J9Qjm_SPtimYIxLunTVtjC2GEEDIWVMEgA,I can't believe I just found this! I spent many wonderful hours playing and replaying your games in the early 2000s! They were and are one of my all time favorite things. Thank you!,5,0,1.0.0,2017-11-28 23:42:00,,
gp:AOqpTOERVevONK13m8e2ilmO5nVPw2i1OIRQszc7UvdUbdZQ6-LHorTFMyPsRozDYUzyNLPzEnpFsNEJ5cLYr4g,Richard Bryans,https://play-lh.googleusercontent.com/-7I8-qND64_8/AAAAAAAAAAI/AAAAAAAAAAA/AMZuucmNE1iWlwKzZXMnbO43-K3CG6a7Bg/photo.jpg,Amazing game and love the series,5,0,1.0.0,2017-11-25 15:36:00,,
gp:AOqpTOHmxIZfNgFOvcLdadnj-ZjAvl_ovqkrEG4r8THzwRD79Niviw2gOc3bI6a1piC9dG0hoNN2L4TaK6x8voc,aaron pleas,https://play-lh.googleusercontent.com/-IKfo6yrjQxY/AAAAAAAAAAI/AAAAAAAAAAA/AMZuuckG1USQ759DbEhkzUd1P_rXWukxhQ/photo.jpg,I have loved this series for years.  I've played most of these before but appreciate them all so much I went ahead and paid for the set.,5,0,1.0.0,2017-11-21 21:52:57,,
gp:AOqpTOELXXuoQHZ3mDBc_nEXd6p4xBgRMbVGlctb67imTJwPRBWD643LbatJBwW1zo9cUMPTv5oJtgYANJMQNCk,Peter K. Loy Jr,https://play-lh.googleusercontent.com/a-/AOh14GiUpvIyTcpLtjzAMOqy4NrOhtuwPSEprVoJ5R2I3F4,This is switch material!,5,0,1.0.0,2017-11-18 22:10:48,,
gp:AOqpTOFBfZJnTwUHRt9TZEQBhgLdDeNY24qDScy3kBmRepItrJXf37GvK7C6ZR7Q41elF4wWdMxGfMl_AHGs658,Emmett C,https://play-lh.googleusercontent.com/-jU3r1sm7MDw/AAAAAAAAAAI/AAAAAAAAAAA/AMZuucmFlpBBIGvi-Zl2ygPPiABhYF_tjQ/photo.jpg,great game collection. things haven't changed at all. worth the dollar I tought,5,0,1.0.0,2017-11-02 22:45:19,,
gp:AOqpTOGOIJP4Zd-V-_-ScBHwatGz0Zk_r9TSlFHrB08I-qX-Afh3VOd0VcPsaIgdt0Qd-B3fCAAFGDJpS1EA0mY,Eitan Charytan-Spitz,https://play-lh.googleusercontent.com/a-/AOh14GiJmnOgd4FXf9tAil7fXvhyiVAu36YEaL4cvAaNXHA,"Bought it to support such an amazing creator, keep at it!! Loved your games from the beginning and can't wait to see what else you make for us :)",5,0,1.0.0,2017-11-01 00:35:49,,
gp:AOqpTOEmXRuowVL5eFy6dMRo8wDP6nksPfQ2nLMm3K2JuQrBM1gjY1DuwXIIz5ztCfY1seTYhE-rIXLnB5QZqJI,Dan Griffiths,https://play-lh.googleusercontent.com/-rqochEUaHsE/AAAAAAAAAAI/AAAAAAAAAAA/AMZuuckrMR1-aNGUXXM2hDogsUhnfv9Pqw/photo.jpg,"It doesn't include the original Grow, the reason I bought it! Still a great set of games though!",4,0,1.0.0,2017-10-30 12:48:46,,
gp:AOqpTOEQ8p-oIdvGUfSAZqfl9xnl85-iXjuGxsK8L3kYE7hHvnowR-Nj8UjGMn1DfoDz34Z-zvtAfbnieAYQckE,Thomas Parle,https://play-lh.googleusercontent.com/a-/AOh14Gh5qgoTR3_DudEmbXWne8nwqGoyt6L-dP5Yg3kJsA,"Design si mignon et créatif, et un régal à explorer, avec souvent un message pas si naïf à la clé. Génial !",5,0,1.0.0,2017-10-27 01:39:46,,
gp:AOqpTOFi7lJz441MKB0BLO4Sgw1ZMSzbELyi1PHxJZdSiT03cKTdX_BnuW6TT5u67uoAOzNDr7SRaTAc4_tpsT8,J. Gregory,https://play-lh.googleusercontent.com/a-/AOh14GjKUAFotLqcgsfosRb_dlP4e9T39iup2ol9sqrpUA,"Still play PC version time to time, Eyezmaze are fun & unique puzzlers. The dev is just one guy, an indie who is honest and genuinely wants to create fun games for his fans. All these puzzles, no permissions and only $0.99? This one is worth supporting.",5,0,1.0.0,2017-10-11 05:37:55,,
gp:AOqpTOHf_olvv7MDe4EHflrPzhT01iXK5UuIiKaiGEr1qOGrgKHp7rdC9F8XcJ3QSWR3Yr1b_WF-OuRUe6h2AJc,Idk Utellme,https://play-lh.googleusercontent.com/a-/AOh14GjmblxerFruhl24V12j4MssmDGauxv_n7YzDTWc,"I've been playing these games since the first one went viral. This brings back such a strong nostalgia kick for me. Thank you for releasing these... I've actually searched for them several times on the playstore and was always disappointed that you hadn't put them up. Put up the next pack whenever you can... I know I will buy it. You've always done great work, thank you!",5,5,1.0.0,2017-09-27 09:31:07,,
gp:AOqpTOF0OZoIUwS_CoRejnPSOwdgjgNBdF0cpLp6LoKaRAzWr5AShgBdo6y757SKkkWtrP5eBoXLzY3MieU2hVo,Justyn,https://play-lh.googleusercontent.com/a-/AOh14GiI75Lu_CsC1LiQ0MqMO2BPmar9cDbx0RWLs1nuLg,"I grew up playing these little games, so I'm all for supporting the maker of these.",5,0,1.0.0,2017-09-11 00:21:14,,
gp:AOqpTOFZx5YWOfqWtfi1ydwQ0WOsq09xuHAqz9VoXxIJAxJmjdBDV4XPif1JU1aeeGuFi9Eih-uPjKvSPfXf55Q,A Google user,https://play-lh.googleusercontent.com/EGemoI2NTXmTsBVtJqk8jxF9rh8ApRWfsIMQSt2uE4OcpQqbFu7f7NbTK05lx80nuSijCz7sc3a277R67g,Neat,5,0,1.0.0,2017-08-30 15:43:37,,
gp:AOqpTOEaax4r_jKb7Q-nl56qI-QUJ4jMtwSEl1HJifS5IqsNMJKdW39xIgTL2_nXXmt3Jk-B8EPFVaMZLHlcOmw,Firefly Arc,https://play-lh.googleusercontent.com/a-/AOh14GjHHKsA1aN-XdwQ3NgvEvKT7s3wcVvTFDsO8YTG-g,A collection of the free games that eyemaze is famous for. I bought the pack to have all the apps together in one place and to support a great person who has allowed myself and my family hours of enjoyment playing the games. The best thing I love about the games is even if you 'fail' you still learn. You experienced a different ending. A fantastic series of games that have transported very well to the touch screen.,5,0,1.0.0,2017-08-27 19:06:38,,
gp:AOqpTOFzwJlEHEHY672tAIazCZqEvzh3bC-7sAnzaudcKpZuY35tK1Gz5DioItT8c8SPHFL6Ig9S9pqTd8iHYk0,Connor Garvey,https://play-lh.googleusercontent.com/a-/AOh14Gg1D_VkLklh0S-C_qGMWpMc3sIuBqwUi01DFrhWTVI,Ads in a paid app.  Not cool.  I'm just happy I opened it in time to refund my money.,1,6,1.0.0,2017-07-27 14:11:17,,
gp:AOqpTOGeamU8nb3TdKIwanVTEGQD8crQUxfI_GDcZoCYRAZVZpgZuCSe0U3EsCG2Ggkuq38-C8EIDmsaeP0KfOY,Wyatt Waters,https://play-lh.googleusercontent.com/a-/AOh14GgpdCyXnrfB24lFfsID4NTLTWM2ytNOQn-Sd2OnqA,Really fun and time consuming,5,0,1.0.0,2017-07-24 13:27:41,,
gp:AOqpTOFnjokOAWF7owoSxgrMG1ISbhdzjRoDC4lbk3FFExnBDelIWCY2_52aOjSzq8i2FULmOPlcqbWoms60M-U,A Google user,https://play-lh.googleusercontent.com/EGemoI2NTXmTsBVtJqk8jxF9rh8ApRWfsIMQSt2uE4OcpQqbFu7f7NbTK05lx80nuSijCz7sc3a277R67g,"Brilliant, takes me back a bit to when I was younger and playing these games on PC",5,0,1.0.0,2017-07-21 13:11:33,,
gp:AOqpTOHs3Lj0Znm006JLlMHAub7TD9BuHrojdZxTGMu2HAdTuJ1xNObngnLZ1x1GgTwzxNBdnuilQKtII9-Louw,reluctant mage,https://play-lh.googleusercontent.com/-PUhyiCEm1aw/AAAAAAAAAAI/AAAAAAAAAAA/AMZuuclyyS4Vq7p5M5kXOQhR-GDV3dYdLg/photo.jpg,All the games in this pack are all ready free on the app store so it's worth anything DON'T PAY FOR THIS APP,1,2,1.0.0,2017-07-13 16:17:16,,
gp:AOqpTOEeKoO2q4wVTiojzduA6EM6NbFcZ6wk9Xcb82_xDX-TQA5tN5VFExXqSZ0R94HpHuCuyv8WW3W2uJvymgs,Elizabeth Shieh,https://play-lh.googleusercontent.com/a-/AOh14Ggqxph0-YRxucKPJEuJeGIKC3H1ZvLZJo-BHnaFsQ,"Growing up with these games used to check it every year on the website, finally have the money to support! Love it!",5,0,1.0.0,2017-06-29 07:37:23,,
gp:AOqpTOEBZ1ZumB_rEGgEcbLiOpmYd1cy45V_0UE1haOqUvI8B-6_xo0v84ajRY8tsCEb7ihFE_fxiSs8Azyqp58,Bhoomtawath Plinsut,https://play-lh.googleusercontent.com/a-/AOh14GhZRtU40-ihS9IDnZGlq7EQXpiUne5UqgHsyt8Ffg,I remember playing these games as flash game back in the day. Now I get to play all of them in my phone.,5,0,1.0.0,2017-06-22 00:26:28,,
gp:AOqpTOEzswEt-r2JbBPeTibdy9EQPHY0Vd6qO-spZopH1uNCykgLLaFM0KbQPlsR9qk3bGZaMhsttE7cYi09xvQ,Jørn Sylten,https://play-lh.googleusercontent.com/a-/AOh14GiHg6UEPOOWLFiYa3f6-5YCyhJP7BJqImfoy6rIFw,Best puzzle games ever. I bought it because the creator deserves it.,5,0,1.0.0,2017-06-17 14:55:48,,
gp:AOqpTOEVa-YAERV5gezTVaWEoZHc53KbA68koj68gLLP94Gl7CQtUD8mewhGeOO_kAyQpTtWG6NYIEW3EG2GN0k,Cyberwizard Productions,https://play-lh.googleusercontent.com/a-/AOh14GiKcdeOyPrr3NgmwYwtrl2uk8SGny_Pd42sUE08,"Love the grow games. Didn't want some of what's in the pack, but wanted to support the developer, so bought it. Have loved these since the first one for windows years ago.",5,0,1.0.0,2017-06-12 23:40:05,,
gp:AOqpTOFn0kDeFwLewz0lh_tWcD4Lw03AhONBTgJUfXXl84mIU7IwHf5HwYfu6Li6DGb7o0tXVKizyBcgSpc0CIo,Tristan Whitbourne,https://play-lh.googleusercontent.com/-luItSvMbhCw/AAAAAAAAAAI/AAAAAAAAAAA/AMZuuckGaS6VTfBvgg7y4nTDZTRgwU75cw/photo.jpg,"So much nostalgia, please make vol.2",5,0,,2017-05-29 09:11:16,,
gp:AOqpTOF6Ll2-SnAUI_Wd2sBWXsv1oMrco2yw_dNYhj1XF-oODcuXEmWb57TMhi9P-cdIaarjLss-6Gvfj3MiaHk,Gros Léo,https://play-lh.googleusercontent.com/-xncPqf42eyo/AAAAAAAAAAI/AAAAAAAAAAA/AMZuuckake_kh4dJzP0TiAqYrT3BMMBh4w/photo.jpg,"5 stars for the game, 1 star for the ads in a game I paid for...",3,0,1.0.0,2017-05-22 13:27:41,,
gp:AOqpTOEK1Up7J6DCDYKgI1trQMXm5S3_fY7RA55_grsylr9Qt-NkOOoIcI3fgx6NqEY-eOqbRiX2VSqGbI6OLXQ,Eric Jenkins,https://play-lh.googleusercontent.com/a-/AOh14GhU2eIT8X7YRKecoht5sBJ1rJ5JOt4oixtNCE-m,"This would be 5 stars except there are ads in a paid app. I was happy to pay and would pay more if there weren't ads. This is a basic expectation of paying for apps. If the ads go away, I'd happily revise my rating.",3,10,1.0.0,2017-05-01 17:09:16,,
gp:AOqpTOGkkhwLaN8Dq7fvqIi4cxZ-s2eZpVl3HV2QNaBHAfaY25aiMaMiJ5Ywgmf4f5Q9TmsN38ypyC_jkYKwf8I,Soham Saini,https://play-lh.googleusercontent.com/a-/AOh14GgjnMcApr0njv-vwXi1Z0VBCQunjaPUZHxwkhf0Hw8,"I don'y usually buy games, but for the series that has given me such joy in my life, i couldn't resist.",5,0,1.0.0,2017-04-20 08:16:31,,
gp:AOqpTOGW45QPqd_mGGdDICQS9X3vza5efzv3e_IHqNexAUL4CF1ijRcpJPysVOhctA7yk5E7fg0rDbY8XSzD4jM,Ceaselessly Imposing Crass Sassiness,https://play-lh.googleusercontent.com/a-/AOh14Gg_x3vI-65aX_LzCxFFSLIVLnPyQ8AfWhLcTOi1nA,I'm in love with the grow games and couldn't gush enough about how GREAT THEY ARE AND HOW AMAZINGLY INTUITIVE THE PPL AT EYE MAZE ARE! I first played one like... what has to be 10 years ago at least cuz it was b4 I had kids. I can't tell you just how excited I was when I found they we on androids not Ios devices. I've bought on systems to contribute. Especially since u not only awesome but I don't know a single company that offers full free versions but asks to support if like the games. That's just amazing! I'd buy a lot more full version of games if they were like that. You guys ♾rock!!!!🎸🎶🎤 keep the games coming♾!  🕹🎮🤗🤗🤗😆😆😆,5,1,1.0.0,2017-04-07 00:01:06,,
gp:AOqpTOGhDKLNNiHlT4wdhBcxM-Tedwa4Y42zUmGg6jPHGLX8oznFGzcr8uZdzzFJKjCqMsvow0YxBrDWYd41knI,Stacey,https://play-lh.googleusercontent.com/a-/AOh14GgSKJC53dxlGdFNkZ67gUHFqfCATLNvtn9KJc88Zw,I've loved these games for years. I can't not pay for this. Deserve every penny. ❤,5,0,1.0.0,2017-03-06 05:14:10,,
gp:AOqpTOG4VtgSblBfRNxGNc83U5AhODWgjgKhgg0orqr4F-WsBwhCBbSnjhtpDHVGMY6lgEI3Qg-Fz7tfwSGm6fI,Mohammad Al Ghaith,https://play-lh.googleusercontent.com/-nE7TMcTojc8/AAAAAAAAAAI/AAAAAAAAAAA/AMZuucnaH8JXiYLDip1T3YdLI-iPEomNPQ/photo.jpg,Remove ads please,1,5,1.0.0,2017-02-25 14:00:54,,
gp:AOqpTOFfLqTC2yxJFLpuZfDOSeVe4j6yCAnxaGJv1naVvJhVYKVcOQYex7-p2xEvmMRHcWMsp1lWyKevj8Tlmvc,A Google user,https://play-lh.googleusercontent.com/EGemoI2NTXmTsBVtJqk8jxF9rh8ApRWfsIMQSt2uE4OcpQqbFu7f7NbTK05lx80nuSijCz7sc3a277R67g,"It physically and figuratively HURTS not to give this a full 5 stars in all categories. THE ONE thing preventing it and causing my pain is the ads, Eyezmaze, I know this is your hobby, but ffs this is a paid app, you moron, paid=no ads",4,61,1.0.0,2017-02-08 20:21:25,,
gp:AOqpTOFIr6JzJrG7agJ0JDi80og5_I5GIGs-NjLf6iDaYRsq4_ScQtFIBN39IYAv27QnwHMiubWZCV84lE4xe-s,Azolla Dhigo,https://play-lh.googleusercontent.com/a-/AOh14GgRbFKcviE7RcrqWIRjB_DWfWHHzegffO_KwKa0GA,Best game ever,5,0,1.0.0,2017-02-05 04:43:56,,
gp:AOqpTOEwmyL-PTTnHTtsmC4buRHhXxxgQEEtHmFFIzMOd7tLuxbRQsLFI3oWa37UKzaPq8XDmbGTRa-DpizoUhE,Justice Texeira,https://play-lh.googleusercontent.com/a-/AOh14GjhOZ2g7CiQco68uKpx5q8Sijv5fNYInrfW_i2pkg,Why are there ads on a paid app...?,4,1,1.0.0,2017-01-15 01:06:00,,
gp:AOqpTOGn3o0CzehDxcWU5N1qyhzS4nvLhjsmoTbuWmUSdK95y8lO5rCNc11h3nSFZRLHiwj9YGoE7FhQ3uKWeI8,kitty hazing daysiez,https://play-lh.googleusercontent.com/a-/AOh14GgrT8g4pLKJDeOUUePMv1BUY7WCrFKi1XXlmybV,I regret nothing!!! Im so happy !!!,5,0,1.0.0,2017-01-13 17:17:42,,
gp:AOqpTOGFEj9vqa4YqDdzR2i-VUaurEsB4fn9V-XkJinyd2K20ZMY-TU_8tovdmFIJow_kyMrQ4dNTxkpErbJfno,Jon V,https://play-lh.googleusercontent.com/a-/AOh14GiQ5T--66TaiNoTB1wrmyakYgrEX8WyI3Pqhos6tA,Ads in a paid app earns 1 star from me.,1,5,,2017-01-06 14:29:22,,
gp:AOqpTOGGFvIOzuAYiG3Pi_y8Zri5C5aJW8tRnQgdMkllPDVZR3GHBC3TmHSyFb1F2OPvX9oliuL4lza1x7vBNBs,Felipe Hardt,https://play-lh.googleusercontent.com/a-/AOh14Ghn4L-bWC1xjNaRNzTfZZGR89eaCkc0bNAH9VnhcJU,"I love it!! The logics, the animations, everything! The games are so intrinsic and cute that the trial and error process may never be frustrating",5,0,1.0.0,2016-12-28 00:01:27,,
gp:AOqpTOGj8k8IjSs-KDKtiV_C_pzMPPGoF6bERGUMOG68NTDyFi8ZFmOUcfTwYXkVRpby9roAtaQrJ4bb9_x8UFo,Elizabeth Chen,https://play-lh.googleusercontent.com/-zgH0kdMftTk/AAAAAAAAAAI/AAAAAAAAAAA/AMZuucldqvWx5SsDoc1aJPLxtf6u3QGHHg/photo.jpg,"I've been a huge fan for what might be over a decade at this point. Lovely, charming games with cute animations and some unexpected surprises - it's clear that a lot of effort and consideration went into every part of each one. $1 is cheap to support this kind of development. I would gladly have paid more.",5,0,1.0.0,2016-12-17 04:49:04,,
gp:AOqpTOF0ppx6EpvnbPed_htdamnkdiohnizt7Nqn2vIPVa208mMPY8Eru_L5aoFTS0P2iVEuQ7-J02bGwfAHk-o,cat gaming776,https://play-lh.googleusercontent.com/a-/AOh14GgOA7tc8_PelMluAx5rUmXZJuA3S8Ppezphm0BB,What Dr. Peppi,4,0,1.0.0,2016-12-13 09:18:39,,
gp:AOqpTOHKIGya7M_UZNHXJKKn_n9xY5FbX9onVug_tdObpdSwXMYv5B--OBuvtY0WRlAdQL4ZoPUFq4FIp2kyaG0,A Google user,https://play-lh.googleusercontent.com/EGemoI2NTXmTsBVtJqk8jxF9rh8ApRWfsIMQSt2uE4OcpQqbFu7f7NbTK05lx80nuSijCz7sc3a277R67g,"I used to play these games in a browser back in college. It is suprising to see how well they work on mobile devices after all these years. The mechanics are simple, but the puzzles are great and the design is amazing. I sure hope to see more puzzles in the future!",5,0,1.0.0,2016-12-04 08:47:42,,
gp:AOqpTOGdirsfQ2O3reI1GG2BIKZ4Akch144ReMZclq7G2zT_C5Mx4nAx0wcKFOWy7j5oZDNaZ5O5RyCcKofVcTA,Daniel Charlton,https://play-lh.googleusercontent.com/a-/AOh14GhTrsvuYFPXCktq2qS3K6ksdrdcqI2OccwSfILhTg,Why the hell are there still advertisements for a paid game!!! Get rid of them if I'm paying money please.,4,5,1.0.0,2016-11-30 11:08:26,,
gp:AOqpTOEWHxldpt07QH9btxTzZMPjNpfy6M_d5TaEIuiBvnOzQMwn1upTlPrcWa0wcIGfBiF7RdY4zfIgQ6TcTvw,Liz Johns,https://play-lh.googleusercontent.com/a-/AOh14GhmAn0akM4n7JKep55KrWqkwK8dmyZEgbXaEIoiyQ,"Good set of games, but whys ads in paid version",3,0,1.0.0,2016-11-24 22:15:11,,
gp:AOqpTOGb4s-alXfLU_nGMNDhe-UH9GULeyBH27_uAjnicHnib79st6RzmmgxmTCYJL5JRtj-aLv7vTtiEWFlCZ8,Joo Beck,https://play-lh.googleusercontent.com/a-/AOh14GgiJjH2sFkEN5kTUdFULuGGoRE7TkQe2vZKOdivXA,"Long time follower of your series, I love all of them.",5,0,1.0.0,2016-11-21 12:31:38,,
gp:AOqpTOF1eqNluc1KB944OoVFRHtWoBuuASCH8OcxDxaUDA1WHG2qZ1jxom6UmY-_IZhRlutZe_f4KcxKQoVUKP4,Guatio,https://play-lh.googleusercontent.com/a-/AOh14GiOAVq8OPIraZ7WtsSxQoBPmTmKoCm1zfj4sfUxCw,"There are ads in the bottom of the screen, however it does not interfere with the game and doesn't bother,just worth nothing since this is a paid app.",4,3,1.0.0,2016-11-20 11:19:05,,
gp:AOqpTOFUCbuSeRSg-mnGHdzioilp-SNTLTqIJq_JN0h7I2-zBkZk_pKnRezdOTyUFLq_OezSoMTgHxMELVr1J5o,Jeff Wang,https://play-lh.googleusercontent.com/a-/AOh14GjgOCZWXngRPxVj6JyrYakIXkJfcNX4tXwxmAy4Ag,"Grow box is the first one I tried when I was in college, and I fell in love with it immediately. Seriously, my top 2 game developers are Nintendo and eyezmaze, yeah it's just that good.",5,0,,2016-11-19 10:30:58,,
gp:AOqpTOERxrLktjYkFe-9Gn1eP2qp6LIQoYHDmPUDjgc0pUlvzbTIaCClNuvZ_EjvZtSrY6ejarvtsnWe_potvOg,Mog Her_Mogness,https://play-lh.googleusercontent.com/-zYTZW85ue7U/AAAAAAAAAAI/AAAAAAAAAAA/AMZuucmdZJCuonZaNQGtKQEMYjnAm7kGlA/photo.jpg,These are lovely little puzzle games with adorable animations and a lot of heart. I hope you make more.,5,0,1.0.0,2016-11-15 09:40:06,,
gp:AOqpTOG-OJXOex5RhYmtHykvNb1ulnP4GQ2aGmHdIvw96SN2jierNgiNfj7WxS1JO2PMFuUzuxQw-7K2Hsdmf4Q,pandatony isme,https://play-lh.googleusercontent.com/-la4b8psqT-c/AAAAAAAAAAI/AAAAAAAAAAA/AMZuucn9j5e4uQXmoPaMXr_qm0sNlvvoTg/photo.jpg,worth a millions,5,0,1.0.0,2016-11-15 09:12:40,,
gp:AOqpTOF0KHoeLGTHyavO3O0iND7o9ZJPEM1j6wMJ1aTuV6DQsexuBUZl12GzrwlHuYAo1QRPUkaC3dVajyOL6YU,celyn kid,https://play-lh.googleusercontent.com/a-/AOh14GipHYWiIBU4WA1PB1szburfXlX9pn9GQZXeAejA,"These games are really nostalgic, but have also aged really well. They seem really at home on mobile devices. I decided to pay for the pack in spite of having downloaded most of the games myself to give back for all the wonderful times I had when I was younger and am having now. If there's one downside, the in app ads are a little annoying. If a GROW pack volume 2 were to be made I'd be happy to pay a few more dollars for no ads.",5,78,1.0.0,2016-11-11 03:58:06,,
gp:AOqpTOHApuoGDFRNj69P12Ow39rQS55jO3M8ENDA-hg34xe1soxQgFjPNcP3os7hR4gbjfuQnGicQSHnZIkk44Q,Winds,https://play-lh.googleusercontent.com/a-/AOh14GiX_7zz1cmJOerJIc40i96cacCiyDccrV-umQGWCw,I got a friend hooked on Grow Cube she just downloaded it lol,5,0,1.0.0,2016-11-05 15:44:01,,
gp:AOqpTOGAYvibEpK7g0WgEX2vrolbtv7QO6J7eS242s9knr5dsPk7mL59e23pXjKvGjlJs0obhwP0Bxs6kIDu1D8,A Google user,https://play-lh.googleusercontent.com/EGemoI2NTXmTsBVtJqk8jxF9rh8ApRWfsIMQSt2uE4OcpQqbFu7f7NbTK05lx80nuSijCz7sc3a277R67g,Glad there is now a mobile port. It seams this is where flash games have evolved too,5,0,1.0.0,2016-11-05 14:30:33,,
gp:AOqpTOHPILb_FGgQnOjVaZe3WdjHa5aHAIb00X1JG0WUGKLuolDNf1td4tNZvi56BEE5XvLCQp0Go6cY9pw97ZE,Oni Suryaman,https://play-lh.googleusercontent.com/a-/AOh14Gi4EQEmSy6qnbXtG7hS84H4Vl9astKd_lv_ED7c,You have been creating such fun FREE games for years.  This $1 is just my small token of appreciation. It deserves more than just 5000 downloads.,5,1,1.0.0,2016-11-02 19:18:51,,
gp:AOqpTOEjtYChjtx-v9aIYw6msbKrFTavxu1D6HiPIJBaFuNQES7_QSC_nEqSRLLvb9PfXpxqsOWyzAXeI0pKMxc,Jenny Modrall,https://play-lh.googleusercontent.com/a-/AOh14Gju76zgC79ozHM-d78kN6NUfKMuUN31lktFGC4G,I used to play these on IE way back in the day. Endless hours of fun!!!,5,0,1.0.0,2016-10-28 22:01:39,,
gp:AOqpTOFYK1tUIo3O7OBCkfWG0zhgkwRVAhI_8wLL_ZstaQddwtHTShOqWiX5LX6WZIrUD26Z-YmKC3Q6g9G2VXc,Sam,https://play-lh.googleusercontent.com/a-/AOh14Gj0I92_8FYDI41kJ6akXUtwzH9g6xiurl_oSIiEDg,Classic!,5,0,1.0.0,2016-10-27 21:50:31,,
gp:AOqpTOG_TXRGRQxukU49JhIJMtlB18KuCxJWVXM8PVaN22lGY5p-7WPUY55NGv7vuDS2knQdxoc2uUWoKx7kimE,Tamir Ibrahim,https://play-lh.googleusercontent.com/a-/AOh14Gg37MDNUcTVOFAm0A8cJBOLjEic100fJ2b4aeiW0w,These grow games are so charming. Loved playing them on the web ages ago. Happy to support the developer,5,0,1.0.0,2016-10-24 12:25:58,,
gp:AOqpTOHafCfRko_KnZ1WYqD4eBr35-hlW2soACjMkOsm3pIfMaiRtWYrHxWGhrrTqwykR0aQ4qgHHieAvvO2YK0,Anthony Calvano,https://play-lh.googleusercontent.com/a-/AOh14GhwVLKeizQRfc3TP-YW__lw0SVnvUs98sPhnOgMrQ,Thanks for bringing my childhood back,5,0,1.0.0,2016-10-09 11:00:42,,
gp:AOqpTOGTVyHNM-fB4m7uci6GGMFm1db-q3_rPJWGYJS5N9FpATQffCcehWTokePsc6Bk2D5sU4-yFkWH_Dg7d9w,Maria Verrill,https://play-lh.googleusercontent.com/a-/AOh14GjGEEBStDRCSg4f0Z-iTdtAL-nYTOB1eZi2xl64BQ,Used to play those online I didn't know they're available on mobile! Love all od them!,5,0,1.0.0,2016-10-05 14:26:29,,
gp:AOqpTOGW_8IQAQHSz3J_PRUq74ucbRERonmpKchwbWjEdorDqY295IGOJ1A4mkMnY4asMJ497r5awzLFi_0-9oE,Soulless leftover!,https://play-lh.googleusercontent.com/a-/AOh14GiImZUuu_GnGWPHGp0HjJAgHkObeROY9xIQq5B41w,But ADS are still displayed...,4,0,1.0.0,2016-10-04 09:42:27,,
gp:AOqpTOHOj0LqjY0fHtqt8XQw-yN18r-SW4HxDtvnDZHnG-RKsgjpTeM8iauq3mWis9LmVowfo-LQ98zcQIQllag,Jesse Opp,https://play-lh.googleusercontent.com/a-/AOh14GgDJiggYN0_TqHhJlY2XrdZlOymFqllbXZomLgl-AI,Make a Vol. 2 series!,5,0,1.0.0,2016-10-03 10:18:19,,
gp:AOqpTOH7qH_XFg3dL3q__LSA47Gm4kG8DGD52DAy4i6NL2g_VHMICJPl5oMk7s2AaRMcXQrp9DEmK3FySjTIGes,Matte Crystal,https://play-lh.googleusercontent.com/a-/AOh14GjZst7hTJZKM4zBRFQ4hDiLhP5jQKo3Yq_TeIGQ,"I absolutely love the grow series! They are fantastic, clever, and a great way to pass the time. Please continue making them!",5,0,1.0.0,2016-10-01 16:58:52,,
gp:AOqpTOG9gVQRbtEKeSs2Pndajgf4sXgYmRUVhyMpw2ha0Z_jB9n0I1CD3HNl-UxhmR5601IoiyMp0rNGAtrvo2U,Chris Liddicoat,https://play-lh.googleusercontent.com/-hVYYkGgumC4/AAAAAAAAAAI/AAAAAAAAAAA/AMZuucnNA94ALVW8wTbSpBSbsH4h0b0b-w/photo.jpg,Contains ads,1,5,1.0.0,2016-10-01 12:00:50,,
gp:AOqpTOE5RrRsVFDc9t-vMvgMUdzRgmjF24j0Y7k8HfJM-AXMOWCoKTxXGVdXOkCiqT7xe44cGAZwemzpNQNI5HQ,Caitlan Matthews,https://play-lh.googleusercontent.com/a-/AOh14GgIhZ81B1UJVnz1N0FH8Np_atujTjwuidJtKwpV,I love these games but it won't install though i have one of the single ones. I'd like a refund because it just won't install even though i have 17gb of space and full internet connection.,2,0,,2016-09-29 21:54:56,,
gp:AOqpTOG3skt4F_PsWyiaEfmbhbCUvCNHTcDoXTpV6C4BmY26OyCWFiFpG0rszn6Df3DVgb0GKcK2iIJZNCW9Kiw,Bo Dong,https://play-lh.googleusercontent.com/a-/AOh14Gh8PlJYzmsotiE9JDJYftBgaG-EtN9pJI7L-MGTxSo,Will give 5 star if I can pay 4.99 to remove ads.,2,0,,2016-09-29 19:10:26,,
gp:AOqpTOG6ZlvUe6iZJIMgIdfQlImzIHdEbhgekSmANK970OwIBuVHVFS_Hts31Ez5mTUjcnJ30PrT880R58MT4Fc,David O'Meara,https://play-lh.googleusercontent.com/a-/AOh14GjWN2X-qoXZuMaJ26EzvHbVKqTV0-MSMoJ1wC5QQg,Was a fan of the flash games now chuffed to see them on Android.,5,0,1.0.0,2016-09-28 04:10:42,,
gp:AOqpTOHaqbRzcClRWQ4U17Q_wQeJT3K5P-MdYwc4I2zqP6A6bCCByAY18Kj1LuSWpu_SGOJ0HHwh_pypJfZZIqQ,Darius Johnson,https://play-lh.googleusercontent.com/a-/AOh14Ghm1OkFKJ2cENlS8T8Uw6AKHijp2DDXTy5VPN89QQ,For a game a I bought there shouldnt be ads. Utter bullshit,1,4,,2016-09-28 02:24:16,,
gp:AOqpTOHFCiy-Iu0U8gllPYPdyf0vsaUdXE-EqQjCM3M0d4fT7uup-hGgBC-mYgvP5fLefspR6978hcHPjB0pMzA,L Nguyễn,https://play-lh.googleusercontent.com/a-/AOh14Gg7vb9sYOdZzeVNK1_xg2idy8kSdx1kpBlPP4MJ8F0,Glad to see it back in mobile form,5,0,1.0.0,2016-09-25 07:38:43,,
gp:AOqpTOEIPAjsHdbVPRy9qE2iZP1Y1_eTaoIKJzGoaY9T-OVGbyaC0oYC6HBFJr3Z6bN3V04pHZt5_Wszcop1IMM,CK,https://play-lh.googleusercontent.com/a-/AOh14GiT6yqDCv58LMP7Ds5Tg5Y3BWPnEBY3wYZqREhPYQ,It's fun to figure out relationship between the components and how they affect each other.,5,0,1.0.0,2016-09-23 15:03:34,,
gp:AOqpTOFgPcYazYYQxvcWSVh3Swf6Y_PFLfT0WkiB21XGlR71mD3hMd7s5-LtWmj8xhBqtu8vQt8emTlFwSuCJDs,Luke Marshall,https://play-lh.googleusercontent.com/a-/AOh14GhP49iCIWxN4o8VQB8gI0n1t1si8OlRQBwA1IzJFA,I played these as a kid and they are awesome would love to see more,5,0,1.0.0,2016-09-20 13:29:51,,
gp:AOqpTOG0udqEz7KziqikjBZFAKfJpTfB-Qgtz85owcVggH0UBsZ4_0HywxQwZqbV4dr5RH1HY6AU3IFpGUbsYPU,Alex Humphries,https://play-lh.googleusercontent.com/a-/AOh14GjA6xDqVMVk-HCZaKkFJAfeOZSqQPRqbwZ1fmTo,Loved these games since they came out. Totally happy to give a dollar to support Eyezmaze!,5,0,1.0.0,2016-09-19 10:41:02,,
gp:AOqpTOFX5OVCNmHP33F2vPxhAlC-elCBHJWF6ykZLl6Dmoq9PM3OH58ol5-vbBB415PLRz0Vsxbl8dLmXHc9CF0,Jonathan Gragg,https://play-lh.googleusercontent.com/-Sf8mgVfklEg/AAAAAAAAAAI/AAAAAAAAAAA/AMZuucnQfiiKHKcO_F9CWV3ed3utDferEw/photo.jpg,"Glad to support you, I've played your games online for free for years 👍",5,0,1.0.0,2016-09-19 09:02:18,,
gp:AOqpTOG1WxVnMYQxCw8ydI10SS_DsiegvY2MU0pKyWZYRpTpsDLMXFjuv_W9wT7AwUBZ3tCpXiMyniB3cZsBXEs,Shelby Belle,https://play-lh.googleusercontent.com/a-/AOh14GiasRM8ExQprHWGFNt3jEcUziuT_yiuj8KAzJjA,These games are such a huge part of my child hood,5,0,1.0.0,2016-09-18 11:15:53,,
gp:AOqpTOEp1PUbJJhNZlri2Qa1Og_UDk3Csz4FKs3-lam6sfGBmqo6S9wUgild9--KeHXgy_-0M49Lsr6YxF6Kp5w,Niels Vaatstra,https://play-lh.googleusercontent.com/-mXWGr4t4QJs/AAAAAAAAAAI/AAAAAAAAAAA/AMZuuclXr7jJkU3QfdgdFEkzW2E3r6ff8Q/photo.jpg,Nostalgia,5,0,1.0.0,2016-09-18 04:50:38,,
gp:AOqpTOGbWh5SZeNJEHno3Cn6OQUHO0CIkvKlyCT5VyC8iEbwOQudg0tzT10T03DexH2wpdF_q480glrRdk00OfM,Andrey Shuster,https://play-lh.googleusercontent.com/a-/AOh14GiZaUhj5EawLs6J_he7tWIO8Zo1ZbstBmALmZ_ShxA,I loved this game and so happy it's on mobile now,5,0,1.0.0,2016-09-16 23:20:16,,
gp:AOqpTOGPBi8qqJAOKTgIDxzZ6oOV6f934BnEiuSzdwxUFlkckQj-XWeg50DdpmDXQkAyiwlrwUqhwVyd-qta9MI,Joey Mazurkiewicz,https://play-lh.googleusercontent.com/-J3icDRUqvH4/AAAAAAAAAAI/AAAAAAAAAAA/AMZuucnqcJEHRNJNFm4j7BkcRGImgTfPBA/photo.jpg,Git gud.,5,0,1.0.0,2016-09-16 13:52:15,,
gp:AOqpTOHKcH7dmQCM2AzXpQvDbjtTLcqKpgONYdp6-JmOfjCC9hiounWOtPz-QExbrCyRdG9tW682pGUBTLoWPNg,Roberto Serrano,https://play-lh.googleusercontent.com/-gGZOdz7jgCw/AAAAAAAAAAI/AAAAAAAAAAA/AMZuucnjD7R_nWJPeIPGaB0u433gCu_LeQ/photo.jpg,"So generous for this only being one dollar, everyone should play this.",5,0,1.0.0,2016-09-16 00:54:44,,
gp:AOqpTOFdMOb818o-triQdJwqQhVrf4F-xyVfrSAsFG5Sf1ZnH-MeEDo8H41mSSE1ViqJpi-aEX7APTUXE1trz2k,Dylan Pidcock,https://play-lh.googleusercontent.com/a-/AOh14GjzgYMi4KqNTy0i54uiZJwUc7HsswixuU-sqPTc,"This is a great combo if great games. However, there shouldn't be ads in a paid app. Will adjust rating if they are removed.",4,0,1.0.0,2016-09-14 17:16:49,,
gp:AOqpTOH1bU2CJg43-ECVHTrWWtlACJ17Rs8VONqm6nbsebJywgmn3yfCMql8AUjF6c7i-n6wM4Oa-VVGuyi0Nks,Mackenzie Alexander-Smith,https://play-lh.googleusercontent.com/a-/AOh14Ggb37ByyrBopXGOcjbyk9pZiAiXa8GjgdS6Vg0lmA,Realy enjoyed all the games. A fantastic time killer!,5,0,1.0.0,2016-09-13 10:24:25,,
gp:AOqpTOE0FHuok_t7KFAjPT--ehTng-PGBYrNPputF0qPU24xt2Zl12Rqs6BmvWBFpjqBbVYful3Z_lyyqj8y_kI,Bart van blokland,https://play-lh.googleusercontent.com/-LQp65VsCZiI/AAAAAAAAAAI/AAAAAAAAAAA/AMZuucnN2VZQdDzbEdToWHwoRMhdrr76EQ/photo.jpg,"But for the love of everything that is holy, get rid of those ads. This is a paid app, not a free one. Double the price if you have to, I don't care. Ads don't belong here.",3,15,1.0.0,2016-09-13 05:02:28,,
gp:AOqpTOG5rRKX9vgOxty86MKtJPWGmRhO6Uq26UAJQMM7jCl_jof-3DP-W-VLs4i9JErzrZX0SZRXPZcXF8hHVw0,Graeme Vine,https://play-lh.googleusercontent.com/a-/AOh14GieQHcsyUJ-Uc_Dp_mOSsDQpegwLF-BbH88oeaj,"Bought this before realising that I already had all of the apps from it installed but I'm happy to support On in any way I can, EYEZMAZE games have always been wonderful and finished to such a high standard and I'm very pleased that more of them are becoming available on mobile devices. I can only hope that Chronon and Grow Version 1 will someday be released for android!",5,35,1.0.0,2016-09-13 04:47:01,,
gp:AOqpTOHkx49uqNEMJT2KtzfWCNh2wV4EunvlM6GTo0cxpJXLBEavE2lKZLW-VSNzAj1q-jCWK3DrC_A3nsD3Jpc,P. Candice Goddard,https://play-lh.googleusercontent.com/a-/AOh14GhJYjoT4ywWB7AcLzGSIPGB6HU3K0R5uslaLPzF0w,This paid app is annoying because there are still ads on it and it keeps crashing.,3,4,1.0.0,2016-09-12 22:47:12,,
gp:AOqpTOGQCJNGO4YPUKugH-DsIKpjSRj2i4fzqS5x-bIstTR2tIv_x7m9Ha2DrUTO24ouwap2bP5iqZ1wd3I4xcI,Jacob Karr,https://play-lh.googleusercontent.com/a-/AOh14Gi0tAGLWhPkC-P9FGOvFSj6UhfEeluJRUTTp6FhkQ,Please continue making fun and amazing games.,5,0,1.0.0,2016-09-12 20:01:31,,
gp:AOqpTOEmQv1Y24IEhCEZKy14uhOJ4jUdC06-OLvgisRMQxTAm1kAWcKT2n7RFABvTTtIzcd9XhF_m8tNmj7T7pg,Monari,https://play-lh.googleusercontent.com/a-/AOh14GgMzosm6hqqjm050m0GxMLkGjOfQBxPf8K1u3YPMw,Very fun games,5,0,1.0.0,2016-09-12 20:00:54,,
gp:AOqpTOHYp3wiheKa4m4gNkjjLMU2AiNcyBrZUDpp8jl-vyhcTVnoZAaeC5zcJ8i0yR6WzcKV3n2_f4lEmSZagzw,Daniel Garlick,https://play-lh.googleusercontent.com/-QcqrEwRWCxc/AAAAAAAAAAI/AAAAAAAAAAA/AMZuucnFq-sU4_2LYVp8qP7HFnaqPwemnw/photo.jpg,"One of the most under rated game series ever created. Also the two people who did not give 5 stars, get outta here.",5,0,1.0.0,2016-09-12 02:22:39,,
gp:AOqpTOERvXaAYZanwJuaRX1MFDr_Yyy-C0PdYCfa6ZvyL6K7UnNx9xC0QDHtVdO2-mVh3AryWFAFeUgbx44bXa4,Jared Giesige,https://play-lh.googleusercontent.com/a-/AOh14Gj6kNBlLr94Msb6sWxZnwtGyR3_QG53qFZU4Y4xAA,I can't believe I found your app. It's been so long since I played the GROW series :),5,0,1.0.0,2016-09-11 20:23:59,,
gp:AOqpTOG3CnsX5KPpFY5bsisilxbkGYM1wshqYvjRxzVOqLr1tBjGhoVS5t6W_5XKtF5753-D8NpcDfahX1EBqQU,Rasheed Bustamam,https://play-lh.googleusercontent.com/a-/AOh14GivM01laa-i4kONIEV8QQmBPYLGurSMP21YxWRWdMw,I do not expect ads in a game I paid for. I love the Grow series of games though.,4,1,1.0.0,2016-09-10 16:02:54,,
gp:AOqpTOFohJV2olNa1X_OSTFFLlehXNv6vw2C6-0US_tP7xW0QRaCqR6L4R9P_iRS7onfMjKFel3NqvTqDFsOfBw,Alex S,https://play-lh.googleusercontent.com/-tRyLuHJaNjk/AAAAAAAAAAI/AAAAAAAAAAA/AMZuuclLJL-ypAllMdEiSickCuvKBsm4IA/photo.jpg,I love and support everything about grow and have for years.,5,0,1.0.0,2016-09-09 00:36:47,,
gp:AOqpTOEr70D1J-YOztyuyV79U0qj1-f7nF5LNRe3O7LCgTjppTC39_mUpoWFFHmrss-pA8W_agsAMn0pfqTvpC8,zack radnan,https://play-lh.googleusercontent.com/a-/AOh14Ghz5m71mm6a_W3TwURfB4izugZcJlEnWZjkZqCBPQ,You just made me really really happy! So glad to still see you working on stuff and love all your games. All I want is the tower one as well!,5,0,1.0.0,2016-09-07 17:06:49,,
gp:AOqpTOGnW0g3Lm7kx3So_Lsm7EdClrzGe-WwLS_4W7DC-WsPYUKFSYcNAiYyCPO070PIruVLvc3XJmqjpIllO34,Victor Lopez,https://play-lh.googleusercontent.com/-oWNw3GyYwCM/AAAAAAAAAAI/AAAAAAAAAAA/AMZuuckG72TRzL_WqlF3EtA2BKyQkJLlnA/photo.jpg,Used to play all the time when I was younger.,5,0,1.0.0,2016-09-06 23:01:20,,
gp:AOqpTOEx3YbiDtDQDFCtLyjluYG-9fGkPzKDn_ApjthGBJwDWObF9ZG3R3bY9krOCipzZ5VVx5yepR_8nh2Cm4w,Javier Ramos,https://play-lh.googleusercontent.com/a-/AOh14GhqLgOUXvFahpMWt9clT5cd4qmzB9tFBk1j1lvwJQ,It will quite literally be the best 0.99 you've ever spent. Loved the flash versions and love to have them on my phone now.,5,2,1.0.0,2016-09-06 22:02:18,,
gp:AOqpTOHjxLXYA_F7Y-I31jkDR51yQHFK-aj9pv3lT5PcpGw7XZINBGkELWs5YtknMCGVrwG-oTpcM0h4pY8QCqU,P R,https://play-lh.googleusercontent.com/a-/AOh14Gi9DzObNvV0XVwlSvev5lmxG7zHeLC4XA_qNaiDPiw,Can't wait to share with my friends.,5,1,1.0.0,2016-09-06 04:46:46,,
gp:AOqpTOF1cb0vOGybx3ufXF6ObrBa_84Oc6ZgrVSx5Fr4tuUqnGSobNSKQ5YxjJYOiqOdp12YzS6kOTYPzOXUcFY,Marc Hartstein,https://play-lh.googleusercontent.com/a-/AOh14GiKk2v5WiKVApF5F1JW8s8XPuWCfLNLyocBgiAKSg,"This game pack deserves a 5 star rating, the games are excellent and worth quite a bit more than the $1 charged. However, the ads at the bottom are annoying, I feel like I might accidentally touch them and be taken out of my game, and are quite unexpected in an app I have paid for. Will adjust rating if ads are removed.",3,79,1.0.0,2016-09-05 17:15:44,,
gp:AOqpTOF88eGIrJTu9_DIVN9L8Xq3xEpgrKXDFLqKq_VtMzzFWKlenc3oQiOdBR2YAht9MlfI-xiJwxFS1LHxkzk,Gideon Schultz,https://play-lh.googleusercontent.com/a-/AOh14GhRhDbYy0zq5hRGbYXBmYnTjc93M3yemO3meNJR,"Love the series, really great. But please, remove the ads.",5,1,1.0.0,2016-09-04 20:06:45,,
gp:AOqpTOGQoIZ_C4WmGJo-pG4sc8htTXVEay9WsomOaIvL01Ne6F_QePbFwx1oH5MjiIcYMAL7uM_ua93PGnuSVms,Dalton Schmidt,https://play-lh.googleusercontent.com/a-/AOh14Gi97Ef-iPwnjy-spb7bsyXSyjnoe5sTITyBn7QoXA,"Haven't played these in so long, now I can take them on the go!",5,9,1.0.0,2016-09-03 23:16:12,,
gp:AOqpTOHhQ4DWU26ntndKqCErso1VrN62x14rZpcvtp7oPRJ4zRfzvZiALCRRhfN30W8yW4YKTveAhd7C9VaSCm0,Honey Bee Talks,https://play-lh.googleusercontent.com/a-/AOh14GhbrC3IrijOqMt4CDxLOY1ghuKkn7WJ8_PQ0ZeqwqM,😀,5,0,1.0.0,2016-09-03 15:19:40,,
gp:AOqpTOHFtebeF8MhzYx-_Nr5yi-cwBAz_nvfIHqr6T-N9Iqtyz2q-BMspumwEn1L544w8FVL86Y23pRGmnd3dqk,Lewis Hall Rudford,https://play-lh.googleusercontent.com/a-/AOh14Gg6R1-YkqD6QQL69n4YtZLBY_vTeUCikCiixMZejg,Played all and love them,5,0,1.0.0,2016-09-03 14:51:57,,
gp:AOqpTOGLCTWAY9E47CyaoG4xgmLlQKJ1g3K7p1tacNHg2e2xgteMPs7DPHL8oPbnNzFfcQZMZlRzIJGKiKpxKDE,Ally Goins,https://play-lh.googleusercontent.com/a-/AOh14Gjn6n5MmeyldojggC3UirmEP70k06XDi0isobQmJw,Made my day.,5,1,1.0.0,2016-09-03 11:59:01,,
gp:AOqpTOHkWvzNBRsmRUhsNDY4nyNgY4Cr0vCDskui8VTsSeW8uIHI2LJr8jszoP-tJWTj9b4wG0pr4cbmwn25ZyI,Toy Sadakorn,https://play-lh.googleusercontent.com/a-/AOh14GhLJfZEpXt5rM3Sd25ePhRU0OlWijqu88PW7BE_o_A,"ติดตาม Series เกมส์นี้มานานมาก...แต่ก็ไม่อยากโหลดไว้หลายแอป นี่เป็นโอกาสดีที่รวมไว้ในที่แอปเดียว ขอบคุณสำหรับเกมส์ดีๆ กราฟฟิคน่ารักๆ จะติดตามตลอดไป, I'm your fan 😘 ปกติไม่เคยดาวน์โหลดที่ต้องเสียตังค์เลย เกมส์นี้เป็นหนี่งใน 2-3 เกมส์ที่ซื้อโดยไม่ลังเล",5,0,1.0.0,2016-09-02 18:42:38,,
gp:AOqpTOEzT1FfCxYYj05AXwjNDPVOEeIPsWT-Lu51_SbWk3g-A7wCCs4JLst7ZJXpgvR4_EP9gfVtkQWVejKCqVc,Travis McConnell,https://play-lh.googleusercontent.com/a-/AOh14GjbfXDbn5sy9Xf6gZ-2pUQ6mAuBNVnvcld6ctsC3w,A couple of cute puzzles but I have 1 request. Could you put a little checkmark on the ones we've completed?,5,7,1.0.0,2016-09-02 11:40:59,,
gp:AOqpTOHZ9izplkOslv_MORO2juOftFNxdnegTdZUes5pkyGrAthAuTf9oCs1ptNtKLNbowKujBMHHBqs0GmMVEo,Justin Hill,https://play-lh.googleusercontent.com/a-/AOh14GjyJplx9sy6sZx9qZAk-UkE-_ZkeAgR-e-oapd5tA,"The intricacy and craftsmanship that has gone into these games over the past decade is fascinating.  GROW games have been a staple of the internet that is unrivaled in staying power and uniqueness.  These games are a pleasure worth far more than the asking price.  (For those who are really strapped, the games are also available for free on the web.)",5,127,1.0.0,2016-09-01 22:43:42,,
gp:AOqpTOHJou7ruxkUkk52C218CWd7ayvR0JVzWKj45G1FJ5u8Q9k_pZGpsKmTqi3EoF3FpfNwS-0G3-IhOxG6ycw,Karthik Kumar Viswanathan,https://play-lh.googleusercontent.com/a-/AOh14Gir1T7Lf459ZTZ3GLzI6erOsmbzLLxZS9y3BXEaWw,"I love the fact that you created so many possibilities in each of these games. Well done,  I support the developer.",5,1,1.0.0,2016-09-01 12:22:18,,
gp:AOqpTOHhwmW_qmN9yEeFvSDOI96tVmMcT7kElQcTPyyoKWI5zI_S9iJmYrEGNQGAklojsk9HtOF_g4O0giE-V1U,Austin Mix,https://play-lh.googleusercontent.com/-DTsuIDoVPzU/AAAAAAAAAAI/AAAAAAAAAAA/AMZuuckCJ3bhuXV3HcTNP4Ka9VfOIawpfQ/photo.jpg,Been playing these games for years and sharing them with people hope to see some new games on your real Web site soon,5,6,1.0.0,2016-09-01 06:26:49,,
gp:AOqpTOFeyZ2fI70qyh3vsEtBmWuVasTFVu72yKEOIBXdvwAzjZTrN1W3tMcEA_E3hmQWEZnUo54zl6AAjobwMqU,Edward Muyon,https://play-lh.googleusercontent.com/a-/AOh14GgvFOMpnyL8M-w5YuiJRroeDZAJRkf_aMGgGuqZ,"Fun and Simple, I like your games and hope that you can make more of these fun and amusing puzzles",5,3,1.0.0,2016-08-31 23:21:15,,
