reviewId,userName,userImage,content,score,thumbsUpCount,reviewCreatedVersion,at,replyContent,repliedAt
gp:AOqpTOHVe1PU1gV52Gz7HfH_aCvLaslCyXir8fDsIwv-GhFipq5jWLW3mCoz-L3lWCIBQqboTA6i8NtrOUWTUg,Scott Fearn,https://play-lh.googleusercontent.com/-edBfQiuf_Pw/AAAAAAAAAAI/AAAAAAAAAAA/AMZuuclpZYxJkw9zHSJteZIbJtNIJjpnzA/photo.jpg,Screen resolution does not work on Moto g5 android phone and cuts the last quarter of the screen off so my daughter couldn't complete the games. Rubbish! Waste of money!,1,0,3.1.4,2021-01-30 02:53:21,,
gp:AOqpTOFBuhM8HLD8l7O_xF4tXXzUIap5CJ2_m62Y8p4VGlFhNMEN4KZyS7TZV465MrkerkDqrHrPQ0NCzvod1Q,Sir Alf Baez,https://play-lh.googleusercontent.com/a-/AOh14GjyqEjuGy_q0w2-G21DYAIKkAPO3nKlg6YZvBqwmCQ,Total garage even when buy/paying the ***no Ads**** option. It just keep on showing ads...,5,9,,2020-11-21 10:02:32,,
gp:AOqpTOFGaVQD07krcxQkS1g89Z2LlcP9XFjjQbiZ8pbndRD4vk0t-wGWA-voUgyt14yeV76QM7tFY6s4JuzLXw,Mm Kk,https://play-lh.googleusercontent.com/-mxmwv2foRic/AAAAAAAAAAI/AAAAAAAAAAA/AMZuucnxPLNMPIToT42dslE8XFSLZurOXw/photo.jpg,How can I get a paid version? If I remember well before it was possible to track a progress. Now I see nothing.,3,2,3.1.4,2020-08-30 04:13:09,,
gp:AOqpTOEqNh5bsaDtpIO7vwya0FC-w_AJMjTiPunC06WvSq34bRNYJj7ay4BSOea6HRDt86pS00nOe6-SgkvC1A,Alice Smith,https://play-lh.googleusercontent.com/-4pecn3tB5uY/AAAAAAAAAAI/AAAAAAAAAAA/AMZuucn8lUT2RliOApclI7UjmofwgmYRBg/photo.jpg,"it""s very fun and educational",5,1,3.0.9,2020-01-24 12:24:36,,
gp:AOqpTOEFiPrzayTLzMvHVj02bb1cI4wmOFNHV339TD5N65VNvov82jDUoTK0CfO2bf22ERud2SeiXYiIbkRj6A,The Ghazipur,https://play-lh.googleusercontent.com/a-/AOh14Gi93FnSFbsyTDVJSeDsDuO-ok5LoAZIZ08_bR1mhg,"Very fantastic application for toddlers but one tragedy happened with me during downloading this application it's deduct my money two times so please return my 240 rupees in my bank account , thank you",5,6,3.1.4,2020-01-15 05:40:06,"I can see just some purchases from India cancelled and one refunded payment. It looks that there is no active purchase, you should not be charged. Please contact Google Play customer support for more help.",2020-01-17 20:11:10
gp:AOqpTOG59iEhfLfoWXkFIsptp8rnozpMEOa3y9zXupgIhKQXH2fyYCn0mE2Fqzn2CoKNXPVHe6Cdq0ackHNY_g,sonja sonntag,https://play-lh.googleusercontent.com/a-/AOh14GgLnEPdoH6kRIa5vmxp-lVQc1diJ6jj2RUE9PRF,"I have the paid version on my 3 & 4 yrs old shared iPad, and it works great. However when I bought the paid version in the play store on my galaxy s10+, it won't even open.",1,15,3.0.9,2019-08-30 13:07:21,,
gp:AOqpTOGOf1aGV1sgae0fhCsU00sTA-WYkR83c5J79kI6xcAaV7oor8FZzI_GCVi2xLS8kr2FxjkHyqZ79VU9jQ,Blaroiya,https://play-lh.googleusercontent.com/a-/AOh14GgYDMCltEEJdOzvtSvXg_QDqev2nYXiIhFwfJ1ShQ,"bought this app after my little one enjoyed using basic skill one, only worked once now this app doesnt open at all. wont recommend to anyone",1,17,3.0.9,2019-03-17 04:09:04,,
gp:AOqpTOEGrsGQfcV7BJdINfzxszXcxfPEUg6-WDjlsex5anF21E1lcV274vHPELhlHVAJ4ooXHyPHyf8nvNsQUg,Leimana Hawaiian Artisan Jewelry & Gifts,https://play-lh.googleusercontent.com/a-/AOh14Ggo7jlkNBNFOJZwFOBFult0HcMEr7pQUzivci1UNQ,My granddaughter started with this app at 2 or 3. Shes in first grade now and so smart! Now im introducing the app to my 4yr old grandbaby & she loves it!,5,27,3.0.9,2018-11-02 12:41:44,,
gp:AOqpTOFlNxEy2NcVD83xkBe9-_RmHhdt4NCHJzBc9Q61ZA7FJMjtc-L0w8monhAMEq-gvKTli0gVWheLVHo0eQ,Chetan DK,https://play-lh.googleusercontent.com/a-/AOh14GhQj3THv-4eK72d1rBJfpWkPDdfoZCaaqphVu-l6rk,Good for kids below 5 years,4,3,,2018-10-24 03:02:11,,
gp:AOqpTOFyv-dyhEQBNe0qyYxJ75uE9aSpumH6-iRSloeiroAQ2Eqdl4bofuGxLoYC7Kx-8F_SXET5TeeV5x1Y7w,Farahida Jamaluddin,https://play-lh.googleusercontent.com/-Sw8l7GWLUc0/AAAAAAAAAAI/AAAAAAAAAAA/AMZuucnRzqWC_WKP9AYkQw0DshLLAiIosg/photo.jpg,"The free version was limited but at least it works. Now, when my son finishes a level, the stickers don't come up for him to select. All kinds of bugs in the paid version.",2,23,3.0.9,2018-09-28 09:19:39,,
gp:AOqpTOHM-6CgT7nUjNKRFYZpvl9ilSS80YJ5oI7kwO2i6qyW1L46gUD5lzLqTE4rH8rQCXObhV65Ln2R74KTVg,Erin Simpson,https://play-lh.googleusercontent.com/a-/AOh14GigRNC1T8f_5l-tW7-38k9jrUeWkSnaaHfYrrUQGLc,"My daughter used to love this game, but it is now crashing on app start 
ever since updating to Pie. Please fix!",1,4,3.0.9,2018-08-20 12:38:24,,
gp:AOqpTOEIkdOSHbwecClH0EKbIpTvHWAKsADXVOpOlqO7CQyHxKVc4R1PMrcnzAbVu-h2cD7nus48rc5lyeauvg,thushan madusanka,https://play-lh.googleusercontent.com/a-/AOh14GgD3PFlRgDoURHpgLmJBunhE71u3UHvmMlahwmS7A,"Train need ti made again and again. Please stop that. It's not suitable for 
little kids",3,3,3.0.9,2018-08-19 07:55:59,,
gp:AOqpTOFxgjW-RQ2gReiuR6B-J-_dnCEz5Cu2pMWjDiD_xK5e866hQ23ZDdQkeGcyDHXbZcqDH9Nhr7GFTY7pag,Cindy Gonzalez,https://play-lh.googleusercontent.com/-qf1M00xjKXE/AAAAAAAAAAI/AAAAAAAAAAA/AMZuuckup9Lu7ZzuX3jnku2bUnnIZjmANA/photo.jpg,My grandson is 2 years old and he cant stop playing this game.,5,1,,2018-01-13 12:01:47,,
gp:AOqpTOE-hW7jEawUxryM70B_hBf3GpnmOwwc13v2nz_CLbKTuXjIZQTT4_Q_pWlCq5j8FZold-TdyA9XwyCgbA,fredebear Isaacson,https://play-lh.googleusercontent.com/a-/AOh14GircxcUAdWeV20qMXMJgf9jaAGP4SPi_a4zMANJuw,My paid version isnt opening so its all locked up.,2,6,3.0.9,2017-06-30 04:19:58,,
gp:AOqpTOG_PNP4Jjd0gFpRMZMcHk2MkCjTmlmCxWSQ4yB912Ybc5esuClM2icrVw5DYwFg-LtyHLTL6iH0lp5fbw,noor salem,https://play-lh.googleusercontent.com/a-/AOh14GhTAMvDMw-lvEZHQt-PIzIguqXq_nUWdSDj2d8TTA,I have an issue with the app icon,1,7,3.0.9,2017-04-28 03:20:59,,
gp:AOqpTOHywyQga4PN87r8oMhBchOv90jEyaIG3TIHTKzwrk1zdNH5iA5XrdUBwC_cd_VJMOYkjeKY_cXFXvGB2Q,Chaw Vonhoff,https://play-lh.googleusercontent.com/a-/AOh14GjpF_g5lYUqUpQU3Hk7R4_qgdaHaGjtdtt-8jla,"Could have more option,but pretty good",4,8,3.0.9,2017-04-23 00:09:37,,
gp:AOqpTOGpyWgOInYw6w3SFyrGuEmS403-N7w-xVz9RPwzVxLiqCYNlfMcBxPHPDV1Sh0kMud9WxG3joC6VBd0hg,ethan brannon,https://play-lh.googleusercontent.com/-s5rO2Gs2D1w/AAAAAAAAAAI/AAAAAAAAAAA/AMZuucmtHzi8L05P2eVE88r_yFT_GfFa8w/photo.jpg,great for my 4 year old,4,0,,2017-03-26 19:33:03,,
gp:AOqpTOFO_zG64HePRkge7sGj1kKfvT0ioBiXVtKzD2De0n4VJ7knQFhADben3P9DXRt3ijFApo-r6aQ0A3WAUQ,mena menaka,https://play-lh.googleusercontent.com/a-/AOh14GhS2UGNgUmW7dxq6wzG_mlQx9Rep-RLDjnWZ6RKrA,Good,5,7,3.0.9,2017-03-08 22:38:35,,
gp:AOqpTOHpWsuDrUnEslfZAZ8ein_R1_HMEqj1MCb_3FJJNFr6vK7Hg6FVhN28RR03-eCY87c2CGCFSwAAIakC5g,Rasaq Adebiyi,https://play-lh.googleusercontent.com/-Thnx5TDTMuI/AAAAAAAAAAI/AAAAAAAAAAA/AMZuucmZelmNsDI2BDNWOmJ2DSXBNH7k9A/photo.jpg,How do I get full upgrade,5,5,3.0.9,2017-02-25 21:45:51,,
gp:AOqpTOF7yz6dgB4-7av2rvpzBEr8IVbYNCpAS9KtXbP8J3K175GuCrNiu9j0ObZgA0Bn1cGT7FIbftlZZjO_CQ,A Google user,https://play-lh.googleusercontent.com/EGemoI2NTXmTsBVtJqk8jxF9rh8ApRWfsIMQSt2uE4OcpQqbFu7f7NbTK05lx80nuSijCz7sc3a277R67g,Good app,3,7,3.0.9,2017-01-20 10:15:57,,
gp:AOqpTOEOGtXChDRvMK5A6e5Rf-3t_AooQNHYyBxrDU8asvF5BveBD69Qp5aSeyXLt9JwpRVYQtKms37BNuxBwQ,Nivedha A,https://play-lh.googleusercontent.com/a-/AOh14Ghw55PtrXNSY_w8i9up8ZFpugnoeETmBRHJWXYb09M,Same activities keep repeating.,2,12,3.0.9,2016-12-12 19:42:16,,
gp:AOqpTOF-GEnwIoVm6JjolB2x2O3VRrazu70b0ezY-QDfIU55NU2k75ft9ebZGsvx8VbtoJpsFYr_OYkYEV-ejA,Dana Hassan,https://play-lh.googleusercontent.com/a-/AOh14GhRG_TGpfAUMzj73EitWQ_UVieCQGiaJxGnnV-YqQ,Very useful Apps,5,11,3.0.9,2016-08-03 03:48:17,,
gp:AOqpTOHSMqsv-RocUE_6ylj42_rVgKoM2zd2wrBBNudhTau7aQ0JnPDFmtgz513CWuzrm6DK6_Kwz_A1u3tD3A,Brian Macalalad,https://play-lh.googleusercontent.com/-U8xlBDtEoI4/AAAAAAAAAAI/AAAAAAAAAAA/AMZuuckf6shPWoWXvEWzy_l2JGD0pmAOZg/photo.jpg,I am sad that this application don't work in my galaxy tab. Screens doesn't open.,2,1,,2016-06-20 18:12:35,,
gp:AOqpTOGp9_OX8xje5r2ed2Qm2yDr93j6_E-Wn9Z48HcT1stGdkX-B0jXfX_oeONmCgC55k9WRzbzVfPI2iXfyw,ANKIT AHLAWAT,https://play-lh.googleusercontent.com/a-/AOh14GjLzeDRgcnH9MVktT1TDc6SBR6YW23JdWixC25ktQ,It help to child,4,2,,2016-05-17 07:51:31,,
gp:AOqpTOEOLKjP20Z7SUhij8V0kTtz8bmlKkfttntVuC-qPSqlpZH-tdrjOKyxaxiv-r03VAoUkLgucAq2H7_ikw,pachiyappan s,https://play-lh.googleusercontent.com/-tOA105aN9g0/AAAAAAAAAAI/AAAAAAAAAAA/AMZuucmKClYBBymoi9C3u8ai7KJdf6yptQ/photo.jpg,Very nice,5,11,3.0.9,2016-05-02 22:56:16,,
gp:AOqpTOFSQmU2xBE56uLofhxHmzY2nbUtHBg548DEvjqO2BbzuzWD588hgepeuwvlvi_TlDr_wFTz9L_U0U1paQ,Christine Seymour,https://play-lh.googleusercontent.com/-Vu11ljjsH0w/AAAAAAAAAAI/AAAAAAAAAAA/AMZuucmF0nMk5ULAWMI8lGirm4eyHs5K5Q/photo.jpg,The free version was great.  The version you pay for is glitchy and frustrating. And your support center hasnt replied to my email. Who's running this show? Fix it!,1,138,3.0.9,2016-04-29 17:19:54,,
gp:AOqpTOFP_vOxFsLw_7kFp9r6DSzgYE3zYzNtmyU9U2TbsYQZwOAqTUg5pkrzHb_p3jtH9TsCb5w4KdgVjf6lbQ,mherly murphy,https://play-lh.googleusercontent.com/-e-NVyBlWZeI/AAAAAAAAAAI/AAAAAAAAAAA/AMZuucnxVvReEYRfLN65PXRUFWiwlSKdpw/photo.jpg,Love it,5,1,,2016-04-21 07:24:40,,
gp:AOqpTOHTJuSY7q1-2tLVWJbvwOmWosgwHNnZJb5hKgVR1HfNAkioCZq1LaT_sHg8Awgvi4tcUNDOeclOfjQV0g,Jeremy Cravens,https://play-lh.googleusercontent.com/-1NKt1MPLFW8/AAAAAAAAAAI/AAAAAAAAAAA/AMZuuclrYRxh4NksAwlcHzynOcIPlquA6g/photo.jpg,Once you get to the third screen it shows nothing. Needs to be fixed.,2,30,3.0.9,2016-04-07 14:38:04,,
gp:AOqpTOH1glYzDVkjYWVFoQz0QlcYH9z7DzsbIun-QrIXjn2gKO_zTZLkf5k6_jl5c_90LDbpmijKONDGxE3bxQ,Elaine McNay,https://play-lh.googleusercontent.com/a-/AOh14GigTmo79xcIk7wGcubfU9DN9yFBbrvEcKPSVW7U4w,"I have had same problem as others here who have rated. The full version doesnt show images through the activities e.g. match the pairs....no images to pair. I have kept the lite version as my son loves it, shame the full version doesnt work fully, otherwise 5star",2,1,,2016-04-06 10:11:45,,
gp:AOqpTOEcaj9e4hWXMzfggyijWjx1w55cXgUSUB5WGNAdetrqZmaBAY4DS63FMCbeRgIqixuJCBi6fRv3MT7vgg,nestor agu,https://play-lh.googleusercontent.com/-zF9YxoVFNW0/AAAAAAAAAAI/AAAAAAAAAAA/AMZuucnAYleiyCAVQwWv-PfzEemdG822bw/photo.jpg,Not working beyond the first step. Waste of time and money.,1,2,,2016-03-12 04:52:28,,
gp:AOqpTOF0XiIwr5MV1e45x0NwZMB07lGzzikQIzH3oJxhD9hLithzcAWpGMRUWlFEWM5bvHorrWe3RQXZGRr5zg,Thomas Terry,https://play-lh.googleusercontent.com/a-/AOh14GiIZOkT6ffRsJvLCxqZeO8_jU523ZndSeCco1jA,Kid keeps trying to play it but half doesn't work,3,25,3.0.9,2016-02-25 13:57:46,,
gp:AOqpTOEYTaaPfWB9gBvNLp87n_ToiAxvw6fV_lHR5tYviBYBcfvE-lESyOhUpyh3UcjRSelozLGHBEbn4-CdTA,Michele Dragon,https://play-lh.googleusercontent.com/-K025Uf8Jv4Y/AAAAAAAAAAI/AAAAAAAAAAA/AMZuucn0i0-L6s5AN7ku7Wc0F5apU5ls6g/photo.jpg,My daughter kept on hitting problems the first time she played it. Kept asking her to pick a stickers and there were none to pick so she couldn't move forward and further. It seemed like a really good game she was so excited.,1,0,,2016-02-24 09:24:32,I am sorry for the issues. At this moment we have no problems reported with this app on any devices. If you contact our technical support we would be happy to help you.,2016-03-07 20:57:43
gp:AOqpTOGVDQm0elGQxV6oPwc10iM9lQu5MlWJkhktAogJt8NW8yNNsrxAGG0YtpgSpw0YY8F7dVFol4xKEEKdcw,Kelly Bateman,https://play-lh.googleusercontent.com/-fs535oD0Adw/AAAAAAAAAAI/AAAAAAAAAAA/AMZuucllPaLHxmh_ZSq0nZr5oWtaHd3dow/photo.jpg,Very nice,4,0,,2016-02-13 09:42:45,,
gp:AOqpTOEggpaLSv-edzyx8TYwnMyo1BA-1z9nO4sDJGkO-MSQuyvK9DJlEuO1bljVsiOeKOElpu2y3K067ZsAIQ,L M,https://play-lh.googleusercontent.com/-6LGsbE6bRxI/AAAAAAAAAAI/AAAAAAAAAAA/AMZuucn59F5cuAgm18nqvqQGcpFyXknmvQ/photo.jpg,"My kid liked the lite version so I bought the full version. The full version freezes on the first game. stickers don't show up at all and can't get out of the sticker window, forcing him to start over every 10 seconds. Horrible.",1,1,,2016-02-03 21:05:34,,
gp:AOqpTOHweLwfsivppqUWkAgBl8NcWFeGllkJb_5Mj7hOhgRu8RGtFbTT3X7v43MPIiuzQNjBoAN_DRNSjIGE5A,Robert Schoenhofen,https://play-lh.googleusercontent.com/-V_WN-31p6ec/AAAAAAAAAAI/AAAAAAAAAAA/AMZuucmHuWCgCtVGxHJo9wRIm6nOvTIhdw/photo.jpg,Did not get all don't do it,1,0,,2015-12-04 13:31:43,,
gp:AOqpTOHIBXq6ntjcjztlyCZ9Bt_ZJ4w_MfV4tLpnh19T7W1mBx4WNdL__TVkMQV94aGgnsyoPVqHfZXs8ALUfw,Michael Johnson,https://play-lh.googleusercontent.com/-lNhagpSAA2Y/AAAAAAAAAAI/AAAAAAAAAAA/AMZuucnizHg8bnwKDSO4Qq6fiJANNJ8PdQ/photo.jpg,Disappointing. Same thing over & over again. Response is slow.,2,16,3.0.9,2015-12-01 20:42:32,,
gp:AOqpTOFK7BG5CbjwR4jlcBWlULT9Vp_pOE-iOP5k7BdeeFBKCw_GbAnp4vd1p94e084JA6Z85ttR4c13xgypHQ,Sarah-jane Thomson,https://play-lh.googleusercontent.com/-ery334trUhw/AAAAAAAAAAI/AAAAAAAAAAA/AMZuucli57Alubl2s3tGbSFIuwE4fymAVA/photo.jpg,My kid loves this game,5,19,3.0.9,2015-11-15 13:20:42,,
gp:AOqpTOGBI7iE2Umiyj6ohlYAwDuDmJ-NEUrL2A3Q9GbdvImj3Rc6je30VYcq1D88BrG7_7NJXrXIlswzB9pFoQ,Don Frye,https://play-lh.googleusercontent.com/-Iu7BIkIT8Wo/AAAAAAAAAAI/AAAAAAAAAAA/AMZuucnl3g5t_jDJHdrlk8LPHayRXnjcrg/photo.jpg,Three screens in it stops working. How much more do I pay to get one that will actually work?,2,83,3.0.9,2015-11-07 18:31:28,,
gp:AOqpTOFWxQmbuC8xugb_5GYujE1N1cj3Q0yv8BV9XhiUI6apPSsg_SNgLqb8FGbUj18hIiXhGyMha9ddKEAi_A,Stephanie Huerta,https://play-lh.googleusercontent.com/-vljrWYB_yX0/AAAAAAAAAAI/AAAAAAAAAAA/AMZuucl7Ptw5Eqib4MdMp8-bqCEcaFEN6w/photo.jpg,It was good at first and then you notice that it is just on a  repeat loop. Needs variation. I mean even the pattern. ...all the same red red red what comes next? Not worth it,2,0,,2015-11-07 06:11:04,,
gp:AOqpTOFnldgDGfRRs5qdjhaXGovnANtSp7IqIa1ba32Ca5_HwAkkm4NDvF6ZM1yS6b9pixia0twuLrPvQv8wqw,Senthilkumar Chandran,https://play-lh.googleusercontent.com/-FZrdDzp4AMg/AAAAAAAAAAI/AAAAAAAAAAA/AMZuucnc4OJISpN3MNgLtZRQjCRhJQlD4g/photo.jpg,Not worth,1,11,3.0.9,2015-11-06 18:46:22,,
gp:AOqpTOEIX9g_ugM2KzZr5b_58CS1mazixohwMCVtphTQoO8--jiRqJZgO_ZQ7x5bO2DCGGiPFaWtlSni7br3WQ,Mark Humpage,https://play-lh.googleusercontent.com/-eX_J7dO-enM/AAAAAAAAAAI/AAAAAAAAAAA/AMZuucmYcqf3-4bpSyH1uqlN4ONlklOkbw/photo.jpg,My baby loves this game,5,21,3.0.9,2015-11-05 10:56:24,,
gp:AOqpTOHwEUZffu6aNY-dysGUqSOW9-6ynXLk-_-fzg5evz6bS8z7MJ93dErYT0CfVlg3R8AW1qdedwEfnLGsww,Othniel Scott,https://play-lh.googleusercontent.com/-W6Dt4A7EEPE/AAAAAAAAAAI/AAAAAAAAAAA/AMZuuclhAB3USKE69XrUltRH-w2U4H9q2A/photo.jpg,My 3 year old son love this. But I think it need more learning games,5,25,3.0.9,2015-10-17 10:06:31,,
gp:AOqpTOFmF06P7XYMEUTUqbksuG24n7v_C5e5OBxiotuwcwUzJJwYDwVK7sG9xcGepke_wk7IF_2z5vRdadxesg,Catherine N Donald Freed,https://play-lh.googleusercontent.com/a-/AOh14Gi93NNelcXsaUGOuvhIivzHjymZcsi_UpqVUG0x4g,"I can't get the full version to download on my HTC desire 510 phone. Free version is great but It goes to 100% then jumps back to 28% without installing on the full version, please contact me and give me a full refund asap!",1,0,,2015-10-03 21:21:33,,
gp:AOqpTOFYG-ygOVbH2a32sar8DXj-tV7VwdiYwukjIqFuxdtMfQ4NchTJnIGlNl-nhaL1dB2w5AFKK6jleGa5NA,JenniB,https://play-lh.googleusercontent.com/-ozlL0VjjLAA/AAAAAAAAAAI/AAAAAAAAAAA/AMZuucmlL1dVyhox7Uoxf82Jd2Q8XeT17A/photo.jpg,The kids love this app. One problem - when I install it on my Samsung Galexy s5 the icon isn't correct. It installs the Adobe air icon,4,32,3.0.9,2015-09-28 01:10:46,,
gp:AOqpTOEvaMzQxqcs7qroVEWUFlyYmOj2IvGg8mNfb7CqJiYQpxgS9spZasnCS5PGvIUGIqIYCIO6Lusjbbo_Kg,Hazel Asilo,https://play-lh.googleusercontent.com/-5I8m46g3NP8/AAAAAAAAAAI/AAAAAAAAAAA/AMZuucn3YC7jskkvhjLxlIwAu5MTOQXuCg/photo.jpg,"Been trying to download this app for 2 days, payment has been made and yet I can't download/install the app.please help.",1,0,,2015-09-21 22:37:54,,
gp:AOqpTOFDtMap1xjhXUXmwT6nzpdlh7RvwLw7LAXjUXoF7uxJgPxkV5-o9H_OcRzjgrlJt9jU_CnooHHJdsZCog,Jennifer LaCroix,https://play-lh.googleusercontent.com/a-/AOh14GhA18xES5wpWxuL-i9WPzRhaVNmR5kgqUaKiv649TI,My 3 yr old loves it,5,24,3.0.9,2015-09-10 07:38:13,,
gp:AOqpTOEpuyEdbpzsCoWmekPml3wnFpQ7Q9yl85MGaUNatkGYEmT9RJFUUmHGYdtukOkzaNiLW5-iZxSHG9oo_A,J Momm,https://play-lh.googleusercontent.com/a-/AOh14Gid-u751_mnA7njYUXmK54vuTedVT5ZJabkaR4T9IE,My Son Loves This Game. Very Educational! But Would Like More Levels.,5,25,3.0.9,2015-09-08 18:53:56,,
gp:AOqpTOE8DquOXSCfc99alelSYdddoOsFAlJSFpHry98OHXCsDrOT1TyQRl4yLOR4HkS5Hz3nDfWrvPpZ5NdNhQ,Darrell Hawks,https://play-lh.googleusercontent.com/-sKvYAFfsMqE/AAAAAAAAAAI/AAAAAAAAAAA/AMZuuckrzrH6nDBnw9SoQPK-y0zyep_n6A/photo.jpg,Couldn't get it to download,3,0,,2015-09-03 08:41:56,,
gp:AOqpTOHxTQUgTsBi9uC9YAYmcjrvI47Qb_U0zoy754YCi3-d71TPm_bU0XLmx9E31SckCkAOG9757FNEoCJ7lw,A Google user,https://play-lh.googleusercontent.com/EGemoI2NTXmTsBVtJqk8jxF9rh8ApRWfsIMQSt2uE4OcpQqbFu7f7NbTK05lx80nuSijCz7sc3a277R67g,My daughter loves this game but when she starts playing now the pictures won't show up at all and she keeps losing her stickers. Whole game is starting to fall apart. Please fix,3,330,3.0.9,2015-08-28 08:07:40,,
gp:AOqpTOEUOHuVyFRlcQQz7j_HnfOlMQF2QCJiwoCgOKHDjyGolOYFlMYqZ2iQIsUFzAA7AJ47W-3pWEaeMxGpIA,Ulu Andrea O,https://play-lh.googleusercontent.com/a-/AOh14GiCElhFwhsxCrGq-uLy-4pfRRmfAVevJuCDcRYwCg,Love it! I have twin toddlers and I need this on my 2nd phone to keep them satisfied at the same time. Please make this wonderful app available on the blackberry app store. Good job all in all.,5,166,3.0.9,2015-08-24 09:00:10,,
gp:AOqpTOHySvLAC-9vpPaRczj8Q_OvCKfFzOrFb0BgLwTRjzFIgF1cQcsHSwGy0WS9NOhHJif4qLAKX5JSsP4wRQ,Gwenda Helen,https://play-lh.googleusercontent.com/a-/AOh14Ggs5qb_XC7P6pTHYQkvKxMeoIPxchsAiear4S-V6Q,My 22 month loves it,4,21,3.0.9,2015-08-02 03:28:59,,
gp:AOqpTOFiW9ONZujA7ZfVmmP6_dLYuvG8VN__dcZ-eX4V7_vuJ_6CZe3XKtpHnqTkfB5D3QUezBozUX7tQEp-VA,Sandra Anguiano,https://play-lh.googleusercontent.com/a-/AOh14GhsUyp8sulqDbM5-_mkcAHOw5uULkG_8jPDR_zd1Q,I love this up my son enjoys spending time learning he loves this game,5,29,3.0.9,2015-07-30 22:06:54,,
gp:AOqpTOFtFHaOf5xpXP9kZITHepmQbDICxFilCQFszBxCze11oMhfR4wV5CMfGgO3N3KewEcxkDwalOjlCmsn6A,Matt Toll,https://play-lh.googleusercontent.com/a-/AOh14GjzIm2A5ClJAfOj2kxKlSEG4euRrcC5uQvbsQy-qyo,"Paid for the upgrade, well worth it. My 3 year old is excited to play. Would like to see a timer  to limit play time. 5 stars for the timer!",4,24,3.0.9,2015-07-28 09:35:47,,
gp:AOqpTOHq_ETz9UH8qsedwyKIiWpyXC0lWVH41hyVeEsg_KOLLdZFCIh4_Avq3vaKWFuSuLxoWAjFGeBqg6bEwA,DaNaé Owens,https://play-lh.googleusercontent.com/a-/AOh14Ggo07x8gx5RDKb55eC9mzA-nlV0B_ZyIkJArfZMhQ,My son loves this game..he learned so much from it. This games is definitely worth it's price..😍💘,5,23,3.0.9,2015-07-24 22:22:00,,
gp:AOqpTOGDXZGrTIEUEwaFXANioYuA5ZQI2XgQ-ViGKHibn1g6Y-ihVEyD4VBfevFMKTWmWhC5ls59FK7s-4CmoA,Dipanjan Bhowmik,https://play-lh.googleusercontent.com/a-/AOh14GjfZ_FpBhrJ-4TmXaxJm42l4IEQt7m7ltvcNtRz,"This is a very nice app and liked by my son. Few games are very simple and needs more variation but, overall a great app. I have purchased another app from the same people, both are worth of money to me.",5,47,3.0.9,2015-07-04 06:35:48,,
gp:AOqpTOHbT8_5Yex0dleLj8yGNIYvYUzYh-cRlnCdfuhZobFxk9WxrChi5jbkQ739nkFpGshXlYCVpzj1M0LQvA,Lo Yun Kiat,https://play-lh.googleusercontent.com/-T_zIrWeg4gM/AAAAAAAAAAI/AAAAAAAAAAA/AMZuucktv0VRCC-TJhuFYWCq8IGv2E9m-g/photo.jpg,bought this apps but it cant work properly. too bad,1,0,,2015-07-01 03:37:16,,
gp:AOqpTOFq7ZFRvaVT63SM7RNLWDwGsMUZzgBFymEmsx_xXHrxfFpRz7l_FDsGZupCYtMPCaZXLUDNbHRN8eeTRQ,Sir Catchalot,https://play-lh.googleusercontent.com/a-/AOh14GiuNCZWSxbAii_XBTA8bYZyZJdoqRB8yPjUpqCFEA,The game asks to match invisible objects ---does not work properly---i want a refund',1,0,,2015-06-21 17:51:55,,
gp:AOqpTOGQmuGYibg1qsWtspY9YzI3JfuQJ6rQiwQL21em0kE92bwswGY2f8OjcRT5g3HDUN4IgjtfbR590MUznQ,Jo Schwantes,https://play-lh.googleusercontent.com/a-/AOh14GicvREwgTLiiwHrnSXh0ypzu8Xl7WMXf19escW8,Won't download onto my Galaxy S4.,2,0,,2015-06-20 09:59:13,There should be no problems on this device. Please contact our technical support for a help.,2015-07-02 15:56:07
gp:AOqpTOEpM0_rfojQjdmOwyqemh1dgMvatfiVzu6N9rb6bhOR1oUaJprVaVMVIkUM2PEj7yhtyPnzfEnsqL_tXA,Kenya Davis,https://play-lh.googleusercontent.com/a-/AOh14Ggd1VQr1iJKqqptkwf93u7kEorNSkmwlKcUZsuY9MU,This keeps my 2 year old quiet and busy when we are out and about.,5,32,3.0.9,2015-06-05 03:45:37,,
gp:AOqpTOHbrd9oPAFmiHTXST7FdRTB6shd1QTmWF4Cuh7IX7yckBdxR7KzHHDLZ1FRWmCQ0A9oAt7Ljbg4yT-OIg,andrew noria,https://play-lh.googleusercontent.com/-x9tUAin2rf8/AAAAAAAAAAI/AAAAAAAAAAA/AMZuucleXY6aDEGZqKAAKN8fepUeZnQyNg/photo.jpg,Good game. My kids enjoy and we want more of this games,5,16,3.0.9,2015-05-30 22:17:03,,
gp:AOqpTOGG3OGdUlGhoXiTzV_QVZENT2doYvH9mRodmieH-pWkV5Lslo1JH1T-aSZSJLAqLI355eH4_DhYEXeXXw,Andrea Clark,https://play-lh.googleusercontent.com/a-/AOh14Gjh8q-nxlhlpaaZ8-6QNqAydocifipS5GGwFds5Hw,I've had this app for 2 weeks and IT STILL DOESN'T LOAD TO THE GAME???!!!  All me and my four year old get is a loading screen.............,1,20,3.0.9,2015-05-24 10:00:47,,
gp:AOqpTOGLAqW38FkK73e2GyQkevlM3ESGD79y-keU6SrGw8sQXYlDUixdkoiUmuaAGF5tNtshSEaM8Fx15PHlKg,Louisa Peck,https://play-lh.googleusercontent.com/a-/AOh14GjfBQ8T8K0RGaoNv5L_QcsyBgWatQLO2QJs_Jp22A,Good game,4,14,3.0.9,2015-05-20 00:03:03,,
gp:AOqpTOGJzeLjbm8Wd9h4I7qj-PbaDkpxglDLhcm0E8AypZTZ47jdjdRof7uC8g-syF3jVib9zWwuvRKWI0UoVA,Charity Adams,https://play-lh.googleusercontent.com/-EkdWaoKYQs8/AAAAAAAAAAI/AAAAAAAAAAA/AMZuucnYQ6jvFkJoxhPedMSie8j8tm7xVQ/photo.jpg,My daughter loves this game but I definitely don't think its worth $1.99. The same things over and over and you can't choose which games to play just whatever comes up. I'm disappointed to say the least.,2,624,3.0.9,2015-04-25 14:15:19,,
gp:AOqpTOG-t2NmZJmrg8XBy7vy3jdU53XDm4J9eG9oFC3sxnYIDevOZEccw1zd4Mc98QDxa5VyEaaaEgwI0gvXig,nickeisha obrian,https://play-lh.googleusercontent.com/a-/AOh14GhL-s-10Y_Cgp4rWXh53DZkAHvDW7lhB2lHH40A-Q,My 2 y o can't get enough of this  game. I love it,5,36,3.0.9,2015-04-21 07:41:25,,
gp:AOqpTOHPd3I6qhbTEYWLuIgGv7BniPIruNR8XfzOW-LF-DhM5Ds27NFMHWLQklBhzJqfJQ2e-vrFGjxxlKBUMw,Diana WilliamsFitzgerald,https://play-lh.googleusercontent.com/a-/AOh14GhkfU7BM5HRgakcxVKn-GJnGQ7XwwBVGfbZ0mD3EbE,My grandson loves the train idea!!,5,0,,2015-04-19 10:37:06,,
gp:AOqpTOG5RbE8Pw2LtPQRwVj2Wq44TPxPmh7ZwERWi8cAgx_RhIhx3r27yrgarR-0Lzncrh9DwWKqIdVT5IdZxw,A Google user,https://play-lh.googleusercontent.com/EGemoI2NTXmTsBVtJqk8jxF9rh8ApRWfsIMQSt2uE4OcpQqbFu7f7NbTK05lx80nuSijCz7sc3a277R67g,My child adores it,5,17,3.0.9,2015-04-15 10:52:53,,
gp:AOqpTOEQCU-ZxDxOn4JIhQylu9NjQwXjJtN2d1mCVPUTaqO38zbmeYAMzJuLD0Fa8UrWf4OeWPXtPMQvWl90ZQ,Carmen Breach,https://play-lh.googleusercontent.com/-r8BU9jjGA90/AAAAAAAAAAI/AAAAAAAAAAA/AMZuuclBlH-j_BLAs7OUavJDhIAzuMTDeg/photo.jpg,My son loves the games. He gets so excited when the money says you did it. Yeah,5,1,,2015-04-05 07:46:45,,
gp:AOqpTOE5C3RO2Tk9-zZPbdfBqiVxk2IyAJleWhpaEPSaba_8ZU9GqQeNuOBUhwi_nb_dFDYal1CNwXncOZll-w,Kobie Vivier,https://play-lh.googleusercontent.com/-CWHPeMaiFLI/AAAAAAAAAAI/AAAAAAAAAAA/AMZuucmtu4F0YbjAnpC-LdzZCfqtXMo6QQ/photo.jpg,Bought full version but not opening!!!!!!!!,1,4,3.0.7,2015-03-31 02:31:10,,
gp:AOqpTOGgXBvbvg68FXjxzCTmzHqhg6ksU1sYkNj_BJ_x_N7LfFBNzI5IhK4rpTTUpsziDJ_OME-nE4e_-6vZbg,Ana Puntos,https://play-lh.googleusercontent.com/a-/AOh14Gjvlex9G4NTFZPYgywBraUds3kJoOPAf5fyy36n,"This is a game in kids eyes but they learn so much just playing a simple game,",5,2,3.0.7,2015-03-26 15:05:27,,
gp:AOqpTOH_uz1nUZuhI1aVTJ9DSXsYN1Iz29me5DY1CIhoLh-1J07on3q75Uzhv4Rbwe6t5juEjAQov4WSW6a5EQ,Charles B,https://play-lh.googleusercontent.com/a-/AOh14GhGaQC8-9iVi3I3PoyXiXfuSuJLHzBZ59KmVoBxffo,Son loves it,4,1,3.0.7,2015-03-18 06:39:11,,
gp:AOqpTOGFIJ4n8ypgJjDMjKMSvLebYAPYdYRY2zvHx_1rpInVIyx8s4v-i9xFKZYT0k11GNDFK7QOCvVrJRdK2g,Thai Nguyen,https://play-lh.googleusercontent.com/-kae00MR_W6Q/AAAAAAAAAAI/AAAAAAAAAAA/AMZuucky6BRtT1UQcUv-iv7ePz2LVPJzOQ/photo.jpg,There is no level for kids to chose snd to achive. There are 14 game in the paid version but everything is very limited...,3,1,,2015-02-28 16:40:02,,
gp:AOqpTOHmzmYRQJP1dUCYZO0LQdX_MWUppd-utu4yuWlyejFcSA3g-lmhX_RdQrNouZJT3sE0pSF4WwtKryUUTw,Alicia Mitchell,https://play-lh.googleusercontent.com/a-/AOh14GjhjMs_gwfVxzoh0V4Lh0IrotW3zngcVq6OC72COQ,My daughter likes it.,4,1,3.0.7,2015-02-26 17:08:50,,
gp:AOqpTOE0wTL1D8DVRfwoPGocY_EDpGDo3kW3CUYYvqUrbnt2u4dcVp6jtKkrU0E8cxxcU3GIaBWxGSgdDSFZOg,Julie Possehn,https://play-lh.googleusercontent.com/-POrFt656bbI/AAAAAAAAAAI/AAAAAAAAD_U/AMZuucnbBtwrKWNSmtQUezOQw6AJ8zZ3Mw/photo.jpg,Not working right for me,2,0,,2015-02-22 17:56:00,,
gp:AOqpTOH12hJLKBIf7s3GD-ummwawxGEz7XNoOL4US3n4cb3soLxd9i9PcFZEBrMJUGOf89lWd8F2Q9Knlb6ITQ,Nicole Hellessey,https://play-lh.googleusercontent.com/a-/AOh14GhUeb55uytMdAo48ZUIdyHh2Nm7qy5P1Cs4BGsX,"My son loves playing the ""train game"".",4,1,3.0.7,2015-02-17 12:21:13,,
gp:AOqpTOEzFuyL3hOaCElZ5d1RxSyiJvRcH9zjJFJPCrlxZiYpmaqKh_qtcfaC5uc8s8AouYraelpxdSLtTnYdcg,FilthyDirty Productions,https://play-lh.googleusercontent.com/a-/AOh14GhxYF-CXoVfIV4cDgmIo9WE0RD3weITmyVpJ5ZRZw,My daughter loves this game! It's very educational while also being fun. She enjoyed the free version so much that we ended buying this for her.,5,7,3.0.7,2015-02-16 09:18:50,,
gp:AOqpTOEaFIyaeA6MboObsP3dD-ElbjjT3QQUz631UEs3tFjGUiJ6YIPAEYgi6hU4KO2uC4mqEOcUdwO-zz7pYQ,Jennifer Calland,https://play-lh.googleusercontent.com/a-/AOh14Gg0S0O1KsSxUzPgCsa6NqFPYtAsivX02hup0rGXR6w,"I sent a note the developer some weeks ago about what a great app series these are but that this particular one was freezing on the hudl2. Anyhow, hudl2 had a system update a week ago, and I'm happy to report no more issues.",5,0,,2015-02-11 23:13:46,,
gp:AOqpTOFL6YyxoAo-DmsMjUsq9FkxoFpcpqm41nKUATmWNtGMzqYII8GDfy9Hzc8uj3N5KNP6i4xoRcGEATYc2w,sheng vasquez,https://play-lh.googleusercontent.com/a-/AOh14Gi4qXwXfy1XXxgaZ4QMgB-Dj5u8HM1X0rf52004jQ,I am a working mom with two kids. Discover a way to have teaching materials for them. Hope this apps would last long,4,3,3.0.7,2015-02-11 06:40:29,,
gp:AOqpTOGhxFLLvKhl9bDhIG65uaVBTaJWlkxa6ti_J5sShhegjWXcRl19G17WJSRKUQeOxIH14obFr2AHbhYSDQ,Allison Keith,https://play-lh.googleusercontent.com/-ZmygMm1n_fc/AAAAAAAAAAI/AAAAAAAAAAA/AMZuucnGPjaYrLOeor_JEOKkEmLnp-ChZg/photo.jpg,On my gen 1 nexus 7 and lollipop not all the games work. Some just start the leave an empty screen.,2,6,3.0.7,2015-02-04 20:03:10,,
gp:AOqpTOHYUgEtem-8wvPpnzz7CJgZNCRj-6icYr3kU1MnktCIBgBuVpiAxs1jWAGGHDKXysJ0tVMK0oeH2NIATA,Catherine Lacorte,https://play-lh.googleusercontent.com/-a4i_dp7nL6E/AAAAAAAAAAI/AAAAAAAAAAA/AMZuucm43Fva4TbSJrozm7IODh6TCqqPgg/photo.jpg,Cant run for upload...i paid for  about 93 pesos.. but still i cant have the app...,1,0,,2015-02-04 05:19:28,"Please contact our technical support for a help. We'll be happy to refund your purchase. There is not too much what we can do with downloading and installation issues. It depends on the store and your device, not on our app.",2015-02-07 00:25:28
gp:AOqpTOHCkh6d1cXZtStD8BblJhKqKJPt00HmC7-HnCXz6cW6P16KNUlxAsq9gC39WF-TLxKNlwI3u1EYc5tKbg,Stephen M,https://play-lh.googleusercontent.com/a-/AOh14GjsO2ZlP-mgw_6UQytvDVS1BB68FCTwT-TcaMqv,Loves this app with all the activities,5,5,3.0.7,2015-01-27 10:06:38,,
gp:AOqpTOHO0RVv79W3uT4LmGvmcHN6dAG5WA3z0N-X6T9r21vHTz8m6FR7VJ6hXgJjENTZTLoIBQ4YCZnymWBJwQ,FUSD SLP,https://play-lh.googleusercontent.com/a-/AOh14GiqMa8TvO9Kk2FgukJhwurszls4uOUdjzpsU69STA,App just hangs on the loading screen forever and never actually starts.,1,4,3.0.5,2015-01-20 17:41:49,,
gp:AOqpTOFrx2OHCZBeh7SvP2TXgpKCVK6x_bM7DYXPAQaDFn1LBKX4ANVmgtZbypaR4azwAc513I2gJpMNgRGTFQ,Gilberto Martinez,https://play-lh.googleusercontent.com/-0gYHau9VBrw/AAAAAAAAAAI/AAAAAAAAAAA/AMZuuckfPJlPjRo8ASRyT273JrFF-NKFTQ/photo.jpg,"Installed recently and it does not work, problem with the latest update. Loads and only get a black screen. Fix and will give it higher rating.",1,2,3.0.4,2015-01-17 07:09:10,,
gp:AOqpTOFp9wyh9iYRJRE2XxH51Lh6un7xn1O4ijqXADw_5wKV8RUU8oCqqg2-yGxICE-hydJv1VFO9RZmMGa_jA,Ashton Edmondson,https://play-lh.googleusercontent.com/-Rfutl0QH4CQ/AAAAAAAAAAI/AAAAAAAAAAA/AMZuucn4LlZ4OuClEnMmi9PAewvLAv30xw/photo.jpg,"Does not work on hudl2. Blank screen, just sound. Needs fixing. Waste of money at the moment.",1,2,3.0.4,2015-01-14 06:00:03,I am very sorry for this issues. We already know that this app does not work on Hudl 2. We will try to find a workaround and update it. There are no known problems with any other devices.,2015-01-15 04:48:44
gp:AOqpTOE676L74da9-AVJ-rDIW8yvY3vItBHqBipLfncxjKgvB8A2zY3mhvO48zzUrLyHf2E6ePay8Wnm88yhqw,Chaitali Gupta,https://play-lh.googleusercontent.com/-Fbm02HSq7ow/AAAAAAAAAAI/AAAAAAAAAAA/AMZuuclm26-a_2cB5p8vMFSZ4jDQcMBAbA/photo.jpg,The app gets hanged for no reason. Kindly fix it. That's why 2 stars otherwise 4 stars my kid loves to play the game. Free version was far better than paid version in terms of running of app,3,4,3.0.3,2014-12-29 08:41:24,,
gp:AOqpTOE9lC7TT3E8A0inT22b11_a--1Oivlw2X5OQfKV-jftH9Vso5FnmJe0l9oWP0ms5Kcg7Bfih9XMCOz-XQ,Kerneisha Mcclelland,https://play-lh.googleusercontent.com/-RxCVt7PXu-A/AAAAAAAAAAI/AAAAAAAAAAA/AMZuucnJCpCnt80sO1S8A570vCpdBWP5Xw/photo.jpg,My son loves it and he is learning more and more,5,2,3.0.3,2014-12-20 19:54:39,,
gp:AOqpTOFudu7bxjjBFIBUxqdejpm2ELZawnt0F1bmUfU9B_MIIgDnhTZQmB-GjDHT3O6y7HTR-XEGKjvBkY-InA,Daniel Reid,https://play-lh.googleusercontent.com/a-/AOh14GjI1SRZhD4WfCvciPgVgACD2AiXTHiOQPoP6lVz,It doesn't open on my device please give me a refund,1,4,3.0.4,2014-12-14 06:27:47,,
gp:AOqpTOG8L2k96RphfUdwbhFWQXT5p_rxCL-ErHVL5HAvqyV0cXdlQ1Akr9p3FC_1QvIQHqvEnhkvqk-pJ4Tm8w,Dawn Langford,https://play-lh.googleusercontent.com/a-/AOh14GiILD21UJLAGgGEgjMqqeHZsrtYunWITOHuTVxd2A,My son really loves playing these games and I love that he is learning at the same time.,4,3,3.0.3,2014-12-06 09:14:40,,
gp:AOqpTOHd03X0-C7fWRn4O69IXckpurUCl0A1fTZoo9zCAst3NcYShnUvZKeX33KprFLkZhij00hyqAvQSY8ebA,Nichole Dewing,https://play-lh.googleusercontent.com/a-/AOh14GilY8yYuxFZDhNYTH-owcdnD7fzhX9LjDsQwS98EPI,My kids love it ones in pre k and ones in kindergarten,5,1,3.0.3,2014-12-04 08:44:37,,
gp:AOqpTOF0eezXJCfzxa6BZ1Yh6jpGaWLuWl4-2R5SSfoa8nB09aiWXCHlh5pzidpJitCSIJCZOK4aD33WBbPYNA,Shelia Treat,https://play-lh.googleusercontent.com/a-/AOh14GhdX7lxCEW5QeFa1uL1kr7XzMyXQj0eJzjI1gOB,"This app occasionally will stop running for no apparent reason. However,  it's a great educational app for my 2 year old grandson. He has learned colors and numbers and shapes.  Would definitely recommend this app for education tool.  Wish it had different levels",4,7,3.0.3,2014-11-24 07:37:20,,
gp:AOqpTOFj33K5E4VYzlxGfLZ-QzjRwHqpvl5ZrBT5VH5ax2VhCLVJXd5-ACccw0Ma5PLJJAhW_ZdbftbLdGX-tw,em alberto,https://play-lh.googleusercontent.com/a-/AOh14GgBghnrK93gtbQN2WCBYJqisKYB_nxAUWpyktoQ,Dev was prompt and helpful enough with issues with the app on my device. Thanks anyway.,4,1,3.0.1,2014-11-18 05:19:43,,
gp:AOqpTOHNz2qaGRqKHXDf7ZDfaKddFzpRvFCd9mg9Fc_h4lwszKqe9Ibb4S6A-wMU1kVrf7CjKajYVoVXXmUG_Q,MyHaloJustBroke,https://play-lh.googleusercontent.com/-pKSp2u0yCP8/AAAAAAAAAAI/AAAAAAAAAAA/AMZuuckwLBostk6CKfI-lnCgeuAfR2rRgQ/photo.jpg,"I paid for the full version. It worked for a few days. Turned it on one day and Out of nowhere the screen changed completely . Was harder to navigate through. And it started freezing, then not responding. Now it is just a blue screen!!! My son loves this game. Now it's unplayable, I'm very dissatisfied !",2,0,,2014-11-17 18:29:10,I am very sorry for these issues. The updated version has many new features like for example immersive mode and 4:3 displays support. It is also more reliable and runs faster. The problem is that there is something wrong with Galaxy Tab 3 and 4 tablets. We noticed some crashes. We will try to find workaround and update the app.,2014-11-17 23:06:05
gp:AOqpTOESHfUcV_hcR3WuQuYJUbDW9_d039fF2-WFzd0E3hYpV2XhgOj5q3_xv6ldBZnC4QmnMQ8UvtU6NV_h_A,Laura Wilson,https://play-lh.googleusercontent.com/-eV-jCmQupuk/AAAAAAAAAAI/AAAAAAAAAAA/AMZuucn9FVznfFm3SJcvMam7FSNNl56mbg/photo.jpg,My child loves this app,5,0,1.1,2014-11-11 19:42:04,,
gp:AOqpTOEphsx3Wvg919PjJbzs9TgpfVtHo82RsX6lNeQgEKQ5IgUjJ7YLFqA4M4cpR3zMiZ30Jy2Co5ZXAuhRpA,Asemoy Mccomie,https://play-lh.googleusercontent.com/a-/AOh14GgGGEJ_1AKtZWOuI0a-ylH7RMgbiWitTSSwvPS_gw,My son just love it. He learns a lot and grasp it real quickly,5,0,1.1,2014-10-29 17:04:52,,
gp:AOqpTOHB5fyI4a6jAAaOpd-7qLuqzZo3dHOC02l7YTe3vDs9xo5_kEfS3kDdMPhloLUTW5aIn2uUAqoxaNne9g,Ted Pius,https://play-lh.googleusercontent.com/a-/AOh14Gg4uBGvcOi1Wv5wklvvbz_CY-MSpitdpbRQ0FQt,Great learning game,5,1,1.1,2014-10-23 16:50:36,,
gp:AOqpTOF-mec8QU2FuRMjgjIYsGJw5CogoCkElefD7hGIIHhoMSDDzMxennsssEGZUvlOEJ9agBsG4R8JnxihLQ,Zeina Youness,https://play-lh.googleusercontent.com/a-/AOh14GjBRXFru5zyLq3jGu9As5ZvAmc3yr3YlcbCtBVuzzA,Simple et efficace...,5,1,1.1,2014-10-21 21:59:55,,
gp:AOqpTOHy-rb2dzzx8Wg2urCJDOztLJhTCWwFmjUgbK9kNT_RZrCW5LQiep7sgTt2Xiw08qXbVHY-Ee09GxIqpQ,Jayalakshmi Thangamariappan,https://play-lh.googleusercontent.com/a-/AOh14GhsFcFARd-qIQSJ7dw0ImSHXT2L7ccW25plf19pBg,Very useful games for kids who are in the age 3-5. My daughter is happy by playing this.,5,0,1.1,2014-10-13 00:13:48,,
gp:AOqpTOGirE-GyCs2RKuWPypi6sFbR8BVSHAV71ale6Yu3KjM8dg1pOrFneZw9DkOtclvI7tT2aNT4O6jZIfbdw,Linda F,https://play-lh.googleusercontent.com/-mM9Qh7kQ5AY/AAAAAAAAAAI/AAAAAAAAAAA/AMZuucnbSjigl2GGY9tgjkT7FeMLKf1mvA/photo.jpg,Abby basic skill,5,0,1.1,2014-10-11 18:54:24,,
gp:AOqpTOFbppybquC_m53kCt4Zjutelfy-Mf7PCX5AfN6tNAosZR67u1uYd4BjL-_tZIajhzO7opsHmfvu1rjgRg,Jay DeMarr DeMarr,https://play-lh.googleusercontent.com/-bAJi22hYI2c/AAAAAAAAAAI/AAAAAAAAAAA/AMZuucljUxf5BFxsLme_lf8q7H3MyIYtFA/photo.jpg,"My Granddaughter loves it. Has matching, patterns, shapes, and many other games.",5,0,1.1,2014-10-10 11:17:07,,
gp:AOqpTOEfKf1ennsz6j1KMSds0s5DUeDHi6lCFqSDPF8W12NKIeYBqqxaLt41V1n44E290VRlAA03EG3P1xDY0A,Pandurang Deshmukh,https://play-lh.googleusercontent.com/a-/AOh14Gi8hJK4wEErEJJ3vsHJEdzj2j_GNkeE7QxGwBaIMw,Really best application for children education,5,1,,2014-10-09 21:01:57,,
gp:AOqpTOGvX-9uV595qEge7Z5V0G2W_6oNG4RavttpGn6_sPawhtd5sDilw_mv8YByVLd-m7_px5u5-4LWea4YPA,Yasmin Latocki,https://play-lh.googleusercontent.com/a-/AOh14GjuqcMj2jPjPj_xCGOWCdEqrLBVJ4PiN3e6lrgHmQ,Great game love it for my 3yr old,5,0,1.1,2014-10-08 00:23:34,,
gp:AOqpTOHP067LUUgEDoqAwQWkFRzsM8updKTKA7IbCjktdWuD8eoRB8M7URqSxhCxRvx7fyj1Pa66L4l6EUfeSg,Magon Chandler,https://play-lh.googleusercontent.com/-18SBQfYWJOA/AAAAAAAAAAI/AAAAAAAADuY/AMZuuclmXnFAU7y-Q4Ggbx2yXh72yquLOQ/photo.jpg,I cant seem to access the numbers and the letters part of this app...and they are turned on in the settings.  Please help Abby!!!!,1,1,1.1,2014-10-05 12:49:15,,
gp:AOqpTOGMtzXGeMzby4QwjbWF8g0f7V815OuVXG7KX53KBZWuU9oXeuqCxRen_yyvRpTxsFXdaALyk51aNPPTAw,Tiffany Costley,https://play-lh.googleusercontent.com/a-/AOh14GjoT5BxU9uP1AIVBkI6s1NQ6rOqdeo0M-dAN4KN5SA,My son love this app and he's only 2,5,0,,2014-09-27 17:47:44,,
gp:AOqpTOEecYjxOcEcWyQpPruwEPZDZ-8Vk7E5erZhOz2gyZzOG7K5Tbb-XOZbtXa1mOPjB5hc22g9cZkf-78SVA,Crystal Gosselin,https://play-lh.googleusercontent.com/a-/AOh14Gg0A4z7P-hAgs-jl7uKbtgON6cLBS5r5tLaJktbgw,Daughter is 5 and loves it,5,0,1.1,2014-09-20 07:18:57,,
gp:AOqpTOE5AMviChha1TuSrp17dfieZNeyBXu6jQEzzAVFkiwcoxfkFPKptETXw1yQTJ7FAe3gIEIplifUz0Avtw,Reyna Vargas,https://play-lh.googleusercontent.com/-d5yCgKFSdYY/AAAAAAAAAAI/AAAAAAAAAAA/AMZuucnAFdUXpaXh0G_7SzUolMBjlP2jyw/photo.jpg,My 2 year old loves it she is learning a lot with this app.,5,0,1.1,2014-09-14 20:35:27,,
gp:AOqpTOGvC1O3pFcBSut7L2RZPRjAsiaaPjFawZz_1SyIrWw9ECQ_okeCpyYDQwaqrXvUuJxOFuw7oVXJzbfgFw,Salina Watts,https://play-lh.googleusercontent.com/a-/AOh14GgNRlhFMa_hg3If3xYnqnRdHhoJTfyiCULmRNqqJg,Very helpful for my soon to be 3yr old.,5,1,1.1,2014-09-08 10:14:21,,
gp:AOqpTOGwewUN0tuuTdUGktQadfUCMXl2EqtkHoIM43ymxJ13R5D512QBShn7SIU0MbFqSu1esmsITlmeLAPndw,Brittany Sager,https://play-lh.googleusercontent.com/a-/AOh14GgnYh-y701log5iZfro7oMxvbQdguT-UjOMTX2e1w,A great app. My 3 boys have learned a lot from this app. They are learning things while they think its just a game. Perfect for young children,5,2,1.1,2014-09-02 09:54:12,,
gp:AOqpTOHDNcT9oT_m5_cCdxk-7V8UExZqMI2y-Kt83knNrV5h4zIiW_YVcjogq8Rbd5hL21iHaxA2YZ9BcQeh_A,Komal Chauhan,https://play-lh.googleusercontent.com/a-/AOh14Ghe5n89D--V7z8dCwz_jhGf4YPE6-6ifyFQMwxCCQ,good,5,1,,2014-09-02 09:19:50,,
gp:AOqpTOFtK0YROyjKHxScCltJscgoCvQbhsumBBSUMRJUh0GzsL-0tOIRSFH9cva1beBozf4SJ49aqIBI1XSHgQ,Umaima Tinwala,https://play-lh.googleusercontent.com/a-/AOh14Gh9VTOoJpFmL92q1HDXaTPi6LTOEiW47eVZPg7HPwM,Have bought this since a month ago but can't download it .. says insufficient storage...checked my phone as well as SD card ..  both have like 0.5 GB free... pls return my money... dont want this app,1,0,,2014-08-30 03:16:11,,
gp:AOqpTOFZdhmtka96f3VQuBDi2z04zvYyq1izQNp5qTfDJUjpv7dyZ4CSC04nFbLZKgcvtFp_yD9JBqZCp6C3Zw,Sha'Kaira King,https://play-lh.googleusercontent.com/a-/AOh14GiNmK-curXXUP0I50UYmJC_Eov6URtbeQwWbhw7SQ,So I paid and downloaded the full version and while testing out the atop for my girls..I only have access to matching/pairing games.. Please fix this game has lots of potential and would love for my girls to have access all activities,3,1,1.1,2014-08-24 22:39:40,,
gp:AOqpTOH4IGyAdnupYxOrQkhOO5i2aizJE35rjWPbWs_MiI3pORu4RZ2D9nKUPvwVHucDfJ5NJ-mDt8HCHt80gA,Misskim Jones,https://play-lh.googleusercontent.com/-j166Y_4AjHg/AAAAAAAAAAI/AAAAAAAAAAA/AMZuucmbwhBkK8rkqtBaoCInIyQGTi9e4Q/photo.jpg,My 3yr old daughter loves this app,5,1,1.1,2014-08-11 19:50:56,,
gp:AOqpTOEa1BWAmtzatySrrBodGoLnNASTQdNxQLar4vRGC90DeSafRjpum_QRm74U7xtYik3dM__-6FOJbpe2yA,Chyeé Howell,https://play-lh.googleusercontent.com/a-/AOh14GikLxlEdjDMZ3pXE50yMbAxdhFeR81IU3JT1AM1Mb8,"Great visuals, really helps my child focus on patterns and numbers.",5,1,1.1,2014-08-11 11:55:57,,
gp:AOqpTOEY8putd8ApZTMoH5qfdqbn6HqNeBJKtFlbGE1nstVjneE3s-RKY_qW4LZuxviGJRLwGr4szhE0osUUsA,Jeano Smith,https://play-lh.googleusercontent.com/a-/AOh14Gga0x9M1_on7Pid4pOoEq6Yg2x8GDesR-tMcXMfJQ,"This is a great app for my granddaughter,she has learned a great deal so far. She loves this app. I am so grateful for allowing this app to be able to buy.",5,0,1.1,2014-08-10 21:31:18,,
gp:AOqpTOGO7vzv4rtanhpCGga3DWO4uVLTd0TR2x_rqzz1nNZz_U6BmAwZ6Jgdo8KDKRKqvwNC6N2AgNTlFMVnSQ,Debbie Golden,https://play-lh.googleusercontent.com/-3ROIz_tfrcU/AAAAAAAAAAI/AAAAAAAAAAA/AMZuucnbv_N40YImCUSNnUdXOkVgR_Biow/photo.jpg,My daughter literally had 8 apps I just was able to uninstall because I could do it all with this one! And she's only 2!,5,1,1.1,2014-08-02 13:21:23,,
gp:AOqpTOGn2ZNW1gMXB_L0n1V-28zKMz5tPpHk4ZVh4Dql-OykofJ2rU_3hCJvM0sFXgV_JhErvMHK7_wHnaMzdw,Candy Semply Complex Graham,https://play-lh.googleusercontent.com/a-/AOh14GgUfHZSqpPVRGOhrUOvNFml9cnpzQDOlyi85KmPgA,My one and a half year old son cannot stay away from the heart it is a lifesaver very educational very positive just an all around great fun learning at for any young age,5,0,1.1,2014-08-02 08:03:01,,
gp:AOqpTOE4bplDO4Pz_8jOVoljk3wDrFdmYVLWd1Hfk6UCzN44OlGu5f1RCt0pMf1Wa4UZjeLskOSi1BG7Yn2X0Q,Jai Ganesh,https://play-lh.googleusercontent.com/a-/AOh14GiIJH2wlk2rSJTnXz-80aFq5wS9BMrUEIUfMUTPLxM,My daughter Suba : 2 year 9 month baby have more fun and learning compare to other apps,5,0,1.1,2014-07-25 03:32:24,,
gp:AOqpTOEGO52hxNDJekTe9eqsOSYQRJWuqjvSdVCWusjWgZJIJ_afGI_aAEvElS1Uq3xFHCnMJq3QO8EJ97Pbyg,Rosy Mendoza,https://play-lh.googleusercontent.com/a-/AOh14GiOULmjO2BKjsVQx7RyAb0Ms8N1CJgTD2pIDEaF2A,Great learning app for toddlers and very educational,4,0,1.1,2014-07-09 16:28:46,,
gp:AOqpTOEbD76JgRRBQRV-lXxxsoMwa5uABEgJ67kAJMonL7kpnXT50Scpua9qrsxF1lEaPuYNx24sWmeo4-o52w,Carroll Sawyer,https://play-lh.googleusercontent.com/a-/AOh14GhgvfxmTW6RVNNY9CTmtM5M2zCNwdEIZ3gChFMBsrQ,Excellent!,5,2,1.1,2014-07-05 07:04:54,,
gp:AOqpTOFX6SL4Tvzm4xAAVpFthHWOmn_6fRex0zdnPTBewdSVHApV0mrA6rSoqqxToap6aCqUpHnQRPWYtGQexg,Jolinah Castillo,https://play-lh.googleusercontent.com/a-/AOh14GjuOS9qJyR-BnFe8CKOTzH32rr2aIYvwXpFzNnD-Ok,Nice app my daugther really like it! Fun and very educational,4,1,1.1,2014-06-27 23:47:18,,
gp:AOqpTOEWeBuvV9JC3NMQUohf0ANESGhAJ0FnKOa4V1dODfkOiG4vrrBxuTIqmaZoamgTjnXFoQiOeio4vNWJKQ,Dusty Evans,https://play-lh.googleusercontent.com/a-/AOh14GhLTlbtGGrzLnuf53Qh9f24oA7gtKewDKrEvA3KYQ,Charlee my 3 yr old grand daughter lives it,5,0,1.1,2014-06-24 15:56:18,,
gp:AOqpTOET3SpYeHn-kNaN4BuPBIsMCE-kJAiZzItaXpi3ixQca41uFYFjbneY5nuxFof2PEunMfe4_IM9_z79pg,Nateshai Watson,https://play-lh.googleusercontent.com/-n632pOxlUrQ/AAAAAAAAAAI/AAAAAAAAAAA/AMZuucnuM71t08PRgIu5QFlCMH67WisHtg/photo.jpg,Love it,5,0,1.1,2014-06-22 12:29:38,,
gp:AOqpTOHH27t056v0EmI7aIdi7IALhQUQcLo-EYKHIjfYSk2cORQ_95RS8_hE_dXlgcfnoiyjhGAy2IzJ_Kjn6g,Priscillia K,https://play-lh.googleusercontent.com/a-/AOh14Gjro3uhQKUkE7yYbyZlkzS3KgmFaUT2Q8lwhfAd0k8,Good app,4,0,1.1,2014-06-18 23:16:34,,
gp:AOqpTOHgLoNSp0Nh_LIEDEI15IwHrmVpLREBH5QQr4Y2n-YfYjnKknQo1AMG_GEuo2vqW824b2cGhi5e_5Lyrg,Ovia Hekau,https://play-lh.googleusercontent.com/a-/AOh14GjOF8kFP4SPLhS5nBH9Iym2a-5hqHOz_Fiqs9Cr-w,Great app but things like this should be free,5,1,1.1,2014-06-02 16:54:44,,
gp:AOqpTOEIRHyfgmzCJXq710PzVY10G9HjI7p7gT0IuU8OhASUJzpy2KOGQ3ZXu93uJLvaio1KRL7sgTTk5sfQHg,Nicole Patterson,https://play-lh.googleusercontent.com/-mwctFpdumlc/AAAAAAAAAAI/AAAAAAAAAAA/AMZuuckEDApKhCC_o4_KThadywlDyku_5A/photo.jpg,My son loves it,5,0,1.1,2014-05-27 22:53:24,,
gp:AOqpTOG5fdB7SV5CmbaWm4YAX27j-sjfGhKa37W6OvJ2HQrTknuXU4imIvgqlRAGm9QWDAJlTXjrOUErk_JOiA,Douglas Hornbeck,https://play-lh.googleusercontent.com/a-/AOh14GhQMAsEbOrGo8xYEm1awI66gS8g_gdeel1PNEIR-RY,"My 2 year old loves this app. My only complaint is the main menu still has Ad's which my daughter clicks on taking you out of the program, and I PAID for the app.",5,1,1.1,2014-05-24 19:47:15,,
gp:AOqpTOEcHFYdsAZEr9dVZaVRs4qQSFPujJ3MMjo6sFny18YcRtyP_mXtH1qe2pE1heancJ7jbdMEoboCCv-n_A,Jayne Lewis,https://play-lh.googleusercontent.com/a-/AOh14GitG8CLWNkSjnIlkXv286Bu290OIhhz-8kkPTpWlQ,Really cool my 3yeAr old loves it,4,0,1.1,2014-05-18 21:50:54,,
gp:AOqpTOG55SFZyn1hbJAgvc02vrhlRwl7DLR7Bk89jnc2ThljHtdIj_kSSQxgHq2l-yEnIbkf27xnplsdAv_gjA,Samantha McGuire,https://play-lh.googleusercontent.com/-cmCn5w0UknI/AAAAAAAAAAI/AAAAAAAAAAA/AMZuucmoGQO5ZgOauf-5Q1r_LlZme8MNrQ/photo.jpg,It loaded but did not install. I just paid for this. Either fix it or refund my money!!!!!!!,2,0,1.1,2014-05-16 09:44:03,,
gp:AOqpTOFFgYyDgZpqkmu7go3Y6M9599f6QjBi7RX6AaBvdoLsi09NFpkk-b1ICT53Hf-dzuFKVYGdn4uYey99lQ,Akhtar Ali,https://play-lh.googleusercontent.com/-hEoA1HpPtOw/AAAAAAAAAAI/AAAAAAAAAAA/AMZuucnBuxR-GsiZfPUnBcjFCjcVYhJDpg/photo.jpg,"Usually i nver buy any app. But after a try,i couldn't stop myself.my lil girl everytime playing with this app. I am satisfied that she is not only playing but learning too. This app worth five star.",5,2,1.1,2014-05-16 03:02:06,,
gp:AOqpTOEifHJYwJuA6TBEYBqVIdRWd25n_6dW2ehFMPayZSSSLcmoL4VDCLSZ_F7jrQg0WV_bBnBDB5kFvASiJg,Cynthia Martijn,https://play-lh.googleusercontent.com/a-/AOh14GgkYTsz2Kgi_3abv_4v_yNdWSD0hf88zAodUmEbMmg,My son loves it,4,0,1.1,2014-04-27 10:52:39,,
gp:AOqpTOGUgXM0FGK0WF533jJORO6ElDdhDdIEk4OdwYR5L-Fz3N552CiQ-VZrfAOlXnIWkmLO315TK6ieX-BxWA,Hazel Rollinson,https://play-lh.googleusercontent.com/-HXdYvSxWHqw/AAAAAAAAAAI/AAAAAAAAAAA/AMZuucmG0iby7G1WT5flyoxnZnNqyc0KQw/photo.jpg,Downloaded twice and does not work.  Sad because it looks great.,2,1,1.1,2014-04-27 00:57:12,,
gp:AOqpTOH3JXD5o4vGeYCenFVp1rqpKTsYo9_3CxhVGRNL4OUPHDgBxjBOjpFkkQno2ips6dntnRX2_IC6lu6trw,vimal saga,https://play-lh.googleusercontent.com/a-/AOh14GjGn1ZJTOTjApfQk3OidBQOK60dO7fg3emPWvT4ea4,bv,5,1,1.1,2014-02-14 23:41:46,,
gp:AOqpTOHWD1fy66ARorAjZAaIT3yKbJgOVTZaHg8U4KZyJEIYgWqvLKs8xOugl9cKLZ7H-CfGi7jIPbEuVWVvTw,Priscilla Banda-Gonzalez,https://play-lh.googleusercontent.com/a-/AOh14GhqcwOyWDe_xk05UD10pjGbXTGcTbe31dgEfMokN58,My 2yr old little girl loves this app. And she's learning too!,5,0,,2014-01-15 11:12:50,,
gp:AOqpTOG0z4e2IE0iV4Zi6XfNP_b8FSuh0bcB4BlLkQfx24_BM5lK3TzxRcfAkZspszDwTB8J893FDgVOZkPiVA,George Williams,https://play-lh.googleusercontent.com/a-/AOh14GjEj5Riy9j4fYZE-PfdjMfhFQKGXYux0kJeXqMnvwU,This is a really bad version of the Thup monkey games. Poorly executed and glacially slow. Horrendous americanisms (good job etc). Wish I could get a refund.,1,1,1.1,2013-12-27 05:13:26,,
gp:AOqpTOEVSPBlFKWwWpcti_Nukz4BTKflXVHiiWobDRk-DZiVZYND8r231b_h14oFvHlS_OIyX_PA4WugyVQ4nQ,Tele Adewusi,https://play-lh.googleusercontent.com/a-/AOh14GjczWeDi0LGvJZJmuZM581OFvFGvi74zpGP0tG7,"This is a very useful app for young children providing them with hours of fun while they learn useful life concepts. I found the app very eye catching, colorful and very easy to navigate.  The activities are simple so a child can pick up very quickly as they are pitched at the right level .The various activities combine key aspects of literacy and numeracy neccesary for a childs development. A great app that runs smoothly.I recomend this app as a real asset because it is just right for the targert audience",5,8,1.1,2013-09-22 07:26:03,,
gp:AOqpTOFdBB254UVaA5FBkzDxjPFYBs8Aod5XlV5TajlHaIG14a9W4TavJRMrXWysqtBmp1TMYCFnHcezunHTpQ,Alaina Thibodeaux,https://play-lh.googleusercontent.com/a-/AOh14GgbT6mcPPJW_fJkhZ3yNgUQyG1Q164_6pWBVmPSclI,My 4yr old loves this game. It was well worth paying for. No problems so far work great on phone n tablet.,5,0,1.1,2013-07-13 13:13:39,,
gp:AOqpTOG5DQ2JlJmc3sVzD1Qa4cx5v0T-87htsTgjZXTTMcDJ4xqfcC9fci79k6mc3Cm0hcerw52_M5cEF9LYdQ,Sue Shin,https://play-lh.googleusercontent.com/-1gIBSMHx6zI/AAAAAAAAAAI/AAAAAAAAAAA/AMZuucnW1u5MEQkDMVadi9i1sCFikhlwFg/photo.jpg,2yr old loves it!,5,1,1.1,2013-05-04 22:59:20,,
gp:AOqpTOH0KtG-4Xzs-sNwxdph8Z-Qj0thVTuLltxkYIYFn5Wreyr4UcPxB5LsctmcFW8tTTHNOirjv3Xu0Wj2DA,John Flammer,https://play-lh.googleusercontent.com/a-/AOh14GhgPbMWoB2rnYK-m7NCqYvX1YcBd-qRcGM81W31vf8,Needs more content but overall one of the best I've see so far leapfrog needs to pick up the passe,4,1,,2013-03-31 15:43:38,,
gp:AOqpTOFlkyQ203bbyjyBa6m2jWLECOEfYdtwlVCm2K4MAvyBFP9WZpZY7PHyZyk2nUcROTZS5-sTKa1BoOp0lQ,A Google user,https://play-lh.googleusercontent.com/EGemoI2NTXmTsBVtJqk8jxF9rh8ApRWfsIMQSt2uE4OcpQqbFu7f7NbTK05lx80nuSijCz7sc3a277R67g,My son who is in special needs pre-k really enjoys it!,5,0,,2013-03-28 21:10:44,,
gp:AOqpTOFX-ofdni_Svk_QHF2s51to0OhmDAxTPuIMnuEXDgc-wBd2RsZbznpd5p6pHl1l2ORbUvhCatT2tFp4xA,Djuna Martinez,https://play-lh.googleusercontent.com/a-/AOh14Ghr1-Ykd5vMOJL95w3dAz7muVYLROpGBHMDPc-hOA,This is a great app. There are a lot of different learning games that are simple and fun for toddlers. It even has nice music to listen to rather than annoying sounds like other games.,5,10,1.1,2013-03-28 15:56:56,,
gp:AOqpTOEKe_kgj7bosNLMoU3TPBlFvjKHGXR_3ijpMGZG3Dbu7g9PI5ysJBkUvbsAA6FgA0u8KiMZFO2m7JTm2Q,Dionne Shaw,https://play-lh.googleusercontent.com/-f9boQngs3jU/AAAAAAAAAAI/AAAAAAAAAAA/AMZuucltjPkAbYAKUaIY6He_nKrzM9asoA/photo.jpg,Brilliant game keeps my son entertained for ages x,5,0,,2013-03-18 03:40:46,,
gp:AOqpTOEDFA_yRt3L3aw0MOCJ4Fz_dlacedyqH98rGlzH3o_Xxi-VW9vAxY7bKxnJzajkXeTFPTRDiNmOMKWytQ,Jessica Gregory,https://play-lh.googleusercontent.com/a-/AOh14GhwK1aOA4_Bgnt88RZ7NWKSlMcEBX-Sg2nuVkg2pSo,My 3 year old loves this app. I love watching him play and learn. It can be a little glitchy but overall it's worth buying.,4,4,1.1,2013-02-19 15:50:11,,
gp:AOqpTOGyU4UqqPsvu3utnoSqc4Nl3AR3qJ0sNop3GAZ_YPiUwmTaGEyBAKFcrCpfRFrFx5Mnfng2f8tQPW8gpg,william smith,https://play-lh.googleusercontent.com/a-/AOh14GiV5fyqviupobw0w9BGDly3tx6mw3ROte9H47s24o4,"I've installed around 15 paid games for my 2 year old in the last month.   I'd say this is the best because of the variety of modes.   One slight improvement - in the ""match pairs"" mode, you have to drag items from the bottom line to the top line. Why can't the top line items also be dragged down?",5,9,1.1,2013-02-18 14:13:10,,
gp:AOqpTOFdcOsDQODWxDNd6MtuAEgm7DGobaJVdVhupEeMvvpiKsHSj-XvXHPItpyHOU0nZsMeqqw4Bnx2k6-J7w,Michelle Estes,https://play-lh.googleusercontent.com/a-/AOh14GgBntgPLuYJnq4Iy-mdZIqk29HVYIHubKzEmYVvkA,It has everything my kiddos want & need to keep them occupied. Great learning app. Worth paying for!,5,0,1.0,2013-01-27 12:37:14,,
gp:AOqpTOFcygfdkY_hzY1e2twL5N9YwRs49bVK1eSrtMJoyuaGWKifgNPh3-UTBxQwfnUNUlUQdfJzJQz8inx7IQ,Julia Weber,https://play-lh.googleusercontent.com/-0GSvOrtFBUg/AAAAAAAAAAI/AAAAAAAAAAA/AMZuucm9U_OD65AhlI91ZX5XGN41c82S9Q/photo.jpg,This a very useful educational app for kids. The game has child friendly interface with intuitive controls. Perfect app to start kindergarten. Definitely recommend this app for kids. Worth buying app!,5,2,,2013-01-26 22:56:03,,
gp:AOqpTOEAob2Doy8gCmYF6dw4__ozHVxbQoB6jhMDYbFL0C_Rs_vH-6mVIi58_40HYuVdPSjAlrAbBoYHvM8-8g,heather Garcia,https://play-lh.googleusercontent.com/-uI1oUX3BP-s/AAAAAAAAAAI/AAAAAAAAAAA/AMZuucmkrrC10OB6ECqxQMoBuJbPhGQuxA/photo.jpg,my 2 yr old loves this game  it has taught him a lot!,4,0,1.0,2013-01-25 16:09:01,,
gp:AOqpTOFdZ5gqns2X9wlkg7gklwMEpTM4c8xOm3llz74XICc1QNJFHuYtCGx5REy-T2GyTNrSv7Mg7vntIhBs1A,Lutien Suarez,https://play-lh.googleusercontent.com/-jDrsI2bnMSk/AAAAAAAAAAI/AAAAAAAAAAA/AMZuuckEXQufY8BRDZtBrcf2lp8taZm82Q/photo.jpg,This app is wonderful! There is an immense number of educational activities and all are very easy to work through for kids. Great for parents who appreciate multitasking!,5,1,1.0,2012-12-18 09:22:05,,
