reviewId,userName,userImage,content,score,thumbsUpCount,reviewCreatedVersion,at,replyContent,repliedAt
gp:AOqpTOF4s-TxUcEYs6OuS7YRWohEig2RH4Zo7kbOQFAupR-DM9sq_rR-eJaMFM8ZYd59w56YEGtEqJ6YCNy3ww,Cameron Frost,https://play-lh.googleusercontent.com/a-/AOh14GhQ6_9CYdueMEi6j78DZSSj3cR2sUPvqLYLzo0IhA,"Great app, but my children now have their own accounts and I find this is not eligible to become part of my Family Library. Devs could you please allow this so I can give a higher score.",1,0,1.0.3,2018-01-08 20:58:04,"Hello Cameron! Thanks for driving out attention to this! We'll pass this information to our development team. If you'd like to share more ideas please, contact us at info@kidsacademy.mobi",2020-06-25 03:45:39
gp:AOqpTOG_wrzbe7j1F__QFhh0wKX37K6YkGy8xOzTn1-c_XGTJ8q0AL_-we6sgfkbSbh2en-10or1wkNABh3q7g,A Google user,https://play-lh.googleusercontent.com/EGemoI2NTXmTsBVtJqk8jxF9rh8ApRWfsIMQSt2uE4OcpQqbFu7f7NbTK05lx80nuSijCz7sc3a277R67g,It won't install on my galaxy tab A ! I've already purchased the app but it just won't install !!!! I've even sent an email regarding this but to no result 😒😠,1,1,,2017-01-27 05:32:33,,
gp:AOqpTOGKUSMO_h87qB-o-nOZltZMUjlktDnhlqmfbUJqNveJTeWOn8wnLNs7EHj0bbAou0C43X92EobHlXlvtQ,Julia Guenter,https://play-lh.googleusercontent.com/-zgO1OCECtfA/AAAAAAAAAAI/AAAAAAAAAAA/AMZuucnkQYTDGm79Px6YPROe2DXKAbXaFw/photo.jpg,I just paid for the full version and when you try to trace the letter 10 it only let's you trace the one and freezes when you try to face the zero. Very dissappointed. Wasted my money,2,10,1.0.3,2016-07-02 19:56:06,,
gp:AOqpTOEWPYRkuo9F0YC6Z4CdjX7_D0QrMjSOdUHjFDiebQpPBwa1Srf0SWa0Uh8i65wAIiJK1riOyQHITd-CiA,Christy Garrett,https://play-lh.googleusercontent.com/a-/AOh14GhGVrVBaWBp9m3AuIVmV3fAGydOHFEUWp9zsvU,I love that my son can spend time learning how to write his numbers properly. I spent the money to purchase the app so that he would have access to educational apps on my phone and his tablet. I want him to spend time learning instead of just playing games. This app accomplishes both of my missions: to keep him busy and learning. It is great for keeping him occupied at the doctors office too.,5,17,1.0.3,2015-10-13 14:12:33,,
gp:AOqpTOFpgY0wemR92DB8t4t-_KHFt5gyICG4ijZf6ovxtC_FPJdI6EO3w3z6n_ZnDZo5J3yadeddkkijr5D-uw,Pamela Watts,https://play-lh.googleusercontent.com/-RliAWi6zd3Q/AAAAAAAAAAI/AAAAAAAAAAA/AMZuucldOUsleCq1_-erHAcPiwhCKQnWmg/photo.jpg,"I'm still trying to figure out how to create a profile for my kid. The app picuters are misleading, I thought I was getting letters too. I paid $2.99 to get 1-10 which is garbage. And because this is a stupid android tablet I can't see the full screen because of the dumb bar thing at the bottom. I hate it.",1,3,1.0.2,2015-05-19 08:40:04,,
gp:AOqpTOGSo7zgYjS8QNdLV1VnN0O7dBisjIcGESlzdzrFRBpOor2tOI6701D7s8WS8_FvJ1VVEl2kiwFop9g7ZA,Tonya Brash,https://play-lh.googleusercontent.com/a-/AOh14GiXctpHSsd9sCzU48_3-ecKWAZYPjZfyeKKC3qVUA,"I don't like paying for an app only to be bombarded by advertising for other apps by the same developer,  especially when it's my 3yr old daughter who is being bombarded.  Remove the advertising and I'd give it 5 stars.",1,2,1.0.2,2014-09-13 13:57:35,,
gp:AOqpTOGgF1Ufm6tgGxvwP3WXcaUDdEIkKC2wY5eGHI9M-uYTc-Ew3bJt8UZKdYB7Wjtzfkw5wjFbzUJ6Q3oETg,Mecheel Casenas,https://play-lh.googleusercontent.com/a-/AOh14Ggm7fzhXtg2UBLsNnAw79ZDM-UpbnJPR9PEmV4U_Y4,"This app teaches basics math as easy as 1,2, 3 in a fun and interactive way. Number Tracing improves the child's fine motor skills, while they master the sounds and phonics through the crisp and appealing voice of command. A great app for toddlers and preschoolers while they play, they also learn.",5,0,1.0.2,2014-05-08 15:13:46,,
gp:AOqpTOGZBHwdh22vupAq9nkoBo4ChTeDzFkgrbIzcU21JLhpo-NtkRBace1VTCLUQp441DOiOHs_hssxSG2Ftw,Katie Oberlander,https://play-lh.googleusercontent.com/-QshKe7G7sGU/AAAAAAAAAAI/AAAAAAAAAAA/AMZuuckSpwetr6LbN_lurqzATWoySgMquw/photo.jpg,Simplistic. Not worth the money.,1,4,,2014-03-18 16:47:55,,
gp:AOqpTOHee8kMW7WGFHAdbY4DLQuoEy_vZZ-zeiTIgwQYEVzGrfMuAFroO75apatiXh5mP9I1nJOX-o_z_I2D-A,Tri Nugraha Setianto,https://play-lh.googleusercontent.com/a-/AOh14GiYyY3Ch6cTyNKiHHF1kpzBgpEepHBuAtx3Yisx,"screen is cut on down side. need to fix it. But, this app is very good for my child.",3,1,1.0.0,2014-01-04 07:40:59,,
