reviewId,userName,userImage,content,score,thumbsUpCount,reviewCreatedVersion,at,replyContent,repliedAt
gp:AOqpTOEsOhTAa27JepPLhOrL83zUqK3kKDc9G4__Tr1LmQeq-9869QYwpIWTiYux7Xvy1b7G3LFBFAktG4gGQA,C. Castle,https://play-lh.googleusercontent.com/a-/AOh14Gi3Sl1bK92gVKSjd978w0BmdSw3vfxATottpQgWtQ,It is soooooooooo funny,5,2,1.1.19,2018-08-06 08:19:00,,
gp:AOqpTOEuMVABT4DWD1ssq7F_Thwjuh52TfRKj8b6z6bqRMZlRLylEplsVkl7vvFTScon65UUTH7FQHYWk5Ii6Q,A Google user,https://play-lh.googleusercontent.com/EGemoI2NTXmTsBVtJqk8jxF9rh8ApRWfsIMQSt2uE4OcpQqbFu7f7NbTK05lx80nuSijCz7sc3a277R67g,Fantastic way to learn times tables,5,3,1.1.19,2018-05-08 11:39:03,,
gp:AOqpTOHBDhjQdoVc7tYZq-NAsmN9v3NCTC2LW_3GFr2_Aw8DvWgWq_Q82IbqzkoKpkOgCMB0lE4jcNaGtR5_Ug,ShIsHtAr jAzZy,https://play-lh.googleusercontent.com/a-/AOh14GjSQxQu-hSe1BkvPTgRvHCOrHKUzaUDz2hc2nj__Q,"It's annoying! There's always really iritating noises while I'm playing the 
game and it's supposed to HELP you learn your times tables but it makes me 
forget them!",1,2,1.1.19,2018-04-26 04:30:39,,
