reviewId,userName,userImage,content,score,thumbsUpCount,reviewCreatedVersion,at,replyContent,repliedAt
gp:AOqpTOEpWx6Z1T2Zt9CxJUimAk0d0dWHs3cBgKz16k93EM2GV80NyBHF6Sfk5LZDIDuabqjKgF4PD7MUZ8wg9A,Pakyution Channel,https://play-lh.googleusercontent.com/a-/AOh14Gj8JnFR_uUUnexvYs3m7sA3URBHyMXx2xB2YOGYoQ,Good Game,4,0,,2021-02-09 17:06:52,,
gp:AOqpTOGbXtbWBd9OTQ_BOFJDYSDm7p3qB_bxdh9AmIwdU-o0s5Fe2p6D54Z4Hlk38c8uIQneLdeGYaVX7QRaxw,Realm Michael,https://play-lh.googleusercontent.com/-eLKj8AvTYVY/AAAAAAAAAAI/AAAAAAAAAAA/AMZuucm77y5uDK-RdrhhvGnI0w2Pq4VcXg/photo.jpg,Worst game ever,1,0,1.1.138,2021-01-31 16:27:20,,
gp:AOqpTOFM0sxNzr58yjqRo1KyoboiuTZXcy4Go5WLnf8m9fEdGNzK3nwyPYZH5ndQw4K8hze9C9fYf7lWUaTX2g,Tom Nash,https://play-lh.googleusercontent.com/a-/AOh14Ggtc9c6Dwgsu5HuFkYMyYKugY3WPfR5aDlW3rmb5kA,Good effort but not quite there. It's not a polished game but i love that someone is trying to re make red alert.,3,7,,2021-01-08 01:48:27,,
gp:AOqpTOGurN_ILwMW0smDk-iI4s8PuRqDHzcXxcxXm6p5JSxiQ9bj06smcOrl63YF4KnBB9iPGPceZj3fnEeoGQ,Ray Wu,https://play-lh.googleusercontent.com/a-/AOh14Gg95Gl0IdvKEk9tsMnNVkYqsD9Qv4ur01S2QgA1,Bugs in deploying buildings makes game impossible to play but you become defeated. In freequent cases after building is ready for deployment it disappears or very far off to the edge of the screen you would not able to click and drag back into the visible regions.,1,11,1.1.111,2020-12-05 20:46:02,,
gp:AOqpTOHaORgIkgBplciu8z5LZu2NIXCH4Ni44LSNXN4komEq-wm0InJ6Q1s_lgpntdrGqZ-zROrZ5ziMZvYaSQ,Taufik Rahman,https://play-lh.googleusercontent.com/a-/AOh14GiAn4PVruGOZlp7lgaBKtS4J4Dn07LhOLNR40k3,Zhitta,5,0,1.1.71,2020-11-25 21:31:55,,
gp:AOqpTOGD5y8UgLvUzhDzh2QpHX05YAXIVD0KrdouSSGe9GZdv_Z3W9W_W5MGn7_jZR9Eh2B88C9Tp1RJc26xHQ,Gareth Evans,https://play-lh.googleusercontent.com/-HqTpOViqkBU/AAAAAAAAAAI/AAAAAAAAAAA/AMZuucmxYAYZM858SjgyBX2byo4zT6UbVA/photo.jpg,"Might be ok, but first level is awful. No instructions and little guidance. Deleted after a frustrating 10 minutes of not getting any where",2,7,,2020-11-07 18:56:33,"Thank you for your feedback, I completely rewrote the company for the USSR, after making it easier. Please update the game",2020-12-12 02:11:32
gp:AOqpTOGHNHuQVzHcGBz1y7BY5E6YUnTEu6cJwhJnSplzYgZevSC6Qd4r8uUpJ9lR0LB0uHMR3DQFPqd4P0s-2w,Sina Khodayari,https://play-lh.googleusercontent.com/a-/AOh14Gihb-73lkv82AMWoirXoAfPHZCq9PiXJ7HC0cpUlg,"I have samsung z fold 2, and i can't play simple games . Game needs an update asap",1,13,1.1.63,2020-09-27 16:54:24,,
gp:AOqpTOGxfDAMk3dsPdcjMtNqnvkHsaeL__19OaTzNiSTyjwcP-AglUji76WGRS9GGhUkryHZ68mHMmJwnK7Jew,Murtada Sahwan,https://play-lh.googleusercontent.com/a-/AOh14GiAzh4ucryF9NcPovXohRuW5Mf6VfgbqBt3NyUgQQ,"Despite the few bad things in this game, gotta admit whoever love RTS games must have this, i've bought both this Expanse, a real premium strategy games like old PC rts. No IAP like new crappy rts for mobile. It's all about fun and have a good game.",5,14,1.1.41,2020-09-10 18:55:02,Thank you for your good feedback and for supporting us.,2020-09-10 22:07:19
gp:AOqpTOGMXId4fU4db00q6pgRnMXCt326pRbZkVDs56HwgV5-Hkcg88pLvCA4KTtFMaV3G4GanD_CsdFU75dugA,Tino Cane,https://play-lh.googleusercontent.com/a-/AOh14GglQzVSVqOI4NyDfKmI7L_UikMxjnRrlxZIuStHJw,Good game if u miss command and conquor,5,0,1.1.11,2020-06-25 22:48:51,,
gp:AOqpTOEHKO1EYrBH0NCCIErgtD94tcrxbd9yvJZcQwupYH6D4-AzE_ReAfCWqqLA1PPvGO8uejegRRa69_PnEg,Joseph LaCass,https://play-lh.googleusercontent.com/a-/AOh14GgYA9q_QtMsEjxgrx2V-PBp96cuWJrAQqt1z1NO,Awesome,5,0,,2020-06-17 07:38:33,,
gp:AOqpTOFgty4Ndi61KMuCbRDtSh9iTs7DYhaPOzvIhOKp4DkUrjYxK2XYEW1t1jAzNjCX07BbT1gKGoGKK5iqYQ,Muhammad Shafuan,https://play-lh.googleusercontent.com/-ejD-iXtJqxU/AAAAAAAAAAI/AAAAAAAAAAA/AMZuucnIgYN_lHUNYJhXd84GOHgjPzlDOQ/photo.jpg,Very suck game..always lag..,1,1,,2020-05-29 06:59:19,,
gp:AOqpTOHPa4SGesF0tPHwThSXG0A1iXiaN2kZMqbLl0jC_XJ4YvfjQXukUil8mupbiNmIfWkkFplBeOWkLXkcrg,A Google user,https://play-lh.googleusercontent.com/EGemoI2NTXmTsBVtJqk8jxF9rh8ApRWfsIMQSt2uE4OcpQqbFu7f7NbTK05lx80nuSijCz7sc3a277R67g,why i dont get my rewards when i get a victory and when i play other people they have those perks? The get button dont work period. I love this game but i feel like im getting tooken advantage of. Still need those perks they be lighting me up dropping packages.,5,3,1.0.987,2020-05-14 00:36:32,prizes are not given to anyone for multiplayer games. I have not completed the conditions for obtaining these prizes. I'll try to finish next week once you reminded me of that.,2019-01-13 09:37:44
gp:AOqpTOFvejAL8Sgcj7uwaFT2mJBFD2d1ESb8SPAu3tbnFuyjIJWwAWrCz78W5XB88M886_udSLVhJI6Ydoz_Ew,Thisisnot Matthew,https://play-lh.googleusercontent.com/a-/AOh14GiUnXlFu47Cq-YIwc7zhyxH0mKcB061JnevcrJe,Pretty good throwback to Red Alert. Miss the old sound effects :) Controls sometimes a bit fiddley but manageable and I'm hooked.,5,32,1.0.987,2020-04-25 15:40:32,,
gp:AOqpTOEDSiaDDEYjp8VBtQXGAo5H9PsIuaoIcyDpMWxDKQDkfIElq2qwA8kWBALvYHRc89r4l25l0QCOtpdJaQ,use. adblock on my channel please,https://play-lh.googleusercontent.com/a-/AOh14GjlZe58d_OFzHX8Zr6u7Hcr1ZeP1UeNVdyQs-Sinw,"English language absolutely sucks, already put off from playing it. Not recommended for English players, if I paid full I'd of refunded but it was only 70p.",1,24,1.0.976,2020-04-13 13:12:58,,
gp:AOqpTOFi0FEAkZHbvgMSjZZOxJOh7HCmA0VwWjmEqhbPlv43KPTYqnv5D5dL-13BMIhAaCxhS6hC1Cgfo1SkRA,#escaped dangelsen,https://play-lh.googleusercontent.com/-GvUdPAk42xk/AAAAAAAAAAI/AAAAAAAAAAA/AMZuuclTxzw2M7KmXsRfTUjRFgOua9hhUQ/photo.jpg,Just wish there were bigger scrim maps,4,0,1.0.970,2020-03-08 21:06:43,,
gp:AOqpTOHjDSoYVePL6VNJzycAzZVI_hcugDYC7ThI3hfMr0qJx0p5s6leKnXD6KL7uXFPa90rFjvbTTfFEP-b8Q,Joshua Biete,https://play-lh.googleusercontent.com/a-/AOh14GgqxNSKJ4oOzbYIuGvi5cjoyotolFmpcdd5NCVQ0g,It needs so much improvement 1st add a patrol button so units can patrol certain areas 2nd you need to make better graphics not 4k make it just perfect to be easily understood 3rd add more teams like japan russia alliance add more 4th why there are no normal troops like a normal rifleman why a tesla man and lastly add descriptions to the buildings troops upgrade etc show the maximum range of the turret dont make it so that people will understand it manually this is a paid game,2,19,1.0.969,2020-02-28 00:04:46,,
gp:AOqpTOFRxI8yYGVF4YHr74hYoNOjAwFLVLMdI5p6Emf7pBbTdHlwhdAXpDf7zeRqxl3KxY8c2PGjnLrf3L5tEA,Adam Underhill,https://play-lh.googleusercontent.com/-yDAGKZwDrG4/AAAAAAAAAAI/AAAAAAAAAAA/AMZuucmm0aAg_3WPbMqjff964XpOewFZaQ/photo.jpg,"Reminds me of the good old days playing command and conquer. You need to buy the upgrades to get the most out of the game, but they are inexpensive.",4,13,1.0.970,2020-02-23 08:24:50,,
gp:AOqpTOHxnmSbIQHQRu-gfoWUz9uCUJ0FCquCpyHzpx5oVVMDePbKTS0kZzSBCATijNeX2rIYSyxVEjqJtX1saA,Eugene Olsen,https://play-lh.googleusercontent.com/-riSRcCYoUgE/AAAAAAAAAAI/AAAAAAAAAAA/AMZuuckk6bbGnQpV4spe0SAWe-7tQ822Ow/photo.jpg,It's just like the free game do not buy it's a waste of money,1,5,1.0.969,2020-02-10 16:46:04,,
gp:AOqpTOEeYCOR2KD6lllOjOKnE3m_newPj6biAC8OUoQrQvPw_WIxSww6FS9RO0pKKhU1bRIotu8MRF5IjeXwUg,Brian Dunn,https://play-lh.googleusercontent.com/-Ui5zlPcMhCc/AAAAAAAAAAI/AAAAAAAAAAA/AMZuuclzQ5zVWwVTYa5h4ZhUsUY3dY8xwA/photo.jpg,"Decent enough deff alot like the old C&C Red Alert. However the troops u build sometimes have a mind of their own. They also ignore terrain sometimes, which can screw you in pvp games.",3,11,1.0.969,2020-02-05 11:56:39,,
gp:AOqpTOFIvZrIpoPlw1GmxGTklvGWD1sB8kpNDRqouUQo4B9vN502HPadVoOjLWS0JSAVE44A06EslH2_FRBFaQ,Brandon Otto,https://play-lh.googleusercontent.com/-xlaNmLYaVis/AAAAAAAAAAI/AAAAAAAAAAA/AMZuucnAUrCmXa7IXHkCuDjOy86E4uZnpw/photo.jpg,reminds me of starcraft it just needs some fine tuning for mobile application,3,1,1.0.966,2020-01-01 10:15:27,,
gp:AOqpTOGSCFYV0CiqUuHx0go827KBzcPEaI46x2dfjAXtwyxauBoI2Q1XwNF_KkJxf5dKdbo8XKlZecHLM8uOtw,Gollum Skywalker,https://play-lh.googleusercontent.com/a-/AOh14Gj11Iugo1EYAORkP-6jeF5TfNEU-GJ674U9PFtv,pls add more ai in skirmish team mode.,1,1,1.0.966,2019-12-30 02:48:43,,
gp:AOqpTOFVtbYYBgr-Kr4sBCP5JyMKmumXvK6hgAJ61SV8xsM2ZRjtZVHFrGgkn-4o1APgOmE8pioXOIoNxyncDA,Sailor Popo,https://play-lh.googleusercontent.com/a-/AOh14Gjy5lIH9h0dbbkZWE66wxt1VGJIoqgTdJ7hb3wluQ,You have been true to your name! This game is utterly Garbage!,1,1,,2019-12-29 21:29:12,,
gp:AOqpTOEKm_Y00F1iuZHPnAHZrLj6lNy7LLX5jDwm5ELKk9WM-uBWoyUIe3LyjjcKdRPvoQ5TvpYOcXAxJN4mzg,muhammad naiem,https://play-lh.googleusercontent.com/a-/AOh14GiRADpxd3rPUJCyoQ8twgzQk3XGSiuYanIPVV6iKg,The game have serius problems...it always say sync error and always slow fak it!,1,2,,2019-12-29 07:37:55,,
gp:AOqpTOG_cRohQdCZI1YYyhY94tYkWXklmEirR1-fBcPTB5FJK3VDkh-A7ipu4jQADBQIqSFE50b776V5GAxQgQ,Michael Allison,https://play-lh.googleusercontent.com/-Vsc62ioz_NM/AAAAAAAAAAI/AAAAAAAAAAA/AMZuucn-2Ujvpl3gT5PRJMR7yGL_2dbl7g/photo.jpg,*Needs a glossary*,4,0,1.0.956,2019-12-13 17:49:22,,
gp:AOqpTOGxZq6RKJXP1gMMzPSRKI35VZp3blIXxCEoWVTxS76-PsAT28Jt-KMMDuNpxqF3eiYdchlRF1-tWlg8RQ,Kyle Sickelsteel,https://play-lh.googleusercontent.com/-aIeUcnvx6Z0/AAAAAAAAAAI/AAAAAAAAAAA/AMZuuckUuIaAQgEn4EQn4PaQ3bzSQpntJg/photo.jpg,I like rts but wish it was a little more infomative in game about what everything is when you're buying and not just a picture,4,4,1.0.956,2019-12-11 15:44:19,,
gp:AOqpTOHpcC9Jb9pWlliO5bD1OaASIcznAqzmXlIcPWghhbat8pYfc4Ri7_Rw5CCZRWrpUKhf8Pi6T87gcH12bA,Vinh Dương Quang,https://play-lh.googleusercontent.com/-z-XyGw45Lnc/AAAAAAAAAAI/AAAAAAAAAAA/AMZuuck69emDYRkc65PhCXysdOFf9azlpQ/photo.jpg,Good game,5,0,1.0.956,2019-11-15 23:17:10,,
gp:AOqpTOEez4JjVqRocYteBcNgXBLrAcHnNvs39AB3RhGORQkNpYgACNNdSnQJaYjLloxAYOT2f1FSXmVNX-JN5w,Luke Edwards,https://play-lh.googleusercontent.com/-SISLl-eFeTE/AAAAAAAAAAI/AAAAAAAAAAA/AMZuucnJCtsyqlkevV6-cOuhIHBQR16oHw/photo.jpg,"The game wont let me progress as it keeps saying no internet access. This is very frustrating as why need internet to progress through game. Also, I do have internet.",2,7,1.0.956,2019-10-10 00:51:41,,
gp:AOqpTOGm4VQiBTjQ3qejCG1GfGVjxMwfB6Pe5DPp8bWFM_iqaGzUpQFgPPNvfIX7MdaADoA_yy8eT7Fabqcvwg,Evil Satanson,https://play-lh.googleusercontent.com/a-/AOh14GgeW5e6Si69lRvqgw-uJtQOxfT6RBE2lJHWadZjFA,Что так сложно?))),5,0,1.0.956,2019-09-30 17:17:37,,
gp:AOqpTOHei-W0G5FtaQ17YtwV7H6ERgeXNNJG976UiysThQKYiIuIXW_-h5waHPJ_penv7XI8y-ZbwIJbFnMaqQ,Patrick Stratynski,https://play-lh.googleusercontent.com/a-/AOh14GiQd5-AQIn66lXB0Qnn3mLstveVCMeRJN4aMSXrQQ,Like I remember. Awesome,5,0,1.0.956,2019-09-17 02:36:02,Thank you.,2019-09-21 22:41:01
gp:AOqpTOF3Y18UItEUHhXb3O6-dxrRRSg-zA40akSaxvao7ie2NVFOZteST9JVJPrKewO47rrcoyF4FBYFDEEeeA,Mohammad Omar,https://play-lh.googleusercontent.com/a-/AOh14GjJxLKgWlzn3h4KCf8y1If4F51dN4DoQrd3KEuFZA,Ugly,1,0,,2019-09-10 13:33:17,,
gp:AOqpTOFpjpoJczF_pXn46bekIFmjIjJJihuS7CgvykBii_wYp50fm6RWWw1whn7rhK6YpQpZzumQPBhJ7ZKQmQ,Dinko Degmecic,https://play-lh.googleusercontent.com/-n2hkyneA_E8/AAAAAAAAAAI/AAAAAAAAAAA/AMZuucmqy0J2VU9cocaTYkzp5sCqYT4SrA/photo.jpg,Super,5,0,1.0.956,2019-08-28 17:27:52,,
gp:AOqpTOGnqj7CVA7fdDVV0mmNC2us2EBk25_l1rK0R_ClIi0vre8Y-x67DSTqpWLvVrb1Krh_bHgLfIeADrMdRw,Jeff Ruch,https://play-lh.googleusercontent.com/a-/AOh14GhxsOeI2hbdAZAjXy0ZKgUKRu79F4eg5Ky--se0lg,This game could be incredible but it has unit selection bugs. I really think it would be worth your time fixing this big but yet small problem,3,1,,2019-08-13 19:30:04,,
gp:AOqpTOGzQs5I8fcqQZNKV4HumVcg-oGMrRbh61f_dqkevCjyBIfaE1ka9E0aQ97mel-VCvvzzMZXpcJ-XtbgAw,Steve Rogers,https://play-lh.googleusercontent.com/a-/AOh14GhisALgcELYqGL4S_1dYLl3PaAq4Rj_ZfpQ7rCM,"Even after buying it, you still pay to play.",3,2,,2019-07-17 08:23:31,,
gp:AOqpTOEyAY-6Xbm0gvAJQSrETCqwz0b9GUK0_UwESdzda0IK31KNleeC1FntD3oiBRzkN0Zt5HIwdFAo5aTTdw,XENO Dread,https://play-lh.googleusercontent.com/a-/AOh14GgsceI33rpV8Pu6AnroGLcSLjrP_TW_gPks_mn5,It's a great game but I noticed that in the campaign info in the beginning and maybe through for all it says fractions instead of factions just wanted to let you know otherwise I have nothing to complain about and also thanks for making such a great game!👌👌👍👍👏👏🥇🥇✔️✔️✅✅☑️☑️🆒🆒💯💯💎💎👑👑❕❕❗❗‼️‼️⭐⭐🌟🌟💫💫✨✨🌠🌠☄️☄️🔥🔥😎😎,5,2,1.0.956,2019-07-02 10:24:20,"Спасибо за отзыв. Очень рад, что вам понравилась эта игра.",2019-07-10 22:54:37
gp:AOqpTOHNz9WspVyODel30svKC3y8Q2LMsJDrAwRGydl2OxXHTTyzv-qxc4GTBVhnwvdYyYMrogmxDT0VPD3RjA,Naing Uu Oo,https://play-lh.googleusercontent.com/a-/AOh14GikWDeBCNKFap37mYKibtGz2vdiVRQUJXFxM8X2,I cannot play my j 7 at limited time mission,1,1,1.0.956,2019-06-22 04:24:26,,
gp:AOqpTOG6bb-xlLOZ1mfPfCRbKhImFR7uPqNN_vKK8tvL6rxiAgudQzHQ2Z3r8LcPThDIXAtaFuZp0-T_D_CH2w,Rif Danial,https://play-lh.googleusercontent.com/a-/AOh14GiODhUHhshRPh_ZgjFNdbKXmtedp3d40UmkU8qRvA,kenapa tentaranya suka nyerang sendiri tolong di perbaiki lagi,5,2,1.0.953,2019-06-21 09:40:59,,
gp:AOqpTOEgauGccLh70Px4hRbZJSGHcZEz9VEJL70pkfUV46G4CKJYRx_qfG0ZdsfKXXkZeG351wzIW3fjMx5zrA,Samuel D,https://play-lh.googleusercontent.com/-kon8skkRSk0/AAAAAAAAAAI/AAAAAAAAAAA/AMZuuckZ2Fcu4musHeJltpV68QylfRIFKw/photo.jpg,fun knock off command and counquer red alert 1 which happens to be my favorite. needs some bugs worked out a little more interation between the fights for example the units turning a little better while shooting eachother and more other then that good work.,4,31,1.0.956,2019-06-20 13:04:32,,
gp:AOqpTOENCX1uZlmB3XlBex6jJgQzC1nSllCDzoz9FfCk5V8P736_fSHd2TMv2BLdyZ11a8UGiNm-z42egFrUjA,Dane Gerrald,https://play-lh.googleusercontent.com/a-/AOh14GhvLlNiSpORvpZQ4shNSdjBD_xRKNvHeAnYfgUGzQ,"Command and conquer, awesome on the note 9.",4,0,1.0.956,2019-05-11 21:38:24,,
gp:AOqpTOHQl3IgzGBeevyiTK-udxlN1oomt8y8Cvlvw_c5fGcWKsald1jmKaj_yvuFVXzLG8hswr-hRs1Y7vvz1Q,Kurt Harrington,https://play-lh.googleusercontent.com/-ugHFNv-G0RA/AAAAAAAAAAI/AAAAAAAAAAA/AMZuucmGvgqysK5uivNSHW_yz_UKtCKrgw/photo.jpg,Great game,4,0,1.0.956,2019-05-09 00:16:26,,
gp:AOqpTOH6aQPhO84avqEhBFjy-wi5ULX03SOQ433eDdv9x3mAkpt23hDZLS1ioOqOMuugf4L9bJJ0OQaJ1l_yTw,Corey Gildersleeve,https://play-lh.googleusercontent.com/-XaOO12-elIQ/AAAAAAAAAAI/AAAAAAAAAAA/AMZuucm4WPnZVjZBEguup9SLz6GB_7gfwg/photo.jpg,"Fun game, some tool tips on what does what would be nice. Often won't select something that i tap. Gotta do it 20x before it will build as it seems to think I'm scrolling.",4,0,1.0.956,2019-04-21 06:07:54,,
gp:AOqpTOHDgpcjZelzQLpb5glIrGnVWS0c_zOeuee_5ij4lKInzRoMejbYwkdEQ-d8PpcWTpYIQkLJg9gNQCvAzQ,Chandler Raines,https://play-lh.googleusercontent.com/a-/AOh14GikqIlka9I0NejJeSK0PL4IF0d8yahG6XZxF5xoUQ,rts games suck on mobile just wish EA didn't cancel the CNC universe,2,1,,2019-04-20 02:15:23,,
gp:AOqpTOFaGlFjzEEhqXjbb7YEClTSSuzZ_mO_u1VGL0dsbcnGWwZGgAYl8g0o_r6BkaqN25tbHDUeYqnLZ5GhPA,Clinton Shortreed,https://play-lh.googleusercontent.com/-syAcodfHML8/AAAAAAAAAAI/AAAAAAAAAAA/AMZuucmPF_2lSoiurByPr-KZ48YPRqvXDg/photo.jpg,great game I just wish we had more maps,5,3,1.0.954,2019-04-09 23:16:48,,
gp:AOqpTOEMdobnCXCMK4C_69Hhe5EfXQF8ywEGFq9jMndGq-026RY9l-o0TxnaFKdgLRd306hRdjWvdGnZSYagUg,Jonathan Dominguez,https://play-lh.googleusercontent.com/-1zmotDpac8s/AAAAAAAAAAI/AAAAAAAAAAA/AMZuucl40_2zMBVQVmK-M9dSq5AZE491sQ/photo.jpg,I just wondering why some players already had advance arsenal in an 2min mark of the game.... Is it a bug or a cheat.... Kindly response cause this game have a lot of potential if it makes a fare game,2,0,,2019-04-09 22:40:49,"you can view replays, multiplayer - top 100 - last games - select your game - replay and then understood cheat or maybe experience",2019-04-10 09:14:12
gp:AOqpTOHvHYhM3Xa4gO8BSU3DxKCfKUKB7OUCAPBL1pd4-cSS6N_e1oeQmBK3bNl4WhkzFv94RlfrtiM059060Q,andrea mosquito,https://play-lh.googleusercontent.com/-bpp2Xkb9Vu8/AAAAAAAAAAI/AAAAAAAAAAA/AMZuucmFOJeJH7F1EEWP0ezrT4IactOaRw/photo.jpg,Pls.include tutorial for this,1,2,1.0.953,2019-03-20 20:33:34,,
gp:AOqpTOG1s1MHoaWqTEqeZk03oTsAicbGf54M7uMODgwGU5lLA0nEdyD1km0tG7SNBQb7HjTAqn9-MQcQp2n2Jg,thek thek,https://play-lh.googleusercontent.com/-727f5PmDZ8s/AAAAAAAAAAI/AAAAAAAAAAA/AMZuucnMQ1EXFx4R-gbLNaYrrkXHswLx_g/photo.jpg,Could be so much enjoyable if I hadn't to fight the controls instead od the oponent.,3,0,,2019-02-26 05:49:21,,
gp:AOqpTOHxGEu2JxQphgAZ34nOujhLFuo9FlZOvSQ3UHx3Y-N7DHaH4p_1Qnr0bb-n-KB9TfwGmHIcBpjhwEUjlA,A Google user,https://play-lh.googleusercontent.com/EGemoI2NTXmTsBVtJqk8jxF9rh8ApRWfsIMQSt2uE4OcpQqbFu7f7NbTK05lx80nuSijCz7sc3a277R67g,super fun!! I have been looking for game like this..reminds me of the old desktop gaming days. It could use some fine tuning in the control area but other than that I highly recommend it..I recomend the buying the ad free version.,4,27,1.0.953,2019-02-23 19:19:59,,
gp:AOqpTOGL5fQNqptcna8j6f8CvJ8My2DP-ogv6iPoe4TvBTSjSFytHSQJYq0rw709iyZAryMO94WJWNiqKd-v5g,bruce s,https://play-lh.googleusercontent.com/-P8E7s4LeqcU/AAAAAAAAAAI/AAAAAAAAAAA/AMZuucnHvM5k31gtEjQ4SWk-dHmNM2Qh2Q/photo.jpg,loved it must download,5,0,1.0.953,2019-02-21 16:02:48,,
gp:AOqpTOGAwnlVpY4eCebr3njSAmm-ulhQbaW57Bm5zvDAI3F8dQ7luQc0_kXLFX6ZwhZAgxEbCBnoOKZwdZhApw,Jeremy Calnan,https://play-lh.googleusercontent.com/a-/AOh14Gjqe71m5uZ7GqwXvkVzM7MbNwgXo4oTx5NEH0On_Q,its just a phone im using,3,0,,2019-02-20 16:43:40,,
gp:AOqpTOGM1NF4K_OdbCsrFGlyTNIjByQ9Z7sCvtf4Rk4ETr5qAuAo9sMb-fsEON8p5NZr0T4zX5_jHx6YLS9LZw,Matt Close,https://play-lh.googleusercontent.com/a-/AOh14GjUkLHPv50JayNnSoRAj5x1gIykht1CGVXyfDd8Yw,"The game is a nice return to classic RTS games however, the controls need improvement such as unit selection, unit pathfinding, map scrolling and tooltips. Actually a great price but, needs work.",3,2,1.0.950,2019-02-04 11:13:39,,
gp:AOqpTOFxb0T__iK3CJ5hCVs2Y8qP_xU6zu2HaHO2BPagM3Gjjt1JuKX27F6WEjewZiM1qCsMjsSiJJz4rroFjg,Ana AlBadr,https://play-lh.googleusercontent.com/-SbLbEwF1Fio/AAAAAAAAAAI/AAAAAAAAAAA/AMZuucnRTGkb0Ji7qWYFhDYDQyj0j90G8w/photo.jpg,Amazing game i've ever played so far.,5,2,1.0.950,2019-01-25 09:08:38,,
gp:AOqpTOF1xF89w3PcXKkK8557uxjw0X1RSWTmvVuVDZTQufrWqsKpRfLyiSvddMNimywg2UrLiNbXdx9NmWCy9g,Dustin Schuster,https://play-lh.googleusercontent.com/a-/AOh14GiYBPNMNeZeTT0hoGyYr9u9bmSHeCIqwe3tZDz0QA,"Why aren't the graphics better after all these years? Also why isn't this an actual port, why isn't this the actual game from back in the day? When i touch a building or unit why is it not highlighted?",2,11,1.0.950,2019-01-24 04:17:58,,
gp:AOqpTOGac5JjUvmZkbo4EDhZlaI9DhQ7l3TQbTTsmm8uGWZlHiAK3JgRWS9D791JVW-eM6TUpHajqFgLKYG4cw,Matthew Fincken,https://play-lh.googleusercontent.com/-vfVL_jm2qY8/AAAAAAAAAAI/AAAAAAAAAAA/AMZuucmBcbh6jWdd8ImOkBDunBHPU3yJOg/photo.jpg,i love it the game,5,0,1.0.949,2019-01-17 08:34:26,,
gp:AOqpTOHi7iVkS-CaTEYuqxshV2nL-Ah0UTKkXv-b13sokg2JryBSF2uxeaD8vQmclR-fr5OjoXF1y1vTPOOuXw,Topher Robinson,https://play-lh.googleusercontent.com/a-/AOh14GhiLRE1jBGanca-Vx8yx81OygKe2Kp32j8gwMIK,I have purchased both Expanse and Redsun. Both games are good. I wish that Expanse had more of a multiplayer thing going on like Redsun does... But that's not important. What I really need is the ability to set groups and waypoints for my units. In both games these features are non existent. And to make things even worse Redsun PC players can do these things! This is something that needs to be fixed if the game truly hopes to be a multiplayer-crossplatform game. Other than that good game.,4,29,1.0.949,2018-12-24 00:14:00,,
gp:AOqpTOHEkv43qfFjLiHRdtqbAgbgU4kG3N45SBWQcjPbF76jhA1y7Vn0CcxxdThzH4Wz7K_Uco_qTI8sJUBnrg,A Google user,https://play-lh.googleusercontent.com/EGemoI2NTXmTsBVtJqk8jxF9rh8ApRWfsIMQSt2uE4OcpQqbFu7f7NbTK05lx80nuSijCz7sc3a277R67g,Amazing. Reminds me of my C&C Red alert days!,5,6,1.0.948,2018-12-14 11:02:47,,
gp:AOqpTOHbInxrCLK37nLQRMkeqEEPmO831EmaSowqWAlULD8h-cku0O_2rFw0eSS70UFtb36cceEsBKxGyZHWqQ,Sean Jordan,https://play-lh.googleusercontent.com/-Z6o0FlHAyII/AAAAAAAAAAI/AAAAAAAAAAA/AMZuucmpVdXjxxEwH_mS9263dHFKn2q9pw/photo.jpg,Games great especially for a mobile game. Fyi there is a current glitch I've noticed if you use the Russian commando and call in the bomb run you automatically win the mission. I assume because it's so frightening the game just decided you won,4,6,1.0.948,2018-12-14 00:43:18,,
gp:AOqpTOEjO2AF1c24nQUIzWTVvUZFdWifCGKPLOXNmdjvbCFMWbvRvFoDGwBVV7CFj3GBFs7i0HH6HiI0XiRZ5g,Alfhonsus Julin,https://play-lh.googleusercontent.com/a-/AOh14GiqVgSjVvuGV_3legP2ilUUqHeAV8SnoAZ3jSqv,C&C,5,1,1.0.879,2018-12-13 09:25:01,,
gp:AOqpTOEZ2YxvR5LBTFQ3Cv5OZFguP7NeF5CRuUvaq7Z6JMdYDuWJDO-4A0STKEJikm8u46HQDc2gRtUqlAxgNQ,deadrath,https://play-lh.googleusercontent.com/a-/AOh14GihbUSdSiDr6XcUPOOCYg0kRTvK3h8JlQueRYe6HA,This is the first game I spent money on and it's worth it,5,3,1.0.948,2018-12-10 09:04:35,,
gp:AOqpTOGQDVYWxTWjQSX0L05iQbtuTOXMz5CTWI3YD2dRkKsPvvWv5sRC3HJ8nmY0WUXWr5HePLyOj82kC5p_LA,simon chandler,https://play-lh.googleusercontent.com/a-/AOh14GjdfYW8b4KQTdHLoSIFP6pjTzIAd1JFE4nY20m3,graphic could do better but other wise perfect,5,1,1.0.948,2018-12-09 13:45:23,,
gp:AOqpTOHBiFqBeiiHXfqm-xtaAY_hMENU-jPNJFdu3-52qRe96YWLAZiU443ulc6JsMTPQIKII8xMNXSlcJ3VYw,maarten hamberg,https://play-lh.googleusercontent.com/a-/AOh14GikbPCElwzJI0wNvjvqxHaWTePqJPUfBGeiIjtqucE,"Hey EA, are you watching this? This is how you do it.",5,12,1.0.948,2018-12-09 13:33:05,,
gp:AOqpTOEvaSx_djreV-jpWak5_NVHBzwdJvuM3JJNo13pMPhGfliCBPh-URoCzSmwMsvttMRvu099f44k9e1bAw,Daniel Hale,https://play-lh.googleusercontent.com/-W6sPFPXC3UY/AAAAAAAAAAI/AAAAAAAAAAA/AMZuucm4q7Lk-n5uiTsm_yQNQ-QO441niQ/photo.jpg,The closest game I've found to the original c&c games.,5,12,1.0.948,2018-12-07 11:43:15,,
gp:AOqpTOH2KSVbHs-Pm5onZu-ESkmReXLiQ8Gz4Cw_T52OYvV90HGz1JxrQpxzZNnjTXVjEtbYd7E3k4Y5W0r51A,Nap Boltron,https://play-lh.googleusercontent.com/a-/AOh14Gg-Cp7d6wIn1wOi-Qz1kKyp3_7Cvi_hBjqiK--mKA,I was looking for my in game map but there is none. Pls help me.,3,11,,2018-12-05 22:46:17,,
gp:AOqpTOGcRQocM6COoP9CKoy4aAQZSDhponv1Ezai_1XLl_0Lf_SwI7bficcLdDDjUOS8p2lmQGgStWqtrr1a1g,Awad's Logic,https://play-lh.googleusercontent.com/-5-PoNZ5RsFs/AAAAAAAAAAI/AAAAAAAAAAA/AMZuucnmAneUmGx2nqsfiPS61gz8EVyLbQ/photo.jpg,crashing and gameplay is slow.. nothing good actually,1,12,,2018-12-03 10:42:36,,
gp:AOqpTOFhKZxMUew9mYeO45kV-smAdXTUt8hgeNbpWi65wI3kLxCACttSXiD98aDIhzIYoshJItXx4TY8XIfvnw,GA Rush,https://play-lh.googleusercontent.com/a-/AOh14GjSPZa-shmWOsvbgWX3C8oEdWBio4TdtnoKBMZCAA,"Hard! But, but great fun. Highly recommended.",5,0,,2018-11-24 15:02:44,,
gp:AOqpTOEz68P9u2f1m7E1CKYX1ToJkPjCqr58zZzUPkY5vrxlzHN1SFuN5MJetS0XT6girdJ4saD4JLD3RXvM1Q,Mimi playz smith,https://play-lh.googleusercontent.com/a-/AOh14GjQKZrlKpRrYTIiCpVIQBiZIssfwSuHJZ5AA1FTyg,By far the best rts on android.,5,5,1.0.945,2018-11-20 07:04:31,,
gp:AOqpTOF505Ag3lgXty_oPhZfj7uQnSOThZ6QrOzX_IwvCadJRdyS9Pfs5mIMi3bYeviFOzIlZ2gocg08xClSRw,Ryan Bissonnette,https://play-lh.googleusercontent.com/a-/AOh14Gj9h8cK9N-Sy9bL0c77ucCRrYOE8TAl6jjq_JVi5g,Command & Conquer - inspired rts. Has great control which is the most important part. A short campaign but plenty of multiplayer maps and already had some great online experiences. Premium version is a much better experience.,5,6,1.0.945,2018-11-16 15:14:56,,
gp:AOqpTOGpSp_el6vVnZLqe2-vMHCxQ8_aJR1iYYA3phrGcxhd7FJlJRRm29PlGGH3gOQSf-22nzZzUTZRb--TKw,chaenguri moguri,https://play-lh.googleusercontent.com/a-/AOh14GhjwDL7L8WY-Oz2uylYjiZ5iPprPfztYDCyWaao,This is my first time playing pc trs game. So fine so good thats all.,5,1,1.0.943,2018-10-31 12:53:08,,
gp:AOqpTOFh0t6MvEbgtUlq_ZIcQ-wHCK9YKStlYR35FJ-ToP7ME1uaGvN0MU72sc7aNdgktEjUkXvaowEOaxhsyA,Hafeez Abrahams,https://play-lh.googleusercontent.com/a-/AOh14GjpqXV_VT2PoW1y1OpuJBDXq9QLGJPZOE21czA-rw,Waste of money. .. i want my money back,1,3,,2018-10-29 19:15:31,,
gp:AOqpTOFdUNXXHjpTmzzzKmB3nJw-UBD1cJVqGx_fEVJ92BX_GE2e4inYORzFGsl3rLuHR1ahFcTp_Dizo52EPA,Tom Grane,https://play-lh.googleusercontent.com/-82iEoOhasmk/AAAAAAAAAAI/AAAAAAAAAAA/AMZuucmyvq87mP5x5FyBu8pVr8FZO993MQ/photo.jpg,"Great game, a little buggy but hey what do you expect for $1",4,1,1.0.943,2018-10-27 23:11:05,,
gp:AOqpTOH9PVd0sQpkP0_EiF24KTWpnggVCFKWD5pBKuiWy9C1ftC2XTGopTN-v24ygb6V-QSm6HjLwJLSRK0_dQ,Flat as a cueball,https://play-lh.googleusercontent.com/a-/AOh14GhrYn2rhPvycTm58CHEzqXfnbiPNfCu7epTUujX,This is so far the best RTS android game I've played. Played it in 2016 when it was still under developement. Dissapointment in C&C Rivals sent me back to check up on the finished product. Very well done.,5,11,1.0.940,2018-09-25 16:41:22,,
gp:AOqpTOEkADSdZ1czZ2RfBOVzk3qL5D6v7ai-ljC45VBNyAHv0RMUttXQh0T_lHit_l5ckRDjyPB2mrzz_QQ2oA,Andrew Mier,https://play-lh.googleusercontent.com/a-/AOh14GizSEAQpyw5N3ei3wMXUoqDndZdKiTm9Ljy6hp_Gg,"I like the old UI which has a panel and a map in the right side, please put and option to use the old UI because it feels more comfortable to my phone :)  Also more maps, by the way this game is lit! Gonna play this for long time, more power to the devs!",4,8,1.0.940,2018-09-24 00:24:36,,
gp:AOqpTOGOBcAHYtzoRVD2eAaEhM3hqKlrZnpX3Xcel04icHKUuUUCL-zR3KFH1BAs-mqkgAU3-3PipiDnRv04Mw,fanny work,https://play-lh.googleusercontent.com/a-/AOh14GigJQVHigJbhlmtvOrsAiS9DXfj2YjL8dOBn02C,"Good games i love this game thank to creator this games,,plss next update more maps in offline mission thank resun RTS",5,3,1.0.940,2018-09-18 07:14:24,,
gp:AOqpTOFO_0jsXD3st6resE-3p35uzD8HU9_BvZF9GafWJ2Onk9FX0VPka1yDo1to6EWtuEuPbzNfMp_RQLb_Pg,George Wallis,https://play-lh.googleusercontent.com/-VuF3o8DapMU/AAAAAAAAAAI/AAAAAAAAAAA/AMZuuckbjvnsP_xLO1GeMcxDLB9bHATBhg/photo.jpg,"Game can't tell the difference between scrolling and selecting, load previous is pants",3,2,1.0.933,2018-09-11 08:14:11,,
gp:AOqpTOFpU5f_UkehFQSb97F-SzhniGOfIrPToEgPSL8CNHKyKt8QPmILH7UJg-MKlr8BQgW5tiaGSc2MLn2Rbg,Joseph Rizk,https://play-lh.googleusercontent.com/-vuC-Id7k_g0/AAAAAAAAAAI/AAAAAAAAAAA/AMZuucm93X9zZajPN4iYEq-WZ7Etz7un4Q/photo.jpg,The old version was more reliable,1,1,1.0.933,2018-09-11 06:22:45,,
gp:AOqpTOGW7pBHTQah0lg85e-5rkiwOJPlYdanXFRkOxr-E3xNKaX2d-layWhJJxic5CI2OkoMjA9-zTkIRtNrwg,A Google user,https://play-lh.googleusercontent.com/EGemoI2NTXmTsBVtJqk8jxF9rh8ApRWfsIMQSt2uE4OcpQqbFu7f7NbTK05lx80nuSijCz7sc3a277R67g,please more Map for offline mission,3,1,1.0.933,2018-09-06 22:15:40,,
gp:AOqpTOH3elxQHRU95pZb5JQfmWX_otVBger9iUKfDNSVItk8_44H0xjdoZiqdEvt3KzQ7rTDUAM-PiLYea8qHA,Maurice Lim Keong Pow,https://play-lh.googleusercontent.com/a-/AOh14GjT7UcpeKS7YMPBI76XCnnxqsFgFVg5mNpD9GH7,Nice game.,5,1,1.0.930,2018-08-31 13:04:40,,
gp:AOqpTOE5BegaYsi6GiOLN5RN7VfYUskeou6IILPRgWO0ydw9LYfdU8bh0GyHj7QzK3hDpp70sMyyLI8LGfzLWA,Yrney Samorten,https://play-lh.googleusercontent.com/a-/AOh14GjNdXJSPneGZXkfcxJbfNps-D6Qa3UGMJqiwE_O5g,"There are some gliches. Bugs and stuff. When moving a unit at fog it still 
darkens. Also the controls are very hard to do. Just keep it simple.",4,1,1.0.927,2018-08-17 05:41:50,,
gp:AOqpTOG9hQKE_dE2wpnW5p7O4mERUmui5piurI4FLwJasLCfm8McsNT72AJ3k7rR1h20xl3ULpQ0xIdzEMZV-g,A Google user,https://play-lh.googleusercontent.com/EGemoI2NTXmTsBVtJqk8jxF9rh8ApRWfsIMQSt2uE4OcpQqbFu7f7NbTK05lx80nuSijCz7sc3a277R67g,Wow,5,2,1.0.927,2018-08-16 02:33:52,,
gp:AOqpTOGhEbgSgxo8y6vbH634xoGFqEJ5f4q5qBYntXrmp4Dp2YRsgeXiCpfXP1jEuEoR24giU0ajD-y1bKj79Q,GETO skabe,https://play-lh.googleusercontent.com/-oy69VoP3mQg/AAAAAAAAAAI/AAAAAAAAAAA/AMZuucledPr5b3D4wNlkpzfJwlf480rpnA/photo.jpg,Nice work,5,1,1.0.921,2018-08-05 08:11:07,,
gp:AOqpTOG48Kl_4AmkHx0flgLYFOTUthXnV-E1fC5dICRR6DAYAq1GvH-0FJznTZ4Quaxnl-iww8KK3FRqJTB7Lg,Jeremiah Wise,https://play-lh.googleusercontent.com/-ocL4c9hKp14/AAAAAAAAAAI/AAAAAAAAAAA/AMZuuclqrpAqPHPYKXLI5nT9n5R1yYniEw/photo.jpg,"My fingers have to be smaller for the selection box feature to even work. 
not to mention that you still scroll the map while using the selection box. 
I've never been more regretful of wasting $2 in my life. you haven't earned 
my money, and I want it back.",1,1,1.0.920,2018-07-21 10:01:56,"In the new version, I tried to correct the interface, that would be possible to touch on the buttons on small devices.",2018-08-01 03:13:07
gp:AOqpTOGZbSmqTQcX02LTRMh1gfJ-2SMklWOAIKQoVwrLtp0z7fYevru16WukA_-UqpJvg3m6LwrApDWu7wKaGA,ItsSpecialEdd,https://play-lh.googleusercontent.com/a-/AOh14GinJvB-SaGLH1fRy26LzZxouhHmC0RXDtW536ou,I love the game can't wait for more updates !!,5,1,1.0.920,2018-07-20 18:58:04,,
gp:AOqpTOFJbeUzEkGR9ZxC7q2yFtdhImHBpbt5CDpF-77TGx1Nu7He762nqNXsA0sDt2p56J8_GNitQlsrXYW8Wg,A Google user,https://play-lh.googleusercontent.com/EGemoI2NTXmTsBVtJqk8jxF9rh8ApRWfsIMQSt2uE4OcpQqbFu7f7NbTK05lx80nuSijCz7sc3a277R67g,This is complete garbage don't waste your time,1,0,1.0.914,2018-07-11 19:07:56,,
gp:AOqpTOE62KTURh8UU5_vBvU0e7rEs_eJUp_Tp1yMgVMXCs-zbCCEMXpLHBDURQpJVJn0j68odWZELdtHEUqHzw,Soly Radwan,https://play-lh.googleusercontent.com/a-/AOh14GgoGm_0an9u9KgDXgVXlYP4UX_E6-1r16O19KvB-g,"Why my Campaign keeps getting deleted everytime , that's the second app I 
purchases and they both does the same thing . It's not fun anymore to start 
all over again , I would like my money back plz!",1,1,1.0.914,2018-06-12 20:20:03,,
gp:AOqpTOEbfW_V943sVaKLksML9KSkasNOOLI21Y7vHjKkZ47zfBdedkAW-WE-IXcn5_Vrn3gdKEZ_tu2FuvvEHg,Daves Daves,https://play-lh.googleusercontent.com/-N0T05EYMbz4/AAAAAAAAAAI/AAAAAAAAAAA/AMZuucmk-jppNcaDGN8IX_UP8mXLns0TkA/photo.jpg,Add auto fire to our troops so it will be easy,5,0,,2018-05-15 18:32:40,,
gp:AOqpTOHBYz-bF8QBBFulBHCagnBmz1z5MYqGhQhZocycWkRTbtmGoiUmv4Yg3smDzl5CBcNPSL0dy_HdYu3z2A,**********,https://play-lh.googleusercontent.com/a-/AOh14Gi-YlSBE3A3GfEID-vJifkzroGdheXnVOGXcFIsPg,"Game a little glitchy when it comes down to the controls and where your 
units move to be honest complete rip-off of C&C. but still fun! 
surprisingly EA's not suing these guys for a copyright infringement but all 
in all i enjoy the game.",4,9,1.0.910,2018-05-14 23:11:56,,
gp:AOqpTOFviCy6QWCULqO1SXk0_fVr8relW_Tuuqmy37QqwUOvbi1c4s5R_WzEH-IQ1V0rEmwgo5unYz2q_QQRHg,MVCPremiumGamer,https://play-lh.googleusercontent.com/a-/AOh14GiFgRLhzBACiVKT_vd7efn_uXDM9VW39QDfvz883w,"Way better than the new Red Alert from the makers of PUBG, retains the classic RTS graphics of yesteryear and can be played offline which is a  must for both free and paid games.",5,0,,2018-05-01 00:41:02,,
gp:AOqpTOFDNuLAaq6I3oE0om2rLLLMMcsvWpwfQMngcTFUCbVGFJ8eVCRW0VlhBSo3uDtRu1qasrC5OwnGBc3E9Q,A Google user,https://play-lh.googleusercontent.com/EGemoI2NTXmTsBVtJqk8jxF9rh8ApRWfsIMQSt2uE4OcpQqbFu7f7NbTK05lx80nuSijCz7sc3a277R67g,"Not enough info about the buildings, units, and upgrades. Still fun though",3,2,1.0.898,2018-04-30 23:04:17,,
gp:AOqpTOEHt6tZNah7P_O0xagIeSsfuhiDLmPXFIPkC0YaMKj1ZzHkLzm7Vz0ZWN0kMFVVSuF8eiQ9cxRCMul6-A,Bumpertini B,https://play-lh.googleusercontent.com/a-/AOh14GgK261eiZi6v1FpmlAbb67Lt269b-30WwRw4Jbpfg,"Great potential, but if you have a higher resolution phone, everything is 
way to small, making moving units frusterating if not impossible at times. 
Ai pathing is garbage, and the tutorial does not tell you how to get higher 
level units besides just base units.",2,16,1.0.898,2018-04-27 03:48:15,,
gp:AOqpTOGvEvhlVcaBxpwZNmYJS1kJoTtRwTaTU2WtIatFVQO7T8izrm5bwmrzIxg1DxhCZ6BGRNRSndMlbiW53A,jonah ferrin,https://play-lh.googleusercontent.com/-jMkKA2v4OH4/AAAAAAAAAAI/AAAAAAAAAAA/AMZuuckYmd-Az0LogieCUff9MZfiC2fBTA/photo.jpg,Still love this game.  It is so much like command and conquer.,5,2,1.0.783,2018-04-15 00:24:06,Thank you!,2016-06-11 05:17:52
gp:AOqpTOHqc5esxNFZkXZyznBMEbATaKOeNS0giLdIxT8JvN2EYW1mwBRpf40duIAxoi9DllDs7fpeGz2FgaHyyA,Vallen Len,https://play-lh.googleusercontent.com/a-/AOh14GhWCD8JOduFo_WOg-B1K3byc_HgNMXqNgQmNrcE,WoW nice improvement with the game graphic,5,10,1.0.898,2018-04-14 08:47:54,,
gp:AOqpTOEw5H-EAVgf0QZBok3jY_joqhEf2fydi-9I0dwSWeu41ngGmfFr-SThcgWC7rKmo8xUe-IrMy02UJCXIA,Mai Supusson,https://play-lh.googleusercontent.com/a-/AOh14GiJBFp9BWrV168OJtonCD1Ef8H6UPzLcB6KEtMwm60,Please update and bug fix  It's fun game but alot of bug now,5,6,1.0.893,2018-04-01 10:48:13,,
gp:AOqpTOHdFV2R6ADiVI22soRzPhsw87B833NbPBIS7C-7bWpcwHh86OIxaBH2TQxHBTJH2zBKPMEwdN0hP1Fs5g,i4v0a6n,https://play-lh.googleusercontent.com/-qTRyYo1o7Mw/AAAAAAAAAAI/AAAAAAAAAAA/AMZuuckZ2shk0mxSzrl16Uvvweb5M6rRLA/photo.jpg,The requests i have are make japan playable in skirmish - make skirmish three player so all three factions can fight - make more skirmish maps - great game,5,7,1.0.879,2018-03-06 14:15:00,,
gp:AOqpTOGCSW2aEjtwLdr3AdF1ngdfB8EEc243f5dr1EBK-cXNcde6KCHCCo__Mv6cOR1lkjZWRk2qAQiWLgu2NQ,Obi Dark,https://play-lh.googleusercontent.com/a-/AOh14Gh6meVLqbzfBmI2rMByB9w_aSIg0NRaDy8rJn1K,No wonder is called Digital garbage....,1,11,1.0.692,2018-02-26 18:26:23,,
gp:AOqpTOFCaNeoDRR-a4TFBuBvwEMmtdteGUdbCOLRmnGwGJgAwKwFqBZqfn8YssPQP3UWwJ2maMKlmNIfpyb7cg,dark side66,https://play-lh.googleusercontent.com/a-/AOh14GgTGDtwCXTXWeKyLW34Pu_aFuVoFkRd2zHv0xN-,I want a refund.,1,2,,2018-02-13 21:18:50,,
gp:AOqpTOGkWM1xN3PDF9Pp6AdS6hvjrIce9mQcYDjZCxTN3tRIIDaPa6AosMUK9nayJxwXQHAxrGf6nWx_FWRrBw,H. Mosa,https://play-lh.googleusercontent.com/-cM0Rc-Z_tH8/AAAAAAAAAAI/AAAAAAAAcSg/AMZuuclUe8eBbL1zhHdk6m2vWDl_kcNmPQ/photo.jpg,"Terrible gameplay, sounds, graphics, comtrols",1,16,1.0.866,2018-01-17 07:21:32,,
gp:AOqpTOE9Gzd2c7YuzYYRG63deRN1TFm-dZF3YlEG383Bg1Tfqbbw7-wg-MD9k2gkYLdKdplB05tqzwS9odCo8Q,BoyofSteel,https://play-lh.googleusercontent.com/a-/AOh14GhOSXs-GeTDvmLIgtT2-8Nbkz9_pNNJ51p_06SKUw,Has potential but enemy is able to destroy my tanks in one shot. I throw everything I have at it and can't destroy a single missile turret. And that is just the tutorial which I cannot finish. It's just too hard! Otherwise would be a great starcraft substitute. I tried to contact publisher but had no response.,3,9,1.0.864,2018-01-11 02:12:21,,
gp:AOqpTOEz4PWyrjaI8mlQPz7KSAPUTxqogmjSkh22JtEiCXHEoK46Zo7KYi0rbVktDVwCJTigyvFBX4Dih4Od8w,James Mcconnachie,https://play-lh.googleusercontent.com/-hSKue8_Aeb4/AAAAAAAAAAI/AAAAAAAAAAA/AMZuucnKbkRpl6oMC_B1DLGx38-iw6BIDw/photo.jpg,love the game. could do with more troops for the factions. also how do you build custom maps or download,4,4,1.0.864,2017-12-28 04:00:31,,
gp:AOqpTOHcmpMwQlY3k4501RC4cQYiIr9TeDjKXYM1OiGpP0QKM1qbxOl8VnkK8ojd6crUcWaPH9vVrQ-h0W12YQ,Connor Burch,https://play-lh.googleusercontent.com/a-/AOh14GgoKUO_L19pTO1OdcQ-XqlcY9bjT0g1ASSTOZ5Law,Kirov Reoprting!,5,2,1.0.856,2017-12-19 19:08:03,,
gp:AOqpTOFmaMC93RjQQQuZMS43wmgnYmgMfowbU7Jgb1po5_vzcJlTLHaATVzw5QbNYtVXEe2leqBV8irAPppFMw,Mervyn Luscombe,https://play-lh.googleusercontent.com/-XpSVD6BvxXI/AAAAAAAAAAI/AAAAAAAAAAA/AMZuucmTStU1q5bUvwybqFY4TouJ9NFmLQ/photo.jpg,Keep up the good work will look forward to seeing what u csn do with the game as its the only rts worth playing,5,5,1.0.856,2017-12-16 16:46:48,,
gp:AOqpTOFSbNhwmtzFONqqQLDBFxmusffk9rwoCASLURxsjheyVcIPIJQVYFj0UOovYfzJbOxan0C6u5Ywm5dcxQ,A Google user,https://play-lh.googleusercontent.com/EGemoI2NTXmTsBVtJqk8jxF9rh8ApRWfsIMQSt2uE4OcpQqbFu7f7NbTK05lx80nuSijCz7sc3a277R67g,"Huge potential. Just like C&C. would like to see more maps or figure out how to make my own. Would be nice to see unit stats (dps, health, cost, sell value etc). More maps is a big one.",4,8,1.0.856,2017-12-14 14:57:08,,
gp:AOqpTOGIcxgulTt3f4GbcK2eE_iXCy8jhCIY7suRqUkVmj6AVrDQcDRlNsUlKeXRz1z77RZgHWN34CFnI3S_SA,Diet Poopin,https://play-lh.googleusercontent.com/a-/AOh14Gj8IeE3aAixiXUWZAiSkaL4zvNFLRm38O4nT8Mubw,"Well made, worth premium. Game play like cnc",5,1,1.0.856,2017-12-13 11:52:39,,
gp:AOqpTOG9ngiBkFCs1VqdkNL-XSmbIgrAr30BS3ZD6PmzvwN3D7-22skPzd2cXh0R_Cb6ikhe_69nYXsglk1yeA,Grunt Styl3,https://play-lh.googleusercontent.com/a-/AOh14GjF0HandPEQ1lNTFLeAfkqrLgvarvz23p3Ffv0F,"Not sure why your units can cross from lower terrain to higher terrain.. 1 and 2 numbers are useless. You cant group a unit then put a number on them. No option on game play that will enable you to select all units with just a click of a button but instead you need to tap with both of your fingers on the screen to select all the units you want. Th e game had no options if you want to restart the campaign. You cant save your game in the middle of the campaign nor can you load a game you have saved.. also the enemy tend to counter attack with their superweapon and target  your superweapon when you use it. AI is prerty lame even on the hardest level. AI can still build buildings even if you manage to destroy their construction yard. Long range unit tend to fire on short distance, and you cant command a miner where you want thembl to mine ores. pretty much disappointed with purchasing this  game. Not worth buying. 😤",1,3,1.0.850,2017-11-23 21:53:31,,
gp:AOqpTOHUBHWEDDJ_VyCluMoPH5Wbq-Tls8cx4H5l2Vk7yr9I9SW9Wj3bd_oYu2CnyMb6afuv71ZLXkn28eVtXw,Cameron Graves,https://play-lh.googleusercontent.com/a-/AOh14GgyRN5IL9AjuRGJYLR61Fbp1_63owRMZRBTysEy1A,Are the purchasable bots a permanent unit to buy?.,5,5,1.0.850,2017-11-11 04:14:23,Thanks for the feedback. bots are bought forever.,2017-11-11 23:59:22
gp:AOqpTOGjEf_IGYUTs-4QNosFK-yGL4pnIhzQx610LEk4tLv8wevVYYOdLWYK7f866LLJzEv9vcMm1LHDFG79Qw,Shaun Isherwood,https://play-lh.googleusercontent.com/-G9DEjjtVigU/AAAAAAAAAAI/AAAAAAAAAAA/AMZuucnmS4n1P0sa3R4WkoC8avEEwBm1Ig/photo.jpg,The resource collector wouldn't deposit resources. I'm disappointed. What a waste of money!,2,3,1.0.832,2017-10-28 09:46:20,,
gp:AOqpTOFnzBNMhuQmQzy6VmhtwMd0WWlOV8m9qiI0Y8ddlylWoU_o67rhM1LejmCCuCdT7CSppb4nB3iyiMNI8w,Rick3pt,https://play-lh.googleusercontent.com/a-/AOh14GiOtH-iUdaTh5ZdyJfLvEkYUg6dY3_XrHNSbR-rJw,Man u guys made my day .Thanks keep up the great work....,5,5,1.0.832,2017-10-26 13:01:53,,
gp:AOqpTOFHdKhni7BeUnZugB8P3cLdFXJfsawgaGhkF2PPAc9qrtGA8jtk3JfnOGCRXXG0lZwf_6pWxpJWMHKRVw,Adli Mazdi,https://play-lh.googleusercontent.com/-hpTajk0RjN8/AAAAAAAAAAI/AAAAAAAAAAA/AMZuucmc5BHDly31x64DR7Wi4t3J-J7ceA/photo.jpg,"I love this kind of game but there's few things that make this game rate a little bit down. The control is small, I play the game and it has bug, please fix the bug. And I don't care much about graphic.",5,1,1.0.830,2017-10-10 19:13:16,,
gp:AOqpTOE3hest_KrwVIKlAQiEk-PdgZ-3Ayh_VnJ6_DlBmRCKF1BBcyz20zgaIxu3FsrlKC9mBREryClIRU6jDA,Achint vishwas,https://play-lh.googleusercontent.com/a-/AOh14Gg-cqbMRDfFRYuwRMTEVsUYWzJaicKm0Z7QuQAc,"If you know cc red alert and thinking this is same as that, then hell no. This is thrash compare to red alert 3",2,9,1.0.830,2017-10-10 06:31:55,,
gp:AOqpTOEXv1W9AbM9AfsuXJu6tNfMiYQa0E86sC-0KMVamXa68yOrpwRIvGPZuLxr551ELcYanL-QT3rfZUx7vA,A Google user,https://play-lh.googleusercontent.com/EGemoI2NTXmTsBVtJqk8jxF9rh8ApRWfsIMQSt2uE4OcpQqbFu7f7NbTK05lx80nuSijCz7sc3a277R67g,"Aweful game. Buggy controls, none of the troop control commands work. Nice effort but uninstalled after 20 mins. Poor developers.",1,1,1.0.821,2017-09-22 13:55:59,,
gp:AOqpTOHmwyNB2mYGKepGMKDM76bXqw03lFZ7upqwij5IlkNRM-v3RBv4AfNcXJs0ini1hZG3hp2Ub66Tjboo7w,RKR O,https://play-lh.googleusercontent.com/a-/AOh14GgsijKaY_VfNJM-3nGMyMqSCLkFCfu4qEITeW3Dpw,"Just bought this after playing the free version.  It needs work.  In multiplayer,  I was the only one who could build any tanks and troops.  My son couldn't build anything!   The game has potential,  but we need a manual or something that tells us what everything in the game is or does. Have to figure it out on your own, and you HAVE to fix the bugs if you're going to charge people for it.",4,1,1.0.821,2017-09-15 19:30:03,,
gp:AOqpTOHyFzF7-pjSc4e6Kt1quiwoajh-zJIieWxU4GhpMnYyzG-dKoyYCM-s68UuLPb2Gsgm_1woCoYgfrc5vQ,De Wet Jansen,https://play-lh.googleusercontent.com/-mZKxEYoi6P8/AAAAAAAAAAI/AAAAAAAAAAA/AMZuucm1IFEzbOZ2cOYmZuCJRCP98DIZhA/photo.jpg,"Wonderful old school rts...but a couple of minor flaws, alliance harvesters does not offload in skirmish,they just wander aimlessly ,flak cannons and artys of ussr does not work at all.and the units dissapear for some reason...we all paid for the premium version so please guys...fix this and I will rate it a 5...and thank you for a wonderfull game ...peace",3,0,1.0.821,2017-09-01 21:33:04,,
gp:AOqpTOG0Ov-wLu64JdBps7c5XJ5Wpe3LqJ6ZKzktfg4HSEqOEB3LQVDfdh8bU_9ZDOMYnlOUFWv4HxpvZkiYzQ,Akz ZiaKun,https://play-lh.googleusercontent.com/a-/AOh14GjvrZLRXNUm9gf8HfFepwA9PLLS3qlKUJJ3MZjdYA,"Has so many bugs. Unit suddenly disappearing, no confirmation when engineer took the building. Two tanks can wreck entire base. Skirmish can't pick japan. Btw. This is feedback not negative review. Thanks for the port",5,6,1.0.821,2017-09-01 11:46:03,,
gp:AOqpTOE3z2p1uk7HvwTirfirX6fp_3aJ0-KjPYpWO5GlWf6cTKyrTBZ3WtrxGVGwkr8--8WSD452fF0zIgV1gw,Lady Nightstalk,https://play-lh.googleusercontent.com/a-/AOh14GiG5V60IcZQFzzXQXYGUJMrf8oWsr8F_TGVxNMI,"The AI needs serious work for skirmish mode, AI builds power, refineries, barracks but that's it. Not even troops to defend the enemy base or in responce to being attacked :/.  War factory often stops producing units and needs to be rebuilt/reloaded if in campaign or a mission.  Seems to be a limit to how many units that can be selected at a time with only several being selected using a double tap instead of all of that type of unit. Engineers coming out of a troop carrier (Chinook, APC) sometimes refuse to enter enemy buildings, instead they try to run back to home base. This has the potential to be a brilliant game but it does need a lot of work done first. Enemy AI being first on the list",5,16,1.0.821,2017-08-20 06:02:55,,
gp:AOqpTOEE8nEZcjIJ8vdszhVgMei3-Z2mra_KxsbBA_QKHgnk4DjV1kFvRtW-Ru1dmmlTSLm6XgKmyAygd-7Udg,A Google user,https://play-lh.googleusercontent.com/EGemoI2NTXmTsBVtJqk8jxF9rh8ApRWfsIMQSt2uE4OcpQqbFu7f7NbTK05lx80nuSijCz7sc3a277R67g,"This game is alot of fun to play, Im glad they made an rts game that is almost like command and conquer. Its tons of fun, I like this game 😊",5,1,1.0.821,2017-08-19 10:14:40,,
gp:AOqpTOFZ9VeVkIBDSQnABhMfzF5LGf63UETRrABum-tWYPX3-FKLOZGffC85ebcCyY1UFf-Bq7VJQjxWSi31Lw,James Knott,https://play-lh.googleusercontent.com/a-/AOh14Gj8hqWwYQNwxZnZHFWV2efE1m83GMhJmT6k5yZ6KA,It needs a lot of work to get to C&C level but its a great work in progress for mobile devices. Menus need simplified though for difficulty setting etc.,5,8,1.0.821,2017-08-18 02:38:02,,
gp:AOqpTOGcXy8LS_oJMeOPvGD19kvhWYP0rb7FVtmv6Rc5nlOY7nVjgTdqiGFYKP2goFb2shp6rLvjV1AGXhKPKw,Destrofax The Fax,https://play-lh.googleusercontent.com/-Wzh_51Re-Ro/AAAAAAAAAAI/AAAAAAAAAAA/AMZuucmfgRHtqoGAZeZgIGOz8o6pKkR70g/photo.jpg,Can t make it past the 3rd lvl enemy just keeps pumping out tanks. Can t even get the bass set up before they attack and when I do have a full base money comes too slow. They attack with 100 + tanks just to find out there is 100+ more at the enemy base,4,1,1.0.809,2017-08-06 15:53:40,,
gp:AOqpTOGsbdIDTILpsEJW53AY6b4bueEAFIyWOGaI9hpcEBTggiSJ64P0SLhHkE-MpyOyxtpG8nTslqzCucGhPA,cris neacsu,https://play-lh.googleusercontent.com/a-/AOh14GgRfYoFcGwIjK2WhchIHsZMp-HEZdZWvQ6HnwPC4Q,Great game. I have been searching for a game like this on android for quite some time. They actually respond to complaints and advise that they will work/fix the problem/s. Awesome support team!,5,5,1.0.810,2017-08-04 03:52:18,"Thank you! You can update this game and in option menu change panel side, vertical or horizontal.",2017-08-17 09:31:56
gp:AOqpTOH1issZuUXnooAFq3W-Z9dVRN-Eg356iRHftB9OcmMF6dnQnkZNtaZsvPRnZ9eaTOPBUq5P_6Ccwkq80g,Mihai S,https://play-lh.googleusercontent.com/-3w7VuKVOvBE/AAAAAAAAAAI/AAAAAAAAAAA/AMZuucnqTotgG4TNtCJMfD5zx54-6qwxbg/photo.jpg,"Excellent. Reminds me of C&C. Just one drawback: you made the campaign very hard. I am on the 3rd mission and is impossible to win. The computer comes with over 50 tanks in one shot. Please increase the difficulty gradually during the campaign missions (better yet, put selectable difficulty levels).",4,6,1.0.809,2017-08-02 12:54:44,,
gp:AOqpTOF_OTZP-IqCWVXKYaIgpBUSouhcf59dAZkWnmdVBHXZ3CzGdDAEqZ1Ptg12tnsejXMKoCIJUt73VbyOaA,education account,https://play-lh.googleusercontent.com/a-/AOh14GiNi3A7BoSlrShgDM8NgMJnwtiO4jk9JCNbYaurOQ,"Good game,  make the AI's easier!  Add difficulty's",4,1,1.0.809,2017-07-31 19:23:17,,
gp:AOqpTOFdpHLVtVdWEaFQraEEVbPjgsaWqgxLfgdxm16Mq1kYsZY5WhP-slGGZd6_hZqCTTF_jVf1FCTBBggnsA,Ben Johnson,https://play-lh.googleusercontent.com/a-/AOh14GgNaIC8m3oEOtP9iZab-NYffvKFx5Xb8vFtVSV6Sw,Montanyes,5,0,1.0.788,2017-07-29 11:39:56,,
gp:AOqpTOHR8Q9CrnpwIEMuSBnNZ0Emvm4cgrjQn1FIjhwRYaQxYkkO6BmG3kedEB4eH_5ePirSN4H-_nF9eJRwRw,David Cody,https://play-lh.googleusercontent.com/-2QqT2N2N6fw/AAAAAAAAAAI/AAAAAAAAAAA/AMZuucnOMuxOxWHdwDtIIHcPxENpGo76MQ/photo.jpg,"My favorite red alert was made by westwood, but this game captures the feel of a true old school RTS game",5,3,1.0.799,2017-07-24 13:31:44,,
gp:AOqpTOEu6I_kzJgf6wdrBKRjjdnEzgDqzJokBVntXurLGLbvqnsNdjHxbgr28F_Uwcd4WFfGv8nbpPGP3Xxxdg,Sebastian Lopez,https://play-lh.googleusercontent.com/a-/AOh14GikoBwdDHIvCmLY3jMlmgO8vqNTJnEwPFpm1Bdusg,"Has a few minor problems, really just concerning translation and the interface, but overall a really solid game. Could use a variety of units though.",5,2,1.0.803,2017-07-14 21:50:27,,
gp:AOqpTOHbKCiq3yRoY3N4aw_7f7cFwl9gXT8EevXrGwtvYkX_bPWReQe-kuDOSgC9vS6TA2-kQo_-ObgGGNF0rw,Muhammad Amril,https://play-lh.googleusercontent.com/a-/AOh14GjMhqdFu6_jHsu6XjKBDm7T_5v9JWUn2sCXqU7Nuyo,No words to say... This is the best game I've ever played!!! btw nice update for that Japanese faction .... keep go on dev.... 👍👍👍👍,5,5,1.0.783,2017-06-21 07:11:18,,
gp:AOqpTOEtJ7PYkLK5VOQkaqfKcevxS3lxqYzSoorLoTSli2HxDPCGw0PJWDzPZRrY5LToAayZ-Zg7pjpdxhku_Q,Android Gaming,https://play-lh.googleusercontent.com/a-/AOh14GiqbbcvDMFZgxtZ7U8jnH7uslyzqMsWlwS-B-HdYw,I think you need this game to beta testing we want to play the new factions,5,9,1.0.783,2017-06-15 18:35:18,,
gp:AOqpTOH4UNk8KYwavLNVYhjaurqmJaynYIosqyj4j4ooNtxFkOkt4RuarQkiEoqIPcuY8zaerMjHnqZktwWsdA,A Google user,https://play-lh.googleusercontent.com/EGemoI2NTXmTsBVtJqk8jxF9rh8ApRWfsIMQSt2uE4OcpQqbFu7f7NbTK05lx80nuSijCz7sc3a277R67g,"It remembers me, about Red Alert series, you did a great job!",5,2,1.0.765,2017-05-27 22:50:36,,
gp:AOqpTOEG_M-QuYRQjYpN9HVV3E-9zgj0zNazFQQ4k6wJfsX-lu_Tznjhbg8sldwa-BcPjqE1DzLUu2nvwOG8xg,Pecos Locos,https://play-lh.googleusercontent.com/-AM6PXFpS1Ys/AAAAAAAAAAI/AAAAAAAAAAA/AMZuucmrqXFWLEYkm4U5DkMrZGTqMZBecQ/photo.jpg,It's a poor mans RedAlert. Makes me want to play RedAlert.,3,1,1.0.765,2017-05-23 23:56:34,,
gp:AOqpTOFPses4VUJrArgqnnvycSYnNLE_k3m9lT4sj3Y3pxDaCNY0EswNrktwyN44ngRcrSrUutjQAiLDl2ghWQ,A Google user,https://play-lh.googleusercontent.com/EGemoI2NTXmTsBVtJqk8jxF9rh8ApRWfsIMQSt2uE4OcpQqbFu7f7NbTK05lx80nuSijCz7sc3a277R67g,Real good game! I bought the premium version and afew in-game purchases aswell as it's next to nothing :) Got my mate to download it earlier and we've been having games all night.. I hope the makers keep working on it and updating it as it's a right game and look forward to playing more of it :),5,2,1.0.765,2017-05-21 20:22:38,Thank you. The next update will be a surprise :),2017-05-21 22:46:45
gp:AOqpTOHsBC4E4CL0LeUxHQwGiK-5ZO1rK_RKspxfXOw9sqQffvcxUadBa8j8SoQp2mPxh12FNmrizPcWNGow0Q,FNM Queensland,https://play-lh.googleusercontent.com/a-/AOh14GgJvLZ5CniHOGnOSKsOgZEqVcW8XqM5mCoVERR0Ug,"Controls seem buggy, doesnt always select, harvester keeps stopping requiring me to remind it what its supposed to be doing... one job!! The idea is there, but its a bit frustrating to play for me, shame.",2,6,1.0.765,2017-05-12 20:27:34,,
gp:AOqpTOFMzL3sg8YHAzd-O7Y8l8LCTgenUpxQGu2NzCu4fv4dcMmuJf0erAPWjxMcn6CfgMMB5yGa12IMrUzJnw,andy lim,https://play-lh.googleusercontent.com/a-/AOh14GgS14Npi2Zw5dKM8sGs8cgnnaC9F-C-N4aQusINSw,Need more map and skirmish can play with 2 or 3 ai,4,0,1.0.742,2017-05-03 06:36:13,,
gp:AOqpTOFRNg0bkhM88crzNr7wlqJ04xD83YuX_4yM0wAWY5mDKTCVzaRd018K_2_S-b1YzB6N6zNwseMuqTLvPg,Joshua Pantuso,https://play-lh.googleusercontent.com/-MtJv07D9qXQ/AAAAAAAAAAI/AAAAAAAAAAA/AMZuuck6U0-ODNyNvESkRtO_c3Sa96R9cA/photo.jpg,Seriously guys. Why are you guys finally the first to do this? Its perfect. Keep making these and ill be a happy camper. Seriously... Just wow...,5,5,1.0.742,2017-04-21 10:35:46,,
gp:AOqpTOF6c8QkrQ8KH9zEd6iGDktC-vjkPBUcXEkMZ8EJ-hrooJW1N2uHYfBRbppNfMFYFQzVyNOYZ3E43wAkoA,Potgieter Photos,https://play-lh.googleusercontent.com/a-/AOh14GiBVsARjP3-zZPvIaTfR4gQ7BQ1CdWmJ3gjHPeB,I love this game. Its what I've been looking for and it is splendid. Is there a chance to add. Auto targeting. Sometimes the troops seem to not see each other.,5,6,1.0.742,2017-04-19 23:16:30,,
gp:AOqpTOFGZWTCf0rvIQZgPxmGoyib2r-nHoGcf3D05Vy_0XqB1VFL3jDcOkkv8EwwDxdQ9mv04rfDgxqAFtujrA,Edrien Diaz,https://play-lh.googleusercontent.com/-RW4YlsTcaX4/AAAAAAAAAAI/AAAAAAAAAAA/AMZuucmNEvvymkkQyp_ia5e3nQDsJU2B4g/photo.jpg,I love this game,5,1,1.0.742,2017-04-18 20:29:59,,
gp:AOqpTOHyAZIwI35NcuEoCkQEu_WdmtvxQkX1cTDrPnXMrOoPesTXnFoWnCKa4qb2xpP0WUZ8nDDcpp4atcWo7g,Sean Commins,https://play-lh.googleusercontent.com/a-/AOh14GiLkrSAUfzxLO4hSnRgK3Z2Ymqas-5o8oOIENOG,I think you should make the multiplayer more​ than 2 people,5,1,1.0.742,2017-04-18 14:54:26,,
gp:AOqpTOEVtUFy72coi-7KGt8u0NNthyOMQu7rBcEmjRZSVt8nE788ux6un1EBxOmdaA7OybqNeUffNoS5h_8UKQ,jsimmon51,https://play-lh.googleusercontent.com/-CfY0I-01BDg/AAAAAAAAAAI/AAAAAAAAAAA/AMZuuckGonFbz5W9nUbmMjK6iI3hX4Acsg/photo.jpg,Not bad but the touch screen goes non responsive sometimes.,3,0,1.0.739,2017-04-16 10:57:52,,
gp:AOqpTOFxHCx3wz81_FbQFOuGgR5FVmPX-UxBf4qo1u5Dw5Fdf9XAw1E0MA4tk2tCVvuwbRQNZ43TR6MvNuvWDA,Alvin Dzaki,https://play-lh.googleusercontent.com/a-/AOh14GiEIN_P1jWaunLmgm5XdjcjK1kRx6_03Qc940CUXA,"Skirmish problem,hi man can you help me? when I play skirmish the enemy always win with a huge number of tanks,its easy to play with the Allied but its to hard for the Soviet, every time i attack the allied the unit have an elite status,how can that be?",5,0,1.0.739,2017-04-13 21:42:50,Thank you for your interest in the game. I will check and correct in the next update. Maybe I did too aggressive AI when play for Soviet.,2017-04-15 21:48:18
gp:AOqpTOFVuAl47sDhhQ8x018IiL0Y497E6CM4ga6lvJDPtPjuessJyQzhehaP5eSjVsFioC4hch8UhnOkbXczEg,A Google user,https://play-lh.googleusercontent.com/EGemoI2NTXmTsBVtJqk8jxF9rh8ApRWfsIMQSt2uE4OcpQqbFu7f7NbTK05lx80nuSijCz7sc3a277R67g,Would have bought the devs other games but this game has iap to unlock certain units. Premium version means nothing. Game is crippled,2,0,1.0.739,2017-04-11 15:27:35,,
gp:AOqpTOF-BxE1GvJJWG3MjlxiWYO-3hX_XUwBg4T-EW_cACa_jCvQdQJwcZLHe81jSzvSIDbPmfp-oJ9kuBBSig,Ian Dunn,https://play-lh.googleusercontent.com/-WtjFED85wxE/AAAAAAAAAAI/AAAAAAAAAAA/AMZuuckiSTS0YYZyFiuSafg1r5haUrLeKw/photo.jpg,If you like the original c&c you will love this version.  Great handheld fun on the go!,5,2,1.0.739,2017-04-06 16:05:37,,
gp:AOqpTOErr7s_PlLtVTbjvAJLJqSXzKbRmsd1x6RZ95xXF1U4nojdCONc7W5MYmfa6RXKENTiqBKw1i0Fd9Qryw,Andy Gold,https://play-lh.googleusercontent.com/-iITL5rZX_Sc/AAAAAAAAAAI/AAAAAAAAANs/AMZuuclhDK_ibMdU1ti44ULngczFsEuy6g/photo.jpg,"Bought this yesterday hoping it was less buggy than the free version.  Not so.  Harvesters freeze!!!!  They don't move, and therefore don't collect resources.  Without resources, you can't but ANYTHING!!!  The computer on the other hand keeps collecting resources and building and upgrading hardware.  The free game also has the freezing harvesters issue.  Which was once my favorite RTS game is now my least favorite, as it is UNPLAYABLE in its current form.  Don't waste your money.  Wait until the free version gets fixed before spending any money on the pay version.",2,1,1.0.726,2017-03-12 12:20:42,Please update. Finally seems I fixed harvesters ),2017-03-14 04:28:30
gp:AOqpTOG6w-mobPe6jF413viivykCekLXhovWySwmIXxkjGC6-Qgtvh-UnQF0iJHKLFIR8UViDgPzW3fsh-dXIw,drpresentacion,https://play-lh.googleusercontent.com/a-/AOh14Gjs7nkp1bnXDmuUDMXHq4h_GyHS126biJ5o3ETk,Buy this if you like to play rts games like c&c. Its a c&c on the go for me. 😁,5,3,1.0.724,2017-03-10 07:01:54,,
gp:AOqpTOHmj0I9k4TeBW2SlUI6iYBkCXoD6Wm8eryFpW-q3u3m9WBnVKpmx-mw7H7lMcPooO04mnOc-XMg-yW3ow,Nazr Al Haq,https://play-lh.googleusercontent.com/-_lK5GngvHrI/AAAAAAAAAAI/AAAAAAAAAAA/AMZuucmA35A78t0YCitZPcGSjb0VJrRQkA/photo.jpg,money back please,4,0,,2017-03-06 01:13:48,,
gp:AOqpTOGG705H7pEeEAqgsAjRuJ5wEZXzgwnSsyW5J7JZYLYgNn1O77qU7AZI0I-VBS_JdWXiG5BQHpQkv2BzwA,Harry Percival,https://play-lh.googleusercontent.com/-HnJTDvOBdn0/AAAAAAAAAAI/AAAAAAAAAAA/AMZuucmHFL5tCg4ffOhSAziq2STA0Arr0w/photo.jpg,Been playing the SUNs game for about a year now I like the upgrades and maps only thing that I'd like you guys to do is make more new units to buy and make better graphics Guns need too be bigger and better make God like units like heavy duty units make sure you get time to make this Redsun game more likely to play oh yeah this game needs more players to fight with i need too have a Redsun game but there are only a few people who play this game besides all that bloody good game Go Redsun.,5,8,1.0.712,2017-02-24 16:16:03,"Thank you Harry!
Yes I know need more units.Maybe I'll add a few one, but there is a limitation of the engine. Next month, we plan to go on VK (rus facebook) and then on facebook. I think this step should add more players.",2017-02-28 01:11:02
gp:AOqpTOGH34-lnd4t8BkRGE0yA9MWn6az3juCyBFSsucSQ2rkosQTfvkIva0-kWJJnMJCifHQT1PTg1LE_CjUTg,Kezza Salmon,https://play-lh.googleusercontent.com/-D5pI3TzLq1s/AAAAAAAAAAI/AAAAAAAAAAA/AMZuucmBRg8wIWkj4B-DOmcNYKZQarFl_w/photo.jpg,"Original RTS... only annoying issue is your mapping... tell me how a swarm of enemy units on the third stage can freely drive over a cliff completely cutting off my defenses. let alone early game? but my units seem to struggle. plasma tanks, crusaders, rocket buggies and infantry vs 3 minutes of being a base with 10k Gross in total. they eat through everything and know where i move my MCV every time... thats a major off put. thats like swarming a base 2minutes in with mammoth tanks on c&c.   I would like to see this fixed or if possible a refund.",2,3,1.0.712,2017-02-15 12:46:08,,
gp:AOqpTOEu6QIsMZVc9deSNyaFxSDIMDAGQalmdzILgHcmoSYKqEvKi5k98WypGfcgwPK_FF7mTnMF3rCPMq1Nqg,Tree Potato,https://play-lh.googleusercontent.com/a-/AOh14GgHZZjDZIXrpQAYQVspjZoCiuZ0HK1cFKJpSMsM,Wish I had more space on my phone to keep this. First and only decent RTS on mobile that I've seen.,4,0,,2017-02-05 10:07:53,,
gp:AOqpTOGNSt_Dmtbdew7iF-KKp3CCxMX4jKV3t5051aDmUpHvGan1bR32n3t7p_jlTNYlkM3cFBBr7PUF6pYPOw,Going to Space,https://play-lh.googleusercontent.com/a-/AOh14Gj4pikftcELDvz44sV0dDpxp3kxNx1fjUE5i06xxA,"this game is good but no the best on android..so far project y is #1,second imperium galactica,",3,2,1.0.671,2017-02-04 06:29:51,,
gp:AOqpTOGrP9TCu1z5UHsOUsr7M_r0WiajnDQy9K8_HUX6bA4-F47amKcbrt3yufoYRa_9QHnJdQx44s2eWdARcQ,Shimiret Trex,https://play-lh.googleusercontent.com/a-/AOh14Gg9VaLi7qVlIv_JZR8jhrHhpMu10dMilrOHDSDYew,I think if you can put another enemy base of scorpions a new enemy for us and new base that will be good.,5,0,1.0.706,2017-01-27 09:11:03,,
gp:AOqpTOGs2GUFanJeiYiUwFhX8YcWenL9eCcuYdNQDD3j6toa-XJ2vEn4xt8E5DdIzJbpDXqdpxIgngKmgw-jpw,Bob Dylan,https://play-lh.googleusercontent.com/a-/AOh14GjHA8_b-Ztk6NKuORV3QBKUUlMm-NFSWxapZ7Illw,Its a bit laggy. Moving units around is difficult at times. Have to double tap to move to a location. Selecting multiple units vis the two finger pinch should not move the map around as well. Overall its a good game but needs work. Hope the next update fixes some problems.,3,5,1.0.706,2017-01-24 13:10:15,,
gp:AOqpTOFsdQfKNYUWSoAruo8_1lHxDsh-_l3H5qSnWMAAwRItObxe-njyqu4yT8TKIHw1gTBlx5JwXlu9LKx8Ag,Brett Roper,https://play-lh.googleusercontent.com/a-/AOh14GhEQm-8PBnx5Iz-g-M2zrPP_bq-WtyDGepstDUvkA,But the allied campaign needs rebalancing,5,0,1.0.706,2017-01-20 07:46:30,,
gp:AOqpTOESnFnNLpTP70SqcAYfuKxfJK_6lk5tGS9n8pvTzQQp-Sgp3SQ3yyoltCmFT_hbd4znl9UWM6BLkKdCBA,dexter ubales,https://play-lh.googleusercontent.com/-r-31x5iN_GQ/AAAAAAAAAAI/AAAAAAAAAAA/AMZuucmJw2McCdK7GThKtCQdwai-djppig/photo.jpg,Nice graphics to me thats great to creator of this game please add submarine!,5,6,1.0.706,2017-01-16 10:40:47,,
gp:AOqpTOE-wCMx5eUHLENj6vLcgHqyV-moVPe47a3pBVP55goafMY_Av12gzE7BMOZaqxBwbXkngeAY6G55jNmWQ,ひきこもり,https://play-lh.googleusercontent.com/a-/AOh14GgeffkeUbwZSv_uxSvqu08rquD4j8beZSmxdeaJ,Great Game! Red Alert for my phone :),5,5,1.0.706,2017-01-13 16:43:50,,
gp:AOqpTOHdeNMaw95uljJG0hgtxyoTqybgUjIVqB835BxJsiMHTB8OdhF7qU8EZezXwOOwU5oTnuMb7M9sNkV8tw,Steven Pitcher,https://play-lh.googleusercontent.com/-lrQDSUvvQsU/AAAAAAAAAAI/AAAAAAAAAAA/AMZuucn06Tl0exC873hirS4f4ttvOKl3lg/photo.jpg,Very RA2 in units and very Tiberian Sun in graphics and gameplay  (which I love) good game I bought this and a few other good rts for phone good buy still good game after updates,4,9,1.0.706,2017-01-09 16:10:37,,
gp:AOqpTOH3kQGbD5medhlMutgI8EwxJcytrdOnqI7QJ_MxnNUTjTv1iUzokj_0p6HdO2ADvX6IaZX4Jy_24rGQSQ,Dara Vann,https://play-lh.googleusercontent.com/-thKQV-VUyCI/AAAAAAAAAAI/AAAAAAAAAAA/AMZuuckuLiWorwgr2yp59QisaDzZNxU7FA/photo.jpg,"I like the way it feels make me feel like I'm playing red alert, the only complaint I have is that I don't know how to build some of the vehicles like the striker",4,4,1.0.702,2016-12-29 19:54:46,,
gp:AOqpTOFBNZ1MlA3aZ5DvmCTW_tWVQDKta7Pv_RN12EC9SDMYQtdKuL93TdaR_iWPZaEufsw3s1fMzj9OVvVq9w,Mike Ward,https://play-lh.googleusercontent.com/-1meFcKHOMOs/AAAAAAAAAAI/AAAAAAAAAAA/AMZuucn9dU5vxb4nH21ydncsdjXofQ9wXQ/photo.jpg,Brings back memories of red alert,4,2,1.0.702,2016-12-27 18:15:40,,
gp:AOqpTOG2M4eHp-bKtESSo8YFElAMrmvPXKMuw7Xkc1Au-0_TWlS3IKhIMOiV2iLWszYKNq5VYkN3N6MKr1sV3Q,Rosdi Rosdiganu,https://play-lh.googleusercontent.com/-Ked8hxQnMz4/AAAAAAAAAAI/AAAAAAAAAAA/AMZuucnXZJYixuXuEyVjGGAvG_Jku2S7rw/photo.jpg,Redsun adalah game terbaik..tk payah susah2 gi cc semata2 nk main red arlet,5,0,,2016-12-27 04:23:07,,
gp:AOqpTOEtGt7nXQSab4ZpTZ7sKONNx1L2aysUpfMlVcknzgZjk9leqK5HPCRPQYL46vSRrfi-HaNHyHUeRe9oIw,Sean Mcclean,https://play-lh.googleusercontent.com/-OFaML2UEM5o/AAAAAAAAAAI/AAAAAAAAAAA/AMZuucnbOj5td7j3pyiPKPRx-3JIQu2DgQ/photo.jpg,U mentioned there being another one of this game u was making what is it called it gunna be called,4,9,1.0.614,2016-12-18 20:18:27,The latter company is already testing mission. It will soon be updated.,2016-12-05 03:41:50
gp:AOqpTOHWG9wqxrcwm9lunZAlBf9J14ptXe65bab5UlSxIOHR_WQPYmJ_AAVMMID-si8nGld0nnbHjYwbu_GTew,Skeleton Hhfhjerj,https://play-lh.googleusercontent.com/a-/AOh14Gg7BHgAgAk2H_n8ATiqHJ0Pyac3fBypL-kO_u_a6A,Plz add walls and 2v2,5,0,1.0.692,2016-12-07 19:03:19,,
gp:AOqpTOGjKAJmWyQqgO28MeEqE9DDVk25wILFtgbvP55YK0ZwRPHvoBqeme6McTATL8-QhMG77HdWTcVQYK0Ieg,Jovanny Gito,https://play-lh.googleusercontent.com/a-/AOh14GiTPZuDbyT76ewLW3ByQQQWFwygsmrvjFShNgF57Q,Red alert and yuri 5 star,5,2,1.0.692,2016-12-05 07:20:52,Thank you for 5 stars! :),2016-12-05 10:24:34
gp:AOqpTOGxEXgaTXgq1_u27vflSjqOD2z0grKjdzScRUe7YuYgV5MO0-2Q7SI2-U7KdDuCH-H5rzrAok7KPc5a5w,Diman Dragos Adi,https://play-lh.googleusercontent.com/a-/AOh14GgPmccrQsoKENyFAcIPAEBy-s81Rfs2JVaCciqWaA,This is not Digital garbage this is Digital gold!,5,2,1.0.692,2016-11-30 00:41:57,Thank you :),2016-12-02 10:35:04
gp:AOqpTOHRAwvWtmwVnAeK4ztyJoHLZPj8MBERNCg6EUaWtmVQRhkoXPODx-wKvXafgOCsJJm6EhQzCxh8Fzj-yA,ali plevneli,https://play-lh.googleusercontent.com/a-/AOh14Ggujz-q6sJ7u5Z_aoC-MrL74DTyxqk1KpmlPtrKkw,Fake Red Alert 2 awesome 😂,4,0,,2016-11-29 01:05:26,,
gp:AOqpTOE90uhumodcGtv1u1Q5YPJZUytdciNEkw1mH_aL_RHSDQit5xi75txResUkxBkptwJtl0fsp-jtwyNbQg,Chris Whiteman,https://play-lh.googleusercontent.com/-I7Y8e0D8RK8/AAAAAAAAAAI/AAAAAAAAAAA/AMZuucmSnUFp8pJzZd2u8Ywo4rQm7cSeZg/photo.jpg,"I've wiped out everything in mission 3 for the allies, there's nothing left to destroy but I still can't advance. I want to play the game, as it's good. But it doesn't work! Please sort this out as I'm stuck again.",1,13,1.0.692,2016-11-17 13:20:32,,
gp:AOqpTOFMXH4pG4DLl1h7HU6HV89wQqzEFXoHQJonEUwZI35qsjMMFDia4LTyNyrJWEaKJ1hUA605YBrg4e2Bcw,UlMcPenguin,https://play-lh.googleusercontent.com/-kfZ7qufOexE/AAAAAAAAAAI/AAAAAAAAAAA/AMZuucmG7bwVdn4EBry6zCrsiZfrXblYCA/photo.jpg,I bought the game but it simply wont start I really wan to play it but it wouldnt start!,1,3,1.0.682,2016-11-13 20:29:41,"The last version, should to work on Huawei phones",2016-12-08 21:46:23
gp:AOqpTOECs1T7fgi0mf2ClbE0cC3iKW7_7FVf7nqIstGUNfCTjKF6zM6eqzfP4iWv_LwB4mR-3-rvigOmu7ToXg,Fisher Wagg,https://play-lh.googleusercontent.com/a-/AOh14GhHfn_lsvMEz7J88SQEWIqPtU4pw81iN591GfQ8,"Ive been waiting a long time for an app like this. 2 things though... On phones it's very hard to see. There needs to be more zoom. Second, there is a lot of text that can be thinned out. I suggest maybe hiring someone to help with that. It seems english is not your first language, so maybe bringing on a native english speaker could help. I'm a developer myself so I understand that's not high on your to do list, but it could really improve your userbase. Otherwise, as an OG RA2 fan, I salute you.",4,0,1.0.678,2016-11-13 00:12:26,,
gp:AOqpTOEaljy_YqS0nrGmwoPlI3QaJ2MIyPG4N-4c2d1vI5In-tES7ahnVpsRsxC6rmUnX4iMkcZLTlMdDWYe5w,speedy boy,https://play-lh.googleusercontent.com/-RRmc3RtvgI4/AAAAAAAAAAI/AAAAAAAAAAA/AMZuucntCyLBQXtnBdhZlH9xS_bkSv0nHw/photo.jpg,"i keep & played this game in my phone from the first time its been listed in google play, because i believe the developer will keep maintain and update it..and now its become more better...May i suggest to developer to add this 1. add couple more bg musics, 2. add 2 or 3 other army team and last make 2, 3 or more champaign and skimish maps..i believe if its get those update it will be complete and you may focusing to new or other genre games...",5,0,,2016-11-10 06:00:24,,
gp:AOqpTOGyohWpZYd-lJ9WpXL_UXIwQZJhvPXgePKMDhiB8s6PUC6NO0AjSk8O9poqKHYemQXd1Xtb-VkyeHbM8Q,EANTOIITIISE PRODUCTION,https://play-lh.googleusercontent.com/a-/AOh14Gh6maT8EdIWpiviwWBNlfmfQMlGzkIM_GxMoWzrhg,Need new maps in skirmish. Im loving this game anyways.hahaha just please more maps hahaha,4,6,1.0.672,2016-11-05 08:47:07,,
gp:AOqpTOGN-GngXQVuLiBtn7RRHegWQi6JbSA-zeiZL7DO7OQDhog28PljATDNTaPFqPU9-OdPnvvqloKt0PqwVg,kid cringe im fucking funny,https://play-lh.googleusercontent.com/a-/AOh14GirJKkVHm31aKXsgyqEe3hq1vChoyxOis5-HXRD4g,"I know how to play sta games I mean rts, I used to play dune 2000 for computer way back in the day it was awesome, I would give more star rating later when I play more Im sure it's just like dune, I just don't know what some buttons and stuff does, the tutorial mission don't really tell you what some buttons do and stuff I have trouble try in to click on units to k8be and stuff like I have to hit the x and stuff but I'm sure I'll figure it out the more I play it and I will give better rating sorry for long comment xD",3,4,1.0.671,2016-11-03 00:38:19,"Thanks for your feedback. Functional games is growing rapidly, and I do not have time to do description. Unfortunately, this is a big problem :(",2016-11-03 10:25:42
gp:AOqpTOHQu6qJJxabPWX_YtrF4z7RzLaSmhtVwxpLK_Sw-Z77kKFhGFbVuUxitVMfIL6GGSU694PgMqdyNkTKdQ,Ruebin Dunson,https://play-lh.googleusercontent.com/a-/AOh14Gh7LNIe9HSjA8Bk5ljR0VorzqxVm6doxk8eZG_rnw,aint no school like the old school,5,0,,2016-10-31 21:41:42,,
gp:AOqpTOGDk0LgoxPmagb2UQWpnlAOgyKRQxqgi5HzCgO64jHTWEUvlelP3IITjuM3Qrr3cIEG_ytDQzxNinU-tQ,Eleno Malesido,https://play-lh.googleusercontent.com/-4dh-7DLuAqk/AAAAAAAAAAI/AAAAAAAAAAA/AMZuucnI-k8XfBLh3BFPrS14g9biZ5Sttg/photo.jpg,High 5 superapps,5,1,1.0.663,2016-10-22 03:34:53,,
gp:AOqpTOHucHj_K_RSfVbL6o-thTC_Jr5A5wY8Wu0QFy4j7O_9ZVTNT5B0soDDkeubOE2sTcP_6mQy5baIO0UtJQ,Владимир Иваненко,https://play-lh.googleusercontent.com/a-/AOh14Gh-skxK5v-4SKS2FPf0GUYI4gzPiBZ_Q33C2qr0xw,"У меня 5.5"" телефон, но даже с него интерфейс игры слишком мелкий",3,0,,2016-10-20 12:12:02,Согласен. Можете предложить что то для улучшения? В настройках есть галочка для того что бы сделать кнопки строительства большим размером.,2016-10-20 22:20:23
gp:AOqpTOGamm18UQE-RK8sEprQD28H-bqUhJI--hegVEa1OAyMYs8sLWnPjHkLjo6LTuxj6pky0Ge54eOEtW6X3Q,Puuchai Puuchai,https://play-lh.googleusercontent.com/-AEPTkK4BRw8/AAAAAAAAAAI/AAAAAAAADBY/AMZuuclGZs7tHKZcn8nLU3o0U7UkRz5SjA/photo.jpg,Good,5,1,1.0.653,2016-10-17 09:50:06,,
gp:AOqpTOHsvxbaTupYhlmn9qC4TWNzDXSG7K7sRmWqCpWOQwfOKiMx3zRKI7NHktd3Skb2odb7sToVgnVeSCvfBA,Will Glade,https://play-lh.googleusercontent.com/a-/AOh14GhtA5aq3QTQHicfetiinVxOYp0EvyuN2CHDGx4L,"Only one problem: It would be nice if you could put names on the upgrades. Also, how can I become more involved in giving suggestions and feedback?",5,1,1.0.663,2016-10-16 08:59:31,"Thank you. You can send me a mail, or communicate on facebook.",2016-10-16 22:29:32
gp:AOqpTOET3p8MzSxokgnBW6p-GDsY-mRsmfmIwJzKPZL5FB3g-nFfebAObO2-mDO_4Ib8WZPpoL5HnOJYwnHqlQ,Eugene Ng Ee Lu,https://play-lh.googleusercontent.com/a-/AOh14Gj0-jepITy9tUSGVU2E4mq-a1BdPs2SamY3ZVQk,omg... u really bring back my red alert memories... excellent gameplay n execution.. nothing more to request except maybe ability to choose colours... but it's really an excellent RTS game available now... keep up the good work and all the best :),5,6,1.0.663,2016-10-14 01:52:11,Thank you :),2016-10-16 22:29:51
gp:AOqpTOEMOEfRGm9x2kn_nw6FqnVwDHrVLvKWUvU1vvgiLy0IL96wId_Wt0xf81AHjYftrDHR3B6_k--RfDDHhA,Daniel Johnson,https://play-lh.googleusercontent.com/-dfTH8ZXoDXk/AAAAAAAAAAI/AAAAAAAAAAA/AMZuucliDAaaB0AgeCEnmOvR_82A7tDTRQ/photo.jpg,It will not open,1,1,1.0.663,2016-10-11 15:56:15,,
gp:AOqpTOG8uSGJcauR_gCAy0hi-Fw0KNVpNDBwlw1b73RvSYhvDltBnuLZ43c1V9zpzytkL_oHOpZIRY9b6VpW-Q,AljunTV,https://play-lh.googleusercontent.com/a-/AOh14GidHuQbdxlYEnhD7gxIL-NM9Rmwp8v6h2_UMBNBHg,Thanks for this app thank you so much Юрий Несов thank you very much mwhaaa...,5,2,1.0.663,2016-10-11 06:59:16,Thank you too :),2016-10-11 10:38:50
gp:AOqpTOEdsZaaC_dGnyJ_cwXmlwhvWUMboxoszWj2Wu3oHqOWIr85TIPV9L1ZnPe7nHseYblf2Iav0P0QFi1vlg,Tora Tora,https://play-lh.googleusercontent.com/a-/AOh14GhHW6dd0KH4w0m4QOyp7B714MhhPH87Cn0-e0nQOQ,Alwys stuck,2,1,1.0.663,2016-10-10 23:22:56,,
gp:AOqpTOFcHmv9b9ca8cHWTVe6FM5Au9mQgrOAn4UihqLJPabq4rRCT666D4YCCneh-gjAUcF09YMcCyZBUIAS_A,What Name,https://play-lh.googleusercontent.com/-XuPGzqUWXqY/AAAAAAAAAAI/AAAAAAAAAAA/AMZuuckkHlhwuYPsttYQ27RgPpGD3DMFtw/photo.jpg,this game reminds me a pc game command and conquer generals : zero hour :) in the future - keep this game updated !;) (edited) Make loading screen scenes ;),3,3,1.0.653,2016-09-26 08:03:55,you can update. New version 663,2016-09-26 08:45:50
gp:AOqpTOHl43bsqqPitgQ6vTPBh3GcJeCkaCcSJ-CDgt_vg3O1E1Ft70SrjDCYgJb4NB2hVq1MjBopyUefsV8fhg,2 vaj,https://play-lh.googleusercontent.com/a-/AOh14GgcgKb3kgoEKdGjSq1IGozqP0w5RD0ONmC4zGzB,I like,4,1,1.0.647,2016-09-21 00:59:20,Thank you!,2016-09-21 12:31:18
gp:AOqpTOGw3-xyTTtJsQ8YGd21y1AhrTLvrBQIE8GjMlSYfwVooV8Oi2erMAVtavnTRsSO-IVrIA9QB40k0oQItg,Wesley Mclintock,https://play-lh.googleusercontent.com/-Z4ClJEBMHxo/AAAAAAAAAAI/AAAAAAAAAAA/AMZuuck1v16RDJY_LDAz_8_82BIr3RN-tg/photo.jpg,"Brilliant game, like original command and conquer, could do with a bit of an engine upgrade for future release though, harvesters tend to farm together on the same spot, limiting efficiency, any more than 2 harvesters on patch of Tiberius is basically useless, the grid the game is built on is too large meaning if you try to click on units that are next to other items it clicks the closest items sometimes, not a deal breaker but annoying, all in all a brilliant game for what it is and costs, true RTS with skirmish mode 1990s style, really looking forward to the dev making a new game with an updated graphics engine, maybe with open to es 3.2 + Vulcan support with graphics options and another faction?😁 Maybe I'm wishing for too much, well worth the play though.",5,1,1.0.653,2016-09-20 04:45:58,Thank you! New game coming soon.,2016-09-21 12:30:04
gp:AOqpTOE6FQkpxxtxP0Wa95KLwHBsrMrvq0RroVgCIVqJNvNVV0Tn_OC-87abg9e_KZJXfXQBzrsnMJfu8MAtcA,Bubba Jim,https://play-lh.googleusercontent.com/a-/AOh14GjZ4pf1pYND-SOdeFcgmhZoA2F8kYw70vN1BUPJ-Q,"then there's nothing...just black screen, already remove folder, internet is ok... still black screen",1,4,1.0.653,2016-09-14 11:30:01,,
gp:AOqpTOG1xS8nsp96HR1bMQ4YwYHZNBZe6_wvblBZ7JZtwE0qhNqOn7fSCGHuiFEOVitOeLwqv6ZrsAxgSUjBhA,Fred Snyman,https://play-lh.googleusercontent.com/-Cw9-ZB9mUS4/AAAAAAAAAAI/AAAAAAAAAAA/AMZuucn9OICkHZLqTr2xFme4ZBEywe2qag/photo.jpg,"Game doesn't want to load past 72% loading atlases.... only happened since latest upgrade. Otherwise, it's pretty awesome!!",4,5,1.0.653,2016-09-12 12:43:48,"It's not good, I will check, and try to fix.",2016-09-12 21:32:18
gp:AOqpTOEj6m-mQkxkGxKv9Aen3R3IdIGLRqymUfjm1ovLH7A0lW-cNvfbRVwfWz6eLuc9GgYravObnOXBGtOtDg,amirul nashriq,https://play-lh.googleusercontent.com/-EbBcoLH_RF0/AAAAAAAAAAI/AAAAAAAAAAA/AMZuucnWIITrAi3_ICp_zJNb_Xm6v0YQOg/photo.jpg,why ?,1,3,1.0.636,2016-08-29 05:08:47,"I don't know. Some time this happened. Try remove redsun2 folder on sd card, and start app when internet connection is ok.",2016-08-29 06:07:34
gp:AOqpTOEkAv4XszGCh5KxdCMN86r2L12vsqUpiDBrvtZBY_IPFGgEg_NUxyvQdJ2Cg5WUvJPrzeOiADqlBJLCAw,W Jones,https://play-lh.googleusercontent.com/-2y9FxhgTeAk/AAAAAAAAAAI/AAAAAAAAAAA/AMZuucloxpRZWfCodvinfGUkDh9SS5R53Q/photo.jpg,Thanks for making this amazing game,5,6,1.0.636,2016-08-21 04:23:40,Thank you!,2016-08-21 06:43:21
gp:AOqpTOHf3Bru8tgS8hURvv3C1rs6gUCA_rKk-1FbiB2DXeRcceuHVY5uqthH8O-ZBkQuIhc4escThZGQ2GqdOg,James Hamner,https://play-lh.googleusercontent.com/a-/AOh14Gi_onThnNTQ3Kj0LBvb4h_1fAsIF2uicLqpAccJng,I'm just starting out. I did notice that campaign button is spelled wrong on the main screen. Doesn't effect gameplay just annoying.,4,7,1.0.636,2016-08-20 12:57:20,,
gp:AOqpTOEcdw-qBOWWcdEYYSDwOmeoexWL3z2pg6BPGYRP2Ey8xC6Whl7IiNLnr5R4Ko6uy2p_sh3wccJBGSVJKA,MR AD,https://play-lh.googleusercontent.com/-h2veCJPqgTU/AAAAAAAAAAI/AAAAAAAAAAA/AMZuucnkWV6vwREMHbQTX-mV_ln54TyRrw/photo.jpg,"Thanks,now it's work perfectly",5,1,1.0.630,2016-08-09 15:43:30,"I don't know, may be not enough free space on sd card or bad internet connection, try to remove redsun2 folder on sd card and restart app.",2016-08-08 20:55:45
gp:AOqpTOFP3LDU7B0H5vq-I-zMtnzbtzMSVJYHLTvi9MOb74I61JAiX5G6SzqdF9pMpMIeBY5AKY_RRoqlvi5lvg,Chris Farthing,https://play-lh.googleusercontent.com/a-/AOh14GhZ82QsQobomGzAx4IR22epxVUrcXe4Aj0_CMwk,Brilliant RTS for mobile & tablet. Only problem I can mention is there's not enough players!,5,2,1.0.624,2016-07-26 09:59:27,Thank you!,2016-07-26 10:57:42
gp:AOqpTOH678Xg_62dJXq-GlCcHt9BjfBWwWs_e6iAFbQeet3x47iLNDjz_AZvsV6GVsGykfCFMaRUD1X3iqfgPw,johannz aquino,https://play-lh.googleusercontent.com/a-/AOh14Gg2AW6KBKkXvefTSXiAhOjVw7x1Z9gnLXolQ7WVWg,No more glitches while playing skirmish. Amazing guys! Could you please add more countries and more types of soldiers? I wouldn't mind buying them but I would like to keep them. Trully awesome guys! Keep up the good work! Oh and another thing. I'm not a fan of online gaming but if I can fight multiple enemies on skirmish without doing online that'll be amazing even if I had to buy that option and keep it. Thanks again!,5,3,1.0.618,2016-07-13 05:40:36,"Thank you! We are gradually adding new units. Unfortunately we have used the platform has a number of limitations. 
You can play skirmish offline now, without any pay. For this you need start each skirmish mission, after that all needed map downloaded on your device. And now you can switch off internet connection. Skirmish should work.",2016-07-13 06:21:34
gp:AOqpTOEaMmBOtPOTGuUJiaCOqNu8GviF-dM3f4Sv0TvJzrJ768-tvqh1H2pRVEtIHyvXRGagQ36tyDmJvUBjcA,Dylan Varney,https://play-lh.googleusercontent.com/-3Wd56y0pSZo/AAAAAAAAAAI/AAAAAAAAAAA/AMZuuclb9vstTaR2p1j1j7VAN7Csk721eg/photo.jpg,Great game. The USSR is an awesome faction to play as. Suggestion: could you make naval units?,5,0,1.0.618,2016-07-10 06:26:33,,
gp:AOqpTOGe1_rDNasmzYion6SIvv6uyA1QY0EPUjMDbc3b4NDSXCwKLuKW75tXNbwBExpVZKHloRiA3JECNIUvSQ,reaperofpews airsoft,https://play-lh.googleusercontent.com/a-/AOh14GjJ2K0q9aIrrU6IszxOHdouPXpNh6e3ZLcViCR5,Please fix this asap,1,0,1.0.614,2016-07-03 21:33:20,,
gp:AOqpTOHeq3PbGxw_iSYTIl2So_nBGx3phgNYxNYkdf65A8-FkA0rhp_s53n_S1TYBODclE550rXaC2U4pvCeGg,Erek S,https://play-lh.googleusercontent.com/a-/AOh14Gi7h2p-x1pJwGBcF3dYqjbNlSZT8OYg46S8Beb9,i have been playing command&conquer since I was 8 and I literally own every single copy of each one even every expansion pack they came out with I've been down since Westwood.... Keep up the great work I just found this game and got so freakin excited thank yall so much I've only played one skirmish so far with the (GDI cough) side and the female voice is what made me say yep these guys know what's up again thank yall and keep up the great work.  welcome back commanders.,4,2,1.0.614,2016-07-02 10:30:49,,
gp:AOqpTOGg2VnCwSO83TAkrZDD2X1OTVoBgN2YEuJ2XBOUCHYmrc2IiCkU8XES_7Q6CspTHuUFsbFN-KVh3kz3qA,Theo Hughes,https://play-lh.googleusercontent.com/a-/AOh14GjLS9uxf-JCplUJkKEcEsC5IjsnOzsa3p1Xbioy3ak,"Says not compatible with my Samsung S7, worked fine with my Nexus 6. Any fixes? Says Context 3d not installed.",3,1,1.0.614,2016-06-25 11:46:09,,
gp:AOqpTOG-L7w3iQ3hLpAaM8x2ErK41Nz3ZEw9mCxwj_CjjKQF-eIVNJLUU4YMzWuYltr4Om_topQk52YqAQUVXQ,Mark Sanchez,https://play-lh.googleusercontent.com/-8Uxz5JzB7VM/AAAAAAAAAAI/AAAAAAAAAAA/AMZuucnfrGMvhXLNC4zVS0a9AiE1dQG2Sg/photo.jpg,"Worthless, people bought dis game for nothing... asar......",1,4,1.0.614,2016-06-18 08:03:52,What not existed?,2016-06-18 09:24:34
gp:AOqpTOGxVq7w_spHPHIoq3cpc86Zzj-Hl48Rrn9BGoKZD1wvj-I5uO06bfphycmnBk4p4ZcwKuIQqn-bxIjLhA,Vernon Denison,https://play-lh.googleusercontent.com/a-/AOh14GjxjxmY1iz-M7nIctTTzmczmg6AzPKlD09P-Dt5jA,"Another update that as messed this game up, why the hell did I bother buying this game, every single update mess this game up,do not buy this game it's a joke, their are other games on the playstore 1000 times better than this rubbish.",1,7,1.0.614,2016-06-16 14:29:34,,
gp:AOqpTOGubLZfhFHxXyuc7EUx_rjR7qUuZRxc6W6SYElHDIO3tQjlumbhOklxBSnznWoCy5rEFthx8PYz8PSDDw,Al Millington,https://play-lh.googleusercontent.com/-QtrYV3Kq0VY/AAAAAAAAAAI/AAAAAAAAAAA/AMZuuckRJyvluydzGZjFCoeG86NZiQBX8Q/photo.jpg,Stuck on loading and nothing worked. Sadly.,1,0,,2016-06-04 16:51:51,,
gp:AOqpTOERWXEzmhK6G00PkPhsohC5dahwjHeu3ke1n6Ngj8xjse5WY2TDyeBuskX0H2VZHLvysa48c2hfTWLSlg,imran hazim,https://play-lh.googleusercontent.com/a-/AOh14Gin1bZsL_zGuT3G4gSYpZTy0HyIa_2NgphGTK-9WQ,"In mission, enemy move faster than my unit",3,3,1.0.605,2016-05-25 11:47:52,,
gp:AOqpTOFe8Jcz5qm6h_WhcsL39sG3r-yv8xatGFD3cw1Zja_3fTmTwZ1naNwcmsFlLcA37y39KREOwo9A8MPN1g,Sean Garnett,https://play-lh.googleusercontent.com/a-/AOh14GgAR6TKDTSucN1hTsgavhX4MFHSTPxd-TuKAlNYdA,Be reply good if the graphics where better and it save date but brilliant game well done,5,1,1.0.605,2016-05-24 02:22:52,"Thank you!
graphics do not promise to improve :(. But the new units and the mission will soon",2016-05-24 04:08:56
gp:AOqpTOFQLtRiRwr6VVj1ROmzW41E3Bhftqm0nEPI5TQBT6XhCrjJJ3Q5qxYd2ouZufFF7MmR87mqeyFVxtaGwQ,Lefty G,https://play-lh.googleusercontent.com/-a06xdfMkRwE/AAAAAAAAAAI/AAAAAAAAAAA/AMZuuck7NVSG2RyfxOYUTFd183zj73EptQ/photo.jpg,Excellent on my tablet it's just classic c and c,5,2,1.0.603,2016-05-13 08:33:55,,
gp:AOqpTOGb0SIVuw2K37w0Srn4QDp8fPbNaCMMG95ZmL9TSv0CJp4j24an7da2fiIQChPx_tJ2-wMhSwTmJ_lx0g,Richard Adams,https://play-lh.googleusercontent.com/-lmwb9vZJHPQ/AAAAAAAAAAI/AAAAAAAAAAA/AMZuucnctxXjl6xqcG8c_qBnSiB5ATmUfQ/photo.jpg,If missed the old command and conquer style of gaming hope it keeps growing it's the number one game I play on my phone now.,5,4,1.0.603,2016-05-09 17:01:37,Thank you!,2016-05-10 00:34:14
gp:AOqpTOE5ZS8b2kujTcCaMT_Njnha9Zg8sDZTOFSLKBhbwAyI01ainp6kCcajKJWieWLcQeu0a6UzvYIXOiRweg,Tim Letby,https://play-lh.googleusercontent.com/-mzOa2-iGBdg/AAAAAAAAAAI/AAAAAAAAAAA/AMZuucmU6VAV7XDeaECXYLZXNIyVhCLRFg/photo.jpg,Amazed this is the first decent one of these.   Nicely done.   Level 13 won't finish though?,4,0,,2016-05-09 14:50:13,,
gp:AOqpTOHKQSTG_9e88GTswMwFTySvJKiEF2KG9r9MLB-qqyejY0OtbnEEmLvYgX2uKQP-NHtDJkAGQOAbTpdohA,Nick b,https://play-lh.googleusercontent.com/-fznWrOsS8Yc/AAAAAAAAAAI/AAAAAAAAAXw/AMZuuck0bfesuAbWFLnWjK9iPWzthtle1Q/photo.jpg,Great game with lots of potential. Just need 2v2 3v3 and 4v4 multiplayer matches!!,5,1,1.0.603,2016-05-08 09:32:55,,
gp:AOqpTOHxD_xtr4I16BXGi9s-4zyKTMlPmG1FN0uy6Vlh55qPCmLKqi37SxVwvU0zY6JB3cV-tgdtiJPjdtql5g,Clint Webb,https://play-lh.googleusercontent.com/a-/AOh14GiDIq5DJ7b9G2Jfnqb84UA-Mp-NK5MDIUmN8bjkaw,Won't let me do anything.  Cannot build anything.  Cannot restart the map.  Controls are not intuitive.,1,2,1.0.603,2016-05-05 17:34:45,"Yes, it's a difficult game.",2016-05-06 02:52:34
gp:AOqpTOFRA0UMVG3FYwSscEg8rU-7AgugLMBxTy3PdqRYxCYnJTZQRn6DMud9r2Z6_YlAy_7TT8SUvFlSRyF-DA,Tristan Curry,https://play-lh.googleusercontent.com/-jxAzR7LtGYw/AAAAAAAAAAI/AAAAAAAAAAA/AMZuuckL7YlPObOuxItaV4W35x24m4hcTA/photo.jpg,I have been trying to find a game like it well i found that game thanks very good,5,0,1.0.603,2016-05-04 05:07:01,Thank you!,2016-05-04 09:44:32
gp:AOqpTOEmnfwRcHzEWkzdOUh2bvMKzflnnAw_TbfS3fJBBuo_qHMU7utVggh-qaZuC6sIE5k54nv9qMUyUwb9Ow,Just Tryin,https://play-lh.googleusercontent.com/a-/AOh14Ggdg78W8bW76iBKthD5yQfSYNZe7CeZv7FglJYxtw,"Now it has the right thought, but super glitchy and not smooth whats so ever. And their should be a discretion for every unit one highlighted, witch theirs not. Please fix and 5 stars",3,0,,2016-05-01 18:37:43,,
gp:AOqpTOHznc0d7nbdzDkhDeX4wMrBXnEZ2SB1g-aSoxga5kbAi1FOQfKtiW2ZvaiN7KDgmF3jBzjX_9k9v6xGqg,Lee Collier,https://play-lh.googleusercontent.com/-gV6CptS-rDM/AAAAAAAAAAI/AAAAAAAAAAA/AMZuucntnoChpr3GDBd7mMOV5ZLon-pP6A/photo.jpg,I have been looking for a C&C game for ages and for me this is just as good as the original games. as I'm a bit of a build a holic I would like to see walls and gates structures and more buildings added such as nuclear power stations and repair depos ect. Keep up the good work guys!,5,5,1.0.603,2016-05-01 02:48:57,,
gp:AOqpTOFaNBaqCY4uNhAEDjolD8pco6cIv-EV-jvgEmYJ0jzSo8NPS2hN2Dnxj0vJH_9x7oD6OLaTkMHbOu2CDg,Feliciano Ollivierre,https://play-lh.googleusercontent.com/a-/AOh14Gj-12zRTccLPxQQ1N8vGJIlq9T6_uUoHriRliwolg,Best f%$# game I love RTS games,5,3,1.0.596,2016-04-04 15:13:48,,
gp:AOqpTOEYLuFomSaoHStQXGRG3gcv2nUJmmxgty6cXDDeL04cZazpCGjwXEk_RZLxLHMwIHOzT0_gpWTiPyKB1A,Smashmygaming with Smashmypumpkin,https://play-lh.googleusercontent.com/a-/AOh14GgCwN7741qfT2uFwE7Lu8k6U2evdEJrZO6LGLCrMA,How do you unlock titans?,5,0,1.0.590,2016-03-30 02:55:40,Thank you. You need to get the military rank and research Titans.,2016-03-30 08:35:27
gp:AOqpTOFUvu32tT-P-YPZi6So1BxCdocZ_xqSh8DfToHF_hP-ViwCmtzMWgI6dd03b4GOl1IedVqI1mnGADV7ww,michael giannetti,https://play-lh.googleusercontent.com/-t88H49WrEZY/AAAAAAAAAAI/AAAAAAAAAAA/AMZuucl9rl1zerYY_BiI8pDmuY7hIW01uA/photo.jpg,"This game is a love letter to anyone who plays the classic RTS genre on pc. The game takes very very heavy influences from command and conquer but that isn't a bad thing. I highly recommend playing with a stylus, it will make your experience much smoother.",5,3,1.0.590,2016-03-22 08:57:04,Thank you!,2016-03-22 11:19:29
gp:AOqpTOEZTmdDKwGcxqWrIDVGXQlSES-ph8P5Iy_JDGGP3Pp_LLfMPNHDr91B0exQxECo8hLNosbBF2PrKoyLeA,Jake Blake,https://play-lh.googleusercontent.com/-XsJaI6VYmUY/AAAAAAAAAAI/AAAAAAAAAAA/AMZuucmsT6suF4DvDatyNnruhN5fItOqNA/photo.jpg,"It's essentially a carbon copy of the old CnC games back from the early 2000's and late 90's. In the earlier iterations it lagged to hell when you got more troops on screen but performance has improved greatly since. Solid TRUE RTS, not a Clash Of Clans clone.",4,3,1.0.590,2016-03-22 06:27:09,Thank you!,2016-03-22 11:19:21
gp:AOqpTOEcLxGXg4NggRyKObUZ6A4Bki_3x63RbS00XfDrMRTvyOpCHo98Fx7a3x-EWc_smj_VM2bHFP9_glZRXg,A Google user,https://play-lh.googleusercontent.com/EGemoI2NTXmTsBVtJqk8jxF9rh8ApRWfsIMQSt2uE4OcpQqbFu7f7NbTK05lx80nuSijCz7sc3a277R67g,•Commands randomly don't respond.     •Units get stuck or drive into enemy not attack                                                                  • Air units have false health bar.              •Base gets destroyed at start before anything can be built. • Let's me buy researched units without barracks or war factory which waste money. They're is one thing I like which is rare and that's some of the random places you can put the buildings like right at the edge or on the side of the hill I think if that didn't happen I would not play this game at all.,1,2,1.0.589,2016-03-15 10:40:00,,
gp:AOqpTOF6AFB9PE3BrrqYsI2JpOtIP35lebvweJox_BEJ4mmOCC8W2ZwVjweLWpvXVO3YbVY6xUB_brjAqRtWJQ,Matt & Shadow,https://play-lh.googleusercontent.com/a-/AOh14GiDtrZ8U-ibdcHsE91-FMZQy73d6ml7hVxExtAd,"The only true rts, like the old pc games. Would love larger maps tho.",5,2,1.0.585,2016-03-14 13:54:04,,
gp:AOqpTOF4c__ClK-s9P9JH7hzN3onPwq9G0_ba-Aa_QgMlIpsC8f3PtyPyTOYI8usZ1UYy3f4aPl9PCiNJmFIYA,Brendon Hall,https://play-lh.googleusercontent.com/a-/AOh14GilzIPjs7J-oT9fVLVbBDLCfIyHsgoFtImuaJhk2ww,"C and c, cover.",5,0,,2016-03-09 16:56:36,Thank you!,2016-03-10 09:23:30
gp:AOqpTOFFuV533094eTeit1vHmN553MpbeITENbnSBtfAuvEau2p8ziCrrTE6H3t3qvpJb10aMuoKRGEtYGDWfw,eli S,https://play-lh.googleusercontent.com/-OG9RFrW9GN4/AAAAAAAAAAI/AAAAAAAAAAA/AMZuucnZpxl9ZxGN-XrnymvOxQagKXiAQQ/photo.jpg,"UPDATE: game is now playable with a few bugs here and there, good game.      OLD REVIEW:Unplayable,too many bugs, i can't even begin to describe the bugs because i don't know where to start, there are so many of them, and the game freezes often.",5,1,1.0.585,2016-03-09 16:27:02,Thank you. I next update fixed freezes on rocks.,2016-03-09 20:39:22
gp:AOqpTOGkqmgkJWl8YBMVF6K5hNhTpVCk3ECvvivOYqqMDGYynKI2C3hsMpwVQcyVKKekTL-jqiOlXW_H6dJg8A,Chris Hurst,https://play-lh.googleusercontent.com/-LSwrjs-Vay0/AAAAAAAAAAI/AAAAAAAAAAA/AMZuucn5dHovlHHfvMtWHJij5eDwXLFsEQ/photo.jpg,Good work  can you put more ussr reaserch items in guy and make the available in skirmish to,5,0,1.0.585,2016-03-09 05:13:14,Thank you. I will try to add ussr on skirmish.,2016-03-09 09:10:42
gp:AOqpTOGbRi2cYYw5JR8ZDTitPbOHIx0kwS24lQyEuSBmj2BBc0Z2l10lahMuH9L-pDGXdOgeG3W5dbOGpwFSXQ,NGUYEN NG Hien,https://play-lh.googleusercontent.com/-5S-DhzyGHiU/AAAAAAAAAAI/AAAAAAAAlqQ/AMZuuckJi94cHLQrqSAe4cjv20MM6947QQ/photo.jpg,"Still needed to improve, but I gave 5 stars for dev's effort!",5,0,1.0.561,2016-03-05 12:05:16,Thank you!,2016-03-05 18:01:48
gp:AOqpTOFzxjJ7k-Ofjkg535K9EEqBcfuNOAPg0QcmXKi17kJHFcgrqgpqCPLfgIhNh61CQN_BunmytMGdAyv7lg,Brandon Coleman,https://play-lh.googleusercontent.com/-qWg0pn0zHrc/AAAAAAAAAAI/AAAAAAAAAAA/AMZuucn4SakDEAMemsYflzyhXM5wgY-BFw/photo.jpg,Multiplayer does not work for me,4,1,1.0.556,2016-02-04 19:43:41,Thank you. For multiplayer need internet connection with open port TCP 32000,2016-02-05 09:30:42
gp:AOqpTOH-4FKicWolKwbnIM7aTI4AQhXKv9zCScNTNE9gioZOyDdpjGdLxn4fbMkmDWWSP3ne60Vbo0TtNHWY7Q,daniel cummings,https://play-lh.googleusercontent.com/-8y6TCSltOfA/AAAAAAAAAAI/AAAAAAAAAAA/AMZuuck_-gke8qCNf2nwCpZl-kXq48eJqg/photo.jpg,Addictive but I am having trouble with mission 13 where the mission dies not end even after completing all objectives an no one on the map left to kill.Please fix this do I can carry on to complete the game. Thank you.,4,2,1.0.550,2016-01-26 09:38:34,"I make new update, hope this help complete last mission.",2016-02-01 10:20:47
gp:AOqpTOEv8IfkjU95k52KiHvqFhsMpfcBylQ-Ox-Ul2cc6alv5nAkxRVdXKnum2G3r2nUKlOHk4NM7jVPXdh5BA,Dusty Christopher,https://play-lh.googleusercontent.com/-wqdD5z9Igqg/AAAAAAAAAAI/AAAAAAAAAAA/AMZuuck-kQkEY51HIWboTH4wXg2W_YxFLw/photo.jpg,It's what I was expecting good RTS,5,1,1.0.550,2016-01-25 22:01:09,Thank you.,2016-02-12 22:01:09
gp:AOqpTOFSetUhkMjSD3K20ontmJlUP8dz99qLLwACAIuSbRG8zCLCDd1glWMjL0owmuIxXYK0tL54wV-iq3qD_Q,Jessie Eddy,https://play-lh.googleusercontent.com/-7YYcDICq4yQ/AAAAAAAAAAI/AAAAAAAAAAA/AMZuucm4hFP51IIqdoT6kGtGNuAyUnrpIg/photo.jpg,Does not show mission objectives when the screen pops up it is just a red screen please fix,1,0,1.0.550,2016-01-17 09:37:29,,
gp:AOqpTOFruitbEKTGsjBcijHZ9xdAkypSY74ncJ4IXZwXroejhzvuIPrQ0p_jJoe0H-lKCH9dVIdjEYwv32unnQ,Sam Habin,https://play-lh.googleusercontent.com/-obRrSzrZcYQ/AAAAAAAAAAI/AAAAAAAAAAA/AMZuuckJoH_dSTGEMBSOs0cTlN2W7hzqZA/photo.jpg,Sometimes a vehicle will get stuck on a cliff and the campaign level 9 with the oil rig won't end even when all objectives are filled. Can you please fix this.,4,0,1.0.540,2016-01-10 01:39:26,,
gp:AOqpTOG5l5-hUlJQeq7tksuu8KTSaN14m1FfCulaMe8MFSY89aoA5do4O42P6g9NSu4CcQjcJVAB_MSLncdoZg,Dave Dabid,https://play-lh.googleusercontent.com/a-/AOh14GhMJ6jVnZwcMzFt6gCDqtOqXjT703ky5VnkrNmd,"Save maps are gone, but now i can play with it. Thanks!",5,0,1.0.540,2016-01-08 04:00:24,"if you send me mail, I will try to help restore mission progress.",2016-01-08 04:09:26
gp:AOqpTOGRa9kOhaa-HNi3LjX-eCQgJX5BAXSrdFxEMVGugw1tVMdhEQlTYss1ve10Xf_1kTbrfqrjIVSSO3I1_g,Samson David,https://play-lh.googleusercontent.com/a-/AOh14Gj7QZuZzJ2c_-insazvgE3vpXjM-Qhqz384c2kNrUs,"Stuck on level 13 of campaign.  Killed everyone but the map does not end.  Have reported, and will wait for a fix.  But I love this game, this is amazing.  Thank you",4,0,1.0.537,2016-01-05 12:27:18,,
gp:AOqpTOGHA91pQQVOJj5VpohIjg4v04j0yg1ZPwRJPbjc0ZYsEoDhkzCiMJaeLb5CZi3Q3Z76Uw9PjZUCbi8_RQ,Kitters Mccat,https://play-lh.googleusercontent.com/a-/AOh14GhRcy_nm2Hy3hSbAX-1tLQojH6-HgdosXRSp_Kmkg,"Its Great, although I think you should replace all the sound effects with c&c ones",4,0,1.0.534,2015-12-28 14:08:04,"Sorry, but the original sounds С&C I can not use in my game.",2015-12-30 20:36:21
gp:AOqpTOGcEIlIJf1dg_C_WxgXlLNGFOYC5uz8SXTJ5XdubI1-P7I9h10LnIIYD6HdWOvnNFtZV-Tgovy96N51iw,Johann van der Westhuizen,https://play-lh.googleusercontent.com/a-/AOh14GgG5ROBPn_QIsImsN5c3DUye3j-ZqEErTsbULsT8n0,Need more,5,0,1.0.534,2015-12-28 05:37:55,,
gp:AOqpTOFPWZPsrzUSZSkULQi3Pd0B1cq834iCYsBRZaVWlALMYYGn5PZJXhdKtwipS_kNhUcaSX36R6OSC2OKsw,Nick S.,https://play-lh.googleusercontent.com/-adRJ-xhFRNY/AAAAAAAAAAI/AAAAAAAAAAA/AMZuuck3lbUaQnTelB3PT5s5GrnzWyMeSw/photo.jpg,"This game has been out long enough to iron out the problems. Too many to list, to the developer just play the game if you want to know.",1,2,1.0.527,2015-12-11 19:06:09,,
gp:AOqpTOEHL5gj48QbpQ3plHZ41HNSaCCSjxdy4VPArgSuOSoFVYQaJrPt1ifgLuKTbwS749VtHmWCKFEZKIK7GQ,Daniel Collon,https://play-lh.googleusercontent.com/-A_h12YQxe-0/AAAAAAAAAAI/AAAAAAAAAAA/AMZuucmi9PukksNxAgEBvPY9vlRi9eEdMA/photo.jpg,This keeps freezing once I get a decent size base built up in missions. Super frustrating. I can hear sounds but no movement. Sometimes I can move the screen around and select guys but they are all frozen in place and sometimes it just freezes altogether. Sony Xperia Z3.,3,0,1.0.527,2015-12-02 11:35:51,,
gp:AOqpTOHrVHIlfYkQWzd_6iu0ef28be32Yemia_P6K6jCL_xsy4SDWUMbjeyETgUMIBGuzc83R5kM3znFYVzTFA,Antonio Jamison,https://play-lh.googleusercontent.com/a-/AOh14GgVL6_KE0ScK2-0q-aZkdbAQk_xfACk-RQyeVaB,It a good game.But it gets stuck and no enough missions. Needs more weaponry.,3,0,1.0.497,2015-10-29 14:13:55,,
gp:AOqpTOFas1QTE81_0gK5yLbVEwjloZlVg5Tz1f2AEW3ojuM3s85MnKaW4cbh0fw-atyNvj2gk3NTaqO0PmNtZw,daz dean,https://play-lh.googleusercontent.com/-_zjoN4rdGwk/AAAAAAAAAAI/AAAAAAAAAAA/AMZuucm7lQjqWA-Vaqop7oyei8xEqY9HGQ/photo.jpg,Good game one best rts on Android but it freezes on skirmish mode please fix Nvidia shield tablet thanks for getting back so quick and for the update it only took a day works fine now great game,4,0,1.0.497,2015-10-20 10:57:53,"thank you for feedback.freezes solved on version 497, please update yor version",2015-10-20 00:06:21
gp:AOqpTOHdlIgSXl3jCKISij2VrIVeXHE53pbKSfiD5AiCc8ly9K9cUOKxRLLbGTCOCWDCn-hEnbxYxhgI3YEEFw,Jonathan Quiello,https://play-lh.googleusercontent.com/a-/AOh14Gi9XSv_P8r8oLghvj1Do77_SuyYFW-PzbR64yj4Bw,"Definitely one of the better rts games out, especially if you love c&c. Still buggy harvester stops for no reason, selecting troops is difficult, and its seems a little laggy. All can be over looked just takes a little to get used to, definitely looking forward to more updates though.",3,0,,2015-10-19 05:20:54,,
gp:AOqpTOF2k9-ZHAudaMVT3BS68IRixXG06SxnBfU8cYBTHI0r0ZmO2s9Go4fNmA8_5Uwt9rygqicJYW22FZBPHQ,eric shorter,https://play-lh.googleusercontent.com/-B1kXUEWvEDw/AAAAAAAAAAI/AAAAAAAAAAA/AMZuucl6qMVDLi-WY3uLo9JZnHStu_9jVQ/photo.jpg,Surfer problems I paid for this plus multi player ducks,1,0,1.0.481,2015-09-13 08:35:22,,
gp:AOqpTOHzUq6_WAzfqoq8mzuyFvRhSw5SVuYrinHzHlb6ocZhgvTiifGeDK4qhZWPTUduvXWrGPiJ2uSbzMUgWg,Franklin Madan,https://play-lh.googleusercontent.com/a-/AOh14GhEz03juS0NjE-w9LFOdZxSemjXRm9slhIicTIt,In the game half of my menu is cut off by these 3 big white dots that makes it almost impossible to select on the right half of the menu to build items if fixed I will give 5 stars and redownload the item,1,0,,2015-09-05 10:22:47,,
gp:AOqpTOE_3zV4JxMW7Adp6G4HgDeafXUsYWwaApwihmOcOnneUbxdBqa49ZWymRlYTrjYeo120ldr8I1ez0cdDQ,Neth Ballantin,https://play-lh.googleusercontent.com/a-/AOh14GgeqsJx9oH1NezglQ1c0g_ekO-0JEyXDq5oNnrOng,"It is like red alert  but now no new map ,  please update it",5,0,1.0.481,2015-08-24 18:53:45,,
gp:AOqpTOGl2dxJxA6sC9oglsKYgNNKLW35T8ZjtiHVtlIkG2z7C5sqbVOd9CWS-krjpzjWYbxP4DLRaOx8O1hP-g,michael stanker,https://play-lh.googleusercontent.com/a-/AOh14Giyp82xjaQqxLdDdql8Epb621n3Opl35mJqgyjX,"Love it, but is there a button to move all of your forces at once, not just all of one group?",5,0,1.0.471,2015-08-08 19:20:24,In new update you can use group button. I add video with example of using this button https://www.youtube.com/watch?v=CeeXhuFB68M,2015-08-10 22:14:07
gp:AOqpTOF7lisYyGrox7LuFtkCWnWoLZ8aQuYH9SLxmUfsUfmbWVhodOF5K6PBR1O-bsLn22ZmV-wUPKb1Z-IgsA,Sean Jaochico,https://play-lh.googleusercontent.com/-_XQPfJDKU4Q/AAAAAAAAAAI/AAAAAAAAAAA/AMZuuclApS1j4pckOqX6TuERyVnh-WmU4A/photo.jpg,Ive finally gotten into the game past the loading screen. Will be checking the game before rating it five stars but it looks good on the google play so wait for my final verdict developer and thanks for the help,3,0,1.0.471,2015-08-06 05:07:18,"try to remove redsun folder from sd card, then run game again and wait for loading date to end. I not sure but some argue that makes on/off device when loading and this helped. also check free space on sd card, need 50 mb free space.",2015-08-05 09:15:55
gp:AOqpTOEK1s2eZ6ekyFvkFrq3ODhIkatc2UvXMhEjl5ZOxqxJVM0d63i1z_K6AZrYPlqUVzJcG0SXDCF2X-qNIw,Mike Dice,https://play-lh.googleusercontent.com/a-/AOh14Gi-KfPtWUbUiDbFQ3P69p9LnaeZXSeDQVL__bSjcQ,"Love this game the more I play it. Takes stratagy and good resource management, highly recommend for anyone but especially the people that grew up playing star craft and command and conquer. Update: wow, tons of updates that add content, not just big fixes, were talking new units and abilities. Developer really cares about the game and it shows!",5,2,1.0.468,2015-07-30 07:04:40,Thank you!,2015-07-09 08:34:29
gp:AOqpTOFfmKNa9rKb_Er3rPE3uoch4VdFZbuKLAW2WhlIp5rWuDzvr0bK8lG4gLn_rjqxQUdnvbs-HyN0rsU7rg,official_raccoon,https://play-lh.googleusercontent.com/a-/AOh14GjIDl59xWjE5B_kHhtuZ0OCY49N05PerVGssiT6Mw,Its not bad But i have a question all of the sprites look like there were stright out of c and c red alert 2,4,0,1.0.455,2015-07-28 05:13:00,"All sprites are drawn by our artist, so they look like, but we were inspired by a series of C&C games",2015-07-28 11:28:27
gp:AOqpTOFBaEIJ8gWtI0S4je2TZnlzhzMgSiucMI74dtTJebE_AmWZZj77NqSPtgs18qzosYn6gntKnjsjm512qQ,Mattias Westphal,https://play-lh.googleusercontent.com/a-/AOh14Ghtpez2mPOAHjgWSe1Q03xFxsQ40Vsi51dJ1Zd9,"This game intreagued me as I was curious to see how proper full-on RTS games were doing on mobile. After playing for a while I found it rather impressive that this game carries over many features from games like red alert one and two. Unfortunately the game is buggy, unresponsive. The gui does not feel polished, particles look like placeholders, In general the game looks and feels unfinished.",2,0,,2015-07-26 07:10:45,,
gp:AOqpTOErP1REHNSssti8O83qcPSNHXDqFuOOmBj1P0ZnUjJEFbF9C2O03GMVJ0rB-opUYRx6fWWQCKc0I7V-Ag,Scott Henry,https://play-lh.googleusercontent.com/a-/AOh14GikrAZVT0de0uM4xaFHYtORxFE4bEux4gf6Sgx9,"Pretty good, enjoying it so far. :)",4,2,1.0.440,2015-07-23 01:34:19,,
gp:AOqpTOHXxDhTu1sTxS1JQ2vhLR5Ec-BpUfTh7DJ8y_A_J1WyMHJrB49a8J-2jhOK3KLOBDlOEiohrtK-3de5Xg,Josh Hoogerhyde,https://play-lh.googleusercontent.com/-Z5_nIcVAHzg/AAAAAAAAAAI/AAAAAAAAAAA/AMZuuclnwRlK9a-cMc3LKj59yVmlfkuKzA/photo.jpg,"I play for maybe five to ten minutes before it force closes. Tried uninstalling and installing, still no better. Please give me a refund.",1,1,,2015-07-21 21:40:40,,
gp:AOqpTOHIgkBs0c1DASrDlaUqQ9ddukESCzjyRhNrjPmQB1J_pBzqifCWKJDZ3SdUU6RbJJbGag9gBrJBqPCiGw,Nakorn Saejung,https://play-lh.googleusercontent.com/a-/AOh14GiInQTI4KDlCS_zifr6GwhpC8Qlu3aByespYPIfmg,Nice Game. I like ^^,4,1,1.0.440,2015-07-20 13:33:48,,
gp:AOqpTOFpsZIo7hEADUSrOeNmEMYn2sCMBoRrLrSLetidq2C5UfDGVIwBgM5SMsR4XMTeD7X_q-QuCPpcXlU32w,Sam Lea-Wilson,https://play-lh.googleusercontent.com/-QOfPS-wHQ34/AAAAAAAAAAI/AAAAAAAAAAA/AMZuucldQp9AHUPylFkJJToW4zVT0tCVRw/photo.jpg,Might be a good game but can't get it to get past title screen,2,0,,2015-07-19 13:03:28,,
gp:AOqpTOFfwf0H-C-EzRA4LWxVUX-POfBj4EEnpwfVE0g4ZKDu39ATeizZWTBKPlP-mHzmHwEg1V3oRI5IqPgf7w,Dan Bamlett,https://play-lh.googleusercontent.com/-0I_nxNwzjik/AAAAAAAAAAI/AAAAAAAAAAA/AMZuuckJL3Wi8xoViELlrSGfWJCwoWQCCg/photo.jpg,Fix the tutorial and ill buy again for sure,3,0,,2015-07-18 18:12:47,training mission fixed ,2015-07-20 07:41:37
gp:AOqpTOGQ8BA-o0mTEZFW-EPLIiXbJpW0hiW6-nOTkgzV9VTJLjMcIYnCk7jfF8cvWIuDRoqqnuwxUnu4HKJwjA,wil horne,https://play-lh.googleusercontent.com/a-/AOh14Ggbhx_8hRH5yUQMzPsBt8dEmAetSAWpbaOCMoJQvA,I'm sure it's good but won't run on nexus 6 at the moment. Hopefully will soon,1,0,,2015-07-18 01:12:32,,
gp:AOqpTOEWE7cbEuh78wK5o4M02KoLn4JwkgqELqj9QtVeACtv9aAyng6u-FiJM9edfk31n6vQ-fzrO9X-pTxR1w,Luke Sexton,https://play-lh.googleusercontent.com/-iSCTI41Bjb8/AAAAAAAAAAI/AAAAAAAAAAA/AMZuucnOaDe6gkt5ywGegrqFpfb85zVnxg/photo.jpg,I'd give this a 0 rating if I could. This game completely crashed my phone where I had to reset it my phone is a HTC one mini,1,0,,2015-07-17 03:46:08,,
gp:AOqpTOFJgUMIKvSc4zlah7KcN_D-yU0NsdDlTuaQ1gNkUvXtw_eyvOmIiqQmATEI7AoMT7IGkVSJZU6S5YpACw,Joshua Brandenburg,https://play-lh.googleusercontent.com/-1oRSCiPpvmM/AAAAAAAAAAI/AAAAAAAAAAA/AMZuuclUYZen9lCs1taEEBu8WhKpQXHkiw/photo.jpg,Froze at start screen. Then was completely black with music. Asked for refund sorry.,3,0,,2015-07-16 05:39:28,,
