reviewId,userName,userImage,content,score,thumbsUpCount,reviewCreatedVersion,at,replyContent,repliedAt
gp:AOqpTOEsxdQEnkl7PKWain7VE_gPWi56Libss-E3fFSWPRfxErNFswyiIA5c41DnXRg6ZOPJLSzIOnlXjjJipQ,Bewildering Truth Seeker,https://play-lh.googleusercontent.com/a-/AOh14Gi_ZarD8FWiGLOfVJ6y_eMiJaZFB78h8eB3mibQlg,"Way to complicated. Buttons way to touchy, other controls are way to easily mistaken and yea.. Not great. Sorry.... I loved the papa's burgers.. But this is way overboard.",1,0,,2021-02-08 20:51:19,,
gp:AOqpTOHkVk5GGB3fwh-N0w9DrLBv7lugtmsGLwEodE9aEiVBnHxbDtqXbFu1Hy8ZfGs8dCT4iO1Q07vKEy2UyA,Cass&Crew,https://play-lh.googleusercontent.com/a-/AOh14Gg0_r9UhUccEATB3iPskHlpRuNG6b2GG-WPGg2XDQ,Flipline you spoiled us putting these up for free on Coolmathgames. Worth Every Penny,5,0,1.0.0,2021-02-08 17:07:43,,
gp:AOqpTOEjMkEtRbr85yVQn0bDGpcFxOkWCRCFPhLpjSIQbuUx87Q-di6d5YuVZ4vF-y7r_FDiBhQoCRL8lF5RBQ,SpringTrapFan9123,https://play-lh.googleusercontent.com/a-/AOh14GjCMHCed39caqmaGaa6sZcPBfCOmFRWH3AlDbEtxQ,Love the game! I've played it for YEARS! I didn't know there was a Mobile version of it.,5,0,,2021-02-07 20:41:01,,
gp:AOqpTOFCBewZ15Iw1gkknpj1jggCLMADE-HT9oO104m0kYl7MhFmD_QgxikKC5b1wZXI_eNBfaXo5HLWvaarfg,Squippy Wippy rat,https://play-lh.googleusercontent.com/a-/AOh14Gjp_yRRhwhfRUxhLFzPCj_1Uj3sVZuzJy_3D3Y5Eg,Poop poop poop poop poop.,5,0,1.0.0,2021-01-31 09:24:27,,
gp:AOqpTOEot7QOi1cT3m0CAy4uhTpSiQD-qN6UgSlqTc5VV_x4iD_asFzodJJeyorB_N4YcOYFvFUWdIJCk0qPDA,Krispy Orc,https://play-lh.googleusercontent.com/a-/AOh14GjGsxXYxw-t1zzbL5iocPBBVH2cU4DkRDHMMl2pQxw,This game may be so much for for others but it's not for me.,2,0,1.0.0,2021-01-30 18:56:12,,
gp:AOqpTOGYLAA745MvPhKvgyzV4MrN-lOW6dML-88-HzSA8MxJQW0ocqVUzRmfTYMzlyCtkMiZOeZ1kjv0FkwVGA,Amanda Rowten,https://play-lh.googleusercontent.com/a-/AOh14Ggr_5wTf7xH4oMQLgM-nFZvSSxAwT0TaIuTBrcigQ,"In short, this game is like any other papa Louis game, except its all about sushi! This game is fun, a time killer and a great way to practice time management. Honestly as the papa Louis franchise grows l, their mobile games enhance and I have to say, it runs quickly, smoothly and the graphics are vibrant and quirky. Please keep putting out more amazing content! Totally worth the $2.99 I spent.",5,11,1.0.0,2021-01-22 21:43:00,,
gp:AOqpTOHYl46tTdiyL3KXMDwUnVjiSbt4orSmExVqtxC4BRzLpXx_Jn0EoIzgpFypRs6OMQm-hjGv0XUNfQ1JMA,edrrrk,https://play-lh.googleusercontent.com/a-/AOh14GjONuYQ_rUYDcLOZFZtXCIyx7VOlLCeY2Jjx2gUzg,"I used to play this on the web but since flash is going away I bought it on mobile. I usually play this on the go, In my opinion this is the best papa's game.",5,4,1.0.0,2021-01-05 15:31:28,,
gp:AOqpTOEJWx9KMZIM9eH1kIkzhAwPTKi36IN5J9Ekb0lN9SARjqrgAd141yZet7iXuDlRQ5K33uLzuKuNAiOjXA,Ash C,https://play-lh.googleusercontent.com/a-/AOh14GiIBV2a2owuKmEk6Q2lHq3VyKMX3Sq9UEMIca1Atw,The tickets automatically going to the order you just took is very frustrating and it's hard to fully get into the game.,3,2,1.0.0,2021-01-02 23:20:31,,
gp:AOqpTOFNb_VrKiNUm_pj8oopTZnMQIYBwUBNPK1E3D0FkqJUJdKxWBuI-VtH7dn2UUnEbvXPh39HzRuUKB6Eng,BrieAnna Warren,https://play-lh.googleusercontent.com/a-/AOh14GhlUs7P7ptB3nkl6_iV-NQmQEeC46FYtfboHSrbfA,I love all of the paparia games. Flipline studios is the best. IMO the best way to pass the time on your mobile device. Sushiria is a little harder to get perfect scores starting off but after the first couple of weeks (in game) you should be in the groove.Papas Burgeria was my all time favorite for the longest but this might take the cake. I love that you can customize your character and delivery driver. I also like that there are holidays and lots of unique customers. Very fun and addictive!,5,17,1.0.0,2020-12-28 10:47:10,,
gp:AOqpTOG1ErNQl2Gza4z-DdX6H4m1q5rFW2trXUnl5T-V93broBoVmpsD4CyAy94sruw5YhbOeIMSR8NsRLRNZg,mayedin,https://play-lh.googleusercontent.com/a-/AOh14GivUoT4TnWpa37N6SlEAwZTom_18qZyKibQYx1Jkw,its great and its offline and fun to spend hours on.,5,0,1.0.0,2020-12-20 19:13:40,,
gp:AOqpTOEmmIGt4yF4yiwfyXSWbpAU783ETo2PA53M-wH5F7lXHyVngWu-Ca3l2u93_AvZkIwJNNdOFP3x2J4glA,Kyra M.,https://play-lh.googleusercontent.com/a-/AOh14GgR2j1VKUn-oM_raKvsYK7F42rMxUdTRahN3bEZpw,Haha I love this game very fun and cute,5,0,1.0.0,2020-12-14 18:21:21,,
gp:AOqpTOF12hkA8SuBQi8nCqn3quamwxd21oiJK4et4LxMexuKn5RoZp6aunJb2EXAErGX4GxFBlWER3WhTWsykw,Gae Kharen Abalde,https://play-lh.googleusercontent.com/-Zt0B4cm_T48/AAAAAAAAAAI/AAAAAAAAAAA/AMZuucnNmWAYrpuoaO5xEaHJDXrmenA1jw/photo.jpg,i love the game. how i wish i can save the progress in my google account,4,0,1.0.0,2020-12-11 03:24:24,,
gp:AOqpTOFRg6iwFUmv7dhPfIYJp9YLxVjP6cQZjMudTGN00cGt5PoTQpRXbpqv6zYsYnqawN0z9YwYDl8GPY4p9Q,SuperElijahOuma,https://play-lh.googleusercontent.com/a-/AOh14Gh5atPHQ7L4Lrg_29ijKkW4Av7i1o5SZtxSBrB0-Q,Best Papa Gameria ever to go,5,0,1.0.0,2020-12-09 22:07:23,,
gp:AOqpTOGP7rOg1NttbyqZ0G03yZmeS7GztnPDFKF67jBRfnxbUCRmrlGCFCKzSitS2A8IwCEPTlxHXIGAGHRUHg,Yusuf,https://play-lh.googleusercontent.com/a-/AOh14GiE3hHpEzFNiHA6sovL0b0rOvLf5BX8vBrffouw,I love this franchise so to have it on a portable device is amazing,5,0,1.0.0,2020-12-01 08:01:03,,
gp:AOqpTOEKrtXtuS8MTduXudOTslPUZXnqprz8_XBu8Goi9qU1p-yqQ-qqiT_AzL-u0wCn9gcwp7B6URMoFmAuEQ,-` Evenlegila ́-,https://play-lh.googleusercontent.com/a-/AOh14GgIe4E-jIXQF_XFsJr_qXO5NCbF9vrxw7Ep66bd-Ug,I was on level 23. When I got my new phone and transfered everything on my SD card it reset to level 6. Disappointed.,1,3,1.0.0,2020-11-01 15:03:46,,
gp:AOqpTOEtynM_2WTxDmeQ6IUJDQM8_hEpPSZS-hZOsUU_LfXG3cR6YPakXZGccT42NO44Ga4sMgYv97naVCR4yg,Benjamin Koid,https://play-lh.googleusercontent.com/a-/AOh14Ggg9WM8xv9B6uiKYo-IJCW4KURusKTw7dG2-AZX,Good but nice,4,0,1.0.0,2020-10-31 00:49:39,,
gp:AOqpTOGEUZ2GDU5xhieUoQdkuzlSa3s-HovYlXYoBIagURq_RKARt-HPDIUvb7kB4NlTHzfBtlRkoV8S2ix5Bg,Ron K,https://play-lh.googleusercontent.com/-qBtIonRj8g8/AAAAAAAAAAI/AAAAAAAAAAA/AMZuucnuvz5Jyu3qy2UVT09uvNVzSIvOxQ/photo.jpg,BEST GAME EVER,5,0,1.0.0,2020-10-07 21:45:14,,
gp:AOqpTOEmb56-MpQ84ZlUBX0spO5N0LoRQmTAOPvNzvkkNSzLE8RoyQF7omFgHFeibn4NUu0W2SFJKTOIR0lmXg,Yikon Kanui,https://play-lh.googleusercontent.com/a-/AOh14GjV3yFN0cO6m2ib07SrTZ83F69hh4YQPDoqo8VgtA,"I like the Design of the Game, But Im a Fan of quick games, the recent flipline studio games have been getting for complex and harder lately so a 4 out of 5 for me,",4,2,1.0.0,2020-10-04 18:53:10,,
gp:AOqpTOGkhdSoOvP7pfm9_a4_jcU0jovy5I_KUZ4n4JKBsuIcNhST2v6Hfh9VOY-hNor-ZDhVP6DRUCbo0-NdZg,Ethan Stapleton,https://play-lh.googleusercontent.com/-ORtPxGKIQs0/AAAAAAAAAAI/AAAAAAAAAAA/AMZuucnP13erpVg2eHVfHtek-eq22gHBvw/photo.jpg,"It's high quality and fun like all Papa Louie games. Biggest gripe for me is the bubble tea, which is based on pushing the button with right timing. Takes a while to get decent at.",4,7,1.0.0,2020-09-24 07:29:42,,
gp:AOqpTOGqElKR-j6peSzFr1fPhjfmS8gK-WtbZySrLMuzUYKSL8Ha3tpgSkZlwAEJrWADtJmkBNEb58kjO9nEKA,Katrina Weitzel,https://play-lh.googleusercontent.com/a-/AOh14Gh6TXxfnebaFwQZ0h4w77I9TvsLR_nGAy7HRmqn,Cant transfer data.....,3,1,1.0.0,2020-09-19 19:16:16,,
gp:AOqpTOEEAPr1lZCg8GHBayBMYZkmJobOJGDgy4DgQyIGEsqT4n82imzvXHc149dAp5NKZsuNCUcqxT3OlKKd1Q,Natalia Dudek,https://play-lh.googleusercontent.com/-1E8YJmtDRXs/AAAAAAAAAAI/AAAAAAAAAAA/AMZuucncHCRKlXZlflOLfDGHlkO6CeDiZg/photo.jpg,I'm giving this game 4 stars because there's almost no ads in this game and I love ♥️ that!So I really ♥️ this game and I want u to insral it.Thank u😊,4,1,1.0.0,2020-09-19 01:44:28,,
gp:AOqpTOHT8dX8KwxAmNGDpKYoRx5T9i8UdFRBnsRbsx4dIImzms0kjPRdW955B65gGPID1qHinUEWmYvaOcB0jA,Daniel McCarville,https://play-lh.googleusercontent.com/-QH6FUAxJOQo/AAAAAAAAAAI/AAAAAAAAAAA/AMZuucnVMEDVgxtK-kVYdVOufMhpZkncEw/photo.jpg,"Very difficult for left-handed players. Both placing ingredients and slicing rolls are impossible to do well with the left hand, because your hand will be covering visual cues that tell you what to do. Previous games didn't have a problem with this because the graphics lacked perspective. This was not a good change.",2,61,1.0.0,2020-09-16 00:57:23,,
gp:AOqpTOFdWxskpKWpnwtq1x34w_C6P3AHmcyD-5Qj9Ff_N037oqPTCa4bY9e0eNKOVq7E3dGE9ituwjSi3q8i1g,Adennies beauty,https://play-lh.googleusercontent.com/a-/AOh14GiK0Tq9k7mE0dw0cQGEC-jCrJ0eBa9YwwRsBlgH,Fun and entertaining. Just the right amount of challenge woth the money,5,1,1.0.0,2020-09-04 17:02:32,,
gp:AOqpTOFNR_ibMNOrUlQblG8ZiRDvGkPj_RaPMnUXqMHa3yENA4BbEKRExvssgV11Dnlr4729wl7OYrDSCSwnow,OhHeavenly Honey,https://play-lh.googleusercontent.com/a-/AOh14GivxpmMNA7Gs3Z_ZBRLl4UQVADnELXcDi9YzeOn,Very Fun.,5,0,1.0.0,2020-09-01 18:41:36,,
gp:AOqpTOFYWDI4G5P7HvQsDNMpE4ywJefEbNAhj-FZu4pvyzTDgmTiwLE8Z4sXBUWx50_R2mL_PDgeuGdf9H4WJg,Stephanie Diaz,https://play-lh.googleusercontent.com/a-/AOh14GgZKO-ROG1HXwJ9atoUwoV0_hBkPvBM2JiP-FpyOQ,M H kk(l pBMW operated. Ml,3,0,1.0.0,2020-08-28 13:19:30,,
gp:AOqpTOHgQJ-r4MYtKS5ji1N4Rf4mHpsOrIzJA_n7WmlCiG7PdZ1D2Wd2QtMc26NgTFKdDjZhACUKazfTXFWBpw,Kristofer Clark,https://play-lh.googleusercontent.com/a-/AOh14GjwOPySiEjVaLcSCOdDLMX9E5Ja7EbeUZzYMY1ToQ,"Love, love, love this game! I've been so tired of all these fast-paced copycat Diner Dash and Cooking Frenzy ripoff! This game moves a quite a bit slower but still keeps me hooked in. Fun characters, mini games and great prizes. I wish the kitchen upgrades were a little more extensive than just the 9 items or so that are available, but not worth knocking down a star for. Great work! Can't wait to try some of your other games",5,82,1.0.0,2020-08-10 16:12:59,,
gp:AOqpTOFejY6Y1ttd0BgUH8fh4w-H19MgPS_a_mlK4FQiw3oZmQgnRX2nbOFrJpFBfgGoZxrV0oeS70E5QljXVQ,Sydney Cole,https://play-lh.googleusercontent.com/a-/AOh14GjRxtvi5Us3Few2hr0Og5Jy4RCN-Dkd8KoGnqphuQ,Another fun papa game!,5,0,1.0.0,2020-07-29 23:04:21,,
gp:AOqpTOEpCJCPNdP2Ql1kBt3TBPiPW2dxIekt-8_lED-MN57GgSh9MGpV3EKuPWGM8UF9zNZMQ5M_sUjfBupGjw,Marilyn Luevano,https://play-lh.googleusercontent.com/a-/AOh14GivC9tIE49HDd9z9kO8Rro5tyFS9MScxbaduFM0GCI,"Bit complicated at first, but I love it.",5,1,1.0.0,2020-07-28 09:03:20,,
gp:AOqpTOHeIUPz7wZsosMJebvjZC7F44lUgnXat4VdhCRdzewl3pT6EQO2QYk1dvfzFKLAaeIUNrSEtuPFYv9Apg,Cherry Edney,https://play-lh.googleusercontent.com/-BHRbwBSAgAA/AAAAAAAAAAI/AAAAAAAAAAA/AMZuuckvQw79kV50HEygOpGF-xUToIKSJA/photo.jpg,Wh at is love this game,5,1,,2020-07-26 08:31:45,,
gp:AOqpTOEVnVKZD25CVE53IBi_CKPsaf-wTQmAaC1QT1p41WjkaiamlvsO9ts8sWg-ATk01X-4VW1LcuhF-ay0aA,Simo AG,https://play-lh.googleusercontent.com/a-/AOh14Ggic9MvjEAt-xemYPjaSoDCGdel0UftYnNILZFuyA,Please add save progress in a game I do not want to return from the first game I'm in Rank 11,3,3,1.0.0,2020-07-25 05:00:23,,
gp:AOqpTOGxBfI4QhK8fSsUaSgXIOxxR7G5x9B2PflH-zDGKWLr4j3Rp5sE9XX3AeaN-OP3QZbzW7YjdNuIyqR22Q,F'N ANNOITED ONE KIARA KROSS,https://play-lh.googleusercontent.com/a-/AOh14GilRwj8LUcYnDvoyYbjuklSaaVLOqs3zb93uOxAtA,Fun and I love unlocking new ingredients! Highly recommend!,5,1,1.0.0,2020-07-24 17:35:07,,
gp:AOqpTOHPrufnqILgWS3j-Nor2Ufq60nu6vBUsB_zJ5xrNaD3asRszoklm8_wrK6g-h-o8VQIKCSjvjvcApTKzQ,Joan Kaye Enswanne,https://play-lh.googleusercontent.com/a-/AOh14GizxiPfgI3tBwANX0v7plZkXVuXAE3wkVLUHPO7,Caferia is so late,5,0,1.0.0,2020-07-23 16:48:42,,
gp:AOqpTOGWoUFVoY1lOWQfY43Ec5Aw0pTYZ4oyKJMsDAfNiNTS52yCfyM4DZ6TigSpnhpyMzjUclXpSEEbCh0EaQ,Anna Masotti,https://play-lh.googleusercontent.com/a-/AOh14Gjd-mvsRynDsj0zMYJMNijWWz-zfsA7gBGhZ5S-,My favorite papa's game one of the best restaurant game ever really challenging and I love sushi!,5,1,1.0.0,2020-07-18 07:53:58,,
gp:AOqpTOFeZOIexKQroNQKxAUncy7fbz4_cTAFqxMGvuh8BnbsI-ghJcn3kfYQpKWKlJJrX4nbpvqZzH0SXO6VeQ,Michelle Tay,https://play-lh.googleusercontent.com/a-/AOh14GhbsqWImsys_afClKJEB2JcnzQ9kRMR2oDjuft10w,"Definitely not as hard as some of the reviews make it to be. All you need is to get into the rhythm of the orders and building, and everything will be great. Top tip: when placing the ingredients, just move the ingredients as close as possible before it turning slightly ""white"" (when it's ""white"", it means the ingredients are overlapped). You'll then get the optimum spacing between ingredients.",5,67,1.0.0,2020-07-09 21:13:56,,
gp:AOqpTOEynDKn40l7ZT1NNPD_cP8Qr7SnP8jgJYkIw71RQiLrT1VY8GevVhCrt361_fswWFN_VU1XLH6DaffKDw,Kaylee Jeter,https://play-lh.googleusercontent.com/a-/AOh14Gjc6cDAA2DlWl-QJrBza37dGyQPw_-s4Ob_Jcgk,More challenging than the others,5,0,1.0.0,2020-07-09 19:33:31,,
gp:AOqpTOFxkDwV1STaRD1oiTWD27dGhbRaewAv2bmB_Pc7vz1hpqL0I7HW1WOd2o8v766OYnO5zrM_bqQKU2vMXA,William Pretency,https://play-lh.googleusercontent.com/a-/AOh14GiFw8pjmWmJZKrA4hC4SYaM7ODOaIOYJ5vmksTy,Delicious.,5,0,1.0.0,2020-07-05 18:23:27,,
gp:AOqpTOERbpR5dy5LsDsYeSdcepwOxw5vhEcWqHp_vdSop77LHwKLoEpLyyYOVPE60YptsDijQaRfkcvuU8yrvQ,Yesterday Bonser,https://play-lh.googleusercontent.com/a-/AOh14GgSRXFIFGfAI0qZHBdq_ZiWRrMW09FzlaOLBlXbM2k,It's even better than the flash game! But I do have one issue where when I'm scroll through the sauces and stuff where it suddenly starts putting the sauce/topping on the sushi roll even though my finger is still on the sauce/topping itself.,4,4,1.0.0,2020-07-02 16:50:04,,
gp:AOqpTOGGPXMi25lt71wKnYZ4_J2wFN-FXdL8Chct5chxGtzH6KIBCEnTt6hx06PuUqhXjmp7AnaOO5YNP4Vu7Q,Lauren Hutchison,https://play-lh.googleusercontent.com/a-/AOh14GjcsxO3LJxOYRpVjMPNgH_N9aTbOT7fuYzsEjN7SN0,A cut above the average cooking time-management game. Challenging and always changing with seasonal ingredients. Lots of costume options you can get without real money.,5,2,1.0.0,2020-06-30 10:56:16,,
gp:AOqpTOHziYYMvFDcZJLNjV_ZcKeT_eeNo0xpixgP055hVpkHFcx02PVtPRF7UevLUrpH9Uzbtg3d02Y98SYVXA,Miranda Landis,https://play-lh.googleusercontent.com/a-/AOh14GjPc3Z1icjtThCgjmcQCJ8c3XuMqAk46N-lM8uZYg,It a good game to play,5,0,1.0.0,2020-06-27 17:06:06,,
gp:AOqpTOHOwVYBN6vwn10y65X3hYdIs8m-4FkBb8rPfzsxmpJAoytWWIy6xiVHMUMY46pIcZZUbv7u4YclVHzPAw,Kort Johnson,https://play-lh.googleusercontent.com/-hY3EkWCBpNY/AAAAAAAAAAI/AAAAAAAAAAA/AMZuucm30iSbbER0i0nXOgokQmVdfZbnew/photo.jpg,Its pretty fun just wish the pasta one was available with the rest.,4,0,1.0.0,2020-06-24 20:05:05,,
gp:AOqpTOFd_5R7kzPx2ul_lIsN_DiicRAj-ehpp_DdfVENc54IlbXw1OdtYplaWZTwT3-ZZnlLXp3yPsIjF9mpVw,Cross Marian,https://play-lh.googleusercontent.com/a-/AOh14GiE0yl_40GtfWNkwhCNuSMfUaRmvPLRzEx8cba5ew,"I love the Papa's Food game series so much and the mobile versions are so much fun and easier to use. I find small details that make the mobile version my preferred option over PC. It's challenging, exciting, and the variety of customers as well as customizable features make this game completely stand out from all other food related games. 5 Stars 🌟 all the way!",5,88,1.0.0,2020-06-23 06:32:51,,
gp:AOqpTOHwysk_CMO3lkJ1FiggtdAHlGoDGolmKB2FgrzTQh-ry2PTiYbiI9Sb5eZDvS33nxZodcBu0pdqcF4bRQ,Amy Vogt,https://play-lh.googleusercontent.com/a-/AOh14Gis0tfFcPq3LrMcct8Cg8Ep9ZFN0nDTJQVOMXIj8w,"Okay let me get the 2 bad things out of the way first, first of all it costs money, which isn't necessarily bad at all but I feel like the creators would make more money by putting ads in it and making it free since so many more people would be motivated to buy it. Second, its probably the hardest papas game ever so if you are not good at these games I would not reccomend buying. Other than that the game is super fun and addicting I cant type any more lol there is a charachter limit oof sorry",4,3,1.0.0,2020-06-20 22:28:45,,
gp:AOqpTOGvHEDkiNIp4Zav771A5nwVd8z-IUPUBC8_8u5FtkeCgEcRs9ayvVgB2x5-Qk3h1AvU1vk99P43I46L4Q,lil Kait,https://play-lh.googleusercontent.com/a-/AOh14GilIXuRbbCmKiVy2NmCa9WdmdRyGvJi0zvI6YBs,Fun,5,0,1.0.0,2020-06-18 22:51:43,,
gp:AOqpTOGq5mth1kgZsuwm87AgIcdWr-EXpD3V-hwCdyB2HrpeqQUaYfptysIhl3yXYEcDJ4a3AoGJKwWgDMI74g,Noah Compher,https://play-lh.googleusercontent.com/a-/AOh14GgbLR4dHF9kV354T5TsspIMhnfbO6uxW3KmgPlp,Best game ever! I love it! 🍣,5,1,1.0.0,2020-06-17 17:58:46,,
gp:AOqpTOGMQN55CimZbavLP24o4-f5NsjzFWFtYv_ZoURnJqKSP6gtiuaicLXyomGtjipk9W59N7kYQ_kxejfOwg,Arron Krusky,https://play-lh.googleusercontent.com/-5dFk42V9NOs/AAAAAAAAAAI/AAAAAAAAAAA/AMZuucnqQaHbQY08n9mMwcA8udBehfXNAQ/photo.jpg,It's a solid Papa's game but the repetitiveness of the series is getting me down. It's always the same holidays and minigames and everything. A sushi game seems like a great opportunity to do something different- maybe some new themed minigames. There are only so many games of Slider Escape I can play before I lose interest. Edit to add: still having fun though so bumped up a star.,4,42,1.0.0,2020-06-07 12:48:56,,
gp:AOqpTOFXa2Sr-Hu8Fm33wYSDeAvJnt9R7wmVlWBNTFYaT3CGzlZBBPAS-TFqD_3c0kHjrjUJXbFzMoaiTA75cA,Yeseul Saporov,https://play-lh.googleusercontent.com/-uvlMJFHRXGg/AAAAAAAAAAI/AAAAAAAAAAA/AMZuucmNz5HzQvSbu6YlIUvM-wAN2aTEnw/photo.jpg,"I love this game! I've been waiting for a new game to come out, and I'm glad it's Sushiria this time. Sure, the game is more challenging at first, but it's challenging in a fun way! It gets more easier as you get used to it. I highly recommend it.",5,2,1.0.0,2020-06-06 07:06:20,,
gp:AOqpTOHDhGudhNIkUO_VDypnQjxQcHI3tBm8pfB61oa8NHxnwXiWePD07DQbDRkpR5egxZJVzrTdEiMvuz0mfQ,Edumba Vannia Raja,https://play-lh.googleusercontent.com/-SzX84LMZlZw/AAAAAAAAAAI/AAAAAAAAAAA/AMZuucmKX4PE7sWJxHo751-3GPfSXzUzEg/photo.jpg,I am so glad to play these flipline games on my smartphone. The graphics are entirely nice. I hope you will launch a new gameria in the ongoing year. No words to appreciate flipline studios.,5,2,1.0.0,2020-06-06 05:31:47,,
gp:AOqpTOESDJ9G5OY51JDmdyWOq7qNHXG3fH2V_WEpOttCzbAPb8Q8be0CtYc_6pQMpspjt3tNUjAxaxHm-OJX0w,Little pinky bear,https://play-lh.googleusercontent.com/a-/AOh14Gg-9Ec-y9TtCevcW_fmXUgpNumIJ5Aloyi8atnf,Wow I literally like that this game but it's still hard a little bit for me but I still like it do? So yeah that's all oh yeah and im make it so amazing pls pls update now pls 😍😍😍,5,1,1.0.0,2020-06-06 00:05:18,,
gp:AOqpTOFLv971OYF2-NmyAcEspnVcmxtDTHvAEXQoLclymxhDKqeHiQNLi95zx2m-_RtW5vQpGp-6SI0s29tpKA,Autumn Mcdonald,https://play-lh.googleusercontent.com/a-/AOh14Ggx79xN7npRQeXJkrCSoz_dHyzJCNmLabQMads_Yg,When can we play Pastaria To Go?!,4,0,1.0.0,2020-06-05 18:21:48,,
gp:AOqpTOGjRZSjZagefPUj4DxdxBuQV9dSRr2YgMSi30K_ZELD3-AbXYSqBhkgQWsuEBliiPxpZ9r7KVpLH7s_-w,Shasta Huntington,https://play-lh.googleusercontent.com/-fB3CaWE6eAs/AAAAAAAAAAI/AAAAAAAAAAA/AMZuucktm1Zd8nEvuV78W0qSxMQq36sZpA/photo.jpg,One of my favorites!,5,0,1.0.0,2020-06-01 16:31:36,,
gp:AOqpTOG5gy8ERjf5disjpDxrnJmQwwACGCJX2eB-CMZ2KCxUWH9fSVwWs27nK0Y-CVyySi9z3UyX9eOhEMUhBQ,Nathalie Lopez,https://play-lh.googleusercontent.com/a-/AOh14GimLzoC-pVHc-yleGSSuL5CQwlA4czHtcscTL9ujA,Again love the game! Just want to know when the Pastaria is coming to the phone. That was one of my favorites!,5,1,1.0.0,2020-05-31 08:08:17,,
gp:AOqpTOET8IYs2e--6bC6azJxTrGbXxEdd8m8PQdM1Pc1yQTnuBrUGtzOtvRllZBgRJfWrNGokGeJ7xQSh-n2Vw,Paul Bakos,https://play-lh.googleusercontent.com/-lCDyoHAW9mg/AAAAAAAAAAI/AAAAAAAAAAA/AMZuuckaamfh1a6DMYH7xXvVDg_3yaEZNA/photo.jpg,"Once you get the hang of completing a level with ease, all the other levels are the same and the game starts to get repetitive. The game doesn't get any more difficult and gets kind of boring imo. Still a good game nonetheless.",4,0,1.0.0,2020-05-30 09:19:14,,
gp:AOqpTOF7lwCBIQePuLUI7iujv56Zt2uUzG6JtBYk9a3uVyAMaLiTC196k9YyPejhgz8GTe2uorfHtMmp_TNM_A,Picked Bean,https://play-lh.googleusercontent.com/a-/AOh14Gi9M0TzbFfQWjiN2G166TrTAHkHYgWd8m8HgF62Zw,"It's a really good game and all but it's a bit harder then the other games. But I have a question mabye someone can answer, Are the upgrades free and use game money (tips) and is the clothing the same kinda way. it says it uses your tips and the tips a they want you to pay with are in the game and not on your card right? Please answer me if you know!",5,44,1.0.0,2020-05-26 19:20:10,,
gp:AOqpTOFwpJ2s0wVQrhLMdBbFmRB5S4GV1iH2iBhgZgVmUsSEhqaemF3kH152iE4WQw9R2E7fOtw0ni_P4Dqw4Q,shannon tzeng,https://play-lh.googleusercontent.com/a-/AOh14GhsJSW6Ma1j1r5jU5WKuMlFM-sfdGPfwWtBWhkXZQ,"Game's good. Suggestion for game update: Find a a way to be able to choose a different rice/seaweed paper from an ""inventory"" box in the ""build mode"" rather than always having to only use the rice/paper combo that's on the table in ""build mode"". I don't always want to use/have an order that involves the rice/seaweed combo that's on the table in ""build mode"". It's like the Papa's Wingeria where you can plate the wing order that you want 'cuz the wings made are all on the bottom of the screen.",4,8,1.0.0,2020-05-24 21:48:30,,
gp:AOqpTOH-Szq49zMFodKEToPkyOj3ojdm0YGeNVMt6oQgTQ89MYTNvqUpkmysddV7My3Oh-Q_g23cLlcN29HGWQ,E Lynn G-C,https://play-lh.googleusercontent.com/a-/AOh14GgeRMNtBT4TAqkwbnnHkQTMTgdD0e6TWf-DvIdYxA,"DRINK STATION GLITCH! The drink station is glitching out, as it only allows me to make one drink. On my PC version, I can make multiple drinks, as is the case with Pancakearia, PC version, moble, as well as tablet. Can't play effectively, unless drink station allows me to pre make my drinks. Please fix this major glitch!! Thank you. ☹",3,8,1.0.0,2020-05-18 01:55:55,,
gp:AOqpTOEgSrnHDr4Qiwr2iMwe4LUijBNPQ3Dl2dag646aTqKAP38l0tSTpSeRJ9ipA1tvNKqzQd8TNdT_ftfbFA,Jaden Lee,https://play-lh.googleusercontent.com/a-/AOh14Ghx_kFfp-fhW-x57Vzvg8ygLT9dJt24jOGPhvLKzw,"Great game and an even greater time killer. It's a little difficult to see what exactly you're doing wrong with some orders especially on the build part, but over all I wouldn't say this game is as difficult like other reviews are suggesting. My only gripe is that your settings to turn off volume and sound don't save after closing the app, meaning I have to manually turn off volume myself every time. I love being able to collect different outfits for all the customers by completing challenges.",5,40,1.0.0,2020-05-17 08:24:32,,
gp:AOqpTOEVCGabwsOQsmSSOIGh-EBB7YIdFQviUfaVwU84eEIIBmWpS2fFkEx5_Xu4JKuXvKL5WUITWkdZVw5lww,Emilio Cervantes,https://play-lh.googleusercontent.com/-fe5aQxLyWt4/AAAAAAAAAAI/AAAAAAAAAAA/AMZuucnVNuFzJmFoyRBpZiS6WAT-MMe12A/photo.jpg,I love this game I love papa louie I am a big fan of them I hope other people love it to 😊,5,1,1.0.0,2020-05-10 20:56:40,,
gp:AOqpTOGDhaazXfRtsGNLdKzmR8VxBYvgkLJ2xpFX538WVbLVrNLcl4i5GXFPp2nDTJdcL-8SWXo9NTKXqzEImA,Sion Hughes,https://play-lh.googleusercontent.com/-m8iK2DEA46s/AAAAAAAAAAI/AAAAAAAAAAA/AMZuucm7IpErt-KP34nIBEFr_gVTdD8gog/photo.jpg,"Papa's Sushiria to go is an amazing game, like all other papa Louie games. The gameplay is fun, and the design and controls are also very good. My only problem with the game is that if you accidentally press the ""finish"" button during the build station before cutting, you have no option to go back. It would be nice to have an option (or button) that you can press to go back to build station, but only if you haven't cut your sushi yet. Apart from that, amazing game! :)",4,78,1.0.0,2020-05-10 07:45:58,,
gp:AOqpTOF3zdyJPBQKmK-uN6Oenn5LJyrYvq-Ute1wHMrMF46mj5SrsOK3WsHqdmwcz5U8kbtSNxHdkhei_1GPHQ,Pivigurl Music,https://play-lh.googleusercontent.com/a-/AOh14GhNzXL1ovaWWgKBhlK-KszCBhOL6Z02p3eOO4XF,Love this addition to the Papa Louie app suite. Please add Pastaria!,5,2,1.0.0,2020-05-10 06:25:52,,
gp:AOqpTOE_W5Dbpl30UN7kCU2hXmnCxFc8umAiTpXI-_bu51xYQnzI3yMaBaAwfK1QmVdXBL8B39QdqN2w7gf2Gw,Pash,https://play-lh.googleusercontent.com/a-/AOh14Gga4g8_dLBkEnNiDxiXSKeEwrUtK6mbeV4ZXmUsYQ,i love this game! it's one of the best of your games. docking a star because of a glitch though. sometimes the game freezes when you take phone orders,4,1,1.0.0,2020-05-08 19:31:23,,
gp:AOqpTOH6OVLJAcs0XYGNPjTG8nTt8tZRlvwEdXphfcv3vzk6eZacB-hC2O4bYNt01J8mlfts_ATqEThjy5Tqow,noentity,https://play-lh.googleusercontent.com/a-/AOh14GjWo11EpapVEgsN90M31V39foAh2uQ-9drGnibywQ,"Super nostalgic, I loved these games as a kid. Sushiria is my favorite of the series, I'm glad to see it's finally become an app. It's a little bit different than the computer version, instead of a waiter you hire a delivery boy. The controls do take some getting used to but once you get the hang of it, it's just as easy. The only issue I have is that the bar in the drink station is very small which makes pouring drinks a little annoying. It would be nice if it was just a little bit larger.",4,3,1.0.0,2020-05-08 13:20:14,,
gp:AOqpTOGNK3XO9al46nnA_WKmdQd67Oilh9qKFWidYWpR05dTFp57CzbqdHbYbiNOoJtTj0rgQH8weeUhCBPE0g,Deja Kat,https://play-lh.googleusercontent.com/a-/AOh14Gh4VuNPfux1BVBQ1nviSGPYrGK5Ht8Y4EIkSUaWSA,"To echo what alot of other folks are saying, the wait time scores are terribly low compared to other games. Kinda funny people are more impatient for the most artisan food option out of all the games lmao. Otherwise, pretty much standard Papa's game. If you enjoy any of the others, you'll probably enjoy this.",4,3,1.0.0,2020-05-08 10:25:38,,
gp:AOqpTOHsduj7pVmQbKVdcmoa5g6Y2ZVTp8e7by_dDN05GUFgHiA1C3GmCEBrerZ8SPpHykbxnyiGggO9hLuoiQ,Coffee Consumer,https://play-lh.googleusercontent.com/a-/AOh14GjNNYQ_hywQUJmVenN4FlfecXmXL8DU0owwZSgZ,"I always love Papas games, this one hasnt failed to be as enjoyable as all the others!",5,1,1.0.0,2020-05-08 03:35:03,,
gp:AOqpTOGvrKry5Ynk9_Fe-BVH3Qdo2Nzc793VPaMFAv4zGQ6ttYqFqa8MK7yOUotmCNuYjbNL9_IzF3iipuuncw,Tiahna James,https://play-lh.googleusercontent.com/a-/AOh14Gh-QDLlVMYpitWgNUdaH9_Z4ZbvuhD2h2IpCiv-Sw,Fun game,5,1,1.0.0,2020-05-08 02:58:10,,
gp:AOqpTOFmLCTULG8Cn62Opy_RUwGd5IzXi7CvkO5byft1CBUNTdWNc6zRGFM7IfB7bK3f6nMcp24zqx-NeWa0Hw,EpicOscarR,https://play-lh.googleusercontent.com/a-/AOh14Gga_P0ZtB4x1cMj0DproYgqPjisA8qxeuaMQwGtJg,I've been playing this for hours it's good they really fixed the cutting station and I would recommend this😊,5,2,1.0.0,2020-05-07 11:20:38,,
gp:AOqpTOEheU5uVlGX0wjLuupUqO99CMReix6rZXt0w48UtgVDbuVgi_SGCalZo8ifAzY3IrA5_xTujixCAIbh8A,N Bros,https://play-lh.googleusercontent.com/a-/AOh14GhZGbHlat3yZSqy3gQeytmlGloUs9qR5Ytp5eh79g,It's sushi and everyone likes making them it deserves five stars,5,1,1.0.0,2020-05-06 12:14:28,,
gp:AOqpTOGeHkQOcFMIDhzkklNr3MoC-GUcqlA9Mr0FJ9z6rpsykj3fWfYQt7J5Zpy0CNulgu-Uo0fS1juQL2Sfcg,Jade C,https://play-lh.googleusercontent.com/a-/AOh14GgAmdCg9jZh_NPPAujZYoaHRvKG7qwB7UyQ8dvrzg,While I like the idea I found it a bit too hard especially the drink part,3,6,,2020-05-05 05:32:26,,
gp:AOqpTOGbWPnke3so-mmtrx858k_GpFkLtjvUN2yEbVW1x7jz89QMgFDZnzyebOhzUFnMlt92WbMyJVwR8mUX7g,Stevie Marshall,https://play-lh.googleusercontent.com/-YaUnCaQNjqI/AAAAAAAAAAI/AAAAAAAAIOA/AMZuuclEIrghwJ3eUUnuklzbDR6Fq9PzYA/photo.jpg,"LOVE IT!!! now if only you could make pastaria, the collection will be complete 💓",5,3,1.0.0,2020-05-04 21:33:05,,
gp:AOqpTOGuNBW1Usbsd9KfnAXOl3v6EIGES47UeoT3KNZMhae5PRDZZTZQvQzeSX-QgjkVnMv6Kg_mY6XgaiEsOg,Heather Charlesworth,https://play-lh.googleusercontent.com/a-/AOh14GjaS9FdnZ_brd2KC4-AZvD6kYV3UeQnFQ0kdQXu_w,"By far this one is the most difficult. I love the game though! I think the waiting time and gameplay might be abit off for how much you have to do in this one and the drinks are very difficult! Unless the speed is reduced or add more ""Upgrades"" are incorporated, it's completely impossible to get 100% on the whole meal. Plus, I've come to notice the number of products that can be added onto the sushi range too, maybe an number indication (like the pizza game) of each product might help players?",4,29,1.0.0,2020-05-04 16:05:18,,
gp:AOqpTOGP3EPlnowCmDtL67GtzlfTQEhZ-JB2w5FWe42cqx1ASv2BPJehKP9E-hO50ZlLN95a5AMP4nmKep-JfQ,Aaron Fischbach,https://play-lh.googleusercontent.com/a-/AOh14Gh08L_NMNfjry0nWqvEp8aCmdg-bZsKLQriGA9ABVc,This game is really fun and I'm waiting on the last game to go version,5,3,1.0.0,2020-05-02 18:13:55,,
gp:AOqpTOF5DewuH6THqBzweKsfPUeaYyKUuH9-VeeYVTvA8oMlcZr0-QsusDZIat8qc6TxoQXWkLNP-Dzgn38hCw,s c,https://play-lh.googleusercontent.com/-QFzdZduebtM/AAAAAAAAAAI/AAAAAAAAAAA/AMZuuckzJDth38ZFrT8meAUoDX-aRTf0Fw/photo.jpg,"This one is hard BUT for tips for players: Get the doorbell ringer, take orders as soon as customers walk through the door, when making the sushi; over lap a little bit of the food inside and outside the sushi roll, while the rice is cooking for the 1st order only, work on the drink while waiting for the rice to boil",5,1,,2020-05-01 13:35:11,,
gp:AOqpTOFHtB8l06paQtVi_KlL2rRQf4wjX4l938j7cLp9Z956Ygtz805YNClyrz_tKYgd-N1QU9O4JgFIt_j0jQ,Jasmine Dowling,https://play-lh.googleusercontent.com/-KWAmZGKBmeU/AAAAAAAAAAI/AAAAAAAAAAA/AMZuucmktS_Z_YBLgg1mpRybsJy-muXebA/photo.jpg,It was awsome and cool,5,2,1.0.0,2020-04-28 18:58:20,,
gp:AOqpTOETBlonkrCrBWQGqJD1GGGo4IEY0zGqd2RwEGfEcaIxXPCiUdLMJWNJAjBY585OAFnqTTqcrfHaL0sScw,Angel H,https://play-lh.googleusercontent.com/a-/AOh14GjtM0bhqWpnuDcWF_mrfbOf0cniKYvRLLvB8OyxMw,"Out of all the games in the series, this one is, by far, the most difficult. I'm on Day 9 and I've only scored above an 89 twice. Once was during the tutorial! Even after finally being able to purchase the cooking alarms, my waiting scores are abysmal. Please, do something to adjust the difficulty.",3,12,1.0.0,2020-04-28 10:23:33,,
gp:AOqpTOGOPMkoP3IZDpDYYiaO7UJUWe-q0wLeTYV0Mz1KEkBKrrWnZkZYA-R2ASxgyOY722A9zupyMUswawp7pw,Chris Cortese,https://play-lh.googleusercontent.com/-_dnBGUei64A/AAAAAAAAAAI/AAAAAAAAAAA/AMZuuclLbGiiZE3vtSC9-QBMS_XlXDJ_hQ/photo.jpg,I love it,5,1,1.0.0,2020-04-28 07:49:17,,
gp:AOqpTOFkex8wDMYSUge9fFClM6ZAgY2kKEQfmirUVsExvZmgCsUi_JONV3oUsGiypOiVwAWmo15rzQLnsrm0UQ,Empress fairy,https://play-lh.googleusercontent.com/a-/AOh14GjX7OeoIxUVAGOEMQX4wo74cD6INQe21KzWZM_KHw,"When I make sushi, one of the sushi are empty or black colored. Please fix",3,2,1.0.0,2020-04-27 03:36:58,,
gp:AOqpTOGbQ7M5lEWuDlfUv-b8Waadqj52Sb4JjvPd4NlHp_5JUKqJuehPENDEe9dpcAq9O_EzNrPHVSeBDhrHBw,Damali Young,https://play-lh.googleusercontent.com/-zq8TDU2_pjE/AAAAAAAAAAI/AAAAAAAAAAA/AMZuuck7XGsPpMa_ekDjWd8Mz1asQbYL6A/photo.jpg,Just started playing it i like it its fun ive played them all...,5,4,1.0.0,2020-04-26 12:36:28,,
gp:AOqpTOEdJEdmgAT4_C9HLCxb7jcpQfKS3nqd68O5SNsp7VJ0LIkGjgy7ixWS2kdva0AI3a75zpqi2Nmv0TCpNA,jake plays yt,https://play-lh.googleusercontent.com/a-/AOh14GjLPbaVqkhlC_t9SNjoTb491tPDB-jL2EusOMLKvg,Every time I play to go games I am usually annoyed by the controls BUT this time it was good I have always wanted to play this papa louie game and I'm finally playing it every penny I spent on this was worth it,5,5,1.0.0,2020-04-24 23:47:33,,
gp:AOqpTOHFOgiWm6dAubObLpyfVIX01iu0j5RfM4FScywkm1q7P7Ip0Hg6vdywEDK0WOc3jDqYAOL_JcU9Eh3N-g,pokedienow 3,https://play-lh.googleusercontent.com/a-/AOh14Gi75piiW74vfMaFwsFtAyRHgw2ObMhsRGQw4E4pFw,Love it best papa louie to go game so far Cant wait till The pasta one comes out :),5,6,1.0.0,2020-04-24 23:05:48,,
gp:AOqpTOHLgEDCGvz83iMmw8yqzNwbxxOeGSVPGUQXSWNK8U4ipKDZtLsqYz2e2i0JUu_xYFRZMXcl2HQkjjlDRg,Samuel Owen,https://play-lh.googleusercontent.com/a-/AOh14Ghb1zQDdeGWrZnd0sELJlo_AnAzz9uGRW1_R7tV,"As a fan of all of the papa louie games i have been collecting all of them on my phone I have to admit, Sushiria was my least favourite on flash but now that it is on phone i am starting to enjoy it One complaint though and it might be just me but i felt the same about the flash game in this respect too In Pancakaria you could prepare multiple drinks in advance which was a feature i really liked. What i dont like about both Sushirias is that it doesn't include this feature Anyway. Good game!",4,4,1.0.0,2020-04-24 06:26:57,,
gp:AOqpTOGp62iuoeQB2M0263RPT7C1DuD8n8_sTjE4IUsXrV2misez1S0WkDL20iArOsFcG-aeFghP0CD9WUjCAg,Juan Esteban Gallego Mira,https://play-lh.googleusercontent.com/a-/AOh14GiIs4oElDBuKmDps500YId_FjJgQmAr39ZYjp0_1So,"Please give more detail and animation in the part of the knife and cutting the sushi, it feels a little poor",4,3,1.0.0,2020-04-23 15:24:22,,
gp:AOqpTOF9PqveCQq0Y2i_-VTUEHeUMvaS_uW37__2bw6h-1X6Zn1X8O62MkYe5t4JLMnNBtzJtpmyuyx3fFdh1A,Hand Banana Rocks,https://play-lh.googleusercontent.com/-KlvxIU4vpqM/AAAAAAAAAAI/AAAAAAAAAAA/AMZuuckMBopTR3qTHrvnCsR0pIHBHI7xmQ/photo.jpg,"I love this game, but it can be hard to control the placement of toppings especially on my tablet. It's almost as if there's not enough room on the sushi roll for toppings & it causes reduced points for building. When adding sauces the sushi roll won't move left&right causing a straight line of sauce. I hope there will be updates to fix this& I'll happily give 5 stars because it really is a great game! I do want to thank the developers for making these awesome games! Your fans appreciate y'all!",4,29,1.0.0,2020-04-23 11:04:56,,
gp:AOqpTOHohE602UBXYEwhy-jwD698Iiv5ssgZNGYZOHcLtpqm676v0LyxR_koBDdNSLVoUhKV7uJ6gHlzh8l5HQ,Lillian Hong,https://play-lh.googleusercontent.com/a-/AOh14GiiemTpsBiSqim1Elb6Oy2FoknxK3SzM84rK_RjEw,A more polished version of the PC one and I'm loving it. There's no food game that does it with the same quality like Flipline Studios.,5,6,1.0.0,2020-04-23 08:20:27,,
gp:AOqpTOE9ogaC19Cfc1JqqFVeqXt6GZIPARmJA0ZvScITAGbuOWrTBS3h1MsPkDTocqEYRtNn1sc7x-9SX7jZuw,Vangelis Idaris,https://play-lh.googleusercontent.com/a-/AOh14GgGKqDV_eUzHYfjD8_7R5qGIEyDK8L7DMh4K_hwm5M,Great game!,5,4,,2020-04-22 23:29:04,,
gp:AOqpTOFneiaW2almxtMKronpZ3lyTtgP1fnXagi6uHDbno2uAafMceEt9EkPVUWqkEu5Cvl37lcVWYFMHP5Fvw,Karen Fowler,https://play-lh.googleusercontent.com/a-/AOh14GhkmqxS8a7k9ODYH6tyb_1RHPakoiStvzlsVkYZzA,"This game is INCREDIBLE!! I only have 1 issue with it and thats the Difficulty. Sushiria To Go is SO HARD....Well maybe not that hard, but I can't ever get a 100 In the drink OR Waiting station. I mean the customers are really picky with the time. Other than that, this game is nearly flawless. Not laggy, A beautiful Japanese setting, and Matt FROM FLIPLINE STUDIOS as A worker. I highly recommend this for any sushi lovers or just someone who love Flipline Studios Work. A 4 star review from Me!!!",4,30,1.0.0,2020-04-22 20:24:00,,
gp:AOqpTOHiAhJPqFZ_vSXWVUifj1GLz8zVaIT4Ob9N1IkhUpc8ZFULTea7NXjGPJYDAFeyrOiCeHFh6I-gODfLbg,Liviluv 777,https://play-lh.googleusercontent.com/a-/AOh14GiPsyZ2W8GgS-nE9llpulQ86U5Rd84EWanWBVbPkA,Flipline at it again with a great game! I highly recommend this and all of your other games. Keep up the amazing work! 👍👏👏👍,5,8,1.0.0,2020-04-22 09:26:51,,
gp:AOqpTOGs6UFogmXClM_T5i0s59roX9yfkKdBgN7Ys83K6AsH5fHiQ7iqOn5PaKB4T5Ue3N58PFvBVvh_hZYvAg,Nicky 717,https://play-lh.googleusercontent.com/a-/AOh14GiN9arLwp8Qay3QKLzJ5Kun3OP6_2x2J4hdsMh3nA,I bought this game the moment I saw it was released. I love this game from what i have played of it. I will definitely be playing this game for as long as possible. It is incredibly fun and addicting. It took a will of effort to stop playing it to review it. I very much reccomend this game to anyone who likes the other games like this.,5,22,1.0.0,2020-04-21 21:01:46,,
gp:AOqpTOGai46VasjEd8P5fCpOPxyb6Jn_Z0X6l_igr5s1x9_kB2QFJJi1BJJG8L3kGxwy4JUOsk_piXI5_6ofXg,Core YT,https://play-lh.googleusercontent.com/a-/AOh14Gh--1zSTmoadQvOvXX3_GyaPy04deZmsNxKHEH1YA,This is the BEST PAPA LOUIE GAME!!!! But a little laggy... STILL LOVE IT!!!! Ummm.. Flipline? Can you Matt and Tony fix the laggyness?,5,19,1.0.0,2020-04-21 13:52:22,,
gp:AOqpTOGchTYE1y5WwNQFvy-DX91tP5TItGEGkYLeS-wzVvT4_ZcYJPgy15IDCQjMJykbXxi_Ucbsrb0gwYWJcQ,Samuel Holtz,https://play-lh.googleusercontent.com/-PTaF_QUYprA/AAAAAAAAAAI/AAAAAAAAAAA/AMZuucnlTaUd1q5o-Wm9WEYV8lj5NQ4kAA/photo.jpg,It turned out perfect and easy yet fun 😊 thank you ❤❤,5,18,1.0.0,2020-04-21 08:40:13,,
