reviewId,userName,userImage,content,score,thumbsUpCount,reviewCreatedVersion,at,replyContent,repliedAt
gp:AOqpTOG1xUSXN8D-_6o1MXwxFIP-IwxB9Iy1q-CeVstV_hezrmnYEHxbutnQGyquh2KjxOVjpsw-o_mM42os,Anonymous anonymous,https://play-lh.googleusercontent.com/-p1HiH35R-Jo/AAAAAAAAAAI/AAAAAAAAAAA/AMZuucmCFPKeInMAfMDRFuOkYDOmSm3BjQ/photo.jpg,Goof,5,0,1.1.0,2021-02-04 09:50:14,,
gp:AOqpTOGsJ2RLdDs_MXkfGxdnxjd0YJ3cTioNy9r1L6w00FFwONmwspiz--fzdrmcIjnX1oMmZopjrNxNOoPO,laney sanchez,https://play-lh.googleusercontent.com/a-/AOh14GiwXOKUgUU3JEl677NDp2MD8CHqYnx5VvlKmngVXQ,Totally worth the dollar!,5,0,1.1.0,2021-01-24 21:51:03,,
gp:AOqpTOE_6UbRt683QWdjzbeM3RyDcc4a5VK10dIIsoco3SgKwDyK4x0jj-vt-g0IQdTlD4QvpUZyZFLuRcFS,Anita Clarence Seriene,https://play-lh.googleusercontent.com/a-/AOh14GiPqoWP3BrbU5jeg5mess6KlRI3g9uXTwZ3CgE6SQ,"I love this game, in fact, I love all of Papa's Gamerias. However, I noticed this game is missing textures, mainly in the build station with the dough texture and the cook station with the additive textures. Also, the Slider game is missing textures. At least, it's on my device. If there's a patch for it, I'd love to download it and update the game, but I cannot reinstall it due to no backup save feature.",3,17,1.1.0,2021-01-24 11:15:44,,
gp:AOqpTOF8WykfbMrhu01RdpDfM86Ncn5VTIWxTMBeXp4Jujj17-s7Avo8zWN17ZsJ7T14KpV3JahgbR__CZdu,Axel Heartstrung,https://play-lh.googleusercontent.com/a-/AOh14GgyFzHbF9mbyNJxILki2rx9cd3hpHfeBfPVlHb_tg,Love it!,5,0,1.1.0,2021-01-19 16:16:21,,
gp:AOqpTOF4m-QGyCod5Z87ncGQZfNvAhIeGfd0CFJIHUc3pXl7s13ZNWVJV4GMUbtxRtDbMmb8z9BZB7meeaqL,Laser Disc,https://play-lh.googleusercontent.com/a-/AOh14GgJVrSL4Qn1gipHVpy0zSv8XJVPOEBGUzwszBs1i2A,Worth the price money! It's really fun when I first played it!,5,0,1.1.0,2021-01-14 09:35:05,,
gp:AOqpTOFP0SLYYKNA9HdIjrwsxRzWoYLp_JzEZvF07X66FDUYAZUPWS_6OxeN8ZVtR5vwSOvf4FTGYCgly7Gq,rekeisha J,https://play-lh.googleusercontent.com/a-/AOh14GgiJhiyapa6PWL9sK3ixH3LZ49trP3OPqSNwODemg,Love the game...,5,0,1.1.0,2021-01-10 06:34:59,,
gp:AOqpTOG7YyozGExyCwFtl7U3cBMulfsSQC0WJzmF0F8XkN_okOqo-tBHBwHSai-YGTPN6vF9sCfUWJqFMpao,Samantha Humphrey,https://play-lh.googleusercontent.com/a-/AOh14GgARM5a-4lVA9-RvtnE9dVpJ2yhoUn9P3K0dFdmUg,Cannot see when scooping cookie dough. Needs to fix bug.,3,1,1.1.0,2020-12-10 11:58:23,,
gp:AOqpTOGdmm5jMT4LMsGJoAp6yn7GWWE7I8ZXReNVS2UfPVGbN5bF7aQ0fVTuUwQ6Vs_Zr7yU20FbqiGe5yi-,Ashley White,https://play-lh.googleusercontent.com/a-/AOh14Gim7uIXlbo4-TyVvudjIJmyWWvJ0q_L1pD1Ka_zPw,Good games,5,0,1.1.0,2020-12-09 11:16:17,,
gp:AOqpTOFlq9LQNNIG2eJhLxl1CxwKRBF0XUjP_ejRLneWFQpT_TdpesPhbkRkf40pEfLjseJ-QORqbeZZco2X,F'N ANNOITED ONE KIARA KROSS,https://play-lh.googleusercontent.com/a-/AOh14GilRwj8LUcYnDvoyYbjuklSaaVLOqs3zb93uOxAtA,Love this game only thing I would improve on is that the fact you have to go super slow when scooping the cookie dough,5,30,1.1.0,2020-10-12 13:18:00,,
gp:AOqpTOG32tafy6NOOyGjqByUgkTdc6W7wfubRhnXzWsSHA5PWQSDnhrR9yoJilZ0d3k84laCwp5NJj_k6Mol,Nurin Farisha,https://play-lh.googleusercontent.com/a-/AOh14Gho5gm1OBYmrmbHRX3YkkyKDufLDX8rv37mzM6KegM,"When I play slider escape, there's only the green background. I cannot see where I should slide. Ott, the dough cannot be seen when I scooped it. The dough is only visible when I want to bake it",3,16,1.1.0,2020-10-08 03:29:09,,
gp:AOqpTOGE6q6DAV31OI8zC7MCyp7TBGbw4F-iHGQrzRCrsVPMeVmd-JXMLtCpSINONidHd-cJ3DL0D8HPSHH2,Adam h,https://play-lh.googleusercontent.com/-XluBGRKcdio/AAAAAAAAAAI/AAAAAAAAAAA/AMZuucl8OLmRgTljROz8a0lsjjpFFg2fmg/photo.jpg,Its boring.,1,0,1.1.0,2020-09-30 19:02:04,,
gp:AOqpTOGF2qYuH5K3yCl1YoNeM1UzIUlZFjAjzP76TIu0sLQ-kQQThOPl1PQPCMeXODGo1rCtM32ELDkqjaRz,Ashley Rosales,https://play-lh.googleusercontent.com/a-/AOh14GjpZW6aJYWQLzsKEMpo3r_vYzlyy0gQku3m0OB9-A,I actually never knew that these games existed on mobile 😔😪 wish i knew before but this game is fun a never disappoints.,5,0,1.1.0,2020-09-20 16:48:47,,
gp:AOqpTOE55Mttt4gQ50ys1sifdNDlcSuNzHPdwvxct3oFo5XNtINRuIG3KhOL1Bd_S-lAJF628uuMkcitL3EQ,Kyla Nyman,https://play-lh.googleusercontent.com/a-/AOh14GiO0KgPaMIb-c0vLInOqXEcKQe_qSNEZJgV0_xwiw,It's a really fun game and sometimes it's difficult but I like playing it,5,0,1.1.0,2020-09-11 14:09:59,,
gp:AOqpTOGHrdjRyFetIbE5AC849WKKcvulv-5sTWJusMn2EOC7PWFhkhRQtSsCTL-cnrPwlt7raFWZGSPDzw32,Fiona Croke,https://play-lh.googleusercontent.com/a-/AOh14GjyUjz8u3KYQPU89V2K6_63Ay9TWNRewo8OF5IJOQ,Its the best game ever... to me anyway,5,1,,2020-09-11 08:10:43,,
gp:AOqpTOGvicYP5d4CkPCsIHcggSiQg9LKV-mY9NYv2xFuMzAjjoM2AjFdv3tBnEFq_ysg9LLPFkTHYgJLh5dz,Priskilahbjgn Lisa,https://play-lh.googleusercontent.com/-dbZdSrfBpmU/AAAAAAAAAAI/AAAAAAAAAAA/AMZuucmTg1Vr2q6q06UidWjx6Z2qtJ9kfg/photo.jpg,Good job you love me... This place fun... Here is can to weeks the 2021 Years the from the city Nice job good luck,5,0,1.1.0,2020-09-04 06:43:53,,
gp:AOqpTOEBzSNOEfXOrXTuFD2OVv3ZK0iCQAK7k-DuAIOfLBX0GvclMEEyB136V0taUjZfdZCi0omH3hsj3Til,HLC,https://play-lh.googleusercontent.com/-Tr9qlqDwE00/AAAAAAAAAAI/AAAAAAAAACQ/AMZuucl4a3jF14VSArUqfDTtyRMEoaHiGA/photo.jpg,"I love this game! I really like all of the different aspects of it. I was just wondering why in the world there isn't a St. Patrick's Day. I know they added a ""Baseball Season "", but thought it a bit odd to skip St. Patrick's Day.",5,38,1.1.0,2020-08-27 07:44:19,,
gp:AOqpTOGgd4SDkpxWj45E-RYp7O9RXgVXjYdhqjZUNb0EFchfu0H0WFE11cWUUpDUCPX0Dfa22T0XShgIu2nS,Couch Potato,https://play-lh.googleusercontent.com/a-/AOh14GjQo73hGqRAagiUWDFc0d2wz9Ut6-pqVkD-Su1U,I really love this game~,5,0,1.1.0,2020-08-22 02:09:55,,
gp:AOqpTOENdQlgh6e5efds6AOc7AiZp8_VLzx3LVAG0Bzfp6f-NRfzMPKjGLuslhPZWeEfyEoYJ4EzcHpCw3_2,UwU 421,https://play-lh.googleusercontent.com/a-/AOh14Gg4m1jTa-7vkq6dSEHIYKIaJGljBTAz8Z1Qn8jC,poggers,5,0,1.1.0,2020-08-18 23:48:30,,
gp:AOqpTOGeQBr1SOsUSK1zSoO9eiKzN8C-nqAw-UpqBY4gR_fvB5KPrv5ZlC6jrU7RxW-o5amCRFam0dOZDP1o,mariama barry,https://play-lh.googleusercontent.com/a-/AOh14Gi4bxYo8f-Y70Y26jI0nxxoFEsHQmIJoz9YswSl,The reason why i pick 5 star was this game is simple to play it on phone. And plus this game is making me hungry.,5,0,1.1.0,2020-08-17 17:40:47,,
gp:AOqpTOH4bfp3UsoGaAIE0ak5XYi8QWj5t8dreN5tFg7YYQS2N1a-EO0mo1Q0-3MST1yikUpBCxiVqjKAvPxs,killian and family,https://play-lh.googleusercontent.com/a-/AOh14Gh64QiWIex10VGPO1T25GPS18eylXWQlAT7768b,Fun,5,0,1.1.0,2020-08-09 16:38:35,,
gp:AOqpTOEgQ6HLHppcuiocfbCc1WP4e4oaNxli8PTg6HFtNtuD3JALr0369cEVu9mvNycLBhw1Blag_2_gHXZP,M01R4H7,https://play-lh.googleusercontent.com/a-/AOh14Gj9uMmnCEFHVlJEA8tZKX_VU7l9cK4ugdcD4tWtoQ,"I Love This Game ♡ I've been playing it for almost tjree years now, continually. And my resto has a lot of decors and my employees has a lot of costumes now too. It's so interactive. I love it!",5,68,1.1.0,2020-07-24 21:48:14,,
gp:AOqpTOFhr07pgXuFo_W6xuUJUWdi5eTikKKYPcCKgoO6XURipXVxrft4eXuYtMSuhSACE9KuPraFMTDy1D-C,vampcolto,https://play-lh.googleusercontent.com/a-/AOh14GgXgE1aeUQinH73y6PqFgU3PdfgYNyat2FA9O2zbRo,It's actually a good game but my phone just lags really bad👁️💧👄👁️,4,0,1.1.0,2020-07-21 04:46:46,,
gp:AOqpTOGCiZc1eYmaezFTnSwIi24IsTT2VPwQsahdvURxBAmJKEoAG2VUULZsD_0VXdoeWNV3VyFvMUxtC7tq,I_Love_ Roblox,https://play-lh.googleusercontent.com/a-/AOh14GjkzgxRKO8c5zB-Dw47io7clODjDzWf4YAqsjXmFQ,"So fun. This game is such a good time killer when you're bored. I really have no complaints for this game, it's just awesome and so much fun. Anyone who is thinking about getting this game, I say go for it! It's really worth the money.",5,52,1.1.0,2020-07-18 15:18:14,,
gp:AOqpTOE1u6MJ9oMMGEFGGHx_fm3EWt2vORGEIbfTLBzy5_WQ9w1PKJknAsP8xgi899Nx5MQAQiffRYJZaYbM,Arthur Mckeever,https://play-lh.googleusercontent.com/a-/AOh14GgoJKmJ_T72fgW3ycynvpKhj3S3ETW0pOCZVctt,"Great game, glad to support the developers!",5,1,1.1.0,2020-07-15 11:59:52,,
gp:AOqpTOFeF1D0QAJR8An2-osbtW1695zse-mG2txyZe9nIYBJ2Bd03jWZQrUJX4jfAnSS8nbXEIvmI93Cj2q0,Eturnel flame,https://play-lh.googleusercontent.com/-3TXn_DSAqJY/AAAAAAAAAAI/AAAAAAAAACU/AMZuuckytU15UeFLYfXqTe25bAu7mxsY9Q/photo.jpg,I love this game!,5,0,,2020-07-12 19:35:02,,
gp:AOqpTOEExt9rxeE606ePPrSr2PqRU-uRPYnGxoEJYP0sjFZFO-jmPkruvtkO_VbnPSmfysPN7FHqgmwOVy6F,Journey Payne,https://play-lh.googleusercontent.com/a-/AOh14GjNU61-20XNf4tbgeNg9Aa4IDuBtfQG1CFQg4Bm,I love this game,5,1,1.1.0,2020-07-09 15:49:39,,
gp:AOqpTOEifIsrn1GEiT54MdDWfG8N9PxQGotpGtyy3ksIn_w7tICqligdNKGHM1kPwJg4pKXd-WMZbxqhLF8U,Vijay Kumar Bali,https://play-lh.googleusercontent.com/-mqndcMa5bec/AAAAAAAAAAI/AAAAAAAAAAA/AMZuucm946SVNeQj_5zOt9bmsvjjjEuqQg/photo.jpg,It is the best game!!,5,0,1.1.0,2020-06-22 06:22:52,,
gp:AOqpTOHKalYwB8yzZ9GKq9nBYqKDzkO1zhTy10CFPbV72FZv3LJGGKzBZZPzuOWT-HJej5iHe0G0Jb3jxAx8,Doris Michael,https://play-lh.googleusercontent.com/a-/AOh14GhfdvEPQi7nQ39DZnODv_qqFvX_6d3Ura-N1RzUfw,"I really have nothing to say about it except, it's a amazing game!",5,0,,2020-06-19 15:54:08,,
gp:AOqpTOGqhTQSEqB5pHdxEWXJzkUoPSDhS-BCluXmbrTQGnyh_gJ9vwd4E_olA0QHvWsnAZ3693ZpBZJ5mE7G,Miranda Landis,https://play-lh.googleusercontent.com/a-/AOh14GjPc3Z1icjtThCgjmcQCJ8c3XuMqAk46N-lM8uZYg,It a good game to play,5,0,1.1.0,2020-06-16 17:01:42,,
gp:AOqpTOHrJMi7nk4Y5YuEmzz6Zzv0oGSCNyYZOSrYGbm6pEOCRfpAvUhvhPYPEWW-85poUbH3Jia0Kp2xwrMW,AlphaStormX,https://play-lh.googleusercontent.com/a-/AOh14GhV6WgXwSFgrLpOeVmudby370tSwe0nXzyC-cyaIDc,This game is legendarysssss!!!!!!!!!!😛😜😝,5,2,,2020-06-14 20:16:28,,
gp:AOqpTOGyjQGSltkK5khkb9ZXD4SHvXBgcVJKOowemI1v183QrWGudgiTJ7tQrTg6XZYBDihQpbMs1NeJKvUV,Ramon Diaz,https://play-lh.googleusercontent.com/a-/AOh14GgXZ_bAX4iZEMTHBTj0iG3wYmjOWufmJObmxr0_9g,Very nice game!!!😄😄😄 very easy just like in laptop/PC,5,1,1.1.0,2020-06-10 05:48:53,,
gp:AOqpTOEasnZkwBjYU82w7dvDjoSwuGYc6JnhX4OygX8FXekzwqf9dWXg5Zq3fvEzefKedRU3MUY67vpwaKWj,Shadow Guardian,https://play-lh.googleusercontent.com/a-/AOh14Gi0lMnZZQvDsDW0UHB8oEKUFnrQ7jcqNsN5Ya-0,This game make my chilhood awesome Status legend to all PaPa' game,5,2,1.1.0,2020-06-04 20:54:10,,
gp:AOqpTOGK3EjjVPGpMrzZ41AoZxBNEXdOF1Gkv5N2Oy81H2-ZcIg_KLq37qI8_SG7iz3Qk972ZU8Tg6ixSGlO,Jennifer Angel Ruiz,https://play-lh.googleusercontent.com/-pVarPZgSyNk/AAAAAAAAAAI/AAAAAAAAAAk/AMZuuck7WOavOpljMBSBF-P3Og9dpmK0xw/photo.jpg,"I love this game, and for me it was worth spending that $ 2.50, is entertaining, I can play without internet, and I love that is like an entertainment to a job",5,19,1.1.0,2020-06-01 21:23:31,,
gp:AOqpTOGdmgSVqkriJGQHIL9AuY1ghfCVVwHqfj1uTK32tcP4Q5qXMlKtyF3GBaZiNrhsBXOOz_3OUPfTjk9l,Nathalie Lopez,https://play-lh.googleusercontent.com/a-/AOh14GimLzoC-pVHc-yleGSSuL5CQwlA4czHtcscTL9ujA,Always been a fan of all the Papa Games! If you dont like repetition in a game then dont play. But if you love a challenge and unlocking things within a game then I say play away!,5,28,1.1.0,2020-05-31 08:00:59,,
gp:AOqpTOEOn_2_NhKmc45LVjORLiBZFzvzjki-6XPjZmMvqXqAPOd-XbXUO3friqy-hPJSSoy5U7XCVrhUqJm6,Høney Cøøkie,https://play-lh.googleusercontent.com/a-/AOh14GgeS3eLQnJiG6bsP0GYrsSaNxVrpmR5Qe4uON5sTw,Awesome game 👏👏👏,5,1,1.1.0,2020-05-30 06:04:08,,
gp:AOqpTOHXaL96-U-obUcn8QiwvM9UXNbs772JGXgzxCRoPXLRss-Y0A3IHrbTuBw1ahB4E-b8xo4WgWi3WM2c,Deborah Ward,https://play-lh.googleusercontent.com/a-/AOh14GiJtmtayWTfaNRIkIQw8keh2rQZAsnD11W5de4j,When scooping cookies they do not show up,1,1,1.1.0,2020-05-27 22:00:28,,
gp:AOqpTOGwRHLD5QnRhNd8otEGe-EQYHe36VEijVqEFaJwhXvJvoNomyXuMZokyNewg8whG8pdBOf6VrwPndG1,Ron K,https://play-lh.googleusercontent.com/-qBtIonRj8g8/AAAAAAAAAAI/AAAAAAAAAAA/AMZuucnuvz5Jyu3qy2UVT09uvNVzSIvOxQ/photo.jpg,BEST GAME EVER,5,1,1.1.0,2020-05-27 10:17:48,,
gp:AOqpTOHWLprhm911yNPg2GdLG8ECktTdqaiaGJzczZyHHqn5hzob3VWOwt88DUxPjuLeQ0TwPlpJUZ1eUckX,EshaMeera,https://play-lh.googleusercontent.com/a-/AOh14Gg2QogUxQj-mPziWuzBLCBlpn0JHxkItlYunSfT,Worth to buy,5,1,,2020-05-22 03:03:38,,
gp:AOqpTOG1yRGrrqXQLKkmDnTQRK9On756-kQ-YEAtDtY_AkhDqTIl7Hd9Rzzgtf7stfWv67NiNqZxOFlf_xXJ,CapCraft,https://play-lh.googleusercontent.com/a-/AOh14GitVraUTdxkeyyNKohX9cDhNyP15d2-JKKPK60S5g,Love This Game!!! MUST DOWNLOAD,5,1,1.1.0,2020-05-19 11:39:10,,
gp:AOqpTOFiKUhZYs1C-AoV9_eNr0zRP83LevTJ99M247w2PdwbjbdFkzE8EpIKPbFDlGmuScedD4-iuJtSRkD4,Joan Kaye Enswanne,https://play-lh.googleusercontent.com/a-/AOh14GizxiPfgI3tBwANX0v7plZkXVuXAE3wkVLUHPO7,Update pls,5,1,1.1.0,2020-05-15 18:20:08,,
gp:AOqpTOE6wUHX9v-v7Lf2mzFSyL9MST3L_Pv-56VbnIdv0ej96O7w4C7lL96dt59ISyuXAZZQM06CB0TpCbDM,Singing Drawing,https://play-lh.googleusercontent.com/-E2xzaZP8hPI/AAAAAAAAAAI/AAAAAAAAAAA/AMZuuckQTyNzRsPJ2gGuQ016k_B5SMNAXw/photo.jpg,Nice game,4,1,1.1.0,2020-05-14 21:59:59,,
gp:AOqpTOHrgXYZcDL0KGpCXx39BoYJNf_JBRBLZ7cBCD7jMObGZqd2YygoT-PyJuJq6Cp9dcwVmc4kIBbDlhjk,Dahlia Fischoff,https://play-lh.googleusercontent.com/-ycMlhvlqU-Y/AAAAAAAAAAI/AAAAAAAAAAA/AMZuuclAKjUW5ontaDgDrQAX5qLHJvsJtA/photo.jpg,It costs money but it's worth it. From the reviews there is minor glitches. I haven't experienced anything. It is good game. Fun for quarantine.,5,8,1.1.0,2020-05-02 10:43:23,,
gp:AOqpTOHuUzPMu9ShCL2rBw8TKvckZowPVr8p_0VnKuvVy5pCutUlXP2b-AS7u61Jxte2jRju6-BpfsAsuy7N,Gabriella Nketiah,https://play-lh.googleusercontent.com/a-/AOh14GhE672ySfaw_L1hiewCd6INwiS7JDdpzKtsT4Q-8A,It good but idk,4,1,1.1.0,2020-04-26 20:05:28,,
gp:AOqpTOEOM-yVfLlHvQqoUkSETdJLLdlUIBBYSU-8wj6kzGMew_XWCoblfDKr7W_avYc5s0VFTHibuA4Exj7n,XxGacha GalaxyxX,https://play-lh.googleusercontent.com/a-/AOh14GjZ9hCfxNyJr0_8PvBEV9YdHIhxGSaBB6tMVDDv,I like it at first but then i got bored of it and it costed 2$ in cash i liked it at first but know im just bored,5,1,1.1.0,2020-04-21 20:37:54,,
gp:AOqpTOEwr_O85RGyhrqOhpkC_rWkoo2EfV399Eoe2-oxM4IfHZ1kqy-mPntmvzyEPAPlkRjTvLfIL7mTQf_8,MEGAN BARRY,https://play-lh.googleusercontent.com/-8x04pBUlalE/AAAAAAAAAAI/AAAAAAAAAAA/AMZuucmEHQYAsrjzJShW9NzT_zuISxyAZg/photo.jpg,BEST GAME EVER DOWN LOAD IT PLEASE,5,1,,2020-04-18 14:02:16,,
gp:AOqpTOEqsXM34n52R1U1NVe8NdohFR6yDwskekPKEad19DDmQjDXMtGCE0U2UlRxcEtNB_hX-pGr7Q8zqdUW,Allison Hangen,https://play-lh.googleusercontent.com/-pBDS2VoAs7E/AAAAAAAAAAI/AAAAAAAAAAA/AMZuucmkwF3KH3rRK5K01oRBeqy2aP5Vnw/photo.jpg,I love ice cream,5,1,1.1.0,2020-04-17 10:00:34,,
gp:AOqpTOHYIkHNsutLfEY3EndAsbMnoJ04bhCatxv0oYHmSTWIjxEQRGI-rc6CnRF_ILR80WagyGpry5oy53J6,LUKEV123,https://play-lh.googleusercontent.com/a-/AOh14GipOpi8U3S2-KOpM5vEnzUlNNbAsuucumCHyNao-A,Great game and all but can we please have google play games on here i cant get ALL the progess i lost.. 😭,1,2,,2020-04-13 20:35:45,,
gp:AOqpTOEqGYySRj4OYevtifamSiIZUMxiaav-jx1f2m0B5DjddYvUMEfsjCPgwoJhK9M97vDAQVmqEu_4DYMZ,Victoria Alonzo,https://play-lh.googleusercontent.com/-ufeQTMFfdhc/AAAAAAAAAAI/AAAAAAAAAAA/AMZuuckuKoTYchPhaV_tJm1_PY3TsB5zRA/photo.jpg,Awesome 😊,5,1,1.1.0,2020-03-24 22:46:43,,
gp:AOqpTOHMED_JQRlXY9oX3v_qd2W-9elKXd_YM6Fkeogl7VaLxSQ3Bt_LVO5AfpCLOkZAhruS08hetgbrsTBQ,Core YT,https://play-lh.googleusercontent.com/a-/AOh14Gh--1zSTmoadQvOvXX3_GyaPy04deZmsNxKHEH1YA,I love the game... But i have a glitch on the dough station where it doesn't show the dough ball! Please fix it!,4,16,1.1.0,2020-03-13 10:56:19,,
gp:AOqpTOHHBI2ue50hpGr2_3RcZ7Ghei63LIgES1RsvWplGW4d8zWXs4wX86jAWKqzhM0L8d3oFOXnD5Pma8St,TicTaz 02,https://play-lh.googleusercontent.com/a-/AOh14GhpRz-Nl9mg0AW9KapJpXFmcUKhTfM7_dL1nuom,"It is a great game but there are some bugs that I think should be addressed, when rolling the dough you cannot see it nor when you are dipping it into the topping, when it goes to the bake station you can see the dough but not the topping and this makes it quite hard to play. Apart from that I have really enjoyed playing this game, a classic for the franchise and my overall favourite.",3,80,1.1.0,2020-03-10 22:07:24,,
gp:AOqpTOG2ndpARS2Z-QnuJPsWb1L3WqYa6g4His6jXSJWBpAs4RvEXTVYLHHrAXneGHgjQp5jyxS7YQ3J-LZD,Chelsea Hill,https://play-lh.googleusercontent.com/-nnY23dc0hfI/AAAAAAAAAAI/AAAAAAAAAAA/AMZuuckWlHMnJSbErLBsfdcfUHk5GOd_WA/photo.jpg,"THIS IS JUST LIKE THE PLAYING THE GAME ON THE COMPUTER, I LOVE IT! This my favorite game from u guys so far.",5,1,,2020-02-26 07:55:50,,
gp:AOqpTOH5_N1OsZSfm-njxq3oIMScT6gyg5LfMhKv7u_WW7uJeW6CYfLij4ufZpoALKA4JvHAT_GXEdx1nICp,Sean Clancy,https://play-lh.googleusercontent.com/-VdGFpYamPBw/AAAAAAAAAAI/AAAAAAAAAAA/AMZuucnIstdrXoW25midAlxHg8D5cN91DA/photo.jpg,This is the best game ever its surprising of the price for how good the game is!,5,3,1.1.0,2020-02-22 13:15:06,,
gp:AOqpTOFjqRY33RBZdwdI1sGHLm_10Rv96z1wUPAr7VFyong6r48OPZgfsG5gkKk5AZGzdT-l2zCxUE_-uRgk,Julian617,https://play-lh.googleusercontent.com/a-/AOh14Gh1mKzCO74-nuxXeB1sLnGbSZWqiBznfLncBZ7AHA,Best one,5,2,1.1.0,2020-02-18 07:02:38,,
gp:AOqpTOFmFeVa7ASLbmb91m-QJ9gqgijuNjOEQJ0LOZnIojf7UPRuxGMij8TmIe8SYZd4VFUy7tDbBuv8Az2j,Katelynn Holland,https://play-lh.googleusercontent.com/a-/AOh14GjSkquFg1kPyJsWtohbQeeqgLLCxK2tSMS7108J,It is fun cooking,5,1,,2020-02-16 14:02:42,,
gp:AOqpTOGZqsovIWGZiIB7EQ_aWEqTSOoU1q9rCjZP9t0RoEJccS0oWvM7vGQqVRW1fS0gAH8AO_0jiX1eP7CX,Jada Barnett,https://play-lh.googleusercontent.com/a-/AOh14Gimz3pQEnc2-0JOqoulZOGE9buwK3pKVtJ0bG389g,I love this app,5,1,1.1.0,2020-02-15 16:34:06,,
gp:AOqpTOH1VsgluwifO0LNqvgaPfB3HAYBMAHlGx2md_f0bHPptKaIQvflymc1LU-yNi1Q8IY85Ex3IA69VpcQ,Brittany White,https://play-lh.googleusercontent.com/a-/AOh14GjERjA_cXQDeDLFJmGwU5067xKiemBRMRup2ePzZw,I think it is great that you added a phone and another driver and i love that because i need help delivering stuff😓😰,5,1,1.1.0,2020-01-19 12:23:05,,
gp:AOqpTOF3COhaGlu8snLEWm-B0in_BZQdKYHhRsSepKkcEy_dVnTkKjcNS8WruhOCD5R2CgsprcHPkfXd_1t6,Airwalk Action,https://play-lh.googleusercontent.com/-TI0Vv-h1WFE/AAAAAAAAAAI/AAAAAAAAAAA/AMZuucnMTRzARt4ZkrksdjCvzHZb1I6WYA/photo.jpg,This game is one of my faaaavvvoorrriiittteeesssss of all of the papas games and I really recommend this game. Sense I've always wanted to own a shop I love the papas games and I love that there is nooooooo adds :) k eep up the good work guys!!!,5,13,1.1.0,2020-01-08 10:44:16,,
gp:AOqpTOFLqc5YOZgE6Jm8icNW-8s2s2SJUZ916EJ3fTpYRyj9LxVtIXYAx7NQeFSOLgOJc47Ul226PUU4NOst,Alitta Bitta,https://play-lh.googleusercontent.com/a-/AOh14GiuA1IajCLxZnWTQQwgookyywVUuaOu5Xaj_bI7UQ,"I love all the ""Papa's"" games. A HUGE thank you to the developers for not turning into just another company that live off ads and in app purchases. Theres nothing like being able to buy a game, and play it all the way through and enjoy it without being pummeled with ads or feeling like you cant even play until you purchase something else. This game (and all the other Papa's games) are great time management style games with fun graphics, minigames, bonuses, and levels. Highly recommend!",5,161,1.1.0,2020-01-07 11:41:43,,
gp:AOqpTOEQh15_8EEppN5dc8r8oDpFrkn6sSoPGIPZMfRuOSQ90-u0X41t0B71iSRmX-klFizy_VGNMXj9S4xF,Lilly Voerg,https://play-lh.googleusercontent.com/a-/AOh14Gi6upwJSim_ieDwwaWqxhiL5W6_-rmGVjitXcLlsQ,It is fun,5,2,,2019-12-26 22:26:30,,
gp:AOqpTOEOV07-eDUhtrCi7fuwxk7NJLPFdX0PNGBr3HnsIqA75BkHJFy6KZi-1iZopWC3zUM6gj4An7Yqrzj4,Pa Vang,https://play-lh.googleusercontent.com/-iM1RZNj6cRA/AAAAAAAAAAI/AAAAAAAAAAA/AMZuucmsath3q1yIL_tt9-Fu5ZCuMLLeqw/photo.jpg,Pa Vang pavang044,5,1,1.1.0,2019-12-24 11:24:09,,
gp:AOqpTOHtE-puYTY1dkFU2PuQnWuHI5dgnyKqa0iN5BpA0GhFz_TDN8mfaR4DI9dDVwmiQWACUEq3omPCs62H,huntergaming1111 12,https://play-lh.googleusercontent.com/a-/AOh14GiKjlC2D5gx4pYS2bl_hlJzi-njaZMtr_iy_2wrwQ,10/10 best one yet,5,1,1.1.0,2019-12-14 22:54:38,,
gp:AOqpTOFVvIxQ71Yus0ekJ0y3Wuszmyzwlo0xYCGex9pSYarf5BG8cdH686X3y7M0jVIweZMrlmal8bYfUkHS,MochiMachine,https://play-lh.googleusercontent.com/a-/AOh14GhBV1BVH4_RGr5aaEnw9-Ng5ExYDfubB7EqkbKQIg,"Excuse me, I have many problems with the game. Sometimes my scoop disappears and my cookies don't bake. Along with other bugs. I need a refund please.",2,7,1.1.0,2019-12-13 23:29:33,,
gp:AOqpTOG6BYYz1bEfymS604HP6W4o9FWwVw9-1XHyXE9F-HuYov1m3OJD2RYJxr97woDI881Y5J1L4W-UjsVe,BB Yeet,https://play-lh.googleusercontent.com/-GLsydv04MmE/AAAAAAAAAAI/AAAAAAAAAAA/AMZuuckugtiZB17eGR6Wb_f7AgFAeI9XyQ/photo.jpg,I waited 72 hours and still dident download,1,7,,2019-12-08 16:09:38,,
gp:AOqpTOG8fJil2cBXbt9Gg7RU5cvXVF23RA4-x93Z1rDt_r4sf1erxPowEVqOAmchq0p7-CTQDDEwTA-t5DCJ,Karen Eastman,https://play-lh.googleusercontent.com/a-/AOh14GgLBT8DyJ_DS1s1UHxBz2H7VdSfkIdyBbBvi4nf2A,It fun to play,4,1,,2019-12-07 15:28:28,,
gp:AOqpTOHsaftMdaZsbVjHAg1hGxfFCM-pYY7pb7Rz7Eib3QlDrfHqQjlORBsJc4XLfYneoqbU2tUQUW_N_JKQ,ELL,https://play-lh.googleusercontent.com/a-/AOh14GgPKuMhR1LZoK3Hc0zYhxRORDM45Ldysrv4ZPR0sQ,This is one of my favorite childhood games and it's nice to come back.,5,2,1.1.0,2019-11-29 10:19:25,,
gp:AOqpTOFyf2900NUb3tJO2I3Za1cuAPeotZxpnAD0jajEXVke89Jut8H9GWnPOX67KDeknixeArM6LpJYDq5_,Gab GlobGlob,https://play-lh.googleusercontent.com/a-/AOh14GgntEoitrLk5VmCteA5JektLZc_n37aAgxa3sBT8w,I tried to refund but the game didnt give my money back. Please help,1,3,,2019-11-26 21:30:17,,
gp:AOqpTOEOeKwFCYdYAVrrEu0-pHg8PCt9w1iXfSeM_0eAWucJJRoWt6wsXtIWwl3UAt-ueRWPFXbdCBkXy7rg,Ashley Santana,https://play-lh.googleusercontent.com/a-/AOh14GjRuLW8y7lUyVMagm3mUdRqro9T-SaHTQN8VcYWxw,So good it just costs money it's wonderful!!!!!!😁😁😁😁😁😁😁😁😁😁😁😁😁😁😁😁😁😁😁😁😁😁😁,5,1,,2019-11-26 17:59:36,,
gp:AOqpTOG6APaAwmQRmzJtgnuaua5L-Qaw-yY_1S0PIXbj7EjjLUa8DxcyGrn-sjYSCG6RRiHZ8bB0fZnoPV79,donut yum,https://play-lh.googleusercontent.com/a-/AOh14GjcOWV77ZtQ9H7VQei8UihxFtKk12Av-mzSRxCZdQ,It's a good game but I dont recommend it's not worth paying for,2,8,1.1.0,2019-11-22 12:00:52,,
gp:AOqpTOEpVmekZx7FiFytuGhtsqy1zqWi7tpI7GvwtpUgZEjZLwZtJ2Md17gAZtanfkqSOckPSGyFU2MVT9Pt,probably gonna delete this channel soon,https://play-lh.googleusercontent.com/a-/AOh14GiBgx551V3n1zCttjYjSfFkLWb7QgQqYhYOeLox,Some controls a bit weird but overall alright,4,1,1.1.0,2019-11-22 00:47:10,,
gp:AOqpTOEBrvSwca5sIuGsb8jI1zUW-TO6veJ6NM1Q597fLXfnc_C3n6Z-ANRzTBrMw6twXtHQNWpajtXW9VgF,Kenzie Hunter,https://play-lh.googleusercontent.com/a-/AOh14GgZP7Kzp51NMlQ9dnqMP2GHasESN_v3jUXPnjXb,This game is not bad. It just gets boring sometimes.,3,1,1.1.0,2019-11-14 17:25:05,,
gp:AOqpTOHEUMffP9QU9MzW7pcqWSkLdozlSPp74X4T0ep-Hja_sW7ZlwWjQtmgTChts6AJu27rqxk-ZKR1z0SR,No Name,https://play-lh.googleusercontent.com/a-/AOh14GjOeb2lJ_czEUNHkH1nJmBF_wJfL9EcNUHZN9B1,Really fun and I love it,5,1,1.1.0,2019-11-09 22:22:14,,
gp:AOqpTOFH28JWZCerDN_O-jdScykcXHmNpD46srp_m2E9ESTYU69GYb4seAXfKbRuAc1b1rfobsk2kKo0RnqX,The HITMAN Silent Assassin Series,https://play-lh.googleusercontent.com/a-/AOh14Gh_yTNV2v13cOSH4YNixWp-2cb34nu-pwPK-ZBlMQ,This Game is awesome like I already reached level 10 and it's the best I hope people buy this it's really cool also the controlles is easy,5,10,1.1.0,2019-10-20 11:14:26,,
gp:AOqpTOGNUJdfLIepxaPxKxn6-i2b9cHQjpS3mf6KsCLm2a4k6f4OCXoY_xip9zrSoYJNO6qchluGmVdjDPZo,nina ramirez,https://play-lh.googleusercontent.com/a-/AOh14GguP7JalRFSPnaflOsDlFWcNMSm1s5bjosZN1kRMA,It's good But i think the graphics & story could ues a little no offense really it was good,3,2,1.1.0,2019-10-19 14:44:46,,
gp:AOqpTOHeEFdhBx2sRpd4w9D8YT1zXVqSS1uY1I-S9DgtJLWKXc529uwaNCFy4oujehdYg63t17_uYSt11I3h,Nuala Wimsey,https://play-lh.googleusercontent.com/-j75EWsmtqdc/AAAAAAAAAAI/AAAAAAAAAAA/AMZuuck1IzA3ixlrK-ZQcpONd7u2p8etPw/photo.jpg,yeahhhhhhhhhhhhh,5,1,,2019-10-18 01:55:23,,
gp:AOqpTOE5zjywG9HvlQuhJ3E-Yl38HGwdYLTnY__7u5chuegubcR6nuoOeY5UoOWwtpcuresVJkDYWEJPeYq5,ριzzα мσzzα,https://play-lh.googleusercontent.com/a-/AOh14GgDv4qm2fiDs3BChMjgb7WRiJkPrzaArmcDZtPQyQ,Iz great,5,1,1.1.0,2019-10-10 14:15:04,,
gp:AOqpTOHbDfldFZbAM2lZ6_ZqL2vodryNyqgoUOZF_HIbgsw-6qQXFZeiehWb7fnoPgwJn4B_oZ9c2n3bWfpX,Logan H,https://play-lh.googleusercontent.com/a-/AOh14GjIPIAxyFo7JExR_MO2w6gOt_0v12Pa3CWjHsQHAw,I grew up on these games and I have always enjoyed them. I haven't had any issues with the game so far and I'm enjoying it so far and might try another version. I hope they keep making more of these games.,5,24,1.1.0,2019-10-04 17:22:13,,
gp:AOqpTOHlq3zIsDvARQb-6DjHMNk63_H-APli9OWEvkGIMTMUL2_wGOe8K0YrTThIhITkaJ3fidqpMPhAB1oI,Rosie The Chicken,https://play-lh.googleusercontent.com/-oISjc2i8LJQ/AAAAAAAAAAI/AAAAAAAAAAA/AMZuuclH3K0QHwqdMtfxRHFPyoxrD1PcTg/photo.jpg,Nice delecius,5,1,1.1.0,2019-09-29 14:30:11,,
gp:AOqpTOGUhnPmVaCM_UqQTtIhGVgscDM9fmTUe_uaCEFFX_M-9ji_6Q5bgqP1hvRbzDsIfm-n2zWH6tV47LHN,"Sandy's Lego, Dolls, and Beyond",https://play-lh.googleusercontent.com/-B4lEEN4Yc2U/AAAAAAAAAAI/AAAAAAAAAAA/AMZuucmB4fXmLJ81rrsqaUJAY6gcnXNAYQ/photo.jpg,Love,5,1,1.1.0,2019-09-27 14:00:15,,
gp:AOqpTOGVb8Oxb9R5PP4f88nsXrQVNCh9gwLCbtZX_fZByNZl6HgFOlb9J4Zfv2K32addGoZZlsQIW9EfDQLu,Derrick Gordon,https://play-lh.googleusercontent.com/a-/AOh14GhgWDI1DCEdZRuwAEGZVT9k29IAj9NO22XA4Hlr,Love it,4,1,1.1.0,2019-09-22 01:12:45,,
gp:AOqpTOFd_JOi80GzIbwO6uS2_g9dXLIbqBM6P0W-ACnj5pYo10d0t01bsGTklFX0JOPWfLv7dLkFxec8G7xA,Anais Alatorre,https://play-lh.googleusercontent.com/a-/AOh14GjDKkPFuzXclmUndwEh2kpkswSwKDbdpbXo5hBMAw,This is the best game of my life thanks I basicly can't stop playing,5,1,1.1.0,2019-09-21 14:19:29,,
gp:AOqpTOH1EZ7WNZhcsI15Dbn48ahygFlKzs2PMaTUlSqS2NWLi5NIvGG0XSjrfEtOtbJWJ6ucuAmIOXMn6Rot,Joshua Woodbridge,https://play-lh.googleusercontent.com/-vDZEKrKFOXY/AAAAAAAAAAI/AAAAAAAAAAA/AMZuuckZBtd3FiL9TlpMD1d5bHbNhjM1DQ/photo.jpg,Best of it's kind,5,1,1.1.0,2019-09-19 15:06:13,,
gp:AOqpTOHE4yRibTIqx0XVXyDzm1R0turOI5swLtRR8ShHm-iRPO26zEOGq20K6TT0gHDMTYIht8M2rqpmYSeN,Park Jihyo,https://play-lh.googleusercontent.com/-XmoFR5cxBtk/AAAAAAAAAAI/AAAAAAAAAAA/AMZuucnsmFO6rTlEuQHrRdFgUSYl-A3xDA/photo.jpg,"This game is really what youre looking for! A cooking experience where you can get to be in the kitchen making orders from customers. Not only that! Other than being in the kitchen you can even go shopping for decorations for your store and your fashion. After a long day in the kitchen you get to reward yourself by playing minigames. However, the minigames sometimes get boring as sometimes the same level repeats itself, especially when you keep playing again. More minigames should be added:)",4,41,1.1.0,2019-09-17 00:05:24,,
gp:AOqpTOHIHV0yr3XjitarGPFeLO8-cjCfLvTQdrTzfIvvP67HdZqFB8QFuk1_Zloutx0Voc9A5qqHLghZN-jd,J Chajon,https://play-lh.googleusercontent.com/-aA9GeggdTFk/AAAAAAAAAAI/AAAAAAAAAAA/AMZuucn8g7d4NEUvpfqhUxW1aRrs7QBaTA/photo.jpg,The gameplay is simply great. Its worth every cent.,5,2,,2019-09-07 07:10:28,,
gp:AOqpTOF6mCO_86opDcPUkR6Tdpds5N6LMzrJjWHzEwUtYTwCgE9kdg5cWYAC-Bw2gJ_THM6k5XN1a98_tbbE,Cherry YT,https://play-lh.googleusercontent.com/a-/AOh14GiaG4WBbYJp-h68cYDZpxIs_70Wr-Aqvlrk4W2dDQ,Best Game EVER MADE,5,1,1.1.0,2019-09-05 20:19:59,,
gp:AOqpTOE1iCvUgihgz685zuwilW7FyNVDvUlJkw6oNrB_4ej-0Qs7SUP0JPsb4_u_wqDK3KEy60KPI6Ktdiu6,Christal Johnson,https://play-lh.googleusercontent.com/a-/AOh14GgO7gjghE7Wq7nuuSy-GVMvjB2awum4o99xZXrLYA,Ive always loved every one of the Papas games,5,2,1.1.0,2019-09-01 21:30:57,,
gp:AOqpTOHs3Iff0LKMPrL0NhRnRzxqHcyxjuKT7OgFuu5wWppeapy41_zNcMC0mcZsjP5pX5GbpfC8WUoA7_Eu,Starry Fest,https://play-lh.googleusercontent.com/a-/AOh14Gh_yqqUtllCkD1ousyBx80VjxFPVaI_AaQrq7uuINg,It's a game that i didnt think id ever buy but i did and enjoyed it?? Yes,4,1,1.1.0,2019-08-27 17:47:41,,
gp:AOqpTOHDQGRvNGWfl-33YtCWT4gfRpMqqVvOE2cE9hx7Va84XBtj3I8R9IpZd899ZDVhdwtx83aprR8CLebR,Wah Wah,https://play-lh.googleusercontent.com/a-/AOh14GhgXeI7g-EWJr5QKlRnZODQQ-Dy8eyHF8QtUDQmxYA,An amazing to go version of the game. I am addicted! This game is great to play!,5,1,1.1.0,2019-08-25 16:13:08,,
gp:AOqpTOFI85TXJGhrneiATs7V7cVO3IwPEdz72dYPrd9PULGDVxatHKtHwytyTgzXjppLqdXKM3y2oPqEPmSc,Hafsa Akhter,https://play-lh.googleusercontent.com/-oiPPk1jipEE/AAAAAAAAAAI/AAAAAAAAAAA/AMZuuckGTAEFvlg5WKGTtnZtAiWGbf_oCQ/photo.jpg,It was a good game but was kind of repative that I got bored,4,1,1.1.0,2019-08-21 04:16:34,,
gp:AOqpTOGKGoPyrfw5U5PSUU-kuAy2L8FbhsGR2mwd-DlIx9jKi0j9YXwjJRPkBLPqu8W1DQtW7QuPaSuW9m-S,Jenonica Palomo,https://play-lh.googleusercontent.com/a-/AOh14GilptoDIPrdgy4GybdPfUx6rwy9X6Q-oAw5IlZ3Yg,i wish we could save our progress. like logging in to google play acct so that we could play on multiple devices. please hear this out. thanks,3,5,,2019-08-19 08:24:31,,
gp:AOqpTOEu5vDu4vaCqxQQa9lhswWVqL_f6yM8NZiePP4vcHtpMm4zqmpvrZhgMfOSdaOsxuN65v3N9xbdGRSo,Myrka Gonzalez,https://play-lh.googleusercontent.com/a-/AOh14Ggb3qjkArsM6pVPepiSKT-lgB5L0i24J_oInqOLbQ,love,5,1,1.1.0,2019-08-14 19:51:20,,
gp:AOqpTOG8XrgRqqeVE5kxAep1UFjrsOrL8QM29h9e_ITDjB_LAR6Vvsnegm0w99KIOKO4e7aC-CpeQXMAkE-z,val,https://play-lh.googleusercontent.com/a-/AOh14Ghivv_2hyDx-AVr2Q2OTiCzbfnd79gEeBl72p3XbA,it's amazing,4,1,1.1.0,2019-08-05 08:37:14,,
gp:AOqpTOHu5W09PXXqfCH_XjIbU6zoSS1TFJpEWe70QvEe-s3OgTJzMSu4roOuPRD98pc5yVsgmlxoy5cyO-yT,vijay patil,https://play-lh.googleusercontent.com/-NP-7LV94NfA/AAAAAAAAAAI/AAAAAAAAAAA/AMZuuckidR7RyDtv5OVvGVIDs0xsJRXWvg/photo.jpg,best games I EVER played,5,1,1.1.0,2019-08-04 20:35:53,,
gp:AOqpTOGUYFVJuZKg12_kb7FTh-nZ-576v_XXLxxFX8hb4tAy8dq_m9cuS8Lt1ZwCMoDtmxkkxZ3wpqYHSzIp,KAITLYNN KRISTOFF,https://play-lh.googleusercontent.com/a-/AOh14Gh2EVHMCOtKSZHeE0mlfYZyhDBMbdwNz4u8CgaXWA,Love the game and I love the new look it has in the game. I am such a big fan of these kind of games.,5,1,1.1.0,2019-08-03 10:26:53,,
gp:AOqpTOG-JpXcg8mfllXOf0y6FimMoFCAZYNoRf5vdrYVxGx93ZjXz7a76Bsdulc6A3_ZqlROyFi2FBOV21eb,Haley Ratliff,https://play-lh.googleusercontent.com/-NHL1SI_SKZA/AAAAAAAAAAI/AAAAAAAAAAA/AMZuucnLNOAWLAyTVdMlduToGfD3ibbklw/photo.jpg,BEST GAME EVER!!! I use to play Papa's games when I was younger. I am so glad I found this game. It's so fun and a great way to pass time. It's 100% worth the money.,5,4,,2019-07-27 20:35:17,,
gp:AOqpTOGVqaArpIiCDhLiOlmpa0nmS78K2enUJebPfsYJ2GQj3HNlGhmnh6sFSdozlu7yLna-ID50gskchwS8,mystic blue,https://play-lh.googleusercontent.com/a-/AOh14GhqSDUdqpuVriefZ0lVGU0YN-RXPZtg9lY1GXgV7Q,"Minor mini game glitches, sometimes slider escape mazes won't load/are invisible and dough scoop invisibility and inaccurate topping (cherry, caramel cubes) placement. Other than that it pretty much looks like the pc version,",4,8,1.1.0,2019-07-23 12:36:29,,
gp:AOqpTOHOx1C1DtB9BuajUCItPr4_BHR8f9cZCYL95JHRybGhLFnt29F8bvhQnCdTYw7gSvdVyutzIGsUa83M,Stream Blackpink,https://play-lh.googleusercontent.com/a-/AOh14GiGntd7vRLWr7iKdr2RA8RUt20Q8EFp783xY4iu_A,"pls on the next update we can change the hair because when I created the ""Driver"" I didn't realize that there was more hair styles and I regreted the hair style of my chef. so pls on the next update we can change the hair. If you can make it like part of a story like visiting the barber shop and getting a new hair cut or hair style. Thanks if you can make it happen.",3,3,1.1.0,2019-07-19 06:19:59,,
gp:AOqpTOFgbvhNi4xNe1Gz6e0YDJeVsGIToC1VGIgFVnjMYE84d-4_EGDjvsyaSREaWjkcZZ69hDoD1KWLUdTH,Sonya Holgate,https://play-lh.googleusercontent.com/-0kPDSWp4ce8/AAAAAAAAAAI/AAAAAAAAAAA/AMZuuckvmDUfGbo11v9szg0Mhb96NtDCSg/photo.jpg,🌈,3,1,1.1.0,2019-07-17 07:15:27,,
gp:AOqpTOGmbpitkKqVUtywRUFIjpJ8QnriOUiGIypGeslXnajYwH18HDKsDg0Hu_Ebj6vY7UZL2kiYNkwL0zcn,Ravyn Abyss,https://play-lh.googleusercontent.com/a-/AOh14GizouftNHgM0foXG5So8RncG0k2tnzfQbcRq22NhQ,love it very fun to play:),5,1,1.1.0,2019-07-09 03:08:33,,
gp:AOqpTOEpaWMN76yEnT3MpKIRr8GuHi4DAQvyhFV_hRLYNgYravwaGGUcjzWy2gl0NXGmYflfE4EPPoRlUrLq,Ailish Grens,https://play-lh.googleusercontent.com/-IOIpMI5r25g/AAAAAAAAAAI/AAAAAAAAAAA/AMZuucmgf_OXmtwglNFkOsmFnWlnmKmXhQ/photo.jpg,SO GREAT!,5,1,1.1.0,2019-07-08 09:50:31,,
gp:AOqpTOGKQ6V3PmObMag3KSQ2vYJKHl9XttM_cu7dZu6aQNZ7AJOEgDZl33XVEoRdo-RUL6JzRgssBy1vC414,Elsie Randall,https://play-lh.googleusercontent.com/a-/AOh14Gj-Ub4--Sy-J35W_vADFa0rEg4WpfOyzbotOOicng,I love it!,5,1,1.1.0,2019-07-07 01:32:40,,
gp:AOqpTOEnElH22AolgXpFVND9nzOV_8FQ6-xyOkXSGf1DXl25xp1Dfy8g0hQTG_sWJM7ZyRArOEOE9LapWBsM,Olivia's Crazy Crafts,https://play-lh.googleusercontent.com/a-/AOh14Gg4ckGbVq3XSvw2MRUljM6drZf1Nh0CpIkeZYNi,This is the best game ever. I have been playing papas games from when I was small .I got up to day 130 on papas bakeria and papa came to my store on day 100. Papas scooperia is now my favourite.,5,6,1.1.0,2019-07-04 09:11:09,,
gp:AOqpTOEEMkC0QkP1zOttO9Icwv7ZdI6YLQiONrgzL46ZBHvY6XUdUhdNNtyptZLI0h_R2_wQxQAuvr1z5hJ0,martha herrera,https://play-lh.googleusercontent.com/a-/AOh14GiVmC7oFWUqoaoWxLOKfdFNRCfvsjt2NG_hgnVSSA,awsome,5,1,1.1.0,2019-07-04 06:13:15,,
gp:AOqpTOF9Z_99cULNfkad5T9YDt3QA2xs9E2Xx29F824CLPGTLJ5_4hRbGvlm4cBcPZQeHRfIA602hdRHqGKg,Yaso Laemmer,https://play-lh.googleusercontent.com/a-/AOh14Gjhwv2TUJibLlipihEmsTlnH90JwAxwHp0ClSDSgg,"This is a very well-done and beautiful game! I remember playing many of the Papa's games when i was in middle and high school when i had free time! I was a bit iffy about buying it, but now I can say for certain that I'm glad I did! I love every mini game and the store makes me have goals to work towards. I love the different combinations of the recipes that a customer orders and it's interesting to see each character have his/her favorite ice cream!😊 Thank you for an amazing game! 💙💜💙😁",5,123,1.1.0,2019-07-03 16:31:13,,
gp:AOqpTOHQle6-3MUkT3mz-h4nYFiVqYNEiynv0r2QHcMkBUcXbeSFE_mWyhPSHjqP5cSxzjJeh_-lS8zvaIi5,Nakya Brown,https://play-lh.googleusercontent.com/-OOlzy3J9VSA/AAAAAAAAAAI/AAAAAAAAAAA/AMZuucnsthzI0V0Prx30qQqS0j9L7tfaJQ/photo.jpg,good fun,3,1,1.1.0,2019-07-02 00:01:16,,
gp:AOqpTOEOtntugQnVUelDv2_MxPgayAALMhok8Yh1KwrOaz9GHVuPIQbPlug25xABGeZT8HVh83LPAzX9yGsB,Nyssa Reyes,https://play-lh.googleusercontent.com/a-/AOh14GjEvDrWL5_DmiZYx08Xq_n0aIoFAnF5bMJti817ug,"my childhood, I love these games they're always entertaining",4,1,1.1.0,2019-06-23 07:23:56,,
gp:AOqpTOE-rMrtDYofoM7SYPL1hTOFPQmw0kUkJCBR1Jmt9ogyouSofieZACqq_qwxPU0Va-sDPWWurEtrgcYR,Haley Brooks,https://play-lh.googleusercontent.com/-q6uVDDjiGcs/AAAAAAAAAAI/AAAAAAAAAAA/AMZuucmY9hZrH2h-eBMF2paOt3OXG56_dQ/photo.jpg,good game just dont really like it as much on my phone could someone tell me how i could get a refund on it,2,2,,2019-06-21 09:53:18,,
gp:AOqpTOG5rxZls1vc_-kRB67vpzwFtkc82jN74GchykrnyW7D8kZzbBLnPsBFwgIFQtLE6IcH5EDOA9bKBFO1,Weirdo_ Asian,https://play-lh.googleusercontent.com/a-/AOh14GgPKCSOZIDEMxAgTlUjxc-JSaRaIyAxy-qam-V9pg,"this game is awesome! no lag, no ads, and best of all, its really fun! can you guys make a Bakeria to go?",4,6,1.1.0,2019-06-18 09:52:54,,
gp:AOqpTOFTE13eK_7QjxRQu_0k2m6obLohbayZaTVNk_AgTwcd-b3240MDyF9IDv6a8q4v1A2zIHWzjP3kn_NG,Emma Byrne,https://play-lh.googleusercontent.com/a-/AOh14GghhEDFgv_ZE8uzKOOZjqTbB3KQUsLxpPZVXb1G,very good,5,1,1.1.0,2019-06-15 12:57:50,,
gp:AOqpTOGa-9fyekZ2ih2xRl9W9tQy8SEDnezEg66joHOtRoFh-yBgduecK0WoHRxtCuSRUhXhEYxpXg3G3hr8,Animania Brothers,https://play-lh.googleusercontent.com/a-/AOh14GjwHIIjnZWPUw0tEscNIRn7MwRmxCF40bpbMpA,I love this game and I'm sad it's being taken off of cool math games since its shutting down,5,3,1.1.0,2019-06-09 20:54:01,,
gp:AOqpTOHf9bz0CZv5979mECnOkqkcwg3p33ZFHLAsz6tkZD_KaaYS40dD3SpDLXbAWIJnCR35deuGUxqANViP,Heather Johnson,https://play-lh.googleusercontent.com/-weLtnugCrp0/AAAAAAAAAAI/AAAAAAAAAAA/AMZuuclHA142mtxg56s3GXeUHpwao0waXA/photo.jpg,get this app it is EXACTLY like the version on cool math 💯/10 just don't delete it (you can't get your money back,5,2,1.1.0,2019-06-09 19:59:09,,
gp:AOqpTOETDeOkxsf2GlBa6NTlk3mcyDQxvIa5U8DVlCqLojecxOc5G4khUA0T0wYBTzhusHQ8EDl530yq_hCh,abby201011,https://play-lh.googleusercontent.com/-MXMYK-1sy6c/AAAAAAAAAAI/AAAAAAAAAAA/AMZuucnHuG8iOI2PclQEXyWA0CKuDEyYVQ/photo.jpg,"totally,worth it its great no ads yummy cookies love it and download today!",5,1,1.1.0,2019-06-07 17:02:17,,
gp:AOqpTOEYHIKurWd4kcb4qPV7DmKafVhCtdXT0DWA3oNLtbBTNQYCy1F3Hnq3LKoQNnUmQCO-PxIxPqfQ9DIN,Blank_ _Zero__,https://play-lh.googleusercontent.com/a-/AOh14Gg8Q822LPeIkz3CN8xYtzD9vshmtbvUjp6Ffkab,hasn't changed... my experience with it is great childhood memories.. are flowing back.. 😂 the point is I love this game it's great,5,6,1.1.0,2019-06-07 11:38:38,,
gp:AOqpTOGZFKKWT-nItN5H6Jj-t2MMJEVwquwiSs0hwMChQ5-O1njb7wAGoKNVQgAvyj4-0VuMwHdIYA6JOsO_,kairi,https://play-lh.googleusercontent.com/a-/AOh14GgYvoWMCSSwtaJKIfKVlbxJOoJ0VkgdTWFQxu91sg,"Papa's games have been my entire childhood and I was so happy when I saw this on the app store. Ive never been able to get a perfect score :(, but its still a phenomenal game.",5,8,1.1.0,2019-06-04 19:42:20,,
gp:AOqpTOFriy22jGnsaQCwvxtyrke92H06tWSQaaEhJILGE5ZKDQIENYfOumFM8qlXTXAc3cTcQKt081Djnet8,Shaily,https://play-lh.googleusercontent.com/a-/AOh14GjreV6Tegepjr0VjBf83nEkfoGFEFz3NkyQg-w,my favourite,5,1,1.1.0,2019-06-03 10:12:21,,
gp:AOqpTOF8mBFheZ5QVvxOgHD-A4ZxcUwgbfnCAM4tEZK03ogXDck3XVOhzSKzREEC-T1_Vik1XH8kKZDRdvoZ,Esther Octaviani,https://play-lh.googleusercontent.com/a-/AOh14GjH_A4iPWFxLpj9ZLBalrwPrNR1lmo2h0taAV1DFhA,"I love all your papa's game, I hope sushiria, pastaria, cheeseria and bakeria to go can release 🤗 ❤ and can you make all this game can save data in google account or facebook maybe? I hope if I change my phone, my data game don't disappear. Thanks",5,12,1.1.0,2019-06-02 09:03:13,,
gp:AOqpTOGeE_Or0TU3pSeqXsggiOZpOJ5kkcNx65ghBLDupSnw46jlCOEJJbDSXCgCckjAYc2aUAeRc3Qx7qFX,Brandi Michelle,https://play-lh.googleusercontent.com/a-/AOh14GiRX8tzAdnvdZuiTUPPFvaOz-Ukm0-F0mzhNKfy4Q,"Would give 5* BUT..... Once upon a time you could play these games while on a call WITHOUT losing sound. As any Papa Louie player knows, sound is important in this game. I spend a lot of time on my phone, and if I'm paying for a game, I should be able to play it WITH SOUND on a call. Fix for 5*.",2,6,1.1.0,2019-05-28 09:35:41,,
gp:AOqpTOG5rdCEYexGCiijPSJVvcBPYbxxDfJXRQFwfLCqPlHp1lWYu5t6a7_3vAjILD3j5782pmOwPfR9jzIf,Niyah lata,https://play-lh.googleusercontent.com/a-/AOh14GjYhJ-XngHc2qxpmFCOctztz8edWGq21yDg3iR4GA,it is a good game you should get it,5,1,,2019-05-26 10:01:09,,
gp:AOqpTOFRUZVkHuXoArvbviKpbXV39P38DQjgeiNpbFm1maCBmt0cZjZm2ABrunQTPRq9fVLQWJcADZEkXUoQ,firemaster 2990,https://play-lh.googleusercontent.com/a-/AOh14GgVzgMdRFdVRlpu7jp6JftGmcPu1gNFt0R9HxDhYw,uskreem gaim,2,1,,2019-05-25 01:33:23,,
gp:AOqpTOGLQzQNLRN0vWkUvmpK4ViYg3EK_lUk2_LWp9hHeE_8IrIuPfflCeuWNnpRhNMtTGthmPMoCkvAq9uI,Wennie Boy,https://play-lh.googleusercontent.com/a-/AOh14Gi7A83Yktl1VZTcn9tGVAgA3xTy3jA-HzD6OZlM,I love it 😜 It is a must try 🤝🤝,5,2,1.1.0,2019-05-23 22:17:29,,
gp:AOqpTOE5loivL7zz65FYz7S5Qrb3a6dOZFnjScmz8ogKdBO8eDPs_vpggO0kIoRbak4irYVdWF23UfPuHVXc,Jack Rios,https://play-lh.googleusercontent.com/a-/AOh14GhLC4A8_1pFJiBx_-DSWcNiF6pxa84N00apQRGM0w,not as fun as i remember ...,1,5,,2019-05-23 22:00:27,,
gp:AOqpTOGxdka59UxwZ0rQrJ4RJJfH-w02fhMFLBRwb-2lyNeeVvmgXo4bcW4CO5GEnaQAVRou0uMXozGdUlW7,Fizz,https://play-lh.googleusercontent.com/a-/AOh14GilCot-g_djrnFxaQuKyU1o9EBNfjWzrq7aq2p2,Been playing these games since I was in elementary. I always got in trouble for not working in like 3rd grade because I was pretty much addicted to Cupcakeria. Scooperia is my favorite right now and I was really happy when I found out there was a mobile version. Keep up the good work!,5,104,1.1.0,2019-05-21 12:09:32,,
gp:AOqpTOHcNKTPwFQ76EZcZTGyy-xXZRh0aSUQpXqZk8-rwfz1T1yt5kXF2eH5tqY7G-J4ee3LMMT1Spr-z7MZ,Pinkyy pie,https://play-lh.googleusercontent.com/a-/AOh14GiPYBbaeHilfSl80hMye5BxdgSqu2KfiVh8nLVnEYs,"I really love the game, but the only thing is that I can't retrieve my previous data. So I need to restart my game again ;(",3,1,1.0.2,2019-05-12 22:16:35,,
gp:AOqpTOHhpkIwEqNl-_Idk3GPjt6VJA2vklZyqmXxuzR1IVp9nB2IgpLrk9gw6YnNK6ZSoU2BTVcx-W7jWxpV,L O S E R,https://play-lh.googleusercontent.com/a-/AOh14GgwGr43IMswvxFzSMF29gsDnkbgiSwOEMEb_I9h6g,It's a great game but I would like to refund because I'm not fast and I think I'm just not ready for the game yet,4,2,1.1.0,2019-05-12 17:32:55,,
gp:AOqpTOECg19qONmUW2t_0YktymlmMCU7aXRh0AbFHJDBd0kPGnezzHM7SH0JvIffdCDE1ABA8kjAKNjpX-OJ,Hannah Lam,https://play-lh.googleusercontent.com/a-/AOh14Ghd1KFqu_HlaU1BflfyHD03FDrWGBNGE9Rf1kPBAg,i didnt really like and would like to refund it but i dont know how so could someone help me please,1,41,1.1.0,2019-05-08 20:09:33,,
gp:AOqpTOHi98KzRpB18QaTfap33hjiW8wNwwSEoW2R2U5EyU52QYIOcYi4lyfgy7UHSTuUdNurGmajn3l9ZuDx,xReni,https://play-lh.googleusercontent.com/a-/AOh14GiZ_rT3kNkoe5Z5uVVjJlwrsScyRLRduYUOkqE2Bw,i loved this on the pc and i love it on mobile 💜💙💚💛❤,5,4,1.1.0,2019-05-06 12:20:48,,
gp:AOqpTOHs8gO3Mjhi3p8-TUHuavNHdSJkmW24wTd3wZXk1lnH3pwzEXCh8ynDWMsv3kRAnkp04LbCNXrMpKqN,Eclipse Shadows,https://play-lh.googleusercontent.com/a-/AOh14GjabnlhNq_DJzKNnnG9IDCGvhgDxw5YI1AF9Aca,so. when you start to get the scoop of the cookie the cooking doesn't show up or its all glitched out also sometimes there is a glitch where it wony let you use the cookie dough at all and it messes up the game but overall its an amazing game. please fix the bugs,4,7,1.1.0,2019-04-25 13:41:44,,
gp:AOqpTOE3GnIYMKntNtCMZ0f6A-vfqbEcejbJZbwgfx5QV3FmhOsCuxoReAU3RwoZ1q-k__TrKsBV-ZtszRHX,Mya TV,https://play-lh.googleusercontent.com/a-/AOh14Ggx8lOfWxntIimxO5qiFi2KzTJGF50WNqfoMzdXpA,this game is fun but can you guys add susheria please,4,3,1.1.0,2019-04-20 14:27:33,,
gp:AOqpTOEty_LL9ESSd-64UVLJSaKjTBA1O5O1Bi75ohNwJ6zIeVYKfpREJhvQ9-BU1MsHMideOxsFPi5t8zTt,Hungry Hungry Hippo,https://play-lh.googleusercontent.com/a-/AOh14GggObM9UUNNr80vv0naUFWbuuk0DjV7BaGnoXdXpA,"maybe for your next game you can do ""Papa's Dumplingeria"" idk its just an idea",5,9,1.1.0,2019-04-17 23:04:50,,
gp:AOqpTOFxXdEslPTezqgiD3kMK8LBCq1hoxLIfyZQIv-LQhl8_uMb4NwGZkrj2E6wq6aqNFYvR_xYn-1Nu2gF,Dolly Kassing,https://play-lh.googleusercontent.com/a-/AOh14Gjp3BauuBppXNcEGqhHF9xnrJL9pbFl7sqmnR1W2SI,fun. love all the flipline games and this is one of my faves along with the cupcake one :),5,3,1.0.2,2019-04-13 22:31:03,,
gp:AOqpTOHHkOxsOaW6wtWSvSod8HBE5Etzn5Claq_3v968cZszonYBFCKYBdaRTtACD4GXs15WpDX1RGB3U56w,Humblegrind,https://play-lh.googleusercontent.com/a-/AOh14Gje5GDrU8AsMWoFLvSwC4iWxifIVXpwGi0279ExZg,Good game,5,1,1.1.0,2019-04-13 03:51:13,,
gp:AOqpTOGlxXMKw1hMw-sBuBC64uvhY1mqsNyB2Bwvxqj9WyleDzEBWlZM31G4maSeFlYxI2yCjrpFD_SpEx5Z,Gary B,https://play-lh.googleusercontent.com/-MiATKT11Oi0/AAAAAAAAAAI/AAAAAAAAAAA/AMZuucmnsMfou7AOHqy5UaACJf8_oq-IdA/photo.jpg,I like ice cream,5,3,1.1.0,2019-04-12 19:10:44,,
gp:AOqpTOHQb32vXEEV2Q7_8Noqq-XDLGe5Xp6B2xeQLF6IKyfIrO6grFDcSTQt-nYeVU1azX3PdrzZbq1p0woP,Fate Bringer8,https://play-lh.googleusercontent.com/a-/AOh14GiC_ft8rOejfmTi-nCMzXJnOrR-Cv_BRjrkaRtykA,big fan of the papa louie games since i was younger. still highly enjoyable now. Love it! please add bakeria to the mobile games,5,83,1.1.0,2019-04-07 09:23:48,,
gp:AOqpTOG55EzSWyze3Ye0OD1oVji55DlK68zWuDhJc_lz3LwxzWBzMpNz1Jfn4GyTzdb-WYV99g5QZsTMO53C,Elizabeth 213,https://play-lh.googleusercontent.com/a-/AOh14Gic7Y5EovF3d6SmSa4tVFedrKHVUeqCOnKiwS9v9Q,FUN,5,2,1.1.0,2019-04-06 12:30:04,,
gp:AOqpTOFI_pX6d_KG1Z0aIH6V1sCC60dFBxyy2rAJz4gXMX243POfHZVdpzUIfpYuFrIho-WwHfff2sBqmWVC,Isabel Lopez,https://play-lh.googleusercontent.com/-4jjKGRmr408/AAAAAAAAAAI/AAAAAAAAAAA/AMZuucnXP2ZA8y5yeZDx-0lVAMEZGfQX9A/photo.jpg,This game is fun and entertaining. I would definitely recommend!,5,7,1.1.0,2019-04-04 14:39:45,,
gp:AOqpTOFrYz23AQJFXlASAQ9sp_kmehlyTEntEz-YNu6HIoMSaP1dpukC3RplqEUdd2tzTmRNYi6Tsh-YtVbi,ramasela suzan,https://play-lh.googleusercontent.com/a-/AOh14GhGDavL8zGcu8dg5cWjuK3IAHqSAsy_pwXqE0Os,love,5,1,1.0.2,2019-04-02 13:06:15,,
gp:AOqpTOF81KAdztkX3Vt-uH3a7_KqokA8bDUOjMU1eVXABwWItwMR9BrhVoKrHBHstOCRs6jOk8TinXOHnBd6,nazihah z,https://play-lh.googleusercontent.com/a-/AOh14GgO1DZ30Eq3A-pi7F3eYa0VhCbccgqzor57zATOyA,best,5,1,1.1.0,2019-03-24 05:59:12,,
gp:AOqpTOFRYun_gcfTUqA9Va65LerUYmCfugzRpLVFtdMjVrw47qmwZT8D3FRuO76UNOBGq6tQuI6SCUZiZpu1,XoxoKat,https://play-lh.googleusercontent.com/a-/AOh14GitieoOWcYlG74jfh4M25LZwsKFCV_90vlBBGUKKw,"addicting game, really fun and I reccomend it to anyone who likes cooking kinda games.",5,18,1.1.0,2019-03-13 17:52:32,,
gp:AOqpTOEJ83yVZtKTdH9Cudbf0D-CkvrdbNJ1TkLsp7WdRWKZzvExWcYioHLdz-vzxeCFoiy9n4OfG1Lj7U6b,A Google user,https://play-lh.googleusercontent.com/EGemoI2NTXmTsBVtJqk8jxF9rh8ApRWfsIMQSt2uE4OcpQqbFu7f7NbTK05lx80nuSijCz7sc3a277R67g,every time i try to drag the cookie or ice cream it glitches and wont let me do anything,1,16,1.1.0,2019-03-11 11:45:02,,
gp:AOqpTOH6Uq2vDSLA21UhS0NTnXnEgwyzM7gsLVk1tIqa0P5b_DYWrxmrm8UGK_r9158hQvYlRXBZegf6HZtL,A Google user,https://play-lh.googleusercontent.com/EGemoI2NTXmTsBVtJqk8jxF9rh8ApRWfsIMQSt2uE4OcpQqbFu7f7NbTK05lx80nuSijCz7sc3a277R67g,good,5,3,1.1.0,2019-03-01 14:30:46,,
gp:AOqpTOHAyr1pZCL3cHTibUeDVAjAOBl-_i_jVeCerKjR0C6Me3aykhAA0ojxVl5HihyvHCpmnssP0Oh0Ic4y,Raul Berina,https://play-lh.googleusercontent.com/-T7fpexnSGsk/AAAAAAAAAAI/AAAAAAAAAAA/AMZuuck_NqJMo1FIHPhDOrseMqdmp3K8tQ/photo.jpg,Papa's Game's R Cool Please Make More With New Peoples And New Outfits I Will Wait And Buy The New Game,5,67,1.1.0,2019-02-22 23:57:34,,
gp:AOqpTOGA2FvZyp_0Sx8HKOovBG0v8ddX52zdpCkT-GI0GsYhxU0B_hA1OnP_ZSVbkCf1Jdj0nxXRitfioPvo,advaith sai,https://play-lh.googleusercontent.com/-2gQLx3pEi_I/AAAAAAAAAAI/AAAAAAAAAAA/AMZuuclisNQYpKV0w71IvILdNV6Gv3VSoQ/photo.jpg,nice one but must increase number of customers per day depending upon rank,4,24,1.1.0,2019-02-19 12:12:07,,
gp:AOqpTOE3N0lhDfFFybJTtEQcb13b7WLu9ZzYFdNQVyDwgkcUIWq41kTqtp1JdTQUECHP5otdzbbul50ccU26,Jennifer Mercado,https://play-lh.googleusercontent.com/a-/AOh14GjAbCnV35mWztEQObu8Brpcp1zV71U1mTAn3lpoDA,it es sow moch fun,5,9,1.1.0,2019-02-16 12:36:57,,
gp:AOqpTOErMxKy01mfp6ZNTJtXch5cmpwX14nyjnrI-4DXp0p0eip--9w0-WsI5UyDyFaL0IMQvdrmzW21XmVS,Jessiiie Chan,https://play-lh.googleusercontent.com/-RJgEImG5jIo/AAAAAAAAAAI/AAAAAAAAAAA/AMZuucnUP6ykH06_VMmbIIvC0tCqPPQ81Q/photo.jpg,Its ok but it's kinda boring and I refunded it because I probably wouldn't play on it but that's my opinion if you do like this game that's fine.,4,1,,2019-02-09 09:24:49,,
gp:AOqpTOGxGPDoQUnBPoOTncHZm7J12eOi61tp2BXvjZyKvIC7C4Rqg3YXOl5kXbPr7Onz6-K731lZr2tneZE0,Andrea Byers,https://play-lh.googleusercontent.com/a-/AOh14GiWSd4LeXwFA7BsAXKNBRzjqNYy6CJew-pROH73lg,"First of all,I love this game,but now,I can't play it,EVER,it is just a black screen,i don't know what happened,can you fix this bug please.",4,2,1.0.2,2019-01-30 17:44:53,,
gp:AOqpTOFoBDS4TyWKF-HmMGy_gVpynFlN73qeoAKaKUsAcrJuEB-S5DB2ohqLGqB_KCYWeCy8a7p3wOMgWh5s,Juan Esteban Gallego Mira,https://play-lh.googleusercontent.com/a-/AOh14GiIs4oElDBuKmDps500YId_FjJgQmAr39ZYjp0_1So,I love this game!!!,5,2,1.0.2,2019-01-26 17:17:51,,
gp:AOqpTOEM0XQrsr5nyTy2CDIUcYZLOiok4Hhz0xLJHLYdA3Ahg6k7Q-ST3HUSxT68ASp1yOMFUW1vEIbYcrsF,A Google user,https://play-lh.googleusercontent.com/EGemoI2NTXmTsBVtJqk8jxF9rh8ApRWfsIMQSt2uE4OcpQqbFu7f7NbTK05lx80nuSijCz7sc3a277R67g,Scooperia's nice game💞It's easy to understand and at the same time challenging. I have no regrets buying this game. Keep up the good work!,5,5,1.0.2,2019-01-24 02:46:20,,
gp:AOqpTOEpqRYCsngfsg8RKb2F0dZk3QxS981SvdAIM-6wHhyZTGQEP7aGT2ho3wcKoPLinJsou_k2rt-TUETt,Kathy Tonkin,https://play-lh.googleusercontent.com/a-/AOh14GhRwcrio3VY8vtlD53BBmXfAmjo3ACQjzNhLGP9,i love it,5,4,,2019-01-12 23:23:48,,
gp:AOqpTOHnTUvz_9AFBXK3qZ60xvJYH4xwejhu6ShIVsq96_kwKxoVv3TQZG1-i8w42hSIf5HPpG3BdLVnk0-C,Anjelica Taylor,https://play-lh.googleusercontent.com/-sjcVMIH_tEs/AAAAAAAAAAI/AAAAAAAAAAA/AMZuucnVrepF1GvWHJOjvqtJzIwIqLi9PQ/photo.jpg,needs to be more challenging,4,1,1.0.2,2019-01-11 11:24:25,,
gp:AOqpTOGjAViaKgfNIWV1N3AldsJh0hNYUbsdO0RgTcd9nLBJ8XzraBJZVJcosSL-ogsvcJeNiD82icxmMwMZ,A Google user,https://play-lh.googleusercontent.com/EGemoI2NTXmTsBVtJqk8jxF9rh8ApRWfsIMQSt2uE4OcpQqbFu7f7NbTK05lx80nuSijCz7sc3a277R67g,nice,5,1,1.0.2,2019-01-06 21:22:13,,
gp:AOqpTOFWkl45E-xfjWaqmVFhvH6j2nC_E21vUp29-Nz8LN-vueIm0ClK2FzTgMDFB0JIyuvDwWB4H-bnZyL9,Hazel Phillips,https://play-lh.googleusercontent.com/-EfXTgRKH7tQ/AAAAAAAAAAI/AAAAAAAAAAA/AMZuuck0FSfNKhyStSUl71Jo53RkMxxfKA/photo.jpg,"Harder to play and earn points, but still a good game.",3,1,1.0.2,2019-01-05 05:29:49,,
gp:AOqpTOEjbeGcSWTLJa9qUalZ3dhsolbeRO4qMtPuuHr33rVpC3cILLDKmX_EsjsYQ9f8lmvcEJa8l3U0xKBC,Epuppy,https://play-lh.googleusercontent.com/a-/AOh14Gg5ia12booBSDvktfXnfWFliknCQtNq3p8_w5U7,One of the best in general and on mobile.,5,3,1.0.2,2018-12-23 17:09:30,,
gp:AOqpTOFDRVqxbxSBbn7g3R8PYHc1i7dGNkOJEuHdMcqYGzlyCF7nxRy2NPVHvQu-5CVgx_8b8I2hQ7NNXfcU,nina batton,https://play-lh.googleusercontent.com/a-/AOh14GijIVSv6jo9O0POwBOMVKvV9ON6oKE-yj_3hLUfjw,I played tis game at shcool because I'm 10 and l had to buy it on here .👍🏽😁🍨🍪And Nina Batton is my mom.,5,4,1.0.2,2018-12-21 16:42:16,,
gp:AOqpTOEWACevvXPBXDHf0Bd8TO5VL1fpilE0Pe5ZARSdpSWvOLf6xGk6mAYexM-i4jTfQ3bPU770jVGDfd5h,A Google user,https://play-lh.googleusercontent.com/EGemoI2NTXmTsBVtJqk8jxF9rh8ApRWfsIMQSt2uE4OcpQqbFu7f7NbTK05lx80nuSijCz7sc3a277R67g,Good game!,5,1,1.0.2,2018-12-18 08:45:15,,
gp:AOqpTOEhpMLvLlSrRip1iOlgAjSDe52HzyU9nKLPVqMivWsEc1lu2IKcrBUMWpxbzv9OEPsUJ_ffx0-kp0kJ,Nilmini Dissanayake,https://play-lh.googleusercontent.com/-0_Z6h0axlo4/AAAAAAAAAAI/AAAAAAAAAAA/AMZuuckNPADd0i-kxwmNxx1239g4qqy4Wg/photo.jpg,This is a very nice game to play,5,2,1.0.2,2018-12-18 03:08:05,,
gp:AOqpTOF_5rYCsJC2JDCsbns4lwE9AMokkVQ3Kncie1sTT4N5ykvarALMAmpGBNxfaX2UoxrmfcwXF8rtsgoX,Chris White,https://play-lh.googleusercontent.com/a-/AOh14Gi3KfmN6_rrGS-vMWw_RE1isbFYV5KOubTvZJ0BMw,THIS GAME IS SO ADDICTING I MEAN COMMON!! THIS IS THE BEST GAME IN THE WHOLE UNIVERSE!!! FIVE STARS,5,3,,2018-12-15 04:26:55,,
gp:AOqpTOGoKd8a2KVqjF_n8snRHnIo6iWPcVhg5XaykZCrAqqTEKQyR92wB-sCXJ_XNGD72wNy5nsm945tIFtS,Kev_ Blox,https://play-lh.googleusercontent.com/a-/AOh14Gg2IbkVsHqRjNpqtJ1YBKmQm0eah7OCgjWaKV4RJQ,Can i please have a refund?,4,2,1.0.2,2018-12-13 21:37:50,,
gp:AOqpTOFEgICLT3Yf-K_QI-_M46OpeNkg4YBiB18WFZj7Aj94YAb9EQte4M_uKLZxuzcK6X83yUwclzJCUdHg,Maric Gamora,https://play-lh.googleusercontent.com/a-/AOh14Gh9xY1g_KFMxzEhDko8vZmErbBIhDECkl8nhCGeNg,I used to play this game on computer. Was so excited and even paid just to download this app that crashes and has my phone reboots whenever I try to 'scoop the batter'. That is just the first part of the tutorial and yet I am having trouble.,1,6,1.0.2,2018-12-12 05:50:35,,
gp:AOqpTOFYPpePCsCTo0yKRLQhBgJ8n3_-zdZ3E1Dy8InE6UbdJarsj-rIHp8R1apFwH8obiGUKwMsGzZ8Ayqn,Ashley Brown,https://play-lh.googleusercontent.com/-QRaSdBQflqw/AAAAAAAAAAI/AAAAAAAAAAA/AMZuuckUn2-v-Z_8PdBsiOIJKdMeXoTUwQ/photo.jpg,I enjoy the games but I wish that the winggeria game u have online was an app because I definitely would love to have the winggeria game on the phone,5,3,1.0.2,2018-11-30 20:23:27,,
gp:AOqpTOF5UMrCm9foaAq7Gtx5dFav8EvFSywweqQYxgAlqu0GDP-BO164UsXJhIdFLyePYPTz3eUTPvrtGijM,A Google user,https://play-lh.googleusercontent.com/EGemoI2NTXmTsBVtJqk8jxF9rh8ApRWfsIMQSt2uE4OcpQqbFu7f7NbTK05lx80nuSijCz7sc3a277R67g,It's a great time killer,5,1,1.0.2,2018-11-25 09:25:11,,
gp:AOqpTOFHQvNzqrd6C0BD7B5Gm0SuwSyVLV1wIH6SZcVDUeO_DkUs4vKKpm6B5Z8zADylu6QcrFbzJifhHOYn,Maayan Mitnick,https://play-lh.googleusercontent.com/a-/AOh14GhS2dYvhSWIGD8P9peVGWHLvBUP9K1nQeixTVXXig,I love this game but please make it free,5,7,1.0.2,2018-11-25 00:56:37,,
gp:AOqpTOFYz3yKU5E05BXFEJSd8ZWG6hV4yFotGnTeV9NTG04PWzK1OKwkLk_u1pHs3A7m2GmL-0pwyok6RzU5,Candis Coleman,https://play-lh.googleusercontent.com/-EYRa5gD_is0/AAAAAAAAAAI/AAAAAAAAAAA/AMZuucm3wfmKi1PLq-uX1W0r-BXqur9k_Q/photo.jpg,I WANT MY MONEY BACK,1,7,1.0.2,2018-11-20 11:24:16,,
gp:AOqpTOEUXfKozcsHd0MCjy-psg6D-iCF4YhlTiRCyhxYXT6Hwhee2R2EZkYtBJe9vwSyRrkAY2XTVKGX2lDK,A Google user,https://play-lh.googleusercontent.com/EGemoI2NTXmTsBVtJqk8jxF9rh8ApRWfsIMQSt2uE4OcpQqbFu7f7NbTK05lx80nuSijCz7sc3a277R67g,"Pretty good, I don't like how it flashes black when you switch the station you're working at. The screen seems a little crowded, but other than that it's perfect.",4,3,1.0.2,2018-11-19 22:47:57,,
gp:AOqpTOEO9cmGhdMkd6a3QYgpiaFbj5D0YSLQdNFgs5wC9inyIR1kfFjqja-tl6ycYxMhcyJFXxekHGB_EBc8,b1rito,https://play-lh.googleusercontent.com/a-/AOh14GgrKD8HFmqurq7qdGdewpvv8dDVldjsn4QODEh2nA,"I was very exciting for this game and i was hoping for something interesting due to the new engine and longer release. Well it was a good game but there are issues. Compared to games it is very hard to get a perfect score which i have found annoying as i constantly get 99% on the build station eventhough im doing it perfectly. Second thing is the holiday toppings. There should be holiday themed cookie doughs instead of that extra mixable. I was quite excited to see the new cookie dough but alas i unlocked a new mixable which is disappointing. Also in the 1 station and the slider game there are graphical glitches such as the walls in slider game disappearing and the cookie dough symbol bugging out. All in all a good game but there are letdowns EDIT: The way to get perfect score is by scooping the the max size, taking the cookie off the oven within 3 secs, scoop max size of icecream and align around about the centre of the cookie (doesnt have to be perfect but dont go way off). Then when topping dont let the toppings clip the cookies eg the sauces, timed toppings(peanuts pistachos sprinkles, whipped cream and etc), but with the exception of bananas and other toppings that automatically fall on the plate. Follow this and you will have a higher chance of getting a perfect score. HOPE THIS HELPED",4,7,1.0.0,2018-11-17 14:27:45,,
gp:AOqpTOEZkilSZxpFb2emvH5MhtkcO9P5W-ePpqzrlnwczoJiK_17AZh536hRNG1daXMCyoOXfimAb74L4zT2,Brandi,https://play-lh.googleusercontent.com/a-/AOh14GjfbD7UeQA9BneOOvVxWDtQqkXACh8phKNf2fdokw,"Love this game so much and all the others, I would love to see papa cheeseria in android and iPad also! Keep up the great work!",5,9,1.0.2,2018-11-10 07:10:36,,
gp:AOqpTOFxq1EI7LHmw9Il5guEEaLmgfHK08zkzV_GBG5pLPzB68hFvvi6RNHScpmPX64kANU9lNqF2yL9DQzr,Madelynn Havard,https://play-lh.googleusercontent.com/-Wm_CzF7Zyi4/AAAAAAAAAAI/AAAAAAAAAAA/AMZuuclk1C-c7yDv_gdJd31kdgarLpGq7A/photo.jpg,"I love the Papa's games, but after you reach, like Rank 30 (I'm on rank 62) you fall into a flow, and nothing challenges you. I've only ever failed one order of hundreds and it was because I gave Edna the wrong order. It's just too easy. Also, is the max number of customers per day 7? Because I've had 7 customers per day since like, rank 20. I wish there were more. I wish it were harder.",3,70,1.0.2,2018-11-06 16:58:08,,
gp:AOqpTOF8Ndql9eC_Fiju1yB4zuvVKZfx1pQYj4Wi6Uf3_FVHvc-NvOh_oFpV0je7HIRc4Cy2xE1xQyltwRa7,Theresa Schuetz,https://play-lh.googleusercontent.com/a-/AOh14GicWwAB52qTReZyMWp1eraIkXL96SeRJvmEYDGM8A,I like papas games but this on is really boring. I dont like it but i waited to long for a refund because i forgot. :(,1,9,1.0.2,2018-10-28 13:05:51,,
gp:AOqpTOHH-00yJ0ElpmtBkmyzWDLrFrboNhv_NPNytSIq0BYWodTM2Ydqj4Qt5lC2t8lMFngQ4ulkzQsUVn83,The Mediocre Artist Fer AXAG,https://play-lh.googleusercontent.com/a-/AOh14GgbYaVq9rpqHXpRZB5b_A6ELZtFUOOAfqVYEcgMoA,"Really annoying graphical bugs in the 2nd station, when scooping the dough the ball is all glitched, sent you screenshots on Twitter.",5,4,1.0.2,2018-10-26 22:35:09,,
gp:AOqpTOHrIeuaD03pwykvhx_024d7Ax3Dabljt5Y3GCj9JSvF34UiFTDLo38YYkMWthU1Bolbg0cQrUO4Hn4S,A Google user,https://play-lh.googleusercontent.com/EGemoI2NTXmTsBVtJqk8jxF9rh8ApRWfsIMQSt2uE4OcpQqbFu7f7NbTK05lx80nuSijCz7sc3a277R67g,Love itttttt,5,2,1.0.2,2018-10-23 17:13:15,,
gp:AOqpTOEkcZOS0v_fqGdn317Ehs8ynKNAGPpeLhLsoWAL1AKpt8Y97qiaGadX8UgfXtcg3Y1Ozuywiug-a8Lu,Sammi Santana,https://play-lh.googleusercontent.com/a-/AOh14GiZt1VukH83d_SO6AkBUSivoneZH-ZtMC0waD4nbA,I live all of the papa games. This one was amazing. I saved up ALL my money to buy a Google play card to get this. OMG SO A DDICTING. Everything about it is amazing,5,10,1.0.2,2018-10-23 13:44:56,,
gp:AOqpTOEZX__dOlfcATtwT5NkxSdNpO9Uno3zv0yWLmm1CeINpJ_ccN8K2vz3IBUiy0R4eyXnXbZTEQdOPMDg,A Google user,https://play-lh.googleusercontent.com/EGemoI2NTXmTsBVtJqk8jxF9rh8ApRWfsIMQSt2uE4OcpQqbFu7f7NbTK05lx80nuSijCz7sc3a277R67g,It's a really nice game (😜) but you have to make the all the games of papa's... Live it!,5,4,1.0.2,2018-10-21 00:52:01,,
gp:AOqpTOGO2Rm6sI-A3ltS8FocL40Nk9LctaS3WwSNL6yXiBG-p8bUdFEtFbukY6VVEa7orp-w77Ptx_rSbDVp,A Google user,https://play-lh.googleusercontent.com/EGemoI2NTXmTsBVtJqk8jxF9rh8ApRWfsIMQSt2uE4OcpQqbFu7f7NbTK05lx80nuSijCz7sc3a277R67g,Let me refund this,1,5,1.0.2,2018-10-14 20:38:54,,
gp:AOqpTOH6GZGpYLP5tjX79oxKa_vI0q00NZ30gZ0LoPwyrsWmtQjWs4YuIb2qHPxlViO-1Y2bSenMxL-Zspqt,Tierra Staples,https://play-lh.googleusercontent.com/a-/AOh14Gj5nCH76PFa2Thx2WUkSVvL_UP9ytpFNDszvHCp,Loved it keep it up,5,8,1.0.2,2018-10-13 19:29:47,,
gp:AOqpTOE_6IQAiXXclpISKdXC4TEZ0soFQ-m3qQzbLvGwiHwkZs0r86AVTk2sM8M9RXkXHhjCU2ZdngsaOchq,Atlas Dean,https://play-lh.googleusercontent.com/a-/AOh14GgOsmSk27Otp1hQPrL7YRgpezYNmQNtvL-n5YCt__A,"As far as mobile Papa's games go, this one is amazing. The mobile games have always felt pretty lacking in comparison to the PC versions but this one includes customization features that make it unique. Graphics are good and adding toppings and sauces isn't too hard once you get used to it. Papa's scooperia is worth the *ahem* dough, for sure.",5,86,1.0.2,2018-10-09 07:39:42,,
gp:AOqpTOHQgRI6TqCaydsIkvqlgc8Vh__8LQqUjfYVohoeYeXJmGVjAivM3VddxY5J-M1HVN7pJYX7bnLDjswH,Kristina Jacobs,https://play-lh.googleusercontent.com/a-/AOh14GisPXam6-BcdRD9gQfCvue4FxzEDiKCaOJJak3kdw,I love every Papa's game made - I'm so please that this came out and added so many new things. I just wish the toppings portion was graded more easily lol. Either that or i need to get better haha xD anyways great game as always! Thanks for sticking with it but making it new all the time! You guys rule!,5,122,1.0.2,2018-10-02 20:46:19,,
gp:AOqpTOHHBWOC8j_RP0c1VrmLuCGvsyo7zDAkpjLVrFe2Zt3IV-8dZ2ZzJVFMQsLttz4vc5aaOri3UIGko8rs,chey wuff,https://play-lh.googleusercontent.com/a-/AOh14Gih49FAu6yuR7OA6ZoVvbturTdDohM88QEyi8MrEQ,BEST GAME EVA,5,1,,2018-09-27 16:38:04,,
gp:AOqpTOEg_GP5YaQmht-txBAtwffmSUh_b12yfV00afjxAaKRII2cnvy4_8z3-Hvk3dCAElUt0SQmmVFNhWZm,Amanda M,https://play-lh.googleusercontent.com/a-/AOh14GjTvuB2CA0vh997yjQZYaqPObHWOVEQE0FXwQnxrEs,good,5,3,1.0.2,2018-09-20 04:23:37,,
gp:AOqpTOGMJhPHmmvziwA1oNv-tkKRVQWhtLoIU8vYY2-iIzToZr2wfYdBYYSOgGf36TgDTlcc9aIICmOi_4mF,Bridgette Ray,https://play-lh.googleusercontent.com/-XVFJ0f7yKFc/AAAAAAAAAAI/AAAAAAAAAAA/AMZuucnwh-kJxqiIR6WWy4HCVIPzKVVXEw/photo.jpg,The best game ever,5,2,1.0.2,2018-09-15 18:32:03,,
gp:AOqpTOFaY_ik3pbwCxaiEa9JViz-hK_ZP-HDAbGpg-ZEagZl_MX1V1HD7bfohiBwDwUZw7cBKscMA33R3gdr,cm a,https://play-lh.googleusercontent.com/a-/AOh14Gh71E4x_BY_wJfnt5mheuBTXODYGKoCn1DGF-T-TQ,"I love cookies and ice cream! Its a good game to play to make ice cream on cookies! But there are a little bit of glitches sometimes, but their not that bad.",5,23,1.0.2,2018-09-03 18:13:18,,
gp:AOqpTOE57U4PFa3s06jAiSTAuwnuhAaT6AS2MqwR_DJiJqHK4c0ZfIOVqb5bKhsWj3TLVVYUxn0ZpvKFptQc,random bird,https://play-lh.googleusercontent.com/a-/AOh14Gh7uA7zxQ2xg7on_BuOO0VSo1bNMrI3d83TvqQYWg,There something wrong with the game. When I'm scooping I see what flavor I'm getting yet try put it on the cookies it does not show. Can someone tell why this happens,4,14,1.0.2,2018-08-31 11:38:39,,
gp:AOqpTOE5PF9tfpWWwk8h3D_vr8gzzus6aXa0IShT4B8T9_M_ZH4aiY41VP9puCQD0r3MJW15vjAz7j5ozdnC,magnesium potassium,https://play-lh.googleusercontent.com/a-/AOh14Gi2HHAmqu_ZJNis_pKpi6ikllw9YiXiiMXi8dAd,"Love these games , thank you for providing them",5,5,1.0.2,2018-08-27 07:35:40,,
gp:AOqpTOEqUVstam3H4HpvZ4oJ99vq7i_2dROagbd7WL7UP5ETmPzGpj8tvRsJYh6l65tsJ6-qydW3g3oI4Xc3,K.A Alwis,https://play-lh.googleusercontent.com/a-/AOh14Gj0ypb____kybwRT_ZbLlGuPKMJ8MCl1ExSfKiowQ,Nice and thumbs up for this game!,5,7,1.0.2,2018-08-25 08:08:01,,
gp:AOqpTOFGO7W3HL2aGs3iSkwChIclbqPMWVat24Xn59aeAe3YffL6jEJaVssOJw23EKdAXGHhlfJcQNU_0u-M,Aynsliee Tillett,https://play-lh.googleusercontent.com/-wVQMqBV2-GA/AAAAAAAAAAI/AAAAAAAAAAA/AMZuuck7E4HuucIxJ67tzSzkRZlB9RXQgg/photo.jpg,Not as good as it was said to be. Played it 5 minutes and got boring and would like a refund,1,18,1.0.2,2018-08-22 22:36:31,,
gp:AOqpTOEC8gyKM89sb0rtsBCuJVE884fCr4Zcb3hfAwYwN2KZn-_eHGfBmQcnqKMHfC802Egi2awsvnlWsISU,A Google user,https://play-lh.googleusercontent.com/EGemoI2NTXmTsBVtJqk8jxF9rh8ApRWfsIMQSt2uE4OcpQqbFu7f7NbTK05lx80nuSijCz7sc3a277R67g,Great app love it just wish you didn't have to pay for it 😊,5,5,1.0.1,2018-08-13 01:33:42,,
gp:AOqpTOFCeGjg2L7_kkojJKKgy0Ybi-8C_xlFVaMFB3i-9V4Al8dRj40wZuxf0lcL44Dr5feQsQ31hp_VU4_4,Aaron Fischbach,https://play-lh.googleusercontent.com/a-/AOh14Gh08L_NMNfjry0nWqvEp8aCmdg-bZsKLQriGA9ABVc,"I like papas scooperia because it's an easy game along with hd version and 
pc version",5,2,1.0.1,2018-08-12 06:01:23,,
gp:AOqpTOGLC8uU_LwjLaipMS690izxokL3y5MgaxqcEPenFonAt0NIBG-_1GICX3AwH7euyjUDBeoqRmIOBuRm,A Google user,https://play-lh.googleusercontent.com/EGemoI2NTXmTsBVtJqk8jxF9rh8ApRWfsIMQSt2uE4OcpQqbFu7f7NbTK05lx80nuSijCz7sc3a277R67g,"Pretty gud prefer pic version tho but this is a gud portable way to have 
fun like it",5,2,1.0.1,2018-08-07 12:27:32,,
gp:AOqpTOHE86Wz0D5qNtY167a_p9YPX9GqjS5boKfaWz2MQUNhfjty1tZoivADoik4ExiPXGeIgzCDJwrAnQMM,Brandi Bishop,https://play-lh.googleusercontent.com/a-/AOh14Gj0dbmoQzc2SLfuwRBfZRp7gn6rTa8YxCIy_iIVlg,"I love love Papa games I wish they would bring more out and I love this one 
too so much but I have 1 problem I bought it on my cellphone and I'm trying 
download it on my tablet too cause I've been able to do that for long time 
with their games but this one it won't let me says I gotta pay $1.99 on my 
tablet I'm so mad I don't know what to do",5,4,1.0.1,2018-08-05 12:33:12,,
gp:AOqpTOErCyVUrX8eZ79K4l4bATO5lFVZt2x_3d2vGHqYn_uASajABjUmHzHz35GoPyvnk1RbIzZuP5_Mch_9,A Google user,https://play-lh.googleusercontent.com/EGemoI2NTXmTsBVtJqk8jxF9rh8ApRWfsIMQSt2uE4OcpQqbFu7f7NbTK05lx80nuSijCz7sc3a277R67g,Good game,5,1,1.0.1,2018-08-03 16:17:36,,
gp:AOqpTOH4lYCN-akvRMHEjUpm00UMiondhVbkH4Hi0zHmf8g53hYbByxvaZBhQqubEeHy65XWkfu7zONVX21n,reni anggraeni,https://play-lh.googleusercontent.com/a-/AOh14GgiJ95i5hm1v0j81P81UOtTC629Mu1jV929M0P_,"Suka banget semua games dari flipline, semoga sushiria dibikin to go juga",5,1,1.0.1,2018-08-02 16:03:07,,
gp:AOqpTOG0jkRYbyQEet7_xFg1UwMR9XKtIFl8X4Mx7oH6aUvpn0g7J5hnNAK-20JGd5pvKIoW-ER_iw4a6NZK,Catter,https://play-lh.googleusercontent.com/a-/AOh14Gh-WYjiAgwgYBec_UGYr_Ox2A7QB4L6WAdXxWE6QQ,"*Meow* -Melon cat says: ""Good""- *woeM*",5,1,1.0.1,2018-08-02 10:44:15,,
gp:AOqpTOFruT8nxsXZ4OwKH3hfoSmciaDyNkQKrWPLZHmxbNKKH3vA6pKM-4ae_bW9xKYzQaOWZ_0-D-X2zpAM,Lia Smith,https://play-lh.googleusercontent.com/a-/AOh14GiYplu8o6ax7nbv84756LzP88-_UllALzpKNLY16Q,"Amazing as always! Only issue is the dough station. I keep getting like 90% 
or less and im not sure what I'm doing wrong; I'm following the speed so 
again I'm just not sure! I love these games and buy everyone that comes 
out! If you guys can please make the sushi one on the phone!! :)",5,15,1.0.1,2018-08-02 06:19:39,,
gp:AOqpTOFRgZZcHUtbeHCwpey1OyzBXGiM03RFPP3dYB9oW3FOOSpTFD69YMJPl92E0VbDQl-GTFAb59Bzjtqb,Katharine Lobdell,https://play-lh.googleusercontent.com/a-/AOh14GhoRnwFoiMwtdOGY4zArnuUoRezKskhat5WVGFx,"Love flipline, this one is especially fun on the pc so I got on mobile. I 
still like it a lot, but for 1.99 should have less bugs then the pc not 
more. The topping station is very finicky, ads audio randomly play in the 
background and sometimes the game crashes halfway through a day so you have 
to start over. Freezeria is still the best.",4,7,1.0.1,2018-08-01 01:24:21,,
gp:AOqpTOEDyksMA9V_M4LQltCOCDT_4P347nJA0hxBQKP-CNSvQes9pqF4pwIFeH7BHnFpLVQbJzZZsXfnSO-i,Jessie Powell,https://play-lh.googleusercontent.com/a-/AOh14GjIKAVNCkl99d8KVt7jrq0ISX31YumPpZnpr7f5GA,"I enjoy this whole series. My only complaint is that I have to turn off the 
sound every time I play. It never remembers my sound settings. Very 
irritating when I forget the sound is on on my phone and try to play in the 
early morning but my husband is sleeping, or when we are using my phone to 
listen to an audiobook in the car.",4,5,1.0.1,2018-07-31 04:50:36,,
gp:AOqpTOGzlhJSeXFlZDueIfanOR1nQJ4k2lYPGH2fnRvXocwNTd9UiI7rSQTOvqQODLwNBBGykdXEi9Mp_S22,person mcperson,https://play-lh.googleusercontent.com/-MUpUgPGbOdg/AAAAAAAAAAI/AAAAAAAAAAA/AMZuucnROGu6GObM7E01o1BKIDeckyeeHg/photo.jpg,"It looks good visually like the rest and I'm glad they added the parade and 
the customizable characters from the browser version but I was sad that 
they took away the holiday maple mornings and added a new one called holi 
day and functuanilty of the game it's hard to get the scooping mechanic to 
work properly and I think there are too many clothes options that make them 
feel not as special as if they were for only specific for each holiday 
which they have achieved in the past.",4,2,1.0.1,2018-07-29 19:26:23,,
gp:AOqpTOEV5CWMrNZg-JxHO_uCJFFAEQiu3pWHkneTLmWrsrU8E24pD8SPeWjA0pNFhyxjvhBfuYSWBlEhLxIZ,dom,https://play-lh.googleusercontent.com/a-/AOh14GhV_ucUhzfh3GHl7SwS4ZM8ZnLKIw1WHQSJALKtMw,I am getting it right now😊,5,2,1.0.1,2018-07-29 12:03:01,,
gp:AOqpTOEMkP7VMW6ObKMOztuaDAK5iIXHeIyw5jmj0TWuAYeUicU_layAiZ9V2M3pnwdA_EbXLS9iKGvp_ASH,Kid Wonder,https://play-lh.googleusercontent.com/a-/AOh14GgWnOetWMAj6BIarbyvFH3p_1D7RC_T1Tp7cmr0SA,I like papas games to bad they cost money but I don't care,5,2,1.0.1,2018-07-28 22:26:03,,
gp:AOqpTOHPY3Fy9E8Dtz20vDsmwxZN2NjvX6E-7F110uQ-Uh1sYpb1LyzTRTd3QK4ZVTbsmrsSLamN6Ng_nh9Q,DGTV987/ /BicolPlayer,https://play-lh.googleusercontent.com/a-/AOh14GgCaBQXEPhLbY3fqt6dNh4O033xIE64cOvtmai2QQ,"It has better graphics than the old one, it needs fixing, but hey it's 
worth it update: I report a bug, it says take order when the customer is 
not in the counter",5,5,1.0.1,2018-07-28 19:00:37,,
gp:AOqpTOGh7dVuB0PDhtmAunVe1yF_jm5GBLmv3wPNMjSJq41ovbgWPi_3P80V8LNo3R5-O5mOJizmA1TiYPTT,Greeny,https://play-lh.googleusercontent.com/a-/AOh14Ggjs_qof6z4l2zxXNZe-HQl9nvvYgARQO-4RbeRzA,"Like the other games, this game is amazing! I just feel like the developers 
of Flipline need to have some sort of Patreon where we can donate to them. 
One thing I noticed about the game is that you can finally take orders 
without waiting for the customer to reach the table unlike other gamerias. 
I look forward to more games in the future!",5,15,1.0.1,2018-07-27 23:11:07,,
gp:AOqpTOE-DBzGHk131OU728sxmHDZ9T8MDQrw3arrnKBGzeTXRYLUkPiSbKSnR0H9koJQeQH6JqqLOd69Czse,Natasha Hurston,https://play-lh.googleusercontent.com/a-/AOh14GhDRl6ll9kLpELcPq-oUIn-QGZLga0rUJwilTNprw,Trying for the first time,5,2,1.0.1,2018-07-27 00:00:55,,
gp:AOqpTOFSVfUVdzbMtSoDlo29K9IKjm_fMzwYuy5xkbWMzUQ82BMXjg6NOfJViRPR9hoT43-Ptv4aMAMVz03N,Jessika S,https://play-lh.googleusercontent.com/a-/AOh14GiAcqhDaq2Tn_T2JjU1n3MJbCTLA8TCEoP8MdzB,"Consistantly lose 10 points in scoop station for every scoop no matter 
what. Very frustrating. EDIT: Figures it out! You have to scoop slightly 
slower than what it tells you to.",5,1,1.0.0,2018-07-26 02:21:28,,
gp:AOqpTOFbS06kiKeQgUspQCKr98g6zQmNL8QaSxaO-m61BiWsS4l14iPaV7xHjqjAmWw5AoEWJqhzwdVtviBn,GeekGoggles,https://play-lh.googleusercontent.com/a-/AOh14GjrKC0awRTIbtF20ulTLxpg396Ll3vh1ZACHL6c5Q,"I love it but I thinl there is a glitch with the Dough station. No matter 
what I always get a 90 for 1 scoop, 80 for 2 scoops, or 70 for 3. Which is 
fustrated because the Closers all want 3 and they hate any 70s. I know it 
is a new game but please fix this soon. Love the game. And, it be cool if 
you could replay any tutorials. Like go into settings and be able to replay.",5,3,1.0.0,2018-07-25 23:25:12,,
gp:AOqpTOFcxCr4YIvtgYsIa9A3Ff5eCOUXxOpkJ4Avhk_ZFlZ1AO-LzBQY784Rdvgz3MfB9O7pUFhNunC8Uq0D,Amber Hall,https://play-lh.googleusercontent.com/-vH-CaHk9_cs/AAAAAAAAAAI/AAAAAAAAAAA/AMZuuclSK_vI1aMnl0Z-185rtmlypNluEw/photo.jpg,"Hey, proud Papa Player since Burgeria. You guys are always a 5/5 to me, but 
I'm having a problem with this game. For whatever reason, I'm getting audio 
only ads that play constantly while the app is open or in use. How can I 
ever become the ice cream scooping pro that Papa himself expects me to be 
when my concentration is constantly broken by car dealership ads? Please 
fix this, Flipline, because you guys are better than this ~",3,5,1.0.0,2018-07-25 22:11:55,,
gp:AOqpTOG4-fViWefNLeflrxDaoY-yvKMKXtd5r2sCzTQ2Yyb8Fc5CJL1MD1MWl0wx0IGyOCjwEqimYccnQ6Yp,Jareb Berthiaume,https://play-lh.googleusercontent.com/a-/AOh14GjTua9HJQluuMhYu2IXev5lbnbf4fAYkakDM3yC-Q,"My ice cream/build station in the second level is absent, i cannot move 
forward. Please fix and i will change my rating",1,3,1.0.0,2018-07-25 16:56:38,,
gp:AOqpTOEdJvQHAPs6oMB3WRSZOghwY1fVkX9WcrsFnZf3QFhTXU2-2IwusdFyu2sU2pkqv0gDyAY0GPEIgajo,Ratul Deoun,https://play-lh.googleusercontent.com/a-/AOh14Gh0MunOj2-08OiIrQEABmxUbmBDKdiKUHZoItB_8A,"My first time buying a mobile game from them, and I just love playing this 
game!",5,2,1.0.0,2018-07-25 12:28:20,,
gp:AOqpTOE9jnd4K_dUpnM9CZq5XTe_A6kkPnQ9Dt55dDoEhcPk9HEYreyz5nCxKUb3Wb64WflH8XvtGwZlFWHa,Irma Cuello,https://play-lh.googleusercontent.com/a-/AOh14Gis97_yx28TLBGcfxUoizp5X7bKczcSKq0FYtea,A great game as usual. Awesome job guys!!!,5,1,1.0.0,2018-07-25 08:31:20,,
gp:AOqpTOHlCzUeBAKgT8CbZlQerLZ13FZu9VNyr0mngJPGGLmw1Z2ACDUpp9xZ4ekgin8tAOfltl9_3O65MzKS,Mai Lüüsalu,https://play-lh.googleusercontent.com/-24yYroF6PJU/AAAAAAAAAAI/AAAAAAAAAAA/AMZuuclsyUSbvUC1K76Ft9S5NZHOUiNwtw/photo.jpg,"The game is great, just noticed something interesting in baking station. 
You can not throw away cookiedough that has not been baked yet. If you make 
a wrong ball and accidentally send it to baking you have to first place it 
to oven and then you can throw it. Just 1 unnessesary step that could 
easily be removed by the team :)",5,5,1.0.0,2018-07-25 05:27:22,,
gp:AOqpTOFc5MNaI0dlqqDUt2a3ftIDWuEgCrVbf8R5q4fEQAVURAzHbxMiM053i2Xb8Khvxa__nxTspJef0Tto,Aden Rees,https://play-lh.googleusercontent.com/a-/AOh14Gj97xcBV12RhmlWizvRellN6qQom5U7zVe5ENFiZg,haven't experienced any bugs and also if you scoop to fast it causes bad scores is not a bug its intentional,5,2,1.0.0,2018-07-25 03:20:04,,
gp:AOqpTOEAz4o-iklV6I6fJ3ji8hYe3ORVyGgbmk8FvQi0393eoiV-AVJ-VGuQDiSTxxB47f9bOVI6sDuPmq5t,Joe The Horror Lewis,https://play-lh.googleusercontent.com/a-/AOh14GjqEKSB_tS2IhYvZxiBaN-EC07A6lvfmvbwZq7i4A,"Stupid changes make this franchise useless. Haven't made a good game, since 
the hot dog one.keeping up with the timing of the is dumb, it causes you to 
go slower. Which kills your score. Doesn't matter how perfect you line up 
your ice cream scoop it's off balance for a 3 scoop sundae, and causes tge 
wrong topper to be dropped. Last time i spend my money on your half assed 
games",1,7,1.0.0,2018-07-25 01:17:44,,
gp:AOqpTOHbHKuBxhF98423kJnwgPXQpJUAsNm2FJel_xOo_UdEl3PJioz5BnBNMximL_BSLpAluODMCd355PY4,A Google user,https://play-lh.googleusercontent.com/EGemoI2NTXmTsBVtJqk8jxF9rh8ApRWfsIMQSt2uE4OcpQqbFu7f7NbTK05lx80nuSijCz7sc3a277R67g,I love this game!,5,3,,2018-07-24 20:21:34,,
gp:AOqpTOG7KHsR8nmZ5vxcso-j_FCJuxCdxKDWxs5gu9PwVV5AX9qFR0MjldbWabdtaZ1G3dJvwivRdROnA-8A,Amanda Fields,https://play-lh.googleusercontent.com/a-/AOh14Gga_y4_H7H7opLDgqjBrR-almYfIOwzR9zwSeMqp2w,Love Papa's! So much fun!,5,3,1.0.0,2018-07-24 12:56:30,,
gp:AOqpTOEsO6m8IdFaCTAd2hbkw1pH1MbsMyAoFvMpGDcvh-DobBkZw0EqDjsFyqx7wYXpyCIJYk-xJROgWCce,Sharon Flinn,https://play-lh.googleusercontent.com/a-/AOh14GglbvjWg2URsh2suZ-vLhuRdq8WX54Lt5eFGVKgsw,"I've waited so long for this game to come out and I have all of the games 
on everything i own and out of all of the games this one is my favorite by 
far! Good work flipline studios!",5,3,1.0.0,2018-07-24 08:42:31,,
gp:AOqpTOE26N3l3aMnJcIJL_ujEBTiO3bQJ0oZbtYvLVjzaYINy757RRedt8Em36HF3zSlkDpRU8GQngSOzzcn,Alisha Andrews,https://play-lh.googleusercontent.com/a-/AOh14GgKsV52ViExR0pjO5jEMe6pMDb45i5lgfk8jxQvNw,"I've been waiting for the game to come out for a while. It's different to 
the others and I really do like it. Only issue I found was things 
disappearing, like cookie dough whilst scooping causing bad scores. It only 
came out today though and the issue I've found is minor.",4,4,1.0.0,2018-07-24 01:40:47,,
gp:AOqpTOF_etQQWV3Z22nwCRbSDUg7RDC3F1PhPkBcABo-rHYHGmfaYvCw9Pae0tVWbOLtGeK9omSEbZfaxhMa,ravent 2,https://play-lh.googleusercontent.com/a-/AOh14GjriFcRiWAaQBOpAN9bJyrGYeLj4D93tcNJGtac,"I've been waiting for this! So excited that i can play this now. I love all 
your games~",5,3,1.0.0,2018-07-23 21:37:45,,
