reviewId,userName,userImage,content,score,thumbsUpCount,reviewCreatedVersion,at,replyContent,repliedAt
gp:AOqpTOGOVWxE5zeGVUBMTiyxMujmLOpb6iddGnE5RRFxFWr3snPwx05i-RVmDlxOg1uBKBUF742bpk9XGv7KiKE,blastoff Noah Brumfield,https://play-lh.googleusercontent.com/a-/AOh14GizF1FxV-qBOeOFZ2pz5QEholZSWfX1otYdk2Td,Fliplinetasic,5,0,,2021-02-03 19:47:42,,
gp:AOqpTOFmy_5QGsvYSBpN5vo5CNOxydedE3PSMG11Exezemit1UytoTjO6Og_IfVgGeV-1Pg4ZB7dXt8B5TQ-QUE,Dak Giliford,https://play-lh.googleusercontent.com/-bPWR_A7kfCc/AAAAAAAAAAI/AAAAAAAAAAA/AMZuuck7xthW_AzAwdTFYcnPeYyBnaSqiw/photo.jpg,"It's a good game. My only suggestion is that we can get up to 5 dollars like the pancakeria, and the bakeria one",4,0,,2021-01-04 09:26:18,,
gp:AOqpTOF6dkocyKUAZcIsCJDCRQoKMguvnd2ri_gODG94eMf2M60oZPqaXBplGnD2a5zfg7J0GRqqV4darQi4xqw,kensfer,https://play-lh.googleusercontent.com/a-/AOh14GidRcwBMV07lYuceTvcowVgJdDofDV6qsHbuUpEUQ,"Love it. Flipline are absolutely great when it comes to these types of management games and this one is my favourite. Well done Flipline, can't wait for mocharia!",5,6,1.1.2,2021-01-02 21:47:57,,
gp:AOqpTOEuVQScz_nNhGZ9di03QGzJ2RfNK03Q4JQxvBn6HN_msZHRgMbapnCLuaWhKiX0cJZIlVjpVLTi-z3CKds,Lucille Burt,https://play-lh.googleusercontent.com/-K6EZd5jL7As/AAAAAAAAAAI/AAAAAAAAAAA/AMZuucku4gJff13pSuKdvRYxDZwnxVLqkQ/photo.jpg,The game is awsome .,5,0,1.1.2,2020-12-24 03:05:07,,
gp:AOqpTOEe6wv3sNxgFg0NjemP1TV1dkw4HWngh2p20qzmEBhoN7nRsqcNSn5EqzX__VTzok6e_Nlb3CY1mX2Cz7k,Nolan Christian,https://play-lh.googleusercontent.com/a-/AOh14Gha_QPVzUDov7seL9g47ZNCEglFwdBW3Rr6HGY8,"I really enjoy this game. I ended up unlocking all the customers. However, there's a problem where customers i already gold stars keep showing up, which makes it near impossible to 100%. Papas Freezeria didn't have this issue. Please fix this issue and i'll give a better rating.",2,14,1.1.2,2020-12-10 16:06:11,,
gp:AOqpTOF24NZnxVPqjurCD0Xfustiri2YUEfiRUiGxz0R3BsqRc_hN5OuIAy7MusLoQNOn_JF1KdKEcgFpNJOOSI,alexis davila,https://play-lh.googleusercontent.com/a-/AOh14Gi2tK_LB52bFs5OfiJj2Cdw1boMY2JWPGwbkWXdew,Love it even tho it's not in the computer and the controls are different it's still awesome to play on the go threw the phone I love it thank you for making it on the phone I used to play as a kid lol now I get to play on the go haha,5,9,1.1.2,2020-11-04 14:53:07,,
gp:AOqpTOFreU3lQtVn7JaD1CV-CVXxUfTR4G06IuWyxtYykFjWB65vTCMqq2hRCFSAtjn5bGnkEqxtf1nIFJHe2fQ,Derek King,https://play-lh.googleusercontent.com/-kh-PW6LtjX0/AAAAAAAAAAI/AAAAAAAAAAA/AMZuucmAyBQieiMtqeDQO9enbwYcWnJ8Xg/photo.jpg,Bc it cool to play,5,0,1.1.2,2020-10-21 15:14:45,,
gp:AOqpTOG65SXbWnh60y0j6pL-H8xsf4JamcDyLodc-i4pXhpMzgmnvPXn8jA3x2_WDsnb7SZ2PFWa2KM1l4akEzI,Danny Westbrooks,https://play-lh.googleusercontent.com/a-/AOh14GirYazJX-XXIVhGm7TAa7E42wphbxF9VPnwvJxJ8w,"I truly love the game, its one of my favorites! However it needs an update, in fact, every game that still has these graphics and gameplay (ex. Hot Doggeria, Pizzaria, etc.) because they aren't up to the standards like Pastaria or Cheeseria. Other than that this game is pretty solid.",3,22,1.1.2,2020-10-01 17:35:33,,
gp:AOqpTOFkleIBQnkWix-kD63cCI08soaEL0mJhu_A553RlPl1P9_o8wcnZmANuhn78A2NfsPh9CaIl58nTN3FYa4,Matthew Zenthoefer,https://play-lh.googleusercontent.com/-ZyZeqrJfAtM/AAAAAAAAAAI/AAAAAAAAAAA/AMZuuckcw_h11zAulrtmGIap6qryEOI69Q/photo.jpg,Fun and hardish,5,0,1.1.2,2020-09-18 18:18:16,,
gp:AOqpTOE4g84R_4sP0P4WsMfPIsvmeTQC7xNY8VUqqPqDoySHOCXnihKtwk3mJS6k6pD0CyC-XXm4KILJcsjkeos,Juliana's Sims,https://play-lh.googleusercontent.com/a-/AOh14GhEtVaxEEVupQ8pZaplIz1BIoO7bmjUyG0iugL8Ng,Love it,5,0,1.1.2,2020-09-11 22:10:52,,
gp:AOqpTOHW2UyvnqyD4MkL3p5GmW6FX8DMbNLChSFccpr_Y_9SDxJV3pv8TskC_VDz1psJKfKfe8613vcCJ8wnNZ4,Stacy Ventura,https://play-lh.googleusercontent.com/a-/AOh14Gij_WOJSvf6BvOh_a4JRhY4UqoZ3C1W6eGv2aQO2Q,I hate IT,1,0,1.1.2,2020-08-11 19:48:05,,
gp:AOqpTOEXCdZ0weSsgF9ivMXt5H1yOPa_AeV1gb2iDgywgTwjRgqCOSnmku6ue0uxfLPK1FMhOKc53l3OL9gDiY4,Chloe-Louise Hutchins,https://play-lh.googleusercontent.com/a-/AOh14Gh5IRYEPAMgcjayM4wvF-q7u9B6DuguLytXVjYX,Wow I love love love it this game is just amazing I don't usually buy games but it's worth it and I will be buying more flipline games very soon,5,20,1.1.2,2020-08-07 23:05:00,,
gp:AOqpTOHKpFyfefbEYsp0QiiWz6HqNsFzimAQ7XHLShzmIMH7inldv2rtqeGUHMHm5mP1eHLNKPudQ8R2tEHhIbc,Pam Ortiguera,https://play-lh.googleusercontent.com/a-/AOh14GgQIibwRPDtlm6LESxLpkwaXH6eCZYCtVmlu4WR,I love papa's game <3,5,0,1.1.2,2020-07-31 02:29:34,,
gp:AOqpTOG-GQjt0oQmSmkWqi-_EtUajMNRxj3lCSm6AcsM7qeA4hCHX_-by1KAkQCZLoYuyB_HZDZQQ0QPjPRTgu8,Lexus Brannam,https://play-lh.googleusercontent.com/a-/AOh14Gh52ZOCaWMMhfcMSRJdvBPo6vAsPQ5JQKSsgEuiAw,Awesome,5,0,1.1.2,2020-07-01 16:39:01,,
gp:AOqpTOFq2QwqBdT7mvNuoL7QYuUIShdsBLaNpeQz_6_ZiB8lC1vzjUkHQhRmf1oY42PqyGfHHjRSUKXkQ42qm-w,Gen L,https://play-lh.googleusercontent.com/a-/AOh14GgdISfCfpumZSXp_8m_hiTkKRxYl9HOmnuaGRYiyA,"I've played the Papa's games for a while and was wondering when they would do tacos. The game is good; I almost like it better then burgers. I can even get over their money making strategy, but the graphics are terrible! Makes game play annoying.",3,94,1.0.0,2020-06-17 03:49:38,,
gp:AOqpTOFyCHTepjwjsioVYpLRI9ecTKsprVaYtxn1DO351iUo0FT-YrUWBhpjKM0dH1DJ76WOmqlYmitRtntE-Ck,Coxy Normus,https://play-lh.googleusercontent.com/a-/AOh14GjfutOhOEXBQSFpJc8zE-_ZjAS6LC6OhEI6sH-_iQ,"How you get 💯, for some reason I can't get any 💯 on the build station but I can get 💯 on other stations. Maybe I'm just bad at it but I never get 💯 Idk I think I just suck at the building station 😂¯\_(ツ)_/¯ I LIKE MUCHO THIS BLOODY GAME (ノಠ益ಠ)ノ彡┻━┻",5,38,1.1.2,2020-06-16 18:00:55,,
gp:AOqpTOGIdzKIS21zcXh4dfA5yvQu4qFkAIInveexkmnOasLKtCHAEPm9oLcye8zYALBU8mLgWyusKGPKmD1MT88,Miranda Landis,https://play-lh.googleusercontent.com/a-/AOh14GjPc3Z1icjtThCgjmcQCJ8c3XuMqAk46N-lM8uZYg,It's a good game to play and I like taco,5,0,1.1.2,2020-06-16 17:03:58,,
gp:AOqpTOHDBEfVUaWEddJN5SYIS98jjxAxB7trA1hzqajzsDxFBRo9aarkT4VbJmSq1pYp01FCKDSLwoKq8hqWNfM,Lydia Anderson,https://play-lh.googleusercontent.com/a-/AOh14GgIaIUvlpBa4QWISrYGhILCjU17MEiEk36422lBL58,Very good! I'm happy I'm playing!,5,0,1.1.2,2020-06-09 06:57:54,,
gp:AOqpTOHv9IJCG5uWiMd83ZeHLStpwNspGowYNyRqQ2VLc_9Wf8qKJNkfVRciaDKj3n9PPmXL8ghNOQAULEiYeN8,Stevie Marshall,https://play-lh.googleusercontent.com/-YaUnCaQNjqI/AAAAAAAAAAI/AAAAAAAAIOA/AMZuuclEIrghwJ3eUUnuklzbDR6Fq9PzYA/photo.jpg,Just add pastaria and the collection will be complete 👌🙌,1,0,1.1.2,2020-05-25 22:14:22,,
gp:AOqpTOHtcZjn1vVxtn_8pza4EGADcbfm3GkViatZnILthiDb4Tokff7mV3yfI7MS6UpL_Lf1wz9Z8GNQku3zp3s,Alexis Vlogs,https://play-lh.googleusercontent.com/a-/AOh14GhTQ-wnFyeUHWc36MxCKHtTKvdyvbh61bw_M1q14w,Love it.,5,0,1.1.2,2020-05-24 16:16:06,,
gp:AOqpTOF7oBq6zO0DXR9PX9S1XRuuZ79EqiK0AsuzhUdxueCh1rJ5R-SSWMm4g_1TIZAa1ELak01kFqW_APIkesA,SirIV1564,https://play-lh.googleusercontent.com/a-/AOh14GgpdzuJ08LnMIl56CvG9HDaholQdFS1I4jjFghFig,How do i get a refund,5,0,1.1.2,2020-05-17 00:40:48,,
gp:AOqpTOH0gRxgxTICJhmANrdqoeewGSh0iBBjs5h-Cl5d01JmwbPwCOwlilQlzSU8yl_64CbPSk1wIFSTDJSf4es,April Crowder,https://play-lh.googleusercontent.com/a-/AOh14GhVSUeHPQgPtMAIIY9TFoqdKqf24UhBKpt1lsfg,Like it,5,1,,2020-04-29 15:48:58,,
gp:AOqpTOEDTHb2kMkRNfcBzd02y1JPhMrfmHy-TCI27k2xuck8qmwYWncbWzC4BRyRyqsbK5Rz6CtgEtb3Kzrz5MM,Ron K,https://play-lh.googleusercontent.com/-qBtIonRj8g8/AAAAAAAAAAI/AAAAAAAAAAA/AMZuucnuvz5Jyu3qy2UVT09uvNVzSIvOxQ/photo.jpg,BEST GAME EVER,5,0,1.1.2,2020-03-30 22:33:28,,
gp:AOqpTOEDxuY8gDz-cfKd-cm18AvPVTW2T85snPxdCKE7t6m-JZEay2pTv6s1E8tD-1ZGnBD5gHXvtaVAh2gyk5M,Paige Mcleod,https://play-lh.googleusercontent.com/-_AKmnku7P50/AAAAAAAAAAI/AAAAAAAAAAA/AMZuucmKmNWd4MLGM2XElAOswijNRoAsdw/photo.jpg,I love this game it's so awesome,5,0,1.1.2,2020-03-30 08:58:54,,
gp:AOqpTOHCq-iitTJrtWWm_yPWY3xFN8bvz3Jal3XXLu_JAGTeDxCAunbbRUEcozY6uaXqWMQuxk6FTXspDXZkm9k,Core YT,https://play-lh.googleusercontent.com/a-/AOh14Gh--1zSTmoadQvOvXX3_GyaPy04deZmsNxKHEH1YA,Amazing!😎😎😎 I love the Chips Station!!!,5,0,1.1.2,2020-03-13 11:01:40,,
gp:AOqpTOGd_wP3nftIsmd4ra2eyhTfinLWbGe9LZqMzRP5GaPMsjTRfaCJigm76MZWGKnk3Wzn0YExQw2ySBBLmEU,CombuRose,https://play-lh.googleusercontent.com/a-/AOh14GhvPBQFv6W7DSwhZZ3YkDLCLju05Z1Cz6awrHN-7g,"Once you get past the weird motions of the characters, it's fun! Flipline Studios really does great work!",4,39,1.1.2,2020-02-26 14:46:45,,
gp:AOqpTOGQYntTRhnOGbrm0xJ5FzDtLpGAWsteB96l_HQLlsqD7KKOQEq_GxvCjbFxoiFMTlD0f8auzeEOfHcOoAY,William F.,https://play-lh.googleusercontent.com/a-/AOh14GjXDcrU3QkPZF1tRytU5h14LMtNlYYuCp7B2tdX9Q,Epic,5,0,,2020-02-17 19:19:16,,
gp:AOqpTOGzJeQTGwjLx3b_EA_kgPpF6WJhl8wrOMU5aGpzDdoMIgut44WmpzkZugRz4FB2TTf2qWx6gefLE4ynzpY,Shorty Mcfly,https://play-lh.googleusercontent.com/a-/AOh14GheYPR84cq2lkqCCDKyJ_aTMT5F50JAt5aSVs44rQ,"I love this game I had no problems, and the graphics are great!!",5,4,1.1.2,2020-01-02 18:18:50,,
gp:AOqpTOHijdlXgAkcDV-XLHkOe4W_o9WliHCcGxbtO00bEsn1Nxxr3s0ckwwfxIgXlh680dv2uMkRuq7OqPoG2AY,Jade C,https://play-lh.googleusercontent.com/a-/AOh14GgAmdCg9jZh_NPPAujZYoaHRvKG7qwB7UyQ8dvrzg,I've been playing the hot dog game and like how you can jump around stations unfortunately with this one it is less flexible. This makes game play instantly more difficult. Uninstalled what a waste of money.,2,17,,2019-12-27 19:30:30,,
gp:AOqpTOHYgN_kTj3_KL530jTO3c_mH23xyHenspLbXYLyY5Cz8i4sx4sIObwmvaLtkumoshsn7_8LBWm6hxxr7fs,Mudkip,https://play-lh.googleusercontent.com/a-/AOh14GjpTbcNSRO03HNmf4da-VfHGblwDbTy2lYN1kREoQ,I want a refund please,1,2,1.1.2,2019-12-27 04:04:15,,
gp:AOqpTOF_SAmYw2cpbK41H5kvtyNQRKMDpfV_QJ85gjz7fHK2f5D7Lhb9YUGixynYdABVucENjmcbxoEaNHkT7O4,Lauren Taylor Boundy,https://play-lh.googleusercontent.com/a-/AOh14Gio-60II6rmEa0UHCDEPZ4SoSFj5Y0j7TRfpbJx,"This is my sister's phone I'm downloading it for her and trust me she's obsessed , like it's not healthy I'm really worried for her",5,2,1.1.2,2019-12-25 19:48:20,,
gp:AOqpTOEEYv4BENoNNtrqVznCo73pFbkQMsMpneLoF9VcZThAtk_bMRsCIOQAgNfm6ugAoGCLJEFsz8fXG0N0MO0,BabyAli Martinez,https://play-lh.googleusercontent.com/-Rn6sN0ugekQ/AAAAAAAAAAI/AAAAAAAAAAA/AMZuuckbZxjyJSPt07pMmQ8cfpni-kMzBQ/photo.jpg,I love this game but i dont understand how to put it over to my new phone. I would give it full stars if someone could explain to me how i can transfer my account to my new phone💙Help,1,2,,2019-12-18 14:41:20,,
gp:AOqpTOFBzABdkhGZRb04TCq5amUVWZLAq3EWGwHIQWRZbvv4F5ecqwCsvAEe_B4jcSZ29AGP7cEeDPP2VtZple0,Jasmine Pereira,https://play-lh.googleusercontent.com/a-/AOh14GhkOZMwY4ghkl_0wcggEyENhwwGyeXkqcWZUUcyJg,It is amazballs!My mom is the bast for buying this game for me the graphics are awesome for me at least and I can be more confident about me trying to be a taco worker when I grow up.,5,4,1.1.2,2019-11-25 08:28:47,,
gp:AOqpTOHa2Fcpj1AHBZ50pRddUOXiUb7kTEIvDNP3J3DOZRUrwxqFbxuLt5iK0Qt-UhHAnIfuFtsRZ2ajT8pwLpM,Noah Compher,https://play-lh.googleusercontent.com/a-/AOh14GgbLR4dHF9kV354T5TsspIMhnfbO6uxW3KmgPlp,Loved it and very fun to play when I'm around! 🌮,5,2,1.1.2,2019-11-09 05:54:13,,
gp:AOqpTOErlBrlgScif5Yuc0ntzc4JKJn96TTqJ3A2ueiFoUB1HWg2lDS_9EHSp4b1WqChlEMO4TAkzMdANqjBUes,Anon john,https://play-lh.googleusercontent.com/a-/AOh14Ghn4Zq4aXvCBoKQp2kItpQpw-WMMIyRhof0mhtoVw,Good,5,1,1.1.2,2019-11-07 13:10:20,,
gp:AOqpTOEYCBxsF9tp6KzA1bIY5Lza8vrsW9pQSZvb_E6edQ1AylF-XKNI2Zp_yl4_eDf9hQVmtKmr2ry_ocoStic,Player 1,https://play-lh.googleusercontent.com/a-/AOh14GjjObkIbGDG6MWWEQymK9eiPwEWdOyj4f9rVYv5,"Very blurry and bad graphics. Plz fix the graphics like wingeria, donuteria, pancakeria",1,38,1.1.2,2019-11-03 05:25:29,,
gp:AOqpTOFmKNVK-Sq677tgPf8hrHl0UCvid9nk7rCvw2rOOpIlXf-qWC4SvcgeX5ripgP6RATMdQuDeX7dRt34hUE,Gloria Jones,https://play-lh.googleusercontent.com/-mvgPwqnwgso/AAAAAAAAAAI/AAAAAAAAAAA/AMZuucl4sqICg5MBcH5sctK-Wd_s52zqWA/photo.jpg,"I been playing this game on the computer in the past years, so I really enjoyed it. The updated is very fantastic, really love the graphics. Wonderful, keep it up, guys. Thank you.",5,19,1.1.2,2019-10-23 10:58:25,,
gp:AOqpTOEGexr8Qifw-8ZOh74pWQieqnvKFmQQw7919ihuG1rYLAmVk7YLYxFmGymozzDsHbOVb7YxomKfxAC-Qv0,Abagail Tomes,https://play-lh.googleusercontent.com/a-/AOh14GgCpHwfzT6z80n_ZinlbKAWv5k68baLM_n00bfCpw,Controls difficult to use to get perfect score,1,5,,2019-10-09 19:58:59,,
gp:AOqpTOEtDz-4VgDwT5QDd75cytDycxjW-hccgjkjbA-maAVOhr93TzjbjPzqDNPbsl2xxzgWnDJ0Wprm25NPRgk,Patrick Maguill,https://play-lh.googleusercontent.com/-l40HqqUP7p0/AAAAAAAAAAI/AAAAAAAAAAA/AMZuucmxsOXLF5JDHKKYjA_8qV7e-iBWqg/photo.jpg,National taco day,5,2,,2019-10-02 18:30:27,,
gp:AOqpTOHQEJ_b-BSWVyLIWfR6gLMl-BU_IGtI4saCqPWu3brmRUDsm7YHMSv8iceKEFGVTKkat5Z_RD_jbn47Q0Y,Kanarena,https://play-lh.googleusercontent.com/-TqSweaEf8Bc/AAAAAAAAAAI/AAAAAAAAAAA/AMZuuckaxJ5_CPe9E7YW-Gnw-ReUHi4aQg/photo.jpg,"It's papa's taco mia on mobile. It's pretty much exactly what you might expect if you played any of the papa louie games back in the golden era of flash and that's a good thing. I did remove a star as the fact there's no ability to adjust the bgm and alarm sound separate from each other feels like a bit of an oversight on a modern mobile port, but don't get me wrong, it's still a great game.",4,66,1.1.2,2019-09-25 12:41:46,,
gp:AOqpTOFe_HbnzT8LDpxL1YRX8iD3vsGTXp1G6GLEqcv-SbLFWXnFwTW4_93pKk7b1eLjgaZiWkDLQQU3tVzMFyo,im sexy i know.,https://play-lh.googleusercontent.com/a-/AOh14Ggo-m6VI67AAynPrYm4mwZiEqDurpskaCcocsGXFA,Good.,5,1,1.1.2,2019-09-24 21:34:22,,
gp:AOqpTOEFRSz3-0efnp8U2fzF8Kwx_ajuTOxpzAANVnIf2iZ1wML5f_4AexW46hIh-ky-01acNzs_ZbnvRJsp_no,Magicxxmoon,https://play-lh.googleusercontent.com/a-/AOh14Gh0Sbz-I6HIPC9-Bpelyh8xk_T1KQqjNouyNKwL,I wanna refund the games after playing them.,1,2,,2019-09-14 13:30:17,,
gp:AOqpTOFRms7aSayjka1fyFjh-k3VXGMIwjXSIcIl8fXO-LYF1zoLXa7Gg-jvBoMTU3jCkafRiJxc-52ZlgekBRo,Deidra Bennett,https://play-lh.googleusercontent.com/a-/AOh14GhBaOosa8ECGrnOdRT2BaRXglfRtm9oZuxiX57Wt3I,I absolutely love these games I own them all wish they would make more games.... here are some game ideas how bout seafood version soul food version Italian version dessert version,5,8,1.1.2,2019-07-09 14:16:41,,
gp:AOqpTOHAnrvWfhcHF7Nugu6F1qX5pJ3YwDJ0A9xDczICbycfYDxN1-59c9-IO4F2IH9l9wAci545oJeggYOiw2M,victor chen_899,https://play-lh.googleusercontent.com/a-/AOh14Gjg1kOr6D88KLcOrTJRyExm1fEkJRuDeGY3IzkViw,please add more games from pc,5,2,,2019-07-06 01:15:16,,
gp:AOqpTOGwiffaVUDr-cdnB2zRtMxxce5_um0ElrP1CXw_NJjK1EdaHyVCJ8_VMnP4klQ4a2m24ZuarOcWWZtGLKY,Jessica Marks,https://play-lh.googleusercontent.com/a-/AOh14Gi9fK2Cc-T6XIovLfIXGNm7NW5h_76y7u6wh8yJuME,"These have been some of my favorite games for a while. Decided to download on mobile recently. This game could definitely use an update, some of the graphics are pretty fuzzy.",4,25,1.1.2,2019-06-18 22:40:46,,
gp:AOqpTOEcZkX2zz8gEORXG5beYq7e7oYzlEvAhw-IGwdy_VZgG5P8gSq4LmIthiTZycz35thLZz3jM_t91l5R-oI,Momma Kuh,https://play-lh.googleusercontent.com/-XSsjuEDvNkE/AAAAAAAAAAI/AAAAAAAAAAA/AMZuuclZTpLmH5-QE4oOrTZnt2tSlXjrUg/photo.jpg,I love all the flipline studios games,5,2,1.1.2,2019-05-28 18:53:22,,
gp:AOqpTOHqTsbpoWQsPTA8s--ZxH3qw9DydHeNJlgFFhJ1YxoCIszQeXzsFUdKisoAXFR_oNsyeY9Q55O0P6AaJv8,Ayesha Arshad,https://play-lh.googleusercontent.com/a-/AOh14GgaVmpUoLqdr4JtdxK22TvyWz6y8hM6ysLG4kpHnww,good morning,4,1,,2019-05-16 15:29:56,,
gp:AOqpTOHKn5oUDZ4UIQoUUMYY_r8ZNOiZYUxuWm9yt_RJrJToAaT_38GMwJVZ7cgNaXh8Pe3q4Zw6Y1FzJ9z0nUg,No One,https://play-lh.googleusercontent.com/-qyWTvDcbafw/AAAAAAAAAAI/AAAAAAAAAAA/AMZuucmpio-kpmaYfBAwQlS7r5YvNIpsZg/photo.jpg,I have always loved this game series and now i am glad it is on the phone,5,5,,2019-05-08 09:40:31,,
gp:AOqpTOFrhOw0m6-ptHmncVXqu60TwCEzu2pMvGh8XXNp7Ahci25RYUotOJZRt4gxfr1mvV93fHL5qsHFpX4S-Sg,willow,https://play-lh.googleusercontent.com/a-/AOh14GicuUK5FEMblMRwnfKL4MgoU1YBxMOHYbjA2dB57A,"Very disapointed. I payed 3 whole hard earned dollars for this, i expect to be able to custimse my character.. sloppy graphics as well. Pancakeria was much better.",3,71,1.1.2,2019-04-09 21:26:35,,
gp:AOqpTOGkrnW-UYU_IZKnTsd7FIMEmx_0TI38DhR2cIotdv21Lc5kGly1Y0R53bwDqNxjjK1UQl_A36IzNduAM9c,nazihah z,https://play-lh.googleusercontent.com/a-/AOh14GgO1DZ30Eq3A-pi7F3eYa0VhCbccgqzor57zATOyA,good,5,1,1.1.2,2019-03-24 05:59:41,,
gp:AOqpTOGLI3n30QTRDxk3Rj1c-U1Q6HSEJ5csTBUsirOwyTw-CjinkX_el5S8lMvfW9XNQs2qLXG3fmqR3FPPQ5k,Sandra Me,https://play-lh.googleusercontent.com/a-/AOh14GixQMRMh29rs_wlwMfUKQZZGMlcaqJMurLUAngQZMM,love this game,5,3,1.1.2,2019-03-21 20:13:40,,
gp:AOqpTOEsN5wQCrghxW0LFuJmReCqm7d_4EqsgZMHxp5rrDK16aOrPV0tu5cOFygDPlq7LmN8wReISWqATPilsKk,Drew Mittnacht,https://play-lh.googleusercontent.com/-G7ivRC7-vo4/AAAAAAAAAAI/AAAAAAAAAAA/AMZuucmsZqzTXcQSIrWx-sep6qQi40O-zg/photo.jpg,"As was said in previous reviews the toppings station is too slow, it can be annoying especially when more customers arrive. Personally I like most other papas games better such as the burgeria. Isn't worth 2 dollars, maybe 1 dollar.",3,8,1.1.2,2019-03-19 19:13:51,,
gp:AOqpTOEqM1ijKrr6zZwP-guyCc5umJJKs-8BISZ96Ft7ma_Sf0yN0H_nN9trto27PWo7LpjctIqRBENa16qFPeQ,A Google user,https://play-lh.googleusercontent.com/EGemoI2NTXmTsBVtJqk8jxF9rh8ApRWfsIMQSt2uE4OcpQqbFu7f7NbTK05lx80nuSijCz7sc3a277R67g,great! super fun!,5,4,1.1.2,2019-03-16 07:40:02,,
gp:AOqpTOFvYatc-FllDBjny-nPfMgnhPjAjiOc58EAPQ5s-RhuXFbwP7nIjScJG8YjcbxzJVNbR73VLZUrK1wxYl4,Holly Rogers,https://play-lh.googleusercontent.com/-C2Vt84UdL14/AAAAAAAAAAI/AAAAAAAAAAA/AMZuuclKTviCdYqtg81S1_4AeO9sdIxiIQ/photo.jpg,Absolutely bloody fantastic. Russell Coight would rate it a 10!,5,5,1.1.1,2019-03-12 02:03:33,,
gp:AOqpTOG3wCqhckAyI93W147c20PtJ56Q5oi1ScDASvx9QJKJoNhSkcKcfJ89S7mW1h6fNfn3vFnOt4pIaPjZT9M,A Google user,https://play-lh.googleusercontent.com/EGemoI2NTXmTsBVtJqk8jxF9rh8ApRWfsIMQSt2uE4OcpQqbFu7f7NbTK05lx80nuSijCz7sc3a277R67g,GREAT GAME. PLZ ADD PAPAS PASTARIA DONUTERIA CHEESERIA BAKERIA AND SUSHIRIA.,5,4,1.1.1,2019-03-11 19:00:43,,
gp:AOqpTOFzqP72CLkoVHO2NzmRgxrFQ8Lx53pU97JyYpYw9E87sVLII3qxp6Pfjpoc_G2I34dkCYFq8KwGHN5m-Cw,A Google user,https://play-lh.googleusercontent.com/EGemoI2NTXmTsBVtJqk8jxF9rh8ApRWfsIMQSt2uE4OcpQqbFu7f7NbTK05lx80nuSijCz7sc3a277R67g,maybe coming sooon,5,1,,2019-03-11 07:45:49,,
gp:AOqpTOGRRoc7kLqXzSsROPonl4Q6EWJ_WuGLzfRaqANgkiSXJVoDqx6_Otq_U2se3EjD9tVQ_DKp2NPOzpxvXk8,emelia gonzalez,https://play-lh.googleusercontent.com/a-/AOh14GiTBvtA4xcE4TV03XDX4S6U6meKDn1efvug1zKUbg,they need to update the first part when the atore opens they need to fix that,4,3,1.1.1,2019-02-26 22:31:01,,
gp:AOqpTOGwnAtyUrat1nwhbr3Qfz1pxe9TBb64DvToeKO0NCBsj5am8G_WNOgxxneZEsBf014VGgR-ZXGKp4U8nkQ,Yasmin Rizar,https://play-lh.googleusercontent.com/a-/AOh14GjHZ50sMtz0xT_RYby98lmVsgvtVphKksXw2JkE6w,really love Papa's games! but please add android version of Papa's sushiria and Papa's donuteria.. that would be amazing 😁,5,4,1.1.1,2019-02-24 05:47:45,,
gp:AOqpTOFVktYqqmD0M9afRgvXVBuYTS6L-a4I2UKa_N-iQxSYBV9_GNgE6SjGSdvHn8W1T0n4OHhrL8fFE1DSwIc,Birdy Ninja,https://play-lh.googleusercontent.com/a-/AOh14Gh3dcKlGWBacF53-FFO1768kHKBNOE6Fc4DkrrSlQ,"very fun game, i will always play this every were i go ^_^",5,6,1.1.1,2019-02-23 16:00:07,,
gp:AOqpTOFjJ5moXPrcoilKWdwtXOa1JMXIvmOeiUBPqgWeTmYKl5-MHow8Y-BgYkcbvQDaUkWAoPxrxKjL55tRBoQ,food2,https://play-lh.googleusercontent.com/a-/AOh14GiSQr3h8Pwxaaqif5SXkC4nJv9Qo7GHofsnof2gjA,"This is one if the best games in this franchise and I absolutely love it but two things are bothering me. One, why did you put a black olives poster that is new year themed if they are a halloween exlusive item, and two, can you move the brown rice next to the white rice please?",5,7,1.1.1,2019-02-22 15:12:39,,
gp:AOqpTOEILFjqj419CLYN8BjykKrrRny0x9bNGSDNkYc67WvnyNDu8IF5gSM6AIvK7TubLiYMSE9fDHJ6H4oOpDA,A Google user,https://play-lh.googleusercontent.com/EGemoI2NTXmTsBVtJqk8jxF9rh8ApRWfsIMQSt2uE4OcpQqbFu7f7NbTK05lx80nuSijCz7sc3a277R67g,i want a refund,2,4,1.1.1,2019-02-21 09:54:30,,
gp:AOqpTOE6YHEBSncZLlfDuAPedED6nIfB0fKXBcr--rIp-wVS-O52r9FuEPF3GjZkWRLEZvBBoje5bYQhqKa5oGQ,A Google user,https://play-lh.googleusercontent.com/EGemoI2NTXmTsBVtJqk8jxF9rh8ApRWfsIMQSt2uE4OcpQqbFu7f7NbTK05lx80nuSijCz7sc3a277R67g,it wont load,1,3,,2019-02-15 10:58:33,Sorry you had trouble with this!  There's a new update now that should fix the problem on devices like yours.,2019-03-11 14:55:08
gp:AOqpTOEYSc_-kWmEDW3x77nHd7XO8zANWzN5SQvT6WD4oeq1K5KwErzCY9S9KSNadVvsBppc_ipQroyXiSRy7g8,Elisa Woods,https://play-lh.googleusercontent.com/-vtcEq9z-Zqc/AAAAAAAAAAI/AAAAAAAAAAA/AMZuucnTbow76BhzhKSSbej7-UOZyubbCQ/photo.jpg,just bought the game and it won't even pop up waste of my money,1,32,1.1.1,2019-02-05 18:58:23,Sorry about that!  There's a new update now that should fix the problem on devices like yours.,2019-03-11 14:55:18
gp:AOqpTOFcN7U8F67HSF9E4dTG4rCNZeZrEhEO5M7_-NkO6-R3tNl5n2K1HDOTY-agHXebhgWdz773uGOc_QWSM6E,Brandon Krupka,https://play-lh.googleusercontent.com/a-/AOh14GhO4HkpoJBPso0g8nV3LwXJlsQHGp_BesaqkHwrGw,Love the all the Papa's Games. EXTREMELY FUN!!! But I was wondering if you guys are gonna put a version of Papa's Cheeseria on the Phone! Would be REALLY COOL!,5,86,1.1.1,2019-01-30 15:18:57,,
gp:AOqpTOHZYoD-a3XP3h6m-gJae8olDGgigNUlxjyPY0uG3jC2DsdQmo812yFWkM1CuBCMHLVZieqtvqTwy1GDckY,brianna harris,https://play-lh.googleusercontent.com/a-/AOh14Gg125iWofwZKGKh20f_OuHN-mMm-uvyREjRAPGJwg,I wish I was being paid to make tacos,5,3,1.0.1,2019-01-24 15:14:11,,
gp:AOqpTOF7XEildj9vXu6exuH6OO5l6p3dz5iZnUl_9vPAFzCptd5Xp3yyx6gZdMPeqBmLOUUxG-WnoGLEK8KejVc,Rich,https://play-lh.googleusercontent.com/a-/AOh14GgRopuzpuybKO4FoQHPigTbrJNhkxs7Vs56LU7CPA,"this game i adored as a flash game, but the audio is just not of the standards of a regular app. its not worth the 2 bucks but it was a fun game on flash a couple years ago. its in need of a update to the Fx and audio",2,4,1.0.1,2019-01-20 12:30:31,,
gp:AOqpTOGOBCk6-U1ZDyJRRFV_L5MwOycTEMJrDxd3o1iGsjGx2krjRBP9GFvDP2fBr7rPMkQJCk_HC00zhO_uTuk,hayley k,https://play-lh.googleusercontent.com/a-/AOh14GgNOF8a2YbJEkS9SUqZ4BoDoNfxeB3XsXdeaNkK,BESTGAME EVER,5,3,1.0.1,2019-01-19 14:02:08,,
gp:AOqpTOHuK0r2ASfOGl7Zdm5l0arJ6Fg6CoNivi--FSL8st_0VYA7drp8XOMLI5V1TyRuaE6ReL36vPqi_CW2Edw,maaaice j,https://play-lh.googleusercontent.com/a-/AOh14GivMZFGYG2SzrdZwX11hSelUb-SUiUOi19H8LZUGA,"It's a good game for what it is, although I noticed a bug: when moving the meat on the stove, if I have already cut or flipped it, the indicators will turn back to red and blue respectively. Nothing major. Also, too little to buy in the upgrades section! By my 20th day, I already had nothing to do with the money, besides buy decorations. And while on that topic, there's also nothing to do with extra things. To wrap it up, I like the game, but the money seems kind of pointless right now.",3,52,1.0.1,2019-01-05 10:11:34,Thanks for letting us know!  That bug with the indicators is fixed now in the newest update.,2019-03-11 14:56:12
gp:AOqpTOEOTYbpwUMBhSwaTXcMzbZoMfIPR_nBqp4VIZ1xigQYYA20KU8abHeNw1GIDOMcZadvO98ZbShElhP_ydE,Hazel Phillips,https://play-lh.googleusercontent.com/-EfXTgRKH7tQ/AAAAAAAAAAI/AAAAAAAAAAA/AMZuuck0FSfNKhyStSUl71Jo53RkMxxfKA/photo.jpg,"A bit harder to play and earn points, but still a good game.",4,2,1.0.1,2019-01-05 05:32:09,,
gp:AOqpTOEKRQvvb8G91izIx7yrX2fp0jZzKWPrmIS40qpwNvQsJtIQHsSDlsp_eJinmbnvsJ3WLabRNkKPXQYoVSo,Mikayla Marie Spain,https://play-lh.googleusercontent.com/a-/AOh14Gji6Pstx4ZucXE5lgg0hdAVRIx-FjDVnH7MBcAGgg,super addictive and fun. I just wish they were free.,5,3,1.0.1,2019-01-03 21:10:08,,
gp:AOqpTOH1qfYOvqYH-fFWwb0_dhNYC7X7VJ0RzBT8fwiI337NTjo_AliBywuiy9X2a7oxICt5--fj8o0dcBD7lYA,SLeep DePRIved,https://play-lh.googleusercontent.com/a-/AOh14Gib5LbyN5znLO9R10bl4rblufhOhjbyVuZtkzthRQ,"horrible game, wasn't able to get a refund!! don't buy this game!!!!",1,6,1.0.1,2018-12-28 03:10:08,,
gp:AOqpTOG32h8ucGTdVBfVKyBoUP4Wbixs8exn00V4dHDV65iq_B9xIDhZqe8at38SgGdFL1eVq1aK0kJvibuh4Bw,Kate Hoyt,https://play-lh.googleusercontent.com/-0PmPRhYI7e0/AAAAAAAAAAI/AAAAAAAABZY/AMZuucklA-oImZVw0ErzKKFbvMJ3EVRImQ/photo.jpg,"The timing is a bit off. The toppings station takes too long, the rate customers enter at is a bit quick. In the desktop version I never get less than 90% for the wait score. In this game I only get about 75%. The more I play the more the topping station infuriates me! Having all of the options laid out like in the PC version is necessary, the scrolling side to side and not being able to see all the options at once doesn't work. It's way too slow and makes it much more likely to make mistakes.",3,32,1.0.1,2018-12-26 17:43:58,,
gp:AOqpTOFs_UioO5L5OYn8ejqWLEo6wGKOSwG-_QdIg6UeuzEjgKLMbIbXPyN5W0_VXjdSYJhw_EIij2RoElS-0Dw,A Google user,https://play-lh.googleusercontent.com/EGemoI2NTXmTsBVtJqk8jxF9rh8ApRWfsIMQSt2uE4OcpQqbFu7f7NbTK05lx80nuSijCz7sc3a277R67g,it to you,5,1,,2018-12-20 10:04:04,,
gp:AOqpTOHyPM3Yan4vJKB1z9h8Kc2OACUq5FXqJzLxNLClA7xvD5j_dWOuyxbgvclRACZq9P_KYpL66Os6bEb33Og,Julia Carranza-Salinas,https://play-lh.googleusercontent.com/a-/AOh14GjDZ_WmxybvJ9Cj_RycSxgxPB5wvMsi21LNBg0cWw,"It's not really worth 2 dollars, it's slightly boring. Playing on the PC is better than on the tablet/phone.",3,10,1.0.1,2018-12-16 20:37:30,,
gp:AOqpTOETAHpgehmHEQdviSkLxqHaHcaqSCxIfFsIYL5gk7g4YF265LPRqPVAA-MEX6I8XwwTc0MTBeOyldH5h2E,A Google user,https://play-lh.googleusercontent.com/EGemoI2NTXmTsBVtJqk8jxF9rh8ApRWfsIMQSt2uE4OcpQqbFu7f7NbTK05lx80nuSijCz7sc3a277R67g,How can i get my money back???,1,5,,2018-12-04 03:23:01,,
gp:AOqpTOH7l7Dtx2MQAt4SGiF73CkfXfu2eSpb4PvhGWGkMse0rI5BJXxsmdkF0xG5IrjZKSb8sxlHSZytTj8Zc44,A Google user,https://play-lh.googleusercontent.com/EGemoI2NTXmTsBVtJqk8jxF9rh8ApRWfsIMQSt2uE4OcpQqbFu7f7NbTK05lx80nuSijCz7sc3a277R67g,I like this game,5,2,1.0.1,2018-11-29 12:33:37,,
gp:AOqpTOH62FSUUovYvqJlAeGGjDjFqRuSZNKemkY9k8optzXJw8BYRdbIS9cvg8i3rKHKeKRMiuVr42iXsCiudf8,b1rito,https://play-lh.googleusercontent.com/a-/AOh14GgrKD8HFmqurq7qdGdewpvv8dDVldjsn4QODEh2nA,Fantasic. Technically perfect.,5,2,,2018-11-18 00:55:24,,
gp:AOqpTOGFZUU1YW67FFZ4YCpYSDyzm8hBFEibDKlgPJJJYo8fo__wfwcx5L3gdHuzbox7IwFocIW9IctXZwy6LaU,Yasmin Haltiner,https://play-lh.googleusercontent.com/a-/AOh14GggV8OmFQfHJQT0FoFEWr4ysdBfgPPrbYxDMnJd,Compared to playing it on the laptop it sucks... the graphics are horrible.,2,19,1.0.1,2018-10-19 07:37:59,,
gp:AOqpTOEeU655k9qUk-3w1R0m3FkpItkCl3fljDoJ5GQVnt02QCUK1VzqADvVjATrwhT3duNrEPX8hzI_ihmudjE,A Google user,https://play-lh.googleusercontent.com/EGemoI2NTXmTsBVtJqk8jxF9rh8ApRWfsIMQSt2uE4OcpQqbFu7f7NbTK05lx80nuSijCz7sc3a277R67g,"It's so fun! I used to play it on my laptop and I came back to it, then I found out about the app and got it! Definitely recommend it!",5,16,1.0.1,2018-10-03 11:53:52,,
gp:AOqpTOHR26lYKIbBZdaLR_XCKIGr5RzsoDyGs9bWDums1BAluyTbI5QzKC2AH95QuZTXI_ZcLYBoKzqYnZRkKmU,The Charlie Channel,https://play-lh.googleusercontent.com/a-/AOh14GiiOmTYKmxfkb6Ne1w-9EKGE1HwObanWmTyvZ3CNg,Great,5,5,1.0.1,2018-09-15 13:08:13,,
gp:AOqpTOE-0k3lkdGuZ735P1kIltGQ1BDCR4Qsah7Z6RXlnUme8T_G_BlfoH7k-NCaZWjUfdhUJfjGiI1uvKWsfko,Racheal Moreno,https://play-lh.googleusercontent.com/a-/AOh14Ggdrhx7oZfkQzuwi0VFjU7yjtpYr23wLkgQVHdIyg,I loved the games,5,18,1.0.1,2018-08-23 21:59:34,,
gp:AOqpTOHK2U62qsuGJj2PalcX8__WVWxBW8rNKR9FpJF291MKalKQL0imHklpOou4rI_LtAEtHqq0xmkSEZf0gGE,A Google user,https://play-lh.googleusercontent.com/EGemoI2NTXmTsBVtJqk8jxF9rh8ApRWfsIMQSt2uE4OcpQqbFu7f7NbTK05lx80nuSijCz7sc3a277R67g,Loved It!,5,1,,2018-08-18 16:25:55,,
gp:AOqpTOHORL8eerEwK0XIKalq2zHrarwmCPfktyw5r9t6WRPM4umB6vuHpAga2k27s7sOTImsO1RkN-RoZ7txREk,Optimus prime is awesome,https://play-lh.googleusercontent.com/-Uy1oEPc6QMA/AAAAAAAAAAI/AAAAAAAAAAA/AMZuucmk1tgTnmvAqCqY8N-hnvGt6TLgJg/photo.jpg,Loved it,5,7,1.0.1,2018-08-06 11:03:49,,
gp:AOqpTOGlmS3dtviWxbItQD9XsmnTzHrkGc4WGw6ounvX0rnDlzmFScXfzPAwSFYLJlbcfXrMgJwwCNHgJofdKtA,JoJo Paluzi,https://play-lh.googleusercontent.com/a-/AOh14Gix1OOQfMOrcx9DsUHL0CU7Kzw3-GJU3cgm_BFPxw,Tacos plus game awesomeness,5,1,1.0.0,2018-06-27 17:12:31,,
gp:AOqpTOFELoNRsVV02gAtVif3DJ1i8-bCW9oOsat2f-Vt6lrAhtQ6VJEZCJ6c-nEIpGpl3liKxFSw-0Bgh2dfQRA,CobaltiumTanker2000,https://play-lh.googleusercontent.com/a-/AOh14Gg63mSkR-etFinzpALAZj086WXMgZeqwDNWA9j1SA,"There's only one way to say this, but, I LOVE THIS GAME!!! Everything about 
it, cooking, making customers happy, it's just so fun! Only one thing that 
can improve this game further is different foods in one restaurant. For 
this one, add enchiladas, tamales, taquitos, and quesadillas. That would 
make this game so much more interesting, and fun, and the customers could 
order different foods from one place. That would be awesome!!!!!!!!!!!",5,2,1.0.0,2018-06-21 18:22:30,,
gp:AOqpTOG6VDek6V_QRbwY6zwk8ccSHubQ36CcaprInAvr_ADOBKd_pat4etaH4bNax02OdO_ikHQ7Zd45otTajwA,Sasha Minor,https://play-lh.googleusercontent.com/a-/AOh14Gg7g0hiu7GH_ILQxveFRYCZtW0X3nfoODrPO_TfzOg,"I love all of their games. I wish there were more things to buy. This one 
is my favorite of the games. I like the variety with the special orders.",4,2,1.0.0,2018-06-17 18:37:34,,
gp:AOqpTOHPCH0aoVd_cLQQxpdimUwxXDXMuy2LttTsnlaqVZyghX_vjhyCxEhzMzGhq-VvbKbrPgUyrAswbJlttX0,Juliana Diaz,https://play-lh.googleusercontent.com/a-/AOh14GjXo5u5HxgG0-_JnoHV35LYpgz1C3eBfTjQZCIbzw,Flipline Studios is the greatest game brand EVER!!!!!!,5,1,1.0.0,2018-06-15 18:09:04,,
gp:AOqpTOFEJZDon3WSFILQ1g5dd9aGUxV03MlqupT6cCwKCJedUrQqqLgs1-JL6bAM983CqALn9WCw-F2YTEe6bAk,Samantha Random,https://play-lh.googleusercontent.com/a-/AOh14Giz369xG_AEiRXRojXFAXIoyUXrX0XdpQ1EiCNoXQ,"Amazing game! Has awesome graphics, easy to use, and a great time-passer",5,1,1.0.0,2018-06-02 15:55:55,,
gp:AOqpTOHjs4kz8iU9sxp9XDrvY5fCWFUULj6xQXHKDG9sy0edXYn80QnwflY68z3Yal8amtxTagDL7X8b_znw1mk,Leanliz Ignacio,https://play-lh.googleusercontent.com/a-/AOh14Gh3ffurdcsLDsJBOE1ojrTdIe3AwLh6qLqGUS4aqA,"Love the game, but have to agree with some users. Customers arrive very 
fast, make it like in the computer. But anyway, thanks for an amazing game 
at an amazing price. 😊",5,2,1.0.0,2018-05-13 20:38:41,,
gp:AOqpTOFYHEGMQge--r419MiGDZbCUhSz-khfTdtTVc9f9-DPjojmfFD9N6qq8EC196X2xaKNnfG1iYnP69CaVfQ,A Google user,https://play-lh.googleusercontent.com/EGemoI2NTXmTsBVtJqk8jxF9rh8ApRWfsIMQSt2uE4OcpQqbFu7f7NbTK05lx80nuSijCz7sc3a277R67g,"AWESOME GAMEPLAY Love this game but…if you don't mind I would lime a refund 
I kinda want another game and don't have the money so refund please and 
I'll love your games forever",5,1,,2018-04-30 20:55:11,,
gp:AOqpTOGSoyzNW-2ll-mZGbB1x00TM47h4JiacLlsuQkunBSP9UOueJKlJ3DH46D7KpC6sSY_NX3VlgRaRNoBYMc,Heather Ramsay,https://play-lh.googleusercontent.com/a-/AOh14GjyTumL1euFAV-EWNOgg-rqWyzVtNZtTyCjst662EY,Love it,5,1,1.0.0,2018-04-30 17:52:18,,
gp:AOqpTOEouA5_o1U9wWmYlM1n7jNLxM3jwfMU4hVOlDJS7EgGpudALpOjtEWi6RGi-WocO5CCVc45bFgGFwaAgUg,Andrea Pereira,https://play-lh.googleusercontent.com/-lMfJprltzk8/AAAAAAAAAAI/AAAAAAAAAAA/AMZuucnY1amCYKVwWoWXoLL6qD8KzAF79g/photo.jpg,"LOVE LOVE LOVE IT. I just wish all the papa's game were on android. Please 
give us all the different variety, give us more papa",5,1,1.0.0,2018-04-26 06:15:49,,
gp:AOqpTOFAoaXm5B-WZvU9ge5C_pB6FhtiPbK3r3FOWh8P603cWa-MpIWNpgq-HpYOb2sVQmDRU-5mj6X8Mrzn2mc,Caleb Hooker,https://play-lh.googleusercontent.com/-30PTH3TtMi4/AAAAAAAAAAI/AAAAAAAAAAA/AMZuucn6V_vGD3BT0k0bINPbbpg0i7bchw/photo.jpg,"Can you add a prestige it will allow you to go back to day 1 but keep all 
your upgrades and tips",5,1,1.0.0,2018-04-24 12:41:42,,
gp:AOqpTOFNOBPndBVyHm-9Ekmlx41s2W1fCjxzLpEP3M-UK_wOOn2HxSTGKnABiIqXSQW8c7eCn7nf9MBdWj7pCwg,Tajanee Boyett,https://play-lh.googleusercontent.com/a-/AOh14GjF2eohdlXhZfgRuPZVQGgSDj0Zf36SpWXUBy0LjA,I love it😂 keep up the good work,5,1,,2018-04-17 16:16:54,,
gp:AOqpTOEm9JC7ENWh6otzmU3jPH1_y6-ijdSKJK7S20MAS38eYeEeKfxqasfAsRCRYi5FvukmVHLEYLrKgmhH760,Joshua S. Villaruel,https://play-lh.googleusercontent.com/a-/AOh14GgE68HXJRUlj4sqJSy_vIgHow3ID56_Br6emr6dag,"Can i refund the payment i accidently purchased this app now i cant refund 
it can u pls refund this",1,3,1.0.0,2018-04-15 02:12:08,,
gp:AOqpTOFQLTJCiTAVdr_zKLg58k_oCnDdGIwE15KxYaXzPZ2xeXs6yj6dYSmL9PhkMoFzWUsUqHLcHqlhBiFyb3A,HHH sucks the rock is the best,https://play-lh.googleusercontent.com/a-/AOh14Gj-qCi-6hJH0U6LOK2Jn_B71NcbMPYlJsZ-qR9p-w,"Tony and Matt should release a new app called, Papa's Souperia To Go, make 
new customers like Derek, Mark, Belle and Chris. Plz?!?!?",5,2,1.0.0,2018-04-13 14:39:46,,
gp:AOqpTOEAPnvWT0QW_Uaai62Udl-DauNaWksOqX4AHM-JGwsp7VG_xRYnuI6Jl9D-XMMhnDhyz3qqOySUbjgGgtg,Laney Peters,https://play-lh.googleusercontent.com/a-/AOh14GhEeVzVJvsGxxaAtkK5gbQOx1rWpVS7Bpx_PdM5Yw,Great time killer but it just takes too long to cook,5,1,1.0.0,2018-03-28 22:29:02,,
gp:AOqpTOGwllPRNHVhb4j5RmygXXIbQLn_b5TqWtpq-QhCFLiRnyjpoYl4A3Tg2tj14LrfZazQEWDHr14DLWxZ9f0,Karlee Butcher,https://play-lh.googleusercontent.com/-S6XjFmFlcMU/AAAAAAAAAAI/AAAAAAAAAAA/AMZuucm6Gv8fxS2L3ruALYD2ic1zrh9eAA/photo.jpg,I love this game I have almost all of these kinds of games,5,1,1.0.0,2018-03-25 10:23:35,,
gp:AOqpTOFg5cUpdPliGwjoL_J-zy8dK3FyNbKR4hyXf8GzYgizHvuwvW7w42pK7R_cKupL8avsg19dn90nzaHM0FQ,James O'Neal,https://play-lh.googleusercontent.com/-IbEf2H3e_gs/AAAAAAAAAAI/AAAAAAAAAAA/AMZuuclr9HUWERrTYpwXGXly4PWGEGgQqA/photo.jpg,I like this app but I do not like that it gives you a 68 if you get a 100!😕very intresting app though 🤔😮,3,1,1.0.0,2018-02-11 11:05:12,,
gp:AOqpTOGm7Spck8QVZh0-LBolTGlLwnZTAvBBt5e4ucACf8ZpTWclL2gjnCdENdspMVO-PreuESQBPOY9qmyEaM0,Zora,https://play-lh.googleusercontent.com/a-/AOh14GjMTuSCMEtcJjbejh6_QbK0A7iutEamePdsfIhNuQ,"Addictive game, Great time killer.",5,2,1.0.0,2018-02-08 18:47:31,,
gp:AOqpTOGvVWMnHeEMDTCW2jtUk74sgzZj0NVfaMsafE9iNEwf8g_24bG8jXLulo4dS9ukfrv05byquPN8hlvIQII,A Google user,https://play-lh.googleusercontent.com/EGemoI2NTXmTsBVtJqk8jxF9rh8ApRWfsIMQSt2uE4OcpQqbFu7f7NbTK05lx80nuSijCz7sc3a277R67g,I love everything about it,5,1,1.0.0,2018-01-30 18:38:53,,
gp:AOqpTOEzEVsU1bSANiV1RXI0pnyqU7eiMJIWAvzEM1zzZ6hmM43BvzN4LET6l8odu0FblMZIggZuJ64s-3aPbC0,Trent Neff,https://play-lh.googleusercontent.com/a-/AOh14GiAjKwm5NEULfWtjjGqFjV7MNhDJE-45LiBgiWbwA,Cool!,5,1,1.0.0,2018-01-26 07:20:20,,
gp:AOqpTOFr4htPvVyCMHf1B04UPodLyEiRL4VXJGVAnC1pfvubgcMpehQrgZhL6ZJueZ6QMS1hPyH4aJ8UFwSnETk,Mrs. Hill,https://play-lh.googleusercontent.com/a-/AOh14Gj-j9bi1pwE3SL5gOHiDPLzr2lRSFu5dJTaBpiKHA,Love it,4,1,1.0.0,2018-01-17 19:05:48,,
gp:AOqpTOH56bQYxnQnN4r1GHA25yLAKrmD_lEHWlZdztvZn28XY_N2NJhlVQpxP2dKPygwyzlmJDYgsN3vS-IK8dE,destiny,https://play-lh.googleusercontent.com/a-/AOh14Gj2WFcqyWleRZ9l4MbFjyffayAXAZE6HbbttQtmig,Good app,2,0,1.0.0,2018-01-03 17:35:04,,
gp:AOqpTOHTfBRs2MHYnrTyYDEysv8P-aB18laU7DEukFwXZkQeacEFrtUYr-dsXUIdZxpfdNuVflLrZVEUaJPzAf8,Trentaco,https://play-lh.googleusercontent.com/a-/AOh14Gh-0ocEpXHIyJ5LOOoxLhzOuJGA9EQTO4TAp5xF,Awesome game! Buy it!!!!,5,1,1.0.0,2017-12-27 11:13:57,,
gp:AOqpTOGL8YqdEKbDXHXhtXuvBzmGYZYo-ZFzcvkkriQcD4m2nIg8K58hQfIU7QNIGUs-UDjrQGRfyJbF6a8u-aY,Carolynn and Ashley Thomas,https://play-lh.googleusercontent.com/a-/AOh14GjCfCTiCBVaOExLGorBccP-2mCMnSnj8yZ_PGNVHQ,It's just like going online and it's not glichy,5,1,1.0.0,2017-12-26 09:01:01,,
gp:AOqpTOHBijdCCQlzuxoX_dtxWNHsCF1QRGFB09E0AQHCNqFst0kMohj_H3k4Qfg_3ra8EVyCdhJqT1H8IadAixw,Tashina Davis,https://play-lh.googleusercontent.com/a-/AOh14GgFwfIp0dVImlQ5wJ3x8nO2CIRGYSt38KCRzrrTRQ,I think Flipline Studios games is really cool I play these games on Cool Math games but now I can take the mobily on my phone I don't have to use anything online it's weird that you have to pay money for it but it's okay 99 Cents won't hurt U I love all of these games it started when I started to cook sometimes and then I saw these games on Cool Math Games and I freaked out I almost wet my pants any way to conclude this I really love all of Flipline Studios games hey by chance maybe could you put Pancakery on App Stores that would be sweet okay sorry this is very long but you get the idea to actually could include really love the games bye!!!!!!!,5,2,1.0.0,2017-12-22 23:22:24,,
gp:AOqpTOHj5Vq2OC56MGiCtfmWHaWKOwkjuKtvGTUClhvAcS8o978dPWMY9G4dl6P8NO3Ju53Y3yQLmXkLyhRuz6s,Lanaille Bell,https://play-lh.googleusercontent.com/a-/AOh14Gg4Ye7ELqcpTo2b0MfYoY6SFNfR4MEsBV0Jaxms,I love all the papa Louie games I just wish they had cheeseria on the go,4,1,1.0.0,2017-12-02 17:29:13,,
gp:AOqpTOENkbpBRbpgnJJpGk4agTH0A6XBcxwbQKBl3g0UdnFvGdFP6oZfrj1Td61JaC9LcKJq3CR-uGzLNjoUUJ8,Awesome Roll,https://play-lh.googleusercontent.com/-FikPxkFJcfQ/AAAAAAAAAAI/AAAAAAAAAAA/AMZuucnM198O4-CXAPPP3Dl_8rPMdIJT5w/photo.jpg,You guys should do papa's wingara,5,2,1.0.0,2017-11-17 16:28:34,,
gp:AOqpTOHB0I6rwcHMS2y2p9qb4anYbU-5qftrXGdtONI50tJTRjbIK6p8UQ7wLoucV1Dcntipy1MemkytReIxPbA,Samantha Gibson,https://play-lh.googleusercontent.com/a-/AOh14GgUyubHbib_sjaBfWLyGizilRucpQve2Zja9QMgfQ,This is awesome. On PC it lags but on phone no lag at all and it's really great and no internet connection needed which is awesome I love it you should buy this.I used Google play free 1 dollar code in my Gmail and got a another one so I got this game  EDIT: Can you please add the sushi game to the mobile so I can play it because it's the best cooking game I like,4,4,1.0.0,2017-11-15 15:55:50,,
gp:AOqpTOFh_lf2tA1ceMp8l45hQ8WrzKfo9S_OBboida4nS4sQbUrxysF4FTa3cp5xfzHDRsihm7UsS-JTmdcfzuM,Angel Rivera,https://play-lh.googleusercontent.com/a-/AOh14Ggs_gLFsVac4sLuAQopdZ_LZZWp33l79e0V5Ai8ag,It's awesome!!!,5,1,1.0.0,2017-11-11 09:52:11,,
gp:AOqpTOG8bbU-ZfIKhLAaYw64UnfoXMktw1wAbbFHK2Wm7q_6i4gdyP3PkWjX-B8VqhNHOCW3pqsdy9POxV5r8HM,Hannah M,https://play-lh.googleusercontent.com/-mHUPLSxUEm4/AAAAAAAAAAI/AAAAAAAAAAA/AMZuucnvuagfq8VOLlpTwURUxefcIqqDdQ/photo.jpg,Best cooking game out on the play store,5,1,,2017-11-05 04:31:18,,
gp:AOqpTOHtODiKF6qu1z28ErD9jcPjDDGsn_zhmtUVFkF8Sa645Foe8MSzinuXjAhqwytIRA5b2pkiXdM8uXVW_kc,A Google user,https://play-lh.googleusercontent.com/EGemoI2NTXmTsBVtJqk8jxF9rh8ApRWfsIMQSt2uE4OcpQqbFu7f7NbTK05lx80nuSijCz7sc3a277R67g,Fun game,5,1,1.0.0,2017-10-27 12:40:25,,
gp:AOqpTOH5RfWX75Lae5cPhOYzpeLdDRv2GCXxnhxsHOZkXIGfislBF50QgbI3BuTTwHtkALMGwOC6ZUjm-7ALses,pizza lads collabs,https://play-lh.googleusercontent.com/a-/AOh14Gi0Oe8N5oPFONpGXnmt8WHRipUdYGGDEucZYFKd,This game is amazing nothing else to say,5,1,1.0.0,2017-10-22 10:23:52,,
gp:AOqpTOGZDfE_f6VaeSCCwZbiXxR9Q03otslZq3Nt-NLWDAGJa9FUIA51Dl6L2mUPJMqAtIriXfZB_a_DcAkb1ZU,Meow :3,https://play-lh.googleusercontent.com/a-/AOh14Gh1ShNUJxt5HBLMP9TbABaEZR9Kia2l_JUz_tDdbw,"All The Food Looks Yummy!! It Is Very Fun And Addictive, But Please Add More Characters!! 😃",5,2,1.0.0,2017-10-19 11:17:29,,
gp:AOqpTOFRQHKAwzNHWy1GwAyT51TK02bSrzJshMzgwBM3Fb6QLH-J0Ux-o22_1wtDhtlvBWFvppCWGICstOcspvA,Nathan Animations,https://play-lh.googleusercontent.com/a-/AOh14GjJ3b7t5OOvBobSa4Z8uas1A-2vgDN6_rPHUyAynw,"Love it. I am already good at multitasking as it is, but this game helps me get better at it. Good way to practice working like crazy, cuz the skill could save your job one day, if it's at stake. Only issue though sometimes the chicken in the pan disappears after I cut it. Though I'm sure it's just an issue with my phone. If it's not just my phone, it's an awesome game other than that.",5,70,1.0.0,2017-10-17 19:39:39,,
gp:AOqpTOGVr45CuQhzNk7Kz-0Gxjp1S69rzCzFQonJwwL1aebftYpvE_3DbGYwhLIaZefULBOeTRuIvnTwkEiaLnY,Adil Bakir,https://play-lh.googleusercontent.com/a-/AOh14GiYC1-u-6mwaSbD6IVi6IOH4o4Xft0yVDuQ0Rbxpg,"No updates since launch, resolution is weird with large buttons on the edges but low quality characters and food. Awkward to apply toppings.",1,5,1.0.0,2017-10-17 13:10:58,,
gp:AOqpTOHEBj91yNSTAl0oQymKeFRJqgmvLy46gF-KG9SKyQBnazdCt6zL2Yr68wdRWv85OFd3W0yjv7AymT3hFGw,HK K,https://play-lh.googleusercontent.com/a-/AOh14GitObXAG8BmhMvcywExQ5Eq31uc8INEbK1f2Hhb3w,"I really love Papa's series!! I want I can play another game series(dounereria,  pastaria..) at my phone",5,1,1.0.0,2017-10-14 12:24:54,,
gp:AOqpTOFPdft2cBxgXRTE3IBW31CozWSqEvdG9ZF8fHOSQczEGfb8TtqPmmbTrjgv8Gd5yYVr62uEuznrSHrl70k,Ver Kinkson,https://play-lh.googleusercontent.com/a-/AOh14GhiBZoAXpYiwaBhCmnGcTXxXbjIvo67n5hvvtFBKw,I'm stupid,5,2,1.0.0,2017-09-20 05:53:02,,
gp:AOqpTOEv81V_PzE6FoEIcRTGWq1ciX5gIg6OxEjM40z91pK3jccqRywVEYk0MR-eBt15cM1IhpIlc44oLKCXCqo,Brennon Keith,https://play-lh.googleusercontent.com/a-/AOh14Gj1zIU3ZxGRSAums93Di-Vwap8P3U3lDgqwAv5c,Loved it,5,1,1.0.0,2017-07-30 06:09:03,,
gp:AOqpTOHXecZY9j-AR4mzULiAcjRo-zM6DW8zMlkWHGK_V3I5VC-fKKZuglmBy9z9sLolLjHeT6SKI-1hqj15Y0E,Taylor Angel,https://play-lh.googleusercontent.com/a-/AOh14Gj2jXUv8yb0W8pfXd8qpVBPLqCoyB2lO3Kw2ZyWkw,Just like playing on the website on a computer,4,1,1.0.0,2017-07-29 19:16:20,,
gp:AOqpTOGeIZ8oXBWGPY43NhEoPaUt-bPz6fyfnpRWAIrnf_B4qV6nkkc9hlbWMhFcSW7scxa2OTpmjPJaDlsnwMM,William Yin,https://play-lh.googleusercontent.com/a-/AOh14Giat6A5dvksc7TA8JWPNCszDCaiRbWro96Jq45Pwg,"I think that the game's overall quality could be improved, but this may be because it is mobile game. The UI on the toppings counter could really be improved as currently it is a mess. We were both young when I first saw you I close my eyes and the flashback starts Im standing there on the balcony in summer air See the lights, see the parties the ball gowns See you make your way through the crowd And say hello Little did I know That you were Romeo, you were throwing pebbles And my daddy said said stay away from Juliet",4,6,1.0.0,2017-07-25 12:47:18,,
gp:AOqpTOGw2UuNKP1gIap8nld4q21FdFRqLpY6UiEMY7YqC4zH9lX6e_r9RgyY6ROPbQx1JcJDFB_GLCy3lfQn0Tg,ツWavyMaddy,https://play-lh.googleusercontent.com/a-/AOh14GjeB8Q9daUYk0nocfKqt4EHvQbD0PpDNP434nnD7g,Love this game and all the papa louie games,5,2,1.0.0,2017-07-22 08:52:39,,
gp:AOqpTOF784KwPKp8JrS0xHKZtu6qbQmnnp6dHVxSDdp35uUXQTyxXfn_DHa4jCui2ZV4SiEhyNB37sbhYFJW2_E,sophia d,https://play-lh.googleusercontent.com/a-/AOh14GiKaBey0mD6H5kMn5M02LwPcn3LDa1KKQXfhaZlCg,I love this game,5,1,1.0.0,2017-07-20 09:31:32,,
gp:AOqpTOHsziETJU85luBRHROWD29VMP7uRbj_iBCJmN6yND00oi4FXWLB0aZn4TibgRXXfflw5lZfUww1uRvTbX8,Jonathan Ng,https://play-lh.googleusercontent.com/a-/AOh14GgtD9LMbY0JyFr3RhBmk_tkln32NTHn_Bui7fK5,"The game itself is very good, but it would be better if the progress can be transferred from one phone to another. So if possible, please add that feature to all of the mobile games.",4,4,1.0.0,2017-07-09 01:25:49,,
gp:AOqpTOEJerqV-_CB0Sh4lC6PSYfBePQJn237dcOvrYFpS8uXiJ8oaGH0UFKGj3CptFemEkOk3bu9XQZo3Y35Qgs,khairul nizam,https://play-lh.googleusercontent.com/a-/AOh14GjmilFoZWIl-K4zhq4_XLN7QmZX5qPmNXq5mx_s,"I very very very very very love papa games!!!but papa' taco mia i not sure because i cook the chicken then, the chicken GONE!!!...",4,1,1.0.0,2017-07-08 02:34:20,,
gp:AOqpTOH91PBFBV6N-cCDfb7QBo0R7k_E8yhMuP5dMz1g4qqv-VQJPl_so9nAAEBKyzwYrAHpUyiBksGJvPz3BkY,Alexandra Mejia,https://play-lh.googleusercontent.com/a-/AOh14GiQlZxkpDGyCE_QCDuxCLIo5sdf7CpnSfnumxCpMA,Love all the papa's game! please make the cheese sandwich one it my fav 😁👍,5,1,,2017-07-01 02:30:55,,
gp:AOqpTOGV4LI0IxhE0b4ohMTM86oqk5YKhYTp3SFj5_wYrBuD5SKJ2waYtlzjhuE9cn3J-9KFKxUH59z4FtUc_0g,advaith sai,https://play-lh.googleusercontent.com/-2gQLx3pEi_I/AAAAAAAAAAI/AAAAAAAAAAA/AMZuuclisNQYpKV0w71IvILdNV6Gv3VSoQ/photo.jpg,Gud  Topping station needed to be improved,4,1,1.0.0,2017-06-26 05:40:08,,
gp:AOqpTOFQBp_5CE1yOsSNDrnpCs7Bk7Hqy3wMQFBK616nWlyFi_jRZzo4qhZ7jgwjTC3G2uINprSF_3KskmWKCAs,Emily c,https://play-lh.googleusercontent.com/-j_ECVp8Rw2E/AAAAAAAAAAI/AAAAAAAAAAA/AMZuucn6ENkI8asjcXHhsp4FGCpAuRH6Ew/photo.jpg,I absolutely love all of the papa's games. I have bought all of them so far. I would really love if you add more papa's to Google play. Would definitely buy all of them.,5,2,1.0.0,2017-06-15 19:14:03,,
gp:AOqpTOG30UoV61jlnQuJKmxtVg6ke_4FOq47Prrc-h1n33zDIFUJ9N7CR1iWgden3sl1VMZJ3w2a-yFxlEV_nzY,Kingtut 101,https://play-lh.googleusercontent.com/a-/AOh14GjmWWMP3bAuqb0roYnCy7RCaGmRDojLEEsXYL1UGw,"Almost as good as the one on PC, but I HATE the building station's controls.  It is slow and it has caused me to mess up tons of orders!  Please change this!  Other than that the game is as good as I remember.",5,6,1.0.0,2017-06-04 12:41:22,,
gp:AOqpTOEGTF5mXWSofY_O0rlfdXaijVVxpOScL4466zSz3YLrMqA0fNoxNRYbXton1h31T4Ene7uawU3s31Xzn00,Ben,https://play-lh.googleusercontent.com/a-/AOh14Gj1au6l1m4j7IRedyLgDafpKzo91r1U_VIbHLuQIw,"Great game, Flipline always do a good job",5,1,1.0.0,2017-06-02 08:09:54,,
gp:AOqpTOFRNiNLt0Y2kVXHqgdbzBa515zIIkXuBSM2xjmSfBejldF_9Eo069jyTlYWR8BPEjmOCEDuUXjkEJNw-B0,A Google user,https://play-lh.googleusercontent.com/EGemoI2NTXmTsBVtJqk8jxF9rh8ApRWfsIMQSt2uE4OcpQqbFu7f7NbTK05lx80nuSijCz7sc3a277R67g,This is epic especially because there's other games😁😁😁😁😁😁😁😍😍😍😘😘😘😘😘,5,2,1.0.0,2017-06-01 11:23:56,,
gp:AOqpTOGzRxTBf9Z_W7tO_dlN4VpDsDSE1ya7g9G4o6RTMTWiUeDFoLASWxkPjq98DvomcgN4wFnTOM7zm5rX3bQ,Kitten Smith,https://play-lh.googleusercontent.com/a-/AOh14Gh-6RhKJN3_ZFnVgh8z_WlxyLvnXjvKrRj-vsmZLQ,It's pretty fun. Wish there were more holidays.,4,1,1.0.0,2017-05-25 19:04:52,,
gp:AOqpTOGUeprmkRARSo8yO5m3bVYC_sW0GGQxf42pDUaJjEbRybMG_82YvBjOnLF5lafNHsB7N0U5HQMJQs1gw4A,Monse Acoltzi,https://play-lh.googleusercontent.com/-UQycHRxl4S8/AAAAAAAAAAI/AAAAAAAAAAA/AMZuucl64zSTE5vwx50sHjFRuqzlnl2CwQ/photo.jpg,Omg I love these games!  There so fun to play.i have the pizza one and the burger and the sundie one. I hope u make more of these games. I give 5 stars,5,8,1.0.0,2017-05-14 17:33:48,,
gp:AOqpTOEdTmUfZYX5AJ_56RAgpahF0xWDmRxW4F2T-qxJ9AQo1iUI7WVBYKGEp-bCgvvu_miRudKA9hnK-lGorOc,AstroSmokey,https://play-lh.googleusercontent.com/a-/AOh14GhUDYzCE9dsOINkqvY40-N7THZncJkf_Rol0z9eLCg,Another great Flipline Studios game!,5,1,1.0.0,2017-05-13 04:28:06,,
gp:AOqpTOFg5iGWA5ecSOyxAa-aOu3DVHdrX0OZG0LQmebH8q4upm7f-n3-vgf8VHsx6P-6aTJz4_4VBhbcnhOkVUI,Nick Arnone,https://play-lh.googleusercontent.com/-8rR0AVky0ZM/AAAAAAAAAAI/AAAAAAAAAAA/AMZuucm6oxCDX1YTBj2ER-ihUEVx8IIEGA/photo.jpg,Gucci mane,5,1,,2017-05-11 13:55:30,,
gp:AOqpTOHHzaQK7SbQkQEQQlMiyakm1PJjFj4G9jLdDSov6PG11gUBRzjpGoypMGOc4qE5eD5Zlw7PPSX2nJOcO9U,Beej,https://play-lh.googleusercontent.com/a-/AOh14GhDb4ah6WvjfXCwLtGAPyv9HCTnznm0YftXLC5wtEA,There are glitches once you reach valentine's day... The bottom of the  red softshell doesn't show which doesn't effect much. But I started to play Rico's Chili works and there are whole sections of pipe missing...... A bit disappointing.... I still love the game!,4,59,1.0.0,2017-05-08 19:13:12,,
gp:AOqpTOGdWuINU0lmGwur6kIDw2k5onUdghm52EywRL2Nuf7lLThWmVTMVHNrPl_8uQIg5U8MHXFjKCaOMrRBd6E,Yazmin Lucero,https://play-lh.googleusercontent.com/-v-O7pMDHI-k/AAAAAAAAAAI/AAAAAAAAAAA/AMZuuclcIHwbIgs7-zs4D8zcnRH_fX6WWg/photo.jpg,Nice,4,1,,2017-05-06 11:47:49,,
gp:AOqpTOFUp964ZBDKCfiO1CmmQmYsgvr64RyNVOi9jzE_Zj2pM4kxIMsI4NJW0xYP_CqpVSgEcjXilKiMhcNZTx8,Rabbani Ibra Alghazali,https://play-lh.googleusercontent.com/a-/AOh14Ggm0gk6A7Wj438KLJikziDQKvHVOLXVEJ5BfrDv,Good game....👍,5,1,1.0.0,2017-04-30 06:30:23,,
gp:AOqpTOGRAzFgVzoHbO0Ai9S6aesOgXJKdWOMoA67SIvPxoGe2Ydelv0q-Aoor_D-7zmF6uVh17iM38tZA5Y9uWo,Maira martinez,https://play-lh.googleusercontent.com/-g4N9Lyevqak/AAAAAAAAAAI/AAAAAAAAAV0/AMZuucnOH4qfQM7I6XeY4kOZDBFGr8uqhA/photo.jpg,I think it's the best game I ever played but please do papas cheeseria,5,3,1.0.0,2017-04-27 18:38:07,,
gp:AOqpTOFqNSHaGDPujCFStS4vIfwlQ3lVOCBc1xKBF4Gngba4CJBU-mtwHBzMNfchk1UrHYfAMzKIGDhDH5QobfU,Chuy Fernandez,https://play-lh.googleusercontent.com/a-/AOh14GhkGenUzrEXBQMNiJPJA6JoWZwyVZ_bG-q4w4m_Lw,:),5,1,1.0.0,2017-04-26 20:33:43,,
gp:AOqpTOEG7MuOuVZpeqnyK4lH-eEyy0UXtIlrvpRdnVCXCyou-sTR364wzKGdo-T4WzMUliEN2in5HD_9hkoIpK8,doug erby,https://play-lh.googleusercontent.com/a-/AOh14GiNvyu9ScZtLQ3on3GIBW65xcRF01S-a_IsuEoGEA,I love papas games I love it baby,5,2,1.0.0,2017-04-24 18:18:00,,
gp:AOqpTOEYqOart0QeLv-yqrNGGqBFGf0vwYSiok-sf8q93lKCBXSBdtBAD0phLThUfBZCHxCefEAvWgJ5fUISEYk,Alyssa Esterline,https://play-lh.googleusercontent.com/a-/AOh14Gg3biU9-3WZqqvmayaDTikiAuRmSxUJijFkiAyp,Same game I was addicted to years ago...still challenging! Love it,5,2,1.0.0,2017-04-24 11:34:58,,
gp:AOqpTOFGIkhklo0fy9VeyKzBJwqSZfXLVTtI6tEKzvNPu8ndegsJlieh0_SuQD3UyEPO-PiPk_lkxk1EAg4y4VM,Cindy Yanci,https://play-lh.googleusercontent.com/a-/AOh14Gj-6L7oPHGET29AIkaeqv7CHf6oYScJnHH44P3XPw,"Have always been a fan of this game since computer version, so happy when they finally released papa's games series on Android. But where is Papa's Wingeria?? I'll definitely buy it when it comes out",5,4,1.0.0,2017-04-22 03:41:07,,
gp:AOqpTOHO4GmK1DjV3jKpRGgQXKykm4R_gmg1ikpjA2yJIsc5CdHS74rA7ERfTyeFiHLsSdzvwoScdbggao2XYsY,Simly Gal,https://play-lh.googleusercontent.com/a-/AOh14Gi34F9fTupVv-eKWTiUT4CFyjJvVsUaqOaCGqoqrQ,I love these games and would play them on the computer all the time. The only thing I'm looking for to make it 5 starts is that you add in the employee creation to the mobile one since we can actually save now.,3,38,1.0.0,2017-04-11 20:55:19,,
gp:AOqpTOHR8ZTHBoE4GLJUgmQ1wgZ--nLMR9Yz0oKCi0xiPTWO0Ayo67GkwL-NGyv4nQvEU8J6xy2PT8XeS3pAfJk,Amber Leigh,https://play-lh.googleusercontent.com/a-/AOh14GgmK7vx5V2ylkyc0Ma7kSjQlAm0Cbmrn_Ot6N3HSA,Big fan of the original tablet game. Just as big a fan of the To Go version. Slight learning curve on the topping controls but you get use to it. Addictive!,5,4,1.0.0,2017-04-08 04:07:23,,
gp:AOqpTOFiA_zHvCIbODR885fgJjVoA42BFX1OFhDsMZXQqcTARO8hlCb8txxoxY7q-WlO6yUY4DXOaLXddNqJ9Go,Kim Rotondi,https://play-lh.googleusercontent.com/a-/AOh14Gi3_EUKuDcW-4qWZwG6JGYSXinp0xkAc9Z3MW22MQ,"Bluhhh I hate the topping station. Specifically I hate that I can't see all the toppings at the same time, I have to go searching for the one I want and it is klunky and obnoxious. I also own cupcakeria for mobile, and the topping station is the same there.",4,56,1.0.0,2017-04-07 23:34:10,,
gp:AOqpTOH5IwPLqDdZiykkY3XKISspaIBaoSy3R2bW98sfqSQAR8UDXj8Ac5ki-ywg1ASMrj3Hx02tlWvGoJMp4ZI,Ryan Brents,https://play-lh.googleusercontent.com/a-/AOh14Gj1FauvjJe_0xekaG4Dxt0yt4XSdBGBtN8H4Vk3de4,Tough to keep up with multiple customers. I know that's kind of the point of the game but multi tasking is nearly impossible when one customer's ranking is taking over the screen while meat burns and customers wait. This game is not for me and I wouldn't say it's worth $5 while there are plenty of much better and practical free / freemium games out there. Reading the content of other reviews makes me think there's a good chance they were incentivized... People complaining yet still giving 5 stars. I feel duped.,1,2,,2017-04-07 22:25:46,,
gp:AOqpTOGSeZ5xrFVP6eSB3nPpXSyDCiXycHy1blVVEeMpl5BsuOZrafAtoBWpEQQuGTHVJ3z99VrGV681CLI5-UY,Rhea Hudson,https://play-lh.googleusercontent.com/-0iYaZoeYqXI/AAAAAAAAAAI/AAAAAAAAAAA/AMZuuckQSx4U3J3Gkd-rpTCx9j4FiB-2JA/photo.jpg,Love these games but hate that you can't transfer your levels over when you get a new phone or re download the app,3,6,1.0.0,2017-04-07 10:04:36,,
gp:AOqpTOHx4bUdHyoCDB2CWZ7LrZj2TqFlK8xBV_trmyxDD82ftfu2GMPxrcRn5tak_h1_EN8dZzuOyKdhlwiu2t0,ZANDRA RIVERA,https://play-lh.googleusercontent.com/a-/AOh14GjL3ONmbTgjoogw8gZlMmDRFdWwfgn97u8m9XLz,Hey I can't update my Papa's Freezeria. With your new Version. It's so sad,3,7,1.0.0,2017-04-06 23:51:51,,
gp:AOqpTOG5HtsxaO3CUrIHpMqjmT43nXcwmwr-AjAlUjgBvM_R18lAwX9GpUL6Y4LEX5WpExf7sOCoos7DE8WjciU,Arktria,https://play-lh.googleusercontent.com/a-/AOh14GgLWp0TCQ_TM5UJFyPgHBKPGDzx1gUkR7YVJNHQq7Y,Thank you!!!!! Tacomia was the first game i have played by you guys tysm!!,5,2,1.0.0,2017-04-06 13:06:33,,
gp:AOqpTOE7WW90yIbPKBSx8avQ5I3FvZ4eW-vwZLA6y9LgelLKrxUn4RwryhCFzx9-FDrdcP4mLy2bcYGxJ-pTiUA,Berat Memories,https://play-lh.googleusercontent.com/a-/AOh14GgVzTVt2Ff1RV0REJCjfcSS6nS_c4LTxpXJEdA4,I used to play this on Y8 .i really love it,5,1,1.0.0,2017-04-03 01:47:40,,
gp:AOqpTOEzVihYY52E2iZIRyrtNYxgVHYmuKCnF-AAb77toYVmNMEC6Aitf8pkmnsyXs2Los5OIRn-UUFEbuZL2nM,A Google user,https://play-lh.googleusercontent.com/EGemoI2NTXmTsBVtJqk8jxF9rh8ApRWfsIMQSt2uE4OcpQqbFu7f7NbTK05lx80nuSijCz7sc3a277R67g,Welcome To Jay Pee's Speedway  Bluetooth Dive Inn,5,1,1.0.0,2017-04-03 00:22:50,,
gp:AOqpTOF70V4lS7c6vRAmpH4krKTXga8xO0KhPesvhDcYX157_Vhi_8WetCW2MwbSWPZlo9_xxLNizbPFFwVSCp4,Ann Ritareigelsperger,https://play-lh.googleusercontent.com/-XwP5myLEQyE/AAAAAAAAAAI/AAAAAAAAAAA/AMZuucnCRGC4TkFrZ2U-Qd1pa2ek1pME1Q/photo.jpg,I love all pap games,5,3,1.0.0,2017-03-28 21:52:02,,
gp:AOqpTOFaDXujaofWTmImxn1-lFTuSOU9HrrOv_FzExIGvM9z_vSzHCr3B13SkNHlQlKSVn4j-Biiklxmc3ryjXU,Kimberly Crawford,https://play-lh.googleusercontent.com/-RaXkLU-sMS0/AAAAAAAAAAI/AAAAAAAAAAA/AMZuuclRLjw9SGq-Rzdko-6E7kg8x6CAIQ/photo.jpg,Love this game!!! Bring back hotdoggeria.. Also wingeria pancakeria...,5,8,1.0.0,2017-03-28 13:46:45,,
gp:AOqpTOH9594jCj1rg-64O6xn_OCtMhCHFeLe7F4y5Vj0SwsD6VjWGn8EFUGPnzQV4am4CbYpHiyjN3CoQM11aIc,A Google user,https://play-lh.googleusercontent.com/EGemoI2NTXmTsBVtJqk8jxF9rh8ApRWfsIMQSt2uE4OcpQqbFu7f7NbTK05lx80nuSijCz7sc3a277R67g,Haven't tried the game yet though,3,4,1.0.0,2017-03-27 14:57:18,,
gp:AOqpTOEJAemSl96HzX9wxQLVZgNTIgRuMPzL7Cy_6Fr8ymKFHNlB-B6YAGyDvR1FsuZ4nzq5ekU7s_corCYHQG4,dominique louise fonacier,https://play-lh.googleusercontent.com/-L8iIppjoG50/AAAAAAAAAAI/AAAAAAAAAAA/AMZuuckfh7m65xdn0YRwZQfZ1ZmwwDDk_g/photo.jpg,"It will need some bug fix specifically on the grill, build, and chip station. I will say its an another success of flipline.",5,3,1.0.0,2017-03-27 02:53:30,,
gp:AOqpTOFUKljmqslXkN7iVReLFLvkH_ily1gkcvpgs175I4NHQzJhGtHbqQhNT_yBBpOhCODxBzkOvtwIty4m0JI,Korey F,https://play-lh.googleusercontent.com/a-/AOh14GjRNU2ip5fJCUtD_vKfbHmP1K6PliEA_qlRZRRIkA,Hate the top down topping container system but it just takes getting used to and being careful. Another great game by flipline. Things are always changing and you earn new items.,5,27,1.0.0,2017-03-26 12:02:12,,
gp:AOqpTOE-q3-h5FWeeH0pWr9crc8lCjgUGZC6oz9WUCzafOug7sD0smNEkUQdVDLKXHMCcO0YkgADEb0HsbMNd7s,Camilla Holiday,https://play-lh.googleusercontent.com/-b_fmI7o5Fss/AAAAAAAAAAI/AAAAAAAAAAA/AMZuucmNsOluFQ3Egp2G4oa2dR0AG1YhNg/photo.jpg,It so great,5,2,,2017-03-24 15:47:21,,
gp:AOqpTOEpwrbHECk1XKMc_zTt7xt3FrSFu4vnRkXUYYiuDOmo6-Af-HL4fZcgsrFWL-4MB6IoWP7fmemDz_DDD2A,Destiny Blum,https://play-lh.googleusercontent.com/a-/AOh14Giky5uzYHKnPylUWB8y4B-d6u7EXDuY-RNjJUnv,"BEST GAME EVER!!! I really like the computer version, but this one is way more fun! At a cheap price as well!",5,3,1.0.0,2017-03-24 15:11:09,,
gp:AOqpTOHmaghwwl8Gbc3ErKJGp7_tJN5NzbgzCrdwVvojO2NVOA-okNllfEBe1p7I_21qKys7axGbLoVzavu-eyE,MikiCryD,https://play-lh.googleusercontent.com/a-/AOh14GjyfA2tqsj_dhmMHh3TKxdm88Wx2iemTphwF3nDAQ,"I love this Game, so cute, simple and awesome Hope u can make more game like these, i really want to play the Papa Cheeseria on Android. Hope u can make that for android too &lt;3",5,9,1.0.0,2017-03-21 20:30:04,,
gp:AOqpTOHqiydoOVopC1t1-W1oeIDE5v8iy4ZKCQClwVaWFCk0UG--FxnzhoM-JDruz8X94T8paE6WGjeshcCxVvI,Blake Regehr,https://play-lh.googleusercontent.com/a-/AOh14GgWMMwQJpKFDTL0nZ5Ud5PJcI6mXT-TVJPzkf8vlA,Why do people complain about the price? It's less than the price of a bag of M & M's! Plus the gameplay is in point. Awesome game. Please make more!,5,20,1.0.0,2017-03-21 19:48:21,,
gp:AOqpTOErLylLVgo6xHlOlfeQo3UvxdVKTVUu6B5HUCvdEbRnLg3kgj0UDq8rbLCHJ0LSmG5BRwM8Phy2-Vyimzg,A Google user,https://play-lh.googleusercontent.com/EGemoI2NTXmTsBVtJqk8jxF9rh8ApRWfsIMQSt2uE4OcpQqbFu7f7NbTK05lx80nuSijCz7sc3a277R67g,Glad i got it only 99 cents,5,4,1.0.0,2017-03-21 12:50:32,,
gp:AOqpTOGQ7OPX2f7BsvvUx9ejSlcInSiintaBd4vCYEu0lLxe3QHCMkcGYD5hFIjk12b4s_ej8dnGRBy6GunqvPY,A Google user,https://play-lh.googleusercontent.com/EGemoI2NTXmTsBVtJqk8jxF9rh8ApRWfsIMQSt2uE4OcpQqbFu7f7NbTK05lx80nuSijCz7sc3a277R67g,Nice.,5,3,1.0.0,2017-03-21 09:58:20,,
gp:AOqpTOGSPKBXLQ7e8iY9CcLsKV186CJPYogk9DlM8AxahN-WNv3R4xYWwza12T09Wn9WUTWN8pYitjKRTDqa8HY,Nicholas Kwiecien,https://play-lh.googleusercontent.com/-91cxWsDrQf4/AAAAAAAAAAI/AAAAAAAAAAA/AMZuuckknc1DvrGqu0OfdHlhM_Ap4uPoxw/photo.jpg,"Another great game by Flipline. I find the toppings a bit more tricky than in previous games, but it doesn't take away from the game very much.",5,18,1.0.0,2017-03-21 06:39:55,,
gp:AOqpTOEdSEzKBD7gzGMDkqjnoqfo5nbi4ksNPcKs_yEgKGpv5xq7_F9o9xkAUnxbGguDAhxNWJsvcrSNWzKLfH8,Ayden,https://play-lh.googleusercontent.com/a-/AOh14GjSRTKM3AbMszj8-Ljwd2Jnaf41tUJ_emhANt4q4Q,I love flipline thanks for the game,5,8,1.0.0,2017-03-20 18:28:18,,
