reviewId,userName,userImage,content,score,thumbsUpCount,reviewCreatedVersion,at,replyContent,repliedAt
gp:AOqpTOFltNki3hQZSIc9eeYiRVJd-CIJFNkfCGSlYlCt7QqVH4TChmRfTmy8ot4NHfg57mvivLIesGRbzif_jl4,A Google user,https://play-lh.googleusercontent.com/EGemoI2NTXmTsBVtJqk8jxF9rh8ApRWfsIMQSt2uE4OcpQqbFu7f7NbTK05lx80nuSijCz7sc3a277R67g,This game is amazing! I've always enjoyed all the Slaughter Me Street games and I feel like they all deserve more credit and recognition than they have,5,3,1.1.32,2021-02-04 09:54:03,,
gp:AOqpTOHFoMhQ6bn6fXzHcGPwGn6Pm27NPTDJLz5iMrw6du7pvaYGshFuNyZHaGlmV9V0JYjZk8q_UbQzXEM6ezk,AllozaBD,https://play-lh.googleusercontent.com/a-/AOh14Gg2Pppa0LoLKqKtcd6zDcoLtGKekqyDqn-aJodp2w,"Good game however it says it's for older versions, may need updated",4,0,,2020-12-18 07:32:15,,
gp:AOqpTOFm9cmalYEZ3jTfHJePJ8PCITMkXKbi8Gu52ezZ1hwPuzX9Uj7j_3CIeLtkKoxa5tvbVSFRj_T6bxaUvpY,horror 66,https://play-lh.googleusercontent.com/a-/AOh14GhV_pIxHDwGEsgmyflA68p1Nq8kK6f71lrucrHTLJs,Lit gameplay good good is there going to de a SMS 7,5,0,1.0.1,2020-11-17 14:09:36,,
gp:AOqpTOHyby9Bc6agar1I9FGFsaAqJ-_WK9gGQvja94IuvKMWdK-70MwYtF3SiBHnNtJEWH3A91ZgIsSNJjYFXYA,triggered funtime freddy,https://play-lh.googleusercontent.com/a-/AOh14Gi6HM3u1NOhnM0nLeYfisCY9DLV3r3Kk6_Dhsf_T4U,ok this game keeps crashing but i still have hope for this so when it is patched i can play it,5,2,1.0.1,2020-11-01 11:21:58,,
gp:AOqpTOE6Q_nDPDZPlOQ-cr2q5NAOi7_IH0DWZf4oX5Xszv6O43_uXcKcDWWbkI0StTDzWABySxWNIBWiJWutSTw,Alex Dert,https://play-lh.googleusercontent.com/-dxVKej73yBc/AAAAAAAAAAI/AAAAAAAAAAA/AMZuucnFOw0GMXFxwkJaqEJPdbFCV5Ymhw/photo.jpg,I like it but plz help it keeps saying it stopped after 1 second I opened it Plz help,3,0,,2020-10-30 12:20:47,,
gp:AOqpTOEeGGB6CswA7egFUivyuDjjWtx2XQNY-WZzWpZk-_WeX7xdXe3hvWJ_HeXKDN3fdNTh9w1KjxYH-NsnR-E,TopTophatter,https://play-lh.googleusercontent.com/a-/AOh14GhSyxxeu2NFRyaUMRnQF_Y28Ie_jr2VJiGKYiw4,"Alright so im making this review as an explanation, the dev is currently working on something that allows the game to be played, be patient, this game has been off the store for over 4 or 5 years, newer phones can't run old things sometimes.",5,15,,2020-10-19 22:10:40,,
gp:AOqpTOEvrkMTV1lhy8w1sImPXMt2NQhGsI-LyaIqDyFEYh0P44Qx4yXpimmsATnsvL7x9eorAjx4b63RVrz-ldw,Daedric Parrish,https://play-lh.googleusercontent.com/a-/AOh14GjClpwNEu644kCThYRohGQNehPEoV3S3AhiZZLdJw,"Don't buy it, I can NOT even open the game to the title screen before it kicks me out.",1,5,1.0.1,2020-10-13 18:56:38,,
gp:AOqpTOGubak7ZfZWbU4Vq3kC98FLHX_DU74NAVJwyxhLNstZy90jJ70K1MCdnNE_SPDfFefy3QH6JUy6rHsFZ9U,Aidan Waugh,https://play-lh.googleusercontent.com/-Hr09LXTgAbw/AAAAAAAAAAI/AAAAAAAAAAA/AMZuucmypN9-i24FmAVjsPG05TfPqrvIsg/photo.jpg,when I tried to play it it just stopped on and on ecxsetra,1,1,1.0.1,2019-08-21 03:18:43,,
gp:AOqpTOFqiiulbznYURQDLCrsxOrL-pGh3yRuwWzca0Yi7on2RvHU_jcbx6VTYi3GslT6eCB-AQOy_uEozu7QRsE,Harold Haas,https://play-lh.googleusercontent.com/a-/AOh14GgnBjJqwYhLJ8hSQGsWBPREvngHrieezjr_aKleHg,I played this game cause I couldn't play the original.This is AMAZING!!!!!!!!!!! 5 🌟,5,4,1.0.1,2019-07-22 19:06:44,,
gp:AOqpTOFAXNk4q2FoN4P8YM7sqbgkpvW9So5aHeLsWNBo91pDV5ub0lSwq-Qi4vdVYS2GQBjXYTmFKVEnSqGe5ts,David Kirkwood,https://play-lh.googleusercontent.com/a-/AOh14Gh9B7CK6ewN9RUQYBgZHKFs8EqcCKNdZYqhTF7MtQ,I loved it!,5,0,1.0.1,2019-07-22 05:16:00,,
gp:AOqpTOEpxJkft6MvaF6NKEow8MmtOf8uLsOjK3HSNZ9qc-cC7L0kakWzmusooldvabLimPN1M0WVuBI_Zg8FNLA,Junior Wilson,https://play-lh.googleusercontent.com/a-/AOh14GiS5mm2LU_tOwAIuhsQ3EyeLo97k_wdEtM1PWomYw,at least I have a game in here,5,0,1.0.1,2019-06-19 10:32:27,,
gp:AOqpTOFrU9_kAZlg3j_Q_BAIcZqp8r0VnYNI16wIvFsd7SZkDsFtOXPAOg5jQRSMxlIhQRuYquSQwW7R7A77R4M,Marcus Lawrence,https://play-lh.googleusercontent.com/a-/AOh14GgJLi8HBZb9cQPnkErc96vb4OfuxAB35O1fiV7hGQ,its great!,5,0,1.0.1,2019-05-25 05:55:52,,
gp:AOqpTOEdfEx_Aj59BI-M0FGq1YAzN9rLZ5Pp5ZpJ8AqiWLki5aTtnp_ZLK4ZTQPN11xEV1mXETQzFAvlSRal7Ao,random tuber,https://play-lh.googleusercontent.com/a-/AOh14Gh9JbhSVuKM-j69aphmTHtizpnRPTpwuISKPJ3b,For the very first time i saw william alexander ryan :D (will ryan) r DAGames playing this but not the retro i started liking both retro and not.,5,9,,2019-04-14 07:50:21,,
gp:AOqpTOECWh7gurF-KYtZoy-rEFCnBrF8sEEXnihMXsxdOjtXsZ6MTAnwAWmiuau_OsaoVGd3o23OzB9_56ljJWA,Spork,https://play-lh.googleusercontent.com/a-/AOh14GgV303UzPuoHeoJqbtoXdbpZaUtMgKFnX6nTZucYA,this game is just super fun to play. definitely worth the two bucks.,5,4,1.0.1,2019-03-26 14:15:14,,
gp:AOqpTOEpFjBX12Oy8cd2vgD-wi4g6uYlGMCiZHgKqXGGygUkv6YJSUgdE3DfCtinbJPj0HLXYlWWQQCazT0HYig,Leafy Moon,https://play-lh.googleusercontent.com/a-/AOh14GjT387srZAea4eBBmCqaXszejV4X20MuKGLYX0sMg,I love slaughter me street 👍,5,1,1.0.1,2019-03-06 20:11:05,,
gp:AOqpTOHblceN2g22MVg6NH7qi3E-z9RfIXPNl7hN09iO3uRuw9iPEMI3aGA7lieKD4B3dau6ZbbrdC6UMlrJSzs,A Google user,https://play-lh.googleusercontent.com/EGemoI2NTXmTsBVtJqk8jxF9rh8ApRWfsIMQSt2uE4OcpQqbFu7f7NbTK05lx80nuSijCz7sc3a277R67g,sooooooogggggggggggooooooodddddd,5,0,1.0.1,2019-03-02 08:55:27,,
gp:AOqpTOEILUE8lA8HupIpaWKoZQitJDXr-muAJGBTxxXCejuPWT02k9p5SJyFwLhiiBS9YqoME7ufsKUIgTs4mAg,MLG venom Pokemon,https://play-lh.googleusercontent.com/a-/AOh14Ggbztw5cx5f71_snRicKPbf4tYlKW2ed6CXCQV0Fw,this game is great can you add 123 slaughter me Street @ 123 slaughter me Street 2 to mobile,5,1,1.0.1,2019-02-17 20:27:07,,
gp:AOqpTOEA22wEiLNeMQuk3-FiTwTJJ9CZDJOD4nNH7czS4a4-aeNr4rfV5qged3cXCuQbatO5fHPSBeiQ_aEBbpI,frankenstein's mobster,https://play-lh.googleusercontent.com/a-/AOh14Gi2iet541Petch2lkjTJdSFz8ZjD4WhFU3X2-M9eg,👌,4,0,1.0.1,2019-01-18 14:49:01,,
gp:AOqpTOH0MwgmNUzqouJUM1r12HaooM3OPsUVElUBLLRy59-3ZOCsC1VPeo-xmp8C_0htFyYl5_ZohcAmZiqosxw,Nate Ramsey,https://play-lh.googleusercontent.com/-BqrMq4Y-K7I/AAAAAAAAAAI/AAAAAAAAAAA/AMZuucnBx9n3w6h0iKHPx5GZ2k-skgfxcg/photo.jpg,"I saw Will Ryan (DAGames) play this, and thought this should be a good game, and I was right. Great work!",5,13,1.0.1,2018-12-27 13:37:50,,
gp:AOqpTOHZXXLG6Am65mXSldL-jr1NnJf_8GW6p6Wj00Be5eiMHabd992DyavSqsdW_Mv3OwFTieP0AJeAT125xTk,sharon hall,https://play-lh.googleusercontent.com/a-/AOh14GjDtIdkzgzyDgPKs-gY-JGXRfNU0aOekVUpfrIokg,REALLY FUN I like that there's no ads,5,1,1.0.1,2018-12-26 17:06:49,,
gp:AOqpTOHXKSDvXhjt_FdIpDiCSkhEPW2tVY7RfKgIjHh1tQqlmIu9PosgguPoWElctTwEPJO2Xgnhb1DozvPIXg4,The DarkestBay,https://play-lh.googleusercontent.com/a-/AOh14GjFsLqbW0IBaNLdKJsSV1GrFzwCeBXvf7O3P7ILzA,"it was a AWESOME game! Very fun, difficult, and a bit scary!",5,2,1.0.1,2018-12-26 11:26:22,,
gp:AOqpTOGO7dcjeQiEu3FFNddxbsWhRwgx1n7R8bR189Yxf9NOc2BZ07V9shZrTS3sH03whraNqxprog1E3wrnnho,A Google user,https://play-lh.googleusercontent.com/EGemoI2NTXmTsBVtJqk8jxF9rh8ApRWfsIMQSt2uE4OcpQqbFu7f7NbTK05lx80nuSijCz7sc3a277R67g,123 slaughter me street is sssssssssoooooooooooooooo ccccccccooooooooolllllll!,5,1,1.0.1,2018-12-09 17:31:53,,
gp:AOqpTOGCaAo5MpzFw6I2MXY7DHf1PanpemH934KRlrxu_LI8PdsqrrK7WxhSOuKUSlFZO5g252JW1OdMFqLQ7BU,Undead Nightmare DemoDragon King164.,https://play-lh.googleusercontent.com/a-/AOh14GgapbRcCumbsYf-w5sn9y5vVHQAbRETIHUu-pJWHQ,I love it! This game has to be 1 of the best games on phones ever! So many AMAZING things about this game for only 1 or 2 dollars!,5,0,1.0.1,2018-12-06 08:16:59,,
gp:AOqpTOHTtVYP8eDDTSOlDMsRHmPl1Q9L4YR-9V9LKmZrM2JkHHgL021feT_WhCQfgCjIhh0-jmNzMJrFzOsFKeE,A Google user,https://play-lh.googleusercontent.com/EGemoI2NTXmTsBVtJqk8jxF9rh8ApRWfsIMQSt2uE4OcpQqbFu7f7NbTK05lx80nuSijCz7sc3a277R67g,👍,5,0,1.0.1,2018-12-05 06:19:10,,
gp:AOqpTOHc1Ggfd8yenuxAjWm1z_b9TYDqKLVppqEmRXTst6xDMKXruHVJLoKpO1Gqb5LZRqqediUCk2CrXMhV4-k,GlitchedLizard,https://play-lh.googleusercontent.com/a-/AOh14GiH2w9OSgsHcu2p-xx7CeeLHZ_aUOT8vHqqlW0acw,"Fun gameplay, simple and sweet.",5,1,1.0.1,2018-11-30 08:32:14,,
gp:AOqpTOHYjvZS03QXzjTUwtRu5a4LgkiMmWq5P53okWMZIIcWlrAvN4gWaUOflVUCulzkmYf-1vXLer1-vzdT_j4,Player 21,https://play-lh.googleusercontent.com/a-/AOh14GinZeN5ggNmtJwBTK14m7Le8APJVgIdQMTwawqg9g,It's fun!!!!!!!!!!!!!!!!!!!!!!!!!,5,1,1.0.1,2018-11-10 12:14:16,,
gp:AOqpTOHEPhdcTVlbrWxG6Fp1xcLhzjegF_ywpt2KOXf_9CYElOmSvGeJ2NLGejbRZqkKxtOw7BEenDMzQTlNw78,Lucas Parent,https://play-lh.googleusercontent.com/-blKtX-BGafA/AAAAAAAAAAI/AAAAAAAAAAA/AMZuuclgpzYcDszWKFunfh3fNjI4fPeHRQ/photo.jpg,I think that this is a good remake of a game!,5,1,1.0.1,2018-10-05 20:24:31,,
gp:AOqpTOG-t8KsJbWAVB2VmmYtKLeGXfF9KVQrKteIzWX2PbnLHRVqEuPbsnc03JrxneS8BCCb8O1y9UbvzpAzSTg,skelekid,https://play-lh.googleusercontent.com/a-/AOh14GieyBB_1MF8z5RkFDVUWYkTBxlFS_Ce9xWGemfvWg,Noice,5,0,,2018-09-15 09:28:55,,
gp:AOqpTOHgYs-22ziWV-m54-CMQwgcKJePEeVdeu58IzQtmbhOnIqZcCX4yJiFWxyo-KrXUH65GMcaYPJ8X9p_rPM,laurel. smith,https://play-lh.googleusercontent.com/-VReu4hXT4ZQ/AAAAAAAAAAI/AAAAAAAAAAA/AMZuucn0H6D5cWjeMfSYzxoaL1yhfc17GQ/photo.jpg,"AMAZING YOU WORKED SO GOOD FOR THIS TO HAPPEN BEACAUSE IT'S BASSICLAY 
123SMS BUT 2D AMAZING but can you remove the boss battle ends because it 
creeps me out but expert for that PLEASE CAN YOU MAKE A 123 SMS2? RETRO",5,0,1.0.1,2018-08-01 10:17:07,,
gp:AOqpTOEy7EjHaRr8AYanP-xy9DJg7q4bObrnZL6Akc6u4va9p9lZpV43IhdHnyLSB5h3tL4hR6lLCLYnqnS7AyM,DaftPeanut,https://play-lh.googleusercontent.com/a-/AOh14Gip_6FGvdXMmLXQYMcwHfatbVMWy2bAvRFuIuyokw,I love the game but it keeps crashing,4,0,1.0.1,2018-07-22 04:07:11,,
gp:AOqpTOEP2ZZ8t0jHqlEhduR9CyprwOgBd6RzRWlqEiUFu8GRNXUNW0hiv0rp_0b_yGovqe9SNnah4V7qS90nEkg,A Google user,https://play-lh.googleusercontent.com/EGemoI2NTXmTsBVtJqk8jxF9rh8ApRWfsIMQSt2uE4OcpQqbFu7f7NbTK05lx80nuSijCz7sc3a277R67g,"It hard because the flashlights is is on the left but that's just me. I 
loved it",5,0,1.0.1,2018-07-20 14:47:11,,
gp:AOqpTOE9-ciFW7PZb3v_sO2H8pMuFncfroM244o_kQlo7pA6SwpM-l-tOkSvyppNc8eD00wSTjLIWyXOJbPzA6s,Lord Undead Cat,https://play-lh.googleusercontent.com/a-/AOh14GiEGEy4XbO3awLmtl2her6YWtdhqwBgAHRZ0eEx,"It's pretty great, I've been interested in the series for a while so I'm 
happy I got to play this and it's not bad for $2 I honestly think 123 
Slaughter Me Street is underrated, it deserves more love",5,0,1.0.1,2018-06-11 17:22:10,,
gp:AOqpTOEZzNdFr1VJ0Ld19OHG9KG8Dd7R_sJcetqvyNLK4zqaqoeYX3V_tvPo3maDTpHkoEtWJE5enTxN7KUZdq8,phantom2x Sartin,https://play-lh.googleusercontent.com/-nU7aJL4kfuI/AAAAAAAAAAI/AAAAAAAAAAA/AMZuucmpfFH-b3MQZnePUBEKuW6z5Zt3Bw/photo.jpg,10/10 would play again,5,0,1.0.1,2018-05-27 14:49:51,,
gp:AOqpTOHeORzWqDkrzOAvLE9lNV8fIbrFm_bgfNoiFgR4WMvy4kZapYcG37oyKvDkmTZWjUxjrrvHGyEvhWhzY-U,Spencer Last,https://play-lh.googleusercontent.com/a-/AOh14GjwMFTE26-K_f0d1loRwq4nTvayvFyeJRJdQlTMpQ,AMAZING!,5,0,1.0.1,2018-04-30 08:43:26,,
gp:AOqpTOHOYWckZe8jJ_SQ3mvrBd0cQhzVjg9ItN5niY7IZJ2WMDDKs7qYUUl2ECBJlrNRYa5fhf4uGFw5t3bBSDA,Wild Harpy,https://play-lh.googleusercontent.com/a-/AOh14GgPcXN4Xf5XvO6TTh1zPsjyQjQG1iTsBxh092lt,10/10 puppets would puppet again.,5,0,1.0.1,2018-04-29 06:06:05,,
gp:AOqpTOHeiSaxSTh8dUuuWWeHTUlgUCNTVYn_A2Gl7afLg1njW6DsgZ98FOgy_D---aDwFQ75jB8g0ZG8afOFdcQ,Aquatic Galaxy,https://play-lh.googleusercontent.com/a-/AOh14GjPxChee61icgvD3oiM-jCSfNv-qYVFozvzYNnF7g,Its a little harder but fun,5,0,1.0.1,2018-04-28 03:53:39,,
gp:AOqpTOHQz70yL6Rg_NabEHE1T9IAT1eUkrrWkGUjCdj476wIUBlUq9kHIFf-9mKzK-IvVWxCyAy3fpaQ5Ajsmjw,Sharp7937,https://play-lh.googleusercontent.com/a-/AOh14GgOpuo1jJs9TCJLfZFMUei4iT9sYKUtbNw7v73OHQ,It is so good,5,0,1.0.1,2018-04-14 17:28:42,,
gp:AOqpTOEt6TcfGFPrOCFR9wrS1SS8A7QuSHt9hV0hJSqqfMfuWFMCl0A0fQ9z8IZ_AHCBYv0na3Z8faJqb9iMvRQ,fnaf godzilla fan30000,https://play-lh.googleusercontent.com/-k-mkg4ywUzw/AAAAAAAAAAI/AAAAAAAAAAA/AMZuucmU5f_Urer5aWwvUPrhyX-MQir7IQ/photo.jpg,Cool,5,0,1.0.1,2018-04-11 14:01:14,,
gp:AOqpTOEW6M15lsnF-iQeu_mRrVwE4RDZ3M3q1S9ezTWqtprfzXtfeWqzA8jUmMVxKSIX0UDfpWE71eFyRXm_8BA,Savannah Hernandez,https://play-lh.googleusercontent.com/-kXqjgGfr1FE/AAAAAAAAAAI/AAAAAAAAAAA/AMZuucljWZ6bzvFHx60xJJU8j7-oII-btw/photo.jpg,This game is super tense a spoopy,5,0,1.0.1,2018-03-16 16:41:28,,
gp:AOqpTOF2xXjAlXUq2KDYV5aXzvsrppfi5c7GYpVMuLfJhM7RG2MBg1hLzP_CT5tVNk9Ew4cAVV4hCVUx9dYp78A,Victorious GGz,https://play-lh.googleusercontent.com/a-/AOh14GihUx4zv7fPIJO2ytQc-soGNknlfBnqzV2bCVj7dQ,"Nice, small, little game.",5,0,1.0.1,2018-03-05 13:53:54,,
gp:AOqpTOEMPEHYiGtF8yjW0lMDCF4y4om2OOzz-rZydG03YBAulTb3pPiGLEkPGFsrnRX7nAdTpXNGH4toMVrKK9g,"The Ink Demon Toys, books, costumes and more",https://play-lh.googleusercontent.com/a-/AOh14Ggkk0Y7C5Mc2R8qwlZzrPVCfhM2ZOga7lG_KqlKvA,this is awesome Nate Sanders!,5,0,1.0.1,2018-03-02 23:11:32,,
gp:AOqpTOHi0DtWY6ZDXeU0MwsGmqRtiOJSvYnvKmQIShj9V_ACAm73GzKqj7tCawhw-CGklR0PYL2f4GYt4T0hMUs,Leydi Aleluya,https://play-lh.googleusercontent.com/a-/AOh14GjIWOTwtJ1Ngz1IGq4_kc_YFrfyqPaeCHU5g3Qt,Its so good 😁😁,5,0,1.0.1,2018-03-01 17:35:36,,
gp:AOqpTOFAldZlKeu6TOvlRVvzEgDO5CQSgBoR-i4B-Ib43eD4thpFHX7wfmU1RCpQgXU5xm_xNn2zn8K5nd_m65g,booky,https://play-lh.googleusercontent.com/a-/AOh14GjtSYOyON_PxEWQJmatHxbPVKO10ZjHzTJePo4f2g,I love this game so much! It is very challenging and addictive for millions of reasons! I just got this today and I'm almost finished with it!  You did such an amazing job on creating this!,5,1,1.0.1,2018-02-28 21:30:25,,
gp:AOqpTOGj7tCmNzsqejaErrv1cc9fA1eSahJK6HU_lggE0EZj24eDECIcn74JUJuHQODdiw5T2z3BteZNtX1BK1g,Andy Thy Is,https://play-lh.googleusercontent.com/a-/AOh14Gh090uMb_i7tvkrUp56av2QAPJbjIkdFco3SwCa2F4,This is one of the only games I've rated 5 stars and I mean it! So that weird thing at the end of 123 SMS was a bat thing that could fly?! AWESOME!!,5,7,1.0.1,2018-01-27 11:33:38,,
gp:AOqpTOGL1oD2JsgFlCNlP2syhZgVZ2LVqlRNMNaYmJbZnlIQaIhuH8_Rr-vlEpxJ5v5Wuw1YOsbUIxP0H3ymVy0,Leandra Rendon,https://play-lh.googleusercontent.com/-YP8AIUc__5M/AAAAAAAAAAI/AAAAAAAAAAA/AMZuuckHPNDrvExbfBmeH8GYVjCf5kKkRA/photo.jpg,is good,5,0,1.0.1,2018-01-25 18:18:41,,
gp:AOqpTOEjO8b7V8hw1mbTwr6pIN8bxKj715BPo6HLO3TUVfBT25QFGwQI3f-r2hHJH4DGO00Vf4oTQ2-hnOqIM0A,whydoesgoogleletmehavealongusername,https://play-lh.googleusercontent.com/a-/AOh14GgQyM76UVK6t3v7NGzq7JvFNOTXqAaZT-w-tfnm,IT'S AMAZING!!!,5,0,1.0.1,2018-01-17 17:25:29,,
gp:AOqpTOEyIVBfBOAk8pY1X6ouMHZ_5EsxlrP8RORCWp_r3p3CCpPne4sfXM617pEhsSkbSS9szJNR5g_LXBCvVtQ,Allen Brown,https://play-lh.googleusercontent.com/-mBEdSotk_vI/AAAAAAAAAAI/AAAAAAAAAAA/AMZuucnNnOYdJqSbQ_qe3d9CEvtd-Lokkg/photo.jpg,It's. Awesome.   I.  Like. How. The. Guy is The.  Place.  Can.   Check. Doors.  I.  Want.  Doors,5,0,1.0.1,2018-01-16 20:04:44,,
gp:AOqpTOFRjVHeRF4O-UmVA8l5FmR8VhzxKx7Ws5atdLjkc8fmfhj0VheRUADz7MUpgo5bxQMtYZpqBzdLu9TnlRM,Gustavo Rubio,https://play-lh.googleusercontent.com/a-/AOh14Ghqc8IXrtasuRh_j_hE_M4iczzphLI37hQUkaCbHzs,Another great game I've ever played,5,0,1.0.1,2018-01-15 08:24:25,,
gp:AOqpTOHlv8UkcvZ2QSxWOOZQC2_ahsdShWHLNrS_tyS8eioFkHaYFZVGKCG28remGHIKnlvBOpEecyV9tCjxxxc,Sabis Aldo,https://play-lh.googleusercontent.com/a-/AOh14GhmfOS7tuzMnRV9vo6Lr_9xyX3EyXc7cu7wPOdBhA,Awsome,5,0,1.0.1,2018-01-14 14:28:38,,
gp:AOqpTOHRBUZqBK1zLRMP6hnwhpkN_udidfe8zBfMjpIVUa3O9hNtaeeHqO6CqkNAHUWZlP1iiOfsAGur0Ddc0Pg,200EY,https://play-lh.googleusercontent.com/a-/AOh14GiSP143ZS8ShEUNDukbiCY-HILqHUeDke0eXMHxYw,Cool is so fun but wean you go to the nightmear you get one thing make to,5,0,1.0.1,2018-01-07 18:49:50,,
gp:AOqpTOGPAmmi5ObCEiIN9bhLFmhBwZg0imhG9_1301aCbZOn5hJHiZjCIVtv0zN8bc6rdd1I-t-9iVhv3IqQz-M,[Sardonyx Halloween],https://play-lh.googleusercontent.com/a-/AOh14GhcsHSClzAEMu1TIrx8GENDyd0bqc8tliaHbqLqoA,I love it!! *dies*,5,1,1.0.1,2017-12-27 18:34:56,,
gp:AOqpTOF3gj-Z59LlrM8lEtH0VLsW4SLkJipS3CLlQswGGzTTiet9Z_xcHY06H-wGjxYh3_MOXd2ZyNgbG2OciV8,Nesstendo & Grimxstudio,https://play-lh.googleusercontent.com/a-/AOh14Ggp7HpHiKFdtqtMFPYKRk75yd3J6-4lS8OKrcmLzA,Best game challenging but fun,5,0,1.0.1,2017-12-26 18:26:20,,
gp:AOqpTOG6B_LKkUhr3OYxVxGOkRZpvN1E2HvMrIx0ktBhxCV7E3gGpIX1Tezv-5rH33Zs5ZtohFc9KIy8O3imkYs,Salty 0ct0pus,https://play-lh.googleusercontent.com/a-/AOh14Gh8mxjWdO8vcKEDk0QT0ugN2AS8GmRHMLWVCiE9fg,"the game is great..but i have afew suggestions for what you should add a pause button, more unlockables, and thats about it. also graphics are great.",5,0,,2017-12-01 08:15:33,,
gp:AOqpTOEOhA1yD_wL67_yRqTj9pr8vn8ku6ki_bO8a4S8UFTuWLicLcfPw97R2pLpXYxzhcMS366IPRbCqCqdNLQ,I exist,https://play-lh.googleusercontent.com/a-/AOh14GiMfR0W5ttojF_vevbkbEyRyCQ5YrIGDuMujfYPOg,The game was pretty good. This deserves a lot more downloads.,5,0,1.0.1,2017-11-29 18:18:06,,
gp:AOqpTOEPIpG0ymVwfzGgiFd_nwQ3k1N9ADxCUhjB_7_Hzjcp5cNaYrk7wVOAKOe5JFvRoUg1shzKt7FPQx1qgNo,Twisted Minds,https://play-lh.googleusercontent.com/a-/AOh14GhBKcI2Ce1IyIfR7pU_0iBZWmqioGhxGPARCEY48Q,Great retro port to the first 123 Slaughter Me Street on PC! Too bad that the 123 Slaughter Me Street retro 2 was cancelled.,5,2,1.0.1,2017-11-29 13:25:07,,
gp:AOqpTOEMRpTa2ucTrgeeHgnClRENPfKZdM99Dn1btzSazj7VVpQxG5GRYygT8d_uLFsasuDz7d6KS99AaTVdoIM,scrap baby wants to play with you Channel,https://play-lh.googleusercontent.com/a-/AOh14GiTokPgntxLZSsr56v46w2VNvSQAE0flo0hQLApBw,the game loved it,5,0,1.0.1,2017-11-21 21:25:08,,
gp:AOqpTOHg_2frkyEeXGi5SOyeWgyiGRea52r4eJS_Q4f0ShdK62IbrEXQplp7Pww2c3BJbFqn8cJzn0izLSD5TcA,Nalonie Mauleon,https://play-lh.googleusercontent.com/a-/AOh14Gg76tgUSZPftm7bTgvREyESnNTwIzKiasI6FdN9Kg,This is awesome,5,0,1.0.1,2017-11-15 14:04:08,,
gp:AOqpTOHs2MX1lpR5yeM41e7F0_nTFMjQfkGk0ooud6IjTtBXC6aqEbU0Dov2Ers1kn4rNbqe--7_HnymLI38L90,A Google user,https://play-lh.googleusercontent.com/EGemoI2NTXmTsBVtJqk8jxF9rh8ApRWfsIMQSt2uE4OcpQqbFu7f7NbTK05lx80nuSijCz7sc3a277R67g,A great game,5,0,1.0.1,2017-11-05 18:04:11,,
gp:AOqpTOG2l3gzMPO1YZ1Y46P4UmV3PWCJQxbwrZ7kUc0s_SXqu_7ha64kqi6nMZjqIqUD7gg7rysx677rZG4Pi1o,FuchsiaWolf,https://play-lh.googleusercontent.com/a-/AOh14GgyT_DtOsi3y5PKUpwVkxJnkFAwK_6mTBSKfmuRtw,"It's really fun and challenging, also the music is great I love it",5,0,1.0.1,2017-09-12 12:00:27,,
gp:AOqpTOEDPUkRybdSjnWJLiK6CPPT-CLQjEiH4oyss5Mia4p02xyU8p3ZWyqDpLEn1hIRnqn6DhByWUVNme0zL6E,Swigglyswoosh Ol,https://play-lh.googleusercontent.com/a-/AOh14GhmbjLdDelUOpDMHz7HjgSprm_9QSc9ZU25Mu9Bsg,A creepy thing to imagine,5,0,,2017-09-07 17:00:52,,
gp:AOqpTOF2DHX901RRkEcpKqEvBruGidSPpz3VrTc1Qe9JvHty-jrKomVxdvyfRTN7Tg_k5q73OM-mZoZc3Vj2nZ0,Jamifi,https://play-lh.googleusercontent.com/a-/AOh14GjapbR4X-jWc4eG6graYK2cqAwxWjo6KNfeGoY3eQ,It's hard as it is challenging! I love the fun detail of the game and hope that other people will get into it to! Thanks to ImpulseGameStudios!,5,0,1.0.1,2017-08-28 06:54:01,,
gp:AOqpTOEOLs9ZE24jdW8mClOS-y1-tfDOTPEIMG7OPH-skqQnVkz8gXnuTbZv2veSxYfGJ5cGU7gl79fQySLA3fg,Iris,https://play-lh.googleusercontent.com/a-/AOh14GjmhbXpazSRRNxlyk_Mv5Kz2k62B9dpSx9BTZ9q9A,"Love it, but there is no replayability after you unlock the last costume. But overall it was a great game.",4,1,1.0.1,2017-08-26 12:52:09,,
gp:AOqpTOHQpIKhlPct53lmELT1wmxToegWiKVxsAM-1IdkxXdyo7j6XoEgsnK63Azl3RquHefo_uV8rGcULlBS-4M,Guy who comments On videos,https://play-lh.googleusercontent.com/a-/AOh14GhPn0xkrTT-LV5xCCVWL8JpfdhG8VgGNACO79dg,Great I like this take on 123 slaughter me street,5,0,1.0.1,2017-08-20 12:07:33,,
gp:AOqpTOG0rroJwGQz04mrznDSeXeMH-IPrbKUkn-MpgwPNkAzDOi6u_0a0j-Q8l27Ml89JAMMj8HgQ4ltGL0BbtA,TheShadow Girl,https://play-lh.googleusercontent.com/a-/AOh14Gg5fphGzr4sXmG59nV0Ddo8aqwPFzxIOId_VS9X,Its a great game,5,0,1.0.1,2017-06-30 12:30:14,,
gp:AOqpTOFkp6KgyhMLd6gUgYFCgeY3KEe0uuHpoyjkjzrAVIWi-98Ni_qvPXqiCMbT2lOVmqFZxrqOQ2GeLJjp0zQ,Jonathan Bruening,https://play-lh.googleusercontent.com/a-/AOh14GjS8igxJ-aWoGKQW4qqrZM8MR3A33rCJIaJHfLyyQ,this is thesis best game I ever played in my life it's had a stagery type base.,5,0,1.0.1,2017-06-25 21:27:34,,
gp:AOqpTOF-S486DgDB711lnDhWNSZ-5zYwj9Jr-3VPaIfWEagDMr-Fwx4KG3tfJAYVZOaNLoJKrjN7jloZPK3n7FY,Matthew Hawkins,https://play-lh.googleusercontent.com/-f3CJxAU4qvw/AAAAAAAAAAI/AAAAAAAAAAA/AMZuuclLHxbqF3-yJpIBdbHZsFXAuoPTsA/photo.jpg,Spook    ;],5,0,1.0.1,2017-06-20 11:12:22,,
gp:AOqpTOHFz6iEUgSO11iH-fl62Eo6pm1kQXyCOJM1KSe97MawyShZf-2Sg9am_7TJ7f5vDvPbIMyeKTAT-7qVS8c,fnbft unnggth,https://play-lh.googleusercontent.com/a-/AOh14GhpJeAHLJ22aVk-AJLOELW2j9FaqQ-G4SaB8F8H,The best game remake ever,5,0,1.0.1,2017-05-26 09:16:06,,
gp:AOqpTOEkwbye5XRg11q0xVtlueryR80e8bIXQRlAtRUe6DvyLDxq65m-dwn7qbrHEc1XLicxjhKi4Ev5XQqz7UE,Mitchell Stucky,https://play-lh.googleusercontent.com/a-/AOh14Gjuq9QwkTdCquAyQ-TKDEoEg8IFZ2Q_9w0O535ytQ,Very fun! Just as good as the original game! Maybe even better than FNAF!!!,5,0,1.0.1,2017-05-24 18:39:23,,
gp:AOqpTOH-0NQE4lxKigQHTIrMdqJFEnb8sC_TqSX02FqgERZIsCu3QxAK3SNEDRhA_vr9MlA5vgCa1x6J04GOVC8,1HappyGamer 887,https://play-lh.googleusercontent.com/a-/AOh14GjjkW83bS55wj8gncevya0Z-wJ0mXzAhuXLo1-K4w,Less scary than the original.,5,0,1.0.1,2017-05-16 17:53:48,,
gp:AOqpTOEPTENlblqbxnGflVVfhKwSDrJ86T0wslyPkfmttUFn5WzBoYtMJ8bQcpXMSvO8sJ1JEX5SePOXNjdU4Gg,Xavier Quintero,https://play-lh.googleusercontent.com/a-/AOh14GjLkb1BBOaPaRfov-OcJYJDaxskqkgfP__oHM2Miw,Best retro game ever dude make a sequel,5,0,1.0.1,2017-04-25 08:24:15,,
gp:AOqpTOHQFmh8qpfbSVeaAtrCDxu7_X2_8tnCi2Rror0wFXwAke-Y0pEa4eYQ4EKyhysTAQhH2vTz5t7BVypJmTk,dar ????,https://play-lh.googleusercontent.com/a-/AOh14GjajxODx6_lQT5b1rvQ-q4JQxGau4rblm1l6bDzEg,I love this game so much!,5,0,1.0.1,2017-04-13 19:24:26,,
gp:AOqpTOHsVOVR_iJ1ieYXJkYc5ZML-eopGt66yY6YPTI7Wh37XPkIPwYhTjNMPPX0Hhb0EBlLdozt2zV-Q3QgaGU,Marco Spindola,https://play-lh.googleusercontent.com/a-/AOh14Ggkl7AhTC0FfFY9H6AfxMtcI9sWHgAnE5XEHwu2Gw,this could be the very first 123 slaughter me street to have a story  and boss,5,0,,2017-04-08 12:23:17,,
gp:AOqpTOHwHw7XVBWpUwh5XPxeiImT7zk2agTWC1W_EVXNgKZWs9jp4dNktY3bUjLrLH2hB0HJv4XbGHKYq414H5k,Francisco Gonzalez,https://play-lh.googleusercontent.com/-on5roVuFvNw/AAAAAAAAAAI/AAAAAAAAAAA/AMZuucnZpXH71Yg_Zedomh0hY5v6BaaAqQ/photo.jpg,I think that this is a great game and it is also very challenging but once you finish the game ot is still great to play and you can do a lot of stuff with this app and it's a great time killer,5,0,1.0.1,2017-04-04 12:27:17,,
gp:AOqpTOGAmSUwJXq3OzxfuUAa5BbqeXOfUsawHM0OYCTCKRlUN5eaqMM3yFrk52kCLbnU7AxdguWkHt-nm-TFazk,McFries,https://play-lh.googleusercontent.com/a-/AOh14GjJmZaNvyPt2tZlw9QcLHavL0pJ1HrJBBp9EK3L3Q,This Is Really Great For The People Can't Play The Original Game But This Is AWSOME!!!!,5,0,1.0.1,2017-04-01 20:11:04,,
gp:AOqpTOFaP0ft3bSkEmcs7GWPIllupj8zrtBgJgyOqUUxqt8XSTG-EAh-TjxD85vj5qw96VNw9iPJ19QWSTcsqoQ,tobey wilde,https://play-lh.googleusercontent.com/a-/AOh14GhZXBikHr9lcg2SikBjgyuvQLKpKbBCQnqyEul0gQ,This game is so addictive and fun it has so much replay value its ridiculous and baby and giant flying elmos even if it is short it is so fun plz make a sequel with the new characters in 123SMS2,5,1,1.0.1,2017-03-28 14:55:14,,
gp:AOqpTOHJoiW-mZ-FItZqQa40_GdqSRWS8RAu4Id-8EGajdsmvI8VvsFbsDb2DHbV-PaiLzjsO-6h7NM4nmO6k1c,Erica Castillo,https://play-lh.googleusercontent.com/-fbg3YaCD4go/AAAAAAAAAAI/AAAAAAAAAAA/AMZuucnlA695eXznK5eo3hGmkKvR3QzLxg/photo.jpg,"This was a great game with lots of replay ability. Just when I got to floor 1, I had to restart, but beat it still. 10\10",5,0,1.0.1,2017-03-25 19:00:06,,
gp:AOqpTOFWrWnapSY6gMj5Y83Vt-pUrOSUrNU6pe0MnXYVOPyPcTK-hkLPwSWx9TVY_TPVgWqIuPISrlJwJ8kn6fA,Judi McLeron,https://play-lh.googleusercontent.com/-h-6PgZl28Hs/AAAAAAAAAAI/AAAAAAAAAAA/AMZuuclzBuH1QKkVVHqsjEUzhdi0uvfvNQ/photo.jpg,9/10 flashlight problems,5,0,1.0.1,2017-03-22 07:58:55,,
gp:AOqpTOGzv15R5Tay--7ydz0pj7F9T9HMIGAwuNhGz_xf7bcSeiqYoRv-sypjyZZiAyrT_FfUmxZIakNTSOy_4NA,X_x,https://play-lh.googleusercontent.com/a-/AOh14GiSCTwGu1UqqrNneL8P8ccgzJfP1vjV_VstfQSQ5A,Awesome,5,0,1.0.1,2017-02-08 19:29:28,,
gp:AOqpTOFIwMWZJ-pOxvHG6tVUab55ulP0uQdpNSSqCePSaqwQCRazNl9-TPTeyCf_gPb4PUe8v8uIul7YM0p55g4,Unknown_Source,https://play-lh.googleusercontent.com/a-/AOh14GiFaM2yn5yXAFMptzuTcObbBgqjKeDmeZv9ZD18,I love it. Its a good time waster,5,0,1.0.1,2017-02-07 16:59:42,,
gp:AOqpTOH8FW3BI8cbYRmc4PlZwtxZEY_jzeWOG1lDe1Em25Q3kdH1rMX1JpSidz6LEKT0iqCUbl8BpGuv2KcRtdA,Super Sparton Bros,https://play-lh.googleusercontent.com/-Z1BRdvl_rRQ/AAAAAAAAAAI/AAAAAAAAAAA/AMZuucnqE6NoT6k45JaRz3hjRSkF5Epv_g/photo.jpg,Recommended  it is really  fun,5,0,1.0.1,2017-02-03 13:00:46,,
gp:AOqpTOH-jII-ObU4FJlIDH9GoQ8rZh0TAKMEH58dTzspW_x5bBJDcs4D-4kOu3W4-LqkVHN6YDJ2HZwzRBethwU,Ruth Efantis,https://play-lh.googleusercontent.com/a-/AOh14GhvmlC69BVIxlEiyv4BvS5vZJjcCE59YKN1yWwpGg,Instance game it's almost like FNAF but expect they re puppets☆,5,1,1.0.1,2017-01-13 16:09:21,,
gp:AOqpTOH-Kgba-z3Bd2qOyOAPkg8hXXYGYgHd2Fr6E6vXlJFjVK2HqEHLNEzrHL4pq8D7si60wFj_RKhSpTmxaiY,SDY CallMeGing,https://play-lh.googleusercontent.com/a-/AOh14GjCgm-CpbaCOFkGQ2EG5ExZyldMv-5-sKPYO6ReLg,Love it,5,0,1.0.1,2017-01-02 10:39:44,,
gp:AOqpTOFahB2B1dGc_F1IFK0tRNL5hcdWbt2AcI08m7l-pyN7UugTExFN0PGqLoxP3MMsxbnXaBNqgpp-n4NtduA,Chirp Chirp,https://play-lh.googleusercontent.com/a-/AOh14GiEmqE25Luq-GinmLb4PMJ0zws6OMqJ_oDiNL-d4Q,"It's a great retro game nice classic stuff, same as the old days. Good job my friend!",5,0,1.0.1,2017-01-01 10:23:20,,
gp:AOqpTOEA5Kt7P8KhdC4t2-u8vwmFjS-l-mDvC5VeMfkD0CdL6zOEs0wVrjzZVo839qy5ffgDK7nRr92E42_dhQs,xxlgmi2,https://play-lh.googleusercontent.com/a-/AOh14GhFqI38oxF9xsDDPHhajXjzFikLn5N32jX2KMnuag,The best game I have in my phone,5,0,1.0.1,2016-12-28 12:46:41,,
gp:AOqpTOFf-v2PtIBMbkcUjrcgM4aw4WlVVoVK1kRBDqO4otlgNpXIviNzl4IGAgQJzxB7GhRuA_MdY-ljUdXjXeo,team springtrap,https://play-lh.googleusercontent.com/a-/AOh14GgRAa_JtMhFCkFAGKT_pSkqdiWLYJrg9pLyUlubTys,This game is so fun and challenging.,5,0,1.0.1,2016-11-18 21:28:14,,
gp:AOqpTOHxJsUtOcfNzRB5HUzjfw0zx9VNMMVhl9UKhSp1sC_EswlsbiZpZyQzLsKUJhcdpk_RD8dg11agisOiCFw,Cardboard0ct0pus248 _,https://play-lh.googleusercontent.com/a-/AOh14Gh18WXS21uqNNgO4EmbqkrU5oxNlW8Y0vo4fPnTew,It's great! Had no problems except the rate us popup...nothing needed to be fixed there.,5,1,1.0.1,2016-11-04 08:08:52,,
gp:AOqpTOGMFbpcmkkdi0PsBYxDPDYpXO3xFImyEtb-AasGySmONz5FmYeimDYCeJPqC3W_bB8amwMGWTX-Tn323JI,Lolekorn204 games,https://play-lh.googleusercontent.com/a-/AOh14GjgE7wO22F2D5o5aBQFwGb5Nn_ZKA8oWr_EED-RmA,I love it alot it is scary 👍,5,0,1.0.1,2016-11-04 06:34:32,,
gp:AOqpTOFNHs68_pGQ_hx7RENGBNNrNjkVFCY22UxMA7AUgoYl2AT6JATupzZDAHmuWzxJtzYZ9x_fG-bPrB7HMoQ,xXGAME MASTERXxTM,https://play-lh.googleusercontent.com/a-/AOh14Ghntcs0G8wcPYdQlApi6h9nGXPNiEuap0bX-42PDQ,This is the horror game I've been looking for evey where!!! This is what horror is supposed to be! I would give u guys 100 stars but I can't physically.,5,4,1.0.1,2016-10-30 13:00:06,,
gp:AOqpTOHjfhKaXcEh5-0VY268xGQgPGT7vTG_scY3YbWCI24pyvuyUXVACK77oltFmBOAWH_d0N0N48BbaOJLYR8,The Crryocorn,https://play-lh.googleusercontent.com/a-/AOh14GhndkgWxAU7nL37lbGYbLN4gX5H78UK5w_oZuXDU_Q,Great and good practice  for the original,5,0,1.0.1,2016-10-15 16:15:25,,
gp:AOqpTOEZfpmgU9mt5OWX88rs6_HV16Szo1HeEOL2JBVrxkiA0ggK6KUs45TqCd1ky27FQjLj-JaZK-P7Z-rH0jI,Corey Games,https://play-lh.googleusercontent.com/a-/AOh14Gh99v6Mjxnb_bkaHP1EFuZmoh5q5xXo2e1S5Pel9gU,I like how it is simple yet fun. Can't wait until 123 SMS 2 comes  out.,5,1,1.0.1,2016-09-17 21:20:41,,
gp:AOqpTOEA0pAw4phwib2i1p8Tj2WCwbe6qcUMhKO36rSO7ZPePa_AT0O7ngV4r02YkQ8_c32D3Ekhwc-uUsV75GY,icaricc,https://play-lh.googleusercontent.com/a-/AOh14Gght9lTYM1FoYSr7HRR1ziQC_Nj2yCp5UWkVyxq1A,(The only bad thing is there I'd no pause button.),5,0,1.0.1,2016-09-17 14:15:54,,
gp:AOqpTOERcB3ncZUCyMu4izFOdQplJlSh3OQLjkYxHSoEAK0LQFRRtNJNPdH8p-QhgMlAI0-XY8Xi8Jg3y5cpLYM,Cupriclizard,https://play-lh.googleusercontent.com/a-/AOh14GjXuwRk8KsB2Dt0OfJxQMb9pZYKz97vbpaItVT5lg,its more unlockubles,3,0,1.0.1,2016-08-20 16:29:56,,
gp:AOqpTOHHPNriAaP-rankZHfHE0haCn_Y2K6J7xESSAtcgRHYJiapwOIGOjjgxVt8vqqgnqj8yp3BfX9F-MlRCE8,Chezburger Gamin,https://play-lh.googleusercontent.com/a-/AOh14Gj-SmydIJroAU307vNtsoG26dSriwQfSBnphWhT,I can't believe that this game is one of the games. Good job John and Nate.,5,0,1.0.1,2016-08-06 14:02:53,,
gp:AOqpTOEsebQ2-bnIDJ-wNK3iOa5LQr4khsL4mez6BUnxhcAVGcArlXpP4a1rihvnqXgPKjYVPvKTeGHMFT6gkuI,Brunchy R,https://play-lh.googleusercontent.com/a-/AOh14GgHgNK3twFve9g3FonrSDX1JhrzA0Ex-8vSjws2kw,123 slaughter me Street,5,1,1.0.1,2016-08-03 09:21:37,,
gp:AOqpTOEVrmiHUA63YrK_b6Y2s3dTmZ14icC2rubCwK0hTajd9x6jWQORmqGHsVE4ER2WsgXjC1jgNY7IN8tMeo0,TheImperfectCircle,https://play-lh.googleusercontent.com/a-/AOh14Gi6TlKMPx6nNrf_qx4IDlnbLup_cudZbbcZE2OvOw,Good job ipgs it is really good just got it today,5,0,1.0.1,2016-07-21 16:11:28,,
gp:AOqpTOGfmxK7ESbXUm3i1fRGJvBt1UdE9rGcHphigeF4GoXu7I0FeGosG7wpqKygBxC6o2EG-NfumQ-HewX7-eQ,Shadow Fox,https://play-lh.googleusercontent.com/a-/AOh14GjLkmcj2jJu_HDpBfrMMs6OSh1ukfH4H-6Eo9t6bQ,The game is great but the 3 deaths then start over is not bad but interesting,4,0,1.0.1,2016-07-16 09:13:20,,
gp:AOqpTOFgILxnJra_iChofV5jlWYh_WTTPfwlvbqI6_zEtaJQfMCBo6Ynf9h9t9VrfI9m3d1PxrgN-RlE4Z7Vdz8,Eixjfuwofjiw,https://play-lh.googleusercontent.com/a-/AOh14GjwFhgplZ2Jo2BtR0LhgS5y37UR08pf4Js72lnbRg,I gave it a 5 cause its one of the best pixel games I seen,5,0,1.0.1,2016-07-14 20:09:42,,
gp:AOqpTOHWNk_Fjs0zDUQf-pfCR6TSxVnXKc80AGvEy6TqcLPHVf-smBcIerNJCLA_X_ILCPqTiC4LoADN5C8f4H4,Jerry Vasquez,https://play-lh.googleusercontent.com/a-/AOh14GhBdfcHEyGbkj6-k4zJAwXIRaMiy8iGDj-N8BuB,LOVE THIS GAME WOULD HOPE FOR 2ND GAME !!!,5,0,1.0.1,2016-07-01 09:23:52,,
gp:AOqpTOECfphrx7oXxlLW69lztbTC6HiZ9xjHbgigYbtsmTjYzx0-FEIlUJ5VQXDpfP-aPI_6PWklrJyHoL-Q9JA,Eagerest Spider,https://play-lh.googleusercontent.com/a-/AOh14GiQCpJ3W63U8QfGfPFH15_f9u_BsHpkb7prFqpu,This game never gets old and has exactly the right amount of difficulty where all deaths are on player error and it never feels too easy,5,4,1.0.1,2016-06-24 14:17:25,,
gp:AOqpTOEddueDhzcflm37j4Du4WSyAAQzK2i0Laogoub11RFIjZuVtKwMgEh9afFybSlq9-DiuunEXcYuYoL8ga8,Bec Callow,https://play-lh.googleusercontent.com/a-/AOh14GizDCmnJBFRp6oYtLhQqcgHh-90Xs08Hp3WA8KEKA,"Even though it isn't as scary as the original, this game is great for the asking price. Not too long or too short, at least for the first few floors, although I will say it's a little too easy.",4,4,1.0.1,2016-06-10 11:23:11,,
gp:AOqpTOGgEckO-chCEVVhcd8nofqQCRkYtsHaS3-4dibkGQ-_A5-lzJMvtFG9ZjFgNyHXo_2iSyStLDLJH9q3mQY,Rob Gameplays,https://play-lh.googleusercontent.com/a-/AOh14Gh-PoT6GPVXEsKdFFOgUTpCPlsix5vFDYLX_xIH,This game is excellent!... Well worth the $2.00 keep up the great work!,4,0,1.0.1,2016-05-31 17:46:04,,
gp:AOqpTOGxr38FyQCe_xGvakGJw_vIyg1qilouNGU5ZNZ4p7I8Iq776UT5a5C3G3FrhGDAUEYmUzCSKl2MHSxyH9M,Jacob Barnett,https://play-lh.googleusercontent.com/a-/AOh14GhYsYewNT1vVEnzywog7zA4yu44AFRhMBCy5Hpegw,Could you fix a problem basically my on screen buttions are blocking the game at points could you fix this please,4,3,1.0.1,2016-05-30 19:05:25,,
gp:AOqpTOGNFnumJKodVHxTxSOPNyBay1LxTtLiflhAm-EXn2oPgXMBlIO5QtBBxF_Inta_EPQX1EDVmLDsRCl-dIk,- It'sStarlux -,https://play-lh.googleusercontent.com/a-/AOh14Gj6j5Tr970cjdk9OSnIiKyxYe1zFeIjpWbTz9nYIA,I love it! The game and gameplay is fast paced and original just like the regular game! Hyped for sms 2! Keep this good work up!,5,3,1.0.1,2016-05-29 18:33:44,,
gp:AOqpTOFi8gKLsGyToLiRzeGbs_vyXq2ezWHl4udmKmvTShBho6bdgNOZCATtEtpLH0Dwc6tGnGhmkOew79JyoOw,zombie gaming or warslayer09,https://play-lh.googleusercontent.com/a-/AOh14GjzPe6ab0QU8-mrZzKyGMEkYHU3-ndXbx88pLS7,Clap clap clap great game,5,0,1.0.1,2016-05-28 12:33:02,,
gp:AOqpTOHkiknUn6XEyaImA5WtQWrNy75nr6UnH69vUmaLglyzPbra5763izt6ZqS9PInFqHPEFYqlr6VcPdcudHM,McCoolGamer,https://play-lh.googleusercontent.com/a-/AOh14GjPWOhSYZ59Xm4i1tq5e0AeNZX_cn3I36smmcyt4Cw,Stays true to the original game,5,0,1.0.1,2016-05-22 11:03:24,,
gp:AOqpTOGBYEMMp-DJMSG3yDdlPd3xxwelYO5h-ue512p81oNYOMwE5jQGCy9ryIndtiCgVWtQVQFVvMkzyLCOIF4,Diane MacRae,https://play-lh.googleusercontent.com/a-/AOh14GgDf_MZXFSkXpdAnlvDlvVw9nZGikwLFgk7svp27w,"I just recently purchased this game, and it is really good. There was a major difficulty spike on some of the floors, and eventually it can be pretty frustrating. I had to reset the first time when I played up to Floor 1 (Floor 2 was practically hell enough, and Floor 1 was a bit unfair concerning the big difficulty jump.) Overall, though, it's a game I would highly recommend for people who like side-scrollers and the occasional challenge. =)",5,27,1.0.1,2016-05-16 17:18:20,,
gp:AOqpTOGcu1T-4I_kqP3PHFp-kZw8pChXU7idBeSyfMX8tbrETS42TKaf18a_tLuMQu9lgga7aHkPIHzufx0QwEo,Olivia Garrett,https://play-lh.googleusercontent.com/a-/AOh14GgDirLXU0HptyhzFx9bCEtA4R_9YiTmuoQa79ny1A,I love the music in this game,5,0,1.0.1,2016-05-10 14:52:18,,
gp:AOqpTOH5cGmHAwVgnW7TYIoUSfRKj64HMaO05XbZP8rKCEjnROlav-h9wDYpkUtEgzIqM9F6iHpkgMLjJbTuimw,Olivia Marshall,https://play-lh.googleusercontent.com/a-/AOh14GjA0Ovh-yM_OsMH6Ih_0NYOXW8-sgZrrX_F1ujvhA,Is it me or is the three night's easy,4,0,1.0.1,2016-05-04 14:55:34,,
gp:AOqpTOHPwsM4esZ15Jw17ZvbjNCYC8vNXgffJmzRT0fPTyDOAWW93RRobgc9d5LeU_paDNt29xPSOQLGxYqua3Q,Retro Gamer,https://play-lh.googleusercontent.com/a-/AOh14GgFMueqKipU7cj9AlUqggCbT1AnulfO6_kJSMHLOxM,You did amazing job five stars man love it!!,5,6,1.0.1,2016-04-13 23:31:27,,
gp:AOqpTOFx2fSYn9DNRKQnB2S_BNGKZ-FXWqEI31WB17Fnp6lyRDVBwnKMJXUuV2-SXz-AcmxGt6mjvRdDHr23Yfk,Julian Stewart,https://play-lh.googleusercontent.com/a-/AOh14GiExFQwvvOYPWO613mnverKWXyfUV0dXct7EIj1AA,Try to put a jumpscare when u die to scare the player,5,0,1.0.1,2016-04-08 16:40:33,,
gp:AOqpTOFEHw2LgspXgZ882GFJba4WQqNkrRUQZdrFBjV6B66eXUsEcjcwL7SYmeh1QDXrRLHGwMingoz8ptc351k,Light_1_Up blunted,https://play-lh.googleusercontent.com/-k1rh6EtKOsA/AAAAAAAAAAI/AAAAAAAAAAA/AMZuucm6SSgkRwRKmZ0kARyTz8KEddQDzw/photo.jpg,It's a pretty good game and very fun but floor 1 is HARD,5,7,1.0.1,2016-04-08 13:21:36,,
gp:AOqpTOHbIpD6uEPuTNKgoyN_2PD7nk6h6HLvMeIQrKOmxGQUMrBsJwckNBfk0lJsOVItIVlbs3lPuRds6bKcxTE,Jackson Nauman,https://play-lh.googleusercontent.com/a-/AOh14Gjln2iv6M0BjbKyFNhchNsqgIfkNsB7nry54v6XVQ,Amazing!!!!!,5,0,1.0.1,2016-04-06 16:48:37,,
gp:AOqpTOF1arFVQQS0RfGcVRhY7RqEnndm78ri8FJOfbMTYPSha1FO5lazbKKWWRNUtzMDgUn_U9cvqF3Ub-vQl78,Goblin Rabblemaster,https://play-lh.googleusercontent.com/a-/AOh14GiEP6jDvWnoQzHVjXIE5bH4zZiwzC_zAjFH3Sho3Q,Recommended if you like a good challenge!,5,0,1.0.1,2016-03-31 11:30:51,,
gp:AOqpTOGbNajwC7iHSpHd1z8QjFEqhjbXD1EgFAGOQr-kpvBX9b7MLrlZAcANqbc89cW_F18e5LuPY2PIZxcpYlM,Seth Seth,https://play-lh.googleusercontent.com/a-/AOh14GgTkiNsEfhRwNktd3bWzbYTXw2D_BwkJrAedrHGug,Awesome game!,5,0,,2016-03-28 18:36:31,,
gp:AOqpTOGCBJ7MwTukVId4KR02pJxODwjiIWxBd4OAHmuBeh_sipf0rKDS3wNkrGbJnICG21DPOymn6lrRLa0BhaE,Shannon Pankow,https://play-lh.googleusercontent.com/a-/AOh14GgAHTRKwgjk_GqEItOmgirk5Yh5yFWCe4vNSr-7Nw,AWESOME!,5,0,1.0.1,2016-03-28 15:55:59,,
gp:AOqpTOFhg9Be24Ju58G65xX-h4T0kXAQmjmP0oBRFhdkelBoqYPQwtJj5TWnWAdnwtnL1t5UmJufS9aK0hd3mLw,RoxasEevwy,https://play-lh.googleusercontent.com/a-/AOh14GjyVRY1rJX6mEJyeLQJ5yB8oBacr-N4muuhgS-PK60,It's amazing,5,0,1.0.1,2016-03-24 20:01:11,,
gp:AOqpTOHnkiv4lB0MFUvjoqm4iSoQ_IRB5uX5WtbY0ahHQT0TxcOQUHZ5JlFHaAl8uLROn38JrQQjmYpL0W12SDY,five nights at candy's Master,https://play-lh.googleusercontent.com/a-/AOh14Gi9TvZhp69RXLlvsGIDXeGeAmmGPzVEAYSqWU1o,So cool,5,1,1.0.1,2016-03-22 16:25:21,,
gp:AOqpTOFm5mti_FnDSQ28px742H4ZBZJMksP8K0EgW_qGk2JQF974ZX_MwjdQeq35QzQNGEykW52-KPDN5qx4ius,Sunny Sadler,https://play-lh.googleusercontent.com/a-/AOh14Gjbqkp3ba6a2s7JCoiofFky3k3b_3w8-Ea46X5FTg,Ahhhhh,4,0,1.0.1,2016-03-14 17:58:41,,
gp:AOqpTOGiJHOb9L3AU5Q3aqcgnfTeARkPNxNHhOsCxPfbSmVxQdes7N3B3j9aYoXnANB0E0HnkzaGNZL0oj-ZEPM,Ellie,https://play-lh.googleusercontent.com/a-/AOh14Gj5L-A_Qd-qJkGpgG-t5xHChN_XvDixzX7DKsgrUw,The waiter its buitiful its its Cute,5,0,1.0.1,2016-03-13 18:16:28,,
gp:AOqpTOE-i6y-niVeyfXiyL0FWp_2lYMIzw4XI456GjMNfXidypwXkhB8D0ONva6qkm3FxUHEn-qF4miL-7r3AsI,Lane Perry,https://play-lh.googleusercontent.com/a-/AOh14GguN14xJY-CiiRqHclXRj6ltE_cXJCoDkMHbQ8TJw,I only died twice and however I thought that orange guy was just a enemy and it's supposed to not shine when you run out of power and battery's...,5,6,1.0.1,2016-03-11 08:12:39,,
gp:AOqpTOFpxUWbT1ZKiJgvae4LgXzdD-pKuQ_aviktd4R7qOx89fk14i9EgF9q0763NP2Rfrm1Ec3JPJFAbMNhvs8,Mr Limbo Kimbo,https://play-lh.googleusercontent.com/a-/AOh14GjHcAi1tVVviovNEkWtSV20eUhOumx0H_yjQwC5Zw,Just got the game and it's awesome!,5,1,1.0.1,2016-03-05 20:51:51,,
gp:AOqpTOFj0vXJtF1ijaQutDXm8-TPVzmvz-OtxzAZrLdKD7s0cZE1qed6YiG-GcMU_YT7Qyc2uRx5NAPHRM02PyU,Connor Bowman,https://play-lh.googleusercontent.com/-atqFrDLq8FA/AAAAAAAAAAI/AAAAAAAAAAA/AMZuuclyB6cF8YFehyq97ELZXPnbuvaF2w/photo.jpg,One of the best games I have played,5,0,1.0.1,2016-03-05 03:38:02,,
gp:AOqpTOHzCHLXQNfBkENQif1-k-bM4gAD3MCdkXtc4EWsxm-MmkuPhFRKH8Z9sMYoiVUwfQkFOjZlqujOa53GP0o,HardcoreGamer GTZ,https://play-lh.googleusercontent.com/a-/AOh14GipWZot72LKjVi8T0w3TKHEvBgHwUdV8ilkLNkGzg,"Better than I expected, its really fun but also heart racing , really recommend it .",5,0,1.0.1,2016-03-01 19:23:11,,
gp:AOqpTOEKCzhDqVovoUoArOFSjU8bcHgEy_r6UXKQIM4oqkB7B2hRhrSHVla2XIqGdDfhjv2-z5wjcqCvvHaC1xo,luke bailey,https://play-lh.googleusercontent.com/a-/AOh14Ggw-kbwhrz9hQiu9dE3tg1EnDBUcSpIFioFGot2jQ,God I love sms. This game is great. Can't wait for SMS2. Also the menu music is a 8bit remix of Dagames some wich is AWESOME,5,1,1.0.1,2016-02-29 18:34:43,,
gp:AOqpTOH3kgWvSvMPYV74MAzhGAbHlYv4AM9eTdSC2fHhpgB7dPxhGY4OwZV_7pkUPEUuujwGUeC5SYgIc51mir0,yunglaflm,https://play-lh.googleusercontent.com/a-/AOh14GhWJjUi_UgsfUHHSwRocbL3Ax9wbB6Jrkfh1AeVf8E,Nope. Don't recommend. Its a boring simple game. Not worth the money.,2,2,1.0.1,2016-02-29 02:35:14,,
gp:AOqpTOGeN3etf6aEYpT5Pz-DE92HcmjY4N0R4D3oUL72jnEuzkgu7iBDLdFi2UxH2rNNhR0jgxuERsNc8y_kQw0,A Google user,https://play-lh.googleusercontent.com/EGemoI2NTXmTsBVtJqk8jxF9rh8ApRWfsIMQSt2uE4OcpQqbFu7f7NbTK05lx80nuSijCz7sc3a277R67g,"This game in my opinion was probably one of the few times I'd ever actually pay for a game for my phone, nice game to pass time by with some fun fast paced gameplay and replay ability due to the unlocks. If you're looking for a game that won't break the buck for mobile I'd check this out.",4,1,1.0.1,2016-02-27 22:11:11,,
gp:AOqpTOHTeSXenhSdznzva2cRXFo4b--nVYGggW9bFCaQo4_iAyaYY52RwKykdGHY1UaBsxhrFfJYO1g0-X9wLFs,Mallerie Steamer,https://play-lh.googleusercontent.com/-m6exkqpakCA/AAAAAAAAAAI/AAAAAAAAAAA/AMZuuclputL09cd4ZEF4AAZBiQ-H-7JaiA/photo.jpg,123 salghther me street flash,5,0,1.0.1,2016-02-27 18:53:40,,
gp:AOqpTOG1fNrbFcctVkY3cT6iatdb0Y_UQhoSqwo--jXU6kA_onvF5Hb5vsxxm5mCzWQnd4hrdA7NHRDKsMCR7Q8,Hotline Miami Jacket,https://play-lh.googleusercontent.com/a-/AOh14GhX9X-c7HtzuiexYdtXgmYPkFNNkJD8OyRT_S3Q,Exited for 123slaughtermestreet 2 wooo,5,0,1.0.1,2016-02-26 12:33:33,,
gp:AOqpTOFAS-d4bMBgSYhnyl02fgrSindbjJh4wYs0lGJAvVG9z3chedS6rUsaDrQIldSs1mQAtYQPR72Yo1NRprI,Mr Insanity,https://play-lh.googleusercontent.com/-HgDn5wT8K4k/AAAAAAAAAAI/AAAAAAAAAAA/AMZuucn0jk3yg9D0MjmP444e3aBiNpQMLA/photo.jpg,I r8 8/8 it gr8 m8,5,0,1.0.1,2016-02-24 21:06:09,,
gp:AOqpTOHSLktuxEdtQXu36QG3bcV9okAt0F_sxX9j04OcTlSND0qQ2t7m6R1CSw9CEfNQN13PrYWiWjEJZRO4LyU,Brune,https://play-lh.googleusercontent.com/a-/AOh14GgoLmPtyK12ZHhUatOLQ3qoO6TkQofFzlwm5StaLw,Its just like on PC but app store,5,0,1.0.1,2016-02-24 13:15:40,,
gp:AOqpTOFtYc0xXGZG6TXSQ5JtA4r2vDG4bmAOtdc5oAgnbMCFQ9rxhGfJJcC697vjCkl4X6_tAHKkEKVx2p6zQSk,Martin Arthur,https://play-lh.googleusercontent.com/a-/AOh14Ggpvpwn4D0cpkx4YvNHGjEpdVZJLOS7Q5Okp4rGcQ,In my opinion this is the best game,5,1,1.0.1,2016-02-21 08:02:39,,
gp:AOqpTOFwlc1mN12oxN-1bJg1y54WwiLm58cJmmuLecbq6vKf_7_60gNS9JuQXPHsf5mtT7n0GmDJeAxun7uPGgA,yoshter7,https://play-lh.googleusercontent.com/a-/AOh14GgU1km7shIbWry9BnOqjPQuAUQ7dr0jS5BDdm1Duw,Great game,4,0,1.0.1,2016-02-20 12:35:30,,
gp:AOqpTOFF17TQ5JE0q2GNz2yyaFHRAYRpUydkuDbvM0kXZa2ha9OZU-9yfvH_L2NAJw1OuK_pNP3phLmszqz6ryE,PJDoesGames,https://play-lh.googleusercontent.com/a-/AOh14Gjn5P8JQGA3eUPQtFe0SI9QaKoJWzb-XuvJRl7w,i love it,5,0,1.0.1,2016-02-17 17:24:12,,
gp:AOqpTOHjr9Xq2TjWkc7N4dgTgHfHLS75sQuEPeUcjysTh3Y10wvMdMjYHuCb2l5MG_9uvvRnmRYrjtziZTfwOrI,Zach S,https://play-lh.googleusercontent.com/a-/AOh14GiiVNkMlku6NLo-BQRSImKY2RAMlfwAHTHJ6e8JNw,This game is soo much fun! Really good 4 punchin out time! =),5,0,1.0.1,2016-02-15 10:04:49,,
gp:AOqpTOGOPbcb64c9Fbqz5qRt4fZUUHhD0iciaO3b_GUQIWIqN0boVabtUtA7SaXjRzp31mUynyOU-XOR91wRMnQ,Jake Emerson,https://play-lh.googleusercontent.com/a-/AOh14Gin7tHGl_3Bk2p6yExXNYu0hBhWlkTQi6G3QuUx,"Can you put it on gamejolt? This is my new favorite, loved the details, puppets (Follower, Greater, Waiter and the new one;)) and everything.Another question: are going to make one for the sequel too?",5,7,1.0.1,2016-02-15 06:03:34,,
gp:AOqpTOGKWHQKAJkn1M37ZfwZ4zNVBP8ownjOeEG_2xahaQipo4S3IlSWcIRlywZgUAp8bjLPHfRcmv7LSOcpr9I,Rock,https://play-lh.googleusercontent.com/a-/AOh14Gh2MDwnRkk82rRePzUacoQXg9ACI9poKBSe8yCbPg,I love the game this one and the original. But in this one I don't understand the ending...                   SPOILER IF YOU HAVENT PLAYED THE ORIGINAL.                  So I see the huge demon thing.. but how do I fight it I died 3 times then it ended..? Plz clarify!,4,16,1.0.1,2016-02-14 21:43:35,,
gp:AOqpTOG5TLf54oH5Hu8KSXJJwx2kBmXJtNgJ5aXo7cnbwKoUloDJYhHJOt7Zqj_6Mr_aBYJuwsMpeqpuyaNrWOI,Jake Knudson,https://play-lh.googleusercontent.com/a-/AOh14GgmOndma2zcW6woZoTXOMKfwTVD2aCLS9zc-Aocrw,"I heard about this game on DAGames.  I decided to play it, and I loved it! Some more costumes and levels would be nice though. Excited for the updates, as well as 123 SMS 2!",5,0,1.0.1,2016-02-14 12:53:51,,
gp:AOqpTOHg4yQmuQhG1ecn3YEZtrcVh3udDkZSRM2Py6j0VtSq4jyRqLnpNMDsLIROkdE-tzlh3O62YMPdGt45tNk,Alyssa Quinones,https://play-lh.googleusercontent.com/a-/AOh14GiQsm4FRUH_iUaX3OsfWz0EqTajV874_DSWYMWF,This game is so fun!!!,5,0,1.0.1,2016-02-14 09:03:36,,
gp:AOqpTOEhD157xiT0NGFVg0Kcv7rJm-55TLre06749ENEM04_zxTEcV_3ZOiZWmDei9IFbwKLgtmkEYF2kKqlX78,Hero,https://play-lh.googleusercontent.com/a-/AOh14GiZx2g_8BAPJBFyDCGKjIJEcAS8245HebzZgJ9LBTI,I'm so happy you made this. I love it,5,0,1.0.1,2016-02-13 18:30:47,,
gp:AOqpTOE-MAA_TCCmDdmGEDixf6JRvQt8t714H_ZLUtiCOYd7YHL--EtE0tS9b7DIWriqRBeClRuoFoPgTE420JI,b34stm1lk,https://play-lh.googleusercontent.com/a-/AOh14GgJPdQqbSmCNh-L0S3S8d9_ryhluza1h0WRm2-SBw,Very addictive and fun highly recommended.,5,0,1.0.1,2016-02-13 11:07:05,,
gp:AOqpTOGEKCZCDM-Ej8q20QeIrTRZbznquy6Lkm6eWcB98wpV0-foXv9BaDksjbXam_oQQP6oRIPrwFIKboG3QjM,One and Only Dave,https://play-lh.googleusercontent.com/a-/AOh14Gg_CudVuK7lT8DkpgVEi-8jaTCZQh4_laJKVlkouA,"Just bought it and I LOVE it! Cant wait for SMS2,And many more games to come! :D",5,0,1.0.1,2016-02-13 09:58:01,,
gp:AOqpTOEgyDNF__BYnKrJQdiJOg42s5lmwck3W9fqbagyVWduQ4ymYu5-IB0B4KBiufLbnQe8nSb5o5ooPxcMg1Y,Big,https://play-lh.googleusercontent.com/a-/AOh14GjWvEM78mGBkGvTrZqQXQ4tK90uoLJCw_xAl3EWHw,Are you guys gonna add more updates to the game or is it finished,5,0,1.0.1,2016-02-13 08:55:13,,
gp:AOqpTOHyOFnrhutrEyEk4AdbTR1HnLaNvh1xhWMHzIzvvLLdH07ZBHZm5DNrX9ze7IJMhyuleq4PQDusUfLfT6s,AxelKH,https://play-lh.googleusercontent.com/a-/AOh14GhGsLXodc30p8U_G8GY25X1ms-bfhdCXLOnRL47YA,Really good,5,0,1.0.1,2016-02-13 07:46:22,,
gp:AOqpTOG5sZVpRkGsvnLdlBetOVDgnJx0ovtY8QTAK_dzttHESw7vMvyl9GwOfg5-dpfk2Lzius0DJhaQBMhd7m4,Willem Hogan,https://play-lh.googleusercontent.com/-70e7O-kuwUA/AAAAAAAAAAI/AAAAAAAAAAA/AMZuuckafNmj35O9AvEzj0Zd60XZ58a5tA/photo.jpg,I dont have words to discribe how awesome this game is,5,1,1.0.1,2016-02-12 19:37:07,,
gp:AOqpTOGDWLv0FOGueQ6iKsh3zM1VDCUz5RSpftAm2ulk7P_4IanD8H7ZBqPMXW0PeEjpDk0KJipKOxrD1Elvm2M,kaleb miller,https://play-lh.googleusercontent.com/a-/AOh14Gjz9iVnDCD804LCrLD2GAIwWDoLPLvNT5wv2bYrPw,When will ryan played it I had to see it luckily I still had some money on my Google play balance so I was able to buy this great challenging game,5,2,1.0.1,2016-02-12 12:44:33,,
gp:AOqpTOHkI70NlndTVKJs0xZANRlem2GnHM1XK1rLj3EwGypdo8L2PlnhyYZ5PPZ-4Qsa8fUQsKqHALR9udmUYQw,Leonard Godina,https://play-lh.googleusercontent.com/-fkHtPf8A3IU/AAAAAAAAAAI/AAAAAAAAAAA/AMZuuclSNEQmKnaeaEv7iOBAh_6RCh6t4w/photo.jpg,Wow this is my first time playing and I already like it I really like this game it is so cool and I like the music and I know it is from dagames but I like it because it is 8 bit the music and graphics and 8 bit too thank you so much for putting this game of phone :-),5,2,1.0.1,2016-02-11 09:55:57,,
gp:AOqpTOESy5VQ9JOWC0K0RSNJNEpkIwFr5cEyXuT3-ALg1QXyIPv-PYuF_xRRRKingeyV0Dzz4iK9Fc9BgBOhqnc,John S,https://play-lh.googleusercontent.com/a-/AOh14GiGOeuMDQDkrBIBzWvUvahAMF885k0bKrioXxFnHqw,"I saw Will Ryan playing this game and I thought that I should try it out. I did not regret buying this. It's really fun and as I keep playing the game, the difficulty increases. The music, sound effects and the looks of it really looks retro. I would highly recommend anyone who has some money to buy this app.",5,85,1.0.1,2016-02-11 06:57:26,,
gp:AOqpTOHlN8M_S2FwCOm1qgzMlGDpTHdzcW87-LYhqk8I_E8y-qsbHgGzh37mkNnKI6K7Sco5eDwJFTt4G7VLuuI,Bowyer Bowyer,https://play-lh.googleusercontent.com/-jOgmTe4wpLY/AAAAAAAAAAI/AAAAAAAAAAA/AMZuucl4soDJCk3gt_qWe7j1CJTJWCUUtw/photo.jpg,"I like the looks of a game, especially the pixel design.",5,1,1.0.1,2016-02-11 06:33:57,,
gp:AOqpTOFrmaYpSRmWObDSuj6aQzu1AyH1zdB077hoMGODaMeKeaR6asUzVGw1RM1HBMXbq8oTVVzhlwnPjDqLP_Y,Elite Beginner,https://play-lh.googleusercontent.com/-z5tfgJaJ5vw/AAAAAAAAAAI/AAAAAAAAAAA/AMZuucnuvSl2RCqTIgInHGGy5xtK-67r0g/photo.jpg,I love the original SMS but this gives the game a whole new meaning😊,5,1,1.0.1,2016-02-10 17:06:13,,
gp:AOqpTOEdqy_Pnh8TTj9S8hzoU4q1NP0CggWQPOKIlfXIZfDGbBlfUNCiGisX-XeRcQuY5sQBRVqiNWldyLLIAX0,Trinity Skaggs,https://play-lh.googleusercontent.com/a-/AOh14GhtqpFFz8iWaAqeIq3_J3iYL-QeRnYWKB04vblI2Q,"Not as scary as the pc version, maybe remove the Waiters glowing eyes? Anyway this version is still really good! It's challenging and gets my heart racing from how close the puppets get before I light 'em up. Love it",5,20,1.0.1,2016-02-10 03:00:08,,
gp:AOqpTOEf4TkmLRJd23pgHVNhvrA67FK52ApvCVW00APudl_4q2bnvkU95XS7lIeaMBiooPNm-7XEH0KOYkIzawQ,Ryan Absolom,https://play-lh.googleusercontent.com/-xPe1x0t5o9I/AAAAAAAAAAI/AAAAAAAAAAA/AMZuucn9Xpb7SFJLHj6oMwARHSlgGI9VYQ/photo.jpg,Great all i can say is buying this it totally worth it. Its not too hard maybe too easy but great game.,4,6,1.0.1,2016-02-10 00:55:55,,
gp:AOqpTOG0lbnsgy0TG4yNUaEWYN3t6BAERcEzTpCFINu_ORtObGubL5S3DvWbXfGoaPZD5vBAeTZhri1xKMOdJpo,Mx R,https://play-lh.googleusercontent.com/a-/AOh14Gg6Yhq-9JcL5TtfUFFiLoeqvTsOQ3wOY11vLyHAeg,Awesome mobile game. Reasonable diffaculty. There is nothing bad about this mobile game. 🐴🐴🐴🐴🐴🐴🐴,5,2,1.0.1,2016-02-09 22:07:18,,
gp:AOqpTOHO9EKnjEA8dw_jYFKrJj3x3m-NBQV8-qaS1GX3avATP2Ef5QxdrdqYOY3glHWjlVc5m2sGk9A7Ys_BF38,King Shadar,https://play-lh.googleusercontent.com/a-/AOh14GjURGwUsjYYUBZcurr6EfT8v6keg9G_mBebQc1p,A must play,5,1,1.0.1,2016-02-09 08:15:04,,
gp:AOqpTOH1XaJOuQqvSDFOy0a3uEHqAYxpgF8Md8XLhwaupUtSljH8byuj3RhhlW-OsNdLrLa458YIAuRnrR5L15w,Myke,https://play-lh.googleusercontent.com/a-/AOh14Gg667RB8HwIiMa-501LAjaPbQMswV6yWPxAHrHzaQ,"Unfortuneatly with this game you get what you get. After completing all of the floors you don't get any substantial rewards, no hard mode, no  bonus mode of any kind, only getting costumes that have no value besides cosmetics. I expected to get some sort of bonus for beating the game without dying once but unfortuneatly recived nothing but another costume. Thats you only reward for beating the game more than once, just more costumes. Some actual cutscenes rather than static with garbled voices would be grea",4,1,1.0.0,2016-02-07 15:29:18,,
gp:AOqpTOEI9NW6_UC7RR_6SW5FZ4ZmylWoiunQop8vV2V9IOkZnJlbfTeQkD9bGQCUYCAxlPdiGcRuglD6BMTdmMQ,ghost rider13,https://play-lh.googleusercontent.com/a-/AOh14GiKPnGiJN6fMgWzaaQzF_3CXix8HbmbZ3HEY8pcTg,super great game! Cant wait till SMS2,5,2,1.0.0,2016-02-07 10:42:51,,
gp:AOqpTOGPZVHkdHHqDWwCRMXhsmRSVR-jfuBA6cA2qTrYEIt5DKZlywept81uXSg5O6sE26AlT78PFcviWbKJW68,Alex Acosta,https://play-lh.googleusercontent.com/a-/AOh14Gi0kmPZ5fMv0rbK8fommHm1M2T7RZy_osgtkXBltA,Best game I've played in months,5,0,1.0.0,2016-02-06 15:25:45,,
gp:AOqpTOGOqlAYpfMBO3JAJ7Mwgs4mLM5b5NiaGrqBhdN-qh56suTOGEdsSUnz-M__Vj8cXIcwDGEoOsfuWsNz6Ng,MysteryBros,https://play-lh.googleusercontent.com/a-/AOh14Gg-m922C__brWu6ELrXC89ymP4M4VcX3FQDC0efLQ,I loved the frist one and this one cait wait for 123sms 2,5,2,1.0.0,2016-02-06 12:43:53,,
gp:AOqpTOGM2akIu0trzTktJjj9o7fYHShE8387KwyvOSkxWtQEzsJDDK-e0Wv-u2zlwuk8nxfZjbScTBhu-h5LtnE,Kimberley Clayton,https://play-lh.googleusercontent.com/-QoyPz4rPdic/AAAAAAAAAAI/AAAAAAAAAAA/AMZuucm1ON-0LrRfCCtuGH07ZjKQ7eRTWA/photo.jpg,Hey this is a little too hard could u add save slots and checkpoints? Do this and i will be very happy.,1,4,1.0.0,2016-02-06 12:17:10,,
gp:AOqpTOGma8m8tgSrXC7xuAxhbaHnR7wi_YoX2I646t4ecdi9pqDCEPzZSVKKkMGl8hkL67ZQd2Zhbo8KeGD3I0k,snackery,https://play-lh.googleusercontent.com/a-/AOh14Gg0w0rI9H_7Xcka4eRq3yB1e_pes6LS1mHzV-TqFw,"Everything about this game is epic: the audio, retro graphics, gameplay, and easy to use controls. It's a true masterpiece. Buy it!",5,1,1.0.0,2016-02-05 18:53:06,,
gp:AOqpTOEZPROnTENdGF1bm9hGSGJ674efM-f02fXNlvbcx_9bTqw-ocIrBur30xCgs1XRS9ZlglYb5snvp0mprbw,evilecstasy,https://play-lh.googleusercontent.com/a-/AOh14GjHEcVz7Drt_6dWADU0W_VMan3CHUkyrGE9J5fqHg,"One of the best side-scrollers ever made! It's really fun, and very challenging, five stars ;)",5,1,1.0.0,2016-02-05 18:19:08,,
gp:AOqpTOFHNcXksm7dyBgkdOHjgQboi-6P_H2jEe9LKREdjNXswl1WpVvvM-HswRLULbh1QMwcfpFc9PeN8OUvMhY,Miguel The kewl kid,https://play-lh.googleusercontent.com/-skSV2m0zTnk/AAAAAAAAAAI/AAAAAAAAAAA/AMZuucmlKVEMPkAP7VEf_tYN7YoPOw9N1g/photo.jpg,Really well  done!!! Its way funner than i expected!,5,1,1.0.0,2016-02-05 17:06:31,,
gp:AOqpTOFIRHN7b7rGmSrfz95CprjFKyUMfxm6BAdbgPJ_hl6yVQXEcVOjzI6VhAwqMSonEukCcqUEwZVaGI1TCkQ,Jacko Willstrong,https://play-lh.googleusercontent.com/a-/AOh14Gh0CUpyN2BVwdfmnw3RKVXdJHOkZqQUeI8CXsXNog,This I more fun than fnaf ( don't be mad),5,1,1.0.0,2016-02-05 15:58:59,,
gp:AOqpTOEeMeYOounL4VA4ywSA6XuMsCym0-E3NcKGf6aOvpGze3rZz6rriDyaZru-S9LjRnDN8zNKR4bu7IAZxn4,Ryan LaBossiere,https://play-lh.googleusercontent.com/a-/AOh14GjzkYzK9e258uzpHZra9tC1Wgc_d9pCWAGGrlF5,A must have for old school video game lovers as well as fans of the SMS series,5,5,1.0.0,2016-02-05 10:31:42,,
