reviewId,userName,userImage,content,score,thumbsUpCount,reviewCreatedVersion,at,replyContent,repliedAt
gp:AOqpTOE2Y4O0mAuibOV-H6qZnUJZ-srXz5z_4li7JnWAJVN-DakElNbLWhw-b_6xoAMtx-NlkKx_9dTrnpHCXw,FABULOUS MICKEY MOUSE IM SO FABLOUS,https://play-lh.googleusercontent.com/a-/AOh14GiAO1wAJfPskNqfjWflzsRXIHewVqrERXI77Pq5YQ,Love it,5,0,1.0.1,2021-01-27 13:24:26,,
gp:AOqpTOHW49N2qWPT5M7jX6hmMCPWgOhBvAwo6D0iw1kJDNEF2_hgRxBXeWMTyrniUhuEdo1gZcdXzt88U0OSJg,Dishwasher,https://play-lh.googleusercontent.com/a-/AOh14GgH-eOGkZT-9gYjZmxpRfzZ9UTrrOr0ANS1rfRR5w,"I ABSOLUTELY LOVE THIS GAME. I was a fan of Papa's Games since 2015 when i played them on my computer. But now, since Flash is going to discontinue in 4 days, i wanted this game on my phone.",5,21,1.0.1,2020-12-27 11:28:04,,
gp:AOqpTOEegzgrzq35W_USVHCNszlfDJw4RmBtt32MrIVdWHSvuzcIPCxXHSGZVNGziqITn7kfQTANAYpyJR_yOg,Alexia Ara,https://play-lh.googleusercontent.com/-fyhaCDVeP7I/AAAAAAAAAAI/AAAAAAAAAAA/AMZuuckOhe8kqJJGFE_8T17Pp4ujnuGnBg/photo.jpg,I hate Tohru and I can't see the customer and the burger slider when I put high graphic,5,0,1.0.1,2020-12-17 08:55:39,,
gp:AOqpTOEqXEie-IUyODdy_WRcOO-0o7_F0ifRNZXo4DKs5DIDfVKLPbp4jBo8gLzgwqrNUcDK31AaTT7x5a_6Pg,Khaleef Hamsyar,https://play-lh.googleusercontent.com/a-/AOh14GhEuc9UhJkHcylFCMPwjsxz7aIridkliOUioctL,Happy Halloween from my Verizon bill,4,1,1.0.1,2020-10-17 22:48:44,,
gp:AOqpTOGRGU54GMnBnMG05jQXqQcUuBc10IXCdsvSZgP1bJLIgol4CwRY9dubxQcu6xBsrZHAt461dzn8vrH3KQ,Jocelyn Eaton,https://play-lh.googleusercontent.com/a-/AOh14GiE-uemS3Dnk8pZqJ2DziHRP3P-ZKyfY6u4TJF7bg,I love it,5,0,1.0.1,2020-10-11 12:53:10,,
gp:AOqpTOEkJmQnlfF30_C7O7pgGWsezNXlSl9JXJmm9xyAe0A00zr67EW5wIqtZMoTcvrz2JNAyn0dz12AcnTYXw,Danielle Mercado,https://play-lh.googleusercontent.com/a-/AOh14Gh26fMA56MH9E77ii6dRnaSjm3HmDNHqrdaQVV0,One of my favorites to play,5,0,,2020-10-08 19:37:53,,
gp:AOqpTOHwzGNwQy7Qkp9EXL1-I5Q8mDk57-0OMhwXQ6lhtrQS8W9xzoTotiNj-UOifxog1SP3u_oX4iqMhuaDLg,Ron K,https://play-lh.googleusercontent.com/-qBtIonRj8g8/AAAAAAAAAAI/AAAAAAAAAAA/AMZuucnuvz5Jyu3qy2UVT09uvNVzSIvOxQ/photo.jpg,THIS GAME IS SO ADDICTIVE PLEASE GET IT YOU WILL NOT REGRET IT,5,0,1.0.1,2020-09-30 13:00:04,,
gp:AOqpTOEER4FEJWkGADkdkOMuyLK6Ja4ChROEmYvDqkBY467wMG4lT2UF5g3ZfGaLiNri0qRtlmVg32KOznHa_g,Muzic Loverr,https://play-lh.googleusercontent.com/a-/AOh14GgN60RAIDkTYepijAY-Z3P4Tm1Cf6kV2WVKxNv1AA,"A great mobile version, one of the best of the Papa's games.",4,0,1.0.1,2020-09-22 14:06:35,,
gp:AOqpTOFtYGHRFc2SXA3zNzt1mOC-fkd2U_H8SF31MMREVl7-zEnmacpJY_Ju8icaQvEpQ24jiey4Nldr_pmzuA,Kyndal Person,https://play-lh.googleusercontent.com/a-/AOh14Ggc5OkR3mTW6yUzv_CavKbYPZNp5KW9tqaZeOH5_g,P A P A S W I N G E R I A T O G O !! I do very much like the game,5,0,1.0.1,2020-09-21 15:14:36,,
gp:AOqpTOHU5V6C9OxrR8sOLvw6-qNyq7gDHmeSqCiPTxI63JXSvPCPhtfnWfOzJcnpqVtB10lU1Lv8FFJ05dkx5Q,tim flory,https://play-lh.googleusercontent.com/-2YDFz6W-vx8/AAAAAAAAAAI/AAAAAAAAAAA/AMZuuclNY7Z5yzg5FqNg0h6JCCKN8us6aA/photo.jpg,This one is a challenge I like challenge,5,0,1.0.1,2020-09-07 10:28:35,,
gp:AOqpTOF_iFv6DVJviHqZ7Mwj4kQ0rB8p1EDzaqi-6ao4_n41Q2HgRLVJAzkTFLO8HbSwEccv9ElxvjAxISKEXQ,walmart,https://play-lh.googleusercontent.com/a-/AOh14GjZXwHkT-mykvizyfRYue98y5VTg9qsxZ0N0UP2Kw,"This game is pretty fun. Although I like the computer version better, this is actually pretty good. It can be a challenge for me sometimes, but when I do good, it feels rewarding. :]",5,41,1.0.1,2020-07-27 01:10:25,,
gp:AOqpTOEc8bnB3c66vP6TsXpz_HwWjFl9_L5QLV8a90oEQpRkcDt4P7zIMl2NsNUpJeB03YRyMdbP1KAK4lB16g,Anna Masotti,https://play-lh.googleusercontent.com/a-/AOh14Gjd-mvsRynDsj0zMYJMNijWWz-zfsA7gBGhZ5S-,I love flipline studios'games they're all fantastic for all age people,5,0,,2020-07-18 08:07:44,,
gp:AOqpTOHMgaJHdlaEofqgRdF9Ag_q-yPSVG0k0wFY3LiGBb_sGVAKCkLVgt3EfcNsINtmDDY7EXirVrC8XP-YZw,Kyle Hale,https://play-lh.googleusercontent.com/a-/AOh14GgCWhNKH8hHsq0VD5ZLYbhSLraC4Dcjj-0QlzEF,Love Wings So U Kno,5,1,1.0.1,2020-07-18 03:20:42,,
gp:AOqpTOGhvDNM0H2iyNCbkG5wX-PFp2-Bxy_ziBSccNGuojrUoj28weeQQBC2642nrrPAx9ixbenO5-XnPIYmQA,Miranda Landis,https://play-lh.googleusercontent.com/a-/AOh14GjPc3Z1icjtThCgjmcQCJ8c3XuMqAk46N-lM8uZYg,It a good game to play,5,0,1.0.1,2020-06-16 17:03:02,,
gp:AOqpTOGUb3QVKaFnxC6r_KdN_nselS-909N1Fx9atE5IGr4SKYy9UV0XVvQSjSeMjqY98ZInA9yqOEG4q0OCLg,sydney king,https://play-lh.googleusercontent.com/a-/AOh14GiKCAd94cLtXVaReIP34Gs4CPM7Z5_p8ulYB2n3WA,This game is so inertaning I love it,5,0,,2020-06-07 20:16:09,,
gp:AOqpTOE8BBNjAxTUCebLH60ksiuyJWuZfkAAsHG-QBeAW5QVUZyrBEahXmMWbqYXud6B-hVoQrPh2SAm9QRJ4Q,spicy deluxe,https://play-lh.googleusercontent.com/a-/AOh14GhDyMYgABgJQeCUcSX2bkUbKMLK7b5qpPRVTUZE1g,i hope i like it,4,0,1.0.1,2020-06-03 15:41:15,,
gp:AOqpTOEDe1xkmpbLiUkzyb3tgTTjLSWhA3CKHojTijSGuJOboQSSbHOs5veaLwfPW91rmpmL6SPzsYyJ0aNE8g,Elijah Manzalinto,https://play-lh.googleusercontent.com/a-/AOh14GgYFi4FvonRluysu-I08tnzi209XjVke6fZvM33Ew,Hope more updates to come!,5,0,1.0.1,2020-05-27 04:51:44,,
gp:AOqpTOEfUIDc-2FdncUqc4eAiehrmSijAdCUDpXps9hHbq7_2ufKFnnCMXgnThsr1W1m9MCcRcQnHSEDttoE9Q,Kaelan156,https://play-lh.googleusercontent.com/a-/AOh14GhRuK4kGMFDG6lqXcf2aKVaPxu92BItH6AI241iXg,Lost my virginity to papa louie,5,1,1.0.1,2020-05-26 04:00:04,,
gp:AOqpTOGtiOYN0Om8-q0frrUoU4ZyAWnoDIUz09xaUVHa7ltWxhcyh6ea7Q7xqQYrQU3ND97DcyhqtT5QPd1VCw,Nicholas Kwiecien,https://play-lh.googleusercontent.com/-91cxWsDrQf4/AAAAAAAAAAI/AAAAAAAAAAA/AMZuuckknc1DvrGqu0OfdHlhM_Ap4uPoxw/photo.jpg,"I got every customer in this game gold, and it's amazing. probably the best one they've ever made!",5,0,1.0.1,2020-05-20 15:58:25,,
gp:AOqpTOEJj2kdM5C5ukDfVfaBDe38Y-_5I2TyCF-WtbJocOk2Wxp_fnEVt10bggGFyDnIlPdWZHowDSpAMpUOEg,Rhiannon Walsh,https://play-lh.googleusercontent.com/-jvRGOq_k48Y/AAAAAAAAAAI/AAAAAAAAAAA/AMZuucmCaw6Ov3ji-JZVBw3FwcB-MYjsMw/photo.jpg,Looking for,5,1,,2020-05-15 21:31:06,,
gp:AOqpTOFO-Y2LkyRpzudPZGO8eAQJHeLAppHjODNRlX2T9ClobCf3zVii__e9jiG4Nhhuex1Rwihi9CUsFAPdoQ,RYAN_2020,https://play-lh.googleusercontent.com/a-/AOh14GjOh4-K9sY1RKilt2SIqfPmjcJuX1BoSwobmSNq8w,"I'm a big fan of cooking games, and boy do i love chicken wings! This so far is an awsome games!",5,0,,2020-05-09 21:22:16,,
gp:AOqpTOHfehh188DJOWNYX5wnZoPH9bwLn5xOAHa_sd054Z1-5luQtJUEF7Q1V8h2jkAXxIpwC-yftVHYcjPklw,Niharika Shetty,https://play-lh.googleusercontent.com/-tAbSlY12arU/AAAAAAAAAAI/AAAAAAAAAAA/AMZuucm47HKFi-j-cXdpyrSPeuLESXaNpQ/photo.jpg,It's a great game I have been playing it on my PC since a long time and now on my phone .. it's just that it gets a little repetitive at some point .. like I am on rank 22 and now it's like a mundane relationship.. it has mini games in the middle too but a variety in it is required too ..,5,46,1.0.1,2020-05-08 10:07:18,,
gp:AOqpTOF4UZEXld0H3OPvmgUP_tcfIzALmA6CLdKhkVYOII0I-XUpjiTF9oavjZvRItJ1RfvAp_cdxIXYEwG7Dw,Mileena Khan,https://play-lh.googleusercontent.com/a-/AOh14Gga3WAGPeCSc0eqXgAajVdsELV881q446LgKOCR3qo,I didn't like it this one was too hard lol and It had a glitch in it,1,3,,2020-05-07 12:17:06,,
gp:AOqpTOHl-56VDZe6juA4ZMhtm1WNQNZgwRQy5wo2pL3A3dYlvnNfWrW6B7ldtTEZdLz710dGag-2qXmSNkAjsA,April Crowder,https://play-lh.googleusercontent.com/a-/AOh14GhVSUeHPQgPtMAIIY9TFoqdKqf24UhBKpt1lsfg,Ok,5,1,,2020-04-29 15:49:26,,
gp:AOqpTOFDuA5RQGJB7kuAcLsNQ2oXpTqVSXVKKLsb9kKmlQTDDd7IQqmTEX7j9o-ZecyBJmjN8qiDu1cKyVJ3eQ,Sana Adeel,https://play-lh.googleusercontent.com/-LEe06UQ1bhg/AAAAAAAAAAI/AAAAAAAAAAA/AMZuuckBC6Rf1xpSdGmuXmYvfIwM3C2HGg/photo.jpg,Fun,5,1,1.0.1,2020-04-27 04:01:23,,
gp:AOqpTOHrSqyPBN8FtK78WLC7EL8KHd6Jsu3UXGTI22caOv_du62AvcXsu4jyn8Tr1YZ__y0k8TrdvMa7rVv_kA,Tancred12,https://play-lh.googleusercontent.com/a-/AOh14GhryvqKbsT9Hz0XoDDmGuHVdvfm2slmZOhPp9mFOA,Absolutely love this version; originally played this on PC and the app version feels the exact same. Super fun!,5,11,1.0.1,2020-04-25 23:22:09,,
gp:AOqpTOEmKTOAkHQ2rE8rMR-KQLa8b88wEfkfl2p_hql3UNDD6fcJpTSqwkCKh9cxvwQCtMe317i9WjO2qQeCsQ,Hand Banana Rocks,https://play-lh.googleusercontent.com/-KlvxIU4vpqM/AAAAAAAAAAI/AAAAAAAAAAA/AMZuuckMBopTR3qTHrvnCsR0pIHBHI7xmQ/photo.jpg,"I absolutely love this game! It does take a little bit to get used to the game, but I recommend people give it a chance because it's well worth it. The graphics are awesome & I've never had any problems seeing the correct ingredients on the order tab. The game also runs fast&I've never experienced any glitches within the game. My only suggestion is to add a longer tutorial because this game is more challenging in terms of preparing the food & organizing it on the plate. Overall an awesome game!",5,72,1.0.1,2020-03-29 13:21:12,,
gp:AOqpTOGUGZoDhPVtF5SnTHFM7yQKXbjwQ-005g40A0I0ZehKhpSTE6DmCvWm31bLOuhImBebH4CfW7zgRtrqsw,Tony Ramseur,https://play-lh.googleusercontent.com/-tC_wGYRta9M/AAAAAAAAAAI/AAAAAAAAAAA/AMZuucmx1eNMPSi7QTAhGrYMzkklYnGKnw/photo.jpg,Wow so much fun,5,0,1.0.1,2020-03-20 18:20:16,,
gp:AOqpTOEwxLpihW9oFoSvMIP2K1lTk-xKXAGy-fTga44e-jthc4eKKpmShE20jPqIn5OcGqKB9PH8NPxv2qpiRA,Aleisha Martinez Sandoval,https://play-lh.googleusercontent.com/a-/AOh14Gh4E0Br9Gqs9CMQZmE-p1Pc_T6cCDflLT9akdiwI8g,There is a problem with the wing alarms. Very disappointing. Overall game is great.,4,13,1.0.1,2020-03-17 19:36:16,,
gp:AOqpTOHeEKmKVeuqVroOhxupmYpBazvC2P8x2wN1nuGZfEKO9cAUFGO2DvKWZcxr-ojsQU5oVObZAlKmpZaZNA,Core YT,https://play-lh.googleusercontent.com/a-/AOh14Gh--1zSTmoadQvOvXX3_GyaPy04deZmsNxKHEH1YA,Great game!,5,1,1.0.1,2020-03-13 10:57:04,,
gp:AOqpTOHVSX9QRyBIHiEvy8S-ktr2NvHbfFeGxAFjM8duYg7-Qrho3c1jpEAVTaKV6BEnpbr6JGiStWfehYalwg,Jaden 55,https://play-lh.googleusercontent.com/a-/AOh14GgL5LyCV2wVcnHYbQTCQdCwx3sMAOjm6nxFfFsvFg,Good to ceep your mind off things,4,0,1.0.1,2020-02-20 13:46:15,,
gp:AOqpTOH1VIdhFH2OguZFlrRBudHHFc6Z1iOxOujDARSD2Pab7K97ziq5fGPl4IX1hL2hupP3EL-bOn0EF_GZ-g,Gesta Rachma,https://play-lh.googleusercontent.com/a-/AOh14GhdMccZnNg6imWF5Mpf1I_CodvJ-YulORYac0d5JA,Cool,4,1,1.0.1,2020-02-16 22:44:56,,
gp:AOqpTOG9qSpGkSclzXSBw5dKdufEjEiWZuHuJ8WgvCCwoguQUdaCxdKbhfZiddOQZmz9sK0qHt2PEqXCHkbjLw,Logan Burnside,https://play-lh.googleusercontent.com/a-/AOh14GjHg20SMmCGEii54oNkkWzHGDWVCKNuOGjRF6Cb,Stickers,5,1,,2020-02-10 13:20:52,,
gp:AOqpTOHrFf5I7p4VX0wfi9XFbJqiIy90ZGLX7EEIkN9S64-gKC2SliPzfph7Nuz7HxXb1PoUwxYOJ_bdCwYSJw,Felix K,https://play-lh.googleusercontent.com/a-/AOh14GhQCR6J7AfzIJKzVVDBQUtV_9B4A7L-HIrY1qAbew,Awesome,5,1,1.0.1,2020-01-26 09:30:55,,
gp:AOqpTOESt4Y-9tFfAdeflqiqZ4hobM2-l09hvxM1JGAvksudZYKP5CGt_osUL4ARUDEFiwtrdhKny3cRJQssbQ,Nojus Matieša,https://play-lh.googleusercontent.com/a-/AOh14GhNtMPeGbzGduZ_DOvRoi6BP33f1r0IAKUPOa0s,Game is exciting,5,0,1.0.1,2020-01-02 03:09:56,,
gp:AOqpTOF5mcFFv_m4ztmTIqOoTXB6SUFsTVI58bsqIVVf7Ndubnif-js86pSQ_t4ha7z5gnkL6qs-iTtImT0TKw,PMtoAM,https://play-lh.googleusercontent.com/a-/AOh14GhFXcqL42kXh_m2CUbfbsQiKTVF-XdgKMLHqAl68A,I want a refund nothing like the game on coolmath,1,0,,2019-12-27 13:08:07,,
gp:AOqpTOFlW9nL4-xiUtdq482y-bIXyCOiHOepa3CIRj64-ulDy9Az3NH8ZzvsI51oOtdxtlkj6wCOl67SHvRAvQ,shawty judy,https://play-lh.googleusercontent.com/a-/AOh14Gg3uut562U_dOf3X1V-d_P9wyZOSjc6alNP8wh2Iw,Its hard,1,1,,2019-12-15 06:35:12,,
gp:AOqpTOGkViUUSmDg2NiuTGot_056ElL0NpLUHE2v41oSxBt6wmIsnScQqWFuHbxciAIdZhG-a-WRJfi_4Xw4Fw,Jessica Cifelli,https://play-lh.googleusercontent.com/-OLxHgfQZ644/AAAAAAAAAAI/AAAAAAAAAAA/AMZuuclCWdr_Xr701x5M4GKF4-oMLihz_Q/photo.jpg,First thing: my screen froze on only 1 side(wing side) of the plate arranging station. Second thing: the saucing station is really tricky. Hard to keep track of multiple orders. I usually love the Papa's games; been playing since way back. This game was way easier on a PC with mouse control.,3,23,,2019-12-04 18:50:18,,
gp:AOqpTOGf6WJSFq1M7K4_lLDhapkcKi-cBihzQIv2PEjoidKOsZyZXNEL-GPB_TsifJh7N7OhyPOjwnG4XlNQKQ,Lemme Catch My Son,https://play-lh.googleusercontent.com/a-/AOh14GglQXaxkzJkB9q5KJZFmJCi4MaZCkouTWMDOq1dGQ,"Best game ever...also can you tell Taylor im sorry for giving him 1,026 wings...and uh also subscribe to Poofesure",5,5,,2019-11-27 18:44:04,,
gp:AOqpTOH_5ZZiLJ6eiCPLWiinYi0st_-5vvZK1xQGl-EKfnEWTHoSvdn030D8GxaNvtNICWS4j1BH-RTskCbm3Q,Lauren S,https://play-lh.googleusercontent.com/a-/AOh14GjC5hVDVTCxyxKAuyMaYYE3uxUlih-COjsHlzp5,Super awesome and easy to use it's just like primary games 😍😍🤗😍🤩🤩🤩,5,1,1.0.1,2019-11-20 13:38:49,,
gp:AOqpTOEncdFSFYPUPyqh1PbgqmMDQdTZ-mgDQXuk2kKsSO2_ssD6winqqgv14UwVcxtX8JqdTgJmS6rrcpCpVA,Kenzie Hunter,https://play-lh.googleusercontent.com/a-/AOh14GgZP7Kzp51NMlQ9dnqMP2GHasESN_v3jUXPnjXb,I played this game ever since I was little on a computer. But now when I downloaded it is really awesome. But it does have problems with one is okay with but it's sometimes glitches. But it's still okay a good game to play.,4,61,1.0.1,2019-11-14 17:21:59,,
gp:AOqpTOHaL4Pc_DGjqaFv-R-Xy79mVIM5lT0NfDxNQtqIeMTX-j-Odsxh0cQK64omKwxSvQsUUm5uG2dIieDkiA,Francisco Altamirano,https://play-lh.googleusercontent.com/a-/AOh14GjaIqwIb5iPvaXRqJmYLsc4xSjL73wkwKzeImDb8g,Asome game,5,2,,2019-11-14 16:17:51,,
gp:AOqpTOFyosV8tNUOJxlnwAidWtdyIiAXImUecy-BLPz2eNCVdOCkTsVSa0K3NzZ54QPTSfHRnvrY5nxcPztCnA,BlueWabbitCAAY,https://play-lh.googleusercontent.com/a-/AOh14GirmTSDyVO0SKyjnovnQC3ZUDLuNyfaT3O93x3ncQ,Fun I just got it a week ago already on day 83,5,0,1.0.1,2019-10-26 06:20:48,,
gp:AOqpTOGk8pCdSPKSBA2HfrPgcX27qYT9vAja-66pdfUo0UdiCP__4wxy79znPuacaojppaE0FeZeSVuDciHJGw,Sam Lewis,https://play-lh.googleusercontent.com/a-/AOh14Gg2ZnZPDk5qANyyesBzOIIlZA-aqNEVawzv7WrU,"Great game! love all papas games! You should make papas Cheeseria to go! I used to play that on the computer all the time! I really like the other papas games too! Please make to Cheeseria to go!!!! That would be so awesome! Also, you make the best cooking games ever! 😁😁😁 I hope that flipline continues to be successful!!!",5,61,1.0.1,2019-10-20 12:20:24,,
gp:AOqpTOEEwHVOwS7ZcDuDjz04uFWNH88_L7SRHCwoosAkpI_XcejjAJ85DmYnEliWLBSmjvHnuJq_-VjLFaqCaw,Nuala Wimsey,https://play-lh.googleusercontent.com/-j75EWsmtqdc/AAAAAAAAAAI/AAAAAAAAAAA/AMZuuck1IzA3ixlrK-ZQcpONd7u2p8etPw/photo.jpg,good,5,2,,2019-10-18 01:54:53,,
gp:AOqpTOG7Mzgcd5ktnRo_z-ueNO4uZcJQhfVaFokJBSeKey5kMOJdvYOCtWWaCsyOVXSVZQEZadsFeaetjOF84w,Kroki,https://play-lh.googleusercontent.com/a-/AOh14GhU-J2aNa4Mr_vqBwpj6zVv1gQf060fWpozd3L0ug,This game is very cool i reccommend it!,5,1,1.0.1,2019-10-13 19:43:53,,
gp:AOqpTOF8fnjNEDXD8KMUCOkDOUyOrzZfaT5rq7RNGmDBJBRYihUQngjoE-Yug6b9B50dRPkwg0T9G6dTcNE7bw,Nick zavala,https://play-lh.googleusercontent.com/a-/AOh14Gj2w5PcF7y7irZjNTO9WMHaWbRa74BgCmPhdasiig,Very fun game to play with you and others,5,0,1.0.1,2019-10-12 15:32:57,,
gp:AOqpTOHml5mxnfY9vtZaUro0sOcsGi-pfHs9bgfcgAXJEd4Zq5vgrNTRsy6SK6x3JfryU-C9g6EtuytG38V4eA,ᑭᗴᑎᘜᑌ,https://play-lh.googleusercontent.com/a-/AOh14GiCl2JVMF6ON1muTJVKdQdIfazLatQ9sI_5_0FBRg,"I used to play this game everyday for a while on the computer, I don't like spending money on games but I thought it is worth it. And I still think that lol. When I see the critical ratings and the one star ratings my face be like ""bruh"" like why would you download it then say I want my money back, you could refund it before 2 hours. Also can flip line studios tell me how to make a 100 score point when I make the 8 chicken pieces on the other side of the plate? It's so hard 😂😅",5,3,1.0.1,2019-10-11 00:11:00,,
gp:AOqpTOGU37RyfzXm-O82sPUc88GRb47i5f1_dys28pwkwTAObERSgVI1dACIIWnhKXVd6f3U1W4tVqj9MDWABA,Rosie The Chicken,https://play-lh.googleusercontent.com/-oISjc2i8LJQ/AAAAAAAAAAI/AAAAAAAAAAA/AMZuuclH3K0QHwqdMtfxRHFPyoxrD1PcTg/photo.jpg,Tasty fun,5,0,1.0.1,2019-09-29 14:29:38,,
gp:AOqpTOH1DD3ImD_Ey1ZtytsRPCCbPyvPBlcOPJ6mW2KAk3aunyVWsrNnPG4D6CmPGoYGx6hEgYqrRhxbXvDf7A,Milad&Rita HazimAlsakal,https://play-lh.googleusercontent.com/a-/AOh14GjaS9tAe2NHIl5qi-QwKnF4gi47VZ7O4wGquNme,This game is so fun thanks for creating this game I love it alot that I have more of these game😀,5,0,1.0.1,2019-09-28 02:41:27,,
gp:AOqpTOG9hyAUludklCvopuO2cltnEbSQQUhF_Luz-U-d19d0rlX1UyJ6-sv20o3Ptn8EPR4m8hyv22mpfsHKXw,carol reynolds,https://play-lh.googleusercontent.com/a-/AOh14Gj37HsoekXAj-uftG8sHlKiwOmbNvnsxDhq5FV1jg,Kept freezing up,1,6,,2019-09-27 22:05:52,,
gp:AOqpTOG6MeFP74e4mkZYUQD0f9gu2IDahkYYhw3RIcgoMQPVerDGZ45vh5J9icR53Jypc6PPWiO6o-usJdtYbQ,Araya Bennett,https://play-lh.googleusercontent.com/a-/AOh14GgQPdXorc-8TIdAPr0dY8GwhQBNeA0Rp-cvr7A5fA,I wanna refund,1,6,,2019-09-15 11:13:01,,
gp:AOqpTOEDQpwWm5xOWm7ilnscigRaJjUkzUTW25DcI1Mequt72dADKXSE1qmqavyOICkbxP9HyKgX22lmdExwfQ,Gavin Bear,https://play-lh.googleusercontent.com/-YJ0MUt4D1wI/AAAAAAAAAAI/AAAAAAAAAAA/AMZuuck-qcQdo5ZGEkTqrMv6bzmW2DLjBA/photo.jpg,Great game I love this game 🍗.,5,1,1.0.1,2019-08-24 13:09:04,,
gp:AOqpTOHjij_NFKxnG7U30nRu3tiCcqRGzCN5EzXsiv4vORWANApUR3WdWYipNPVVs_FKer7XZS7vmHfJ5aiZDw,Katy Whittal,https://play-lh.googleusercontent.com/-aI_buNA3QRc/AAAAAAAAAAI/AAAAAAAAAAA/AMZuuclV3kJoLTnoNEmMp81gNc11AlsgpA/photo.jpg,Greatest game ever,5,1,1.0.1,2019-08-22 18:09:53,,
gp:AOqpTOH0r0P0_tQmueCmbiE4km5E26EdWrhYZ40kSfu7msSs1OMqNhvj8dLyLXts3Uh0hNp5tlQNjlxoXrUDfA,vaishnavi malvade,https://play-lh.googleusercontent.com/a-/AOh14Gi0pQ3mASuni7hNpt1_VsdrgzO-rtlFpzVwuozqyQ,Bestt game,5,0,1.0.1,2019-08-21 00:26:32,,
gp:AOqpTOGB3UHMnitc6U-WKfnJmT-MI84uRlzG32yt5n5pKmDaopeom_eUqQ0KfDaWcz0fsg-GMmtpwFlzMpliKw,Gisele Rodriguez,https://play-lh.googleusercontent.com/-Z4KGuoDxtK8/AAAAAAAAAAI/AAAAAAAAAAA/AMZuucle-Hup379VhPg_dXR-UNpbLJ93Mw/photo.jpg,love papa games,5,1,1.0.0,2019-07-30 14:09:18,,
gp:AOqpTOGcERpWi-B2ojU0yLX4Kax0zkoMNI6_6mOrxbwKwVISbwMWekYd2husY0a_tN8gBPkhAc4TQ1AdewbHiQ,AyaAya H,https://play-lh.googleusercontent.com/a-/AOh14Gir0zenI4ekMN7MjnGbKviWVkSHVF0VERokrRC4dA,"I love this game, it's awesome.",5,1,1.0.1,2019-07-18 06:43:24,,
gp:AOqpTOEt36d0vlKQJwEodo5SI6ccI5H2LXpdsh5dQzBIfYAAsArjaEyjwwtkFfdi36AbLkXZTXDf23yO9aqUJQ,Baby Queen,https://play-lh.googleusercontent.com/-dqqF3qj4x2A/AAAAAAAAAAI/AAAAAAAAAAA/AMZuucn61b-IO3b8uSg6EFV0XyoDZCIVkA/photo.jpg,Can I have my money back,1,1,,2019-07-11 11:31:56,,
gp:AOqpTOFXHuc2xC7OL2xhQq5OduZyGcKOplVwhweedcdRDkBZvjqncTNnYTsBTG73bjbIjo-xK1geNyLlMJzCIQ,Utkarsh Saxena,https://play-lh.googleusercontent.com/a-/AOh14Ghwl8EsTwYl5rDrdeXXsA26KhxukR3MfyFuxbgdXw,love ittttt,5,0,1.0.1,2019-07-05 15:36:01,,
gp:AOqpTOGTYfsP-qEABYO9r7URSuAP9NoNSlx5HEuXvMpVicjbGQGpdSFBzu6QaJ9umBW3ksTTKWyyA7DJY8uB7w,Jessica Marks,https://play-lh.googleusercontent.com/a-/AOh14Gi9fK2Cc-T6XIovLfIXGNm7NW5h_76y7u6wh8yJuME,"I love all the flipline games and this one is great too. The one thing that annoys me a little bit is the sauce section. I wish the sauce counter wouldn't start until after you've chosen the sauce because sometimes I accidentally press it right away. Also I think on the website version you can buy wet naps for when you move the wings on the plate, I'd kind of like that feature here too, because it made plating a little harder.",4,31,1.0.1,2019-06-18 22:39:30,,
gp:AOqpTOFsK8xNd-2WZWONu6o42VzzTo0BiRQnSu-D4LzZEtSmsm86qVQDsSfJ2UlRUEUTaxNduS527uwpSqizRA,Aden Rees,https://play-lh.googleusercontent.com/a-/AOh14Gj97xcBV12RhmlWizvRellN6qQom5U7zVe5ENFiZg,"i dont understand why the control ratings are so bad as this game has better controls then the HD/original and also people complaining about refunds are so stupid, on the play store, google only allows refunds within a few hours of purchase (2 i think) while the devs can give refunds later its a lot harder to do for a fact and also i love this version, the best version of wingeria. good on you tony and matt and continue to strive to bring every gameria to mobile 🙂🙂🙂",5,11,1.0.1,2019-06-16 11:00:12,,
gp:AOqpTOFczgUPeEXsWhcUjSmsnNN_RBxat-twp6wQ006Xy7wQjmcCsBNbGNsOyANtDa7XgSN7x8vbria2P8D1yA,Amelia Ruether,https://play-lh.googleusercontent.com/-Tg6AttcdJ9c/AAAAAAAAAAI/AAAAAAAAMto/AMZuucl6t8CjPMvdQxkKd9LN1_CpkyH6Hg/photo.jpg,great,5,1,1.0.1,2019-06-16 07:26:50,,
gp:AOqpTOGFwbg9NEur7AinZHZPEBIA84zz7sf1mhNk_Mk_ap9NTboQy9OuCBr01Rc_KVCrPrUgWzjX90P0G3AigQ,Rescued Coast,https://play-lh.googleusercontent.com/a-/AOh14GiQhoaCieDBYodP82sBn1LGV8IDQLdKZW6tMTvMqg,I love your games thier the best games,5,1,1.0.1,2019-06-14 08:55:00,,
gp:AOqpTOFHCIJdUiwHaNEZcAF_RIdy-C-H9jyTctYPZI8chg4u_BnxTHlAb-n6r73We44q4ePP-f_KPi8XbQSyiQ,Lunar _Gamez,https://play-lh.googleusercontent.com/a-/AOh14GgtSD4BhQVkyxIiD7klK52wDFw3ox1nHvj4pJDk,"So here I am. I delete the game to make room for another game and because I wasnt getting the experience that I usually get. So, after I uninstalled the game, I checked google play and saw that I didnt get my money back. Are you really gonna do this to me flipline? Thats such a greedy move. Was a great game, but devs messed it up. Definitely one star.",1,7,,2019-06-12 19:17:46,"Hi, uninstalling a game doesn't automatically give you a refund from Google Play, though you can request a refund from Google within two hours of purchase by clicking the ""Refund"" button.  If you wait longer than that, Google doesn't offer that option anymore.  Email us at support@flipline.com and we can check if you're eligible for a refund though",2019-08-13 18:42:27
gp:AOqpTOHl_PWoQoPuLcEdlLe12Y6QAB-33sB3egUj1VNbngHcOv_z4XHU0Ayxgz_wwCc-Q3g2olZUthF5-P5RAA,RAPA DEXA,https://play-lh.googleusercontent.com/a-/AOh14Ggt6Ph-vZFBUfNChH-7xut8IBTNOLFTRokB116DLw,it sucked and it stole my money I could not refund it,1,5,,2019-06-12 09:20:35,,
gp:AOqpTOG1h0NuwYa6bV00QBA_UAgkaT0206WFPxPAt6P5TW5LG6KSJnCz1vhX0PVWo1upBaaHrHuYrmDBta_NqQ,Mahad Shah,https://play-lh.googleusercontent.com/-oJfQB52M5mA/AAAAAAAAAAI/AAAAAAAAAAA/AMZuucn-pcwvWnR0ojmKuYwtMKU3TBJYLA/photo.jpg,love this game it is worth the payment 😍,5,2,1.0.1,2019-06-10 11:37:39,,
gp:AOqpTOF52XnTxLdo31GMYx61A6XbvNyM85iVCnZX2F-cfCBL-VpARfOz2Tel6AvrJOL9OPRrM46bFHuzm-1vhg,junani,https://play-lh.googleusercontent.com/a-/AOh14GjFOooytHMWykQc2lgFf0wvBMOI2X2XolwUGtoQrw,i want my money back this game is so bad dont download its nothing like the coolmathgame,2,99,1.0.1,2019-06-08 15:49:28,,
gp:AOqpTOGtxF2ztvNiyYcQ-_7q07tG6flbK2o9EL_742BoMRPoMa7ReIP8q_1OOPCEchrd05y4QZDTm6EW0jY79g,Amielissa Natasha,https://play-lh.googleusercontent.com/-upkJeaR7SGc/AAAAAAAAAAI/AAAAAAAAAAA/AMZuuck_mhtMMFqx6itdVjlQe4RmTmeHpg/photo.jpg,Good,5,0,1.0.1,2019-06-06 06:03:31,,
gp:AOqpTOFSoliMMfvFZ1dCJ97dYs81Bq3wQiIkMCX137Jna5RqReYU08PBf5e5qS1NIDGle7alsrvDEN3JZrvwmg,RickPat,https://play-lh.googleusercontent.com/a-/AOh14Gho-bBykMhpcbNDjPeIQ6xRP7il2OALl7NJ_5pv,I like it,5,2,1.0.1,2019-05-04 19:54:35,,
gp:AOqpTOFh_pOOmpoi0on55w6OiC3VYeshSxY9PowlTeKHZnPKNuKkeyAhXXx_-6PE1tJOWISU-HNaoGALfxw-iQ,DEB Builder2004,https://play-lh.googleusercontent.com/a-/AOh14Gjzeqm76SzOxMPcxkSJ-uRQDHSd5HgmdzKlwjWh,Love it!!!! ❤️❤️❤️❤️,5,2,1.0.1,2019-05-01 07:44:52,,
gp:AOqpTOE16ouBa_mvcpknBav1oNiVyjauluQ-w5q_4D9bVaNDEp7H-99ThwWXdkdJ4PYZvM8PEdHutjwjLoXLjw,Huntee Blackee,https://play-lh.googleusercontent.com/a-/AOh14GjTla00XAA77skEZOSF-XFlpa_wnovUa1wZrwUkIg,Awesome to play!,5,2,1.0.1,2019-04-13 12:03:44,,
gp:AOqpTOEgxTevYWD7zxpBw1Q9NfvJaJVlYK_D98RVcmXhds7XR6JKSn3qswJTqQPTsk3AomWBEJIRriIIgbtZhw,BALARAMESH SHAKTHIVEL,https://play-lh.googleusercontent.com/a-/AOh14GgjJ6G26Nu4vM3KrjEXLmewiBOiBz2WXgzzzNlm,Love this game! But I wish flipline would add seasonal special recipes.,5,4,,2019-04-09 07:34:19,,
gp:AOqpTOHfnUyw8vCgARj5KxJqjSGeGnoYZkbjmY60vJ0HriliS-WuMEYoPhS3jcYs0yoEJl6wCnrvZEnu_oGL-Q,person mcperson,https://play-lh.googleusercontent.com/-MUpUgPGbOdg/AAAAAAAAAAI/AAAAAAAAAAA/AMZuucnROGu6GObM7E01o1BKIDeckyeeHg/photo.jpg,the controls are alot better then the browser version and in the last game with the scoops I had complained that they had taken out maple mornings but they included it in this game again so thanks,5,34,1.0.1,2019-04-08 13:40:12,,
gp:AOqpTOHDjCJTpCm3S1T-atOU08FCumtP2KcwaaWLvCRbTJwU4VVJI8reWu55sP7Ozj_b76HwPCIfuNmi5xuNiA,Gracie_Plays,https://play-lh.googleusercontent.com/-_HHFZ6cZL1w/AAAAAAAAAAI/AAAAAAAAI5s/AMZuuclQ5vA-ymCejuDivFgogd1HiqHTzg/photo.jpg,I've been waiting for this for so long to come on phone. I really enjoy this so much. It's very fun. Thank you Flipline Studios,5,87,1.0.1,2019-03-17 10:42:13,,
gp:AOqpTOHyjotoaKh2otHi10P0VoJbqkqCsyqLcoUkjOO3wfr_sMAaE3trbaw4oo1Wm5hNmpLgLTFQoZu__LxGvg,SlenderSera,https://play-lh.googleusercontent.com/a-/AOh14GgHrB3rymBh8FnHaZ2EN7Cb0K8dLh3zXjA6i-NUJg,I've wanted this game on my phone for years. *happy noises*,5,54,1.0.1,2019-03-16 12:29:18,,
gp:AOqpTOFuFRxoZEY5G7krS7p9swenuwSrU7tY9hjEHNnYcjznZ2cZduZ6SfDHQJmto5x0vNfbrzRjcknqeSAE6g,A Google user,https://play-lh.googleusercontent.com/EGemoI2NTXmTsBVtJqk8jxF9rh8ApRWfsIMQSt2uE4OcpQqbFu7f7NbTK05lx80nuSijCz7sc3a277R67g,good game,5,24,1.0.1,2019-03-13 18:29:20,,
gp:AOqpTOFF755XIsHeUoRw8vna9wg9f4d1Ys-qNVAuw8IoFcnKDsHie7HJOfNc1PSyIlzjJ_nrJN6nW4Z3nRjiIA,JoJo Paluzi,https://play-lh.googleusercontent.com/a-/AOh14Gix1OOQfMOrcx9DsUHL0CU7Kzw3-GJU3cgm_BFPxw,epic was super fun and I already beat it,5,6,1.0.0,2019-03-03 12:49:46,,
gp:AOqpTOHRcQdyrWqW_EhvfnNYP4eGJqjRELa_SK2q5qQZlTJ2nBunMOgfLvniLbRiKrYLm6aP2rkl-C2B662SZQ,Kearstin Ivory,https://play-lh.googleusercontent.com/a-/AOh14Ghddq4cI4WjqsuTQYBc9T_YBH2LsffPSKmTyvRLwQ,"THANK YOU SO SO SO SO SO SO SO SO SO SO MUCH for re-releasing this!!!! It's my absolute favorite, and I've been looking for it for years! I love it and I love you! lol",5,7,1.0.0,2019-03-03 12:00:47,,
gp:AOqpTOG8yigWYVPsfTyAUPEnRYAaZBbYN5JD_Ax2d4iSxuntcqT2OgjvAdFAiqldO55y593PQVh8WI8-4qWwQw,Pierogi,https://play-lh.googleusercontent.com/a-/AOh14GgePdGHwnvj3HlnkMpj7OcvdK5J5AeBIvvNaSec4g,i like it,5,5,1.0.0,2019-02-25 15:35:32,,
gp:AOqpTOFjnOh3SEzdvPU5VgXvsKcqp0dl5QyJCImmNu2sFp3zdnzDkoqQ7nEaNVBTbP-knruXUmc_KXqi8ZHmNw,Anthony beebe,https://play-lh.googleusercontent.com/-qWockff7Nl4/AAAAAAAAAAI/AAAAAAAAAAA/AMZuucnRIZc9IXpnmQrIfKOmV08lQDoYjg/photo.jpg,I had trouble with the customers. they keep coming fast. they need to slow down a bit,4,12,,2019-02-24 08:59:19,,
gp:AOqpTOG-48JO_LMpNXH9nAhwF0FGQPVVaUkPQRgpTv9HgdAiDaHAJGPS89rcYWzDUKVMu_UTogJBciV6Z4OxAA,Eva Casas,https://play-lh.googleusercontent.com/-0N5P666Igp0/AAAAAAAAAAI/AAAAAAAAAAA/AMZuucmvStQ0LlAuaJhewKQQ7y2rygsQlQ/photo.jpg,it so makes me hungry for life put the dounutria pls,5,28,1.0.0,2019-02-23 18:37:39,,
gp:AOqpTOFsX4qz_D65wbZTXNWdLc0HEF3UG3vc2LuXN-uGbZdMTiAr5n576tIScdHIbxN1UVWUR8EAr2tw_ljW8w,Empress fairy,https://play-lh.googleusercontent.com/a-/AOh14GjX7OeoIxUVAGOEMQX4wo74cD6INQe21KzWZM_KHw,great,5,4,1.0.0,2019-02-23 13:51:55,,
gp:AOqpTOH-NFYWNRtd_Xmxy-rwXhUrKhn3bbaB5lNxEAjOkZtNCCYhm-2Z8O2K6AA-lLweB4VDNzGEu6FK5gZhXg,Aaron Fischbach,https://play-lh.googleusercontent.com/a-/AOh14Gh08L_NMNfjry0nWqvEp8aCmdg-bZsKLQriGA9ABVc,this is a very fun game since yesterday especially the other games,5,7,,2019-02-23 06:07:11,,
gp:AOqpTOGLVQle71NDzaDtSZ949qAgjdqEwNQBZ3usFCOIFKvmaBoEaEq5G5xRORSq6ArVACGNBSYxxshD2z7yqw,sarah love,https://play-lh.googleusercontent.com/a-/AOh14GiA53tM-15cr39qVEewF258nsgSLo3E4RKnRxetuw,fun,5,5,1.0.0,2019-02-22 20:09:37,,
gp:AOqpTOGftlv6fkrU9A3ugkrDUIOpWkYqi8OnSX6jJ_MbXIngpraSq5cSUDrODuyPqQ6e5peRO1ujcMErP37vxQ,A Google user,https://play-lh.googleusercontent.com/EGemoI2NTXmTsBVtJqk8jxF9rh8ApRWfsIMQSt2uE4OcpQqbFu7f7NbTK05lx80nuSijCz7sc3a277R67g,I love this game I have played the first 4 days and it was fun thank you flipline studios,5,39,1.0.0,2019-02-22 07:36:04,,
gp:AOqpTOHJUENO508DaRGW9_X05GNBzPCkjVAMlRvw_T23WLaYyLQcRaSthFwB2D2gd9uWFJgIBl5A3M2c4xxJ3A,Juan Esteban Gallego Mira,https://play-lh.googleusercontent.com/a-/AOh14GiIs4oElDBuKmDps500YId_FjJgQmAr39ZYjp0_1So,I've waiting for this game so long!,5,12,,2019-02-22 04:20:40,,
gp:AOqpTOGTb1GM3fvJzfEDb_TGvUSHrYQX383kX4CEGp4Kw15RPk-AJddnFgNrGOF-SIhFR8uT6us-KuXLz2QRuA,Jacob Shoesmith,https://play-lh.googleusercontent.com/a-/AOh14GibybvU4m9plELThwo1EibtzHOTz6vuB1RGWA1njw,"A good adaptation of the original desktop version although some things could be changed. First of all, I'd rather that Xolo was a closer like in the original game so please change that and can you make getting a perfect easier",4,56,1.0.0,2019-02-22 00:42:24,,
