reviewId,userName,userImage,content,score,thumbsUpCount,reviewCreatedVersion,at,replyContent,repliedAt
gp:AOqpTOGMIyb7uWRTfjSz5zsYM1RFLj35xmCHR1SOul_TCMcKgSsT7lRJgD2Zk-WoZ1kSO1EfsV00S49TG5EVbw,ambar pandya,https://play-lh.googleusercontent.com/a-/AOh14GjmdjeGiyKdTltp1N6rhGOt-zY55x_QoKT9Y4oxag,It is really a great game with different Al engines . I really recommend to others for practicing chess.,5,5,14.0.0,2020-11-26 20:10:55,,
gp:AOqpTOGYUL-bTupMjfpwAu5faZKOwQ93rxOhtHWUMUFSaGl-nbYvFlCDb9TCMpRTpd0G9RekEk4Swkn-BCSdFg,DenMar,https://play-lh.googleusercontent.com/a-/AOh14GjYAJNaBwnk43fCr_WaIYZFwpwkR9AASK4WwS7X,Out of order? Are you not supporting this app anymore?,1,2,,2020-11-23 18:08:13,,
gp:AOqpTOHy5DbrcTJMy1mT9O0n5Dv5xe354eKA-kczE6AIol0yhwJj2t3YtYSBcwGD5L0pbHGiwaYhmNrj5ZKE6A,Simon Dowsett,https://play-lh.googleusercontent.com/a-/AOh14GgR_o4uSHQF3up4izjZ8tKLBYYK4AEpIAH5n8R6TQ,"The AI levels are pretty bad. Either incredibly easy or incredibly hard, but the learning feature is good and the online multiplayer game is worth it alone.",4,7,14.0.0,2020-11-01 17:01:15,,
gp:AOqpTOGHyjfeMTTqdRizu-7RgTDxJyUloKoph6Fvl79yyfx7KEagxka1ghqaUvGPIGRzHyA82Jw58j4C2fE0xg,Vasanth Babu,https://play-lh.googleusercontent.com/a-/AOh14Gg57YE4Tnd4eyK3iX1u84e_HDJWgVCKNBSheLiYOg,Need an Update App was working fine untill last update. Now it's not connecting in Multi-player option. I tried to connect with various network actually problem is with the app. It not asking for internet connection permission,5,8,14.0.0,2020-10-08 10:25:52,"Hi, the network is working again. I am really sorry for the inconvenience!! It was a server certificate issue that only affected some devices. Please consider giving us 5* again, it's very important for us to keep developing SparkChess for Android!",2020-10-07 22:52:43
gp:AOqpTOHFz94QjT7k-CV_gPRp6e44vwxJkbhIF-65RnT6MI1U0TjJV44TgKzjQz8POGc_lLrdTQmwcxfuRADz4w,Fenix Chess Board,https://play-lh.googleusercontent.com/a-/AOh14Giu6qO6fUVSqxb1rCBjCYQFCOO5tDy3mE9wJUQGLPo,"One of my favorite chess games and I appreciate the amount of effort and care the developer is giving it, keep up the good work 👌🏻",5,1,14.0.0,2020-10-07 23:23:29,,
gp:AOqpTOHMgeIQdDWbSjToerZToX94NZqfADFkq0lDyQJ1ORjL8DMr0Iks0bESmKln9FiOK2g0DzWlpcna2j20tw,Prashant Gangwani,https://play-lh.googleusercontent.com/a-/AOh14GiSo7RCGseJDFqXrhMiQ4Q2Ulwit4i7nS1UX1ch5w,Please update for a android 11,5,2,14.0.0,2020-09-15 13:46:39,,
gp:AOqpTOGu_KAGkrXOBAb9rgJ5ws1RBEaSHuGfBm5raiwot996LLq5VUWQXu1NIiLsEo4e0mtlhUPku9zEwC2-qw,ard de guzman,https://play-lh.googleusercontent.com/a-/AOh14Ghr_rRYlGSVMYWx9zBeTTLzQVza7UzLSRajcMX_,I'm past the opening moves then at 4th move the game was cancelled? What the hell??,1,1,,2020-08-30 08:40:04,,
gp:AOqpTOGdrKHM0xkG_awBDJmN0QQIbdNoCxwSpdJAf1MxfhfPR3BH0QXeMI7wuNzWlQePFDs95AJbB7Hr7na_xA,Jason Guben,https://play-lh.googleusercontent.com/a-/AOh14GhiIAcJ0hgL8QpAzYjNckVJc1pB6u9C3VZ4phm8buE,Great app,5,2,14.0.0,2020-08-21 19:56:07,,
gp:AOqpTOH1Ru-uyRi2qfHm5Ad-YeYKJB5iGu-TOI6J-Kaz7VZ_4f5p2JdlgYOGqgQfPLYMB0hDjNrcVvhPLqte1A,webstutor39,https://play-lh.googleusercontent.com/a-/AOh14GgMitBXvh8TqjnxmAnDOPc0jHtiuiQLy8dOVQnU3w,OK,4,2,14.0.0,2020-07-22 00:34:26,,
gp:AOqpTOHnwkyrEvJWSacZItSzwq5pQ3zrod6C2pIZ4ljOjRqR32BsuFKeTBV5cFYfs9hpO1IfxuSVrUf4Eu1qNQ,Subrata Sanyal,https://play-lh.googleusercontent.com/-TPwCysoO3ro/AAAAAAAAAAI/AAAAAAAAAAA/AMZuuclRAidIDoUw1zywlEZGhE3QcSJzVw/photo.jpg,Brilliant 👍,5,0,,2020-05-07 07:43:21,,
gp:AOqpTOF53FinHfIY1J9pTFOrrFYUzs23RTkzlrZ2fJ2PkixtK_2FnWbfVJdpQ__vWk-K4xLO1P1sN7_0KohGcQ,MrTriumph44,https://play-lh.googleusercontent.com/-KPJS1n1MZGA/AAAAAAAAAAI/AAAAAAAAAAA/AMZuuck_oE2yPd-QlsfJanJk6MJWILKoaQ/photo.jpg,Awww,5,0,12.0.0,2020-04-22 20:24:25,,
gp:AOqpTOEHCV3BXunTB9W5OOq8h4CkCCgJEvZqU35yBz7ZvY_8ogLc_J9aAk-DenLJbf9MNDUoB0Szk7eZ6XAr9Q,Mackenzie Stewart,https://play-lh.googleusercontent.com/a-/AOh14GiEMx78N3HRc-7eBmVUzxRSACZi1VKEralmmNNrOA,"Awesome, I can win against all computer opponents. Can you fix the shadows for the boards that aren't in fixed 3d for Samsung Galaxy Tab E tablet? Keeps getting better!",5,12,14.0.0,2020-04-19 08:16:25,,
gp:AOqpTOFUUaVl2OQkA_1wsQrx_HYbsfc33SdmywUbNB4A_vm-QG9O8IoTpeNbQZDn8lgzFTH9EE3i8dDWLdY32A,Marcus Jones,https://play-lh.googleusercontent.com/-rXVSU-p9hHo/AAAAAAAAAAI/AAAAAAAAAAA/AMZuuclVrorA_b8Pi9QvNSmradH6t3RgrA/photo.jpg,Wonderful,5,2,12.1.2,2019-12-14 20:03:52,,
gp:AOqpTOFBSNpDQun8AqD-xCVgpagt_BfySjX7z8z3L2v-2hp1ebrkDb4IPhvjFlyg9syPbZr-JAg0xxhaNSr-Og,John Simmonds,https://play-lh.googleusercontent.com/a-/AOh14Gg2m-CRhCF_ZDIbR4ClKeqYHkVESQH0Xt5AkEEuTw,Had it for many years and overall quite happy. I would like to see a more learning integrated and maybe a animated fantasy mode. P.S. Thanks for fixing the navigation buttons covering the app,5,11,12.1.2,2019-10-19 08:10:25,,
gp:AOqpTOERah8D6s_s32FwCau4O9MmqQhke9kwoyfZwiEwYcZDzcQK0WPt_q-SfFVcCLoQP-SPIFC-bV7ZmHjv3Q,Richard Todd,https://play-lh.googleusercontent.com/-6JDSnpGQpUU/AAAAAAAAAAI/AAAAAAAA3D0/AMZuuclHmdx9NLjJ4rPQTvfgbfXHg-dr9A/photo.jpg,Great chess game. Good range of opponents who seem quite human in their style. Well worth a go.,5,4,12.0.0,2019-08-23 10:23:40,,
gp:AOqpTOGeS3uAqGcOQhgibYIprcyA4cRT74OWRU1kE-pAAUI8TrvK2IP_7FqZ7JEJ_hxF0GeU5QIsGeVUzRKiUw,Tim Krause,https://play-lh.googleusercontent.com/-UQuPiDtOn0Q/AAAAAAAAAAI/AAAAAAAAAAA/AMZuucmXiQjZ96QbCdXNWND7LZ9qae6cMw/photo.jpg,Challenge yourself by choosing various levels of opponents. If you like playing a game of chess you will enjoy this app!,5,6,12.0.0,2019-08-07 17:47:26,,
gp:AOqpTOETP1dEnXd_xhyhwAMtMw07Jb85uEGiAfTM3dggt-ATG5kblx2PbaAvwixtzlR3-k8xvlwpP7YXu7WSlA,Ron Burke,https://play-lh.googleusercontent.com/a-/AOh14GhrNjAFdfhZeKZwsXXAGxAEOP7rFNaT61M4_Eeu,"Well done! I have seen this program develop over a number of years. Originally, the play of the game was rather weak. No more! It plays strongly now, yet is adjustable for weaker play if so desired. It offers a number of features as well, for those interested in improving their chess, or in playing others on line. I think it is a bargain at the current price, & highly recommend it.",5,32,12.0.0,2019-07-13 15:58:08,,
gp:AOqpTOF-BPrS6WqEWPcrNcgnFAVG8yVFslEh4ZEalxprWXIMWtjc_DihKGNFQBRX7FPLkSnMhn8-xKqaVo3g2Q,James M,https://play-lh.googleusercontent.com/a-/AOh14GgN16S6ZoqHJt90DINLY6vtRM_ryhGq421b2xnhrQ,Quality Game,5,1,11.2.6,2019-07-02 14:13:53,,
gp:AOqpTOFuXzq0EmyQF2lwu3FAN-LolVoSQmJa9n4-pD64iUBCaQItI3qYAO5gY_vSE8VYtHw-gFX0T3AtlkqOJQ,R Gitananda,https://play-lh.googleusercontent.com/a-/AOh14GgB0E8sxt4_yj_mt0gxYZRZhZVJ9-c-kPCD5KPk,The kids that I coach like the free online version. However it won't install on my Asus Chromebook.,3,4,12.0.0,2019-06-11 05:17:59,Please contact us at https://www.sparkchess.com/contact.html,2020-04-21 09:25:05
gp:AOqpTOE4MxZfdDq2Uy7MAB5Fxyd-RWaqc-GaUYjeSyF1MVu_J1rZzdCIMekk5t3aWE6uytXhXVJjK9HcYzdBJw,Ronald Mapiye,https://play-lh.googleusercontent.com/-94zxToeB_Nk/AAAAAAAAAAI/AAAAAAAAAAA/AMZuuckymivB_e8z1GlVmLtTfQqusbqzsA/photo.jpg,it keeps me busy and there is always a worthy opponent,5,5,11.2.6,2019-04-15 00:11:53,,
gp:AOqpTOGvuvQ7yDc6-ShfepYOQxpEJleq8ePXQo73UH_EmwY7u8DyC-Y8_3RpkjldsK8GvLTzxw3lr0AFAhEOaw,Colin Nicks,https://play-lh.googleusercontent.com/-LUsAjxp4rUk/AAAAAAAAAAI/AAAAAAAAAAA/AMZuucksKG-QvKBa2DimKaDi5VPyAbIfEA/photo.jpg,best game,5,1,11.2.6,2019-03-08 23:24:42,,
gp:AOqpTOENXR1DObrCaP-YgEi1Tgy-uP6_AnfLGqND-ej4doO1R8AYcKLSCeiv3LAETOzVftBiDvNgkJd6-z4CLA,Alan Hudson,https://play-lh.googleusercontent.com/-pBaLJo5YE7o/AAAAAAAAAAI/AAAAAAAAAAA/AMZuucml30qIzr9HnS9jPnXwMK-1Z91HVQ/photo.jpg,great site,5,2,11.2.6,2019-02-06 11:38:49,,
gp:AOqpTOGEK0YaG5nVVLFmbJNvGXzwACx46Ahx3ZBwwjCxvB_XaAZz94Xfizht307Um1e_H6w7T6t8n7mBIEccwg,A Google user,https://play-lh.googleusercontent.com/EGemoI2NTXmTsBVtJqk8jxF9rh8ApRWfsIMQSt2uE4OcpQqbFu7f7NbTK05lx80nuSijCz7sc3a277R67g,I enjoy this chess site and would really enjoy a character between level 2 and 3 for those of us who are not great at chess but need an opponent who is not too easy or hard to beat.,5,30,11.2.6,2019-01-26 08:49:35,,
gp:AOqpTOED4G7CFUh0u35mIOTFZwSr5GMpA21-5LZpCis07h_5joNYHwIK3raqLmjmtM9LZGs4snUPgV-JEF_JZA,anchoragestudios,https://play-lh.googleusercontent.com/a-/AOh14GhTXPpuRF6zkN9tUzKG8Wg6yxk1X8iWeFsHD4lJJA,great app,5,2,11.2.6,2019-01-23 04:48:45,,
gp:AOqpTOEHWa4QBDS5RYGpQ-Y6ZytU7QeQY3WiZcfG-2Ri3UzQ9bEBfEoX6LmllW-UvV59Cp0Bv31iG6evpeCFCg,Paul Ianas,https://play-lh.googleusercontent.com/a-/AOh14GjzHH6bmLDWnoiPhap3dbaU7RoNy0lI4j9NXPmJroI,The graphics and the set of features makes this a good chess app. One big drawback: the CPU never resigns in end game phase; it keeps chess-ing until the match is considered a draw and from that step you cannot undo. I've seen an app which behaves very well in this situation.,3,10,11.2.6,2019-01-01 06:42:34,,
gp:AOqpTOGi2hc95w6wHSKeEi0JIdFsJcOg37wceETyVfnso-YTyKE8qPUKez-yhecV5oJJnXQ6P2ag06NpDF3LRA,Partha Sarathi Bhattacharyya,https://play-lh.googleusercontent.com/-mYOuFwrtiHg/AAAAAAAAAAI/AAAAAAAAAAA/AMZuucm4rbJ_1-KMz0hMikKgrayao8hNbQ/photo.jpg,It is very competitive and interesting,5,10,11.2.6,2018-10-20 12:49:07,,
gp:AOqpTOHOjgGVA7ufXKA0YyR6wLoDuGtt2iVDA7T4SUe07Cm9y-cnYwtVTieTIvyXIu1OTZTsZFUZ4fQtWT4_mw,A Google user,https://play-lh.googleusercontent.com/EGemoI2NTXmTsBVtJqk8jxF9rh8ApRWfsIMQSt2uE4OcpQqbFu7f7NbTK05lx80nuSijCz7sc3a277R67g,Awesome,5,3,11.2.6,2018-09-26 13:42:53,,
gp:AOqpTOEK7ihCjr0R0VWDz45RpKYheYvPykxHq2ag8NM62be7sr2bL7SFdsSyILd8GqqIpYx73BfQojoPdv2czg,A Google user,https://play-lh.googleusercontent.com/EGemoI2NTXmTsBVtJqk8jxF9rh8ApRWfsIMQSt2uE4OcpQqbFu7f7NbTK05lx80nuSijCz7sc3a277R67g,Good basic chess trainer.,5,7,11.2.6,2018-09-26 11:24:19,,
gp:AOqpTOGJbGFxOAYnNcxcmKCc3RHXgoMcB1HRWrs176z2clavSMvuRe1KFW3Ruhg8sXNtct5Cjbs5HDNDOAUulg,RJR OA,https://play-lh.googleusercontent.com/a-/AOh14GgT_-_9aUD4a4ILRJztXifG_-jo5Rl4tBYHZLaXEQ,Play it / Love it all the time!,5,4,11.0.3,2018-07-23 17:51:38,,
gp:AOqpTOGGGhJHqiYYZwY-c6T9fx1QrWcT9h6FsmSqmwfNOJ_QL67ABZe_ZANBMNnU7Q5YDxaOW3_DAM-RYXvRcQ,J.M. Sarma,https://play-lh.googleusercontent.com/a-/AOh14GhM3zFNeXQCBZQyLzn3hSjPF7-CSlp5CGgqEz0OUL0,It is very good in all aspects,5,2,11.0.3,2018-07-06 21:24:11,,
gp:AOqpTOE5jboNMMa0g9tKxvKCFo7c7SKxt-1kG0OFeo_QmrwjAeJ2oHjm11NYsh_QM9n5UU_ukD3aNNGg-ImoYg,rodrick smith,https://play-lh.googleusercontent.com/-MS9fUQFAKJg/AAAAAAAAAAI/AAAAAAAAAAA/AMZuucm9O50T2lWTZy562FxMt2SYCSrUjA/photo.jpg,"The new update is better. Allowing you to block online opponents that 
cheat. Good fix. Good multiplayer chess opponents.",3,14,11.0.3,2018-06-27 12:17:36,,
gp:AOqpTOELtF-tY7yyXT1BZiDWF1eNuIayk6mufA8nvQdjLtVUZ5v-uRTD_D_ug0oO5Zdt7jAf07sGX46j0Nmwyg,Numero Uno,https://play-lh.googleusercontent.com/a-/AOh14GiGwfjbRSQbFtBLkAyWmsD_dvJjiBUQNihonREN,"Pls add 2 player options in the game! I bought this game it should have 
atleast those basic features!",3,6,10.9.0,2018-05-22 09:47:35,,
gp:AOqpTOFi8eg6FZqU1GZv_SEKGj-W9sPa5PLxBD1BDP_GJ-f3YV5BqawCyccrh4iL_pYPTz9FU5RFqWnbIAbblQ,RO SMITTY,https://play-lh.googleusercontent.com/-LfNKohqqADs/AAAAAAAAAAI/AAAAAAAAAAA/AMZuucm7twnAxL5_P37sS_N3WGmbX3QB-A/photo.jpg,"Needs improvements in multiplayer mode. Too many cheaters when you're 
winning against an opponent and about to Checkmate them all they have to do 
is going to airplane mode on their mobile device and it automatically shows 
a message that it's out of sync and will only reward you 1 point . This 
needs to be fixed. Nothing is worst than spending the time playing an 
opponent and then they cheat in order to not lose points. They should still 
lose points",3,1,,2018-05-20 09:49:15,,
gp:AOqpTOHLv4TpyA8OhMpkTZ-UZ6eTUC7JXMqmSc4C5lTFAocO8DdbMzf-gt8D595LirzASSysLrO71RAwjLoJRw,Arden Barlaan,https://play-lh.googleusercontent.com/-rEY_QBT-GeE/AAAAAAAAAAI/AAAAAAAAAAA/AMZuucl2r49EgTxeyrD5UgltepR5rlyymA/photo.jpg,The game cancelled and ended in draw? What a dissapointment. When you play real life chess...its either you win lost or draw...no such thing as cancellation of on going game!,1,1,,2018-03-12 16:17:52,,
gp:AOqpTOHqPvOdvRPam2wak2L3_Je5urRAOkvb044iVEh0epTIi-Aqf83z11W0HfZwtq_mNSCAFYATr6CPD7E32g,Andy Guo,https://play-lh.googleusercontent.com/-QjKi4GULaz8/AAAAAAAAAAI/AAAAAAAAD9k/AMZuucnduVJz2nU3LAeZoASH4HvqG2Almw/photo.jpg,"The full version is a rip off, everything is basically the same except for lessons which you can easily have for free.",1,7,10.9.0,2018-01-21 18:54:00,,
gp:AOqpTOHZydaOl3_Ddv_ioXKIamTsF5CvprFYOnt4wYkuzaJ3RP939YxjrfEYnhlvQ_jDRfmWzOhYCptpYffXkg,ardry bar,https://play-lh.googleusercontent.com/-ZCFudr9KHjI/AAAAAAAAAAI/AAAAAAAAAAA/AMZuuclIxRoXSOoSEMgMfzGd6V3o3MndiA/photo.jpg,STILL  USELESS UPDATE! I LOST POINTS BECAUSE OF A DRAW? DOES THIS DEVELOPER EVER PLAYED CHESS? STILL NOT RECOMMENDED! HEY DEV! DID U READ THIS. IM REFERRING TO YOUR DEC 22 UPDATE! GEEZ,2,3,,2017-12-31 01:08:28,"We've worked very hard to fix all remaining issues. They represent about 1% of the total games being played. Please contact us on this page (https://www.sparkchess.com/contact.html) with your multiplayer username and we'll make it right for you. And yes, we play and monitor the service 24/7.",2018-01-04 08:14:06
gp:AOqpTOFsVrNZ4DHw-SbBzbN0jMVnI21Ux2ohaxLsDvEA9ryN0gjT710vcJSQinJX8ivB1s_5hbs2HBpINCfWBw,A Google user,https://play-lh.googleusercontent.com/EGemoI2NTXmTsBVtJqk8jxF9rh8ApRWfsIMQSt2uE4OcpQqbFu7f7NbTK05lx80nuSijCz7sc3a277R67g,Not recommended even after this latest update. I have a strong wifi connection and this freakin app keeps dropping my game. I also had several draws and I lose a score percentage!!! Pathethic App! Uninstalling.,1,3,,2017-12-28 06:36:24,"We've worked very hard to fix all remaining issues. Please contact us on this page (https://www.sparkchess.com/contact.html) with your multiplayer username and we'll make it right for you. And yes, we play and monitor the service 24/7.",2018-01-04 08:14:48
gp:AOqpTOE9tYnp46oqumJq0FqQs8oibDYEmotQVqxoafo0JpIUcQ7m_ejlQRqL7EHcsg7k8RRYiGuScYWv4tPeJg,Carlos Pezzotti,https://play-lh.googleusercontent.com/a-/AOh14Gi6rK-5BUrNqgL9bu0SHDbsKRlv6fX_6Yhm95WS,Awesome game for chess players.  Has many different levels to learn from and online gaming,5,10,10.8.7,2017-12-25 15:26:35,,
gp:AOqpTOEBO0I138iMXB-uj4zoMdZhXCzWLkV6yIU7JnRKdRGAzWDaA1pt2kJ13Wseu3GZ6p7_lndtogNIdXuAMw,mary barlaan,https://play-lh.googleusercontent.com/a-/AOh14GjJfgMtbBY658n70wzTzPKHOazU67uDdPGyv6hh,I'm in midgame and has piece advantage and this freakin' app suddenly ended and it says DRAW!??? Useless update! Give me back my money!,1,1,,2017-12-10 06:43:36,"We've worked very hard to fix all remaining issues. They represent about 1% of the total games being played. Please contact us on this page (https://www.sparkchess.com/contact.html) with your multiplayer username and we'll make it right for you. And yes, we play and monitor the service 24/7.",2018-01-04 08:15:02
gp:AOqpTOFCj7qYG0q1lqU9yWKZxIZC4AIagdZVnU1iDmHTQDNX01Jqbv50OHqEvWSLMWV6fP8J-w4PpFafm3ER4Q,ardenmarie barlaan,https://play-lh.googleusercontent.com/-ajxkMBMKmoU/AAAAAAAAAAI/AAAAAAAAAAA/AMZuuck0_EddAkFnjqqMNzFTkzaeBNuTaw/photo.jpg,The latest update is still useless! I'm in the mid game then suddenly I lost and I still have time! Seriously??? Really dissapointed!!! I wish I never purchased this game!,1,1,,2017-11-26 06:06:56,"Sorry about your bad experience. We know these issues happen as we monitor the system, but they represent about 1% of the matches. The newest update (Dec 22) should fix this too and you shouldn't lose any points unexpectedly.",2017-12-22 07:12:37
gp:AOqpTOF8-7TIsTZp7nKJLjMbMm3D9WAWCxbM07Yl8FXx5sJsm7NBa_nOWSSeyMNGTMwVTLXCSnJWq4eHlcumOA,Mr EveryDayLife,https://play-lh.googleusercontent.com/a-/AOh14Ghu1SF0c2iY8p8Z9uEh3rgyO6ewMpPAopM-zYvi5U4,Beautiful design and Excellent Insight on the game!,5,3,10.0.3,2017-09-02 10:46:33,,
gp:AOqpTOHSe7F354plXd5ytJZuTcOzh3o_6TJwOT9UikY1cHovFylJ4kslnYDLh2VkSVKXzMZzjBKmaKRhYDsZOg,Peter Andrio,https://play-lh.googleusercontent.com/-3h9KedXwf3Q/AAAAAAAAAAI/AAAAAAAAAAA/AMZuucn8jKxF-erzwk9H4DSMhQOMhu24iA/photo.jpg,Latest version has bugs where it will end game for no reason and thereby losing points.,1,3,9.7.0,2017-08-29 16:46:17,We've worked very hard to fix all remaining issues. They represent about 1% of the total games being played. Please contact us on this page (https://www.sparkchess.com/contact.html) with your multiplayer username and we'll make it right for you.,2018-01-04 08:18:21
gp:AOqpTOHXGLYj1cS1FmZv018YcYChmjY3TwsXMRIne5Cp8g30_Gqf8TT1K_W2RsVQ2I7-jJiKVsccz7OIkYon8A,Howard Ho,https://play-lh.googleusercontent.com/a-/AOh14GiM67XfECZYjMCR1H8AbzCbqh3V3F2fyFwEboNLqw,Great app. Only issue I have is I wish you could add friends. I'd like to be able to play friends who sign up.,4,5,10.0.3,2017-08-24 15:46:30,,
gp:AOqpTOHEG5PJHg6fRT9p8LcufVif4BkV8i_E1RNTf22nB4Po-G68Z8GeACaW5qzS1PLNa4O6sMSstq8uPgZAHw,Shyam Sunder Tailor,https://play-lh.googleusercontent.com/a-/AOh14Gi8yXHdMFUJdUQgQEvAEcvoqJZrsxh5tXelIAnSGg,Very good,5,2,10.0.3,2017-08-12 05:12:09,,
gp:AOqpTOHxLgmZdAPmPMtCOXQ7_xT6PiBW0SOUZeJa_dD93yyJFBP2VQqKZ-qVemJ41NDTT05qdccRlIISY9MIcg,Carl Early,https://play-lh.googleusercontent.com/-_sgl3OcFgSQ/AAAAAAAAAAI/AAAAAAAAAAA/AMZuucmvC3R7abRXFadd2cx6iLHv_Vs87A/photo.jpg,"Latest version  has bugs. Have lost games for no reason, timer is still running and it says game is over. Locks up and can't  exit. Can't   play as a guest anymore. Previous versions were much more  stable.",2,8,10.0.3,2017-08-04 12:03:11,,
gp:AOqpTOERoNV1d_BnhjqA94jpXaZbpW9CH7caMgjpgoK3g5ld2EYrRuOKRXMcG9YAwcmgVsvrd-usDY0v5Ne3hw,James Parrot,https://play-lh.googleusercontent.com/-NEVmP8r23i4/AAAAAAAAAAI/AAAAAAAAAAA/AMZuucmzmP_9i-AtmFqVFPu5BzIksKHEwA/photo.jpg,"If a player resigns, the player should be asked to confirm. I can't count the number of times I have accidentally resigned because I brushed the resign button. So frustrating.",1,9,10.0.3,2017-07-29 21:03:15,,
gp:AOqpTOEc3E36VmiuGaJr167IUDzS_JTrE6sB_0Wy4Cmp1HJZTEyYirNqeKCby9hhODVTprfyKhC07QsdNejTFQ,Yassi Store,https://play-lh.googleusercontent.com/a-/AOh14GjvL6Z7Yf1IBoM8tMhJ3Xf8TOCwOD3tp94ryBUcmKk,Go to hell with ur new updates..refund pls..not a good service...,1,9,10.0.3,2017-07-25 07:49:06,,
gp:AOqpTOHaO9cLB2S_5TwmZik_grJVMvBnY1nmdOteR_W3zZNGfW0rk9q69-nSEUak8FzXGMMJSwE-aXFISfDGnA,maryden bravman,https://play-lh.googleusercontent.com/-xK3EW6kGz7g/AAAAAAAAAAI/AAAAAAAAAAA/AMZuuckC6p-UOFn2_dmx7pspG-09pWk3Fg/photo.jpg,LICHESS IS BETTER!,2,4,,2017-07-21 16:12:43,,
gp:AOqpTOHHXcvXl11NJfRN031PgRm9m-QkfWaGlyv4PJtOCqPXuY1uej3OATpebA_goqdrdJ8yXvTk8-sMdzjGXA,Neil Pullen,https://play-lh.googleusercontent.com/a-/AOh14GjlZzXNGgzoJYDTv4moS4EgPPpJ06JPNVe3oDadTA,Best chess app on android,5,7,10.0.3,2017-07-04 12:04:29,,
gp:AOqpTOFm8knx4mQBtAU_51wgYOlf1kYygTRjnFDlkcuoVS-6y51aSlNPEVveTFKHOf6uzZjUYInpSo4leCKx3A,A Google user,https://play-lh.googleusercontent.com/EGemoI2NTXmTsBVtJqk8jxF9rh8ApRWfsIMQSt2uE4OcpQqbFu7f7NbTK05lx80nuSijCz7sc3a277R67g,"I don't mean to keep writing reviews, but a great game",5,6,10.0.3,2017-06-22 13:12:22,,
gp:AOqpTOE-P7-J2AKEze4jTBLUfgyFF4bOwLOOmurY9_8SZWiG7_kTB0H6Xs8z65UijBZ4osj8ziULWwpDCB7KDw,A Google user,https://play-lh.googleusercontent.com/EGemoI2NTXmTsBVtJqk8jxF9rh8ApRWfsIMQSt2uE4OcpQqbFu7f7NbTK05lx80nuSijCz7sc3a277R67g,Nice update but there are so many bugs in New update please fix those.,5,3,10.0.3,2017-06-22 03:38:37,,
gp:AOqpTOHD_yOa1BItpnghcujq3BvOvA-O7eFMoi3MmYV0XR3clEFpUCLfZ7o-dNDhtQCm7_u1MTijyJUNajGZFg,Siddharth Rokade,https://play-lh.googleusercontent.com/a-/AOh14GjsktWot1Gw5dxquiVTUnNE4Eqrrag6TRFL-Z8j,Very nice,4,0,9.7.0,2017-05-21 10:01:42,,
gp:AOqpTOEMop-2veAdB7xMHJhcBakEuOZLfUBUNFFGPDzNLf9DmQ09IhZiJmocq5eWYtTM05honkfL2mCql-Ydiw,Kemal Gorgunel,https://play-lh.googleusercontent.com/-00JZYtdQB80/AAAAAAAAAAI/AAAAAAAAAAA/AMZuucnzjFQmY7lHTjcvuc4SE9wSy5tyQA/photo.jpg,Best chess game I have ever seen. Try the PC version and then you will understand what I am saying.,5,7,9.7.0,2017-05-13 05:09:10,,
gp:AOqpTOH4nqSVDe8k8YpKi7et1bGB-p9ictUk0P9q26AteCJn_eN6FDucJEmjHxvm9BjrTz8eFPYARZ5RWLi1yw,Mike Alexander,https://play-lh.googleusercontent.com/-RVNO_xSIaG0/AAAAAAAAAAI/AAAAAAAAAAA/AMZuuckFVQBZ2quTBo1FjpCfzS50fPMV7A/photo.jpg,"Buy ""Chess Genius"" or any of the ""iChess"" related apps as good, solid basic gameplay and instruction. Not this. The 'edit' function of this app is laughable. The selection of current boards and pieces - totally laughable. The 'hint' function is totally ambiguous, thus confusing in parallel. Actually, very disturbing/unsettling (at least for myself). The fact that this little chess game is rated highly tells me something about the idiots who review it, not necessarily hanging it in the shoulders of the people who put it together. If you like your head to be spinning in absolute confusion and you're a fan of horrible kindergarten drawn graphics, this one is for you. Otherwise, try the 2 apps I listed above (they're great). I always buy the 'pro' versions bc I don't like annoying ads. I think I wasted about $4.99 on this ditzy, quirky, silly little game.",1,4,,2017-04-20 17:08:18,,
gp:AOqpTOGAk7O0qa_94AgiTWtFMHOp51LUbqpHW3QWHpbIXBq8E2_V287ZgkMVqSLNQzABJ61jv0p7R7Zrp4c5iA,Sumeet Kumar,https://play-lh.googleusercontent.com/a-/AOh14GgMwTrslure5fhS21nuIOE1VGlnZZoRWxwNz6pvDQ,cool,5,1,9.5.0,2017-04-03 11:41:31,,
gp:AOqpTOEytBxNWkV7zudhE7mnoe7oE_YFW59o5DmCC5zLTP7gu9o84Fy0EEoZ8LHXFj-Z7vBCiIAoGi38B1a_gQ,Oper 619,https://play-lh.googleusercontent.com/a-/AOh14GitUhBNpICt5z5t3C-o3GNP4gL6oow424DPwQeh,i wish there were more lessons. but i like losing to Claire over and over.,5,15,9.7.0,2017-02-08 07:33:30,,
gp:AOqpTOE3S-qoun3cnXkW5wJsrSOjtHqmiMWHQ9vT4BZJWI45OCTor0c2_E_bKzu4xbSobSVyMTEdcArUKqJ8oQ,Sathish Kumar Ravichandran,https://play-lh.googleusercontent.com/a-/AOh14Gjhg6h0selz_SeZWhL-_ZfUPet80ScM0urX-GIUQBQ,2d view is finally fixed. Thanks.,5,14,9.7.0,2017-01-28 08:28:06,,
gp:AOqpTOEclJYsakonOqwIXz61-HvzjSNKVcGfLo2_xmRDOkpCQKtlKZYnszE1PRhIbfqjhdEKlEOZB5F6QRTZxA,Jeff Kozlowski,https://play-lh.googleusercontent.com/-hVFl4lmDB4Q/AAAAAAAAAAI/AAAAAAAAAAA/AMZuuclKyBcdCDXMm4Ril8lqytk2mglPgg/photo.jpg,It's a nice game you can edit the board play in 3d learn puzzles its good,4,17,9.7.0,2017-01-18 11:38:32,,
gp:AOqpTOEMKdH5NtYjLuOBTidOoP4l3CqsV__bT2aOpDoPZ5Vj7VieVX9N3Gd10RYMqRa5CnjLeQYv2oA0keqPiw,Arul Rajamanikkam,https://play-lh.googleusercontent.com/a-/AOh14Gi-J9g3aKq6G3mmaC0apGU2BiRgHKEKG4nrQWgSvw,No good,2,1,,2017-01-14 03:53:38,,
gp:AOqpTOGbV96QSmV0mSwHPK551V-hf-sFFOZWNTLYwnP4lZb9isyPr1MMGK-tkThdMrDvziSW2GUW94NHNHV4Ew,Saurabh Tiwari,https://play-lh.googleusercontent.com/a-/AOh14GgBmE4ai5HKsAL5ee8WYl3SBvO5oiegc4hpxp0l,It's a very Good app. for advanced players.,4,11,9.7.0,2016-12-20 20:41:08,,
gp:AOqpTOH4dq5ELhoTWhvMC5wHlIC-uZSKIuPerqFFz9quWZfEUZB_oDylEHCUwvjFC7tIfrVuurUpY62AT0iWAQ,SUNIL CHEMBARATHY,https://play-lh.googleusercontent.com/-nQ5gnOKh_IQ/AAAAAAAAAAI/AAAAAAAAAAA/AMZuuckz5Xq9BlDM1fKm1TCiTzAacMDFow/photo.jpg,Today not working .what happened?,5,0,,2016-12-13 04:31:19,,
gp:AOqpTOH66_6-oX7TDcKaM1f8-8a8qDosz-KpY_W0dyOC8l1-xT8M_Y41QIHnaLiK0hL5c9QsZI0Q-6m9-Syjhg,Tila Pokhrel,https://play-lh.googleusercontent.com/a-/AOh14GhxIJn-4dtyCukCxtGu9pULpp6kuFK71yIJ1TqCd4k,"Add features like ""lichess""",3,1,9.1.5,2016-09-14 02:18:42,,
gp:AOqpTOFhzj8g35RdYRPP9z_hab5FCaEdCLKh0MSr95jZiDZjeAz-NbSKFTzNwlEBXQB8XP4qJs4hcd9UzLJkAw,Andrew Froyo,https://play-lh.googleusercontent.com/-17AQex5-RAY/AAAAAAAAAAI/AAAAAAAAAAA/AMZuuckN70iWrWZA7vMgK0GO1XzJAWs0tg/photo.jpg,The developers did great making this game. Very good work. Recommend to everyone.,5,3,9.1.5,2016-08-29 19:10:30,,
gp:AOqpTOEoiOQ5FSz28CeYRjFq--GN0qrYqZOnVEa5pYgaFlO_J8QcdXpaPD99h55a0eF8OEKC72eQe1hzBm2d-g,Caleb McFadden,https://play-lh.googleusercontent.com/a-/AOh14Gh9ZG1j-v6nnzJLyAcmppwiEwI7IsoHOyJAeRdzUQ,I love it.,5,0,8.2.0,2016-06-05 10:14:46,,
gp:AOqpTOFb5PRA5npjDyxH71FtbVaDqoRhwVdFY1TSuhP9uPiY49r1d3nZd52xEIxbHkRKZTFkElUsgz8-MvTqSA,Sunil Kumar Kuuram,https://play-lh.googleusercontent.com/a-/AOh14GhgxG0AizdcRFJftj5Wy_QitajTrAnkdc8q5DZkshA,The white side is too bright when one of the white pieces is on a white square.,2,3,9.1.5,2016-06-04 18:57:48,,
gp:AOqpTOE7QFFFNbOQS7FVWgUqVvrir9OcBhwli8pKPE2Afe4dfFGURUCJ-qt8iotKXAWiwU3FfsP9pbu-llchGg,Ankur Mathur,https://play-lh.googleusercontent.com/a-/AOh14GiZrIKaq7eShv83RAvpxbt6Jk4P7cv9eXLeAE8ElQ,Extermely slow and jittery UI post update. Dislike. Attempt to beatuify has fallen flat,1,10,9.1.5,2016-06-01 23:07:38,,
gp:AOqpTOHrs1ezfyIElfVN6BbZCss8ntJhV34dL2FW7CNBdyZESCXukPU7PgppQMYM9Neh64B6YGnnP-CCJGYg_g,Jordan McNeely,https://play-lh.googleusercontent.com/a-/AOh14Gj1YMzcqEpvEgHzVXJQniXXIR74stb9-mJdxEj95g,Very happy with the app,5,1,8.2.0,2016-05-29 19:33:07,,
gp:AOqpTOH4yw5BiLJEgIHw1h1R2X4zTcBjrSJ1KtNlb4qDJJXqvN2ofgbQ37w5VHtwu6cvUlNriuYUc6C6MuuiKg,Gino P.,https://play-lh.googleusercontent.com/a-/AOh14GhYpaJXNpcjzipyX5P7dB7wK27NI52E59TmKHyRJQ,"Please allow to choose which piece to play for the recorded/saved match games. Currently you can only play as the white. Bought the game and no glitches encountered yet. But, now you can't open pgn files(saved game/match) from a file Explorer. The app doesn't show like before. Otherwise, nise ui update, kinda slow tho",4,23,9.1.5,2016-05-17 14:50:00,,
gp:AOqpTOE17xBE8vWUan3AuU515He3-R7yWRfcVnHGJ385vt_c_NqOsq97WChAoOPtW2p7t-Ku5EicM4qd_AHO3g,Chris C,https://play-lh.googleusercontent.com/a-/AOh14GiTq29pAaYog0Yd3BDKmsxDD5VnqqaAhvIUUwicqH8,UI cuts off the bottom row of buttons,1,1,,2016-04-23 18:21:15,,
gp:AOqpTOE50wKEZILtyddBtetoBO6r39A6zG-E69s2nEBOn3x3403sCrnZvwfuTR4d9v1i1gP-FTiHkMC3ij-5Vg,Francis Kigai,https://play-lh.googleusercontent.com/a-/AOh14GhyaXx0Dl5TZhoi7Y2p5OjEXYEcCfUHUesatEr0,This is one of the best chase application on Android market,5,0,8.2.0,2016-04-20 11:08:02,,
gp:AOqpTOEUsxCM6EOFpujPjT6lx2L_X4vVgRVmp7f_eAGd2b7cHpoxJahiXvacgd1CXE9HPCizS0BsVbRFUMU7jQ,lamont gordon,https://play-lh.googleusercontent.com/-Lwq3GRla9Xg/AAAAAAAAAAI/AAAAAAAAAeI/AMZuuclei71U2JMr_B9d3lmFw9wX35w2lA/photo.jpg,The best,5,1,8.2.0,2016-04-17 06:47:20,,
gp:AOqpTOG6nVPWugJlCTqovknI2HVK2w79Rw4fmsYhk3OpgkjoRbip6kVQNHwYLe3Ou8FZ1_kN5g03fF1qih3ekQ,Brath 1984,https://play-lh.googleusercontent.com/a-/AOh14GjZuGLIKG4uhSrT4e63v_JrRhU0YTSadTnSRY75kP0,Excellent,5,0,8.2.0,2016-04-06 16:15:50,,
gp:AOqpTOGP0z3KToZ2J7OAgaDlw6fvVOEinSbRPqOygqIiVKqKDOvkOtGgfseH6sS_WWq8b1LbYcecAHYCohznuQ,A Google user,https://play-lh.googleusercontent.com/EGemoI2NTXmTsBVtJqk8jxF9rh8ApRWfsIMQSt2uE4OcpQqbFu7f7NbTK05lx80nuSijCz7sc3a277R67g,Wonderful gane,5,1,8.2.0,2016-04-03 17:47:10,,
gp:AOqpTOHbXBi0qpey4QI1855_VTrmd9MbrTE60sVe59q8TQt3jAAmhFed_d1EonsA2qKEOgZO87XieZz4hFoTAQ,A Google user,https://play-lh.googleusercontent.com/EGemoI2NTXmTsBVtJqk8jxF9rh8ApRWfsIMQSt2uE4OcpQqbFu7f7NbTK05lx80nuSijCz7sc3a277R67g,"The game will randomly have connection issues to their servers. The problems only persist just so conveniently in the middle of gameplay. And of course they blame it on your Internet connection, even when connected to non-issue WiFi network. Otherwise, the game is average in quality.",1,4,8.2.0,2016-02-20 22:44:51,,
gp:AOqpTOG-OBm85phPJsRtQfiVHiz42_ZrnyU21JR3dVC6-zaTCP_6pPO6s-F6QtfKahIoXsSEFOGg5z5spoRNGA,Masanori Shigematsu,https://play-lh.googleusercontent.com/a-/AOh14GhSBXkQfln3DvZ1czXwmcQhEIPEWcQK2ApRAw2Pnw,I want the new level between Deon and Claire.,4,1,8.2.0,2016-02-16 12:55:06,,
gp:AOqpTOEKJgTvBF_qvUZxX3_2Bcx6Vmy8HtLKNhkZp_e0OEKL867PBPhmZ4DGjbNaFY2o8ag8ucy_eXkbgsU-YA,Lusio2307,https://play-lh.googleusercontent.com/a-/AOh14Gi7LstgTb9t0qtkdo2AZTkHvqPuk7PTppmlvbujRQ,Great app!,5,1,8.2.0,2016-02-04 08:56:06,,
gp:AOqpTOEBcKSKtYgxyJUItOnD2Wx0qbCYfMUIBdGwnSly_fRztvETPxRN4zfTvUyPDiCfENlv-ydlKPZWS02hKw,Gopinath Balan,https://play-lh.googleusercontent.com/-2mqTmQ48RXQ/AAAAAAAAAAI/AAAAAAAAAAA/AMZuuclIfAxYt45rQ9hHeIVrlNg8hDMWCQ/photo.jpg,This app server is getting too slow and sometimes login error also Waste....,1,1,8.2.0,2016-02-02 10:45:27,,
gp:AOqpTOETPvYmkkWiEQc3gmotvJt6mEEbjSGbAv4PF8z4XI0SGCIi1aiGj1RHH7ZU2kPY00gaCI1Fu4s1bx65gQ,Vipin Raghavan,https://play-lh.googleusercontent.com/-tNCzWI8u5B8/AAAAAAAAAAI/AAAAAAAAAj4/AMZuucnxQ2cvieNH0ctTFLSb3thjzNo2Sg/photo.jpg,Awesome,5,1,8.2.0,2016-01-27 01:34:05,,
gp:AOqpTOF5nJ-vINHy8drT-OYa1KHVY6pC6uH2MOWCLgWIanouufeGf8o3LKwAZU607RsDUnuomMAKeuBo5k9A0Q,alina karamalian,https://play-lh.googleusercontent.com/a-/AOh14GjXZChaUdgVGoEf_CDvuPFcW28AfXSzPQ82xtgR9Q,I paid for this app thinking that it would remember my log in information but it doesn't. I keep having to create a new log in every time I want to play because it says the password is incorrect.   It's not incorrect!! It wasn't incorrect the first time and it wasn't incorrect all through the 10th time!!  What a waste!,1,23,8.2.0,2015-12-11 21:51:31,,
gp:AOqpTOHaJeuvFOGeEzftBZlkCAY6oO9BiZo5v-zITnssKWDQij_6v0N2F5Ns4_po3PH5O2NX2M8lpJUKLJNHbw,Caleb Moran,https://play-lh.googleusercontent.com/-50NmhIQGuKA/AAAAAAAAAAI/AAAAAAAAAAA/AMZuuclsmaCskec_8CCjTPYmMGnoFABTJg/photo.jpg,Love it,5,0,8.2.0,2015-10-25 03:44:37,,
gp:AOqpTOFwWlx3NeWGAKPeZeqA8VdTMdv2_gUCm2ZVPR-P1Rc3rZ7g9gQ4h1rFegEcSgu7tDhUpt1_fDoOMeuwlA,Kohly Hawkins,https://play-lh.googleusercontent.com/a-/AOh14GgRlKWTt2uGoRbyCIABAYIGNC8D742Okg7O0dfk4A,"Plenty of options, easy to learn, fun to play. Best Chess app out there!",5,8,8.2.0,2015-10-13 06:22:52,,
gp:AOqpTOFgRdS9dOaiaSRG5REaOCbNuWTjuW8V9xtwbZXdV0ZwkAHFiqqO0k79iKADdW1lb7kPhbZE3TcIfhRz3g,Daren Joseph,https://play-lh.googleusercontent.com/-yb91R8LqE8g/AAAAAAAAAAI/AAAAAAAAAAA/AMZuuclp5axBi2PmiV62KLph1PydAVXh7w/photo.jpg,Best chess app ever known to me,5,0,8.2.0,2015-10-01 03:15:06,,
gp:AOqpTOGm8FUCdZXK2nKEGYzMtxwEvhYAYPZCaXMMb8gFK_EjUvbRywONsvlIWfrYow5x2EhCKLXa30lfq59igA,Danbambino,https://play-lh.googleusercontent.com/a-/AOh14GhCnqzez8w2y9MoqP3lF-IN0FI91O19IfoADz9XKA,"Really good balance in difficulty, does everything it needs to do and has many bonus features. Some slight account problems in multiplayer but nothing crucial. Great game. 4/5",4,8,8.2.0,2015-08-19 15:36:36,,
gp:AOqpTOGG7SwqoAdnzPHn1nqfHgEWyYe4CbvZyZkG7lbC4dL74MG7xfZF8mrYCYUwaeCn68IXavG9Ngre4zfznw,Mike Miinch,https://play-lh.googleusercontent.com/a-/AOh14GitaUPeV0rEFxtSQ0oYGttjC-8V5UlZtkty3hgbmic,Levels of play improved my game.,5,0,8.2.0,2015-08-13 23:34:42,,
gp:AOqpTOETAS-PC4wX4iT1SzW_V6YKCG0fyYXKwrtOj6lXr-Uui82EY1xmdJGzs9SxsZJujsLIzzj0tbksa4a8zg,Matthew Harper,https://play-lh.googleusercontent.com/-Nt1e_dqbq1E/AAAAAAAAAAI/AAAAAAAAAAA/AMZuuclKwqBiBCWUzQTQ4vkfIUB7jRqh7Q/photo.jpg,It's Chess. No other explanation necessary.,5,1,8.2.0,2015-08-12 18:32:18,,
gp:AOqpTOHwUi88IPnDkawWIh4lpLsuw5ESi5Q2LJsYDlSB4TUYl7J2n8c9x--yMZ65pr08Dxm-UOT1Zr_EfuCC9A,A Google user,https://play-lh.googleusercontent.com/EGemoI2NTXmTsBVtJqk8jxF9rh8ApRWfsIMQSt2uE4OcpQqbFu7f7NbTK05lx80nuSijCz7sc3a277R67g,Multi player platform is a favorite!,5,1,8.2.0,2015-08-09 10:33:52,,
gp:AOqpTOED-G6B7-KmCB5w4-dD8uQbEht7phQxFmJLatk5yPfN-VNS50o2pHaN4qpXEMlcOzrZGDqnkiGqts7FrA,Sophie Doafy,https://play-lh.googleusercontent.com/-aivj3muU004/AAAAAAAAAAI/AAAAAAAAAAA/AMZuucktl-lk63cu0ab3v6kmYcrSLZbQgA/photo.jpg,perfict,5,1,,2015-07-12 14:13:29,,
gp:AOqpTOEq_rwgOBR-nKmqq9PnngCwMxtx0fyVDR3osT92Kzhw134Skx0V3r8dGiZACedEr3fphL-p_VL1n2GM0g,A Google user,https://play-lh.googleusercontent.com/EGemoI2NTXmTsBVtJqk8jxF9rh8ApRWfsIMQSt2uE4OcpQqbFu7f7NbTK05lx80nuSijCz7sc3a277R67g,So well done and addictive it should come with a Surgeon General' s warning.,5,2,8.2.0,2015-07-11 16:44:29,,
gp:AOqpTOHI5GJxvFE3zl9Oo50pzJgsbU3NicNshC0XrFO6RQSH62fMeB99DOzUhAAYzzIvyChsSTx6ljTz6dbHRg,King Sik,https://play-lh.googleusercontent.com/a-/AOh14GjsXj_TgzRlo1Jnycf5wEkCAkeUZrOVhiDtbnm7sA,Love chess,5,0,8.2.0,2015-07-10 21:09:12,,
gp:AOqpTOGlYuWM7eCU9-lKgtl1cchZEWnvPi-y66WD72fsfDOp4W21EuTAQG4oCnSLH-LKXXOKZv3ftgxYeUWDwA,Mangesh Bhalerao,https://play-lh.googleusercontent.com/a-/AOh14GhFY7GxcjFyKCclbnyMkIQgjDXGYbmNDPu0kaHByQ,The main usp of this app is the multiplayer mode. But the service remains off grid for days together ..,2,3,8.2.0,2015-06-25 21:07:06,,
gp:AOqpTOFImsEk8fwt_Ew-3fagMDyrKnHtWD9_slr0WZ54czhdFtIDKeSCbBHHQQ8T5ZnhAP3R4T0Is-_yFzfxaw,PB GMail,https://play-lh.googleusercontent.com/-yDH_NmqS5LE/AAAAAAAAAAI/AAAAAAAAAAA/AMZuucnm5LwhtgwzaEO-S8b4lCH2H95G9Q/photo.jpg,Easily worth 2 quid.,5,0,8.2.0,2015-06-09 13:55:23,,
gp:AOqpTOGX6FpFCuRXfsozqDcqgg-U-SZbcO5MVRtgldYwh3U90LTRBMiFK6RN0W6iQgZt69fMTIG3buy3nLTSRg,TheVampireLeMont,https://play-lh.googleusercontent.com/a-/AOh14GgywpnFyBTz2Ji0-Yod1hQ1781KHveUinfDiBi5KQ,7 is way better than 8. It seems like 7 should be eight and 8 should be 7,1,2,8.0.1,2015-05-14 15:47:41,,
gp:AOqpTOFHiBBIu_cUrlrZ6adjL6_l8HeCjLI_fFTHypdE6JFcdS7P_buwiGJKqMKM5CFo4XdacXW28GxfpYNvuA,Wesley Theobalds,https://play-lh.googleusercontent.com/a-/AOh14GgokdbPSxCyyW1tntjBZ9nZ41SzEJ_AhhlQ2vid2A,"Latest version takes ages to move using""Boris"" and crashes frequently. Galaxy S4 lollipop.",1,1,8.0.1,2015-04-29 02:47:39,,
gp:AOqpTOHZtEeAkYoH5B9FUiGqK98uqR5tjsduL7RzU_erLgCIrJ6Kv6umC2N-ljOfGbt9fZ7tkkfiB7sCMCRQmQ,Anas O,https://play-lh.googleusercontent.com/a-/AOh14Gi_RRkDiHoJKvOzaz7oFh7O8i69t4e17M07YpvdwGw,"Few things to improve though.    First is issue that when I get a call when playing this game,  I automatically loose game, even though call was for few seconds.     Secondly,  fantasy board type needs some good animation.    Also no landscape layout,  options to zoom or tilt the board are not available.                       I don't get points for winning or when other players resign.               PLEASE FIX THIS IMMEDIATELY",3,4,7.1.1,2015-04-18 20:36:34,,
gp:AOqpTOHHHb5rL2ghVffQddP0CGqJgzS7hFv-LD1oIxJAVD5aLfMvjFKL7l2bzb5pxcJMqNCTZnWRJiLnBlyZ1g,John Kagey,https://play-lh.googleusercontent.com/-kS9LzeDGsiQ/AAAAAAAAAAI/AAAAAAAAAAA/AMZuucnZeeaeCDhlGBErnaBDglI1V55nCg/photo.jpg,No way to talk to other players or challenge them unless they happen to be online . many times I felt I was playing a computer not a person.,3,1,7.1.1,2015-04-02 16:26:33,,
gp:AOqpTOHJCaP_bg1vjoVr8F2lnuYEZH3zq2WhnyXGd5-8HzD2Mk188foLIB5YHVnOvSrE-RVVMPU034wjJIyaog,Ruben Garcia,https://play-lh.googleusercontent.com/-M27rx2g18T4/AAAAAAAAAAI/AAAAAAAAAAA/AMZuucnIPmAsZFa07HLe5mGTwikOHjXc8Q/photo.jpg,Play it all the time on my computer and wanted to have it on the go. Super convienent!,5,0,,2014-12-27 13:53:07,,
gp:AOqpTOGfGvaL7EFB3gfSAkIScxiz4ngf31T41sXipREZ3JS-tN40CJY2dIeshmC5fIrXLAX1AbIVwhr9vY0oTw,Simon Scott,https://play-lh.googleusercontent.com/a-/AOh14Ggl3ipATrCR3zbkqnp0hj47PewRQhqvA0IYihkloQ,Like it,5,1,7.1.0,2014-12-22 09:03:18,,
gp:AOqpTOELQtxUyuXzpDKDCcDkOPLzymsJjnsvjuhagcWPzYEC7aKkb8cKHzv9tBQ1IMp2SYIi0Oo-TiZrz4gJHw,David Pineda,https://play-lh.googleusercontent.com/-Q_nNYNlPb9Q/AAAAAAAAAAI/AAAAAAAAAAA/AMZuucmOVsV8Iyzf0hu6-oCj7rsSoQk8lQ/photo.jpg,It realy dose work,5,1,,2014-12-13 16:02:19,,
gp:AOqpTOF2fj80T6rGD70mtGVZZUTc4limzWv6oXbhuGxtiKb29988ROPwmw41X2QhQukjlOv58Rf8z6GkigvsDg,Joel Davila,https://play-lh.googleusercontent.com/a-/AOh14GhUQdzP6h74q--LCv-J4UVz4vVVyFDTLo9ojvqk,Awesome,5,0,7.0.5,2014-12-09 10:29:17,,
gp:AOqpTOGdIhSVk3risrg3FNwxIXyJd_B5hCXExFI_mD8U3iWB2jtDfm8Zvkd5ULQ1onOwP_2VwiXNSdumF7WJoQ,Jason,https://play-lh.googleusercontent.com/a-/AOh14GiiuUeK-Mb4qGpzcy6UkZMuXstNZ2N52ceDk8LIPQ,"Definitely a great app excellent graphics with good online opponents, an increase on board size with the ability to chat online would be great.",5,3,,2014-10-05 02:05:18,,
gp:AOqpTOFZju231Nv8OcClUE7AynBlNu4yW5xcdr-0TU60x5WUNd5vPUttbQM8kKfqx97IKKDDkmG3fRx0KgPFqA,Troy Diesel,https://play-lh.googleusercontent.com/a-/AOh14GiNZMWuuX3NLZ7SxLYsJ_HYPSP_y56k7Rb9yls6Gg,The Best On The Web.,5,0,7.0.5,2014-08-19 20:57:16,,
gp:AOqpTOHXITPdrrM61adRCaxIKpdFBwy5C-9MSxpxok-BI8Zi2lhRmN1pnqzNP-CESAsNYH9_4OeUZl6uANmmGw,Simon Redgrave,https://play-lh.googleusercontent.com/a-/AOh14GhaD_jC1UD6i_9UKGRgi67eISyLRoRZAVKSkhuye48,"I'm a big fan of Sparkchess and the devs, but I've got to agree with @Sathish that in the top down view, the board is just too small! Needs a refresh, or ability to rotate into landscape like the HD version. 30% of Sparkchess is black background,  and then the logo is huge. It feels like I'm watching a PowerPoint presentation instead of playing chess.",3,0,7.0.5,2014-07-16 07:45:08,,
gp:AOqpTOGaxRAJPa6aT_WX5MYUMCipu0o_SETxIc7zG5otSRkthgvwx6j7gVbzBAKMv96pCDCgSwJq2voFFwOd0g,David Segarra,https://play-lh.googleusercontent.com/a-/AOh14Gh66WBrWsNAtbF5L3bE08wzkf5YtGh6hjw48_lTJQ,Cannot get enough of this game,5,0,7.0.5,2014-05-29 19:55:14,,
gp:AOqpTOH03jog2pOG3T3JvlOmLj3BTtnteI7RWEoGqd3vuo8qd0g5KF20VZms4lkzjt7V5xlsFa2WPBXAbcfOyw,Jonathan Baker,https://play-lh.googleusercontent.com/a-/AOh14Gig3-8Sa9yjuUZbWpGGkfmEl7cEfpMJ0Ah486kj,This the best chess app hands  down... I have played most and Sparks is fast swift and reliable. .well done,5,2,7.0.5,2014-05-12 01:56:01,,
gp:AOqpTOEfGodu8E4rVis1JCEQB9mIeDpH00WdH33Uuqz5uApONnyX775BVo8mjCjAvUD-Kda7-NxplTXt3WXUlw,SKW O1,https://play-lh.googleusercontent.com/a-/AOh14GiIblKvpCzBUTaohngtPz_Tcct4D_9tHrJnQNVDTw,Add more high level that applicable for android,5,1,7.0.5,2014-05-04 06:26:22,,
gp:AOqpTOGIbadCPIVneXuoxQDtl_OM3Ru_OlPuDK3YGUzlsvzTgpU_XElN1HleECge4-iO2QYfurc5ARTEX8Ve0Q,Mani Ponnusamy,https://play-lh.googleusercontent.com/a-/AOh14Gj17ypZNpC5x63aVBNkd0bIOBPBGuONnD6Baws-Fw,Great App.,5,0,6.4.6,2014-02-16 17:53:23,,
gp:AOqpTOFfJ03108xjVyS224ikmv6B_GQBJ3J5QTWLFkd4Awbjr5X3i1xyqQaYTwVyQMtTcY5UuD7qgPVh8eCxMw,Bellicus Barba,https://play-lh.googleusercontent.com/a-/AOh14Ggj9NsO3oiFXFiOVsIR4huwFd5g89mZrDwG468G_w,"Every time I'm about to get checkmate with the computer, the game stops with a ""stalemate"". How the hell can it call a ""stalemate"" when I have my king,  2 queens, 1 bishop, 1 rook, and.3.pawns, AND ALL THE CLAIRE HAS IS THE KING?! It's starting to get annoying.",3,0,6.4.6,2014-01-02 00:01:59,,
gp:AOqpTOEOk_H0SCKs0Zqfns5IMQMvoxRXU778XInPNdnYmFV4aNrAYsFt02-nlBnZnDsmhUxEMNFVtiYL1xpYYw,Phil Reading,https://play-lh.googleusercontent.com/a-/AOh14Gie-kSc6uo4KKXuYe43skPBrYCDgRWDn4F1z4ShhQ,Not bad for a freebie,3,0,6.4.6,2013-11-22 12:07:09,,
gp:AOqpTOGl332ndhZM7X5Q_13zAYODGP2gfZZHYdxcAH4P6pjNAoepn5D_kATpQxaWdlLeV4YOP32PpkZFGFg96A,Dee Eiler,https://play-lh.googleusercontent.com/a-/AOh14GjN52MupQaGpOmlRf9LngoM6HYcZU0YnzI_nmroeA,Your app will not allow me to create an account. I'm using an Evo 3d.,1,1,6.4.6,2013-11-09 09:17:52,,
gp:AOqpTOG17NDU5-3kTRvLVbfDOJn07ByH0XhIScDG9n2-08XtsOvUO97tzZF5_GHtS3gVMTTS_cHjFRhka3i3kw,Loyd Jones,https://play-lh.googleusercontent.com/a-/AOh14Gj8DJB954P_gxr2zZew5qXbuuGMxek1vMkbmdURRg,only complaint is that some players play too slow 2 minutes per move is too long.,5,0,6.4.6,2013-11-04 11:21:17,,
gp:AOqpTOEZd3OQaZo4GWmPQQtb6kpucpxkvoCYOCSCOXWNXoz1uUE99UJjQSAURc9ylyS9S8wW2piZEecKDsPTsA,S T,https://play-lh.googleusercontent.com/-mFOka7fNeL4/AAAAAAAAAAI/AAAAAAAAAAA/AMZuucmzt7w4eCdAQOXZOAqByiXUQMi0Zw/photo.jpg,This is awesome game but can you please add landscspe mode so it will take full advantage of my note screeen. Thanks!,4,4,6.4.6,2013-10-13 07:24:33,,
gp:AOqpTOE5i162xVkjcC-q9Ql6aeevzzyr014LgnVtVy3TyqjO3NbebK9VdV_XA5Mp4W22VRagW_pY_dyvBq5LHg,Liviu Niculescu,https://play-lh.googleusercontent.com/a-/AOh14Gi6hM_fo0K-lCV9j9wHdg7CLpGVV-qAJC20v4Ta,"Looks great on my 4"" screen and plays surprisingly fast. Multiplayer mode is very simple and just works.",5,1,6.4.6,2013-09-24 02:53:40,,
gp:AOqpTOHECryib_IFXlb36rysB8-5hTQYuECuqh2WRJ09JkJscpVzPw-MfinenPUrfyn-liJ9kdixyi2xwJTIEw,A Google user,https://play-lh.googleusercontent.com/EGemoI2NTXmTsBVtJqk8jxF9rh8ApRWfsIMQSt2uE4OcpQqbFu7f7NbTK05lx80nuSijCz7sc3a277R67g,Was waiting for an app in android forever. Please add landscape option and the ability to zoom or enlarge board.,5,3,6.4.5,2013-07-29 10:41:34,,
