reviewId,userName,userImage,content,score,thumbsUpCount,reviewCreatedVersion,at,replyContent,repliedAt
gp:AOqpTOGCQGD0w_WzdPuepJDiEoO2_edxpuVZz60sfnaeGc_ZaamP99I3hWreC3DOWkTE_f6i0FM0NJbVR7zZmvw,Kυριακίδου Παρασκευή,https://play-lh.googleusercontent.com/a-/AOh14GjpLYUN9oqoR-4PPYmwvwkvgmzn_nJNkM0_rIkCIA,I wish I could post 10 stars,5,0,1.1.0,2020-11-08 04:40:20,,
gp:AOqpTOHwGHVOk92vtb7PF26KbPgLuToVwWvCcDGj_-x8kzT51kaYX1YXBMwaOQlNjjq4DdKB4LoC43C5Mklizlg,Jenny Moore,https://play-lh.googleusercontent.com/-CgXZUIV-oXo/AAAAAAAAAAI/AAAAAAAAAAA/AMZuucmMHI1QgPyLOtf8Ea0rOowacH3Jng/photo.jpg,I love this game,5,2,1.1.0,2020-02-16 17:03:39,,
gp:AOqpTOEvu9zcRAvb2bRLgNTpV8h3uyyR-x65LCWvo1cIpryS5mbxHmJ-6k2PUl0R16uS191yiY3FUOr5tSd82Mk,ionus bruh,https://play-lh.googleusercontent.com/a-/AOh14GjA3caigLNBnkKV1iia1nE-3_Fnu0aNw6EuPnfGxg,"this was a great port of the original papas wingeria, the only thing wrong was i dont think you can play it on some of the newer phones",4,14,,2020-01-19 18:08:53,,
gp:AOqpTOGYBkd8JBRfkldVX3E1ryDPd2EzhjR_fT7ejUiX8gzSmw23oL2Yl2kLCsr-x6K4GbXCiUyTvKQItadj1WI,Setting Sun Studios,https://play-lh.googleusercontent.com/a-/AOh14GgRljb4dBfurW8IeHSbcZ4K095cE63qLHIJPwtMJg,Opening the app I was exited to begin playing through the seasons and holidays. I had known that the To Go! version had those things. But I was partially dissatisfied when I found out that none of the new content had been ported over. I don't understand why it was not brought to the HD. Especially if you had to pay more I would expect that. I would very happy if that was fulfilled and consider a 5 star rating. Until that though It's basically the same as the original.,3,18,1.1.0,2019-07-06 20:14:55,,
gp:AOqpTOFRoFltmxrENIsWnIox5CdbMKG24mfLkteuVaWsm8Mqd7Yh24qiRkUHzpL2H3CXBs4XhoeAwq6i_U-VA80,Caleb Lehman,https://play-lh.googleusercontent.com/a-/AOh14GibefJLGHmevCjn0kZzeKlV3PGMoWPFRPnmuOb7gg,Love this game so much. I've been playing it non stop.,5,5,1.1.0,2019-07-03 08:47:10,,
gp:AOqpTOEQbolfwVXWfNwxZe2VOyTID2P4Lg7ir2NMftfSjqHk8CkApWsITrtZIX_BK8KBcobQiTxKQbm7tZ5UKlc,Payton Prater,https://play-lh.googleusercontent.com/a-/AOh14Gj65fvLYCr28J8RqPRUIYzcnFuA4q7oxl15M4b2IQ,"I have loved these games since i was little and now that they are apps its amazing! One request though, could you please make the cheeseria into app??",5,14,1.1.0,2019-05-09 17:38:36,,
gp:AOqpTOHbEPp2ggWHLx3cZTJ9G6Wn9B0Wefun_CqFt_zItJgIG0uJvO1r5LZIpJdiznhHt3pv5opcRJyxKhYQlME,Alex Quigley,https://play-lh.googleusercontent.com/a-/AOh14Ggp5OWJShGc8RBf47_uTQM4cBolXm1Eg0pu3Dnt5A,I love it,5,6,1.1.0,2019-03-11 12:50:07,,
gp:AOqpTOHmupJm6KgbNZGb2_J2LJ1TJOKLfut18ydknN7aSa1GrABoSXBAHubwDt-ns_-C_gz3Ke9sf-8ttJMFQIE,Kaysie Helton-Archer,https://play-lh.googleusercontent.com/a-/AOh14Gjanrp-ETlFAPrJ_zm6uVVBJ0QCoZzJ8dyitz-s5w,Its A Great Game! But Can You Please Make A Papas Wingeria to go??:),5,5,,2018-12-22 07:23:51,,
gp:AOqpTOG2jAcybPfmXm8mqv2fbNwQAIGpP1_KIc3mfCxhQqctdnnOyns8WQRvffPAWE0AYNtT1ABTy5zzQXxDIPI,Rodragon 2003,https://play-lh.googleusercontent.com/a-/AOh14Ggau5aNYUbHmDIQpyTMaeI_v3Mgl4M_ScQZAPjP,"IT'S very fun and it makes you think. If you're new to this franchise it might take a while to get used this type of gameplay, but it is very worth it",5,25,1.0.5,2018-12-21 13:46:23,,
gp:AOqpTOH87kZBf33chK2VyE3TQ78pL687j0h84kzZLu1j6R88CINHPoEpcrdlnkc8vK9xkvKpEif2KC_CWHwhFNY,A Google user,https://play-lh.googleusercontent.com/EGemoI2NTXmTsBVtJqk8jxF9rh8ApRWfsIMQSt2uE4OcpQqbFu7f7NbTK05lx80nuSijCz7sc3a277R67g,AMAZING,5,5,1.0.5,2018-10-27 11:04:42,,
gp:AOqpTOEMZUQC9pnKj2_nfF8C4fBvcjOUW8WGZ9HpeZY4bFR3Sq4NkYPAzDEbj17AcHY1a4vm-1LEdJp7y51nzLU,Cameron Schultz,https://play-lh.googleusercontent.com/a-/AOh14GiGX1wLXi_ALLoKKRMoSrrfiZnZ2Y-0_0jNa1MNvQ,"I love how you can do a mess but still get money(it was worth 4,29)",5,12,1.0.5,2018-10-20 03:01:50,,
gp:AOqpTOF-k0YxOxGOZXabN-JNwjIN8OosX8NAjk19NMrN7VzW0ShBCohiFHTrvXH4T47KAO6pi0yiax5ow_IklfI,Amber Duplechan,https://play-lh.googleusercontent.com/-aiCH1BihHPY/AAAAAAAAAAI/AAAAAAAAAAA/AMZuuckpUvIKGXvJ6IMYHbqOWLPYLoYPLA/photo.jpg,I play this game every day and I'm pancake week :),5,0,1.0.4,2018-07-09 09:36:23,,
gp:AOqpTOH0RP16c_LwVb1oQNOhiAKFeABCcJvUeUmI_8J19zgdS1xkepMOLChT6xk8mmxVPDjSmbdG6DnmBJCEh0M,Shadow,https://play-lh.googleusercontent.com/a-/AOh14GjOMPyUtI5BlcD7uMFjxgizFAqYHmhXXjUw0BTdFQ,I love you,5,0,1.0.4,2018-06-06 18:43:34,,
gp:AOqpTOHjFM_9rwtzcXcq_8zUxGwKvIt51Gt2jvdrTJs6EIvBSmvai8tugojVPSiJ--FiftPAYAVJrt5KmXqn9tg,The robloxian god,https://play-lh.googleusercontent.com/-cHBoU2JHbwQ/AAAAAAAAAAI/AAAAAAAAAAA/AMZuucmbjE-zkylqZW0uoqeL93IbOx0GVQ/photo.jpg,It's an amazing game it has some cool customers,5,1,1.0.4,2018-06-05 14:57:51,,
gp:AOqpTOHIMH-yg7yjQIgija8MPfXRiTLaFkhUZr410XuB64Bvtw-4GojwjtuXU82gt2yz-i8vfMoJc44KsN_GNEU,Classy Old Turian,https://play-lh.googleusercontent.com/a-/AOh14Gg04hY5OcMwcIlLE7JOaOxy8u1-4Mg5UKWav4id6g,Love it been playing these games for at last 3 years,5,1,1.0.4,2018-05-16 12:50:54,,
gp:AOqpTOGgn4m7wb47MeDx1Il5fshqwPLmZZTC84qjUst8b21oK6rhv1gNK1rQ7rkO6OPbyUo2ksnNScXxDm-QBL0,Austin hwang,https://play-lh.googleusercontent.com/a-/AOh14Gh-z2VZX1GL9bpRVIzXguwr2LbnB1Fkmkhx7kgp,Good!!!,5,0,1.0.4,2018-05-12 11:26:59,,
gp:AOqpTOHqPubpG9hJYNbIsy_CrSiVZx3aQmhRa6k0DjUjpRDBYB2CvaJaWv690ZDFhrWwffvmwwwHjIH1AlbX6IA,Adelaide K.,https://play-lh.googleusercontent.com/a-/AOh14GhvR2iqdILzrOVFj9nHL_XXXQueKgwf3LFD-Tawmw,"Great time killer, bro.",5,9,1.0.4,2018-03-18 18:33:42,,
gp:AOqpTOHDdmHnHSXt4TCOfQQekfiqCjZ4g8ltw8B9LHr1T9-owmMHWGqOxAnBXceILI9qyeDMTibOrJ08vYU2Rqw,Dayna Dykstra,https://play-lh.googleusercontent.com/-TdRS5hl4q6Y/AAAAAAAAAAI/AAAAAAAAAAA/AMZuucmoRfddQaVTqRZZweUnYbiTn03bxw/photo.jpg,I love this game played it for a long time but now its really glitchy,3,1,1.0.4,2018-02-24 16:15:15,,
gp:AOqpTOFiLMhQiAfriXKfY2NvP3KzgfwmRd41rwNLZM6oKGc-dVXC3c0PJEl2j-t3_tsV_j3y80TWrEjgrycCL-U,Zoe Rayner,https://play-lh.googleusercontent.com/a-/AOh14GjgMytu9xYF_GZda-fMyLkcm3lcfoFH-NsPJ22ocA,Amazing,5,0,1.0.4,2018-01-23 18:12:44,,
gp:AOqpTOEiaLNTimP9JEA4SSinW8pKFPqSBocbLmz7GO4k9YYZMQm0KSmQvjAa0iSZoh1eqI4S71KPsRfDYHcfXEk,T Tobi,https://play-lh.googleusercontent.com/a-/AOh14GhLjheuQQ7wB5psaZgmfrlhjkUcchUOFA0YowbPWw,"Pretty ok game, but I was disappointed by the fact that there are no holidays to play through. Because of that I don't really see much point in the themed decorations.",4,9,1.0.4,2018-01-07 02:10:26,,
gp:AOqpTOFiD4XC-h9XbAPnzW7Nu_tHBj4BFBIEZtDQVXeKB3QHYv5wM6P3faw4nIcAA54QS4VNuQh3QmlZ1-3acoo,The Comedy Funny Adam #TCFAfam,https://play-lh.googleusercontent.com/a-/AOh14Gjhz_WmMC7QcgHEeaJQYTlaI2BcL3sG3_auhTjYBA,I love the game play but I don't know why they have to cost money to buy it so expensive why can't they make it free make it free plz,5,21,1.0.4,2017-08-17 11:05:36,,
gp:AOqpTOHu70FgkzWq0dhImgiVfLoZpPr7eSxTykDCQez8OGsl_XwfaMAyCgROkMBYkTrXB7jCk6VnxaNcI6g8Ge4,Laura Brewer,https://play-lh.googleusercontent.com/a-/AOh14GhGNI4B-sz8cLB84XzjfSnChSyk1jhB1xdfzL84TA,It is really fun I can't ever be bored on this game,5,4,1.0.4,2017-07-29 09:54:17,,
gp:AOqpTOFKRHebhF7StMNFLK8FXWslqDn7L74qGgAmHrEH1BWqvQkvO-zxhEeu16FUY5FZc3CF74oQtwv2Gr7eMvg,XSP,https://play-lh.googleusercontent.com/a-/AOh14GhHPCQGhIiCEBwqrKJmEClv7doaAAhWoUPSYvx87Q,Its amazing I love it I recommend it to whoever likes these kind of games it really works.,5,6,1.0.4,2017-06-15 03:54:40,,
gp:AOqpTOGKjsHpJcLutQMemQJEJAhPs7hD5EpccmjjI-NYmHuQHZlTVk_3-UHUy5jlrwhaSYDA6lC8ibCQm1QyziQ,chris cross,https://play-lh.googleusercontent.com/-2oY8M7y1CjY/AAAAAAAAAAI/AAAAAAAAAAA/AMZuuclhLnR3GwX5sIGCU8Pku-Ah9wwPXw/photo.jpg,Good game,5,3,1.0.4,2017-05-06 16:19:48,,
gp:AOqpTOGfymmSuZz9OCOCnkQ5_cxLul7Cthf9SrC9JvD0xxS15KUwK4gEpPO0BlBXs68IoQLRg1JSHVSsiHh-nok,ツWavyMaddy,https://play-lh.googleusercontent.com/a-/AOh14GjeB8Q9daUYk0nocfKqt4EHvQbD0PpDNP434nnD7g,I am a really big fan Papa louie games they are really fun,5,5,1.0.4,2017-03-30 05:37:22,,
gp:AOqpTOGYHElrKdpOQcUVtRPva1ZB1CKc6KMdiWAvFrH8KfYjFyN9DxJMtssi5py4y7WT7FckyCDyW_h3_V4W03g,Jahangir Awan Official,https://play-lh.googleusercontent.com/a-/AOh14Ggd1WV9pJFHYS-iVZ_9zXjnChvng2H_uoBYvBurhw,He like it he play it every day,5,4,1.0.4,2017-03-28 03:19:44,,
gp:AOqpTOFep7GLpUy4fRQC-RDIohlXYHt1yeevV6nAqtzh6bnQWJmFRKhC_o5wy52btduS3eo8R6vXKe-1rOci-N4,スティーブンスカリッサ,https://play-lh.googleusercontent.com/a-/AOh14Gi04xAJ5_LJ8OyIbrjcMbBBY9HVzEfV7KYVNTY5sw,"The game isn't compatible with Google Pixel. Please fix this issue, or I'll be getting a refund.",2,0,,2017-02-28 16:41:20,,
gp:AOqpTOFLlZhdcJT3YrQhwM7nHllCx1CGe2lV0H4OjYZcErStoKU6BlmdRxsnkXC7vJOrDTnleYzUIzobs1KsFZA,A Google user,https://play-lh.googleusercontent.com/EGemoI2NTXmTsBVtJqk8jxF9rh8ApRWfsIMQSt2uE4OcpQqbFu7f7NbTK05lx80nuSijCz7sc3a277R67g,Love this game😀😀😀😀😀😀😀😀,5,5,1.0.4,2017-01-30 12:49:53,,
gp:AOqpTOEkLHYQpYkdyjYBQq4s9K2q2O1cmwju9ExN-oIQonP9aHDbrQZaKnTXmeWtBOT_73wD2g5dGRYXPz8OSKc,Harley Hoover TV,https://play-lh.googleusercontent.com/a-/AOh14Gg---9BQlJQDO6S9aLLT_QiTH6TnSh3M5KEPPUohg,Its just shows the loading screen and the game doesnt show up i give this game 1 star because it just says loading for no reason,1,13,1.0.4,2017-01-09 17:04:16,,
gp:AOqpTOFaMHmvV4gpvQfiEXqdYIkRahPCuLYhILQGMvTPuXizvGyjjXOcowe9LK5r0ZWKUgVzCv7Y2h02J6wEgho,flashdog kidthing,https://play-lh.googleusercontent.com/a-/AOh14GhMPLHOy85qpAerxPiOGdfkk_bQsPffq8EOWm9c,I love the papa games their so much fun!!!😀,5,5,1.0.4,2017-01-05 22:14:55,,
gp:AOqpTOHqj-c5PemMiApSSIzAsYusd8SrkjKQhVgs-ImmlsmlMtUtBLd1QCl4-idJgKa4HL3R_i2dQs38C2vK8Es,The Ultimate Player,https://play-lh.googleusercontent.com/a-/AOh14GhnIWRW02C6iCIBiszCA2eTYMCa-X6ubblC_4XQUw,You can do amazing stuff! Like you can cook! I wish I give this ten stars!,5,12,1.0.4,2016-12-26 13:18:10,,
gp:AOqpTOGzHCJd3J3KFV-JIvfkWfKZhs5iqU8wjkrhxenLwFYG3ULR9SrLebwlXvDQbz0vAP8rnaZvtnBSmTGq8qE,Emma Tousignant,https://play-lh.googleusercontent.com/a-/AOh14GgRAj6ddIKT-6f6B9CFau9UxbZXs-oIP9vpfdOmTw,It's a good game but it could be Abel too save,4,10,1.0.4,2016-12-25 16:54:28,,
gp:AOqpTOHGx3tRObj_C_kyWdSrlwsRgKNSSZZwuc9etg9-3TtWDaF3SWS45KFrU3hiP_hIJbNkxeuDPbuSdihFaBs,DogeDoge DogeDoge,https://play-lh.googleusercontent.com/a-/AOh14GgPtexRCpPNtxYGibHkf8sX6WK_YFygKiPY3Lm-7w,the game is way too  hard... this game is for people who like a challenge.,2,0,,2016-12-22 07:02:34,,
gp:AOqpTOGUzsIusaRHQV82_tztt2PnjBiR0cQfojyYmyuJa3wMiy9CSoKWHR2RfJT9Jxr0eYCoCVomWjLIwotzixQ,Hugo Marais,https://play-lh.googleusercontent.com/a-/AOh14Gi9suZ0KMTHQDfyE69Rl-1TSj4Ws6JLkuwiDdNpxg,I play all of em on the PC.would buy all if avalible.,2,7,1.0.4,2016-12-16 04:15:30,,
gp:AOqpTOFWN1x6WsTktYaA3jEzpKLHiCbO3lHh5sLjQ-c5mVaZ-ioGY79Mq0GzMDm3SaDuglw8DW-8psenUeMEpTM,Seri Asdalina,https://play-lh.googleusercontent.com/a-/AOh14GgGVxDtIAgvZo5PU8lgOqNkI8y3lhPvC_Afad-25Q,Why... I can't install it.. 😭😭😭😭,1,1,,2016-10-04 07:48:46,,
gp:AOqpTOG2GkVCBGxx0JJMunrz0l40fuYZ9a7WM-uvqeRRyHyoqu_EQm0r4ninJKX4oMguzq9BHRJ2pXS5GrexF7E,EJ_ Da_Finest,https://play-lh.googleusercontent.com/a-/AOh14GgiMIXtK1KP4slamBuQoqj5Aksfudoggvb6bom_,I love each and every papa louie game! I've been playing them on the pc for ages and I really hope they come out with all the other papa games! I'd buy every single one!! 😁,5,48,1.0.4,2016-09-09 14:49:30,,
gp:AOqpTOHYAANAwSL3oFCJlsI9iwBn4gJLgfAMT2srn38wUcV_tVfCVWOnlVBmYemY1B2eSg0y6rh1yfwqK8OdLJM,Amit Trehan,https://play-lh.googleusercontent.com/a-/AOh14GgbTBBuskdnZH8BfDGSVOXBpOhCf3zyjApe30CR,I loved it,5,8,1.0.4,2016-07-27 07:02:18,,
gp:AOqpTOGh2XEE2Z44pXURwmc_HrwqV5ktHZKVTS7jeyv1r71G7dL7PKpr-bE0NVIeC-u69nH8V2l-ReGWQhE7q-8,Rajinder Thandi,https://play-lh.googleusercontent.com/a-/AOh14GiGI7Bzf2lfM53uUgdaNrhffJaw87p07WfALNTckpc,Great game but needs cloud save,5,26,1.0.4,2016-07-22 10:16:01,,
gp:AOqpTOEh4-uuvtlQydfkvEdHGSdxqkrSNBWWNgyoeGTFax0iH3A6WTt3tezXlOD_IVoF9vSRsvQbRPBhrvHJ0l4,Alexander Clifford,https://play-lh.googleusercontent.com/a-/AOh14Gh-Ntc1ig37rnEILN9_os9C827cb3-u1u0HNmY4Uw,I LOVE IT. ITS LEGENDARY,5,15,1.0.4,2016-07-15 09:16:08,,
gp:AOqpTOGxcw6H1r-UOO_Qdn7qHvoPbHmKaMzqgcB0Rmwmmpb3s3kvnmfIcYD9HlA8WPDHNFBBgmNlnwldwLTJJHQ,Dahryl Singco,https://play-lh.googleusercontent.com/a-/AOh14Gh6GxWEUQREWFOZ5UvAMLYbsHktrDzjOK8yjclB,I love this game.. Please have a papa's Cheeseria in HD 😊😊👍👍👍,5,1,,2016-07-08 03:08:32,,
gp:AOqpTOGczSyvPgmM0GBg-a3amNsbt-2mLNy2CtjqcUEogVnoKH3mhho9FDk7S9VNKxBH079nRDIeKUJ1u96EV8k,Erum Tahir,https://play-lh.googleusercontent.com/-wTMVLs47jos/AAAAAAAAAAI/AAAAAAAAAAA/AMZuuckxPRzkW4dYZpll9pqGbDm-x_CiCg/photo.jpg,"I love this game but how come it doesn't show the holiday.  Not a big deal but it's great.  Please add more papas games!(like cupcakeria, doughnuteria and cheeseria please!!!",5,2,1.0.1,2016-06-13 14:12:17,,
gp:AOqpTOHLDL5q5Q11FLNDexS7UIIKy6cpi1iZvvYMy9x0DiTshglL_L3rgMUPYPj0F-L-VgbarKcjTHv9ckbXKkw,Lea Ann Redd,https://play-lh.googleusercontent.com/-E5JOQGNlxlQ/AAAAAAAAAAI/AAAAAAAAAAA/AMZuucl9SMtYtZDGKH55zhIqZpMTGA7lEA/photo.jpg,Wrong one opps,5,3,1.0.3,2016-06-08 19:59:09,,
gp:AOqpTOFzG0BwsIUTAGPKr-Pd0aY6bQFVcb89iD_37KabvJ7IXtmxRJ2pksk80i2MWWONcxBLqBIvNC-pQu1xeis,Ramon Virella,https://play-lh.googleusercontent.com/a-/AOh14GgmnoXt8E2DMgrw6tzeHha8UcvcRHLHENCj8bm1sA,fun game easy to play and makes time go by faster only thing is the customers only eat one wing then leave,5,2,1.0.3,2016-06-05 06:56:39,,
gp:AOqpTOGrBbZEeTDaNCbZkVV3-CP8__Il1JLFT4C3Hqx3d91UGg_zwaoZ2ntmE8VR6Afxb0LjqBcZIYByxPtAT_Q,Francie Szczurko,https://play-lh.googleusercontent.com/-YVQGooD6KC8/AAAAAAAAAAI/AAAAAAAAAAA/AMZuucnHLtGN7kC2b0CB2Pf0zhgRJG8slQ/photo.jpg,In the HD you can hire help and you CAN customize your person MAKE MORE AT SCHOOL YOU CAN PLAY THESE AT COOL MATH GAMES THERE IS A TACO ONE AND A WAY MORE PUT ALL OF THEM PLEASE,5,3,1.0.3,2016-05-23 09:36:27,,
gp:AOqpTOGzCNt1EhGLUpUkHvDGmd1KjepkZAdlqMHKz2FzQy-xmziAPqV9sI0KJQZroHFm7znNJkJjNRrvgOVaXP4,Saia Naeata,https://play-lh.googleusercontent.com/a-/AOh14GiBK-DQqvlt3wIiwSnIyWBnDNI6TJ2G8IDE6pC64Q,You should make all the games together,5,3,1.0.3,2016-05-19 15:55:46,,
gp:AOqpTOE1g6mAdjY2tii3Rjl3cM3ZEhwDVX7mirAgQ5wRxZ1KtORRQeacByaP7FB4HgBl88YPuw3YPGtnZur2hS8,ericka,https://play-lh.googleusercontent.com/a-/AOh14GiLxTFXLFYwNB7ce6W5r4xp7OOkrq_YaR-3KpNfIw,I wish you add the taco the pasta the hotdog and loads more from the Papas!,5,2,1.0.3,2016-05-05 03:18:52,,
gp:AOqpTOGRYQXzEKOKDwGtg6HnuIQEylyLJYmrm39bg0z2hJE6etn2jY-nhdKR2I5elBrc929cscnaqfAMk7GI8Aw,D'jarra brownlee,https://play-lh.googleusercontent.com/-0QwfDVJuhO8/AAAAAAAAAAI/AAAAAAAADbU/AMZuucmYmZEme-_lXHuZDJRDZJ1QyGnsyA/photo.jpg,Even my baby sister and my little brother love this game!,5,2,1.0.3,2016-04-20 09:07:53,,
gp:AOqpTOE5laRwjdsaBATERB1dQLQpXne3K322sFkyf6GEy8cv9VQB2tAUMu9DLzmfDtMSJBady9xWpZ7Du7yLVUg,Amy Brevik,https://play-lh.googleusercontent.com/-Y5M4FMtkgaM/AAAAAAAAAAI/AAAAAAAAAAA/AMZuucklvjT1si6RJ1HukiYdX2wPLp_AnA/photo.jpg,"App creators,please upload the pasta game and hot dog game to Google play store! Thank you!",5,7,1.0.3,2016-04-19 15:52:04,,
gp:AOqpTOGH28ycPGJHHpN4fk2R2Hab7uMpT7LYXKjiOMH0aBNafFRJbik08hGD-8oeQ905NR5AvpXtkmOs7ru35co,Noah Conway,https://play-lh.googleusercontent.com/-yd1MefLgkZw/AAAAAAAAAAI/AAAAAAAAAAA/AMZuucny0PFW2zUFR10VtqgElVUBGDQCNg/photo.jpg,This game is so awesome and flipline please make more games for the ipad or i won't like you anymore.,5,6,1.0.3,2016-04-06 17:24:02,,
gp:AOqpTOHr2CISD4qrbfYalhP7bnT53z8VIcjwrkQj2N-6S7lfLQNeILZISNao6qPFE8FLbUWJpvILwdrlLDzmh04,Kandy Mackie,https://play-lh.googleusercontent.com/-V6IzO-gbnOk/AAAAAAAAAAI/AAAAAAAAAAA/AMZuuckRXkbTt2VmMP_Q26S9XbR2zsK0yg/photo.jpg,Awesome game pass time away,5,3,1.0.3,2016-03-28 14:44:44,,
gp:AOqpTOFvDXVbEbsB2yLLjYxQjvh8-ac9t-ENUEMNqXxpfkKXJTfAblcEYJFq4QH8WoDqSZH016EIuI578dF6sc0,Emma Forget,https://play-lh.googleusercontent.com/a-/AOh14GjcFfE4tO6D1JYmPYU3qR5OxIPM8H_0lKCi33mT,My sister would like to now if you could make the hotdog game on HD so she can by it,5,5,1.0.3,2016-03-16 06:57:50,,
gp:AOqpTOFYCQZYtoDMB7bHksD3TG6o0TS75o4j1n1nEs9bz4ir4dGUCAerJJ1hKPvwhmkG__jG96juK5t19SEd1MA,Roderick Shabazz. itneo,https://play-lh.googleusercontent.com/a-/AOh14Ghqt0IK_BC9sFSKvnC1LtV50ZrEVfD12BopqZEa,Go sag x ec,4,4,1.0.3,2016-03-09 17:54:06,,
gp:AOqpTOE3dvpvjC4JzKUG3_jKHKKYFDnfSD1CXEd-YSQYPm0XmBM3fF4UYUou4kI_iL2bhNiCkEYRsKaNJfdkFhI,Jazzy Lovess,https://play-lh.googleusercontent.com/a-/AOh14Gj0lSh_JlV4BhB9OuvYKJ-lAaaRgak7J_hmip7xe4Y,"I love this game so much! But can you make the pancakeria, taco, dounteria, cheeseria, pizzeria and the rest in HD? Please! I would buy all of them!",5,12,1.0.3,2016-02-21 18:57:30,,
gp:AOqpTOGyZ7c3Td4vp6RtYa3IKn0aZudm2Y2HmtYWEoJjTvhlK4USPP4ltA7lwZBZAgChNenKSdTn2GzAZ8si7cs,Saif Raja,https://play-lh.googleusercontent.com/a-/AOh14GgX-HNrrxGuTZB45T5nhw2Z-W8fvgoT_qmcXGEcwQ,All I want is a refund! Please,3,0,,2016-02-15 04:00:06,,
gp:AOqpTOGzaB7bDSU-X_vSwTI6qPPvHqKPtKw1h8g68neqgkSQulRK_h7e-PXmPTw-0VN0xznCdaKr4BkmO-GHTck,zeetesty,https://play-lh.googleusercontent.com/a-/AOh14GgmCAeft_3UG2zsunry-rdYct1zFLUf-g8-tk2rDg,It's very fun I couldn't get of it just you half to get it😛😛😛😛😛,5,21,1.0.3,2016-01-18 15:41:40,,
gp:AOqpTOGet3lRYUGtoX8Eu91I17OfTuWSW6Nv3I_6ZRYjaquiiV6ObWAzrv25xi0j2BCwTKLnlRUrmpwatXibnaA,Christopher Stevenson,https://play-lh.googleusercontent.com/a-/AOh14Gi0nh9AFNYhgqV8XJ3BmwRxPePp3Wx2Gb7kKO8_xQ,Good game and who doesn't like wings,5,5,1.0.3,2016-01-17 08:03:52,,
gp:AOqpTOFAhZHGyyyanSfjTKOmBvuCJsgTyB8SF9QMTQ9XTYrOfNPTqszn8kwdKHJHKwmW7NLFhrLpQ3IwQ87TsMo,Bunnita Morgan,https://play-lh.googleusercontent.com/a-/AOh14Gigs4R3jQOflmKR4Ez94czUj4W6SF1bZ7bAmQ-CUg,Fun game. I play this the most of all the games. I also have bugeria kinda not that fond of it. Waiting on Cheesearia for the play store! I've played it on my pc but I need it for my tablet,5,16,1.0.3,2016-01-11 10:12:10,,
gp:AOqpTOGZ7_4Iv-jTDB4_jaoH0B01vDbEPRYwoRwio_lzD503TgfAjP8RZSF2oAa9kT9BqBTaj2UkEwuttfsU5B0,Jada Ketu,https://play-lh.googleusercontent.com/-KtFHpkZ36n4/AAAAAAAAAAI/AAAAAAAAAAA/AMZuucnbH-HMGNAeFE1E_Xku2S3j6kkiIw/photo.jpg,Why don't I get a refund?🙇🙇🙇😡😡😡😡😈😈😈😈😈😤😤😤,1,2,,2016-01-06 04:35:55,,
gp:AOqpTOEA1SJxIR6LUy1FljPqnPWvZZn4y8-e9ZXBY1WNd7tta9vFREmyaUe7Lk0zqapP2oFkArQJMc8xguGSZL0,Ethan Henson,https://play-lh.googleusercontent.com/a-/AOh14GjVOqCqIc_WXzPDQysu5mTsBVcBBeaJcnJnoaieFQ,"Please add seasons, otherwise the game is COOOOOOOLL!!!",4,7,1.0.3,2016-01-03 18:09:16,,
gp:AOqpTOFPd8d2v2NqxI8tYPQa3PZi2t23MyfGw1rUY_8_bPe2Dy88O1nDsXlrcp_SgXgp8LuOKNLQlH8mP5a6LHc,GeekSquad 69charger,https://play-lh.googleusercontent.com/a-/AOh14Ghrh75hKLBdc9J1qjnrFXqLUTBKngJeonnCl9K7,"I dont know why I erased the game but now i love huh, weird right?... Anyone i love the game keep it um😈",5,0,,2015-12-02 14:49:42,,
gp:AOqpTOFm5cb35qS2w8ER6aDhOK42LTiEnze-Y0XCnvkwYDYDegrcCBNFAqkQw3rrqgjtzxu810ja_S1kvdOwBb0,Mariah Vay,https://play-lh.googleusercontent.com/a-/AOh14GgYn1U5i4CGtYY6UovrofsOCrxrhCJB0Km2kq68aog,I would definitely get HD only....  can you plz make the cupcake on in HD soon I would love to buy it but only if it is in HD.,5,24,1.0.3,2015-11-20 22:51:04,,
gp:AOqpTOHqRR5p5kCCBVoC-bYyvdIw6YbCvkb7sBGzJk-s3WQKe9NRpT367iQ335T2cmzBgjqPFsRHB8c1MbGp4pE,Melanie Nelson,https://play-lh.googleusercontent.com/-nVRdyJrTfLY/AAAAAAAAAAI/AAAAAAAAAAA/AMZuuclVQrWbI9WXmxnMhJyXtjwhw0P88g/photo.jpg,You need to add holidays.,4,9,1.0.3,2015-11-19 18:31:55,,
gp:AOqpTOGQHk4V-U3rPQEWOk6kwQW6T8G8xO2bdAy5WvdASFjXSiUFLhKv_9cmD4oRsTrN8sOrDk4aeozsoAh-Ovo,Spiderbaby318 Jennings,https://play-lh.googleusercontent.com/a-/AOh14Gj9kMTNDV3MUT9LG9tvKYstpEm9bKbxjw8S8MLe2Q,Works great. I love all the papa games. Can't wait for new ones.,4,1,1.0.1,2015-11-17 21:43:19,,
gp:AOqpTOFZoJ3As4gLUCdR85zGlethAOSlBP0kN-aO4Ak2czsBaZIuAhcBsuqtvGTpeXqhMo4VyGt3MtbPgERJx-w,Zak Hughes,https://play-lh.googleusercontent.com/-Rf0cAyXllqE/AAAAAAAAAAI/AAAAAAAAAAA/AMZuucmed41HdBkQ6JY82nF21Ap1RNBmcQ/photo.jpg,Love it,5,1,1.0.1,2015-11-02 03:14:30,,
gp:AOqpTOHDn0nsez0Oyb9zkBBwUcTp2Ird5ERV9ZzNfasl0s-dXlNV1VbbSC3va3DeuccF6ocJuwvXsi0V5D7WSc8,Kimberly Neal,https://play-lh.googleusercontent.com/a-/AOh14GjQUVYHjxUHZtl_LeSKtxToJpRAnW0tfioKJ3xOnA,"Love the games, can't wait till the next one come out..like hot dog, or pancake, etc",5,1,1.0.1,2015-10-16 22:59:36,,
gp:AOqpTOGVv5x2PbuhFU8rQ07ybLZUJJkBLyrPuELAux4YfApB61R28j1X15xxzjtiXkYoobWs_NtEfoINTgj2ePs,Farron London,https://play-lh.googleusercontent.com/a-/AOh14Gh_qc5uWCYapY_mO5X446V2EDHzOroukl1oRN1PCQ,They should add an drink station bit,4,1,1.0.1,2015-09-19 15:25:15,,
gp:AOqpTOEv20VFypyjFuThUSCAU7Cg0sQi94vriae7CTvgtbgFjHJq8zgXG0qXH1XIvZF3vYAyv0Nt47FksUCp5jU,Ann Richmond,https://play-lh.googleusercontent.com/-BoHW3ejxpBk/AAAAAAAAAAI/AAAAAAAAAAA/AMZuuck4fyWtrKVoOKwKREb1I4ch5D67Kg/photo.jpg,Love this game,5,2,1.0.1,2015-09-15 20:44:25,,
gp:AOqpTOEPLwZhFWcwTODq2RjKUw8riVDpkhx_z73lwx434l6n9aAhEkAspvI2DWqsLgI1wN04zJio17dPMccTa-I,Blue Fox,https://play-lh.googleusercontent.com/a-/AOh14GgXaUbPlmzxLL42y6AlGfn4YwHMaOIcXJ4JjAvFMw,Well made and super addicting I can't wait for the next game I hope it's the pancakeria or the cupcakearia those ones are my favorites,5,1,1.0.1,2015-08-19 16:48:37,,
gp:AOqpTOEmpQ4xrTTtqjWT1BxQgDMdSvyufiPf4RgfCbr0Zu3EGyznyjImE8QsM0aNZ8B7MT9Y53ZoPYKjqGTITWw,Libby Wells,https://play-lh.googleusercontent.com/-kZq6WBvYaO8/AAAAAAAAAAI/AAAAAAAAAAA/AMZuucnN_p-VjmvX-qD02SVehmPPlvtNxQ/photo.jpg,It just is a bit of a bad game & will restart my tablet & never geting 5 stars,3,0,,2015-08-16 04:39:08,,
gp:AOqpTOHRwLYXaW5qFaEN4bjjLfSb5tqsswCiuSdhCzockZXs5DZgKOSiTb_xWn8uqBalwIx6EA_nMvcUKikHTDo,A Google user,https://play-lh.googleusercontent.com/EGemoI2NTXmTsBVtJqk8jxF9rh8ApRWfsIMQSt2uE4OcpQqbFu7f7NbTK05lx80nuSijCz7sc3a277R67g,I luv this game def worth the miney,4,5,1.0.1,2015-08-14 12:06:46,,
gp:AOqpTOEWcOq-538bvxRhESfgZS4-LgyQWVVriZoUfO01no7a6R9gOG8ole15gpJzREUedBPwT9S7oWPsvWp1Kpc,Gabe Guilliams,https://play-lh.googleusercontent.com/-SuALoapJ50w/AAAAAAAAAAI/AAAAAAAAAAA/AMZuuclyLS6Dgmi1bTt-TmMBFI3eJZ7guw/photo.jpg,Love it,5,0,,2015-08-06 21:39:03,,
gp:AOqpTOEuYBYGI2MN4hB_daJCcCt9ZgbAgUu_-wk7opDUB0gaVlye4XTGYt33Crtqp3dtV38n0har5YiJu_UBlZw,angelica martinez,https://play-lh.googleusercontent.com/a-/AOh14Gimax4ZdLZ9k5-0vbWwAT7XRBWbYqt3qys_WnnPpQ,Its really addicting,5,1,1.0.1,2015-07-28 19:43:24,,
gp:AOqpTOH8bj1m_UsBFuBmaeX5ocl2sIzM57MeOXuZcdWAe9Ae8o3w_EsRwyZW2r8l5VTr3lhaFmo74CE9ytwuQNQ,Farah Khan,https://play-lh.googleusercontent.com/-lMTPqFaozDQ/AAAAAAAAAAI/AAAAAAAADFc/AMZuucnsOk1fv3R4TNW5acatZnlQoYECEg/photo.jpg,A CHEF,5,1,1.0.1,2015-07-26 07:44:46,,
gp:AOqpTOGWjLjJ8j_Bvy2ZdOsI-lbnNTqQS_hjYXUgxDcXpoUpCJE2xoGfJNqIxhWB-9lP94S0ks3qc5isRz2hXso,Roberto urbano,https://play-lh.googleusercontent.com/a-/AOh14GhR-LXwL5TWyWDXrdXWyB7PCUIMrjrGQSLTMKek,best game,5,2,1.0.1,2015-07-16 19:27:37,,
gp:AOqpTOGvKMzpWn_7aI2PWv4dKtq9qSbdcuGgPpaMFH7pY5l2hPLla1DxQI_LrViwvNIMYyUdtYS2HcrcRzVZBmc,Jayden Hicks,https://play-lh.googleusercontent.com/a-/AOh14GiRZP2nt7EOrBYBT8McA15Ws-PmidKuGTmCxn4K8w,Makes me hugry,5,1,1.0.1,2015-06-01 21:36:45,,
gp:AOqpTOGr9w8Y3xBYbT6xKmC7eKQsOa7pOgb8Vikgp56rQJAAhpXLDn4l4i90dGIACB2XFTiZMn7JvMJsRJ4que0,Sefika Mujkanovic,https://play-lh.googleusercontent.com/-JO6nUjQQgeU/AAAAAAAAAAI/AAAAAAAAAAA/AMZuuclQwCBJNTIYMIv1Gp-UDJT-dpBtdg/photo.jpg,I love this game but it keeps freezing up when trying to get the sauce in the pan ill give it 5 once it is easier tosauce the fiid without freezing up,3,10,1.0.1,2015-05-25 23:48:07,,
gp:AOqpTOHpE2xf_XulCklrMhXIP5CqqKSaXn6D-VfU2ZWRGbd2Qf1QphflF8rYo_BnRy_zx1VZ7qOaDPIG5PpF1xQ,Needfor Nyah,https://play-lh.googleusercontent.com/-TcHZhXtnCnk/AAAAAAAAAAI/AAAAAAAAAAA/AMZuuclLnlyJ8zKpDJG7u90x0scPlpn2OA/photo.jpg,Ok,2,0,1.0.1,2015-05-23 04:59:35,,
gp:AOqpTOFCj1StWav5lUI4DQerbb19zt8zMoPh7H2HJc2MtwaQp5R-FNbKrhRhUF6jUL4FiifdzX6U1AjzxKo7RJ8,Allyanne Zetti Ilasin,https://play-lh.googleusercontent.com/-WkNMruy0qvA/AAAAAAAAAAI/AAAAAAAAAAA/AMZuucldepNT4LOHrMLhwEh5HGbpTVzBPQ/photo.jpg,THANK YOU!!!!*,5,1,1.0.1,2015-05-20 22:34:41,,
gp:AOqpTOG46QEMksFQXIaD9kPAW8nFlpHJrtfrcyMlIadx4RVHXVf5b_ya1DT6cSHoZJgzgoSJOkh6Bhic9D_UADI,Connie Richards-Barker,https://play-lh.googleusercontent.com/a-/AOh14GgxI__gZBU_Q5EbM3l_tBRH9b11Dv27K6xKoixf9w,Grand,5,1,1.0.1,2015-05-06 09:32:37,,
gp:AOqpTOGoV6iFn-6YbECk97vbn4QwtAszqaBrFiNkFPjD43MLMlDETG80joEVPMvWFBFxuk72skbk0CxFPCi49qc,Jessica Laidlaw,https://play-lh.googleusercontent.com/a-/AOh14GjGR4Ji544N-w1-INoEvhy_bC-nKezIIA3IiArPAQ,My kids enjoying playing all papa's games. They want to know if your going to put the Doughnut  game up anytime soon? Thank you,5,1,1.0.1,2015-05-05 15:05:50,,
gp:AOqpTOF6Tg6Dy-r5ShUdjjTx52FwI8ytosAysdGcTjdz7f_lsSLzG4WHAkEyvGd4C7ofPVpBY8BFvljavvpOTVs,Oscar Gridley,https://play-lh.googleusercontent.com/a-/AOh14GguP79k2FVLxg06vYt6cwPT9s5CDgtdiiaHBObVFg,"This game is amazing!!!!!!!! The wings are good the tofu is good the strips are good the shrimps are good the fillets are good, all of its good!!!!",5,2,1.0.1,2015-04-17 10:58:09,,
gp:AOqpTOEM3W-w1pckm651cCSo7DMpjaIAegtBk077g6dN46qjsm3MsSNJN2HrX2x_6t5jvqOsXJpdqvLDeCacieY,Ida Rustick,https://play-lh.googleusercontent.com/-MvP7VnJn4hU/AAAAAAAAAAI/AAAAAAAAAAA/AMZuucksrr4ipG7DJENhrc1CR7LsQNTbwQ/photo.jpg,more PaPa's we need pasta and hotdogriea and tacoreia,5,1,1.0.1,2015-04-06 15:47:14,,
gp:AOqpTOEpPAJh6vhmbEX_uLTmbJNuApy8JbJ3-QUiJIur2BM5SKhMud0Mvcvx5thTbMZ79KVmHv3x1nhMHP2Dyc4,elizabeth a.,https://play-lh.googleusercontent.com/a-/AOh14Gjlp_J7vTZQoCBnhlaRxnDkGYoP9ulfLgLwqPVnJg,Love the way you can dress your characters it is the best,5,1,1.0.1,2015-04-05 07:24:59,,
gp:AOqpTOFzwYYPPqTK392Teahh63CNusS1B9ZGC5NlT-zf0EXiHWz7hWE_DKiQmDJpVPbHRNWwAPeWAb3cxAX0Mm8,Naomi Bravo,https://play-lh.googleusercontent.com/-Zq6nUfFf994/AAAAAAAAAAI/AAAAAAAAAAA/AMZuucluZz2WT64do8HRndxEnAMwF8A-TA/photo.jpg,the wing's and pizza are good but I't could need some wing sauce of Buffalo,5,1,1.0.1,2015-03-27 22:24:30,,
gp:AOqpTOHOYXkH553nq76gP1cECSQ66z5COCCGGhws3_lUgJmCYX1satFupWcS2SWpDMespox2ODX2I84k2IfsK8c,Marta Cabrera,https://play-lh.googleusercontent.com/a-/AOh14Gj05qFelh8O7PRk7zBMS-d8DB4RBcmItsvqOcR1JA,This game is the best game I ever got,5,2,1.0.1,2015-03-27 21:10:42,,
gp:AOqpTOEwL7S3vJZx3jIu-EtpZbC9uatRuQ0nJV9IHGrRfB-a7fkaZawcZeRiPdmpzhHsuSUO0CbDXmaX4VbNQBs,Jay Love,https://play-lh.googleusercontent.com/a-/AOh14GjVAjGYtxIsIYA8axANNnkQttbgz_IJt2qqXxa5Nw,I kove this game,4,1,1.0.1,2015-03-04 16:03:27,,
gp:AOqpTOGQUZO2dnTITBQ6RVYwWLO_Tws2AgtVPUR7ef83i5naTHGvZFmeHE2DFg9lesFMjYq0u1j3XKEABPNcsdU,Alex Davis,https://play-lh.googleusercontent.com/a-/AOh14GjJPKqHAcizCvvZ_fzJMvfEjP8q0ttg0aqIsOAU,Brilliant game love the hired helpers but it would be better to have 2 of them.,5,1,1.0.1,2015-02-16 00:03:14,,
gp:AOqpTOHPs3tJDafWoL8l1jhZGmFSvxU6NmSfBjoNPk5grF4gZLgIavGrF499_qI7BEG0noOnfOgDrVc6uLmjytI,A Google user,https://play-lh.googleusercontent.com/EGemoI2NTXmTsBVtJqk8jxF9rh8ApRWfsIMQSt2uE4OcpQqbFu7f7NbTK05lx80nuSijCz7sc3a277R67g,It keeps on freezing my tablet,5,1,1.0.1,2015-01-31 09:19:51,,
gp:AOqpTOFRr9SHTFhMkisqC-wwVMrrILWJRKCwV4tQRXiGL-V7hRJFn-RtqVnfSOMDr785TP_-zYJcf3W_q9xlZyM,Victoria Jackson,https://play-lh.googleusercontent.com/a-/AOh14GhwixCCJMwfrwc_R6zGhKt28FedNehZMzU2XBLSdw,The game is sooooooo fun and adicting. U can design your own character and I think when u get to level 2 or 3 u get a server which u can also design and he/she can help u a lot. So u should buy this game. It is sooooooo  much fun!!!!!!!!! Oh and can u also add papa's tacomia  or cupcakeariea. PLEASE!!!!!!!! I forgot to mention that u shouldn't belive the bad reviews. And that every 10 minutes an add pops up but the adds look fun,5,0,,2015-01-25 07:24:50,,
gp:AOqpTOHrMK97ZeHG51QYBKf8qeKnWfwESpoiqYa5RokBalWeM5jk1QJp0N8eqZ9nniTe6RpCrMW-eF2uxru1gG8,Janie Park,https://play-lh.googleusercontent.com/a-/AOh14GjCuJImvI-ucIcM8sV-bZfPEWp8eX34djhamHcHdw,Loved it,4,1,1.0.1,2015-01-16 19:50:57,,
gp:AOqpTOFcNclElpA13iyx7bhYVastnxzn6M7VbUk7OE0oIGgwvjQn1ezhRA4nJvt_SHj2fCoKHDMH5PzgOjYQxB8,Honey-mae Clarke,https://play-lh.googleusercontent.com/a-/AOh14Gi1mUQeEKimGzlmMhYt8bJhuXzvxAM9blgMAa6jVA,Thanks  for  the  brilliant  game just to say  you  are amazing,5,1,1.0.1,2015-01-14 09:17:15,,
gp:AOqpTOGCCZhz_5WKJz2L1hkMzR7EGR8wa_MwGNFKVqzaV9NAtk4pcFi7wZbgRnYfS_sXL26ZdFu34Tb-LDO0cYg,Melissa Wilson,https://play-lh.googleusercontent.com/a-/AOh14GjVzJ00Wv4otlglhVMJnw9Fp8UGaNjqeJySdYF5NQ,"I jumped for joy when I heard that there was an Android version for one of my favorite games. I know the app is new, so I'm trying to remain patient with glitches and bugs. I hope that the game gets updated so it will work better on my tablet and be available on my phone!",3,9,1.0.1,2015-01-11 20:14:37,,
gp:AOqpTOEHkyGIblCDTW_WGk53jmynubPBjxrmrI6LUVZ5Ap-mcVnN_vxOzvwikitK_nnujE6YHuxTfcZUrH1SLD0,Alexis Anthony,https://play-lh.googleusercontent.com/a-/AOh14Gg7bM4UWXtUDvr25tvWIqiguHu4hdqfLSEOhdQ2QI8,It is awesome,5,2,1.0.1,2015-01-03 06:11:15,,
gp:AOqpTOG91f8j5zkh_q6oSWSC7SSaBre9LjBEJqORpmaLOagAsM7-RgWVkJecR5nSBJZJbscxVwxlxXHIE9LKfyo,Tiffany Chester,https://play-lh.googleusercontent.com/-Xe8zNI98wk0/AAAAAAAAAAI/AAAAAAAAH-w/AMZuuckGlaI44b-zrtl6J3CoCN4cGXTMjQ/photo.jpg,But which they had the rest of the papas games too play. So get them plzz!!!!,5,1,1.0.1,2014-12-26 19:15:02,,
gp:AOqpTOEJvxsHMQkWa5WLHV1A2clfAimZR8S1f8M7IKDYomUSp9zL4LosrWd6P4ToInupfDYZx-aPypVdvDQOByU,Luca Scarra,https://play-lh.googleusercontent.com/-hNmk63_7xz4/AAAAAAAAAAI/AAAAAAAAANY/AMZuucnIrp5SjV1a3LTwjp_vP7KvkmWh1A/photo.jpg,CANT GET A REFUND IT NEVER EVEN WORKED,1,1,,2014-12-17 18:49:10,,
gp:AOqpTOEx5UYcIc-ZXmKnxe7w6kUHUOXegfjTd36aqH6AbH_-1PzsBjic62omsnc86DMBnfQbuQmfwyRmVcXsm9U,Jacy Vinson,https://play-lh.googleusercontent.com/a-/AOh14GjydBOEcYuwc0s_kpciVpTOeSX3hBR3nAIRqnTA1g,I didn't like the game as much as the computer and I think $3 is a lot and we should be able to get a refund! I would really like a refund!?!,1,0,,2014-12-15 22:32:38,,
gp:AOqpTOGhO_98ghNkK9N7hRumZ9YbtAWC-bsLAHfzCdxFdIFZ7QAbuJn5lk-2XKu5OnhALY3oaqC1m7gx6QO1Czc,RoastTurkey 123,https://play-lh.googleusercontent.com/a-/AOh14GiFKcyvG_cuH2i_ivcAjqPFatGBxT1BqxHF6U9x,Amazing,5,1,1.0.1,2014-12-04 08:40:57,,
gp:AOqpTOGqPN4Cr4WGRuILoVqklIU-woKqhU0Qj9jCsGmUt5Lm_O8rRUUZybK3qHJ-_sMKVqco8zh1Und8vmmpY9Y,Ben Burgess,https://play-lh.googleusercontent.com/a-/AOh14GjoDOzSCHcdOYZIAf5Ox9RgyR0A7iSPw0CIr7HSZg,Love it awesome always recommend no problems.,5,2,1.0.1,2014-11-30 13:29:06,,
gp:AOqpTOG6pie4hCtTNAfM8sHRCR4dWycWATf8UlkzViuaHZb57XeSCJ1IFi-UNx8Ev57NQkuHLG6LLF187P361zc,Terri Parker,https://play-lh.googleusercontent.com/a-/AOh14GjhxBBKqABmuM-hRzD8veW04dKfv4oSkzJy4t2D,"It keeps closing every time I try to play the game. I press the play button on it, but then it closes. Please fix!",2,4,1.0.1,2014-11-01 13:22:23,,
gp:AOqpTOEcPMjz8xCgDWynmCWOZ2kYXX2qnUA1KGZtpMoXN9JUfnRiZjppaMO82JPoAUsQfKXrMdxB024POLfltWE,Long Lemon,https://play-lh.googleusercontent.com/a-/AOh14GgGJtHSHiwgnFDPXFeIC4gBJW35rBybW414NTQHJg,"Yesterday, I was playing this on my pc and i saw:new for tablets,PAPAS WINGERIA:)",5,1,1.0.1,2014-10-28 10:22:56,,
gp:AOqpTOHkNxjK1A-2pOCi3_QlWkhko2FKQaOovWZ7YtXGQCHpSwrCuwlCV8htfp1uA4eTQq_HV7DeYmIjd0T5idU,Tyler Schafli,https://play-lh.googleusercontent.com/-M5ozswExD7s/AAAAAAAAAAI/AAAAAAAAAAA/AMZuucmlms4R0glnclGLS2QDRqfqRCgAQQ/photo.jpg,Game started lagging on Samsung Galaxy S3. Now certain graphical objects arent visible and are black. Please help,2,2,1.0.1,2014-10-19 08:47:53,,
gp:AOqpTOGr4EZtA_PVn5u_uRkDYXTGmFSqVCsrEJE8zfJ-UihlXW0RUV-S1i-FXweRZgDWXVk_ui2cGYs72XHTHFw,AntiBarbie Bella,https://play-lh.googleusercontent.com/-BOJRPDYWc9A/AAAAAAAAAAI/AAAAAAAAAAA/AMZuuck-ggt37CuKduuPqPuV-G2FAtY-KA/photo.jpg,"I enjoy all of the flipline series. However, the wingeria keeps restarting my tablet every time I go to open it. Someone please get back to me with a resolution and I'll update to 5 stars. Thank you.",2,12,1.0.1,2014-10-19 06:51:26,,
gp:AOqpTOH9wigKNvvsdumNle0w7PT7Yr5MqtLAI0GXSSk5s4x6KI7aE6Qk_Q8yATbjApYRZVCIOKuqaYP5-HI1_cU,Brownie Sims,https://play-lh.googleusercontent.com/a-/AOh14GhBkrp_MW1rUIc3jZPveanypFoj7XJZyG9dFQbkAQ,LOVE IT,5,1,1.0.1,2014-10-01 11:54:01,,
gp:AOqpTOFPDkOE2LC3Q4vTyQEomrAgpF_jHfQ9W-IbX4CdprlsFp5wiMk79tBLCcLnxJoF3AYyAzk9fMjYhPzm27I,Silas Monti,https://play-lh.googleusercontent.com/a-/AOh14GhW-IhUUC4x0LqSfxFnEmuHw2AWpgqikSiEf1u-,I didn't like the game and went get a refund....... then it didn't give me a refund! WTF!,1,1,1.0.1,2014-09-19 14:13:12,,
gp:AOqpTOEUXnBRSLpy05UpdqGCdpUSfXjJ5XmPyjJG5qZkhu561Ychd8cwLHbEe_XJCUfN0cYILCGOpM-pQoVvEWA,angelica,https://play-lh.googleusercontent.com/a-/AOh14GiuL7r4niAdQXUDvE1Af3l1uvuKyZYX6KV3n2OX,Wish they had the other games of papas love how yall think wish I was yalls game tester give yall 10.99,5,5,1.0.1,2014-09-14 08:47:39,,
gp:AOqpTOHUyF1dT3x4aP4pBppWG10KHX4rKERouhVKXSI0bsO-XdytLZ-W5LKxMxbgNzPJyua1356wcDBHN8gF5J4,Misfits World,https://play-lh.googleusercontent.com/a-/AOh14GgTh8sFlQZ6rFcTpAlHMqkfyXK7oMad8lZhY-YagA,Great game easy to play however as I'm left handed when trying to put wings in can't see BC hand blocking me any chance left handed options pls,4,3,1.0.1,2014-09-08 13:30:08,,
gp:AOqpTOE7VFkUYrD_alV_7Ahwxj-O7Gi5r6g_BRd9Mufry404HoWA4qGPVLADoCbtxxMh8GWru0wh8QiSYTDrLtw,Capt TC,https://play-lh.googleusercontent.com/a-/AOh14Gg40dMzfyuue5E0KGBrVL92fyESvX-dkq9dMxVfjQ,"Its smooth, great graphics, and awesome decor for lobby. Although, Id like to point out that theres a lil flaw in it. The medium Wingeria Table cost $100.00 compare to the Large wingeria table for 85.00 bucks. If there is a mix up, could you fix it please? I dont mind it, but its really weird in price range.",5,4,1.0.1,2014-09-07 16:59:14,,
gp:AOqpTOFjUVkEpn5wcKxbctLfAQNzykCyJpRVG0iQRCzAuUAfJ0p8NH1ziRRkLY6D0ztOdScBH1yM2mB-AgKPy5s,drybonez2987,https://play-lh.googleusercontent.com/a-/AOh14GgBWtAGmnGC7k4wTjvjg0OyMUlpGKxgo-Zv-AED3A,This.is.a.real.good.good.game.6.stars.l.just.love.it.will.buy.more.have.good.day,5,3,1.0.1,2014-09-07 06:03:59,,
gp:AOqpTOGHifEZ4qdqNqWpVvNAYjn8JaHl-vkUDmj4-t718BPdOsP-M9-zPHnQsi7idQZy-4H7T0j2JU2B9thliXs,Justin Decolongon,https://play-lh.googleusercontent.com/a-/AOh14GivPnSRbRMtAeHLgeUdU3B_Xrx86OITWEK9zPNKZA,The graphics are great but the game on my device is laggy,3,0,,2014-09-04 16:31:03,,
gp:AOqpTOGVS6uxJ1NF-73LMydVdpRobOnoMnwddDKaZqtEtXyVTLqhGjNET8o4Te-EjtWXbZgZ7srNiLx-tCzsgJE,Vincent Kwiecien,https://play-lh.googleusercontent.com/-OaHhNUosTz0/AAAAAAAAAAI/AAAAAAAAAAA/AMZuuckeADFzvMjB7SQVOGYnIDW63xLRuw/photo.jpg,Favorite game :),5,3,1.0.1,2014-08-29 17:32:59,,
gp:AOqpTOFpemUUoBHoIvOO7VAOQnB-s_ylwlua5MUzXsI0WZwDHeDBr9-o-jHVn3yPyYh8wBUyFGUYUiqd9-giXQs,Joy Tiu,https://play-lh.googleusercontent.com/-9r5v88fIQgM/AAAAAAAAAAI/AAAAAAAAAAA/AMZuucky9gnfC3RCRTQa8lV1ARVw5_2O1A/photo.jpg,Yay!,5,0,1.0.0,2014-08-28 07:43:36,,
gp:AOqpTOEpQjAght4Hc4em-34KOdsdNFmjhlW4bmZSHDeOkAJc3lVR16f8zhBncdBi8tLNwfP-m-xrxU0VNeNBX6k,seb tasson,https://play-lh.googleusercontent.com/a-/AOh14GgfTKEChmUHdTN4Tp9c58KpdO4rTVQ4YfP9PKhNFg,Love,5,2,1.0.0,2014-08-28 05:42:31,,
gp:AOqpTOH2t0sgj-PhllTS4hH1QTSElEX26_BKFLPZz7Xd5LQRjS-g6bWxO19_Dmb1Lqm3VTw5yC0-YeTvXCDPRh4,Joey Mecone,https://play-lh.googleusercontent.com/a-/AOh14GiPDQoCGi5Ldsv2XOvarn27oeMAbWYIjeWiijMU4w,Love these games keep It up,5,0,1.0.0,2014-08-27 22:38:01,,
