reviewId,userName,userImage,content,score,thumbsUpCount,reviewCreatedVersion,at,replyContent,repliedAt
gp:AOqpTOFwXhQEdQUzTuPQL5rh6jMRasQWN2fCfpGpox5aiakpA84oUUgRplDLFg4jhgEcX3j2r0qe7FEpAqqg88c,stesso s,https://play-lh.googleusercontent.com/a-/AOh14Giyns_yR6FeVUQR9FVSyXdS5WYTt0wMGNECDQz_Ng,Beautiful but many non functional tasks.,3,0,7.1.2-release-build-20170531,2021-01-19 08:21:06,,
gp:AOqpTOGHAoqUNXdf6F8VJacyXzDIlUJ4xxaMyXRqYLtaqqJVq_LGLxH01DlxKqJqCH23x42GmZ_2udiThMTTkJY,Jaycee Baron,https://play-lh.googleusercontent.com/a-/AOh14Gg9mxJtYVOYEMu3SuB4tmoOUONL0S1Lk_bjBwyVFA,The dev needs to hand it off to a new dev so it can be updated...,1,0,7.1.2-release-build-20170531,2021-01-10 22:30:59,,
gp:AOqpTOE8CHPlts_leUEdcUxzXOH27-pTSAKcyeVFvkW9l0nf0w1Xdc640AnbFLDTRw6yU7jrOTB-BHXg02LBgFE,Collin Ernest,https://play-lh.googleusercontent.com/-ZjVT0KGFBJY/AAAAAAAAAAI/AAAAAAAAAAA/AMZuucnut80cSTwiw5o0QFHTWdRTD4T9ag/photo.jpg,"The zune UI (IMHO) was the best out of all the portable media players. This app does a great job recreating that UX. The screens are sleek, highly intuitive l, and aesthetically pleasing.",5,3,7.1.2-release-build-20170531,2021-01-05 05:31:46,,
gp:AOqpTOE8j5A0mrIlNu0_HfKPoznkfCm1NVnw3tAnCjOVXz0xjQRkR95I8SBGo7RtHTEJvVJVd2QYHjiJLubA8E4,Adam Sears,https://play-lh.googleusercontent.com/-k_vYfuCg84g/AAAAAAAAAAI/AAAAAAAAAAA/AMZuucmzV7mGemZu7bVSyVxQYFcB7f2qzQ/photo.jpg,"I'm back and forth with this player. It has everything I love about the Zune but I wish the equalizer actually functioned the way the equalizer works in Poweramp. Also, I wish it had an option to continue playing on to the next list the way Poweramp does. I don't like that once the album or single is finished the music just stops. If it had those options I'd ditch Poweramp in a heartbeat and go back to using this app. Too bad the last update was in 2017. It was finally progressing nicely.",5,7,7.1.2-release-build-20170531,2020-12-23 09:38:51,,
gp:AOqpTOEASjld_eRdmxnWF4nD4cBwYCWCFkXdxdeOP4POIKU_fKijrfMKEFeC-ehCBFn8emcsOQy6EmE2lZDAxFw,S A,https://play-lh.googleusercontent.com/a-/AOh14GjY1Gs1w9MbCKW20qJYmimZwvfUgkwfCz7AfZWYYA,"Used to work flawlessly until a week ago. Now it doesn't show album art, crashes all of the time and my library is a complete mess. Tried reaching out to the guy who made the app but nothing in return. Avoid.",1,3,7.1.2-release-build-20170531,2020-12-22 09:10:32,,
gp:AOqpTOHQCvw2m_WQhWfe1E4pUzzyGPNKs6HS55nAFURGo-JoG5QM_snalb1vs642G-TernaOcnd7_x0Kavf2IsQ,Harry Russell,https://play-lh.googleusercontent.com/a-/AOh14GjNsqFyUcB5BQ3NuTKa-jw4DNjXgYC4KBjiMbxc,Has been my favorite music player app for years but after the Android 11 update the app has been hollowed and barely works. Please fix this,2,3,7.1.2-release-build-20170531,2020-11-18 07:46:28,,
gp:AOqpTOHF99EI_C40-Jil_pZZx6YEpJ4ue2TOtc9GRHRan49mRcITooLNRAfPSLzO7QjRb0ylaDhtUwSq4boUZtw,Aaliyas Al-Dawsary,https://play-lh.googleusercontent.com/a-/AOh14GiMK_G72PVDJCfeDDGlTEDmYRu6BpUm_ZzpjFDLYQ,"Its the best metro ui app for Android. Coming from windows phone everything seem to have one UI across the board. Simply put, windows 10 mobile is all over the place with no consistent ui. Seeing this app made me wish Android and ios had creative user interfaces. The only one that seem to do something radical was windows phone. This app makes me cry tears of the highest quality burgundy wine. You're an awesome developer and should definitely make a launcher very much with metro in mind!!!!",5,7,6.6-release-build-20160323,2020-11-16 09:53:21,,
gp:AOqpTOGT92fuEHW1QdKjJTVuCcId3sR_7_jJu0qc9Aloj5qaxvUxewD1vPIXSOUkI6cZth8UBtDxNgIdtPM1GeE,Beniamino Echeverria,https://play-lh.googleusercontent.com/a-/AOh14Ggk7nSH_QvbBLN-3zv9N9_hgeSC_IlhEnL9XrqHqg,This is now vapor wear. Not supported and not updated. Dev is MIA.,1,6,7.1.2-release-build-20170531,2020-11-10 12:59:08,,
gp:AOqpTOHUSUemdq7pluoAhkGF6yasFtblxO2pCljINvl1j2_QsRWwng3Wgjyq5LZzG55rCerb1lGVzG7ozvL5_1w,William Cushman,https://play-lh.googleusercontent.com/a-/AOh14GjG3t1eRNbTDZ3NkzN0Dc2yRfNOd7n-OEmfWIspDw,Best damn UI for music. Full Stop.,5,0,7.1.2-release-build-20170531,2020-11-10 01:06:52,,
gp:AOqpTOEjwTwLGMY2WWeRA1KqnqIY4yT6N-6JqVYqtnp9vsOkUWBhKBnBah04htNK4g2jVjkTmTerVVydg8CQSks,Arthur Goan,https://play-lh.googleusercontent.com/a-/AOh14Gh_WEV-TyLhPWUNCTmOo5wpZkDAynbrCrsBSynlig,This is s great app and harks back to Zune which I loved. Unfortunately no updates since 2017. And now I have the new Pixel 5 with Android 11 and album art doesn't show any longer. Deal breaker for me. Google have obviously changed permissions or something I guess. Will reach out to developer to see if he/she can update. An app to be proud of for sure.,5,14,7.1.2-release-build-20170531,2020-10-19 03:05:41,,
gp:AOqpTOFz4ENPno3bu9BKKjQSkj_gtUcPWm-o6o53OjMba4JgSNHzlPW4ZuvMUfwau8_w1vntPmvtwLsPNSg-7O4,Nathan Crowe,https://play-lh.googleusercontent.com/a-/AOh14GjeLKcTa5PszwONTFfRVvHcxehghzrk_w5hbEykoQw,"Awesome. However, doesn't appear to get updated anymore, which is a massive bummer because the music player is wonderful.",5,2,7.1.2-release-build-20170531,2020-10-05 17:31:09,,
gp:AOqpTOGOVSnQmcPUXcGjPQIr9UeGSo9QTT1rCCrtqVoJATHvqEHLSbuZzGXmL07gsU--MQvNN-jvdlPys3vbIh4,Jamie Ryen,https://play-lh.googleusercontent.com/a-/AOh14GiqHo3jDfBeJ2g83pj2OvyvNCDtVyc-y748p45k,"Great app, especially if you liked ZuneHD's UI. It's not exactly the same, but similar enough that it's easy to use.",4,3,7.1.2-release-build-20170531,2020-09-15 16:26:25,,
gp:AOqpTOGKuPJhFihPHwtQ2oCAh2Bcnvll86q5PGbhvYM0T_ns2MRmHkZGdjfqySgstaTuli71lA-JbLa-5fUqaDI,David Corbishley,https://play-lh.googleusercontent.com/a-/AOh14GgRUA9Fr8gIGI2agCAN9nBt633wqeO17BiZ11QOtg,Good Zune compatibility. Just wish it would handle 10000 songs.,5,0,7.1.2-release-build-20170531,2020-06-23 19:56:34,,
gp:AOqpTOGuH1JUklmpA_iVwSM6ifoCjR5N4UA2pe9pjtyBeLcScSMn4WvCY_usbrsfbdo0OLaPSufjzsJPcLssIck,Chris C,https://play-lh.googleusercontent.com/a-/AOh14Gj8ikAhbFRUp64yGKl1NTl5coWcc1a2NBf9CIYc3Q,Best music player app i have used. Looks just like the old Zune interface. No ads and easy to use. Love it.,5,10,7.1.2-release-build-20170531,2020-06-14 17:57:16,,
gp:AOqpTOF5wSp-EXSqZ9-6eFVKFXHb40hr4wEMz5aPUASxBiPkmS5jjNbRpu2oNYdtT9PkyoUN7rGeo3m_ZH1OHPc,David Lardizabal,https://play-lh.googleusercontent.com/-WSBth6WjbkI/AAAAAAAAAAI/AAAAAAAAAAA/AMZuucnzGeXN0_qphk0A54qM1mNos4Keyw/photo.jpg,Nice. Zune on Android but doesn't play Zune playlist files.,4,0,7.1.2-release-build-20170531,2020-06-10 21:04:39,,
gp:AOqpTOHyox9KVS6AParsfLETCvRC-YuRfe0Fq9m-5N1T5zHA5hI13qu9bp8FCTEAZkLq2d4Aert0X9vDkwgKjzY,Jason Cross,https://play-lh.googleusercontent.com/a-/AOh14GiS8HHQvlG9IwM-AyCDxg7yFWPmeV5_J9J6meH2,Can't add songs to playlists anymore.,1,4,7.1.2-release-build-20170531,2020-06-04 05:15:47,,
gp:AOqpTOGipdgfv60GrS42ot-Ks9mnZRfaSKtqTW1wENc3pP8V6nU_socE0_kvSUZVCwX7Z5LJqdza4l-giTZzIoE,Drew Whiteside,https://play-lh.googleusercontent.com/a-/AOh14GjXnI8m0h-tZH6Vy_Pm7tmHAVdqNl_jnjMZU6ZUlg,"Still the best app if you miss the beautiful layout and organization of the Windows Phone and Zune. It hasn't been updated or worked on in years, but still works well on Android 9. I'm hoping someone takes the reins, but I'll be running this until that happens or until it stops working.",4,21,7.1.2-release-build-20170531,2020-05-31 02:06:51,,
gp:AOqpTOEbOXPyAF_fhXsqhDj5ZyUiJ5Kg4tItwDGBZJHWybTmwglcGVN4hpAPXLc6gAAH0UTvGgxF9BUlzxtob-g,Andy Marcelo Arancibia Uño,https://play-lh.googleusercontent.com/a-/AOh14GgF2sKbx75_twFHtzQmeRqF0hUjZ--VZ9bbbThzwA,"We need an update, please",4,0,7.1.2-release-build-20170531,2020-05-23 17:45:43,,
gp:AOqpTOFyAeHmx-qfMFxFxwVBx6Y6U4C5Bu-vznLgbI82zYFrtoH1whVkyA6yARtSTeADHpUtpmz0uqFbGS_pbcY,Tonxi Tonxico,https://play-lh.googleusercontent.com/a-/AOh14Ggw2wGS9KHUJV35LpAxOF4K6OrbFFLdQ0-ljqK5cKM,"Best player in the place from faaaaaar. We just need more features such as folders view for videos. Almost 3 years since the latest update, time for some more :)",4,16,7.1.2-release-build-20170531,2020-05-05 06:13:00,,
gp:AOqpTOEwcrU1w8Kas-uZ98kTAlFhNEWELG6PDAnzglqK0mRpdnk2lC52pHKYPMAiSjCsEwbnOva9McAxoYN62uM,tom yunker,https://play-lh.googleusercontent.com/-211_eCev180/AAAAAAAAAAI/AAAAAAAAAAA/AMZuucmsL5Z_ktEz52DEQ7pGOoLhI1tUNg/photo.jpg,No help support available!,3,0,7.1.2-release-build-20170531,2020-04-13 08:45:54,,
gp:AOqpTOF1jpYfeNo1r5Dfz4jB-nYr0Lu0nCn1F8aah8AzwadbLVNlRB03XKPU8vyEnUjd5oazk7hUgxMqVhQWLWE,Mattie Petres,https://play-lh.googleusercontent.com/a-/AOh14Gg8clhBwWhnt7yYhqmvpzlWL5RjxaK5vwqRDdZVFQ,The UI is beautiful and saves on battery with my amoled display. Plus it does some stuff so elegantly yet fast I just want some more animations to what I'm doing and some small changes such as repeat being fixed,5,3,7.1.2-release-build-20170531,2020-04-05 18:37:02,,
gp:AOqpTOFTysyktYBXtw_KriFvmsYvAhvh1P80JUMEV2Ei4vlG2I7eEXwwYQF1C4i1uXXxtVlm1pVczjdpB5FAzdQ,M K,https://play-lh.googleusercontent.com/a-/AOh14GgQxQuxDiCrjhgGryJ7alN_XTrRhgRMDAQHKI8pYA,After tapping on music length bar it doesn't skip the portion of the song,2,2,,2020-03-09 08:46:24,,
gp:AOqpTOG1P81aCZRcWbBdkF5JtQYHRDhioiwKuvzzLLyeLyemkNThloGh9vwL3n_dlAAFLyhRcx9saQUiwn6Zzz0,Anshu kumar,https://play-lh.googleusercontent.com/a-/AOh14GjFsnSgpIOZMcG-t9_wbVTOWAbYF8mPFn1JoQWPrQ,"So bad,Double tap on headphones button doesn't play next song.Great and elegant app. Very similar to my old windows Phone. But it's too buggy. Option button keep freezing. Beta app doesn't open on my Asus 5z.",2,6,7.1.2-release-build-20170531,2020-03-04 02:32:44,,
gp:AOqpTOFWPZYRUnuMpzsdAg17EyvDssQVFGMg2U4vbizOXKMhaM6N2_RfKNVk1t7NWQBrKFaBETtcIQrwNlmHg4M,Robert Wadley,https://play-lh.googleusercontent.com/a-/AOh14GhAP7hHPaUrC3KsaPZ9TlueGRXgIve9_7J_uBWgTg,It's a great app but the radio stop working any suggestions,5,0,7.1.2-release-build-20170531,2020-02-15 13:11:53,,
gp:AOqpTOGv9RMf-uTamcKucMWeZwbUN8WS3CvHSZnZz2apIiSSvHbnt2RlU8ZJjGHeagA6j3LfcoyuyEIgfU0nbJY,Alejandro Pedraza,https://play-lh.googleusercontent.com/-WrJ8I8Pvd4w/AAAAAAAAAAI/AAAAAAAAAAA/AMZuucklBWrIcw3hDE5xJn5qEvPMm24MMA/photo.jpg,Super clean easy to use Zune media player. I have been using it for about 4 years now and it is still holding up. Love it. Only app I paid for and it is running on Galaxy S9,5,2,7.1.2-release-build-20170531,2019-12-16 09:32:58,,
gp:AOqpTOHm5OxsfozpZxyPfnpEqNsGB4eJSseViqar3hDAxfvdzMmpurlIAddcY1-5jCU2LowjDjNQbxD8GFtszHU,Jeff Hsu,https://play-lh.googleusercontent.com/a-/AOh14GgKnGi6JKdhFuCVilU6J6b7UijZpBC1qenyDy9raA,Please add Android Auto feature. Thanks,3,0,7.1.2-release-build-20170531,2019-12-15 18:15:33,,
gp:AOqpTOFJYh6omZ1KGORLIYU9CNJ7n3hQ9MKVxSkzP1e46oiwreqYOpY8MKz5HmDTq0nIdgzqJzcrwKs-JNyx0bc,Rahul Tansoriya,https://play-lh.googleusercontent.com/-VSYdoUy5A8g/AAAAAAAAAAI/AAAAAAAAAAA/AMZuuckaaJaKiweiYadBcE5fLjh-7fLiSg/photo.jpg,Amazing ❤,5,0,7.1.2-release-build-20170531,2019-12-15 06:40:49,,
gp:AOqpTOHn6o5ZN9UlGqtAT6z5rjG1qcC1rbt7aoNZbMOuGnokLcExSzRGn5dTVn08Duxupc32uSog0LkzDrnAoWM,Shanks Ranks!,https://play-lh.googleusercontent.com/a-/AOh14Ggu8aNrIljRf785IiLmO849GyqRbSf7Juae-yirpg,"I dont normally leave reviews or pay for any apps for that matter, but I'm sure glad i paid for this one. It brings back so many good memories of the Zune HD! The functionality is flawless. I love the artist image in the background. I love the bios, album reviews and fun facts for certain tracks! Best app ever! Well done!",5,21,7.1.2-release-build-20170531,2019-11-16 02:31:37,,
gp:AOqpTOFQDDXj5W5TFZ4OOj479O0Dfkun9xDVuHT1-LUe3K0qSsF7jCcM41NZJ8NYOnN_DSbsErKr6d6roliP_Ug,Kristoph Kanhai,https://play-lh.googleusercontent.com/a-/AOh14GjzwMqe4g-GUQPVGtRpHD5MQcg3xLrkJRbGei0DJA,"Reliving the nostalgia and functionality of Zune! The user interface is inspired by older zine media players back in the day with metro letters and artist backgrounds.Clean, simple to use and fairly good on battery. One of the only apps I bought from the Play store",5,5,7.1.2-release-build-20170531,2019-10-28 15:10:00,,
gp:AOqpTOH4DrgWzZ4BoDeVy0gx9JNEjZSfnZ0JXe1fU8T3uGwNYg2GzBbTpkcct3EJrQHP48j3BPWgq20FVNqkHCQ,yourma2000,https://play-lh.googleusercontent.com/a-/AOh14GjKGa0faXJcSIx5TrT83-iEmRBgThtFEzUH6ztm9Q,"Very nice app and resembles the slick and easy to navigational Zune interface. Some issues that cropped up over the years of using it which I can only put down to compatability with newer versions such as settings not able to save, artist background images not loading most of the time, incorrect info shown in the Zplayer widget. Sad to see this media player falling by the wayside.",3,0,7.1.2-release-build-20170531,2019-10-20 04:58:28,,
gp:AOqpTOEow5aOieMn-mIaSOY_GqAX9uMOR8-m11vAj8nXok_N60vGwmg5TlCWMiZB0eLxLOCvC3IrzFuEz20_wnY,maxout214226,https://play-lh.googleusercontent.com/-tzgAtxr13FY/AAAAAAAAAAI/AAAAAAAAAAA/AMZuuckh1Mklpi5mU9QoQwT746PiqPiKng/photo.jpg,I loved my Zune. This app is arguably better than the real thing. Is there a desktop app for this as well?,5,1,7.1.2-release-build-20170531,2019-09-23 11:24:05,,
gp:AOqpTOF1U_lHC_NJmB_TCoVh4_FWP-KzQrg6lYgOJBCABzWWZ2RKtZFy3emzPItKg5O4Ud9gWI9WBtue6-oCgnU,Pradeep Kulkarni,https://play-lh.googleusercontent.com/a-/AOh14GjRVikrzrbdERTmxFTnc45-o_dYLfOsPelb9cOgfCo,"Update needed, battery management.",5,0,5.1,2019-09-11 20:05:49,,
gp:AOqpTOEH4exnRitMU7exNskjVD6hs5ucFSpPL9VXnvKDRTEMpmueJBdRGR78LoPah2k3J7_qX84MbKvJUzH2BUQ,Asheville Da Barber,https://play-lh.googleusercontent.com/a-/AOh14GiwB_ja59VZ6Jq8AYqzUmLrQShC3OJHGvpBNmT-Ig,"I definitely love the app, PLEASE fix the app cause it pauses every song every minute. I have to uninstall then reinstall to get it to play correctly. Then if I don't play it for a few hours or even one day when I go back to play music it starts to pause again. PLEASE FIX THIS IMMEDIATELY. THANKS IN ADVANCE",2,9,7.1.2-release-build-20170531,2019-09-11 03:41:45,,
gp:AOqpTOGhPTXZtKcxVngNLr1Sdwy2re41qd4EZJf7rqgJWRKjmiLkxb76Mr56SHYfe8WelIYtWHeadfzIKARrQA8,Ronnie,https://play-lh.googleusercontent.com/a-/AOh14GgleP5Mk1fO4sZ9TN3aAmDAWlBj8RNYkUwVX9DySw,please update the app to fix the artist images,4,0,7.1.2-release-build-20170531,2019-08-04 20:27:39,,
gp:AOqpTOH9_AnRpbMwjtlZVuLZ6r_FQE7kcava8Fy1pxSIjX19Zn5zUi8qhJ68YbufaWwDfkLRHQuI3yFhV9CQKHE,Michael Cox,https://play-lh.googleusercontent.com/-syg_1QLaSFE/AAAAAAAAAAI/AAAAAAAAAAA/AMZuucnNytz55FD9DO-nIDCoqx0GZJ6mTg/photo.jpg,"Loved the app a few years ago, but doesn't play nicely with my S7 any more now. Judders during playback even after playing around with battery saver options, please fix for S7. Well it's been over 6 months since I left this review as the developer hasn't even bothered commenting. Don't support this until developer fixes the app :(",2,27,7.1.2-release-build-20170531,2019-07-15 11:07:34,,
gp:AOqpTOFffYfgqlqVnPl23t1dAwSdWqBmkIYdOEVg6BeAcebtiN7SMsKndStN-BburGZoza8_Pbdmpp_SaEkJ5oU,Ask Questions,https://play-lh.googleusercontent.com/a-/AOh14GhtjHFieCiSdnrWqO9surJ_cCKi8p7jOVc3Kqee2A,It's an amazing multimedia player. Too bad devs forgot about it 😭 No updates for years!,5,8,,2019-06-26 07:53:56,,
gp:AOqpTOFFlOKh_C8MnFtTAixGgfXVbUquAu0TfondKjc92X6ZNzpH6mnE0Pg2l-eFm2g4s6G-WwFHEyBcd0_xq50,Aditia Rinaldi,https://play-lh.googleusercontent.com/a-/AOh14GjdihRdqkgm6A6cPe9q7TkRSvf4RfHxWksBpIi1,"I'm this app fan since day 1 release. Use it now from my Note8 device, still works great except fetching artist backround image. I think this happens because last.fm update their API. Please resolve this issue",3,3,7.1.2-release-build-20170531,2019-06-15 02:39:19,,
gp:AOqpTOEtdA0-_zvE0Kx8GDt6_VhGG2oq0XmgenmypfvvIAGs0yOJ1mIcSQlDS0QsIzJJzzlEH8j1yFgbJKTv0Cs,Denise Williams,https://play-lh.googleusercontent.com/a-/AOh14GiBffL_ag4RrqWp6NMzS2hxN39_2hgOVZf1FTTMKA,Are the widgets broken? They haven't worked in quite some time. I'm using a galaxy S9+ and it looks beautiful within the app but for convenience I'd love to be able to add the widget. Any updates in the works? Other than that I feel like I have the best of both worlds my old Zune HD & Android all rolled into one! Bought it twice (kinda forced to) but it's that nice & nothing else compares to Zplayer! Lost a star for widget failure. Running Android 9 (pie),4,6,7.1.2-release-build-20170531,2019-05-19 09:30:07,Thanks for the support!,2016-01-30 22:56:13
gp:AOqpTOGE1tPG4NpivKU4YeF8fV5Y8GFOrdQeZXI6_AtcBCUeD9X-vrEWf7Xb8vWw7Q9aIL9qEKURarB_J50Zt7c,Henry Xu,https://play-lh.googleusercontent.com/a-/AOh14GhznbC1DfV1vu_x4L5GE687hk9STmCrVwtOWC1RAw,please update the lockscreen control also support full screen on Xiaomi devices also add shuffle on panorama start page thanks.,3,1,7.1.2-release-build-20170531,2019-04-24 14:31:45,,
gp:AOqpTOFh-GrvKJn1Up0uVPccS_-LKjUqpjPucanRwoC6F60_uPi6Qk0zu72pd6gNyMgxoflIFTVVjK1ySHdN0yM,Garrett Gill,https://play-lh.googleusercontent.com/-sO6PpSuXXa0/AAAAAAAAAAI/AAAAAAAAAAA/AMZuucl304_GKZf137Jb4XKrM3oQub2GuQ/photo.jpg,Used to love this app. Now it pauses my song every minute. Fix this.,2,23,7.1.2-release-build-20170531,2019-04-16 08:13:56,,
gp:AOqpTOFWt82vn8W0wOR5EOPbxckBetZrJFiBfcX6BAHQApphb2NnIX6sCYkdPnZUUgUWBYab8aPEI9WkV0MGwfk,Nassim Mokraoui,https://play-lh.googleusercontent.com/a-/AOh14Ghu19WFWfqWi1zk4kBxuTT0xCK1bOMfvcdeKEVoZg,"I don't know why this happens, but your app too frequently just randomly pauses music. And it is annoying. I love the layout being a zune fan. But I basically cannot listen to music anymore on this player. What happens? I play a song... It pauses. I resume it and it pauses 30 seconds in again. I resume and it keeps doing it. I force stop the app, I clear the cache, I restart the phone and it still does it. I'm forced to use another player. Please fix this.",2,22,7.1.2-release-build-20170531,2019-03-27 05:45:35,,
gp:AOqpTOFWhS3u94XZMCt_c8JV52kwTwg7bDqMd9FS_eX8XJ1H2VbZcrdMAZI0-ccNE_UlDp_py1LCx6ui3Ms9IWc,A Google user,https://play-lh.googleusercontent.com/EGemoI2NTXmTsBVtJqk8jxF9rh8ApRWfsIMQSt2uE4OcpQqbFu7f7NbTK05lx80nuSijCz7sc3a277R67g,"By far the absolute best player on Android for any Zune lover. Now that I've paired it with a Chromecast Audio, I need to give it a sixth star.",5,8,7.1.2-release-build-20170531,2019-03-16 08:22:55,,
gp:AOqpTOFjom2uKxTSvd-c9MQlLan6EISQ9hsJsb1TbmOnZK93vGNTOXMf7HTRg16itn21n08TIuINfXH0ruAP-ME,Mallikarjuna P,https://play-lh.googleusercontent.com/a-/AOh14Gi_RVujLgYPw5bodz_FXu73SVMpSTKHHopL5_BUOLM,Listening Songs in headphones.songs are not changed by pressing microphone button of headphones.Please kindly solve the issue.,4,1,7.1.2-release-build-20170531,2019-01-22 21:58:58,,
gp:AOqpTOEtPfhAtIXwWyh56M71YwxOoYVFN016WtbspwZtzgv9_6IS0gGpH2duqxnBF4Z6q_z2qrXxgotUOLfnfNQ,Gary Mike,https://play-lh.googleusercontent.com/a-/AOh14GjX0oYs_D3GHnEKuQOe8eMjdX0Vage8vxx7-bWnZw,"My favorite player, I would make some small changes but after trying other player, I keep coming back to this one.",5,41,7.1.2-release-build-20170531,2019-01-20 19:35:05,,
gp:AOqpTOEGqMNbrjVjPfnrSFIBcYTp6AQS_xJZNnDPDkE4h_4le-ElgWDLDY29sPZ4VoAut6_1zgAWqRiHrsoA0jY,Derek Colby,https://play-lh.googleusercontent.com/a-/AOh14Gj84uM6KIhL5ENEFnLEAPIMO-UkOgV_TBTX5r5V0Q,Chromecast functionality broken. It skips several songs every time a song ends. This app hasn't been updated in almost 2 years so surely more and more functionality will break. Sad.,1,3,7.1.2-release-build-20170531,2019-01-04 21:55:27,,
gp:AOqpTOHxrEFOuG77GisfCKUNXzJuiyz91P1BqGFNmdZAqjQ0X13-wDBchLwnzIo2SNWBKB_XN2zaxdpZIQySbWQ,A Google user,https://play-lh.googleusercontent.com/EGemoI2NTXmTsBVtJqk8jxF9rh8ApRWfsIMQSt2uE4OcpQqbFu7f7NbTK05lx80nuSijCz7sc3a277R67g,This is a good player. clean and thin player with quality,5,2,7.1.2-release-build-20170531,2018-12-22 22:50:52,,
gp:AOqpTOGRwCSFDF4vmFIP3bRqKQqH6Wo07A6HcMNFQ-SIeDjj3eoa559ka8lmJkKfixu5WNbqE9cNXDlHW41BAzA,Kadir Khan,https://play-lh.googleusercontent.com/a-/AOh14GjW70hMZc4LpLSwN6ly8uq6lGdlxhiRB1DEoXpyGA,nice,5,1,7.1.2-release-build-20170531,2018-12-20 05:03:54,,
gp:AOqpTOFnc4nqmWEgfdHUQ8oggPjyMwFz9XUUILXSjtv1vLnO2fEo3pOeHCLMRuQwqKJye5xywfSU-veerYa1Ysw,Eugene Green,https://play-lh.googleusercontent.com/a-/AOh14GjoSzxxd3sfLp-SBdfPRpWcvFSNOJ3DtlYbaRbqzA,Love it. Is it possible to get bigger album art?,5,3,7.1.2-release-build-20170531,2018-10-08 13:22:23,,
gp:AOqpTOEOlAPRb318TG684bxagJwmbLe0lrbNshGQVjdLp9nA2N6ATv-SyGU1N69dSyowty97OI9bPHxJVoi1x4g,A Google user,https://play-lh.googleusercontent.com/EGemoI2NTXmTsBVtJqk8jxF9rh8ApRWfsIMQSt2uE4OcpQqbFu7f7NbTK05lx80nuSijCz7sc3a277R67g,Paid for twice. Abandoned twice.,3,1,,2018-08-31 14:40:11,,
gp:AOqpTOEzlK5Jp5rsLYk7DYSUqNCMIeN9GtO6JQPC4eIMZlUfjXnAKWoIsxTbbVhQCw26f18vwagHvclJcOPQVbs,TheGr8erG00d,https://play-lh.googleusercontent.com/-M-LB3v90APQ/AAAAAAAAAAI/AAAAAAAAAE4/AMZuucn-G-M0vdv5aeiYXOgL85tfYYTf3A/photo.jpg,Stopped working. Just freezes up.,1,2,7.1.2-release-build-20170531,2018-08-02 17:59:32,,
gp:AOqpTOGUW28GHHT4Zo_SMglWG8jqmfdIusIfh8SrLBfPf8DgO07oC86t_PgzJkYcxRjIbwK5Gwj5gTFK5tOBZMQ,Nerdsick!,https://play-lh.googleusercontent.com/a-/AOh14Gh5LHN2M4YrDe-3FLvsDlGLeqyTty6CYgFoRYKnng,"I love this player! That said. It hasn't been updated for a long time. Also 
I would like the option to choose my external sd for music. Right now it's 
only all storage or internal.",3,38,7.1.2-release-build-20170531,2018-07-28 00:34:40,,
gp:AOqpTOF99OCuDIlJAkPrjowHYnTibCTBDnOvBggwfnhvJEv3a2kKIpnSEpIK3b3BRlAQAJ_44T9fOpRY_kFxJfk,Gary Peachey,https://play-lh.googleusercontent.com/a-/AOh14GgkIN4yuKRzAhkRHHmDKyt6-9TUdPhoriYKRLzVXXk,"Has a major issue of using my battery and it overheats my LG G6. A shame is 
hasn't been updated in ages.",2,2,7.1.2-release-build-20170531,2018-07-05 00:25:11,,
gp:AOqpTOFjXJlztzuaRRvLu5lBsMZVBvCkMeWHsrR_JDno2jQGMnZ-8sjcNJYZfyiXQaNtTSeJ-CvvVtgpyiixiMQ,Thomas,https://play-lh.googleusercontent.com/a-/AOh14GioHsujbzN9aFGxG4aihwjrdDWn2wszEO7JxmDMTw,"This is my absolute favorite music app. It is truly beautiful and elegant, 
and a very competent player. I wish it worked with Android Auto. It would 
be awesome on my car's screen.",5,3,7.1.2-release-build-20170531,2018-04-18 08:21:05,,
gp:AOqpTOEWWMg8a9gHARDopqsybgkwbTsn5vHNqwy0nnH0J7Z70CKtozo1cqZ6ZHRmvMqkaaxzqMCsJdqLcFxPeXA,Vadim Romanets,https://play-lh.googleusercontent.com/-mDC-ffTCbFA/AAAAAAAAAAI/AAAAAAAAAAA/AMZuucl9iOXpQElCJaTBbuXdaUFNDZ4BsQ/photo.jpg,Used the app for years. Best one I ever came across in every way,5,1,7.1.2-release-build-20170531,2018-04-17 22:19:59,,
gp:AOqpTOFlYxM_ZolrBquz7hSPREL0FSWzZ2ZLhtRZDAdoToQPJu5Wl00v_0S3KlRcMNu4o1Fsx6-wwg2wlLr5CUA,HEMANT KUMAR,https://play-lh.googleusercontent.com/a-/AOh14Gi0Qj7dqgvuUhFOTDmYvPMMVCSik4WuVBdcyb1N7qE,good,5,2,7.1.2-release-build-20170531,2018-03-21 21:19:07,,
gp:AOqpTOHxZBO0ccrBUKgIxXDiKGC5Xshp2Sd9hTSwWzx11lBFR7MsBTZ2zKQorwSYDjAbW6h4WzI7qPtDluAn6L8,Daroo Beats,https://play-lh.googleusercontent.com/a-/AOh14GjfJ1C9fNuoqkcvbSrcdO5Gj5XnbMr5zVrSJCRQCw,Underated. Been using it for years. Beautiful system. Salute to the dev team.,5,7,7.1.2-release-build-20170531,2018-03-08 06:18:34,,
gp:AOqpTOHtxwGDNirQvTZFFPB4nP8icmNPGzlpxufVuzNDem9QT7vp7IIDzA8T3uisw58zwfKm0KJVH8-B0iGw8hY,ʜ̲̅ᴀ̲̅ɴ̲̅ᴋ̲̅ ʙ̲̅ɪ̲̅ᴢ̲̅ᴢ̲̅ᴏ̲̅5̲̅,https://play-lh.googleusercontent.com/a-/AOh14GgD0pcDFWJtXnjeehEC7bP3X3NXMj2G1cEs-Gtv3Q,Had this app since it was in early stages and has always been great.,5,6,7.1.2-release-build-20170531,2017-12-22 07:33:43,,
gp:AOqpTOGkyVfbohFble78nKrWi-HkJm0mkHrdrbszR0AE4SrcoU7eLh7imz4OmNNoGejs6CxkmqO_wrPhdeHhuak,Sree Hari,https://play-lh.googleusercontent.com/a-/AOh14Gg5s0DEw6M33e_MuzQ0jQCL2wtPnBPhcZ954sfrJQ,Hey I've been using this app for the last two years... Nothing has been so beautifully designed. I love this app very very very much  There are only two problems to which I need a fix...   1. Repeating a single song is not possible somehow   2. Headphone controls for next and previous song would be awesome.  The first one is really bugging me please solve the issue... I really like this app  Thanks,5,32,7.1.2-release-build-20170531,2017-11-26 17:44:28,,
gp:AOqpTOE3-lZTygw_inXxBwOvSmpF9INloLQsLOG9K6HEEvcQVqzB1XDy84E91A78sUADZX4JTqOfUKiyrU1n2t8,Robert Crawford,https://play-lh.googleusercontent.com/a-/AOh14Gh1KgNmKil3LrMvqoTDxd21ypvAR1SJQsjwi9lu57s,What can I say it's one of the best if not the best media player out there.  I've used other players but I always come back to this one time and time again. Keep up the excellent work.,5,22,7.1.2-release-build-20170531,2017-11-20 06:09:09,,
gp:AOqpTOHzdJIqH0viGlx2W5O5FJiQr5KMhCzwQE5TruOtsIT9pfvUwNN6FXm-joqVugYFb6TeBrNAFixeh-01XCQ,S B,https://play-lh.googleusercontent.com/a-/AOh14GhY9CbM5puLUOOwuuEt8FWqHPDARlcHBCXMs1msoQ,"Beautiful interface. Simply the best audio player for Android. Turns my phone into an iPod killer. But please get the experimental player working soon, it's very buggy right now.",5,5,7.1.2-release-build-20170531,2017-11-18 09:15:50,,
gp:AOqpTOEwWg9FVbw0eHbf8QMJpuQVH5XVq1zb1eW5rljvEvIHJOuN4l2KkEpOz2PHBv6Un_ylA4Yog6SYrorVeL0,Ark Wood,https://play-lh.googleusercontent.com/a-/AOh14GjZf4KJSfCHMlckxMZuus6HCThy_JzI5A3L549TyQ,Glad this app is still getting support even though I haven't been on Android for the past 4 years.,5,3,7.1.2-release-build-20170531,2017-11-15 22:16:30,,
gp:AOqpTOGkRixfrutWx2ynkwWXobYCBbl6eql0rVFigyWl1c6crZNSk8_xfXACZTXi4yX08YoEUPKsD1iFL1Y-AvY,Kris McKinnis,https://play-lh.googleusercontent.com/a-/AOh14GjIccamGJiLJV84uURvvhyneIwTuhZgF2vh4rCZiMQ,More people should know about this app.,5,1,7.1.2-release-build-20170531,2017-11-15 04:03:21,,
gp:AOqpTOGWowxXQYsz2OPMHByxOTByv21_4DWSGA_Uw6f0mvULMcESKi30sdygcwmuBJuNOwX-9ZEb0pDd2I_5VUA,Joshua Nweze,https://play-lh.googleusercontent.com/a-/AOh14GjXf1R4ODdr2-LzoCr41SpHc-MQE-2p18qrMisXdA,You need to update this app. No more background pictures while playing a song please update this application I miss the background pictures thank you,4,5,7.1.2-release-build-20170531,2017-11-09 23:00:08,"I am working on an update for this, and should be out this week.",2015-08-31 20:05:14
gp:AOqpTOF8oAfDUDhZFKHt0Y5DNONdKFzygNhzumTyPIy30xRNQ9H_sCMORlwdLHi2f10Fig1ahLTtmjqmNE9lI9A,Bishop6,https://play-lh.googleusercontent.com/a-/AOh14Gh-Ko8S9ncutt6t5hJccar4nVhRjF9z13XezxvKUg,Back to good,5,20,7.1.2-release-build-20170531,2017-10-24 20:14:00,,
gp:AOqpTOHgUAzYEZkfG3LenJfO46m620DKTw1OmoSJo6OR287oIvnPZ8TG5iR4SQ-I_hXTJExd1nLtBRtAWDnIA4M,thatrandomnpc,https://play-lh.googleusercontent.com/a-/AOh14GiEg9Tro4Sto2LMg-_buQSCfPeVjZE2X5bh9acIKg,Best music player,5,6,7.1.2-release-build-20170531,2017-10-17 09:36:28,"Hi, please update to the latest version.",2016-06-30 21:06:37
gp:AOqpTOGDUlIdtY8eMM-mQ6n93W8tiQkuxejXCCqNVhvl0LxX-ksaoj1AtP7Cpj7tPv3eGsoPzK77rAqs-foNTX8,Erik Oberg,https://play-lh.googleusercontent.com/a-/AOh14GhQvx4RBIBM50WWWIOekptS2Tj9C1t5TvKmCFMk5g,"I really love this app, but about a week or two ago, it started eating all of my mobile data. I only use it for music stored locally on my phone, no podcasts or other streaming. Even with downloading some album art, there absolutely no legitimate reason for this app to have used up well over 3gb of my mobile data in roughly a single week. I even went into my phone's settings to tell it to restrict background data over mobile networks, but it did nothing. It would be really appreciated if this gets fixed as soon as possible.   (It would also be nice if the New Mediaplayer functions could work over Bluetooth if possible)",3,58,7.1.2-release-build-20170531,2017-10-06 11:10:22,,
gp:AOqpTOHtooqCVf92RQU4KgOXZyp9B1RQAU3mRT9RcDqYGSkrhkGAAv2jyZrRAWjTfPJURScqHsK8eKEbeCvle1Q,Tomasito Cruso,https://play-lh.googleusercontent.com/a-/AOh14GhlfgbNWAYGRQvpJ_223f1or5QAaJBsttQ3Wvgg0Q,"6/24/17 I have been using purely the radio for a few weeks now, the data usage is crazy high. 3 weeks = 21gb!",5,11,7.1.2-release-build-20170531,2017-06-25 05:49:17,,
gp:AOqpTOEeTZ-UbTqTJnwPlUBH0Q5MRdPstx6gr-zPz3GBc0hJuRGhDTiNLnPsTY6-0r2jQQLdeScqUYsfagkcmEw,Francisco Velasco,https://play-lh.googleusercontent.com/a-/AOh14Gij7MuTiL-ZXctHcPTzzGbT39H7ZL3L2IK_G2e8hw,"Hi. I've been using the app for some time now and I love it. However I'm unable to open it ever since I opted in for the experimental player, and I can't seem to fix it. Tried uninstalling and reinstalling, but no go. Any help?",5,35,7.1.2-release-build-20170531,2017-06-19 13:17:39,,
gp:AOqpTOFsJ7XKtz60s-t5wbYPU6VTpyzeMOqlDeouddrz6YWbGW9kkl2Pu6Dd3_bA0FJNjqmF7eAOrqo4bwvsdKk,Andre Shepherd,https://play-lh.googleusercontent.com/a-/AOh14GhsHBQveyP_5X1zj-Emw22E8F1h20CrggSXxAYTLA,Love the look and UI of the app... However it only will play or pause when i use headphone controls?? Is there no way for next/previous track???,4,2,7.1-release-build-20161125,2017-04-17 15:33:47,,
gp:AOqpTOG2w8q2c9opQrmaZ7GcGm2bcZQgp1jQhYP81DmblfyCiDMRaOFklSQAwaQF7e65mLrpTx7YjmKhAASUCYc,Jared Hayden,https://play-lh.googleusercontent.com/a-/AOh14GjoK5rU-02NHE_oiyvDr_LIPhml-HmbdRZULN-y7A,"I love this app. When I went from my zune to my phone for music playing it was a godsend that this was here. The only problem I have, which is why I gave it 4 stars, is that it doesnt have accessibility for music on sd cards. Add that in future updates and i'll update my stars.",4,1,7.1-release-build-20161125,2017-04-02 15:32:05,,
gp:AOqpTOHTG8otPi0Eh6-YFkZVubRubxvDBjOPeyKkYH4fmnLZ3MVer_3oAJrlyPwrbeOUwiQeDavb89rIIBaSKOQ,D V,https://play-lh.googleusercontent.com/-dJWR4mOIHLQ/AAAAAAAAAAI/AAAAAAAAAAA/AMZuuckxRbAQWgVMncHk9SyOoITTAM1LtQ/photo.jpg,Excellent app!,5,1,7.1-release-build-20161125,2017-04-01 03:57:53,,
gp:AOqpTOG3MicGt40dnY7cv5j6wv-ty7njbo7WFWOIhWUqwpx-jGo_RFcjEBaOd0NSLJ-Che1h8YlPDGhhmpDSOgU,David Van Pelt,https://play-lh.googleusercontent.com/-J1660p5LgPk/AAAAAAAAAAI/AAAAAAAAAAA/AMZuucnpSFc-1roO_9AWQW1EyI0IJvAL1A/photo.jpg,"I love this app. But please add support for wma files, most of my collection is in this format and the app can't see them.",5,2,7.1-release-build-20161125,2017-03-20 08:59:42,,
gp:AOqpTOHS2qYUwXy_4VwEXWuocCicCgtY-pjZ_CC4Elad6jpN18_Z8hv9KXxS_OmXzDaCgWnPKQ3q_agNB_h8ANE,Reylaven Hunter,https://play-lh.googleusercontent.com/a-/AOh14GjdXzG1w91I3Gd1q_jSuej1urZIdWlIwG8Z_VVv7Q,😊😊😊,5,1,7.1-release-build-20161125,2017-03-17 02:50:11,,
gp:AOqpTOGsRhjRMPNSfOzpRku6EXlvC4TK-ztE5hEdgbzIwKjAEcdKNUm67ihfIn9-CTiJ01X2Ec96u-ZYf6XHsbE,Ryan Duty,https://play-lh.googleusercontent.com/a-/AOh14Ghq_Hv2YwSz0Bpxhnhu2aUWQGrCMSpDFnQE1KgbHA,Just like having a zune HD again. I highly recommend for those who want podcasts and mp3 player in one. Super sexy design and intelligent functionality. Thanks to developer for this masterpiece. My only recommendation would be to add the ability to download podcast episodes directly from the list screen (where you can select to show as played/unplayed). That way it doesn't auto play the episode as you intend to download.,5,5,7.1-release-build-20161125,2017-03-09 09:43:15,,
gp:AOqpTOG63jWIS8vDaWDFQ41B-VvCT22bM1J16CrX4Tc-fLJOKWTcKI1POxw8pAIcgVeB_hpuklR4nCi23M57VlY,Daniel Gendelman,https://play-lh.googleusercontent.com/-vdx9h2o4oRs/AAAAAAAAAAI/AAAAAAAAAAA/AMZuuckr050m6409S2I9GagfP8O0y7Dk5g/photo.jpg,"Goes back to crashing, unusable. Old review: Great UI and usability, had a few problems with crashes that were solved by removing data. Now works great.",2,11,7.1-release-build-20161125,2016-12-28 14:14:43,,
gp:AOqpTOGBBUUPpfUbuTZ9Q8UnOFCyby7MHNu3rEHQ-fbe30lWvadHScJK778RhtvMQ48jiQ5h8KH-YreB2bYsXkk,CooperZ2,https://play-lh.googleusercontent.com/-Hg5ksdqE0Z4/AAAAAAAAAAI/AAAAAAAAAAA/AMZuucm_3w-V_Mgz0qCTYsuoFCxy__fDSw/photo.jpg,"Basically just a zune player app. It does well recreating the experience. Handles podcasts well, music orginization is good. Little buggy depending on the device. Give it a shot.",5,3,7.1-release-build-20161125,2016-12-22 20:38:29,,
gp:AOqpTOFTO5ZJKlxyq0GlxRulsbanOBrB6yM5zUBiOxg4ufEOh3_T4e8QUJCedw0nsgHQZFMNqL1s027umrCFbiQ,Clyde,https://play-lh.googleusercontent.com/a-/AOh14GhTDSBvfRCZcbk2Uudkwr-wsHWxt-zSDuHdaW__30o,Would appreciate it if there's a sleep timer feature in it. Is there any G+ groups I can opt in so that I can get the latest beta?,5,1,7.1-release-build-20161125,2016-12-15 08:14:29,,
gp:AOqpTOEOlH0MlgtNtD0WkOljshQ0FDEZv1Dsbk1TzSEwq695HSA6fOYI5krFZAHn7exPKNxKHJaDSbbzvCnDoww,Linus Yang,https://play-lh.googleusercontent.com/a-/AOh14Gib7l-hkRizQW4WMYT3e_Yd_q3lkLL-fdpbogTjjw,Really miss the old days with my Lumia920.,5,2,7.1-release-build-20161125,2016-12-15 03:59:27,,
gp:AOqpTOHKmvCm_WJwu422VlgmmgBPsmmSI2yHMemLYu5-RtTXZMbV-pUF_IEfWbKt95qKX7U5MFPzQJz-4kdJ6o0,Austin Teall,https://play-lh.googleusercontent.com/a-/AOh14GiIrcKKoHg4HqZPerWaJWUcwT6JnjALI1F7P94hCQ,This so annoying it goes from it being just fine to completely broken can't even use It. Please fix!,4,3,7.1-release-build-20161125,2016-11-29 18:13:48,,
gp:AOqpTOEdvX5pUgdB7I1WgGh7CmwDm7dnzR5TTSECPdbx3knmtcoZVNyeTwqEkKkEgbB8KS8htGPcow1lRO4npak,Raul Aguilar,https://play-lh.googleusercontent.com/a-/AOh14GgGAd9a-ySB79lXCv0OjUgCLMZMiTVHowm13pA,Love the look of the U.I. works great for me and appreciate the consistent updates.,5,3,7.1-release-build-20161125,2016-11-29 09:06:18,,
gp:AOqpTOG67MnSFWs7Ju0Jvuo81PRM99q0jcuSPUUF6QCCiO5kaMZBdvO3lnCsBDfXSC-zkAgawFgUy0rxa2Y1lkc,Paul Jenik,https://play-lh.googleusercontent.com/a-/AOh14Giqqd5aOja2ctoXEO04r6KykzG11LUCdo6ey1kX_g,"It would be nice to have backround images change in ""portrait mode"", and ability to change the opacity of the backrounds. They could be a bit brighter.",4,4,7.1-release-build-20161125,2016-11-28 15:50:58,,
gp:AOqpTOEAcJMQIdhxnRAfPl-C9EBI0RCSV312m5JFyKbTBZik7EMP1uPGpOc62nNcwODlZ0QbAdL8W8IGGnIgVdc,A Google user,https://play-lh.googleusercontent.com/EGemoI2NTXmTsBVtJqk8jxF9rh8ApRWfsIMQSt2uE4OcpQqbFu7f7NbTK05lx80nuSijCz7sc3a277R67g,Will give 5 stars if it supports miracast connectivity with my Sony Bravia Smart TV,4,1,6.95-release-build-20160901,2016-11-23 09:23:24,,
gp:AOqpTOGIKoiPvjYYHh-_T2lw8RlQSNTtW8hfGrIH4JIRT8Ts8EhOVxURf6_98zvXi5yalValECspesMULT2c2Zs,Muhib Rahman,https://play-lh.googleusercontent.com/a-/AOh14Gg9Wq79KUMW9v2k0-3rctAzCDh6nsh5W7ALn_KHoQ,Would it be possible to have separate  equalisers for the phone's speaker and external audio? Edit: Repeating a single track doesn't work.,3,12,6.95-release-build-20160901,2016-11-09 15:39:27,,
gp:AOqpTOEKhoZcdu4apUyvgDVOrmwQyuNj0rE0Uqvv0X5psn-UG9adO-pNOow-yKOq4hBpd_FAw6KFfLf7HzlejHk,Elmer Fonseca,https://play-lh.googleusercontent.com/a-/AOh14GjPmNjhc59PVkyniILL7gRKAFvP3JbJ4RFUW7pn0Q,"ZTE pro max not working, app freezes and lags alot also songs just stop for no reason. Pls fix",2,0,,2016-09-27 13:24:31,,
gp:AOqpTOHVffddaPu70LJEAHpExouzp4y1LrsDn6T3dBD05qUSciltl-fPGaFfoNL42qqWbxD-PvXA1MA_QbG49pk,A Google user,https://play-lh.googleusercontent.com/EGemoI2NTXmTsBVtJqk8jxF9rh8ApRWfsIMQSt2uE4OcpQqbFu7f7NbTK05lx80nuSijCz7sc3a277R67g,"Love the look of this player but sounds terrible when using Bluetooth earphones on my Huawei P9, other players sound fine with the same earphones, hope you can fix this issue, you have made a very fine app but for this one fault.",4,9,6.95-release-build-20160901,2016-09-12 06:57:30,,
gp:AOqpTOF_LhpGLGhEFn_9aIhMjrpdcaHEi7aB9yYbuqi4mD2gRgqMR6qK47jxytz6ea2_O-n7vPO2hulteQpPW4Y,Canis Medina,https://play-lh.googleusercontent.com/-chC79FAPzPY/AAAAAAAAAAI/AAAAAAAAAAA/AMZuucnDc_y8QNAIVtxG4LWjqrG7HW2zcA/photo.jpg,I love the app.....but paid for crashing?? No thanks...,4,0,6.9-release-build-20160731,2016-09-06 01:27:38,,
gp:AOqpTOFskVqvvgXmFYI1dGLQG7KPVAvSze9himXG2m-jFX-uI0OtRjVmFMelR4xJHZaQnLt33tFNdhu44euumiE,Resilient Introvert,https://play-lh.googleusercontent.com/a-/AOh14Gh7Wy-wOTQG0J2Kwj-J-1bi0jie5NyX1hOmDOf_gw,Everything is perfect with this music player! Thank you!,5,12,6.95-release-build-20160901,2016-09-04 17:03:14,,
gp:AOqpTOGtfrO7Fm760m8WmwYXLIQRwxwHOctaBUHPs9Aqb3JzSxsvAPurZgvogmCxtkbe5tYZiUXSQ_ShQrN6pzs,Jonathan Edmonson,https://play-lh.googleusercontent.com/a-/AOh14GjKU8aFrM5Mx2SVzeNYN838qAk9spvquL4g3e6ucOY,Stopped working after latest up date.,1,2,6.95-release-build-20160901,2016-09-03 12:45:55,,
gp:AOqpTOFJcJ45o42_L4CuBylUdu6fAe-8zJPXnQjHSQ5RC5ZPFIkYn5GbW-y7jlz398XQniLTCVhRqiUXVtf79eU,Drew S.,https://play-lh.googleusercontent.com/a-/AOh14GgCkIxNQQfw_k932SzpmVuEjBTg_ppNNY58bIeXmQ,Better and better,5,1,6.9-release-build-20160731,2016-09-03 10:21:57,,
gp:AOqpTOGmGLPUaWLG3Jtokri2TDXZJLCCwsoHK5zWk1P-jAcIluJOqtUYCmHfSVQW7_nF2v0WAR06JCSrguLXzxE,Adrian De La Rosa,https://play-lh.googleusercontent.com/-tugiJP8IQa0/AAAAAAAAAAI/AAAAAAAAAAA/AMZuuckgYpYpqeU4q49R7VB4ydRMzDl3oA/photo.jpg,Thank you for changing the playlist view.,5,12,6.95-release-build-20160901,2016-09-03 06:25:01,The playlist will be changed in the next update to be much better.,2016-08-24 10:53:22
gp:AOqpTOG3Hk-009zxG-ohmgWnUgeRKsOi-IRYG2YDrfla7mg6M5nUdq54-QygOXUW45KTcFohspXR47LKH_kpiW8,Alex Harris,https://play-lh.googleusercontent.com/-hpebUcIM75A/AAAAAAAAAAI/AAAAAAAAAAA/AMZuuck7-QgE8vfAKODckGBughBMuGoXUA/photo.jpg,Amazing player! Had it for ever. Worth every penny!,5,1,,2016-09-02 15:16:05,,
gp:AOqpTOFYDAgPVE9ymiWXkihCldwPjAfkJRTUZti5-ugADKc5po7yXAJ7RQTJ0_MtZEsr-6KOckFOhtUZG8McI4o,LA Moraes,https://play-lh.googleusercontent.com/a-/AOh14GiSQzcpg84_9WYqS7-qCLAdKcOGrHiLVRwCidBf6SM,After years it stopped working.,1,2,6.9-release-build-20160731,2016-08-31 20:56:51,,
gp:AOqpTOHnwdAGivwvp60fTvN4XmAvJ4rE00Z-aP5WOK-7b-YEU4e_GE6FFmxMrZ2HgiyPUqz5W2zDlkh3ena3hqQ,Zibido Avery,https://play-lh.googleusercontent.com/-ZUhVFLkj6rs/AAAAAAAAAAI/AAAAAAAAAAA/AMZuuclYjWPlHYve5CBzEZCcDrLrJyefkg/photo.jpg,"WAS working great, it was my only music player that got any use...I deleted all the music from my phone and reuploaded it, and the player won't load, even after reinstalling it",3,5,6.9-release-build-20160731,2016-08-27 19:26:26,,
gp:AOqpTOHLPrpOVIBBszFoNsjWU_1CIquMnW3h2OolG4PK4TvzMOHfvSBaOq0LTMMe5ZZK6ByQ88u-M6KPLcDV6X4,Edwin Castillo,https://play-lh.googleusercontent.com/a-/AOh14GhjB2VziE376NKCVQ-ghbYmFHG2mSwDD-vvgxRaWA,Used this app for at least 2 years...loved it...after the update in july 2016...doesnt work. Black screen. I use a note 4...now i just have to wait for them to fix it. ( fire the guy who messed it up and hire a new guy that will fix the issue),1,0,,2016-08-20 09:15:18,,
gp:AOqpTOEy6I1TpJGtwsDKI1ZyQDwxAtNtJOTn5EDOyUz3gH0HqE094Isb4V0kP3_tDlOQVmKewPZKFwx2sBvN7po,Ismael DJIBRIL,https://play-lh.googleusercontent.com/a-/AOh14GijlCNAQDSX0ejyNdQb4Pw2euXSKiCQ47RFqk7isA,At least have the dessency of replying to emails.,1,2,6.9-release-build-20160731,2016-08-13 18:15:50,,
gp:AOqpTOEoR47Ht4TEX4t45hJu5w_o0ZEEK6JdJ7aFa0D40KswrF6kKV05ajDnfA6xB4v0DjW3BU27tkmU_vXtcr8,Jackson Matley,https://play-lh.googleusercontent.com/a-/AOh14GiG4gmYRIM_vhulIRFNv4PNNr3Hs6nQWXpV1nOJ,"Not one issue. Great design, exactly what I need. Been using this on all devices for over a year now.",5,1,6.9-release-build-20160731,2016-08-13 00:18:25,,
gp:AOqpTOH96WP5SpdTeJNBvN6xqMzMgZnGYRImbiZ--CQq74lY-BRCzUV8Ubb0SC7QHeyZWNXLjAe4sXfJf0p4pWE,Carlos Porce,https://play-lh.googleusercontent.com/a-/AOh14GiR9Nsgd79ZXlH0UzeoLidbHc3FxaD8mjCoS4B9Pg,"Love this app but stopped working after the new update, I'm using a Samsung Galaxy s6 edge!",2,0,,2016-08-10 12:19:29,,
gp:AOqpTOGlvQ2QEfndDpx1CnALBUtpwSpqwpX9mLiq7QfHbqAhPP6RyEtDv1MhDYayoPyu31a-HL1LGT_xMeV9XJs,Paul W,https://play-lh.googleusercontent.com/a-/AOh14Gj7oQH4RW1kQajnVbfYfQtFvxlijcq3xu1L4NtaKFE,Black screen and force close after update.,4,0,6.9-release-build-20160730,2016-07-31 01:52:37,,
gp:AOqpTOENvIMF_jsBKzdBvkIQ8vtau7C17vqzWnICAkIH57eBAAOg6geGtljj7MvslZo2WQLqnmYv3DoHS9jj7D4,Orlando Monroig,https://play-lh.googleusercontent.com/a-/AOh14GjpvuZcykk0AjAv1bgL_7pTS5kbpxU5n1kN4A4r,A wonderful music player that doesn't work anymore. Must be related with its last update on 7/14/16 that just show up a black screen when you try to turn it on. I have the paid version and it doesnt play anything on my LG G5! This need to be fixed as  soon as possible! At least reverse the update with another one until the new improvements work.,1,3,6.9-release-build-20160715,2016-07-24 13:08:41,,
gp:AOqpTOF7rIdTjZUmRgMIyvb4AURb78rtOgHQZ6oTbxXHavSJDsJ_6ZRag6FbGpn5yeD21CISHp-KkDvSgETYncc,Ravi Sachdev,https://play-lh.googleusercontent.com/a-/AOh14GgXPMNYPn88U_aimzeE7ug8Fw_cqDi0Y5F5ni9TemM,"Fantastic app! Fluid, functional, fab.",3,0,5.2,2016-07-24 09:03:07,,
gp:AOqpTOE8b8jmMJCbequJFyIgTJJXg-Sz3tvH9lf9uwABIq34AE68QvDdWRJn80lGZGjDhnreWu_TgrH_Og8_4YE,Patrick Offor,https://play-lh.googleusercontent.com/a-/AOh14GjFyXKdXF7hj9O2Bku8wp-B_a7AqTnc8I6H_lsWNA,The playlist view sucks now. I like the old one where you could look through all the song on the playlist. The history option sucks. Now it makes it harder to use this music player.,3,2,6.9-release-build-20160715,2016-07-17 09:44:09,,
gp:AOqpTOEsSYGrE5GvbYo1_f0CYxUbnRGFms835vnu6t657UgSN2s5ArD8OKPwtl_7vk2gvm01VhjNsmptLHqwQ0s,Jacqueline Gipson,https://play-lh.googleusercontent.com/a-/AOh14Gj8_q1IjEUhoRoncBrsKW0-KFNWmRUPdog9wYLB,"I used to be able to use my headphones to go to the next track or previous track, now just play and pause.  I don't like having to take my phone out and waking the screen to change songs.  Screen only gives me the option of next track when it does  show up on lock screen, Galaxy S7 and Galaxy Tab 3.",2,1,6.9-release-build-20160708,2016-07-14 02:35:36,,
gp:AOqpTOGxAjQOXqGquzZOhx02L25sxekIiWtItgKvFJvMrYyHrjEC_AHnEbuxR9r5uVTWEs4xiDfpbpPpIprv914,Adrian Mendez,https://play-lh.googleusercontent.com/-ThRfL_Xd1Tw/AAAAAAAAAAI/AAAAAAAABVE/AMZuucnuMgg-SSoPCAeAqJDsacnBk8-3kw/photo.jpg,App worked great until the latest update. Will no longer open at all. Feezes my phone up and am forced to reset my phone. I am using Android 6.0 on a HTC M10,1,2,6.9-release-build-20160630,2016-07-05 13:49:58,,
gp:AOqpTOGXSiuhREp7uw-g9blpMtoM8y87oTlcLswDPELZF-wVmP_hEhjBIbP2pVy9YKIfU7wQDMqddAaRSiGXEe4,Christopher Lynch,https://play-lh.googleusercontent.com/-R9aJpWCXuek/AAAAAAAAAAI/AAAAAAAAAAA/AMZuucnadK0yzGNhAzZ-4q92FgPaO_pXqw/photo.jpg,"I've tried a lot of music apps, and this one checks all the boxes. Integrates with google voice commands, beautiful interface, gapless playback, and most important, sounds great! Generally stable, developer is responsive to requests, and updates are frequent and add more awesome features. Highly recommend.",5,0,6.6-release-build-20160323,2016-07-02 08:10:06,,
gp:AOqpTOHDA_MPl8EoqCrtcCICbCOG_92Qm5uHPuoe2MR05an6BHTe-MtAd9FpjXcpxXwt3vrvk8qmx76iMZZkIR4,venu gopal rao,https://play-lh.googleusercontent.com/a-/AOh14Gi8T_B1O4NN1zWyGVZDpXrF2UplNIBDUJIEOIvie7c,Good but unable to see albums and artists. Will be happy to see these features,3,1,6.9-release-build-20160630,2016-07-02 07:35:19,,
gp:AOqpTOG0gZXHcc9CGcrGMIS55Ll8zrIpW5ixnK0UPcG4m822LzoorsWOX_PWsxg0GP_P62rgARXrPBtve3EQ2fk,Lov in Lot us Lv,https://play-lh.googleusercontent.com/a-/AOh14GgYQyY_scVIuf6VCqO-VGcgOseoeHtrYMa-eDj7,I 💓 this player. Bought it last year and its been my primary player for all of my phones. 👏 Recently it also added new Now Playing screen so i decided  to put a request🤓 . My request is to remove Album Art in now playing screen which will gave ultimate view of better  full screen experience  of album artist background rather than having really colorful and small sized albumart sitting/blocking in front of Album Artist background. Hope it appropriate. And a bugs in repeat 1 song doesn't repeat sometime.,5,1,6.6-release-build-20160323,2016-06-17 02:56:25,,
gp:AOqpTOHkCYKvastKaOi8FrXoJN50tHf7-mGEH5V1b9vKatDTEjgVxDkynaTGnex7cKyTc7Ce4ZBNBf-v7fSbRT4,Matthew D,https://play-lh.googleusercontent.com/-MIAxQ3TFdEY/AAAAAAAAAAI/AAAAAAAAKeo/AMZuuckXCoHV_YI87Saho3rPs0EKRVKqpw/photo.jpg,"I have absolutely loved this app since I started using it nearly 3 years ago. I love the interface and the ease of use. I enjoy the simplistic design, and how it emulates the late-great Zune software.  It boasts an excellent feature set while maintaining a remarkably clean appearance.  As of late, I've narrowed down my problems during music playback to this app. I long thought I had corrupt music file(s) on my SD card but as it turns out, all of the issues I was having disappeared when I started using the default music app.  Please fix the issues with the current build. As Sinead O'Connor once said, ""Nothing Else Compares 2 U""",3,0,6.6-release-build-20160323,2016-06-09 08:29:23,,
gp:AOqpTOFVX-_-AcTtMSath-_FiLqK0-D7CZ41Wwlj05jHMLb4TrSJ-H2ucSVtL3Zo-YLWNUEibLkmU8IUd2Tm66U,Stephen Bowden,https://play-lh.googleusercontent.com/a-/AOh14GjTBvC0_1S7z-TNd_wvgU-fI0Mb5jT6vhEnxw7zwYI,Really good.,5,0,6.6-release-build-20160323,2016-05-30 11:43:37,,
gp:AOqpTOHPqbvRyeEjZkcAXJ6hnVwcj6rsmcScQtXrg7WtHTeJjdNfcNB3EvD90ppELPltTC-LyW80Y9T7GnE7V_8,donnell manning,https://play-lh.googleusercontent.com/a-/AOh14GhSF0cGNzelRiEsYZ15kK3OEIVgXnEllcOWHFjh3w,The volume needs to be adjusted. Does play as loud as the other apps.,5,1,6.6-release-build-20160323,2016-05-27 04:21:30,"Thanks for the feedback. There are many ways this could work. For example will you want to skip to next episode based on the published date ascending order or descending order? or by some custom constraint. Can you send an email to roomtek@gmail.com. We can further discuss a good way to implement this.

Regards,",2016-02-23 16:03:50
gp:AOqpTOF0ptwp3Gt5zqnPC4bZaGorrIbmJoDDzEXLjRhar2wyzv1nqda10_apf-Gy-SITw4mtYsywULXhcuQYyYo,Katsumi Blisk,https://play-lh.googleusercontent.com/a-/AOh14GjTZaGmOP5L2BvPBXprlEEaZJUC-a0qAIwM19nAdg,"...but now it stops after each track finished and doesn't advance to the next one since the latest update. The progress bar is stuck at the end and the time doesn't count as a track plays, probably part of the same fault. I will give five stars when this is repaired.",3,2,6.6-release-build-20160323,2016-05-25 18:18:50,,
gp:AOqpTOFeKwhL-miQpGAwqwk0BYAZZa1nDhFnuQlPXuRpqg1MfHBRzDgMwh4W7s9lHbDdw28BnmwshtpsoeOPphI,Randall Ortega,https://play-lh.googleusercontent.com/a-/AOh14GjVyHGrW27004xx2G1N51rpWsMrhyM-70gK6e1PFg,"I have used this for years and have only now run into a problem. I'm on a Verizon m9, just upgraded to marshmallow 6.0. the player crashes when i open it. it will play when I use the widget but doesn't give info for album or artist.",5,5,6.6-release-build-20160323,2016-05-23 21:59:47,,
gp:AOqpTOF9kGE9ubPXTykR8gngA-ofg5442U4vx_8otzyx9878inePa4ld-sJAkqIStidGE1WOtPHiLPGj-7PzzcM,SAM HOU JIUN,https://play-lh.googleusercontent.com/a-/AOh14GiA9GBLF4cbbvDg6L48AHEVDcvu7iWYcboIZH32,The music volume on my NOTE 4 is not loud by using 5 band equalizer so pls add back the 11 band equalizer..........,2,3,6.6-release-build-20160323,2016-04-28 01:29:08,"Hello, The 11 band EQ was not stable enough for regular use, and had to be removed.",2016-04-28 07:23:12
gp:AOqpTOFu6_t2pZcgMPfLksC3HJQE33tf0absy_6PaeGZLkjIsUqfACK9V7EkxqvZ6lNidk7XxSV1t_7escKNNUA,J.W. Hunter,https://play-lh.googleusercontent.com/-1c7MrYXQyyE/AAAAAAAAAAI/AAAAAAAAAAA/AMZuuck0BPRf2jGd-PeWPMqASaYKB-70FA/photo.jpg,"A good app but needs to keep my podcasts, stations and music when I update ZPlayer.  Everytime I update I lose them all and have to readd them which is a pain!  And just why is there no support email address?",3,0,6.6-release-build-20160323,2016-04-15 22:37:21,,
gp:AOqpTOHk899DyA_HTYRtC1t2f_YyktmALW1uqpoAcY7J33ukkkRuQ4pJhlb0WjfJSWcrVc5ym5qZY5CC1xgqoKg,Jason Nedeljkovic,https://play-lh.googleusercontent.com/a-/AOh14Ggf6ibjKiUZ_Qww8WpR76jM90LnXzZErmjj0SJjK6c,It would be perfect if I could use headset button to skip tracks.,4,0,6.6-release-build-20160323,2016-04-15 12:58:52,,
gp:AOqpTOFBvoO4OtB2gSHwzQGwtX9jMoPyA5x6Au-tPmVCOd_g08QKdVgqtzsieLba9Na4tX2v43zrlk4ViL_0ym4,Jovan Zuniga,https://play-lh.googleusercontent.com/a-/AOh14GhrN8f49P-OaLjA_ebBFpPpFjcLSii-x9eG-kPEkg,"Great, but crashes so many times...",3,0,6.6-release-build-20160323,2016-04-01 15:57:09,,
gp:AOqpTOFs4N110JGzfCqCq-CwUnTNz7JtzdqkjqwBE3lRPrruOb1asj3fzhvn8-UGUpp6UZscYHtz8IZPNJ6qG-c,Andrew Moroni,https://play-lh.googleusercontent.com/-tlgq2u1JO_I/AAAAAAAAAAI/AAAAAAAAAAA/AMZuucmcQ1A0dgrAZEKzC0vZnMhn50E74A/photo.jpg,"On my Note 4 the album and artist sections do not populate but the songs section does.  On my note edge they all populate.  Also when I select a specific folder for my songs, it won't see any of them.",3,2,6.6-release-build-20160323,2016-03-30 07:37:39,,
gp:AOqpTOFECAkW0b9EFM-sgM27emkyjHJ7PC0txnIGPq6NtLce-J7Abi2BA_r_g8k-wJZZDHvqnckTzZf8wlHhdrs,Shreenath Saranathan,https://play-lh.googleusercontent.com/a-/AOh14Ggx5wfcTXVTF27d6Bf7PEfkG1OftBmrd0C6nfb1nA,Reordering doesn't work in a playlist. I move a song up or down the order and it refuses to save the order. Repeat 1 doesn't work most of the times.. Please fix it..,5,3,6.6-release-build-20160313,2016-03-23 22:16:56,,
gp:AOqpTOFJ9aYRb5-itvJon9lYo8z_Aq5iPJQmzaiTTOgGE7Uci1pitWSYDDayPONvQzGDCg57hTb46isy5l16N4Q,Kees Edwards,https://play-lh.googleusercontent.com/a-/AOh14GiX8lT7_fid2Oi0KmV46itg7EStz6vsDdvXrD0XPw,"I wish the headers worked like back links, like the zune HD.  Otherwise it's a great app so far!",4,0,6.6-release-build-20160313,2016-03-22 19:53:51,,
gp:AOqpTOFycLWI7WOf_CxbE-mR8XJ5MyyWxOMhaxf31Jq2okwEYMSjuqgYFklb1EulQTl-6TlmmClk8VJKSR-3AmI,Pinhole,https://play-lh.googleusercontent.com/a-/AOh14Gh1rm9WVZHnyvsmFXGsfl52vY80Zmap8eghXQM7yg,Simply the best,5,0,6.6-release-build-20160313,2016-03-19 20:26:06,,
gp:AOqpTOHgaaUE99pcvNaez580uI4NlEcr6KEnUNkJ8REIttLp52B-w7cpWYndw7r6YhAFGgtQ_JW-D3aBQx2badM,Daniel Tsymbal,https://play-lh.googleusercontent.com/-9NsPdApspO8/AAAAAAAAAAI/AAAAAAAAAiE/AMZuucnt5xWAgUpObMJHFnvkTXz3JEZ6_w/photo.jpg,Perfect,5,0,6.6-release-build-20160313,2016-03-19 03:57:18,,
gp:AOqpTOHLwpt-lTn-RDL0Iw6xxSIGyPne0UHUDJhYhLuqWyKFw4Y1Y65bLCKdaamSpWI0PMgwVIp4P_zJTx996lQ,Jovan Vujnović,https://play-lh.googleusercontent.com/a-/AOh14GgOBGojDTFr6FzL5KjIYZa9IDjE0JLudEEMTJJYeA,Unable to edit album info and art.,4,2,6.6-release-build-20160313,2016-03-16 17:18:59,,
gp:AOqpTOGfQHTK__2AfE2YkgtOw1WJtwu-vqgWCeZBeRwfor3veC4uBUdnEIg6hGfmu5JOr4KZtnK8qPOj3I8j5Sw,Paolo Constantino,https://play-lh.googleusercontent.com/a-/AOh14Gj_jk5UDo4MWm-lBJOi3kyT93oacpHLpTQ88gDbiA,Windows interface with great podcast support!,5,3,6.6-release-build-20160313,2016-03-13 21:40:38,,
gp:AOqpTOHE_fdCYZCbZwTZZE4qNT_o9rkxt-EZjp__5H186lecAFKluTppskY57lJNxTSljHj3fg1nbPPQ7XG-2a8,Bakeel Aljradi,https://play-lh.googleusercontent.com/a-/AOh14Ggrs4urL5Vxj_88Xl_nZl_gCw1Ne1SwtYQktBR_GQ,I love it,5,5,6.6-release-build-20160313,2016-03-13 16:40:54,,
gp:AOqpTOEAFALAlLeeWU-IjQFx0NnMvoUUdvkzXQoLLjx3BixklO9J5RuN8PcyigOITScBCxikTZL0Bi05jWMbzn8,Vinny B. Kilenm,https://play-lh.googleusercontent.com/-y-tmkBtyKOU/AAAAAAAAAAI/AAAAAAAAAAA/AMZuucmQzloyxm-lqGOksRBacZfIG6WpJw/photo.jpg,The absolute BEST music PLAYER for Android hands down!!! 💯💯🎶🎶🎶,5,1,6.5-release-build-20160227,2016-03-01 16:01:23,,
gp:AOqpTOHFphgfmIvBtgCdS6p42iRUqw8Xw9utFcBqEpj6qf_irEl2Gs6O_6ZKvjIazEkdPSziXzRRYXXzY3jEf-A,Kevin T,https://play-lh.googleusercontent.com/a-/AOh14Gh2rYG-l3oL3rmZXeyJGbxrW46dIXqVsy4VFy5cBA,A wonderful addition to my Zune player! This is by far the best player I've used. Thanks!,5,1,6.5-release-build-20160227,2016-02-28 18:18:14,,
gp:AOqpTOGOZBXVp1EKO9IQlnvGhiUG7yC-Srslu1Ux1txf_TJIQhnBplLoY_JXVy0dsNdResL58MgCDxRFz3V5gPU,Darin Beaver,https://play-lh.googleusercontent.com/a-/AOh14GifWpJRuaNoyW_4zeDsWd5-Hf4rGEVAWQYCeNygSQ,Looks fantastic. It also find all the music on my phone whether it's in my international storage or on my SD card.,5,3,6.5-release-build-20160227,2016-02-28 07:44:26,,
gp:AOqpTOFg2J5YfkFS8z3bRw9L_smkpQ_plOCBMhoig_Wav5F2RdHeMcJmk6KNe5AiQ6vX1BCU52DPSgAhM6Q_3Tc,Jay Strenkowski,https://play-lh.googleusercontent.com/-7h3xQhBg82w/AAAAAAAAAAI/AAAAAAAAAAA/AMZuuckIxvdIzgocg0v92OeEc0v3cI6hIg/photo.jpg,Best music player I have used and I've used alot of them. Lots of options and extras that other music players lack. Customer support is the best of the best. Email replys within minutes not days 😀,5,0,6.5-release-build-20160224,2016-02-26 14:53:10,,
gp:AOqpTOGMDz4ctiMrePzkFEebFvlrxXBPNtAEA2xQeivposLxz-X8SVDoC4KlV1uQT11JaQpbFs8K9JSpSfTKZa4,Adel Elnashar,https://play-lh.googleusercontent.com/a-/AOh14Gg359gHgcr2nnDSJ7XlThCd4dfFSKez__gKnn9_Ww,"One of the best, if not the very best, I wonder why it doesn't have like a million downloads. It's not just the zune theme, it's the perfect music player. A lot of options and new options are added frequently.  A very strong support.",5,2,6.5-release-build-20160224,2016-02-25 10:12:15,,
gp:AOqpTOFyV6teMrKgV9u6pDOu1cuM31M1QoNOUQsTjBvXl718krCF6t7nHbUmhjykHeVWSLGSSKKcxiwQ7KBkOjI,Olivier Doyon-Karout,https://play-lh.googleusercontent.com/a-/AOh14Ghsf2eIwVU3RDUGvpilDJPl0rugk8uMs09XWBPWpw,Had to pay a second time the app but it's worth every penny.  Thanks odesanmi,5,8,6.5-release-build-20160223,2016-02-25 07:39:27,"Sorry for the inconvenience, but the original application was suspended, and I lost the ownership. I have to recreate the same application with a different package name and republish it.",2015-07-08 10:25:27
gp:AOqpTOGS5tUVmuH09TrBQL69Oi9rayyjOIpuc2NV6mPTui89BAIQ2tN8eIlRlGr3xMUDq3PwGL8wQ3dbzeFaE60,Mark Sullivan,https://play-lh.googleusercontent.com/a-/AOh14GgwG_0RzLA0UosO4mrse38uBNxDgCE9vM3Im1iDFw,"I sent in a report about not being able to add urls to subscribe to podcasts, next day fixed. Probably not the only one to do this,  that was some fast great bug fixes... Great player. Wish there was ompl import, and a better way to see new podcast episodes, but this is one of the best players out there. Well worth paying for.",5,2,6.5-release-build-20160224,2016-02-24 18:44:30,"Thanks for the feedback. You can turn on podcast episode notifications in the settings, and set a update refresh interval too.",2016-02-25 01:37:00
gp:AOqpTOGc8JTl0ygUm9VrUGKg4aHx-gtTqMa7E-zMxIns6yLda7NJOFiVwfxz3McPg8EclaO8OK91i0hgjuMiKbg,Ricardo Moncada,https://play-lh.googleusercontent.com/a-/AOh14GgTG1Dj1WITNN8xCFzYqTVzmLx2ABcOxwq7DGf6oQ,Willing to paid twice just because it's worth it period. Is there anyway to add lyrics manually?,5,1,6.5-release-build-20160223,2016-02-23 21:55:44,,
gp:AOqpTOFuImH-zjnbCS3Wl2-y6_nL_oiwwKkqWd9eYl3SzSfxL_z9AubUWuMHO7WT8UcZObNoSfLtRJwSO5P6rxg,Danielle Gonzalez,https://play-lh.googleusercontent.com/a-/AOh14Gh5eELJdmsWfH76fr8qaZesjxkJxi1bbSWvPOngc3U,Please add the option to remove the album picture from songs list,4,2,6.5-release-build-20160223,2016-02-23 13:21:42,Thanks for feedback. This option will be added in the settings next,2016-02-23 16:00:58
gp:AOqpTOFbYYALXnHk5yKgGhkA-VO7oXew8-U73_63-TerYPqMWUirZlLf3p7eGQXEUSRy6OvXVp16EKOsr3IVZqA,Xsnulz Skye,https://play-lh.googleusercontent.com/a-/AOh14Gj2xZ8a_9dSbSAp7ulHMeN93DK9nrl5rW22rO1uvQ,"Fantastic UI, everything plays well without issue. Previous bugs have been fixed, re-rating this five stars!",5,0,6.5-release-build-20160222,2016-02-22 08:38:58,,
gp:AOqpTOHabNkIm7RHxuP-2SIyLjYkeEBNaMFW6kHjYvm7R9XwODhm7IY6P1hu9kNNk5VXJEusRXV7vaqUmkwNc9Y,Briheem Robinson,https://play-lh.googleusercontent.com/a-/AOh14Gh-E7_NXbTy4-0MogMb7cKkbYwWmVPkvopVWBX-kns,Been using it for years,5,0,6.5-release-build-20160214,2016-02-16 15:23:58,,
gp:AOqpTOFYMjTMKRbsqZbb_dKc8WDajP33T5YrfWd9CEkjgaZGTn1h7jtIv_RjZlTHBzUAXF1QW59sD5A4aOe4wcA,Ruperto Mitchell,https://play-lh.googleusercontent.com/a-/AOh14Gg3-yK0CDpfkWDXRHSlXMFPiSHVFvUGmjU1w2kM,"As a Zune fanatic this app makes my day. Does sick up a lot of memory if you have the artist backgrounds on and listen to music all day like I do. But that comes with the territory. Just use a memory booster program and it's all good again. The remote controls from my Peeble watch stopped working with the last update, but hopefully it'll be fixed soon. Still doesn't take away from this great player.",5,1,6.5-release-build-20160209,2016-02-11 01:20:42,,
gp:AOqpTOG4mA56SjVLsfxD4oaRrDv1xiNNjoNijN_Y8ZJDd8y7APu0RIf6mfWcLaOP09BGSBlv1hhtofYrO0p2jOU,Achan Kf,https://play-lh.googleusercontent.com/a-/AOh14GjxzBn34085myNVCiiph44gbFF4nYoG3A4RW6Dguw,After the recent update this music player work back as usual. No more crashing. Keep up the good work!,5,3,6.5-release-build-20160209,2016-02-10 08:45:02,,
gp:AOqpTOGp_HldvNtBgOzYlwpLvI0ivxAZUEFIhDlUERCBFEHRutiC0XVhKJFc9hMIDGorIqtHsS71wEN8P2AePsY,Mwenda Kobia,https://play-lh.googleusercontent.com/a-/AOh14GjVGJuOVd0Sga0qnYL_HTHE640IFfTtaI5Fyo3oNTs,"More than just audio, the video player, metadata and slick looking art- the functionality takes a little getting used to, but well worth it! Such a good looking app",5,1,6.5-release-build-20160208,2016-02-10 01:15:55,,
gp:AOqpTOH21k9VdlkMScj6nEUWd-fm5FZ-d3gF5ssDYj_n00t5KEW68Wxgqj6b1mJC9uVcasaZF7qie9a7rZoauz4,Matthew Infantino,https://play-lh.googleusercontent.com/-HWKifnuuP-k/AAAAAAAAAAI/AAAAAAAAAAA/AMZuuclmVDmRiJ22ppwLVSH_DDQPQ2oIxg/photo.jpg,"I was looking for a while and found this app on the play store because I loved the Zune HD gui. It wasnt being updated, but worked well when I got it. Now it's receiving updates and is amazing. Haven't tried cast support, but I will soon!",5,1,6.5-release-build-20160208,2016-02-09 10:39:38,,
gp:AOqpTOG6hZjQUXZRzf9vull2PSFkEThGGWw4VtnPU62QCxM-81TPlCR1ulgoWsBlPfFtM1Djo3xmOqmbcc422ao,Silicone Clone,https://play-lh.googleusercontent.com/a-/AOh14GjxCub7eyqY0O9cvszb2pCWMws3ili_wFjbwniy_Q,"I love the UI but would like to be able to manually select a file path. IE type it in, selecting it does not work properly.",3,0,6.1-release-build-20160204,2016-02-09 08:09:03,,
gp:AOqpTOFf2QiA0_OuIHKs9Qq5T4xacOP7YNeHThg0X2qMkyqW06v9-0mBcY1qQqWlksRCvUSnK80fXXXPeouZRDI,shaune scott,https://play-lh.googleusercontent.com/-a_No2qUKv34/AAAAAAAAAAI/AAAAAAAAAAA/AMZuuclzBT33Za2BMx5sX8XA3l7azaaV2Q/photo.jpg,Would give 5 stars but my artist photos won't change in landscape mode...Please fix,4,2,6.1-release-build-20160128,2016-01-29 05:46:54,,
gp:AOqpTOFlcrLmRiK80nzc0rJxTzMVn5aSoW-Lk-OZHCeaFDSyk_cZ8qJt6-_raxkuyAZV-0fYdzwbwghffW892t4,luke sky,https://play-lh.googleusercontent.com/-z8YM_2zwC4w/AAAAAAAAAAI/AAAAAAAAAAA/AMZuucn8tWaS8pEChuEhgDtJOlWfhrwIag/photo.jpg,"It's far more than a music player, just like a real zune",5,0,6.0-release-build-20160106,2016-01-22 07:02:17,,
gp:AOqpTOHMXYbUySOFzxZ2aYR6ZdPS3sjSVBdBsXWma2Cs0S1IevnX0CnFKhCbTR3DDrm5JhaFf0cwHI8p9jhWMdk,Matthew Klotzbach,https://play-lh.googleusercontent.com/a-/AOh14Gj8C3A9Li-ad5z2m6nteHV-D1PRuPTZNiwT67IQfQ,"Looks beautiful, functions swell, good features accept the new quiz function doesn't relate to your library. Needs to fix tag editor and constantly crashes.",3,4,6.0-release-build-20160106,2016-01-18 20:18:07,,
gp:AOqpTOH7oZdCbNAKW-pfI1CQLzIq8AVxeirS9erlKFC1YCee5hdZ5cgB4WcvK67QnqiAw8Oe_-vtv7sOl6AJ8IU,Priyank Sanjay Chaudhary,https://play-lh.googleusercontent.com/-pl7YC1MYOuA/AAAAAAAAAAI/AAAAAAAAAAA/AMZuucm0aj_7Kq0pf9KKxeketpQMWic9xA/photo.jpg,It has been crashing for the last few days even if there are no major changes to phone.,1,0,,2016-01-17 07:29:22,,
gp:AOqpTOGTgGk_8nK7kYb-6ouiOuMI2rgDcZD7_xq3fcGWZLxKnc2ueRMEhoh9-Gv1LAa0mudRRs7_bUMO7LOcJDI,This Jawn Lit,https://play-lh.googleusercontent.com/a-/AOh14Gg7hyG67VSD7MiimH5T-6e984HciFHPLrQWV-kZ,Only songs show up... No albums or artist,4,0,6.0-release-build-20160106,2016-01-12 20:07:43,,
gp:AOqpTOGfT6CYow0E4q7k2fWE_EO8ji3_DzUKDkBIETivpz5iV50J3wKPcJmAVVdpwkigkM_aDbMOGxVIw7zHYHk,Siddharth Gosalia,https://play-lh.googleusercontent.com/a-/AOh14GiiM-bN_l_NeKJJm_fehJFAJPsyiw9GRxKX5Vkp-wU,"Being an audiophile, what I love the most about this music player is the sound quality. The interface looks visually appealing as well. A treat for those who prefer quality sound. Completely worth the price.",4,1,6.0-release-build-20160106,2016-01-09 08:54:58,"Sorry for this issue. Please try using the latest version, and check if he problem persists. You can directly contact roomtek@gmail.com",2016-01-08 23:22:34
gp:AOqpTOFmJrhK2VSaQpvu16HLwUbKm3ctrJ-7EJEh1h9sizMaGXtu1SmEWlzk3OCWSvs35RA28CydXuZSPpqJj_w,Tyler,https://play-lh.googleusercontent.com/a-/AOh14Ghko7VmY-qJZcgVUGGlxW0aqDsZe408M2IJkz1nGA,I have had this app for over a year then it stopped working. I emailed the developers and they refuse to respond. I had to buy the app a second time and it stopped working again and the developers still refuse to respond to emails.,1,2,5.3,2015-12-13 02:28:46,,
gp:AOqpTOEXTjolU2fEKo1FenzkHc-NiDJQXs6poh0sZGqOEHhY3zK-_RG5E_KH8oPYFuw0rM1W4X_9SrgPBFwFpMU,nguyen hoang,https://play-lh.googleusercontent.com/a-/AOh14GhL6_vkZsTKJgxNw96XrVf0PEsSv6h47OEElUi0,It .now can work in 5.0 well-done :),4,1,5.3,2015-12-10 01:45:02,,
gp:AOqpTOFyrxmzg1DexoBs1X1u09l5V723s3A1jf0rLG0gVH1dZ18mT-wQzmBksNH95GCvkYqYQbMAp4PiHUFap7s,Micah Talley,https://play-lh.googleusercontent.com/a-/AOh14Ghj25Rif8MAFryfr26zNbl3mrb2gqY3R4Zxxeg,"Love the player, only one that will read tags to my Kenwood dnx6190hd post lollipop. Great playback option as I have an 80+gb library. Wish it worked with voice commands and that it had an internal tag editor but that doesn't negatively impact day to day use",5,0,5.3,2015-12-08 17:07:56,,
gp:AOqpTOG6SByBHQMkCv6dzH29F1QTY9lNHNdk-92CUPoT-QR6NzBJrAggsQbbB4QFdPoWESVyEAC2jmygu4BGes0,herman allen,https://play-lh.googleusercontent.com/-owg9b8Q1nug/AAAAAAAAAAI/AAAAAAAAAAA/AMZuucnCRbqFIzekrXLnwXes_KcLXkpotA/photo.jpg,Great app reminds me of Zune,4,4,5.3,2015-11-15 14:48:15,,
gp:AOqpTOFa4R4F9HxpjGEOFv3ISXPEvQ_5cNndZmG7UIJJEiRYCDBI3Dx5Jr-0yfkmlAcOmg9nJTYbywYBV5pULL8,Graham Parker,https://play-lh.googleusercontent.com/-TcucoTywNwo/AAAAAAAAAAI/AAAAAAAAAAA/AMZuucl4_Ll3pxTLa2Dx73TN10Rb3WtKFQ/photo.jpg,On my nexus 6p podcasts do NOT work. I can press play a million times but podcast will not start,3,1,5.2,2015-11-09 00:03:32,,
gp:AOqpTOEIa8oTZfebEKHR4AqPEvw0NGQJx5wleBWoya5dwtdg6njJXGyhxiPo7fNjdwj1lMLYioklvd4-kMwnUwE,Lichan Cheah,https://play-lh.googleusercontent.com/a-/AOh14GgBDOrVhqHw1s-xxIAvihTcpJl0X4LxvmD5SgnpxfM,It's one feature away from 5 stars.... Oneeee,4,2,5.2,2015-11-02 01:35:52,,
gp:AOqpTOGXp_3zrCvNJKWETOBSiJrhBkFe3s3HKYd0394B2CynUz7f7BHMw_Zh2OSUJxxOUt-TRmCWtSOGPIQJrWs,Suyash Kumar,https://play-lh.googleusercontent.com/a-/AOh14GjwYCY8ta-xqVp2YHi3IqSnzVY71lni0_XOgp-W,"Finally after nearly two years, bugs are getting quashed with every update. The app is indispensable for me",4,1,5.2,2015-10-30 22:09:43,,
gp:AOqpTOGMbN_jFnsxMgQeyV7Pi9NjQ2Qew-Xtl3iey6GEM-92wRSWbKEh-48EOwgaAtknCLiNY84udtVEluh0Dgo,A Google user,https://play-lh.googleusercontent.com/EGemoI2NTXmTsBVtJqk8jxF9rh8ApRWfsIMQSt2uE4OcpQqbFu7f7NbTK05lx80nuSijCz7sc3a277R67g,Pre-Amp Setting will not stick,3,0,5.1,2015-10-15 16:42:11,,
gp:AOqpTOGbvMTVRSPa38etBCJwbgt7_ogY89EngTCH1aIswL1qYpbu2dpmoOl7OpH8lcPJypX3ZKs23u_51BV6Yh4,Sam Opp,https://play-lh.googleusercontent.com/a-/AOh14GgsmpzQ4UD2EV3CwkdmV9g0quaeExdqBUTKrNHd,"I love the layout and design of this app, but not being able to read from a folder structure in my music library made me have to get a refund. Seems that it could only read music if music files are all in one folder.",3,0,,2015-10-15 00:06:05,,
gp:AOqpTOGylRYOAxqvxF7vodO93Lv8UOau_MnNuB1y-5b_LRV7dWZvt3Dpv5EVqNOvOKllT_wLD8-4mhtdv_zu0uw,Daniel De Boulay,https://play-lh.googleusercontent.com/a-/AOh14Ghmms-f7mJI23jRYy-YjETXtcncEf-ikv_PRQsr0A,"Great app, gets frequently updated, only thing to make it even more perfect would be able to see your most played songs on a weekly basis like a chart history",5,1,5.1,2015-10-04 13:39:57,,
gp:AOqpTOGBQ1W0Dn2n54tg9-iIBCpgpyaGx5rjgS-1jdjz4CDTJGULZyqQfm_WXf-f57Ubmb7lO_W7C2fKEmAPK_0,Derek Lanter,https://play-lh.googleusercontent.com/a-/AOh14GgMBAnLwugOiYm-DBR6JMSU177OutcHuMTDdyyMrw,"As a former Zune fan I love this app (I even bought it both times) my only complaint right now is the ""leave screen on while plugged in and app open"" option does not seem to work anymore for me.",4,3,5.1,2015-10-04 12:29:21,,
gp:AOqpTOEib8vOaKJT-jvr8mDaHrMGXKAo1Gle3xQOktw7zogLrk0Og3fNxXLv4OsbdNmDV2u9hFg4HlIezYAfl5A,SwimyKitty / Paul Barron,https://play-lh.googleusercontent.com/a-/AOh14Gh_MoTax8uYdc5hdgvvtPzyqTy1TwRFXp52UVwN,Great app but could you put a back button on the track selection widget on the lock screen.. That would be awesome.,4,0,5.1,2015-09-24 14:22:38,,
gp:AOqpTOEhduG662Qfu9akzLb8k9fAKl9t0JC4lgVMx2W_1IXMf4cGCK8YDp-m1jTMXQKKYPi7Rn5olxy4tBM_HEo,Young Tai Ahn,https://play-lh.googleusercontent.com/-uzw09nyE0xM/AAAAAAAAAAI/AAAAAAAAAAA/AMZuucnNqGzMi0WdS6Xt7NgyU1OP5Jg_YA/photo.jpg,"Had this since forever ago, then I didn't have an android phone for a while, and when I came back to Android, the app was gone from my apps. But it is well worth the $2.99. That is as much as a burger, however this is infinitely more satisfying. Yes, infinitely. Thank you to the dev!!",5,0,5,2015-09-22 21:50:47,,
gp:AOqpTOHtSsTVDLM3LPXPoxSRdUY9SwwiFRjmiCW0gJrD4EiKADhAWS7-SBKKOHBjEhfq2QcHpmVBgJy1JM_3H7Q,James Boles,https://play-lh.googleusercontent.com/a-/AOh14GjjhcjRJEr1uyRFUe1eSLofSWUuPW-hbPfFRMNDdw,This app is awesome until it crashes your SD card and locks it.,2,0,5,2015-09-14 01:10:11,,
gp:AOqpTOEnYUmEB8g_NqtN2tpWJQ72_b95cmQL2c2191MTRvurapyuCu3wlQ9O7maPk4WGgq-74c9hubdgEorvoV4,Jaylon Martin,https://play-lh.googleusercontent.com/a-/AOh14GikCZkywLm_7DxKNm3lQ9lVbkuP1DdluDba1YVPfEc,It's been my main for a while. My only current problem is that the notification controls are too big for no reason.,5,0,4.8,2015-09-04 09:09:26,,
gp:AOqpTOEMCwvddw6zvQos1lWMX1R-XfXUJf6VhVccx73fiT-Ardv81eDSlqcr2suM8m2ZQvc_K52TY_rHkjn5Wi8,clifford sylvain,https://play-lh.googleusercontent.com/a-/AOh14Gigt6fYM0y6TT6CmcxPANcIGU0iDwthSygajVpJWTc,My favorite media app period. ...can't wait to see what's next,5,0,4.8,2015-09-03 06:17:48,,
gp:AOqpTOHbghayeT3lXonLbv5qNmbLC3lmt1IXOcL8YGz3GSK1aSKZN-m6NoOBkEC1rBQIEOmuJje37rQppuIEzsc,Jonathan Crane,https://play-lh.googleusercontent.com/a-/AOh14GjvFqDwyPd2ZdH_vT76m53WURk2p56vQ3Jhul1csA,I love this app but for some reason the album wall no longer works and there is no bio for artist or background like it used to. Any fix?,5,0,4.8,2015-08-31 21:34:35,"I am working on an update for this, and should be out this week.",2015-09-01 22:39:55
gp:AOqpTOH5ZT84ekrkDXK-NUgjc3oyAQXgTVxXKsJ_Fufywefhbvz2IhcAd7_FrcMXxmUleHJacUZC6E8czbSBXfc,Aman Chandel,https://play-lh.googleusercontent.com/a-/AOh14Gg8nqxKge7xPY7ieSuIfeZUZoHbjXXxWk_rjtCaBw,"There is an issue with the app recently. I don't know if it's just me or everyone. Every time I try to add a new artist or album, the Zplayer is not able to search for the same in background options. Only option that remains is adding the image manually using local storage. Rest assured this is a fantastic app.",4,5,4.8,2015-08-24 01:07:15,"I am working on an update for this, and should be out this week.",2015-09-01 22:40:16
gp:AOqpTOFOTfQN-eUwPXS3BIXDKES1tjvfTVRkVBaA_T8xvBjNbh6LWkvbsr6g_ZsCuvnDutwzhUpdHAa-eaz-c7g,Jovan James,https://play-lh.googleusercontent.com/a-/AOh14GjIZ0afI6j3ELs8n9hm5LG8DYUvzJcH23CWpStCh64,"It crashes fairly often at the end of a song and why are my artists not in alphabetical order, it breaks them up in random order.",3,0,4.8,2015-08-23 08:12:09,,
gp:AOqpTOEzJipvkPlFbhZc4Eo1ovqSruzdL116mITRw40m9rsXZXeLTqT09HfjVo4GOUdNyhQnVpWlofuDG4iQjRI,Jiyoung Yoo,https://play-lh.googleusercontent.com/-6udhMyGCPVA/AAAAAAAAAAI/AAAAAAAAAAA/AMZuuclUrI3ilGnQoNhWvkw37DvOMQ-LUA/photo.jpg,"It keeps on pausing music especially when I turn off the screen. Other than that, it is perfect.",3,0,4.8,2015-08-08 06:31:50,,
gp:AOqpTOH0wKyOLXEKzEFd78_hH4rYHlnfgryK1qRyhaqwMCXblmcXgorCThAYJbsdYBDMvKenQ_heUjGTxQqKZt4,Brian Prince,https://play-lh.googleusercontent.com/a-/AOh14GgmdXLtC7oaSxWcxHL_JsCJDBy0Dyt7LGRlN2745w,This app has been an outstanding addition to my Galaxy S 5. It manages my 800 album library with ease (stored on a micro SD) and replicates everything that made the Zune such a great music player. I can finally retire my Gen 1 30 gig.,5,0,4.8,2015-07-22 19:17:59,,
gp:AOqpTOGaB4oTOkd-twlri4LdvCdsEYO-PCWJgByX0WY3C6pQ0kZQ8XGaBspeyI2WCmU4xIzSdaIa1bRAXVM3PJA,Andrew W,https://play-lh.googleusercontent.com/-qoSV-BWnbcM/AAAAAAAAAAI/AAAAAAAAAAA/AMZuucnl7VDggRiz3OFfb-JYmaP6x6Nu4A/photo.jpg,Had to buy it again since it was previously removed..... But I love the app and and very happy I bought it again,5,0,4.8,2015-07-18 12:54:14,,
gp:AOqpTOGEAKJrZDCVh0yTke4eYvCphwPReeoflN27hIYt74g-XgU-sP9Q-rZbsCf27kp5JAVkm9kPpYgAH6JsY9M,Katie Price,https://play-lh.googleusercontent.com/a-/AOh14GjxrnXkspALaqLH2hFgLVR-LKlbiCqLX_jQxOyfqRo,I really like this music player but it stops showing the album art as the background on the lockscreen. I would rate it 5 stars if this issue was resolved.,4,1,4.8,2015-07-07 19:52:00,,
gp:AOqpTOHVZ7zHExmk1uPINwwtI1MniB2X9zZdqwnjS-L4t5VPZmVcGQ-E8pySNawxiDejJj0SPy1t9Uskw8UPmRQ,KC PJ,https://play-lh.googleusercontent.com/-0QZgfVC62lY/AAAAAAAAAAI/AAAAAAAAAAA/AMZuuclDgWioC1nY19OdHQ5s4xEm0Injug/photo.jpg," I do not know the problem of the of the newly updated EQ.   If you are listening to music, you may suddenly volume increases.   Verification please.  And there is a feeling a little difficult display of lyrics, and the scroll when the lyrics are coming guarantee was designed to descend from the top to the bottom in the playback screen, it will be cool. Nice app Thank you.",4,1,4.8,2015-07-03 05:52:20,,
gp:AOqpTOEtaoQxGThb6qQ9Wexb7WlSAjmuxyDlHIZIeftCvstnzW30wjuFj1AcGYZ7qqMRAcy3KxgmyUZcfwtAWTI,Padi Patt,https://play-lh.googleusercontent.com/a-/AOh14GhVgKqT_l6El9AP95hr3fJ1s0x2SLJhHb-X-7YCbA,But I keep coming back to this player though,4,0,4.8,2015-07-01 06:39:51,,
gp:AOqpTOGO1yy3IxNQkYDlMpMNkEl0Tn2hYTWwAkdTU72HUT_vqgGVLKrg250nCMpuFurpKMf3c6AI2yFzfzyWR7g,Caylor Hackney,https://play-lh.googleusercontent.com/a-/AOh14Gi1r4mNuWBHsSzF_5KdXpSmwEWFPD5mOegw3IpljA,"Had to buy it twice, what a scummy move by the developers",1,1,4.8,2015-06-27 08:58:31,,
gp:AOqpTOGmykltvPUM9tPoA3_zfGUnDNId35N1BhhLwq0DAGNWU54Gb3kr9NkXCSWPcNgEWs-tXS4iOr8yFX-Wabw,dan holloway,https://play-lh.googleusercontent.com/-582GYJvBTaA/AAAAAAAAAAI/AAAAAAAAAAA/AMZuucnbXYvjnFDLHqlfhMezb6I3ql_8hw/photo.jpg,"Smooth as a babies backside, love this player.",5,0,4.3,2015-06-09 03:10:30,,
gp:AOqpTOF4SCidm52MSEgziRdUaJr8aP7vjfDs3JmrqECMRXGt-TamN6_cNtf6Kv33t4d_SFGHP8PVX1JHzdxJKvY,Joe P,https://play-lh.googleusercontent.com/-GjkMB2zRlbA/AAAAAAAAAAI/AAAAAAAAAAA/AMZuucmwzfIh5EQmD59Pt102GKWPG2y-wQ/photo.jpg,Plays like the best of zune (I need it to be able to make video play list or at least not stop after a video is played then it will be a 5 star app),4,0,4.3,2015-06-07 19:13:34,,
gp:AOqpTOEoYHcZo3qZ298u7EEVrBn_qL8to0qPhqCtKmxaT7gzNt8lF3HkJQiVCCGT8SlQTY0lDJPOfZve1bvdOCw,Edgar Negrete,https://play-lh.googleusercontent.com/a-/AOh14Ghi0psGw7ewU71ajUkogPT6apOMyL5-PypLLXyo2As,I have had this app since 2013 and now changing phones I realized the original app suddenly dissapeared of the market (app.odesanmi.and.wpmusic) so now i have to the app again (app.odesanmi.and.zplayer),1,5,4.3,2015-05-11 18:30:35,,
gp:AOqpTOH1krUtU5WEK6miutCkKOnzcfGMVA4SGA2CdAgwpJYaqWWHAEnsYLUaJkLnj3vsnCCsl_dES43yIpkljJc,Bim Boy,https://play-lh.googleusercontent.com/a-/AOh14Gh2CK9aonCLb7V-I04eWFpLHhWruonZFDynwa9mFQ,"Great app!. It was amazing, i like the simple ui",5,1,4.3,2015-05-07 05:10:55,,
gp:AOqpTOHuQB2EYJ34MPKtgD6nTmBs7xvbEWPtwJ326-lerELWzktyk-01N693fUW05j2J3-B9R9fTe3YAoN0dDWQ,A Google user,https://play-lh.googleusercontent.com/EGemoI2NTXmTsBVtJqk8jxF9rh8ApRWfsIMQSt2uE4OcpQqbFu7f7NbTK05lx80nuSijCz7sc3a277R67g,Really good app,5,0,4.3,2015-05-06 10:17:35,,
gp:AOqpTOE3qfVbdMXg_WyEyUuxUJUtjgQRnUvFQwRtANJAIjNc2GMRsNVE0Lw-4QUgdEGjBBrmzppn03-5d1qq2VA,L. Marie,https://play-lh.googleusercontent.com/a-/AOh14GgFULmSKZ7O_oNixCbI4jtWms8z8sdXji3Ey_8wow,I love this app and purchased it.  Shortly after purchasing it stopped updating and now I had to buy app again. I'm giving 1 star because I have to pay twice.,1,9,4.3,2015-05-02 12:21:01,,
gp:AOqpTOH-5s6lJvFkKb0aU_4CGzhXv89j8HX1BucLAYXofUFMXyqpWBgZodAKeqflSwxOUpLwg8V6E-Vf9lOY7-o,Anthony Gibney,https://play-lh.googleusercontent.com/a-/AOh14GgXs0sw6s2HaG_n_EukPwvUjYNHC7E47_eibfoDeA,"This app is great when working, but changes a lot of albums to weird artist names and won't let you edit then to change.  Please fix!  I've tried everything! Note 4.",2,0,4.3,2015-04-27 03:35:44,,
gp:AOqpTOFpPJnFkz8eZ4P4phZTMIzCyyoiCk0wUpEYGt_MYDhGqvaOIuv_INEE-GYR0Ntqdbr1KucJ7flh9ddfJUc,rulerick,https://play-lh.googleusercontent.com/a-/AOh14GimI1sEi7KtvjBYMstrD_QbQaWw26IQWm24Vy0MKUM,a must have,5,0,4.3,2015-04-12 04:12:57,,
gp:AOqpTOGpT_LGVHdTghNh0YN7PNZjpDvH2-JMpq_r6lSx0OkR2nUJ5vCK5EAi3Vty_HKEPHc1q-Ix5SyrYQ6Tozk,A Google user,https://play-lh.googleusercontent.com/EGemoI2NTXmTsBVtJqk8jxF9rh8ApRWfsIMQSt2uE4OcpQqbFu7f7NbTK05lx80nuSijCz7sc3a277R67g,Just keep making this app awesome. That's all I ask. We'll done.,5,0,4.29,2015-03-24 03:48:29,,
gp:AOqpTOG9vVqf28jvOHhL4jxZHda4kg6mPnZkcWAPOGtQXZOyl6rLDZPo3Vev4lxoASBllzDz-EJ1B05Xe3kgYvc,Philip Sanders,https://play-lh.googleusercontent.com/a-/AOh14GhkbHrcMsOnR2nU3Cpg49KnVTV7E5fDrRr7FnQ2Sw,This is by far the best music app I've ever used. I love the minimalistic look to it. Never had any problems playing music on any of my devices.,5,0,4.29,2015-03-16 09:23:43,,
gp:AOqpTOFSz4OkaXCCVd-79oni1r-neVlgZOR3eXKZQ1FCA6B4lwypAjUqFoznjXhWr2YY2Cmzobb_yGSFVMyo8m8,Alex Kotewa,https://play-lh.googleusercontent.com/-5UShEbw6IrQ/AAAAAAAAAAI/AAAAAAAAAAA/AMZuucmSjytRyV0jTkfQuAZyM8MAhNT4Ow/photo.jpg,Can you add Google now support? That would be amazing!,5,1,4.29,2015-03-09 01:29:44,,
gp:AOqpTOEOmnxLtlkkd03odsnwm6tmyzCvkhORZaSZxhbfwQQU-syySCe9Umhsvj-TGj2hYuwKM6WAltgxLk7UJpE,Isaac Sanchez,https://play-lh.googleusercontent.com/a-/AOh14GgpcBaFHBDj6Z-Lm8n6vmomhaqgFgYZfXWKsJbm5M8,I'm listening to music and all of a sudden it stops playing my music and closes itself from my notification bar. please fix,3,0,,2015-03-04 23:36:45,,
gp:AOqpTOEWT-PT5ob3KVBrJzIUUlyxO6CZbi3CcHuBniy8rFXM1q91JFQ1v6ByKMNy4QuWXdKZ0L8gP_xvA6-a7Ps,Whale Fish,https://play-lh.googleusercontent.com/a-/AOh14Gikmpy-vKrTORkVbt73nTSmwmo332i7xTctk8ykA7o,"Already paid once for this app, but it is the nicest looking/feeling player I know.                                  Edit: I complained about equalizer settings not saving, but now the equalizer is completely broken for me. I will be using another music (with a working equalizer) app until this gets fixed.",2,2,4.29,2015-02-24 08:18:30,,
