reviewId,userName,userImage,content,score,thumbsUpCount,reviewCreatedVersion,at,replyContent,repliedAt
gp:AOqpTOGM-6KUPkXY0lYUa966J-e1kMSHrCwfPeVHQLBsR2iZisBWyU4FKaWUO9xjD5-4BXUZtJx7_h26kuKBrw,Barbara McM,https://play-lh.googleusercontent.com/-xGB_HQmEyLE/AAAAAAAAAAI/AAAAAAAAAAA/AMZuuclNgwhA_zmbLzRfIBXlSxHOWA-ROw/photo.jpg,Doesnt work.,1,0,5.0,2020-08-14 05:18:45,,
gp:AOqpTOFzAooDUFaHOqZil2Bw9EvoCL66YsI3ZYuIUXsIpTFh_MwQJgPrLnNfNXyUKkzD1fnT9D2hLQeYAk7oXA,chris flynn,https://play-lh.googleusercontent.com/a-/AOh14GjLrpcOEst1EV-uM-dYenqx79wpIb-s0PDsPSq7G3E,"i own every app Brian has made all are really great, and this new witch 2 it is so awesome so many replies, and so clear....thank you Brian",5,0,5.0,2020-06-27 17:13:13,,
gp:AOqpTOFZcZlM46e-hmmK6HkGuBQaoHOIbHivJxnZfGX_pkHQfg7BruPAVX1cgyeZ3w7FyrxHZL2jC9xgb1njgQ,rattie rat,https://play-lh.googleusercontent.com/a-/AOh14Gh4QJ56xPHrlJBC8cVRuWRbXv04y6IM2N7-Q0256g,"Perfect on Android Nine....However on a Samsung running Android Ten. Won't install..just crashes on start up. Tried emptying cache un/re installing.....Love the app' just got to get my head around this Android/Samsung crash. Worth every penny guess I just got unlucky on this install. Loving running this app' on Android 9 so that's me for now. Update when .....not if.... I sort this problem. Regards ""rattie"".",5,1,5.0,2020-06-21 17:11:02,,
gp:AOqpTOHQo4qivwKFVcbhN_j11UMbHaXw9AYVqeqDMqJ4f8_EaF0m8LgHrFE-C2NkGMeabH-64SSfFEFfWRfsQQ,Voices From Beyond,https://play-lh.googleusercontent.com/a-/AOh14GgvhbXwp-92rZMH2Z-Sn3ZjACLPKWKTEGOP6rwBEw,"Before this 'The Witch' was considered Brian's best app. I can now confirm that 'The Witch' is Brian's second best app. This beats the witch hand over fist. The graphics are amazing and the responses are clear. It's easy to use, just turn on and carry out your session. Remember to record your sessions externally as screen recorders will not work with this app. Don't stop with this app though, purchase 'The Witch' as well. You will then have Brian's best two for under £10. Bargain.",5,0,5.0,2020-06-18 05:25:06,,
gp:AOqpTOFRkFl1Qi9VU2OBvyvO9LMMrhzn-ge1aS6Ha8ynctQ8aCfE5B0D_OJAHqzPWAgRnG6Apv0dlXjJXDKVyw,dan Middleton,https://play-lh.googleusercontent.com/a-/AOh14Ghea0FmvLAD0ngx_HDUEB0TTjKNiOqOIbTxaVlQVg,"This app is some thing else , it has a very different vibe to it and is a bit darker than Brians other apps , the responses that have come from it are very clear and cannot be pre programed as some of them have been very personal to my self and others who have seen the testing , now I have it for my self I cant wait to try it out ..",5,2,5.0,2020-06-17 03:44:55,,
gp:AOqpTOGaJB8f-ucar-U9MOc4vqmLTpOqU62eI-egpUpm_nzEqQlDox5w2LrWJowo13bc1Ien1w_GXtRaz63bXw,Bill B,https://play-lh.googleusercontent.com/a-/AOh14GiahzWT-vJBg8kddkBlePRaI6GAChs76eBQEAjj9A,Fantastic app very interesting replys love graphic design and what's been put into it will worth every penny incredible job👍👍,5,1,5.0,2020-06-15 17:38:27,,
gp:AOqpTOEWv6hnnBzSFcFShdaXUpHMzy_R86IQ86_ci2SR3S3-hprzMaxAIYPSo-UdvwCldC-ajBdQ-VLfInKYxA,Nikki Rae,https://play-lh.googleusercontent.com/a-/AOh14Ggu74h57jeEnst6ctZkffcirSS9EVAIZzZ7tDF9UTU,It's another wicked app!,5,0,5.0,2020-06-15 14:05:29,,
