reviewId,userName,userImage,content,score,thumbsUpCount,reviewCreatedVersion,at,replyContent,repliedAt
gp:AOqpTOFR99TT-MGrg8qvcPEUXbtCj03J3Uhoz2l7XuEVf9uLjKT19BfUIlJW62iuhY56rksvs4_8MvsqZZpLGQ,Hssn Zyn,https://play-lh.googleusercontent.com/a-/AOh14Gjnl52CaLoU3G0waqdlt2XegXqazMWd5eQZoAQZVw,This icon pack really amazing and great.,5,0,1.9.5,2021-02-07 03:24:30,,
gp:AOqpTOFJEJ--3NHLUxLTwGmPVBEvFukbd0ziL3KW4FtQ0dsCdamOAyOQUanWH9eGqTU9md2_OX-5edRGDvFWQw,Candy C,https://play-lh.googleusercontent.com/-ApjdcCfMJkY/AAAAAAAAAAI/AAAAAAAAAAA/AMZuuclPOtzfI3CFmQSsr4_yf5-tN9EBqg/photo.jpg,I love the texture of these icons ❤,5,0,,2021-02-07 03:20:57,,
gp:AOqpTOETOIN5CUKL92BruuHjtqvK5a4OsqtJLNQn7EI7N4DBpfSop908EbRdPaGFZ54Ad-CrvBC1yVNiYP7NDw,Aarav Mahajan,https://play-lh.googleusercontent.com/a-/AOh14GiBvDpTX7FA1LAFh6PBIFp4WUTJ9CVIDCDP-BRxIcU,One of the best Icon Packs I have seen on the Playstore...Must try for everyone!!🤩🤩,5,0,1.9.5,2021-02-07 02:55:20,,
gp:AOqpTOEqixh9F4oboY_KEcopoNQHCKmLujmx2QlhIEmIIitA2BESpPoSFtWBPO2EBMKhJ3qZKwQcth_JSVq4DA,Swette Kitten,https://play-lh.googleusercontent.com/-HEdHYMsPga0/AAAAAAAAAAI/AAAAAAAAAAA/AMZuucmwElxeG-6atjgGtgI-A5j8w6wQ1Q/photo.jpg,Merci merci merci 🤩🤩,5,0,,2021-02-07 02:50:36,,
gp:AOqpTOHZFpfC7Oh5VU83d5QOyEszjGbcr-hjO89xIzAhUInMs7SDCW0rOvYxA32srzKBzMPy18PdjEfxr0V1mw,Pixel Vibe,https://play-lh.googleusercontent.com/a-/AOh14GhIehu9jaiTDtjsPSoLIcOzwXBEzH7KZpftgGUd,Loved the work of the dev. These icons are cute. Beautiful and unique design 😍,5,0,1.9.5,2021-02-07 02:46:21,,
gp:AOqpTOFTv1qB8DXbdEHd_tsCAAItJbhR9F2wvKXJwimQ2vJn4xxKRNWaUTCRvbU6vOnU_PNNVUT9adIK4vtuNA,Yuva Teja Anirudh,https://play-lh.googleusercontent.com/-nZhDnhXYROU/AAAAAAAAAAI/AAAAAAAAAAA/AMZuucmxTfUE1z93DwMcN1gF-fWJScAd7Q/photo.jpg,Super cool icons with good vibrant colours and I love them to use on dark wallpapers. It's a different type of icon pack. And I love it .,5,0,1.9.4,2021-02-06 06:08:09,,
gp:AOqpTOEBEiMjW3Mkf66Qdn72iFG6kT3nMkEtfQOFWpztTPV5TDZoFehP1iZr7PGPCF7i__MUEG_yQyEzhRYaLg,life changers,https://play-lh.googleusercontent.com/-8zGfqhT_ubI/AAAAAAAAAAI/AAAAAAAAAAA/AMZuuclsAsiTSbmsevTh-N8Xc7x65oAcng/photo.jpg,Great work 👌👏,5,0,1.9.4,2021-02-06 06:06:44,,
gp:AOqpTOFVsE4gn8I0JhKxXFhJ524EOtJ9cnaHkgu4Q9sYfrjIC6MKLuBcFbKEKBX3FyyKFAduDPZ9YZg3p1ogYw,Thebear Koss,https://play-lh.googleusercontent.com/a-/AOh14GjsBQ11i_9zBVkl0HVCJilhAvPfIwo8pMZ3KDU99nk,👍 🐻,5,0,1.9.2,2021-01-10 14:55:05,,
gp:AOqpTOHK0e_pw_kd5shMv7Ymo0nZcDMZ9LG8ffEaxGf3j7VykvatUnBdWz8c3TGdJogrGXp7vLYQJomyu0yuwA,Sami Hyypia,https://play-lh.googleusercontent.com/a-/AOh14GjnITAQMr_XzbzrFtwvIad2vT3mgjJQwUDsv_M,Nice.,4,0,1.9.2,2021-01-07 09:02:20,,
gp:AOqpTOGIjTR4Uk5wBYTW2s7L3RJLrqtgovc23LV3e9DfUoD3VUmrbY_CEnsz-WUOKcPsrQKiV-MWpWTDVmTQFA,Mg Mt,https://play-lh.googleusercontent.com/a-/AOh14GifV4O4XZC380YUfNDAoK4CT8HgTudHcSuWy9fw1w,🎮👍,5,0,1.9.2,2021-01-06 12:03:58,,
gp:AOqpTOEHwZvFP-bz_pBpa-dfh3wCSxizIfzWhSolINyybO7CLVR2CptBuRTBVPrtoUroN9ffbDBTtoOzHgUxPA,John Scott,https://play-lh.googleusercontent.com/a-/AOh14Gi2ewzqnwbD_aXhgA3NuNaVGoM4qt8iK1aP9jS5YA,Beautiful icons but they are in completely random order. This makes it extremely difficult to choose an icon for a specific app. Why not alphabetize them like every other icon pack?,3,0,1.9.2,2021-01-05 04:01:00,"Bonjour John, dans Poppin, il y a des filtres par catégorie qui vous permettront de choisir plus facilement. Il y a aussi la loupe qui vous permet de rechercher une icône. J'espère que cela vous aidera.",2021-01-05 04:07:23
gp:AOqpTOHFCGXaxIy70Amg8fvxF5kecqZtLmndW-qWJJiPH2oGMy-LyjZPXlOKtsJeDtYu79b4CmRFCZTtXku5lg,Adam C,https://play-lh.googleusercontent.com/a-/AOh14GjEx7ADAoB68vvWfB3EKswPf2vMAVB3OjXx8I-exUs,WOW! These are bloody amazing! Been a long time since I bought a pack of icons and been this impressed. Really beautiful work Monsieur. These are a must buy for all Android enthusiasts.,5,3,1.9.2,2021-01-02 22:28:20,"Merci beaucoup Adam pour votre excellent commentaire, j'apprécie beaucoup votre soutien.",2021-01-05 04:08:53
gp:AOqpTOGipyLo_5bS9OOzS7zEJe0Abb_wCzZCuel78JY1BPND48JnmzuSPkGKQ44PeV6cSQIp0o9OkgSIzQH_rQ,K1NG DAVID,https://play-lh.googleusercontent.com/a-/AOh14Gh-MBwyEn99xABHimPczFHqMArBQUnmFuZNgpmVfw,~Freaking Amazing! I love them! Please add OfferUp (I don't recall seeing it) Thank You 🙌🏽💕,5,0,1.9.2,2021-01-02 14:08:15,"Merci beaucoup, votre commentaire est très dynamisant pour moi.",2021-01-05 04:09:51
gp:AOqpTOHLBcLHkqLRApqJLy_LV-baFIbCWTVZMYJa0A6ppNr2uYNiayJFja6T7abaO53LLMgQrpNBjz-4zodCTA,Lee Densmore,https://play-lh.googleusercontent.com/a-/AOh14Gi04MxP1OBnKEQ91rZdoZ9Nw1B-pwoDgqrqYPhN7A,It's a nice icon set. But I have used it on only one of my smartphones because I am waiting for more icons to be done. I have quite a few apps that don't have a Poppin icon. How long to wait? A couple of more years?,4,1,1.9.2,2020-12-29 14:14:06,"Merci beaucoup pour votre compliment Lee. Il y a d'autres icônes qui sont ajoutées régulièrement. L'attente est longue car Poppin est disponible dans 147 pays, ce qui génère de nombreuses demandes différentes. Essayer de contacter sur Twitter, le lien est dans Poppin. Merci pour votre compréhension.",2020-12-29 23:16:28
gp:AOqpTOFmX1lnMapS3pJ5Mb13Yj55pwPdr5p_ggCMb9QCn8XdVZlMYRsyAI_G3vn0jdz0MJ0vl0u_qA9ezjhiYA,Graphic Design,https://play-lh.googleusercontent.com/a-/AOh14Gj-nvoyngG1GfoShFIG9KrvyB3MTcMbe2Tbsf_5uA,Great icons so cool. Easily seen on screen. Love them. Great price,5,0,1.9.2,2020-12-29 08:04:45,Merci beaucoup Graphic Design pour vos compliments.,2020-12-29 23:17:23
gp:AOqpTOELUSQiy5oJxpJeDJxZA-oEsDHL6IlYvXWR3QH4cV7LV12tQDEhh2Gn3QJicajA9zOJ50BFQCaeSHLIKA,John Hoit,https://play-lh.googleusercontent.com/a-/AOh14GjZt6ip7MgLOC_BfTBHRKpij_KE2mFotkr07Eopa_Q,Lively and fun. Very high quality design that's very joyful to see and use. Lots of new icons with each update. Highly recommend.,5,0,1.9.0,2020-12-27 05:38:55,"Merci beaucoup John Hoit pour votre commentaire, vos 5 étoiles, vos encouragements et votre soutien.",2020-12-29 23:20:26
gp:AOqpTOH2gRitWHI8zvjwd2OJlBWQ2_D3zN-cfHfnY0nnUGgY01V4JcCRMftAORjnxYQ1a8RCP0lTewUiR4GquA,Al G,https://play-lh.googleusercontent.com/-yQGFHAFgPSg/AAAAAAAAAAI/AAAAAAAAAAA/AMZuucm97gVXZggPmom8FqMIgXfxRsyI_Q/photo.jpg,Last update (12/27/2020) put a large white round dot over the icons. Had to uninstall. I liked it until then.,2,0,,2020-12-27 02:46:58,"Bonjour, j'ai ajouté un Mask pour les icônes qui ne sont pas encore dans le style de Poppin. C'est une demande de plusieurs utilisateurs. Si vous êtes plusieurs à ne pas aimer, alors je supprimerai. Merci pour votre compréhension.",2020-12-27 03:02:59
gp:AOqpTOE8PUdfPnsSKsZ2NsDWVSSQPgFisNIZfUnvRarDmPGlSFkxu9y0AQIfv0fURmy1juCiCKSgCBLtfGJdkg,surya kh,https://play-lh.googleusercontent.com/a-/AOh14Gg35L3OdRXFwaljgO8UL9Km3jbkJhpOkORUGdhW,Wooowww very crispy desing . Update continuously brother,5,0,1.9.0,2020-12-25 06:14:45,,
gp:AOqpTOEjun2R9WVv48ElOtjoVU9gfNqn1QuF97rcf_D1TgIx7I_fi-qNY6JhndlBBFjmO2ce2TptqydZmGazaw,ANCHOR ROYAL,https://play-lh.googleusercontent.com/a-/AOh14GjYOuHpUkUOd38TRVh8EEYwDFYu9ph3rLVDZpf5,😘❤️🌹😍,5,0,1.9.0,2020-12-23 10:57:41,"Thank you very much Anchor Royal for your 5 stars, your comment in emojis makes me very happy.",2020-12-24 06:46:15
gp:AOqpTOHFAa0T36gNTW_gho_sl9zxrloyO968XxvikNAgqROHp3eD5C5eDVJscL1JEUErSSK23HKYOe4LnfyFVg,Ade Dennis,https://play-lh.googleusercontent.com/a-/AOh14GiPlplaNMYtCCxaraKzrPo3S_SGRuvg9Mz7STNHCA,"Nice 3D icon pack. Cool, fun icons. Need a lot more though as I have many apps left looking a bit bland. I'd also prefer it if the icons were on a black background, I think it would make them 'pop' more. Very good so far though, am looking forward to further updates...",4,1,1.9.0,2020-12-22 14:10:18,,
gp:AOqpTOF7_g0rYjbX2Zyo6A55fWTrCwr8Qa1nbCWWAh-aBNwj8uGyMi-iqyN80h8MPn1xbK9gVa51ma8P4IS0zQ,Cathy Newman,https://play-lh.googleusercontent.com/a-/AOh14GjkmRTVjoXaptlv3Pr5CFBQa_w9w2tHcxQNUXWfvQ,"Excellent icon pack, really unique designs! But unfortunately no masking that I can find, so apps missing relevant theme icons are left totally unmatching.",4,0,1.9.0,2020-12-18 17:34:09,"Merci Cathy pour votre commentaire. Je vais ajouter un masque pour les icônes qui ne sont pas encore dessinées par Poppin dans la prochaine mise à jour. Pourrez-vous me répondre, si cela convient ? Merci pour votre soutien et votre aide.",2020-12-21 01:11:32
gp:AOqpTOH3AgXhr5v-TFHzJnRK2O0iBt0gTPAb-YaowLJAhKWcYWUsQsrw03Pfkv03r3WXqjUXzCSTRuiSzgVAzQ,Kuldeep Nandal,https://play-lh.googleusercontent.com/a-/AOh14Gj4BWImEen6DYbz9SjzO0ZJ0Pw2aoEg6znO3ZUtnnQ,Very nice 🙂 app.,5,0,1.9.0,2020-12-12 23:42:45,,
gp:AOqpTOGaIwTZBJy5DAj_LGltwtsz2RnO1H686sDF7TmJlV7FqOUslCa52n5ZRXTpLgEL6Phm1VL2H_O_W4kr7Q,William P. Robinson,https://play-lh.googleusercontent.com/-SRyPmu07rCw/AAAAAAAAAAI/AAAAAAAAAAA/AMZuucnvFpg1qerrSXAM_7AC2jk9KHmhtA/photo.jpg,superb icon pack!,5,0,1.8.9,2020-12-12 18:11:20,Merci beaucoup William pour votre excellent commentaire et votre note de 5 étoiles.,2020-12-07 23:35:16
gp:AOqpTOHkMeoM5vJsWLnibWm1iXuSNgK7T-Do7N7esP_PMGvIQfOFEYttETP5Fk7jO-CoJG8i553iF8ijlF_XpQ,Grace A Jopling,https://play-lh.googleusercontent.com/a-/AOh14GjSE0LWjlezSr4qwmQg8hZoTz93rhMffJHWStWiGw,"This icon pack is so clever and unique, I just love it! Its colors and style are cheerful and different from the status quo. I like to pick and choose icons for each app, so I don't use one icon pack across the board, but if I did, this would be the one. My only complaint is that it doesn't [yet] include icons for every app I use. Of course, it's unrealistic to expect any icon pack to be all-inclusive, so if they just continue working on adding more and more of the commonly-used apps, that'll be great. Give it a try if you're in the mood for something that POPS!",5,6,1.8.9,2020-12-01 11:05:53,Merci beaucoup Grace A Jopling pour votre excellent commentaire. Vous me faites extrêmement plaisir. En effet c'est très difficile de dessiner toutes les icônes pour chaque utilisateur. Mais je fais régulièrement des mises à jour. Vous pouvez envoyer la votre depuis Poppin (précisez bien votre Nom dans le mail).,2020-12-02 06:09:30
gp:AOqpTOGMu2ny86SlZsHRMfWr91T7ND8Qtgt6fxfbHfkMAaWh1dqbhb5EDbhpEf9LOb5aRvXGgzJ9m19V79YJRQ,Gladys Dixon,https://play-lh.googleusercontent.com/a-/AOh14GixMYBpy59TUIOEyXaUDkGZeveIbVOXscKg2Iq9Xg,Awesome icon pack! They look great on my phone. Developer is very helpful and keeps updating regularly. Thanks again!,5,1,1.8.9,2020-12-01 00:10:43,"Merci beaucoup Gladys pour vos compliments et vos 5 étoiles, je suis très heureux que Poppin vous plaise autant.",2020-12-01 06:02:33
gp:AOqpTOEFQCcVb4N5lWO47ezZPCa4V4FiIXoAZEyfP41nuOHfAbaZXMHRAmB8QuFE0nhOy5Q1KhvQZ6EIZge0-g,Jo Poochie,https://play-lh.googleusercontent.com/a-/AOh14GhJrsELC7olJKgV2-Gr9bQrFaRFa4fT5K0ZvF8tNg,Awesome!! Love the icons!,5,0,1.8.9,2020-11-30 14:26:53,Merci beaucoup Jo pour votre commentaire et vos 5 étoiles.,2020-12-01 06:01:39
gp:AOqpTOEukR7BgbGdFOWnRjemmppfRSpAnXBMo4AHhIHUnxOHA4FB0Kr83n3j5Z7SqyC2VSNGzdLD5JITDC7ilg,Denis Evangelou,https://play-lh.googleusercontent.com/a-/AOh14Gi1JoBGO-uXodQvpsMVUeibx8Cy77Rmj7i6yjMGMQ,Totally unique.,5,0,1.8.9,2020-11-29 04:05:27,,
gp:AOqpTOFlv-Kx4CYSt1TCN3kJBSNcn-6ZWdcm6EMPpVQzda6-HwhbSs-w0YIBmUqtIbNp97svSUVD3DEKkbKndw,Star Bridget,https://play-lh.googleusercontent.com/a-/AOh14Gj60bYhpiMUCzKKNyk4PZCxz7ZtXEmZ0NGqSWgqjQ,"Really cute icon pack but unfortunately without masking, this one will need to wait until there are more options.",3,0,,2020-11-22 13:48:21,"Merci pour votre commentaire. Poppin est mon premier pack d'icônes, il ne fonctionne pas comme un Thème, je ne sais pas s'il est possible d'ajouter cette option, je vais chercher.",2020-11-23 02:38:00
gp:AOqpTOENYmYHuxEOy2MZujQj-xcocYtZoCAQ_Bg1VKUFoJ4hivCmwmofo2ClxK7AotZ7YBJzPIa0U_qTbL8JKQ,Kristin Whitaker,https://play-lh.googleusercontent.com/a-/AOh14GjJT7jYOf3hJ7SATEdYJ3Iow21oYr9tYQ6BBfX7EA,They're really cute hope they add more icons soon,5,0,1.8.8,2020-11-20 13:42:54,Merci beaucoup pour votre compliment Kristin. J'essaie de suivre un rythme régulier en proposant une mise à jour toutes les 2 semaines. J'ai encore beaucoup de demandes. Merci pour votre soutien.,2020-11-23 02:39:40
gp:AOqpTOE9d8zA78GDVedBgMcYlGZwdWA1rVLejmj1nZChPdhTMG7kZpBoyh2zDVnoe9-SQFL8M0mL4Ox_R3LjaA,ChrisIs EvolutionaryLimitEdition,https://play-lh.googleusercontent.com/a-/AOh14Gg1DNL2LQE9jh5IOdqTYtZVVVtm5Ja-cpK-mnIRoGk,"Want some slick looking icons . .. get them here, your eyes will thank you for this as will your device(it looks Sad. O_o",5,0,1.8.8,2020-11-19 00:07:29,"Merci beaucoup Chrisis pour votre excellent commentaire, vous me faites très plaisir.",2020-11-23 02:41:16
gp:AOqpTOF4Gab0PlXk-PytVYpf_oisFXcgDgQws6tzmdypduGaMFySuGDKMdfXnjCo2ZuETmKfgl71DjI7PjKyIA,Dr Mohammad El-Nesr,https://play-lh.googleusercontent.com/a-/AOh14GigSfgRceDarpUONWTP0-T8TsXxfUqImOYFJ7oK4iE,"Super icon set, it really amuses me! Every single icon is better than the original I think Google should force companies to use these icons instead of their flat ones😄 Many thanks",5,1,1.8.7,2020-11-14 03:03:35,"Merci beaucoup De Mohammad, je suis tout à fait d'accord avec vous. Votre soutien me fait très plaisir.",2020-11-16 08:05:31
gp:AOqpTOEISPAe8YnKB_bTAM99VXn11pxsn6ZoA6wJwPF32j3kRfSahbwwZt4wgY_1_O2dTK5nVEeTybs2CW7BUg,Sp Mj,https://play-lh.googleusercontent.com/a-/AOh14Ghjxcdq0W8FC07nuTNIi9_J8h45CQNxViBtQzJhgA,Not bad the design. A few icons arent compatible... still i give 5 stars,5,0,1.8.7,2020-11-04 13:13:11,Merci beaucoup pour votre soutien. Je fais de mon mieux pour mettre Poppin à jour et il y a encore beaucoup à faire...,2020-11-10 08:34:48
gp:AOqpTOFry_ZfdFbauSU5SQpL6exCSS1Mn2u1mf3EoHxQ-ArjwvQ4OmXP15AyEfhFeVpIovMHdtziEO8h29PJDQ,Robert Starkey,https://play-lh.googleusercontent.com/a-/AOh14GiPDrjpFYcBNLesWcnqGn-FImXtcbqkY9fJbwy0gQ,Didn't like it. Had nothing but problems with it.,1,0,,2020-11-02 10:55:41,"Bonjour Robert, je ne comprends pas vos problèmes. Pourriez vous être plus précis ? Je peux vous aider.",2020-11-02 11:25:21
gp:AOqpTOE_4JA8EMiyF8mALWuPrR0_YARpu03dOKKe1F-I_mDSokbPcolviOJbUo4ABwxZQgynCX-JNjmbug2LQA,Jeffrey Schirf,https://play-lh.googleusercontent.com/a-/AOh14GhjWJQjsTBul2Hc5rmisN9AROk_lvGCwY59VO7hIg,Very cool icons!,5,0,1.8.7,2020-11-01 06:12:12,,
gp:AOqpTOFfuHrfwFLhXJ4b92Vi0Z2div8E2UwERGAsgLrl2N5_nKZ75N3MGGg2UEAk4dFCOd3Nyn5xJR7h6unBHg,Samuel Goff,https://play-lh.googleusercontent.com/a-/AOh14GiZfeYZFqzeUgl8xtLF-vQ6QjZ4YWwizOczVkKbmg,Best Buy icon needs to be fixed.,3,1,1.8.5,2020-10-30 05:49:35,,
gp:AOqpTOFOTi_ESmOK00Py5mtYwxYHupKtQ7odkymi9bLrv8RgyZYGyaoSllEe46g4ApyiF7CRqC2xwgTUpqw_XA,Catherine Echevarria,https://play-lh.googleusercontent.com/a-/AOh14Gjwwod4pWHISiXhoea2y7OUxESU9ACNCplBXn5Dbg,Adorable! This app turned about 75% of my icons into cute puffy sticker looking logos. I've not had any ads pop up and everything seems to work perfectly since the install! I do agree with another user that I really hope the creator continues to update the package :),5,2,1.8.5,2020-10-30 03:18:11,,
gp:AOqpTOE9aJ-tunUm14rrja1Ykfy75G0k2MmKSFnisUAvSHID4HD6B3kk2_Q3qhWky_QZFdnYXy1p_zzhhIFmWA,Gabriel Mancuso,https://play-lh.googleusercontent.com/a-/AOh14Gi8sri1q1Qqb-M2tK4qwpTqS08gAyofVVwXBmVSWJ4,Great icons and Dev is on top of his game. A module for other devs to follow.,5,1,1.8.5,2020-10-28 19:09:06,,
gp:AOqpTOH43rnxWM_rycfkzH1hP--tviEnTkofUTgoS636v7amDDsidyg_JZAcf7-kuJaIS4OSvxOfzU9Ax9lINg,Andy Montgomery,https://play-lh.googleusercontent.com/-0Tdxlpvvmyg/AAAAAAAAAAI/AAAAAAAAAAA/AMZuucmK5xJ5jxv28HQFWKWdmF0L1p1MYQ/photo.jpg,Honestly the best icon pack I've ever used!,5,0,1.8.5,2020-10-27 13:47:33,,
gp:AOqpTOFz1GahGLA1igA6X9qWq79bVoT_mn2jxmM8LuI-2JYkLJ4CnmT7xi9lY5-VIPGHSir_C3DKm8a34DSLAw,Blondie_ Phoenixx,https://play-lh.googleusercontent.com/a-/AOh14Ghec9Vlmt87D9ru3ueThWDgmvMXzrCmOWb8KbjGKdE,"Your icons are the most beautiful I've seen so far. Unfortunately, they don't work on my SquareHome launcher 😢",2,0,,2020-10-26 23:29:33,"Bonjour, je peux comprendre votre frustration, toutefois si vous lisez la fiche Playstore de Poppin, j'ai listé les Launcher compatibles. Vous mettez une mauvaise à Poppin qui n'est pas très justifiée. Personnellement, j'utilise Nova et c'est vraiment très bien. Merci pour votre soutien.",2020-10-27 02:09:16
gp:AOqpTOFiMepkQFjb9mA8j5H3JGvFquqAaQU3IVp4d6cvBsVeSIEdTSuEc1uVN86gU6X4s9QyULekP5yqSszqbw,Tony R,https://play-lh.googleusercontent.com/a-/AOh14GithiL6Othn3w_FXUO3hDZltWxvcs4tDcKDJxNsjEw,"Love it, first one I ever paid for, but doesn't work on Oxygen OS very well (One Plus).",4,0,,2020-10-20 18:29:33,"Bonjour Tony, merci beaucoup pour votre soutien. Moi aussi je suis obligé d'utiliser un Launcher avec mon Google Pixel. Vous pouvez essayer avec Nova Launcher par exemple.",2020-10-20 23:03:06
gp:AOqpTOGzObYChVSaDBAIUFDTMV2-5vyXmg1UcXrC1WRFTIEjgfcLr4AQHFeG4sehKogwHICbTqPQHx22mbkNPQ,Solomon Roller,https://play-lh.googleusercontent.com/a-/AOh14GhI0koxb6-deraixk2-UDix4nxIA_smSj74R7xhxek,Great job 👍 I think they are the best in the market 😉,5,0,1.8.4,2020-10-19 21:43:25,"Merci beaucoup Solomon, je suis heureux de lire que Poppin vous plaise autant. C;est très motivant pour moi.",2020-10-20 00:47:30
gp:AOqpTOHRJreWaYyWNpuF6FpyzFSu5uJaz3PHzk92fT0tErL_i565qk51LMpBXoXZzLub8tEfYgNMteEUE-ZrcA,Zayne Burroughs,https://play-lh.googleusercontent.com/a-/AOh14GggrTWhBrMfTc7-fj3X0-9NHf4ZgFBlWRFLMZg6fg4,Favorite new icon pack by far.,5,0,1.8.5,2020-10-19 19:00:16,"Merci beaucoup pour votre compliment Zayne, je suis du même avis que vous 😉",2020-10-20 00:50:14
gp:AOqpTOGpoed9AOFavjl4XtSfbFD46PB31zq0hq2RjiIZtd3Mw5EOdWjpkw2ueTOOacoP0dTYD4arDaVEZqcReA,WiNoJoE,https://play-lh.googleusercontent.com/a-/AOh14GgV2NrDFP-NI7jZ9wD9q6w-c16OaAPQaDt07wv3EQ,"WiNoJoE sez: I love these Poppin icons, they are my all time favorites! I no longer use any other icon set. Beautiful work dev, keep it up!",5,0,1.8.5,2020-10-19 16:57:59,Merci beaucoup WiNoJoE. Votre commentaire me donne beaucoup joie.,2020-10-20 00:48:49
gp:AOqpTOH1MvJ1ieki_ivTgWL8S7gUGuScIf4LUfguUKU0SyJ3BfYQ63YhxuQkt-bhOd0RBqKUh7n9VTWuzdckTg,Linda Blaser,https://play-lh.googleusercontent.com/-tbF_MHPMY2w/AAAAAAAAAAI/AAAAAAAAAAA/AMZuuckxkT8j9OpIvsywuqOHWqJmwf4LBA/photo.jpg,"Love these eye popping icons! Very well done, keep up the good work!",5,0,1.8.5,2020-10-19 05:46:39,,
gp:AOqpTOGRWgFbFB1JsE1l-6fad8YfhSHqJKP5AUXWdu6tH8_29Ty19NA8Ttim0rHHPT5maWb9AE9gTOe1Q_aOQA,Ben Pulatov,https://play-lh.googleusercontent.com/a-/AOh14Gi6T8f9oZtBum_QB77ZK11_NbSxBo111ZiKChdcdw,It's been surprisingly hard finding a good icon pack whose icons are both unique and good-looking. I hope more people can find this going forward,5,2,1.8.4,2020-10-12 23:24:51,,
gp:AOqpTOFm3wlCYvA75HFRj1rHshBB79iawL58iBgV1csqC_VKsS5xFcUjZ31uW4ushiDEUJcAEjSLuBJcgxYLkw,Sean M,https://play-lh.googleusercontent.com/a-/AOh14GgNjo8-Mt453pGAJ_cQ0xZ1P1tvSCCLyiERMa3w,Fantastic icon pack. Unique in that it is not just a play on the same round/square icons. I hope the creator keeps actively adding more icons instead of letting it die like so many other icon packs.,5,4,1.8.4,2020-10-10 06:37:00,Merci beaucoup Sean pour vos compliments qui me font plaisir. Je fais des mises à jour régulièrement. Petit à petit vous verrez vos icônes. Il faudra peut-être insister un peu car j'ai beaucoup de demandes qui s'accumulent chaque jour.,2020-10-12 01:23:35
gp:AOqpTOEKg78PipEGP-xoQeITxCwPL5kMpiTqpTkObDOMj5uozAUqGE4mm4dsZnAERgGXW4XA_Q4cSA-IQx9Ghw,Peter Garlinski,https://play-lh.googleusercontent.com/a-/AOh14GjT9Z8ZR6YJ-4NxfsIwXVXRWEozzWRxYIUA1m-NTrM,Probably one of the best icons packs out there! Stunning quality. I can't wait to see more! Highly recommended!,5,0,1.8.4,2020-10-09 20:35:54,"Merci beaucoup Peter pour votre compliment, je suis très content que Poppin vous plaise.",2020-10-12 01:21:33
gp:AOqpTOGgMU4qpSJXIC9QqmXQrGFUNWWB46iIwkb0umYoeXVJOd8GNKFsNQTdM1HcjkkvcYXqrgfk6-UzCNheFA,Anthony Behr,https://play-lh.googleusercontent.com/a-/AOh14GiIRYHSw6n2-3txIQdmqnS3Jyuh0tkwpxT2KNhUJA,Grrreat a must have app :),5,0,1.8.4,2020-10-09 17:55:24,Merci beaucoup Anthony ;=),2020-10-12 01:24:28
gp:AOqpTOEssBPM8WWHL9pmiCD6E5YdKs6_ophpEV9nIetO0OxciEL2m3WloFc92bkNyt3salrLxi63a-UCOM1F_g,Matt Davis,https://play-lh.googleusercontent.com/a-/AOh14GiZDiotKzDW-VLKz70ZExj45kUcsHWrWmRAh9LFyzE,Great looking icons and works perfectly with Nova Launcher. Very unique and excellent colors.,5,0,1.8.3,2020-10-02 13:31:23,Merci beaucoup Matt Davis pour vos compliments. J'utilise également Nova et c'est vraiment très bien.,2020-10-05 05:54:59
gp:AOqpTOGwWWYV7BHVauOyjqM_KKtg8bagUdvZ11sbIxM7bhcA9Ebw89YqHr_4fzNv6mwSK0x9I4tcH36SclU8RA,Mo Web,https://play-lh.googleusercontent.com/-JN97A5JHoxE/AAAAAAAAAAI/AAAAAAAAAAA/AMZuucl0Des-zBfrDynQkf1VCbxsJLB0ag/photo.jpg,"These icons are absolutely beautiful and fantastic. They really stand out from the endless round, rounded corners, square, etc, icons in the Play Store. The developer has a unique style and is very talented. I just wish all of my apps were iconized. Keep up the great work. This is worth every penny!",5,3,1.8.3,2020-09-30 16:09:58,Merci beaucoup Mo Web pour votre excellent commentaire qui me fait vraiment plaisir. Vos icônes manquantes arriveront petit à petit car il y a de plus en plus de demandes. Il faudra insister. Poppin grandit de plus en plus.,2020-09-30 23:08:49
gp:AOqpTOGRNywlkXhGZz7KtVC6-5PzYs9uP0_umHTn1wQiUKbOpRfxLBzyeDOUkrB4rCRFPcKmvp-rczmyDhsg3w,Henri Kozlik,https://play-lh.googleusercontent.com/a-/AOh14Ggb53YYDmNOn9Aml-ztGII7xtoGPeg_E7VT7EDH6Fw,Great icon designs. Lots of extras and super creative. Worth every cent. Keep up the great work. Bien Fait.,5,8,1.8.3,2020-09-29 15:59:03,"Merci beaucoup Henri Kozlik pour vos compliments, je suis très heureux que Poppin vous plaise.",2020-09-30 23:09:43
gp:AOqpTOFJH0qtyuvpTo_i45VWVN1Ai6psDtt-CSGbwilib-fkrGA5jZwAMFxq9De0A3p3E2qUtFjn7b7-cWPvmQ,Inder Pahwa,https://play-lh.googleusercontent.com/a-/AOh14GiwWg-Vn-K5x8GOMgjDgFFREl2xYJPswBsQ0WSMCA,This is one icon pack I keep coming back to. Highly detailed icon in 3D. Icons work good for both dark and light backgrounds.,5,0,1.8.3,2020-09-28 19:06:53,Merci beaucoup Inder Pahwa pour votre commentaire. Poppin fonctionne aussi très bien avec un arrière plan flou.,2020-09-30 23:13:13
gp:AOqpTOGxpxYP4lEFnFnoXtVwqJVEBn5z_61Bx_ZSDVnTEXOIjczLn_MfvNcw9A9D0SHiaFZ4Uvi_E5ds1_EH3g,laurynn dennis,https://play-lh.googleusercontent.com/a-/AOh14Ghlc-EdUE3enV_Mb2XaRhow88bNwO5riZV4R3IfKg,"absolutely adore this icon pack, but.... i cannot STAND the genius (lyric app) icon. i know that's nitpicky and i don't want to be rude, but it's hideous. and as someone who uses the app constantly i can't stand looking at it, lol. i'm sorry but that's just how i feel. i would love for an updated version to be added in the future.",5,0,,2020-09-24 12:38:49,"Merci Lauryn Dennis pour votre compliment. Je ne comprends pas précisément ce qui vous gène, à cause de la traduction automatique. Vous pouvez me contacter sur mon Twitter si vous le souhaitez, le lien est dans Poppin.",2020-09-24 23:53:06
gp:AOqpTOFq-yPP_8kqJMQcLUgR_vancBm8equl-1OpZ8K3T9sndb1ssXDX8lyx-MFNlcyyTb4IgZIGW3bslSqGzg,C Q,https://play-lh.googleusercontent.com/a-/AOh14GgtSWokKZOB-D68dky6jYBBHg_OhNNnQGG9BUKJOuU,Love your style!,5,0,1.8.3,2020-09-21 11:55:51,Merci beaucoup C Q.,2020-09-23 22:47:54
gp:AOqpTOHnF69gOrveIkfrdUiITmB-Ti1yRh-F9WdFF295m9mkWzI58MWoT1hsxFIp_aS2eqYLTFVoxqcmxzfqWQ,Biju Biswas,https://play-lh.googleusercontent.com/a-/AOh14GjCaxIsYYrRxIWJwKJrvbBepJaCEVdQlezCkuzh,Very nice,5,0,,2020-09-20 16:36:52,"Merci beaucoup Biju Biswas, votre commentaire est également très agréable à lire.",2020-09-23 22:46:00
gp:AOqpTOH9GAnZi2ilx-OGydW2wO-rC_CghYaVDhl-MDRWtyFSvyYiqj0SXNl_mnFosI-x7i9dxlDvbkPIiGbTWA,Cyn Thompson,https://play-lh.googleusercontent.com/a-/AOh14Gi54D9KFFdzkpTeJOmK46liRDozhP104ZFdPTSHXTE,This icon pack is too adorable! I love the original 3D style of this icon pack. Definitely Recommended!!,5,0,,2020-09-14 18:05:59,"Merci beaucoup Cyn Thompson pour vos compliments, je suis heureux que Poppin vous plaise aussi.",2020-09-23 22:55:04
gp:AOqpTOE-210yimusWqm2tZJ1XsNtAtYZSf-rxLF1fEgWj1SctrC3wnjKRuznzEcEXwFp-HlWMzkqF5FQb61f_A,Grain Of Salt,https://play-lh.googleusercontent.com/a-/AOh14Gha-iPWXAA5K5ENVeVljOyAegcniZJdgwM2QX-rig,Outstanding HD and Original Icons,5,0,1.8.2,2020-09-10 07:12:33,"Merci beaucoup Grain Of Salt, je suis très content que ça vous plaise.",2020-09-11 05:15:44
gp:AOqpTOF1qGmsdzVHTw9ZMZ0S5mO6W3SE4YUUnhUCCkuRZUVv_edEMB25icg-XVfIWMiKSM13whEmiRUXqqQjKg,Sridhar G,https://play-lh.googleusercontent.com/a-/AOh14Gjt0CA1Q2fvd-2G1DVgc74cJokn3unQlLrabW5Arg,Best icon pack in the play store. Really able to feel the 3D effect . Great and creative work from the developers. Nice to use and amazing customization option for individual icons . Can have a bit of shiny effect also if possible in options. Great if they keep updating in future.Value for every penny.,5,5,1.8.2,2020-09-10 02:17:15,Merci infiniment Sridhar pour vos compliments.,2020-09-11 05:14:35
gp:AOqpTOECH7qTE9LVg4Pcu8WLV2HNQ7jlI_I3mALjiaSydLOzt6r-cEW3mwia8DZ4mgoXq_d5BG61smaEJumz8Q,Ahmadi Kamarudin,https://play-lh.googleusercontent.com/a-/AOh14Gjo8T6Au5_TJovHbL3a_M8ctXVr1hU-eDng3uOIaA,Wow icon so far,5,0,1.8.1,2020-09-07 04:58:45,,
gp:AOqpTOFmu78ZdWQJioYH78390dbd-kyW6xGhDC8KVtDGEyxulZNewC3xeBUuDmleMTSp5_AuWEzR05yyu1QJOw,Cody O'Hara,https://play-lh.googleusercontent.com/a-/AOh14Gjk4XrjpoVO9mMhuHC6S3M3d4ylvIQSz1nbM3k3jw,"I like the creative art the icons have shows character of your phone, also makes it stand out as long as you have a decent accent background that goes with it. I think it's dope! A good buy for Icon pack I say.",5,3,1.8.1,2020-09-06 08:38:50,,
gp:AOqpTOGnbN8RHmc1HM5ncmygKIkEyIYDWf2F268iER-YyZcCux8QPDBErwBxmC5SfM4xB_QbGJ_ziX-iFexLmQ,Mark Wyler,https://play-lh.googleusercontent.com/-8ZDh2AHbIpA/AAAAAAAAAAI/AAAAAAAAAAA/AMZuuckLCP-1rXxy4s6LYT7yqa2wdQCV3Q/photo.jpg,"Having tried scores of icon packs I'm not easy to impress. Well I'm impressed with this one: an original, consistent, design theme executed to a very high level. A pleasure to use. Buy it.",5,7,1.8.1,2020-08-27 07:33:28,,
gp:AOqpTOHF74gA1uuieg5VamirTGuN8oFLAdarAUPzE0o3qbtcv_68TEURnPoBD1HRo5m1seGHUn0gI-NP38iLEg,dibasankar biswas,https://play-lh.googleusercontent.com/a-/AOh14GgLWqhOnS1K7vk-K_xCrrUEkeMH6Ko1jTEecu6y0Rc,Great pack. As an icon lover i am satisfied .,5,0,1.8.1,2020-08-27 02:50:46,,
gp:AOqpTOH_oQqpxlGg3VYqD_5gtcyVYjRcD7tRHIEwAMYGZHvRylDiXXp6SyPv2kN7LnlN3fgks1PgY8JsvNmsKw,MUKESH KHANNA,https://play-lh.googleusercontent.com/-u_U--kYXeNw/AAAAAAAAAAI/AAAAAAAAAAA/AMZuucnpaP5omRyhNUEroVo7IrfDN9p-Jg/photo.jpg,"Extraordinary Efforts of team. Keep it up. One of the ultimate app for icons. I am giving this comment... I mean it and it is after lot of research on icon app available on play store. Please continue the good work. Don't ever leave in between. Beautiful, Excellent, Higly impressed.",5,5,1.8.0,2020-08-20 08:19:55,Merci beaucoup Mukesh Khanna pour vos encouragements et vos compliments.,2020-08-21 06:30:04
gp:AOqpTOHKMa_CJPPBW479EBvj1jlAXmQyP-nMMP7Nzn5b_RnBAao1U-LHFoX-0Zt7XDwZktAIOwW_BcddlJFDhw,Alan Bennett,https://play-lh.googleusercontent.com/a-/AOh14GhyKAe3Bm2qId-r6vW-gRdzGeQk95KMviMCACLl,These icons look great. Please create more for financial apps,5,0,1.8.0,2020-08-16 08:43:23,Merci beaucoup Alan pour votre compliment. J'ai encore beaucoup de travail en effet. Je fais des mises à jour régulièrement et il y a de plus en plus de demandes.,2020-08-21 06:31:26
gp:AOqpTOGKFCFEzDCVsVxxP4JtIvXCko7Xnhu20VrSdewLENJYnlkwYRXcwiLb7pF0oVXvXRCESfyqEN_IEZVR3w,Kerri Hynds,https://play-lh.googleusercontent.com/a-/AOh14GhXcPlbB0FcY2fOFcrmLB5S4Sqwejwa2jSKf4s31Cc,Love this pack,5,0,1.8.0,2020-08-15 19:55:18,Merci beaucoup Kerri pour votre compliment.,2020-08-21 06:31:50
gp:AOqpTOEvoWE9-D0eTlZ-m-5Az_UZeN5d6tj3BK9hs_lJBmfkqz7HJ3eaH6xOmsSa6uNoaSv7b9eRXY9ozZOOdA,Jagjeet Singh,https://play-lh.googleusercontent.com/a-/AOh14GgEdvdt3RYuq4Lj5q559aYe543URPwPYTCOEyh2,Fantastic Icon Pack. Very unique and very pleasant visually.,5,0,1.8.0,2020-08-13 08:01:23,Merci beaucoup Jagjeet Singh pour vos compliments qui m'encouragent beaucoup.,2020-08-21 06:32:40
gp:AOqpTOHvsAr6yOFpjO8myHUBRX_7yD3N_ZZbqgPPUHdO3bUrN2lJNL0bPkg0sfG22HeDqCgo9JhcemnLU7i6-g,jay kumar,https://play-lh.googleusercontent.com/a-/AOh14GgOhwJozAE1kYm19Vw_AXj5mMWxmSGjFtXiY5nmdwE,I love 3d icon,5,0,1.8.0,2020-08-11 22:56:13,Merci beaucoup Jay Kumar.,2020-08-21 06:33:54
gp:AOqpTOFCzCbQJz3HA3fbU3JOFyDnoD1sipsxyLZgl4BUvVDV6TiX0kkIuJfAF7ccoCD7_NOrdpldyvruwakEsg,Bryan Guzik,https://play-lh.googleusercontent.com/a-/AOh14Gho4_KeSMqktZoVcjhwrJfF3enCFamwUrRKVbK84w,"Super sharp looking as advertised. What more to say; if you like the look of it, then that'll be what it looks like!",5,5,1.7.9,2020-07-31 22:21:18,Merci beaucoup Bryan Guzik. Votre commentaire me fait vraiment très plaisir.,2020-08-01 10:29:42
gp:AOqpTOHq24R3W4Dsb9KEwr74j7eaAqQ9xF9w5H_j8Id2UOLZdTeGcdbGNc2NWMenYeAQcKGmPhF2-Y6xBP8diw,Rishi Mehrotra,https://play-lh.googleusercontent.com/a-/AOh14GiMdJ1No_RIYsdkGUdp0lrMPEKq_-9Pffpg0ZVHjfw,Beautiful and unique design. Alot of time and care has been taken to make this icon pack.,5,2,1.7.9,2020-07-26 00:54:51,Merci beaucoup Rishi pour vos compliments qui m'encouragent.,2020-07-26 23:03:09
gp:AOqpTOFHJ6XOUy5n9ZlKhTPo5R7aWrD1xsJgvPuOIvWubwjRno22Ip6J6lP3pRm6_6zK3IzOFKEnr5OF_YYMpA,Glen Matthews,https://play-lh.googleusercontent.com/a-/AOh14GgQbSBhViX56xzDjobp77AwbUC5ptSn7e6PzkYY,Nice...,5,0,1.7.8,2020-07-23 09:09:01,Merci Glen pour ce compliment et votre soutien.,2020-07-26 23:05:28
gp:AOqpTOFEaDrg4H12_PtK1yhwm29KlYBX9dul6sgAwpzOMKvxvNAobfnCo7t3ixWk-0bM6zmsTBHiotFBKod50w,Mikey Kuplevatsky,https://play-lh.googleusercontent.com/a-/AOh14GgWcIgziM14hZNBFNiOYBqiCzDuzojYY4fZiUf3R30,Simply amazing! 😊,5,0,1.7.8,2020-07-13 19:25:50,Merci beaucoup Mikey pour votre compliment.,2020-07-14 23:02:07
gp:AOqpTOEOtiNknZlHL8JTd84YKcPh2odgQ7gt6tsG3IcMQ2bD6tWKMhJ2D0VE-DehNA-seNtaaQ0rmkSZYggcRw,Clo Velli,https://play-lh.googleusercontent.com/a-/AOh14GgPvuE69gsnuRmPm2ArGsadr50dxpXqDTdZgxZ1Pw,Awesome,5,1,,2020-07-08 10:54:28,,
gp:AOqpTOGu4RPl8iEVXLaUjS_e9NQnozjRTMHJtA3qlZnGeqMYRUxUQPjn2nkEAeSm8w0R3cCEoLKSLGNhKs6ERA,Chantel,https://play-lh.googleusercontent.com/a-/AOh14Gg42zPRUpgtYciACXtp1p-UHvIgoJ5-T5zU2Xjo5g,Gorgeous and vibrant icon pack!,5,2,1.7.3,2020-05-14 12:52:36,Merci beaucoup Chantel pour votre commentaire 👍,2020-05-24 23:17:51
gp:AOqpTOHp-BzRLzDAOdwziP0VLyrwtRYdMUvfRNfwGdHbDdteYgK1yOoH-yJawmbiAQVbCOTB3VMZRHz2rtGI8Q,Shawn Malley,https://play-lh.googleusercontent.com/-a5tN1QqkREc/AAAAAAAAAAI/AAAAAAAAAAA/AMZuucmj-vJA0tlfxsFCOa689rbxAYrL0g/photo.jpg,Updates are slow.. and the updates I did get was from a tonne of apps I never heard of,5,1,1.7.3,2020-05-11 06:49:29,"Bonjour Shawn, merci beaucoup pour votre commentaire. Je peux comprendre votre attente. Poppin est distribué dans plus de 140 pays. J''essaie de répondre aux demandes de chacun. Un pack d'icônes ne peut pas contenir toutes les icônes de tous. Soyez encore un peu patient, Poppin est loin d'être terminé. Merci pour votre compréhension.",2020-05-11 08:33:56
gp:AOqpTOE-4M6H6dphC4iW8BeyvuzOtRUvO9EF7xTTqVY7ciaWXvSizdPsKUjb_HIsollgXn1dxF6gQOw2En1eSw,lolroflbbq :D,https://play-lh.googleusercontent.com/a-/AOh14GjgjQ1wZHJ5CiPBlNNxeoEdoKSNJe8jdZFU7iJi2w,Love it.,5,0,1.7.2,2020-05-09 23:54:57,,
gp:AOqpTOGFQIz_0lN5A913I1lhnLVv25WV-JFQQ6l1ZJa5MZKXsMQjQSnqYFTJk57JT-Lq4LWr_yy_0_tfVcHTCg,Johun,https://play-lh.googleusercontent.com/a-/AOh14Ghkxowr3-qDgzHsZLSoUluomELCSGVdBmCInWS1NA,"I'm one of those people who is really spoilt when it comes to getting outstanding icon packs... Moreover, this one really amazes me and far exceeded my expectations.... Really glad i found this one. Very highly recommended!",5,5,1.7.2,2020-05-08 15:24:39,,
gp:AOqpTOEFU22jVQrZZGMYW_yyJ8MSMxBU38B2PHLndzmOsktjddiRdHSBwd3J6eDXc2gzoFm8G2t2MzOPTWuBpg,Allan Weiman,https://play-lh.googleusercontent.com/a-/AOh14GhY_3c7LIJ_js7PifqdwFobdvHw47kg2uSpkB95cA,Very nice 👍🌱 thank you,5,0,1.7.1,2020-05-01 22:00:35,Merci beaucoup Allan 😁,2020-05-02 03:06:22
gp:AOqpTOGELsRy3C0NddEnQn7tVFFJ-AAo48t78BDaBvoZsnjwapUFJr_m3w-cQihHI46DpHNYYyLAPFOsjYzhlw,Kolat Rijal,https://play-lh.googleusercontent.com/a-/AOh14GhRGlZHsNDnkLsX1ObxEeg66nezSScH7lnymDJMlA,Really nice icon.,5,0,1.7.1,2020-04-26 01:31:29,,
gp:AOqpTOE8TRXRju9MzkayDfhRi8oBLN4-KXQSsh18A3gMqxP37jfeilkx7jr2iGEgKMRb37BVRUMw3Ozh9Cb8RA,DV MIKE daneault,https://play-lh.googleusercontent.com/a-/AOh14GiWpmaRco_pH21qTFFgFPWcx0-Vr-scrkt9BLZnXw,Very vibrant and pop out at you icons! Good job,5,1,1.7.1,2020-04-25 15:58:37,,
gp:AOqpTOFuOl8RM8CoQYokw3sPsit1N0QsNYEAHWR8NEW_iYEKWsJstnwn0mTW6DmBqdnTc8uMw21Niz3HL5YD5Q,C S,https://play-lh.googleusercontent.com/a-/AOh14GidAp3OG8pBGYuJpOzxTGEjvDuFePjgb-1JKbm_kQ,Très lisible et joli. Merci.,5,0,1.7.1,2020-04-25 15:18:43,,
gp:AOqpTOEp6OJ1iCtlUA1FbzfVFjgGAJkbWPQg_UZmtljmuFycFvTUn3UR-gqc7csfMQIcDWvT3NMZqWjph5Q3tw,Miguel Sequeira,https://play-lh.googleusercontent.com/a-/AOh14GjKdTG9MCoP5B2uoPmZ4kf6gPQD9xn9wjZ7RQjXkA,"To me, one of the most visually atractive icon sets available.",5,4,1.6.8,2020-04-05 17:20:10,"Merci beaucoup Miguel pour votre compliment, je suis très heureux que Poppin vous plaise.",2020-04-14 23:52:46
gp:AOqpTOH0g_eTmh2k70vponzqMwFgI9FhuawzWbSeNu1n0I4q4KLt7UMZBFfWlbnssE9VSjHR05d5WlnYrLkAdA,Xudong Guo,https://play-lh.googleusercontent.com/a-/AOh14GiLlxXGjfXHEghyOSM-yF_E-t2ZV4R4FwMdQd7Sew,a nice icon ， recommended by lingfugui👍,5,0,1.6.7,2020-03-27 06:22:37,,
gp:AOqpTOG7uN0lSX5MnuiUXi2sEzX4Np3Vvq7wZDmCJk4Nipq8GMz8G7D0xQJuIPhO7apHuRbMKksifZfeD2S96Q,Lynn Haverland,https://play-lh.googleusercontent.com/a-/AOh14GiSZn3-MpqYo9d_6GeG39k5ZFLaxvkj-uEOV9jaDw,My favorite icon pack by far. Great and unique concept for your icons. I don't normally think of icons as fun but this pack hits all the stars. Thanks and hope you can keep doing regular updates.❤️,5,2,1.6.6,2020-03-06 06:52:05,"Merci beaucoup Lynn pour vos compliments qui me réchauffent le cœur. Je continue de faire des mises à jour, j'ai encore beaucoup à faire.",2020-03-18 01:17:06
gp:AOqpTOELPbViQigCMqv2cDgieZL1Ce1ioGa4jgmOiP_o_C-j13UquHF61Ey1OrT3qtYw2Lys0ejd89Z9kHlfHA,Niazy Sallam,https://play-lh.googleusercontent.com/a-/AOh14GhqxWHAHXedimdjtqgd8_tRmK7UUTrEkz44xn0Slw,Excellent icon pack 👍,5,0,1.6.6,2020-03-05 00:57:46,Merci beaucoup pour votre commentaire Niazy.,2020-03-18 01:17:55
gp:AOqpTOH3LG3mHRqPv1iAk1_9_0S3p2koq1PPT2IggToKh8GRBZW5Boq6O-2IzSJHrXqg2yKU-x35aWsBp988-Q,Travis Danner,https://play-lh.googleusercontent.com/a-/AOh14GgtP6ujARgMv1Yi4O-yCzSLIL-5X0I-mh1QFGXr2rY,Love this best ones out there keep up the excellent work and I will enjoy using them thanks again and keep them coming,5,0,1.6.6,2020-03-04 08:27:14,,
gp:AOqpTOHC7JLxuUBk3vKPvQ2SPDZLlMBYH4zto8ePbzQHBnORAOPZ4LbZVEIIrAHX-ZtjEzLpNPqX-Kd1r9So-w,LJ C,https://play-lh.googleusercontent.com/a-/AOh14Ghz0OlVwmKyXWbUEYFbdg3xfuaTfimNe5Kgn6ukH34,"Beautiful icon pack, updated regularly it's one of my favourite packs on the Play Store.",5,0,1.6.6,2020-03-04 05:51:01,,
gp:AOqpTOEOKpQAAf9YxRiKYOgbWsJJRforIiOUOHnuCCt8HjllB3vLgFTjsEpo-jWIWxXUMljx0GaWEt7PME4IJA,Doug Faddis,https://play-lh.googleusercontent.com/a-/AOh14GgX7M3FC_xyeUcGGimUkaZaMni6nKW8lE0B8qpOmuo,"Edit: more icons. Definitely worth 4 stars now. Add some good icon masking for 5 stars! Nice icons, but without icon masking it's pretty much useless.",4,1,1.6.5,2020-03-03 20:49:39,,
gp:AOqpTOHy5VlS1yv62oG4MI4Fr3cUmik7zzC1-PeyBublppIB98pUo_0h-x0ZrcVj04c2HbepypAsQ4C8lXRn8A,Machine Messiah,https://play-lh.googleusercontent.com/a-/AOh14Gg2vHyQvyL474cTwrZYEM7ZBk86P4Vtrb3JjxOeAA,"I can't recall how long as been since I bought this pack, but as of today, it's one of the most complete and aesthetical icon packs I've ever used; when I bought it, there were several apps that were not covered by the pack, but the dev has been adding icons little by little to the point that now I'm only missing 5 icons for my most used apps: BBVA México, BBVA Wallet, Mercado Libre, Mercado Pago and Swipe (for Facebook). I'm mostly grateful for the fact that the pack receives constant updates once in a while, instead of being forgotten as frequently happens. Thank you very much, keep up the great job!",5,6,1.6.4,2020-02-16 20:35:04,Merci infiniment pour votre commentaire et pour vos compliments. Vous m’encouragez beaucoup. Je continue les mises à jour même si je suis un peu lent parfois.,2020-02-25 01:18:23
gp:AOqpTOGfAxBOG_iTD-ZgTKjwIWmMartWxbopuK-KWuUynrYuhRMdi9fFEj_rMJaHISkKkeLi74jcWTuBVsTjPw,Cortney Maylen,https://play-lh.googleusercontent.com/a-/AOh14Ghu8gl7jsZjrqU8PDErIdeFOWnaVqA1RXu2DXu5,Super cute icons. They stand out so much. Wonderful job! ♥️♥️♥️,5,0,1.6.3,2020-02-02 12:13:11,Merci beaucoup Kat pour votre compliment qui me fait grand plaisir.,2020-02-02 22:49:16
gp:AOqpTOEtvnaogDQMowjGtCNk1xwN98ts4kY_Thy6NOW5kaRQxPz6f7yx8d5HoAW9MSSiKhFmPBwZNgS-Hz8aOw,Joey Keilholz,https://play-lh.googleusercontent.com/a-/AOh14Gjfu5dmn2VK5idxfCxhC-hDR6mYhN6QE9UHI6iBOO4,It's poppin 🅱️,5,0,1.6.2,2020-01-30 02:09:33,"Merci beaucoup Joey, j'apprécie beaucoup.",2020-01-30 05:13:25
gp:AOqpTOGATSTFKCKuISthmO9sLuceQ2N9gkaWK_CK_AOcsWQ9zJDjG8ccrKF9dGJ_zjvV2M_1-_ebMqwsOBN0oA,Neal C.,https://play-lh.googleusercontent.com/a-/AOh14GhWvOdZOYtPYItTDmGSZdQ8iMOtK0ph1wbf7XX8vC0,Still waiting for my requests to be filled. Just requested icons a second time. Been waiting 6 months. Update 1/24/20....still waiting.,2,5,1.6.2,2020-01-24 04:31:56,"hello Neal, I’ve noticed that you’ve lowered the rating for my icon pack.  It is not justified.  I have already added some of your personal icons.  I try to respond to all requests and it takes a lot of time and work.  Poppin is not finished.  I’m going to add a lot more icons and you’ll see yours appear little by little. You have to be patient.",2020-02-28 02:51:21
gp:AOqpTOGA0u50g-S9i-VQL6EwOrLXWSbnaobJCH_PZhxzLEVc4rOCULiq2gmsfXWFr8wY3KH0xL2OGI4gZFFRjA,Sarah Eamer,https://play-lh.googleusercontent.com/a-/AOh14GiZeelKEAW3Oqn_uJwbn2ShK988PvMj9EwSlqkx,"Giving it a 5 stars because the icons are so nice. Will get better as more are added, but one of the nicest icon sets I've seen",5,0,1.6.0,2020-01-07 22:23:31,Merci beaucoup Sarah pour cette note de 5 étoiles. Vos compliments me font très plaisir et m'encouragent à continuer.,2020-01-10 04:28:26
gp:AOqpTOFTs0xa2z1k8bzr2qVsBdWQAM_6G0-MX8BCjjiou_dhlsL_iTwKAsmouLy3DqTOxUCT7pLEnCY905Oxkw,MuhammadNorAzam Azam,https://play-lh.googleusercontent.com/a-/AOh14GhRif0JaO3DN_J1NVerubf3kNfP_JgY0gd2NvawBg,Absolutely terrific icon,5,0,1.5.9,2019-12-26 23:27:40,Merci beaucoup MuhammadNorAzam Azam pour votre compliment .,2019-12-29 05:21:47
gp:AOqpTOGHMXpHEXYRL3esgkoqxHLz1h7Uorz8FLxOVs_LVkwxsyaGar2ke39jwUk-4XRbw_JzqbJhKwmWgmRLqg,Vince Hannon,https://play-lh.googleusercontent.com/a-/AOh14GinCPKM7WpV3Uue3rmt9c1ytURpNiCylGEB2eJJbtQ,"This pack is a real treat. Great work! As others have mentioned, more app coverage would make this pack ideal. I'm sure hand-drawing each icon isn't easy, but the results are first-rate.",5,0,1.5.8,2019-12-21 21:21:36,"Merci beaucoup Vince pour votre compliment , en effet Poppin demande beaucoup d'investissement et je reçois beaucoup de demandes...Poppin augmente en nombre d' icônes progressivement. N'hésitez pas à renouveler vos demandes.",2019-12-29 05:27:59
gp:AOqpTOHkzoOBJO6cG_ChvcAcJJH6Xw_GTzFeI5IdQ53KXYAGIUKf2H0lCEEuHxh_4yPQRCOV8CHN5ckmUKRhnw,Ben Sentry,https://play-lh.googleusercontent.com/a-/AOh14GgAN6Xs7Tr5twpinkVK-r0voVOrf7DFCVQCKzOlhg,Amazing icon pack. They really jump out the screen and can be used to add depth to a variety of setups. Updates are regular and quality is very high. Lots of great attention to detail and a congruent overrall feel. A must purchase for those that like to customise. I am using them in a variety of themes and they look fantastic. Icon request system is great and the developer is active and quick at responding. Highly recommended.,5,6,1.5.8,2019-12-14 09:57:15,"Merci Ben pour votre commentaire, vos compliments me font grand plaisir 😬, et me donnent de l'encouragement. Je vous souhaite une bonne journée.",2019-05-19 21:19:02
gp:AOqpTOHXBcDhifubhsPIXExk56xF9ILB5iHtjp2m2MDs_LNtUHZzJe67Jy3e-vMCvm6hhklzMYEgoit2k13Dfw,Tuck Riles,https://play-lh.googleusercontent.com/a-/AOh14GiKAczJcgph8ZC6lrf3ymeBwUGcQW6vLzUPO0gw-Ec,"I've refunded my purchase but only due to the apps missed by theming. Great design idea and apparently a lot of effort has been placed into this pack. Update No problem, as I stated you can tell this app took a lot of time and effort to design. Just due to the fact that I'm missing many apps isn't a reason to provide a low rating. As you said you have many requests so I'll just keep on checking back to see if my apps are themed.",5,1,1.5.7,2019-12-07 05:50:08,Merci Tuck Er pour vos compliments. J'ajoute régulièrement de nouvelles icônes et j ai beaucoup de demandes. Peut-être que plus tard vous reviendrez vers Poppin.,2019-12-07 02:22:52
gp:AOqpTOGlC1vtLFc4TPccwrvByaDl7LNOOZ2xJtUOE9sYILyvcLthrdg1b2qjNTawsLJ0AGd0P6uW63qHjJlO7Q,D.Inbaraju,https://play-lh.googleusercontent.com/a-/AOh14GioTJkR_MTdVUjuWemUhqNDr7sLtUT-6D0bd5yCbg,Beautiful and crispy icons.But many icons are missed.Pls update.,5,0,1.5.5,2019-11-22 22:49:06,Merci beaucoup pour votre commentaire. Je fais régulièrement des mises à jour et je suis loin d'avoir terminé.,2019-11-25 02:26:13
gp:AOqpTOFCtGcI_UM488rmWCBzsxNa4ZhE9mxGjSWpIoNwxzLg22d18UFq2t8XBKUAFpndZsRuv3u7G3V8zDouMA,Keith Fitzroy,https://play-lh.googleusercontent.com/a-/AOh14GgltAjx1jMFzhUEcwUntxa-yum5G9F5ZQwvYMQfeg,"Great looking icons crisp and sharp worth the money 5*, nice to see regular updates",5,0,1.5.4,2019-11-04 08:21:42,,
gp:AOqpTOHkq2RBonRDVC2B8lrp7o3T8kZQNm7P4r4CQtZPOs7aKEq729rgUDYAAZOoiIluXyHfMuQv1pcDu67e_Q,Z YH,https://play-lh.googleusercontent.com/a-/AOh14Gi4tmtJQ7a-bmIXWgAWjsu8sv_MrNsVGZ6AsIiM,That's exactly what I want,5,0,1.5.3,2019-10-26 16:51:58,,
gp:AOqpTOElaVhGpt2Cf7U1QCDBSA_lzNQ4fRlPmiome6knCzWWSKmDsY8pNnuQqMJQi5KaoiVCKffj_wRgX6XRqQ,sean nash,https://play-lh.googleusercontent.com/a-/AOh14GhTHAuzPsDspTiDX_d7-xF5rdNmR2VWmc5EWBtLYg4,Best icon pack ever besides buuf,5,0,1.5.1,2019-10-22 12:57:45,"Merci beaucoup Sean Nash , je suis d'accord avec vous  😁",2019-11-03 04:36:16
gp:AOqpTOF002rFLp5wK-ZkXlK_Xg0EIl0h8IYs7LE4z0Qa3TGjYL0MOv2fvxI1FJq89qvcx2CziDsqts6vyhZH0w,jingmo_ yao,https://play-lh.googleusercontent.com/-_X8PQ9eRTNo/AAAAAAAAAAI/AAAAAAAAAAA/AMZuucklovak25V77Te2wvfg-8OaI0nuMg/photo.jpg,the best icon pack,5,0,1.5.1,2019-10-21 07:09:47,Merci beaucoup pour votre commentaire Jingmo_yao,2019-11-03 04:32:01
gp:AOqpTOFehMeGq9h5Qio0k5E_kvE6bif-zISOvkIjXXydNBPHM752QQygMqAijI_DTua5kNILrI9KymDmTwSPNw,Daasarathi S B,https://play-lh.googleusercontent.com/a-/AOh14Gj2WsbMkeCpqBG-4_TPcW5enfg52b71N_1nfgxsmJk,Awesome work 👌,5,0,1.31,2019-09-23 02:46:23,Merci beaucoup Daasarathi S B pour votre compliment.,2019-09-23 05:08:57
gp:AOqpTOGa6d9cba5iHjqoyUq4DiKqdvc3UWAbh6EyxQ9gKZ_2BXhLimANRv3n4h7rgRJesfUq_jShQl0bpGYjrA,Frank W. Nagorka,https://play-lh.googleusercontent.com/a-/AOh14GgfnbKLJCqFi4kmkEQafnB9RZ8hXuLQ3JJaa_YSoA,Unique to say the least.,5,0,1.30,2019-09-12 16:13:16,Merci beaucoup Franck pour votre compliment.,2019-09-13 02:28:30
gp:AOqpTOGFOsIsDK_p_qzPquhyxR_E0pggDob7pfwnrk5OOWLX1oSRY2mLnDlzOmkvHH7Iq4R4PaJeAHUMF85J2A,Stanley Fields,https://play-lh.googleusercontent.com/a-/AOh14GjpBiUZOtkYj19rKPshJnJtwyZ9T4AWR39gxAZrvw,Best app,5,0,1.29,2019-09-06 23:23:34,Merci beaucoup Stanley pour vos encouragements.,2019-09-11 05:59:26
gp:AOqpTOFxq-GGjCPbXdGxZuI7SEotgnV1vEpjBIgf-Myr3hRwrd7VhyyC2rHla2lI-RfYceKGzdBnhnBU39zmKg,Dim Tod,https://play-lh.googleusercontent.com/a-/AOh14Ghmzk6oe2vnJ-rznwRZLiJQZ94JYfOA9hs8KsbtNg,nice,5,0,1.28,2019-08-20 04:03:54,Merci beaucoup Dim Toi pour votre commentaire.,2019-08-20 21:24:43
gp:AOqpTOH-rPmnj4FvVTPztOwdZv60qHvHuj9sPwpmkixhcokIpoGz_XJnQ-heQzbwApBHCTU0WtOIFHu3mF7Rxg,Regan Janetzke,https://play-lh.googleusercontent.com/a-/AOh14GgE2UMYDqtZYHkZBKvUXp9OoYUGzdGxx-aJLr_G-r8,"AWESOME icon pack🤩! They're definetly unique & stylish😎! Kind of reminds me of ""puffy stickers"" from back in day, that I absolutely LOVED! GOOD JOB👍🏼👏🏼 Thank You😁🤗",5,2,1.28,2019-08-16 23:40:59,Merci beaucoup Regan Janetzke pour votre commentaire. Vous avez parfaitement compris l'esprit de Poppin.,2019-08-20 21:27:08
gp:AOqpTOET-ht3-YD9hXYkxkpCrPwsOTPKFadPG-AERuAJL3OniePfYr2x_PCRNhokpeiFOeWztTosXo-M-mKWVg,Amy Quintana,https://play-lh.googleusercontent.com/a-/AOh14GgF1HTa3bBqWQGdsXRC7OnMM2MLI-t6yJ0jrhYiYw,Omg I am so in love with this icon pack. Adorable adorable. I have never seen one like this. ❤️😍💖😘,5,0,1.22,2019-07-10 20:00:11,,
gp:AOqpTOE4VXJ8ew2vu4kn0XnWDDc0NsuTBbRb7ySMXpZy4D9GFf9zE0pQvLqBSBD7T9OtIQXWyobtlgU5yUsJHw,Jason Legg,https://play-lh.googleusercontent.com/a-/AOh14GimJ_0nzsEmFhGTFpYvWBFf1gy6quxshni9vFtXPw,This set is a great shift away from the ubiquitous flat designs. They remind me of the puffy stickers kids use. Hoping the app coverage continues to grow. Well done.,5,4,1.22,2019-07-10 13:10:45,,
gp:AOqpTOE_bLfhAL3Obq0X-y7qNQ9xGoCJkNC7pd9p0Eorkx7GcDxmsjuAYl_jjGVkzEKLLugCDS6KtWKF0ZCqkA,Alan Lee,https://play-lh.googleusercontent.com/a-/AOh14GiJe698nnPLXtIMjQBJoN287rmk1_jJp6VTRdoqsQ,Excellent icon pack. The only thing I wish is for non themed icons to adopt that white bevel effect that surrounds themed icons if that is possible. If that can be done then that would make this icon set perfect. 😂,5,0,1.22,2019-07-08 02:48:07,"Bonjour Alan Lee, merci beaucoup pour votre commentaire. Je vais étudier votre proposition.",2019-07-08 22:17:21
gp:AOqpTOFMMkCWItkQCc4SVODc_xhvoLkaCv75C7ACAzeuGc4CkytzLlDvRDtogN-q-PBCFcmxW1_-La-fYIY0Tg,念想,https://play-lh.googleusercontent.com/a-/AOh14GiplJ6mSYwVyaTXtfVIemXFW6raP-zEaD0CEZcv,Great work,5,0,1.22,2019-07-05 06:39:50,Merci beaucoup pour votre compliment 😬,2019-06-20 10:46:19
gp:AOqpTOGoq8pVrC1A8rJBWAaHdnA9RyTuoAiNsf4RJ3amn9kILgTFCmMMACC2YnLgPQ5ERia1BaqaU6-iOx9o5w,S P,https://play-lh.googleusercontent.com/a-/AOh14Gg6KVF5BHo3N6HAw38sXQk0bvefn-2a4ZwTH1VC9w,Awesome icons but I want to request more icons ☹️. Weekly icons request is good but want more (one of the developer I know coccco28 gives options request 100 icons for 5$). Comment reply : yes I understand you get lot of requests and thank you for full filling those requests 😊. My point was premium requests which will help you to spend more time and get paid for your time 😇,5,2,1.21,2019-06-29 23:20:07,Merci SanKy pour votre compliment. Je limite à 10 car je reçois beaucoup beaucoup de demandes. J'augmenterai plus tard.,2019-06-29 23:12:04
gp:AOqpTOHzVQaPJAARGSi6G6g_KkCKwGob4H_J3Hy1IXIVaB4TZEsFnnW8HV_9h7iAFMi0BHkAbRyOhnDWQEPcoQ,Denise Trinkle,https://play-lh.googleusercontent.com/a-/AOh14Gh29EBuERtmEqfKaKGFRgFIZRRqFDjS90bGrgGkTiM,Love these icons. Absolutely the best lookin icons for along time.,5,0,1.20,2019-06-26 19:30:38,Merci beaucoup Denise pour votre compliment encourageant.,2019-06-26 21:17:56
gp:AOqpTOEzd9pCikyDf0jSx2fTZBexLyPJ0H72lDmk_iSRHOxULmTBxtMgWDWsKOs_GhFhegtvaQELehPfmR803Q,Jahmar Ticeson,https://play-lh.googleusercontent.com/a-/AOh14GiZm2zoWnKwdfkbP2vQ65G2OqZ6UhIgyahbaZpbxw,great theme! always updates! bravo!,5,0,1.20,2019-06-22 13:04:58,Merci beaucoup Jahmar.,2019-06-22 21:15:41
gp:AOqpTOGXQKt-6oJftaztj4Bd6jKSmdsM9p3FOhb52m6XmvVIf4LcSHVsAJbjjalTMjm2Xn4GszMIg3Xp7La5YA,Michael Pate,https://play-lh.googleusercontent.com/a-/AOh14GgahZBih8-yVyZ9lGb1O4rhAI1yI-c8g_ZCDLBYcAo,iii haven't bought a new icon pack in a while but this one is stunning.,5,0,1.20,2019-06-22 04:38:37,"Merci beaucoup Michael, votre compliment me fait vraiment plaisir.",2019-06-22 21:15:11
gp:AOqpTOGDKv1iwRBS4kN05lM_tguVvomEKVLGppqerAlP4M48LX7xlMq5iqyt05fs2YOrvdTaTNDCbubeOBo-iw,Jarvis Yang,https://play-lh.googleusercontent.com/a-/AOh14Giq3p49vyZ8hqRPKpTIvfEuC_bnztgWL4ff38LTeg,Great icons and customizable with Action Launcher!,5,0,1.19,2019-06-19 10:36:56,Merci beaucoup Jarvis Yang 👍,2019-06-19 08:29:22
gp:AOqpTOGmWEuWjk2h7DcxV0CUhBoF2epSprwJ-X_sSy9286CoeoNI7AgR5MJtwJxaj4gl_QxivWed1btfnpYyFQ,李超,https://play-lh.googleusercontent.com/-O4uRiakQlW8/AAAAAAAAAAI/AAAAAAAAAAA/AMZuucmkpAtumL8e9FK8Jtbz-O9AXZ3mHg/photo.jpg,why i can't download！！！,5,0,,2019-06-13 22:29:19,,
gp:AOqpTOFy2GhkliidLjogKrZbVe6LnhfFmJtvp8olIy852iWSfscNADoAZ05SELV_Od8CSaks4WHqaX4CXtSnCQ,Lex,https://play-lh.googleusercontent.com/a-/AOh14GielFPk3cT00tCfqMKIxpjAB213PEy2PLulVYs,"Good job. I like it! Especially the Walkman icon as Sony music. and i wish you can adapt sony AR, 3D creator, weather, vedio, movie creator,sketch and so on.",5,3,1.19,2019-06-13 13:10:58,"Bonjour Lex, s'il vous manque des icônes pour Sony, utilisez la requête d'icônes depuis Poppin et j'aurais les informations qu'il me manque. Merci beaucoup pour votre soutien.",2019-06-06 21:08:54
gp:AOqpTOEoTqcCRv_9ZTZ5wAwNMd5QpX6t-36hbRwk4seupymRlPrFvIltrCzQRON_BY-NGmd7u-_23dt8FsuvKg,くま,https://play-lh.googleusercontent.com/a-/AOh14GgWUkLerIprZ9-AsW_DQpEZmfsxEHFwonRBEMbp6w,Thank you.,5,0,1.19,2019-06-13 09:04:54,Merci à vous également.,2019-06-14 08:17:45
gp:AOqpTOHpL57A9sIZEugJzL_mJgRWrKrejW-0YrZCGx57VPnqFuNU9vTtO6X1RrH9hN2iRIEt0q5SWPmTIvw4Ow,Scott Mariana,https://play-lh.googleusercontent.com/a-/AOh14Gh0qsru0D7rGIxsgmiHB3RJI2GfzdB05QLeN_NGmQ,"Icons look great no! FANTASTIC! Just need more of them, keep building and updating these awesome icons.... maybe some wallpapers to go with them. I suggest this pack.",4,1,1.18,2019-06-10 19:32:41,Merci beaucoup Scott. Je vais faire d'autres icônes.,2019-06-11 11:43:11
gp:AOqpTOG033IrdXkT6mDC-696fKd-bXAmFwjZC4F1ZQq9QRSIB0hhKwJwGeVPXO64PZYyQSBm3YJMW89DHUogSQ,David Lewis,https://play-lh.googleusercontent.com/a-/AOh14GiZkQKlXv-ONnAu1Zato-3xhxmZSdcmRcYP1kwYSg,"Couldn't have found a better name for this app bc popping is definitely popping on my phone.these icons are amazing looking on my phone just love this popping icon pack and I will definitely recommend it to my friends, family and enemies...",5,4,1.18,2019-06-07 04:25:28,Merci beaucoup pour votre compliment David. C'est très encourageant.,2019-05-18 22:30:37
gp:AOqpTOFMLEdl1yW1md1E41oo-4xMcZqprl5a_tTo2d21kNrKbiKwt02x7RRLWr8hOevykHYBml7SjHOi6p97XA,Emilian Stefan,https://play-lh.googleusercontent.com/a-/AOh14Gjuu1IsAiImi3Qxcf9ZxtwX0S64nx-YUOycHdY8kYM,DoPe,5,0,1.17,2019-06-06 07:47:16,Merci Stefan .,2019-06-06 21:02:34
gp:AOqpTOF7odO0rY_ewv6ZdAu8FjBRe19cLpolM_ZL3XwcbLTCzvFtsxtw6MqnndKOP3cvmEoxk3rrMmYU-Psx-w,Cw B,https://play-lh.googleusercontent.com/a-/AOh14Gi6v7WqCSGw74I2bh3BSIIfPmxDlPZLgcUuCGl3,"Very good icon pack Worthwhile the purchase.! Really like fact that icons are ""different"" from most of standard icon packs. Also the dev, keeps adding more icons.",5,0,1.18,2019-06-06 02:39:08,"Merci beaucoup pour vos compliments. Je continue de développer ce pack, car vous êtes de plus en plus nombreux à l'aimer.",2019-06-06 05:56:33
gp:AOqpTOHiwDNlporbH9NMQvvH7lczsWHaWsLuoQOa5TE_e4Q1Jf0CJVtzq3U_S9RoXW9oFrZIsVoknKiWogRfyw,Matt Smith,https://play-lh.googleusercontent.com/a-/AOh14GikBFPoFA31qmeI_zpTOOUg6OotwhOAxLDpThvhyw,needs more icons but damn nice,5,0,1.17,2019-06-05 21:26:18,Merci beaucoup Matt. Il y aura d'autres mises à jour. La dernière est de ce matin.,2019-06-06 05:53:41
gp:AOqpTOG_Gn0LGMP3ZOMzBhXE1e2QrFrVK0WyttrXK3HQUf5dyqoOs50rvuPrSmpY0BasFdGnEJpHaDz5R2EPbw,Casey Bridges,https://play-lh.googleusercontent.com/a-/AOh14GiifOhRVmcj1Ok9DL3glOR6vmA-vv9PN2NXY30uhxE,"This is a really beautiful icon pack. Although, I do wish there were a few more recognizable app icons for apps like gallery etc. but It's not a deal breaker for me. It seems to be more & more difficult to find truly unique & high quality icon packs, especially the shapeless/backgroundless icon styles like this one. I prefer this icon style partially because I think they probably take more time, skill & effort to make, plus they just look better in my opinion.",5,2,1.17,2019-06-05 19:53:02,"Merci beaucoup Casey pour votre commentaire. Si vous souhaitez, je peux vous ajouter des icônes pour remplacer celles que vous n'aimez pas. N'hésitez pas à me faire le demande par email. Vous pouvez aussi changer manuellement les icônes comme je le montre dans la vidéo sur le Playstore. Merci beaucoup pour votre soutien.",2019-06-05 21:11:38
gp:AOqpTOGqx1EtDJusvxNATso8D93e-E_7WboTLy5HuxBByACiDLXlTLjIChgcjSNBv-xafWK3jO8vfTxFO1PWDQ,雀大鸟,https://play-lh.googleusercontent.com/-gGbbEYl3fog/AAAAAAAAAAI/AAAAAAAAAAA/AMZuucmVqI8pI3pqNQpoQpeR_QpxnPZDqQ/photo.jpg,谷歌商店买了东西，下载时候提示还要付款！再付款就提示您已拥有该项目，但是就是不能下载是怎么回事？,5,0,1.17,2019-06-03 08:26:21,"Bonjour, je ne comprends pas bien votre commentaire. Je pense que la traduction entre le Chinois et le français ne se fait pas correctement avec Google. Si vous rencontrez un problème vous pouvez me le signaler par email à iconoki.pak@gmail.com Merci pour votre soutien.",2019-06-03 10:05:11
gp:AOqpTOEUofoKvR-GdbBNIAhQtORO5fAMiN1F0NBcGxSq6eYQB6OSejHUMdJq1tyFQpUC02qUr8YaQ3IP0Wl91A,Mark E,https://play-lh.googleusercontent.com/a-/AOh14Ghoz1LLiww4kP21qW5jRL5dcQ4BDz3gFsYmnFdSIQg,"Fantastic icon pack! they are very unique and look great on all kinds of backgrounds. they cover Alot of my apps. while I never expect a icon pack to cover every app I have I do try to get the 10 I have on my screen all the time to be themed. this Dev is nice enough to theme the 2 ""out of the ordinary apps"" i do have on my screen all the time. Very Cool 😀👍",5,3,1.17,2019-05-31 07:15:10,Merci beaucoup Mark pour votre excellent commentaire. J'apprécie beaucoup. Il va y avoir d'autres mises à jour. Je vous souhaite une très bonne soirée.,2019-05-31 09:37:02
gp:AOqpTOF1Tn288JZHhVhr7Iyr4VJ7iWhWVqAtG12rXcWJZW51_VCXppS1QPeh7VN-maJ8txAxxgjmg_nBezgiHA,Steve W.,https://play-lh.googleusercontent.com/a-/AOh14GiMmMwIM_50z_QejiFLw8RtCAXr27YiyyBkKnuVzw,Luv these icons on my Samsung Note 9 using Nova Launcher.,4,0,1.17,2019-05-30 12:47:46,Merci Steve. ( Très bon choix de smartphone 😬).,2019-05-31 05:02:50
gp:AOqpTOEO_R7FtGivW42uIzEPmCorkXWgI5Zrm16kptui5c7M4GUx_zjkfRslGlVERRzI5F5jB-ZBwAPZSmH9Mg,CLF BBN,https://play-lh.googleusercontent.com/a-/AOh14GjeHNie2TCzERx0UULWmEznTxEeQyXWdKRRomARcg,A great icon pack!,5,1,1.16,2019-05-29 04:25:08,Merci beaucoup pour votre compliment CLF.,2019-05-29 05:54:33
gp:AOqpTOEUnaeyhCjoLJQ3zWm5a_EviljSY3t6DbpDCVDcw7Q57Q3PjJtjd7UP-vTYWEkV74mdgvdjajIDjGUhHw,Ratindra sharma,https://play-lh.googleusercontent.com/a-/AOh14GhrDq_mj7EVGbyc7JjA4n_KskT2JSY-ZuwVwTiyqPo,Great work mate 👌,5,0,1.15,2019-05-25 10:06:20,Merci beaucoup Ratindra pour ce compliment,2019-05-26 00:43:25
gp:AOqpTOHW63VhX_YDC19gnLBA42AeacCA7juh7qqheaWpIxRZyfvtDQPqQ0EBVRKDjHx2Ct0JQJ9-sqOfvN59KA,Brett Maremont,https://play-lh.googleusercontent.com/-Dzy-ujGEGtg/AAAAAAAAAAI/AAAAAAAAAAA/AMZuuckaQLiOUVLxVhLoOIw0smomLWMjyg/photo.jpg,Thank you for this cool icon pack it's popping 5 stars looking forward for some updates and keep up your good work,5,0,1.15,2019-05-25 07:20:47,Merci beaucoup Brett pour vos encouragements. Je viens de publier une nouvelle mise à jour.,2019-05-25 09:46:17
gp:AOqpTOGQ-NXm5yPle3WyFfUV7gaB0fYzh-nEIpz_8WPFLcj8rS2k0_oQsa1iJbo7TzSaHTeeC3s7FD0dyCAjDQ,Kim Celina Sta Ana,https://play-lh.googleusercontent.com/a-/AOh14Gj51rQOJa7hg3G1YF4ATvBkTHJPRzR5fuDsVkzlIw,one of the most beautiful icons ive ever had,4,1,1.15,2019-05-19 10:30:36,Merci Kim pour votre compliment.,2019-05-19 21:19:44
gp:AOqpTOGgA2LQWl2a5twSjuSehbwoOifYoMCzPJwfgZ9M4e2qtVTXFnGgZhOwMQD3R9oUnViW3YOLfC5ZZU7JfQ,Krista Bales,https://play-lh.googleusercontent.com/a-/AOh14GjiKfDAz6yZLcaErnepyS7E77_4TmR7ozegmiB_Iw,love this! icons are soo cute!,5,0,1.12,2019-05-08 08:46:48,Merci beaucoup Krista pour votre compliment.,2019-05-08 08:47:41
gp:AOqpTOGOUhCi2rCZxK--s2OTJjD615TCrUJCGmDnAgxzf9t8nKm0oOwJt0-UehH2U0WgaF4LQ-YbVv9OPp1qlQ,Dan G,https://play-lh.googleusercontent.com/a-/AOh14GhkxXkm2r62I6ggDJn-CPiRq2gcrPYFOAcA99cYmA,These icons are stellar. The developer is very talented.,5,0,1.13,2019-05-08 05:06:12,"Merci beaucoup Dan, j'apprécie beaucoup votre commentaire.",2019-05-08 08:48:16
gp:AOqpTOG0hkPfs0VsR2Hta9RGIZm_JUKyibQ0Nnu3NHawb37zGJ4NuUydjyctsa4JGIxoTxIYrDR-TO8lksjDrg,Stacie Sciarrino,https://play-lh.googleusercontent.com/a-/AOh14GiBOdLa22FnQHGpIKzWpEPK2f9ceABUPtQI6xIwq88,Looks great! I'm looking forward to more of these fantastic looking icons.,5,0,1.13,2019-05-05 06:37:05,Merci beaucoup pour votre compliment. Il y aura d'autres mises à jour. J'ai beaucoup de demandes.,2019-05-06 21:01:02
gp:AOqpTOEO7RiiIrZHYjcbKve5IoK8NDV2hNqhWS-ZqOsGJod595VDzxdvkXecizCiSwE8lQWQjBwb8655L0PChg,Sathyaraj Balaraman,https://play-lh.googleusercontent.com/-NpRa8RHFscM/AAAAAAAAAAI/AAAAAAAAAAA/AMZuuclfyHCz6lzd5ysDzrTSB9TUPKG_rA/photo.jpg,great one,5,0,1.12,2019-05-01 01:38:41,Merci beaucoup.,2019-05-01 08:47:54
gp:AOqpTOEL7CcjtjbZ5exvivmkVTJvrlY7hATYo2edXLDSvV0uxirS9I_DYCe7QAQrP6d7-S8t6PaArfHpnKl8RA,Laco Rosulek,https://play-lh.googleusercontent.com/a-/AOh14Ggm-rOHsXvBYxFZ-tZVCW5fMJEZpGdI0rqgjem_WTk,Great icon pack!,5,0,1.11,2019-04-27 07:33:46,,
gp:AOqpTOHz11xvvYv-arJP48lbJ-ToHHMdXqk0pKJLynUIWO-RbUq00kF61SlezqZNAlYo47R6o_NtAmoLq3Xbvw,Val Schanewolf,https://play-lh.googleusercontent.com/a-/AOh14GhasgZI3uZ-n8Ljxw8MIEwPPNSMT-kiFFI-PH7G8g,Love the colors and artistic style... These icons make me smile! Can't wait to see more!,5,0,1.11,2019-04-24 07:56:34,Merci beaucoup pour votre commentaire. Il y aura d'autres mises à jour.,2019-04-27 07:58:23
gp:AOqpTOEyl3YHkVw6bcjVtw1ipp7lhSxG82xAKRPFlAokJXs9PEYHhVuevJOFuB697HqOUZXUem2OzsQBCCWppA,BloodyHoneyKiss,https://play-lh.googleusercontent.com/a-/AOh14GiIAqgFzNC0DTAsHXaOc1FQu8ArlTxn_dntXrqMzBQ,"I love these icons. They are cute, colorful, unique, well made, and, I can't wait to use them in some themes. Plus, they really do ""POP"" out at you lol! Great work! 😃🤘💜",5,2,1.0.9,2019-04-19 12:44:31,Merci beaucoup pour vos compliments et votre soutien.,2019-04-19 21:48:04
gp:AOqpTOGSGZL2mX1KSXamYR-ZEi9RjN2wFGfLLcvcYRblTigDO4rYQ5x222D5c5tjMEA3EDPGe1YAakLJnSVC6A,Nagappa Pattanashetti,https://play-lh.googleusercontent.com/a-/AOh14GjaIXZL1s7L-WGd946gJtOl0ZuzYtK0bAPjI_EmgQ,"These icons really pop and if you use them right, you can really make some dope setups with them! Cheers to the developer for an amazing looking icon pack! I just wish that the developer included matching walls in the app as many other icon packs do. Hope they will consider adding walls and category wise folder icons! Well done!",5,2,1.10,2019-04-19 01:59:56,"Merci beaucoup pour votre compliment. Vous lisez dans mes pensées, il y aura des icônes de dossiers dans une prochaine mise à jour. Je vais me concentrer en priorité sur la création des icônes, plus tard peut-être qu'il y aura des fonds d'écran.",2019-04-19 04:05:24
gp:AOqpTOGgg-n0TteYGxBuCccw9UVLc1ZdELryG9hfCxQo5WcWg-a8K1R_uhM_zrjzX7zeJLohwb9zKcUXZ9jz0g,Charles Keifer,https://play-lh.googleusercontent.com/a-/AOh14GhygFQBKSgp7vv3g0bL8O5lzZKZWu3rS2wRaQYM,nice looking pack of icons I will proudly display them on my phone and tell my friends and family to check it out in the Google Play Store,4,3,1.0.9,2019-04-13 01:18:49,"Merci beaucoup pour votre compliment, il me fait vraiment plaisir.",2019-04-13 04:22:07
gp:AOqpTOF_dselm8Dpk1E5fWiFYmONl0UEVZpFqKsiq9CEouM7FTFmCJDUbQWrf6iDdpzLVAu3Ra7mQ_NPawPRNA,Derek Hsu,https://play-lh.googleusercontent.com/a-/AOh14GgqXXs1Si5x3PulkwzPv66lff0dDdNB-Z1fTm_nlw,Very good icon pack. Love it.,5,0,1.0.8,2019-04-06 06:25:16,MERCI beaucoup.,2019-04-06 07:17:22
gp:AOqpTOFHMdOo4dKuIQ5RdQMq9NiE0MYB910CXrmJs7-VW0mIeqjveR5kXjENXObxCSisolDhj2qqxf1q_R7O7Q,Andrew De Castro,https://play-lh.googleusercontent.com/a-/AOh14GjW-30g27DHVreV3uSFz8Md6ldENRECxh5XfSqVqQ,Very Lovely and Nice Design hope your big success and more icons to come Bravo....,5,0,1.0.8,2019-04-03 04:41:46,Merci beaucoup pour vos encouragements. Il y aura d'autres icônes.,2019-04-03 05:49:55
gp:AOqpTOGLAXuj9QZIztsBTQbf9d7YzIbpLTNlBcH_zl1i7Sj5EouSEGjSe-xjXIGNOFyXEex5ccudR4hnbXYJDA,Stephen Ayers,https://play-lh.googleusercontent.com/a-/AOh14GhXDNHNXPhwdU7tjIEvl3uiW1DrFlt9N1BIwU4,Beautiful and original design!,5,0,1.0.6,2019-04-01 13:03:40,Merci beaucoup pour votre compliment.,2019-04-01 21:01:41
gp:AOqpTOE8tmy2cptGrYscY1Qptocm-hiCGZk7DT4Ylopnm-ke-qAHTNHD7Hegw_veRxb8lSzilb7rPEQImETc_w,Victoria Cifuentes,https://play-lh.googleusercontent.com/a-/AOh14GhgY9Vnp8j2B6IJJHphYjJp0B4Tt5SlsJ4GTpC9aEU,the best icon pack around.,5,0,1.0.6,2019-04-01 10:58:20,"Merci beaucoup pour votre commentaire, c'est très motivant.",2019-04-01 11:33:17
gp:AOqpTOEtyWWh8CwOlqkK2xEJv7SoZT6a8WF8gyla-3MDnjnvNTVUMib8Bv4Zz7X6XEpVDzlcmOsuxdYZ0s9n3A,gerald anderson,https://play-lh.googleusercontent.com/a-/AOh14Ghx1TTZZFggLSKm-mCantsDnr_98xQtN_UZHOFYqg,very creative,4,0,1.0.5,2019-03-29 07:07:17,Merci beaucoup pour votre commentaire.,2019-03-29 07:22:27
gp:AOqpTOFDNMcoOgBlagkxJ5pu2oTRLY31uAkNYUZykA2vH1eMqDR4CX3Upm_ow9ysTT-AsN8d2UFRR1ErrPfOFQ,violeta goedert,https://play-lh.googleusercontent.com/a-/AOh14GgtEWqR8TV8NqVQkdIFz8YEyVxT4SmIvamx2LtbgA,Super,5,0,1.0.5,2019-03-28 13:26:54,Merci beaucoup pour votre commentaire. N'hésitez pas à demander de nouvelles icônes depuis Poppin.,2019-03-28 14:38:45
gp:AOqpTOFBWvXKIlX0C7eYmTZll4XdJoEli_eU1gOjk48P9WbjwQX51Mdy1DheEchJEel7gQ8kcM_2CIVggIttCA,A Google user,https://play-lh.googleusercontent.com/EGemoI2NTXmTsBVtJqk8jxF9rh8ApRWfsIMQSt2uE4OcpQqbFu7f7NbTK05lx80nuSijCz7sc3a277R67g,fantastic,5,1,1.0.5,2019-03-27 17:33:29,,
gp:AOqpTOHF0QVrukbVjuH87BiGCMF-PVeQDu9DJ9j-Esb3NZqbmlGhK8LLo8YinMOCrmklSlxxC9By9uBCcYzK5w,Troy Ritte,https://play-lh.googleusercontent.com/a-/AOh14GhWT5tF4R_ILrk-OoavfP7uLLArBJLWB3a-axASFqU,"solid pack ,very high quality, icons jumps out and catches your eye and doesn't get lost in the wallpaper.",5,2,1.0.4,2019-03-22 00:24:04,,
gp:AOqpTOEufVY9AbscwmzRM5seikYEePURBkAPfSqCvuExyUq5ZyeOdsIWIuJLXru8Qv20pkoVa5v7iZJC3xFxBg,Enrike Mon,https://play-lh.googleusercontent.com/a-/AOh14GhOuC0OzDXQcyZKF_NpWYH_L3V1HlmNKD0UqXmy8g,Beautiful icons like no one else. Love at first sight. Great concept. There are a few icons but it's growing.,5,0,1.0.4,2019-03-21 09:29:13,Merci beaucoup pour votre commentaire. Poppin va grandir au fil des mises à jour. Merci pour votre soutien.,2019-03-21 09:41:32
gp:AOqpTOEBZH3CJmiUqegxrWqHiiDqvGMaGHSoWbnzmiQehaAN3gFyTfgdJoTUQCQUZRBQqT8EiN29kGFSSWGITw,Hao Hsu,https://play-lh.googleusercontent.com/a-/AOh14GgFFeujBX12RcQCmQ1nQCEzLgI8ict5fdHm0kMXwQ,"Unique experience, icons are cute, merci developer.",5,0,1.0.4,2019-03-20 18:23:17,Merci à vous également. Amusez-vous bien avec Poppin.,2019-03-20 22:01:26
gp:AOqpTOHeGRSIQTwa8KO3r2oJE0FiQjGYtyOLj954xRistQV_k2wvjEe7zQ2uCRzIYHP3cvp-5ZzuaZjgeV4PBA,EBRAM EZZET,https://play-lh.googleusercontent.com/-iR-J3X-ho0E/AAAAAAAAAAI/AAAAAAAAAAA/AMZuuclqB43ba-jrlLH1S5noaigtCVkYzQ/photo.jpg,the best icons,5,0,1.0.2,2019-03-19 13:42:05,,
gp:AOqpTOFYN7r4h0uyxuGpgsy32JLKn1HBCXRrz9_dKB51h_J7NWuXtFnTZf-XKx7WaXbEbmldOSCUN0dLNEl75g,Ivan Rodriguez,https://play-lh.googleusercontent.com/a-/AOh14Gj0cxYG65jkpa5F0aniDDqBPDjNBF-eNHFEX2hjpA,high quality icons. A master piece design,5,1,1.0.3,2019-03-19 10:05:58,"Merci beaucoup, ça me fait plaisir 😬.",2019-03-19 10:52:27
gp:AOqpTOEc4qAMmJzbgMyY37oP0q080hkZxrHPCEcFRWxKgie0PZGg-ngP3ZrE2rem-Mu3Ww9D_176YqlbYbbJug,Lis Hobbs,https://play-lh.googleusercontent.com/a-/AOh14Gjj3WjzxCt4dh0MYKbFbYvfXVNzq9WWsiS6nO-Uukw,killer sticker like icons. highly recommend this app,5,0,1.0.3,2019-03-13 23:28:20,Thank you very  much for your support.,2019-03-14 00:45:07
gp:AOqpTOFRjqWSvGOxBJcRIkayDRCU_VfeuO4T8_Zrqa5rzNVt5yIeuBzNxL8xiOin0Xgb_iknv8eIdWRtRRfquw,Myz Tical,https://play-lh.googleusercontent.com/a-/AOh14GgWMVz1GlslRKmxK2EPpfU3So_g-uy8Y9ypyyvc,This icon pack is very unique.   Quite unlike anything out there.  They look like puffy stickers!  I can't wait for  the number of icons to grow.,5,0,1.0.2,2019-03-13 10:11:08,Thank you for your compliment. You made the exact comparison of Poppin's style.,2019-03-13 10:22:06
gp:AOqpTOH3HMIZ8elNh-drKSBkC4YA3CuTn5fziE-AQW-muorg0fzbv6OkuLwDadVVLmC_KyqoS-9ATTI2OVWASw,Liliana Chong,https://play-lh.googleusercontent.com/a-/AOh14GisfqxP2rN3QRxkqxRKg5oYGUtgI8ew42_NNCCcoA,Amazing theme! Very original!,5,0,1.0.2,2019-03-09 10:22:16,,
gp:AOqpTOGGR4hn1tVFFZxHpuwhplClKJEVI6nlKMmOj8iKgK2zxu0_phaxQwfM8IvllvGk_BWe9KtmwNSrbQoLaQ,Debangsu Basu,https://play-lh.googleusercontent.com/a-/AOh14GhKmiBnJDBEZAG5vlNtPkMXgIE6FtE7lfATBXa4zdI,Amazing Icons. I love the way they look. Keep up the good work.,5,0,1.0.2,2019-03-08 18:39:51,Thank you very much for your compliment.,2019-03-08 23:12:51
gp:AOqpTOEasown95UC3vii_kJHIbEfm6Gw2cJ_Be1eA_ClDf2eFqN4enbdIAc62suqSLCcg4IMSCrLnlJWumoW7Q,David Garrett,https://play-lh.googleusercontent.com/a-/AOh14Gi5xijLdAhNEtU33TXxZ0EYGPMMGg8GJyvZAPtB,"Great icon pack, looks marvellous",5,0,1.0.2,2019-03-06 11:45:40,Thanks for your compliment.,2019-03-06 11:56:05
gp:AOqpTOHFq7vSKYZF_sd2EYYF-024QLSR2tj5tHj04EQtPR66gl-yyX74ViH8FDl4WbMMhXSgHb3OvD4h8FyQqQ,Wayne Hines,https://play-lh.googleusercontent.com/a-/AOh14GjjMzmhW3WEfaWQuj2PIGTm_zAGlVjDMcSwjtiX-Uk,One of the most original icon packs I have brought & the icons are superb & a joy to look at & you can see a lot of work & detail has gone into them. Dev is constantly updating with more icons on a daily basis & I'm very happy with my purchase :),5,0,1.0.2,2019-03-05 14:03:15,Merci beaucoup pour vos compliments.,2019-03-05 21:17:09
gp:AOqpTOFD82zehcdyHvD208N09dnGyj8IEyc_ap6T6dzIYgtpVzXO9QNdn-phfDyYmeDvZO3u0sxukLDgQ1VgFQ,Eric Desormeaux,https://play-lh.googleusercontent.com/a-/AOh14GhEyNdcZd_7tXmnoHx6u9cXJFUz4J8NJt--Ep1Mnw,awesome,5,1,1,2019-03-05 12:33:29,Thanks for your support.,2019-03-05 21:18:27
gp:AOqpTOECZ9D6SH5R9MF1LMckZrxGK-1yDwyuNRSb3-vRM7GqX_ZhpORsWCf1bWtktPh_BG-vkVPa0OtfRuN2Iw,Tracy Williamson,https://play-lh.googleusercontent.com/a-/AOh14GiWl1wPK3p26Tee7_UwhDv0TNk7xkpSbn_xE4vlV-E,love these icons! I love that they are so unique.,5,1,1,2019-03-04 21:07:50,Thank you very much for your compliment.,2019-03-04 20:42:27
gp:AOqpTOEfaZNxVew1JxnVE7umKJnbbMZQvLvm1ldDwWBEVSzzjIWkJsYkqBMulVrN2xGhT-mCl1KBtAQCzM5EGA,Eric B,https://play-lh.googleusercontent.com/a-/AOh14GhUVUAET59d9-iEo2FZ_vQI3cnlzp0bK4sVv6CKLQ,Great Icons breath of fresh air.. Keep it up great work.,5,1,1,2019-03-04 19:43:28,Thank you very much for your support.,2019-03-04 20:41:16
gp:AOqpTOHaD_2cF43brtzrB0rokUsjtWAuMjE2Bg4pC0oToFwbInCG_9_fLv1g9l98FNlVieBFnB5YfcVk1DRkNg,JDUB,https://play-lh.googleusercontent.com/a-/AOh14Gj1pv-_DaVpghdEMpbVYxldbcvVldoy6FJPh9c4nM0,Very nice Icons. Well done developer!,5,0,1,2019-02-27 20:45:56,thank you very much for your support and for this compliment.,2019-02-27 20:55:06
gp:AOqpTOEEYGOwBRrbNFvg3wcR6FefNBH0jPoFMILh6bFozf-NF85L4t2RpRDLZuwmAhGnMTt-S9pyCUx-OLyK_w,Ryan Kincaid,https://play-lh.googleusercontent.com/a-/AOh14Gg8Ny3Fdoyd66CDyc_b_9L6EfmnJQBTXUKmNFTb2-s,very nice theme very detailed,5,0,1,2019-02-25 10:44:34,Thank you very much for your compliment.,2019-02-25 11:37:06
gp:AOqpTOH-W0HNLRAswTyrraQ7Xi7lQm74tBrueYBFWWNf1VaAl-zHV6hzoWO3zGAF_Ys6sDCrZUvIlVoETUwJFw,sixsixjunior ***,https://play-lh.googleusercontent.com/a-/AOh14GjnGoSIUUVnSNLQ_ravEobQ5JmsClaXarA5UKvEgA,I love it!!!!,5,2,1,2019-02-24 22:10:41,Thank you very much for your compliment.,2019-02-25 01:18:49
