reviewId,userName,userImage,content,score,thumbsUpCount,reviewCreatedVersion,at,replyContent,repliedAt
gp:AOqpTOET9JtlRNRO2Nj8s91V6oqD6X6ttIquyKJVxZvLJKn44xrXIDpQydq8qk8IsEWnobIVMGmy8LYW0_ur92c,kb2m,https://play-lh.googleusercontent.com/-D-8Z0krDeC4/AAAAAAAAAAI/AAAAAAAAAAA/AQ5tMuxqqEE/photo.jpg,Best tide app out there,5,0,1.4,2020-11-26 15:23:57,,
gp:AOqpTOEsJdWKYFM7BIAcqvWt4WaPDXrU05MAmdmgfpCsPMSoK6aZWGscaWa2TPiOR0jGyI32P3pEuSZDLfbS5ts,Truck,https://play-lh.googleusercontent.com/a-/AOh14GhX7q0I1yn1AxYQgQS0x4QIxQuukKeFV5J3vJbgxA,a must have. very accurate and super helpful! thanks guys,5,0,1.4,2020-08-13 18:23:16,,
gp:AOqpTOFkORYKS7PKYq7Jeq3RccFQLwdRHMOm3dsInz_j4xcHx3YBLSxgCJ77aiT5uIMKTmh3DRC0k2kz5ZFDabI,Ralph Mayer,https://play-lh.googleusercontent.com/-Mf0W3BXqN6Q/AAAAAAAAAAI/AAAAAAAAAAA/AMZuuclvoilb1R6XTE9XHMKfzerB3yaZdw/photo.jpg,"Hard to set location, small graph, no landsape display, cannot swipe to next day.",1,0,,2020-05-26 21:45:27,,
gp:AOqpTOEOlmvnMZsoLStULGncqoaVQkkwLUWOCktCAXRhDz9bTKm0GZZ0bfUzuy3lJ71oH1t1Lp_HVTsrVDwKFBk,Stephen Mckee,https://play-lh.googleusercontent.com/a-/AOh14Gjbqx6EVueYa_E0F_bjMgF24WphUf9Urah8ZZJXJg,Work fine,5,0,1.3,2019-04-13 06:29:13,,
gp:AOqpTOG8v-b3esWmtIEFWx8SF588SeVuxmogfCKxukMeCiD4qk1Bk6sV1V2wVEUCEyBZAS1xHzdkiCPN35xs-Yw,Steve C,https://play-lh.googleusercontent.com/-yOwsi-JM72s/AAAAAAAAAAI/AAAAAAAAAAA/AMZuuclqRDxM7EG1_ebN92EnhMR78L7o9A/photo.jpg,The best layout of any of the tide apps that I have tried. Very responsive developer. would be a strong five star if the tables were available offline like the ios version. definitely worth the small cost.,4,4,1.3,2019-02-04 10:23:23,,
gp:AOqpTOESUSlvl2cNnBUatcVTyC4s7UWpNCKe0SCPuWv4NW5Qm9oT_jDhiMKLkuyPKSbZasp5MnJTBgRCg7gYuS8,Brave Traveler,https://play-lh.googleusercontent.com/a-/AOh14GiCzfmhVvxrud8n66fUMfL96pPtsIssbDS2KGpmlg,"(edit) Devs listened to suggestions, end results with new version is fantastic. Having the recent searches available is perfect. Can't wait for what is up to come for androids. Thanks for caring! This app is a Solid 🌟🌟🌟🌟🌟 (used in the Pacific Northwest, USA) Samsung Galaxy Note8",5,0,1.3,2019-01-08 22:30:18,"Version 1.3 has search, GPS detection, meters/feet, 12/14 hour time, and several other minor improvements. Thanks again for the suggestions.",2018-01-17 20:22:33
gp:AOqpTOGcjJahXtqwJPw-9ikIqStP4tKfTetJCYcxUsDLDcZYzl49-j0odKCYcTOvxqxzqqp4g_47gTJk2XTSx9o,Sparkling Farm,https://play-lh.googleusercontent.com/a-/AOh14GhAkb2fhxAoSQoFBKRK7oIB4yDBHqc6yzh8ACAy,Brainware fix every issue I found. This Android version is now as good as the IOS iPad version. I now want the Pro version to get released for Android cell phones. Thanks Brian,5,2,1.3,2018-09-19 06:45:01,,
gp:AOqpTOElkdzwYV01kOy1ZUr8-Kyr6fkcAk3Hu12Wi83S6oyZMJgXEiqxVkJFiHD18YtEKLN3rXWQCffULkGbaNI,A Google user,https://play-lh.googleusercontent.com/EGemoI2NTXmTsBVtJqk8jxF9rh8ApRWfsIMQSt2uE4OcpQqbFu7f7NbTK05lx80nuSijCz7sc3a277R67g,"Really wish charts were available offline. The iPhone version is so much better, let's hope the Android version catches up. As it stands now, not useful.",3,4,1.3,2018-03-03 13:44:13,,
gp:AOqpTOFiRWY6EOU90lz1-cVjM0dLGiuVlyGSLuJLezuHbYhG7wo9QH6_hSaLunduQfyR6Ey8qBr47LtkywEEhUY,Joseph Gleason,https://play-lh.googleusercontent.com/a-/AOh14GgyHvB-vHzdIXAapf_rM9R9IcHHKMLAIA4yiWaVrqI,"12-hour time? What am I, planning a brunch around the tides? 24 hour time. Also didn't seem to have a way to pick closest port for tide data. I had to scroll up the cost like Lord Vancouver.",3,2,1.1,2018-01-14 10:34:45,"Both of your suggestions have been now implemented in version 1.3. To change to 24-hour time, just tap on the time (just below the date) on the graph screen. To find the closest port, select Locate in the upper left above the map. Email me if you have any more suggestions.",2018-01-17 20:18:04
gp:AOqpTOErkusdhUsekxttWCU1EDi-CLKTcqUmn-kqXMxMvSrPtq0ZedkKC16zP3Hknwidsl3WOrCgx2C5mnDzFwo,Doug Bomeisler,https://play-lh.googleusercontent.com/a-/AOh14GilO9rlTFb_DnjjGo2ApIF_G6l0vqy_YqOSdvqgqcM,"Android version is weak on features compared to iPhone version. Interface could be much more intuitive. In the tide chart, days of the week do not match up with the monthly calendar days. Users should be able to set a default tide location.",4,0,1.0,2017-09-24 16:03:51,"Version 1.3 now has meters/feet, 12-hour/24-hour times, GPS location detection, and a fixed monthly calendar which also lets you choose a date. More suggestions welcome!",2018-01-17 20:20:54
gp:AOqpTOHJBGwNoWx7_Ggci3vQkniYzvf9bUPZVs01MkywDI_viUOcOOWtWqtztzc1uEAm10-z82q9Zakntz_LMcw,Hayden Grant,https://play-lh.googleusercontent.com/-XTvGCY5dKGk/AAAAAAAAAAI/AAAAAAAAAAA/AMZuuck8za3qE2kV7RXHIbhOvDDE8c_6Lg/photo.jpg,Best tide app ever helps with everything,5,1,1.0,2017-08-24 19:59:29,,
gp:AOqpTOHPGfTuL2tRCAOuTT0R7gHhhLqG6Ugp8EtUoXR2ve2l2IE9v5rqKuRhYxfBJVwCt10BnFalt6AFaDljbSw,A Google user,https://play-lh.googleusercontent.com/EGemoI2NTXmTsBVtJqk8jxF9rh8ApRWfsIMQSt2uE4OcpQqbFu7f7NbTK05lx80nuSijCz7sc3a277R67g,"I cannot load this app, very annoying",1,0,1.0,2017-07-18 14:19:03,v1.1 now available which should fix the problem.,2017-10-27 16:17:29
gp:AOqpTOG7ZdttzAGYj22Tc-jKumu3s1HB4lXcvidPE_vxAdBwA2CduMHjLllZVf4Z-lsZIHvzaU2Bl3EEN0ExmiM,Jim Tarbox,https://play-lh.googleusercontent.com/-LQ8Pb_NTcwM/AAAAAAAAAAI/AAAAAAAAAAA/AMZuuclFilijj4eEC-4TEXXPv5R9vfF3FA/photo.jpg,"I have been waiting for this app to become available on android.  It's consistently accurate and intuitive to use.  There is no better tide app, I have tried them all.",5,1,1.0,2017-05-30 03:21:03,,
gp:AOqpTOEBHbslytugSFRqqlzruiB5pTbqfzTtPfPpxZ9awMRXw8Dh8nraaqFjchAfYIzv9E_wvd9qb-q3On7N1EI,Jennifer Corbell,https://play-lh.googleusercontent.com/-who-KIsRoq4/AAAAAAAAAAI/AAAAAAAAAAA/AMZuuckMJK7qKfOo8Mz_ehJ2Lh0uHlPXGQ/photo.jpg,"I like the app, but am wondering what the features are on the iPhone that aren't on Android yet. For example, why doesnt the date refresh to the current date when I reopen the app?? I have tried the usual tricks to refresh but nothing seems to work, other than manually selecting the date.",4,2,1.0,2017-02-08 11:04:08,"You suggested, and v1.1 fixes both of these issues. Thank you for pointing them out.",2017-10-27 16:18:30
gp:AOqpTOFEc-8gDNypL9N8Cdm86A0TeTP80e-gL0UNe56f9rvpUrpHCL1cy_WB3heApUOGq9b3so2S5Xhjf3CdBjg,Brian Miller,https://play-lh.googleusercontent.com/a-/AOh14Gjq8SnC0f6sU9yZBU7mnAiYd8eKHbsbAZ8l9yUQ,"Replacement for broken NOAA app. Has everything I need for planning fishing trips. I wish there were moon phases like the iOS version and settings for increasing table, map, and graph sizes to optimize for tablets, but it works so I hope any new features don't break it.",5,3,1.0,2016-12-05 11:37:51,,
gp:AOqpTOHZ-V-ylPOPHBg07P1teLoxxJ-bxSrb_X1SKb8aNIG2VMG9FXJ-Fnq_2Rt1P4JLWwvGL_C_xyMA7FZkKsw,Sterling Mehring,https://play-lh.googleusercontent.com/a-/AOh14GjuMI9qlNVBWEwNHJOpMWKHja9ChCtKud9b6ubWzyE,Good but waiting for all the features of the Apple version.,4,2,1.0,2016-09-18 10:19:03,"V1.1 adds new *Android only* feet/meter option. And you can now delete recent locations, automatically changes date when loaded, and saves locations for all android devices now. No in-app purchases needed. All free updates.",2017-10-27 16:22:48
gp:AOqpTOE7llAo9DVU5YR3QPte5BD0N2r5NKer1RUzmWLlXASb8J4R9bdUKPREIYUxnCdZ6VFUrebzJgtaTIFsFzE,V Britt,https://play-lh.googleusercontent.com/a-/AOh14GhwfdEhwTb7z2CS9ZY3kUL95jdCWumJ5djOATo9NQ,"This is the one app I miss from my iPhone days....  I am so happy to see it come to Android!  Buy this app so he can port all the great features to this platform, even as is it's the best thing in the Android marketplace!",5,3,1.0,2016-08-30 17:54:18,,
