reviewId,userName,userImage,content,score,thumbsUpCount,reviewCreatedVersion,at,replyContent,repliedAt
gp:AOqpTOGmBRqoPbbDvVk9GoCF5BWG-maYOGMN3q1mJZ0qmeHlixb5GlFrsrJOuXahDQzHSuq-JeehEbF9W7P4Vg,AbuTalal,https://play-lh.googleusercontent.com/a-/AOh14GijcZgs2zd-pZHkPuXlxG69Rvxo613vRe_MZWlNtA,"Excellent but very complicated for a new user to use this app, the easiest way is to work with (1) Whitelist Widget and Quick Start to add your Whitelist contacts then go to Settings and block calls, this will result a busy tone at the calling party (2) Delete profile if any and you are fine to use it the simple way. The maybe missing feature are (1) Can not add Black list contacts (2) Does not work with group contacts you need to add one by one on your Whitelist, that is what I could discover..",4,1,5.6.1,2021-01-08 12:43:23,,
gp:AOqpTOGve--wPAJJfpzA2LQ66YsRy8Jkr7X7I1fHfFu9cCCymZwPasK4RwFa3BTnCd3m7S_5ZxgQXs5TfXLHbA,Sreekumar S L,https://play-lh.googleusercontent.com/-5psWXkkVTVI/AAAAAAAAAAI/AAAAAAAABbs/AMZuucm1EgIk-OLwHr8pTnmg1AdtI8U3sg/photo.jpg,Use less,2,0,5.6.1,2020-12-23 21:37:28,,
gp:AOqpTOGd7-7aghMdZ1fmdcfgYfE_bELOt7soae4f2GtWK2G_KYmstA9DXst-WswvtxctqxXjAtn89Lj_cix89Q,Michael WEINMAN,https://play-lh.googleusercontent.com/-fWy3bFV0Uaw/AAAAAAAAAAI/AAAAAAAAAAA/AMZuuck0-gjwm_8HQET4GYaaUwamvayDiw/photo.jpg,Works as described,5,0,,2020-11-25 07:00:48,,
gp:AOqpTOHMBLjpNp_PJ4XLXXsKbS9TgyzUzGu71SOKxubwGOEvSwKWG8zaKtKd4MWfOeZ-DHHkS77mnFGCyVOYgw,Jonathan Lara Mendoza,https://play-lh.googleusercontent.com/a-/AOh14GjgI9Mun22SV1QwWjJB0zty0ndi4PdFsOqTJcnDrQ,"Second BIG UPDATE, Quick Start still not work when a White List contact calls, the phone don't ring as is intended.",1,2,5.6.1,2020-11-10 16:49:44,,
gp:AOqpTOFNVAks0kfKtwgM5eLibwu8bD0IU2Nek7_j-rvFjdJWM-wWowZRdgJPWWkAHnhMN2v5v_Z23OJNZyntFw,Leon W,https://play-lh.googleusercontent.com/a-/AOh14Gh8t9YZQGHkXEHC9Syk94MIxwmkch0VRgJp2A5iG08,"Ringtone keeps on playing when I get and answer a call. Only way to stop it is restart phone. Also new notification that I can get rid of. ""Location foreground service""",1,1,5.6.0,2020-11-08 23:27:07,,
gp:AOqpTOHXEz319KeGI-l8hbRALmeS7gf_g4VEYoLyTvlHys0VvvPLTbgZrmVRNRew8GJsizyOFktjSztI73l1Wg,Pinge Brush,https://play-lh.googleusercontent.com/-jewVv9ygPaA/AAAAAAAAAAI/AAAAAAAABvo/AMZuucncITAltPVQ8GQ2h6JxoBF9AGu_rw/photo.jpg,Overall decent app but need to fix the profile settings as currently doesn't work. Reply to developer: see other people's comments and you will know what the problem is... It's app based and not user based problem.,2,2,5.6.0,2020-11-07 14:38:08,"Hi, what exactly is wrong?",2020-11-06 13:04:56
gp:AOqpTOEBGItRDdJKEwswaCGbuyAv4Uw1cPDR737cYtZQlGBpmnTM4PiPq5Z5OfcO8OKOm50uFGeGZiBi-Gm3lQ,Dr. Mohammad Adnan Moreb,https://play-lh.googleusercontent.com/a-/AOh14GijU9ahKqEw0GlvRIbQLDaXL8zOSZmRm7zASJClmw,"This app should be include in android core system, thanks",4,0,5.6.0,2020-11-07 14:10:31,,
gp:AOqpTOGhni5ioXp2o0k6n2Ir-RbrN5HKduT1Z201Hph8EHTN40T0SRaUzHYzpjD_mrZLJFq9N4mB_p9NrfWMEw,Stanimir Števkov,https://play-lh.googleusercontent.com/a-/AOh14Gj_vHkgVDq-euTjpx-Tkc6TFlpLZQzmbC11wYsHXg,Nice,5,0,5.6.0,2020-11-06 08:32:00,,
gp:AOqpTOGOpwUI7gQBffmy2ed2aGZH_m8CtYmuPPfDUQaNXPgTUpA3ifEOSLz4cuJEIDAGFR1zEMu1aXpCNaNxsQ,LEONG CHAU KWANG,https://play-lh.googleusercontent.com/a-/AOh14Ghc5yVSgN4Mg6frOAd0yByIc7aHF3S1I3AaQT7mIA,I using this all the time... But give more options for widget,4,1,5.6.0,2020-11-05 14:36:07,,
gp:AOqpTOFdaV-EQo2p_t_me0L9plBQZFuoMm3liWQROsGZ-dGRsGM-z0SxO8vxwLyouvJl66MKUhkg4BjjF2mUIA,Continental Nobleman,https://play-lh.googleusercontent.com/a-/AOh14GikAMS_JXyyJ75fZErHAsfgKAN8Id0OOkbJNrfWig,"Said last June would release new version immediately, to fix bugs. Four months later...still waiting?",3,0,,2020-10-21 22:27:10,,
gp:AOqpTOHBrZMdrjrQ0SSdLE-d7C8hQtZIDLWmY8-YKfzB4sa55joKx1Y3ewIlQysFeVLe9m7fYGTcMBBgykmu6g,Cari Cline,https://play-lh.googleusercontent.com/-kxABu9qgpvA/AAAAAAAAAAI/AAAAAAAAGz0/AMZuucmCS0sdt18EgFAFHJF-ZSwwGgpKuA/photo.jpg,Easy to program,4,0,5.5.1,2020-10-21 15:37:36,,
gp:AOqpTOGHp_467ju26k8wrA1_6LHzn4W5XP4-qKfBsHGNA-OT0LLZgQ9Vv2iD18Ba-rmz5PAs2EI6E4CZqL8Fng,Fred Schall,https://play-lh.googleusercontent.com/a-/AOh14Gh6fcV2d4V9_fXM4RX0Qpsg_HBkjIAmz986TGTbVg,Outstanding!!,5,0,5.5.1,2020-10-19 18:42:16,,
gp:AOqpTOGkX65WCAfJ7R8N6qixj6KlyB50IW8Bzd8jX5zlEuK48jIFYzkX1OYfLiTWlSIRzdotlcvXc1taJazhTQ,Emily K. Johnson,https://play-lh.googleusercontent.com/a-/AOh14GiYzBvtq7d67zn59l055gptHuNMwaPGPeyvT31YFQ,This worked great for a while but it doesn't let my whitelist calls or texts ring anymore.,3,0,5.5.1,2020-10-17 11:55:03,,
gp:AOqpTOH7a9Fo-fv9qrawopof5uj6MXcc03FSmcmVV7QVOPnOs3hzr30KoSSB33hybLzv94GLQN6sKizssGLyIg,Mohammad Hassan,https://play-lh.googleusercontent.com/a-/AOh14GgY43g48yeDJKbfo4kSKtfr-xvz3JncBaMTIJneEg,This program realy worked with me but i can't take backup from my back up and restor it after reseting my phone. I wonder the programmer of the program help me and improve this future.,4,0,5.5.1,2020-10-08 02:44:21,,
gp:AOqpTOH78ZASHYeDbcYn_zAqzQ6vhkcyFY5JvJJxpgMTy8OplxBGLeu-MyDo5dkfxEAYoMVt050zI0o2fF7EjQ,Greg Crnkovich,https://play-lh.googleusercontent.com/a-/AOh14GhSLdGiDYwZPLMWEGlx-o9O52is3Xj69td4pHqSUg,"Not as feature loaded as Silence Premium, but serviceable.",4,0,5.5.1,2020-09-28 10:38:37,,
gp:AOqpTOE7adD2cf1N3Bquzai56FXgRTuj-MrcF_j3c26mcj89x9aKMFvUltU9l4jvKUCZj_lQROYxaKG3iAiErg,Bic Ramgharia,https://play-lh.googleusercontent.com/a-/AOh14GjxEcsADzMRBuB6BvY51IpuPWZ03bNjPWw48kiNoQ,"Awesome App Works for me, love the ability to decide who can call on my phone or not.",5,0,5.5.1,2020-09-23 12:52:41,,
gp:AOqpTOHkzPUZMZqxRiLwvw_u6yhq_GuXH0TbwLbbKlxiEMFyACpnTJi7AsgDphxVym8uUvCyOaIBA_0KYP_ogA,Lars Finger,https://play-lh.googleusercontent.com/-rQxHAXLVRhE/AAAAAAAAAAI/AAAAAAAAAAA/AMZuuckAR_MLidydSvK2rq2B6vCci0jeUg/photo.jpg,With this app it is NOT possible to get the device to total silence. Therefore useless.,1,0,5.5.1,2020-09-23 06:24:04,,
gp:AOqpTOF4NspyurYpSnwUPYVOIrMhB4iv2r0hbYuQobGMkf3-t54U-4rLXQHerlbJF9BnDbQoH1c5zCkb8KvXXQ,Nutmeg,https://play-lh.googleusercontent.com/a-/AOh14GhWrDFTFtr3K7Ad4uMMbRmHEV1QTPK9BPEbbZHQE7U,This feature is available natively in android device but the dev seems smart enough to harvest user's data. RIP Privacy.,1,1,,2020-09-22 01:12:10,Maybe you watch too many James Bond movies !! 🤐,2020-09-22 01:15:15
gp:AOqpTOEPbMKDrQdRA0MtaSMYuqycqowFGw9QSDq0816QH7-f4pCZhcQ0c85OI-NCEWJbgO7vC45zTOlTLN9gsQ,zoran popovic,https://play-lh.googleusercontent.com/a-/AOh14GjJBbazdBoa6nVmtWKz09ZCULFRRLDvBlLt5bT9TQ,Excellent,5,1,,2020-09-21 04:22:05,,
gp:AOqpTOEeBOaC-R94cb8HfmvrI-4JmfwFah3iKQk0zbqORMbFrbKOCeHj5wKzvbFxn15xLqDE8nlitOfnD8h_Iw,Josh O'Niell,https://play-lh.googleusercontent.com/-EEGHDRS0klU/AAAAAAAAAAI/AAAAAAAAAAA/AMZuucksEJ_4g-ksuy6Z5qp6-dg6BZKFOQ/photo.jpg,5 start it works as described,5,0,,2020-09-19 12:53:26,,
gp:AOqpTOERHr6bi69c5CwoJehB_GmKwTzQc2k4AxHvK85rod4cIW-gxRy6gS9-bIaQaNEtNvGli0wv1EsDkWspNw,John Chamberlain,https://play-lh.googleusercontent.com/a-/AOh14GiJEP4ic6bW5K5p_cTnE_ztjayJeezCJ-brr2fmGg,"While this app does a good job of automatically muting my phone at night, the whitelist feature does not work at all. It rejects all phone calls, even those on my whitelist.",3,18,5.5.1,2020-09-12 06:39:48,,
gp:AOqpTOFZfuNJQ85TuLgAylri3dOf1WLpZovBFfuN5CtFM9GukikoPUP-3MbIof0W_AqV7FnBVHDsFcyU7Ueztw,shatish patel,https://play-lh.googleusercontent.com/a-/AOh14GiZIh-R35sgUFjhSq_Gl11DO_rWaP_ss_CtC3fRiA,"Hi my mobile is oneplus 7t , when i activate it also block my Whitelist calls",2,1,,2020-09-04 01:09:52,,
gp:AOqpTOGNN1ZphOhDVzmXjnUx-1OYHx0nl4w4Xuja2eyT6NQIruZW8cUDv7c9Eu4qQRRCq7HtV4OI1tvdir-Oeg,John Hink,https://play-lh.googleusercontent.com/-jgLGSLgHxIk/AAAAAAAAAAI/AAAAAAAAAAA/AMZuuclHAEV18X1rHKBvlzKcCZDzW0UHOQ/photo.jpg,"Awesome App because I sleep during the day and it blocks those unwanted calls from interrupting my sleep. This App is well worth the cost, which is not pricey at all!",5,3,5.5.1,2020-09-02 05:41:14,,
gp:AOqpTOH4nGrlHsNEtVUdDqELsl9qrN4JoBZNYrxkHr7VIiFuXkjFHpKIJwj-Akuha-VG1-90C6AcTbVO1Wd3lg,Ryan Martinez,https://play-lh.googleusercontent.com/a-/AOh14GixXPFi2si1-NWzs3LAQwwKIzLmXyq1H7cD1gKnTQ,Does not work anymore. Big disappointment!,1,2,5.5.1,2020-08-17 23:04:49,,
gp:AOqpTOHN6rbBy6Lv_BGkn8S7_3UPKSX66s1iSwK7dRAGvXyuq8USqB65GNp1exKCRRkzHuCCnv5vBITCmnXpeQ,Richard Daniel Limbe,https://play-lh.googleusercontent.com/a-/AOh14GgFqHMmWfcnyT78HDCyyA4H8li60D9mZI2F5vqAbw,"Amazing app; it has helped me to block all incoming calls when am on Online meetings. I normally use data from my own phone, so when when someone calls disturbs the internet connectivity",5,4,5.5.1,2020-08-05 11:12:03,,
gp:AOqpTOF1arKHQwl88D4tVHdm8M4C69W_RghUCzloh4zsHv7kn_qQW9shIv6g7vZLNHgAyJXUk5zsKSM0NuMLEQ,Rob James,https://play-lh.googleusercontent.com/-5wDmXd0dtKw/AAAAAAAAAAI/AAAAAAAAAAA/AMZuuclzkxgcisHDbTnMl9IbGsJH6XgKpA/photo.jpg,Works great,5,0,5.5.1,2020-07-29 19:03:45,,
gp:AOqpTOERnfozMz-yaJaKVGOu_dHUFvnwl1bFSCpeCJEjAGU4Bd9bnoui2E7joWjupJDrrUsa7PrAltLieEMkKw,Jaime Salido,https://play-lh.googleusercontent.com/a-/AOh14GjssXMd4wVmRCQ4LoKHVl3yKToV1HMPqegEsfj_,"WhiteList is only for calls, does not work for WhatsApp, Facebook, etc. Any mobile can do that, not worth, Obsolete App. No customer support even on premium, paid app",1,4,5.5.1,2020-07-14 21:41:56,,
gp:AOqpTOHTGSEX36O2HiSEfhlwKsTO4UnkP5zq-zbHCC2AU2Ng8avXc9GLBV-nufymD3tmhAsnx9WAgCvfNEYczw,Abhinav Verma,https://play-lh.googleusercontent.com/-A8ErU4Otrb8/AAAAAAAAAAI/AAAAAAAAAAA/AMZuucluKw9xVSVphbFkmeuf8LcdXjmWcg/photo.jpg,I just have issue with the volume button not working when DND is active.,5,1,5.5.1,2020-07-02 13:47:38,,
gp:AOqpTOGDY4TXfgmbIIA1NNNLmTwlRlWBj72nHysIkIAHCnqZ8kYTYdtAg_HiszZNH9rFqsDlmMvn5tFiIc_q8Q,S BATES,https://play-lh.googleusercontent.com/-_MirZwkEeTg/AAAAAAAAAAI/AAAAAAAAAAA/AMZuucnf18SSdjIhkzpQ1IQGetP1I_1AhQ/photo.jpg,"Tried free 1st & it blocked calls & no glitches. Bought Premium, over time got glitches & it no longer blocks calls, instead calls come through muted & sometimes w/sound. Spent much time & testing, still calls are not blocked. Now the app shows that section is in Beta. Unacceptable for Premium paid version. If the app no longer blocks, change the app titIe. I ended up installing their other app (Call Blocker -free version) that actually blocks incoming calls without the calls coming through.",1,9,,2020-06-15 13:13:34,"Hi, sorry for the late reply, I'm working on fixing the bugs, I hope to be able to release the update by the end of this month.
Best regards.",2020-06-22 10:01:06
gp:AOqpTOEQbnBv4hMeCJN_VVmo6PnLhohiADgYgt4Iv6_fzxCWBIhKu4zJ9IDkdespJdeGUwSqS79lBl7u3zbtbA,John Bunch,https://play-lh.googleusercontent.com/-zCBwYa7wEck/AAAAAAAAAAI/AAAAAAAAAOQ/AMZuuck2mvH7HZ8FKktAJR8JXBESKlUqpw/photo.jpg,Simple and easy to use.,5,0,5.5.1,2020-06-06 12:29:58,,
gp:AOqpTOH-cQvjttx_x9YLufovnYyEdy8HygnmMo2NS50K_tLK_UGVSP5b3rBJafogE8RpYx2Pio4y-fJeA8coww,Kyle Welch,https://play-lh.googleusercontent.com/a-/AOh14GjPliHSH1mkBdL8u1GeBZTQ2EMxkUfUoFebfZ7Wsg,Interferes with 3way calling and click to call fetures with google apps.,3,0,,2020-05-23 12:44:27,,
gp:AOqpTOFIPco1um5PwbANh3cA6NW9a0cYGjgRtWEQ0Qu6WN3ng9uBTKhrHGhdlslk7HNr9UgAKkvxlw0ZYMkUjQ,Reinhard Helbing,https://play-lh.googleusercontent.com/a-/AOh14GgPzfthHznuKyik86T92n6jwi2Vr5OH3bH5JI8L5Q,I like using routinely!,5,0,5.5.1,2020-05-17 08:17:55,,
gp:AOqpTOGq0Mi2iWByZzLM7RgIrEdpY8ELNjgk-UUXa070k6K2fDjZBwWJlLie0Fa04Wu_CvXXRp60w-1LlYKVxw,Massimiliano Avalle,https://play-lh.googleusercontent.com/a-/AOh14Ggk_oSaH8Tw_F9rsJTA-lUO__32HaTiQbgSh3fhsw,Exactly what I need. Some minor unpredictable inconsistencies but on the whole a great app,5,0,5.5.1,2020-05-07 12:21:38,What do you mean?  Could you be clearer?  If you want you can write to fiorenzaf@gmail.com.  I'd love to hear your advice.  Thanks,2020-05-07 12:24:17
gp:AOqpTOG0s-8BPYHorJiOpvpq7sZACFh85upCCZzDyXjazF9tjYtq64HfOmqEbJ63kfMw__r1YcBfSXCQEQ6C5w,Jeroen Joosten,https://play-lh.googleusercontent.com/a-/AOh14Ghsb7NawaZEcKnfsuan4OZinkhmREGZmiQlPh3VUsM,"It seems to be working alright but it needs to be the default app for caller ID and spam calls, which I'm already using a different app for.",3,0,,2020-05-02 12:42:53,,
gp:AOqpTOHOta7TbCOgGI8aCftk9JQA6aBqxy90lEVY-udrAG8thoeiwuY-CQfkQ3mnngIRuELyl7cyM9NurRkH7Q,Josh Stangeland,https://play-lh.googleusercontent.com/a-/AOh14GgGANNtaLYRvwJKmwrZSyZVOlHX-NhARPjQ9RklJQ,Good reliable app.,5,1,5.5.1,2020-05-01 00:17:33,,
gp:AOqpTOFMZy5kVt6AX-dtxpBNZVjj7T7jiNFM13KzHcCR2QrS_0_d6hKiFIGv3Oxvp3WJeLyhkSiNXpu25hNqCg,John Payne,https://play-lh.googleusercontent.com/a-/AOh14Ggeblrum6cUbq61N2pws35zrW5CWVSqiVYnaYd6Bg,"Great App, works well",5,1,5.5.1,2020-04-28 23:50:49,,
gp:AOqpTOFaWPLE16UeI9frFlpE6mgQy0TfiLYHwv57AVNS-nX8iikDvsIvSuG9uy4im7B-C0kifsKTvNZqNpvfcA,Jordan Miller,https://play-lh.googleusercontent.com/a-/AOh14GjHYR6eCgm2qxmlRm98Te32Us_b_j0UZuB2qsebH8E,"Ok, surprisingly functional for a free app. The only problem I have is that they hint at a whitelist for numbers you want to disregard and not block when all the others are blocked, but I couldn't figure out how to access it. I'm not even sure it's there at all.",3,4,5.5.1,2020-04-26 16:11:49,,
gp:AOqpTOF4dWE8wx7VGX2bw8ey3IMpmZm1A1PksR3VKk_UpDCF7jDPCqruh50ISwLSqzsgNy0UZ3iIWt21yJl0bw,Michael Steyn,https://play-lh.googleusercontent.com/a-/AOh14GirxvOJJpJPhP2zQS84Wz49L9QHJKPvSqiqqOm0zA,"Good app and does exactly what I was hoping it would do. Just one thing that is very irritating, when in ""do not desturb"" if someone phones that is on the white list, you cannot mute the ringtone like normal. Volume up and down or the lock button does nothing. Besides that, its great",4,6,5.5.1,2020-03-27 23:12:18,,
gp:AOqpTOFou4ZqlqsmxpM-MiXQtFtQh8VIf09w7N4IJ0aHqXfLxTDxw2Wek7hAK3tYSQI822uISoM8B3n4zscIRQ,Russell Segalov,https://play-lh.googleusercontent.com/a-/AOh14Ggndw2araNBTTnyBIfvvblCvLXktXIVQNiuXp6JiQ,Does everything I need,5,1,5.5.1,2020-03-24 01:44:12,,
gp:AOqpTOFC9NwOwr0gudAY-UJD5H4Oao628tyzn_ULfD0cUT1pFWL8RauDVeeL0oh_nQVtkkbfK4Spy4QU7aSu9g,Anja G,https://play-lh.googleusercontent.com/a-/AOh14GgPEUwnFUWeKwe4MXhr3Eb7haobc2j4cR952EGR,Tnx,5,1,,2020-03-09 09:36:26,,
gp:AOqpTOGS4pOlvJsT-0mNYMV4qJfF2pCKTHtVQ9_0kygvoRVT4MAQD96B3YynsAbLmEWIxGTlYHGXPNR8PE69xA,Jon Asher,https://play-lh.googleusercontent.com/a-/AOh14GjaIsjOe5W0gy3zaFJdH5Vgq88-EDtBJFGSqT608Q,"Good, solid app. It is feature rich for a reasonable price and the support from the developer, Fiorenza Francesco, is superior. It supports multiple profiles and even sets DND for your android calendar events. Once you set it up, you can forget about it and never be disturbed again. I had a small problem, contacted the developer, and he had a new version out to fix the problem in 24 hours. I saw where he could make a small improvement that would add a lot to the app, and he is working on it. I haven't seen this level of support from a developer in a long time. As a developer myself, it is refreshing to see this kind of dedication and professionalism. The FREE version is good, but I would definitely recommend you get the premium version. It will be money well spent.",5,0,,2020-02-28 10:51:09,,
gp:AOqpTOEfZUK4Cu9xpI090_hNt-Sgs7SZkwSsWCCimxyDjxIBboyEbx-EvNnzmRkfRqS0ZTztrY2qwkiWIxa65w,Aaron Fraser,https://play-lh.googleusercontent.com/-5-oWBHxDWKY/AAAAAAAAAAI/AAAAAAAAAAA/AMZuucltKQniXnn9jBsztCuSgvyXjiHxWQ/photo.jpg,App keeps opening when I try to call a number from Google maps or internet. Very frustrating!,1,1,5.4.4,2020-02-14 15:00:40,"Contact us on fiorenzaf@gmail.com, I will help you understand how to make sure it doesn't happen yet.  Thank you",2020-02-14 19:05:35
gp:AOqpTOGouCud2wPaTWzwPbA5zZ-0j36TE0hluj3l43bMBBrL4-hgZSlet8zLHxfm1B14bUe639NMuNtxqnB4og,Mason Buhler,https://play-lh.googleusercontent.com/a-/AOh14GitmdT6msvTAJurB8s-UdM66zMwLt0rXA4IyhG0yw,Great app... so handy!,5,1,5.4.1,2020-01-30 12:01:04,,
gp:AOqpTOHHyqgZ77JaYWcpa1nh5O5wZ2_dG-xJlAbWpKVueJlOH1AHi2u0I19MHZvhzAg_t8cfIEIQ9I8jbI7ybA,Aaron Leung,https://play-lh.googleusercontent.com/a-/AOh14Gj-sSBL8HQLEPy7w9UfRCxDOcUndZXs5gm7nMef5A,"Having used the built-in DND in my last Samsung phone, DND has become indispensable for me. However, the DND in my new Xiaomi phone is too restrictive that I couldn't configure the sound settings to my liking even with the help of Tasker. This app saves the day. And I've gone premium after trying for a few weeks.",5,2,5.4.3,2020-01-30 05:38:50,,
gp:AOqpTOHx4SFXmOWnf4fBlvAQXQQmr9pihTdkbHD8BTMoTmmrUP_2306BhbBhA8p0JFzHbps00nC7VVsAmCxDHg,Guillermo Morales,https://play-lh.googleusercontent.com/a-/AOh14GiFIxhEYdjI66YvPvjQX0DbhdUCCtvaZ2Udj8UBmA,Great app. Very reliable. It does what it's supposed to do. Developer is very responsive and respectful. Highly recommended!,5,0,5.3.1,2020-01-28 18:30:38,,
gp:AOqpTOHh8sech2pPdKJ8U7dUP2auIV8ZZFveOlNX-WY9SyFprnNum2K6Ta1DosMTXyfxHkzAecxd67Pg6RJDDg,Nigel Dyer,https://play-lh.googleusercontent.com/a-/AOh14Gi0_ADmNVpSk6hhRxWpNRa_wNGOlmNdq3Spmzau,Does everything I was looking for. The only slight complaint is that it makes an unnecessary sound when it comes to the end of a silent period and there does not appear to be a way of disabling the sound.,4,1,5.3.1,2020-01-12 09:34:07,,
gp:AOqpTOFiYwin7ezWBvGjlW47VVriyYAIuOBRJcS4v7Bp06qhD7B0LZvIrUDLJkmpW6zwphs2oasC4gCmOSMtRQ,Scott Clark,https://play-lh.googleusercontent.com/-mhld22h4wPU/AAAAAAAAAAI/AAAAAAAAAAA/AMZuucnd2esUuTP1RpBh6w1RAg0c1fa8ag/photo.jpg,"Had Nights Keeper app. Lost functionality with each android update. Have Note 9/Android Pie. This app works great. Only issue is if I have app turn off Bluetooth, I will have connection issues when it turns it back on. Current solution is to not have it turn off Bluetooth at night. I wrote the developer about this. Haven't heard back yet. Not a big deal. App is great overall!",5,1,5.3.1,2020-01-11 13:48:13,,
gp:AOqpTOGxETeJe4Onvtn8s7JEQN3G8_AUc58N7ySnziPBZKB0WM2cjdvuiy55b9YTb3kCRkxlWFWC4iRbDIl-yg,KC,https://play-lh.googleusercontent.com/a-/AOh14Gj6tPzDdXGkxzRe5-CbFIY8DJKWtZReUfoHuzJQOg,Great app. Reliable and simple to use so I dont get disturbed in middle of night. Able to customize to receive certain notifications.,5,5,5.3.1,2020-01-05 05:47:21,,
gp:AOqpTOEv0zJAnNHlZfyQCbkPuk835Ea5NuSzqyRmhi7n60zDvsKpLurmT-9YjDfuZzZ34O4_rBdrlYUvAeEubw,Kishorbhai Prajapati,https://play-lh.googleusercontent.com/a-/AOh14GhWqZBjx3075-qAENfHTfSi7m1a0uBhErv_gYSk4A,Good,5,0,5.3.1,2019-12-28 21:40:45,,
gp:AOqpTOFJCH4DOvUHJf734XAFzTGVEKQtgVcUEqxBUYsiIFau-bykjzVjEHrpcPlVPYGxRx3CFGI5TBiDZaZ-2Q,Robert Muncie,https://play-lh.googleusercontent.com/-RZIp4iq4M6w/AAAAAAAAAAI/AAAAAAAAAAA/AMZuucnZkIavS2plhMbh3d5UlCeWMAuxKA/photo.jpg,Does what it says it will.,4,1,5.3.1,2019-12-17 23:33:56,,
gp:AOqpTOGo3-wFyJHay5HRIJJUF4hy7BOWMDz8OYH5myywVsaCf639VQqUzWPfNkMo4JIOxkr1pG9_Hg_WBe4hKQ,Yinka Oyesiku,https://play-lh.googleusercontent.com/a-/AOh14Gg2o-xWWwSUcf_qnpxI0I4GxcIW7jTaBssnfzfBCA,Great app. Works as described and very easy to schedule do not disturb periods.,4,0,5.3.1,2019-12-17 09:24:19,,
gp:AOqpTOHOuWzMsAa9m8vd3kYQU6JsU4cpEPtAxZjaHC4csHAw00NTCqL9C-pXj9ItkRPoF6MFQ8Yf2si_Ncfa5Q,Nathan Rockwell,https://play-lh.googleusercontent.com/-aYU8ofS4g7c/AAAAAAAAAAI/AAAAAAAAAAA/AMZuucksjXzRSpwmVTiWB9TQNYctJk_wcQ/photo.jpg,This app works great and has been the only reliable one I've found. The only issue I ran I to is that it doesn't work when calls are made over Wi-Fi. I turn off calls over Wi-Fi and it works perfectly again.,5,2,5.3.1,2019-12-14 03:14:59,,
gp:AOqpTOEjWCmPF1Q0N1W-fzzLmW9luVw6eas-wmKIIdEsbKho0vdX7_IecnYWVnBpFj9rLlmC1EZG_fNjzF2hsw,Pam Sinnett,https://play-lh.googleusercontent.com/a-/AOh14GjxYp8dwZcxc_zMkNjSR1Mn7DtoYvPyv8zIUAe7,"For some strange reason, the built-in silencer in my new Samsung S8 is vastly inferior to the one that was on my Nexus 5X. This app replaces the lost functionality, allowing multiple different schedules (e.g. every night plus Sunday morning, etc). A minor quibble is the method of setting a temporary block, like when you go into a movie or something that's not repeated every week. As it is, you can block sounds for up to 30 minutes; then you have to click again to add another 30 minutes, and so on. It would be much easier if there was an option to silence for 60 minutes and then add increments of 60 minutes.",5,0,5.3.1,2019-12-11 09:36:05,,
gp:AOqpTOFKjuhG48xnyMhgvP2W-CYy10RDua2o8xJYkQLcC2yzcdND7XdVL94n8ftknJKSamxgLFg2Io1F902U4Q,Tim Lynch,https://play-lh.googleusercontent.com/a-/AOh14GjwLusYYO3fw6rtjgsrEHOAJgi-1nNU5jZv-PcQow,Keeps buzzing but ok,3,1,5.2.8,2019-12-10 11:21:35,,
gp:AOqpTOEVIb6cpGVgsSs1i_xF1vEnsg3s-ESmLw8OwHkRBDyJsZz7mcNBhOC2OHiIfPceyBOvlybFvKMTQ1rLlw,Marin Bastic,https://play-lh.googleusercontent.com/a-/AOh14Gj4_gxkV4XGz9B1R8BLChsvjC8lXkAzOlm2R9dGFA,"Is it posible to add sms autorespond, everything else is good",5,0,,2019-12-01 16:33:03,,
gp:AOqpTOE04j0XskMJ7yfeBA-xcc0GjW_E2-B6V4cqHOrEAZQn_xkqAggunkZU1-5px6j1l4lUjVh3wMuR1a0jCA,Jeanie Whitelaw,https://play-lh.googleusercontent.com/a-/AOh14GghHDcvLPbV3NgPad3oc4FzSODQolPdbNFEwkP0oQ,"I love this app. I've used it for a while. It works exactly as it should... and how could any of us ask for more than that. Are you getting phone callz you don't want? Install this app. Create a phantom Caller (mine is ""SpamCalls"" & save unwanted phone numbers to that Caller. Then block all calls for your SpamCaller record. That ""Caller"" may exceed, at some point) the number of phone bumbers allowed... create a new Caller... mine is ""SpamCaller2"". Simple & will improve your life dramatically :)",5,2,5.2.8,2019-11-17 13:41:11,,
gp:AOqpTOHpovB51vcvRnnZyfMibO07K-io82K_HfkEByUA9CvEAYcVsYarRuaW9TytSFWrD7icz7cDi7oQa8z-UQ,Tom Howard,https://play-lh.googleusercontent.com/a-/AOh14Gjixva33wcDhRSMkFDWNmWphkK__cxaHFp8G4tTng,Works great,5,0,5.3.0,2019-11-16 06:39:44,,
gp:AOqpTOEnl1T13GOh1jNyiLwmbQj547JqhQlk1BF5_qUJNF5QTDuc-hgkETGz8fBg2J8HZ7LvX3KcDtSk2ug-qg,John Asbury,https://play-lh.googleusercontent.com/a-/AOh14GhjVtD5QXcljNUCD6Abhl_2eQdw7uW8zRea3XTTAyE,A little buggy but works and I really like the ability to have multiple profiles. Whitelist ring is very loud even after lowering in settings. Also when lowering the volume to 5% the app begins to ring and nothing but a reboot will stop it.,4,0,5.2.8,2019-11-08 11:30:39,,
gp:AOqpTOHsZghGv66ki--CC9hlsICUJtUjYPfCVkvkieLufJU8jV7stKrX5uN0BUwAySigEeQR7nIKLFBr7uAKDg,AbiyShay YisraEL,https://play-lh.googleusercontent.com/a-/AOh14GjxwKvws62deGkR_uY5Iai4MrDy-sOV6lzaOeQ32A,Great app. It works!!! 👍👍👍,5,0,5.2.8,2019-11-06 17:10:38,,
gp:AOqpTOGUZZbKH7bsn9ccXz4bzBDnorANev7bkqRG1uLWURtEl1C4-4-eXFN7KSawWqiC28L5GjYccZ207CfezA,Camille Cardone,https://play-lh.googleusercontent.com/-kU20l91vVGg/AAAAAAAAAAI/AAAAAAAAAAA/AMZuucmOUFjq9Dw8a3V61CCGmKCioGSkFQ/photo.jpg,"I only want one person to be able to call me on my days off and this gives me that freedom. $2 is worth every moment of sleep I'm gaining. Thank you Edit: I forgot to allow my alarm to go off, but it worked like a charm. Slept for 12 hours 😂",5,0,5.2.8,2019-10-09 11:29:15,,
gp:AOqpTOFM4SR8m7Y3IUJxcGZAdws_9UPW5WRp797iaRMTtnG_U3rVdwFzrzvGhLeI4yIo9eMHfLjuwNXRUNU6Qw,Soon Kee Leong,https://play-lh.googleusercontent.com/a-/AOh14Gj7QXtTXvk_VLsFdXacD7S3vejaDnztkOsuwesHYe0,The app keep crashing after installed on Samsung Galaxy Note 10. Was working fine on Nite 9.,3,0,5.2.8,2019-09-24 07:04:21,,
gp:AOqpTOHl2DeGQhjVOoZx4v8ODnglDccDbGCFYwzSJ2ctfjQqudiUTzB-M3EGjmqMKXFl6BHD-ZZDBUPQUD7koQ,CarS,https://play-lh.googleusercontent.com/a-/AOh14GjEZJmpE2bREtMG7a4YJJSPMsNNQyM9ngf1_-HFWA,Does exactly what I want it to do! Love this app.,5,1,5.2.8,2019-09-18 11:36:33,,
gp:AOqpTOH4r8r_hKWqk7OnjQFpfaoD2yOhdOFxOZ62eGgNzIHAiZOWPJTkCyGp49KGP7O0pN3RyQE7A9al0PCMwA,Joe Kirkham,https://play-lh.googleusercontent.com/a-/AOh14GgNe8N9FdbUUuPCr88Lqav5y_QCzZ40mG-u07HqFw,One of the best I have used,5,0,5.2.8,2019-09-13 11:27:42,,
gp:AOqpTOF6aKaDVnWq2HJNSKw6eKpBvhGbGFMrei7URnNUHaJMVRqoAccIQDJhX_UMXQ9ruo6eCw_kzaRUQaGdDA,John Edwards,https://play-lh.googleusercontent.com/a-/AOh14GgSL3A4uNK55CxA0tBBCepFttdqYiitPwaCjUyY,"I just upgraded to the paid version since this does exactly what a DND app should.  I have a work-day schedule and a night-time schedule set up to keep my phone from disturbing me at work, and while I sleep.  The only problem I find, is that I don't ""block"" calls, I simply mute them, because sometimes I want to see a call or text come through.  If blocked, I don't have a chance to answer.  The problem occurs when it is time to shut off, the phone remains muted which means I don't know people are calling outside the DND time frame.   More than likely, I just haven't figure it out fully.  That said, great app.",4,2,5.2.8,2019-08-13 18:50:14,,
gp:AOqpTOGCzVqbHa2sBIFnCdcydz0YlRKUU8tzk_r1QWjcOaeKpQ89K6CgxY3XI4Rl95CUz63BHBEXICqEfHuhKQ,Ken & Dana V.,https://play-lh.googleusercontent.com/-3_sEKk3KTNc/AAAAAAAAAAI/AAAAAAAAAAA/AMZuuclxiZW5SaHsSBR7tuAlN66Yoe5USQ/photo.jpg,"Works well. When one has more than one profile, persons can be White listed for all OR less than all profiles. Currently has no option to White list #s for texting.",5,2,5.2.6,2019-07-28 06:43:46,,
gp:AOqpTOGYE64bcKkQSa0Q5YlwwDeFNHHU4PNfTjZd52N9pqvz9R5ck-Im-lc8OCWxuqUen_VvhdGMJklQ5j85FQ,Jonathan Garstin,https://play-lh.googleusercontent.com/a-/AOh14GgmhYgYyTsD-bNFxHUI-c08HbKU0sfXBw7AkvNrcw,"Basically good app but conflicts with Volume Locker even though 'do not disturb' enabled, so, it will not work",2,1,5.2.6,2019-07-27 03:43:55,,
gp:AOqpTOFopmh_eqsqxCtEyB5GlsvJnzIOKTynvkgxabcuieLZtVlyMw-PLonlURRE-UkW8kWqqYRxeUQIpA6wJw,Rodrigo Vazquez,https://play-lh.googleusercontent.com/a-/AOh14Gi6_Y6M9zs7y0v69gJNQe7Vfsl6CCipVFMkA0prTAQ,I needed to silence just a few apps on different hours and this app doesn't do that properly,1,4,5.2.6,2019-07-12 14:31:01,,
gp:AOqpTOGGvBR7vaaBCvWECZIvpKwuLOBTh_56B9pmtiHgbAoKIt6fWP06-nSCboRvkAD1MHBcpRNEDSFSrFyh7A,grover Howard,https://play-lh.googleusercontent.com/-e04_w4x9uuI/AAAAAAAAAAI/AAAAAAAAAAA/AMZuuckolLFV-g_-wWzXAFIF_My-J_BhDQ/photo.jpg,I still get calls from numbers not in my contact list,2,1,5.2.6,2019-06-28 13:51:42,,
gp:AOqpTOGixd8bYG51pqVXa2HcMZ3FCzAfuy4pTNb4F7AFc5Ls_ADDZXjcJnDolfI1cGQHbCWmj6j6DT_Egbytyg,jonathan grubb,https://play-lh.googleusercontent.com/-rQbv1iTSQY0/AAAAAAAAAAI/AAAAAAAAAAA/AMZuuckdBl8TwBqKNWhMmabFRKHvdT2Ynw/photo.jpg,very good,5,0,5.2.6,2019-06-24 14:59:32,,
gp:AOqpTOEDY1x6lEfvKxgjYAOuqMoxdHHUgrBd35O5FHT3cGHOzvfMowrPZI95F6jEomuz3IDtDL_PfgMZVKxlpg,Manta Trip,https://play-lh.googleusercontent.com/a-/AOh14GgN-_WjehRtAGhUyirSZ--18hEE5N0cmtSb5UiHKg,Perfect,5,0,5.2.6,2019-06-15 23:04:05,,
gp:AOqpTOGL62DeXVQp2zKpBRnKkmiFlNEC3DnFOPlk28dztPR5uyOhmIiq-cqsIbJ78ULxtRSLr1D7v3pJYKKOWw,Beatitudes,https://play-lh.googleusercontent.com/a-/AOh14GhU1x00x9INLxKr1BQMR4vdlriOkiAEjmnR8RKr,it's not bad.,4,1,5.2.6,2019-06-07 03:26:30,,
gp:AOqpTOE0Af9TfE2tC5VV_T6zZsY9LdfdXq7uJqpCuKUK9OqSMpJxncSnax6FZkkTtlKeG7UtL1oXm08VuvlvTg,V Mitchell,https://play-lh.googleusercontent.com/a-/AOh14GgNQXmWp9GvyarujEVT7NwtG3lHCsZxMDU9MMdTLD7o,Absolutely awesome 👍!!!,5,1,5.2.6,2019-06-04 21:55:58,,
gp:AOqpTOHK6VNSILUqqICesCn5sW_UqsSue6FV9ZK6zFQDKphu0CUqeJ7gDgF78e0lGxguXCFTZOQpcWePXA_gjQ,Bill Y,https://play-lh.googleusercontent.com/a-/AOh14Gjwv0MpEjnRFs70DvmHeE3fiysdtujXL2Rq0kUFqg,"Does all that I need. Three schedules, easy pause/reactivate.",5,0,5.2.6,2019-06-04 13:54:21,,
gp:AOqpTOETtezRY_SQh9rLMT_V7yYxcpML6GxThs9RKGi1vtVPYz0fK9t06duKvHSnlcVqQckLlwmtzLkpV_fwkA,G Long,https://play-lh.googleusercontent.com/-mWVyb_-JARM/AAAAAAAAAAI/AAAAAAAAAAA/AMZuucmuqDgY2lI0ssXqNbo73dNCRI0YpA/photo.jpg,"Great app, easy to use has been extremely stable and reliable.",5,0,5.2.6,2019-06-03 17:51:34,,
gp:AOqpTOG7SNRdBpc7vPVKot-iIMhNdsjNLRa2fQtYawAy_UAujOn6fQhgA796_OohG0zCSsj33K2mC3MMgYZHQA,Ogle Lowry,https://play-lh.googleusercontent.com/a-/AOh14Gixw-teBs3lcEnZX47g4M4SF23QsGTyzILvY2zDcA,good app,5,0,5.2.6,2019-06-03 04:02:07,,
gp:AOqpTOE0BQ8wZFS1-7xkwdTogZeJbRtIa__bm74OKKW-ampLlLB-RTZJY49zFp6m4Gt8ACLRa24CcvwUlq48AA,Adrian Bee,https://play-lh.googleusercontent.com/a-/AOh14GiEnwTEP6MIsuRo0KA3avLEVZVG3mW0Qg2RUs1u,does what it says great app,5,1,5.2.6,2019-05-25 03:07:34,,
gp:AOqpTOHN-Ndjn5pIXD3Q6eAv3ssNtRxBvDqSVdJfHPFNi3eqWzOISCPkeJW5evlTr3v3j34QG0uqKN8gdZUksg,Peggy Henderson,https://play-lh.googleusercontent.com/-_JK52CwfDK8/AAAAAAAAAAI/AAAAAAAAAAA/AMZuucmL5CUmlLF3wG5keT_g4ErNEYMfuw/photo.jpg,Does just what I need.,4,1,5.2.6,2019-05-23 07:45:49,,
gp:AOqpTOGg18_DzYBbgGNcu7Kaxg4JnYxGS9xnNcoTp9dQ8xIhHtdoyBGo-Bpj2JcY8dI3inOHq_FG-p6IPDFPMQ,Manuel Barros,https://play-lh.googleusercontent.com/a-/AOh14GiasNCi8uaaE_X7H8jSaYzR-cd74JCoBIgmbW5h6A,"perfect! Job well done, special the different profile option. I do recommend not to allow the same contact in the whitelist. It is worth paying. No complaints at all. Very happy. Thank you all",5,7,5.2.6,2019-05-18 16:28:12,,
gp:AOqpTOGj1JzU-aEKaAfVycqotmMwy0vr6VQkudzloK5sQ-tr1GxaImP-WxnzbA-caDrBBrFdoXSoP3lfnIkD1g,Jacqueline van Veldhoven,https://play-lh.googleusercontent.com/a-/AOh14GieNk06UwVl3P72lH736Nb38OBGywpXmCldTgyr,Works well,5,0,5.2.6,2019-05-16 23:01:21,,
gp:AOqpTOE01ZxyuRL8-4j1jQeSuJbvPaGQq0pELTf6QJ10XDoUc2hOTinAp0AzJO84MEy_8NKvR422F5fxQ94wNg,Eric Schrader,https://play-lh.googleusercontent.com/-l_T0vuH_0uI/AAAAAAAAAAI/AAAAAAAAAAA/AMZuuck8CVJPPwPos_h4qwzE1spdBiHrdw/photo.jpg,doesn't allow calls or and sounds. either all silent or all sounds. very confusing to change the settings.,1,0,,2019-05-06 09:31:19,"If you want contact me on fiorenzaf@gmail.com, we'll see if we can solve problems !! Thank you",2019-05-17 01:36:24
gp:AOqpTOHpavfwWwalg3YTgkkwq6KlB0WkYzhmiJNu-x98mLeu2Yf3rm2y5UtfWMP2A6Rp_D60qz7whcK_5SLEaA,Kim Bauman,https://play-lh.googleusercontent.com/a-/AOh14GjAv4Lk36T6XFLBJdOgyFE_ivg-B-mn4r3e_Ffqtw,I used this app for a month or so and it was great! Then it stopped being reliable. Reminders would sound in class. Really embarrassing. I dialogued back-&-forth with the developer several times but she never resolved the issue. Had to uninstall. Too bad: this is the only app I've found that's supposed to link profiles with calendar events! I'd love to reinstall if developer tells me the issues are resolved.,1,1,,2019-05-02 06:29:04,"If you want contact me on fiorenzaf@gmail.com, we'll see if we can solve problems !! Thank you",2019-05-17 01:36:37
gp:AOqpTOEbNmkFC8hhztehTnq7rQW0Y-xddCoBG8UmLqQByHdF1cyMi5EOy2vSkLig_U4TqiHwhfke7-STMGLPJg,Neal Brothers,https://play-lh.googleusercontent.com/a-/AOh14Gi7D3iYHoj-wu2DOCDwokVUyMua-fLRFrNjwLO8,"just installed and setup few hours ago, and it works perfectly so far! blocks calls and text messages on T-Mobile S9+ Android 9",5,0,5.2.6,2019-04-25 18:43:37,,
gp:AOqpTOHehxFiKImXS1re9ZTlIiVq1vrlvz1sywEXEEf6q7jm6Jg7rlqHKlkzKrFBUac-BP87eCjd47YXkZoi8A,Bryan Welch,https://play-lh.googleusercontent.com/a-/AOh14GgmGyaiU9bSaCgaVqaznZWdZX8aAcWt-Mn7XG4cag,"Works well, easy to configure, worth trying",5,0,5.2.4,2019-04-15 11:02:22,,
gp:AOqpTOHJL1jovYwFO45bHw8mvmfZ3EuSgVFTukosqqoKaVjJf03_5QD3rWGml1NO-xffOSVX3SlQJM2_J4m5Kg,Roy Mak,https://play-lh.googleusercontent.com/-IDoMxoeHlLQ/AAAAAAAAAAI/AAAAAAAAAAA/AMZuucmZbem68OX-Iq3feeSezN3lSXYSUg/photo.jpg,Great app. Really enjoy using it. Had a problem after the update but I sent you an email. Hoping to receive a reply on how to solve it.,5,0,5.1.9,2019-04-01 21:35:45,,
gp:AOqpTOGBXJo_VrqLh07j4q6HtBivSrgezthDv7_09fP8r0_UQZJO8_D4trCIo6SeFtEDe77erFqCZW_NobSaPQ,radiking johnson,https://play-lh.googleusercontent.com/a-/AOh14GibJQw9FB64aXLMPMCKki_CtIBgVIv0BxzV7tFEoQ,good app for dnb will update after using it properly,5,0,5.1.2,2019-03-27 08:54:49,,
gp:AOqpTOGqg3941aX8BOaTJfwXjOXfyCx--Hp5XnS6uUQIYNRIYjm61LLeNXNDrbC7ylyzeRr5grqXA807GymQkA,Martha Conroy,https://play-lh.googleusercontent.com/a-/AOh14Gj9cj1h59M_rFi2rUmcnPfc-spdmsHXpthXVYHa,"Bought this app for complete DND and because of the great reviews BUT it still allows text from anyone to go through. If I wanted to let texts go through, I'd have saved my money and just turn on the preloaded DND.",2,17,4.4.2,2019-03-08 23:57:23,"With the new version it is possible to block also the Sms, write me on fiorenzaf@gmail.com that I explain you how to do. Thank you",2019-03-12 10:19:21
gp:AOqpTOFS0VXU3_iO08hx2vOh2mb6RwO_SAF6WSPDQmxtxyH_mmTBoOpYjfldkKZ0Ctd8zn6PoJ9QeL45qAg-Aw,AshrafShahar,https://play-lh.googleusercontent.com/a-/AOh14Ghpd2ub61z7jIYwutINeg96kGIsEtZVrgJ26jnMXg,"after i update this app,its can't use..It can't activate do not disturb..why???please fix this.",1,1,4.4.2,2019-03-07 05:13:31,"Hi, write me on fiorenzaf@gmail.com, please. Thank",2019-03-07 05:17:10
gp:AOqpTOHrVFey7190i_Xh0usoY4kbnwHeU6YUHKtyzY0tOYg1faRKKz7DV3VC1mic8wh3wOp3J3YGuMEg7N-Sjw,A Google user,https://play-lh.googleusercontent.com/EGemoI2NTXmTsBVtJqk8jxF9rh8ApRWfsIMQSt2uE4OcpQqbFu7f7NbTK05lx80nuSijCz7sc3a277R67g,Nags about location access and rating so 1 star it is,1,3,4.3.7,2019-02-17 14:45:05,,
gp:AOqpTOEUp2gshe4h9NbjpfAC-nJIkUPMXF58RFX4HnaUIx1O3BuFPEbpC5_VNsKFRD3powXqO0Kg76PHByYgzg,Kamal Nohria,https://play-lh.googleusercontent.com/a-/AOh14GhN702NkqDaZphCvJMVWhPPWvOfHy2_TMZPXXm79A,Very useful,5,0,4.3.6,2019-02-15 10:13:07,,
gp:AOqpTOEPw6MHQCVOpIX1p9Oft8WsmY0saZLkStGkRMgVqAyq93knGmTdHGkhS_SbOcxU6MahTdOtgx2_vgz-tg,Peter Harman II,https://play-lh.googleusercontent.com/a-/AOh14GiFaX2juNuo0ItlqWatrNT2zITEs3GCYyc3YEsmvQ,This app is garbage. Creator hasnt responded to my messages either. I want my money back. Do not disturb? Should be fo not bother. Edit* I wrote to author. Did NOT help at all.,1,2,4.3.7,2019-02-13 18:52:34,Exscuse me. Write me on fiorenzaf@gmail.com and I help you for problem fix!! Thanks,2019-02-07 22:05:05
gp:AOqpTOE6mVLp4m0N6IjpZ5Dv6hnqr7o1LpSCndwi5rBvr6aZ59exH0awfxeg8on-iTrljA5P8qIaUErHeYlANg,Techtor Sohail,https://play-lh.googleusercontent.com/a-/AOh14GgFn4K381rQCKyJ2F0-am1vyNPFdr4Wd-JMglXd2w,"please add option for on demand mins/hours for ""do not disturb"", in addition to scheduled profile. thanks dev",4,7,4.3.3,2019-02-10 08:55:04,Write me on fiorenzaf@gmail.com for best explain what do you mean with example. Thank,2019-02-10 16:16:12
gp:AOqpTOEaMXMptdYivu1-ZTZjfYlLQ6ySr1iuofJRdU04NdJBF2CyKTTug-P5B3mpsuZeTGNezHofQbwwChLq2w,Georgios Stavropoulos,https://play-lh.googleusercontent.com/a-/AOh14GhcWjmdi30tAwhg61-ZWw_yaVYA7DL861kFik1gmQ,"Sorry but the application works sometimes only, why ? I had this app for over 2 weeks and it is not reliable. I uninstalled it (OnePlus 6T phone latest software).",1,1,4.2.0,2019-01-29 22:00:42,"The problem is caused by the fact that the android battery management, blocks the automatic start/stop of the profile, write me on fiorenzaf@gmail.com and I help you for problem fix!! Thanks",2019-01-29 23:46:22
gp:AOqpTOEUBtyoO-wyNIMw322fGaOxvLjrveSOfFsC4z4C9YCfw8j7U3FpAGV35nid2xzC960O-yZHi1l9O6QmrA,Ronald Butt,https://play-lh.googleusercontent.com/a-/AOh14Gh5HJGnPenoTT4ZpajvqnAayTPYwnjUCSni-DjqBGg,profile will not stop at time at. doesn't allow me to put the volume back on. thought it was just the beta but non beta app has same problem. if it gets fixed will reinstall.,1,0,4.3.0,2019-01-26 04:31:09,"The problem is caused by the fact that the android battery management, blocks the automatic start/stop of the profile, write me on fiorenzaf@gmail.com and I help you for problem fix!! Thanks",2019-01-26 04:40:59
gp:AOqpTOGH1ZeGZeZaTe7Y4ipvLCXQ8IaXxh40-MgvXMhQ_-dKCWduhBZlT97rfZnh-gdvsFpQq3-XT7Sbzqlf9g,Martin H.,https://play-lh.googleusercontent.com/a-/AOh14GjOmI8JbidHzh4GmnavFWz7rcVEUdwhEdKN9JD97Q,"Works, though I had issues with it.",4,0,4.3.0,2019-01-24 00:20:21,Write to me at fiorenzaf@gmail.com. let's see if we can solve the problem. Thank you,2019-01-23 12:17:58
gp:AOqpTOFjBVzf_pC_V1i7LJBBpKKCROTtkb78jigRZk7oS6gTVZQFFLm6Y4PgBVDFZ4bzXf1x-bymQdtNKYV9DQ,Kenneth Drinkall,https://play-lh.googleusercontent.com/-wMnUUfX-no8/AAAAAAAAAAI/AAAAAAAAAAA/AMZuuckKRaNVXEh8nIMaHfUgwXDPIQCNwA/photo.jpg,"fixes my dnd for moto z force where verizon broke in android bloatware. had the free version, but found the premium version free today. totally winnning. thanks for a great app.",5,2,4.2.0,2019-01-16 20:22:49,,
gp:AOqpTOG_q_7U2Hp2qx67urPg67jK980oPD6KVdxjaEHYVDFlztwnsUDdpTC6Lvu798oSkzprfVsd7h_RsGlMeg,Dave McMaster,https://play-lh.googleusercontent.com/a-/AOh14Gj5dgwKK3iT_kb7pig8R8f-pYv8DhqNsbfD2DGVQQ,"Took it off battery optimising and still can't get passed the second page that says click OK below. There is no ""OK"" button on the page. So I can't really asses it fully.",1,0,,2019-01-16 09:44:30,,
gp:AOqpTOHZZ-1HTCMHj93irbAQSBc2aYiUbJqeaoMUClEoXr25xrkrphUo7A86ht4rSV4TeTc8VChK8rjSx5fguA,nascent nascentt,https://play-lh.googleusercontent.com/-mVkke9YfXNk/AAAAAAAAAAI/AAAAAAAAAAA/AMZuucnm_c6pKrcEEIJ2HX4ptHQphHpyEQ/photo.jpg,whitelist obviously allows you to set what bypasses DND,4,4,4.2.0,2019-01-15 22:33:59,,
gp:AOqpTOFqmAStyTSMLV4hVNjdAMoPKc_YoUwBnP4aWIOC8LOd1e93z3sguvAd-5zw85cF7fvnydndO0aEJkIxeA,Monica Suriyaarachchi,https://play-lh.googleusercontent.com/-d2TrIGtBFMs/AAAAAAAAAAI/AAAAAAAAAAA/AMZuucn4CZoeLKbQJbY2av8EVpic1exmrQ/photo.jpg,Please explain what is the use of whitelist widget,4,4,4.2.0,2018-11-26 20:09:09,,
gp:AOqpTOHgR3F7pmVyuXdL7oR0ym--2WbrIoY4GUs-yVkF1lqvHXkqvLskGvUNnlRsREpQex-vmvAyc3MPV5XKKg,Dragomir Draganov,https://play-lh.googleusercontent.com/a-/AOh14GhW2frzLQQW5gDidCUUa-jna5YNBhcIp2AVumDZ4qU,It froze my phone!,1,2,,2018-11-05 11:12:22,"With the next release, the problem will be solved. Thank you.",2018-11-06 03:43:44
gp:AOqpTOEIfzNWgNlI8AtDPmJrF0adkIzSxIg-_Ef4ZAYiiZr0LxFUDad9qCxdu82hslG-zkqFNSU2vZbF2wdc9Q,Tilan Chamara,https://play-lh.googleusercontent.com/a-/AOh14GiCQbMbdJrgi8ZIQle15oMc1viWZOf0vQ_yqwh87aA,"This is good app I ever used, paid app but very useful for business person",5,0,4.1.4,2018-11-03 17:53:25,,
gp:AOqpTOEdWOqhCiAB53RPRdhbeaiWf_CZ8QPZChZZKG40j27f797-cWPX5xOvgQXFaweJUCKjvVfGK9wj5nxBdA,Trí Ngô Khôn,https://play-lh.googleusercontent.com/a-/AOh14GjDfMLKKZ6ghcFZ1OeRtGi8E1zzZO4WEgizg4i6PA,Could I exclude a group of contact and some contact on Silient Mode Active?,5,3,4.1.4,2018-11-03 01:57:32,,
gp:AOqpTOG7cu85q1SHr5RrBXpGaT5MJ7HQT92XH7FLVl7kKKSPzQIyAhYaKJyzvLQV-Z81mQ0AcFpnhgohByeP4A,A Google user,https://play-lh.googleusercontent.com/EGemoI2NTXmTsBVtJqk8jxF9rh8ApRWfsIMQSt2uE4OcpQqbFu7f7NbTK05lx80nuSijCz7sc3a277R67g,"Like it, simple to use and works well",4,5,4.1.4,2018-11-02 00:35:47,,
gp:AOqpTOGqaJxqVYCmczQ9kjVrhZCEbDNv7jVxjPLooxus_OhUozcuvY2ZlM-ISSlXqgIYm4pdsL1olvdfx6trtA,Mosab Wadea,https://play-lh.googleusercontent.com/a-/AOh14GhJm28i0Kzbzl50AesAc06K_ey8BCpjiO1NSVb8cg,Amazing support and fast responses.. The app is will built and sure bugs will appear but with such support you don't have to worry.,5,0,4.1.0,2018-10-27 03:16:10,,
gp:AOqpTOFEEft13Jv88K6gsS4TU2FnFZLYIv6PSSsxeQcM4gMNmTkBLhqrwgyjCd7TSF4eBs29pDkZ9mbuVQ2GRQ,Katina Louise,https://play-lh.googleusercontent.com/-191epII0w4k/AAAAAAAAAAI/AAAAAAAACsA/AMZuucnhAaSqJogs_gQs9scZ6sfz2-C1DQ/photo.jpg,"If it worked I wouldn't mind paying for it. Short of a miracle 24-hour 
response from IT, I'm requesting a refund. Hope you have better luck with a 
free one, but none of them work… definitely not the contact exception list.",1,1,3.6.0,2018-06-05 21:14:17,if you want we can see together what the problem is. If you want to send me a request to fiorenzaf@gmail.com. Best regards.,2018-06-05 22:22:33
gp:AOqpTOHyQfKhpLJCnVEaNygTzRHbd6sDjAWfzRvAVxPessJTIPzv9A4BuONaOJIQSb9NoiwewC5Lksc3Gv7uYg,andrew lukeman,https://play-lh.googleusercontent.com/-g1nZ20hORf8/AAAAAAAAAAI/AAAAAAAAAAA/AMZuucnVAgIrbWfjMz7NkxSxyhVeU5KnMw/photo.jpg,This is overall a good app but one big downside for me is that when I created a whitelist for my allowed numbers it still mutes ant text messages from those numbers if there is a work around I love to know what it is otherwise I will be uninstalling and looking for another app,3,5,3.6.0,2018-03-28 12:57:47,,
gp:AOqpTOGEf4cU0BHhsq-z6qiLHXzidmw2YSvvVCD4HOGAaytuJ2fQd_uKBGgwvpEqJb9ip2flT9SXtRhZS4e4yg,Di Moore,https://play-lh.googleusercontent.com/a-/AOh14Gjx26pl3QkBxErkQhopfHPQ8AFH1zgN5aKRcyLrzhA,"I paid for the sms and it does not send the message and the app turns off before the set time, interrupting my study or test time",1,2,3.6.0,2018-03-08 19:23:58,,
gp:AOqpTOGgWi68WZYNCBsDKPqqE3eizn6JRMp0YB9emmdwXzN1YMD69wYyC8VT5F-b08NH2vlzHkHUFoM8_kLZ-A,Althaf Hussain Thorakattil,https://play-lh.googleusercontent.com/a-/AOh14Gj6ByhsSaYe4XAsEbUzd9sxwfFBYQ7ZB4FJ_VwRMIU,Useful,5,1,3.5.2,2017-10-17 06:49:41,,
gp:AOqpTOHv63NhcVy7BKm0HqcdeW1v8wv4eg8YiZU4329i1-l1zWnc9wM2je2HzUy2TO0DmRJPP8Q4wTW9Lx0Hzw,Scott Derosier,https://play-lh.googleusercontent.com/a-/AOh14GiInZn4IPAP7_xeAf4kkQFRLy7k42gqb-A38Can7A,"Works great, easy setup",5,1,3.5.2,2017-10-05 14:44:32,,
gp:AOqpTOETaP0xH-ZpjcmR9i2Lgllh6Uqwnju6sD3deMxr1tdISZ4_8FMIE7JD_YEhpBwU2n6MjWHcAHIXKIXLsA,A Google user,https://play-lh.googleusercontent.com/EGemoI2NTXmTsBVtJqk8jxF9rh8ApRWfsIMQSt2uE4OcpQqbFu7f7NbTK05lx80nuSijCz7sc3a277R67g,This is the only app that actively blocks calls and sends callers to voicemail. Other apps only silences. 5 star from me and have bought for support!,5,0,3.4.5,2017-08-15 08:37:08,,
gp:AOqpTOEnbLqzEDb0Y-Bxh0VysdXsQYf6eIe26djOcCvvdz4O4Pex6VIe5IVUDl1-IwCxd8jM2S_L0QXeC4BU7w,Kevin Burke,https://play-lh.googleusercontent.com/a-/AOh14Gjt93_0VQMWm19zFwSE5SfmQn3SmsrTzrQJWs0FQQ,Simple set up and works as promised!,5,1,3.4.5,2017-06-07 03:55:04,,
gp:AOqpTOGj11603hG2KG54fOXUUHN8oc1q86gTIu7XS-BuVz--R4PCiho2F-_DJnLzPL81-tleZstbWj5w5r2gAA,Jeff Kogler,https://play-lh.googleusercontent.com/a-/AOh14Gh8kHsnDlZvgsCIpyld6U8rMnWt3il0qS5cGh0f,Good app. But if starting the service with the widget how do you turn it off.,4,0,3.4.2,2017-05-18 14:45:02,,
gp:AOqpTOHKttdm4p7HibQ0Q6buGUoXhgteQO6CVjkjOkexvu1pNXDzO_Bp5eCw5_gFNpT5vVYCLTuUxoJmCiXgIg,A Google user,https://play-lh.googleusercontent.com/EGemoI2NTXmTsBVtJqk8jxF9rh8ApRWfsIMQSt2uE4OcpQqbFu7f7NbTK05lx80nuSijCz7sc3a277R67g,How can I make it so it doesn't make a noise when switching to dnd? Sometimes I want it quiet and it makes a sound to signify so. Galaxy s7 nougat.,4,2,3.2.4,2017-04-12 04:12:55,"Excuse me, but I did not understand, could send me an email to fiorenzaf@gmail.com, and explain the problem better.

Thank you.",2017-04-12 04:36:48
gp:AOqpTOEdzqopbZ9Ui0fV3ENT2FOxLieWt8BJU5MFv79Hc5jUx1ZxS4D2gCyDys9p1_up13WqeHByz3Cf12DxQg,Ravi Surapaneni,https://play-lh.googleusercontent.com/-QSDzdNNA1gI/AAAAAAAAAAI/AAAAAAAAFMI/AMZuuckIe5QI90rTHIDq9oE1hUnnivRy2g/photo.jpg,This app doesnt block calls when the profile is on.Everytime i had manually go and disable the profile and reenable it.Even then sometimes it may or may not work.,2,1,3.0.9,2016-10-24 00:58:41,"has just released the new version with the correction of many bugs, please try again. Thank you.",2016-10-25 06:23:40
gp:AOqpTOGGFtySXcwsdO0wBG74hCjEotnI__ffX3AfepfCB-sIU5SoW36Ql8aFc4KJDy0LHvW83psCqaZLAZcUXw,Patrick Ford,https://play-lh.googleusercontent.com/a-/AOh14Ggg-u3J72VzZVllT4ZZ2g4mfoWFZKJpx6BjAQ2nFA,Great idea. Decent design. App makes Galaxy Note 5 unusable.,1,1,,2016-03-22 15:50:16,"New release 3.0.8, fix bug Calendar recurrence, try again thanks.",2016-09-30 15:11:56
