reviewId,userName,userImage,content,score,thumbsUpCount,reviewCreatedVersion,at,replyContent,repliedAt
gp:AOqpTOFjhbWvXjK2v9tlvyRp3mV8QFa-WuHZ2Z4SCFLejalOz_8Oq5d-RcnHcYWYhHy645Gua-XUDOo9N4xSGVo,Rich Soil,https://play-lh.googleusercontent.com/-bJerjN0TB1M/AAAAAAAAAAI/AAAAAAAAAAA/AMZuucnEUc_m1mPFRXwdVuX7T4Qha_QZrw/photo.jpg,Excellent to use with my mobile fax app,5,0,1.13,2021-01-02 18:33:08,,
gp:AOqpTOEPqmurbbh8i4rL8GnaMb9MeA5ZQFk8rtCj3Y-gSfD9igQO--62fhcAPPPwlRmlNmXN4JLK6xJGQm02PVE,V B,https://play-lh.googleusercontent.com/a-/AOh14GijgQcXyP4CZR8z9rQp1NtwQIG7GnIM29lbd68xUA,"Super baddd , A plus from me",5,1,1.13,2020-09-06 08:24:45,,
gp:AOqpTOGqlTIT1w1dmPOYz9koyfdFBQOgNpGUaA1vkSW6bGXDXhBFUeQOGczp9jGq5jpnkgVVRTB1olMdRtNhOPs,Eryca Whosentyou,https://play-lh.googleusercontent.com/a-/AOh14GjKAhApVqRskBYPHsVn9nMA9wgX3ArAsnYzM2XjKUU,Love it period ☺️,5,0,1.12,2020-08-31 19:47:35,,
gp:AOqpTOEqcbtgAQinUs22ucKDIXqbgWZ28KwVFmBlDhESCw2iTRRo0yoiAo5J-1v7qlRT4RmCoajhged1mgBtJHk,Stanley Maeschen,https://play-lh.googleusercontent.com/a-/AOh14GjG_soo0jO1rC8B90OnnsV9Vc3GuhvnNxulfS-2RQ,Great use it to use program. Easy to find everything you sent with verification. Fantastic program,5,4,1.12,2020-05-31 10:37:22,,
gp:AOqpTOFYPXzOF6pSmdrWYL5OjIZPwqRZOzqOaNS0Ugvvqn3_JS82CWoqaU3eWgw0xwOXHUpcWfWDfw6KBctj4e0,RD Catman,https://play-lh.googleusercontent.com/a-/AOh14GjOa1nn8uAjK5a_kclf_k2_1OA-vW_ZJMCqUXFc,"What more can I say, LOVE IT!",5,6,1.12,2020-03-25 05:02:22,,
gp:AOqpTOGoBjO9CEzGarFQg6rGfG7mRVYBP8ouCOQ0pmE1rciMRufK6LviVHes5mmJV7iUq6DBRiHOdO5ESBSEWZY,Andrew Kim,https://play-lh.googleusercontent.com/-l1_cwbwJR7M/AAAAAAAAAAI/AAAAAAAAAAA/AMZuuckTMBVFGzYshDAgGM1e8e7wAR5tPw/photo.jpg,does not support additional language characters,2,7,,2019-01-10 14:00:19,,
gp:AOqpTOFSJFaKvJlQzV9xIlZS-Yy2krXTGtcMkq5csnSxpKNoehDE2b7ZQLX0rsfcE22ufD2ulpQYEo701oV5YzA,Theresa Marko,https://play-lh.googleusercontent.com/a-/AOh14Gg4kYEv567PeB7nnjRRnat3NbU0IBZvDh8KELn4jnw,Why isn't this integrated into original version so all my templates are saved?,4,10,1.7,2018-10-29 20:54:52,,
gp:AOqpTOGS3cn26I1qbfQgOwJ-usm2tE1OjJX86ME-omTT8lsumx-HF9EGcJce85HwEqgE5UrB8J-vUFL1Z_QIYoo,3BCLover,https://play-lh.googleusercontent.com/-xsAB35czMW8/AAAAAAAAAAI/AAAAAAAAAAA/AMZuuckfOQUaXFzxdBqCYxKm1J4gn43FxA/photo.jpg,"I've tried numerous other fax apps. For me, this is By Far the best, 
easiest, most affordable app available! Now, with the advent of an editable 
cover page, they have made a solid app that's easy for ANYone to use! 
Thanks FaxFile✌🏼😁✌🏼 P.S. Please contact me - it would be nice to be able 
to get rid of the old, integrated fax cover sheet, because now that I've 
purchased the FaxFile Cover, recipients receive two covers; one generic, 
and one personalized. Plus, each fax costs an extra 10 credits because the 
older version of FaxFile has one integrated.",5,2,1.7,2018-06-28 16:48:32,,
gp:AOqpTOHFkWMzGxxUOIUsh0q00MKPYaWHiBmp3wVPrVELCsF68PELCPvLShNpYQ0kWK-azRkECUbhMadI5JRBbQA,Dana Anderson,https://play-lh.googleusercontent.com/a-/AOh14Gi7pSC6piPth0El_jfZYX8FEH-LwmmCGVtzok1IkQ,Effective,4,9,1.4,2016-02-08 10:07:31,,
