reviewId,userName,userImage,content,score,thumbsUpCount,reviewCreatedVersion,at,replyContent,repliedAt
gp:AOqpTOHhOLF2hPDZlsaXDypaAGWuAYUXQQQ3wMgeBjza50SLqyo0urYWmQ_MMwcRSZPymTA2Rvhy3xc2gTWFJck,D. DYDRP.,https://play-lh.googleusercontent.com/a-/AOh14GiRhmjGer_s-rLHZdklYbrOOrsGfSgy174JtXrW,"i nearly got worried there since i bought the game and it didn't let me download. thank you, now i can play in peace.",5,0,1.3.4,2021-02-08 21:04:04,,
gp:AOqpTOG5LvKEMXyxGUdTm8KLW9kzBG4GjxCxuXyq8NWLVnvFhxfpLKa_ajg6TQwlOOkSmRMHfoxw9yQi0B2T_w0,HusainKapasi212,https://play-lh.googleusercontent.com/a-/AOh14GgbpAmr-SAzMqQwf39OwvEbbC4V7DLiqnck-Rlz4Q,Made my cry. I love it❤️,5,0,1.3.4,2021-02-07 23:48:20,,
gp:AOqpTOE4hcS-xfTehJWs5f4sv4DBxXadvfjUWZUXPSHa_Dmr6l6O_ypPK_sh5uWcR75jg130eoYJuMTbco6pK-A,Vitriara Nadya,https://play-lh.googleusercontent.com/a-/AOh14GhDCxRYAqklq2jUrEf8fKfz1WeSZ3fka9kwQk10eA,"The story is very well written—I love how the main character developed. I wish there are more cases we can read as an extra lol. It was an amazing read 💕 There are a lot of cute illustrations too, some of them are animated.",5,3,1.3.4,2021-02-06 18:30:41,,
gp:AOqpTOE12uopxrpiwSHRyHsRVSJRnAwzCxdYZJmg2vl0HyWCLciVT-x5hN2hCb550ezZE_BM-FXBSznrzNQp4Ag,T_T MAD,https://play-lh.googleusercontent.com/a-/AOh14Gg9wRSJTz3tdZ3n0BkcD5EMNdmMNgprDYJkUFlVSQ,Beautiful and touching story.,5,0,1.3.4,2021-02-04 12:52:39,,
gp:AOqpTOFq9zOvjCQJDOK_r_x8oXkf2Sr7J-PGyjC3FoqOUl6rMoMRPI0S21aWkxVOQXctsZS4UAHFMqDIvRJG-tc,Mior Mohd jefri Bin Mior aziman,https://play-lh.googleusercontent.com/-2vrt2vShygA/AAAAAAAAAAI/AAAAAAAAAAA/AMZuuckctVne0EfewxXIrSU7pB2GISHvUA/photo.jpg,NICEEEEEEEEEEEEEEE,5,0,,2021-02-01 07:03:56,,
gp:AOqpTOFNS79XDtVFqrFawvPicH8nG_IHMSg9jnmRm8q4ANbNmbILS00XER-rQYR2bpQZ9AWt7K9W8tjcZpGfsTc,James Pan,https://play-lh.googleusercontent.com/-X3ZoF8Vfe0k/AAAAAAAAAAI/AAAAAAAAAMM/AMZuuck7Q2M3Cpjyt1FarC1KxNmh-rUpEg/photo.jpg,So far im enjoying it,5,0,1.3.4,2021-02-01 06:32:41,,
gp:AOqpTOEb62LeK1jVlbJIfSWuFboO1UhBe-Ne3t2mDBjfwXqxjTj7lMoMlJYhDGU9ab2MLZhE2Qc-ETpMIYiu7zk,AMY TAF,https://play-lh.googleusercontent.com/a-/AOh14GjxzuLnZI9eKEqyw4_QUyQAmD5KKocW2gIf3HmT,"Such a cute game! It's very easy to navigate although it would nice to skip to a chapter to be able to change choices you've already made and it would be nice to be able to rewatch the cutscenes animations. But it's so cute, I don't mind replaying it! I definitely recommend ❤️",5,9,1.3.4,2021-01-31 17:12:21,,
gp:AOqpTOEtsp9M3_FACey7zHDbOPj0WgSzLIZH3yYgeDLIPWeEkdJxMNGH8Mm0c4u1vQWOjjhVhUgevc3NKLzrAQg,Sounak,https://play-lh.googleusercontent.com/a-/AOh14GggEQ97rwNRzEP6WjIwm3AQr_jHpWmBUehTMkzS,"Beautiful storyline, presented in a beautiful way. Couldn't have asked for anything else. Will write a more detailed review once I finish playing!",5,0,1.3.4,2021-01-29 06:51:59,,
gp:AOqpTOEYtn15URjZljvuLroAN_jryDdVAtz_xBumzC7NjJLItrbz5YKbLpFD4aBSd07faHp9SUWmBt3WyEVMUrc,Emmanuel Yong,https://play-lh.googleusercontent.com/a-/AOh14GjpknJ7ur8OzyjlRfA4TwqW9-fz7jfd17kFajnIs3I,Amazing game and interesting storyline,5,0,1.3.4,2021-01-28 17:53:51,,
gp:AOqpTOGL35N5kgIUeOrqPIZS6oQj-YxP5Oi9125TtHpNxswccixaIZK3gT10ahjynOGHcPMGZ1F8q85AoJ1ks1A,Skyla Chan,https://play-lh.googleusercontent.com/a-/AOh14Gja77x1BdjDuizGX2Jw4RSr9LjhAwuYNmxgML-i,Luke chapter made me cry. That's a good story. I'm exciting to see another chapter. It's really worth to buy this game.,5,0,1.3.4,2021-01-27 20:08:09,,
gp:AOqpTOFecDBoaQhcaRXvCS5bjUNEEJCYkhOBvaPFPk42yIAXbNuKmJE0IojVmQfqg2-OmYt6HmxiEAnhv8l0vTw,Kei Fuyuhiko,https://play-lh.googleusercontent.com/a-/AOh14GjmgiknE2F8q90zofhKW4iODFTbsZfckXW0jVARIg,"I bought this because I was curious, bored, it was on sale, and I saw bunch of positive reviews here. And... turns out the reviews were right! I can relate to the protagonist because sometimes I feel left out in the society (which is sucks, actually). And seeing the development... it was great. I have achieved one ending and is planning to replay the game for another ending :)",5,1,,2021-01-27 07:11:57,,
gp:AOqpTOG3rCXp0dgAZ-JCYRxciGF0ADJtNq-h2dRcNpmwYtQjdloRYe8Wq1Ucdje5J05gbK6h7Y3yuYthS0ZcP_w,veirsya,https://play-lh.googleusercontent.com/a-/AOh14Gh5eZYbLWXlOnJPFdo_Hv2roX-qO-7FYU6y_Efl,It has a good story and fun to play,5,0,1.3.4,2021-01-26 15:49:18,,
gp:AOqpTOFCrDrrpL-mh-8L8tVAIRbkRXM0MITAhPsIIzGeekZ4D2HHiN85C4vJjy5-xoSVKDqVNttbvmuL5YpyHvo,F oyD,https://play-lh.googleusercontent.com/a-/AOh14GgvWvXTA7OJjoOsT1xXfsTREZeKxetxwROX6ewpwA,i hope the achievments on the game does really connected to google play so when the an achievment unlocked i also get the exp for my google play ;-; *the game are actually great! but the story were also really like my real life so i am not that very suprised. hope there are more advance mode or more story endings. 0:),5,4,1.3.4,2021-01-26 14:50:53,,
gp:AOqpTOE7MpHTBa3uwS3XuHToIPojwZzXEt0b_MAz16edj1LQytQ4WmyTDIGuQc4fw5iCbzli7JqbcZPnTH5doDo,anastasia monica,https://play-lh.googleusercontent.com/-y3xefTTASH8/AAAAAAAAAAI/AAAAAAAAAAA/AMZuucmlxY5u0RxzcCYaFu88QKUI_9dSHA/photo.jpg,NICE! Entertaining!,5,0,1.3.4,2021-01-23 20:21:04,,
gp:AOqpTOEhQeqRY4lXNWmsPfR70IFJEisqWXORcvyI_f97ifBgbTdcErjJxYJzpxs1-y5fm77ndhwj-1KwNkR9qC4,Monica L,https://play-lh.googleusercontent.com/a-/AOh14Gj3pU21zh6K134LNiFdhcFSbC7tm0tMJw40E85-bw,"It's a good game so far . I'm only on chapter 2 . But nevertheless., I have not encounter any problems so far.",5,0,1.3.4,2021-01-23 15:19:24,,
gp:AOqpTOFivia42owceVjn5NrdDazWgob3HCaCYS_bjLenhUaIC-MjFArtHqKn_oKxe2ZC6WBycd40D1-x4NHhxpM,Pinkan Moya Putri,https://play-lh.googleusercontent.com/a-/AOh14GhJ4jPZb1JN5cmlxoY0wTJbVG7SkYZBVhKxqc7htg,"The story, the illustration, the characters are very good!! This is the best visual novel game I've ever play. Thank you for making this, you guys did a great job!",5,5,1.3.4,2021-01-22 10:01:26,,
gp:AOqpTOEcmOTGExfprosU3slUIWufVUdXvmz8yZp0LL-r9QnA71tYjFn_5r3hfHy-PnYWeOFqqrWoMkmzk0XFwa0,Annisa Ayuningtias,https://play-lh.googleusercontent.com/a-/AOh14GjseTWis4Zqa84mrRNemfVCucO3hs7Kw9H3hxTh,"The story is so beautiful and touching. Playing as a depressed protagonist (sorry if I'm wrong, I'm no psychologist) is new to me, I'm curious and scared at the same time. It might be easy to dismiss his feelings if you've never had depression before. To me, Eugene and Sean's issues are very real, and I can easily relate to them. It makes me feel better. So thank you for making this game. I love it. ❤",5,34,1.3.4,2021-01-22 07:05:11,,
gp:AOqpTOEGcwbZUoX0XCv_VYKsI-NHdeo6gAoaeqi8FFy0oclvZbaQaR-jeXVQLmgOllwOWHQb39YGqfvSDOuml8A,Rahmat Farhan,https://play-lh.googleusercontent.com/a-/AOh14GhSI5KUzYXtMx3MbrmHafwKOFqswjOOLNZT4sdS4A,This make me cry,5,0,1.3.4,2021-01-22 00:23:05,,
gp:AOqpTOF-5CVGhf9jeo_wQ8n250k7h6NzpL8piHGlauXZQOtxSxwe8sytayHqSGMNupJj-hzyx5CWFPUwSp0iB5M,Lil Starshooter,https://play-lh.googleusercontent.com/a-/AOh14GgtWENW9ceGKtEUj0JKe-y5o21LaKuZkw-IfHy42g,"This game definitely caught my eye! The story is quite interesting and heartwarming. It also offers such interesting characters that makes the players want to know more about. Plus, it has such an adorable artstyle that I love to look at! Thank you for the game and I would definitely recommend to anyone if you want a good story to kill time with!",5,35,1.3.4,2021-01-21 22:26:14,,
gp:AOqpTOFUQV3pVEZEgSagX7unksHTdsNsX0EmZmF64byDiN_QdD3CZehK5KYjNwv6E1hPTgKX1oB9oqf8oWBtFZ0,Yondy Laksana,https://play-lh.googleusercontent.com/-Jwf8vXCVIbM/AAAAAAAAAAI/AAAAAAAAAAA/AMZuuclg815tM1KaA7rwQnHnHlxFhLFP5w/photo.jpg,"This is the best story novel game i ever played.. story with cool animation is very good.. i can feel the deep of the story for every character.. you must trus n enjoy the story, good job dev.. Thank you for this awesome game 😁👍",5,0,1.3.4,2021-01-21 16:05:41,,
gp:AOqpTOERRhUFgErNQZWV6ojJvrzOfCFq40iMH3PZdiqr8VPlXyAQ0O8huMB7ur222GXllC5iiUS6UsoJAccIU7o,Arlin A,https://play-lh.googleusercontent.com/a-/AOh14GjmGTbim-VhsMUsFQZFPK1IXSOr5l9UnCopoLs-,The story is good. The beginning almost give me a scare 😅 but that is because i am weak to scary stuff.,5,0,1.3.4,2021-01-21 03:46:00,,
gp:AOqpTOETwYuOsyCLYvXfT9Ze9O27dQRLOc-pj1_53n31QaCCILHki8gOnwfDDo234MK-Yx-bWOmgQ-ZmUJOLqp4,Ho QiWei,https://play-lh.googleusercontent.com/-0ZpHZgZ2LRM/AAAAAAAAAAI/AAAAAAAAAAA/AMZuucl3WdGXuEc1PBOKkRfl7MgQDzexUA/photo.jpg,Very cool storyline!,5,0,1.3.4,2021-01-20 23:23:34,,
gp:AOqpTOFzB0KwPFeIP4Ds40MANMXYQHEcWuWae53FARUszXegDI_tL58ETrkfn_If-I_-WY33zfb9wjqkdInJ0x0,G. M.,https://play-lh.googleusercontent.com/a-/AOh14GhhgeAW2bcLrWKlCPB8Cq0vVuQfd2qRFopHEUg_DA,"The story, artworks and sound effects are great!",5,0,1.3.4,2021-01-20 05:21:37,,
gp:AOqpTOGAl1ge6PcgZf591L5Ua7S-QCfPukZmWE5109OnQB8WDsvqyLYvFGvhh5bTS0KflJYNF5GhG3HC8oTAN0M,Musab dar,https://play-lh.googleusercontent.com/a-/AOh14Gj3ha9VG1Cy1-vfOH5r95xK-PGHmzPXO8XPYVk9,I love the story,5,0,,2021-01-19 09:29:17,,
gp:AOqpTOHe3gZ1t5K-UUMUxprMuJrcXR0_L3IiFg746w8pZljmRwE0-xmUsViYJCiyIR9QSOGIiBuSGtLDsp7tdSY,啊阿星,https://play-lh.googleusercontent.com/a-/AOh14Gi_0Gg4oodq1RPu20GIJfmURi4e0seFUeQ5yYeLtKc,愛了愛了,5,0,1.2.10,2021-01-19 05:44:02,,
gp:AOqpTOH9NrP-CNf3Ew9z9KPIUkMt3TstJkzFcI34QpT1cDcIzmwlFvepjVTFZLi6bAlEHvHuZkKxY4NGEAcXFsE,Nam Trần,https://play-lh.googleusercontent.com/-9XGhKBKef7g/AAAAAAAAAAI/AAAAAAAAAAA/AMZuuclDcaiJEiTXPtNr-NCSgyHQe2fkQw/photo.jpg,Got it for 1$ on sale. Absolutely love the story telling. Good job team. Looking forward to hace more chapter from you,5,0,1.2.10,2021-01-16 10:06:56,,
gp:AOqpTOGf3n8C2xCnoA2FG3bRVzcGSNTUFtChO_Ajo7ElxEjjHv_As0Y2_3-yAGOPEjMiBUBYIa2OXG-WwkU3I3o,R_ ay,https://play-lh.googleusercontent.com/a-/AOh14Gg0UDBBqfD96xUCy3jCRKMebSU9UU_sJmgqifahow,Idk how to describe it into a words QwQ,5,0,1.2.10,2021-01-16 07:42:02,,
gp:AOqpTOFG_ksNMLb6DTXxduth7eDBxKQ76XlCVAa2D5IIM4zhnqETHRzqGYOKohcP2ejkX_6n29qqc6YMYtJRDUs,Justin Gonzaga,https://play-lh.googleusercontent.com/a-/AOh14Gi7Dwj7tPlXtsc5LbplD9JGPSCWPwiv4vAHe_ZHqw,I really love this!,5,0,1.2.10,2021-01-16 04:43:42,,
gp:AOqpTOE0j6UJ4WniXAmbdI-SCYqH0UVcGe-pom_ZA70fGjyTXuaSfz8hfLpGL81Tj88rW8xBZjsL0Rx6B_zIxKE,Sattiraju Danduprolu,https://play-lh.googleusercontent.com/a-/AOh14Gj-Nqhutfpt0GekI44qcbgAz4DEPlTwUO7IHu3XTQ,Best experience.Worth for paying money. Best plots. Best game😊😊,5,0,1.2.10,2021-01-15 18:20:12,,
gp:AOqpTOF8Q2L5KKOVIwLsg7dV0uOOFr_kDWebh1fuxwt9QG5zwpGCtRqX6-PMAhHMXThizf-ytagOatY4PFq6CbU,syamim sanusi,https://play-lh.googleusercontent.com/a-/AOh14GgS58FWpwawM-hd4wCvzkFkb2_nZnXneo5t9-Bypw,Thank you for the novel..its really fun..Boss is actually a warm guy hahahha..really looking forward to sequel or prequel of this game,5,0,1.2.10,2021-01-15 11:54:38,,
gp:AOqpTOGVPj_lu4lg8k9GomdcFa_SPMHuHC1laGcoZNilpy0vzyRIEvtg8NTvuBtQkdv_g7N-8TbC9eFy7yP3_BQ,Nhân Quang,https://play-lh.googleusercontent.com/a-/AOh14GjIlLxcwj53Bzkprf0c_LuS7PQuysZLmnqND4SrWA,amazing ngl,5,0,1.2.10,2021-01-14 04:05:02,,
gp:AOqpTOHaKxbqebCR4aJvujst0bZCa-7GZa6uMS0MhGSvwzx0QW3VPf-16uzZywJtF-fyUN1J0qigadLlpboHafI,Sanchita Ghosh,https://play-lh.googleusercontent.com/a-/AOh14Gi-WxwH8LfAB4WTKt_d_NKdXGnR3lwbXEOiKVxU,Just completed the first few chapters. Man what a tearjerker 🤧. The story hit so close to home. Love love love the characters and of course the art. Wish the story would pause when I open the settings and all. But I'm not complaining.,5,0,1.2.10,2021-01-14 03:58:19,,
gp:AOqpTOEpL-hCeigIx796fis4diEnxxN0ZdCDwzpxKOxMJDXXBbiIId2UzdfZ0z_ppvx0fp-2IPacIGUzjjVVOkA,Emeline Lawford,https://play-lh.googleusercontent.com/a-/AOh14GiWZ1d6iRtmDhSQnmEOR9_azQuReKm_r69rW6ORCA,I enjoyed it but it was over quiet quickly when I consider the full rrp. Was worth it for sale price.,4,0,1.2.10,2021-01-13 15:56:26,,
gp:AOqpTOHey2exIcHdudZKYWKbp4y7QPiz8Zk3XFHNcMjNDBtdEAXFGFTLKHtVxflFOotMQxL5r6U_so8U3Vr_Xdc,Innes Endhika,https://play-lh.googleusercontent.com/a-/AOh14Gjg6cICDGFCQJqR-4jtpJdM2pRg9twUusqflGL69w,"Great, great game. It's simple but the story and characters are unique and memorable. Also make you ponder about values in life. And of course, lovely character designs and illustrations! Thank you for such a great experience! Super great job for the team!!😆",5,0,1.2.10,2021-01-12 23:17:12,,
gp:AOqpTOGa2lzhakjMN1m6KE51S_lxjwEpHeLtoBLnha5-_5boYLSW5_vxz-xbjLwuZMdIFDCfPTcs7wWzqwa4JCM,Z X,https://play-lh.googleusercontent.com/a-/AOh14GgCRR7ntvHHKO6CrlbXT4l0LNVI2XoBk6cVmi9B,"Just buy the game. Beat all endings. Savor the art, the story, every moment. The work from this studio is worth every penny. Edit: the office characters are EXTREMELY charming and interesting. My biggest complaint is we haven't get a chance to thoroughly explore their backstories more.",5,9,1.2.10,2021-01-12 15:35:58,,
gp:AOqpTOEoQe3nw6bSjDowd9RxVCmBlPqCjqTcE3KuVGgEa--I1r58UJSiVH0BHvVwugzdqEUDeVmzOwt_Hiz7MYU,Travis Jewtraw,https://play-lh.googleusercontent.com/a-/AOh14GiwzZksrA65f_l7eFpBmdUvIECoGNWb5oMe8E72,Best game ever,5,0,1.2.10,2021-01-11 15:54:54,,
gp:AOqpTOE3Hq6axx7QCekOrsZJ8x7kv4MMHvOg4E3vk3KUk_uOTTUyElm1JdnMZIQVDgPnZY1nxV7UoosdkXahRVM,bloop bloop,https://play-lh.googleusercontent.com/a-/AOh14Gi0rowVxwaFWi6_IvT1E5V-d5I07XB4rMW7rVSWMQ,"Well, guess who loved this game so much they decided to buy it! I love your job guys, thank you for making so many high-quality games! :))",5,0,1.2.10,2021-01-10 17:53:49,,
gp:AOqpTOG2d6Jc4CYmk3aYBDDKE5E1StG8zy9-2a4AgeZ4kuizfDMfpT0DWcM76F8ID1xXkf38Kv90wUcwdT1qqrY,Skye The Non-Forklift,https://play-lh.googleusercontent.com/a-/AOh14GjQkLXSnywC3dg8MSrlow9juifD8YrL_ZGK4izM,"Finished it, love it, ended up going the murder route",5,0,1.2.10,2021-01-10 10:38:35,,
gp:AOqpTOEJTZVUeHQWApG0Ku-afHpYK6VhrIIMQuZZ_uIc1Hayq0RTrNmXW_aoOGUtM9h9-mEZQnI5xbbVWCne90E,Kino V,https://play-lh.googleusercontent.com/a-/AOh14Ghyr5e81w4TNQc1wpGWsPrKHaj3_33Gd6TXvGDaAw,Love the story till now. I felt related to Eugene so much. Thank you developers for this meaningful game!,5,0,1.2.10,2021-01-10 05:07:36,,
gp:AOqpTOHi6cQmCMbT4lJydwMWO2G5WWrHPYRPsHgD9N6z6gQuhH-zIlO0zf4RIWPVcUkCeiXCGqRuyN-NDgDl8J0,Xiao Gi-Kun,https://play-lh.googleusercontent.com/a-/AOh14GibBGWBPivrYl4jXypSP3uiMRniArobCS8gLGhS,Greatttt job,5,0,1.2.10,2021-01-10 03:18:31,,
gp:AOqpTOEZO7H5hyV9-GPoEWboDdCs6fArs6DmK9VTMiPHCF5d0PClIzeoEUG5kCEYSLHzDn0Xozv_bSqkOZUMdBc,Fuad Baqir,https://play-lh.googleusercontent.com/a-/AOh14Gj954c290g6WcxDqiY9UHjDkyh8jiI_kolSPgDSLg,Nice,5,0,1.2.10,2021-01-09 08:49:40,,
gp:AOqpTOGngxoa8YrraDCTlsTo7WrXA79Qh1QNFGwo3NuSSimfBt-zm3UqOYnDyNRyQJ-MxX3IDqWNuD9_ejWRcMk,T,https://play-lh.googleusercontent.com/a-/AOh14GjuylEIn_gYA9YuMOHMtnhLT-hy_-W46d5A5cOnig,"Great game, really! Cute & solid artstyle, well-written characters and writing. It's an all around amazing game. Glad I got it during New Year sale tho~",5,0,1.2.10,2021-01-09 08:33:39,,
gp:AOqpTOFCfVKXuiANjgTi9DgXOiEfEK_3MkzqxX2nX83JHkZbLTTos5EtLp-c9Y-MgKbONwFEVTCBpe5ZKu1Tn8g,farhan haziq,https://play-lh.googleusercontent.com/a-/AOh14Gi46jzx4OL7fpp_Gjn4YUGdDyhSbuehEsJdqfCQ,Very nice & deep story line...simple yet attractive animation... definitely would recommend to anyone,5,0,1.2.10,2021-01-08 05:13:00,,
gp:AOqpTOGMr0rkkGcWZ5zSC1QRCc6Jd9Tc88QMdS19ng4qFREYgf5q30mCb13M7cr4fnB6gaQrpeWy67xmIyQzFDk,Dee Kutchiki,https://play-lh.googleusercontent.com/-GtBqLCoHrx4/AAAAAAAAAAI/AAAAAAAAAAA/AMZuuckNTl1TozzX4wUvbdZbAlarrNCzkw/photo.jpg,Nice story nice game,5,0,1.2.10,2021-01-07 22:39:43,,
gp:AOqpTOGHQfYrGOO4f5argfD3NDgS7x04WOmPz4SIkQnhS0YqdchI7KL5Vk1ydhUp2hV89CGFYrWTrzqfG6Z-qnQ,Nadine Bueno,https://play-lh.googleusercontent.com/a-/AOh14GiXvscqPcK8FkVdTgWoVn5-XHsW0ffCoj5-d51Duw,"I'm loving it so much, I was worth all the pennies. Beautiful story and drawing, I'm crying out loud.",5,1,1.2.10,2021-01-07 18:37:35,,
gp:AOqpTOGJGPLxBx0titiHhrndS-ckJoX2Hjx2K8-KbU7wrqQ-zK_mm1DPa3O8y8doiJpUmezmK0P98ue_8NfirY0,Paul Ong,https://play-lh.googleusercontent.com/a-/AOh14GhLZLQuitCENzYh9MJQi_SD6wB6noI6t_hLrXaRpRA,Easy and relax,5,0,1.2.10,2021-01-07 09:14:38,,
gp:AOqpTOEKWxZ3caBh142CSbnKyuop9O5X7E06eyRX3E2ItVrtyx0c-PycSMj4sIq_8Tm1S5GmVeJ6lwFDOTiaiyw,jennifer fei,https://play-lh.googleusercontent.com/-c6Hom-4h9Q8/AAAAAAAAAAI/AAAAAAAAAAA/AMZuuckqNPQDs1mXlneFuIsIqF-jpIywKg/photo.jpg,I can't stop playing...or crying. This has got to be one of the most memorable story games I've played.,5,1,1.2.10,2021-01-07 01:51:24,,
gp:AOqpTOHKol2QDItlu-0dmdalBGAt-XVkVR3WShVeSUmV3ClkCKESbCuIzXE73tQbjFTNmZATIorXfh-NZGjCPQY,Sam Fox,https://play-lh.googleusercontent.com/-T7l4odKKUlc/AAAAAAAAAAI/AAAAAAAAAAA/AMZuuckJw-FjqiLUPTrILppNo0lZcBfPSg/photo.jpg,"Most definately worth the buy! I gave it a try on it's free app and snagged it's premium on sale. There's no microtransactions when you just buy the game or ads. Just a lovely story filled with a wide cast of wacky characters, all with their own character growth and story you unvail as you read. I also love how my choices feel like they matter.",5,30,1.2.10,2021-01-07 01:06:14,,
gp:AOqpTOGQrn6XMsyPaND2mij7o4xQcDjDBWLQccbmNdNZYknLrXKOtuV9_U2k_5dMSjlLN_rC4n_8pZGMefIULU0,Elrian Arseid,https://play-lh.googleusercontent.com/a-/AOh14GhJ9mqWqQYqoPRqWgVpOZlGTMWxXKhUeSEMLkBM,"Perfect storyline and Ending, heart warming story and really touching. I will always enjoy this game. Never getting bored of it.",5,0,1.2.10,2021-01-06 19:16:06,,
gp:AOqpTOHfvEie4iXKWnDxNSbd7oGx3VejwQ5kR65B74jdZby57akOP7DzX1U0O06O5LCIsXaufF5SuQTqEkpsUkI,Kelly G.H.,https://play-lh.googleusercontent.com/-fpTbZcxLCgU/AAAAAAAAAAI/AAAAAAAAAAA/AMZuuckfZfjy6izvZ5y7IY8024SszkUZkg/photo.jpg,Really enjoyed it 😁,5,0,1.2.10,2021-01-06 18:53:49,,
gp:AOqpTOGbH4Rrzpw6hyJ2xVHIjOUnP2coMTmm7-iGW3Iji-0LAuMOg5wYDdW4RXskfJbOvtg37J--rwWiJOk-TgQ,Randomyaya,https://play-lh.googleusercontent.com/a-/AOh14Gig10_VL8LMPKZS4qJadC5piukBqiQyV0JhA901Gg,This is the best story and animation i have ever seen! I love this! There is nothing wrong about it. So yeah. I dont know what to say anymore cuz im bad at complaining😅. This is the best game i have ever seen. Keep the good work,5,1,1.2.10,2021-01-06 09:28:38,,
gp:AOqpTOFbT1E5nRwwK_oB227J7wjbCflC40pedt-raSjJBcWO9h-liOju4lQ5X2DmoIX4FOQ5mA_gKk-hGXiqjTg,Catherine Anne Tan,https://play-lh.googleusercontent.com/-Q_85fVn13Eo/AAAAAAAAAAI/AAAAAAAAAAA/AMZuucn63K-0JI-pFMtR95DDjYHs8aJX2w/photo.jpg,Bought on impulse because of the sale and its landslide 5 stars. Happy with my impulsivity for once!,5,0,1.2.10,2021-01-06 08:40:32,,
gp:AOqpTOGaSKhYlTJo__DsyS1pBFj8AjpEmeg-qc7c22wc_p4NRPGfSxCf0rtNb7FuLdSEsKN1Tr74yp8sEbIDLcI,Rand Custom,https://play-lh.googleusercontent.com/a-/AOh14Gg7rZ9d1_o2F826_SSBsu56lXLakRc5-TwY9YNzvQ,this game is great! but Thai translation is so poor that I can't stand reading it. is suggestion available?,4,0,1.2.10,2021-01-05 18:45:26,,
gp:AOqpTOEzoWnhPXxVbKlLioqr5vOcNX1b0v1bs0uLhx2_apgVOS9zRMpLDF68arkALd8vE0AfBTMjnnzPP_HrnA4,Ella14,https://play-lh.googleusercontent.com/a-/AOh14GgcSL5uWkZiQ50xV-BVIvPlxthSiKS2fRV_A6rmLw,"I honestly thought this was a waste of my money, but boy was I wrong! This game is one of my favorites now. You should download it, the story and the characters are so amazing, I love it too much.",5,0,1.2.10,2021-01-05 09:12:24,,
gp:AOqpTOGFQDjazJFNncTKGq8PL8YpKql75zVa0tj2jvS12zt_8lH53v1qx72d8CS0virNEyDkWU1MDiWiCFYWP6Y,Jyrene Abastillas,https://play-lh.googleusercontent.com/a-/AOh14Gg4q3jDolIrZPxR7_lUkq0va99uUTGOnrxq9-xQBg,honestly the most beautiful game i've ever played.,5,0,1.2.10,2021-01-04 23:36:29,,
gp:AOqpTOEYsC50FbOV-Ne09Lgmu23vYmSawq4IAYnuBAaLKyNi06fjz-KMmqa83CEpzbVUABcXghY3fN-FqYLU0bs,Mohamad Muhaymin,https://play-lh.googleusercontent.com/a-/AOh14GgYMj5_dzhTFSsFAoTt-9rq9at0yU86bea6MJt6Zw,Good game,5,0,1.2.10,2021-01-04 20:03:56,,
gp:AOqpTOEjoBVkN7yT4-TNtpQfEZbCnlDJg4zBJbQ_ScxjAFQMuIcz9tyVdld49uU8Zq_bs99f_1Pke5tU78O2EhE,Son Tran,https://play-lh.googleusercontent.com/-ZhvZQNxio1Y/AAAAAAAAAAI/AAAAAAAAAAA/AMZuucn_8oQK_VpgPmXWhVLe9Ga8gCLU6A/photo.jpg,Đáng đồng tiền,5,0,1.2.10,2021-01-04 10:37:26,,
gp:AOqpTOHbrlzRaTdzPBVRG3N8CEQ00CXNlP7TPGR4U1UKxapoaQGRUu8--ZD8pPqR13uf_ldWfHCbxg4WF499D18,N. Saeaia,https://play-lh.googleusercontent.com/a-/AOh14GiQ5UGG4aJU6JFN-GQ8X0Tj4EtmyYJqmntNPegkfw,I'm glad that bought this app.,5,0,1.2.10,2021-01-03 12:39:27,,
gp:AOqpTOF-mCrAC_rMN7UmaWr7J-zuIz_atPMSTMShzfs_bx5VVJZccDtjGYKt0JTcu9XrXVac2DraS9yjNKc-4wA,Raspberry Sham,https://play-lh.googleusercontent.com/a-/AOh14GgJ_IX3h7ecRavxp78PPLjnEhrEJt-8GiOQOIOtmA,THIS GAME IS SO CUTE HEART WARMING AND AMAZING IN GENERAL PLEASE DOWNLOAD IT,5,0,1.2.10,2021-01-03 01:35:54,,
gp:AOqpTOGgc21JP7pqcLjqqA-cQIyz9tjMMmAhlX27SMZzwshzQnVFP7CJ1OP2WGQ_sIPjhOCN6eYMibySUjr1q0s,Vixx4,https://play-lh.googleusercontent.com/a-/AOh14Gi_eZZJaAxgsnhvd6pt4w0NBZGbGrNspysTYgQR1Q,I Love this game,5,0,1.2.10,2021-01-02 11:54:28,,
gp:AOqpTOHPJFK6Z0kktb57V-UKUrLJUbAdNaIpOAuWiShQx-fujLQ4wmEA28t7ZbZdJxxyGlIvTVtwHGuygDwAETw,Alex Wagner,https://play-lh.googleusercontent.com/a-/AOh14GhBS4QvsVY6A9O_mrSq-42ar7tPMoivfGF9VPUc,"Underworld Office is billed as a chat-style interactive storytelling game, so it's basically a choose-your-own-adventure with branching paths. This kind of setup allows for a fair bit of replayability if you'd like to see all of the game's endings, and thanks to a few collectible items, there's more than one reason to replay. It also doesn't hurt that the title offers a heartfelt story, so it should easily keep players coming back for a bit. This game is on sale and it's definitely worth it.",5,62,1.2.10,2020-12-31 23:38:51,,
gp:AOqpTOGZRxmLPrtyhR3XcOjqa9Q04Fwhnk5_TALxz8YxECkQyqlWjGZv0EFfstf-t9vwQjRBSxcpZaC-_5yL7g0,Raihan Irham,https://play-lh.googleusercontent.com/a-/AOh14GgE1V4WTDeycZOPd_CdqnTweSnYPnyKSPUk_2kEpA,The story is good. I like the characters. Nice.,5,0,,2020-12-30 16:20:40,,
gp:AOqpTOF7ZEwsOvV-xjgULm2MKkRvG4xZD7ym9AqlpZ7ZHYczI82W9QFKLvDmqqh9ib9Pn6qvkyCtrciH9IbAuOY,Sari San,https://play-lh.googleusercontent.com/a-/AOh14GhJEitEs34VuZWgqu1I6Q3KFJuSIpEbhzeCRiYi,4.9 ratings?!? Are you kidding me 🥴🤔,5,1,1.2.10,2020-12-29 06:09:07,,
gp:AOqpTOGmkZkNZLdYj7FlwQaafGyLI8DeD5G5s7U0w1uwhpU_uQdOJo_wDye7rt9u4gNRP7hH7iK3tfMtIO2s4hA,Christopher Yehezkiel,https://play-lh.googleusercontent.com/a-/AOh14GgTbyI-nk90r8V3dz2XH7Zx94FVGmjQxavnO-ymbQ,"The story is beautifully crafted, the character development is brilliantly executed. This first visual novel I ever paid for is a flawless masterpiece I will never forget! What's important here is the story. It touched me deeply, realizing how I'm bit same as the protagonist, I can relate easily, and made me sure that this visual novel indirectly has something else in mind other than entertainment, to help us reflect upon ourselves. Wish there's a sequel too. Definitely a buy, it's worth it!",5,83,1.2.10,2020-12-28 07:47:51,,
gp:AOqpTOEaBwCGLeiJWKGEJUULGOoVeVOMgzhj4xrucZ1S9yoe-7XUa_WW2F8aA-Bsixlg95LId1NUBk77XxZ01eE,Space Cat,https://play-lh.googleusercontent.com/a-/AOh14Gjxps_LDZq_4jOMtv0ebgb0kxZv-WB2C02kdYWWVQ,Cute ~♡~,5,0,1.2.10,2020-12-28 02:28:24,,
gp:AOqpTOFQqs28xLfd6ZG9IhcQXpTqtxZ-8dlNRgJ-9xzsDqfnjVe41aHObofQTvidIwAdSBFD3073WBPqFhEuKz8,XXnowyouseemeXX,https://play-lh.googleusercontent.com/a-/AOh14GhQ1Jz1IQLjRTynpLGf2ce8LPj6BTvRbbITBukXvA,"Amazing story line, beautiful art, love it overall <3 I usually don't leave comments on PlayStore but this is really beautiful and I am so so so inspired by this story!!",5,0,1.2.10,2020-12-28 02:27:16,,
gp:AOqpTOEkcQCep_BwR-aPOTmuy6C7YdtJZ5kWfIDaUZCCxMAYTlUC-uYXpZCWxEbgknIdRe4GJWX2Rb5tyitgrEo,Le Garçon,https://play-lh.googleusercontent.com/a-/AOh14GhHONXOzV6rGCqviGyRWwMqTzK6c-bai8d5K6v7HbQ,This game is The story and character very good i love it,5,0,1.2.10,2020-12-27 00:08:50,,
gp:AOqpTOEOkMeJfODwXVUUSCMdn-Jz0Pqh5WyKASzO2wKoIrKs4mIn90yLhSRuluV8O0nwvHe73hTv1aQnk-SJUGU,Hải Đặng,https://play-lh.googleusercontent.com/a-/AOh14GjKlnH-jZlGrmTbkyz2dXKqAsuEO8W9KvBgTxs,"I love this game. Illustration is simple but cute ( but the ghost without eyes in the first chapter is really... TvT). I also had a kitty, and she passed away. Although I haven't met her in my dream but the Luke's chapter made my cried a lot. This game's so great :))",5,29,1.2.10,2020-12-26 20:55:28,,
gp:AOqpTOE8ymLx2tAcWsoLS_IJhqzwyEW-T_jAvejRlJyeuEj8RonnsX8YFZd-fMMr4binz_z0q3KS5rq6nv6V4TI,Fang YKMM.,https://play-lh.googleusercontent.com/a-/AOh14Gi-x4Ay7POWPHYwAhrOuvy_dB5XP5IUCA0R-ULMdQ,เกมนี้ดีมากสนุกมากค่า ตอนแรกที่เอามาเล่นเพราะเห็นว่ามันคงเหมือนชีวิตตัวเองอะไรแบบนี้ แต่พอเล่นๆไปก็รู้สึกดีมากเลยนะคะเพราะเราได้ช่วยคนอื่น ถึงจะเป็นแค่ในเกมแต่ก็รู้สึกดีมากๆเลยค่ะ💗🥺🙏🏻,5,2,1.2.10,2020-12-25 21:23:31,,
gp:AOqpTOEYgJ8L6xm8XJGQG1xRgdtxZaAbDdl2ld37QNjz6WCdaDZvNWnS7vWof9ryR8jSAkfuxeyugaiEIP8JkZ0,Лямбдадельта ¿,https://play-lh.googleusercontent.com/a-/AOh14GgmGNPvUgkYuWBoRWXd4Hp6qtvvt9TIJlbrkaiqOA,"Just finished crying after the first chapter and I had to go and rate this game,,,, it's good,,, very soft and nice,,, thank you 🤍",5,0,1.2.10,2020-12-25 15:09:37,,
gp:AOqpTOGduIGNNrutbTHidYJ18CPk_sj7T9Z0Ehv82ZRDhjgFDCvFu9z_fqVINmHM1ALFemOfM2CTAANWbWBQ86c,Dipali Das,https://play-lh.googleusercontent.com/a-/AOh14GjwzZ3Co5HCIjpLVZAVl7hV58A5BAV7Xzh-42eW,I demand a second part right now,5,2,1.2.10,2020-12-23 09:06:15,,
gp:AOqpTOHZYDcGvjboIQYNL4HBvC3VcDVLGbtUJ7iKTsnqDLIfmRopPYrcfXbUjZki-E5bT2U9jOLHNKXSIno863o,Khánh,https://play-lh.googleusercontent.com/a-/AOh14Ggg1yUWAom3lzvmZyZUIc31BkJ30FWzDbKO7cbB-Q,"absolutely will give more than 5 stars for this game. my favorite interaction game so far, great music, great art and story too! i really appreciate all the hard works you put on this game dev! absolutely worth it!",5,1,1.2.10,2020-12-23 08:28:49,,
gp:AOqpTOHzolwDnihrSuiBNtnOjJww6qf2sn6egBO9b_wPNI2eBqfPyR2vpBvATL5QAxY01qYIY9VO3owlIgJIoc4,Quang Huy Khuat,https://play-lh.googleusercontent.com/a-/AOh14GiwakZ5uB3MCeJqeRQTv5iPnoMdRRSwyuNrKAEtz-4,"The game is just perfect, I have no others words to say",5,0,1.2.10,2020-12-21 07:10:40,,
gp:AOqpTOHByKCv-cj6bI1mvkgaH1xg37GTDziVlFwkRxuqg-Pebk2tGp2v3a2uUpOC6BbDHjqcaYVkEfv-tBXw3Vo,LegendaryHard 29,https://play-lh.googleusercontent.com/a-/AOh14Gj2iLYKJ6nlamAuyzeWkv_PMArGu-UmRAlB_jld,Amazing story i like it they also have morals lessons on this one I just hope that you guys will make a continuation in this game I recommend it to everyone thinking about buying this game it's pretty worth it :),5,2,1.2.10,2020-12-21 02:08:37,,
gp:AOqpTOGShguz4g-ZcoCZzD9GYuVh1UY6ZasWtszpJzVBWvaO7183VpNq1nMB0Hbl22aduGuveHNenZ3vZWA9xy0,Oxana Sh,https://play-lh.googleusercontent.com/a-/AOh14GjP9KGIuPDkZRwm-N_vYDXI2VjeekEqpET349ZN,Good visual novel,5,0,1.2.10,2020-12-18 19:18:50,,
gp:AOqpTOEPO1Je9sbsbhTIbL1o71omTj67HFk0sabmdYaSQs4S-BEUMvKXGeDhkeVVzUEo2YgZInffcqoYdkOGWpQ,Quinn Was Unavailable,https://play-lh.googleusercontent.com/a-/AOh14Gg2adbAn7_jj06OLUeuk9vbFeaemRfRVS7JavSS9A,I ABSOLUTELY LOVE THIS GAME! 10000000/10,5,0,1.2.10,2020-12-18 13:27:47,,
gp:AOqpTOFgyJgbsJOpkNs9c6pNnaDTM6PVhMVI5eWuzd7k_5S6QJVZPJRHHAIxp-PyQ0sTsD-EmeSaetc6hn5xAb0,Neftali Jiron-Herrera,https://play-lh.googleusercontent.com/-aE4n9MhvoqQ/AAAAAAAAAAI/AAAAAAAAAAA/AMZuucldsZ8j72t_8gmv0YZdsDPKPwoTgg/photo.jpg,An amazing game! I love the story and the mystery of every dream we get to explore. The characters and their interactions with each other are also really well written! (And no one can argue with the beautifully animated cutscenes.) Really great job on this!,5,7,1.2.10,2020-12-17 20:12:46,,
gp:AOqpTOHMHFRXE4yxFhocTz8eIjrguWXHFh0TBqKZn0KC6C0Y82ouxmF-asLJTHXZck0OXmXRUz-x-i-wudM-60g,No Man's Sky,https://play-lh.googleusercontent.com/a-/AOh14Gh0C5g_v4IKw4M18fGoGptZZyxanimcUHG6Apaw,"SPOILERS (kinda). This game is great. There wasn't as much horror and scare as i'd like, (There are maybe like a few jumpscare at chapter 1, but that's it) even though i have a PTSD, i just wish this game's story has more appeal to the horror side and at least gets a little scary overtime. Otherwise, good game!",4,4,1.2.10,2020-12-17 17:28:31,,
gp:AOqpTOFOgKuThPYOZhHb6OsgSY6WKaK_gmwhMVsJGbx9uY9DW2HYBdQAQ5cLxgvgOQP8o-OfNezBxeisx_hQjw8,Virendra Kumar Meena,https://play-lh.googleusercontent.com/a-/AOh14Gj_CF_aa61Q7WgIi34ayeJ7GfRIttFnKtGeRQMu-w,Waist of money 💰💰💰,1,2,1.2.10,2020-12-16 13:10:26,,
gp:AOqpTOEZYP0dFDs09G-LvJDAmuwPgdEwwlbfI9djyx2aFMNEOa92L_fqNAiVWXV7_c7AxMw5AquGmrhSIOfjli0,Masada Seccom,https://play-lh.googleusercontent.com/a-/AOh14Gg2hbZh2ueNxfGg2EZIsRScuZhWLEZpZVx1R0ai,"I recommend this game for people, who enjoy wholesome visual novels with nice art (also, ignore most 1⭐ reviews, ppl somehow accidentally bought this game and wanted a refund)",5,3,1.2.10,2020-12-15 03:04:06,,
gp:AOqpTOGx3uu9wwHwN9lI6iltV19ix52r_csM8znCJSpF6MlhVyBacITpI0JthYW5ssec_RKt2Xeo95qqBtA7Y3w,Mystearica Hymm,https://play-lh.googleusercontent.com/a-/AOh14Ggs1xUZAkd3BWSAPBFJ1mtWWfwvda-FI7DJadz-,"Okay so i'll be honest. This game is very refreshing in the visual novel genre. I have played visual interactive novels before and their choices didn't do anything other than have 3 endings achievable by ""intimacy points"" earned in the choices. This one is different, whatever choice you make would literally alter your path, change the people you meet or go with, and i think that's pretty cool. Those who rated 1 star mostly just bought this game on accident and wanted a refund.",5,32,1.2.6,2020-12-13 19:14:17,,
gp:AOqpTOFpIzCnqwcJLFHNb9YuuUzl2u2PWjnn4-RXhqyWULkCD388_rEP22xZTfImmxOE0wbIyEzlwnu0NmrV5WM,Gabriela Jessica,https://play-lh.googleusercontent.com/a-/AOh14Gj-NAJ_IoJp8IxuFEOr8cGOv1mij7GEdjIx9Wy_4w,"A great interactive story with multiple endings, cute illustrations, and animations. The adjustment setting is a great addition. The soundtrack is also great.",5,1,1.2.6,2020-12-12 19:11:55,,
gp:AOqpTOGBLF0lnI36TGxqPwX2D87zZWkXOsgmATFM1ibfalGUV59kkktY10IGwcfN1FdmUmkyWOM3qcOeYoYsHNM,Shoyo Hinata,https://play-lh.googleusercontent.com/a-/AOh14GgzGDl3z73vkN37Lb_xzSLhmQHJwqr_fDsq1WT91Q,I love this to infinity and beyond! I don't even mine you gotta pay for it. It's just like buying a book but better cause you have some control over the story ❤️❤️ more than 5 stars if I could give them,5,3,1.2.6,2020-12-12 06:31:57,,
gp:AOqpTOEDDLGD__lHQ-p8cekOuzO8HzWwOPBkQFu9uAxulT_Brix0gPM4ltGFyK7bZ6KyuM3lkFx4en7UhfBTCP0,Suzy chan,https://play-lh.googleusercontent.com/a-/AOh14GhcU7bY6lxlWtQT-ZpwGukuHXFBbaMTXXoqSAAH,Very beautiful game🥺 I normally don't play much interactive games because of how much microtransactions they give but this game was worth the money I spent on it. Firstly it wasn't at all expensive and such a beautiful story. If you like supernatural genre plots go for it and another reason I really really love this is THE CHARACTER DEVELOPMENT is freaking touching and beautifully written with carefully animated scenes.,5,42,1.2.6,2020-12-12 05:59:53,,
gp:AOqpTOHL1i_JVhPESWJgt5tn8liYiwromVD8kkFiJGkA466ebLd2Ni2NI0jWigtHMvIL2BUojZDEYbzxoXktrKM,Duane Gonzaga,https://play-lh.googleusercontent.com/a-/AOh14GjV97jsq3tECFxRyPy12bINJLT22XV0WwOgeyVm,This game is so emotional. 😭♥️,5,2,1.2.6,2020-12-11 17:29:13,,
gp:AOqpTOGfKGCf2k3aS9-Kgy2LV3rUOK8WSQ4kQZhmzXpM5wrxiloDMYh9n5n9b7ctB9hwS5WC7d8h8e4iImgoiW0,mornings are for coffee and contemplation,https://play-lh.googleusercontent.com/a-/AOh14GiySsQjvZW8-XtxhQxFws-JKgRlTIGH3FN3_TiNEg,I really like the gameplay. I have to say i have shed some tears from kitty arc 😓. Eitherway i like the story and how it unfolds. Hoping more like this in the future and hoping that there is a skip feature to make gameplay fast especially i dont like repeatitive parts.,5,7,1.2.6,2020-12-11 01:19:08,,
gp:AOqpTOFVtsZrNh7koG2xtZM5MGQZjfC9ZQI-LBwb8BDnG9xxyTYTyuW0Dxl_qfBX9t1lRzdccYpF296tbt9J_Ko,Naomi Bridelotta,https://play-lh.googleusercontent.com/a-/AOh14GhqmpWpUe94BpgvC2duXoCwq_MfDlKs3kfT81tC,Beautiful. Best 4TL I have spent on this app. I would love to see the anime series of Underworld.,5,1,1.2.6,2020-12-10 01:07:32,,
gp:AOqpTOGecZl47iJyP3NSjxwT6gXtkGTZMKTTB-heuFdcp-xub6GFHy3c-gDRm0Jp3mujBVq30-nm6sd4ysHDy3k,Arissa Chen,https://play-lh.googleusercontent.com/a-/AOh14Gin8Fm-2NujHy3lfGOhTTJqzHihEyM5UQDzfAKN,"this is the most worth it game I've ever bought on playstore ever. The plot is interesting, and not so cliche, the characters and graphics are also amazing! Yknow what? THANK YOU FOR MAKING THIS GAME. <3",5,5,1.2.6,2020-12-09 01:51:20,,
gp:AOqpTOG9OTULapbhhpAtDCDsDTaxO-lpLz15uTYauLY9dLkpPNW2gzfFGZM74gAetURiQSXuSjbDq10FEtPlS2Q,Shivendra Sahay,https://play-lh.googleusercontent.com/-v6v0A22qQUc/AAAAAAAAAAI/AAAAAAAAAAA/AMZuuckSswtiujd1jDyDFogBrhGrFsCHHQ/photo.jpg,Just amazing! The story line is truly satisfying while being full of excitement at the same time! Would highly recommend if you wanna try something different!,5,3,1.2.6,2020-12-08 10:23:12,,
gp:AOqpTOG-jwVaRHBJVusP7D8LZ8Ifh949gIfl5c_HtzcemE58Y-C9GQH1ideSo9tCZHAlFzxDXqGhjFXhio2eFvo,Crimson Ghost,https://play-lh.googleusercontent.com/-Nt8pjwjtENg/AAAAAAAAAAI/AAAAAAAAAAA/AMZuuck_Ju4XNpbM-y-aDzkz7wefKbCCDA/photo.jpg,"Just awesome! I didn't finish the game yet, but I can tell it's a great one.",5,2,1.2.1,2020-12-07 20:29:58,,
gp:AOqpTOGRvSa-VhgyYQ77vi2zl8bUhBnm5rcBpvXnWjt1pdcAAlUz4yrVsqfPb0iJ7Zy-vriV543AaFKlD6MQ2Qc,Tinasa Nguyen,https://play-lh.googleusercontent.com/a-/AOh14GhhyznEnhwHRG9X5zvipXLPD1oAf9-_KV1YPV6wQ80,:< I load the game save from settings and couldn't log in anymore 😭😭😭,5,2,1.2.1,2020-12-07 00:02:33,,
gp:AOqpTOH55zEjStWca78kzhPm6BmVD9ZKLFLqFlf-5VYNXHx4aMW_uSmBhLpMoI1gcQmsNeBqwem2_rQm4s053yA,lamp,https://play-lh.googleusercontent.com/a-/AOh14GiicQzncGXUgXH9JohgUjhEa0hejhBc7XkrDI_m,I really loved 7 days and was happy to see there's a new visual novel! I loved the story and the animation. The emotions the story telling brought me is worth to mention.,5,8,1.2.1,2020-12-06 20:20:09,,
gp:AOqpTOGBOIU0TeRCv82D1n7nhIHXqC1KbANmt3PRbF0GSZ1kRGaEXj-rrkwMzu0Z8bca7y4-B5hPS6yRDVofehE,Ruhina Mazher,https://play-lh.googleusercontent.com/a-/AOh14GhdIE6yPKrwbrVq5haorm0bPTu9dNsRcfPMHP9D,Its the best game I have ever played i never thought in my life that I would cry by playing a game,5,3,1.2.1,2020-12-06 09:48:51,,
gp:AOqpTOEucFCz9riGl6FNzYw5ZbQRc_hmpQCEoRnJb4OxfLcBT4kFx_2Y7-8HiVeF3KBCpIpSTXtBm596sn6x_xs,Polina Bolovneva,https://play-lh.googleusercontent.com/a-/AOh14GiCxJPlIt48fuMGXOwkz71HCiRNMr9wuigielbv8A,"Cleared most of the game (have an ending, a bit of album and titles yet to unfold) and can say for sure that this one is REALLY GOOD. LOVE the gameplay, characters (throughout the story you get to know them better and become fond of everyone) and plot. Art and music are amazing and nice and make your playing experience THE BEST. Thanks for creating it ♥♥♥",5,34,1.2.1,2020-12-04 13:57:25,,
gp:AOqpTOFQ1hVNhsgUaKGyzQfSRFMWJBATOmBq01ww0O7peMn-s6NpQxC5x9HXhnTXk75i_mGdw6wFyLNd1bTg-cc,Harry Görlitz,https://play-lh.googleusercontent.com/a-/AOh14Gi-xf0vqI9eUMJ52j141LMyg3fuqDhQ3hE2U3Ab_A,One of the best Story game. I love it.,5,4,1.1.17,2020-11-27 22:51:40,,
gp:AOqpTOGUPsMH3cNihuyUYgxTk2nPxLgUM3sTnhJr3eR5-3GXFchTkJDxBwNcU25sQVHl7xYy2GkqI0DmPCWFb9A,Tomo K,https://play-lh.googleusercontent.com/a-/AOh14Gj7s5wigz4P5SljEZC2GgcJs4s3H_yLv8cLLe2zrhs,This game has the emotion. The underground taste made me remember some other games like Yumenikki y VA11.,5,11,1.1.17,2020-11-26 17:02:35,,
gp:AOqpTOFUCLCBdCKi8tkOg2CGqMaRJVVB4fIj7XgJ9UAm4wUStEaTBZof6ktjRgdIkrm4Ho4B8G8IAjBxo9BlvSM,Afid,https://play-lh.googleusercontent.com/a-/AOh14GiNAjCTdmTCuD_77NOgx3QKszyVSbgamQhe1_Zlcw,"I accidently bought the game and i cannot refund it now , i tried contacting playstore , google pay , they told contact the developer , i sent an email to developer and i am waiting for the response",1,8,1.1.17,2020-11-23 03:25:16,"edit: The ID left here and the ID left in the email may be different. Could you please write down the ID you left here in your email? Hello. Game refunds cannot be made only with the information here. Please contact ""help@buffstudio.com"" with the reason for the refund. Thank you.",2020-11-23 19:13:22
gp:AOqpTOEVoH38Cw76ePbnw5GFVMWiusJ6lNaAkh15CVOV1sCHFNHP59rhova9ZLhKI9ltFBtmuqYV3AdQ7Tn38Vg,HAJRA BILAL SHAIKH,https://play-lh.googleusercontent.com/a-/AOh14GjhyVq2k0C0JxqERalFeD0ZvQxxrbmAcHCI4cxsSZg,"Accidentally purchased, underworld office game, kindly refund the money. Thanks",1,1,1.1.17,2020-11-22 10:13:25,"Hello. Game refunds cannot be made only with the information here. Please contact ""help@buffstudio.com"" with the reason for the refund. Thank you.",2020-11-23 03:15:58
gp:AOqpTOEBTFKvRO58sE4nFRIBnaSAiw0ppNKJzVOYG7zNgMP9UxIEAEWpgtHACoAxQvMQSZa5VgpI9mJYWcMGL8s,Nimai Jana,https://play-lh.googleusercontent.com/a-/AOh14GjfeZxAXDEcEbuAh4ps0FhlnJAFFoW-bxmQO3mt,Plz refund the app purchases balance..,5,0,,2020-11-21 20:51:48,,
gp:AOqpTOFyvY_0C_IZcPP5x-dXuEZ3eZHOs6CXas-ro7hlKebRQZNRhIJLHb5STjuqj5sdx2_pnoUja_VQhs1XVoM,Karan Modhvadiya,https://play-lh.googleusercontent.com/a-/AOh14GjurE_CxH_qghDVS0LF16TeRLgf31e0MaIntqsmhw,Disgusting Refund my money,1,3,1.1.17,2020-11-20 23:49:47,,
gp:AOqpTOE82NYIY3I4_qm-4D5knwLDNy9X66Jn7woClBIAXPLT8KugjxcD6gbFgvziHKDOjNBd0XwrmlUqzM8TYcI,Ravish kumar,https://play-lh.googleusercontent.com/-Un4KfXpqgWc/AAAAAAAAAAI/AAAAAAAAAlU/AMZuucncbG9OPkmybPYkPzLeqKC1fvcqzQ/photo.jpg,Sorry for taking your time but unfortunately my son is purchase this game by accidentally so please sir refund my amount as soon as possible.,2,9,1.1.17,2020-11-20 06:31:15,,
gp:AOqpTOEJ7Fd6psZaW0uPsIyWKa3s8VEgQrQvLimswiSH5WkBEOj2N9GDsplnLdWPHuRQLMzz4RIurXtpZcicb0U,Amandeep Jangir,https://play-lh.googleusercontent.com/-ITBZwXp5T_s/AAAAAAAAAAI/AAAAAAAAAAA/AMZuucnop71xX6eN8_dwc5YtJl_y9wZi8g/photo.jpg,Please refund my amount... please I don't want any excuse..please It was bought by accident...,1,4,,2020-11-20 05:36:04,,
gp:AOqpTOEXpI1Mr6LciZsqyjqxVsZa2Y1CBCwBPUXGaEg15wx-5Kd2msqb4Y4LVUlBwMDa0xAyDmnLni9z4fmEjus,Aman Pawar,https://play-lh.googleusercontent.com/a-/AOh14Gj9ehEX73-Cg5XW0DlYeMIu_xaNAb6ZKG3uU5R8fw0,Please refund the app purchase 🙏,1,17,1.1.17,2020-11-19 01:48:54,,
gp:AOqpTOG7Xnoi6C5GzrN9hvWlkrR6GTwq8HlFnejVz8aoWQ2QqO19IoaVQcImiRl179Zc_pFIXSuK5QXgZCN_h2k,Kannan R,https://play-lh.googleusercontent.com/a-/AOh14GgKRhAnKGRFTp8dj-OKC5ji0CuQTPhqTmgq3xQWTw,Please refund the app please 🙏,5,17,1.1.13,2020-11-18 19:39:43,,
