reviewId,userName,userImage,content,score,thumbsUpCount,reviewCreatedVersion,at,replyContent,repliedAt
gp:AOqpTOFF4FduUiP06WZ2aEyQB5kbmjqqa8vV8WAKoOXwVYfte1j9G7DzTZIGPqREJV13-O8jK9rkpduoBdaPyw,april godel,https://play-lh.googleusercontent.com/a-/AOh14GhN8lXNcwlZuNgHYrXz2iW-JDJ5U24Je47unTdatQ,Wow,5,0,1.1.0,2021-02-09 15:11:34,,
gp:AOqpTOG69r5tC-paN3RvRP5ZaKK5mUrDUxOVP2RJw7oa2L3UOv8jbNEZ8qv-dzp0oVmX4Vqi8B7KN1n3lvD5qQ,Michael Jaques,https://play-lh.googleusercontent.com/a-/AOh14GjaEB0T22h1vYZupeH67XsasvW51d8yYlUgViBRUpY,Great in an apartment building!,5,0,1.0.9,2021-02-07 20:45:04,,
gp:AOqpTOHnGVAm8EedgQbc8BUmPZvJgG49ESown73BNc75FWk29fMDpowbXeFwdidvi_qNUMRaHDO2jsZHlMXYdg,Spooks GAME,https://play-lh.googleusercontent.com/a-/AOh14Gge2WOrh4U1gfeCmHwvwldODZ0FBwo5iktZAJ1-0sM,Still not sure if it's real... I'll change to 5 stars if I can get a personalized response,4,3,1.1.0,2021-01-27 09:50:00,,
gp:AOqpTOE80HmLKAy6OIi0YEik8Sa-lygxDbTM_IFK4moMc4kAE6-GcJCILUrUGT6vwQ_CNHOa8T98eR7gswqc9w,shipcritic Campbell,https://play-lh.googleusercontent.com/--FsKrsztwuM/AAAAAAAAAAI/AAAAAAAAAAA/AMZuuclmQpZUGzPDw966Q05x-c8u2aafEw/photo.jpg,A bunch of garbled words.,2,1,1.1.0,2021-01-10 18:50:09,,
gp:AOqpTOFTEx3smxCwEMnRzxIYrRs6gP2NyZXeQbKyyorFoONqkkMmA7jf_ystUfIBNQgIP252eBQ0y1_8R95T7g,rose blondie Halligan,https://play-lh.googleusercontent.com/a-/AOh14GilmCTqN5Lx9mbMDd-8pPGDIdO1dWkWqYVA06_PLg,I know this is just a nap but I've had this app for a very long time and I do it because I am sacred within I do believe somehow someway with this app you do get some thing from either a loved one that has passed or past loved ones that's because I have the faith you got to have the faith to believe,5,5,1.1.0,2021-01-08 01:28:08,,
gp:AOqpTOFGbUJDk1TD9o2oppg48mMUH_Cg3iIiapzgTMMa4-icBvaxICeRrK3xJuZ-fLpyUFEnN6xUbd5ufU8UzA,Aaron Priestley,https://play-lh.googleusercontent.com/a-/AOh14GirMWLhrQIQnF0A680VZCtRXq_Q0o9-cEde4ndL,It's neat,5,0,1.1.0,2021-01-06 00:56:26,,
gp:AOqpTOFRyua5jZTc3maR4Z5Blp6a4QkIGGK6gC1CyaSEfYMFQcYCOYUeC3OafTvZmyez-dKqe3ea77LYZlQRVw,stuart jenkins,https://play-lh.googleusercontent.com/a-/AOh14GjfIZ_XoW5W4Gstdeb-y72vdUNyfw0-ldu8iyU-HQ,A waste of time but it's free of course you are going to see what imagery that has been imposed on the app,1,0,,2021-01-05 20:26:08,,
gp:AOqpTOHT3Y5GpOG0S-iPBNcfx3BST9PFmJKD4ZV8rVVM7O8l0pTpCeEpgI0Uowi4tOKAlqz3oJBw6KbGAiBJaQ,Mayra Guillen,https://play-lh.googleusercontent.com/-lnlyUq5aOyE/AAAAAAAAAAI/AAAAAAAAAAA/AMZuuckNOCsWxKeGwnVkHLWE_jBMBURe-g/photo.jpg,Great I love this app,5,0,1.1.0,2021-01-01 03:48:16,,
gp:AOqpTOHYL9pz9Zxk_YfrmRuxZe411a9rStaOUpmj_1lgcl37jvjb7EAh8pYWnPhHLyB1OTqgTUXPnOCxT6ObMA,April Santala,https://play-lh.googleusercontent.com/-3t80XgApGSQ/AAAAAAAAAAI/AAAAAAAAAAA/AMZuuckBiALDBqhsjtY--UeV8zndf8lEfA/photo.jpg,😊,4,0,1.1.0,2020-12-30 19:07:55,,
gp:AOqpTOFnzQHFiAdIkT0cmJPKYxGyM4Zn6MRf3wue4Ld_nfuG7-ny8KA76MNH4Y-tCAhhwlX1TdlvrPBMJzgxEg,Gerry Smetana,https://play-lh.googleusercontent.com/-y9sxUxuRwm0/AAAAAAAAAAI/AAAAAAAAAAA/AMZuucnU7R-WP83GtCeo5x5jyjScwdBkSg/photo.jpg,How do you keep conversation going,5,1,1.1.0,2020-12-21 20:23:31,,
gp:AOqpTOHGR58y9bBO5J3TZFVewqEcHwB-r8mPswfsXGBnRfjAlSUR5CgcKD2Yr3_J5l4n1aYaXjgR6aZkHVoTrw,Phillip Anderson,https://play-lh.googleusercontent.com/-FLqCXa_ptYM/AAAAAAAAAAI/AAAAAAAAAAA/AMZuucm2CPwd14frIN4hzGpBYfC-cgjHiA/photo.jpg,Wish you can hear the entities talk that is why i gave a 4 star instead of 5,4,4,1.1.0,2020-12-06 21:52:19,,
gp:AOqpTOGMIXAqEMlI3N9m_d-F2UXK1785EU-QzJNYTDrRB69Dus00I-pL6OK6NZTZnTNtcOiG1RROKkc2VdwCHQ,Benigno Evardone,https://play-lh.googleusercontent.com/a-/AOh14GjDDzhajiW1dKhWlvaJaCaOjbnDnFkCDKOTpjdt,Exciting app!,4,0,1.0.9,2020-11-29 19:54:05,,
gp:AOqpTOEI_1D4UjHFS4rcGqdP7FVApsjULGSrz0cHsS6CcTs8WgOalGbyekiWsJexlaGllXvWTMvEJPwpSEhi4w,Derek Grant,https://play-lh.googleusercontent.com/-UzEbeGs2AcU/AAAAAAAAAAI/AAAAAAAAAAA/AMZuucnFV-zAvAtC9tNAbser83HDbb8Wcw/photo.jpg,Gets me info i need at times of worry,5,0,,2020-11-27 16:00:58,,
gp:AOqpTOEP4OvlHq_pX53N1Qv0swXV2RdOgNpwPXFu6Q2fMnT5o46ILcg05ilWssbh_3sdLUDqKspU6ghDz_l7Pg,Cj Mitchell,https://play-lh.googleusercontent.com/a-/AOh14GjqlMNX6YeKmlVhjB4mhstSscNn92xrL8E2IVAGPw,Paid for Pro and still getting ads,2,8,1.1.0,2020-11-26 19:29:22,,
gp:AOqpTOGgFNXAaPmLQiROmj9ZtsGTMKgtxkzsS3Ess7mHXsH_-zHUcc7-GOEeXLleb-LfHptKnvQ9FDhexTW9Qw,J Ruiz Junior,https://play-lh.googleusercontent.com/a-/AOh14GhIR8LY4b74dd580iDoCBC90IiyADpIAnfJVaYWPQ,Interesting,5,0,1.0.9,2020-11-22 16:03:54,,
gp:AOqpTOFFL2ng7TBm7wiSweYsjXqrHCsOVigjyKx8wUOypjT5I7Ds7-JlLA6BnvmyiTSrDOei_boyUA35tYEa2g,Clair Reed,https://play-lh.googleusercontent.com/-A3lejYvMxTw/AAAAAAAAAAI/AAAAAAAAAAA/AMZuuckgawZ6mQGno81fLYqGQjmxn1aHtg/photo.jpg,Fantastic x,5,0,1.1.0,2020-11-21 15:22:47,,
gp:AOqpTOEijZBbFvo9iCxCYg2BMUWhCH4eZQttOA94h52a2qSmGQrQk_tQlEr2KKsnHg_ogSBFZAMhuSXPlDnwuQ,Brad,https://play-lh.googleusercontent.com/a-/AOh14GgFZvtTX9FRFij4MELWiMWbT2N08VLjpFpTGHJriw,It's entertaining to track the spirits around me and see what words they use to communicate,4,0,1.0.9,2020-11-21 13:23:46,,
gp:AOqpTOHfBrtPMgQMbdfls9lGVp7O62EPoTdN4vnd8S0xBnwEDZEgE1eHVSgqSJqq1a5Ys7bW1OlETa6oLZGnAA,sharon Pearl,https://play-lh.googleusercontent.com/a-/AOh14GiCYEBQI43G5j6lZIfNtiQdr6klyFeiN-p3QRxVtQ,words are few jumbled... ive manage to understand the message.. but is confusing of why jumbled. otherwise its a great tool for spirit communication of having a whole sentence.,4,2,1.0.9,2020-11-21 05:39:40,,
gp:AOqpTOF4KR5SqPDpMXoddreE2ZF2nMmvFfcy9OvftDiKg9WJTQzWsx0-zu-A83dkDr7gKkPTARjZNI5U3H0EYg,Charlita Tatum,https://play-lh.googleusercontent.com/a-/AOh14GjEtfd5aJRb-fnDTKUjWlsJulzFzxgcPllkkkuCQQ,Don't think it's anything I want to be fooling around with. I thought it would be fun to use for halloween. Random jumbled words mostly at first....then it started displaying names of people I'm close to. I considered the app had somehow hacked into my contact list or something...until it named someone close to me that is not in my contacts or even on social media. I got a little freaked out and deleted it...lol,4,11,,2020-11-20 20:31:00,,
gp:AOqpTOH7qhWIa6y_yiErvmpCDgy4rOoLYryrFpZB3EynctATv-oergMqyliMK-Jg7S07u9steztCnu-ch7Q2qQ,chris flynn,https://play-lh.googleusercontent.com/a-/AOh14GhMSzq8NeDnzAk5sTBM8YCfuTTjXQbxg1ux8SQT,This is a simulator app but i actually do sessions with my spirits as im a psychic medium. I can do good sessions thru all your apps and about 75% of other simulator apps. Thankful my spirits can come thru in almoat any kind app i use,5,3,,2020-11-20 12:45:25,,
gp:AOqpTOFwTwkHV92fhuIpV3tuief2qe1SJXNA0jYCF9cgNGe7mDW434saq33_FANhsNcAWDoQ7PaQm_zbVcS2rA,Renee Livingstone,https://play-lh.googleusercontent.com/-k_S58leCTQQ/AAAAAAAAAAI/AAAAAAAAAAA/AMZuuclSo-LbpuMA17QeQB1C1RJm9hAxDw/photo.jpg,IDK if its real or not.,3,0,1.0.9,2020-11-14 04:41:51,,
gp:AOqpTOGJSWcIil1mga7Y4GvjUpJmKk_xsGCiane9648osIjZAorskH5Vj2ztdjNPYE-jzzjxVx5mokblajYYnA,Queenof Chaos,https://play-lh.googleusercontent.com/a-/AOh14GiHF-MTeAcucbFijdaKmOULeURPogGEK1APSfZYug,I have the ability to sense spirits and for some reason at certain times I feel them around me while using this almost like it opens communication more it's strange. I usually only get these feelings when doing spiritual activities it's actually quite remarkable. The words have made sense sometimes but a lot of the times they're very confusing. The reason I'm giving it four stars is the pro didn't offer much more than the meaning behind the star sign the type of spirit etc.,4,21,1.0.9,2020-11-12 07:59:59,,
gp:AOqpTOGT2bkDdnqfvKNvf29dv_f4hArJ16UQdpvTUVw9Bu1KZIVd0xNBb6dQ7RWaUIwcdj8cey33Z8TkBa2nlA,Tracyanne72 Ucimaqt1,https://play-lh.googleusercontent.com/a-/AOh14Gho8tkUF7jbWZcgWIn_TOG1LYpjZI29jLQT3IXisQ,"My daughter & I enjoy the app, its fun...",5,0,1.0.9,2020-11-09 03:34:26,,
gp:AOqpTOEoInMFXpiqA0fBP0vg2257qRMtO4tpHUzK_ufK-CfvXx8RBCtWqi_Rf23EG3jb3Gx37Bc6Mzi4bnkoSQ,Carrie Barker,https://play-lh.googleusercontent.com/a-/AOh14GiTseFZDL3ji4QQJAQyEP95mkCl_YNdulq2vObK9g,"Great for entertainment value, was hoping to see something more personalized for individual user. Hoping for specific information at some point. But this is by far most user friendly app of this kind so far.",5,8,1.0.9,2020-11-08 17:28:52,,
gp:AOqpTOGP0yPGtRUt9VytsLZZ34SQZXAk9Y5kXzVhWN_oPo_NjLq7j0HrhhaXr0qlFJj1jSyAZSPD66ptlZ2Ghg,B Eastwood,https://play-lh.googleusercontent.com/a-/AOh14Gg_PDtlVkp-XzU0m2SQMiTMZBlzDU1VKhlzadhfIA,an unusual but ineresting app!,3,0,1.0.9,2020-11-03 14:08:20,,
gp:AOqpTOGxrrWJfbCyuXhri3Yeyv-Fli_XkhfZic91rbL1xlaa08k6mEoDTCsGDuJAtKEZYBa2FLk_4iJ4a1L-Fw,CJ Clark,https://play-lh.googleusercontent.com/-SUS1dsUK1Mw/AAAAAAAAAAI/AAAAAAAAAAA/AMZuucmrLbvDONdLekJVp-Y2AV34gZ4a3A/photo.jpg,Pretty cool,4,0,1.0.9,2020-10-31 19:27:42,,
gp:AOqpTOE4NGBMXDZ299L2nIsHok2TRuaYv2SX4-r60TvTet465Z94JEf53yARtA78KZw7VuDLLUGvSzPCM1w8jg,CryptoFreak1965,https://play-lh.googleusercontent.com/a-/AOh14GhCpRii_cqZbyX1rDLZrqdTkEieIMQDWAeTjnQT9A,Loads of fun!,5,0,1.0.9,2020-10-29 16:00:17,,
gp:AOqpTOGmNdz305C81dTAVsfnrFhtCk-HK9xjwVyrGiDTNx05EkZBmlGk-u_4G79GaFFxE3q-fiHu8Rf1AAxUYw,Ga7actic Da Goat 77,https://play-lh.googleusercontent.com/a-/AOh14GgX86eJcjO4UUkFOgbs8oM2JibK-moS_hxb7-SsTw,"Best app ever, I use it to get answers from spirit.",5,0,1.0.9,2020-10-27 05:30:48,,
gp:AOqpTOHjT48lKJsvoJxfMc9Fil_ThaeDZ4EwWxcLfRbyCqhdEcnnPrz96PPASMQEzP-Hgvb2JekOUaALgP75jQ,jeremy smith,https://play-lh.googleusercontent.com/a-/AOh14GgGKgBHIrZZ_mBjpYwCtcVhoMVmDw9Y4XIv8dR3,It actually found one of my old pet that got hit by a car along time ago. We found the bones cause of the app. Ty,5,0,1.0.9,2020-10-25 13:37:55,,
gp:AOqpTOHMMoKmHec79F9ZWa76rKWRtigNOUKIyiIbcqYUrh_VYeo__1l1Iwof2JXfvZA22m9q93Tg6gyhBWXKKA,canada faisal ge,https://play-lh.googleusercontent.com/a-/AOh14Gi7Uf2hKxU2OCGszdwyAXXtdFfHxkFEs4BRgUQE,Veri nice app👍,5,0,,2020-10-24 02:38:50,,
gp:AOqpTOEctvEXyUZeduye9WW_7SML-YwV9jJivbJqwITV_PuGanHJ81kbZ6S_P-Sg-KC4GAhcKHFeaMpnEl9NtA,Kerry Morgan,https://play-lh.googleusercontent.com/a-/AOh14GiBMLKJ_MweqKYdQ29D4WNw-u0knQp5Au24UK0ZGQ,Its fun. Worth playing.,4,0,1.0.9,2020-10-14 19:01:25,,
gp:AOqpTOHZiK_j5Mq-8dtRlSQksBt3xR-hoiA-pP6AufUG7WcI8fTAZ1qKT1yRCCobn9lJuSIFYcb8YPRaEzyfcA,Catrina Buck,https://play-lh.googleusercontent.com/a-/AOh14GgAc2_t91Wy5H-yK678idHmVIoWsPK1NdwFbDD2Ppk,"I don't know it's pretty much a lot of coincidences things being said when I asked questions and so on so I've had a lot of luck with things like this before working pretty well so I'm not surprised is something I have I guess that just makes it real. Because there's just some things they shouldnt know and they do. I don't think its the apps being real or not real,I think its the person participating in the app.... just my theory based on pure experience.This app is only real if you are.🤔😉",5,24,1.0.9,2020-10-14 03:27:15,,
gp:AOqpTOEzeKFVJZRHGruAEc8amGMLig1UCYFHP5fdVuazB6fLNYBHzdCFeOmAkZCECcXUwxe5eccz_4HYi77ZxQ,Amber mompov,https://play-lh.googleusercontent.com/a-/AOh14Ggg6zB9_HSdIc-DYF9sMx8dgjQynd4oPqeXqPKT,Fake,1,0,1.0.9,2020-10-10 18:29:00,,
gp:AOqpTOErwweO_lFZ22y-DriTEoQJdIsmHZ_gxO4eDEZXq6We0TsrYk8S8mgNn49R_DKsJMuoa5BKnxw5cjgrnA,Jordan Jones,https://play-lh.googleusercontent.com/a-/AOh14GjYq_N-UMxIy0P1AszMI7y5F9Yf8tZgNkMl8Mte8w,I wasted money on this app. I wouldn't recommend it. This is ridiculous.,1,1,1.0.9,2020-10-03 18:35:10,,
gp:AOqpTOFjQMaSLR5MAlHaLo3Wpe3uyGyMafOLeZOTAjKF2jsIMaFDnfbj1h0sDeYSIn1AnyWysdBBG7AbyqknMQ,Kim Padilla,https://play-lh.googleusercontent.com/a-/AOh14GibllZzuPCOrt_rwOWpaeYtwJz2zbbDfinRykh6bQ,So far I think it's actually put me in touch with my dad I have to say this because it put me in touch with a virgo male and pearl which is the sea and blue which is honor and loyalty and relaxed which he always was all of these things so idk I'm pretty into this now and searching for mum lol idk if it's real or not but it seems pretty much authentic I like it even if it's not it's pretty dead on the mark thank you very much,5,0,1.0.9,2020-09-26 02:50:52,,
gp:AOqpTOG1kixVAgrKKx2yWzFKtVCDEiqZy5JpBtJpyMjyb0f0kE90ZWRBkRZOTgKMiP1S1kfFDLPofGmI3I7PWg,Lisa Perry,https://play-lh.googleusercontent.com/-NnsJriVaRDA/AAAAAAAAAAI/AAAAAAAAAAA/AMZuucnuD5IEPJrC_Sv0WhIYMAOr3ppd4Q/photo.jpg,Not sure if this is truly real but definitely interesting to play with.,5,0,1.0.9,2020-09-20 17:13:32,,
gp:AOqpTOEtyDs_rcx1Lkn63-L_Uc5XhyQQk9Kfk7XeQZfpxkIGtAc3KYa8VCgUeMFdKUMOjmOq4_CEqHqkyOs4rQ,Dennis Guay,https://play-lh.googleusercontent.com/-C4YrovSSff4/AAAAAAAAAAI/AAAAAAAAAAA/AMZuucmkSAyrfKCooYBatQmt-KiKeR4zxg/photo.jpg,"This app is amazing. As one with the Holy Guardian Angel, I get amazing spirit communication with this application. Would definitely recommend!",5,20,1.0.9,2020-09-19 07:40:08,,
gp:AOqpTOHX6aHb0ZYINNJGZTHu16yeBskHdQnC1_mlk3KbA5gFreMUuc7DLmMKL3xUIGPnEKznk86QlD2FGeFZTg,Bill Moxley,https://play-lh.googleusercontent.com/-K4kjZX-caG4/AAAAAAAAAAI/AAAAAAAAAAA/AMZuuclClDlOfFy-fVKkY3igTCTpsK4WxQ/photo.jpg,Fun. Wish had more options.,4,0,1.0.9,2020-09-18 08:33:13,,
gp:AOqpTOHw5sMHU7dsKHoE5xWOHvOvHTgtZmekY0x1uE4oQNBeH5NegeyDe5vVGYvyRQsYg43HcgqDIQrzRj0Byw,Karen Santamaria,https://play-lh.googleusercontent.com/a-/AOh14GjVYVUvOzznKBNHi2IOgT93Wgucx-oIVNgbuhwk,Hasn't made much sense..but still entertaining,4,0,1.0.9,2020-09-14 18:54:49,,
gp:AOqpTOGytShYRLXktXGTEXROcELbJ_qufw2Fyvh1Vml87PHJeRwRCd3pGXFrPHeuw-nJjmR2BFmHfB2SoDLl5w,Deborah Broadbent,https://play-lh.googleusercontent.com/-vLbzdjistEM/AAAAAAAAAAI/AAAAAAAAAAA/AMZuuck3WjB2RB66rLGQwFE35ng6EMOvQQ/photo.jpg,Fun trick...,4,0,1.0.9,2020-09-14 15:10:25,,
gp:AOqpTOG6n5ZrXxpo9j5gsG_RDM-vUiKizh6PdX523JlXnglm0I9qtn_EWb3-t-ANx0N_8TSOjZ2r9MKSYuOh6Q,Wendy Walshe,https://play-lh.googleusercontent.com/-FT4yPTQMai4/AAAAAAAAAAI/AAAAAAAAAAA/AMZuuckRzz-vy1kmuH5eDEte4hlKt70ZsA/photo.jpg,Interesting,5,0,1.0.9,2020-09-10 08:04:44,,
gp:AOqpTOEkG75kuEogpvvRJVB2efAGa-Ib-kJGds5ISRn2zye7SO_RyBDY9Jgx3DO_FBmn5dCiK53h0Ar5LjXrWw,Emily Graves,https://play-lh.googleusercontent.com/a-/AOh14Ggwc5cvah-E5FCuKmuFEFpk2zOm8utT9e1RAcTfhdA,Loved it!! Crazy how many spirits seem to always be around me..,4,4,1.0.9,2020-09-10 04:37:15,,
gp:AOqpTOF1ygMtlJyEaqZ46z3vUWpUtEPzm3GT3Wu5g0pyUNBZzwMbcK-0PWsSP3YIYaGE9R-1vcQMxwKO7oVFFQ,Harrison Messier,https://play-lh.googleusercontent.com/-7uonFYAff34/AAAAAAAAAAI/AAAAAAAAAAA/AMZuucnQgL6vbbCiJUPG5cundgmdwM8a6w/photo.jpg,"Buy it, you get what you pay for. And man its accurate.",5,1,1.0.9,2020-09-04 22:45:25,,
gp:AOqpTOGC4iSG2vEuIlc7fI-8hoXtv8nV_2j8A-Hj7xnV12dn20lGBlzs1cVs043mMaDWZFceOP4FZ8z3KeWufw,Gary Hayfield,https://play-lh.googleusercontent.com/-4L0Ocg5ve9A/AAAAAAAAAAI/AAAAAAAAAAA/AMZuucniZOn7V9C_zMHuh9MtoE5U18LVzQ/photo.jpg,Hi this app a loads of rubbish it is fake it doesn't do what it says it does it give you loads spirits that poster be over the other side it only give you limit information there is nothing to do with the other side just load of rubbish I... would like a refund I have been involved in spiritual movement for many years it ate got nothing to with contacting the other side this opp is only for entertainment purposes only nothing else please don't waste your money I hope this information will help .,1,7,1.0.9,2020-09-01 20:43:34,,
gp:AOqpTOHWi8s76LsBbTNcWDXxdb7b8ccrkB6Y7wxOG6F-9o4Aoyfxe6SUb8_YkJJrpzPip3n_Z5plNQMCdoPmbA,Bryttnii Rankin,https://play-lh.googleusercontent.com/a-/AOh14GjYdNJD8tmgHOWQmCs9i0SNQvrr4SMiaW9VDX5I1w,Still trying to see if it's B's I wish I knew dammit I'm lol real or nah,4,0,1.0.9,2020-08-26 03:01:47,,
gp:AOqpTOH4jSmKp9DrRYs5hV7Z_xQLW0i4O9UzD-qQd9V740B42Wnf0-6tT0gyzS1-NcqxYqvbnIrg7-1WHZfoGQ,Steven Szebellédy,https://play-lh.googleusercontent.com/a-/AOh14GjgARgYyzbaFP6q0dL2S18I8ULl0tlEpH1uwkSTHw,Awesome,5,1,1.0.9,2020-08-26 02:14:20,,
gp:AOqpTOGjsADorZJXQi_L7Ny3U5Uweir3sz0qWiy1SbjslgduTQeL_t3jxHTDSByitv8G61YNOrT9tSBt6UoGvw,James New York,https://play-lh.googleusercontent.com/a-/AOh14GhXXdN2RU94PqNg2pJkOcOIY0tpkNDcI7iU_x7-uA,"I very much would like to give it 5 Stars and I will as soon as there is some proverbial ""meat on the bones"" of this spooky, interesting but otherwise empty, bare cupboard of a ghostcom style app. There is so much creative license opportunity here, fer crying out loud! I'd be happy to provide specific suggestions & details if anyone is interested. And that includes You, Boris. 👻",2,1,1.0.9,2020-08-22 23:20:16,,
gp:AOqpTOG99OX2BlNYrnYTjMqQs4i26zKXUIw872Kap4s5JDow2_ars-hWzrXNa7fDs5905OoRzNCDu5o_4-cN9A,Kylie McNamara,https://play-lh.googleusercontent.com/a-/AOh14GgTd11AxQ5VORPfZJHzpOHLdkzKv_EtBgSC54W2BQ,Awesome work amazing work,5,0,1.0.9,2020-08-21 21:50:03,,
gp:AOqpTOFFrs4ix2S-gm4hOq4hoJhVMMxRfODrw6uC5ea8MB5qpy7l2aHNlxWiU6TCK7s26UEkKbBv4Fq1ZXDtAw,Aedria Hughes,https://play-lh.googleusercontent.com/a-/AOh14GjfQWSE2FmTllenXC9WROX9KpiFhUMGr6tgtSDG,This app has been so much fun and a bit scary! I don't know how it does what it does but the messages are frighteningly personal.,5,15,1.0.9,2020-08-18 11:51:04,,
gp:AOqpTOHaVy2VA9h3Wf6IgeLBNrqoFF6w0cBgGgN30AOzKCUpRrDB6gFrXyN7dMsJqbKUVQDKoBi0c_WvuGuBiw,barry stoner,https://play-lh.googleusercontent.com/-7BbHcg8tCPA/AAAAAAAAAAI/AAAAAAAAAAA/AMZuucn4CEsX0ShwaYyunXgtZEAXl1fLrQ/photo.jpg,great it is teaching me new things,5,1,1.0.9,2020-08-16 05:27:35,,
gp:AOqpTOFatkxjdrL7mLwGQSeAnfUnN85b4MB6pdKLvo5Y-RpKKc0MxkVS95rtG9MNP-PttYfQhDeLkJjukaDvLg,Malcolm Greaves,https://play-lh.googleusercontent.com/a-/AOh14GgI5WFy8_UI8id4RiW65NznWc9m_Xc5-MsTGXa-,Great little app.. make of it what you will.. 👍,5,1,1.0.9,2020-08-15 15:48:42,,
gp:AOqpTOHygyZDx6AoC6mK_WB9NBQtHjpDH5rzXp80YRgl31ZKsek4z6xO4OcKAOCq_qW_HINtqc_RKiN5UrXQ8g,Rebecka Mullard,https://play-lh.googleusercontent.com/a-/AOh14GiKM-1L-HgUD756ar-4HsSvds83OK-59DJ6U-5D,Very good,5,0,1.0.9,2020-08-15 04:31:46,,
gp:AOqpTOHuX6sCG7n04zrL-cdZo6GWAo-l30NLm0NwxwsNinahPwhObjX1AZvMKpsoOah2T0Irw0xO2tY1csMvTg,Lisa Randall,https://play-lh.googleusercontent.com/a-/AOh14Ghy9NU1kc98r0OEhH9vBf3lXhaS7JBT4fZX8ZBg,Absolutely rubbish. Don't bother,1,1,,2020-08-10 07:16:04,,
gp:AOqpTOHJnRv_sADAAA3--hek2Da7F9FWN10q-OXKfyKC0QHvwgAkQc-19AN3koiMNtQU3FZl_NgV0sxFSd-uAQ,louis the 1st,https://play-lh.googleusercontent.com/a-/AOh14GgrzC8NnvutkU1NIM1INL7LsY1JVYyUC5_TUn30sA,Fake,1,0,1.0.9,2020-08-06 04:22:21,,
gp:AOqpTOHbA5h6udHjtZi-gAyMFnS2a1i-oUASKKdWMczOq0v4PzzWNUniMAkwqnv4tEHfBJBlhC8fDzvqMy95jg,Mark Trujillo,https://play-lh.googleusercontent.com/a-/AOh14Ggq1qmV7LByjR_X696g4D83Ce_8F84c-yhtuM40WA,"Ghosts aren't real but I ran it just as a spider and beetle infestation was developing in my home. This app one night was giving me random statements that weren't necessarily relative to my life... HOWEVER, it pointed to where a violin spider, insects and possible other rodents were that night. Not sure if it's reliable for tracking pests, but that night, yes. If you're reasonable and aren't prone to believe in spirits or ghosts, try it",5,21,1.0.9,2020-08-02 05:10:01,,
gp:AOqpTOH5XuvcXdKsK3UHvPJrzkc9rbUY-Rig7gmkBh-DchGp2cxvR-mZ6KHLcar4nofdPL_H6r22RgGsop2WrQ,Mari Arthur,https://play-lh.googleusercontent.com/a-/AOh14Ggx1yieChxOwuOQwu-FViiQ202yYHFE4cMwTLOnew,Shows ghosts and describes well. Just wish messages were more connected to information I understood.,4,3,1.0.9,2020-07-31 18:40:29,,
gp:AOqpTOFKDeOmotOKbv-BE6EI83ZSzKgudCpNV85w4u-8c6YWOsLC1zH0Hbrob_CoPPyvnxeMvtGkwmpgWAQY3w,Jiraius Sinsto,https://play-lh.googleusercontent.com/a-/AOh14Gjf5-qu45ZSs2uh1T3x_BcJ2w0hDZRFwYgSwdWuVQ,Been using the free version for years. Interesting experiences here and there. I'll edit my review later if i come across something extrodinary with this app.,5,10,1.0.9,2020-07-30 01:12:11,,
gp:AOqpTOFeGUJZn4K_yxxJ272jkiZW0xgwuOflJ60cWNMPUEKTMT-TxOCY1pnyEitdNZiuBLbAj3x3vSs-2n1s1A,Follow Your North Star 44,https://play-lh.googleusercontent.com/a-/AOh14GgtDSTUxGvqrGyG7nCOlNtaqlnIYCg0IbnVNhxVDA,Thanks for a great app ⭐,5,15,1.0.9,2020-07-28 14:09:28,,
gp:AOqpTOG_CkGaOuqfAp9S03v9nA6hUzYzpqCbsFFo1tlQLMszyoNBtPbKGJWkB9IfYAqY7JeJryyBeNwu_okwPA,The Truth No Lies,https://play-lh.googleusercontent.com/-U5ImAeYZMAE/AAAAAAAAAAI/AAAAAAAAAAA/AMZuucn3VkuXodrYH6z_wO6IDRfXgl1Ptg/photo.jpg,Once i used this app i knew it was legit. It told me things only the departed would know,5,1,1.0.9,2020-07-26 01:02:21,,
gp:AOqpTOEaq6Q-V7tUjbNx6Oo-Gvc1JyaTk-Q818jb9Me3TSstpj_IvoJMRcqMzC5-WeXDOAj-hehdtQr6GCWn3Q,Ash Dudley,https://play-lh.googleusercontent.com/a-/AOh14GhUFw9JHstnzZ0H5kcXialubjLl-YNG_UzFTg5V,I believe that sometimes it has its accuracies and when I sage my home I encounter no angry spirits. Plus a lot of those that are present just so happen to be the sign and sex of my deceased loved ones very frequently,4,0,1.0.9,2020-07-23 20:24:00,,
gp:AOqpTOGOAgSwGi9xFqAa2tyq9ziCIrbe1qwt0PpdFbH3KJH8Jz18BZXgqK9JfdyVlvdns8re9iGoexCVPtAcfg,Ian Porter,https://play-lh.googleusercontent.com/a-/AOh14Gjewhy-ysijehpwoLXKOYw-3_iPCmH8zylnhpg4,Good app Messages seem a bit mish mash but I like it.,5,2,1.0.9,2020-07-23 14:43:34,,
gp:AOqpTOFksKBgki17yal9w_q2L0R4ddhSGCw3vbXzSHrkanRzEeZ_fnRNw0urZ_TXCb0xmfHEjXnXtZnDWQEhzA,Karen Jo Siders,https://play-lh.googleusercontent.com/a-/AOh14GieWZ6QMPz2sFtIYUg8U0NHquGPKmuGZQFlBtNv_w,"It seams ok, not had it very long, just wish you could talk to the spirits.",4,0,1.0.9,2020-07-17 21:30:02,,
gp:AOqpTOHFFoqpoiODTJV5lQoM07AUXvTYEAwndlfU_TOjRANY_8TJ8J3ggosfVs_iAVPnCHmkn0sdDhKCe0CqLQ,Dee Dee Henderson,https://play-lh.googleusercontent.com/a-/AOh14GgtVg_zIuJ4K5jubJfwv_ydM9Y3moUYFAoGdppm6g,Fun app.,5,0,1.0.9,2020-07-12 19:06:57,,
gp:AOqpTOFlRfBK2TvxF2ruMarurqkFkdGN9qlCC9tfrLqskOHsHj133q1Wzk3vQnWLLAhYnrVoVro2Y-CPV_Xk8Q,David Fleury,https://play-lh.googleusercontent.com/a-/AOh14GhyX84yRHVajQvU_QvvwvOW-Nypz2yJVL5MeahX,One word super awesome.worth its weight in gold i am finding intresting things.,5,0,1.0.9,2020-07-11 16:15:39,,
gp:AOqpTOHJw5HP0dTO2N4BfSv8UVuJtBfCKrlEgbzh9Brszt2pFZivB9XlZO6ixJYcWisJRoT8ZXfOX2VxKiDQZA,Kristie,https://play-lh.googleusercontent.com/a-/AOh14GiKJzOSwK-cpgWxxOyGedGCD_hH_5WwMn7GoS5aLw,Fun and easy to use. The only thing I would change is the having to go back before starting another action.,4,15,1.0.9,2020-07-09 19:51:12,,
gp:AOqpTOH3sxnxeloxd4zm-4DNXJyTP7dn_AIFxJdnsazy6dKJ1-K4H8_hAfgeoP2vAM2tvvGCL_XLlgb1ui6yEQ,Frankie Morales,https://play-lh.googleusercontent.com/-Q2eLsq_FKfc/AAAAAAAAAAI/AAAAAAAAAAA/AMZuuckv8IjMsd57TMQGpdlXDTA3TPczTQ/photo.jpg,Awesome 👍👍👍👍👍👍,5,0,1.0.9,2020-07-06 01:58:48,,
gp:AOqpTOF2NlMxIREIhDXrJfJoE4QsswX8yObqZG2f9Dr1zqIJWtXfwOo93RLZj0MSUtu_lDtpFqfKeJCWpeIi3g,Arelea Napier,https://play-lh.googleusercontent.com/-9JbZ9aPjzA0/AAAAAAAAAAI/AAAAAAAAAAA/AMZuuckDGrkGTkrp7SQc1KjGGi14yLFPhA/photo.jpg,Accurate reading on very ancient spirt with great advice. Thank you. Mother God,5,1,1.0.9,2020-06-30 17:12:28,,
gp:AOqpTOFfB-bnaQb9nZqeupOE0Rrrcn-MeHToJhR5xnVW9prIFW9NiIEDmWaaNhMoYv0ily--k8_xDaK9kpJZTw,jesse bouchard,https://play-lh.googleusercontent.com/a-/AOh14Gjwh8Jcsk3-VqR2lraOKtXT4Tx995WLaByUtu0Uu48,Just wild,5,0,1.0.9,2020-06-27 01:07:14,,
gp:AOqpTOEJMTDUBY8mOH90jQR0ScAzf3o4_IX_pKGd3FK4VloqWqhLTHiOVjogBtkpzb9oZ4bJCn5W5oTIQFQ0NA,Raul Abundiz,https://play-lh.googleusercontent.com/-grS51lQQtrY/AAAAAAAAAAI/AAAAAAAAAAA/AMZuucml79GqD6zABD-fvoNyJebUMvplnw/photo.jpg,ok,4,0,1.0.9,2020-06-24 17:36:39,,
gp:AOqpTOHIVYOgSZ0jqj1nz0mTCl6zOpH08yteoCdf3AbVJssXFIahkR5IJIyzXKptRNs8bYIirNYlop4ivYA1FQ,Tea Time with Ms. Taffy,https://play-lh.googleusercontent.com/-mo9ZwWMIs0k/AAAAAAAAAAI/AAAAAAAAAAA/AMZuuckYpBqKwOWg5V5aMOzPd_VUXZxSnA/photo.jpg,"As a person born into the spiritual, I was beyond skeptical, but I LOVE THESE APPS!!!!",5,0,1.0.9,2020-06-24 17:30:16,,
gp:AOqpTOEyfy_Qtz8-tdAhW4AVj2FV4PbGSlKODemciYraoq2XVIvYGygej3W8dUJglIhXiNNxREHj2qRcgoZ_gQ,Kaytee Greenwood,https://play-lh.googleusercontent.com/a-/AOh14Gi9HS32QLKbDVIfttAHPS5-WQbqOqXxzyjkLf8b,Debating how connected to thr spirit world this is...,4,0,1.0.1,2020-06-21 08:08:19,,
gp:AOqpTOFOD2NhxTFwj4T3Jl0323wznI53JbYt41YvWxAYGeuyJRz3SvXZAO29wwyiGPckwgN1HA0jQTVNwAmCsg,the_ fishballs,https://play-lh.googleusercontent.com/-9Pz1s2aGmN8/AAAAAAAAAAI/AAAAAAAAAAA/AMZuucmPn5ETuaekG_OsSg6zmU9fpI2WFw/photo.jpg,it's a funny app,5,0,,2020-06-19 04:02:07,,
gp:AOqpTOGQjU77YLQqIkQz8GJAqeflHZx61zTz8TtGcNKXDEerQUcE-T7IpmR_VRv7JkrtjQ1c-VOc57IS5xwAKw,Vickie Webb,https://play-lh.googleusercontent.com/-d536ZLcL3XY/AAAAAAAAAAI/AAAAAAAAAAA/AMZuucnnDzaUfd60IcI7FN5Q5aRwwhUGzg/photo.jpg,I enjoy it,5,0,1.0.9,2020-06-18 15:08:37,,
gp:AOqpTOGiaTki52AwbzJv3bd2hqfEkXAG-tehHPC6-iCCT5Jb_shM7M6hMd1aWvRJGOU4nVJF7mhWYrxYAEU4vw,Stacy Jonson,https://play-lh.googleusercontent.com/a-/AOh14Ggl_LpVlJThFO-F59NsxRbN1DNGzGj6Z96hY5n3,it would be ok if i could actually interact with the spirit that comes across,3,1,1.0.9,2020-06-16 06:59:02,,
gp:AOqpTOErKUrWuMqXys9iP-Htw6FpRUGGGtu2dmXk-WdaLp6B963AjzoH5PiilGopkaOKnjPi0toqswpk_O4nNw,jesse terry,https://play-lh.googleusercontent.com/a-/AOh14Gjxso1_rNygyoAx57ieJcZOLu3p5eDs_yn2AiAF4w,Great,4,0,1.0.9,2020-06-16 04:44:20,,
gp:AOqpTOHMKi1alGqVRnQdh6I-03EYsQKTvn7QqfIVJg87dqxYbDvkkSwNBkBJTzz95H4i18XyImEAuDYBVxarzg,Eveline Iskandar,https://play-lh.googleusercontent.com/a-/AOh14GgPKuZ-V3Wfl6un-nFCutbj8sBOknfC8JGoBzH5jQ,Excellent,5,0,1.0.9,2020-06-14 12:04:34,,
gp:AOqpTOGFAQ6Lu0VM84pyouOzozmjCxyjrH_K8wLZ9abVru0SYDs6aXzUqh0ARdn6SYGn9oFlW1e_BqBrxQGfdQ,Wilhelmina Krutrök,https://play-lh.googleusercontent.com/a-/AOh14Ggblk3g9bWQ0G_qwITbfsFSdVTyZpYXg1B7zeEooQ,"Neat, when it Works. But it shuts off almost all the time. Only a few pennies invested, fortunately.",3,17,1.0.9,2020-06-13 13:51:28,,
gp:AOqpTOGT_XJPbiFuJfAKVKsZbcYZRFA7QoF8cpSAlyKmavU3AmNERFRqMSBvAUnCcQ0uSvY5lvHGhsqZfGv3gg,Kathleen Obrien,https://play-lh.googleusercontent.com/a-/AOh14Gi_DmNky78EnFs4WeZefIIZ5RjufKJAXfFNhkL0Lg,Fun app to use.,4,0,1.0.9,2020-06-10 15:36:56,,
gp:AOqpTOF8zbPHlCEgSyyS4JNgrjkmkEFDl3apb12omPdC2359b-zD77AKltqbhmbjV5hcqpKah4m6Q-HyqI6OGA,Amber Hollis,https://play-lh.googleusercontent.com/-6iL5hwawqRo/AAAAAAAAAAI/AAAAAAAAAAA/AMZuucnTBe916UY1lvbYemNLcKPTLvdVZg/photo.jpg,Totally awesome,5,0,1.0.9,2020-06-08 01:41:44,,
gp:AOqpTOFsE2W7T8mPKc3QabDA0rk1lF2H5ia1sDcvvdcOYlLHWUol0mS78apkzIlYwkQLtImFsOAi0gvIlem4ww,Stephen Barnes,https://play-lh.googleusercontent.com/-dsKYBtlOGzI/AAAAAAAAAAI/AAAAAAAAAAA/AMZuuckDPV-9GA6iD8fYcObcvDXBWBHc9Q/photo.jpg,Awesome and fun and so cool,5,0,1.0.9,2020-06-06 23:09:26,,
gp:AOqpTOGoYcb4YcSXN3rscl7na_RgxB88IKMsF3lzdcYIipQkYrQzQdKJRJ4MGQZcCQvcfYqJ8TQlcTdXJAoNxw,3rd eye Oracle,https://play-lh.googleusercontent.com/a-/AOh14GggP9H-wDeEcTntb2FYrW2jzct0Vsf_oVabBwuBUg,"Interesting app, had fun :)",4,0,1.0.9,2020-06-06 10:21:55,,
gp:AOqpTOHf61lztlfMHEbmEu9upUz9lwcf1rudlyW2eabdGAO3Djp-MC5eIlnQy4969N7yauaDFmkhGIWXvP_1sg,Irene M Gibbons,https://play-lh.googleusercontent.com/a-/AOh14GjDnx8zvXBxEPfBKNlwiM5URwy5vkX50RVd0Qv9ww,"I enjoying the game, although the messages are too critic and a lot of times they make no sense. But, for entertaining purposes, it's not bad.",4,2,1.0.1,2020-06-06 00:49:50,,
gp:AOqpTOFzWnX5etV5DopLXsaQ5IcweGT8wHrw-Qo6rct9cPHGYUNeC3sWT-ErEkdgZJvG1Jg8Q8qrrguWYxeAJQ,Aesop specht,https://play-lh.googleusercontent.com/a-/AOh14Gh2b7h47c8mRw8sOTdSlL5QUsNmaaRreExemsCzFA,A spirit had told me to look above a cabinet for lost jewelry and we found a 18 karat gold necklace I cannot even explain that that's why I trust that this is real,5,0,1.0.9,2020-06-05 05:23:49,,
gp:AOqpTOGf8lnwPywbkGysbEO2zWLhT3aeCKB6HvnTeyZQlXiLeou23pyBbbtmA6Gj8U-1gUCHDkCmKNU1GHUvDg,Natalie Cromer,https://play-lh.googleusercontent.com/a-/AOh14GiahyZ2uLSyP6voFoOPrIbJZBhk3FAppmFiHhYcz84,"This isn't a real ghost hunting app! All it does is give random readings. It doesn't let you ask anything, nor does it's readings have any relevance. What a waste of money. I want a refund!",1,9,1.0.9,2020-06-02 19:57:23,,
gp:AOqpTOHizu8lMazODl9GLmMhyQku7plhVBC6W-D5DNQZEe7WQMiZ57o0cQ_mzYttrBInnkJLAlt3InpwN9j2Zw,Sue,https://play-lh.googleusercontent.com/a-/AOh14GiZOLE7gzyC1hwa5zDxemK_372wp8rqWkuUegj5bt4,Having fun with this app!!,5,0,1.0.9,2020-05-29 19:11:11,,
gp:AOqpTOEBjt7VrFPB0FmMKjT3maotKLu1clALgNz2gCmn_QSDCcdGw0V0IJGWUMJm_YV4YW9K2EAJylTEBRbgiQ,Seth P,https://play-lh.googleusercontent.com/-5oom5yJaSSA/AAAAAAAAAAI/AAAAAAAACxM/AMZuucmV3_Ji0Kb5vN_4NW5K5D42LXKxKA/photo.jpg,Great app very accurate. Thanks for a great time.,5,10,1.0.9,2020-05-25 11:28:10,,
gp:AOqpTOEeriFdPu1a8KCh-1VH-5lucwNO0fGuADsnXlEgMISt0hMZcN6lipaxTHK75DgigP78wqy66Kp_m73sNw,Cathy Heitman,https://play-lh.googleusercontent.com/-IWRZmX_D4WA/AAAAAAAAAAI/AAAAAAAAAAA/AMZuuck922tMwjzcywjcmzGUXfD8nfXZDg/photo.jpg,Love it.,5,0,1.0.9,2020-05-24 09:08:15,,
gp:AOqpTOGk5AO_-aGKyjspKefrXpxbJh3eLFGZ1xxlOBo2pms-a0wnvtDxheP2QNfwsvc-kHKjrlSCpOnK89rzVw,Cheryl Olson,https://play-lh.googleusercontent.com/a-/AOh14GihXWPh4EGdkia-kcpzvgxldfuYLDSqlNblXKjSlpY,Fun love this app...,5,0,1.0.9,2020-05-23 07:45:12,,
gp:AOqpTOEEORemZqn2FMmhfPyifRR8QEEg1DB-qJeLZhKeyV7lOX8en7aUDDzjk5ApCT1U-FgklPkEsswnyTHXFA,Eugene Blevins,https://play-lh.googleusercontent.com/a-/AOh14Gg_G2fqnBbEiEwdmkenYXpdk_rCWY4cT-hJx8ia3Q,This is great.,4,0,1.0.1,2020-05-21 19:11:30,,
gp:AOqpTOHEx5fjqfd_gcqsv6tql2JeKrT5pWqaout0uLW2NfNh39ZwsmIFzG_mUmfpvAFku0enVIWX76KPfZvlQg,Rain Wallace,https://play-lh.googleusercontent.com/a-/AOh14GiFggcEdDb_FFGvjsfBwPmYbFvDJF3DYXBZzRsSGPo,It's fun. Entertainment for Coronavirus is welcome,5,0,1.0.9,2020-05-17 21:20:01,,
gp:AOqpTOHwC00Y7Plk-cqg-WujhezhCANnVoAXVo5g6oHii0zD7QTDf8idnjoO31lPbeCalBynu-60fHXe0WYoQg,Harish Panicker,https://play-lh.googleusercontent.com/a-/AOh14Gj-j4qLAsadnlPOb27JB0_GbSzFwFTSStErpR2JC3w,Amazing! It gave the answer what i predicted.,5,0,1.0.9,2020-05-15 09:53:39,,
gp:AOqpTOHQBP93mf7VOszhBt2octiUJxrgDIuQVENmA2xZIPre1iit_wy5GNwjxoArpPzScPyAwxjOlHNQncvcHw,Pamela Pepin,https://play-lh.googleusercontent.com/a-/AOh14GgRV-u-Uai-rlynKbzz8FEDTGF3Ma4oqz-qNj7Enw,Helpful kind spirits speak the most,5,3,1.0.9,2020-05-11 23:42:05,,
gp:AOqpTOEwW3CsShELMaLqmMASuOe8qSPgeB3r-rs7zTU4Kjb-JatGb3KPjdXnAFRZ3ozV5xpMsIgFFLrldJo9kw,Jenny Thibeault,https://play-lh.googleusercontent.com/-6Bj1xxg-jC8/AAAAAAAAAAI/AAAAAAAAAAA/AMZuuclpWs_kOUh4R5jtC0pru44h3vZu2g/photo.jpg,This app is a fantastic download. I purchased the full app and love the breakdowns of the spirits. I can't wait to take this and try other locations especially at night. Im a sucker for a great scare and believe ghosts are real and trying to communicate with us.,5,72,1.0.9,2020-05-09 09:31:41,,
gp:AOqpTOFyymPKv7Xd7iYCwcbCfL9Zj20qaDEjOeIijsWEikVjJooe0i7c79PHOJ0bMHECubK4Eri1LMvL-WA-1w,Bev Bishop,https://play-lh.googleusercontent.com/a-/AOh14Ghbp3B_DA_zkJapbxByWZpStnl6OTm4tqvbCMEs-g,This seems to be just a gimmic not a happy customer. I'd like my money back.,1,3,1.0.9,2020-05-03 08:02:22,,
gp:AOqpTOGLs5nVnDpLBhTat_UjylKfX1ufdBwJE7QZiTOqpsbT0Twrw1PTJLlFzmgZs_7m7PSRvAbgDq0o3BJ57g,Pofina V,https://play-lh.googleusercontent.com/a-/AOh14GiumD7nREt3esWLz4P-o8YnPYQE8xX6xzNVSH4viw,Really Good Radar So Far!,5,3,1.0.9,2020-05-02 14:54:57,,
gp:AOqpTOFy7i8hfWeN_Rh8pYMn9B894ptcEqYEN1uixO0XYqk9y1e47lDK9sWr5XeUuHKec9lmFMSrUICWkIMQVQ,Kandy Redding,https://play-lh.googleusercontent.com/-GBX2OnIlrvY/AAAAAAAAAAI/AAAAAAAAAAA/AMZuucnV29LODhy8uG6OU4oyjzkSeN9L1g/photo.jpg,It really works,5,0,1.0.9,2020-04-30 03:40:03,,
gp:AOqpTOGNHOg5zrJhBA58TX-S_axkIVUbfhDp3Uk4fhSQ7cTr0Hh--45MotfeTbnXFyx0ouvBlpekpMJ-NcVgUQ,Pedro Cruz,https://play-lh.googleusercontent.com/a-/AOh14Gjb3jM3Zs-NPFzfXcWtpP_FKNJARgjSCTluPLU,"Great tool, enjoying it very much..",4,9,1.0.9,2020-04-24 21:34:46,,
gp:AOqpTOHLthsXINF_eR_-5Cylt24DWtGGAyW7Z0ZtmsfMRdwzPJ9ANX7aqZAJY5k_rBOaMoCQ7aPrhEcrfA-yeQ,Unknown,https://play-lh.googleusercontent.com/-pQ4AXE6zerk/AAAAAAAAAAI/AAAAAAAAAAA/AMZuucl1_rlgZTUYpN2dMFRh-7v3ZQA9Ig/photo.jpg,Looks genuine,5,0,1.0.9,2020-04-23 23:56:20,,
gp:AOqpTOFX4im0DANNqk3h1_cgsOoBWes69D2s1_u_3svHEk7U0fiu04oZmYckW3tlxWWheBbnF6Rnv83VJIIhOw,Staci Smith,https://play-lh.googleusercontent.com/-mFIw5wPNTgc/AAAAAAAAAAI/AAAAAAAAAAA/AMZuucmgIG2aRCpKQbPrSVrmYFDlTNIgig/photo.jpg,Love this app!!!,5,0,1.0.1,2020-04-20 04:14:28,,
gp:AOqpTOEXHaP_s5SrNY8hqT7N-oeRcNSdT8SsMk0S__0bUcIuKAaKqiVPiOanM2JkY5Gf0wpv2_ZVh3yp9B5_Mg,Nonaya Bizswettie,https://play-lh.googleusercontent.com/a-/AOh14GiVn5m2aQVFSW65ZX9TU7mJDyqfsutrs67YivsJgQ,So far so good !Is it for real tho?,5,0,1.0.9,2020-04-19 17:30:45,,
gp:AOqpTOGpPsYwHyI0z_vdW4yxXlgpP_PMKFMT6Xtr50fb2U792UytgD6eqdTQV1nFTVlNXgnSrxc2thA1odPA1A,gamen tv,https://play-lh.googleusercontent.com/a-/AOh14GhT1RXVYzMsKTwcvDruF5KAbB4QZ8plGcnUo9TcAQ,It's definitely interesting and seems kinda accurate!!!!,5,11,1.0.9,2020-04-17 12:24:01,,
gp:AOqpTOEHw-eu3YOfNE2eO9O-NzDrjNkcfhVBSslPcS1Mx_OIiQeYVuV7J2uZqHYnzepswqJ9l62xELdOEh75iw,Michelle Becht,https://play-lh.googleusercontent.com/a-/AOh14Gj_4gikNydUClWsTSUvFSg5W8mPk85Oan3jPlm4Yg,Wickedly cool and oh so accurate..for me at least...party on Spirits!! Love Ya! 🦄💖🥰,5,0,1.0.1,2020-04-12 00:44:46,,
gp:AOqpTOH-FzHfsOu-cuvBPMOPuN6RKwvaz7dfS3-GJO6BAZavWYrtfPaqXNB2uf4HWCm4rres3sd2iu_rXr1QMQ,Sha Trice,https://play-lh.googleusercontent.com/a-/AOh14Gj6ilaJSdBL7p79LFhB5zsBm0HQewp75u60N0Zj58w,It's still not telling me nothing,5,0,1.0.1,2020-04-05 13:29:31,,
gp:AOqpTOGZOx9ID0m_AFI92B-nIqcJhuPzGWIh-fUzVBFUy8jpRCsXSlVobE85_Q9Setreled_SmlL1YMi0dJlZA,James'o'smellybelly The first,https://play-lh.googleusercontent.com/a-/AOh14GgAmx7TbPFQIoLP8Tbsj5q-rL_mHBgbr_SNC0k7,Really cool and enjoyable I using this appa,4,0,1.0.1,2020-04-03 15:22:36,,
gp:AOqpTOEtXbMTI8rz0hws5QCmep6fyOAh4i6-Y6SROFSSI1Xd6Fvs1dpkjnUBJKpQU4IuBklvWZb1mTzSWrGN0Q,Neo Sky,https://play-lh.googleusercontent.com/a-/AOh14GjyfhWdYjySg4HVAP0NAedOSMc68AoZCqdJ-e4KtQ,Wonderful... 👍🏻👍🏻👍🏻,5,0,1.0.1,2020-04-03 02:53:41,,
gp:AOqpTOF8h-wnX_Ib8l9GqYfuh0MdyYnxRAzFRSaydbp_hpyPqejVYOhh9xKkoGcWMxLiLtEjE33fvzDGmefVhg,Marie Grezaffi,https://play-lh.googleusercontent.com/a-/AOh14GgiW71FyAzeJToWmWRzwRezd85O1ErK5e-RfFGR,Not sure how it works but it's fun to pretend it's working,3,0,1.0.1,2020-03-30 18:05:15,,
gp:AOqpTOEO-IfuvQO5-RQI7F9uzzNOuCtNKCgGG6NS0WlIsMrMuI58V28uKtSmYMDef8xfVMu9t4RSgLXdyxTW1g,Constance Chase,https://play-lh.googleusercontent.com/-JbZ-oawcLik/AAAAAAAAAAI/AAAAAAAAAAA/AMZuucmPaMwohksR8Q32M4UeQ3FF4gYR3Q/photo.jpg,"Fun,have used other apps this seems to explain some of the chaotic stuff that's come by ""identifying"" types of spirits.",4,4,1.0.1,2020-03-19 06:52:17,,
gp:AOqpTOEwuYfbf5c-njaYeV6eAEzSlUTQeOzDUNYbGqhFNz8LUknQ60xoAkmQB-DgZKrVJQhaFeHjKMbyDiAK-g,DMG,https://play-lh.googleusercontent.com/a-/AOh14GgcnoqtYqc6WgDLfmoPTGEcZcCPT3aVWE7cc88oGw,Sat in same spot for 30 minutes reseting and detecting it is either fake or I'm sitting on a graveyard. So many spirits detected and never the same one. Boring BS sorry but I'm being truthful. Asked for a refund.,1,9,,2020-03-12 12:01:16,,
gp:AOqpTOFQF8M5syMiuGXDR2Kc4h2S2oz3muLhVKVXLjnmh6Xr6yB8Dt6tPoCCCXW1y0xuGSwEbjIhTaFoxIhENg,Lu,https://play-lh.googleusercontent.com/a-/AOh14GiWbr1mZa8tG4MD0z0sB-PkfvCY8LRB7_GiXi6bPQ,Just doesn't feel real..,1,1,,2020-03-10 11:40:56,,
gp:AOqpTOGldkYpHe8rab91sVMRZdvQLNUQHHjo_O3hRP7K0mocVK7gCFvc1qPDivWdF1Ygxa1JRQWGMxpXwjQZgg,Janie d Autrey,https://play-lh.googleusercontent.com/-DUPNDPHrBlE/AAAAAAAAAAI/AAAAAAAAAAA/AMZuuckgiY6XYHFAgj14plsC2-zhqDPKyg/photo.jpg,If the spirits can message my Name I would give 5 stars,4,0,1.0.1,2020-03-08 23:30:05,,
gp:AOqpTOEgqE4oNd44W59pUQj60yUFkzpSvmqmrr_2Knf6VnkxLrkB0y8tnLAw6XTA2CAjKcqVPl-uEs3E4OnJ-w,Bae Bea,https://play-lh.googleusercontent.com/-5oDFIZVdKE8/AAAAAAAAAAI/AAAAAAAAAAA/AMZuuckMRc-K_cQ6LjMVa0sABpGTBG5oFw/photo.jpg,I cant ask any questions,2,2,1.0.1,2020-03-05 18:33:22,,
gp:AOqpTOG1uxOq966AsuKLLo_aXhAEdw39kuKXbG6NNBYZb62e82Aj5oGOP1Or4Q4mjo6t6LXb89w9H4HCfr6Epg,Muhammad Faisal,https://play-lh.googleusercontent.com/-s5RPkJ7Gys0/AAAAAAAAAAI/AAAAAAAAAAA/AMZuucmPgLH2RTqV-pDT5fjHHBRD_zmZ7Q/photo.jpg,Best app👍,5,0,1.0.1,2020-02-27 14:43:30,,
gp:AOqpTOH8oy-HH0hYSeJ0hR4aF1YMWUPH-tPFrNG-NzGGkHPGWoyuVXV2xvXo8oaP0P6i8tG1ebPuTOGXMFq1DA,Mike Bell,https://play-lh.googleusercontent.com/-2idZeqF8NBs/AAAAAAAAAAI/AAAAAAAAAAA/AMZuuclPeywDIzpez_UCYBNxx5MxrEtiqA/photo.jpg,Sucked,1,0,,2020-02-24 15:25:48,,
gp:AOqpTOH7mHWEBQNxU7fFjCD4VlEmH7BUl5L_pPe1HnDdE9T0Fbzn1T8IE8eDU14-1sw5Dv5TD1Gs_eBwW9ZE_g,Trudy Horne,https://play-lh.googleusercontent.com/a-/AOh14GhHFsMhxPQOmD6Ga652Eb6BBayfEinOsPOWb01J,Enlightening,3,0,1.0.1,2020-02-20 23:33:53,,
gp:AOqpTOFsHZ--dQU3yoDOl0JTdecgs1fvbcTmCdUa6BJWvzFVpdgUfxK4Mft35xlNqIfVAITZ3itXq5mKy5rf2w,james briggs,https://play-lh.googleusercontent.com/-cGsuWavHngA/AAAAAAAAAAI/AAAAAAAAAAA/AMZuucmFqo3v_z7CKHbp5Bt787-y_f9FFQ/photo.jpg,Good entertaining,4,0,1.0.1,2020-02-16 11:55:37,,
gp:AOqpTOFGFGZHbch9m2vn8GBP0afUO0QJlm5zTUbBQDdrwEEtEGh6lZFK4zYQmMXjh9Fd46j5o6fBV3Ia7vT0eQ,James Aro,https://play-lh.googleusercontent.com/-72wSgFiNXK0/AAAAAAAAAAI/AAAAAAAAAAA/AMZuucneAO2rln6v61QaMlXveLmQOUocjw/photo.jpg,"This is amazing, seem real and accurate all the times, I do not have a psych abilities but it's looks real,,,, great to play with,, well Done",5,14,1.0.1,2020-02-12 02:14:36,,
gp:AOqpTOHo8iX6XbkEEvSskrSlfhn7NkVGmn5xVSnKPGsTAPg8NaoTL1jo2E36CC7So33DunynidAmIcoea62G3A,elaine,https://play-lh.googleusercontent.com/-AmT6TbROW3k/AAAAAAAAAAI/AAAAAAAAAAA/AMZuucmgyGzBqFUaclAO5zvmyleWlKbVtA/photo.jpg,Pretty good accurate at times we seem to have many spirits but a animal spirit has shown up twice the same grey colour we had a husky who passed away he was grey not sure about the other spirits though so how does this detect spirits can somebody tell me,5,2,1.0.1,2020-02-11 09:39:30,,
gp:AOqpTOFs4jCXJXZLZxA7UKINQiI2BQnOulfOfxaeRIdo80FF9OjVLqoOUQeRsx8zYEVojlECl1lX4ZACuRyz7A,Paul B,https://play-lh.googleusercontent.com/a-/AOh14GgQi4ngIqQqJSzdbiy9GHp2xykpTMZa08BQJrTwHA,Jumbled up words that don't make any sense. Been using the app for a couple of weeks and the words have no relevance or meaning to any of my questions.,2,5,1.0.1,2020-02-03 11:16:25,,
gp:AOqpTOHLdAL_rE7TPjsBeTTarMeU1abfVtAh65ZjjfJYEQjzRlCEj8zD6yp4yKxVkTCP5irtdfEfQDE59qrLeQ,Steven Beeko,https://play-lh.googleusercontent.com/-Bf0XUNBQNA8/AAAAAAAAAAI/AAAAAAAAAoE/AMZuucllgVy5yOyBcYO1MiCfIB7yU9kgow/photo.jpg,To strong to be a coincidence?.,4,0,1.0.1,2020-01-31 20:17:02,,
gp:AOqpTOGifAkG_3tTGfELFUtJ3sXC4J2fP28CGZR7CK4RJD_vB49Pj1BsEeEbEvwSD4Z0QHWkzGhRkCqgmK2bzA,Lady Dusk,https://play-lh.googleusercontent.com/a-/AOh14GhHrSwQzMhx4Wpbo5j4B179-_NRg3dhXeTWwNLqYwM,"Ive had this app for a while now and everytime i use it the messages always have a connection, someway. Pretty cool.",5,3,1.0.1,2020-01-22 00:18:21,,
gp:AOqpTOFM6AIrTFREAeQwu6G_wna7OpUEid1F6Kp1J59K6PereD9TX5wTcX-amEeJXIasmiGlTm2qznasZ9j8uQ,Laura & Tony Roberts,https://play-lh.googleusercontent.com/a-/AOh14Gg1EtNupRXpnCPqpX4qFGCESRgesnNtHlcahf2BYQ,Great App! Very entertaining!,5,0,1.0.1,2020-01-06 05:10:35,,
gp:AOqpTOEi8QEa-_Iy4AVHNZnU448P-wnhSGXP7-JFXFfmivsF6ErT_quL9B-J0h8riwLnEIWAsJ8WHTEpfUk09A,Ramona Wetzel,https://play-lh.googleusercontent.com/a-/AOh14GgwkR8nNg1DnorGdT7WdHiC-OuPL25k6NjPnroO,"I really have a hoot playing with this because I do believe in the existence of spirit beings, and while I don't wish to interrogate them or speak with them I do love to peek into their realm. I use this app to stave off boredom. I let it run and see what it says and I get my ""paranormal"" fix. I'm clairsentient and don't need these things, but fun is fun.",4,24,1.0.1,2019-12-31 19:33:55,,
gp:AOqpTOFSh1YA9sSZLaNDu4DUA1KecePpWclRBFmdZxm-_6n52okvi_W2FVBCrQBFBmYb1JLhUrh7-zbK5_ih_w,Kristopher Stevens,https://play-lh.googleusercontent.com/a-/AOh14GjiWvJa-l_eoOeqnTOFIBMvkunLQ-EAvVnPOOR3,Exelent,5,0,1.0.1,2019-12-12 02:39:23,,
gp:AOqpTOH9V6vZhY_rm_scZJDk7a1Mb-vfdTPS6rShGabrys_URguLn7nFJPnHqjwqwqurDCu4RG2rbCzsBIKq-g,Clare Hussain,https://play-lh.googleusercontent.com/-gS6sTo65Iok/AAAAAAAAAAI/AAAAAAAAAAA/AMZuucmg0In88q91P0FimjxbCL0PVjLZkw/photo.jpg,"Fun, not had any messages repeated so enjoying it so far",5,0,1.0.1,2019-12-09 16:48:12,,
gp:AOqpTOG20cW-bXLuVUcK2pIZw2BYBEFOPQv8vGYBt8hnhR0czFz6BstfCGEufBSufYZf6v4eOKDSTEBvV4PZnw,Natasha Mackey,https://play-lh.googleusercontent.com/a-/AOh14GgSbn_aMZcWwVbOSayd4ai9zpH95stinniC8Co3,"Please people. Dont be fooled into thinking that you are talking to the dead. The dead is dead. These are demons portrayiing to be gardian angles, deceased loved ones, etc. In the bible God forbide us to communicate with the spirits from the spirit realm.Because he know that they can be a real danger to us. I didnt know that then. But I know now.. I deleted this app awhile ago because I notice strange things happening to me. This app ir very real. This app aint nothing but the Devil.",1,6,,2019-12-09 02:30:24,,
gp:AOqpTOGDbQy8uD3jaOInL1ysoankr49JFrBnZFfFriAcYVEnRiWPw3mvznA-E77XhJJZoyxPudxQeS0PaKx3uA,mr&mrs surtees,https://play-lh.googleusercontent.com/-Sa4v-_EzTfc/AAAAAAAAAAI/AAAAAAAAAAA/AMZuucktjrq46G90zP0Ufqm8xMUKLvxgAA/photo.jpg,Amazing results everytime,5,0,1.0.1,2019-12-03 19:13:22,,
gp:AOqpTOEGU5Sb46ZJ2D3MwLt-QHtd0vWDjC1o6VXmng-aWmfuv0e1YVwCJ0w6PNFHEzjkcO89JkCO-ogt9bZsPg,COSMIC TRAVELER,https://play-lh.googleusercontent.com/a-/AOh14GjpH2v8um2w_i5aFxuSpH9R_pKGQtNGWSpp28Ir9A,Very real. Not fake like others are saying. Well worth the money. Only if people are open to their intuition they can see wendy the spirit is saying to them. Well the good ones. Anyways thank your forte the app,5,7,1.0.1,2019-12-02 17:25:48,,
gp:AOqpTOFs1MtMUC64M4HeQQa_nTax5NqIRzf0o1r11xCPu0m_aqjC_WgV2qBsBFaadYm88jbK68o9pVTf0ttRFg,Randy smith,https://play-lh.googleusercontent.com/a-/AOh14GhcGAJGWukFv1cHeQJKV3NAczbTLSzMyeMZmv4zN5s,Exciting and thrilling,5,0,1.0.1,2019-11-26 21:15:20,,
gp:AOqpTOFAf8-RJPh4yp277ew2OZNZc26GryrQxmQ7aCdZyx3Z7qJcVGgKBjTDGS_2Kl21IYWhetMcVBQGTHvFSw,delana barber,https://play-lh.googleusercontent.com/a-/AOh14GiXG5xTf1QTmcU-6nC7LufFhXbWBf5GWsdfAH85,Fun to experiment with,4,0,1.0.1,2019-11-26 20:13:02,,
gp:AOqpTOHDGMjTsTb0pHMNK3CxGU4HRK9qAAFZ58pa6Co9uFaaAK0LEASryyvK2wBgHai7cNXzoqd-FFdAVDmCoQ,Rose Venci,https://play-lh.googleusercontent.com/-BBmDdlKps1k/AAAAAAAAAAI/AAAAAAAAAAA/AMZuuckmjmV5PpUd8SraftzgVm2Qioh1xg/photo.jpg,Interesting and fun,5,0,1.0.1,2019-11-25 13:49:20,,
gp:AOqpTOGmaYaCDDJ3qmRtRz-MA8HPWUhPT7lgCqEyriRnh4aXHn8ret9dQsWcAaM6QmW1aDRXnAZvrDTcQ4YB7g,Angela Presto,https://play-lh.googleusercontent.com/-eyH97zcTSog/AAAAAAAAAAI/AAAAAAAAAAA/AMZuuckIojBecXS7t_Tyj5ri1Vc0AR60GQ/photo.jpg,not so sure this is real or just another joke app,4,0,1.0.1,2019-11-24 23:45:17,,
gp:AOqpTOGLKsHDsw970WOWmyFcbG4uKEvBUblG4xdgO9k1NJZVCXLv8MPC2R7qMONK7Z49VeU-7VYrbjOIJfp91w,Biilaxbakitchish B,https://play-lh.googleusercontent.com/a-/AOh14Gi_2yU6DmNEbImw8bxBs_hh__fo0XhrzdW1emoF3Q,Love this App...I was shocked to see a word show up that I've always said...not a coincidence either!,5,0,1.0.1,2019-11-22 20:35:28,,
gp:AOqpTOE5iHHhtdS_OF1GtbcJJiIaSzG8ExF6OaexDm_G3yjGwmy5GsYmhHOXvmpGa4NCIJ0nUULpD40GCAlR4Q,Angela Marie Chessnutt,https://play-lh.googleusercontent.com/a-/AOh14GilhguHB2fAAxFinVYtc4r0rMC4HWBqzP4doYNT2FU,This is extremely accurate..and has helped on many paranormal investigations...worth the money,5,3,1.0.1,2019-11-06 19:26:00,"Hi Angela
Thanks for taking the time to give us a rating ;)",2019-11-14 07:40:39
gp:AOqpTOERDbJsZVvk3Ry91bYY35HruBqT8mG39WfgfcWCIpDMPuDyOPN97aeR4PSzKCl0l02cUsZF5Jz_ccLVZQ,Barry Braun,https://play-lh.googleusercontent.com/a-/AOh14GitIhHiou26HmiIulF7o-SBCm9QDDhYTSl-xzZj0A,Very intertaining,3,0,1.0.1,2019-11-06 14:41:49,,
gp:AOqpTOG_fTIhPRT27ecxNx5F31IKHFSpqZhZ0SS0fqi1RAggrE9E7kozcpL-QyCBcDcgHvLIOlZhzrpVOp1djw,Frank Koller,https://play-lh.googleusercontent.com/-B7-vjp8v22c/AAAAAAAAAAI/AAAAAAAAAAA/AMZuucnRLm2Rl7jFI1GkHkhEfmj3d0wsdQ/photo.jpg,I like the app. I don't like the jumbled messages. Please fix!,3,5,1.0.1,2019-11-05 23:53:13,,
gp:AOqpTOHB2PD7H4iZDSwqVMJrzwnp_MI0zpBYYVN4bVV0hJYHD8cBFvh04A8D0qGFmOqOeis20Zpmn-dDm_juKg,Grayce Williams,https://play-lh.googleusercontent.com/a-/AOh14Gjq-VFYscIY2stRA-nsIzA3pTRPjOBAMORCPBLX,Most the messages I've been getting are spot on to current situations. So far best app I've ever had.,5,3,1.0.1,2019-11-05 19:52:47,,
gp:AOqpTOEZo3Bxj5ej4BVb8uFSBVSBMO1OMqxLczGtA-WOc6K0M2psK5dylCIhbVaWkY7Do9Xpmrqt9j7Y_hwc0A,Tina Canas,https://play-lh.googleusercontent.com/-9TC7ozSjSC8/AAAAAAAAAAI/AAAAAAAAAAA/AMZuucnAJIDduM-AFY43s-o59t8_A9GbXA/photo.jpg,Creepy accurate,5,0,1.0.1,2019-10-28 06:19:02,,
gp:AOqpTOEPP8210cg5zy_SVXUtrn5Hytq-87qA4M1g0YuOQmMFEY66DRz_P6QA1hRGy9-gSzhqbl91a_v9xjaQ_w,Little Wing,https://play-lh.googleusercontent.com/a-/AOh14GjPCEj7torVEJb6ZkUFajfN37eEyWQQmBmPGqZpQw,Favorite app on the planet,5,0,1.0.1,2019-10-25 18:40:26,,
gp:AOqpTOFTgnkcu0r7YHS9KdHLyIqbaJmybiltJQMElTIhkglr3Y5u7tKsZtw_ChmxJqIODh9_gNcS14TXNawfbg,lunar the wolf,https://play-lh.googleusercontent.com/-B2Jih2qH6D0/AAAAAAAAAAI/AAAAAAAASaA/AMZuuclki9QNJSYK-ffMBr5wik-svs0uJg/photo.jpg,Found my rings,4,1,1.0.1,2019-10-25 17:40:53,,
gp:AOqpTOEfYXdSVk_gsl11ataUaBBsZ4sO7apSgoOrxQfTbdMxWOYR2Pke3OGG-AXvGrXiJsw51d-FWDSF7AusCg,Jennifer A. Johnson,https://play-lh.googleusercontent.com/a-/AOh14Gg-qe1oecipD9UmF2DyCNJ850F7LDogmEeG0e3k,Fun,5,0,1.0.1,2019-10-18 21:10:48,"Hi Jennifer
Thanks for the rating!",2019-10-24 08:49:35
gp:AOqpTOGLolds8dI7OOF95gKrt7aIMbZEaf4WfkQFigF6Mv4uD5EyXQt_-PN_mmGyV1lLBTir40hWBd1L44iGkA,KERRY LEAH Briers,https://play-lh.googleusercontent.com/-GBpdKOeig34/AAAAAAAAAAI/AAAAAAAAAAA/AMZuucm_vAbl-nnQUUmm40boBWWu6AE9QQ/photo.jpg,I upgraded to Pro it's good fun and is consistent with what spirits I know to be in my home. You get a full description of the kind of spirit that is near you. So far all good. The words take some working out especially when they appear on top of each other that is the only annoying thing.,4,40,1.0.1,2019-10-18 13:26:49,,
gp:AOqpTOG0E1cif-h9t9Hg_YsZQHX9IuxNbNZwo_peUPUZMr4xGPHt1vMboFZH4BGWGOQkX45XPV_MG4s6NzHLog,Ray Scodellaro,https://play-lh.googleusercontent.com/a-/AOh14GgCImL5IVKetROnvgsHoUxt8lC3DdqIlpbBl4mP,Great it Has meaning when you relate say a Death near by that your friend knows & it Detects it + explains what happened.. Cool,5,1,1.0.1,2019-10-17 15:07:13,,
gp:AOqpTOGSNf8QFnjzR-lV0H3j7DXoSozgb9gjDAv7-9WfgDo3qMGV7iMmflBDPnJ7r9-npZxUJHthquhAPAMOHQ,Kevlntrader Trader,https://play-lh.googleusercontent.com/-3RCeSRJpLLM/AAAAAAAAAAI/AAAAAAAAAAA/AMZuucm1IrLOvfhtswou9n49L-F127ekGA/photo.jpg,I like this app it's fun.,2,0,1.0.1,2019-10-16 22:46:06,,
gp:AOqpTOGBjrZ0eftRb-6QxBruMizCEyUjoAEhucmZLpQ29jQ_M6pm1g5KrIEJd62oI6ZXq9js6n-6xrLis58sag,Efrain Ortiz,https://play-lh.googleusercontent.com/a-/AOh14GjwVopx2VGHbEflEg2zXxg73bAWKFe6JHgLoo7q,Great and fun app. It is very insightful,5,0,1.0.1,2019-10-14 20:01:57,"Hi Efrain
Glad you like it! :)",2019-10-17 08:31:56
gp:AOqpTOGDeWo1PbrSW8-BLWehWcXlK46iZm8_Y9omp0Ve7eB-rrl3TCzJYSAaWNHaBEBs9cEFwWT2-iFnhwv4bQ,Mary Windham,https://play-lh.googleusercontent.com/-44kcAfdDcXs/AAAAAAAAAAI/AAAAAAAAAAA/AMZuuckSI-6u8p6lKMrabbr3VWuvWEt5pg/photo.jpg,I am a natural medium. Ive never used an ivilus before. I havent needed one. Ive been playing around with a few apps just to see if theyre helpful. I have gotten plenty of meaningful use from this app. I dont know how you rate these things against one another but aa opposed to the loud radio static approach of some simulators Im saying this one was a good purchase. I would like tge developer to add capability to log oe record messages. Thats tge only improvement I can see.,5,6,1.0.1,2019-10-10 18:17:24,,
gp:AOqpTOHQjWoh9CBbk0SU9YOMs9FEZREYyQnVxa88M_GDFNNDQ00nwr36oI-AxTxIoREMuguVdXDJOZcIdsQ2Fw,Ian Williams,https://play-lh.googleusercontent.com/a-/AOh14GhI1oEVqvnsZfTnevDNQM__rcewEV4aStt9J6k,All messages seem to relate to anything I am doing or thinking....brilliant app.,5,1,1.0.1,2019-10-09 14:57:11,"Hi Ian
Many thanks for your rating and for sharing your comments. Much appreciated ;)",2019-10-10 08:07:47
gp:AOqpTOGiFWutqs-1s95ei3d5c9aySvsaB1zy81l3kogpNccYy1n0f8OZLkK_ptHIhUXfw29eeFj92xOZgJekhg,Zoe Byrne,https://play-lh.googleusercontent.com/a-/AOh14GghuM-IhGKZfEYgtFQVOtySJQuO7N6v56fhAvKr,Dont work,1,0,,2019-10-07 11:45:52,,
gp:AOqpTOHPg4eLZN58ll7qn2CKOztxqyO0zxicXhsgTAtYpMewIYevqQ4fw_RuMVkUQZH6rDgTv0Nr3j-r9w3tZQ,Chels Foutz,https://play-lh.googleusercontent.com/a-/AOh14GiVyufUZM9HEPIknnZrC_ttxCtbbRRJ4HQnV8yNeQ,I enjoyed it. Idk if its real or not but it is fun and exciting.,5,0,1.0.1,2019-09-22 08:17:07,"Hi Chels
We're really glad you're enjoying our app. Thanks for taking the time to give us a rating ;)",2019-10-03 08:43:50
gp:AOqpTOG91AeXu_cRqDjyIP1-i3o5ILSu3f6zBrDs0eW9dEscSxgbspyyP0CyGJ9atXXtCZk8G2ztvyHWWCrPjw,Crystal Hill,https://play-lh.googleusercontent.com/a-/AOh14Gg72Ocyna5lE1Nh9PHtqlCfogGvFmdrR0vfCQ2r,I love it.,5,0,1.0.1,2019-09-20 14:41:14,,
gp:AOqpTOEUyRQ1khxIxGb1ZvxvnTdIFU3b24ZmjmK5CmWpeypfRJxKa49ftP7i3917egkvflMxQ1tAt7auapkc9w,Vickie Rhoades,https://play-lh.googleusercontent.com/-iAkXT5QqX5U/AAAAAAAAAAI/AAAAAAAAAAA/AMZuuckFnKBiyBOZSA8TRA_XPj7GoKQvCg/photo.jpg,Eye open shut,5,1,1.0.1,2019-09-03 02:33:31,,
gp:AOqpTOEJ5ZtO8bHv85M3wieG5YTWhQPbCO-ssrOlrMIJx1CNXuDBD_nuZ-jwu_ABOyXWsagrVAMFlsTi_nT50w,Tammy P Martin,https://play-lh.googleusercontent.com/a-/AOh14GgoztNILHfm08_PG6kP3tcWqCNpf5zn8-z_zHOO3A,I love this app,5,0,1.0.1,2019-09-01 14:14:30,,
gp:AOqpTOF21FyLPDwlqyA9Mp3HK4tKLZ9agM1ZISBoW8E-yVClcNWUqeY17NKP6jQpFNDSDvXmSJCK71p9iel9vg,Josh Haston,https://play-lh.googleusercontent.com/a-/AOh14GgamvzoS8wEpwseGNHOIUz3gFgs23tYd4wreQA9,"used free version for 7mo... The App is Legitimate. I downloaded the ""pro version"" last night, thinking it offered more feedback & tools (due to developer's description in the free app). However, Unsure if proV. has Stronger Detection ability? The Pro Version allows you to read what the ""sign, stone, colour, feeling"" actually mean. ...Qualification: 1) this app & EVP app(diff. devlpr) same results/names shown; 2)Intuitive Massage Gal said same name(s) & has No Idea I have app on phone.",5,13,1.0.1,2019-08-28 23:56:46,,
gp:AOqpTOGFuZOEh1IaI77NroRbiah4dr7W0HAji7Ou6Mvtv-al9HEEbjwzunhXItEd55hGvWEpNBdrTmoNfBLb9Q,Ghosts of Idols Road -,https://play-lh.googleusercontent.com/a-/AOh14GgXOAt_c5PPzg8wzCDms1Yx2_ecJNvA6RwPzxE0,Like it,5,0,1.0.1,2019-08-09 20:40:21,,
gp:AOqpTOHwkh1H6SQiVgYCKaBdwcP-h0vi8DtNwXajL9fJUV0GL8dEAxqo_5sPn4v2DDrrFCA0Bp-y0aUX63iA-w,Al Somethin,https://play-lh.googleusercontent.com/a-/AOh14GiAatg8865AI1iwpa8vmqB2gF7lWq1yFINlJuA2eA,My son was killed recently and Im getting messges that tell me very specific things. It mentions his name on one and says he is behind me and another right after this one telling me he stopped by to say hello and said not to cry. I am saving them by print screening .If these are not real and just a game I dont know how explain the many very specific messges I get. One told me my cousin Hugo in Australia was murdered a few days later tbis was confirmed.,4,5,1.0.1,2019-07-29 16:17:16,,
gp:AOqpTOGvmZeUBaJdHfQp1VCEitx3JfhOACm6AGEag1K_T9YOSVgX6XNkv23UEdbEWaKw1HhGi7cBPFq5FA7Hfw,Crystal G,https://play-lh.googleusercontent.com/a-/AOh14GgWGhXd_O9H1T287j-IpvF2vo9AVrpSGSGF_4dsMDM,Can i please get a refund? My kid downloaded this app.,4,0,1.0.1,2019-07-29 01:50:40,,
gp:AOqpTOEWg_Zhw_Eo3vhibw9mLlWOjaKuclWE0AuKuPNTHWMU3HU_SdarxVIOPfDF8ueL0GzuMX_YEIicdsNNtQ,Robert Brown,https://play-lh.googleusercontent.com/-6anRt53hA5A/AAAAAAAAAAI/AAAAAAAAAAA/AMZuuclkn36loOO9spD0JYv2EDMoam-1Ig/photo.jpg,love this app! its always on point! i can even ask the spirits questions and i get an immediate response. the answers to the questions is always a match.. love love love,5,7,,2019-07-24 18:17:10,"Hi Robert
Really happy to hear you're enjoying our app. Thanks for taking the time to give us a rating ;)",2019-07-25 06:49:44
gp:AOqpTOH3gaXY8qiBmrXKMevJUWQ-9Fcl-yFJMj_mVHBx65P8U-2ToLPrts3BYef2vaRkFqwaIWcKyWiuDVHsTQ,ROBERT WILLISON,https://play-lh.googleusercontent.com/a-/AOh14Gjt2EoFOcn8i8f-ivPkqRrRxWZRrM_1dzEtwbQM,this app is scary as hell made by ITC who makes instruments for Ghost Hunters this is the real deal!!!,5,5,1.0.1,2019-07-23 00:53:42,,
gp:AOqpTOFGA5TBEpTgznHnO_f1tSXs0SOrlDNOnBgDiLWXfORymgzWLo7Y-l8LTAjx3ebTh-afEiVoCL3IughKLQ,james sheehy,https://play-lh.googleusercontent.com/a-/AOh14GjSj6wqi4TDBqFru0Lewn2tkA8imDBSgi-PXOOI4w,feel pre recorded,2,0,1.0.1,2019-07-20 13:00:16,,
gp:AOqpTOH9yKAI8RU2ewbUsZ2GXfNGXQm4GxAmjyHBWhcXNMZ9qaGzsi8EgDHA4cMIhU-iJadg4jrOcTfpiWUMog,Wendy Sanders,https://play-lh.googleusercontent.com/a-/AOh14GjGg1ajecZOXuGf8jerw0HDNiVcHj36MnHAuEwBfkw,so fun.,5,0,1.0.1,2019-07-14 00:24:24,"Hi Wendy
We're really glad you're enjoying our app. Thanks for taking the time to give us a rating ;)",2019-07-18 06:32:19
gp:AOqpTOE0ANv_gf8quqBuRmFgD5ZMquIWiFfeBFUqWgB6yOHXauJbjF5IcPQV6kkap7mUj_y-EDb-t84CpD4-RQ,Limitless Vision,https://play-lh.googleusercontent.com/a-/AOh14GimkCffw33HFbjhy4YjFqQXiOgCFbunMkkqJO699A,wow....even more specific than ever imagined. Most of these messages speak right to me in what I am going through.,5,3,1.0.1,2019-07-09 16:50:26,Many thanks for your rating and for sharing your comments. Much appreciated ;),2019-07-11 07:13:22
gp:AOqpTOHG6_FamvnEbpWm1wlwnn8sGSC1N0VTcGLXuQ0rlVyMyOtpreOPvLnw_Zo18Zmf5c6iAsSS00ILVhaRjg,Joseph Ocallaghan,https://play-lh.googleusercontent.com/a-/AOh14Gh15fdHC21CEiApHzd94uzuj32BYpJjjmNh28DqQQ,"idk yet, still checking it out..it definitely grabbed my attention tho..",4,0,1.0.1,2019-07-06 04:47:09,,
gp:AOqpTOF21NzIaWom_82jFhwe-PQaF-d73Q4N88psTOhxrbeRRNjr6MAlJ-RSd6l2Xm8GxkyomJFqUkmfNZoxpQ,Marilyn Mian,https://play-lh.googleusercontent.com/-BW0jRqMPicc/AAAAAAAAAAI/AAAAAAAAAAA/AMZuucnlvU4hoF7DcbLj8lP6ns_GSPDVsg/photo.jpg,need messages be more clear.,5,0,1.0.1,2019-06-26 20:55:48,,
gp:AOqpTOF6hP-ctYAJeMjYEs6YSmeZSZzS58_Fb99wyYQTNH1mlkVEO6WCd8dCjy0kw4X79Zhfghm2oSjtv92Lqw,Deborah Davison,https://play-lh.googleusercontent.com/-j7rof9LORqc/AAAAAAAAAAI/AAAAAAAAAAA/AMZuucmDVa91XvBL-cEEcAoOMyFb66fDLQ/photo.jpg,"yeh its very good so far ive had a name come up in the messages and it was the name of my late husband who was tragically killed in an rta.freaky stuff it got his star sign and his birth stone spot on i,m slightly stunned by this.😱😱.",4,5,1.0.1,2019-06-14 18:41:44,,
gp:AOqpTOGD5i9WOfb7Hi0RAWraEmn0MXYE9VkSvdrNn2D2Eioakjn-GsI6PUtGQ8XOxHDU7GQ6NdEU3VQKWhhXPg,Mona Morris,https://play-lh.googleusercontent.com/-7qow9vJAzDo/AAAAAAAAAAI/AAAAAAAAAAA/AMZuucmCReTQ4Gk5FcjmtkvktdR12c6N_A/photo.jpg,fun. creepy. cool.,5,0,1.0.1,2019-06-14 11:32:43,"Hi Mona
Thanks for the rating!",2019-06-20 06:44:45
gp:AOqpTOG42GAs7aiOOD8iDeM_pDm6nmEnAhqqMKwsOzFbi8q-VUng-X9hRhvehumftNWDZEQ50MMZNl9ul9b9Zg,Mellissa Elizabeth,https://play-lh.googleusercontent.com/a-/AOh14Gir8rv_yb0z89OC4xvXi8btKLkKnJm27JBkk7pk,its great i must say thow not always understand order of sentences & pro extra helps little better as made more sence & to understanding,5,4,1.0.1,2019-06-12 10:27:46,"Hi Mellissa
Many thanks for your rating and for sharing your comments. Much appreciated ;)",2019-06-13 07:11:31
gp:AOqpTOHA5k_-FpZ3K1afzHQEiGra3vTPp-soqhDOAjY_ANxcIJ-yG2Dw6t56emeUxjzk2K5lipa1yEa61oRKkA,Lisa Russell,https://play-lh.googleusercontent.com/-ybswxckmUmw/AAAAAAAAAAI/AAAAAAAAAAA/AMZuucnQQdgG38dGtqWOJXjfzoYL2gtJyQ/photo.jpg,great,5,0,1.0.1,2019-06-09 12:43:00,,
gp:AOqpTOHHvDsEAU9t5gTy1ABKICj84n7DnK86qxYr32OStLhMIwviQg2et39vXvAlGcQGy1xHW0lRJPClKvHtpw,Ant And sam,https://play-lh.googleusercontent.com/-rDHmw-KpGyk/AAAAAAAAAAI/AAAAAAAAAAA/AMZuucn3Sv3O7iTWVE1YbaWokGXCsYny6g/photo.jpg,this app i thought was b.s at first just like every other app but then i experienced a true connection with my lived ones i asked certain questions that only that person would know and it also shows you the sign of who you are contacting.so truly live this app,4,1,1.0.1,2019-06-07 09:40:03,,
gp:AOqpTOHJZh8CpSHfnKPNDLMSYkD43sdz1L5RG4BiCv8rXPCqebRLyhICKcucZx8mDLULHQKVzksAsW95Eq3eNQ,Bazz Mccormack,https://play-lh.googleusercontent.com/-Azma3OHHs_w/AAAAAAAAAAI/AAAAAAAAAAA/AMZuucn4DPpgp4O1CZaZGnSPxurw9BGr9g/photo.jpg,"we have many orbs in our home nightly and the feeling of spirits so to me this app can some times maybe verify things when we feel the spirits around us? maybe it's more hoping, were happy with your app thanks.",5,20,1.0.1,2019-05-31 15:41:40,"Hi Bazz
Thanks for the rating!",2019-06-06 06:44:44
gp:AOqpTOFixJpeCnXEk--2gqCBULMx7d-qUIRDvIMlDLPEfc_rbBbbBMzOlBuD_uTnCVfyQFZGPIwbprDCBVjWdg,Diana Black,https://play-lh.googleusercontent.com/a-/AOh14GjhMXyy5kHusAYFAVrKVAV-cZCNaErex64PdMZv8g,"fun,scary at times",5,1,1.0.1,2019-05-30 17:40:16,"Hi Diana
Thanks for taking the time to give us a rating ;)",2019-06-06 06:42:48
gp:AOqpTOGO2zwUAuKQ00vH5B3RwltMlFltdy4vK7f9_bDycP_Uda7eAuCd6em8C0R-TrdLJpjXuZreC5Z5l-_m9g,Satyabrata Dutta,https://play-lh.googleusercontent.com/a-/AOh14GgqKswqypVO5CpTPRJ78xOz3PfsjyqKM50-QeLxUA,Bogus,1,0,1.0.1,2019-05-28 09:32:26,,
gp:AOqpTOEgvpDI-wQ8qklwyHAkJ6btrpM4SD5S-gYKca0bUET10PZoLoqxTYAEfzakmdfb2V2iCrFmuyc5XjHigQ,emilee ashcraft,https://play-lh.googleusercontent.com/-zAdJRWxibrM/AAAAAAAAAAI/AAAAAAAAAAA/AMZuucnO1HFOeNNbp9rkoYqbUJ02kVA15Q/photo.jpg,cool app i enjoy it,5,0,1.0.1,2019-05-16 22:53:51,"Hi emilee
Really happy to hear you're enjoying our app. Thanks for the rating!",2019-05-29 08:26:48
gp:AOqpTOFJEaLXyVvIUdV8kpECLDdkoic4buZWWGTySNTgGeD0TIPd5tF9NpcdE9tIY7W_cQAfhj1F4q-9Oyv1Vg,JAmy Creel,https://play-lh.googleusercontent.com/a-/AOh14Gh6fA2dNJc35V0AbnRNQ1NQJPrO0inW88nadaJr9rs,"The first time using this, it came up with my great-grandmother's name in the msg. I think it's interesting to use, especially when I get a sense of something being present but not in a physical sense.",4,10,1.0.1,2019-05-16 21:15:21,,
gp:AOqpTOFAuPLvhhE9-V2mGAxvinQiu3LbnJ4bAN2nLjk0l1FwBTcJxJoZQFTc0ZV2tPuQlCjn5M5tEq4xGSLQYQ,Melinda Ventre,https://play-lh.googleusercontent.com/-iFdoNELWH1g/AAAAAAAAAAI/AAAAAAAAAAA/AMZuucmlL3-SeUHmT6fcIJS-sfg9Vk6NOA/photo.jpg,great,5,0,1.0.1,2019-05-11 19:09:38,,
gp:AOqpTOEthgGgScpLjtZo5a5xjVE8vE2Esv5lpDA0LZuh17_yuF6yeH5SvteDBpoOSTR6U1uyA9UCjza4umKhjA,Weezy K,https://play-lh.googleusercontent.com/a-/AOh14GgCqRUXRXbn3u1kij8vVPuIEIZDCJ4sIP0TKhJor9Q,its kool I guess so far,3,0,1.0.1,2019-05-11 05:15:09,,
gp:AOqpTOFojrfUA0pgcy2C1k91f31TKk7v5sA7S86FefnDazRZyQUanSHxcjdF-axkP9S9HhmMIrr5GdxNb-PVAQ,Rita Keller,https://play-lh.googleusercontent.com/-8QVvW20fP-c/AAAAAAAAAAI/AAAAAAAAAAA/AMZuuckq-YRUIV9wrcztMXlu_8WpfU0xBw/photo.jpg,so real...mystifying...it makes me feel connected to my spirit guides.,5,3,1.0.1,2019-05-08 16:57:40,,
gp:AOqpTOHzscCqPJp4SBqszD6gDTZbPYG6_jsgPikKkpfJdSpBr72q6tt6lXejIURL_TxfJoILoq1NGGI1YVXbiw,Linda McKinzie,https://play-lh.googleusercontent.com/-NNYbAgYyyZc/AAAAAAAAAAI/AAAAAAAAAAA/AMZuucmfbif8q4go0xzYNza_9bXKXFLytg/photo.jpg,it is very helpful and interesting.,5,1,1.0.1,2019-05-05 03:32:53,"Hi Linda
Thanks for taking the time to give us a rating ;)",2019-05-08 08:03:11
gp:AOqpTOGTHIEMNC8GZmWitTtI2ZrstjIW9RrvmE9sT2LzyWamh8UBV221Uc5W_UWbynx5qMqX8yHFlFJhTdaJhg,Theresa Harper,https://play-lh.googleusercontent.com/a-/AOh14GhZ-7mLxpZL2kGiJOpcEDhstmiKZvwcDXaSqnFngg,I am having fun but wonder if its real or is it preset. i have picked up close to 50 spirits in 1 day.,5,6,1.0.1,2019-04-28 09:04:20,,
gp:AOqpTOH1MeMHZTnBZ6JXnXzRjKw4S5lijHAVF0amxGkee7Dt6e3UmqepcImRryve0MsGHNS_QGw92Q8QThlVsg,Angirson Lopez,https://play-lh.googleusercontent.com/a-/AOh14GjUqlQhInX4eEStzdx3rMeXkCo1myLu9sYFwWXzAQ,The Verdict : This app is fake,1,3,,2019-04-24 23:21:40,,
gp:AOqpTOEkZgYP_Y5GD8ZSz3CkDLa5bWN3dnTQnnR6v7qe_eC7lz2xq9PM7xgo_GpICfFfz4SSK2tI-0PS3ap_JQ,Cherry Black,https://play-lh.googleusercontent.com/a-/AOh14Gi94g2__I1D8QV7cQbHTWXANzZ7IW0UZDmft3cAQg,Excellent.,5,0,1.0.1,2019-04-18 13:47:56,,
gp:AOqpTOGXkcimL-vQQAuhSvo_2L_xRFSqrvibaV5-IodrhjSNapbSQMR7Q85etizCdSSBnKkyNiU2eqz-8NPlqQ,ralph,https://play-lh.googleusercontent.com/a-/AOh14GhDSceEMRWGA1LiJ4ZMvSv2Hi0nNR2nhNjxSmHp4g,Really Fun App!! Keep Up The Great Work.,5,3,1.0.1,2019-04-17 12:15:55,,
gp:AOqpTOG5ECaEh3LtQHhvllBVmLtAqeuDo8lWSTJrPTjLHQa745e_2NQiLGZjejQSegSQogcgwSp_K3Ra_DMWnw,Goldie Lopez,https://play-lh.googleusercontent.com/a-/AOh14Gi3c2x0pLUK5a729w_A11ifHbvh55qQqpKBHthtQg,Great app... it is very on point.,5,1,1.0.1,2019-04-13 16:30:45,,
gp:AOqpTOENZ8bxu6x_Xj4M17TqizuMMnChOiwOZfMGUNGfdpYN-3bueuiVt0li2FcOox1fehLu5zhYKIEoKW1k0A,Jennifer Cardwell,https://play-lh.googleusercontent.com/-_-tCy22_Y74/AAAAAAAAAAI/AAAAAAAAAAA/AMZuuclC9yk20oNkjOJhg4JJO8Pbz0Ozhw/photo.jpg,"It has been fun so far, not complicatedand easy to use.",3,1,1.0.1,2019-04-12 02:01:25,,
gp:AOqpTOFTARQmB7r-Hi3Ax-3D7dG_VQ1Mj0AiLZWblsinwuigmtmIKauOt76jTZD9mlKQ7OZfg8ve3SPt2JIxeA,Andrew Gardner,https://play-lh.googleusercontent.com/a-/AOh14GjHPB3raT9nWT_-T5P2X46cc4EdtjrbHzNbG9e91Q,Alright,4,0,1.0.1,2019-04-10 06:31:09,,
gp:AOqpTOEaB6-hB65aDmtq5uBVtUzq-C1L2RXYNepfOJBulKvMMh5AehNzeadjZ2UzzbdanA1j4Scrj4Dia56MZQ,Kuri,https://play-lh.googleusercontent.com/-SSOGml2saC4/AAAAAAAAAAI/AAAAAAAAAAA/AMZuucl1HP1ssHQO2pCBqBB5aPxRHQo3yw/photo.jpg,Great tool to aid in intuitive thoughts while connecting with spirits around you.,5,4,1.0.1,2019-04-08 23:01:44,,
gp:AOqpTOHHpJNLOxnLRJJqtOAPfMsf2g9ucVB-odIV4xCPmUYpbupP-ibOKvhpVUOXrSnPgdc8u-QPP6t51DPbrg,scp fan,https://play-lh.googleusercontent.com/a-/AOh14Gi4jJJ8k60R5CeYOpr0r_clPdhkRmX3ZCoVmJZKqm0,"Eerie!!but loving it,Sort of a bit like an electronic Ouija board idea,interesting!!!!especially for Mediums!!!!👻💀💞💌🔮",5,21,1.0.1,2019-04-06 18:12:42,,
gp:AOqpTOFIVa-Fd0Jyqndfgix8zCzW0Vp0NZ0wYWoEKanA3YLuFbGfUnlC-uU13G5pvjMuCWw_uOkcs8aTq7Q6aQ,Blanca Terry,https://play-lh.googleusercontent.com/a-/AOh14GjgPgugRUmT8ICBrcXW3mJ3OxFvP3V-rwwWDsOOVA,I like it with the words they show you put it togather then you get it.,5,4,1.0.1,2019-04-05 00:51:09,,
gp:AOqpTOHH7ZQGeIL8LWNpsSsNAAfJM-wVMoQrY5Cc9kV0AFNq56YtsXTjUPUnclTsx8t-6d_NTHa93sZDWygprg,LadyHeadCasey,https://play-lh.googleusercontent.com/a-/AOh14Gi181oTIdcY9ZY5JX9SwO_EpFHBS-8Z0Zd_P8fmGw,quite emotional because I talk to my grandfather,5,4,1.0.1,2019-04-05 00:41:06,,
gp:AOqpTOERmw75a2ljBI3KvSrimC6pS__UJbHQ49skOo_RUr2Jn7S6gW1-zhUnLegUOhoCUfeXqybOFUfkbFOrrQ,Kathleen Drysdale,https://play-lh.googleusercontent.com/-C9wUYKwHrCE/AAAAAAAAAAI/AAAAAAAAAAA/AMZuucksflUMKe4lVCOGsRbDFoNml2IJFA/photo.jpg,App is good but only very basic info. Would like to know more background on the spirits & their names. Where & when & how they died. How old they were. Why they are near. Messages received does relate to me at times.,3,17,1.0.1,2019-03-31 00:09:02,,
gp:AOqpTOEEWa2JXBIAR18Z8nEswlckUsvIPbcTrSboZmUID5TiQ4-X7Wa2D7T_2U9rSmAk39KQlbBS95iB0p_D_w,Brandy Baker,https://play-lh.googleusercontent.com/a-/AOh14GhBbS5s155aoJRdEP7EY9J9bLhhAwlDc3Yoj9M8_DI,"dumb, paying the extra $1.99 doesn't offer any other information other than more detail about the sign, color, etc of ""sprit"" and takes awhile to receieve message. Totally fake.",1,58,1.0.1,2019-03-29 15:42:23,,
gp:AOqpTOH-YDdqWBAbUe8pwOVrLmU4wrjvEn3BpX6E7yESzAIQr5BPPF81eJnC1wpyUsCqecch8XPvMmEkA6x3DA,A Google user,https://play-lh.googleusercontent.com/EGemoI2NTXmTsBVtJqk8jxF9rh8ApRWfsIMQSt2uE4OcpQqbFu7f7NbTK05lx80nuSijCz7sc3a277R67g,i love this app. i wouldnt change a thing.,5,5,1.0.1,2019-03-23 09:01:09,,
gp:AOqpTOFxwfDHhXKtwmjqd6el_1Y1l4A4r9rzb4UyV0O8ZT46XKm44eA8H4inDvaSxMNI_8PCyXDKgaCSBjNnwA,A Google user,https://play-lh.googleusercontent.com/EGemoI2NTXmTsBVtJqk8jxF9rh8ApRWfsIMQSt2uE4OcpQqbFu7f7NbTK05lx80nuSijCz7sc3a277R67g,to much fun .,5,2,1.0.1,2019-03-20 09:20:25,,
gp:AOqpTOGDpZcfMfpm9RXrOvD6o3Pu-wdMH2EgjWS88hces3LUhN3ox-JO9QTu6Q6tgH1-wU-0Clkslqfs0ot02Q,Mary Greentree,https://play-lh.googleusercontent.com/a-/AOh14GiNN1Jde_kJW2de4du-dGmQi09tkhPoXnITpzcI,love it. It's an Amazing app and accurate so many times. says names of family often,5,14,1.0.1,2019-03-17 02:25:39,,
gp:AOqpTOFDy-bqO7_2EQIWcE4OThMeDGySk_Zm-QIoi_AxhjfG96RwaaBTZ5w-_0MGrZxw_LE1pzZJ5yI01dcQjg,Bamela Anderson,https://play-lh.googleusercontent.com/a-/AOh14GhbiRVJbFUB6le8mMlSkLT956nOepi0vSDGrFZS2X8,I've been getting great responses pertaining to my situations. Things I haven't typed or said... just thought!,5,8,1.0.1,2019-03-11 17:28:54,,
gp:AOqpTOF4aj_cMk_bt6Ybviuq_caG4I3SlsJBNOBrhVxiLvLXi5T8VQdfcTUUttFegttukPFfIAa9prICTrR-Ng,Krista Skillicorn,https://play-lh.googleusercontent.com/a-/AOh14GjBlaIoWF8ws02MxWd5NmTZldkOrxNiJvlOXEsNwg,its not accurate,2,4,,2019-03-10 17:16:39,,
gp:AOqpTOHRmDKiws433EiWJ75Vwku3Lyn2iFALlLnJQ7wUYsUa4f9zv-Vdz8xDceOyhEbvhIQXZIj2lnixpM18BQ,A Google user,https://play-lh.googleusercontent.com/EGemoI2NTXmTsBVtJqk8jxF9rh8ApRWfsIMQSt2uE4OcpQqbFu7f7NbTK05lx80nuSijCz7sc3a277R67g,very informative,5,4,1.0.1,2019-03-07 20:10:13,,
gp:AOqpTOEmfuEM7OUS7Q4F7Lsg90vcaSkJXtR5Vpdw05-Hs72gUgoHXmL80ipkzeXmkNW6Y95zyDnWWzVkl54Nug,A Google user,https://play-lh.googleusercontent.com/EGemoI2NTXmTsBVtJqk8jxF9rh8ApRWfsIMQSt2uE4OcpQqbFu7f7NbTK05lx80nuSijCz7sc3a277R67g,confirms the veracity of my experiences,5,4,1.0.1,2019-03-07 04:50:44,,
gp:AOqpTOFT-epNCGWZ8uWNJCpLkJ6Poz1X_L2m1waG3ffgRPitMS0Xzo-tIl0r92QtKiRRX9dS0WHWQqV9gG_zOw,Lynn DuCharme,https://play-lh.googleusercontent.com/a-/AOh14GhpYy0ozj07nJYrXp4dj2NcBKFT7XpER9qYSeCG-g,It describes s lot of what is going on in my life. It really works. YAH,5,8,1.0.1,2019-03-06 06:41:15,,
gp:AOqpTOFyDS67G0XxHv5zIu_wYhnV1qmxMkVusd4c0Let6ee9V04CtvjU1Aaj2sGPKLoqGgryIcZiuNJUi2WWIw,Lisa Wolfenbarger,https://play-lh.googleusercontent.com/a-/AOh14GgDFTkbmunL1NCQnInX84Bi3BIvovbpTiODJOOnaw,😁😁😁😁,5,3,1.0.1,2019-03-05 12:45:05,,
gp:AOqpTOHIovGrQ-iH4-3OArJ54yFXz-y-5EcS8r8xLQhxGmomEKVXmojxBfaYtTLgN6bhv_33YYQVdsDgnw7miA,Bill Kary,https://play-lh.googleusercontent.com/-WYepknKHbwE/AAAAAAAAAAI/AAAAAAAAAAA/AMZuuckkiuGYLC7sV4ByhnWVVOaW1fpE6Q/photo.jpg,"no instructions, bought the pro version, nothing changed?",2,7,,2019-03-03 07:27:29,,
gp:AOqpTOFIL8ySVCqvvy6t9EOhTuV9JY4yKQPe0wfQ-098UV_UslEiB0ynG2gHkGmNP7o8tpBNaUINaYjRVtffyg,Cruz Leal,https://play-lh.googleusercontent.com/-78agT_DGW18/AAAAAAAAAAI/AAAAAAAAAAA/AMZuuckQd_4EZytL8rqlXU1jsjvptSNffg/photo.jpg,very cool,5,1,1.0.1,2019-03-02 18:35:38,,
gp:AOqpTOFwL_LUhC7zYbDUCji5bGYs8FGCwQe6Na0nYcDbbGoKmJUAtaTso5-1Npba418vA1IzCOKnnQTqpmM4DQ,April Casper,https://play-lh.googleusercontent.com/-ybJysOcZ3NE/AAAAAAAAAAI/AAAAAAAAAAA/AMZuucnbjIVW8jySoTNT-ukg18XZxHGKmQ/photo.jpg,"it would get a five from me, if it would translate the messages in the message box from the spirits communicating. until then I regret buying this app. Same as free.",1,5,1.0.1,2019-03-02 17:43:01,,
gp:AOqpTOG3PJOCrDufwBF1wg6niZ730CjpStIGp9B18ghX-jHThjqwGV-KoY2_AsWU2LGmTK3ChtaVJjjoXmjnSw,Dawn,https://play-lh.googleusercontent.com/a-/AOh14GjtfCq1aLTzk7bCTs7CsQz8kbVwktdwgZS-pgvPwsE,got a refund this is no different to the other 2 free apps from this software supplier. it doesnt show you anything apart from star sign etc and a bunch of words making no sense just like the other 2,1,13,,2019-03-01 14:51:14,,
gp:AOqpTOFDncmDlLfhVyY3Fbf9xS88Db_RfpF6pphpcbI1Di671LhPmCwR7vDY_aYoUthDXBF7-9TAPXjKO6BwmQ,Tiffany Beckner,https://play-lh.googleusercontent.com/-dc84XT7BXfs/AAAAAAAAAAI/AAAAAAAAAAA/AMZuucnCzacHCJarRoJ4UQVe4eo_GSYq9w/photo.jpg,very good i found my aunt and grandfather plus two pets,5,17,1.0.1,2019-02-23 20:14:06,,
