reviewId,userName,userImage,content,score,thumbsUpCount,reviewCreatedVersion,at,replyContent,repliedAt
gp:AOqpTOFhdAHhkqI1fTYEgSYldAqyH1kcj4ng_yAvPWCuu_h-G5TWeKB28Qb1rGJDQjIDAyFIIHuahXglXgn4jzw,Gino Kalyun,https://play-lh.googleusercontent.com/a-/AOh14Gi7udmXW4tEebLSKO50pABVQWwRJigtr9vlqCfnTg,"Easily THE best app for learning JavaScript or even relearning (as I am). Short and informative text and excellent ""try it yourself"" examples. I'd recommend this app to anyone trying to learn JavaScript or trying to refresh skills. (I'd recommend HTML & CSS too!) Buying the pro version was a no brainier, we need more programming apps like these!! Only note is to make it able to transfer data (quiz completion) to another phone (recently changed phones and had to do it all over again)",5,0,1.1.0,2021-01-25 05:47:31,,
gp:AOqpTOFtaHj9Xm2SHs-v_hcGGN2XMljfPZozADIuhu3l4EnyvAjGSKynV6xpiIU2dS2o2hH685rXC9eGRumsC3Y,Ronald Harper,https://play-lh.googleusercontent.com/a-/AOh14Ggh5WF5NE7ADwG1DwNgPy4c7889QJh2SSxBZWHYlg,"This app feels very polished unlike a lot of these learning apps. It has a full series of lessons which are complete but fairly succinct. The ""try it"" emulator seems pretty solid too. Very much worth a buck and a half!",5,0,1.1.0,2021-01-17 16:29:11,,
gp:AOqpTOEDJQG5x05kL5otNweViyl-HW2ikh7WJdRrlVIak_R5HKBkJyI44B0KUxrPUmgREM_3LG8sTd_3oTQH5Cs,Tawnya W,https://play-lh.googleusercontent.com/a-/AOh14Gj9sLduRrf1w9KdYd54yEu9HHv_6JK5ps404uIFfA,"The layout is perfect and distraction free. I started with the free version and bought JS, CSS, and HTML pro because I was so impressed",5,2,1.1.0,2021-01-06 23:06:27,,
gp:AOqpTOE03WAodtBwS-NdEG-47C0-8R6eaNSn_culNW8CNdWCiEzHiS2NNvH9_kVCNPe-Z0wcAgW4fpaxugAiE2I,Mario Zaric,https://play-lh.googleusercontent.com/a-/AOh14Gh3yHNSmP-AoKZPLmjySDRINs-YXmIASQrBQrobIQ,Cool,5,0,1.1.0,2020-12-27 14:48:07,,
gp:AOqpTOHa3Hp3aDR4HRFTvoT7xoyhiqi3vNUjRKksxpkgd9g3JwyUzywpkaH8cLj9dzQb8kK3umQGmd9x6KrHMHU,Paul Cutler,https://play-lh.googleusercontent.com/a-/AOh14GgKCPjEcRP7IleuvXLT9f6-WOBFKFJ8D8GiPJAA,"Great lessons, easy to modify exercise programs, wish the tests were a little harder but that nitpicking. I'm a third of the way through and hoping the remainder will be extremely useful.",5,1,1.1.0,2020-12-07 20:58:49,,
gp:AOqpTOGxm_yt56O6bbdVRDdTNQnK4dx8oeTU6UHD-lSKb6O-fcnEKGgGM5FQo3LsnYjhyzi1DphWnDVPefYXw4k,Abhinav Kumar,https://play-lh.googleusercontent.com/a-/AOh14Gi9uiMkh4HtQ_xnD0p1-CM_NPeqwg4nVJokxMmZNg,Amazing app with almost best feature for beginners also. Love it.,5,0,1.1.0,2020-12-07 04:41:26,,
gp:AOqpTOEa4vRRPFPu2kRfJrHHhP2rIzNV5Jz6IMOc3cGTpW3H-5--CYqDJWqgrn0c_p_FCEXH0OKQDTc4HjPkEHw,Harrison H,https://play-lh.googleusercontent.com/a-/AOh14GjDa7ALcta0hDT1RLIOtU6Uf6SBc8R-0LVf1TGryQ,"I'm still fairly new to programming but have used other apps to start learning Javascript and web development. To me, this app does the best in presenting the information in a way that's easy to understand and follow. I also recommend the CSS and HTML apps by Codeliber.",5,2,1.1.0,2020-12-06 09:14:23,,
gp:AOqpTOE6TLRWKVcGb039gGH4g4nIFfAl1jtb2RnyaiMOTwN4jmsF96EKIMskbZqz64r1MT-Avo6nkf6nq8SWRfg,Sarang Kharche,https://play-lh.googleusercontent.com/a-/AOh14GhIeX-W1lur1OJOtFbemR5Silgd_BLcpgPBl4vBkg,Simply amazing way to learn JS on the go!,5,0,1.0.9,2020-11-16 14:32:27,,
gp:AOqpTOEso8p0wk8tlIVU2_SVWEHfRCUBlTQS9-GBA8aT4F7LTXrno5jow2AJozxQcyX4Om7SCj5vdcktltq6g4Y,Bald Eagle*,https://play-lh.googleusercontent.com/a-/AOh14Ghn8MQS7-MsNeQB9Kxhk7DcHhmsYUFIEDI8FgVbtQ,Very good app to learn JavaScript,5,0,1.0.9,2020-11-06 18:05:04,,
gp:AOqpTOGJh5douwRsgFBQ1WgR-KkMClxqtjnpIbBvXUF3Vn83mElcGp86Y28wRLKGTag_kit2psjIkAgyfgWQeM4,michael stemmerik,https://play-lh.googleusercontent.com/-EBUp4WoigeU/AAAAAAAAAAI/AAAAAAAAAAA/AMZuucnjADWA-40Boqf9Nj9upeUL2a1nZA/photo.jpg,Really easy to learn from. Good platform can't say enough good about it,5,1,1.0.9,2020-10-23 00:01:33,,
gp:AOqpTOEvfw6aabpLEeojFI4kpM6NkNOozL5JAQM61T0BzEkSgtlkoU5N-QH1i9vnQ8v3gYm4WIhbMyTc69yMayA,Gabriel Nistor,https://play-lh.googleusercontent.com/a-/AOh14GjZ3TaRXyJtPil28hcXj89mpE93t-qp5wJXDEerbg,"I've just started with it. Had a minor glitch with the purchase not being visible/applied at the level of my Google account initially. After less than 12 hours this was addressed and I managed to install the app on a secondary device. Overall, I am happy. I'll see how this goes and update my review, if needed. Learn away! :)",5,3,1.0.9,2020-10-14 06:03:22,,
gp:AOqpTOEnaiKVAtV1GlprmhFkq4qPfYvZByAxy8v0tTD4uN2_XMajZQmuoF4JtzMHdFh9qbi0TSByCDfhys4fcEg,Thomas Baschung,https://play-lh.googleusercontent.com/-G9SHJh4pp8o/AAAAAAAAAAI/AAAAAAAAAAA/AMZuucksiUX_LetiWCHg2gArufRnUza2ng/photo.jpg,Best app,5,0,1.0.8,2020-09-30 12:25:05,,
gp:AOqpTOHx5EI84qf1wt5wGS4ubeeozZ0K8y2uNP-Ai2P5UZVkk8YONHuma_eCPzXxVaPDncmta_zZHcvjyRWRMLA,Maxim maxim,https://play-lh.googleusercontent.com/-guiNdvD2hFI/AAAAAAAAAAI/AAAAAAAAAAA/AMZuuclhmhqZ1ZGBlkeDFpG_J4gD-ed7Rg/photo.jpg,Can you make a visualisation which will show what topic user has already done?,5,0,1.0.6,2020-08-08 23:05:44,"Hello Maxim, thank you for the review.

Regarding your question, you can check out the ""Quiz / Learning Progress"" page from the menu bar to see the topics and the associated quizzes that you have already done.

If you have more questions, please don't hesitate to contact me at thecodeliber@gmail.com.

Thank you very much.",2020-08-09 00:54:21
gp:AOqpTOGNyFsStwM9y87vVAudXN8J21UgCmjHbJOdEHWxj-d1NekYhnc92-IPCnhapJ9LPNomt9KmS0t056bCPv4,Angelo Montini,https://play-lh.googleusercontent.com/a-/AOh14Gj7eeTseKp_ohVIjODdKInNRPYrzrf2dyuu3vdwJAo,Very Useful,5,0,1.0.6,2020-08-01 08:27:42,,
gp:AOqpTOG_b42toGfjOrrUFSyYmvz3acc4HoBtLuEBaCkyXHBO9ML5kIjCn0PiP11a3O03GQT73uWj-WAf2BipMSk,Alpesh Prajapati,https://play-lh.googleusercontent.com/a-/AOh14GgwTgpLGHBgqMONSpPJ-Fh0YNtkYVU1MZaabeutdg,Lets start learning..,5,0,1.0.6,2020-07-31 02:51:16,,
gp:AOqpTOH5SCydyAseTWrR64EqfXgV8gHIxtJ3oZDoUUkqDGhG-Ef2vkV5uZ5JqA63rMtGvJkfFdzmcDg9WAVlHuk,Steve Haney,https://play-lh.googleusercontent.com/-1F2_WMCHy_o/AAAAAAAAAAI/AAAAAAAAAAA/AMZuucminxWy2jQIDg6g4_8lK2QcI5r9lg/photo.jpg,Great app for learning javascript. Good reference material too.,5,0,1.0.6,2020-07-22 16:14:52,,
gp:AOqpTOEN933Z0nIXFxmmQ5q9u1Ko_VvZmY1p4mXVIbifnFTnb-DDKqdJvLNuFp9YIP8yIWMzdMC8-IfvsmMO9w0,Isaac Tusuubira,https://play-lh.googleusercontent.com/a-/AOh14Gj4v0obyczTKmEdATHSUZ5NdjRB7plWYyhAn6DAVg,Really good,5,0,1.0.6,2020-07-14 04:57:17,,
gp:AOqpTOEq-TogAUtBZx1xatx47g1bXPqcmCz1-gcpNm61O2G4yw4Hg0Mrk4oRk4Zfi2n4gg_aWPX5fvnnLXIcsjU,O Zone,https://play-lh.googleusercontent.com/-YvuLK1nUves/AAAAAAAAAAI/AAAAAAAAAAA/AMZuucmxgvfdB6A21oeuOs82hs1TR5o9Gg/photo.jpg,"Codelibers apps are honestly the best apps I've stumbled upon. Very simple, easy to use and understand. It's my go-to for reference material and when I need a refresher. Thanks guys 👍🏽",5,3,1.0.6,2020-07-09 16:12:56,,
gp:AOqpTOHEynvo33PNCiYP77xmSlPFzeGGepELLoNyI0l8-XpUWFZyVvME7pJ3j8yjPRjcVYiwyLr6JJ97JXS8WIE,Digital World,https://play-lh.googleusercontent.com/a-/AOh14GikEoTK1lo5Yq4rQNS1QGv66ClLi-EvCmLsjBfQ0w,Very good.,5,1,1.0.6,2020-07-06 07:21:54,,
gp:AOqpTOF32jKUU5CR7e7AALYbwa-iV_QL1IR9NNrKgy9Nsz2KwvUVrPLzX7OWBR4KVYFho0mi-AR6wttpZ-oSfv0,Artsiom Pchaliankou,https://play-lh.googleusercontent.com/a-/AOh14GjNzNVws1wBf2y3R4vKbgD1QX2aOT7eSdq1I0FWJQ,Awesome app. pagination by points. saves progress. great examples and explanation of the material. Thanks for the quality.,5,5,1.0.5,2020-06-26 04:15:09,,
gp:AOqpTOE209BKLHcBAGo3T4GgIFbokLF06X2IeCgbPE2_2qqlIjKZz8HbdnAzkRg16EvH43y9pWRYF8jpEztzQ4s,Saurja Ghosh,https://play-lh.googleusercontent.com/a-/AOh14GikkI1oB0lE__F2QmPLyAKQYVGzHN0XGEZw8F5UaA,Great place to familiar with the basics of JavaScript!,5,1,1.0.5,2020-06-22 07:53:18,,
gp:AOqpTOFTK1oxQhmfO09g_wxniVGCYqZbLofya6ts6kyOLfAhDbzXzysvM9NJ2sq8WWaDkKfSVr3hLY_8Dfmbg0U,Glenn Banks,https://play-lh.googleusercontent.com/-APrThjp5YSQ/AAAAAAAAAAI/AAAAAAAAAAA/AMZuucmWQJjaDNkwtprflUOP532O5M68Ug/photo.jpg,"Helpful, portable",5,1,1.0.5,2020-06-20 07:52:12,,
gp:AOqpTOGidZp1GAzg3r5lFU7S5oYayR2HhHuw08D791UYfITWbyWcpyCLntCDu4EOC5ze4LiEP__MhFqXjW-Zr5c,infiniti649,https://play-lh.googleusercontent.com/a-/AOh14GhjrLZ5Q7nVB-SERTnQWpxrSTqmtwqAJ78kWg2rjQ,"Great app. I've also purchased the html and css apps. The content is awesome. The only problems I have with these apps is there is no dark mode in the lessons (there is in the editor) and the hamburger menu is not accessible by a left swipe. I need to click on it in the top left corner which can be a reach on large screen phones. Also, it would be great if the lessons can be navigated by swipes in addition to left and right arrows at the bottom.",4,13,1.0.5,2020-06-06 22:44:42,,
gp:AOqpTOFHmeTuptTpKQvNtodVqp_W1m7CdRN6wnMCWq2u-C0970GVb5N6nz5xK7i0oCa6I44hSsdInpXPOcQpCVg,Rubien Charcos,https://play-lh.googleusercontent.com/a-/AOh14GgFxjqpfXJpY1PbnUD-nMf7cfq7Ykc8FABe0100Ng,"Best for those who want to learn without internet connection. It is very simple, very lightweight and so great app for learning to code JavaScript.",5,2,1.0.3,2020-05-23 22:22:56,,
gp:AOqpTOHvEOLHWmymZvwPIDQzfYUu-wU2a6FkkJL3kHd_YI2MH9yRgdtPfm6SQxooJAYJOPZ0ePY5fLxCJ5X3buM,César Fandiño,https://play-lh.googleusercontent.com/-u9Rf903Am6E/AAAAAAAAAAI/AAAAAAAAAAA/AMZuuclUO734SVUmp7pvQxaZemO8DNg0zA/photo.jpg,Great app.,5,2,1.0.3,2020-05-21 12:12:39,,
gp:AOqpTOGcjIni_yjRu1s5L6YAtKvIoCS3MHaIebVN74d8mRTUzjA9nrA8yIyPXKWWIknYStGiNbgx3YEMlTrkbp8,Augusto Pietroski,https://play-lh.googleusercontent.com/a-/AOh14Gh4WLIEqzSO7pq0xt9fEHGjgCw9Ck6adWzfheCMoA,"The most addictive programming learning app of all times!! It's simple but very direct and straight to the point. I have already bought all this developer's programming learning app and I cannot wait for the next ones still!! Which one will it be? PHP, Python, SQL, Java, Kotlin...?",5,4,1.0.2,2020-05-06 16:16:51,,
