reviewId,userName,userImage,content,score,thumbsUpCount,reviewCreatedVersion,at,replyContent,repliedAt
gp:AOqpTOEhBUU7j-1APXwZUD6Y3rXQiTTCrKmWU5G8PzSxCpxdaiI_UCjuuRCKKNBwDhwm1qpEZf9gT10L-FAjQQ,rafi shaikh,https://play-lh.googleusercontent.com/-gUY7cNvIjOc/AAAAAAAAAAI/AAAAAAAAACA/AMZuuclP8u-TbjQPY5FgXcALAnXOQoZ_7w/photo.jpg,I studied all through this app and even got 90s on practice. But the actual exam was so different that I feel this prepware is not helpful nomore,2,0,1.31.0,2021-02-07 12:00:55,,
gp:AOqpTOGfpGRg2jBB-WAQf9nYxRGkYR2LR0bkyaCZOVjref141bXOli4qjCx5YLkxZpz2rUlPrhaLpU2eU_i-dg,Erik Anderson,https://play-lh.googleusercontent.com/a-/AOh14Ghqn_HAYZax30QXssfguuJFWBJ9dj2I4PL5tCSfxw,"Missing a lot of questions. I took my FAA PowerPlant written Jan of 2021, and I'd say PrepWare only covered about 60-70% of the questions I was given. A lot of the existing questions had been reworded, but those are easy enough. Most of the questions not covered by this app can be figured out if you know the system, however the FAA written likes to ask specific and annoying questions that the only practical way of knowing is just memorizing. Which is a big disappoinment that they aren't covered.",3,2,1.30.0,2021-01-13 06:14:07,,
gp:AOqpTOH8EqFyAfQZTc5xOKJO7f5lLLCzRXSnid1_dV_2NBleEs4Ih1DghKMIyAgOcr3USxV81IlI2HGcuonpMQ,Imran Sani,https://play-lh.googleusercontent.com/a-/AOh14Gil-EDsjwKoi-vQK9tqgGfFxsvUWyCb-t2pIaFMzA,"The app is nice and easy, but I wish in the test mode all the answers are highlighted so is will be very easy to read",3,0,1.31.0,2020-12-29 22:30:36,,
gp:AOqpTOG6CPiJ2iOmoF_y4qOW_8uCifJVP1QYy4UZQSCsI01hd7BNa_SWw_kz2dbvBprty-XgAIEYqTicdCAJQw,Frankenberry,https://play-lh.googleusercontent.com/a-/AOh14GhCGjOhCud7TgYng2ev-RLLvqyn6LnoG3i7iZKBmg,Questions don't match the test....,2,0,1.31.0,2020-11-12 08:28:04,,
gp:AOqpTOE7LNPv16xGmfmUkN27ZkL3xUSa03kU5enMKSGC1kEsV6V_PI3FRfDugxUOqSq1Y3-WQ_flOcR17QcxCA,Rebekah Rios,https://play-lh.googleusercontent.com/-6CN1dbwxzX0/AAAAAAAAAAI/AAAAAAAAAAA/AMZuucmsRikRUUBhJbEdjkQRa7e1MD3nxA/photo.jpg,Matches the written pretty well. But getting the manuals give more detail,5,0,1.30.0,2020-07-14 06:56:02,,
gp:AOqpTOESb80-VYCQEEue4iDICmgIlQ3V524h63ctJZgXfaFKsZkzX54EwwuIrhV8lpRTQVbRx85Pl6w7G9vMJg,Nathan Sauter,https://play-lh.googleusercontent.com/a-/AOh14Gi9sHBFriZNFBBTzjFY5LlV_4Whna9qh7Ekc7DDtGU,The only prep tool i use for the written exam. 10/10 would recommend.,5,3,1.30.0,2020-06-20 11:32:15,,
gp:AOqpTOH_QPfmyxlg1hGyS9pZ9vh8Dd3Z7vL1PBkPWVX7rasrXJRpm0pWFxnn0UDqnURJiIgQ6EHmCEv06UYOnQ,Kim Glassman,https://play-lh.googleusercontent.com/a-/AOh14GhAk2-KiClcyi9hEcL6fvs-a7nwb9uqsRlD7W02,Great for studying,4,0,1.29.0,2020-04-07 07:13:43,,
gp:AOqpTOHddZOLAIXgEVcxFN4eGmNcOed6KqOLIhpH0I1rDV-ThrYYNSDxOSFSYSUW2UMsqXEeNNOWfYKNUuy4wQ,Carlos Cruz,https://play-lh.googleusercontent.com/-OXqXG-lHSaI/AAAAAAAAAAI/AAAAAAAAAAA/AMZuucmrHlg9rnw7nqF3uagiFdb867uzhg/photo.jpg,This app helps,4,0,1.29.0,2020-03-13 14:10:50,,
gp:AOqpTOE1XGxUtPsbqt_jrYgMZfS5pG4QO2RtG0Ee8u1dDMjaUDjfbsktbIVn3-gmpUxi70UvYF-9G0H6kbyBEQ,Joseph Morales,https://play-lh.googleusercontent.com/-oOdCbfcHTiE/AAAAAAAAAAI/AAAAAAAAAAA/AMZuucmFhNpeTHddgOIHB_u_8WpysBtZfw/photo.jpg,Good app,5,0,1.29.0,2020-03-03 12:38:19,,
gp:AOqpTOEthspZ7wye0hDVi5Xa_j5NiX8YUG0Kb11oP6D1SebnjPecQitu0mm09Sbw1fUQxEhOXbKkJIrIKhVxyQ,Gabe Rendon,https://play-lh.googleusercontent.com/-usZB2vMYQe8/AAAAAAAAAAI/AAAAAAAAAAA/AMZuucn6hkkwx3wWrK5BE6YD8NDFG2sRtw/photo.jpg,"The mobile app leaves so much to desire for. It sounds like the PC version has all the nice features. I just wished they would pass it on the the app. Additionally, the Android version is more expensive than the app for iPhones, and you have to pay amd download the General, Airframe, and PP separately. What gives?",2,5,1.29.0,2020-02-14 21:00:11,,
gp:AOqpTOEcF3I1rE0JYaJPC7P-vE-L3SiNKMQQJu135e4s40uad_XPO4RnTSw3n4eKESDDysZZ9xV-kia3ofhPEw,Maitham AlTammar,https://play-lh.googleusercontent.com/-h2YHZ_qvlKI/AAAAAAAAAAI/AAAAAAAAAAA/AMZuuckMgF6i4BLf7p-JUcbKD9TXWUs_Ww/photo.jpg,"I bought it but it can't be opened, I event contact Google about but they didn't respond, please fix it",1,2,,2020-01-30 20:36:45,,
gp:AOqpTOHK5eynpowFvlkUnDgJU3-6kMgrpL1vMm0xl9qHqWm89tK13rkm-mmmVAy1avz1OBYaNxvVk13-luzbgA,Rostom Bautista,https://play-lh.googleusercontent.com/-h63Zsq7Vsbo/AAAAAAAAAAI/AAAAAAAAAAA/AMZuucn13HxOo88gd_RkDe2-sQEywr_l-g/photo.jpg,"Please update some answers. There are some questions with 2 correct answers but one is wrong. I.e a questiin has 2 ""Engine manufacturers"" answer but only 1 is correct.",1,1,1.28.0,2019-11-11 23:27:01,,
gp:AOqpTOFDlpcOBxBtu3TE2dHb3-FMic-ezhhFTe-Up0HxlyRnk9sGrhDZ8MAFLS89zcaNkxJdUHsBEqt2peLyWg,reg l,https://play-lh.googleusercontent.com/-iv91HS_NZWQ/AAAAAAAAAAI/AAAAAAAAAAA/AMZuucki6VtjqoBpQY5mt-gnPr4YEUYrnw/photo.jpg,Have tried for 8 months to download on galaxy s9. Update your app to work with new phones !! Smh,1,0,1.28.0,2019-11-01 09:54:28,,
gp:AOqpTOEG-sd0jYmvEeEpmQaRgKBVVGXtL7YNLabzR03rylc2Vuml3p-6tiXH5qO8PvjZUUqbP11dYewFJKLRzA,Madi Haney,https://play-lh.googleusercontent.com/-XEk7wOUT9d0/AAAAAAAAAAI/AAAAAAAAAAA/AMZuuck5K1Nf4u7CkIgikvg7CJgjVZ5gCw/photo.jpg,Installed a few years ago and dissapeared. Tried reinstalling and it will not install. Need refund.,1,6,1.28.0,2019-08-25 11:27:41,,
gp:AOqpTOFAc6IberFAom4bV9Oq6o34xoGRD0OgBAmFEtxOU8GRzAVsCVwr2MZ1V32krTrekAHoO8WMCjqA_bj8TQ,jason clay,https://play-lh.googleusercontent.com/a-/AOh14GiKjJJ8SdOLLvfUGfLtVB0FKA8C7iIAAGtgmTxi,great app. but recently FAA has put new questions on the written test so just careful what you study until the app is updated.,3,0,1.27.0,2019-06-08 09:18:30,,
gp:AOqpTOE0hExAhf4qK3mBfnIBzssPoQej6TmOKoXsp5c59OzHkbd3nyra2Jl160RnPj3QW6mVOBo7MHxOGgeIdw,jeffrey md,https://play-lh.googleusercontent.com/a-/AOh14Gg2k7CwTNebZXIByXygnWs63q1YulxI4BApeCFw,tks,5,0,1.27.0,2019-05-25 08:44:10,,
gp:AOqpTOHUUGa0CH7ankR0I-pk9J7ln2ca5a4lIT1Knl2Az8CVpsB-Zte7o-DG6OC8fjDrRCN9cq8SSfkeEkctXA,Dan Connors,https://play-lh.googleusercontent.com/a-/AOh14GjwAbUhrzYF3iokSz0Xziha2W4a_NxVD_1PE1s2_ww,Great app. Among the 3 A&P tests Power plant was the hardest for me so I'd suggest you spend 1 entire week (minimum) of multiple hours each day memorizing these questions. I didn't notice any questions on the test that weren't in this study app as was the case with the airframe test. Good luck testing!,5,10,1.27.0,2019-03-23 10:33:38,,
gp:AOqpTOGRMww5xrCmAt7Mkz6a-Dma_18kL6gSsf9N1IfLDbbMu8EDJIbC-K4XTs2F-dnSDCgY1MPLXGgtW2PDYQ,Dylan Burns,https://play-lh.googleusercontent.com/-aybeq0OlNTg/AAAAAAAAAAI/AAAAAAAAAAA/AMZuuckP6yIAy-2p48jHO_vEHF3z0OiyJg/photo.jpg,"Wont install on andriod 9. Works on older phoes tho, needs an update for sure.",1,2,1.27.0,2019-03-12 19:57:30,,
gp:AOqpTOGGEV4ULPz6micXV5N7uAX8CKLXyo-lRC63T33MtN7Ob_NTLcscVA3-NWbVgf45Qs7MTDE0-H2z8aqaHA,Virtues93,https://play-lh.googleusercontent.com/a-/AOh14GiRAJtPZlNYRHc5-kBmzRQKNjBi2sWmVx27nj95,not letting me install can I have a refund or an update.,1,16,1.27.0,2019-02-25 16:40:17,,
gp:AOqpTOFqqqdWZQPOy_HTrgGq0VMkWu38eKT7M17l9NnZeR6IBsjAxaUg1YUyEFJZH7__yfvwhsudce9LeVib-A,عبدالعزيز علاقي,https://play-lh.googleusercontent.com/a-/AOh14Gi7r28etf7yCjVzlLf8O_ei-Hlw9vhi2N66PWvuWw,I couldn't install the app,1,2,,2019-02-18 02:44:14,,
gp:AOqpTOEhyCJ46T-TCZBJj13BktRqUwESkM1s0SLEleo01KJXFUCPbxinmiT0SbFnsNMw3wobx6KWN-Yz6ADh_g,A Google user,https://play-lh.googleusercontent.com/EGemoI2NTXmTsBVtJqk8jxF9rh8ApRWfsIMQSt2uE4OcpQqbFu7f7NbTK05lx80nuSijCz7sc3a277R67g,PLEASE UPDATE,1,0,,2019-02-13 05:44:12,,
gp:AOqpTOGc_p_xsWzExPh2xfkELrqx-IHx8A-MR58lK8M71k-ajVDb7d6Kx80mAyB7QOyaqcDdRgdCBzCD1yvf7Q,Dustin Donner,https://play-lh.googleusercontent.com/a-/AOh14GhOVCmJX9iYQCgaUXssQK0Nk_ki12UJWMRBu49Ozw,Helps me learn!,5,0,1.27.0,2019-02-12 15:38:57,,
gp:AOqpTOEPnPcvxQEoVJWouDWVQodbD4F2iPg8MY5htwAW33OWWZqA8cHRTXLkXg9J6Dz3y-z8n15kpH65xXPTmw,Jay Rau,https://play-lh.googleusercontent.com/a-/AOh14Giej4NJNnEGuxS0V3Cr0S1he6dwdbpDPPGrkHoD,This version is out of date. Please update. would have gave a higher score if it was. I can not use this if it out of date. I have to use the one on the computer when i would rather use this one.,2,3,1.27.0,2019-01-08 14:20:43,,
gp:AOqpTOFQNxi3vBkQDMvXPtFNLHuuSzvT-69yLoru9esuFwKOERKIeZYs1UUFKP6oUl1Se74pHLYYIDqmyLmuEw,Miguel Berard,https://play-lh.googleusercontent.com/-ZnBQWU0a5SU/AAAAAAAAAAI/AAAAAAAAAAA/AMZuuck2QZ8WVBYMo_SLGzMTmWumAv3zSw/photo.jpg,Excellent to help you get your powerplant license. I got mine. The study and test are excellent. Statistics for scoring are a great help.Zero adds.,5,5,1.27.0,2018-12-30 16:24:53,,
gp:AOqpTOE-0Hmble8o_v2HGaVVZBvQd2UtPKpsDD2i1ycviuPl9jRxTn1Y40FnGU-AaTPG4_1razWAG7GmodMJEA,Gotta Grip On Jesus,https://play-lh.googleusercontent.com/-ByWS9gMEmMc/AAAAAAAAAAI/AAAAAAAAAAA/AMZuucm2MtWCexeEb_O0FpzcliO8r7fS2Q/photo.jpg,This version is out of date. Current version should be 1.49.1. It is missing a lot of current questions asked on the FAA exams. This needs to be fixed.,3,9,1.27.0,2018-12-10 18:52:16,,
gp:AOqpTOHXMakSxrikzwwkSWVVxvq2hZMwYlB-elJJePi02YAt52tvZ3YJX8LZcuV_KTgKtWLbxVRiSbwZrkbVYw,Aaron Gibb,https://play-lh.googleusercontent.com/a-/AOh14GjwHo03QVtCUV5UySf1I9Fq65daEFHM1_6Nrl5KNw,Helped me pass my written Powerplant exam with ease!,5,0,1.27.0,2018-11-28 19:16:54,,
gp:AOqpTOFWLAXz7HKDhfXjyNqi2Rxfhih13lDheGqFtAn-uzITx30YKcPyJrr1WGy2Vy3q52_oPsL7rMfLUdcaYw,Gregory Bicky Pereira,https://play-lh.googleusercontent.com/a-/AOh14GhBdrUHCNhq63fE8beF2mjtF3eY5kl892i7GnkdYw,Great,5,0,1.27.0,2018-11-20 11:04:25,,
gp:AOqpTOHs3CINZLC_LYKCTEGybSjbDzHKbdcgt3c4M9Kz0wNFBLluoootN6e-agOZI9Pqt4B-NECgOpKg96ylWA,Cody Hurl,https://play-lh.googleusercontent.com/-GIEuxxIUbP4/AAAAAAAAAAI/AAAAAAAAAAA/AMZuuck7tNbPSeSYnhGWnT_Zy6ERJgX8xw/photo.jpg,Great product. Incredibly helpful. Wish it updated as fast as the Apple version of the app.,5,3,1.26.0,2018-10-29 16:15:50,,
gp:AOqpTOHJvLEh2OqsSv1-sF7w6OFo8V1GXW6qu-OslkDMbSK6Dwe3qHx8oH9iI4fZkbWplaD0tZogW79RBUoSog,Melissa Mcdonald,https://play-lh.googleusercontent.com/-ihCNGXtXl98/AAAAAAAAAAI/AAAAAAAAAAA/AMZuuckuKKBUeY28D2uSPIrBfcBBG4Ibgg/photo.jpg,Simulated actual test. No need to purchase book.,5,1,1.26.0,2018-10-07 10:17:46,,
gp:AOqpTOGeOr4qo_PjHY_2TN5VFxIfwwG00Et_j2KR93PIvdAh3qJiA0vmPbPI7n8a_Wy0WExHdao7koUvt8wdSQ,Jonnathan Sandoval,https://play-lh.googleusercontent.com/-EiyppmDvTEY/AAAAAAAAAAI/AAAAAAAAAAA/AMZuuclBnjc4QgqJy-TcMoSF7dO5RXyZrQ/photo.jpg,Great for passing your A&P written exams,5,0,1.26.0,2018-09-18 09:18:53,,
gp:AOqpTOFAGEkxzja1RWmFqvUyLMIxatywfg3cCldSsXgvItzXmi4zYmN8u-GkEBiJCGbh0VoORGO3QwlC2jHnBA,Little Moro,https://play-lh.googleusercontent.com/-inusllwx7UQ/AAAAAAAAAAI/AAAAAAAAACM/AMZuuclT0R0-OxV-xAGiEfkEN3PIcYOKlQ/photo.jpg,Sweet!,5,2,1.25.0,2018-05-18 05:03:48,,
gp:AOqpTOE56xYyZb3d-w9REVZ8Ti0tK3rmmOrKlF6jW9GFZ5MMxdn8BNWUqiR-ZghCAsf3L6uidGDRGh3JsMB63w,A Google user,https://play-lh.googleusercontent.com/EGemoI2NTXmTsBVtJqk8jxF9rh8ApRWfsIMQSt2uE4OcpQqbFu7f7NbTK05lx80nuSijCz7sc3a277R67g,Really good app it help me a lot to pass my written test,5,2,1.24.0,2018-02-16 08:01:03,,
gp:AOqpTOHW1oi3MSFmz_auvplaenn6iC8C3DQWIdvPHhhQ61xvyCFLf43-BZ_B0TLgvtR9jP6HwrGH2pGCoisa0A,Luis RB,https://play-lh.googleusercontent.com/a-/AOh14GjvgHr6KSxoQMaAgR8vtYK1Aa9_J6qq6ZgNNyYP,Color indicator when right or wrong does not highlight on Galaxy s8 when practice study exam. Please fix,1,0,1.22,2017-07-01 05:42:28,,
gp:AOqpTOEO2KuzgGAwdZul95l5mEb0y-l_4_CY5m9roBjYpZFiLUHhR_fjXK_VoTz4JSMclC2V6fEJGxTFt3N7uw,Brian C,https://play-lh.googleusercontent.com/-A1gNUJpZSjE/AAAAAAAAAAI/AAAAAAAAAAA/AMZuucnf5A9b6s1Hx5X63O7HM2zDLbfJzQ/photo.jpg,Repetition in certain subjects helped a lot,5,0,1.22,2017-06-15 20:17:34,,
gp:AOqpTOFX2Uy51GJbkeJl0aghyhxqtkTiUjyJWmqTd4L5AHppffJ39tlMqfCXzkAChYK893nsYBrqucixl6wEBw,Omar Alavi,https://play-lh.googleusercontent.com/a-/AOh14GiAL5e4ORLulfLP3Z5cpxmFQSveQMV8_tFgtqatiQ,"It would be nice to do test mode per subject as well. Also to be able to scroll between questions after grading in test mode. This app tends to crash if I switch away from the app for too long too. It is extremely useful nonetheless and helped me study and pass my class exams and writtens without needing to study too much, just quiz and read explanations for a bit.",4,10,1.22,2017-05-22 00:57:30,,
gp:AOqpTOHE9n3FHJj_Qy0ZHA41OOo0YAds1toakuHS2v-5vGRHLL7iej6zEbuycKdazHQRxGMM2FU3RodZasAWWw,bill contreras,https://play-lh.googleusercontent.com/a-/AOh14GjHNqW0aTOQd5IoYebzHVHPz8JlelY-Jys_244dnA,Very useful but it would be great if it had to option to retake all the failed questions like it does on the pc version,3,10,1.22,2017-03-28 13:05:53,,
gp:AOqpTOGZRO93QoJZimxSYS_DjmOQ_1tEr09CNOUxKW_amhavbqzb9Tsur49mdtJxs_ymB97hsMRZoR1P51PEsw,mccaulskynick,https://play-lh.googleusercontent.com/a-/AOh14Gj9gtLbrykA5KOkD1EdiSH6M9Ew8I1AC_JNq3LFmw,All the series are great! Helps to have all the question@ your finger tips.... Could update the UI tho.,5,1,1.21,2017-03-13 12:07:05,,
gp:AOqpTOE8epvYuVNh9Cx9zHQBWWQjOJ45MQXYZd8QAM5HcSR3HGOzvwvxRH9GzO-Ts-MTjUATxNo0fJJ87OpnnQ,henrique augusto,https://play-lh.googleusercontent.com/-wLhie8YEnvE/AAAAAAAAAAI/AAAAAAAAABU/AMZuucn-XcvB9f7SCDpSKUHGUHGSGYYtwg/photo.jpg,Helped me a lot,5,0,1.10,2017-01-09 18:07:43,,
gp:AOqpTOEc4M7fkApuoU2ajy19DPqU-9zU5fyobh2tpFoT0JRxUXk7uLq93kMhbbXzpznxW72u1-7CeErFOHzrRg,Christopher Martin,https://play-lh.googleusercontent.com/a-/AOh14GjzJGzSB3vSX4MKQbjUFgjkgsaWPDh2yF-5SGJXkQ,Also wish study mode was just textbook extracts by default instead of quiz form.,4,5,1.21,2017-01-05 22:12:12,,
lg:AOqpTOEqmlGM3CYy-4TsesSFdVHBpeF75BwqDni1usSrcuxy2YpU-QwgsUWgR8shmoNjJsICLdq5JTjEBG2XSw,A Google user,https://play-lh.googleusercontent.com/EGemoI2NTXmTsBVtJqk8jxF9rh8ApRWfsIMQSt2uE4OcpQqbFu7f7NbTK05lx80nuSijCz7sc3a277R67g,Came in handy. On the go app. Anytime anywhere. Helped me pass all my written exams.,5,1,1.19,2016-08-23 08:51:28,,
gp:AOqpTOEsTP8muywY2TxI17LRImjRfT1mn5oUeYLjAI1m6DjrMucK9COHU6gPo6bxVlKiLUEmUAkTpSgBAuuhog,Marcello Lunnardi B Santos,https://play-lh.googleusercontent.com/a-/AOh14Gh-e_Jyz02vx7f3IkSvNyQ_5k8mpFLqPWgDGVmu-w,"Basically the same questions from the book,  but with some extras!!",4,0,1.17,2016-06-16 18:48:38,,
gp:AOqpTOGtsgYxdyynggoYIC9J8GMk0MzJYm8DgzX7kNRg71TMK_JuT1HM5Rc7o3cKFEmgAWW8v_9SeNwpLanyBQ,Martin Adams,https://play-lh.googleusercontent.com/a-/AOh14GhFG2GK3KhzGF5ISgPzGXpvkMcshv40uoJmdzp7lQ,"Being color-deficient, it is difficult to tell the difference between the highlighted correct and incorrect answers. Please make it more color-deficient friendly and then it'd be a definite 5-star app!",4,3,1.17,2016-06-08 18:40:58,,
gp:AOqpTOGrfKbCI-beUKSTExI9zkI4Auz0G03MJMsWroEUvGZF-vqSTBvj0iWNU3N11z5qKiN5y0wLGVZ8kg4HZA,Carlos P,https://play-lh.googleusercontent.com/a-/AOh14GgKJ9H6pSyCPWjRM3DwG4zuUwH5-kyEATfXhEwI,"Thanks to this app and the book I passed my multiple choice part. Golden app for on the good to study whenever and wherever you are. Exactly whats in the book, exactly whats on the test. Good luck!  Samsung galaxy s6",5,5,1.17,2016-05-09 13:22:14,,
gp:AOqpTOGmYO2cn46DVZk2xSP0tpjDEFlYeFT-z1Dm7X0_XQelrjFJBeWkfOyzqfCFWOtMVruRcwiZBEdzhoE0aA,Walter Alexander Chávez Barahona,https://play-lh.googleusercontent.com/-r8tuGl7Egeg/AAAAAAAAAAI/AAAAAAAAAAA/AMZuucmQOVAQli95yRBxIZuRNvzChtCTLQ/photo.jpg,Excellent app.,5,0,1.16,2016-05-06 18:54:12,,
gp:AOqpTOEdvSlSwo7hJ5hhoAZAChThlHG4pzenpo2t0xhOuGCPFJUt8Z9B9tiVAcYcfKxijTy1x1KrII2yJGyTOw,Hector Diaz,https://play-lh.googleusercontent.com/-FCtRKV8q3FI/AAAAAAAAAAI/AAAAAAAAAAA/AMZuucnPpUV_wV7-bOlEKSu1p3c0P2spsg/photo.jpg,"Great study material, the practice tests seem to be the same questions while only mixing around 15-20 new ones.",4,3,1.17,2016-05-03 16:12:23,,
gp:AOqpTOHf8gENBcwZTOXL9Aol6s9nbHXXyDweHHDqg4b2dLiMSphHjCklbpKV8j2BpEG4b9g629pkL5E76XQryw,TANDEM HYPES,https://play-lh.googleusercontent.com/-ImUQtqA5r4Q/AAAAAAAAAAI/AAAAAAAAAAA/AMZuucl-HCalZu2jVaDslPAzTM11Zl_ZhA/photo.jpg,Use it everyday love this app,5,0,1.15,2016-02-08 06:27:11,,
gp:AOqpTOG7tt2xWXWEABXI0k5BDR3kBbnJlsAKenk8F7D0uu_yBbqDvY2wiPfaFc_AdMp4GHHMv-pb95C_JIfJOw,Stephanie Morris,https://play-lh.googleusercontent.com/a-/AOh14Gj6j-NRX0WJgZFuZ7wfKXSbVXa3dDFSaoh5sJxZJA,"I've used the General and Airframe Prepware apps and never had a problem with them. This one automatically closes after selecting study or test mode. Would appreciate a fix soon with more tests coming up, or a refund if it will not be addressed.",1,1,1.15,2016-01-23 17:08:09,,
gp:AOqpTOHXRIjubJg2q4FQs_IWtYMLoQyV4V_VMpSv-J5iCbfGJPgcivaGKHGTRiKJH1E-TR9T4A0GpSvhuCAExQ,Matthew Harper,https://play-lh.googleusercontent.com/a-/AOh14Gg0QdAblsbt_W60QmSdxJ9FpfwShUW1LoYizzVBAQ,"So I used this app avidly, however I had to get a new phone (Droid Turbo 2) and it is running 5.1.1 lollipop.  In the study mode, you cannot tell if you selected the correct answer as all the answers show up as outline text.  The color doesn't change at all.  A good fix for this would be to have a check mark and (X) show for right and wrong answers.",2,3,1.15,2015-12-02 05:12:49,,
gp:AOqpTOEgXy37sH1e8Ohmb_XeTjHfnoYUBdahLVfpmTwYfZF8_6RcCPjuUDPFlOzaI-3196hztyXtBudITaxf7w,Diosen Castillo,https://play-lh.googleusercontent.com/a-/AOh14GgS3DmH_10hxaNDaDOsHWxU90piLGkCNA9ATvAldg,Training,4,0,1.15,2015-11-17 00:01:10,,
gp:AOqpTOHeow5nGPk_y-NyK1aG6uLKTScrXPrsPuA4gGAXSI2TjBXMwgTwmK9KdfENjZjvYrZe7ec8f54RpQE_Mg,JC LLENAS,https://play-lh.googleusercontent.com/a-/AOh14GgoaLXx3Zv9lahadIfHHXDhd1wLTtSpZmaRFVyo,I can't open the app after of the update,1,0,1.15,2015-11-05 14:54:06,,
gp:AOqpTOH-f1eKs5tO6qipnYz3GB6DwARJ_iX1eGy7FpOz-F5iYtcvERz9G9OZL2LqGxI8qAVU5Haj5_4AW-O0dA,Jacky Suarez,https://play-lh.googleusercontent.com/-p5qhnHpcSQw/AAAAAAAAAAI/AAAAAAAAAAA/AMZuucnePnNBhWuMq4e8-TDDDNeCwUCe3g/photo.jpg,"it was workingf fine, but sudenly after 4month, everytime I hit study or test it doestn open. i paid for this app· and right now I have test, and I cant study!",1,1,1.15,2015-10-29 04:25:54,,
gp:AOqpTOGQOfpdN7U676DwKsntcY-bXCLsLpuT1ZfltRkmy2ZCelwW9iA99yWDm5_NA9JOrbXMl3SoaYur0npWRQ,Brynell Owens,https://play-lh.googleusercontent.com/a-/AOh14Ggftapk6IAnp1qdjR5ZC0MsvUCw1QHccXlwmJzbRg,"Loved it when it worked but since the update it will force close everytime I hit the ""study"" or ""test"" button.",1,2,1.15,2015-10-28 15:06:41,,
gp:AOqpTOFjulal6mkwife7alAx2Ll9xugtrmIXuz6VHjLAWpnQOlpwQbdRbTKCEW0PEjCL0ul8fIpRQVYRyySzXQ,Yamay Pla,https://play-lh.googleusercontent.com/a-/AOh14GhqwgjDVwI7FSvvd6eSVXxlQQS1iZKVJ9BK3t1f,These apps are essential for passing block finals and EOCs,5,0,1.14,2015-08-31 14:44:57,,
gp:AOqpTOHoQrssBmP9SiR-LjuVYqV1WG46FSNk43Db6-jPjfv4igMZmd3u9bt56Ey_7usiZ1ncwC8PyAzRuri0Tw,Jason Rushing,https://play-lh.googleusercontent.com/a-/AOh14GiqLIedSN7Llpe3U25_I9WGlrhhPUAqd4hzGPX6Pg,Just took the written yesterday and there were probably 10 questions that were not in the prepware. It would be nice to have the option in study mode to only show the correct answer. I've used prepware for my last 8 faa written exams and it has helped me pass them all with a 90 or better so it is still worth it.,4,0,1.14,2015-08-15 09:57:01,,
gp:AOqpTOHh-dKVbas8DQmVwPwXBqPnpPESV0kfiaO8oCfkMTmCQ-yBkw1w5EV7tc9JkoosQkS7pqIxBdFJ43Qcaw,James Russell,https://play-lh.googleusercontent.com/a-/AOh14GgljPPhxzRP2MGVi2_p5urI_dbulolp3m5HcINlsg,Worth the money. Its a great app,5,0,1.14,2015-08-13 06:54:35,,
gp:AOqpTOHoYQbnzxOe5L2VL11x3CWC223p41B_nHCj_OhFbud-6_TpYo_houLwTwNtirT2CxUyL6XcKonV4ym-Zw,Shah Hill,https://play-lh.googleusercontent.com/a-/AOh14GhRPKsznihuZsBfFXefRZWE8o_xmd41rRNkg1Vuq08,A must have if your trying to get your a&p..there's other programs but this gets straight to the point,5,0,1.14,2015-08-06 16:04:05,,
gp:AOqpTOEDiUfghTrvYqohbQNt6UozEcepCA76ymfQv7QwzHEuGHEPLwaGJeiMt1t9xP1NwAmoq3hl4AmivuXjJQ,dNzieH Mitra,https://play-lh.googleusercontent.com/a-/AOh14Gj5S8mWZeMOBc6AuDKYhYTiHXOTjUU938hIr10X9g,Very helpful,5,0,1.14,2015-07-30 04:45:01,,
gp:AOqpTOE21aeLwxnPrBu_g4UTCccVkwFLKrPD41-Ss1vJoB4KtqSVaqZJBPWol5oWecc3iO-xeaYFfSnUYCx3Vg,Matthew Bloom,https://play-lh.googleusercontent.com/-v46FMwkv18w/AAAAAAAAAAI/AAAAAAAAAAA/AMZuucmCKK3UjfjxFiOU2UhWfW5B_WjgRw/photo.jpg,"The app seems to crash whenever I close it for an extended amount of time, and reopen it. Otherwise, fantastic application!",5,0,1.13,2015-07-26 11:51:27,,
gp:AOqpTOFz832JIzcIWtBtuoErHp-Z2e7O0mzAQfn7ZtM0s26cUSUe0B1ct_C3Rl81GgcgNiCJhbsLiEyMNO6ffQ,Daryn Grathwohl,https://play-lh.googleusercontent.com/-S16ho4CuZpA/AAAAAAAAAAI/AAAAAAAAAAA/AMZuuckUY59rb2uJiP05Thvk-qhsM15yUg/photo.jpg,Iphone has them separated come on step ya game up,3,1,1.13,2015-07-21 05:50:54,,
gp:AOqpTOHOAxm7-bIwuoYcUugZ84SB6z-l2SiV9WfrKHsyhHhOzDtgPpSp4u4wWP0iOPEhbTWzj781oA6M0KxHWw,Austin Roman,https://play-lh.googleusercontent.com/a-/AOh14Gjfub9E4BWxh___YheVqVslf5CFtnRUBflhp02BTMo,"It may not have all the features of the PC version, but the questions and answers are there to study. I used it to study for and pass my Powerplant written.",5,0,1.13,2015-07-12 12:31:43,,
gp:AOqpTOEdV-CNd9Iej5V7lLqpVYjREhPFNS5PPBAp4Ru-3_FcwANBryg0xvaeF-q5t0J9PpATOEhEOSAG8DWYCA,Jack Williams,https://play-lh.googleusercontent.com/-Z9pgC5tQO0E/AAAAAAAAAAI/AAAAAAAAAAA/AMZuucki_zbDhW-UTQiLVbZBILH67l_ZGQ/photo.jpg,"Crossed referenced with my books and have found 2 wrong answers in one day! Waste of time and money to study the incorrect information,  needs to be corrected asap!",1,0,1.13,2015-07-07 02:29:28,,
gp:AOqpTOHonl2hqTxtdJ4S2YDU5Kx5R0DnWYWokJS0pq92SmXz5e7gf6zEK001Ahgoei3N9IU9r17ftjnq_ayJmg,Dave Meszaros,https://play-lh.googleusercontent.com/a-/AOh14GjLCud_D9ygh3MYY3UEJFsIgZBFolsFQWNQqXGbcA,Plan on using it to pass my powerplant!,5,0,1.12,2015-06-10 18:21:10,,
gp:AOqpTOFlEYT2-G2OrETZtAsITbZAJDRhTOZjcAX6ZJmeqSoCaYxDrdsx22ah_SBDE3oik_pG4y2lHLCBJt-iEA,Robert Welsh,https://play-lh.googleusercontent.com/a-/AOh14Gj9KQPWuACFxYNq6_aJ9cU6catMzrG6ONefDv8j,Well spent money. The the its self is almost the same they switched the verbiage and the answers around a little bit on the actual test. I highly recommend this app for anyone in an amt program. NOTE!! Every month you should delete the app and download it again the questions don't get updated on the updates. Thank you and good luck.,5,0,1.12,2015-06-09 16:49:14,,
gp:AOqpTOFROFJ-v0Wv_JmB0XnCQnu9kiGYll1G8yy9MGNtGVuY9AXzyrFaqX94CalblIUoj9jsHfL5VMP-ztk_2A,Ross Pleva,https://play-lh.googleusercontent.com/a-/AOh14GhVE7xtMrVsKnBPxmGfg00pYWk9xQUGj-_hlbKzug,Helped me study and was spot on with the questions.,5,0,1.12,2015-05-23 10:17:28,,
gp:AOqpTOF_kSLtY5Q_OqK_Xz0kcbEkF_61V8_LLAkf8yJ4pk4BeY4t7d7otITk5pV_x68bdFEkxbcqooRyLCkzSw,Michael Wilson,https://play-lh.googleusercontent.com/a-/AOh14GhGZTOCWaOal8_v5tUHyLSu69lrKbKFbng_218ABR4,"Helped me study for my test, well worth it.",4,0,1.12,2015-02-27 17:45:54,,
gp:AOqpTOF91eHfICD9XcZDJz58dvzI6yHz24Iy6YkXdl33FDTIBg595KeeqOwoH5ZnXkwbmh-IlkSb2-OXoC9XNQ,馮睿民,https://play-lh.googleusercontent.com/-ZN-Db9AHqDE/AAAAAAAAAAI/AAAAAAAAAAA/AMZuucnybcis2HwUmmqwvQBEMUiUUecEXA/photo.jpg,It's very helpful.,5,0,1.10,2015-01-10 18:30:18,,
gp:AOqpTOGxSS7bJCOxvSzELJ4PCb5tAK-Xuh2UJrGHdUPsiG-AhnYczw6wAYERCWnxDqOf-rgpCb26AqUKCv2OcQ,Miguel Chavez,https://play-lh.googleusercontent.com/-z69twn5ZuV4/AAAAAAAAAAI/AAAAAAAAAAA/AMZuuckddivAZwpZTwuaqtDp3Zcy9DEYTQ/photo.jpg,Good for studying on the go but its a bit outdated,3,0,1.10,2015-01-05 17:50:50,,
gp:AOqpTOHpoCYtS5EuIyI_hB_dVSqN9N9m-C5TLm-hoxxESQ0Nkq-t1Azarg3ylCJ0Yt3KcZz_oziPABRSTO69cw,vw madness,https://play-lh.googleusercontent.com/a-/AOh14GhLbusB0mNyXARtY3tppPYsaAtmmdFuhY90On0KgA,Liked the old one better. Easier on the eyes,1,0,1.10,2014-12-11 16:28:11,,
gp:AOqpTOFp4y5431I3btxjjZTzF_13mdHgTlMIOi6HI0YmsXVb7Et9biHF8uNndAedvFGG-1oWlFI_t_AfNu-8bA,Eymi Perez,https://play-lh.googleusercontent.com/a-/AOh14GgkACqHJgdwsqsVemxovWCV3lDoi5iz9xK7q9AQ,App is great .. You can actually study with no problem n get a hood grade the only thing that sucks is the neon green answers its hard to see .. Overall its great :),4,1,1.10,2014-12-08 17:48:16,,
gp:AOqpTOE4PZ0BjB-ltZ38DG-fhkSThRvGXXDCEYIpM_EbM91cic1Ss9OK7e96kqKWTBUIYLWKVS2kqqgxJ6osYQ,Ryan McConahy,https://play-lh.googleusercontent.com/a-/AOh14Gh9lulQxpSQe8XrEyAQ4YJLF51-RAqBwGivgj37ag,Has helped me tremendously through school. It would be great to be able to switch between turbine and reciprocating questions,4,0,1.10,2014-12-07 18:19:38,,
gp:AOqpTOEskkOBq4OWoMTkdNi8A-AMgWBGs-jlMd5fjdaaX9i_HukKSESAMvJhwdO1J9baRy4IKXecGXJcHx7Caw,Vincent Pena,https://play-lh.googleusercontent.com/a-/AOh14GjpJBi88v-vYzf3tYyPASgJzi1zhs6Vx7xMeJHPOdI,New update made it horrible to read correct answers. Neon green is a bad choice for correct answers.,1,0,1.10,2014-11-30 19:41:46,,
gp:AOqpTOHrjg4YKLJ2M0VVGAL91H1cMHKeSkaQMn0bqxF-mQUuWpg98zx8l15iwQ8b-xkaeZ41zWWkxtEcX_SloA,Samuel Varghese,https://play-lh.googleusercontent.com/a-/AOh14GjfirJ-K_NT1Et3s3JMmzf_DwNdhLeoCYio7vN1Mw,"This app is fine, there are few mistakes here and there on questions, also it would be good if we could get a missed only section as part of grading it would help a lot. Also if there were better explanations, rather than just repeating the answer would help too, But overall its nice. Also having a night mode would be great.",4,1,1.10,2014-11-19 12:54:24,,
gp:AOqpTOEPhBaiMJ9z-HrMBza9RxlB2ZfRGILtWQqbYqDSHxUo_q89w4Anh_PCyz7QjLPayPrqIubZ-E7rCwOLzg,david lee,https://play-lh.googleusercontent.com/-4rh3tg4Kh-k/AAAAAAAAAAI/AAAAAAAAAAA/AMZuucknCaQqeasOEpEQshXK1B2xQjlDpQ/photo.jpg,Please fix the neon correct answer. It's really hard to see but everything else is great. I like the new layout,3,1,1.10,2014-11-17 13:03:42,,
gp:AOqpTOEge_qGSrof7pB6LYV3Kie-rLZQFhRnsWvKRE0UoijaBkmFeu3dsMibLYjOEQMWz65BljFLQDDmy8t5ew,Dale Dukes Jr,https://play-lh.googleusercontent.com/-8KRzovODqxs/AAAAAAAAAAI/AAAAAAAABBA/AMZuucl3WN6jf7FApqthFJ5pfJ-yBEDJzg/photo.jpg,Nice update only thing that needs to be fixed is the neon green for the correct answers it's to hard to see,3,1,1.10,2014-11-16 15:31:09,,
gp:AOqpTOGqce1stRSWgKdpStPJx0j_7FKtVUnOvEN8NkLk56ZkIae8JGpP6xz5ZEuuQFlBZIfTgE45zZlfF0PI7A,Kenny Jordan,https://play-lh.googleusercontent.com/a-/AOh14GhnW31m4851O_WRu1PtHLzM6MQAnUV80HGLeDfCJA,"The cleaner update is nice, ..but please make the changes to this android version like the one for iTunes.  Filtering questions for reciprocating or turbine engine systems only helps a lot for student mechanics.",2,0,1.10,2014-11-11 16:28:01,,
gp:AOqpTOEiZLSONh_8Od1I9Xg_evWM77027UM9UMlmG2eF-4XcheihGs95bP_yTM2apvJHS8r57t5F4PsPx_-wyg,Nathanial Springer,https://play-lh.googleusercontent.com/a-/AOh14GiqX-f8I9KNclgWP5BZOc_GWffwHQpg1i_OC6Vmmg,"The app looks more professional and looks a lot cleaner, much needed update.",5,0,1.10,2014-11-06 23:52:57,,
gp:AOqpTOFsN247ED77DryxaGMF8_AVIev7-CB_5g1OoGG3__YhA4YfUiGH2kucWqdgxS-qXWHAXzrfxuhkOt--uw,Xhepe11,https://play-lh.googleusercontent.com/a-/AOh14GipfDM8oluLaUq7kaI26Xfy0BCCcxlLWEKIHIRaCg,Needs to be able to grade test data base is ok,2,0,1.09,2014-11-03 18:12:41,,
gp:AOqpTOGOtlAMZBPFm1ZYNB4uwqhmF_00G9207kORUTL-fSZcwHiejQXIovrTGffE9AzeA9LcnMn7Y_1tKgSKRA,Gustavo Gonzalez,https://play-lh.googleusercontent.com/a-/AOh14Gjcx5EpbdDWAlWnQBoAy3yRe6wPIkRblS2EPrFWuw,Please update to use on note4,1,0,1.09,2014-11-03 07:29:45,,
gp:AOqpTOHg5IMErI0f601uPw9OaDvsA9O60JWUvFtid7rvLXZxZoDDsz8_wwADAoupSBRmHPJIjNXweltjoTrlag,Dave Caralivanos,https://play-lh.googleusercontent.com/a-/AOh14GhetMbvV-gERiaUrqj6jq5lDf141jLLn9IwMjJHdg,Great study aid!,5,0,1.09,2014-10-30 22:09:55,,
gp:AOqpTOGM2sH9WXCYd47pnmoHRovwsBHnYnpgUXKiHXcxzbGkH0yFk_2iG5Xp3zOaddrSJqBDK9Y10YPoYBRdsA,Hunnid C,https://play-lh.googleusercontent.com/-Rzm5_5JbE8k/AAAAAAAAAAI/AAAAAAAAAsI/AMZuucnb-IRRwKJyb-JBUX2RZjSoIE2yvA/photo.jpg,How can I grade my test,4,0,1.09,2014-10-14 05:14:47,,
gp:AOqpTOEP9oMa7kF3tXcLUTn3BTgvV0T8fgeEULkM9S9zEGMI6iHeqOBSzp4CFunVK-O80xxwE3EBbalF7xs8fA,Jose Mole,https://play-lh.googleusercontent.com/a-/AOh14GgN7Zq5OA8cf-WuSuezRDjvT2hdq32Jg_pnXtEs,"morons on engine lubrication for the same question you give two different answer, you can't save your progress, so you have to start from scratch every time you open the app",1,1,1.09,2014-09-30 09:02:27,,
gp:AOqpTOGwokhZSia4qupIG9Z5B5TcGuMFpeThv3ogOPaFiEFiDIwVIvoOCmQmFQXVKOi3C8BeAIo_Hzvd_ugszA,Moe Abd,https://play-lh.googleusercontent.com/--ZxopkC5PN0/AAAAAAAAAAI/AAAAAAAAAAA/AMZuucnEwj-OL9N3KKCfnEVSAyT98gNM2Q/photo.jpg,Can't retake missed question,1,0,1.09,2014-09-28 07:46:48,,
gp:AOqpTOHxh9gXENXuWa-tUnbeL7JM1o_rmObS2DrySwnQhgmfnpteQ-FMgKLNN0t5NVf8Gr_4jqbysdS1pQH5OA,Nicolas Torrens,https://play-lh.googleusercontent.com/-nb6nf_9rXsU/AAAAAAAAAAI/AAAAAAAAAhA/AMZuucknGrK6LfmSEH1X0_oC_OjRqykL7w/photo.jpg,"Please make an update that'll let us study reciprocating engine alone or turbine engine. Like the one on iTunes. The books we get don't have all the questions. I need this updated so that I can study for my exams, so, please.",4,4,1.09,2014-09-19 09:18:39,,
gp:AOqpTOExQO8Rd_2Fl-94W-UGSWz1t_QvXRoiA2rQ-vIaHQhXbRY3JK1nBgOBceWqNnAuIAd2MeNx43AMOL4IhA,Bryan Castillo,https://play-lh.googleusercontent.com/a-/AOh14GgM09P0pn0C04WD3Pg76NNEIcz6oIYPo7siC8AlUA,Should add recip only mode and turbine only mode please,5,0,1.09,2014-09-19 06:21:59,,
gp:AOqpTOFTpNfg72V7fbfWjGnWhfUnYpr4rOlorn60hN66g9S4uWCfG1fsnim1nhl_RlAdlWFv_nVEdKlCnI0Y6g,Wampsmania,https://play-lh.googleusercontent.com/a-/AOh14GhSNXi-hBYf1duuvFfHzcHem9-UFkGa9MhszlvptUo,The best in Aviation Software.,5,0,1.09,2014-09-01 16:39:32,,
gp:AOqpTOHfzUuqXH1kdPQ87mMF-elWsd1xSD8ZYQ6PQo08FwAV298_T0Y21az3-LsLq5R_VP-60Wepo-k0jqXjtg,JOSE MORENO,https://play-lh.googleusercontent.com/-CEN4xVN5IpY/AAAAAAAAAAI/AAAAAAAAAAA/AMZuucmaRJUHcoTeakWHVWhEbdhNaEm3qA/photo.jpg,Interesting,5,0,1.09,2014-08-26 07:52:53,,
gp:AOqpTOG-6TxK44cD6A0XZXBvzwiUS7IcBYcH5xnHykhgdYMTIbIsyLIpVBcKR5f3j3Cfg6Eg5WqtDCPQJ7oMZw,el Levi,https://play-lh.googleusercontent.com/-VqSIBQ88t8w/AAAAAAAAAAI/AAAAAAAAAAA/AMZuucmaUxmiwJaE1kh64aEzOhPnX1v7WA/photo.jpg,I got an 89 on the first try by using this to study.  It will close on Android if you get too many calls or texts during a practice test.,4,0,1.09,2014-05-12 10:51:21,,
gp:AOqpTOGHvjb1kvRMlserlJfD3zTptCECnz3ue-6FT5NkAxFtlcUUobjK4K6wt18TPo5ls4hEVTWwF8h5f_JkaA,Chris Propst,https://play-lh.googleusercontent.com/-IW4KVWhiudM/AAAAAAAAAAI/AAAAAAAAAAA/AMZuucmtCAyGetIGSeFSIz0RRzZoL9w9RQ/photo.jpg,Good stuff. Helped me pass my test,5,0,1.09,2014-04-23 15:54:26,,
gp:AOqpTOGlxPXwHxTI2m1B5pd3Zb1QXM0KF1pk-yYgc6KWMY77Pr-mnH3zng00Kf-qSiR-4d90JvCbkf8DfpofmQ,Greg Parker,https://play-lh.googleusercontent.com/a-/AOh14GjD1A1GbbMvlfWi8Jcv7uL7nfjeYyZd6yKTZK1kAA,My son using this one currently in Power plant Nice Job,5,0,1.09,2014-04-17 19:31:45,,
gp:AOqpTOHizODKiwhOJl5ESB5_Up1jNSMeuxGZv6JKipmTZTjYJOBRPs-H6G4ti--hZyv9zady2_UMfjTmPCKNFw,christopher rials,https://play-lh.googleusercontent.com/-Bc5NW-f_7cU/AAAAAAAAAAI/AAAAAAAAAAA/AMZuuckm3Xt2z9siSeNS-nfGN-i5UIcToA/photo.jpg,Amazing product....if your testing for an A&P its almost a must have.,5,1,1.09,2014-04-17 13:07:07,,
gp:AOqpTOE50yp3R8pW_lPSKVDQ8CnQxSTdUg8yXZvHnvz-KoOnHbbMqBFfylRxuCt8snO799Q6vWpZR7m2MBiMuw,Ricardo Gonzalez,https://play-lh.googleusercontent.com/a-/AOh14GgS-UG0r0Kyyq22oqX_rcGxLheYsJIpwfXpIjNMjg,I wish it had a mode to take mini quizzes of each unit instead of having only unit study mode or an exam of all units.,4,3,1.09,2014-03-28 04:41:38,,
gp:AOqpTOGKAhCZg0DW2l9t4M4R_JpPV1z7d-RsJNHLCSGtU-B8H5_oeNCyW6axeKouzSxlL8jt7fWhfJVlg2luSQ,Bradley C,https://play-lh.googleusercontent.com/a-/AOh14Gi2swUsxirS6RSw1KBgXb8Yu8zHvqWnkzgMuab2eQ,This study guide has the correct  material you need to pass your test. I scored a 89 first try!,5,0,1.08,2014-02-23 03:10:19,,
gp:AOqpTOHN4MlOrsLwN5wAvivsNAUwLW6fQwSG8out7vne25BEJBX52UwaNKB_AhNrV7-F3ps2t7-M6v3vxA6edQ,graham olson,https://play-lh.googleusercontent.com/-nkQ1mYErWuQ/AAAAAAAAAAI/AAAAAAAAAAA/AMZuuckItdBGxyC15IXN-ZW2e8iYjt6XEQ/photo.jpg,Worked for me,5,0,1.08,2014-01-28 08:49:49,,
gp:AOqpTOFkAH9Ko0eVLxJ6HtshmJobIMmOEnbB--DAqhTu3hs9PXiiqOhIF5iAQ0e3NwIeoGys_DjxFnhfnbRujw,Choppa47 D,https://play-lh.googleusercontent.com/-KqCWpYUMejk/AAAAAAAAAAI/AAAAAAAAAAA/AMZuuck0rjigYpEVAZxdZZt8Qp_amHCIkg/photo.jpg,Love it,5,0,1.08,2014-01-07 16:41:35,,
gp:AOqpTOGD-8dlQRXIWba7TxhIZNNWunGovv2gWyUrj9atj0JgwZ-jDVrFD7ep43Omu3SBn_gH7j86tjSaKXjGcw,RRISNER RISNER,https://play-lh.googleusercontent.com/-g4KQ5UMtmck/AAAAAAAAAAI/AAAAAAAAAAA/AMZuuclaxX97EWClIMU_izeWe90hT0_UfA/photo.jpg,Everything is here!,5,0,1.08,2013-12-26 12:33:20,,
lg:AOqpTOEwZuZuleJl8KVVjFdin0WcLwuirmLS4SoVkLRHjQ7I4D55PGCLEiXb87ZQ_QiEYsAnOvqkWtPM6vyVpg,A Google user,https://play-lh.googleusercontent.com/EGemoI2NTXmTsBVtJqk8jxF9rh8ApRWfsIMQSt2uE4OcpQqbFu7f7NbTK05lx80nuSijCz7sc3a277R67g,Would be the best if you could see results after taking the test!,4,0,,2013-11-14 12:28:12,,
gp:AOqpTOFeApM5kO7sGRNeOZdcThYZCOU2JKxPAkCzfPLm8Trr49-kvX2R_pxDxnkbWBSUo5oNI9sicZMwsEwJ3Q,Michael Harrison,https://play-lh.googleusercontent.com/-_t0tzSY4DQo/AAAAAAAAAAI/AAAAAAAAAAA/AMZuucnBfcLHdijQ1iUCoNbAcVd7bxBNYg/photo.jpg,Grate way to study for my final exam. Totally recommend this!!!,5,0,1.07,2013-10-23 09:13:33,,
gp:AOqpTOH5Z3CiM-goTjer9jX625P-YIJcgFCJ2mZPTTi4FsXQfxyiFx36qHOPB-r3I9D6r8_VSoZ8Xd2QA_aJ7w,Honky Kong,https://play-lh.googleusercontent.com/a-/AOh14Ggxo7_QaSuOeFQ2frYrQHbT_8uWNRr_xDEaR7gxmiU,Great app but need to be able to save missed or  problem questions to study them better.,4,1,1.07,2013-10-22 19:54:31,,
gp:AOqpTOGzUajsYUhwwTCEqV77uk17mBnmQk5VDUC5_raKqMuh4w59XAurBiu0XrzqMbU4KhPW7NeLNFC_5mR6Og,James White,https://play-lh.googleusercontent.com/a-/AOh14GjTnlW80CkVCQJRaLV3SEud_-4udX3Cy1yMFx18xAg,"It's the same info you get with any other prepware product, but the UI leaves much to be desired. Also, a Chrome app would be a big plus.",3,0,1.07,2013-10-22 10:10:51,,
gp:AOqpTOFlMz1IGosLE4Y2v21RMsmZb-IyR5Rr7O5890CgYONpX4bd7aFrVix28TCEp7h2pPgNIhHwfxE6jmsNfA,Bruno,https://play-lh.googleusercontent.com/a-/AOh14GgUnoqzztDymtSt_fzsPU1q0_2C_G7Mh_nkIgrrOw,"The app is relevant and questions on study and test part are helpful and complete. Explanations are well done, but  It could be better. It could be more appealing, maybe add some colors or sounds or graphics. Study mode should have more features. Maybe able to select multiple sections to study at a time? A quiz maker or jumble answers? So much room for improvement. For the price, could be better.    The best of this app is the fact that it is mobile and you can take it anywhere to study.",3,0,1.07,2013-09-19 04:59:32,,
gp:AOqpTOHEtz_bSrFX8YNP4HydIgCgNvLl9cs7UQYv_l2MPf7qUoPKXGET7tIiCrf75w0_7BVGKw1AKzfaw46fXw,Josue Saavedra,https://play-lh.googleusercontent.com/a-/AOh14Gia6vSq9hfW2CeLYHYeXRPaqBytFaPLgTHsojpg5w,Awesome,5,0,1.06,2013-04-28 17:50:35,,
gp:AOqpTOGBIOivxQ0VKfV4kOAn9HLMGBgRME48bI3yRojkSw6BXYwWG05cVEROWSrMOuJ7Zs0agUhyANCJk5EkVg,Chef Todd Ramsey,https://play-lh.googleusercontent.com/a-/AOh14Gjxi4Kc2AN2qMYqwP_Mp0K0Ai5l3MOAGfy97rh0,Fantastic!,5,0,,2013-03-02 10:13:40,,
gp:AOqpTOHY80upbASu0k82E0cPKorza9i6AWxydo-fhIsCapCuX4SFTjMUsiS-N_o5tuy2R7xFQHOFXHu17i8WMg,Jesse Brown,https://play-lh.googleusercontent.com/a-/AOh14GhlfDWjeFoxNCMvlIVz23PByWyq6jb9L2QFAPAVdA,"I have seen good and bad reviews on this prepare. These are all great, but study everything. You shouldn't base your A&P knowledge on just these alone. If you are your going to become a licensed mechanic through these. . . Let me now what flight you work on so I can change the flight I take. Great study tool.",4,0,1.04,2013-01-28 16:38:27,,
gp:AOqpTOH9RtspqDNmSy8JbmJkB9vaRktQObI41R6lp-kWlDImhkxNp7YEKGZZwLU01ygmws6GQPDWaB1M7CmifA,Nickolas Sargent,https://play-lh.googleusercontent.com/a-/AOh14GguKpXWM6V6W3IrwilEkFNyJfFLUavO1S4J8UkBNA,"If you are in a part 147 school or preparing to take your a&p after getting all your shop hours there is no way to better prepare for the written tests! This is the exact same prep-ware that is most likely on all the computers at your school and if you don't have a computer or if your school doesn't load it too your personal computer for free this is massively cheaper, and you can study on the go!!!!",5,0,,2013-01-08 04:44:28,,
gp:AOqpTOFyqkOIBRzuCYB0Fhd5tHBhijQicQfWEobT7wz1JKebZ21JY_uw9uy8I05RN9tC7Z6NaMJTm5y9H11U2g,Leon Hogan,https://play-lh.googleusercontent.com/a-/AOh14GiXpqpYYwQoZen6Yedzf0KSCCBZIlHZ25YOx4B4_A,"Does what its supposed to, looks outdated and ugly in the process. Not many features and not updated.",3,0,,2013-01-06 17:45:59,,
lg:AOqpTOGvUwvNEWMp33h_NkdASLP3Vzom1fB4oMwwLna16KsTB4Gk786Q65UyNbusLaMFFH5MUsO-ISLTvz-I4A,A Google user,https://play-lh.googleusercontent.com/EGemoI2NTXmTsBVtJqk8jxF9rh8ApRWfsIMQSt2uE4OcpQqbFu7f7NbTK05lx80nuSijCz7sc3a277R67g,"Good app besides the fact that it forecloses on me often. I guess the good part 147 school that Charles went to didn't mention that 10% of questions are withheld from EVERYBODY. So 7 questions you haven't seem out of a hundred is actually pretty good, just took my written tests and didn't score lower than a 94 on any of them using this app as well as the computer...great app",4,0,1.03,2012-10-30 19:38:35,,
lg:AOqpTOEgcOehaHxBV4PXzFaExtj8uxp_PAptM3WU4JblA4O5PNEDC0HwtdRrGhOXQx9Qqi3qXHAW68-slt1QZQ,A Google user,https://play-lh.googleusercontent.com/EGemoI2NTXmTsBVtJqk8jxF9rh8ApRWfsIMQSt2uE4OcpQqbFu7f7NbTK05lx80nuSijCz7sc3a277R67g,"Uh huh thats the way, I like It",5,0,,2012-10-30 09:11:21,,
lg:AOqpTOFqKMVLRuo7KBl6lUeGkt6VCThVkk20fXjGbg8gtUJekj5OBaebfKeU8hQ7aZ-6Lz6bXesSnKbMZbdegw,A Google user,https://play-lh.googleusercontent.com/EGemoI2NTXmTsBVtJqk8jxF9rh8ApRWfsIMQSt2uE4OcpQqbFu7f7NbTK05lx80nuSijCz7sc3a277R67g,Now I can study for my tests anywhere!,5,0,1.03,2012-10-26 14:06:20,,
lg:AOqpTOGVWQAL1ltqXuIRxOQorjItnqyWrnDFKO3_V9QLORykSC-tbWAqCI9ZSj9k7dQPjVTKwGhJRMJaY8Ya-w,A Google user,https://play-lh.googleusercontent.com/EGemoI2NTXmTsBVtJqk8jxF9rh8ApRWfsIMQSt2uE4OcpQqbFu7f7NbTK05lx80nuSijCz7sc3a277R67g,"This is the worst of the three apps. I know i maybe anal and oddly complaining about 96% but here are my reasons. ASA is not being public about the fact that they have no clue on the FAA updates. These tests are CLOSED and are no longer public knowledge, so your basically on your own when it comes time to test. My intent here is to let everyone know so your not supprised. I encountered 7 new never seen questions on my 101 question test (yes some are more than 100 questions) so thats a 7% miss by prepware.  there maybe possibly more, since i got 7 new ques out of 101  what is the real number of new questions in the entire 1000 question bank, 70 new questions? on all 3 tests i figure I came across a total of 15 new questions.I went to a good 147 school and some of these new faa  ques were stupid and worthless to memorize,so now we have to memorize the faa-8083s and such,wow stupid. I called ASA and talked to their update guy and he pretty much agreed the tests are now a mystery. I could score 100 on my prepware all day long but when I was never told these are somewhat outdated questions.all this said  this "" IS""  a bargain at 5 bucks and you will get a passing score with these apps",3,1,1.03,2012-08-09 18:10:25,,
lg:AOqpTOE_kkpA8-8Ffq9DxLobafXcU7Dgj36998UJUAFwhQ9wo4k8ptMgfZJsEVjfgJ4WhNXeKq3_4DE1VTI6ww,A Google user,https://play-lh.googleusercontent.com/EGemoI2NTXmTsBVtJqk8jxF9rh8ApRWfsIMQSt2uE4OcpQqbFu7f7NbTK05lx80nuSijCz7sc3a277R67g,This is great. Helped me through every unit from drawings to sheet metal to turbines.,5,0,1.03,2012-07-19 18:51:43,,
lg:AOqpTOEgWyjAqNNNLTRcjbFSCHxCFu4AhjyepA1PQ9AXGIs_dgS5EJLadpfTt-0ebSbjh76MeUiW-9G59zaDdQ,A Google user,https://play-lh.googleusercontent.com/EGemoI2NTXmTsBVtJqk8jxF9rh8ApRWfsIMQSt2uE4OcpQqbFu7f7NbTK05lx80nuSijCz7sc3a277R67g,App is awesome. Helped alot with studying. Just wish there was a way to look at missed questions. Jepson book is wrong. These questions are write. Extensive research proved it.,4,0,1.02,2012-07-10 09:55:35,,
lg:AOqpTOFMY2cxmMwOYUUyELcv3CfxZDxL0OKVFcO1CLvxKk2H0mXXbGNrH1IdiAvF6i_bEXoqWcUZaUXWb3cCUw,A Google user,https://play-lh.googleusercontent.com/EGemoI2NTXmTsBVtJqk8jxF9rh8ApRWfsIMQSt2uE4OcpQqbFu7f7NbTK05lx80nuSijCz7sc3a277R67g,Awsome,5,0,,2012-07-10 03:49:53,,
lg:AOqpTOFQDwrGuSLjGaQEDIsCEFCDnmftOqfoetn2wR6LH2G1LNv9kCBk7VLhUeVWqd_MgpwElFAsCU-mAiCNQw,A Google user,https://play-lh.googleusercontent.com/EGemoI2NTXmTsBVtJqk8jxF9rh8ApRWfsIMQSt2uE4OcpQqbFu7f7NbTK05lx80nuSijCz7sc3a277R67g,"Passed my test with ease. A very hepful aide when u dont have books or computer access to study with. A little extra help never hurts. Price is a little steep, but $5 isnt much when u concider the prize when u pass. Thanks dev...",5,0,1.02,2012-06-15 08:57:22,,
lg:AOqpTOGH-kmzEFPvpYDdmyBERzVpU40p0uctZ6Kz6ZmwsRCwfbBNRFiLGMAZz91heAUOT2yQtVLA2K2i_9ISxg,A Google user,https://play-lh.googleusercontent.com/EGemoI2NTXmTsBVtJqk8jxF9rh8ApRWfsIMQSt2uE4OcpQqbFu7f7NbTK05lx80nuSijCz7sc3a277R67g,Please include an option to save progress and fix fc on resume. Otherwise 5 stars.,3,0,1.02,2012-05-08 17:02:15,,
lg:AOqpTOHnuRAhOhsSar7HEQydtLVQVuCe8GQWHPd1Kpg-Ucid1lPLXLWRFgBcDQA_mzArv9E8uLHMwX8VK-X7Eg,A Google user,https://play-lh.googleusercontent.com/EGemoI2NTXmTsBVtJqk8jxF9rh8ApRWfsIMQSt2uE4OcpQqbFu7f7NbTK05lx80nuSijCz7sc3a277R67g,Great way to test yourself on the go.,5,0,1.02,2012-04-02 21:15:33,,
lg:AOqpTOGByEvx5w6PjN0p1PtM0Ub1CyWdnpUFPvdyAXOXsWQ-xxguiIL7DMV4Bp9gPermKKb6SeYRaGHb_Vx1ww,A Google user,https://play-lh.googleusercontent.com/EGemoI2NTXmTsBVtJqk8jxF9rh8ApRWfsIMQSt2uE4OcpQqbFu7f7NbTK05lx80nuSijCz7sc3a277R67g,Got a 91 on my screening exam...WRITTEN HERE I COME :D,5,0,1.02,2012-03-31 14:59:16,,
lg:AOqpTOHMqxI6jIr42YCBlvhi91x2e1wMDnVYiS7wKdr-gkcj9A33H0BiTLVIaK4VZl7FiQ0L11E_Xy0BFcArzA,A Google user,https://play-lh.googleusercontent.com/EGemoI2NTXmTsBVtJqk8jxF9rh8ApRWfsIMQSt2uE4OcpQqbFu7f7NbTK05lx80nuSijCz7sc3a277R67g,Helped me get a 91 on the test,5,0,1.02,2012-03-30 10:06:14,,
lg:AOqpTOH-mVCwRnsRJGhDKS3_wl9XWeQmIMYG80f5YVUqNIvcNZP5YTzicasfK2EJVmS8ZPCHrhjLrVwFN8bPPg,A Google user,https://play-lh.googleusercontent.com/EGemoI2NTXmTsBVtJqk8jxF9rh8ApRWfsIMQSt2uE4OcpQqbFu7f7NbTK05lx80nuSijCz7sc3a277R67g,Heck Yeah!,5,0,1.02,2012-03-26 07:53:08,,
lg:AOqpTOFfpb9hGdZzAjpuCSHo1nKQ1WKgSXq9z8RxmqoBNT8A9M3muLp-Ns45RPQdX3D4O-p-zm9S4J2v9XwMyA,A Google user,https://play-lh.googleusercontent.com/EGemoI2NTXmTsBVtJqk8jxF9rh8ApRWfsIMQSt2uE4OcpQqbFu7f7NbTK05lx80nuSijCz7sc3a277R67g,"I am satisfied with the app,however there is no option to select turbine or reciprocating engine questions.",4,1,1.02,2012-02-29 11:17:48,,
lg:AOqpTOFNq0ziRNDv-gUVcuHcwaubF0_ICkPmoQz_XN_nA1AFZMcYTpBQLmyOXofEygy_n_vD2N_vaFSNyBaiTw,A Google user,https://play-lh.googleusercontent.com/EGemoI2NTXmTsBVtJqk8jxF9rh8ApRWfsIMQSt2uE4OcpQqbFu7f7NbTK05lx80nuSijCz7sc3a277R67g,"highly recommended! just what I need. concerning not being able to continue after exit & restart, click your back button at the ""powerplant"" start up screen, it takes me to the last question I was on. -Galaxy S2",5,1,1.02,2012-02-27 18:24:08,,
lg:AOqpTOGh_FeFN7W1Oc22EN9a5cWdjZxKNkFeSryyEtlRDK3AzT5GVYXHdrFLp0FkqwL1VET1X1jvLQGGWnoRtg,A Google user,https://play-lh.googleusercontent.com/EGemoI2NTXmTsBVtJqk8jxF9rh8ApRWfsIMQSt2uE4OcpQqbFu7f7NbTK05lx80nuSijCz7sc3a277R67g,If exit app... N return to it ... Study questions gone...,4,0,1.02,2012-02-09 04:33:50,,
lg:AOqpTOF5sRewkTj6tCnLogwMYUGGFohsJbanwkxCUvbayNrHnsXSX-1QIr6u_HJvcZGj9ViC3sP_5k3rCWRn9w,A Google user,https://play-lh.googleusercontent.com/EGemoI2NTXmTsBVtJqk8jxF9rh8ApRWfsIMQSt2uE4OcpQqbFu7f7NbTK05lx80nuSijCz7sc3a277R67g,Use this if your busy and you want to pass,5,0,1.02,2012-01-22 16:43:59,,
lg:AOqpTOE8OEleVj2YjdUi-_6kkEuDMy6mz8c5L6_WRC05ICbELB1kTPGfdIDNGTDqvwmSikDXmALyhVuRZl1fvQ,A Google user,https://play-lh.googleusercontent.com/EGemoI2NTXmTsBVtJqk8jxF9rh8ApRWfsIMQSt2uE4OcpQqbFu7f7NbTK05lx80nuSijCz7sc3a277R67g,This by far the best study app for the price! I would highly recommend this to anyone studying to be an A&P.,5,0,,2012-01-18 14:36:45,,
lg:AOqpTOEPsl2BTC8fFsbK0RYdMhKQD6fW631lEjzgPIzIXZefaZQw-G-qNwmidU7z-8dXfH3l1erEp08BGtVRCw,A Google user,https://play-lh.googleusercontent.com/EGemoI2NTXmTsBVtJqk8jxF9rh8ApRWfsIMQSt2uE4OcpQqbFu7f7NbTK05lx80nuSijCz7sc3a277R67g,Some of the answers are incorrect based off the Jeppessen test guide. Pls fix.,3,0,1.01,2012-01-08 18:08:49,,
lg:AOqpTOH36mTvnyN-iz-MLakcr-emAu2z8jttykxEFm8wB2vtWvj9wACFLvJ12ffB_ar_iFDScwKarPRzs7INjA,A Google user,https://play-lh.googleusercontent.com/EGemoI2NTXmTsBVtJqk8jxF9rh8ApRWfsIMQSt2uE4OcpQqbFu7f7NbTK05lx80nuSijCz7sc3a277R67g,Easier than dragging my study guide everywhere.,5,0,1.01,2011-11-03 08:14:08,,
lg:AOqpTOH9PKRQ31LNwvMba2SSO5yRYhr8CGGXawhnDI0TeOMmbdygrJQwQsZWVKAfFaY13IJZ7uvOOoqcuZhaYg,A Google user,https://play-lh.googleusercontent.com/EGemoI2NTXmTsBVtJqk8jxF9rh8ApRWfsIMQSt2uE4OcpQqbFu7f7NbTK05lx80nuSijCz7sc3a277R67g,The way to study.,5,0,1.01,2011-09-23 13:30:52,,
lg:AOqpTOGaWFKwOaM89CHbt1t0U4XcbCTJuCN50tvbem8ZEIhnQtJKooroM_JoA8iqTUvnFfAdH2CGwutt2hSI3A,A Google user,https://play-lh.googleusercontent.com/EGemoI2NTXmTsBVtJqk8jxF9rh8ApRWfsIMQSt2uE4OcpQqbFu7f7NbTK05lx80nuSijCz7sc3a277R67g,"We need to be able to choose multiple categories to put together to study from and also the question #'s r unavailable, I need to mark which ones miss",4,1,1.01,2011-08-30 05:57:20,,
lg:AOqpTOG4PqFjW6Jy5hkjWDGqBiZ0LqO4FcS_lsCmxI--jg6mcvPN0UUD2FafCnKYIJ_eLxwGQfULfORTT9OWSw,A Google user,https://play-lh.googleusercontent.com/EGemoI2NTXmTsBVtJqk8jxF9rh8ApRWfsIMQSt2uE4OcpQqbFu7f7NbTK05lx80nuSijCz7sc3a277R67g,Great app!!! Sure wish I had it for my general and airframe because its been nice studying practically anywhere for my powerplant,5,1,1.01,2011-07-28 15:59:39,,
lg:AOqpTOHIUr_B_x_kB5rvyIY18cz7o_StTTGpHlmilmtdLCtUIPP_Pv8ouUGvAMxoWFq6Yxuk_MsnI1hlrVHM-A,A Google user,https://play-lh.googleusercontent.com/EGemoI2NTXmTsBVtJqk8jxF9rh8ApRWfsIMQSt2uE4OcpQqbFu7f7NbTK05lx80nuSijCz7sc3a277R67g,Nice but. Wrds a little to small to read.,4,0,1.0,2011-05-10 16:12:40,,
lg:AOqpTOHfIjGT6qv2rXQD7nwkCfUIMWhtEyz2J7eSxrrSQVLkCooWUPRLcwttK0kY9Yt1SZYNoyMURSnlTMcOLw,A Google user,https://play-lh.googleusercontent.com/EGemoI2NTXmTsBVtJqk8jxF9rh8ApRWfsIMQSt2uE4OcpQqbFu7f7NbTK05lx80nuSijCz7sc3a277R67g,It's so freakin simple ...now I don't have to carry the 8080s text book where ever I go/ log in at school I love this app already....HTC evo,5,1,1.0,2011-05-09 13:00:05,,
lg:AOqpTOHP1Ba4rZjQK7wMNhs_UnXYSvqRK50ZxrJIipzgNVPyR32w5KAcx70QrhWh9bIbkcoZPf5B8J6Vc8D0cg,A Google user,https://play-lh.googleusercontent.com/EGemoI2NTXmTsBVtJqk8jxF9rh8ApRWfsIMQSt2uE4OcpQqbFu7f7NbTK05lx80nuSijCz7sc3a277R67g,Great apps but it should be a different color gets tricky with powerplant and general both being blue.,5,0,1.0,2011-05-03 19:18:27,,
