reviewId,userName,userImage,content,score,thumbsUpCount,reviewCreatedVersion,at,replyContent,repliedAt
gp:AOqpTOG9fsVUqzvJsojAdrxQjtdgXUdRG6-ItuqsKsocTcTu6X7IBAZLSgzopi1v6VxGFyNgwr2_MBo2cglbdQ,Roger Dill,https://play-lh.googleusercontent.com/a-/AOh14GhodCiaEIjG53gDRaIBW3cz6L7yul9MtzIjiTVBbg,"The app doesn't do anything except direct you to buy the pro version. I bought it and couldn't get it to work so i tried contacting support through the app. Then, a screen came up in a foreign language. I stopped there, it was getting more than my patience would allow. Dont buy !!!",1,24,3.4,2020-07-16 20:12:31,,
gp:AOqpTOGsQjtkvIun8_SpcIQJldqo62j83K0sQa-4vzuA5J_p2ZWcWFDkDwY_PHrCm4KyPQ2Jo2_2ZzLUE6ONyg,Juan Cadena,https://play-lh.googleusercontent.com/-X_diNmhTgGk/AAAAAAAAAAI/AAAAAAAAAAA/AMZuucmDjhcQkOvCj5khhvAE-RyQCjt-uA/photo.jpg,"License check failed. I often travel in China, and because this app requires constant license checks it means I must always make sure I am either connected to the internet or I have VPN available which is inconvenient. Sometimes, I just want to transfer files from my laptop to phone but can't, because of the license check issue. March 28th 2020 update This software still sucks. I tried using it, but now it doesn't even see either my pc or my iPad. I have three devices and none see each other.",1,39,3.4,2020-03-28 09:03:01,,
gp:AOqpTOENMuPjmWNbsnASJvFmkgA9xjvDIptiJGJrFoTQk1xcT55wtcixE3PyZN3KDQr38MH6XgqhLSrEYH73vA,peter miller,https://play-lh.googleusercontent.com/-7RnFouWz_mY/AAAAAAAAAAI/AAAAAAAAAAA/AMZuucn12__XVS4nb6lMceCI9i7EmYFhVA/photo.jpg,Doesn't work any better than the free one waste of money,1,1,3.4,2019-12-28 11:36:28,,
gp:AOqpTOGfkrn2CqKhvjjnVfdMOh-6vq-FcQlkRAIABz8hZ1Z9z9VDrPm10nqgQllzojawNRu4y8sv_Cwu4aeFAg,Carola Bio Coach,https://play-lh.googleusercontent.com/a-/AOh14Gi1XmRTcfgb3byuY6jA4duTjiWWE8fI3L7mK6dbkw,Horrible. I could transfer muy data,1,0,3.3,2019-09-20 19:08:20,,
gp:AOqpTOF2bkf2AyYy24tj8fWa3hpcwo5r2ZDYp-k5i834wOysGDmePdyWwaKmFRfSQ4QgZB47rhHRVcXzLalPrQ,Tom Person,https://play-lh.googleusercontent.com/-kAmlA3LnjpA/AAAAAAAAAAI/AAAAAAAAAAA/AMZuuclAv1ZNBcubyMtHGBD2H9k2BuOTFA/photo.jpg,"Well if you enjoy having your rectum scrapped out by wool brushes then this 1.99 expenditure is for you. There is absolutely no instructions on ""how to"". It starts and then if you try to delete something forget it. Not allowed on the chromebook either. The program gives you no status of how long you have to go or any status come to think of it. Imagine a cow looking at a new fence post and what he is thinking.",1,15,3.3,2019-08-31 17:47:00,,
gp:AOqpTOHVgJWkTxD7r754Qr9qu0L962ckCpvXmsiIdxO0vv2wkWwTDURdF3uec3-HRHeEYQTI_oY445lKw53cPA,Morgan Powell,https://play-lh.googleusercontent.com/a-/AOh14GjbsFexXP_hnXxkA3-UP0E9RGwiW4q6Yv2KWtisvg,great,5,1,,2019-07-31 14:41:31,,
gp:AOqpTOGrrzzZkNgo0YyOvSxyT-gQBWYi1l6es5xerofy3gU6BtTyYhMSl0JYm9sj6YlsaYQB75pJAgwol_fhAA,Collin Murray,https://play-lh.googleusercontent.com/a-/AOh14GhV2jQZ2BWbj6iPgljPRAC-z5wjpkQCltuofiVFtw,"I'm using this app to copy files from an Android phone to an iPhone over WiFi. It lacks the ability to sort or filter files, and has no image thumbnails. If a failure happens while copying files, the entire transfer fails. There is no opportunity to skip or overwrite failed files, even if the reason is that the file already exists. As a result of these shortcomings, the app is frustrating to use.",2,41,3.2,2019-07-28 13:56:07,,
gp:AOqpTOEtoZ2g6Oq3qhL-WtqYcdOU0zHRO0eq9EfVp6Y12Z5yslvCmKNbZEhXGQQ9Onr_26R7y99Ei_vHhp3I2g,Jamie Lord-Fair,https://play-lh.googleusercontent.com/a-/AOh14GjJaB66uVfwEbAjyaqzHdk1LUr7gWNEqYQDp-sXWw,Works like a charm. Super easy to use!,5,2,3.2,2019-07-10 15:03:53,,
gp:AOqpTOEdJUnk0TUWZjK2MD3MNExAV0QwjGGw5oRouFH71AaBL7atx-2QcFKEd7A7-lgeo06lN1yg8bEFCOvG7g,Steven R Eubanks,https://play-lh.googleusercontent.com/a-/AOh14GgwGm8p5SY-Ft10tlObSHpwmkHeEE40bwkBc2UcDg,it dont work at all.,1,3,,2019-06-29 21:07:32,,
gp:AOqpTOHn5eUvWjcCJZZx8TKjRIFhV_2Xn_YD4nP7LVGOENYHAsL5x0Q4KCqIesRNTe7hA2iMwPZEFeTU1SHplA,Voradeth Phonekeo,https://play-lh.googleusercontent.com/-5QmaOLYTrOY/AAAAAAAAAAI/AAAAAAAAAAA/AMZuucnXqOdb6EeqmLrgdyh00NglUrr6HA/photo.jpg,cannot make it works. Unistalled it 20 min later but and it does not refund . Too bad,1,4,3.2,2019-06-21 20:13:37,,
gp:AOqpTOElv2bJVu0Tk2DGRSENpd2BCC5mbX-VQ1oydGqZ7fs7zoa9vOnbpVnfre1tX021R8Q42W04ZDRkRbUZAg,Michael Blesi,https://play-lh.googleusercontent.com/a-/AOh14GgeCl7nX53C9YfaWxvBszqBnOZf5XUwiKmiDbB6,never able to get it to transfer files bigger than 5mb. it won't let you install pro on two devices. useless app.,1,13,3.2,2019-04-13 16:48:56,,
gp:AOqpTOGXwx7oiMC_XxIGnUSNZfzP9of7jF_0aC5hJPW1xHhNvodHVnE_JBaA6QhfzvrG55kOfdBFZ11VLcl6EA,Soilo Mas Bello,https://play-lh.googleusercontent.com/-KPZsaYF2b08/AAAAAAAAAAI/AAAAAAAAAAA/AMZuucml2seU3iBkCRvnflpALv2FXByaGA/photo.jpg,Waste of time just trying to get a couple of bucks.,1,5,,2019-04-11 10:28:06,,
gp:AOqpTOGTfYQ938X3tfoSE33Xn7l83t5PeJlBp1NqYO1Sgia16MAnWp3K37PFAl4famXMUACAGH53NJOeD_9HJg,chrisademy adesina,https://play-lh.googleusercontent.com/a-/AOh14GjNlR5NcX4zJvGWL7FxGNelQGpRQiznX8hd9u-CLQ,great,5,2,3.2,2019-03-20 16:38:52,,
gp:AOqpTOHYzCq3GN9lC0elWI3uqP-frnuuh6khlH2cm3OE8C5fpTwGcS3fu78E3Jap4rFzeeY0LSWWyqb8PmGxqA,Rodney Rogers,https://play-lh.googleusercontent.com/a-/AOh14GgAB3KD3rA84H6mCxL-Ri6rIRN1-pNL7glCVTuzTA,didn't work,1,3,,2019-03-19 18:44:24,,
gp:AOqpTOGRmTRYf4GpwivjF-HkgYNLKKBZnuLrhz7hGT-z8J0mbfiYt_asxc7OKEXv-5gM6lkuFd_o9UmGK5F3QA,Maximo Chao,https://play-lh.googleusercontent.com/a-/AOh14GhTUQ0frqFQZS5_rN6TwD-BV_gTFel9CkegSb_NGA,doesn't work,1,2,,2019-03-16 14:27:57,,
gp:AOqpTOEjolsnCdeBWlcWsXEBvvzI5ToZquGz65e9Z8NyqONNblS5Bgj4ioVsMYcIjkOV-dArgWUOyHVxK_JweA,Marco Ronchese,https://play-lh.googleusercontent.com/a-/AOh14Gii-PT6scqyf1KtRl8k6O3lTPH1Mn5-Ula2Jo1x,DO NOT WASTE YOUR TIME OR MONEY!,1,5,,2019-03-11 09:00:14,,
gp:AOqpTOFFCcfPMEs3uVHX19hFPej_bvbq8NUgY4NhWzmkd8fW9WE0PK596if7ne1_-703ilPeDpi_ne0J6HvX-g,Clarrie Mawhinney,https://play-lh.googleusercontent.com/a-/AOh14GhlnEjIHl8VbWieBGRQNf8G98gWLZ6eTntiPoXhOA,great app,3,3,3.2,2019-02-17 14:43:24,,
gp:AOqpTOEnBGq0anGoefBNiM52c2KviES-RWXR7EO9Y2w1gxxFrQHpuG6sqjl5arxclilrTjt2vjTMqOVwdj7n5g,Andreas Lassak,https://play-lh.googleusercontent.com/a-/AOh14GhDmwvY3iNq3qwdo_FqjYZN8bNKEOY22ZbjCQIHzw,"It work's perfectly :)) I can send an receive files between macbook an android just like original airdrop :). But you need to pay for it. Free is only transfer from phone. For macbook, you need to buy separate app.",5,36,3.2,2018-12-12 16:35:11,,
gp:AOqpTOFZ9FMRBhUrSsLG1N-EcZXoD3VEH_iktfggmGoBxlh0mrsJQG5mN15OCpaFup7QRy1H-Du_ZD_BhVCB0g,Hcklbery,https://play-lh.googleusercontent.com/a-/AOh14GjlWwj9ZDHk_drb_2glH0eYi36DwljaFWTlQCOh8A,A gimmick. Pure and Simple.,1,3,,2018-09-14 20:39:28,,
gp:AOqpTOGadhB_9EPkIsaDMz7ikmjdUER7VNZK3YLBYpNghf5gtIFqrIGURCzg2yOJANYJUWTaD2rDeoriUiLJbQ,Mon. Player,https://play-lh.googleusercontent.com/-qsYZhtxpA2k/AAAAAAAAAAI/AAAAAAAAAAA/AMZuucm0oPcs4bYYLG2xYzYzFfTpFQaDUA/photo.jpg,"It stinks. I've used it successfully for couple of years, but now I can't 
get it to work. I've read the ""support page"" which is written for file 
storage, but not file transfers. There was no other help or phone number 
nor email support.",1,1,3.1,2018-08-08 14:47:10,,
gp:AOqpTOG_Giwy__tFNqtmEIwZxXcJjRcOoBwaomswH7HYsN4TJDx3ZFujZq3yJeUcyVklzmy_9IdpFJPu2W1P9g,El_Shonatan,https://play-lh.googleusercontent.com/a-/AOh14Gj16G4619odr6rzGouPFRZG7ksSL4mdkNVJOTwCog,Transfer files very fast,5,1,3.1,2018-06-10 12:49:45,,
gp:AOqpTOFClFE_Qzt384b82ltxasGGZ_wg5EDP-o82u9TfCO2AIvO-GoSgizHCc9ua03vRdYnjaqspfSDj9MyTJw,Janet Blake,https://play-lh.googleusercontent.com/a-/AOh14Ghz45NpNe9KaR9sLfPr9Ge2HSS3w0Np6XRRO61UcA,"super fast transfers. I need to place audiobook files in certain directories on my android from a mac, and this works well.",4,0,3.1,2018-06-03 13:20:15,,
gp:AOqpTOGXA4Nrc47TGsAjHf2SRfC3bSH9snOQSsWY2M9oiNMCJkoSoipjmqrFDnz_hL6NJCFPK9M3_rqJoRo6TA,Ivars Bezdechi,https://play-lh.googleusercontent.com/-vIhjuNJY-KI/AAAAAAAAAAI/AAAAAAAAAAA/AMZuuckOqdripMe_qWND3OWfnWzE8LAopg/photo.jpg,"Don't get sucked into the pretty pictures of the app's interface. THE 
SIMPLE technical support for this app is NONEXISTENT. Extremely 
disappointing.",1,2,3.1,2018-05-07 01:59:33,,
gp:AOqpTOFsS8wDa2P26-3OgZY-UFsbJjj1XUVryS8wChh7GQRQd__yW3o9Kl2OWR560s8kcv1qjMqaFJrGZu7nmQ,Colin Curran,https://play-lh.googleusercontent.com/-pzYiMm2wp8g/AAAAAAAAAAI/AAAAAAAAAAA/AMZuuckh19Ae9ppC7TduQYYCyWhsrr1G8A/photo.jpg,"I used this app to transfer the contents of a 200gig memory card over my 
wifi network from a Samsung tablet to an nvidia shield pro media server 
hard drive. The music folder on the card was nearly 100gig on its own, and 
I have been trying to copy the files by a variety of different ways none of 
which could handle the file sizes. This app did the lot in one go in less 
than five hours. That's the upside tho cause the app is NOT very user 
friendly and comes with no instructions worth talking about. It is intended 
for the technically inclined which is really a shame cause if you know what 
you are doing it does exactly what it doesn't say on the tin. A very useful 
tool none the less though .",4,0,3.1,2018-05-03 09:33:27,,
gp:AOqpTOHveIdXCjAaX7cYVc4Yw-4HQHIalsA3mlS3CugOZdiwW9vIKn2XE7YJC0IqA0-s7UFLDUyyz7ZrrTp3gg,Michael Benson,https://play-lh.googleusercontent.com/a-/AOh14Gi_IINM4MjZUTtjWZpPBlcDzgMwTOa75k1Z4-ju0u8,Simply doesn't work on Samsung note 8,1,0,3.1,2018-03-22 16:53:35,,
gp:AOqpTOHOPq7cZnTwS09nyhRdc7FhSRPRymN2ZHllztHsNEsrttAgfavOUnRNVJIRlCXFrF6zuEXvo6QfZrg2Dg,Reza Sadr,https://play-lh.googleusercontent.com/a-/AOh14GikX9PLr7BY1bmn_-CiNNt9oEXt1JcuLpnUilL5dw,"I searched for an android file transfer app and found the free version of this app.  When tried to use that,  it requested that i buy the pro version.  I did,  but it did not work.",1,2,3.1,2018-01-06 18:59:50,,
gp:AOqpTOF4Np-FFg7UtZHRz1EHjhKDg-715qDVHIDYvdjSCvn0XPB_yjIp65SB3iulyCBXDw9FU0qlxEEQ7wCdTQ,Indi,https://play-lh.googleusercontent.com/a-/AOh14GgBSFbhTOhss-AbUb_bFviC9GMEnNXXaIy7injIuQ,"The app is good over all but aggressive with its license on android (not ios), making it virtually unusable unless the Internet works flawlessly, not WiFi, the Internet, meaning you can't use a router when the phone lines are down, or a portable router with no reception, or anything like that it kinda ruins the whole app. Separately, I'd read on another site that this app had the option of utilising Bluetooth (not present)and local networks between devices (unless stable Internet connection is present perhaps). This error does not occur on the ios version, so this is disappointingly limited to android, its simple, give a 24 hour license check if you want, but an incessant warning will not leave you alone for more than a second is so aggravating (it is however, still possible to use the app if you click what you want in the split second before it reappears).",2,2,3.1,2018-01-01 17:30:53,,
gp:AOqpTOGZNrnnT5QRJTHwOU3B2JALSgGty1iCgmDog9ZGdqTwvzcIZqbXc56lkFZRKMwhmtoYE7PrCdRl721VNA,Jimmy Nguyen,https://play-lh.googleusercontent.com/a-/AOh14Ghb2SuGPkY7BCIcjsv-tJVa2fErR2NtfpcT2zx-EsM,Don't waste your money. Doesn't work,1,0,3.1,2017-12-09 20:31:00,,
gp:AOqpTOHk0Lp9Yd-CcDRjFsEAT5PNtgBJrNSWomK4LJ8mJs187l26H27FkUGZC7BzpxnQHkxRbgs537ZprDxboQ,Vicky Sanda,https://play-lh.googleusercontent.com/-0Fp5G7UqqmY/AAAAAAAAAAI/AAAAAAAAAAA/AMZuuckSt0RcB9zo7JiM7uXcLe1vjz_wGA/photo.jpg,"Its not working please help to fix it, I pay for it",1,0,3.1,2017-11-26 23:49:05,,
gp:AOqpTOG_XIzbUrDx160u8E8mjcTudXXJaw8QQSukrB058TrWUIDPGDcVb6THH8opFzomP_nHd-ikl4JXHKXuNw,A Google user,https://play-lh.googleusercontent.com/EGemoI2NTXmTsBVtJqk8jxF9rh8ApRWfsIMQSt2uE4OcpQqbFu7f7NbTK05lx80nuSijCz7sc3a277R67g,To complex  for me and didn't  do what i wanted  wasted my money  when  i found windows  media center  would  transfer  audioboos and music  to my phone,2,0,,2017-10-12 22:57:36,,
gp:AOqpTOH1KxeM83MaUCuQJJov2RQClNCfFbHQiamapHzTxBVMzbmdzjSY7oXBEEIZUaXvJb-7TtyRau8pY4X3iQ,Timothy Chaloux,https://play-lh.googleusercontent.com/-OIObV0GxcB8/AAAAAAAAAAI/AAAAAAAAAAA/AMZuucmmWi9BH-NywEqOJ_-ih5esm-WqNw/photo.jpg,first thing make you pay for the app then you got to pay for the app on every device then for file-storage they want to charge you for another app then for file transfer they won't charge you for another app don't pay for it don't use it it's worthless it's a scam,1,6,3.1,2017-07-31 17:22:40,,
gp:AOqpTOHcgQ_2mAqjM-47hA2vXYwYQtAU60v7FADWYkQlBZqbi9t_6JU98p2hVJsMYf9NTOjuYxpIftktw3BQxA,Doug Kittredge,https://play-lh.googleusercontent.com/-XFJWLyNmqfM/AAAAAAAAAAI/AAAAAAAAAAA/AMZuuckTNykcGlMEJq8Tvd09tVC8oSQyOg/photo.jpg,I tried this to send files between my mac and android phone.  Installed File Transfer pro on the phone which then told me I needed file transfer from the mac store and the two couldn't find each other.  Never worked.,1,2,3.1,2017-07-15 14:46:37,,
gp:AOqpTOHJzNfDVU5UyoDRT7BFwYbf4wjfkv8_FO9yNrl49ZYYJU4cIkq2SVu_ai763EgIb1zcKfaG1pVJLJKTpg,D Marshall,https://play-lh.googleusercontent.com/a-/AOh14GgOfWzBj3nUzdZPlCv8W_5Hob9G2VzN8ijjZB-aiw,Nothing in the tutorial came up. How do you get this app to work?,2,2,3.1,2017-07-09 08:04:42,,
gp:AOqpTOHPHInZ-Ei8SIf0T8eAOYkFQJNIIX24eAJL1wOynYg3GvDq-sSrwSYD4jne7gIt-BoAyB73yWyPlINzRQ,Jerry Ellis,https://play-lh.googleusercontent.com/a-/AOh14Gi5XVDuk40b5-uhJ-dF_wCUsgFrmK-Y7dWPIEaviA,"I've been using this File Transfer Pro app for quite a while and I think it's great for transferring files to or from my desktop PC from a MS Surface pro PC, an Nvidia Shield K1 table, and a new Samsung Galaxy S8+ cell phone.  I mainly use it to transfer large screen recording MP4s from the phone or tablet to my desktop PC or the Surface PC. I was surprised when it found the new S8+ phone without doing anything other than installing the app on the phone.  The screen recording MP4s usually consist of flights with the Mavic Pro quadcopter which are quite large and transfer the MP4s over my local network and they transfer  anywhere from 30 to 50 mbps I tried a few other ways to transfer files that were way to complicated and not very dependable but this app is easy, fast, and dependable.  Disclaimer:  I have no connection to the app developers and paid for this app like everyone else.",5,25,3.1,2017-06-11 18:31:21,,
gp:AOqpTOFkO9jhKvrO2HPCDNe9ky89zogms7Y3jGi4T2o-yIOpw7t0D1RETpEd1oDdeWOtTAvtX1S8GXUdErSkMA,Richard Howell,https://play-lh.googleusercontent.com/a-/AOh14Gi_FP9M8vm1Plqnsbi3cxOhKf6S1KTDrI_xTlEmAQ,It does a great job,5,2,3.1,2017-06-07 13:39:35,,
gp:AOqpTOHA-CJLKNvhNDUHJ3jO6Hf6xiuQg9TSSmezCciRwExdeHH5B2dsx5G9JjmBM4GmXS_VgMXnfFYDXu9IzQ,David Graves,https://play-lh.googleusercontent.com/a-/AOh14GjNUGzESdJb2YA5pzSPunLAShRnoe1jBvuS0674Qg,"paid for the upgrade and still can't get it to transfer music files from my laptop to my phone. Nothing but the ""terminate"" button works.",2,3,3.1,2017-04-10 08:56:57,,
gp:AOqpTOF1nGLDSrX3OEg9QkeTdokHA2BCa4f50hUKbJeOPjKSJph5Z0JsfNJ6HRbRw-9sINLCJo-JP6yx4JjBAg,Tracy Tobin,https://play-lh.googleusercontent.com/-LEnLxlz9WT0/AAAAAAAAAAI/AAAAAAAAAAA/AMZuuclvatiOaxBuN5vo62dNW09L4pNBYQ/photo.jpg,It tries to charge you for the app on each device then still doesn't work. It is a con!,1,6,3.1,2017-03-25 14:21:53,,
gp:AOqpTOGrauAY31CAE1kph367-nmYYPPCh2IRHZeQmRhR7wEc_NzLyQzZ5gKvtL2zCwOuYgDL-eiXbf4gc8fyFA,Ray Barragan,https://play-lh.googleusercontent.com/a-/AOh14GiYLwYm_QqqCvdZsR3UtMjoL6wZ7dsRsoFppPgDLw,Purchased this only to find out you need to purchase an additional app for 4$ in the Mac app store. Lame.,1,0,,2017-03-24 16:25:58,,
gp:AOqpTOGHGLCytFpvH4JfPSiRqNUp9GeA4k8KpIKFpvlZHWh484X_MqN5gFC5ll4V-0b_eFT5WIoSomjbVWc_jg,Michael Games,https://play-lh.googleusercontent.com/a-/AOh14GgDEu-k5uW087I7R2wo-bawoeZkdgEuLHZb80d8N1M,This app doesn't work like it should it needs a lot  of work,1,0,,2017-01-30 12:49:39,,
gp:AOqpTOHPY51APv6yrk2goT-OYDpcgdOGzl_yU-Op6iq4n-vVvpSGSlIUGRH6p5muEyFkAhk1fOC7XzxpHsOuig,Barry Levine,https://play-lh.googleusercontent.com/a-/AOh14Gh1Br7JrWtINPsSEUVQtdmGFSciFuq847XF-sEvPg,Great convenience. Worth the upgrade price for removing file size limits. I was considering deleting one star for not having a Mac version of the app but that's not fair; what the developer has written does the job very nicely. (Using a Samsung Galaxy S7 with a Windows10 PC). But would love to see a Mac version of the File Transfer app. Thanks!,5,10,3.0.2,2016-12-09 14:07:36,,
gp:AOqpTOHLgrm7HuFJjI-2cXcK3xlJT5oTar0i3gzGB0ffpgYEaTUCucV4fMW-Eo_U4Le3jNBbahaQFmBk_VCWMQ,Steven Falivene,https://play-lh.googleusercontent.com/a-/AOh14GjihWVkRt4dLNOBFxd3oW2tPVtBVdLLyLh9h5Qg,Does not work,1,0,,2016-09-18 02:26:12,,
gp:AOqpTOHX5XrXisi5dt4xPRrtXIvTqmdQndPt30Zmyg3ZXIOY7B9-s286uS8g9IrivruMXLWIc8wTSNrrWYEGaw,Ankit Malaviya,https://play-lh.googleusercontent.com/a-/AOh14GiHYGsq6tQKzwxqQiTkKVGIx7nvkPEusvhosYYzbhs,Even after purchasing the app the license check is failing. I am constantly getting a dialogue box saying check internet connection even when internet is working fine.,1,15,3.0,2016-07-15 19:17:44,,
gp:AOqpTOHDK7ujtybDsHNMuDsOPA0_R7QsX_HEF88uwgEdBpTQMqRnvu2h3OY8udShoLmMNc1eU3DUdLQck2rWfQ,Helen Davies,https://play-lh.googleusercontent.com/a-/AOh14GgL1B5S4KTBR6kQgWdmAssL4QRDHSLJ7uNre8mthrs,"This apps works great, period. But the design of the UI really does seem dated and a bit tacky. Other than that, good job 👍",4,1,2.14,2016-03-27 03:44:57,,
gp:AOqpTOGNCZfB-VCBKSRTDtLALAF6r-Ryi5OiVhFeZSyqZIObzRGGtBsklFtmnZ4hP6o2khNFy1OE1xUy3ge0WQ,Denise Trevilyan,https://play-lh.googleusercontent.com/a-/AOh14GjrqgtAXLt9p0I7aQjTojp8LFpEduZ4sLrJBw7FYg,Tried 4 seperate times to use it! Didn't work for me so I'm deleting it.,5,0,2.14,2016-03-09 03:53:15,,
gp:AOqpTOGKvT3K3eXGMeKqwGfQmSuH5sY9GvcHGlnCKVFyyF9VCXmHagh_hCwXvBjO2adLPu5GEXkbrnu3IBy-eQ,Day P,https://play-lh.googleusercontent.com/a-/AOh14GjLIJNDpgvT2qOm6PHtq-3QZVd2fYKxdjY71jDZX0M,"I use an iMac at home and use an Android smartphone. This app didn't work for me, even after being forced to ""upgrade"" to pro. Not enough menu options or help. Was guessing the entire time how to set up and or transfer. Online help is useless too. Very disappointed.",1,3,2.14,2016-03-01 15:06:49,,
gp:AOqpTOFRqzvajxOj7fnvmfp0SGcIeflhvBMIJgYb98u4-o3eHbPSLBXzbUo4l66z1JkDS0tSH6jkgxNYmyxTlw,joshua jay shurtz introvert131,https://play-lh.googleusercontent.com/-wmjt3l8Xp3A/AAAAAAAAAAI/AAAAAAAADxw/AMZuucm6ctiGwVtkVF4fF2hBQlD_Qa-EyQ/photo.jpg,Can not choose location to put files,3,3,2.14,2016-01-07 12:22:51,,
gp:AOqpTOFxyKl880DrL2ABriLGzXwiKm7tJOKVJYmljZKDaWOtQN7jRwWLvx1AkvrnFNfOouD7GwMSd0j9n2XQ-A,Diana P Rojo,https://play-lh.googleusercontent.com/a-/AOh14GjZQUk_00Dhf8ogq_BlGRZy-Ut3Aq7sL5KG1LZCkTU,Doesn't work,1,0,,2016-01-06 20:46:53,,
gp:AOqpTOGAfiyLIlaPX_v413V-K0X9zvKdfKSbFm-_gnyQ1pzUQhByNz8gdTJMc5aXKtSVI1rQaQB1gaa_ajSgmQ,Luck Fawyers,https://play-lh.googleusercontent.com/a-/AOh14GiRIpQiCZ-tkjWmu7FDnV_1D1Wgx4CjTH-KisFJig,Does not work without buying another version on Android. I got a refund.,1,0,,2016-01-03 12:52:36,,
gp:AOqpTOHtWv9SDKyL6JJk5sPAcEUsI9TzD3kYMgawLg67lBbZXH-LSX-oTlwckew9sw4S-hHsmd-O3-w97Lki4Q,Eileen J.M.,https://play-lh.googleusercontent.com/a-/AOh14GgX1oKuqMkLH3w6vCIyFn8oIyCzT8CafTsbEr8W4nM,"Doesn't work and the ""how to"" really doesn't explain well. I wish they would explain terms. ""connect to the same local network as this device."" WHAT DOES THAT MEAN? I have no clue what ""this device"" refers to. My android phone? Or the PC? What is the ""local network.? I am not a techie - thought this would be user friendly. I wish I could get my $ back.",1,2,2.14,2015-12-05 18:06:29,,
gp:AOqpTOFhwK5BT7h0hFDV8s5ZvZWvZYRs4_TrBHoQ6Lo2wzlsUIA-2ukLvJvJinXz5VxCL4NvYTn2SqBk-6XroA,Legion Demone,https://play-lh.googleusercontent.com/a-/AOh14Gi3m3164ZIfmnlbqkb-SfxY0fPJQ4sFxVYZ0feh8t8,Could have kept free.,5,0,2.14,2015-10-11 09:39:18,,
gp:AOqpTOEC6wE5auXzD1S4sBjUdWqf9q7Nnk33b5R6Xd97xY1WXIHxymLvsmCkLHu-YL06g36TVBcZ__KtgWGXUw,Dominik Magdziak,https://play-lh.googleusercontent.com/a-/AOh14Gi16_3LBEUizXbp057UI_Csh1nZIOGHBQMo9RVH,App doesn't work and waste of money. Go else where if needed transferring,1,0,,2015-09-26 19:32:41,,
gp:AOqpTOGjXRw-vwqMHDkxHO8j6PeKZZki9WW9aCrsZiH9Vyccmj7abB_HEJ0V6aCIi_6Y9qadNiAul5oyFgGUCQ,Sean Pa,https://play-lh.googleusercontent.com/-AVom4imShxg/AAAAAAAAAAI/AAAAAAAAAAA/AMZuucmIarCdU_HhLch1mutzvV_s0dz9QA/photo.jpg,I have a Samsung Galaxy grand prime and a Toshiba tablet. I purchased the pro version downloaded it on both devices. Says I have no licenses do I want to buy!! I already paid!! If fixed it would be 5*s,1,9,2.14,2015-08-22 19:12:05,,
gp:AOqpTOFUk-DZ75qQQDoNnBBr1iu3sqy-fas7lJdyj1tKwIc7oZFZUXN0JEU6pvGvCIxFLA6YEXjKNfeBYTF1fw,Jared Busch,https://play-lh.googleusercontent.com/a-/AOh14GguPXqrW8dIH26s3dK5hqVApVgKhgjUIj37aAjKs1s,"Not sure why everyone's complaining, works great for me...",5,0,2.14,2015-08-12 15:45:01,,
gp:AOqpTOF-GFcbtXhg1R_9QO6g0Vl_f_bp7uVrvNOapRnsCEJJ6ibl5mqC9JD4Vga66qq84s1GtW37QVFeOB-NJQ,milo ilano,https://play-lh.googleusercontent.com/a-/AOh14GhS9c843rCs-2JdTpPP3DS-0A-saDzYi7oDXjGa,"I just bought the Pro version but it kept saying ""LICENSE CHECK FAILED. CHECK YOUR INTERNET CONNECTION..."" But I have an internet connection. How else was I able to purchase this if I don't have an internet connection...I tried pressing the TRY AGAIN button but the same error message keeps appearing. I have no recourse but to refund before my two-hour grace period expires. So frustrating.",1,1,2.14,2015-08-11 13:24:06,,
gp:AOqpTOER1SIT005vzdF2D9LFSfuc73IrYxe6jliONJJfiwq3ea4KuENOGqq3t2t8LhlSiuTWK_Zwng1NxzJn1w,Jose J Cruz,https://play-lh.googleusercontent.com/a-/AOh14Gi4g4Jt7TdStzJo9pQ23DJptJ4WQodok5o__CuQBrg,The app doesnt work,1,0,,2015-08-11 11:15:40,,
gp:AOqpTOHjAL24pBcSuyZAHdDAejxoY7ApJfaYxsBK50mzXCZaUbnbbqzmacYWMQahRHhyX4ILKd5cFdvmVK-TuA,matt crespo,https://play-lh.googleusercontent.com/-bJnQIeiY9sI/AAAAAAAAAAI/AAAAAAAAAAA/AMZuucmgtsR_-_oJIb3w_ZDzCvBcB5P7-Q/photo.jpg,App doesn't even work,1,0,2.14,2015-07-12 14:12:25,,
gp:AOqpTOH2dYxWD-VRL_VTb32mp07IQgnD3-RTW8rtj70njrUCxrgP_S67Tv_rcClGw1iy7pzMW2QjqAdbmE9FDA,dupward,https://play-lh.googleusercontent.com/a-/AOh14Gj8F1cvmqrw-Vjz1X__SHf-5OT_UVJoW1CpIU23LA,Didn't work on TabPro,1,0,2.14,2015-06-14 13:52:27,,
gp:AOqpTOGR5Vp80bPCnW9YVUH1DB64-FrrPOvQ3qa5L6SHk2yII6_O-IcIdYhNRDnmKVx5HOtqOMDbDxFpXeQ44w,Rickey Coley,https://play-lh.googleusercontent.com/a-/AOh14Ghn04Bn7KQHtc3BiJGZj35qM1CpFXFq3SHHm3U,"This app does what it says if you get the paid version, but it feels a little confusing at times. I got it so I could transfer game saves that don't have cloud support from my phone to my tablet. It does work! I am not sure why the free version is even available though. The free version does nothing other than show adds when I tried it.",4,3,2.14,2015-06-06 20:23:45,,
gp:AOqpTOEPKoG1d9xeL0zNK2w0es6YfBt8CxF7_4oZhnzpvjOJN7SedCiIeLiaNdjF__VTzfkc-R72qkNzKWuzvw,Ritvik Devre,https://play-lh.googleusercontent.com/a-/AOh14GgEDkLyf145gOl14tX46d9H1qa8u7nCWxZr5BIsZj0,One has to buy pro version on both source and target devices to send files more than 5 mb. Nonsense. .. Refund...,1,0,,2015-06-05 12:08:36,,
gp:AOqpTOHvtxeQvoHVGPNxLxxE7tvwcuA5sPrmQSO5a5xhNVgz8M9mc8NlkLcEonrxF9-v7U9ko954cU_Rpe4BMA,Nick Tuinstra,https://play-lh.googleusercontent.com/a-/AOh14GimCDHfe68bZ46j2NSkUCGG5iHLng3SqRkL-2Ew,This app is the coolest ever,5,1,2.14,2015-05-21 00:09:49,,
gp:AOqpTOHmLdYeWsewBg3adlUy9l7uTUGcz9VCwmaXDyxn1g7BosGbauRRTYp-yGvNpdcOBcU4TrPzYt4tDlqReg,Todd Geer,https://play-lh.googleusercontent.com/a-/AOh14GigLt5bGi1jBJqECQZFgkgUrbSgwLQGKRbpfpjCTac,"If I had read the reviews first, I probably wouldn't have bought it but the free version worked so well I thought I'd try it. Still works perfectly. Droid Mini.",5,17,2.14,2015-05-02 11:23:23,,
gp:AOqpTOEBOFV-ELcXyxYzevdFOK9I5EMmyXmlrX0nGnErsFE8dLzXDBA7izOM4WVCuCjRp_-C4_XP6uBJeOIpbA,Aaron Williams,https://play-lh.googleusercontent.com/a-/AOh14GjYU_We_edViC2HuhuQWA6f187SsjCBl7pNzmJhFw,"I bought this app in an attempt to transfer files from my old phone to my new phone since MTP just plain sucks.  It a;ways fails with ""Connection timed out: /10.22.11.192:11031. Please make sure that there is not a firewall/antivirus on the target device that could be blocking the connection."" The only security software I am running is Lookout.  To make matters worse I had to pay for this app twice!  One device is an old Samsung Verizon Galaxy Nexus running a close to stock 4.4 Android ROM. The other is the Verizon Nexus 6 running stock Android 5.1.",1,0,2.14,2015-04-13 20:21:42,,
gp:AOqpTOHjT9pEw0L9ayxJYWvi8BKlYFm33OfGsmyV3AIWc-6fooyP7uSZRIzPja-mlx48dev0nNuRVBooCuCWTQ,Teboho Lawrence Semela,https://play-lh.googleusercontent.com/a-/AOh14GhKvz55HEaS-LzqTl6isSWt5rj0kvXggqpqdukX,I just can't believe that I've just wasted my money on this app. It doesn't work at all on my Samsung Trend Neo.,1,2,2.14,2015-03-29 05:43:16,,
gp:AOqpTOHSp9FcH0qtkZf7IpsKfKZAYDcYdjXHi7ehDZA1mu1u65SRNIZkV5H7wMD-Z00Krqsuu3qNKQwQ46b06Q,Jameson Dory,https://play-lh.googleusercontent.com/a-/AOh14GgM9_-fLDvgV2pxTk_ICvnH1cHeuiqkNUYtySBPAa4,Unbelievable scammed,1,0,,2015-03-11 00:10:09,,
gp:AOqpTOGhSFjQp1c0ODuZzPEiTikUGlhqik-jN90ZF4uHuLfMo9Edzt1V893wcMcZ4sRaBPyWd-sCyqizmvVHDQ,Tom Smart,https://play-lh.googleusercontent.com/a-/AOh14GiUFxOs8aNtT3X6pnH1Eo_XwEd6NzZ_QM5sEayUNA,"If you want to transfer more than 4 files, of which many of you will I imagine, then this is not the tool for the job.  Installing it was a pain, not easy at all.  Once installed, it failed twice whilst transferring and I have a new phone with a secure internet ... I downloaded this in the hope that this may be the answer to androids poor excuses for essentially just a 'finder' app.  It wasn't.",1,4,2.14,2015-01-24 05:37:20,,
gp:AOqpTOEUGUK2ruUdCJ0pTSfrUUzk4jWiyxZ76hA55jtXVHIteAEp_fJ8-Op13IxYA7kZlO4HrMhRgL_gEI2bhw,Scott Wheeler,https://play-lh.googleusercontent.com/a-/AOh14Ghfby4dgCwFiTjj-PST7Gw2xyf5hw8RzlkfbV2mBw,Doesn't work. Where do I get my two bucks back?,1,0,,2015-01-24 05:24:32,,
gp:AOqpTOHej86En5XOAcjT_iirEKgQMbbdkmSJU3bbdUsIBwc-t-oeeyMyN1vyOIx9p_GmHsDqOeYbfdZsjyH6tQ,Brian Booth,https://play-lh.googleusercontent.com/a-/AOh14GhDpoPXOfvheDJsIGmHppaMVGKiMZqeuJLvOeK4AA,I had to buy this program twice. Both on my macbook and on my android phone. I thought one purchase was enough,2,2,2.13,2014-10-31 18:51:39,,
gp:AOqpTOHjlXNAysxUEjko8bAYTkcAb-2U7qQPELawGwQKf0mHlFe2U67fq5GSYVpvjyxlAjQZmzWgJaXJrPRH8w,AbuThamer,https://play-lh.googleusercontent.com/a-/AOh14GivlupuemTqJYFHpCOVkcvKQ3HqDAIos4Nl4IqMfg,simple. fast. reliable. I am using pro version.,5,0,2.11,2014-10-07 17:17:15,,
gp:AOqpTOGh9MXdd9IDzQiPTuqIxY_btVkihk96PPlH0kY3S5k-QW0mggDXYYiSLyWg6Z5tGEcw1fT3O4GjD0wZPg,Les Frischmann,https://play-lh.googleusercontent.com/a-/AOh14GjmAjVR_-_sC3q-ipicFtf4MiWbmSq9Vz5Tl_l94w,Unable to transfer files from the SD card from one device to another.  SD card just shows empty on both my tab 4 & s3,1,0,2.10,2014-09-24 18:51:51,,
gp:AOqpTOG4i8KNd_RrBWoDWN5Jw4k5qaRfmQ8e-AGqfB6C8FlPu8NpiK1Qwgo2hAfUYWdgO4bSJ-j5SDAYPxaRZQ,The Man,https://play-lh.googleusercontent.com/-MxSuw4Hyw9g/AAAAAAAAAAI/AAAAAAAAAAA/AMZuuckyVsIRTLFywK_V4Swtv_cICvgiKQ/photo.jpg,This application should not be promoted or sold on Google play. It fails to deliver what they claim it should do.,1,0,2.10,2014-09-23 01:19:17,,
gp:AOqpTOFRu1KSHRd14c8m8MQYKRPtuITwfurMNGaai8FfBL1jkDwk0MzBbVzcwfa1qfLX-SkCYMJp8CLCZxWoQg,William Goruk,https://play-lh.googleusercontent.com/-jnPz0OH6v4o/AAAAAAAAAAI/AAAAAAAAAAA/AMZuuckvo20s5nmYrNMe8jvLG1Xca1zKRg/photo.jpg,I am totally lost in getting this app to work on a Samsung Galaxie S3 with a Mac Book Pro OS 10.9.4,1,1,2.10,2014-08-17 11:53:09,,
gp:AOqpTOHKsETyqugZvjrICW2IbUhOE8CNbshHXOvNbrwGIY-0Tki8DrwWedQOXAB8vFLK4PGnqnOmCageQRI1JA,Theo,https://play-lh.googleusercontent.com/a-/AOh14GgXKOPDb3xNG9RD18NyiSuGphyv9Ur9Veu4EB7vPw,But the fact that the free one is pointless unless u buy it. 4✨,4,2,2.10,2014-07-05 02:49:51,,
gp:AOqpTOFoxoYoqTM3TPIUKscTSFEbPdZEWazvkZxm2LYq16I1WnLyinvCKYXGXgPRU9JGHN5gTSfpL0uQo1GTeA,Lee Andrew,https://play-lh.googleusercontent.com/a-/AOh14GhAgcP9zzVCSZXT2n2fHTfWwUFbzIFFKGqhPYZuXQ,Amazing app works exactly as described! Sent one video file directly to my computer with Windows 8.1 and to my Mac with Mavericks and it worked seamlessly with the client application. Using it on galaxy note 10.1,5,2,2.10,2014-07-04 11:34:56,,
gp:AOqpTOHN4f68fq3qXzMcD-34Ygu8XZuWLTW8npX6efFGHsSP7-ndRUhKi9ZS5OHuZDde2kRAUz6Ud1eJjVlGIw,Brian Lacinak,https://play-lh.googleusercontent.com/a-/AOh14GjHnrBawN47JC7mC10QKiMS-jd_8LZY-nc4I55TnA,Awesome. App,5,0,2.10,2014-06-23 21:57:03,,
gp:AOqpTOEzKd1SxYH6PIoCpPBGqbgWQohXxH-pfWvltOuk1aJIOYLKnDjTJe3QRVkavyXn-TBYDIOXOFjli8OKTA,A Google user,https://play-lh.googleusercontent.com/EGemoI2NTXmTsBVtJqk8jxF9rh8ApRWfsIMQSt2uE4OcpQqbFu7f7NbTK05lx80nuSijCz7sc3a277R67g,Rip off,1,0,2.10,2014-06-08 12:03:39,,
gp:AOqpTOEMfJXSAWpaLJeuEBB09YcGkw-tkR2YX3G5zx5ds-07vc1DIoa3p29wfJhjIobNG2CF6Vm912ij2k-Mww,Roy Sudduth,https://play-lh.googleusercontent.com/a-/AOh14Gh46ZiqMiemKBrGOMyqjBRWqYNTWaxC3epLASPTWic,"Just bought the app for my Asus Memo tablet. Works fine on my Nexus 5, though. Please fix.",1,3,2.10,2014-05-29 15:09:18,"To help you we'll need some more details, we advise you to write to us at support so we can analyze your case and provide assistance (http://www.delitestudio.com/contact/). Thank you.",2014-05-31 05:50:38
gp:AOqpTOHA8JVBdN_jI1uHQM4GBhqSpwOmaA6sPl_2xSMg63oxp49YW3Mq5t4yIrgH4JAdRk1nOdMPRWEcPmpyug,Ronnie Boy,https://play-lh.googleusercontent.com/a-/AOh14GjjEa_ZmgBT8hJWHyrfA4XzKRgxpJcS82HQZAXQhRE,"Currently running CM remix on one of my Note 2's. It reads everything on my internal memory, but with the SD card it says the directory is empty.   On my other Note 2 running Slim w03 it reads both. Could be a rom issue, but just seems weird.   Either way it transfers files just great and have had no issues with it whatsoever apart from what was mentioned above. Great job to the Dev!",4,1,2.10,2014-04-21 16:27:01,,
gp:AOqpTOF8-0IHcwK7DuqX0SrrZbp917c_Pxyiar4cF9thp655BS--cFlbwDbk6OlP9XI0YXiBpe-frUqn9KReDg,Maxwell Parrott,https://play-lh.googleusercontent.com/a-/AOh14GgmunXv3hfCa4ZgWS28GVyJITfZ5ULDPI3EKLIQDg,Requires another purchase in iTunes.,1,1,2.10,2014-04-13 16:37:28,To transfer files to your PC you can download File Transfer for Windows that is free or the free File Storage Companion for Mac.,2014-05-29 05:06:10
gp:AOqpTOE_k3WcsfURy1rVvUANgUHFpkGDAV4utsscPau5wNyrHaO7X-2_lVWJ9V7DmHpmpG9N5PXcMIe1Vhijsw,juan osorio,https://play-lh.googleusercontent.com/a-/AOh14GjlysIf-PhISlEIQtLCycoGXC8EvEpsfvhyIhvjPg,This works as described for transferring files between Android and ios.,5,0,2.10,2014-04-08 08:10:18,,
gp:AOqpTOGCW7MC1PDrh0_9VwY3jkskdMrT9a1D7Haf0ORvwUHoKB4TfVnRGckVvxTPYnpK4kIoqCZE0QQepWX81w,Rush T.Karbacka,https://play-lh.googleusercontent.com/a-/AOh14GifSFh0ullWpxamHgkNWSu2njfoc-_yBvNCFzvzLA0,Xzing * * *,5,0,2.9,2014-04-05 00:57:06,,
gp:AOqpTOHybE36zN7n_JudTbHjSJKqnrGO6wC-5svOdT-zIrj6Bht5ll-BqGiMa6Gs9EpInf8VPK9_OV-KIjXuvQ,Star,https://play-lh.googleusercontent.com/a-/AOh14GgOXkYqui9DKMu-ok58kPLWKmDUhnr-zU5EFfWnoAI,"I've tried several apps for wifi-transfers without any luck. After installing the Windows program and Pro app to my phone (Galaxy S4), I was actually very surprised to see it transfer the files from my phone to the PC extremely fast.  Because some of the reviews were bad, I also decided to try transferring files from my PC to the phone. After starting the upload/download servers on both my phone and device, I was able to move the files without any fuss.  5/5 from me, works perfectly.",5,3,2.9,2014-03-11 19:12:57,,
gp:AOqpTOEZ0Ehk-WrDBczJCkbMbX7lr0l-ErKmWvz5CriTtezvceAvq2qSuV5IY5p0jTLjHLouCd-A-BFrN6lpsQ,Thomas Smith,https://play-lh.googleusercontent.com/-sIWSh06u4yM/AAAAAAAAAAI/AAAAAAAAAAA/AMZuucnRx6vCMrMHbbL0RsAXk-fcvFTcvg/photo.jpg,"DON'T WASTE YOUR TIME. NOT ONLY DOES THIS APP SUCK, BUT IF YOU CLICK ON THE HELP, THE HELP IS IN ITALIAN..TOTAL BS APP!!!",1,1,2.9,2014-03-06 08:09:36,"To help you we'll need some more details, we advise you to write to us at support so we can analyze your case and provide assistance (http://www.delitestudio.com/contact/). Thank you.",2014-03-07 01:09:56
gp:AOqpTOEzKACcaL4E5o6jXnCaIOUN6H2hjwsROKOpmeUPJdvQgNAGRj6Fg-c4nuAaHKg-GfP1snowQnRRWhWLgQ,Takahashi R,https://play-lh.googleusercontent.com/a-/AOh14Gh2p73Vhf_uIQfjEV2EnQ8QH-a0V9K4yqCajrQGrw,"Tried to move movies from my phone to my ipad, transfered until 100mo then stopped whereas wifi connection is stable. Retried several time and stopped at various moment..... Feel robbed at the moment. Please fix this",1,1,2.9,2014-02-28 16:47:06,"To help you we'll need some more details, we advise you to write to us at support so we can analyze your case and provide assistance (http://www.delitestudio.com/contact/). Thank you.",2014-03-07 01:09:06
gp:AOqpTOGDSDKPhzSET6TOWg3xPmzrvLBZ9k5rlTkhEokAAoYfMMLNd2rXcNd8GS6P61tMp8vMlQc9aIHvipOovQ,Shawn Gommer,https://play-lh.googleusercontent.com/a-/AOh14GgDDhiVuXZVWFsCvQObAR3VR0AEpqyoEBTVemnPqw,Used this to transfer all my large files to my new device. Worked GREAT,4,2,2.9,2014-02-12 14:59:18,,
gp:AOqpTOGiMfelYx3yZUxAIt9dUGfvtbtvZZWPY3mhA9bN0BkOOvEXbV8Bh63e5xQ9WePNgCXU-bR61PZqzXkuNg,Joshua Talley,https://play-lh.googleusercontent.com/a-/AOh14GgcHoLdxwvgntKaJXsmNS70uTHx_xO9SZ7zo9aNW4c,"I have an iPhone on the same network. I was hoping to be able to transfer pictures between devices, but when I try it either way, nothing happens.",1,2,2.5,2013-10-22 09:11:47,"To help you we'll need some more details, we advise you to write to us at support so we can analyze your case and provide assistance (http://www.delitestudio.com/contact/). Thank you.",2014-02-03 02:31:30
gp:AOqpTOHx-WKG86nUgm6-fX8euNKm7f_q869V8WpG92_dck30iFDhF3AcHo_28zZZ2uIKiqrLUAU53QbFdU4ihg,Eric J,https://play-lh.googleusercontent.com/-fLUFue9U3h0/AAAAAAAAAAI/AAAAAAAAAAA/AMZuucmiWq65G0pXOqRJsFDLLbG5U90iqw/photo.jpg,Clumsy app,1,0,2.3,2013-08-05 22:11:08,,
