reviewId,userName,userImage,content,score,thumbsUpCount,reviewCreatedVersion,at,replyContent,repliedAt
gp:AOqpTOGRsxiQwb5OdoxeSTMAHxdItCxTUKqh8rhSKs-0zAHciM9NUNZo7DAw6vvq5yRu3Y8jFRDnoW2s3-8MWcM,Patsy Rogers,https://play-lh.googleusercontent.com/a-/AOh14GiYp4PnNLmvSu-hnTFZnmmtb32-w1ZwM2FGGWOH,I bought this damn game n it wouldnt even work i wont my damn money back,1,0,,2021-02-01 03:51:00,,
gp:AOqpTOEgxP3JDjIkQfKrLrGkAAdPfTLobGoPSYrvL9muoOeUi8gY46BB4ot6HdwYAaDoi1m3ULAPJXs_Dt7_1VM,Consuelo Martinez,https://play-lh.googleusercontent.com/-3s6eS0qZ76Y/AAAAAAAAAAI/AAAAAAAAAAA/AMZuucnOeme0ufxlhqw_1bae6FeY8Da7-g/photo.jpg,Your game doesn't start!,1,0,,2021-01-27 00:06:28,,
gp:AOqpTOEBeXstL3vOVwbEU26jpMBQ5yVLq6sTQQGQsnIpZgAUZPTgWG8dy-EVOLSwYhXhNda346EtX5U67e9yc4E,Kelly Musk,https://play-lh.googleusercontent.com/a-/AOh14GinhMJnk80TJbv0-D7L_82Jc9zyJEr3NVFd4iFa7g,Wouldn't open,1,0,,2021-01-04 17:24:47,,
gp:AOqpTOF3voHmRC-fFlTs4F2iaHu_hVJH1oaw5YPqNz-KLxWc0zoz_SMWLsNY6R2tZrHIsTfQJNiFndqe1u_XYc0,Chris Jones,https://play-lh.googleusercontent.com/-D0pwN4fQ4Ow/AAAAAAAAAAI/AAAAAAAAAAA/AMZuucmCdDM7wMtUUZO8XwqWWg-_qA_Uvg/photo.jpg,Thought provoking. Need a description of items you are holding,4,0,1.0.0,2021-01-03 00:19:35,,
gp:AOqpTOG-Y37pQHjOJxKeqdFi1ZtoEk0yvOSFqa6UBBq5lcHcFw6-NBKJgdY_6AIimX8EJ2RkqH4JtXhCazgiVL8,Sherry King,https://play-lh.googleusercontent.com/a-/AOh14GjZvceP8d-EWnNLtdZHV_f1SWoOK2ounKO7wPuXjg,Will not work,1,0,,2020-12-15 12:29:32,,
gp:AOqpTOEVox-jGG0tJ-xbpQUz1SCqgGaSFVO_Dq-_1VIgKUR9Z9RfD_SknL4XG6bR4pd77E77HPWPedsbO7ia_PY,Angie Babchuk,https://play-lh.googleusercontent.com/a-/AOh14GhiGTrAefN54yeOaRyPkofrf14TRYdw-5Ns7D-U_g,"Purchased this game, and not able to open it.",1,0,,2020-12-01 22:25:50,,
gp:AOqpTOH5iX8AK6c84dQ8MIAn_j5sDKsDGitzb90HfR9fTxJzISoWcogy6Um5-4g7aWJuVVRcwKJZe9d6sTdg2K4,Cindi,https://play-lh.googleusercontent.com/a-/AOh14Gi_YreM-viYyDxQnlZjIdybrEtJDF1KBnSEf6lZgw,This app does NOT LOAD after purchase. Beware!!,1,0,,2020-11-12 05:14:18,,
gp:AOqpTOHM--DSpTiK9jSEMHagT1q6cjECRPEvdaZscsbodPlaa3ThSzD18C_EEZ_0qr3JrQQW6cL32wIB-PG_J50,Sherry Asher,https://play-lh.googleusercontent.com/-xAwaO2i2f1g/AAAAAAAAAAI/AAAAAAAAAAA/AMZuucnWuyq8wxS2DPh4jNNiq85YcL97MQ/photo.jpg,"Will not open ,want my money back plz",1,0,,2020-10-20 15:56:46,,
gp:AOqpTOGdOrMxAPF2K1BY8AAkzp_7Gm6lOiFHdl4qHA0MkFaXN6AH__ZcJaWdtHgPpHz4s1lRX-t6gtVzMTJFzKg,Wendy Rice,https://play-lh.googleusercontent.com/-FdoaBXrcuyI/AAAAAAAAAAI/AAAAAAAAAAA/AMZuuckUP9VTZoro0uhJ3yglMln2r_Ueqw/photo.jpg,Purchased but would not play.,1,0,,2020-08-08 13:34:18,,
gp:AOqpTOFKO4pDKo7uKRzYQ20TjpxdNyYlDYCDP0nZ5b8-RzSW6-pnz8rYsyFQIOnSpBCIbpwPE5ZehMh4wQ_3Vp8,Sabrina Medford,https://play-lh.googleusercontent.com/-f1QQ3ZzYULI/AAAAAAAAAAI/AAAAAAAAAAA/AMZuucneG00nkmWvjP48ZiY-1PBW2RyJuA/photo.jpg,Fail. Game didn't load and no option for refund. Not happy,1,0,,2020-07-05 07:32:48,,
gp:AOqpTOH65_ZUWMxFdIFlJ5AV-A3H3l-DjwUGbGiIp9POLUMnPGwcYskNZELfDNUtmiK1cLe5Gfx9A3hCbSZpjw0,Suzanne Anderson,https://play-lh.googleusercontent.com/a-/AOh14GgaB74X0RZj5J-OsE0O9zIWfp_5lvQv4pcNdpf_0Q,"Download app and not able to open I've sent developer an email hope they fix the problem, it looks like a great adventure!!",1,1,,2020-07-01 11:59:55,,
gp:AOqpTOGeU4fTPVLXxYlZBd3bRgntWrqlE2XhQr6szO8OjLFdTZuDjxjgg9JTXfEXBmyqUN1cdK9fNxXaayQl9ag,Christopher Hawke,https://play-lh.googleusercontent.com/-VHvvXdWy5hU/AAAAAAAAAAI/AAAAAAAAAAA/AMZuucnW1i7e7--S6PAKebKs29Mu1fwoSg/photo.jpg,No Stars doesn't even work on my Samsung s20 plus Want a refund please Not happy at all!!,1,1,1.0.0,2020-05-21 18:33:46,,
gp:AOqpTOGgzjJNzlkUDqG-I7tEJHzJzGim_do_kr74Pe2DxfaWiWTsO8rSsoUGHtXMe5Bn6UzOlONZwjAP1ZPGhYM,John Doe,https://play-lh.googleusercontent.com/-CP73a_lM07E/AAAAAAAAAAI/AAAAAAAAAAA/AMZuucmzv8LV2QYMRvSfhRiERUaBCxVsfg/photo.jpg,"ZERO stars!!! Does not run on Samsung tablet. Waste of £2.69, not a lot but still a waste. Tried waiting, reloading/starting and uninstall and reinstall. Other apps and games run ok, just not this one. One star because I cannot give it zero.",1,6,1.0.0,2020-05-03 06:10:20,,
gp:AOqpTOGsjw7qamulDfCCveNyaYmawtUas7kpguY0vfmqrJBLUGNUgkyOddH39CUoiD08Y91NKqSAeJ7ke8Rd9jE,Trish N,https://play-lh.googleusercontent.com/-GiXKjAD0MEg/AAAAAAAAAAI/AAAAAAAAAAA/AMZuucmb6XeXisdhaouTpPq2-JzKOINTPg/photo.jpg,Bought the game and it wont even open. Waste of my time and money.,1,0,1.0.0,2020-04-28 10:58:49,,
gp:AOqpTOFmlwxFJ6A4WQ-ZC2UOv_QvcD_56mLqGejEewksRDDPN_Y0mVs-0A0Fjr813IkUPztTIZKxgGBkBkTJ8TY,bonnie hirst,https://play-lh.googleusercontent.com/-z4k63AVERX4/AAAAAAAAAAI/AAAAAAAAAAA/AMZuuclAfKk1eLWIXFyMKKqhM9y_TByz4A/photo.jpg,Wanted to give it no stars as I have paid and cant even play as the game wont even open,1,0,1.0.0,2020-01-28 16:42:36,,
gp:AOqpTOHGFDzjSJBTXh4tM_pqT0nJlcQJUm6qoOx_sAUtO7N48JNhHB5RUqq1qvwuX79-e_l44lHcVODaXb5tdzo,Layn Ah,https://play-lh.googleusercontent.com/-0zjh76Qs2gs/AAAAAAAAAAI/AAAAAAAAAkI/AMZuuclYBm0g9bGpu4DwmCx3QGQB7Iaatw/photo.jpg,"I never got to play. Paid for the full version, but it wouldn't boot up. It also caused my tablet to freeze up. Big Fish has a ""no refund"" policy if you don't play the free version first. So I'm left with no game and a whole lot of disappointment.",1,6,,2020-01-13 16:48:47,,
gp:AOqpTOHtc7azob3mDnqPYwMQe8mR6MnBcL58tFq4d9FOVtLhSn0MJPl8XgxFAPmCTxf5wHoI5gG2eV4AYsQIV1g,Melanie Guertin,https://play-lh.googleusercontent.com/a-/AOh14GgHCJIXF4PjRSssl3MVUftcdYo5ivetHHlmS7NGJK4,This game wont even load up on my phone! I paid good money and havent even got to play it once!,1,1,1.0.0,2020-01-07 08:59:38,,
gp:AOqpTOFg3MQSYRZxn11mCHurac6l-oKFstOnSanwk8kMlD-XBRuJiYxh_7B_UTDQ8pAwyjlX2v2ZXU5weArQ4bI,SUE PETERSON,https://play-lh.googleusercontent.com/-f-LyM_P711A/AAAAAAAAAAI/AAAAAAAAAAA/AMZuuckve7Q_C-ZGA7Mp2U5N-QfM8SIZ3A/photo.jpg,Wont work!!!!!!!!!!! Just downloaded it and paid for it,1,0,1.0.0,2019-12-24 17:22:18,,
gp:AOqpTOGavIrWSrl660GevRTmCS3NovHgyXcucvMSwlg1qzb1shawVmJhA79mbuGNXUpXIALHac2ZvRACGdqhqz4,Jenna Lynn,https://play-lh.googleusercontent.com/-iZ9pGoJbsMo/AAAAAAAAAAI/AAAAAAAAAAA/AMZuucniZIfchRKRelf6ZnHyrIG7oZdnjg/photo.jpg,Was not even able to get this app to open.,1,0,1.0.0,2019-12-15 10:34:53,,
gp:AOqpTOGmyXehOBfqTHcA9_gB1k7nQXDp2-l9kgPutZ2AmJ9pBpZEc_4_lCMZYWGzHx04qsYhAzWyLkq1UCswiek,elizenel elizenel,https://play-lh.googleusercontent.com/-8X6a1oA8aCI/AAAAAAAAAAI/AAAAAAAAAAA/AMZuucmRAntIxSntSuqIR2TzidfwYJFTjg/photo.jpg,Great game,5,0,1.0.0,2019-11-22 13:31:45,,
gp:AOqpTOHLwWIT4rrzvS4ZBymkSJX7AQXNHaaOoIkP--Epk7VMkSZfXBTpLT9eJz6HLDWPA_-zzytVh0QHfHYyiAg,Carolyn Blosser,https://play-lh.googleusercontent.com/-85wsBNrhxDo/AAAAAAAAAAI/AAAAAAAAAAA/AMZuuckif0TOMI0ieSNDC5ijE7Dxj9ZJ7g/photo.jpg,"This is the worse game I have ever played from Big Fish, You have to use touch screen, The story line is very bad, And it will take forever to try and find your parts, money lost on this game, I would not recommond getting it",1,2,1.0.0,2019-11-15 15:43:25,,
gp:AOqpTOFrnXcRJWil70IQ7aYThEJYvQr1D5XtDVXKVAZbMCVPl3gJQsAa_9ZAJvGUIeuxyzGXpHfrrQ5rW39-ikg,Kendra Deal,https://play-lh.googleusercontent.com/-cWgRk3LUrUo/AAAAAAAAAAI/AAAAAAAAAAA/AMZuuckwpWTgriPiodh9afCX0QqL21xabg/photo.jpg,It was a black screen. Waste of my time and money.,1,0,,2019-10-31 02:16:15,,
gp:AOqpTOE-nKmLAXSDS7coqTpyqrLL8xdcrHdGOul__bXEoZ1GnZC80OTLaeRSRkVTtqWiAQ6XT22mC4mxJITPFEw,Annette Owen,https://play-lh.googleusercontent.com/-zPEdhdRFWM8/AAAAAAAAAAI/AAAAAAAAAAA/AMZuuckmNUOzRb5mR6n4q8qT40aVmCCn9g/photo.jpg,Game would not load blank screen,1,0,1.0.0,2019-10-19 04:55:30,,
gp:AOqpTOGoMNh2PBFCYzsAuzZvF7_0NnvSbWteDBL0l3Q0qjfZBrd7B8jJp3NLjzpfB8vH8MJzCDMlZydCjAH4zSU,Dan Downey,https://play-lh.googleusercontent.com/-0ZC2SGahkJ0/AAAAAAAAAAI/AAAAAAAAAAA/AMZuucmZjSl9MSMF5Y1SglMzydR8evBoJA/photo.jpg,Will not load.,1,0,1.0.0,2019-10-16 19:28:51,,
gp:AOqpTOGS1lwOxqXlNgcpDb6k57bV0KIBBr1MpfwAr1-y8mBxyxG7Zd31kDMCxo0stt557DE2SvO1vXdlQwog2tI,April Roling,https://play-lh.googleusercontent.com/-3RZ_qSZwSB8/AAAAAAAAAAI/AAAAAAAAAAA/AMZuucnJkoyGBgji7hFXRrOnSelxZuC1XA/photo.jpg,I want a refund it doesn't even work,1,0,1.0.0,2019-09-23 19:28:12,,
gp:AOqpTOHwPRWnGhSOqUq3wK7HivPKvUc1xQYxkogbfsj7FDU8BzdawSApBGot6rtCQehT8EW1IElrCxsGjPGinYk,Marianne Grant,https://play-lh.googleusercontent.com/-ZbHUJ24sr54/AAAAAAAAAAI/AAAAAAAAAAA/AMZuucnH5yQIK-IKauaOtsIACpcguGuj1Q/photo.jpg,I paid for this game and it is completely blank!,1,1,1.0.0,2019-09-10 18:46:44,,
gp:AOqpTOFdmZvzrGsxjDFcqqLNh7RfeCcMS0nXnLIsBmK2wA1VoK3HcS8eWNyVcQ8Qz_I72srkgxsoLj1GTpYlPPk,Jacqueline Reese,https://play-lh.googleusercontent.com/-1uzjCEFMg0U/AAAAAAAAAAI/AAAAAAAAAAA/AMZuucmeH-W5Qtp1Y4uCUmQZDf7B-moPsg/photo.jpg,Game graphic are too small and don't work correctly,1,0,1.0.0,2019-09-09 03:08:44,,
gp:AOqpTOGGP6Enbf68wR1MhoB3Kx5LWojzTZqAcF8bfRaEChC5CllYlQCJLZ7lyyqMPP3aNzb7eNp-8OiGq5pNDm4,claire newton,https://play-lh.googleusercontent.com/-CJAYcUIVF2U/AAAAAAAAAAI/AAAAAAAAAAA/AMZuucl2MU_DkdkhuIBsh73pfpmcgRmJpA/photo.jpg,wont open or play just getting black screen,1,1,1.0.0,2019-08-30 03:45:54,,
gp:AOqpTOEHDOu_ejNvj1mhq2KN6GTJqGMVW3wPI1sw0zV8eYRb9pYc3dOW3fq4Jnd2Ce4dXIGFyGYhUvdvZ92sHaQ,Nancy Margiotta,https://play-lh.googleusercontent.com/a-/AOh14GgHfhr8aOEF4ZA7QajVGSpexHzDnh-VuLwkUJs9vg,The game would not open,1,0,,2019-08-02 13:37:11,,
gp:AOqpTOHRYf3MNC6DXYn8Og6oVRGfpev0dqJgtscf0sa041-Vy5tkpAQB1CU85mMyl2QDZyf1wYoNjImhVbCgSPU,Vikki P,https://play-lh.googleusercontent.com/a-/AOh14GgvzFy_QMyVW7NxXhANQbWyQPqShbIwkGpNdZftpw,game would not play. tried many time reinstalling and still only get a black screen. save your money! at this point it feels like i was ripped off :(,1,8,1.0.0,2019-08-01 08:00:09,,
gp:AOqpTOHLY75-X1C8JYuYQkizhNvFvnxFcUB2IoB2TsG29fh9BwgQDyJAkRor7UDYGj_H7mjaIUETO5_mzd0iAD0,Nikki Dodd,https://play-lh.googleusercontent.com/-JlBUK1xBkBI/AAAAAAAAAAI/AAAAAAAAAAA/AMZuucnHmfOYGsOcPVg-cMDTkBlDaZP0lw/photo.jpg,"As an older person, it was very difficult for me to see items. Too dark. Wish I had saved my money.",1,2,1.0.0,2019-07-22 16:36:43,,
gp:AOqpTOFNuWxxrBrC6L-qO3eohcyhEGu3rOBD9q6egkfSkq3m2rlJiTbaKBVAVohaJnVRJFo8f1rzrWtVlnkkCNs,Colin Bewley,https://play-lh.googleusercontent.com/-z4opgZFQP6U/AAAAAAAAAAI/AAAAAAAAAAA/AMZuucn2sHfodLCh5AhA8EGfK4oJHhWAWQ/photo.jpg,will not open . seemed to install fine. No refund option. Need refund.,1,2,1.0.0,2019-07-19 21:27:26,,
gp:AOqpTOE5X5KhKy6osGKCZEG0KwtmWyjvlJxQm5UdzK2p4zYLRC7OjtVfIPAvowT2e36-ijJ01JEJEcS24EZme9s,Chris Preveziotis,https://play-lh.googleusercontent.com/-34YVt9b41vY/AAAAAAAAAAI/AAAAAAAAAAA/AMZuucnfhH7Ai95l2XYxBPEHIwYAE5Z0QA/photo.jpg,unable to open the game. pls refund the money.,1,1,1.0.0,2019-07-10 13:38:20,,
gp:AOqpTOGXDCCZz-BKGuaBk7_GgYMN3Ik6Gg9uZD4p7hSiyK5yNVO2SfFNyzmgSAXRLJ_6g4lVb-TWBxSF8-Wokw0,Eric Polhamus,https://play-lh.googleusercontent.com/-ENXOOKhvGPs/AAAAAAAAAAI/AAAAAAAAAAA/AMZuuclsa4YXUSWXULvbiyUpc7eGGpF_9A/photo.jpg,Game won't load,1,1,,2019-07-02 18:47:10,,
gp:AOqpTOEbIstsBvLicHTNhfyax86U75vVVCm1iYskgNIcSBdBcKH1FH6ajsbeElGdZFIZQqpmxfBmyFNwL6s0v7c,Leeyora Santos,https://play-lh.googleusercontent.com/-tpfAmjHtE8Q/AAAAAAAAAAI/AAAAAAAAAAA/AMZuuclRVNJmv2mU8CquB6NnBZ3XQsmTTw/photo.jpg,I purchased this game and I can't even play it. How can I get a refund?,1,0,1.0.0,2019-06-30 06:47:16,,
gp:AOqpTOHcoALjQeXfLaOCYt-TKx6PkO6Fd6gh1pYyOkE69TOEqQgU1pm5YzJFiPjaFHd253GEwjgFW2M3JmoJ1R8,Kelly Shondel,https://play-lh.googleusercontent.com/-UQLlFfqroUo/AAAAAAAAAAI/AAAAAAAAAAA/AMZuuckQIprGLrAPnWcXraTw_bd6pGz3DQ/photo.jpg,Tried to install numerous times and still wont open. refund please,1,1,,2019-06-26 21:31:01,,
gp:AOqpTOG7b2pZS6z3cq-FAXuDYVE76JW9QAnpzNBgcn3inGLzQGL164oXgFwIc-pEPkHlqie5eKLUsmRI3RMobuo,Kate Taylor,https://play-lh.googleusercontent.com/-QY7riSqlm1M/AAAAAAAAAAI/AAAAAAAAAAA/AMZuucmj1uZ-eVPs5OulqslkdXje92n3VA/photo.jpg,cannot get this to work. how do I get a refund please.,1,0,1.0.0,2019-06-24 11:19:49,,
gp:AOqpTOGOyDI0T6pDbqEcide8UiakRdabHgJEaSfvDCBj5uqWSV6y1NPpYbAJFe7BNxMPl85BgWcYR593m0f22yQ,Kenny Korba,https://play-lh.googleusercontent.com/a-/AOh14GjMl5kGvtiGQ7DrtzXs0LMDGA40XtaiVBsXj5VCWA,"still wont open,refund please",1,0,1.0.0,2019-06-18 07:21:33,,
gp:AOqpTOES-9GMgwXys5Ijw26x21dPWY9Zb4Ot1wAuvy7ex6Er8TW9E8vLEEe3jUj26bVWXjaHiYs1nEHrDmzEYKU,Julie Randell,https://play-lh.googleusercontent.com/a-/AOh14Gg7wdqXTVeD-1inPeUyOUtzEyd2h_qKlvsJdZqCPHs,"took my money, app doesn't work .... what's up with the game not opening ????????????",1,1,1.0.0,2019-06-17 13:40:35,,
gp:AOqpTOHYoAGFuRhUAf-6Ut7raal-hJyhqGnZ3VZaWsdHwvSSiA6U9HIAAP8_LIpL6batLC-5tEnqArvSxygaWLs,Amy McGuiness,https://play-lh.googleusercontent.com/a-/AOh14GiKSMIozbGOf5dMpk47l5jywo7bYGLWUCtfpjY32PE,purchased and not working,1,0,1.0.0,2019-06-09 05:26:47,,
gp:AOqpTOGq0d8viYyrPDb_KNalGzLbpZbSBv6ZtQFlHo7zyTt83JO9QAHqCqrhlGs5bXVhtOh9zxyz2r5cz5C55ZE,Kathleen Rosarta,https://play-lh.googleusercontent.com/-DRq1VFfVq1I/AAAAAAAAAAI/AAAAAAAAAAA/AMZuucnzwChf6EC6_U7kxzaUXfuO3SrEBg/photo.jpg,when I first downloaded and paid for the full version it was fun then I had to close it and come back to it later and since then it will not open which makes it not fun,2,2,1.0.0,2019-06-08 20:10:41,,
gp:AOqpTOHK1oMjy6jwBGQWefL21vYjS7MdaWlKcRcK3WcUQNansVKWoLQlVzi3T3bZwzz7FJtTlT06EsEXeYnK-mo,Stefanie Havens,https://play-lh.googleusercontent.com/a-/AOh14GjIyaDutLllzo2z5ypvyZ4BTj18os_4x5TW3GbU,Unable to play.,1,1,1.0.0,2019-06-03 15:18:29,,
gp:AOqpTOHEgdySOnBeLXxbMT1n8lJpxRQVdQkHQ--mayRp28Wjl7PgYJBUbQ9Y17cKA0a0SZbANIgvmzKcHIuLk9U,מרים לוינגר,https://play-lh.googleusercontent.com/-yl7vo8nO2kE/AAAAAAAAAAI/AAAAAAAAAAA/AMZuucnVV01uhMtsYHvyhgqKZUsngNYlew/photo.jpg,"Downloaded won't open. U installed reinstalled, same thing. Please refund my money",1,3,1.0.0,2019-05-19 04:31:12,,
gp:AOqpTOGWlMdEwuT05XYtPe1z6-p1nkRyf-BC8iPn0IrglvZK_mwYmM1UDm1Vbmy7RYFYJikATUw5ZYI0lSu-X_8,Rehnoom Anjee,https://play-lh.googleusercontent.com/a-/AOh14GiSNbo5XuVDvs9q6BitIbh9gMuTu2O4YPVH8ZAB,loved it. worked beautifully. enjoyed playing the game. strategy guide was really helpful. money well spent. glad it didn't go down the drain.,5,4,1.0.0,2019-05-19 04:01:25,,
gp:AOqpTOESRWweGcfFmxTGvO9leP7QtO7HvCKPtdh8IdwIn4Gpi3fwanWDYyv4UNBGSQXFqTtvEHwPqcgnrT7gLAo,Debora Serra,https://play-lh.googleusercontent.com/a-/AOh14GhQwTCHlue8z2ybTaekt2KgUdFgc8P2UJ0VVjfY6y8,Doesn't work,1,0,1.0.0,2019-05-17 15:08:05,,
gp:AOqpTOGPnk--rNCGewH9E1oUMP62Do41Wy2Zr41PtsnMZ5ITUZRp8PpHNNwYuWhAbqhax3XsmRMwycDDh1WR5i8,Dora Hale,https://play-lh.googleusercontent.com/-kh7cEAXnrCQ/AAAAAAAAAAI/AAAAAAAAAAA/AMZuucnpapPERFRoHalymNAQEhaqHh-WdA/photo.jpg,"great game. but even with the strategy guide, some puzzles were maddening. the dials on the capsule, for example.",3,0,1.0.0,2019-05-08 06:19:14,,
gp:AOqpTOE9kdWADZ0T1fN4xrprKUtkSv9_dnsCm7NV3RoTAvsm5Hi4bGLh1kwI5px7tmjKoU8e0MO_caOpgc_2oOQ,ben mansour,https://play-lh.googleusercontent.com/-C2qNvKXnF8k/AAAAAAAAAAI/AAAAAAAAAAA/AMZuucmyJi7FdJTH9QkwaAV_1EhfqzGZxQ/photo.jpg,it wont work. I click to play and it wont load,1,1,,2019-05-04 09:03:37,,
gp:AOqpTOHblMEy8ZdYd8Ex7SK0vP448FTvNLx2mXE0sWNHAeYSkUo8Amam42SN99gQAqsd3BLPwvDFz629gfvvgJg,Chris Trey,https://play-lh.googleusercontent.com/a-/AOh14GjASKoinRscROJ2JajM7jqG_8PcHIC-K5CGWYzVHg,won't load I want money back immediately,1,0,1.0.0,2019-05-03 16:40:42,,
gp:AOqpTOE08kJyE9QjEztqFfGmNRB1Gpve0Y3MCsDf8fCW6BCt3PELMKHV2-KWbM7RjB8uMrw_hhcwqr2F5T_juyQ,Melissa Cantrell,https://play-lh.googleusercontent.com/-idKtIRfjd1c/AAAAAAAAAAI/AAAAAAAAAAA/AMZuuckA3RFo7mE54ejE85mM_0H3ona6QA/photo.jpg,i installed but could only get a blank screen when opened. big letdown.,2,1,,2019-04-29 22:45:03,,
gp:AOqpTOF_m0tbOYJK0K_j6c5IKd8J1l_GLGNM56zFdUBeJaQN1n1cEl4nf6z1kNSkz-WzRti3_KKYC_8F3_eRqp0,Heidi Dunn,https://play-lh.googleusercontent.com/a-/AOh14GiaJ3ahadSdtTwT-4gDftaPCUBFrXOnFcXr5M_2Dw,"i have tried to download this several times but with no success and paid for , please sort it out !",1,1,1.0.0,2019-04-19 01:14:34,,
gp:AOqpTOF3F-2SgRjuso-k9S9JzJT6Ln_9fNHLXl-jH6kHYkrw3XrMT1yxHtrUkg9PG6u-k3YGoW87SJDaMsL4XYc,Alexandra Clews,https://play-lh.googleusercontent.com/-BEuX__YnE_U/AAAAAAAAAAI/AAAAAAAAAAA/AMZuuclJwoNgASds_dOUxsvFBdGPSAxCVQ/photo.jpg,only giving one star because I have to so that I can leave this comment. this game will not play at all. have tried deleting and reinstalling many times and it still won't play. I want a refund.,1,10,1.0.0,2019-04-04 03:32:16,,
gp:AOqpTOE_Fe-Qvk9iNbxuObVmWcs0mb3gIP-lM4myzblCLEYleLHkj7SMw2FabYhsDC5SNOvyuw2zRiw0QtneCD8,Danni Stamm,https://play-lh.googleusercontent.com/-1am0FR3n0oY/AAAAAAAAAAI/AAAAAAAAAAA/AMZuuclvUb9DLPmpbAEzpGEsk-IJTh9hYQ/photo.jpg,paid for it but it would not load!,1,1,,2019-04-01 21:39:36,,
gp:AOqpTOFKg0o2STJyBJYRKIsHKjFvmg66xNZIuqjObjYj-DfhpPduNo4JqWKQ28lv-Urp2x7xyYQK3MRJcDq9ra8,Angie S.,https://play-lh.googleusercontent.com/a-/AOh14Giq0qK3vPGjHM0vL_SwP9UJV_4uIfuhxfX26SEs6Q,still not opening,1,0,,2019-01-20 22:13:46,,
gp:AOqpTOHb_S-r0wcp3K1lwhpqYSitcpDDG21SHei6m5VQ4vcYms-Ggqjn0BiLZDP0AiTYUPect-j1stxALOCb5Zg,DAVID Woodward,https://play-lh.googleusercontent.com/a-/AOh14GiWjI7iRmvFKwefhoWyIYSqJhcM90NEpIH7z2Oc,unfortunately would not load,1,1,,2019-01-02 18:26:38,,
gp:AOqpTOGGlCOFOLyn69jaVADTSw7zYt9gT23sjQfUMlHHkHU16LiyFW4dDHxGmrv1AcdpUtWMpudTKI2EHLktb68,Louise Heaton,https://play-lh.googleusercontent.com/-YFs0sAf7r-U/AAAAAAAAAAI/AAAAAAAAAAA/AMZuucmMR2NFxR1ZBASnxTuRo_iaY1qDYA/photo.jpg,I've tried several times to play this and it won't work,3,4,1.0.0,2018-12-29 12:34:45,,
gp:AOqpTOEPDk2-vdw9mR5GuWlJnj4UXhmY7gYgzCK4HsTwFvtkxqTaMM58Ccy2mV8DsV25650Zec45RZa-QCmfyBk,Aileen Saint,https://play-lh.googleusercontent.com/a-/AOh14GhZuiUpBKLJ9tjJK3bTJZUi2avvcLxzTAqBfK5dXg,I couldn't download it and was asking me to delete programs that was in my storage even tho I had space on the tablets built in storage. I want my money back😠😠😠,1,3,,2018-11-27 05:08:28,,
gp:AOqpTOHGyyE86Zv6Bj7I-SSyYTognYCedrA3koXQnTQugKSKt7VSHrB3xC0yJa5isoiauoqJa-1ubXPYld7lFGQ,Elizabeth Moyle,https://play-lh.googleusercontent.com/a-/AOh14Gj12SI5SQmPACzLoTJP9Apwezr8UTp1KnX2jyGo,Won't even load,1,1,,2018-10-22 04:46:33,,
gp:AOqpTOFMV1-ufKEw21GM51oMt-MhY1KVta9D2R6KC1dSUHWCzrE4J8N530P90kmsSowj99x6K-m4k9roo-jYXVk,Michelle Agron,https://play-lh.googleusercontent.com/-aW06yHmbvpw/AAAAAAAAAAI/AAAAAAAAAAA/AMZuucnrDn1mOFTpml5U_giDQ6mIU1ovww/photo.jpg,Love ittt.,5,0,1.0.0,2018-10-18 13:01:45,,
gp:AOqpTOHLuOfb7ZCOlWFNivrIlYsLvp5M8u4uCna3gY5bpyOrxSUkE6PyheXLVjysvgCK8cVA5GbkHUsskply-Ck,Tammy Porchia,https://play-lh.googleusercontent.com/a-/AOh14GiH3IeKH7RdMLU8jKMSKmlbE12Bvk94l_OkYir8vA,Sticky buttons,5,0,1.0.0,2018-09-04 22:08:14,,
gp:AOqpTOHVPSXRLDinIYjyGP1tRJNxbeOlVIrYeaQxlIbIHJgAa2SfnB5lnQ0pgqsn27XNJ82iwC8ARkxTtVBYFu4,Breck A Bartlow,https://play-lh.googleusercontent.com/a-/AOh14GgNxJ4HvzCsrl4gLH9XCg6tPc5vYhlj1LjVsovHMg,"I had this game for months before I finally figured out how to get anywhere 
on it. I was stuck on the first island forever, but once you figure it out 
it's a pretty damn good game, unique.",4,0,1.0.0,2018-07-27 21:14:53,,
gp:AOqpTOF9jjC57NW-Z6ilqpvnNqmMcMqzUORCGj02J9c7OgJYi5oGpsYFoF6VGfm_5PFfShhKZHtt5GSkhOJ8z3A,Discrete Loner,https://play-lh.googleusercontent.com/a-/AOh14Gjwiw1KiTQi_OWxQIEc7ivyvyumnNYEiHTqD945qA,Did not work.,1,1,,2018-07-26 02:12:39,,
gp:AOqpTOE0yTTYMnuviMKBWaZnQKgA502Y6Gq4tfi9t9Z--AMrBQ0vechp_O-xDgTIl5wMAtTXpWvk25OaeWZ1p4k,Hanna Grant,https://play-lh.googleusercontent.com/-PlqGtlB67GA/AAAAAAAAAAI/AAAAAAAAAAA/AMZuucm-65aK0trQajJRBnQHQCGRcJag7w/photo.jpg,Game wont even start! emailed twice with no response it's been over a month!,1,1,1.0.0,2018-05-16 03:03:27,,
gp:AOqpTOGdHcSXH7wV9n38Z355kIPVGo7JyjfayRlrqVirP4k67W8dDK9NFZDqxwwrtoDe_Wb9_m8iDZb8q7Zstjg,Pete schuelke,https://play-lh.googleusercontent.com/-lbo8DapXtcs/AAAAAAAAAAI/AAAAAAAAAAA/AMZuucm8RghL4y3dQNNlxhrGs-yQR-Wpww/photo.jpg,Still won't work and no refund option.,1,1,1.0.0,2018-03-25 10:53:32,,
gp:AOqpTOFoCqrj7N2gkhzOPXESwxQ_wMz_eyiKoFDG2W51zDzjx1pPtwlnMuwzgE0B-6xbWwburlippDTOFq8zTO4,Natasha Harelle,https://play-lh.googleusercontent.com/a-/AOh14Gic6JKiqpjdjqUzqfjf7jNtBru2UHxCm5L6r2s5,I want my money back the game will not load at all,1,1,,2018-01-16 19:20:29,,
gp:AOqpTOGv9fvNPp9_xnkA-A1nKsSq6LIxWdC6_ClGOBD_zpj1lfGj7lyAPbQ3Fo-0AiRe1paPTFIvLw2fgcz0jVw,Lynda Lathwood,https://play-lh.googleusercontent.com/-oZw5FGBIul8/AAAAAAAAAAI/AAAAAAAAAAA/AMZuuckZ0pCSBzwhQ3m_fudYrGCtmsrBJg/photo.jpg,Quite good - a little old fashioned but quite enjoyable - no real problems at all - intriguing puzzles,4,0,1.0.0,2017-12-24 10:34:48,,
gp:AOqpTOGmQqaV7rTTxSPxG_mxhpeFrhZbPg65xMgMDi1H_q05ySltP_k6DhZR8py3Cnkr51GjjJhX5X1pkhvx0cg,Jode P,https://play-lh.googleusercontent.com/-felomyr2UcE/AAAAAAAAAAI/AAAAAAAAAAA/AMZuuckwT8wYJMCWdrfSWxNz9mcD-EkxtQ/photo.jpg,Very glitchy annoyed me too much to play whole game,2,0,,2017-11-12 03:30:04,,
gp:AOqpTOEbcaW7Kd7QLkoGAHPyK4CLbvZitvsaHqKRvM88lmCbVsFImfWJWvzoUQMAKLiU_J65DMV1rNXnS_T0RF4,Victoria Morris,https://play-lh.googleusercontent.com/a-/AOh14GiIEhznDbqnn4cCV9WGhTKc1eFb1wkbjZw0qai8voM,What's going on I've payed for this game and it's not working I want my money back!!!,1,1,1.0.0,2017-10-08 05:00:41,,
gp:AOqpTOE3LjqfsoXFUSMJYaafRp1DtrWtiUVxKbZNf36-M-9eOanCtdvnlZyFTFY_UT9dFzhWF9bYnMHN2K3_nJc,OH NO GUNNING,https://play-lh.googleusercontent.com/a-/AOh14Gh-dV-RbAoM1qlM6ld2uVA1Jimqnz5SFQrSFgNRDg,I could never open it.  Want my money back!!,2,1,1.0.0,2017-09-16 18:22:01,,
gp:AOqpTOFvA6N2S856WUyLH87t_NGrl0nJbus9xepBuqV7fkmh2yfJnzj73SjjDu4LlKJVaDd_nIud1RCMLEQP6V0,michelle butara,https://play-lh.googleusercontent.com/-7rlQCHxVxfY/AAAAAAAAAAI/AAAAAAAAAAA/AMZuucmoPyF7oTD9oKCfnwzT6xvtfA6BpQ/photo.jpg,Game won't load...i paid for this and all I get is a black screen..would like a refund!!!,1,1,1.0.0,2017-08-31 00:41:21,,
gp:AOqpTOEDeRUmYjvmyDLn6Kn9928OqXQTnqJS-IQUI-ftvBgxOwyc5IEUAu_rkd5XtEB88j0a7_j_SGlCvpKOLII,Kay Attaway,https://play-lh.googleusercontent.com/-4-om57tuG9I/AAAAAAAAAAI/AAAAAAAAAAA/AMZuucmAHqtvPmcPcJeD6DoMCNC5MjUaUw/photo.jpg,I ģot so mad restarted 3 time like to have money and I'll spend  it on another's  game  and I buy a lot of games,1,1,1.0.0,2017-07-31 10:25:35,,
gp:AOqpTOF0TQTnl-6BIjYfSzf3gvf3rf4U3CPzuXEoGTJxbKyKtBBFAoVP7xehQGqpnlcV7bfwQMNt1eEDh5WZDdE,Regina Marie,https://play-lh.googleusercontent.com/a-/AOh14Gicpjh5X3IXkjlb0qMejPnaL5R4KMu2HPOKxWjUxg,Got $2 from Google play. I've wanted to play this game. Come back later with the review. 7.29.17,5,1,,2017-07-29 13:18:05,,
gp:AOqpTOEtKE7AEtkDYCzS45hzzR7efcV5uGov-R0oPFEEE89kcDoBT8fje27r55UCKxduhMF-1iDcZF--7slXhsg,M. O.,https://play-lh.googleusercontent.com/a-/AOh14Gj3gfbm0q-NCjEB3QJ60Y2MuIWz2obrpHksGUHhnQ,"The game will not even load. Have provided feedback with the error message, however, have not received any response. Requesting a refund is not an available option to choose. Quite disappointed.",1,1,1.0.0,2017-07-23 09:37:37,,
gp:AOqpTOFHCWn6N9KkO-1dolpsAcDPGuzYP2qVi2UvuYMdF0T2NFJIieaMuvSImqGnO1F-nxXHAcf9T21t9VDTc6E,Totoro,https://play-lh.googleusercontent.com/-RniZWskr270/AAAAAAAAAAI/AAAAAAAAAAA/AMZuuclGDdjxn7ycHGIqFO1JZdoUGcaJVg/photo.jpg,Not the type of gameplay I'm used to but a welcome change. Everything about this game is so different from all the others. Nice story that was fairly easy to follow. Long game that really makes you think. Had to check the strategy guide a couple of times but  that was ok. I really enjoyed this game and would recommend it ......give it a go.,4,0,1.0.0,2017-07-19 06:59:31,,
gp:AOqpTOHzY3O1lpKxypO6fE9KqKG_ZbxaYuCHeKPUjosV8RUgxb6cM9lC7oveA2uJllljfNGATBCheyBov0u-CJo,THIS IS COLORADO!!!!!!!!!!!!,https://play-lh.googleusercontent.com/a-/AOh14GjMlyGJfOJLB2wbMwdVMgH9WGtUQCQ9g9kGfThLyQ,I love the story line. And its not one of those short 🎮 that you finish it fast.,4,0,1.0.0,2017-04-30 03:17:10,,
gp:AOqpTOEmm4fCHWzlS8968jzZJYvP8htaq9uPfqV7KExw8KVI8w_bfKY8QA3NPEgXCE0zFUIVAEtevYmFB5ZojKU,Seriously Serious,https://play-lh.googleusercontent.com/a-/AOh14Ggol1SQ2rWaempXa0YSk1G3chadyyaTJK1sfXkYeg,Paid for it and it won't even open. I want a refund,1,1,,2017-04-17 23:26:49,,
gp:AOqpTOGAVJnuuEQPGTUAg5X4VB48GANrsz_baFv-dPufsIim0M6bdAxZsKEyowKNImuJvyecK7cSmO_y32tHORM,Nick and Pam Morano,https://play-lh.googleusercontent.com/a-/AOh14Gh1XIsx7-BtGKKqQavBy9rF2-BQazkyZwiI1cqxhw,"Very relaxing and nice graphics and fun puzzles .  Try it, you'll like it.",5,0,1.0.0,2017-02-23 22:34:35,,
gp:AOqpTOGwYlBSvOB8uQ0rCqJorM9NuFztfEtZFpndPGyRTRJzaHjk0F4rKeO13ev7Q4lD9ZyzitSHUOGxAzf4EKs,Michael john Maloney,https://play-lh.googleusercontent.com/-2-qAzh5ZXlY/AAAAAAAAAAI/AAAAAAAAAAA/AMZuuckA3IXQnE8M4gMY6y38GdkY8uvmeQ/photo.jpg,"Great game, just getting used to the way it plays.",5,0,1.0.0,2017-02-07 10:38:09,,
gp:AOqpTOE_DHgqzHCIVbqm3SacDB_bXT55NRE2Y4OT2g52-g0Vb8Ze3zx861GuscIahhbiD9HRsj9Cim7ZtvyFQcc,Valerie Read,https://play-lh.googleusercontent.com/-koBLd00P7II/AAAAAAAAAAI/AAAAAAAAAAA/AMZuucnaCGQVeoXejyc2V0LjtZZI6-6YlQ/photo.jpg,Devils triangle,4,0,1.0.0,2017-01-06 23:59:57,,
gp:AOqpTOH7hDQGNhDaC3QXIQM5-pep43lnAg1ql32qBZVJWWTckOt6QDDJa3uyQKl88TlRAH-VLtWkVejlyzJOYY0,Amie Uke,https://play-lh.googleusercontent.com/a-/AOh14GgJLl3CrvgMbOXWfLE8YAyNPvm5C1kk7m3_jkRLAA,Fantastic graphics worth the struggle to learn it's quirks,5,0,1.0.0,2016-12-03 00:14:08,,
gp:AOqpTOHdpfcg-Jmp6ZSC86NnumMeK22ff428uUcVYoJmAPu3-_MZ7TVkhYZbZcMgdm5Y1kXOs03gg5GjWW6O_VY,John B,https://play-lh.googleusercontent.com/-xC7UqYqQ8Iw/AAAAAAAAAAI/AAAAAAAAAAA/AMZuucl7KxR8WxHWqybfDcTwa1XCZZFJJg/photo.jpg,As fun as the desktop version,5,0,1.0.0,2016-11-25 15:34:43,,
gp:AOqpTOFEjaEZNhwtH25NHDTl7MN1sM45SF9oAj3TwY_Y3ZdwFZdJSJHfwsQphoGVb8C2wtakNR9d9oOtYFcsnYE,Elaine Friend,https://play-lh.googleusercontent.com/a-/AOh14GjH-sZO0NPr2A9YxsCFaTWY5AmNROFZIPAwT5A4tA,Very disappointed from the beginning!,1,0,1.0.0,2016-10-10 04:21:04,,
gp:AOqpTOEmbnD9oRwEUHCyzM9JCW_OVF3mTsoT6HxlOW47L_QFg3DWj8YXoW6hsi-5pv3_q_1rzq-ENgAo-35pUNM,Richard Howard,https://play-lh.googleusercontent.com/-AqhrIjSyMA8/AAAAAAAAAAI/AAAAAAAAAAA/AMZuuckJ32R6LOrujJ7s5KwQA47ZRbDsCw/photo.jpg,Where the hell is the sequel... Been waiting years!,5,1,1.0.0,2016-10-09 08:08:20,,
gp:AOqpTOGOyhiKzQBgvpXHJ_Qc_5URSq7LE4piL6TghDV0xkuJHOkfsZUOe_o00Oai3FWp1zjnQaRNM0qNR6lyQQ0,Candice Jackson,https://play-lh.googleusercontent.com/a-/AOh14GhspjpCyHAheE3Bzj7iFYwCZ3NmMT9Pdtkphrgj,I've played many of the HE games on iPhone and Pc. They were much longer and the mini games made more sense of what was needed to be done.  Only a couple of the He games are available on Android. :-( couldn't get He 5 to run on my Pc and not the best on my iPhone so I was hoping I could get it here.,3,0,1.0.0,2016-10-03 21:29:05,,
gp:AOqpTOEEWIbe1uEEGGQFRexnEBxfSIaiTpgfsjvQWI66ryxa2Df0fzQjE4uv2fyf4bpLUUxR0nH0ihLR0vPtx1I,ZerciaMaze,https://play-lh.googleusercontent.com/-BJVAD13Vjks/AAAAAAAAAAI/AAAAAAAAAAA/AMZuuckPDeelMBgQ6EBZxVXUvDNPmvgxgw/photo.jpg,But I do find it a pain to do some stuff in it.  Like putting in codes.,3,0,1.0.0,2016-09-18 21:21:31,,
gp:AOqpTOFe2yNhVsTCxCRmxXUMgge2iPuHZgvv7sVqHy1F9eIdOkiJ5xcfc83cmy2OOj2szKmWOD2pVucTzWFCphA,Lorraine Moth,https://play-lh.googleusercontent.com/-A73MKCj7cn4/AAAAAAAAAAI/AAAAAAAAAAA/AMZuucnqXLhB_EYfy_7AJK1GJUFJZV7HOg/photo.jpg,Good game,5,0,1.0.0,2016-08-09 03:17:38,,
gp:AOqpTOHdYdT4Z2bz_LVidABD3wlPQFrzH_B94K7rtnXXA9LuavKMTHKpKw84jA5UbStzi1mo0jf1SDgo-wE_P0Y,Siobhan Byrne,https://play-lh.googleusercontent.com/-M8CFL6Cjgb8/AAAAAAAAAAI/AAAAAAAAAAA/AMZuucnU8vq_icSOrTG_NQN3rU0VxIKRVg/photo.jpg,Can't get past tutorial because glitch in game. Drill won't open the crate.,1,0,1.0.0,2016-07-27 13:22:49,,
gp:AOqpTOEGvnLqom-lZHqh_iYunVURWStr5Yggd6oRKl29tX98_DNbZNQ3nUeBkbl1D5WA_U0am1JJO2-7RqM0AYM,Charlotte Raymond,https://play-lh.googleusercontent.com/-MxRpBKm_Ww8/AAAAAAAAAAI/AAAAAAAAAAA/AMZuucl8YfwKIR-WjM9PC1CHbaeBgaRYNg/photo.jpg,To complicated,1,0,1.0.0,2016-07-17 15:57:56,,
gp:AOqpTOHViK58KUdzkI6tMPGaCV-uU6wL-bxM6A_kT5VNS31RrZLEbbqRkhMIngJS1CZPk5DTrBSYMGVMrBZxRGQ,Debra Scott,https://play-lh.googleusercontent.com/a-/AOh14GiDlmd-ygFteZpqfblgsXyHmEoAJTCWxQfBW70E,Glitches. Too slow. Not working,1,0,1.0.0,2016-05-31 23:13:24,,
gp:AOqpTOHU0A4OboiHwUv6yNlm7zhXlG5yOhYEVZ8W6jCziJK4365sd-Aavl5z_JV69uSGW2l3DHhMcaIgj2rKdMw,Emma-Sue Briggs,https://play-lh.googleusercontent.com/-DfQx_viGfl4/AAAAAAAAAAI/AAAAAAAAAAA/AMZuuckRgSMgFh9XXRXNAhhwWmnoVbiKcQ/photo.jpg,"Just too fiddly on my phone screen, really aggravating. Really tried as I paid and wish I hadn't",1,1,1.0.0,2016-05-11 13:39:44,,
gp:AOqpTOG3zyoWifQ_LQhClx65U8EkbbDwXF-ovAe5KhT_SBuxHyHu6bxhMZsSMrcW7ykzPdJAQ9k7IeVjTKsdEqg,Jenn Collison,https://play-lh.googleusercontent.com/-6h8J9VGGTvQ/AAAAAAAAAAI/AAAAAAAAAAA/AMZuuclQDNY2BY-yX0TMxF8uohuqjeZScw/photo.jpg,"Paid for this game, it will open but once I try to start playing it shuts down on me! Severely disappointed and would like a refund!",1,0,1.0.0,2016-04-26 18:18:29,,
gp:AOqpTOGzPZm90VdUzOvyejjyv7GnuuKDymlJ6ecNhYVM0JpuyDQtxhCpQl4OCzfqVLQdWRboxkzcjaxVf-QnUJs,Laura Henderson,https://play-lh.googleusercontent.com/-AoaM9VFIGv4/AAAAAAAAAAI/AAAAAAAAAAA/AMZuucnUOz5qqZ6KbwHP3kud1G4FDZaLKQ/photo.jpg,Didn't work at all for me. Stuck on load screen,1,0,,2016-04-14 17:23:17,,
gp:AOqpTOF_KX3infSNPkG9AqNrBaBYe2wOr8y2weqxIlD0y4ANG3nj50nQ7kUCYxr52cd6x8RohVfYQex8r731fNA,Loni Carr,https://play-lh.googleusercontent.com/-F5DztfyhP2M/AAAAAAAAAAI/AAAAAAAAAAA/AMZuucnTwTpdpy7Mx1ovkJLySOBStRUXag/photo.jpg,Tried reinstalling twice and still the game freezes about halfway through.,1,0,1.0.0,2016-04-13 17:55:24,,
gp:AOqpTOGhFWu2IU5UA1q_0-8HORA1h7k5Cx-Ipvbqkh4rlYYrLrOXok3_c24ajwIxzZ0T_2AwQaV4_4D8SUCtGrE,hi I like flowers,https://play-lh.googleusercontent.com/a-/AOh14Gi1ZFLfyGzo4NmIsXpLX6vyg59wq24YGzkAhs56lw,"Direction less, items tiny, and sound didn't work, got stuck at the elevator even though I know for a fact the code was correct after resorting to the guide still would not work. Want my money back.",1,1,1.0.0,2016-03-08 05:49:09,,
gp:AOqpTOEGR30170Yf7X7a_PAgB2u9Y81BUr1RDV0RE-uCOEKPhQTTkZLKwNjcQ3F7Ujm4O44kwVHy-dwPpTWczIw,Frank Miller,https://play-lh.googleusercontent.com/a-/AOh14GjPMZd4S8YnavlH74A3axDkB6wU3zkt05ku4T-U,Very fun game once you understand the concept,5,0,1.0.0,2016-02-07 17:58:44,,
gp:AOqpTOHIUpbt-G_DvTxXEGTAx81F-REHP_Emo55-iDv-UpmpKIzAHXl7_bgX-egJoxNG8ZJqp18omz5-9ORIJLw,Lorie Lawrence,https://play-lh.googleusercontent.com/-nqxYvJGmIQU/AAAAAAAAAAI/AAAAAAAAAAA/AMZuuclwq3CrsN2mBWtSMNfHP6p0qY5I2w/photo.jpg,A good game to play.,5,0,1.0.0,2016-01-28 00:54:12,,
gp:AOqpTOHiRLmJyle_s1mTvMo-tmKmOqM5EsX2JElUzwEPqPZDW0G3hTGpBy2txyZuo9KiEuxYvtYMP90BdHiYJSo,Sarah Reynolds,https://play-lh.googleusercontent.com/a-/AOh14GhT_CkddukMYwOKbPzG-r-XRIJu5v3H8k4CZwQtqQ,Brilliant game.,5,0,1.0.0,2016-01-20 14:19:05,,
gp:AOqpTOFdJu6QI0207H64NKtNOfnP8WUZRC0T6yswNjYgAMkD0QGr672e8_Fx93AM7QMnUmmlwZXlgL375hratFk,Becca,https://play-lh.googleusercontent.com/a-/AOh14Gi3yP5yfiGdrizr7zzU_XlOcGd1alcT08C9QNfdpl8,Ended up deleting it as the game play just didn't make sense and the hint button was no help ...completely frustrating,2,0,1.0.0,2015-12-29 23:25:00,,
gp:AOqpTOFgJCZJy8SqE-Ka8ka7hCYAj_s8MXtLILLb7yeTl6EbSynAvZdKCY01J5rPhtzmf3si-ztjKCD97tHNRTk,William Foreman,https://play-lh.googleusercontent.com/-23VARqTawhQ/AAAAAAAAAAI/AAAAAAAAAAA/AMZuucl2aqao4arSY43iiYKxoNZNOZ2QfQ/photo.jpg,"First scene, drill with bit, does not open the box. Game over, wasted my money. Do not spend your money, its a rip off.",1,12,1.0.0,2015-12-13 14:31:10,,
gp:AOqpTOE_reXVXAHgWiS72LHuN-zXTvXwU7SS23sBwsS4AQpgkCetpf0C1-pfAzuNqpB39eyjb-NiBpmiS3xETd4,Cindy Bradtmueller,https://play-lh.googleusercontent.com/-AgijNajXmq8/AAAAAAAAAAI/AAAAAAAAAAA/AMZuucl6IAccBJxyyMCzhya-AoS_ENZbQw/photo.jpg,unable to get past elevator,3,0,1.0.0,2015-12-11 17:45:18,,
gp:AOqpTOFixpnmakomJ-ubQaMHRDYwgeJOkfbOdkAKGtd3UixC0Ykov9aP93-03ApyiYa39tXeJLpjhPtXq6pW5yE,Emily Campbell,https://play-lh.googleusercontent.com/-ayOfH67LBBc/AAAAAAAAAAI/AAAAAAAAAAA/AMZuucmPKdOqPfCtOZ7pgJEOhwYxTTIVCQ/photo.jpg,Best Hidden Expedition ever!,5,0,1.0.0,2015-10-21 13:16:02,,
gp:AOqpTOE_VTR3q8I-ZHoFHp8LodxqTV8ZXTCCmAzj0Fp5Lgqw_IeXk544XTv1QkKF9cfUlnqZAFaOPxdVIQ4FfOw,Frances Coe,https://play-lh.googleusercontent.com/-nmEOdIWPobs/AAAAAAAAAAI/AAAAAAAAAAA/AMZuucmgURvZS2sqWnngCUYBqTLh-sJz9w/photo.jpg,Great designs and exciting adventure.  Some scenes had such great design detail in them but weren't used for much which seemed a waste.  Challenging for the mind which is good and left me wanting more.,4,0,1.0.0,2015-09-24 16:11:22,,
gp:AOqpTOGo1P5Lo96JOrI9aEo2NsunEDyTb9V9XHq-9aeEgs_1ax3c-G9LshvR0Fabh5ilnYMoPO4l1wGAgzQMMBc,cathy palmer,https://play-lh.googleusercontent.com/-ofUBclw_t4Y/AAAAAAAAAAI/AAAAAAAAAAA/AMZuuckdBiFc_IojvJLQSy4jqGTdLk27gQ/photo.jpg,So far,5,0,1.0.0,2015-09-23 08:02:49,,
gp:AOqpTOFzRjTrxDrCubUnDdxDi1MVQ6FRsBvMQ0isMzQLp3mriPhKx0vGTDRY-SRx6h-AKQMt3kE5QZ38UUJ9uls,Lisa Shaffer,https://play-lh.googleusercontent.com/a-/AOh14GgMACLOUGv81uageVssGMmJAIsmBf1ST5OoaTgT,"Felt like it ended abruptly. Controls were a little frustrating at times. Puzzles weren't very interesting. I've played better HOPs, kind of wish I hadn't paid for it.",2,0,,2015-09-19 04:57:35,,
gp:AOqpTOEA-NxkAW9nVA8NoCyuWWJfn-3n_fcfLGqf4bi2akVZ1SGTTfZvESEBMroJ38IpUELMP2r6wFsXmqtM0mk,Chris Lefebvre,https://play-lh.googleusercontent.com/a-/AOh14Gj8m23iEOYw5-u2Pi2dWX9acZXZ0zYngYjNo4Au3g,This game is awesome. Graphics are rich and the puzzles  challenging. I highly recommend it.,5,0,1.0.0,2015-09-17 07:13:57,,
gp:AOqpTOHf9ZhhEPRCH4TVvOKtf--teqk5OQA6wuDWpl_SrtXLGk0fO1NVFh_Qst2zGvtZSA5-4oOEGSsiir9xNbs,paul milligam,https://play-lh.googleusercontent.com/-XFwUWb7ruJc/AAAAAAAAAAI/AAAAAAAAAAA/AMZuuckPuNQNhRrLKykWRaraCyyhZAYsXA/photo.jpg,Devils triangle,5,0,1.0.0,2015-08-22 14:08:53,,
gp:AOqpTOE3qH-FNLdjVVsDg9vZQKOonK9FbEt1nG_ZHY1X0a0diack33NUeK2K_eRNoQkL6PtCQ80c7k2j_UUgk6c,Peter Olah,https://play-lh.googleusercontent.com/-IdL1PfaeFdI/AAAAAAAAAAI/AAAAAAAAAAA/AMZuucnN_FPF5SuZQeR8q3W9cv7S2ZHJ2w/photo.jpg,Showing its age. Very clunky.,3,0,1.0.0,2015-08-06 01:26:33,,
gp:AOqpTOGDEuastDSxHgbrLCqJLPU4P26bY6XDPmtJe1h8dP9m7T9La189xfHqnG6VXER--zxzFq50RY4exEFMs2w,Tracey Dalton,https://play-lh.googleusercontent.com/-s6ugB6BWLOQ/AAAAAAAAAAI/AAAAAAAAAAA/AMZuucmEK1k9IR58tKfrwdIGJkdZEdrGRA/photo.jpg,Having played the Smithsonian versions and enjoyed I had high hopes for this one. Very disappointed not intuitive; hint is useless and have to tap items several times,1,0,,2015-08-03 20:15:36,,
gp:AOqpTOHtTA52KI_Y1EgIIA21nOeEVMu5T3BTizoVbI25yECMMwWaKC8ToBlAFU6848PK56LdbKlWvJqMB0VDZ0U,Connie McCahan,https://play-lh.googleusercontent.com/-m9THdCJX_oQ/AAAAAAAAAAI/AAAAAAAAAAA/AMZuuckcwuX2BuHbhGmDY10f7a_5fgwvIQ/photo.jpg,These Hidden Expedition games are always fun. A proven winner throughout the  H. E. series of games. My favorite series!,5,1,1.0.0,2015-07-05 09:15:50,,
gp:AOqpTOHhXEvmGc1qNdsnoM2oZ0gGMydgI8mGkDywIomFOuwkpqmqHG8iP8wYQ9-XZt1kivSW5UJVQGs3S0JavnY,Gabbiano Mafioso,https://play-lh.googleusercontent.com/a-/AOh14Ggmf7Bq9bG4ozOn0wILgZCpzc5LQS5J9HAWBPhZpQ,I loved this game! Loved all the birds! Hints were tough though.,5,1,,2015-05-28 19:53:19,,
gp:AOqpTOEwcVzBO8Zm9KRpb4CEWLJA_f2MTeUArCmETzeFMHCLKItKT0KbhEaQlgfUW0_LtSNP0FjztfEvHpA3K3U,David Rimmi,https://play-lh.googleusercontent.com/a-/AOh14Gg6dGCheCnrrRhvXVaft4vmYVE_EzUFGQ02z1_8pg,Well thought out and entertaining to boot!,5,0,1.0.0,2015-05-11 22:37:02,,
gp:AOqpTOHbPgxqIo4WuqCETPEJxm6J-ovl9lbVKhvJ69gdCd6rC2apeTMtzGXkorFnvqxyvENDsJNVTgU6m961GqY,Linda Freegard,https://play-lh.googleusercontent.com/-TMl0QBpkwCY/AAAAAAAAAAI/AAAAAAAARIY/AMZuuclRqyWWrJ_gBoAitjz3Qlvit3FgBQ/photo.jpg,"No pace about the story lack of direction, some downright confusing and annoying. Strategy guide is poor..need much better to get through game. I paid for game and only a small way through. Thinking of uninstalling already!",2,1,1.0.0,2015-05-03 15:50:30,,
gp:AOqpTOFtOr1FXy6Ghh6qbOhXxcnPRxkw00UIp8WqovLug60918K9SVHugmjMV12N7_ZijRQtvExPzoXl_V-yJlk,Catherine Monk,https://play-lh.googleusercontent.com/a-/AOh14GgpmaaNXG8NTYPQb4WEyIH4AbZLwKj9GS9gPghv,First scene already giving problems.Cannot activate drill on more than two screws as programming does not work.Disappointing waste of money.Old version used to work,1,6,1.0.0,2015-04-30 18:54:31,,
gp:AOqpTOFaBnV4xi8-ngTlxY1gTFJfqVyCU9h15QQvxBTsj8TayKKcXjSFNasvGXB_l_OoS5HRvWUV4fsFC3hSu9Y,Robin B,https://play-lh.googleusercontent.com/a-/AOh14GjA5_bgO7-yt1tZFpR2HDb7ybxlmAPFoREPq1lIGg,Hint button almost useless but the strategy guide was invaluable.,4,0,1.0.0,2015-04-08 20:55:15,,
gp:AOqpTOHG1NPmAQL_RIpsG3VyrVnP9pM50Ewl5mj-XIzK8L3q2rtM2G6kZ-1okPjgn3z6aivcHewmjSVEOcq9tLo,Caroline Terlecki,https://play-lh.googleusercontent.com/-xtCY7oeLY9k/AAAAAAAAAAI/AAAAAAAAkyk/AMZuuclj7ipELvyuIgVOmJS-To1WjvOKtQ/photo.jpg,"The story wasn't as long or engaging add other big fish games. I found myself getting frustrated with the lack of direction in some of the areas.  It seemed like they put a lot of effort into making scenes look good, but they could've done so much more with each area.  Good for spending some time on I guess.",3,25,1.0.0,2015-04-04 23:27:01,,
gp:AOqpTOHcoN0OXPTic80MfHutn0LuDaVFWM5tqtMgJdO58rGrKipcfr3vhpqZcejNU70UNNwlueLUjIBLyx8qbEM,Privacy Protected,https://play-lh.googleusercontent.com/a-/AOh14Ghym6y6Du5MG3OFaLVzGcTGugxflho_Qt_PNeit,Not very challenging but I really liked the variety and uniqueness of the puzzles. I definately enjoyed this game. Would recommend.,4,0,1.0.0,2015-04-02 23:01:18,,
gp:AOqpTOGOTMCouKWTQgJSG-4oh2AUSGjqwYcfPVRXo0j_q5sJwdP1Qq5WRwuBHyCy4CgagX4qxk5E6jhvADyMvis,Donald Hayes Jr,https://play-lh.googleusercontent.com/a-/AOh14GgT7Ti0V0WvDm_UIO1h0Ha_VeFboQ2dMdmxcz6UGA,Some of the puzzles were a little confusing on what needs to be done. (Like the 1st elevator) but over all it was alright,5,0,1.0.0,2015-03-28 01:54:10,,
gp:AOqpTOFFXK7KhsgqmQT6uzyZy8yVqKZJZYDPpTcwpMJrh9zxvZt_Di_NSYwDg1nDCm1bpQRgBTDcQynm3BcXMBw,Sharon Todd,https://play-lh.googleusercontent.com/-sHiF9kkIc_s/AAAAAAAAAAI/AAAAAAAAAAA/AMZuucmqru5HLQpo3mvjTfPeVMhgcoAeng/photo.jpg,Great best game so far until I got the cannon ball then it got stuck. Noway to get back. Please fix,5,0,1.0.0,2015-03-23 10:15:42,,
gp:AOqpTOFMSdNc4jwW4BAm61xtlBWYoUeEMJqT_OcbBrQX-MFPov26qgjeCzFTbOuxXZ1MfpLVWqt2EHQnpr02h-4,Yashikaa Jones,https://play-lh.googleusercontent.com/a-/AOh14GjEByoEEmXbLp7cVYZrT7xl9ZN0wKsxMlUurGTXMQ,"Fantastic game,  it's full of adventures",5,0,1.0.0,2015-03-17 17:08:12,,
gp:AOqpTOGK8bmwb4d6qDOlyy-bJ3S7NviEIYc9qhnLTXb1KQtPYC6zxtUgEGDAdYXEglrxOHVUlQ1qDIVt5c9UYsA,Guy Sleipnes,https://play-lh.googleusercontent.com/-29mp00VHkSI/AAAAAAAAAAI/AAAAAAAAAAA/AMZuuckA2xOA6z8-OyRCryxY5FDvUS1POw/photo.jpg,"Slow, played on PC much better. Hints and strategy guide not very helpful. Fun but confusing. Better to play on PC not tablet",3,2,1.0.0,2015-03-01 09:40:16,,
gp:AOqpTOFRl2YddM3gP0yvlGPky41IyX_omwKE_wtBThI4wrJ_guxSxb58di7babtQ_GWBw1lpcSf5Xob4xttoaXs,Denise McBride,https://play-lh.googleusercontent.com/--cF3Dr_Svys/AAAAAAAAAAI/AAAAAAAAAAA/AMZuucmok_6eV3_ApjE_CxtWuLTCqbuuTg/photo.jpg,"It's entertaining,  graphics are great!",5,0,1.0.0,2015-02-27 09:01:23,,
gp:AOqpTOG9lsQ_V_kUOx87Po2m_q9Z1-nZ2WUV54AEuOt-22-RgH7uTr9j508gg06LAGM0aApC8fRtpR_TrsMekQk,Amanda Eichel,https://play-lh.googleusercontent.com/-wtd7QNmMiA4/AAAAAAAAAAI/AAAAAAAAAAA/AMZuucmemunxmBJhGvL2YJJ3L8adrbk1Cw/photo.jpg,Love it,5,0,1.0.0,2015-02-26 11:36:12,,
gp:AOqpTOEjjAFtbk960-UIyMOp3U7U0sghF5CWLwT_tJ-K5Q5_TQe0nUlm29tGcnZ0ncoQdfhyaSZfT48sMZOgg4s,XxMidnightWolfxX Assasinator,https://play-lh.googleusercontent.com/a-/AOh14GjLldNBKeEBVlh7WIso60Elt2l_uIJMfjYyXjmWUQ,Loved it,5,0,1.0.0,2015-02-23 22:48:13,,
gp:AOqpTOHn6BULz9d2cemA7fS1lQKaYple0tHFclPlkbHfnthX3ccNsIDMLOhe87DM0sOayR02sYiPixWrd2KiWoE,Brad Walker,https://play-lh.googleusercontent.com/-2OzHTKuYB9E/AAAAAAAAAAI/AAAAAAAAAAA/AMZuuckuOVBj-zVz2dbvZa5dhiHyMlbbcA/photo.jpg,"This game is awesome. Great graffics, great story and what I like most is it makes you think. Keep games like this coming and I'll keep buying",5,0,1.0.0,2015-02-23 07:55:11,,
gp:AOqpTOGrxpzmz2b-i-I0FvVxRvGG2RcSOglsCHSvnJvVdnRjmUe6pLXVEgeovJruBsNdqU5kva-zK7dOZG_10Us,Partap Rajput,https://play-lh.googleusercontent.com/a-/AOh14Gj_Mb3yro9O7u1kULIh0RHPy0jrTXMq7nSxDXGpTg,Have already played it on PC and soooooooooo happy to have it on my phone now. Works great on my Samsung Note series. Thanks to developers,5,0,1.0.0,2015-02-20 19:45:20,,
gp:AOqpTOHfT4GSPUJ4hOpQFLIlOpu4EkjYXKrJB59T1JFfF4szfvcbQLmizxLENgaBSSb2_5_rodfCHTmqwG2Xa_0,Sarag Whitman,https://play-lh.googleusercontent.com/-azNUnl6Cbdc/AAAAAAAAAAI/AAAAAAAAAAA/AMZuuclATtiaXzJeaM907e5AvYU4U56jNg/photo.jpg,"Update: still the same problem on different phone. I just give up on this game. At some point in the game, it will force restart and erase all the progress I've made. After the third attempt of trying to finish the game and this happening again, I uninstalled it. This is a very good game, except for that problem of erasing all progress, hence the one-star review.",1,0,,2015-01-18 15:34:48,,
gp:AOqpTOH1w1BbCvkFXKCE08V1nkURX9jzeI729U-9iRXydR4JzDD-pRmU8qxlL7-30yRUDxWmpsNn887St0ZJTPA,Sandra Marshall,https://play-lh.googleusercontent.com/a-/AOh14Gho9NUZOb8TzBUgklF9alYh2ECVfeeIyD0TDxek1Q,Needs more hints and info,4,0,1.0.0,2014-12-27 00:18:48,,
gp:AOqpTOEqVw__pETT_8rjv6Vtk_uYYNq2_UH4BQBo1SwSeEt92Mnp-r5LBpp_Tcvup2OJYe-hGYJqu4AuLx9A-OM,Sammy Rodriguez,https://play-lh.googleusercontent.com/-2HUyDsY3z_8/AAAAAAAAAAI/AAAAAAAAAAA/AMZuucnVcSZX12EEd-o9iIuZJqkL0tBbYA/photo.jpg,HE4:DevilsTriangle (full),5,0,,2014-12-21 17:02:03,,
gp:AOqpTOHcA2DvRX7EVZWT6Bpmsp_8CG44_xhc6BpNklDeQ2giB0kV4xJLQKyzJUptCaOiRWzd2u_e2pjjs0jtFR8,Curtis Thompson,https://play-lh.googleusercontent.com/-U1xCTSrkqd4/AAAAAAAAAAI/AAAAAAAAAAA/AMZuucksCDEX1iDFaRoagAMw4iYuSQ3l5A/photo.jpg,Keeps stalling. Have to go to home page for a while and and then go back. Also get a message the game stopped woeking and have to report it...over and over and over. Never had this problem until I purchased the full version. Its up to you what you want to do.,3,12,1.0.0,2014-12-02 06:32:02,,
gp:AOqpTOFAYMNAxWU_YlGCGI4SWGG3hbf5EOlMPfuoAEyEHyjRUt5Dyiy20C0UQSoappX4cxcjutW9V7RiUFtFEqQ,Jessica Williams,https://play-lh.googleusercontent.com/-IzfCyJotMl8/AAAAAAAAAAI/AAAAAAAAAAA/AMZuuclkGTq_7APrQAZ7CHsb4qwCJjWO3g/photo.jpg,It will not open for me to play. Keeps going back to the first page over and iver :(,1,1,1.0.0,2014-11-30 11:47:35,,
gp:AOqpTOGljGgaBSVtYCw76pTl7eTBoWgaCG6SkgE9ROCt5LOS13ENUbff2SVbTp0dM57Y9AE-Y3IbFvGGT6X0Aww,Matti Hamrick,https://play-lh.googleusercontent.com/a-/AOh14Gj-GnyWyeOYq4LXhwaqFup9z_8_0KfikaQ0M9CIQw,Love this game. Kept me up all night.,5,0,1.0.0,2014-11-22 20:11:21,,
gp:AOqpTOFuLqGDbEUdNrwPjBx86Ym4EN49S0juBB_RbnQJetCusWi-RdJ7M_h46DVpMmeHURdNtka1kDGpeYvLdoU,Parklyn Rakocy-Sheckart,https://play-lh.googleusercontent.com/-ceZKgDXiybI/AAAAAAAAAAI/AAAAAAAAAAA/AMZuuckC7nD9ykqwjK31ff5PNwZteeoSXg/photo.jpg,Enjoy game.,4,0,1.0.0,2014-11-02 16:33:37,,
gp:AOqpTOF85y5EjVU5HNqmJ16_f5C2Zt8c5hgPDBvtMRS5thRzrBTX4dR6RjQCDaJfA7sVMC_wI_RROo-0dbu9_dE,Jamie Ormsby,https://play-lh.googleusercontent.com/a-/AOh14GgXMgymZ4NkKBOfVbixo-7rxRZyabOj0FId31IDhw,Great game,5,0,1.0.0,2014-10-14 18:49:28,,
gp:AOqpTOGLY5nMur915M0nT3guEQ7aiKHq1ODEfKdzqkqoK5RMFXOcndj0nNC7lI7n3QaQdrgQXYG7ROAC_br8r08,Anna M,https://play-lh.googleusercontent.com/a-/AOh14Gii2Gqe2JdLFn9FrPH237aKCCX-CNESSfr_VfdKEg,Most of the game your trying to figure out what your suppose to do. The end sucked.,2,1,1.0.0,2014-09-30 10:30:07,,
gp:AOqpTOEWvv--e11MQ8i_fMNoKWz-BF0-tcPOugG3mWRzb5-en78KxigtWI6HHXSncUdq88CWW7zeuiOfwPvNJfo,Margaret Sturgill,https://play-lh.googleusercontent.com/a-/AOh14GirzQP7tCu2YjOkK1ZSEGdftFz7Ac2TXe-M80kzvg,"I really like the other HE games, but this one is dissapointing.  Most of the time the non HO puzzles were hard to figure out the objective  (not the puzzle itself). And so I found myself going to strategy guide quite often to just get the idea what they wanted.",3,0,1.0.0,2014-09-29 05:50:11,,
gp:AOqpTOFPB4asqsGsJtLLcWlZO5ZvGNjlKlsrnkcHw2HYmJK61HZWTKTbbBOwyVmgFk3vEhsOcj-WnSApSRYI1tw,Dara Hinson,https://play-lh.googleusercontent.com/a-/AOh14GgNNbEEwyHFJnS93G9esRQOBB3MF_ax3g2BcAV_Vw,"I also had no problems using the hint button or understanding the strategy guide.  This game operated a little differently than the usual HO game, but it was refreshing for that reason.  It is a cliffhanger, and I'm looking forward to the sequel.",5,0,1.0.0,2014-09-24 02:20:00,,
gp:AOqpTOG5yMXsNcMwk0jA5htRFxVDKsH21ZtUVBW9Wg2oThYQYk5J3e5i8A36C2GSI8-yqlihs_wQOCxWuPzSlxc,Darla Platt,https://play-lh.googleusercontent.com/-ugkTUH3AV2c/AAAAAAAAAAI/AAAAAAAAAAA/AMZuucmTDzrZgxtsPyHvBwwWA9PFr2gbVg/photo.jpg,Problems with game and could not finish. Fix it for 5 stars.,2,0,1.0.0,2014-09-09 23:30:14,,
gp:AOqpTOHRls1AGUtUsBVf0a8WbfsHkzF8_GuJINS2RRxw1miTLuT1W1dT1zIiatWHXmSNLT78tnf52GNRQ5sWScc,Timothy Denning,https://play-lh.googleusercontent.com/-oF8YrA4Vc8Q/AAAAAAAAAAI/AAAAAAAAAAA/AMZuuclP-WfAco5btcwUhGV8VrLObzrrjA/photo.jpg,Fun and addictive,5,0,1.0.0,2014-09-05 20:59:23,,
gp:AOqpTOFySsDgUTtKFyzUUHcli9o9sbx3yxqwg4YoweDY0lRuEwIzhCXZpY75xIc4WA02j-GC1CcXtMRwZ9aEI18,Bob Case,https://play-lh.googleusercontent.com/-EWJrqzOrMkg/AAAAAAAAAAI/AAAAAAAAAAA/AMZuucmgd4VFnbkEjVYQxRS_4uxsAPwswg/photo.jpg,"As a search on google shows, I and many others get stuck at Gideons Door so can't play the rest of the game. Shame as it started well.",1,0,1.0.0,2014-09-04 23:56:51,,
gp:AOqpTOHfK54gcD2KostoYaU6AY5WwiZKnBQNCT2_fg3TnGuxVYbBLSBjIbOc6UVg2YJCwlumne4tucxAEhAWUvE,Jonathon Whaley,https://play-lh.googleusercontent.com/a-/AOh14GiaYj7GzeAGGUdSp5R7uBOKgojbHUogzICX9HwkMQ,"Only glitch I found was that the Journal pages sometimes would not turn, but to just end without a conclusion! If you were told you're about to buy half a game, would you?",4,1,1.0.0,2014-08-14 06:52:13,,
gp:AOqpTOGBQw3IRYy7CyHWQQma6w1Kj_o35t9ONKUr2u3vPoFfuDj_P7JY44crIvezYXHy1bsWiz-xXMCLS7eyHDk,Faye Pollard,https://play-lh.googleusercontent.com/-yn92WBhYqVU/AAAAAAAAAAI/AAAAAAAAAAA/AMZuuckiHFZH0m0K7UvDGPN5S3CnDTAdBw/photo.jpg,Taxing,4,0,1.0.0,2014-08-03 17:44:50,,
gp:AOqpTOHovlOf0GzqHv-93wsJ5eoyouWbA1t9a6vBpGoc9bcVNfYuydxvhXbE0Xt382Xq4aQUAoqBBa3JFsVT5Wo,Lauren Van Homrigh,https://play-lh.googleusercontent.com/-gImTCWGWS38/AAAAAAAAAAI/AAAAAAAAAAA/AMZuucnRbJos2Optoyodj0RSIQv8C2Fvfw/photo.jpg,Love it,5,0,1.0.0,2014-07-27 18:40:41,,
gp:AOqpTOFIR-6ngvOq-1mDNoPpyOhavzX21yLI05fzWVxBH5RDx93sIvhXqTHojRG5kyM9hqKzKwB36SL4T3WICwU,Mark Olson,https://play-lh.googleusercontent.com/-LR574rebLzg/AAAAAAAAAAI/AAAAAAAAAAA/AMZuucmHSVqlWRXDMh2F9dJPjEYpb_3baA/photo.jpg,Game,5,0,1.0.0,2014-07-15 16:35:08,,
gp:AOqpTOEqOx-GlE3xPlhg6FZYa9TWlkTCaJWEjOBFX6PPDPbItDhl1b1ICJIJGcvU66VjHiE0u3iQmuVN0yvMmAY,Leah Knowles,https://play-lh.googleusercontent.com/a-/AOh14Gggfa99WBjLSeZZARAsaR8WmyXXMPOh4PBFptCx5g4,I didn't want to put it down. Definitely worth the $.,5,0,,2014-07-02 03:35:16,,
gp:AOqpTOH6TiIMUzfTdZMqKymnzycDwP9fPvdqalfyTYkB8ph7bs9bRT-8J0f_djIH9Xo6L_vjrdEaz608sW4vLSg,Pam Y,https://play-lh.googleusercontent.com/a-/AOh14GjlE5m483qKGSWaj8MKtsUwl0iDR0W7hu5NGV5N,Interesting game with great graphics and storyline. Would have had 5 stars but I have a issue to describe a game as full when there is a second part to the adventure. Please give us the rest of the game.,4,1,1.0.0,2014-06-30 07:00:21,,
gp:AOqpTOEF6r5yyw0KGGjokWqG7QSXOapkb2SaDtW0AwM0dGJmbOe5KG-afKZkJGU-jwPBhyWQeD9KY_hv4wHtsVI,Misu Cleveland,https://play-lh.googleusercontent.com/-wHujn1G4dvo/AAAAAAAAAAI/AAAAAAAAAAA/AMZuuclFDINTwUThhklP41AX6JSQZyaPyQ/photo.jpg,Good game,4,0,1.0.0,2014-06-20 15:33:58,,
gp:AOqpTOGwlYA1fYKZCpbGT-ELz1qSVkgkUoc_si7aawh2SKgLYbiPRIARP96hOtW_PboC_ela_Z_J4WhMr73YVNM,Grantandsammie Sutherland,https://play-lh.googleusercontent.com/-i3bCfcKe7Hs/AAAAAAAAAAI/AAAAAAAAAAA/AMZuucm5qb_RGixlqnZA7dEOgxW2d_XA1A/photo.jpg,Great story. No bugs. Make a sequel on one of the other islands!!,5,0,1.0.0,2014-06-06 02:13:21,,
gp:AOqpTOENMEBKJdSDNJR063NqcmN8AZdK1mk8Ertsqum4pTEYgUh--BHvHfevi0CDhAXFt5E5YixoIBbvGLl9yAs,Penny Drake,https://play-lh.googleusercontent.com/a-/AOh14GhvjwfTSBvMEtsn1ix4OlEXfcm19zuMjgRjUHuCfZU,I like it.  I've purchased.,5,0,,2014-05-22 14:39:25,,
gp:AOqpTOFmf2gBPAumXD_Fgm4fs_cO0icTFbpcpyAg0rWTsmRlksfEV-gr1HxfAWe_QtHs8Cy0Izbw0NO2R69a74g,Paul Joyce,https://play-lh.googleusercontent.com/-mqJ79uHSdY4/AAAAAAAAAAI/AAAAAAAAAAA/AMZuucmTHWOYn7w22JWtUkh4gxsNIUcXtg/photo.jpg,Just how I like them.,4,0,1.0.0,2014-05-15 15:51:25,,
gp:AOqpTOFad2WhOmHSJ87nF1D86_Gbb-SJ8c5Hbdl-wG7iw23jXbrzpeFqMmbj4rSYB1EZsBFt7NuXDc0P97ETHck,Shayla Holloway,https://play-lh.googleusercontent.com/a-/AOh14GjjIVZQ87R7MqTjTigtxXiSh_1-muKRaFGG8Pvq8Q,Will give 5 stars if you could fix the glitches. Can't get the book to turn pages or can't get the elevator switches to work. I am a big fan of Big Fish games so please fix!!!!!!!,2,0,1.0.0,2014-05-13 21:46:03,,
gp:AOqpTOFHZnKAJcHZITAlaQ0wl-4fg15LovVvo9HRFYItp56cEjaDuSl9zJOzdw8wleSsqsKapYXuEfMLb0SQE8w,Jane Dzervitis,https://play-lh.googleusercontent.com/a-/AOh14Gi7Bo0lrNvCcfOjrFmowMseFVb9EKaRHlW1OL33CQ,Very entertaining but please think about where you put things in respect to the inventory box as you think your tapping one thing and it does something else.,4,3,1.0.0,2014-05-12 11:35:23,,
gp:AOqpTOGdvc8lU_oIwdtkUqssi-Tzse4OdH0a3P8bG_ileeolAAQ1xApT084kOvwS4zi4yjt1smNOVmKB_j-u_3k,Michael Jenkins,https://play-lh.googleusercontent.com/-DmgCoH3uEWM/AAAAAAAAAAI/AAAAAAAAAAA/AMZuucln_K9b8P6Ffp6lff5LdzzfSHCW0w/photo.jpg,Good game ends suddenly but will it becontinued?,4,0,1.0.0,2014-05-03 06:28:57,,
gp:AOqpTOFH6LC0MMWeowExZpbgGh5xwvcoS_zLqBMANZQsV_mAYPkkbOIUIhWr4baTEl0P_AXROHFdcSKttnRqdTM,catherine Taylor,https://play-lh.googleusercontent.com/a-/AOh14Gi8Q__nRpEXRhAjjGY4um2Z_UpRrVcACbUluSpxroA,Good game idea but seemed to lack the pizaz of usual big fish games and some objects were hard to place even though you knew that's where they needed to be,5,0,,2014-04-18 14:48:22,,
gp:AOqpTOGFM3l_biZmjSyeCtgqlETQJHTwEIM1m7YhaEbCLBfdD8cMr5U0RI6mF-JPX2BG2sP_F39cEiPRWZQqsGo,Kayla Straub,https://play-lh.googleusercontent.com/a-/AOh14GgAJpqL0daYkdSnrK2kpleL4uL5OzIzzYIusWj1jQ,Refund,1,1,1.0.0,2014-04-07 20:02:54,,
gp:AOqpTOFTvYGMwD2ab35mbGK2rrOe0OlYMcE6A7X_Q6Lbp2tN57kph6Ov6lpfgIu3i9mwc0WNJeIrLgHoXh5lndM,Marilyn Bouman,https://play-lh.googleusercontent.com/-pIqySxBqhG0/AAAAAAAAAAI/AAAAAAAAAAA/AMZuucknp8ICSD8yvBOtm2m-UvUeSAElPQ/photo.jpg,"Hated this game.  Very slow, stops for no reason.  Hint button is useless.  Strategy guide is impossible to understand.  Didn't finish the game.  Just uninstalled it.  Very disappointing.  I expected better.",1,1,1.0.0,2014-04-07 16:18:50,,
gp:AOqpTOHdG1uQv1lCtXGhWpEwpGCnannj5qIvnO-QeSbi7HsUZC_lGATdiPZ7sxLtv4MFYGBQ5l74I6I_2_9SNh8,Shawn Foreman,https://play-lh.googleusercontent.com/a-/AOh14GiyuLOHlT7mympeHehNJkiPoSMvLnv0v3lyXwt2,Cannot open the crate with the drill...has been 3 days attempting to do this. Sucks. Uninstalling what looked top be pretty interesting.,2,0,1.0.0,2014-04-07 15:46:10,,
gp:AOqpTOGQJqsFyogVZOIqXXTIN-Ep83D6QD-twf_E3GCJr_Bz55LykFaSoEav-IKQ32LIJh-X9n-R9UuwhgAYIu4,KJ Kelly,https://play-lh.googleusercontent.com/a-/AOh14GhTfLrOOyIsvxzgJ0wBoOI-CkuzM967kpu7sI0t,Awesome!!!!!,5,0,1.0.0,2014-04-02 22:10:50,,
gp:AOqpTOGSOD6h7Lb_2IVY6weFcdYg6KhMwKtpzKpwpLTuAAush8WA04P6UXapEWnkVYb_QOm5p62MDat66ZXRKjo,Meagan Walker,https://play-lh.googleusercontent.com/a-/AOh14GhmPzQIHRu_oe9FK-YbQEaFaoBwdQQVZt0bH5HSKQ,"I love it, I love it,  I love it",5,0,1.0.0,2014-03-25 07:43:27,,
gp:AOqpTOFtzW1EVW6vFT23sDdcr-R771aajqBGWi7aG5vY8H8iJrR9zYdMmigdKC5m8Fo5P7AKjDCywyPC4I7N-zg,Amber Afeman,https://play-lh.googleusercontent.com/-4YX1qYvL0fg/AAAAAAAAAAI/AAAAAAAAAAA/AMZuucmYwESeznnCxglgU4IFscAg_ge97w/photo.jpg,"It is really annoying to be prompted to rate the game every time the scene changes...it is just as obnoxious as an ad, which I paid to avoid! And the strategy guide crashed the game 75% of the time. Other than that it was ok.",3,0,1.0.0,2014-03-21 19:54:22,,
gp:AOqpTOHQ41UlCnBI0RrzhZG6sSslsA8VlZQH6rXdHA5Zt2qHvuRiXrN8IDrFF4YA6OYQSWGO9tK3u47qztHICCY,Danielle Swayne,https://play-lh.googleusercontent.com/a-/AOh14GhmqGNGSlFqzdQCv--KA_LoZjn4liy2uLTyWIqhZA,,3,0,,2014-03-14 00:06:10,,
gp:AOqpTOG18usK8mITO_N5XBfdhed7DApiYNed4ahNwZXGc3QdRojo5wUThkHuO57LJfuf5IYNmSn_59Z9rP1e4x8,Tammy Powell,https://play-lh.googleusercontent.com/a-/AOh14GgJYJOmot7nmWGD8pj31uOGIuojzcObXHt4fIQ4Vw,Love it,5,0,1.0.0,2014-03-08 08:21:38,,
gp:AOqpTOHAo6AkU3LH_CRKN8Z7lEzFYWxdYgFE7fGWtDa4exUQKacQBdP8tyWRM-sjRIlawrWwB2Go68kNsHc7qf8,John Rappolt,https://play-lh.googleusercontent.com/a-/AOh14GgpceRf7rfuAhe35zVTIGRqu3atdOFQLAhIAvnmng,This is very exciting game. Hope you have more games like this for all to play.,5,0,1.0.0,2014-03-06 09:42:17,,
gp:AOqpTOEP8JT9QY1gY1tZGoGTqmrY-AgD8_XIAC-DA719_TmB-8EueBJ_cDGqxwzyNk2aSIvvSAnF5TnAPgv-BDk,Tracey Jagielski,https://play-lh.googleusercontent.com/-tDFJFLQ29Qw/AAAAAAAAAAI/AAAAAAAAAAA/AMZuuckSkbPZwawIqbiDy-UH1gGOVKot2w/photo.jpg,Paid for the game and will not download. Tried 7 times.,1,0,,2014-03-04 10:26:59,,
gp:AOqpTOEbi0gaLkA8lR4rY1W1ZVPsAYZ1SG_c81nbKLdGz2duGYq7PJ-05OHRvYsj1JcNx-rTGJ9CdM-vs_bUpyA,Melissa Perkey,https://play-lh.googleusercontent.com/a-/AOh14GgzR3ejEzHYuivksIcNw1UM0-2FbY-9Yl82UOT2Rw,,2,1,1.0.0,2014-03-02 23:25:26,,
gp:AOqpTOEDyXxJnM0y-aAq-NutgSJkNE3bwyeVrmJtXtSaCYsfZA5rSTAYSMqpBF7IBoKld2gHCmfaVy9Ex3dSCtA,Pauline Mumford,https://play-lh.googleusercontent.com/-mybTlQXHDJY/AAAAAAAAAAI/AAAAAAAAAAA/AMZuuckUoZvMxkQZTY7AvnmB9Yzlj7yYsA/photo.jpg,,5,0,1.0.0,2014-03-02 01:55:42,,
gp:AOqpTOGL1Ozerxnffd9OVry9PlsdzcEv5nwbwIGPKVTdzAD0H8MlpxwfBQkf1dVIBgvDSyvNDuchNq0vD80n9HI,Janet Frew,https://play-lh.googleusercontent.com/a-/AOh14Gi5ghkno_Tpnwk3Xqn7eEXmUoLOySrkQAVSyY6L7Q,COOL,5,0,,2014-02-28 21:57:05,,
gp:AOqpTOHfUQYYqro0q0rCz2_3Ps5WmKdhE-YpxDOAd8Zr6zPYvHrW5ix0STG_orwaO6crY8ww6Jo0FvJkz8daMhE,A Google user,https://play-lh.googleusercontent.com/EGemoI2NTXmTsBVtJqk8jxF9rh8ApRWfsIMQSt2uE4OcpQqbFu7f7NbTK05lx80nuSijCz7sc3a277R67g,,1,0,1.0.0,2014-02-22 10:46:30,,
gp:AOqpTOEucBC_dJHUP9msnU_PLqaFoqroOfwAePimwhO-0C9bV6i7c999puorC956AbSKd8jHYgYbz0CnkdPuoC0,Camilla Curnow,https://play-lh.googleusercontent.com/-SinworWyO68/AAAAAAAAAAI/AAAAAAAAAAA/AMZuucmzlT-oZQmmerXexkYtCr5OJu-a-w/photo.jpg,,5,0,1.0.0,2014-02-21 17:01:24,,
gp:AOqpTOGpyI5BRQl33cPcHdNlt8xmBWVaqMCv5PZn_pdT9GDHXD_WaIj_L0s6Ep2t9KA0iYPchl2a-c1VomYGz-Y,Karen Douglas,https://play-lh.googleusercontent.com/-whZPeLvX4Tc/AAAAAAAAAAI/AAAAAAAAAAA/AMZuucm_9giDcW2-6x0ZFqYtWm9jEf-ChQ/photo.jpg,,2,0,1.0.0,2014-02-20 07:40:06,,
gp:AOqpTOEXmLZHRusHV10pSyAahCgqQMR4INPN_-ZVdbcI0yPTWEL0rpQxjDrnxH6vtTEBbsgvOPmL6TE5VJrCC6A,Eric Acker,https://play-lh.googleusercontent.com/-I4fRj97tPX8/AAAAAAAAAAI/AAAAAAAAAAA/AMZuuckZPISbcHJJ2B1GRuX16MjYw9Ujgg/photo.jpg,This game challenges my intellect more than most games in the android inventory of apps. Well designed and truely a delight to play,5,0,1.0.0,2014-02-18 10:27:43,,
gp:AOqpTOFPF0NKOBZGFlNA61PfbW3ShjAYgPq-GtguiouCmWH2fztGU7-iL3x67VhIoj5SP6QDb9f6DzZ2VD8ldG8,Dominic Twiner,https://play-lh.googleusercontent.com/-itACk1iKDbs/AAAAAAAAAAI/AAAAAAAAAAA/AMZuuckAUQ7WA3YQP3SuHmkxMvM7krIFkg/photo.jpg,If you're a fan of hidden object games then this is the perfect game for you,4,0,1.0.0,2014-02-10 13:52:57,,
gp:AOqpTOHXc0xakca1toSnvL3OY5GPr7ChmAUCZmK8p2AvbaziDDsSGbC7X9IsY76CZ9rQlQQxStF9cQPsHKfQoWA,Montina Brownell,https://play-lh.googleusercontent.com/a-/AOh14GjOKjQ0QtH6Z5c48OO0n4EvTAYzPIhpWIciMUdqkA,Love the graphics :-),5,0,1.0.0,2014-02-09 20:23:56,,
gp:AOqpTOGmNJ9nmy9ydSgWvSbii070M9gWCpMRtiJzDYWxiPbSswfbt-g4_C1_DdBziR-6VFE8ODk8W_DPkWbLiBU,Linda Leighton,https://play-lh.googleusercontent.com/-W-rD9axtwU0/AAAAAAAAAAI/AAAAAAAAAAA/AMZuuckhwUZBke94H_LlkAvCrraAWSLn4Q/photo.jpg,"Can't open gideons door, can' t go forward, can'tgo back. Stuck in limbo.",1,0,1.0.0,2014-01-28 11:46:27,,
gp:AOqpTOH23Uk9BGY5smc5wG4nAYk-us0jFgIN2tDWSSgEYOwGaCd7MjZPtsAuvuGJSHQpheF7d0EWT7P4ENVQCiI,Christina Kerry,https://play-lh.googleusercontent.com/-gAZXLiXhX00/AAAAAAAAAAI/AAAAAAAAAAA/AMZuucluF1JgI4u41Sv-MvhBHTXy_52PzQ/photo.jpg,Great game luv it. Want more ☆☆☆☆☆☆.,5,0,1.0.0,2014-01-28 06:12:58,,
gp:AOqpTOG5M1gMleFT0hEmeYb5sXhMZMWG88ryAg8ljhjog7r5vWaUoZ8GLu58QH-wVuZOSdq9HwStcYmRE-UUJcU,Fern Dungca,https://play-lh.googleusercontent.com/-btxRxlc2oqM/AAAAAAAAAAI/AAAAAAAAAAA/AMZuuckQwoVQcB8ujTD0QQTyEeuApfkOtg/photo.jpg,I enjoyed this challenging game. Got stuck a couple of times & was forced to use the hints.,4,0,,2014-01-22 23:31:58,,
gp:AOqpTOHj8FQCTTLhta7nvUQD0vzx2rBwY0QmEaftO2pGIQCqzQxOfqP0KqMdlSgwmA-xXNVupIkhLUPmuvzlfqM,Sandrah Waite,https://play-lh.googleusercontent.com/-ai4-l-0-w1c/AAAAAAAAAAI/AAAAAAAAAAA/AMZuuckMc6dM4vRdNi0Ds8XM2stn6EHT-g/photo.jpg,"It's very good for the brain, it had every kind of puzzle . I would like any like this very well made. One of the best.",5,0,1.0.0,2014-01-08 16:28:40,,
gp:AOqpTOFuExS345wBl8uZ71SjDb6kACaLx1uxW-4Su8S2q2itC2mTpMk1NhvK74feLU2EqwJphcLddNgWj12Pgvw,Hayley Sings,https://play-lh.googleusercontent.com/-h5aQAcoJAYs/AAAAAAAAAAI/AAAAAAAAAAA/AMZuucnt5DwGChTRnHTZa2wxHHf6QtAeqw/photo.jpg,Bit hard in places hints not helpfull,3,0,1.0.0,2014-01-06 21:12:39,,
gp:AOqpTOEyfzV-r9s0vVkyBBTMRXXzYwkE0LYJ-bdfmGIhAJDSjOa92V98SY5H2M0mgFBJRySA5u0Loi756MzdwsQ,Gillian Guy,https://play-lh.googleusercontent.com/-9lLDVbYPLp0/AAAAAAAAAAI/AAAAAAAAAAA/AMZuuclpaeNXPeCU40iwQrPFeNL8HI_1eQ/photo.jpg,"A slightly different way of playing, but enjoyable.",3,0,1.0.0,2014-01-01 01:46:16,,
gp:AOqpTOGemx-hNAzbLEY_Ltps-8vTpywknSph-nS_k0uNQk6WhB93axGI6YMHchYEXbwpUcyEkKfmEtmYTv6k3bA,jaime jones,https://play-lh.googleusercontent.com/a-/AOh14GjhzRQpfFHHWKFcW2W-1sJNUZya9XLwTSIjvQPOMg,More than just a HO game...good adventure as well,5,0,1.0.0,2013-12-31 18:39:21,,
gp:AOqpTOGhSQB7eAPg4eC1cEiIChQ3q8-t0yoz1FxbWavqDD-ZSe2dBgNei8M1-echF7JoRwGcfPLPV9m88i8aplo,Nicoleen Harper-Smith,https://play-lh.googleusercontent.com/-wEei4fdVg_Y/AAAAAAAAAAI/AAAAAAAAAAA/AMZuucnfcEZtV_sOiCkdPXZOw5CTyNlj5w/photo.jpg,"There are minute hiccups like not being able to easily get combination on trunk in the beginning, but hang in there. It is well worth that aggravation when you move on!",5,2,1.0.0,2013-12-05 08:36:13,,
gp:AOqpTOGPsE2s_N5JLj6IbuylyQxdqpqrk5Am9xY-bx-5zc-Yro5IsJh7G2g6UuzY2_9E1a0oyl0xcws93LUSq8M,Elizabeth Guiney,https://play-lh.googleusercontent.com/a-/AOh14Gjz9Blmk_R19wWZu4wMYddfEMUNGYrmWNBA5a9l,"This game had the worst strategy guide I've used it told you nothing about certain areas got as far as the castle tried for three days to get the door open , finally gave up.",1,1,,2013-12-01 16:14:14,,
gp:AOqpTOFeZBFbV_dBEyRgGwGmxfV380vaLCSj4O-W0xCFFFTShnx2obvIStv93QPLgSucW3AgYGiVO1LP3J8mJAY,Deanne Roberts,https://play-lh.googleusercontent.com/-ziBwxsAwOwY/AAAAAAAAAAI/AAAAAAAAAAA/AMZuucm0OKC6E3_o7zPfH_4tahY8dCTNfg/photo.jpg,Keeps freezing.,1,0,1.0.0,2013-11-26 22:57:58,,
gp:AOqpTOF4eaMGqkwZdNqS-3peDIOy9lrWd8KMzFWaU_J5ZvQT7Zx9V4Jvf6g8L0IxFAbtghMZLjVLF2kaBFSnU1s,Katie Richard,https://play-lh.googleusercontent.com/a-/AOh14Gh3hfXLbvvuuEbRyBERK9OFbLA7aDvm6lkSaVeCng,Fun game but way too short.,4,0,1.0.0,2013-11-23 09:55:17,,
gp:AOqpTOFONYIp8epU7y8TK0PKNWpAfWU-Z1e13hzknXdiPOa71SISCY8S-AZdgd95ABib610eFG5ptNLlq99JKDQ,1977tats,https://play-lh.googleusercontent.com/-gx7b5MucFAY/AAAAAAAAAAI/AAAAAAAAAAA/AMZuuclEhRCRSBK47BmadBDGjN5xo1uqrA/photo.jpg,Good game. Bit slow in places. Not as good as other hidden object games but enjoyable.,4,0,1.0.0,2013-11-09 08:36:24,,
gp:AOqpTOG_tIn-2GRKTv13_s36rwO_RNk8J-OKILcdzMGITaK3TSA6LbS43QFHPbHRenkvy5_hq5jA53wNiqfDvWM,brian williams,https://play-lh.googleusercontent.com/-FiesjElXlhI/AAAAAAAAAAI/AAAAAAAAAAA/AMZuucm5csi03YLHXo4aLXE1SAd_MzoGlw/photo.jpg,Great Game so far.,4,2,1.0.0,2013-11-04 04:08:31,,
gp:AOqpTOFKhIp_AyX_TM-SRperFRqSGnbUu7TIisxsZ00V7ofu1Uy_mt9YnGAJT5qkVR7030M2YQuqBFeDhxF5_jo,Magdalene Yeo,https://play-lh.googleusercontent.com/-wzb8SwgkB7k/AAAAAAAAAAI/AAAAAAAAAAA/AMZuucmr6Iia2L0SLSOGicQeL5V8wvYOUg/photo.jpg,Cannot open crate with drill. Pls fix it.,1,1,1.0.0,2013-10-31 23:29:35,,
gp:AOqpTOFMy470Vrwo14YrtRpIwTWJ9hbPWopYMFvgrRmm3M59u_vpPiCjHlegesWC5VCK8u40lkjA2cS_0Bym-Pk,Carla J Figaro,https://play-lh.googleusercontent.com/a-/AOh14GgJAggL_mbWdqDCzZbpzQz_U_kwQeJZZVw8m78glw,It's cool,5,1,,2013-10-27 16:09:20,,
gp:AOqpTOH3RzE3YzQBScWeSGslF0jSMUObY1Hudl8Js1CNe2LN-0AXT8vrv3hqAmLs97vbY-tdblPzUSJkrN9peyo,Miranda Agosto,https://play-lh.googleusercontent.com/a-/AOh14GjYLK-_DeYbrGfoERERrGzvkVTMsl2sVnoMfxcz24c,Great potential but with unresponsive puzzles and long wait times between scenes it was just ok.,3,0,,2013-10-19 15:18:20,,
gp:AOqpTOGrC5Rem7wLkX8bQqiomIKFypFgf3uP4xOLOR0mJAtF6Vi_LUPBrYspSc_rct-cdmWxnDWWf-_Apa9oH3M,Christina Grindle,https://play-lh.googleusercontent.com/a-/AOh14GgezEYa6OLlLy4OCogiCQ6nHRbO914QTrtzwPWK6g,This game does not have full screen and does not zoom in enough. Some of the items were near impossible to find. The storyline wasn't very interesting either.,3,1,,2013-10-09 09:07:27,,
gp:AOqpTOHgeKjyD664oJ0dvbLdJN32N9Xbzzc-LxLUnzSNvhZgJQn8emSQrgU-NLlNiJ-2Qx0MNNrLreUmS0Zq56s,Dr John Feuerbacher,https://play-lh.googleusercontent.com/a-/AOh14GgyVtdkjTkVlkH5Wnx9hpUffYdiJUH6IDiwTw6XnQ,Great,4,2,1.0.0,2013-10-08 19:31:04,,
gp:AOqpTOFz0tRVfLr0QHDwKgcY5GDubJCp6T3_sdKb1eppFiCAx4cIB2Z2ZGDiqldjeWLWGwrcn4VA4YS5NhdVdVQ,Victorian Era,https://play-lh.googleusercontent.com/a-/AOh14GgZJDV4_zIeNAHT6_J3dp5Hn1WdWTZrYwg02o__T-w,"The strategy guide takes ten years to open. Then, when a page decides to open, the stupid arrows don't work, so you can't even use it! Frustrating! The game itself is okay, not bad, makes time pass.",3,0,1.0.0,2013-10-07 20:37:54,,
gp:AOqpTOGLfUAOxZZVRZdAvYe19vE1SdecMKAoEDq3xDlpvV_ImaQxUPdHfTTRnUhZmkxMzY1djcRODM0xPH60aCE,Terry Li Marzi,https://play-lh.googleusercontent.com/a-/AOh14Ghn-jVw4aOrHJHA_xJcYZRlSOJpqLw5XgV7BG-HLg,Game is very good has a lot of challenging puzzles. Not a lot of hidden object scenes which is good. It takes awhile to get used to using the games method of placing things.,4,2,1.0.0,2013-10-04 17:19:27,,
gp:AOqpTOH_E7tc5fslZWillfzS3d6pWJ40CvcKoDrGi5JhxZTAhxRM2fiv3q6W7lJgBz9l5Ei3NiH5mjEcNnod6SE,Joseph Durham,https://play-lh.googleusercontent.com/a-/AOh14GjreKeRlwARrSD04mqICIpCtm5Vh0FZScLZljNf,Fun game plenty of levels and different challenges from most hidden object adventures. Would've given it five stars but went a bit funny at the end jumping backwand forwards n freezing. Sure just a blip as the rest of the game was quality.,4,3,1.0.0,2013-09-25 10:29:33,,
gp:AOqpTOEikJvN3CLZbUglavpuF7xRZv4ONXqQklKW7PsRL-zTCL7uaACHP_KKUoheTYWtTqQYb5l8zMplFhOWmbE,Cory & Jay Marshall,https://play-lh.googleusercontent.com/-u9ijBbKpw3g/AAAAAAAAAAI/AAAAAAAAAAA/AMZuucnN2nc_5s9WWIN6KIUnOazHa-2oEw/photo.jpg,Love these games however very dissapointing when I get to level 4 and adding in stone fragments in grave and they vanish rather than go back in my inventory now have to replay entire game. Same thing happened with Princess Isabella.  Dont think ill purchase another big fish game until these are fixed.,2,2,1.0.0,2013-09-23 12:37:22,,
gp:AOqpTOECWcXujPLCwzHntjuW-Yp0mOYl6DW_HeNqBZWC9CGoT0OrNuw4g2ywy9RP4WpL3ryrRytshfYqCzlbQYQ,Stephen Hartshorn,https://play-lh.googleusercontent.com/-4gMyVfuDU6s/AAAAAAAAAAI/AAAAAAAACok/AMZuucn7MECcovjDD8mhUC_fkdutmR7bxw/photo.jpg,Only just started to play and I find it very absorbing already,5,2,1.0.0,2013-09-13 02:44:05,,
gp:AOqpTOGDvEev7ROxR62UgpYkvy8gTT-1VGaO6r804A7lcFyvdv_4B0CNWJl11p5rUOssKVGP0v0uLx7h79JNwuU,Glenys Tranter,https://play-lh.googleusercontent.com/-8JOKAh5RxAM/AAAAAAAAAAI/AAAAAAAAAAA/AMZuucmJ_OvcUbREwxaFWeNi1QPiZikbbw/photo.jpg,It's a great game but unresponsive especially when putting in codes. Please fix.,5,4,1.0.0,2013-09-11 00:32:32,,
