reviewId,userName,userImage,content,score,thumbsUpCount,reviewCreatedVersion,at,replyContent,repliedAt
gp:AOqpTOFe3EcNTjZjc1YyCGlZbuDqnNGfpU3ajHRgARsEkWN9nJmi4Zturg4fJtC53m1GKqojsw40S2DBoyEr,Lyneth Cyntara,https://play-lh.googleusercontent.com/-PZgH5yG9tFY/AAAAAAAAAAI/AAAAAAAAAAA/AMZuuclw0HHkhgjr1doTR0pf__Z4KGbrKA/photo.jpg,"Not a bad game, but a lot of the mini puzzles are too hard.",4,0,1.1,2021-02-07 17:03:30,,
gp:AOqpTOFUBh3bRKdiTelraW-AoN0uw0vt1RPc9cNrhzVwaHoNjm-bJ9aZzS41MslenowHcBGQGWo4U20dAwnT,Johanna Bonaparte,https://play-lh.googleusercontent.com/a-/AOh14GigCClOcp24NqCC-34_9nA-TWmZVtQ5CoY7iDYu,"I love the game. The only reason I didn't give it 5 stars is because there's a glitch. When the characters are talking, there is no sound and I can see their mouths moving and then the sound will turn on and you can hear them speak. But it does skip every other sentence they say. Thankfully they have subtitles. Developers, if you fix this I will change it to 5 stars!",4,0,1.1,2021-02-05 20:14:35,,
gp:AOqpTOFnExT1dRy4lr30nLeBM10ibx5QVr4U9rp97xsLtdyucwCoM0p7MN9H1F3zehO5NU3xEdejZMgsUMy1,Candace Luciano,https://play-lh.googleusercontent.com/a-/AOh14GjdpklZBIGjH192Zk6leQQfjvvXFT6aS0IvtusIpQ,I wanted to like this game. I noticed right away the voiceovers were off. Im one of those people that would focus on it & it would just make me nuts. I wouldnt be able to enjoy it.,2,0,,2021-02-05 13:28:02,,
gp:AOqpTOE7b7hXO9XzwZfSChbSDQZhsWpJC8Tdr7_ztRZLOePI06wPH-l8qdmqXC4y2Uk-Sdt-5ZI6Mv76fz40,Steph B,https://play-lh.googleusercontent.com/-Zgu_8iKTMUM/AAAAAAAAAAI/AAAAAAAAAAA/AMZuuclWMvFzMVtPxV8qma3VQhx3aF1RZg/photo.jpg,I am loving this game so far but I just started! If it stays this way it's def worth the time to try,5,0,1.1,2021-02-05 05:10:10,,
gp:AOqpTOH-mrUoioZUgSu_29-HetNW3x0G8eWYpQXQEGIJa_f0zccaT6Hj2UzQoBxyce4NKWviAMmXOZQ2-_ju,Abcde Armelle,https://play-lh.googleusercontent.com/a-/AOh14GjqGm9FXS4oaN_chLxfpqG47k3uOyV0b9TiFMMW,I don't like this game it just seems really annoying to me. With the things you have to do and the voices cut out while the characters are talking.,1,0,1.1,2021-02-02 00:27:54,,
gp:AOqpTOFhoON7R_ztG1xtY9siXDot2ML3d7ms8O2a3Pt0smi1-J7L-veq-EAN1MYqklhNu42ykGc6q6GHsXbv,LeAnn S,https://play-lh.googleusercontent.com/a-/AOh14GhKk98y9FzT9Tk6-HP1Tow_HJrN-GyqPb5L0JcyLw,"Eh, it was alright. One puzzle in particular where you're measuring liquids, you can't see the recipe at all cause it's so small and you can't pick it up either. The puzzles were so-so, storyline was ok, length was alright and the bonus game was extremely short. Characters voices kept cutting out too. Wasn't too impressed with this one and actually for an AM game, it's rather disappointing.",3,0,,2021-01-31 17:22:29,,
gp:AOqpTOFOSLtXvqr04eS06ru8HwPvp7htsKSvrJtYnPYL8-RqpQ8TGiTNENZzlvmsS9IQyMW8H29OJPeNVAr-,Vic Mildew,https://play-lh.googleusercontent.com/-AhnpSYMADxU/AAAAAAAAAAI/AAAAAAAAAAA/AMZuucnY4T4ofRT7Dyzsi3TOIMvEpQkBGg/photo.jpg,Spiritual and magic,5,0,1.1,2021-01-30 05:57:58,,
gp:AOqpTOGUJTmRlFNUIt8opD65fiY6QDaaTFPkcZCojUifgDAAb97tQq4NGJb_YX70m5sz8R_5KDU_yI8wmxzS,Guy,https://play-lh.googleusercontent.com/a-/AOh14GjhKyl2qSdn_J1C3kH18Qagz9Zy0Zpl0tBbZzX6zw,"Terrible voiceovers, horrible storyline.",2,0,,2021-01-24 08:13:02,,
gp:AOqpTOG4quiCTHP6yPoK4MMEEsFg_yMMIfXIZkc3CedMEd_hkdwNACR_DQ9qpmhTFIow32EV98UXK6Vdd-rZ,Natasha K,https://play-lh.googleusercontent.com/a-/AOh14GiTDxKM6qxoBp8OWmM3EBl563WK-xYh_elgmqljBw,"I loved this game so much. The puzzles were challenging, the graphics were great, and I loved the storyline. 4 stars for the broken mini game - I couldn't move the cheese from my inventory",4,0,1.1,2021-01-21 20:03:42,,
gp:AOqpTOGyoh-qYnY6JFdWNS2DqhOh05lfqzBlN3deuJUnazM_N_o0LmrOR1ItEef3Ob7b4ESLUZqYCOguqhGc,Timberly Kloepfer,https://play-lh.googleusercontent.com/a-/AOh14Gjvv8DbLzmqs6Pz6fihtx2PVU4NmLVtZZZT039phQ,Love the game.. But could not finish bonus level it would not let me claim the last yarn so couldn't go forward...! Very disappointing!! Please..,3,0,1.1,2021-01-18 02:41:33,,
gp:AOqpTOH2YVIBb7cMdBHopV6LQ33Ue-6f9w-rISf5sQFtSPPQFZrLhsdDwlWxDWZeiqXqUWrHJLc-47EP1StW,LoLo Woolery,https://play-lh.googleusercontent.com/a-/AOh14Gi9KuV2-oz-G_GpzUac4IHgfu0ayjYLhKjEZvIk,Interesting stuff,5,0,1.1,2021-01-04 20:21:21,,
gp:AOqpTOF8mUsNT3Ls0XKN5_oleBd8AMT1y0o3ye2_M1S2Pi5O16Ydg1Hub1iKq7sw0a6pXzIMNoqfmPM2aBwx,Heather McBride,https://play-lh.googleusercontent.com/-WP9v9ZJ5fAw/AAAAAAAAAAI/AAAAAAAAAAA/AMZuuckBAMU4L1PKhXr3wLMCuj7XSl5tlA/photo.jpg,Couldn't compete extra chapter as final object wouldn't move out of the tool box. Otherwise pretty good.,4,0,1.1,2020-12-26 20:10:14,,
gp:AOqpTOHr0Ao1ZYfh0x1Eqd8yxTQlGIARwzXFIvji1KIHqR3ZHP60395QRGpE-LXDk05dbkHzLprS1OWog6hh,M Duliere,https://play-lh.googleusercontent.com/-cwCfKgb8gUw/AAAAAAAAAAI/AAAAAAAANb0/AMZuucmMWYyiI2nxh9I2D0dE7_-8WOPSkg/photo.jpg,The main game was ok. Graphics we're not very good. Bonus level is broken and can't be completed.,3,0,1.1,2020-12-23 10:24:24,,
gp:AOqpTOFjoF1pUF5HTpq0nENrBHbQ6FzGfxXqH8w3ULMHjmJ3lahhzG6_aK-l6vj0Ch_0E45ShjdY6qe6uw5_,missy bradway,https://play-lh.googleusercontent.com/a-/AOh14GguNClpGhslzG8UdIP96x--HTGfNJGsPUlNaQdmUg,"Loved the graphics, cool storyline but issues with the characters talking and no voice until their last sentence. Bonus game was fun until the glitches really started up- have the item needed but I couldn't move from inventory. I'd stop playing for an hour, turn back on, could add the item from inventory, only to run into the glitch 3 more times.",3,1,,2020-12-08 13:03:24,,
gp:AOqpTOHvcmF3xYqzNNrdTCrCd-R1NUAnA35-rwFSyMqqtOUwqup-P7K3kGfopvwdtMe4U0xhF9C1HSfuIbVp,Eleanor Rowe,https://play-lh.googleusercontent.com/-Bn4U5j_AfRw/AAAAAAAAAAI/AAAAAAAAAAA/AMZuuclvtDlHPTrKosh7lJhcUcpc8hdWaA/photo.jpg,"Fun, but would like it longer",5,0,1.1,2020-11-17 01:21:32,,
gp:AOqpTOHw96w6JwGLavkK7TS1gFsE7TmfzOyf0k7Sn7PJ14H-qf7hkk1Wz29LZ7IJU9viyDZM7Rfb3A7fd50s,dawn miller,https://play-lh.googleusercontent.com/a-/AOh14GgeuTg0we1mHOPNm77OjM7HR0ZCjULokmAS4orAPQ,This was fun ty,5,0,,2020-11-07 20:47:20,,
gp:AOqpTOFfUdERSh5XvuqGH8WoyoNa0vwOI-EDlJfVKXNE_lJNX7FPQJ0NCxV2gJFTkXxPVcfLj7KY-Tbn6nxh,robin nieman,https://play-lh.googleusercontent.com/a-/AOh14GhqcIVq5Djl4N3O218RCntDp2pT43lvUxK5L0ivqA,It was easy to navigate. It took me awhile to figure out how to do the mini games. Interesting story. Fun to do.,5,0,1.1,2020-10-24 12:53:14,,
gp:AOqpTOHVFy1Z5kkPkOevMBmATWVRSKK1Lt8_wUfMMaFLnzsRuDQp-zVjev5MCDxjhWmIeXCULfCvQo26l56T,Rose McPhillips,https://play-lh.googleusercontent.com/a-/AOh14GiEhjdF7M610Sp59R55_vbRXNww-uFjRpGvKocZHg,🌟🌟🌟🌟✔✔✔✔👍👍👍🙂🙂🙂🙂,5,0,1.1,2020-10-14 11:55:12,,
gp:AOqpTOFz-pox-PL9xF1bX0LJBnnP2IsSadiYu-lCHjaTFfTdJ4W3M0hyblAl9yk696xNqX2Jz-i0jX5iEJPg,Sally Larkin,https://play-lh.googleusercontent.com/a-/AOh14GjY6G3vlj1FT84X9GQBTIXdNDJ3KFwSeOZL-BVRbkc,Pretty good game. Bonus chapter was very short.,5,0,1.1,2020-10-13 12:13:55,,
gp:AOqpTOGzDY93kko48Nl6RHN5iuBzKDvqWVWA7YhsD_ZITe4M1LBFt1D4HLNljoP5pjE5GE7AZglN2Hs0GK-G,obsorum,https://play-lh.googleusercontent.com/-O7rR77CmUTQ/AAAAAAAAAAI/AAAAAAAAAAA/AMZuucleAe61WCyT-z5yl3gbvuFP7gnJxQ/photo.jpg,-1 star because the voices where taking a walk in the dialogues . -1 star cause the yarn was missing in the bonus level so there was no way to keep playing . -1 star for the repeating spam to rate you ( how about that ratting ?:) ) and the movement . +1 star for nice jolly graphics ( owful character movement but hey i will let this one go ) . +1 star for the magical assintant ( that was original i dare to say ) and the story ( was cute ) . This is a walking hog and puzzle game .,2,3,1.1,2020-10-10 13:46:30,,
gp:AOqpTOEMraUxKfj8AGZtdNB_zXacnYUN-oZUcCmN_C3M8_IFe4KMeNDHCn9et_2eskvvLzEqn4Sns9kmf96V,Dcraig Knox,https://play-lh.googleusercontent.com/a-/AOh14GiBnDZ2DeWIQJNHnTTd7Fq3zFAf7CwyutisnellbA,"I enjoy all the games by artifex mundi, but this when is not as real as others. It's like I'm playing with toys maybe, I'm not sure how to explain it. I like the story, just not the scenes. Also, I got to the bonus round to turn hendrix back to human form, and when I needed to put the cheese on the tray for the mouse, it got stuck. I could not finish this part.",3,5,1.1,2020-09-29 01:06:15,,
gp:AOqpTOGzrMQTm_eLgKjisj4c5bqjKTlV3W7mxPGiHpUFa62k0-8MNG4WoV1MAKJYqX6FORLamL117IW4WCrP,3 Queens & a King,https://play-lh.googleusercontent.com/a-/AOh14GjnJcGvICaPKlgGaZqw-qn5Uhj1Fh4il5sI4fHmNd8,"So sad this game kept freezing and crashing my phone , i hope it gets fixed",1,0,,2020-09-27 17:14:11,,
gp:AOqpTOEvGLo9HwrGJbVfBtvg32u5qf8YVCIujNsB56-8HEzbGf10TxBa9laL6uhXCf69w4XXbosXPx1_IjsF,Charles decker,https://play-lh.googleusercontent.com/a-/AOh14GgTsDXppmZTH355PRdCioMS3lGIAUB8KJ-yiqD2,"Played thru to the bonus game, when i got to the yarn the game would not let me proceed.",2,0,1.1,2020-09-22 08:29:32,,
gp:AOqpTOEtGdE-Vw_oYKJbmWHas3O6UwsfhAElu6ALEKYFjSjsQ8KWWXJcJEv853Dis4HnwpEaKz3rg6aAnPak,Valerie McGilvrey,https://play-lh.googleusercontent.com/a-/AOh14Gj01f28JPsMButH1MgJ4U1nL_QcC6iERrW3VnMZ-jo,"Plot moves slow, graphics are terrible. I quit playing in the first ten minutes.",2,0,,2020-09-21 01:12:16,,
gp:AOqpTOE9JwD26dHfO10R0LlNliE2p8fb48sR9mdW9ubBE0mlBjaFQV75yJ8PtMIG6tdvRHR-JgYJP4JcUWll,Beverly Brown,https://play-lh.googleusercontent.com/a-/AOh14GhzFYgyb8rbMJDdukqHyCUvCHkN2WcRfHBRCk8SpQ,Awesome too.,5,0,,2020-09-13 16:47:11,,
gp:AOqpTOHYunQ3tkIJYNflrWGDq9j3hyCkO3H2PWbV3Br-bKTsThSJ58R0YiXmLIU_gRk6ma1nwrY_kZ92Z5R1,Phia Holt,https://play-lh.googleusercontent.com/-ZoOQPxWiQG8/AAAAAAAAAAI/AAAAAAAAAAA/AMZuucnYLeUv8jutrzJ0-aHEp5J0E2Be6Q/photo.jpg,"Little frustrating. There's a lot of back and forth. Mini games are pretty standard but fun. However, I am unhappy with the bonus game. I'm almost done but even though I have used the hint, it still won't let me get the last yarn. It won't let me skip or play.",3,4,1.1,2020-09-07 04:50:19,,
gp:AOqpTOGgHOYCTJDyXzW8tREqHAXn5nndnnQlJhM8QDNzd9NGyak3lzKSXXEM3SQPPxFxr7gxGrCL0Ezi7BKq,JODY WEST,https://play-lh.googleusercontent.com/-LE51YGvnGtE/AAAAAAAAAAI/AAAAAAAAAAA/AMZuucmXYVr5JZ1DGNKQ-5peh6_dSH_-Hg/photo.jpg,Great game!,5,0,1.1,2020-08-31 16:55:49,,
gp:AOqpTOFbRtF4qfbi4QfZsBrrfrv0mAiWl-lCZLuC917t5lW4g96EIMWUuNoOev9DFujYd2K4trKzxDxGX_gj,Nikki Dodd,https://play-lh.googleusercontent.com/-JlBUK1xBkBI/AAAAAAAAAAI/AAAAAAAAAAA/AMZuucnHmfOYGsOcPVg-cMDTkBlDaZP0lw/photo.jpg,9/20,3,0,,2020-08-29 12:32:47,,
gp:AOqpTOHGb5Ch32uVA40TQGIFxsWHghbukE2npWdMkCrjdXIOw_SJOVUwCEIXKCO-S3yP8VlWVcxtnFGh0HFY,Nikole B,https://play-lh.googleusercontent.com/a-/AOh14Gg07UqGjJQ_9xE7EDRWOrb-vQVkR5LzDwsuzqdT,"This game has a glitch that freezes then restarts my phone and corrupts the player profile. I was unable to play past the dragon at the very beginning. Graphics are great, cut scenes are a little more drawn out than needed",4,2,1.1,2020-08-28 05:01:11,,
gp:AOqpTOE4LEEriYgURdqbTi2AOTAagrpFsta3PepH4v2IqbCbM3QMvkYGtdxJYCXlVx73GSF-o80EbsAKthQU,Gerald Abshire,https://play-lh.googleusercontent.com/a-/AOh14Ggb_xgVCOz1o0l8kPA8gWGthcX_krfa-tGP8QTDmA,It's unusual to have a good friend.,5,0,,2020-08-12 12:19:07,,
gp:AOqpTOEtorswa6o1G4PreiP0NGjBzFsCZxtgVHkacq5OmELp6YlE_MONbtovIQhlVREm5qROA1v02fxdqhpj,Sandy Nesh,https://play-lh.googleusercontent.com/-iUPE1DT7OQo/AAAAAAAAAAI/AAAAAAAAAAA/AMZuuck-epIW9r6IwEmKKv5e1gVjNL_T1g/photo.jpg,"I tried to play this game, but it would freeze, then my phone would restart. This happened twice, so I had to uninstall.",2,1,,2020-08-06 05:33:14,,
gp:AOqpTOHk4xziXSnv-cb4zL858veiBDUCDn9MXzShoAQHcyu3vr0VuA-FZWwLthWwC7Z2Vx_MP0TcaJ5MMhup,Brenna Long,https://play-lh.googleusercontent.com/a-/AOh14GjYtVcsZ2unCeayQpndyX-DMd8pRJHCZ7L-vV3CLg,Could be better could be worse. Bonus chapter is short and has a bug. For some reason when there's cut scenes only every other sentence is said out loud. Besides that it's pretty good.,4,0,1.1,2020-08-05 13:22:03,,
gp:AOqpTOF1uE7Vz2UEbYra0rUMhiPqYVOYc0kjam5QTC_bu4S4WDcCcG_dw1MJCikDWj8m_k7ow1ibFJfndmi_,Zoe Carlson,https://play-lh.googleusercontent.com/a-/AOh14GjVwitkt1Ac0QC6SXV9AdsPdCBawHdhC2HxY978ng,"I wanted to love this game, and it was not a bad experience. But there are bugs. The sound was iffy. I had to install twice to get it to work. There is a dearth of instruction on the mini games. Some are easy to figure out. Others left me scratching my head. Overall, it was fun, easy, and quick to complete.",4,6,,2020-06-27 03:18:05,,
gp:AOqpTOG_t1gb-HwxxvgNl-r-YqXRaj-Kr3XbTLh-5AOJDdDNmYCHjKK7KU5s6HHpE5MECNf2kjrkLodJ-91u,Rhonda Bequette,https://play-lh.googleusercontent.com/-NPkZfetsb6w/AAAAAAAAAAI/AAAAAAAAAAA/AMZuucl0IasfDoRFHejyMTluxhdfddjESQ/photo.jpg,Really cool game,5,0,1.1,2020-06-18 17:20:13,,
gp:AOqpTOESE_xJ5JAITZPHd-vzsgAI2DOIrGsZvjr1ixsKwILj0Z2rHENfYtI2fombZHErJ11NSFPHrx3hEFRI,KoizumiAyumu,https://play-lh.googleusercontent.com/a-/AOh14Gixbz_fn0AlwJ1eMmSQ0Chx2CVHkIQDtYNdkABP,"Great story and fun puzzles but there were quite a few technical difficulties, especially with sound.",4,2,1.1,2020-06-13 18:14:27,,
gp:AOqpTOFlOZCihYVeQDT-E6SCKUs8vgVhSBLGIdB4Hm3qW47mDx77cmoJGnjcpLor321myjMEEUccKgxe0dQv,Morchann Fleming,https://play-lh.googleusercontent.com/-vD7q2ZW2Jko/AAAAAAAAAAI/AAAAAAAAAAA/AMZuuck047FZqudqLsAiXuiyLA65x_DSWw/photo.jpg,Love the storyline,5,0,1.1,2020-04-23 09:56:14,,
gp:AOqpTOGjL1cELQleeBGiIffy1AF7ySebJln6oYEkhjLscZkgnAoFI7hhrtk0Ty9XWzHrxNWeOfRBj-y5z1Co,Markell Williams,https://play-lh.googleusercontent.com/a-/AOh14GiAGj8aou7VCHRISZWo2tKZPbhNTuAz6f5TBdCiTA,Like it,4,0,1.1,2020-04-16 11:08:13,,
gp:AOqpTOGYUJyhR8wHf9ICOSssu51J7WypVGdf45h6vmotwXQEU6GzPfNMlg-DAtzcubUagQ2cZT49Y0eUSeJz,Roshawn Post,https://play-lh.googleusercontent.com/a-/AOh14GjNA4bpSfRLVSP3I5cgoYkpKtEH19HY60M_iOHZwg,Very good.. awesome game,5,0,1.1,2020-04-09 15:09:33,,
gp:AOqpTOFTCnfD8ZGnJIh_Vuc9EuWMlErGwYv3MT1T-wSrxShJAxPIHnVvt1FhpziwAEe88fvlPHjHxGh1I10G,Hilma Massey,https://play-lh.googleusercontent.com/a-/AOh14GhV4vDhaVYHbB6zhHnWQzdRqLzp9GgJ5C7pxYIfwA,Can not get the game to work turns off phone and I have play pass. Need to have negative ratings available.,1,0,,2020-03-19 01:58:26,,
gp:AOqpTOE3fFIoJJVaetBMrWF2OH1Imcd8R7K4uIhJucN4rS8-fc8x_wegpj6X1Ol4DvmdEfec3zArYe02QTSZ,Laura Tyria,https://play-lh.googleusercontent.com/-ihRj54g4myg/AAAAAAAAAAI/AAAAAAAAAAA/AMZuuclmPGjX71jRNqPtkFu2tL8-fXLjMA/photo.jpg,For me the game is fun but l lose patience trying to beat some of the puzzles.,4,0,1.1,2020-03-18 20:59:49,,
gp:AOqpTOGAOgl2P7ZZlmaLveHcsortIeBzY-f21p0Ls6gJllpddj62vuOoAMPJlhjYJRAkrXh3WlnNP9wi-byB,Rebecca Shore,https://play-lh.googleusercontent.com/a-/AOh14GgnkJqZWOwj4LTdxJ_DLP_JqayetOoh_IpzA62xvQ,"Just a blah kind of game, not terrible, but not great",3,0,,2020-03-17 13:07:43,,
gp:AOqpTOG8mc8R0Wx9RjYipQ-9qTfnsRQtXHC8_jHrNn5IUGrf4Q9XEWGapFjATkccFJfO-YTTVog7SjiKEHp3,Koki Niehaus,https://play-lh.googleusercontent.com/a-/AOh14GijdcyMcHHC92xK8lv7EWLGr75dXVk7q9VMCyWv,Very plain and hard to follow. I found myself waiting for hint button to charge so I could click AGAIN AND AGAIN. SHORT main game and VERY SHORT bonus play.,3,1,1.1,2020-03-02 21:29:34,,
gp:AOqpTOEIn1D-2aTFqoRIFAcRfv5cuVMPrd7i_OZRiOi-3r5zSfy6uqja5z9N_Mug7jl_8i0MpeiXJ-3Di-Lx,Connie Thompson,https://play-lh.googleusercontent.com/-ybYbKPtphAI/AAAAAAAAAAI/AAAAAAAAAAA/AMZuuck_lnGzkPKM5TEYQE6wYCtVwd9CRg/photo.jpg,"Really, THIS is what you give us..Absolute garbage! What kinda HOG game is this, you're shutting down entire phone system before you're able to do ANYTHING...I have playpass, but I'm still paying for that so this isn't free, in reality, you're stealing money from the very folk who support.",1,16,,2020-03-02 04:33:11,,
gp:AOqpTOEZQjxGxt8vUkMVqjR4TFIX4-s8OKB7GjON4xdIc_MoopwIvcZXkVv7_mzlgrcNgiXzBslvKzSOYYfC,1120ayesha,https://play-lh.googleusercontent.com/a-/AOh14Gh3OVcT3aU1NmwyDc8nxqRlAB4Tka-R8EqWciVX,Sometimes game freezes and need to reset app but keep all progress saved,4,0,1.1,2020-02-22 15:49:47,,
gp:AOqpTOGl-mOgo-VvpoS52AOn0uR5oW4iiDcZRoK3oeTThpsk0eG2j73oxI2Cv8yVMYE1t1JNxPjsvoiHWA5d,Satin Hol,https://play-lh.googleusercontent.com/a-/AOh14Ghb_1gf6vo_T-FUJTB_mNrVfdYssPL4_IgXdPfE,"Sad. Looks like an interesting story, but I'll never know! The game locks up and reboots my phone right after the baby is gone! I tried several times to play it with the same results! *uninstalled*",1,6,1.1,2020-02-17 19:26:26,,
gp:AOqpTOHwzkVJ2OfBOjWVpAY9EfnJ1GuA0qHFpCf5mdoT9vI_yrY6aNVBGWCQxla3As64hJgJi7ZrsZHA_WtP,Maureen Eastman,https://play-lh.googleusercontent.com/-u2uLLXYzBd8/AAAAAAAAAAI/AAAAAAAAAAA/AMZuucl0pgUC43VNXQVCvd__dVBOg12oQg/photo.jpg,"Good game, relaxing and interesting.",5,0,1.1,2020-02-13 10:02:45,,
gp:AOqpTOHirlnVt-0MGysArMhkXnG4KY7QFB2TqRLkhMfsIlKe6ks3jnmFBiZRlL1RAf8ipXZcBL9iG6Naceif,Felicia Montgomery,https://play-lh.googleusercontent.com/-6LbsX_JU-Dg/AAAAAAAAAAI/AAAAAAAAAAA/AMZuuck8DhenSvAf85HAWqNI_5bsZHjTGw/photo.jpg,Good game bonus chapter glitching. Will not let you pick up item in your inventory. Had to restart game to be able to use item,4,1,1.1,2020-01-31 20:56:55,,
gp:AOqpTOEH9c-gxOsx8yeEloQp7O36uT4b7ZDnX1i59wo4bdMSAaME8SIPAWBzmJXbeWM5owGvScqHCB82VcNV,Barb Cruz,https://play-lh.googleusercontent.com/a-/AOh14GgGfpRwfae7MgjGVIORIbONzZ-pwd22BPEZwmF-RA,One of the good guys in games gonna save this game for my granddaughter,5,0,1.1,2020-01-24 00:34:34,,
gp:AOqpTOF-urrzdZ_tuNmF6Q6KCYE0C8aphYmHxoA2FhjcrEalo4CcRIX3VVyZhx0FKusUL94NFuLBvZ17VvHs,Tamicka Amerson,https://play-lh.googleusercontent.com/a-/AOh14GhFJCw5h2Xd6bXrCBpLPPnz4Il8ggMHtNoyECULXkg,Love it,5,0,1.1,2020-01-09 18:47:41,,
gp:AOqpTOFTxqQVyX5JRlE1ws0AsSHnqqCpn-WLRv2cJu4O5D2IVtdzLZSNVUercfQZcUc6Mb_7Gqu_cPwolwYs,Sean Parys,https://play-lh.googleusercontent.com/a-/AOh14GjE5IaVFPpiapVVSQbOsOtigrCwvykMrVJ8oLdF,I get to the first quest and the game literally crashes my phone and restarts it every single time...,1,0,1.1,2020-01-08 23:53:29,,
gp:AOqpTOEWgoJqR38U7pOxlF7qvOyRzWRBebxbz6YfsG9-Qritlqv9MkR7Kp04rMDeUVbdV8U3c_-C-OiZINZQ,Lori Lampasona,https://play-lh.googleusercontent.com/-7jEk7Gjr3c0/AAAAAAAAAAI/AAAAAAAAAAA/AMZuucn3jVryKPWY4UHielOu9Q5ju4ZAYg/photo.jpg,"I am just truly amazed at the lack of talent and or effort in these games!!! I thought you all were trying to be the best!?!?!? Graphics were so so. Sound, sucks!!!! Game would be awesome with a lot of tweeks!",3,1,1.1,2020-01-07 17:26:54,,
gp:AOqpTOGV_9e-DK3c0UQTCwdIYeYol1HEqhhDPMofk375ydBUbvaCK-QDG6KVNyTk95EAzCejtRtj_gxpeiI6,Angela Hoglan,https://play-lh.googleusercontent.com/-cKhAJ9f0Nq4/AAAAAAAAAAI/AAAAAAAAAAA/AMZuuckMwLxy84Ypo1OYzk-YvRoTT5xSpg/photo.jpg,nice game,5,0,1.1,2020-01-04 12:51:43,,
gp:AOqpTOG6Xe333D2q5ZkSGy9fKH5i2i-5YnqEm1tT_mBbbgAJLLV_Xb-LZyj3Px9-KRZt9KCifNDyFfsjCHUR,Kathleen Henderson,https://play-lh.googleusercontent.com/a-/AOh14GjaAJqUu9VXqsabC-h-71Xj7rMF0A2XgKfa-yq1rg,Fun,5,0,1.1,2019-12-21 14:02:35,,
gp:AOqpTOEqo6TWk4rjY27JPksqH2T2JoYOmj8ChSkT11mxBmseKHyTEmsjL4BQOmXOwFKJp5rwXKX7Y7Xytlzt,Karen Renly,https://play-lh.googleusercontent.com/a-/AOh14GitU6JOW6R2jCqzQpZ2GlCxyMEv9SSdFWUfFTwBbw,Nice game. Bonus game? No map.,4,0,,2019-12-21 13:04:17,,
gp:AOqpTOFoLyzaThxNj29lVt2hv8fZkpA46nzLdscZ3kMJDys7pOEwCfYfXXpmvnbTJT9Bi5BUSQXKZTWRzqyL,Shivani Patel,https://play-lh.googleusercontent.com/a-/AOh14GhBV1Pz-UQXEpk7aGzqRlPt_WDvD-nIksgR9xOpUaI,All it does is crash and cause my phone to restart. Deletes my progress too.,1,1,,2019-12-19 18:23:43,,
gp:AOqpTOGO1Z-Aquw28JCDixIkvzsnjFee65ms7Sh7DD85ByxfM8x8TRjbu1rNeUTw-Bqjl4HmwBvFdq4aE0cK,Lindsey Wurl,https://play-lh.googleusercontent.com/a-/AOh14GhtmLyC6gna9IHfnuxjcNpMXeuiuWg0wgqD13Krgg,"This game wanted to be a hidden picture story instead of a point and click puzzle game. So many hidden pictures, even for progression things like a bucket of water are hidden in a picture instead of a puzzle. The active zones aren't really marked well either. The one thing this game did well was story, I felt pretty invested and enjoyed all of the diverse areas.",3,9,1.1,2019-12-19 05:07:57,,
gp:AOqpTOG6tqQ6g-rOpp8PMQcaVqJlgxxt1ombWjjl4DEhxt70YVlnrK5phq-_56wh0DH0sauUxmVZXCtGN2Uj,amy byrd,https://play-lh.googleusercontent.com/-8lGPI1vwbcc/AAAAAAAAAAI/AAAAAAAAAAA/AMZuuclln-npWgSuZOtix6rWHxmzd-IVqA/photo.jpg,fun game nice puzzles with math and logic fun finding object never found before.,5,0,1.1,2019-12-09 19:34:52,,
gp:AOqpTOGnrYSG517pZVQJuNkGGVU93CKmUU43y37rJREDVXiClvbhf4SvTao6Q1H_3daW4FkqAtMR7ly1lKWN,Sabina Camacho,https://play-lh.googleusercontent.com/a-/AOh14Gh7qbdSJvIjhBcpWPjYRLvxRwYRVkREIJxy6BbX2A,Why does it keep restarting my phone every time i play this game. For like a minute then freezes and it will restart my phone. Help! Please fix it. I love these game.,2,1,1.1,2019-11-28 00:15:23,,
gp:AOqpTOELTHfTapHXRQvosxHoUU0lKhz0dE-1fyjSwZeJGTsNslnOyok7wZWaLsogttwuriUqgrlDuSY0HHRy,Catherine Greer,https://play-lh.googleusercontent.com/a-/AOh14GieUqTpXfWQB2YIe5Fj6oAnxjJQ2kboxP2mu7OGfv8,Enjoyed main game but in the bonus game could not find last ball of yarn. The hint kept taking me from the dressing room back to throne room and then back to the dressing room. Could not progress 😠,2,2,1.1,2019-11-27 11:32:25,,
gp:AOqpTOHmb5633bKBu8hXuq_SZy2OWjlLSEfIyCoHLuDaPndqCedDgtjmFGK-ljVIuEeOYLaHdFBQET47h82E,Jess Gervasi,https://play-lh.googleusercontent.com/a-/AOh14Gi4pIFiDSQ1i0JUFDewYApRvPcnCW_7sYfN8rjrKw,Seems like it could be a good game but it keeps crashing everytime a scene plays and deleting my progress.,2,3,1.1,2019-11-13 08:42:54,,
gp:AOqpTOFiT1w1yjB5CE3mwy6dQptCMtlLJ1ois28paTRYNrxuGignWu9fl-wOjdWGCb6NeNA0hEGXaU3IKAW8,Troy VanAken,https://play-lh.googleusercontent.com/-I84iu-v-deQ/AAAAAAAAAAI/AAAAAAAAAAA/AMZuucm7C0ZWZuuM3z4KAXPkn09bedBaFw/photo.jpg,Good,4,0,1.1,2019-11-10 06:49:18,,
gp:AOqpTOFDq-c2FL_814Q2BlhcZg10HT5KEW8ow-sJT4OHFJ9SMWnsvJqf8FA_7qL6yfE5bOvankClwjoQLBZt,Kimberly P,https://play-lh.googleusercontent.com/-IobL_AvwwuE/AAAAAAAAAAI/AAAAAAAAACs/AMZuucnfpYub9R0--7wb2HotiHx1xpOv5A/photo.jpg,"Game was going great for the first 5 minutes, but then it crashed so hard it restarted my phone. 3 different times. No game is worth potential damage to my phone. Uninstalled.",1,2,,2019-11-10 05:26:07,,
gp:AOqpTOEORfrPG25Tgm1IJmxzn_V7oP95JY97TnqfoEddBUzYmwEL_VSfCOavEWrTMhazWR8omzYTG9JTyC8V,K Moore,https://play-lh.googleusercontent.com/a-/AOh14GhJA-5QIvYgwPBrjf2GBZ0iErlHBFkLyqyFILtsA4o,"I was having fun until I got to the bonus content. This isn't this developer's best game, but the unplayable bonus content ruined the entire experience for me.",2,2,,2019-11-02 16:23:21,,
gp:AOqpTOFNKUDac-WfKbjSob-60A0b0OEHDCjpx8bcRCQzODTDNoE8M-pfbWZjpKId7hHsX1ykWv1Sx3lyWy14,starphoenix42,https://play-lh.googleusercontent.com/-G94nyJaQ8xc/AAAAAAAAAAI/AAAAAAAAAAA/AMZuuck7XtarEour377uUqp8-5xteuqn0w/photo.jpg,Pretty good game. A few of the spots you have to tap are a little too small. The nonogram puzzle in the bonus story is literally unsolvable without outright guessing.,4,0,,2019-11-01 16:26:47,,
gp:AOqpTOFRtlVc4ApSmxokwCSoQ9n911R4HLDCIWDSNrb_6nZEZNDTZHxzA5HbNGFHKuHfeFoXGIo9SCUr4vt5,susan lindsay,https://play-lh.googleusercontent.com/-SGl9LRAEU-4/AAAAAAAAAAI/AAAAAAAAAAA/AMZuuclboFVqqKUxW-r59LZ8EOvMA1C0pg/photo.jpg,Nice game,5,0,1.1,2019-10-28 16:58:57,,
gp:AOqpTOGgPBarHzhYQB3DIcZ7PhraUAYeR_mwlShL2iTO6BermTe8R8O7q3W_cXrYTQmf17iYMbQlsZVQjhi_,Joanne Harris,https://play-lh.googleusercontent.com/a-/AOh14Gh3XX_6Y9CnFxRS4Ck63H_IbC0LR_eNmkKQi3OsjQ,this game is very fun even though i have to use the hint button quite a bit ! it has alot of puzzles adventure and hidden objects.,5,8,1.1,2019-10-28 11:20:45,,
gp:AOqpTOGfq6tNwElsLp00ABoZ-aqrE7pZd0fNp1WOswTBaKTcf2x4AFqgY4meGT3XRT_UJ7-wk4yt2zy2AecD,Janelle Weed,https://play-lh.googleusercontent.com/a-/AOh14GixtJT4oz8SZcLK-CFZahY97AO6kyvsxMPqEhV-nQ,"Ok I have several issues with this game: 1) game is good but the puzzles are really freaking hard and take away from the solve and hidden objects. Didnt need puzzle after puzzle. 2) Dark Isle or whatever it is, the little red figure you called a babushka is actually a matroishka... Get it right or correct it. Do your freaking research. I couldnt find the stupid matroishka because babushka is Russian for grandma. 3) the voice acting cuts out. Finish a scene. Dialog feels unfinished.",3,10,1.1,2019-10-27 01:58:47,,
gp:AOqpTOH87JUIO6prao4eqa8pgZ6Vr5vu9d7Y_Nq_0xuGuYkjv1KEOJiuurR1IkrcFkYnavokKUYE63rlCLuM,Linda Kelley,https://play-lh.googleusercontent.com/-BLfd6hspkPM/AAAAAAAAAAI/AAAAAAAAAAA/AMZuucn954hF5FSVJh3oBxmAspqId6fo9A/photo.jpg,Bonus game was full of glitches,2,2,1.1,2019-10-21 02:30:54,,
gp:AOqpTOE7oSn2CIbXdH5nk8CVmP8ExLn-9ciAI_4JWBN47VQ-YGBWs9i7kSYNYHfV97EWQIExSlnmrA1tgbaE,Melissa Black,https://play-lh.googleusercontent.com/a-/AOh14Git7KV6iOS8GTE3Rihw50pO55rUInmsczUOSVHX3w,Loved it!!!,5,0,1.1,2019-10-18 18:37:53,,
gp:AOqpTOEXXujtt0dbtiHZiKLLa23n63a1SLatRaG0y-B1rdip0SebuFPqwvfvtqnVfGP2dO6j1UUlnRf5KF9I,Jenny Sanders,https://play-lh.googleusercontent.com/-L-Ix2PWahj4/AAAAAAAAAAI/AAAAAAAAAAA/AMZuuclP9qMM8Sq6mKk10BkciYdeMSpEbw/photo.jpg,Not very interesting. Uninstalled,2,0,1.1,2019-10-14 21:20:15,,
gp:AOqpTOFiQcfIYLOG8fqRNk5omDOXWYyf68p6dYbiB_7zhcLhpUwMe38xGBmcsUFu1RjL5vWlTG7upJeTXev0,Susan Hamlin,https://play-lh.googleusercontent.com/a-/AOh14GhV-8Ct79u30Top6TYrIoQkCFDZwQpHJUNa_kmM,Beautiful graphics. Objects to find are rather dark or small but its a nice game.,5,0,,2019-10-11 11:34:09,,
gp:AOqpTOGC-4b6Fgx91eQZXSL4mdsRi7vDaNihfbfO0cW5HsnoS7al6LOvgx0DTljJSHhEZju982fpJeaSUGaf,kIMBERLY STEPTOE,https://play-lh.googleusercontent.com/a-/AOh14Gj7sYh0tHdk12wQcA2Nmu3-X56zzv0Oj_2AD_QP,Game glitches alot some things dont work some of the graphics are really bad and blurry ..cant even finish extra content due to it want let me take the poison out of my inventory .. Glad I have a play pass so I didn't waste my money on it..,2,2,,2019-10-08 16:28:13,,
gp:AOqpTOEu7UiXBkkjEIIrQHQpZCUEw5spsiZ6vMHifyJ4XtF3Tyqyt_wV1jGGk0y-xQJLAheRy-po6X5HSiPL,Morgan Freeman,https://play-lh.googleusercontent.com/a-/AOh14Gito5xiuRJTkyzB-74CLV4JXtg7iYWKUfTy81_XJSY,lots of fun,5,0,1.1,2019-10-07 06:04:26,,
gp:AOqpTOGe0KePoBL0Kb1__kMSEIU19u9eS2AvXDEswt3cUUCW8me1-08hX9bzrm8rZ8-ksFlzFQAH5oAqOMIm,don99913,https://play-lh.googleusercontent.com/a-/AOh14GiSl_p-CZLdtm2CbCBPCFtU5hP7NupfZdohD2ugsg,One of the best,5,0,1.1,2019-10-04 20:31:12,,
gp:AOqpTOGU-dZIm71hORSuITDK3YJyAm2tV-Vx4lAZii0-x2ELyaaGw-Egfg6Qb4Bf6gBFmbQ9euFEGPWmp9JV,Autumn Emerson,https://play-lh.googleusercontent.com/-ZAAgGzM5C5k/AAAAAAAAAAI/AAAAAAAAAAA/AMZuucnOgGIaqzxULt8_75am0HNOMHrnHQ/photo.jpg,Short but pretty fun,4,1,,2019-09-29 22:17:10,,
gp:AOqpTOHDiRFH-Y_TKD4SmPXuRYZxzFHTCkTeDGc2TtSuZRoyalCMIsj2DUlOiiSFJSAP79Xj_0my4d04teKN,A Google user,https://play-lh.googleusercontent.com/EGemoI2NTXmTsBVtJqk8jxF9rh8ApRWfsIMQSt2uE4OcpQqbFu7f7NbTK05lx80nuSijCz7sc3a277R67g,awesome,5,0,1.0,2019-02-18 23:18:04,,
gp:AOqpTOH_umg3iXe6C4CD2XL3BCoXONfpfYK0hiubrlGP-GlGXDhoa9qdfAxohLfmeCbp9XQPpMBbnsNiha8G,Robert Buckley,https://play-lh.googleusercontent.com/-bgW-6L41gG8/AAAAAAAAAAI/AAAAAAAAAAA/AMZuucklVys_IDIdotFkkET3bXcOH_6KFA/photo.jpg,It's great,5,1,1.0,2018-10-30 15:28:28,,
gp:AOqpTOEr-iD0aKaN2BU2aNK4THIclaFIqKdVMP2fi-yTtFg1Z23haZratcoA3ccejoAXOgjQ--RbLQDlwb7F,keely campbell,https://play-lh.googleusercontent.com/-FIrBoYiFQFU/AAAAAAAAAAI/AAAAAAAAAAA/AMZuuckbKaKHnNmkmxDfZuIqN2kgl1g2FQ/photo.jpg,👍,5,0,1.0,2018-10-07 03:00:27,,
gp:AOqpTOFYJ1TBq7VD3rfECqQLXwslHfX6ViWx0Eazsbg6-JNyvL8OscaLKCkvqO-Zk7uHJkyaA2hhxZgtqJal,David Dolder,https://play-lh.googleusercontent.com/-1gppz1z1cGs/AAAAAAAAAAI/AAAAAAAAAAA/AMZuucnb0dW4caSKbUCrrq4AQSGSZxktuQ/photo.jpg,"The storyline was quite flat and boring, didn't enjoy it nearly as much as in some other AM games. Then there are way too many HOG's, every one had to be done twice and they were very unimaginable. The game itself was quite short, as was the bonus chapter. Some mini-games were fun, especially the one in the bonus chaper where one action triggers another.",3,0,1.0,2018-03-09 04:58:31,,
gp:AOqpTOHUpBfVXIROnN-HFgdj4PzoD-ArVr1AeaLHxY93_u4nWA9tk1x8KskOG2Ppm45NUWlQmUHfHS5JkPPN,Debbra Selle,https://play-lh.googleusercontent.com/-W9SJf3Z_eT8/AAAAAAAAAAI/AAAAAAAAAAA/AMZuuckzoKGYRlDCtfMIZb5v7omn7KVVzg/photo.jpg,"I quite enjoyed the game - nice story line, great graphics  and  mini-games. However its too short",4,0,1.0,2018-02-19 22:50:00,,
gp:AOqpTOE3U69OjYGVjVhn_bOkMcO-Ni8iZeYViJW4d0zOGi6cOsE2mpds_NQcQj8yweJCjO6aJXKPiY847oNl,Tam,https://play-lh.googleusercontent.com/-yEOny4Jr7UQ/AAAAAAAAAAI/AAAAAAAAAAA/AMZuucmuW5aDFbDjlDJnJeOdIdwF8G4NMQ/photo.jpg,Love it,5,0,,2018-01-15 09:42:26,,
gp:AOqpTOGsedkJIU-anm7tJs6W1lk9mqknRc5Ph0EHnWwJk-Lo_B2DBcq2dR09xup-H4dHlEuTr-8TuFP89_zg,Susan Brzozka,https://play-lh.googleusercontent.com/-_0F2JyXr_-M/AAAAAAAAAAI/AAAAAAAAAAA/AMZuucne3sGA1v4PocyBp2jCItrgAO49JQ/photo.jpg,"Short game. Predictable most of the time.  Love artifex games, this one was not their best",4,0,1.0,2017-08-02 20:25:13,,
gp:AOqpTOHB9-Uc4DByf-OVqlFenBLtrY-81g5UsJwSkamQ2YGWaD3PRR5WJIAtJ6K4YpBOwjze5A2rBzareTTr,Janette Edwards,https://play-lh.googleusercontent.com/a-/AOh14GgEw_vslwjmiBv5bv4YSbeDNCJh3x5hKvGcI1ShPw,"Ok game. Story a bit twee. Lots of HOPs, most of which are easy, although some items v hard to make out.",4,0,1.0,2017-06-16 13:47:07,,
gp:AOqpTOG4wyEkAgCcrbDEbOp5BOKROZL0uNornBnPOR7G00xdQ3AZv9F7aKeQr5n3t7o3bTx5Izxu59nU0WnS,Ilana H,https://play-lh.googleusercontent.com/a-/AOh14Givy8trX87ZFL_4pWafSuPXVRymPGZks6XpmQx6JdQ,Very good. It would be even better if it was longer.,5,0,1.0,2017-05-18 21:39:01,,
gp:AOqpTOGZbUvrs0jIa7j2t_WOS2hiCmhXf3nnaq9KNNC24a_8sa0UHdHhErYezRr3qFXTPdRjGF4ydThxX-eJ,Global Warmhugs,https://play-lh.googleusercontent.com/a-/AOh14GgInuzDFEcNx66TxjE_wuJh0KV1Wft-mfAtZ_QO,"So glitchy I had to restart once and close constantly, especially the bonus chapter. Mini games were very easy.  Just ok.",3,1,1.0,2017-05-10 18:58:04,,
gp:AOqpTOF4cwefE_t8cZ5a_wZd_AocknOPEeU3B1hDZ9VdGCijH6VN3vIlIPITpmks49LpPMT9mtf1zRFPssNc,EvAngeline Draven,https://play-lh.googleusercontent.com/a-/AOh14GhLtkOLcjXNOFm_LGhw7GGuqVfeWqkV9dsudFZUfZw,It's alright,3,0,1.0,2017-05-04 13:52:00,,
gp:AOqpTOHrm7vU3W66VnCIUUBbUY3kb7c8mCMGpuaEDUeb29om7u5dhFhQlxAtjk-ei1-uyBVumALctk8klI5s,Cindy Lu,https://play-lh.googleusercontent.com/-kIST3sNjL6M/AAAAAAAAAAI/AAAAAAAAAAA/AMZuucmExWRM_gNsJDWAmrSRJcj2W_GfYg/photo.jpg,Excellent!,5,0,1.0,2017-05-03 19:07:03,,
gp:AOqpTOG2wQRfFom1FXP1ASd1eMHS44z6jCy9LHU6bV8fhzwlR55YgkU-z8HxZD0YVbTB78T15iLdbZCN8HTk,A Google user,https://play-lh.googleusercontent.com/EGemoI2NTXmTsBVtJqk8jxF9rh8ApRWfsIMQSt2uE4OcpQqbFu7f7NbTK05lx80nuSijCz7sc3a277R67g,A very poor version of this kind of game.,2,0,,2017-05-03 14:40:31,,
gp:AOqpTOHeK0w1a4cpE-kpb30Z78ZYRrm-Q0nwnONmhujPJqRGA1Qm2KZ31NWGgaB5XqygEZzLF-yJ90LPjiYY,Clairissia Pittman,https://play-lh.googleusercontent.com/-gOuMPJkD6zk/AAAAAAAAAAI/AAAAAAAAAAA/AMZuucl8qcDf4-B_YomFUhKT4fmRKPcQTg/photo.jpg,The find an object parts are too dark these areas need to be a lot lighter,5,0,1.0,2017-05-01 20:04:01,,
gp:AOqpTOFfuk2iFjHK02E2vtiNsfT1rt__8OfmuC9gO9PM5uD1P6f8fDJGnMv9kSvJjTic_ydRjBgAYf34jX17,Lani Salero,https://play-lh.googleusercontent.com/a-/AOh14Gj9b-CEKqkPxEiGzkDx-6Y9rlK66IYt3igIDF8rCw,When i'm playing bonus round I just found the magnifying glass at search for the yarns ... I can't get the last yarn because it wasn't there at the carpet even though I used hint ... please fix that ..,2,1,1.0,2017-04-21 01:42:17,,
gp:AOqpTOHsRFW45tJHXCKhfgxrhIhlJwLQWjUsIor6CTpeZ3ltmA6Q6NSOxGhBCdodRu16Dv_yvIl3PSWj8TQo,Kevin Dunn,https://play-lh.googleusercontent.com/a-/AOh14GhQzWjlo1whr_4yCozk2o40sjNQ7vwwUBrm9Ww5NEU,Great!,5,0,1.0,2017-04-09 17:48:06,,
gp:AOqpTOGOVyHEaunlXlA5cvd54cdHKqQf_-0BhMEOtqn3khWYCEA3tJWyhwNRl_1MXe1nrHbqP5RZCnaFHJMd,Phillip Reed,https://play-lh.googleusercontent.com/-heGPB4OJ1oc/AAAAAAAAAAI/AAAAAAAAAAA/AMZuucmaqI0xZELYdhB7OSWKM-d-uj2ZGA/photo.jpg,"Seems like a game whose designer left before finishing the project. (If you're a student, this is a great example of why you don't turn in first drafts.) Not at all what you'd expect from AM. Very short gameplay; story is thin and the characters in no way compelling; the puzzles do not mesh with the story nor, frankly, do the various areas of the story link coherently with one another. Puzzles are as standard for the genre and there are rather a lot of puzzles compared to other games (or it appears so; I didn't count, it may well be the threadbare story and short gameplay making the puzzles more frequent though not more numerous). Game mechanics such as the helper fairy and magnifier are unexplained when they become available (although they're pretty big standard, you'll know it if you've used similar bits before) and the fairy has tediously long animations.",2,0,,2017-04-07 04:46:42,,
gp:AOqpTOEOw0aZ7DKBhv7dNFj1UmUGYm3KCEx5NqB-Wau7qEhU-7y2cbEPt3lvSrOEg5dzug83i9PoXiFI7u9R,Bruce Quin,https://play-lh.googleusercontent.com/-cLZsSn9OurA/AAAAAAAAAAI/AAAAAAAAAAA/AMZuuckuXHVG5boFikuo9s-BNfypUkMDgg/photo.jpg,Too Short! Disappointing compared to their other games. Thank goodness I only paid the sale price.,3,1,1.0,2017-04-05 21:44:46,,
gp:AOqpTOHvt6-BxH1yxSiBPlHFbUbRs4PGfcHaZNyC1oH_nP_hrqnQ6OnlQg_zDs-SqUnhmikW0MLXQ-andh6Y,Christy Sutherland,https://play-lh.googleusercontent.com/-DPiO2q5l9so/AAAAAAAAAAI/AAAAAAAAAAA/AMZuucmwgFnfYJggly50lai9ME2ij69hqw/photo.jpg,"Very short game. Bonus ridiculously short. Not really worth even the sale price, worst AF game I have played yet.",2,1,,2017-04-02 13:05:42,,
gp:AOqpTOFQHi6qr_MR-fDJGT_qJesVqGLxsQQDCbOaFoArORwpcIq3ggQrrnOI6wrVmtVE2XHHTcvviSV3aTvf,Page Kirkpatrick,https://play-lh.googleusercontent.com/a-/AOh14GhxHA7vA7uWkhb2UOHu2aEAMbbWtF9s8qaGmNRC,A bit short. Not as good as other AM games.,4,0,1.0,2017-03-01 12:15:34,,
gp:AOqpTOFN2D6sSge8pTfRp6L16nepfr7W8tlEtFafaMr1gso0_COPDLNxKcm_fKQIZ3Ee9TAqfEbxznQdiiu4,Laura R.J. Klitzke,https://play-lh.googleusercontent.com/a-/AOh14GjhbS3qxLICEA1Y-Mf3n8hF6XsIoyew1Or3f17mow,"I'm a person who really loves classic fantasy type games, so I may be a bit biased, but I think this is a great game. So far, good plot and excellent HOGs. There are a ton of mini games & puzzles so I'm OK with the fact that some are over quickly. Like all such games, you have to suspend your disbelief a bit (elaborate puzzle lock for a box containing a cart handle... Really?) but it's well worth it. If the game ends up to be a bit too short, I'm fine with it! Edit: I changed to 4 stars because it seemed they really didn't put much thought into the end of the game. The plot lost all its thrust. Also, there is a glitch in the bonus game with yarn balls and I cannot complete the quest.",4,1,1.0,2017-02-20 07:58:16,,
gp:AOqpTOEeQ0VVWi2oS_23NQihtJzwhPGwUCgvLr6U11PUp9-RGyHMevtyweTALX1yOgjZiq-xnXbgxU7-JCdr,April Edwards,https://play-lh.googleusercontent.com/-XLwp9pVMuLU/AAAAAAAAAAI/AAAAAAAAAAA/AMZuucnJmfHnigUOUfca5vb5KaIGdybOsA/photo.jpg,Puzzles games all very poorly explained and game was very short with a disappointing story line,2,1,1.0,2017-02-12 11:33:39,,
gp:AOqpTOF7hMrVoCQJu649Wj_MY4MDQtix8fhKjG0ZVV0XU7z0S_Oz5wJY8EAr9Ng9Bx1k-ECgF1J9J-SlSU80,Deni Wilson,https://play-lh.googleusercontent.com/-m550AUtXA8Q/AAAAAAAAAAI/AAAAAAAAAAA/AMZuuclU6nFqh9hd3NhALFKEdRxtT64bBQ/photo.jpg,Incomprehensible logic especially in the add element scenes....not up to usual standard. Shame.,3,0,1.0,2016-12-04 19:19:45,,
gp:AOqpTOHk7ywomILQEI7SaR18Iist6Ffrhu4XyT03GxKq7xXqkQuUt5E_CGdTO9czUJgj0UdyddHgEcglYYHu,Lisa Shaffer,https://play-lh.googleusercontent.com/a-/AOh14GgMACLOUGv81uageVssGMmJAIsmBf1ST5OoaTgT,"Not bad. It's just kind of short even with the bonus game. In fact, the bonus game took not even 15 minutes. And there wasn't a lot of challenging puzzles. Instructions for mini games were lacking.",3,0,1.0,2016-10-07 14:54:36,,
gp:AOqpTOF9lcAb20YXpRd9sV7yVsnigR1RguV_3o7NA3SYhRKGzDmHimau9tqU76iPchYnXZ11U8XCB_N7WsH4,FJ Thomas,https://play-lh.googleusercontent.com/a-/AOh14GjwAyKvPgXfcQY6Z2RcvQvQ5eAJDA4nGgFknTLL,"The storyline is shallow. You're the queen but you must find things for upset subjects before they give you what you need. You're the queen but they won't open the gate because they have ""orders"" not to. A couple HO items have you shaking your head. For example; I've never seen a math compass called a ""divider tool."" Just not very developed.",3,1,1.0,2016-10-01 12:54:40,,
gp:AOqpTOH7rYjjcPkxlKBOC97_TUmEutwpTGVDMSsPBExibUMXq_oP_pgjcv8MR4UZ9MQp31AsvzqIwQ93ZUqZ,Raven Ramons,https://play-lh.googleusercontent.com/a-/AOh14GgxBbTuK4CEl2g-q7TgPo4kVxFbVO9NMjWYk64O8A,I just didnt like it so,1,0,,2016-09-04 20:21:59,,
gp:AOqpTOEaxqGxIUEYNA-Qdp8k7PO6ch34fPDhy4lRkXMypVxJcKLMOQ_LDclIzs2wv4QNSjsYgBnw1L1PjBnQ,Joshua Dorsey,https://play-lh.googleusercontent.com/a-/AOh14Gg2S6Dz6DjfkrMRGx-iAs7j1v63aE3XIMXvXryv,Very good story with challenging puzzles. Lots of fun.,5,0,1.0,2016-08-05 15:48:31,,
gp:AOqpTOHEbRNn4DzmcVL0NvR90F3pf7Bh_Lp0lCMG7HxpFje6f1-SLx3pluEbawkA707tzN7b8CfKQv4uYwEP,Jamie Lloyd,https://play-lh.googleusercontent.com/-RV30hzF4SRc/AAAAAAAAAAI/AAAAAAAAAAA/AMZuuclSSe0fNVTBTIsMBQk60xe_FlFphQ/photo.jpg,"For a new game by this company it doesn't enjoy some of the smoother action that other titles do. The mini games and their descriptions are awful. The story itself doesn't seem well thought out. Together, this game is truly disappointing and I am hesitant about whether to complete it. Sigh...better luck next time.",2,9,1.0,2016-07-29 21:55:57,,
gp:AOqpTOGWMCuOV0m3ALOWdbAQ2dstXxLVjl0Aar0o0VwELkHag29e4Xvj_I6C4JfLqSUaCGEDnuKzejV1DVYU,A Google user,https://play-lh.googleusercontent.com/EGemoI2NTXmTsBVtJqk8jxF9rh8ApRWfsIMQSt2uE4OcpQqbFu7f7NbTK05lx80nuSijCz7sc3a277R67g,"The storyline has virtually nothing to do with the game play, so if the story is important to you, you probably won't like this game.  However, it has a wide variety of nonstop puzzles in multiple levels of difficulty, and once I forgot about the story I enjoyed it very much.",4,1,1.0,2016-06-09 20:31:44,,
gp:AOqpTOEkzUwzNKNtARXzhaxrc_iI9sALRMsy6TFGNDgd_G-DsBp1eOMzDX8Umr63Yh6etnX0UffXWwAKWqXn,Teresa Allen,https://play-lh.googleusercontent.com/-0g9GQ2LNlRk/AAAAAAAAAAI/AAAAAAAAAAA/AMZuuckE7e8GuH-sng-S1t21xLk6rSEGeg/photo.jpg,Queens qiest,3,0,1.0,2016-06-09 14:43:06,,
gp:AOqpTOFbnRGyLE_kZRW0IG0VWMHHD5DQFAYe-tP92LZ3sdCnR76Rvim-EpLu2bje_FtcqA9gR0Rm1p7fe__N,Crystal,https://play-lh.googleusercontent.com/a-/AOh14GixQIU10iY93Rl3e0lYl7x3SAKhqyn1RGOAQZYDIw,It is ok not one of my favorites,2,1,1.0,2016-06-08 19:27:22,,
gp:AOqpTOHlu958Hg09XsdH7n18bBCDVIAgOy8Zkkq0iac68ivkMDpNagg7NRpGQn3QZC2Owbm6n6TKLVF313qm,Amber Haden,https://play-lh.googleusercontent.com/-JYxQpW7tdm8/AAAAAAAAAAI/AAAAAAAAA1s/AMZuuckzLAmU4KB2ZkkLC7rMYLLp3DVIlg/photo.jpg,The game wad good but giving it one star because I play all of AMs game and it really makes me mad that they only offer me 30 percent off games I've already played. Kinda a bummer.,1,3,1.0,2016-06-06 17:31:28,,
gp:AOqpTOH5rqH_LWxKrmTCegoDaSSUpyvtbOti2G9Rp6rsdxA1K4Si-9qtaqyoVSf1bpvW_LR4lS0UjUq3yrP6,Mary Bailey,https://play-lh.googleusercontent.com/a-/AOh14GitX0t-tOq6a2LkFw7_SviRTId_He5msWdSTe2arA,Not one of the best. Still I  played all the way through.,3,1,1.0,2016-05-11 20:55:28,,
gp:AOqpTOGcz0NaeDA4_uFPpgHSI13DT5gL2vurG7gSk-bXtKUDU-pnsetDmsNWkAV9mYM8s5PX_TQ9CUhyl3IP,Rachel Santiago,https://play-lh.googleusercontent.com/a-/AOh14GjqjafjjotFytWunLOI73JSA1QJw97toyAU0Cfu,"Liked the main game, but it did seem much shorter than others. I did have trouble with locating the last ball of yarn in the bonus game. Once I did find it, I couldn't get past collecting the cheese. Once I had that, I was unable to use it or even select it in my inventory.",3,0,1.0,2016-04-10 18:05:30,,
gp:AOqpTOGV7YEqyVY6o7CgFRIoCJCm4wSicTU76OqENH2YtZv0Ozx8NN2sROB8osvL9mdeauu1_BrnYbG1ANt1,Stephan Beal,https://play-lh.googleusercontent.com/a-/AOh14Gjr1Rm24xx5cdBatJ7xWhtQFV-T3_5a5rcNZWpqFQI,"This gets very mixed reviews on Steam, but i can't justify all the poor ones. Keeping in mind that HOPA protagonists are _necessarily_ OCD, _most_ of this game is well done. There is at least one puzzle which make absolutely no sense (the instructions differ wildly from the solution in the ""knights and dragons"" puzzle in the courtyard), or seem oddly weird (e.g. what happens when you assemble the clock behind the clockwork dragon), but by and large well done. The HO scenes are notably simpler than in most HOPAs i've played (less ""noise"", so the items are easier to spot), a few have ambiguous terms (e.g., ""bow"" when the HO scene has both a ribbon/bow and a violin bow). Story is cheesy, voice-overs are mostly decent, graphics are typical (good) Artifex quality, music is unmemorable but not annoying. Take the protagonist's quirks with a grain of salt, and you'll likely enjoy it. If you take her (and her insubordinate subjects) too seriously, you won't enjoy it at all.",4,0,1.0,2016-04-10 05:29:12,,
gp:AOqpTOGTUZqUzAHZnTKOxveUiL_IbB8ZoL_AEls7H7mRNaVKaI9xnvR1Rj-6aMzBCC_iSmStNaAOm1soBxri,Looby Lou,https://play-lh.googleusercontent.com/-yJFXMlvjuuI/AAAAAAAAAAI/AAAAAAAAAAA/AMZuucllsU7eafiF4KxZ1Y4j7bpaHgjLBA/photo.jpg,So far so good. Just finished. Was good game. Enjoyed HOP with morphing objects and has map which always helps. Bonus game very short though.,5,0,1.0,2016-04-09 00:57:08,,
gp:AOqpTOGRjgiqGtCy75ry4ycr0vCY35G0MrmzNpLYF6Az5LWh6Sv9Obv4NuKbffY4XWvjzIqre7uBxlRETLlG,Anne Lyon,https://play-lh.googleusercontent.com/a-/AOh14Gjh2NQfQPNGxakmq5-KuU3H8ASCzqfdTiErbA-AlA,Too bad the game pressures you to give a review so early in the game. And I had to start all over when I bought the full version. Otherwise everything I expected.,4,1,1.0,2016-04-06 09:59:57,,
gp:AOqpTOGdoRLr6unwjisOWraeZpZXxK83ql4t7JGoE3nmy3PPHQzw0TsmNieZM6QwHLaRRad8jiaPL98JAEtR,Zahiera Baloch,https://play-lh.googleusercontent.com/a-/AOh14GgULTBQVOn1Evt26SPJrXyOaR_qFlPXurava_HYig,I love it,5,1,1.0,2016-04-02 09:25:26,,
gp:AOqpTOEJS7u4c4kIgV4GSY8B5B6FBqdnZ0Ik7jWgQELdPsyNIhp4r2m5efVnJaf7xMqYWo3KSj-W62MGl5ae,Charlie Williams,https://play-lh.googleusercontent.com/-JwyC3ZNWO7s/AAAAAAAAAAI/AAAAAAAAAAA/AMZuucmJTbbFq8GCQCopqkxdPT2R0fD3eg/photo.jpg,"story was poorly written, to many errors. even when using the hints. could be better.",2,1,1.0,2016-03-15 19:08:26,,
gp:AOqpTOH3jRiENkJylyMFIEyAflBwRvqSitLfQ2g-gxiF0T2cVbBP5Ds-3YhD9ApO2uEJ3VtKDbIHO6ykhF9M,Sara Warren,https://play-lh.googleusercontent.com/a-/AOh14GiXgwaehGAmH3Nl-7-5qxCkTpYPbpZcwBsj-bGQFQ,Please help me if u can!!,3,0,1.0,2016-03-12 19:37:22,,
gp:AOqpTOHXEfU9f5aUVtr3KY10PXgxZWJEn3DO2uqwAvlZ9Eb-Z2jrfNfx0LWgJuSy1WT4qoLsNT6h1fvNlx12,Shannon O ' Rielly,https://play-lh.googleusercontent.com/a-/AOh14GiNM2ujhz01U4ghksCBkCzZPiNjwy_2hqeECCtM5g,"Could of been better, not what I was expecting, games could have been explained a lot more clearer . disappointed",1,1,1.0,2016-03-06 20:04:55,,
gp:AOqpTOG6Xr9AtqhF58yvZX3PG0v_2FkdIEmMCE-U6ZVEo3N33op2mZcapV54stBz5tbt0YxyxDIDaOGSvQoV,Elizabeth Carrasco,https://play-lh.googleusercontent.com/a-/AOh14GhnazpT9bDmo3wl5CCnUMYGt9PhKf8o0_V4aqiFXw,I really enjoyed playing this game but was very short to me..,5,1,1.0,2016-02-27 02:14:36,,
gp:AOqpTOEwk-JdevpFnrgIp2O8e3BrJpGENU2Lqu3Ni71zHAoRtZ6aIGmRGvqfek03V5IX4ylmot6hu5Y6Rnw7,Sassy Mae,https://play-lh.googleusercontent.com/a-/AOh14GhAjQMYF9A_Jlou_8Y_cjf52GwBdOyatRvdvWP_vQ,It is a good game for the price,4,0,1.0,2016-02-25 17:26:17,,
gp:AOqpTOHAk-PSpmgZ8L_RqRJRsbuLqppqx5U6MuaM2-EIgq-to2AuDM_GcfLHmin6bDb1YWflLyRt_4Bu1F7y,Steven Swinge,https://play-lh.googleusercontent.com/-wnGeHAUV3lM/AAAAAAAAAAI/AAAAAAAAAAA/AMZuucn6u4arB6LzomZUpUQBpnfsObzmrA/photo.jpg,want even load keeps crashing.  REFUND PLZ !!!!!!!,1,1,1.0,2016-02-24 08:38:27,,
gp:AOqpTOGPfp9OeugbEvGJq5cF1N_vYxybRbjuYi_yitPoI4MXTA4R2c8Pk4znqWY3xxELprt9TnsFnEhBTWaB,Terra Humphreys,https://play-lh.googleusercontent.com/-G2BJasktZ8A/AAAAAAAAAAI/AAAAAAAAAAA/AMZuucndp_EuGHcQSWn_PJ85l9HxSmC59Q/photo.jpg,Works on my tablet,4,0,1.0,2016-02-20 15:55:21,,
gp:AOqpTOFCGb-teY4G1Mw8jHmNk24YBnhQTWSPidN3ibUadyFgumXvNUkr6YAlQnlSV-dW5HSQKjz7-FAh3PQs,RUBY ROCK,https://play-lh.googleusercontent.com/a-/AOh14GhZNjjoZU-UG5KF08vD4vAT6V6fn7V92vDQDmdviQ,Loved the puzzles,5,1,1.0,2016-02-16 20:05:12,,
gp:AOqpTOHSXHoKKz3s2cOtTw6wHfGq50iKidkNEKFpRwQOoxy-doiKE1g_6K_5TBmoR5G0osnf4AbwIVhrSNTv,papa d,https://play-lh.googleusercontent.com/a-/AOh14GgxIoFK3o7Fs-dHNgY2T1QbKvPkxERzVSo71kOf,Good game with no glitches. I have played better but that's just personal taste.,5,1,1.0,2016-01-24 16:46:28,,
gp:AOqpTOHgYdcDDsYWBlpcjlpkxZhC344GBNl-I4hInq8_yCLn6jkl-oMzgAmAVWyJiWkVSeQ9MuuUBog7VLPr,Gretchen Stuart,https://play-lh.googleusercontent.com/a-/AOh14Ghok0R_k29VqSqmtI5-BKrBBhUX-lOh0XjXD-EF6g,Exciting and engaging.,5,1,1.0,2016-01-17 17:53:52,,
gp:AOqpTOHKRYdbtI3VTR-JnT1R-YsOLXTJzHDTgV_q_30PNvLe33eGU_Go7bk80Pr6w3jC-f-hDZQaPVmBXbor,Ashley Drew,https://play-lh.googleusercontent.com/a-/AOh14GilwMijz-qIvBOVD1VKzDeePSnUHeylYXccaqoxpQ,"It was pretty short, which was disappointing. I also had a big problem in the bonus game: I got the slice of cheese, but was unable to place it where it was supposed to go. I tried everything to get it to work to no avail. Guess I'll just have to uninstall and not be able to finish a game I paid for.",3,13,1.0,2016-01-17 12:48:33,,
gp:AOqpTOFloBV1G7WKPk5hIGUnRuFBDg208D351QvE1pqN_P1qZn7XxBy2BChf0wSE_NntGvpNB32JPnAHRMB-,Monica R.,https://play-lh.googleusercontent.com/a-/AOh14Gj9yz_k-2iNUcb0O2Vk-_kd6p8xgGajSi4EsPBf9Q,"Pretty short, and not as fun of a story. In the bonus chapter, was unable to get locate last yarn ball, and when resorted to using a hint, it was not helpful at all. No object/task found, was unable to finish it and opted to uninstall instead.",3,3,1.0,2016-01-14 01:08:19,,
gp:AOqpTOGwnf0lrrs8HU2ZUhKYjQEGMF_wcfODMzDDeE2kv1Lqbuf5hwYk0IPGOUhV8rgtS_tdVXf1Xb3o5pra,Candy Miller,https://play-lh.googleusercontent.com/a-/AOh14GgIMm2chmpT57bkUk3Ybz3KXcEUkvwLYJ2j2dsoCA,Fun and addicting the time flies by,4,2,1.0,2016-01-04 15:46:46,,
gp:AOqpTOGsG-sDYv6LHgRrfkFGUA5QZTFLUJeUgUD_mS5FqF3_6-boaNhcHlW973c7cMrnoJUTEQs5KQ-SOemg,M C,https://play-lh.googleusercontent.com/-4zo21mNmvR0/AAAAAAAAAAI/AAAAAAAAAAA/AMZuucl74_ofhbTPQpPf8VHZIZl6cHLlaA/photo.jpg,"Too many HOGs than I would have liked. Instructions for puzzles were not clear that you had to trial and error to get it right. Often I resort to skip the puzzles entirely. In terms of the story, the princess had to do all the work while the crews were standing around?!",3,8,1.0,2016-01-03 10:00:16,,
gp:AOqpTOE1ILK4UWEwpi1UciQUP-1E_dUp4i26JU9EBgQgmiJtDQhlUG_M8TDgi6KLrBLMzanbQNgAbmxFOBbM,Virginia Byrd,https://play-lh.googleusercontent.com/-U6VIQtZu3JA/AAAAAAAAAAI/AAAAAAAAAAA/AMZuucnwAgIJtp1PadmiXaOV5BcPMpjWJg/photo.jpg,Seems like it going to be fun to play,5,0,,2016-01-02 12:59:04,,
gp:AOqpTOHQE-JHXdPyVfphn6qbwFPc8m8MA14RTO623bJyibKytuF-YyAOLqxUyJrjyPohXFHLtePgpKbaUBqy,Kaleta Brown,https://play-lh.googleusercontent.com/-QFxYAzcz8YE/AAAAAAAAAAI/AAAAAAAAAAA/AMZuucnkpoLOWrRpu0owsgj6ZTN5y7p3wg/photo.jpg,This is a  really fun game.  It is full of creative games and puzzles with colorful items to find.,4,0,1.0,2015-12-07 12:11:54,,
gp:AOqpTOGN-jxf1xyQ-3dvt74dosglrUgkOtq-uhs-C2e-kBG-7H2LjbZtKpXyjb02FtLz_T-pLsWaH6fNyYI4,Amy S,https://play-lh.googleusercontent.com/a-/AOh14GhyWGOR_43l-XxiCjIU060OK0RU-Sk5DWt6BBURZw,"This game is much shorter than usual, the graphics aren't as appealing, and the story heavy-handed at best. The mini-games are repetitive and not particularly interesting. There are so many fewer locations than usual that I was surprised it ended so quickly.",3,28,1.0,2015-11-19 09:28:30,,
gp:AOqpTOHKIx3qrEMiBqz-oGtR-Ra-kozeeZml2UqQ5JgWFXx5MQHlpha4oPIKFFJbArY0l76j2tpNBb9sPYCl,Jazzy Ysj,https://play-lh.googleusercontent.com/a-/AOh14GiQC06ZxP3nqsdqpSv1pWA_3JCzwqfDDSrS_x_Zng,"Good game, but short.",3,1,1.0,2015-11-18 14:34:31,,
gp:AOqpTOH8I94QxcxbAKJuLIvQnughPKtHxYMXbl7kNfbLoea3mACTPqIgnfU7YUQ3Y-5Xwb56zv37YOvi7g22,Aleris Gonzalez,https://play-lh.googleusercontent.com/a-/AOh14GiiKcNT_z7ROoxnr6yY6B37ryu6y_qj2yi8lyi-,I'm stuck in the dressing room and can't reach the last piece for the yarn and yes I'm using the magnifying glass not happy please help,3,2,1.0,2015-11-08 08:02:48,,
