reviewId,userName,userImage,content,score,thumbsUpCount,reviewCreatedVersion,at,replyContent,repliedAt
gp:AOqpTOHnDBWItOISJftiJJwPg1qc7Uf7SvtUFyHV0bTJ2pzYw-AfvIiaSAHORp9LmIgS4WqQpkha4UT_Py7W,angelezz35,https://play-lh.googleusercontent.com/a-/AOh14GgVtHBPE_08PR1QqEtFSuzjN8bH3l7XGdqACP_pMQ,I HAVE ONCE MORE PURCHASED THIS GAME AND IT DOESN'T WORK SO I NEED A REFUND PLEASE I purchased & downloaded but it wouldn't work! I,1,0,,2021-02-08 01:25:27,,
gp:AOqpTOFgGPmE4idf2YyU14JvujmpjwXYqLS5_JdmpRHbyfgyKxec7CvEsoWHR4Z53kbZDy6vu3-HcHIM3Cao,knqneal neal,https://play-lh.googleusercontent.com/a-/AOh14Gg25nS0rHlObDUHQKjZW2j-d6IYKiq684I5knJhRA,After paying for the game it doesn't play it immediately crashes,1,0,1.0.0,2021-02-07 18:24:43,,
gp:AOqpTOHEqLwNCH4BPdFoWexa0RtGglzgs3AD83ixJT0gNxtKgz-1YT-7avIzpzQzoB65lZ_GSc51c9QFXbZ7,Vivian Pomfret,https://play-lh.googleusercontent.com/-fiqfdjDoa8I/AAAAAAAAAAI/AAAAAAAAIkk/AMZuucn1Tpyv7Dw4h8jRFUDtV8zgl6OBGQ/photo.jpg,"Paid for the full game, and it won't upload to play. I want refund.",1,0,1.0.0,2020-10-07 04:44:57,,
gp:AOqpTOF0h4mI5WnezhRXmVPh5C5j9atiTdVD7QV-b1BqFcLWkgoDiKuKOHi_zwuNq0N0X3ICcQgKzL0zvnnq,Dawn Evans,https://play-lh.googleusercontent.com/-1y7QNNIeV8U/AAAAAAAAAAI/AAAAAAAAAAA/AMZuuclez9YHEo5Htn7rYN4cjvMCsOkAWg/photo.jpg,Could not open. This is the 3rd game I couldn't open,1,0,1.0.0,2020-10-06 08:31:19,,
gp:AOqpTOHDN3DpiZxGY0dotvL1HMU01CuL7jdNQSKzPAJgCMp0kNhIs41W83WuvyN8KHwTEu-ygi20NP7xQRam,sylvia griffin,https://play-lh.googleusercontent.com/a-/AOh14GjgzDrTHmoXXOWj_qxkTrGv5_sfsd2tWoB46tuUyQ,"I'm assuming this game as well as others, do not work on the phones of today....unless you have an older model....i suggest checking to see if its been updated and if so the date...most likely not.. Wouldn't open. Wasted lots of data installing this game for it not to work.",1,0,,2020-08-25 21:42:51,,
gp:AOqpTOFDuCFIA8hZLi6rUQcUU664Mba18BPKWGLa8sRhaRBf9JpVcKiuhO_BBT4qdExV56p8URMxPYd146II,Claire Jackson,https://play-lh.googleusercontent.com/-_DKkar2N8nM/AAAAAAAAAAI/AAAAAAAAAAA/AMZuucljZPJXY30THzweCROHP5FfzpRVCA/photo.jpg,"NEED A REFUND!, paid for game, and will not load! UNHAPPY :(",1,2,1.0.0,2020-07-27 08:52:17,,
gp:AOqpTOH9K5klyZp8Ujy3rF8dwhJFzunuduxhbgz5nCyVYyIDtt_OSIko10Mi3aaAYbIXvodeN8HWFPKKvCO8,Sapphire Light,https://play-lh.googleusercontent.com/-mE2mRgiCHvw/AAAAAAAAAAI/AAAAAAAAAAA/AMZuuclOkH7Taia_vdOdDcTwOS7vnwLvzA/photo.jpg,Won't load,1,0,1.0.0,2020-06-21 09:42:39,,
gp:AOqpTOHowZR1l3IXP1E4iPD3LexPXQjV5ARUFQpgkYAI1Bup8TMpw8iUtnfOtXTj5QIVI0luaIwqTAR3zjL5,Melissa Reynolds,https://play-lh.googleusercontent.com/a-/AOh14GjMLfgDUxqlbg68vHC-mracEAA2LkZwC5K5vbg3FA,"It started slow and ponderously, but it grew on me and I enjoyed it till the end.",5,0,1.0.0,2020-06-12 11:22:56,,
gp:AOqpTOE7vcbKc4o2RN1IMSe643Tvx5757iXDZwkNl9uRzhajs6hrH6NzgTmZgz5In5ASF6wXFzBABdQwqRpM,sherry taylor,https://play-lh.googleusercontent.com/-iZhH1cposo4/AAAAAAAAAAI/AAAAAAAAAAA/AMZuucmO9EOD_yXW7HaJcBtXTqpvAdYePw/photo.jpg,I Bought This Game But It Doesn't Work On My Samsung Tablet Why Doesn't It Work And What Can I Do About It?,5,0,1.0.0,2020-06-05 11:52:02,,
gp:AOqpTOFaM9A771XWqIti3JsvazwP3VrCnghyyWcHRHcLUvnbafBG6jueyJ9ImvglafHv4gMfok19EEIF0NQm,Julia Fair,https://play-lh.googleusercontent.com/-aV1BmRB1WWk/AAAAAAAAAAI/AAAAAAAAAAA/AMZuucnQHHXs8TGWE3so8BDXksRetFYI7Q/photo.jpg,Brought game and it will not load not happy quick enough taking the money for a game that will not load !!,1,0,,2020-03-21 15:07:03,,
gp:AOqpTOErNyeg-Z5vAvxLE81EY2ns1CsQ6Wq9ZDTwLZWp5TRhXx_66caY8uhs9-dGhhhLO0gKQ6qReD41LYnL,Alicia Mercedes,https://play-lh.googleusercontent.com/a-/AOh14GgN6T4VXqRwXWUTqJahBOxjBYYl7dpRKiGCedpd-w,I buy for play and the game don't work big fish i want my money back!!!,1,0,1.0.0,2020-02-27 16:44:35,,
gp:AOqpTOGdjHqgFye0vSjLmnTLdQDFj7EtqUcz8CmQVJlXSkHDFSN3zmFincPZ-pF0iNYxghE1l-Tj1vA4mu-o,cathie mayhew,https://play-lh.googleusercontent.com/a-/AOh14GhtXwsaOByZtpKZkVtMBzzWE21mHUrZqNjQPARf,Doesn't work on my Samsung Tab A,1,0,,2020-02-14 10:36:30,,
gp:AOqpTOExGPwdVcVRuuISQQhp3rY5TTL-oHM4LS5FlRflOed284iyKf9Yw4Dz6taHiO4R4317y7q1bn7aBdxD,sarah walker,https://play-lh.googleusercontent.com/a-/AOh14GiBg9foXqW8d-iNxy287YrIi5baG8q8mAhZN5q7zug,"YET ANOTHER BIGFISH RIPOFF! THEY WILL NOT UPDATE THE GAME, FIRED THE PEOPLE WHO MADE IT AND STILL KEEP IT UP LIKE IT WILL PLAY! IT WILL NOT UNLESS YOU HAVE AN ANCIENT ANDROID. TALK ABOUT A CRAPPY BUSINESS PRACTICE. THIS WAS A GOOD GAME UNTIL BIGFISH PUT MONEY OVER MORAL AND ALLOWED THE GAME TO ESSENTIALLY ROT YET STILL LET FOLKS PAY FOR IT THOUGH IT WILL NOT PLAY. THERES A WHOLE SLEW OF THESE, ALL FROM BIGFISH, SO WATCH OUT! REALLY SAD. BIGFISH USED TO BE GOOD. USED TO BE. :-(",1,0,1.0.0,2020-02-14 00:21:29,,
gp:AOqpTOFyEa0X7IMspZL1sIILJntmLTGX5oRfBcroOLj0zyfTjwbB5WaCZ0jc86qkg75RlqPRwoBxtU9R1hmq,Liam Fitz,https://play-lh.googleusercontent.com/a-/AOh14GgzMJFul8vgt_R5ry_tmnQK5YE4UR452aPEIT3xfg,"I remember playing this when I was little and I found it again and decided to install it but it wouldn't open, it just stayed as a black screen so if u could make it playable on a newer version it would be much appreciated.",2,1,,2020-02-01 01:31:01,,
gp:AOqpTOH4rGlMhnBoy6x-g6_bL6Lzxq_4qgBvY0olvleLNsH6joF-MF9_CHLr-mLitIj4SgYNkGC2VbUbnRQz,Mahara Doig,https://play-lh.googleusercontent.com/-E0mzdoeKaP4/AAAAAAAAAAI/AAAAAAAAAAA/AMZuuck2BSkvc8FzUessqLzpekBQIwOGTQ/photo.jpg,Doesn't work,1,0,,2020-01-30 00:29:43,,
gp:AOqpTOEoFhwM_w4jrEPmzZFgEPx4aRWIA16DVy1QCeeSXksocdJTfEgSiwvmQJ3datmyQoc2ovR0pNEG7cm6,Foxy BlueJazz,https://play-lh.googleusercontent.com/a-/AOh14Gj41CBjQKJXe4aN81SWXQBv7pxlLz8dESmzAoku,"I've been wanting to play this game ever since I bought it. Now it's not opening, and I want a refund😤",1,0,,2020-01-07 08:14:24,,
gp:AOqpTOH2xc2pzJ_h00YR7zuzchYYlPrmYJIy6reIB1jvuy8tgmbD1-rhdUPDMze7whhZkb3iVdb6jtsY-LD7,Jazmine Scyoc,https://play-lh.googleusercontent.com/a-/AOh14Gj4bi67biBH-08q5dtA068FLO07XSErY-KdAfSQgw,Game wouldn't even open. I want a refund.,1,1,1.0.0,2020-01-02 17:42:29,,
gp:AOqpTOHJPE-hTMe8fH8sU9es5Ou6xR6211fXHUuAgva_h9tERtqNdqgbu2g2W1ed-vxmZtniIQSQ8j7SeH_9,Connie Kreese,https://play-lh.googleusercontent.com/-nZYnG3BBero/AAAAAAAAAAI/AAAAAAAAAAA/AMZuucmgLkFmbj__Rcx17_sjTMn-UDtoLA/photo.jpg,Won't load as w many 99 cent ones,1,0,,2019-12-23 17:37:55,,
gp:AOqpTOF8feY7vg3CdrsBL06Xa0vuatVxG2u61HfokhLQ_s-dNbiUJOK_CkIsqbRJYQKycce_yZop69EZGVYj,richard niemann,https://play-lh.googleusercontent.com/a-/AOh14Gjn4YOLKwTYDjqRuw2IODG5jpTj2ZXgJY18kRtr,"Wierd,creepy..and super cool, fine price also.",5,0,1.0.0,2019-11-21 12:34:12,,
gp:AOqpTOGwZ_dF_E3AdgfymP7eUKe_hGR41ZcHorCncDfEVCirgmXjPGgWNtvJYVU-V_qdxklwNIT_jDdg3aWQ,Tamika Marks,https://play-lh.googleusercontent.com/-wNT4AjXnD3c/AAAAAAAAAAI/AAAAAAAAAAA/AMZuuckH60mhlOKXcgIYJNr2gNwZwHaEFQ/photo.jpg,Boring,1,0,,2019-11-14 04:10:12,,
gp:AOqpTOEl8DJGhjGk9yMr1VTb2q5_OfeqGFPTvBPpMJcze_B91TQxiwFBKe4g9Cv9mocWcs1aPyE5uGlE3kaT,Tiffany Wallace,https://play-lh.googleusercontent.com/-1HHIQVbuFoI/AAAAAAAAAAI/AAAAAAAAAAA/AMZuuckIcfNiDDW4E3cNFH7eIhmaRNmSyA/photo.jpg,Game wont open and I purchased it!!,1,0,1.0.0,2019-10-31 08:14:57,,
gp:AOqpTOGTQ2UOg_tfejeMShlkQ5rh7JLPMiT7QACngCHw06pCL2iWjKX9TLShX7X3y6emwWTFNkzl0S9tPu48,Annette Owen,https://play-lh.googleusercontent.com/-zPEdhdRFWM8/AAAAAAAAAAI/AAAAAAAAAAA/AMZuuckmNUOzRb5mR6n4q8qT40aVmCCn9g/photo.jpg,Bought game but would not open. Just had a blank screen. Dont waste you time on it.,1,5,,2019-10-08 13:28:37,,
gp:AOqpTOElAN93_McXKMqWxhKgGEw_VFuYrrNAiv4RUIG4UGSDILjSoBPjH4s11A0DfTjjsh8X8gGKRTpLaO_C,Lala Garibova,https://play-lh.googleusercontent.com/a-/AOh14GhAnXALX_Ch_yndT8seOJX-k_3bDQlEa9s1uN5n9A,Not workinf,1,0,,2019-09-25 17:40:37,,
gp:AOqpTOE9X1YGu0OJi0_-tlRA77ahp6tlBFDZBWNMFejig_2hP2CvHXfZvraRbkRfoOv02PN37GaW7QiNPKY8,Jeanne Stitchie,https://play-lh.googleusercontent.com/a-/AOh14GhYC0D5gF662V3WvxAKywVH60drQd-cenX7v7w3f4M,"Super disappointed with Big Fish Games 😣 This is the second game that hasn't loaded for me, that I paid for, in the last few days. It's like the 5-6 game overall. I always contact them requesting a refund and explain the problems, but I get no response.",1,5,,2019-09-17 20:37:29,,
gp:AOqpTOGZqhIxG7XIduvRfZ7bpOaVzVItmQ-rNWCChLluXDyY1Cbf2MjLMYntdxfTuKPDd-MQBMfjXViHxDgz,helen goode,https://play-lh.googleusercontent.com/-qaMvhFmzvr8/AAAAAAAAAAI/AAAAAAAAAAA/AMZuuclCwxCM-UM7blI6LHUiVr0xfVHueQ/photo.jpg,won't open,1,0,1.0.0,2019-06-26 15:10:00,,
gp:AOqpTOFpqdrArngpV7tTCp2IOk3PRhL9vR4kL5FoeT54fKpnMHcZj2FZ5Ng4OC8FRPCFN_hceCT91p_i4jPD,Alexie Gilmour,https://play-lh.googleusercontent.com/-nmlJMTpwN0U/AAAAAAAAAAI/AAAAAAAAAAA/AMZuuckzUKvO3cCPUZ6Y6XKqyT5EltlBxg/photo.jpg,wouldnt open,1,0,,2019-05-30 02:43:36,,
gp:AOqpTOEkKfAMlQRRoZXg3RMyFs9Di8I59TEYBawLXpiiV_OY5BZ4zkgfi4Dy_wp6SAM5G1k3ab6qSI4N6Lo0,Kayla Hall,https://play-lh.googleusercontent.com/a-/AOh14Gjydq2X67pK-KcZsaQDifuRaWDWEkgCrGg0epqEiw,wont open want a refund,2,0,1.0.0,2019-05-23 21:31:04,,
gp:AOqpTOHuX9aasS92O88t2U4OXBUZrQ_3bLwumMiNOiGYGxEPquywYCjI5cgnfyf3Q26mcqAfAJ3cSmvhCtzh,Miss Lee,https://play-lh.googleusercontent.com/a-/AOh14GgptOWxykP68jvIzlAcGAHsPEcIt5SUB8xf7tDQKA,Bought this game and its just a blank screen and does nt work,1,1,1.0.0,2019-05-14 10:27:53,,
gp:AOqpTOEQfz1BSh_8For5gchrWBSrMUYUS2H1WrxhCqm-vw3fV26FhN8a0LpdbGMpVuUzB07vuoDWfV85M0M3,Paul Astbury,https://play-lh.googleusercontent.com/-qkGIl1q9WTw/AAAAAAAAAAI/AAAAAAAAAAA/AMZuuclW3kSdg77FdH0kyEkksCU9Amf5sA/photo.jpg,"purchased but the game does not open, contacted Big Fish support twice via email twice and have still not had a reply.",1,2,1.0.0,2019-05-03 07:10:29,,
gp:AOqpTOFrL1UXbm-7o6y3agkYYTSJkQITWBHNopLqvw3IJ0runNrDDvCgv-EljgJDhqkmq1ZYutkCP7dv0vjU,Linda Jackson,https://play-lh.googleusercontent.com/-P4dz64J0Mmw/AAAAAAAAAAI/AAAAAAAAAAA/AMZuucmRSWu7rVM3jjrPpqnltB-lRuqhPA/photo.jpg,"No stars for this one! Really looked forward to playing. Got through the beginning so I purchased the game. After that the problems started. Couldn't pick up items from inventory to use them. Reinstalled game but same problem persists. Sorry I made the purchase, I want a REFUND! Will consider trying again when you get the bugs out! Also the character's voice volume, can't be heard. What good is having them if you can't hear and have to read the printed script below?! Linda Jackson",1,2,1.0.0,2019-04-21 13:03:38,,
gp:AOqpTOG_8To2mfpmISFSgp4TctWyqSYKUncehZVvhRtvHMmuMYjiTxZr908XKl76p31C-iIIHX5fcLWha8_Y,michele peters,https://play-lh.googleusercontent.com/-T4eGlUECL7M/AAAAAAAAAAI/AAAAAAAAAAA/AMZuuckAnJgYvd8ggqxGtkbJQNuisiWMrA/photo.jpg,another game that won't open after I've paid. getting annoying.,1,2,,2019-04-01 12:41:04,,
gp:AOqpTOEO2T0G0udOT8s-KjndJR5hj8xMW4A70SjRKruwR9f1ZFTZ673uD9Pvt8RRX3-FVBeHKeJ6ugkVv7WI,Cynthia Johnson,https://play-lh.googleusercontent.com/a-/AOh14Gh6JSMOKjY4horoqcrzHIguN9zUkcvUfsd8E6kaZfQ,wont load game,1,0,,2018-12-22 00:52:33,,
gp:AOqpTOGkydk6QAY0hMt-d9dktpD-Qzohl1WymHvwtTNhF7snMdz7fslRmhSv5p0P4CSqy7oeTeAf2hsNg2I3,Jennifer Thomson,https://play-lh.googleusercontent.com/a-/AOh14Gi-gMmtz6Bz3vyzriYmq69tuswqzk4lyYrY7wg2,Terrible bought this but won't load don't recommend,1,2,1.0.0,2018-09-29 15:03:16,,
gp:AOqpTOFxe6vnhEeh7BK-h5KHZymxnJ5mFkF6-CWFL8BC126aXyP_eDF7bzaNA6WdA9VsF1F1lo72vEAMVQg_,Alice P,https://play-lh.googleusercontent.com/-kEhGY1GIPAw/AAAAAAAAAAI/AAAAAAAAAAA/AMZuucm6YvJENsaKXxCFwn7Z01hn9S4PGg/photo.jpg,"Had to click a few times on somethings, but overall a good game.",5,5,1.0.0,2018-09-15 11:32:22,,
gp:AOqpTOGpBOG0EzNuk_5URHcMUMid0xEk5vTnB-0PoilTsVxLElCF0I206P90LsNxqW8jgdJ1RCCC0LEhD_7F,Katie Mezo,https://play-lh.googleusercontent.com/-TwWK69yLHdc/AAAAAAAAAAI/AAAAAAAAAAA/AMZuucmTWnBq3X6ulBWQn5_nLPv9sFfGIg/photo.jpg,Game will not open tried down loading a few times.. latley big fish games r not as good as they have been,1,0,1.0.0,2018-09-08 09:18:32,,
gp:AOqpTOFp2lFoheeZXAhhX69a5jKX9Z9bJFjYRaXkJFzUuwnhMVDXMYPNEDw6BkCJgT0WDwD-GpDOB3QFlM-V,Jocelyn Evoy,https://play-lh.googleusercontent.com/a-/AOh14GgFGnVb4hgpAvY8QlTX7QFGdHsx6jwE9VRHBOUj,"I enjoyed this one, nice graphics, decent story line and it took a bit of time to finish. (I often play during some quiet time at work.) I liked the 2 extra bonus chapters too. I found the controls OK, I didn't have any major glitches and had no problems completing tasks. You can tell it's an older game but that wasn't an issue.",5,0,1.0.0,2018-08-25 10:50:08,,
gp:AOqpTOEomTPt-eSakYarEy8nhRc6566haBL19a7I4le-2drSGslnu5QcXRMQGFbMrdWMCsMA4uLa9SZH5Jas,A Google user,https://play-lh.googleusercontent.com/EGemoI2NTXmTsBVtJqk8jxF9rh8ApRWfsIMQSt2uE4OcpQqbFu7f7NbTK05lx80nuSijCz7sc3a277R67g,"Bought this game, it downloaded with no problems, however the game won't 
play. All I get is a blank screen, I've tried uninstalling & reinstalling 
the game but the problem is still the same. I contacted Google Play & they 
say I've got to contact BigFish about the problem. I tried that with two 
other Big fish games with the same problem & they said that they couldn't 
sort it out & to go back to Google Play. Talk about getting the run around.",1,0,,2018-08-17 08:55:21,,
gp:AOqpTOFtocjYAybZPJ_nEa9Uyuysd_EhYkTBgVVqmDbIwKDBteyg583MFn_GRsF82kvnAoy4jS8KVsgOpDmr,Lemon Emo,https://play-lh.googleusercontent.com/-oynrJ45IaAM/AAAAAAAAAAI/AAAAAAAAAAA/AMZuucmhNGVvvxKZ06YFdHh1Q-x-RdT7Zw/photo.jpg,I can't play this on my Lenovo Yoga note book - help,5,0,1.0.0,2018-08-14 12:30:10,,
gp:AOqpTOF-26MyUgQCRFo9JG2A9h6KH720l5ng8FLVWIG13Q_ZEm7fMeu2zx0e4pu3cc4bSIdfVGxZ4oBWk3JE,deborah harris,https://play-lh.googleusercontent.com/-HkXLjX7swfM/AAAAAAAAAAI/AAAAAAAAAAA/AMZuuckc3DN-pguEitZr8GvZ3RPzVp41Yg/photo.jpg,Game won't open I want a refund,4,0,1.0.0,2018-07-08 16:30:01,,
gp:AOqpTOFy_8ueaq2hi7-GkIUoEUXXdyo_uD5DpSqHdz29d3d-m6MxquSslwlQJdf7Rj3wOcNMk139JghOcoQF,kelly Burroughs,https://play-lh.googleusercontent.com/-Z9rb3km4YTI/AAAAAAAAAAI/AAAAAAAAAAA/AMZuucl1qP6iT2x3PeniIPJJRmEBxU3q8Q/photo.jpg,This is second game I have bought that won't load I want a refund,1,0,1.0.0,2018-04-20 18:54:08,,
gp:AOqpTOHUKst_KGXE4_1TOwRXSfCX1JBIv23PbefdFOs46-ezFnAaEV1wVgbVI_AdrqksKzelRuqN7sCoADme,CJ Orr,https://play-lh.googleusercontent.com/a-/AOh14GhyqHbBpAJ845S82gXMBN5ANNtejzWk8JWjhdXYsw,Game won't even open and I can't find info on how to cancel this order.  Should be right on the invoice.,1,0,,2018-03-06 12:44:18,,
gp:AOqpTOFoEfVDkLcNvj2Clf786AlSeVrcL92WOHw1vWGy9sPFOMJ9wQQd76KBFcL4M9F2h6AmZFcsxkq6xwE4,Mary Pastor,https://play-lh.googleusercontent.com/-jKVweYeoXQo/AAAAAAAAAAI/AAAAAAAAAAA/AMZuucnKATdWiU4daH-czyb1ADa9RlBbRA/photo.jpg,I downloaded this game a long time ago and I payed for the full game and played it to the end. I loved it. But seen as how I haven't played it in so long I figured that I would download it again and replay it. Now I can't even get anything to show up. I thought that I owned the game forever? It was on this same device that I purchased and played the game on that I now can no longer get anything to show up. Shouldn't I be reimbursed seen as how I was suppose to be able to have it forever and it's a lie?,1,1,1.0.0,2018-02-09 13:28:15,,
gp:AOqpTOE54CCK2QjACK69IAJ3uCILVdlw1qdJT0L0bNVR6pNhyU7EPWsWdcOQlpP-bAtl37JHBkL6z6dqWiYv,Margarita Torres,https://play-lh.googleusercontent.com/-Ip5PIYPGjwk/AAAAAAAAAAI/AAAAAAAAAAA/AMZuucktEHQ5iZQMkR0DjwqI3JbMYyC3kA/photo.jpg,It's a cool game,5,0,,2018-01-22 13:15:39,,
gp:AOqpTOHxkeq7tLJ7H7WnoCj-LUYZiNRKDzWekU2P0qGbtv_XNfdbIpznESdfdZdKf_dN1t6x9ynZpUBeuOvg,Jennifer Grant,https://play-lh.googleusercontent.com/-1Z_93kGHp7c/AAAAAAAAAAI/AAAAAAAAAAA/AMZuuckrDgM6qzRT8eb968MnFih6hIU5oA/photo.jpg,Just hard enough to make it challenging. I loved the graphics and details. Great game!!,5,0,1.0.0,2017-12-28 15:52:31,,
gp:AOqpTOGKyfWMhGBtElxzqxtJAw2ZV4cfNcK8luxUzKWnCbqcJyhwgXzlV-1EOz8MdToiC5YxYlIuvqYrOuPA,JEAN BLEZINSKI,https://play-lh.googleusercontent.com/-mK_2LOPryik/AAAAAAAAAAI/AAAAAAAAAAA/AMZuuclNpvaDrq7_3nQ4WU_srI7c0K98SQ/photo.jpg,Wouldn't load,1,0,,2017-12-13 17:10:44,,
gp:AOqpTOGXMBNhGXBwKntdHKIYIGo3f__6FK7u_F6Yc09ypytByIpy0JltP_uqSHqBEGZ3cBLqXQxHZmVf2es2,Heather Bolstad,https://play-lh.googleusercontent.com/-rVOVwh8k_bQ/AAAAAAAAAAI/AAAAAAAAAAA/AMZuucnExEIDQ3e7BMfY3gDKCkXxQ6ch7w/photo.jpg,"Another game I can't seem to access after purchasing! Come on! I love playing your games, but this stinks!",1,0,,2017-11-01 22:36:53,,
gp:AOqpTOFmEAZd_HCtXgj2csgSRbUZ3sw1j6-ODwIN12KbgzDYUhN5tagl1HGwdFTXvWi3zVeO0ZgG5an7Tk3Y,Katyia Kabore,https://play-lh.googleusercontent.com/-NPI0kufjD0I/AAAAAAAAAAI/AAAAAAAAAAA/AMZuuckV-LQZc9GGYf7hKeMS5RQ1DqZCow/photo.jpg,I bought this damn game and can't even  use the inventory.  I want a refund!,1,0,1.0.0,2017-10-21 18:19:17,,
gp:AOqpTOHDc1kPkVkuTNz0oAKtJbzrsE6gHISz9vF0LMkhz5LmCJW2TnPnJrZ6-v9i_Q2jl3oILhB6BHk_DTP7,Cheryl Mcmillan,https://play-lh.googleusercontent.com/-BngcjPXV8EE/AAAAAAAAAAI/AAAAAAAAAAA/AMZuuckroSTbWqVZHlyV99QHj_hOiveqEg/photo.jpg,The game is to large for my tablet.,1,0,1.0.0,2017-09-20 19:23:51,,
gp:AOqpTOGtSF7s-yCpMseOQrCYPDehcJIl9VBSR5CISzYLQgusgcFbLL_2L0jsKVIsLUeJdPKp5Czh0de8ABmE,Sandra Albertson,https://play-lh.googleusercontent.com/-k0gXdiKMNuI/AAAAAAAAAAI/AAAAAAAAAAA/AMZuucmhuTm1mm9z_zKS6hILoJZc8v7Clw/photo.jpg,"Enjoyed the game. But, at times it would freeze up.",4,0,1.0.0,2017-09-07 07:34:07,,
gp:AOqpTOEknpej3e9eXlcxRH9Qy_Fu8Ig0GtPuJjr7UFZXYP5uqJptoYvgVujDLiKNiJlhhPpES3G1Q6ssu4P3,Louisa Meagher,https://play-lh.googleusercontent.com/a-/AOh14GhqUv3DigDA8SQMPmQGDU_fyrZZSmFpnWeQB2s5,"Paid for it, frozen on putting the rose together. Want a refund. Not impressed.",2,0,1.0.0,2017-08-09 16:21:13,,
gp:AOqpTOE3fInmEDeelyLTDodmRlxo2GOIeu7G2fjV4qbdI-ECt6JwxrT_IZ1n4X866kDUCwA-EkwJzAmbfBgs,cynt123able,https://play-lh.googleusercontent.com/-P5fYxZSt3bE/AAAAAAAAAAI/AAAAAAAAAoE/AMZuuclxUd8cVHLWYnR5w1YCWV1WrrgsPg/photo.jpg,The game was hard to follow.,2,0,1.0.0,2017-07-30 19:10:23,,
gp:AOqpTOGdY-Y7VGlF_BToY9XSGRxiTrfcaVqUbbvU0NvtCjQc9U_QMCM6tBaA6yh3q7IoJIrxQd8IN80IiVoh,Karen Beeken,https://play-lh.googleusercontent.com/a-/AOh14GjSFS20oDeIdgAdSTpDrE_RbZretGU0nqm8Bv6m,Best game I've played,5,0,1.0.0,2017-07-26 07:53:30,,
gp:AOqpTOGm3cDhJkLGp1wY8PCk6fQ8cWdU36t1Ug6d5V96t6aoddra4kWlQqJa9VXV3Dg48o9ptsTo_HjtFDu7,Janina Sommerset,https://play-lh.googleusercontent.com/-f9khWeGPHRU/AAAAAAAAAAI/AAAAAAAAAAA/AMZuuclWMv2q5kOQLHGpI2HiVUgbe48FqQ/photo.jpg,Nice game,5,0,,2017-07-04 18:29:48,,
gp:AOqpTOGVqxMCRIV3Ua7NWhnhgtbx-J9h26Ii-6cRIX0hMKQJ26tr2MS5cPsXowlCYoG8s6rHuMChRUPFHbyV,Peggy Anne,https://play-lh.googleusercontent.com/-dYakF9lCVy8/AAAAAAAAAAI/AAAAAAAAAAA/AMZuuckuPa1XyhE1c79AedpkLp0xWYqXFQ/photo.jpg,Liked the story and the creepy feel to it.,4,0,1.0.0,2017-07-02 01:50:43,,
gp:AOqpTOENpU-oJiS5rFXHYvyBbcuxHiM48SAI6hTmyL2kohR1vifjAxnOWIfjOyTHKYj5aEIaIAa_LjGGWrqW,sophie Tonner,https://play-lh.googleusercontent.com/a-/AOh14Ghgeby3hDE2aZDuFZvZxyzc0WnQrGaq17Ic2dXAPJ4,Won't work refund,1,0,1.0.0,2017-04-25 13:59:34,,
gp:AOqpTOGNDpJI0vCtfEn5_6yb6jyc61qBYBvbOXuPbH1OYoWbFt5F0HjUCjMhDK37vhcK_w4g29zU1q1Ic7ZH,Carmen Lantagne,https://play-lh.googleusercontent.com/-aVRsbICNPEY/AAAAAAAAAAI/AAAAAAAAAAA/AMZuucnI0sArQw6R-t4uMaBdosvQqFyYEg/photo.jpg,Want my money back. I can not use the light bulb in the police station. I can not move on.,1,0,1.0.0,2017-03-15 18:52:21,,
gp:AOqpTOE6CPYAjbqbaH2Kol7lM101k_rqxvJ41qmD7Dmk6AYLzqWVb664u_pHK_Z6NqKUo0jG7d41DaorRp3r,Vizion Orbit,https://play-lh.googleusercontent.com/a-/AOh14GjAYB7WnAx7NitVYenlkfQ_fC6sGf031Tdtb-Gr,Good game.,4,0,1.0.0,2016-11-06 17:07:07,,
gp:AOqpTOGIGYUSsEYxb10l0x2_GFR_PdDPXqcsvl6vnEriT23-bVTy1KgDZCCOZSbJ2ue-A6w2gR9ZQRo-IcKO,ZUKU,https://play-lh.googleusercontent.com/a-/AOh14Gjz8vuI2jHNTYFpKk8jsNjpVE3f3u511REb1LqCYQ,I paid for this game and it will not work keeps saying that unfortunately game stopped. I uninstalled and reinstalled but still not working please refund my money. I buy your games all the time please fix this problem.,1,0,1.0.0,2016-10-28 12:44:28,,
gp:AOqpTOHIRUfhW7Sw8pA7kS_smq2H3XceHoN5fP9qULx2yKFBPvPvv6yKnmODGdxvacBcnS7u6MQXBzNEH8S_,jurgen gibson,https://play-lh.googleusercontent.com/a-/AOh14Ghu06U7JdDYN4PyiorOydrc4BBwmM7oVzhacMLn6w,"Great game graphics, story and control sensitivity all good. But the glitches are making it impossible to proceed. I'm having problems with my item screen and item collection. Have been a loyal fan and supporter for years, even when the game prices went up. Please can we have an update, be loyal to your staunch supporters. Thank you.        Still no help been months, still unable to play this game have tried on two different devices and am unable to access item screen properly, please fix or reimburse.",4,0,1.0.0,2016-10-09 04:13:06,,
gp:AOqpTOGboX0PeNYRCrTf-0LM3zPfWKygZrrkl0AZsjAqL7pxb3REDoJA4gjLH7p5MPO7sXUHpFssXb03UFI3,Tammy Wittmann,https://play-lh.googleusercontent.com/a-/AOh14GiP7VMELhQqsBg98DdouVBQnLo9qsUJljqb19ylrQ,"Absolutely loved this game. Great storyline, graphics and mini-games",5,0,1.0.0,2016-09-08 16:06:34,,
gp:AOqpTOEKOifQ-K_FjGeIul5n6-G37Fi88X25xfADlJhrp5PRSvApx7l7AZ6aOen4Ip2aODugxCMPc7vWExiU,Michael Byrnes,https://play-lh.googleusercontent.com/-moOs1eFRaRk/AAAAAAAAAAI/AAAAAAAAAAA/AMZuucl9CjVN0GBnNBb_Y0wBa-C7Wjzdag/photo.jpg,I thought it was pretty good. Some HOS areas may have indicated things were in plain when they should have been marked red. Didn't like the extra play much but the main game was excellent. Good work.,4,1,1.0.0,2016-09-06 01:06:31,,
gp:AOqpTOFLMgCIWI9Vg3z2QHZ4KvpT7CDHIHnnuFe-Wc51lUFsLiGnf64oBe_ydEmhfZtSojE0De8xv1g_dtiv,Steve Jones,https://play-lh.googleusercontent.com/-XWZD547uh10/AAAAAAAAAAI/AAAAAAAAAAA/AMZuucm40Q4P_RqeVY_VEJMza0IRpFIhMA/photo.jpg,"Could not get the bulb out of the inventory, luckily got a refund.",1,0,,2016-08-26 10:51:55,,
gp:AOqpTOHqPr_IB45VqYx6oIP3prEVJDIuhCGRPRtfqcNCpV32omCklpwyViivNN1binLmhY_C2FdXhlHHyUqV,ZerciaMaze,https://play-lh.googleusercontent.com/-BJVAD13Vjks/AAAAAAAAAAI/AAAAAAAAAAA/AMZuuckPDeelMBgQ6EBZxVXUvDNPmvgxgw/photo.jpg,On small phones.  It was interesting but a little dark and hard to see.,4,0,1.0.0,2016-08-16 18:06:35,,
gp:AOqpTOHmV6f-xoz75V-Kz4EFtemA7tujlHMIT-qks9O6YftFVJZstc49N6hckves4mLVz1tabFK40bxoJKq2,Daisy Quintero,https://play-lh.googleusercontent.com/a-/AOh14GgGRPuD0ePvJ0b4zXuFM7tLoPREKdoxJGXDraXU,"Annoying puzzles, brain teasers...loved it",5,0,1.0.0,2016-08-09 22:10:44,,
gp:AOqpTOE39eS4_CUakyTyU6uwKE0TBMbCp8ijodeowxGXRcEjKXMrOFrKQh4LYXLfCKDqa8Slb-G35Z_tBuTM,Wayne Armstrong,https://play-lh.googleusercontent.com/-yHAEB0STz-4/AAAAAAAAAAI/AAAAAAAAAAA/AMZuuckwM_iG3-yfC1nGZwhlNcf3zFWUNg/photo.jpg,"Played the computer version of this. So when I saw it in the play store, just had get it. Cause now I can play over and over again wherever I am.",5,0,1.0.0,2016-08-07 11:31:05,,
gp:AOqpTOHl3zQZAxrVveUtRd6P4kWPfdLNsU0Tg1APIwiHdtLzUXCqAzsM-3pqtJRsJCx5QeOAhiohg1BjtDTV,rager gaming,https://play-lh.googleusercontent.com/a-/AOh14GhOBnEEfhgJiP-PtAtxhzKA1bhGBejzdtVkW1qJ1Q,On my Samsung tablet it is bad,1,0,1.0.0,2016-08-02 04:42:03,,
gp:AOqpTOGWnCx6W8QmUHVQ8bR8f2FJvYW9c2uZgGOuZulBLbkLl0T5hB07s1syCSks_XUAHfTGTtfWe5yHEQjR,doodar 1,https://play-lh.googleusercontent.com/a-/AOh14Ggaa3jzpWqUJtEOzcOvMhQWY-_Ph1dh99wZVs7FUQ,I want a refund as this is the first Big Fish game that is not working on my tablet and feel stressed as i love these games.,1,0,1.0.0,2016-07-22 13:41:18,,
gp:AOqpTOFh4MHqRcybUV_rpbPzi-ep1pedKxt6mpcxShyhPo0YRHu7PXMOWLpZl1CxVLh3NJurmtVgyH0GGa5h,Alicia Forte,https://play-lh.googleusercontent.com/a-/AOh14Gj9xM8spdrq2XfBxrQdnlMBBRWcEtboCjt02OKjMA,Can't access the inventory it is off the side of my screen,3,0,1.0.0,2016-06-23 19:25:24,,
gp:AOqpTOEsGSO8m_fUx165vTso2PV6_9rpTMbjpwbEe3dwZdDRW_941NDx_970ZB1EAjlQkIMorQ4uv4yDlD_A,Phillip W,https://play-lh.googleusercontent.com/-O3hNMXrUcxI/AAAAAAAAAAI/AAAAAAAAAAA/AMZuucnR2zvEKyWvA8JB6QZtoFoak0yz-A/photo.jpg,Good game well put together,5,0,1.0.0,2016-06-14 09:28:40,,
gp:AOqpTOGuDuV4ZcTQbJco_PlUdNdtaiqt_To-WkuEgVExf9IX0w4jTL5YaNQQ1X-eK7I552uSkZExnZkRuMY_,Debra Scott,https://play-lh.googleusercontent.com/a-/AOh14GiDlmd-ygFteZpqfblgsXyHmEoAJTCWxQfBW70E,Too dark for HOGS. Ok game otherwise,3,0,1.0.0,2016-04-27 06:00:53,,
gp:AOqpTOGFHDZNVnUxIE1-F5oSO6lMyNnO9LqjNUR_sIuDhCc6AUpFfuTca5yMauNl7Olk_w9UZwf8csfFB9MY,Megan Brown,https://play-lh.googleusercontent.com/-LVPweLEXHS0/AAAAAAAAAAI/AAAAAAAAAAA/AMZuucnaznZwgYhkhKsNl53wjSu67oL6ow/photo.jpg,I really enjoyed this game and loved the story line. My only suggestion is to make the menu bar along the bottom opposed to the side. My  hand kept hitting it and bringing up the menu...little annoying. But other the that i would recommend,4,0,1.0.0,2016-04-23 21:17:50,,
gp:AOqpTOERedzsvWVF0ZmNek1DXpaQpf5GkNhncG4N53bomEMOJd7zhy97iXk-ftLP9YmLay6tNFmB6UT19uzi,Fern Dungca,https://play-lh.googleusercontent.com/-btxRxlc2oqM/AAAAAAAAAAI/AAAAAAAAAAA/AMZuuckQwoVQcB8ujTD0QQTyEeuApfkOtg/photo.jpg,Challenging & Fun,5,0,1.0.0,2016-04-13 09:59:07,,
gp:AOqpTOGel7IhYddQo4TJhb5KV5oyxakZZmSg_7VZnD2B3xsKbYGpyfu2byoT3O4ymanMMN8tBp-F9tYsGpQ3,amanda mackay,https://play-lh.googleusercontent.com/-zzR9mlWPw40/AAAAAAAAAAI/AAAAAAAAAAA/AMZuucngGz3K-cNd_jJlRpAvaeaqtl7MUQ/photo.jpg,This game isn't working can I have a refund please. Thank you  quick response,1,0,1.0.0,2016-04-06 08:55:21,,
gp:AOqpTOFVCybQPJ2Em372KBBZc7KwbreQ5E_0nm2zhpJkgLrbQQWbUDW637ioUwSOTnS5IvtUs4bEpic3Ay-j,Rachel Vasquez,https://play-lh.googleusercontent.com/a-/AOh14GjmPk0gAk3CvulifMf8MuXL1f6kWiqAr5sq4BKiTQ,"The graphics and storyline are amazing.  Great job guys,  I can't wait for the next one.",5,0,1.0.0,2016-03-18 16:53:44,,
gp:AOqpTOGjVJeu9H7RZUNZxKNfiqlHN6zO6eVT-UnDv6Nehj41OW_Cm8_Q3dJxOXokOOPwU3UcvBz535DTeE-u,Kara Lurz,https://play-lh.googleusercontent.com/a-/AOh14GgILnIPJVK1a48So_X4fotcbAq7SjHnXQLnuB13og,Appears to be an old game. Should have been updated before re-releasing.,2,0,1.0.0,2016-03-17 17:00:02,,
gp:AOqpTOHR00lP5j0V-x5nPKvX6KeKCLB2XNvR4uH_dZvzZkwGbmnJ6fxCWbbhCD7A0coS1DXxQAQX8oaMtsEy,Amie Uke,https://play-lh.googleusercontent.com/a-/AOh14GgJLl3CrvgMbOXWfLE8YAyNPvm5C1kk7m3_jkRLAA,Liked the story and art but the games and their hints were hard to understand so skipped many,4,0,1.0.0,2016-02-26 21:49:36,,
gp:AOqpTOE1wdeOXHEBPqMlJFEkNqGRwfaU3UXAERsHv-ieLJQTyQpTsAbkDnqCJcLH_beejNhzpeIo8KC9kFdv,Vs3,https://play-lh.googleusercontent.com/a-/AOh14GgUChSZIK2ER8D_W7zlMBlW6cVBI2zLTuKam-EjnQ,To dark hard to see and there no map,3,0,1.0.0,2016-02-21 09:27:14,,
gp:AOqpTOE6s6_OzySf2QKfYrLj72WsEEPuD4xRE_gKWtBJTmQpHTthKETTvACS8UuxkCtrBQwZN_KbMiiEA6vL,Dee Tee,https://play-lh.googleusercontent.com/a-/AOh14Gg95TY49KYXC6QHa2Bl8dtzUTlAA11g3hjnUStz-7E,"Average story, but so dark and dreary, I just couldn't be bothered to finish the game, there are too many other superior games",3,0,1.0.0,2016-02-15 07:32:01,,
gp:AOqpTOEzuYNypSmL-60FUEFZ503gMH9Nm0P3qIu0Yg9ZTghxFJgYHUMxhrqaMdj6URLNhwe0fkZ_RFUsI3pj,Susan Matthews,https://play-lh.googleusercontent.com/a-/AOh14GhStdS6acb-nxaOhhNMknh-av0dFaaYw3ISXeYu,"I liked the storyline, graphics & gameplay. Yet, in the HOGs, it's very difficult to see many of the objects, & some puzzles made no sense, because the instructions were greatly lacking explanation. Fast travel map NEEDED. Way too much back & forth. You should be able to click on an object in inventory to see what it is. Some items were hard to discern, & when clicked, you had to drag to get a description, which your finger blocks. Fix the robotic voice of keeper. Drone much!? Look forward to part 2.",4,6,1.0.0,2016-02-10 18:58:48,,
gp:AOqpTOHqd29bYw70pf0USh__tbjx7uxoGz75ZpqN3XRPHGy_CYQLviWUPY6mDbWKnwImuZ2GZe-LHX_MGjcf,Heaven Reel,https://play-lh.googleusercontent.com/a-/AOh14GhNZkbju1HJ5-thWl4QUEYyeAW-u6JlCGk0SmK6,I love the storyline and the graphics. The only problem I had was sometimes it were boot me off and I had to restart again. But otherwise it was good and can't wait for the second part.,4,0,1.0.0,2016-02-07 05:40:32,,
gp:AOqpTOGG26LBjcU7-nnBKAB1iqjJ06bqwF-SzuQzzDUKapdLHJX9-cNG2PtFe9OKHn_RpkL8y6GM0DceO0Od,Raven Paimon,https://play-lh.googleusercontent.com/a-/AOh14GjKHxYiRzQ3Y2ozp5TUlxxFGhDkKNwUFCrmXqds4g,"No menu, hint, journal, item bar anywhere.  Items you pick up just vanish. Absolutely unplayable.   Running a Samsung Galaxy Tab 2, Android version Lolipop 5.1.1",1,0,1.0.0,2016-02-03 00:15:59,,
gp:AOqpTOFfJ2tRkI9NEldKBCmFivUaFZZknZKCMzncsqDR1Mz-hF4vVU2dBIID3hWkKDcWjNjnnrQXFzVwveGN,Emma Ballard,https://play-lh.googleusercontent.com/-P7lfrxhV-Uk/AAAAAAAAAAI/AAAAAAAAAAA/AMZuucmtRjFFB88PSjFY58oPTud55mFIWg/photo.jpg,"Gutted. Got to (what I believe to be) the end, but cannot go back to the skeleton puzzle. This means I am one artifact down and unable to see how it ends. Up til now, good game. Slow responses sometimes but good story and level of difficulty was enough to keep me interested. Fix the bug and response times and will give 5 stars",4,0,1.0.0,2016-01-13 02:03:12,,
gp:AOqpTOFo3UxDOsRCmLHS8Nsa8dPDFI4cKVh9J6hDWJltK8tsm_MkSQa37m9DwKxkOOFnDDcuXMcHyOabAZx8,Cheryl Grider,https://play-lh.googleusercontent.com/a-/AOh14GhE-iCLdwrq0Oyw1z_KLdwvy-wZb9rzYfMNQT0aQw,Definately a keeper...great artwork and game play. The games can be kinda tough....which I find to b a big plus. The music however will put u 2 sleep!! Would like more of these,4,0,1.0.0,2016-01-05 19:38:54,,
gp:AOqpTOEQC9QyHggKV6zrqqchmmRH-t5CHIXRKDmQBYHp-pcMhlMatuEYigyFI7mwUgiWnlONm1Qn8zc1HOjM,Andrea Mckeown,https://play-lh.googleusercontent.com/a-/AOh14Gi18kX7ObJQgCZcYXyyRCYNui6tzojGMz0kAgiJ,Can't even play can't see the inventory never mind use an item is want a refund,1,0,1.0.0,2015-12-28 14:56:27,,
gp:AOqpTOGkfYHRlAc0MA8_whJNG_XR-inbLEh7ulCADqSlFhhNV188OsgfgfjkYnsbVdrPrmCl_jBSypjV80Gj,Rachel Wilson,https://play-lh.googleusercontent.com/-UYylmAdg4Nk/AAAAAAAAAAI/AAAAAAAAAAA/AMZuuclpGJDakzx-BNnGibMxee7C_AhiCw/photo.jpg,Looks like a good game but I can't get any tools out of my inventory my so I'm stuck at the very beginning and can't put the flipping handle on the door!,1,0,1.0.0,2015-12-28 09:02:09,,
gp:AOqpTOG111swxMhlDuWT78943xsWkLbezRZgP-bcmql5MLn1REKGlUhidvJ1EKnG0hNVNS-AmW_bU6n-szfI,Harmony Morris,https://play-lh.googleusercontent.com/a-/AOh14Ghwa1H8bhP3qWr3jw0k7KRii_r6_me-Hu93V1lzW6Y,This was a long game with a bonus level that has 2 chapters. I really loved this game freaky story so different than others I have played. I didn't have any bugs or glitches like others have had. I can't wait for next chapter.,5,0,,2015-12-13 22:38:35,,
gp:AOqpTOFux1vDbCNyodBzB-kIjekpsUTP025OW6m0EVIc14j1YZ6llW9UeeG6H4LSE3iWFJTsBq2dfaCVlg8I,Mary Harrison,https://play-lh.googleusercontent.com/a-/AOh14GhQnp9KjdI_mjrlVzt0MEO816qiDQKXNsN5aHut,Cannot move objects from list to where they belong!,2,0,1.0.0,2015-12-06 15:43:53,,
gp:AOqpTOFOmPcGDl5Ke620fxhhG8uDZnfLlEfZYq0ARRhjWYx5_hogJSdXTJWz_v8q4etI3aOdECjFcVUKI7oP,Janine Whitney,https://play-lh.googleusercontent.com/-4697xRi9rv4/AAAAAAAAAAI/AAAAAAAAAAA/AMZuucn-YQqXmXMArpIqEKpRtxcHCjPFPQ/photo.jpg,Not a bad game I will play the next game.,4,0,1.0.0,2015-11-29 14:28:18,,
gp:AOqpTOFDA5_VnCf-3eekwVd1FbqyAnRRPJPknYr2r44MewOBS07IPKb3ludhJZU7o_-zYgvfrKXCYYvnA1Yd,tammy hayes,https://play-lh.googleusercontent.com/a-/AOh14GiY_Eu_C2gc6y4SqOoxfkIdJlXyhJPyFUKr6UAMdQ,Map?,4,0,1.0.0,2015-11-19 16:47:44,,
gp:AOqpTOEJ3F3EcilwifOk7dYtRM25rjx5b9Jv_YAJY2szaAx0IMY79iD9FLNRNbq7ZEASt1tHij7LXmreRM4-,Linda Mcdonald,https://play-lh.googleusercontent.com/a-/AOh14GhBhuiCJ1eFCVSVjnz5p3n4QGsnbdvfiencitaC,Cool game,5,0,1.0.0,2015-11-04 12:57:13,,
gp:AOqpTOHSEtSynLbN2lcnhBUR2s0zcZBkjK7sVXvFJfiADcshZAnPxEUkbRpQ3dHiwRil_S4jm450T8zLXmix,Jeniece Fairbairn Summers,https://play-lh.googleusercontent.com/a-/AOh14GjzjIw7_5AIzEJ4JBKhMvgbBLnC-ZjUDGeqNpF8Gg,"However, I'm not fond of games that have you use a tool once and then lose it; if the concept is that you are trying to escape/defeat antagonist, then wth would you throw away usable tools?? Aside from that annoyance, it was enjoyable... fair warning I was completely caught by surprise and almost dropped my phone when the ""person"" came out of the fireplace!! Would recommend. Plus, it has 2 bonus games... worth the money to get extra game time.",4,0,,2015-10-27 19:34:15,,
gp:AOqpTOHF71wTZeZyAiPQa9cx2QHXJ-kAGWQtWJqzfiPvqqIKX-yeg7QVpUcN6TMvh3nHgmd2YogNqX2wkI0g,Gerda Parker,https://play-lh.googleusercontent.com/-x8014FPKmUw/AAAAAAAAAAI/AAAAAAAAAAA/AMZuucnD2ZtojkaadKlTBn-z92Wm5QypXg/photo.jpg,Fantastic game,5,0,,2015-10-26 23:50:43,,
gp:AOqpTOG_nOTBK_QD2fak4_CqTKHLwLUbruA0U-cXU5lj7MDTmSZu53E8aZueupQUA2cs8GOgKUiHfEsdznSc,Laurel Carlson,https://play-lh.googleusercontent.com/a-/AOh14GhbBCaevO6HCmnYYdj81dqbMtwpaf_M0tllFytc8g,"Great game, good story line! Thanks to ALL who made this game possible!",5,0,1.0.0,2015-10-13 19:49:04,,
gp:AOqpTOEZZPaOC4xPLyKUoGcqFX5z0hYgoSC-YABdQxEt5h0vx9ON2ExI4Kd4d5oksK5D4sQp3unX4e4-jaiF,Nathalie Proulx,https://play-lh.googleusercontent.com/a-/AOh14GgbL-c6iowxBfnA1TVp1QnapuiOmqqXnhusU-6YwA,I loved it even though the puzzles were a bit complicated at times and objects a bit hard to see sometimes. But a good and long game overall. When is gonna be the sequel?,4,0,1.0.0,2015-10-12 09:55:47,,
gp:AOqpTOGEzUOtWX_ZTM5UW8FmT2Ye9X_wP87l1iu0mxhQCkdZETct-DJaEVUdRMa86X1aYRbJ4sNxKiXsH9_V,daft lad,https://play-lh.googleusercontent.com/a-/AOh14GiR31T0lmkj2NY-6sTp1_ziuuV-dBY5gytMfmtk,"Loved it great h,o game",5,0,1.0.0,2015-10-09 12:45:12,,
gp:AOqpTOGqgexH7m-BtDR2Xb-VeOZjWPJcBAd7W1FKn7SQMgNGPoyUEJltssMNigEijfsD8Ifhgd4Qf3DyAN72,Heather W.,https://play-lh.googleusercontent.com/a-/AOh14GiTPWQZEkzpJ2DbqsK5FT3pKPEhp0nL_QoU1siM-g,This is one of those games You Can't put down and I really like those. You get 2 extra bonus chapters which is nice . The HOP scenes are dark and sometimes hard to see . The mini games are difficult . - but not impossible . Over all well done ! Can't wait for the next one .,4,7,1.0.0,2015-09-30 14:39:22,,
gp:AOqpTOFVIWT4JWXUBU7JIzw-jV1LiXxy6Pey_GivdQdiDBon3Y8-9oinEz1vGYzF123qcXMPYMdRmLSbF3Iw,Nadia Wilkins,https://play-lh.googleusercontent.com/a-/AOh14GjW1CsMHBHwOIOrM063W-FbcQy8QnH7k7DPdRDATw,"I have nothing negative to say about this, except some things were a bit difficult to find and this held me back. Also things have to be placed in the exact place, so dont give up trying if you really know that that item should be used there. Can't wait for the sequel. I would definitely recommend. I want the second one to be longer!",5,0,1.0.0,2015-09-30 06:35:50,,
gp:AOqpTOElboS5L5abA2Ok2jsh5DQwF7R1pY-7AE1iKv2kiVx4Z3LjuW4ovPudMA_X7GnkBv0yOyGZ5ivhopy7,Heidi Zoo,https://play-lh.googleusercontent.com/a-/AOh14GhLCMR20gfMNScChTVgUmwNfVC7KFiBxvDD5I68Lw,"This game was definitely longer than most of the $5 games I've played! At some points, the graphics weren't spectacular, but I enjoyed playing a game with great puzzles, a decent storyline, 2 bonus games, and NO glitches.",4,0,1.0.0,2015-09-14 16:48:46,,
gp:AOqpTOE58bcX4WZWXHxKD2bjpaGCFD3QhkbUufOVzd-mRlNe0DPD4zuwHU5vVXocQ_QOFkSR1SCKUmddHg_9,Tracy Roos,https://play-lh.googleusercontent.com/-dEZ2Rbu4S5Y/AAAAAAAAAAI/AAAAAAAAAAA/AMZuuckRehCPuH4eFj8GqA0O1u86cXB9iw/photo.jpg,"A little dark in some areas hard to see things, some areas you have to back out and come back in to finish placing items or when trying to select an item",4,0,1.0.0,2015-09-01 18:26:30,,
gp:AOqpTOE7ItYc0cM9kuVc5TTz0LxzIDde047etWneDtaeSSQ7682N-r_DdWYRB27tSuvWssfjKYyO-UkOnkft,Sandra Porter,https://play-lh.googleusercontent.com/-jB40OfehYgc/AAAAAAAAAAI/AAAAAAAAAAA/AMZuucmgWLYJSxmdcuuUGV2fVeLdJYHLAA/photo.jpg,Having to restart for third time when I failed to collect knife on time and it ended up in unusable spot at bottom of inventory. This will be the last restart. And failed again. Left with flower to be in pestle and its stuck at bottom again. Darn rubbish - fix it please and I may consider playing to end. Waste of money.,1,0,1.0.0,2015-08-22 15:14:44,,
gp:AOqpTOFYLD-o7tVB9XPpjGLVt16gOHtgGCGVexFRYq_ZZPPK_k7tW6UFMhxSSRggEjByZCnCDEoJUyC2yS3D,Emma Canham,https://play-lh.googleusercontent.com/-w5Jbff2E9WA/AAAAAAAAAAI/AAAAAAAABn0/AMZuucmHWFLF6KDsiUp1K2XXXr20rBPmNA/photo.jpg,But didn't really understand the storyline so used the hint button almost constantly to find out where to go next,3,0,1.0.0,2015-08-20 14:08:23,,
gp:AOqpTOEvWBVGsaCRBphLOVkrJfYPxwkUbn2EzDFaxvAnQlIcQazO1xIXoVsqsVRyWWB_0tdOBad0dRYMykzJ,abigurl2,https://play-lh.googleusercontent.com/a-/AOh14GhLdR0fCxDesSxcJyk8rt-7ZsmG48C5tvz3QD2Sww,Good smart and entertaining game!,4,0,,2015-08-18 10:34:00,,
gp:AOqpTOHQVm68dnFgfA4w_fMCkWHLn-RcYEtH85jtTLzMEyGSMfy7X0yd7wl3mWMCBlwVSZdrSMZsvh72Yfi-,Tracy Carr,https://play-lh.googleusercontent.com/-MIblYkZFCE4/AAAAAAAAAAI/AAAAAAAAAAA/AMZuuckWQMOGTBK_HQzCSAXnOTHiCfBfyQ/photo.jpg,Great game. One negative......a map would have helped,5,0,1.0.0,2015-08-17 15:47:19,,
gp:AOqpTOGrt9EGM-rt2eT00NiE7CKDtwLIBO6y7XzycZoYGpfgs4wzaDzJwtuJzHSmMDyZoqVncinics1NrW2M,Lara Tahoun,https://play-lh.googleusercontent.com/-ukBTsYiPUZc/AAAAAAAAAAI/AAAAAAAAAAA/AMZuucmtdIl6qOgTyGQVRKbwlZL7gRXP8w/photo.jpg,Hidden pictures were more challenging than other games of this class.  Great story line.  The only thing I would suggest are navigational arrows.,5,0,1.0.0,2015-08-05 08:48:21,,
gp:AOqpTOH7XoyirOqnTZB4m-ZgjaGaSWdXc2y15QwRlGj9TTBJaeamcmtwX4zHrouxjWoXAyPKUljSl21N4SgL,Aaron Whisnant,https://play-lh.googleusercontent.com/a-/AOh14GjKTyD7cznNo-HU5RvqaLgqnuqQ7JqTOgJ3DY3VzA,Same problems.. No response. No refund. Never buy Big fish game again.,5,0,1.0.0,2015-07-27 00:19:01,,
gp:AOqpTOHjyicpTldG5hbN9lpDGrxhXW-jPeGj7yHwZfsZvSVaATHsQ15Senrm5VD1vSqBLRlucUG6-Ktyd7SE,Connie McCahan,https://play-lh.googleusercontent.com/-m9THdCJX_oQ/AAAAAAAAAAI/AAAAAAAAAAA/AMZuuckcwuX2BuHbhGmDY10f7a_5fgwvIQ/photo.jpg,Great game! Hope the sequel will be as good.,5,0,1.0.0,2015-07-22 21:25:02,,
gp:AOqpTOGhzcQJDb43caWaVKtJ8dpMkLTPUg1UVmXn4p6oAuLrdaP01f5lobTOdHJUvqNZsy1arGnF72yFIrz9,john logan,https://play-lh.googleusercontent.com/-O_pt4KCLqsM/AAAAAAAAAAI/AAAAAAAAAAA/AMZuucmgs318Xup8MwhWtmZ5fLZWHn0KWA/photo.jpg,A great game all levels catered for keep up the good work in this format can only lead to greater sucess,5,0,1.0.0,2015-07-21 13:28:38,,
gp:AOqpTOE-z_zQaFfRY4vpdOwhrYBXeQOyoMJWkgGGDyIwxwXmekhJTdd20fvcEVWelLoqUhW4IIRZ-6LvIUN_,Fanny Carmona,https://play-lh.googleusercontent.com/-YgAvOJAQDDE/AAAAAAAAAAI/AAAAAAAAAAA/AMZuucli689VznbKffziPswJR8rsq-pfrg/photo.jpg,"Good game, kept one involved with the progress. But found HOS too dark to locate items.",4,0,1.0.0,2015-07-12 23:37:43,,
gp:AOqpTOEF5vnH8z_jIqdoU5YxArs-MEgAu8uFXWiCnr67NGf2Kx4NnluaYBgbnRSiGOK8HDleSi31M3s31W5t,Karen Addison,https://play-lh.googleusercontent.com/-U9rjHyHRQkE/AAAAAAAAAAI/AAAAAAAAAAA/AMZuucmACn02zo8h4ofjbEoyjakXp21U2g/photo.jpg,"RIVETING !!! This game was so good, full of twists and turns.  Bit spooky at times but all good fun.  Look forward to playing the sequel.",5,0,1.0.0,2015-07-12 23:04:39,,
gp:AOqpTOHabfjE8YoHiCRZkSgwNwomelnTVoJyvqLvFjh3Z2doHxhHJ6MK8tslEJiR3BUPaHZG-oHSif98f5Y6,jb,https://play-lh.googleusercontent.com/a-/AOh14GgJzF07sqEK7dZCnUmSF5TdDJ4o2GJlhkLcgYVlJQ,"The game is not responsive, I need money back ! (It's very difficult to take of the hammer from the chest, but after that it's impossible to take out from inventory, to use to extract the nails !).",1,0,1.0.0,2015-07-07 05:24:28,,
gp:AOqpTOFrBf9092tuJYwdO0uVn-3vC2EwA5xLNGAf3khwYCevKK6WIU-B8ITdbQiWifpznbm5zqg_V2f5v0Ar,Yolly,https://play-lh.googleusercontent.com/a-/AOh14Ghq3PuEIbNg6qfFxTDG0Jbs2By55WnkVOsfAY9c,This game was very interesting to play.The only trouble  I had with  it was trying  to see some of the  pieces other than that loved the game,5,0,1.0.0,2015-06-25 15:08:05,,
gp:AOqpTOFquCUSOWxPFDPHTFuwudhubezozG1iEzLtbH-aIqtiKNQK2kFIVFUf7nQcE3sikS9cZ2rtBRL8GDc0,Michelle Costello,https://play-lh.googleusercontent.com/-qK4w8ZCjkbY/AAAAAAAAAAI/AAAAAAAAAAA/AMZuucnhhY49gGdbPY5E1-6COqq9Mg9w_Q/photo.jpg,Kept getting black screen and had to restart  not worth the money,3,0,1.0.0,2015-06-25 08:50:46,,
gp:AOqpTOGwyzATCsmCXQDrG8TImHks_PqjHsVAojzh5Qjw3714oNI-iK_mzsOxnMeb2EYjkyEf5x4JObPRRYNT,Fay Thomas,https://play-lh.googleusercontent.com/a-/AOh14GioCAh7-aFpgDMuB6tvcOd5lJwBqsu7cBiVFKkFiw,I liked it it froze a few times otherwise I would of given it a five,4,0,1.0.0,2015-05-31 15:23:27,,
gp:AOqpTOFj_r3I4WIU41_sWVJ3X_qSfhRDdrLWMgNxIktwPaqModlmZe8P6owzzBZcQE5hq6iWfl31Q5N2PSEa,Kelly Wynne,https://play-lh.googleusercontent.com/a-/AOh14Gi92LhdqV-TYYuTdQMIj6FDXAayZFmHk2AGQAdY3w,LOVED it!,5,0,1.0.0,2015-05-30 18:28:03,,
gp:AOqpTOF3a3C3gEAdirhNslY65oDOmXb6Wp_4nZIl4kPd3Tt9GG5Bcjoo14Gswq-kOqx8QLd9SJll_K-fpHQa,MARY BEAUMONT Beaumont,https://play-lh.googleusercontent.com/-SoIK9TCkbY4/AAAAAAAAAAI/AAAAAAAAAAA/AMZuuckAcrS3imKh1-xm01LyeJWbyOmicA/photo.jpg,The keepers was good but need to fix item box five hope keepers two is as good keep up good work 😊,5,0,1.0.0,2015-05-17 08:39:30,,
gp:AOqpTOFeGmQTZL-PpmTqpn8l2taiWb-vRKs7mL2WUlY9e6p20UrWjr2hqUg87TczV4cfLpqQtB3xkQnrTnJv,Christine Cavanagh,https://play-lh.googleusercontent.com/-Z5UOVKRRdTM/AAAAAAAAAAI/AAAAAAAAAAA/AMZuuclSojq34t1Jm38UEm7u0Rl3X0t2Ig/photo.jpg,So far it is very good game keep on bringing them out,5,0,1.0.0,2015-05-15 20:17:29,,
gp:AOqpTOGrC0l6LRA8A3Eer3UN6pguk4k7J-otJrk0_lcvaks17Z4u94PgC04XdmJxrVi9OvyItsx0UiwDDfWV,Nicola Cunningham,https://play-lh.googleusercontent.com/a-/AOh14GgyM0mCsIQFGqqZVwlTGYA8aPsseu93o_SNC3PlrA,Fix the faults for 5 stars im stuck trying to put petals on scales it wont let me take them!! Uninstalled and reinstalled to no avail this is obviously a common fault that BF cant or wont fix! This is a shame as games are usually brill REFUND PLEASE....,4,1,1.0.0,2015-05-10 19:47:43,,
gp:AOqpTOFsBXj_kqJWiPSML2hhcH16Ae7JreF0fpbpJHcbL2udITWxzaq0F8c12kpo-RPoduGrcEpfav_RjB_m,A Google user,https://play-lh.googleusercontent.com/EGemoI2NTXmTsBVtJqk8jxF9rh8ApRWfsIMQSt2uE4OcpQqbFu7f7NbTK05lx80nuSijCz7sc3a277R67g,"Liked how long it was, kept you busy! Bonus chapter should of been longer. Looking forward to the next",5,0,,2015-05-09 19:55:52,,
gp:AOqpTOEVoeer7-dUQX-qtAAq3CrufE5OdM1uiZC9b-rzZKwlw0JXB0d4AvJ9Q-tlPKNneLZewxP9JRvkYesK,Lee Dover,https://play-lh.googleusercontent.com/-XSABupPVUgk/AAAAAAAAAAI/AAAAAAAAAAA/AMZuucnAoO3jNm8PTkVRfEX6zjfZ_tIY7g/photo.jpg,"Seems that I am yet another person to experience problems using items from the inventory. I have barely started the story when the game won't let me progress at all because I cant pick up the screwdriver from the bottom of inventory list. I need this to remove 4 screws from the headlight on your motorbike to get the lightbulb. Without this you cannot go any further. Seems to be a common bug in the game, problem is it's too late to get a refund. Fix it or remove the game as it's taking money for old rope!!",1,0,1.0.0,2015-05-08 10:05:38,,
gp:AOqpTOFO9JrgyAJTDlut7fHavu5U-rceaN75uP-Oz0dTmaMj93kag_bFB-MUvazbkmQVUQXWZeZhD94VPqNu,melody alderete,https://play-lh.googleusercontent.com/a-/AOh14GhM6g1F6E3y5l33-NP8HjHfH-jlHHAuS3Tvnk8RpHo,This game was good cuz it was hidden object with a little detective work puzzles n problem solving...The only thing is I wish it were longer .lol,5,0,1.0.0,2015-05-04 18:14:25,,
gp:AOqpTOF5mL8_n-Lb-VY-Lng0GfXYpagGEuphOZdk_YyGL_iwPu6T49VTzwg5ypSAcQnl1hCHKnPQdCBNtXRr,XxMidnightWolfxX Assasinator,https://play-lh.googleusercontent.com/a-/AOh14GjLldNBKeEBVlh7WIso60Elt2l_uIJMfjYyXjmWUQ,Love it 100% great concept,5,1,1.0.0,2015-05-02 10:45:01,,
gp:AOqpTOGymzqDMKW8Rzg7DaRMyVETBBBe0iR65ftfYAM_ep196xVrkY9-Y4Rb4XHX-1LdMgxfny1SI62K2oWl,Jan Evanoff,https://play-lh.googleusercontent.com/-ldV2JMfHmuM/AAAAAAAAAAI/AAAAAAAAAAA/AMZuucmJQ2AMJXp-2uaLkZM_IfeG0Uiurw/photo.jpg,Refund please!! I forgot that I had installed this game before on my tablet & found that you can't even begin to play because of the inventory bar! It's about an eighth of an inch wide which makes it impossible to even see what you have in there. Real poor execution on this one bf. You're getting sloppy.,1,0,,2015-04-26 20:08:47,,
gp:AOqpTOGRkayT0j2S3scUw0iDa_T_GdJbdcMDve9OBwJOn9nv1CcPtdlQU25pobUbaQuoGbeIoN96dh8ds8tj,Nikka Mcleod,https://play-lh.googleusercontent.com/-5Rex6LLHXb4/AAAAAAAAAAI/AAAAAAAAAAA/AMZuuckUDOwqSBMDM9KsZoo5YmNuBsuTIA/photo.jpg,Love this game,5,0,1.0.0,2015-04-10 10:45:46,,
gp:AOqpTOHlvE1F6uf513vhgxGZPKOXbFqu4RU96sCRg0NHhHs0M73nnXK3uqQHdJCGtDFiTHDyeJswJ9YjsvTM,Helen Watts,https://play-lh.googleusercontent.com/-_fdAv6F8sEA/AAAAAAAAAAI/AAAAAAAAAAA/AMZuucmLwm7dvK4gIDyTWVVlXSS9kfnt0A/photo.jpg,The delay between scenes is irritating. I was persevering but now won't let me put bulb in lamp. I can't even get it out of my inventory. Very disappointing,3,0,1.0.0,2015-04-10 06:27:12,,
gp:AOqpTOGlVoPT9y4JxoHf5deya8hE4zJ8-Nf14WEiBS65_UEyUjOnTzo-4J5J3a19vTuBBtqLxTpeiR5liNtP,Thomas Balzen,https://play-lh.googleusercontent.com/a-/AOh14GgM9Tlb0aCR98842RRtmPksw7nnKvrRuKkU4ViN,"I had to start the game over when I couldn't get the 3rd gem. I went back to all the locations they were found, but won't let me zoom in or find them again.",4,5,1.0.0,2015-04-03 22:09:04,,
gp:AOqpTOFjehCKqXSn9ETMRf64m2QpOGfII6LaXudGqUKHJvpohN4I4IsVMLeBUA-6Uh2yoRGlUSSP91-AmOAK,Ilinca Florea,https://play-lh.googleusercontent.com/a-/AOh14GisiTtHVZVecj8oVof63f_RViENUxNchGQVuVop,Last item on inventory can't be used. The story is not so good. Sorry to have paid for it.,1,0,,2015-03-28 23:38:33,,
gp:AOqpTOGcfgeoOKW-qdih4NSyltB8w43xEzax1qQ6_RPFT5diCE_0X_BeIAbJBXj7QmOkTUNlq7TrlR0rJFVV,cynthia rueth,https://play-lh.googleusercontent.com/a-/AOh14Ggd8wUD6SdC9uG47kt1vE-uepbfonaY1NnuQqIIDQ,Excellent game with great puzzles and plot 😄,5,0,1.0.0,2015-03-27 21:25:39,,
gp:AOqpTOExYE3jGXhAjmrrYJbq0HLEJJEXPE7NdXBJz3Y_eQsL1zEN1OU5XLTt2gl1MQucCTCJfsoI8espp_hI,rita mccoin,https://play-lh.googleusercontent.com/-3JGqM5sT7Rw/AAAAAAAAAAI/AAAAAAAAAAA/AMZuucnu2EbfEl4jor_MdLEYpKa7I_Vjqw/photo.jpg,Awsome game,5,0,1.0.0,2015-03-24 16:12:46,,
gp:AOqpTOEwzn38M6-jplsR_d6_64D27HM-oeJIOoFl9RAJ7vLDGss2igxtz_eZGxVz-31wohcC02CdGU70sUgU,Amanda Weaver,https://play-lh.googleusercontent.com/a-/AOh14Gj8jyEYu0vdkN4QXgQ2e4_D-B3xg6fPuDwJ8PHd,Screens are very dark.  I coukdnt see many of the objects.,1,0,1.0.0,2015-03-23 18:54:28,,
gp:AOqpTOEq3JI2bWKA4LcLxMoFbCP3aMpVh6VkSm8bt2KJKIkr5E-_6lruAKLYkjsIJ_7KgB5HuvBuwypHSaDH,That one Neighbor,https://play-lh.googleusercontent.com/a-/AOh14Gjz0yZTos3dacWj2YgrofNHAbQpM7X4xiXQvSixGA,"After reading all the issues listed in the other reviews, I almost didn't download this game.  I am so glad I went ahead anyway.  I didn't have any issues on my Nook HD.  The only reason I didn't give this game 5 stars is because I agree that some of the scenes are dark and I have to zoom in to find objects.",4,4,1.0.0,2015-03-19 20:13:05,,
gp:AOqpTOF7fPS8cIzM1llzv3FQ7tVwCP1AMlgUQIqdomWSNntzkE_8e9_Pnm3vh7VOJNX2cX3S5Fp_V8uS1LWX,Judith Azelio,https://play-lh.googleusercontent.com/-Fh886JcvwAM/AAAAAAAAAAI/AAAAAAAAAAA/AMZuucmntuNBTQ63DcyaoJ8B25DgoL72dw/photo.jpg,Had a good time playing. Went on and played Collectors Edition. Outstanding graphics.,5,0,1.0.0,2015-03-14 10:26:54,,
gp:AOqpTOHO7nUEcmt1qiwWUGhdK6gRZtEUSa41l5QEYlT32Utpm_xSIovmomBUTK4CJWtTSRng61y6TZOtYMdJ,saleena peterson,https://play-lh.googleusercontent.com/-MiGaRb8FKEU/AAAAAAAAAAI/AAAAAAAAAAA/AMZuuckf01dRrQhWb0Liwaofmkl75uaxkA/photo.jpg,Could not finish game because I couldn't drag or pick up any item at the bottom of the object list. This is the second game I've bought that I couldn't finish....I'm very irritated.,1,1,1.0.0,2015-03-11 18:44:49,,
gp:AOqpTOG74N2yRqnmxFqIKDyhAo8Fx9VKI6SyJIBQUW2MZ83tTgXpbVN_M1vVhm4GfFM2GOQhVXsueI03agNi,Will C,https://play-lh.googleusercontent.com/a-/AOh14Gh8uqbTr2EMiYg3lzCStrCbjAsnmsxAOSu5be9TtA,I enjoyed this one very much! Many puzzles and great story with cool graphics.,5,0,,2015-03-09 07:24:54,,
gp:AOqpTOG3d6dlmPZdAAWfa-YUNxz01AwbgYisGsTxQU_Ge_60Y71_FKaveLgFDjfOU-0QOflvf7TAGqsxpsxR,jane symner,https://play-lh.googleusercontent.com/-mOy3yUUCFWw/AAAAAAAAAAI/AAAAAAAAAAA/AMZuucmDag--ztf39fFr8zts1k5rirIsag/photo.jpg,Very good. Kept me involved. Scenes a bit too dark and hazy on hidden object games,4,0,1.0.0,2015-03-01 10:53:02,,
gp:AOqpTOEPIeKGwMRTcAldtk_DWJg_l6Ygjb3ISDXmrCEXb8tftfXFy_cQN9KwXVUgKDWcyZthxpd2sItVs3gp,Nas' Studios,https://play-lh.googleusercontent.com/a-/AOh14GiJjz9qpg89zpe-zcln_onDPO4x62GSHvqV-tvbag,Graphics were and enjoyed game play!,4,0,1.0.0,2015-02-26 18:15:23,,
gp:AOqpTOEUvPFjUnDqEq6IOnauhZFud27lmCAeeGDV1BF5_j8Xdqe1raLeTbYPIXEbCQK1sKchemIUXtqYvc0-,Sandra Hyde,https://play-lh.googleusercontent.com/-N5xzBVc8IuA/AAAAAAAAAAI/AAAAAAAAAAA/AMZuucnahuOd2YbcfrcuuAWkvZQ2z_eo9w/photo.jpg,Excellent game can't wait for keepers 2,4,0,1.0.0,2015-02-22 08:33:37,,
gp:AOqpTOG3tmhEvb9MHtecHCukumooW09X7Rg3K9RBaBRrVL_LBtT9vLpkfhwXrfB17eCLPbwHJhjyaQUImoDE,Steve Pierson,https://play-lh.googleusercontent.com/-6g4QUk2ae4U/AAAAAAAAAAI/AAAAAAAAAAA/AMZuucnnWsbgTbESmLXRmMYHpbsyAdJ9WQ/photo.jpg,"I love this game.  The graphics are sharp and detailed.  So far, it is easy to follow and very entertaining.  I recommend getting this game.",5,0,1.0.0,2015-02-21 16:43:29,,
gp:AOqpTOG6rSE1wqNgldQKE_-XUOlO-1_i4bMWNAAhwY71UIjJYmr03FqEbBvUt_IDOvDIF7-lhPjiDYB6mnca,Al Scarbrough,https://play-lh.googleusercontent.com/a-/AOh14Gipq6xb13zRwo1pWStiXuFlwx3oZbf6icL41NF1mA,"I'm having the same control & item manipulation trouble as many others here. Come on, BFG, this is the second game in a row that I have downloaded from you that has some glitches. This is unusual for BFG. The main problem I am having is even being able to pick up items from inventory. It takes 20 tries or more to finally actually grip the item to place it or use it. Makes the game unplayable & I know it's not my tablet because it does the same on my phone, too. Looks to be an awesome game otherwise.",3,0,1.0.0,2015-02-17 06:33:14,,
gp:AOqpTOFkZwYDegCktrojfAL6X8KkguNyoeuALjAqkiCd5HvFPEJeBdp_q3t6qtyXU4HfxctBQrEqohmQ9OKz,David Henley,https://play-lh.googleusercontent.com/-EOZ3_aFyVsw/AAAAAAAAAAI/AAAAAAAAAAA/AMZuucmWXTsExroEv5rr6roz4lwfYWQ-Bg/photo.jpg,May I say just great everything was good so cant wait 4 number 2 good work 2 everyone,5,0,1.0.0,2015-02-15 13:01:16,,
gp:AOqpTOH4ubOAbtKKkLGPvh4WTJRbhtd0U1KaTeybHaO2-gPbycQnba2QM15qAmWhMvMkhRqONivlXqq6YC3C,Liz Savagar,https://play-lh.googleusercontent.com/a-/AOh14GjzStmZ6gprinttDQXG_48T3orBrPsy4Iep3ZPRbg,"Tried the free one, loved it so much bought the full version",5,0,1.0.0,2015-02-14 08:46:44,,
gp:AOqpTOHL2zJJKKe2G0EfzHaEGk0PKyQTOZ6Yemzx2GWYLscHbrg4GVqKD86ccYAaJyOXcBGVCbWdKV0ixSjX,tim hill,https://play-lh.googleusercontent.com/a-/AOh14GijKoHd6uRiAT6-s7gJ8uC30epfmKXANOyOHpFLMA,The only thing I don't like is if mess up u got start over,4,0,1.0.0,2015-02-13 15:31:29,,
gp:AOqpTOHctbYNr5-oGN8-54JAUOZBSmxTGSa0wPwz9Kx1uRKO-8AG9RIknGx94dduss-k1JQKXABZikW8_Dok,Raven Dalziel,https://play-lh.googleusercontent.com/-Gk3vLkWdB0o/AAAAAAAAAAI/AAAAAAAAAAA/AMZuucm3dCYy5e3NY1pmPqE9kX-bHApn_w/photo.jpg,Would have loved this game but I feel like I wasted money on since I can't finish the game. I can't put the stupid mug by the barrel,1,0,1.0.0,2015-02-03 13:00:14,,
gp:AOqpTOEmfvlb89Zon_O1JiXcURS8QDMO2J2DK2ZbY49jmXYZnatqPFsXf9sFDqE3cbEmUfebm75zMgNpbaeS,Kelly DeJong,https://play-lh.googleusercontent.com/-xS39P-9qn-s/AAAAAAAAAAI/AAAAAAAAAAA/AMZuucnI-DQO-oXLvrj-GoTYJN4qhnJyPw/photo.jpg,Great   loved playing it,4,0,1.0.0,2015-01-29 12:20:59,,
gp:AOqpTOHrCgatFIbqlzwmNmkxl4KXnzG_AsTETNYAwNHNS3F99tJtqp1r7-K_ghjMV5mhUwWlDcYtAtNEjhkX,Teresa,https://play-lh.googleusercontent.com/a-/AOh14GgPwg_tEMfZ6lep12U6b2pJCkNmWbKmrvyk7-g12Q,Liked it but wasn't a favorite...,4,0,1.0.0,2015-01-20 13:45:40,,
gp:AOqpTOF4c-p-eBr0jCkdY6QqSGMvQrzPOZ9xbk5p04QY99Ci0GtBiuSFxcHOf7HhBylo6oGJTP_RxYQA8uTU,Millie L,https://play-lh.googleusercontent.com/a-/AOh14GiHaA9AUvO8fYLLVHUeYTf_LBJIYFmkY_cIQWlgKw,"Would have liked a few more hidden object sections rather than so much 'back and forth go grab object', and the story is quite superfluous, but generally a decent game",4,1,1.0.0,2014-12-11 23:39:00,,
gp:AOqpTOFEKYRofqcz-AE71GOrK-zcwM9vUyGGBkjSsZugEG36HePlsMUeix1if0L5-eLbcO6KqMzzaeFFp1kD,Maria *Mia*,https://play-lh.googleusercontent.com/a-/AOh14GicIBlE16Co0pS1Dq9S3cDpjyAFBXtRTXE__x-LPjo,I wish there had been a map for this game. Feel like I had to use the hint button a lot to figure out where to go next. Also the puzzle games had terrible directions. It was never clear to me how to move things or where they go etc. As well in the ho scenes some items didn't respond to touch very easily. It was frequent enough that I thought it should be mentioned however I'm purchasing the next one now!,4,0,1.0.0,2014-12-09 12:43:29,,
gp:AOqpTOFpiHDMuwVU4jYjgH1lkdkITXD8Uw9TRfxRuHNFckLTdLBjOJIfcPzFbDaHV5g-ZDfjfhuPTVjLfq0H,Jared burns,https://play-lh.googleusercontent.com/a-/AOh14Ggvz3fYxk8EjSQObAT3WLr30_-TpgGUi5LwYCHf5A,Great,4,0,1.0.0,2014-11-27 18:04:25,,
gp:AOqpTOHAPwFGY9FVtsaY57MKENJc3o-TkZ0c045xWkYKS2WSauZuQJGAGQrqrGevw_ZgPVHvkZLrijkwHSU0,JustWendy Now,https://play-lh.googleusercontent.com/a-/AOh14GgVhTFcNqweigMs5_iCBpB_uicIZyhfS7CFGI5R3Ro,Screen was too dark most of the time though,4,0,1.0.0,2014-11-23 12:22:13,,
gp:AOqpTOFk2ZCo-JafP4ESl_wT7XOnPb9ag9PuZbFV6uZbCgF5U-SX3eZ18iokch2XVdMKK2n6a5jKotE3UT_H,Shah Sovi,https://play-lh.googleusercontent.com/a-/AOh14GhYyvwzU7TDWhijlr3wCwAuwrL05I0U5qGC3lL1,I purchased this game cause I have always been a big fan of BF games. After playing for a while i found out that some of the items can't be used especially the last item at the bottom. When i checked on the reviews everyone had the same issues. It is so frustrating because the developer of this game did not do anything to fix it. I felt cheated!!,2,0,1.0.0,2014-10-20 01:46:29,,
gp:AOqpTOGZyzren4XdlUIV9QC8_Z0_kBL-pT2n81j9CZhKrWx53eyCP0lvgal38rh40xp19sy9dh3zoKNOE39A,Darlene McGrath,https://play-lh.googleusercontent.com/-HxwbE3-l-5g/AAAAAAAAAAI/AAAAAAAAAAA/AMZuucnuqEucO460FxTFyouUQvlV26yiCg/photo.jpg,Keepers lost progeny center full,5,1,1.0.0,2014-10-11 08:53:49,,
gp:AOqpTOEhuUqaN-PYUxsEIMa_rTMatxpdtuz1NoLfNlc8SQK5VPW8BjiVjgvYbVvz1IwuwgLA7-UzECo888Ow,Alexis Rook,https://play-lh.googleusercontent.com/-O8Lkym8558M/AAAAAAAAAAI/AAAAAAAAAAA/AMZuucnTZ-CLGzK2xSI5NQDh1BK_Wk4uMw/photo.jpg,Love it,5,0,1.0.0,2014-09-18 07:59:49,,
gp:AOqpTOHTouLoCZlobixAx1tz3kmhvCYCWw-kZPWdZp8CJRjNkLHNEyuT2LS4D2m4I2qF_83lbjGwfDHhcSJw,Aimee Albertson,https://play-lh.googleusercontent.com/-NgrL13bHVxI/AAAAAAAAAAI/AAAAAAAAAAA/AMZuucncgtVBQWqWPqpjNOZCWvpSOsjJ0A/photo.jpg,Good game. Storyline was a little silly,4,0,1.0.0,2014-08-03 17:23:59,,
gp:AOqpTOGU2JdAO3h4-8ImcVdL19KJ_kS1pj2D6AHzbNM81JTgDE-9hb-yeONYmwN53u_PbD97-lZ0biVgxuMz,Hannah Famatiga,https://play-lh.googleusercontent.com/a-/AOh14Gi8pxZ2fSYksQcxKGaH6T21h17l4Qr7qAFm6fEn,Really good adventure and lots to explore!,5,0,1.0.0,2014-07-12 12:23:25,,
gp:AOqpTOGhYhX_uY27pt6Q3vVWhjfxT0919GD9fF-WXqWt9KWp2_d-SXi24DikRcgcLHwvnHXSyhRpgH2Gqtfv,G,https://play-lh.googleusercontent.com/-iF9BHApaYDM/AAAAAAAAAAI/AAAAAAAAIec/AMZuuclL4wHK2eJX4nInEypy2kZZ2QAeRA/photo.jpg,"Have problems moving the clues in order to solve the puzzle, Im unable to minimize the Clue box on the right side, & its hard to see because its Dark",3,1,1.0.0,2014-07-12 07:35:03,,
gp:AOqpTOHpT9vFwAAAWuHw1xZc424RZI4eo2Dde2N_-Twc-5LIzpXTpzWRih4OtIloNSv1yVr-NFHj2kG07mnE,Lissa Ziggy,https://play-lh.googleusercontent.com/-8pyRxBjxJ_w/AAAAAAAAAAI/AAAAAAAAAAA/AMZuucnInQa2NUj4G9XqtYF5WiNMnduqfA/photo.jpg,Liking the game so far. Things are annoying me I'm playing on the easiest level and I have spent twenty minutes (no exaggeration) trying to put the stupid empty mug by the tap and fill it. Still with no success. Other that that great game.,4,1,1.0.0,2014-07-05 21:27:28,,
gp:AOqpTOGE-qVDrS2iPSMPNdTz5P1qBD--eZPYPbZ1apjYtwYzLJhKlkfbhGsKjerNd61Wx6fkiLv4rE9PLcOz,wanda foster,https://play-lh.googleusercontent.com/-VGej2ceSm3s/AAAAAAAAAAI/AAAAAAAAAAA/AMZuucmY1-UDDBRLbDgMJYGh-vltUEpYxQ/photo.jpg,I have reloaded game three times and game keeps hanging up on last item  very frustrated  looks like I'm not the only one that hss had problem.  Why hasn't this been fixed!,2,0,,2014-06-18 16:30:57,,
gp:AOqpTOF4hFOXBMZ8m_o2mBr0XmJ0e5bD_EkDgTKQjgR10EI-0qv6f_L-3rJPDZYJeTBWeEoraki43Ig6iXVJ,Byron G,https://play-lh.googleusercontent.com/a-/AOh14GigTv4beXi54yIQaoTUl5KH8FOCHMfrl65JxS-MPg,I just love hidden object games.,5,0,,2014-05-31 21:20:38,,
gp:AOqpTOFssE8qos7lq8LMIbNZbdoj4d1irvPRCUQm5ta6gzllaUjLFLnKlbKEocc0PXemrYpGu2w3_d7w2cJj,Kartis xanth,https://play-lh.googleusercontent.com/a-/AOh14GjooHg4mYwDGh2XXc-Jh7Y1Mmnf5G0RYK8_oFld,I've tried at least a hundred times to place the empty cup and it will not let me. How have you that finish able to place the cup. I tried placing the tap first then the cup then tried without placing the tap and it just won't place. I had trouble with the nails and the hose and picking things up out of my inventory but can't find the right spot to place the cup.,1,2,1.0.0,2014-05-31 09:14:46,,
gp:AOqpTOGM_S1kwXLCPq57pv3ukw1RcB1k1zrtwMRGGzOsfF91o3cckPmrkTsOeaVDagQSRU4lR0mGcaG_qekM,Penny Drake,https://play-lh.googleusercontent.com/a-/AOh14GhvjwfTSBvMEtsn1ix4OlEXfcm19zuMjgRjUHuCfZU,I like it.  I've purchased.,5,0,,2014-05-22 14:37:01,,
gp:AOqpTOH-LT4OyZopjJxgqLA8oQhIH9XrFG3DrboXOYSgpSDdxfZNOE2vS_mVQDflT0V93Vx5J73C-om6QNzc,Heather Stoicu,https://play-lh.googleusercontent.com/-_1CPDi2Bns0/AAAAAAAAAAI/AAAAAAAAAAA/AMZuucmmrpqzVJx2lVmryzjD5fpWgN5Rwg/photo.jpg,Love the graphics. Works great and like the story! Can't wait for the next one!,4,0,1.0.0,2014-05-17 17:07:30,,
gp:AOqpTOHiOJROvLbNyMfm-PHwPu9WJ4EO9TtG3FTYUQRWwqbsNFmtbBgze8ewaMGPkObn-rK2slL9Ga5T-6bJ,Jessica Chenault,https://play-lh.googleusercontent.com/a-/AOh14GjjbmZdurADWoBtwf__lSc-FbYRTBPKKq919wPABg,Love it,5,1,1.0.0,2014-05-16 17:07:04,,
gp:AOqpTOEwhNy0r7lCbWc0tmNx4itGHE_73TZgp-zM5lmzr3HWokzfP1Bko_6x6-kkZMb2nAsLNAKj2I5KHYBH,Phoebe Warren,https://play-lh.googleusercontent.com/a-/AOh14GgVup5XRvZTZWHqvN6r7OoYw-100vIUNO4u-ftnAg,"Was thoroughly enjoying the game until I get to the missing jewel puzzle...!!! Is there still something else to be done? All jewels are in place but im getting told 'need to find missing jewel'....WTF? I put in a red jewel! What the hell am I missing here! HELP ME OUT, PLEASE! Im thinking of but haven't yet...uninstalling and starting over!",1,1,1.0.0,2014-05-08 18:21:36,,
gp:AOqpTOHdgYnC-plQb7Uo3QK8fpZBE9PZxnR-7J3___CK2xo-eewUFnBHCpWZ3aw57oB_bCik7pfo5tv-AWPR,Shayla Holloway,https://play-lh.googleusercontent.com/a-/AOh14GjjIVZQ87R7MqTjTigtxXiSh_1-muKRaFGG8Pvq8Q,Can't wait for the next one!!!,5,1,1.0.0,2014-05-07 13:20:40,,
gp:AOqpTOHfZiii41FAs6C_JcdVzeSYu41-6sxjBGqyyB4evWM-eG_4_ddBqiNrtrIH9fh27L78JV_AGf45MfyM,Kathy Kastenholz,https://play-lh.googleusercontent.com/-vLdPIQDCais/AAAAAAAAAAI/AAAAAAAAAAA/AMZuucniSPfi_Twrl_mkVwJTrX6S_ueXVA/photo.jpg,It's okay.  It kept on getting stuck.  Can wait for the second one?,5,1,1.0.0,2014-04-27 18:07:46,,
gp:AOqpTOH4UI3jfjhmXhk9Asw33F1D5ACT-LpWQSUVQ_Kzgj7PWsP1bgazMtBChRU377wEEFQaiWxWBAPY2Uhp,Poh Yoke Lo,https://play-lh.googleusercontent.com/-btRgF9JTQSY/AAAAAAAAAAI/AAAAAAAAAAA/AMZuucm16eCYYr_77CmPDyouCVbq6OjlEA/photo.jpg,"I found that the last item on the list of items collected cannot be used until there are less than 5 items left.  Also, i cannot use the empty cup with the barrel and tap.  Please fix it!  Extremely frustrating.",1,3,1.0.0,2014-04-27 09:05:28,,
gp:AOqpTOG0I4ZHw9xmho04ghUW5UAfhKx2Pc3zwpbcbgONAsrLZpYImB-Naegk6griEyZg80OfoYzmqo7T87AL,Inez Horne,https://play-lh.googleusercontent.com/-8MAak0aCfwE/AAAAAAAAAAI/AAAAAAAAAAA/AMZuucms_xgXwiaFQ-R9Gl-GrTT4cxt7FA/photo.jpg,Great fun!!!,5,1,1.0.0,2014-04-15 13:28:58,,
gp:AOqpTOHENvtCJja5oYh8WWUKwX5xZMIngBFS_wn9NEBrGRHPQO3-S2Qm8D8wbpDNhoBDhw5yssTobUMefVUe,Wanda Cardona,https://play-lh.googleusercontent.com/a-/AOh14GgMogQl-F1WTaTlge8IrLtIVQ7bnu_ZMjprWVBE8A,The scenes were way too dark; it wasn't easy to see a lot of things. It also wasn't easy to keep up with what was going  on.,3,0,1.0.0,2014-04-12 07:12:13,,
gp:AOqpTOECjm7qRL2qBake-h_DvRtzvmjcmEXz-GvsOBuSeIqYgodFnR2vnJ71gcfsa155M9ouYmLg5EhztSPl,Miemie Harmse,https://play-lh.googleusercontent.com/a-/AOh14GiA7umwASlnODTVuU8ryMbhMb7bZ7z2YTdTS3_h,Samsung galaxy tab 2  Downloaded - fine....took my money - fine....doesn't start!!!,1,0,1.0.0,2014-04-08 00:37:15,,
gp:AOqpTOEUjxse4rWSLPeaY52vLE552QFwXPkif1zAFxp-I3gYNw9B58XkEaFzPYIAVFBrn5aVMRu9MWz4l0zS,Tammy Powell,https://play-lh.googleusercontent.com/a-/AOh14GgJYJOmot7nmWGD8pj31uOGIuojzcObXHt4fIQ4Vw,Love the story line. Very interesting.,5,1,1.0.0,2014-04-06 09:58:00,,
gp:AOqpTOGizCk7YQzoexyHz7TE1FWiQQqf710eLW7r6R9WZUnkavrw-WRJ7tCkIKHa6o9Jx2SWi9xKLp2gfH_N,Cara Malo,https://play-lh.googleusercontent.com/-_jpyTj7WCFw/AAAAAAAAAAI/AAAAAAAAAAA/AMZuucnge2chKcivn2nFKRYQZRUZsPtXAw/photo.jpg,Great story line except some of the hos were a little too dark to see,4,0,1.0.0,2014-03-26 08:18:30,,
gp:AOqpTOFHW8v58IkYHvfpfeIigKoi--ZTV7F9SB7rxhp3jHgL2ti1W_SnBB9LjLmSgQXlOUZKJ5ToK6Nich_V,MommaS CraZy Life,https://play-lh.googleusercontent.com/-UUelLH9JgCs/AAAAAAAAAAI/AAAAAAAAAAA/AMZuucn2A37sDerp47lSxxaziLITaHA5Ww/photo.jpg,"Well, the game is interesting, but I cannot for the freaking life of me use the last item in the inventory list...I usually love all the BF games, but this one needs work..also slow loading between scenes..please fix?!",3,2,1.0.0,2014-03-06 23:49:45,,
gp:AOqpTOHPHr3AOV6MIEFcJvytlRIGuJ9yhUpZmsmGqUAKtiJ7zmsKG9nqCHsE4WeI8YI_JxuRS_GC1ZqOFVgT,Karen Marie Walker,https://play-lh.googleusercontent.com/a-/AOh14GiI1X1DZQnm9u9By2y6JHIGIrJW7af62jkuPTJrvg,Good game. Very challenging!,4,0,1.0.0,2014-03-06 18:59:18,,
gp:AOqpTOEdqBPlr5V-1xfqnsNG5DyxW6lrA3CxHMWRHvMqrurevSfR0vUWuLOq-C6xyd4l39NXJG3NKeU6YDre,Jaylynn Benglan,https://play-lh.googleusercontent.com/-9-Z0NVh_8Os/AAAAAAAAAAI/AAAAAAAAAAA/AMZuucnZgV3A_JhJYaRDpsTB9Qo8WxQm4w/photo.jpg,"Was fun and kept my attention,  hours of play. Only thing is,  some objects are hard to pick up, I had to go out of the scene and then back to pick up objects.  Looking forward to the sequel.",4,1,1.0.0,2014-02-27 13:12:39,,
gp:AOqpTOG3mXTrmSNrxx3fxfa_UNlW3x_ynvlIebFRY_WrPK1_mvvr2D4k1fTr_9bgdfrLWJgufCeQ0KYfHRMU,Scarlett Rose,https://play-lh.googleusercontent.com/a-/AOh14GjmA01dbWTeQloJVrrF3tXUZ84CNMd3Yk2ozfhsLA,Enjoyed it.,5,1,1.0.0,2014-02-27 11:21:16,,
gp:AOqpTOGi-LT0m1tHAM9HuVYMaGh0L3RJ_vvEWAz9gI00e1CEHBut0_Sgs6fwECji8VDQVC7p9VYEAB9u4ldI,Anamaria Coiciu,https://play-lh.googleusercontent.com/-N0zwURifqx4/AAAAAAAAAAI/AAAAAAAAAAA/AMZuuclN-LK0-_25pFA1FxH1OFVTReAiow/photo.jpg,,1,0,1.0.0,2014-02-25 12:42:11,,
gp:AOqpTOGLuNsFOTjRDDQjWi3X9XK9SU11Ny96na9u6qZ2kynLYHf9XhCE3Gdmm67ELYUDU1aQmHNvT_dTX2Ho,Aireen Claresse Uy,https://play-lh.googleusercontent.com/-PXa2CCrwtKg/AAAAAAAAAAI/AAAAAAAAAAA/AMZuucnYV7yn_tskaKHYVJAE7du8x3iW_g/photo.jpg,App wont download due to some error & the refund button just disappeared..,1,1,1.0.0,2014-02-22 20:00:18,,
gp:AOqpTOHSCXF-9XwIdMTEXj0H9ew7UVyIyiZ3hMl76rOJ6zulScRyI7BzeyYuTJwKJrtvLIrhx_WNDjVYNv9H,katyas mom,https://play-lh.googleusercontent.com/a-/AOh14Gh_UC2efKQIlwDcDWCb6-OOPVYeXia4oebM_2GWFQ,Recommended to play in casual mode unless you're hardcore. Concept is basic but engaging. Puzzles are challenging even in casual mode. Bonus content above avg. Some objects were difficult to see even when screen is expanded. Please fix.,4,0,1.0.0,2014-02-20 20:41:28,,
gp:AOqpTOF4l3eqpIhrOwYNCXz5-uXhvmMl1lROr-yFUzm0--GyNXvb5oGm2DotBZ86KBzUgRWlopBLO9BIe5sp,charise chavez,https://play-lh.googleusercontent.com/a-/AOh14GjzdHPLN56eL4o6Sb3ha_CokTElfwOsYhHfsAbo-A,Love the graphics and has an interesting story line,5,1,1.0.0,2014-02-19 20:27:34,,
gp:AOqpTOHN5RpSxU6leg0nqBb2XMUZ16aAuZYI5IKS6-iBLF3TQc-CnYD_bFC0syvdy_De-vGMwm1_7jeAOvL0,Theresa Stroebel,https://play-lh.googleusercontent.com/-xSZsfLhLVeY/AAAAAAAAAAI/AAAAAAAAAAA/AMZuucnsg5rexQX1SJ6pPQ_fpWizgcLRMQ/photo.jpg,GREAT GAME,5,1,1.0.0,2014-02-19 18:21:28,,
gp:AOqpTOFhs_Oz_4fPcpb5hwvDvWzfl9tpHf85QWGVRTo7SJNiBGUYWtY73VWJ1zBnOwoT8TWhCRI599T2K7G_,Kris McBride,https://play-lh.googleusercontent.com/-QUieQ1JziYk/AAAAAAAAAAI/AAAAAAAAAAA/AMZuucnk5u1-74u18qnHiCEwuihHnb5c4w/photo.jpg,I really like this one. The graphics are good and the game is easy to follow.  The storyline is interesting and kept me engaged.,4,0,1.0.0,2014-02-19 08:20:59,,
gp:AOqpTOFFEuhyIPeRqMShSsIdi8IzNGiY0vTvbbc1w4mr6FoVPKx3OSWEERYxIcakPSriVcYXTImJColyjwkC,Kathy Woolman,https://play-lh.googleusercontent.com/-W1MgeoFSvMM/AAAAAAAAAAI/AAAAAAAAAAA/AMZuucl-wfI1nGekG8xDAHVU5bHzxzkDzA/photo.jpg,,5,1,1.0.0,2014-02-18 18:53:50,,
gp:AOqpTOElFlmvzfe9HrLvWk9SzFFNXkzKNLPwK-fFHaSrKbVPmQ2Uxc5xd9r3LTdSctp95JkMbNK8pQC45xEr,roxana otesteanu,https://play-lh.googleusercontent.com/-RjmDDtWSaus/AAAAAAAAAAI/AAAAAAAAAAA/AMZuucmrkN9ukUytvnE9A8Ho1n6uEngEmw/photo.jpg,"This game has serious issues regarding placing items where they belong. Also sometimes it's hard to pick some items, you click on the correct item and can't pick it. I regret paying for this game. I want my money back.",1,6,1.0.0,2014-02-18 06:49:40,,
gp:AOqpTOG29uCUkcjK1XiWWsLb8micRIrHvusOE_mnS1x4crr_NSJIz72Mgj_cdYD4BsnC75aYDHq1FPpW3tkc,Seara Allen,https://play-lh.googleusercontent.com/a-/AOh14GjTTWW_DznyHJvlFp3zodjvVJKJbdnT1BnUJJxliA,,5,0,1.0.0,2014-02-08 11:38:31,,
gp:AOqpTOF7pk1FXc5VsxAKCvq-_WdV-UAeXpowmN-rkAgs4p_xllPwdQb5yvaEhWMalkjq_hF8CKGdGW5D0z1n,Sarah G,https://play-lh.googleusercontent.com/-oRLgatQOO-Y/AAAAAAAAAAI/AAAAAAAAAAA/AMZuuckaGEWYQHOP_M0l531a0LdtogGOKA/photo.jpg,Awesome game!!,5,1,1.0.0,2014-02-03 23:07:33,,
gp:AOqpTOErw_5eCailKeJj4kiEROaq-dTTgIf7AhVkbuTyWdYcrmZxbGqQNQCCTWGjEDSJYjJlBCj1G9gQvjGy,Shin Yuurei,https://play-lh.googleusercontent.com/a-/AOh14Gg3xyAD7XQwvTB1BfhX5d7t92YnCNXq932t46Rx5g,"This is the first time big fish has disappointed me, by placing the controls, menu, toolbox and journal at the side of the screen. Any item found and lands up at the bottom or last on the list in the toolbox can't be used. Lots of times I have to reset my progress and start again having to remember not to add too many and important items all at once. Because of this puzzles and etc.. can't be solved at all.",1,1,1.0.0,2014-02-03 22:51:49,,
gp:AOqpTOGE9oFSWUZU8u6IXHjhsVSJuyNJcTKB1tEqGNWFShKdMzyDHd-6rTs2ZEcQYTU4R0gb1_HrMMrMk1Yc,Tania Nicholson,https://play-lh.googleusercontent.com/a-/AOh14GgrFTiu9K2PSnBDmmAKmc1w2XAP9HEtVj0uPdgN,I have a Galaxy Tab 2 and found items in the bottom position can not be dragged into scene to use on objects.   I can not go any further in the game because the lightbulb is in the bottom square and it won't be moved to the light socket.  Bummer.,2,1,1.0.0,2014-02-03 12:15:58,,
gp:AOqpTOGIQQU9ktob3sc0mqffHfV_5Mn24ZLaTsZCGkaHN49ZNrkDiNRD2XvGZ26WTtfxu-vjgGziUXEHu9ee,Margaret Boyed,https://play-lh.googleusercontent.com/-B_2h0t4fteQ/AAAAAAAAAAI/AAAAAAAAAAA/AMZuucmoQXg-PxnqjITWCqgjJpmvF9SLAQ/photo.jpg,"I have just started playing the game and am all ready having issues with it. To continue, I must place a light bulb in the lamp. I have the light bulb but am unable to use it. All other inventory items move around freely but the bulb won't budge. Any ideas or fixes would be most welcome. Once the issue is resolved and I have managed to complete the game without encountering further hindrances, then I shall up my star rating.",1,4,1.0.0,2014-02-02 12:28:53,,
gp:AOqpTOGa72c2bYGo6awvDhuGn26c47dVZsqNflypCkPzXOz5HZiCWbCjNuwd7bCHZdKJsVPvI8GE_r_KUxfP,vinh vu,https://play-lh.googleusercontent.com/a-/AOh14GiabO-UYddmbeYWvENlN1f7gaQXxmudFlUX1clMaw,The graphic great. I should've give this game 5 stars. But this suck waste my money and time. Can't use anything. Doesn't matter how many time i try to secure the nail but won't work. It's annoying. Please fix this. I don't want my money go in drain like this,2,0,1.0.0,2014-01-28 17:00:20,,
gp:AOqpTOEMwazjHWRdEjSp04O4UKmyGhzfWYoB_54BQ7yxtg1Ug_8CrlmbARfwKMms9pGF3yFPy73BeCIxYbFK,Janna Lopez,https://play-lh.googleusercontent.com/-nbx-Fo6T0vM/AAAAAAAAAAI/AAAAAAAAAAA/AMZuuckPGygeGze-JFuiwRis1o8cuxVURg/photo.jpg,Great game play. A little glitchy at times and objects could use a larger zoom in on but otherwise had a great feel to it and great story line.  Got a long play time out of it.,4,0,1.0.0,2014-01-26 11:14:01,,
gp:AOqpTOEm83bpEJbgz3HotQ_10V_dhUqi7dFbL-XyzGKpk6l0jWpahNsI97OIG56sfXFfObsnSXLbCCdoIzI5,Gm Pow,https://play-lh.googleusercontent.com/-qOVH_orekZE/AAAAAAAAAAI/AAAAAAAAAAA/AMZuuclwgS4uZ63G7vOAfIG4DTCc8-9niA/photo.jpg,"Good mix puzzles, with a few HO. But needs MAP, preferably interactive. Story usual silly supernatural stuff, but OK.",4,0,1.0.0,2014-01-23 04:04:09,,
gp:AOqpTOEL76XkDaZ6GW4V3aRxuKBBJW8WP2gZ8xxoVElcDjywTekhVBbYDiFlU9RE3aVpmZo6A6bWmLFlU08j,Ma B,https://play-lh.googleusercontent.com/-w7U6M-yx4U4/AAAAAAAAAAI/AAAAAAAAAAA/AMZuucnApOyrViuycPTcTKnYrBmSueDRYQ/photo.jpg,"I really liked this game despite its intermittant sluggishness (some objects hard to click, some new scenes opened slowly, especially in the early parts of the game.) It was nice and long (for me) and took a couple of days to play. I also liked the bonus game which continued the story logically. I got a couple of ""this video cannot be played"" messages during the bonus play but nothing actually stalled and the scenes played just fine. The artwork was really nice throughout although a few objects were buried in dark spots. I enjoyed the story which was pretty straightforward, not obtuse or full of endless ""walking"" like some games. The clues and places to play the objects were usually nearby, within a location or two from where it was found. Overall, this game is well thought out and quite entertaining for a casual player.",5,5,1.0.0,2014-01-18 13:15:57,,
gp:AOqpTOGO78h-DzwOMulExMymlTRVfJ51GXhAAvGWk4FTnsF-MGYM-oED-iXHpHOWDTyY1nFvplBiVF1X6BFA,Cora Lynn Crystal,https://play-lh.googleusercontent.com/-mkL_ImYS_zM/AAAAAAAAAAI/AAAAAAAAAAA/AMZuucklfymyqjaiN4djOMwtEAhdDr62DA/photo.jpg,Loved it!,5,0,,2014-01-17 19:44:45,,
gp:AOqpTOGJZ0ZT4P5A_-Q9vudloe07SRXSV8R3IR3NWWSOibPYbHVio-VFcunUXsGYVvDqXNdAE9RExT2fzkav,Laura Bullock,https://play-lh.googleusercontent.com/-cJhyxvASoPc/AAAAAAAAAAI/AAAAAAAAAAA/AMZuucnjhTHjUN4w9vxzawrjjzd2P1riLQ/photo.jpg,Brill game but got stuck on a few parts,4,1,1.0.0,2014-01-10 05:58:33,,
gp:AOqpTOFgE_Sfpwc88lb_VWpb8ZIhyNJ6iJDnq177-YZY4a6PHVZoIvzuOKigHsRHYMn0UxdSLRzgA267Bbh1,John B,https://play-lh.googleusercontent.com/-tYcWUYMFByo/AAAAAAAAAAI/AAAAAAAAAAA/AMZuuclIXQdOsmHJu2kfj8VllEb7m-wK-A/photo.jpg,"I love this game, but sometimes the game won't allow you to use an object, and it will say ""I need to use something else"" or whatever it says... even if it is the right object to use, all because it is to fussy about where you drag and drop an item in the little window in the game, which is silly, because it makes you think it isn't the right object to use when a lot of the time it is, but besides that it was really fun, and the puzzles are challenging.",4,2,1.0.0,2014-01-04 15:56:12,,
gp:AOqpTOFB6S2kSm1XqcMcKlxNY1HYUXGPlpfjX5OtI6vg0XukiBxAwPmMZq7dv0nFlHfpSO7TZ-0Dd9xwJ5Ol,Myranda Hughes,https://play-lh.googleusercontent.com/-zaDlRlDfX58/AAAAAAAAAAI/AAAAAAAAAAA/AMZuucl3W8Ctwyt7DBG8lhxD1bnEHKICgg/photo.jpg,Great and challenging just had no access to my last box in my inventory,5,1,1.0.0,2014-01-03 06:59:37,,
gp:AOqpTOFmGYJPmIuSacz83KB9ZbZlLzc5oNVAV-N4uDwDn4YpOPacW1DKgBGHw1YVKXOk2eS0ridg2g44XpIN,Krissy Brown,https://play-lh.googleusercontent.com/-nODEQ2mzrxU/AAAAAAAAAAI/AAAAAAAAAAA/AMZuucmLIRC_0dO76s2IcCBalAaeK8Y7jQ/photo.jpg,A little short as it took me two days to finish it probably a total of 2/3 hours but other than that was a good game,4,0,1.0.0,2014-01-02 20:26:40,,
gp:AOqpTOEsB14M1Bi-PXqHN0mP6UkLqY-lYw2toZSl7HIMRdWGQEhZg0JbrvURaR_fnXVHwbuWDPqYg1XBukw7,Hilary Gillies,https://play-lh.googleusercontent.com/-M_rpLmuN7pg/AAAAAAAAAAI/AAAAAAAAAAA/AMZuuclQGijnSZ4NG8oAMc2zqfWjmVUmig/photo.jpg,Good so far .....,4,1,1.0.0,2014-01-02 06:29:58,,
gp:AOqpTOHrXysbbenvfxxOJMA7PvqK8rEuPbGrvGZ9QFp-1BOPYTsZ3VWY4SzgmrFyNnKA8xzo8JViSqjyujS-,Karen P,https://play-lh.googleusercontent.com/a-/AOh14GigF2keqSD35z71bjnAEwFKqqCu0WdoBxQ6uh3p,I have items in inventory and can't  use them  I tap on them and nothing happens .  I will give it more stars if this gets fixed,3,1,1.0.0,2014-01-01 18:03:25,,
gp:AOqpTOHyoKsq69SNxnMNsppYON4XGrRDIeb0pKkEDInJJzq6mKThgNTe7MkmvXVLOaL1-iFjgWHX2r92PhDZ,Byron Vanderhoff,https://play-lh.googleusercontent.com/a-/AOh14Gj0E3Z0C9AJNmrizm8mCJiszx4nPcN7UCZ5vYjK,Fun to play,5,0,,2013-12-30 12:06:05,,
gp:AOqpTOFT2zo2QvdD3t7e8gW-MngLwhcLplORw2tcrnriT1CKJfDtyXNUeJA_2O0W6Etmtf9gJ4daqv9RpD08,mary broussard,https://play-lh.googleusercontent.com/-OXMup_zgbyo/AAAAAAAAAAI/AAAAAAAAAAA/AMZuuckDqT2tvFfDR-JrIt-0D5QYjDqzVA/photo.jpg,Would have given it a 5 but I'm playing on an Android and sometimes the clues are hard to see and I had to reload it many times.,4,6,1.0.0,2013-12-28 17:49:01,,
gp:AOqpTOH2QoVc6ouM_-QFuIaP44TtN_sTinT1wi0rK0AV_v6HmkS5rPXjx7_fkSy9yzXR25l5SPp6-XeWeHnJ,Clayre Farrow,https://play-lh.googleusercontent.com/a-/AOh14GhIQkvFiIwmySaggHTWYCWXUQiEYWUZ3W8VrgbKRw,"Only installs to 97%,i've plenty of memory though??refund would be good please!!disappointed cant get this game!!",1,0,,2013-12-24 03:07:36,,
