reviewId,userName,userImage,content,score,thumbsUpCount,reviewCreatedVersion,at,replyContent,repliedAt
gp:AOqpTOER6L7pDFD_7PRPxoad1h9HGaVf6jApR_lvxA06ulnkwdeyJfkznmdQDxXg4CkQuohI91diYtDedjimKA,Elbert Acoff,https://play-lh.googleusercontent.com/-RPk9oTuQKOQ/AAAAAAAAAAI/AAAAAAAAAAA/AMZuuckpEKrnUx-7am62aZP0XDqQNdbiLg/photo.jpg,Great app.,5,0,7.8,2021-01-31 08:12:23,,
gp:AOqpTOHAjDiUOFZqHhCSGML3HqJ5bzFm-uvZlXu3xuwkYI_gpFLEW3neqWEbGVWXdsIm3OdpKR14XozhSdellQ,Dave Raymond,https://play-lh.googleusercontent.com/a-/AOh14Gj5Qa4ptliL9VzIV6XtLAK8PFP7hBMkUgihB0GZEQ,"Just Plain Awesome!!! Does exactly and everything I want from an app like this! Wish I'd have found it sooner. The one I was using can't touch this one! I searched a lot too, but didn't see this. Then one day I ran across it looking for something else. I bought it that day (Worth It!)! I Bookmarked the Play entry and Extracted the Apk, just in case I have to Wipe my phone and set it up again and this app isn't in the Play Store for some reason. Think maybe I like this app a little? :-)",5,7,7.8,2020-12-14 20:42:56,,
gp:AOqpTOHCQ2GgrK9bWE3ZyI6pKGn19aR26UzWdOUalctu6X2jQtKy91FFvgIewNVwyrQ2Quwzt9lM_X38jGCVAw,M Wolek,https://play-lh.googleusercontent.com/a-/AOh14GgBRHkR3P2HsQvBl8yqAsfgPkZ9aM_byiGRRoPgkg,A nice big sigh of relief(now that I figured out how to adjust the little things that were for me a little annoying) . A great app that's a big stress releaver. Thank you. 😊,5,3,7.8,2020-12-10 08:07:23,,
gp:AOqpTOGx9LCSJN6R4CmIRh8YLYzlQfg4nMCw_HDbgmPRNPWaL8h-gh1bhsRUQiYdUb5fcS55HaJwVLqQaql9tQ,Jeff Wiedmaier,https://play-lh.googleusercontent.com/a-/AOh14Gh1c3nmcfs3Bh2LLWjQINy0j7y27XiDCBMZAz2XaA,I like the app but the balance doesn't refresh after I make changes to a bill.,4,0,7.8,2020-12-08 06:24:25,,
gp:AOqpTOG1atqggd8SMAzEU5p6usPMZWUDY7afoDYe3xubMqsLIlW9XPWZjmzTsiFHqSEqwHZBoBJwpNkHf9oeyQ,My Ohana,https://play-lh.googleusercontent.com/a-/AOh14Gg_g4PjTEE2eMIa_EMOhxD57m98BcONRo6jMCPNzXo,This app was exactly what I was looking for and certainly has been helpful for me in keeping track of my home and business billings and am using the paid version to show my thanks in the time it must have taken to develop such a good app.,5,5,7.8,2020-08-12 17:29:47,,
gp:AOqpTOEb6wRAegD4UM6Q2QE0VOW5xyJDmWNGixPKrjwDp2F1kENyMFpsC4O8pVei3s3OF_0ya__S88Ci4dvRCg,Angela Lindahl,https://play-lh.googleusercontent.com/a-/AOh14GivJupYvICXO-CQYgDJHUoxOFbjIMV5Pjqh6G88ig,"Duplicate of the same transactions showing up. Please fix. Other than that, great app!",3,4,7.8,2020-08-06 11:50:10,,
gp:AOqpTOGKTi34IHp-3Dx61fWBBeRi35aly3zEeLjCAKeqqgtVYn2HH2GTiq0SpSJ2gMB64BO3Da02Z5HiRbuslg,MNS.KASH_LELEY Amy,https://play-lh.googleusercontent.com/a-/AOh14GjaH0R-SYcrxG-qih_GYL5OszWROf4XFuhGsYxh4A,Really easy to use. The apps keep me on track with bills. I love it.,5,1,7.8,2020-06-25 05:15:16,,
gp:AOqpTOGvyIenqnj4Sjrh1PEVBBeAiR4-MXxsbIHTIYiab8RmeJEeNSxwGgtb3Rl2zrYNMhndhMqJcvSgeyoPRw,Goku X20,https://play-lh.googleusercontent.com/a-/AOh14GhcmDnFZ1S8E1ZdqGNxb6xxCscDZyJKiEyaSYNVAg,"Good for up to date bills, it really helps keep track on when your bills is due. Recommend this 💯%",5,2,7.8,2020-06-22 21:38:17,,
gp:AOqpTOGFwf_agpyixpWzp5bl_otJWd68BSmC6OWvYiJ8X5vQqPck-imFmyO3f3cNDaWKBXgai8j6fLfDI5sDDA,John Osborn,https://play-lh.googleusercontent.com/a-/AOh14GgZWglEBArJ0r_55CirFot7jifJafrMUdgspmI2uJ8,"I thought about giving it four stars but end up giving it five. It's a great app and does what it says. The only thing I wish it did different is remember the screen it was last on when it's closed. It defaults to Overview when opening. I wish I had the option to make it open to Monthly View, which is my preference. Maybe this will become an option with an update. Over all a great app.",5,2,7.5,2020-05-12 18:27:59,"Hello John and thank you for your review,

You can already set a default view by going to the App settings and press 'Default view'.

Regards,
The AA3 Apps Team",2020-05-12 18:33:45
gp:AOqpTOEsvlql9Z1M0jMGRvdPpQD7oYkE6W5fqUIRE4ERPV4QFjHhGpwVU_ftdrMF_cKzjailHtDyD18T5nXVGQ,Albert Valentin,https://play-lh.googleusercontent.com/-6q7-h-muZ90/AAAAAAAAAAI/AAAAAAAAAAA/AMZuuclt8yL4nz-nHVOPPpF7sShV75Dx-A/photo.jpg,Have been using for a few months and this app is almost perfect. I also use as a simple event diary. This app is what you hope for when you look for value and functionality. Please only make small changes because I really depend in this app. I use every day across most of my devices. THANK YOU. Here is the six star I very rarely give. *,5,5,7.5,2020-05-11 07:44:55,,
gp:AOqpTOHsn7FdAVMqn5-qNISSHhIBku7o2ykMhTMjCMYu6T1Ejjl8WsDWHfYcwV-Oc2mXMscshw3q2iHISnop9Q,Chuck Stewart,https://play-lh.googleusercontent.com/a-/AOh14GhKKV95rYrZkqkyF5R9c96nhtNUb_yHTg5JEPPhEA,Thanks for the reply. I use this program every day. its the best one out there.,5,1,7.5,2020-05-05 21:24:55,"Hello Chuck, We're working on a new update that includes a fix for data backup/restore on some devices/Android versions. It will be released soon.

-- Update 5-12-2020
We just published a new update, it will be available on the Play store soon. Please try it and let us know.",2020-05-12 18:43:32
gp:AOqpTOEtgDmhpfME3eQQN9n8ISe5UKPbdpc014MYeeQixZ-fzhOSCJ9ogM6pGeray8_LUfs3QszdrBgyWcQO3g,James Swain,https://play-lh.googleusercontent.com/a-/AOh14GgU9d_xx2FSDPl1f9i5Kz4s2ifZ4h9ncJlBhVo1TA,Be ckup saved me,5,1,7.5,2020-02-11 18:03:56,,
gp:AOqpTOHdB-p2uW-opc5vw9CXpXy5F-ZP9HPFdfm3inOIPV6PUZeuvGr3u6ZrSfwOjk5BbGfc_oeLW0_lJ6lBiQ,James Ryan,https://play-lh.googleusercontent.com/a-/AOh14GiqNJYDzeIhDCtVbAmHc8_FPF06xVOzYnIfcFR8e1s,Great! Easy to use,5,0,7.5,2020-02-11 05:30:50,,
gp:AOqpTOFWeowD1sFEQOG7qCsNpyK-7cKP9TlI0KgplzcbsP6JLughZfP5w9n5zy1av1wHoFOkjsa5VUfqWlI1ig,BS,https://play-lh.googleusercontent.com/a-/AOh14Gjb45Br6Bmw4YE6zlUr9h4WVVphfmsiQmg0raR1AA,Notifications are not working for reminders,4,1,7.5,2020-01-05 12:01:55,,
gp:AOqpTOG5jZGV8Q56SvbPTQ91NYpaOZPm6HxHtC0DD5S81SKYu3jdcIbHsPqwywA3QMLjqF7hmpy2lHT50VwD8Q,Sam Jackson,https://play-lh.googleusercontent.com/a-/AOh14GhQMUBb0rLJuzN0qcz0quxPf9WKAQmKGmQ4l3YzdA,"Best bill app i have found for my needs. would love to have the option of a ""days due"" in the overview page (and others), so instead of just the due date it shows exactly how many days before due. i find that my mind works better with this than dates.",4,2,7.1,2019-08-16 06:37:58,,
gp:AOqpTOGidiN_h2lNcTKQnoP8qeK5CcLro4d6YNobB5CkrveFQ-9s8Q7bE4vhQ_LTTZTjeResGpwSpo0qTRq76A,Anita Rheinhart,https://play-lh.googleusercontent.com/a-/AOh14GjaDa9pwhtCwXzLpy-aBQOXCYjuG1VWGp09FHvM5Q,"great app, but wish it had a simply computer version that would link to the app. use this for my budgeting and it tracks, reminds, has the bill view or the calendar view so that you can plan out what to pay when.",4,2,7.1,2019-08-15 05:13:47,,
gp:AOqpTOEiRqh6HNyA25zLd2N5grgzbJHSx8X8fW0FvUzDJ3EUhP7GtxdThuk-AtET4wlv1V4KisfLHosFmR0ujA,KJ Wizz,https://play-lh.googleusercontent.com/a-/AOh14GiuBW-1jPw8g8yZVTgTtA3h8A7FpM0oMjd_YfpZew,"New User Just getting started settling the bills. One improvement that will help is s reoccurring bill that can be set on a day of week, like the 3rd Wednesday of every month. You can only set to a numbered date now. Would also be helpful to have an option to back up to my SD Card As I know more I will adjust my rating..",4,1,7.1,2019-07-28 21:25:56,,
gp:AOqpTOHDpUmaICMHi_SC6ngQMrSiWORzaGm84LP-vuNHDTzkke0BOCjiCRW8iBvj_sBE-fLuWINzMCJufop2Rg,Nathan Brouse,https://play-lh.googleusercontent.com/a-/AOh14Gh-n8I4J5XLjQxP7DrJD0qYRjZSDWEXUvAEeBQoaQ,absolutely awesome app and it does exactly what i was looking for. SUGGESTED: it would be really nice to have is a pending status. i know there is paid but pending would be nice as i pay my bill then it goes into a pending in bank or if a credit card payment is made it takes a day or two to show in bank. i have to keep track of that separately to make sure i keep track of what i have a payment setup for and don't,5,1,7.1,2019-06-16 19:32:30,"Thank you Nathan for your review.
We add your suggestion to our requested features list to be evaluated and prioritized.

Regards,
The AA3 Apps Team",2019-06-16 20:45:26
gp:AOqpTOGZ0BWVyN4jOiWHP0zd7vKKReByJxq1Eud_fjop2uzObQK9dSnrHHqFvjWKWgIjMS6nwCDCunQgl1splg,Richard Drapinski,https://play-lh.googleusercontent.com/-PGRYcSyhtfM/AAAAAAAAAAI/AAAAAAAAAAA/AMZuuckM-eHuIGBE1GS0pr_X5HHUb468RA/photo.jpg,Another useless app to me now. I do not use Google drive at all. I have always use dropbox and local storage for my back ups. I use this app daily and loved it until now. Please give use back the Dropbox and local storage or REFUND MY MONEY,1,1,5.7,2019-06-14 03:52:21,"Hello Richard,

We replied to your email.
We heard you and all our users asking for the local backup feature and we are already working to bring it back. It will be available in the next coming update.

Update: We just published a new update where we brought back the backup to local folder feature.",2019-06-14 20:40:05
gp:AOqpTOGWLb8cknyadfs_ll3F6DZnvfCQ3h0Y2FrUGUe05ylJOifd80kUtQf9SG_-A9BenM0484d-T3hcPnRJmw,Ray Clouse,https://play-lh.googleusercontent.com/a-/AOh14Gg1ZpZ7yH2q8GbXeyABwfGuaMYubugniAMaCz2KaQ,"Wanted to upgrade to premium, couldn't get restore to work. Basic lets you backup to Google Drive, premium won't let you restore from there. Restore from local folder and Dropbox pop up an empty dialog.",1,2,,2019-05-25 19:09:18,"Hello Ray,
We're working to upgrade the premium version to the same level as the basic one. A new update will be available in a couple of days.

Update: We published a new update with all new features (Google Drive, attachments, ...).

Regards,
The AA3 Apps Team",2019-06-14 20:43:28
gp:AOqpTOElwQkdSPlD3Nh6XS0RwcNzHa4abuY1Yf-U9T7U1ebdt7777zTZpEMcLKNSlw2g9T48WKrwkdz8vEsqLw,Clifton Glenn,https://play-lh.googleusercontent.com/a-/AOh14Gi-xFFqggDIW8lWjVG53Ln6nwrtyvgoRpMdhbyREg,DON'T purchase. I bought this in order to back up my data. Requires Dropbox. Okay. I bought Dropbox. I was changing cellphones and needed the backup. Backed up to Dropbox. it WOULD NOT RESTORE. Lost all of my information. still rebuilding.,2,2,5.7,2019-04-26 05:46:56,,
gp:AOqpTOHH-vy76tBk7eZQ2dsrh3IzGRcJIJNrtbkjz-vXaCZ32-vTwDdfUkktpzDiqhXeoKzT_3_nLcyTJHLqrg,Areej Munar,https://play-lh.googleusercontent.com/a-/AOh14GhV_61eKHqVk8inLZqrP5dTAIRz0QOKSCLvymmfCU0,"In general, the design is good. The widget needs an improvement though. I hope it is more customizable, like show how many upcoming bills or which bills. Showing amount is just too much for me.",5,2,5.7,2019-04-21 01:34:11,,
gp:AOqpTOFlpf6JRfqiOjwaC_z-SVfBfj3tPemmukmVatCIQZpziaAhZBhm1aJiXFyeoREsLNorhvY14wqGHi0nMg,Mike Nunes,https://play-lh.googleusercontent.com/a-/AOh14Gh-Z2hHemKB1uX9Rc7q2c7VSQzDvVkbZNdgZol9clY,"This product does a great job of keeping track of my finances, but one thing which kept me from giving it a 5* was security. Wish it incorporated the finger scan method instead of having enter the pin everytime. Hopefully that is in the works for future releases. Keep up the great work.",4,7,5.7,2019-03-19 05:00:38,,
gp:AOqpTOFojGFSqUq1HIDpNAfcE9JtENkyNK89Qi7DjURNgaAptdRR_TXD8M1x_TdojbOMvhM1gsJ-R3mLlIDQXQ,A Google user,https://play-lh.googleusercontent.com/EGemoI2NTXmTsBVtJqk8jxF9rh8ApRWfsIMQSt2uE4OcpQqbFu7f7NbTK05lx80nuSijCz7sc3a277R67g,Very clean app works great! fast response to questions or possible add-ons. love that its a one time purchase for premium version. Unlike Mobill which is a great app but hate the fact that you have to continuously pay for it.,5,2,5.7,2019-03-15 06:24:58,,
gp:AOqpTOFUwgiMRoW-dn41hUxyNV3dc0GiQ2HPXmOxnVDFTJphb7m2f-765MlbWrCg7Rvbm361kUmnT7hRSGpq0A,tisha thomas,https://play-lh.googleusercontent.com/a-/AOh14GiLBbuNM-9fi50of0ItYfUYEDxT4pltsYDBspMA,fanstastic,5,0,5.7,2019-03-15 04:31:08,,
gp:AOqpTOEupEKRxHtA1kcU4WJqLbALnSLkS4PaghR1bzV2jJhuednbrVrco0cThY3ncwT9QgDRcBYOIftwU9uBUg,Sean Wildrick,https://play-lh.googleusercontent.com/a-/AOh14GgUR4LmWFiZEhVJKK_uxkG3uH1-DqLhEbzSWiVL,"App seems to work well, haven't had any problems at all. It is easy to set up, and use as well.",5,0,5.7,2019-02-28 05:12:51,,
gp:AOqpTOEpDKTKN4h51wU_TRbGnCk9rdGERCH9duWTz3GiPnn9TH87XL1BMyyKTLpO9Ms2HNmcw1Jy9dEOAKy5_Q,Jelena Ivanova,https://play-lh.googleusercontent.com/a-/AOh14Gi-nbv-eE69Z8dIV87Q0-d-tKIU7tohZ76X7laXqw,Excellent app!,5,0,5.7,2019-01-21 14:10:54,,
gp:AOqpTOFs94Y9aYh3ZLZPLaaTtpAW9D23V8E9hMOjZoG4IkMkT6sR2NctCYdzimS96Lm5oaB1YxniCMefAwULZg,Steve Wolski,https://play-lh.googleusercontent.com/-Az4az_A7tx0/AAAAAAAAAAI/AAAAAAAAAAA/AMZuucn5PP6vII_aOMUnVXtaYNYY45KlVA/photo.jpg,Great app to remind you of upcoming bills. Helps you plan your budget to cover expenses. Highly recommended.,5,3,5.7,2018-12-31 07:09:28,,
gp:AOqpTOGaD5udWAVHRFCIcFHd2diEYNgWHtB_G3US0z3WfZk38YpNccydanRvPTPwY7OVZdKZoMBLuDUiDFRePA,Seayang Lor,https://play-lh.googleusercontent.com/a-/AOh14GiWoIMh6AVRpZMxN5bSbm6EoGoplIGDcV2OYy5FQg,"In the overview section, some of my recurring bill are over 2 years period. However, I can only view 1 year ahead. And the recurring bills after 1 year do not show in the overview, thus it does not add in the balance as well. If you can fix it so I can view all my recurring bills would be great. Update: I found out in the setting that it only allow us to create recurring bill at most is 12 months in advance. Please update the application which allow us to create recurring bill without such limitation. Thank you Update : recently, the app always crash when I open the Paid tap. Please fix this issue because I really need the function to reconciliation with my payment. 17-Nov-2018 update The issue regarding error on the Paid tap has been solved. Thank you very much.",5,7,5.7,2018-11-16 21:30:00,,
gp:AOqpTOFaxo1SQfwdT5id7p1tjKLg2b519TFYfHTwobMUT-z5vtA3bI_-SVsmAbiizttnFl2Dg1KMZqG_hmcyXQ,Sandra Osterby,https://play-lh.googleusercontent.com/a-/AOh14Ggppu2g3ZKuVqmibV14DqoRQ4eVLhCyUVVzM3QG_Q,"Back to 5 stars. If I could, I would give 6 stars for the quick response from the developers. I had an issue and they pushed a curative update in less than 24 hours. I am impressed!",5,3,5.7,2018-11-13 09:44:18,,
gp:AOqpTOFTNp3BpbxFNkXOTMWtI6We9UgfpZWuLEWzb3JOy3HCEm-51FXc0KQkqgNk9mYnznfYIP8VpOJDyUf1gw,M Viel,https://play-lh.googleusercontent.com/a-/AOh14GjVyLzernNr64clTO9CsIne2LlB-l41RoBDkXS87yA,Love it simple but very effective.,5,3,5.7,2018-11-13 04:37:54,,
gp:AOqpTOGfE684h6hFWIx2-mLeC-juI1PMCY1cOXj0ibMUsLCmEcw303JHt-bh3z7UxX9c91Zijzqw4ekjdOK9Tg,Erhizee Armah,https://play-lh.googleusercontent.com/a-/AOh14GguV43DCOhsidZd2N5L6-AopnkvP6NtQYXOGOgh_A,Been using this app for the past week and so far it's worked well. Have tried others before and suffered catastrophically. They all crashed eventually. I hope this one is different. It looks great.,5,1,5.6.1,2018-10-16 06:45:51,,
gp:AOqpTOGs_oHdhhWnMLlvxyvWBI7i4Z3tfE1E4MQBb4WaIUP_pO_cywwHcQR77ZGcNq4DCOHgP1UjtnnUnztWMA,Farzad Abasi,https://play-lh.googleusercontent.com/-Awx7dQt0H3s/AAAAAAAAAAI/AAAAAAAAAAA/AMZuucky6wfvfc53CJjijdbSq4_ByHDOdA/photo.jpg,Best app for keeping track of bills.,5,0,,2018-10-08 15:31:12,,
gp:AOqpTOF3GT5ZP6U65dMA5nvRLClf4Q7BQLdsa6eqpiD7xk7duS4xiczynzhHvrJ_KccqMPBBH9AkQEgoiV9IjQ,angel acevedo,https://play-lh.googleusercontent.com/a-/AOh14Gh-9uUkHkr6DwRdJfnvUANSHDVvXEV9cs53YI_cAQ,So far so good,4,3,5.5.0,2018-09-22 06:52:39,"Thank you angel for your review.
Your request has been added to our list of requested features.

Thank you again,
AA3 Apps",2014-03-25 07:35:47
gp:AOqpTOEAOiJdDj-Jjak2ueq7-0Ibw0tP3APYPz1Q8OrDJ24ZVBQ6aGo-KlpKdT4O5-Z-v1uSx0TF1NJkovwnmg,Katie McCullough,https://play-lh.googleusercontent.com/a-/AOh14Gjn9WExBv5ltjnrgH9hBaXuPrRuYIFuDljadAPm2J0,Good app.,5,0,5.4.0,2018-08-04 21:59:39,,
gp:AOqpTOF3xjZn7m7xh45U046McINhaCo2KOlbgdFbsFN76Lgjw5au9CU77QEsOSr5tlEQJvj12MRSUE7pu9Ru8A,Brandi McNett,https://play-lh.googleusercontent.com/a-/AOh14GgJ4JnrnB1P3zR935uoc_jUmoM_3IbP20zqJrPJXA,"Love this! Totally helps keep this distracted momma on track and bills paid 
on time. :-)",5,0,5.4.0,2018-07-19 19:44:37,,
gp:AOqpTOE4-HiODXoE6tJnApzhFGp4__PZxZf7YtzJEcIfUwTW5AncY3T_ObqaWwlVrqJ44-Xfiruj5TbIgn7j3Q,Marquitta O.,https://play-lh.googleusercontent.com/-j3FN5qvsZGw/AAAAAAAAAAI/AAAAAAAAAAA/AMZuucmeL1LWEYGqFBkYHu1gjdl1W6ds_A/photo.jpg,"Very easy to use, helps me keep my Bill's organized. Really love the fact 
that you can graph your payable vs receivables",5,1,5.4.0,2018-07-12 19:02:39,,
gp:AOqpTOFU5zUDgvIgEMzoYe8xHgb2pSx63z9TEeQAxGu4TgJ3TvSJjJgvvFrqPn0elykdogdd0ztxSzPMVl4sBQ,Luv Mysemi,https://play-lh.googleusercontent.com/a-/AOh14GgcBSds0BQG14l7rCzT4VscbEQy5KkfllM7ZrbMiw,"Bought the paid version and it doesn't allow some reoccurring bills to show 
up after the date I entered it. Makes it unreliable which upsets me that I 
paid for it. I even deleted the bill and reentered it and it still didn't 
work.",2,0,5.4.0,2018-06-22 05:24:29,,
gp:AOqpTOHgHasPqHnm0KyicxzWubMRw660N6j_FfQf0o7gBHzLxVYmRFWwHt8QJFjOizKxglw59du7sifgq4D_nA,Harindu Udapitiya,https://play-lh.googleusercontent.com/-cxtOMSPNm6w/AAAAAAAAAAI/AAAAAAAAAAA/AMZuuclwzGDo_LlBd7ZYlW5btDU70gjfAQ/photo.jpg,"Bought premium one but cannot restore from drop box or from local folder. 
If you can't fix this refund my money.",1,0,5.4.0,2018-06-21 21:44:10,,
gp:AOqpTOFyU4PH9q9GTmtbtVfA8vNI57Ivglq0C43dp9JtzCpU3p6fXN6Dg07TLWzjq_UlwgsohNu64Tu2HbGOQw,Brandon Craghead,https://play-lh.googleusercontent.com/a-/AOh14Gj9lbQglBqVJyp66KpdlSw77JLxDW7EtXEdTB8v,Great way to schedule bills. No issues.,5,0,5.4.0,2018-06-16 20:40:17,,
gp:AOqpTOEfhsCvoA2JQwQO_v4sxqR1ohDe_JeCOXmAZSyUOkyijBDLSSXPgLseQG01dahdUFZxV-J4HI8n2h54UA,A Google user,https://play-lh.googleusercontent.com/EGemoI2NTXmTsBVtJqk8jxF9rh8ApRWfsIMQSt2uE4OcpQqbFu7f7NbTK05lx80nuSijCz7sc3a277R67g,"Pros: Easy to use; Provides Notifications, Charts, and Graphs; Affordable. 
Cons: Doesn't link to company bill paying websites; Does not provide an 
option to note bills paid, but not credited to banking accounts",3,1,5.4.0,2018-06-16 08:02:14,,
gp:AOqpTOFK-668YVwlnVqhddN1Wi0od-gu91FzV36Cst_l0gso3SzJfPSUN1Vv9spUDxh_7rq2_IQABSdMDjP_nw,dp 1205,https://play-lh.googleusercontent.com/a-/AOh14GiC7Z_7MebEkgwnxQrJip2slki3i5j8s4qan1Xh2Q,"I bought the premium version before uninstalled it, then when I reinstalled 
the app I did not have the premium app anymore, said I had to buy it, 
called Google they gave me a refund. It's a good app design and features so 
I will give it another chance, I will update this review in approx. 3 
months.",4,3,5.4.0,2018-06-05 08:16:29,,
gp:AOqpTOGiVEoN2Wa-uFn-ms2T5ygLZI7R236mWgzSAQaJgrrrzU-mitAZdMTQv-KQs2oxBy3RrHUcSQdWrokP0g,Diane Green,https://play-lh.googleusercontent.com/a-/AOh14GgRxJXtExhI9DeADX9ez9gaCNAvom5YQ_-aa8L2e3M,"It has worked perfectly for reminding me of where my money is going, and 
seeing how much I need in my account. Really like it!",5,3,5.4.0,2018-05-21 05:51:03,,
gp:AOqpTOGjPGTkaibOUJuYdbmI-7G1j2z2ZTRJktc9DPhTB_K_dZpAt1spj_FfDeoMIpc4aLfRaiTmK7bLsRbm2Q,A Google user,https://play-lh.googleusercontent.com/EGemoI2NTXmTsBVtJqk8jxF9rh8ApRWfsIMQSt2uE4OcpQqbFu7f7NbTK05lx80nuSijCz7sc3a277R67g,Great app!,5,0,5.4.0,2018-05-19 11:00:47,,
gp:AOqpTOHnkdgDCRJQggXgaKUsoaZC22Sh9UjYsgeNLnU5C4k4GOJiXKje5c8Yh-TTjgAxn3Jbd4_kuMuO6RTs7A,Raymond Pigott,https://play-lh.googleusercontent.com/a-/AOh14GhGTZp7IGb2jDgGVijD3koPzt1EYOUjTVwTZyG4Uw,"Does what it says it does. Great simple interface. Keeps me from missing a 
payment.",5,1,5.4.0,2018-05-17 18:33:22,,
gp:AOqpTOFNAwtuXmnnb-W5tlwf6nwiCEmrIncCHy5Vk4ZgQ9bAfghkuFl6p4fnhpsfRZbqi3m3VK9hycV92NKTNg,David Pickering,https://play-lh.googleusercontent.com/-ZbM0KwK6rOE/AAAAAAAAAAI/AAAAAAAAAAA/AMZuucm3fTYrrERW5jfbneEU9vVSP3j_9Q/photo.jpg,"I was pretty happy with the free version, but needed to allow more 
recurring payments. Very happy with the paid version.",5,1,5.4.0,2018-05-12 18:32:57,,
gp:AOqpTOFVhoH75jWHwImGwcA2tYSI0UBMG1kJkGcMV-NU0vR0RrW-suaP7nCUkfryMgvUvt3WVKy9qAmrTDtZZg,Amanda Johnston,https://play-lh.googleusercontent.com/a-/AOh14Ghv4TQwSvNtk570qIu6hfC0HFgy2I7sbAN1Nbyv4A,A great way to remember upcoming bills and keep up with your budget.,5,1,5.4.0,2018-04-30 08:55:14,,
gp:AOqpTOHU1vWDgq5RafZ4iquw4rrkfKQ0islZ80ZQsemrPvF5bTlcmEXdHLnXs_VFp-A8bUA8zEhzuiG3YluunA,Wolfgang Hinker,https://play-lh.googleusercontent.com/a-/AOh14GigY9uaxWSOCgSZPdgVIqqjJOsIu_mqbR5_IVNqPQ,Does exactly what I need it for,5,2,5.4.0,2018-04-06 07:33:48,,
gp:AOqpTOFwBpUkd2CoHsb3l5tY0bdtKmcvxTr8tx0-cAzczvHfaOW6NsG7vlMckRyMsCTbs1Z9hRpZRbcksNxggg,Jean Marie,https://play-lh.googleusercontent.com/a-/AOh14GjS9efTDDWU_RtWH0amsGqnCJQMa64gWuhweW18,"Love this app as a reminder of when to pay my bills! I didn't want to use a bill pay app where I had to enter my personal login information for several accounts. This app is just way great I wanted, as it sends me notifications of what is due. I can also look at upcoming bills. I like the 'calendar' feature where you can see green or red dots on each calendar day that a bill is scheduled. Green for paid, red for not paid yet.",5,4,5.4.0,2018-03-22 05:28:02,,
gp:AOqpTOHhnromSFAgAX6Hfemutw9tOWxIQ65aZZ5mg1HDjJySQVj7tB7ZNcUItNqpCLkS8k2wS84PYF_YNSekaA,W Richard,https://play-lh.googleusercontent.com/-nluMs4w3CmI/AAAAAAAAAAI/AAAAAAAAAAA/AMZuucm2_XKon3RF-ovpApRyxH_-_nSEzw/photo.jpg,Easy to use. Happy about it.,5,0,5.4.0,2018-03-08 08:40:02,,
gp:AOqpTOEKSAl8Pi7DWUAyjofuj5CBR8aJ1g1-rg3ZJpZMnLRU-X7aafEnieSQbP0CNa3Qv4csCMi4p3DrRWCwlw,Alicia Meier,https://play-lh.googleusercontent.com/-o00UrCTNHbw/AAAAAAAAAAI/AAAAAAAAAAA/AMZuucn_yuJy_fmEVIlLRQdMFIri5lTalQ/photo.jpg,Doesn't work all the time.,2,2,5.4.0,2018-03-02 04:32:58,,
gp:AOqpTOH0MWNInNVrzReonSDQiUqdB3hFJQBp0TgAN3J-AWRM0NYBMzQYN_K-18jcOE6_x-JbSCQz9y77zR_nzg,A Maloney,https://play-lh.googleusercontent.com/a-/AOh14GhF86xw72CPm-kSye2lGWXRG6efSl65Eoan7sPESg,"Awesome app, love the material design. I don't know where I'd be without these reminders keeping me on track! Thank you for the dark theme!!",5,0,,2018-02-11 21:14:05,,
gp:AOqpTOEnuV9iScXh7aDUeSdzoi8Ve5VfvJSNZT7Ce5uyPk7jOJ7PjFW1ifCes6dk2r1S4hQIRyIVKUdWBgDqXg,Terry Vaughn,https://play-lh.googleusercontent.com/a-/AOh14GgJE4BIK5Q2C8k2V0BEj7-cFntR4-biQERoB7vTwgE,"Very good app, easy to use. Developer quick to answer questions. I like it!",5,0,5.3.0,2018-01-30 13:05:21,,
gp:AOqpTOEzZbmZ7OiRUpdB97gyLpetJaUCz_-_s-IxGa9uE4bWD2VLUDvwl74Ekt6v1YxwfV0KWwcLNcY3RmqpTw,Gene Glenn,https://play-lh.googleusercontent.com/-MR4iiVQZhOs/AAAAAAAAAAI/AAAAAAAAAGk/AMZuucmvDfzPsLzi13B1gHmCzMW8uoOfiw/photo.jpg,Easy to use bill tracker,5,0,,2018-01-27 12:18:46,,
gp:AOqpTOFarvda4QGTwDJXAdxaleFF29vMqLc1o7vxQwVfwZZLt8xdEqqglIEZzGvrtI6sGEXXW1zVQ-USs4s4eg,Strange Shadow,https://play-lh.googleusercontent.com/a-/AOh14GhNtDbXQ-LMtNoZATFNBJ_9xb8Jls17exuYO6QF,"Does what it says but has issues with reoccurring bills.  I can't delete reoccurring bills, you delete it and tell it all bills in sequence but it always reappears the following month. I have a bunch of paid off bills that I can't delete.",3,1,5.3.0,2018-01-26 12:50:07,,
gp:AOqpTOG3mmtScs1bXaPSA15ruKboSHDuJG-YGEZprST5mPSDQ18eg2KWEmBydwSxb5F4GbQsCgFI3XSseNhtgA,J Topps,https://play-lh.googleusercontent.com/a-/AOh14Gh4KNQf2C7bf2VxPYEUNQmdNXyfk1QvSoE0A5zT,It works great as a bill reminder,5,0,5.3.0,2017-11-06 06:08:44,,
gp:AOqpTOEyGz_p3_aGUA8KW_dKEyCmuYWo0Tyxgai7_pAi8pdqSlN-7-prjb1uFpDvrzvISwfRtydegf40GkR35A,BoB Francis,https://play-lh.googleusercontent.com/a-/AOh14GhPRCrVkjFy6oSx-uFlcYaDWZyM6nJ1RWJaEMumEg,Does what it needs to do!!!,5,2,5.3.0,2017-10-25 23:07:30,,
gp:AOqpTOEyEA6E2jbm9lSrO7kheNePUzLCG1Rn0fnQ4sgRKdY3Dk8rMKo-wpwSQjz7gUot1tt33uPd6oUD063TDw,Marcin Gostomski,https://play-lh.googleusercontent.com/a-/AOh14GixJjJ37pQG_7q8PuAVEGeAhcLpUso2EqFrJKGA7Q,I needed an app that is simple to remind me of upcoming bills. It does an excellent job including local and cloud (dropbox) backup.,5,1,5.3.0,2017-10-10 04:41:21,"Hello Marcin,
Did you get any error message when restoring?
Please let us know by e-mail at aa3apps@gmail.com so we can look at it.

Thank you,
The AA3 Apps Team",2014-12-14 18:37:58
gp:AOqpTOHoqFeFWckf4-eih-HSLjb-BJ1pqv56mc_OegJgm41YRPIDlO9Wwxke2jcWmByYLCkSpTBzi1u-QxqWXQ,How,https://play-lh.googleusercontent.com/a-/AOh14Git1bmlE3clu1U2eC04FP3CgCsmvJqwHlkcK0QL5w,Good app but could use more features and work.,4,0,,2017-09-23 10:06:20,,
gp:AOqpTOHbRs--8NhllIl7eYOR6NSmP5py2rmPzXLDKCZ3BZP6dcPjDh6feVYusJqpQiI0IvU69VAgMCaDEtAH5A,A Google user,https://play-lh.googleusercontent.com/EGemoI2NTXmTsBVtJqk8jxF9rh8ApRWfsIMQSt2uE4OcpQqbFu7f7NbTK05lx80nuSijCz7sc3a277R67g,This app is slot faster than other apps I used,5,0,5.3.0,2017-08-19 05:21:26,,
gp:AOqpTOFnWEsS6nFTT9_UTuiaGhiFlcmUvnu4DYDR3WokE9zqsQnRsuvR8YWoWBm4EaFRZRuJ6Gec3_6qIGWEnw,Raman Agarwal,https://play-lh.googleusercontent.com/a-/AOh14GihXWEFc6DXuAznppAI8Fu7v61I-pttiY2XLr1HRA,Please add Note or payment description in cvs or excel export sheet for record purpose,5,2,5.3.0,2017-08-02 09:15:55,,
gp:AOqpTOHqPBFX74LjUd1_1H0Efet9PHJiFSf367k5RuY5nyXM-S-rztGJNxzVQuda603Ytw3HloAo86kj6r3o4A,Prashant Gangwani,https://play-lh.googleusercontent.com/a-/AOh14GiSo7RCGseJDFqXrhMiQ4Q2Ulwit4i7nS1UX1ch5w,Still profile function is missing coz profile for multiple persons and Multiple Business,1,3,5.2.2,2017-06-21 04:18:58,"The App doesn't support multiple profiles and we don't have plans to implement it. Down-rating the App for a feature the App never said will support is just not fair!

The AA3 Apps Team",2017-06-21 05:04:22
gp:AOqpTOGVNV5b5mn8CXVx2H4S2hWGcxlPqKwn4bKk-vP2SDJR6CM-6f_u2dsGYmkIgecrenHetBDucZzRQS9pFg,Juan Ochoa,https://play-lh.googleusercontent.com/-95erMMUd334/AAAAAAAAAAI/AAAAAAAAAAA/AMZuucnuZUlPWA4b19QAvAgw5wSpQ2bRkw/photo.jpg,Good tracker for bills and that's all.,4,0,5.2.1,2017-02-23 13:03:30,,
gp:AOqpTOEgQe_3c1cyoOhNdtFRQ60VMa9O33SLgp-HQcdzqOnQQuaKZlWuYUMeK9j5Y72N8mawW2HOYv9HfrV5Qw,Minka & Kisla Olson,https://play-lh.googleusercontent.com/a-/AOh14GimYuQ1s-OO52ylV0g1yXc7ghfRoPxQmk0kW_lKhQ,"As others are reporting, bills are just disappearing. I paid for this app and have to say I am not impressed at all. I would like it but have had bills be late because this app decides to delete them..... And yes, I do have them set to ""supposedly"" generate indefinitely.",2,3,5.2.1,2017-01-18 10:13:00,,
gp:AOqpTOEp1teLCXAWfAKAXXuV9yAcjXFMjzQySGtZeNtBDAv6cd57dMfTolGfxD8QHJU9Zi7fedR1S1GPOdBAbA,Patricia Clement,https://play-lh.googleusercontent.com/a-/AOh14GgC_jpyKWW4hI3aFyDKEoeEOnnXzWBvSu0UPKeaAA,"Easy to use, nice look and feel.",5,0,5.2.1,2017-01-07 12:08:11,,
gp:AOqpTOEc2v9fWXDwKMR9QHCKG-phyTDvi9_xFT3PEr5TIl-PVBKV0IQCsd33K2ZV-dGJL2YK7XlKZVMiwIrdXQ,Angela Foster,https://play-lh.googleusercontent.com/a-/AOh14Gg_iul1naaDpO1EtLbdRReEanPSlcvbzi2z_ChvlA,I really love this app...I only wish it had split payments...this addition would  make it awesome!!!!,5,0,,2016-12-19 18:34:02,,
gp:AOqpTOHcAtPDcGCPSrnxqUFBTR_krmVarwWohle2FZh_BOudt2xIUHbda_qD-WZmgASlDtSgvfn874WUD4APPg,Michael Watkins,https://play-lh.googleusercontent.com/a-/AOh14Ggn8EcDiz4QbapqaOVZrvBGMf1yJBFS4ZfUAjHTwr4,I need to be able to have it sync with my wife's phone so when a bill is paid it updated on her end. Right now we have to backup and restore and this is very cumbersome,3,1,5.0.1,2016-11-01 08:00:40,,
gp:AOqpTOGG0qLVWploRm-bA81j6pavIwHrHdosApQZ-t7YWS1xfN4JrzkfB0RZs-PTl1y63FU_q8bQCd8B2HJT4Q,A Google user,https://play-lh.googleusercontent.com/EGemoI2NTXmTsBVtJqk8jxF9rh8ApRWfsIMQSt2uE4OcpQqbFu7f7NbTK05lx80nuSijCz7sc3a277R67g,"This is exactly what I was looking for. Easy to use, budget option, multiple accounts and easy to transfer info to other devices. I really like how it doesn't link to my bank account,  I don't trust those apps.",5,0,5.0.1,2016-10-28 19:11:27,,
gp:AOqpTOHzUI4LyOn0OJymBdvQEt3PJQFVVepX4FCK0OrQje5C3VM9_JPETUNud-vjK2bLAO4djpgjXeNk79z8Aw,Judy Sibley,https://play-lh.googleusercontent.com/-Qv3w491uhns/AAAAAAAAAAI/AAAAAAAAAAA/AMZuuckf5nTag9MgrdsNAw_sZvh8tf46MA/photo.jpg,This app keeps up with my bills and payments just great.  Just wish it would accommodate multiple accounts.,4,0,5.0.1,2016-10-27 08:47:39,,
gp:AOqpTOGdjqRglpqQhSDCGMcro_mgNVAwmigB_g-dWfUH_zOokPVK-x5IxW4T-WNFLj_MUnLeFGtY4WJJWWu-EA,Joy Foster,https://play-lh.googleusercontent.com/a-/AOh14GgKdFb1Bm8my571sqOH0WpcN1K6aHqG_XQjxoWa,"Love this app. I would love to see a font  adjustment, it's a little  too fine. Also having a partial payment option will make this  app excellent. I have tried many budget apps but I always come back this app.                            Thank you to the developers.",5,1,5.0.1,2016-10-25 08:27:59,,
gp:AOqpTOGhnWMst3Gd2UByyZS0QLQCe7KtaqK-wX-NDwwFODiyFyDdB_RF73EUoKtXwHmOH8fTSmcilQX9YPs9eQ,The Drummer,https://play-lh.googleusercontent.com/a-/AOh14GhoK1gW3E6YZcjoxno-mdTDsF1EMVc4zEZW7DsylMs,Works very well with my Samsung Galaxy Note 7,5,0,5.0.1,2016-10-14 04:36:28,,
gp:AOqpTOEG11QW84AB7CMvuKJC6w1HIoPviUUaJjZ3kHwFvuNMAq85z6LWaxsD04-tt0XjaBMf0D3Pq0BMD1ZTLQ,Ngaree Ah Kit,https://play-lh.googleusercontent.com/a-/AOh14Gi0yw5M7OKkg6UOAsLoSEYaH5HbmBsvpicWk0-F,What a great app that helps me to stay on track with my bills.,5,0,5.0.1,2016-10-11 04:02:17,,
gp:AOqpTOHiS-e90G-dg7UT1z1VXAvDOY2xUwCyNhNzNdnosEVbVUUG92gkvd-sPypMw_ojRXRvZDF6WZV-FFfQ2A,Carolyn Harris,https://play-lh.googleusercontent.com/a-/AOh14Gjlh3wnBJdTlRlhISqVDfihwTWVCrF8Z5FVLCHA,Excellent bill reminder app.,5,0,5.0.1,2016-09-16 08:03:42,,
gp:AOqpTOF4PCY8iobzz1PDD10P-RNhMLTBLnLgG6HZUwW7V4-IIrg-syQlp8V3DGZVLGs4jJiywafraaJFT8XNAQ,Jacob White,https://play-lh.googleusercontent.com/a-/AOh14Gh1iORYlAGT7nKP38iCd-8cFzornLhrHARbey1u1g,Intuitive and simple design. Yet powerful and versatile. Best thing about it.... Devs didn't overload with a bunch of crap!,5,0,5.0.1,2016-09-13 10:22:35,,
gp:AOqpTOGn0BMNxkplewB2jLrU3oBKgXcVwiOPp17wWW6kfOKCawmD_MOJ3VJ7SbfmI_-PjSbzdWP_s7Gw5eKAMQ,Bash Baddong,https://play-lh.googleusercontent.com/a-/AOh14GjcgKVsaOtQXIs7BD-IEZLpe9xJtD7bsLS62EE1bQ,Great app,5,1,5.0.1,2016-09-12 06:18:48,"Hello Bash,

Please contact us by email at aa3apps@gmail.com and we'll be happy to assist you.

Regards,
The AA3 Apps Team",2016-08-24 08:38:25
gp:AOqpTOEtO7w_xyBno_C74ESoSbDNEcSlejCr_WZWapRmRW1CkldnkIdJsj6Zn_EXzY8WlEZWQd6H2_hmZjf9ng,A Google user,https://play-lh.googleusercontent.com/EGemoI2NTXmTsBVtJqk8jxF9rh8ApRWfsIMQSt2uE4OcpQqbFu7f7NbTK05lx80nuSijCz7sc3a277R67g,Had something similar on my iPhone. This is great. Just miss the ability to tag but it's obviously not a bf deal.,5,0,5.0.1,2016-08-28 10:18:45,,
gp:AOqpTOE4hT6UNTxwyGEOa4rrCYyrI73kylB45KhgaTy1oSmsy6L5MNvlsCVzNQpePCgPSdE-njwBk0bR_bSztA,Hanover Fiste,https://play-lh.googleusercontent.com/a-/AOh14GifJDmbwVJw29r6rxPbb-Po382n9hRJHneeTu0gAg,Has everything but..... I wish the developer would bring back sound notifications. Otherwise everything works great as advertised.,4,0,5.0.1,2016-08-20 12:05:04,,
gp:AOqpTOGfPqvFb__HSpYD3PSsUSG8nOD7jGpvpecVrsc6rudYFxl-wl5HnVRi4dW2zpTWswRaKQMj8ffM-h_GSA,Andrew,https://play-lh.googleusercontent.com/a-/AOh14GhB0aEqEJJuuZTS79LteImKELuzllJDklEbbFbR_g,"Love it! This app helps me manage all of my bills to pay on time, and also keeps the records I need in order to look back on what was paid. The Dropbox daily backup has also proven to be a lifesaver. One thing that I wish this had was a dark theme! Then this app would be complete. Good job on this one!",5,2,5.0.1,2016-08-13 18:22:08,,
gp:AOqpTOF52c04vJznyLebrvemcVJlXmE9PL18NgWlAegWmLiEISlTbNjpSEA0D2XsqE7fYk7ulREAmsDoxqkRrg,Fancystitch,https://play-lh.googleusercontent.com/a-/AOh14GiCtE2_PQTiSpXjqYzFu7SqJNf5kBp-1BckOllP0w,"I have been looking for some time and tried several. This one is the only one that does what they say it will. Luv, luv, luv",5,0,5.0.1,2016-08-05 15:17:34,,
gp:AOqpTOF0Y9o0LXTTOV7S5D1G2yAKHnT1Np08oHvGqEB62JCffOclfYCMHU7ijlNgP-r1lJ5PZ_g6xvbxkby7ZQ,Ana Aguirre,https://play-lh.googleusercontent.com/a-/AOh14GiFdZ_zSSx3ClF_UTQ7-weX_cbZudSOJH1z3-Gn,"This app is the best one yet. I wouldn't be able to function without it. It helps me keep track of all of my bills, and I love the customizable reminders that you can set for each bill. Great for keeping your credit score in check.  No more missed or late payments!",5,0,,2016-07-26 10:52:17,,
gp:AOqpTOGt-bGvPk-mghbL6b4qV0tclsRzLUnjGSt0TXR2XP8599v6YWqGR5AadTQ8pamIwjnfbkJXkDoTK-9EMw,Onkar Kainth,https://play-lh.googleusercontent.com/a-/AOh14Gi83Vg0MyiI0rxCCyCmsH7S92yGbdREyx6uF3K6hA,Good App,5,0,5.0.1,2016-07-20 06:22:07,,
gp:AOqpTOEkoOdkSaXXzyT6rapb143yZ4je7BDh7vzHAj2sb3U-KcXkwol0geBfaBVqIp9y6OBzsRJYasX2ZPoySA,Tony Buffone,https://play-lh.googleusercontent.com/a-/AOh14GgJypAqoDwzdO4qknPo0B3wtCfK9q6WB59-R5RnZw,No issues here.. All good,5,0,5.0.1,2016-07-07 08:58:50,,
gp:AOqpTOET9RH6CBxq1v-Xav40DWSMvrT81s9B-uuob-0uqS-Vukpj_crZvengzorTZiO4X9KUJQeyHDDHny6TBg,Justin Clark,https://play-lh.googleusercontent.com/-vdwQkCT0Tls/AAAAAAAAAAI/AAAAAAAAAAA/AMZuucl8ZZ0WLhTj6_HGPPWZSQrDok7MiA/photo.jpg,Everything I was looking for!,5,0,4.2.0,2016-05-31 07:50:22,,
gp:AOqpTOFCjQ02MKvcdb_xqSNUf4rbrsFXMsEsq5tl8VRBALA7dHvZONgW3XUYykipR1DZe8glv6C1Iu9cOMUwpQ,Najeeb Jaberi,https://play-lh.googleusercontent.com/-m5kAUwHw3yc/AAAAAAAAAAI/AAAAAAAAAAA/AMZuucnHR8CUNHq-rVuEBJiMh5o5ax3HEQ/photo.jpg,Good one,5,0,4.2.0,2016-05-14 05:52:21,,
gp:AOqpTOGmkehZpw5U0fxOUMs-p6Fxvl7drXmGihXtZ-FhIRmZfiORNOvhSOMYdUFtWBirTyqtjSOAonDY1Nnefg,Janet Melin,https://play-lh.googleusercontent.com/-1l0ioFvnslU/AAAAAAAAAAI/AAAAAAAAAAA/AMZuucmDGgHvHdt0coMbC8PH5ABOIW0Zaw/photo.jpg,Best app for keeping me organized with my bills that I've come across. The best feature: when I change to a new device - my data is backed up & restored - and I don't have to input bills all over again.... Thank you!,5,1,4.2.0,2016-05-12 09:06:06,,
gp:AOqpTOEF7jH4Wil1nlbNMSbjSGDafUIK_rsqjR6AhEZaGC1YlvgyCQAGga8o8ob9P0yfI9p__zq5n3SHp1dK8w,Keisha N,https://play-lh.googleusercontent.com/-J3ciZG0YAZs/AAAAAAAAAAI/AAAAAAAAAAA/AMZuucnPUbGI6sbW35P95Wy0tqNh8nLqVg/photo.jpg,That you do much. I can keep track of all my bills and it's easy to use.,5,0,4.2.0,2016-05-06 17:31:06,,
gp:AOqpTOEL09PsFyao3m28s-Jmj4hUAud4QPFeV0jN1nf8gWZJ8UcMbWR8PGiQZBJvYTbdVYYnwR7A9ANnsVjcxw,Tamer Raba,https://play-lh.googleusercontent.com/a-/AOh14Gh7fFdsqD9gTmxwMonehwjUiRP0PNr2s9qabrGpfQ,User friendly. Effective,5,0,4.2.0,2016-04-19 10:31:39,,
gp:AOqpTOF261wvemGk6yCHHe1BIZkB-h4rRlr1jZAGLSu3uckEoNM9AoMpO3srjRhydfr5mcCcDHpv1V1C9SjueQ,Sophia Salas,https://play-lh.googleusercontent.com/-PG7SC8jK7tA/AAAAAAAAAAI/AAAAAAAAAAA/AMZuucmBtgWMv3zh5BzO2n8_Kbpdk1Z8Cw/photo.jpg,"Love this app. Keeps me on time with my bills. A life-saver, thank you.",5,0,4.2.0,2016-04-15 10:15:53,,
gp:AOqpTOGYlGhzGtsete1WHQeHQ0IVRCutlok_H2v11hDmvF5qiTdxTWoF4v6I07FyErVCz1_KyQFSm2B5LSWRAg,Roy Calderon,https://play-lh.googleusercontent.com/a-/AOh14GicnVis9zO7PW3FUiV0Dz_TqdmKDz09pfdS9dTDuw,Very bills app,5,0,4.2.0,2016-04-15 04:33:06,,
gp:AOqpTOGLcFlQXbGXXQOAFUnmzurDCKTzEUEmK931a0x05i8BfBcRdXuHF9T1bJifdwmY3eExDzZAVYvL-W262Q,Ray H,https://play-lh.googleusercontent.com/-8tv2NzSy450/AAAAAAAAAAI/AAAAAAAAAAA/AMZuuckZv2A_RonG34v9D_-q_GV_unEpcw/photo.jpg,"This is the bill reminder app that puts any mind to ease. Never have to think twice on when what is due, this app is pure excellence.",5,0,4.2.0,2016-04-08 18:47:29,,
gp:AOqpTOEst9bQWQhx-Fgb7-yzHQTlQwCU-r-_U8A2t6roatNtt0lq116c9w9srNS0JLdc32SWJJskP9fUPfDE7Q,Tysetti Dqueen,https://play-lh.googleusercontent.com/-VtrI5LWdV9M/AAAAAAAAAAI/AAAAAAAAAAA/AMZuucm2dB-GnQe_RzSqio8TvoYFWmj2ng/photo.jpg,"GREAT APP I stand corrected! Works great, I love it! Had to take down the negative remark and give you 5 stars. My apologies! It wasn't the app it was me😔 I figure out know to adjust the setting 💃",5,2,4.2.0,2016-03-16 07:45:44,,
gp:AOqpTOFjZ6Ojo9XQU19eUfbhLPBorME3bEom4QsGb0lfvKzqveMKGGkGenmMrgpBfsX4aJUZ112d5wmp9jg4ew,"Bryan Knox, Child of God",https://play-lh.googleusercontent.com/a-/AOh14GiKcF7gRnyBZa09uNV2PMrKVQomhp9Lof63BRzFow,"For some reason other apps creators think more is better. I feel not so, simple is better. Which is why I choose to use this one.",5,2,4.2.0,2016-03-04 04:00:07,,
gp:AOqpTOFr2ha5G2Zl_8wL2_DOeinSJbyQYFasE6BFZZySIxbfGb3rDxLZHRR0sDjaCrMEknH9cUZgnAl6xKsLeQ,Sreekanth Reddy,https://play-lh.googleusercontent.com/a-/AOh14GgyREtCts-QlwyonmSDLPG1g4mmrdI32Y0jRoDOxZk,Nice,5,0,4.2.0,2016-02-27 14:58:11,,
gp:AOqpTOHiLgdNIKDkpjfMCOZLfXcSSpykaEpJft4PA0dpcPrISztbwjKfXBd6L697uFOVuNHjivTP2_wS-nzCnw,J Flow,https://play-lh.googleusercontent.com/a-/AOh14Ghfs-GXy1aul3MsEeeGqhnFp3dCf3DdkVr0dMf9ag,"Exellent app, I love it",5,0,4.2.0,2016-02-02 09:59:29,,
gp:AOqpTOGCrmPrL_HSdBhP2QMX-Tf1jUw41R_dKG7V9Z6V5mUrcU-cNftI78jD5TbuWRM0S7S0X91zfKO7ASY16g,AKBAR AMEER,https://play-lh.googleusercontent.com/a-/AOh14Gg--NVrAp9hC4Leq68JJ7d2ggATSSQVTGzGgq419S0,Pls develop more options,5,0,4.2.0,2016-01-19 14:07:35,,
gp:AOqpTOER9VK8w1Ou5b1CbmPDLtWEdk0p9i4aGk7-0Uip41qy4QjvptzCVvYLAIi5nLulcWxs8sGJhle2TkiADg,Mathew Samuel,https://play-lh.googleusercontent.com/-5-BNJn6M60E/AAAAAAAAAAI/AAAAAAAAwlE/AMZuuckcK0P40BS37jouv2DBMivUG05vaA/photo.jpg,Awesome app! Does everything I need!,5,0,4.2.0,2016-01-19 09:31:12,"Thank you Mathew for the review.
[Edit]
The requested features (auto-pay & the ability to set no reminder on a bill) are now available. Please upgrade to the latest version. 

The AA3 Apps Team
",2014-09-10 08:16:17
gp:AOqpTOG7lDv87eorII0Mb4HjvFbRfQrdcWMELZBmvdtNOyHvYZVKj-4kFlLt7QH69B-EzZJV3UiUa4vZ06zxFw,George Ingson,https://play-lh.googleusercontent.com/a-/AOh14Ghkrm1Ohy9dAgyNuE68suwDsxavhS6ajhy5d8t4sQ,Simple to use.,5,0,4.2.0,2016-01-18 07:47:56,,
gp:AOqpTOH9GAVcDkoKOAVV5lDXTZu7Jf_W8RNrNTyaYueJ6WxfmN3LIi07Dko0XGm2eriATCSWwIu7BgG4lGrgpg,Sara Nicole,https://play-lh.googleusercontent.com/a-/AOh14Gj6KXGhows4rjVvuZitIC9zUBp-4T-Oph-5M2QV,Really like this app so much so that I just realized I've had to pay for it twice.  😕,3,1,4.2.0,2016-01-08 07:39:34,"Hello Sara,

You should never pay twice for the App. Please contact us at aa3apps@gmail.com to help.

Regards,
The AA3 Apps Team",2016-01-09 19:54:00
gp:AOqpTOE34sZe-GJJFcjSjnGNDTvMseOUH9-a_TX90_oELZTvqyeAAeu2klZNowwMgJ8CubhbUH0tPqVEjS16qA,Nick Farahat,https://play-lh.googleusercontent.com/-OZQUN9uV1eY/AAAAAAAAAAI/AAAAAAAAAAA/AMZuucmxh8LEspYW4pNQf1jMcqnfun0_5g/photo.jpg,Great app. I tried so many apps free ones and I paid for three other apps but this one is the best. It gives you all the options that you properly need. Keep up with the good work.,5,3,4.2.0,2016-01-02 22:08:32,,
gp:AOqpTOEpYGSpbUj5zklO8Y7HtVJWfFgW_UJKB7ckrzKI3p0Y-7ru5MQEm6bADBNJCfVUJ2kslOMzuyzAl6ug-Q,Parag Dake,https://play-lh.googleusercontent.com/a-/AOh14GjxQsTFL6AsqQZjLR4Xvn_sSiQitK-cf9ph0Vkr3Q,This app is very handy to keep track of ur utility bills,4,0,4.2.0,2015-11-24 08:30:59,,
gp:AOqpTOGXuFPeR2pk3gqgIMDsII3LaDu0HWeLXCJGi2D0QmKYO4vzIcnZ3SG9u_AiS8IQ54ft7q4tV9K_o8cttw,Robert Wooldridge,https://play-lh.googleusercontent.com/-Rla-4edDXfc/AAAAAAAAAAI/AAAAAAAAAAA/AMZuucncti92YcvyJ69VIpgXY7Sz2nfNBw/photo.jpg,"Great App, really helps keep on top of your bills.",5,0,4.2.0,2015-11-16 05:45:12,,
gp:AOqpTOEtabNpgbwdesAtvxTSL0pNhCx58T5yioB54uac4141WHrH2boXsDjJT5Vj-EK-OPgG8u2t73CiGOG2Vg,Nirav Patel,https://play-lh.googleusercontent.com/a-/AOh14Gg4N5Rn0YcuQy8BFiylrjlxVE93zWQ6U3-us5Zi,Five stars to this app now that restore option really works.  My previous comment:  I would have given it five stars however I recently changed my phone and I tried to restore the data from the backup and it didn't work.  So only four for ease of use and nice GUI.,5,1,4.2.0,2015-11-09 08:48:00,"Hello Nirav,

We just released a new version of the App (4.2.0) where we upgraded the Dropbox API we use to backup/restore files.

Please update your App and try it again.

Reagrds,
The AA3 Apps Team",2015-11-08 20:35:17
gp:AOqpTOGZ5yPHkkfqybHDuOynSCKZ9BEaF36MzN7gGYLpSfM011RLAbwYSUs5X3n_RBBypQLdVaObqsun6t7Dhw,A Google user,https://play-lh.googleusercontent.com/EGemoI2NTXmTsBVtJqk8jxF9rh8ApRWfsIMQSt2uE4OcpQqbFu7f7NbTK05lx80nuSijCz7sc3a277R67g,"Does exactly what it's suppose to do, and does it really well. I really enjoy using this app.",5,1,3.3.0,2015-10-15 19:19:22,,
gp:AOqpTOEmulNaIcus_bXd2QaS7GTbhsqmPJe5NMCfXgf_WyxIVIjstQVy-ADKc72ZgZ1tKBC9CFi-eryrvPN6Ag,Hector Gutierrez,https://play-lh.googleusercontent.com/a-/AOh14Ghnh9X0TSiQxZyeYcxkms5rE_FcRCQjSntYmC6z6Q,"There are many applications for paying bills, but since I found this application, I have have not changed to any other.  I love it.  It is simple to use, and it helps me to keep organized.  :-)",5,0,3.3.0,2015-10-02 10:54:32,,
gp:AOqpTOEJk2bcQhQXFxoL25bJ_T45KK-doq4kII-qe-MVGPA9P_WUK7FPHfTKrN9dytZMFXG2yseVb8W-0rCZlg,Darkest One,https://play-lh.googleusercontent.com/a-/AOh14GhhhC4wVYXOOqWImHikaVYMBB9uAkghgC5zfd27nA,The app work like a charm but if you format the phone without doing a back up you will lose everything. The auto back up to Dropbox does not work as intended. If you format the phone and select auto back up and restore it does not restore your bills you need to go to Dropbox directly and remove the last backed up file.,5,1,3.3.0,2015-09-08 21:47:04,"Hi Edwin and thank you for your review,
[Edit]: The auto backup and the manual backup/restore to/from Dropbox features are now available. Please upgrade to the latest version.

Thank you
The AA3 Apps Team",2014-09-10 08:14:01
gp:AOqpTOGAFsXebNvRI1LLJEA4CheXduos6YrUUmlfjPwtdxKymd9tvKc2i3Eija6mas8sINkHYK5tqaxiOhnz9g,Sha G,https://play-lh.googleusercontent.com/a-/AOh14GhmpJDi2u0pnAyUopXZ3wbGQQqy5uiH8GKZfUVIbWk,Love it,5,0,3.3.0,2015-09-05 05:45:19,,
gp:AOqpTOEIyg5RzLGDetcTEP9pt3lhWWmNsyiujekuheJPZLEhVdKcZPwE8yIYgBTVNXwuMiHH5joBfryqHuK5sA,Terri Walton,https://play-lh.googleusercontent.com/a-/AOh14Ghg1pkyyyBm4QSXj326A0AZvQENQkZm-W1L44B3ZA,Saving me some headaches,5,0,,2015-09-01 10:55:42,,
gp:AOqpTOG6YONzMmHr8B_MWpxq48qauBjex9vTsTsWXsRlLNBM4Uoff41FfhHexnX-y4TsRjF5OcvgYPJV_xpa_w,Justen Scholl,https://play-lh.googleusercontent.com/a-/AOh14Gh33UzwkSpzn3UeTLV335dpY3JjnVWC8FZv5EoCLA,"Easy, clean, reliable",5,0,3.3.0,2015-08-26 06:29:39,,
gp:AOqpTOH5SnFCzhhCxtR66XuwkHCRcjGAcqF_az1eE0t42_ArtSQxCRzV7ZaBWIqhoHiWGWEa1EbG6lBXGGWOlg,thomas Donkoh,https://play-lh.googleusercontent.com/a-/AOh14GiOuaqoC6wgHGlA-0wxIF5ZgR_NjPJk_jsc00gg-A,Nice to have,5,0,3.3.0,2015-08-21 01:53:46,,
gp:AOqpTOFuZpnFHR5mJmrJKdfMyThafuhyfB5KtLRVQ7UXLfsn3z5Z728Y4AgM2KcMqXjLk3GyBYq6rS3jBFv50Q,Bruno Browning,https://play-lh.googleusercontent.com/a-/AOh14Gjdn1oLK3guI2e3xNL3zUe4ii7Z7bt7mBLdz27-TA,Bought it therefore I'm happy with it ...stop asking me to rate it.,5,0,3.3.0,2015-07-29 05:23:45,,
gp:AOqpTOFGUVTmZWwhcXKaViiXZ1KPN9pls8J1FMiDW_sncL-ZiDWk36HxeV4hEkLMsvnhoXlkDOGRhvBK45QFrg,glock19er,https://play-lh.googleusercontent.com/a-/AOh14GhfM25m1Mq7j7Glky0XOrQB1tr9kT4fDrQb9wvVUQ,Very easy to use! Worth the small price they are asking!,5,0,3.3.0,2015-06-20 06:33:25,,
gp:AOqpTOGx6OXdcBUORpvOBrDOdcyf3z0-YgPdvesQUe1g8SkzxtaQPd0jXXnFrQttUJxcZosl0NAtXp_W6aCrZA,C Westy,https://play-lh.googleusercontent.com/a-/AOh14GiaYZnfPpdb4Odwj-yh4wyxWDqBDc9Zi49rym1b,Is there a way to change partially paid bills so they come up first in my list. So I don't need to scroll all the way to the bottom of my list of bills to see them?,3,0,3.3.0,2015-06-11 17:54:00,"Hello,

You can use the 'Paid' view from the left menu where the partially paid bills are listed in the top of the list.

Regards,
The AA3 Apps Team",2015-06-15 10:48:16
gp:AOqpTOFg58DHVZrDP4Cpa3Bx3VFqjTavpYGTUOuhbkRpy2S7s_uJnPbSoWzcEjisMKZ7EM1WdKiqQn3-Nx3Riw,Mike Rivers,https://play-lh.googleusercontent.com/-iEClcpCT06w/AAAAAAAAAAI/AAAAAAAAAAA/AMZuucl5tMEWE1jC7OTl18tMNJt9PGgGww/photo.jpg,APP did not function as indicated in description.,1,0,,2015-05-24 06:52:36,"Could you please tell us (aa3apps@gmail.com) what is not functioning as indicated in description so we can help?
",2015-06-16 09:49:34
gp:AOqpTOF-pabKYvaEQ8MiojeGJwcERNhMgvM-pERgZleKYGcbB9D9BhByhcNn_D2gnlR5koXeG4PkYbn8bOHRWA,Aida Gray,https://play-lh.googleusercontent.com/a-/AOh14GhhdkTb8uBAjmii_Xd2cKKaqXkvXulgX_igL5oUQw,Bill paying - made easy! Really! I like the repeat option for various number of days schedule. It's a keeper!,4,0,3.3.0,2015-05-17 21:22:07,,
gp:AOqpTOHndxT1DwPqLFSZbyCdqnJNre9eA8MzMY6wornlevL2tLcX5yrfrSbzV7LVDdwZ5vDkDGQpW6XZKcHA1Q,Yadiira Azpilcueta,https://play-lh.googleusercontent.com/a-/AOh14GizrFvzv0XwHrZFQjpSEyD8GZ8nfqtr_RLJXCUfqw,"So helpful..exactly what I needed..keeps everything organize.so you dont have to worry about forgetting a bill..best thing about it.. calendar view.. its so helpful !!! I've downloaded so many apps, no one has that type of view. In general.. I really like this. So simple but great.",5,0,3.3.0,2015-05-02 03:23:00,,
gp:AOqpTOGLkVysS6-9DUJjxoo11UTrDJ6xCH05_ZFDPSaYPqnSAW4zAagzGjuxKYEylI0sSp16hs0e7qHnMhcXFA,Vera Edwards,https://play-lh.googleusercontent.com/a-/AOh14GjKdSrWBw072-2ZEbZLl_4NROSmmxDk_zbNwqrCdg,I've been using this app for about a year and it is easy and  convenient.,5,0,3.3.0,2015-04-28 06:18:07,,
gp:AOqpTOH8tob_12DRMVhkxC1sf1GzqBlfbG_EWj5OvNz4ctz8hrxYrZDlKcht-cOfEiRWwibeiyxi4Ogr6rpeTg,Howard B Crawford,https://play-lh.googleusercontent.com/a-/AOh14GiLD9vWAe-k_PAHixxnqj30wHdylFZQX3O57ae4eg,"Downloaded app to multiple devices.  Once I backed up data to dropbox, other devices are not able to download the data....not good",3,0,3.3.0,2015-04-24 15:26:42,"Hello Howard,
Please contact us by email at aa3apps@gmail.com and we will be happy to help you.

The AA3 Apps Team",2015-05-11 10:38:13
gp:AOqpTOHNlCBo8jD3QrFW2Pl1Oe3tByxB5BGpDx7eQdvKKif096x9LGtzBKx8j0wER1UFVPkKN8IFBjHaqle_1w,Terrance Bragg,https://play-lh.googleusercontent.com/-2JQtzylKC2Y/AAAAAAAAAAI/AAAAAAAAAAA/AMZuucli_F53ShH90gaH9dsqhD5n7FvDrA/photo.jpg,"I've had the pleasure of using this app for over a year; with the recent update it's outstanding. I would highly recommend this app. Easy to use, easy to modify, and the price wasn't half bad. Worth every penny.",5,0,3.3.0,2015-04-24 09:57:08,,
gp:AOqpTOGDWfVIm_7pymKJzPdLJyzJEm3Babi0w-LJPW10JEIgPrHd6XXlOua4zP6X7CIjo1zBNCkvTizUj2fwkQ,Stephen Rodriguez,https://play-lh.googleusercontent.com/a-/AOh14Gjj5YirQkBqr3j69QYLIXbkdIVIwPNlLAAdhw-Dxw,Work just fine.,5,0,3.3.0,2015-04-21 08:11:19,,
gp:AOqpTOFOYgHFxV81skQCDSpDEZtZrxI-T-Qo2-3NbxutMsf-Gy3kA8yo44AOw9r4oeExclavZTa5bbMvgGefKg,Vitor Santos,https://play-lh.googleusercontent.com/a-/AOh14GjP7COC5-9NXMgLmFQy3UTh7V1sSYXqfX8TnX2Q-g,There are many bills reminder apps on Play Store. I looked at around 10 best similar apps and Easy Bills Reminder is the winner. It excels both on visuals and features!,5,0,3.3.0,2015-04-17 19:45:51,,
gp:AOqpTOEdk-PRO9DfPbMnNbSnxpD6_QV4ZkvE-gs7ql5IdvJoTtu6yBRhCLqKRCIfuVoLPofxWZkhg6M3M8tLsg,Mohsin Mirza,https://play-lh.googleusercontent.com/a-/AOh14GhHI_1rowVtlW2mJy-CQUM8oFfRNKnH2iztle5crw,Nice. Helps me with bills and reminders and tracking,5,0,3.2.1,2015-03-08 20:12:31,,
gp:AOqpTOH0GcdDmnEtMBGEhEFByYIWc7WZSXGHZf-DchMR1eOX7EY7U5nKwzzGc5lysC5xSlGEOGpTEjrVk1gqYw,Peace Quiet,https://play-lh.googleusercontent.com/-kPuw6qtEqoM/AAAAAAAAAAI/AAAAAAAAAAA/AMZuucnlRCb2-JuQnLNWQAgR8IueBs6B2w/photo.jpg,I like this app. It does what it states. Its simple and layout is perfect. Thank you developers. Keep up the great work. ☺☺,5,0,3.2.1,2015-02-26 08:56:39,"Thank you.
The AA3 Apps Team",2015-04-11 06:59:28
gp:AOqpTOGsNWLCIobshq2kkDgbkFs5VtIbRM-MSjETGEOAA7hrtGEHOhdkAnuM4AZktUzmMmGYtRAh09tHXI13yg,Mehul Shah,https://play-lh.googleusercontent.com/-QZG0ACztZ_U/AAAAAAAAAAI/AAAAAAAAAAA/AMZuuckqKQ0eAyKN9Hl84RZSyR258_stmg/photo.jpg,"I purchased this app as a replacement for the BillMinder app that's also available on Google Play store because there were several issues in it.   I am finding that Easy Bills Reminder serves all my needs but one; and that is multi device synchronisation. With the previously mentioned app I was able to keep all the bills info in sync on both my android tablet and my phone -automatically. Can you make this possible with your app via the Dropbox or Google Drive account? This is essential when not carrying the tablet so you can still keep the records up to date via the phone or view the info if required.   Also, I tried to restore the data backup from Dropbox to my phone but nothing happens.  Please advise how to restore data from one device to another using Dropbox. Thanks.",3,0,3.2.1,2015-02-22 13:06:17,"Hello Mehul,

We replied to your email.

Thank you,
The AA3 Apps Team",2015-02-24 18:58:03
gp:AOqpTOGHF0GVsutSkVbw4r42buBducfi57zmsjNsVWavHt8_w9bTFUtxfhsmd1Z6NXi8sXdEBQlvQO94u0HfeA,Richard McCullough,https://play-lh.googleusercontent.com/a-/AOh14GhzK3N_9haCf3CU6Uuz57HpqF32SItY9KzP2Le9,Very useful,5,1,3.2.1,2015-01-31 07:16:26,,
gp:AOqpTOFvFzomEvFPXB4So2uxxlPW3s_fRT2qVg049ELUjXYt6NzE1nceuIJEZcigVj1Y8Az6PBZthhCJuTrhKA,Bettie Ruark,https://play-lh.googleusercontent.com/-WBDPh85WuXk/AAAAAAAAAAI/AAAAAAAAAAA/AMZuuclW40td6vVye_xbn2ToJzSC6088GA/photo.jpg,Great app but would like to see running balance.  Have to do that separately now.,4,0,3.2.1,2015-01-28 03:37:17,,
gp:AOqpTOFtmIbR3qdJ1INfgpeShJR0PA9RtLdGpDStuBdqlGhgFNWF22JfFLpBaLSOBF5rKUkGCQyjRmkKCsQWEQ,Rick Vincent,https://play-lh.googleusercontent.com/a-/AOh14GgsQXmUfmGrOYcsu0G47PhF5tjZqSNCPg5Xxm0ISxo,"Works great. Have the paid version, worth every cent. Always have my full bill sch. With me, easy to set up and use.",5,0,3.2.0,2015-01-05 05:34:42,,
gp:AOqpTOE3m0UtIojWy4_IkB7cf2VxtF2rQwoYUQn7RtJPa-7gXdntQRPWBpiS7mYyBmoOa_2SfgX_D2JSobHRkQ,Douglas Rogers,https://play-lh.googleusercontent.com/a-/AOh14GgPuknmnGujeP1Ourk6Mb3_cEvGfyCJ0Ht2kqzmnQ,Great!,5,0,3.2.0,2015-01-02 15:10:40,,
gp:AOqpTOFDe9WnS47ug_QfkUAYt46rzJNMU5ztsThd7vy9n_aM_pqFwVEHbpLS39i2slanw4PqAq6sfCC6UMCHRg,Norma Arnst,https://play-lh.googleusercontent.com/-9v-qiIqkstY/AAAAAAAAAAI/AAAAAAAAAAA/AMZuuckuvNUyJQzA9KCt3I-6rRG2-aBBgw/photo.jpg,This app does everthing I was looking  for - can keep track of all my accounts every month - it is easy to set up and use.  I just love it !! ☺,5,0,3.1.0,2014-12-27 21:29:04,,
gp:AOqpTOECSVbUshmsj_QNxwFEwC-AVJ7gXeanlk1gmaiXOcwg7czEcpruk18gk2t80pHKvln4XOzpkUz1rFjREA,susan alvarado,https://play-lh.googleusercontent.com/a-/AOh14Gg3ePsNfRMRvvu4ezyj79J7Lt4g19SQSWqG9tjNvw,This app is easy to use and I no longer am late with my bills.  With our busy schedules we sometimes forget to pay a bill or need a simple reminder to pay an upcoming bill. This app does exactly what I'm looking for!,5,0,3.1.0,2014-12-22 07:06:35,,
gp:AOqpTOHO4JD0oX7r4AY6tx0XAf4ZxyyVXX8xkitInoPeJWBcisF-T1082toBXABKx9I-1SX0xanvjNFyXhYF8A,A Google user,https://play-lh.googleusercontent.com/EGemoI2NTXmTsBVtJqk8jxF9rh8ApRWfsIMQSt2uE4OcpQqbFu7f7NbTK05lx80nuSijCz7sc3a277R67g,"Exactly as described. Great app to help me keep track of my bills, etc.",5,0,3.1.0,2014-12-10 18:01:48,,
gp:AOqpTOFdwbEHQM3IfzEf1iu23LvEFuGLRXK5csEII5avW_7rRnIwiG_A2F5u3L16__IdkPlJMLGmgd9cZ6rfyA,Tammy Yzaguirre,https://play-lh.googleusercontent.com/a-/AOh14GjSsLIodcMKc9vKh3R3Rtn1b5ot8vw0Ha-3579bWg,Great app! Very easy!,5,0,3.1.0,2014-12-03 05:46:48,,
gp:AOqpTOHC27ZtsvAGB6KdZ51JMSnBkgla_VB2v-KEtJmMdH69JuqVpuxLtkznr96OJCJ_hiOGJjLS4VZHU55_1A,Raisa Hernandez,https://play-lh.googleusercontent.com/a-/AOh14Gidfd2V9EtDSn7oDXYpLjv3JXJMQIvFZlS_p6edgsY,I'm coming from iPhone 5 to a LG G3. The application for iPhone was great (called Bill Minder) but isn't so great on android. I saw this and it looked pretty similar. I live it better than Bill minder! A must have for those forgetful type folk (such as myself) 👍👍👍,5,1,3.1.0,2014-12-01 09:25:01,,
gp:AOqpTOF4OU0Shc8VHowYzSAHhIBmtd3YD-uSWrH5Y3udBgrS-UloclGp_DhhXvPX37RQ9cZVzrGV1XjqeyaFGQ,IQRA FATHIMA M,https://play-lh.googleusercontent.com/a-/AOh14GjAf6iAtm3skFM1GvFqp1PnTP1Zvc1jJn_VlFFXbQ,"""Easy Bills Reminder""app is very effortless innovation.",5,0,3.1.0,2014-12-01 08:53:05,,
gp:AOqpTOFgUjD0BkKMoGSnv8Kc0IW3MWpPQRdzyEZSF2Hy4uPtsyDcG-zcLn698Be14Y2SIWiXgLEKta8XHX0zBg,boykin nette,https://play-lh.googleusercontent.com/a-/AOh14GhWzNTX_V9s1rFwHnyIhRMjdkG_39jU7m0EDJxCYA,"Justt what I was looking for. An app like that of Bill Tracker, which I had before my switch from iPhone. It allows me to see payments and be reminded when they are due.",5,2,3.1.0,2014-11-07 14:09:27,,
gp:AOqpTOFzutODdYtjc8T2tviSI_0DRCLyiugg_Z-lri2MecFC8UDOJMjmD5lRYZsZSfB2hVeLhsVi15SagDeUTA,Paul Protz Jr.,https://play-lh.googleusercontent.com/-MgxaTDwNN6c/AAAAAAAAAAI/AAAAAAAAAAA/AMZuucnJZnebz2kFU0qsJbCEod0C2Y7_bw/photo.jpg,Exactly what I needed.,5,0,3.1.0,2014-10-29 09:13:32,,
gp:AOqpTOHfu7aytmUyOCBXieo0dlT0p8gp6gnMV2xUY9rdHZ2pIUYRdlbYmQRxZhMpPpIZr6Z4QfY_mV_-nCgmCg,Hegs k,https://play-lh.googleusercontent.com/a-/AOh14Gh4c0VgAaDR9tslSfDUExwrdk3AGNlk8lkx7Z9s1w,Organizes perfectly and I use the widget which shows me what's due. Does what I need. Reminders are great.,5,0,3.0.1,2014-10-05 19:41:54,,
gp:AOqpTOEkbQC9_aalfUDVZCKCmw0RpF7xRN1Ss681yfLQvlH7vW0XHlWznhnLzza1pG562opQ-pjQ8A6GwO94Ig,Sherri Carter,https://play-lh.googleusercontent.com/a-/AOh14GhCl52dUFL0rHM1QzW55-dlsIk46RTHx5pgMn1qbw,Well worth the money,5,0,3.0.1,2014-10-05 12:25:30,,
gp:AOqpTOFhozMzXjcI4JtAU3zBcvtKUCo5XJe1UqPEBG3BZzw_vgEL8JCHmotoEjDa2HZ-X7KeiVD8kg3OLjqh3Q,Michelle Peroutka,https://play-lh.googleusercontent.com/a-/AOh14GjshchHYFwDZGfmzPZjsgXLLN6rwA3PWhcbcKeoew,Great app...worth $3.99.. love that it gives the reminder when you turn your phone on,5,0,3.0.1,2014-10-01 10:02:27,,
gp:AOqpTOF8oYB9CHSUSU3fRXc4FJLHQu0qMFB4rQatSrYyiFQ0M4lFVsvIwy1XgFlXbtdQHW1hUN1nOFIPPXFvKA,Saiyan Ki,https://play-lh.googleusercontent.com/a-/AOh14Gia_INUPYpJTuveGGr_0IytyiiXkfUhcx8tUycc-Io,Please please add back up to Google Drive not all people use Dropbox  please and thank you,4,1,3.0.0,2014-09-28 22:21:47,"Hi Toni,
We added your request to our to-do list. It will be evaluated and prioritized.

Thank you,
the AA3 Apps Team",2014-09-29 07:59:39
gp:AOqpTOEAek5Za3AcH23SglRHZacXNIybTDz5yrXpcqgDMfeAATDh31YEY5l1DnYKB4ugQloThV5PLpJAR14JBQ,Nicky M.,https://play-lh.googleusercontent.com/a-/AOh14Gic0Y3_GuPdM16_awcEpxt34io-ujfS8dkaEMRD,Wonderful and simple.,4,0,2.5.0,2014-09-05 20:17:05,,
gp:AOqpTOFUYdAPxhosukSf7p6JXJdTAVhN_Ahwq4t0KzUmQN8qXUAiDL04pB0c350sNFoDhyNYHT3hh-Ef-ECNzA,Sandra Jean Koppin,https://play-lh.googleusercontent.com/a-/AOh14Gj4wcuSGMeRcVG-DvraUsa-P_A3hO7OR__npDVXKYU,I have tried MANY bill pay apps and this one is by far the best! It's easy to set up the recurring bills. This is worth the small fee!,5,0,2.5.0,2014-08-08 11:44:09,,
gp:AOqpTOH8LwAL9-htNRKdlZNeED_PqVxTrrJAOKmHRrPFR4noSLJ1Fsq2_vgyN5rADv5ZsCPOv8ZtSjX1fPWd2w,Karen Walton,https://play-lh.googleusercontent.com/a-/AOh14GgDnUVLh4KftyPu8mNQR6NNHnfEIOsUpxXDJpNJww,A must have!  Can't live without this!,5,0,2.4.0,2014-07-10 07:23:38,,
gp:AOqpTOFEnwGMeSRidmDtwE3Z2kdeik6sqw1_W-mwUr79cRFA5LGjuDeApH0I79rAlekWQPWR-kBjZuAaqB1LVQ,Sandy Scott,https://play-lh.googleusercontent.com/a-/AOh14GjZ-27h-C1kjdSxZJ-eC29P0uoUDv22CzQ3TJ2k,Great,5,0,2.4.0,2014-06-19 06:48:51,,
gp:AOqpTOHHTvR_7_yQYac94ZOkuet78bzKa5AN8cPcIrhB-UaT1fQwmAsGPdBsX4wTWUwVqzmaQ3f-Yy55_HmIaw,Erika Tischler,https://play-lh.googleusercontent.com/-Mz2I9anCg_U/AAAAAAAAAAI/AAAAAAAAAAA/AMZuuckVAhard4RbjEyCSzGPGBeQrne-uA/photo.jpg,Only needs a place to put paychecks or balances a month so you can see everything in one place.,5,1,2.3.1,2014-06-18 21:07:41,,
gp:AOqpTOGlYClb0zVT0Kdv4xdFvHATAJu6QC7XTO0at_Ckrf2peNO6mlcWCRF_L_XM9PnqTVYnbWaw4hSKYoSM1Q,Kari Rodz,https://play-lh.googleusercontent.com/a-/AOh14GiED8F-jikuquHv_v7YK1JrwbPf_qwar3P0eixImA,Never forget to pay your bills on time.,5,0,2.3.1,2014-05-26 06:03:35,,
gp:AOqpTOFUQ9jRRwRVkmL0hsmLzGTs3wEcI5JUjyl_g7TgRvHYfrkbeIpVWCZ0tQT2XKgqjqOGpO6FW8FDWy5UpQ,Michael Peterman,https://play-lh.googleusercontent.com/a-/AOh14GjmFrfebvputZjJG3vTA5B3tZ2Jaju1UHeOjmjUQw,Best bill reminder out there. Has everything you need including a calendar view. Support staff worked well with me to get a bug fixed,5,0,2.3.1,2014-05-18 06:43:49,"Hello Michael,
We fixed the recurrence problem and published a new version of the App, please update.
We're trying to reproduce the Reminder issue you're facing. We will contact you by email as soon as we find something.

Thank you,
The AA3 Apps Team",2014-05-11 18:59:45
gp:AOqpTOGo4BrWsPpnqzqu1TxchkvE2UHPzvsXGHq3L700fB3Eafx45U0H-l0AAEs15IR9B_N26SEh3iiAuDZnfg,Jean-Robert Lojat,https://play-lh.googleusercontent.com/-KpMuW6f9qHc/AAAAAAAAAAI/AAAAAAAAAAA/AMZuucl0Eog1cnl2gGUZBJGMKhCSWcwp4A/photo.jpg,Excellent app. Simple and good.  I like it,5,0,2.3.0,2014-05-07 00:40:21,,
gp:AOqpTOHjjtVMMgv6c9f-l_uX5MHDte_h-LUX-krqb1UUAFOfA1am9fd63_k45PWKWA0sDIEHqfbbJ4IzuDAtrA,Jean R Yelle,https://play-lh.googleusercontent.com/-ocKBt385L7I/AAAAAAAAAAI/AAAAAAAAAAA/AMZuuclVXpDPO2DGZlPjTrf6qVSurc69Dg/photo.jpg,"I have tried many different Bill reminder apps, and this one is by far the best, the most convenient, the better organized and the most intuitive app. It is very well thought out.",5,2,2.2.0,2014-04-15 11:30:16,,
gp:AOqpTOF10rahGqqeDwkTEX3ICeU_hvWe2YSxSyuRC9_4K8imR9p3cbb4VYMgpgRNx4qMHKVK1ndDECH1nFMT6w,Matthew Williams,https://play-lh.googleusercontent.com/-pEKENaLBuDo/AAAAAAAAAAI/AAAAAAAAAAA/AMZuuckdanSfwFUMX6pzxtaYOw0VSDldTw/photo.jpg,Awesome app. Just needs a little fine tuning to be perfect. Automatic date adjustments for weekend due dates and Dropbox backup would b nice. Maybe the function for multiple reminders for one bill (like before and on due date just in case),4,0,2.1.0,2014-04-05 13:52:33,"Hi Matthew and thank you for your review, 

[Edit]: The backup/restore to/from Dropbox feature is now available. Please upgrade to the latest version. 

The AA3 Apps Team",2014-09-10 08:17:56
