reviewId,userName,userImage,content,score,thumbsUpCount,reviewCreatedVersion,at,replyContent,repliedAt
gp:AOqpTOFxMJnRYr_s8jxotISPLo577Fx1mu3oa01Yqjy3TR7bOtN0Wgry3RFoMerL9jWS2_g1PboaZ1cMWZgDAQ,Cheyanne Stevens,https://play-lh.googleusercontent.com/-87_DeQnCcM0/AAAAAAAAAAI/AAAAAAAAAAA/AMZuucl-wifyiPQgGr74fNNjA7B05_WvwA/photo.jpg,"Completed the story but it won't let me import the data cause apparently I went to jail when I, in fact, did not. Please fix this because I see multiple similar comments.",3,5,1.1.11,2020-09-28 09:41:34,,
gp:AOqpTOFSH8Bq9C5QFVKkKzHgabC_Ea0_SOd-rFyJ-RU5FbuCvhvY3Iq2LKEs211VgUjOZK4fO5jdbWEW4keuhA,CAP90 Parker,https://play-lh.googleusercontent.com/a-/AOh14Gg1JCu9-RzIiPvrCcDEHxfZuQ0N0Yyb6Av704sY0A8,Could use more chapter art,4,0,1.1.11,2020-07-25 13:20:28,,
gp:AOqpTOEtodyL2B3qSbam7Lgjh2AjOQpmBt7kNm9EzOyhjFdNOdCTFYZ_Mr6qTNcY4AYZE0YRO1M9l8budzJe4w,Adam Young,https://play-lh.googleusercontent.com/-k6djyp-EJ_c/AAAAAAAAAAI/AAAAAAAABWg/AMZuucnhDDjCDB_WF3aqLSpgS_1araBWwQ/photo.jpg,"I actually purchased this book. This is a story about a High School where all the students suddenly gain powers like Clairvoyance, turning invisible, starting fires. The story builds up quite well with a real feeling of being in High school but with everyone having powers. This story has lots of romance options and there is even a prom too. I gave it four stars because there was no real description of how these kids at this high school received these powers.",4,4,1.1.9,2020-07-18 08:35:10,,
gp:AOqpTOFBnD51GgLAtzhgoZJNKLLTFpvAsu5mDp069sJVHQYl1pRMKL8hpQZ5OqaJlg7zO7Bxi5mSiZjQeZWP-g,Tooru Oikawa,https://play-lh.googleusercontent.com/a-/AOh14Gi3SnKM5ie4z9RkAr04_-v7h2cIyolSAvT95LOzTw,"I loved it, but everytime I try and save my character, so I can continue on in the second book. It tells me I can't continue cause I went to jail. Even though my character wasn't put in jail, she finished her senior year... I don't know what to do.",5,3,1.1.11,2020-06-18 08:01:26,,
gp:AOqpTOEQlFbjnP097E3oU9r1YpEexu4kgDxINatH_w5lMac7WDDa4sHYF1cpM-YfcztRj09Z-nlNHeTQw0r6SA,Marc Caranchoa,https://play-lh.googleusercontent.com/a-/AOh14GhEjjHdCG_b8XudBv9wapDYfq-kBpmO2RFbyX8vjA,"The game is short, the questions for motives of your actions are too frequent, and the social part of the game is terribly unrealistic. Can this game be entertaining? Maybe. Is it worth the money? Easy no.",2,7,,2020-04-17 07:13:41,,
gp:AOqpTOEXu8OORAmhzNRWoVBpTJcmhDTKQ-D8bhQtql2aBWoEe5mcH6-q5AfW7dKNoyveusiq6oh4u9bofl2ggQ,Stephanie ElephantGirl,https://play-lh.googleusercontent.com/a-/AOh14Gi6ogOtPxf8TXV2iMK3EziZYt51NiFUMlnXFrp1tw,There were a lot. Of plot holes and little explanation as to what was going on. Relationships between characters felt unrealistic. And questions pertaining to motive were frequent and repetative. Not worth the money or the time.,2,3,,2020-03-30 00:24:37,,
gp:AOqpTOF7M967EQfdAWkZMiYj4NhP7i2T6oymhCqei_bRBrCDOPeFM2AD8s0g9XiOCZn8GyGxyeYlCwwPtCtYHQ,LittieScorp,https://play-lh.googleusercontent.com/a-/AOh14Gj0zxnrlnNFY7t4kYe8oo_63JGJ1BO0Gnvhh-DZdeU,"The game was really fun and really cute. The lack of mid game save states is a bit annoying if you make mistakes, but otherwise I really enjoyed it",5,4,1.1.11,2019-12-29 19:45:16,,
gp:AOqpTOEyuX2BvBbmUZnhAkj2iZHvnu6Cp0coSsvEbODu0fK9KdbkKetkbrd5U41tIp-8emVlvq-EJYyit1XBSQ,Lightning Zan,https://play-lh.googleusercontent.com/a-/AOh14GigQ-A7EcRkTQW-_BJqPNSBpAZfHzB3eaQjko7O8A,"Decent length, and a good amount of options. Pretty good story",5,5,1.1.9,2019-11-07 17:52:59,,
gp:AOqpTOGtkvjzVi2bOyNuMnpHh7GhXhQUCYwc_h4U8KSc_Sxp0F-G3UY6hyU5kegObf0YU98v07TwKWy0kILJ2A,Malcolm Aiken,https://play-lh.googleusercontent.com/-cbE4_U7-SLQ/AAAAAAAAAAI/AAAAAAAAAAA/AMZuucm-H-oNSyKyNtdfVytbZTjjCXipOw/photo.jpg,Great and quick read.,5,0,1.1.9,2019-10-26 17:07:16,,
gp:AOqpTOEOI2GsmRto3CI-48H9p9bvF4ywjheVEnG9rGeRY8ceCruGap34g5Z-8ssvoDnM7oIMRxHFktEPQzugDg,Isobel Kingsbury,https://play-lh.googleusercontent.com/-rC7xMn_6Fm0/AAAAAAAAAAI/AAAAAAAAAAA/AMZuucmdvGymy4fyi4Yu746nqtgdACdEZg/photo.jpg,"I really enjoyed this game and want to carry over my save to the second, but I'm unable to even make a save after I finish the first game. Could anyone help me out?",4,4,1.1.9,2019-10-26 01:24:20,,
gp:AOqpTOEgOJb2NilamWS9vd-0XagUOUBiDwUREXRXWSdD3_x3a1ZhpjuXE9vh8Es-dK9i56K1mnJKNQBJykiagw,Dallas mcpherson,https://play-lh.googleusercontent.com/a-/AOh14GhvYepLRdqhWVbKWM6ZUy9NZCsPW_Mgg_uR5wow,Kinda short needs more to it,4,0,1.1.9,2019-10-10 00:45:07,,
gp:AOqpTOE6-UZUIYLTSQ3D8IU9wob86I50d4_I31wpttNOPHxE8eGGERKfAAgoZczEOpdsK0bpLllDFc_3lJiuKA,Georgia Reisinger,https://play-lh.googleusercontent.com/-Kf9F0II0gDU/AAAAAAAAAAI/AAAAAAAAAAA/AMZuucnYgmZHCY4Z8K6DUHDeA9neeODrlQ/photo.jpg,I love that game,5,0,1.1.9,2019-10-04 13:40:58,,
gp:AOqpTOExKDc3JqYPcVTKyaN4UbH2irwswuMtqNg37657SP_DZwbE1M6Fse2cmUaGV0rqo-iAk02h-O4vxNjTqA,Robbie Hall,https://play-lh.googleusercontent.com/a-/AOh14GgmTq4DKmXKaF5CqVoEJKo5_sje-VM5pc-Rn1_IWA,"This was enjoyable ... up until the end. I can't really say much without spoiling it but basically in the ending I got, if you succeed in the main endeavor of the game, it is inexplicably undone during the epilogue and you're just meant to accept that your character did nothing to stop it. Which is exceptionally stupid for a method of story telling that revolves around choices. In spite of that I'd still recommend it if you can get past a possible poorly written ending.",3,9,1.1.9,2019-09-22 03:32:20,,
gp:AOqpTOFG8aab5ekDUmvvWVi0XYz1fVsi0OnANGqtN67NDFwTwVuIoNZMiNj0La3Klq3eTG8x7Dlwm3TLX6Pd9A,Taylor King,https://play-lh.googleusercontent.com/-7UVuhd_5gCk/AAAAAAAAAAI/AAAAAAAAAAA/AMZuuckeDKwpVULOXUOzV1ZurZ9Q5L7p0A/photo.jpg,It was a fun game but the ending kind of sucked and made everything i did previously pretty much not count,3,0,1.0.4,2019-09-08 04:09:33,,
gp:AOqpTOGTIcCicDWGPKgi05y8h_jyObAkYJ5GBZE3sboHFdPSmUbi8t9Ufy6Yzq6SMt-quUU0aXtokukDtp1uVw,G Morales,https://play-lh.googleusercontent.com/a-/AOh14GgtCklszMK5bFnzuO_L-VJ2lC8P0QteVA9-UufiLg,"Think mine is glitched, Taylor always breaks up with me for no reason! What do I keep doing that makes her do that?",1,2,1.1.9,2019-08-25 21:35:24,,
gp:AOqpTOHRWqFLYLd__o63mXZQELNlUFrjUaUH4jj5w2xoIHj2AlWmG4ETJmR0ACbA_1DqE3up71OJ4zqVPNMfNQ,Jake Moore,https://play-lh.googleusercontent.com/a-/AOh14Gh9YCraqZ2keE6qM_9pPKRGzNiFHcwUJt3pNbsTSw,"The ending (and many plot points) was literally a giant mess. There were so many different inconsistencies and plot holes with the few playthroughs I had. It didnt seem to be caused be inept writing, but rather extremely poor use of the Choice Script used to make these apps. The game did not properly track a staggering amount of choices, to the point I had to re-read many paragraphs of text just to understand what the hell was happening. Completely immersion breaking",2,19,1.1.9,2019-08-21 20:23:56,,
gp:AOqpTOHxtbeEqnSEUorEbOwBQT9ifF0O_BD6YTcoPMvQaFOv30i3fIsnh6iuFaZlsqDQvp8qaUCrliNvlu24rQ,Kuro Asis,https://play-lh.googleusercontent.com/a-/AOh14Ghx8n-ojCQZlWwL5QsSBt6YI9AiqtYdd-fF6p9t,cool,5,0,1.1.9,2019-08-14 23:06:49,,
gp:AOqpTOEXGpc5TnxnYz8xr7_CWFwUF25zqo-0kxSdRvXfFBLNF0baS0XDpY1LH5FkAgwifY8BLNMbgtTcuiraJQ,Idon't havaname,https://play-lh.googleusercontent.com/a-/AOh14GjnP9pa6LnIEdsfVXYuwQBMzslnLkZVgKtUtfco,It was fun but short. I liked the different endings and the fact I got arrested twice .I wish there was a back button to 're do my choice . But it was worth the 5 dollars I spent a good replay type game. I need to know what happens to veronica and carl,4,1,1.1.9,2019-08-14 19:31:57,,
gp:AOqpTOFXbjWoDfNnJDxeLbHiqySWJe_ODwKASkvGdKo0sd-ttuG4bX48BfYaT7EitSdj1x0RICHjHUFxPtKVOA,Stephen Denney,https://play-lh.googleusercontent.com/-RMIC60-MfsY/AAAAAAAAAAI/AAAAAAAAAAA/AMZuuckSl0Ov5iR8rWBcIBU5stM980qnFw/photo.jpg,"A fun text game, appreciate the level of effort and love shown in its' development. Can't wait for the next episode.",5,13,1.1.9,2019-07-19 19:59:01,,
gp:AOqpTOEQVisTysNysh35tr0Tgeq50OOxORAxM0_HaYpp74J2kHxDX-GR2cJZinRmryxMiwP2U6AFsL2YtJXVXA,7412456852,https://play-lh.googleusercontent.com/a-/AOh14Gg_76JWjoWi7KDmuahz0cQTDz1n9-md_FVMaf-GLg,"The first playthrough was more than enough for me. Lots of choices were trivial and didn't matter at all, when there could be other important choices that we could have decided for that were not in our control. There are other far superior COG titles out there that you should be buying. (Choice of the Deathless is great, imo.)",2,5,1.0.3,2019-07-19 08:37:35,,
gp:AOqpTOGLOc2T5sP_y0grMkx_Y0w3JvQneeIEQtG_nWLZ6XQMojIRGgbYzYuf4g9LQicCMUXI8NGv0bs9hfHplg,r 123,https://play-lh.googleusercontent.com/-AiFTdEdy7-8/AAAAAAAAAAI/AAAAAAAAAAA/AMZuuclvyC3WMiYTHjrOdDo32z56NevFKA/photo.jpg,One of the best ones,5,0,1.1.9,2019-07-10 00:21:11,,
gp:AOqpTOGfehY9o3NB5_7fRwp42avC2yOWDcZ6mVCuQ9Zy4xf5rlYjeF4xS8O5taU_pT1I4479lzm5OG8Alz-1pA,kssbusybs uuushusuus,https://play-lh.googleusercontent.com/-WOQnSWBlgiQ/AAAAAAAAAAI/AAAAAAAAAAA/AMZuucn77lYGRr2cU3OJvjFQEjA1VZXZhg/photo.jpg,honestly it does don't hold up everything about it is weak af,2,2,,2019-06-23 23:23:57,,
gp:AOqpTOER-2E20WBFQOyuRDJJ354HCoru58SJJrGdYJUPmTIa0ZO-LZWYJYBqC8753og5L3vwKWSSNfjDPPVoCw,ISleep 2Dream,https://play-lh.googleusercontent.com/a-/AOh14GhIMKpmQSc2qsdSwcycjBfft0uKZ9K1Juc3snmlVg,I am completely unable to refund MH purchase.,1,14,,2019-05-08 18:57:56,,
gp:AOqpTOGmtFIvlQ7ikDx99yAX_a8NjnV1Ssd8JIfUVqTnVaBBv08x0Xj6QtdtDLWjuiuLdNtg0KyJnyYNjTDWUg,n mo,https://play-lh.googleusercontent.com/a-/AOh14GgT1N9bp5UUlDF_laUAia8WTKJ0uQixbg-q-HQA,Not a highschool sim and hardly a game about being psychic.,2,14,,2019-01-22 02:29:22,,
gp:AOqpTOGMKliJSxNVaFDnr93e933jcYmYBxQvk6CS8tM31gWj8JEJVEk3r7J2EDRFujaHIRTo7vlL0hkvB152JA,Kiyoshi Lampkins,https://play-lh.googleusercontent.com/-lpxsk0wCs5g/AAAAAAAAAAI/AAAAAAAAAAA/AMZuucnRXhGxc3ELE4H_jkGZl6yCTzxu6Q/photo.jpg,So Much Fun!!!!,5,5,1.1.1,2018-12-27 14:00:18,,
gp:AOqpTOGDt7G5MT-9XG7HRhRtOFpGJcq3Auo3lq9EyFOAR2mKVTRcx6Yfnj_LK8GV0VKJH5TelYOXUQdTwZmh7A,Miss Me,https://play-lh.googleusercontent.com/a-/AOh14GiNHFOs9l-32Xe8n2nCp1Mfq_PwHMD3ydvntYKYGw,Very nice.,5,0,1.1.0,2018-11-07 15:43:18,,
gp:AOqpTOFoGJKBPwaPhQ3lewx3oaybHC3mEDIxR_1-D3xgcuSB7yqOZphGvK3THbSpkcWZEEEcoSCgPg81AutVxA,Denaja Hardemon,https://play-lh.googleusercontent.com/a-/AOh14GhFc2C74Pq92P1kQ7RR_0FTlgJfxVDKXMc1rl6q,"It's an okay game, I wished there was more to the story like actually going to college and stuff like that.",3,14,1.1.1,2018-11-07 12:34:27,,
gp:AOqpTOHT3DX2BUS4f2bzH7JZ-S1ftTXeswIRwak74MUkxLifGanBwJzEAJylImZod4cpyChwq0GYdthcw2yuEQ,Retardidity,https://play-lh.googleusercontent.com/-jl8GsQGQx_E/AAAAAAAAAAI/AAAAAAAAAAA/AMZuucm6le2YxmAoiAF3jae8M4d35z7njA/photo.jpg,"I don't usually purchase phone games, but choice of games has been giving 
me something I didn't even know I wanted. Even if I don't know the numbers 
behind what constitutes success or failure, every choice seems like it can 
either go horribly wrong or exceptionally well, with a bit of neutrality 
mixed in. I especially enjoy when the choices don't necessarily seem good 
or evil, which is missing from a lot of modern day games that have some 
kind of alignment system. In this game you're just a teen with some powers, 
and choices to make. Most of the characters are well-written, if a bit 
cliched, but otherwise feel real. I look forward to playing it again a 
different way, and getting into their other games too. I thoroughly enjoyed 
my first playthrough, especially despite several moments of nervousness, I 
got the ending that I was hoping for.",5,4,1.1.0,2018-07-06 17:02:23,,
gp:AOqpTOGmuc8gtn07fmo1N84mjRNvrq8BafmugzCRE1fFJz09V1S2RfcdES2Ow4vKqB_fk5DZVqVSXkqqTV1ANg,Sofia Alonso,https://play-lh.googleusercontent.com/a-/AOh14GhLFtn7sF7oxsGqELBkGbZFzKbyh33yIS4rIw4HKw,Nice Story!,5,0,1.1.0,2018-04-28 21:09:43,,
gp:AOqpTOGHJED6WR9XdsML4_K45FeA_I6fwrwNCygWQeAVDbqfrPLXEteyRUyPE_ICZEHsvnU63F1XYz1YPast2g,K Manning,https://play-lh.googleusercontent.com/a-/AOh14GikyQUBbvyV4N7Zm6DDBXVAtYqqD5GXO3k1P2r6ww,Wish you could choose your gifts :-) but its really cool game,4,0,,2017-12-29 13:56:29,,
gp:AOqpTOHQGBwECXbHvlMgHcm_WnWjKsseGbo15mty3_hU0jRpY-Nc7S9PzpmOCDDNS5ZqU3Io2GQiQmTfhWl9sA,Candice House,https://play-lh.googleusercontent.com/-f2T56l5GZmo/AAAAAAAAAAI/AAAAAAAAAAA/AMZuucm_RdmwsSqPGCYL4USgU2AyyPi0fQ/photo.jpg,"A couple times it wouldn't let me choose any option but the one that continued progress... In one instance there were 5 options and you could pick them all one at a time but it wouldn't let me pick any but the one that said ""none I'm good"" basically. A game that charges this much shouldn't be messed up in the gameplay the main way you play the game.",3,0,,2017-12-19 11:21:00,,
gp:AOqpTOH0uiGrYOY1_MzRgHvRCo8pi1FtR2mJVcqDiVWAhg1JZMp5wRejYxC_8tZ0h-0bAKV8QRYRB6xB3Z6jlA,Marlos XoX,https://play-lh.googleusercontent.com/a-/AOh14GhWqL3WsaBu7xGtQzv-J6-MzlStqPKAu5uXiBVy8g,"The concept of this story is good but for $9 it was a rip-off i read the whole story in 45 minutes so its not very long what i did like was the amount of choices you could make compared to other interactive novels iv played, i dont think its worth the money i paid for it though",2,26,1.1.0,2017-09-30 07:54:33,,
gp:AOqpTOFTqnKelN7SaGYYT-6lZ14WBtWHt4qX4ilun23j6x7RNKVl-HImk1M1RpSD8wipQ0zXAkphKjjCDcJ-sg,Sam Go,https://play-lh.googleusercontent.com/a-/AOh14GgnxyLRdQYsa6fcE-1IzNZHRMLtyUK4xxSoOIGv2g,Ugh,3,0,,2017-08-11 19:55:21,,
gp:AOqpTOHI36boWwPiqdiHq5DDoq-e-XkZ6ckoSMZwI2HeKiWa6zdw6uIl-Trs_54BaBhdw4j3ZBAB8W-jxP-atA,Why u reading My name??,https://play-lh.googleusercontent.com/a-/AOh14GjhEDnqxEnUbgQDR3_KuRnSUSpg5eXkQ4v4UXO3Tw,Great game but I don't think it was worth the $6,4,8,1.1.0,2017-07-26 14:55:34,,
gp:AOqpTOHSheKjqoWM8-HgaZdnJTv5yU6SVbmT216kd1LtBXkynO_-6fcoM5UIUPA4r8HDujwydPuFceF5nlwwEA,Farts the Video Game,https://play-lh.googleusercontent.com/a-/AOh14GiPop2GWSqAQU1gVjhy6mP8lDd6N2uPIwf278ik,This story was absolutely fantastic up until the end. It felt super rushed and the epilogue was unsatisfying,4,31,1.1.0,2017-07-25 11:22:53,,
gp:AOqpTOG7Z3dlcUOIC79n0b_ngo52xLOPfNcCGD1Qk2ufODjMh2vlOcHqrOIzTZG2QZi-er9i_L8rW5aafL0aTA,Dewqs Plays,https://play-lh.googleusercontent.com/a-/AOh14GgF81Ag90BVvSdh3-qSEKsulkDONa2gJkuEa-mwvw,Fuq,5,3,1.1.0,2017-07-01 09:31:22,,
gp:AOqpTOH7canG9ZITW6Id-AH5gP_dxhLD3cTP4trnqJ9pVRqBACYPIwSELQuegcs8GbSz-dYigzG3L4Zve5ybqg,Jeremy Chan,https://play-lh.googleusercontent.com/a-/AOh14GgWAKawczscrHTJI33lTSnEb3mBrMsDuVG9qLv6kg,Omg....... This game is the best around.... like really... The story is great and all the descriptive language..... 5 stars from me!,5,30,1.1.0,2017-05-07 08:42:02,,
gp:AOqpTOHCDh8hW3i-OKYhlmahZN1vTCxQcQsYbqw4xHJqDmpvq03GyONo4NhH5lMmP9cF_3sY6f-37Imu8-YVYA,Nova Mcquoid,https://play-lh.googleusercontent.com/a-/AOh14GgSYNkWhdrLJ4q3nDxY1g6CjlmYeOQpwSiR5Oeg1w,"It was a good read, but fairly short. I would have given a higher rating if it took more than 3 hours to read the whole story.",4,3,1.0.4,2017-04-25 07:31:56,,
gp:AOqpTOHms8Iw6DSXmmdKnH_qnTReWkh_nbzfnlRkHEjvFZr5tivTKofILpwkQ0qCBMOIWSyuIIKwzXx4minLMg,Nancy Lo,https://play-lh.googleusercontent.com/a-/AOh14Gi2ioAjX6XkxvZLivudyU2WfQKATyXNpeiHr1s3NA,I like the idea of having supernatural power and trying to save the day while having to deal with high school. It's like Life Is Strange. It's a fun interactive novel.,5,2,1.0.3,2017-04-08 02:52:05,,
gp:AOqpTOFZ3lRTFW-hLV5BxJPRPPBjjS274lkDpcU1BUNkrECUy2apnHJfz3rVWb5BLC57iSwuIl_XOTjsnou7qQ,Jd Hanor,https://play-lh.googleusercontent.com/a-/AOh14Gix6RlN1keV_y4o4lstOdY6g-1LEUe137bYUhJ_,Too short make longer,2,0,,2017-03-06 00:50:52,,
gp:AOqpTOGA2mMNSGeNuX98izObfgEVjqV9k0IpSy9h7IRvvgONFTLgQbWWpsQfZPe5lLstD4XQtFtagCJck5jbOw,R. A. Ross,https://play-lh.googleusercontent.com/a-/AOh14GjT4Wx2C4mhkW4LrkZ2jNxhCqoibaS9QT88YfJj,really enjoyed this game and trying out the different choices.,5,2,1.0.4,2017-03-02 15:05:37,,
gp:AOqpTOGUEkdMp_WLaBu62KQvhA8Lx2iuSb31gzVsF-vFWAoJQWk14FyMTkFwWGMKNPOS3NiqABuPmkgq1xbxug,Sherin John,https://play-lh.googleusercontent.com/a-/AOh14GhABaWRgiP7yZ8IRpKmKeH12-TkPCPXyBAz_tgsMA,"Written well: Target Audience being Adolescents  Its well paced and since ita written for teens the romance is up to level of innocence  The major feedback is you could add relationship stats , so that you can move ahead with your desired character",4,7,1.0.4,2017-01-24 23:03:18,,
gp:AOqpTOE1Dk44VWk7WVpf5o1StqXJht9zzTbTsf964BCRxjiQ39WKTMzD33QuvA98w1kpBpSUrGWYFbSOS9KT9g,ThatAwkwardPersonWhoPeopleLike -,https://play-lh.googleusercontent.com/a-/AOh14GhkzxIhIU1rzw8iKzTSzjF3jlx7yGjWuxcUuoAG4A,I loved this game. I feel kinda bummed out that Andrew left me though xD I didn't know he would be pissed off that much about me transforming the principal and clay into model citizens. I mean I sided with him on everything.,5,18,1.0.4,2016-12-25 18:43:11,,
gp:AOqpTOEUmlsjs1oxsKgw5fZLhJVNMpSUBuQ9708crrSr17bdISM2JzATjVY0p1A-p8mGNDWaOz5gcoceT-5w-Q,Shiro XKuro,https://play-lh.googleusercontent.com/a-/AOh14GjQbNbgf9qosce45TpPilnQsIYoN99sYWYwfyIH,Spoiler maybe.  At first I thought this about psyhic cause the name psyhigh and the abilities BUT suddenly it turn into magic. It happen so suddenly. Plus the ending. Lol. I thought u should write longer ending cause after it over I was like huh... that's it? Huh... wow. That didnt explain anything in details. I thought ending should be detail as the beginning. Well 5 star anyway. But I advice making longer and detailed ending that make feel glad or horrible because of my choice make it end that way. ('~' ),5,25,1.0.4,2016-11-15 18:58:01,,
gp:AOqpTOFuVQ9DUBP0gXtbuSUnCoTYKOdxCxiJYnX-HMo0MpOgkPczm5tyP5o-63Kpr24pSA2fF-OCP5EctmWOhQ,David Stuart,https://play-lh.googleusercontent.com/a-/AOh14Gh7KL28DhvxL6pkfDX5QmbLraZgx8scQvZPTiKopQ,The story over all was fairly decent from my perspective but there is room for some improvement in certain areas so for now 3 stars,3,10,1.0.4,2016-11-12 01:23:23,,
gp:AOqpTOHHBCWaO1oukYYH6cSYCVQtmS6jvZI7Nlx1J7tW0mHTd2zTqT8dVEK_Z_DvPXd1Gf94tNfskB0W3c22jg,Stan Loona,https://play-lh.googleusercontent.com/a-/AOh14Ghw6nqL4987i-KqAUqZLhI4vp3MsAkYIANFcVHOSn4,Awesome,5,9,1.0.4,2016-11-04 14:24:06,,
gp:AOqpTOFTLWc7J4kf1ndwIwnBTI-ZGixUgjg28ZRrOPguB89jb3AtBAdrPSSd4nZG8Um6cyyehQYmlNXABnXy-g,Edgar Serafin,https://play-lh.googleusercontent.com/-vITf3-Fvv8E/AAAAAAAAAAI/AAAAAAAAAAA/AMZuuckpdS6coSI5HliyjcJQoli2KESEgg/photo.jpg,It's really fun n it gives u options on who to romance but I just wished I could choose the power I have,4,0,,2016-09-28 07:29:28,,
gp:AOqpTOFrNF5JKAEuHQafwrZ-DO68l3grVTJe004K1yZLKVY4eVh_-K5G3LL-lXDb42V48o29naDEdshQXuOBdw,Skyler Madera,https://play-lh.googleusercontent.com/a-/AOh14GhieC3EKO_gvMECyBpqNIx0p0C5WMy4CTUxB-UTjA,Great game. Loved the plot. But I kinda wish the romance choices were either more spread out or slower to chose.,4,0,1.0.3,2016-09-14 22:53:55,,
gp:AOqpTOF27brJ-fwqI_ZoGIvq4t_ZOuwWZjuTqPzLQP55UKYI-jnrdU54uUVRpi0n7IYg9duaZw0xoH3izhxM2g,Adrian Sid,https://play-lh.googleusercontent.com/a-/AOh14GgLmHZHjLU_57wmq9ZfNce4HoLqDnimrd0Os_mH,This is a great story. A lot of reading but I like how many choices there are.,5,0,,2016-07-21 19:59:17,,
gp:AOqpTOEjusf3kbMjjblA9NJ3qr_nS5VAXodrgm1V9XFS4Ret_Ak0giJc-c6UaBZXpeuwN62MBJhgcMoPkIhRNg,Fátima,https://play-lh.googleusercontent.com/a-/AOh14GiQFxrYxCANX1mf2CnaQ_vpbPWbCI69BggFCMf9FtU,"An amazing game with a great plot. Very enjoyable, and highly recommend it. :)",5,0,1.0.3,2016-07-02 00:26:02,,
gp:AOqpTOGpJzUCXxc7JSTj8pjQblUrsONliie6hfIODSRE7rEENsr1-05KUYHllN3p2y3yfVrVKvmX2GwPRtrOfA,Amir Walker,https://play-lh.googleusercontent.com/a-/AOh14Gj1BJdsAkO7qbsUK5J7q77HZo_qQrGZzbUXM7ly3Q,This Is a amazing game!,5,0,,2016-06-18 01:21:30,,
gp:AOqpTOFGfZ8CKHzkccloOuYGO8nXw0aVqr5lSfSZ3T-4IsLBYsfimgFIh7YY0aQeVnY8NC7AdggzTHBs3iqyqg,Trevaughn Cooper,https://play-lh.googleusercontent.com/a-/AOh14Gg6Z71_wbdVbuoe_wfmndqsvxGCDkzXZBjl8njyxw,Greta story but is pretty short,5,0,1.0.3,2016-06-08 00:41:08,,
gp:AOqpTOHTLBuLG01yeixv65VkC-QyZWiNG0YUHcD_JaBWyDgXzhOuqEMunLAed2uYxKnRcugL1U3WAbhqDEEhcw,bon nob,https://play-lh.googleusercontent.com/a-/AOh14Gh2sr-Kgb9QblHtrY8gMhDQuS35b-e8KkLuC7aIQw,Ur powers is see stuff from a distance and read minds....ugh and most of the choices were trivial and pointless besides pick a girl date her and choose ur ending,4,1,,2016-05-13 13:22:37,,
gp:AOqpTOHdDH4gBiwjSSd2AIEDXp8LN5J6xnwPu6F_Y5rgPdIzfj_263i9P8GPwJWs3ksXjHSTA1x30Cx1iOODMA,Taylor Williams,https://play-lh.googleusercontent.com/-hCWfeFaxQhQ/AAAAAAAAAAI/AAAAAAAAAAA/AMZuucnUFRul2HNMlH0eT09AlRM9PiecBw/photo.jpg,"Great concept,but among all of these amazing superpowers you can read minds.",4,5,1.0.3,2016-05-11 18:27:25,,
gp:AOqpTOHrSxGBBOw9CYiivpMmnpwJk57lb1wYLtpUVaTnS362diMBJSYCVxs0Lz-J90eajquA4qu8LclHYxrIuQ,Miss Daisy,https://play-lh.googleusercontent.com/a-/AOh14Gi-5DIxUbpQxeCm-_Mo719kaa3lzQHveZMXfRBM,I enjoyed the story but it was a bit slow at times... Otherwise a very interesting adventure that I'm going to love playing again!,4,3,1.0.3,2016-05-09 16:56:19,,
gp:AOqpTOH1tlOIXjQPwrNR_EBANVS5fp1-sILFLUSSW4Ct3WzTH-6S_MSd_QVKlluWjKfc6fw2NtPyBD3OaJohxg,Mr Joseph B,https://play-lh.googleusercontent.com/a-/AOh14GgwQ8vds792zTd0rzMOhW0AVb6zPYJ0O3VjJXuA,Um..sure,3,1,1.0.3,2016-03-30 23:27:10,,
gp:AOqpTOF_mkQLnuh39ztCdK6Xd-HleAiGB_Z6QdpFWfVjQ0TexOghEUd73hoT1-r4u9ZpKg0hgzuuESgIzo9rFA,Terra T,https://play-lh.googleusercontent.com/a-/AOh14Gj7ggJr0xD4z0bxSG7REZr3_thKY6mXuTHNaDTmvQ,"I've played some really great games from this company and had high hopes for this one. The price is unreasonable because of how short/boring/predictable the story is. I would honestly rather pay to play choice of romance 80+ times than to suggest this game to anyone. I'm really upset that I spent my money for this. I could've bought some moldy kale and ate it, and enjoyed it more than this. Seriously. Don't pay for this.",3,2,1.0.3,2016-02-19 04:05:42,,
gp:AOqpTOFnqY14hwFWUbTrHgzA1_du3nJjVUe9YUPUyuwxd54xHUe-Oods0jvU3-sWmejAFIvcWX5uKILIYnCc0Q,Darnellecus voltus,https://play-lh.googleusercontent.com/a-/AOh14GgDcjIRBhXVA7n5g2JWFjNVKYvAid4E_o3HMclo,"I really love this it's the first one that got me hooked to these types of games, would have liked to choose my power but still loved it",5,0,1.0.3,2016-02-05 10:23:46,,
gp:AOqpTOF71795085kWgi8Bkqc92Rk1h3ly40HzDLr7Xrv26-8xf_lpTiCWYFC1duYlrlqC4LeGU9QvamptN7Wsg,Lissette Reeve,https://play-lh.googleusercontent.com/a-/AOh14GjrydKbZRVlhk6uSBhNJwoOotFs6nGg5MjmWM-KWAo,Awesome choosing the love story with childhood and best friend Andrew.,5,0,1.0.3,2016-01-02 19:58:33,,
gp:AOqpTOGYw-XuVc8wq7CqTB-ORMM9eijIIJby-1G2AEbJBqnCSX6QJSye4Vk97YYJgSjo7yp-wTW4_UTNJKe6Xg,Jay Speicher,https://play-lh.googleusercontent.com/a-/AOh14Gi1oHXTRkrej0nhjj5MQ09wG0zFIC97PN_wvwjS,"I just have a question. Is there a way to have a different psychic ability other than clairvoyance, and if there is, how? Also, you  should make a sequel where you can choose your power.",5,0,1.0.3,2015-12-29 16:26:12,,
gp:AOqpTOFWS4j5I452NwaScq55g6w1gFBSr-nQZt1S-9wiTqYgjWcdQsKPkCIqM06buPBhH9o6lERx_TKd13Xv6g,Jolene Borel,https://play-lh.googleusercontent.com/a-/AOh14Gg54Y_qHk8-VI-ZBoyoqQXptsYRn-s1dgwFblM-uQ,Please consider making another Psy High!  This was so kewl.  It would make a gr8 series!  At least make it a trilogy!!!  Fabulous &lt;3,5,0,1.0.3,2015-11-24 16:10:35,,
gp:AOqpTOG3n80oquV-LchhD4W4NMX7hUz1Af7KUpdiEqTdcp53xNQ_IS9w7812Kr8t7y5y6faxrRPiKuPsppHpXg,Madeline Richardson,https://play-lh.googleusercontent.com/-97xHIM6uFJ8/AAAAAAAAAAI/AAAAAAAAAAA/AMZuuck2vinBgemTgHELAfc9T9eUbpXpRQ/photo.jpg,"I honestly got attached to some of the characters (whoops) and the situations are realistic, the choices you can make aren't stupid and overall this game makes you think about what you should do, long story short, I loved it !",5,1,1.0.3,2015-11-10 13:15:21,,
gp:AOqpTOF0MQwGUS6bRTkEkX6T9Dy7xFUPjaxBZxOfz5e7vPaA6hS13eVgjvD4RUOk4RSOVn2Mczx28Y6c2ir7Tw,Tanya S,https://play-lh.googleusercontent.com/a-/AOh14GhpCNAGoxgkKGmzzqAC3qfL_cUXCOQM5VOU2yFDOA,"The concept of psychic powers and their secretcy is quite interesting. The story hooked me up at the start, but the flow of the story is too slow. I skipped some scenes (by choosing random options) hoping something interesting would happen, but after I made a choice just to get to the next page I got my hope crushed. Dissatisfied.",2,35,1.0.3,2015-10-25 14:51:31,,
gp:AOqpTOHC3592es0N7Dz0fg5X9qkjpzbCg4swH72AMLFj-lHEL1CkyVhnGmHZxjaem6MKuptB2X5n2bBl_nXyQw,Matt Mason,https://play-lh.googleusercontent.com/a-/AOh14GjmN7iWF3N_Y9m-neRY7NhHK0K_4z2xEA5U9AIVCw,"The choice books have long been some of my favorites. Extremely open minded to lgbt community, and super fun and interesting as well!",5,2,1.0.3,2015-10-19 17:18:27,,
gp:AOqpTOFIa0EqITyQWVSoyKQEWdUIEKI0bCxRtWUfcmDLXJplHkvNEBqVIAt9jkP3cww85oAMzWh48mI3rD8Blw,Mercedes Sparkle,https://play-lh.googleusercontent.com/-CPnoVHfXNnM/AAAAAAAAAAI/AAAAAAAAAAA/AMZuuck_3dEKCJTK8t1KNcSsR-OeMXfmLA/photo.jpg,"This game is amazing! It is well written and really just gets you into the story. It's almost as if you are ACTUALLY in the story, which goes to show just how well written it is! JUST BUY IT ALREADY, AND YOU WILL KNOW WHAT I MEAN!",5,1,1.0.3,2015-10-10 19:24:10,,
gp:AOqpTOFj3I3WPFM675oDl4AE_kmB74XU9bEX467acj4KisPeIyntvjFd1eNEg4OUW9NCgRuF5Utfhf3J_uUCPg,Carson Whaley,https://play-lh.googleusercontent.com/a-/AOh14GgZDBkfoE70DOgsSj7Pqm_Glun6SbVl1w5sk6lU,This game us perfect for me! I love the story and there is enough room in me to play it 1 or 2 more times. My only problem is some of the choices you make don't really effect the story at all. Other than that 4/5,4,12,1.0.3,2015-09-13 19:55:32,,
gp:AOqpTOFopeWe4C8qwiPki4JnhCkaE1bIDmhtjdHL7K1QhOQX7if_aCm6L7-_Zeh0a2JF4p0YhdqAuGfATG9LeQ,zuka kog,https://play-lh.googleusercontent.com/a-/AOh14GgiIc5ERop0lMe2z2GUK_slufhrJty9BlUR2g9wWA,"The story is okay,  but we need a way to go back to certain choices without having to reread the ENTIRE book again.",3,1,1.0.3,2015-08-17 21:24:18,,
gp:AOqpTOGfQg1xyycJuntSHrVZxFjHwg16JsJmBKGj6E7ttYvCP_S_Wi_6DHlW3xPI824NJUgBhLyqE9iETlLjWw,fenrir dies,https://play-lh.googleusercontent.com/-2jcOSj6e28M/AAAAAAAAAAI/AAAAAAAAAAA/AMZuucm-SpfVHu5_xwyfDxmJBzs14W2pyg/photo.jpg,"The fact that when sexual preference is asked you're told that you don't judge at the school, one character has two moms and their are a pair of lesbian cheerleaders is going a bit overboard. Logically speaking 50% of the people in the game being gay isn't  realistic and plan annoying when you're trying to show how ""forward thinking"" you are. I have no problem with gay people and I'd be just as annoyed if as much attention was being drown to people being straight.",5,19,1.0.3,2015-08-14 20:15:41,,
gp:AOqpTOFwDfrKNy8WiGYKCVZ_H-hzbcYuaH_z9p-C8GV7dSlABW9Tfl2kQbqDu6fMJKUyuLAi9KkZ3R5pMuwvhw,Rina McAwesome,https://play-lh.googleusercontent.com/-EpnODIpjFc8/AAAAAAAAAAI/AAAAAAAAAAA/AMZuuclvpPkeY_T8LxTNDjhTFl6dQBbZ-g/photo.jpg,"I enjoyed it. Simple, but fun",4,0,,2015-08-08 22:47:54,,
gp:AOqpTOEuj8iai2K1X0ZZHXL8UHX-y9AZAyBcnrWD95ILR7ExcKjqeURGgRfSz8yar2phJPT6GjBFF2TVKLSbeA,Zoe,https://play-lh.googleusercontent.com/a-/AOh14GhIGwRa_1uXpaIsv39N6CQ7PFjGJ5XDOeKHcWcT3g,"Great story, great characters, and I plan on replaying it again as soon as I can. I wanted to only play for like 20 mins but I got stuck and played for a LOT longer. Loved it!!!",5,0,1.0.3,2015-07-28 00:27:24,,
gp:AOqpTOEnT_MI-zr0HquvDiLJuQRO1aS_mqZ8xk0yfSW_03dLPGAbGrEz_UZOBae4FXd2VEAfXe4Xh4b-EUtI8A,Madeline Deloria,https://play-lh.googleusercontent.com/a-/AOh14GhXDjuoT4lQdeeo3TbXG4f1DBfZ3RdTfTgSZ2QH,"The plot was good and all, but i never really get much of it. The mixed drama of a highschool senior was okay. Still, i feel like it lacks something.",3,0,1.0.3,2015-07-19 23:09:43,,
gp:AOqpTOFAlgu8vuOfLLksTmiElJGBb6dVNatXQSWeH9A0B19vjBTTok_x4cqEXkdi2L-85GGDy8PAHGJrOzN16A,Kyle Jones,https://play-lh.googleusercontent.com/a-/AOh14GjHPzhHbgxpGY5IrLmH2IMxV9uEoj13XLEpmyhU_g,It was amazing,5,0,1.0.3,2015-07-18 19:25:17,,
gp:AOqpTOFQ8si81Wu1-5R3lMNIHMBIHj6K1J2gRA8pNN1J5IW7iLeF1xon3h17QLRHRg2EJULpDwDbPalvOQ4ptA,michael rodriguez,https://play-lh.googleusercontent.com/-gPAeFdx2I8Q/AAAAAAAAAAI/AAAAAAAAAAA/AMZuuckcjHXY9qcworflg83FdW4qQnicBA/photo.jpg,Makes me want to change how my early life was. love all the characters you can date,5,0,1.0.3,2015-07-15 19:23:56,,
gp:AOqpTOHAEI4390blIOhGCUsZuhbh6ckxPjAoeKdfUVKMCsQXbazrOEknqplF_rNnMXxyHOBJyKO9pr61u9nR6g,Lazy Attack,https://play-lh.googleusercontent.com/a-/AOh14Gg11Phww8qCK7mDYN8d3MsMUz0MvHN7SqKQKVcZ,"I lost my self playing , I only wanted to play for about 15 minutes you know to get a idea of what this game is like..... but the game had other ideas like me playing for more than a hour.",4,1,1.0.3,2015-07-15 18:27:10,,
gp:AOqpTOGgcVa9hvW4RSzd_opjJnWFTd45IIMs212lH9TUzKjLpgAqB6L-Y2pyroSZM3GggnQzwvD136pk4tnuOQ,Michael Kerstiens,https://play-lh.googleusercontent.com/a-/AOh14Gh2MNQlMk8EbuQSMMYOUn5envk5tZLUynzFqOAs,"This is aimed specifically at teens, which is okay, but it gives me as an adult little connection with the story",2,0,,2015-07-15 11:31:12,,
gp:AOqpTOEqPBCIu1ZXLMz2DEhCMS9TVGpoToYh7H_mKMm8XM7gxSr9837_sRTUCfoIWDoRA6OzQoR89sw7XSze-g,Elaine Salamanca,https://play-lh.googleusercontent.com/-r13p0iSyL18/AAAAAAAAAAI/AAAAAAAAAAA/AMZuucl4W8zoumB4mCogWfcaOkTZkxqR3g/photo.jpg,"Absolutely loved this one, but as the other reviewers said it isn't really as complex as some of their other stories. Was really fun tho and had lots of replay value (is that a term even hehe). Worth it if you're after each and every great choose-your-own-path game on Google Play, but if you aren't then yeah you could still buy it but you may or may not be somewhat sliiiiiiiightly let down. Still worth your money though in my opinion. :)",5,0,1.0.3,2015-07-10 23:11:41,,
gp:AOqpTOEYukSF9Fuj7MFWSqJflZW9-ccAAYyVoWXBzyA1SGRMeVtcehxfe5Mamya9k2Q8jovF4M1mDYy8Mh23hw,REA,https://play-lh.googleusercontent.com/a-/AOh14Gg4PaqN_rmwjPBJ7IGW2zmH0eUgMSPJgCBwhxu3Jk8,"Awesome games, always well written",5,0,1.0.3,2015-06-29 21:42:35,,
gp:AOqpTOGEKXIoBgOX1cq2jjQqpWPAQa4-Z3Br6-frLsIyTvqV6baV8Wljo9ugpR3OoCqVFc8KPnDNrH4sU-eJCA,Kai,https://play-lh.googleusercontent.com/a-/AOh14GjudDS0uZuGhjjyPjDv-7uJRvYOrW-Rihl763ecRw,The game was a black screen and it shut off my phone every time I tried to get into it!,1,1,,2015-06-23 10:48:12,,
gp:AOqpTOH_TUqVA_MRB8xmrS5OeoXI91RCBQgz-T729dFZrosDOEP2se3D0XplJutO2zO3E1J9mGJTwQ4NfcRafQ,Abrienna Carter,https://play-lh.googleusercontent.com/-qkeZdW3ZT5M/AAAAAAAAAAI/AAAAAAAAAAA/AMZuucnlOMnDvv3fqHTMYa2ghFS4vpppug/photo.jpg,"The ending sucked. I was thinking that it was going to be this action - packed, and suspenseful fight in the end, but I got nothing... literally the only thing that is stopping me from giving this three stars is the fact that the plot buildup was good up until the ending and it dropped there. It seemed as if the author got a bit lazy...",4,1,,2015-06-14 11:39:22,,
gp:AOqpTOECvhp794wbhkHTG7TTjzG1KrjUOYk06Gke1R5Gjs9n9eE1kNB3SaCi9E_cAeXn3wI2GruQVgPJJymLsw,Hoseah Parr,https://play-lh.googleusercontent.com/a-/AOh14Giwj10lbK7NtEr43olR06Ps_Hv4R1yd-iKSssGD,Liked the story but the endings were abrupt.,4,0,1.0.3,2015-06-10 13:48:01,,
gp:AOqpTOEfeA4UsB2Ntu8qwe2cUudn6h_Hy9KiOlwUbSmXIa6rHCdsdTexictnY3gsk8-tvTNUuwskq1MGsYRF9g,Emily,https://play-lh.googleusercontent.com/-JKGq4SSg0fM/AAAAAAAAAAI/AAAAAAAAAAA/AMZuuclV1A_DBFegFwhRbcgQcxn2EXLSEw/photo.jpg,Make more like this! Make a sequel!!!,5,0,1.0.3,2015-05-24 10:23:23,,
gp:AOqpTOFLd8w9LA13pQKmbYV2RzETzN9c5rS8YSb7LH4A6ZfTa8VdqURLKRlsbUl67BE3eiJXFwqidxtSQmdKoQ,Sean Abbott,https://play-lh.googleusercontent.com/a-/AOh14GhHIfrlN7MKrj-2sm5cHbvRzjuotlA0XpGO3bjnYw,Anyways a fun read and love being able to influence the story,4,0,,2015-05-23 23:43:08,,
gp:AOqpTOHFIvxBU8qiN2kY0O_6g0j8580Lk9kihYI6UUxBb3s3Xd6P1-FCvARYaF-9xBiEsRGq2v9H9sUD4EFNCA,brad fry,https://play-lh.googleusercontent.com/-TZWcXTn5h0Y/AAAAAAAAAAI/AAAAAAAAAAA/AMZuuclnpcZylFGX-quzNQ0VqEn29VqHPA/photo.jpg,A fun read.,5,0,1.0.3,2015-05-08 17:18:54,,
gp:AOqpTOHydE6IdIgdSCFsSVARlMUAlAhDzm6TapqSzp0loeBH4S0wByTWCDh6E8H06QFOCK8WtI-e-SFMJ8nzIw,Karina Cashman,https://play-lh.googleusercontent.com/a-/AOh14GhvZiSBq7wLNZ_Gtdzrdfs2WlLBBtk-Glo1t2-zUw,I really loved this game and I would certainly recommend it. It is definitely worth the price and you don't get tired of the plot line.,5,0,1.0.3,2015-04-25 17:17:28,,
gp:AOqpTOFt4g7lNyYHax6_IQVyYgfF_8mZT2nWupOZJOHM2Pg_FaVJF6uSg5rC1nKTVo4BUUYoNFux6NUYxuijbg,Alek Merrill,https://play-lh.googleusercontent.com/-0CKw2dN-ujo/AAAAAAAAAAI/AAAAAAAAAAA/AMZuucnkX5t4KQB2UYW-Xb6poQDeMpOJNQ/photo.jpg,Good length. Good replayability.  Deserves a sequel,4,0,1.0.3,2015-03-13 04:13:45,,
gp:AOqpTOFtps-drxT81YmPTy7_n5IHQ16x5eX70nkYCMI0CBZ6GSLO1JPphRp3LgQ6SoIItBYW2ibGLuge1jdNsA,Ricky Gabbard,https://play-lh.googleusercontent.com/--DvXIDewe6I/AAAAAAAAAAI/AAAAAAAAAAA/AMZuuclTZ7WVnlLfijYxBhwz1wn56cTwUg/photo.jpg,My heart was literally racing towards the end.,5,0,1.0.3,2015-03-04 17:01:13,,
gp:AOqpTOHvf8_PO8wsWrngU2n-w_5wtQuv_DLH6Eu6mHZ5YSJrn3xBswBMUYb_iPGP9ouseQf8dArWrCxgdgTnaA,JesseTheHappyGuy,https://play-lh.googleusercontent.com/-JIHpiB4oDKg/AAAAAAAAAAI/AAAAAAAAAAA/AMZuucmBqfxOCCVzUndnJJxESMRk__104w/photo.jpg,"Very subpar in my opinion, the story only goes in one direction and it felt like the story started as an esp sort of story then took a hard right into maguc and witchcraft",3,2,1.0.3,2015-02-02 01:13:39,,
gp:AOqpTOGp_VwSEHjcUKyzE36xh57vzqqiOcdgd_m1DhfZehjX1SwCjMM7bqiL256H-RXiDbsKjCW6CSbJSLAjHw,Sophia Mufti,https://play-lh.googleusercontent.com/a-/AOh14GjjOqbieXg8Key11wcWZ8oNU4OcCOmr8-d9m1ERJg,"The story was ok but definitely not worth 3 dollars. The replaibility value is extremely low because very little changes from choice to choice. There's a huge hook in the 2 chapters they give you but that's about it.  Like I could literally sum up the basic plot line without even considering your choices, the romance is not really incorporated its just there (and it hardly matters who you choose cause there's little development) and the endings are pretty unsatisfying. Overall overpriced and super short",2,9,1.0.3,2015-01-19 19:35:00,,
gp:AOqpTOGGofOpmMMYMylWfseWhJTi9oWqot2IgbgO0n4sicKKsOfbS6vNQVeXCDPKZ7ntx7m0F0FHSR5Y3f9ALQ,Ronnie Franklin,https://play-lh.googleusercontent.com/-ssaEFFQHdTA/AAAAAAAAAAI/AAAAAAAAAAA/AMZuucmkGN1aW-hDkIbTeuVml5jXIS5sGw/photo.jpg,Some Major Dialogue issues!!! I made a very loving relationship with my parents and yet they acted like I was just a dumb kid... Where did my choices go? ._. Fix this please?,3,6,1.0.3,2015-01-14 10:45:54,,
gp:AOqpTOEUcG5f922nwqwghVDu4M5ENxy7gLoFDeFL-1u3aJt_Zm0thDq7hCUFPW0oDsbOcHJcR5qmMT8bnftDAg,Jenn Martin,https://play-lh.googleusercontent.com/a-/AOh14GiTiNn1h_dAJGQClA1UHlU324x8N711z8TNyujCW9A,"I really enjoyed this game! I haven't played any of their other games, but will definitely look into them. I think the IAP is so that you could buy other games from them from the app- there wasn't any IAP during game play.",5,3,1.0.3,2015-01-04 11:05:56,,
gp:AOqpTOGPJ-gJa_EJ6xK3jZLHT3Z-EaSBr4s0C7XW6CR9bJYLab_dkZU1E-bJbYh3Y_yBxeS4M5QC0dQsLe3wog,Cannibal Joker65,https://play-lh.googleusercontent.com/-zW-w4PE0VA0/AAAAAAAAAAI/AAAAAAAAAAA/AMZuuckKTQtAzMvijraqsE86FimQECcEMw/photo.jpg,Great game in my opinion. Maybe not worth $3 but still good none the less.,5,1,1.0.3,2015-01-03 19:45:00,,
gp:AOqpTOFhiOmKgwhcQZNOyrizPY8UBlHaPRoHzPCUUYwwESnqLtHyEf4HTt8PYUA9O73giQuYZnUu4ouxxUmHCQ,hayward garvin,https://play-lh.googleusercontent.com/-efSXJlAp5wY/AAAAAAAAAAI/AAAAAAAAAAA/AMZuucl-ZanL2ztylymcUoTf0tTwPsMagA/photo.jpg,It's definitely one of the best ones right now next to choice of dragon,5,0,,2015-01-02 16:15:44,,
gp:AOqpTOEnjGse3EdaVB8CxEck1wH3kNsx-j4aW-Y6_XT8D5y7C1P8WGGboSyq-I11T4JOf2NsD90WYOHTc3sCpw,Katie Wisdom,https://play-lh.googleusercontent.com/a-/AOh14Gi-dM-OoCarRG52jziG92rFA00APlVpmEC2W4HgJWM,"Overall the game was not to bad, though it irked me a little playing a female sometimes the male love interests sometimes have  female mannerisms. Like the author did nothing more then change the name and she to he throughout. I have yet to encouter this in any other Choice of Games game before to this extent.  I tried to overlook them and move on but the story its self just was not enough to keep me invested.",3,3,1.0.3,2015-01-02 14:10:42,,
gp:AOqpTOEDTMxteltO15mHWqJ3l535tTI5lauwikMVjGVFLhSmwbIGLbg0Yzr0ItiK1usZhmF4-HOm1kl8QQTSNg,Eqs,https://play-lh.googleusercontent.com/-OT2snpn3ePE/AAAAAAAAAAI/AAAAAAAAAAA/AMZuuclMBMElr8SokO4s1p5RJB8LXZjJUQ/photo.jpg,I love the story and wish there'll be a sequel.,4,0,1.0.3,2014-12-28 11:07:15,,
gp:AOqpTOEvyZZN_5IHW4woLAapKqSFJjLSTtWeyM9TTsxwRZJ8qVKF8HuMtMdWdjAgS09q2BrO4zCxh3Zs_tpFkg,Eva MC Morgan,https://play-lh.googleusercontent.com/a-/AOh14GgFpaiw-uPabU_hYo8c2m-3xHkl2chgX9LnDgg_,"Love this game, and all the others. Great story",5,0,1.0.3,2014-12-26 16:47:53,,
gp:AOqpTOEZQ0VZwykgzbs0AZNkEKsqOl7QZNg4rw1-kna2OO16SaS_RxTIXSton4sI7wZPWEC2CTzewy813tZMHA,Alana Joli Abbott,https://play-lh.googleusercontent.com/a-/AOh14GgsKLrUxd3bSygHMrPO4QDF4EiIoWoO3s--4Ax_L7k,"YAs and adults who love the supernatural high school genre will find a great example of that style of story and be able to impact the ending. At my first play through, I know this one has replay value and I already have ideas for what to try next time. Great game! (Disclosure: I also write games for Choice of Games.)",5,0,1.0.3,2014-12-25 16:36:37,,
gp:AOqpTOFT7JzT9vdRF5-XL19qJ6224fh_sla0pBIGGUznbaYeYSxhzFLXWyOc7Od6LRk1U_uFyBRIOHA6rHspyg,Delon Eubena,https://play-lh.googleusercontent.com/a-/AOh14GjwUUfQGyswNrh91XyPiHBKo2flPHLK44Uxicx4Mw,"From watching your protagonist grow in power and popularity, to dealing with your rivals and building meaningful relationships, I deeply enjoyed the strong sense of choice and character development in this. The central magic mystery made for a great capstone to the story. Splendid work on this adventure overall.",5,8,1.0.3,2014-12-25 07:18:04,,
gp:AOqpTOGdgO2YbVeGy9UKwUOLtTJvVma0-nkiiOfY2O4OKnSB6DpfaGq8-s_GRYAvj0zSmmtOGuGxDeYDglj33g,Sami McClelland,https://play-lh.googleusercontent.com/a-/AOh14GiZ4VjZD8D-Xt5uy9MfIgbObiDRZA_bSMqYpqPcoQ,"I usually enjoy most of these but I was just not feeling it this time. Maybe it's because I'm a decade out of school and some of it seemed trivial, or maybe it was a newer writer or something. Not bad, but maybe only worth it if you're a teenager.  Still will try to play through again.",4,49,1.0.3,2014-12-23 07:52:20,,
gp:AOqpTOHXIoOmvb-w8BL7jjdBn-61tkSkYWSWIm-I0KACOJuZcXBmz1sNSX8Ks5ayd6oRaAhsTPBuncYd-C0rdg,Moo oo,https://play-lh.googleusercontent.com/a-/AOh14GjKAX81obZlELcsioyIOQhnVaKjWdMf-KnCC_K3ew,"I couldn't seem to fall in love with this one like I do with the others. It's not a bad game. I would say it's pretty alright, but it wasn't my cup of tea.",3,2,,2014-12-22 16:34:24,,
gp:AOqpTOHIPtv-64hLm_0WewoEAO4Fn2IaxtZyct3IHMvyTh8k0WiSb-DWndeSizqDCdr2AvkDL6SeDzSb41wEzA,Peripatetic Mind,https://play-lh.googleusercontent.com/a-/AOh14Gi58wFGrRssrUvwxGKZY8emR4KwVhqtsaGl1Jkh3Q,"I usually really enjoy Choice of The Games games, but I felt like something about thus game just didn't sit right with me... I felt more like a spectator observing how the story unfolded.",3,5,1.0.3,2014-12-22 11:37:42,,
gp:AOqpTOFE5rVUG4qYLVSzfgoqTBDFGDCj_NFHbRov8VdIDoZKghSl3dwcbh8qsRNCVzvHBATXJiwXMQZWpzyT8g,Will Smith,https://play-lh.googleusercontent.com/-Y33ULXFwU8o/AAAAAAAAAAI/AAAAAAAAAAA/AMZuuclsQQ3uyYqCdFW-3Klzb9M-n8f_JA/photo.jpg,The recent choice of games that have been coming out of them pretty good in this one is one of my favorites that have recently come out usually they tend to be too short at least the newer ones used to be but this one is pretty good length,4,0,1.0.3,2014-12-22 09:43:36,,
gp:AOqpTOH_toE4OVyfrBjYpsmdzkOAmbtrYXdQQh6nl4ouSjfj76gWr59upy65CMFLKjFd0hy_Ymu7Yc73m1VQFA,Joel Hafvenstein,https://play-lh.googleusercontent.com/a-/AOh14GhiCxJ_9LwAFl_twtQhVu_MJUQp0hDFu2g9uQ0a1g,Loads of fun! Good replay value too.,5,0,1.0.3,2014-12-19 14:44:22,,
gp:AOqpTOGmky_8w1XGMqAYVCXQONNpL5Gw7ZLSEGQFnEzmmldP1wF2eR40xGtfFdyJlM_s8iCmu75TBQhkb2WLZg,Josanne K,https://play-lh.googleusercontent.com/a-/AOh14GjWPeKLU3plhWJPE3NXy1_dmZSF18UPBi64QDBcnw,Awesome,5,0,1.0.3,2014-12-17 21:39:16,,
gp:AOqpTOHxYQcys2M49zroFeju4pzsFxDGyLjG2hMfNxOOdIZ30Ot13LiqO7B3-K37xLtsRdOyo7On37C3-ostMg,Pattrick Pong,https://play-lh.googleusercontent.com/-h7iMCiPFpK0/AAAAAAAAAAI/AAAAAAAAAAA/AMZuuckqv14UV_Bj-eoQxGKjo5FHVFcl8w/photo.jpg,however I cannot find all the achievement. any hint here?,4,0,1.0.3,2014-12-17 02:48:57,,
gp:AOqpTOFVkEb7jCIh2xFu0JwmG87R2IXqwDT8MiuBsg0-lk7IV2mDMl6Z2cFb1TYJ1YtrIoE1HcQXpNRtHM2Sug,anthony lopez,https://play-lh.googleusercontent.com/a-/AOh14Gji35AufNhQg6pIxhoLcitSlSIJqzEDgXTJ9Iwi,Awesome!!,5,0,1.0.3,2014-12-16 19:56:34,,
gp:AOqpTOG0Hu9lBLEcOhrBDn6YQBQubd_8oR1fgcA-n9CPLWCA3iquwfSm8O5L-tfl2CCY_W0AkVP3Day8KpW37A,Cry ler,https://play-lh.googleusercontent.com/a-/AOh14GgxxQ4lRwpxwM2NQEu6LU59E7inC6O0FZxOKKigCw,Easily worth the money. I was engrossed for the several hours I played it. I'm looking forward to future titles from this dev team and especially the author.,5,1,1.0.2,2014-12-15 22:17:20,,
gp:AOqpTOGImnXVkHv1BxQc4bLapiD_AXH7597ICCmfi10m_GElNzD6f3E9tRoLUb_3KTXlmW8Ozz-bHOU_l-QPWg,Stephen Nagy,https://play-lh.googleusercontent.com/-MXxRgDLI-ss/AAAAAAAAAAI/AAAAAAAAAAA/AMZuuckdubzNItlfgeudRUO8tgcu1QpfIw/photo.jpg,"Good, felt a bit predictable and short. Overall a high quality COG. Reminded me of mix of Xmen and Persona 4",4,0,1.0.2,2014-12-15 17:32:43,,
gp:AOqpTOECUPP0aoZYQhbmr_EeE0V1RKaGwKmiXGHNbf-407ylqU5otLE-AXUddfNBQrlNaE5zzMBFgIyOrbGqaA,Jose Ortiz,https://play-lh.googleusercontent.com/a-/AOh14Gh9A2mTslCFDwUgA957DoXqoLrye6--XTtt4gu1,"It's great, it gives the options you want and it's a good length. Another classic",5,1,1.0.2,2014-12-15 11:06:45,,
gp:AOqpTOHB_iCIXfHSw3XAlzNrgroSd2QvOQmEFu4fHhtHJqmrSvC1QzQDdgnNgNxGUSoG3q2-1BFNyFzYW9hUDA,Mike jr,https://play-lh.googleusercontent.com/a-/AOh14GiPqKiZxaX6SQbHUiBwnjHcRkHbxAo0Q2py5008Xg,Love the storyline/game.,5,0,1.0.2,2014-12-15 00:34:30,,
gp:AOqpTOG7UXzZ0iRLSttimjVqBaZX-xkd2y1Gw3c3ai1rdJtswzE094PYXiLJBdv1qDYOCY0HuVRyHBL0gbNp0A,Brandons Gold,https://play-lh.googleusercontent.com/a-/AOh14GgIWztaU90yxE0gun5XNhtwP2Gg8oJrYD2nYz1M,"The story line was absolutely amazing~ There were a couple of questionable areas, and the end was kind of goofy, but it was really good all around. Definitely worth the purchase~!!",5,1,1.0.2,2014-12-14 21:25:29,,
gp:AOqpTOFKOgUQnjnks65oK3UvycKDmTXxbGIMAjI5cnLWkQjsUAevuARzq1JzbtkR32KJRiPRT9YLLyK72jes9w,yahne sneed,https://play-lh.googleusercontent.com/a-/AOh14GhtInWOW7510yrvyyZiGR6mDQXyMDhOcfGl3X0SEbU,I love choice of games. And this game beats the others. It's very fun.,5,1,1.0.2,2014-12-14 11:08:59,,
gp:AOqpTOEJIREaS8z3urSk8IptFHBAykKwvauaylfpBc7o_GfsXXjxZI1Ioj_8N3NfWHpdUojIlOdqU31Yb8MKRw,Phylicia S.,https://play-lh.googleusercontent.com/-fKfwhinke0w/AAAAAAAAAAI/AAAAAAAAAAA/AMZuuckh-qun748Jvqc5Rqxa27W1Yyg3qg/photo.jpg,"I know there have been a few CoGs that have been falling short of the mark; this is NOT one of them. This is perhaps one of my favorites now. I love the premise, the writing, the impact your choices have, the character building, and the long list of possible love interests. You get to balance love, extracurriculars, popularity, and saving your school (for better or worse). What are you waiting for? Go buy it!!",5,1,1.0.2,2014-12-14 03:37:21,,
gp:AOqpTOEWEXk7DyaOYvQnPBbe_8X9M_I57jXuPtQESWDnIEWzVFx9pI3u2NRdpV8SjhO7KOHACZZcAZQa4c-DQg,Jason Dyals,https://play-lh.googleusercontent.com/a-/AOh14Gjn-uKPiob7jP9P9fMhD8pot1eXnNDbM9YlGrxeQA,"The pacing is a little rushed and a few of the plot points are a bit questionable, but this is a solid interactive story. The author should be proud.  Definitely worth the purchase and I hope to see a sequel!",5,1,1.0.2,2014-12-13 18:32:46,,
gp:AOqpTOEsQeYrGTpMLIRnBWf6xyZtyz5r9F-9uL0ie7-KU2ONXjXBG49ReWkpX4_oaY6H6R2uRsnFVPFVaMpQCQ,Chey Semple,https://play-lh.googleusercontent.com/-5HXiAljrGEk/AAAAAAAAAAI/AAAAAAAAAAA/AMZuucn-s0NB7-0rTQCgd3MDLpW5cV24xQ/photo.jpg,I'd still give it a buy though I won't go into any details I have been a fan for a long time and it is good,5,0,1.0.2,2014-12-13 02:40:55,,
gp:AOqpTOFpw3XSdlNYOc19LQ2g9Px2JViQwZOks7dWgOEe0yWecnDJoINBsF4TOa0keSw1b9TiMoj8fyGehF1x0A,Jordan Grant,https://play-lh.googleusercontent.com/a-/AOh14GiuRYJ-ngECVr8mDZwb1e0-LT9czg3cMRCVDAiZ,"This is definitely a well thought out and gripping story. It is worth the measly payment. However, it does contain a few errors like a page repeating and refers to choices you never made (doesn't affect game as it continues based on your choices still). Also, the story picks up slightly too fast and gets confusing towards the end. Regardless, this one is still worth playing multiple times",4,1,1.0.2,2014-12-13 02:05:21,,
