reviewId,userName,userImage,content,score,thumbsUpCount,reviewCreatedVersion,at,replyContent,repliedAt
gp:AOqpTOEwgFRInuRZ4sjRtHy82q_esGDjFy865HQVwri5UQxMq7C5d_M6d66Mkk-8y5yZ-GSMbmDSZE-k7h-v_A,François De Grandpré,https://play-lh.googleusercontent.com/a-/AOh14Girgak4ekCQcPjTJ9euedEufl6ouFbyQ1x8lDis,I love this game but there are a LOT of bugs lately. App get stuck in a loop when the game is over and when you're using the lavomancy potion.,2,5,2.0.4,2021-01-12 07:20:24,,
gp:AOqpTOFRv8fRlOF-eceYrmBACr92bVm9826V27EXK_XR_sDGdQBfqcx3WC2LLyLPkBd-aNcT3tEQO3XLwQtcxw,Spicy Mike,https://play-lh.googleusercontent.com/-AxpmBTKhD4w/AAAAAAAAAAI/AAAAAAAAAAA/AMZuucl3PrETjr8yR9IU9sD4I6za1yglsw/photo.jpg,Excellent game,5,0,2.0.4,2021-01-08 21:19:53,,
gp:AOqpTOFPht3tTjlVV8x-8RSiWXK2NKH7nVQE8-_-wGjS_YwIE-je0Xh-2eVT5GdAB63gDjTgNElIdw6AQ4KDhw,Jean S,https://play-lh.googleusercontent.com/a-/AOh14GgpbKnFl4DlmQwYSjxiBM3LaJ2hN8Bn82Edt8HaAB0,"It's a great game. I play this on a daily basis, so I purchased the expansion. I'm really disappointed because the expansion makes the game buggy. Sometimes it won't let me use potions or even end my turn, and there's no option to report bugs, so I don't know how they know there's issues.",2,7,2.0.4,2021-01-01 12:02:14,,
gp:AOqpTOGx1xsE4VNczcNrAch3LAN3RGbTl1CElsh8zGyYafDVnP987D16uVyYO91380RJ--_Q8Vyli07UZ9xxgw,Edli Bar,https://play-lh.googleusercontent.com/-jHrahfa5tSo/AAAAAAAAAAI/AAAAAAAAAAA/AMZuuclNkQFaAWzN6NXl7ytIgtuzCrPc5A/photo.jpg,"A really fun game, works great in pass an play and online",5,0,2.0.4,2020-12-31 11:31:17,,
gp:AOqpTOE3oN_D_9Ql0THxuwPQ4GJB97Xr90NB5Ielikt82LdURn_2OAwTwJU2XzjQgin1ro3XWYIQKTDHh8SLlQ,Matthew Dolman,https://play-lh.googleusercontent.com/-tkqUWlPMjng/AAAAAAAAAAI/AAAAAAAAAAA/AMZuucmx1yyJQXGtky_2qdRa-GpnkV6sAw/photo.jpg,Boom!,5,0,2.0.4,2020-12-29 05:57:21,,
gp:AOqpTOEznxfmhRi7K5XV8cQkhv3cgB4nJVRUGwH1i1zu2BW9AH0Ql5QKKCcqrLyVYwE-OXC8YkzE2y3v5iZ5Ww,Kate Coe,https://play-lh.googleusercontent.com/a-/AOh14GhSbrGL2_IFeFmfRpke-zKQ_RAzAiE9Q61IUDa2gQ,Fun and explosive! The base game is fun to play and the expansions add more options.,5,0,,2020-12-26 03:11:16,,
gp:AOqpTOGctCYlPBgMKar5MSr8V0E0lE2zUQ2ShNekkNH7t3PWkgmoVTsVSx2dqGPBRuuei8aNljC6zDUValuKxg,VISHAL RATANPAL,https://play-lh.googleusercontent.com/a-/AOh14GjVQ2uubsciTBda9zjYw3rsyDOcqpDUK9oUEWdz_Q,"Developer is not replying. I want refund on this game, as my younger brother bought this game without my permission and now he is not understanding how to play, so he uninstalled it, so i contacted google play support, they said funds have transferred to developer, he can provide refund, so i contacted developer, but no reply from his side, i want refund.",1,0,2.0.4,2020-11-02 03:57:09,,
gp:AOqpTOG-4sRiLGP2DjYhvgccaN2J7dDwPZpTn8uaVvJutZUkQK3I6QyrlfS4_JlhuCD2yC7qgCOIKjM5mTTb0A,Michele Ellington,https://play-lh.googleusercontent.com/-OQ9QF0vO9s8/AAAAAAAAAAI/AAAAAAAAAAA/AMZuucmJFZrvlGFmFVfSE_ELtBV5irrbkA/photo.jpg,"In the reviews I read, it said that this game plays in landscape automatically on tablets. However it would only play in portrait mode on my tablet (Samsung Galaxy Tab). My tablet case does not allow me to stand my tablet up vertically. So I ended up uninstalling without everything playing.",1,4,,2020-10-24 19:24:50,,
gp:AOqpTOEhJOEWWwHMuKbjbZBbU_nQz-tR8-kwheoLcPVrNmpoN2JO8B7H-G5kl2DfTpSoRMvi_VGylHcrfIzEZw,Sean R,https://play-lh.googleusercontent.com/a-/AOh14GhL0LLLS94dRp6wghJTVcL1dePQQWgNyHnxmvby,In bad need of a confirm button,1,0,2.0.4,2020-10-20 18:45:12,,
gp:AOqpTOFP7ZuX1kt4uKg5b-Uqow662dBc2hT8T0ciTr1l7n9d3wD6vIHhYipRk8on9yQGMJtTYzJ46-qr34nHAg,Jonathan Maner,https://play-lh.googleusercontent.com/a-/AOh14GjyM-p_suQAAqeYCFmCGFZwpuEOflvbMhSrAElrbOg,The game itself is phenomenal. The app however is riddled with bugs.,4,0,2.0.4,2020-10-09 14:59:24,,
gp:AOqpTOE7EDKSaFjIYk4QqP6hePL9cy8b90k_Fbp49f9M3XSwD1RgkHDQlS6N3GI5Fw4L1juqbrWS9dtST0Jkhg,Harry Bellow,https://play-lh.googleusercontent.com/-uDPMNzl08vM/AAAAAAAAAAI/AAAAAAAAJr0/AMZuuckVIVUnNv6a6CcVYiYJRV23WzJ0sA/photo.jpg,Great digital version with an affordable expansion (currently £1.99). I have encountered a bug with the multiplayer. After quitting one game it did not inform my opponent. I had to let them know separately and they turn also quit.,5,5,2.0.4,2020-10-07 08:51:35,,
gp:AOqpTOHK_oxXoY3-3zYBfYl0loc2Tm57i7yQzd_nxQc56o9D1uQWtEvTelsELvXYF_tuAlNAX1S12W6eaMqvRw,Shai Eizenman,https://play-lh.googleusercontent.com/a-/AOh14Gg0CdOGQhIUlwehDTCuBWeKklwsljtwhK7Z0Mkrg58,"Excellent adaptation to the board game. One of my favourites, highly recommended! 👌",5,0,2.0.4,2020-09-18 09:04:42,,
gp:AOqpTOFEfiPme1zGRetek5CCOT6m484BL2hvfXkGhW3ODaOVkQcP8p0H_8cOjus0xvLlGKBZos-Cs6_93s-ssA,Nara Roku,https://play-lh.googleusercontent.com/a-/AOh14Gg7B-kkVbyRTQ1zzN_Tq2IIvgyWqP5VhI-_bTNE,Love opening up the app to check and see if I have any games to complete. Good for groups.,5,0,2.0.4,2020-09-12 19:20:15,,
gp:AOqpTOGVQGh_TubkOlaBB9zTNqaFuRBspadS_RWcL_oEVtTrDVINgN1sGS3am2A9lkBScPM_Zayv8j9ALuNe0A,Mike Sprague,https://play-lh.googleusercontent.com/a-/AOh14Gi-4no-Wc-Xp5hrITbNVBzlDexLJB2t_vtqolOD1Q,"Notification system seems to work better. Now, if they'd add some sort of chat system, that'd make it 5 stars....",4,0,2.0.4,2020-08-31 13:50:01,"Hello, 

We are deeply sorry about this. 
In order for us to investigate could you please contact the support: 
https://asmodee.helpshift.com/a/potion-explosion/

Best regards,  
Asmodee Digital support",2018-04-18 08:00:37
gp:AOqpTOHNyfj_enUWTmCtNAswf-Pqji-a0E5fwQQDhxudvjUNo2MGrSccec54RxYBJjlC2aO_7OhtcvpVukaSog,Jessica Burnside,https://play-lh.googleusercontent.com/a-/AOh14GhSn_ixZRgw2ZsNRQyjCzK0XzXJ-ZDDE1v67pJNcQ,End of game is only recognized half of the time. Sprockets just spin. Have to close out game and reopen.,2,1,2.0.4,2020-08-26 08:17:19,,
gp:AOqpTOE5nzijYAQUiA8AtO61W7oU9wUEghasheNgR6oVwJI75qqWHFQc7qw4Ve-FlkymPxiBv4BJK8uIkOf6IQ,Tearanany Takana,https://play-lh.googleusercontent.com/a-/AOh14GgFdkce8WQ1gngbR4SPV5nKzYIGd70VIqQsYjgK,"Fantastic and addicting It's got a good variety of potions and professors to keep the game interesting. It's challenging but not super hard, especially once you understand all the potions and how to really get good combinations going. All in all a fantastic game that does the board game justice.",5,5,2.0.4,2020-08-19 20:26:31,,
gp:AOqpTOHry4d2NCDQxtQBSTIAsA4eDePXb7W0wbh8UUP7zK3rPMvmmMM9IC_FGWqSwbReRaevEAAoyIhtUbggvA,Matthew Grant,https://play-lh.googleusercontent.com/-KJS7Zab973U/AAAAAAAAAAI/AAAAAAAAAAA/AMZuucnJvy8pjJ5jVhRa2Qbrl_N7uWrUCg/photo.jpg,Enjoying the game... Can be tricky to win. Good port of the board game,5,1,2.0.4,2020-07-28 16:41:19,,
gp:AOqpTOGVTUsko0lCdNIO4I_fBnqoq-4VS8px8XvF1EPtYZhxng_TlyV9P59-INnk1uwRrbLsgygtcbWWbyfHfA,Airou Motosuwa,https://play-lh.googleusercontent.com/-lndRoXn2Lx8/AAAAAAAAAAI/AAAAAAAAAAA/AMZuucn4vVdfldAF54VbX9weK9URlJu3QA/photo.jpg,"Nice and colorfull adaptation. Please create a search for online players without the need to be in the active app. For example, you just create a lobby and exit the game. When all the players are found, you get a start notification. There are few online players and waiting takes a long time.",5,3,2.0.4,2020-07-14 15:30:54,,
gp:AOqpTOEm-f2GhYiKDHYrEU1vJJSxbjGS5U6M1PzZRED56ss1r6g5xSOTFzlXaPWfxU1k1ZOEVuSU_YyCgyAw-Q,Christopher Martin,https://play-lh.googleusercontent.com/a-/AOh14Gj1ckU-_Lq_y6f3fZHCjzXyrHgSwfBirrLLWBEP5g,"This is honestly one of the best board game adaptations I've seen. The graphics look great, the potion effects as well. Having played the board game prior to this, I actually prefer the app. No setup, no possibility of literally losing ones marbles. The only thing that I don't like is that your starter potions are randomly assigned to you, whereas you get a choice in the actual game. Excellent game and expansion!",5,4,2.0.4,2020-07-09 04:37:54,,
gp:AOqpTOEbgTsAhNJVOFjKaHzDA6AD5SA7WhdbccPhDGWIE3zCYv9T8oCJjGylsYah9Yvlm93E0g9ulEa-nXN1mg,Forrest,https://play-lh.googleusercontent.com/-xcjBz_yhhIA/AAAAAAAAAAI/AAAAAAAAAAA/AMZuucnALTEvOSIDlDV7IhcCnAj12QBhVw/photo.jpg,"GAME NEEDS AN UNDO BUTTON!!! Potion Of Prismatic Joy only allowed me to place one of the three ingredients in my pool into a potion. If you leave the game after clicking a potion, but do not use the ability, when you return to the game the potion will be spent.",1,3,2.0.4,2020-07-03 00:02:38,,
gp:AOqpTOEqz16MJObSUM5q9eua74Xli-iMMIvR2aogAaAvpQQLB9LbrrG1O_N_UF_H06403vOqNyhCRZstPOAOPw,Jason S,https://play-lh.googleusercontent.com/a-/AOh14GhWbn9n_64nUAEkEAffnu7NmQdI9_LR1Em--134,The game is ok but very hard to win against even the easy ai. It does not make it fun when it is so hard squeak or a win on easy. I'm scared to see what medium and hard are like. Is probably lose on the first 3 rounds. Glad I got it on sale.,2,3,2.0.4,2020-06-27 07:53:24,,
gp:AOqpTOH7AsHBkmFnndNUuj9LgdPVc-e108pgRu79Tafqr1xlSqulpxItZCz05ArrDGHg_eeFYNHWoqJtJZJ4YQ,Jelly Feynandohl,https://play-lh.googleusercontent.com/a-/AOh14GisJO--D9MEh4Xxg2KcshP3ar1n6OMFMK2e3vCXruA,Love this game,5,0,2.0.4,2020-06-15 19:11:43,,
gp:AOqpTOFMl64ATWYNO-_HVzo4HAD8n8m4LexcWbQg-HpZvaG-MVTp4lFzToOuITsTWzmhYahEH4yBnYgShVLzgA,Joanne C Dolin,https://play-lh.googleusercontent.com/-v9HRcG7yGmk/AAAAAAAAAAI/AAAAAAAAAAA/AMZuucnWZDgRhEdP4mVWt7SCt_otr3fu8A/photo.jpg,I paid for this game and half the time it doesn't count your games or achievements. There is so few players that unless you personally know people who have the game you can only play offline. There is no way to contact customer service to file complaints. The board game is much better.,1,3,2.0.4,2020-05-22 09:01:22,,
gp:AOqpTOF0h1eza5M9fDTXUB2JOr5I3mvKmAkZmRc_vMWrGokBJpK3R4QVfOoc6Hq0ralzO7YiGjS-TTFx85BlzA,Stephen Terleski,https://play-lh.googleusercontent.com/a-/AOh14GjQLuTxBhQ5d_HmLET3HPL4MzZlznRZtiD9VkGxJQ,"Fixed version. Great game, no complaints.",5,0,2.0.4,2020-05-19 17:13:30,,
gp:AOqpTOG1i_la3LYziiNgDKnSo_IwtAcYlfsJYB4rYXrQgui-LtFOHRXGvB4vGBsdp1SGMpXhbc1ytnSysaZNog,Angrod Vardamir,https://play-lh.googleusercontent.com/a-/AOh14GhVpoFyt6f5vr349tLt2WWRde2g41pvQPjEOi_X,"Superb game. The digital implementation is one of the best. Love the analog, own it but digital helps if you are alone. One thing though, when you activate a potion, hope you can forgo the action and return back not using it. Also creating online game shouldn't wait til players are joining. Can be on the background.",5,5,2.0.4,2020-05-08 23:12:38,,
gp:AOqpTOGrLxiemawMrnpkpgXRRBTIYK-aTtMO232Zstf2_MiHRWBGNXa76TXUWgbsMACpo3o9rhJFwi1kYhM5cg,Thomas Clancy,https://play-lh.googleusercontent.com/a-/AOh14Ggv3WgYRZzLbjw7EqZ0BOf_ShHXB4pJYdDLyhBoIA,"Haven't been able to play a (solo, haven't tried online) game for more than 5 minutes without it just closing out back to homescreen on Android TV/box.",1,8,2.0.4,2020-03-01 15:29:05,,
gp:AOqpTOF5hCtKNNVl51wL0sLy0nuil8-3j3WXFW3elJzY4rbCCWEUjh6-2e18dlvrF_Nqt28BbGhynvxbihB6_Q,Natalia Goykhman,https://play-lh.googleusercontent.com/-FgXkZn-siq4/AAAAAAAAAAI/AAAAAAAAAAA/AMZuuclyLOfAFL_vhqKfWDqmz6TgEJnTfw/photo.jpg,Fun and addictive.,5,0,,2020-02-24 04:13:12,,
gp:AOqpTOEBRsQYm6KLl08uC2zjA-HQxcusDSRexYwD-onAxTJmJ5qjzm6gp9tF3rZIuGOJUbCJgAt4r8KDV-G44w,Travis Griggs,https://play-lh.googleusercontent.com/a-/AOh14GhXs4WJ2aIe-HvQlG1uCOMPZEW6NnrcucQdNTEGvA,Lowering to 1 star as I put in a support ticket 3 weeks ago and never received a response. Buyer Beware Asmodee games on Pixel devices. Update: Game is unplayable on a Pixel Slate Tablet. Between that and the problem on the Pixel 3 XL going to lower the rating until that's fixed.,1,12,2.0.4,2020-02-03 10:40:09,,
gp:AOqpTOGkVgp6IMKO2EWyMXUHW9fmJpYCOmKP6pgfBificP0GoLoEWp-a9w2Goap749-etU9G2O0Zzw3So4fV6A,Marisa McCann,https://play-lh.googleusercontent.com/a-/AOh14Gjm4srNe0T8PJFs6uP0Pr4o-p4m84EHVrFYKssrxw,I installed this earlier and had to delete because of problems I was having. Happy to see that those issues have been resolved,5,1,2.0.4,2020-01-18 20:28:46,,
gp:AOqpTOGmEqzLpzgj25BkcvgDmoW0kye4Gn6cBdPsJF23qqKrpt1O3FltMIUeZC-lNIku_Q6SzG4kEDr9rcONeA,Benjamin Jeevanathan,https://play-lh.googleusercontent.com/a-/AOh14GijDCKPkP1Js01y0s6C7pgJLngOOyDtEnA7P1xf9do,Great game but once in a while the offline game gets buggy and the end your turn button stops responding,2,0,2.0.4,2019-12-30 10:43:45,,
gp:AOqpTOFfi-hKDlnmUT9J0uJAGw2hIA-1p3sQI0Zv0WjELt44gfP3Rq9Mbc-PgHQrBbTlT9O-RBCraVTadVjQIg,Nauya Vidahl,https://play-lh.googleusercontent.com/a-/AOh14GiQAevRosn-OGmacRh1WvDW3dnkUklbZWN4A-_l,"I love the game, and its my favourite on my phone",5,0,2.0.4,2019-12-04 20:03:14,,
gp:AOqpTOGsKDDPj2BZXbIl6ABU-pCtYZXG3W-akfQXER_JyyF_-XsnwOlht9dmFrc2TWKktcl6QLWjyyL7YAB25g,Steven Mitchell,https://play-lh.googleusercontent.com/a-/AOh14Giof5wQpyvLic0TiaAKqL8LEZTaLhxE5-Kdib-cJgQ,Numbers are cut off on a Pixel 3 XL.,1,0,2.0.4,2019-11-25 20:08:52,,
gp:AOqpTOH2pgEO7MEPUAZ340p_At884zcj26tIjFtsqN5-kyHown_YLOhQJVgfRGvkHqVbvMqSQT41DQe_NmYGNQ,Chase Farmer,https://play-lh.googleusercontent.com/a-/AOh14Gh8t0F9k0eXc3r9Sm08PQrIIoMN15T190lGwd04qw,addicting,5,0,2.0.4,2019-11-19 12:52:41,,
gp:AOqpTOG266F6wz0-gTcyJbTY3E5a-jCgl6RJkdtuUb2LF6OB-IbdL4jBZp2kzppjWekgUbjarGJ0mZCOLUVQxQ,Nicandro Batista,https://play-lh.googleusercontent.com/a-/AOh14GjEsh7Zj0FQXIuaJFVqYsxuYv6H412dyFo5iKpPMQ,"The set up rules are incorrect. I do not get to choose my starting potions. Other than that everything else is flawless. But please update and fix this...its not fun when you are forced with two potions that just don't combo too well and it feels worse when you had no choice with it from the start. It may seem petty, but someone else who has a great set of potions can really pull ahead with points early on, and then you are left stuck with playing catch up the rest of the game.",4,6,2.0.4,2019-10-24 07:54:40,,
gp:AOqpTOHrhlyOvXnSfZdEuWVbzuC9yDv4YP7eBmjD3OsfyrySDGOvBhx79A-E_hW_xQphmI7UyBXiFM41jSa5CQ,KirigayaKazuto Dianah,https://play-lh.googleusercontent.com/a-/AOh14Gj1nid0Q7kzHWiIGUr1n8eQCaIKXdNU4dMxRPvZKQ,I'm using android 10 and it stuck on loading screen.,3,1,2.0.4,2019-09-26 20:18:58,,
gp:AOqpTOFvNGRNkJF6Uiag4RWraE0Cdn4fsqqzj4VbGi9FEfbZHxpot5Mp5p4eLaSZi5hgdaeUHebwW3WWzbFofA,John Butz,https://play-lh.googleusercontent.com/-VsZQMbK8dto/AAAAAAAAAAI/AAAAAAAAAO4/AMZuuckwNISQfzHsL8pEQ3XQ30vn8xGIFg/photo.jpg,Fun like the board game,5,0,2.0.4,2019-09-22 16:24:43,,
gp:AOqpTOHKgRdTOWyaV-KAh-zaSvn1utaQ_RTLxqOQfQeB9k1rxk__eFqStcKClFyxoolG-tqBTUbpp63fGkYpYg,Daniel Sala,https://play-lh.googleusercontent.com/a-/AOh14GjNJn8cE-I9XlxsIpT_4FBOio4g1mumxZU_MVeI0A,"Please fix the game, it crashes at the end, when the final score should be displayed Edit : i played 2 games and both of them crashed at the end, just before the final score screen. The game also crashed when I loaded it, at the loading screen, i had to uninstall and reinstall it",2,6,2.0.4,2019-09-17 10:57:11,,
gp:AOqpTOEhWTXpCG-hElZVrqT1LztBHPsB1h27jkSeY_L9qwsfW5AH3wwly6J7fQyN0T8XETcPImcLnGWHOqNf8Q,Katy Blatzheim,https://play-lh.googleusercontent.com/a-/AOh14GhmJiGei6vbuXrvmZLQ5_t22e4UANFYCep3nl8-lWw,Lose edge of screen on Pixel 3XL,1,0,2.0.4,2019-09-06 18:30:59,,
gp:AOqpTOEfJq7I2HV24HQ5RON-Tca7xUAhuakhijB90HzVCwYNvtw4QqdRInTZjz9fYj_gnDzePQPipuga_sW5Lg,Nathan Booth,https://play-lh.googleusercontent.com/a-/AOh14Gg9_C88zpZc2W2CQZXXLPZoKMOBXAUpEzdRQlPKBJk,"fun, well implemented multiplayer",5,4,1.4.0,2019-08-06 04:55:38,,
gp:AOqpTOFHqlU5KOanFVGYtKx6Vk686VbwRSlTlmw0SpK6iBc6Uaj_Gh3HZiCwiC9dsc8OSMZsjVtb_ikAH9MQsg,Nick Quartuccio,https://play-lh.googleusercontent.com/a-/AOh14GgdvK6kbb_COnBgfcn3BwcaETQzQMJy7Hirl1A9Ogw,decent digital version,4,0,2.0.4,2019-08-01 15:41:06,,
gp:AOqpTOHbh4OvY5ZHOOlS7YMacq2MHaoWpYXP6M31pj_i3ySb-9-FjBfT9EY2NP8Wqw2iLMKiLh3ziiSJqpwk8w,Giuliano Petti,https://play-lh.googleusercontent.com/-CMPw464TsCE/AAAAAAAAAAI/AAAAAAAAAAA/AMZuucma2cxwfjybflDll3BA91jSh1uQkg/photo.jpg,can't see half ot the action options on my screen. its cut off and the app doesn't rotate into landscape.,1,0,2.0.4,2019-07-20 03:45:34,,
gp:AOqpTOGvZLp9VdCLXyfiwxemC9WUHiQSO7LV7aKyXlkU5Xs6hNLq-Acz5W6AhVKe9QroarSHFZJUcRwFESSLmQ,Lawrenberg Hanson,https://play-lh.googleusercontent.com/-BuG_Q6tTXV4/AAAAAAAAAAI/AAAAAAAAAAA/AMZuuckwdhrZMwkALPg6_A4qxvv2zegXJg/photo.jpg,i can't play because I can't see the other half the screen where all the actions take place,1,1,,2019-07-11 19:34:13,,
gp:AOqpTOFOA8Tvqte6NrbRk0fU6gNazPD7aJxeZAdx3hHG1orJ5-i2QgzT0f9L5sEQVqR7VuCz8r85pnQNK8Weww,Michael Scott,https://play-lh.googleusercontent.com/a-/AOh14GiKaYaq402B3dzM3nSJY7I5k8s3WRPJrhQqFDiM8iw,"On Pixel 3XL, when you are selecting new potions after completing some is not displayed correctly and you cannot see the numbers. Aside from that, this is my favorite game. Super fun and always different.",4,5,2.0.4,2019-07-08 09:41:45,,
gp:AOqpTOFC88s2r1vCf14HeO_irf3WvONFoCenAmQggoV6GBdb5PGaWeIBsS1z_cC0m89wma27LZlGmmiOKVSkig,Steve Dupree,https://play-lh.googleusercontent.com/a-/AOh14GjPfa8wnZ_9aKhO1-PGOVLSgLU29n-q8_xcRb83Icw,"My family loves the game. The app has some issues. As other reviews have noted, the app often hangs loading the scoring screen. Also, there is confirmation for just about every choice you make except your main pick, which sucks when you accidentally touch the wrong marble.",3,1,2.0.4,2019-07-02 14:21:32,,
gp:AOqpTOE0CI9XHtCLTwffibNsFr9iPlelQ_n9n6OgXAdqczdfZr7lP8LKt9TPXGv6QUxjk2xYZ_YNqRwGM5ILQQ,Renato Sabbado,https://play-lh.googleusercontent.com/a-/AOh14GiFEsm02wCDyBacileZLyuMISuZZebbm3yzfl5t-A,"User interface is very problematic. Its very easy to mistouch an ingredient and have your game ruined. Why can't we have a validation after choosing an ingredient? Also, when you are choosing potions for replacing a completed one, it would make a big difference to be able to look at opponent's table. There could also be a way to create a game and leave it hanging waiting for other players to join. It's nearly impossible to find opponents without this feature, which is common in other online games",3,6,2.0.4,2019-06-26 17:57:22,,
gp:AOqpTOErQPHDlGJ_ycfgM7UfQTA9f41vPLDja2LFu8p-VK50WQ2MXdCnepQRKgN9NCd2Nxtht6SgdguQ6vR_Zg,Ryan Myers,https://play-lh.googleusercontent.com/a-/AOh14GhkH9sHS9vtKYevKuUS0RyqtpjgkEztqHSDggt98A,It's a very buggy game that has locked up on me several times now and caused me to have to abandon a game. This is not ok for a game I've paid for.,1,4,2.0.4,2019-06-21 17:06:04,,
gp:AOqpTOFwTqplZIk1f9JrORfiPhqELww8NLtOGeBuGDyS8J5yCtbei9IQnJR_n7aibEZM3mCEbZ2lTTSSUxzLCw,A Google user,https://play-lh.googleusercontent.com/EGemoI2NTXmTsBVtJqk8jxF9rh8ApRWfsIMQSt2uE4OcpQqbFu7f7NbTK05lx80nuSijCz7sc3a277R67g,Why in the world is this still not a thing?? Updated review 6/13/19 The best thing about this app is being able to play with other people but there's hardly any other people on and I've had a game waiting to be joined for way too long. It would be great if you could choose the option to create a game and then have it search for a player or sit in the queue and once it's joined the other player can start the game and then it'll notify you of your turn.,2,0,2.0.4,2019-06-13 16:29:23,"Hello, 

Thanks for your feedback, don't hesitate to contact the support: 
https://asmodee.helpshift.com/a/potion-explosion/

Best regards,",2017-08-23 03:13:39
gp:AOqpTOHb7sIYlIZdsSQ8Tgsnau-0r_10r1CeC0qcjj9xzL94OO57DGNMNZ19obYtGyD6wCgVIQzPp4PcMWZBew,Ruby J. Scheme,https://play-lh.googleusercontent.com/-Pq0aY26EOpQ/AAAAAAAAAAI/AAAAAAAAAAA/AMZuuclpq_ZNZotxW2cpuNV3nDvSASo5WQ/photo.jpg,"This boardgame is perfect for asynchronous play thanks to a very small number of turns per player, each of which being near independent puzzles. This digital port is pretty good! Yet, there is room for improvements: the 6th slot readily visible; the 1st never masked by the eye button; a way to leave the creation of tables before other players join them; games sometimes stall just bf the final score display; a button for random professors selection; better AI; ...",4,7,2.0.4,2019-05-10 07:28:50,,
gp:AOqpTOFQsMWqLCMZCz0C-_kGrOkLcsg-cEK89Y3x0E29Z89ibqk5gzyHUyGx7zgCuFFJ32uD9LawU7RiHdTYKg,Akito Hayama,https://play-lh.googleusercontent.com/a-/AOh14GgpT_4ml95bJArUQtgAByarsOmE7omMEsf9XXg8vg,"Crashed my tablet entirely, what a shame",1,0,,2019-03-26 07:27:01,,
gp:AOqpTOGYJ05BHwWgts4MXn4zeZBCOMU1mYJs0nQP3NrFHOlU4TRv787iwEcI1vyf3lQP3wMsVs9pRT5KiUrZQw,Natalie Fearnley,https://play-lh.googleusercontent.com/a-/AOh14GiPURLpz71frbqSmuUrQR8aB1hCHJAfYGN4ywEx_w,"A good adaptation of the board game. Unfortunately, it has a tendency to crash on the scoring screen at the end of a game. Also, there's no online matchmaking for multiplayer, so if you want to play against other people, you have to arrange it with friends ahead of time. For single player, it's quite enjoyable, and is a great way to try some different strategies and learn the game.",3,2,2.0.4,2019-03-26 07:03:55,,
gp:AOqpTOERTqH9OA8zRJn51C95WpZQhfZVz47NfCWve6DeB__yoUwwUwytEiN97hy6R9oPTXdwKkxpVwX1iftXnw,Soy Onodnayruw,https://play-lh.googleusercontent.com/-uxo3feFhKEk/AAAAAAAAAAI/AAAAAAAAAAA/AMZuuclM5IYReQFXZ6K2APRnIJC3PMmyrQ/photo.jpg,"yes this game is dead.. still a lot of bugs, lack of optimization, and not a single player online, even I couldn't finish all of my single player games because of bugs.. it's such a shame",1,1,2.0.4,2019-03-09 05:28:39,"Hi ✌️
Thank you for your feedback!

We are sorry for the issues you're encountering with Potion Explosion.
For any bug report, please contact our support team here:  https://asmodee.helpshift.com/a/potion-explosion/?fbclid=IwAR1Q_44ZAO-xaqnfbBP1v2a11KUUNX8Gqnu85BzySMZIoQCD2VpB_DBsEn4&p=android

Best regards,
Asmodee Digital",2019-03-26 05:55:26
gp:AOqpTOHsSl8PIxB0PX-fXlkCG6H1ELZvsS0WDQg24--qf234zTuulEb4qrgYuQLHfv9UDRSRXvvHbsI5iJ-tEw,Joey Nine,https://play-lh.googleusercontent.com/-xF9WKJ4rvY4/AAAAAAAAAAI/AAAAAAAAAAA/AMZuucnkDQeUUFjpLL4bJGugk0NHhy3qlg/photo.jpg,Issues connecting to online play. I start a game and invite my buddy and they don't see the game. can't play together.,3,2,2.0.4,2019-02-16 06:15:02,,
gp:AOqpTOG7yb5sOhE9Xrh0wruk8y-Hz5lrjTtb3N9mCf7XK5O6r2z03fMJVMwmhuDRMyPHq6gw24Dtpydu5eGdjg,Andrea See,https://play-lh.googleusercontent.com/-wGzcxrh6-aw/AAAAAAAAAAI/AAAAAAAAAAA/AMZuuckt0FKuX11lMslOExGCwwo7MNwiLw/photo.jpg,"Love the board game, but as an app it stinks! Impossible to win against the ""Easy"" robot no matter what you do! The way it's set up it's easy to see your explosions happen, but the robot's happens so fast you can't tell what is going on. He can pull one ingredient and get a ton of explosions. Pretty sure the robot cheats. It might be okay if you enjoy playing online against others, but that's not really my thing and you have to pay to play against any of the professors.",1,5,2.0.4,2019-01-18 15:29:05,,
gp:AOqpTOHZfYNjJGzu0tV3UnYZOG40lISqZiHAbFY1p22ciE0JBxnAPP0OqhZ60ZlpUmY_IwRKwc5z7duGV-NjgA,Filipa Nunes,https://play-lh.googleusercontent.com/a-/AOh14Gh4-lXrY3MdqC5O8vpRxAFelEARVXC8EkJcd04QMik,Not working. It doesn't go past the loading screen since last update,3,0,2.0.4,2018-12-07 02:24:02,,
gp:AOqpTOEuMMz1z_BgJkIHcA067okJ6Nm0140jZHtiBw3d6eGzqJsX41minFAWZdphFtbH-hCO9jhCPBtcO0rx0w,Bryan Gaston,https://play-lh.googleusercontent.com/a-/AOh14GhKEc6xwraP7CSZ-99i8-LrgXGxcSeWMoQRikZg,"Great game, just lacks a community to play online with, once you start beating three computer opponents on hard handily, it looses it's charm, but that's not the fault of the game.",5,4,2.0.4,2018-11-25 12:23:33,,
gp:AOqpTOEdvTPyuUmgljluQgVtvTXxd1oCl3z7gJASrPJIRHzqZZ5to0olLz5xKVTjXH3a1Hul8b2498NA7Hx8LQ,Dan Holbeche,https://play-lh.googleusercontent.com/a-/AOh14Gj6XidJpOBR_EIbuvw6TMC3qH9LHJjz0vNm7Yomuw,Incredibly fun!,5,0,2.0.4,2018-10-28 10:58:04,,
gp:AOqpTOEJYBwxRWnSrrftxUt-h-K_fAgSlB22dbXXR2a9N69CHHdcG7xPPm8hrnlBzObil4OLPOhgKcGaGmEFHA,Rob K,https://play-lh.googleusercontent.com/a-/AOh14Ggv6cvGyyUt4q-otj-W6un8JV_BAuxPWRBCBLBsMA,"I've played the board game a lot, and never seen such sequences of luck as the computer has in this game. Even on easy, the computer frequently gets outstanding combos and marble drops. Also will often draw high value potions when your given a choice of 3's and 4's. Worth the purchase to be able to play the game on the move, but am sceptical about the ""luck"" and randomness factor that the Devs have programmed.",3,9,2.0.4,2018-10-27 22:51:16,,
gp:AOqpTOHDhU77FiCu56BDxylhUz7jogdGdqcjLNS4foiR5g4sQIcsFpPKRnTNf6VFpF08BOUfLkThQhYl2qEBqg,ZAA C,https://play-lh.googleusercontent.com/a-/AOh14GgaLfmJw-mCWwKiDADaGEVfgJ1TWFXWd_5Pl4LT,I like the theme and the board game but the app have bug and usually get lag. so please fix this problem!!!,2,1,2.0.4,2018-09-25 10:27:56,,
gp:AOqpTOEOUk0YknyGYjRYymbCpj1IOqUdQiu96hPArPXe6NPOAVzXeijjgDeKcAm-V1HZU2nTr_tgADzAGRGWJQ,A Google user,https://play-lh.googleusercontent.com/EGemoI2NTXmTsBVtJqk8jxF9rh8ApRWfsIMQSt2uE4OcpQqbFu7f7NbTK05lx80nuSijCz7sc3a277R67g,It would be nice if it taught you real chemistry. Some of the graphics are neat but over all I'm not in love with kid friendly graphics. Great concept hope to see another version soon.,4,3,2.0.4,2018-09-23 17:11:42,,
gp:AOqpTOHLqMRkTHUmr4thgMquYZRaemhqK0XYEdyxHjYtUGkt3hRe68uU5_efI3md3enhkwZF8dh53hgJNBLwsw,Richard Ward,https://play-lh.googleusercontent.com/a-/AOh14GjFIvxImHDMPH8sXnn2F57230B24yLyQUvUWd2Njg,"Pretty true adaptation of the boardgame, but I thought players were supposed to select their starting potions? Also - the AI is pretty tricky. The game is also super battery heavy even with the in-app battery saver enabled.",3,0,2.0.2,2018-09-09 14:25:51,,
gp:AOqpTOEWDlfaf-rmngR8sJba2rqEBOrKJWjvp8BEhtirW6pqJTi1P8FBCdHGCUjrloHV3I9GxKTj8e7Q0Xz5cw,Anders Dator Felix Dator,https://play-lh.googleusercontent.com/a-/AOh14Ggju1Qkam3vndA8WLjJl2cmiwx-Tq4U7MMZCiM,"Perfect ""ported"" boardgame. Visual and audio queues are nice, great overall 
design, easy to learn and even better when you learn how to optimize your 
turns. Hats off to Horrible Games and Asmodee Digital. The only improvemwnt 
I could think of would be to speed up CPU turns. 5 by 5",5,0,2.0.2,2018-08-06 05:04:32,,
gp:AOqpTOHC9fRw7TxauYtcWKEY5ZTtqTns1K1HuXy2QBOQ4ifSE1hHtNXeDqyhAtPHqtByB1FMAmYw3vLyqeyngg,Andrew Falconer,https://play-lh.googleusercontent.com/-nhb-9dsOOyc/AAAAAAAAAAI/AAAAAAAAAAA/AMZuuclt6STB-RDDoLtZQ8W3Y_H7Su1C1g/photo.jpg,"Latest update has made the game quite unstable. Had one game hang 
completely and the next just crashed...",3,1,2.0.2,2018-07-19 15:34:48,"Hello, 

We are sorry about this. 
Could you please contact the support: https://asmodee.helpshift.com/a/potion-explosion/

Best regards, 
Asmodee Digital support",2018-07-26 09:52:29
gp:AOqpTOGwlfV1jb1ow8pmAwu3ONB744U_PkPmLUiZUw9e44twc60mp-uWWYp2oKDIYRxnLpxGrdAWAgEEwHHbpg,Tim dh,https://play-lh.googleusercontent.com/a-/AOh14GgBPPKo7cH2ph7CZ6yhdH8Eui1Iai_RvvRgdKBD1g,"Game itself is great. Too many bugs in online play, matches get stuck and 
you're forced to forfeit.",3,1,2.0.2,2018-07-18 10:58:57,"Hello, 

We are sorry about this. 
Could you please contact the support: https://asmodee.helpshift.com/a/potion-explosion/

Best regards, 
Asmodee Digital support",2018-07-26 09:52:37
gp:AOqpTOH_rNbIud6m0_f-f_kirskE2H4irDxVJevNpA3KcGHPJ0aXZQeJVf-WC2uE4ScdYKSbp6E2FyMLs4AGTQ,Michael Champion,https://play-lh.googleusercontent.com/-ALKxQFkiNHE/AAAAAAAAAAI/AAAAAAAAAAA/AMZuuclKfIdNhuLoawQVZnDcUBYy2qrchQ/photo.jpg,"If I was rating this on gameplay, I would give it a very solid 5 stars. The 
graphics, the music, and every decision in the game are wonderful. The big 
issue is that the app itself can be unstable. About half of my games end 
with it crashing, usually right before final scoring. The game really 
deserves a more stable build, and I'm hoping it will be updated soon to fix 
the issues. The only other thing that it's really lacking is an undo 
button. It's really easy to accidentally select the wrong thing, and 
there's no way to back up.",3,2,2.0.2,2018-07-16 11:23:45,"Hello, 

Many thanks for your feedback and support. 
Don't hesitate to contact the support: https://asmodee.helpshift.com/a/potion-explosion/

Best regards, 
Asmodee Digital support",2018-07-26 09:53:12
gp:AOqpTOEXG3J5rynW7NS2RHVOtD-ZOa4_UUr_hN-iTmD-IaE-XHd7jtM2c-h6-scEmkeyZGz_cpL9pFr-eou-FQ,Maria Pashuk,https://play-lh.googleusercontent.com/a-/AOh14GiRkQi679RdLuyLik4U16L8uEXxy0TO3tIlCymXrQ,"A very fun game, but so many infuriating bugs! 1. Some achievements don't 
get unlocked even after all the requirements are met 2. The game often 
freezes right before the final scoring is done. At this point the app needs 
to be killed. 3. At times all the controls become unresponsive, the only 
choice is to leave the game. Thankfully it's usually possible to resume as 
the state seems to be saved.",3,0,2.0.2,2018-07-15 10:22:58,,
gp:AOqpTOHxyesmnhGrSe0g92l5AB8IFR5KbwWaMq8xEUudeF0uaJ3PuJToCXUc40bbjCjqni_oEJ4RWtG1PO7_ug,Shay Rickman,https://play-lh.googleusercontent.com/-wzIdUxhTIRo/AAAAAAAAAAI/AAAAAAAAxeU/AMZuucl5PZXQB3jqVuUe0yvhw66ufr4ruA/photo.jpg,Good implementation when it works but it's riddled with bugs.,2,0,2.0.2,2018-07-06 18:06:38,"Hello, 

We are sorry about this. 
Could you please contact the support: https://asmodee.helpshift.com/a/potion-explosion/

Best regards, 
Asmodee Digital support",2018-07-26 09:53:41
gp:AOqpTOElAHsTSqGeH-6v059YzpetpteBKKR4d3Ywx6vKkTQiZbf6Ue_c8gvGGKFz3ReKDSwCJSZGbAk68WTGzA,Summer S,https://play-lh.googleusercontent.com/a-/AOh14Gg5R0iN7G17iveOswkwyppGiNLrrxAh_Cu86CzQUQ,"The only thing that would make this better is if there was an option to 
play a longer game. Like for example, you go to 8 or 10 ribbons instead of 
4.",5,0,2.0.2,2018-06-25 07:47:00,,
gp:AOqpTOHxq407itUsrKWwOAN5R3DBvwxE4YuGwZS5CONh4spUweLlk9qpO_e7jy1jxk6k8R2lSbr2ahJbncYr5w,William Taylor II,https://play-lh.googleusercontent.com/a-/AOh14GhKgEAxwfbLWYaPmaeIF_YiPlFebkdNAgUa7rPlhA,"EDIT: Just tried the game out again and it seems the launch glitch I was 
experiencing was fixed. I can play the game just fine now and it's working 
very well. Thanks!",5,0,2.0.2,2018-06-25 05:24:31,"Hello, 

We are deeply sorry about this. 
Could you please verify if the storage access is enabled? 
In order for us to investigate could you please contact the support: 
https://asmodee.helpshift.com/a/potion-explosion/

Best regards,  
Asmodee Digital support",2018-04-18 07:59:55
gp:AOqpTOF1imSPTECadZ5ZBMpvLuj_VjXcNGxLLDhJ0wN4aVTHoa9lcM8zaJajBClO7YYnY_3awmhQBE6xOmiKXA,Jacques Nel,https://play-lh.googleusercontent.com/a-/AOh14Ghv9Ke5mo-vj3ayyPKmt9B8awgqYAlGjhqbZQdE4g,Won't even log into my Asmodee account.,1,0,2.0.2,2018-06-24 08:17:49,,
gp:AOqpTOHpR0KFEMV0twNiMch60iZ71M2Wax32JGVpfUvWf7hfWWte4T7FvWGy3il4CROPBsoOz0hBhxwJ5xy8QA,Nont Kung,https://play-lh.googleusercontent.com/a-/AOh14GhOtBzt-ugJ1YZ7XxAZ7jgy7lOqNk_xnj_uPCdb5w,Often freeze on game finished,3,2,2.0.2,2018-06-23 22:28:37,,
gp:AOqpTOECZ6Vy_aTGj3G32e6GhkrrDE5cCpfoATvXppGcmenCpenQ2tR1EcWO5by87lsoDjXttqyNO4j6AbbJWg,A Google user,https://play-lh.googleusercontent.com/EGemoI2NTXmTsBVtJqk8jxF9rh8ApRWfsIMQSt2uE4OcpQqbFu7f7NbTK05lx80nuSijCz7sc3a277R67g,"Love it! 🤩 Heard about this game and it took me a while to see if I wanted 
to spend money to buy it, and I'm glad I did!! Gameplay is smooth, graphics 
is great. I mostly play the offline mode so I don't really have a problem 
with the online mode. Keep up the great work! 😁",5,2,2.0.2,2018-06-22 01:15:11,,
gp:AOqpTOH-CsCQTiPTPUL0CVtGRxgKBQmXxrdJ50FwEhhl4Q0zNgDBYqIu637rgyJiMDxmceyphnz5TwE7G78FOQ,William Michels,https://play-lh.googleusercontent.com/a-/AOh14GhU7rWtJvWVMQjERm8WxqbTMvQ-fJ0WDYJtPkqa,"Fun game. Be great if I could play it. First game after purchasing the 
expansion and everything stopped responding. Restarted my phone, and now I 
can't continue that game OR start a new one. Update: I was planning to 
raise my score from one to three, but the game keeps crashing or freezing 
up, including during timed online matches. It even took my turn for me once 
while it was frozen. At least it's partially playable now.",2,2,2.0.2,2018-06-14 20:38:43,,
gp:AOqpTOG-f2jFvmH-Fr9h9U1hll2F_2WyEYIIpm2PPIxI8jA5wf7Xp09zSu74SuD0e0L_U9hg2-fSJtRul2LfcQ,Matt Norris,https://play-lh.googleusercontent.com/a-/AOh14GjHfbCdxLP3mZ1IjlepedMtcxmjDdWDdmxwRTckNQ,"I've never reviewed an app in my life, but the number of bugs I've run into 
is infuriating. I reached out to the support team a week ago, got a canned 
reply, and nothing has been done. Achievements are stuck, games freeze 
after completed, it's so frustrating!",1,1,2.0.2,2018-06-14 19:05:42,,
gp:AOqpTOErX7BzyY_vUtzrKgt7hSVyv8XXw9j7MFMVxa1lAcrAZZgF686dtkY5r_5Btq3EOCQChMK88X_ynSQgCg,Theodore Dokos,https://play-lh.googleusercontent.com/a-/AOh14GicbZr7W1GrHMv5nIs4RFGQXZNNn0NAvO9X21JJ,"A great game to destroy your friendships. The loading times for opening the 
app and game instances are a bit slow. I've lowered the review from 4 to 3 
stars because some of my recent game instances have desynced and we can't 
play anymore.",3,0,2.0.2,2018-06-08 08:08:33,,
gp:AOqpTOFJ6lVM11Nwz5YQtunT2Re7lPgV06zNFwLxZUtfppZPdHVfW4FpMfAvQQuWI6a4OOPhaWelUg0NGyQJHA,ryan williams,https://play-lh.googleusercontent.com/a-/AOh14GhkIfSszlZOhSicOwa9pvUV6dQ_euVcijeWvJPFWA,"I love this game so much. It's so creative and unique and it is an 
excellent adaptation of a well designed board game.",5,2,2.0.2,2018-06-05 07:29:59,,
gp:AOqpTOFUlFhwow3qGNDku6T-W1c6GcVhoJKuErcgUiueKTMGQJEb_t-MBeqwI3iLOZtKLW-lAKpLGwjHsoYlcQ,Guyman Murphree,https://play-lh.googleusercontent.com/a-/AOh14GjfJU4CxAtXJIvSFuB-t7yw3odsRAxbsfbYgbq6pw,"Love the game but having the same issues as others. Since downloading the 
expansion the game freezes. This is not what we paid for.",1,1,2.0.1,2018-05-29 08:29:27,,
gp:AOqpTOF6PK4AQkOsUyUGbUzJj32CiO7lmWS-wgaIh61Z78FiLx8XmZ69DnYMzzV1yEnrDQbBJTawsCC3yq6gpA,A Google user,https://play-lh.googleusercontent.com/EGemoI2NTXmTsBVtJqk8jxF9rh8ApRWfsIMQSt2uE4OcpQqbFu7f7NbTK05lx80nuSijCz7sc3a277R67g,"Still no push notifications after huge update, does the app developer care. 
Online games failed 75% of the time.",1,3,2.0.1,2018-05-27 08:20:27,,
gp:AOqpTOF0kVY0vN6CW1kzXvS5EgMEMqi1dt7mavAt5VZPlV7u7ucAHbXn0pud5mPBZyTWqktMQ17P3op1IFW9MA,Bartosz Bielawski,https://play-lh.googleusercontent.com/a-/AOh14GgySHn2IK-FpHO6C1pLlMj8OyxgsR-QbdEnAyf6WQ,"The last update broke few things, I'd wait with buying until they are fixed.",3,0,2.0.1,2018-05-27 07:59:46,,
gp:AOqpTOF1PrpGVXfTdo1VZNWFitJSGbuXBySHXQmP6MGc81wU9DqVQKTKhG0XX69jAKQtrjPUIf25KDIN3kZ5yw,Dustin Ray,https://play-lh.googleusercontent.com/a-/AOh14GgggziMzBLwmPNoa0TiIKN0XYWfAItrBwNi45S9AA,"Paid for the expansion but it remains locked in my app. Emailed support and 
have not received a response. Changing my rating from 1 star depends 
entirely on having my issue fixed by Wednesday. Thank you.",1,0,2.0.1,2018-05-26 20:21:39,,
gp:AOqpTOFjduZ9G8BEjxG1gBqzIYQg7NLjP3jR02D3jVM953Pfa8ZESzRy4Vtidd-oZ4nV-K-Rjes6QBKn6IR55Q,Matt Peters,https://play-lh.googleusercontent.com/a-/AOh14GhYkl3cxxQwrZyLLMlT6Ua_u4ZDGWQd_uiQCXx4fg,"Now gets stuck on loading screen. Maybe someday get to play this again, 
really hesitant to spend money on 5th element expansion if they can't get 
this working...",3,0,2.0.1,2018-05-25 23:57:20,,
gp:AOqpTOGqfI20ixvSF1Yn6VYIeK9VKY_4ttTx4vrlnOwEVHY3kyOF1Ub8-Nv5rqTPFepk_Q1TCliJG6J5dm8M-Q,RhodesN7 BGG,https://play-lh.googleusercontent.com/-SiNTIrU2Yis/AAAAAAAAAAI/AAAAAAAAAAA/AMZuuckFaCuTzmINPoFfROUSIzcpYFYHaw/photo.jpg,Charged for an expansion that doesn't work.,1,0,2.0.1,2018-05-24 10:16:34,,
gp:AOqpTOGOwAfSJEXAIz7WOcW9TkhePnUQSfNFdz8gbcvJfaKrwR-VEixT0wrWJb02fGk9aJawrA0rLkASdzpC1Q,Gary Durgin,https://play-lh.googleusercontent.com/a-/AOh14GiJLrN4_8JWNtHqMS0AHm_NnpFx-IYAEMYkvm_9gg,"Crashes probably five times every single game. It just freezes, the music 
continues but unresponsive. Force close game, restart. It does save 
progress but I shouldn't have to deal with numerous crashes.",3,0,2.0.1,2018-05-22 17:19:45,,
gp:AOqpTOFxJQ5xFMplFjnfXXRvm9eE2KtLIOdIwr2QgRFTQln7ndT4cWSyRetN2cl4l_pQ8lxLlMtfNn7iNH84dg,Scott Payne,https://play-lh.googleusercontent.com/-kruFvzD5Ae0/AAAAAAAAAAI/AAAAAAAAAAA/AMZuucm4viTpoO3kNzkOaAyIpJSyH9eMYg/photo.jpg,"This is my first experience with Potion Explosion. I like it and look forward to exploring the game, but two times now the game has closed for no reason and the game I was playing disappeared. This is not acceptable for an app that I purchased. I purchased the game just last night. Please address this crashing issue. Edit -  I am changing my rating because the crashing issues have returned after getting a new update on the game on about May 17, 2018. I can't get through more than a few moves, sometimes less, without the game crashing.",3,2,2.0.1,2018-05-18 19:16:42,,
gp:AOqpTOG-Mg7BY3ZNtD4xj2N_6NFQ6_k9qBT3HfzEoeHT8CrSil9PyLAx3OuV9L7s8_SeCPj5HGRb6XxwLOCN7A,Brandon Born,https://play-lh.googleusercontent.com/a-/AOh14Gg1Ef6c_iLPCcnFnY7xcnkEAMGMrLNrs4q6BVHNQA,"Good implementation of the game but the lack of push notifications is a 
deal breaker. My iOS brethren constantly need to let me know when their 
turns are taken.",3,0,2.0.0,2018-05-17 09:36:51,,
gp:AOqpTOHwsYRhKZMlmxc5_veab73u26TwHxQu1Ty4zVuZglBoLQAyboCT8u1-6-UZWISQ8_7Ibz26pRC98X_7nw,Dan Graf,https://play-lh.googleusercontent.com/a-/AOh14Gi4admAZIR5h1vGgDiQ9axAeCiiDBm8Teemj-WWgQ,Excellent multiplayer puzzle game. Slow AF load times... :/,4,0,1.5.2,2018-05-16 06:18:03,,
gp:AOqpTOFxeXTltco0b9kYi0HPbDlfjmb95wm-h8Ik-zVXeptgqdbZQSJKlKYAl7P54CcT-qp0thaRrR28gnt2TQ,Marc-Antoine Mercier,https://play-lh.googleusercontent.com/-bMteju50oTA/AAAAAAAAAAI/AAAAAAAAAAA/AMZuuckW-XbbgQEJCR88M4tIaX6QjoS0qw/photo.jpg,The game doesn't start on Google pixel 2016 edition.,1,0,1.5.2,2018-05-07 04:14:33,,
gp:AOqpTOGHFaciSo31YHQChnbNUsENpMZ6d-tLUnIWW_YAM5Zj8TwdDbkzXWJLtoRIT2qpX4t662muqvJpXOeOMA,A Google user,https://play-lh.googleusercontent.com/EGemoI2NTXmTsBVtJqk8jxF9rh8ApRWfsIMQSt2uE4OcpQqbFu7f7NbTK05lx80nuSijCz7sc3a277R67g,Great adaptation of the great game. We enjoy this one a lot!,5,0,1.5.2,2018-05-06 23:51:18,,
gp:AOqpTOG-TdAJxqrAg6P487ahhpVJxtqpf-jQhIz20-B5ddlGIJ8x70DkQzr-CoWTUPiDGZha3-YHEr9H2PsyUQ,Mayra Grajales,https://play-lh.googleusercontent.com/a-/AOh14GgaJk8ydPq4XBFlPlmDA9QkWKk7SK1u1uJvpghydg,It doesn't work in the Samsung Galaxy 9+,2,0,1.5.2,2018-05-02 13:48:04,,
gp:AOqpTOGKVZOMurrZ-Ej5e8h05feOjQAEoVOv08FiLQkqJHIiPxCNEwV5ZFwI8GljWwHMeToN89CdeQxBopBC2A,Chris Perez,https://play-lh.googleusercontent.com/a-/AOh14GiFMpBys-ic51jGaJAFD0tLNIDh8F0CbUBHVxBxcFA,Won't start on my pixel 2 xl. Just goes to a blank screen,1,0,1.5.2,2018-05-01 21:29:20,,
gp:AOqpTOEqy89EHqLQQr8Ha-jkoT5VGrd-kfH1B1KWI2iVjDVDt0HkIpfcCr_gMo1Y49h2mctoIFq2MyqRRS_Mvw,Kat Beachum,https://play-lh.googleusercontent.com/a-/AOh14GjP7_v9rXm_u7EYt5um1o7Mp-mu2ThF_FgaY6gCYQ,"I love the game. The app works well for me in general. It looks good, runs 
smoothly, and the sounds are very fitting. The only thing that I hate is 
there's no notification if I'm playing with a friend, which I just noticed 
as I used to just play against the app. And the time allotment is weird in 
the way that you get a certain amount of total time to play... Like you get 
3 days total. Not 3 days to make a turn, but 3 days to finish the game. It 
desperately needs notifications for online play and really needs to have a 
time set per turn rather than an overall game length.",3,0,,2018-05-01 20:17:43,,
gp:AOqpTOF-8YaDmy3XT1b949b5Ow6Fhu7BuwPJETzXmQYS_6GsFJQCxkozT3dZMn4o-_7p4uCuG5ZWrzSUd60dRQ,Frank Scholl,https://play-lh.googleusercontent.com/-cdXiROd0MGs/AAAAAAAAAAI/AAAAAAAAAAA/AMZuucmTYTxhzGMEzGJmj5vz3oIAEcnyHw/photo.jpg,"This needs working notifications. Even an email notification like LoW would 
be better then nothing.",3,0,1.5.2,2018-05-01 14:35:08,,
gp:AOqpTOEFtr2fInovEHkZ-YuyMVmwF8AmZYcZqRnWRLyoh73h5W86b9uzVCZV-Lpdy25iv-SgVrXVSGTPd44e3w,Z C,https://play-lh.googleusercontent.com/a-/AOh14GgpVjgwRsRl1Bb3qRyureCTpTGdUN5HoH97dz0WQcw,"Great game and Asmodee usually makes a great port of table top games but 
they've slightly departed from their usually high standard. I say this for 
two reasons. (1) The game does not seem to notify me when it's my turn, so 
I have to stay in the game or manually enter the game to see if it's my 
turn. Very annoying. (2) When I start a game with, for example, a 3 day 
time limit, this game, unlike every other game, gives us 3 days *total* to 
finish the game, rather than a 3 day time limit per move, like every other 
game I've played. Also annoying. Were it not for these two gripes, I would 
rate this 5 stars. I would love to see Asmodee fix these two issues. I 
would also love to see them bring the expansion to this digital version.",3,0,1.5.2,2018-05-01 13:12:35,,
gp:AOqpTOG7gNA9e5_F7mVhk7qRSZJfDArx3dLif2GbBubAjgP2KB-SwRoqAY7vc2oPdsFjsVSRM2AccBgSQXUYXA,Sebastien Gagnon,https://play-lh.googleusercontent.com/a-/AOh14GgaNxQ6dYJMIup_npYLU9K4BtMG4ZI2Uh-YBDjCLg,I get a black screen on startup and nothing else on my Google pixel 1,1,0,1.5.2,2018-04-29 18:43:29,,
gp:AOqpTOHQs_64ktb9kgSwKRXhDH6LU19GRN5nNSTzz5Vq9SKriOcmMt2B2dF3rwLCPsdIyDh6u6u6yrufpVoOUQ,Timothy Patrick,https://play-lh.googleusercontent.com/a-/AOh14Gg3IRfv-JA8Gsdwm5inDi1pSQU1PPGYf0x4bA0vqw,"I want to give it a higher rating, I love the board game but alas it won't 
even load on my Samsung S8+",1,0,1.5.2,2018-04-29 05:38:21,,
gp:AOqpTOHdHXgsasHZ8ZV1fOkBGytixYwBo2GY4r3saQ5qK5r80-rI1Jh6dmb87OoGpKo8X5Y3pfmhjRN48-BayQ,Joshua Gouge,https://play-lh.googleusercontent.com/a-/AOh14GiDHk9L_6Tm9k7K29Msh4TF-YqydjZra94Tq0pNGA,Great game!,5,0,1.5.2,2018-04-26 09:10:28,,
gp:AOqpTOE3DYGH7jQfXeOMft0B6GhK6bMsX_mHLn78Qi7h1Q1AQqChvkjA0jd6ycn34wpHXfDGTEzpfIRmDyhiWQ,Ian Boyd,https://play-lh.googleusercontent.com/a-/AOh14GhziBUpb3XouHIP3n5NoPhpYMEMmmBqe05tWAl9Tw,Why no push notifications? Come on now...,3,0,1.5.2,2018-04-26 05:36:17,,
gp:AOqpTOGxOq6kfpJs_QAVHN0CpWkqCqV4MGwT5CC_4TYubC5akLdbaMgBaSF4GdWDmXZO7AsW2Av9S989QtUXDA,Sheena Hendricks,https://play-lh.googleusercontent.com/a-/AOh14GhmlF3VYTaTMCySguxjXmmN56YYHtmhkEDmw_IOvQ,"Bought this game a week ago and it will not even load. Do not waste your 
money.",1,0,1.5.2,2018-04-25 17:20:57,,
gp:AOqpTOEu2eZArpvlAtwW40N-3pblY6E_ppcb_eV2DnVJFUapHM_oj3z1L-UwNijazfmJx_rlK9oGidqxpZO3yA,Kevin Nee,https://play-lh.googleusercontent.com/a-/AOh14GgQCFj9x6K6QEbF56aiXytvyuRcLnrvwRGyKSEshQ,"What a fun game! I own the physical game as well and this is a faithful 
recreation of it.",5,0,1.5.2,2018-04-24 06:43:43,,
gp:AOqpTOFQallW1u3-CM379iXQ1XURVqAqgD_xh4ZK4FcXAJDE4E28BQGpS1FttI6h5LqXMIlIY7GUfvd8OzTpKg,A Google user,https://play-lh.googleusercontent.com/EGemoI2NTXmTsBVtJqk8jxF9rh8ApRWfsIMQSt2uE4OcpQqbFu7f7NbTK05lx80nuSijCz7sc3a277R67g,Won't even start on my galaxy s8.,1,0,1.5.2,2018-04-23 20:28:45,,
gp:AOqpTOE4hxqLYs1le6tq7wU3dUrCGL4M8myek4qpFDaA-c1cruAoEdj1Y6DacaEpcgP-U-7G-UkOE_PFjM7kDA,Jason Kelm,https://play-lh.googleusercontent.com/a-/AOh14GhvXU4_AycZR2m48GOUCBxXHfbG5PW8AjbAKBGrHQ,"Update: got the game to work on my Pixel XL. Allowed ""Storage"" permission 
and voila. The tutorial is instructive and the game is easy to learn. 
Really enjoy this game!",5,0,1.5.2,2018-04-17 08:58:43,"Hello Jason, 

We are deeply sorry about this. 
In order for us to investigate could you please contact the support: 
https://asmodee.helpshift.com/a/potion-explosion/

Best regards,  
Asmodee Digital support",2018-02-15 09:29:43
gp:AOqpTOGNRUFqqQLiOmkEZjBL9FWM8SQvwAl-MgtFN0gR92fuf9_4vgEYOrFZ8marA9v3aJh_MK8HnkCxZ6EdTA,Naama Morrell,https://play-lh.googleusercontent.com/-ntPRetNmC0s/AAAAAAAAAAI/AAAAAAAAAAA/AMZuuckPBaHScp1V14w676lYNHVbmDnmCg/photo.jpg,"Great game, but unfortunately it has stopped working on my samsung s8 please fix this, i love this game!",3,0,1.5.2,2018-04-11 00:34:29,,
gp:AOqpTOFlyNKNU8QxDlaVWFs8w2xGuWk5JhvSfhFOq8H5cD74WAqSqC7g16MTyq7QByd3jkFBDK4YFWC4atIWSA,Jonathan Banas,https://play-lh.googleusercontent.com/a-/AOh14GjbZCdKjNXZ75XrA10iyzbk4KIw6jou6N4mZeUfNw,"Most Asmodee Digital adaptations are pretty good. This is crashing on startup on my S8+. Hopefully it gets fixed, would like to try this out. Update: found a post on their support site that storage permissions need to be enabled in app info, which fixed it. From past reviews, it looks like this has been an issue for some time, but still no real fix? +1 star for not being completely broken, but not a very good user experience.",2,8,1.5.2,2018-04-08 16:03:04,,
gp:AOqpTOH6ZwJ0SzR4KlA88gIJJFKOSf3dEBfR6AaiSyDtHIxnkuIphzgt2F_5y_BxKZ7GILnPwIo8Y-fFeut4QQ,Derek L,https://play-lh.googleusercontent.com/a-/AOh14GglGYA_lsIpU4FdwTT0H3wxYhTeaseEWAcyqC0X,Won't even load on my new phone. Just a black screen,1,1,1.5.2,2018-04-08 00:07:49,,
gp:AOqpTOFL7p40o6HfjA8IyRb31KbV5XLC3eAGoRLbLD76_9WVoeGFR3edBxi3pSAeaUtgXWamRqIaLsT9R5lUQg,Matt Carlyle,https://play-lh.googleusercontent.com/-Wd9TSSqjFZs/AAAAAAAAAAI/AAAAAAAAAAA/AMZuuckJ01R5saXdgHaBiCpEzr1AU04LPw/photo.jpg,"Does not load on Google Pixel, just gives a black screen",1,0,1.5.2,2018-04-04 00:34:55,"Hello, 

We are deeply sorry about this. 
Could you please verify if the storage access is enabled? 
In order for us to investigate could you please contact the support: 
https://asmodee.helpshift.com/a/potion-explosion/

Best regards,  
Asmodee Digital support",2018-04-18 08:00:30
gp:AOqpTOGZzK6mJOr3n7a_m8QLOvlQjRr6F3q4GgBKIXP5gzBtqD-ET8EYDODbMR6hwRuobPnRzkm2RWZGycJ1zw,Susan Patalano,https://play-lh.googleusercontent.com/a-/AOh14GgBPM_0Uq2bA4PLGKplyU2uI6QiTrI343RS_Lay,"The game is great.  This app is terrible.  It freezes every time, can't even finish a game.  Don't do it.",1,0,1.5.2,2018-04-02 11:25:14,"Hello, 

We are deeply sorry about this. 
In order for us to investigate could you please contact the support: 
https://asmodee.helpshift.com/a/potion-explosion/

Best regards,  
Asmodee Digital support",2018-04-18 08:00:26
gp:AOqpTOF3hYsBIMAge4fyv9ghlt_Mrrl0DwNBpeutoPcss1CY_aQXKPFbz0M2p2OFeiBQD5BadjtSEIRzJ2tixQ,José Maria de Jesus,https://play-lh.googleusercontent.com/-RMTPCLOkCuI/AAAAAAAAAAI/AAAAAAAAAAA/AMZuucn7xlSp3ZFntIKEcPvEghAj0ej-5Q/photo.jpg,"In a nutshell, don't waste your money.  I lost games because the software is buggy and just that. Problems on the server caused me to be unable to play. Several times.  Also, they come here and say ""contact customer support"" when you give them a low score, but they never answer customer support tickets. Useless.  --- Older comments, still valid:  No more push notifications.  Requires permission but doesn't ask for it, you need to set it up manually.  Needs a ""lock"" for letting you simulate explosions mentally, but letting you tap balls without activating anything. Sometimes I just want to cover a ball with my finger to see it clearly, and missclick.",1,0,1.5.2,2018-03-15 21:59:27,"Hello José, 

We are deeply sorry about this. 
In order for us to investigate could you please contact the support: 
https://asmodee.helpshift.com/a/potion-explosion/

Best regards,  
Asmodee Digital support",2018-02-15 09:30:21
gp:AOqpTOHidzFbTnNJPitym_iuICxZPQBtnTPVpSbNNR0iJsNTWGClvI_BK4LvtpNSWXkvENVL1Zb6TV9LNQMXIA,Marvin Cole,https://play-lh.googleusercontent.com/-_fxCEXw_Gek/AAAAAAAAAAI/AAAAAAAAAAA/AMZuuck3iW2GgRvWwNRn7MtWs2e3Ow2gJQ/photo.jpg,"This app does work however lots of bugs in the game.  Potion of Prismatic Joy says in its description it allows you to use ingredients of any color from your workbench or reserves, however it only works on from reserves.  Several issues with the game in general, it doesn't play as smoothly as i would hope for a paid app.",2,0,1.5.2,2018-03-12 14:01:56,,
gp:AOqpTOF7kRpCJlmPo0RBDuuq6odVNvWwFkrvw3pc5wvkovJ19qMSiRHiittl8rwtyUyonGFYpr7HSEXEVLCM5A,Lindsey Saxton,https://play-lh.googleusercontent.com/a-/AOh14GioREU28NEWdvMRYM7-mJXESnvD9K1m-Fe2hsKCaA,Only showed a black screen upon launch.,1,0,,2018-03-10 14:55:21,"Hello, 

We are deeply sorry about this. 
Could you please verify if the storage access is enabled? 
In order for us to investigate could you please contact the support: 
https://asmodee.helpshift.com/a/potion-explosion/

Best regards,  
Asmodee Digital support",2018-04-18 07:59:45
gp:AOqpTOGAuSzuN7adMnNZbtijZkHF15vi82OsubEdGl8J3cx4cf4GxUECH5WVcGS7NHgxwNM_Jsx9TCxD-L1eOw,Rick George,https://play-lh.googleusercontent.com/a-/AOh14Gg0IZmYYGt380E_vl6_ZSpA6MRx93GNxu68CW5Iu70,"Opens to a blank screen every time. Cannot even try it, it doesn't work",1,0,1.5.2,2018-03-09 07:55:20,"Hello, 

We are deeply sorry about this. 
Could you please verify if the storage access is enabled? 
In order for us to investigate could you please contact the support: 
https://asmodee.helpshift.com/a/potion-explosion/

Best regards,  
Asmodee Digital support",2018-04-18 07:59:48
gp:AOqpTOFPskFfJKj89Y3mSVMd4QZOYI8PZN-qJtIdDWQkHa9vTa1BX8u6kpJSLNk8hEpibPm5aKadvNMTZPuabA,Mike Rohner,https://play-lh.googleusercontent.com/a-/AOh14Gj4wh9MQJW42CjtzWGCY0ineNsUDuvUXclLfNemaVY,Game does not load on Google Pixel.,1,0,1.5.2,2018-03-04 15:21:30,"Hello, 

We are deeply sorry about this. 
Could you please verify if the storage access is enabled? 
In order for us to investigate could you please contact the support: 
https://asmodee.helpshift.com/a/potion-explosion/

Best regards,  
Asmodee Digital support",2018-04-18 07:59:51
gp:AOqpTOGnuN-185j48KdKNHf518XdVvXokFLN9m3lezcoE7slqp7MYMP7-OyI9EuobuDpBAEzx0AMMzcU81fG6Q,Amanda Timson,https://play-lh.googleusercontent.com/-VlVdBsTLYk8/AAAAAAAAAAI/AAAAAAAAAeg/AMZuucnWjzq8e8EQ7XxRCHfgRYFNJ2pZ1A/photo.jpg,"Game no longer loads on airplane mode after update. Used to be perfect for playing in areas with no service or while traveling. It's really frustrating that it now requires a connection to play, when it didn't when first purchased!",3,0,,2018-02-28 02:56:45,,
gp:AOqpTOFVWhnVSh9u7gFOyo2Ymid7fsDaPhdRaPFpnacC3XOFqtNg2YgqOqNmHWfQvL1XM_RYPllxFleyEvO9zw,Patrick DeCastro,https://play-lh.googleusercontent.com/a-/AOh14GghYsJ3wemDvlWWJQwx41X0-Nhnnf3oUVbyNcbvsQ,"This is a great port of the physical marbles & cardboard game. You know what'd make it much better? If I didn't have to forfeit more than half my games because the app gets stuck in a loop or hangs at the end of somebody's turn. Me and a few friends have really been enjoying the online play. But this past week, we've all had to scrap several unfinished games due to some kind of app failure.",3,5,1.5.2,2018-02-24 21:53:50,,
gp:AOqpTOGkGs7ums824qjOZ5sOv65SLdNY3fzqz50otGB0F9rmXsFTX1NRRhgk2QyVP8WhUs0enhnNUB9ZliKr3g,Josha Halliday,https://play-lh.googleusercontent.com/a-/AOh14Ggv17JMrp5cIsoy5mjfkdtAx85mZqhq5Y8UwEhZGQ,The app crashes on startup on my Pixel. Completely disfunctional...  Update: the app developer responded to my negative review and helped me address a very simple technical issue inherent to the Android 8.0 OS. The app now functions nominally on my device.,1,0,1.5.2,2018-02-16 17:38:37,"Hello Josha,  

We are deeply sorry about this. 
In order for us to investigate could you please contact the support: 
https://asmodee.helpshift.com/a/potion-explosion/

Best regards,  
Asmodee Digital support",2018-02-15 09:33:27
gp:AOqpTOGtXV88nqSHbVYFPsX2ZEKqBfHa_QO01K6aU2H5f3LD-ylyvlvflAOWjXN9VDG1Qn7WJWp7YjnVq_ZB4A,Drew Bragg,https://play-lh.googleusercontent.com/a-/AOh14GiPaYxWpvhvf8UlK0hlnHpQ9tzGlUb6yf4-OrZeM4Y,"The board game is a lot of fun.  The app however is frustrating. When it was working it was ok but the lack of push notifications and amount of errors on online play was a huge turn off.  I just got a new phone and now the app wont load at all.  I already went in a manually set the storage permission (the fact that you have to manually do this reflects poorly on the developers) but still nothing, I get the loading screen now but never further than that. I expect A LOT more from a paid app.  Have to uninstall since it wont open which means I wasted my money.",2,4,1.5.2,2018-02-15 13:39:34,,
gp:AOqpTOHaEWzJwjwiuVMpnYBKnudCpis-0K6jbc-g8dEiIHYbmYzGb2O80cMMZH7T5g9-PVuVhOyTicU8h_gvTw,Nicholas Gagne,https://play-lh.googleusercontent.com/a-/AOh14GhP6iSkWhaes3eXf-2vwgOgXOV6w1vd2xBt0KH3HA,"This is a great adaptation of the board game, but it really needs an undo button, especially for the autofill button.  There's been too many times for me where the autofill button filled the wrong potion and there's no way to undo that.",4,1,1.5.2,2018-01-16 14:41:45,,
gp:AOqpTOGCWgyR2Y3ZQ-8IOZQ5muP4BpuoqiwAl7Nrsq8q922P7V_b72GeEoZ6l3RA8zbJH1Dosb02vGzgfYgcGw,Sean Morris,https://play-lh.googleusercontent.com/a-/AOh14Ghml2RnWAoOpRDx3CoGHvkdHnL1Alyf8oYLR66HBg,"I love the board game, this is a great adaptation.  Great graphics, fun strategy and lots of variation.",5,0,1.5.2,2018-01-15 21:34:06,,
gp:AOqpTOGAKJPAexEHiqIr457_QtN6Z_v2RGSZ2vNoletIeTLd4vYRFFDlcaLUsqxRc2jSgGxN9aO0_BX88cslHQ,Eric Ma,https://play-lh.googleusercontent.com/a-/AOh14GhwkVMf20DaDn5Mn7UcoLpbgVC0-v6jR1C6sVL3jvg,Great game but encountered a bug.  I set a time limit on the online game and when one person hit zero on time and the app crashed for all users (android and iPhone).  Upon entering the app again and trying to do anything with the game it continually crashes. I'd assume there's a more graceful way of telling the user 'game over',4,1,1.5.2,2018-01-14 09:25:45,,
gp:AOqpTOEMAbLVUbEEqlrO5J-MVsJD4D-wyMfmvrDVOmNwjzRdBvq-bC5VUlnoWTYGw0YeyQ73Ol3oycZyNwCV-Q,Sofía D.,https://play-lh.googleusercontent.com/-KjLGkez2z8s/AAAAAAAAAAI/AAAAAAAAAAA/AMZuucnujhmZlcvPxdPPgMQzQKfEKQRnmA/photo.jpg,"It's not opening since I updated to Oreo :(. It stays black, all black. I installed it twice already...  I hope it gets fixed soon!",3,1,1.5.2,2018-01-14 09:25:19,,
gp:AOqpTOG4dEWbfwhTLLNWTE3IqwGZJdsrdXlfARhRxCCyIwHe8SgMa5C4gYNrLmm2ZExqDfeViCOZjLHRkuMNzg,matthew cash,https://play-lh.googleusercontent.com/a-/AOh14GiD0xCCS06jyl48iQqCA_dub-S-X6bAAVjkGLQKLw,"I'm glad I at least bought the digital version to avoid my kids and I killing each other from frustration. All the digital avatars always have the best of luck and take tokens from me left and right. I have yet to win since buying it this morning. It's like playing chess master set to impossible, except the avatars are on easy!  Very disappointed in this game because when I saw it on kickstarter I had high hopes.  Back to playing Sagrada.",1,2,1.5.2,2018-01-13 11:26:10,,
gp:AOqpTOEhkBA-Ciemag4MaWfHU0SojDBe4N-0dpWa5teIx-vk6XPhovliyt7Qrj1tppIYfCd-XGe_Izx7dXQi9g,Adam Jarvis,https://play-lh.googleusercontent.com/a-/AOh14Gj648QYp1CB_UTVklEhjEpXZeKM5_FRPAeLxSRY,The game is great of it works. Lately mine doesn't get past the black loading screen.,3,0,1.5.2,2018-01-08 11:24:20,,
gp:AOqpTOF5ya3yqd0vJz941o-0Rdqug9_OEhSVWW3zWBAXaKfBg3zGKf4GU8FPEkJvkmbZ05DKdFqX-kl5JVexnQ,Eric Waldvogel,https://play-lh.googleusercontent.com/-ab2sjzZQoCQ/AAAAAAAAAAI/AAAAAAAAAAA/AMZuuckV9mw7NPhOpPzdF0h6pBK-cOz5Ug/photo.jpg,Freezes during potion selection then requires restarting the app.,3,0,1.5.2,2018-01-07 10:48:18,,
gp:AOqpTOFHRTTbg6vAR-SuTVTF1xemaf6Lu3SDhYRG1oiNukT7FsCKQA33LGh0rXfMcVJAUDTRDbWTk7M2xAgjww,Sophie,https://play-lh.googleusercontent.com/-yo8LjeMTtwM/AAAAAAAAAAI/AAAAAAAAAAA/AMZuucmQJ1iU_H0-IVFRvwoiHNlB9TxiXw/photo.jpg,"Fantastic game (had the actual board game first), highly recommended. The app can be a little glitchy but still more than worth it.",4,1,1.5.2,2018-01-07 10:00:42,,
gp:AOqpTOG7RXsbeWaYeJiUhlvKZJrQ2R_uAwfwjx5PG0lDmFSPOJneyBJDRdrsiUdEtt70HamU83gTBYUCpcuz-g,Jeremy Cartwright,https://play-lh.googleusercontent.com/a-/AOh14Gh9CDn3MujpI5hRcwYEYZ7xjHHx6MT3Qtj4OAkLMg,"Awesome graphics, overall fun to play. The AI can complete collisions with off screen marbles; this makes it very hard to beat the AI. Needs an undo option.",3,1,1.5.2,2018-01-04 07:49:24,,
gp:AOqpTOHNwAzi3TO4BV5L3gelCq451NXgbEn2m5_QXY6kAHbA94Vv85GPQvMrnK7hEUkBTVle1dcfhjneCXXb_g,Sean Timmons,https://play-lh.googleusercontent.com/a-/AOh14GgXQqQVAbzRAZpGT2FPlVaBPliMFcud59JfbJkhObM,"Great when it works. It is common to have errors, have games disappear, or be unable to finish games both online and offline. I love the game so we keep playing but it is very frustrating.",3,1,1.5.2,2018-01-01 17:07:51,"Hello Sean,

In order for us to investigate on these issues, could you please send us your feedback, with information about your device and screenshots, through our support platform: https://asmodee.helpshift.com/a/asmodee-net/

Thank you.
Best regards,",2018-01-12 06:36:48
gp:AOqpTOEJB7K6W132YEw58U83s3PfDpyWJ35MMTYqVm0iZcrylvFQGtCf1lhULdzwBf_FpG3uSnM3ANnTylzRNQ,Jake Paucarpura,https://play-lh.googleusercontent.com/-SIuDw_02ARc/AAAAAAAAAAI/AAAAAAAAAAA/AMZuuckPuSxjsj5gjQzoCXOO-rq8mlgBvg/photo.jpg,"Best board game on mobile, easy is a little difficult but best game on the Google pixel 2 XL",5,0,1.5.2,2017-12-31 20:23:30,,
gp:AOqpTOH6TMKCnj6d1UZzuGC-nsWvp6SM03Z5NWdxbn16iXz9NCc-PBUilM3FQKkrFaBuO8UfQwRS2hN_b8laeQ,Brandon Earhart,https://play-lh.googleusercontent.com/a-/AOh14GiIV5p52QXzGam1-iirN17Z5fKjql8iB6g9Hpyc,Wish I could get a notification when it was my turn. On Android Google pixel,4,0,1.5.2,2017-12-28 04:52:23,,
gp:AOqpTOEbZ5wahaxscCPaqW8zj_Rabu4Vg6L7SExegBYrKZOkE_KMLw9GmIZcHKJE07fJo5jDZji1JL5DkpLLWA,Henry,https://play-lh.googleusercontent.com/a-/AOh14GjnHjlSmtMMQtDC-NHWJrQOA8JIIMdO9QjlyppwoZ0,"The app just displays a black screen ... until you go in and manually give it permissions to storage. Why it doesn't ask for a permission it requires? Incompetent programmers & testers, I'd guess.",1,5,1.5.2,2017-12-22 12:28:03,"Hello Henry,

Could you please try authorizing the access to storage in the app manager ?

Don't hesitate to contact us if you encounter some more trouble.

Thank you.
Best regards,",2017-12-22 02:59:11
gp:AOqpTOEss7C2Q8QcmJprYDJtBNalktcYY-3wFk9CT64EiWpFL8cdpVuSOLHjXFq-1Qmscb5Dla82KS2ntAZYEg,kathryn pennell,https://play-lh.googleusercontent.com/-aN1g4zzgdX4/AAAAAAAAAAI/AAAAAAAAAAA/AMZuucng4Jo8SJGRDjvcaG9wY4P7ubZ1Qg/photo.jpg,Will let you know if I ever get more than a blank screen,1,2,1.5.2,2017-12-22 07:06:45,"Hello Kathryn,

Could you please try authorizing Storage Access in your App Manager ?
If you keep encountering this issue, please send us a message on the customer support website: https://asmodee.helpshift.com/a/asmodee-net/

Don't forget to specify your device / OS ! :)

Thank you.
Best regards,",2017-12-26 06:11:17
gp:AOqpTOF4VVaBiN-IC-4bu2-UkQw-J4F8CvKfOezKuj9eIrNHMxOUdKzpocz3Eo-H6jZsRO8BHVGd_EgH9ieCqA,Nicholas Hutto,https://play-lh.googleusercontent.com/a-/AOh14GjupR5eL_elWSltrRAdwNzWdYxhrNqXItU7v7fnlw,Does not run on my Pixel XL just shows black screen when I launch it.,1,0,1.5.2,2017-12-21 16:44:29,"Hello Nicholas,

Could you please authorize access to the settings in the App Manager ?
It is unauthorized by default on these phones.

Thank you.
Best regards,",2017-12-22 03:19:37
gp:AOqpTOG51CDa5tgkxf4cWV36cVnlUKsCzfu019yxvxIyQNJe2NfOj46Kusrr1meN5TQ9c4nBt251SGIsENm6dA,Jack of Blades,https://play-lh.googleusercontent.com/a-/AOh14GhYnhl8IHCsCspAP4G6O3tIGjamWV0_g603YzKl,Great implementation of a wonderful board game!,5,0,1.4.0,2017-12-19 09:22:34,,
gp:AOqpTOE4uRDbQOdM8_kWCZ4k5cGyaIQWRlZpdmM9YYMOfY5QDL7OcMu0NUfl_EHJwa5xeTDJBtqjzVtD7vL4ew,Dale Prather,https://play-lh.googleusercontent.com/a-/AOh14Gjnj9CtsaknA7GJ4N_1YLlBTxKLynDqquNPU7IloQ,Working swell after updating app permissions. Thanks for the response from the dev team!,5,0,1.4.0,2017-12-18 06:52:35,"Hello, 

We are sorry about this, could you please contact the support to find a solution: https://asmodee.helpshift.com/a/potion-explosion/

Best regards,",2017-12-18 06:02:13
gp:AOqpTOHoWczfhuN6jeinh0VHmFtTEtRzauC7PFY7QSc2wVLNKm9maNUIRXo5X23RIEWnnwlH71VFX0YVuF3tyA,Séan Brown,https://play-lh.googleusercontent.com/a-/AOh14GhypeXPfmI4bxTCEtxs9nZzcjZZPWLUz5gaFTlqWyY,Game unable to launch (black screen) on Pixel running 8.1.0 support link listed in other comments is dead link. Refunded immediately. Please address this issue as I really want to like your game.,1,3,1.4.0,2017-12-15 11:06:54,"Hello,

We are sorry about this.
Could you please contact the support to find a solution: 
https://asmodee.helpshift.com/a/potion-explosion/

Best regards,",2017-12-18 05:44:17
gp:AOqpTOG4MpMHbfQ7IlfLl1YiSREo8XAKXywFye5ZRFTdG_kAZTGdaJQ5WG8n6Z71BqgyftI4PrvDr78YBd2WEw,Belinda Howard,https://play-lh.googleusercontent.com/a-/AOh14GhqlmrKMGx38NqxmVlOdtOFp8AejpbNaKaWSQKNJA,Had to change manually change the permissions on the phone so it would work. But it is fun game,5,0,1.4.0,2017-12-11 10:37:13,,
gp:AOqpTOFePqWcZgtpWp3iVIA9QRN7uZnW3N74FALhxV3bmZvnWmNlKFV3491V4Ge8OIbfjv4nM_trwI_fcQAGQA,C Esteves,https://play-lh.googleusercontent.com/-6pQJqtREcdc/AAAAAAAAAAI/AAAAAAAAAAA/AMZuucnNHOgnQgw5jN-gprJCPwPG4DwWaQ/photo.jpg,Not sure but easy is stupid difficult and do they get a free potion in the beginning?,4,0,1.4.0,2017-12-08 08:29:26,,
gp:AOqpTOGSeRif8VnSnC60xxzbwpwstJL_GHXpOE61ossCHDIKwxz2zkesWatOOdi_taalG6QFnqbEXAByhgiumw,Filip Galetic,https://play-lh.googleusercontent.com/a-/AOh14GiS9YxvphOav0B7keczBeeqVud1zuQLR0pO8PxFN5s,AI is too hard even on easy.,4,1,1.4.0,2017-11-24 16:12:42,,
gp:AOqpTOE6rTzTimrcZKPNkv1EzfCS7BnbYN3E1zbG7BNtq0q4P5gV2cCeVzFIUTZlUx5aqFIksSfz0MaLBQ3tRw,Werns,https://play-lh.googleusercontent.com/a-/AOh14GjcqScvg-hbZJHA5hASkn8FY0Y5OWeMgqRrhyoeww,"This game won't load. It works fine on my husband's device Google Pixel XL which is same as mine, but just a black screen for me...",1,3,1.4.0,2017-11-16 13:02:42,"Hello, 

Could you please contact the support: 
https://asmodee.helpshift.com/a/potion-explosion/

best regards,",2017-11-29 06:45:34
gp:AOqpTOGgq0-MXLyxBvRnM-VmQUiLmVaxdhW_vAEsR_ntfd2hzkjBmnK8moQVCvRBjYkoFWhkDNJDjzTGmM6JFw,CJ Wilckens,https://play-lh.googleusercontent.com/a-/AOh14GjM9-JO07E8SL5mVtvsLSSG-zriqgQxWi4XPx72Pg,App will not open/run,1,0,1.4.0,2017-11-08 04:21:24,,
gp:AOqpTOGVVBXRtEv4ddA4ecXcJA42BdJ5V1t7gQ5o3tgl3Ie3MJERkHvWg1XmjF9jVubZF7r7p3UUMqZq09DG4Q,Mike,https://play-lh.googleusercontent.com/a-/AOh14GiKt5eGWeVFMx8v_1fbgEVb-vIGI9hlvHlNgVqXaw,"Great game, hard on phone battery.... 5th Ingredient expansion?",4,0,1.4.0,2017-10-29 12:09:49,,
gp:AOqpTOEKu0Jkvr1r6zHchCfBDThC26oMYcxVfsTwjvyOqsG501kbuTOsR04DOEeNP0ImNLHltBlnuDlniFYKTw,Daniel Dorman,https://play-lh.googleusercontent.com/-uHlLmdvQW20/AAAAAAAAAAI/AAAAAAABrTo/AMZuuckN-Pgra6bpVAwEkZ19TA8ZY0Svgw/photo.jpg,"Nice, but why there is no Undo!?",4,1,1.4.0,2017-10-24 08:53:24,,
gp:AOqpTOH3QkrkcKvmZ4mFxL6MPsXZnThHroCmtdQbnuxnJlBXoFIOmszN8FhDs6Z8y9M8mzieK7qZaA7TTl9JQw,Nick D'Errico,https://play-lh.googleusercontent.com/-kWtj5UPMbCc/AAAAAAAAAAI/AAAAAAAAAAA/AMZuuclUhbwzzT2LnEnhbyZ8xkS3jI0rIg/photo.jpg,I can't give this game a real review because after purchasing it the game won't actually start.,1,4,1.4.0,2017-10-22 10:06:27,,
gp:AOqpTOE7Rd002-0jOSl3l2-hZuRBoTLmN9rF5ww2t-s-PjoOY7zOcG8SRoth75Kk_k8OPsX-euoSo8aA2tvuXQ,Eric Egenes,https://play-lh.googleusercontent.com/a-/AOh14GjnNB3e-pUvnJRWOx_LuvqmeIySR4_rHDdGM4id,Fun game.,5,1,1.4.0,2017-10-22 10:03:12,,
gp:AOqpTOHPYaLdbZGeWkOukev_6m2-lrb4CluKmxvYPoDIIstWlS_O7HWvQ9zwnFW_Z-5JP2rDUG7Xq_vH_BGEPw,Eric Carlson,https://play-lh.googleusercontent.com/-efs8XoF4Ta4/AAAAAAAAAAI/AAAAAAAAAAA/AMZuuck1N05zjT82MIfopOuMjJh-_plGnA/photo.jpg,App does not ask for correct permissions on Android Oreo. You have to manually set files permission after install. Game itself is great. Oddly it seems to draft starting portions for you which is really annoying and can really put you at a disadvantage,4,7,1.4.0,2017-10-18 23:18:25,,
gp:AOqpTOGEWwmiPCA1xx9GgkydKYqeUFSytXwSwS6LCtGnfWnDfy9r0EH9AtSQxS8Tgjl1NtZFdaRIGpMZ8-Hurg,Simon Clarke,https://play-lh.googleusercontent.com/a-/AOh14Gg0QS8G7rxhXpD6YvYFqfhND14mP1Okxr-g6Ex1UA,A satisfying puzzle with nice explosions.,5,0,1.4.0,2017-09-30 13:55:22,,
gp:AOqpTOHB70dueHtqo7HIXxlgI9r8vBR3GqkxpVNDx2uprNmhttrpBdFjQtIho12Sw9mFA58J4IY3_NAosRF54g,Mooseyboy,https://play-lh.googleusercontent.com/a-/AOh14GhaNgDaJKV8d7gnmjfv2vXKbtREQrYXWU515ivShQ,"""If you are running an Android 8.0 device, all you have to do is go back to the App Manager and reinstate the permission for Potion Explosion to access the internal Storage."" - No reason why that shouldn't be in their changelog or visible as a warning anywhere on the store page.",4,17,1.4.0,2017-09-15 04:04:03,"Hello Mooseyboy, 

Sorry about this, could you please contact the support: 
https://asmodee.helpshift.com/a/potion-explosion/

Best regards,",2017-09-15 03:04:02
gp:AOqpTOEpHWlRhOAd5llRnZ-6OqCEIG0TpbrhsuyjHk6wY3m0ZarUiq7BHf_UEaVG10qEX-n3WK44RsMgxf6gdg,Christy Viccaro,https://play-lh.googleusercontent.com/a-/AOh14Gih23M-XcFcbeECLZyqMiVUc7oFz0GGcGcBGN6Q,I love this game as a board game. As soon as i showed my family we all signed up to play online over distance. My only issue now is that when there are x skill tokens then more than x can be awarded in the ending round. I'm pretty sure the board game doesn't allow extra to be given out.,4,2,1.4.0,2017-09-05 17:16:08,"Hello, 

Could you please contact the support: 
https://asmodee.helpshift.com/a/potion-explosion/

best regards,",2017-09-06 06:55:11
gp:AOqpTOG9D0cqyj2f-Yur9R9pra82PQtLyTa7bI97jMHDqxTn5z3Qxo0OO0LFhWKai5ZCehQIAFUjQ8yGX-fUig,fabio sancinetti,https://play-lh.googleusercontent.com/a-/AOh14GjLvPVBmqWjFHwG0Jx6EgPbUqId79vr4_ojBPrd8Q,Game is pretty fun. I really recommend it. The only problem for now is that it uses too much battery.,4,0,1.4.0,2017-08-25 06:02:32,"Hello, 

Thanks for your feedback, the team is working on the battery subject. 
don't hesitate to contact the support: https://asmodee.helpshift.com/a/potion-explosion/

Best regards,",2017-08-28 10:22:18
gp:AOqpTOHqd9h91io77Zod-2GYq0jc3rGtqmApjRoNEKgWGHIV3kgMQ2SlwdPgGpQTGcGzzm4D9IRMjz3h5HwaIg,A Google user,https://play-lh.googleusercontent.com/EGemoI2NTXmTsBVtJqk8jxF9rh8ApRWfsIMQSt2uE4OcpQqbFu7f7NbTK05lx80nuSijCz7sc3a277R67g,Love the game but have had an issue with the last update where the game opens to black.,4,1,1.4.0,2017-08-24 11:37:24,"Hello, 

Sorry about this, could you please contact the support: https://asmodee.helpshift.com/a/potion-explosion/

Best regards,",2017-08-28 08:37:10
gp:AOqpTOFgN6SlAmYBa_LehmYyO_ixSojfsYta_NlaPk-Ycw-okzHXPCkQpk_AAZlPem_fuaYGgc-53cMp0mf_FA,Kim Kreiner,https://play-lh.googleusercontent.com/a-/AOh14Ghp_KTQBv_u4r7iBzoGS64X23N1gNPQXaWii4jofQ,Love the game. Excited to see if the Fifth Element expansion will be added in an update.,5,0,1.3.2,2017-08-18 17:12:21,,
gp:AOqpTOFsfOk67CqwCep-jisxdrOyJax0AhEH32uaXyIG2SCJ3GUhLyMhBSBp_R4eFSsouODItQN4qHgxDXPwqg,A Google user,https://play-lh.googleusercontent.com/EGemoI2NTXmTsBVtJqk8jxF9rh8ApRWfsIMQSt2uE4OcpQqbFu7f7NbTK05lx80nuSijCz7sc3a277R67g,"I like this game, but they made it with so much unnecessary animation that it drains your battery. I'd rather have less animation and more play time",2,1,1.3.2,2017-08-15 13:31:51,"Hello, 

thanks for your feedback. The team is working on this point.
Don't hesitate to contact the support: 
https://asmodee.helpshift.com/a/potion-explosion/

best regards,",2017-08-16 03:02:40
gp:AOqpTOEAENHnzVK5lV-cz43acE1RLLU1auJcq8-4Vju_TLCB2YsmC_o20ZXVn_OSdfO2RFJ1hmD245RWwQrOQA,Kelly Gellert,https://play-lh.googleusercontent.com/a-/AOh14GhW_lfjDDVs3xHwrlVVYlL6TEs5Jo6IsZTBGMQSzg,It's a great game i first played as a board game. Fun to be able to play with friends without having to be together. Need to fix the bugs that get you stuck on your move though. Several times i've taken my move then when I've came back to see who's turn it was up to I've had to take the exact same move again like i'd not done it before. This has happened for my friends too. Can you please look into this? Then it would be five stars.,4,1,1.3.2,2017-08-02 01:45:23,"Hello, 

Thanks for your feedback! We forward it to the team. 
Don't hesitate to contact the support: 
https://asmodee.helpshift.com/a/potion-explosion/

Best regards,",2017-08-02 02:03:11
gp:AOqpTOF2fQ_9zlqk72Dl6xmKU41g84G8BuVXgy5G4NsfEazlFS7tZlkX9dGuU9jY8x98DEoZscug4hSgomnMuQ,Michael Horley,https://play-lh.googleusercontent.com/-McvRnouuGi0/AAAAAAAAAAI/AAAAAAAAAAA/AMZuucn6ZMvP_E1Q54X5hNtTSfsxBHjYmA/photo.jpg,"The Ai can predict which ingredients are coming, creating huge chains that you simply can't compete with. Very disappointing",2,1,1.3.2,2017-07-25 06:50:07,"Hello, 

I can assure you that the AI has no clue about ingredients. 
If you wanna talk about this, don't hesitate to contact the support: 
https://asmodee.helpshift.com/a/potion-explosion/

best regards,",2017-07-25 07:38:01
gp:AOqpTOGvRVL3AA5BJmAoWTeOe1zhPVB6UdIiFPztT1-zaipLjyiRh55qbq4gtniIZFauVOI8DtSQERupWxXrMQ,Eleanor Maloney,https://play-lh.googleusercontent.com/a-/AOh14Gh0Jp51zicvyZmYA1voq4s4Y7xzrAyaDIov_XbJIg,Lots of fun. Just wish there were more people to play against.,5,0,1.3.2,2017-07-21 23:44:38,,
gp:AOqpTOFjNPuSpVXP59NGyiPqklZESmgeAB7n2A4jEb9iFvTwHaJL6ymmacNi6s1oa8k_3MrEmc426M6yGxOMbg,Michael Quinn,https://play-lh.googleusercontent.com/a-/AOh14GgxnyLzCvxcn0ZTqj8BZkCeDSfi4wtFfLaHZS80Hds,The AI completes collisions with off screen marbles.,1,1,1.3.2,2017-07-01 10:16:52,"hello, 

I can assure you that the AI doesn't ""cheat"".
Don't hesitate to contact the support: https://asmodee.helpshift.com/a/potion-explosion/ 

best regards,",2017-06-30 06:07:53
gp:AOqpTOEwd07IaJzUxS5rdXC05HDcxtZXRO4GbEOF3iaOgI5nJujS0jt5_hg099MK8uVDkeIYYOJbsmJa3YPPZQ,Stephanie R,https://play-lh.googleusercontent.com/a-/AOh14GgdlQcKkNbK9_wzxxm_wkiqlNGZIepJ3ZxWGEoHxDE,"A huge battery suck, as others have said.I have a 2017 Pixel, that can run 10 apps at once and it doesn't get as hot as it does playing this single game.  Gameplay is fun and very pretty, but the potion symbols at the bottom of the screen are hard to read; I'm not sure if I'm picking the right potions until it's too late.",3,2,1.3.2,2017-06-24 00:03:19,"Hello, 

Thanks for your feedback, 
Don't hesitate to contact the support: 
https://asmodee.helpshift.com/a/potion-explosion/

Please note that an update should arrive soon.

best regards,",2017-06-26 05:43:08
gp:AOqpTOHgKd4v5fchiW4YB7l90_fV2_5qkkSgzM3Wp_i17bqSUdf8X3ZfX9rayahNopdOR88FxMv1b7iUmVlUkg,Barry Shockley,https://play-lh.googleusercontent.com/-H9XXrEkuqtE/AAAAAAAAAAI/AAAAAAAAAAA/AMZuucmvmL_KgkOuYP3KNQvqe5lit7klkA/photo.jpg,"Excellent adaptation of the board game. Extremely addictive and offers a great multiplayer implementation.  The one downside is that the app is system intensive. Be prepared for slowdown on lesser devices and quick battery drain.  Edit: Haven't seen a single person playing online. A shame, as it's a lot of fun.",5,0,1.3.1,2017-06-05 12:27:25,,
gp:AOqpTOGQwJgfxhxCgUtcatHXxbWKAJqbLhQYIuXNtgSmJU_ce4S2eieKkFZimNz87-vrlBPMmTFEhbCXMi-ISQ,Jorge Serrano,https://play-lh.googleusercontent.com/-RL_sZw4j_4g/AAAAAAAAAAI/AAAAAAAAAAA/AMZuucnvV9B2_nPe2nGUlYOBs12R18YmoA/photo.jpg,Great adaptation of the boardgame.,5,0,1.3.1,2017-05-29 19:34:58,,
gp:AOqpTOEHeQqWDhT8OzX32PjXdfeMx27PofWU4-5aHnCls7dBwjhxvmU7WtLwhjnaxgpBecv8MZCA7dNo0kclfQ,Glenn Ward,https://play-lh.googleusercontent.com/-EZWkywheJXk/AAAAAAAAAAI/AAAAAAAAAAA/AMZuucn1hwof9cksuSUnBZ7oRNY8bmepfQ/photo.jpg,Pleasant game but is a heavy battery draw.  Do not play unless can readily recharge battery,4,1,1.3.1,2017-05-27 15:48:00,,
gp:AOqpTOF45opHPTNHq4d8Shtoji5ivbL3rf_Hn8wnkdSwTb7AbHTWa6InsQGoWigzaotS40CM-bbTto_W3MJsxA,rodrigo salamanca,https://play-lh.googleusercontent.com/-YMiNKAZtvrk/AAAAAAAAAAI/AAAAAAAAAAA/AMZuuckLmv15D5yiUgeXQLqvb6zaOeSr4w/photo.jpg,Great implementation.  Solid play.  Can sell my physical copy now.,5,0,1.2.0,2017-05-08 14:52:53,,
gp:AOqpTOFzV0OLPIhV5Hu1tl1IYuF71dOcZ7_EoamT0K5JXkTMRC5xk3KLyhZnR7Ewtw0VDLbfPOkFFd9b_NbIwg,Lois Scott,https://play-lh.googleusercontent.com/-azt3b87RmOs/AAAAAAAAAAI/AAAAAAAAAAA/AMZuuckx38okSxzPMoQ89Ytt4EkUemh_tQ/photo.jpg,"This is the most frustrating game! I have played the board game version and love it, but the interface on this is really poor.  I keep getting into a loop where I can't move forward! Don't waste your money.",1,1,1.2.0,2017-05-06 13:07:31,"Hello, 

We just released an update, could you please try it. 
This should solve this issues. 

Best regards,",2017-05-09 04:42:51
gp:AOqpTOE5YlWLcr_rV_trztnG4-ZoQJpdu5orFvK_JqnOBUgDBTpyqFCUzy0ZAgo3isXP3Q6IBA712Afiyapbrw,Lace_ Katt17,https://play-lh.googleusercontent.com/a-/AOh14GjDbsNb_VHfINoC3zvBdQKLNNRiqSgeyZnH8A-rPQ,Need to be able to create invitation that remains there after you leave. Right now you have to wait online for invite to be accepted thus there are never any open invitations. Make online games asynch including invitations. Learn a lesson from very successful Ascension online play.,3,1,1.2.0,2017-05-03 18:25:49,"Hello, 

Thanks for your feedback, 

Best regards,",2017-05-04 02:33:10
gp:AOqpTOHbDCVXdHrbTbk9yD3VHueICghmp0OVlVO8ng-VU0VQQUKJRKCt2BUYrCef97Y1u3Lybkj8ZNG86jHQew,Tyler Cook,https://play-lh.googleusercontent.com/a-/AOh14Gjb8NzSFVS78Jd2dv3l8NZvh_nr2NoMsJc_Lu0fJw,Fantastic add on to the board game. Plays just like it but I can keep it on the go and play with all my friends. Love this!,5,0,1.2.0,2017-05-03 05:26:09,,
gp:AOqpTOFkifcGEKt6-usRCEBnBNj7L8dskPG1gjUMJZUeNiuTtn141eVPaXaTrEnl0xYc1xGFXXImggtL1cU2Qw,zablack,https://play-lh.googleusercontent.com/a-/AOh14GjDnBwRQI6F9GRaDU0M1utV9ePvsPndt4ndcJzS,"Please can you double check the code for the Hard bots, its blatantly obvious that they can see the hidden part of the board. Its basically cheating.",3,1,1.2.0,2017-05-01 01:36:19,"Hello, 

Thanks for your feedback, 

best regards,",2017-05-03 05:51:33
gp:AOqpTOFEMyZ62mEQCNW1xgYUyYj5OYxYE-ODTVMcZJ7j2kSLdiUB43Xms7cilXjcbThqaVZiSEC02Afug2zcjA,Trevor M,https://play-lh.googleusercontent.com/-KaIFLl0OHf0/AAAAAAAAAAI/AAAAAAAAAAA/AMZuucmQa2AICdbaN0C6QMx0zP5LnT4ACQ/photo.jpg,"Plays much like the real thing but faster, it's a little like multi-player candy crush",5,0,1.1.2,2017-04-09 03:19:54,,
gp:AOqpTOEghkcjSl2G5zEYOZsfzhymjQ-Urto4isjhOW1Jx3UWfTcuKyMHEp9h_sqjxDpMdl4cTgjpiDEm5xo_5Q,Jason Parker,https://play-lh.googleusercontent.com/a-/AOh14GjeBtPy1W7Fx_-JRFHoWRERsaPlo4edo94bFPTZWA,Great game. Absolutely murders the battery though.,5,2,1.1.2,2017-04-08 06:17:22,,
gp:AOqpTOEE6kSTUcEe7ZOiL_ZS6O2W5_Fjt2lzcKKmkiVKIBu1fJnR6Cph7Vqspc6I1qyA-BRzTwkAO7wKB0Dvdg,A Google user,https://play-lh.googleusercontent.com/EGemoI2NTXmTsBVtJqk8jxF9rh8ApRWfsIMQSt2uE4OcpQqbFu7f7NbTK05lx80nuSijCz7sc3a277R67g,5 star game but 3 star app. Great game but absolute battery killer. Played one game offline with airplane mode on and battery dropped 40%.,3,4,1.1.2,2017-04-02 08:39:41,,
gp:AOqpTOE7aePKm7UZhz3qcfrhZHo2JtF3SKvIgsUQS__BXyih8Cu6zL5vjXDCZGCSV1hEt4-cgQlsinTfw9ECzw,Zombiesrppl2,https://play-lh.googleusercontent.com/a-/AOh14GhPptaf-ZLY030aEbnrPtFGIAYbQY8AiApa3N5jfQ,"I can't finish a game with AI. The checkmark button stops working and there is a medal with an exclamation point on it spinning around, help?",3,0,1.1.2,2017-03-31 03:58:58,"Hello, 

Could you please contact the support to speak about this: 
https://asmodee.helpshift.com/a/potion-explosion/

Best regards,",2017-04-03 03:00:29
gp:AOqpTOFns-61SPRWpxtQ_XYfytkcyopIJKdOJYiwszeKCIQhKTU33yL9nA5aqS3Ma9aWIFfEguqB2VdJZ5aakA,Wendy Fischer,https://play-lh.googleusercontent.com/-WbG0QWinbHE/AAAAAAAAAAI/AAAAAAAAAAA/AMZuuckrF-npFI4XGwiBPjnHxD5bMXKtdg/photo.jpg,"So addicted!! Fantastic game,  can't wait to play the table top version!!",5,0,1.1.0,2017-03-21 11:55:31,,
gp:AOqpTOH544v8diCXiIQ6fNObOdLMnYum8bfo7GnzBA0z1yJABiWK7SCJNj2R5UzSutCZYu3On9yvJkwzVfcd2A,BeLikeSeaweed,https://play-lh.googleusercontent.com/a-/AOh14Gin9B2wA8rb7BpIFI_TQqhb5tMTqfemayO8KfOOp10,"A friend of mine got the physical copy of this game and we loved it. We were so excited to play on mobile.  Unfortunately the app crashes very often while playing with friends. Turns will reset multiple times and then completely crash. If the crashing and resets are fixed, this game would easily be 5/5.  I would really like to play this game more often, but the issues are so persistent it's almost unplayable.",3,3,1.1.0,2017-03-15 15:30:49,"Hello, 

Thanks for your feedback :)
Could you please contact the support about this crashing issues: 
https://asmodee.helpshift.com/a/potion-explosion/

Best Regards,",2017-03-16 03:09:26
gp:AOqpTOHlE2frqcOiGCx4wQYWSK69ZmHOMRkT6t9C0mlrsi_UkOkS0X3mEX9i6ldIjHSsq84rIYmvsgXCr7WwIA,mike Sprouse,https://play-lh.googleusercontent.com/a-/AOh14GjZu2_gYWv2JeGgl7FP2iKHrMzIw0z_4kvF7z3V,"This game is loads of fun, and the port to mobile is beautiful...however, if you guys cant get your multiplayer mode figured out, im done.  Ai in offline is fairly challenging, but rarely anyone to match up to online.  And when you do find someone, the game freezes often, requiring to close app and reboot. Fix this and its a 5 star rating.  Tt the people that did the game patchwork for example...their multiplayer is on point.",2,2,1.0.2,2017-03-09 18:15:40,"Hello,

Could you contact the support to speak about that: 
https://asmodee.helpshift.com/a/potion-explosion/

Best Regards,",2017-03-10 01:37:04
gp:AOqpTOGofZ2bDfFXWVlJRB2YgBH-Kbb6nA28KGRETopn-gcvrihxZofQMYZ56xRH_hx7mQ-dfxcl6RVmFdjzMA,Alan Johnson,https://play-lh.googleusercontent.com/a-/AOh14GjQiVyTTQZHVp0ICD3fcczvpIpEej96pvAzvYzJiCg,"Super fun board game. Easy online multiplayer, great graphics, sound, and game play. A new mobile favorite!",5,1,1.0.2,2017-03-02 23:10:05,,
gp:AOqpTOGwNahQ2bmgS2-Dc55n_SzIdNOER0os4lLgoYd1p0K3lgT-UfKZOMuQQF5DZkOiEJmkHxqikRUYelJmXw,Rebecca Vogelezang,https://play-lh.googleusercontent.com/a-/AOh14GhXPs8F6U7ZT1rYnv7pGzQB2uDXTqu1o5v2NSmMOA,I'm guessing people who are saying the ai's are too difficult don't actually understand the rules. I had no trouble beating them but still has fun. I've never played the tabletop version of this but totally enjoyed the app.,4,1,1.0.2,2017-03-02 17:33:32,,
gp:AOqpTOGDMNNuzyWLV0yJ_Ki3mh12L_ex6H2bztwF2Lsxc98v_KcupiF47ltrtPMQkD88YXeWIaoIO1loFOYeRA,Jason Powers,https://play-lh.googleusercontent.com/-akYRjsc2luY/AAAAAAAAAAI/AAAAAAAAAAA/AMZuuckE6LnZVyxNayQhOGkbv-8TLAT3mw/photo.jpg,Impossible to beat the AI,1,1,1.0.2,2017-03-01 16:26:45,"Hello, 

Don't hesitate to contact the support if you need help: 
https://asmodee.helpshift.com/a/potion-explosion/


Best regards,

Add on : the update was released yesterday, don't hesitate to download it.",2017-03-10 02:06:09
gp:AOqpTOFqFiDU_pOZr0s2-By0dWYc5wjMGUT71KCZD0kLIBZ_aDY7a7WYpqv_mGMiq7LFELgsCBja2Y-NolA3cQ,Robert Sillas,https://play-lh.googleusercontent.com/a-/AOh14GhF9X9LxnzBNRYhFJfnlYTFEkB0n8y8KmuM6Celgyw,"I really like the game, but the bots are way too hard.. I've never won",4,0,1.0.2,2017-02-22 22:41:00,,
gp:AOqpTOESNJ1vi4yKDxF-Ba2cXn4OSJGejsxebwBYWeQwodNCEHNbgak8kC-r3ckIjKQrHzAwh7uH3UAKtpe0ug,Jon-Natasha Seidl,https://play-lh.googleusercontent.com/a-/AOh14GgfCuxbkRb1Ngezi908UTg8fISml_ix3IPPo7nT,Love the board game and love the app!,5,0,,2017-02-22 05:30:10,,
gp:AOqpTOEu6BkzXYwu2yDBag9pp-F0Xk94frD1q3ozCgsyjTWHyOPY7aJrnDYBpQ_srCkDW-sDtPX7z0xyIQajYg,TsubasaArchive,https://play-lh.googleusercontent.com/a-/AOh14GgOCmQ24Z66OED0_xP1Aj7d6Y6P0cYXrSJP95Pr,Never played the actual board game but this makes me want to buy it.,5,0,1.0.2,2017-02-21 10:46:55,,
gp:AOqpTOHNTlpJg7kcI-Vv_J65jg7i2qNHFlXB6N8p6qSOOZ5Xf1kJ4NITc3xAGKaYgFjrFNCcvjnFBViK-h_xkg,Joe Parente,https://play-lh.googleusercontent.com/a-/AOh14Gj7k7RwnybSeL3NNmBEKSwnmPzTAw--XtsMXu-hdw,"The easy bots are... Not at all easy, but besides that it's a great game.",5,2,1.0.2,2017-02-20 11:20:40,,
gp:AOqpTOGw9-WkinhM3rJ6dnhevlE3jBs486BqW-JSx6-T8zH-qMOyLnzMBejH4V4kZe1zuq0CzzNeijiKD_d6QA,Maciej Karwacki,https://play-lh.googleusercontent.com/a-/AOh14GjZlpjINiW-CJGUa3LNiALNVbxmGstgxEjLm9__6Q,"All menus work, but can't move pieces on the game board.",1,0,1.0.2,2017-02-20 01:25:36,"Hello, 

Sorry that didn't work, could you contact us to find a solution : https://asmodee.helpshift.com/a/potion-explosion/

Best Regards,",2017-02-20 04:56:14
gp:AOqpTOGOKbL5ba02o7HBjhw6SPwfyKYXgpj2ytgQE5w-dgt-SB3ExyPcQgr-L1AE-njDqOW5Dm4AdGarfcTeeA,Business Nugget,https://play-lh.googleusercontent.com/a-/AOh14GgRdA_XOWRYlS81a-7Xr6aCcNVl6lTKSBeo_76mJRM,"Excellent game, no issues at all. Should be more popular than it is.",5,0,1.0.2,2017-02-16 11:36:34,,
gp:AOqpTOEy_QMwNydWeJXYGe7WLlJJMo1-81E2iwCHpIZaywW7QDTGceWJQeXHuO2urd5dF2n_ZkH2jLBrz_kAsQ,Karl Kindt,https://play-lh.googleusercontent.com/a-/AOh14GjCjbgoln83cpgs0cDzlhWRQpuwp2pcT6NpHQseDsg,Superb implementation of a good board game. The graphics compliment the slick UI. They replicate the fun of the marbles in the physical game better than I would have thought they could.,5,4,1.0.2,2017-02-14 17:19:57,,
gp:AOqpTOEskYfBtadtBnRMgr8cwJn3I_8frl9c4HgRrC-fMjncvCFqCdD9UKPNWk6Fb_iLax124miJdC88qn4z0Q,Rajat Paharia,https://play-lh.googleusercontent.com/a-/AOh14GhbwhB7xPC74B_azeI0bLHUi-fVgdUkBOKP5yBdYu0,"Wow, what a great adaptation of the board game. Super impressed with the graphics and playability of this game. I rarely play games on my phone, but this one has earned a spot on my home screen.   It's also a lot quicker to setup & break down than the board game!",5,0,1.0.0,2017-02-13 08:10:27,,
gp:AOqpTOFqWTRlcmjk-Gf985rQNEniQyeSn3HdiNEYAuWoGHlVxP3fUS31Hr7VCveAeEdQ47rygviLRBuCNS5dCQ,M Smith,https://play-lh.googleusercontent.com/-It3tGy3liaI/AAAAAAAAAAI/AAAAAAAAAAA/AMZuuclHHnjN4zEPtF-XVu0N88Lbwuj7aA/photo.jpg,"A good implementation of a fun board game. Really needs notifications when an opponent plays in an online match, otherwise would be 5*",3,0,1.0.0,2017-02-12 12:41:15,,
gp:AOqpTOEN64NQuFDoNaj7MBGDSw5UXpyvpVf266PhRWvLvbc0npPtXXg-MaCDN8Z5z3ktWGcsxmlGH8PvPytdVQ,Gregory Lee,https://play-lh.googleusercontent.com/a-/AOh14GhetLtgxGfmSCeznP5tPul3TEJAlpbspAfYRfDjRAs,"Like the overall implementation of the digital version. Of course it can't convey the same tactile feel of the marbles clicking like the analog, but a solid game nonetheless. Only complaint, I wish it had a notification system for online games telling you when it's your turn.",4,0,1.0.0,2017-02-10 19:15:47,,
gp:AOqpTOGd1bUy9dPm-9qb10WvRQjvFzosq6027K1RIxgPo7z_zWeR3XuebTa8DdP5N5DKaQhCZngLWO0paQoDRQ,Hannah Maguire,https://play-lh.googleusercontent.com/-t55GhKweHSw/AAAAAAAAAAI/AAAAAAAAAAA/AMZuucmLTbQZcoG63Cevpg2iR5VlVj8d_Q/photo.jpg,"I love this board game, and now I get to play wherever I am.  Lots of fun, intuitive controls, and fantastic graphics!",5,0,1.0.0,2017-02-01 08:01:08,,
gp:AOqpTOHViuTqrH8qXlKtRRMlYg0pZcsw6wrn-zFT87STdlon-A8exC224nBcwxeYodH2jk6-jAMz_b0yMhGrFg,Woravit Kreangkomol,https://play-lh.googleusercontent.com/a-/AOh14GhujgD1Ij5_OMoC3a7htwZ8FYnq-McpN1cYfTvtv2E,This game is very good. Wish I could turn off the animation. Hope that it will ask for confirmation when tap on the little help (I lost a game because I accidently tab on it),4,0,1.0.0,2017-02-01 05:10:37,,
gp:AOqpTOFsS_eehsvNiMmRQEH_M4AIAvtXmV0J1OtYMi6CH7XA6TWztYnEAidzBhhYl8r1Tandwro7BTIrw56QNQ,Oregonized Gamer,https://play-lh.googleusercontent.com/-OcJUntAoYbc/AAAAAAAAAAI/AAAAAAAAAAA/AMZuucnn1VyVtwMPMUM8ILoGe22UGs1A2Q/photo.jpg,Great game : ) needs more people to buy this game so theres more players online,5,1,1.0.0,2017-01-31 17:18:16,,
gp:AOqpTOHib-WiyPx359es9jo0906usrD88lQ5mexeDRtdn9nhcIkpMvLkmmtSnSqtTMKQiKENPsSoCuaGzW9eRg,Fenyx,https://play-lh.googleusercontent.com/a-/AOh14GjUTCaViL9636BDtkMo3tanCBf337OUlYz3jKT1iw,"This is an extremely enjoyable, well made game overall. There's a surprising amount of depth and planning ahead, which is nice as well. Graphics are beautiful, and controls couldn't be simpler. My only complaint is that the game heats up my device pretty badly. Considering I'm playing on a gaming tablet (the Nvidia Shield K1), that's surprising. It makes me wonder what it does to less powerful devices. Fix this and it would be a five star game. Even as is, it's a game worthy of playing, to be sure.",4,5,1.0.0,2017-01-31 09:25:17,,
gp:AOqpTOEMWtFS6JuQGVsI3edrV1UaaGBOJ1dfKxYOzbjnrcHSpoo8MEFwJQhPlRc5iJw2C1UdSfEV-KfrPdwqHw,Brock Wunderlin,https://play-lh.googleusercontent.com/a-/AOh14GjAgYbmIM40iYkHYoi8_qgsKQDJSnoD75oDday5ew,I love the boardgame and the app does a great job of bringing that game play to my phone.  It would be even better if I were to get a notification when it is my turn when  playing online.,5,0,1.0.0,2017-01-31 09:10:03,,
gp:AOqpTOFhl6t-FVc_pa2sBm726JmabUxcDaJ4xtLCysoJDsbRY4lvqdu01iN7L7X3EdsNA__d0EEtbdI7ljvuGg,Benjamin Ferrari,https://play-lh.googleusercontent.com/a-/AOh14GgRZCiVgepOsTdCPoErUZd5QyOSZKXgwysI36dPKkw,"Really well designed game. It is much more interesting than your typical match three style game, but still simple enough to play it casually. Music and visuals are excellent, and the interface is simple yet gives you all information you need. Bravo!",5,0,1.0.0,2017-01-30 09:57:12,,
gp:AOqpTOEWDSQcf_SXmosMG1lIAUJ8PMj_7SCDCu-qbmcZWk8Mos9JBJnxJ9YhAQgaCt-hbcGBptguq-NEdEq93g,Jonas Resting-Jeppesen,https://play-lh.googleusercontent.com/a-/AOh14GjybSBRXynLNwGb1SdkLsai0KhrkZPcDXLhojdSYH8,God app but it asks for permission to manage phone calls?! Why?,4,2,1.0.0,2017-01-29 07:01:30,,
gp:AOqpTOEue_TCcqgym9vUWg9GfgBq4HJh2Le6Ddw9cN9EhQlteYhfZEdmn2c9WGwDxFdTQi6QaJawyYfYQtUNEA,Ash Kai,https://play-lh.googleusercontent.com/-3LaeRF9qzWw/AAAAAAAAAAI/AAAAAAAAAAA/AMZuuclk0Ld-vifUj75_rapSYkwpsXKBqg/photo.jpg,"I like this game a lot, but it keeps crashing before the end of every  offline multi human player match.",1,1,1.0.0,2017-01-28 13:23:35,"Good morning bardicfox7, thanks for reporting your issue. We will definitely have a look at it.",2017-01-30 01:44:14
gp:AOqpTOEvHQun6CVIMoAxNjVKMg51_DHcj3fH3BN805DlekRM78MA9iJXWnTxwgLsPuasevh7CV0dv7jodsWyWw,Luca Francesco Rossi,https://play-lh.googleusercontent.com/a-/AOh14GikpnTrqBQe9ewW7B7vJQbaf4RLGvY7gIJYCcR3Lf8,"Great game, funny and intuitive with terrific animations!",5,0,1.0.0,2017-01-28 01:37:51,,
gp:AOqpTOGhHgLBw6ocXAZR_MlHdSTRsM80ra-HJ_aG-H4ePKh-bg9KKZ1x98W573Bd7-MJy9w-6ikeYO4bCMY1gw,J Miller,https://play-lh.googleusercontent.com/--z3LOwi0B_w/AAAAAAAAAAI/AAAAAAAAAAA/AMZuuclxWLqndJsJ0RfMb24JFROPdbIW5w/photo.jpg,"This is a rock solid board game to a translation. The only difference is the inability to draft potions at the beginning, but I can accept that. Another review says you can't view the upcoming potions to select but that is incorrect there are a bunch of purple books on your work table that if pressed allow you to see the upcoming potions. I cannot rate this game highly enough!",5,3,1.0.0,2017-01-27 18:34:58,,
gp:AOqpTOFUQ2RJkB14rL-5BUO9WcwDp9r_4pOCZ_zg7ROGYR5uZvF3ncfBChSocFOktvNaCuCTNUfDglXKh32i9A,Shawn McCool,https://play-lh.googleusercontent.com/a-/AOh14GhtOFXPIdzBpLUQtzD43X44zzoMAyEoLk2-QrvJlQM,"The game is very fun. But, in 4 games I've come to game breaking bugs twice. I had 2 stored colors and 1 blue in the beakers to the right. I used the rainbow unicorn potion and the beakers to the right didn't blink but the two stored colors did. I proceeded to try to drag the blinking colors to my potion but couldn't. Finally I decided to take one for the team and just click the check mark to finish using the potion without completing the effect. It just sat there and I clicked and clicked like there was no event bound to the click.",2,5,1.0.0,2017-01-27 16:01:02,"Good morning Shawn, to be able to use the prismatic joy potion, you need to drag the marble from your storage directly on the sticker of the potion precisely (and not on the potion itself).",2017-01-30 01:47:42
gp:AOqpTOE1CDrZ73fYt6j-OI3URXhlcsuQ6U6ShvN3fl-_GkQNol7nAVcw8conJ0gx7dEqXsWj8zrxeW3nne4Q2g,Adam Bullock,https://play-lh.googleusercontent.com/a-/AOh14Gj5AS26c1Qf2M_onth58Yk-0lbp73Nfx1JFoJ386Uk,"Such a charming adaptation. Lovingly created, you can tell.",5,0,1.0.0,2017-01-27 14:40:52,,
gp:AOqpTOGiyxK9AzjB7dC6GTjKh3IOZafihxm3sAPypstjK56JrF6t9j8JM4mihEBB8UHm5dGhSXShJX0SXpfWgg,Drew M,https://play-lh.googleusercontent.com/a-/AOh14GiKcseKQ3J6-hsIlWX-baHY4oGlpbcDXDwTSG_fewE,"Not a bad implementation however needs a few extra things. Firstly it needs an undo or confirm button for marble pressed, it's too easy to press a marble next to the one you select. You also have no way of seeing the up coming potions available until you are selecting a new one so cannot plan for the future like in the game.  Lastly it would be nice to have the ability to turn off the animations and perhaps even revert the artwork back to that in the physical version.  It's a good game still, better than most other similar games but the real game is still the better option at this time",3,1,1.0.0,2017-01-27 09:49:03,,
gp:AOqpTOGppJWu-BJythoyA53nKcLB6xGuIncPHXx7DC6NlDrcuKFmvf6Vymzv1lj6o-3fQxix1xUkA9uU-5-2fg,William A.,https://play-lh.googleusercontent.com/a-/AOh14GiYvx66bZWqMYVnQAjZk360NRA4arSQMH9lW3Ib,"Really good implementation of the board game but the app needs a lot of work when it comes to power consumption.  I have a Google Pixel and this app drains the battery very very quickly.  In 2.5 hours, I've gone from 100% battery to 37%.",3,0,1.0.0,2017-01-27 07:41:22,,
gp:AOqpTOFp96sVO-jTovACAJSOIV19sDxCvDKpoUDC9mVRFTg_yFTobbk7bPlhknJCI_5jwe4DRdAOCSM-DscFzA,A B,https://play-lh.googleusercontent.com/-9QkX9VCc1as/AAAAAAAAAAI/AAAAAAAAAAA/AMZuuck0ARI2Vb06jYQn8tn-si2R8j6jIw/photo.jpg,I have been waiting for this game! Love how we can play with friends!!!,5,0,1.0.0,2017-01-27 06:41:22,,
gp:AOqpTOE88U4W6p6IHkfhO6B33wfZaV2dsE6JiEQF2o6kiWLpPwmOGtXN47LJCReagbA1a4C0Uq-iupfFFOKNJQ,Chris Schenck,https://play-lh.googleusercontent.com/a-/AOh14GjmByrOMI8a2sJwa_r-p_yuOLvQfzsTm7Pmw-s2yQ,"This app is fantastic, and true to the physical boardgame. The only difference, which I admit that I miss, is that the starting potions are randomly assigned at the start of the game instead of being drafted by the players. I suspect this change was made to facilitate faster online play. Otherwise, you'd have to wait for multiple notification responses during potion selection before the game even begins. It's a small thing that I'm ok with, but I do prefer the drafting option in the physical game.",5,8,1.0.0,2017-01-27 05:23:56,,
gp:AOqpTOENrV0S643aOWXawrQw5bWF8nbuaghu8OHrExjhG5cmHVGHh6xD5nyv2GgCtYgeP0Ows_ruJWcdYFFkvg,A Google user,https://play-lh.googleusercontent.com/EGemoI2NTXmTsBVtJqk8jxF9rh8ApRWfsIMQSt2uE4OcpQqbFu7f7NbTK05lx80nuSijCz7sc3a277R67g,"Game is great but online play is poor, bad notifications, slow transions, cumbrsome login.",2,1,1.0.0,2017-01-26 17:48:00,,
