reviewId,userName,userImage,content,score,thumbsUpCount,reviewCreatedVersion,at,replyContent,repliedAt
gp:AOqpTOEhMx2tdDY5Ioj4mhpcEXfW0IbbpCR0ZuYl1_ZHj5JJyKBLHm6NlCW2gynvDGmUCa26S-cUmZaSYoVoXw,Alvin Thornton,https://play-lh.googleusercontent.com/a-/AOh14GiaqEmxSQCX4p7M1WnjZGxJE8q0CXpmjQB6p82lJBM,This app is great. I use it to send samples of beats to artist. I love it mane!!,5,0,1.9.0,2021-02-06 10:01:44,,
gp:AOqpTOFeWHPRNgk67nY5JX6S012RToUviyjS--zmA7JbnGMorJntMdO22eg50OebLPjZYeGKt9QX_0zRlE3yyQ,Muhd Syahir,https://play-lh.googleusercontent.com/a-/AOh14GjdRnkV-yco8oVs_YdmG7MHjqaQ9-bzsXypKGhCyA,"Add feature tht can see closer when editing, hope you understand",4,0,1.9.0,2021-02-05 04:25:33,,
gp:AOqpTOEnQGWcR1C-GkgBuPFsvHOVrpS8RN1PbUbMZd0YwGu3u0qlQWLNuU9gxSqfmFzp4P_aUcTjOWe6Ch6m0Q,mark zammit,https://play-lh.googleusercontent.com/--3Ru4OnLOVk/AAAAAAAAAAI/AAAAAAAAAAA/AMZuuckiCMX5Rgkys9tAtRVFts1kAO3LaA/photo.jpg,"High range of features, very easy to use and no bugs or issues so far. I'm not sure why the Main Functions and Other Functions are split into two menus as it would make sense to have them all on one screen. Also a fade in/out would be useful. But those are minor comments. I tried several apps before this and this was basically perfect.",5,3,1.9.0,2021-01-22 23:25:29,,
gp:AOqpTOG0PZYlwecppqCf8Is3fdddjYUc63BopUHYhvnMkxkklVdJ8I4Oc0-Hn0fbH6Jw71AbuT1m4nYuPKcwcg,Hugh Bailey,https://play-lh.googleusercontent.com/-iu8wcNlDTX4/AAAAAAAAAAI/AAAAAAAAAAA/AMZuuclpm-vi144XhN42GkCllHASmgzDpg/photo.jpg,Best app ever,5,0,1.9.0,2021-01-22 20:51:48,,
gp:AOqpTOHDj28HqRhct3Y4CG6oFDbMoASSaHAuEiRTz5YOpbeNjpLyFfF6egVrK4C9V1N7bR7D15ucXiZj8lgnfQ,Arvind Chande,https://play-lh.googleusercontent.com/-QMUJBbHEyOA/AAAAAAAAAAI/AAAAAAAAAAA/AMZuucl_gJEbVq2t5FFdUrU5Fmyqj7X3ig/photo.jpg,Please add in split function custom we can split big file in four to ten parts,5,0,1.9.0,2021-01-16 21:22:18,,
gp:AOqpTOGfXDxQGVTbxYcKLSkdkY2CV3fMIMZ-hTtlwcjOApdvAaFZhBr4m3ZVfK5tJlTDFw4xpwWF1mTv2VMOTQ,Mandible Kesselrun,https://play-lh.googleusercontent.com/-pSMeo0FfpUw/AAAAAAAAAAI/AAAAAAAAAAA/AMZuuclZBz1ZXyyzMv1zZUr3fNp5Yb-wew/photo.jpg,Confusing to use garbage,1,0,,2021-01-08 09:50:18,,
gp:AOqpTOFaxnN3Sb4e8SRuX3U0Z1P4lhB0rT4agt31RIPG-o6L-AkI6ZSRZxfu_i-D1pnwKx8cEahe2ajiXM8pmQ,Preet Rayat,https://play-lh.googleusercontent.com/a-/AOh14GiMaWyPFBBwOwNaDqgPOU_HQW-kyVuArXsX404cqw,Need zoom option overall good 👌,4,1,1.9.0,2021-01-07 22:12:35,,
gp:AOqpTOFJx6CePmPVkyUqs5MFv__EnkH7bpzQs9ZI65Btom-TWq-a-kt2pNRnyUUqZukjwxQYUs3PSr_3sQYovw,José Pablo Hernández Arciniega,https://play-lh.googleusercontent.com/a-/AOh14Gg0cZhE73mvx6FWxqZTjssgqcZiIThHN1xz7fnKdQ,"It lacks precision (it's very difficult to set the specific start time and end when triming), everything else is good",5,4,1.9.0,2020-12-24 08:23:07,,
gp:AOqpTOE_TIC2w1dq0PVimUI1U62i_lTVb0zjmwERtsVxWAmrRI3OZ-QvO8hZh-BgqFafFLqDC6A2sw1BQiXt3w,Roderick Pruitt III,https://play-lh.googleusercontent.com/-s1vSEOYGjPQ/AAAAAAAAAAI/AAAAAAAAAAA/AMZuucnFLEfwkfD7LbdOaZ9GJFImvIAVBw/photo.jpg,Functional but missing no-brainer simple features,3,0,,2020-12-22 12:15:40,,
gp:AOqpTOHeVsWHKoYHm2VgW17MDUe4kcKfc3pb_1o5OPxgiGu59F73lndZ0U-KG47IJWMrTMaT_2oOr4Nmg2W6Kg,mario curiel,https://play-lh.googleusercontent.com/a-/AOh14GilNeryKRrvJ8_pVM5iDPRroTOkuEveE3SWRWLdAw,Nice... And simple,5,0,1.9.0,2020-12-13 08:06:44,,
gp:AOqpTOF-qfa00sBA9Jbb5KXMbYe09DiZICdlKGUL_KonIjAAY_km7WFoATav-Tue-6FmGKNgNJ0PY7zbB-hDuQ,Christiaan van der Westhuizen,https://play-lh.googleusercontent.com/a-/AOh14GjZtjx3cxC_uXuEG0fdqdj4dIAvPOUbxUWHtdpjTA,Very good app!...but where is the batch conversion option?=missing!!=very important!...therefore my 4*,4,0,1.9.0,2020-12-10 17:01:02,,
gp:AOqpTOGdBqb1jDr8wN0le9-OElMLzDKVBtjBO7lIF4uNhsokHbi5ilN7O5i8bFEHwnmgU9OvKq9zKzTDFeNwFQ,Wayne Bussard,https://play-lh.googleusercontent.com/a-/AOh14Gi1rcUeGQYF6LoBjH6ZfnfXxsZMS3KBsRVA4lgr,Does what it's supposed to. Easy to figure out and navigate.,5,0,1.9.0,2020-12-09 04:24:33,,
gp:AOqpTOE8-GxZmYofgq_esIz2ZiAlcFjXajzkd_hkiuk_tIb7TJooBgS79zrwxLqr34-mQdCj26rsOBnk_UfTrg,U Khun Too Lay,https://play-lh.googleusercontent.com/a-/AOh14Ghz-aIfa0LKq_mxy4hyBQIAtr1ck7gCw4bh8MstAA,Useful,5,0,1.9.0,2020-11-26 09:01:43,,
gp:AOqpTOFUJ7duKzp8h3XyJ9hU2Qn34ld20mdTURvGKsbXmPXC9fulKaaPe2oj0gtltqQ8kEoFRHg9aYC7xAs-NA,Troy Schultz,https://play-lh.googleusercontent.com/-Yq6sseZgcEM/AAAAAAAAAAI/AAAAAAAAAAA/AMZuuckGkRiwKTzlZh57hL9dUMTxaYvm3A/photo.jpg,So far this music editor is amazing and easy to use!,5,0,1.9.0,2020-11-26 06:12:02,,
gp:AOqpTOHUU4sF1kBqMvOXFY9T_1mQt3q7YuV4uLPlfBNG4zRI_DFOjdpC8vDtirB4KJOmjBtrwY6YabW3nNWEEg,Gopakumaran Nair,https://play-lh.googleusercontent.com/a-/AOh14Gh7mw4OwfV8PJg3MHQX_o-biSPXob8qjgkE3YjpAQ,Very good app for audio editing. You can boost the volume of audio file,5,1,1.9.0,2020-11-23 08:38:18,,
gp:AOqpTOHZnt2M0vHar3r6JvOFhptMdprzy2lWqwtqsRxk1W7Tj_c5lKKddw2AUbiKsjJdaaKD2ezk9qe_4DcwIQ,Imre,https://play-lh.googleusercontent.com/a-/AOh14Gjh6j_1lNAQD4D47q2ib3Bine8ITCSG_U3id-6H,Very good app. I will give you 4 stars if the start and end numbers can be manually input in the Trim Audio function. You will get 5 stars if the app layout is functional in landscape and the Trim Audio pictogram can be zoomed in.,3,7,1.9.0,2020-11-23 03:33:47,,
gp:AOqpTOErkAJANQTNhg1IU9MXJ6vqSxtgWaPyrAgodseNRC9lSzgvRqeL-7yxRllaYVDMwGnoQtzihFCNPLX06Q,Jibby,https://play-lh.googleusercontent.com/a-/AOh14GhUsWBAFtKNooMkx1qEUsE9u3gjxK4RBJz3OWWSOQ,Decent app,4,0,1.9.0,2020-11-15 15:19:59,,
gp:AOqpTOELvzL407WtUxSFWGTmk2vG_7fVqpWG3eh2fqkaz4LQdnK0YEnH4WE0zPwL6kfs62F-37eJRTG8qELkNQ,NEXUS,https://play-lh.googleusercontent.com/a-/AOh14GgqlYQSIOmNk2R97N-XKtSNyWxdtAQBklHuZpQXKQ,"Bought this on a whim, utter rubbish. Pay a little more.",2,0,1.9.0,2020-11-11 11:17:50,,
gp:AOqpTOE3ApxU0aL-_kcFrG2GnX2n4W1kH8WcNWtlueH4l63QdvJ0dtClawQXjmXe00ObsWJxQTWAXE2NyJM3Yg,Rich Jackson LH President/CEO,https://play-lh.googleusercontent.com/-aK6XbDFTkyA/AAAAAAAAAAI/AAAAAAAAAAA/AMZuucnSScpUtbWP_QbkzqMFyYKoxoO5-w/photo.jpg,Dope,5,0,1.9.0,2020-11-01 22:31:59,,
gp:AOqpTOGzJxP7ETXvKV1lat-S7t5IIUUYwvKsxVnzmqCnrc5bN6UMG3wgLFxUSZ2OzSeydJjA7f2gpD5y1BS33Q,Thomas,https://play-lh.googleusercontent.com/a-/AOh14GhaJOQ9oXFt9qPKvHlaj-BNEeNrI0bWOr_3cdXY6g,Excellent!,5,0,1.9.0,2020-10-25 20:50:22,,
gp:AOqpTOHHsSz5JjS95fV5nD2hAAVILlXhAdCqCoOhi0S9cLdhel5g3Wk1Fu4pnZklg3u-S7iHDmylFKFS0dZ5yA,Sara Vatian,https://play-lh.googleusercontent.com/-bgyxhfwYue0/AAAAAAAAAAI/AAAAAAAAAAA/AMZuuclP3kls6jBEEKkRYG_yJL4Yc-AyIA/photo.jpg,"Excelent app, easy to use, delivers as per its description. Highly recommended.",5,3,1.9.0,2020-10-22 03:13:49,,
gp:AOqpTOGeAy7I8bOkF1G6FRXOYmO5nJ3NC0tJYjdYFGhMMqac8HjMX4e6zSEkLjumuUHq5t-yPvuVsZRwZs03vA,Dokugami Obliviware,https://play-lh.googleusercontent.com/a-/AOh14GgjLYslu96DQ7XHhXLFexnZ8kP5bWN7KhgICkFssQ,The mp3 amplifier tool is very useful. Its mod range uses decibels. Removed the ad because they are too frequent. You should reduce their occurrence by half.,5,6,1.9.0,2020-10-17 06:37:20,,
gp:AOqpTOEflGqgfq0QADyqZBkzYoWU0Y1RV5NXHsVLqM98DP0SxALyIlFbUE0jkqnFqfj6gKfidK0zwUI8Nprr7A,Travis Bickle,https://play-lh.googleusercontent.com/a-/AOh14GjxeYeAPo9LaGfKVAflL3_Q1TEMbDpnP6-37QNbdg,Fun.,5,0,1.9.0,2020-10-13 02:40:06,,
gp:AOqpTOGj4XJEi1zoSlWf-cJ9Df2YHtSmRZVU_pegPr3rtBjxnzjRZoqViJWFO0ZVJYjKKqRaZHXOhiBvmbXztQ,Isaac Hewitt,https://play-lh.googleusercontent.com/-XY24RBsvbxA/AAAAAAAAAAI/AAAAAAAAAAA/AMZuucl7SHskLrTTM6SyKK1RrIgL1NkcHg/photo.jpg,says all of my songs are a minute long and wont let me edit them at all,1,0,1.9.0,2020-10-02 16:23:29,,
gp:AOqpTOFDxOSRwHBQCRo4dSIba5C9jk9zh4ya4FJ9nmOa4Aitf2zV-dF85cynkjQMY4SefBsl44bOTbhxeDV5Jw,James Gregory Travis Jr,https://play-lh.googleusercontent.com/a-/AOh14Giyd-ZuftMUPJg56q3-ypf3H9DGoZecB4ZQS-0hqQ,Love it,5,0,1.9.0,2020-10-02 15:34:01,,
gp:AOqpTOEDaTSGvWVvNtoU0bJH-gCjyFJDPN7fVT9-Z4p-qkoQa1T1eHvedelKWqRSr2wyn_iK7mtcQhquGIgB_g,Bosco Ang,https://play-lh.googleusercontent.com/-0YAuQNn_INQ/AAAAAAAAAAI/AAAAAAAAAAA/AMZuucnvp6Dr62g2_gztDNg_XgdXUHg0Lw/photo.jpg,Excellent app! Easy to use and very effective.,5,0,1.9.0,2020-09-27 20:05:38,,
gp:AOqpTOFNidhq3_2oCelSDEGlt_IY9ukBaoq6RfS5IiUQw4ObFokg3Xsbczyoz-3RPKAoidwhrXIjWzpKW8M3Fw,ANIL KUMAR PRAJAPATI,https://play-lh.googleusercontent.com/a-/AOh14GgI7V3_YnfxayLUZDEcW4Qyslh9vBPz2t326t457w,"Hello sir, the problem is found in finding music in this app. pleace add found system this app",1,0,1.9.0,2020-09-27 17:50:49,,
gp:AOqpTOGZPlL7dCqmKlt_pcTYqXxtkrnRQXIn933Prh69gA8apbOSoRKEgjdUSl6Vl1KhhATAmvDbF2PYuMCbkw,Northlandish,https://play-lh.googleusercontent.com/a-/AOh14Ggpz39i9ajABVnBQSDgFSLn-Ao_pvMrpg8Ppofaxg,"This should definitely have been 5 stars, however, the lack of not being able to egalize sound volume across multiple files, say in albums, in one workflow + the fact that it's almost impossible to read some UI numbers/texts, unfortunately impacts the overall versatility and user friendliness of this otherwise excellent app. Would've also been nice with a zoom feature for close-studing of waveforms, but that's a minor thing. Please keep up the great work on this app. 👍🙂",3,20,1.9.0,2020-09-27 17:05:17,,
gp:AOqpTOGZkpwsuBruINHmY3tPSQdc9Q8r7_tDS6liK_P5LEXg6W5UZ1mRYK9rxu-EV6abXAx1LCdPVt7sF-8vZg,Mrs Xanders,https://play-lh.googleusercontent.com/a-/AOh14Gg5LPxQ3E0m5U9suWmQ9GEVZX___eE7wZUWqkaIJQ,Its decent... works good... only thing they should consider in their next update is to add a search option... when they do that then I may consider giving it a 5 ⭐,3,1,1.9.0,2020-09-26 13:50:13,,
gp:AOqpTOFP-3yQZJrk1WMd_zLXzS3hNgFSCbaTPKTgAg65TuJj2NmF2rqJqMHgBVyqzdsnpP_uIkeNbAFNT3jkIg,Cee Hndz' Forza TV,https://play-lh.googleusercontent.com/a-/AOh14Gg545AFWmUsLwSrTcCmnCv0YD67w7xmBdaI1x6UWw,All of a sudden now the app is not saving my work even though I've reinstalled it twice. I've paid for pro but now it's failed. I'm not happy at all,1,7,1.9.0,2020-09-24 05:50:55,,
gp:AOqpTOHFdU4ZWrmPi72GmZnPg6ii7HRyrHBfqKSTsW0phZZRd1GcHsfNGZJEv7FDkLTOLe6obeOZPNEG3NntBw,Crystal Elliott,https://play-lh.googleusercontent.com/a-/AOh14GjppAoT01Txt3X5UFBtTcWccFiCcU8AEzHSf0tM,It's really good app.,5,0,1.9.0,2020-09-16 13:06:27,,
gp:AOqpTOG_5S3ZYHQJjsX03ge3QLF9WF9tBUfIqU5TTaLUwbnpPjL8HTwHxUpseEukhaTDcyzZko1v5AcZ2soW1w,Jayton Alih,https://play-lh.googleusercontent.com/a-/AOh14GjfcOXVRE7i6E-K2TBRtiW-5ECEZGl8PyA8NRHfGQU,So great to use.. enjoy much..😉,5,0,1.9.0,2020-09-10 10:08:25,,
gp:AOqpTOGvaOHG1mZtekuuKUXUzwSSifFNVBWgaA3O8Gmmhfe1_e7z3U0NvyFYGFPDL4f4Nzgwf6e89_1C-RhiSw,Tmot Jim,https://play-lh.googleusercontent.com/a-/AOh14GiXaLD9wjxgROKCBpXLjG452Wxy4H3vA6ThKnr4Eg,Giving u 1 fvking a$$ star coz dis apps suppost to be free. U slimmy gold digga,1,0,1.9.0,2020-09-08 21:08:35,,
gp:AOqpTOEKPR3mVOPMUqV5mVdcYXpIPUHzw-_N1j_VMsTgRCzuPiqzC-jaWVouwEk890pLVBzrVFRr-1qDg6N29A,Brian Nagar,https://play-lh.googleusercontent.com/-IglfxyeGkL8/AAAAAAAAAAI/AAAAAAAAAAA/AMZuucmyFLLiW0iJmIgS9xESPoDnpDE7tg/photo.jpg,"I bought the pro version , what does that tell you?",5,0,1.9.0,2020-09-05 21:29:09,,
gp:AOqpTOF6NdKjg3-RSnwFCS1n43oH1Vurl3pGfu8kZqGojSDFnIZpssBvJrqHWGlaWRIHo1wsGN-9buzoqy2f4g,Savey kh 168,https://play-lh.googleusercontent.com/a-/AOh14GgswI37qJxgMR7UXsuqvPr4mULplQ67QuLS-oMzDA,Good,5,0,1.9.0,2020-08-29 01:03:05,,
gp:AOqpTOGOaDMmU5QGzuOM_y1yuCw_1Vhw7OcBCkLBZ_NGcd6AOdFL7ZKWENQxMZ_mkph8RCV21HKRJlWtnlqF-Q,Russell Cresser,https://play-lh.googleusercontent.com/-3sojY44xVOc/AAAAAAAAAAI/AAAAAAAAAAA/AMZuucm6fqlNFO2XYodgz24QUOR2cDtLGg/photo.jpg,"Brilliant App without the Adds for simple edits ,so pay the small Licence fee and enjoy.",5,0,1.9.0,2020-08-24 02:24:06,,
gp:AOqpTOEoNK2p_bbSltdYyO-Gh1MajWwq5Z0B39o-TTN1hlF6SIXaY-MR3z7FlsB0Mv11ooYnZvWbFqc6CnvGmA,Ramakrishna Sailada,https://play-lh.googleusercontent.com/a-/AOh14GjonhHk0eId4Z0Tuvp9vA8LGRo0nR5Dscdj7k3tNPo,Amazing app for music editing,5,0,1.9.0,2020-08-23 18:53:46,,
gp:AOqpTOEUDLBIVplG0MjVC3WBKOoaQbtnfTpDLj2jG2DF5T63bzOTYrLmwgjqVdwcyP8LZVRjDM9sBrSNrmQ-yA,TROY,https://play-lh.googleusercontent.com/a-/AOh14GhHgUAJtuovHH9K-vU5oSp6OfxtkHHE6dvvWHt75A,😊,5,0,1.9.0,2020-08-18 03:12:01,,
gp:AOqpTOGi30hpA-EXHdZ3Ekigxz313VkOFKltCwrCkAf2Z3FUx_Seuc9YIm_pEUTpPFs7eT4kQzGcUkkEe9EV2Q,Bob,https://play-lh.googleusercontent.com/a-/AOh14Ggis_bn1EsKjrolcUyNYee-e34HjzBpdfZZ6toupA,Can't export music,1,0,,2020-08-10 12:41:49,,
gp:AOqpTOHhCXIdtylo6ThLl_58_Q0T_Z5bwNRTcT8hzYnCvjmgqVHqZXTrnMJe68aUfnxbm548WuOlgG3UOi30UA,Joao Faria,https://play-lh.googleusercontent.com/a-/AOh14Gi8Px7cj-7jfwseDRkt8QBJUuBzxY8mwIQqlOv70jM,Useless.,1,0,,2020-08-01 16:59:27,,
gp:AOqpTOE9nB7xMdqtEzHfR-sdZG65AvYi1gVeclTm34sqpsDHJyhTRE6ANzRtxg7rv3h90XYmzMk-kkPl7U-vvg,Catherine Dela Fuente,https://play-lh.googleusercontent.com/a-/AOh14GgKYHZmzMy_Rm2MqiMisr4cQHRWMtRPXhrcM8Ngkho,I love iy,5,0,1.9.0,2020-08-01 11:31:00,,
gp:AOqpTOHyGWkSCIMngb6JyNF36MxYhkQHVt89IQSI775Us4U2g4YExTLx23PwPwIZWEGKEgbr_xGB8ovLSDnm9g,joom dan,https://play-lh.googleusercontent.com/a-/AOh14GiQPK4zAQOMDNEPcfGHUjVPa5vJWdMEjmlwnxxVWQ,Very nice and friendly application I am satisfied with this application,5,0,1.9.0,2020-07-19 06:11:07,,
gp:AOqpTOGKbWofsmaTcybrEi5T_opoXKWTXLhkKiaQLSFSWzxL7XXaRwkwkxBoeCnKG1mcb7Bf9BwkND_BslpNkQ,PratYush,https://play-lh.googleusercontent.com/a-/AOh14GgR1f5E9XEKLkYIHvY0TGX5z9xmOt_5Oc_VgFwoPCU,So i purchesd thi app and now it's again asking me for payment .,5,1,1.9.0,2020-07-11 13:32:45,,
gp:AOqpTOELHsEYT2fCWixXBftaZHjX8ZGsJdqQTc1BsKsDYSk4EoVh6cMVQLIu5hyoLe_aLxEN1wvRkBCngkE8WA,Ugliel Fatoel,https://play-lh.googleusercontent.com/a-/AOh14GiZsQTnQCl3JhttoM_JYWQZspaxB9xL9am9W8oylP4,Great app!!,5,0,1.9.0,2020-07-04 20:02:46,,
gp:AOqpTOHPHoTA8McB2up6FqPZKrjOqQzdkik0D00Tk46n0lxtPF2NwTB3oBjSZ8lM7FHCj3fUAaGyQthyaYLPoQ,Sri Nath,https://play-lh.googleusercontent.com/a-/AOh14GiJr6aW30khD_nBLryvy7XgGEa1jsUMCIc29dZQ0pE,Worst editor not working trimmer disappointed i am pro member please fix it,1,1,1.9.0,2020-06-28 09:37:09,,
gp:AOqpTOGo4iABY1WVx2cav0xLF4MuMTqmNppZ5koR2XgMuElUBNe3c_MRxkDOTNnxf62aWswLDTyEEMOjB8RSYA,Rajib Chakrabarty,https://play-lh.googleusercontent.com/a-/AOh14Gjez5cRkCamrd_zWFXmoK0BvazhiKzhX9szkVL1kg,Very good & most useful audio editor,5,1,1.9.0,2020-06-23 10:18:45,,
gp:AOqpTOF9Q94JuiibmGX-0-ud8dSQuB-eGMlhJDTGzEwSUweeCPrZlVeyDFIFSsSS7dmIaPyAqJ2x6vec3fsDNg,Saleh Bin Hasoosah,https://play-lh.googleusercontent.com/-xSBYfD-Zdvw/AAAAAAAAAAI/AAAAAAAAAAA/AMZuucnDyHFtk7SFuOwD10Uvua27eu6Q2Q/photo.jpg,Fantaaaaaaaaaaaaaastic,5,0,1.9.0,2020-06-14 09:55:32,,
gp:AOqpTOGh_vjmWfEB9ZPoChg3PVvHnyEuYRqzkgcoum1uQJS7zc6TSfOA7TzdfVrC5xIxzFUIYRuEPxBaCj3KRg,Jay Stars,https://play-lh.googleusercontent.com/-ekls5sxap8g/AAAAAAAAAAI/AAAAAAAANWQ/AMZuuclMBftuZJwXLlLTboddm-9pyCgpPQ/photo.jpg,Definitely recommend 😀👍,5,0,1.9.0,2020-06-12 16:50:50,,
gp:AOqpTOF8GTPJsDsJMpvwzEAUVXb2Np3Imh0OAweuXmSwYhcfn0-qw821nKkoVSYeL5WDx3j7nI1gndMy7nnxAQ,Ephraim Nwangwu,https://play-lh.googleusercontent.com/a-/AOh14Gh1fS2uAec9zFppsBl-ewQg_FCunHIbx7AZoV7G,I want my money back.,1,0,1.9.0,2020-06-07 10:27:57,,
gp:AOqpTOHaHTTZkgbcDsLsnSRvqklqHK5IEoKXJ2ps5ZZiu6UboQ_wh-0n0FyiLD4iaEiDAMrric-P6ewEM2WpUg,Ish,https://play-lh.googleusercontent.com/-nC4t9Fkj2UI/AAAAAAAAAAI/AAAAAAAAAAA/AMZuucmBwJ3qIaiAJHqqHSz9Tlzd7iMYnA/photo.jpg,"Amazing app with all the editing options that an amateur can think of, including, trimming, mixing/overlapping, merging, speed change, reversing, and MORE! And most importantly, the sound quality of the output is amazing unlike other apps that I have tried in the past. I have upgraded to a premium version to remove ads.",5,2,1.8.8,2020-05-30 12:33:24,,
gp:AOqpTOFASgWUQNEQU5jGdXChWE64IlQQqFrEDsdtC-LLoPbJ6pDfdyxBZNTn3W3JsnF0wFZizly_ZKDirsDZZw,Law Grace,https://play-lh.googleusercontent.com/-JPxspzrHbx4/AAAAAAAAAAI/AAAAAAAAAAA/AMZuucmExPDxTii-RegrchbSEsvsPO-Upg/photo.jpg,Very easy to use and meet my needs. Thank you!,5,0,1.8.8,2020-05-28 19:25:43,,
gp:AOqpTOEWmHIXpz73Gst_vIGhD_XOFbEIUR26QrrWfFUd5ht-6er7Obgv0sECOozWxvMjOna-ICLxEWb12PnmZQ,John B,https://play-lh.googleusercontent.com/-CFKFr3nje28/AAAAAAAAAAI/AAAAAAAAAAA/AMZuuckuVUTQzGY5JV29xKl5kUliy2ivdg/photo.jpg,Paid for the pro and still had ads. Got a refund,1,0,,2020-05-27 07:37:57,,
gp:AOqpTOHHnCZuehj_MTRh9BAIBZYW2sfiq9N6SLKwR-mubU0exaBT1ligHf0I4CoERH6wTS2OD6yguyAPT440Uw,Izat Zarmadi,https://play-lh.googleusercontent.com/a-/AOh14Gi36wbUS31bGN5pCs-D_iIbt1bZLnGAgT2_6J7pCw,Very Good Application,5,0,1.8.8,2020-05-26 02:34:33,,
gp:AOqpTOGgDbG1etvd317hwSpQKwRlwRqyQ8Scdy6oDb1Fqxd6Sx9uOkeXIyacKgggkKzkkzHT03U604-7QWUMeA,Earl Webb,https://play-lh.googleusercontent.com/-HSWaSy6I6Jk/AAAAAAAAAAI/AAAAAAAAAAA/AMZuucmsJIFvZenJ-jynky5W79474xY2wA/photo.jpg,It was just so easy for a computer challenged person to use. If I can do it anybody can.,5,0,1.8.8,2020-05-24 15:38:57,,
gp:AOqpTOE-ernG1ABsAADxxf7-jDWmJsoVwZzryCsrW0-xrGolU9JZHJUl7KyyFNXMoalCfXrXPDEJC-xb39upGg,Brijesh David,https://play-lh.googleusercontent.com/a-/AOh14GjQpOMZttUyijd9VrmAlb07EW1KKXnTvPKVrwe-AA,"All one for audio I'll update to five star.when the file picker will improve. The app failed to pick any video in the explore mode. It's a bug, fix it. One another thing is there's no sorting facility. You pick video when you able see it clearly - there's no option for big thumbnail.",4,1,1.8.8,2020-05-21 09:16:31,,
gp:AOqpTOFU_w2j6kBKJ6zeO2R5UlrP5A1LD0ICEtG-m1-8pQdsAfOjLpwIn08SWPQv8iMqVhW0ZvX4LcoEcRaMyw,Samah Messado,https://play-lh.googleusercontent.com/a-/AOh14GgHZKIMZYsNktDaE52xSvaA6Ku-88HvYw_x94fLDw,"This is what I'm being searching for, it is very helpful but need search feature to find Songs quickly.",5,0,1.8.8,2020-05-17 10:58:05,,
gp:AOqpTOGgDggU_Ve2eBryU1GjbqdCAUeC1_T9HxwUEuEcpgL9DGUPW3woWB3EN1DSsv9ChJfKLb2AAuka8R3o-w,Rhys Essery,https://play-lh.googleusercontent.com/-E_VmTqRI3HM/AAAAAAAAAAI/AAAAAAAAAAA/AMZuuckUmOSps3D2Ix2-V_6soXut2Twiww/photo.jpg,Great app exactly what I was looking for,5,1,1.8.8,2020-05-17 08:57:30,,
gp:AOqpTOEzihhXACthfqeQFDrRGVk3gzhjPWwJb0Gxado3poq6ZK0mGm8XJxpfj_1EJmmd0BuxaCBpqdHxkinHDQ,Eric Ramsay,https://play-lh.googleusercontent.com/a-/AOh14GiT0j4ulHRlZaNB2kdvNV5W0WMzFdzbJ5HDXKDU,"Perfect application to do mp3 editing. Split, merge, edit tag, cut, ...",5,2,1.7.8,2020-05-14 14:21:18,,
gp:AOqpTOFhgxyUbsZSti88t9aze7HL2Oh52hFXVW9dN2IfihfaGyIALdCa91icfAEWOwtQjLUWK9yaHUgggd5Whg,Spencer Tepper,https://play-lh.googleusercontent.com/a-/AOh14GhvMxY920DNHRmaS3hxZjK4prrdRN-b5iKIjfDJYw,So easy to use!,5,0,1.8.8,2020-05-07 15:22:18,,
gp:AOqpTOH1eC-uWhIkOvWV3MFP39ploHHYUzZcFaTenuSg2KLa4sTrzAz4Tm-tNOINmaRkuzKF38xcVzWIVkZKhw,Essam Kamal,https://play-lh.googleusercontent.com/a-/AOh14Gii3WfkAwD4kd4zQE2t9YukzM-4PXlsL2dBLNpLWQ,great app,4,1,1.8.8,2020-05-05 15:03:36,,
gp:AOqpTOFiA2uq0SK-86eXiix2o43hemYweSKrnpcnamLz3o7G8sR92jqwwCfV-B4ysTk80VSsZayDOsWhiNlENA,Wanda Hamilton,https://play-lh.googleusercontent.com/a-/AOh14GgGhtd7HGGDHJDFLbX1gHbDNJBCPIQWj7A0Ze7l4Q,So far so good,5,0,1.8.8,2020-04-27 07:37:50,,
gp:AOqpTOG0hZbDavJa05ewX60ODHDVVuiePxblOcSL5mZoplQcHXQwcPS5DUa8JdFdT_jmATvDQjgAp8ggxhqlrg,nick andrews,https://play-lh.googleusercontent.com/-XpBQ9y8j1co/AAAAAAAAAAI/AAAAAAAAAAA/AMZuuclRVn2xsrdE60zZjK9QfZSQBO0OgA/photo.jpg,I got this app to edit the name of my songs which it dose and so much more besides it's so easy to use,5,0,1.8.8,2020-04-24 06:42:02,,
gp:AOqpTOH2U3em8GqcYL4AYeR9DemHbDgriMIa_tgqo2ok9P4pVBdSP19_shUwzEyH45qUxBZDiPaKQL5VAIcGyA,Rickey Waldon,https://play-lh.googleusercontent.com/-GNF4GLCqSKo/AAAAAAAAAAI/AAAAAAAAAAA/AMZuuclpBhXrbbHiviKe9yV7Qc0I0hcF-Q/photo.jpg,Cool app,5,0,1.8.8,2020-04-18 08:25:31,,
gp:AOqpTOFDeJBL3ry2pkzrBdMPzIbXPrPHt-7deh895WCbnZiDx7QmqVAXDUryeuBkJ2Y8xa0eygkj2FzdoKwB0g,Darren Ginting,https://play-lh.googleusercontent.com/-oOOp7UG0jGs/AAAAAAAAAAI/AAAAAAAAAEw/AMZuucmAKMyzYYRp2waR4odFFJm8Ulj8bw/photo.jpg,👍 Great editor,4,1,1.8.6,2020-04-10 22:37:53,,
gp:AOqpTOEsTdRdZg__udW3M26AFNR5VEyAz1zW_wmW9k-jGBpzyQTcrNdlbaKHyCx3pToyx931r_vcFc02cRs1GQ,Vinay Kumar,https://play-lh.googleusercontent.com/a-/AOh14Gg1N4GXlCAaph1COwaCwN-za6ixg0KP9_XdUquihVQ,Get it,5,0,1.8.6,2020-03-28 22:07:15,,
gp:AOqpTOHMjKp8NMSEJTf-tYOod19xnMGMKbuN0i6by4gi4S5Iu3Btpgav_eOAJ0kLMyWurbBgCCAd8mpTETs2iA,Turtle,https://play-lh.googleusercontent.com/a-/AOh14GikfaVnddTkkKq8nF87MzbnkwszEz5rN2iswhhsNg,Worked great after setting trim number but control for this is way too sensitive...please fix...other than that it was great and still giving 5 stars but please fix it ok ? Thanks,5,3,1.8.6,2020-03-28 20:52:03,,
gp:AOqpTOFJyOyAAcOM-cdJQsfT9P0Qpt3KEqFSaXpvN8Y8IpbUNpFURqLcD2nMdpV07G4ei7XtKL5wLU2OARSdzA,Jason Coryell,https://play-lh.googleusercontent.com/-2MQzNN8sRFo/AAAAAAAAAAI/AAAAAAAAAAA/AMZuucnxzvXT_kOdVu2GiU6CGSCAp0oyHQ/photo.jpg,Great app. No ads for only 99 cents. Totally worth it.,5,1,,2020-03-27 16:36:21,,
gp:AOqpTOGH3_tsKqdxq6kne6O20YnXEMIkUlaCk3o5jL2aBeQQ9hdO57VNt1eqCDeS_PFB3JdyPZfQ16Z3TU8JEQ,jason coryell,https://play-lh.googleusercontent.com/-uCZzNqb8Fms/AAAAAAAAAAI/AAAAAAAAAAA/AMZuucmoHHyw81s0E8W4R6y5bJF-GgqTEw/photo.jpg,Very good app. Easy-to-use. Free with ads. Only 99 cents without ads. Totally worth it.,5,6,1.8.6,2020-03-27 15:54:37,,
gp:AOqpTOHb7vMA5e10XGTD_aXA1aHl2_1oXre313ltMmvEYLQgkS-jFiNLSQomip7rUbObsHL6ffdh7pFT2KFx5Q,good work,https://play-lh.googleusercontent.com/-KBCi2fzCl98/AAAAAAAAAAI/AAAAAAAAAAA/AMZuuclTE4L3962ej8uwqZMpyXTht8ok4A/photo.jpg,does a good job,5,0,1.8.2,2020-03-11 02:36:20,,
gp:AOqpTOE7gGY5i5vFS06qTtyktSRh6IJqAmK8WvreQ5EBXz_GldhkRhxMQAsenm-Xi7lMTPFqcXIr8eEBxKTncw,samanjasya dubey,https://play-lh.googleusercontent.com/a-/AOh14GgJC6x7t9HWEqMBdMzOI5Vy6Abu71jogipzyAE,Mast h,5,0,1.7.8,2020-03-05 02:39:01,,
gp:AOqpTOEbBVgRavxJMgz1Gnna5dSZtcC7aoMOHipCOBvNI_trasnJYBDXnVNc0loNtL1hiKReP3hQRcefTPsRGQ,DARWIN P,https://play-lh.googleusercontent.com/a-/AOh14Gh_KaWodRxJeWl7FELwnE0Qof2ONic9TS-C-rc5cQ,Please add milli seconds also for trim audio section ...,5,0,1.7.8,2020-02-17 09:48:48,,
gp:AOqpTOHa9uJ3vhq-h1wymTVy4V6_lT5TEZHcx_UjaytSuiMJub-9hj958kpoONL4C3kYXmuNoBxfrUROwrmidg,Kevin Bourne,https://play-lh.googleusercontent.com/a-/AOh14GhFe38NbttQvPfehSRMYk7nifnWIJWuMzmhBJta5Q,Great app. I love it.,5,0,1.7.8,2020-02-16 06:47:38,,
gp:AOqpTOFknAA-sGWxT52o1hCQvBjc8M3X5Z5CQIstW-s-knTlf7xZAyiUvjNhUnRWrmXLpbGjnQk7uthLYpNRzQ,Khyril Ichigo,https://play-lh.googleusercontent.com/a-/AOh14GgTOqAHV1cs2riYwCAe0ujeutJPyyo63AzPAHIsXw,The best music editor ever.. love it😍😍😍,5,0,1.7.6,2020-02-10 04:01:06,,
gp:AOqpTOEnT7m4IN4PPZrasUOaWkcWepM7UxPJ1STsdYyK6LNVL36WOJRRS1ldaRwxBmNeGvf895GzSeKUJmua9A,Yuval Gilad,https://play-lh.googleusercontent.com/a-/AOh14Gi8AwHNXYTZ4osaQ1UOyPiBeHkhg7txNxxK1b-1,Editing was easy and straightforward but when setting as ringtone it would notify success when actually deleting the file and the actual ringtone would revert to a simple sound. This happend also after I bought the app.,2,0,,2020-01-29 05:19:29,,
gp:AOqpTOFn-jI7JL4vMvuq9OJ9JNiTEhENnL3fdv3JohW7EckRlWogvqWTD_mLr5ZulmMo1YkwsWfbS8lG-OATGw,Cunito Apryanto,https://play-lh.googleusercontent.com/a-/AOh14GhGfxaD-HZRflPLSk4TJSoANHpy7T1gnV3Fhj0mKQ,Good,5,0,1.7.2,2020-01-28 16:48:47,,
gp:AOqpTOEv2XiL9dm0Mz9CGJijhRW1UrVCFco2i8_LpUT9TLGlDha7juK3vUI6NTIZEkJfO7IfGdECQ_wi5h4jWQ,Brian Allen,https://play-lh.googleusercontent.com/a-/AOh14Gi5Gxxe2UrZVP8I19j-E2msj8Im7KsBkfR9eDFoxbs,Love how easy it is to use. Thanks.,4,1,1.7.2,2020-01-23 20:58:38,,
gp:AOqpTOHEdaNAVoHf70w4VjiZse_RKloR4yijP3DVQcOCGsv2DyTS2usGaObtAUBfNABghCoJfLWf4SlkQktZ6g,Joey,https://play-lh.googleusercontent.com/a-/AOh14Gh-tuS2QmBMxx2hVW2JC2LpVxoIn_EBRynOOutvsA,cant scroll down to see the other options but it doesnt matter because it wont let you save your projects.,1,2,,2020-01-21 13:43:03,,
gp:AOqpTOHSeQ9XXHCLyqDVxfR2tW37xPY0XyUTlp8LikxfHhpyg04WhxC3rLOWccj3nxVsFow3u2amnI482urFew,Brandt Ambrosia,https://play-lh.googleusercontent.com/a-/AOh14Gg9bvn0DoAoiEjnD0wOS-HjriGH4Y5lYZ6gSa9QGQ,Great simple app thats very easy to use. If I want to merge some audios quickly or trim something this is an easy app that works great and functions perfectly,5,3,1.7.2,2020-01-20 22:26:38,,
gp:AOqpTOG_BMkSq_3M6BN8q4L6XUqJsV6obIPg97MEeqt7b1Z1aGvcr74zMcOdcRU7Ds4eHOl5LIN4O7GPvcHGFQ,Sadoqat Juraeva,https://play-lh.googleusercontent.com/-gCoHaI-cIxw/AAAAAAAAAAI/AAAAAAAAAAA/AMZuucmNTc6tBHwQi-W7L9UCq_wwxT44Fw/photo.jpg,Excellent,5,0,1.7.2,2020-01-20 00:11:29,,
gp:AOqpTOHGYST4aQo5eQ0bueYpZGP4Aau9aPniVfzZlPj80YVml2uCqy3tXbWDkrIdoguXyanpwxp_0kFNMnNcHg,peter white,https://play-lh.googleusercontent.com/-DZ8oSpfPVDI/AAAAAAAAAAI/AAAAAAAAAAA/AMZuucliY-BO16UitUwj8A52euuG_JUOIg/photo.jpg,A great app. Simple to use.,5,1,1.7.2,2020-01-19 20:08:27,,
gp:AOqpTOGmXG_CuEE7fFNQZjOt0vXDfa9ratUm416cb3bbbLFE26U9u5QK05MuLZDh3K8w2wxW0Rf07laIgsZuBw,christopher ivey,https://play-lh.googleusercontent.com/a-/AOh14GjHkVicupzDceH7uJwN62tzIZPC3SXhXdpfFpS8xg,Would give it 5 stars if it had a search mode.,4,3,1.7.2,2020-01-19 09:00:01,,
gp:AOqpTOFUYQLJ8b0NEAF9RU9bXB-fPUoE7XOBgxCW5AarWnSNTA6aojRJgIj6OYkOTAzB3B4jkNaLw1NovDepIw,Need A BREAK TAKE A VACATION,https://play-lh.googleusercontent.com/a-/AOh14GhYE6sYvDR-DEPcKKusaxQ9ZrCpZ-sONpo2wsSi,"I can't download my completed video to my phone, cant upload it to onedrive nor anything else nor share it by email nor bluetoothe. What's the since of using it if you cant send, upload or download it. It's literally stuck in the editor app. The only way I can retrieve it is to play and record it with another device.",1,10,1.7.2,2020-01-17 12:49:48,,
gp:AOqpTOGgCWnPJrFcy-xajfUkZr-MfXQz2_fcoyImYYT3TGlneMGaJX9jyZ2JB_t790w01LC0xcpmEFNGZ1njjw,Bret Lafty,https://play-lh.googleusercontent.com/a-/AOh14GjNPkPvdkY-visexrdHy1txarBgWELlBUpiTaI9T4o,I haven't used all the features yet but from what I used so far it is one of the better audio editing apps out today.,4,2,1.7.2,2020-01-14 09:34:23,,
gp:AOqpTOEOFH9kn67W02592Om8urBz_JNUfZmgV4ppBeyAozqk9sO5Sas-l_n71DGYYa7mKLt9LRSJ4WrpLEoRDA,David Zhang,https://play-lh.googleusercontent.com/-aOt9uu3b8B8/AAAAAAAAAAI/AAAAAAAAAAA/AMZuucm0Eqk-Dt4vlz-56CRshNIfAMSgzg/photo.jpg,Good app. but can't cut or mute a part of the audio file,3,1,1.7.0,2020-01-11 14:22:09,,
gp:AOqpTOHnqtHawzd-SftRS1I_cr3K_9V7eXjM0d9JBXsi8ouwTAhs20dJPdkDgQdbDTFZoBPqzGTTOGeJs1535g,Sergio Augusto Bittencourt,https://play-lh.googleusercontent.com/a-/AOh14GiTiCBXYDX5URdZtZAEpRCaZD8MFhaRPX8GMyiCOw,Easy to use and very hepful!,5,2,1.7.0,2020-01-06 14:49:58,,
gp:AOqpTOE5qU9DRr07_STSjbu9DDmF_70cBymm_i0v3mYJN57sT7GKuxmlh3TeTuj1kbMMcrWUU9GNNzMkAMFUwA,Ted Bellinis,https://play-lh.googleusercontent.com/-280VNRACOZU/AAAAAAAAAAI/AAAAAAAAAAA/AMZuucncsMNzJg6_IVKOiNzBFD74N8fHNw/photo.jpg,Great app,5,0,1.6.8,2019-12-28 16:32:12,,
gp:AOqpTOE1zInhdvhxjdsmvQL7ioQycJrFuChFf68q7YI5Q5clclE4wyGOmbob7UVnuRVejEVbX5pxroHBMEL1lA,Jose Ayala,https://play-lh.googleusercontent.com/a-/AOh14Giz_ZT1C_gEIAQCUN6Uo7WnVZ1zb_CHX0IBevJt,Love it,5,0,1.6.8,2019-12-17 12:49:46,,
gp:AOqpTOFI-z_mXwE_03MJabh00X6uXKGLVPERTR8HHYdbkVf5798F-0WFwDg4ahg3n5NXYEW86RI2WdOMwnwoow,Brian Smith,https://play-lh.googleusercontent.com/-pLNEnr5I95Q/AAAAAAAAAAI/AAAAAAAAAAA/AMZuucm_IaeYrGysas9NWNHeX4Y-jt3lcQ/photo.jpg,Great.,5,0,1.6.8,2019-12-12 18:30:12,,
gp:AOqpTOHb1xT6VvDKCp-HJCaWgtKfoNEh5K8oxtgD72ZrApk3rIMrpMPy8mn6z4DgvbYixm54-HrRsydc63Sf2Q,Meirion Edwards,https://play-lh.googleusercontent.com/a-/AOh14GhKFhOrk94vbXlap1EPwu9xfnz4qyPd8TFRVEuHNw,Just what I wanted,5,0,1.6.6,2019-12-07 08:05:38,,
gp:AOqpTOGj0i7GGi7sQAoBX7RDfgSOHU2ixbRfOkLn-EwEvCvt1c3kpnxjgWvzviKRWPuAjGTh1CGx-159zAjSjA,Sean L,https://play-lh.googleusercontent.com/a-/AOh14GhcaAEi3tADV-fHorLV7fpWyup0DFYH-jEU9SOOLnU,Really nice app. I want to like it. But the lack of a zoom in feature makes it pretty useless for fine editing.,3,3,1.6.6,2019-12-06 10:40:07,,
gp:AOqpTOHi47HOIIysE5gTaB0nPr-U7agFrDU48l-LTRTESg8vR9SPI0uxwj82YWgf2JEDLl0KIol9_vsM6sGS-g,Dean Lloyd Lacbain,https://play-lh.googleusercontent.com/-sHyACG2dcis/AAAAAAAAAAI/AAAAAAAAAAA/AMZuucn_GmuIpHjDc4KoJAOuFxeM2NhDww/photo.jpg,Best music editor,5,1,1.6.6,2019-12-05 02:56:42,,
gp:AOqpTOFX3wzCi1sMj741_GaE3chjDcPxKzEd1t7hIM0Mwm0tmSYRPEqgELZcRHGT5muYZZMZzyqH7iHxnf9O4A,Cody Libs,https://play-lh.googleusercontent.com/-XYMYQDSMt6U/AAAAAAAAAAI/AAAAAAAAAAA/AMZuucnGx_dzNDbuykvpoGQpi6ygZ-IJvw/photo.jpg,Just what i was looking for and well worth the .99cents for ad remove and support your team. much love,5,6,1.6.2,2019-11-19 18:30:25,,
gp:AOqpTOEGAli0RqRLghbq2d8cR92xon-O7ETz3pNXeTzW2mpjKRlPsQcpcR7GMW1Tf8qXi6ef4DOM9Opj7WQPuw,Charles Pope,https://play-lh.googleusercontent.com/-yjMbMEUZirc/AAAAAAAAAAI/AAAAAAAAAAA/AMZuucnBlfcc5feMOC8naMxX9BfSisDOBg/photo.jpg,NICE!!!!!,5,0,1.5.2,2019-11-14 12:39:51,,
gp:AOqpTOFOldpwP2qLy_wy4i9p3SQ6xunoNSZh6JEVTnm27K-_VUFDYSB5TObAsHlvqRFnsIyAjsPUBd03tASL-w,Alison Tunnicliff,https://play-lh.googleusercontent.com/-DPPQeZZoghY/AAAAAAAAAAI/AAAAAAAAAAA/AMZuucmG6gHFJBpnUgNEPj9hw3emmBaGPw/photo.jpg,Easy to use and just what I was looking for!,5,2,1.6.0,2019-11-09 07:04:43,,
gp:AOqpTOE0oEdTA0uyxrQVcGho1uQq3uUN5AX6q2o5bhIMRG9279wpKjyhIY-DjextyeZ-psEmN3o6DiCtRG2qlw,Rajnih Saxena,https://play-lh.googleusercontent.com/a-/AOh14GjWrluEZgUtpcuYm5bgGe8QjnraslCDCJpFHqfZnQ,Fast n active All good,5,1,1.6.0,2019-11-03 09:45:05,,
gp:AOqpTOH2cABLMAAEeMQFAQBLcO-LOxt2w80x0UE5yUjzg6LEeH7_bTf0WCQbu-QV3xIFcTfge7abO4_4bBGwKA,Jeremy Hodges,https://play-lh.googleusercontent.com/a-/AOh14GioxHI_te1b5zpjZNlWXgz8nrUWk73xPp7UZW0nxHs,Yay,5,0,1.5.8,2019-10-30 05:51:11,,
gp:AOqpTOEhhX8VAmujXu1cZm1xGPMghC7YZXq0GtAHTJHpKdDtgADM-6njycn507IgkTr5gFDJ7eL_JPZ3d2xGPg,adhang isdyarsa,https://play-lh.googleusercontent.com/a-/AOh14GiAh2eoI_LIHvBrghyjkhTTwHLV1QfdCflimUGFCA,Ok,5,0,1.5.8,2019-10-29 17:32:50,,
gp:AOqpTOHMnuj9xdxCmz73WFZ-lXKArIP1z1-b2T5Ml2_njMXh94J4fDMx-P9um3GIMhUXUEb3k2-43cNZCGEAIw,Maaaci Triccchelle,https://play-lh.googleusercontent.com/a-/AOh14GihkkXwI9oec2QIYQ0Pj_f-K2bq2H4BGZGchhEytoI,Awesome sauce,5,0,1.5.6,2019-10-28 20:10:50,,
gp:AOqpTOEG8amOP9zVWGbYrmppWuByilpI8yGdpwrb_qRPa4IvPELRCIdW9J-WKH3jXyFwBiTARheIt9GuGbmA3w,Clint Hillan,https://play-lh.googleusercontent.com/a-/AOh14GjJ_J6BFH2buPtoaLJp2uGoXOfWA-zGdmlmRvY3,So far so good..,5,0,1.5.8,2019-10-27 17:32:09,,
gp:AOqpTOGTvnBkdsc8tSglUaEXlnf4lcqs0Ugw3ikDie13QqTkKlhyz5lgr6BJ4zYaoq7bnmwr9FriOiDvM3rFNQ,Yan Yan Aguilar,https://play-lh.googleusercontent.com/a-/AOh14GjLSegIYV67vqpPEpFZ8XFPwNdC2BOjmGCK8rQ9Ew,Great app try it now its affordable and useful,5,2,1.5.8,2019-10-24 17:57:23,,
gp:AOqpTOGe1LedAlQdgEWMXTuxLzqmA1Hf-VlCn1MRhx5RWkNTgHjnzhK8O4n99qy6wpgL3TCfMPck2Atujzacew,Víctor Romero,https://play-lh.googleusercontent.com/a-/AOh14GgUEvxZOPXVJJggX4eHv6EPoI4lWLEuUcOJI_y73Ws,"Add support to batch audio converter and compress, please.",4,3,1.5.6,2019-10-22 11:26:03,,
gp:AOqpTOFi-LAWu9Dqt5Cg0I8394SAPbDSCfbfVpEPj9-31VGuXjQRdSAfe6lOJF7K0XlNALRv1YN75dEfv_UI8w,Jeremy&cecilie Skedaddle,https://play-lh.googleusercontent.com/a-/AOh14Gj9SUwj31qKgGwmw7xdmUHyRFKyGfVyLq-sMvUY_w,This app does everything i need. Very simple and easy to use. Have found no problems with it so far. Great mixing and merging. A life saver. Thanks.,5,10,1.5.6,2019-10-19 00:01:33,,
gp:AOqpTOHYJbiRfk-jSaQUIAy465SO_j-qOvyLvefZM26c3Tp2FnIwbAr1IpyGhR_kwU3bAB67ZxLgAocH61_WVA,Adalberto Fontenele,https://play-lh.googleusercontent.com/a-/AOh14Ghz0ts8Xsop5BPPOhNk_hc4dljNGZ0y5GdjapbrN44,"Excellent! I had to go for the pro version, since it's so worth it!",5,2,1.5.6,2019-10-18 05:14:39,,
gp:AOqpTOG_7uv3lfAJMRK-R1maAdt8I7NJnObSgPf_P5-1juj4xsU1HZ2txhWWBMPGIybakP1JSx4a0kPjZ0ad1g,S OOKKOLE,https://play-lh.googleusercontent.com/a-/AOh14GjNx9rLrwmltaHGllAFqH08eIpPWCKabPkB0WQYCg,Great!,5,0,1.5.6,2019-10-17 13:42:22,,
gp:AOqpTOEow3A3s3u4dvHeCkg2peIrsULSCHtMwtzD93oEL-CvUMdxipXcnhjmfwsZU2HoMnLXDszWNTf0q4MJfQ,ShEkhAR PRASAd,https://play-lh.googleusercontent.com/a-/AOh14Gi895ripfi8c9O2tMZsmpoV4u-b6dlFH2wbavX70Q,Super,5,0,,2019-10-15 06:06:48,,
gp:AOqpTOGtC9Ik4XFnZhdsB-uaI-TbO5lKNJKyF5xmYOVlxTCzISx6uHHocxSBXQDzVJ2rg-H1ZSkpdnjBpey5Dw,Sean Zatorsky,https://play-lh.googleusercontent.com/a-/AOh14GgAZ9ZWdM4rnVA-D1SsTExtv_dJk4Lmy9TMG78lxA,Nice,5,0,1.5.6,2019-10-14 18:43:09,,
gp:AOqpTOHm86WKN9QL5bkuJjO3ngpALoCL4Ck00Ry4de7CuBKIdwH7SNBQc-NbTrL5p16OeCJkdzNGR0E6oQ27PQ,stormwarrior 57,https://play-lh.googleusercontent.com/a-/AOh14GidR9rHrEfsKN-ZgIbGH6pr3wbE6IDHhBQGoln7,I see no benefit in getting the pro Edition! 😪,1,0,,2019-10-11 05:22:54,,
gp:AOqpTOH0TTgSVEXbeFuHXrB5YQqyjKtPrRII88BwQyf4aQSq4_99yj7mPfa5LalAAj4tIiexKcmvNiRGNw-7Bg,Treng Hean,https://play-lh.googleusercontent.com/a-/AOh14GjbmTgf4Jg4CqcN478EArVkMllZMLUztPPaKRb7HA,Good,5,0,1.5.6,2019-10-11 03:44:45,,
gp:AOqpTOHNjOazKOvs9uRJp30sYPSxn38oy66dixiw-d18BEg5LEn_7j-wgCLuMFl_KQvXj8rSelcEz4JP1nwqAw,Guillermo Gonzalez,https://play-lh.googleusercontent.com/-IajW8PGOEkY/AAAAAAAAAAI/AAAAAAAAAAA/AMZuucmy_UZQgqYgX2CSt4BB6gT5Ztn6Dw/photo.jpg,Good app esta muy buena,5,0,1.5.2,2019-10-06 11:00:54,,
gp:AOqpTOEol1-odiCjV9bNi5wCgm3uahBtT8mEhL8OB4zYyDBtSFllPNtzCu0lMtB6Mh6LQajZohB0yO4SVKM6aA,Jose Donato Salaya,https://play-lh.googleusercontent.com/a-/AOh14Git_pu3DOw3LLxsv75opWqzCfzkTqOauFVMQ8Mu,Good for Trimming Music,5,0,1.5.2,2019-09-29 00:49:20,,
gp:AOqpTOFJZNTtxqLUuG1zushmpU50jXl1Z1Fimw-yr43mSsUD2BwvfZXPhnvt2b5Yw36Sbt91VXMs5aUSmQ9oyg,Gun Slinger,https://play-lh.googleusercontent.com/a-/AOh14GiMNfzhv33geGhrlZG9uzsQR9P1UPKyvGvSIglOfw,Great app for editing,5,1,1.5.2,2019-09-25 16:54:50,,
gp:AOqpTOFTdpNcgOpZanYwshY-gtq8MDHbKeUgVRaImrbEI_x6mjPhyX65eTTGYfWK6XDKgG43KBOhWAvr9LmNCw,Reginald Faultry,https://play-lh.googleusercontent.com/a-/AOh14GiLQofMNTt0aWb9F6rjFo9DNFgwiRdLbCzL4j1E,💯,5,0,1.5.2,2019-09-25 15:25:46,,
gp:AOqpTOH4FRZ3A7KUID0XGqoSiwH655-aWrOIIkUXR7VAwVPna5__8DVr5iSjY9JzmrL0pr2aZodTg9Ili_GGzQ,William Leddy,https://play-lh.googleusercontent.com/a-/AOh14Gg7nK1mUtfDRSxWlCJULmgF7B3lhMC_4fqPod4H,Liked the app at first. Used free version and trims worked well. Upgraded to pro and now every trim moves in 15 seconds. Tried various things and no change.,1,3,1.5.0,2019-09-07 13:02:20,,
gp:AOqpTOHx7q31xOjjkQY7Bf0tC5bHWKOA3fxa3UUJQ0VJB1Fr35yl9LmiZsZQDeBEgcVU3GmbFNXqOPbZ9LMveQ,Muhammad Raykhul,https://play-lh.googleusercontent.com/a-/AOh14Gi5dAuF5EoyrvV3BHrMuXQyrpwBu1j7KuZl1EVB,Bang for the buck,5,0,1.5.0,2019-09-03 05:45:05,,
gp:AOqpTOHsVqfgrpP-lrSNxncJm3rzKrsJ7gTn1bFr520xNHpMfOM5_NkKuBCVcHMkzgvVPIs39983bMeUrr-uLQ,GA Rush,https://play-lh.googleusercontent.com/a-/AOh14GjSPZa-shmWOsvbgWX3C8oEdWBio4TdtnoKBMZCAA,Just what I needed. Thanks and well done!,5,2,1.5.0,2019-08-31 15:36:43,,
gp:AOqpTOGtfMwyG03_K--a9hS3f9pIzcd-5-pp-mEzYa6NPzXN6YlkOtW_8B2ImerqrfKwSSyz-rIrDZD_t78DpQ,Jeremiah Dunmyer,https://play-lh.googleusercontent.com/a-/AOh14Gg4Gr7Zc9SY3VVEY-xDOJf4qKV_VVX7YS31QUAx,"Just as good as the free version and for $0.99 no adds, that's a deal!",5,3,1.5.0,2019-08-31 06:22:19,,
gp:AOqpTOEX6M9HnaAlndpzDrseD_TDCe0KRhQpvySpK0odKgkcaBd1zi0-g93I0oSe8kMsdc8NtSumWA1tPMuT2g,Taiwo KAZEEM,https://play-lh.googleusercontent.com/a-/AOh14Ghfh068cqgJrReJ1Xp0wDOQn-TE8BQ4F9RS7BmmOw,"Bought the pro, but the app did not capture all the songs in my music gallery only few MP3 songs captured.",1,24,1.5.0,2019-08-26 10:35:19,,
gp:AOqpTOFoyWGWN_pVQzqFaaNYka9zP4w1rNbTy_PfnFfqTtRrHZdoAHeOzBPAq3QwQHMGBWYz9h7RiN4jtrVzVw,Yechiel Aronovich,https://play-lh.googleusercontent.com/-K4F2CumbPdo/AAAAAAAAAAI/AAAAAAAAAAA/AMZuuckXBx5hT_cH7wgvIoTtU9LIRLISsw/photo.jpg,very simple app. no zoom on time line.,5,1,1.4.8,2019-08-19 01:49:22,,
gp:AOqpTOEYv_Ej3GfwPPCzkGjw-xISa2XaCYk_Jx8Vg40DLpBmE9tF1Qz-qLrN2dvq-hMxe-E-f3pzhVsolzy2JQ,MSyazani BZulkafli,https://play-lh.googleusercontent.com/a-/AOh14GhfF57wGEGf5EJlEMaWfzNPiewTBqwy6a9gT_yH9g,the best,5,0,1.4.8,2019-08-19 01:40:27,,
gp:AOqpTOFrZxF0nNPMsP33_LHo2G2mvhIXCN8rSNvbe4tmkkbLAsRz4p6WFk7FJV6EykBw1b8BVuUZeqVIkHe56Q,Matthew Brunelle,https://play-lh.googleusercontent.com/a-/AOh14GhUEZloIIFClburm0c2ETam49XJ17nDkUdXYyDjL7s,Garbage app. Allows you to trim audio but then you can't find the files in the folder it tells they're in. Wish I could get a refund.,1,1,1.4.8,2019-08-15 10:10:53,,
gp:AOqpTOFZF1zpHBxCSf5mHvHvEiBUu0dX3Uqcao39RwCmqQddHr7vyoJg3kr0b51cVFjmL90LxMQbmUaRYhdgMA,arief agung pribowo,https://play-lh.googleusercontent.com/a-/AOh14GgS3ocniY0XKrDDFE12UyV_Gx-eD6fhrFCgjN3U,nice an app,5,0,1.4.8,2019-08-14 16:23:41,,
gp:AOqpTOFFVffIwzgzcN40loFkUMB5g23iWAIb8N2jlbepF9letJazezKkauY36lv7ft2_06GWjAA9c4_zbXI22A,Joshua Conder,https://play-lh.googleusercontent.com/a-/AOh14GjG6xqA5aj0NWt0qJdH9Vkm3nD-m1Lk7DVOL82BUFo,"This is probably the best music editor I've used on android so far, it has a simple and easy to use GUI but it's also very powerful in terms of how the editor itself functions. I highly recommend this app to anyone who wants to do music editing on Android!",5,6,1.4.8,2019-08-11 20:12:58,,
gp:AOqpTOFf22nra68GYhmdF8wVP1jUMORMtlQoiZCKuMZabRdB0AGTDu71-GgrRgR7qNraEj1I-vUU5C_p62WMug,Gie Hayes,https://play-lh.googleusercontent.com/-I8Xy2oK_98o/AAAAAAAAAAI/AAAAAAAAAAA/AMZuucnCj8c7mKqAVVrbdg4Zr3GlpHcRZw/photo.jpg,got the pro version because it's good.,5,1,1.4.8,2019-08-11 09:07:48,,
gp:AOqpTOENPq8tLC1g8Fl9J4XnPlqpQNMu2MN4-kdLrNkJxhbOtY-tSWARX-VIrxDCUjqq7ta4UfPqeL2qfurnOw,Henry Lee,https://play-lh.googleusercontent.com/a-/AOh14Gg3CF_FjO3UkiTcunG1hVs98AH8jRww3FE0LA8c-Q,A Very Good Audio Editor & Grabber. May the only downside : it has no main feature -- Zoom -- a common and an important feature for an Audio Editor App. • The additional well-known and famous audio formats can surely make this App much better. • Thank You!,4,7,1.4.8,2019-08-09 03:45:10,,
gp:AOqpTOFSJFWbz33X1uJ5pF8GCkXCug2OUcFwqu31bj9y_bnJDrQsC6Zy0EkrW00njd0-grn1UxsFiMnml9bAdQ,Derek Crots,https://play-lh.googleusercontent.com/a-/AOh14Gie8v-Hq1QI179vxFfez9fsRVDAFHhMLtGhGbk5ww,Good,5,0,1.4.8,2019-08-03 01:14:10,,
gp:AOqpTOHJHb0b-Nz09bpk49tNqJE1UsfwxsZxUAq4v694M4EEcnogtNg1P8kCx2vQqxoLbcpf9aa9HWcpTAu3kQ,victor mulenga,https://play-lh.googleusercontent.com/a-/AOh14GgCFOalQptoppantE7Dv411NklbCBrCmIm8fJrAmw,reliable app,5,0,1.4.8,2019-07-30 00:17:58,,
gp:AOqpTOH_k_BSPARBNBHgMM0DL2zt-PLR2Uy-txlLfMu70bK-XC1fn6QBFkTbbZpKuGjFWZCqPALSEtjw5qlQow,Riki Lee Miller,https://play-lh.googleusercontent.com/a-/AOh14GhRpxwRQUb-k44IPj5S3Hh02RR6emIjjQr1FwfG,Excellent,5,0,1.4.2,2019-07-29 02:18:14,,
gp:AOqpTOEO5MtZhp-23ykQ8SLCdZXn1WDdPXfiMn6RMgr_ArJUdnSuouFhv01IPgv4NDzr_9jlGEDqJ15ckJCPUA,Reign Fire,https://play-lh.googleusercontent.com/a-/AOh14GiY0iQqknNlnpucAnUcjY_zXnMDdldzSmh0jueg1A,"great app,even purchased pro, but why must I keep going to store to use that?! shouldn't it be pro from opening, or you'd think.. anyways great app, but can you help me resolve this issue thanks much!",5,2,1.4.2,2019-07-16 10:30:14,,
gp:AOqpTOFy51QqyJKUkdvlwFIs3Pj_VXTFPpHQIPtOhU2QORBGmJc4EGuLEKFHZkE8LpqZJQI_ozR434FDw3Sg0g,OPIYO Man of God,https://play-lh.googleusercontent.com/a-/AOh14Gh_pJ0hdDd08LutwEnYetAaNXi25q7lFE6IcEnZwQ,Very nice,5,0,1.3.8,2019-07-12 15:38:55,,
gp:AOqpTOGXtuoqRC1znWf2iCgn3hiscJmGGOddAFft47zwgSnye8zzo6Tx27lBTFTNvBD2Bl4BbiXkx8kWh8WqQg,Ardavan Razmara,https://play-lh.googleusercontent.com/a-/AOh14GiWymNLhEbLFhuLYtz_QOxGBdJZw9JxnOptNtkp_9M,There is no search!! You have to find the music you want to edit one by one!!!!!,3,3,1.3.8,2019-07-12 12:40:26,,
gp:AOqpTOGbPKVxAs109Ah9FN07QmJ2gP5ar-qTgUdWxBaErTShV-qUMmboz_csTGpn8PVj5l82DTwisfIyMYCUqw,Durward D Jones,https://play-lh.googleusercontent.com/a-/AOh14Gh3wom2q8vFtUXl92BRRaP1quz0xILddkaRoT67,"Seemed to work ok, had to figure it out a bit. But the biggest deal killers is the saved files are unreadable.",1,1,,2019-07-04 20:17:29,,
gp:AOqpTOGKmU4n54oGINWBXxeA92_Dk8U7NVB4riXC4A68yc-CjMvegLkw2JS8yhhPDQKlmCCEPpmUj_rXVm0U8w,Arnold van Tongeren,https://play-lh.googleusercontent.com/-1PiEbCzEWxU/AAAAAAAAAAI/AAAAAAAAAAA/AMZuuclZi5oFAnmiqnIjtGnDvNqkgtBIhw/photo.jpg,"Excellent software! For easy editing of sound files, with a clear interface and enough extra options that make it worth paying for!",5,9,1.3.8,2019-06-25 00:41:06,,
gp:AOqpTOEqxqzdr3plHBrPIQzyt3RIrR1qkV-sIX3IhcdqKhqrS0ltsfL3t_hgm4Jhw3J32hcKYV9uGdzYLwmT7w,Corne Hattingh,https://play-lh.googleusercontent.com/a-/AOh14Gj8GtKzKVG7CA2QO_ByUb_fnRP8Y4CeozKH0q45,Simplistic and easy to use,5,2,1.3.6,2019-06-18 17:36:54,,
gp:AOqpTOHeDNLhwrkrEhJaDwb8YwImzvt-uwMTI4qU9FSDDXixW6CVVKoqkLaZg39WHPJA5GSQTWQmzbU7RFlGqQ,بوديمن عبدالرحمن اتو عبدالرحيم,https://play-lh.googleusercontent.com/-HkVc_AK_vkA/AAAAAAAAAAI/AAAAAAAAAAA/AMZuuckBU2k1u3QaCblKd2yMLvOTNqpeHw/photo.jpg,Nice apps & need to explore more.,5,3,1.3.6,2019-06-16 23:47:03,,
gp:AOqpTOGo70RjzmJHUgjfe6Vn8KAr3SNt_rM2kPKxj14RWI2eMgFuoST-_RhyQJ9QEwzjGVjJcaV_JKyW7sBNTA,bradley lemen,https://play-lh.googleusercontent.com/a-/AOh14Ggp3hFRF0CwVcpq6TsVr2yfJFrwel0XP7s0rQrvAw,great app,5,0,1.3.6,2019-06-13 17:04:05,,
gp:AOqpTOH1a5fjd31lb0aPpar7nqO3HaGsA7TDHCK5DPjeY36M8Q9yEjoSLr84sQ6Yqz7_dkbzWpMaIGnwb183wQ,Widdyo Kusyanuarto,https://play-lh.googleusercontent.com/a-/AOh14GhUmPz6jfqaNs2egmPRK2IdSjGtvPLUhJe398-pXLs,greatttttt,5,1,1.3.6,2019-06-11 18:33:37,,
gp:AOqpTOHTCKaE7cPJWF1YcHLU_Ax33jrn3AnZlQ4_3SIvHAtbJ0JtVC86ufsholqO0wZ42jcelxUMNd3noZ-MAA,James Daws,https://play-lh.googleusercontent.com/a-/AOh14Gh-_xN6Ckl01mYrtIO6BnBaFb8ESSTXbk760esdfg,"For a rudimentary audio editor on your phone, this app will do the job.",3,2,1.3.6,2019-06-11 06:15:03,,
gp:AOqpTOEFoqC9KL6nyo1r-edFKdtfCoAYbVo2m3qhjIGoiie77k9lcQei7XEFkS2_J5cQVxRyBp6VcpjacIr6Gg,latif abdalla,https://play-lh.googleusercontent.com/a-/AOh14GgDEouZp61KICol8OxrQbrsEnJOZvor7J0SMtP26g,Great,5,0,1.3.6,2019-06-04 10:01:56,,
gp:AOqpTOFo9UJIqKt_Szpm4V3OVc1MlU2X9wxEoGcGNPpT2Vs6me9W2j1Y9M06WEUYORi-a0CRByYwPKJAk0Tg2A,Jai Miguel Quick,https://play-lh.googleusercontent.com/a-/AOh14Gg4I5cKHB5wK_E2s9P3FRivPv8oF8WiINcKzShhOg,very useful to adapt learning app.,5,4,1.3.2,2019-05-24 14:39:38,,
gp:AOqpTOHaLdMeF12A_-Gl0tRXQyd-U6dfFSiLtkWH5psPHxi7c1gicsJ4yw5G1s7gD0cJTUAQSLtU86oTAfr4iw,Natasha Auditia,https://play-lh.googleusercontent.com/a-/AOh14Gio4Et7rl84meGV8evrDHvFgJBYx3U5nL1eCy97,"app is great and worth the payment. But uh, just a slight complain, maybe change or flip the logo color instead of putting bright red ""PRO"" on the side, gives me a lotta pet peeves. thanks :)",5,11,1.3.0,2019-05-17 07:06:11,,
gp:AOqpTOFNSH78gu3C1qPfYCgPJj11C63O3JBUkws4EHDbGlKT4ICbJcrjZrsRqsAoMk_qPGrIDvvtXNo-oY68dA,Raghu Subramaniam,https://play-lh.googleusercontent.com/a-/AOh14Gg-3I-VhrJ9t8IiUe4_2TuiWSc15Qgc2X7tI6JfBQ,Used it to edit a call quickly. Looks great.,5,1,1.3.0,2019-05-14 02:28:12,,
gp:AOqpTOFtnpz4eIZ4g4_zpJPWcVSm4c4kfjpZgMwkwyxNBJYvHUk1g2TyNDWn-5iuPObBIH-wGtxalQ3RwZ31pA,David Alden,https://play-lh.googleusercontent.com/a-/AOh14GhKWoP-5TIF_My5i6V_YjFldUuPUSxNpcnmuYJm9g,You'd think there would be a zoom in function to really get in and do some fine editing... nope.,1,2,,2019-05-08 10:26:02,,
gp:AOqpTOGBNfUKgYqfnO7_QtSH3kOkHmZOIXcY_ZIArtxBuOdL5bSseXL-UFP6phPcS2z3fgEw9RZ8UJJJKQN2lg,Richard Schwaner,https://play-lh.googleusercontent.com/a-/AOh14Gi31_5HCrZaBPbNAnm3DCE8afeZjy5AdS0RWZwX7g,it is great,5,0,1.3.0,2019-05-07 20:13:41,,
gp:AOqpTOFinW9TrQWOC1ZqL516YR3mZxEoDDWj0WBbXHuHDKKM37OL3bjSB_wNr5vazXdUzfcpS8L707NL_VaWpg,Vanessa Collins,https://play-lh.googleusercontent.com/-WQexb25K-rc/AAAAAAAAAAI/AAAAAAAAMtA/AMZuucmucXdMUkuaqG9nU80xaH0_EPYBwg/photo.jpg,Just wanted a simple ad free audio editor that could trim certain ringtones. Excellent app and easy to use!,5,3,1.2.8,2019-04-26 15:41:19,,
gp:AOqpTOEg6RoVJsvEb0Pnc1pNX3RRfUWsBXPvO_E3ze3RUnO-HdA-QrrSLvhYIIyDs4VQ2tG4-g4YqEWc74jhBQ,Jony Adriant,https://play-lh.googleusercontent.com/a-/AOh14Ggrq7nLXG8Ka6iRBjs5CiV8sc1HYslJ2gJTubck6g,good app,5,0,1.2.8,2019-04-20 07:37:46,,
gp:AOqpTOGdYtxQCB4PhMV7RdrMwnwbDQQJiZRxMTApUXI4mR9uPoPh7Wv3VyeLU6_dQIAGS3LqMG4SBbZhGl3xSw,Marcel Dumeny,https://play-lh.googleusercontent.com/a-/AOh14GhKYkhoPPRZGFHw_AkWOtqCjwkPAsPQijLCp6xQ54E,"Great app, free version is great, but this app without ADs & more importantly who ever made this deserves $0.99",5,3,1.2.8,2019-04-19 21:07:26,,
gp:AOqpTOGvyBQF6jIHCjQlnEKMCWZE-zRC7svR3eb-4TPbMIKwihdOaYfiJvqBJOokPrdSpf6XX2_6HVclIV4SFg,Edwin Ngwane,https://play-lh.googleusercontent.com/a-/AOh14GhRarOmIjQhUTPNLiTfV3oFNXtzScrFmBFv9CjY_g,Great....,5,1,1.2.8,2019-04-19 12:35:55,,
gp:AOqpTOHnnMY0YmtOUYQvkCY5H_jFBHxhQXWTwDz4tu5YR8dh8yRSItb3e07Y6mKCuJrfzh_acYlS9iZjTzF0yw,MA Augoustides,https://play-lh.googleusercontent.com/-CZGWPa7Z3SY/AAAAAAAAAAI/AAAAAAAAAAA/AMZuucmd44rOYqvb3RWkK3fg5mrbUg99nQ/photo.jpg,Super Awesome App,5,0,1.2.8,2019-04-18 10:27:25,,
gp:AOqpTOHq5P4UdjT4TWd67gZ1qF5BAMNBHmkzIP8qqcdQj1AHjPZ9U336mvzIKxU-IMqQY2R2Z3LedrHo2_5AOA,leonon mytoof,https://play-lh.googleusercontent.com/-TC9H4ixosWU/AAAAAAAAAAI/AAAAAAAAAAA/AMZuucnljCkxtFJqMSNQ4iBoA7XfBSlfow/photo.jpg,cool,5,0,1.2.8,2019-04-11 05:47:32,,
gp:AOqpTOG-vwPBGgHgNPEhJLmHkq9DhxXkMYX4u2V2iOmxa-A975WZoE5TKClW-0oa2DQ-Cgp8lg9eAj6E5YRapQ,james o,https://play-lh.googleusercontent.com/a-/AOh14Gh-SY6DbrDHwpxrKnqybzhBxBwn38iX9D4rzt03KHM,THANK U,5,0,1.2.8,2019-04-10 16:12:34,,
gp:AOqpTOGdZEAt0XcgaPCDKKRfRHK8k7ohcNhyXTfhtdhgLoS3Z1-I9XoMmX6OaeoUyd9JBjEUUMJheqcrfKJZdA,A Google user,https://play-lh.googleusercontent.com/EGemoI2NTXmTsBVtJqk8jxF9rh8ApRWfsIMQSt2uE4OcpQqbFu7f7NbTK05lx80nuSijCz7sc3a277R67g,great app for creating your own music,5,1,1.0.8,2019-03-22 09:45:48,,
gp:AOqpTOFJIOG6gAP_xDE33651pbcEpZ9VqRNMHPcN2k_IjoCootcuG79XjPCzJEkHwTKBV_6Dw0ETduf63_4NFA,Lillian Morrill,https://play-lh.googleusercontent.com/-pnkZj4WKDa0/AAAAAAAAAAI/AAAAAAAAAAA/AMZuucmHjMYax0IMmeMoW0VSNBHUGJfBSg/photo.jpg,Seems to do what I need but its not saving edited tracks. Keeps giving error. I am able to save in the free version but annoyed by the ads when I upgraded. Please fix.,3,5,1.0.8,2019-03-22 01:13:22,,
gp:AOqpTOF3ZzgoDX3p4SWXqaFzTpRQyuEvFocmeGBMdEOOiYhVaZpHISuGehxh6I7YAdG6RSsqYOBPUPZDEC-SRQ,Carlos Silva,https://play-lh.googleusercontent.com/a-/AOh14GgmbKxl2T6u-HTw2syvOUPkRMB3n5TQR44O2chGIg,👌🏻,5,0,1.0.8,2019-03-14 08:55:59,,
gp:AOqpTOFKuSCImiHShv1jKRblPD5wqyRSt2o2DRYtKsO8tTBsoaVafRxQ2iakPAkR_wymYwBxK-IC2fHkzpqcFA,Leo Sihombing,https://play-lh.googleusercontent.com/-Uzk-jo2gEww/AAAAAAAAAAI/AAAAAAAAAAA/AMZuucm9sn-ETsgdh2pWvAXg6j_puYPMjQ/photo.jpg,nice app. thanks,4,0,1.0.8,2019-03-09 12:00:19,,
gp:AOqpTOH3Jj7Nf-xwMlb-wereNnAfUh9ewTIG-1ezW5DzgKp902yHlisST5QAsakCWfwwMwJNDD4W_LSQ_Y5RfQ,Chris Mosses,https://play-lh.googleusercontent.com/a-/AOh14GhTrdJanABezYSoPZ4AJVGFe4KXlSnlNPqjxEpA,"Needs to have a zoom out function, and/or be able to enter a time mark for my purposes. Otherwise great!",4,5,1.0.8,2019-03-08 03:41:38,,
gp:AOqpTOGGUltdEfhAQ8Jw2bB7MZtrs895AMS6WUi_niCQIfW-rocfT3hID8NMqhqy4bvFUVTaIznnDt5McmAHaQ,Robert Kingi,https://play-lh.googleusercontent.com/a-/AOh14GiyYu5It0WF1Shu2fbHqy-GLZOXbYC702_DrMExLmc,Seems good so far.,5,0,1.0.8,2019-03-04 10:53:50,,
gp:AOqpTOGpP1rNW7p8m_JCu8AolNIsTvm3pWkx1ojO27ll7yNOkjKVPZZCkBQoTyvq6T9pHjEjCMKzKp6yAT6ytg,Daniel Boulter,https://play-lh.googleusercontent.com/a-/AOh14GjDu8-76aETRPmK8JIxutd4hJuRcTPPuPuUG8DCoA,"Exactly what I needed! Don't bother with the free options, adds are the devil. App does the lot. could you add a loop function when you are cutting an audio file? :)",5,5,1.0.8,2019-03-02 14:27:18,,
